t,mode,px,py,pz,ref_px,ref_py,ref_pz,pos_error,yaw,eso_x,eso_y,eso_z,eso_vx,eso_vy,eso_vz,eso_roll,eso_pitch,eso_yaw,dist_x,dist_y,dist_z,imu_roll,imu_pitch,m1,m2,m3,m4,pid1,pid2,pid3,pid4,eso1,eso2,eso3,eso4
0.016,HOVER,0.0000,0.0000,0.0168,0.0000,0.0000,0.5000,0.4832,0.0000,-0.0000,0.0000,0.0162,-0.0000,0.0000,0.0002,-0.0000,-0.0000,-0.0000,-0.0000,0.0000,0.0001,0.0000,0.0000,467.6,467.6,467.6,467.6,467.6,467.6,467.6,467.6,-0.00,-0.00,-0.00,-0.00
0.024,HOVER,0.0000,0.0000,0.0174,0.0000,0.0000,0.5000,0.4826,0.0000,-0.0000,0.0000,0.0165,-0.0000,0.0000,0.0005,-0.0000,-0.0000,-0.0000,-0.0000,0.0000,0.0002,0.0000,0.0000,44.3,44.3,44.3,44.3,44.3,44.3,44.3,44.3,-0.00,-0.00,-0.00,-0.00
0.032,HOVER,0.0000,0.0000,0.0179,0.0000,0.0000,0.5000,0.4821,0.0000,-0.0000,0.0000,0.0169,-0.0000,0.0000,0.0009,-0.0000,-0.0000,-0.0000,-0.0000,0.0000,0.0003,0.0000,0.0000,44.4,44.4,44.4,44.4,44.4,44.4,44.4,44.4,-0.00,-0.00,-0.00,-0.00
0.040,HOVER,0.0000,0.0000,0.0184,0.0000,0.0000,0.5000,0.4816,0.0000,-0.0000,0.0000,0.0172,-0.0000,0.0000,0.0013,-0.0000,-0.0000,-0.0000,-0.0000,0.0000,0.0004,0.0000,0.0000,44.5,44.5,44.5,44.5,44.5,44.5,44.5,44.5,-0.00,-0.00,-0.00,-0.00
0.048,HOVER,0.0000,0.0000,0.0187,0.0000,0.0000,0.5000,0.4813,0.0000,-0.0000,0.0000,0.0176,-0.0000,0.0000,0.0017,-0.0000,-0.0000,-0.0000,0.0000,-0.0000,0.0005,0.0000,0.0000,44.5,44.5,44.5,44.5,44.5,44.5,44.5,44.5,-0.00,-0.00,-0.00,-0.00
0.056,HOVER,0.0000,0.0000,0.0189,0.0000,0.0000,0.5000,0.4811,0.0000,-0.0000,0.0000,0.0179,-0.0000,0.0000,0.0021,-0.0000,-0.0000,-0.0000,0.0000,-0.0000,0.0006,0.0000,0.0000,44.6,44.6,44.6,44.6,44.6,44.6,44.6,44.6,-0.00,-0.00,-0.00,-0.00
0.064,HOVER,0.0000,0.0000,0.0192,0.0000,0.0000,0.5000,0.4808,0.0000,-0.0000,0.0000,0.0183,-0.0000,0.0000,0.0024,-0.0000,-0.0000,-0.0000,0.0000,-0.0000,0.0007,0.0000,0.0000,44.6,44.6,44.6,44.6,44.6,44.6,44.6,44.6,-0.00,-0.00,-0.00,-0.00
0.072,HOVER,0.0000,0.0000,0.0193,0.0000,0.0000,0.5000,0.4807,0.0000,-0.0000,0.0000,0.0185,-0.0000,0.0000,0.0027,-0.0000,-0.0000,-0.0000,0.0000,-0.0000,0.0008,0.0000,0.0000,44.7,44.7,44.7,44.7,44.7,44.7,44.7,44.7,-0.00,-0.00,-0.00,-0.00
0.080,HOVER,0.0000,0.0000,0.0195,0.0000,0.0000,0.5000,0.4805,0.0000,-0.0000,0.0000,0.0188,-0.0000,0.0000,0.0029,-0.0000,-0.0000,-0.0000,0.0000,-0.0000,0.0009,0.0000,0.0000,44.7,44.7,44.7,44.7,44.7,44.7,44.7,44.7,-0.00,-0.00,-0.00,-0.00
0.088,HOVER,0.0000,0.0000,0.0196,0.0000,0.0000,0.5000,0.4804,0.0000,-0.0000,0.0000,0.0190,-0.0000,0.0000,0.0031,-0.0000,-0.0000,-0.0000,0.0000,-0.0000,0.0009,0.0000,0.0000,44.7,44.7,44.7,44.7,44.7,44.7,44.7,44.7,-0.00,-0.00,-0.00,-0.00
0.096,HOVER,0.0000,0.0000,0.0196,0.0000,0.0000,0.5000,0.4804,0.0000,-0.0000,0.0000,0.0192,-0.0000,0.0000,0.0033,-0.0000,-0.0000,-0.0000,0.0000,-0.0000,0.0010,0.0000,0.0000,44.8,44.8,44.8,44.8,44.8,44.8,44.8,44.8,-0.00,-0.00,-0.00,-0.00
0.104,HOVER,0.0000,0.0000,0.0197,0.0000,0.0000,0.5000,0.4803,0.0000,-0.0000,0.0000,0.0193,-0.0000,0.0000,0.0034,-0.0000,-0.0000,-0.0000,0.0000,-0.0000,0.0010,0.0000,0.0000,44.8,44.8,44.8,44.8,44.8,44.8,44.8,44.8,-0.00,-0.00,-0.00,-0.00
0.112,HOVER,0.0000,0.0000,0.0198,0.0000,0.0000,0.5000,0.4802,0.0000,-0.0000,0.0000,0.0195,-0.0000,0.0000,0.0035,-0.0000,-0.0000,-0.0000,0.0000,-0.0000,0.0011,0.0000,0.0000,44.8,44.8,44.8,44.8,44.8,44.8,44.8,44.8,-0.00,-0.00,-0.00,-0.00
0.120,HOVER,0.0000,0.0000,0.0198,0.0000,0.0000,0.5000,0.4802,0.0000,-0.0000,0.0000,0.0196,-0.0000,0.0000,0.0036,-0.0000,-0.0000,-0.0000,0.0000,-0.0000,0.0011,0.0000,0.0000,44.8,44.8,44.8,44.8,44.8,44.8,44.8,44.8,-0.00,-0.00,-0.00,-0.00
0.128,HOVER,0.0000,0.0000,0.0198,0.0000,0.0000,0.5000,0.4802,0.0000,-0.0000,0.0000,0.0197,-0.0000,0.0000,0.0037,-0.0000,-0.0000,-0.0000,0.0000,-0.0000,0.0011,0.0000,0.0000,44.8,44.8,44.8,44.8,44.8,44.8,44.8,44.8,-0.00,-0.00,-0.00,-0.00
0.136,HOVER,0.0000,0.0000,0.0199,0.0000,0.0000,0.5000,0.4801,0.0000,-0.0000,0.0000,0.0197,-0.0000,0.0000,0.0038,-0.0000,-0.0000,-0.0000,0.0000,-0.0000,0.0011,0.0000,0.0000,44.8,44.8,44.8,44.8,44.8,44.8,44.8,44.8,-0.00,-0.00,-0.00,-0.00
0.144,HOVER,0.0000,0.0000,0.0199,0.0000,0.0000,0.5000,0.4801,0.0000,-0.0000,0.0000,0.0198,-0.0000,0.0000,0.0038,-0.0000,-0.0000,-0.0000,0.0000,-0.0000,0.0011,0.0000,0.0000,44.8,44.8,44.8,44.8,44.8,44.8,44.8,44.8,-0.00,-0.00,-0.00,-0.00
0.152,HOVER,0.0000,0.0000,0.0199,0.0000,0.0000,0.5000,0.4801,0.0000,-0.0000,0.0000,0.0199,-0.0000,0.0000,0.0039,-0.0000,-0.0000,-0.0000,0.0000,-0.0000,0.0011,0.0000,0.0000,44.8,44.8,44.8,44.8,44.8,44.8,44.8,44.8,-0.00,-0.00,-0.00,-0.00
0.160,HOVER,0.0000,0.0000,0.0199,0.0000,0.0000,0.5000,0.4801,0.0000,-0.0000,0.0000,0.0199,-0.0000,0.0000,0.0039,-0.0000,-0.0000,-0.0000,0.0000,-0.0000,0.0011,0.0000,0.0000,44.8,44.8,44.8,44.8,44.8,44.8,44.8,44.8,-0.00,-0.00,-0.00,-0.00
0.168,HOVER,0.0000,0.0000,0.0199,0.0000,0.0000,0.5000,0.4801,0.0000,-0.0000,0.0000,0.0199,-0.0000,0.0000,0.0039,-0.0000,-0.0000,-0.0000,0.0000,-0.0000,0.0011,0.0000,0.0000,44.8,44.8,44.8,44.8,44.8,44.8,44.8,44.8,-0.00,-0.00,-0.00,-0.00
0.176,HOVER,0.0000,0.0000,0.0200,0.0000,0.0000,0.5000,0.4800,0.0000,-0.0000,0.0000,0.0200,-0.0000,0.0000,0.0039,-0.0000,-0.0000,-0.0000,0.0000,-0.0000,0.0011,0.0000,0.0000,44.8,44.8,44.8,44.8,44.8,44.8,44.8,44.8,-0.00,-0.00,-0.00,-0.00
0.184,HOVER,0.0000,0.0000,0.0200,0.0000,0.0000,0.5000,0.4800,0.0000,-0.0000,0.0000,0.0200,-0.0000,0.0000,0.0039,-0.0000,-0.0000,-0.0000,0.0000,-0.0000,0.0011,0.0000,0.0000,44.9,44.9,44.9,44.9,44.9,44.9,44.9,44.9,-0.00,-0.00,-0.00,-0.00
0.192,HOVER,0.0000,0.0000,0.0200,0.0000,0.0000,0.5000,0.4800,0.0000,-0.0000,0.0000,0.0200,-0.0000,0.0000,0.0039,-0.0000,-0.0000,-0.0000,0.0000,-0.0000,0.0011,0.0000,0.0000,44.9,44.9,44.9,44.9,44.9,44.9,44.9,44.9,-0.00,-0.00,-0.00,-0.00
0.200,HOVER,0.0000,0.0000,0.0200,0.0000,0.0000,0.5000,0.4800,0.0000,-0.0000,0.0000,0.0200,-0.0000,0.0000,0.0039,-0.0000,-0.0000,-0.0000,0.0000,-0.0000,0.0011,0.0000,0.0000,44.9,44.9,44.9,44.9,44.9,44.9,44.9,44.9,-0.00,-0.00,-0.00,-0.00
0.208,HOVER,0.0000,0.0000,0.0200,0.0000,0.0000,0.5000,0.4800,0.0000,-0.0000,0.0000,0.0200,-0.0000,0.0000,0.0039,0.0000,0.0000,-0.0000,0.0000,-0.0000,0.0011,0.0000,0.0000,44.9,44.9,44.9,44.9,44.9,44.9,44.9,44.9,-0.00,-0.00,-0.00,-0.00
0.216,HOVER,0.0000,0.0000,0.0200,0.0000,0.0000,0.5000,0.4800,0.0000,-0.0000,0.0000,0.0200,-0.0000,0.0000,0.0039,0.0000,0.0000,-0.0000,0.0000,-0.0000,0.0011,0.0000,0.0000,44.9,44.9,44.9,44.9,44.9,44.9,44.9,44.9,-0.00,-0.00,-0.00,-0.00
0.224,HOVER,0.0000,0.0000,0.0200,0.0000,0.0000,0.5000,0.4800,0.0000,-0.0000,0.0000,0.0200,-0.0000,0.0000,0.0038,0.0000,0.0000,-0.0000,0.0000,-0.0000,0.0011,0.0000,0.0000,44.9,44.9,44.9,44.9,44.9,44.9,44.9,44.9,-0.00,-0.00,-0.00,-0.00
0.232,HOVER,0.0000,0.0000,0.0200,0.0000,0.0000,0.5000,0.4800,0.0000,-0.0000,0.0000,0.0201,-0.0000,0.0000,0.0038,0.0000,0.0000,-0.0000,0.0000,-0.0000,0.0011,0.0000,0.0000,44.9,44.9,44.9,44.9,44.9,44.9,44.9,44.9,-0.00,-0.00,-0.00,-0.00
0.240,HOVER,0.0000,0.0000,0.0200,0.0000,0.0000,0.5000,0.4800,0.0000,-0.0000,0.0000,0.0201,-0.0000,0.0000,0.0038,0.0000,0.0000,-0.0000,0.0000,-0.0000,0.0011,0.0000,0.0000,44.9,44.9,44.9,44.9,44.9,44.9,44.9,44.9,-0.00,-0.00,-0.00,-0.00
0.248,HOVER,0.0000,0.0000,0.0200,0.0000,0.0000,0.5000,0.4800,0.0000,-0.0000,0.0000,0.0201,-0.0000,0.0000,0.0038,0.0000,0.0000,-0.0000,0.0000,-0.0000,0.0011,0.0000,0.0000,44.9,44.9,44.9,44.9,44.9,44.9,44.9,44.9,-0.00,-0.00,-0.00,-0.00
0.256,HOVER,0.0000,0.0000,0.0200,0.0000,0.0000,0.5000,0.4800,0.0000,-0.0000,0.0000,0.0201,-0.0000,0.0000,0.0038,0.0000,0.0000,-0.0000,0.0000,-0.0000,0.0011,0.0000,0.0000,44.9,44.9,44.9,44.9,44.9,44.9,44.9,44.9,-0.00,-0.00,-0.00,-0.00
0.264,HOVER,0.0000,0.0000,0.0200,0.0000,0.0000,0.5000,0.4800,0.0000,-0.0000,0.0000,0.0201,-0.0000,0.0000,0.0037,0.0000,0.0000,-0.0000,0.0000,-0.0000,0.0011,0.0000,0.0000,44.9,44.9,44.9,44.9,44.9,44.9,44.9,44.9,-0.00,-0.00,-0.00,-0.00
0.272,HOVER,0.0000,0.0000,0.0200,0.0000,0.0000,0.5000,0.4800,0.0000,-0.0000,0.0000,0.0201,-0.0000,0.0000,0.0037,0.0000,0.0000,-0.0000,0.0000,-0.0000,0.0011,0.0000,0.0000,44.9,44.9,44.9,44.9,44.9,44.9,44.9,44.9,-0.00,-0.00,-0.00,-0.00
0.280,HOVER,0.0000,0.0000,0.0200,0.0000,0.0000,0.5000,0.4800,0.0000,-0.0000,0.0000,0.0201,-0.0000,0.0000,0.0037,0.0000,0.0000,-0.0000,0.0000,-0.0000,0.0010,0.0000,0.0000,44.9,44.9,44.9,44.9,44.9,44.9,44.9,44.9,-0.00,-0.00,-0.00,-0.00
0.288,HOVER,0.0000,0.0000,0.0200,0.0000,0.0000,0.5000,0.4800,0.0000,-0.0000,0.0000,0.0201,-0.0000,0.0000,0.0037,0.0000,0.0000,-0.0000,0.0000,-0.0000,0.0010,0.0000,0.0000,44.9,44.9,44.9,44.9,44.9,44.9,44.9,44.9,-0.00,-0.00,-0.00,-0.00
0.296,HOVER,0.0000,0.0000,0.0200,0.0000,0.0000,0.5000,0.4800,0.0000,-0.0000,0.0000,0.0201,-0.0000,0.0000,0.0037,0.0000,0.0000,-0.0000,0.0000,-0.0000,0.0010,0.0000,0.0000,44.9,44.9,44.9,44.9,44.9,44.9,44.9,44.9,-0.00,-0.00,-0.00,-0.00
0.304,HOVER,0.0000,0.0000,0.0200,0.0000,0.0000,0.5000,0.4800,0.0000,-0.0000,0.0000,0.0201,-0.0000,0.0000,0.0036,0.0000,0.0000,-0.0000,0.0000,-0.0000,0.0010,0.0000,0.0000,44.9,44.9,44.9,44.9,44.9,44.9,44.9,44.9,-0.00,-0.00,-0.00,-0.00
0.312,HOVER,0.0000,0.0000,0.0200,0.0000,0.0000,0.5000,0.4800,0.0000,-0.0000,0.0000,0.0201,-0.0000,0.0000,0.0036,0.0000,0.0000,-0.0000,0.0000,-0.0000,0.0010,0.0000,0.0000,44.9,44.9,44.9,44.9,44.9,44.9,44.9,44.9,-0.00,-0.00,-0.00,-0.00
0.320,HOVER,0.0000,0.0000,0.0200,0.0000,0.0000,0.5000,0.4800,0.0000,-0.0000,0.0000,0.0201,-0.0000,0.0000,0.0036,0.0000,0.0000,-0.0000,0.0000,-0.0000,0.0010,0.0000,0.0000,44.9,44.9,44.9,44.9,44.9,44.9,44.9,44.9,-0.00,-0.00,-0.00,-0.00
0.328,HOVER,0.0000,0.0000,0.0200,0.0000,0.0000,0.5000,0.4800,0.0000,-0.0000,0.0000,0.0201,-0.0000,0.0000,0.0036,0.0000,0.0000,-0.0000,0.0000,-0.0000,0.0010,0.0000,0.0000,44.9,44.9,44.9,44.9,44.9,44.9,44.9,44.9,-0.00,-0.00,-0.00,-0.00
0.336,HOVER,0.0000,0.0000,0.0200,0.0000,0.0000,0.5000,0.4800,0.0000,-0.0000,0.0000,0.0201,-0.0000,0.0000,0.0035,0.0000,0.0000,-0.0000,0.0000,-0.0000,0.0010,0.0000,0.0000,44.9,44.9,44.9,44.9,44.9,44.9,44.9,44.9,-0.00,-0.00,-0.00,-0.00
0.344,HOVER,0.0000,0.0000,0.0200,0.0000,0.0000,0.5000,0.4800,0.0000,-0.0000,0.0000,0.0201,-0.0000,0.0000,0.0035,0.0000,0.0000,-0.0000,0.0000,-0.0000,0.0010,0.0000,0.0000,44.9,44.9,44.9,44.9,44.9,44.9,44.9,44.9,-0.00,-0.00,-0.00,-0.00
0.352,HOVER,0.0000,0.0000,0.0200,0.0000,0.0000,0.5000,0.4800,0.0000,-0.0000,0.0000,0.0201,-0.0000,0.0000,0.0035,0.0000,0.0000,-0.0000,0.0000,-0.0000,0.0010,0.0000,0.0000,44.9,44.9,44.9,44.9,44.9,44.9,44.9,44.9,-0.00,-0.00,-0.00,-0.00
0.360,HOVER,0.0000,0.0000,0.0200,0.0000,0.0000,0.5000,0.4800,0.0000,-0.0000,0.0000,0.0201,-0.0000,0.0000,0.0035,0.0000,0.0000,-0.0000,0.0000,-0.0000,0.0010,0.0000,0.0000,44.9,44.9,44.9,44.9,44.9,44.9,44.9,44.9,-0.00,-0.00,-0.00,-0.00
0.368,HOVER,0.0000,0.0000,0.0200,0.0000,0.0000,0.5000,0.4800,0.0000,-0.0000,0.0000,0.0201,-0.0000,0.0000,0.0035,0.0000,0.0000,-0.0000,0.0000,-0.0000,0.0009,0.0000,0.0000,44.9,44.9,44.9,44.9,44.9,44.9,44.9,44.9,-0.00,-0.00,-0.00,-0.00
0.376,HOVER,0.0000,0.0000,0.0200,0.0000,0.0000,0.5000,0.4800,0.0000,-0.0000,0.0000,0.0201,-0.0000,0.0000,0.0034,0.0000,0.0000,-0.0000,0.0000,-0.0000,0.0009,0.0000,0.0000,44.9,44.9,44.9,44.9,44.9,44.9,44.9,44.9,-0.00,-0.00,-0.00,-0.00
0.384,HOVER,0.0000,0.0000,0.0200,0.0000,0.0000,0.5000,0.4800,0.0000,-0.0000,0.0000,0.0201,-0.0000,0.0000,0.0034,0.0000,0.0000,-0.0000,0.0000,-0.0000,0.0009,0.0000,0.0000,44.9,44.9,44.9,44.9,44.9,44.9,44.9,44.9,-0.00,-0.00,-0.00,-0.00
0.392,HOVER,0.0000,0.0000,0.0200,0.0000,0.0000,0.5000,0.4800,0.0000,-0.0000,0.0000,0.0201,-0.0000,0.0000,0.0034,0.0000,0.0000,-0.0000,0.0000,-0.0000,0.0009,0.0000,0.0000,44.9,44.9,44.9,44.9,44.9,44.9,44.9,44.9,-0.00,-0.00,-0.00,-0.00
0.400,HOVER,0.0000,0.0000,0.0200,0.0000,0.0000,0.5000,0.4800,0.0000,-0.0000,0.0000,0.0201,-0.0000,0.0000,0.0034,0.0000,0.0000,-0.0000,0.0000,-0.0000,0.0009,0.0000,0.0000,44.9,44.9,44.9,44.9,44.9,44.9,44.9,44.9,-0.00,-0.00,-0.00,-0.00
0.408,HOVER,0.0000,0.0000,0.0200,0.0000,0.0000,0.5000,0.4800,0.0000,-0.0000,0.0000,0.0201,-0.0000,0.0000,0.0033,0.0000,0.0000,-0.0000,0.0000,-0.0000,0.0009,0.0000,0.0000,44.9,44.9,44.9,44.9,44.9,44.9,44.9,44.9,-0.00,-0.00,-0.00,-0.00
0.416,HOVER,0.0000,0.0000,0.0200,0.0000,0.0000,0.5000,0.4800,0.0000,-0.0000,0.0000,0.0201,-0.0000,0.0000,0.0033,0.0000,0.0000,-0.0000,0.0000,-0.0000,0.0009,0.0000,0.0000,44.9,44.9,44.9,44.9,44.9,44.9,44.9,44.9,-0.00,-0.00,-0.00,-0.00
0.424,HOVER,0.0000,0.0000,0.0200,0.0000,0.0000,0.5000,0.4800,0.0000,-0.0000,0.0000,0.0201,-0.0000,0.0000,0.0033,0.0000,0.0000,-0.0000,0.0000,-0.0000,0.0009,0.0000,0.0000,44.9,44.9,44.9,44.9,44.9,44.9,44.9,44.9,-0.00,-0.00,-0.00,-0.00
0.432,HOVER,0.0000,0.0000,0.0200,0.0000,0.0000,0.5000,0.4800,0.0000,-0.0000,0.0000,0.0201,-0.0000,0.0000,0.0033,0.0000,0.0000,-0.0000,0.0000,-0.0000,0.0009,0.0000,0.0000,44.9,44.9,44.9,44.9,44.9,44.9,44.9,44.9,-0.00,-0.00,-0.00,-0.00
0.440,HOVER,0.0000,0.0000,0.0200,0.0000,0.0000,0.5000,0.4800,0.0000,-0.0000,0.0000,0.0201,-0.0000,0.0000,0.0033,0.0000,0.0000,-0.0000,0.0000,-0.0000,0.0009,0.0000,0.0000,44.9,44.9,44.9,44.9,44.9,44.9,44.9,44.9,-0.00,-0.00,-0.00,-0.00
0.448,HOVER,0.0000,0.0000,0.0200,0.0000,0.0000,0.5000,0.4800,0.0000,-0.0000,0.0000,0.0201,-0.0000,0.0000,0.0032,0.0000,0.0000,-0.0000,0.0000,-0.0000,0.0009,0.0000,0.0000,44.9,44.9,44.9,44.9,44.9,44.9,44.9,44.9,-0.00,-0.00,-0.00,-0.00
0.456,HOVER,0.0000,0.0000,0.0200,0.0000,0.0000,0.5000,0.4800,0.0000,-0.0000,0.0000,0.0201,-0.0000,0.0000,0.0032,0.0000,0.0000,-0.0000,0.0000,-0.0000,0.0008,0.0000,0.0000,45.0,45.0,45.0,45.0,45.0,45.0,45.0,45.0,-0.00,-0.00,-0.00,-0.00
0.464,HOVER,0.0000,0.0000,0.0200,0.0000,0.0000,0.5000,0.4800,0.0000,-0.0000,0.0000,0.0201,-0.0000,0.0000,0.0032,0.0000,0.0000,-0.0000,0.0000,-0.0000,0.0008,0.0000,0.0000,45.0,45.0,45.0,45.0,45.0,45.0,45.0,45.0,-0.00,-0.00,-0.00,-0.00
0.472,HOVER,0.0000,0.0000,0.0200,0.0000,0.0000,0.5000,0.4800,0.0000,-0.0000,0.0000,0.0201,-0.0000,0.0000,0.0032,0.0000,0.0000,-0.0000,0.0000,-0.0000,0.0008,0.0000,0.0000,45.0,45.0,45.0,45.0,45.0,45.0,45.0,45.0,-0.00,-0.00,-0.00,-0.00
0.480,HOVER,0.0000,0.0000,0.0200,0.0000,0.0000,0.5000,0.4800,0.0000,-0.0000,0.0000,0.0201,-0.0000,0.0000,0.0032,0.0000,0.0000,-0.0000,0.0000,-0.0000,0.0008,0.0000,0.0000,45.0,45.0,45.0,45.0,45.0,45.0,45.0,45.0,-0.00,-0.00,-0.00,-0.00
0.488,HOVER,0.0000,0.0000,0.0200,0.0000,0.0000,0.5000,0.4800,0.0000,-0.0000,0.0000,0.0201,-0.0000,0.0000,0.0031,0.0000,0.0000,-0.0000,0.0000,-0.0000,0.0008,0.0000,0.0000,45.0,45.0,45.0,45.0,45.0,45.0,45.0,45.0,-0.00,-0.00,-0.00,-0.00
0.496,HOVER,0.0000,0.0000,0.0200,0.0000,0.0000,0.5000,0.4800,0.0000,-0.0000,0.0000,0.0201,-0.0000,0.0000,0.0031,0.0000,0.0000,-0.0000,0.0000,-0.0000,0.0008,0.0000,0.0000,45.0,45.0,45.0,45.0,45.0,45.0,45.0,45.0,-0.00,-0.00,-0.00,-0.00
0.504,HOVER,0.0000,0.0000,0.0200,0.0000,0.0000,0.5000,0.4800,0.0000,-0.0000,0.0000,0.0201,-0.0000,0.0000,0.0031,0.0000,0.0000,-0.0000,0.0000,-0.0000,0.0008,0.0000,0.0000,45.0,45.0,45.0,45.0,45.0,45.0,45.0,45.0,-0.00,-0.00,-0.00,-0.00
0.512,HOVER,0.0000,0.0000,0.0200,0.0000,0.0000,0.5000,0.4800,0.0000,-0.0000,0.0000,0.0201,-0.0000,0.0000,0.0031,0.0000,0.0000,-0.0000,0.0000,-0.0000,0.0008,0.0000,0.0000,45.0,45.0,45.0,45.0,45.0,45.0,45.0,45.0,-0.00,-0.00,-0.00,-0.00
0.520,HOVER,0.0000,0.0000,0.0200,0.0000,0.0000,0.5000,0.4800,0.0000,-0.0000,0.0000,0.0201,-0.0000,0.0000,0.0031,0.0000,0.0000,-0.0000,0.0000,-0.0000,0.0008,0.0000,0.0000,45.0,45.0,45.0,45.0,45.0,45.0,45.0,45.0,-0.00,-0.00,-0.00,-0.00
0.528,HOVER,0.0000,0.0000,0.0200,0.0000,0.0000,0.5000,0.4800,0.0000,-0.0000,0.0000,0.0201,-0.0000,0.0000,0.0030,0.0000,0.0000,-0.0000,0.0000,-0.0000,0.0008,0.0000,0.0000,45.0,45.0,45.0,45.0,45.0,45.0,45.0,45.0,-0.00,-0.00,-0.00,-0.00
0.536,HOVER,0.0000,0.0000,0.0200,0.0000,0.0000,0.5000,0.4800,0.0000,-0.0000,0.0000,0.0201,-0.0000,0.0000,0.0030,0.0000,0.0000,-0.0000,0.0000,-0.0000,0.0008,0.0000,0.0000,45.0,45.0,45.0,45.0,45.0,45.0,45.0,45.0,-0.00,-0.00,-0.00,-0.00
0.544,HOVER,0.0000,0.0000,0.0200,0.0000,0.0000,0.5000,0.4800,0.0000,-0.0000,0.0000,0.0201,-0.0000,0.0000,0.0030,0.0000,0.0000,-0.0000,0.0000,-0.0000,0.0008,0.0000,0.0000,45.0,45.0,45.0,45.0,45.0,45.0,45.0,45.0,-0.00,-0.00,-0.00,-0.00
0.552,HOVER,0.0000,0.0000,0.0200,0.0000,0.0000,0.5000,0.4800,0.0000,-0.0000,0.0000,0.0201,-0.0000,0.0000,0.0030,0.0000,0.0000,-0.0000,0.0000,-0.0000,0.0007,0.0000,0.0000,45.0,45.0,45.0,45.0,45.0,45.0,45.0,45.0,-0.00,-0.00,-0.00,-0.00
0.560,HOVER,0.0000,0.0000,0.0200,0.0000,0.0000,0.5000,0.4800,0.0000,-0.0000,0.0000,0.0201,-0.0000,0.0000,0.0030,0.0000,0.0000,-0.0000,0.0000,-0.0000,0.0007,0.0000,0.0000,45.0,45.0,45.0,45.0,45.0,45.0,45.0,45.0,-0.00,-0.00,-0.00,-0.00
0.568,HOVER,0.0000,0.0000,0.0200,0.0000,0.0000,0.5000,0.4800,0.0000,-0.0000,0.0000,0.0201,-0.0000,0.0000,0.0029,0.0000,0.0000,-0.0000,0.0000,-0.0000,0.0007,0.0000,0.0000,45.0,45.0,45.0,45.0,45.0,45.0,45.0,45.0,-0.00,-0.00,-0.00,-0.00
0.576,HOVER,0.0000,0.0000,0.0200,0.0000,0.0000,0.5000,0.4800,0.0000,-0.0000,0.0000,0.0201,-0.0000,0.0000,0.0029,0.0000,0.0000,-0.0000,0.0000,-0.0000,0.0007,0.0000,0.0000,45.0,45.0,45.0,45.0,45.0,45.0,45.0,45.0,-0.00,-0.00,-0.00,-0.00
0.584,HOVER,0.0000,0.0000,0.0200,0.0000,0.0000,0.5000,0.4800,0.0000,-0.0000,0.0000,0.0201,-0.0000,0.0000,0.0029,0.0000,0.0000,-0.0000,0.0000,-0.0000,0.0007,0.0000,0.0000,45.0,45.0,45.0,45.0,45.0,45.0,45.0,45.0,-0.00,-0.00,-0.00,-0.00
0.592,HOVER,0.0000,0.0000,0.0200,0.0000,0.0000,0.5000,0.4800,0.0000,-0.0000,0.0000,0.0201,-0.0000,0.0000,0.0029,0.0000,0.0000,-0.0000,0.0000,-0.0000,0.0007,0.0000,0.0000,45.0,45.0,45.0,45.0,45.0,45.0,45.0,45.0,-0.00,-0.00,-0.00,-0.00
0.600,HOVER,0.0000,0.0000,0.0200,0.0000,0.0000,0.5000,0.4800,0.0000,-0.0000,0.0000,0.0201,-0.0000,0.0000,0.0029,0.0000,0.0000,-0.0000,0.0000,-0.0000,0.0007,0.0000,0.0000,45.0,45.0,45.0,45.0,45.0,45.0,45.0,45.0,-0.00,-0.00,-0.00,-0.00
0.608,HOVER,0.0000,0.0000,0.0200,0.0000,0.0000,0.5000,0.4800,0.0000,-0.0000,0.0000,0.0201,-0.0000,0.0000,0.0028,0.0000,0.0000,-0.0000,0.0000,-0.0000,0.0007,0.0000,0.0000,45.0,45.0,45.0,45.0,45.0,45.0,45.0,45.0,-0.00,-0.00,-0.00,-0.00
0.616,HOVER,0.0000,0.0000,0.0200,0.0000,0.0000,0.5000,0.4800,0.0000,-0.0000,0.0000,0.0201,-0.0000,0.0000,0.0028,0.0000,0.0000,-0.0000,0.0000,-0.0000,0.0007,0.0000,0.0000,45.0,45.0,45.0,45.0,45.0,45.0,45.0,45.0,-0.00,-0.00,-0.00,-0.00
0.624,HOVER,0.0000,0.0000,0.0200,0.0000,0.0000,0.5000,0.4800,0.0000,-0.0000,0.0000,0.0201,-0.0000,0.0000,0.0028,0.0000,0.0000,-0.0000,0.0000,-0.0000,0.0007,0.0000,0.0000,45.0,45.0,45.0,45.0,45.0,45.0,45.0,45.0,-0.00,-0.00,-0.00,-0.00
0.632,HOVER,0.0000,0.0000,0.0200,0.0000,0.0000,0.5000,0.4800,0.0000,-0.0000,0.0000,0.0201,-0.0000,0.0000,0.0028,0.0000,0.0000,-0.0000,0.0000,-0.0000,0.0007,0.0000,0.0000,45.0,45.0,45.0,45.0,45.0,45.0,45.0,45.0,-0.00,-0.00,-0.00,-0.00
0.640,HOVER,0.0000,0.0000,0.0200,0.0000,0.0000,0.5000,0.4800,0.0000,-0.0000,0.0000,0.0201,-0.0000,0.0000,0.0028,0.0000,0.0000,-0.0000,0.0000,-0.0000,0.0007,0.0000,0.0000,45.0,45.0,45.0,45.0,45.0,45.0,45.0,45.0,-0.00,-0.00,-0.00,-0.00
0.648,HOVER,0.0000,0.0000,0.0200,0.0000,0.0000,0.5000,0.4800,0.0000,-0.0000,0.0000,0.0201,-0.0000,0.0000,0.0027,0.0000,0.0000,-0.0000,0.0000,-0.0000,0.0007,0.0000,0.0000,45.0,45.0,45.0,45.0,45.0,45.0,45.0,45.0,-0.00,-0.00,-0.00,-0.00
0.656,HOVER,0.0000,0.0000,0.0200,0.0000,0.0000,0.5000,0.4800,0.0000,-0.0000,0.0000,0.0201,-0.0000,0.0000,0.0027,0.0000,0.0000,-0.0000,0.0000,-0.0000,0.0007,0.0000,0.0000,45.0,45.0,45.0,45.0,45.0,45.0,45.0,45.0,-0.00,-0.00,-0.00,-0.00
0.664,HOVER,0.0000,0.0000,0.0200,0.0000,0.0000,0.5000,0.4800,0.0000,-0.0000,0.0000,0.0201,-0.0000,0.0000,0.0027,0.0000,0.0000,-0.0000,0.0000,-0.0000,0.0006,0.0000,0.0000,45.0,45.0,45.0,45.0,45.0,45.0,45.0,45.0,-0.00,-0.00,-0.00,-0.00
0.672,HOVER,0.0000,0.0000,0.0200,0.0000,0.0000,0.5000,0.4800,0.0000,-0.0000,0.0000,0.0201,-0.0000,0.0000,0.0027,0.0000,0.0000,-0.0000,0.0000,-0.0000,0.0006,0.0000,0.0000,45.0,45.0,45.0,45.0,45.0,45.0,45.0,45.0,-0.00,-0.00,-0.00,-0.00
0.680,HOVER,0.0000,0.0000,0.0200,0.0000,0.0000,0.5000,0.4800,0.0000,-0.0000,0.0000,0.0201,-0.0000,0.0000,0.0027,0.0000,0.0000,-0.0000,0.0000,-0.0000,0.0006,0.0000,0.0000,45.0,45.0,45.0,45.0,45.0,45.0,45.0,45.0,-0.00,-0.00,-0.00,-0.00
0.688,HOVER,0.0000,0.0000,0.0200,0.0000,0.0000,0.5000,0.4800,0.0000,-0.0000,0.0000,0.0201,-0.0000,0.0000,0.0026,0.0000,0.0000,-0.0000,0.0000,-0.0000,0.0006,0.0000,0.0000,45.0,45.0,45.0,45.0,45.0,45.0,45.0,45.0,-0.00,-0.00,-0.00,-0.00
0.696,HOVER,0.0000,0.0000,0.0200,0.0000,0.0000,0.5000,0.4800,0.0000,-0.0000,0.0000,0.0201,-0.0000,0.0000,0.0026,0.0000,0.0000,-0.0000,0.0000,-0.0000,0.0006,0.0000,0.0000,45.0,45.0,45.0,45.0,45.0,45.0,45.0,45.0,-0.00,-0.00,-0.00,-0.00
0.704,HOVER,0.0000,0.0000,0.0200,0.0000,0.0000,0.5000,0.4800,0.0000,-0.0000,0.0000,0.0201,-0.0000,0.0000,0.0026,0.0000,0.0000,-0.0000,0.0000,-0.0000,0.0006,0.0000,0.0000,45.0,45.0,45.0,45.0,45.0,45.0,45.0,45.0,-0.00,-0.00,-0.00,-0.00
0.712,HOVER,0.0000,0.0000,0.0200,0.0000,0.0000,0.5000,0.4800,0.0000,-0.0000,0.0000,0.0201,-0.0000,0.0000,0.0026,0.0000,0.0000,-0.0000,0.0000,-0.0000,0.0006,0.0000,0.0000,45.0,45.0,45.0,45.0,45.0,45.0,45.0,45.0,-0.00,-0.00,-0.00,-0.00
0.720,HOVER,0.0000,0.0000,0.0200,0.0000,0.0000,0.5000,0.4800,0.0000,-0.0000,0.0000,0.0201,-0.0000,0.0000,0.0026,0.0000,0.0000,-0.0000,0.0000,-0.0000,0.0006,0.0000,0.0000,45.0,45.0,45.0,45.0,45.0,45.0,45.0,45.0,-0.00,-0.00,-0.00,-0.00
0.728,HOVER,0.0000,0.0000,0.0200,0.0000,0.0000,0.5000,0.4800,0.0000,-0.0000,0.0000,0.0201,-0.0000,0.0000,0.0026,0.0000,0.0000,-0.0000,0.0000,-0.0000,0.0006,0.0000,0.0000,45.0,45.0,45.0,45.0,45.0,45.0,45.0,45.0,-0.00,-0.00,-0.00,-0.00
0.736,HOVER,0.0000,0.0000,0.0200,0.0000,0.0000,0.5000,0.4800,0.0000,-0.0000,0.0000,0.0201,-0.0000,0.0000,0.0025,0.0000,0.0000,-0.0000,0.0000,-0.0000,0.0006,0.0000,0.0000,45.0,45.0,45.0,45.0,45.0,45.0,45.0,45.0,-0.00,-0.00,-0.00,-0.00
0.744,HOVER,0.0000,0.0000,0.0200,0.0000,0.0000,0.5000,0.4800,0.0000,-0.0000,0.0000,0.0201,-0.0000,0.0000,0.0025,0.0000,0.0000,-0.0000,0.0000,-0.0000,0.0006,0.0000,0.0000,45.0,45.0,45.0,45.0,45.0,45.0,45.0,45.0,-0.00,-0.00,-0.00,-0.00
0.752,HOVER,0.0000,0.0000,0.0200,0.0000,0.0000,0.5000,0.4800,0.0000,-0.0000,0.0000,0.0201,-0.0000,0.0000,0.0025,0.0000,0.0000,-0.0000,0.0000,-0.0000,0.0006,0.0000,0.0000,45.1,45.1,45.1,45.1,45.1,45.1,45.1,45.1,-0.00,-0.00,-0.00,-0.00
0.760,HOVER,0.0000,0.0000,0.0200,0.0000,0.0000,0.5000,0.4800,0.0000,-0.0000,0.0000,0.0201,-0.0000,0.0000,0.0025,0.0000,0.0000,-0.0000,0.0000,-0.0000,0.0006,0.0000,0.0000,45.1,45.1,45.1,45.1,45.1,45.1,45.1,45.1,-0.00,-0.00,-0.00,-0.00
0.768,HOVER,0.0000,0.0000,0.0200,0.0000,0.0000,0.5000,0.4800,0.0000,-0.0000,0.0000,0.0201,-0.0000,0.0000,0.0025,0.0000,0.0000,-0.0000,0.0000,-0.0000,0.0006,0.0000,0.0000,45.1,45.1,45.1,45.1,45.1,45.1,45.1,45.1,-0.00,-0.00,-0.00,-0.00
0.776,HOVER,0.0000,0.0000,0.0200,0.0000,0.0000,0.5000,0.4800,0.0000,-0.0000,0.0000,0.0201,-0.0000,0.0000,0.0025,0.0000,0.0000,-0.0000,0.0000,-0.0000,0.0005,0.0000,0.0000,45.1,45.1,45.1,45.1,45.1,45.1,45.1,45.1,-0.00,-0.00,-0.00,-0.00
0.784,HOVER,0.0000,0.0000,0.0200,0.0000,0.0000,0.5000,0.4800,0.0000,-0.0000,0.0000,0.0201,-0.0000,0.0000,0.0024,0.0000,0.0000,0.0000,0.0000,-0.0000,0.0005,0.0000,0.0000,45.1,45.1,45.1,45.1,45.1,45.1,45.1,45.1,-0.00,-0.00,-0.00,-0.00
0.792,HOVER,0.0000,0.0000,0.0200,0.0000,0.0000,0.5000,0.4800,0.0000,-0.0000,0.0000,0.0201,-0.0000,0.0000,0.0024,0.0000,0.0000,0.0000,0.0000,-0.0000,0.0005,0.0000,0.0000,45.1,45.1,45.1,45.1,45.1,45.1,45.1,45.1,-0.00,-0.00,-0.00,-0.00
0.800,HOVER,0.0000,0.0000,0.0200,0.0000,0.0000,0.5000,0.4800,0.0000,0.0000,-0.0000,0.0201,0.0000,-0.0000,0.0024,0.0000,0.0000,0.0000,0.0000,-0.0000,0.0005,0.0000,0.0000,45.1,45.1,45.1,45.1,45.1,45.1,45.1,45.1,-0.00,-0.00,-0.00,-0.00
0.808,HOVER,0.0000,0.0000,0.0200,0.0000,0.0000,0.5000,0.4800,0.0000,0.0000,-0.0000,0.0201,0.0000,-0.0000,0.0024,0.0000,0.0000,0.0000,0.0000,-0.0000,0.0005,0.0000,0.0000,45.1,45.1,45.1,45.1,45.1,45.1,45.1,45.1,-0.00,-0.00,-0.00,-0.00
0.816,HOVER,0.0000,0.0000,0.0200,0.0000,0.0000,0.5000,0.4800,0.0000,0.0000,-0.0000,0.0201,0.0000,-0.0000,0.0024,0.0000,0.0000,0.0000,0.0000,-0.0000,0.0005,0.0000,0.0000,45.1,45.1,45.1,45.1,45.1,45.1,45.1,45.1,-0.00,-0.00,-0.00,-0.00
0.824,HOVER,0.0000,0.0000,0.0200,0.0000,0.0000,0.5000,0.4800,0.0000,0.0000,-0.0000,0.0201,0.0000,-0.0000,0.0024,0.0000,0.0000,0.0000,0.0000,-0.0000,0.0005,0.0000,0.0000,45.1,45.1,45.1,45.1,45.1,45.1,45.1,45.1,-0.00,-0.00,-0.00,-0.00
0.832,HOVER,0.0000,0.0000,0.0200,0.0000,0.0000,0.5000,0.4800,0.0000,0.0000,-0.0000,0.0201,0.0000,-0.0000,0.0023,0.0000,0.0000,0.0000,0.0000,-0.0000,0.0005,0.0000,0.0000,45.1,45.1,45.1,45.1,45.1,45.1,45.1,45.1,-0.00,-0.00,-0.00,-0.00
0.840,HOVER,0.0000,0.0000,0.0200,0.0000,0.0000,0.5000,0.4800,0.0000,0.0000,-0.0000,0.0201,0.0000,-0.0000,0.0023,0.0000,0.0000,0.0000,0.0000,-0.0000,0.0005,0.0000,0.0000,45.1,45.1,45.1,45.1,45.1,45.1,45.1,45.1,-0.00,-0.00,-0.00,-0.00
0.848,HOVER,0.0000,0.0000,0.0200,0.0000,0.0000,0.5000,0.4800,0.0000,0.0000,-0.0000,0.0201,0.0000,-0.0000,0.0023,0.0000,0.0000,0.0000,0.0000,-0.0000,0.0005,0.0000,0.0000,45.1,45.1,45.1,45.1,45.1,45.1,45.1,45.1,-0.00,-0.00,-0.00,-0.00
0.856,HOVER,0.0000,0.0000,0.0200,0.0000,0.0000,0.5000,0.4800,0.0000,0.0000,-0.0000,0.0200,0.0000,-0.0000,0.0023,0.0000,0.0000,0.0000,0.0000,-0.0000,0.0005,0.0000,0.0000,45.1,45.1,45.1,45.1,45.1,45.1,45.1,45.1,-0.00,-0.00,-0.00,-0.00
0.864,HOVER,0.0000,0.0000,0.0200,0.0000,0.0000,0.5000,0.4800,0.0000,0.0000,-0.0000,0.0200,0.0000,-0.0000,0.0023,0.0000,0.0000,0.0000,0.0000,-0.0000,0.0005,0.0000,0.0000,45.1,45.1,45.1,45.1,45.1,45.1,45.1,45.1,-0.00,-0.00,-0.00,-0.00
0.872,HOVER,0.0000,0.0000,0.0200,0.0000,0.0000,0.5000,0.4800,0.0000,0.0000,-0.0000,0.0200,0.0000,-0.0000,0.0023,0.0000,0.0000,0.0000,0.0000,-0.0000,0.0005,0.0000,0.0000,45.1,45.1,45.1,45.1,45.1,45.1,45.1,45.1,-0.00,-0.00,-0.00,-0.00
0.880,HOVER,0.0000,0.0000,0.0200,0.0000,0.0000,0.5000,0.4800,0.0000,0.0000,-0.0000,0.0200,0.0000,-0.0000,0.0022,0.0000,0.0000,0.0000,0.0000,-0.0000,0.0005,0.0000,0.0000,45.1,45.1,45.1,45.1,45.1,45.1,45.1,45.1,-0.00,-0.00,-0.00,-0.00
0.888,HOVER,0.0000,0.0000,0.0200,0.0000,0.0000,0.5000,0.4800,0.0000,0.0000,-0.0000,0.0200,0.0000,-0.0000,0.0022,0.0000,0.0000,0.0000,0.0000,-0.0000,0.0005,0.0000,0.0000,45.1,45.1,45.1,45.1,45.1,45.1,45.1,45.1,-0.00,-0.00,-0.00,-0.00
0.896,HOVER,0.0000,0.0000,0.0200,0.0000,0.0000,0.5000,0.4800,0.0000,0.0000,-0.0000,0.0200,0.0000,-0.0000,0.0022,0.0000,0.0000,0.0000,0.0000,-0.0000,0.0005,0.0000,0.0000,45.1,45.1,45.1,45.1,45.1,45.1,45.1,45.1,-0.00,-0.00,-0.00,-0.00
0.904,HOVER,0.0000,0.0000,0.0200,0.0000,0.0000,0.5000,0.4800,0.0000,0.0000,-0.0000,0.0200,0.0000,-0.0000,0.0022,0.0000,0.0000,0.0000,0.0000,-0.0000,0.0005,0.0000,0.0000,45.1,45.1,45.1,45.1,45.1,45.1,45.1,45.1,-0.00,-0.00,-0.00,-0.00
0.912,HOVER,0.0000,0.0000,0.0200,0.0000,0.0000,0.5000,0.4800,0.0000,0.0000,-0.0000,0.0200,0.0000,-0.0000,0.0022,0.0000,0.0000,0.0000,0.0000,-0.0000,0.0004,0.0000,0.0000,45.1,45.1,45.1,45.1,45.1,45.1,45.1,45.1,-0.00,-0.00,-0.00,-0.00
0.920,HOVER,0.0000,0.0000,0.0200,0.0000,0.0000,0.5000,0.4800,0.0000,0.0000,-0.0000,0.0200,0.0000,-0.0000,0.0022,0.0000,0.0000,0.0000,0.0000,-0.0000,0.0004,0.0000,0.0000,45.1,45.1,45.1,45.1,45.1,45.1,45.1,45.1,-0.00,-0.00,-0.00,-0.00
0.928,HOVER,0.0000,0.0000,0.0200,0.0000,0.0000,0.5000,0.4800,0.0000,0.0000,-0.0000,0.0200,0.0000,-0.0000,0.0021,0.0000,0.0000,0.0000,0.0000,-0.0000,0.0004,0.0000,0.0000,45.1,45.1,45.1,45.1,45.1,45.1,45.1,45.1,-0.00,-0.00,-0.00,-0.00
0.936,HOVER,0.0000,0.0000,0.0200,0.0000,0.0000,0.5000,0.4800,0.0000,0.0000,-0.0000,0.0200,0.0000,-0.0000,0.0021,0.0000,0.0000,0.0000,0.0000,-0.0000,0.0004,0.0000,0.0000,45.1,45.1,45.1,45.1,45.1,45.1,45.1,45.1,-0.00,-0.00,-0.00,-0.00
0.944,HOVER,0.0000,0.0000,0.0200,0.0000,0.0000,0.5000,0.4800,0.0000,0.0000,-0.0000,0.0200,0.0000,-0.0000,0.0021,0.0000,0.0000,0.0000,0.0000,-0.0000,0.0004,0.0000,0.0000,45.1,45.1,45.1,45.1,45.1,45.1,45.1,45.1,-0.00,-0.00,-0.00,-0.00
0.952,HOVER,0.0000,0.0000,0.0200,0.0000,0.0000,0.5000,0.4800,0.0000,0.0000,-0.0000,0.0200,0.0000,-0.0000,0.0021,0.0000,0.0000,0.0000,0.0000,-0.0000,0.0004,0.0000,0.0000,45.1,45.1,45.1,45.1,45.1,45.1,45.1,45.1,-0.00,-0.00,-0.00,-0.00
0.960,HOVER,0.0000,0.0000,0.0200,0.0000,0.0000,0.5000,0.4800,0.0000,0.0000,-0.0000,0.0200,0.0000,-0.0000,0.0021,0.0000,0.0000,0.0000,0.0000,-0.0000,0.0004,0.0000,0.0000,45.1,45.1,45.1,45.1,45.1,45.1,45.1,45.1,-0.00,-0.00,-0.00,-0.00
0.968,HOVER,0.0000,0.0000,0.0200,0.0000,0.0000,0.5000,0.4800,0.0000,0.0000,-0.0000,0.0200,0.0000,-0.0000,0.0021,0.0000,0.0000,0.0000,0.0000,-0.0000,0.0004,0.0000,0.0000,45.1,45.1,45.1,45.1,45.1,45.1,45.1,45.1,-0.00,-0.00,-0.00,-0.00
0.976,HOVER,0.0000,0.0000,0.0200,0.0000,0.0000,0.5000,0.4800,0.0000,0.0000,-0.0000,0.0200,0.0000,-0.0000,0.0021,0.0000,0.0000,0.0000,0.0000,-0.0000,0.0004,0.0000,0.0000,45.1,45.1,45.1,45.1,45.1,45.1,45.1,45.1,-0.00,-0.00,-0.00,-0.00
0.984,HOVER,0.0000,0.0000,0.0200,0.0000,0.0000,0.5000,0.4800,0.0000,0.0000,-0.0000,0.0200,0.0000,-0.0000,0.0020,0.0000,0.0000,0.0000,0.0000,-0.0000,0.0004,0.0000,0.0000,45.1,45.1,45.1,45.1,45.1,45.1,45.1,45.1,-0.00,-0.00,-0.00,-0.00
0.992,HOVER,0.0000,0.0000,0.0200,0.0000,0.0000,0.5000,0.4800,0.0000,0.0000,-0.0000,0.0200,0.0000,-0.0000,0.0020,0.0000,0.0000,0.0000,0.0000,-0.0000,0.0004,0.0000,0.0000,45.1,45.1,45.1,45.1,45.1,45.1,45.1,45.1,-0.00,-0.00,-0.00,-0.00
1.000,HOVER,0.0000,0.0000,0.0200,0.0000,0.0000,0.5000,0.4800,0.0000,0.0000,-0.0000,0.0200,0.0000,-0.0000,0.0020,0.0000,0.0000,0.0000,0.0000,-0.0000,0.0004,0.0000,0.0000,45.1,45.1,45.1,45.1,45.1,45.1,45.1,45.1,-0.00,-0.00,-0.00,-0.00
1.008,HOVER,0.0000,0.0000,0.0200,0.0000,0.0000,0.5000,0.4800,0.0000,0.0000,-0.0000,0.0200,0.0000,-0.0000,0.0020,0.0000,0.0000,0.0000,0.0000,-0.0000,0.0004,0.0000,0.0000,45.1,45.1,45.1,45.1,45.1,45.1,45.1,45.1,-0.00,-0.00,-0.00,-0.00
1.016,HOVER,0.0000,0.0000,0.0200,0.0000,0.0000,0.5000,0.4800,0.0000,0.0000,-0.0000,0.0200,0.0000,-0.0000,0.0020,0.0000,0.0000,0.0000,0.0000,-0.0000,0.0004,0.0000,0.0000,45.1,45.1,45.1,45.1,45.1,45.1,45.1,45.1,-0.00,-0.00,-0.00,-0.00
1.024,HOVER,0.0000,0.0000,0.0200,0.0000,0.0000,0.5000,0.4800,0.0000,0.0000,-0.0000,0.0200,0.0000,-0.0000,0.0020,0.0000,0.0000,0.0000,0.0000,-0.0000,0.0004,0.0000,0.0000,45.1,45.1,45.1,45.1,45.1,45.1,45.1,45.1,-0.00,-0.00,-0.00,-0.00
1.032,HOVER,0.0000,0.0000,0.0200,0.0000,0.0000,0.5000,0.4800,0.0000,0.0000,-0.0000,0.0200,0.0000,-0.0000,0.0020,0.0000,0.0000,0.0000,0.0000,-0.0000,0.0004,0.0000,0.0000,45.1,45.1,45.1,45.1,45.1,45.1,45.1,45.1,-0.00,-0.00,-0.00,-0.00
1.040,HOVER,0.0000,0.0000,0.0200,0.0000,0.0000,0.5000,0.4800,0.0000,0.0000,-0.0000,0.0200,0.0000,-0.0000,0.0019,0.0000,0.0000,0.0000,0.0000,-0.0000,0.0004,0.0000,0.0000,45.1,45.1,45.1,45.1,45.1,45.1,45.1,45.1,-0.00,-0.00,-0.00,-0.00
1.048,HOVER,0.0000,0.0000,0.0200,0.0000,0.0000,0.5000,0.4800,0.0000,0.0000,-0.0000,0.0200,0.0000,-0.0000,0.0019,0.0000,0.0000,0.0000,0.0000,-0.0000,0.0004,0.0000,0.0000,45.1,45.1,45.1,45.1,45.1,45.1,45.1,45.1,-0.00,-0.00,-0.00,-0.00
1.056,HOVER,0.0000,0.0000,0.0200,0.0000,0.0000,0.5000,0.4800,0.0000,0.0000,-0.0000,0.0200,0.0000,-0.0000,0.0019,0.0000,0.0000,0.0000,0.0000,-0.0000,0.0003,0.0000,0.0000,45.2,45.2,45.2,45.2,45.2,45.2,45.2,45.2,-0.00,-0.00,-0.00,-0.00
1.064,HOVER,0.0000,0.0000,0.0200,0.0000,0.0000,0.5000,0.4800,0.0000,0.0000,-0.0000,0.0200,0.0000,-0.0000,0.0019,0.0000,0.0000,0.0000,0.0000,-0.0000,0.0003,0.0000,0.0000,45.2,45.2,45.2,45.2,45.2,45.2,45.2,45.2,-0.00,-0.00,-0.00,-0.00
1.072,HOVER,0.0000,0.0000,0.0200,0.0000,0.0000,0.5000,0.4800,0.0000,0.0000,-0.0000,0.0200,0.0000,-0.0000,0.0019,0.0000,0.0000,0.0000,0.0000,-0.0000,0.0003,0.0000,0.0000,45.2,45.2,45.2,45.2,45.2,45.2,45.2,45.2,-0.00,-0.00,-0.00,-0.00
1.080,HOVER,0.0000,0.0000,0.0200,0.0000,0.0000,0.5000,0.4800,0.0000,0.0000,-0.0000,0.0200,0.0000,-0.0000,0.0019,0.0000,0.0000,0.0000,0.0000,-0.0000,0.0003,0.0000,0.0000,45.2,45.2,45.2,45.2,45.2,45.2,45.2,45.2,-0.00,-0.00,-0.00,-0.00
1.088,HOVER,0.0000,0.0000,0.0200,0.0000,0.0000,0.5000,0.4800,0.0000,0.0000,-0.0000,0.0200,0.0000,-0.0000,0.0019,0.0000,0.0000,0.0000,0.0000,-0.0000,0.0003,0.0000,0.0000,45.2,45.2,45.2,45.2,45.2,45.2,45.2,45.2,-0.00,-0.00,-0.00,-0.00
1.096,HOVER,0.0000,0.0000,0.0200,0.0000,0.0000,0.5000,0.4800,0.0000,0.0000,-0.0000,0.0200,0.0000,-0.0000,0.0018,0.0000,0.0000,0.0000,0.0000,-0.0000,0.0003,0.0000,0.0000,45.2,45.2,45.2,45.2,45.2,45.2,45.2,45.2,-0.00,-0.00,-0.00,-0.00
1.104,HOVER,0.0000,0.0000,0.0200,0.0000,0.0000,0.5000,0.4800,0.0000,0.0000,-0.0000,0.0200,0.0000,-0.0000,0.0018,0.0000,0.0000,0.0000,0.0000,-0.0000,0.0003,0.0000,0.0000,45.2,45.2,45.2,45.2,45.2,45.2,45.2,45.2,-0.00,-0.00,-0.00,-0.00
1.112,HOVER,0.0000,0.0000,0.0200,0.0000,0.0000,0.5000,0.4800,0.0000,0.0000,-0.0000,0.0200,0.0000,-0.0000,0.0018,0.0000,0.0000,0.0000,0.0000,-0.0000,0.0003,0.0000,0.0000,45.2,45.2,45.2,45.2,45.2,45.2,45.2,45.2,-0.00,-0.00,-0.00,-0.00
1.120,HOVER,0.0000,0.0000,0.0200,0.0000,0.0000,0.5000,0.4800,0.0000,0.0000,-0.0000,0.0200,0.0000,-0.0000,0.0018,0.0000,0.0000,0.0000,0.0000,-0.0000,0.0003,0.0000,0.0000,45.2,45.2,45.2,45.2,45.2,45.2,45.2,45.2,-0.00,-0.00,-0.00,-0.00
1.128,HOVER,0.0000,0.0000,0.0200,0.0000,0.0000,0.5000,0.4800,0.0000,0.0000,-0.0000,0.0200,0.0000,-0.0000,0.0018,0.0000,0.0000,0.0000,0.0000,-0.0000,0.0003,0.0000,0.0000,45.2,45.2,45.2,45.2,45.2,45.2,45.2,45.2,-0.00,-0.00,-0.00,-0.00
1.136,HOVER,0.0000,0.0000,0.0200,0.0000,0.0000,0.5000,0.4800,0.0000,0.0000,-0.0000,0.0200,0.0000,-0.0000,0.0018,0.0000,0.0000,0.0000,0.0000,-0.0000,0.0003,0.0000,0.0000,45.2,45.2,45.2,45.2,45.2,45.2,45.2,45.2,-0.00,-0.00,-0.00,-0.00
1.144,HOVER,0.0000,0.0000,0.0200,0.0000,0.0000,0.5000,0.4800,0.0000,0.0000,-0.0000,0.0200,0.0000,-0.0000,0.0018,0.0000,0.0000,0.0000,0.0000,-0.0000,0.0003,0.0000,0.0000,45.2,45.2,45.2,45.2,45.2,45.2,45.2,45.2,-0.00,-0.00,-0.00,-0.00
1.152,HOVER,0.0000,0.0000,0.0200,0.0000,0.0000,0.5000,0.4800,0.0000,0.0000,-0.0000,0.0200,0.0000,-0.0000,0.0018,0.0000,0.0000,0.0000,0.0000,-0.0000,0.0003,0.0000,0.0000,45.2,45.2,45.2,45.2,45.2,45.2,45.2,45.2,-0.00,-0.00,-0.00,-0.00
1.160,HOVER,0.0000,0.0000,0.0200,0.0000,0.0000,0.5000,0.4800,0.0000,0.0000,-0.0000,0.0200,0.0000,-0.0000,0.0017,0.0000,0.0000,0.0000,0.0000,-0.0000,0.0003,0.0000,0.0000,45.2,45.2,45.2,45.2,45.2,45.2,45.2,45.2,-0.00,-0.00,-0.00,-0.00
1.168,HOVER,0.0000,0.0000,0.0200,0.0000,0.0000,0.5000,0.4800,0.0000,0.0000,-0.0000,0.0200,0.0000,-0.0000,0.0017,0.0000,0.0000,0.0000,0.0000,-0.0000,0.0003,0.0000,0.0000,45.2,45.2,45.2,45.2,45.2,45.2,45.2,45.2,-0.00,-0.00,-0.00,-0.00
1.176,HOVER,0.0000,0.0000,0.0200,0.0000,0.0000,0.5000,0.4800,0.0000,0.0000,-0.0000,0.0200,0.0000,-0.0000,0.0017,0.0000,0.0000,0.0000,0.0000,-0.0000,0.0003,0.0000,0.0000,45.2,45.2,45.2,45.2,45.2,45.2,45.2,45.2,-0.00,-0.00,-0.00,-0.00
1.184,HOVER,0.0000,0.0000,0.0200,0.0000,0.0000,0.5000,0.4800,0.0000,0.0000,-0.0000,0.0200,0.0000,-0.0000,0.0017,0.0000,0.0000,0.0000,0.0000,-0.0000,0.0003,0.0000,0.0000,45.2,45.2,45.2,45.2,45.2,45.2,45.2,45.2,-0.00,-0.00,-0.00,-0.00
1.192,HOVER,0.0000,0.0000,0.0200,0.0000,0.0000,0.5000,0.4800,0.0000,0.0000,-0.0000,0.0200,0.0000,-0.0000,0.0017,0.0000,0.0000,0.0000,0.0000,-0.0000,0.0003,0.0000,0.0000,45.2,45.2,45.2,45.2,45.2,45.2,45.2,45.2,-0.00,-0.00,-0.00,-0.00
1.200,HOVER,0.0000,0.0000,0.0200,0.0000,0.0000,0.5000,0.4800,0.0000,0.0000,-0.0000,0.0200,0.0000,-0.0000,0.0017,0.0000,0.0000,0.0000,0.0000,-0.0000,0.0003,0.0000,0.0000,45.2,45.2,45.2,45.2,45.2,45.2,45.2,45.2,-0.00,-0.00,-0.00,-0.00
1.208,HOVER,0.0000,0.0000,0.0200,0.0000,0.0000,0.5000,0.4800,0.0000,0.0000,-0.0000,0.0200,0.0000,-0.0000,0.0017,0.0000,0.0000,0.0000,0.0000,-0.0000,0.0003,0.0000,0.0000,45.2,45.2,45.2,45.2,45.2,45.2,45.2,45.2,-0.00,-0.00,-0.00,-0.00
1.216,HOVER,0.0000,0.0000,0.0200,0.0000,0.0000,0.5000,0.4800,0.0000,0.0000,-0.0000,0.0200,0.0000,-0.0000,0.0017,0.0000,0.0000,0.0000,0.0000,-0.0000,0.0003,0.0000,0.0000,45.2,45.2,45.2,45.2,45.2,45.2,45.2,45.2,-0.00,-0.00,-0.00,-0.00
1.224,HOVER,0.0000,0.0000,0.0200,0.0000,0.0000,0.5000,0.4800,0.0000,0.0000,-0.0000,0.0200,0.0000,-0.0000,0.0016,0.0000,0.0000,0.0000,0.0000,-0.0000,0.0003,0.0000,0.0000,45.2,45.2,45.2,45.2,45.2,45.2,45.2,45.2,-0.00,-0.00,-0.00,-0.00
1.232,HOVER,0.0000,0.0000,0.0200,0.0000,0.0000,0.5000,0.4800,0.0000,0.0000,-0.0000,0.0200,0.0000,-0.0000,0.0016,0.0000,0.0000,0.0000,0.0000,-0.0000,0.0002,0.0000,0.0000,45.2,45.2,45.2,45.2,45.2,45.2,45.2,45.2,-0.00,-0.00,-0.00,-0.00
1.240,HOVER,0.0000,0.0000,0.0200,0.0000,0.0000,0.5000,0.4800,0.0000,0.0000,-0.0000,0.0200,0.0000,-0.0000,0.0016,0.0000,0.0000,0.0000,0.0000,-0.0000,0.0002,0.0000,0.0000,45.2,45.2,45.2,45.2,45.2,45.2,45.2,45.2,-0.00,-0.00,-0.00,-0.00
1.248,HOVER,0.0000,0.0000,0.0200,0.0000,0.0000,0.5000,0.4800,0.0000,0.0000,-0.0000,0.0200,0.0000,-0.0000,0.0016,0.0000,0.0000,0.0000,0.0000,-0.0000,0.0002,0.0000,0.0000,45.2,45.2,45.2,45.2,45.2,45.2,45.2,45.2,-0.00,-0.00,-0.00,-0.00
1.256,HOVER,0.0000,0.0000,0.0200,0.0000,0.0000,0.5000,0.4800,0.0000,0.0000,-0.0000,0.0200,0.0000,-0.0000,0.0016,0.0000,0.0000,0.0000,0.0000,-0.0000,0.0002,0.0000,0.0000,45.2,45.2,45.2,45.2,45.2,45.2,45.2,45.2,-0.00,-0.00,-0.00,-0.00
1.264,HOVER,0.0000,0.0000,0.0200,0.0000,0.0000,0.5000,0.4800,0.0000,0.0000,-0.0000,0.0200,0.0000,-0.0000,0.0016,0.0000,0.0000,0.0000,0.0000,-0.0000,0.0002,0.0000,0.0000,45.2,45.2,45.2,45.2,45.2,45.2,45.2,45.2,-0.00,-0.00,-0.00,-0.00
1.272,HOVER,0.0000,0.0000,0.0200,0.0000,0.0000,0.5000,0.4800,0.0000,0.0000,-0.0000,0.0200,0.0000,-0.0000,0.0016,0.0000,0.0000,0.0000,0.0000,-0.0000,0.0002,0.0000,0.0000,45.2,45.2,45.2,45.2,45.2,45.2,45.2,45.2,-0.00,-0.00,-0.00,-0.00
1.280,HOVER,0.0000,0.0000,0.0200,0.0000,0.0000,0.5000,0.4800,0.0000,0.0000,-0.0000,0.0200,0.0000,-0.0000,0.0016,0.0000,0.0000,0.0000,0.0000,-0.0000,0.0002,0.0000,0.0000,45.2,45.2,45.2,45.2,45.2,45.2,45.2,45.2,-0.00,-0.00,-0.00,-0.00
1.288,HOVER,0.0000,0.0000,0.0200,0.0000,0.0000,0.5000,0.4800,0.0000,0.0000,-0.0000,0.0200,0.0000,-0.0000,0.0015,0.0000,0.0000,0.0000,0.0000,-0.0000,0.0002,0.0000,0.0000,45.2,45.2,45.2,45.2,45.2,45.2,45.2,45.2,-0.00,-0.00,-0.00,-0.00
1.296,HOVER,0.0000,0.0000,0.0200,0.0000,0.0000,0.5000,0.4800,0.0000,0.0000,-0.0000,0.0200,0.0000,-0.0000,0.0015,0.0000,0.0000,0.0000,0.0000,-0.0000,0.0002,0.0000,0.0000,45.2,45.2,45.2,45.2,45.2,45.2,45.2,45.2,-0.00,-0.00,-0.00,-0.00
1.304,HOVER,0.0000,0.0000,0.0200,0.0000,0.0000,0.5000,0.4800,0.0000,0.0000,-0.0000,0.0200,0.0000,-0.0000,0.0015,0.0000,0.0000,0.0000,0.0000,-0.0000,0.0002,0.0000,0.0000,45.2,45.2,45.2,45.2,45.2,45.2,45.2,45.2,-0.00,-0.00,-0.00,-0.00
1.312,HOVER,0.0000,0.0000,0.0200,0.0000,0.0000,0.5000,0.4800,0.0000,0.0000,-0.0000,0.0200,0.0000,-0.0000,0.0015,0.0000,0.0000,0.0000,0.0000,-0.0000,0.0002,0.0000,0.0000,45.2,45.2,45.2,45.2,45.2,45.2,45.2,45.2,-0.00,-0.00,-0.00,-0.00
1.320,HOVER,0.0000,0.0000,0.0200,0.0000,0.0000,0.5000,0.4800,0.0000,0.0000,-0.0000,0.0200,0.0000,-0.0000,0.0015,0.0000,0.0000,0.0000,0.0000,-0.0000,0.0002,0.0000,0.0000,45.2,45.2,45.2,45.2,45.2,45.2,45.2,45.2,-0.00,-0.00,-0.00,-0.00
1.328,HOVER,0.0000,0.0000,0.0200,0.0000,0.0000,0.5000,0.4800,0.0000,0.0000,-0.0000,0.0200,0.0000,-0.0000,0.0015,0.0000,0.0000,0.0000,0.0000,-0.0000,0.0002,0.0000,0.0000,45.2,45.2,45.2,45.2,45.2,45.2,45.2,45.2,-0.00,-0.00,-0.00,-0.00
1.336,HOVER,0.0000,0.0000,0.0200,0.0000,0.0000,0.5000,0.4800,0.0000,0.0000,-0.0000,0.0200,0.0000,-0.0000,0.0015,0.0000,0.0000,0.0000,0.0000,-0.0000,0.0002,0.0000,0.0000,45.2,45.2,45.2,45.2,45.2,45.2,45.2,45.2,-0.00,-0.00,-0.00,-0.00
1.344,HOVER,0.0000,0.0000,0.0200,0.0000,0.0000,0.5000,0.4800,0.0000,0.0000,-0.0000,0.0200,0.0000,-0.0000,0.0015,0.0000,0.0000,0.0000,0.0000,-0.0000,0.0002,0.0000,0.0000,45.2,45.2,45.2,45.2,45.2,45.2,45.2,45.2,-0.00,-0.00,-0.00,-0.00
1.352,HOVER,0.0000,0.0000,0.0200,0.0000,0.0000,0.5000,0.4800,0.0000,0.0000,-0.0000,0.0200,0.0000,-0.0000,0.0015,0.0000,0.0000,0.0000,0.0000,-0.0000,0.0002,0.0000,0.0000,45.3,45.3,45.3,45.3,45.3,45.3,45.3,45.3,-0.00,-0.00,-0.00,-0.00
1.360,HOVER,0.0000,0.0000,0.0200,0.0000,0.0000,0.5000,0.4800,0.0000,0.0000,-0.0000,0.0200,0.0000,-0.0000,0.0014,0.0000,0.0000,0.0000,0.0000,-0.0000,0.0002,0.0000,0.0000,45.3,45.3,45.3,45.3,45.3,45.3,45.3,45.3,-0.00,-0.00,-0.00,-0.00
1.368,HOVER,0.0000,0.0000,0.0200,0.0000,0.0000,0.5000,0.4800,0.0000,0.0000,-0.0000,0.0200,0.0000,-0.0000,0.0014,0.0000,0.0000,0.0000,0.0000,-0.0000,0.0002,0.0000,0.0000,45.3,45.3,45.3,45.3,45.3,45.3,45.3,45.3,-0.00,-0.00,-0.00,-0.00
1.376,HOVER,0.0000,0.0000,0.0200,0.0000,0.0000,0.5000,0.4800,0.0000,0.0000,-0.0000,0.0200,0.0000,-0.0000,0.0014,0.0000,0.0000,0.0000,0.0000,-0.0000,0.0002,0.0000,0.0000,45.3,45.3,45.3,45.3,45.3,45.3,45.3,45.3,-0.00,-0.00,-0.00,-0.00
1.384,HOVER,0.0000,0.0000,0.0200,0.0000,0.0000,0.5000,0.4800,0.0000,0.0000,-0.0000,0.0200,0.0000,-0.0000,0.0014,0.0000,0.0000,0.0000,0.0000,-0.0000,0.0002,0.0000,0.0000,45.2,45.2,45.2,45.2,45.2,45.2,45.2,45.2,-0.00,-0.00,-0.00,-0.00
1.392,HOVER,0.0000,0.0000,0.0201,0.0000,0.0000,0.5000,0.4799,0.0000,0.0000,-0.0000,0.0201,0.0000,-0.0000,0.0014,0.0000,0.0000,0.0000,0.0000,-0.0000,0.0002,0.0000,0.0000,45.2,45.2,45.2,45.2,45.2,45.2,45.2,45.2,-0.00,-0.00,-0.00,-0.00
1.400,HOVER,0.0000,0.0000,0.0201,0.0000,0.0000,0.5000,0.4799,0.0000,0.0000,-0.0000,0.0201,0.0000,-0.0000,0.0014,0.0000,0.0000,0.0000,0.0000,-0.0000,0.0002,0.0000,0.0000,45.2,45.2,45.2,45.2,45.2,45.2,45.2,45.2,-0.00,-0.00,-0.00,-0.00
1.408,HOVER,0.0000,0.0000,0.0202,0.0000,0.0000,0.5000,0.4798,0.0000,0.0000,-0.0000,0.0201,0.0000,-0.0000,0.0015,-0.0000,-0.0000,0.0000,0.0000,-0.0000,0.0002,0.0000,0.0000,45.2,45.2,45.2,45.2,45.2,45.2,45.2,45.2,-0.00,-0.00,-0.00,-0.00
1.416,HOVER,0.0000,0.0000,0.0203,0.0000,0.0000,0.5000,0.4797,0.0000,0.0000,-0.0000,0.0202,0.0000,-0.0000,0.0015,-0.0000,-0.0000,0.0000,0.0000,-0.0000,0.0002,0.0000,0.0000,45.2,45.2,45.2,45.2,45.2,45.2,45.2,45.2,-0.00,-0.00,-0.00,-0.00
1.424,HOVER,0.0000,0.0000,0.0205,0.0000,0.0000,0.5000,0.4795,0.0000,0.0000,-0.0000,0.0203,0.0000,-0.0000,0.0016,-0.0000,-0.0000,0.0000,0.0000,-0.0000,0.0002,0.0000,0.0000,45.1,45.1,45.1,45.1,45.1,45.1,45.1,45.1,-0.00,-0.00,-0.00,-0.00
1.432,HOVER,0.0000,0.0000,0.0208,0.0000,0.0000,0.5000,0.4792,0.0000,0.0000,-0.0000,0.0204,0.0000,-0.0000,0.0017,-0.0000,-0.0000,0.0000,0.0000,-0.0000,0.0003,0.0000,0.0000,45.1,45.1,45.1,45.1,45.1,45.1,45.1,45.1,-0.00,-0.00,-0.00,-0.00
1.440,HOVER,0.0000,0.0000,0.0211,0.0000,0.0000,0.5000,0.4789,0.0000,0.0000,-0.0000,0.0206,0.0000,-0.0000,0.0019,-0.0000,-0.0000,0.0000,0.0000,-0.0000,0.0003,0.0000,0.0000,45.0,45.0,45.0,45.0,45.0,45.0,45.0,45.0,-0.00,-0.00,-0.00,-0.00
1.448,HOVER,0.0000,0.0000,0.0214,0.0000,0.0000,0.5000,0.4786,0.0000,0.0000,-0.0000,0.0208,0.0000,-0.0000,0.0021,-0.0000,-0.0000,0.0000,0.0000,-0.0000,0.0004,0.0000,0.0000,44.9,44.9,44.9,44.9,44.9,44.9,44.9,44.9,-0.00,-0.00,-0.00,-0.00
1.456,HOVER,0.0000,0.0000,0.0219,0.0000,0.0000,0.5000,0.4781,0.0000,-0.0000,0.0000,0.0211,-0.0000,0.0000,0.0024,-0.0000,-0.0000,-0.0000,0.0000,-0.0000,0.0005,0.0000,0.0000,44.9,44.9,44.9,44.9,44.9,44.9,44.9,44.9,-0.00,-0.00,-0.00,-0.00
1.464,HOVER,0.0000,0.0000,0.0224,0.0000,0.0000,0.5000,0.4776,0.0000,-0.0000,0.0000,0.0214,-0.0000,0.0000,0.0028,-0.0000,-0.0000,-0.0000,0.0000,-0.0000,0.0006,0.0000,0.0000,44.8,44.8,44.8,44.8,44.8,44.8,44.8,44.8,-0.00,-0.00,-0.00,-0.00
1.472,HOVER,0.0000,0.0000,0.0231,0.0000,0.0000,0.5000,0.4769,0.0000,-0.0000,0.0000,0.0219,-0.0000,0.0000,0.0032,-0.0000,-0.0000,-0.0000,0.0000,-0.0000,0.0007,0.0000,0.0000,44.7,44.7,44.7,44.7,44.7,44.7,44.7,44.7,-0.00,-0.00,-0.00,-0.00
1.480,HOVER,0.0000,0.0000,0.0238,0.0000,0.0000,0.5000,0.4762,0.0000,-0.0000,0.0000,0.0224,-0.0000,0.0000,0.0037,-0.0000,-0.0000,-0.0000,0.0000,-0.0000,0.0009,0.0000,0.0000,44.6,44.6,44.6,44.6,44.6,44.6,44.6,44.6,-0.00,-0.00,-0.00,-0.00
1.488,HOVER,0.0000,0.0000,0.0247,0.0000,0.0000,0.5000,0.4753,0.0000,-0.0000,0.0000,0.0230,-0.0000,0.0000,0.0043,-0.0000,-0.0000,-0.0000,0.0000,-0.0000,0.0010,0.0000,0.0000,44.5,44.5,44.5,44.5,44.5,44.5,44.5,44.5,-0.00,-0.00,-0.00,-0.00
1.496,HOVER,0.0000,0.0000,0.0256,0.0000,0.0000,0.5000,0.4744,0.0000,-0.0000,0.0000,0.0236,-0.0000,0.0000,0.0050,-0.0000,-0.0000,-0.0000,0.0000,-0.0000,0.0013,0.0000,0.0000,44.4,44.4,44.4,44.4,44.4,44.4,44.4,44.4,-0.00,-0.00,-0.00,-0.00
1.504,HOVER,0.0000,0.0000,0.0267,0.0000,0.0000,0.5000,0.4733,0.0000,-0.0000,0.0000,0.0244,-0.0000,0.0000,0.0059,0.0000,0.0000,0.0000,0.0000,-0.0000,0.0015,0.0000,0.0000,44.3,44.3,44.3,44.3,44.3,44.3,44.3,44.3,-0.00,-0.00,-0.00,-0.00
1.512,HOVER,0.0000,-0.0000,0.0279,0.0000,0.0000,0.5000,0.4721,0.0000,-0.0000,0.0000,0.0253,-0.0000,0.0000,0.0068,0.0000,0.0000,0.0000,0.0000,-0.0000,0.0018,0.0000,0.0000,44.2,44.2,44.2,44.2,44.2,44.2,44.2,44.2,-0.00,-0.00,-0.00,-0.00
1.520,HOVER,0.0000,-0.0000,0.0292,0.0000,0.0000,0.5000,0.4708,0.0000,-0.0000,0.0000,0.0263,-0.0000,0.0000,0.0078,0.0000,0.0000,0.0000,0.0000,-0.0000,0.0021,0.0000,0.0000,44.1,44.1,44.1,44.1,44.1,44.1,44.1,44.1,-0.00,-0.00,-0.00,-0.00
1.528,HOVER,0.0000,-0.0000,0.0306,0.0000,0.0000,0.5000,0.4694,0.0000,-0.0000,0.0000,0.0275,-0.0000,0.0000,0.0089,0.0000,0.0000,0.0000,0.0000,-0.0000,0.0024,0.0000,0.0000,44.0,44.0,44.0,44.0,44.0,44.0,44.0,44.0,-0.00,-0.00,-0.00,-0.00
1.536,HOVER,0.0000,-0.0000,0.0322,0.0000,0.0000,0.5000,0.4678,0.0000,-0.0000,0.0000,0.0287,-0.0000,0.0000,0.0102,0.0000,0.0000,0.0000,0.0000,-0.0000,0.0028,0.0000,0.0000,43.9,43.9,43.9,43.9,43.9,43.9,43.9,43.9,-0.00,-0.00,-0.00,-0.00
1.544,HOVER,0.0000,-0.0000,0.0338,0.0000,0.0000,0.5000,0.4662,0.0000,-0.0000,0.0000,0.0300,-0.0000,0.0000,0.0116,0.0000,0.0000,0.0000,0.0000,-0.0000,0.0032,0.0000,0.0000,43.8,43.8,43.8,43.8,43.8,43.8,43.8,43.8,-0.00,-0.00,-0.00,-0.00
1.552,HOVER,0.0000,-0.0000,0.0355,0.0000,0.0000,0.5000,0.4645,0.0000,-0.0000,0.0000,0.0314,-0.0000,0.0000,0.0130,0.0000,0.0000,0.0000,0.0000,-0.0000,0.0036,0.0000,0.0000,43.7,43.7,43.7,43.7,43.7,43.7,43.7,43.7,-0.00,-0.00,-0.00,-0.00
1.560,HOVER,0.0000,-0.0000,0.0373,0.0000,0.0000,0.5000,0.4627,0.0000,-0.0000,0.0000,0.0330,-0.0000,0.0000,0.0146,0.0000,0.0000,0.0000,0.0000,-0.0000,0.0041,0.0000,0.0000,43.6,43.6,43.6,43.6,43.6,43.6,43.6,43.6,-0.00,-0.00,-0.00,-0.00
1.568,HOVER,0.0000,-0.0000,0.0392,0.0000,0.0000,0.5000,0.4608,0.0000,-0.0000,0.0000,0.0346,-0.0000,0.0000,0.0162,0.0000,0.0000,0.0000,0.0000,-0.0000,0.0046,0.0000,0.0000,43.5,43.5,43.5,43.5,43.5,43.5,43.5,43.5,-0.00,-0.00,-0.00,-0.00
1.576,HOVER,0.0000,-0.0000,0.0412,0.0000,0.0000,0.5000,0.4588,0.0000,-0.0000,0.0000,0.0364,-0.0000,0.0000,0.0180,0.0000,0.0000,0.0000,0.0000,-0.0000,0.0051,0.0000,0.0000,43.4,43.4,43.4,43.4,43.4,43.4,43.4,43.4,-0.00,-0.00,-0.00,-0.00
1.584,HOVER,0.0000,-0.0000,0.0433,0.0000,0.0000,0.5000,0.4567,0.0000,-0.0000,0.0000,0.0382,-0.0000,0.0000,0.0198,0.0000,0.0000,0.0000,0.0000,-0.0000,0.0056,0.0000,0.0000,43.3,43.3,43.3,43.3,43.3,43.3,43.3,43.3,-0.00,-0.00,-0.00,-0.00
1.592,HOVER,0.0000,-0.0000,0.0454,0.0000,0.0000,0.5000,0.4546,0.0000,-0.0000,0.0000,0.0401,-0.0000,0.0000,0.0217,0.0000,0.0000,0.0000,0.0000,-0.0000,0.0062,0.0000,0.0000,43.2,43.2,43.2,43.2,43.2,43.2,43.2,43.2,-0.00,-0.00,-0.00,-0.00
1.600,HOVER,0.0000,-0.0000,0.0476,0.0000,0.0000,0.5000,0.4524,0.0000,-0.0000,0.0000,0.0421,-0.0000,0.0000,0.0237,0.0000,0.0000,0.0000,0.0000,-0.0000,0.0068,0.0000,0.0000,43.1,43.1,43.1,43.1,43.1,43.1,43.1,43.1,-0.00,-0.00,-0.00,-0.00
1.608,HOVER,0.0000,-0.0000,0.0499,0.0000,0.0000,0.5000,0.4501,0.0000,-0.0000,0.0000,0.0442,-0.0000,0.0000,0.0258,0.0000,0.0000,0.0000,0.0000,-0.0000,0.0074,0.0000,0.0000,43.0,43.0,43.0,43.0,43.0,43.0,43.0,43.0,-0.00,-0.00,-0.00,-0.00
1.616,HOVER,0.0000,-0.0000,0.0523,0.0000,0.0000,0.5000,0.4477,0.0000,-0.0000,0.0000,0.0464,-0.0000,0.0000,0.0280,0.0000,0.0000,0.0000,0.0000,-0.0000,0.0080,0.0000,0.0000,42.9,42.9,42.9,42.9,42.9,42.9,42.9,42.9,-0.00,-0.00,-0.00,-0.00
1.624,HOVER,0.0000,-0.0000,0.0548,0.0000,0.0000,0.5000,0.4452,0.0000,-0.0000,0.0000,0.0486,-0.0000,0.0000,0.0302,0.0000,0.0000,0.0000,0.0000,-0.0000,0.0087,0.0000,0.0000,42.9,42.9,42.9,42.9,42.9,42.9,42.9,42.9,-0.00,-0.00,-0.00,-0.00
1.632,HOVER,0.0000,-0.0000,0.0573,0.0000,0.0000,0.5000,0.4427,0.0000,-0.0000,0.0000,0.0510,-0.0000,0.0000,0.0325,0.0000,0.0000,0.0000,0.0000,-0.0000,0.0094,0.0000,0.0000,42.8,42.8,42.8,42.8,42.8,42.8,42.8,42.8,-0.00,-0.00,-0.00,-0.00
1.640,HOVER,0.0000,-0.0000,0.0598,0.0000,0.0000,0.5000,0.4402,0.0000,-0.0000,0.0000,0.0534,-0.0000,0.0000,0.0349,0.0000,0.0000,0.0000,0.0000,-0.0000,0.0100,0.0000,0.0000,42.7,42.7,42.7,42.7,42.7,42.7,42.7,42.7,-0.00,-0.00,-0.00,-0.00
1.648,HOVER,0.0000,-0.0000,0.0625,0.0000,0.0000,0.5000,0.4375,0.0000,-0.0000,0.0000,0.0558,-0.0000,0.0000,0.0373,0.0000,0.0000,0.0000,0.0000,-0.0000,0.0107,0.0000,0.0000,42.6,42.6,42.6,42.6,42.6,42.6,42.6,42.6,-0.00,-0.00,-0.00,-0.00
1.656,HOVER,0.0000,-0.0000,0.0652,0.0000,0.0000,0.5000,0.4348,0.0000,-0.0000,0.0000,0.0584,-0.0000,0.0000,0.0398,0.0000,0.0000,0.0000,0.0000,-0.0000,0.0115,0.0000,0.0000,42.5,42.5,42.5,42.5,42.5,42.5,42.5,42.5,-0.00,-0.00,-0.00,-0.00
1.664,HOVER,0.0000,-0.0000,0.0679,0.0000,0.0000,0.5000,0.4321,0.0000,0.0000,-0.0000,0.0610,-0.0000,0.0000,0.0423,0.0000,0.0000,0.0000,0.0000,-0.0000,0.0122,0.0000,0.0000,42.5,42.5,42.5,42.5,42.5,42.5,42.5,42.5,-0.00,-0.00,-0.00,-0.00
1.672,HOVER,0.0000,-0.0000,0.0707,0.0000,0.0000,0.5000,0.4293,0.0000,0.0000,-0.0000,0.0637,-0.0000,0.0000,0.0449,0.0000,0.0000,0.0000,0.0000,-0.0000,0.0130,0.0000,0.0000,42.4,42.4,42.4,42.4,42.4,42.4,42.4,42.4,-0.00,-0.00,-0.00,-0.00
1.680,HOVER,0.0000,-0.0000,0.0735,0.0000,0.0000,0.5000,0.4265,0.0000,0.0000,-0.0000,0.0664,-0.0000,0.0000,0.0475,0.0000,0.0000,0.0000,0.0000,-0.0000,0.0137,0.0000,0.0000,42.3,42.3,42.3,42.3,42.3,42.3,42.3,42.3,-0.00,-0.00,-0.00,-0.00
1.688,HOVER,0.0000,-0.0000,0.0764,0.0000,0.0000,0.5000,0.4236,0.0000,0.0000,-0.0000,0.0692,-0.0000,0.0000,0.0502,0.0000,0.0000,0.0000,0.0000,-0.0000,0.0145,0.0000,0.0000,42.3,42.3,42.3,42.3,42.3,42.3,42.3,42.3,-0.00,-0.00,-0.00,-0.00
1.696,HOVER,0.0000,-0.0000,0.0794,0.0000,0.0000,0.5000,0.4206,0.0000,0.0000,-0.0000,0.0720,-0.0000,0.0000,0.0529,0.0000,0.0000,0.0000,0.0000,-0.0000,0.0153,0.0000,0.0000,42.2,42.2,42.2,42.2,42.2,42.2,42.2,42.2,-0.00,-0.00,-0.00,-0.00
1.704,HOVER,0.0000,-0.0000,0.0824,0.0000,0.0000,0.5000,0.4176,0.0000,0.0000,-0.0000,0.0749,-0.0000,0.0000,0.0557,0.0000,0.0000,0.0000,0.0000,-0.0000,0.0161,0.0000,0.0000,42.1,42.1,42.1,42.1,42.1,42.1,42.1,42.1,-0.00,-0.00,-0.00,-0.00
1.712,HOVER,0.0000,-0.0000,0.0854,0.0000,0.0000,0.5000,0.4146,0.0000,0.0000,-0.0000,0.0778,-0.0000,0.0000,0.0585,0.0000,0.0000,0.0000,0.0000,-0.0000,0.0169,0.0000,0.0000,42.1,42.1,42.1,42.1,42.1,42.1,42.1,42.1,-0.00,-0.00,-0.00,-0.00
1.720,HOVER,0.0000,-0.0000,0.0884,0.0000,0.0000,0.5000,0.4116,0.0000,0.0000,-0.0000,0.0808,-0.0000,0.0000,0.0613,0.0000,0.0000,0.0000,0.0000,-0.0000,0.0177,0.0000,0.0000,42.0,42.0,42.0,42.0,42.0,42.0,42.0,42.0,-0.00,-0.00,-0.00,-0.00
1.728,HOVER,0.0000,-0.0000,0.0915,0.0000,0.0000,0.5000,0.4085,0.0000,0.0000,-0.0000,0.0839,-0.0000,0.0000,0.0642,0.0000,0.0000,0.0000,0.0000,-0.0000,0.0185,0.0000,0.0000,41.9,41.9,41.9,41.9,41.9,41.9,41.9,41.9,-0.00,-0.00,-0.00,-0.00
1.736,HOVER,0.0000,-0.0000,0.0947,0.0000,0.0000,0.5000,0.4053,0.0000,0.0000,-0.0000,0.0869,-0.0000,0.0000,0.0671,0.0000,0.0000,0.0000,0.0000,-0.0000,0.0193,0.0000,0.0000,41.9,41.9,41.9,41.9,41.9,41.9,41.9,41.9,-0.00,-0.00,-0.00,-0.00
1.744,HOVER,0.0000,-0.0000,0.0979,0.0000,0.0000,0.5000,0.4021,0.0000,0.0000,-0.0000,0.0901,-0.0000,0.0000,0.0700,0.0000,0.0000,0.0000,0.0000,-0.0000,0.0202,0.0000,0.0000,41.8,41.8,41.8,41.8,41.8,41.8,41.8,41.8,-0.00,-0.00,-0.00,-0.00
1.752,HOVER,0.0000,-0.0000,0.1011,0.0000,0.0000,0.5000,0.3989,0.0000,0.0000,-0.0000,0.0932,-0.0000,0.0000,0.0729,0.0000,0.0000,0.0000,0.0000,-0.0000,0.0210,0.0000,0.0000,41.8,41.8,41.8,41.8,41.8,41.8,41.8,41.8,-0.00,-0.00,-0.00,-0.00
1.760,HOVER,0.0000,-0.0000,0.1043,0.0000,0.0000,0.5000,0.3957,0.0000,0.0000,-0.0000,0.0964,-0.0000,0.0000,0.0759,0.0000,0.0000,0.0000,0.0000,-0.0000,0.0218,0.0000,0.0000,41.7,41.7,41.7,41.7,41.7,41.7,41.7,41.7,-0.00,-0.00,-0.00,-0.00
1.768,HOVER,0.0000,-0.0000,0.1075,0.0000,0.0000,0.5000,0.3925,0.0000,0.0000,-0.0000,0.0996,-0.0000,0.0000,0.0788,0.0000,0.0000,0.0000,0.0000,-0.0000,0.0227,0.0000,0.0000,41.7,41.7,41.7,41.7,41.7,41.7,41.7,41.7,-0.00,-0.00,-0.00,-0.00
1.776,HOVER,0.0000,-0.0000,0.1108,0.0000,0.0000,0.5000,0.3892,0.0000,0.0000,-0.0000,0.1029,-0.0000,0.0000,0.0818,0.0000,0.0000,0.0000,0.0000,-0.0000,0.0235,0.0000,0.0000,41.6,41.6,41.6,41.6,41.6,41.6,41.6,41.6,-0.00,-0.00,-0.00,-0.00
1.784,HOVER,0.0000,-0.0000,0.1141,0.0000,0.0000,0.5000,0.3859,0.0000,0.0000,-0.0000,0.1062,-0.0000,0.0000,0.0848,0.0000,0.0000,0.0000,0.0000,-0.0000,0.0244,0.0000,0.0000,41.6,41.6,41.6,41.6,41.6,41.6,41.6,41.6,-0.00,-0.00,-0.00,-0.00
1.792,HOVER,0.0000,-0.0000,0.1175,0.0000,0.0000,0.5000,0.3825,0.0000,0.0000,-0.0000,0.1095,-0.0000,0.0000,0.0878,0.0000,0.0000,0.0000,0.0000,-0.0000,0.0252,0.0000,0.0000,41.5,41.5,41.5,41.5,41.5,41.5,41.5,41.5,-0.00,-0.00,-0.00,-0.00
1.800,HOVER,0.0000,-0.0000,0.1208,0.0000,0.0000,0.5000,0.3792,0.0000,0.0000,-0.0000,0.1128,-0.0000,0.0000,0.0909,0.0000,0.0000,0.0000,0.0000,-0.0000,0.0261,0.0000,0.0000,41.4,41.4,41.4,41.4,41.4,41.4,41.4,41.4,-0.00,-0.00,-0.00,-0.00
1.808,HOVER,0.0000,-0.0000,0.1242,0.0000,0.0000,0.5000,0.3758,0.0000,0.0000,-0.0000,0.1162,-0.0000,0.0000,0.0939,0.0000,0.0000,0.0000,0.0000,-0.0000,0.0269,0.0000,0.0000,41.4,41.4,41.4,41.4,41.4,41.4,41.4,41.4,-0.00,-0.00,-0.00,-0.00
1.816,HOVER,0.0000,-0.0000,0.1276,0.0000,0.0000,0.5000,0.3724,0.0000,0.0000,-0.0000,0.1196,-0.0000,0.0000,0.0969,0.0000,0.0000,0.0000,0.0000,-0.0000,0.0278,0.0000,0.0000,41.4,41.4,41.4,41.4,41.4,41.4,41.4,41.4,-0.00,-0.00,-0.00,-0.00
1.824,HOVER,0.0000,-0.0000,0.1310,0.0000,0.0000,0.5000,0.3690,0.0000,0.0000,-0.0000,0.1230,-0.0000,0.0000,0.1000,0.0000,0.0000,0.0000,0.0000,-0.0000,0.0286,0.0000,0.0000,41.3,41.3,41.3,41.3,41.3,41.3,41.3,41.3,-0.00,-0.00,-0.00,-0.00
1.832,HOVER,0.0000,-0.0000,0.1344,0.0000,0.0000,0.5000,0.3656,0.0000,0.0000,-0.0000,0.1265,-0.0000,0.0000,0.1030,0.0000,0.0000,0.0000,0.0000,-0.0000,0.0295,0.0000,0.0000,41.3,41.3,41.3,41.3,41.3,41.3,41.3,41.3,-0.00,-0.00,-0.00,-0.00
1.840,HOVER,0.0000,-0.0000,0.1379,0.0000,0.0000,0.5000,0.3621,0.0000,0.0000,-0.0000,0.1299,-0.0000,0.0000,0.1061,0.0000,0.0000,0.0000,0.0000,-0.0000,0.0303,0.0000,0.0000,41.2,41.2,41.2,41.2,41.2,41.2,41.2,41.2,-0.00,-0.00,-0.00,-0.00
1.848,HOVER,0.0000,-0.0000,0.1413,0.0000,0.0000,0.5000,0.3587,0.0000,0.0000,-0.0000,0.1334,-0.0000,0.0000,0.1091,0.0000,0.0000,0.0000,0.0000,-0.0000,0.0311,0.0000,0.0000,41.2,41.2,41.2,41.2,41.2,41.2,41.2,41.2,-0.00,-0.00,-0.00,-0.00
1.856,HOVER,0.0000,-0.0000,0.1448,0.0000,0.0000,0.5000,0.3552,0.0000,0.0000,-0.0000,0.1369,-0.0000,0.0000,0.1121,0.0000,0.0000,0.0000,0.0000,-0.0000,0.0320,0.0000,0.0000,41.1,41.1,41.1,41.1,41.1,41.1,41.1,41.1,-0.00,-0.00,-0.00,-0.00
1.864,HOVER,0.0000,-0.0000,0.1482,0.0000,0.0000,0.5000,0.3518,0.0000,0.0000,-0.0000,0.1404,-0.0000,0.0000,0.1152,0.0000,0.0000,0.0000,0.0000,-0.0000,0.0328,0.0000,0.0000,41.1,41.1,41.1,41.1,41.1,41.1,41.1,41.1,-0.00,-0.00,-0.00,-0.00
1.872,HOVER,0.0000,-0.0000,0.1517,0.0000,0.0000,0.5000,0.3483,0.0000,0.0000,-0.0000,0.1439,-0.0000,0.0000,0.1182,0.0000,0.0000,0.0000,0.0000,-0.0000,0.0337,0.0000,0.0000,41.1,41.1,41.1,41.1,41.1,41.1,41.1,41.1,-0.00,-0.00,-0.00,-0.00
1.880,HOVER,0.0000,-0.0000,0.1552,0.0000,0.0000,0.5000,0.3448,0.0000,0.0000,-0.0000,0.1474,-0.0000,0.0000,0.1212,0.0000,0.0000,0.0000,0.0000,-0.0000,0.0345,0.0000,0.0000,41.0,41.0,41.0,41.0,41.0,41.0,41.0,41.0,-0.00,-0.00,-0.00,-0.00
1.888,HOVER,0.0000,-0.0000,0.1587,0.0000,0.0000,0.5000,0.3413,0.0000,0.0000,-0.0000,0.1509,-0.0000,0.0000,0.1242,0.0000,0.0000,0.0000,0.0000,-0.0000,0.0353,0.0000,0.0000,41.0,41.0,41.0,41.0,41.0,41.0,41.0,41.0,-0.00,-0.00,-0.00,-0.00
1.896,HOVER,0.0000,-0.0000,0.1622,0.0000,0.0000,0.5000,0.3378,0.0000,0.0000,-0.0000,0.1545,-0.0000,0.0000,0.1272,0.0000,0.0000,0.0000,0.0000,-0.0000,0.0361,0.0000,0.0000,40.9,40.9,40.9,40.9,40.9,40.9,40.9,40.9,-0.00,-0.00,-0.00,-0.00
1.904,HOVER,0.0000,-0.0000,0.1657,0.0000,0.0000,0.5000,0.3343,0.0000,0.0000,-0.0000,0.1580,-0.0000,0.0000,0.1302,0.0000,0.0000,0.0000,0.0000,-0.0000,0.0369,0.0000,0.0000,40.9,40.9,40.9,40.9,40.9,40.9,40.9,40.9,-0.00,-0.00,-0.00,-0.00
1.912,HOVER,0.0000,-0.0000,0.1692,0.0000,0.0000,0.5000,0.3308,0.0000,0.0000,-0.0000,0.1616,-0.0000,0.0000,0.1332,0.0000,0.0000,0.0000,0.0000,-0.0000,0.0378,0.0000,0.0000,40.9,40.9,40.9,40.9,40.9,40.9,40.9,40.9,-0.00,-0.00,-0.00,-0.00
1.920,HOVER,0.0000,-0.0000,0.1727,0.0000,0.0000,0.5000,0.3273,0.0000,0.0000,-0.0000,0.1651,-0.0000,0.0000,0.1362,0.0000,0.0000,0.0000,0.0000,-0.0000,0.0386,0.0000,0.0000,40.8,40.8,40.8,40.8,40.8,40.8,40.8,40.8,-0.00,-0.00,-0.00,-0.00
1.928,HOVER,0.0000,-0.0000,0.1761,0.0000,0.0000,0.5000,0.3239,0.0000,0.0000,-0.0000,0.1687,-0.0000,0.0000,0.1391,0.0000,0.0000,0.0000,0.0000,-0.0000,0.0393,0.0000,0.0000,40.8,40.8,40.8,40.8,40.8,40.8,40.8,40.8,-0.00,-0.00,-0.00,-0.00
1.936,HOVER,0.0000,-0.0000,0.1796,0.0000,0.0000,0.5000,0.3204,0.0000,0.0000,-0.0000,0.1722,-0.0000,0.0000,0.1420,0.0000,0.0000,0.0000,0.0000,-0.0000,0.0401,0.0000,0.0000,40.8,40.8,40.8,40.8,40.8,40.8,40.8,40.8,-0.00,-0.00,-0.00,-0.00
1.944,HOVER,0.0000,-0.0000,0.1831,0.0000,0.0000,0.5000,0.3169,0.0000,0.0000,-0.0000,0.1758,-0.0000,0.0000,0.1449,0.0000,0.0000,0.0000,0.0000,-0.0000,0.0409,0.0000,0.0000,40.7,40.7,40.7,40.7,40.7,40.7,40.7,40.7,-0.00,-0.00,-0.00,-0.00
1.952,HOVER,0.0000,-0.0000,0.1866,0.0000,0.0000,0.5000,0.3134,0.0000,0.0000,-0.0000,0.1794,-0.0000,0.0000,0.1478,0.0000,0.0000,0.0000,0.0000,-0.0000,0.0417,0.0000,0.0000,40.7,40.7,40.7,40.7,40.7,40.7,40.7,40.7,-0.00,-0.00,-0.00,-0.00
1.960,HOVER,0.0000,-0.0000,0.1901,0.0000,0.0000,0.5000,0.3099,0.0000,0.0000,-0.0000,0.1829,-0.0000,0.0000,0.1507,0.0000,0.0000,0.0000,0.0000,-0.0000,0.0425,0.0000,0.0000,40.7,40.7,40.7,40.7,40.7,40.7,40.7,40.7,-0.00,-0.00,-0.00,-0.00
1.968,HOVER,0.0000,-0.0000,0.1936,0.0000,0.0000,0.5000,0.3064,0.0000,0.0000,-0.0000,0.1865,-0.0000,0.0000,0.1536,0.0000,0.0000,0.0000,0.0000,-0.0000,0.0432,0.0000,0.0000,40.6,40.6,40.6,40.6,40.6,40.6,40.6,40.6,-0.00,-0.00,-0.00,-0.00
1.976,HOVER,0.0000,-0.0000,0.1971,0.0000,0.0000,0.5000,0.3029,0.0000,0.0000,-0.0000,0.1901,-0.0000,0.0000,0.1564,0.0000,0.0000,0.0000,0.0000,-0.0000,0.0440,0.0000,0.0000,40.6,40.6,40.6,40.6,40.6,40.6,40.6,40.6,-0.00,-0.00,-0.00,-0.00
1.984,HOVER,0.0000,-0.0000,0.2006,0.0000,0.0000,0.5000,0.2994,0.0000,0.0000,-0.0000,0.1936,-0.0000,0.0000,0.1592,0.0000,0.0000,0.0000,0.0000,-0.0000,0.0447,0.0000,0.0000,40.6,40.6,40.6,40.6,40.6,40.6,40.6,40.6,-0.00,-0.00,-0.00,-0.00
1.992,HOVER,0.0000,-0.0000,0.2040,0.0000,0.0000,0.5000,0.2960,0.0000,0.0000,-0.0000,0.1972,-0.0000,0.0000,0.1620,0.0000,0.0000,0.0000,0.0000,-0.0000,0.0454,0.0000,0.0000,40.6,40.6,40.6,40.6,40.6,40.6,40.6,40.6,-0.00,-0.00,-0.00,-0.00
2.000,HOVER,0.0000,-0.0000,0.2075,0.0000,0.0000,0.5000,0.2925,0.0000,0.0000,-0.0000,0.2007,-0.0000,0.0000,0.1648,0.0000,0.0000,0.0000,0.0000,-0.0000,0.0462,0.0000,0.0000,40.5,40.5,40.5,40.5,40.5,40.5,40.5,40.5,-0.00,-0.00,-0.00,-0.00
2.008,HOVER,0.0000,-0.0000,0.2109,0.0000,0.0000,0.5000,0.2891,0.0000,0.0000,-0.0000,0.2042,-0.0000,0.0000,0.1675,0.0000,0.0000,0.0000,0.0000,-0.0000,0.0469,0.0000,0.0000,40.5,40.5,40.5,40.5,40.5,40.5,40.5,40.5,-0.00,-0.00,-0.00,-0.00
2.016,HOVER,0.0000,-0.0000,0.2144,0.0000,0.0000,0.5000,0.2856,0.0000,0.0000,-0.0000,0.2078,-0.0000,0.0000,0.1702,0.0000,0.0000,0.0000,0.0000,-0.0000,0.0476,0.0000,0.0000,40.5,40.5,40.5,40.5,40.5,40.5,40.5,40.5,-0.00,-0.00,-0.00,-0.00
2.024,HOVER,0.0000,-0.0000,0.2178,0.0000,0.0000,0.5000,0.2822,0.0000,0.0000,-0.0000,0.2113,-0.0000,0.0000,0.1729,0.0000,0.0000,0.0000,0.0000,-0.0000,0.0483,0.0000,0.0000,40.5,40.5,40.5,40.5,40.5,40.5,40.5,40.5,-0.00,-0.00,-0.00,-0.00
2.032,HOVER,0.0000,-0.0000,0.2212,0.0000,0.0000,0.5000,0.2788,0.0000,0.0000,-0.0000,0.2148,-0.0000,0.0000,0.1755,0.0000,0.0000,0.0000,0.0000,-0.0000,0.0490,0.0000,0.0000,40.4,40.4,40.4,40.4,40.4,40.4,40.4,40.4,-0.00,-0.00,-0.00,-0.00
2.040,HOVER,0.0000,-0.0000,0.2246,0.0000,0.0000,0.5000,0.2754,0.0000,0.0000,-0.0000,0.2183,-0.0000,0.0000,0.1782,0.0000,0.0000,0.0000,0.0000,-0.0000,0.0496,0.0000,0.0000,40.4,40.4,40.4,40.4,40.4,40.4,40.4,40.4,-0.00,-0.00,-0.00,-0.00
2.048,HOVER,0.0000,-0.0000,0.2280,0.0000,0.0000,0.5000,0.2720,0.0000,0.0000,-0.0000,0.2218,-0.0000,0.0000,0.1808,0.0000,0.0000,0.0000,0.0000,-0.0000,0.0503,0.0000,0.0000,40.4,40.4,40.4,40.4,40.4,40.4,40.4,40.4,-0.00,-0.00,-0.00,-0.00
2.056,HOVER,0.0000,-0.0000,0.2314,0.0000,0.0000,0.5000,0.2686,0.0000,0.0000,-0.0000,0.2252,-0.0000,0.0000,0.1833,0.0000,0.0000,0.0000,0.0000,-0.0000,0.0509,0.0000,0.0000,40.4,40.4,40.4,40.4,40.4,40.4,40.4,40.4,-0.00,-0.00,-0.00,-0.00
2.064,HOVER,0.0000,-0.0000,0.2347,0.0000,0.0000,0.5000,0.2653,0.0000,0.0000,-0.0000,0.2287,-0.0000,0.0000,0.1859,0.0000,0.0000,0.0000,0.0000,-0.0000,0.0516,0.0000,0.0000,40.4,40.4,40.4,40.4,40.4,40.4,40.4,40.4,-0.00,-0.00,-0.00,-0.00
2.072,HOVER,0.0000,-0.0000,0.2381,0.0000,0.0000,0.5000,0.2619,0.0000,0.0000,-0.0000,0.2322,-0.0000,0.0000,0.1884,0.0000,0.0000,0.0000,0.0000,-0.0000,0.0522,0.0000,0.0000,40.3,40.3,40.3,40.3,40.3,40.3,40.3,40.3,-0.00,-0.00,-0.00,-0.00
2.080,HOVER,0.0000,-0.0000,0.2414,0.0000,0.0000,0.5000,0.2586,0.0000,0.0000,-0.0000,0.2356,-0.0000,0.0000,0.1909,0.0000,0.0000,0.0000,0.0000,-0.0000,0.0528,0.0000,0.0000,40.3,40.3,40.3,40.3,40.3,40.3,40.3,40.3,-0.00,-0.00,-0.00,-0.00
2.088,HOVER,0.0000,-0.0000,0.2447,0.0000,0.0000,0.5000,0.2553,0.0000,0.0000,-0.0000,0.2390,-0.0000,0.0000,0.1933,0.0000,0.0000,0.0000,0.0000,-0.0000,0.0534,0.0000,0.0000,40.3,40.3,40.3,40.3,40.3,40.3,40.3,40.3,-0.00,-0.00,-0.00,-0.00
2.096,HOVER,0.0000,-0.0000,0.2480,0.0000,0.0000,0.5000,0.2520,0.0000,0.0000,-0.0000,0.2424,-0.0000,0.0000,0.1957,0.0000,0.0000,0.0000,0.0000,-0.0000,0.0540,0.0000,0.0000,40.3,40.3,40.3,40.3,40.3,40.3,40.3,40.3,-0.00,-0.00,-0.00,-0.00
2.104,HOVER,0.0000,-0.0000,0.2513,0.0000,0.0000,0.5000,0.2487,0.0000,0.0000,-0.0000,0.2458,-0.0000,0.0000,0.1981,0.0000,0.0000,0.0000,0.0000,-0.0000,0.0546,0.0000,0.0000,40.3,40.3,40.3,40.3,40.3,40.3,40.3,40.3,-0.00,-0.00,-0.00,-0.00
2.112,HOVER,0.0000,-0.0000,0.2546,0.0000,0.0000,0.5000,0.2454,0.0000,0.0000,-0.0000,0.2492,-0.0000,0.0000,0.2004,0.0000,0.0000,0.0000,0.0000,-0.0000,0.0552,0.0000,0.0000,40.3,40.3,40.3,40.3,40.3,40.3,40.3,40.3,-0.00,-0.00,-0.00,-0.00
2.120,HOVER,0.0000,-0.0000,0.2578,0.0000,0.0000,0.5000,0.2422,0.0000,0.0000,-0.0000,0.2525,-0.0000,0.0000,0.2028,-0.0000,-0.0000,0.0000,0.0000,-0.0000,0.0558,0.0000,0.0000,40.2,40.2,40.2,40.2,40.2,40.2,40.2,40.2,-0.00,-0.00,-0.00,-0.00
2.128,HOVER,0.0000,-0.0000,0.2611,0.0000,0.0000,0.5000,0.2389,0.0000,0.0000,-0.0000,0.2559,-0.0000,0.0000,0.2050,-0.0000,-0.0000,0.0000,0.0000,-0.0000,0.0563,-0.0000,-0.0000,40.2,40.2,40.2,40.2,40.2,40.2,40.2,40.2,-0.00,-0.00,-0.00,-0.00
2.136,HOVER,0.0000,-0.0000,0.2643,0.0000,0.0000,0.5000,0.2357,0.0000,0.0000,-0.0000,0.2592,-0.0000,0.0000,0.2073,-0.0000,-0.0000,0.0000,0.0000,-0.0000,0.0569,-0.0000,-0.0000,40.2,40.2,40.2,40.2,40.2,40.2,40.2,40.2,-0.00,-0.00,-0.00,-0.00
2.144,HOVER,0.0000,-0.0000,0.2675,0.0000,0.0000,0.5000,0.2325,0.0000,0.0000,-0.0000,0.2625,-0.0000,0.0000,0.2095,-0.0000,-0.0000,0.0000,0.0000,-0.0000,0.0574,-0.0000,-0.0000,40.2,40.2,40.2,40.2,40.2,40.2,40.2,40.2,-0.00,-0.00,-0.00,-0.00
2.152,HOVER,0.0000,-0.0000,0.2707,0.0000,0.0000,0.5000,0.2293,0.0000,0.0000,-0.0000,0.2658,-0.0000,0.0000,0.2117,-0.0000,-0.0000,0.0000,0.0000,-0.0000,0.0579,-0.0000,-0.0000,40.2,40.2,40.2,40.2,40.2,40.2,40.2,40.2,-0.00,-0.00,-0.00,-0.00
2.160,HOVER,0.0000,-0.0000,0.2738,0.0000,0.0000,0.5000,0.2262,0.0000,0.0000,-0.0000,0.2691,-0.0000,0.0000,0.2138,-0.0000,-0.0000,0.0000,0.0000,-0.0000,0.0584,-0.0000,-0.0000,40.2,40.2,40.2,40.2,40.2,40.2,40.2,40.2,-0.00,-0.00,-0.00,-0.00
2.168,HOVER,0.0000,-0.0000,0.2770,0.0000,0.0000,0.5000,0.2230,0.0000,0.0000,-0.0000,0.2723,-0.0000,0.0000,0.2159,-0.0000,-0.0000,0.0000,0.0000,-0.0000,0.0589,-0.0000,-0.0000,40.2,40.2,40.2,40.2,40.2,40.2,40.2,40.2,-0.00,-0.00,-0.00,-0.00
2.176,HOVER,0.0000,-0.0000,0.2801,0.0000,0.0000,0.5000,0.2199,0.0000,0.0000,-0.0000,0.2755,-0.0000,0.0000,0.2180,-0.0000,-0.0000,0.0000,0.0000,-0.0000,0.0594,-0.0000,-0.0000,40.1,40.1,40.1,40.1,40.1,40.1,40.1,40.1,-0.00,-0.00,-0.00,-0.00
2.184,HOVER,0.0000,-0.0000,0.2832,0.0000,0.0000,0.5000,0.2168,0.0000,0.0000,-0.0000,0.2788,-0.0000,0.0000,0.2201,-0.0000,-0.0000,0.0000,0.0000,-0.0000,0.0599,-0.0000,-0.0000,40.1,40.1,40.1,40.1,40.1,40.1,40.1,40.1,-0.00,-0.00,-0.00,-0.00
2.192,HOVER,0.0000,-0.0000,0.2862,0.0000,0.0000,0.5000,0.2138,0.0000,0.0000,-0.0000,0.2819,-0.0000,0.0000,0.2221,-0.0000,-0.0000,0.0000,0.0000,-0.0000,0.0603,-0.0000,-0.0000,40.1,40.1,40.1,40.1,40.1,40.1,40.1,40.1,-0.00,-0.00,-0.00,-0.00
2.200,HOVER,0.0000,-0.0000,0.2893,0.0000,0.0000,0.5000,0.2107,0.0000,0.0000,-0.0000,0.2851,-0.0000,0.0000,0.2240,-0.0000,-0.0000,0.0000,0.0000,-0.0000,0.0608,-0.0000,-0.0000,40.1,40.1,40.1,40.1,40.1,40.1,40.1,40.1,-0.00,-0.00,-0.00,-0.00
2.208,HOVER,0.0000,-0.0000,0.2923,0.0000,0.0000,0.5000,0.2077,0.0000,0.0000,-0.0000,0.2883,-0.0000,0.0000,0.2259,-0.0000,-0.0000,0.0000,0.0000,-0.0000,0.0612,-0.0000,-0.0000,40.1,40.1,40.1,40.1,40.1,40.1,40.1,40.1,-0.00,-0.00,-0.00,-0.00
2.216,HOVER,0.0000,-0.0000,0.2953,0.0000,0.0000,0.5000,0.2047,0.0000,0.0000,-0.0000,0.2914,-0.0000,0.0000,0.2278,-0.0000,-0.0000,0.0000,0.0000,-0.0000,0.0616,-0.0000,-0.0000,40.1,40.1,40.1,40.1,40.1,40.1,40.1,40.1,-0.00,-0.00,-0.00,-0.00
2.224,HOVER,0.0000,-0.0000,0.2983,0.0000,0.0000,0.5000,0.2017,0.0000,0.0000,-0.0000,0.2945,-0.0000,0.0000,0.2297,-0.0000,-0.0000,0.0000,0.0000,-0.0000,0.0620,-0.0000,-0.0000,40.1,40.1,40.1,40.1,40.1,40.1,40.1,40.1,-0.00,-0.00,-0.00,-0.00
2.232,HOVER,0.0000,-0.0000,0.3013,0.0000,0.0000,0.5000,0.1987,0.0000,0.0000,-0.0000,0.2976,-0.0000,0.0000,0.2315,-0.0000,-0.0000,0.0000,0.0000,-0.0000,0.0624,-0.0000,-0.0000,40.1,40.1,40.1,40.1,40.1,40.1,40.1,40.1,-0.00,-0.00,-0.00,-0.00
2.240,HOVER,0.0000,-0.0000,0.3042,0.0000,0.0000,0.5000,0.1958,0.0000,0.0000,-0.0000,0.3006,-0.0000,0.0000,0.2333,-0.0000,-0.0000,0.0000,0.0000,-0.0000,0.0628,-0.0000,-0.0000,40.1,40.1,40.1,40.1,40.1,40.1,40.1,40.1,-0.00,-0.00,-0.00,-0.00
2.248,HOVER,0.0000,-0.0000,0.3072,0.0000,0.0000,0.5000,0.1928,0.0000,0.0000,-0.0000,0.3036,-0.0000,0.0000,0.2351,-0.0000,-0.0000,0.0000,0.0000,-0.0000,0.0632,-0.0000,-0.0000,40.1,40.1,40.1,40.1,40.1,40.1,40.1,40.1,-0.00,-0.00,-0.00,-0.00
2.256,HOVER,0.0000,-0.0000,0.3101,0.0000,0.0000,0.5000,0.1899,0.0000,0.0000,-0.0000,0.3066,-0.0000,0.0000,0.2368,-0.0000,-0.0000,0.0000,0.0000,-0.0000,0.0636,-0.0000,-0.0000,40.0,40.0,40.0,40.0,40.0,40.0,40.0,40.0,-0.00,-0.00,-0.00,-0.00
2.264,HOVER,0.0000,-0.0000,0.3129,0.0000,0.0000,0.5000,0.1871,0.0000,0.0000,-0.0000,0.3096,-0.0000,0.0000,0.2384,-0.0000,-0.0000,0.0000,0.0000,-0.0000,0.0639,-0.0000,-0.0000,40.0,40.0,40.0,40.0,40.0,40.0,40.0,40.0,-0.00,-0.00,-0.00,-0.00
2.272,HOVER,0.0000,-0.0000,0.3158,0.0000,0.0000,0.5000,0.1842,0.0000,0.0000,-0.0000,0.3126,-0.0000,0.0000,0.2401,-0.0000,-0.0000,0.0000,0.0000,-0.0000,0.0643,-0.0000,-0.0000,40.0,40.0,40.0,40.0,40.0,40.0,40.0,40.0,-0.00,-0.00,-0.00,-0.00
2.280,HOVER,0.0000,-0.0000,0.3186,0.0000,0.0000,0.5000,0.1814,0.0000,0.0000,-0.0000,0.3155,-0.0000,0.0000,0.2417,-0.0000,-0.0000,0.0000,0.0000,-0.0000,0.0646,-0.0000,-0.0000,40.0,40.0,40.0,40.0,40.0,40.0,40.0,40.0,-0.00,-0.00,-0.00,-0.00
2.288,HOVER,0.0000,-0.0000,0.3214,0.0000,0.0000,0.5000,0.1786,0.0000,0.0000,-0.0000,0.3184,-0.0000,0.0000,0.2432,-0.0000,-0.0000,0.0000,0.0000,-0.0000,0.0649,-0.0000,-0.0000,40.0,40.0,40.0,40.0,40.0,40.0,40.0,40.0,-0.00,-0.00,-0.00,-0.00
2.296,HOVER,0.0000,-0.0000,0.3242,0.0000,0.0000,0.5000,0.1758,0.0000,0.0000,-0.0000,0.3213,-0.0000,0.0000,0.2448,-0.0000,-0.0000,0.0000,0.0000,-0.0000,0.0652,-0.0000,-0.0000,40.0,40.0,40.0,40.0,40.0,40.0,40.0,40.0,-0.00,-0.00,-0.00,-0.00
2.304,HOVER,0.0000,-0.0000,0.3269,0.0000,0.0000,0.5000,0.1731,0.0000,0.0000,-0.0000,0.3242,-0.0000,0.0000,0.2462,-0.0000,-0.0000,0.0000,0.0000,-0.0000,0.0655,-0.0000,-0.0000,40.0,40.0,40.0,40.0,40.0,40.0,40.0,40.0,-0.00,-0.00,-0.00,-0.00
2.312,HOVER,0.0000,-0.0000,0.3297,0.0000,0.0000,0.5000,0.1703,0.0000,0.0000,-0.0000,0.3270,-0.0000,0.0000,0.2477,-0.0000,-0.0000,0.0000,0.0000,-0.0000,0.0658,-0.0000,-0.0000,40.0,40.0,40.0,40.0,40.0,40.0,40.0,40.0,-0.00,-0.00,-0.00,-0.00
2.320,HOVER,0.0000,-0.0000,0.3324,0.0000,0.0000,0.5000,0.1676,0.0000,0.0000,-0.0000,0.3299,-0.0000,0.0000,0.2491,-0.0000,-0.0000,0.0000,0.0000,-0.0000,0.0660,-0.0000,-0.0000,40.0,40.0,40.0,40.0,40.0,40.0,40.0,40.0,-0.00,-0.00,-0.00,-0.00
2.328,HOVER,0.0000,-0.0000,0.3350,0.0000,0.0000,0.5000,0.1650,0.0000,0.0000,-0.0000,0.3326,-0.0000,0.0000,0.2505,-0.0000,-0.0000,0.0000,0.0000,-0.0000,0.0663,-0.0000,-0.0000,40.0,40.0,40.0,40.0,40.0,40.0,40.0,40.0,-0.00,-0.00,-0.00,-0.00
2.336,HOVER,0.0000,-0.0000,0.3377,0.0000,0.0000,0.5000,0.1623,0.0000,0.0000,-0.0000,0.3354,-0.0000,0.0000,0.2518,-0.0000,-0.0000,0.0000,0.0000,-0.0000,0.0665,-0.0000,-0.0000,40.0,40.0,40.0,40.0,40.0,40.0,40.0,40.0,-0.00,-0.00,-0.00,-0.00
2.344,HOVER,0.0000,-0.0000,0.3403,0.0000,0.0000,0.5000,0.1597,0.0000,0.0000,-0.0000,0.3381,-0.0000,0.0000,0.2531,-0.0000,-0.0000,0.0000,0.0000,-0.0000,0.0668,-0.0000,-0.0000,40.0,40.0,40.0,40.0,40.0,40.0,40.0,40.0,-0.00,-0.00,-0.00,-0.00
2.352,HOVER,0.0000,-0.0000,0.3429,0.0000,0.0000,0.5000,0.1571,0.0000,0.0000,-0.0000,0.3409,-0.0000,0.0000,0.2544,-0.0000,-0.0000,0.0000,0.0000,-0.0000,0.0670,-0.0000,-0.0000,40.0,40.0,40.0,40.0,40.0,40.0,40.0,40.0,-0.00,-0.00,-0.00,-0.00
2.360,HOVER,0.0000,-0.0000,0.3455,0.0000,0.0000,0.5000,0.1545,0.0000,0.0000,-0.0000,0.3435,-0.0000,0.0000,0.2556,-0.0000,-0.0000,0.0000,0.0000,-0.0000,0.0672,-0.0000,-0.0000,40.0,40.0,40.0,40.0,40.0,40.0,40.0,40.0,-0.00,-0.00,-0.00,-0.00
2.368,HOVER,0.0000,-0.0000,0.3481,0.0000,0.0000,0.5000,0.1519,0.0000,0.0000,-0.0000,0.3462,-0.0000,0.0000,0.2568,-0.0000,-0.0000,0.0000,0.0000,-0.0000,0.0674,-0.0000,-0.0000,40.0,40.0,40.0,40.0,40.0,40.0,40.0,40.0,-0.00,-0.00,-0.00,-0.00
2.376,HOVER,0.0000,-0.0000,0.3506,0.0000,0.0000,0.5000,0.1494,0.0000,0.0000,-0.0000,0.3488,-0.0000,0.0000,0.2580,-0.0000,-0.0000,0.0000,0.0000,-0.0000,0.0676,-0.0000,-0.0000,40.0,40.0,40.0,40.0,40.0,40.0,40.0,40.0,-0.00,-0.00,-0.00,-0.00
2.384,HOVER,0.0000,-0.0000,0.3531,0.0000,0.0000,0.5000,0.1469,0.0000,0.0000,-0.0000,0.3515,-0.0000,0.0000,0.2591,-0.0000,-0.0000,0.0000,0.0000,-0.0000,0.0678,-0.0000,-0.0000,40.0,40.0,40.0,40.0,40.0,40.0,40.0,40.0,-0.00,-0.00,-0.00,-0.00
2.392,HOVER,0.0000,-0.0000,0.3556,0.0000,0.0000,0.5000,0.1444,0.0000,0.0000,-0.0000,0.3540,-0.0000,0.0000,0.2602,-0.0000,-0.0000,0.0000,0.0000,-0.0000,0.0679,-0.0000,-0.0000,40.0,40.0,40.0,40.0,40.0,40.0,40.0,40.0,-0.00,-0.00,-0.00,-0.00
2.400,HOVER,0.0000,-0.0000,0.3580,0.0000,0.0000,0.5000,0.1420,0.0000,0.0000,-0.0000,0.3566,-0.0000,0.0000,0.2613,-0.0000,-0.0000,0.0000,0.0000,-0.0000,0.0681,-0.0000,-0.0000,40.0,40.0,40.0,40.0,40.0,40.0,40.0,40.0,-0.00,-0.00,-0.00,-0.00
2.408,HOVER,0.0000,-0.0000,0.3605,0.0000,0.0000,0.5000,0.1395,0.0000,0.0000,-0.0000,0.3591,-0.0000,0.0000,0.2623,-0.0000,-0.0000,0.0000,0.0000,-0.0000,0.0682,-0.0000,-0.0000,40.0,40.0,40.0,40.0,40.0,40.0,40.0,40.0,-0.00,-0.00,-0.00,-0.00
2.416,HOVER,0.0000,-0.0000,0.3629,0.0000,0.0000,0.5000,0.1371,0.0000,0.0000,-0.0000,0.3616,-0.0000,0.0000,0.2633,-0.0000,-0.0000,0.0000,0.0000,-0.0000,0.0684,-0.0000,-0.0000,40.0,40.0,40.0,40.0,40.0,40.0,40.0,40.0,-0.00,-0.00,-0.00,-0.00
2.424,HOVER,0.0000,-0.0000,0.3653,0.0000,0.0000,0.5000,0.1347,0.0000,0.0000,-0.0000,0.3641,-0.0000,0.0000,0.2642,-0.0000,-0.0000,0.0000,0.0000,-0.0000,0.0685,-0.0000,-0.0000,40.0,40.0,40.0,40.0,40.0,40.0,40.0,40.0,-0.00,-0.00,-0.00,-0.00
2.432,HOVER,0.0000,-0.0000,0.3676,0.0000,0.0000,0.5000,0.1324,0.0000,0.0000,-0.0000,0.3666,-0.0000,0.0000,0.2651,-0.0000,-0.0000,0.0000,0.0000,-0.0000,0.0686,-0.0000,-0.0000,40.0,40.0,40.0,40.0,40.0,40.0,40.0,40.0,-0.00,-0.00,-0.00,-0.00
2.440,HOVER,0.0000,-0.0000,0.3699,0.0000,0.0000,0.5000,0.1301,0.0000,0.0000,-0.0000,0.3690,-0.0000,0.0000,0.2660,-0.0000,-0.0000,0.0000,0.0000,-0.0000,0.0687,-0.0000,-0.0000,40.0,40.0,40.0,40.0,40.0,40.0,40.0,40.0,-0.00,-0.00,-0.00,-0.00
2.448,HOVER,0.0000,-0.0000,0.3723,0.0000,0.0000,0.5000,0.1277,0.0000,0.0000,-0.0000,0.3714,-0.0000,0.0000,0.2669,-0.0000,-0.0000,0.0000,0.0000,-0.0000,0.0688,-0.0000,-0.0000,40.0,40.0,40.0,40.0,40.0,40.0,40.0,40.0,-0.00,-0.00,-0.00,-0.00
2.456,HOVER,0.0000,-0.0000,0.3745,0.0000,0.0000,0.5000,0.1255,0.0000,0.0000,-0.0000,0.3738,-0.0000,0.0000,0.2677,-0.0000,-0.0000,0.0000,0.0000,-0.0000,0.0689,-0.0000,-0.0000,40.0,40.0,40.0,40.0,40.0,40.0,40.0,40.0,-0.00,-0.00,-0.00,-0.00
2.464,HOVER,0.0000,-0.0000,0.3768,0.0000,0.0000,0.5000,0.1232,0.0000,0.0000,-0.0000,0.3762,-0.0000,0.0000,0.2684,-0.0000,-0.0000,0.0000,0.0000,-0.0000,0.0689,-0.0000,-0.0000,40.0,40.0,40.0,40.0,40.0,40.0,40.0,40.0,-0.00,-0.00,-0.00,-0.00
2.472,HOVER,0.0000,-0.0000,0.3790,0.0000,0.0000,0.5000,0.1210,0.0000,0.0000,-0.0000,0.3785,-0.0000,0.0000,0.2692,-0.0000,-0.0000,0.0000,0.0000,-0.0000,0.0690,-0.0000,-0.0000,40.0,40.0,40.0,40.0,40.0,40.0,40.0,40.0,-0.00,-0.00,-0.00,-0.00
2.480,HOVER,0.0000,-0.0000,0.3812,0.0000,0.0000,0.5000,0.1188,0.0000,0.0000,-0.0000,0.3808,-0.0000,0.0000,0.2699,-0.0000,-0.0000,0.0000,0.0000,-0.0000,0.0690,-0.0000,-0.0000,40.0,40.0,40.0,40.0,40.0,40.0,40.0,40.0,-0.00,-0.00,-0.00,-0.00
2.488,HOVER,0.0000,-0.0000,0.3834,0.0000,0.0000,0.5000,0.1166,0.0000,0.0000,-0.0000,0.3831,-0.0000,0.0000,0.2706,-0.0000,-0.0000,0.0000,0.0000,-0.0000,0.0691,-0.0000,-0.0000,40.0,40.0,40.0,40.0,40.0,40.0,40.0,40.0,-0.00,-0.00,-0.00,-0.00
2.496,HOVER,0.0000,-0.0000,0.3856,0.0000,0.0000,0.5000,0.1144,0.0000,0.0000,-0.0000,0.3853,-0.0000,0.0000,0.2712,-0.0000,-0.0000,0.0000,0.0000,-0.0000,0.0691,-0.0000,-0.0000,40.0,40.0,40.0,40.0,40.0,40.0,40.0,40.0,-0.00,-0.00,-0.00,-0.00
2.504,HOVER,0.0000,-0.0000,0.3877,0.0000,0.0000,0.5000,0.1123,0.0000,0.0000,-0.0000,0.3875,-0.0000,0.0000,0.2718,-0.0000,-0.0000,0.0000,0.0000,-0.0000,0.0691,-0.0000,-0.0000,40.0,40.0,40.0,40.0,40.0,40.0,40.0,40.0,-0.00,-0.00,-0.00,-0.00
2.512,HOVER,0.0000,-0.0000,0.3898,0.0000,0.0000,0.5000,0.1102,0.0000,0.0000,-0.0000,0.3897,-0.0000,0.0000,0.2724,-0.0000,-0.0000,0.0000,0.0000,-0.0000,0.0691,-0.0000,-0.0000,40.0,40.0,40.0,40.0,40.0,40.0,40.0,40.0,-0.00,-0.00,-0.00,-0.00
2.520,HOVER,0.0000,-0.0000,0.3919,0.0000,0.0000,0.5000,0.1081,0.0000,0.0000,-0.0000,0.3919,-0.0000,0.0000,0.2729,-0.0000,-0.0000,0.0000,0.0000,-0.0000,0.0691,-0.0000,-0.0000,40.0,40.0,40.0,40.0,40.0,40.0,40.0,40.0,-0.00,-0.00,-0.00,-0.00
2.528,HOVER,0.0000,-0.0000,0.3939,0.0000,0.0000,0.5000,0.1061,0.0000,0.0000,-0.0000,0.3940,-0.0000,0.0000,0.2735,-0.0000,-0.0000,0.0000,0.0000,-0.0000,0.0691,-0.0000,-0.0000,40.0,40.0,40.0,40.0,40.0,40.0,40.0,40.0,-0.00,-0.00,-0.00,-0.00
2.536,HOVER,0.0000,-0.0000,0.3960,0.0000,0.0000,0.5000,0.1040,0.0000,0.0000,-0.0000,0.3962,-0.0000,0.0000,0.2739,-0.0000,-0.0000,0.0000,0.0000,-0.0000,0.0691,-0.0000,-0.0000,40.0,40.0,40.0,40.0,40.0,40.0,40.0,40.0,-0.00,-0.00,-0.00,-0.00
2.544,HOVER,0.0000,-0.0000,0.3980,0.0000,0.0000,0.5000,0.1020,0.0000,0.0000,-0.0000,0.3983,-0.0000,0.0000,0.2744,-0.0000,-0.0000,0.0000,0.0000,-0.0000,0.0691,-0.0000,-0.0000,40.0,40.0,40.0,40.0,40.0,40.0,40.0,40.0,-0.00,-0.00,-0.00,-0.00
2.552,HOVER,0.0000,-0.0000,0.3999,0.0000,0.0000,0.5000,0.1001,0.0000,0.0000,-0.0000,0.4003,-0.0000,0.0000,0.2748,-0.0000,-0.0000,0.0000,0.0000,-0.0000,0.0690,-0.0000,-0.0000,40.0,40.0,40.0,40.0,40.0,40.0,40.0,40.0,-0.00,-0.00,-0.00,-0.00
2.560,HOVER,0.0000,-0.0000,0.4019,0.0000,0.0000,0.5000,0.0981,0.0000,0.0000,-0.0000,0.4024,-0.0000,0.0000,0.2752,-0.0000,-0.0000,0.0000,0.0000,-0.0000,0.0690,-0.0000,-0.0000,40.0,40.0,40.0,40.0,40.0,40.0,40.0,40.0,-0.00,-0.00,-0.00,-0.00
2.568,HOVER,0.0000,-0.0000,0.4038,0.0000,0.0000,0.5000,0.0962,0.0000,0.0000,-0.0000,0.4044,-0.0000,0.0000,0.2756,-0.0000,-0.0000,0.0000,0.0000,-0.0000,0.0689,-0.0000,-0.0000,40.0,40.0,40.0,40.0,40.0,40.0,40.0,40.0,-0.00,-0.00,-0.00,-0.00
2.576,HOVER,0.0000,-0.0000,0.4057,0.0000,0.0000,0.5000,0.0943,0.0000,0.0000,-0.0000,0.4064,-0.0000,0.0000,0.2759,-0.0000,-0.0000,0.0000,0.0000,-0.0000,0.0688,-0.0000,-0.0000,40.0,40.0,40.0,40.0,40.0,40.0,40.0,40.0,-0.00,-0.00,-0.00,-0.00
2.584,HOVER,0.0000,-0.0000,0.4076,0.0000,0.0000,0.5000,0.0924,0.0000,0.0000,-0.0000,0.4083,-0.0000,0.0000,0.2762,-0.0000,-0.0000,0.0000,0.0000,-0.0000,0.0688,-0.0000,-0.0000,40.0,40.0,40.0,40.0,40.0,40.0,40.0,40.0,-0.00,-0.00,-0.00,-0.00
2.592,HOVER,0.0000,-0.0000,0.4095,0.0000,0.0000,0.5000,0.0905,0.0000,0.0000,-0.0000,0.4103,-0.0000,0.0000,0.2764,-0.0000,-0.0000,0.0000,0.0000,-0.0000,0.0687,-0.0000,-0.0000,40.0,40.0,40.0,40.0,40.0,40.0,40.0,40.0,-0.00,-0.00,-0.00,-0.00
2.600,HOVER,0.0000,-0.0000,0.4113,0.0000,0.0000,0.5000,0.0887,0.0000,0.0000,-0.0000,0.4122,-0.0000,0.0000,0.2767,-0.0000,-0.0000,0.0000,0.0000,-0.0000,0.0686,-0.0000,-0.0000,40.0,40.0,40.0,40.0,40.0,40.0,40.0,40.0,-0.00,-0.00,-0.00,-0.00
2.608,HOVER,0.0000,-0.0000,0.4131,0.0000,0.0000,0.5000,0.0869,0.0000,0.0000,-0.0000,0.4141,-0.0000,0.0000,0.2769,-0.0000,-0.0000,0.0000,0.0000,-0.0000,0.0685,-0.0000,-0.0000,40.0,40.0,40.0,40.0,40.0,40.0,40.0,40.0,-0.00,-0.00,-0.00,-0.00
2.616,HOVER,0.0000,-0.0000,0.4149,0.0000,0.0000,0.5000,0.0851,0.0000,0.0000,-0.0000,0.4160,-0.0000,0.0000,0.2771,-0.0000,-0.0000,0.0000,0.0000,-0.0000,0.0684,-0.0000,-0.0000,40.0,40.0,40.0,40.0,40.0,40.0,40.0,40.0,-0.00,-0.00,-0.00,-0.00
2.624,HOVER,0.0000,-0.0000,0.4167,0.0000,0.0000,0.5000,0.0833,0.0000,0.0000,-0.0000,0.4178,-0.0000,0.0000,0.2772,-0.0000,-0.0000,0.0000,0.0000,-0.0000,0.0682,-0.0000,-0.0000,40.0,40.0,40.0,40.0,40.0,40.0,40.0,40.0,-0.00,-0.00,-0.00,-0.00
2.632,HOVER,0.0000,-0.0000,0.4184,0.0000,0.0000,0.5000,0.0816,0.0000,0.0000,-0.0000,0.4196,-0.0000,0.0000,0.2773,-0.0000,-0.0000,0.0000,0.0000,-0.0000,0.0681,-0.0000,-0.0000,40.0,40.0,40.0,40.0,40.0,40.0,40.0,40.0,-0.00,-0.00,-0.00,-0.00
2.640,HOVER,0.0000,-0.0000,0.4202,0.0000,0.0000,0.5000,0.0798,0.0000,0.0000,-0.0000,0.4214,-0.0000,0.0000,0.2774,-0.0000,-0.0000,0.0000,0.0000,-0.0000,0.0680,-0.0000,-0.0000,40.0,40.0,40.0,40.0,40.0,40.0,40.0,40.0,-0.00,-0.00,-0.00,-0.00
2.648,HOVER,0.0000,-0.0000,0.4219,0.0000,0.0000,0.5000,0.0781,0.0000,0.0000,-0.0000,0.4232,-0.0000,0.0000,0.2775,-0.0000,-0.0000,0.0000,0.0000,-0.0000,0.0678,-0.0000,-0.0000,40.0,40.0,40.0,40.0,40.0,40.0,40.0,40.0,-0.00,-0.00,-0.00,-0.00
2.656,HOVER,0.0000,-0.0000,0.4235,0.0000,0.0000,0.5000,0.0765,0.0000,0.0000,-0.0000,0.4250,-0.0000,0.0000,0.2775,-0.0000,-0.0000,0.0000,0.0000,-0.0000,0.0677,-0.0000,-0.0000,40.0,40.0,40.0,40.0,40.0,40.0,40.0,40.0,-0.00,-0.00,-0.00,-0.00
2.664,HOVER,0.0000,-0.0000,0.4252,0.0000,0.0000,0.5000,0.0748,0.0000,0.0000,-0.0000,0.4267,-0.0000,0.0000,0.2776,-0.0000,-0.0000,0.0000,0.0000,-0.0000,0.0675,-0.0000,-0.0000,40.0,40.0,40.0,40.0,40.0,40.0,40.0,40.0,-0.00,-0.00,-0.00,-0.00
2.672,HOVER,0.0000,-0.0000,0.4268,0.0000,0.0000,0.5000,0.0732,0.0000,0.0000,-0.0000,0.4284,-0.0000,0.0000,0.2775,-0.0000,-0.0000,0.0000,0.0000,-0.0000,0.0674,-0.0000,-0.0000,40.0,40.0,40.0,40.0,40.0,40.0,40.0,40.0,-0.00,-0.00,-0.00,-0.00
2.680,HOVER,0.0000,-0.0000,0.4284,0.0000,0.0000,0.5000,0.0716,0.0000,0.0000,-0.0000,0.4301,-0.0000,0.0000,0.2775,-0.0000,-0.0000,0.0000,0.0000,-0.0000,0.0672,-0.0000,-0.0000,40.0,40.0,40.0,40.0,40.0,40.0,40.0,40.0,-0.00,-0.00,-0.00,-0.00
2.688,HOVER,0.0000,-0.0000,0.4300,0.0000,0.0000,0.5000,0.0700,0.0000,0.0000,-0.0000,0.4317,-0.0000,0.0000,0.2774,-0.0000,-0.0000,0.0000,0.0000,-0.0000,0.0670,-0.0000,-0.0000,40.0,40.0,40.0,40.0,40.0,40.0,40.0,40.0,-0.00,-0.00,-0.00,-0.00
2.696,HOVER,0.0000,-0.0000,0.4316,0.0000,0.0000,0.5000,0.0684,0.0000,0.0000,-0.0000,0.4333,-0.0000,0.0000,0.2773,-0.0000,-0.0000,0.0000,0.0000,-0.0000,0.0668,-0.0000,-0.0000,40.0,40.0,40.0,40.0,40.0,40.0,40.0,40.0,-0.00,-0.00,-0.00,-0.00
2.704,HOVER,0.0000,-0.0000,0.4331,0.0000,0.0000,0.5000,0.0669,0.0000,0.0000,-0.0000,0.4350,-0.0000,0.0000,0.2772,-0.0000,-0.0000,0.0000,0.0000,-0.0000,0.0666,-0.0000,-0.0000,40.0,40.0,40.0,40.0,40.0,40.0,40.0,40.0,-0.00,-0.00,-0.00,-0.00
2.712,HOVER,0.0000,-0.0000,0.4346,0.0000,0.0000,0.5000,0.0654,0.0000,0.0000,-0.0000,0.4365,-0.0000,0.0000,0.2771,-0.0000,-0.0000,0.0000,0.0000,-0.0000,0.0664,-0.0000,-0.0000,40.0,40.0,40.0,40.0,40.0,40.0,40.0,40.0,-0.00,-0.00,-0.00,-0.00
2.720,HOVER,0.0000,-0.0000,0.4361,0.0000,0.0000,0.5000,0.0639,0.0000,0.0000,-0.0000,0.4381,-0.0000,0.0000,0.2769,-0.0000,-0.0000,0.0000,0.0000,-0.0000,0.0662,-0.0000,-0.0000,40.0,40.0,40.0,40.0,40.0,40.0,40.0,40.0,-0.00,-0.00,-0.00,-0.00
2.728,HOVER,0.0000,-0.0000,0.4376,0.0000,0.0000,0.5000,0.0624,0.0000,0.0000,-0.0000,0.4396,-0.0000,0.0000,0.2767,-0.0000,-0.0000,0.0000,0.0000,-0.0000,0.0660,-0.0000,-0.0000,40.1,40.1,40.1,40.1,40.1,40.1,40.1,40.1,-0.00,-0.00,-0.00,-0.00
2.736,HOVER,0.0000,-0.0000,0.4391,0.0000,0.0000,0.5000,0.0609,0.0000,0.0000,-0.0000,0.4412,-0.0000,0.0000,0.2765,-0.0000,-0.0000,0.0000,0.0000,-0.0000,0.0658,-0.0000,-0.0000,40.1,40.1,40.1,40.1,40.1,40.1,40.1,40.1,-0.00,-0.00,-0.00,-0.00
2.744,HOVER,0.0000,-0.0000,0.4405,0.0000,0.0000,0.5000,0.0595,0.0000,0.0000,-0.0000,0.4427,-0.0000,0.0000,0.2763,-0.0000,-0.0000,0.0000,0.0000,-0.0000,0.0655,-0.0000,-0.0000,40.1,40.1,40.1,40.1,40.1,40.1,40.1,40.1,-0.00,-0.00,-0.00,-0.00
2.752,HOVER,0.0000,-0.0000,0.4419,0.0000,0.0000,0.5000,0.0581,0.0000,0.0000,-0.0000,0.4441,-0.0000,0.0000,0.2760,-0.0000,-0.0000,0.0000,0.0000,-0.0000,0.0653,-0.0000,-0.0000,40.1,40.1,40.1,40.1,40.1,40.1,40.1,40.1,-0.00,-0.00,-0.00,-0.00
2.760,HOVER,0.0000,-0.0000,0.4433,0.0000,0.0000,0.5000,0.0567,0.0000,0.0000,-0.0000,0.4456,-0.0000,0.0000,0.2757,-0.0000,-0.0000,0.0000,0.0000,-0.0000,0.0651,-0.0000,-0.0000,40.1,40.1,40.1,40.1,40.1,40.1,40.1,40.1,-0.00,-0.00,-0.00,-0.00
2.768,HOVER,0.0000,-0.0000,0.4447,0.0000,0.0000,0.5000,0.0553,0.0000,0.0000,-0.0000,0.4470,-0.0000,0.0000,0.2754,-0.0000,-0.0000,0.0000,0.0000,-0.0000,0.0648,-0.0000,-0.0000,40.1,40.1,40.1,40.1,40.1,40.1,40.1,40.1,-0.00,-0.00,-0.00,-0.00
2.776,HOVER,0.0000,-0.0000,0.4460,0.0000,0.0000,0.5000,0.0540,0.0000,0.0000,-0.0000,0.4484,-0.0000,0.0000,0.2751,-0.0000,-0.0000,0.0000,0.0000,-0.0000,0.0645,-0.0000,-0.0000,40.1,40.1,40.1,40.1,40.1,40.1,40.1,40.1,-0.00,-0.00,-0.00,-0.00
2.784,HOVER,0.0000,-0.0000,0.4473,0.0000,0.0000,0.5000,0.0527,0.0000,0.0000,-0.0000,0.4498,-0.0000,0.0000,0.2747,-0.0000,-0.0000,0.0000,0.0000,-0.0000,0.0643,-0.0000,-0.0000,40.1,40.1,40.1,40.1,40.1,40.1,40.1,40.1,-0.00,-0.00,-0.00,-0.00
2.792,HOVER,0.0000,-0.0000,0.4487,0.0000,0.0000,0.5000,0.0513,0.0000,0.0000,-0.0000,0.4512,-0.0000,0.0000,0.2744,-0.0000,-0.0000,0.0000,0.0000,-0.0000,0.0640,-0.0000,-0.0000,40.1,40.1,40.1,40.1,40.1,40.1,40.1,40.1,-0.00,-0.00,-0.00,-0.00
2.800,HOVER,0.0000,-0.0000,0.4499,0.0000,0.0000,0.5000,0.0501,0.0000,0.0000,-0.0000,0.4525,-0.0000,0.0000,0.2740,-0.0000,-0.0000,0.0000,0.0000,-0.0000,0.0637,-0.0000,-0.0000,40.1,40.1,40.1,40.1,40.1,40.1,40.1,40.1,-0.00,-0.00,-0.00,-0.00
2.808,HOVER,0.0000,-0.0000,0.4512,0.0000,0.0000,0.5000,0.0488,0.0000,0.0000,-0.0000,0.4538,-0.0000,0.0000,0.2735,-0.0000,-0.0000,0.0000,0.0000,-0.0000,0.0635,-0.0000,-0.0000,40.1,40.1,40.1,40.1,40.1,40.1,40.1,40.1,-0.00,-0.00,-0.00,-0.00
2.816,HOVER,0.0000,-0.0000,0.4525,0.0000,0.0000,0.5000,0.0475,0.0000,0.0000,-0.0000,0.4551,-0.0000,0.0000,0.2731,-0.0000,-0.0000,0.0000,0.0000,-0.0000,0.0632,-0.0000,-0.0000,40.1,40.1,40.1,40.1,40.1,40.1,40.1,40.1,-0.00,-0.00,-0.00,-0.00
2.824,HOVER,0.0000,-0.0000,0.4537,0.0000,0.0000,0.5000,0.0463,0.0000,0.0000,-0.0000,0.4564,-0.0000,0.0000,0.2726,-0.0000,-0.0000,0.0000,0.0000,-0.0000,0.0629,-0.0000,-0.0000,40.1,40.1,40.1,40.1,40.1,40.1,40.1,40.1,-0.00,-0.00,-0.00,-0.00
2.832,HOVER,0.0000,-0.0000,0.4549,0.0000,0.0000,0.5000,0.0451,0.0000,0.0000,-0.0000,0.4577,-0.0000,0.0000,0.2722,-0.0000,-0.0000,0.0000,0.0000,-0.0000,0.0626,-0.0000,-0.0000,40.1,40.1,40.1,40.1,40.1,40.1,40.1,40.1,-0.00,-0.00,-0.00,-0.00
2.840,HOVER,0.0000,-0.0000,0.4561,0.0000,0.0000,0.5000,0.0439,0.0000,0.0000,-0.0000,0.4589,-0.0000,0.0000,0.2717,-0.0000,-0.0000,0.0000,0.0000,-0.0000,0.0623,-0.0000,-0.0000,40.1,40.1,40.1,40.1,40.1,40.1,40.1,40.1,-0.00,-0.00,-0.00,-0.00
2.848,HOVER,0.0000,-0.0000,0.4573,0.0000,0.0000,0.5000,0.0427,0.0000,0.0000,-0.0000,0.4602,-0.0000,0.0000,0.2712,-0.0000,-0.0000,0.0000,0.0000,-0.0000,0.0620,-0.0000,-0.0000,40.1,40.1,40.1,40.1,40.1,40.1,40.1,40.1,-0.00,-0.00,-0.00,-0.00
2.856,HOVER,0.0000,-0.0000,0.4584,0.0000,0.0000,0.5000,0.0416,0.0000,0.0000,-0.0000,0.4614,-0.0000,0.0000,0.2706,-0.0000,-0.0000,0.0000,0.0000,-0.0000,0.0617,-0.0000,-0.0000,40.1,40.1,40.1,40.1,40.1,40.1,40.1,40.1,-0.00,-0.00,-0.00,-0.00
2.864,HOVER,0.0000,-0.0000,0.4596,0.0000,0.0000,0.5000,0.0404,0.0000,0.0000,-0.0000,0.4625,-0.0000,0.0000,0.2701,-0.0000,-0.0000,0.0000,0.0000,-0.0000,0.0614,-0.0000,-0.0000,40.1,40.1,40.1,40.1,40.1,40.1,40.1,40.1,-0.00,-0.00,-0.00,-0.00
2.872,HOVER,0.0000,-0.0000,0.4607,0.0000,0.0000,0.5000,0.0393,0.0000,0.0000,-0.0000,0.4637,-0.0000,0.0000,0.2695,-0.0000,-0.0000,0.0000,0.0000,-0.0000,0.0610,-0.0000,-0.0000,40.1,40.1,40.1,40.1,40.1,40.1,40.1,40.1,-0.00,-0.00,-0.00,-0.00
2.880,HOVER,0.0000,-0.0000,0.4618,0.0000,0.0000,0.5000,0.0382,0.0000,0.0000,-0.0000,0.4648,-0.0000,0.0000,0.2689,-0.0000,-0.0000,0.0000,0.0000,-0.0000,0.0607,-0.0000,-0.0000,40.1,40.1,40.1,40.1,40.1,40.1,40.1,40.1,-0.00,-0.00,-0.00,-0.00
2.888,HOVER,0.0000,-0.0000,0.4629,0.0000,0.0000,0.5000,0.0371,0.0000,0.0000,-0.0000,0.4660,-0.0000,0.0000,0.2683,-0.0000,-0.0000,0.0000,0.0000,-0.0000,0.0604,-0.0000,-0.0000,40.2,40.2,40.2,40.2,40.2,40.2,40.2,40.2,-0.00,-0.00,-0.00,-0.00
2.896,HOVER,0.0000,-0.0000,0.4639,0.0000,0.0000,0.5000,0.0361,0.0000,0.0000,-0.0000,0.4671,-0.0000,0.0000,0.2677,-0.0000,-0.0000,0.0000,0.0000,-0.0000,0.0601,-0.0000,-0.0000,40.2,40.2,40.2,40.2,40.2,40.2,40.2,40.2,-0.00,-0.00,-0.00,-0.00
2.904,HOVER,0.0000,-0.0000,0.4650,0.0000,0.0000,0.5000,0.0350,0.0000,0.0000,-0.0000,0.4682,-0.0000,0.0000,0.2670,-0.0000,-0.0000,0.0000,0.0000,-0.0000,0.0597,-0.0000,-0.0000,40.2,40.2,40.2,40.2,40.2,40.2,40.2,40.2,-0.00,-0.00,-0.00,-0.00
2.912,HOVER,0.0000,-0.0000,0.4660,0.0000,0.0000,0.5000,0.0340,0.0000,0.0000,-0.0000,0.4692,-0.0000,0.0000,0.2663,-0.0000,-0.0000,0.0000,0.0000,-0.0000,0.0594,-0.0000,-0.0000,40.2,40.2,40.2,40.2,40.2,40.2,40.2,40.2,-0.00,-0.00,-0.00,-0.00
2.920,HOVER,0.0000,-0.0000,0.4670,0.0000,0.0000,0.5000,0.0330,0.0000,0.0000,-0.0000,0.4703,-0.0000,0.0000,0.2657,-0.0000,-0.0000,0.0000,0.0000,-0.0000,0.0590,-0.0000,-0.0000,40.2,40.2,40.2,40.2,40.2,40.2,40.2,40.2,-0.00,-0.00,-0.00,-0.00
2.928,HOVER,0.0000,-0.0000,0.4680,0.0000,0.0000,0.5000,0.0320,0.0000,0.0000,-0.0000,0.4713,-0.0000,0.0000,0.2650,-0.0000,-0.0000,0.0000,0.0000,-0.0000,0.0587,-0.0000,-0.0000,40.2,40.2,40.2,40.2,40.2,40.2,40.2,40.2,-0.00,-0.00,-0.00,-0.00
2.936,HOVER,0.0000,-0.0000,0.4690,0.0000,0.0000,0.5000,0.0310,0.0000,0.0000,-0.0000,0.4723,-0.0000,0.0000,0.2643,-0.0000,-0.0000,0.0000,0.0000,-0.0000,0.0583,-0.0000,-0.0000,40.2,40.2,40.2,40.2,40.2,40.2,40.2,40.2,-0.00,-0.00,-0.00,-0.00
2.944,HOVER,0.0000,-0.0000,0.4699,0.0000,0.0000,0.5000,0.0301,0.0000,0.0000,-0.0000,0.4733,-0.0000,0.0000,0.2635,-0.0000,-0.0000,0.0000,0.0000,-0.0000,0.0580,-0.0000,-0.0000,40.2,40.2,40.2,40.2,40.2,40.2,40.2,40.2,-0.00,-0.00,-0.00,-0.00
2.952,HOVER,0.0000,-0.0000,0.4709,0.0000,0.0000,0.5000,0.0291,0.0000,0.0000,-0.0000,0.4743,-0.0000,0.0000,0.2628,-0.0000,-0.0000,0.0000,0.0000,-0.0000,0.0576,-0.0000,-0.0000,40.2,40.2,40.2,40.2,40.2,40.2,40.2,40.2,-0.00,-0.00,-0.00,-0.00
2.960,HOVER,0.0000,-0.0000,0.4718,0.0000,0.0000,0.5000,0.0282,0.0000,0.0000,-0.0000,0.4753,-0.0000,0.0000,0.2620,-0.0000,-0.0000,0.0000,0.0000,-0.0000,0.0572,-0.0000,-0.0000,40.2,40.2,40.2,40.2,40.2,40.2,40.2,40.2,-0.00,-0.00,-0.00,-0.00
2.968,HOVER,0.0000,-0.0000,0.4727,0.0000,0.0000,0.5000,0.0273,0.0000,0.0000,-0.0000,0.4762,-0.0000,0.0000,0.2613,-0.0000,-0.0000,0.0000,0.0000,-0.0000,0.0569,-0.0000,-0.0000,40.2,40.2,40.2,40.2,40.2,40.2,40.2,40.2,-0.00,-0.00,-0.00,-0.00
2.976,HOVER,0.0000,-0.0000,0.4736,0.0000,0.0000,0.5000,0.0264,0.0000,0.0000,-0.0000,0.4771,-0.0000,0.0000,0.2605,-0.0000,-0.0000,0.0000,0.0000,-0.0000,0.0565,-0.0000,-0.0000,40.2,40.2,40.2,40.2,40.2,40.2,40.2,40.2,-0.00,-0.00,-0.00,-0.00
2.984,HOVER,0.0000,-0.0000,0.4745,0.0000,0.0000,0.5000,0.0255,0.0000,0.0000,-0.0000,0.4780,-0.0000,0.0000,0.2597,-0.0000,-0.0000,0.0000,0.0000,-0.0000,0.0561,-0.0000,-0.0000,40.2,40.2,40.2,40.2,40.2,40.2,40.2,40.2,-0.00,-0.00,-0.00,-0.00
2.992,HOVER,0.0000,-0.0000,0.4754,0.0000,0.0000,0.5000,0.0246,0.0000,0.0000,-0.0000,0.4789,-0.0000,0.0000,0.2589,-0.0000,-0.0000,0.0000,0.0000,-0.0000,0.0557,-0.0000,-0.0000,40.2,40.2,40.2,40.2,40.2,40.2,40.2,40.2,-0.00,-0.00,-0.00,-0.00
3.000,HOVER,0.0000,-0.0000,0.4762,0.0000,0.0000,0.5000,0.0238,0.0000,0.0000,-0.0000,0.4798,-0.0000,0.0000,0.2580,-0.0000,-0.0000,0.0000,0.0000,-0.0000,0.0553,-0.0000,-0.0000,40.2,40.2,40.2,40.2,40.2,40.2,40.2,40.2,-0.00,-0.00,-0.00,-0.00
3.008,HOVER,0.0000,-0.0000,0.4771,0.0000,0.0000,0.5000,0.0229,0.0000,0.0000,-0.0000,0.4807,-0.0000,0.0000,0.2572,-0.0000,-0.0000,0.0000,0.0000,-0.0000,0.0550,-0.0000,-0.0000,40.2,40.2,40.2,40.2,40.2,40.2,40.2,40.2,-0.00,-0.00,-0.00,-0.00
3.016,HOVER,0.0000,-0.0000,0.4779,0.0000,0.0000,0.5000,0.0221,0.0000,0.0000,-0.0000,0.4815,-0.0000,0.0000,0.2563,-0.0000,-0.0000,0.0000,0.0000,-0.0000,0.0546,-0.0000,-0.0000,40.2,40.2,40.2,40.2,40.2,40.2,40.2,40.2,-0.00,-0.00,-0.00,-0.00
3.024,HOVER,0.0000,-0.0000,0.4787,0.0000,0.0000,0.5000,0.0213,0.0000,0.0000,-0.0000,0.4824,-0.0000,0.0000,0.2555,-0.0000,-0.0000,0.0000,0.0000,-0.0000,0.0542,-0.0000,-0.0000,40.2,40.2,40.2,40.2,40.2,40.2,40.2,40.2,-0.00,-0.00,-0.00,-0.00
3.032,HOVER,0.0000,-0.0000,0.4795,0.0000,0.0000,0.5000,0.0205,0.0000,0.0000,-0.0000,0.4832,-0.0000,0.0000,0.2546,-0.0000,-0.0000,0.0000,0.0000,-0.0000,0.0538,-0.0000,-0.0000,40.2,40.2,40.2,40.2,40.2,40.2,40.2,40.2,-0.00,-0.00,-0.00,-0.00
3.040,HOVER,0.0000,-0.0000,0.4802,0.0000,0.0000,0.5000,0.0198,0.0000,0.0000,-0.0000,0.4840,-0.0000,0.0000,0.2537,-0.0000,-0.0000,0.0000,0.0000,-0.0000,0.0534,-0.0000,-0.0000,40.2,40.2,40.2,40.2,40.2,40.2,40.2,40.2,-0.00,-0.00,-0.00,-0.00
3.048,HOVER,0.0000,-0.0000,0.4810,0.0000,0.0000,0.5000,0.0190,0.0000,0.0000,-0.0000,0.4848,-0.0000,0.0000,0.2528,-0.0000,-0.0000,0.0000,0.0000,-0.0000,0.0530,-0.0000,-0.0000,40.3,40.3,40.3,40.3,40.3,40.3,40.3,40.3,-0.00,-0.00,-0.00,-0.00
3.056,HOVER,0.0000,-0.0000,0.4817,0.0000,0.0000,0.5000,0.0183,0.0000,0.0000,-0.0000,0.4855,-0.0000,0.0000,0.2519,-0.0000,-0.0000,0.0000,0.0000,-0.0000,0.0526,-0.0000,-0.0000,40.3,40.3,40.3,40.3,40.3,40.3,40.3,40.3,-0.00,-0.00,-0.00,-0.00
3.064,HOVER,0.0000,-0.0000,0.4825,0.0000,0.0000,0.5000,0.0175,0.0000,0.0000,-0.0000,0.4863,-0.0000,0.0000,0.2510,-0.0000,-0.0000,0.0000,0.0000,-0.0000,0.0522,-0.0000,-0.0000,40.3,40.3,40.3,40.3,40.3,40.3,40.3,40.3,-0.00,-0.00,-0.00,-0.00
3.072,HOVER,0.0000,-0.0000,0.4832,0.0000,0.0000,0.5000,0.0168,0.0000,0.0000,-0.0000,0.4870,-0.0000,0.0000,0.2500,-0.0000,-0.0000,0.0000,0.0000,-0.0000,0.0518,-0.0000,-0.0000,40.3,40.3,40.3,40.3,40.3,40.3,40.3,40.3,-0.00,-0.00,-0.00,-0.00
3.080,HOVER,0.0000,-0.0000,0.4839,0.0000,0.0000,0.5000,0.0161,0.0000,0.0000,-0.0000,0.4877,-0.0000,0.0000,0.2491,-0.0000,-0.0000,0.0000,0.0000,-0.0000,0.0513,-0.0000,-0.0000,40.3,40.3,40.3,40.3,40.3,40.3,40.3,40.3,-0.00,-0.00,-0.00,-0.00
3.088,HOVER,0.0000,-0.0000,0.4846,0.0000,0.0000,0.5000,0.0154,0.0000,0.0000,-0.0000,0.4885,-0.0000,0.0000,0.2481,-0.0000,-0.0000,0.0000,0.0000,-0.0000,0.0509,-0.0000,-0.0000,40.3,40.3,40.3,40.3,40.3,40.3,40.3,40.3,-0.00,-0.00,-0.00,-0.00
3.096,HOVER,0.0000,-0.0000,0.4853,0.0000,0.0000,0.5000,0.0147,0.0000,0.0000,-0.0000,0.4891,-0.0000,0.0000,0.2471,-0.0000,-0.0000,0.0000,0.0000,-0.0000,0.0505,-0.0000,-0.0000,40.3,40.3,40.3,40.3,40.3,40.3,40.3,40.3,-0.00,-0.00,-0.00,-0.00
3.104,HOVER,0.0000,-0.0000,0.4859,0.0000,0.0000,0.5000,0.0141,0.0000,0.0000,-0.0000,0.4898,-0.0000,0.0000,0.2462,-0.0000,-0.0000,0.0000,0.0000,-0.0000,0.0501,-0.0000,-0.0000,40.3,40.3,40.3,40.3,40.3,40.3,40.3,40.3,-0.00,-0.00,-0.00,-0.00
3.112,HOVER,0.0000,-0.0000,0.4866,0.0000,0.0000,0.5000,0.0134,0.0000,0.0000,-0.0000,0.4905,-0.0000,0.0000,0.2452,-0.0000,-0.0000,0.0000,0.0000,-0.0000,0.0497,-0.0000,-0.0000,40.3,40.3,40.3,40.3,40.3,40.3,40.3,40.3,-0.00,-0.00,-0.00,-0.00
3.120,HOVER,0.0000,-0.0000,0.4872,0.0000,0.0000,0.5000,0.0128,0.0000,0.0000,-0.0000,0.4912,-0.0000,0.0000,0.2442,-0.0000,-0.0000,0.0000,0.0000,-0.0000,0.0493,-0.0000,-0.0000,40.3,40.3,40.3,40.3,40.3,40.3,40.3,40.3,-0.00,-0.00,-0.00,-0.00
3.128,HOVER,0.0000,-0.0000,0.4878,0.0000,0.0000,0.5000,0.0122,0.0000,0.0000,-0.0000,0.4918,-0.0000,0.0000,0.2432,-0.0000,-0.0000,0.0000,0.0000,-0.0000,0.0488,-0.0000,-0.0000,40.3,40.3,40.3,40.3,40.3,40.3,40.3,40.3,-0.00,-0.00,-0.00,-0.00
3.136,HOVER,0.0000,-0.0000,0.4884,0.0000,0.0000,0.5000,0.0116,0.0000,0.0000,-0.0000,0.4924,-0.0000,0.0000,0.2422,-0.0000,-0.0000,0.0000,0.0000,-0.0000,0.0484,-0.0000,-0.0000,40.3,40.3,40.3,40.3,40.3,40.3,40.3,40.3,-0.00,-0.00,-0.00,-0.00
3.144,HOVER,0.0000,-0.0000,0.4890,0.0000,0.0000,0.5000,0.0110,0.0000,0.0000,-0.0000,0.4930,-0.0000,0.0000,0.2411,-0.0000,-0.0000,0.0000,0.0000,-0.0000,0.0480,-0.0000,-0.0000,40.3,40.3,40.3,40.3,40.3,40.3,40.3,40.3,-0.00,-0.00,-0.00,-0.00
3.152,HOVER,0.0000,-0.0000,0.4896,0.0000,0.0000,0.5000,0.0104,0.0000,0.0000,-0.0000,0.4936,-0.0000,0.0000,0.2401,-0.0000,-0.0000,0.0000,0.0000,-0.0000,0.0476,-0.0000,-0.0000,40.3,40.3,40.3,40.3,40.3,40.3,40.3,40.3,-0.00,-0.00,-0.00,-0.00
3.160,HOVER,0.0000,-0.0000,0.4902,0.0000,0.0000,0.5000,0.0098,0.0000,0.0000,-0.0000,0.4942,-0.0000,0.0000,0.2391,-0.0000,-0.0000,0.0000,0.0000,-0.0000,0.0471,-0.0000,-0.0000,40.3,40.3,40.3,40.3,40.3,40.3,40.3,40.3,-0.00,-0.00,-0.00,-0.00
3.168,HOVER,0.0000,-0.0000,0.4908,0.0000,0.0000,0.5000,0.0092,0.0000,0.0000,-0.0000,0.4948,-0.0000,0.0000,0.2380,-0.0000,-0.0000,0.0000,0.0000,-0.0000,0.0467,-0.0000,-0.0000,40.3,40.3,40.3,40.3,40.3,40.3,40.3,40.3,-0.00,-0.00,-0.00,-0.00
3.176,HOVER,0.0000,-0.0000,0.4913,0.0000,0.0000,0.5000,0.0087,0.0000,0.0000,-0.0000,0.4954,-0.0000,0.0000,0.2369,-0.0000,-0.0000,0.0000,0.0000,-0.0000,0.0463,-0.0000,-0.0000,40.3,40.3,40.3,40.3,40.3,40.3,40.3,40.3,-0.00,-0.00,-0.00,-0.00
3.184,HOVER,0.0000,-0.0000,0.4919,0.0000,0.0000,0.5000,0.0081,0.0000,0.0000,-0.0000,0.4959,-0.0000,0.0000,0.2359,-0.0000,-0.0000,0.0000,0.0000,-0.0000,0.0458,-0.0000,-0.0000,40.3,40.3,40.3,40.3,40.3,40.3,40.3,40.3,-0.00,-0.00,-0.00,-0.00
3.192,HOVER,0.0000,-0.0000,0.4924,0.0000,0.0000,0.5000,0.0076,0.0000,0.0000,-0.0000,0.4965,-0.0000,0.0000,0.2348,-0.0000,-0.0000,0.0000,0.0000,-0.0000,0.0454,-0.0000,-0.0000,40.3,40.3,40.3,40.3,40.3,40.3,40.3,40.3,-0.00,-0.00,-0.00,-0.00
3.200,HOVER,0.0000,-0.0000,0.4929,0.0000,0.0000,0.5000,0.0071,0.0000,0.0000,-0.0000,0.4970,-0.0000,0.0000,0.2337,-0.0000,-0.0000,0.0000,0.0000,-0.0000,0.0450,-0.0000,-0.0000,40.3,40.3,40.3,40.3,40.3,40.3,40.3,40.3,-0.00,-0.00,-0.00,-0.00
3.208,HOVER,0.0000,-0.0000,0.4934,0.0000,0.0000,0.5000,0.0066,0.0000,0.0000,-0.0000,0.4975,-0.0000,0.0000,0.2326,-0.0000,-0.0000,0.0000,0.0000,-0.0000,0.0445,-0.0000,-0.0000,40.4,40.4,40.4,40.4,40.4,40.4,40.4,40.4,-0.00,-0.00,-0.00,-0.00
3.216,HOVER,0.0000,-0.0000,0.4939,0.0000,0.0000,0.5000,0.0061,0.0000,0.0000,-0.0000,0.4980,-0.0000,0.0000,0.2316,-0.0000,-0.0000,0.0000,0.0000,-0.0000,0.0441,-0.0000,-0.0000,40.4,40.4,40.4,40.4,40.4,40.4,40.4,40.4,-0.00,-0.00,-0.00,-0.00
3.224,HOVER,0.0000,-0.0000,0.4944,0.0000,0.0000,0.5000,0.0056,0.0000,0.0000,-0.0000,0.4985,-0.0000,0.0000,0.2305,-0.0000,-0.0000,0.0000,0.0000,-0.0000,0.0437,-0.0000,-0.0000,40.4,40.4,40.4,40.4,40.4,40.4,40.4,40.4,-0.00,-0.00,-0.00,-0.00
3.232,HOVER,0.0000,-0.0000,0.4949,0.0000,0.0000,0.5000,0.0051,0.0000,0.0000,-0.0000,0.4990,-0.0000,0.0000,0.2293,-0.0000,-0.0000,0.0000,0.0000,-0.0000,0.0432,-0.0000,-0.0000,40.4,40.4,40.4,40.4,40.4,40.4,40.4,40.4,-0.00,-0.00,-0.00,-0.00
3.240,HOVER,0.0000,-0.0000,0.4953,0.0000,0.0000,0.5000,0.0047,0.0000,0.0000,-0.0000,0.4994,-0.0000,0.0000,0.2282,-0.0000,-0.0000,0.0000,0.0000,-0.0000,0.0428,-0.0000,-0.0000,40.4,40.4,40.4,40.4,40.4,40.4,40.4,40.4,-0.00,-0.00,-0.00,-0.00
3.248,HOVER,0.0000,-0.0000,0.4958,0.0000,0.0000,0.5000,0.0042,0.0000,0.0000,-0.0000,0.4999,-0.0000,0.0000,0.2271,-0.0000,-0.0000,0.0000,0.0000,-0.0000,0.0423,-0.0000,-0.0000,40.4,40.4,40.4,40.4,40.4,40.4,40.4,40.4,-0.00,-0.00,-0.00,-0.00
3.256,HOVER,0.0000,-0.0000,0.4962,0.0000,0.0000,0.5000,0.0038,0.0000,0.0000,-0.0000,0.5004,-0.0000,0.0000,0.2260,-0.0000,-0.0000,0.0000,0.0000,-0.0000,0.0419,-0.0000,-0.0000,40.4,40.4,40.4,40.4,40.4,40.4,40.4,40.4,-0.00,-0.00,-0.00,-0.00
3.264,HOVER,0.0000,-0.0000,0.4967,0.0000,0.0000,0.5000,0.0033,0.0000,0.0000,-0.0000,0.5008,-0.0000,0.0000,0.2249,-0.0000,-0.0000,0.0000,0.0000,-0.0000,0.0415,-0.0000,-0.0000,40.4,40.4,40.4,40.4,40.4,40.4,40.4,40.4,-0.00,-0.00,-0.00,-0.00
3.272,HOVER,0.0000,-0.0000,0.4971,0.0000,0.0000,0.5000,0.0029,0.0000,0.0000,-0.0000,0.5012,-0.0000,0.0000,0.2237,-0.0000,-0.0000,0.0000,0.0000,-0.0000,0.0410,-0.0000,-0.0000,40.4,40.4,40.4,40.4,40.4,40.4,40.4,40.4,-0.00,-0.00,-0.00,-0.00
3.280,HOVER,0.0000,-0.0000,0.4975,0.0000,0.0000,0.5000,0.0025,0.0000,0.0000,-0.0000,0.5016,-0.0000,0.0000,0.2226,-0.0000,-0.0000,0.0000,0.0000,-0.0000,0.0406,-0.0000,-0.0000,40.4,40.4,40.4,40.4,40.4,40.4,40.4,40.4,-0.00,-0.00,-0.00,-0.00
3.288,HOVER,0.0000,-0.0000,0.4979,0.0000,0.0000,0.5000,0.0021,0.0000,0.0000,-0.0000,0.5020,-0.0000,0.0000,0.2215,-0.0000,-0.0000,0.0000,0.0000,-0.0000,0.0401,-0.0000,-0.0000,40.4,40.4,40.4,40.4,40.4,40.4,40.4,40.4,-0.00,-0.00,-0.00,-0.00
3.296,HOVER,0.0000,-0.0000,0.4983,0.0000,0.0000,0.5000,0.0017,0.0000,0.0000,-0.0000,0.5024,-0.0000,0.0000,0.2203,-0.0000,-0.0000,0.0000,0.0000,-0.0000,0.0397,-0.0000,-0.0000,40.4,40.4,40.4,40.4,40.4,40.4,40.4,40.4,-0.00,-0.00,-0.00,-0.00
3.304,HOVER,0.0000,-0.0000,0.4987,0.0000,0.0000,0.5000,0.0013,0.0000,0.0000,-0.0000,0.5028,-0.0000,0.0000,0.2192,-0.0000,-0.0000,0.0000,0.0000,-0.0000,0.0393,-0.0000,-0.0000,40.4,40.4,40.4,40.4,40.4,40.4,40.4,40.4,-0.00,-0.00,-0.00,-0.00
3.312,HOVER,0.0000,-0.0000,0.4991,0.0000,0.0000,0.5000,0.0010,0.0000,0.0000,-0.0000,0.5032,-0.0000,0.0000,0.2180,-0.0000,-0.0000,0.0000,0.0000,-0.0000,0.0388,-0.0000,-0.0000,40.4,40.4,40.4,40.4,40.4,40.4,40.4,40.4,-0.00,-0.00,-0.00,-0.00
3.320,HOVER,0.0000,-0.0000,0.4994,0.0000,0.0000,0.5000,0.0006,0.0000,0.0000,-0.0000,0.5036,-0.0000,0.0000,0.2168,-0.0000,-0.0000,0.0000,0.0000,-0.0000,0.0384,-0.0000,-0.0000,40.4,40.4,40.4,40.4,40.4,40.4,40.4,40.4,-0.00,-0.00,-0.00,-0.00
3.328,HOVER,0.0000,-0.0000,0.4998,0.0000,0.0000,0.5000,0.0002,0.0000,0.0000,-0.0000,0.5039,-0.0000,0.0000,0.2157,-0.0000,-0.0000,0.0000,0.0000,-0.0000,0.0379,-0.0000,-0.0000,40.4,40.4,40.4,40.4,40.4,40.4,40.4,40.4,-0.00,-0.00,-0.00,-0.00
3.336,HOVER,0.0000,-0.0000,0.5001,0.0000,0.0000,0.5000,0.0001,0.0000,0.0000,-0.0000,0.5043,-0.0000,0.0000,0.2145,-0.0000,-0.0000,0.0000,0.0000,-0.0000,0.0375,-0.0000,-0.0000,40.4,40.4,40.4,40.4,40.4,40.4,40.4,40.4,-0.00,-0.00,-0.00,-0.00
3.344,HOVER,0.0000,-0.0000,0.5005,0.0000,0.0000,0.5000,0.0005,0.0000,0.0000,-0.0000,0.5046,-0.0000,0.0000,0.2134,-0.0000,-0.0000,0.0000,0.0000,-0.0000,0.0370,-0.0000,-0.0000,40.4,40.4,40.4,40.4,40.4,40.4,40.4,40.4,-0.00,-0.00,-0.00,-0.00
3.352,HOVER,0.0000,-0.0000,0.5008,0.0000,0.0000,0.5000,0.0008,0.0000,0.0000,-0.0000,0.5050,-0.0000,0.0000,0.2122,-0.0000,-0.0000,0.0000,0.0000,-0.0000,0.0366,-0.0000,-0.0000,40.4,40.4,40.4,40.4,40.4,40.4,40.4,40.4,-0.00,-0.00,-0.00,-0.00
3.360,HOVER,0.0000,-0.0000,0.5011,0.0000,0.0000,0.5000,0.0011,0.0000,0.0000,-0.0000,0.5053,-0.0000,0.0000,0.2110,-0.0000,-0.0000,0.0000,0.0000,-0.0000,0.0362,-0.0000,-0.0000,40.4,40.4,40.4,40.4,40.4,40.4,40.4,40.4,-0.00,-0.00,-0.00,-0.00
3.368,HOVER,0.0000,-0.0000,0.5014,0.0000,0.0000,0.5000,0.0014,0.0000,0.0000,-0.0000,0.5056,-0.0000,0.0000,0.2098,-0.0000,-0.0000,0.0000,0.0000,-0.0000,0.0357,-0.0000,-0.0000,40.4,40.4,40.4,40.4,40.4,40.4,40.4,40.4,-0.00,-0.00,-0.00,-0.00
3.376,HOVER,0.0000,-0.0000,0.5017,0.0000,0.0000,0.5000,0.0017,0.0000,0.0000,-0.0000,0.5059,-0.0000,0.0000,0.2086,-0.0000,-0.0000,0.0000,0.0000,-0.0000,0.0353,-0.0000,-0.0000,40.4,40.4,40.4,40.4,40.4,40.4,40.4,40.4,-0.00,-0.00,-0.00,-0.00
3.384,HOVER,0.0000,-0.0000,0.5020,0.0000,0.0000,0.5000,0.0020,0.0000,0.0000,-0.0000,0.5062,-0.0000,0.0000,0.2075,-0.0000,-0.0000,0.0000,0.0000,-0.0000,0.0348,-0.0000,-0.0000,40.4,40.4,40.4,40.4,40.4,40.4,40.4,40.4,-0.00,-0.00,-0.00,-0.00
3.392,HOVER,0.0000,-0.0000,0.5023,0.0000,0.0000,0.5000,0.0023,0.0000,0.0000,-0.0000,0.5065,-0.0000,0.0000,0.2063,-0.0000,-0.0000,0.0000,0.0000,-0.0000,0.0344,-0.0000,-0.0000,40.5,40.5,40.5,40.5,40.5,40.5,40.5,40.5,-0.00,-0.00,-0.00,-0.00
3.400,HOVER,0.0000,-0.0000,0.5026,0.0000,0.0000,0.5000,0.0026,0.0000,0.0000,-0.0000,0.5068,-0.0000,0.0000,0.2051,-0.0000,-0.0000,0.0000,0.0000,-0.0000,0.0340,-0.0000,-0.0000,40.5,40.5,40.5,40.5,40.5,40.5,40.5,40.5,-0.00,-0.00,-0.00,-0.00
3.408,HOVER,0.0000,-0.0000,0.5029,0.0000,0.0000,0.5000,0.0029,0.0000,0.0000,-0.0000,0.5070,-0.0000,0.0000,0.2039,-0.0000,-0.0000,0.0000,0.0000,-0.0000,0.0335,-0.0000,-0.0000,40.5,40.5,40.5,40.5,40.5,40.5,40.5,40.5,-0.00,-0.00,-0.00,-0.00
3.416,HOVER,0.0000,-0.0000,0.5032,0.0000,0.0000,0.5000,0.0032,0.0000,0.0000,-0.0000,0.5073,-0.0000,0.0000,0.2027,-0.0000,-0.0000,0.0000,0.0000,-0.0000,0.0331,-0.0000,-0.0000,40.5,40.5,40.5,40.5,40.5,40.5,40.5,40.5,-0.00,-0.00,-0.00,-0.00
3.424,HOVER,0.0000,-0.0000,0.5034,0.0000,0.0000,0.5000,0.0034,0.0000,0.0000,-0.0000,0.5076,-0.0000,0.0000,0.2015,-0.0000,-0.0000,0.0000,0.0000,-0.0000,0.0326,-0.0000,-0.0000,40.5,40.5,40.5,40.5,40.5,40.5,40.5,40.5,-0.00,-0.00,-0.00,-0.00
3.432,HOVER,0.0000,-0.0000,0.5037,0.0000,0.0000,0.5000,0.0037,0.0000,0.0000,-0.0000,0.5078,-0.0000,0.0000,0.2003,-0.0000,-0.0000,0.0000,0.0000,-0.0000,0.0322,-0.0000,-0.0000,40.5,40.5,40.5,40.5,40.5,40.5,40.5,40.5,-0.00,-0.00,-0.00,-0.00
3.440,HOVER,0.0000,-0.0000,0.5039,0.0000,0.0000,0.5000,0.0039,0.0000,0.0000,-0.0000,0.5080,-0.0000,0.0000,0.1991,-0.0000,-0.0000,0.0000,0.0000,-0.0000,0.0318,-0.0000,-0.0000,40.5,40.5,40.5,40.5,40.5,40.5,40.5,40.5,-0.00,-0.00,-0.00,-0.00
3.448,HOVER,0.0000,-0.0000,0.5042,0.0000,0.0000,0.5000,0.0042,0.0000,0.0000,-0.0000,0.5083,-0.0000,0.0000,0.1979,-0.0000,-0.0000,0.0000,0.0000,-0.0000,0.0313,-0.0000,-0.0000,40.5,40.5,40.5,40.5,40.5,40.5,40.5,40.5,-0.00,-0.00,-0.00,-0.00
3.456,HOVER,0.0000,-0.0000,0.5044,0.0000,0.0000,0.5000,0.0044,0.0000,0.0000,-0.0000,0.5085,-0.0000,0.0000,0.1967,-0.0000,-0.0000,0.0000,0.0000,-0.0000,0.0309,-0.0000,-0.0000,40.5,40.5,40.5,40.5,40.5,40.5,40.5,40.5,-0.00,-0.00,-0.00,-0.00
3.464,HOVER,0.0000,-0.0000,0.5046,0.0000,0.0000,0.5000,0.0046,0.0000,0.0000,-0.0000,0.5087,-0.0000,0.0000,0.1955,-0.0000,-0.0000,0.0000,0.0000,-0.0000,0.0305,-0.0000,-0.0000,40.5,40.5,40.5,40.5,40.5,40.5,40.5,40.5,-0.00,-0.00,-0.00,-0.00
3.472,HOVER,0.0000,-0.0000,0.5049,0.0000,0.0000,0.5000,0.0049,0.0000,0.0000,-0.0000,0.5089,-0.0000,0.0000,0.1943,-0.0000,-0.0000,0.0000,0.0000,-0.0000,0.0300,-0.0000,-0.0000,40.5,40.5,40.5,40.5,40.5,40.5,40.5,40.5,-0.00,-0.00,-0.00,-0.00
3.480,HOVER,0.0000,-0.0000,0.5051,0.0000,0.0000,0.5000,0.0051,0.0000,0.0000,-0.0000,0.5092,-0.0000,0.0000,0.1931,-0.0000,-0.0000,0.0000,0.0000,-0.0000,0.0296,-0.0000,-0.0000,40.5,40.5,40.5,40.5,40.5,40.5,40.5,40.5,-0.00,-0.00,-0.00,-0.00
3.488,HOVER,0.0000,-0.0000,0.5053,0.0000,0.0000,0.5000,0.0053,0.0000,0.0000,-0.0000,0.5094,-0.0000,0.0000,0.1919,-0.0000,-0.0000,0.0000,0.0000,-0.0000,0.0291,-0.0000,-0.0000,40.5,40.5,40.5,40.5,40.5,40.5,40.5,40.5,-0.00,-0.00,-0.00,-0.00
3.496,HOVER,0.0000,-0.0000,0.5055,0.0000,0.0000,0.5000,0.0055,0.0000,0.0000,-0.0000,0.5095,-0.0000,0.0000,0.1907,-0.0000,-0.0000,0.0000,0.0000,-0.0000,0.0287,-0.0000,-0.0000,40.5,40.5,40.5,40.5,40.5,40.5,40.5,40.5,-0.00,-0.00,-0.00,-0.00
3.504,HOVER,0.0000,-0.0000,0.5057,0.0000,0.0000,0.5000,0.0057,0.0000,0.0000,-0.0000,0.5097,-0.0000,0.0000,0.1895,-0.0000,-0.0000,0.0000,0.0000,-0.0000,0.0283,-0.0000,-0.0000,40.5,40.5,40.5,40.5,40.5,40.5,40.5,40.5,-0.00,-0.00,-0.00,-0.00
3.512,HOVER,0.0000,-0.0000,0.5059,0.0000,0.0000,0.5000,0.0059,0.0000,0.0000,-0.0000,0.5099,-0.0000,0.0000,0.1883,-0.0000,-0.0000,0.0000,0.0000,-0.0000,0.0279,-0.0000,-0.0000,40.5,40.5,40.5,40.5,40.5,40.5,40.5,40.5,-0.00,-0.00,-0.00,-0.00
3.520,HOVER,0.0000,-0.0000,0.5061,0.0000,0.0000,0.5000,0.0061,0.0000,0.0000,-0.0000,0.5101,-0.0000,0.0000,0.1871,-0.0000,-0.0000,0.0000,0.0000,-0.0000,0.0274,-0.0000,-0.0000,40.5,40.5,40.5,40.5,40.5,40.5,40.5,40.5,-0.00,-0.00,-0.00,-0.00
3.528,HOVER,0.0000,-0.0000,0.5062,0.0000,0.0000,0.5000,0.0062,0.0000,0.0000,-0.0000,0.5103,-0.0000,0.0000,0.1859,-0.0000,-0.0000,0.0000,0.0000,-0.0000,0.0270,-0.0000,-0.0000,40.5,40.5,40.5,40.5,40.5,40.5,40.5,40.5,-0.00,-0.00,-0.00,-0.00
3.536,HOVER,0.0000,-0.0000,0.5064,0.0000,0.0000,0.5000,0.0064,0.0000,0.0000,-0.0000,0.5104,-0.0000,0.0000,0.1847,-0.0000,-0.0000,0.0000,0.0000,-0.0000,0.0266,-0.0000,-0.0000,40.5,40.5,40.5,40.5,40.5,40.5,40.5,40.5,-0.00,-0.00,-0.00,-0.00
3.544,HOVER,0.0000,-0.0000,0.5066,0.0000,0.0000,0.5000,0.0066,0.0000,0.0000,-0.0000,0.5106,-0.0000,0.0000,0.1835,-0.0000,-0.0000,0.0000,0.0000,-0.0000,0.0262,-0.0000,-0.0000,40.5,40.5,40.5,40.5,40.5,40.5,40.5,40.5,-0.00,-0.00,-0.00,-0.00
3.552,HOVER,0.0000,-0.0000,0.5067,0.0000,0.0000,0.5000,0.0067,0.0000,0.0000,-0.0000,0.5107,-0.0000,0.0000,0.1823,-0.0000,-0.0000,0.0000,0.0000,-0.0000,0.0257,-0.0000,-0.0000,40.5,40.5,40.5,40.5,40.5,40.5,40.5,40.5,-0.00,-0.00,-0.00,-0.00
3.560,HOVER,0.0000,-0.0000,0.5069,0.0000,0.0000,0.5000,0.0069,0.0000,0.0000,-0.0000,0.5109,-0.0000,0.0000,0.1812,-0.0000,-0.0000,0.0000,0.0000,-0.0000,0.0253,-0.0000,-0.0000,40.5,40.5,40.5,40.5,40.5,40.5,40.5,40.5,-0.00,-0.00,-0.00,-0.00
3.568,HOVER,0.0000,-0.0000,0.5071,0.0000,0.0000,0.5000,0.0071,0.0000,0.0000,-0.0000,0.5110,-0.0000,0.0000,0.1800,-0.0000,-0.0000,0.0000,0.0000,-0.0000,0.0249,-0.0000,-0.0000,40.5,40.5,40.5,40.5,40.5,40.5,40.5,40.5,-0.00,-0.00,-0.00,-0.00
3.576,HOVER,0.0000,-0.0000,0.5072,0.0000,0.0000,0.5000,0.0072,0.0000,0.0000,-0.0000,0.5111,-0.0000,0.0000,0.1788,-0.0000,-0.0000,0.0000,0.0000,-0.0000,0.0245,-0.0000,-0.0000,40.5,40.5,40.5,40.5,40.5,40.5,40.5,40.5,-0.00,-0.00,-0.00,-0.00
3.584,HOVER,0.0000,-0.0000,0.5073,0.0000,0.0000,0.5000,0.0073,0.0000,0.0000,-0.0000,0.5113,-0.0000,0.0000,0.1776,-0.0000,-0.0000,0.0000,0.0000,-0.0000,0.0240,-0.0000,-0.0000,40.5,40.5,40.5,40.5,40.5,40.5,40.5,40.5,-0.00,-0.00,-0.00,-0.00
3.592,HOVER,0.0000,-0.0000,0.5075,0.0000,0.0000,0.5000,0.0075,0.0000,0.0000,-0.0000,0.5114,-0.0000,0.0000,0.1764,-0.0000,-0.0000,0.0000,0.0000,-0.0000,0.0236,-0.0000,-0.0000,40.5,40.5,40.5,40.5,40.5,40.5,40.5,40.5,-0.00,-0.00,-0.00,-0.00
3.600,HOVER,0.0000,-0.0000,0.5076,0.0000,0.0000,0.5000,0.0076,0.0000,0.0000,-0.0000,0.5115,-0.0000,0.0000,0.1752,-0.0000,-0.0000,0.0000,0.0000,-0.0000,0.0232,-0.0000,-0.0000,40.5,40.5,40.5,40.5,40.5,40.5,40.5,40.5,-0.00,-0.00,-0.00,-0.00
3.608,HOVER,0.0000,-0.0000,0.5077,0.0000,0.0000,0.5000,0.0077,0.0000,0.0000,-0.0000,0.5116,-0.0000,0.0000,0.1740,-0.0000,-0.0000,0.0000,0.0000,-0.0000,0.0228,-0.0000,-0.0000,40.5,40.5,40.5,40.5,40.5,40.5,40.5,40.5,-0.00,-0.00,-0.00,-0.00
3.616,HOVER,0.0000,-0.0000,0.5079,0.0000,0.0000,0.5000,0.0079,0.0000,0.0000,-0.0000,0.5117,-0.0000,0.0000,0.1728,-0.0000,-0.0000,0.0000,0.0000,-0.0000,0.0224,-0.0000,-0.0000,40.5,40.5,40.5,40.5,40.5,40.5,40.5,40.5,-0.00,-0.00,-0.00,-0.00
3.624,HOVER,0.0000,-0.0000,0.5080,0.0000,0.0000,0.5000,0.0080,0.0000,0.0000,-0.0000,0.5118,-0.0000,0.0000,0.1716,-0.0000,-0.0000,0.0000,0.0000,-0.0000,0.0220,-0.0000,-0.0000,40.5,40.5,40.5,40.5,40.5,40.5,40.5,40.5,-0.00,-0.00,-0.00,-0.00
3.632,HOVER,0.0000,-0.0000,0.5081,0.0000,0.0000,0.5000,0.0081,0.0000,0.0000,-0.0000,0.5119,-0.0000,0.0000,0.1704,-0.0000,-0.0000,0.0000,0.0000,-0.0000,0.0216,-0.0000,-0.0000,40.5,40.5,40.5,40.5,40.5,40.5,40.5,40.5,-0.00,-0.00,-0.00,-0.00
3.640,HOVER,0.0000,-0.0000,0.5082,0.0000,0.0000,0.5000,0.0082,0.0000,0.0000,-0.0000,0.5120,-0.0000,0.0000,0.1693,-0.0000,-0.0000,0.0000,0.0000,-0.0000,0.0212,-0.0000,-0.0000,40.6,40.6,40.6,40.6,40.6,40.6,40.6,40.6,-0.00,-0.00,-0.00,-0.00
3.648,HOVER,0.0000,-0.0000,0.5083,0.0000,0.0000,0.5000,0.0083,0.0000,0.0000,-0.0000,0.5121,-0.0000,0.0000,0.1681,-0.0000,-0.0000,0.0000,0.0000,-0.0000,0.0207,-0.0000,-0.0000,40.6,40.6,40.6,40.6,40.6,40.6,40.6,40.6,-0.00,-0.00,-0.00,-0.00
3.656,HOVER,0.0000,-0.0000,0.5084,0.0000,0.0000,0.5000,0.0084,0.0000,0.0000,-0.0000,0.5122,-0.0000,0.0000,0.1669,-0.0000,-0.0000,0.0000,0.0000,-0.0000,0.0203,-0.0000,-0.0000,40.6,40.6,40.6,40.6,40.6,40.6,40.6,40.6,-0.00,-0.00,-0.00,-0.00
3.664,HOVER,0.0000,-0.0000,0.5085,0.0000,0.0000,0.5000,0.0085,0.0000,0.0000,-0.0000,0.5123,-0.0000,0.0000,0.1657,-0.0000,-0.0000,0.0000,0.0000,-0.0000,0.0199,-0.0000,-0.0000,40.6,40.6,40.6,40.6,40.6,40.6,40.6,40.6,-0.00,-0.00,-0.00,-0.00
3.672,HOVER,0.0000,-0.0000,0.5086,0.0000,0.0000,0.5000,0.0086,0.0000,0.0000,-0.0000,0.5124,-0.0000,0.0000,0.1645,-0.0000,-0.0000,0.0000,0.0000,-0.0000,0.0195,-0.0000,-0.0000,40.6,40.6,40.6,40.6,40.6,40.6,40.6,40.6,-0.00,-0.00,-0.00,-0.00
3.680,HOVER,0.0000,-0.0000,0.5087,0.0000,0.0000,0.5000,0.0087,0.0000,0.0000,-0.0000,0.5124,-0.0000,0.0000,0.1634,-0.0000,-0.0000,0.0000,0.0000,-0.0000,0.0191,-0.0000,-0.0000,40.6,40.6,40.6,40.6,40.6,40.6,40.6,40.6,-0.00,-0.00,-0.00,-0.00
3.688,HOVER,0.0000,-0.0000,0.5088,0.0000,0.0000,0.5000,0.0088,0.0000,0.0000,-0.0000,0.5125,-0.0000,0.0000,0.1622,-0.0000,-0.0000,0.0000,0.0000,-0.0000,0.0187,-0.0000,-0.0000,40.6,40.6,40.6,40.6,40.6,40.6,40.6,40.6,-0.00,-0.00,-0.00,-0.00
3.696,HOVER,0.0000,-0.0000,0.5088,0.0000,0.0000,0.5000,0.0088,0.0000,0.0000,-0.0000,0.5126,-0.0000,0.0000,0.1610,-0.0000,-0.0000,0.0000,0.0000,-0.0000,0.0183,-0.0000,-0.0000,40.6,40.6,40.6,40.6,40.6,40.6,40.6,40.6,-0.00,-0.00,-0.00,-0.00
3.704,HOVER,0.0000,-0.0000,0.5089,0.0000,0.0000,0.5000,0.0089,0.0000,0.0000,-0.0000,0.5126,-0.0000,0.0000,0.1599,-0.0000,-0.0000,0.0000,0.0000,-0.0000,0.0179,-0.0000,-0.0000,40.6,40.6,40.6,40.6,40.6,40.6,40.6,40.6,-0.00,-0.00,-0.00,-0.00
3.712,HOVER,0.0000,-0.0000,0.5090,0.0000,0.0000,0.5000,0.0090,0.0000,0.0000,-0.0000,0.5127,-0.0000,0.0000,0.1587,-0.0000,-0.0000,0.0000,0.0000,-0.0000,0.0176,-0.0000,-0.0000,40.6,40.6,40.6,40.6,40.6,40.6,40.6,40.6,-0.00,-0.00,-0.00,-0.00
3.720,HOVER,0.0000,-0.0000,0.5091,0.0000,0.0000,0.5000,0.0091,0.0000,0.0000,-0.0000,0.5127,-0.0000,0.0000,0.1575,0.0000,0.0000,0.0000,0.0000,-0.0000,0.0172,-0.0000,-0.0000,40.6,40.6,40.6,40.6,40.6,40.6,40.6,40.6,-0.00,-0.00,-0.00,-0.00
3.728,HOVER,0.0000,-0.0000,0.5091,0.0000,0.0000,0.5000,0.0091,0.0000,0.0000,-0.0000,0.5128,-0.0000,0.0000,0.1564,0.0000,0.0000,0.0000,0.0000,-0.0000,0.0168,-0.0000,-0.0000,40.6,40.6,40.6,40.6,40.6,40.6,40.6,40.6,-0.00,-0.00,-0.00,-0.00
3.736,HOVER,0.0000,-0.0000,0.5092,0.0000,0.0000,0.5000,0.0092,0.0000,0.0000,-0.0000,0.5128,-0.0000,0.0000,0.1552,0.0000,0.0000,0.0000,0.0000,-0.0000,0.0164,-0.0000,-0.0000,40.6,40.6,40.6,40.6,40.6,40.6,40.6,40.6,-0.00,-0.00,-0.00,-0.00
3.744,HOVER,0.0000,-0.0000,0.5093,0.0000,0.0000,0.5000,0.0093,0.0000,0.0000,-0.0000,0.5129,-0.0000,0.0000,0.1541,0.0000,0.0000,0.0000,0.0000,-0.0000,0.0160,0.0000,0.0000,40.6,40.6,40.6,40.6,40.6,40.6,40.6,40.6,-0.00,-0.00,-0.00,-0.00
3.752,HOVER,0.0000,-0.0000,0.5093,0.0000,0.0000,0.5000,0.0093,0.0000,0.0000,-0.0000,0.5129,-0.0000,0.0000,0.1529,0.0000,0.0000,0.0000,0.0000,-0.0000,0.0156,0.0000,0.0000,40.6,40.6,40.6,40.6,40.6,40.6,40.6,40.6,-0.00,-0.00,-0.00,-0.00
3.760,HOVER,0.0000,-0.0000,0.5094,0.0000,0.0000,0.5000,0.0094,0.0000,0.0000,-0.0000,0.5130,-0.0000,0.0000,0.1518,0.0000,0.0000,0.0000,0.0000,-0.0000,0.0152,0.0000,0.0000,40.6,40.6,40.6,40.6,40.6,40.6,40.6,40.6,-0.00,-0.00,-0.00,-0.00
3.768,HOVER,0.0000,-0.0000,0.5094,0.0000,0.0000,0.5000,0.0094,0.0000,0.0000,-0.0000,0.5130,-0.0000,0.0000,0.1507,0.0000,0.0000,0.0000,0.0000,-0.0000,0.0149,0.0000,0.0000,40.6,40.6,40.6,40.6,40.6,40.6,40.6,40.6,-0.00,-0.00,-0.00,-0.00
3.776,HOVER,0.0000,-0.0000,0.5095,0.0000,0.0000,0.5000,0.0095,0.0000,0.0000,-0.0000,0.5130,-0.0000,0.0000,0.1495,0.0000,0.0000,0.0000,0.0000,-0.0000,0.0145,0.0000,0.0000,40.6,40.6,40.6,40.6,40.6,40.6,40.6,40.6,-0.00,-0.00,-0.00,-0.00
3.784,HOVER,-0.0000,0.0000,0.5095,0.0000,0.0000,0.5000,0.0095,0.0000,0.0000,-0.0000,0.5130,-0.0000,0.0000,0.1484,0.0000,0.0000,0.0000,0.0000,-0.0000,0.0141,0.0000,0.0000,40.6,40.6,40.6,40.6,40.6,40.6,40.6,40.6,-0.00,-0.00,-0.00,-0.00
3.792,HOVER,-0.0000,0.0000,0.5095,0.0000,0.0000,0.5000,0.0095,0.0000,0.0000,-0.0000,0.5131,-0.0000,0.0000,0.1473,0.0000,0.0000,0.0000,0.0000,-0.0000,0.0137,0.0000,0.0000,40.6,40.6,40.6,40.6,40.6,40.6,40.6,40.6,-0.00,-0.00,-0.00,-0.00
3.800,HOVER,-0.0000,0.0000,0.5096,0.0000,0.0000,0.5000,0.0096,0.0000,0.0000,-0.0000,0.5131,0.0000,-0.0000,0.1461,0.0000,0.0000,0.0000,0.0000,-0.0000,0.0134,0.0000,0.0000,40.6,40.6,40.6,40.6,40.6,40.6,40.6,40.6,-0.00,-0.00,-0.00,-0.00
3.808,HOVER,-0.0000,0.0000,0.5096,0.0000,0.0000,0.5000,0.0096,0.0000,0.0000,-0.0000,0.5131,0.0000,-0.0000,0.1450,0.0000,0.0000,0.0000,0.0000,-0.0000,0.0130,0.0000,0.0000,40.6,40.6,40.6,40.6,40.6,40.6,40.6,40.6,-0.00,-0.00,-0.00,-0.00
3.816,HOVER,-0.0000,0.0000,0.5097,0.0000,0.0000,0.5000,0.0097,0.0000,0.0000,-0.0000,0.5131,0.0000,-0.0000,0.1439,0.0000,0.0000,0.0000,0.0000,-0.0000,0.0126,0.0000,0.0000,40.6,40.6,40.6,40.6,40.6,40.6,40.6,40.6,-0.00,-0.00,-0.00,-0.00
3.824,HOVER,-0.0000,0.0000,0.5097,0.0000,0.0000,0.5000,0.0097,0.0000,-0.0000,0.0000,0.5131,0.0000,-0.0000,0.1428,0.0000,0.0000,0.0000,0.0000,-0.0000,0.0122,0.0000,0.0000,40.6,40.6,40.6,40.6,40.6,40.6,40.6,40.6,-0.00,-0.00,-0.00,-0.00
3.832,HOVER,-0.0000,0.0000,0.5097,0.0000,0.0000,0.5000,0.0097,0.0000,-0.0000,0.0000,0.5131,0.0000,-0.0000,0.1417,0.0000,0.0000,0.0000,0.0000,-0.0000,0.0119,0.0000,0.0000,40.6,40.6,40.6,40.6,40.6,40.6,40.6,40.6,-0.00,-0.00,-0.00,-0.00
3.840,HOVER,-0.0000,0.0000,0.5097,0.0000,0.0000,0.5000,0.0097,0.0000,-0.0000,0.0000,0.5131,0.0000,-0.0000,0.1406,0.0000,0.0000,0.0000,0.0000,-0.0000,0.0115,0.0000,0.0000,40.6,40.6,40.6,40.6,40.6,40.6,40.6,40.6,-0.00,-0.00,-0.00,-0.00
3.848,HOVER,-0.0000,0.0000,0.5098,0.0000,0.0000,0.5000,0.0098,0.0000,-0.0000,0.0000,0.5131,0.0000,-0.0000,0.1394,0.0000,0.0000,0.0000,0.0000,-0.0000,0.0112,0.0000,0.0000,40.6,40.6,40.6,40.6,40.6,40.6,40.6,40.6,-0.00,-0.00,-0.00,-0.00
3.856,HOVER,-0.0000,0.0000,0.5098,0.0000,0.0000,0.5000,0.0098,0.0000,-0.0000,0.0000,0.5131,0.0000,-0.0000,0.1383,0.0000,0.0000,0.0000,0.0000,-0.0000,0.0108,0.0000,0.0000,40.6,40.6,40.6,40.6,40.6,40.6,40.6,40.6,-0.00,-0.00,-0.00,-0.00
3.864,HOVER,-0.0000,0.0000,0.5098,0.0000,0.0000,0.5000,0.0098,0.0000,-0.0000,0.0000,0.5131,0.0000,-0.0000,0.1372,0.0000,0.0000,0.0000,0.0000,-0.0000,0.0104,0.0000,0.0000,40.6,40.6,40.6,40.6,40.6,40.6,40.6,40.6,-0.00,-0.00,-0.00,-0.00
3.872,HOVER,-0.0000,0.0000,0.5098,0.0000,0.0000,0.5000,0.0098,0.0000,-0.0000,0.0000,0.5131,0.0000,-0.0000,0.1362,0.0000,0.0000,0.0000,0.0000,-0.0000,0.0101,0.0000,0.0000,40.6,40.6,40.6,40.6,40.6,40.6,40.6,40.6,-0.00,-0.00,-0.00,-0.00
3.880,HOVER,-0.0000,0.0000,0.5098,0.0000,0.0000,0.5000,0.0098,0.0000,-0.0000,0.0000,0.5131,0.0000,-0.0000,0.1351,0.0000,0.0000,0.0000,0.0000,-0.0000,0.0097,0.0000,0.0000,40.6,40.6,40.6,40.6,40.6,40.6,40.6,40.6,-0.00,-0.00,-0.00,-0.00
3.888,HOVER,-0.0000,0.0000,0.5098,0.0000,0.0000,0.5000,0.0098,0.0000,-0.0000,0.0000,0.5131,0.0000,-0.0000,0.1340,0.0000,0.0000,0.0000,0.0000,-0.0000,0.0094,0.0000,0.0000,40.6,40.6,40.6,40.6,40.6,40.6,40.6,40.6,-0.00,-0.00,-0.00,-0.00
3.896,HOVER,-0.0000,0.0000,0.5098,0.0000,0.0000,0.5000,0.0098,0.0000,-0.0000,0.0000,0.5131,0.0000,-0.0000,0.1329,0.0000,0.0000,0.0000,0.0000,-0.0000,0.0090,0.0000,0.0000,40.6,40.6,40.6,40.6,40.6,40.6,40.6,40.6,-0.00,-0.00,-0.00,-0.00
3.904,HOVER,-0.0000,0.0000,0.5099,0.0000,0.0000,0.5000,0.0099,0.0000,-0.0000,0.0000,0.5131,0.0000,-0.0000,0.1318,0.0000,0.0000,0.0000,0.0000,-0.0000,0.0087,0.0000,0.0000,40.6,40.6,40.6,40.6,40.6,40.6,40.6,40.6,-0.00,-0.00,-0.00,-0.00
3.912,HOVER,-0.0000,0.0000,0.5099,0.0000,0.0000,0.5000,0.0099,0.0000,-0.0000,0.0000,0.5131,0.0000,-0.0000,0.1308,0.0000,0.0000,0.0000,0.0000,-0.0000,0.0083,0.0000,0.0000,40.6,40.6,40.6,40.6,40.6,40.6,40.6,40.6,-0.00,-0.00,-0.00,-0.00
3.920,HOVER,-0.0000,0.0000,0.5099,0.0000,0.0000,0.5000,0.0099,0.0000,-0.0000,0.0000,0.5131,0.0000,-0.0000,0.1297,0.0000,0.0000,0.0000,0.0000,-0.0000,0.0080,0.0000,0.0000,40.6,40.6,40.6,40.6,40.6,40.6,40.6,40.6,-0.00,-0.00,-0.00,-0.00
3.928,HOVER,-0.0000,0.0000,0.5099,0.0000,0.0000,0.5000,0.0099,0.0000,-0.0000,0.0000,0.5131,0.0000,-0.0000,0.1286,0.0000,0.0000,0.0000,0.0000,-0.0000,0.0077,0.0000,0.0000,40.6,40.6,40.6,40.6,40.6,40.6,40.6,40.6,-0.00,-0.00,-0.00,-0.00
3.936,HOVER,-0.0000,0.0000,0.5099,0.0000,0.0000,0.5000,0.0099,0.0000,-0.0000,0.0000,0.5130,0.0000,-0.0000,0.1276,0.0000,0.0000,0.0000,0.0000,-0.0000,0.0073,0.0000,0.0000,40.6,40.6,40.6,40.6,40.6,40.6,40.6,40.6,-0.00,-0.00,-0.00,-0.00
3.944,HOVER,-0.0000,0.0000,0.5099,0.0000,0.0000,0.5000,0.0099,0.0000,-0.0000,0.0000,0.5130,0.0000,-0.0000,0.1265,0.0000,0.0000,0.0000,0.0000,-0.0000,0.0070,0.0000,0.0000,40.6,40.6,40.6,40.6,40.6,40.6,40.6,40.6,-0.00,-0.00,-0.00,-0.00
3.952,HOVER,-0.0000,0.0000,0.5099,0.0000,0.0000,0.5000,0.0099,0.0000,-0.0000,0.0000,0.5130,0.0000,-0.0000,0.1255,0.0000,0.0000,0.0000,0.0000,-0.0000,0.0067,0.0000,0.0000,40.6,40.6,40.6,40.6,40.6,40.6,40.6,40.6,-0.00,-0.00,-0.00,-0.00
3.960,HOVER,-0.0000,0.0000,0.5099,0.0000,0.0000,0.5000,0.0099,0.0000,-0.0000,0.0000,0.5130,0.0000,-0.0000,0.1244,0.0000,0.0000,0.0000,0.0000,-0.0000,0.0063,0.0000,0.0000,40.6,40.6,40.6,40.6,40.6,40.6,40.6,40.6,-0.00,-0.00,-0.00,-0.00
3.968,HOVER,-0.0000,0.0000,0.5098,0.0000,0.0000,0.5000,0.0098,0.0000,-0.0000,0.0000,0.5129,0.0000,-0.0000,0.1234,0.0000,0.0000,0.0000,0.0000,-0.0000,0.0060,0.0000,0.0000,40.6,40.6,40.6,40.6,40.6,40.6,40.6,40.6,-0.00,-0.00,-0.00,-0.00
3.976,HOVER,-0.0000,0.0000,0.5098,0.0000,0.0000,0.5000,0.0098,0.0000,-0.0000,0.0000,0.5129,0.0000,-0.0000,0.1223,0.0000,0.0000,0.0000,0.0000,-0.0000,0.0057,0.0000,0.0000,40.6,40.6,40.6,40.6,40.6,40.6,40.6,40.6,-0.00,-0.00,-0.00,-0.00
3.984,HOVER,-0.0000,0.0000,0.5098,0.0000,0.0000,0.5000,0.0098,0.0000,-0.0000,0.0000,0.5129,0.0000,-0.0000,0.1213,0.0000,0.0000,0.0000,0.0000,-0.0000,0.0053,0.0000,0.0000,40.6,40.6,40.6,40.6,40.6,40.6,40.6,40.6,-0.00,-0.00,-0.00,-0.00
3.992,HOVER,-0.0000,0.0000,0.5098,0.0000,0.0000,0.5000,0.0098,0.0000,-0.0000,0.0000,0.5128,0.0000,-0.0000,0.1203,0.0000,0.0000,0.0000,0.0000,-0.0000,0.0050,0.0000,0.0000,40.6,40.6,40.6,40.6,40.6,40.6,40.6,40.6,-0.00,-0.00,-0.00,-0.00
4.000,HOVER,-0.0000,0.0000,0.5098,0.0000,0.0000,0.5000,0.0098,0.0000,-0.0000,0.0000,0.5128,0.0000,-0.0000,0.1193,0.0000,0.0000,0.0000,0.0000,-0.0000,0.0047,0.0000,0.0000,40.6,40.6,40.6,40.6,40.6,40.6,40.6,40.6,-0.00,-0.00,-0.00,-0.00
4.008,HOVER,-0.0000,0.0000,0.5098,0.0000,0.0000,0.5000,0.0098,0.0000,-0.0000,0.0000,0.5128,0.0000,-0.0000,0.1182,0.0000,0.0000,0.0000,0.0000,-0.0000,0.0044,0.0000,0.0000,40.6,40.6,40.6,40.6,40.6,40.6,40.6,40.6,-0.00,-0.00,-0.00,-0.00
4.016,HOVER,-0.0000,0.0000,0.5098,0.0000,0.0000,0.5000,0.0098,0.0000,-0.0000,0.0000,0.5127,0.0000,-0.0000,0.1172,0.0000,0.0000,0.0000,0.0000,-0.0000,0.0041,0.0000,0.0000,40.6,40.6,40.6,40.6,40.6,40.6,40.6,40.6,-0.00,-0.00,-0.00,-0.00
4.024,HOVER,-0.0000,0.0000,0.5098,0.0000,0.0000,0.5000,0.0098,0.0000,-0.0000,0.0000,0.5127,0.0000,-0.0000,0.1162,0.0000,0.0000,0.0000,0.0000,-0.0000,0.0038,0.0000,0.0000,40.6,40.6,40.6,40.6,40.6,40.6,40.6,40.6,-0.00,-0.00,-0.00,-0.00
4.032,HOVER,-0.0000,0.0000,0.5097,0.0000,0.0000,0.5000,0.0097,0.0000,-0.0000,0.0000,0.5127,0.0000,-0.0000,0.1152,0.0000,0.0000,0.0000,0.0000,-0.0000,0.0034,0.0000,0.0000,40.6,40.6,40.6,40.6,40.6,40.6,40.6,40.6,-0.00,-0.00,-0.00,-0.00
4.040,HOVER,-0.0000,0.0000,0.5097,0.0000,0.0000,0.5000,0.0097,0.0000,-0.0000,0.0000,0.5126,0.0000,-0.0000,0.1142,0.0000,0.0000,0.0000,0.0000,-0.0000,0.0031,0.0000,0.0000,40.6,40.6,40.6,40.6,40.6,40.6,40.6,40.6,-0.00,-0.00,-0.00,-0.00
4.048,HOVER,-0.0000,0.0000,0.5097,0.0000,0.0000,0.5000,0.0097,0.0000,-0.0000,0.0000,0.5126,0.0000,-0.0000,0.1132,0.0000,0.0000,0.0000,0.0000,-0.0000,0.0028,0.0000,0.0000,40.6,40.6,40.6,40.6,40.6,40.6,40.6,40.6,-0.00,-0.00,-0.00,-0.00
4.056,HOVER,-0.0000,0.0000,0.5097,0.0000,0.0000,0.5000,0.0097,0.0000,-0.0000,0.0000,0.5125,0.0000,-0.0000,0.1122,0.0000,0.0000,0.0000,0.0000,-0.0000,0.0025,0.0000,0.0000,40.6,40.6,40.6,40.6,40.6,40.6,40.6,40.6,-0.00,-0.00,-0.00,-0.00
4.064,HOVER,-0.0000,0.0000,0.5096,0.0000,0.0000,0.5000,0.0096,0.0000,-0.0000,0.0000,0.5125,0.0000,-0.0000,0.1112,0.0000,0.0000,0.0000,0.0000,-0.0000,0.0022,0.0000,0.0000,40.7,40.7,40.7,40.7,40.7,40.7,40.7,40.7,-0.00,-0.00,-0.00,-0.00
4.072,HOVER,-0.0000,0.0000,0.5096,0.0000,0.0000,0.5000,0.0096,0.0000,-0.0000,0.0000,0.5124,0.0000,-0.0000,0.1103,0.0000,0.0000,0.0000,0.0000,-0.0000,0.0019,0.0000,0.0000,40.7,40.7,40.7,40.7,40.7,40.7,40.7,40.7,-0.00,-0.00,-0.00,-0.00
4.080,HOVER,-0.0000,0.0000,0.5096,0.0000,0.0000,0.5000,0.0096,0.0000,-0.0000,0.0000,0.5124,0.0000,-0.0000,0.1093,0.0000,0.0000,0.0000,0.0000,-0.0000,0.0016,0.0000,0.0000,40.7,40.7,40.7,40.7,40.7,40.7,40.7,40.7,-0.00,-0.00,-0.00,-0.00
4.088,HOVER,-0.0000,0.0000,0.5096,0.0000,0.0000,0.5000,0.0096,0.0000,-0.0000,0.0000,0.5124,0.0000,-0.0000,0.1083,0.0000,0.0000,0.0000,0.0000,-0.0000,0.0013,0.0000,0.0000,40.7,40.7,40.7,40.7,40.7,40.7,40.7,40.7,-0.00,-0.00,-0.00,-0.00
4.096,HOVER,-0.0000,0.0000,0.5095,0.0000,0.0000,0.5000,0.0095,0.0000,-0.0000,0.0000,0.5123,0.0000,-0.0000,0.1073,0.0000,0.0000,0.0000,0.0000,-0.0000,0.0010,0.0000,0.0000,40.7,40.7,40.7,40.7,40.7,40.7,40.7,40.7,-0.00,-0.00,-0.00,-0.00
4.104,HOVER,-0.0000,0.0000,0.5095,0.0000,0.0000,0.5000,0.0095,0.0000,-0.0000,0.0000,0.5123,0.0000,-0.0000,0.1064,0.0000,0.0000,0.0000,0.0000,-0.0000,0.0007,0.0000,0.0000,40.7,40.7,40.7,40.7,40.7,40.7,40.7,40.7,-0.00,-0.00,-0.00,-0.00
4.112,HOVER,-0.0000,0.0000,0.5095,0.0000,0.0000,0.5000,0.0095,0.0000,-0.0000,0.0000,0.5122,0.0000,-0.0000,0.1054,0.0000,0.0000,0.0000,0.0000,-0.0000,0.0004,0.0000,0.0000,40.7,40.7,40.7,40.7,40.7,40.7,40.7,40.7,-0.00,-0.00,-0.00,-0.00
4.120,HOVER,-0.0000,0.0000,0.5095,0.0000,0.0000,0.5000,0.0095,0.0000,-0.0000,0.0000,0.5122,0.0000,-0.0000,0.1045,0.0000,0.0000,0.0000,0.0000,-0.0000,0.0002,0.0000,0.0000,40.7,40.7,40.7,40.7,40.7,40.7,40.7,40.7,-0.00,-0.00,-0.00,-0.00
4.128,HOVER,-0.0000,0.0000,0.5094,0.0000,0.0000,0.5000,0.0094,0.0000,-0.0000,0.0000,0.5121,0.0000,-0.0000,0.1035,0.0000,0.0000,0.0000,0.0000,-0.0000,-0.0001,0.0000,0.0000,40.7,40.7,40.7,40.7,40.7,40.7,40.7,40.7,0.00,0.00,0.00,0.00
4.136,HOVER,-0.0000,0.0000,0.5094,0.0000,0.0000,0.5000,0.0094,0.0000,-0.0000,0.0000,0.5121,0.0000,-0.0000,0.1026,0.0000,0.0000,0.0000,0.0000,-0.0000,-0.0004,0.0000,0.0000,40.7,40.7,40.7,40.7,40.7,40.7,40.7,40.7,0.00,0.00,0.00,0.00
4.144,HOVER,-0.0000,0.0000,0.5094,0.0000,0.0000,0.5000,0.0094,0.0000,-0.0000,0.0000,0.5120,0.0000,-0.0000,0.1016,0.0000,0.0000,0.0000,0.0000,-0.0000,-0.0007,0.0000,0.0000,40.7,40.7,40.7,40.7,40.7,40.7,40.7,40.7,0.00,0.00,0.00,0.00
4.152,HOVER,-0.0000,0.0000,0.5093,0.0000,0.0000,0.5000,0.0093,0.0000,-0.0000,0.0000,0.5119,0.0000,-0.0000,0.1007,0.0000,0.0000,0.0000,0.0000,-0.0000,-0.0010,0.0000,0.0000,40.7,40.7,40.7,40.7,40.7,40.7,40.7,40.7,0.00,0.00,0.00,0.00
4.160,HOVER,-0.0000,0.0000,0.5093,0.0000,0.0000,0.5000,0.0093,0.0000,-0.0000,0.0000,0.5119,0.0000,-0.0000,0.0998,0.0000,0.0000,0.0000,0.0000,-0.0000,-0.0012,0.0000,0.0000,40.7,40.7,40.7,40.7,40.7,40.7,40.7,40.7,0.00,0.00,0.00,0.00
4.168,HOVER,-0.0000,0.0000,0.5093,0.0000,0.0000,0.5000,0.0093,0.0000,-0.0000,0.0000,0.5118,0.0000,-0.0000,0.0989,0.0000,0.0000,0.0000,0.0000,-0.0000,-0.0015,0.0000,0.0000,40.7,40.7,40.7,40.7,40.7,40.7,40.7,40.7,0.00,0.00,0.00,0.00
4.176,HOVER,-0.0000,0.0000,0.5092,0.0000,0.0000,0.5000,0.0092,0.0000,-0.0000,0.0000,0.5118,0.0000,-0.0000,0.0980,0.0000,0.0000,0.0000,0.0000,-0.0000,-0.0018,0.0000,0.0000,40.7,40.7,40.7,40.7,40.7,40.7,40.7,40.7,0.00,0.00,0.00,0.00
4.184,HOVER,-0.0000,0.0000,0.5092,0.0000,0.0000,0.5000,0.0092,0.0000,-0.0000,0.0000,0.5117,0.0000,-0.0000,0.0970,0.0000,0.0000,0.0000,0.0000,-0.0000,-0.0021,0.0000,0.0000,40.7,40.7,40.7,40.7,40.7,40.7,40.7,40.7,0.00,0.00,0.00,0.00
4.192,HOVER,-0.0000,0.0000,0.5091,0.0000,0.0000,0.5000,0.0091,0.0000,-0.0000,0.0000,0.5117,0.0000,-0.0000,0.0961,0.0000,0.0000,0.0000,0.0000,-0.0000,-0.0023,0.0000,0.0000,40.7,40.7,40.7,40.7,40.7,40.7,40.7,40.7,0.00,0.00,0.00,0.00
4.200,HOVER,-0.0000,0.0000,0.5091,0.0000,0.0000,0.5000,0.0091,0.0000,-0.0000,0.0000,0.5116,0.0000,-0.0000,0.0952,0.0000,0.0000,0.0000,0.0000,-0.0000,-0.0026,0.0000,0.0000,40.7,40.7,40.7,40.7,40.7,40.7,40.7,40.7,0.00,0.00,0.00,0.00
4.208,HOVER,-0.0000,0.0000,0.5091,0.0000,0.0000,0.5000,0.0091,0.0000,-0.0000,0.0000,0.5115,0.0000,-0.0000,0.0943,0.0000,0.0000,0.0000,0.0000,-0.0000,-0.0029,0.0000,0.0000,40.7,40.7,40.7,40.7,40.7,40.7,40.7,40.7,0.00,0.00,0.00,0.00
4.216,HOVER,-0.0000,0.0000,0.5090,0.0000,0.0000,0.5000,0.0090,0.0000,-0.0000,0.0000,0.5115,0.0000,-0.0000,0.0934,0.0000,0.0000,0.0000,0.0000,-0.0000,-0.0031,0.0000,0.0000,40.7,40.7,40.7,40.7,40.7,40.7,40.7,40.7,0.00,0.00,0.00,0.00
4.224,HOVER,-0.0000,0.0000,0.5090,0.0000,0.0000,0.5000,0.0090,0.0000,-0.0000,0.0000,0.5114,0.0000,-0.0000,0.0926,0.0000,0.0000,0.0000,0.0000,-0.0000,-0.0034,0.0000,0.0000,40.7,40.7,40.7,40.7,40.7,40.7,40.7,40.7,0.00,0.00,0.00,0.00
4.232,HOVER,-0.0000,0.0000,0.5090,0.0000,0.0000,0.5000,0.0090,0.0000,-0.0000,0.0000,0.5114,0.0000,-0.0000,0.0917,0.0000,0.0000,0.0000,0.0000,-0.0000,-0.0036,0.0000,0.0000,40.7,40.7,40.7,40.7,40.7,40.7,40.7,40.7,0.00,0.00,0.00,0.00
4.240,HOVER,-0.0000,0.0000,0.5089,0.0000,0.0000,0.5000,0.0089,0.0000,-0.0000,0.0000,0.5113,0.0000,-0.0000,0.0908,0.0000,0.0000,0.0000,0.0000,-0.0000,-0.0039,0.0000,0.0000,40.7,40.7,40.7,40.7,40.7,40.7,40.7,40.7,0.00,0.00,0.00,0.00
4.248,HOVER,-0.0000,0.0000,0.5089,0.0000,0.0000,0.5000,0.0089,0.0000,-0.0000,0.0000,0.5112,0.0000,-0.0000,0.0899,0.0000,0.0000,0.0000,0.0000,-0.0000,-0.0041,0.0000,0.0000,40.7,40.7,40.7,40.7,40.7,40.7,40.7,40.7,0.00,0.00,0.00,0.00
4.256,HOVER,-0.0000,0.0000,0.5088,0.0000,0.0000,0.5000,0.0088,0.0000,-0.0000,0.0000,0.5112,0.0000,-0.0000,0.0891,0.0000,0.0000,0.0000,0.0000,-0.0000,-0.0044,0.0000,0.0000,40.7,40.7,40.7,40.7,40.7,40.7,40.7,40.7,0.00,0.00,0.00,0.00
4.264,HOVER,-0.0000,0.0000,0.5088,0.0000,0.0000,0.5000,0.0088,0.0000,-0.0000,0.0000,0.5111,0.0000,-0.0000,0.0882,0.0000,0.0000,0.0000,0.0000,-0.0000,-0.0046,0.0000,0.0000,40.7,40.7,40.7,40.7,40.7,40.7,40.7,40.7,0.00,0.00,0.00,0.00
4.272,HOVER,-0.0000,0.0000,0.5087,0.0000,0.0000,0.5000,0.0087,0.0000,-0.0000,0.0000,0.5111,0.0000,-0.0000,0.0873,0.0000,0.0000,0.0000,0.0000,-0.0000,-0.0049,0.0000,0.0000,40.7,40.7,40.7,40.7,40.7,40.7,40.7,40.7,0.00,0.00,0.00,0.00
4.280,HOVER,-0.0000,0.0000,0.5087,0.0000,0.0000,0.5000,0.0087,0.0000,-0.0000,0.0000,0.5110,0.0000,-0.0000,0.0865,0.0000,0.0000,0.0000,0.0000,-0.0000,-0.0051,0.0000,0.0000,40.7,40.7,40.7,40.7,40.7,40.7,40.7,40.7,0.00,0.00,0.00,0.00
4.288,HOVER,-0.0000,0.0000,0.5087,0.0000,0.0000,0.5000,0.0087,0.0000,-0.0000,0.0000,0.5109,0.0000,-0.0000,0.0856,0.0000,0.0000,0.0000,0.0000,-0.0000,-0.0054,0.0000,0.0000,40.7,40.7,40.7,40.7,40.7,40.7,40.7,40.7,0.00,0.00,0.00,0.00
4.296,HOVER,-0.0000,0.0000,0.5086,0.0000,0.0000,0.5000,0.0086,0.0000,-0.0000,0.0000,0.5109,0.0000,-0.0000,0.0848,0.0000,0.0000,0.0000,0.0000,-0.0000,-0.0056,0.0000,0.0000,40.7,40.7,40.7,40.7,40.7,40.7,40.7,40.7,0.00,0.00,0.00,0.00
4.304,HOVER,-0.0000,0.0000,0.5086,0.0000,0.0000,0.5000,0.0086,0.0000,-0.0000,0.0000,0.5108,0.0000,-0.0000,0.0840,0.0000,0.0000,0.0000,0.0000,-0.0000,-0.0059,0.0000,0.0000,40.7,40.7,40.7,40.7,40.7,40.7,40.7,40.7,0.00,0.00,0.00,0.00
4.312,HOVER,-0.0000,0.0000,0.5085,0.0000,0.0000,0.5000,0.0085,0.0000,-0.0000,0.0000,0.5108,0.0000,-0.0000,0.0831,0.0000,0.0000,0.0000,0.0000,-0.0000,-0.0061,0.0000,0.0000,40.7,40.7,40.7,40.7,40.7,40.7,40.7,40.7,0.00,0.00,0.00,0.00
4.320,HOVER,-0.0000,0.0000,0.5085,0.0000,0.0000,0.5000,0.0085,0.0000,-0.0000,0.0000,0.5107,0.0000,-0.0000,0.0823,0.0000,0.0000,0.0000,0.0000,-0.0000,-0.0063,0.0000,0.0000,40.7,40.7,40.7,40.7,40.7,40.7,40.7,40.7,0.00,0.00,0.00,0.00
4.328,HOVER,-0.0000,0.0000,0.5084,0.0000,0.0000,0.5000,0.0084,0.0000,-0.0000,0.0000,0.5106,0.0000,-0.0000,0.0815,0.0000,0.0000,0.0000,0.0000,-0.0000,-0.0066,0.0000,0.0000,40.7,40.7,40.7,40.7,40.7,40.7,40.7,40.7,0.00,0.00,0.00,0.00
4.336,HOVER,-0.0000,0.0000,0.5084,0.0000,0.0000,0.5000,0.0084,0.0000,-0.0000,0.0000,0.5106,0.0000,-0.0000,0.0807,0.0000,0.0000,0.0000,0.0000,-0.0000,-0.0068,0.0000,0.0000,40.7,40.7,40.7,40.7,40.7,40.7,40.7,40.7,0.00,0.00,0.00,0.00
4.344,HOVER,-0.0000,0.0000,0.5084,0.0000,0.0000,0.5000,0.0084,0.0000,-0.0000,0.0000,0.5105,0.0000,-0.0000,0.0799,0.0000,0.0000,0.0000,0.0000,-0.0000,-0.0070,0.0000,0.0000,40.7,40.7,40.7,40.7,40.7,40.7,40.7,40.7,0.00,0.00,0.00,0.00
4.352,HOVER,-0.0000,0.0000,0.5083,0.0000,0.0000,0.5000,0.0083,0.0000,-0.0000,0.0000,0.5104,0.0000,-0.0000,0.0791,0.0000,0.0000,0.0000,0.0000,-0.0000,-0.0072,0.0000,0.0000,40.7,40.7,40.7,40.7,40.7,40.7,40.7,40.7,0.00,0.00,0.00,0.00
4.360,HOVER,-0.0000,0.0000,0.5083,0.0000,0.0000,0.5000,0.0083,0.0000,-0.0000,0.0000,0.5104,0.0000,-0.0000,0.0783,0.0000,0.0000,0.0000,0.0000,-0.0000,-0.0075,0.0000,0.0000,40.7,40.7,40.7,40.7,40.7,40.7,40.7,40.7,0.00,0.00,0.00,0.00
4.368,HOVER,-0.0000,0.0000,0.5082,0.0000,0.0000,0.5000,0.0082,0.0000,-0.0000,0.0000,0.5103,0.0000,-0.0000,0.0775,0.0000,0.0000,0.0000,0.0000,-0.0000,-0.0077,0.0000,0.0000,40.7,40.7,40.7,40.7,40.7,40.7,40.7,40.7,0.00,0.00,0.00,0.00
4.376,HOVER,-0.0000,0.0000,0.5082,0.0000,0.0000,0.5000,0.0082,0.0000,-0.0000,0.0000,0.5102,0.0000,-0.0000,0.0767,0.0000,0.0000,0.0000,0.0000,-0.0000,-0.0079,0.0000,0.0000,40.7,40.7,40.7,40.7,40.7,40.7,40.7,40.7,0.00,0.00,0.00,0.00
4.384,HOVER,-0.0000,0.0000,0.5081,0.0000,0.0000,0.5000,0.0081,0.0000,-0.0000,0.0000,0.5102,0.0000,-0.0000,0.0759,0.0000,0.0000,0.0000,0.0000,-0.0000,-0.0081,0.0000,0.0000,40.7,40.7,40.7,40.7,40.7,40.7,40.7,40.7,0.00,0.00,0.00,0.00
4.392,HOVER,-0.0000,0.0000,0.5081,0.0000,0.0000,0.5000,0.0081,0.0000,-0.0000,0.0000,0.5101,0.0000,-0.0000,0.0751,0.0000,0.0000,0.0000,0.0000,-0.0000,-0.0083,0.0000,0.0000,40.7,40.7,40.7,40.7,40.7,40.7,40.7,40.7,0.00,0.00,0.00,0.00
4.400,HOVER,-0.0000,0.0000,0.5080,0.0000,0.0000,0.5000,0.0080,0.0000,-0.0000,0.0000,0.5101,0.0000,-0.0000,0.0743,0.0000,0.0000,0.0000,0.0000,-0.0000,-0.0086,0.0000,0.0000,40.7,40.7,40.7,40.7,40.7,40.7,40.7,40.7,0.00,0.00,0.00,0.00
4.408,HOVER,-0.0000,0.0000,0.5080,0.0000,0.0000,0.5000,0.0080,0.0000,-0.0000,0.0000,0.5100,0.0000,-0.0000,0.0736,0.0000,0.0000,0.0000,0.0000,-0.0000,-0.0088,0.0000,0.0000,40.7,40.7,40.7,40.7,40.7,40.7,40.7,40.7,0.00,0.00,0.00,0.00
4.416,HOVER,-0.0000,0.0000,0.5080,0.0000,0.0000,0.5000,0.0080,0.0000,-0.0000,0.0000,0.5099,0.0000,-0.0000,0.0728,0.0000,0.0000,0.0000,0.0000,-0.0000,-0.0090,0.0000,0.0000,40.7,40.7,40.7,40.7,40.7,40.7,40.7,40.7,0.00,0.00,0.00,0.00
4.424,HOVER,-0.0000,0.0000,0.5079,0.0000,0.0000,0.5000,0.0079,0.0000,-0.0000,0.0000,0.5099,0.0000,-0.0000,0.0720,0.0000,0.0000,0.0000,0.0000,-0.0000,-0.0092,0.0000,0.0000,40.7,40.7,40.7,40.7,40.7,40.7,40.7,40.7,0.00,0.00,0.00,0.00
4.432,HOVER,-0.0000,0.0000,0.5079,0.0000,0.0000,0.5000,0.0079,0.0000,-0.0000,0.0000,0.5098,0.0000,-0.0000,0.0713,0.0000,0.0000,0.0000,0.0000,-0.0000,-0.0094,0.0000,0.0000,40.7,40.7,40.7,40.7,40.7,40.7,40.7,40.7,0.00,0.00,0.00,0.00
4.440,HOVER,-0.0000,0.0000,0.5078,0.0000,0.0000,0.5000,0.0078,0.0000,-0.0000,0.0000,0.5097,0.0000,-0.0000,0.0705,0.0000,0.0000,0.0000,0.0000,-0.0000,-0.0096,0.0000,0.0000,40.7,40.7,40.7,40.7,40.7,40.7,40.7,40.7,0.00,0.00,0.00,0.00
4.448,HOVER,-0.0000,0.0000,0.5078,0.0000,0.0000,0.5000,0.0078,0.0000,-0.0000,0.0000,0.5097,0.0000,-0.0000,0.0698,0.0000,0.0000,0.0000,0.0000,-0.0000,-0.0098,0.0000,0.0000,40.7,40.7,40.7,40.7,40.7,40.7,40.7,40.7,0.00,0.00,0.00,0.00
4.456,HOVER,-0.0000,0.0000,0.5077,0.0000,0.0000,0.5000,0.0077,0.0000,-0.0000,0.0000,0.5096,0.0000,-0.0000,0.0690,0.0000,0.0000,0.0000,0.0000,-0.0000,-0.0100,0.0000,0.0000,40.7,40.7,40.7,40.7,40.7,40.7,40.7,40.7,0.00,0.00,0.00,0.00
4.464,HOVER,-0.0000,0.0000,0.5077,0.0000,0.0000,0.5000,0.0077,0.0000,-0.0000,0.0000,0.5095,0.0000,-0.0000,0.0683,0.0000,0.0000,0.0000,0.0000,-0.0000,-0.0102,0.0000,0.0000,40.7,40.7,40.7,40.7,40.7,40.7,40.7,40.7,0.00,0.00,0.00,0.00
4.472,HOVER,-0.0000,0.0000,0.5076,0.0000,0.0000,0.5000,0.0076,0.0000,-0.0000,0.0000,0.5095,0.0000,-0.0000,0.0676,0.0000,0.0000,0.0000,0.0000,-0.0000,-0.0104,0.0000,0.0000,40.7,40.7,40.7,40.7,40.7,40.7,40.7,40.7,0.00,0.00,0.00,0.00
4.480,HOVER,-0.0000,0.0000,0.5076,0.0000,0.0000,0.5000,0.0076,0.0000,-0.0000,0.0000,0.5094,0.0000,-0.0000,0.0668,0.0000,0.0000,0.0000,0.0000,-0.0000,-0.0106,0.0000,0.0000,40.7,40.7,40.7,40.7,40.7,40.7,40.7,40.7,0.00,0.00,0.00,0.00
4.488,HOVER,-0.0000,0.0000,0.5076,0.0000,0.0000,0.5000,0.0076,0.0000,-0.0000,0.0000,0.5094,0.0000,-0.0000,0.0661,0.0000,0.0000,0.0000,0.0000,-0.0000,-0.0108,0.0000,0.0000,40.7,40.7,40.7,40.7,40.7,40.7,40.7,40.7,0.00,0.00,0.00,0.00
4.496,HOVER,-0.0000,0.0000,0.5075,0.0000,0.0000,0.5000,0.0075,0.0000,-0.0000,0.0000,0.5093,0.0000,-0.0000,0.0654,0.0000,0.0000,0.0000,0.0000,-0.0000,-0.0110,0.0000,0.0000,40.7,40.7,40.7,40.7,40.7,40.7,40.7,40.7,0.00,0.00,0.00,0.00
4.504,HOVER,-0.0000,0.0000,0.5075,0.0000,0.0000,0.5000,0.0075,0.0000,-0.0000,0.0000,0.5092,0.0000,-0.0000,0.0647,0.0000,0.0000,0.0000,0.0000,-0.0000,-0.0112,0.0000,0.0000,40.7,40.7,40.7,40.7,40.7,40.7,40.7,40.7,0.00,0.00,0.00,0.00
4.512,HOVER,-0.0000,0.0000,0.5074,0.0000,0.0000,0.5000,0.0074,0.0000,-0.0000,0.0000,0.5092,0.0000,-0.0000,0.0640,0.0000,0.0000,0.0000,0.0000,-0.0000,-0.0113,0.0000,0.0000,40.7,40.7,40.7,40.7,40.7,40.7,40.7,40.7,0.00,0.00,0.00,0.00
4.520,HOVER,-0.0000,0.0000,0.5074,0.0000,0.0000,0.5000,0.0074,0.0000,-0.0000,0.0000,0.5091,0.0000,-0.0000,0.0633,0.0000,0.0000,0.0000,0.0000,-0.0000,-0.0115,0.0000,0.0000,40.7,40.7,40.7,40.7,40.7,40.7,40.7,40.7,0.00,0.00,0.00,0.00
4.528,HOVER,-0.0000,0.0000,0.5073,0.0000,0.0000,0.5000,0.0073,0.0000,-0.0000,0.0000,0.5090,0.0000,-0.0000,0.0626,0.0000,0.0000,0.0000,0.0000,-0.0000,-0.0117,0.0000,0.0000,40.7,40.7,40.7,40.7,40.7,40.7,40.7,40.7,0.00,0.00,0.00,0.00
4.536,HOVER,-0.0000,0.0000,0.5073,0.0000,0.0000,0.5000,0.0073,0.0000,-0.0000,0.0000,0.5090,0.0000,-0.0000,0.0619,0.0000,0.0000,0.0000,0.0000,-0.0000,-0.0119,0.0000,0.0000,40.7,40.7,40.7,40.7,40.7,40.7,40.7,40.7,0.00,0.00,0.00,0.00
4.544,HOVER,-0.0000,0.0000,0.5072,0.0000,0.0000,0.5000,0.0072,0.0000,-0.0000,0.0000,0.5089,0.0000,-0.0000,0.0612,0.0000,0.0000,0.0000,0.0000,-0.0000,-0.0121,0.0000,0.0000,40.7,40.7,40.7,40.7,40.7,40.7,40.7,40.7,0.00,0.00,0.00,0.00
4.552,HOVER,-0.0000,0.0000,0.5072,0.0000,0.0000,0.5000,0.0072,0.0000,-0.0000,0.0000,0.5089,0.0000,-0.0000,0.0605,0.0000,0.0000,0.0000,0.0000,-0.0000,-0.0122,0.0000,0.0000,40.7,40.7,40.7,40.7,40.7,40.7,40.7,40.7,0.00,0.00,0.00,0.00
4.560,HOVER,-0.0000,0.0000,0.5072,0.0000,0.0000,0.5000,0.0072,0.0000,-0.0000,0.0000,0.5088,0.0000,-0.0000,0.0598,0.0000,0.0000,0.0000,0.0000,-0.0000,-0.0124,0.0000,0.0000,40.7,40.7,40.7,40.7,40.7,40.7,40.7,40.7,0.00,0.00,0.00,0.00
4.568,HOVER,-0.0000,0.0000,0.5071,0.0000,0.0000,0.5000,0.0071,0.0000,-0.0000,0.0000,0.5087,0.0000,-0.0000,0.0591,0.0000,0.0000,0.0000,0.0000,-0.0000,-0.0126,0.0000,0.0000,40.7,40.7,40.7,40.7,40.7,40.7,40.7,40.7,0.00,0.00,0.00,0.00
4.576,HOVER,-0.0000,0.0000,0.5071,0.0000,0.0000,0.5000,0.0071,0.0000,-0.0000,0.0000,0.5087,0.0000,-0.0000,0.0585,0.0000,0.0000,0.0000,0.0000,-0.0000,-0.0128,0.0000,0.0000,40.7,40.7,40.7,40.7,40.7,40.7,40.7,40.7,0.00,0.00,0.00,0.00
4.584,HOVER,-0.0000,0.0000,0.5070,0.0000,0.0000,0.5000,0.0070,0.0000,-0.0000,0.0000,0.5086,0.0000,-0.0000,0.0578,0.0000,0.0000,0.0000,0.0000,-0.0000,-0.0129,0.0000,0.0000,40.7,40.7,40.7,40.7,40.7,40.7,40.7,40.7,0.00,0.00,0.00,0.00
4.592,HOVER,-0.0000,0.0000,0.5070,0.0000,0.0000,0.5000,0.0070,0.0000,-0.0000,0.0000,0.5086,0.0000,-0.0000,0.0572,0.0000,0.0000,0.0000,-0.0000,0.0000,-0.0131,0.0000,0.0000,40.7,40.7,40.7,40.7,40.7,40.7,40.7,40.7,0.00,0.00,0.00,0.00
4.600,HOVER,-0.0000,0.0000,0.5069,0.0000,0.0000,0.5000,0.0069,0.0000,-0.0000,0.0000,0.5085,0.0000,-0.0000,0.0565,0.0000,0.0000,0.0000,-0.0000,0.0000,-0.0133,0.0000,0.0000,40.7,40.7,40.7,40.7,40.7,40.7,40.7,40.7,0.00,0.00,0.00,0.00
4.608,HOVER,-0.0000,0.0000,0.5069,0.0000,0.0000,0.5000,0.0069,0.0000,-0.0000,0.0000,0.5084,0.0000,-0.0000,0.0558,0.0000,0.0000,0.0000,-0.0000,0.0000,-0.0134,0.0000,0.0000,40.7,40.7,40.7,40.7,40.7,40.7,40.7,40.7,0.00,0.00,0.00,0.00
4.616,HOVER,-0.0000,0.0000,0.5069,0.0000,0.0000,0.5000,0.0069,0.0000,-0.0000,0.0000,0.5084,0.0000,-0.0000,0.0552,0.0000,0.0000,0.0000,-0.0000,0.0000,-0.0136,0.0000,0.0000,40.7,40.7,40.7,40.7,40.7,40.7,40.7,40.7,0.00,0.00,0.00,0.00
4.624,HOVER,-0.0000,0.0000,0.5068,0.0000,0.0000,0.5000,0.0068,0.0000,-0.0000,0.0000,0.5083,0.0000,-0.0000,0.0546,0.0000,0.0000,0.0000,-0.0000,0.0000,-0.0138,0.0000,0.0000,40.7,40.7,40.7,40.7,40.7,40.7,40.7,40.7,0.00,0.00,0.00,0.00
4.632,HOVER,-0.0000,0.0000,0.5068,0.0000,0.0000,0.5000,0.0068,0.0000,-0.0000,0.0000,0.5083,0.0000,-0.0000,0.0539,0.0000,0.0000,0.0000,-0.0000,0.0000,-0.0139,0.0000,0.0000,40.7,40.7,40.7,40.7,40.7,40.7,40.7,40.7,0.00,0.00,0.00,0.00
4.640,HOVER,-0.0000,0.0000,0.5067,0.0000,0.0000,0.5000,0.0067,0.0000,-0.0000,0.0000,0.5082,0.0000,-0.0000,0.0533,0.0000,0.0000,0.0000,-0.0000,0.0000,-0.0141,0.0000,0.0000,40.7,40.7,40.7,40.7,40.7,40.7,40.7,40.7,0.00,0.00,0.00,0.00
4.648,HOVER,-0.0000,0.0000,0.5067,0.0000,0.0000,0.5000,0.0067,0.0000,-0.0000,0.0000,0.5082,0.0000,-0.0000,0.0526,0.0000,0.0000,0.0000,-0.0000,0.0000,-0.0142,0.0000,0.0000,40.7,40.7,40.7,40.7,40.7,40.7,40.7,40.7,0.00,0.00,0.00,0.00
4.656,HOVER,-0.0000,0.0000,0.5066,0.0000,0.0000,0.5000,0.0066,0.0000,-0.0000,0.0000,0.5081,0.0000,-0.0000,0.0520,0.0000,0.0000,0.0000,-0.0000,0.0000,-0.0144,0.0000,0.0000,40.7,40.7,40.7,40.7,40.7,40.7,40.7,40.7,0.00,0.00,0.00,0.00
4.664,HOVER,-0.0000,0.0000,0.5066,0.0000,0.0000,0.5000,0.0066,0.0000,-0.0000,0.0000,0.5080,0.0000,-0.0000,0.0514,0.0000,0.0000,0.0000,-0.0000,0.0000,-0.0145,0.0000,0.0000,40.7,40.7,40.7,40.7,40.7,40.7,40.7,40.7,0.00,0.00,0.00,0.00
4.672,HOVER,-0.0000,0.0000,0.5066,0.0000,0.0000,0.5000,0.0066,0.0000,-0.0000,0.0000,0.5080,0.0000,-0.0000,0.0508,0.0000,0.0000,0.0000,-0.0000,0.0000,-0.0147,0.0000,0.0000,40.7,40.7,40.7,40.7,40.7,40.7,40.7,40.7,0.00,0.00,0.00,0.00
4.680,HOVER,-0.0000,0.0000,0.5065,0.0000,0.0000,0.5000,0.0065,0.0000,-0.0000,0.0000,0.5079,0.0000,-0.0000,0.0502,0.0000,0.0000,0.0000,-0.0000,0.0000,-0.0148,0.0000,0.0000,40.7,40.7,40.7,40.7,40.7,40.7,40.7,40.7,0.00,0.00,0.00,0.00
4.688,HOVER,-0.0000,0.0000,0.5065,0.0000,0.0000,0.5000,0.0065,0.0000,-0.0000,0.0000,0.5079,0.0000,-0.0000,0.0496,0.0000,0.0000,0.0000,-0.0000,0.0000,-0.0150,0.0000,0.0000,40.7,40.7,40.7,40.7,40.7,40.7,40.7,40.7,0.00,0.00,0.00,0.00
4.696,HOVER,-0.0000,0.0000,0.5064,0.0000,0.0000,0.5000,0.0064,0.0000,-0.0000,0.0000,0.5078,0.0000,-0.0000,0.0490,0.0000,0.0000,0.0000,-0.0000,0.0000,-0.0151,0.0000,0.0000,40.7,40.7,40.7,40.7,40.7,40.7,40.7,40.7,0.00,0.00,0.00,0.00
4.704,HOVER,-0.0000,0.0000,0.5064,0.0000,0.0000,0.5000,0.0064,0.0000,-0.0000,0.0000,0.5078,0.0000,-0.0000,0.0484,0.0000,0.0000,0.0000,-0.0000,0.0000,-0.0153,0.0000,0.0000,40.7,40.7,40.7,40.7,40.7,40.7,40.7,40.7,0.00,0.00,0.00,0.00
4.712,HOVER,-0.0000,0.0000,0.5064,0.0000,0.0000,0.5000,0.0064,0.0000,-0.0000,0.0000,0.5077,0.0000,-0.0000,0.0478,0.0000,0.0000,0.0000,-0.0000,0.0000,-0.0154,0.0000,0.0000,40.7,40.7,40.7,40.7,40.7,40.7,40.7,40.7,0.00,0.00,0.00,0.00
4.720,HOVER,-0.0000,0.0000,0.5063,0.0000,0.0000,0.5000,0.0063,0.0000,-0.0000,0.0000,0.5076,0.0000,-0.0000,0.0472,0.0000,0.0000,0.0000,-0.0000,0.0000,-0.0156,0.0000,0.0000,40.7,40.7,40.7,40.7,40.7,40.7,40.7,40.7,0.00,0.00,0.00,0.00
4.728,HOVER,-0.0000,0.0000,0.5063,0.0000,0.0000,0.5000,0.0063,0.0000,-0.0000,0.0000,0.5076,0.0000,-0.0000,0.0466,0.0000,0.0000,0.0000,-0.0000,0.0000,-0.0157,0.0000,0.0000,40.7,40.7,40.7,40.7,40.7,40.7,40.7,40.7,0.00,0.00,0.00,0.00
4.736,HOVER,-0.0000,0.0000,0.5062,0.0000,0.0000,0.5000,0.0062,0.0000,-0.0000,0.0000,0.5075,0.0000,-0.0000,0.0460,0.0000,0.0000,0.0000,-0.0000,0.0000,-0.0158,0.0000,0.0000,40.7,40.7,40.7,40.7,40.7,40.7,40.7,40.7,0.00,0.00,0.00,0.00
4.744,HOVER,-0.0000,0.0000,0.5062,0.0000,0.0000,0.5000,0.0062,0.0000,-0.0000,0.0000,0.5075,0.0000,-0.0000,0.0454,0.0000,0.0000,0.0000,-0.0000,0.0000,-0.0160,0.0000,0.0000,40.7,40.7,40.7,40.7,40.7,40.7,40.7,40.7,0.00,0.00,0.00,0.00
4.752,HOVER,-0.0000,0.0000,0.5062,0.0000,0.0000,0.5000,0.0062,0.0000,-0.0000,0.0000,0.5074,0.0000,-0.0000,0.0449,0.0000,0.0000,0.0000,-0.0000,0.0000,-0.0161,0.0000,0.0000,40.7,40.7,40.7,40.7,40.7,40.7,40.7,40.7,0.00,0.00,0.00,0.00
4.760,HOVER,-0.0000,0.0000,0.5061,0.0000,0.0000,0.5000,0.0061,0.0000,-0.0000,0.0000,0.5074,0.0000,-0.0000,0.0443,0.0000,0.0000,0.0000,-0.0000,0.0000,-0.0162,0.0000,0.0000,40.7,40.7,40.7,40.7,40.7,40.7,40.7,40.7,0.00,0.00,0.00,0.00
4.768,HOVER,-0.0000,0.0000,0.5061,0.0000,0.0000,0.5000,0.0061,0.0000,-0.0000,0.0000,0.5073,0.0000,-0.0000,0.0437,0.0000,0.0000,0.0000,-0.0000,0.0000,-0.0164,0.0000,0.0000,40.7,40.7,40.7,40.7,40.7,40.7,40.7,40.7,0.00,0.00,0.00,0.00
4.776,HOVER,-0.0000,0.0000,0.5061,0.0000,0.0000,0.5000,0.0061,0.0000,-0.0000,0.0000,0.5073,0.0000,-0.0000,0.0432,0.0000,0.0000,0.0000,-0.0000,0.0000,-0.0165,0.0000,0.0000,40.7,40.7,40.7,40.7,40.7,40.7,40.7,40.7,0.00,0.00,0.00,0.00
4.784,HOVER,-0.0000,0.0000,0.5060,0.0000,0.0000,0.5000,0.0060,0.0000,-0.0000,0.0000,0.5072,0.0000,-0.0000,0.0426,0.0000,0.0000,0.0000,-0.0000,0.0000,-0.0166,0.0000,0.0000,40.7,40.7,40.7,40.7,40.7,40.7,40.7,40.7,0.00,0.00,0.00,0.00
4.792,HOVER,-0.0000,0.0000,0.5060,0.0000,0.0000,0.5000,0.0060,0.0000,-0.0000,0.0000,0.5072,0.0000,-0.0000,0.0421,0.0000,0.0000,0.0000,-0.0000,0.0000,-0.0168,0.0000,0.0000,40.7,40.7,40.7,40.7,40.7,40.7,40.7,40.7,0.00,0.00,0.00,0.00
4.800,HOVER,-0.0000,0.0000,0.5059,0.0000,0.0000,0.5000,0.0059,0.0000,-0.0000,0.0000,0.5071,0.0000,-0.0000,0.0415,0.0000,0.0000,0.0000,-0.0000,0.0000,-0.0169,0.0000,0.0000,40.7,40.7,40.7,40.7,40.7,40.7,40.7,40.7,0.00,0.00,0.00,0.00
4.808,HOVER,-0.0000,0.0000,0.5059,0.0000,0.0000,0.5000,0.0059,0.0000,-0.0000,0.0000,0.5071,0.0000,-0.0000,0.0410,0.0000,0.0000,0.0000,-0.0000,0.0000,-0.0170,0.0000,0.0000,40.7,40.7,40.7,40.7,40.7,40.7,40.7,40.7,0.00,0.00,0.00,0.00
4.816,HOVER,-0.0000,0.0000,0.5059,0.0000,0.0000,0.5000,0.0059,0.0000,-0.0000,0.0000,0.5070,0.0000,-0.0000,0.0404,0.0000,0.0000,0.0000,-0.0000,0.0000,-0.0171,0.0000,0.0000,40.7,40.7,40.7,40.7,40.7,40.7,40.7,40.7,0.00,0.00,0.00,0.00
4.824,HOVER,-0.0000,0.0000,0.5058,0.0000,0.0000,0.5000,0.0058,0.0000,-0.0000,0.0000,0.5070,0.0000,-0.0000,0.0399,0.0000,0.0000,0.0000,-0.0000,0.0000,-0.0172,0.0000,0.0000,40.7,40.7,40.7,40.7,40.7,40.7,40.7,40.7,0.00,0.00,0.00,0.00
4.832,HOVER,-0.0000,0.0000,0.5058,0.0000,0.0000,0.5000,0.0058,0.0000,-0.0000,0.0000,0.5069,0.0000,-0.0000,0.0394,0.0000,0.0000,0.0000,-0.0000,0.0000,-0.0174,0.0000,0.0000,40.7,40.7,40.7,40.7,40.7,40.7,40.7,40.7,0.00,0.00,0.00,0.00
4.840,HOVER,-0.0000,0.0000,0.5058,0.0000,0.0000,0.5000,0.0058,0.0000,-0.0000,0.0000,0.5069,0.0000,-0.0000,0.0388,0.0000,0.0000,0.0000,-0.0000,0.0000,-0.0175,0.0000,0.0000,40.7,40.7,40.7,40.7,40.7,40.7,40.7,40.7,0.00,0.00,0.00,0.00
4.848,HOVER,-0.0000,0.0000,0.5057,0.0000,0.0000,0.5000,0.0057,0.0000,-0.0000,0.0000,0.5068,0.0000,-0.0000,0.0383,0.0000,0.0000,0.0000,-0.0000,0.0000,-0.0176,0.0000,0.0000,40.7,40.7,40.7,40.7,40.7,40.7,40.7,40.7,0.00,0.00,0.00,0.00
4.856,HOVER,-0.0000,0.0000,0.5057,0.0000,0.0000,0.5000,0.0057,0.0000,-0.0000,0.0000,0.5068,0.0000,-0.0000,0.0378,0.0000,0.0000,0.0000,-0.0000,0.0000,-0.0177,0.0000,0.0000,40.7,40.7,40.7,40.7,40.7,40.7,40.7,40.7,0.00,0.00,0.00,0.00
4.864,HOVER,-0.0000,0.0000,0.5057,0.0000,0.0000,0.5000,0.0057,0.0000,-0.0000,0.0000,0.5067,0.0000,-0.0000,0.0373,0.0000,0.0000,0.0000,-0.0000,0.0000,-0.0178,0.0000,0.0000,40.7,40.7,40.7,40.7,40.7,40.7,40.7,40.7,0.00,0.00,0.00,0.00
4.872,HOVER,-0.0000,0.0000,0.5056,0.0000,0.0000,0.5000,0.0056,0.0000,-0.0000,0.0000,0.5067,0.0000,-0.0000,0.0368,0.0000,0.0000,0.0000,-0.0000,0.0000,-0.0179,0.0000,0.0000,40.7,40.7,40.7,40.7,40.7,40.7,40.7,40.7,0.00,0.00,0.00,0.00
4.880,HOVER,-0.0000,0.0000,0.5056,0.0000,0.0000,0.5000,0.0056,0.0000,-0.0000,0.0000,0.5066,0.0000,-0.0000,0.0363,0.0000,0.0000,0.0000,-0.0000,0.0000,-0.0180,0.0000,0.0000,40.7,40.7,40.7,40.7,40.7,40.7,40.7,40.7,0.00,0.00,0.00,0.00
4.888,HOVER,-0.0000,0.0000,0.5056,0.0000,0.0000,0.5000,0.0056,0.0000,-0.0000,0.0000,0.5066,0.0000,-0.0000,0.0358,0.0000,0.0000,0.0000,-0.0000,0.0000,-0.0181,0.0000,0.0000,40.7,40.7,40.7,40.7,40.7,40.7,40.7,40.7,0.00,0.00,0.00,0.00
4.896,HOVER,-0.0000,0.0000,0.5055,0.0000,0.0000,0.5000,0.0055,0.0000,-0.0000,0.0000,0.5065,0.0000,-0.0000,0.0353,0.0000,0.0000,0.0000,-0.0000,0.0000,-0.0183,0.0000,0.0000,40.7,40.7,40.7,40.7,40.7,40.7,40.7,40.7,0.00,0.00,0.00,0.00
4.904,HOVER,-0.0000,0.0000,0.5055,0.0000,0.0000,0.5000,0.0055,0.0000,-0.0000,0.0000,0.5065,0.0000,-0.0000,0.0348,0.0000,0.0000,0.0000,-0.0000,0.0000,-0.0184,0.0000,0.0000,40.7,40.7,40.7,40.7,40.7,40.7,40.7,40.7,0.00,0.00,0.00,0.00
4.912,HOVER,-0.0000,0.0000,0.5055,0.0000,0.0000,0.5000,0.0055,0.0000,-0.0000,0.0000,0.5064,0.0000,-0.0000,0.0343,0.0000,0.0000,0.0000,-0.0000,0.0000,-0.0185,0.0000,0.0000,40.7,40.7,40.7,40.7,40.7,40.7,40.7,40.7,0.00,0.00,0.00,0.00
4.920,HOVER,-0.0000,0.0000,0.5054,0.0000,0.0000,0.5000,0.0054,0.0000,-0.0000,0.0000,0.5064,0.0000,-0.0000,0.0338,0.0000,0.0000,0.0000,-0.0000,0.0000,-0.0186,0.0000,0.0000,40.7,40.7,40.7,40.7,40.7,40.7,40.7,40.7,0.00,0.00,0.00,0.00
4.928,HOVER,-0.0000,0.0000,0.5054,0.0000,0.0000,0.5000,0.0054,0.0000,-0.0000,0.0000,0.5064,0.0000,-0.0000,0.0333,0.0000,0.0000,0.0000,-0.0000,0.0000,-0.0187,0.0000,0.0000,40.7,40.7,40.7,40.7,40.7,40.7,40.7,40.7,0.00,0.00,0.00,0.00
4.936,HOVER,-0.0000,0.0000,0.5054,0.0000,0.0000,0.5000,0.0054,0.0000,-0.0000,0.0000,0.5063,0.0000,-0.0000,0.0328,0.0000,0.0000,0.0000,-0.0000,0.0000,-0.0188,0.0000,0.0000,40.7,40.7,40.7,40.7,40.7,40.7,40.7,40.7,0.00,0.00,0.00,0.00
4.944,HOVER,-0.0000,0.0000,0.5053,0.0000,0.0000,0.5000,0.0053,0.0000,-0.0000,0.0000,0.5063,0.0000,-0.0000,0.0323,0.0000,0.0000,0.0000,-0.0000,0.0000,-0.0189,0.0000,0.0000,40.7,40.7,40.7,40.7,40.7,40.7,40.7,40.7,0.00,0.00,0.00,0.00
4.952,HOVER,-0.0000,0.0000,0.5053,0.0000,0.0000,0.5000,0.0053,0.0000,-0.0000,0.0000,0.5062,0.0000,-0.0000,0.0319,0.0000,0.0000,0.0000,-0.0000,0.0000,-0.0190,0.0000,0.0000,40.7,40.7,40.7,40.7,40.7,40.7,40.7,40.7,0.00,0.00,0.00,0.00
4.960,HOVER,-0.0000,0.0000,0.5053,0.0000,0.0000,0.5000,0.0053,0.0000,-0.0000,0.0000,0.5062,0.0000,-0.0000,0.0314,0.0000,0.0000,0.0000,-0.0000,0.0000,-0.0191,0.0000,0.0000,40.7,40.7,40.7,40.7,40.7,40.7,40.7,40.7,0.00,0.00,0.00,0.00
4.968,HOVER,-0.0000,0.0000,0.5053,0.0000,0.0000,0.5000,0.0053,0.0000,-0.0000,0.0000,0.5061,0.0000,-0.0000,0.0309,0.0000,0.0000,0.0000,-0.0000,0.0000,-0.0192,0.0000,0.0000,40.7,40.7,40.7,40.7,40.7,40.7,40.7,40.7,0.00,0.00,0.00,0.00
4.976,HOVER,-0.0000,0.0000,0.5052,0.0000,0.0000,0.5000,0.0052,0.0000,-0.0000,0.0000,0.5061,0.0000,-0.0000,0.0305,0.0000,0.0000,0.0000,-0.0000,0.0000,-0.0192,0.0000,0.0000,40.7,40.7,40.7,40.7,40.7,40.7,40.7,40.7,0.00,0.00,0.00,0.00
4.984,HOVER,-0.0000,0.0000,0.5052,0.0000,0.0000,0.5000,0.0052,0.0000,-0.0000,0.0000,0.5061,0.0000,-0.0000,0.0300,0.0000,0.0000,0.0000,-0.0000,0.0000,-0.0193,0.0000,0.0000,40.7,40.7,40.7,40.7,40.7,40.7,40.7,40.7,0.00,0.00,0.00,0.00
4.992,HOVER,-0.0000,0.0000,0.5052,0.0000,0.0000,0.5000,0.0052,0.0000,-0.0000,0.0000,0.5060,0.0000,-0.0000,0.0295,0.0000,0.0000,0.0000,-0.0000,0.0000,-0.0194,0.0000,0.0000,40.7,40.7,40.7,40.7,40.7,40.7,40.7,40.7,0.00,0.00,0.00,0.00
5.000,HOVER,-0.0000,0.0000,0.5051,0.0000,0.0000,0.5000,0.0051,0.0000,-0.0000,0.0000,0.5060,0.0000,-0.0000,0.0291,0.0000,0.0000,0.0000,-0.0000,0.0000,-0.0195,0.0000,0.0000,40.7,40.7,40.7,40.7,40.7,40.7,40.7,40.7,0.00,0.00,0.00,0.00
5.008,HOVER,-0.0000,0.0000,0.5051,0.0000,0.0000,0.5000,0.0051,0.0000,-0.0000,0.0000,0.5059,0.0000,-0.0000,0.0287,0.0000,0.0000,0.0000,-0.0000,0.0000,-0.0196,0.0000,0.0000,40.7,40.7,40.7,40.7,40.7,40.7,40.7,40.7,0.00,0.00,0.00,0.00
5.016,HOVER,-0.0000,0.0000,0.5051,0.0000,0.0000,0.5000,0.0051,0.0000,-0.0000,0.0000,0.5059,0.0000,-0.0000,0.0282,0.0000,0.0000,0.0000,-0.0000,0.0000,-0.0197,0.0000,0.0000,40.7,40.7,40.7,40.7,40.7,40.7,40.7,40.7,0.00,0.00,0.00,0.00
5.024,HOVER,-0.0000,0.0000,0.5050,0.0000,0.0000,0.5000,0.0050,0.0000,-0.0000,0.0000,0.5059,0.0000,-0.0000,0.0278,0.0000,0.0000,0.0000,-0.0000,0.0000,-0.0198,0.0000,0.0000,40.7,40.7,40.7,40.7,40.7,40.7,40.7,40.7,0.00,0.00,0.00,0.00
5.032,HOVER,-0.0000,0.0000,0.5050,0.0000,0.0000,0.5000,0.0050,0.0000,-0.0000,0.0000,0.5058,0.0000,-0.0000,0.0273,0.0000,0.0000,0.0000,-0.0000,0.0000,-0.0199,0.0000,0.0000,40.7,40.7,40.7,40.7,40.7,40.7,40.7,40.7,0.00,0.00,0.00,0.00
5.040,HOVER,-0.0000,0.0000,0.5050,0.0000,0.0000,0.5000,0.0050,0.0000,-0.0000,0.0000,0.5058,0.0000,-0.0000,0.0269,0.0000,0.0000,0.0000,-0.0000,0.0000,-0.0199,0.0000,0.0000,40.7,40.7,40.7,40.7,40.7,40.7,40.7,40.7,0.00,0.00,0.00,0.00
5.048,HOVER,-0.0000,0.0000,0.5050,0.0000,0.0000,0.5000,0.0050,0.0000,-0.0000,0.0000,0.5057,0.0000,-0.0000,0.0265,0.0000,0.0000,0.0000,-0.0000,0.0000,-0.0200,0.0000,0.0000,40.7,40.7,40.7,40.7,40.7,40.7,40.7,40.7,0.00,0.00,0.00,0.00
5.056,HOVER,-0.0000,0.0000,0.5049,0.0000,0.0000,0.5000,0.0049,0.0000,-0.0000,0.0000,0.5057,0.0000,-0.0000,0.0260,0.0000,0.0000,0.0000,-0.0000,0.0000,-0.0201,0.0000,0.0000,40.7,40.7,40.7,40.7,40.7,40.7,40.7,40.7,0.00,0.00,0.00,0.00
5.064,HOVER,-0.0000,0.0000,0.5049,0.0000,0.0000,0.5000,0.0049,0.0000,-0.0000,0.0000,0.5057,0.0000,-0.0000,0.0256,0.0000,0.0000,0.0000,-0.0000,0.0000,-0.0202,0.0000,0.0000,40.7,40.7,40.7,40.7,40.7,40.7,40.7,40.7,0.00,0.00,0.00,0.00
5.072,HOVER,-0.0000,0.0000,0.5049,0.0000,0.0000,0.5000,0.0049,0.0000,-0.0000,0.0000,0.5056,0.0000,-0.0000,0.0252,0.0000,0.0000,0.0000,-0.0000,0.0000,-0.0203,0.0000,0.0000,40.7,40.7,40.7,40.7,40.7,40.7,40.7,40.7,0.00,0.00,0.00,0.00
5.080,HOVER,-0.0000,0.0000,0.5049,0.0000,0.0000,0.5000,0.0049,0.0000,-0.0000,0.0000,0.5056,0.0000,-0.0000,0.0248,0.0000,0.0000,0.0000,-0.0000,0.0000,-0.0203,0.0000,0.0000,40.7,40.7,40.7,40.7,40.7,40.7,40.7,40.7,0.00,0.00,0.00,0.00
5.088,HOVER,-0.0000,0.0000,0.5048,0.0000,0.0000,0.5000,0.0048,0.0000,-0.0000,0.0000,0.5055,0.0000,-0.0000,0.0244,0.0000,0.0000,0.0000,-0.0000,0.0000,-0.0204,0.0000,0.0000,40.7,40.7,40.7,40.7,40.7,40.7,40.7,40.7,0.00,0.00,0.00,0.00
5.096,HOVER,-0.0000,0.0000,0.5048,0.0000,0.0000,0.5000,0.0048,0.0000,-0.0000,0.0000,0.5055,0.0000,-0.0000,0.0239,0.0000,0.0000,0.0000,-0.0000,0.0000,-0.0205,0.0000,0.0000,40.7,40.7,40.7,40.7,40.7,40.7,40.7,40.7,0.00,0.00,0.00,0.00
5.104,HOVER,-0.0000,0.0000,0.5048,0.0000,0.0000,0.5000,0.0048,0.0000,-0.0000,0.0000,0.5055,0.0000,-0.0000,0.0235,0.0000,0.0000,0.0000,-0.0000,0.0000,-0.0206,0.0000,0.0000,40.7,40.7,40.7,40.7,40.7,40.7,40.7,40.7,0.00,0.00,0.00,0.00
5.112,HOVER,-0.0000,0.0000,0.5048,0.0000,0.0000,0.5000,0.0048,0.0000,-0.0000,0.0000,0.5054,0.0000,-0.0000,0.0231,0.0000,0.0000,0.0000,-0.0000,0.0000,-0.0206,0.0000,0.0000,40.7,40.7,40.7,40.7,40.7,40.7,40.7,40.7,0.00,0.00,0.00,0.00
5.120,HOVER,-0.0000,0.0000,0.5047,0.0000,0.0000,0.5000,0.0047,0.0000,-0.0000,0.0000,0.5054,0.0000,-0.0000,0.0227,0.0000,0.0000,0.0000,-0.0000,0.0000,-0.0207,0.0000,0.0000,40.7,40.7,40.7,40.7,40.7,40.7,40.7,40.7,0.00,0.00,0.00,0.00
5.128,HOVER,-0.0000,0.0000,0.5047,0.0000,0.0000,0.5000,0.0047,0.0000,-0.0000,0.0000,0.5054,0.0000,-0.0000,0.0223,0.0000,0.0000,0.0000,-0.0000,0.0000,-0.0208,0.0000,0.0000,40.7,40.7,40.7,40.7,40.7,40.7,40.7,40.7,0.00,0.00,0.00,0.00
5.136,HOVER,-0.0000,0.0000,0.5047,0.0000,0.0000,0.5000,0.0047,0.0000,-0.0000,0.0000,0.5053,0.0000,-0.0000,0.0219,0.0000,0.0000,0.0000,-0.0000,0.0000,-0.0208,0.0000,0.0000,40.7,40.7,40.7,40.7,40.7,40.7,40.7,40.7,0.00,0.00,0.00,0.00
5.144,HOVER,-0.0000,0.0000,0.5047,0.0000,0.0000,0.5000,0.0047,0.0000,-0.0000,0.0000,0.5053,0.0000,-0.0000,0.0216,0.0000,0.0000,0.0000,-0.0000,0.0000,-0.0209,0.0000,0.0000,40.7,40.7,40.7,40.7,40.7,40.7,40.7,40.7,0.00,0.00,0.00,0.00
5.152,HOVER,-0.0000,0.0000,0.5046,0.0000,0.0000,0.5000,0.0046,0.0000,-0.0000,0.0000,0.5053,0.0000,-0.0000,0.0212,0.0000,0.0000,0.0000,-0.0000,0.0000,-0.0210,0.0000,0.0000,40.7,40.7,40.7,40.7,40.7,40.7,40.7,40.7,0.00,0.00,0.00,0.00
5.160,HOVER,-0.0000,0.0000,0.5046,0.0000,0.0000,0.5000,0.0046,0.0000,-0.0000,0.0000,0.5052,0.0000,-0.0000,0.0208,0.0000,0.0000,0.0000,-0.0000,0.0000,-0.0210,0.0000,0.0000,40.7,40.7,40.7,40.7,40.7,40.7,40.7,40.7,0.00,0.00,0.00,0.00
5.168,HOVER,-0.0000,0.0000,0.5046,0.0000,0.0000,0.5000,0.0046,0.0000,-0.0000,0.0000,0.5052,0.0000,-0.0000,0.0204,0.0000,0.0000,0.0000,-0.0000,0.0000,-0.0211,0.0000,0.0000,40.7,40.7,40.7,40.7,40.7,40.7,40.7,40.7,0.00,0.00,0.00,0.00
5.176,HOVER,-0.0000,0.0000,0.5046,0.0000,0.0000,0.5000,0.0046,0.0000,-0.0000,0.0000,0.5052,0.0000,-0.0000,0.0200,0.0000,0.0000,0.0000,-0.0000,0.0000,-0.0212,0.0000,0.0000,40.7,40.7,40.7,40.7,40.7,40.7,40.7,40.7,0.00,0.00,0.00,0.00
5.184,HOVER,-0.0000,0.0000,0.5046,0.0000,0.0000,0.5000,0.0046,0.0000,-0.0000,0.0000,0.5051,0.0000,-0.0000,0.0197,0.0000,0.0000,0.0000,-0.0000,0.0000,-0.0212,0.0000,0.0000,40.7,40.7,40.7,40.7,40.7,40.7,40.7,40.7,0.00,0.00,0.00,0.00
5.192,HOVER,-0.0000,0.0000,0.5045,0.0000,0.0000,0.5000,0.0045,0.0000,-0.0000,0.0000,0.5051,0.0000,-0.0000,0.0193,0.0000,0.0000,0.0000,-0.0000,0.0000,-0.0213,0.0000,0.0000,40.7,40.7,40.7,40.7,40.7,40.7,40.7,40.7,0.00,0.00,0.00,0.00
5.200,HOVER,-0.0000,0.0000,0.5045,0.0000,0.0000,0.5000,0.0045,0.0000,-0.0000,0.0000,0.5051,0.0000,-0.0000,0.0189,0.0000,0.0000,0.0000,-0.0000,0.0000,-0.0214,0.0000,0.0000,40.7,40.7,40.7,40.7,40.7,40.7,40.7,40.7,0.00,0.00,0.00,0.00
5.208,HOVER,-0.0000,0.0000,0.5045,0.0000,0.0000,0.5000,0.0045,0.0000,-0.0000,0.0000,0.5050,0.0000,-0.0000,0.0185,0.0000,0.0000,0.0000,-0.0000,0.0000,-0.0214,0.0000,0.0000,40.7,40.7,40.7,40.7,40.7,40.7,40.7,40.7,0.00,0.00,0.00,0.00
5.216,HOVER,-0.0000,0.0000,0.5045,0.0000,0.0000,0.5000,0.0045,0.0000,-0.0000,0.0000,0.5050,0.0000,-0.0000,0.0182,0.0000,0.0000,0.0000,-0.0000,0.0000,-0.0215,0.0000,0.0000,40.7,40.7,40.7,40.7,40.7,40.7,40.7,40.7,0.00,0.00,0.00,0.00
5.224,HOVER,-0.0000,0.0000,0.5044,0.0000,0.0000,0.5000,0.0044,0.0000,-0.0000,0.0000,0.5050,0.0000,-0.0000,0.0178,0.0000,0.0000,0.0000,-0.0000,0.0000,-0.0215,0.0000,0.0000,40.7,40.7,40.7,40.7,40.7,40.7,40.7,40.7,0.00,0.00,0.00,0.00
5.232,HOVER,-0.0000,0.0000,0.5044,0.0000,0.0000,0.5000,0.0044,0.0000,-0.0000,0.0000,0.5049,0.0000,-0.0000,0.0175,0.0000,0.0000,0.0000,-0.0000,0.0000,-0.0216,0.0000,0.0000,40.7,40.7,40.7,40.7,40.7,40.7,40.7,40.7,0.00,0.00,0.00,0.00
5.240,HOVER,-0.0000,0.0000,0.5044,0.0000,0.0000,0.5000,0.0044,0.0000,-0.0000,0.0000,0.5049,0.0000,-0.0000,0.0171,0.0000,0.0000,0.0000,-0.0000,0.0000,-0.0216,0.0000,0.0000,40.7,40.7,40.7,40.7,40.7,40.7,40.7,40.7,0.00,0.00,0.00,0.00
5.248,HOVER,-0.0000,0.0000,0.5044,0.0000,0.0000,0.5000,0.0044,0.0000,-0.0000,0.0000,0.5049,0.0000,-0.0000,0.0168,0.0000,0.0000,0.0000,-0.0000,0.0000,-0.0217,0.0000,0.0000,40.7,40.7,40.7,40.7,40.7,40.7,40.7,40.7,0.00,0.00,0.00,0.00
5.256,HOVER,-0.0000,0.0000,0.5044,0.0000,0.0000,0.5000,0.0044,0.0000,-0.0000,0.0000,0.5049,0.0000,-0.0000,0.0164,0.0000,0.0000,0.0000,-0.0000,0.0000,-0.0217,0.0000,0.0000,40.7,40.7,40.7,40.7,40.7,40.7,40.7,40.7,0.00,0.00,0.00,0.00
5.264,HOVER,-0.0000,0.0000,0.5043,0.0000,0.0000,0.5000,0.0043,0.0000,-0.0000,0.0000,0.5048,0.0000,-0.0000,0.0161,0.0000,0.0000,0.0000,-0.0000,0.0000,-0.0218,0.0000,0.0000,40.7,40.7,40.7,40.7,40.7,40.7,40.7,40.7,0.00,0.00,0.00,0.00
5.272,HOVER,-0.0000,0.0000,0.5043,0.0000,0.0000,0.5000,0.0043,0.0000,-0.0000,0.0000,0.5048,0.0000,-0.0000,0.0157,0.0000,0.0000,0.0000,-0.0000,0.0000,-0.0218,0.0000,0.0000,40.7,40.7,40.7,40.7,40.7,40.7,40.7,40.7,0.00,0.00,0.00,0.00
5.280,HOVER,-0.0000,0.0000,0.5043,0.0000,0.0000,0.5000,0.0043,0.0000,-0.0000,0.0000,0.5048,0.0000,-0.0000,0.0154,0.0000,0.0000,0.0000,-0.0000,0.0000,-0.0219,0.0000,0.0000,40.7,40.7,40.7,40.7,40.7,40.7,40.7,40.7,0.00,0.00,0.00,0.00
5.288,HOVER,-0.0000,0.0000,0.5043,0.0000,0.0000,0.5000,0.0043,0.0000,-0.0000,0.0000,0.5047,0.0000,-0.0000,0.0150,0.0000,0.0000,0.0000,-0.0000,0.0000,-0.0219,0.0000,0.0000,40.7,40.7,40.7,40.7,40.7,40.7,40.7,40.7,0.00,0.00,0.00,0.00
5.296,HOVER,-0.0000,0.0000,0.5043,0.0000,0.0000,0.5000,0.0043,0.0000,-0.0000,0.0000,0.5047,0.0000,-0.0000,0.0147,0.0000,0.0000,0.0000,-0.0000,0.0000,-0.0220,0.0000,0.0000,40.7,40.7,40.7,40.7,40.7,40.7,40.7,40.7,0.00,0.00,0.00,0.00
5.304,HOVER,-0.0000,0.0000,0.5043,0.0000,0.0000,0.5000,0.0043,0.0000,-0.0000,0.0000,0.5047,0.0000,-0.0000,0.0144,0.0000,0.0000,0.0000,-0.0000,0.0000,-0.0220,0.0000,0.0000,40.7,40.7,40.7,40.7,40.7,40.7,40.7,40.7,0.00,0.00,0.00,0.00
5.312,HOVER,-0.0000,0.0000,0.5042,0.0000,0.0000,0.5000,0.0042,0.0000,-0.0000,0.0000,0.5047,0.0000,-0.0000,0.0141,0.0000,0.0000,0.0000,-0.0000,0.0000,-0.0221,0.0000,0.0000,40.7,40.7,40.7,40.7,40.7,40.7,40.7,40.7,0.00,0.00,0.00,0.00
5.320,HOVER,-0.0000,0.0000,0.5042,0.0000,0.0000,0.5000,0.0042,0.0000,-0.0000,0.0000,0.5046,0.0000,-0.0000,0.0137,0.0000,0.0000,0.0000,-0.0000,0.0000,-0.0221,0.0000,0.0000,40.7,40.7,40.7,40.7,40.7,40.7,40.7,40.7,0.00,0.00,0.00,0.00
5.328,HOVER,-0.0000,0.0000,0.5042,0.0000,0.0000,0.5000,0.0042,0.0000,-0.0000,0.0000,0.5046,0.0000,-0.0000,0.0134,0.0000,0.0000,0.0000,-0.0000,0.0000,-0.0222,0.0000,0.0000,40.7,40.7,40.7,40.7,40.7,40.7,40.7,40.7,0.00,0.00,0.00,0.00
5.336,HOVER,-0.0000,0.0000,0.5042,0.0000,0.0000,0.5000,0.0042,0.0000,-0.0000,0.0000,0.5046,0.0000,-0.0000,0.0131,0.0000,0.0000,0.0000,-0.0000,0.0000,-0.0222,0.0000,0.0000,40.7,40.7,40.7,40.7,40.7,40.7,40.7,40.7,0.00,0.00,0.00,0.00
5.344,HOVER,-0.0000,0.0000,0.5042,0.0000,0.0000,0.5000,0.0042,0.0000,-0.0000,0.0000,0.5046,0.0000,-0.0000,0.0128,0.0000,0.0000,0.0000,-0.0000,0.0000,-0.0223,0.0000,0.0000,40.7,40.7,40.7,40.7,40.7,40.7,40.7,40.7,0.00,0.00,0.00,0.00
5.352,HOVER,-0.0000,0.0000,0.5041,0.0000,0.0000,0.5000,0.0041,0.0000,-0.0000,0.0000,0.5045,0.0000,-0.0000,0.0125,0.0000,0.0000,0.0000,-0.0000,0.0000,-0.0223,0.0000,0.0000,40.7,40.7,40.7,40.7,40.7,40.7,40.7,40.7,0.00,0.00,0.00,0.00
5.360,HOVER,-0.0000,0.0000,0.5041,0.0000,0.0000,0.5000,0.0041,0.0000,-0.0000,0.0000,0.5045,0.0000,-0.0000,0.0121,0.0000,0.0000,0.0000,-0.0000,0.0000,-0.0223,0.0000,0.0000,40.7,40.7,40.7,40.7,40.7,40.7,40.7,40.7,0.00,0.00,0.00,0.00
5.368,HOVER,-0.0000,0.0000,0.5041,0.0000,0.0000,0.5000,0.0041,0.0000,-0.0000,0.0000,0.5045,0.0000,-0.0000,0.0118,0.0000,0.0000,0.0000,-0.0000,0.0000,-0.0224,0.0000,0.0000,40.7,40.7,40.7,40.7,40.7,40.7,40.7,40.7,0.00,0.00,0.00,0.00
5.376,HOVER,-0.0000,0.0000,0.5041,0.0000,0.0000,0.5000,0.0041,0.0000,-0.0000,0.0000,0.5045,0.0000,-0.0000,0.0115,0.0000,0.0000,0.0000,-0.0000,0.0000,-0.0224,0.0000,0.0000,40.7,40.7,40.7,40.7,40.7,40.7,40.7,40.7,0.00,0.00,0.00,0.00
5.384,HOVER,-0.0000,0.0000,0.5041,0.0000,0.0000,0.5000,0.0041,0.0000,-0.0000,0.0000,0.5044,0.0000,-0.0000,0.0112,0.0000,0.0000,0.0000,-0.0000,0.0000,-0.0225,0.0000,0.0000,40.7,40.7,40.7,40.7,40.7,40.7,40.7,40.7,0.00,0.00,0.00,0.00
5.392,HOVER,-0.0000,0.0000,0.5041,0.0000,0.0000,0.5000,0.0041,0.0000,-0.0000,0.0000,0.5044,0.0000,-0.0000,0.0109,0.0000,0.0000,0.0000,-0.0000,0.0000,-0.0225,0.0000,0.0000,40.7,40.7,40.7,40.7,40.7,40.7,40.7,40.7,0.00,0.00,0.00,0.00
5.400,HOVER,-0.0000,0.0000,0.5041,0.0000,0.0000,0.5000,0.0041,0.0000,-0.0000,0.0000,0.5044,0.0000,-0.0000,0.0106,0.0000,0.0000,0.0000,-0.0000,0.0000,-0.0225,0.0000,0.0000,40.7,40.7,40.7,40.7,40.7,40.7,40.7,40.7,0.00,0.00,0.00,0.00
5.408,HOVER,-0.0000,0.0000,0.5040,0.0000,0.0000,0.5000,0.0040,0.0000,-0.0000,0.0000,0.5044,0.0000,-0.0000,0.0103,0.0000,0.0000,0.0000,-0.0000,0.0000,-0.0226,0.0000,0.0000,40.7,40.7,40.7,40.7,40.7,40.7,40.7,40.7,0.00,0.00,0.00,0.00
5.416,HOVER,-0.0000,0.0000,0.5040,0.0000,0.0000,0.5000,0.0040,0.0000,-0.0000,0.0000,0.5043,0.0000,-0.0000,0.0100,0.0000,0.0000,0.0000,-0.0000,0.0000,-0.0226,0.0000,0.0000,40.7,40.7,40.7,40.7,40.7,40.7,40.7,40.7,0.00,0.00,0.00,0.00
5.424,HOVER,-0.0000,0.0000,0.5040,0.0000,0.0000,0.5000,0.0040,0.0000,-0.0000,0.0000,0.5043,0.0000,-0.0000,0.0097,0.0000,0.0000,0.0000,-0.0000,0.0000,-0.0226,0.0000,0.0000,40.7,40.7,40.7,40.7,40.7,40.7,40.7,40.7,0.00,0.00,0.00,0.00
5.432,HOVER,-0.0000,0.0000,0.5040,0.0000,0.0000,0.5000,0.0040,0.0000,-0.0000,0.0000,0.5043,0.0000,-0.0000,0.0095,0.0000,0.0000,0.0000,-0.0000,0.0000,-0.0227,0.0000,0.0000,40.7,40.7,40.7,40.7,40.7,40.7,40.7,40.7,0.00,0.00,0.00,0.00
5.440,HOVER,-0.0000,0.0000,0.5040,0.0000,0.0000,0.5000,0.0040,0.0000,-0.0000,0.0000,0.5043,0.0000,-0.0000,0.0092,0.0000,0.0000,0.0000,-0.0000,0.0000,-0.0227,0.0000,0.0000,40.7,40.7,40.7,40.7,40.7,40.7,40.7,40.7,0.00,0.00,0.00,0.00
5.448,HOVER,-0.0000,0.0000,0.5040,0.0000,0.0000,0.5000,0.0040,0.0000,-0.0000,0.0000,0.5043,0.0000,-0.0000,0.0089,0.0000,0.0000,0.0000,-0.0000,0.0000,-0.0227,0.0000,0.0000,40.7,40.7,40.7,40.7,40.7,40.7,40.7,40.7,0.00,0.00,0.00,0.00
5.456,HOVER,-0.0000,0.0000,0.5040,0.0000,0.0000,0.5000,0.0040,0.0000,-0.0000,0.0000,0.5042,0.0000,-0.0000,0.0086,0.0000,0.0000,0.0000,-0.0000,0.0000,-0.0228,0.0000,0.0000,40.7,40.7,40.7,40.7,40.7,40.7,40.7,40.7,0.00,0.00,0.00,0.00
5.464,HOVER,-0.0000,0.0000,0.5039,0.0000,0.0000,0.5000,0.0039,0.0000,-0.0000,0.0000,0.5042,0.0000,-0.0000,0.0083,0.0000,0.0000,0.0000,-0.0000,0.0000,-0.0228,0.0000,0.0000,40.7,40.7,40.7,40.7,40.7,40.7,40.7,40.7,0.00,0.00,0.00,0.00
5.472,HOVER,-0.0000,0.0000,0.5039,0.0000,0.0000,0.5000,0.0039,0.0000,-0.0000,0.0000,0.5042,0.0000,-0.0000,0.0081,0.0000,0.0000,0.0000,-0.0000,0.0000,-0.0228,0.0000,0.0000,40.7,40.7,40.7,40.7,40.7,40.7,40.7,40.7,0.00,0.00,0.00,0.00
5.480,HOVER,-0.0000,0.0000,0.5039,0.0000,0.0000,0.5000,0.0039,0.0000,-0.0000,0.0000,0.5042,0.0000,-0.0000,0.0078,0.0000,0.0000,0.0000,-0.0000,0.0000,-0.0228,0.0000,0.0000,40.7,40.7,40.7,40.7,40.7,40.7,40.7,40.7,0.00,0.00,0.00,0.00
5.488,HOVER,-0.0000,0.0000,0.5039,0.0000,0.0000,0.5000,0.0039,0.0000,-0.0000,0.0000,0.5041,0.0000,-0.0000,0.0075,0.0000,0.0000,0.0000,-0.0000,0.0000,-0.0229,0.0000,0.0000,40.7,40.7,40.7,40.7,40.7,40.7,40.7,40.7,0.00,0.00,0.00,0.00
5.496,HOVER,-0.0000,0.0000,0.5039,0.0000,0.0000,0.5000,0.0039,0.0000,-0.0000,0.0000,0.5041,0.0000,-0.0000,0.0072,0.0000,0.0000,0.0000,-0.0000,0.0000,-0.0229,0.0000,0.0000,40.7,40.7,40.7,40.7,40.7,40.7,40.7,40.7,0.00,0.00,0.00,0.00
5.504,HOVER,-0.0000,0.0000,0.5039,0.0000,0.0000,0.5000,0.0039,0.0000,-0.0000,0.0000,0.5041,0.0000,-0.0000,0.0070,0.0000,0.0000,0.0000,-0.0000,0.0000,-0.0229,0.0000,0.0000,40.7,40.7,40.7,40.7,40.7,40.7,40.7,40.7,0.00,0.00,0.00,0.00
5.512,HOVER,-0.0000,0.0000,0.5039,0.0000,0.0000,0.5000,0.0039,0.0000,-0.0000,0.0000,0.5041,0.0000,-0.0000,0.0067,0.0000,0.0000,0.0000,-0.0000,0.0000,-0.0229,0.0000,0.0000,40.7,40.7,40.7,40.7,40.7,40.7,40.7,40.7,0.00,0.00,0.00,0.00
5.520,HOVER,-0.0000,0.0000,0.5038,0.0000,0.0000,0.5000,0.0038,0.0000,-0.0000,0.0000,0.5041,0.0000,-0.0000,0.0065,0.0000,0.0000,0.0000,-0.0000,0.0000,-0.0230,0.0000,0.0000,40.7,40.7,40.7,40.7,40.7,40.7,40.7,40.7,0.00,0.00,0.00,0.00
5.528,HOVER,-0.0000,0.0000,0.5038,0.0000,0.0000,0.5000,0.0038,0.0000,-0.0000,0.0000,0.5040,0.0000,-0.0000,0.0062,0.0000,0.0000,0.0000,-0.0000,0.0000,-0.0230,0.0000,0.0000,40.7,40.7,40.7,40.7,40.7,40.7,40.7,40.7,0.00,0.00,0.00,0.00
5.536,HOVER,-0.0000,0.0000,0.5038,0.0000,0.0000,0.5000,0.0038,0.0000,-0.0000,0.0000,0.5040,0.0000,-0.0000,0.0059,0.0000,0.0000,0.0000,-0.0000,0.0000,-0.0230,0.0000,0.0000,40.7,40.7,40.7,40.7,40.7,40.7,40.7,40.7,0.00,0.00,0.00,0.00
5.544,HOVER,-0.0000,0.0000,0.5038,0.0000,0.0000,0.5000,0.0038,0.0000,-0.0000,0.0000,0.5040,0.0000,-0.0000,0.0057,0.0000,0.0000,0.0000,-0.0000,0.0000,-0.0230,0.0000,0.0000,40.7,40.7,40.7,40.7,40.7,40.7,40.7,40.7,0.00,0.00,0.00,0.00
5.552,HOVER,-0.0000,0.0000,0.5038,0.0000,0.0000,0.5000,0.0038,0.0000,-0.0000,0.0000,0.5040,0.0000,-0.0000,0.0054,0.0000,0.0000,0.0000,-0.0000,0.0000,-0.0231,0.0000,0.0000,40.7,40.7,40.7,40.7,40.7,40.7,40.7,40.7,0.00,0.00,0.00,0.00
5.560,HOVER,-0.0000,0.0000,0.5038,0.0000,0.0000,0.5000,0.0038,0.0000,-0.0000,0.0000,0.5040,0.0000,-0.0000,0.0052,0.0000,0.0000,0.0000,-0.0000,0.0000,-0.0231,0.0000,0.0000,40.7,40.7,40.7,40.7,40.7,40.7,40.7,40.7,0.00,0.00,0.00,0.00
5.568,HOVER,-0.0000,0.0000,0.5038,0.0000,0.0000,0.5000,0.0038,0.0000,-0.0000,0.0000,0.5040,0.0000,-0.0000,0.0049,0.0000,0.0000,0.0000,-0.0000,0.0000,-0.0231,0.0000,0.0000,40.7,40.7,40.7,40.7,40.7,40.7,40.7,40.7,0.00,0.00,0.00,0.00
5.576,HOVER,-0.0000,0.0000,0.5038,0.0000,0.0000,0.5000,0.0038,0.0000,-0.0000,0.0000,0.5039,0.0000,-0.0000,0.0047,0.0000,0.0000,0.0000,-0.0000,0.0000,-0.0231,0.0000,0.0000,40.7,40.7,40.7,40.7,40.7,40.7,40.7,40.7,0.00,0.00,0.00,0.00
5.584,HOVER,-0.0000,0.0000,0.5038,0.0000,0.0000,0.5000,0.0038,0.0000,-0.0000,0.0000,0.5039,0.0000,-0.0000,0.0044,0.0000,0.0000,0.0000,-0.0000,0.0000,-0.0231,0.0000,0.0000,40.7,40.7,40.7,40.7,40.7,40.7,40.7,40.7,0.00,0.00,0.00,0.00
5.592,HOVER,-0.0000,0.0000,0.5037,0.0000,0.0000,0.5000,0.0037,0.0000,-0.0000,0.0000,0.5039,0.0000,-0.0000,0.0042,0.0000,0.0000,0.0000,-0.0000,0.0000,-0.0231,0.0000,0.0000,40.7,40.7,40.7,40.7,40.7,40.7,40.7,40.7,0.00,0.00,0.00,0.00
5.600,HOVER,-0.0000,0.0000,0.5037,0.0000,0.0000,0.5000,0.0037,0.0000,-0.0000,0.0000,0.5039,0.0000,-0.0000,0.0040,0.0000,0.0000,0.0000,-0.0000,0.0000,-0.0232,0.0000,0.0000,40.7,40.7,40.7,40.7,40.7,40.7,40.7,40.7,0.00,0.00,0.00,0.00
5.608,HOVER,-0.0000,0.0000,0.5037,0.0000,0.0000,0.5000,0.0037,0.0000,-0.0000,0.0000,0.5039,0.0000,-0.0000,0.0037,0.0000,0.0000,0.0000,-0.0000,0.0000,-0.0232,0.0000,0.0000,40.7,40.7,40.7,40.7,40.7,40.7,40.7,40.7,0.00,0.00,0.00,0.00
5.616,HOVER,-0.0000,0.0000,0.5037,0.0000,0.0000,0.5000,0.0037,0.0000,-0.0000,0.0000,0.5039,0.0000,-0.0000,0.0035,0.0000,0.0000,0.0000,-0.0000,0.0000,-0.0232,0.0000,0.0000,40.7,40.7,40.7,40.7,40.7,40.7,40.7,40.7,0.00,0.00,0.00,0.00
5.624,HOVER,-0.0000,0.0000,0.5037,0.0000,0.0000,0.5000,0.0037,0.0000,-0.0000,0.0000,0.5038,0.0000,-0.0000,0.0033,0.0000,0.0000,0.0000,-0.0000,0.0000,-0.0232,0.0000,0.0000,40.7,40.7,40.7,40.7,40.7,40.7,40.7,40.7,0.00,0.00,0.00,0.00
5.632,HOVER,-0.0000,0.0000,0.5037,0.0000,0.0000,0.5000,0.0037,0.0000,-0.0000,0.0000,0.5038,0.0000,-0.0000,0.0030,0.0000,0.0000,0.0000,-0.0000,0.0000,-0.0232,0.0000,0.0000,40.7,40.7,40.7,40.7,40.7,40.7,40.7,40.7,0.00,0.00,0.00,0.00
5.640,HOVER,-0.0000,0.0000,0.5037,0.0000,0.0000,0.5000,0.0037,0.0000,-0.0000,0.0000,0.5038,0.0000,-0.0000,0.0028,0.0000,0.0000,0.0000,-0.0000,0.0000,-0.0232,0.0000,0.0000,40.7,40.7,40.7,40.7,40.7,40.7,40.7,40.7,0.00,0.00,0.00,0.00
5.648,HOVER,-0.0000,0.0000,0.5037,0.0000,0.0000,0.5000,0.0037,0.0000,-0.0000,0.0000,0.5038,0.0000,-0.0000,0.0026,0.0000,0.0000,0.0000,-0.0000,0.0000,-0.0232,0.0000,0.0000,40.7,40.7,40.7,40.7,40.7,40.7,40.7,40.7,0.00,0.00,0.00,0.00
5.656,HOVER,-0.0000,0.0000,0.5037,0.0000,0.0000,0.5000,0.0037,0.0000,-0.0000,0.0000,0.5038,0.0000,-0.0000,0.0023,0.0000,0.0000,0.0000,-0.0000,0.0000,-0.0233,0.0000,0.0000,40.7,40.7,40.7,40.7,40.7,40.7,40.7,40.7,0.00,0.00,0.00,0.00
5.664,HOVER,-0.0000,0.0000,0.5037,0.0000,0.0000,0.5000,0.0037,0.0000,-0.0000,0.0000,0.5038,0.0000,-0.0000,0.0021,0.0000,0.0000,0.0000,-0.0000,0.0000,-0.0233,0.0000,0.0000,40.7,40.7,40.7,40.7,40.7,40.7,40.7,40.7,0.00,0.00,0.00,0.00
5.672,HOVER,-0.0000,0.0000,0.5036,0.0000,0.0000,0.5000,0.0036,0.0000,-0.0000,0.0000,0.5037,0.0000,-0.0000,0.0019,0.0000,0.0000,0.0000,-0.0000,0.0000,-0.0233,0.0000,0.0000,40.7,40.7,40.7,40.7,40.7,40.7,40.7,40.7,0.00,0.00,0.00,0.00
5.680,HOVER,-0.0000,0.0000,0.5036,0.0000,0.0000,0.5000,0.0036,0.0000,-0.0000,0.0000,0.5037,0.0000,-0.0000,0.0017,0.0000,0.0000,0.0000,-0.0000,0.0000,-0.0233,0.0000,0.0000,40.7,40.7,40.7,40.7,40.7,40.7,40.7,40.7,0.00,0.00,0.00,0.00
5.688,HOVER,-0.0000,0.0000,0.5036,0.0000,0.0000,0.5000,0.0036,0.0000,-0.0000,0.0000,0.5037,0.0000,-0.0000,0.0015,0.0000,0.0000,0.0000,-0.0000,0.0000,-0.0233,0.0000,0.0000,40.7,40.7,40.7,40.7,40.7,40.7,40.7,40.7,0.00,0.00,0.00,0.00
5.696,HOVER,-0.0000,0.0000,0.5036,0.0000,0.0000,0.5000,0.0036,0.0000,-0.0000,0.0000,0.5037,0.0000,-0.0000,0.0013,0.0000,0.0000,0.0000,-0.0000,0.0000,-0.0233,0.0000,0.0000,40.7,40.7,40.7,40.7,40.7,40.7,40.7,40.7,0.00,0.00,0.00,0.00
5.704,HOVER,-0.0000,0.0000,0.5036,0.0000,0.0000,0.5000,0.0036,0.0000,-0.0000,0.0000,0.5037,0.0000,-0.0000,0.0010,0.0000,0.0000,0.0000,-0.0000,0.0000,-0.0233,0.0000,0.0000,40.7,40.7,40.7,40.7,40.7,40.7,40.7,40.7,0.00,0.00,0.00,0.00
5.712,HOVER,-0.0000,0.0000,0.5036,0.0000,0.0000,0.5000,0.0036,0.0000,-0.0000,0.0000,0.5037,0.0000,-0.0000,0.0008,0.0000,0.0000,0.0000,-0.0000,0.0000,-0.0233,0.0000,0.0000,40.7,40.7,40.7,40.7,40.7,40.7,40.7,40.7,0.00,0.00,0.00,0.00
5.720,HOVER,-0.0000,0.0000,0.5036,0.0000,0.0000,0.5000,0.0036,0.0000,-0.0000,0.0000,0.5037,0.0000,-0.0000,0.0006,0.0000,0.0000,0.0000,-0.0000,0.0000,-0.0233,0.0000,0.0000,40.7,40.7,40.7,40.7,40.7,40.7,40.7,40.7,0.00,0.00,0.00,0.00
5.728,HOVER,-0.0000,0.0000,0.5036,0.0000,0.0000,0.5000,0.0036,0.0000,-0.0000,0.0000,0.5036,0.0000,-0.0000,0.0004,0.0000,0.0000,0.0000,-0.0000,0.0000,-0.0233,0.0000,0.0000,40.7,40.7,40.7,40.7,40.7,40.7,40.7,40.7,0.00,0.00,0.00,0.00
5.736,HOVER,-0.0000,0.0000,0.5036,0.0000,0.0000,0.5000,0.0036,0.0000,-0.0000,0.0000,0.5036,0.0000,-0.0000,0.0002,0.0000,0.0000,0.0000,-0.0000,0.0000,-0.0233,0.0000,0.0000,40.7,40.7,40.7,40.7,40.7,40.7,40.7,40.7,0.00,0.00,0.00,0.00
5.744,HOVER,-0.0000,0.0000,0.5036,0.0000,0.0000,0.5000,0.0036,0.0000,-0.0000,0.0000,0.5036,0.0000,-0.0000,0.0000,0.0000,0.0000,0.0000,-0.0000,0.0000,-0.0233,0.0000,0.0000,40.7,40.7,40.7,40.7,40.7,40.7,40.7,40.7,0.00,0.00,0.00,0.00
5.752,HOVER,-0.0000,0.0000,0.5036,0.0000,0.0000,0.5000,0.0036,0.0000,-0.0000,0.0000,0.5036,0.0000,-0.0000,-0.0002,0.0000,0.0000,0.0000,-0.0000,0.0000,-0.0233,0.0000,0.0000,40.7,40.7,40.7,40.7,40.7,40.7,40.7,40.7,0.00,0.00,0.00,0.00
5.760,HOVER,-0.0000,0.0000,0.5036,0.0000,0.0000,0.5000,0.0036,0.0000,-0.0000,0.0000,0.5036,0.0000,-0.0000,-0.0004,0.0000,0.0000,0.0000,-0.0000,0.0000,-0.0233,0.0000,0.0000,40.7,40.7,40.7,40.7,40.7,40.7,40.7,40.7,0.00,0.00,0.00,0.00
5.768,HOVER,-0.0000,0.0000,0.5035,0.0000,0.0000,0.5000,0.0035,0.0000,-0.0000,0.0000,0.5036,0.0000,-0.0000,-0.0006,0.0000,0.0000,0.0000,-0.0000,0.0000,-0.0234,0.0000,0.0000,40.7,40.7,40.7,40.7,40.7,40.7,40.7,40.7,0.00,0.00,0.00,0.00
5.776,HOVER,-0.0000,0.0000,0.5035,0.0000,0.0000,0.5000,0.0035,0.0000,-0.0000,0.0000,0.5036,0.0000,-0.0000,-0.0008,0.0000,0.0000,0.0000,-0.0000,0.0000,-0.0234,0.0000,0.0000,40.7,40.7,40.7,40.7,40.7,40.7,40.7,40.7,0.00,0.00,0.00,0.00
5.784,HOVER,-0.0000,0.0000,0.5035,0.0000,0.0000,0.5000,0.0035,0.0000,-0.0000,0.0000,0.5036,0.0000,-0.0000,-0.0010,0.0000,0.0000,0.0000,-0.0000,0.0000,-0.0234,0.0000,0.0000,40.7,40.7,40.7,40.7,40.7,40.7,40.7,40.7,0.00,0.00,0.00,0.00
5.792,HOVER,-0.0000,0.0000,0.5035,0.0000,0.0000,0.5000,0.0035,0.0000,-0.0000,0.0000,0.5035,0.0000,-0.0000,-0.0012,0.0000,0.0000,0.0000,-0.0000,0.0000,-0.0234,0.0000,0.0000,40.7,40.7,40.7,40.7,40.7,40.7,40.7,40.7,0.00,0.00,0.00,0.00
5.800,HOVER,-0.0000,0.0000,0.5035,0.0000,0.0000,0.5000,0.0035,0.0000,-0.0000,0.0000,0.5035,0.0000,-0.0000,-0.0014,0.0000,0.0000,0.0000,-0.0000,0.0000,-0.0234,0.0000,0.0000,40.7,40.7,40.7,40.7,40.7,40.7,40.7,40.7,0.00,0.00,0.00,0.00
5.808,HOVER,-0.0000,0.0000,0.5035,0.0000,0.0000,0.5000,0.0035,0.0000,-0.0000,0.0000,0.5035,0.0000,-0.0000,-0.0015,0.0000,0.0000,0.0000,-0.0000,0.0000,-0.0234,0.0000,0.0000,40.7,40.7,40.7,40.7,40.7,40.7,40.7,40.7,0.00,0.00,0.00,0.00
5.816,HOVER,-0.0000,0.0000,0.5035,0.0000,0.0000,0.5000,0.0035,0.0000,-0.0000,0.0000,0.5035,0.0000,-0.0000,-0.0017,0.0000,0.0000,0.0000,-0.0000,0.0000,-0.0234,0.0000,0.0000,40.7,40.7,40.7,40.7,40.7,40.7,40.7,40.7,0.00,0.00,0.00,0.00
5.824,HOVER,-0.0000,0.0000,0.5035,0.0000,0.0000,0.5000,0.0035,0.0000,-0.0000,0.0000,0.5035,0.0000,-0.0000,-0.0019,0.0000,0.0000,0.0000,-0.0000,0.0000,-0.0234,0.0000,0.0000,40.7,40.7,40.7,40.7,40.7,40.7,40.7,40.7,0.00,0.00,0.00,0.00
5.832,HOVER,-0.0000,0.0000,0.5035,0.0000,0.0000,0.5000,0.0035,0.0000,-0.0000,0.0000,0.5035,0.0000,-0.0000,-0.0021,0.0000,0.0000,0.0000,-0.0000,0.0000,-0.0234,0.0000,0.0000,40.7,40.7,40.7,40.7,40.7,40.7,40.7,40.7,0.00,0.00,0.00,0.00
5.840,HOVER,-0.0000,0.0000,0.5035,0.0000,0.0000,0.5000,0.0035,0.0000,-0.0000,0.0000,0.5035,0.0000,-0.0000,-0.0023,0.0000,0.0000,0.0000,-0.0000,0.0000,-0.0234,0.0000,0.0000,40.7,40.7,40.7,40.7,40.7,40.7,40.7,40.7,0.00,0.00,0.00,0.00
5.848,HOVER,-0.0000,0.0000,0.5035,0.0000,0.0000,0.5000,0.0035,0.0000,-0.0000,0.0000,0.5035,0.0000,-0.0000,-0.0025,0.0000,0.0000,0.0000,-0.0000,0.0000,-0.0234,0.0000,0.0000,40.7,40.7,40.7,40.7,40.7,40.7,40.7,40.7,0.00,0.00,0.00,0.00
5.856,HOVER,-0.0000,0.0000,0.5035,0.0000,0.0000,0.5000,0.0035,0.0000,-0.0000,0.0000,0.5034,0.0000,-0.0000,-0.0026,0.0000,0.0000,0.0000,-0.0000,0.0000,-0.0234,0.0000,0.0000,40.7,40.7,40.7,40.7,40.7,40.7,40.7,40.7,0.00,0.00,0.00,0.00
5.864,HOVER,-0.0000,0.0000,0.5035,0.0000,0.0000,0.5000,0.0035,0.0000,-0.0000,0.0000,0.5034,0.0000,-0.0000,-0.0028,0.0000,0.0000,0.0000,-0.0000,0.0000,-0.0233,0.0000,0.0000,40.7,40.7,40.7,40.7,40.7,40.7,40.7,40.7,0.00,0.00,0.00,0.00
5.872,HOVER,-0.0000,0.0000,0.5035,0.0000,0.0000,0.5000,0.0035,0.0000,-0.0000,0.0000,0.5034,0.0000,-0.0000,-0.0030,0.0000,0.0000,0.0000,-0.0000,0.0000,-0.0233,0.0000,0.0000,40.7,40.7,40.7,40.7,40.7,40.7,40.7,40.7,0.00,0.00,0.00,0.00
5.880,HOVER,-0.0000,0.0000,0.5035,0.0000,0.0000,0.5000,0.0035,0.0000,-0.0000,0.0000,0.5034,0.0000,-0.0000,-0.0032,0.0000,0.0000,0.0000,-0.0000,0.0000,-0.0233,0.0000,0.0000,40.7,40.7,40.7,40.7,40.7,40.7,40.7,40.7,0.00,0.00,0.00,0.00
5.888,HOVER,-0.0000,0.0000,0.5034,0.0000,0.0000,0.5000,0.0034,0.0000,-0.0000,0.0000,0.5034,0.0000,-0.0000,-0.0033,0.0000,0.0000,0.0000,-0.0000,0.0000,-0.0233,0.0000,0.0000,40.7,40.7,40.7,40.7,40.7,40.7,40.7,40.7,0.00,0.00,0.00,0.00
5.896,HOVER,-0.0000,0.0000,0.5034,0.0000,0.0000,0.5000,0.0034,0.0000,-0.0000,0.0000,0.5034,0.0000,-0.0000,-0.0035,0.0000,0.0000,0.0000,-0.0000,0.0000,-0.0233,0.0000,0.0000,40.7,40.7,40.7,40.7,40.7,40.7,40.7,40.7,0.00,0.00,0.00,0.00
5.904,HOVER,-0.0000,0.0000,0.5034,0.0000,0.0000,0.5000,0.0034,0.0000,-0.0000,0.0000,0.5034,0.0000,-0.0000,-0.0037,0.0000,0.0000,0.0000,-0.0000,0.0000,-0.0233,0.0000,0.0000,40.7,40.7,40.7,40.7,40.7,40.7,40.7,40.7,0.00,0.00,0.00,0.00
5.912,HOVER,-0.0000,0.0000,0.5034,0.0000,0.0000,0.5000,0.0034,0.0000,-0.0000,0.0000,0.5034,0.0000,-0.0000,-0.0038,0.0000,0.0000,0.0000,-0.0000,0.0000,-0.0233,0.0000,0.0000,40.7,40.7,40.7,40.7,40.7,40.7,40.7,40.7,0.00,0.00,0.00,0.00
5.920,HOVER,-0.0000,0.0000,0.5034,0.0000,0.0000,0.5000,0.0034,0.0000,-0.0000,0.0000,0.5034,0.0000,-0.0000,-0.0040,0.0000,0.0000,0.0000,-0.0000,0.0000,-0.0233,0.0000,0.0000,40.7,40.7,40.7,40.7,40.7,40.7,40.7,40.7,0.00,0.00,0.00,0.00
5.928,HOVER,-0.0000,0.0000,0.5034,0.0000,0.0000,0.5000,0.0034,0.0000,-0.0000,0.0000,0.5034,0.0000,-0.0000,-0.0042,0.0000,0.0000,0.0000,-0.0000,0.0000,-0.0233,0.0000,0.0000,40.7,40.7,40.7,40.7,40.7,40.7,40.7,40.7,0.00,0.00,0.00,0.00
5.936,HOVER,-0.0000,0.0000,0.5034,0.0000,0.0000,0.5000,0.0034,0.0000,-0.0000,0.0000,0.5033,0.0000,-0.0000,-0.0043,0.0000,0.0000,0.0000,-0.0000,0.0000,-0.0233,0.0000,0.0000,40.7,40.7,40.7,40.7,40.7,40.7,40.7,40.7,0.00,0.00,0.00,0.00
5.944,HOVER,-0.0000,0.0000,0.5034,0.0000,0.0000,0.5000,0.0034,0.0000,-0.0000,0.0000,0.5033,0.0000,-0.0000,-0.0045,0.0000,0.0000,0.0000,-0.0000,0.0000,-0.0233,0.0000,0.0000,40.7,40.7,40.7,40.7,40.7,40.7,40.7,40.7,0.00,0.00,0.00,0.00
5.952,HOVER,-0.0000,0.0000,0.5034,0.0000,0.0000,0.5000,0.0034,0.0000,-0.0000,0.0000,0.5033,0.0000,-0.0000,-0.0046,0.0000,0.0000,0.0000,-0.0000,0.0000,-0.0233,0.0000,0.0000,40.7,40.7,40.7,40.7,40.7,40.7,40.7,40.7,0.00,0.00,0.00,0.00
5.960,HOVER,-0.0000,0.0000,0.5034,0.0000,0.0000,0.5000,0.0034,0.0000,-0.0000,0.0000,0.5033,0.0000,-0.0000,-0.0048,0.0000,0.0000,0.0000,-0.0000,0.0000,-0.0233,0.0000,0.0000,40.7,40.7,40.7,40.7,40.7,40.7,40.7,40.7,0.00,0.00,0.00,0.00
5.968,HOVER,-0.0000,0.0000,0.5034,0.0000,0.0000,0.5000,0.0034,0.0000,-0.0000,0.0000,0.5033,0.0000,-0.0000,-0.0050,0.0000,0.0000,0.0000,-0.0000,0.0000,-0.0233,0.0000,0.0000,40.7,40.7,40.7,40.7,40.7,40.7,40.7,40.7,0.00,0.00,0.00,0.00
5.976,HOVER,-0.0000,0.0000,0.5034,0.0000,0.0000,0.5000,0.0034,0.0000,-0.0000,0.0000,0.5033,0.0000,-0.0000,-0.0051,0.0000,0.0000,0.0000,-0.0000,0.0000,-0.0233,0.0000,0.0000,40.7,40.7,40.7,40.7,40.7,40.7,40.7,40.7,0.00,0.00,0.00,0.00
5.984,HOVER,-0.0000,0.0000,0.5034,0.0000,0.0000,0.5000,0.0034,0.0000,-0.0000,0.0000,0.5033,0.0000,-0.0000,-0.0053,0.0000,0.0000,0.0000,-0.0000,0.0000,-0.0232,0.0000,0.0000,40.7,40.7,40.7,40.7,40.7,40.7,40.7,40.7,0.00,0.00,0.00,0.00
5.992,HOVER,-0.0000,0.0000,0.5034,0.0000,0.0000,0.5000,0.0034,0.0000,-0.0000,0.0000,0.5033,0.0000,-0.0000,-0.0054,0.0000,0.0000,0.0000,-0.0000,0.0000,-0.0232,0.0000,0.0000,40.7,40.7,40.7,40.7,40.7,40.7,40.7,40.7,0.00,0.00,0.00,0.00
6.000,HOVER,-0.0000,0.0000,0.5034,0.0000,0.0000,0.5000,0.0034,0.0000,-0.0000,0.0000,0.5033,0.0000,-0.0000,-0.0056,0.0000,0.0000,0.0000,-0.0000,0.0000,-0.0232,0.0000,0.0000,40.7,40.7,40.7,40.7,40.7,40.7,40.7,40.7,0.00,0.00,0.00,0.00
6.008,HOVER,-0.0000,0.0000,0.5034,0.0000,0.0000,0.5000,0.0034,0.0000,-0.0000,0.0000,0.5033,0.0000,-0.0000,-0.0057,0.0000,0.0000,0.0000,-0.0000,0.0000,-0.0232,0.0000,0.0000,40.7,40.7,40.7,40.7,40.7,40.7,40.7,40.7,0.00,0.00,0.00,0.00
6.016,HOVER,-0.0000,0.0000,0.5034,0.0000,0.0000,0.5000,0.0034,0.0000,-0.0000,0.0000,0.5033,0.0000,-0.0000,-0.0059,0.0000,0.0000,0.0000,-0.0000,0.0000,-0.0232,0.0000,0.0000,40.7,40.7,40.7,40.7,40.7,40.7,40.7,40.7,0.00,0.00,0.00,0.00
6.024,HOVER,-0.0000,0.0000,0.5034,0.0000,0.0000,0.5000,0.0034,0.0000,-0.0000,0.0000,0.5032,0.0000,-0.0000,-0.0060,0.0000,0.0000,0.0000,-0.0000,0.0000,-0.0232,0.0000,0.0000,40.7,40.7,40.7,40.7,40.7,40.7,40.7,40.7,0.00,0.00,0.00,0.00
6.032,HOVER,-0.0000,0.0000,0.5034,0.0000,0.0000,0.5000,0.0034,0.0000,-0.0000,0.0000,0.5032,0.0000,-0.0000,-0.0061,0.0000,0.0000,0.0000,-0.0000,0.0000,-0.0232,0.0000,0.0000,40.7,40.7,40.7,40.7,40.7,40.7,40.7,40.7,0.00,0.00,0.00,0.00
6.040,HOVER,-0.0000,0.0000,0.5034,0.0000,0.0000,0.5000,0.0034,0.0000,-0.0000,0.0000,0.5032,0.0000,-0.0000,-0.0063,0.0000,0.0000,0.0000,-0.0000,0.0000,-0.0232,0.0000,0.0000,40.7,40.7,40.7,40.7,40.7,40.7,40.7,40.7,0.00,0.00,0.00,0.00
6.048,HOVER,-0.0000,0.0000,0.5033,0.0000,0.0000,0.5000,0.0033,0.0000,-0.0000,0.0000,0.5032,0.0000,-0.0000,-0.0064,0.0000,0.0000,0.0000,-0.0000,0.0000,-0.0231,0.0000,0.0000,40.7,40.7,40.7,40.7,40.7,40.7,40.7,40.7,0.00,0.00,0.00,0.00
6.056,HOVER,-0.0000,0.0000,0.5033,0.0000,0.0000,0.5000,0.0033,0.0000,-0.0000,0.0000,0.5032,0.0000,-0.0000,-0.0066,0.0000,0.0000,0.0000,-0.0000,0.0000,-0.0231,0.0000,0.0000,40.7,40.7,40.7,40.7,40.7,40.7,40.7,40.7,0.00,0.00,0.00,0.00
6.064,HOVER,-0.0000,0.0000,0.5033,0.0000,0.0000,0.5000,0.0033,0.0000,-0.0000,0.0000,0.5032,0.0000,-0.0000,-0.0067,0.0000,0.0000,0.0000,-0.0000,0.0000,-0.0231,0.0000,0.0000,40.7,40.7,40.7,40.7,40.7,40.7,40.7,40.7,0.00,0.00,0.00,0.00
6.072,HOVER,-0.0000,0.0000,0.5033,0.0000,0.0000,0.5000,0.0033,0.0000,-0.0000,0.0000,0.5032,0.0000,-0.0000,-0.0068,0.0000,0.0000,0.0000,-0.0000,0.0000,-0.0231,0.0000,0.0000,40.7,40.7,40.7,40.7,40.7,40.7,40.7,40.7,0.00,0.00,0.00,0.00
6.080,HOVER,-0.0000,0.0000,0.5033,0.0000,0.0000,0.5000,0.0033,0.0000,-0.0000,0.0000,0.5032,0.0000,-0.0000,-0.0070,0.0000,0.0000,0.0000,-0.0000,0.0000,-0.0231,0.0000,0.0000,40.7,40.7,40.7,40.7,40.7,40.7,40.7,40.7,0.00,0.00,0.00,0.00
6.088,HOVER,-0.0000,0.0000,0.5033,0.0000,0.0000,0.5000,0.0033,0.0000,-0.0000,0.0000,0.5032,0.0000,-0.0000,-0.0071,0.0000,0.0000,0.0000,-0.0000,0.0000,-0.0231,0.0000,0.0000,40.7,40.7,40.7,40.7,40.7,40.7,40.7,40.7,0.00,0.00,0.00,0.00
6.096,HOVER,-0.0000,0.0000,0.5033,0.0000,0.0000,0.5000,0.0033,0.0000,-0.0000,0.0000,0.5032,0.0000,-0.0000,-0.0072,0.0000,0.0000,0.0000,-0.0000,0.0000,-0.0231,0.0000,0.0000,40.7,40.7,40.7,40.7,40.7,40.7,40.7,40.7,0.00,0.00,0.00,0.00
6.104,HOVER,-0.0000,0.0000,0.5033,0.0000,0.0000,0.5000,0.0033,0.0000,-0.0000,0.0000,0.5032,0.0000,-0.0000,-0.0074,0.0000,0.0000,0.0000,-0.0000,0.0000,-0.0230,0.0000,0.0000,40.7,40.7,40.7,40.7,40.7,40.7,40.7,40.7,0.00,0.00,0.00,0.00
6.112,HOVER,-0.0000,0.0000,0.5033,0.0000,0.0000,0.5000,0.0033,0.0000,-0.0000,0.0000,0.5032,0.0000,-0.0000,-0.0075,0.0000,0.0000,0.0000,-0.0000,0.0000,-0.0230,0.0000,0.0000,40.7,40.7,40.7,40.7,40.7,40.7,40.7,40.7,0.00,0.00,0.00,0.00
6.120,HOVER,-0.0000,0.0000,0.5033,0.0000,0.0000,0.5000,0.0033,0.0000,-0.0000,0.0000,0.5032,0.0000,-0.0000,-0.0076,0.0000,0.0000,0.0000,-0.0000,0.0000,-0.0230,0.0000,0.0000,40.7,40.7,40.7,40.7,40.7,40.7,40.7,40.7,0.00,0.00,0.00,0.00
6.128,HOVER,-0.0000,0.0000,0.5033,0.0000,0.0000,0.5000,0.0033,0.0000,-0.0000,0.0000,0.5031,0.0000,-0.0000,-0.0077,0.0000,0.0000,0.0000,-0.0000,0.0000,-0.0230,0.0000,0.0000,40.7,40.7,40.7,40.7,40.7,40.7,40.7,40.7,0.00,0.00,0.00,0.00
6.136,HOVER,-0.0000,0.0000,0.5033,0.0000,0.0000,0.5000,0.0033,0.0000,-0.0000,0.0000,0.5031,0.0000,-0.0000,-0.0079,0.0000,0.0000,0.0000,-0.0000,0.0000,-0.0230,0.0000,0.0000,40.7,40.7,40.7,40.7,40.7,40.7,40.7,40.7,0.00,0.00,0.00,0.00
6.144,HOVER,-0.0000,0.0000,0.5033,0.0000,0.0000,0.5000,0.0033,0.0000,-0.0000,0.0000,0.5031,0.0000,-0.0000,-0.0080,0.0000,0.0000,0.0000,-0.0000,0.0000,-0.0230,0.0000,0.0000,40.7,40.7,40.7,40.7,40.7,40.7,40.7,40.7,0.00,0.00,0.00,0.00
6.152,HOVER,-0.0000,0.0000,0.5033,0.0000,0.0000,0.5000,0.0033,0.0000,-0.0000,0.0000,0.5031,0.0000,-0.0000,-0.0081,0.0000,0.0000,0.0000,-0.0000,0.0000,-0.0229,0.0000,0.0000,40.7,40.7,40.7,40.7,40.7,40.7,40.7,40.7,0.00,0.00,0.00,0.00
6.160,HOVER,-0.0000,0.0000,0.5033,0.0000,0.0000,0.5000,0.0033,0.0000,-0.0000,0.0000,0.5031,0.0000,-0.0000,-0.0082,0.0000,0.0000,0.0000,-0.0000,0.0000,-0.0229,0.0000,0.0000,40.7,40.7,40.7,40.7,40.7,40.7,40.7,40.7,0.00,0.00,0.00,0.00
6.168,HOVER,-0.0000,0.0000,0.5033,0.0000,0.0000,0.5000,0.0033,0.0000,-0.0000,0.0000,0.5031,0.0000,-0.0000,-0.0084,0.0000,0.0000,0.0000,-0.0000,0.0000,-0.0229,0.0000,0.0000,40.7,40.7,40.7,40.7,40.7,40.7,40.7,40.7,0.00,0.00,0.00,0.00
6.176,HOVER,-0.0000,0.0000,0.5033,0.0000,0.0000,0.5000,0.0033,0.0000,-0.0000,0.0000,0.5031,0.0000,-0.0000,-0.0085,0.0000,0.0000,0.0000,-0.0000,0.0000,-0.0229,0.0000,0.0000,40.7,40.7,40.7,40.7,40.7,40.7,40.7,40.7,0.00,0.00,0.00,0.00
6.184,HOVER,-0.0000,0.0000,0.5033,0.0000,0.0000,0.5000,0.0033,0.0000,-0.0000,0.0000,0.5031,0.0000,-0.0000,-0.0086,0.0000,0.0000,0.0000,-0.0000,0.0000,-0.0229,0.0000,0.0000,40.7,40.7,40.7,40.7,40.7,40.7,40.7,40.7,0.00,0.00,0.00,0.00
6.192,HOVER,-0.0000,0.0000,0.5033,0.0000,0.0000,0.5000,0.0033,0.0000,-0.0000,0.0000,0.5031,0.0000,-0.0000,-0.0087,0.0000,0.0000,0.0000,-0.0000,0.0000,-0.0228,0.0000,0.0000,40.7,40.7,40.7,40.7,40.7,40.7,40.7,40.7,0.00,0.00,0.00,0.00
6.200,HOVER,-0.0000,0.0000,0.5033,0.0000,0.0000,0.5000,0.0033,0.0000,-0.0000,0.0000,0.5031,0.0000,-0.0000,-0.0088,0.0000,0.0000,0.0000,-0.0000,0.0000,-0.0228,0.0000,0.0000,40.7,40.7,40.7,40.7,40.7,40.7,40.7,40.7,0.00,0.00,0.00,0.00
6.208,HOVER,-0.0000,0.0000,0.5033,0.0000,0.0000,0.5000,0.0033,0.0000,-0.0000,0.0000,0.5031,0.0000,-0.0000,-0.0089,0.0000,0.0000,0.0000,-0.0000,0.0000,-0.0228,0.0000,0.0000,40.7,40.7,40.7,40.7,40.7,40.7,40.7,40.7,0.00,0.00,0.00,0.00
6.216,HOVER,-0.0000,0.0000,0.5033,0.0000,0.0000,0.5000,0.0033,0.0000,-0.0000,0.0000,0.5031,0.0000,-0.0000,-0.0090,0.0000,0.0000,0.0000,-0.0000,0.0000,-0.0228,0.0000,0.0000,40.7,40.7,40.7,40.7,40.7,40.7,40.7,40.7,0.00,0.00,0.00,0.00
6.224,HOVER,-0.0000,0.0000,0.5033,0.0000,0.0000,0.5000,0.0033,0.0000,-0.0000,0.0000,0.5031,0.0000,-0.0000,-0.0092,0.0000,0.0000,0.0000,-0.0000,0.0000,-0.0228,0.0000,0.0000,40.7,40.7,40.7,40.7,40.7,40.7,40.7,40.7,0.00,0.00,0.00,0.00
6.232,HOVER,-0.0000,0.0000,0.5033,0.0000,0.0000,0.5000,0.0033,0.0000,-0.0000,0.0000,0.5031,0.0000,-0.0000,-0.0093,0.0000,0.0000,0.0000,-0.0000,0.0000,-0.0227,0.0000,0.0000,40.7,40.7,40.7,40.7,40.7,40.7,40.7,40.7,0.00,0.00,0.00,0.00
6.240,HOVER,-0.0000,0.0000,0.5033,0.0000,0.0000,0.5000,0.0033,0.0000,-0.0000,0.0000,0.5031,0.0000,-0.0000,-0.0094,0.0000,0.0000,0.0000,-0.0000,0.0000,-0.0227,0.0000,0.0000,40.7,40.7,40.7,40.7,40.7,40.7,40.7,40.7,0.00,0.00,0.00,0.00
6.248,HOVER,-0.0000,0.0000,0.5033,0.0000,0.0000,0.5000,0.0033,0.0000,-0.0000,0.0000,0.5031,0.0000,-0.0000,-0.0095,0.0000,0.0000,0.0000,-0.0000,0.0000,-0.0227,0.0000,0.0000,40.7,40.7,40.7,40.7,40.7,40.7,40.7,40.7,0.00,0.00,0.00,0.00
6.256,HOVER,-0.0000,0.0000,0.5033,0.0000,0.0000,0.5000,0.0033,0.0000,-0.0000,0.0000,0.5030,0.0000,-0.0000,-0.0096,0.0000,0.0000,0.0000,-0.0000,0.0000,-0.0227,0.0000,0.0000,40.7,40.7,40.7,40.7,40.7,40.7,40.7,40.7,0.00,0.00,0.00,0.00
6.264,HOVER,-0.0000,0.0000,0.5033,0.0000,0.0000,0.5000,0.0033,0.0000,-0.0000,0.0000,0.5030,0.0000,-0.0000,-0.0097,0.0000,0.0000,0.0000,-0.0000,0.0000,-0.0226,0.0000,0.0000,40.7,40.7,40.7,40.7,40.7,40.7,40.7,40.7,0.00,0.00,0.00,0.00
6.272,HOVER,-0.0000,0.0000,0.5033,0.0000,0.0000,0.5000,0.0033,0.0000,-0.0000,0.0000,0.5030,0.0000,-0.0000,-0.0098,0.0000,0.0000,0.0000,-0.0000,0.0000,-0.0226,0.0000,0.0000,40.7,40.7,40.7,40.7,40.7,40.7,40.7,40.7,0.00,0.00,0.00,0.00
6.280,HOVER,-0.0000,0.0000,0.5033,0.0000,0.0000,0.5000,0.0033,0.0000,-0.0000,0.0000,0.5030,0.0000,-0.0000,-0.0099,0.0000,0.0000,0.0000,-0.0000,0.0000,-0.0226,0.0000,0.0000,40.7,40.7,40.7,40.7,40.7,40.7,40.7,40.7,0.00,0.00,0.00,0.00
6.288,HOVER,-0.0000,0.0000,0.5032,0.0000,0.0000,0.5000,0.0032,0.0000,-0.0000,0.0000,0.5030,0.0000,-0.0000,-0.0100,0.0000,0.0000,0.0000,-0.0000,0.0000,-0.0226,0.0000,0.0000,40.7,40.7,40.7,40.7,40.7,40.7,40.7,40.7,0.00,0.00,0.00,0.00
6.296,HOVER,-0.0000,0.0000,0.5032,0.0000,0.0000,0.5000,0.0032,0.0000,-0.0000,0.0000,0.5030,0.0000,-0.0000,-0.0101,0.0000,0.0000,0.0000,-0.0000,0.0000,-0.0225,0.0000,0.0000,40.7,40.7,40.7,40.7,40.7,40.7,40.7,40.7,0.00,0.00,0.00,0.00
6.304,HOVER,-0.0000,0.0000,0.5032,0.0000,0.0000,0.5000,0.0032,0.0000,-0.0000,0.0000,0.5030,0.0000,-0.0000,-0.0102,0.0000,0.0000,0.0000,-0.0000,0.0000,-0.0225,0.0000,0.0000,40.7,40.7,40.7,40.7,40.7,40.7,40.7,40.7,0.00,0.00,0.00,0.00
6.312,HOVER,-0.0000,0.0000,0.5032,0.0000,0.0000,0.5000,0.0032,0.0000,-0.0000,0.0000,0.5030,0.0000,-0.0000,-0.0103,0.0000,0.0000,0.0000,-0.0000,0.0000,-0.0225,0.0000,0.0000,40.7,40.7,40.7,40.7,40.7,40.7,40.7,40.7,0.00,0.00,0.00,0.00
6.320,HOVER,-0.0000,0.0000,0.5032,0.0000,0.0000,0.5000,0.0032,0.0000,-0.0000,0.0000,0.5030,0.0000,-0.0000,-0.0104,0.0000,0.0000,0.0000,-0.0000,0.0000,-0.0225,0.0000,0.0000,40.7,40.7,40.7,40.7,40.7,40.7,40.7,40.7,0.00,0.00,0.00,0.00
6.328,HOVER,-0.0000,0.0000,0.5032,0.0000,0.0000,0.5000,0.0032,0.0000,-0.0000,0.0000,0.5030,0.0000,-0.0000,-0.0105,0.0000,0.0000,0.0000,-0.0000,0.0000,-0.0224,0.0000,0.0000,40.7,40.7,40.7,40.7,40.7,40.7,40.7,40.7,0.00,0.00,0.00,0.00
6.336,HOVER,-0.0000,0.0000,0.5032,0.0000,0.0000,0.5000,0.0032,0.0000,-0.0000,0.0000,0.5030,0.0000,-0.0000,-0.0106,0.0000,0.0000,0.0000,-0.0000,0.0000,-0.0224,0.0000,0.0000,40.7,40.7,40.7,40.7,40.7,40.7,40.7,40.7,0.00,0.00,0.00,0.00
6.344,HOVER,-0.0000,0.0000,0.5032,0.0000,0.0000,0.5000,0.0032,0.0000,-0.0000,0.0000,0.5030,0.0000,-0.0000,-0.0107,0.0000,0.0000,0.0000,-0.0000,0.0000,-0.0224,0.0000,0.0000,40.7,40.7,40.7,40.7,40.7,40.7,40.7,40.7,0.00,0.00,0.00,0.00
6.352,HOVER,-0.0000,0.0000,0.5032,0.0000,0.0000,0.5000,0.0032,0.0000,-0.0000,0.0000,0.5030,0.0000,-0.0000,-0.0108,0.0000,0.0000,0.0000,-0.0000,0.0000,-0.0224,0.0000,0.0000,40.7,40.7,40.7,40.7,40.7,40.7,40.7,40.7,0.00,0.00,0.00,0.00
6.360,HOVER,-0.0000,0.0000,0.5032,0.0000,0.0000,0.5000,0.0032,0.0000,-0.0000,0.0000,0.5030,0.0000,-0.0000,-0.0109,0.0000,0.0000,0.0000,-0.0000,0.0000,-0.0223,0.0000,0.0000,40.7,40.7,40.7,40.7,40.7,40.7,40.7,40.7,0.00,0.00,0.00,0.00
6.368,HOVER,-0.0000,0.0000,0.5032,0.0000,0.0000,0.5000,0.0032,0.0000,-0.0000,0.0000,0.5030,0.0000,-0.0000,-0.0110,0.0000,0.0000,0.0000,-0.0000,0.0000,-0.0223,0.0000,0.0000,40.7,40.7,40.7,40.7,40.7,40.7,40.7,40.7,0.00,0.00,0.00,0.00
6.376,HOVER,-0.0000,0.0000,0.5032,0.0000,0.0000,0.5000,0.0032,0.0000,-0.0000,0.0000,0.5030,0.0000,-0.0000,-0.0111,0.0000,0.0000,0.0000,-0.0000,0.0000,-0.0223,0.0000,0.0000,40.7,40.7,40.7,40.7,40.7,40.7,40.7,40.7,0.00,0.00,0.00,0.00
6.384,HOVER,-0.0000,0.0000,0.5032,0.0000,0.0000,0.5000,0.0032,0.0000,-0.0000,0.0000,0.5030,0.0000,-0.0000,-0.0111,0.0000,0.0000,0.0000,-0.0000,0.0000,-0.0223,0.0000,0.0000,40.7,40.7,40.7,40.7,40.7,40.7,40.7,40.7,0.00,0.00,0.00,0.00
6.392,HOVER,-0.0000,0.0000,0.5032,0.0000,0.0000,0.5000,0.0032,0.0000,-0.0000,0.0000,0.5030,0.0000,-0.0000,-0.0112,0.0000,0.0000,0.0000,-0.0000,0.0000,-0.0222,0.0000,0.0000,40.7,40.7,40.7,40.7,40.7,40.7,40.7,40.7,0.00,0.00,0.00,0.00
6.400,HOVER,-0.0000,0.0000,0.5032,0.0000,0.0000,0.5000,0.0032,0.0000,-0.0000,0.0000,0.5030,0.0000,-0.0000,-0.0113,0.0000,0.0000,0.0000,-0.0000,0.0000,-0.0222,0.0000,0.0000,40.7,40.7,40.7,40.7,40.7,40.7,40.7,40.7,0.00,0.00,0.00,0.00
6.408,HOVER,-0.0000,0.0000,0.5032,0.0000,0.0000,0.5000,0.0032,0.0000,-0.0000,0.0000,0.5030,0.0000,-0.0000,-0.0114,0.0000,0.0000,0.0000,-0.0000,0.0000,-0.0222,0.0000,0.0000,40.7,40.7,40.7,40.7,40.7,40.7,40.7,40.7,0.00,0.00,0.00,0.00
6.416,HOVER,-0.0000,0.0000,0.5032,0.0000,0.0000,0.5000,0.0032,0.0000,-0.0000,0.0000,0.5029,0.0000,-0.0000,-0.0115,0.0000,0.0000,0.0000,-0.0000,0.0000,-0.0222,0.0000,0.0000,40.7,40.7,40.7,40.7,40.7,40.7,40.7,40.7,0.00,0.00,0.00,0.00
6.424,HOVER,-0.0000,0.0000,0.5032,0.0000,0.0000,0.5000,0.0032,0.0000,-0.0000,0.0000,0.5029,0.0000,-0.0000,-0.0116,0.0000,0.0000,0.0000,-0.0000,0.0000,-0.0221,0.0000,0.0000,40.7,40.7,40.7,40.7,40.7,40.7,40.7,40.7,0.00,0.00,0.00,0.00
6.432,HOVER,-0.0000,0.0000,0.5032,0.0000,0.0000,0.5000,0.0032,0.0000,-0.0000,0.0000,0.5029,0.0000,-0.0000,-0.0117,0.0000,0.0000,0.0000,-0.0000,0.0000,-0.0221,0.0000,0.0000,40.7,40.7,40.7,40.7,40.7,40.7,40.7,40.7,0.00,0.00,0.00,0.00
6.440,HOVER,-0.0000,0.0000,0.5032,0.0000,0.0000,0.5000,0.0032,0.0000,-0.0000,0.0000,0.5029,0.0000,-0.0000,-0.0117,0.0000,0.0000,0.0000,-0.0000,0.0000,-0.0221,0.0000,0.0000,40.7,40.7,40.7,40.7,40.7,40.7,40.7,40.7,0.00,0.00,0.00,0.00
6.448,HOVER,-0.0000,0.0000,0.5032,0.0000,0.0000,0.5000,0.0032,0.0000,-0.0000,0.0000,0.5029,0.0000,-0.0000,-0.0118,0.0000,0.0000,0.0000,-0.0000,0.0000,-0.0220,0.0000,0.0000,40.7,40.7,40.7,40.7,40.7,40.7,40.7,40.7,0.00,0.00,0.00,0.00
6.456,HOVER,-0.0000,0.0000,0.5032,0.0000,0.0000,0.5000,0.0032,0.0000,-0.0000,0.0000,0.5029,0.0000,-0.0000,-0.0119,0.0000,0.0000,0.0000,-0.0000,0.0000,-0.0220,0.0000,0.0000,40.7,40.7,40.7,40.7,40.7,40.7,40.7,40.7,0.00,0.00,0.00,0.00
6.464,HOVER,-0.0000,0.0000,0.5032,0.0000,0.0000,0.5000,0.0032,0.0000,-0.0000,0.0000,0.5029,0.0000,-0.0000,-0.0120,0.0000,0.0000,0.0000,-0.0000,0.0000,-0.0220,0.0000,0.0000,40.7,40.7,40.7,40.7,40.7,40.7,40.7,40.7,0.00,0.00,0.00,0.00
6.472,HOVER,-0.0000,0.0000,0.5032,0.0000,0.0000,0.5000,0.0032,0.0000,-0.0000,0.0000,0.5029,0.0000,-0.0000,-0.0121,0.0000,0.0000,0.0000,-0.0000,0.0000,-0.0219,0.0000,0.0000,40.7,40.7,40.7,40.7,40.7,40.7,40.7,40.7,0.00,0.00,0.00,0.00
6.480,HOVER,-0.0000,0.0000,0.5032,0.0000,0.0000,0.5000,0.0032,0.0000,-0.0000,0.0000,0.5029,0.0000,-0.0000,-0.0121,0.0000,0.0000,0.0000,-0.0000,0.0000,-0.0219,0.0000,0.0000,40.7,40.7,40.7,40.7,40.7,40.7,40.7,40.7,0.00,0.00,0.00,0.00
6.488,HOVER,-0.0000,0.0000,0.5032,0.0000,0.0000,0.5000,0.0032,0.0000,-0.0000,0.0000,0.5029,0.0000,-0.0000,-0.0122,0.0000,0.0000,0.0000,-0.0000,0.0000,-0.0219,0.0000,0.0000,40.7,40.7,40.7,40.7,40.7,40.7,40.7,40.7,0.00,0.00,0.00,0.00
6.496,HOVER,-0.0000,0.0000,0.5032,0.0000,0.0000,0.5000,0.0032,0.0000,-0.0000,0.0000,0.5029,0.0000,-0.0000,-0.0123,0.0000,0.0000,0.0000,-0.0000,0.0000,-0.0219,0.0000,0.0000,40.7,40.7,40.7,40.7,40.7,40.7,40.7,40.7,0.00,0.00,0.00,0.00
6.504,HOVER,-0.0000,0.0000,0.5032,0.0000,0.0000,0.5000,0.0032,0.0000,-0.0000,0.0000,0.5029,0.0000,-0.0000,-0.0124,0.0000,0.0000,0.0000,-0.0000,0.0000,-0.0218,0.0000,0.0000,40.7,40.7,40.7,40.7,40.7,40.7,40.7,40.7,0.00,0.00,0.00,0.00
6.512,HOVER,-0.0000,0.0000,0.5032,0.0000,0.0000,0.5000,0.0032,0.0000,-0.0000,0.0000,0.5029,0.0000,-0.0000,-0.0124,0.0000,0.0000,0.0000,-0.0000,0.0000,-0.0218,0.0000,0.0000,40.7,40.7,40.7,40.7,40.7,40.7,40.7,40.7,0.00,0.00,0.00,0.00
6.520,HOVER,-0.0000,0.0000,0.5032,0.0000,0.0000,0.5000,0.0032,0.0000,-0.0000,0.0000,0.5029,0.0000,-0.0000,-0.0125,0.0000,0.0000,0.0000,-0.0000,0.0000,-0.0218,0.0000,0.0000,40.7,40.7,40.7,40.7,40.7,40.7,40.7,40.7,0.00,0.00,0.00,0.00
6.528,HOVER,-0.0000,0.0000,0.5032,0.0000,0.0000,0.5000,0.0032,0.0000,-0.0000,0.0000,0.5029,0.0000,-0.0000,-0.0126,0.0000,0.0000,0.0000,-0.0000,0.0000,-0.0217,0.0000,0.0000,40.7,40.7,40.7,40.7,40.7,40.7,40.7,40.7,0.00,0.00,0.00,0.00
6.536,HOVER,-0.0000,0.0000,0.5032,0.0000,0.0000,0.5000,0.0032,0.0000,-0.0000,0.0000,0.5029,0.0000,-0.0000,-0.0126,0.0000,0.0000,0.0000,-0.0000,0.0000,-0.0217,0.0000,0.0000,40.7,40.7,40.7,40.7,40.7,40.7,40.7,40.7,0.00,0.00,0.00,0.00
6.544,HOVER,-0.0000,0.0000,0.5032,0.0000,0.0000,0.5000,0.0032,0.0000,-0.0000,0.0000,0.5029,0.0000,-0.0000,-0.0127,0.0000,0.0000,0.0000,-0.0000,0.0000,-0.0217,0.0000,0.0000,40.7,40.7,40.7,40.7,40.7,40.7,40.7,40.7,0.00,0.00,0.00,0.00
6.552,HOVER,-0.0000,0.0000,0.5032,0.0000,0.0000,0.5000,0.0032,0.0000,-0.0000,0.0000,0.5029,0.0000,-0.0000,-0.0128,0.0000,0.0000,0.0000,-0.0000,0.0000,-0.0216,0.0000,0.0000,40.7,40.7,40.7,40.7,40.7,40.7,40.7,40.7,0.00,0.00,0.00,0.00
6.560,HOVER,-0.0000,0.0000,0.5032,0.0000,0.0000,0.5000,0.0032,0.0000,-0.0000,0.0000,0.5029,0.0000,-0.0000,-0.0128,0.0000,0.0000,0.0000,-0.0000,0.0000,-0.0216,0.0000,0.0000,40.7,40.7,40.7,40.7,40.7,40.7,40.7,40.7,0.00,0.00,0.00,0.00
6.568,HOVER,-0.0000,0.0000,0.5032,0.0000,0.0000,0.5000,0.0032,0.0000,-0.0000,0.0000,0.5029,0.0000,-0.0000,-0.0129,0.0000,0.0000,0.0000,-0.0000,0.0000,-0.0216,0.0000,0.0000,40.7,40.7,40.7,40.7,40.7,40.7,40.7,40.7,0.00,0.00,0.00,0.00
6.576,HOVER,-0.0000,0.0000,0.5032,0.0000,0.0000,0.5000,0.0032,0.0000,-0.0000,0.0000,0.5029,0.0000,-0.0000,-0.0130,0.0000,0.0000,0.0000,-0.0000,0.0000,-0.0215,0.0000,0.0000,40.7,40.7,40.7,40.7,40.7,40.7,40.7,40.7,0.00,0.00,0.00,0.00
6.584,HOVER,-0.0000,0.0000,0.5032,0.0000,0.0000,0.5000,0.0032,0.0000,-0.0000,0.0000,0.5029,0.0000,-0.0000,-0.0130,0.0000,0.0000,0.0000,-0.0000,0.0000,-0.0215,0.0000,0.0000,40.7,40.7,40.7,40.7,40.7,40.7,40.7,40.7,0.00,0.00,0.00,0.00
6.592,HOVER,-0.0000,0.0000,0.5032,0.0000,0.0000,0.5000,0.0032,0.0000,-0.0000,0.0000,0.5029,0.0000,-0.0000,-0.0131,0.0000,0.0000,0.0000,-0.0000,0.0000,-0.0215,0.0000,0.0000,40.7,40.7,40.7,40.7,40.7,40.7,40.7,40.7,0.00,0.00,0.00,0.00
6.600,HOVER,-0.0000,0.0000,0.5032,0.0000,0.0000,0.5000,0.0032,0.0000,-0.0000,0.0000,0.5029,0.0000,-0.0000,-0.0132,0.0000,0.0000,0.0000,-0.0000,0.0000,-0.0214,0.0000,0.0000,40.7,40.7,40.7,40.7,40.7,40.7,40.7,40.7,0.00,0.00,0.00,0.00
6.608,HOVER,-0.0000,0.0000,0.5032,0.0000,0.0000,0.5000,0.0032,0.0000,-0.0000,0.0000,0.5029,0.0000,-0.0000,-0.0132,0.0000,0.0000,0.0000,-0.0000,0.0000,-0.0214,0.0000,0.0000,40.7,40.7,40.7,40.7,40.7,40.7,40.7,40.7,0.00,0.00,0.00,0.00
6.616,HOVER,-0.0000,0.0000,0.5032,0.0000,0.0000,0.5000,0.0032,0.0000,-0.0000,0.0000,0.5029,0.0000,-0.0000,-0.0133,0.0000,0.0000,0.0000,-0.0000,0.0000,-0.0214,0.0000,0.0000,40.7,40.7,40.7,40.7,40.7,40.7,40.7,40.7,0.00,0.00,0.00,0.00
6.624,HOVER,-0.0000,0.0000,0.5032,0.0000,0.0000,0.5000,0.0032,0.0000,-0.0000,0.0000,0.5029,0.0000,-0.0000,-0.0134,0.0000,0.0000,0.0000,-0.0000,0.0000,-0.0214,0.0000,0.0000,40.7,40.7,40.7,40.7,40.7,40.7,40.7,40.7,0.00,0.00,0.00,0.00
6.632,HOVER,-0.0000,0.0000,0.5032,0.0000,0.0000,0.5000,0.0032,0.0000,-0.0000,0.0000,0.5029,0.0000,-0.0000,-0.0134,0.0000,0.0000,0.0000,-0.0000,0.0000,-0.0213,0.0000,0.0000,40.7,40.7,40.7,40.7,40.7,40.7,40.7,40.7,0.00,0.00,0.00,0.00
6.640,HOVER,-0.0000,0.0000,0.5032,0.0000,0.0000,0.5000,0.0032,0.0000,-0.0000,0.0000,0.5028,0.0000,-0.0000,-0.0135,0.0000,0.0000,0.0000,-0.0000,0.0000,-0.0213,0.0000,0.0000,40.7,40.7,40.7,40.7,40.7,40.7,40.7,40.7,0.00,0.00,0.00,0.00
6.648,HOVER,-0.0000,0.0000,0.5032,0.0000,0.0000,0.5000,0.0032,0.0000,-0.0000,0.0000,0.5028,0.0000,-0.0000,-0.0135,0.0000,0.0000,0.0000,-0.0000,0.0000,-0.0212,0.0000,0.0000,40.7,40.7,40.7,40.7,40.7,40.7,40.7,40.7,0.00,0.00,0.00,0.00
6.656,HOVER,-0.0000,0.0000,0.5032,0.0000,0.0000,0.5000,0.0032,0.0000,-0.0000,0.0000,0.5028,0.0000,-0.0000,-0.0136,0.0000,0.0000,0.0000,-0.0000,0.0000,-0.0212,0.0000,0.0000,40.7,40.7,40.7,40.7,40.7,40.7,40.7,40.7,0.00,0.00,0.00,0.00
6.664,HOVER,-0.0000,0.0000,0.5032,0.0000,0.0000,0.5000,0.0032,0.0000,-0.0000,0.0000,0.5028,0.0000,-0.0000,-0.0137,0.0000,0.0000,0.0000,-0.0000,0.0000,-0.0212,0.0000,0.0000,40.7,40.7,40.7,40.7,40.7,40.7,40.7,40.7,0.00,0.00,0.00,0.00
6.672,HOVER,-0.0000,0.0000,0.5032,0.0000,0.0000,0.5000,0.0032,0.0000,-0.0000,0.0000,0.5028,0.0000,-0.0000,-0.0137,0.0000,0.0000,0.0000,-0.0000,0.0000,-0.0211,0.0000,0.0000,40.7,40.7,40.7,40.7,40.7,40.7,40.7,40.7,0.00,0.00,0.00,0.00
6.680,HOVER,-0.0000,0.0000,0.5032,0.0000,0.0000,0.5000,0.0032,0.0000,-0.0000,0.0000,0.5028,0.0000,-0.0000,-0.0138,0.0000,0.0000,0.0000,-0.0000,0.0000,-0.0211,0.0000,0.0000,40.7,40.7,40.7,40.7,40.7,40.7,40.7,40.7,0.00,0.00,0.00,0.00
6.688,HOVER,-0.0000,0.0000,0.5032,0.0000,0.0000,0.5000,0.0032,0.0000,-0.0000,0.0000,0.5028,0.0000,-0.0000,-0.0138,0.0000,0.0000,0.0000,-0.0000,0.0000,-0.0211,0.0000,0.0000,40.7,40.7,40.7,40.7,40.7,40.7,40.7,40.7,0.00,0.00,0.00,0.00
6.696,HOVER,-0.0000,0.0000,0.5032,0.0000,0.0000,0.5000,0.0032,0.0000,-0.0000,0.0000,0.5028,0.0000,-0.0000,-0.0139,0.0000,0.0000,0.0000,-0.0000,0.0000,-0.0210,0.0000,0.0000,40.7,40.7,40.7,40.7,40.7,40.7,40.7,40.7,0.00,0.00,0.00,0.00
6.704,HOVER,-0.0000,0.0000,0.5031,0.0000,0.0000,0.5000,0.0031,0.0000,-0.0000,0.0000,0.5028,0.0000,-0.0000,-0.0139,-0.0000,-0.0000,0.0000,-0.0000,0.0000,-0.0210,0.0000,0.0000,40.7,40.7,40.7,40.7,40.7,40.7,40.7,40.7,0.00,0.00,0.00,0.00
6.712,HOVER,-0.0000,0.0000,0.5031,0.0000,0.0000,0.5000,0.0031,0.0000,-0.0000,0.0000,0.5028,0.0000,-0.0000,-0.0140,-0.0000,-0.0000,0.0000,-0.0000,0.0000,-0.0210,0.0000,0.0000,40.7,40.7,40.7,40.7,40.7,40.7,40.7,40.7,0.00,0.00,0.00,0.00
6.720,HOVER,-0.0000,0.0000,0.5031,0.0000,0.0000,0.5000,0.0031,0.0000,-0.0000,0.0000,0.5028,0.0000,-0.0000,-0.0140,-0.0000,-0.0000,0.0000,-0.0000,0.0000,-0.0209,0.0000,0.0000,40.7,40.7,40.7,40.7,40.7,40.7,40.7,40.7,0.00,0.00,0.00,0.00
6.728,HOVER,-0.0000,0.0000,0.5031,0.0000,0.0000,0.5000,0.0031,0.0000,-0.0000,0.0000,0.5028,0.0000,-0.0000,-0.0141,-0.0000,-0.0000,0.0000,-0.0000,0.0000,-0.0209,0.0000,0.0000,40.7,40.7,40.7,40.7,40.7,40.7,40.7,40.7,0.00,0.00,0.00,0.00
6.736,HOVER,-0.0000,0.0000,0.5031,0.0000,0.0000,0.5000,0.0031,0.0000,-0.0000,0.0000,0.5028,0.0000,-0.0000,-0.0141,-0.0000,-0.0000,0.0000,-0.0000,0.0000,-0.0209,0.0000,0.0000,40.7,40.7,40.7,40.7,40.7,40.7,40.7,40.7,0.00,0.00,0.00,0.00
6.744,HOVER,-0.0000,0.0000,0.5031,0.0000,0.0000,0.5000,0.0031,0.0000,-0.0000,0.0000,0.5028,0.0000,-0.0000,-0.0142,-0.0000,-0.0000,0.0000,-0.0000,0.0000,-0.0208,-0.0000,-0.0000,40.7,40.7,40.7,40.7,40.7,40.7,40.7,40.7,0.00,0.00,0.00,0.00
6.752,HOVER,-0.0000,0.0000,0.5031,0.0000,0.0000,0.5000,0.0031,0.0000,-0.0000,0.0000,0.5028,0.0000,-0.0000,-0.0142,-0.0000,-0.0000,0.0000,-0.0000,0.0000,-0.0208,-0.0000,-0.0000,40.7,40.7,40.7,40.7,40.7,40.7,40.7,40.7,0.00,0.00,0.00,0.00
6.760,HOVER,-0.0000,0.0000,0.5031,0.0000,0.0000,0.5000,0.0031,0.0000,-0.0000,0.0000,0.5028,0.0000,-0.0000,-0.0143,-0.0000,-0.0000,0.0000,-0.0000,0.0000,-0.0208,-0.0000,-0.0000,40.7,40.7,40.7,40.7,40.7,40.7,40.7,40.7,0.00,0.00,0.00,0.00
6.768,HOVER,-0.0000,0.0000,0.5031,0.0000,0.0000,0.5000,0.0031,0.0000,-0.0000,0.0000,0.5028,0.0000,-0.0000,-0.0143,-0.0000,-0.0000,0.0000,-0.0000,0.0000,-0.0207,-0.0000,-0.0000,40.7,40.7,40.7,40.7,40.7,40.7,40.7,40.7,0.00,0.00,0.00,0.00
6.776,HOVER,-0.0000,0.0000,0.5031,0.0000,0.0000,0.5000,0.0031,0.0000,-0.0000,0.0000,0.5028,0.0000,-0.0000,-0.0144,-0.0000,-0.0000,0.0000,-0.0000,0.0000,-0.0207,-0.0000,-0.0000,40.7,40.7,40.7,40.7,40.7,40.7,40.7,40.7,0.00,0.00,0.00,0.00
6.784,HOVER,-0.0000,0.0000,0.5031,0.0000,0.0000,0.5000,0.0031,0.0000,-0.0000,0.0000,0.5028,0.0000,-0.0000,-0.0144,-0.0000,-0.0000,0.0000,-0.0000,0.0000,-0.0207,-0.0000,-0.0000,40.7,40.7,40.7,40.7,40.7,40.7,40.7,40.7,0.00,0.00,0.00,0.00
6.792,HOVER,-0.0000,0.0000,0.5031,0.0000,0.0000,0.5000,0.0031,0.0000,-0.0000,0.0000,0.5028,0.0000,-0.0000,-0.0145,-0.0000,-0.0000,0.0000,-0.0000,0.0000,-0.0206,-0.0000,-0.0000,40.7,40.7,40.7,40.7,40.7,40.7,40.7,40.7,0.00,0.00,0.00,0.00
6.800,HOVER,-0.0000,0.0000,0.5031,0.0000,0.0000,0.5000,0.0031,0.0000,-0.0000,0.0000,0.5028,0.0000,-0.0000,-0.0145,-0.0000,-0.0000,0.0000,-0.0000,0.0000,-0.0206,-0.0000,-0.0000,40.7,40.7,40.7,40.7,40.7,40.7,40.7,40.7,0.00,0.00,0.00,0.00
6.808,HOVER,-0.0000,0.0000,0.5031,0.0000,0.0000,0.5000,0.0031,0.0000,-0.0000,0.0000,0.5028,0.0000,-0.0000,-0.0145,-0.0000,-0.0000,0.0000,-0.0000,0.0000,-0.0205,-0.0000,-0.0000,40.7,40.7,40.7,40.7,40.7,40.7,40.7,40.7,0.00,0.00,0.00,0.00
6.816,HOVER,-0.0000,0.0000,0.5031,0.0000,0.0000,0.5000,0.0031,0.0000,-0.0000,0.0000,0.5028,0.0000,-0.0000,-0.0146,-0.0000,-0.0000,0.0000,-0.0000,0.0000,-0.0205,-0.0000,-0.0000,40.7,40.7,40.7,40.7,40.7,40.7,40.7,40.7,0.00,0.00,0.00,0.00
6.824,HOVER,-0.0000,0.0000,0.5031,0.0000,0.0000,0.5000,0.0031,0.0000,-0.0000,0.0000,0.5028,0.0000,-0.0000,-0.0146,-0.0000,-0.0000,0.0000,-0.0000,0.0000,-0.0205,-0.0000,-0.0000,40.7,40.7,40.7,40.7,40.7,40.7,40.7,40.7,0.00,0.00,0.00,0.00
6.832,HOVER,-0.0000,0.0000,0.5031,0.0000,0.0000,0.5000,0.0031,0.0000,-0.0000,0.0000,0.5028,0.0000,-0.0000,-0.0147,-0.0000,-0.0000,0.0000,-0.0000,0.0000,-0.0204,-0.0000,-0.0000,40.7,40.7,40.7,40.7,40.7,40.7,40.7,40.7,0.00,0.00,0.00,0.00
6.840,HOVER,-0.0000,0.0000,0.5031,0.0000,0.0000,0.5000,0.0031,0.0000,-0.0000,0.0000,0.5028,0.0000,-0.0000,-0.0147,-0.0000,-0.0000,0.0000,-0.0000,0.0000,-0.0204,-0.0000,-0.0000,40.7,40.7,40.7,40.7,40.7,40.7,40.7,40.7,0.00,0.00,0.00,0.00
6.848,HOVER,-0.0000,0.0000,0.5031,0.0000,0.0000,0.5000,0.0031,0.0000,-0.0000,0.0000,0.5028,0.0000,-0.0000,-0.0148,-0.0000,-0.0000,0.0000,-0.0000,0.0000,-0.0204,-0.0000,-0.0000,40.7,40.7,40.7,40.7,40.7,40.7,40.7,40.7,0.00,0.00,0.00,0.00
6.856,HOVER,-0.0000,0.0000,0.5031,0.0000,0.0000,0.5000,0.0031,0.0000,-0.0000,0.0000,0.5028,0.0000,-0.0000,-0.0148,-0.0000,-0.0000,0.0000,-0.0000,0.0000,-0.0203,-0.0000,-0.0000,40.7,40.7,40.7,40.7,40.7,40.7,40.7,40.7,0.00,0.00,0.00,0.00
6.864,HOVER,-0.0000,0.0000,0.5031,0.0000,0.0000,0.5000,0.0031,0.0000,-0.0000,0.0000,0.5028,0.0000,-0.0000,-0.0148,-0.0000,-0.0000,0.0000,-0.0000,0.0000,-0.0203,-0.0000,-0.0000,40.7,40.7,40.7,40.7,40.7,40.7,40.7,40.7,0.00,0.00,0.00,0.00
6.872,HOVER,-0.0000,0.0000,0.5031,0.0000,0.0000,0.5000,0.0031,0.0000,-0.0000,0.0000,0.5028,0.0000,-0.0000,-0.0149,-0.0000,-0.0000,0.0000,-0.0000,0.0000,-0.0202,-0.0000,-0.0000,40.7,40.7,40.7,40.7,40.7,40.7,40.7,40.7,0.00,0.00,0.00,0.00
6.880,HOVER,-0.0000,0.0000,0.5031,0.0000,0.0000,0.5000,0.0031,0.0000,-0.0000,0.0000,0.5028,0.0000,-0.0000,-0.0149,-0.0000,-0.0000,0.0000,-0.0000,0.0000,-0.0202,-0.0000,-0.0000,40.7,40.7,40.7,40.7,40.7,40.7,40.7,40.7,0.00,0.00,0.00,0.00
6.888,HOVER,-0.0000,0.0000,0.5031,0.0000,0.0000,0.5000,0.0031,0.0000,-0.0000,0.0000,0.5028,0.0000,-0.0000,-0.0149,-0.0000,-0.0000,0.0000,-0.0000,0.0000,-0.0202,-0.0000,-0.0000,40.7,40.7,40.7,40.7,40.7,40.7,40.7,40.7,0.00,0.00,0.00,0.00
6.896,HOVER,-0.0000,0.0000,0.5031,0.0000,0.0000,0.5000,0.0031,0.0000,-0.0000,0.0000,0.5028,0.0000,-0.0000,-0.0150,-0.0000,-0.0000,0.0000,-0.0000,0.0000,-0.0201,-0.0000,-0.0000,40.7,40.7,40.7,40.7,40.7,40.7,40.7,40.7,0.00,0.00,0.00,0.00
6.904,HOVER,-0.0000,0.0000,0.5031,0.0000,0.0000,0.5000,0.0031,0.0000,-0.0000,0.0000,0.5028,0.0000,-0.0000,-0.0150,-0.0000,-0.0000,0.0000,-0.0000,0.0000,-0.0201,-0.0000,-0.0000,40.7,40.7,40.7,40.7,40.7,40.7,40.7,40.7,0.00,0.00,0.00,0.00
6.912,HOVER,-0.0000,0.0000,0.5031,0.0000,0.0000,0.5000,0.0031,0.0000,-0.0000,0.0000,0.5028,0.0000,-0.0000,-0.0150,-0.0000,-0.0000,0.0000,-0.0000,0.0000,-0.0201,-0.0000,-0.0000,40.7,40.7,40.7,40.7,40.7,40.7,40.7,40.7,0.00,0.00,0.00,0.00
6.920,HOVER,-0.0000,0.0000,0.5031,0.0000,0.0000,0.5000,0.0031,0.0000,-0.0000,0.0000,0.5028,0.0000,-0.0000,-0.0151,-0.0000,-0.0000,0.0000,-0.0000,0.0000,-0.0200,-0.0000,-0.0000,40.7,40.7,40.7,40.7,40.7,40.7,40.7,40.7,0.00,0.00,0.00,0.00
6.928,HOVER,-0.0000,0.0000,0.5031,0.0000,0.0000,0.5000,0.0031,0.0000,-0.0000,0.0000,0.5028,0.0000,-0.0000,-0.0151,-0.0000,-0.0000,0.0000,-0.0000,0.0000,-0.0200,-0.0000,-0.0000,40.7,40.7,40.7,40.7,40.7,40.7,40.7,40.7,0.00,0.00,0.00,0.00
6.936,HOVER,-0.0000,0.0000,0.5031,0.0000,0.0000,0.5000,0.0031,0.0000,-0.0000,0.0000,0.5027,0.0000,-0.0000,-0.0152,-0.0000,-0.0000,0.0000,-0.0000,0.0000,-0.0199,-0.0000,-0.0000,40.7,40.7,40.7,40.7,40.7,40.7,40.7,40.7,0.00,0.00,0.00,0.00
6.944,HOVER,-0.0000,0.0000,0.5031,0.0000,0.0000,0.5000,0.0031,0.0000,-0.0000,0.0000,0.5027,0.0000,-0.0000,-0.0152,-0.0000,-0.0000,0.0000,-0.0000,0.0000,-0.0199,-0.0000,-0.0000,40.7,40.7,40.7,40.7,40.7,40.7,40.7,40.7,0.00,0.00,0.00,0.00
6.952,HOVER,-0.0000,0.0000,0.5031,0.0000,0.0000,0.5000,0.0031,0.0000,-0.0000,0.0000,0.5027,0.0000,-0.0000,-0.0152,-0.0000,-0.0000,0.0000,-0.0000,0.0000,-0.0199,-0.0000,-0.0000,40.7,40.7,40.7,40.7,40.7,40.7,40.7,40.7,0.00,0.00,0.00,0.00
6.960,HOVER,-0.0000,0.0000,0.5031,0.0000,0.0000,0.5000,0.0031,0.0000,-0.0000,0.0000,0.5027,0.0000,-0.0000,-0.0152,-0.0000,-0.0000,0.0000,-0.0000,0.0000,-0.0198,-0.0000,-0.0000,40.7,40.7,40.7,40.7,40.7,40.7,40.7,40.7,0.00,0.00,0.00,0.00
6.968,HOVER,-0.0000,0.0000,0.5031,0.0000,0.0000,0.5000,0.0031,0.0000,-0.0000,0.0000,0.5027,0.0000,-0.0000,-0.0153,-0.0000,-0.0000,0.0000,-0.0000,0.0000,-0.0198,-0.0000,-0.0000,40.7,40.7,40.7,40.7,40.7,40.7,40.7,40.7,0.00,0.00,0.00,0.00
6.976,HOVER,-0.0000,0.0000,0.5031,0.0000,0.0000,0.5000,0.0031,0.0000,-0.0000,0.0000,0.5027,0.0000,-0.0000,-0.0153,-0.0000,-0.0000,0.0000,-0.0000,0.0000,-0.0198,-0.0000,-0.0000,40.7,40.7,40.7,40.7,40.7,40.7,40.7,40.7,0.00,0.00,0.00,0.00
6.984,HOVER,-0.0000,0.0000,0.5031,0.0000,0.0000,0.5000,0.0031,0.0000,-0.0000,0.0000,0.5027,0.0000,-0.0000,-0.0153,-0.0000,-0.0000,0.0000,-0.0000,0.0000,-0.0197,-0.0000,-0.0000,40.7,40.7,40.7,40.7,40.7,40.7,40.7,40.7,0.00,0.00,0.00,0.00
6.992,HOVER,-0.0000,0.0000,0.5031,0.0000,0.0000,0.5000,0.0031,0.0000,-0.0000,0.0000,0.5027,0.0000,-0.0000,-0.0154,-0.0000,-0.0000,0.0000,-0.0000,0.0000,-0.0197,-0.0000,-0.0000,40.7,40.7,40.7,40.7,40.7,40.7,40.7,40.7,0.00,0.00,0.00,0.00
7.000,HOVER,-0.0000,0.0000,0.5031,0.0000,0.0000,0.5000,0.0031,0.0000,-0.0000,0.0000,0.5027,0.0000,-0.0000,-0.0154,-0.0000,-0.0000,0.0000,-0.0000,0.0000,-0.0196,-0.0000,-0.0000,40.7,40.7,40.7,40.7,40.7,40.7,40.7,40.7,0.00,0.00,0.00,0.00
7.008,HOVER,-0.0000,0.0000,0.5031,0.0000,0.0000,0.5000,0.0031,0.0000,-0.0000,0.0000,0.5027,0.0000,-0.0000,-0.0154,-0.0000,-0.0000,0.0000,-0.0000,0.0000,-0.0196,-0.0000,-0.0000,40.7,40.7,40.7,40.7,40.7,40.7,40.7,40.7,0.00,0.00,0.00,0.00
7.016,HOVER,-0.0000,0.0000,0.5031,0.0000,0.0000,0.5000,0.0031,0.0000,-0.0000,0.0000,0.5027,0.0000,-0.0000,-0.0154,-0.0000,-0.0000,0.0000,-0.0000,0.0000,-0.0196,-0.0000,-0.0000,40.7,40.7,40.7,40.7,40.7,40.7,40.7,40.7,0.00,0.00,0.00,0.00
7.024,HOVER,-0.0000,0.0000,0.5031,0.0000,0.0000,0.5000,0.0031,0.0000,-0.0000,0.0000,0.5027,0.0000,-0.0000,-0.0155,-0.0000,-0.0000,0.0000,-0.0000,0.0000,-0.0195,-0.0000,-0.0000,40.7,40.7,40.7,40.7,40.7,40.7,40.7,40.7,0.00,0.00,0.00,0.00
7.032,HOVER,-0.0000,0.0000,0.5031,0.0000,0.0000,0.5000,0.0031,0.0000,-0.0000,0.0000,0.5027,0.0000,-0.0000,-0.0155,-0.0000,-0.0000,0.0000,-0.0000,0.0000,-0.0195,-0.0000,-0.0000,40.7,40.7,40.7,40.7,40.7,40.7,40.7,40.7,0.00,0.00,0.00,0.00
7.040,HOVER,-0.0000,0.0000,0.5031,0.0000,0.0000,0.5000,0.0031,0.0000,-0.0000,0.0000,0.5027,0.0000,-0.0000,-0.0155,-0.0000,-0.0000,0.0000,-0.0000,0.0000,-0.0194,-0.0000,-0.0000,40.7,40.7,40.7,40.7,40.7,40.7,40.7,40.7,0.00,0.00,0.00,0.00
7.048,HOVER,-0.0000,0.0000,0.5031,0.0000,0.0000,0.5000,0.0031,0.0000,-0.0000,0.0000,0.5027,0.0000,-0.0000,-0.0156,-0.0000,-0.0000,0.0000,-0.0000,0.0000,-0.0194,-0.0000,-0.0000,40.7,40.7,40.7,40.7,40.7,40.7,40.7,40.7,0.00,0.00,0.00,0.00
7.056,HOVER,-0.0000,0.0000,0.5031,0.0000,0.0000,0.5000,0.0031,0.0000,-0.0000,0.0000,0.5027,0.0000,-0.0000,-0.0156,-0.0000,-0.0000,0.0000,-0.0000,0.0000,-0.0194,-0.0000,-0.0000,40.7,40.7,40.7,40.7,40.7,40.7,40.7,40.7,0.00,0.00,0.00,0.00
7.064,HOVER,-0.0000,0.0000,0.5031,0.0000,0.0000,0.5000,0.0031,0.0000,-0.0000,0.0000,0.5027,0.0000,-0.0000,-0.0156,-0.0000,-0.0000,0.0000,-0.0000,0.0000,-0.0193,-0.0000,-0.0000,40.7,40.7,40.7,40.7,40.7,40.7,40.7,40.7,0.00,0.00,0.00,0.00
7.072,HOVER,-0.0000,0.0000,0.5031,0.0000,0.0000,0.5000,0.0031,0.0000,-0.0000,0.0000,0.5027,0.0000,-0.0000,-0.0156,-0.0000,-0.0000,0.0000,-0.0000,0.0000,-0.0193,-0.0000,-0.0000,40.7,40.7,40.7,40.7,40.7,40.7,40.7,40.7,0.00,0.00,0.00,0.00
7.080,HOVER,-0.0000,0.0000,0.5031,0.0000,0.0000,0.5000,0.0031,0.0000,-0.0000,0.0000,0.5027,0.0000,-0.0000,-0.0156,-0.0000,-0.0000,0.0000,-0.0000,0.0000,-0.0192,-0.0000,-0.0000,40.7,40.7,40.7,40.7,40.7,40.7,40.7,40.7,0.00,0.00,0.00,0.00
7.088,HOVER,-0.0000,0.0000,0.5031,0.0000,0.0000,0.5000,0.0031,0.0000,-0.0000,0.0000,0.5027,0.0000,-0.0000,-0.0157,-0.0000,-0.0000,0.0000,-0.0000,0.0000,-0.0192,-0.0000,-0.0000,40.7,40.7,40.7,40.7,40.7,40.7,40.7,40.7,0.00,0.00,0.00,0.00
7.096,HOVER,-0.0000,0.0000,0.5031,0.0000,0.0000,0.5000,0.0031,0.0000,-0.0000,0.0000,0.5027,0.0000,-0.0000,-0.0157,-0.0000,-0.0000,0.0000,-0.0000,0.0000,-0.0192,-0.0000,-0.0000,40.7,40.7,40.7,40.7,40.7,40.7,40.7,40.7,0.00,0.00,0.00,0.00
7.104,HOVER,-0.0000,0.0000,0.5031,0.0000,0.0000,0.5000,0.0031,0.0000,-0.0000,0.0000,0.5027,0.0000,-0.0000,-0.0157,-0.0000,-0.0000,0.0000,-0.0000,0.0000,-0.0191,-0.0000,-0.0000,40.7,40.7,40.7,40.7,40.7,40.7,40.7,40.7,0.00,0.00,0.00,0.00
7.112,HOVER,-0.0000,0.0000,0.5031,0.0000,0.0000,0.5000,0.0031,0.0000,-0.0000,0.0000,0.5027,0.0000,-0.0000,-0.0157,-0.0000,-0.0000,0.0000,-0.0000,0.0000,-0.0191,-0.0000,-0.0000,40.7,40.7,40.7,40.7,40.7,40.7,40.7,40.7,0.00,0.00,0.00,0.00
7.120,HOVER,-0.0000,0.0000,0.5031,0.0000,0.0000,0.5000,0.0031,0.0000,-0.0000,0.0000,0.5027,0.0000,-0.0000,-0.0158,-0.0000,-0.0000,0.0000,-0.0000,0.0000,-0.0190,-0.0000,-0.0000,40.7,40.7,40.7,40.7,40.7,40.7,40.7,40.7,0.00,0.00,0.00,0.00
7.128,HOVER,-0.0000,0.0000,0.5031,0.0000,0.0000,0.5000,0.0031,0.0000,-0.0000,0.0000,0.5027,0.0000,-0.0000,-0.0158,-0.0000,-0.0000,0.0000,-0.0000,0.0000,-0.0190,-0.0000,-0.0000,40.7,40.7,40.7,40.7,40.7,40.7,40.7,40.7,0.00,0.00,0.00,0.00
7.136,HOVER,-0.0000,0.0000,0.5031,0.0000,0.0000,0.5000,0.0031,0.0000,-0.0000,0.0000,0.5027,0.0000,-0.0000,-0.0158,-0.0000,-0.0000,0.0000,-0.0000,0.0000,-0.0190,-0.0000,-0.0000,40.7,40.7,40.7,40.7,40.7,40.7,40.7,40.7,0.00,0.00,0.00,0.00
7.144,HOVER,-0.0000,0.0000,0.5031,0.0000,0.0000,0.5000,0.0031,0.0000,-0.0000,0.0000,0.5027,0.0000,-0.0000,-0.0158,-0.0000,-0.0000,0.0000,-0.0000,0.0000,-0.0189,-0.0000,-0.0000,40.7,40.7,40.7,40.7,40.7,40.7,40.7,40.7,0.00,0.00,0.00,0.00
7.152,HOVER,-0.0000,0.0000,0.5031,0.0000,0.0000,0.5000,0.0031,0.0000,-0.0000,0.0000,0.5027,0.0000,-0.0000,-0.0158,-0.0000,-0.0000,0.0000,-0.0000,0.0000,-0.0189,-0.0000,-0.0000,40.7,40.7,40.7,40.7,40.7,40.7,40.7,40.7,0.00,0.00,0.00,0.00
7.160,HOVER,-0.0000,0.0000,0.5031,0.0000,0.0000,0.5000,0.0031,0.0000,-0.0000,0.0000,0.5027,0.0000,-0.0000,-0.0158,-0.0000,-0.0000,0.0000,-0.0000,0.0000,-0.0188,-0.0000,-0.0000,40.7,40.7,40.7,40.7,40.7,40.7,40.7,40.7,0.00,0.00,0.00,0.00
7.168,HOVER,-0.0000,0.0000,0.5031,0.0000,0.0000,0.5000,0.0031,0.0000,-0.0000,0.0000,0.5027,0.0000,-0.0000,-0.0159,-0.0000,-0.0000,0.0000,-0.0000,0.0000,-0.0188,-0.0000,-0.0000,40.7,40.7,40.7,40.7,40.7,40.7,40.7,40.7,0.00,0.00,0.00,0.00
7.176,HOVER,-0.0000,0.0000,0.5031,0.0000,0.0000,0.5000,0.0031,0.0000,-0.0000,0.0000,0.5027,0.0000,-0.0000,-0.0159,-0.0000,-0.0000,0.0000,-0.0000,0.0000,-0.0188,-0.0000,-0.0000,40.7,40.7,40.7,40.7,40.7,40.7,40.7,40.7,0.00,0.00,0.00,0.00
7.184,HOVER,-0.0000,0.0000,0.5031,0.0000,0.0000,0.5000,0.0031,0.0000,-0.0000,0.0000,0.5027,0.0000,-0.0000,-0.0159,-0.0000,-0.0000,0.0000,-0.0000,0.0000,-0.0187,-0.0000,-0.0000,40.7,40.7,40.7,40.7,40.7,40.7,40.7,40.7,0.00,0.00,0.00,0.00
7.192,HOVER,-0.0000,0.0000,0.5031,0.0000,0.0000,0.5000,0.0031,0.0000,-0.0000,0.0000,0.5027,0.0000,-0.0000,-0.0159,-0.0000,-0.0000,0.0000,-0.0000,0.0000,-0.0187,-0.0000,-0.0000,40.7,40.7,40.7,40.7,40.7,40.7,40.7,40.7,0.00,0.00,0.00,0.00
7.200,HOVER,-0.0000,0.0000,0.5031,0.0000,0.0000,0.5000,0.0031,0.0000,-0.0000,0.0000,0.5027,0.0000,-0.0000,-0.0159,-0.0000,-0.0000,0.0000,-0.0000,0.0000,-0.0186,-0.0000,-0.0000,40.7,40.7,40.7,40.7,40.7,40.7,40.7,40.7,0.00,0.00,0.00,0.00
7.208,HOVER,-0.0000,0.0000,0.5031,0.0000,0.0000,0.5000,0.0031,0.0000,-0.0000,0.0000,0.5027,0.0000,-0.0000,-0.0159,-0.0000,-0.0000,0.0000,-0.0000,0.0000,-0.0186,-0.0000,-0.0000,40.7,40.7,40.7,40.7,40.7,40.7,40.7,40.7,0.00,0.00,0.00,0.00
7.216,HOVER,-0.0000,0.0000,0.5031,0.0000,0.0000,0.5000,0.0031,0.0000,-0.0000,0.0000,0.5027,0.0000,-0.0000,-0.0160,-0.0000,-0.0000,0.0000,-0.0000,0.0000,-0.0186,-0.0000,-0.0000,40.7,40.7,40.7,40.7,40.7,40.7,40.7,40.7,0.00,0.00,0.00,0.00
7.224,HOVER,-0.0000,0.0000,0.5031,0.0000,0.0000,0.5000,0.0031,0.0000,-0.0000,0.0000,0.5027,0.0000,-0.0000,-0.0160,-0.0000,-0.0000,0.0000,-0.0000,0.0000,-0.0185,-0.0000,-0.0000,40.7,40.7,40.7,40.7,40.7,40.7,40.7,40.7,0.00,0.00,0.00,0.00
7.232,HOVER,-0.0000,0.0000,0.5031,0.0000,0.0000,0.5000,0.0031,0.0000,-0.0000,0.0000,0.5027,0.0000,-0.0000,-0.0160,-0.0000,-0.0000,0.0000,-0.0000,0.0000,-0.0185,-0.0000,-0.0000,40.7,40.7,40.7,40.7,40.7,40.7,40.7,40.7,0.00,0.00,0.00,0.00
7.240,HOVER,-0.0000,0.0000,0.5031,0.0000,0.0000,0.5000,0.0031,0.0000,-0.0000,0.0000,0.5027,0.0000,-0.0000,-0.0160,-0.0000,-0.0000,0.0000,-0.0000,0.0000,-0.0184,-0.0000,-0.0000,40.7,40.7,40.7,40.7,40.7,40.7,40.7,40.7,0.00,0.00,0.00,0.00
7.248,HOVER,-0.0000,0.0000,0.5031,0.0000,0.0000,0.5000,0.0031,0.0000,-0.0000,0.0000,0.5027,0.0000,-0.0000,-0.0160,-0.0000,-0.0000,0.0000,-0.0000,0.0000,-0.0184,-0.0000,-0.0000,40.7,40.7,40.7,40.7,40.7,40.7,40.7,40.7,0.00,0.00,0.00,0.00
7.256,HOVER,-0.0000,0.0000,0.5031,0.0000,0.0000,0.5000,0.0031,0.0000,-0.0000,0.0000,0.5027,0.0000,-0.0000,-0.0160,-0.0000,-0.0000,0.0000,-0.0000,0.0000,-0.0184,-0.0000,-0.0000,40.7,40.7,40.7,40.7,40.7,40.7,40.7,40.7,0.00,0.00,0.00,0.00
7.264,HOVER,-0.0000,0.0000,0.5031,0.0000,0.0000,0.5000,0.0031,0.0000,-0.0000,0.0000,0.5027,0.0000,-0.0000,-0.0160,-0.0000,-0.0000,0.0000,-0.0000,0.0000,-0.0183,-0.0000,-0.0000,40.7,40.7,40.7,40.7,40.7,40.7,40.7,40.7,0.00,0.00,0.00,0.00
7.272,HOVER,-0.0000,0.0000,0.5031,0.0000,0.0000,0.5000,0.0031,0.0000,-0.0000,0.0000,0.5027,0.0000,-0.0000,-0.0160,-0.0000,-0.0000,0.0000,-0.0000,0.0000,-0.0183,-0.0000,-0.0000,40.7,40.7,40.7,40.7,40.7,40.7,40.7,40.7,0.00,0.00,0.00,0.00
7.280,HOVER,-0.0000,0.0000,0.5030,0.0000,0.0000,0.5000,0.0030,0.0000,-0.0000,0.0000,0.5027,0.0000,-0.0000,-0.0161,-0.0000,-0.0000,0.0000,-0.0000,0.0000,-0.0182,-0.0000,-0.0000,40.7,40.7,40.7,40.7,40.7,40.7,40.7,40.7,0.00,0.00,0.00,0.00
7.288,HOVER,-0.0000,0.0000,0.5030,0.0000,0.0000,0.5000,0.0030,0.0000,-0.0000,0.0000,0.5027,0.0000,-0.0000,-0.0161,-0.0000,-0.0000,0.0000,-0.0000,0.0000,-0.0182,-0.0000,-0.0000,40.7,40.7,40.7,40.7,40.7,40.7,40.7,40.7,0.00,0.00,0.00,0.00
7.296,HOVER,-0.0000,0.0000,0.5030,0.0000,0.0000,0.5000,0.0030,0.0000,-0.0000,0.0000,0.5027,0.0000,-0.0000,-0.0161,-0.0000,-0.0000,0.0000,-0.0000,0.0000,-0.0182,-0.0000,-0.0000,40.7,40.7,40.7,40.7,40.7,40.7,40.7,40.7,0.00,0.00,0.00,0.00
7.304,HOVER,-0.0000,0.0000,0.5030,0.0000,0.0000,0.5000,0.0030,0.0000,-0.0000,0.0000,0.5027,0.0000,-0.0000,-0.0161,-0.0000,-0.0000,0.0000,-0.0000,0.0000,-0.0181,-0.0000,-0.0000,40.7,40.7,40.7,40.7,40.7,40.7,40.7,40.7,0.00,0.00,0.00,0.00
7.312,HOVER,-0.0000,0.0000,0.5030,0.0000,0.0000,0.5000,0.0030,0.0000,-0.0000,0.0000,0.5027,0.0000,-0.0000,-0.0161,-0.0000,-0.0000,0.0000,-0.0000,0.0000,-0.0181,-0.0000,-0.0000,40.7,40.7,40.7,40.7,40.7,40.7,40.7,40.7,0.00,0.00,0.00,0.00
7.320,HOVER,-0.0000,0.0000,0.5030,0.0000,0.0000,0.5000,0.0030,-0.0000,-0.0000,0.0000,0.5027,0.0000,-0.0000,-0.0161,-0.0000,-0.0000,-0.0000,-0.0000,0.0000,-0.0180,-0.0000,-0.0000,40.7,40.7,40.7,40.7,40.7,40.7,40.7,40.7,0.00,0.00,0.00,0.00
7.328,HOVER,-0.0000,0.0000,0.5030,0.0000,0.0000,0.5000,0.0030,-0.0000,-0.0000,0.0000,0.5027,0.0000,-0.0000,-0.0161,-0.0000,-0.0000,-0.0000,-0.0000,0.0000,-0.0180,-0.0000,-0.0000,40.7,40.7,40.7,40.7,40.7,40.7,40.7,40.7,0.00,0.00,0.00,0.00
7.336,HOVER,-0.0000,0.0000,0.5030,0.0000,0.0000,0.5000,0.0030,-0.0000,-0.0000,0.0000,0.5027,0.0000,-0.0000,-0.0161,-0.0000,-0.0000,-0.0000,-0.0000,0.0000,-0.0180,-0.0000,-0.0000,40.7,40.7,40.7,40.7,40.7,40.7,40.7,40.7,0.00,0.00,0.00,0.00
7.344,HOVER,-0.0000,0.0000,0.5030,0.0000,0.0000,0.5000,0.0030,0.0000,-0.0000,0.0000,0.5027,0.0000,-0.0000,-0.0161,-0.0000,-0.0000,0.0000,-0.0000,0.0000,-0.0179,-0.0000,-0.0000,40.7,40.7,40.7,40.7,40.7,40.7,40.7,40.7,0.00,0.00,0.00,0.00
7.352,HOVER,-0.0000,0.0000,0.5030,0.0000,0.0000,0.5000,0.0030,-0.0000,-0.0000,0.0000,0.5027,0.0000,-0.0000,-0.0161,-0.0000,-0.0000,-0.0000,-0.0000,0.0000,-0.0179,-0.0000,-0.0000,40.7,40.7,40.7,40.7,40.7,40.7,40.7,40.7,0.00,0.00,0.00,0.00
7.360,HOVER,-0.0000,0.0000,0.5030,0.0000,0.0000,0.5000,0.0030,0.0000,-0.0000,0.0000,0.5027,0.0000,-0.0000,-0.0161,-0.0000,-0.0000,0.0000,-0.0000,0.0000,-0.0178,-0.0000,-0.0000,40.7,40.7,40.7,40.7,40.7,40.7,40.7,40.7,0.00,0.00,0.00,0.00
7.368,HOVER,-0.0000,0.0000,0.5030,0.0000,0.0000,0.5000,0.0030,0.0000,-0.0000,0.0000,0.5026,0.0000,-0.0000,-0.0162,-0.0000,-0.0000,0.0000,-0.0000,0.0000,-0.0178,-0.0000,-0.0000,40.7,40.7,40.7,40.7,40.7,40.7,40.7,40.7,0.00,0.00,0.00,0.00
7.376,HOVER,-0.0000,0.0000,0.5030,0.0000,0.0000,0.5000,0.0030,-0.0000,-0.0000,0.0000,0.5026,0.0000,-0.0000,-0.0162,-0.0000,-0.0000,-0.0000,-0.0000,0.0000,-0.0177,-0.0000,-0.0000,40.7,40.7,40.7,40.7,40.7,40.7,40.7,40.7,0.00,0.00,0.00,0.00
7.384,HOVER,-0.0000,0.0000,0.5030,0.0000,0.0000,0.5000,0.0030,0.0000,-0.0000,0.0000,0.5026,0.0000,-0.0000,-0.0162,-0.0000,-0.0000,0.0000,-0.0000,0.0000,-0.0177,-0.0000,-0.0000,40.7,40.7,40.7,40.7,40.7,40.7,40.7,40.7,0.00,0.00,0.00,0.00
7.392,HOVER,-0.0000,0.0000,0.5030,0.0000,0.0000,0.5000,0.0030,0.0000,-0.0000,0.0000,0.5026,0.0000,-0.0000,-0.0162,-0.0000,-0.0000,0.0000,-0.0000,0.0000,-0.0177,-0.0000,-0.0000,40.7,40.7,40.7,40.7,40.7,40.7,40.7,40.7,0.00,0.00,0.00,0.00
7.400,HOVER,-0.0000,0.0000,0.5030,0.0000,0.0000,0.5000,0.0030,-0.0000,-0.0000,0.0000,0.5026,0.0000,-0.0000,-0.0162,-0.0000,-0.0000,-0.0000,-0.0000,0.0000,-0.0176,-0.0000,-0.0000,40.7,40.7,40.7,40.7,40.7,40.7,40.7,40.7,0.00,0.00,0.00,0.00
7.408,HOVER,-0.0000,0.0000,0.5030,0.0000,0.0000,0.5000,0.0030,0.0000,-0.0000,0.0000,0.5026,0.0000,-0.0000,-0.0162,-0.0000,-0.0000,0.0000,-0.0000,0.0000,-0.0176,-0.0000,-0.0000,40.7,40.7,40.7,40.7,40.7,40.7,40.7,40.7,0.00,0.00,0.00,0.00
7.416,HOVER,-0.0000,0.0000,0.5030,0.0000,0.0000,0.5000,0.0030,0.0000,-0.0000,0.0000,0.5026,0.0000,-0.0000,-0.0162,-0.0000,-0.0000,0.0000,-0.0000,0.0000,-0.0175,-0.0000,-0.0000,40.7,40.7,40.7,40.7,40.7,40.7,40.7,40.7,0.00,0.00,0.00,0.00
7.424,HOVER,-0.0000,0.0000,0.5030,0.0000,0.0000,0.5000,0.0030,0.0000,-0.0000,0.0000,0.5026,0.0000,-0.0000,-0.0162,-0.0000,-0.0000,0.0000,-0.0000,0.0000,-0.0175,-0.0000,-0.0000,40.7,40.7,40.7,40.7,40.7,40.7,40.7,40.7,0.00,0.00,0.00,0.00
7.432,HOVER,-0.0000,0.0000,0.5030,0.0000,0.0000,0.5000,0.0030,-0.0000,-0.0000,0.0000,0.5026,0.0000,-0.0000,-0.0162,-0.0000,-0.0000,-0.0000,-0.0000,0.0000,-0.0175,-0.0000,-0.0000,40.7,40.7,40.7,40.7,40.7,40.7,40.7,40.7,0.00,0.00,0.00,0.00
7.440,HOVER,-0.0000,0.0000,0.5030,0.0000,0.0000,0.5000,0.0030,0.0000,-0.0000,0.0000,0.5026,0.0000,-0.0000,-0.0162,-0.0000,-0.0000,0.0000,-0.0000,0.0000,-0.0174,-0.0000,-0.0000,40.7,40.7,40.7,40.7,40.7,40.7,40.7,40.7,0.00,0.00,0.00,0.00
7.448,HOVER,-0.0000,0.0000,0.5030,0.0000,0.0000,0.5000,0.0030,0.0000,-0.0000,0.0000,0.5026,0.0000,-0.0000,-0.0162,-0.0000,-0.0000,0.0000,-0.0000,0.0000,-0.0174,-0.0000,-0.0000,40.7,40.7,40.7,40.7,40.7,40.7,40.7,40.7,0.00,0.00,0.00,0.00
7.456,HOVER,-0.0000,0.0000,0.5030,0.0000,0.0000,0.5000,0.0030,0.0000,-0.0000,0.0000,0.5026,0.0000,-0.0000,-0.0162,-0.0000,-0.0000,0.0000,-0.0000,0.0000,-0.0173,-0.0000,-0.0000,40.7,40.7,40.7,40.7,40.7,40.7,40.7,40.7,0.00,0.00,0.00,0.00
7.464,HOVER,-0.0000,0.0000,0.5030,0.0000,0.0000,0.5000,0.0030,-0.0000,-0.0000,0.0000,0.5026,0.0000,-0.0000,-0.0162,-0.0000,-0.0000,-0.0000,-0.0000,0.0000,-0.0173,-0.0000,-0.0000,40.7,40.7,40.7,40.7,40.7,40.7,40.7,40.7,0.00,0.00,0.00,0.00
7.472,HOVER,-0.0000,0.0000,0.5030,0.0000,0.0000,0.5000,0.0030,-0.0000,-0.0000,0.0000,0.5026,0.0000,-0.0000,-0.0162,-0.0000,-0.0000,-0.0000,-0.0000,0.0000,-0.0173,-0.0000,-0.0000,40.7,40.7,40.7,40.7,40.7,40.7,40.7,40.7,0.00,0.00,0.00,0.00
7.480,HOVER,-0.0000,0.0000,0.5030,0.0000,0.0000,0.5000,0.0030,-0.0000,-0.0000,0.0000,0.5026,0.0000,-0.0000,-0.0162,-0.0000,-0.0000,-0.0000,-0.0000,0.0000,-0.0172,-0.0000,-0.0000,40.7,40.7,40.7,40.7,40.7,40.7,40.7,40.7,0.00,0.00,0.00,0.00
7.488,HOVER,-0.0000,0.0000,0.5030,0.0000,0.0000,0.5000,0.0030,-0.0000,-0.0000,0.0000,0.5026,0.0000,-0.0000,-0.0162,-0.0000,-0.0000,-0.0000,-0.0000,0.0000,-0.0172,-0.0000,-0.0000,40.7,40.7,40.7,40.7,40.7,40.7,40.7,40.7,0.00,0.00,0.00,0.00
7.496,HOVER,-0.0000,0.0000,0.5030,0.0000,0.0000,0.5000,0.0030,-0.0000,-0.0000,0.0000,0.5026,0.0000,-0.0000,-0.0162,-0.0000,-0.0000,-0.0000,-0.0000,0.0000,-0.0171,-0.0000,-0.0000,40.7,40.7,40.7,40.7,40.7,40.7,40.7,40.7,0.00,0.00,0.00,0.00
7.504,HOVER,-0.0000,0.0000,0.5030,0.0000,0.0000,0.5000,0.0030,-0.0000,-0.0000,0.0000,0.5026,0.0000,-0.0000,-0.0162,-0.0000,-0.0000,-0.0000,-0.0000,0.0000,-0.0171,-0.0000,-0.0000,40.7,40.7,40.7,40.7,40.7,40.7,40.7,40.7,0.00,0.00,0.00,0.00
7.512,HOVER,-0.0000,0.0000,0.5030,0.0000,0.0000,0.5000,0.0030,-0.0000,-0.0000,0.0000,0.5026,0.0000,-0.0000,-0.0162,-0.0000,-0.0000,-0.0000,-0.0000,0.0000,-0.0170,-0.0000,-0.0000,40.7,40.7,40.7,40.7,40.7,40.7,40.7,40.7,0.00,0.00,0.00,0.00
7.520,HOVER,-0.0000,0.0000,0.5030,0.0000,0.0000,0.5000,0.0030,-0.0000,-0.0000,0.0000,0.5026,0.0000,-0.0000,-0.0162,-0.0000,-0.0000,-0.0000,-0.0000,0.0000,-0.0170,-0.0000,-0.0000,40.7,40.7,40.7,40.7,40.7,40.7,40.7,40.7,0.00,0.00,0.00,0.00
7.528,HOVER,-0.0000,0.0000,0.5030,0.0000,0.0000,0.5000,0.0030,-0.0000,-0.0000,0.0000,0.5026,0.0000,-0.0000,-0.0162,-0.0000,-0.0000,-0.0000,-0.0000,0.0000,-0.0170,-0.0000,-0.0000,40.7,40.7,40.7,40.7,40.7,40.7,40.7,40.7,0.00,0.00,0.00,0.00
7.536,HOVER,-0.0000,0.0000,0.5030,0.0000,0.0000,0.5000,0.0030,-0.0000,-0.0000,0.0000,0.5026,0.0000,-0.0000,-0.0162,-0.0000,-0.0000,-0.0000,-0.0000,0.0000,-0.0169,-0.0000,-0.0000,40.7,40.7,40.7,40.7,40.7,40.7,40.7,40.7,0.00,0.00,0.00,0.00
7.544,HOVER,-0.0000,0.0000,0.5030,0.0000,0.0000,0.5000,0.0030,-0.0000,-0.0000,0.0000,0.5026,0.0000,-0.0000,-0.0162,-0.0000,-0.0000,-0.0000,-0.0000,0.0000,-0.0169,-0.0000,-0.0000,40.7,40.7,40.7,40.7,40.7,40.7,40.7,40.7,0.00,0.00,0.00,0.00
7.552,HOVER,-0.0000,0.0000,0.5030,0.0000,0.0000,0.5000,0.0030,-0.0000,-0.0000,0.0000,0.5026,0.0000,-0.0000,-0.0162,-0.0000,-0.0000,-0.0000,-0.0000,0.0000,-0.0168,-0.0000,-0.0000,40.7,40.7,40.7,40.7,40.7,40.7,40.7,40.7,0.00,0.00,0.00,0.00
7.560,HOVER,-0.0000,0.0000,0.5030,0.0000,0.0000,0.5000,0.0030,-0.0000,-0.0000,0.0000,0.5026,0.0000,-0.0000,-0.0162,-0.0000,-0.0000,-0.0000,-0.0000,0.0000,-0.0168,-0.0000,-0.0000,40.7,40.7,40.7,40.7,40.7,40.7,40.7,40.7,0.00,0.00,0.00,0.00
7.568,HOVER,-0.0000,0.0000,0.5030,0.0000,0.0000,0.5000,0.0030,-0.0000,-0.0000,0.0000,0.5026,0.0000,-0.0000,-0.0162,-0.0000,-0.0000,-0.0000,-0.0000,0.0000,-0.0168,-0.0000,-0.0000,40.7,40.7,40.7,40.7,40.7,40.7,40.7,40.7,0.00,0.00,0.00,0.00
7.576,HOVER,-0.0000,0.0000,0.5030,0.0000,0.0000,0.5000,0.0030,-0.0000,-0.0000,0.0000,0.5026,0.0000,-0.0000,-0.0162,-0.0000,-0.0000,-0.0000,-0.0000,0.0000,-0.0167,-0.0000,-0.0000,40.7,40.7,40.7,40.7,40.7,40.7,40.7,40.7,0.00,0.00,0.00,0.00
7.584,HOVER,-0.0000,0.0000,0.5030,0.0000,0.0000,0.5000,0.0030,-0.0000,-0.0000,0.0000,0.5026,0.0000,-0.0000,-0.0162,-0.0000,-0.0000,-0.0000,-0.0000,0.0000,-0.0167,-0.0000,-0.0000,40.7,40.7,40.7,40.7,40.7,40.7,40.7,40.7,0.00,0.00,0.00,0.00
7.592,HOVER,-0.0000,0.0000,0.5030,0.0000,0.0000,0.5000,0.0030,-0.0000,-0.0000,0.0000,0.5026,0.0000,-0.0000,-0.0162,-0.0000,-0.0000,-0.0000,-0.0000,0.0000,-0.0166,-0.0000,-0.0000,40.7,40.7,40.7,40.7,40.7,40.7,40.7,40.7,0.00,0.00,0.00,0.00
7.600,HOVER,-0.0000,0.0000,0.5030,0.0000,0.0000,0.5000,0.0030,-0.0000,-0.0000,0.0000,0.5026,0.0000,-0.0000,-0.0162,-0.0000,-0.0000,-0.0000,-0.0000,0.0000,-0.0166,-0.0000,-0.0000,40.7,40.7,40.7,40.7,40.7,40.7,40.7,40.7,0.00,0.00,0.00,0.00
7.608,HOVER,-0.0000,0.0000,0.5030,0.0000,0.0000,0.5000,0.0030,-0.0000,-0.0000,0.0000,0.5026,0.0000,-0.0000,-0.0162,-0.0000,-0.0000,-0.0000,-0.0000,0.0000,-0.0166,-0.0000,-0.0000,40.7,40.7,40.7,40.7,40.7,40.7,40.7,40.7,0.00,0.00,0.00,0.00
7.616,HOVER,-0.0000,0.0000,0.5030,0.0000,0.0000,0.5000,0.0030,-0.0000,-0.0000,0.0000,0.5026,0.0000,-0.0000,-0.0162,-0.0000,-0.0000,-0.0000,-0.0000,0.0000,-0.0165,-0.0000,-0.0000,40.7,40.7,40.7,40.7,40.7,40.7,40.7,40.7,0.00,0.00,0.00,0.00
7.624,HOVER,-0.0000,0.0000,0.5030,0.0000,0.0000,0.5000,0.0030,-0.0000,-0.0000,0.0000,0.5026,0.0000,-0.0000,-0.0162,-0.0000,-0.0000,-0.0000,-0.0000,0.0000,-0.0165,-0.0000,-0.0000,40.7,40.7,40.7,40.7,40.7,40.7,40.7,40.7,0.00,0.00,0.00,0.00
7.632,HOVER,-0.0000,0.0000,0.5030,0.0000,0.0000,0.5000,0.0030,-0.0000,-0.0000,0.0000,0.5026,0.0000,-0.0000,-0.0162,-0.0000,-0.0000,-0.0000,-0.0000,0.0000,-0.0164,-0.0000,-0.0000,40.7,40.7,40.7,40.7,40.7,40.7,40.7,40.7,0.00,0.00,0.00,0.00
7.640,HOVER,-0.0000,0.0000,0.5030,0.0000,0.0000,0.5000,0.0030,-0.0000,-0.0000,0.0000,0.5026,0.0000,-0.0000,-0.0162,-0.0000,-0.0000,-0.0000,-0.0000,0.0000,-0.0164,-0.0000,-0.0000,40.7,40.7,40.7,40.7,40.7,40.7,40.7,40.7,0.00,0.00,0.00,0.00
7.648,HOVER,-0.0000,0.0000,0.5030,0.0000,0.0000,0.5000,0.0030,-0.0000,-0.0000,0.0000,0.5026,0.0000,-0.0000,-0.0162,-0.0000,-0.0000,-0.0000,-0.0000,0.0000,-0.0163,-0.0000,-0.0000,40.7,40.7,40.7,40.7,40.7,40.7,40.7,40.7,0.00,0.00,0.00,0.00
7.656,HOVER,-0.0000,0.0000,0.5030,0.0000,0.0000,0.5000,0.0030,-0.0000,-0.0000,0.0000,0.5026,0.0000,-0.0000,-0.0161,-0.0000,-0.0000,-0.0000,-0.0000,0.0000,-0.0163,-0.0000,-0.0000,40.7,40.7,40.7,40.7,40.7,40.7,40.7,40.7,0.00,0.00,0.00,0.00
7.664,HOVER,-0.0000,0.0000,0.5030,0.0000,0.0000,0.5000,0.0030,-0.0000,-0.0000,0.0000,0.5026,0.0000,-0.0000,-0.0161,-0.0000,-0.0000,-0.0000,-0.0000,0.0000,-0.0163,-0.0000,-0.0000,40.7,40.7,40.7,40.7,40.7,40.7,40.7,40.7,0.00,0.00,0.00,0.00
7.672,HOVER,-0.0000,0.0000,0.5030,0.0000,0.0000,0.5000,0.0030,-0.0000,-0.0000,0.0000,0.5026,0.0000,-0.0000,-0.0161,-0.0000,-0.0000,-0.0000,-0.0000,0.0000,-0.0162,-0.0000,-0.0000,40.7,40.7,40.7,40.7,40.7,40.7,40.7,40.7,0.00,0.00,0.00,0.00
7.680,HOVER,-0.0000,0.0000,0.5030,0.0000,0.0000,0.5000,0.0030,-0.0000,-0.0000,0.0000,0.5026,0.0000,-0.0000,-0.0161,-0.0000,-0.0000,-0.0000,-0.0000,0.0000,-0.0162,-0.0000,-0.0000,40.7,40.7,40.7,40.7,40.7,40.7,40.7,40.7,0.00,0.00,0.00,0.00
7.688,HOVER,0.0000,-0.0000,0.5030,0.0000,0.0000,0.5000,0.0030,-0.0000,-0.0000,0.0000,0.5026,0.0000,-0.0000,-0.0161,-0.0000,-0.0000,-0.0000,-0.0000,0.0000,-0.0161,-0.0000,-0.0000,40.7,40.7,40.7,40.7,40.7,40.7,40.7,40.7,0.00,0.00,0.00,0.00
7.696,HOVER,0.0000,-0.0000,0.5030,0.0000,0.0000,0.5000,0.0030,-0.0000,-0.0000,0.0000,0.5026,0.0000,-0.0000,-0.0161,-0.0000,-0.0000,-0.0000,-0.0000,0.0000,-0.0161,-0.0000,-0.0000,40.7,40.7,40.7,40.7,40.7,40.7,40.7,40.7,0.00,0.00,0.00,0.00
7.704,HOVER,0.0000,-0.0000,0.5030,0.0000,0.0000,0.5000,0.0030,-0.0000,-0.0000,0.0000,0.5026,0.0000,-0.0000,-0.0161,-0.0000,-0.0000,-0.0000,-0.0000,0.0000,-0.0161,-0.0000,-0.0000,40.7,40.7,40.7,40.7,40.7,40.7,40.7,40.7,0.00,0.00,0.00,0.00
7.712,HOVER,0.0000,-0.0000,0.5030,0.0000,0.0000,0.5000,0.0030,-0.0000,-0.0000,0.0000,0.5026,0.0000,-0.0000,-0.0161,-0.0000,-0.0000,-0.0000,-0.0000,0.0000,-0.0160,-0.0000,-0.0000,40.7,40.7,40.7,40.7,40.7,40.7,40.7,40.7,0.00,0.00,0.00,0.00
7.720,HOVER,0.0000,-0.0000,0.5030,0.0000,0.0000,0.5000,0.0030,-0.0000,0.0000,-0.0000,0.5026,0.0000,-0.0000,-0.0161,-0.0000,-0.0000,-0.0000,-0.0000,0.0000,-0.0160,-0.0000,-0.0000,40.7,40.7,40.7,40.7,40.7,40.7,40.7,40.7,0.00,0.00,0.00,0.00
7.728,HOVER,0.0000,-0.0000,0.5030,0.0000,0.0000,0.5000,0.0030,-0.0000,0.0000,-0.0000,0.5026,0.0000,-0.0000,-0.0161,-0.0000,-0.0000,-0.0000,-0.0000,0.0000,-0.0159,-0.0000,-0.0000,40.7,40.7,40.7,40.7,40.7,40.7,40.7,40.7,0.00,0.00,0.00,0.00
7.736,HOVER,0.0000,-0.0000,0.5030,0.0000,0.0000,0.5000,0.0030,-0.0000,0.0000,-0.0000,0.5026,0.0000,-0.0000,-0.0161,-0.0000,-0.0000,-0.0000,-0.0000,0.0000,-0.0159,-0.0000,-0.0000,40.7,40.7,40.7,40.7,40.7,40.7,40.7,40.7,0.00,0.00,0.00,0.00
7.744,HOVER,0.0000,-0.0000,0.5030,0.0000,0.0000,0.5000,0.0030,-0.0000,0.0000,-0.0000,0.5026,-0.0000,0.0000,-0.0161,-0.0000,-0.0000,-0.0000,-0.0000,0.0000,-0.0159,-0.0000,-0.0000,40.7,40.7,40.7,40.7,40.7,40.7,40.7,40.7,0.00,0.00,0.00,0.00
7.752,HOVER,0.0000,-0.0000,0.5030,0.0000,0.0000,0.5000,0.0030,-0.0000,0.0000,-0.0000,0.5026,-0.0000,0.0000,-0.0161,-0.0000,-0.0000,-0.0000,-0.0000,0.0000,-0.0158,-0.0000,-0.0000,40.7,40.7,40.7,40.7,40.7,40.7,40.7,40.7,0.00,0.00,0.00,0.00
7.760,HOVER,0.0000,-0.0000,0.5030,0.0000,0.0000,0.5000,0.0030,-0.0000,0.0000,-0.0000,0.5026,-0.0000,0.0000,-0.0160,-0.0000,-0.0000,-0.0000,-0.0000,0.0000,-0.0158,-0.0000,-0.0000,40.7,40.7,40.7,40.7,40.7,40.7,40.7,40.7,0.00,0.00,0.00,0.00
7.768,HOVER,0.0000,-0.0000,0.5030,0.0000,0.0000,0.5000,0.0030,-0.0000,0.0000,-0.0000,0.5026,-0.0000,0.0000,-0.0160,-0.0000,-0.0000,-0.0000,-0.0000,0.0000,-0.0157,-0.0000,-0.0000,40.7,40.7,40.7,40.7,40.7,40.7,40.7,40.7,0.00,0.00,0.00,0.00
7.776,HOVER,0.0000,-0.0000,0.5030,0.0000,0.0000,0.5000,0.0030,-0.0000,0.0000,-0.0000,0.5026,-0.0000,0.0000,-0.0160,-0.0000,-0.0000,-0.0000,-0.0000,0.0000,-0.0157,-0.0000,-0.0000,40.7,40.7,40.7,40.7,40.7,40.7,40.7,40.7,0.00,0.00,0.00,0.00
7.784,HOVER,0.0000,-0.0000,0.5030,0.0000,0.0000,0.5000,0.0030,-0.0000,0.0000,-0.0000,0.5026,-0.0000,0.0000,-0.0160,-0.0000,-0.0000,-0.0000,-0.0000,0.0000,-0.0157,-0.0000,-0.0000,40.7,40.7,40.7,40.7,40.7,40.7,40.7,40.7,0.00,0.00,0.00,0.00
7.792,HOVER,0.0000,-0.0000,0.5030,0.0000,0.0000,0.5000,0.0030,-0.0000,0.0000,-0.0000,0.5026,-0.0000,0.0000,-0.0160,-0.0000,-0.0000,-0.0000,-0.0000,0.0000,-0.0156,-0.0000,-0.0000,40.7,40.7,40.7,40.7,40.7,40.7,40.7,40.7,0.00,0.00,0.00,0.00
7.800,HOVER,0.0000,-0.0000,0.5030,0.0000,0.0000,0.5000,0.0030,-0.0000,0.0000,-0.0000,0.5026,-0.0000,0.0000,-0.0160,-0.0000,-0.0000,-0.0000,-0.0000,0.0000,-0.0156,-0.0000,-0.0000,40.7,40.7,40.7,40.7,40.7,40.7,40.7,40.7,0.00,0.00,0.00,0.00
7.808,HOVER,0.0000,-0.0000,0.5030,0.0000,0.0000,0.5000,0.0030,-0.0000,0.0000,-0.0000,0.5026,-0.0000,0.0000,-0.0160,-0.0000,-0.0000,-0.0000,-0.0000,0.0000,-0.0155,-0.0000,-0.0000,40.7,40.7,40.7,40.7,40.7,40.7,40.7,40.7,0.00,0.00,0.00,0.00
7.816,HOVER,0.0000,-0.0000,0.5030,0.0000,0.0000,0.5000,0.0030,-0.0000,0.0000,-0.0000,0.5026,-0.0000,0.0000,-0.0160,-0.0000,-0.0000,-0.0000,-0.0000,0.0000,-0.0155,-0.0000,-0.0000,40.7,40.7,40.7,40.7,40.7,40.7,40.7,40.7,0.00,0.00,0.00,0.00
7.824,HOVER,0.0000,-0.0000,0.5029,0.0000,0.0000,0.5000,0.0029,-0.0000,0.0000,-0.0000,0.5026,-0.0000,0.0000,-0.0160,-0.0000,-0.0000,-0.0000,-0.0000,0.0000,-0.0154,-0.0000,-0.0000,40.7,40.7,40.7,40.7,40.7,40.7,40.7,40.7,0.00,0.00,0.00,0.00
7.832,HOVER,0.0000,-0.0000,0.5029,0.0000,0.0000,0.5000,0.0029,-0.0000,0.0000,-0.0000,0.5026,-0.0000,0.0000,-0.0160,-0.0000,-0.0000,-0.0000,-0.0000,0.0000,-0.0154,-0.0000,-0.0000,40.7,40.7,40.7,40.7,40.7,40.7,40.7,40.7,0.00,0.00,0.00,0.00
7.840,HOVER,0.0000,-0.0000,0.5029,0.0000,0.0000,0.5000,0.0029,-0.0000,0.0000,-0.0000,0.5026,-0.0000,0.0000,-0.0159,-0.0000,-0.0000,-0.0000,-0.0000,0.0000,-0.0154,-0.0000,-0.0000,40.7,40.7,40.7,40.7,40.7,40.7,40.7,40.7,0.00,0.00,0.00,0.00
7.848,HOVER,0.0000,-0.0000,0.5029,0.0000,0.0000,0.5000,0.0029,-0.0000,0.0000,-0.0000,0.5026,-0.0000,0.0000,-0.0159,-0.0000,-0.0000,-0.0000,-0.0000,0.0000,-0.0153,-0.0000,-0.0000,40.7,40.7,40.7,40.7,40.7,40.7,40.7,40.7,0.00,0.00,0.00,0.00
7.856,HOVER,0.0000,-0.0000,0.5029,0.0000,0.0000,0.5000,0.0029,-0.0000,0.0000,-0.0000,0.5026,-0.0000,0.0000,-0.0159,-0.0000,-0.0000,-0.0000,-0.0000,0.0000,-0.0153,-0.0000,-0.0000,40.7,40.7,40.7,40.7,40.7,40.7,40.7,40.7,0.00,0.00,0.00,0.00
7.864,HOVER,0.0000,-0.0000,0.5029,0.0000,0.0000,0.5000,0.0029,-0.0000,0.0000,-0.0000,0.5026,-0.0000,0.0000,-0.0159,-0.0000,-0.0000,-0.0000,-0.0000,0.0000,-0.0152,-0.0000,-0.0000,40.7,40.7,40.7,40.7,40.7,40.7,40.7,40.7,0.00,0.00,0.00,0.00
7.872,HOVER,0.0000,-0.0000,0.5029,0.0000,0.0000,0.5000,0.0029,-0.0000,0.0000,-0.0000,0.5026,-0.0000,0.0000,-0.0159,-0.0000,-0.0000,-0.0000,-0.0000,0.0000,-0.0152,-0.0000,-0.0000,40.7,40.7,40.7,40.7,40.7,40.7,40.7,40.7,0.00,0.00,0.00,0.00
7.880,HOVER,0.0000,-0.0000,0.5029,0.0000,0.0000,0.5000,0.0029,-0.0000,0.0000,-0.0000,0.5026,-0.0000,0.0000,-0.0159,-0.0000,-0.0000,-0.0000,-0.0000,0.0000,-0.0152,-0.0000,-0.0000,40.7,40.7,40.7,40.7,40.7,40.7,40.7,40.7,0.00,0.00,0.00,0.00
7.888,HOVER,0.0000,-0.0000,0.5029,0.0000,0.0000,0.5000,0.0029,-0.0000,0.0000,-0.0000,0.5026,-0.0000,0.0000,-0.0159,-0.0000,-0.0000,-0.0000,-0.0000,0.0000,-0.0151,-0.0000,-0.0000,40.7,40.7,40.7,40.7,40.7,40.7,40.7,40.7,0.00,0.00,0.00,0.00
7.896,HOVER,0.0000,-0.0000,0.5029,0.0000,0.0000,0.5000,0.0029,-0.0000,0.0000,-0.0000,0.5026,-0.0000,0.0000,-0.0159,-0.0000,-0.0000,-0.0000,-0.0000,0.0000,-0.0151,-0.0000,-0.0000,40.7,40.7,40.7,40.7,40.7,40.7,40.7,40.7,0.00,0.00,0.00,0.00
7.904,HOVER,0.0000,-0.0000,0.5029,0.0000,0.0000,0.5000,0.0029,-0.0000,0.0000,-0.0000,0.5026,-0.0000,0.0000,-0.0158,-0.0000,-0.0000,-0.0000,-0.0000,0.0000,-0.0150,-0.0000,-0.0000,40.7,40.7,40.7,40.7,40.7,40.7,40.7,40.7,0.00,0.00,0.00,0.00
7.912,HOVER,0.0000,-0.0000,0.5029,0.0000,0.0000,0.5000,0.0029,-0.0000,0.0000,-0.0000,0.5026,-0.0000,0.0000,-0.0158,-0.0000,-0.0000,-0.0000,-0.0000,0.0000,-0.0150,-0.0000,-0.0000,40.7,40.7,40.7,40.7,40.7,40.7,40.7,40.7,0.00,0.00,0.00,0.00
7.920,HOVER,0.0000,-0.0000,0.5029,0.0000,0.0000,0.5000,0.0029,-0.0000,0.0000,-0.0000,0.5026,-0.0000,0.0000,-0.0158,-0.0000,-0.0000,-0.0000,-0.0000,0.0000,-0.0150,-0.0000,-0.0000,40.7,40.7,40.7,40.7,40.7,40.7,40.7,40.7,0.00,0.00,0.00,0.00
7.928,HOVER,0.0000,-0.0000,0.5029,0.0000,0.0000,0.5000,0.0029,-0.0000,0.0000,-0.0000,0.5025,-0.0000,0.0000,-0.0158,-0.0000,-0.0000,-0.0000,-0.0000,0.0000,-0.0149,-0.0000,-0.0000,40.7,40.7,40.7,40.7,40.7,40.7,40.7,40.7,0.00,0.00,0.00,0.00
7.936,HOVER,0.0000,-0.0000,0.5029,0.0000,0.0000,0.5000,0.0029,-0.0000,0.0000,-0.0000,0.5025,-0.0000,0.0000,-0.0158,-0.0000,-0.0000,-0.0000,-0.0000,0.0000,-0.0149,-0.0000,-0.0000,40.7,40.7,40.7,40.7,40.7,40.7,40.7,40.7,0.00,0.00,0.00,0.00
7.944,HOVER,0.0000,-0.0000,0.5029,0.0000,0.0000,0.5000,0.0029,-0.0000,0.0000,-0.0000,0.5025,-0.0000,0.0000,-0.0158,-0.0000,-0.0000,-0.0000,-0.0000,0.0000,-0.0148,-0.0000,-0.0000,40.7,40.7,40.7,40.7,40.7,40.7,40.7,40.7,0.00,0.00,0.00,0.00
7.952,HOVER,0.0000,-0.0000,0.5029,0.0000,0.0000,0.5000,0.0029,-0.0000,0.0000,-0.0000,0.5025,-0.0000,0.0000,-0.0158,-0.0000,-0.0000,-0.0000,-0.0000,0.0000,-0.0148,-0.0000,-0.0000,40.7,40.7,40.7,40.7,40.7,40.7,40.7,40.7,0.00,0.00,0.00,0.00
7.960,HOVER,0.0000,-0.0000,0.5029,0.0000,0.0000,0.5000,0.0029,-0.0000,0.0000,-0.0000,0.5025,-0.0000,0.0000,-0.0157,-0.0000,-0.0000,-0.0000,-0.0000,0.0000,-0.0148,-0.0000,-0.0000,40.7,40.7,40.7,40.7,40.7,40.7,40.7,40.7,0.00,0.00,0.00,0.00
7.968,HOVER,0.0000,-0.0000,0.5029,0.0000,0.0000,0.5000,0.0029,-0.0000,0.0000,-0.0000,0.5025,-0.0000,0.0000,-0.0157,-0.0000,-0.0000,-0.0000,-0.0000,0.0000,-0.0147,-0.0000,-0.0000,40.7,40.7,40.7,40.7,40.7,40.7,40.7,40.7,0.00,0.00,0.00,0.00
7.976,HOVER,0.0000,-0.0000,0.5029,0.0000,0.0000,0.5000,0.0029,-0.0000,0.0000,-0.0000,0.5025,-0.0000,0.0000,-0.0157,-0.0000,-0.0000,-0.0000,-0.0000,0.0000,-0.0147,-0.0000,-0.0000,40.7,40.7,40.7,40.7,40.7,40.7,40.7,40.7,0.00,0.00,0.00,0.00
7.984,HOVER,0.0000,-0.0000,0.5029,0.0000,0.0000,0.5000,0.0029,-0.0000,0.0000,-0.0000,0.5025,-0.0000,0.0000,-0.0157,-0.0000,-0.0000,-0.0000,-0.0000,0.0000,-0.0146,-0.0000,-0.0000,40.7,40.7,40.7,40.7,40.7,40.7,40.7,40.7,0.00,0.00,0.00,0.00
7.992,HOVER,0.0000,-0.0000,0.5029,0.0000,0.0000,0.5000,0.0029,-0.0000,0.0000,-0.0000,0.5025,-0.0000,0.0000,-0.0157,-0.0000,-0.0000,-0.0000,-0.0000,0.0000,-0.0146,-0.0000,-0.0000,40.7,40.7,40.7,40.7,40.7,40.7,40.7,40.7,0.00,0.00,0.00,0.00
8.000,HOVER,0.0000,-0.0000,0.5029,0.0000,0.0000,0.5000,0.0029,-0.0000,0.0000,-0.0000,0.5025,-0.0000,0.0000,-0.0157,-0.0000,-0.0000,-0.0000,-0.0000,0.0000,-0.0146,-0.0000,-0.0000,40.7,40.7,40.7,40.7,40.7,40.7,40.7,40.7,0.00,0.00,0.00,0.00
8.008,HOVER,0.0000,-0.0000,0.5029,0.0000,0.0000,0.5000,0.0029,-0.0000,0.0000,-0.0000,0.5025,-0.0000,0.0000,-0.0156,-0.0000,-0.0000,-0.0000,-0.0000,0.0000,-0.0145,-0.0000,-0.0000,40.7,40.7,40.7,40.7,40.7,40.7,40.7,40.7,0.00,0.00,0.00,0.00
8.016,HOVER,0.0000,-0.0000,0.5029,0.0000,0.0000,0.5000,0.0029,-0.0000,0.0000,-0.0000,0.5025,-0.0000,0.0000,-0.0156,-0.0000,-0.0000,-0.0000,-0.0000,0.0000,-0.0145,-0.0000,-0.0000,40.7,40.7,40.7,40.7,40.7,40.7,40.7,40.7,0.00,0.00,0.00,0.00
8.024,HOVER,0.0000,-0.0000,0.5029,0.0000,0.0000,0.5000,0.0029,-0.0000,0.0000,-0.0000,0.5025,-0.0000,0.0000,-0.0156,-0.0000,-0.0000,-0.0000,-0.0000,0.0000,-0.0144,-0.0000,-0.0000,40.7,40.7,40.7,40.7,40.7,40.7,40.7,40.7,0.00,0.00,0.00,0.00
8.032,HOVER,0.0000,-0.0000,0.5029,0.0000,0.0000,0.5000,0.0029,-0.0000,0.0000,-0.0000,0.5025,-0.0000,0.0000,-0.0156,-0.0000,-0.0000,-0.0000,-0.0000,0.0000,-0.0144,-0.0000,-0.0000,40.7,40.7,40.7,40.7,40.7,40.7,40.7,40.7,0.00,0.00,0.00,0.00
8.040,HOVER,0.0000,-0.0000,0.5029,0.0000,0.0000,0.5000,0.0029,-0.0000,0.0000,-0.0000,0.5025,-0.0000,0.0000,-0.0156,-0.0000,-0.0000,-0.0000,-0.0000,0.0000,-0.0144,-0.0000,-0.0000,40.7,40.7,40.7,40.7,40.7,40.7,40.7,40.7,0.00,0.00,0.00,0.00
8.048,HOVER,0.0000,-0.0000,0.5029,0.0000,0.0000,0.5000,0.0029,-0.0000,0.0000,-0.0000,0.5025,-0.0000,0.0000,-0.0156,-0.0000,-0.0000,-0.0000,-0.0000,0.0000,-0.0143,-0.0000,-0.0000,40.7,40.7,40.7,40.7,40.7,40.7,40.7,40.7,0.00,0.00,0.00,0.00
8.056,HOVER,0.0000,-0.0000,0.5029,0.0000,0.0000,0.5000,0.0029,-0.0000,0.0000,-0.0000,0.5025,-0.0000,0.0000,-0.0155,-0.0000,-0.0000,-0.0000,-0.0000,0.0000,-0.0143,-0.0000,-0.0000,40.7,40.7,40.7,40.7,40.7,40.7,40.7,40.7,0.00,0.00,0.00,0.00
8.064,HOVER,0.0000,-0.0000,0.5029,0.0000,0.0000,0.5000,0.0029,-0.0000,0.0000,-0.0000,0.5025,-0.0000,0.0000,-0.0155,-0.0000,-0.0000,-0.0000,-0.0000,0.0000,-0.0142,-0.0000,-0.0000,40.7,40.7,40.7,40.7,40.7,40.7,40.7,40.7,0.00,0.00,0.00,0.00
8.072,HOVER,0.0000,-0.0000,0.5029,0.0000,0.0000,0.5000,0.0029,-0.0000,0.0000,-0.0000,0.5025,-0.0000,0.0000,-0.0155,-0.0000,-0.0000,-0.0000,-0.0000,0.0000,-0.0142,-0.0000,-0.0000,40.7,40.7,40.7,40.7,40.7,40.7,40.7,40.7,0.00,0.00,0.00,0.00
8.080,HOVER,0.0000,-0.0000,0.5029,0.0000,0.0000,0.5000,0.0029,-0.0000,0.0000,-0.0000,0.5025,-0.0000,0.0000,-0.0155,-0.0000,-0.0000,-0.0000,-0.0000,0.0000,-0.0142,-0.0000,-0.0000,40.7,40.7,40.7,40.7,40.7,40.7,40.7,40.7,0.00,0.00,0.00,0.00
8.088,HOVER,0.0000,-0.0000,0.5029,0.0000,0.0000,0.5000,0.0029,-0.0000,0.0000,-0.0000,0.5025,-0.0000,0.0000,-0.0155,-0.0000,-0.0000,-0.0000,-0.0000,0.0000,-0.0141,-0.0000,-0.0000,40.7,40.7,40.7,40.7,40.7,40.7,40.7,40.7,0.00,0.00,0.00,0.00
8.096,HOVER,0.0000,-0.0000,0.5029,0.0000,0.0000,0.5000,0.0029,-0.0000,0.0000,-0.0000,0.5025,-0.0000,0.0000,-0.0155,-0.0000,-0.0000,-0.0000,-0.0000,0.0000,-0.0141,-0.0000,-0.0000,40.7,40.7,40.7,40.7,40.7,40.7,40.7,40.7,0.00,0.00,0.00,0.00
8.104,HOVER,0.0000,-0.0000,0.5029,0.0000,0.0000,0.5000,0.0029,-0.0000,0.0000,-0.0000,0.5025,-0.0000,0.0000,-0.0154,-0.0000,-0.0000,-0.0000,-0.0000,0.0000,-0.0140,-0.0000,-0.0000,40.7,40.7,40.7,40.7,40.7,40.7,40.7,40.7,0.00,0.00,0.00,0.00
8.112,HOVER,0.0000,-0.0000,0.5029,0.0000,0.0000,0.5000,0.0029,-0.0000,0.0000,-0.0000,0.5025,-0.0000,0.0000,-0.0154,-0.0000,-0.0000,-0.0000,-0.0000,0.0000,-0.0140,-0.0000,-0.0000,40.7,40.7,40.7,40.7,40.7,40.7,40.7,40.7,0.00,0.00,0.00,0.00
8.120,HOVER,0.0000,-0.0000,0.5029,0.0000,0.0000,0.5000,0.0029,-0.0000,0.0000,-0.0000,0.5025,-0.0000,0.0000,-0.0154,-0.0000,-0.0000,-0.0000,-0.0000,0.0000,-0.0140,-0.0000,-0.0000,40.7,40.7,40.7,40.7,40.7,40.7,40.7,40.7,0.00,0.00,0.00,0.00
8.128,HOVER,0.0000,-0.0000,0.5029,0.0000,0.0000,0.5000,0.0029,-0.0000,0.0000,-0.0000,0.5025,-0.0000,0.0000,-0.0154,-0.0000,-0.0000,-0.0000,-0.0000,0.0000,-0.0139,-0.0000,-0.0000,40.7,40.7,40.7,40.7,40.7,40.7,40.7,40.7,0.00,0.00,0.00,0.00
8.136,HOVER,0.0000,-0.0000,0.5029,0.0000,0.0000,0.5000,0.0029,-0.0000,0.0000,-0.0000,0.5025,-0.0000,0.0000,-0.0154,-0.0000,-0.0000,-0.0000,-0.0000,0.0000,-0.0139,-0.0000,-0.0000,40.7,40.7,40.7,40.7,40.7,40.7,40.7,40.7,0.00,0.00,0.00,0.00
8.144,HOVER,0.0000,-0.0000,0.5029,0.0000,0.0000,0.5000,0.0029,-0.0000,0.0000,-0.0000,0.5025,-0.0000,0.0000,-0.0153,-0.0000,-0.0000,-0.0000,-0.0000,0.0000,-0.0138,-0.0000,-0.0000,40.7,40.7,40.7,40.7,40.7,40.7,40.7,40.7,0.00,0.00,0.00,0.00
8.152,HOVER,0.0000,-0.0000,0.5029,0.0000,0.0000,0.5000,0.0029,-0.0000,0.0000,-0.0000,0.5025,-0.0000,0.0000,-0.0153,-0.0000,-0.0000,-0.0000,-0.0000,0.0000,-0.0138,-0.0000,-0.0000,40.7,40.7,40.7,40.7,40.7,40.7,40.7,40.7,0.00,0.00,0.00,0.00
8.160,HOVER,0.0000,-0.0000,0.5029,0.0000,0.0000,0.5000,0.0029,-0.0000,0.0000,-0.0000,0.5025,-0.0000,0.0000,-0.0153,-0.0000,-0.0000,-0.0000,-0.0000,0.0000,-0.0138,-0.0000,-0.0000,40.7,40.7,40.7,40.7,40.7,40.7,40.7,40.7,0.00,0.00,0.00,0.00
8.168,HOVER,0.0000,-0.0000,0.5029,0.0000,0.0000,0.5000,0.0029,-0.0000,0.0000,-0.0000,0.5025,-0.0000,0.0000,-0.0153,-0.0000,-0.0000,-0.0000,-0.0000,0.0000,-0.0137,-0.0000,-0.0000,40.7,40.7,40.7,40.7,40.7,40.7,40.7,40.7,0.00,0.00,0.00,0.00
8.176,HOVER,0.0000,-0.0000,0.5029,0.0000,0.0000,0.5000,0.0029,-0.0000,0.0000,-0.0000,0.5025,-0.0000,0.0000,-0.0153,-0.0000,-0.0000,-0.0000,-0.0000,0.0000,-0.0137,-0.0000,-0.0000,40.7,40.7,40.7,40.7,40.7,40.7,40.7,40.7,0.00,0.00,0.00,0.00
8.184,HOVER,0.0000,-0.0000,0.5029,0.0000,0.0000,0.5000,0.0029,-0.0000,0.0000,-0.0000,0.5025,-0.0000,0.0000,-0.0153,-0.0000,-0.0000,-0.0000,-0.0000,0.0000,-0.0137,-0.0000,-0.0000,40.7,40.7,40.7,40.7,40.7,40.7,40.7,40.7,0.00,0.00,0.00,0.00
8.192,HOVER,0.0000,-0.0000,0.5029,0.0000,0.0000,0.5000,0.0029,-0.0000,0.0000,-0.0000,0.5025,-0.0000,0.0000,-0.0152,-0.0000,-0.0000,-0.0000,-0.0000,0.0000,-0.0136,-0.0000,-0.0000,40.7,40.7,40.7,40.7,40.7,40.7,40.7,40.7,0.00,0.00,0.00,0.00
8.200,HOVER,0.0000,-0.0000,0.5029,0.0000,0.0000,0.5000,0.0029,-0.0000,0.0000,-0.0000,0.5025,-0.0000,0.0000,-0.0152,-0.0000,-0.0000,-0.0000,-0.0000,0.0000,-0.0136,-0.0000,-0.0000,40.7,40.7,40.7,40.7,40.7,40.7,40.7,40.7,0.00,0.00,0.00,0.00
8.208,HOVER,0.0000,-0.0000,0.5029,0.0000,0.0000,0.5000,0.0029,-0.0000,0.0000,-0.0000,0.5025,-0.0000,0.0000,-0.0152,-0.0000,-0.0000,-0.0000,-0.0000,0.0000,-0.0135,-0.0000,-0.0000,40.7,40.7,40.7,40.7,40.7,40.7,40.7,40.7,0.00,0.00,0.00,0.00
8.216,HOVER,0.0000,-0.0000,0.5029,0.0000,0.0000,0.5000,0.0029,-0.0000,0.0000,-0.0000,0.5025,-0.0000,0.0000,-0.0152,-0.0000,-0.0000,-0.0000,-0.0000,0.0000,-0.0135,-0.0000,-0.0000,40.7,40.7,40.7,40.7,40.7,40.7,40.7,40.7,0.00,0.00,0.00,0.00
8.224,HOVER,0.0000,-0.0000,0.5029,0.0000,0.0000,0.5000,0.0029,-0.0000,0.0000,-0.0000,0.5025,-0.0000,0.0000,-0.0152,-0.0000,-0.0000,-0.0000,-0.0000,0.0000,-0.0135,-0.0000,-0.0000,40.7,40.7,40.7,40.7,40.7,40.7,40.7,40.7,0.00,0.00,0.00,0.00
8.232,HOVER,0.0000,-0.0000,0.5029,0.0000,0.0000,0.5000,0.0029,-0.0000,0.0000,-0.0000,0.5025,-0.0000,0.0000,-0.0151,-0.0000,-0.0000,-0.0000,-0.0000,0.0000,-0.0134,-0.0000,-0.0000,40.7,40.7,40.7,40.7,40.7,40.7,40.7,40.7,0.00,0.00,0.00,0.00
8.240,HOVER,0.0000,-0.0000,0.5029,0.0000,0.0000,0.5000,0.0029,-0.0000,0.0000,-0.0000,0.5025,-0.0000,0.0000,-0.0151,-0.0000,-0.0000,-0.0000,-0.0000,0.0000,-0.0134,-0.0000,-0.0000,40.7,40.7,40.7,40.7,40.7,40.7,40.7,40.7,0.00,0.00,0.00,0.00
8.248,HOVER,0.0000,-0.0000,0.5029,0.0000,0.0000,0.5000,0.0029,-0.0000,0.0000,-0.0000,0.5025,-0.0000,0.0000,-0.0151,-0.0000,-0.0000,-0.0000,-0.0000,0.0000,-0.0133,-0.0000,-0.0000,40.7,40.7,40.7,40.7,40.7,40.7,40.7,40.7,0.00,0.00,0.00,0.00
8.256,HOVER,0.0000,-0.0000,0.5029,0.0000,0.0000,0.5000,0.0029,-0.0000,0.0000,-0.0000,0.5025,-0.0000,0.0000,-0.0151,-0.0000,-0.0000,-0.0000,-0.0000,0.0000,-0.0133,-0.0000,-0.0000,40.7,40.7,40.7,40.7,40.7,40.7,40.7,40.7,0.00,0.00,0.00,0.00
8.264,HOVER,0.0000,-0.0000,0.5029,0.0000,0.0000,0.5000,0.0029,-0.0000,0.0000,-0.0000,0.5025,-0.0000,0.0000,-0.0150,-0.0000,-0.0000,-0.0000,-0.0000,0.0000,-0.0133,-0.0000,-0.0000,40.7,40.7,40.7,40.7,40.7,40.7,40.7,40.7,0.00,0.00,0.00,0.00
8.272,HOVER,0.0000,-0.0000,0.5029,0.0000,0.0000,0.5000,0.0029,-0.0000,0.0000,-0.0000,0.5025,-0.0000,0.0000,-0.0150,-0.0000,-0.0000,-0.0000,-0.0000,0.0000,-0.0132,-0.0000,-0.0000,40.7,40.7,40.7,40.7,40.7,40.7,40.7,40.7,0.00,0.00,0.00,0.00
8.280,HOVER,0.0000,-0.0000,0.5029,0.0000,0.0000,0.5000,0.0029,-0.0000,0.0000,-0.0000,0.5025,-0.0000,0.0000,-0.0150,-0.0000,-0.0000,-0.0000,-0.0000,0.0000,-0.0132,-0.0000,-0.0000,40.7,40.7,40.7,40.7,40.7,40.7,40.7,40.7,0.00,0.00,0.00,0.00
8.288,HOVER,0.0000,-0.0000,0.5029,0.0000,0.0000,0.5000,0.0029,-0.0000,0.0000,-0.0000,0.5025,-0.0000,0.0000,-0.0150,-0.0000,-0.0000,-0.0000,-0.0000,0.0000,-0.0132,-0.0000,-0.0000,40.7,40.7,40.7,40.7,40.7,40.7,40.7,40.7,0.00,0.00,0.00,0.00
8.296,HOVER,0.0000,-0.0000,0.5029,0.0000,0.0000,0.5000,0.0029,-0.0000,0.0000,-0.0000,0.5025,-0.0000,0.0000,-0.0150,-0.0000,-0.0000,-0.0000,-0.0000,0.0000,-0.0131,-0.0000,-0.0000,40.7,40.7,40.7,40.7,40.7,40.7,40.7,40.7,0.00,0.00,0.00,0.00
8.304,HOVER,0.0000,-0.0000,0.5029,0.0000,0.0000,0.5000,0.0029,-0.0000,0.0000,-0.0000,0.5025,-0.0000,0.0000,-0.0149,-0.0000,-0.0000,-0.0000,-0.0000,0.0000,-0.0131,-0.0000,-0.0000,40.7,40.7,40.7,40.7,40.7,40.7,40.7,40.7,0.00,0.00,0.00,0.00
8.312,HOVER,0.0000,-0.0000,0.5029,0.0000,0.0000,0.5000,0.0029,-0.0000,0.0000,-0.0000,0.5025,-0.0000,0.0000,-0.0149,-0.0000,-0.0000,-0.0000,-0.0000,0.0000,-0.0130,-0.0000,-0.0000,40.7,40.7,40.7,40.7,40.7,40.7,40.7,40.7,0.00,0.00,0.00,0.00
8.320,HOVER,0.0000,-0.0000,0.5028,0.0000,0.0000,0.5000,0.0028,-0.0000,0.0000,-0.0000,0.5025,-0.0000,0.0000,-0.0149,-0.0000,-0.0000,-0.0000,-0.0000,0.0000,-0.0130,-0.0000,-0.0000,40.7,40.7,40.7,40.7,40.7,40.7,40.7,40.7,0.00,0.00,0.00,0.00
8.328,HOVER,0.0000,-0.0000,0.5028,0.0000,0.0000,0.5000,0.0028,-0.0000,0.0000,-0.0000,0.5025,-0.0000,0.0000,-0.0149,-0.0000,-0.0000,-0.0000,-0.0000,0.0000,-0.0130,-0.0000,-0.0000,40.7,40.7,40.7,40.7,40.7,40.7,40.7,40.7,0.00,0.00,0.00,0.00
8.336,HOVER,0.0000,-0.0000,0.5028,0.0000,0.0000,0.5000,0.0028,-0.0000,0.0000,-0.0000,0.5025,-0.0000,0.0000,-0.0149,-0.0000,-0.0000,-0.0000,-0.0000,0.0000,-0.0129,-0.0000,-0.0000,40.7,40.7,40.7,40.7,40.7,40.7,40.7,40.7,0.00,0.00,0.00,0.00
8.344,HOVER,0.0000,-0.0000,0.5028,0.0000,0.0000,0.5000,0.0028,-0.0000,0.0000,-0.0000,0.5025,-0.0000,0.0000,-0.0148,-0.0000,-0.0000,-0.0000,-0.0000,0.0000,-0.0129,-0.0000,-0.0000,40.7,40.7,40.7,40.7,40.7,40.7,40.7,40.7,0.00,0.00,0.00,0.00
8.352,HOVER,0.0000,-0.0000,0.5028,0.0000,0.0000,0.5000,0.0028,-0.0000,0.0000,-0.0000,0.5025,-0.0000,0.0000,-0.0148,-0.0000,-0.0000,-0.0000,-0.0000,0.0000,-0.0128,-0.0000,-0.0000,40.7,40.7,40.7,40.7,40.7,40.7,40.7,40.7,0.00,0.00,0.00,0.00
8.360,HOVER,0.0000,-0.0000,0.5028,0.0000,0.0000,0.5000,0.0028,-0.0000,0.0000,-0.0000,0.5025,-0.0000,0.0000,-0.0148,-0.0000,-0.0000,-0.0000,-0.0000,0.0000,-0.0128,-0.0000,-0.0000,40.7,40.7,40.7,40.7,40.7,40.7,40.7,40.7,0.00,0.00,0.00,0.00
8.368,HOVER,0.0000,-0.0000,0.5028,0.0000,0.0000,0.5000,0.0028,-0.0000,0.0000,-0.0000,0.5025,-0.0000,0.0000,-0.0148,-0.0000,-0.0000,-0.0000,-0.0000,0.0000,-0.0128,-0.0000,-0.0000,40.7,40.7,40.7,40.7,40.7,40.7,40.7,40.7,0.00,0.00,0.00,0.00
8.376,HOVER,0.0000,-0.0000,0.5028,0.0000,0.0000,0.5000,0.0028,-0.0000,0.0000,-0.0000,0.5025,-0.0000,0.0000,-0.0147,-0.0000,-0.0000,-0.0000,-0.0000,0.0000,-0.0127,-0.0000,-0.0000,40.7,40.7,40.7,40.7,40.7,40.7,40.7,40.7,0.00,0.00,0.00,0.00
8.384,HOVER,0.0000,-0.0000,0.5028,0.0000,0.0000,0.5000,0.0028,-0.0000,0.0000,-0.0000,0.5025,-0.0000,0.0000,-0.0147,-0.0000,-0.0000,-0.0000,-0.0000,0.0000,-0.0127,-0.0000,-0.0000,40.7,40.7,40.7,40.7,40.7,40.7,40.7,40.7,0.00,0.00,0.00,0.00
8.392,HOVER,0.0000,-0.0000,0.5028,0.0000,0.0000,0.5000,0.0028,-0.0000,0.0000,-0.0000,0.5025,-0.0000,0.0000,-0.0147,-0.0000,-0.0000,-0.0000,-0.0000,0.0000,-0.0127,-0.0000,-0.0000,40.7,40.7,40.7,40.7,40.7,40.7,40.7,40.7,0.00,0.00,0.00,0.00
8.400,HOVER,0.0000,-0.0000,0.5028,0.0000,0.0000,0.5000,0.0028,-0.0000,0.0000,-0.0000,0.5025,-0.0000,0.0000,-0.0147,-0.0000,-0.0000,-0.0000,-0.0000,0.0000,-0.0126,-0.0000,-0.0000,40.7,40.7,40.7,40.7,40.7,40.7,40.7,40.7,0.00,0.00,0.00,0.00
8.408,HOVER,0.0000,-0.0000,0.5028,0.0000,0.0000,0.5000,0.0028,-0.0000,0.0000,-0.0000,0.5025,-0.0000,0.0000,-0.0146,-0.0000,-0.0000,-0.0000,-0.0000,0.0000,-0.0126,-0.0000,-0.0000,40.7,40.7,40.7,40.7,40.7,40.7,40.7,40.7,0.00,0.00,0.00,0.00
8.416,HOVER,0.0000,-0.0000,0.5028,0.0000,0.0000,0.5000,0.0028,-0.0000,0.0000,-0.0000,0.5025,-0.0000,0.0000,-0.0146,-0.0000,-0.0000,-0.0000,-0.0000,0.0000,-0.0125,-0.0000,-0.0000,40.7,40.7,40.7,40.7,40.7,40.7,40.7,40.7,0.00,0.00,0.00,0.00
8.424,HOVER,0.0000,-0.0000,0.5028,0.0000,0.0000,0.5000,0.0028,-0.0000,0.0000,-0.0000,0.5025,-0.0000,0.0000,-0.0146,-0.0000,-0.0000,-0.0000,-0.0000,0.0000,-0.0125,-0.0000,-0.0000,40.7,40.7,40.7,40.7,40.7,40.7,40.7,40.7,0.00,0.00,0.00,0.00
8.432,HOVER,0.0000,-0.0000,0.5028,0.0000,0.0000,0.5000,0.0028,-0.0000,0.0000,-0.0000,0.5025,-0.0000,0.0000,-0.0146,-0.0000,-0.0000,-0.0000,-0.0000,0.0000,-0.0125,-0.0000,-0.0000,40.7,40.7,40.7,40.7,40.7,40.7,40.7,40.7,0.00,0.00,0.00,0.00
8.440,HOVER,0.0000,-0.0000,0.5028,0.0000,0.0000,0.5000,0.0028,-0.0000,0.0000,-0.0000,0.5025,-0.0000,0.0000,-0.0146,-0.0000,-0.0000,-0.0000,-0.0000,0.0000,-0.0124,-0.0000,-0.0000,40.7,40.7,40.7,40.7,40.7,40.7,40.7,40.7,0.00,0.00,0.00,0.00
8.448,HOVER,0.0000,-0.0000,0.5028,0.0000,0.0000,0.5000,0.0028,-0.0000,0.0000,-0.0000,0.5025,-0.0000,0.0000,-0.0145,-0.0000,-0.0000,-0.0000,-0.0000,0.0000,-0.0124,-0.0000,-0.0000,40.7,40.7,40.7,40.7,40.7,40.7,40.7,40.7,0.00,0.00,0.00,0.00
8.456,HOVER,0.0000,-0.0000,0.5028,0.0000,0.0000,0.5000,0.0028,-0.0000,0.0000,-0.0000,0.5025,-0.0000,0.0000,-0.0145,-0.0000,-0.0000,-0.0000,-0.0000,0.0000,-0.0124,-0.0000,-0.0000,40.7,40.7,40.7,40.7,40.7,40.7,40.7,40.7,0.00,0.00,0.00,0.00
8.464,HOVER,0.0000,-0.0000,0.5028,0.0000,0.0000,0.5000,0.0028,-0.0000,0.0000,-0.0000,0.5025,-0.0000,0.0000,-0.0145,-0.0000,-0.0000,-0.0000,-0.0000,0.0000,-0.0123,-0.0000,-0.0000,40.7,40.7,40.7,40.7,40.7,40.7,40.7,40.7,0.00,0.00,0.00,0.00
8.472,HOVER,0.0000,-0.0000,0.5028,0.0000,0.0000,0.5000,0.0028,-0.0000,0.0000,-0.0000,0.5025,-0.0000,0.0000,-0.0145,-0.0000,-0.0000,-0.0000,-0.0000,0.0000,-0.0123,-0.0000,-0.0000,40.7,40.7,40.7,40.7,40.7,40.7,40.7,40.7,0.00,0.00,0.00,0.00
8.480,HOVER,0.0000,-0.0000,0.5028,0.0000,0.0000,0.5000,0.0028,-0.0000,0.0000,-0.0000,0.5025,-0.0000,0.0000,-0.0144,-0.0000,-0.0000,-0.0000,-0.0000,0.0000,-0.0122,-0.0000,-0.0000,40.7,40.7,40.7,40.7,40.7,40.7,40.7,40.7,0.00,0.00,0.00,0.00
8.488,HOVER,0.0000,-0.0000,0.5028,0.0000,0.0000,0.5000,0.0028,-0.0000,0.0000,-0.0000,0.5025,-0.0000,0.0000,-0.0144,-0.0000,-0.0000,-0.0000,-0.0000,0.0000,-0.0122,-0.0000,-0.0000,40.7,40.7,40.7,40.7,40.7,40.7,40.7,40.7,0.00,0.00,0.00,0.00
8.496,HOVER,0.0000,-0.0000,0.5028,0.0000,0.0000,0.5000,0.0028,-0.0000,0.0000,-0.0000,0.5025,-0.0000,0.0000,-0.0144,-0.0000,-0.0000,-0.0000,-0.0000,0.0000,-0.0122,-0.0000,-0.0000,40.7,40.7,40.7,40.7,40.7,40.7,40.7,40.7,0.00,0.00,0.00,0.00
8.504,HOVER,0.0000,-0.0000,0.5028,0.0000,0.0000,0.5000,0.0028,-0.0000,0.0000,-0.0000,0.5025,-0.0000,0.0000,-0.0144,-0.0000,-0.0000,-0.0000,-0.0000,0.0000,-0.0121,-0.0000,-0.0000,40.7,40.7,40.7,40.7,40.7,40.7,40.7,40.7,0.00,0.00,0.00,0.00
8.512,HOVER,0.0000,-0.0000,0.5028,0.0000,0.0000,0.5000,0.0028,-0.0000,0.0000,-0.0000,0.5025,-0.0000,0.0000,-0.0143,-0.0000,-0.0000,-0.0000,-0.0000,0.0000,-0.0121,-0.0000,-0.0000,40.7,40.7,40.7,40.7,40.7,40.7,40.7,40.7,0.00,0.00,0.00,0.00
8.520,HOVER,0.0000,-0.0000,0.5028,0.0000,0.0000,0.5000,0.0028,-0.0000,0.0000,-0.0000,0.5025,-0.0000,0.0000,-0.0143,-0.0000,-0.0000,-0.0000,-0.0000,0.0000,-0.0121,-0.0000,-0.0000,40.7,40.7,40.7,40.7,40.7,40.7,40.7,40.7,0.00,0.00,0.00,0.00
8.528,HOVER,0.0000,-0.0000,0.5028,0.0000,0.0000,0.5000,0.0028,-0.0000,0.0000,-0.0000,0.5025,-0.0000,0.0000,-0.0143,-0.0000,-0.0000,-0.0000,-0.0000,0.0000,-0.0120,-0.0000,-0.0000,40.7,40.7,40.7,40.7,40.7,40.7,40.7,40.7,0.00,0.00,0.00,0.00
8.536,HOVER,0.0000,-0.0000,0.5028,0.0000,0.0000,0.5000,0.0028,-0.0000,0.0000,-0.0000,0.5025,-0.0000,0.0000,-0.0143,-0.0000,-0.0000,-0.0000,-0.0000,0.0000,-0.0120,-0.0000,-0.0000,40.7,40.7,40.7,40.7,40.7,40.7,40.7,40.7,0.00,0.00,0.00,0.00
8.544,HOVER,0.0000,-0.0000,0.5028,0.0000,0.0000,0.5000,0.0028,-0.0000,0.0000,-0.0000,0.5025,-0.0000,0.0000,-0.0142,-0.0000,-0.0000,-0.0000,-0.0000,0.0000,-0.0120,-0.0000,-0.0000,40.7,40.7,40.7,40.7,40.7,40.7,40.7,40.7,0.00,0.00,0.00,0.00
8.552,HOVER,0.0000,-0.0000,0.5028,0.0000,0.0000,0.5000,0.0028,-0.0000,0.0000,-0.0000,0.5025,-0.0000,0.0000,-0.0142,-0.0000,-0.0000,-0.0000,-0.0000,0.0000,-0.0119,-0.0000,-0.0000,40.7,40.7,40.7,40.7,40.7,40.7,40.7,40.7,0.00,0.00,0.00,0.00
8.560,HOVER,0.0000,-0.0000,0.5028,0.0000,0.0000,0.5000,0.0028,-0.0000,0.0000,-0.0000,0.5025,-0.0000,0.0000,-0.0142,-0.0000,-0.0000,-0.0000,-0.0000,0.0000,-0.0119,-0.0000,-0.0000,40.7,40.7,40.7,40.7,40.7,40.7,40.7,40.7,0.00,0.00,0.00,0.00
8.568,HOVER,0.0000,-0.0000,0.5028,0.0000,0.0000,0.5000,0.0028,-0.0000,0.0000,-0.0000,0.5025,-0.0000,0.0000,-0.0142,-0.0000,-0.0000,-0.0000,-0.0000,0.0000,-0.0118,-0.0000,-0.0000,40.7,40.7,40.7,40.7,40.7,40.7,40.7,40.7,0.00,0.00,0.00,0.00
8.576,HOVER,0.0000,-0.0000,0.5028,0.0000,0.0000,0.5000,0.0028,-0.0000,0.0000,-0.0000,0.5025,-0.0000,0.0000,-0.0141,-0.0000,-0.0000,-0.0000,-0.0000,0.0000,-0.0118,-0.0000,-0.0000,40.7,40.7,40.7,40.7,40.7,40.7,40.7,40.7,0.00,0.00,0.00,0.00
8.584,HOVER,0.0000,-0.0000,0.5028,0.0000,0.0000,0.5000,0.0028,-0.0000,0.0000,-0.0000,0.5025,-0.0000,0.0000,-0.0141,-0.0000,-0.0000,-0.0000,-0.0000,0.0000,-0.0118,-0.0000,-0.0000,40.7,40.7,40.7,40.7,40.7,40.7,40.7,40.7,0.00,0.00,0.00,0.00
8.592,HOVER,0.0000,-0.0000,0.5028,0.0000,0.0000,0.5000,0.0028,-0.0000,0.0000,-0.0000,0.5025,-0.0000,0.0000,-0.0141,-0.0000,-0.0000,-0.0000,-0.0000,0.0000,-0.0117,-0.0000,-0.0000,40.7,40.7,40.7,40.7,40.7,40.7,40.7,40.7,0.00,0.00,0.00,0.00
8.600,HOVER,0.0000,-0.0000,0.5028,0.0000,0.0000,0.5000,0.0028,-0.0000,0.0000,-0.0000,0.5025,-0.0000,0.0000,-0.0141,-0.0000,-0.0000,-0.0000,-0.0000,0.0000,-0.0117,-0.0000,-0.0000,40.7,40.7,40.7,40.7,40.7,40.7,40.7,40.7,0.00,0.00,0.00,0.00
8.608,HOVER,0.0000,-0.0000,0.5028,0.0000,0.0000,0.5000,0.0028,-0.0000,0.0000,-0.0000,0.5025,-0.0000,0.0000,-0.0140,-0.0000,-0.0000,-0.0000,-0.0000,0.0000,-0.0117,-0.0000,-0.0000,40.7,40.7,40.7,40.7,40.7,40.7,40.7,40.7,0.00,0.00,0.00,0.00
8.616,HOVER,0.0000,-0.0000,0.5028,0.0000,0.0000,0.5000,0.0028,-0.0000,0.0000,-0.0000,0.5025,-0.0000,0.0000,-0.0140,-0.0000,-0.0000,-0.0000,-0.0000,0.0000,-0.0116,-0.0000,-0.0000,40.7,40.7,40.7,40.7,40.7,40.7,40.7,40.7,0.00,0.00,0.00,0.00
8.624,HOVER,0.0000,-0.0000,0.5028,0.0000,0.0000,0.5000,0.0028,-0.0000,0.0000,-0.0000,0.5025,-0.0000,0.0000,-0.0140,-0.0000,-0.0000,-0.0000,-0.0000,0.0000,-0.0116,-0.0000,-0.0000,40.7,40.7,40.7,40.7,40.7,40.7,40.7,40.7,0.00,0.00,0.00,0.00
8.632,HOVER,0.0000,-0.0000,0.5028,0.0000,0.0000,0.5000,0.0028,-0.0000,0.0000,-0.0000,0.5025,-0.0000,0.0000,-0.0140,-0.0000,-0.0000,-0.0000,-0.0000,0.0000,-0.0116,-0.0000,-0.0000,40.7,40.7,40.7,40.7,40.7,40.7,40.7,40.7,0.00,0.00,0.00,0.00
8.640,HOVER,0.0000,-0.0000,0.5028,0.0000,0.0000,0.5000,0.0028,-0.0000,0.0000,-0.0000,0.5024,-0.0000,0.0000,-0.0139,-0.0000,-0.0000,-0.0000,-0.0000,0.0000,-0.0115,-0.0000,-0.0000,40.7,40.7,40.7,40.7,40.7,40.7,40.7,40.7,0.00,0.00,0.00,0.00
8.648,HOVER,0.0000,-0.0000,0.5028,0.0000,0.0000,0.5000,0.0028,-0.0000,0.0000,-0.0000,0.5024,-0.0000,0.0000,-0.0139,-0.0000,-0.0000,-0.0000,-0.0000,0.0000,-0.0115,-0.0000,-0.0000,40.7,40.7,40.7,40.7,40.7,40.7,40.7,40.7,0.00,0.00,0.00,0.00
8.656,HOVER,0.0000,-0.0000,0.5028,0.0000,0.0000,0.5000,0.0028,-0.0000,0.0000,-0.0000,0.5024,-0.0000,0.0000,-0.0139,-0.0000,-0.0000,-0.0000,-0.0000,0.0000,-0.0115,-0.0000,-0.0000,40.7,40.7,40.7,40.7,40.7,40.7,40.7,40.7,0.00,0.00,0.00,0.00
8.664,HOVER,0.0000,-0.0000,0.5028,0.0000,0.0000,0.5000,0.0028,-0.0000,0.0000,-0.0000,0.5024,-0.0000,0.0000,-0.0139,-0.0000,-0.0000,-0.0000,-0.0000,0.0000,-0.0114,-0.0000,-0.0000,40.7,40.7,40.7,40.7,40.7,40.7,40.7,40.7,0.00,0.00,0.00,0.00
8.672,HOVER,0.0000,-0.0000,0.5028,0.0000,0.0000,0.5000,0.0028,-0.0000,0.0000,-0.0000,0.5024,-0.0000,0.0000,-0.0138,-0.0000,-0.0000,-0.0000,-0.0000,0.0000,-0.0114,-0.0000,-0.0000,40.7,40.7,40.7,40.7,40.7,40.7,40.7,40.7,0.00,0.00,0.00,0.00
8.680,HOVER,0.0000,-0.0000,0.5028,0.0000,0.0000,0.5000,0.0028,-0.0000,0.0000,-0.0000,0.5024,-0.0000,0.0000,-0.0138,-0.0000,-0.0000,-0.0000,-0.0000,0.0000,-0.0113,-0.0000,-0.0000,40.7,40.7,40.7,40.7,40.7,40.7,40.7,40.7,0.00,0.00,0.00,0.00
8.688,HOVER,0.0000,-0.0000,0.5028,0.0000,0.0000,0.5000,0.0028,-0.0000,0.0000,-0.0000,0.5024,-0.0000,0.0000,-0.0138,-0.0000,-0.0000,-0.0000,-0.0000,0.0000,-0.0113,-0.0000,-0.0000,40.7,40.7,40.7,40.7,40.7,40.7,40.7,40.7,0.00,0.00,0.00,0.00
8.696,HOVER,0.0000,-0.0000,0.5028,0.0000,0.0000,0.5000,0.0028,-0.0000,0.0000,-0.0000,0.5024,-0.0000,0.0000,-0.0138,-0.0000,-0.0000,-0.0000,-0.0000,0.0000,-0.0113,-0.0000,-0.0000,40.7,40.7,40.7,40.7,40.7,40.7,40.7,40.7,0.00,0.00,0.00,0.00
8.704,HOVER,0.0000,-0.0000,0.5028,0.0000,0.0000,0.5000,0.0028,-0.0000,0.0000,-0.0000,0.5024,-0.0000,0.0000,-0.0137,-0.0000,-0.0000,-0.0000,-0.0000,0.0000,-0.0112,-0.0000,-0.0000,40.7,40.7,40.7,40.7,40.7,40.7,40.7,40.7,0.00,0.00,0.00,0.00
8.712,HOVER,0.0000,-0.0000,0.5028,0.0000,0.0000,0.5000,0.0028,-0.0000,0.0000,-0.0000,0.5024,-0.0000,0.0000,-0.0137,-0.0000,-0.0000,-0.0000,-0.0000,0.0000,-0.0112,-0.0000,-0.0000,40.7,40.7,40.7,40.7,40.7,40.7,40.7,40.7,0.00,0.00,0.00,0.00
8.720,HOVER,0.0000,-0.0000,0.5028,0.0000,0.0000,0.5000,0.0028,-0.0000,0.0000,-0.0000,0.5024,-0.0000,0.0000,-0.0137,-0.0000,-0.0000,-0.0000,-0.0000,0.0000,-0.0112,-0.0000,-0.0000,40.7,40.7,40.7,40.7,40.7,40.7,40.7,40.7,0.00,0.00,0.00,0.00
8.728,HOVER,0.0000,-0.0000,0.5028,0.0000,0.0000,0.5000,0.0028,-0.0000,0.0000,-0.0000,0.5024,-0.0000,0.0000,-0.0136,-0.0000,-0.0000,-0.0000,-0.0000,0.0000,-0.0111,-0.0000,-0.0000,40.7,40.7,40.7,40.7,40.7,40.7,40.7,40.7,0.00,0.00,0.00,0.00
8.736,HOVER,0.0000,-0.0000,0.5028,0.0000,0.0000,0.5000,0.0028,-0.0000,0.0000,-0.0000,0.5024,-0.0000,0.0000,-0.0136,-0.0000,-0.0000,-0.0000,-0.0000,0.0000,-0.0111,-0.0000,-0.0000,40.7,40.7,40.7,40.7,40.7,40.7,40.7,40.7,0.00,0.00,0.00,0.00
8.744,HOVER,0.0000,-0.0000,0.5028,0.0000,0.0000,0.5000,0.0028,-0.0000,0.0000,-0.0000,0.5024,-0.0000,0.0000,-0.0136,-0.0000,-0.0000,-0.0000,-0.0000,0.0000,-0.0111,-0.0000,-0.0000,40.7,40.7,40.7,40.7,40.7,40.7,40.7,40.7,0.00,0.00,0.00,0.00
8.752,HOVER,0.0000,-0.0000,0.5028,0.0000,0.0000,0.5000,0.0028,-0.0000,0.0000,-0.0000,0.5024,-0.0000,0.0000,-0.0136,-0.0000,-0.0000,-0.0000,-0.0000,0.0000,-0.0110,-0.0000,-0.0000,40.7,40.7,40.7,40.7,40.7,40.7,40.7,40.7,0.00,0.00,0.00,0.00
8.760,HOVER,0.0000,-0.0000,0.5028,0.0000,0.0000,0.5000,0.0028,-0.0000,0.0000,-0.0000,0.5024,-0.0000,0.0000,-0.0135,-0.0000,-0.0000,-0.0000,-0.0000,0.0000,-0.0110,-0.0000,-0.0000,40.7,40.7,40.7,40.7,40.7,40.7,40.7,40.7,0.00,0.00,0.00,0.00
8.768,HOVER,0.0000,-0.0000,0.5028,0.0000,0.0000,0.5000,0.0028,-0.0000,0.0000,-0.0000,0.5024,-0.0000,0.0000,-0.0135,-0.0000,-0.0000,-0.0000,-0.0000,0.0000,-0.0110,-0.0000,-0.0000,40.7,40.7,40.7,40.7,40.7,40.7,40.7,40.7,0.00,0.00,0.00,0.00
8.776,HOVER,0.0000,-0.0000,0.5028,0.0000,0.0000,0.5000,0.0028,-0.0000,0.0000,-0.0000,0.5024,-0.0000,0.0000,-0.0135,-0.0000,-0.0000,-0.0000,-0.0000,0.0000,-0.0109,-0.0000,-0.0000,40.7,40.7,40.7,40.7,40.7,40.7,40.7,40.7,0.00,0.00,0.00,0.00
8.784,HOVER,0.0000,-0.0000,0.5028,0.0000,0.0000,0.5000,0.0028,-0.0000,0.0000,-0.0000,0.5024,-0.0000,0.0000,-0.0135,-0.0000,-0.0000,-0.0000,-0.0000,0.0000,-0.0109,-0.0000,-0.0000,40.7,40.7,40.7,40.7,40.7,40.7,40.7,40.7,0.00,0.00,0.00,0.00
8.792,HOVER,0.0000,-0.0000,0.5028,0.0000,0.0000,0.5000,0.0028,-0.0000,0.0000,-0.0000,0.5024,-0.0000,0.0000,-0.0134,-0.0000,-0.0000,-0.0000,-0.0000,0.0000,-0.0109,-0.0000,-0.0000,40.7,40.7,40.7,40.7,40.7,40.7,40.7,40.7,0.00,0.00,0.00,0.00
8.800,HOVER,0.0000,-0.0000,0.5028,0.0000,0.0000,0.5000,0.0028,-0.0000,0.0000,-0.0000,0.5024,-0.0000,0.0000,-0.0134,-0.0000,-0.0000,-0.0000,-0.0000,0.0000,-0.0108,-0.0000,-0.0000,40.7,40.7,40.7,40.7,40.7,40.7,40.7,40.7,0.00,0.00,0.00,0.00
8.808,HOVER,0.0000,-0.0000,0.5027,0.0000,0.0000,0.5000,0.0027,-0.0000,0.0000,-0.0000,0.5024,-0.0000,0.0000,-0.0134,-0.0000,-0.0000,-0.0000,-0.0000,0.0000,-0.0108,-0.0000,-0.0000,40.7,40.7,40.7,40.7,40.7,40.7,40.7,40.7,0.00,0.00,0.00,0.00
8.816,HOVER,0.0000,-0.0000,0.5027,0.0000,0.0000,0.5000,0.0027,-0.0000,0.0000,-0.0000,0.5024,-0.0000,0.0000,-0.0134,-0.0000,-0.0000,-0.0000,-0.0000,0.0000,-0.0108,-0.0000,-0.0000,40.7,40.7,40.7,40.7,40.7,40.7,40.7,40.7,0.00,0.00,0.00,0.00
8.824,HOVER,0.0000,-0.0000,0.5027,0.0000,0.0000,0.5000,0.0027,-0.0000,0.0000,-0.0000,0.5024,-0.0000,0.0000,-0.0133,-0.0000,-0.0000,-0.0000,-0.0000,0.0000,-0.0107,-0.0000,-0.0000,40.7,40.7,40.7,40.7,40.7,40.7,40.7,40.7,0.00,0.00,0.00,0.00
8.832,HOVER,0.0000,-0.0000,0.5027,0.0000,0.0000,0.5000,0.0027,-0.0000,0.0000,-0.0000,0.5024,-0.0000,0.0000,-0.0133,-0.0000,-0.0000,-0.0000,-0.0000,0.0000,-0.0107,-0.0000,-0.0000,40.7,40.7,40.7,40.7,40.7,40.7,40.7,40.7,0.00,0.00,0.00,0.00
8.840,HOVER,0.0000,-0.0000,0.5027,0.0000,0.0000,0.5000,0.0027,-0.0000,0.0000,-0.0000,0.5024,-0.0000,0.0000,-0.0133,-0.0000,-0.0000,-0.0000,-0.0000,0.0000,-0.0107,-0.0000,-0.0000,40.7,40.7,40.7,40.7,40.7,40.7,40.7,40.7,0.00,0.00,0.00,0.00
8.848,HOVER,0.0000,-0.0000,0.5027,0.0000,0.0000,0.5000,0.0027,-0.0000,0.0000,-0.0000,0.5024,-0.0000,0.0000,-0.0132,-0.0000,-0.0000,-0.0000,-0.0000,0.0000,-0.0106,-0.0000,-0.0000,40.7,40.7,40.7,40.7,40.7,40.7,40.7,40.7,0.00,0.00,0.00,0.00
8.856,HOVER,0.0000,-0.0000,0.5027,0.0000,0.0000,0.5000,0.0027,-0.0000,0.0000,-0.0000,0.5024,-0.0000,0.0000,-0.0132,-0.0000,-0.0000,-0.0000,-0.0000,0.0000,-0.0106,-0.0000,-0.0000,40.7,40.7,40.7,40.7,40.7,40.7,40.7,40.7,0.00,0.00,0.00,0.00
8.864,HOVER,0.0000,-0.0000,0.5027,0.0000,0.0000,0.5000,0.0027,-0.0000,0.0000,-0.0000,0.5024,-0.0000,0.0000,-0.0132,-0.0000,-0.0000,-0.0000,-0.0000,0.0000,-0.0106,-0.0000,-0.0000,40.7,40.7,40.7,40.7,40.7,40.7,40.7,40.7,0.00,0.00,0.00,0.00
8.872,HOVER,0.0000,-0.0000,0.5027,0.0000,0.0000,0.5000,0.0027,-0.0000,0.0000,-0.0000,0.5024,-0.0000,0.0000,-0.0132,-0.0000,-0.0000,-0.0000,-0.0000,0.0000,-0.0105,-0.0000,-0.0000,40.7,40.7,40.7,40.7,40.7,40.7,40.7,40.7,0.00,0.00,0.00,0.00
8.880,HOVER,0.0000,-0.0000,0.5027,0.0000,0.0000,0.5000,0.0027,-0.0000,0.0000,-0.0000,0.5024,-0.0000,0.0000,-0.0131,-0.0000,-0.0000,-0.0000,-0.0000,0.0000,-0.0105,-0.0000,-0.0000,40.7,40.7,40.7,40.7,40.7,40.7,40.7,40.7,0.00,0.00,0.00,0.00
8.888,HOVER,0.0000,-0.0000,0.5027,0.0000,0.0000,0.5000,0.0027,-0.0000,0.0000,-0.0000,0.5024,-0.0000,0.0000,-0.0131,-0.0000,-0.0000,-0.0000,-0.0000,0.0000,-0.0105,-0.0000,-0.0000,40.7,40.7,40.7,40.7,40.7,40.7,40.7,40.7,0.00,0.00,0.00,0.00
8.896,HOVER,0.0000,-0.0000,0.5027,0.0000,0.0000,0.5000,0.0027,-0.0000,0.0000,-0.0000,0.5024,-0.0000,0.0000,-0.0131,-0.0000,-0.0000,-0.0000,-0.0000,0.0000,-0.0104,-0.0000,-0.0000,40.7,40.7,40.7,40.7,40.7,40.7,40.7,40.7,0.00,0.00,0.00,0.00
8.904,HOVER,0.0000,-0.0000,0.5027,0.0000,0.0000,0.5000,0.0027,-0.0000,0.0000,-0.0000,0.5024,-0.0000,0.0000,-0.0131,-0.0000,-0.0000,-0.0000,-0.0000,0.0000,-0.0104,-0.0000,-0.0000,40.7,40.7,40.7,40.7,40.7,40.7,40.7,40.7,0.00,0.00,0.00,0.00
8.912,HOVER,0.0000,-0.0000,0.5027,0.0000,0.0000,0.5000,0.0027,-0.0000,0.0000,-0.0000,0.5024,-0.0000,0.0000,-0.0130,-0.0000,-0.0000,-0.0000,-0.0000,0.0000,-0.0104,-0.0000,-0.0000,40.7,40.7,40.7,40.7,40.7,40.7,40.7,40.7,0.00,0.00,0.00,0.00
8.920,HOVER,0.0000,-0.0000,0.5027,0.0000,0.0000,0.5000,0.0027,-0.0000,0.0000,-0.0000,0.5024,-0.0000,0.0000,-0.0130,-0.0000,-0.0000,-0.0000,-0.0000,0.0000,-0.0103,-0.0000,-0.0000,40.7,40.7,40.7,40.7,40.7,40.7,40.7,40.7,0.00,0.00,0.00,0.00
8.928,HOVER,0.0000,-0.0000,0.5027,0.0000,0.0000,0.5000,0.0027,-0.0000,0.0000,-0.0000,0.5024,-0.0000,0.0000,-0.0130,-0.0000,-0.0000,-0.0000,-0.0000,0.0000,-0.0103,-0.0000,-0.0000,40.7,40.7,40.7,40.7,40.7,40.7,40.7,40.7,0.00,0.00,0.00,0.00
8.936,HOVER,0.0000,-0.0000,0.5027,0.0000,0.0000,0.5000,0.0027,-0.0000,0.0000,-0.0000,0.5024,-0.0000,0.0000,-0.0129,-0.0000,-0.0000,-0.0000,-0.0000,0.0000,-0.0103,-0.0000,-0.0000,40.7,40.7,40.7,40.7,40.7,40.7,40.7,40.7,0.00,0.00,0.00,0.00
8.944,HOVER,0.0000,-0.0000,0.5027,0.0000,0.0000,0.5000,0.0027,-0.0000,0.0000,-0.0000,0.5024,-0.0000,0.0000,-0.0129,-0.0000,-0.0000,-0.0000,-0.0000,0.0000,-0.0102,-0.0000,-0.0000,40.7,40.7,40.7,40.7,40.7,40.7,40.7,40.7,0.00,0.00,0.00,0.00
8.952,HOVER,0.0000,-0.0000,0.5027,0.0000,0.0000,0.5000,0.0027,-0.0000,0.0000,-0.0000,0.5024,-0.0000,0.0000,-0.0129,-0.0000,-0.0000,-0.0000,-0.0000,0.0000,-0.0102,-0.0000,-0.0000,40.7,40.7,40.7,40.7,40.7,40.7,40.7,40.7,0.00,0.00,0.00,0.00
8.960,HOVER,0.0000,-0.0000,0.5027,0.0000,0.0000,0.5000,0.0027,-0.0000,0.0000,-0.0000,0.5024,-0.0000,0.0000,-0.0129,-0.0000,-0.0000,-0.0000,-0.0000,0.0000,-0.0102,-0.0000,-0.0000,40.7,40.7,40.7,40.7,40.7,40.7,40.7,40.7,0.00,0.00,0.00,0.00
8.968,HOVER,0.0000,-0.0000,0.5027,0.0000,0.0000,0.5000,0.0027,-0.0000,0.0000,-0.0000,0.5024,-0.0000,0.0000,-0.0128,-0.0000,-0.0000,-0.0000,-0.0000,0.0000,-0.0101,-0.0000,-0.0000,40.7,40.7,40.7,40.7,40.7,40.7,40.7,40.7,0.00,0.00,0.00,0.00
8.976,HOVER,0.0000,-0.0000,0.5027,0.0000,0.0000,0.5000,0.0027,-0.0000,0.0000,-0.0000,0.5024,-0.0000,0.0000,-0.0128,-0.0000,-0.0000,-0.0000,-0.0000,0.0000,-0.0101,-0.0000,-0.0000,40.7,40.7,40.7,40.7,40.7,40.7,40.7,40.7,0.00,0.00,0.00,0.00
8.984,HOVER,0.0000,-0.0000,0.5027,0.0000,0.0000,0.5000,0.0027,-0.0000,0.0000,-0.0000,0.5024,-0.0000,0.0000,-0.0128,-0.0000,-0.0000,-0.0000,-0.0000,0.0000,-0.0101,-0.0000,-0.0000,40.7,40.7,40.7,40.7,40.7,40.7,40.7,40.7,0.00,0.00,0.00,0.00
8.992,HOVER,0.0000,-0.0000,0.5027,0.0000,0.0000,0.5000,0.0027,-0.0000,0.0000,-0.0000,0.5024,-0.0000,0.0000,-0.0128,-0.0000,-0.0000,-0.0000,-0.0000,0.0000,-0.0100,-0.0000,-0.0000,40.7,40.7,40.7,40.7,40.7,40.7,40.7,40.7,0.00,0.00,0.00,0.00
9.000,HOVER,0.0000,-0.0000,0.5027,0.0000,0.0000,0.5000,0.0027,-0.0000,0.0000,-0.0000,0.5024,-0.0000,0.0000,-0.0127,-0.0000,-0.0000,-0.0000,-0.0000,0.0000,-0.0100,-0.0000,-0.0000,40.7,40.7,40.7,40.7,40.7,40.7,40.7,40.7,0.00,0.00,0.00,0.00
9.008,HOVER,0.0000,-0.0000,0.5027,0.0000,0.0000,0.5000,0.0027,-0.0000,0.0000,-0.0000,0.5024,-0.0000,0.0000,-0.0127,-0.0000,-0.0000,-0.0000,-0.0000,0.0000,-0.0100,-0.0000,-0.0000,40.7,40.7,40.7,40.7,40.7,40.7,40.7,40.7,0.00,0.00,0.00,0.00
9.016,HOVER,0.0000,-0.0000,0.5027,0.0000,0.0000,0.5000,0.0027,-0.0000,0.0000,-0.0000,0.5024,-0.0000,0.0000,-0.0127,-0.0000,-0.0000,-0.0000,-0.0000,0.0000,-0.0099,-0.0000,-0.0000,40.7,40.7,40.7,40.7,40.7,40.7,40.7,40.7,0.00,0.00,0.00,0.00
9.024,HOVER,0.0000,-0.0000,0.5027,0.0000,0.0000,0.5000,0.0027,-0.0000,0.0000,-0.0000,0.5024,-0.0000,0.0000,-0.0126,-0.0000,-0.0000,-0.0000,-0.0000,0.0000,-0.0099,-0.0000,-0.0000,40.7,40.7,40.7,40.7,40.7,40.7,40.7,40.7,0.00,0.00,0.00,0.00
9.032,HOVER,0.0000,-0.0000,0.5027,0.0000,0.0000,0.5000,0.0027,-0.0000,0.0000,-0.0000,0.5024,-0.0000,0.0000,-0.0126,-0.0000,-0.0000,-0.0000,-0.0000,0.0000,-0.0099,-0.0000,-0.0000,40.7,40.7,40.7,40.7,40.7,40.7,40.7,40.7,0.00,0.00,0.00,0.00
9.040,HOVER,0.0000,-0.0000,0.5027,0.0000,0.0000,0.5000,0.0027,-0.0000,0.0000,-0.0000,0.5024,-0.0000,0.0000,-0.0126,-0.0000,-0.0000,-0.0000,-0.0000,0.0000,-0.0098,-0.0000,-0.0000,40.7,40.7,40.7,40.7,40.7,40.7,40.7,40.7,0.00,0.00,0.00,0.00
9.048,HOVER,0.0000,-0.0000,0.5027,0.0000,0.0000,0.5000,0.0027,-0.0000,0.0000,-0.0000,0.5024,-0.0000,0.0000,-0.0126,-0.0000,-0.0000,-0.0000,-0.0000,0.0000,-0.0098,-0.0000,-0.0000,40.7,40.7,40.7,40.7,40.7,40.7,40.7,40.7,0.00,0.00,0.00,0.00
9.056,HOVER,0.0000,-0.0000,0.5027,0.0000,0.0000,0.5000,0.0027,-0.0000,0.0000,-0.0000,0.5024,-0.0000,0.0000,-0.0125,-0.0000,-0.0000,-0.0000,-0.0000,0.0000,-0.0098,-0.0000,-0.0000,40.7,40.7,40.7,40.7,40.7,40.7,40.7,40.7,0.00,0.00,0.00,0.00
9.064,HOVER,0.0000,-0.0000,0.5027,0.0000,0.0000,0.5000,0.0027,-0.0000,0.0000,-0.0000,0.5024,-0.0000,0.0000,-0.0125,-0.0000,-0.0000,-0.0000,-0.0000,0.0000,-0.0097,-0.0000,-0.0000,40.7,40.7,40.7,40.7,40.7,40.7,40.7,40.7,0.00,0.00,0.00,0.00
9.072,HOVER,0.0000,-0.0000,0.5027,0.0000,0.0000,0.5000,0.0027,-0.0000,0.0000,-0.0000,0.5024,-0.0000,0.0000,-0.0125,-0.0000,-0.0000,-0.0000,-0.0000,0.0000,-0.0097,-0.0000,-0.0000,40.7,40.7,40.7,40.7,40.7,40.7,40.7,40.7,0.00,0.00,0.00,0.00
9.080,HOVER,0.0000,-0.0000,0.5027,0.0000,0.0000,0.5000,0.0027,-0.0000,0.0000,-0.0000,0.5024,-0.0000,0.0000,-0.0124,-0.0000,-0.0000,-0.0000,-0.0000,0.0000,-0.0097,-0.0000,-0.0000,40.7,40.7,40.7,40.7,40.7,40.7,40.7,40.7,0.00,0.00,0.00,0.00
9.088,HOVER,0.0000,-0.0000,0.5027,0.0000,0.0000,0.5000,0.0027,-0.0000,0.0000,-0.0000,0.5024,-0.0000,0.0000,-0.0124,-0.0000,-0.0000,-0.0000,-0.0000,0.0000,-0.0096,-0.0000,-0.0000,40.7,40.7,40.7,40.7,40.7,40.7,40.7,40.7,0.00,0.00,0.00,0.00
9.096,HOVER,0.0000,-0.0000,0.5027,0.0000,0.0000,0.5000,0.0027,-0.0000,0.0000,-0.0000,0.5024,-0.0000,0.0000,-0.0124,-0.0000,-0.0000,-0.0000,-0.0000,0.0000,-0.0096,-0.0000,-0.0000,40.7,40.7,40.7,40.7,40.7,40.7,40.7,40.7,0.00,0.00,0.00,0.00
9.104,HOVER,0.0000,-0.0000,0.5027,0.0000,0.0000,0.5000,0.0027,-0.0000,0.0000,-0.0000,0.5024,-0.0000,0.0000,-0.0124,-0.0000,-0.0000,-0.0000,-0.0000,0.0000,-0.0096,-0.0000,-0.0000,40.7,40.7,40.7,40.7,40.7,40.7,40.7,40.7,0.00,0.00,0.00,0.00
9.112,HOVER,0.0000,-0.0000,0.5027,0.0000,0.0000,0.5000,0.0027,-0.0000,0.0000,-0.0000,0.5024,-0.0000,0.0000,-0.0123,-0.0000,-0.0000,-0.0000,-0.0000,0.0000,-0.0095,-0.0000,-0.0000,40.7,40.7,40.7,40.7,40.7,40.7,40.7,40.7,0.00,0.00,0.00,0.00
9.120,HOVER,0.0000,-0.0000,0.5027,0.0000,0.0000,0.5000,0.0027,-0.0000,0.0000,-0.0000,0.5024,-0.0000,0.0000,-0.0123,-0.0000,-0.0000,-0.0000,-0.0000,0.0000,-0.0095,-0.0000,-0.0000,40.7,40.7,40.7,40.7,40.7,40.7,40.7,40.7,0.00,0.00,0.00,0.00
9.128,HOVER,0.0000,-0.0000,0.5027,0.0000,0.0000,0.5000,0.0027,-0.0000,0.0000,-0.0000,0.5024,-0.0000,0.0000,-0.0123,-0.0000,-0.0000,-0.0000,-0.0000,0.0000,-0.0095,-0.0000,-0.0000,40.7,40.7,40.7,40.7,40.7,40.7,40.7,40.7,0.00,0.00,0.00,0.00
9.136,HOVER,0.0000,-0.0000,0.5027,0.0000,0.0000,0.5000,0.0027,-0.0000,0.0000,-0.0000,0.5024,-0.0000,0.0000,-0.0123,-0.0000,-0.0000,-0.0000,-0.0000,0.0000,-0.0095,-0.0000,-0.0000,40.7,40.7,40.7,40.7,40.7,40.7,40.7,40.7,0.00,0.00,0.00,0.00
9.144,HOVER,0.0000,-0.0000,0.5027,0.0000,0.0000,0.5000,0.0027,-0.0000,0.0000,-0.0000,0.5024,-0.0000,0.0000,-0.0122,-0.0000,-0.0000,-0.0000,-0.0000,0.0000,-0.0094,-0.0000,-0.0000,40.7,40.7,40.7,40.7,40.7,40.7,40.7,40.7,0.00,0.00,0.00,0.00
9.152,HOVER,0.0000,-0.0000,0.5027,0.0000,0.0000,0.5000,0.0027,-0.0000,0.0000,-0.0000,0.5024,-0.0000,0.0000,-0.0122,-0.0000,-0.0000,-0.0000,-0.0000,0.0000,-0.0094,-0.0000,-0.0000,40.7,40.7,40.7,40.7,40.7,40.7,40.7,40.7,0.00,0.00,0.00,0.00
9.160,HOVER,0.0000,-0.0000,0.5027,0.0000,0.0000,0.5000,0.0027,-0.0000,0.0000,-0.0000,0.5024,-0.0000,0.0000,-0.0122,-0.0000,-0.0000,-0.0000,-0.0000,0.0000,-0.0094,-0.0000,-0.0000,40.7,40.7,40.7,40.7,40.7,40.7,40.7,40.7,0.00,0.00,0.00,0.00
9.168,HOVER,0.0000,-0.0000,0.5027,0.0000,0.0000,0.5000,0.0027,-0.0000,0.0000,-0.0000,0.5024,-0.0000,0.0000,-0.0121,-0.0000,-0.0000,-0.0000,-0.0000,0.0000,-0.0093,-0.0000,-0.0000,40.7,40.7,40.7,40.7,40.7,40.7,40.7,40.7,0.00,0.00,0.00,0.00
9.176,HOVER,0.0000,-0.0000,0.5027,0.0000,0.0000,0.5000,0.0027,-0.0000,0.0000,-0.0000,0.5024,-0.0000,0.0000,-0.0121,-0.0000,-0.0000,-0.0000,-0.0000,0.0000,-0.0093,-0.0000,-0.0000,40.7,40.7,40.7,40.7,40.7,40.7,40.7,40.7,0.00,0.00,0.00,0.00
9.184,HOVER,0.0000,-0.0000,0.5027,0.0000,0.0000,0.5000,0.0027,-0.0000,0.0000,-0.0000,0.5024,-0.0000,0.0000,-0.0121,-0.0000,-0.0000,-0.0000,-0.0000,0.0000,-0.0093,-0.0000,-0.0000,40.7,40.7,40.7,40.7,40.7,40.7,40.7,40.7,0.00,0.00,0.00,0.00
