t	x	y	z	roll	pitch	yaw	g_x	g_y	g_z	thrust	eso_x	eso_y	eso_z	dist_x	dist_y	dist_z
0.016	-0.198	0.138	0.000	0.16	1.85	-1.93	0.06	-0.10	-0.04	0	-0.198	0.138	0.000	-0.000	-0.000	0.000
0.032	-0.197	0.137	0.000	0.21	1.81	-1.93	-0.13	0.20	-0.08	0	-0.198	0.138	-0.001	0.000	-0.000	0.000
0.040	-0.197	0.137	0.000	0.21	1.80	-1.93	0.13	-0.27	-0.09	0	-0.198	0.138	-0.002	0.000	-0.000	0.001
0.051	-0.198	0.138	0.000	0.15	1.84	-1.93	0.25	0.16	-0.02	0	-0.198	0.138	-0.004	0.000	-0.000	0.001
0.060	-0.199	0.139	0.000	0.13	1.88	-1.93	0.13	0.08	0.09	0	-0.198	0.138	-0.007	0.000	-0.000	0.002
0.073	-0.197	0.137	0.000	0.19	1.79	-1.93	0.06	-0.06	-0.00	0	-0.198	0.138	-0.009	0.000	-0.000	0.004
0.082	-0.199	0.142	0.000	-0.01	1.85	-1.96	0.06	-0.16	-0.06	0	-0.198	0.139	-0.013	-0.000	0.000	0.006
0.092	-0.198	0.144	0.000	-0.06	1.82	-1.97	0.07	-0.01	-0.03	0	-0.198	0.139	-0.016	-0.000	0.001	0.009
0.098	-0.198	0.141	0.000	0.04	1.84	-1.94	0.13	0.08	0.13	0	-0.198	0.139	-0.020	-0.000	0.001	0.012
0.110	-0.199	0.141	0.000	0.04	1.84	-1.94	0.12	-0.21	-0.17	0	-0.198	0.140	-0.023	-0.000	0.001	0.016
0.121	-0.199	0.143	0.000	-0.01	1.84	-1.95	0.04	-0.14	0.02	0	-0.198	0.140	-0.027	-0.000	0.001	0.021
0.129	-0.197	0.138	0.000	0.15	1.78	-1.91	0.20	-0.04	0.11	0	-0.198	0.140	-0.031	-0.000	0.001	0.027
0.138	-0.197	0.139	0.000	0.14	1.76	-1.92	0.14	-0.28	-0.19	0	-0.198	0.140	-0.035	-0.000	0.001	0.033
0.147	-0.198	0.138	0.000	0.15	1.79	-1.91	0.11	-0.14	-0.06	0	-0.198	0.140	-0.039	-0.000	0.001	0.039
0.158	-0.198	0.139	0.000	0.11	1.83	-1.92	0.25	-0.04	0.10	0	-0.198	0.140	-0.043	-0.000	0.001	0.047
0.174	-0.199	0.139	0.000	0.11	1.83	-1.92	0.37	0.11	-0.15	0	-0.198	0.140	-0.048	-0.000	0.001	0.055
0.179	-0.198	0.139	0.000	0.13	1.81	-1.91	0.16	-0.14	0.27	0	-0.198	0.139	-0.052	-0.000	0.001	0.064
0.190	-0.197	0.139	0.000	0.12	1.76	-1.91	0.18	0.16	-0.07	0	-0.198	0.139	-0.056	-0.000	0.001	0.073
0.201	-0.197	0.138	0.000	0.14	1.73	-1.90	0.27	0.08	0.03	0	-0.198	0.139	-0.060	-0.000	0.001	0.083
0.208	-0.199	0.137	0.000	0.18	1.86	-1.88	0.26	0.02	0.12	0	-0.198	0.139	-0.064	-0.000	0.000	0.094
0.221	-0.198	0.139	0.000	0.11	1.77	-1.91	0.06	0.03	0.01	0	-0.198	0.139	-0.068	-0.000	0.000	0.106
0.229	-0.197	0.139	0.000	0.11	1.77	-1.91	0.04	-0.05	-0.05	0	-0.198	0.139	-0.072	-0.000	0.000	0.118
0.241	-0.197	0.139	0.000	0.12	1.73	-1.90	0.07	-0.12	-0.06	0	-0.198	0.139	-0.076	0.000	0.000	0.131
0.250	-0.197	0.139	0.000	0.12	1.73	-1.90	0.05	-0.18	-0.04	0	-0.198	0.139	-0.080	0.000	0.000	0.145
0.258	-0.196	0.138	0.000	0.14	1.73	-1.89	0.20	-0.04	0.09	0	-0.197	0.139	-0.083	0.000	0.000	0.159
0.273	-0.199	0.139	0.000	0.10	1.82	-1.90	0.22	0.14	-0.04	0	-0.198	0.139	-0.087	0.000	0.000	0.174
0.280	-0.199	0.139	0.000	0.11	1.81	-1.90	0.05	-0.01	0.20	0	-0.198	0.139	-0.091	0.000	0.000	0.189
0.291	-0.198	0.139	0.000	0.09	1.78	-1.90	0.18	0.04	-0.08	0	-0.198	0.139	-0.095	0.000	0.000	0.206
0.299	-0.196	0.135	0.000	0.23	1.70	-1.85	0.08	-0.13	-0.15	0	-0.198	0.139	-0.098	0.000	-0.000	0.222
0.308	-0.196	0.138	0.000	0.14	1.72	-1.88	0.25	-0.11	-0.13	0	-0.197	0.138	-0.102	0.000	-0.000	0.240
0.316	-0.196	0.138	0.000	0.12	1.72	-1.89	0.45	-0.16	0.11	0	-0.197	0.138	-0.105	0.000	-0.000	0.258
0.330	-0.197	0.139	0.000	0.11	1.76	-1.89	0.10	-0.25	-0.04	0	-0.197	0.138	-0.109	0.000	-0.000	0.276
0.342	-0.199	0.139	0.000	0.09	1.82	-1.90	0.24	-0.10	0.06	0	-0.197	0.139	-0.112	0.000	-0.000	0.295
0.350	-0.197	0.138	0.000	0.12	1.73	-1.89	-0.20	-0.05	0.08	0	-0.197	0.138	-0.115	0.000	-0.000	0.315
0.359	-0.197	0.139	0.000	0.08	1.76	-1.90	0.17	-0.13	-0.05	0	-0.197	0.139	-0.119	0.000	-0.000	0.335
0.367	-0.199	0.139	0.000	0.08	1.82	-1.90	0.05	0.13	-0.04	0	-0.198	0.139	-0.122	0.000	-0.000	0.356
0.382	-0.199	0.139	0.000	0.08	1.81	-1.90	0.30	-0.06	0.25	0	-0.198	0.139	-0.125	0.000	0.000	0.377
0.390	-0.198	0.137	0.000	0.15	1.78	-1.87	-0.02	0.18	0.17	0	-0.198	0.139	-0.128	0.000	-0.000	0.399
0.401	-0.198	0.139	0.000	0.09	1.80	-1.88	0.11	-0.19	-0.13	0	-0.198	0.139	-0.131	0.000	-0.000	0.421
0.411	-0.197	0.139	0.000	0.09	1.72	-1.88	0.06	-0.01	-0.12	0	-0.198	0.139	-0.134	0.000	-0.000	0.444
0.422	-0.197	0.138	0.000	0.11	1.73	-1.87	0.02	-0.35	0.05	0	-0.198	0.139	-0.137	0.000	-0.000	0.468
0.430	-0.200	0.140	0.000	0.05	1.86	-1.90	0.19	-0.19	-0.02	0	-0.198	0.139	-0.140	-0.000	-0.000	0.492
0.441	-0.197	0.137	0.000	0.14	1.73	-1.86	0.15	0.21	-0.21	0	-0.198	0.139	-0.143	0.000	-0.000	0.516
0.449	-0.199	0.140	0.000	0.07	1.80	-1.89	-0.04	-0.17	-0.25	0	-0.198	0.139	-0.145	0.000	-0.000	0.541
0.458	-0.199	0.140	0.000	0.07	1.80	-1.89	0.29	0.03	-0.25	0	-0.198	0.139	-0.148	-0.000	0.000	0.566
0.467	-0.199	0.139	0.000	0.10	1.80	-1.87	-0.04	0.01	0.11	0	-0.198	0.139	-0.151	-0.000	-0.000	0.592
0.481	-0.199	0.149	0.000	-0.22	1.78	-2.01	0.23	-0.05	0.08	0	-0.198	0.140	-0.153	-0.000	0.001	0.618
0.492	-0.200	0.150	0.000	-0.25	1.81	-2.02	-0.22	-0.03	0.15	0	-0.198	0.141	-0.156	-0.000	0.002	0.644
0.501	-0.200	0.149	0.000	-0.20	1.83	-2.00	0.21	0.06	0.23	0	-0.199	0.142	-0.158	-0.001	0.003	0.671
0.508	-0.198	0.147	0.000	-0.14	1.73	-1.96	0.02	-0.09	-0.08	0	-0.199	0.143	-0.161	-0.000	0.003	0.699
0.517	-0.199	0.147	0.000	-0.12	1.79	-1.96	0.20	-0.24	0.07	0	-0.199	0.144	-0.163	-0.001	0.004	0.727
0.531	-0.199	0.148	0.000	-0.15	1.78	-1.97	0.24	-0.15	0.07	0	-0.199	0.144	-0.165	-0.001	0.004	0.755
0.542	-0.199	0.147	0.000	-0.11	1.78	-1.95	-0.02	0.18	0.00	0	-0.199	0.145	-0.168	-0.001	0.004	0.784
0.552	-0.198	0.147	0.000	-0.08	1.76	-1.94	0.21	-0.10	0.01	0	-0.199	0.145	-0.170	-0.001	0.004	0.813
0.561	-0.199	0.150	0.000	-0.16	1.79	-1.97	0.01	-0.16	0.04	0	-0.199	0.146	-0.172	-0.001	0.005	0.842
0.573	-0.198	0.147	0.000	-0.07	1.76	-1.93	-0.05	-0.09	0.11	0	-0.199	0.146	-0.174	-0.001	0.005	0.872
0.583	-0.198	0.147	0.000	-0.06	1.78	-1.92	0.08	0.02	-0.12	0	-0.199	0.146	-0.176	-0.000	0.005	0.902
0.591	-0.200	0.149	0.000	-0.12	1.83	-1.96	0.10	0.05	0.30	0	-0.199	0.147	-0.178	-0.001	0.005	0.932
0.603	-0.198	0.148	0.000	-0.08	1.75	-1.92	0.26	-0.09	0.06	0	-0.199	0.147	-0.180	-0.000	0.005	0.963
0.610	-0.197	0.147	0.000	-0.06	1.73	-1.91	0.13	-0.19	-0.07	0	-0.199	0.147	-0.182	-0.000	0.005	0.994
0.622	-0.199	0.148	0.000	-0.05	1.82	-1.92	0.00	-0.19	0.12	0	-0.199	0.147	-0.184	-0.000	0.006	1.026
0.633	-0.199	0.147	0.000	-0.03	1.82	-1.91	0.15	-0.11	0.12	0	-0.199	0.148	-0.186	-0.000	0.005	1.057
0.633	-0.197	0.146	0.000	0.01	1.74	-1.88	0.09	-0.21	0.03	0	-0.199	0.147	-0.188	-0.000	0.005	1.090
0.651	-0.201	0.149	0.000	-0.06	1.87	-1.93	0.23	-0.01	-0.12	0	-0.199	0.148	-0.190	-0.001	0.005	1.122
0.661	-0.198	0.147	0.000	-0.00	1.79	-1.89	-0.03	-0.16	-0.06	0	-0.199	0.148	-0.191	-0.000	0.005	1.155
0.672	-0.198	0.147	0.000	0.02	1.79	-1.89	0.19	-0.07	-0.09	0	-0.199	0.148	-0.193	-0.000	0.005	1.188
0.682	-0.197	0.146	0.000	0.05	1.74	-1.86	0.18	0.23	0.11	0	-0.199	0.148	-0.195	-0.000	0.005	1.221
0.684	-0.198	0.147	0.000	0.01	1.78	-1.88	0.03	0.13	0.06	0	-0.199	0.148	-0.196	-0.000	0.005	1.254
0.701	-0.199	0.148	0.000	-0.00	1.82	-1.89	0.17	0.19	-0.02	0	-0.199	0.148	-0.198	-0.000	0.005	1.288
0.707	-0.199	0.147	0.000	0.03	1.81	-1.88	0.15	-0.13	0.00	0	-0.199	0.148	-0.199	-0.000	0.005	1.322
0.718	-0.200	0.148	0.000	-0.01	1.87	-1.90	0.11	0.08	0.14	0	-0.199	0.148	-0.201	-0.001	0.005	1.356
0.726	-0.199	0.147	0.000	0.03	1.82	-1.88	0.03	0.15	-0.08	0	-0.199	0.148	-0.202	-0.001	0.005	1.391
0.741	-0.199	0.148	0.000	0.00	1.81	-1.88	0.20	0.11	-0.02	0	-0.199	0.148	-0.204	-0.001	0.005	1.426
0.751	-0.198	0.147	0.000	0.06	1.78	-1.86	0.22	0.01	0.02	0	-0.199	0.148	-0.205	-0.001	0.005	1.461
0.759	-0.198	0.147	0.000	0.06	1.76	-1.85	0.06	-0.22	-0.07	0	-0.199	0.148	-0.207	-0.000	0.005	1.496
0.772	-0.198	0.147	0.000	0.06	1.77	-1.85	-0.19	0.06	0.06	0	-0.199	0.148	-0.208	-0.000	0.004	1.531
0.782	-0.199	0.152	0.000	-0.13	1.80	-1.92	0.07	0.08	-0.13	0	-0.199	0.149	-0.209	-0.000	0.005	1.567
0.793	-0.199	0.150	0.000	-0.02	1.79	-1.88	0.06	-0.30	-0.03	0	-0.199	0.149	-0.210	-0.000	0.005	1.603
0.801	-0.200	0.150	0.000	-0.02	1.85	-1.89	0.04	-0.08	-0.01	0	-0.199	0.149	-0.211	-0.000	0.005	1.639
0.809	-0.197	0.156	0.000	-0.23	1.71	-1.94	0.40	-0.05	0.40	0	-0.199	0.150	-0.213	-0.000	0.006	1.675
0.809	-0.198	0.152	0.000	-0.08	1.76	-1.90	0.14	-0.08	-0.14	0	-0.199	0.150	-0.214	-0.000	0.006	1.712
0.825	-0.198	0.151	0.000	-0.03	1.76	-1.88	-0.08	0.16	0.02	0	-0.199	0.151	-0.215	-0.000	0.006	1.748
0.841	-0.197	0.150	0.000	0.00	1.73	-1.86	-0.04	-0.28	0.14	0	-0.199	0.151	-0.216	0.000	0.006	1.785
0.850	-0.199	0.154	0.000	-0.12	1.80	-1.91	0.15	0.06	-0.10	0	-0.199	0.151	-0.217	-0.000	0.006	1.822
0.861	-0.199	0.155	0.000	-0.15	1.80	-1.92	0.22	-0.17	-0.09	0	-0.199	0.152	-0.218	-0.000	0.007	1.859
0.867	-0.198	0.153	0.000	-0.06	1.76	-1.88	0.23	-0.00	-0.08	0	-0.199	0.152	-0.219	0.000	0.007	1.896
0.878	-0.199	0.153	0.000	-0.05	1.80	-1.89	0.14	0.02	0.04	0	-0.199	0.153	-0.220	-0.000	0.007	1.934
0.891	-0.200	0.154	0.000	-0.08	1.84	-1.90	0.23	-0.01	0.20	0	-0.199	0.153	-0.220	-0.000	0.007	1.971
0.900	-0.200	0.154	0.000	-0.06	1.84	-1.89	0.09	-0.31	0.05	0	-0.199	0.153	-0.221	-0.000	0.007	2.009
0.912	-0.199	0.154	0.000	-0.05	1.80	-1.88	0.07	-0.04	0.12	0	-0.199	0.153	-0.222	-0.000	0.007	2.047
0.920	-0.200	0.156	0.000	-0.09	1.84	-1.90	0.34	0.01	-0.05	0	-0.199	0.154	-0.223	-0.000	0.007	2.085
0.929	-0.200	0.154	0.000	-0.02	1.84	-1.88	0.19	-0.16	-0.04	0	-0.199	0.154	-0.224	-0.000	0.007	2.123
0.942	-0.199	0.153	0.000	0.03	1.80	-1.85	0.22	-0.01	0.09	0	-0.199	0.154	-0.224	-0.000	0.007	2.161
0.953	-0.200	0.154	0.000	0.01	1.83	-1.87	-0.01	0.02	0.05	0	-0.199	0.154	-0.225	-0.000	0.007	2.200
0.962	-0.202	0.152	0.000	0.07	1.93	-1.86	0.14	0.19	-0.01	0	-0.200	0.154	-0.226	-0.001	0.007	2.238
0.970	-0.198	0.153	0.000	0.02	1.75	-1.84	0.13	-0.09	0.09	0	-0.199	0.154	-0.226	-0.000	0.007	2.277
0.978	-0.198	0.153	0.000	0.02	1.75	-1.84	0.15	-0.16	-0.04	0	-0.199	0.154	-0.227	-0.000	0.007	2.315
0.978	-0.198	0.154	0.000	0.02	1.75	-1.84	-0.08	0.14	0.03	0	-0.199	0.154	-0.227	-0.000	0.006	2.354
1.002	-0.198	0.155	0.000	-0.01	1.76	-1.85	0.10	-0.15	0.07	0	-0.199	0.155	-0.228	-0.000	0.007	2.393
1.011	-0.198	0.154	0.000	0.03	1.76	-1.84	0.14	0.08	-0.10	0	-0.199	0.155	-0.228	0.000	0.006	2.432
1.019	-0.198	0.155	0.000	0.01	1.76	-1.84	0.10	-0.10	-0.06	0	-0.199	0.155	-0.229	0.000	0.006	2.471
1.019	-0.199	0.155	0.000	0.02	1.80	-1.84	0.20	-0.07	-0.02	0	-0.199	0.155	-0.229	0.000	0.006	2.510
1.040	-0.197	0.154	0.000	0.03	1.76	-1.83	0.08	-0.13	0.04	0	-0.198	0.155	-0.230	0.000	0.006	2.549
1.052	-0.200	0.156	0.000	-0.02	1.84	-1.86	0.15	0.12	-0.02	0	-0.199	0.155	-0.230	0.000	0.006	2.588
1.062	-0.198	0.155	0.000	0.04	1.80	-1.83	0.17	-0.02	-0.01	0	-0.199	0.155	-0.230	0.000	0.006	2.628
1.071	-0.198	0.154	0.000	0.08	1.77	-1.82	0.06	0.03	0.19	0	-0.198	0.155	-0.231	0.000	0.006	2.667
1.079	-0.197	0.154	0.000	0.08	1.76	-1.81	0.00	-0.19	0.11	0	-0.198	0.155	-0.231	0.000	0.006	2.706
1.089	-0.199	0.156	0.000	0.01	1.85	-1.84	-0.09	-0.09	-0.12	0	-0.198	0.156	-0.231	0.000	0.006	2.746
1.101	-0.197	0.154	0.000	0.10	1.77	-1.80	-0.01	-0.06	0.08	0	-0.198	0.156	-0.232	0.000	0.006	2.785
1.112	-0.197	0.154	0.000	0.10	1.77	-1.80	0.14	-0.16	-0.07	0	-0.198	0.155	-0.232	0.001	0.006	2.825
1.112	-0.200	0.154	0.000	0.11	1.86	-1.81	0.02	-0.10	0.13	0	-0.198	0.155	-0.232	0.000	0.005	2.864
1.130	-0.199	0.157	0.000	0.01	1.83	-1.83	0.10	-0.17	0.07	0	-0.198	0.156	-0.232	0.000	0.006	2.904
1.137	-0.199	0.152	0.000	0.17	1.85	-1.79	-0.06	0.04	-0.19	0	-0.199	0.155	-0.232	0.000	0.005	2.943
1.152	-0.199	0.156	0.000	0.05	1.84	-1.82	0.15	0.05	0.00	0	-0.199	0.156	-0.232	0.000	0.005	2.983
1.152	-0.197	0.154	0.000	0.13	1.77	-1.79	0.13	-0.11	-0.19	0	-0.199	0.156	-0.233	0.000	0.005	3.023
1.169	-0.197	0.154	0.000	0.10	1.77	-1.80	0.23	-0.01	0.11	0	-0.198	0.156	-0.233	0.000	0.005	3.062
1.179	-0.199	0.157	0.000	0.01	1.81	-1.82	0.16	-0.01	-0.05	0	-0.198	0.156	-0.233	0.000	0.005	3.102
1.192	-0.198	0.154	0.000	0.13	1.80	-1.79	0.10	0.20	-0.04	0	-0.198	0.156	-0.233	0.000	0.005	3.142
1.201	-0.198	0.154	0.000	0.12	1.78	-1.79	0.11	-0.35	-0.17	0	-0.198	0.156	-0.233	0.001	0.005	3.181
1.211	-0.197	0.154	0.000	0.12	1.78	-1.79	0.10	-0.07	0.11	0	-0.198	0.156	-0.233	0.001	0.005	3.221
1.222	-0.200	0.156	0.000	0.07	1.86	-1.80	0.09	0.25	-0.05	0	-0.198	0.156	-0.233	0.001	0.005	3.261
1.230	-0.197	0.155	0.000	0.12	1.78	-1.78	0.04	-0.19	0.00	0	-0.198	0.156	-0.233	0.001	0.004	3.301
1.239	-0.199	0.155	0.000	0.12	1.85	-1.78	-0.08	-0.21	-0.01	0	-0.198	0.156	-0.233	0.001	0.004	3.340
1.251	-0.197	0.155	0.000	0.12	1.78	-1.78	0.08	-0.02	-0.02	0	-0.198	0.156	-0.233	0.001	0.004	3.380
1.261	-0.198	0.156	0.000	0.08	1.78	-1.79	0.22	0.03	0.20	0	-0.198	0.156	-0.232	0.001	0.004	3.420
1.271	-0.199	0.154	0.000	0.15	1.85	-1.77	0.02	-0.33	0.00	0	-0.198	0.156	-0.232	0.001	0.004	3.459
1.279	-0.198	0.154	0.000	0.17	1.80	-1.76	0.28	-0.10	-0.17	0	-0.198	0.156	-0.232	0.001	0.004	3.499
1.287	-0.197	0.152	0.000	0.23	1.77	-1.75	0.09	-0.09	0.16	0	-0.198	0.155	-0.232	0.001	0.003	3.538
1.295	-0.197	0.156	0.000	0.08	1.77	-1.78	0.07	-0.19	-0.05	0	-0.198	0.156	-0.232	0.001	0.003	3.578
1.311	-0.197	0.152	0.000	0.21	1.78	-1.75	0.07	-0.16	-0.03	0	-0.198	0.155	-0.232	0.001	0.003	3.617
1.320	-0.198	0.155	0.000	0.13	1.81	-1.76	0.28	0.18	0.13	0	-0.198	0.155	-0.231	0.001	0.003	3.657
1.329	-0.198	0.154	0.000	0.17	1.80	-1.75	0.14	-0.10	0.02	0	-0.198	0.155	-0.231	0.001	0.003	3.696
1.340	-0.200	0.156	0.000	0.09	1.88	-1.77	-0.09	0.09	-0.02	0	-0.198	0.155	-0.231	0.001	0.003	3.736
1.345	-0.198	0.155	0.000	0.11	1.78	-1.77	-0.07	0.01	-0.05	0	-0.198	0.156	-0.231	0.001	0.003	3.775
1.361	-0.199	0.156	0.000	0.09	1.84	-1.76	0.33	0.12	0.02	0	-0.198	0.156	-0.230	0.001	0.003	3.814
1.370	-0.198	0.154	0.000	0.16	1.79	-1.75	0.13	-0.31	-0.03	0	-0.198	0.156	-0.230	0.001	0.003	3.853
1.378	-0.197	0.153	0.000	0.19	1.78	-1.74	0.11	-0.22	0.05	0	-0.198	0.156	-0.230	0.001	0.002	3.893
1.388	-0.197	0.154	0.000	0.16	1.78	-1.75	0.19	0.13	0.05	0	-0.198	0.155	-0.229	0.001	0.002	3.932
1.397	-0.198	0.156	0.000	0.09	1.82	-1.76	-0.20	0.03	0.03	0	-0.198	0.156	-0.229	0.001	0.002	3.971
1.411	-0.197	0.154	0.000	0.18	1.79	-1.74	0.07	-0.13	0.07	0	-0.198	0.156	-0.229	0.001	0.002	4.010
1.421	-0.197	0.154	0.000	0.17	1.79	-1.74	0.24	-0.09	-0.19	0	-0.198	0.155	-0.228	0.001	0.002	4.049
1.429	-0.197	0.154	0.000	0.17	1.78	-1.74	0.24	0.07	-0.05	0	-0.198	0.155	-0.228	0.001	0.002	4.088
1.439	-0.200	0.160	0.000	-0.04	1.92	-1.77	0.11	-0.09	-0.09	0	-0.198	0.156	-0.228	0.001	0.002	4.126
1.447	-0.201	0.160	0.000	-0.04	1.92	-1.77	0.15	-0.09	-0.08	0	-0.198	0.157	-0.227	0.001	0.003	4.165
1.461	-0.200	0.160	0.000	-0.02	1.88	-1.77	0.11	-0.03	0.04	0	-0.199	0.157	-0.227	0.000	0.003	4.204
1.471	-0.200	0.161	0.000	-0.06	1.88	-1.77	0.30	-0.11	0.13	0	-0.199	0.158	-0.226	0.000	0.003	4.242
1.480	-0.200	0.161	0.000	-0.06	1.88	-1.77	0.00	0.04	0.00	0	-0.199	0.158	-0.226	0.000	0.004	4.281
1.488	-0.201	0.162	0.000	-0.09	1.91	-1.77	0.03	-0.11	-0.06	0	-0.199	0.159	-0.225	-0.000	0.004	4.319
1.497	-0.199	0.161	0.000	-0.02	1.83	-1.76	0.17	-0.08	0.13	0	-0.199	0.159	-0.225	-0.000	0.004	4.358
1.511	-0.200	0.160	0.000	0.02	1.88	-1.75	0.04	0.01	-0.02	0	-0.199	0.160	-0.224	-0.000	0.004	4.396
1.520	-0.199	0.160	0.000	0.03	1.85	-1.75	0.10	-0.00	-0.36	0	-0.199	0.160	-0.224	-0.000	0.004	4.434
1.530	-0.199	0.157	0.000	0.13	1.81	-1.73	0.05	-0.08	0.12	0	-0.199	0.160	-0.223	-0.000	0.004	4.472
1.538	-0.200	0.158	0.000	0.10	1.85	-1.73	-0.06	-0.23	0.07	0	-0.199	0.160	-0.223	-0.000	0.004	4.510
1.547	-0.199	0.158	0.000	0.10	1.84	-1.73	0.33	0.03	-0.00	0	-0.199	0.160	-0.222	-0.000	0.004	4.548
1.561	-0.199	0.158	0.000	0.11	1.81	-1.73	0.13	0.23	-0.10	0	-0.199	0.160	-0.222	-0.000	0.004	4.586
1.572	-0.198	0.156	0.000	0.18	1.80	-1.71	0.23	-0.17	-0.08	0	-0.199	0.159	-0.221	0.000	0.003	4.624
1.580	-0.198	0.156	0.000	0.19	1.79	-1.71	0.13	-0.22	0.12	0	-0.199	0.159	-0.221	0.000	0.003	4.661
1.589	-0.199	0.158	0.000	0.13	1.81	-1.72	0.10	-0.20	-0.17	0	-0.199	0.159	-0.220	0.000	0.003	4.699
1.599	-0.199	0.158	0.000	0.11	1.81	-1.72	-0.05	-0.13	0.08	0	-0.199	0.159	-0.219	0.000	0.003	4.736
1.606	-0.199	0.157	0.000	0.16	1.83	-1.71	0.11	0.01	0.06	0	-0.199	0.159	-0.219	0.000	0.002	4.773
1.622	-0.199	0.158	0.000	0.14	1.82	-1.71	0.17	0.01	0.14	0	-0.199	0.159	-0.218	0.000	0.002	4.811
1.623	-0.201	0.163	0.000	-0.04	1.89	-1.74	0.07	-0.35	0.07	0	-0.199	0.160	-0.217	0.000	0.003	4.848
1.637	-0.201	0.162	0.000	-0.02	1.88	-1.73	0.04	-0.02	0.01	0	-0.199	0.160	-0.217	0.000	0.003	4.885
1.648	-0.199	0.162	0.000	0.00	1.81	-1.73	0.18	0.03	0.05	0	-0.199	0.160	-0.216	0.000	0.003	4.921
1.657	-0.202	0.157	0.000	0.19	1.93	-1.69	0.33	-0.29	-0.05	0	-0.200	0.160	-0.215	-0.000	0.003	4.958
1.670	-0.203	0.156	0.000	0.25	1.98	-1.67	0.08	-0.32	-0.18	0	-0.200	0.160	-0.215	-0.000	0.002	4.995
1.681	-0.201	0.160	0.000	0.10	1.89	-1.70	0.17	-0.15	-0.03	0	-0.200	0.160	-0.214	-0.001	0.002	5.031
1.689	-0.203	0.155	0.000	0.26	1.99	-1.67	0.24	0.02	0.09	0	-0.201	0.159	-0.213	-0.001	0.002	5.068
1.698	-0.203	0.156	0.000	0.24	1.98	-1.67	-0.11	0.14	-0.08	0	-0.201	0.159	-0.213	-0.001	0.002	5.104
1.704	-0.204	0.155	0.000	0.28	1.99	-1.67	0.10	-0.15	0.02	0	-0.201	0.159	-0.212	-0.001	0.001	5.140
1.721	-0.202	0.158	0.000	0.14	1.92	-1.69	0.27	-0.05	0.14	0	-0.201	0.159	-0.211	-0.001	0.001	5.176
1.730	-0.200	0.161	0.000	0.05	1.79	-1.71	0.12	-0.08	0.09	0	-0.201	0.159	-0.210	-0.001	0.001	5.212
1.738	-0.199	0.161	0.000	0.06	1.75	-1.71	0.01	0.22	0.03	0	-0.201	0.159	-0.210	-0.001	0.001	5.248
1.749	-0.199	0.162	0.000	0.02	1.74	-1.72	0.04	-0.05	0.10	0	-0.201	0.160	-0.209	-0.001	0.002	5.284
1.756	-0.199	0.161	0.000	0.06	1.74	-1.71	0.12	-0.05	-0.07	0	-0.201	0.160	-0.208	-0.001	0.002	5.319
1.764	-0.199	0.161	0.000	0.08	1.78	-1.70	-0.02	0.03	-0.08	0	-0.200	0.160	-0.207	-0.000	0.002	5.354
1.779	-0.199	0.161	0.000	0.09	1.76	-1.70	0.42	0.02	-0.25	0	-0.200	0.161	-0.207	-0.000	0.002	5.390
1.789	-0.199	0.160	0.000	0.13	1.78	-1.69	0.19	-0.22	0.01	0	-0.200	0.161	-0.206	-0.000	0.002	5.425
1.798	-0.200	0.162	0.000	0.04	1.84	-1.70	0.11	-0.08	0.04	0	-0.200	0.161	-0.205	-0.000	0.002	5.460
1.806	-0.199	0.161	0.000	0.11	1.77	-1.69	0.18	-0.21	0.09	0	-0.200	0.161	-0.204	-0.000	0.002	5.495
1.821	0.000	0.000	0.000	0.00	0.00	0.00	0.22	-0.22	-0.00	0	-0.175	0.141	-0.204	0.020	-0.014	5.529
1.831	0.000	-0.000	0.019	0.00	0.00	-0.00	0.03	0.08	0.01	0	-0.153	0.123	-0.200	0.037	-0.028	5.567
1.840	-0.000	0.000	0.000	-0.07	0.16	-0.00	-0.15	-0.34	-0.12	0	-0.133	0.107	-0.199	0.053	-0.041	5.601
1.848	-0.000	0.000	0.000	-0.21	0.09	-0.00	0.31	-0.31	-0.12	0	-0.116	0.093	-0.199	0.066	-0.051	5.635
1.856	-0.000	0.000	0.000	-0.11	0.09	-0.00	0.07	-0.19	0.09	0	-0.100	0.081	-0.199	0.077	-0.060	5.668
1.870	-0.000	0.001	0.000	-0.19	-0.03	-0.00	0.28	0.01	-0.00	0	-0.087	0.070	-0.198	0.087	-0.068	5.702
1.880	-0.000	0.000	0.000	0.07	0.10	-0.00	-0.02	-0.23	0.10	0	-0.074	0.060	-0.197	0.096	-0.075	5.736
1.890	0.001	0.000	0.000	0.29	-0.58	0.00	0.07	-0.42	-0.02	0	-0.064	0.052	-0.197	0.103	-0.081	5.769
1.899	0.001	0.000	0.000	0.25	-0.36	0.00	0.13	-0.02	0.12	0	-0.054	0.044	-0.196	0.109	-0.086	5.803
1.907	0.001	-0.000	0.000	0.50	-0.46	0.00	0.02	-0.24	0.08	0	-0.045	0.037	-0.195	0.115	-0.090	5.836
1.921	0.002	0.000	0.000	0.21	-0.38	0.00	0.00	-0.03	-0.03	0	-0.038	0.031	-0.195	0.119	-0.094	5.869
1.930	0.002	0.000	0.000	0.16	-0.43	0.00	0.12	-0.08	0.04	0	-0.031	0.026	-0.194	0.123	-0.097	5.902
1.940	0.001	0.003	0.000	-0.85	0.17	0.00	0.19	0.13	-0.11	0	-0.025	0.021	-0.193	0.126	-0.099	5.935
1.949	0.001	0.003	0.000	-0.76	0.43	0.00	0.07	-0.13	0.00	0	-0.020	0.017	-0.192	0.128	-0.101	5.968
1.958	0.001	0.002	0.000	-0.47	0.39	0.00	0.01	0.12	-0.11	0	-0.015	0.014	-0.192	0.130	-0.102	6.001
1.966	0.001	0.004	0.000	-0.87	0.45	0.01	0.15	-0.31	0.08	0	-0.011	0.011	-0.191	0.132	-0.103	6.033
1.981	0.001	0.003	0.000	-0.61	0.62	0.00	0.14	0.10	-0.12	0	-0.007	0.008	-0.190	0.133	-0.103	6.066
1.991	0.002	0.003	0.000	-0.28	0.48	0.00	0.03	0.07	-0.18	0	-0.004	0.006	-0.189	0.133	-0.104	6.098
1.998	0.002	0.003	0.000	-0.42	0.55	0.00	0.33	0.17	-0.00	0	-0.001	0.004	-0.188	0.133	-0.104	6.130
2.007	0.001	0.004	0.000	-0.41	0.83	0.00	-0.06	-0.10	0.19	0	0.001	0.002	-0.187	0.133	-0.104	6.162
2.016	0.001	0.004	0.000	-0.39	0.88	0.00	0.08	-0.09	-0.13	0	0.004	0.001	-0.186	0.133	-0.103	6.194
2.031	0.003	0.003	0.000	-0.18	0.54	0.00	0.05	-0.25	-0.10	0	0.006	-0.001	-0.186	0.133	-0.103	6.226
2.041	0.003	0.002	0.000	0.06	0.63	-0.00	0.33	-0.04	0.09	0	0.008	-0.002	-0.185	0.132	-0.102	6.257
2.047	0.001	0.004	0.000	-0.33	1.08	0.00	0.04	-0.14	-0.14	0	0.009	-0.003	-0.184	0.131	-0.102	6.288
2.058	0.001	0.002	0.000	0.13	1.21	-0.00	0.24	-0.01	-0.12	0	0.010	-0.004	-0.183	0.130	-0.101	6.320
2.066	0.002	0.002	0.000	0.14	1.02	-0.00	-0.12	0.05	-0.01	0	0.012	-0.005	-0.182	0.129	-0.100	6.351
2.080	0.002	0.003	0.000	0.14	1.02	-0.00	0.07	-0.28	-0.04	0	0.013	-0.006	-0.181	0.128	-0.099	6.382
2.090	0.001	0.004	0.000	-0.11	1.21	0.00	-0.09	0.09	-0.07	0	0.013	-0.006	-0.180	0.126	-0.098	6.412
2.099	0.002	0.002	0.000	0.18	1.16	-0.00	-0.06	-0.11	0.07	0	0.014	-0.007	-0.179	0.125	-0.097	6.443
2.107	0.001	0.005	0.000	-0.18	1.29	0.00	0.16	-0.03	0.10	0	0.015	-0.007	-0.178	0.123	-0.096	6.473
2.115	0.001	0.004	0.000	-0.05	1.32	0.00	-0.07	-0.07	0.04	0	0.015	-0.007	-0.177	0.122	-0.094	6.504
2.130	0.001	0.004	0.000	0.05	1.35	-0.00	0.17	0.23	-0.01	0	0.016	-0.008	-0.177	0.120	-0.093	6.534
2.141	0.001	0.004	0.000	0.07	1.41	-0.00	0.22	-0.34	0.10	0	0.016	-0.008	-0.176	0.118	-0.092	6.564
2.149	0.002	-0.001	0.000	0.81	1.26	-0.02	-0.23	-0.17	0.22	0	0.017	-0.009	-0.175	0.117	-0.091	6.594
2.156	0.003	-0.005	-0.000	1.25	1.20	-0.03	0.11	-0.19	-0.14	0	0.017	-0.010	-0.174	0.115	-0.090	6.623
2.168	0.003	-0.004	0.000	1.03	1.21	-0.02	0.16	-0.21	-0.22	0	0.017	-0.011	-0.173	0.113	-0.089	6.653
2.179	0.004	-0.004	0.000	1.05	1.16	-0.03	0.16	0.01	-0.09	0	0.018	-0.012	-0.172	0.112	-0.089	6.682
2.191	-0.001	-0.004	0.000	0.91	1.77	-0.02	-0.06	-0.15	0.06	0	0.017	-0.012	-0.171	0.110	-0.088	6.711
2.201	0.000	-0.009	-0.000	1.54	1.62	-0.04	0.14	-0.20	-0.07	0	0.017	-0.014	-0.170	0.108	-0.087	6.740
2.207	0.001	-0.010	0.000	1.45	1.54	-0.04	0.04	-0.04	-0.10	0	0.017	-0.015	-0.169	0.106	-0.086	6.769
2.219	0.000	-0.006	0.001	0.96	1.64	-0.02	0.05	-0.26	-0.09	0	0.017	-0.015	-0.168	0.104	-0.085	6.798
2.229	0.000	-0.009	0.000	1.21	1.64	-0.03	0.21	-0.10	-0.07	0	0.017	-0.016	-0.167	0.102	-0.085	6.826
2.242	0.000	-0.009	0.000	1.17	1.62	-0.03	0.07	0.03	-0.01	0	0.017	-0.017	-0.166	0.100	-0.084	6.855
2.251	0.001	-0.008	0.000	1.01	1.61	-0.03	0.13	-0.03	0.07	0	0.017	-0.018	-0.165	0.098	-0.083	6.883
2.258	-0.001	-0.009	0.000	0.96	1.74	-0.02	0.04	-0.13	0.11	0	0.017	-0.018	-0.164	0.096	-0.082	6.911
2.269	0.001	-0.008	0.001	0.82	1.59	-0.02	0.03	-0.28	-0.07	0	0.017	-0.018	-0.163	0.094	-0.080	6.939
2.280	-0.001	-0.009	0.000	0.86	1.81	-0.02	0.17	-0.13	0.15	0	0.016	-0.019	-0.162	0.092	-0.079	6.967
2.289	0.001	-0.008	0.000	0.71	1.63	-0.01	0.38	-0.01	-0.15	0	0.016	-0.019	-0.161	0.090	-0.078	6.994
2.300	-0.000	-0.009	0.000	0.77	1.72	-0.01	0.11	-0.09	-0.09	0	0.016	-0.019	-0.161	0.088	-0.077	7.022
2.309	-0.000	-0.008	0.001	0.66	1.72	-0.01	0.06	0.03	0.10	0	0.016	-0.019	-0.160	0.087	-0.075	7.049
2.319	-0.001	-0.008	0.000	0.63	1.81	-0.01	0.20	0.06	-0.03	0	0.016	-0.020	-0.159	0.085	-0.074	7.076
2.328	0.001	-0.007	0.000	0.53	1.62	-0.00	0.21	-0.29	-0.08	0	0.016	-0.020	-0.158	0.083	-0.073	7.103
2.342	0.001	-0.006	0.000	0.42	1.61	0.00	-0.05	-0.14	-0.06	0	0.016	-0.019	-0.157	0.081	-0.071	7.130
2.349	0.001	-0.006	0.000	0.39	1.64	0.00	0.05	-0.14	0.14	0	0.015	-0.019	-0.156	0.080	-0.070	7.156
2.360	-0.001	-0.008	0.000	0.54	1.82	-0.00	-0.01	-0.06	0.04	0	0.015	-0.019	-0.155	0.078	-0.069	7.183
2.370	-0.001	-0.007	0.000	0.41	1.82	0.01	0.06	-0.13	-0.05	0	0.015	-0.019	-0.154	0.076	-0.067	7.209
2.379	0.001	-0.007	0.000	0.40	1.65	0.00	0.10	-0.11	-0.09	0	0.015	-0.019	-0.153	0.074	-0.066	7.235
2.391	0.000	-0.008	0.000	0.41	1.69	0.00	0.14	0.04	0.01	0	0.015	-0.019	-0.152	0.073	-0.065	7.261
2.400	0.001	-0.008	0.000	0.39	1.66	0.00	-0.00	0.04	0.06	0	0.015	-0.019	-0.151	0.071	-0.063	7.287
2.408	-0.001	-0.007	0.000	0.35	1.81	0.01	0.15	0.07	-0.09	0	0.014	-0.019	-0.150	0.069	-0.062	7.313
2.420	0.001	-0.008	0.000	0.36	1.67	0.01	0.08	-0.20	0.08	0	0.014	-0.019	-0.149	0.068	-0.061	7.338
2.428	0.001	-0.007	0.000	0.25	1.68	0.01	0.06	-0.16	0.03	0	0.014	-0.019	-0.148	0.066	-0.059	7.363
2.441	0.001	-0.007	0.000	0.27	1.67	0.01	0.18	-0.24	-0.16	0	0.014	-0.019	-0.147	0.065	-0.058	7.389
2.450	-0.001	-0.007	0.000	0.24	1.82	0.02	-0.01	-0.16	0.01	0	0.014	-0.018	-0.146	0.063	-0.057	7.414
2.460	0.001	-0.008	0.000	0.29	1.69	0.01	0.22	0.21	-0.17	0	0.014	-0.018	-0.145	0.061	-0.055	7.438
2.469	0.000	-0.006	0.000	0.16	1.73	0.02	-0.18	0.18	-0.09	0	0.013	-0.018	-0.145	0.060	-0.054	7.463
2.480	0.001	-0.007	0.000	0.21	1.69	0.02	-0.11	-0.16	-0.03	0	0.013	-0.018	-0.144	0.058	-0.053	7.488
2.489	0.001	-0.006	0.000	0.12	1.71	0.02	0.05	0.04	-0.05	0	0.013	-0.018	-0.143	0.057	-0.051	7.512
2.499	-0.002	-0.001	0.000	-0.19	1.88	0.04	0.25	0.09	0.07	0	0.013	-0.017	-0.142	0.055	-0.050	7.536
2.508	-0.002	-0.001	0.000	-0.19	1.88	0.04	-0.01	-0.18	0.25	0	0.012	-0.016	-0.141	0.054	-0.048	7.560
2.519	-0.000	-0.002	0.000	-0.12	1.75	0.04	0.06	-0.28	-0.03	0	0.012	-0.015	-0.140	0.052	-0.046	7.584
2.529	-0.002	-0.000	0.000	-0.21	1.87	0.04	-0.19	0.05	0.19	0	0.012	-0.015	-0.139	0.051	-0.045	7.608
2.539	-0.002	-0.001	0.000	-0.16	1.84	0.04	0.04	0.08	0.09	0	0.012	-0.014	-0.138	0.049	-0.043	7.631
2.548	0.000	-0.002	0.000	-0.10	1.72	0.04	0.23	0.09	0.01	0	0.012	-0.013	-0.137	0.048	-0.042	7.655
2.560	-0.000	-0.001	0.000	-0.11	1.75	0.04	0.20	0.11	-0.02	0	0.011	-0.013	-0.136	0.047	-0.041	7.678
2.567	-0.002	-0.001	0.000	-0.09	1.87	0.04	0.14	-0.23	0.10	0	0.011	-0.013	-0.135	0.045	-0.039	7.701
2.579	-0.000	-0.002	0.000	-0.03	1.75	0.03	0.28	-0.13	0.11	0	0.011	-0.012	-0.134	0.044	-0.038	7.724
2.590	0.000	-0.002	0.000	-0.06	1.74	0.03	0.01	-0.05	0.13	0	0.011	-0.012	-0.133	0.043	-0.037	7.747
2.600	-0.004	0.002	0.000	-0.29	2.01	0.05	0.05	0.13	0.09	0	0.010	-0.011	-0.133	0.041	-0.036	7.769
2.610	-0.004	0.001	0.000	-0.20	1.95	0.04	0.10	-0.06	0.01	0	0.010	-0.011	-0.132	0.039	-0.034	7.792
2.617	-0.003	0.000	0.000	-0.13	1.87	0.04	0.30	-0.12	0.07	0	0.010	-0.010	-0.131	0.038	-0.033	7.814
2.629	-0.006	-0.004	0.000	0.09	2.10	0.02	0.04	-0.18	-0.13	0	0.009	-0.010	-0.130	0.036	-0.032	7.836
2.640	0.000	-0.004	0.001	0.13	1.70	0.02	0.14	0.01	-0.08	0	0.009	-0.011	-0.129	0.035	-0.032	7.858
2.650	-0.000	-0.004	0.001	0.11	1.74	0.02	0.12	-0.29	-0.10	0	0.009	-0.011	-0.128	0.034	-0.031	7.880
2.659	-0.000	-0.004	0.001	0.11	1.74	0.02	0.20	-0.16	0.08	0	0.009	-0.011	-0.127	0.033	-0.030	7.902
2.667	-0.001	-0.005	0.000	0.14	1.80	0.02	0.03	-0.25	-0.29	0	0.009	-0.011	-0.126	0.032	-0.029	7.924
2.679	0.000	-0.005	0.000	0.16	1.72	0.02	0.03	-0.09	-0.06	0	0.009	-0.011	-0.125	0.031	-0.029	7.945
2.690	-0.001	-0.005	0.000	0.13	1.81	0.02	0.20	-0.28	0.03	0	0.009	-0.011	-0.124	0.030	-0.028	7.966
2.700	-0.001	-0.005	0.000	0.14	1.81	0.02	0.04	0.05	-0.03	0	0.009	-0.011	-0.123	0.029	-0.027	7.987
2.711	-0.001	-0.006	0.000	0.18	1.77	0.02	0.21	-0.28	0.11	0	0.008	-0.012	-0.122	0.028	-0.027	8.008
2.718	-0.001	-0.004	0.000	0.08	1.81	0.03	0.15	-0.05	-0.03	0	0.008	-0.011	-0.121	0.026	-0.026	8.029
2.729	0.000	-0.005	0.000	0.11	1.72	0.03	0.29	0.01	0.27	0	0.008	-0.011	-0.121	0.026	-0.025	8.050
2.739	-0.000	-0.005	0.000	0.11	1.76	0.03	0.10	0.11	0.11	0	0.008	-0.011	-0.120	0.025	-0.024	8.070
2.749	-0.001	-0.004	0.000	0.07	1.79	0.03	-0.04	0.05	-0.08	0	0.008	-0.011	-0.119	0.023	-0.023	8.090
2.758	-0.001	-0.005	0.000	0.11	1.78	0.03	-0.09	-0.11	-0.13	0	0.008	-0.011	-0.118	0.022	-0.023	8.111
2.768	-0.001	-0.005	0.000	0.10	1.77	0.03	0.10	-0.07	0.01	0	0.008	-0.011	-0.117	0.021	-0.022	8.131
2.778	-0.000	-0.004	0.000	0.07	1.77	0.03	0.29	0.03	-0.04	0	0.008	-0.011	-0.116	0.021	-0.021	8.150
2.788	-0.002	-0.004	0.000	0.06	1.84	0.03	0.25	-0.24	-0.07	0	0.008	-0.011	-0.115	0.019	-0.020	8.170
2.799	0.000	-0.005	0.000	0.10	1.75	0.03	0.12	-0.19	0.09	0	0.008	-0.011	-0.115	0.019	-0.020	8.190
2.810	-0.003	-0.006	0.000	0.14	1.90	0.02	0.16	-0.16	-0.09	0	0.007	-0.011	-0.114	0.017	-0.019	8.209
2.820	-0.000	-0.004	0.000	0.05	1.77	0.03	0.07	-0.17	0.06	0	0.007	-0.011	-0.113	0.017	-0.018	8.228
2.829	0.000	-0.005	0.000	0.09	1.75	0.03	-0.00	-0.12	0.03	0	0.007	-0.011	-0.112	0.016	-0.017	8.247
2.837	-0.000	-0.005	0.000	0.09	1.77	0.03	0.09	-0.12	-0.19	0	0.007	-0.011	-0.111	0.015	-0.017	8.266
2.849	-0.000	-0.002	0.000	-0.05	1.77	0.04	0.05	-0.15	0.01	0	0.007	-0.011	-0.110	0.014	-0.016	8.285
2.860	-0.001	-0.006	0.000	0.15	1.83	0.02	0.09	-0.34	-0.08	0	0.007	-0.011	-0.109	0.013	-0.015	8.304
2.868	-0.001	-0.006	0.000	0.16	1.83	0.02	0.17	-0.19	-0.05	0	0.007	-0.011	-0.109	0.012	-0.015	8.323
2.878	-0.001	-0.006	0.000	0.16	1.83	0.02	0.01	-0.20	0.10	0	0.007	-0.011	-0.108	0.011	-0.014	8.341
2.888	-0.002	-0.005	0.000	0.10	1.89	0.02	0.19	-0.32	-0.16	0	0.006	-0.011	-0.107	0.010	-0.013	8.359
2.894	-0.000	-0.006	0.000	0.15	1.78	0.02	0.26	0.07	-0.14	0	0.006	-0.011	-0.106	0.009	-0.013	8.377
2.911	-0.002	-0.006	0.000	0.14	1.88	0.02	0.14	-0.19	0.08	0	0.006	-0.011	-0.105	0.008	-0.012	8.395
2.919	-0.002	-0.005	0.000	0.09	1.85	0.02	-0.02	-0.24	-0.11	0	0.006	-0.011	-0.104	0.008	-0.012	8.413
2.930	-0.001	-0.005	0.000	0.09	1.84	0.02	0.27	-0.06	-0.09	0	0.006	-0.011	-0.104	0.007	-0.011	8.431
2.934	-0.002	-0.006	0.000	0.11	1.87	0.02	0.09	0.15	0.00	0	0.006	-0.011	-0.103	0.006	-0.010	8.448
2.949	-0.002	-0.006	0.000	0.11	1.87	0.02	-0.02	-0.07	0.09	0	0.005	-0.011	-0.102	0.005	-0.010	8.466
2.960	-0.001	-0.007	0.000	0.18	1.81	0.02	0.04	0.02	0.14	0	0.005	-0.011	-0.101	0.004	-0.009	8.483
2.968	-0.001	-0.005	0.000	0.08	1.82	0.02	0.02	0.04	0.16	0	0.005	-0.011	-0.100	0.003	-0.009	8.500
2.979	-0.001	-0.007	0.000	0.14	1.83	0.02	0.02	-0.17	-0.11	0	0.005	-0.011	-0.100	0.003	-0.008	8.517
2.985	-0.001	-0.006	0.000	0.11	1.79	0.02	0.30	-0.12	0.07	0	0.005	-0.011	-0.099	0.002	-0.008	8.534
2.996	-0.000	-0.006	0.000	0.11	1.78	0.02	0.18	0.07	-0.08	0	0.005	-0.011	-0.098	0.001	-0.007	8.551
3.008	-0.002	-0.006	0.000	0.10	1.87	0.02	0.04	-0.47	0.12	0	0.005	-0.011	-0.097	0.001	-0.007	8.567
3.019	-0.002	-0.005	0.000	0.07	1.88	0.02	0.07	-0.24	0.09	0	0.005	-0.011	-0.096	-0.000	-0.006	8.584
3.028	-0.002	-0.006	0.000	0.09	1.88	0.02	0.16	-0.10	-0.04	0	0.004	-0.011	-0.096	-0.001	-0.005	8.600
3.035	-0.002	-0.006	0.000	0.09	1.84	0.02	0.09	-0.12	0.20	0	0.004	-0.011	-0.095	-0.002	-0.005	8.616
3.045	-0.002	-0.006	0.000	0.11	1.84	0.02	0.07	-0.28	0.12	0	0.004	-0.011	-0.094	-0.002	-0.004	8.632
3.060	-0.000	-0.006	0.000	0.09	1.79	0.02	0.23	-0.00	0.11	0	0.004	-0.011	-0.093	-0.003	-0.004	8.648
3.067	-0.005	-0.005	0.000	0.06	1.99	0.02	0.04	0.05	0.16	0	0.004	-0.011	-0.092	-0.004	-0.003	8.664
3.079	-0.002	-0.004	0.000	0.01	1.83	0.03	0.26	-0.09	-0.06	0	0.004	-0.010	-0.092	-0.005	-0.003	8.679
3.089	-0.002	-0.004	0.000	-0.01	1.83	0.03	0.36	0.11	0.05	0	0.004	-0.010	-0.091	-0.005	-0.002	8.695
3.097	-0.002	-0.004	0.000	-0.00	1.86	0.03	0.11	-0.34	0.00	0	0.004	-0.010	-0.090	-0.006	-0.001	8.710
3.109	-0.001	-0.003	0.000	-0.03	1.79	0.03	0.07	-0.17	0.08	0	0.004	-0.009	-0.089	-0.006	-0.000	8.725
3.117	-0.004	-0.007	0.000	0.13	1.92	0.02	0.21	-0.09	0.07	0	0.003	-0.010	-0.088	-0.007	-0.000	8.741
3.126	-0.002	-0.004	0.000	0.00	1.87	0.03	0.01	-0.10	-0.24	0	0.003	-0.009	-0.088	-0.008	0.000	8.756
3.139	-0.002	-0.005	0.000	0.07	1.83	0.02	0.11	0.05	-0.17	0	0.003	-0.009	-0.087	-0.008	0.001	8.770
3.148	-0.001	-0.005	0.000	0.04	1.79	0.02	0.07	-0.08	-0.20	0	0.003	-0.009	-0.086	-0.009	0.001	8.785
3.160	-0.004	-0.001	0.000	-0.11	1.92	0.03	0.35	0.01	0.11	0	0.003	-0.009	-0.085	-0.009	0.002	8.800
3.170	-0.002	-0.000	0.000	-0.14	1.86	0.03	-0.02	-0.17	-0.05	0	0.003	-0.008	-0.085	-0.010	0.003	8.814
3.178	-0.000	-0.004	0.000	0.01	1.76	0.03	0.19	0.05	0.03	0	0.003	-0.008	-0.084	-0.010	0.004	8.829
3.189	0.000	-0.003	0.000	0.01	1.75	0.03	0.23	0.04	-0.22	0	0.003	-0.008	-0.083	-0.011	0.004	8.843
3.198	0.001	-0.004	0.000	0.06	1.72	0.03	0.09	-0.06	0.06	0	0.003	-0.008	-0.082	-0.011	0.005	8.857
3.210	0.001	-0.004	0.000	0.06	1.74	0.03	0.16	0.07	-0.08	0	0.003	-0.008	-0.082	-0.011	0.005	8.871
3.219	-0.001	-0.003	0.000	0.01	1.80	0.03	0.09	-0.21	-0.01	0	0.003	-0.007	-0.081	-0.012	0.005	8.885
3.228	-0.001	-0.003	0.000	-0.02	1.81	0.03	-0.06	-0.18	0.01	0	0.003	-0.007	-0.080	-0.012	0.006	8.898
3.239	0.001	-0.004	0.000	0.04	1.74	0.03	0.02	0.19	0.05	0	0.003	-0.007	-0.079	-0.012	0.006	8.912
3.246	0.000	-0.003	0.000	0.02	1.76	0.03	0.34	-0.22	-0.07	0	0.004	-0.007	-0.079	-0.013	0.007	8.925
3.259	0.000	-0.004	0.000	0.03	1.78	0.03	-0.01	-0.08	-0.06	0	0.004	-0.007	-0.078	-0.013	0.007	8.939
3.268	0.001	-0.004	0.000	0.03	1.75	0.03	0.04	-0.03	-0.15	0	0.004	-0.007	-0.077	-0.013	0.007	8.952
3.279	0.001	-0.004	0.000	0.06	1.75	0.03	0.10	-0.29	-0.03	0	0.004	-0.007	-0.077	-0.014	0.008	8.965
3.288	-0.001	-0.004	0.000	0.07	1.85	0.03	0.24	-0.09	-0.01	0	0.004	-0.007	-0.076	-0.014	0.008	8.978
3.299	0.001	-0.004	0.000	0.08	1.76	0.03	0.09	0.09	0.13	0	0.004	-0.007	-0.075	-0.015	0.008	8.991
3.310	0.000	-0.003	0.000	0.00	1.79	0.03	0.07	0.10	-0.13	0	0.004	-0.007	-0.074	-0.015	0.009	9.003
3.319	-0.001	-0.002	0.000	-0.00	1.84	0.03	0.08	0.04	0.08	0	0.003	-0.006	-0.074	-0.016	0.009	9.016
3.329	-0.001	-0.005	0.000	0.10	1.84	0.03	0.07	0.17	-0.08	0	0.003	-0.006	-0.073	-0.016	0.010	9.029
3.339	-0.001	-0.005	0.000	0.10	1.83	0.03	0.26	-0.36	0.09	0	0.003	-0.007	-0.072	-0.016	0.010	9.041
3.348	-0.000	-0.003	0.000	0.03	1.81	0.03	0.04	-0.19	0.05	0	0.003	-0.006	-0.072	-0.017	0.010	9.053
3.359	0.000	-0.003	0.000	0.02	1.79	0.03	-0.01	-0.04	-0.04	0	0.003	-0.006	-0.071	-0.017	0.010	9.065
3.368	0.000	-0.004	0.000	0.09	1.79	0.03	-0.00	-0.17	0.04	0	0.003	-0.006	-0.070	-0.017	0.011	9.077
3.377	0.001	-0.001	0.000	-0.05	1.76	0.03	0.26	-0.18	0.08	0	0.003	-0.006	-0.070	-0.018	0.011	9.089
3.388	0.001	-0.004	0.000	0.07	1.78	0.03	0.08	-0.27	-0.16	0	0.003	-0.006	-0.069	-0.018	0.012	9.101
3.398	0.001	-0.004	0.000	0.10	1.80	0.03	0.02	0.15	0.08	0	0.003	-0.006	-0.068	-0.018	0.012	9.113
3.409	0.001	-0.004	0.000	0.09	1.79	0.03	0.08	-0.12	-0.26	0	0.003	-0.006	-0.068	-0.019	0.012	9.124
3.418	-0.000	-0.004	0.000	0.10	1.84	0.03	0.08	-0.22	-0.09	0	0.003	-0.006	-0.067	-0.019	0.012	9.136
3.428	-0.000	-0.004	0.000	0.10	1.84	0.03	0.21	-0.02	-0.11	0	0.003	-0.006	-0.066	-0.019	0.012	9.147
3.438	-0.000	-0.003	0.000	0.03	1.84	0.03	0.26	-0.06	-0.03	0	0.003	-0.006	-0.066	-0.020	0.013	9.158
3.451	0.001	-0.004	0.000	0.11	1.80	0.03	0.15	-0.32	-0.20	0	0.003	-0.006	-0.065	-0.020	0.013	9.169
3.459	0.001	-0.004	0.000	0.10	1.81	0.03	0.14	-0.23	-0.01	0	0.003	-0.006	-0.064	-0.020	0.013	9.180
3.469	-0.003	-0.006	0.000	0.18	2.00	0.02	0.23	-0.07	0.17	0	0.003	-0.006	-0.064	-0.021	0.013	9.191
3.478	-0.003	-0.005	0.000	0.15	1.99	0.02	0.23	-0.10	-0.22	0	0.002	-0.006	-0.063	-0.022	0.013	9.202
3.486	-0.006	-0.007	0.000	0.20	2.08	0.02	0.07	-0.26	-0.04	0	0.001	-0.007	-0.063	-0.022	0.013	9.213
3.497	-0.002	-0.006	0.000	0.18	1.93	0.02	0.14	-0.04	0.18	0	0.001	-0.007	-0.062	-0.023	0.013	9.223
3.506	-0.005	-0.006	0.000	0.17	2.03	0.02	-0.07	-0.21	-0.25	0	0.001	-0.007	-0.061	-0.023	0.013	9.234
3.520	-0.002	-0.003	0.000	0.04	1.91	0.03	0.23	0.05	-0.07	0	0.001	-0.007	-0.061	-0.024	0.014	9.244
3.528	-0.002	-0.001	0.000	-0.05	1.88	0.03	0.08	0.12	0.14	0	0.000	-0.006	-0.060	-0.024	0.014	9.255
3.537	-0.002	-0.001	0.000	-0.05	1.91	0.03	0.16	-0.06	-0.09	0	0.000	-0.006	-0.059	-0.024	0.015	9.265
3.547	-0.003	-0.002	0.000	0.00	1.91	0.03	0.24	-0.10	-0.13	0	0.000	-0.006	-0.059	-0.025	0.015	9.275
3.553	-0.003	-0.000	0.000	-0.07	1.91	0.03	0.30	-0.03	-0.19	0	0.000	-0.005	-0.058	-0.025	0.016	9.285
3.569	-0.001	-0.001	0.000	-0.02	1.83	0.03	0.13	-0.04	0.02	0	0.000	-0.005	-0.058	-0.025	0.016	9.295
3.579	-0.001	-0.002	0.000	0.02	1.84	0.03	0.32	-0.02	-0.03	0	0.000	-0.005	-0.057	-0.025	0.016	9.304
3.587	-0.002	-0.001	0.000	-0.02	1.86	0.03	0.04	-0.19	0.01	0	0.000	-0.004	-0.056	-0.025	0.017	9.314
3.598	-0.000	-0.001	0.000	-0.04	1.80	0.03	0.01	-0.01	0.04	0	0.000	-0.004	-0.056	-0.026	0.017	9.324
3.606	-0.002	-0.001	0.000	-0.01	1.90	0.03	0.08	-0.11	-0.13	0	0.000	-0.004	-0.055	-0.026	0.017	9.333
3.618	-0.001	-0.002	0.000	0.05	1.85	0.02	0.02	-0.34	-0.14	0	0.000	-0.004	-0.055	-0.026	0.018	9.342
3.629	-0.001	-0.002	0.000	0.04	1.83	0.02	-0.08	-0.17	-0.21	0	0.000	-0.004	-0.054	-0.026	0.018	9.352
3.639	-0.001	-0.002	0.000	0.04	1.83	0.02	0.00	0.09	0.01	0	0.000	-0.003	-0.053	-0.026	0.018	9.361
3.648	-0.001	-0.002	0.000	0.06	1.84	0.02	0.09	-0.20	-0.24	0	0.000	-0.003	-0.053	-0.026	0.018	9.370
3.655	-0.001	-0.001	0.000	0.03	1.83	0.02	0.19	-0.15	-0.12	0	0.000	-0.003	-0.052	-0.027	0.018	9.379
3.668	-0.001	-0.002	0.000	0.07	1.85	0.02	0.29	0.01	0.09	0	0.000	-0.003	-0.052	-0.027	0.019	9.388
3.680	-0.001	-0.002	0.000	0.07	1.83	0.02	0.22	-0.04	0.06	0	0.000	-0.003	-0.051	-0.027	0.019	9.397
3.689	-0.001	-0.000	0.000	-0.01	1.84	0.03	0.13	-0.18	-0.07	0	0.000	-0.003	-0.051	-0.027	0.019	9.405
3.698	-0.001	-0.001	0.000	0.01	1.83	0.03	0.15	-0.09	-0.20	0	0.000	-0.003	-0.050	-0.027	0.019	9.414
3.706	-0.003	-0.001	0.000	0.01	1.91	0.02	0.37	0.10	-0.08	0	-0.000	-0.003	-0.050	-0.027	0.019	9.422
3.719	-0.001	-0.001	0.000	0.05	1.83	0.02	0.31	0.15	-0.04	0	-0.000	-0.003	-0.049	-0.028	0.020	9.431
3.728	-0.003	-0.001	0.000	0.03	1.90	0.02	0.25	0.06	-0.06	0	-0.000	-0.002	-0.048	-0.028	0.020	9.439
3.739	-0.001	-0.002	0.000	0.08	1.82	0.02	0.09	-0.14	0.10	0	-0.000	-0.002	-0.048	-0.028	0.020	9.447
3.747	-0.001	-0.002	0.000	0.08	1.82	0.02	0.08	-0.00	0.04	0	-0.000	-0.002	-0.047	-0.028	0.020	9.455
3.758	-0.001	-0.002	0.000	0.08	1.82	0.02	0.06	-0.05	-0.08	0	-0.000	-0.002	-0.047	-0.028	0.020	9.463
3.764	-0.003	0.000	0.000	-0.01	1.90	0.03	0.13	-0.12	0.00	0	-0.000	-0.002	-0.046	-0.028	0.020	9.471
3.778	-0.003	0.000	0.000	0.01	1.90	0.02	0.08	0.12	-0.02	0	-0.001	-0.002	-0.046	-0.029	0.020	9.479
3.788	-0.001	-0.002	0.000	0.09	1.82	0.02	0.02	-0.12	-0.19	0	-0.001	-0.002	-0.045	-0.029	0.020	9.487
3.799	-0.002	-0.002	0.000	0.11	1.86	0.02	0.16	-0.26	-0.01	0	-0.001	-0.002	-0.045	-0.029	0.020	9.495
3.809	-0.003	-0.000	0.000	0.03	1.90	0.02	0.23	-0.06	-0.03	0	-0.001	-0.002	-0.044	-0.029	0.021	9.502
3.818	-0.001	-0.005	0.000	0.22	1.81	0.02	-0.02	0.17	0.01	0	-0.001	-0.002	-0.044	-0.029	0.020	9.510
3.825	-0.001	-0.006	0.000	0.26	1.80	0.02	0.11	-0.14	0.10	0	-0.001	-0.003	-0.043	-0.029	0.020	9.517
3.838	0.000	-0.008	0.000	0.36	1.77	0.01	0.39	0.29	0.24	0	-0.001	-0.003	-0.043	-0.029	0.020	9.524
3.846	0.001	-0.008	0.000	0.35	1.73	0.02	0.09	-0.11	-0.05	0	-0.000	-0.004	-0.042	-0.029	0.019	9.532
3.857	-0.001	-0.010	0.000	0.43	1.82	0.01	0.02	0.03	0.14	0	-0.000	-0.005	-0.042	-0.029	0.018	9.539
3.869	-0.000	-0.007	0.000	0.29	1.79	0.02	0.18	-0.11	-0.22	0	-0.000	-0.005	-0.041	-0.029	0.018	9.546
3.879	0.001	-0.008	0.000	0.32	1.73	0.01	0.06	-0.29	-0.16	0	0.000	-0.006	-0.041	-0.029	0.018	9.553
3.888	0.001	-0.009	0.000	0.32	1.74	0.01	0.08	0.04	-0.01	0	0.000	-0.006	-0.040	-0.029	0.018	9.560
3.899	0.000	-0.009	0.000	0.33	1.79	0.01	0.29	0.22	0.11	0	0.000	-0.007	-0.040	-0.029	0.017	9.567
3.906	0.001	-0.008	0.000	0.28	1.74	0.01	-0.18	-0.06	0.05	0	0.000	-0.007	-0.040	-0.029	0.017	9.573
3.918	0.000	-0.009	0.000	0.28	1.80	0.01	0.09	-0.00	0.09	0	0.000	-0.007	-0.039	-0.029	0.017	9.580
3.929	-0.001	-0.008	0.000	0.26	1.84	0.02	0.20	0.23	-0.04	35969	0.000	-0.008	-0.039	-0.029	0.017	9.587
3.939	-0.001	-0.009	0.000	0.26	1.83	0.02	0.16	-0.31	-0.59	35961	0.000	-0.008	-0.038	-0.029	0.017	9.593
3.949	-0.001	-0.009	0.000	0.28	1.84	0.01	0.28	-0.13	0.02	35956	0.000	-0.008	-0.036	-0.029	0.017	9.599
3.956	-0.001	-0.009	0.000	0.24	1.84	0.01	-0.90	-1.65	0.38	35974	0.000	-0.008	-0.035	-0.029	0.017	9.605
3.969	0.001	-0.009	0.000	0.23	1.76	0.01	0.16	-0.79	-2.63	35969	0.000	-0.008	-0.033	-0.029	0.017	9.611
3.979	-0.001	-0.008	0.000	0.18	1.85	0.01	-0.54	-0.11	-0.36	35958	0.000	-0.008	-0.031	-0.029	0.017	9.616
3.989	-0.001	-0.008	0.000	0.15	1.84	0.01	-0.80	-1.31	-0.15	35948	0.000	-0.008	-0.029	-0.029	0.017	9.621
3.998	-0.001	-0.007	0.000	0.12	1.86	0.01	-1.06	-0.25	-0.63	35967	0.000	-0.008	-0.026	-0.029	0.017	9.626
4.006	0.000	-0.008	0.000	0.15	1.83	0.01	-0.77	-1.98	-0.25	35966	0.000	-0.008	-0.024	-0.029	0.017	9.630
4.018	-0.001	-0.008	0.000	0.13	1.86	0.01	0.18	0.37	0.28	35982	0.000	-0.008	-0.022	-0.030	0.017	9.634
4.031	-0.001	-0.009	0.000	0.16	1.86	0.01	-3.49	-2.75	-0.29	35965	0.001	-0.009	-0.019	-0.030	0.017	9.637
4.038	0.001	-0.009	0.000	0.15	1.81	0.00	1.59	0.50	-0.33	35981	0.001	-0.009	-0.016	-0.030	0.017	9.640
4.048	-0.001	-0.009	0.000	0.12	1.86	0.01	0.52	0.53	-0.45	35976	0.001	-0.009	-0.014	-0.030	0.017	9.642
4.057	0.001	-0.009	0.000	0.12	1.77	0.00	-0.91	-1.47	-1.67	35969	0.001	-0.009	-0.011	-0.030	0.017	9.644
4.069	0.000	-0.008	0.000	0.07	1.81	-0.01	-2.12	-0.94	-3.65	35979	0.001	-0.009	-0.008	-0.030	0.017	9.646
4.078	-0.001	-0.008	0.000	0.04	1.85	-0.05	-2.09	-1.74	-8.62	35995	0.001	-0.009	-0.006	-0.030	0.017	9.647
4.089	-0.000	-0.008	0.000	0.02	1.82	-0.12	-2.15	-1.83	-12.54	36027	0.001	-0.009	-0.003	-0.030	0.017	9.647
4.098	0.001	-0.008	0.000	0.01	1.78	-0.24	-0.44	-0.49	-13.41	36024	0.001	-0.009	-0.000	-0.030	0.017	9.647
4.109	0.001	-0.008	0.000	0.02	1.78	-0.38	-1.21	-2.08	-10.07	36015	0.002	-0.009	0.002	-0.030	0.018	9.647
4.116	-0.000	-0.008	0.000	-0.03	1.84	-0.49	-2.72	-1.86	-4.33	36022	0.002	-0.009	0.005	-0.031	0.018	9.646
4.129	-0.002	-0.008	0.000	-0.05	1.92	-0.54	-0.03	0.39	-2.45	36046	0.001	-0.009	0.007	-0.031	0.018	9.645
4.138	-0.002	-0.008	0.000	-0.06	1.88	-0.56	0.21	-0.56	-7.03	38162	0.001	-0.009	0.010	-0.031	0.018	9.643
4.149	-0.003	-0.011	-0.000	0.08	1.91	-0.63	-0.69	0.19	-10.31	38197	0.001	-0.009	0.012	-0.032	0.018	9.641
4.159	-0.002	-0.010	0.000	0.04	1.85	-0.73	-1.53	-2.11	-11.94	38221	0.001	-0.009	0.015	-0.032	0.018	9.639
4.169	-0.002	-0.011	0.000	0.04	1.83	-0.84	-0.08	0.62	-11.52	38219	0.001	-0.009	0.018	-0.032	0.017	9.636
4.179	-0.002	-0.011	0.000	0.02	1.83	-0.96	2.99	4.76	-6.50	38223	0.001	-0.010	0.020	-0.033	0.017	9.632
4.188	-0.002	-0.011	0.000	0.06	1.76	-1.03	5.49	4.68	-5.85	38248	0.001	-0.010	0.023	-0.033	0.017	9.628
4.199	-0.001	-0.011	0.000	0.10	1.66	-1.09	1.66	0.94	-6.52	38272	0.001	-0.010	0.025	-0.033	0.017	9.624
4.208	-0.004	-0.014	-0.000	0.26	1.74	-1.16	-7.71	-6.57	-5.15	38265	0.001	-0.011	0.028	-0.034	0.017	9.619
4.218	-0.003	-0.013	0.000	0.16	1.72	-1.21	-6.73	-6.54	-6.98	38335	0.001	-0.011	0.031	-0.034	0.017	9.614
4.229	-0.003	-0.009	0.000	-0.12	1.77	-1.27	1.28	1.74	-9.64	38316	0.000	-0.011	0.033	-0.035	0.017	9.608
4.239	-0.004	-0.009	0.000	-0.09	1.78	-1.36	10.14	10.38	-11.12	38279	0.000	-0.011	0.036	-0.035	0.017	9.602
4.249	-0.002	-0.010	0.000	0.01	1.60	-1.48	14.03	12.67	-10.08	38271	0.000	-0.011	0.038	-0.035	0.017	9.596
4.259	-0.002	-0.006	0.000	0.00	1.42	-1.58	7.52	10.97	-9.24	38278	0.000	-0.010	0.041	-0.036	0.018	9.589
4.267	-0.001	-0.009	0.000	0.19	1.26	-1.67	3.75	2.03	-8.34	38286	0.001	-0.010	0.043	-0.036	0.018	9.582
4.279	-0.004	-0.008	0.000	0.22	1.36	-1.76	-4.80	3.23	-6.80	38251	0.000	-0.010	0.046	-0.036	0.018	9.574
4.288	-0.005	-0.008	0.000	0.19	1.34	-1.83	-7.42	6.81	-8.05	38254	-0.000	-0.010	0.048	-0.037	0.018	9.566
4.299	-0.002	-0.012	0.001	0.29	1.12	-1.90	-1.84	6.71	-9.38	38193	-0.000	-0.010	0.050	-0.037	0.018	9.557
4.308	-0.002	-0.013	0.001	0.30	1.03	-2.00	-1.87	15.95	-8.05	38137	0.000	-0.011	0.053	-0.037	0.018	9.548
4.318	-0.005	-0.013	0.001	0.27	0.98	-2.08	1.41	14.47	-6.53	38174	-0.000	-0.011	0.055	-0.038	0.017	9.539
4.328	-0.004	-0.012	0.001	0.24	0.76	-2.14	2.11	13.37	-4.98	38168	-0.000	-0.011	0.057	-0.038	0.017	9.529
4.338	-0.005	-0.013	0.001	0.27	0.63	-2.19	-7.05	11.95	-4.19	38098	-0.001	-0.012	0.060	-0.039	0.017	9.519
4.352	0.001	-0.014	0.001	0.26	0.25	-2.23	-12.06	0.31	-2.93	40310	-0.000	-0.012	0.062	-0.039	0.017	9.509
4.356	0.001	-0.018	0.001	0.29	0.17	-2.26	-19.57	5.24	-0.50	40275	0.000	-0.013	0.064	-0.039	0.016	9.498
4.368	0.003	-0.019	0.001	0.11	0.06	-2.27	-21.97	0.01	0.60	40341	0.001	-0.014	0.066	-0.038	0.016	9.487
4.377	0.003	-0.019	0.001	-0.12	0.04	-2.27	-24.13	-5.11	1.32	40367	0.001	-0.015	0.069	-0.038	0.015	9.476
4.388	-0.001	-0.019	0.001	-0.39	0.23	-2.25	-35.23	4.14	1.07	40386	0.001	-0.015	0.071	-0.038	0.015	9.464
4.398	0.001	-0.026	0.001	-0.43	0.11	-2.22	-31.67	-3.54	0.70	40475	0.002	-0.017	0.073	-0.038	0.014	9.451
4.408	0.001	-0.026	0.001	-0.82	0.10	-2.22	-27.64	-0.21	0.20	40485	0.002	-0.018	0.075	-0.039	0.013	9.439
4.418	0.005	-0.026	0.001	-1.10	-0.07	-2.22	-16.62	7.81	-0.77	40482	0.003	-0.019	0.077	-0.038	0.012	9.426
4.426	0.003	-0.031	0.001	-1.08	-0.03	-2.20	-12.28	16.30	-0.23	40487	0.003	-0.021	0.079	-0.038	0.011	9.412
4.438	0.004	-0.032	0.001	-1.21	-0.23	-2.20	-8.88	23.91	1.74	40583	0.003	-0.023	0.081	-0.038	0.010	9.399
4.449	0.001	-0.032	0.001	-1.35	-0.34	-2.21	-7.62	26.38	3.46	40618	0.003	-0.024	0.083	-0.038	0.009	9.385
4.458	0.005	-0.032	0.001	-1.49	-0.77	-2.18	-7.16	33.03	5.31	40678	0.004	-0.025	0.086	-0.038	0.008	9.370
4.468	0.002	-0.032	0.001	-1.57	-0.98	-2.15	-1.68	28.33	4.64	40738	0.004	-0.026	0.088	-0.038	0.007	9.355
4.479	0.006	-0.031	0.001	-1.67	-1.42	-2.11	0.80	19.74	4.85	40848	0.004	-0.027	0.090	-0.038	0.007	9.340
4.489	0.005	-0.030	0.001	-1.72	-1.57	-2.08	-6.28	24.42	4.89	40882	0.004	-0.028	0.092	-0.038	0.007	9.325
4.499	0.005	-0.032	0.001	-1.72	-1.81	-2.03	1.70	14.22	6.08	40900	0.004	-0.028	0.094	-0.038	0.006	9.309
4.508	0.006	-0.029	0.001	-1.87	-2.02	-2.01	0.87	1.38	5.39	40891	0.005	-0.028	0.096	-0.038	0.006	9.293
4.518	0.008	-0.029	0.001	-1.87	-2.14	-1.95	-1.62	0.01	6.18	40860	0.005	-0.029	0.098	-0.037	0.006	9.276
4.527	0.006	-0.030	0.001	-1.86	-2.01	-1.89	-0.05	5.38	7.59	40920	0.005	-0.029	0.100	-0.037	0.006	9.260
4.537	0.006	-0.030	0.001	-1.87	-2.04	-1.83	-0.74	6.32	7.92	40776	0.005	-0.029	0.101	-0.037	0.006	9.243
4.550	0.006	-0.029	0.001	-1.92	-2.09	-1.76	-8.77	7.12	8.21	40729	0.005	-0.029	0.103	-0.037	0.006	9.225
4.558	0.005	-0.024	0.001	-2.20	-2.10	-1.76	-13.89	9.46	8.66	42859	0.005	-0.028	0.105	-0.037	0.006	9.208
4.568	0.004	-0.023	0.001	-2.37	-2.16	-1.69	-18.00	16.28	9.18	42966	0.005	-0.028	0.107	-0.037	0.007	9.190
4.577	0.006	-0.025	0.001	-2.45	-2.40	-1.57	-14.92	21.41	7.91	42936	0.005	-0.027	0.109	-0.037	0.007	9.171
4.588	0.012	-0.028	0.001	-2.46	-2.85	-1.41	-11.85	18.91	9.25	42899	0.006	-0.027	0.111	-0.036	0.007	9.153
4.598	0.013	-0.029	0.002	-2.53	-3.05	-1.31	1.63	6.90	10.69	42954	0.007	-0.027	0.113	-0.036	0.007	9.134
4.608	0.010	-0.028	0.002	-2.55	-2.98	-1.25	12.22	-11.86	8.77	42937	0.007	-0.027	0.115	-0.035	0.007	9.114
4.616	0.010	-0.028	0.002	-2.43	-2.85	-1.16	15.70	-25.32	8.71	42917	0.007	-0.027	0.116	-0.035	0.007	9.095
4.627	0.014	-0.029	0.002	-2.23	-2.79	-1.01	20.49	-37.09	8.02	42814	0.008	-0.027	0.118	-0.034	0.007	9.075
4.637	0.015	-0.030	0.003	-1.96	-2.42	-0.89	18.96	-52.59	8.22	42805	0.008	-0.027	0.120	-0.033	0.006	9.055
4.648	0.014	-0.030	0.002	-1.79	-1.84	-0.82	18.56	-59.82	8.75	42698	0.009	-0.028	0.122	-0.033	0.006	9.035
4.658	0.008	-0.026	0.003	-1.76	-0.98	-0.84	17.76	-61.36	8.60	42791	0.009	-0.027	0.124	-0.033	0.006	9.014
4.666	0.008	-0.025	0.003	-1.59	-0.34	-0.75	22.74	-62.43	8.39	42641	0.009	-0.026	0.126	-0.033	0.007	8.993
4.679	0.010	-0.027	0.004	-1.25	0.21	-0.59	25.97	-58.32	9.17	42568	0.009	-0.026	0.128	-0.033	0.006	8.972
4.687	0.012	-0.027	0.005	-1.00	0.73	-0.47	26.08	-53.66	8.27	42431	0.009	-0.026	0.130	-0.033	0.006	8.951
4.696	0.012	-0.026	0.003	-0.75	1.31	-0.40	19.52	-49.41	5.81	42715	0.010	-0.026	0.132	-0.032	0.006	8.929
4.707	0.013	-0.024	0.004	-0.64	1.81	-0.36	21.68	-43.82	4.56	42580	0.010	-0.025	0.133	-0.032	0.006	8.907
4.716	0.013	-0.023	0.004	-0.43	2.25	-0.30	21.09	-35.51	5.26	42441	0.011	-0.025	0.135	-0.032	0.007	8.884
4.727	0.013	-0.025	0.005	-0.10	2.66	-0.23	15.45	-23.38	7.20	42327	0.011	-0.024	0.137	-0.032	0.006	8.862
4.737	0.013	-0.024	0.004	0.01	2.94	-0.18	13.18	-11.20	7.35	42196	0.011	-0.024	0.138	-0.032	0.006	8.839
4.742	0.015	-0.026	0.004	0.25	3.00	-0.07	7.93	-0.29	7.79	42527	0.012	-0.024	0.140	-0.031	0.006	8.816
4.759	0.016	-0.027	0.005	0.39	2.99	0.03	7.05	10.88	7.97	42417	0.013	-0.024	0.142	-0.031	0.006	8.792
4.768	0.015	-0.026	0.006	0.43	2.93	0.09	7.16	11.21	8.55	44334	0.013	-0.024	0.143	-0.031	0.006	8.769
4.776	0.014	-0.026	0.007	0.49	2.88	0.17	7.93	8.16	8.28	44211	0.013	-0.024	0.145	-0.031	0.005	8.745
4.788	0.013	-0.024	0.005	0.47	2.85	0.24	4.90	9.67	9.97	44594	0.014	-0.023	0.146	-0.031	0.005	8.721
4.799	0.012	-0.023	0.005	0.52	2.80	0.33	2.84	8.88	9.40	44530	0.014	-0.023	0.148	-0.031	0.005	8.697
4.808	0.012	-0.023	0.006	0.54	2.70	0.42	3.47	11.43	10.05	44462	0.014	-0.023	0.150	-0.031	0.005	8.673
4.818	0.012	-0.023	0.007	0.58	2.59	0.52	4.38	12.42	9.98	44354	0.014	-0.023	0.151	-0.031	0.005	8.648
4.828	0.012	-0.022	0.010	0.62	2.47	0.63	2.42	15.08	9.63	44233	0.014	-0.022	0.154	-0.032	0.005	8.624
4.840	0.011	-0.018	0.011	0.46	2.34	0.72	-0.91	19.61	8.91	43679	0.014	-0.021	0.156	-0.032	0.006	8.599
4.847	0.012	-0.014	0.012	0.32	2.12	0.81	-2.75	18.84	9.25	43594	0.014	-0.020	0.158	-0.032	0.006	8.574
4.858	0.011	-0.013	0.013	0.27	1.95	0.90	-0.66	14.46	8.95	43508	0.014	-0.019	0.160	-0.032	0.007	8.549
4.867	0.013	-0.013	0.018	0.29	1.70	0.99	2.23	11.31	8.21	43408	0.014	-0.018	0.163	-0.033	0.007	8.524
4.879	0.013	-0.013	0.019	0.35	1.57	1.08	4.44	11.04	6.91	42671	0.014	-0.017	0.166	-0.033	0.008	8.499
4.888	0.013	-0.013	0.021	0.41	1.44	1.15	5.58	10.10	5.77	42552	0.014	-0.016	0.169	-0.033	0.008	8.474
4.896	0.012	-0.013	0.022	0.47	1.38	1.21	8.80	9.72	5.23	42419	0.014	-0.015	0.171	-0.033	0.008	8.449
4.908	0.014	-0.014	0.024	0.64	1.21	1.26	13.07	10.04	4.01	42306	0.015	-0.015	0.174	-0.033	0.008	8.423
4.916	0.012	-0.013	0.030	0.72	1.16	1.31	15.41	10.86	2.64	41320	0.015	-0.014	0.177	-0.034	0.009	8.398
4.927	0.012	-0.012	0.032	0.86	1.03	1.34	17.10	11.10	1.46	41227	0.015	-0.014	0.180	-0.034	0.009	8.373
4.934	0.011	-0.012	0.034	1.06	0.97	1.36	13.24	13.24	0.73	41184	0.015	-0.013	0.183	-0.034	0.009	8.347
4.949	0.009	-0.013	0.035	1.25	0.88	1.37	10.87	14.32	-0.26	41190	0.014	-0.013	0.186	-0.035	0.009	8.322
4.958	0.008	-0.014	0.041	1.40	0.76	1.37	7.39	13.68	-1.88	41198	0.014	-0.013	0.190	-0.035	0.009	8.296
4.968	0.007	-0.013	0.042	1.48	0.63	1.36	4.07	14.00	-3.94	40556	0.013	-0.012	0.193	-0.036	0.009	8.270
4.977	0.008	-0.014	0.044	1.57	0.44	1.32	-1.80	16.05	-4.72	42651	0.013	-0.012	0.196	-0.037	0.009	8.245
4.987	0.008	-0.016	0.046	1.64	0.25	1.28	-8.05	16.78	-4.65	42680	0.013	-0.013	0.199	-0.037	0.008	8.219
4.996	0.007	-0.016	0.048	1.60	0.11	1.24	-13.20	17.39	-4.92	42721	0.012	-0.013	0.202	-0.038	0.008	8.192
5.008	0.007	-0.016	0.053	1.47	-0.09	1.19	-17.31	18.24	-5.17	42310	0.012	-0.013	0.206	-0.038	0.008	8.166
5.018	0.005	-0.017	0.054	1.32	-0.22	1.15	-18.63	15.16	-5.28	42354	0.011	-0.013	0.209	-0.039	0.007	8.140
5.028	0.005	-0.016	0.056	1.12	-0.38	1.10	-18.38	10.58	-5.51	42375	0.011	-0.014	0.212	-0.040	0.007	8.113
5.037	0.005	-0.016	0.058	0.93	-0.51	1.05	-19.50	7.09	-4.11	42394	0.010	-0.014	0.215	-0.040	0.007	8.087
5.047	0.005	-0.014	0.063	0.65	-0.63	1.00	-20.60	8.00	-4.44	42419	0.010	-0.014	0.218	-0.041	0.006	8.060
5.057	0.007	-0.015	0.065	0.47	-0.79	0.94	-20.76	13.62	-4.17	41921	0.009	-0.014	0.221	-0.041	0.006	8.034
5.068	0.006	-0.015	0.067	0.27	-0.92	0.91	-18.96	19.51	-3.91	41945	0.009	-0.014	0.224	-0.041	0.006	8.007
5.079	0.008	-0.013	0.069	-0.00	-1.19	0.85	-16.49	25.72	-3.90	41993	0.009	-0.014	0.227	-0.041	0.006	7.980
5.086	0.007	-0.008	0.070	-0.40	-1.40	0.80	-13.53	27.57	-1.51	42031	0.009	-0.013	0.230	-0.042	0.007	7.953
5.098	0.007	-0.008	0.072	-0.51	-1.67	0.78	-9.66	25.56	-0.14	42144	0.009	-0.012	0.233	-0.042	0.007	7.925
5.106	0.006	-0.009	0.074	-0.59	-1.93	0.78	-3.72	21.41	0.81	42179	0.008	-0.012	0.235	-0.042	0.008	7.898
5.118	0.006	-0.008	0.076	-0.63	-2.15	0.78	1.77	12.63	1.46	42192	0.008	-0.011	0.238	-0.042	0.008	7.870
5.126	0.006	-0.007	0.077	-0.65	-2.30	0.78	7.11	1.60	1.57	42217	0.008	-0.010	0.240	-0.042	0.008	7.842
5.139	0.004	-0.012	0.075	-0.37	-2.25	0.84	9.15	-9.34	1.44	43084	0.007	-0.011	0.242	-0.043	0.008	7.814
5.147	0.004	-0.014	0.076	-0.23	-2.17	0.87	10.43	-16.92	0.72	43136	0.007	-0.011	0.244	-0.043	0.008	7.785
5.155	0.004	-0.014	0.078	-0.11	-1.99	0.88	11.93	-21.59	0.15	43241	0.006	-0.011	0.245	-0.043	0.007	7.757
5.168	0.003	-0.014	0.079	0.00	-1.78	0.88	10.97	-24.78	0.09	43351	0.006	-0.011	0.247	-0.043	0.007	7.728
5.176	0.004	-0.014	0.079	0.14	-1.57	0.88	10.69	-23.40	-0.40	43434	0.005	-0.011	0.248	-0.044	0.007	7.699
5.186	0.004	-0.017	0.080	0.35	-1.31	0.90	9.20	-20.79	-0.19	45785	0.005	-0.012	0.250	-0.044	0.006	7.670
5.198	0.004	-0.017	0.082	0.44	-1.10	0.90	5.70	-17.65	-0.37	45896	0.005	-0.012	0.252	-0.044	0.006	7.641
5.208	0.004	-0.018	0.083	0.55	-0.93	0.90	1.85	-12.98	-0.54	45995	0.004	-0.013	0.253	-0.044	0.005	7.612
5.218	0.004	-0.018	0.084	0.56	-0.79	0.89	-1.96	-7.79	-0.91	46104	0.004	-0.014	0.255	-0.044	0.005	7.583
5.227	0.004	-0.019	0.086	0.56	-0.71	0.89	-6.43	-1.93	-0.80	46018	0.004	-0.014	0.257	-0.044	0.004	7.554
5.238	0.004	-0.020	0.087	0.55	-0.67	0.89	-10.19	2.06	-0.97	46066	0.004	-0.015	0.259	-0.044	0.003	7.525
5.249	0.004	-0.021	0.088	0.46	-0.68	0.88	-14.10	2.25	-1.10	46102	0.003	-0.016	0.260	-0.044	0.003	7.495
5.258	0.004	-0.021	0.089	0.33	-0.70	0.87	-15.88	1.52	-1.59	46149	0.003	-0.016	0.262	-0.044	0.002	7.466
5.268	0.004	-0.023	0.089	0.21	-0.71	0.87	-17.71	2.74	-1.64	46206	0.003	-0.017	0.264	-0.044	0.002	7.436
5.278	0.004	-0.023	0.090	0.06	-0.75	0.85	-18.31	2.53	-1.41	46289	0.003	-0.018	0.266	-0.044	0.001	7.406
5.289	0.004	-0.024	0.091	-0.11	-0.77	0.84	-16.19	3.25	-0.96	46305	0.003	-0.019	0.267	-0.044	0.000	7.376
5.297	0.005	-0.025	0.092	-0.25	-0.81	0.83	-14.99	1.70	-0.72	46303	0.003	-0.019	0.269	-0.043	-0.000	7.346
5.308	0.005	-0.025	0.095	-0.41	-0.83	0.82	-13.15	-1.58	-0.65	46276	0.003	-0.020	0.271	-0.043	-0.001	7.316
5.317	0.005	-0.026	0.096	-0.55	-0.81	0.82	-11.35	-6.12	-0.79	45814	0.002	-0.021	0.273	-0.043	-0.001	7.286
5.327	0.005	-0.026	0.098	-0.67	-0.76	0.81	-8.90	-11.44	-1.54	45771	0.002	-0.022	0.275	-0.043	-0.002	7.256
5.338	0.005	-0.027	0.099	-0.74	-0.66	0.80	-7.54	-16.43	-2.45	45754	0.002	-0.022	0.277	-0.042	-0.002	7.225
5.347	0.005	-0.027	0.100	-0.82	-0.48	0.77	-4.29	-18.37	-2.72	45750	0.002	-0.023	0.279	-0.042	-0.003	7.195
5.358	0.005	-0.028	0.102	-0.86	-0.30	0.75	-2.03	-19.20	-2.93	45529	0.002	-0.024	0.281	-0.042	-0.003	7.165
5.368	0.005	-0.028	0.103	-0.90	-0.11	0.72	-1.37	-16.19	-2.39	45516	0.002	-0.024	0.282	-0.041	-0.004	7.134
5.379	0.005	-0.028	0.105	-0.93	0.07	0.70	-1.01	-12.33	-2.08	45484	0.002	-0.025	0.284	-0.041	-0.004	7.103
5.387	0.006	-0.029	0.106	-0.94	0.19	0.68	-1.02	-6.75	-1.84	45448	0.003	-0.025	0.286	-0.041	-0.005	7.073
5.395	0.007	-0.031	0.106	-0.88	0.24	0.68	-1.55	-2.66	-1.56	47510	0.003	-0.026	0.288	-0.040	-0.005	7.042
5.407	0.007	-0.031	0.107	-0.90	0.28	0.66	-1.80	-1.03	-2.14	47714	0.003	-0.027	0.289	-0.040	-0.006	7.011
5.419	0.007	-0.031	0.108	-0.92	0.27	0.64	-2.37	-0.48	-2.30	47675	0.003	-0.027	0.291	-0.039	-0.006	6.980
5.427	0.007	-0.032	0.110	-0.94	0.31	0.62	-3.43	1.89	-2.14	47605	0.003	-0.028	0.293	-0.039	-0.006	6.948
5.437	0.007	-0.032	0.111	-0.99	0.29	0.59	-3.24	3.83	-1.93	47540	0.003	-0.028	0.294	-0.039	-0.007	6.917
5.447	0.007	-0.032	0.111	-1.04	0.25	0.57	-2.70	5.62	-2.18	47672	0.004	-0.029	0.296	-0.038	-0.007	6.886
5.458	0.008	-0.031	0.112	-1.08	0.18	0.55	-2.52	8.11	-2.39	47572	0.004	-0.029	0.297	-0.038	-0.007	6.854
5.468	0.007	-0.034	0.114	-1.03	0.14	0.53	-1.72	6.19	-2.58	47452	0.004	-0.030	0.299	-0.037	-0.008	6.823
5.479	0.008	-0.034	0.115	-1.05	0.07	0.51	-1.43	2.59	-2.52	47343	0.004	-0.030	0.301	-0.037	-0.008	6.791
5.487	0.007	-0.034	0.112	-1.06	0.05	0.48	1.10	-1.85	-2.30	47258	0.004	-0.031	0.302	-0.037	-0.009	6.759
5.498	0.008	-0.034	0.114	-1.07	0.03	0.46	1.26	-4.34	-2.22	47956	0.004	-0.031	0.303	-0.036	-0.009	6.727
5.508	0.008	-0.034	0.115	-1.04	0.09	0.44	1.63	-4.62	-2.56	47879	0.005	-0.031	0.304	-0.036	-0.009	6.694
5.518	0.008	-0.035	0.116	-1.03	0.14	0.41	1.18	-3.60	-2.48	47800	0.005	-0.032	0.305	-0.035	-0.010	6.662
5.528	0.008	-0.035	0.115	-1.01	0.18	0.39	1.88	-1.79	-1.76	47697	0.005	-0.032	0.306	-0.035	-0.010	6.630
5.537	0.008	-0.035	0.116	-1.00	0.20	0.37	2.08	-0.20	-1.18	48119	0.005	-0.032	0.307	-0.035	-0.010	6.597
5.547	0.008	-0.034	0.117	-1.02	0.21	0.35	2.65	1.40	-0.89	48020	0.005	-0.032	0.308	-0.034	-0.011	6.564
5.558	0.008	-0.035	0.118	-0.96	0.20	0.35	4.31	1.51	-0.53	47929	0.005	-0.033	0.309	-0.034	-0.011	6.532
5.567	0.009	-0.035	0.120	-0.92	0.18	0.34	5.77	1.27	-0.55	47818	0.005	-0.033	0.311	-0.034	-0.011	6.499
5.579	0.009	-0.035	0.120	-0.86	0.17	0.33	6.84	0.47	-0.70	47843	0.006	-0.033	0.312	-0.033	-0.011	6.467
5.587	0.009	-0.036	0.122	-0.80	0.16	0.33	7.81	-0.03	-0.49	47694	0.006	-0.033	0.313	-0.033	-0.012	6.434
5.599	0.009	-0.033	0.123	-0.82	0.17	0.32	6.67	-0.90	-0.53	49578	0.006	-0.033	0.314	-0.033	-0.012	6.402
5.607	0.009	-0.036	0.125	-0.65	0.18	0.32	6.09	-1.21	-0.37	49447	0.006	-0.033	0.316	-0.032	-0.012	6.369
5.618	0.009	-0.037	0.124	-0.55	0.20	0.32	5.90	-2.04	-0.53	49317	0.006	-0.034	0.317	-0.032	-0.012	6.336
5.628	0.009	-0.036	0.126	-0.51	0.21	0.31	5.07	-2.53	-0.35	49532	0.006	-0.034	0.318	-0.032	-0.013	6.303
5.638	0.009	-0.034	0.127	-0.54	0.24	0.30	4.61	-1.91	-0.35	49373	0.006	-0.034	0.320	-0.031	-0.013	6.271
5.648	0.009	-0.034	0.129	-0.50	0.27	0.30	3.07	-1.91	-0.29	49210	0.006	-0.034	0.321	-0.031	-0.013	6.238
5.658	0.009	-0.034	0.131	-0.47	0.28	0.30	1.06	-0.53	-0.30	49050	0.007	-0.033	0.323	-0.031	-0.013	6.205
5.666	0.009	-0.034	0.134	-0.43	0.29	0.30	0.06	0.85	-0.46	48574	0.007	-0.033	0.325	-0.031	-0.013	6.172
5.678	0.008	-0.036	0.136	-0.36	0.30	0.29	-0.32	1.91	-0.30	48389	0.007	-0.034	0.327	-0.030	-0.013	6.140
5.688	0.008	-0.036	0.138	-0.39	0.29	0.29	-0.21	2.53	-0.19	48187	0.007	-0.034	0.329	-0.030	-0.013	6.107
5.698	0.009	-0.036	0.140	-0.38	0.25	0.29	0.46	3.65	-0.28	47992	0.007	-0.034	0.331	-0.030	-0.013	6.075
5.707	0.009	-0.034	0.142	-0.44	0.21	0.28	1.69	3.76	-0.09	47799	0.007	-0.034	0.334	-0.030	-0.014	6.042
5.716	0.009	-0.034	0.145	-0.42	0.18	0.28	2.39	3.32	-0.36	47530	0.007	-0.033	0.336	-0.030	-0.014	6.009
5.728	0.009	-0.034	0.147	-0.40	0.14	0.28	2.96	2.54	-0.15	47312	0.007	-0.033	0.338	-0.029	-0.014	5.977
5.738	0.016	-0.036	0.149	-0.30	-0.13	0.29	3.77	2.35	-0.25	47089	0.008	-0.033	0.340	-0.028	-0.014	5.944
5.746	0.017	-0.035	0.150	-0.29	-0.15	0.29	4.11	0.95	-0.19	46877	0.009	-0.033	0.342	-0.027	-0.014	5.912
5.758	0.017	-0.035	0.153	-0.25	-0.16	0.29	4.70	-0.66	-0.36	46931	0.010	-0.033	0.344	-0.027	-0.014	5.879
5.767	0.017	-0.035	0.155	-0.20	-0.16	0.28	4.30	-2.11	-0.61	46734	0.010	-0.033	0.346	-0.026	-0.014	5.846
5.772	0.018	-0.035	0.157	-0.16	-0.14	0.28	4.52	-2.45	-0.62	46550	0.011	-0.033	0.348	-0.025	-0.015	5.814
5.787	0.018	-0.035	0.160	-0.11	-0.12	0.27	3.96	-4.32	-0.65	46373	0.012	-0.033	0.350	-0.024	-0.015	5.781
5.799	0.018	-0.035	0.162	-0.07	-0.07	0.27	2.94	-5.49	-0.49	46294	0.013	-0.033	0.352	-0.024	-0.015	5.749
5.806	0.019	-0.035	0.164	-0.04	-0.04	0.26	2.69	-6.01	-0.83	48232	0.013	-0.033	0.354	-0.023	-0.015	5.717
5.815	0.019	-0.035	0.167	-0.01	0.05	0.25	2.31	-7.10	-0.83	48076	0.014	-0.033	0.357	-0.022	-0.015	5.684
5.823	0.018	-0.035	0.170	0.02	0.15	0.24	2.55	-7.50	-0.88	47928	0.014	-0.033	0.359	-0.022	-0.015	5.652
5.838	0.020	-0.035	0.174	0.04	0.19	0.23	2.03	-9.40	-1.20	47765	0.015	-0.033	0.361	-0.022	-0.016	5.620
5.847	0.012	-0.035	0.177	0.06	0.53	0.21	1.81	-9.01	-1.57	47194	0.015	-0.033	0.364	-0.022	-0.016	5.588
5.855	0.012	-0.035	0.180	0.08	0.62	0.20	1.59	-7.65	-1.76	46986	0.014	-0.033	0.367	-0.022	-0.016	5.557
5.864	0.012	-0.034	0.183	0.09	0.68	0.18	2.25	-5.62	-2.11	46790	0.014	-0.033	0.369	-0.022	-0.016	5.525
5.872	0.012	-0.034	0.186	0.11	0.74	0.16	1.09	-1.65	-2.29	46595	0.014	-0.033	0.372	-0.023	-0.016	5.493
5.888	0.012	-0.034	0.190	0.12	0.77	0.14	1.02	1.40	-2.18	46265	0.013	-0.033	0.375	-0.023	-0.016	5.462
5.897	0.013	-0.034	0.193	0.14	0.75	0.11	1.32	5.41	-2.39	46084	0.013	-0.033	0.378	-0.023	-0.016	5.430
5.906	0.013	-0.034	0.196	0.15	0.70	0.09	0.73	7.99	-1.94	45899	0.013	-0.033	0.380	-0.023	-0.016	5.399
5.915	0.013	-0.034	0.199	0.15	0.62	0.07	0.25	9.99	-2.20	45710	0.013	-0.033	0.383	-0.023	-0.016	5.367
5.925	0.013	-0.031	0.201	0.07	0.50	0.05	-0.10	10.19	-2.35	45520	0.013	-0.033	0.386	-0.023	-0.016	5.336
5.938	0.013	-0.030	0.204	0.07	0.39	0.02	0.14	11.25	-2.49	45495	0.013	-0.032	0.388	-0.023	-0.016	5.305
5.946	0.013	-0.030	0.208	0.07	0.29	-0.00	1.09	8.75	-2.25	45331	0.013	-0.032	0.391	-0.023	-0.016	5.274
5.957	0.013	-0.030	0.211	0.08	0.19	-0.02	1.82	8.19	-3.02	45174	0.013	-0.031	0.393	-0.023	-0.016	5.242
5.965	0.013	-0.030	0.219	0.09	0.13	-0.05	1.76	6.87	-3.29	45013	0.013	-0.031	0.396	-0.023	-0.015	5.212
5.972	0.013	-0.029	0.222	0.09	0.05	-0.09	3.06	4.35	-2.56	43929	0.013	-0.031	0.400	-0.023	-0.015	5.182
5.989	0.012	-0.029	0.226	0.14	0.01	-0.11	2.91	3.24	-3.12	43765	0.013	-0.030	0.403	-0.023	-0.015	5.152
5.998	0.012	-0.029	0.229	0.16	-0.03	-0.14	2.77	1.52	-3.00	43605	0.013	-0.030	0.406	-0.023	-0.015	5.122
6.008	0.012	-0.029	0.233	0.20	-0.05	-0.17	3.34	0.67	-2.73	43455	0.013	-0.030	0.409	-0.023	-0.015	5.092
6.019	0.012	-0.029	0.236	0.23	-0.05	-0.20	2.93	-0.33	-2.58	45455	0.012	-0.029	0.412	-0.023	-0.015	5.062
6.031	0.012	-0.028	0.240	0.26	-0.04	-0.23	3.43	-0.74	-2.57	45341	0.012	-0.029	0.415	-0.023	-0.015	5.032
6.053	0.012	-0.029	0.243	0.31	-0.04	-0.25	3.70	-0.74	-2.32	45235	0.012	-0.029	0.417	-0.023	-0.015	5.002
6.064	0.011	-0.027	0.247	0.32	-0.02	-0.28	3.58	-0.53	-2.76	45132	0.012	-0.029	0.420	-0.023	-0.014	4.973
6.066	0.013	-0.028	0.249	0.37	-0.06	-0.30	4.02	-1.43	-2.70	45024	0.012	-0.029	0.423	-0.023	-0.014	4.943
6.066	0.010	-0.028	0.252	0.42	0.01	-0.33	4.03	-0.71	-2.80	45124	0.012	-0.028	0.425	-0.023	-0.014	4.914
6.073	0.008	-0.028	0.256	0.47	0.06	-0.36	4.05	-0.53	-2.57	45004	0.011	-0.028	0.428	-0.024	-0.014	4.884
6.083	0.008	-0.028	0.259	0.51	0.07	-0.38	3.12	-0.03	-3.19	44896	0.011	-0.028	0.431	-0.024	-0.014	4.855
6.098	0.008	-0.028	0.262	0.54	0.06	-0.41	1.68	0.40	-2.84	44805	0.010	-0.028	0.433	-0.024	-0.014	4.826
6.108	0.008	-0.027	0.267	0.55	0.05	-0.44	0.68	1.21	-2.95	44448	0.010	-0.028	0.436	-0.024	-0.014	4.797
6.118	0.008	-0.027	0.271	0.56	0.04	-0.47	-1.14	1.86	-2.65	44342	0.010	-0.028	0.439	-0.024	-0.014	4.768
6.124	0.008	-0.027	0.274	0.55	0.02	-0.50	-2.62	4.28	-3.20	44242	0.009	-0.028	0.442	-0.025	-0.014	4.740
6.131	0.008	-0.027	0.277	0.52	-0.02	-0.53	-2.85	5.00	-2.65	44135	0.009	-0.027	0.444	-0.025	-0.014	4.711
6.148	0.008	-0.027	0.277	0.49	-0.08	-0.55	-3.28	5.95	-2.39	44038	0.009	-0.027	0.446	-0.025	-0.014	4.682
6.156	0.010	-0.027	0.280	0.47	-0.18	-0.58	-2.53	6.76	-2.59	44661	0.009	-0.027	0.448	-0.025	-0.014	4.654
6.167	0.010	-0.028	0.283	0.46	-0.25	-0.60	-2.57	6.29	-2.48	44574	0.009	-0.027	0.450	-0.024	-0.014	4.625
6.175	0.011	-0.028	0.286	0.43	-0.32	-0.63	-1.46	4.76	-2.52	44489	0.009	-0.027	0.452	-0.024	-0.014	4.597
6.183	0.011	-0.027	0.287	0.40	-0.38	-0.65	-0.66	3.59	-2.59	44411	0.009	-0.027	0.454	-0.024	-0.014	4.568
6.198	0.011	-0.026	0.290	0.38	-0.42	-0.68	-0.36	1.23	-2.41	44713	0.009	-0.027	0.456	-0.024	-0.014	4.540
6.209	0.011	-0.029	0.293	0.42	-0.44	-0.70	0.09	-1.10	-2.56	44640	0.009	-0.027	0.458	-0.024	-0.014	4.512
6.215	0.010	-0.030	0.296	0.44	-0.42	-0.72	0.78	-3.91	-2.74	46689	0.009	-0.028	0.460	-0.024	-0.014	4.484
6.225	0.011	-0.021	0.299	0.29	-0.40	-0.75	0.78	-4.29	-2.56	46655	0.009	-0.027	0.462	-0.023	-0.014	4.457
6.233	0.011	-0.021	0.300	0.30	-0.36	-0.77	-0.04	-4.40	-2.29	46966	0.009	-0.026	0.463	-0.023	-0.013	4.429
6.248	0.011	-0.021	0.303	0.29	-0.31	-0.80	-0.88	-4.11	-2.10	46908	0.009	-0.025	0.465	-0.023	-0.013	4.401
6.257	0.011	-0.021	0.305	0.28	-0.27	-0.82	-1.92	-3.47	-2.29	46840	0.009	-0.025	0.467	-0.023	-0.012	4.373
6.266	0.011	-0.020	0.308	0.27	-0.23	-0.84	-2.24	-1.14	-2.05	46775	0.009	-0.024	0.469	-0.023	-0.012	4.346
6.275	0.011	-0.020	0.311	0.24	-0.21	-0.87	-2.28	-0.99	-1.97	46699	0.009	-0.024	0.471	-0.023	-0.011	4.319
6.285	0.012	-0.020	0.313	0.22	-0.23	-0.89	-1.11	-0.74	-2.20	46669	0.010	-0.023	0.473	-0.022	-0.011	4.292
6.299	0.012	-0.020	0.316	0.20	-0.22	-0.91	-0.71	-0.41	-2.49	46560	0.010	-0.023	0.475	-0.022	-0.011	4.265
6.308	0.012	-0.019	0.319	0.18	-0.21	-0.93	0.39	-0.05	-2.03	46441	0.010	-0.022	0.477	-0.022	-0.010	4.238
6.316	0.012	-0.019	0.321	0.19	-0.20	-0.95	1.82	0.07	-2.08	46318	0.010	-0.022	0.479	-0.022	-0.010	4.211
6.325	0.012	-0.018	0.324	0.20	-0.20	-0.97	2.27	-0.10	-1.89	46292	0.010	-0.021	0.481	-0.021	-0.009	4.184
6.337	0.012	-0.018	0.326	0.22	-0.20	-0.99	2.74	-0.47	-2.03	46159	0.010	-0.021	0.483	-0.021	-0.009	4.157
6.342	0.013	-0.018	0.329	0.25	-0.21	-1.01	3.28	-0.33	-1.68	46021	0.010	-0.020	0.485	-0.021	-0.009	4.131
6.360	0.012	-0.018	0.332	0.29	-0.19	-1.03	2.53	0.66	-1.13	45874	0.010	-0.020	0.487	-0.021	-0.009	4.104
6.366	0.013	-0.018	0.333	0.31	-0.22	-1.04	2.60	0.58	-1.28	45730	0.010	-0.020	0.488	-0.020	-0.008	4.078
6.375	0.013	-0.019	0.335	0.36	-0.22	-1.05	1.15	0.41	-1.32	45938	0.011	-0.020	0.490	-0.020	-0.008	4.051
6.385	0.013	-0.018	0.338	0.37	-0.22	-1.06	0.75	0.28	-1.32	45825	0.011	-0.019	0.492	-0.020	-0.008	4.025
6.391	0.012	-0.018	0.341	0.38	-0.22	-1.08	1.03	0.32	-1.29	45693	0.011	-0.019	0.494	-0.020	-0.008	3.999
6.408	0.012	-0.018	0.344	0.38	-0.22	-1.09	0.30	-1.25	-1.87	45555	0.011	-0.019	0.496	-0.020	-0.008	3.973
6.417	0.013	-0.018	0.347	0.40	-0.22	-1.11	0.85	-1.84	-1.46	45319	0.011	-0.019	0.497	-0.019	-0.008	3.948
6.425	0.013	-0.019	0.350	0.42	-0.19	-1.12	1.42	-2.05	-1.62	45186	0.011	-0.019	0.499	-0.019	-0.008	3.922
6.433	0.013	-0.018	0.352	0.41	-0.17	-1.14	0.53	-1.76	-1.92	47186	0.011	-0.019	0.501	-0.019	-0.008	3.897
6.442	0.013	-0.029	0.355	0.59	-0.15	-1.15	-0.08	-1.45	-1.80	47086	0.011	-0.020	0.503	-0.019	-0.009	3.872
6.457	0.013	-0.029	0.358	0.58	-0.14	-1.17	-1.64	-0.66	-2.29	47044	0.011	-0.021	0.505	-0.018	-0.010	3.846
6.468	0.013	-0.029	0.360	0.57	-0.13	-1.19	-3.12	-0.61	-2.60	46932	0.011	-0.022	0.507	-0.018	-0.010	3.821
6.474	0.013	-0.031	0.363	0.56	-0.13	-1.22	-3.18	0.39	-2.05	46813	0.011	-0.023	0.509	-0.018	-0.011	3.797
6.482	0.013	-0.030	0.366	0.52	-0.13	-1.24	-3.68	0.92	-2.15	46683	0.011	-0.024	0.511	-0.018	-0.012	3.772
6.491	0.013	-0.031	0.368	0.49	-0.13	-1.26	-4.81	0.70	-1.96	46550	0.011	-0.025	0.513	-0.018	-0.013	3.747
6.508	0.013	-0.031	0.370	0.44	-0.14	-1.28	-4.94	-0.36	-1.63	46601	0.012	-0.026	0.515	-0.017	-0.013	3.722
6.517	0.014	-0.031	0.373	0.39	-0.14	-1.29	-5.24	-0.69	-1.60	46451	0.012	-0.027	0.517	-0.017	-0.014	3.698
6.526	0.014	-0.032	0.376	0.33	-0.14	-1.31	-6.57	-1.45	-1.30	46307	0.012	-0.028	0.519	-0.017	-0.014	3.673
6.534	0.015	-0.031	0.379	0.26	-0.13	-1.32	-7.02	-2.26	-1.30	46170	0.012	-0.028	0.521	-0.017	-0.014	3.649
6.542	0.015	-0.031	0.382	0.19	-0.12	-1.33	-7.51	-2.95	-1.35	45854	0.012	-0.029	0.523	-0.016	-0.015	3.625
6.558	0.015	-0.031	0.385	0.11	-0.09	-1.35	-7.36	-2.73	-1.37	45690	0.012	-0.029	0.525	-0.016	-0.015	3.601
6.567	0.016	-0.031	0.389	0.01	-0.06	-1.36	-8.47	-2.60	-1.80	45521	0.013	-0.030	0.528	-0.016	-0.015	3.578
6.576	0.015	-0.031	0.391	-0.08	-0.03	-1.38	-7.10	-2.67	-1.26	45368	0.013	-0.030	0.530	-0.015	-0.015	3.554
6.585	0.015	-0.032	0.395	-0.14	0.00	-1.39	-6.41	-1.96	-1.16	45209	0.013	-0.031	0.532	-0.015	-0.015	3.531
6.596	0.015	-0.035	0.398	-0.17	0.02	-1.40	-4.96	-2.21	-0.68	44847	0.013	-0.031	0.534	-0.015	-0.016	3.507
6.600	0.015	-0.033	0.401	-0.25	0.04	-1.41	-3.19	-1.05	-0.42	44684	0.013	-0.032	0.537	-0.015	-0.016	3.484
6.618	0.015	-0.031	0.404	-0.32	0.06	-1.42	-2.52	-1.61	-0.85	44533	0.013	-0.032	0.539	-0.015	-0.016	3.461
6.627	0.015	-0.032	0.409	-0.33	0.07	-1.43	-1.31	-0.73	-0.65	44383	0.013	-0.032	0.541	-0.014	-0.016	3.439
6.635	0.015	-0.033	0.412	-0.34	0.08	-1.43	-0.38	-0.74	-1.06	43973	0.013	-0.032	0.544	-0.014	-0.016	3.416
6.644	0.015	-0.035	0.415	-0.31	0.09	-1.44	0.82	-0.60	-0.60	43825	0.014	-0.033	0.546	-0.014	-0.016	3.394
6.651	0.017	-0.037	0.418	-0.30	0.08	-1.45	1.06	-0.08	-1.05	43695	0.014	-0.034	0.548	-0.014	-0.016	3.372
6.668	0.018	-0.037	0.421	-0.29	0.07	-1.46	0.12	0.83	-1.05	43567	0.014	-0.034	0.551	-0.013	-0.017	3.350
6.677	0.017	-0.037	0.427	-0.29	0.07	-1.47	0.20	0.72	-1.14	42999	0.015	-0.035	0.553	-0.013	-0.017	3.328
6.685	0.018	-0.037	0.430	-0.29	0.06	-1.48	-1.01	1.28	-0.84	42881	0.015	-0.035	0.556	-0.012	-0.017	3.307
6.696	0.018	-0.036	0.433	-0.31	0.04	-1.49	-1.34	2.62	-1.03	42771	0.015	-0.036	0.558	-0.012	-0.017	3.286
6.702	0.019	-0.037	0.436	-0.32	0.02	-1.50	-1.90	1.06	-0.23	42665	0.016	-0.036	0.560	-0.012	-0.017	3.265
6.717	0.019	-0.035	0.446	-0.36	-0.00	-1.50	-2.39	0.84	-0.51	42557	0.016	-0.036	0.563	-0.011	-0.017	3.244
6.729	0.020	-0.036	0.449	-0.38	-0.02	-1.51	-3.27	0.02	-1.40	41218	0.016	-0.036	0.567	-0.011	-0.017	3.224
6.735	0.020	-0.035	0.453	-0.43	-0.01	-1.52	-3.47	-1.08	-1.31	41124	0.017	-0.036	0.570	-0.011	-0.017	3.205
6.744	0.021	-0.035	0.456	-0.46	0.00	-1.53	-3.05	-2.60	-1.02	41029	0.017	-0.036	0.572	-0.010	-0.017	3.185
6.752	0.019	-0.034	0.460	-0.50	0.05	-1.54	-2.28	-3.57	-0.50	40928	0.017	-0.036	0.575	-0.010	-0.016	3.165
6.768	0.020	-0.036	0.466	-0.51	0.08	-1.55	-1.69	-3.53	-0.24	40166	0.018	-0.037	0.578	-0.010	-0.016	3.146
6.777	0.020	-0.038	0.470	-0.51	0.10	-1.55	-0.82	-4.02	0.08	40098	0.018	-0.037	0.581	-0.009	-0.016	3.127
6.785	0.020	-0.038	0.473	-0.52	0.14	-1.55	-0.33	-3.10	0.26	40057	0.018	-0.037	0.584	-0.009	-0.016	3.108
6.796	0.020	-0.037	0.477	-0.55	0.18	-1.54	0.40	-3.32	0.00	40017	0.018	-0.037	0.586	-0.009	-0.016	3.090
6.807	0.020	-0.040	0.480	-0.51	0.22	-1.54	1.92	-1.86	0.49	40002	0.018	-0.038	0.589	-0.009	-0.017	3.071
6.816	0.021	-0.039	0.483	-0.50	0.23	-1.54	2.08	-1.27	0.72	40118	0.019	-0.038	0.591	-0.009	-0.017	3.053
6.830	0.021	-0.037	0.486	-0.50	0.25	-1.53	3.93	-0.14	0.73	40103	0.019	-0.038	0.593	-0.008	-0.017	3.035
6.836	0.022	-0.035	0.490	-0.48	0.23	-1.52	4.62	0.27	1.35	40115	0.019	-0.038	0.595	-0.008	-0.016	3.017
6.847	0.022	-0.035	0.492	-0.44	0.23	-1.51	5.48	0.94	1.09	40100	0.020	-0.038	0.597	-0.008	-0.016	2.999
6.856	0.020	-0.028	0.495	-0.46	0.26	-1.50	7.29	0.94	1.37	40282	0.020	-0.037	0.599	-0.008	-0.015	2.981
6.867	0.020	-0.028	0.498	-0.39	0.24	-1.48	7.08	0.19	0.88	40268	0.020	-0.036	0.600	-0.008	-0.014	2.964
6.877	0.019	-0.029	0.501	-0.31	0.25	-1.48	6.75	0.00	0.76	40359	0.020	-0.035	0.602	-0.008	-0.013	2.946
6.887	0.020	-0.029	0.503	-0.23	0.24	-1.47	6.85	0.49	1.32	40344	0.020	-0.034	0.604	-0.008	-0.013	2.929
6.897	0.020	-0.032	0.507	-0.13	0.24	-1.45	6.97	0.16	1.37	40322	0.020	-0.034	0.605	-0.008	-0.013	2.913
6.906	0.019	-0.032	0.509	-0.07	0.25	-1.44	6.82	0.26	1.28	40306	0.020	-0.034	0.607	-0.008	-0.012	2.896
6.918	0.021	-0.025	0.512	-0.07	0.23	-1.43	5.78	0.85	1.33	40451	0.020	-0.033	0.608	-0.008	-0.011	2.879
6.928	0.021	-0.025	0.514	-0.01	0.22	-1.41	4.28	0.87	1.29	40437	0.020	-0.032	0.609	-0.008	-0.011	2.863
6.936	0.022	-0.025	0.515	0.04	0.21	-1.40	3.44	0.85	1.15	40598	0.020	-0.031	0.611	-0.007	-0.010	2.847
6.946	0.021	-0.025	0.518	0.07	0.21	-1.39	2.68	1.87	1.48	40776	0.020	-0.031	0.612	-0.007	-0.009	2.831
6.957	0.021	-0.025	0.520	0.10	0.19	-1.37	2.09	1.44	1.59	40941	0.020	-0.030	0.613	-0.007	-0.009	2.815
6.967	0.021	-0.025	0.522	0.12	0.18	-1.36	2.52	1.69	1.62	40928	0.021	-0.029	0.614	-0.007	-0.008	2.800
6.977	0.021	-0.025	0.524	0.14	0.16	-1.34	1.47	1.49	1.21	41135	0.021	-0.029	0.614	-0.007	-0.008	2.784
6.987	0.023	-0.021	0.524	0.12	0.14	-1.33	0.86	1.32	1.22	41405	0.021	-0.028	0.615	-0.007	-0.007	2.769
6.997	0.023	-0.021	0.526	0.13	0.13	-1.32	1.35	1.18	1.37	41622	0.021	-0.027	0.616	-0.007	-0.006	2.753
7.007	0.023	-0.021	0.527	0.15	0.11	-1.30	1.81	0.05	1.35	41613	0.021	-0.026	0.616	-0.006	-0.006	2.738
7.022	0.024	-0.015	0.529	0.11	0.10	-1.29	2.38	0.65	1.46	41828	0.022	-0.025	0.617	-0.006	-0.005	2.723
7.036	0.024	-0.017	0.529	0.15	0.10	-1.27	2.94	0.58	1.35	41821	0.022	-0.024	0.617	-0.006	-0.004	2.708
7.039	0.023	-0.018	0.531	0.20	0.10	-1.26	3.74	0.00	1.33	42229	0.022	-0.023	0.617	-0.006	-0.003	2.694
7.046	0.023	-0.018	0.532	0.24	0.10	-1.25	5.11	-0.86	1.34	42222	0.022	-0.022	0.617	-0.006	-0.003	2.679
7.056	0.023	-0.020	0.533	0.32	0.11	-1.23	6.59	-0.55	1.86	42428	0.022	-0.022	0.618	-0.006	-0.002	2.665
7.068	0.024	-0.019	0.532	0.37	0.11	-1.21	5.97	-0.52	1.96	42422	0.023	-0.022	0.617	-0.006	-0.002	2.650
7.077	0.025	-0.013	0.533	0.37	0.11	-1.19	4.57	-0.20	2.30	43110	0.023	-0.020	0.617	-0.005	-0.001	2.636
7.088	0.025	-0.011	0.534	0.41	0.11	-1.17	4.28	-0.49	1.81	43110	0.023	-0.019	0.617	-0.005	-0.000	2.622
7.100	0.025	-0.007	0.535	0.42	0.12	-1.16	2.79	-1.03	1.81	43327	0.024	-0.018	0.617	-0.005	0.001	2.608
7.106	0.025	-0.011	0.535	0.48	0.14	-1.14	1.58	-0.46	1.67	43327	0.024	-0.017	0.617	-0.005	0.001	2.594
7.118	0.026	-0.007	0.537	0.46	0.13	-1.12	1.09	-0.33	1.53	43408	0.024	-0.015	0.617	-0.005	0.002	2.580
7.127	0.026	-0.006	0.537	0.47	0.13	-1.10	0.58	0.12	1.48	43408	0.024	-0.014	0.617	-0.005	0.003	2.567
7.141	0.026	-0.005	0.538	0.48	0.13	-1.09	1.14	0.04	1.34	43586	0.025	-0.013	0.617	-0.004	0.004	2.553
7.146	0.028	-0.005	0.539	0.50	0.11	-1.07	1.70	0.22	0.83	43587	0.025	-0.012	0.616	-0.004	0.005	2.540
7.157	0.028	-0.008	0.539	0.54	0.11	-1.06	3.40	-0.63	0.85	43768	0.026	-0.011	0.616	-0.004	0.005	2.527
7.165	0.028	-0.008	0.539	0.57	0.12	-1.06	3.66	-0.68	0.23	43859	0.026	-0.011	0.616	-0.003	0.006	2.514
7.176	0.028	-0.009	0.540	0.63	0.13	-1.05	3.89	-0.32	-0.01	44034	0.026	-0.010	0.616	-0.003	0.006	2.501
7.187	0.029	-0.009	0.540	0.67	0.12	-1.05	4.42	-0.06	0.35	44037	0.027	-0.010	0.615	-0.003	0.006	2.488
7.197	0.029	-0.009	0.540	0.72	0.13	-1.05	3.13	-1.04	0.61	44185	0.027	-0.010	0.615	-0.003	0.006	2.475
7.207	0.029	-0.011	0.540	0.77	0.14	-1.04	3.57	-1.00	0.34	44362	0.028	-0.010	0.615	-0.003	0.006	2.462
7.216	0.029	-0.012	0.540	0.81	0.14	-1.04	2.27	-0.44	0.53	44478	0.028	-0.010	0.614	-0.002	0.006	2.450
7.227	0.029	-0.010	0.540	0.82	0.15	-1.04	0.98	-0.81	0.41	44484	0.028	-0.010	0.614	-0.002	0.006	2.437
7.239	0.029	-0.009	0.540	0.82	0.16	-1.03	-0.86	-0.40	0.62	44621	0.028	-0.010	0.613	-0.002	0.006	2.425
7.246	0.030	-0.010	0.541	0.83	0.16	-1.02	-2.16	-1.06	0.47	44627	0.029	-0.010	0.613	-0.002	0.006	2.413
7.255	0.030	-0.009	0.541	0.80	0.17	-1.02	-3.79	-1.63	0.55	44620	0.029	-0.009	0.613	-0.002	0.006	2.400
7.267	0.030	-0.010	0.541	0.77	0.19	-1.01	-5.86	-2.27	0.54	44626	0.029	-0.009	0.612	-0.002	0.006	2.388
7.277	0.030	-0.010	0.542	0.71	0.21	-1.01	-7.24	-0.90	0.50	44736	0.030	-0.010	0.612	-0.002	0.006	2.376
7.287	0.030	-0.010	0.540	0.64	0.22	-1.01	-7.48	-0.09	0.05	44742	0.030	-0.010	0.611	-0.002	0.006	2.364
7.295	0.030	-0.010	0.540	0.56	0.22	-1.01	-7.16	1.49	-0.21	45093	0.030	-0.010	0.611	-0.002	0.006	2.352
7.304	0.031	-0.008	0.540	0.48	0.21	-1.01	-5.21	0.73	-0.12	45101	0.030	-0.009	0.610	-0.002	0.006	2.340
7.317	0.032	-0.010	0.540	0.44	0.19	-1.01	-4.22	0.75	-0.80	45195	0.031	-0.009	0.609	-0.002	0.006	2.329
7.326	0.033	-0.007	0.540	0.38	0.17	-1.01	-2.18	1.96	-0.91	45204	0.031	-0.009	0.609	-0.001	0.006	2.317
7.338	0.034	-0.007	0.540	0.36	0.15	-1.02	-1.83	0.88	-1.75	45262	0.032	-0.009	0.608	-0.001	0.006	2.305
7.347	0.034	-0.007	0.540	0.34	0.14	-1.04	0.65	0.10	-0.86	45272	0.032	-0.009	0.608	-0.001	0.006	2.294
7.357	0.034	-0.007	0.540	0.35	0.14	-1.05	1.52	-0.16	-0.91	45310	0.032	-0.009	0.607	-0.001	0.007	2.282
7.367	0.032	-0.007	0.540	0.37	0.15	-1.06	1.05	0.48	-1.34	45319	0.033	-0.008	0.606	-0.001	0.007	2.271
7.376	0.033	-0.007	0.541	0.38	0.15	-1.07	1.28	-0.47	-0.59	45359	0.033	-0.008	0.606	-0.001	0.007	2.260
7.386	0.033	-0.007	0.541	0.39	0.15	-1.07	-0.06	-1.13	-0.10	45129	0.033	-0.008	0.606	-0.001	0.007	2.249
7.396	0.033	-0.006	0.541	0.38	0.17	-1.08	-0.12	-1.22	-0.13	45142	0.033	-0.008	0.605	-0.001	0.007	2.238
7.407	0.031	-0.007	0.541	0.38	0.18	-1.08	-1.56	0.93	0.21	45150	0.033	-0.008	0.605	-0.001	0.007	2.227
7.417	0.031	-0.007	0.541	0.37	0.17	-1.08	-3.30	0.21	-0.25	45148	0.033	-0.008	0.604	-0.001	0.007	2.217
7.426	0.031	-0.007	0.539	0.34	0.17	-1.08	-3.74	-0.14	-0.23	45456	0.033	-0.008	0.604	-0.001	0.007	2.206
7.440	0.031	-0.008	0.539	0.31	0.18	-1.08	-4.69	1.07	-0.20	45450	0.033	-0.008	0.603	-0.002	0.007	2.195
7.446	0.031	-0.009	0.539	0.26	0.17	-1.09	-5.73	0.63	-0.40	45460	0.033	-0.008	0.602	-0.002	0.007	2.184
7.457	0.031	-0.009	0.539	0.21	0.17	-1.09	-6.29	0.99	-0.35	45481	0.033	-0.008	0.602	-0.002	0.007	2.173
7.467	0.032	-0.006	0.539	0.13	0.16	-1.09	-5.95	2.24	-0.94	45491	0.033	-0.008	0.601	-0.002	0.007	2.163
7.476	0.032	-0.006	0.539	0.07	0.14	-1.10	-4.56	2.09	-0.85	45423	0.033	-0.008	0.601	-0.002	0.007	2.152
7.486	0.035	-0.001	0.539	-0.01	0.09	-1.10	-3.06	2.12	-0.74	45432	0.033	-0.007	0.600	-0.002	0.008	2.142
7.498	0.034	-0.001	0.539	-0.04	0.08	-1.11	-0.76	2.10	-0.72	45416	0.034	-0.006	0.600	-0.002	0.009	2.132
7.507	0.034	-0.004	0.540	-0.02	0.06	-1.11	1.10	2.05	-0.79	45425	0.034	-0.006	0.599	-0.002	0.009	2.122
7.520	0.034	-0.004	0.540	-0.01	0.04	-1.12	2.61	1.76	-0.87	45246	0.034	-0.006	0.599	-0.002	0.009	2.112
7.526	0.033	-0.007	0.540	0.03	0.04	-1.13	4.44	0.13	-0.39	45254	0.034	-0.006	0.598	-0.002	0.009	2.102
7.537	0.033	-0.007	0.540	0.07	0.03	-1.13	5.75	-0.65	-0.49	45208	0.034	-0.006	0.598	-0.002	0.009	2.092
7.548	0.033	-0.007	0.540	0.13	0.04	-1.14	5.20	-1.41	-0.60	45215	0.034	-0.006	0.598	-0.002	0.009	2.082
7.557	0.029	-0.009	0.539	0.19	0.08	-1.14	5.04	-1.88	-0.30	45426	0.034	-0.006	0.597	-0.003	0.009	2.072
7.565	0.029	-0.009	0.539	0.24	0.10	-1.15	2.60	-1.62	-0.35	45416	0.033	-0.007	0.596	-0.003	0.008	2.062
7.576	0.031	0.003	0.539	0.19	0.11	-1.15	1.14	-1.02	-0.10	45407	0.033	-0.006	0.596	-0.004	0.009	2.053
7.587	0.032	0.003	0.539	0.20	0.10	-1.15	-1.90	0.54	-0.20	45383	0.033	-0.005	0.595	-0.004	0.010	2.043
7.597	0.033	0.003	0.539	0.18	0.10	-1.15	-3.58	1.84	-0.06	45369	0.033	-0.004	0.595	-0.004	0.011	2.033
7.606	0.033	0.003	0.539	0.14	0.08	-1.16	-4.22	3.01	-0.17	45431	0.033	-0.003	0.594	-0.004	0.011	2.024
7.615	0.033	0.003	0.539	0.10	0.04	-1.16	-4.34	2.72	-0.50	45405	0.033	-0.002	0.594	-0.004	0.012	2.014
7.626	0.031	0.004	0.539	0.06	0.02	-1.16	-3.73	2.82	-0.65	45379	0.033	-0.001	0.593	-0.004	0.013	2.005
7.632	0.031	0.004	0.539	0.02	-0.01	-1.17	-2.96	3.29	-0.82	45346	0.033	-0.001	0.593	-0.004	0.013	1.996
7.647	0.034	0.004	0.539	-0.01	-0.05	-1.18	-1.30	3.35	-0.85	45303	0.033	0.000	0.592	-0.004	0.014	1.987
7.656	0.034	0.004	0.539	-0.03	-0.09	-1.19	-0.31	2.96	-0.86	45280	0.033	0.001	0.592	-0.004	0.014	1.978
7.665	0.034	0.004	0.539	-0.03	-0.12	-1.19	1.98	2.61	-0.77	45246	0.034	0.001	0.592	-0.004	0.014	1.969
7.676	0.034	0.004	0.539	-0.01	-0.15	-1.20	3.53	1.90	-0.39	45221	0.034	0.002	0.591	-0.004	0.015	1.960
7.687	0.034	0.004	0.540	0.03	-0.16	-1.21	4.49	0.97	-0.05	45195	0.034	0.002	0.591	-0.004	0.015	1.951
7.697	0.034	0.005	0.540	0.07	-0.17	-1.21	4.67	-0.54	0.33	45023	0.034	0.002	0.591	-0.004	0.015	1.943
7.706	0.034	0.005	0.540	0.12	-0.17	-1.20	5.34	-1.93	0.46	44980	0.034	0.003	0.590	-0.004	0.015	1.934
7.716	0.034	0.005	0.541	0.17	-0.14	-1.20	4.23	-3.58	1.06	44947	0.034	0.003	0.590	-0.004	0.016	1.926
7.727	0.033	-0.002	0.541	0.26	-0.10	-1.19	3.21	-3.59	1.29	44927	0.034	0.003	0.590	-0.005	0.015	1.918
7.736	0.033	0.004	0.541	0.25	-0.06	-1.18	1.25	-3.34	1.00	44821	0.034	0.003	0.590	-0.005	0.015	1.909
7.749	0.040	0.008	0.542	0.24	-0.07	-1.17	0.43	-3.99	0.92	44798	0.035	0.003	0.590	-0.004	0.016	1.901
7.756	0.040	0.008	0.542	0.24	-0.03	-1.16	-0.42	-3.30	0.78	44784	0.036	0.004	0.589	-0.004	0.016	1.893
7.766	0.040	0.008	0.542	0.24	0.00	-1.16	-2.68	-1.25	0.05	44766	0.036	0.005	0.589	-0.003	0.016	1.885
7.775	0.038	0.006	0.542	0.23	0.03	-1.16	-1.92	-0.71	0.18	44755	0.037	0.005	0.589	-0.003	0.017	1.877
7.788	0.038	0.013	0.543	0.17	0.04	-1.15	-2.01	0.96	0.31	44729	0.037	0.006	0.589	-0.003	0.017	1.869
7.797	0.040	0.010	0.543	0.16	0.02	-1.15	-0.10	-0.32	0.75	44694	0.038	0.007	0.588	-0.003	0.018	1.862
7.806	0.040	0.012	0.543	0.15	0.02	-1.14	0.77	0.61	0.14	44674	0.038	0.007	0.588	-0.002	0.018	1.854
7.815	0.044	0.012	0.543	0.16	-0.00	-1.14	1.74	0.11	-0.01	44667	0.039	0.008	0.588	-0.002	0.019	1.846
7.824	0.046	0.013	0.543	0.17	-0.01	-1.14	3.46	-1.56	0.96	44753	0.040	0.009	0.588	-0.001	0.019	1.839
7.831	0.041	0.012	0.543	0.21	0.03	-1.13	3.41	-2.63	0.27	44729	0.040	0.009	0.587	-0.001	0.019	1.831
7.849	0.043	0.018	0.544	0.21	0.05	-1.13	3.46	-1.17	0.46	44697	0.041	0.011	0.587	-0.001	0.020	1.824
7.856	0.046	0.015	0.544	0.27	0.04	-1.13	3.58	-2.51	0.95	44677	0.042	0.011	0.587	-0.000	0.021	1.816
7.866	0.046	0.028	0.545	0.22	0.07	-1.12	2.68	-1.88	1.13	44595	0.042	0.014	0.587	-0.000	0.022	1.809
7.873	0.046	0.028	0.545	0.25	0.09	-1.11	2.34	-1.32	0.68	44597	0.043	0.016	0.586	0.000	0.024	1.802
7.886	0.046	0.029	0.545	0.27	0.10	-1.10	1.51	-1.62	1.42	44585	0.044	0.017	0.586	0.001	0.025	1.795
7.896	0.046	0.029	0.545	0.28	0.12	-1.08	1.09	-3.20	0.47	44558	0.044	0.019	0.586	0.001	0.026	1.788
7.905	0.047	0.029	0.545	0.29	0.15	-1.08	0.43	-1.56	0.11	44541	0.045	0.021	0.586	0.001	0.027	1.781
7.917	0.047	0.030	0.545	0.30	0.17	-1.08	0.30	-0.47	0.33	44726	0.045	0.022	0.585	0.001	0.028	1.774
7.924	0.044	0.027	0.545	0.31	0.20	-1.07	0.10	-0.35	0.06	44727	0.045	0.023	0.585	0.001	0.028	1.768
7.936	0.044	0.023	0.545	0.34	0.20	-1.07	1.27	-1.60	0.82	44718	0.045	0.023	0.585	0.001	0.028	1.761
7.946	0.046	0.024	0.546	0.36	0.20	-1.07	3.40	-0.41	1.09	44715	0.046	0.024	0.584	0.001	0.028	1.754
7.956	0.046	0.019	0.547	0.43	0.21	-1.05	4.42	0.21	1.35	44520	0.046	0.023	0.584	0.001	0.028	1.748
7.964	0.052	0.024	0.547	0.44	0.17	-1.04	4.94	0.21	1.05	44501	0.047	0.024	0.584	0.002	0.028	1.742
7.976	0.050	0.027	0.547	0.47	0.18	-1.03	5.33	1.21	0.19	44496	0.048	0.024	0.584	0.002	0.028	1.735
7.985	0.048	0.026	0.547	0.53	0.19	-1.03	4.99	0.58	0.76	44478	0.048	0.025	0.584	0.002	0.028	1.729
7.995	0.048	0.033	0.549	0.54	0.19	-1.02	4.36	-0.50	0.45	44212	0.048	0.026	0.584	0.002	0.029	1.723
8.006	0.047	0.034	0.549	0.59	0.20	-1.01	4.68	-2.58	1.62	44206	0.048	0.027	0.584	0.002	0.030	1.717
8.016	0.049	0.033	0.550	0.63	0.21	-1.00	2.16	-3.24	0.70	44207	0.049	0.028	0.584	0.002	0.030	1.711
8.027	0.049	0.034	0.550	0.66	0.25	-0.99	1.93	-4.06	1.54	44205	0.049	0.029	0.584	0.002	0.031	1.706
8.036	0.050	0.039	0.548	0.65	0.28	-0.97	1.03	-3.32	1.63	44189	0.049	0.031	0.583	0.002	0.032	1.700
8.047	0.050	0.035	0.548	0.68	0.32	-0.96	-0.26	-2.08	0.80	44632	0.050	0.032	0.583	0.002	0.032	1.694
8.061	0.051	0.043	0.548	0.64	0.33	-0.95	-1.12	-0.44	0.37	44637	0.050	0.033	0.583	0.002	0.033	1.688
8.064	0.053	0.043	0.548	0.63	0.33	-0.95	-1.90	-0.51	-0.00	44648	0.051	0.035	0.582	0.002	0.034	1.682
8.077	0.055	0.035	0.549	0.65	0.32	-0.95	-1.15	-0.76	1.01	44654	0.052	0.035	0.582	0.003	0.034	1.676
8.086	0.055	0.035	0.549	0.64	0.33	-0.94	-0.70	0.70	0.85	44624	0.052	0.036	0.582	0.003	0.034	1.671
8.095	0.055	0.033	0.549	0.65	0.32	-0.93	-0.49	0.76	0.07	44632	0.053	0.036	0.581	0.003	0.034	1.665
8.105	0.057	0.033	0.549	0.65	0.30	-0.93	0.25	1.42	0.71	44644	0.054	0.036	0.581	0.003	0.034	1.660
8.116	0.057	0.033	0.549	0.65	0.29	-0.92	0.69	1.94	0.53	44639	0.055	0.036	0.581	0.004	0.034	1.655
8.124	0.058	0.034	0.549	0.66	0.27	-0.91	-0.23	2.14	0.30	44650	0.055	0.036	0.580	0.004	0.033	1.649
8.135	0.058	0.034	0.549	0.66	0.25	-0.91	-0.33	2.05	-0.43	44694	0.056	0.036	0.580	0.004	0.033	1.644
8.148	0.058	0.034	0.550	0.65	0.23	-0.91	-1.19	0.98	0.29	44694	0.057	0.036	0.580	0.004	0.033	1.639
8.161	0.056	0.034	0.550	0.64	0.23	-0.91	-0.62	-0.33	0.52	44710	0.057	0.036	0.579	0.004	0.033	1.634
8.167	0.058	0.034	0.551	0.64	0.22	-0.90	-1.07	0.10	0.28	44710	0.057	0.036	0.579	0.004	0.032	1.629
8.177	0.058	0.034	0.551	0.63	0.23	-0.90	-1.11	-3.60	1.26	44549	0.058	0.036	0.579	0.004	0.032	1.624
8.184	0.058	0.034	0.551	0.61	0.26	-0.89	-2.37	-3.61	0.33	44545	0.058	0.036	0.579	0.004	0.032	1.619
8.194	0.058	0.034	0.551	0.59	0.30	-0.89	-3.03	-4.72	-0.09	44555	0.058	0.036	0.579	0.004	0.032	1.615
8.207	0.053	0.018	0.551	0.66	0.38	-0.89	-4.15	-4.27	0.46	44574	0.058	0.034	0.579	0.004	0.030	1.610
8.215	0.054	0.018	0.552	0.61	0.41	-0.88	-3.36	-2.62	0.75	44454	0.058	0.032	0.579	0.003	0.028	1.606
8.225	0.052	0.019	0.552	0.57	0.45	-0.88	-3.93	-2.84	0.19	44443	0.058	0.031	0.578	0.003	0.027	1.601
8.237	0.052	0.027	0.552	0.49	0.48	-0.88	-4.55	-0.35	0.31	44433	0.057	0.030	0.578	0.002	0.027	1.597
8.242	0.052	0.026	0.553	0.44	0.48	-0.87	-5.55	1.97	0.72	44428	0.057	0.030	0.578	0.001	0.026	1.592
8.259	0.052	0.026	0.552	0.39	0.46	-0.86	-6.20	2.86	-0.19	44423	0.057	0.029	0.578	0.001	0.026	1.588
8.265	0.052	0.025	0.552	0.33	0.44	-0.87	-5.84	3.83	0.64	44613	0.056	0.029	0.578	0.000	0.025	1.583
8.277	0.059	0.026	0.552	0.26	0.36	-0.86	-5.85	4.38	-0.21	44612	0.057	0.029	0.577	0.000	0.025	1.579
8.287	0.056	0.027	0.552	0.20	0.33	-0.87	-5.60	5.56	-0.93	44628	0.057	0.029	0.577	0.000	0.025	1.575
8.294	0.059	0.028	0.552	0.14	0.26	-0.87	-4.58	6.01	-0.07	44630	0.058	0.029	0.577	0.001	0.025	1.571
8.307	0.059	0.028	0.553	0.09	0.20	-0.88	-4.35	5.58	-0.94	44500	0.058	0.029	0.577	0.001	0.025	1.567
8.315	0.060	0.031	0.553	0.03	0.14	-0.88	-2.84	4.86	-0.67	44515	0.059	0.029	0.576	0.001	0.025	1.563
8.326	0.059	0.031	0.553	0.00	0.11	-0.89	-1.51	3.34	0.39	44518	0.059	0.029	0.576	0.001	0.025	1.559
8.336	0.063	0.032	0.553	-0.01	0.05	-0.89	-1.51	2.96	0.15	44509	0.060	0.030	0.576	0.001	0.026	1.555
8.348	0.063	0.034	0.554	-0.04	0.02	-0.89	-0.53	1.23	-0.56	44514	0.061	0.030	0.576	0.001	0.026	1.551
8.356	0.061	0.032	0.555	-0.04	0.02	-0.90	-0.54	-1.21	-1.02	44318	0.061	0.031	0.576	0.001	0.026	1.548
8.365	0.062	0.032	0.555	-0.04	0.03	-0.90	0.12	-3.44	-0.41	44304	0.062	0.031	0.576	0.001	0.026	1.544
8.374	0.063	0.032	0.555	-0.04	0.07	-0.91	-0.14	-4.05	-0.12	44305	0.062	0.031	0.576	0.001	0.026	1.540
8.384	0.062	0.030	0.555	-0.03	0.11	-0.91	-0.09	-4.45	-0.22	44322	0.063	0.031	0.576	0.001	0.026	1.537
8.394	0.061	0.032	0.555	-0.04	0.15	-0.91	-0.35	-4.28	-0.98	44392	0.063	0.031	0.575	0.001	0.026	1.533
8.407	0.061	0.032	0.555	-0.05	0.19	-0.92	-1.78	-2.78	-0.15	44387	0.063	0.031	0.575	0.001	0.026	1.530
8.418	0.059	0.032	0.555	-0.07	0.23	-0.92	-0.99	-1.39	-0.26	44395	0.063	0.032	0.575	0.000	0.026	1.526
8.430	0.061	0.032	0.555	-0.08	0.23	-0.93	-1.67	0.03	0.10	44407	0.063	0.032	0.575	0.000	0.026	1.523
8.436	0.061	0.032	0.556	-0.09	0.23	-0.93	-0.87	1.11	-0.04	44230	0.063	0.032	0.575	-0.000	0.026	1.520
8.447	0.061	0.032	0.556	-0.10	0.22	-0.93	-0.41	1.79	0.28	44229	0.063	0.032	0.575	-0.000	0.026	1.517
8.457	0.061	0.032	0.557	-0.11	0.20	-0.92	0.33	2.67	-0.11	44233	0.063	0.032	0.575	-0.001	0.026	1.514
8.469	0.061	0.032	0.557	-0.10	0.17	-0.92	1.84	2.72	0.35	44242	0.063	0.033	0.575	-0.001	0.026	1.511
8.477	0.061	0.032	0.556	-0.08	0.14	-0.92	2.27	3.37	0.08	44255	0.063	0.033	0.574	-0.001	0.026	1.508
8.489	0.061	0.032	0.556	-0.06	0.11	-0.92	4.05	2.70	-0.25	44475	0.063	0.033	0.574	-0.002	0.026	1.504
8.495	0.061	0.032	0.556	-0.02	0.08	-0.92	4.07	3.04	-0.69	44472	0.063	0.033	0.574	-0.002	0.026	1.501
8.504	0.061	0.032	0.556	0.02	0.06	-0.92	3.72	0.82	0.50	44471	0.063	0.033	0.573	-0.002	0.026	1.498
8.517	0.061	0.032	0.556	0.05	0.05	-0.92	1.94	0.95	-0.32	44489	0.064	0.033	0.573	-0.002	0.026	1.495
8.526	0.061	0.032	0.555	0.07	0.04	-0.92	1.57	-0.42	0.86	44717	0.064	0.033	0.573	-0.003	0.026	1.492
8.536	0.061	0.032	0.555	0.09	0.04	-0.91	0.10	0.41	0.94	44742	0.064	0.033	0.572	-0.003	0.026	1.489
8.545	0.061	0.032	0.555	0.08	0.04	-0.90	-1.81	0.64	-0.07	44747	0.064	0.033	0.572	-0.003	0.026	1.487
8.554	0.061	0.032	0.555	0.06	0.03	-0.90	-1.72	0.55	1.20	44755	0.064	0.033	0.571	-0.003	0.026	1.484
8.584	0.061	0.032	0.553	0.04	0.03	-0.89	-2.13	0.84	0.86	44787	0.064	0.033	0.571	-0.004	0.026	1.481
8.600	0.062	0.035	0.553	0.01	0.02	-0.88	-2.59	1.20	0.07	45068	0.064	0.034	0.570	-0.004	0.026	1.478
8.622	0.062	0.033	0.553	-0.01	0.01	-0.88	-2.52	2.24	-0.13	45071	0.064	0.034	0.570	-0.004	0.026	1.475
8.626	0.057	0.034	0.553	-0.04	0.01	-0.88	-3.66	2.06	-0.68	45075	0.063	0.034	0.569	-0.005	0.026	1.472
8.627	0.063	0.034	0.553	-0.08	-0.04	-0.89	-2.00	2.29	-0.86	45093	0.064	0.034	0.569	-0.005	0.026	1.470
8.633	0.065	0.037	0.553	-0.12	-0.07	-0.90	-1.70	1.45	-0.60	45011	0.064	0.035	0.568	-0.005	0.026	1.467
8.634	0.058	0.033	0.553	-0.11	-0.05	-0.90	-0.32	1.98	-0.29	45017	0.064	0.035	0.568	-0.005	0.026	1.464
8.642	0.058	0.033	0.553	-0.11	-0.07	-0.91	1.60	1.51	-0.21	45025	0.063	0.035	0.568	-0.006	0.026	1.462
8.647	0.064	0.034	0.553	-0.10	-0.11	-0.91	2.51	1.50	0.18	45025	0.064	0.035	0.567	-0.006	0.026	1.459
8.652	0.064	0.034	0.553	-0.08	-0.12	-0.91	3.23	-0.45	1.30	45000	0.064	0.035	0.567	-0.006	0.026	1.457
8.663	0.064	0.035	0.553	-0.05	-0.12	-0.90	3.14	0.68	0.44	45008	0.064	0.035	0.567	-0.006	0.026	1.455
8.677	0.064	0.035	0.553	-0.01	-0.12	-0.89	3.97	-1.27	1.09	45014	0.064	0.035	0.566	-0.006	0.026	1.452
8.686	0.063	0.031	0.552	0.04	-0.11	-0.88	3.34	-2.16	1.76	45009	0.064	0.035	0.566	-0.006	0.025	1.450
8.694	0.063	0.033	0.553	0.06	-0.08	-0.87	1.70	-2.88	1.75	45007	0.065	0.035	0.566	-0.006	0.025	1.448
8.703	0.063	0.033	0.553	0.08	-0.05	-0.85	0.33	-2.39	1.20	44965	0.065	0.035	0.566	-0.007	0.025	1.445
8.714	0.063	0.033	0.552	0.09	-0.03	-0.83	-0.19	-3.44	1.63	44967	0.065	0.035	0.565	-0.007	0.025	1.443
8.727	0.063	0.033	0.552	0.09	0.00	-0.82	-0.39	-1.43	1.61	44963	0.065	0.035	0.565	-0.007	0.024	1.441
8.736	0.063	0.031	0.552	0.09	0.02	-0.80	-0.97	-0.72	1.77	44957	0.065	0.035	0.565	-0.007	0.024	1.439
8.746	0.065	0.034	0.553	0.06	0.01	-0.78	-2.75	1.78	1.03	44905	0.065	0.035	0.565	-0.007	0.024	1.437
8.755	0.065	0.034	0.552	0.04	-0.01	-0.77	-2.23	2.53	0.83	44894	0.065	0.035	0.564	-0.007	0.024	1.435
8.767	0.066	0.034	0.552	0.01	-0.03	-0.76	-1.07	2.39	1.09	44885	0.066	0.035	0.564	-0.007	0.024	1.433
8.775	0.068	0.032	0.552	0.01	-0.07	-0.75	-0.77	2.05	1.14	44861	0.066	0.035	0.564	-0.007	0.024	1.431
8.788	0.079	0.032	0.553	0.00	-0.14	-0.74	0.31	1.51	1.19	44844	0.068	0.034	0.564	-0.006	0.023	1.429
8.796	0.079	0.034	0.553	-0.01	-0.16	-0.73	1.42	0.67	0.69	44646	0.070	0.035	0.564	-0.005	0.023	1.427
8.805	0.079	0.034	0.553	0.01	-0.17	-0.73	1.91	-0.97	0.65	44640	0.071	0.035	0.564	-0.004	0.023	1.425
8.817	0.079	0.034	0.553	0.03	-0.16	-0.72	2.81	-1.69	0.30	44619	0.072	0.035	0.564	-0.003	0.023	1.424
8.827	0.078	0.031	0.553	0.07	-0.13	-0.72	2.15	-2.89	0.21	44604	0.073	0.034	0.564	-0.002	0.023	1.422
8.836	0.082	0.031	0.553	0.09	-0.12	-0.72	1.74	-4.92	0.62	44698	0.075	0.034	0.563	-0.002	0.022	1.420
8.846	0.078	0.030	0.553	0.11	-0.05	-0.71	1.80	-4.43	0.52	44688	0.076	0.034	0.563	-0.001	0.022	1.418
8.857	0.079	0.030	0.553	0.13	-0.00	-0.71	0.51	-4.77	0.69	44689	0.076	0.033	0.563	-0.001	0.022	1.417
8.865	0.079	0.030	0.553	0.13	0.04	-0.70	-0.67	-4.42	0.74	44683	0.077	0.033	0.563	-0.001	0.021	1.415
8.881	0.085	0.031	0.553	0.12	0.06	-0.69	-2.25	-4.37	1.20	44604	0.078	0.033	0.563	-0.000	0.021	1.413
8.886	0.082	0.029	0.553	0.10	0.11	-0.68	-3.47	-2.99	1.13	44598	0.079	0.033	0.563	0.000	0.020	1.412
8.895	0.083	0.030	0.553	0.06	0.13	-0.67	-3.84	-2.07	1.25	44588	0.080	0.032	0.562	0.001	0.020	1.410
8.903	0.084	0.030	0.554	0.02	0.15	-0.65	-3.58	-0.13	1.29	44562	0.081	0.032	0.562	0.001	0.020	1.409
8.912	0.084	0.030	0.554	-0.02	0.15	-0.64	-4.47	0.98	0.66	44534	0.082	0.032	0.562	0.001	0.020	1.407
8.927	0.084	0.033	0.554	-0.08	0.14	-0.63	-4.76	2.68	-0.42	44492	0.082	0.032	0.562	0.001	0.020	1.406
8.935	0.084	0.033	0.554	-0.13	0.11	-0.63	-3.91	4.83	0.44	44478	0.083	0.032	0.562	0.002	0.020	1.404
8.945	0.086	0.037	0.554	-0.18	0.06	-0.63	-4.10	7.29	0.57	44449	0.084	0.033	0.562	0.002	0.020	1.403
8.954	0.085	0.037	0.554	-0.23	-0.01	-0.63	-4.08	9.15	0.63	44427	0.084	0.034	0.562	0.002	0.021	1.402
8.963	0.085	0.038	0.553	-0.27	-0.11	-0.62	-4.97	11.68	0.43	44672	0.085	0.034	0.561	0.002	0.021	1.400
8.979	0.085	0.038	0.553	-0.32	-0.23	-0.62	-5.46	15.32	0.24	44632	0.085	0.035	0.561	0.002	0.021	1.399
8.986	0.086	0.039	0.553	-0.38	-0.39	-0.62	-7.40	21.27	0.89	44599	0.085	0.036	0.561	0.002	0.022	1.397
8.995	0.084	0.041	0.553	-0.47	-0.59	-0.61	-11.38	28.03	1.92	44528	0.086	0.036	0.560	0.002	0.022	1.396
9.006	0.089	0.030	0.553	-0.53	-0.90	-0.59	-8.41	26.53	4.30	44425	0.086	0.036	0.560	0.002	0.022	1.395
9.010	0.085	0.037	0.553	-0.64	-1.14	-0.55	1.99	18.76	6.22	44390	0.086	0.036	0.560	0.002	0.022	1.394
9.026	0.087	0.042	0.553	-0.63	-1.33	-0.49	12.13	10.75	6.82	44303	0.087	0.037	0.560	0.002	0.022	1.392
9.036	0.085	0.037	0.553	-0.48	-1.43	-0.42	24.82	5.46	5.43	44207	0.087	0.037	0.559	0.002	0.022	1.391
9.045	0.085	0.025	0.552	-0.16	-1.48	-0.37	35.64	0.97	1.55	44113	0.087	0.036	0.559	0.002	0.021	1.390
9.057	0.085	0.033	0.552	0.16	-1.49	-0.36	42.83	0.41	-3.18	44219	0.087	0.036	0.559	0.002	0.021	1.389
9.066	0.084	0.032	0.552	0.59	-1.49	-0.39	41.28	-0.25	-6.98	44074	0.087	0.036	0.558	0.001	0.020	1.388
9.080	0.084	0.021	0.553	1.05	-1.48	-0.47	34.04	-0.49	-12.69	43962	0.087	0.034	0.558	0.001	0.019	1.387
9.086	0.090	0.014	0.553	1.41	-1.51	-0.59	22.66	1.63	-17.25	43894	0.087	0.032	0.558	0.001	0.017	1.386
9.096	0.092	0.034	0.554	1.53	-1.54	-0.77	5.47	9.42	-20.13	43773	0.088	0.032	0.558	0.002	0.017	1.385
9.106	0.093	0.034	0.554	1.56	-1.64	-0.97	-24.60	12.88	-20.33	43750	0.089	0.032	0.558	0.002	0.017	1.385
9.115	0.094	0.036	0.554	1.28	-1.77	-1.17	-58.86	8.34	-17.98	43778	0.089	0.033	0.558	0.003	0.017	1.384
9.125	0.093	0.038	0.555	0.66	-1.84	-1.35	-84.84	-0.27	-16.98	43870	0.090	0.034	0.558	0.003	0.018	1.384
9.137	0.092	0.038	0.555	-0.20	-1.82	-1.52	-95.67	-14.42	-17.51	43985	0.090	0.034	0.558	0.003	0.018	1.383
9.146	0.084	0.045	0.555	-1.18	-1.62	-1.70	-91.46	-29.94	-19.82	44047	0.090	0.036	0.558	0.003	0.019	1.383
9.155	0.089	0.051	0.555	-2.12	-1.33	-1.89	-72.33	-43.90	-21.94	44110	0.090	0.038	0.558	0.003	0.021	1.382
9.166	0.079	0.040	0.555	-2.77	-0.82	-2.09	-43.08	-58.26	-23.17	44150	0.088	0.038	0.558	0.001	0.021	1.382
9.175	0.079	0.040	0.555	-3.19	-0.22	-2.29	-13.61	-68.53	-22.90	44146	0.087	0.038	0.558	0.001	0.021	1.381
9.186	0.071	0.038	0.556	-3.31	0.52	-2.48	11.51	-70.24	-22.46	44026	0.086	0.039	0.558	-0.001	0.021	1.381
9.196	0.084	0.031	0.556	-3.15	1.16	-2.67	35.22	-63.59	-20.30	44011	0.086	0.038	0.558	-0.001	0.020	1.381
9.205	0.079	0.034	0.556	-2.79	1.83	-2.84	56.18	-49.54	-18.23	43997	0.085	0.038	0.558	-0.002	0.020	1.381
9.214	0.073	0.034	0.557	-2.22	2.35	-3.00	72.21	-30.68	-16.09	44007	0.084	0.038	0.558	-0.003	0.020	1.381
9.224	0.080	0.029	0.560	-1.46	2.62	-3.15	81.45	-8.90	-14.03	44010	0.084	0.037	0.558	-0.004	0.019	1.381
9.236	0.082	0.039	0.560	-0.69	2.69	-3.29	84.23	11.46	-13.32	43459	0.084	0.038	0.559	-0.004	0.019	1.381
9.246	0.086	0.033	0.560	0.19	2.55	-3.42	78.37	31.56	-14.62	43431	0.084	0.038	0.559	-0.004	0.018	1.381
9.255	0.089	0.042	0.560	0.93	2.22	-3.57	65.48	46.28	-15.85	43394	0.085	0.038	0.559	-0.004	0.019	1.381
9.265	0.093	0.033	0.562	1.63	1.72	-3.72	49.05	57.67	-17.58	43361	0.086	0.038	0.560	-0.003	0.018	1.382
9.276	0.099	0.044	0.562	2.07	1.13	-3.87	33.40	56.59	-18.02	43104	0.088	0.039	0.560	-0.002	0.019	1.382
9.288	0.101	0.040	0.563	2.42	0.55	-4.03	13.48	51.75	-18.78	43079	0.090	0.040	0.560	-0.000	0.019	1.383
9.294	0.102	0.040	0.563	2.55	0.03	-4.19	-4.46	41.70	-18.46	43059	0.092	0.040	0.561	0.001	0.019	1.383
9.306	0.102	0.049	0.563	2.45	-0.39	-4.36	-21.46	32.99	-18.76	43064	0.093	0.042	0.561	0.002	0.019	1.383
9.315	0.102	0.049	0.562	2.23	-0.71	-4.53	-37.40	19.66	-18.11	43294	0.094	0.043	0.561	0.003	0.020	1.384
9.323	0.101	0.047	0.563	1.86	-0.91	-4.71	-47.94	7.51	-17.69	43270	0.095	0.044	0.561	0.004	0.021	1.384
9.336	0.100	0.047	0.563	1.38	-0.97	-4.89	-53.93	-5.08	-17.00	43238	0.096	0.044	0.561	0.004	0.021	1.384
9.345	0.104	0.056	0.563	0.78	-0.93	-5.06	-60.70	-16.55	-14.35	43219	0.097	0.046	0.561	0.005	0.022	1.385
9.355	0.100	0.045	0.563	0.23	-0.75	-5.20	-61.83	-26.53	-11.44	43242	0.098	0.046	0.561	0.005	0.022	1.385
9.366	0.098	0.048	0.563	-0.39	-0.46	-5.31	-51.63	-35.73	-9.46	43396	0.098	0.046	0.561	0.005	0.022	1.386
9.376	0.102	0.048	0.563	-0.91	-0.12	-5.41	-39.58	-44.77	-9.39	43444	0.099	0.047	0.560	0.005	0.022	1.386
9.388	0.098	0.049	0.563	-1.30	0.35	-5.49	-18.89	-49.55	-9.56	43469	0.099	0.047	0.560	0.005	0.022	1.387
9.396	0.106	0.046	0.563	-1.45	0.81	-5.58	12.13	-51.10	-6.97	43466	0.100	0.048	0.560	0.006	0.022	1.387
9.405	0.101	0.042	0.565	-1.29	1.35	-5.63	35.00	-51.04	-2.97	43241	0.101	0.047	0.560	0.006	0.022	1.388
9.416	0.099	0.045	0.565	-0.95	1.86	-5.65	49.46	-38.44	0.02	43196	0.101	0.047	0.560	0.005	0.021	1.389
9.424	0.098	0.050	0.565	-0.49	2.25	-5.64	51.76	-21.82	4.01	43159	0.101	0.048	0.560	0.005	0.022	1.390
9.439	0.098	0.045	0.565	0.05	2.45	-5.60	51.76	-4.51	5.92	43140	0.102	0.048	0.560	0.005	0.021	1.390
9.445	0.101	0.056	0.566	0.51	2.48	-5.54	53.05	14.58	6.77	43147	0.102	0.049	0.560	0.004	0.022	1.391
9.457	0.102	0.056	0.566	1.04	2.32	-5.47	49.64	39.71	6.74	43100	0.103	0.050	0.560	0.004	0.023	1.392
9.469	0.108	0.059	0.566	1.52	1.87	-5.39	48.90	67.07	5.21	43192	0.104	0.052	0.560	0.005	0.023	1.393
9.477	0.113	0.051	0.566	2.05	1.17	-5.32	47.32	87.18	6.09	43250	0.105	0.052	0.560	0.006	0.023	1.394
9.490	0.113	0.069	0.566	2.42	0.30	-5.22	34.50	96.42	5.95	43279	0.107	0.055	0.560	0.007	0.025	1.395
9.495	0.120	0.061	0.566	2.81	-0.69	-5.12	21.13	89.59	6.02	43336	0.109	0.056	0.560	0.008	0.026	1.396
9.507	0.117	0.077	0.566	2.93	-1.54	-5.01	10.54	73.85	5.52	43334	0.110	0.059	0.560	0.009	0.028	1.397
9.514	0.123	0.076	0.567	3.04	-2.30	-4.92	1.27	55.45	4.75	43318	0.112	0.061	0.560	0.010	0.029	1.399
9.526	0.119	0.077	0.567	3.05	-2.82	-4.84	-7.30	36.31	5.11	43301	0.113	0.064	0.560	0.011	0.031	1.400
9.531	0.117	0.079	0.566	2.97	-3.15	-4.77	-14.35	10.57	3.93	43461	0.114	0.066	0.560	0.011	0.033	1.401
9.546	0.116	0.083	0.566	2.81	-3.23	-4.72	-25.46	-19.17	2.81	43447	0.114	0.068	0.560	0.012	0.034	1.402
9.555	0.126	0.087	0.566	2.53	-3.07	-4.71	-35.36	-48.83	2.04	43454	0.116	0.071	0.559	0.013	0.036	1.403
9.566	0.112	0.078	0.566	2.23	-2.49	-4.70	-43.54	-73.14	2.30	43464	0.116	0.072	0.559	0.012	0.037	1.404
9.575	0.109	0.083	0.564	1.77	-1.73	-4.71	-46.37	-92.95	3.31	43450	0.115	0.074	0.559	0.012	0.038	1.405
9.585	0.117	0.098	0.564	1.22	-0.83	-4.70	-42.61	-105.35	4.31	43732	0.116	0.077	0.558	0.012	0.040	1.406
9.596	0.104	0.102	0.564	0.77	0.30	-4.68	-38.65	-105.06	4.68	43754	0.115	0.080	0.558	0.010	0.043	1.407
9.605	0.118	0.086	0.564	0.47	1.26	-4.64	-31.43	-92.82	5.18	43756	0.116	0.081	0.557	0.010	0.043	1.408
9.614	0.110	0.086	0.564	0.17	2.23	-4.60	-20.60	-77.64	5.31	43750	0.116	0.082	0.557	0.010	0.044	1.409
9.624	0.118	0.090	0.564	-0.06	2.95	-4.54	-11.01	-58.47	6.62	43727	0.117	0.084	0.557	0.010	0.044	1.411
9.635	0.121	0.090	0.564	-0.17	3.51	-4.47	-1.68	-38.33	8.42	43707	0.118	0.085	0.556	0.010	0.045	1.412
9.646	0.120	0.089	0.564	-0.18	3.89	-4.39	6.95	-16.32	9.46	43718	0.119	0.086	0.556	0.010	0.045	1.413
9.657	0.124	0.089	0.564	-0.11	4.03	-4.29	13.62	4.78	9.48	43737	0.120	0.087	0.556	0.010	0.046	1.414
9.665	0.126	0.084	0.564	0.05	3.96	-4.20	20.61	28.24	8.70	43702	0.122	0.087	0.556	0.011	0.045	1.416
9.675	0.126	0.084	0.564	0.26	3.66	-4.11	29.91	56.63	6.20	43699	0.123	0.087	0.555	0.011	0.045	1.417
9.686	0.129	0.093	0.563	0.51	3.07	-4.05	37.70	79.98	1.28	43686	0.125	0.088	0.555	0.012	0.046	1.419
9.695	0.133	0.091	0.563	0.89	2.24	-4.03	33.41	89.73	-3.20	43608	0.126	0.089	0.555	0.012	0.046	1.420
9.705	0.132	0.085	0.564	1.26	1.35	-4.04	22.06	88.60	-5.34	43524	0.128	0.089	0.555	0.013	0.046	1.422
9.715	0.139	0.083	0.564	1.49	0.44	-4.08	6.24	76.85	-4.98	43362	0.130	0.088	0.555	0.014	0.045	1.423
9.724	0.135	0.087	0.564	1.51	-0.30	-4.10	-9.30	57.29	-3.02	43319	0.131	0.089	0.555	0.015	0.045	1.425
9.735	0.135	0.090	0.564	1.40	-0.85	-4.12	-20.76	33.44	-2.01	43266	0.132	0.089	0.554	0.015	0.045	1.427
9.744	0.138	0.100	0.563	1.13	-1.18	-4.13	-32.96	11.46	-2.02	43248	0.133	0.091	0.554	0.016	0.046	1.428
9.754	0.134	0.083	0.563	0.91	-1.29	-4.15	-44.90	-4.15	-1.43	43548	0.134	0.090	0.554	0.016	0.045	1.430
9.765	0.137	0.092	0.563	0.40	-1.26	-4.16	-48.94	-15.69	-1.69	43550	0.135	0.091	0.553	0.016	0.045	1.431
9.773	0.139	0.097	0.562	-0.12	-1.10	-4.18	-48.65	-24.55	-1.82	43569	0.136	0.092	0.553	0.016	0.046	1.433
9.785	0.133	0.086	0.562	-0.53	-0.83	-4.20	-40.33	-27.82	-1.18	43622	0.137	0.091	0.553	0.016	0.045	1.434
9.799	0.133	0.085	0.561	-0.93	-0.55	-4.21	-40.08	-21.68	-0.35	43843	0.137	0.091	0.552	0.016	0.044	1.436
9.805	0.136	0.080	0.561	-1.31	-0.36	-4.21	-38.95	-10.38	1.01	43862	0.138	0.090	0.552	0.015	0.043	1.437
9.815	0.136	0.080	0.561	-1.69	-0.27	-4.19	-32.28	4.72	1.22	43874	0.138	0.089	0.552	0.015	0.042	1.439
9.823	0.138	0.081	0.561	-2.01	-0.32	-4.18	-20.06	14.75	0.27	43884	0.139	0.088	0.551	0.015	0.042	1.441
9.836	0.139	0.081	0.561	-2.20	-0.47	-4.19	-3.35	16.47	-1.08	43884	0.139	0.088	0.551	0.015	0.041	1.442
9.845	0.140	0.082	0.561	-2.23	-0.64	-4.20	14.23	12.70	-2.28	43819	0.140	0.087	0.551	0.015	0.040	1.444
9.856	0.141	0.082	0.561	-2.09	-0.77	-4.23	27.70	9.12	-4.18	43889	0.141	0.087	0.551	0.015	0.040	1.446
9.864	0.145	0.075	0.561	-1.76	-0.88	-4.28	39.60	3.12	-6.04	43957	0.142	0.086	0.550	0.015	0.039	1.448
9.876	0.145	0.074	0.560	-1.36	-0.91	-4.34	43.02	-0.10	-7.50	44018	0.143	0.085	0.550	0.016	0.037	1.449
9.885	0.143	0.080	0.560	-0.97	-0.89	-4.42	35.16	-3.99	-6.44	44114	0.144	0.085	0.550	0.015	0.037	1.451
9.899	0.144	0.076	0.560	-0.60	-0.84	-4.48	23.92	-12.01	-4.43	44198	0.144	0.084	0.550	0.015	0.036	1.453
9.905	0.146	0.080	0.559	-0.39	-0.73	-4.52	15.77	-19.77	-2.68	44298	0.145	0.084	0.549	0.016	0.035	1.454
9.916	0.149	0.073	0.559	-0.20	-0.55	-4.55	3.85	-17.17	-2.46	44395	0.146	0.083	0.549	0.016	0.034	1.456
9.924	0.152	0.073	0.558	-0.17	-0.39	-4.58	-5.12	-13.67	-1.85	44618	0.148	0.082	0.549	0.016	0.033	1.458
9.935	0.153	0.074	0.557	-0.22	-0.26	-4.59	-6.92	-13.85	-0.99	44694	0.149	0.081	0.548	0.017	0.032	1.459
9.946	0.154	0.075	0.557	-0.28	-0.12	-4.60	-5.86	-12.13	0.83	44739	0.150	0.081	0.548	0.017	0.032	1.461
9.955	0.156	0.075	0.556	-0.34	-0.01	-4.59	-3.39	-7.64	1.39	44764	0.152	0.080	0.547	0.018	0.031	1.462
9.964	0.157	0.075	0.555	-0.37	0.07	-4.58	-1.35	-4.10	3.45	44765	0.153	0.080	0.547	0.018	0.030	1.464
9.976	0.157	0.075	0.555	-0.39	0.11	-4.54	2.05	-1.14	6.44	44900	0.154	0.080	0.546	0.018	0.030	1.465
9.984	0.160	0.072	0.554	-0.35	0.10	-4.48	5.08	2.89	9.37	44888	0.156	0.079	0.546	0.019	0.029	1.466
9.994	0.166	0.071	0.554	-0.29	0.04	-4.38	9.98	8.36	10.14	44856	0.158	0.079	0.546	0.020	0.028	1.468
10.006	0.167	0.067	0.554	-0.16	-0.05	-4.28	15.37	10.53	9.00	44819	0.160	0.078	0.545	0.021	0.027	1.469
10.018	0.167	0.067	0.553	-0.01	-0.16	-4.19	17.65	7.49	8.98	44724	0.161	0.077	0.545	0.021	0.026	1.471
10.026	0.167	0.073	0.553	0.12	-0.22	-4.10	12.34	-2.62	7.08	44693	0.163	0.076	0.544	0.022	0.026	1.472
10.035	0.168	0.078	0.553	0.21	-0.18	-4.03	7.01	-16.02	6.29	44659	0.164	0.077	0.544	0.022	0.026	1.474
10.046	0.172	0.077	0.552	0.29	-0.03	-3.97	6.23	-35.55	6.04	44671	0.166	0.077	0.544	0.023	0.026	1.475
10.056	0.168	0.080	0.552	0.33	0.37	-3.91	6.50	-56.22	6.60	44655	0.167	0.078	0.544	0.023	0.026	1.476
10.065	0.175	0.077	0.552	0.40	0.89	-3.85	1.91	-71.02	7.83	44714	0.169	0.078	0.543	0.024	0.026	1.478
10.074	0.173	0.078	0.551	0.42	1.62	-3.77	-3.91	-74.73	10.11	44799	0.171	0.078	0.543	0.024	0.026	1.479
10.085	0.179	0.078	0.551	0.37	2.33	-3.67	-5.25	-69.13	12.25	44907	0.173	0.079	0.543	0.025	0.026	1.481
10.095	0.177	0.079	0.551	0.30	3.03	-3.55	-10.84	-51.88	15.37	45019	0.174	0.079	0.543	0.025	0.026	1.482
10.106	0.175	0.081	0.551	0.17	3.57	-3.40	-14.70	-32.64	18.35	44945	0.176	0.080	0.543	0.025	0.026	1.484
10.116	0.184	0.087	0.551	-0.03	3.83	-3.21	-17.13	-12.14	20.74	45027	0.178	0.081	0.542	0.025	0.027	1.485
10.127	0.184	0.088	0.550	-0.21	3.94	-3.00	-15.70	8.39	21.09	45100	0.180	0.082	0.542	0.026	0.027	1.486
10.135	0.188	0.090	0.552	-0.40	3.83	-2.79	-11.23	27.13	20.65	45184	0.182	0.083	0.542	0.026	0.028	1.488
10.147	0.188	0.090	0.551	-0.52	3.54	-2.59	-10.68	53.98	18.33	44890	0.184	0.085	0.542	0.027	0.029	1.489
10.151	0.192	0.089	0.551	-0.63	2.96	-2.41	-10.60	80.98	16.79	44991	0.186	0.086	0.542	0.028	0.029	1.491
10.168	0.197	0.089	0.550	-0.74	2.11	-2.25	-2.93	97.35	11.56	45093	0.189	0.086	0.542	0.028	0.029	1.492
10.176	0.196	0.089	0.550	-0.76	1.15	-2.15	11.24	99.88	6.38	45206	0.191	0.087	0.542	0.029	0.029	1.493
10.184	0.201	0.085	0.549	-0.62	0.13	-2.10	24.69	89.91	2.65	45354	0.193	0.087	0.542	0.030	0.029	1.495
10.195	0.202	0.086	0.548	-0.37	-0.76	-2.08	36.83	68.94	0.68	45403	0.196	0.088	0.542	0.031	0.029	1.496
10.220	0.199	0.090	0.548	-0.02	-1.40	-2.08	50.34	36.72	1.73	45429	0.197	0.088	0.542	0.031	0.029	1.497
10.227	0.196	0.098	0.547	0.44	-1.72	-2.06	55.22	1.21	2.06	45446	0.198	0.090	0.541	0.031	0.030	1.498
10.230	0.193	0.092	0.544	1.04	-1.69	-2.04	54.86	-36.81	2.42	45435	0.199	0.091	0.541	0.030	0.030	1.498
10.235	0.193	0.103	0.544	1.51	-1.30	-2.02	50.28	-75.60	3.67	45840	0.199	0.093	0.540	0.030	0.031	1.499
10.244	0.188	0.098	0.543	2.05	-0.49	-2.01	41.39	-107.16	5.06	45830	0.199	0.094	0.539	0.028	0.032	1.500
10.254	0.193	0.111	0.543	2.36	0.56	-1.99	26.89	-125.23	5.57	45805	0.200	0.096	0.539	0.028	0.033	1.500
10.266	0.186	0.110	0.542	2.63	1.86	-1.99	6.98	-132.30	5.47	45798	0.200	0.099	0.538	0.026	0.035	1.501
10.273	0.195	0.111	0.540	2.69	3.13	-2.00	-10.05	-129.52	3.77	46098	0.201	0.101	0.538	0.025	0.036	1.501
10.285	0.194	0.113	0.539	2.58	4.43	-2.02	-17.94	-115.29	0.86	46134	0.201	0.103	0.537	0.024	0.037	1.502
10.294	0.195	0.119	0.539	2.37	5.56	-2.06	-23.04	-83.36	-3.89	46120	0.202	0.105	0.536	0.023	0.039	1.502
10.307	0.202	0.120	0.538	2.14	6.35	-2.13	-24.58	-41.74	-8.06	46066	0.204	0.107	0.536	0.023	0.040	1.502
10.315	0.205	0.123	0.537	1.88	6.72	-2.22	-30.06	15.67	-11.27	45947	0.206	0.110	0.535	0.023	0.042	1.503
10.326	0.211	0.127	0.537	1.57	6.55	-2.33	-35.50	60.56	-12.73	45814	0.209	0.112	0.535	0.023	0.043	1.503
10.335	0.215	0.118	0.537	1.30	5.94	-2.45	-39.56	86.51	-12.20	45634	0.211	0.113	0.534	0.023	0.044	1.504
10.345	0.221	0.121	0.536	0.90	5.05	-2.55	-34.31	93.53	-9.44	45461	0.214	0.115	0.534	0.024	0.045	1.504
10.355	0.215	0.126	0.537	0.53	4.16	-2.63	-24.91	87.46	-6.19	45316	0.216	0.117	0.534	0.024	0.046	1.504
10.365	0.220	0.128	0.537	0.27	3.25	-2.69	-6.95	76.96	-3.52	45033	0.219	0.118	0.534	0.024	0.047	1.505
10.374	0.218	0.127	0.537	0.20	2.49	-2.73	13.28	62.17	-1.10	44856	0.220	0.120	0.534	0.024	0.048	1.506
10.385	0.221	0.122	0.537	0.36	1.84	-2.74	30.51	44.81	0.73	44660	0.222	0.121	0.533	0.024	0.048	1.506
10.394	0.215	0.126	0.537	0.63	1.42	-2.73	46.09	30.77	2.34	44494	0.223	0.122	0.533	0.023	0.048	1.507
10.401	0.218	0.127	0.536	1.07	1.09	-2.70	53.07	19.88	4.11	44546	0.224	0.123	0.533	0.022	0.049	1.507
10.417	0.217	0.120	0.536	1.65	0.88	-2.66	53.87	10.98	5.68	44398	0.225	0.123	0.533	0.022	0.048	1.508
10.424	0.218	0.129	0.536	2.12	0.76	-2.59	55.23	2.64	5.24	44242	0.226	0.124	0.533	0.021	0.049	1.508
10.436	0.219	0.133	0.536	2.65	0.73	-2.54	49.16	1.76	2.25	44116	0.227	0.126	0.533	0.020	0.050	1.509
10.443	0.220	0.134	0.536	3.14	0.70	-2.51	36.13	12.83	1.68	44027	0.228	0.127	0.533	0.019	0.050	1.509
10.456	0.222	0.130	0.537	3.53	0.56	-2.49	18.27	22.41	2.13	44006	0.229	0.128	0.533	0.018	0.051	1.510
10.466	0.222	0.130	0.537	3.72	0.34	-2.46	5.24	26.00	3.77	43929	0.230	0.128	0.533	0.017	0.051	1.511
10.475	0.223	0.129	0.537	3.79	0.07	-2.41	-2.30	25.87	2.48	43866	0.231	0.129	0.533	0.016	0.051	1.511
10.485	0.222	0.130	0.538	3.76	-0.18	-2.36	-11.76	22.25	1.08	43832	0.232	0.129	0.533	0.015	0.051	1.512
10.494	0.221	0.133	0.538	3.63	-0.39	-2.33	-25.19	11.57	2.31	43710	0.232	0.130	0.533	0.014	0.051	1.513
10.504	0.222	0.141	0.539	3.32	-0.52	-2.30	-39.28	2.77	2.77	43677	0.233	0.131	0.534	0.013	0.052	1.514
10.516	0.222	0.132	0.539	3.00	-0.56	-2.27	-49.76	-5.11	2.72	43600	0.233	0.132	0.534	0.011	0.052	1.515
10.525	0.222	0.132	0.540	2.51	-0.51	-2.25	-48.76	-11.96	3.91	43492	0.233	0.132	0.534	0.010	0.052	1.516
10.536	0.225	0.128	0.539	2.05	-0.42	-2.22	-35.95	-19.45	5.96	43345	0.234	0.131	0.534	0.009	0.052	1.517
10.543	0.223	0.127	0.539	1.70	-0.21	-2.17	-17.98	-28.26	5.51	43377	0.235	0.131	0.534	0.008	0.052	1.518
10.555	0.224	0.126	0.540	1.51	0.07	-2.11	-5.24	-30.97	3.16	43198	0.235	0.130	0.534	0.007	0.051	1.519
10.561	0.224	0.126	0.540	1.45	0.38	-2.09	2.60	-25.27	0.34	43058	0.235	0.130	0.534	0.005	0.051	1.520
10.575	0.227	0.126	0.541	1.47	0.61	-2.09	-1.31	-16.40	-3.63	42931	0.236	0.129	0.535	0.004	0.050	1.521
10.584	0.228	0.127	0.541	1.44	0.77	-2.13	-10.35	-4.64	-6.41	42880	0.237	0.129	0.535	0.003	0.050	1.522
10.594	0.227	0.133	0.542	1.29	0.83	-2.19	-26.22	7.24	-9.10	42792	0.237	0.130	0.535	0.002	0.050	1.523
10.600	0.231	0.127	0.542	1.08	0.73	-2.28	-39.20	18.04	-8.67	42775	0.238	0.129	0.535	0.001	0.050	1.524
10.618	0.234	0.125	0.543	0.71	0.53	-2.37	-49.91	25.06	-6.98	42816	0.239	0.129	0.535	0.001	0.050	1.525
10.626	0.236	0.124	0.544	0.22	0.26	-2.44	-56.60	26.62	-6.48	42719	0.241	0.128	0.536	0.000	0.049	1.527
10.636	0.238	0.124	0.545	-0.34	-0.01	-2.51	-54.98	24.28	-5.88	42743	0.242	0.127	0.536	-0.000	0.049	1.528
10.646	0.239	0.127	0.545	-0.92	-0.26	-2.57	-52.48	24.90	-3.99	42760	0.243	0.127	0.536	-0.001	0.049	1.530
10.654	0.240	0.121	0.546	-1.41	-0.52	-2.61	-50.53	24.37	1.65	42740	0.244	0.126	0.537	-0.001	0.048	1.531
10.663	0.240	0.121	0.547	-1.92	-0.77	-2.61	-49.03	19.80	8.48	42674	0.245	0.126	0.537	-0.002	0.048	1.533
10.675	0.241	0.113	0.548	-2.35	-0.98	-2.54	-43.89	10.12	15.64	42418	0.246	0.124	0.538	-0.002	0.046	1.535
10.683	0.242	0.112	0.548	-2.78	-1.10	-2.39	-33.01	-2.06	22.02	42362	0.247	0.122	0.538	-0.003	0.045	1.536
10.695	0.245	0.106	0.549	-3.08	-1.12	-2.18	-18.13	-18.20	29.08	42320	0.248	0.120	0.539	-0.003	0.044	1.538
10.703	0.245	0.106	0.552	-3.26	-0.96	-1.88	-0.69	-25.12	33.61	42278	0.249	0.118	0.540	-0.004	0.042	1.540
10.720	0.245	0.104	0.552	-3.26	-0.73	-1.54	18.14	-26.62	37.41	41858	0.250	0.117	0.540	-0.004	0.041	1.542
10.726	0.252	0.101	0.553	-3.07	-0.54	-1.15	33.99	-22.59	40.22	41864	0.252	0.115	0.541	-0.004	0.039	1.544
10.736	0.251	0.096	0.554	-2.70	-0.33	-0.74	47.60	-19.75	41.04	41861	0.253	0.112	0.541	-0.005	0.037	1.546
10.742	0.253	0.104	0.554	-2.30	-0.16	-0.32	55.51	-24.77	40.72	41851	0.255	0.111	0.542	-0.005	0.036	1.549
10.750	0.253	0.098	0.554	-1.70	0.08	0.10	57.95	-32.10	38.36	41869	0.256	0.110	0.542	-0.005	0.035	1.551
10.763	0.255	0.096	0.555	-1.12	0.37	0.49	51.50	-39.32	35.59	41979	0.258	0.108	0.543	-0.006	0.034	1.553
10.776	0.254	0.100	0.555	-0.64	0.77	0.86	41.48	-45.72	34.23	42062	0.259	0.107	0.543	-0.006	0.033	1.555
10.786	0.256	0.103	0.556	-0.25	1.20	1.20	26.16	-49.60	31.95	42134	0.260	0.107	0.544	-0.007	0.032	1.557
10.796	0.257	0.103	0.555	0.01	1.70	1.53	8.09	-49.31	29.93	42210	0.261	0.106	0.544	-0.007	0.032	1.559
10.805	0.259	0.105	0.556	0.07	2.18	1.83	-7.16	-49.91	26.85	42462	0.263	0.106	0.544	-0.008	0.032	1.561
10.814	0.259	0.107	0.556	-0.02	2.67	2.10	-18.69	-39.97	22.82	42548	0.264	0.106	0.544	-0.008	0.032	1.563
10.826	0.263	0.110	0.556	-0.24	3.06	2.34	-27.20	-24.80	19.61	42638	0.266	0.107	0.544	-0.009	0.033	1.565
10.834	0.263	0.110	0.556	-0.52	3.31	2.54	-32.50	-7.72	17.55	42727	0.267	0.107	0.544	-0.009	0.033	1.567
10.843	0.266	0.106	0.557	-0.82	3.38	2.72	-32.74	9.91	16.36	42728	0.269	0.107	0.544	-0.010	0.033	1.569
10.851	0.272	0.101	0.557	-1.12	3.24	2.88	-28.99	22.05	15.53	42760	0.271	0.106	0.544	-0.009	0.032	1.571
10.863	0.273	0.104	0.557	-1.44	3.02	3.03	-25.65	32.92	14.90	42796	0.273	0.106	0.544	-0.009	0.032	1.573
10.872	0.273	0.107	0.557	-1.73	2.69	3.17	-23.46	40.96	15.26	42830	0.275	0.106	0.544	-0.010	0.032	1.576
10.885	0.278	0.099	0.558	-1.91	2.24	3.31	-17.62	43.34	17.03	42856	0.277	0.106	0.545	-0.010	0.031	1.578
10.896	0.280	0.099	0.558	-2.09	1.79	3.46	-9.21	42.96	18.37	42660	0.279	0.105	0.545	-0.009	0.030	1.580
10.905	0.280	0.098	0.558	-2.19	1.36	3.63	1.31	35.24	19.23	42656	0.281	0.104	0.545	-0.009	0.030	1.582
10.916	0.283	0.098	0.559	-2.19	0.98	3.81	10.98	25.83	19.39	42648	0.283	0.104	0.545	-0.009	0.029	1.585
10.926	0.283	0.097	0.558	-2.08	0.72	3.99	20.44	10.44	18.32	42644	0.285	0.103	0.545	-0.010	0.028	1.587
10.935	0.282	0.097	0.558	-1.88	0.61	4.17	28.74	-8.46	16.84	42683	0.286	0.102	0.545	-0.010	0.028	1.589
10.946	0.278	0.100	0.559	-1.63	0.71	4.34	35.41	-24.32	15.41	42716	0.287	0.102	0.545	-0.011	0.027	1.592
10.952	0.274	0.102	0.559	-1.30	0.97	4.51	36.45	-35.80	14.78	42751	0.287	0.102	0.545	-0.013	0.027	1.594
10.963	0.275	0.104	0.559	-0.96	1.30	4.66	32.05	-40.19	13.87	42788	0.287	0.103	0.545	-0.014	0.027	1.596
10.977	0.275	0.102	0.557	-0.62	1.71	4.81	28.30	-39.59	12.25	43177	0.288	0.103	0.545	-0.015	0.027	1.598
10.985	0.280	0.099	0.557	-0.32	2.06	4.93	28.14	-34.05	10.88	43220	0.289	0.103	0.544	-0.016	0.027	1.600
10.994	0.280	0.097	0.556	-0.02	2.40	5.04	25.24	-24.26	8.57	43262	0.290	0.103	0.544	-0.017	0.026	1.602
11.003	0.281	0.100	0.556	0.20	2.64	5.13	21.58	-10.99	6.48	43306	0.290	0.103	0.544	-0.018	0.026	1.604
11.019	0.281	0.104	0.555	0.38	2.76	5.20	19.53	1.91	4.58	43375	0.291	0.103	0.543	-0.020	0.026	1.606
11.029	0.281	0.104	0.555	0.57	2.75	5.25	16.55	14.84	2.38	43597	0.292	0.104	0.543	-0.021	0.026	1.608
11.035	0.281	0.105	0.555	0.74	2.60	5.28	14.07	24.65	0.25	43646	0.292	0.104	0.543	-0.022	0.026	1.611
11.045	0.283	0.101	0.554	0.91	2.34	5.28	10.83	31.90	-1.71	43726	0.293	0.104	0.542	-0.023	0.026	1.613
11.055	0.283	0.101	0.554	1.01	2.02	5.27	5.08	34.77	-3.55	43793	0.294	0.104	0.542	-0.025	0.026	1.615
11.065	0.284	0.102	0.552	1.06	1.66	5.24	-2.79	32.72	-5.16	44098	0.294	0.104	0.541	-0.026	0.025	1.616
11.073	0.283	0.103	0.552	1.02	1.35	5.19	-11.41	27.74	-6.56	44191	0.295	0.104	0.541	-0.027	0.025	1.618
11.081	0.279	0.106	0.551	0.88	1.10	5.13	-20.88	23.04	-7.00	44266	0.295	0.104	0.540	-0.029	0.025	1.620
11.097	0.278	0.108	0.551	0.65	0.88	5.07	-27.14	16.23	-6.62	44358	0.294	0.105	0.540	-0.031	0.026	1.622
11.106	0.277	0.111	0.550	0.35	0.72	5.01	-32.18	10.32	-6.04	44456	0.294	0.106	0.539	-0.032	0.026	1.624
11.115	0.282	0.102	0.550	0.11	0.57	4.94	-33.31	6.49	-4.24	44568	0.294	0.106	0.539	-0.034	0.026	1.626
11.127	0.282	0.102	0.549	-0.22	0.51	4.90	-30.22	5.41	-3.10	44659	0.294	0.106	0.538	-0.035	0.025	1.628
11.132	0.281	0.106	0.548	-0.55	0.46	4.87	-24.23	4.75	-2.27	44730	0.294	0.106	0.538	-0.037	0.025	1.629
11.145	0.279	0.108	0.546	-0.80	0.43	4.85	-11.62	2.98	-1.19	44781	0.294	0.106	0.537	-0.039	0.026	1.631
11.155	0.278	0.108	0.546	-0.91	0.40	4.84	1.61	2.50	1.60	45119	0.294	0.107	0.537	-0.040	0.026	1.632
11.165	0.278	0.108	0.545	-0.89	0.38	4.85	12.26	1.52	3.85	45144	0.293	0.107	0.536	-0.042	0.026	1.634
11.172	0.280	0.105	0.544	-0.74	0.34	4.89	26.27	0.23	5.05	45191	0.293	0.107	0.535	-0.044	0.026	1.635
11.186	0.282	0.099	0.543	-0.41	0.32	4.93	38.90	-4.90	4.49	45230	0.293	0.107	0.535	-0.045	0.025	1.637
11.194	0.277	0.110	0.543	-0.11	0.40	4.98	48.84	-2.61	3.70	45238	0.293	0.107	0.534	-0.047	0.025	1.638
11.204	0.280	0.103	0.542	0.44	0.40	5.01	56.29	6.71	0.72	45290	0.293	0.107	0.534	-0.048	0.024	1.640
11.213	0.280	0.109	0.542	0.95	0.32	5.02	57.85	19.86	-2.68	45318	0.293	0.108	0.533	-0.050	0.025	1.641
11.224	0.280	0.110	0.541	1.52	0.11	5.00	50.30	29.95	-5.95	45330	0.293	0.108	0.533	-0.051	0.025	1.643
11.236	0.276	0.119	0.540	1.93	-0.17	4.95	37.34	34.11	-8.92	45326	0.292	0.110	0.532	-0.053	0.026	1.644
11.246	0.279	0.115	0.539	2.34	-0.54	4.88	23.40	39.35	-10.73	45324	0.292	0.111	0.532	-0.054	0.026	1.645
11.252	0.282	0.114	0.539	2.56	-0.96	4.78	-2.29	45.80	-13.10	45312	0.292	0.112	0.532	-0.055	0.027	1.646
11.263	0.284	0.117	0.538	2.51	-1.45	4.67	-22.85	50.19	-15.15	45272	0.292	0.113	0.531	-0.056	0.027	1.648
11.269	0.280	0.121	0.538	2.23	-1.94	4.54	-39.14	51.12	-16.92	45194	0.292	0.114	0.531	-0.058	0.028	1.649
11.286	0.283	0.123	0.538	1.81	-2.47	4.39	-53.50	45.73	-19.05	44961	0.292	0.115	0.531	-0.059	0.029	1.650
11.296	0.280	0.121	0.538	1.27	-2.90	4.21	-58.72	33.46	-19.69	44919	0.291	0.116	0.530	-0.060	0.029	1.651
11.303	0.279	0.127	0.537	0.64	-3.23	4.02	-53.28	16.65	-20.11	44896	0.291	0.118	0.530	-0.061	0.030	1.653
11.312	0.280	0.119	0.537	0.16	-3.39	3.82	-43.77	-0.07	-21.67	44889	0.290	0.118	0.530	-0.062	0.030	1.654
11.323	0.282	0.116	0.537	-0.26	-3.39	3.60	-37.24	-15.79	-21.60	44903	0.290	0.118	0.530	-0.063	0.030	1.655
11.336	0.281	0.111	0.536	-0.60	-3.22	3.39	-29.38	-27.55	-20.42	44883	0.290	0.117	0.530	-0.064	0.029	1.656
11.344	0.278	0.113	0.536	-0.91	-2.92	3.19	-15.42	-33.15	-19.44	44924	0.289	0.117	0.529	-0.065	0.029	1.657
11.356	0.281	0.114	0.535	-1.08	-2.60	2.99	4.48	-33.51	-21.16	44957	0.289	0.117	0.529	-0.066	0.029	1.658
11.364	0.279	0.111	0.537	-1.01	-2.24	2.79	19.29	-30.58	-23.63	44947	0.288	0.116	0.529	-0.067	0.028	1.660
11.375	0.287	0.109	0.536	-0.81	-1.99	2.56	23.52	-32.09	-26.45	44634	0.289	0.116	0.529	-0.067	0.027	1.661
11.386	0.287	0.103	0.536	-0.54	-1.66	2.30	18.06	-36.02	-28.18	44597	0.290	0.114	0.529	-0.068	0.026	1.662
11.395	0.292	0.100	0.536	-0.35	-1.33	2.02	6.58	-37.12	-29.78	44588	0.291	0.113	0.529	-0.068	0.025	1.663
11.405	0.293	0.101	0.535	-0.31	-0.97	1.73	-10.64	-20.44	-28.98	44638	0.292	0.112	0.529	-0.068	0.023	1.664
11.415	0.296	0.105	0.535	-0.45	-0.80	1.44	-24.08	5.97	-28.14	44637	0.293	0.111	0.529	-0.067	0.023	1.665
11.424	0.296	0.110	0.535	-0.75	-0.87	1.15	-36.16	27.63	-27.35	44620	0.294	0.111	0.529	-0.067	0.023	1.666
11.437	0.300	0.102	0.535	-1.05	-1.18	0.88	-34.19	43.62	-26.02	44567	0.295	0.110	0.529	-0.067	0.022	1.667
11.441	0.303	0.100	0.535	-1.37	-1.63	0.61	-25.36	47.18	-24.49	44485	0.297	0.109	0.529	-0.066	0.021	1.668
11.454	0.305	0.101	0.535	-1.63	-2.09	0.35	-13.42	39.36	-20.99	44342	0.298	0.108	0.529	-0.065	0.020	1.669
11.464	0.307	0.101	0.535	-1.76	-2.47	0.13	0.02	26.07	-17.11	44050	0.300	0.107	0.529	-0.064	0.019	1.670
11.472	0.307	0.101	0.535	-1.76	-2.71	-0.05	14.66	7.42	-14.98	43843	0.301	0.107	0.529	-0.063	0.018	1.671
11.487	0.305	0.096	0.535	-1.58	-2.74	-0.20	28.20	-14.47	-14.34	43617	0.302	0.106	0.529	-0.063	0.017	1.672
11.491	0.303	0.105	0.536	-1.38	-2.56	-0.35	37.16	-31.95	-13.01	43375	0.302	0.106	0.530	-0.063	0.017	1.673
11.504	0.305	0.101	0.536	-0.97	-2.24	-0.46	41.72	-47.68	-10.98	43142	0.303	0.105	0.530	-0.063	0.017	1.674
11.515	0.306	0.103	0.536	-0.58	-1.76	-0.57	45.24	-65.02	-7.64	42884	0.304	0.105	0.530	-0.062	0.016	1.675
11.525	0.305	0.099	0.537	-0.09	-1.09	-0.64	42.86	-80.62	-5.43	42657	0.305	0.105	0.530	-0.062	0.016	1.676
11.537	0.307	0.106	0.537	0.27	-0.28	-0.70	34.75	-89.68	-4.17	42429	0.306	0.105	0.530	-0.062	0.016	1.677
11.542	0.305	0.104	0.537	0.63	0.63	-0.74	21.50	-85.33	-0.88	42209	0.306	0.105	0.530	-0.062	0.016	1.679
11.554	0.310	0.104	0.537	0.83	1.45	-0.76	4.55	-74.83	4.07	42251	0.307	0.106	0.530	-0.062	0.016	1.680
11.564	0.309	0.106	0.538	0.85	2.21	-0.73	-16.98	-61.54	8.65	42134	0.308	0.106	0.530	-0.062	0.016	1.681
11.573	0.314	0.111	0.539	0.64	2.78	-0.65	-26.47	-47.68	14.20	42047	0.310	0.107	0.531	-0.062	0.016	1.682
11.586	0.315	0.114	0.540	0.34	3.26	-0.51	-24.05	-35.49	18.95	41997	0.311	0.108	0.531	-0.062	0.017	1.684
11.596	0.318	0.116	0.540	0.08	3.58	-0.32	-19.18	-15.07	22.86	41913	0.313	0.109	0.531	-0.061	0.018	1.685
11.605	0.319	0.117	0.541	-0.13	3.72	-0.09	-9.08	7.09	24.95	41900	0.314	0.110	0.532	-0.061	0.018	1.687
11.615	0.322	0.116	0.541	-0.21	3.62	0.16	5.18	24.52	25.82	41926	0.316	0.111	0.532	-0.060	0.019	1.689
11.621	0.323	0.116	0.542	-0.17	3.37	0.43	23.21	36.73	26.53	42000	0.318	0.112	0.532	-0.059	0.019	1.690
11.640	0.326	0.112	0.544	0.10	2.99	0.69	43.02	50.10	25.07	41895	0.320	0.112	0.533	-0.059	0.019	1.692
11.643	0.333	0.111	0.544	0.54	2.43	0.95	60.67	62.52	23.89	41994	0.322	0.113	0.533	-0.057	0.019	1.694
11.654	0.333	0.113	0.545	1.12	1.81	1.20	71.16	69.17	20.95	42073	0.324	0.113	0.533	-0.056	0.019	1.696
11.663	0.338	0.106	0.545	1.88	1.09	1.42	71.22	65.04	14.07	42143	0.327	0.112	0.534	-0.055	0.018	1.698
11.674	0.337	0.112	0.544	2.53	0.46	1.58	68.09	51.36	8.34	42227	0.329	0.113	0.534	-0.054	0.018	1.700
11.680	0.338	0.112	0.544	3.21	-0.04	1.69	57.85	30.50	4.92	42563	0.331	0.113	0.534	-0.053	0.018	1.701
11.693	0.336	0.123	0.544	3.69	-0.30	1.75	40.73	1.01	5.03	42658	0.332	0.114	0.534	-0.053	0.019	1.703
11.705	0.337	0.123	0.545	4.08	-0.29	1.80	16.36	-26.65	5.80	42705	0.334	0.116	0.534	-0.052	0.020	1.705
11.713	0.341	0.122	0.545	4.25	-0.03	1.84	-6.18	-52.21	4.68	42782	0.335	0.117	0.534	-0.051	0.021	1.707
11.724	0.335	0.125	0.545	4.16	0.56	1.85	-23.84	-73.76	2.30	42791	0.336	0.118	0.534	-0.052	0.021	1.709
11.733	0.342	0.129	0.545	3.88	1.25	1.82	-42.00	-86.02	-2.23	42893	0.338	0.119	0.534	-0.051	0.023	1.710
11.743	0.338	0.128	0.545	3.45	2.13	1.74	-57.28	-81.40	-6.88	43029	0.339	0.120	0.535	-0.051	0.024	1.712
11.755	0.344	0.131	0.545	2.86	2.88	1.62	-71.28	-67.19	-8.82	43184	0.341	0.122	0.535	-0.051	0.025	1.714
11.765	0.348	0.124	0.547	2.20	3.51	1.51	-83.68	-43.21	-8.46	43312	0.343	0.122	0.535	-0.050	0.025	1.716
11.772	0.352	0.121	0.547	1.39	3.90	1.41	-89.45	-14.65	-6.39	43086	0.345	0.122	0.535	-0.050	0.025	1.718
11.780	0.354	0.129	0.547	0.43	4.03	1.34	-84.32	7.80	-3.74	43117	0.348	0.123	0.535	-0.049	0.025	1.720
11.789	0.357	0.125	0.546	-0.36	3.93	1.31	-68.97	20.00	-0.60	43146	0.350	0.123	0.535	-0.048	0.026	1.722
11.805	0.359	0.119	0.548	-0.99	3.71	1.30	-45.83	26.33	2.44	43159	0.353	0.123	0.536	-0.048	0.025	1.724
11.812	0.360	0.119	0.548	-1.44	3.44	1.32	-20.00	27.84	3.46	42886	0.355	0.122	0.536	-0.047	0.025	1.726
11.825	0.363	0.118	0.548	-1.62	3.14	1.34	3.73	29.60	4.50	42876	0.357	0.122	0.536	-0.046	0.025	1.728
11.833	0.362	0.115	0.548	-1.56	2.86	1.38	23.89	31.85	6.01	42839	0.359	0.121	0.536	-0.046	0.024	1.730
11.847	0.362	0.115	0.548	-1.32	2.54	1.44	37.79	29.52	6.18	42791	0.361	0.120	0.536	-0.046	0.023	1.732
11.855	0.362	0.119	0.547	-0.98	2.26	1.50	45.48	19.71	6.19	42952	0.363	0.120	0.536	-0.046	0.023	1.734
11.864	0.363	0.118	0.547	-0.53	2.05	1.56	41.90	12.76	4.84	42920	0.364	0.120	0.536	-0.046	0.023	1.736
11.875	0.365	0.115	0.547	-0.08	1.91	1.60	32.55	6.52	4.84	42922	0.366	0.119	0.536	-0.046	0.023	1.737
11.881	0.366	0.113	0.547	0.25	1.84	1.65	20.37	-2.12	5.95	42933	0.367	0.119	0.536	-0.046	0.022	1.739
11.895	0.369	0.117	0.545	0.41	1.85	1.72	11.10	-10.43	8.02	42960	0.369	0.118	0.536	-0.046	0.022	1.741
11.906	0.367	0.118	0.545	0.49	1.97	1.80	-6.47	-13.61	9.90	43285	0.370	0.118	0.535	-0.047	0.022	1.742
11.914	0.368	0.119	0.545	0.40	2.11	1.89	-26.00	-18.03	10.38	43345	0.371	0.119	0.535	-0.047	0.022	1.744
11.925	0.369	0.119	0.545	0.13	2.29	2.00	-42.19	-17.39	11.02	43433	0.373	0.119	0.535	-0.047	0.022	1.746
11.936	0.372	0.118	0.544	-0.29	2.43	2.11	-52.46	-11.28	12.12	43560	0.374	0.119	0.535	-0.048	0.022	1.747
11.944	0.374	0.120	0.544	-0.83	2.53	2.24	-50.54	-5.55	14.17	43690	0.376	0.119	0.534	-0.048	0.022	1.749
11.956	0.374	0.123	0.543	-1.36	2.58	2.38	-40.26	4.45	14.52	43801	0.377	0.119	0.534	-0.048	0.022	1.751
11.965	0.376	0.118	0.543	-1.72	2.52	2.52	-24.56	13.58	15.21	43919	0.379	0.119	0.534	-0.049	0.022	1.752
11.973	0.377	0.120	0.543	-1.98	2.36	2.67	-6.25	21.01	14.09	44011	0.380	0.119	0.533	-0.049	0.022	1.754
11.986	0.378	0.120	0.542	-2.04	2.14	2.80	11.73	24.93	11.93	44106	0.382	0.120	0.533	-0.049	0.022	1.755
11.993	0.380	0.115	0.542	-1.87	1.87	2.91	31.38	25.08	10.11	44138	0.383	0.119	0.533	-0.050	0.022	1.757
12.005	0.381	0.115	0.542	-1.55	1.62	3.00	49.76	22.91	9.88	44242	0.384	0.119	0.532	-0.050	0.021	1.759
12.010	0.379	0.123	0.541	-1.12	1.41	3.10	61.53	19.27	8.05	44340	0.385	0.120	0.532	-0.051	0.022	1.760
12.024	0.379	0.123	0.538	-0.51	1.22	3.18	68.61	13.38	7.06	44448	0.386	0.120	0.532	-0.052	0.022	1.761
12.034	0.379	0.132	0.538	0.11	1.09	3.25	72.32	3.11	5.98	44963	0.387	0.122	0.531	-0.053	0.023	1.762
12.045	0.377	0.133	0.537	0.81	1.08	3.31	66.14	-8.13	4.64	45080	0.387	0.124	0.530	-0.054	0.024	1.763
12.057	0.378	0.129	0.536	1.50	1.16	3.35	54.32	-17.66	2.55	45213	0.388	0.125	0.530	-0.055	0.025	1.765
12.065	0.377	0.132	0.535	2.01	1.35	3.38	41.84	-22.79	0.92	45353	0.388	0.126	0.529	-0.056	0.025	1.766
12.074	0.377	0.135	0.533	2.39	1.57	3.38	22.55	-25.38	0.20	45620	0.388	0.127	0.528	-0.058	0.026	1.766
12.085	0.380	0.136	0.533	2.60	1.80	3.37	-5.55	-23.22	0.55	45723	0.389	0.129	0.528	-0.059	0.027	1.767
12.095	0.377	0.139	0.532	2.50	2.05	3.37	-35.51	-17.02	0.55	45824	0.389	0.130	0.527	-0.060	0.028	1.768
12.103	0.385	0.132	0.531	2.19	2.15	3.36	-59.14	-9.45	-0.52	45908	0.390	0.131	0.526	-0.061	0.028	1.769
12.115	0.385	0.132	0.532	1.59	2.24	3.35	-75.97	2.39	0.95	45984	0.391	0.131	0.526	-0.061	0.028	1.770
12.124	0.385	0.133	0.531	0.82	2.20	3.36	-89.14	17.82	3.30	45573	0.392	0.131	0.526	-0.062	0.029	1.771
12.135	0.390	0.124	0.531	0.01	1.97	3.39	-87.07	35.07	6.10	45575	0.394	0.130	0.526	-0.063	0.028	1.772
12.144	0.394	0.119	0.530	-0.81	1.59	3.45	-69.96	46.62	8.38	45544	0.396	0.129	0.525	-0.063	0.027	1.773
12.156	0.395	0.127	0.529	-1.56	1.11	3.53	-46.13	51.93	9.24	45508	0.397	0.129	0.525	-0.063	0.026	1.773
12.161	0.396	0.119	0.528	-1.95	0.58	3.60	-19.77	50.57	9.46	45537	0.399	0.128	0.525	-0.063	0.025	1.774
12.174	0.397	0.119	0.527	-2.13	0.07	3.68	6.92	44.03	10.14	45454	0.400	0.127	0.524	-0.064	0.024	1.774
12.182	0.396	0.116	0.527	-2.03	-0.36	3.76	26.83	34.60	10.35	45378	0.401	0.126	0.524	-0.064	0.023	1.775
12.194	0.399	0.110	0.526	-1.70	-0.72	3.85	48.83	22.36	10.12	45298	0.402	0.124	0.524	-0.064	0.022	1.775
12.199	0.398	0.116	0.526	-1.26	-0.94	3.95	65.06	8.58	9.12	45210	0.403	0.123	0.523	-0.065	0.021	1.776
12.212	0.398	0.116	0.526	-0.60	-1.02	4.04	74.04	-3.81	7.53	45073	0.404	0.122	0.523	-0.066	0.020	1.776
12.224	0.399	0.119	0.525	0.11	-0.98	4.11	75.22	-16.64	6.11	45050	0.405	0.122	0.523	-0.066	0.020	1.777
12.236	0.396	0.119	0.525	0.85	-0.78	4.17	70.10	-29.33	4.09	45019	0.405	0.122	0.523	-0.067	0.019	1.777
12.243	0.402	0.113	0.524	1.59	-0.53	4.21	53.98	-41.07	3.58	45007	0.407	0.121	0.522	-0.068	0.018	1.777
12.257	0.397	0.123	0.524	2.05	-0.08	4.23	32.84	-48.41	4.29	45076	0.407	0.122	0.522	-0.069	0.019	1.778
12.265	0.400	0.121	0.523	2.39	0.38	4.26	10.31	-53.10	5.99	45145	0.408	0.122	0.522	-0.070	0.019	1.778
12.274	0.397	0.121	0.523	2.47	0.94	4.30	-6.04	-53.13	4.88	45250	0.408	0.122	0.522	-0.071	0.018	1.778
12.282	0.400	0.124	0.522	2.38	1.45	4.32	-19.13	-53.00	4.73	45346	0.408	0.122	0.521	-0.072	0.019	1.778
12.294	0.396	0.130	0.523	2.13	2.00	4.35	-32.21	-48.98	5.11	45339	0.409	0.123	0.521	-0.074	0.019	1.779
12.305	0.403	0.119	0.522	1.90	2.44	4.38	-38.93	-37.63	2.66	45416	0.410	0.123	0.521	-0.075	0.019	1.779
12.308	0.403	0.118	0.521	1.51	2.81	4.39	-40.22	-21.47	1.19	45478	0.410	0.122	0.521	-0.075	0.019	1.779
12.324	0.401	0.128	0.521	1.03	3.02	4.41	-35.59	-1.69	0.23	45504	0.411	0.123	0.521	-0.077	0.019	1.779
12.333	0.408	0.119	0.521	0.75	2.98	4.40	-28.41	15.22	-1.59	45493	0.412	0.122	0.521	-0.077	0.019	1.779
12.344	0.409	0.122	0.520	0.45	2.81	4.39	-20.43	28.35	-3.36	45434	0.413	0.122	0.520	-0.078	0.019	1.779
12.358	0.414	0.116	0.520	0.30	2.48	4.35	-10.32	40.24	-6.44	45428	0.415	0.121	0.520	-0.078	0.018	1.779
12.362	0.415	0.108	0.519	0.27	2.07	4.28	-2.24	44.82	-9.43	45411	0.417	0.120	0.520	-0.078	0.017	1.779
12.375	0.416	0.109	0.519	0.24	1.61	4.19	1.55	44.44	-11.63	45386	0.418	0.118	0.520	-0.078	0.016	1.779
12.385	0.418	0.108	0.519	0.26	1.15	4.07	1.08	42.51	-12.91	45320	0.420	0.117	0.520	-0.078	0.015	1.778
12.394	0.415	0.109	0.518	0.25	0.75	3.94	1.12	40.46	-15.72	45265	0.421	0.116	0.520	-0.079	0.014	1.778
12.404	0.414	0.110	0.518	0.25	0.35	3.79	-1.71	36.82	-16.52	45234	0.421	0.115	0.519	-0.080	0.014	1.778
12.414	0.417	0.112	0.518	0.21	-0.04	3.63	-3.66	30.38	-17.88	45213	0.422	0.115	0.519	-0.080	0.013	1.778
12.425	0.415	0.113	0.516	0.16	-0.32	3.45	-7.87	23.68	-20.24	45173	0.423	0.114	0.519	-0.081	0.013	1.777
12.435	0.417	0.112	0.516	0.09	-0.57	3.24	-8.30	17.06	-21.60	45384	0.423	0.114	0.519	-0.082	0.013	1.777
12.444	0.418	0.108	0.515	0.03	-0.74	3.02	-12.33	10.08	-23.10	45354	0.424	0.113	0.518	-0.083	0.012	1.776
12.458	0.418	0.104	0.515	-0.06	-0.84	2.79	-14.55	-1.28	-24.03	45282	0.425	0.112	0.518	-0.083	0.011	1.776
12.461	0.418	0.103	0.515	-0.21	-0.82	2.55	-16.48	-11.04	-24.30	45212	0.425	0.110	0.518	-0.084	0.011	1.775
12.469	0.418	0.105	0.515	-0.41	-0.70	2.30	-21.11	-13.61	-25.08	45075	0.426	0.110	0.518	-0.085	0.010	1.775
12.483	0.418	0.108	0.515	-0.64	-0.57	2.06	-24.57	-12.85	-25.23	45013	0.426	0.109	0.518	-0.086	0.010	1.774
12.494	0.417	0.106	0.515	-0.88	-0.43	1.81	-29.82	-8.36	-25.22	44980	0.426	0.109	0.518	-0.087	0.010	1.774
12.503	0.418	0.109	0.515	-1.22	-0.36	1.56	-35.00	-1.12	-23.68	44952	0.426	0.109	0.518	-0.088	0.010	1.773
12.512	0.421	0.100	0.514	-1.49	-0.37	1.32	-33.32	5.94	-21.42	44968	0.427	0.107	0.518	-0.089	0.009	1.773
12.519	0.421	0.099	0.514	-1.82	-0.42	1.10	-27.58	6.16	-20.08	44906	0.428	0.106	0.517	-0.090	0.008	1.772
12.533	0.419	0.105	0.514	-2.15	-0.45	0.90	-21.49	2.45	-17.84	44802	0.428	0.106	0.517	-0.091	0.008	1.772
12.544	0.420	0.102	0.514	-2.34	-0.47	0.72	-13.86	-2.74	-15.00	44701	0.428	0.105	0.517	-0.091	0.008	1.771
12.556	0.420	0.098	0.515	-2.45	-0.43	0.57	-7.70	-7.31	-12.97	44606	0.428	0.104	0.517	-0.092	0.007	1.771
12.564	0.421	0.099	0.515	-2.53	-0.36	0.45	-5.65	-14.62	-10.94	44382	0.428	0.103	0.518	-0.093	0.006	1.770
12.572	0.420	0.102	0.515	-2.63	-0.20	0.34	-10.29	-21.13	-9.71	44299	0.428	0.103	0.518	-0.094	0.006	1.770
12.584	0.421	0.102	0.515	-2.73	0.02	0.26	-13.44	-26.98	-7.82	44228	0.429	0.103	0.518	-0.095	0.006	1.769
12.593	0.423	0.095	0.516	-2.80	0.28	0.19	-18.58	-31.15	-7.10	44161	0.429	0.102	0.518	-0.096	0.005	1.769
12.604	0.422	0.096	0.514	-3.00	0.60	0.14	-24.56	-33.45	-6.72	44342	0.429	0.101	0.518	-0.097	0.005	1.768
12.614	0.424	0.095	0.514	-3.24	0.92	0.09	-27.99	-32.81	-5.48	44298	0.430	0.100	0.518	-0.097	0.004	1.768
12.619	0.423	0.100	0.515	-3.56	1.27	0.05	-26.91	-29.69	-5.89	44268	0.430	0.100	0.518	-0.098	0.004	1.767
12.634	0.427	0.091	0.515	-3.75	1.54	0.01	-23.67	-28.59	-6.87	44224	0.431	0.099	0.518	-0.099	0.003	1.767
12.646	0.424	0.086	0.515	-3.94	1.85	-0.04	-18.25	-27.40	-8.11	44194	0.431	0.098	0.518	-0.100	0.002	1.766
12.655	0.427	0.088	0.515	-4.13	2.11	-0.10	-8.80	-20.65	-9.29	44167	0.432	0.097	0.518	-0.100	0.001	1.766
12.667	0.429	0.087	0.515	-4.21	2.30	-0.18	4.87	-11.69	-9.98	44149	0.433	0.096	0.518	-0.101	-0.000	1.765
12.672	0.429	0.084	0.516	-4.12	2.42	-0.27	19.27	-3.51	-10.75	44119	0.433	0.095	0.518	-0.101	-0.002	1.765
12.686	0.431	0.080	0.517	-3.89	2.45	-0.38	32.48	1.69	-11.82	44104	0.434	0.093	0.519	-0.102	-0.003	1.764
12.695	0.431	0.093	0.517	-3.66	2.43	-0.49	39.06	6.93	-12.40	43856	0.435	0.093	0.519	-0.102	-0.003	1.764
12.704	0.431	0.087	0.518	-3.21	2.37	-0.62	45.23	11.79	-12.84	43832	0.436	0.093	0.519	-0.103	-0.004	1.764
12.712	0.432	0.095	0.518	-2.82	2.25	-0.75	47.68	15.84	-12.78	43790	0.437	0.094	0.519	-0.103	-0.004	1.764
12.721	0.433	0.088	0.518	-2.27	2.09	-0.89	49.07	16.49	-12.91	43767	0.437	0.093	0.520	-0.104	-0.004	1.763
12.734	0.433	0.099	0.519	-1.87	1.93	-1.02	48.31	16.05	-12.59	43646	0.438	0.094	0.520	-0.104	-0.004	1.763
12.743	0.433	0.100	0.519	-1.38	1.78	-1.15	46.22	14.95	-12.70	43591	0.438	0.096	0.520	-0.105	-0.003	1.763
12.756	0.432	0.106	0.519	-0.97	1.64	-1.28	42.54	12.70	-13.03	43538	0.439	0.097	0.521	-0.106	-0.002	1.763
12.768	0.433	0.111	0.520	-0.58	1.51	-1.41	36.72	8.33	-12.18	43490	0.439	0.100	0.521	-0.106	-0.001	1.763
12.771	0.433	0.113	0.519	-0.22	1.42	-1.53	30.06	5.73	-12.02	43439	0.440	0.102	0.521	-0.107	0.000	1.762
12.789	0.432	0.110	0.519	0.11	1.37	-1.65	23.56	1.30	-12.89	43580	0.440	0.104	0.521	-0.108	0.001	1.762
12.794	0.432	0.106	0.520	0.39	1.36	-1.79	18.78	-2.67	-14.05	43478	0.440	0.105	0.521	-0.109	0.001	1.762
12.805	0.431	0.115	0.520	0.50	1.40	-1.92	12.58	-7.57	-14.73	43373	0.440	0.106	0.521	-0.110	0.002	1.761
12.810	0.430	0.114	0.520	0.65	1.48	-2.07	8.84	-13.03	-15.20	43277	0.440	0.108	0.521	-0.111	0.003	1.761
12.822	0.429	0.115	0.521	0.74	1.62	-2.23	3.69	-16.52	-15.77	43206	0.440	0.110	0.522	-0.112	0.004	1.761
12.835	0.428	0.115	0.521	0.78	1.79	-2.39	-0.75	-19.74	-15.68	43114	0.439	0.111	0.522	-0.114	0.004	1.761
12.843	0.429	0.121	0.522	0.74	1.98	-2.55	-0.94	-20.35	-14.84	43036	0.439	0.113	0.522	-0.115	0.005	1.761
12.851	0.427	0.123	0.522	0.73	2.19	-2.70	1.23	-19.16	-13.39	42961	0.439	0.115	0.522	-0.116	0.006	1.761
12.860	0.427	0.125	0.522	0.74	2.38	-2.83	4.43	-16.14	-12.03	42874	0.439	0.117	0.522	-0.117	0.007	1.761
12.871	0.427	0.126	0.522	0.79	2.53	-2.96	8.81	-10.29	-10.86	42911	0.438	0.118	0.523	-0.119	0.008	1.761
12.882	0.428	0.125	0.523	0.91	2.63	-3.06	13.03	-5.10	-8.91	42860	0.438	0.120	0.523	-0.120	0.008	1.761
12.894	0.426	0.123	0.523	1.06	2.68	-3.16	16.31	1.69	-7.20	42824	0.438	0.121	0.523	-0.121	0.009	1.761
12.902	0.426	0.124	0.524	1.23	2.66	-3.23	19.34	8.12	-5.74	42781	0.438	0.122	0.523	-0.123	0.009	1.761
12.914	0.427	0.129	0.524	1.39	2.56	-3.28	19.12	16.52	-5.38	42750	0.437	0.124	0.523	-0.124	0.009	1.761
12.921	0.427	0.127	0.525	1.60	2.38	-3.33	16.74	22.32	-3.78	42749	0.437	0.125	0.524	-0.125	0.010	1.761
12.935	0.427	0.127	0.525	1.78	2.15	-3.36	13.76	27.98	-2.50	42774	0.437	0.126	0.524	-0.126	0.010	1.762
12.944	0.428	0.137	0.526	1.84	1.85	-3.37	11.54	31.69	-1.01	42820	0.437	0.128	0.524	-0.127	0.011	1.762
12.952	0.428	0.137	0.527	1.96	1.53	-3.37	9.15	35.22	-0.92	42706	0.437	0.129	0.524	-0.128	0.012	1.762
12.962	0.430	0.137	0.527	2.06	1.15	-3.36	5.94	36.89	-0.72	42745	0.437	0.131	0.525	-0.129	0.013	1.763
12.974	0.424	0.137	0.528	2.13	0.83	-3.36	2.64	36.51	-0.98	42799	0.436	0.132	0.525	-0.130	0.013	1.763
12.981	0.422	0.137	0.528	2.16	0.47	-3.36	0.72	33.32	-0.33	42870	0.435	0.133	0.525	-0.132	0.014	1.764
12.994	0.423	0.137	0.527	2.16	0.13	-3.35	-2.40	27.60	0.00	42944	0.435	0.134	0.525	-0.133	0.014	1.764
13.004	0.420	0.136	0.527	2.15	-0.13	-3.34	-4.59	20.32	-0.02	43266	0.434	0.135	0.525	-0.135	0.014	1.764
13.014	0.420	0.137	0.527	2.10	-0.33	-3.33	-6.22	11.48	0.33	43360	0.433	0.136	0.525	-0.136	0.014	1.765
13.021	0.415	0.138	0.527	2.04	-0.40	-3.33	-7.69	4.77	0.37	43459	0.431	0.137	0.525	-0.138	0.014	1.765
13.033	0.414	0.139	0.527	1.96	-0.45	-3.32	-9.78	-0.61	0.80	43541	0.430	0.137	0.525	-0.140	0.014	1.765
13.040	0.413	0.141	0.528	1.85	-0.45	-3.31	-11.26	-3.26	1.02	43578	0.428	0.138	0.526	-0.141	0.015	1.766
13.052	0.413	0.141	0.528	1.74	-0.41	-3.30	-10.31	-4.47	0.79	43646	0.427	0.139	0.526	-0.143	0.015	1.766
13.064	0.412	0.142	0.528	1.64	-0.37	-3.30	-7.76	-2.54	1.61	43720	0.426	0.140	0.526	-0.145	0.015	1.766
13.077	0.407	0.142	0.528	1.56	-0.32	-3.28	-4.77	0.29	2.96	43790	0.424	0.140	0.526	-0.147	0.015	1.767
13.082	0.406	0.143	0.527	1.51	-0.32	-3.25	-2.66	3.74	3.91	43846	0.422	0.141	0.525	-0.148	0.016	1.767
13.094	0.404	0.143	0.527	1.49	-0.35	-3.21	-0.93	6.67	5.17	43931	0.420	0.142	0.525	-0.150	0.016	1.767
13.103	0.403	0.143	0.527	1.48	-0.42	-3.16	-0.00	8.97	5.88	43974	0.419	0.142	0.525	-0.152	0.016	1.768
13.111	0.402	0.144	0.527	1.48	-0.51	-3.10	1.85	11.41	6.57	44031	0.417	0.143	0.525	-0.154	0.016	1.768
13.123	0.401	0.144	0.526	1.50	-0.62	-3.03	2.73	13.25	7.17	44086	0.415	0.143	0.525	-0.155	0.016	1.768
13.133	0.398	0.143	0.526	1.54	-0.74	-2.95	2.68	15.75	8.32	44271	0.413	0.143	0.525	-0.157	0.016	1.768
13.139	0.396	0.142	0.526	1.57	-0.89	-2.86	1.70	17.05	9.70	44333	0.411	0.144	0.525	-0.159	0.016	1.769
13.155	0.395	0.141	0.525	1.61	-1.06	-2.76	0.58	17.22	10.79	44390	0.409	0.144	0.524	-0.160	0.016	1.769
13.164	0.393	0.141	0.525	1.61	-1.21	-2.65	-1.79	15.95	11.38	44445	0.407	0.143	0.524	-0.162	0.015	1.769
13.178	0.394	0.142	0.525	1.59	-1.38	-2.53	-4.37	13.93	11.49	44507	0.406	0.143	0.524	-0.163	0.015	1.769
13.183	0.393	0.143	0.524	1.55	-1.52	-2.41	-6.50	12.42	10.95	44574	0.404	0.144	0.524	-0.165	0.015	1.769
13.195	0.393	0.143	0.524	1.48	-1.64	-2.30	-7.21	9.40	11.83	44647	0.403	0.144	0.524	-0.166	0.015	1.769
13.203	0.391	0.144	0.524	1.40	-1.73	-2.18	-8.81	8.12	10.30	44715	0.401	0.144	0.523	-0.167	0.015	1.769
13.213	0.391	0.145	0.525	1.31	-1.81	-2.07	-10.83	6.69	10.94	44769	0.399	0.144	0.523	-0.168	0.015	1.769
13.225	0.388	0.148	0.525	1.18	-1.86	-1.96	-13.63	7.29	10.99	44480	0.398	0.145	0.524	-0.169	0.016	1.770
13.232	0.389	0.152	0.525	1.01	-1.95	-1.85	-16.68	6.21	11.44	44538	0.396	0.146	0.524	-0.170	0.016	1.770
13.243	0.387	0.154	0.524	0.84	-2.00	-1.73	-18.35	6.54	11.53	44585	0.395	0.147	0.523	-0.171	0.017	1.770
13.253	0.387	0.151	0.524	0.69	-2.07	-1.61	-18.16	7.73	12.13	44612	0.393	0.148	0.523	-0.171	0.017	1.770
13.265	0.385	0.153	0.524	0.50	-2.14	-1.49	-17.20	7.60	12.53	44559	0.392	0.148	0.523	-0.172	0.018	1.770
13.278	0.385	0.145	0.524	0.39	-2.22	-1.36	-15.55	7.38	13.19	44586	0.390	0.148	0.523	-0.173	0.018	1.770
13.281	0.384	0.145	0.523	0.25	-2.29	-1.22	-11.64	4.89	13.66	44624	0.389	0.148	0.523	-0.173	0.017	1.770
13.294	0.383	0.146	0.523	0.13	-2.34	-1.09	-8.85	3.05	13.61	44647	0.388	0.148	0.523	-0.174	0.017	1.770
13.304	0.383	0.148	0.522	0.03	-2.38	-0.95	-5.26	1.55	13.88	44662	0.386	0.148	0.523	-0.174	0.017	1.770
13.315	0.383	0.148	0.522	-0.01	-2.39	-0.81	-3.03	-0.28	14.50	44743	0.385	0.148	0.523	-0.174	0.017	1.770
13.323	0.382	0.148	0.522	-0.03	-2.39	-0.67	-1.40	-1.49	14.76	44758	0.384	0.148	0.523	-0.174	0.017	1.770
13.334	0.382	0.148	0.521	-0.04	-2.37	-0.52	0.02	-3.49	14.94	44787	0.383	0.148	0.523	-0.175	0.017	1.770
13.340	0.380	0.147	0.519	-0.03	-2.33	-0.37	1.07	-5.89	14.54	44811	0.382	0.148	0.522	-0.175	0.017	1.769
13.354	0.379	0.149	0.519	-0.02	-2.26	-0.22	1.71	-7.11	14.28	45183	0.380	0.148	0.522	-0.175	0.017	1.769
13.362	0.379	0.149	0.518	0.00	-2.19	-0.08	1.39	-7.89	15.06	45209	0.379	0.148	0.521	-0.175	0.017	1.768
13.371	0.378	0.152	0.518	-0.01	-2.11	0.07	-0.34	-8.48	14.15	45233	0.378	0.149	0.521	-0.175	0.017	1.768
13.381	0.378	0.151	0.517	-0.00	-2.02	0.21	-1.49	-10.38	13.98	45239	0.377	0.149	0.520	-0.175	0.018	1.767
13.387	0.377	0.154	0.516	-0.04	-1.92	0.35	-2.56	-9.21	14.05	45361	0.376	0.150	0.520	-0.175	0.018	1.767
13.404	0.378	0.151	0.516	-0.03	-1.83	0.49	-3.20	-8.39	14.45	45395	0.375	0.150	0.519	-0.174	0.018	1.766
13.412	0.377	0.155	0.516	-0.09	-1.74	0.64	-3.83	-8.93	15.10	45406	0.374	0.151	0.519	-0.174	0.019	1.766
13.422	0.377	0.152	0.515	-0.10	-1.66	0.79	-4.77	-6.89	14.85	45417	0.373	0.151	0.519	-0.174	0.019	1.765
13.433	0.377	0.152	0.515	-0.14	-1.59	0.94	-4.76	-5.55	14.53	45433	0.373	0.151	0.518	-0.173	0.019	1.765
13.444	0.377	0.152	0.515	-0.18	-1.54	1.09	-3.93	-6.14	14.84	45333	0.372	0.151	0.518	-0.173	0.019	1.764
13.454	0.378	0.144	0.514	-0.15	-1.48	1.24	-1.92	-6.97	14.84	45317	0.371	0.151	0.518	-0.172	0.018	1.763
13.463	0.378	0.144	0.514	-0.17	-1.41	1.39	0.40	-8.26	14.50	45317	0.371	0.150	0.518	-0.171	0.017	1.763
13.474	0.378	0.144	0.514	-0.16	-1.33	1.54	2.89	-9.99	14.29	45296	0.371	0.149	0.517	-0.170	0.017	1.762
13.488	0.378	0.144	0.514	-0.13	-1.23	1.68	3.98	-12.04	13.60	45190	0.370	0.149	0.517	-0.169	0.016	1.762
13.491	0.377	0.142	0.514	-0.07	-1.09	1.82	5.06	-13.96	13.50	45185	0.370	0.148	0.517	-0.169	0.016	1.761
13.504	0.376	0.141	0.513	-0.01	-0.95	1.96	6.67	-14.68	13.24	45160	0.369	0.147	0.517	-0.168	0.015	1.760
13.515	0.377	0.140	0.513	0.06	-0.80	2.09	7.16	-16.91	13.24	45127	0.369	0.146	0.517	-0.167	0.014	1.760
13.524	0.375	0.142	0.513	0.11	-0.62	2.22	5.45	-16.03	12.99	45124	0.368	0.146	0.517	-0.166	0.014	1.759
13.532	0.375	0.146	0.512	0.14	-0.46	2.34	3.90	-15.45	12.73	45182	0.368	0.146	0.517	-0.165	0.014	1.758
13.541	0.374	0.147	0.512	0.16	-0.30	2.47	0.96	-14.26	12.02	45172	0.367	0.146	0.516	-0.165	0.014	1.758
13.555	0.375	0.147	0.512	0.17	-0.16	2.59	-1.44	-13.80	11.61	45172	0.367	0.147	0.516	-0.164	0.014	1.757
13.563	0.375	0.147	0.513	0.15	-0.02	2.71	-3.62	-11.55	11.05	45167	0.367	0.147	0.516	-0.163	0.014	1.756
13.576	0.376	0.147	0.513	0.12	0.09	2.82	-4.62	-8.39	10.40	44906	0.367	0.147	0.516	-0.162	0.014	1.756
13.588	0.376	0.147	0.513	0.08	0.17	2.92	-3.84	-5.75	10.52	44891	0.366	0.147	0.516	-0.161	0.014	1.755
13.593	0.376	0.147	0.512	0.04	0.23	3.03	-2.93	-4.24	10.07	44876	0.366	0.147	0.517	-0.159	0.014	1.754
13.604	0.376	0.147	0.512	0.01	0.27	3.13	-1.73	-2.40	9.64	44842	0.366	0.147	0.517	-0.158	0.014	1.753
13.613	0.376	0.147	0.514	-0.00	0.30	3.22	-0.23	-1.80	8.84	44816	0.366	0.147	0.517	-0.157	0.014	1.753
13.621	0.376	0.147	0.514	-0.00	0.31	3.31	1.46	-0.60	8.32	44547	0.366	0.147	0.517	-0.156	0.014	1.752
13.634	0.376	0.147	0.514	0.01	0.32	3.39	1.79	0.26	8.17	44505	0.366	0.147	0.517	-0.155	0.014	1.752
13.642	0.373	0.148	0.514	0.02	0.34	3.47	2.02	-0.06	7.71	44464	0.365	0.148	0.517	-0.154	0.014	1.751
13.653	0.372	0.150	0.513	0.03	0.35	3.55	-0.26	1.27	7.41	44440	0.365	0.148	0.518	-0.153	0.014	1.750
13.663	0.372	0.150	0.513	0.03	0.34	3.62	-0.43	1.50	6.63	44461	0.364	0.148	0.518	-0.153	0.015	1.750
13.674	0.372	0.148	0.513	0.04	0.32	3.69	-0.80	0.90	6.15	44428	0.364	0.148	0.518	-0.152	0.015	1.749
13.683	0.372	0.148	0.513	0.03	0.31	3.75	-0.68	-0.45	5.69	44409	0.364	0.148	0.518	-0.151	0.015	1.748
13.694	0.372	0.148	0.514	0.02	0.32	3.81	0.57	-0.66	4.90	44394	0.363	0.149	0.518	-0.150	0.015	1.747
13.700	0.372	0.148	0.513	0.03	0.33	3.86	1.14	-0.77	4.56	44490	0.363	0.149	0.518	-0.149	0.015	1.747
13.714	0.370	0.148	0.513	0.04	0.35	3.91	0.95	-0.79	3.90	44489	0.363	0.149	0.518	-0.148	0.015	1.746
13.723	0.370	0.148	0.513	0.05	0.35	3.95	1.25	-0.33	3.45	44474	0.362	0.149	0.518	-0.147	0.014	1.745
13.733	0.368	0.148	0.513	0.07	0.36	3.98	1.21	0.52	2.84	44462	0.362	0.149	0.518	-0.146	0.014	1.744
13.744	0.367	0.148	0.512	0.08	0.37	4.01	1.77	-0.27	2.37	44449	0.361	0.149	0.518	-0.146	0.014	1.743
13.753	0.367	0.148	0.512	0.10	0.37	4.03	2.93	-0.16	1.75	44592	0.361	0.149	0.518	-0.145	0.014	1.742
13.764	0.364	0.147	0.512	0.14	0.40	4.05	3.17	0.13	0.96	44588	0.360	0.148	0.517	-0.145	0.014	1.741
13.773	0.363	0.147	0.512	0.17	0.40	4.06	3.97	-0.37	0.64	44593	0.359	0.148	0.517	-0.144	0.014	1.741
13.783	0.362	0.146	0.512	0.21	0.41	4.07	4.40	0.37	0.50	44584	0.358	0.148	0.517	-0.144	0.014	1.740
13.794	0.356	0.160	0.512	0.15	0.44	4.07	4.60	1.12	0.37	44527	0.357	0.150	0.517	-0.144	0.015	1.739
13.800	0.356	0.160	0.513	0.19	0.42	4.07	4.14	1.23	-0.10	44544	0.355	0.151	0.517	-0.144	0.016	1.738
13.815	0.357	0.158	0.513	0.25	0.40	4.07	3.03	2.97	-0.72	44526	0.354	0.152	0.517	-0.143	0.016	1.737
13.823	0.356	0.157	0.513	0.28	0.37	4.06	2.47	3.23	-0.78	44520	0.353	0.153	0.517	-0.143	0.017	1.736
13.835	0.355	0.157	0.512	0.30	0.34	4.06	2.03	5.55	-1.42	44514	0.352	0.153	0.517	-0.143	0.017	1.736
13.844	0.353	0.157	0.512	0.33	0.30	4.04	1.50	5.89	-2.04	44681	0.351	0.154	0.517	-0.142	0.018	1.735
13.853	0.351	0.155	0.511	0.36	0.25	4.02	1.81	6.14	-2.70	44694	0.350	0.154	0.517	-0.142	0.018	1.734
13.864	0.351	0.155	0.511	0.38	0.19	3.99	1.39	7.18	-2.87	44708	0.348	0.154	0.517	-0.142	0.018	1.733
13.873	0.349	0.154	0.511	0.39	0.13	3.96	0.44	7.26	-3.78	44712	0.347	0.155	0.517	-0.142	0.018	1.732
13.884	0.348	0.154	0.511	0.40	0.06	3.92	-0.77	7.08	-4.59	44746	0.346	0.155	0.517	-0.142	0.018	1.731
13.889	0.346	0.154	0.511	0.39	-0.00	3.88	-1.36	7.37	-4.46	44747	0.345	0.155	0.516	-0.141	0.018	1.730
13.898	0.344	0.155	0.511	0.38	-0.07	3.84	-1.79	7.98	-4.39	44735	0.343	0.155	0.516	-0.141	0.018	1.729
13.915	0.339	0.154	0.511	0.35	-0.11	3.80	-2.20	6.85	-4.12	44736	0.341	0.155	0.516	-0.142	0.018	1.728
13.926	0.337	0.153	0.512	0.34	-0.17	3.76	-1.98	6.44	-4.17	44606	0.339	0.155	0.516	-0.142	0.017	1.727
13.931	0.335	0.153	0.512	0.32	-0.23	3.72	-2.47	6.10	-4.55	44584	0.338	0.155	0.517	-0.142	0.017	1.727
13.945	0.335	0.153	0.512	0.30	-0.29	3.67	-1.42	4.85	-4.58	44576	0.336	0.155	0.517	-0.142	0.017	1.726
13.954	0.334	0.155	0.512	0.27	-0.34	3.62	-2.39	5.04	-5.04	44594	0.334	0.155	0.517	-0.142	0.017	1.725
13.960	0.332	0.155	0.511	0.24	-0.38	3.57	-2.05	5.28	-4.96	44586	0.332	0.155	0.517	-0.142	0.017	1.724
13.973	0.331	0.155	0.511	0.22	-0.43	3.52	-1.34	5.41	-5.25	44701	0.331	0.155	0.517	-0.142	0.017	1.723
13.981	0.331	0.156	0.511	0.21	-0.49	3.47	-1.38	6.36	-5.67	44707	0.329	0.155	0.516	-0.142	0.017	1.722
13.997	0.324	0.155	0.511	0.20	-0.50	3.42	-1.18	5.92	-5.95	44700	0.327	0.155	0.516	-0.142	0.017	1.721
14.002	0.323	0.155	0.511	0.18	-0.57	3.36	-0.47	6.08	-6.33	44690	0.325	0.155	0.516	-0.143	0.017	1.720
14.014	0.322	0.155	0.511	0.18	-0.62	3.29	-0.23	6.28	-6.19	44786	0.323	0.155	0.516	-0.143	0.017	1.719
14.023	0.320	0.155	0.510	0.17	-0.68	3.23	-0.62	6.45	-5.75	44818	0.321	0.156	0.516	-0.143	0.017	1.718
14.036	0.318	0.155	0.510	0.17	-0.73	3.18	-0.14	6.40	-5.15	44821	0.319	0.156	0.516	-0.143	0.017	1.717
14.044	0.319	0.154	0.510	0.17	-0.81	3.12	-1.00	7.58	-4.97	44823	0.317	0.155	0.516	-0.143	0.017	1.716
14.052	0.317	0.154	0.511	0.16	-0.88	3.07	-1.25	8.34	-4.98	44841	0.316	0.155	0.516	-0.143	0.017	1.716
14.064	0.317	0.154	0.511	0.15	-0.96	3.02	-0.57	8.40	-5.09	44738	0.314	0.155	0.516	-0.142	0.016	1.715
14.073	0.312	0.154	0.511	0.14	-1.02	2.97	-1.23	8.48	-5.14	44723	0.312	0.155	0.516	-0.142	0.016	1.714
14.082	0.309	0.154	0.511	0.13	-1.09	2.92	-1.21	8.54	-5.34	44728	0.310	0.155	0.516	-0.142	0.016	1.713
14.096	0.309	0.154	0.510	0.12	-1.18	2.87	0.43	7.82	-5.28	44740	0.308	0.155	0.516	-0.142	0.016	1.712
14.103	0.307	0.154	0.510	0.11	-1.25	2.81	-1.42	6.98	-5.25	44932	0.306	0.155	0.516	-0.142	0.016	1.711
14.111	0.305	0.154	0.510	0.10	-1.31	2.76	0.11	6.15	-4.64	44918	0.304	0.155	0.516	-0.142	0.016	1.710
14.124	0.304	0.154	0.509	0.10	-1.37	2.71	0.00	4.36	-4.97	44923	0.302	0.155	0.516	-0.142	0.016	1.709
14.134	0.303	0.154	0.509	0.10	-1.41	2.66	0.43	3.12	-4.98	44928	0.301	0.155	0.516	-0.141	0.016	1.708
14.144	0.301	0.153	0.510	0.10	-1.43	2.61	0.78	0.85	-5.12	44874	0.299	0.155	0.516	-0.141	0.015	1.707
14.154	0.301	0.152	0.510	0.12	-1.44	2.56	0.95	-0.63	-4.93	44880	0.297	0.154	0.515	-0.141	0.015	1.705
14.162	0.301	0.152	0.509	0.13	-1.43	2.52	1.83	-0.89	-4.76	44875	0.296	0.154	0.515	-0.140	0.015	1.704
14.171	0.301	0.150	0.509	0.15	-1.43	2.47	1.46	-1.97	-4.96	44868	0.294	0.154	0.515	-0.139	0.015	1.703
14.182	0.298	0.150	0.510	0.17	-1.39	2.42	1.39	-2.10	-4.61	44882	0.293	0.153	0.515	-0.139	0.014	1.703
14.192	0.297	0.150	0.510	0.18	-1.37	2.37	1.11	-1.99	-4.68	44770	0.291	0.153	0.516	-0.138	0.014	1.702
14.202	0.294	0.150	0.510	0.18	-1.33	2.33	-1.25	0.66	-4.40	44759	0.290	0.152	0.516	-0.138	0.014	1.701
14.213	0.290	0.150	0.510	0.16	-1.31	2.28	-2.87	0.74	-4.18	44743	0.288	0.152	0.516	-0.137	0.013	1.700
14.224	0.290	0.150	0.510	0.13	-1.32	2.24	-4.66	1.56	-3.74	44735	0.286	0.152	0.516	-0.137	0.013	1.699
14.235	0.289	0.151	0.510	0.08	-1.33	2.20	-6.00	1.47	-3.57	44730	0.284	0.152	0.516	-0.136	0.013	1.698
14.248	0.286	0.153	0.510	-0.01	-1.33	2.16	-6.79	1.56	-3.48	44715	0.282	0.152	0.516	-0.136	0.013	1.697
14.251	0.285	0.154	0.510	-0.09	-1.34	2.12	-7.37	3.94	-3.65	44691	0.281	0.152	0.516	-0.135	0.013	1.696
14.260	0.285	0.155	0.510	-0.16	-1.38	2.09	-5.93	3.46	-3.42	44689	0.279	0.152	0.516	-0.135	0.014	1.695
14.272	0.282	0.155	0.511	-0.23	-1.40	2.05	-6.36	3.90	-3.66	44706	0.277	0.153	0.516	-0.134	0.014	1.694
14.283	0.281	0.156	0.511	-0.29	-1.44	2.01	-2.78	3.39	-3.22	44558	0.276	0.153	0.516	-0.133	0.014	1.693
14.291	0.281	0.156	0.511	-0.32	-1.47	1.98	-2.73	2.99	-3.07	44530	0.274	0.154	0.516	-0.133	0.014	1.692
14.301	0.278	0.156	0.511	-0.34	-1.49	1.95	-0.72	1.74	-3.36	44529	0.272	0.154	0.516	-0.132	0.015	1.691
14.312	0.278	0.156	0.511	-0.35	-1.50	1.92	2.25	-0.02	-2.73	44520	0.271	0.154	0.517	-0.131	0.015	1.690
14.320	0.276	0.155	0.511	-0.33	-1.49	1.89	3.43	-1.91	-2.97	44499	0.269	0.154	0.517	-0.130	0.015	1.689
14.333	0.276	0.155	0.511	-0.29	-1.47	1.86	5.12	-3.98	-2.40	44483	0.268	0.154	0.517	-0.129	0.015	1.688
14.341	0.276	0.153	0.511	-0.22	-1.43	1.84	5.81	-4.38	-2.73	44477	0.266	0.154	0.517	-0.128	0.015	1.687
14.350	0.275	0.153	0.511	-0.16	-1.39	1.81	7.94	-5.38	-2.50	44456	0.265	0.154	0.517	-0.127	0.015	1.686
14.363	0.273	0.150	0.512	-0.07	-1.33	1.79	7.41	-4.99	-2.64	44321	0.264	0.154	0.517	-0.126	0.014	1.685
14.370	0.273	0.148	0.512	0.02	-1.27	1.77	6.96	-6.64	-2.25	44319	0.263	0.153	0.517	-0.125	0.014	1.685
14.383	0.273	0.146	0.512	0.10	-1.21	1.75	6.15	-3.81	-2.05	44314	0.262	0.152	0.517	-0.124	0.013	1.684
14.391	0.275	0.144	0.512	0.17	-1.19	1.73	4.46	-3.77	-2.17	44292	0.261	0.151	0.517	-0.122	0.012	1.683
14.404	0.269	0.149	0.512	0.17	-1.11	1.70	1.26	-2.77	-2.27	44280	0.260	0.151	0.517	-0.121	0.012	1.682
14.413	0.269	0.149	0.512	0.18	-1.08	1.68	-1.68	-1.44	-2.06	44405	0.259	0.151	0.518	-0.120	0.012	1.681
14.420	0.267	0.150	0.512	0.17	-1.06	1.66	-4.08	0.31	-1.53	44419	0.257	0.151	0.518	-0.119	0.012	1.680
14.434	0.266	0.150	0.512	0.13	-1.06	1.64	-5.28	1.15	-1.18	44429	0.256	0.151	0.518	-0.118	0.012	1.679
14.442	0.266	0.150	0.513	0.07	-1.07	1.63	-6.77	1.72	-1.02	44434	0.255	0.151	0.518	-0.116	0.012	1.678
14.453	0.265	0.151	0.513	0.00	-1.08	1.62	-6.29	2.17	-0.07	44390	0.254	0.151	0.518	-0.115	0.012	1.677
14.463	0.262	0.152	0.513	-0.07	-1.09	1.62	-5.75	2.25	-0.70	44399	0.252	0.151	0.518	-0.114	0.012	1.677
14.475	0.262	0.154	0.513	-0.14	-1.11	1.61	-5.14	2.35	-0.57	44389	0.251	0.151	0.518	-0.113	0.012	1.676
14.479	0.261	0.153	0.513	-0.18	-1.13	1.61	-3.51	1.59	-0.29	44387	0.250	0.152	0.518	-0.111	0.012	1.675
14.492	0.261	0.154	0.512	-0.22	-1.14	1.60	-0.81	-0.13	-0.30	44399	0.249	0.152	0.518	-0.110	0.012	1.674
14.504	0.261	0.154	0.512	-0.23	-1.14	1.60	1.45	-0.93	0.14	44591	0.248	0.152	0.518	-0.109	0.013	1.673
14.513	0.260	0.153	0.512	-0.21	-1.13	1.60	3.68	-1.68	0.05	44580	0.247	0.152	0.517	-0.107	0.013	1.672
14.520	0.259	0.151	0.512	-0.16	-1.11	1.60	3.29	-3.03	-0.27	44577	0.246	0.152	0.517	-0.106	0.012	1.671
14.534	0.259	0.151	0.513	-0.13	-1.08	1.60	4.19	-4.39	-0.17	44599	0.246	0.152	0.517	-0.104	0.012	1.670
14.542	0.259	0.149	0.513	-0.08	-1.03	1.60	2.86	-5.09	-0.44	44454	0.245	0.152	0.517	-0.103	0.012	1.669
14.551	0.258	0.149	0.513	-0.05	-0.98	1.60	2.58	-5.85	0.10	44453	0.244	0.151	0.517	-0.101	0.012	1.669
14.567	0.258	0.149	0.513	-0.02	-0.92	1.60	1.55	-4.25	0.34	44472	0.244	0.151	0.518	-0.099	0.011	1.668
14.574	0.256	0.149	0.513	-0.00	-0.86	1.60	-0.48	-4.39	-0.31	44495	0.243	0.151	0.518	-0.098	0.011	1.667
14.610	0.254	0.158	0.513	-0.07	-0.81	1.59	0.11	-2.48	-0.21	44405	0.242	0.152	0.518	-0.097	0.012	1.666
14.619	0.254	0.159	0.513	-0.08	-0.78	1.59	-1.00	-2.26	-0.21	44403	0.241	0.153	0.518	-0.095	0.013	1.666
14.619	0.254	0.159	0.513	-0.08	-0.76	1.58	-0.86	-1.09	-0.12	44419	0.240	0.154	0.518	-0.094	0.013	1.665
14.626	0.251	0.167	0.513	-0.15	-0.73	1.58	-0.80	0.17	-0.02	44427	0.239	0.155	0.518	-0.092	0.015	1.664
14.629	0.246	0.172	0.513	-0.19	-0.70	1.57	-0.26	0.02	0.26	44418	0.238	0.158	0.518	-0.091	0.016	1.663
14.629	0.245	0.172	0.512	-0.19	-0.69	1.57	2.40	0.14	0.80	44592	0.236	0.159	0.518	-0.090	0.018	1.662
14.642	0.245	0.172	0.512	-0.17	-0.69	1.58	4.72	0.10	1.04	44604	0.235	0.161	0.518	-0.089	0.019	1.661
14.653	0.245	0.170	0.512	-0.10	-0.69	1.59	7.55	0.22	1.25	44607	0.234	0.162	0.517	-0.088	0.020	1.660
14.664	0.244	0.170	0.512	-0.03	-0.69	1.61	9.01	0.33	1.16	44602	0.233	0.164	0.517	-0.087	0.020	1.660
14.674	0.246	0.166	0.512	0.09	-0.71	1.62	9.86	0.55	0.91	44650	0.232	0.164	0.517	-0.085	0.021	1.659
14.683	0.241	0.179	0.512	0.10	-0.68	1.62	11.73	0.29	1.44	44665	0.231	0.166	0.517	-0.084	0.022	1.658
14.687	0.238	0.184	0.512	0.18	-0.66	1.62	11.69	-1.33	1.36	44665	0.230	0.169	0.517	-0.083	0.024	1.657
14.703	0.238	0.185	0.512	0.29	-0.66	1.64	9.12	-1.20	1.78	44672	0.229	0.171	0.517	-0.082	0.025	1.656
14.714	0.238	0.186	0.512	0.38	-0.65	1.66	6.83	-0.27	1.44	44688	0.227	0.173	0.517	-0.081	0.027	1.655
14.720	0.238	0.183	0.512	0.47	-0.64	1.68	6.61	-0.26	1.43	44772	0.226	0.175	0.517	-0.080	0.028	1.654
14.734	0.238	0.183	0.512	0.54	-0.64	1.69	4.10	0.60	1.02	44769	0.225	0.176	0.517	-0.078	0.029	1.654
14.743	0.238	0.180	0.511	0.61	-0.66	1.71	3.79	2.46	1.01	44781	0.225	0.177	0.517	-0.077	0.029	1.653
14.753	0.237	0.179	0.512	0.66	-0.67	1.72	2.53	2.60	0.65	44790	0.224	0.178	0.516	-0.075	0.029	1.652
14.765	0.236	0.177	0.512	0.70	-0.69	1.73	3.73	2.23	1.15	44739	0.223	0.178	0.516	-0.074	0.029	1.651
14.774	0.238	0.175	0.512	0.75	-0.73	1.74	2.41	2.90	0.74	44736	0.223	0.178	0.516	-0.072	0.029	1.650
14.780	0.238	0.175	0.511	0.78	-0.76	1.75	1.65	2.36	0.94	44746	0.222	0.178	0.516	-0.070	0.028	1.649
14.794	0.236	0.175	0.511	0.80	-0.78	1.76	2.52	0.97	0.85	44740	0.222	0.178	0.516	-0.069	0.028	1.649
14.804	0.238	0.172	0.511	0.85	-0.80	1.77	1.66	-0.91	0.64	44751	0.222	0.177	0.516	-0.067	0.028	1.648
14.818	0.238	0.172	0.511	0.87	-0.79	1.78	1.30	-2.74	0.44	44753	0.222	0.177	0.516	-0.065	0.027	1.647
14.823	0.231	0.197	0.511	0.70	-0.71	1.76	0.92	-3.41	0.15	44763	0.220	0.180	0.516	-0.064	0.029	1.646
14.829	0.229	0.197	0.511	0.71	-0.67	1.76	0.11	-4.55	-0.07	44760	0.219	0.182	0.516	-0.063	0.031	1.645
14.844	0.228	0.195	0.512	0.72	-0.62	1.76	-1.42	-5.04	-0.28	44779	0.218	0.184	0.516	-0.062	0.032	1.644
14.854	0.228	0.197	0.512	0.71	-0.57	1.76	0.18	-4.34	-0.00	44662	0.217	0.186	0.516	-0.060	0.033	1.644
14.865	0.227	0.197	0.512	0.71	-0.52	1.76	0.12	-2.84	-0.40	44671	0.216	0.188	0.516	-0.059	0.034	1.643
14.871	0.229	0.195	0.512	0.72	-0.51	1.75	1.22	-0.65	-0.50	44667	0.216	0.189	0.516	-0.058	0.035	1.642
14.882	0.228	0.195	0.513	0.74	-0.49	1.75	2.50	1.37	-0.66	44666	0.215	0.190	0.516	-0.056	0.036	1.642
14.889	0.227	0.195	0.513	0.77	-0.51	1.74	4.63	2.69	-0.35	44442	0.215	0.191	0.517	-0.055	0.036	1.641
14.903	0.227	0.191	0.513	0.84	-0.53	1.74	4.97	4.08	0.16	44429	0.214	0.192	0.517	-0.053	0.036	1.640
14.916	0.229	0.189	0.513	0.91	-0.58	1.75	4.90	4.03	0.38	44410	0.214	0.192	0.517	-0.052	0.036	1.640
14.922	0.229	0.190	0.513	0.96	-0.62	1.75	4.00	2.88	0.01	44397	0.213	0.192	0.517	-0.050	0.035	1.639
14.931	0.229	0.188	0.514	1.01	-0.65	1.75	2.05	2.05	-0.03	44390	0.213	0.192	0.517	-0.048	0.035	1.638
14.938	0.223	0.202	0.514	0.93	-0.63	1.74	1.51	0.42	-0.13	44324	0.212	0.193	0.517	-0.047	0.036	1.638
14.955	0.216	0.217	0.514	0.85	-0.59	1.73	0.52	-1.32	0.04	44313	0.211	0.196	0.517	-0.046	0.038	1.637
14.961	0.215	0.216	0.514	0.85	-0.57	1.73	-1.34	-2.11	-0.27	44320	0.209	0.199	0.518	-0.046	0.040	1.637
14.974	0.214	0.218	0.513	0.83	-0.55	1.72	-2.38	-2.79	-0.32	44333	0.208	0.202	0.518	-0.045	0.042	1.636
14.981	0.214	0.219	0.513	0.80	-0.52	1.72	-2.06	-3.06	-0.62	44472	0.207	0.204	0.517	-0.044	0.044	1.635
14.990	0.214	0.219	0.513	0.78	-0.49	1.72	-0.45	-2.29	-0.26	44479	0.205	0.207	0.517	-0.043	0.045	1.634
15.003	0.213	0.220	0.513	0.78	-0.46	1.71	1.67	-1.70	0.07	44489	0.204	0.209	0.517	-0.042	0.046	1.634
15.012	0.213	0.220	0.513	0.79	-0.45	1.71	2.27	0.61	0.04	44487	0.203	0.211	0.517	-0.041	0.048	1.633
15.024	0.214	0.218	0.513	0.84	-0.45	1.72	4.97	2.47	-0.01	44563	0.203	0.212	0.517	-0.040	0.048	1.632
15.033	0.214	0.215	0.513	0.90	-0.48	1.72	5.17	3.13	-0.19	44572	0.202	0.213	0.517	-0.038	0.049	1.631
15.039	0.214	0.216	0.513	0.95	-0.52	1.72	5.27	4.49	-0.41	44577	0.202	0.214	0.517	-0.037	0.049	1.631
15.053	0.215	0.214	0.513	1.03	-0.57	1.72	4.41	5.45	0.26	44558	0.201	0.214	0.517	-0.036	0.049	1.630
15.064	0.214	0.213	0.514	1.08	-0.61	1.72	4.69	4.81	0.06	44549	0.201	0.214	0.517	-0.034	0.048	1.629
15.074	0.215	0.211	0.514	1.14	-0.67	1.72	2.78	3.59	-0.24	44387	0.201	0.214	0.517	-0.032	0.048	1.629
15.083	0.213	0.210	0.514	1.18	-0.70	1.72	2.13	1.63	-0.64	44376	0.200	0.214	0.517	-0.031	0.048	1.628
15.089	0.210	0.210	0.514	1.20	-0.69	1.72	0.14	-0.76	-0.60	44363	0.200	0.214	0.517	-0.030	0.047	1.627
15.101	0.209	0.210	0.512	1.20	-0.68	1.71	-1.64	-1.98	-0.53	44373	0.199	0.214	0.517	-0.029	0.047	1.627
15.114	0.208	0.211	0.511	1.18	-0.65	1.71	-3.32	-2.98	-0.56	44803	0.198	0.214	0.517	-0.027	0.046	1.626
15.124	0.208	0.211	0.511	1.15	-0.62	1.70	-5.11	-4.47	-0.87	44815	0.197	0.214	0.516	-0.026	0.046	1.625
15.133	0.208	0.213	0.511	1.08	-0.58	1.69	-6.69	-3.40	-0.74	44839	0.197	0.214	0.516	-0.025	0.046	1.624
15.138	0.208	0.213	0.511	1.02	-0.54	1.68	-7.53	-2.46	-0.76	44862	0.196	0.214	0.516	-0.024	0.046	1.623
15.153	0.207	0.216	0.510	0.92	-0.52	1.67	-8.52	-0.68	-0.96	44870	0.196	0.215	0.515	-0.022	0.046	1.622
15.162	0.204	0.218	0.510	0.82	-0.50	1.66	-8.75	0.72	-0.51	45112	0.195	0.216	0.515	-0.021	0.046	1.621
15.173	0.205	0.221	0.509	0.71	-0.51	1.65	-7.79	2.83	-0.69	45128	0.194	0.217	0.515	-0.020	0.047	1.620
15.181	0.204	0.223	0.509	0.62	-0.53	1.64	-7.29	3.21	-0.38	45148	0.194	0.218	0.514	-0.019	0.047	1.620
15.191	0.203	0.224	0.510	0.55	-0.56	1.64	-6.91	2.84	-0.47	45139	0.193	0.219	0.514	-0.018	0.048	1.619
15.203	0.202	0.226	0.510	0.47	-0.59	1.63	-4.41	3.19	-0.28	44893	0.192	0.220	0.514	-0.017	0.048	1.618
15.212	0.202	0.226	0.510	0.42	-0.62	1.63	-2.43	1.31	-0.13	44884	0.192	0.221	0.514	-0.016	0.049	1.617
15.223	0.201	0.226	0.510	0.41	-0.62	1.63	0.41	1.20	-0.57	44875	0.191	0.222	0.514	-0.014	0.049	1.617
15.229	0.201	0.226	0.510	0.42	-0.63	1.63	2.70	-0.41	-0.59	44853	0.191	0.223	0.514	-0.013	0.050	1.616
15.240	0.200	0.226	0.510	0.45	-0.62	1.62	4.89	-1.56	-0.70	44915	0.190	0.223	0.514	-0.012	0.050	1.615
15.253	0.200	0.226	0.509	0.50	-0.60	1.61	5.37	-3.53	-0.79	44888	0.190	0.224	0.514	-0.011	0.050	1.614
15.261	0.200	0.226	0.509	0.56	-0.57	1.60	5.30	-3.78	-1.05	44866	0.189	0.225	0.514	-0.010	0.051	1.614
15.273	0.200	0.227	0.509	0.61	-0.53	1.59	5.76	-3.24	-0.53	44860	0.189	0.225	0.514	-0.008	0.051	1.613
15.284	0.200	0.227	0.510	0.67	-0.49	1.59	3.24	-2.33	-0.63	44859	0.188	0.226	0.514	-0.007	0.051	1.612
15.289	0.200	0.227	0.510	0.70	-0.47	1.58	1.60	-2.62	-0.90	44636	0.188	0.226	0.514	-0.006	0.051	1.612
15.300	0.200	0.227	0.510	0.71	-0.45	1.57	-0.92	-1.20	-1.00	44613	0.188	0.227	0.514	-0.004	0.051	1.611
15.312	0.200	0.227	0.510	0.70	-0.44	1.56	-2.39	0.64	-1.31	44604	0.188	0.227	0.514	-0.003	0.051	1.611
15.326	0.199	0.227	0.510	0.67	-0.45	1.55	-4.53	1.74	-0.89	44605	0.187	0.227	0.514	-0.002	0.051	1.610
15.332	0.196	0.230	0.510	0.61	-0.45	1.54	-6.44	1.80	-1.07	44644	0.187	0.228	0.514	-0.001	0.051	1.609
15.343	0.202	0.225	0.510	0.59	-0.51	1.53	-4.92	2.90	-0.92	44629	0.187	0.228	0.514	0.001	0.051	1.609
15.353	0.207	0.190	0.510	0.78	-0.56	1.54	-5.26	1.86	-0.89	44627	0.188	0.224	0.514	0.003	0.047	1.608
15.363	0.207	0.189	0.510	0.73	-0.58	1.53	-4.13	0.54	-0.60	44628	0.189	0.220	0.514	0.005	0.044	1.607
15.370	0.207	0.189	0.511	0.69	-0.58	1.52	-4.04	-0.19	-0.94	44607	0.190	0.216	0.514	0.007	0.040	1.607
15.382	0.207	0.188	0.511	0.66	-0.57	1.52	-4.23	-3.14	-0.74	44464	0.190	0.212	0.514	0.009	0.038	1.606
15.391	0.206	0.193	0.511	0.57	-0.54	1.51	-5.78	-3.87	-1.06	44466	0.191	0.210	0.515	0.011	0.036	1.606
15.402	0.207	0.193	0.511	0.51	-0.49	1.50	-7.17	-5.86	-0.83	44444	0.191	0.208	0.515	0.013	0.034	1.605
15.413	0.203	0.199	0.511	0.39	-0.42	1.48	-9.76	-6.38	-0.95	44437	0.191	0.207	0.515	0.014	0.033	1.604
15.424	0.202	0.208	0.511	0.22	-0.34	1.47	-10.87	-7.19	-1.08	44481	0.191	0.207	0.515	0.016	0.033	1.604
15.433	0.207	0.168	0.511	0.39	-0.30	1.47	-11.99	-7.51	-1.26	44476	0.192	0.202	0.515	0.017	0.029	1.603
15.441	0.208	0.167	0.511	0.26	-0.23	1.46	-15.03	-5.82	-0.83	44476	0.193	0.197	0.515	0.019	0.026	1.603
15.452	0.205	0.172	0.511	0.06	-0.15	1.45	-15.19	-4.78	-0.73	44464	0.193	0.194	0.515	0.020	0.023	1.602
15.461	0.204	0.178	0.511	-0.14	-0.10	1.44	-16.15	-2.94	-0.59	44568	0.193	0.192	0.515	0.022	0.022	1.601
15.472	0.208	0.150	0.511	-0.12	-0.09	1.45	-15.62	-1.90	-0.57	44569	0.193	0.186	0.515	0.023	0.017	1.601
15.484	0.208	0.155	0.511	-0.32	-0.07	1.44	-16.38	-0.58	-0.51	44571	0.194	0.182	0.515	0.025	0.014	1.600
15.494	0.208	0.160	0.511	-0.52	-0.07	1.43	-14.95	0.93	-0.92	44547	0.194	0.179	0.515	0.026	0.012	1.599
15.498	0.206	0.163	0.511	-0.69	-0.07	1.42	-14.73	1.85	-0.92	44546	0.195	0.177	0.514	0.028	0.011	1.599
15.511	0.212	0.136	0.511	-0.66	-0.12	1.42	-14.45	1.81	-1.31	44617	0.196	0.171	0.514	0.030	0.007	1.598
15.523	0.212	0.135	0.511	-0.80	-0.14	1.40	-13.63	0.91	-1.57	44606	0.196	0.166	0.514	0.031	0.003	1.598
15.535	0.212	0.139	0.511	-0.97	-0.14	1.38	-11.95	-0.67	-1.83	44600	0.197	0.162	0.514	0.033	0.000	1.597
15.541	0.210	0.143	0.510	-1.13	-0.12	1.36	-11.83	-1.47	-2.01	44600	0.198	0.159	0.514	0.034	-0.001	1.596
15.550	0.209	0.151	0.510	-1.31	-0.10	1.34	-10.69	-3.49	-1.49	44638	0.198	0.158	0.514	0.036	-0.002	1.596
15.561	0.209	0.150	0.510	-1.41	-0.06	1.33	-9.74	-4.51	-1.61	44630	0.198	0.156	0.514	0.037	-0.003	1.595
15.572	0.211	0.132	0.510	-1.40	-0.02	1.32	-9.24	-4.68	-1.78	44664	0.199	0.153	0.514	0.038	-0.005	1.594
15.583	0.214	0.123	0.510	-1.44	0.02	1.30	-10.34	-4.10	-2.42	44694	0.200	0.148	0.514	0.040	-0.008	1.594
15.591	0.214	0.121	0.511	-1.53	0.05	1.28	-7.74	-3.22	-1.72	44699	0.201	0.144	0.514	0.041	-0.011	1.593
15.601	0.213	0.125	0.511	-1.65	0.09	1.26	-8.02	-2.24	-1.85	44583	0.201	0.141	0.514	0.043	-0.013	1.593
15.613	0.211	0.127	0.511	-1.75	0.12	1.24	-9.89	-1.20	-1.40	44588	0.201	0.139	0.514	0.044	-0.014	1.592
15.622	0.211	0.126	0.511	-1.85	0.13	1.23	-9.25	0.28	-1.13	44586	0.202	0.137	0.514	0.045	-0.015	1.592
15.635	0.211	0.130	0.511	-1.98	0.13	1.22	-9.17	1.58	-1.56	44568	0.202	0.135	0.514	0.046	-0.016	1.591
15.641	0.211	0.133	0.511	-2.09	0.11	1.20	-8.26	0.94	-1.31	44567	0.202	0.134	0.514	0.047	-0.016	1.591
15.652	0.211	0.133	0.511	-2.17	0.11	1.19	-7.92	-0.07	-1.55	44570	0.203	0.134	0.514	0.048	-0.016	1.590
15.661	0.213	0.123	0.511	-2.18	0.10	1.17	-5.52	0.10	-2.07	44569	0.203	0.132	0.514	0.049	-0.017	1.590
15.672	0.211	0.139	0.511	-2.34	0.11	1.15	-2.69	-0.54	-2.16	44555	0.203	0.132	0.514	0.050	-0.016	1.589
15.681	0.211	0.126	0.512	-2.28	0.12	1.13	-0.34	-0.20	-1.84	44482	0.204	0.131	0.514	0.051	-0.017	1.589
15.692	0.209	0.137	0.512	-2.36	0.14	1.11	2.34	-1.21	-2.31	44478	0.204	0.131	0.514	0.052	-0.016	1.589
15.700	0.207	0.138	0.512	-2.35	0.17	1.09	5.27	-1.85	-2.35	44465	0.203	0.132	0.514	0.052	-0.016	1.588
15.711	0.207	0.133	0.512	-2.25	0.19	1.06	7.76	-2.31	-2.09	44451	0.203	0.131	0.514	0.052	-0.015	1.588
15.723	0.207	0.132	0.513	-2.17	0.22	1.04	9.73	-3.08	-2.00	44466	0.203	0.131	0.514	0.053	-0.015	1.587
15.733	0.207	0.126	0.513	-2.02	0.25	1.02	13.17	-2.36	-2.03	44227	0.203	0.130	0.515	0.053	-0.016	1.587
15.743	0.208	0.123	0.513	-1.87	0.26	1.00	13.50	-0.97	-2.00	44211	0.203	0.129	0.515	0.054	-0.016	1.587
15.752	0.211	0.120	0.513	-1.72	0.25	0.99	11.54	0.05	-2.47	44220	0.203	0.127	0.515	0.055	-0.017	1.587
15.762	0.207	0.134	0.514	-1.71	0.28	0.96	11.18	1.48	-1.86	44222	0.203	0.128	0.515	0.055	-0.017	1.586
15.773	0.204	0.141	0.514	-1.65	0.28	0.94	9.08	2.73	-2.01	44173	0.202	0.129	0.515	0.056	-0.015	1.586
15.781	0.204	0.141	0.514	-1.57	0.25	0.92	5.97	3.76	-1.53	44176	0.202	0.130	0.516	0.056	-0.014	1.586
15.789	0.204	0.141	0.514	-1.51	0.21	0.90	3.94	4.60	-1.35	44184	0.201	0.132	0.516	0.056	-0.013	1.585
15.801	0.204	0.137	0.514	-1.45	0.16	0.89	3.44	5.44	-1.02	44189	0.201	0.132	0.516	0.056	-0.012	1.585
15.811	0.204	0.134	0.515	-1.39	0.11	0.88	3.40	5.68	-1.38	44178	0.201	0.132	0.516	0.057	-0.012	1.585
15.823	0.203	0.133	0.515	-1.36	0.06	0.86	3.40	4.97	-1.25	44110	0.201	0.132	0.516	0.057	-0.012	1.585
15.831	0.203	0.130	0.515	-1.30	0.01	0.85	3.20	3.79	-0.92	44119	0.200	0.132	0.516	0.057	-0.012	1.585
15.843	0.206	0.126	0.515	-1.23	-0.04	0.84	5.63	4.32	-1.16	44118	0.200	0.131	0.516	0.058	-0.013	1.584
15.852	0.203	0.151	0.515	-1.35	-0.06	0.83	7.24	2.89	-1.51	44115	0.200	0.133	0.516	0.058	-0.011	1.584
15.861	0.201	0.149	0.515	-1.26	-0.08	0.81	7.28	2.32	-1.73	44215	0.200	0.135	0.516	0.058	-0.009	1.584
15.868	0.203	0.144	0.515	-1.16	-0.11	0.79	7.70	2.11	-1.89	44238	0.200	0.136	0.516	0.059	-0.008	1.583
15.881	0.197	0.167	0.515	-1.23	-0.09	0.77	9.67	1.99	-2.01	44238	0.199	0.140	0.516	0.059	-0.005	1.583
15.892	0.197	0.164	0.515	-1.11	-0.11	0.75	10.70	1.32	-1.79	44252	0.198	0.143	0.516	0.059	-0.003	1.583
15.903	0.197	0.165	0.513	-1.00	-0.12	0.74	10.89	1.17	-1.55	44550	0.197	0.146	0.516	0.059	-0.001	1.583
15.910	0.196	0.184	0.513	-1.02	-0.12	0.72	12.98	0.46	-1.23	44591	0.197	0.151	0.516	0.058	0.003	1.582
15.918	0.196	0.180	0.513	-0.85	-0.13	0.71	13.83	1.51	-1.34	44619	0.196	0.155	0.515	0.058	0.006	1.582
15.932	0.196	0.173	0.513	-0.66	-0.15	0.70	15.85	2.59	-1.17	44628	0.196	0.158	0.515	0.059	0.008	1.581
15.943	0.193	0.196	0.513	-0.65	-0.16	0.69	18.08	2.25	-0.92	44652	0.195	0.163	0.515	0.058	0.011	1.581
15.948	0.194	0.189	0.513	-0.41	-0.18	0.67	18.99	2.12	-1.28	44688	0.194	0.167	0.515	0.058	0.014	1.581
15.960	0.194	0.218	0.513	-0.42	-0.21	0.66	20.38	3.27	-1.72	44678	0.194	0.174	0.515	0.058	0.019	1.580
15.968	0.194	0.208	0.513	-0.13	-0.25	0.65	21.50	2.51	-2.08	44706	0.193	0.179	0.515	0.059	0.022	1.580
15.982	0.193	0.229	0.512	-0.05	-0.27	0.63	23.54	2.20	-1.93	44720	0.193	0.186	0.514	0.059	0.027	1.580
15.992	0.194	0.221	0.512	0.26	-0.29	0.61	24.52	2.53	-2.08	44781	0.192	0.191	0.514	0.059	0.031	1.579
16.002	0.189	0.242	0.512	0.37	-0.29	0.59	25.63	1.80	-1.83	44775	0.191	0.198	0.514	0.058	0.036	1.579
16.011	0.192	0.233	0.512	0.70	-0.33	0.57	25.98	1.09	-2.16	44811	0.191	0.203	0.514	0.059	0.039	1.578
16.019	0.188	0.256	0.512	0.81	-0.30	0.55	26.31	-0.03	-1.80	44812	0.190	0.211	0.514	0.058	0.044	1.578
16.032	0.188	0.245	0.511	1.16	-0.30	0.53	25.52	-0.19	-2.43	44841	0.189	0.216	0.514	0.058	0.048	1.578
16.044	0.185	0.272	0.511	1.23	-0.28	0.51	24.80	-0.23	-2.17	44901	0.188	0.224	0.513	0.058	0.053	1.577
16.053	0.187	0.263	0.511	1.56	-0.29	0.48	24.24	-0.60	-2.31	44947	0.188	0.230	0.513	0.058	0.057	1.577
16.061	0.183	0.287	0.511	1.64	-0.26	0.46	24.66	1.07	-2.04	44956	0.186	0.239	0.513	0.057	0.062	1.577
16.074	0.183	0.277	0.510	1.98	-0.28	0.44	24.06	2.29	-1.66	44994	0.186	0.245	0.513	0.057	0.066	1.576
16.083	0.181	0.300	0.510	2.06	-0.30	0.43	23.23	4.22	-2.15	45025	0.184	0.253	0.513	0.057	0.071	1.576
16.093	0.181	0.295	0.510	2.35	-0.34	0.41	23.56	4.01	-1.78	45050	0.183	0.260	0.512	0.056	0.076	1.575
16.103	0.179	0.321	0.510	2.40	-0.37	0.40	23.06	4.80	-1.69	45061	0.182	0.269	0.512	0.056	0.082	1.575
16.112	0.179	0.324	0.510	2.63	-0.42	0.38	22.96	3.49	-1.47	45092	0.181	0.277	0.512	0.056	0.087	1.574
16.125	0.180	0.314	0.510	2.96	-0.47	0.37	23.00	2.92	-1.58	44901	0.181	0.283	0.512	0.056	0.090	1.574
16.133	0.178	0.336	0.510	3.04	-0.49	0.36	23.47	1.49	-1.55	44877	0.180	0.292	0.512	0.055	0.095	1.574
16.146	0.178	0.330	0.510	3.34	-0.50	0.34	23.24	0.47	-1.39	44894	0.179	0.298	0.512	0.055	0.099	1.574
16.152	0.178	0.330	0.510	3.59	-0.50	0.32	22.47	-0.01	-1.75	44877	0.178	0.304	0.512	0.055	0.102	1.573
16.161	0.177	0.341	0.510	3.74	-0.50	0.31	22.04	0.94	-1.79	44874	0.178	0.310	0.512	0.055	0.106	1.573
16.174	0.177	0.337	0.510	4.01	-0.51	0.29	20.64	1.13	-1.95	44879	0.177	0.315	0.512	0.055	0.108	1.572
16.182	0.174	0.365	0.510	4.01	-0.51	0.28	17.88	0.71	-1.55	44867	0.176	0.323	0.512	0.055	0.113	1.572
16.191	0.174	0.367	0.510	4.18	-0.52	0.26	15.64	2.96	-1.19	44896	0.175	0.331	0.512	0.055	0.117	1.572
16.202	0.175	0.363	0.510	4.39	-0.55	0.25	13.30	2.89	-1.45	44899	0.175	0.336	0.512	0.055	0.120	1.571
16.212	0.175	0.360	0.510	4.56	-0.58	0.24	10.66	2.52	-1.21	44698	0.174	0.341	0.512	0.055	0.122	1.571
16.222	0.175	0.357	0.510	4.70	-0.61	0.23	9.57	1.83	-1.16	44704	0.174	0.345	0.512	0.055	0.124	1.571
16.234	0.175	0.375	0.510	4.67	-0.63	0.22	8.11	0.66	-0.91	44719	0.173	0.350	0.512	0.056	0.126	1.571
16.242	0.174	0.380	0.510	4.72	-0.63	0.21	6.08	-0.30	-0.83	44733	0.173	0.356	0.512	0.056	0.129	1.570
16.253	0.174	0.382	0.511	4.78	-0.62	0.20	3.44	-1.55	-1.10	44735	0.172	0.361	0.512	0.056	0.132	1.570
16.262	0.172	0.382	0.511	4.83	-0.60	0.19	1.90	-2.16	-1.18	44541	0.172	0.365	0.512	0.056	0.133	1.570
16.275	0.172	0.383	0.511	4.84	-0.57	0.18	0.57	-2.56	-1.24	44551	0.171	0.369	0.513	0.056	0.135	1.570
16.283	0.172	0.385	0.511	4.85	-0.55	0.16	-0.63	-1.72	-1.30	44562	0.171	0.373	0.513	0.056	0.136	1.569
16.292	0.172	0.386	0.511	4.84	-0.53	0.15	-1.13	-1.55	-1.29	44563	0.170	0.376	0.513	0.056	0.138	1.569
16.302	0.172	0.388	0.511	4.82	-0.52	0.14	-2.31	-0.18	-1.02	44644	0.170	0.379	0.513	0.057	0.138	1.569
16.311	0.172	0.389	0.511	4.80	-0.53	0.12	-3.06	1.29	-1.19	44646	0.170	0.382	0.513	0.057	0.139	1.568
16.325	0.171	0.393	0.511	4.75	-0.54	0.11	-4.01	1.70	-0.98	44664	0.169	0.385	0.513	0.057	0.140	1.568
16.335	0.174	0.374	0.511	4.87	-0.58	0.10	-5.32	2.57	-1.03	44673	0.169	0.385	0.513	0.057	0.139	1.568
16.342	0.174	0.370	0.511	4.85	-0.61	0.09	-6.92	1.78	-0.47	44584	0.169	0.385	0.513	0.058	0.137	1.568
16.361	0.174	0.371	0.511	4.78	-0.62	0.09	-8.65	0.95	-0.61	44593	0.169	0.385	0.513	0.058	0.136	1.567
16.367	0.174	0.375	0.511	4.66	-0.63	0.08	-11.08	0.32	-0.74	44611	0.169	0.385	0.513	0.059	0.134	1.567
16.379	0.174	0.352	0.511	4.72	-0.63	0.08	-14.82	-1.38	-0.23	44618	0.169	0.382	0.513	0.060	0.131	1.567
16.383	0.172	0.354	0.511	4.56	-0.59	0.08	-17.72	-3.91	-0.44	44643	0.169	0.379	0.513	0.060	0.128	1.566
16.391	0.173	0.337	0.511	4.51	-0.57	0.07	-21.09	-3.40	-0.44	44742	0.169	0.375	0.513	0.060	0.124	1.566
16.404	0.173	0.341	0.510	4.25	-0.53	0.06	-24.10	-3.18	-0.97	44803	0.169	0.372	0.512	0.061	0.120	1.566
16.413	0.172	0.328	0.510	4.10	-0.49	0.05	-27.44	-3.58	-0.80	44822	0.169	0.367	0.512	0.061	0.116	1.565
16.421	0.172	0.333	0.511	3.77	-0.46	0.04	-30.98	-2.69	-1.08	44856	0.169	0.364	0.512	0.061	0.112	1.565
16.434	0.172	0.321	0.510	3.55	-0.43	0.03	-33.95	-1.76	-0.81	44814	0.169	0.359	0.512	0.062	0.108	1.565
16.446	0.171	0.329	0.510	3.13	-0.41	0.02	-35.74	-1.12	-0.43	44848	0.168	0.356	0.512	0.062	0.105	1.564
16.450	0.171	0.316	0.510	2.88	-0.40	0.02	-37.36	-1.00	0.16	44848	0.168	0.351	0.512	0.063	0.101	1.564
16.463	0.173	0.299	0.510	2.62	-0.40	0.01	-37.28	-0.70	0.27	44857	0.168	0.345	0.512	0.063	0.096	1.564
16.473	0.174	0.305	0.509	2.20	-0.41	0.01	-37.20	-0.81	-0.00	44886	0.169	0.340	0.512	0.064	0.092	1.563
16.484	0.174	0.293	0.509	1.92	-0.40	0.01	-36.14	-1.04	0.11	45111	0.169	0.334	0.512	0.064	0.087	1.563
16.493	0.176	0.273	0.508	1.71	-0.41	0.01	-35.24	-1.14	0.07	45124	0.169	0.326	0.511	0.065	0.081	1.562
16.503	0.178	0.258	0.508	1.46	-0.41	0.00	-34.19	-1.34	-0.28	45147	0.170	0.318	0.511	0.066	0.074	1.562
16.511	0.178	0.264	0.506	1.06	-0.40	0.00	-33.54	-2.34	-0.06	45180	0.170	0.311	0.511	0.067	0.069	1.561
16.522	0.179	0.253	0.506	0.80	-0.37	-0.00	-34.03	-3.03	-0.14	45458	0.171	0.303	0.510	0.068	0.063	1.560
16.531	0.180	0.241	0.506	0.54	-0.34	-0.01	-35.83	-4.36	-0.14	45475	0.172	0.295	0.510	0.069	0.057	1.560
16.542	0.180	0.231	0.505	0.24	-0.30	-0.01	-37.44	-5.19	-0.16	45485	0.173	0.286	0.509	0.069	0.051	1.559
16.553	0.180	0.238	0.505	-0.22	-0.24	-0.00	-39.28	-5.72	-0.31	45492	0.173	0.280	0.509	0.070	0.046	1.558
16.559	0.180	0.226	0.504	-0.54	-0.18	-0.01	-41.32	-5.52	-0.51	45573	0.174	0.272	0.509	0.071	0.041	1.558
16.569	0.180	0.219	0.504	-0.92	-0.12	-0.01	-42.28	-4.64	-0.52	45603	0.174	0.265	0.508	0.072	0.035	1.557
16.580	0.181	0.222	0.504	-1.39	-0.08	-0.02	-42.22	-4.40	-0.90	45604	0.175	0.259	0.508	0.072	0.031	1.556
16.591	0.181	0.217	0.504	-1.78	-0.04	-0.03	-40.81	-3.16	-1.36	45586	0.175	0.252	0.508	0.073	0.027	1.555
16.597	0.181	0.202	0.504	-2.08	-0.01	-0.04	-39.01	-2.75	-1.34	45592	0.176	0.245	0.508	0.074	0.022	1.555
16.613	0.182	0.193	0.504	-2.42	0.01	-0.05	-37.02	-1.71	-0.83	45514	0.176	0.238	0.507	0.074	0.017	1.554
16.623	0.182	0.199	0.504	-2.85	0.03	-0.06	-33.63	-1.18	-0.45	45515	0.177	0.232	0.507	0.075	0.014	1.554
16.630	0.182	0.186	0.503	-3.09	0.05	-0.06	-29.94	-0.84	-0.40	45479	0.177	0.225	0.507	0.075	0.009	1.553
16.641	0.183	0.183	0.504	-3.39	0.05	-0.07	-27.07	-1.10	-0.38	45460	0.178	0.218	0.507	0.076	0.005	1.552
16.652	0.183	0.178	0.504	-3.62	0.06	-0.07	-23.99	-0.54	-0.39	43169	0.178	0.212	0.507	0.077	0.001	1.552
16.661	0.181	0.181	0.504	-3.91	0.08	-0.07	-20.87	-1.48	-0.66	43129	0.178	0.207	0.507	0.077	-0.002	1.551
16.672	0.181	0.175	0.504	-4.07	0.10	-0.08	-17.70	-2.09	-0.66	43065	0.179	0.202	0.507	0.077	-0.005	1.551
16.685	0.181	0.171	0.503	-4.23	0.13	-0.08	-16.10	-1.85	-1.16	43027	0.179	0.197	0.507	0.077	-0.008	1.550
16.692	0.183	0.173	0.504	-4.42	0.14	-0.09	-13.20	-3.34	-0.78	43008	0.179	0.193	0.507	0.078	-0.010	1.550
16.702	0.184	0.162	0.504	-4.48	0.16	-0.10	-10.52	-3.26	-0.86	42810	0.180	0.188	0.507	0.078	-0.013	1.549
16.714	0.183	0.160	0.504	-4.58	0.19	-0.10	-8.41	-4.18	-0.40	42792	0.180	0.183	0.507	0.079	-0.016	1.549
16.721	0.184	0.158	0.504	-4.66	0.23	-0.10	-6.61	-3.78	-0.53	42784	0.180	0.179	0.506	0.079	-0.018	1.548
16.732	0.183	0.159	0.505	-4.75	0.27	-0.11	-4.95	-4.41	-1.39	42794	0.181	0.175	0.506	0.079	-0.020	1.548
16.744	0.182	0.160	0.505	-4.82	0.33	-0.11	-3.49	-2.64	-1.34	42748	0.181	0.172	0.506	0.079	-0.021	1.548
16.748	0.181	0.161	0.505	-4.87	0.36	-0.12	-0.83	-3.66	-1.11	42762	0.181	0.170	0.506	0.080	-0.022	1.548
16.772	0.181	0.154	0.504	-4.83	0.41	-0.12	1.27	-3.40	-0.95	42805	0.181	0.167	0.505	0.080	-0.024	1.548
16.779	0.181	0.157	0.504	-4.85	0.44	-0.13	2.36	-3.19	-0.73	42851	0.181	0.164	0.505	0.080	-0.024	1.547
16.794	0.182	0.153	0.505	-4.80	0.46	-0.14	3.12	-1.43	-1.03	42773	0.181	0.162	0.505	0.080	-0.025	1.547
16.797	0.182	0.152	0.505	-4.76	0.48	-0.14	5.59	-1.58	-1.06	42823	0.181	0.160	0.505	0.080	-0.026	1.547
16.804	0.179	0.160	0.505	-4.79	0.51	-0.15	7.19	-0.34	-0.96	42897	0.181	0.159	0.504	0.079	-0.026	1.548
16.811	0.180	0.159	0.504	-4.72	0.51	-0.16	7.44	0.34	-1.00	42969	0.181	0.158	0.504	0.079	-0.026	1.548
16.822	0.180	0.157	0.504	-4.63	0.51	-0.17	8.83	1.34	-1.30	43040	0.181	0.157	0.504	0.079	-0.026	1.548
16.833	0.180	0.156	0.504	-4.54	0.49	-0.18	9.76	2.95	-1.19	43088	0.181	0.156	0.503	0.079	-0.026	1.548
16.844	0.180	0.154	0.504	-4.43	0.46	-0.20	11.39	3.87	-1.25	43172	0.181	0.155	0.503	0.079	-0.026	1.548
16.852	0.180	0.151	0.504	-4.30	0.41	-0.21	12.39	4.51	-0.95	43267	0.181	0.154	0.503	0.079	-0.026	1.548
16.864	0.181	0.148	0.503	-4.14	0.36	-0.23	13.93	4.92	-0.71	41198	0.181	0.153	0.502	0.079	-0.027	1.548
16.872	0.181	0.147	0.503	-4.00	0.31	-0.24	15.06	5.94	-0.55	41305	0.181	0.151	0.502	0.079	-0.028	1.549
16.880	0.180	0.154	0.502	-3.91	0.25	-0.24	15.96	5.70	-0.01	41377	0.181	0.151	0.501	0.079	-0.027	1.549
16.889	0.179	0.159	0.502	-3.80	0.21	-0.25	16.39	5.80	-0.04	41453	0.181	0.152	0.500	0.079	-0.026	1.549
16.902	0.179	0.159	0.501	-3.64	0.16	-0.25	16.65	4.34	0.54	41559	0.181	0.152	0.499	0.078	-0.026	1.550
16.911	0.179	0.154	0.500	-3.44	0.11	-0.25	17.64	3.95	0.06	41662	0.181	0.152	0.499	0.078	-0.025	1.550
16.923	0.179	0.154	0.499	-3.26	0.07	-0.25	18.54	3.33	0.11	41931	0.180	0.152	0.498	0.078	-0.025	1.550
16.931	0.178	0.162	0.499	-3.15	0.06	-0.25	17.99	1.34	-0.07	42061	0.180	0.153	0.497	0.078	-0.024	1.550
16.944	0.178	0.162	0.498	-2.96	0.05	-0.25	20.21	-0.26	-0.20	42185	0.180	0.154	0.495	0.078	-0.023	1.551
16.953	0.175	0.166	0.496	-2.79	0.07	-0.26	21.48	-1.31	-0.26	42301	0.180	0.155	0.494	0.077	-0.022	1.551
16.964	0.174	0.172	0.495	-2.63	0.10	-0.26	20.73	-2.38	-0.35	42669	0.179	0.157	0.493	0.077	-0.020	1.551
16.972	0.174	0.169	0.494	-2.39	0.13	-0.26	20.78	-3.16	-0.18	42825	0.178	0.158	0.492	0.076	-0.019	1.552
16.981	0.173	0.180	0.493	-2.28	0.15	-0.26	20.96	-2.33	-0.89	42960	0.178	0.161	0.490	0.075	-0.017	1.552
16.989	0.173	0.180	0.492	-2.07	0.17	-0.27	21.22	-1.08	-0.92	43114	0.178	0.163	0.489	0.075	-0.015	1.553
16.996	0.173	0.177	0.491	-1.82	0.18	-0.28	20.71	0.10	-1.37	43187	0.177	0.165	0.488	0.075	-0.014	1.553
17.012	0.174	0.180	0.490	-1.64	0.17	-0.29	21.21	1.75	-1.71	43315	0.177	0.167	0.487	0.074	-0.012	1.554
17.021	0.174	0.177	0.489	-1.39	0.15	-0.31	21.95	2.97	-1.90	43455	0.177	0.169	0.485	0.074	-0.011	1.555
17.032	0.172	0.190	0.488	-1.28	0.13	-0.33	22.24	3.94	-1.44	43591	0.176	0.171	0.484	0.073	-0.009	1.555
17.041	0.172	0.191	0.486	-1.06	0.09	-0.34	21.45	4.62	-1.26	43744	0.176	0.174	0.483	0.073	-0.007	1.556
17.050	0.172	0.196	0.485	-0.89	0.04	-0.35	20.09	4.92	-1.13	43938	0.175	0.177	0.482	0.073	-0.005	1.556
17.062	0.170	0.200	0.484	-0.71	0.01	-0.37	19.57	4.70	-1.29	44076	0.175	0.180	0.480	0.072	-0.003	1.557
17.070	0.171	0.195	0.483	-0.47	-0.05	-0.38	19.60	3.88	-1.56	42107	0.175	0.183	0.479	0.072	-0.001	1.558
17.078	0.171	0.196	0.482	-0.27	-0.09	-0.40	20.02	3.54	-1.67	42195	0.174	0.185	0.478	0.071	-0.000	1.558
17.087	0.169	0.209	0.480	-0.18	-0.10	-0.42	18.90	3.58	-1.60	42250	0.174	0.188	0.476	0.071	0.002	1.559
17.095	0.169	0.210	0.479	0.01	-0.13	-0.43	17.18	1.68	-1.67	42388	0.173	0.191	0.475	0.070	0.004	1.560
17.111	0.168	0.214	0.477	0.15	-0.15	-0.45	17.18	2.20	-1.25	42497	0.173	0.195	0.473	0.070	0.007	1.560
17.120	0.167	0.219	0.476	0.28	-0.16	-0.46	17.14	1.80	-1.50	42617	0.172	0.198	0.472	0.069	0.009	1.561
17.132	0.168	0.216	0.474	0.49	-0.19	-0.48	17.07	1.16	-1.62	42752	0.172	0.201	0.470	0.069	0.011	1.562
17.142	0.168	0.213	0.472	0.70	-0.21	-0.49	16.82	0.89	-1.04	43031	0.171	0.203	0.468	0.068	0.012	1.562
17.149	0.165	0.223	0.471	0.78	-0.19	-0.50	15.60	2.04	-1.28	43161	0.171	0.206	0.466	0.068	0.014	1.563
17.162	0.164	0.221	0.469	0.97	-0.21	-0.52	16.15	2.01	-0.79	43297	0.170	0.209	0.465	0.067	0.015	1.564
17.174	0.164	0.224	0.468	1.11	-0.23	-0.53	17.43	1.08	-0.57	43445	0.169	0.212	0.463	0.066	0.017	1.565
17.183	0.163	0.231	0.466	1.25	-0.23	-0.53	18.86	-0.06	-0.71	43473	0.168	0.215	0.461	0.066	0.018	1.566
17.192	0.163	0.232	0.465	1.43	-0.23	-0.54	17.94	0.55	-1.13	43609	0.168	0.218	0.460	0.065	0.020	1.566
17.200	0.163	0.229	0.463	1.65	-0.24	-0.55	16.70	0.03	-1.53	43740	0.167	0.220	0.458	0.065	0.021	1.567
17.212	0.163	0.233	0.461	1.78	-0.24	-0.57	15.35	-0.22	-1.35	43888	0.167	0.222	0.456	0.064	0.022	1.568
17.220	0.163	0.234	0.459	1.94	-0.24	-0.58	14.20	-0.66	-1.70	44192	0.166	0.224	0.454	0.064	0.023	1.569
17.228	0.162	0.239	0.457	2.04	-0.23	-0.60	11.62	1.73	-1.32	44325	0.166	0.227	0.452	0.063	0.025	1.570
17.242	0.161	0.249	0.455	2.07	-0.24	-0.61	8.78	2.16	-0.88	44462	0.165	0.230	0.451	0.063	0.027	1.570
17.251	0.160	0.250	0.453	2.15	-0.27	-0.62	6.25	3.11	-0.92	44610	0.165	0.234	0.449	0.062	0.029	1.571
17.263	0.160	0.252	0.452	2.21	-0.30	-0.63	3.30	4.04	-1.16	44746	0.164	0.237	0.447	0.062	0.031	1.572
17.276	0.161	0.253	0.450	2.23	-0.35	-0.64	2.40	4.72	-1.35	44795	0.164	0.239	0.445	0.062	0.032	1.573
17.284	0.160	0.256	0.448	2.24	-0.39	-0.65	2.31	3.82	-1.83	42811	0.163	0.242	0.443	0.061	0.034	1.573
17.292	0.159	0.257	0.446	2.26	-0.43	-0.67	2.88	3.25	-1.60	42914	0.163	0.245	0.442	0.061	0.035	1.574
17.302	0.160	0.259	0.445	2.29	-0.46	-0.68	3.38	2.69	-2.00	43010	0.162	0.247	0.440	0.060	0.036	1.575
17.312	0.157	0.261	0.443	2.32	-0.47	-0.70	4.20	2.14	-2.13	42976	0.162	0.250	0.438	0.060	0.038	1.576
17.323	0.158	0.262	0.441	2.37	-0.49	-0.72	5.42	0.38	-1.71	43084	0.161	0.252	0.436	0.060	0.039	1.577
17.333	0.159	0.261	0.439	2.43	-0.51	-0.74	4.88	0.26	-2.24	43192	0.161	0.254	0.434	0.059	0.040	1.578
17.340	0.159	0.261	0.437	2.49	-0.51	-0.76	6.02	0.15	-1.33	43300	0.161	0.256	0.432	0.059	0.040	1.578
17.347	0.159	0.263	0.436	2.53	-0.51	-0.78	4.69	-1.07	-1.20	43416	0.160	0.257	0.431	0.059	0.041	1.579
17.360	0.161	0.262	0.434	2.59	-0.53	-0.79	3.09	-0.12	-0.58	43353	0.160	0.259	0.429	0.059	0.041	1.580
17.375	0.161	0.263	0.433	2.61	-0.52	-0.79	1.17	-0.52	-0.58	43493	0.161	0.260	0.427	0.059	0.042	1.581
17.380	0.158	0.266	0.431	2.61	-0.49	-0.79	-0.90	-0.21	0.26	43624	0.160	0.261	0.425	0.059	0.042	1.582
17.392	0.156	0.266	0.429	2.60	-0.48	-0.79	-3.38	-0.86	0.20	43754	0.160	0.262	0.423	0.058	0.043	1.583
17.400	0.156	0.268	0.427	2.55	-0.47	-0.79	-5.34	-1.82	-0.04	43804	0.159	0.264	0.421	0.058	0.043	1.584
17.414	0.156	0.268	0.425	2.49	-0.46	-0.79	-7.65	-1.42	0.22	43947	0.159	0.265	0.419	0.058	0.043	1.585
17.422	0.156	0.269	0.423	2.41	-0.44	-0.79	-9.17	-2.50	0.15	44077	0.158	0.266	0.417	0.058	0.044	1.586
17.430	0.156	0.269	0.421	2.32	-0.41	-0.79	-9.76	-3.14	0.31	44208	0.158	0.267	0.416	0.057	0.044	1.587
17.441	0.156	0.270	0.420	2.22	-0.39	-0.79	-10.46	-1.59	0.02	44293	0.158	0.268	0.414	0.057	0.044	1.588
17.450	0.155	0.270	0.417	2.12	-0.37	-0.79	-9.95	-1.00	0.55	44432	0.157	0.269	0.412	0.057	0.044	1.589
17.459	0.155	0.269	0.415	2.04	-0.36	-0.78	-9.94	-0.61	0.20	44554	0.157	0.269	0.410	0.057	0.044	1.590
17.472	0.155	0.269	0.413	1.94	-0.36	-0.78	-9.44	0.19	1.15	44667	0.157	0.270	0.408	0.057	0.044	1.591
17.482	0.155	0.269	0.411	1.86	-0.36	-0.77	-7.15	1.40	0.96	44786	0.156	0.270	0.406	0.056	0.044	1.592
17.492	0.154	0.269	0.409	1.79	-0.37	-0.76	-6.72	1.72	0.97	42827	0.156	0.270	0.404	0.056	0.044	1.593
17.502	0.154	0.268	0.407	1.75	-0.39	-0.75	-4.56	1.52	1.53	42915	0.156	0.270	0.402	0.056	0.044	1.594
17.509	0.154	0.268	0.405	1.71	-0.40	-0.73	-2.25	0.85	1.84	42990	0.155	0.271	0.400	0.056	0.044	1.595
17.522	0.153	0.268	0.403	1.68	-0.39	-0.72	-2.68	-0.35	1.28	43089	0.155	0.271	0.398	0.056	0.043	1.596
17.531	0.153	0.269	0.401	1.66	-0.39	-0.70	-1.99	-0.43	1.61	43119	0.155	0.271	0.396	0.055	0.043	1.596
17.539	0.152	0.270	0.399	1.62	-0.38	-0.69	-2.61	-2.05	1.31	43221	0.154	0.271	0.394	0.055	0.043	1.597
17.551	0.155	0.269	0.397	1.61	-0.38	-0.67	-3.39	-2.76	1.34	43329	0.154	0.271	0.392	0.055	0.043	1.598
17.560	0.157	0.270	0.395	1.57	-0.37	-0.66	-5.20	-3.35	0.87	43457	0.155	0.271	0.390	0.055	0.043	1.599
17.568	0.153	0.271	0.392	1.50	-0.30	-0.65	-6.85	-3.29	0.87	43587	0.154	0.271	0.387	0.055	0.043	1.600
17.580	0.154	0.273	0.390	1.41	-0.27	-0.65	-8.77	-3.24	0.87	43857	0.154	0.272	0.385	0.055	0.043	1.601
17.591	0.156	0.275	0.388	1.31	-0.26	-0.64	-10.25	-3.15	0.43	44001	0.154	0.273	0.383	0.056	0.043	1.602
17.602	0.149	0.276	0.385	1.19	-0.17	-0.63	-12.28	-2.53	0.60	44152	0.154	0.273	0.380	0.055	0.043	1.603
17.606	0.154	0.275	0.383	1.08	-0.19	-0.63	-11.68	-1.66	0.91	44300	0.154	0.274	0.378	0.055	0.043	1.603
17.622	0.152	0.276	0.381	0.96	-0.15	-0.62	-11.20	-0.02	0.62	44464	0.153	0.274	0.376	0.055	0.044	1.604
17.631	0.158	0.276	0.379	0.84	-0.21	-0.62	-10.86	-0.57	0.81	44591	0.154	0.275	0.374	0.055	0.044	1.605
17.641	0.156	0.277	0.376	0.73	-0.19	-0.61	-9.29	0.49	0.80	44722	0.154	0.275	0.371	0.056	0.044	1.606
17.652	0.162	0.275	0.374	0.66	-0.26	-0.60	-7.71	2.38	1.50	44846	0.155	0.275	0.369	0.056	0.044	1.607
17.661	0.162	0.275	0.371	0.59	-0.28	-0.58	-4.55	1.61	1.82	45110	0.156	0.275	0.367	0.057	0.044	1.608
17.672	0.160	0.276	0.369	0.55	-0.27	-0.56	-1.89	0.71	1.75	45239	0.156	0.276	0.365	0.058	0.044	1.608
17.685	0.161	0.274	0.366	0.54	-0.28	-0.55	-1.28	-1.34	1.59	45362	0.157	0.276	0.362	0.058	0.044	1.609
17.698	0.159	0.275	0.364	0.53	-0.25	-0.53	-0.37	-2.01	0.90	45478	0.157	0.276	0.360	0.058	0.044	1.610
17.701	0.160	0.275	0.361	0.52	-0.23	-0.52	-1.60	-3.67	1.10	43500	0.158	0.276	0.358	0.059	0.044	1.610
17.709	0.151	0.278	0.359	0.48	-0.10	-0.50	-1.98	-5.54	2.09	43664	0.157	0.276	0.355	0.058	0.044	1.611
17.723	0.156	0.275	0.357	0.47	-0.10	-0.49	-2.60	-6.39	1.25	43759	0.157	0.276	0.353	0.058	0.044	1.611
17.732	0.156	0.275	0.354	0.45	-0.02	-0.48	-2.17	-7.57	2.24	43846	0.157	0.276	0.351	0.058	0.044	1.612
17.740	0.132	0.280	0.353	0.37	0.26	-0.44	-3.61	-6.05	1.94	43952	0.153	0.277	0.348	0.055	0.044	1.613
17.751	0.132	0.280	0.350	0.33	0.32	-0.42	-5.73	-5.57	1.89	43932	0.151	0.277	0.346	0.053	0.044	1.613
17.759	0.131	0.280	0.348	0.27	0.37	-0.40	-5.21	-3.58	1.53	44039	0.148	0.278	0.344	0.051	0.044	1.614
17.773	0.132	0.280	0.346	0.22	0.39	-0.39	-7.25	0.96	1.12	44145	0.146	0.278	0.342	0.050	0.045	1.615
17.784	0.130	0.279	0.343	0.15	0.38	-0.38	-7.02	5.24	1.44	44257	0.144	0.279	0.339	0.048	0.045	1.616
17.790	0.130	0.279	0.341	0.08	0.31	-0.36	-7.15	9.97	1.93	44380	0.142	0.279	0.337	0.047	0.045	1.616
17.800	0.132	0.277	0.338	0.03	0.17	-0.34	-8.01	14.84	2.54	44608	0.141	0.279	0.335	0.046	0.044	1.617
17.812	0.133	0.278	0.336	-0.06	0.01	-0.32	-6.15	17.36	2.89	44712	0.140	0.279	0.332	0.045	0.044	1.617
17.818	0.132	0.279	0.334	-0.11	-0.17	-0.29	-4.25	19.36	3.40	44819	0.138	0.279	0.330	0.044	0.044	1.618
17.830	0.132	0.279	0.332	-0.15	-0.37	-0.25	-3.81	19.12	3.85	44934	0.137	0.279	0.328	0.043	0.044	1.619
17.841	0.134	0.278	0.329	-0.19	-0.58	-0.22	-4.07	18.52	4.26	44978	0.137	0.279	0.326	0.043	0.044	1.619
17.852	0.136	0.277	0.327	-0.21	-0.77	-0.18	-3.45	14.97	3.22	45060	0.136	0.279	0.323	0.043	0.044	1.620
17.861	0.136	0.277	0.325	-0.24	-0.91	-0.15	-2.21	11.64	2.91	45162	0.136	0.279	0.321	0.043	0.044	1.620
17.870	0.135	0.277	0.322	-0.26	-1.02	-0.12	-2.42	6.96	2.98	45268	0.136	0.279	0.319	0.043	0.043	1.621
17.877	0.135	0.277	0.321	-0.29	-1.08	-0.09	-2.78	3.50	2.95	45216	0.135	0.279	0.317	0.043	0.043	1.622
17.891	0.135	0.277	0.318	-0.32	-1.11	-0.06	-2.01	-0.07	2.62	45289	0.135	0.279	0.315	0.043	0.043	1.622
17.902	0.135	0.278	0.316	-0.35	-1.10	-0.03	-1.53	-2.97	3.18	45382	0.135	0.279	0.313	0.043	0.043	1.623
17.910	0.122	0.281	0.314	-0.39	-0.93	0.01	-1.98	-5.87	2.80	43307	0.133	0.279	0.311	0.042	0.043	1.623
17.920	0.121	0.281	0.311	-0.41	-0.87	0.04	-0.92	-7.47	2.82	43344	0.131	0.280	0.308	0.041	0.043	1.624
17.932	0.121	0.281	0.309	-0.41	-0.80	0.07	1.06	-8.53	2.85	43531	0.129	0.280	0.306	0.040	0.043	1.624
17.941	0.122	0.281	0.307	-0.40	-0.73	0.09	1.41	-6.59	2.31	43597	0.128	0.280	0.304	0.039	0.043	1.625
17.951	0.124	0.280	0.304	-0.38	-0.69	0.12	2.39	-6.12	2.89	43661	0.127	0.281	0.302	0.039	0.043	1.625
17.959	0.125	0.280	0.304	-0.35	-0.65	0.15	3.67	-2.42	3.22	43734	0.127	0.281	0.300	0.038	0.043	1.626
17.970	0.126	0.279	0.302	-0.30	-0.65	0.18	4.71	-0.40	4.32	43542	0.126	0.281	0.298	0.038	0.043	1.626
17.981	0.126	0.279	0.300	-0.26	-0.65	0.22	5.40	1.49	3.93	43602	0.126	0.281	0.296	0.038	0.043	1.627
17.994	0.127	0.280	0.297	-0.21	-0.68	0.26	3.85	4.49	4.63	43674	0.125	0.281	0.294	0.039	0.043	1.628
18.002	0.128	0.281	0.295	-0.18	-0.74	0.31	4.49	7.75	4.48	43769	0.125	0.281	0.291	0.039	0.042	1.628
18.012	0.130	0.280	0.294	-0.13	-0.84	0.35	4.57	7.54	4.76	43849	0.125	0.282	0.289	0.039	0.042	1.629
18.018	0.130	0.281	0.292	-0.10	-0.92	0.40	2.82	6.47	4.52	43817	0.126	0.282	0.287	0.040	0.042	1.630
18.028	0.130	0.281	0.290	-0.08	-0.99	0.44	1.05	5.52	4.70	43923	0.126	0.282	0.285	0.040	0.042	1.631
18.042	0.134	0.281	0.288	-0.06	-1.08	0.49	0.71	2.96	4.21	44030	0.126	0.282	0.283	0.041	0.042	1.631
18.053	0.130	0.281	0.286	-0.05	-1.06	0.53	-0.21	0.32	3.62	44122	0.126	0.282	0.281	0.042	0.042	1.632
18.064	0.117	0.286	0.284	-0.11	-0.91	0.56	-0.26	-2.79	3.24	44193	0.125	0.283	0.279	0.041	0.042	1.633
18.070	0.113	0.288	0.282	-0.13	-0.84	0.59	0.14	-5.70	3.06	44303	0.123	0.284	0.277	0.040	0.043	1.634
18.083	0.117	0.288	0.280	-0.12	-0.82	0.63	0.93	-8.37	3.25	44407	0.122	0.285	0.275	0.039	0.043	1.634
18.098	0.117	0.288	0.278	-0.11	-0.73	0.66	2.67	-9.29	3.37	44502	0.121	0.286	0.273	0.038	0.043	1.635
18.101	0.118	0.289	0.274	-0.10	-0.65	0.69	3.76	-9.27	3.45	44861	0.120	0.286	0.271	0.038	0.044	1.636
18.110	0.118	0.288	0.272	-0.04	-0.57	0.72	5.06	-6.75	3.55	44951	0.119	0.287	0.269	0.038	0.044	1.636
18.119	0.118	0.288	0.270	0.01	-0.51	0.75	4.70	-4.94	3.37	42922	0.119	0.287	0.267	0.038	0.044	1.637
18.125	0.118	0.288	0.268	0.06	-0.47	0.78	4.94	-2.06	3.14	42998	0.118	0.288	0.264	0.038	0.044	1.637
18.133	0.121	0.289	0.267	0.10	-0.49	0.80	3.74	0.64	1.92	43075	0.118	0.288	0.262	0.038	0.044	1.638
18.150	0.123	0.288	0.265	0.16	-0.53	0.83	3.84	2.32	1.81	42911	0.118	0.289	0.260	0.039	0.044	1.639
18.162	0.119	0.291	0.263	0.16	-0.50	0.84	3.35	3.72	2.36	42995	0.118	0.289	0.258	0.039	0.044	1.640
18.171	0.119	0.291	0.261	0.18	-0.54	0.87	1.36	3.75	1.21	43098	0.118	0.290	0.256	0.039	0.044	1.640
18.181	0.119	0.291	0.260	0.20	-0.57	0.88	1.16	2.73	2.27	43189	0.117	0.291	0.254	0.039	0.044	1.641
18.196	0.120	0.291	0.258	0.21	-0.61	0.90	-0.08	2.37	0.94	43059	0.117	0.291	0.252	0.040	0.044	1.642
18.200	0.121	0.292	0.256	0.20	-0.65	0.91	-0.99	1.47	0.73	43186	0.117	0.292	0.250	0.040	0.044	1.643
18.210	0.121	0.292	0.254	0.19	-0.66	0.92	-0.41	1.40	1.18	43297	0.117	0.292	0.248	0.041	0.044	1.644
18.220	0.123	0.293	0.252	0.18	-0.70	0.93	-1.19	0.09	0.96	43422	0.117	0.293	0.246	0.041	0.044	1.645
18.230	0.123	0.294	0.250	0.16	-0.69	0.94	-1.83	-1.95	0.41	43553	0.118	0.293	0.244	0.042	0.044	1.646
18.242	0.122	0.295	0.248	0.13	-0.67	0.94	-0.45	-3.32	0.22	43670	0.118	0.294	0.242	0.042	0.045	1.647
18.250	0.122	0.296	0.246	0.12	-0.62	0.94	0.15	-5.61	1.19	43814	0.118	0.294	0.240	0.043	0.045	1.648
18.261	0.123	0.298	0.244	0.09	-0.57	0.95	0.24	-5.55	0.15	43959	0.118	0.295	0.238	0.043	0.045	1.649
18.271	0.122	0.299	0.240	0.10	-0.50	0.96	1.99	-7.06	1.04	44094	0.118	0.296	0.236	0.044	0.045	1.649
18.280	0.121	0.298	0.237	0.13	-0.41	0.96	2.75	-7.06	0.74	44569	0.118	0.297	0.233	0.044	0.045	1.650
18.291	0.121	0.298	0.235	0.16	-0.34	0.97	2.87	-5.57	0.58	44706	0.118	0.297	0.231	0.044	0.046	1.651
18.300	0.118	0.300	0.233	0.18	-0.26	0.98	3.65	-5.07	1.47	44847	0.118	0.298	0.229	0.045	0.046	1.652
18.309	0.097	0.304	0.231	0.16	0.09	0.99	3.45	-3.08	0.07	44994	0.115	0.299	0.227	0.043	0.046	1.652
18.321	0.100	0.304	0.229	0.20	0.07	0.98	3.48	-2.42	-0.13	42920	0.112	0.300	0.224	0.041	0.047	1.653
18.331	0.101	0.304	0.227	0.25	0.07	0.99	4.84	-1.69	0.26	43015	0.111	0.301	0.222	0.040	0.047	1.654
18.337	0.102	0.303	0.225	0.32	0.05	0.99	5.28	1.41	1.16	43115	0.109	0.302	0.220	0.039	0.047	1.655
18.350	0.104	0.302	0.223	0.39	-0.00	1.01	5.36	5.08	1.79	43217	0.108	0.302	0.218	0.039	0.047	1.655
18.359	0.106	0.303	0.219	0.45	-0.08	1.03	5.46	7.96	1.63	43321	0.107	0.303	0.215	0.039	0.047	1.656
18.371	0.107	0.304	0.217	0.48	-0.19	1.04	4.66	10.76	1.35	43707	0.107	0.304	0.213	0.039	0.047	1.657
18.378	0.108	0.305	0.214	0.53	-0.32	1.06	4.41	12.26	1.32	43843	0.106	0.304	0.211	0.039	0.047	1.657
18.388	0.108	0.306	0.212	0.55	-0.45	1.07	3.60	13.33	0.32	43968	0.106	0.305	0.208	0.039	0.047	1.658
18.404	0.112	0.305	0.209	0.60	-0.64	1.07	2.48	11.54	1.40	44105	0.106	0.305	0.206	0.040	0.047	1.659
18.409	0.109	0.308	0.207	0.58	-0.70	1.09	1.74	8.40	1.36	44272	0.106	0.306	0.203	0.040	0.047	1.659
18.420	0.101	0.311	0.205	0.57	-0.65	1.11	1.55	5.61	1.91	44407	0.105	0.307	0.201	0.040	0.048	1.660
18.430	0.102	0.310	0.202	0.59	-0.72	1.13	1.41	2.04	1.50	44552	0.104	0.308	0.198	0.039	0.048	1.661
18.440	0.103	0.309	0.200	0.63	-0.76	1.14	1.39	-0.75	1.60	44682	0.103	0.309	0.196	0.039	0.048	1.661
18.453	0.103	0.309	0.195	0.66	-0.75	1.16	1.46	-2.98	1.15	44808	0.103	0.309	0.193	0.039	0.048	1.662
18.459	0.105	0.309	0.193	0.68	-0.76	1.17	1.88	-3.63	0.83	45282	0.102	0.310	0.191	0.040	0.048	1.662
18.470	0.105	0.309	0.190	0.70	-0.73	1.18	2.49	-4.86	0.98	45412	0.102	0.310	0.188	0.040	0.048	1.662
18.481	0.108	0.309	0.188	0.75	-0.74	1.19	2.74	-4.03	1.18	45549	0.102	0.310	0.185	0.041	0.048	1.663
18.488	0.109	0.309	0.187	0.77	-0.72	1.20	2.36	-3.42	0.88	45682	0.103	0.311	0.183	0.041	0.048	1.663
18.501	0.110	0.309	0.184	0.80	-0.71	1.21	1.68	-3.66	1.35	45518	0.103	0.311	0.181	0.042	0.047	1.664
18.510	0.110	0.309	0.182	0.84	-0.66	1.22	1.71	-3.85	0.98	45615	0.104	0.311	0.179	0.043	0.047	1.665
18.521	0.112	0.309	0.179	0.85	-0.67	1.23	0.19	-2.97	0.91	45717	0.104	0.311	0.176	0.044	0.047	1.665
18.530	0.114	0.308	0.177	0.87	-0.67	1.24	-1.94	-3.35	0.88	43711	0.105	0.311	0.174	0.045	0.047	1.666
18.541	0.116	0.308	0.176	0.87	-0.68	1.24	-0.94	-4.14	0.89	43580	0.106	0.311	0.172	0.046	0.046	1.666
18.552	0.115	0.307	0.174	0.86	-0.62	1.25	-2.24	-5.47	1.81	43645	0.107	0.311	0.170	0.047	0.046	1.667
18.562	0.117	0.307	0.171	0.85	-0.60	1.27	-2.93	-6.31	2.01	43718	0.107	0.311	0.168	0.048	0.045	1.667
18.571	0.118	0.307	0.169	0.81	-0.53	1.29	-5.11	-7.28	1.73	43797	0.108	0.311	0.166	0.049	0.045	1.668
18.580	0.119	0.307	0.165	0.78	-0.50	1.30	-5.29	-9.09	1.95	43888	0.109	0.311	0.163	0.050	0.044	1.668
18.589	0.120	0.307	0.163	0.72	-0.41	1.32	-6.22	-9.66	1.58	44192	0.110	0.310	0.161	0.051	0.044	1.668
18.602	0.121	0.306	0.161	0.68	-0.33	1.34	-6.69	-11.68	1.65	44281	0.111	0.310	0.159	0.053	0.044	1.669
18.611	0.122	0.306	0.158	0.61	-0.20	1.35	-6.29	-12.83	1.18	44377	0.112	0.310	0.156	0.054	0.043	1.669
18.622	0.123	0.306	0.156	0.54	-0.11	1.36	-5.99	-13.94	1.54	44483	0.113	0.310	0.154	0.055	0.043	1.670
18.631	0.123	0.306	0.154	0.48	0.05	1.37	-4.76	-13.44	1.32	44520	0.114	0.310	0.152	0.056	0.042	1.670
18.637	0.124	0.306	0.152	0.42	0.20	1.39	-4.45	-13.67	1.45	44600	0.115	0.310	0.149	0.057	0.042	1.670
18.652	0.125	0.306	0.149	0.42	0.29	1.40	-3.37	-12.23	2.08	44683	0.116	0.309	0.147	0.058	0.042	1.671
18.661	0.127	0.306	0.147	0.38	0.38	1.42	-2.57	-10.65	1.94	44761	0.117	0.309	0.145	0.059	0.041	1.671
18.668	0.127	0.306	0.144	0.35	0.48	1.43	-2.03	-8.76	1.20	44857	0.119	0.309	0.143	0.060	0.041	1.672
18.679	0.129	0.305	0.142	0.36	0.52	1.44	-2.61	-8.17	1.13	45040	0.120	0.309	0.140	0.061	0.040	1.672
18.689	0.129	0.305	0.140	0.32	0.61	1.45	-2.75	-6.92	0.85	45132	0.121	0.308	0.138	0.062	0.040	1.672
18.694	0.130	0.304	0.138	0.32	0.67	1.46	-2.43	-6.99	0.07	45212	0.122	0.308	0.136	0.063	0.039	1.672
18.710	0.131	0.304	0.135	0.27	0.76	1.46	-2.19	-6.63	0.19	45317	0.123	0.308	0.133	0.063	0.039	1.673
18.721	0.132	0.304	0.132	0.27	0.76	1.46	-3.45	-7.34	-0.09	45492	0.124	0.307	0.131	0.064	0.039	1.673
18.729	0.133	0.303	0.130	0.25	0.84	1.46	-2.91	-6.08	-1.10	45577	0.125	0.307	0.129	0.065	0.038	1.673
18.740	0.133	0.303	0.128	0.21	0.91	1.45	-3.75	-4.57	-1.21	43595	0.126	0.307	0.127	0.066	0.038	1.673
18.752	0.134	0.303	0.126	0.18	0.93	1.43	-4.90	-5.32	-2.02	43655	0.127	0.307	0.125	0.067	0.037	1.674
18.761	0.135	0.303	0.124	0.12	0.99	1.41	-5.09	-6.44	-2.17	43548	0.129	0.306	0.122	0.067	0.037	1.674
18.771	0.136	0.303	0.122	0.06	1.06	1.39	-6.12	-7.04	-2.06	43611	0.130	0.306	0.120	0.068	0.037	1.674
18.780	0.137	0.302	0.120	0.01	1.11	1.36	-5.18	-7.04	-2.61	43683	0.131	0.306	0.118	0.069	0.036	1.674
18.790	0.137	0.302	0.118	-0.06	1.19	1.34	-4.38	-6.76	-2.88	43739	0.132	0.305	0.116	0.069	0.036	1.675
18.798	0.138	0.302	0.119	-0.11	1.26	1.31	-2.69	-6.22	-3.15	43804	0.133	0.305	0.114	0.070	0.036	1.676
18.810	0.139	0.301	0.117	-0.15	1.32	1.28	-0.66	-4.79	-2.87	43317	0.134	0.305	0.113	0.071	0.035	1.676
18.822	0.139	0.301	0.115	-0.15	1.37	1.25	1.59	-4.73	-3.14	43381	0.135	0.304	0.111	0.071	0.035	1.677
18.831	0.140	0.301	0.113	-0.13	1.43	1.22	2.49	-6.67	-2.59	43459	0.136	0.304	0.109	0.072	0.034	1.678
18.839	0.140	0.301	0.113	-0.10	1.45	1.19	2.86	-8.33	-2.48	43553	0.137	0.304	0.108	0.072	0.034	1.679
18.850	0.141	0.301	0.111	-0.05	1.56	1.16	4.22	-10.05	-2.92	43274	0.138	0.304	0.106	0.072	0.034	1.679
18.856	0.141	0.300	0.109	-0.01	1.65	1.13	5.83	-9.44	-2.71	43344	0.139	0.303	0.105	0.073	0.033	1.680
18.873	0.142	0.300	0.107	0.06	1.75	1.10	8.35	-9.74	-2.39	43444	0.140	0.303	0.103	0.073	0.033	1.681
18.881	0.142	0.300	0.106	0.16	1.79	1.08	8.53	-7.02	-1.25	43561	0.140	0.303	0.101	0.073	0.033	1.682
18.892	0.143	0.300	0.103	0.24	1.87	1.07	6.17	-2.62	-1.85	43677	0.141	0.303	0.099	0.073	0.032	1.682
18.899	0.143	0.300	0.102	0.31	1.87	1.04	0.31	2.62	-2.29	43822	0.142	0.302	0.097	0.073	0.032	1.683
18.912	0.144	0.299	0.100	0.30	1.85	1.03	-3.14	5.03	-1.10	43966	0.143	0.302	0.096	0.073	0.032	1.684
18.920	0.144	0.299	0.098	0.27	1.78	1.02	-6.57	6.10	-0.49	44087	0.144	0.302	0.094	0.073	0.031	1.685
