sim_time,px,py,pz,vx,vy,vz,phi,theta,psi,p,q,r,ref_px,ref_py,ref_pz,ref_vx,ref_vy,ref_vz,u_thrust,u_roll,u_pitch,u_yaw,m1,m2,m3,m4,pos_error,vel_error,att_error,err_x,err_y,err_z,solve_time_ms
2.976,0.0,0.0,0.5144737115342578,0.0,0.0,0.2992796556980285,0.0,0.0,0.0,0.0,0.0,0.0,0.0,0.0,0.5,0.0,0.0,0.0,-1.0,0.0,0.0,0.0,29.877902367199002,29.877902367199002,29.877902367199002,29.877902367199002,0.014473711534257805,0.2992796556980285,0.0,0.0,0.0,0.014473711534257805,0.11014899791916832
2.984,0.0,0.0,0.5160171507722644,0.0,0.0,0.2780097055085876,0.0,0.0,0.0,0.0,0.0,0.0,0.0,0.0,0.5,0.0,0.0,0.0,-0.9354121551518355,0.0,0.0,0.0,31.04836959742964,31.04836959742964,31.04836959742964,31.04836959742964,0.0160171507722644,0.2780097055085876,0.0,0.0,0.0,0.0160171507722644,0.13217800005804747
2.992,0.0,0.0,0.5173599331985113,0.0,0.0,0.2559773250630415,0.0,0.0,0.0,0.0,0.0,0.0,0.0,0.0,0.5,0.0,0.0,0.0,-0.8662953245413298,0.0,0.0,0.0,32.30091154982299,32.30091154982299,32.30091154982299,32.30091154982299,0.017359933198511257,0.2559773250630415,0.0,0.0,0.0,0.017359933198511257,0.04136600182391703
3.0,0.0,0.0,0.5184962173979415,0.0,0.0,0.2331889650361891,0.0,0.0,0.0,0.0,0.0,0.0,0.0,0.0,0.5,0.0,0.0,0.0,-0.7943103386757954,0.0,0.0,0.0,33.60543049177401,33.60543049177401,33.60543049177401,33.60543049177401,0.018496217397941495,0.2331889650361891,0.0,0.0,0.0,0.018496217397941495,0.02695700095500797
3.008,0.0,0.0,0.5194314921630439,0.0,0.0,0.20993304115651018,0.0,0.0,0.0,0.0,0.0,0.0,0.0,0.0,0.5,0.0,0.0,0.0,-0.7204072400462576,0.0,0.0,0.0,34.94470966050501,34.94470966050501,34.94470966050501,34.94470966050501,0.01943149216304385,0.20993304115651018,0.0,0.0,0.0,0.01943149216304385,0.026573005015961826
3.016,0.0,0.0,0.5201721581939616,0.0,0.0,0.18646308369815098,0.0,0.0,0.0,0.0,0.0,0.0,0.0,0.0,0.5,0.0,0.0,0.0,-0.645424343056149,0.0,0.0,0.0,36.30355704055002,36.30355704055002,36.30355704055002,36.30355704055002,0.020172158193961565,0.18646308369815098,0.0,0.0,0.0,0.020172158193961565,0.13638300151797011
3.024,0.0,0.0,0.5207246515650326,0.0,0.0,0.16298280123529565,0.0,0.0,0.0,0.0,0.0,0.0,0.0,0.0,0.5,0.0,0.0,0.0,-0.5700360450401993,0.0,0.0,0.0,37.66975113756576,37.66975113756576,37.66975113756576,37.66975113756576,0.02072465156503256,0.16298280123529565,0.0,0.0,0.0,0.02072465156503256,0.09154499275609851
3.032,0.0,0.0,0.5210954436788277,0.0,0.0,0.13965604383311386,0.0,0.0,0.0,0.0,0.0,0.0,0.0,0.0,0.5,0.0,0.0,0.0,-0.4947938928321592,0.0,0.0,0.0,39.03329676598194,39.03329676598194,39.03329676598194,39.03329676598194,0.021095443678827652,0.13965604383311386,0.0,0.0,0.0,0.021095443678827652,0.046659995859954506
3.04,0.0,0.0,0.5212910412202482,0.0,0.0,0.11661477360200388,0.0,0.0,0.0,0.0,0.0,0.0,0.0,0.0,0.5,0.0,0.0,0.0,-0.42013530105259916,0.0,0.0,0.0,40.38626705533856,40.38626705533856,40.38626705533856,40.38626705533856,0.021291041220248164,0.11661477360200388,0.0,0.0,0.0,0.021291041220248164,0.05461500404635444
3.048,0.0,0.0,0.5213179861106833,0.0,0.0,0.0939654411424803,0.0,0.0,0.0,0.0,0.0,0.0,0.0,0.0,0.5,0.0,0.0,0.0,-0.3464215600843376,0.0,0.0,0.0,41.7221146660444,41.7221146660444,41.7221146660444,41.7221146660444,0.02131798611068325,0.0939654411424803,0.0,0.0,0.0,0.02131798611068325,0.04085199907422066
3.056,0.0,0.0,0.5211828554622273,0.0,0.0,0.07179408670258577,0.0,0.0,0.0,0.0,0.0,0.0,0.0,0.0,0.5,0.0,0.0,0.0,-0.2739458307454903,0.0,0.0,0.0,43.03552690913145,43.03552690913145,43.03552690913145,43.03552690913145,0.021182855462227312,0.07179408670258577,0.0,0.0,0.0,0.021182855462227312,0.0289149975287728
3.064,0.0,0.0,0.5208922615319561,0.0,0.0,0.05017042110528865,0.0,0.0,0.0,0.0,0.0,0.0,0.0,0.0,0.5,0.0,0.0,0.0,-0.20294815890628698,0.0,0.0,0.0,44.32215364990306,44.32215364990306,44.32215364990306,44.32215364990306,0.020892261531956113,0.05017042110528865,0.0,0.0,0.0,0.020892261531956113,0.023503998818341643
3.072,0.0,0.0,0.5204528516762628,0.0,0.0,0.029151090491897153,0.0,0.0,0.0,0.0,0.0,0.0,0.0,0.0,0.5,0.0,0.0,0.0,-0.1336261086229814,0.0,0.0,0.0,45.57841461324306,45.57841461324306,45.57841461324306,45.57841461324306,0.020452851676262762,0.029151090491897153,0.0,0.0,0.0,0.020452851676262762,0.07192900375230238
3.08,0.0,0.0,0.519871308305253,0.0,0.0,0.008782288118272835,0.0,0.0,0.0,0.0,0.0,0.0,0.0,0.0,0.5,0.0,0.0,0.0,-0.0661432685015616,0.0,0.0,0.0,46.80134523046213,46.80134523046213,46.80134523046213,46.80134523046213,0.019871308305252966,0.008782288118272835,0.0,0.0,0.0,0.019871308305252966,0.03871399530908093
3.088,0.0,0.0,0.5191543488371995,0.0,0.0,-0.01089815620671926,0.0,0.0,0.0,0.0,0.0,0.0,0.0,0.0,0.5,0.0,0.0,0.0,-0.0006360567757075497,0.0,0.0,0.0,47.98847331701062,47.98847331701062,47.98847331701062,47.98847331701062,0.019154348837199464,0.01089815620671926,0.0,0.0,0.0,0.019154348837199464,0.026132001949008554
3.096,0.0,0.0,0.5183087256530559,0.0,0.0,-0.02985910456896556,0.0,0.0,0.0,0.0,0.0,0.0,0.0,0.0,0.5,0.0,0.0,0.0,0.0627808346438038,0.0,0.0,0.0,49.137720414883745,49.137720414883745,49.137720414883745,49.137720414883745,0.018308725653055857,0.02985910456896556,0.0,0.0,0.0,0.018308725653055857,0.03773700154852122
3.104,0.0,0.0,0.5173412260510293,0.0,0.0,-0.048074773705836876,0.0,0.0,0.0,0.0,0.0,0.0,0.0,0.0,0.5,0.0,0.0,0.0,0.12401008494255472,0.0,0.0,0.0,50.24732286678092,50.24732286678092,50.24732286678092,50.24732286678092,0.01734122605102928,0.048074773705836876,0.0,0.0,0.0,0.01734122605102928,0.032586998713668436
3.112,0.0,0.0,0.5162586722012119,0.0,0.0,-0.06552366521010372,0.0,0.0,0.0,0.0,0.0,0.0,0.0,0.0,0.5,0.0,0.0,0.0,0.1829682602342123,0.0,0.0,0.0,51.31576867566814,51.31576867566814,51.31576867566814,51.31576867566814,0.01625867220121191,0.06552366521010372,0.0,0.0,0.0,0.01625867220121191,0.041205006709787995
3.12,0.0,0.0,0.5150679211002721,0.0,0.0,-0.082187709691578,0.0,0.0,0.0,0.0,0.0,0.0,0.0,0.0,0.5,0.0,0.0,0.0,0.23958302623877747,0.0,0.0,0.0,52.34174699266105,52.34174699266105,52.34174699266105,52.34174699266105,0.015067921100272108,0.082187709691578,0.0,0.0,0.0,0.015067921100272108,0.031827003112994134
3.128,0.0,0.0,0.5137758645262037,0.0,0.0,-0.09805158210497213,0.0,0.0,0.0,0.0,0.0,0.0,0.0,0.0,0.5,0.0,0.0,0.0,0.2937909184381556,0.0,0.0,0.0,53.32410770756653,53.32410770756653,53.32410770756653,53.32410770756653,0.013775864526203718,0.09805158210497213,0.0,0.0,0.0,0.013775864526203718,0.028671005566138774
3.136,0.0,0.0,0.5123894289931348,0.0,0.0,-0.1131021540107012,0.0,0.0,0.0,0.0,0.0,0.0,0.0,0.0,0.5,0.0,0.0,0.0,0.3455355582134525,0.0,0.0,0.0,54.26182912154858,54.26182912154858,54.26182912154858,54.26182912154858,0.012389428993134777,0.1131021540107012,0.0,0.0,0.0,0.012389428993134777,0.053602998377755284
3.144,0.0,0.0,0.5109155757061943,0.0,0.0,-0.12732805538207334,0.0,0.0,0.0,0.0,0.0,0.0,0.0,0.0,0.5,0.0,0.0,0.0,0.3947662257677449,0.0,0.0,0.0,55.15399208549543,55.15399208549543,55.15399208549543,55.15399208549543,0.01091557570619428,0.12732805538207334,0.0,0.0,0.0,0.01091557570619428,0.07889299740782008
3.152,0.0,0.0,0.509361300516438,0.0,0.0,-0.14071932404956516,0.0,0.0,0.0,0.0,0.0,0.0,0.0,0.0,0.5,0.0,0.0,0.0,0.4414367184771179,0.0,0.0,0.0,55.99975931094562,55.99975931094562,55.99975931094562,55.99975931094562,0.00936130051643802,0.14071932404956516,0.0,0.0,0.0,0.00936130051643802,0.11759400513255969
3.16,0.0,0.0,0.5077336338758331,0.0,0.0,-0.15326712525477396,0.0,0.0,0.0,0.0,0.0,0.0,0.0,0.0,0.5,0.0,0.0,0.0,0.4855044375843291,0.0,0.0,0.0,56.79835881906135,56.79835881906135,56.79835881906135,56.79835881906135,0.007733633875833146,0.15326712525477396,0.0,0.0,0.0,0.007733633875833146,0.10633599595166743
3.168,0.0,0.0,0.5060396407923007,0.0,0.0,-0.16496352729213073,0.0,0.0,0.0,0.0,0.0,0.0,0.0,0.0,0.5,0.0,0.0,0.0,0.5,0.0,0.0,0.0,57.0610488164005,57.0610488164005,57.0610488164005,57.0610488164005,0.006039640792300682,0.16496352729213073,0.0,0.0,0.0,0.006039640792300682,0.15268200513673946
3.176,0.0,0.0,0.5042864207848169,0.0,0.0,-0.17580132202079934,0.0,0.0,0.0,0.0,0.0,0.0,0.0,0.0,0.5,0.0,0.0,0.0,0.5,0.0,0.0,0.0,57.0610488164005,57.0610488164005,57.0610488164005,57.0610488164005,0.004286420784816891,0.17580132202079934,0.0,0.0,0.0,0.004286420784816891,0.05062700074631721
3.184,0.0,0.0,0.5024811078385727,0.0,0.0,-0.18577388127274438,0.0,0.0,0.0,0.0,0.0,0.0,0.0,0.0,0.5,0.0,0.0,0.0,0.5,0.0,0.0,0.0,57.0610488164005,57.0610488164005,57.0610488164005,57.0610488164005,0.0024811078385726937,0.18577388127274438,0.0,0.0,0.0,0.0024811078385726937,0.06604100053664297
3.192,0.0,0.0,0.5006308703601918,0.0,0.0,-0.19487504197771716,0.0,0.0,0.0,0.0,0.0,0.0,0.0,0.0,0.5,0.0,0.0,0.0,0.5,0.0,0.0,0.0,57.0610488164005,57.0610488164005,57.0610488164005,57.0610488164005,0.0006308703601918264,0.19487504197771716,0.0,0.0,0.0,0.0006308703601918264,0.08213800174416974
3.2,0.0,0.0,0.49874291113300645,0.0,0.0,-0.2030990142618081,0.0,0.0,0.0,0.0,0.0,0.0,0.0,0.0,0.5,0.0,0.0,0.0,0.5,0.0,0.0,0.0,57.0610488164005,57.0610488164005,57.0610488164005,57.0610488164005,0.0012570888669935498,0.2030990142618081,0.0,0.0,0.0,-0.0012570888669935498,0.16419700114056468
3.208,0.0,0.0,0.4968244672723915,0.0,0.0,-0.21044030792482044,0.0,0.0,0.0,0.0,0.0,0.0,0.0,0.0,0.5,0.0,0.0,0.0,0.5,0.0,0.0,0.0,57.0610488164005,57.0610488164005,57.0610488164005,57.0610488164005,0.00317553272760851,0.21044030792482044,0.0,0.0,0.0,-0.00317553272760851,0.17708400264382362
3.216,0.0,0.0,0.4948828101811567,0.0,0.0,-0.21689367362072587,0.0,0.0,0.0,0.0,0.0,0.0,0.0,0.0,0.5,0.0,0.0,0.0,0.5,0.0,0.0,0.0,57.0610488164005,57.0610488164005,57.0610488164005,57.0610488164005,0.005117189818843293,0.21689367362072587,0.0,0.0,0.0,-0.005117189818843293,0.11993299995083362
3.224,0.0,0.0,0.49292524550499683,0.0,0.0,-0.22245405580057748,0.0,0.0,0.0,0.0,0.0,0.0,0.0,0.0,0.5,0.0,0.0,0.0,0.5,0.0,0.0,0.0,57.0610488164005,57.0610488164005,57.0610488164005,57.0610488164005,0.007074754495003166,0.22245405580057748,0.0,0.0,0.0,-0.007074754495003166,0.07701700087636709
3.232,0.0,0.0,0.49095911308799955,0.0,0.0,-0.2271165550653939,0.0,0.0,0.0,0.0,0.0,0.0,0.0,0.0,0.5,0.0,0.0,0.0,0.5,0.0,0.0,0.0,57.0610488164005,57.0610488164005,57.0610488164005,57.0610488164005,0.009040886912000445,0.2271165550653939,0.0,0.0,0.0,-0.009040886912000445,0.05623499600915238
3.24,0.0,0.0,0.4889917869282113,0.0,0.0,-0.23087639804702081,0.0,0.0,0.0,0.0,0.0,0.0,0.0,0.0,0.5,0.0,0.0,0.0,0.5,0.0,0.0,0.0,57.0610488164005,57.0610488164005,57.0610488164005,57.0610488164005,0.011008213071788675,0.23087639804702081,0.0,0.0,0.0,-0.011008213071788675,0.12078199506504461
3.248,0.0,0.0,0.4870306751332609,0.0,0.0,-0.23372891331137657,0.0,0.0,0.0,0.0,0.0,0.0,0.0,0.0,0.5,0.0,0.0,0.0,0.5,0.0,0.0,0.0,57.0610488164005,57.0610488164005,57.0610488164005,57.0610488164005,0.012969324866739074,0.23372891331137657,0.0,0.0,0.0,-0.012969324866739074,0.11083299614256248
3.2560000000000002,0.0,0.0,0.4850832198760406,0.0,0.0,-0.2356695120796098,0.0,0.0,0.0,0.0,0.0,0.0,0.0,0.0,0.5,0.0,0.0,0.0,0.5,0.0,0.0,0.0,57.0610488164005,57.0610488164005,57.0610488164005,57.0610488164005,0.014916780123959417,0.2356695120796098,0.0,0.0,0.0,-0.014916780123959417,0.14487799489870667
3.2640000000000002,0.0,0.0,0.48315689735044476,0.0,0.0,-0.23669367280358344,0.0,0.0,0.0,0.0,0.0,0.0,0.0,0.0,0.5,0.0,0.0,0.0,0.5,0.0,0.0,0.0,57.0610488164005,57.0610488164005,57.0610488164005,57.0610488164005,0.01684310264955524,0.23669367280358344,0.0,0.0,0.0,-0.01684310264955524,0.06486000347649679
3.2720000000000002,0.0,0.0,0.48125921772716657,0.0,0.0,-0.2367969288248215,0.0,0.0,0.0,0.0,0.0,0.0,0.0,0.0,0.5,0.0,0.0,0.0,0.5,0.0,0.0,0.0,57.0610488164005,57.0610488164005,57.0610488164005,57.0610488164005,0.018740782272833434,0.2367969288248215,0.0,0.0,0.0,-0.018740782272833434,0.04356900171842426
3.2800000000000002,0.0,0.0,0.47939772510955136,0.0,0.0,-0.23597485850023722,0.0,0.0,0.0,0.0,0.0,0.0,0.0,0.0,0.5,0.0,0.0,0.0,0.5,0.0,0.0,0.0,57.0610488164005,57.0610488164005,57.0610488164005,57.0610488164005,0.020602274890448635,0.23597485850023722,0.0,0.0,0.0,-0.020602274890448635,0.02480200055288151
3.2880000000000003,0.0,0.0,0.47757999748950786,0.0,0.0,-0.23422307730127745,0.0,0.0,0.0,0.0,0.0,0.0,0.0,0.0,0.5,0.0,0.0,0.0,0.5,0.0,0.0,0.0,57.0610488164005,57.0610488164005,57.0610488164005,57.0610488164005,0.022420002510492143,0.23422307730127745,0.0,0.0,0.0,-0.022420002510492143,0.02067800232907757
3.2960000000000003,0.0,0.0,0.4758136467034765,0.0,0.0,-0.2315372314918064,0.0,0.0,0.0,0.0,0.0,0.0,0.0,0.0,0.5,0.0,0.0,0.0,0.5,0.0,0.0,0.0,57.0610488164005,57.0610488164005,57.0610488164005,57.0610488164005,0.02418635329652352,0.2315372314918064,0.0,0.0,0.0,-0.02418635329652352,0.02122599835274741
3.3040000000000003,0.0,0.0,0.47410631838845496,0.0,0.0,-0.22791299306898302,0.0,0.0,0.0,0.0,0.0,0.0,0.0,0.0,0.5,0.0,0.0,0.0,0.5,0.0,0.0,0.0,57.0610488164005,57.0610488164005,57.0610488164005,57.0610488164005,0.02589368161154504,0.22791299306898302,0.0,0.0,0.0,-0.02589368161154504,0.019858998712152243
3.3120000000000003,0.0,0.0,0.472465691938081,0.0,0.0,-0.22334605571453486,0.0,0.0,0.0,0.0,0.0,0.0,0.0,0.0,0.5,0.0,0.0,0.0,0.5,0.0,0.0,0.0,57.0610488164005,57.0610488164005,57.0610488164005,57.0610488164005,0.027534308061918977,0.22334605571453486,0.0,0.0,0.0,-0.027534308061918977,0.02072600182145834
3.3200000000000003,0.0,0.0,0.4708994804587723,0.0,0.0,-0.21783213155434647,0.0,0.0,0.0,0.0,0.0,0.0,0.0,0.0,0.5,0.0,0.0,0.0,0.5,0.0,0.0,0.0,57.0610488164005,57.0610488164005,57.0610488164005,57.0610488164005,0.02910051954122772,0.21783213155434647,0.0,0.0,0.0,-0.02910051954122772,0.020360996131785214
3.3280000000000003,0.0,0.0,0.46941543072592273,0.0,0.0,-0.2113669485647158,0.0,0.0,0.0,0.0,0.0,0.0,0.0,0.0,0.5,0.0,0.0,0.0,0.5,0.0,0.0,0.0,57.0610488164005,57.0610488164005,57.0610488164005,57.0610488164005,0.030584569274077267,0.2113669485647158,0.0,0.0,0.0,-0.030584569274077267,0.0251380042755045
3.336,0.0,0.0,0.46802132314015676,0.0,0.0,-0.2039462484959238,0.0,0.0,0.0,0.0,0.0,0.0,0.0,0.0,0.5,0.0,0.0,0.0,0.5,0.0,0.0,0.0,57.0610488164005,57.0610488164005,57.0610488164005,57.0610488164005,0.031978676859843236,0.2039462484959238,0.0,0.0,0.0,-0.031978676859843236,0.01991200406337157
3.344,0.0,0.0,0.46672497168363936,0.0,0.0,-0.19556578520967424,0.0,0.0,0.0,0.0,0.0,0.0,0.0,0.0,0.5,0.0,0.0,0.0,0.5,0.0,0.0,0.0,57.0610488164005,57.0610488164005,57.0610488164005,57.0610488164005,0.033275028316360644,0.19556578520967424,0.0,0.0,0.0,-0.033275028316360644,0.020731000404339284
3.352,0.0,0.0,0.46553422387644366,0.0,0.0,-0.18622132334763167,0.0,0.0,0.0,0.0,0.0,0.0,0.0,0.0,0.5,0.0,0.0,0.0,0.5,0.0,0.0,0.0,57.0610488164005,57.0610488164005,57.0610488164005,57.0610488164005,0.034465776123556335,0.18622132334763167,0.0,0.0,0.0,-0.034465776123556335,0.04012499994132668
3.36,0.0,0.0,0.46445696073297477,0.0,0.0,-0.17590863726482778,0.0,0.0,0.0,0.0,0.0,0.0,0.0,0.0,0.5,0.0,0.0,0.0,0.5,0.0,0.0,0.0,57.0610488164005,57.0610488164005,57.0610488164005,57.0610488164005,0.035543039267025234,0.17590863726482778,0.0,0.0,0.0,-0.035543039267025234,0.023198997951112688
3.368,0.0,0.0,0.4635010967184503,0.0,0.0,-0.16462351017497384,0.0,0.0,0.0,0.0,0.0,0.0,0.0,0.0,0.5,0.0,0.0,0.0,0.5,0.0,0.0,0.0,57.0610488164005,57.0610488164005,57.0610488164005,57.0610488164005,0.0364989032815497,0.16462351017497384,0.0,0.0,0.0,-0.0364989032815497,0.020683000911958516
3.376,0.0,0.0,0.4626745797054377,0.0,0.0,-0.1523617334652945,0.0,0.0,0.0,0.0,0.0,0.0,0.0,0.0,0.5,0.0,0.0,0.0,0.5,0.0,0.0,0.0,57.0610488164005,57.0610488164005,57.0610488164005,57.0610488164005,0.03732542029456232,0.1523617334652945,0.0,0.0,0.0,-0.03732542029456232,0.061917999119032174
3.384,0.0,0.0,0.4619853909304477,0.0,0.0,-0.13911910614698478,0.0,0.0,0.0,0.0,0.0,0.0,0.0,0.0,0.5,0.0,0.0,0.0,0.5,0.0,0.0,0.0,57.0610488164005,57.0610488164005,57.0610488164005,57.0610488164005,0.038014609069552285,0.13911910614698478,0.0,0.0,0.0,-0.038014609069552285,0.029463000828400254
3.392,0.0,0.0,0.4614415449505845,0.0,0.0,-0.12489143441416865,0.0,0.0,0.0,0.0,0.0,0.0,0.0,0.0,0.5,0.0,0.0,0.0,0.484119306149012,0.0,0.0,0.0,56.77325733195627,56.77325733195627,56.77325733195627,56.77325733195627,0.03855845504941552,0.12489143441416865,0.0,0.0,0.0,-0.03855845504941552,0.050426999223418534
3.4,0.0,0.0,0.46105108960025176,0.0,0.0,-0.1096745312896529,0.0,0.0,0.0,0.0,0.0,0.0,0.0,0.0,0.5,0.0,0.0,0.0,0.43532770677271604,0.0,0.0,0.0,55.88905120439853,55.88905120439853,55.88905120439853,55.88905120439853,0.03894891039974824,0.1096745312896529,0.0,0.0,0.0,-0.03894891039974824,0.039574006223119795
3.408,0.0,0.0,0.4608221059479156,0.0,0.0,-0.09346421634012597,0.0,0.0,0.0,0.0,0.0,0.0,0.0,0.0,0.5,0.0,0.0,0.0,0.38298269282299585,0.0,0.0,0.0,54.940449751011364,54.940449751011364,54.940449751011364,54.940449751011364,0.03917789405208438,0.09346421634012597,0.0,0.0,0.0,-0.03917789405208438,0.07926199759822339
3.416,0.0,0.0,0.4607627082529231,0.0,0.0,-0.0762563154469139,0.0,0.0,0.0,0.0,0.0,0.0,0.0,0.0,0.5,0.0,0.0,0.0,0.3270551657347853,0.0,0.0,0.0,53.92692564475769,53.92692564475769,53.92692564475769,53.92692564475769,0.03923729174707691,0.0762563154469139,0.0,0.0,0.0,-0.03923729174707691,0.04680399433709681
3.424,0.0,0.0,0.4608810439223772,0.0,0.0,-0.058046660621177915,0.0,0.0,0.0,0.0,0.0,0.0,0.0,0.0,0.5,0.0,0.0,0.0,0.2675155297605894,0.0,0.0,0.0,52.84794254861188,52.84794254861188,52.84794254861188,52.84794254861188,0.03911895607762278,0.058046660621177915,0.0,0.0,0.0,-0.03911895607762278,0.2412590038147755
3.432,0.0,0.0,0.4611852934680678,0.0,0.0,-0.03883108985467778,0.0,0.0,0.0,0.0,0.0,0.0,0.0,0.0,0.5,0.0,0.0,0.0,0.20433414351171186,0.0,0.0,0.0,51.702963298434014,51.702963298434014,51.702963298434014,51.702963298434014,0.0388147065319322,0.03883108985467778,0.0,0.0,0.0,-0.0388147065319322,0.18207100220024586
3.44,0.0,0.0,0.46168367046345826,0.0,0.0,-0.018605446998980753,0.0,0.0,0.0,0.0,0.0,0.0,0.0,0.0,0.5,0.0,0.0,0.0,0.13748131967193028,0.0,0.0,0.0,50.491449897781045,50.491449897781045,50.491449897781045,50.491449897781045,0.03831632953654174,0.018605446998980753,0.0,0.0,0.0,-0.03831632953654174,0.07562099926872179
3.448,0.0,0.0,0.46238442150072845,0.0,0.0,0.0026344183325700387,0.0,0.0,0.0,0.0,0.0,0.0,0.0,0.0,0.5,0.0,0.0,0.0,0.0669273247626816,0.0,0.0,0.0,49.2128635136515,49.2128635136515,49.2128635136515,49.2128635136515,0.03761557849927155,0.0026344183325700387,0.0,0.0,0.0,-0.03761557849927155,0.08581400470575318
3.456,0.0,0.0,0.46329582614787324,0.0,0.0,0.024892650844675682,0.0,0.0,0.0,0.0,0.0,0.0,0.0,0.0,0.5,0.0,0.0,0.0,-0.007357621032544115,0.0,0.0,0.0,47.86666447330308,47.86666447330308,47.86666447330308,47.86666447330308,0.036704173852126765,0.024892650844675682,0.0,0.0,0.0,-0.036704173852126765,0.04986499698134139
3.464,0.0,0.0,0.46442619690585674,0.0,0.0,0.04817338962532804,0.0,0.0,0.0,0.0,0.0,0.0,0.0,0.0,0.5,0.0,0.0,0.0,-0.08540513022043328,0.0,0.0,0.0,46.45227989180322,46.45227989180322,46.45227989180322,46.45227989180322,0.035573803094143264,0.04817338962532804,0.0,0.0,0.0,-0.035573803094143264,0.07497800106648356
3.472,0.0,0.0,0.4657666630659739,0.0,0.0,0.07205036570319195,0.0,0.0,0.0,0.0,0.0,0.0,0.0,0.0,0.5,0.0,0.0,0.0,-0.16580598195942498,0.0,0.0,0.0,44.99524780682886,44.99524780682886,44.99524780682886,44.99524780682886,0.03423333693402608,0.07205036570319195,0.0,0.0,0.0,-0.03423333693402608,0.1684380040387623
3.48,0.0,0.0,0.4673084091359569,0.0,0.0,0.0961839443121279,0.0,0.0,0.0,0.0,0.0,0.0,0.0,0.0,0.5,0.0,0.0,0.0,-0.24743837888484504,0.0,0.0,0.0,43.51589753974683,43.51589753974683,43.51589753974683,43.51589753974683,0.03269159086404311,0.0961839443121279,0.0,0.0,0.0,-0.03269159086404311,0.04570999590214342
3.488,0.0,0.0,0.4690426747682317,0.0,0.0,0.12030379625657231,0.0,0.0,0.0,0.0,0.0,0.0,0.0,0.0,0.5,0.0,0.0,0.0,-0.32940465476774156,0.0,0.0,0.0,42.03049668559988,42.03049668559988,42.03049668559988,42.03049668559988,0.030957325231768307,0.12030379625657231,0.0,0.0,0.0,-0.030957325231768307,0.041582003177609295
3.496,0.0,0.0,0.4709607546882686,0.0,0.0,0.14419503500618025,0.0,0.0,0.0,0.0,0.0,0.0,0.0,0.0,0.5,0.0,0.0,0.0,-0.41098782379047955,0.0,0.0,0.0,40.55203853137652,40.55203853137652,40.55203853137652,40.55203853137652,0.02903924531173141,0.14419503500618025,0.0,0.0,0.0,-0.02903924531173141,0.07669699698453769
3.504,0.0,0.0,0.4730539986230251,0.0,0.0,0.16768712637385708,0.0,0.0,0.0,0.0,0.0,0.0,0.0,0.0,0.5,0.0,0.0,0.0,-0.4916154602119499,0.0,0.0,0.0,39.09089663224465,39.09089663224465,39.09089663224465,39.09089663224465,0.026946001376974893,0.16768712637385708,0.0,0.0,0.0,-0.026946001376974893,0.032878997444640845
3.512,0.0,0.0,0.4753138112294824,0.0,0.0,0.19064501626051814,0.0,0.0,0.0,0.0,0.0,0.0,0.0,0.0,0.5,0.0,0.0,0.0,-0.5708308020239394,0.0,0.0,0.0,37.65534847391207,37.65534847391207,37.65534847391207,37.65534847391207,0.024686188770517592,0.19064501626051814,0.0,0.0,0.0,-0.024686188770517592,0.028365997422952205
3.52,0.0,0.0,0.4777316520232743,0.0,0.0,0.21296203285321122,0.0,0.0,0.0,0.0,0.0,0.0,0.0,0.0,0.5,0.0,0.0,0.0,-0.6482696338558378,0.0,0.0,0.0,36.25199440288435,36.25199440288435,36.25199440288435,36.25199440288435,0.022268347976725722,0.21296203285321122,0.0,0.0,0.0,-0.022268347976725722,0.03649399877758697
3.528,0.0,0.0,0.48029903530740886,0.0,0.0,0.23455420838593352,0.0,0.0,0.0,0.0,0.0,0.0,0.0,0.0,0.5,0.0,0.0,0.0,-0.7236417932780719,0.0,0.0,0.0,34.886092771039586,34.886092771039586,34.886092771039586,34.886092771039586,0.01970096469259114,0.23455420838593352,0.0,0.0,0.0,-0.01970096469259114,0.036485995224211365
3.536,0.0,0.0,0.48300753010108316,0.0,0.0,0.25535573655060423,0.0,0.0,0.0,0.0,0.0,0.0,0.0,0.0,0.5,0.0,0.0,0.0,-0.7967147022889461,0.0,0.0,0.0,33.56185837963174,33.56185837963174,33.56185837963174,33.56185837963174,0.01699246989891684,0.25535573655060423,0.0,0.0,0.0,-0.01699246989891684,0.028647998988162726
3.544,0.0,0.0,0.48584876006858996,0.0,0.0,0.27531533842815326,0.0,0.0,0.0,0.0,0.0,0.0,0.0,0.0,0.5,0.0,0.0,0.0,-0.8673082819574154,0.0,0.0,0.0,32.28255463663082,32.28255463663082,32.28255463663082,32.28255463663082,0.014151239931410042,0.27531533842815326,0.0,0.0,0.0,-0.014151239931410042,0.025095003366004676
3.552,0.0,0.0,0.4888144034483169,0.0,0.0,0.29439335523569593,0.0,0.0,0.0,0.0,0.0,0.0,0.0,0.0,0.5,0.0,0.0,0.0,-0.9352752763780696,0.0,0.0,0.0,31.05085012793168,31.05085012793168,31.05085012793168,31.05085012793168,0.011185596551683108,0.29439335523569593,0.0,0.0,0.0,-0.011185596551683108,0.03547099913703278
3.56,0.0,0.0,0.4918961929818382,0.0,0.0,0.3125594225265888,0.0,0.0,0.0,0.0,0.0,0.0,0.0,0.0,0.5,0.0,0.0,0.0,-1.0,0.0,0.0,0.0,29.877902367199002,29.877902367199002,29.877902367199002,29.877902367199002,0.008103807018161824,0.3125594225265888,0.0,0.0,0.0,-0.008103807018161824,0.02724399382714182
3.568,0.0,0.0,0.49508591584309813,0.0,0.0,0.32979060955276995,0.0,0.0,0.0,0.0,0.0,0.0,0.0,0.0,0.5,0.0,0.0,0.0,-1.0,0.0,0.0,0.0,29.877902367199002,29.877902367199002,29.877902367199002,29.877902367199002,0.004914084156901866,0.32979060955276995,0.0,0.0,0.0,-0.004914084156901866,0.03729899617610499
3.576,0.0,0.0,0.4983754135676869,0.0,0.0,0.3460699307569347,0.0,0.0,0.0,0.0,0.0,0.0,0.0,0.0,0.5,0.0,0.0,0.0,-1.0,0.0,0.0,0.0,29.877902367199002,29.877902367199002,29.877902367199002,29.877902367199002,0.0016245864323131132,0.3460699307569347,0.0,0.0,0.0,-0.0016245864323131132,0.03207700501661748
3.584,0.0,0.0,0.501756581982208,0.0,0.0,0.3613851549685746,0.0,0.0,0.0,0.0,0.0,0.0,0.0,0.0,0.5,0.0,0.0,0.0,-1.0,0.0,0.0,0.0,29.877902367199002,29.877902367199002,29.877902367199002,29.877902367199002,0.001756581982207961,0.3613851549685746,0.0,0.0,0.0,0.001756581982207961,0.03680500230984762
3.592,0.0,0.0,0.5052213711337377,0.0,0.0,0.37572785276310217,0.0,0.0,0.0,0.0,0.0,0.0,0.0,0.0,0.5,0.0,0.0,0.0,-1.0,0.0,0.0,0.0,29.877902367199002,29.877902367199002,29.877902367199002,29.877902367199002,0.005221371133737662,0.37572785276310217,0.0,0.0,0.0,0.005221371133737662,0.06613100413233042
3.6,0.0,0.0,0.5087617852193758,0.0,0.0,0.3890926343514342,0.0,0.0,0.0,0.0,0.0,0.0,0.0,0.0,0.5,0.0,0.0,0.0,-1.0,0.0,0.0,0.0,29.877902367199002,29.877902367199002,29.877902367199002,29.877902367199002,0.008761785219375762,0.3890926343514342,0.0,0.0,0.0,0.008761785219375762,0.06921000021975487
3.608,0.0,0.0,0.5123698825158883,0.0,0.0,0.40147653989396154,0.0,0.0,0.0,0.0,0.0,0.0,0.0,0.0,0.5,0.0,0.0,0.0,-1.0,0.0,0.0,0.0,29.877902367199002,29.877902367199002,29.877902367199002,29.877902367199002,0.01236988251588833,0.40147653989396154,0.0,0.0,0.0,0.01236988251588833,0.05169100040802732
3.616,0.0,0.0,0.5160377753094415,0.0,0.0,0.4128785517539985,0.0,0.0,0.0,0.0,0.0,0.0,0.0,0.0,0.5,0.0,0.0,0.0,-1.0,0.0,0.0,0.0,29.877902367199002,29.877902367199002,29.877902367199002,29.877902367199002,0.016037775309441504,0.4128785517539985,0.0,0.0,0.0,0.016037775309441504,0.05958900146652013
3.624,0.0,0.0,0.519757629825427,0.0,0.0,0.42329920430283485,0.0,0.0,0.0,0.0,0.0,0.0,0.0,0.0,0.5,0.0,0.0,0.0,-1.0,0.0,0.0,0.0,29.877902367199002,29.877902367199002,29.877902367199002,29.877902367199002,0.019757629825426948,0.42329920430283485,0.0,0.0,0.0,0.019757629825426948,0.22656000510323793
3.632,0.0,0.0,0.5235216661583779,0.0,0.0,0.43274027176604213,0.0,0.0,0.0,0.0,0.0,0.0,0.0,0.0,0.5,0.0,0.0,0.0,-1.0,0.0,0.0,0.0,29.877902367199002,29.877902367199002,29.877902367199002,29.877902367199002,0.02352166615837792,0.43274027176604213,0.0,0.0,0.0,0.02352166615837792,0.057614997786004096
3.64,0.0,0.0,0.5273221582019769,0.0,0.0,0.44120451850280873,0.0,0.0,0.0,0.0,0.0,0.0,0.0,0.0,0.5,0.0,0.0,0.0,-1.0,0.0,0.0,0.0,29.877902367199002,29.877902367199002,29.877902367199002,29.877902367199002,0.02732215820197692,0.44120451850280873,0.0,0.0,0.0,0.02732215820197692,0.0872329983394593
3.648,0.0,0.0,0.5311514335791541,0.0,0.0,0.4486954992316755,0.0,0.0,0.0,0.0,0.0,0.0,0.0,0.0,0.5,0.0,0.0,0.0,-1.0,0.0,0.0,0.0,29.877902367199002,29.877902367199002,29.877902367199002,29.877902367199002,0.031151433579154064,0.4486954992316755,0.0,0.0,0.0,0.031151433579154064,0.05765499372500926
3.656,0.0,0.0,0.5350018735722765,0.0,0.0,0.4552173992134003,0.0,0.0,0.0,0.0,0.0,0.0,0.0,0.0,0.5,0.0,0.0,0.0,-1.0,0.0,0.0,0.0,29.877902367199002,29.877902367199002,29.877902367199002,29.877902367199002,0.035001873572276465,0.4552173992134003,0.0,0.0,0.0,0.035001873572276465,0.08008300210349262
3.664,0.0,0.0,0.5388659130534279,0.0,0.0,0.46077490639950613,0.0,0.0,0.0,0.0,0.0,0.0,0.0,0.0,0.5,0.0,0.0,0.0,-1.0,0.0,0.0,0.0,29.877902367199002,29.877902367199002,29.877902367199002,29.877902367199002,0.0388659130534279,0.46077490639950613,0.0,0.0,0.0,0.0388659130534279,0.21078300051158294
3.672,0.0,0.0,0.5427360404147796,0.0,0.0,0.465373109153398,0.0,0.0,0.0,0.0,0.0,0.0,0.0,0.0,0.5,0.0,0.0,0.0,-1.0,0.0,0.0,0.0,29.877902367199002,29.877902367199002,29.877902367199002,29.877902367199002,0.04273604041477963,0.465373109153398,0.0,0.0,0.0,0.04273604041477963,0.1035290042636916
3.68,0.0,0.0,0.5466047974990511,0.0,0.0,0.4690174144295053,0.0,0.0,0.0,0.0,0.0,0.0,0.0,0.0,0.5,0.0,0.0,0.0,-1.0,0.0,0.0,0.0,29.877902367199002,29.877902367199002,29.877902367199002,29.877902367199002,0.04660479749905111,0.4690174144295053,0.0,0.0,0.0,0.04660479749905111,0.06255100015550852
3.688,0.0,0.0,0.5504647795300616,0.0,0.0,0.47171348231886556,0.0,0.0,0.0,0.0,0.0,0.0,0.0,0.0,0.5,0.0,0.0,0.0,-1.0,0.0,0.0,0.0,29.877902367199002,29.877902367199002,29.877902367199002,29.877902367199002,0.050464779530061565,0.47171348231886556,0.0,0.0,0.0,0.050464779530061565,0.07363900658674538
3.696,0.0,0.0,0.5543086350433715,0.0,0.0,0.47346717368783997,0.0,0.0,0.0,0.0,0.0,0.0,0.0,0.0,0.5,0.0,0.0,0.0,-1.0,0.0,0.0,0.0,29.877902367199002,29.877902367199002,29.877902367199002,29.877902367199002,0.05430863504337147,0.47346717368783997,0.0,0.0,0.0,0.05430863504337147,0.13720000424655154
3.704,0.0,0.0,0.5581290658170143,0.0,0.0,0.47428450829134194,0.0,0.0,0.0,0.0,0.0,0.0,0.0,0.0,0.5,0.0,0.0,0.0,-1.0,0.0,0.0,0.0,29.877902367199002,29.877902367199002,29.877902367199002,29.877902367199002,0.05812906581701427,0.47428450829134194,0.0,0.0,0.0,0.05812906581701427,0.190077000297606
3.712,0.0,0.0,0.5619188268023181,0.0,0.0,0.47417163126566886,0.0,0.0,0.0,0.0,0.0,0.0,0.0,0.0,0.5,0.0,0.0,0.0,-1.0,0.0,0.0,0.0,29.877902367199002,29.877902367199002,29.877902367199002,29.877902367199002,0.06191882680231808,0.47417163126566886,0.0,0.0,0.0,0.06191882680231808,0.11194199760211632
3.72,0.0,0.0,0.5656707260548173,0.0,0.0,0.4731347863250148,0.0,0.0,0.0,0.0,0.0,0.0,0.0,0.0,0.5,0.0,0.0,0.0,-1.0,0.0,0.0,0.0,29.877902367199002,29.877902367199002,29.877902367199002,29.877902367199002,0.06567072605481727,0.4731347863250148,0.0,0.0,0.0,0.06567072605481727,0.08483899728162214
3.728,0.0,0.0,0.5693776246652539,0.0,0.0,0.47118029432092695,0.0,0.0,0.0,0.0,0.0,0.0,0.0,0.0,0.5,0.0,0.0,0.0,-1.0,0.0,0.0,0.0,29.877902367199002,29.877902367199002,29.877902367199002,29.877902367199002,0.06937762466525388,0.47118029432092695,0.0,0.0,0.0,0.06937762466525388,0.08848399738781154
3.736,0.0,0.0,0.5730324366906685,0.0,0.0,0.4683145360921071,0.0,0.0,0.0,0.0,0.0,0.0,0.0,0.0,0.5,0.0,0.0,0.0,-1.0,0.0,0.0,0.0,29.877902367199002,29.877902367199002,29.877902367199002,29.877902367199002,0.0730324366906685,0.4683145360921071,0.0,0.0,0.0,0.0730324366906685,0.11825100227724761
3.744,0.0,0.0,0.5766281290855809,0.0,0.0,0.46454393874649613,0.0,0.0,0.0,0.0,0.0,0.0,0.0,0.0,0.5,0.0,0.0,0.0,-1.0,0.0,0.0,0.0,29.877902367199002,29.877902367199002,29.877902367199002,29.877902367199002,0.07662812908558092,0.46454393874649613,0.0,0.0,0.0,0.07662812908558092,0.06574500002898276
3.7520000000000002,0.0,0.0,0.58015772163326,0.0,0.0,0.4598749646891728,0.0,0.0,0.0,0.0,0.0,0.0,0.0,0.0,0.5,0.0,0.0,0.0,-1.0,0.0,0.0,0.0,29.877902367199002,29.877902367199002,29.877902367199002,29.877902367199002,0.08015772163325996,0.4598749646891728,0.0,0.0,0.0,0.08015772163325996,0.06970799586270005
3.7600000000000002,0.0,0.0,0.5836142868770829,0.0,0.0,0.4543141028469128,0.0,0.0,0.0,0.0,0.0,0.0,0.0,0.0,0.5,0.0,0.0,0.0,-1.0,0.0,0.0,0.0,29.877902367199002,29.877902367199002,29.877902367199002,29.877902367199002,0.08361428687708294,0.4543141028469128,0.0,0.0,0.0,0.08361428687708294,0.027245005185250193
3.7680000000000002,0.0,0.0,0.5869909500519839,0.0,0.0,0.44786786165005343,0.0,0.0,0.0,0.0,0.0,0.0,0.0,0.0,0.5,0.0,0.0,0.0,-1.0,0.0,0.0,0.0,29.877902367199002,29.877902367199002,29.877902367199002,29.877902367199002,0.08699095005198387,0.44786786165005343,0.0,0.0,0.0,0.08699095005198387,0.03997900057584047
3.7760000000000002,0.0,0.0,0.5902808890159913,0.0,0.0,0.44054276342022824,0.0,0.0,0.0,0.0,0.0,0.0,0.0,0.0,0.5,0.0,0.0,0.0,-1.0,0.0,0.0,0.0,29.877902367199002,29.877902367199002,29.877902367199002,29.877902367199002,0.0902808890159913,0.44054276342022824,0.0,0.0,0.0,0.0902808890159913,0.03894099791068584
3.7840000000000003,0.0,0.0,0.5934773341818542,0.0,0.0,0.43234533988275575,0.0,0.0,0.0,0.0,0.0,0.0,0.0,0.0,0.5,0.0,0.0,0.0,-1.0,0.0,0.0,0.0,29.877902367199002,29.877902367199002,29.877902367199002,29.877902367199002,0.09347733418185422,0.43234533988275575,0.0,0.0,0.0,0.09347733418185422,0.06978899909881875
3.7920000000000003,0.0,0.0,0.5965735684487581,0.0,0.0,0.42328212857880115,0.0,0.0,0.0,0.0,0.0,0.0,0.0,0.0,0.5,0.0,0.0,0.0,-1.0,0.0,0.0,0.0,29.877902367199002,29.877902367199002,29.877902367199002,29.877902367199002,0.09657356844875808,0.42328212857880115,0.0,0.0,0.0,0.09657356844875808,0.02700599725358188
3.8000000000000003,0.0,0.0,0.5995629271341283,0.0,0.0,0.41335966999729595,0.0,0.0,0.0,0.0,0.0,0.0,0.0,0.0,0.5,0.0,0.0,0.0,-1.0,0.0,0.0,0.0,29.877902367199002,29.877902367199002,29.877902367199002,29.877902367199002,0.09956292713412829,0.41335966999729595,0.0,0.0,0.0,0.09956292713412829,0.03808500332525
3.8080000000000003,0.0,0.0,0.6024387979055229,0.0,0.0,0.4025845052827022,0.0,0.0,0.0,0.0,0.0,0.0,0.0,0.0,0.5,0.0,0.0,0.0,-1.0,0.0,0.0,0.0,29.877902367199002,29.877902367199002,29.877902367199002,29.877902367199002,0.1024387979055229,0.4025845052827022,0.0,0.0,0.0,0.1024387979055229,0.03032400127267465
3.8160000000000003,0.0,0.0,0.6051946207126141,0.0,0.0,0.39096317440344147,0.0,0.0,0.0,0.0,0.0,0.0,0.0,0.0,0.5,0.0,0.0,0.0,-1.0,0.0,0.0,0.0,29.877902367199002,29.877902367199002,29.877902367199002,29.877902367199002,0.1051946207126141,0.39096317440344147,0.0,0.0,0.0,0.1051946207126141,0.0338019963237457
3.8240000000000003,0.0,0.0,0.6078238877192572,0.0,0.0,0.37850221468883116,0.0,0.0,0.0,0.0,0.0,0.0,0.0,0.0,0.5,0.0,0.0,0.0,-1.0,0.0,0.0,0.0,29.877902367199002,29.877902367199002,29.877902367199002,29.877902367199002,0.10782388771925722,0.37850221468883116,0.0,0.0,0.0,0.10782388771925722,0.027998998120892793
3.8320000000000003,0.0,0.0,0.6103201432356489,0.0,0.0,0.36520815966085624,0.0,0.0,0.0,0.0,0.0,0.0,0.0,0.0,0.5,0.0,0.0,0.0,-1.0,0.0,0.0,0.0,29.877902367199002,29.877902367199002,29.877902367199002,29.877902367199002,0.11032014323564887,0.36520815966085624,0.0,0.0,0.0,0.11032014323564887,0.06395600212272257
3.84,0.0,0.0,0.6126769836505728,0.0,0.0,0.3510875381017857,0.0,0.0,0.0,0.0,0.0,0.0,0.0,0.0,0.5,0.0,0.0,0.0,-1.0,0.0,0.0,0.0,29.877902367199002,29.877902367199002,29.877902367199002,29.877902367199002,0.11267698365057277,0.3510875381017857,0.0,0.0,0.0,0.11267698365057277,0.059402002079878
3.848,0.0,0.0,0.6148880573637336,0.0,0.0,0.33614687331045034,0.0,0.0,0.0,0.0,0.0,0.0,0.0,0.0,0.5,0.0,0.0,0.0,-1.0,0.0,0.0,0.0,29.877902367199002,29.877902367199002,29.877902367199002,29.877902367199002,0.11488805736373364,0.33614687331045034,0.0,0.0,0.0,0.11488805736373364,0.0933800038183108
3.856,0.0,0.0,0.6169470647181791,0.0,0.0,0.3203926825094957,0.0,0.0,0.0,0.0,0.0,0.0,0.0,0.0,0.5,0.0,0.0,0.0,-1.0,0.0,0.0,0.0,29.877902367199002,29.877902367199002,29.877902367199002,29.877902367199002,0.11694706471817906,0.3203926825094957,0.0,0.0,0.0,0.11694706471817906,0.05020299431635067
3.864,0.0,0.0,0.6188477579328091,0.0,0.0,0.3038314763733476,0.0,0.0,0.0,0.0,0.0,0.0,0.0,0.0,0.5,0.0,0.0,0.0,-1.0,0.0,0.0,0.0,29.877902367199002,29.877902367199002,29.877902367199002,29.877902367199002,0.1188477579328091,0.3038314763733476,0.0,0.0,0.0,0.1188477579328091,0.1843049976741895
3.872,0.0,0.0,0.6205839410349738,0.0,0.0,0.28646975865279617,0.0,0.0,0.0,0.0,0.0,0.0,0.0,0.0,0.5,0.0,0.0,0.0,-1.0,0.0,0.0,0.0,29.877902367199002,29.877902367199002,29.877902367199002,29.877902367199002,0.12058394103497383,0.28646975865279617,0.0,0.0,0.0,0.12058394103497383,0.14316199667518958
3.88,0.0,0.0,0.6221494697931581,0.0,0.0,0.26831402587684383,0.0,0.0,0.0,0.0,0.0,0.0,0.0,0.0,0.5,0.0,0.0,0.0,-1.0,0.0,0.0,0.0,29.877902367199002,29.877902367199002,29.877902367199002,29.877902367199002,0.1221494697931581,0.26831402587684383,0.0,0.0,0.0,0.1221494697931581,0.14002399984747171
3.888,0.0,0.0,0.6235382516497541,0.0,0.0,0.2493707671163742,0.0,0.0,0.0,0.0,0.0,0.0,0.0,0.0,0.5,0.0,0.0,0.0,-1.0,0.0,0.0,0.0,29.877902367199002,29.877902367199002,29.877902367199002,29.877902367199002,0.12353825164975407,0.2493707671163742,0.0,0.0,0.0,0.12353825164975407,0.0477680005133152
3.896,0.0,0.0,0.624744245653921,0.0,0.0,0.22964646379727127,0.0,0.0,0.0,0.0,0.0,0.0,0.0,0.0,0.5,0.0,0.0,0.0,-0.9916985701910274,0.0,0.0,0.0,30.028341688689046,30.028341688689046,30.028341688689046,30.028341688689046,0.12474424565392095,0.22964646379727127,0.0,0.0,0.0,0.12474424565392095,0.12393100041663274
3.904,0.0,0.0,0.625761462394532,0.0,0.0,0.2091475895530935,0.0,0.0,0.0,0.0,0.0,0.0,0.0,0.0,0.5,0.0,0.0,0.0,-0.9269356412909298,0.0,0.0,0.0,31.201981809202767,31.201981809202767,31.201981809202767,31.201981809202767,0.125761462394532,0.2091475895530935,0.0,0.0,0.0,0.125761462394532,0.44311700185062364
3.912,0.0,0.0,0.6265839639332084,0.0,0.0,0.1878806101093837,0.0,0.0,0.0,0.0,0.0,0.0,0.0,0.0,0.5,0.0,0.0,0.0,-0.8592886243190518,0.0,0.0,0.0,32.427887655334885,32.427887655334885,32.427887655334885,32.427887655334885,0.12658396393320837,0.1878806101093837,0.0,0.0,0.0,0.12658396393320837,0.041441002395004034
3.92,0.0,0.0,0.6272058637374406,0.0,0.0,0.1658519831933124,0.0,0.0,0.0,0.0,0.0,0.0,0.0,0.0,0.5,0.0,0.0,0.0,-0.7887665322651309,0.0,0.0,0.0,33.705895892805415,33.705895892805415,33.705895892805415,33.705895892805415,0.12720586373744058,0.1658519831933124,0.0,0.0,0.0,0.12720586373744058,0.02548100019339472
3.928,0.0,0.0,0.6276299871757297,0.0,0.0,0.14328467251187807,0.0,0.0,0.0,0.0,0.0,0.0,0.0,0.0,0.5,0.0,0.0,0.0,-0.7161010630277385,0.0,0.0,0.0,35.02274662085874,35.02274662085874,35.02274662085874,35.02274662085874,0.1276299871757297,0.14328467251187807,0.0,0.0,0.0,0.1276299871757297,0.04163200355833396
3.936,0.0,0.0,0.6278627490366401,0.0,0.0,0.12044678453226168,0.0,0.0,0.0,0.0,0.0,0.0,0.0,0.0,0.5,0.0,0.0,0.0,-0.6421780212894136,0.0,0.0,0.0,36.36238720055429,36.36238720055429,36.36238720055429,36.36238720055429,0.12786274903664008,0.12044678453226168,0.0,0.0,0.0,0.12786274903664008,0.03188800474163145
3.944,0.0,0.0,0.6279105994646255,0.0,0.0,0.09755368832544398,0.0,0.0,0.0,0.0,0.0,0.0,0.0,0.0,0.5,0.0,0.0,0.0,-0.5677115337465903,0.0,0.0,0.0,37.71187615817709,37.71187615817709,37.71187615817709,37.71187615817709,0.12791059946462546,0.09755368832544398,0.0,0.0,0.0,0.12791059946462546,0.02638500154716894
3.952,0.0,0.0,0.627780023914091,0.0,0.0,0.07477856189699475,0.0,0.0,0.0,0.0,0.0,0.0,0.0,0.0,0.5,0.0,0.0,0.0,-0.49327838292662907,0.0,0.0,0.0,39.06076098445343,39.06076098445343,39.06076098445343,39.06076098445343,0.12778002391409105,0.07477856189699475,0.0,0.0,0.0,0.12778002391409105,0.02494700311217457
3.96,0.0,0.0,0.6274775431035149,0.0,0.0,0.05226082925319192,0.0,0.0,0.0,0.0,0.0,0.0,0.0,0.0,0.5,0.0,0.0,0.0,-0.4193454860814228,0.0,0.0,0.0,40.400580159358064,40.400580159358064,40.400580159358064,40.400580159358064,0.1274775431035149,0.05226082925319192,0.0,0.0,0.0,0.1274775431035149,0.0410879947594367
3.968,0.0,0.0,0.6270097129696293,0.0,0.0,0.03011291005541287,0.0,0.0,0.0,0.0,0.0,0.0,0.0,0.0,0.5,0.0,0.0,0.0,-0.34629187829034996,0.0,0.0,0.0,41.72446477217623,41.72446477217623,41.72446477217623,41.72446477217623,0.12700971296962926,0.03011291005541287,0.0,0.0,0.0,0.12700971296962926,0.07051200373098254
3.976,0.0,0.0,0.626383124621661,0.0,0.0,0.008425619345124091,0.0,0.0,0.0,0.0,0.0,0.0,0.0,0.0,0.5,0.0,0.0,0.0,-0.2744262989295403,0.0,0.0,0.0,43.02681981779064,43.02681981779064,43.02681981779064,43.02681981779064,0.126383124621661,0.008425619345124091,0.0,0.0,0.0,0.126383124621661,0.05479800165630877
3.984,0.0,0.0,0.6256044042956319,0.0,0.0,-0.01272751267462829,0.0,0.0,0.0,0.0,0.0,0.0,0.0,0.0,0.5,0.0,0.0,0.0,-0.20400126083429415,0.0,0.0,0.0,44.30306923394642,44.30306923394642,44.30306923394642,44.30306923394642,0.1256044042956319,0.01272751267462829,0.0,0.0,0.0,0.1256044042956319,0.06340000254567713
3.992,0.0,0.0,0.6246802133087183,0.0,0.0,-0.03328678481254395,0.0,0.0,0.0,0.0,0.0,0.0,0.0,0.0,0.5,0.0,0.0,0.0,-0.13522430561598653,0.0,0.0,0.0,45.54945193129937,45.54945193129937,45.54945193129937,45.54945193129937,0.12468021330871826,0.03328678481254395,0.0,0.0,0.0,0.12468021330871826,0.04194899520371109
4.0,0.0,0.0,0.6236172480136697,0.0,0.0,-0.053203560226249336,0.0,0.0,0.0,0.0,0.0,0.0,0.0,0.0,0.5,0.0,0.0,0.0,-0.068267007902576,0.0,0.0,0.0,46.76285861769032,46.76285861769032,46.76285861769032,46.76285861769032,0.12361724801366969,0.053203560226249336,0.0,0.0,0.0,0.12361724801366969,0.036894001823384315
4.008,0.0,0.0,0.622422239753287,0.0,0.0,-0.07243805469056588,0.0,0.0,0.0,0.0,0.0,0.0,0.0,0.0,0.5,0.0,0.0,0.0,-0.0032721787180105544,0.0,0.0,0.0,47.94070125780024,47.94070125780024,47.94070125780024,47.94070125780024,0.12242223975328703,0.07243805469056588,0.0,0.0,0.0,0.12242223975328703,0.07017600000835955
4.016,0.0,0.0,0.6211019548149596,0.0,0.0,-0.09095756721063958,0.0,0.0,0.0,0.0,0.0,0.0,0.0,0.0,0.5,0.0,0.0,0.0,0.05964037182719584,0.0,0.0,0.0,49.080808641108995,49.080808641108995,49.080808641108995,49.080808641108995,0.12110195481495956,0.09095756721063958,0.0,0.0,0.0,0.12110195481495956,0.14037700020708144
4.024,0.0,0.0,0.6196631943852614,0.0,0.0,-0.10873506451096537,0.0,0.0,0.0,0.0,0.0,0.0,0.0,0.0,0.5,0.0,0.0,0.0,0.12036922439644993,0.0,0.0,0.0,50.181342836496995,50.181342836496995,50.181342836496995,50.181342836496995,0.1196631943852614,0.10873506451096537,0.0,0.0,0.0,0.1196631943852614,0.04037200415041298
4.032,0.0,0.0,0.6181127945046068,0.0,0.0,-0.12574804862513828,0.0,0.0,0.0,0.0,0.0,0.0,0.0,0.0,0.5,0.0,0.0,0.0,0.1788276623284234,0.0,0.0,0.0,51.24073235616126,51.24073235616126,51.24073235616126,51.24073235616126,0.11811279450460677,0.12574804862513828,0.0,0.0,0.0,0.11811279450460677,0.05777299520559609
4.04,0.0,0.0,0.6164576260219639,0.0,0.0,-0.14197765096618334,0.0,0.0,0.0,0.0,0.0,0.0,0.0,0.0,0.5,0.0,0.0,0.0,0.23494072117105952,0.0,0.0,0.0,52.25761868698262,52.25761868698262,52.25761868698262,52.25761868698262,0.11645762602196386,0.14197765096618334,0.0,0.0,0.0,0.11645762602196386,0.10369899973738939
4.048,0.0,0.0,0.6147045945496283,0.0,0.0,-0.15740790758133463,0.0,0.0,0.0,0.0,0.0,0.0,0.0,0.0,0.5,0.0,0.0,0.0,0.2886428283216315,0.0,0.0,0.0,53.230813515852425,53.230813515852425,53.230813515852425,53.230813515852425,0.11470459454962834,0.15740790758133463,0.0,0.0,0.0,0.11470459454962834,0.06534700514748693
4.056,0.0,0.0,0.6128606404180548,0.0,0.0,-0.17202517935440684,0.0,0.0,0.0,0.0,0.0,0.0,0.0,0.0,0.5,0.0,0.0,0.0,0.3398759147517344,0.0,0.0,0.0,54.159264510168484,54.159264510168484,54.159264510168484,54.159264510168484,0.11286064041805477,0.17202517935440684,0.0,0.0,0.0,0.11286064041805477,0.04721000004792586
4.064,0.0,0.0,0.6109327386307472,0.0,0.0,-0.18581768816621586,0.0,0.0,0.0,0.0,0.0,0.0,0.0,0.0,0.5,0.0,0.0,0.0,0.3885879044001196,0.0,0.0,0.0,55.04202794246451,55.04202794246451,55.04202794246451,55.04202794246451,0.11093273863074715,0.18581768816621586,0.0,0.0,0.0,0.11093273863074715,0.057449004088994116
4.072,0.0,0.0,0.6089278988192082,0.0,0.0,-0.19877514582144723,0.0,0.0,0.0,0.0,0.0,0.0,0.0,0.0,0.5,0.0,0.0,0.0,0.4347315056998047,0.0,0.0,0.0,55.878246790346445,55.878246790346445,55.878246790346445,55.878246790346445,0.10892789881920817,0.19877514582144723,0.0,0.0,0.0,0.10892789881920817,0.08685599459568039
4.08,0.0,0.0,0.6068531651979464,0.0,0.0,-0.21088845718870175,0.0,0.0,0.0,0.0,0.0,0.0,0.0,0.0,0.5,0.0,0.0,0.0,0.4782632448126431,0.0,0.0,0.0,56.66713321667493,56.66713321667493,56.66713321667493,56.66713321667493,0.10685316519794641,0.21088845718870175,0.0,0.0,0.0,0.10685316519794641,0.06635099998675287
4.088,0.0,0.0,0.6047156165195429,0.0,0.0,-0.22214948271105,0.0,0.0,0.0,0.0,0.0,0.0,0.0,0.0,0.5,0.0,0.0,0.0,0.5,0.0,0.0,0.0,57.0610488164005,57.0610488164005,57.0610488164005,57.0610488164005,0.10471561651954286,0.22214948271105,0.0,0.0,0.0,0.10471561651954286,0.1341720053460449
4.096,0.0,0.0,0.6025223660297752,0.0,0.0,-0.23255084841303264,0.0,0.0,0.0,0.0,0.0,0.0,0.0,0.0,0.5,0.0,0.0,0.0,0.5,0.0,0.0,0.0,57.0610488164005,57.0610488164005,57.0610488164005,57.0610488164005,0.10252236602977516,0.23255084841303264,0.0,0.0,0.0,0.10252236602977516,0.1493319941801019
4.104,0.0,0.0,0.6002805614228004,0.0,0.0,-0.24208579390479512,0.0,0.0,0.0,0.0,0.0,0.0,0.0,0.0,0.5,0.0,0.0,0.0,0.5,0.0,0.0,0.0,57.0610488164005,57.0610488164005,57.0610488164005,57.0610488164005,0.1002805614228004,0.24208579390479512,0.0,0.0,0.0,0.1002805614228004,0.10732200462371111
4.112,0.0,0.0,0.597997384796396,0.0,0.0,-0.2507480507839467,0.0,0.0,0.0,0.0,0.0,0.0,0.0,0.0,0.5,0.0,0.0,0.0,0.5,0.0,0.0,0.0,57.0610488164005,57.0610488164005,57.0610488164005,57.0610488164005,0.09799738479639597,0.2507480507839467,0.0,0.0,0.0,0.09799738479639597,0.11116600217064843
4.12,0.0,0.0,0.5956800526072591,0.0,0.0,-0.25853174535557927,0.0,0.0,0.0,0.0,0.0,0.0,0.0,0.0,0.5,0.0,0.0,0.0,0.5,0.0,0.0,0.0,57.0610488164005,57.0610488164005,57.0610488164005,57.0610488164005,0.09568005260725909,0.25853174535557927,0.0,0.0,0.0,0.09568005260725909,0.06381899584084749
4.128,0.0,0.0,0.5933358156263636,0.0,0.0,-0.2654313208068503,0.0,0.0,0.0,0.0,0.0,0.0,0.0,0.0,0.5,0.0,0.0,0.0,0.5,0.0,0.0,0.0,57.0610488164005,57.0610488164005,57.0610488164005,57.0610488164005,0.09333581562636362,0.2654313208068503,0.0,0.0,0.0,0.09333581562636362,0.07115699554560706
4.136,0.0,0.0,0.5909719588943756,0.0,0.0,-0.2714414749451808,0.0,0.0,0.0,0.0,0.0,0.0,0.0,0.0,0.5,0.0,0.0,0.0,0.5,0.0,0.0,0.0,57.0610488164005,57.0610488164005,57.0610488164005,57.0610488164005,0.09097195889437559,0.2714414749451808,0.0,0.0,0.0,0.09097195889437559,0.07090100552886724
4.144,0.0,0.0,0.5885958016771261,0.0,0.0,-0.27655711038738173,0.0,0.0,0.0,0.0,0.0,0.0,0.0,0.0,0.5,0.0,0.0,0.0,0.5,0.0,0.0,0.0,57.0610488164005,57.0610488164005,57.0610488164005,57.0610488164005,0.08859580167712611,0.27655711038738173,0.0,0.0,0.0,0.08859580167712611,0.06313299672910944
4.152,0.0,0.0,0.5862146974211425,0.0,0.0,-0.2807732947094951,0.0,0.0,0.0,0.0,0.0,0.0,0.0,0.0,0.5,0.0,0.0,0.0,0.5,0.0,0.0,0.0,57.0610488164005,57.0610488164005,57.0610488164005,57.0610488164005,0.08621469742114252,0.2807732947094951,0.0,0.0,0.0,0.08621469742114252,0.04891700518783182
4.16,0.0,0.0,0.5838360337092372,0.0,0.0,-0.2840852285652289,0.0,0.0,0.0,0.0,0.0,0.0,0.0,0.0,0.5,0.0,0.0,0.0,0.5,0.0,0.0,0.0,57.0610488164005,57.0610488164005,57.0610488164005,57.0610488164005,0.0838360337092372,0.2840852285652289,0.0,0.0,0.0,0.0838360337092372,0.04823599738301709
4.168,0.0,0.0,0.5814672322161542,0.0,0.0,-0.28648822017925935,0.0,0.0,0.0,0.0,0.0,0.0,0.0,0.0,0.5,0.0,0.0,0.0,0.5,0.0,0.0,0.0,57.0610488164005,57.0610488164005,57.0610488164005,57.0610488164005,0.08146723221615415,0.28648822017925935,0.0,0.0,0.0,0.08146723221615415,0.06778999522794038
4.176,0.0,0.0,0.5791157486642731,0.0,0.0,-0.28797766494043453,0.0,0.0,0.0,0.0,0.0,0.0,0.0,0.0,0.5,0.0,0.0,0.0,0.5,0.0,0.0,0.0,57.0610488164005,57.0610488164005,57.0610488164005,57.0610488164005,0.07911574866427307,0.28797766494043453,0.0,0.0,0.0,0.07911574866427307,0.11849900329252705
4.184,0.0,0.0,0.5767890727793707,0.0,0.0,-0.28854902907490554,0.0,0.0,0.0,0.0,0.0,0.0,0.0,0.0,0.5,0.0,0.0,0.0,0.5,0.0,0.0,0.0,57.0610488164005,57.0610488164005,57.0610488164005,57.0610488164005,0.07678907277937075,0.28854902907490554,0.0,0.0,0.0,0.07678907277937075,0.023095999495126307
4.192,0.0,0.0,0.5744947282464405,0.0,0.0,-0.2881978365831795,0.0,0.0,0.0,0.0,0.0,0.0,0.0,0.0,0.5,0.0,0.0,0.0,0.5,0.0,0.0,0.0,57.0610488164005,57.0610488164005,57.0610488164005,57.0610488164005,0.07449472824644054,0.2881978365831795,0.0,0.0,0.0,0.07449472824644054,0.02247399970656261
4.2,0.0,0.0,0.572240272665569,0.0,0.0,-0.2869196587883326,0.0,0.0,0.0,0.0,0.0,0.0,0.0,0.0,0.5,0.0,0.0,0.0,0.5,0.0,0.0,0.0,57.0610488164005,57.0610488164005,57.0610488164005,57.0610488164005,0.07224027266556898,0.2869196587883326,0.0,0.0,0.0,0.07224027266556898,0.059229998441878706
4.208,0.0,0.0,0.5700332975078695,0.0,0.0,-0.28471010597315405,0.0,0.0,0.0,0.0,0.0,0.0,0.0,0.0,0.5,0.0,0.0,0.0,0.5,0.0,0.0,0.0,57.0610488164005,57.0610488164005,57.0610488164005,57.0610488164005,0.07003329750786946,0.28471010597315405,0.0,0.0,0.0,0.07003329750786946,0.031398005376104265
4.216,0.0,0.0,0.5678814280714736,0.0,0.0,-0.28156482068842054,0.0,0.0,0.0,0.0,0.0,0.0,0.0,0.0,0.5,0.0,0.0,0.0,0.5,0.0,0.0,0.0,57.0610488164005,57.0610488164005,57.0610488164005,57.0610488164005,0.06788142807147357,0.28156482068842054,0.0,0.0,0.0,0.06788142807147357,0.03636100154835731
4.224,0.0,0.0,0.5657923234375792,0.0,0.0,-0.27747947239809473,0.0,0.0,0.0,0.0,0.0,0.0,0.0,0.0,0.5,0.0,0.0,0.0,0.5,0.0,0.0,0.0,57.0610488164005,57.0610488164005,57.0610488164005,57.0610488164005,0.06579232343757924,0.27747947239809473,0.0,0.0,0.0,0.06579232343757924,0.03328899765620008
4.232,0.0,0.0,0.5637736764265563,0.0,0.0,-0.27244975319404935,0.0,0.0,0.0,0.0,0.0,0.0,0.0,0.0,0.5,0.0,0.0,0.0,0.5,0.0,0.0,0.0,57.0610488164005,57.0610488164005,57.0610488164005,57.0610488164005,0.06377367642655629,0.27244975319404935,0.0,0.0,0.0,0.06377367642655629,0.02329199924133718
4.24,0.0,0.0,0.561833213554109,0.0,0.0,-0.26647137436642226,0.0,0.0,0.0,0.0,0.0,0.0,0.0,0.0,0.5,0.0,0.0,0.0,0.5,0.0,0.0,0.0,57.0610488164005,57.0610488164005,57.0610488164005,57.0610488164005,0.06183321355410898,0.26647137436642226,0.0,0.0,0.0,0.06183321355410898,0.01987800351344049
4.248,0.0,0.0,0.5599786949874952,0.0,0.0,-0.25954006365848237,0.0,0.0,0.0,0.0,0.0,0.0,0.0,0.0,0.5,0.0,0.0,0.0,0.5,0.0,0.0,0.0,57.0610488164005,57.0610488164005,57.0610488164005,57.0610488164005,0.059978694987495196,0.25954006365848237,0.0,0.0,0.0,0.059978694987495196,0.0222489979933016
4.256,0.0,0.0,0.558217914501803,0.0,0.0,-0.25165156306909015,0.0,0.0,0.0,0.0,0.0,0.0,0.0,0.0,0.5,0.0,0.0,0.0,0.5,0.0,0.0,0.0,57.0610488164005,57.0610488164005,57.0610488164005,57.0610488164005,0.058217914501803025,0.25165156306909015,0.0,0.0,0.0,0.058217914501803025,0.020413994207046926
4.264,0.0,0.0,0.5565586994362837,0.0,0.0,-0.2428016270932561,0.0,0.0,0.0,0.0,0.0,0.0,0.0,0.0,0.5,0.0,0.0,0.0,0.5,0.0,0.0,0.0,57.0610488164005,57.0610488164005,57.0610488164005,57.0610488164005,0.056558699436283666,0.2428016270932561,0.0,0.0,0.0,0.056558699436283666,0.02948499604826793
4.272,0.0,0.0,0.5550089106507415,0.0,0.0,-0.23298602131315804,0.0,0.0,0.0,0.0,0.0,0.0,0.0,0.0,0.5,0.0,0.0,0.0,0.5,0.0,0.0,0.0,57.0610488164005,57.0610488164005,57.0610488164005,57.0610488164005,0.05500891065074154,0.23298602131315804,0.0,0.0,0.0,0.05500891065074154,0.030590999813284725
4.28,0.0,0.0,0.5535764424819806,0.0,0.0,-0.22220052126955067,0.0,0.0,0.0,0.0,0.0,0.0,0.0,0.0,0.5,0.0,0.0,0.0,0.5,0.0,0.0,0.0,57.0610488164005,57.0610488164005,57.0610488164005,57.0610488164005,0.05357644248198057,0.22220052126955067,0.0,0.0,0.0,0.05357644248198057,0.0451320011052303
4.288,0.0,0.0,0.5522692227003073,0.0,0.0,-0.21044091155747183,0.0,0.0,0.0,0.0,0.0,0.0,0.0,0.0,0.5,0.0,0.0,0.0,0.5,0.0,0.0,0.0,57.0610488164005,57.0610488164005,57.0610488164005,57.0610488164005,0.052269222700307316,0.21044091155747183,0.0,0.0,0.0,0.052269222700307316,0.0773900028434582
4.296,0.0,0.0,0.551095212466091,0.0,0.0,-0.19770298510138673,0.0,0.0,0.0,0.0,0.0,0.0,0.0,0.0,0.5,0.0,0.0,0.0,0.5,0.0,0.0,0.0,57.0610488164005,57.0610488164005,57.0610488164005,57.0610488164005,0.051095212466090945,0.19770298510138673,0.0,0.0,0.0,0.051095212466090945,0.044667998736258596
4.304,0.0,0.0,0.5500624062863787,0.0,0.0,-0.18398254257391541,0.0,0.0,0.0,0.0,0.0,0.0,0.0,0.0,0.5,0.0,0.0,0.0,0.5,0.0,0.0,0.0,57.0610488164005,57.0610488164005,57.0610488164005,57.0610488164005,0.0500624062863787,0.18398254257391541,0.0,0.0,0.0,0.0500624062863787,0.1372299957438372
4.312,0.0,0.0,0.549178831971569,0.0,0.0,-0.1692753919293742,0.0,0.0,0.0,0.0,0.0,0.0,0.0,0.0,0.5,0.0,0.0,0.0,0.4561478156084975,0.0,0.0,0.0,56.2663552494461,56.2663552494461,56.2663552494461,56.2663552494461,0.049178831971569026,0.1692753919293742,0.0,0.0,0.0,0.049178831971569026,0.14580699644284323
4.32,0.0,0.0,0.5484525505921396,0.0,0.0,-0.15357734802923503,0.0,0.0,0.0,0.0,0.0,0.0,0.0,0.0,0.5,0.0,0.0,0.0,0.4064490259667184,0.0,0.0,0.0,55.36570893132574,55.36570893132574,55.36570893132574,55.36570893132574,0.0484525505921396,0.15357734802923503,0.0,0.0,0.0,0.0484525505921396,0.07020100019872189
4.328,0.0,0.0,0.5478916564354329,0.0,0.0,-0.13688423234105507,0.0,0.0,0.0,0.0,0.0,0.0,0.0,0.0,0.5,0.0,0.0,0.0,0.3531842448928101,0.0,0.0,0.0,54.4004393683146,54.4004393683146,54.4004393683146,54.4004393683146,0.04789165643543292,0.13688423234105507,0.0,0.0,0.0,0.04789165643543292,0.15394999354612082
4.336,0.0,0.0,0.547504276962497,0.0,0.0,-0.11919187269624101,0.0,0.0,0.0,0.0,0.0,0.0,0.0,0.0,0.5,0.0,0.0,0.0,0.29632382529270573,0.0,0.0,0.0,53.37000929287948,53.37000929287948,53.37000929287948,53.37000929287948,0.04750427696249704,0.11919187269624101,0.0,0.0,0.0,0.04750427696249704,0.14489100431092083
4.344,0.0,0.0,0.547298572764983,0.0,0.0,-0.10049610309484505,0.0,0.0,0.0,0.0,0.0,0.0,0.0,0.0,0.5,0.0,0.0,0.0,0.23583815193610186,0.0,0.0,0.0,52.27388201492539,52.27388201492539,52.27388201492539,52.27388201492539,0.04729857276498295,0.10049610309484505,0.0,0.0,0.0,0.04729857276498295,0.09922000026563182
4.352,0.0,0.0,0.5472827375220974,0.0,0.0,-0.08079276354801378,0.0,0.0,0.0,0.0,0.0,0.0,0.0,0.0,0.5,0.0,0.0,0.0,0.17169756411887815,0.0,0.0,0.0,51.11152002027642,51.11152002027642,51.11152002027642,51.11152002027642,0.04728273752209744,0.08079276354801378,0.0,0.0,0.0,0.04728273752209744,0.05941500421613455
4.36,0.0,0.0,0.5474649979576127,0.0,0.0,-0.06007769995052902,0.0,0.0,0.0,0.0,0.0,0.0,0.0,0.0,0.5,0.0,0.0,0.0,0.1038723553206361,0.0,0.0,0.0,49.882384964469566,49.882384964469566,49.882384964469566,49.882384964469566,0.04746499795761272,0.06007769995052902,0.0,0.0,0.0,0.04746499795761272,0.08116599929053336
4.368,0.0,0.0,0.5478536137969309,0.0,0.0,-0.03834676397746944,0.0,0.0,0.0,0.0,0.0,0.0,0.0,0.0,0.5,0.0,0.0,0.0,0.03233277295255599,0.0,0.0,0.0,48.58593766818541,48.58593766818541,48.58593766818541,48.58593766818541,0.04785361379693087,0.03834676397746944,0.0,0.0,0.0,0.04785361379693087,0.09139699977822602
4.376,0.0,0.0,0.5484568777242051,0.0,0.0,-0.015595813000118617,0.0,0.0,0.0,0.0,0.0,0.0,0.0,0.0,0.5,0.0,0.0,0.0,-0.04295270449771138,0.0,0.0,0.0,47.221606895499626,47.221606895499626,47.221606895499626,47.221606895499626,0.04845687772420515,0.015595813000118617,0.0,0.0,0.0,0.04845687772420515,0.09578399476595223
4.384,0.0,0.0,0.5492772205235554,0.0,0.0,0.008031919583662141,0.0,0.0,0.0,0.0,0.0,0.0,0.0,0.0,0.5,0.0,0.0,0.0,-0.12151900931720916,0.0,0.0,0.0,45.79782064891228,45.79782064891228,45.79782064891228,45.79782064891228,0.04927722052355543,0.008031919583662141,0.0,0.0,0.0,0.04927722052355543,0.08461199468001723
4.392,0.0,0.0,0.5503057855571097,0.0,0.0,0.03213966150578738,0.0,0.0,0.0,0.0,0.0,0.0,0.0,0.0,0.5,0.0,0.0,0.0,-0.2020581282967786,0.0,0.0,0.0,44.338282871504745,44.338282871504745,44.338282871504745,44.338282871504745,0.05030578555710974,0.03213966150578738,0.0,0.0,0.0,0.05030578555710974,0.07797000580467284
4.4,0.0,0.0,0.5515337713851508,0.0,0.0,0.05641137490565655,0.0,0.0,0.0,0.0,0.0,0.0,0.0,0.0,0.5,0.0,0.0,0.0,-0.28352344505237914,0.0,0.0,0.0,42.8619604475727,42.8619604475727,42.8619604475727,42.8619604475727,0.051533771385150806,0.05641137490565655,0.0,0.0,0.0,0.051533771385150806,0.052183000661898404
4.408,0.0,0.0,0.5529524316943966,0.0,0.0,0.08059560765566912,0.0,0.0,0.0,0.0,0.0,0.0,0.0,0.0,0.5,0.0,0.0,0.0,-0.3650788019352363,0.0,0.0,0.0,41.38400630766363,41.38400630766363,41.38400630766363,41.38400630766363,0.05295243169439656,0.08059560765566912,0.0,0.0,0.0,0.05295243169439656,0.04068800626555458
4.416,0.0,0.0,0.5545530752263745,0.0,0.0,0.10449257442398463,0.0,0.0,0.0,0.0,0.0,0.0,0.0,0.0,0.5,0.0,0.0,0.0,-0.44605642404613166,0.0,0.0,0.0,39.91652193369792,39.91652193369792,39.91652193369792,39.91652193369792,0.05455307522637454,0.10449257442398463,0.0,0.0,0.0,0.05455307522637454,0.03468000068096444
4.424,0.0,0.0,0.5563270657058882,0.0,0.0,0.12794382152702902,0.0,0.0,0.0,0.0,0.0,0.0,0.0,0.0,0.5,0.0,0.0,0.0,-0.5259232583722935,0.0,0.0,0.0,38.46916736441647,38.46916736441647,38.46916736441647,38.46916736441647,0.05632706570588819,0.12794382152702902,0.0,0.0,0.0,0.05632706570588819,0.025278000975959003
4.432,0.0,0.0,0.5582658217695773,0.0,0.0,0.15082395881385058,0.0,0.0,0.0,0.0,0.0,0.0,0.0,0.0,0.5,0.0,0.0,0.0,-0.6042540450766191,0.0,0.0,0.0,37.04964920010657,37.04964920010657,37.04964920010657,37.04964920010657,0.058265821769577286,0.15082395881385058,0.0,0.0,0.0,0.058265821769577286,0.03462099994067103
4.44,0.0,0.0,0.5603608168945702,0.0,0.0,0.17303404517590276,0.0,0.0,0.0,0.0,0.0,0.0,0.0,0.0,0.5,0.0,0.0,0.0,-0.6807097745086177,0.0,0.0,0.0,35.664111006752876,35.664111006752876,35.664111006752876,35.664111006752876,0.06036081689457018,0.17303404517590276,0.0,0.0,0.0,0.06036081689457018,0.027495996619109064
4.448,0.0,0.0,0.5626035793272295,0.0,0.0,0.19449629695720483,0.0,0.0,0.0,0.0,0.0,0.0,0.0,0.0,0.5,0.0,0.0,0.0,-0.7550187513113563,0.0,0.0,0.0,34.3174764741401,34.3174764741401,34.3174764741401,34.3174764741401,0.06260357932722949,0.19449629695720483,0.0,0.0,0.0,0.06260357932722949,0.035158001992385834
4.456,0.0,0.0,0.5649856920119899,0.0,0.0,0.215149854684774,0.0,0.0,0.0,0.0,0.0,0.0,0.0,0.0,0.5,0.0,0.0,0.0,-0.8269696665199218,0.0,0.0,0.0,33.01357496396109,33.01357496396109,33.01357496396109,33.01357496396109,0.06498569201198989,0.215149854684774,0.0,0.0,0.0,0.06498569201198989,0.028704002033919096
4.464,0.0,0.0,0.5674987925202887,0.0,0.0,0.2349473964552887,0.0,0.0,0.0,0.0,0.0,0.0,0.0,0.0,0.5,0.0,0.0,0.0,-0.8963902015206338,0.0,0.0,0.0,31.755529250956915,31.755529250956915,31.755529250956915,31.755529250956915,0.06749879252028868,0.2349473964552887,0.0,0.0,0.0,0.06749879252028868,0.031201001547742635
4.472,0.0,0.0,0.5701345729795885,0.0,0.0,0.25385242864672586,0.0,0.0,0.0,0.0,0.0,0.0,0.0,0.0,0.5,0.0,0.0,0.0,-0.9631451619517417,0.0,0.0,0.0,30.54578934055061,30.54578934055061,30.54578934055061,30.54578934055061,0.07013457297958847,0.25385242864672586,0.0,0.0,0.0,0.07013457297958847,0.02699100150493905
4.48,0.0,0.0,0.5728847800024922,0.0,0.0,0.2718371184899741,0.0,0.0,0.0,0.0,0.0,0.0,0.0,0.0,0.5,0.0,0.0,0.0,-1.0,0.0,0.0,0.0,29.877902367199002,29.877902367199002,29.877902367199002,29.877902367199002,0.07288478000249221,0.2718371184899741,0.0,0.0,0.0,0.07288478000249221,0.026660003641154617
4.488,0.0,0.0,0.5757412146159502,0.0,0.0,0.2888805601284285,0.0,0.0,0.0,0.0,0.0,0.0,0.0,0.0,0.5,0.0,0.0,0.0,-1.0,0.0,0.0,0.0,29.877902367199002,29.877902367199002,29.877902367199002,29.877902367199002,0.07574121461595018,0.2888805601284285,0.0,0.0,0.0,0.07574121461595018,0.023145003069657832
4.496,0.0,0.0,0.5786957321905593,0.0,0.0,0.30496738746796953,0.0,0.0,0.0,0.0,0.0,0.0,0.0,0.0,0.5,0.0,0.0,0.0,-1.0,0.0,0.0,0.0,29.877902367199002,29.877902367199002,29.877902367199002,29.877902367199002,0.07869573219055925,0.30496738746796953,0.0,0.0,0.0,0.07869573219055925,0.02539099659770727
4.5040000000000004,0.0,0.0,0.5817402423699538,0.0,0.0,0.32008666445923944,0.0,0.0,0.0,0.0,0.0,0.0,0.0,0.0,0.5,0.0,0.0,0.0,-1.0,0.0,0.0,0.0,29.877902367199002,29.877902367199002,29.877902367199002,29.877902367199002,0.08174024236995381,0.32008666445923944,0.0,0.0,0.0,0.08174024236995381,0.03854899841826409
4.5120000000000005,0.0,0.0,0.5848667090002883,0.0,0.0,0.3342309973257527,0.0,0.0,0.0,0.0,0.0,0.0,0.0,0.0,0.5,0.0,0.0,0.0,-1.0,0.0,0.0,0.0,29.877902367199002,29.877902367199002,29.877902367199002,29.877902367199002,0.08486670900028825,0.3342309973257527,0.0,0.0,0.0,0.08486670900028825,0.06480600131908432
4.5200000000000005,0.0,0.0,0.5880671500598115,0.0,0.0,0.34739582434868255,0.0,0.0,0.0,0.0,0.0,0.0,0.0,0.0,0.5,0.0,0.0,0.0,-1.0,0.0,0.0,0.0,29.877902367199002,29.877902367199002,29.877902367199002,29.877902367199002,0.08806715005981147,0.34739582434868255,0.0,0.0,0.0,0.08806715005981147,0.0338079989887774
4.5280000000000005,0.0,0.0,0.5913336375885326,0.0,0.0,0.35957884769697507,0.0,0.0,0.0,0.0,0.0,0.0,0.0,0.0,0.5,0.0,0.0,0.0,-1.0,0.0,0.0,0.0,29.877902367199002,29.877902367199002,29.877902367199002,29.877902367199002,0.09133363758853263,0.35957884769697507,0.0,0.0,0.0,0.09133363758853263,0.03166699752910063
4.5360000000000005,0.0,0.0,0.5946582976179783,0.0,0.0,0.3707795788937212,0.0,0.0,0.0,0.0,0.0,0.0,0.0,0.0,0.5,0.0,0.0,0.0,-1.0,0.0,0.0,0.0,29.877902367199002,29.877902367199002,29.877902367199002,29.877902367199002,0.09465829761797828,0.3707795788937212,0.0,0.0,0.0,0.09465829761797828,0.05953400250291452
4.5440000000000005,0.0,0.0,0.5980333101010409,0.0,0.0,0.3809989751915419,0.0,0.0,0.0,0.0,0.0,0.0,0.0,0.0,0.5,0.0,0.0,0.0,-1.0,0.0,0.0,0.0,29.877902367199002,29.877902367199002,29.877902367199002,29.877902367199002,0.09803331010104088,0.3809989751915419,0.0,0.0,0.0,0.09803331010104088,0.04313500539865345
4.5520000000000005,0.0,0.0,0.6014509088419185,0.0,0.0,0.39023914867517495,0.0,0.0,0.0,0.0,0.0,0.0,0.0,0.0,0.5,0.0,0.0,0.0,-1.0,0.0,0.0,0.0,29.877902367199002,29.877902367199002,29.877902367199002,29.877902367199002,0.10145090884191854,0.39023914867517495,0.0,0.0,0.0,0.10145090884191854,0.06881199806230143
4.5600000000000005,0.0,0.0,0.6049033814261454,0.0,0.0,0.39850313354581174,0.0,0.0,0.0,0.0,0.0,0.0,0.0,0.0,0.5,0.0,0.0,0.0,-1.0,0.0,0.0,0.0,29.877902367199002,29.877902367199002,29.877902367199002,29.877902367199002,0.10490338142614541,0.39850313354581174,0.0,0.0,0.0,0.10490338142614541,0.17030799790518358
4.5680000000000005,0.0,0.0,0.6083830691507134,0.0,0.0,0.4057946999508486,0.0,0.0,0.0,0.0,0.0,0.0,0.0,0.0,0.5,0.0,0.0,0.0,-1.0,0.0,0.0,0.0,29.877902367199002,29.877902367199002,29.877902367199002,29.877902367199002,0.10838306915071338,0.4057946999508486,0.0,0.0,0.0,0.10838306915071338,0.1247690015588887
4.5760000000000005,0.0,0.0,0.6118823669542846,0.0,0.0,0.412118205049958,0.0,0.0,0.0,0.0,0.0,0.0,0.0,0.0,0.5,0.0,0.0,0.0,-1.0,0.0,0.0,0.0,29.877902367199002,29.877902367199002,29.877902367199002,29.877902367199002,0.11188236695428455,0.412118205049958,0.0,0.0,0.0,0.11188236695428455,0.16965200484264642
4.5840000000000005,0.0,0.0,0.6153937233474939,0.0,0.0,0.4174784738701994,0.0,0.0,0.0,0.0,0.0,0.0,0.0,0.0,0.5,0.0,0.0,0.0,-1.0,0.0,0.0,0.0,29.877902367199002,29.877902367199002,29.877902367199002,29.877902367199002,0.11539372334749387,0.4174784738701994,0.0,0.0,0.0,0.11539372334749387,0.09825899905990809
4.5920000000000005,0.0,0.0,0.6189096403433432,0.0,0.0,0.42188070399239197,0.0,0.0,0.0,0.0,0.0,0.0,0.0,0.0,0.5,0.0,0.0,0.0,-1.0,0.0,0.0,0.0,29.877902367199002,29.877902367199002,29.877902367199002,29.877902367199002,0.11890964034334317,0.42188070399239197,0.0,0.0,0.0,0.11890964034334317,0.09438200504519045
4.6000000000000005,0.0,0.0,0.622422673387685,0.0,0.0,0.4253303893024587,0.0,0.0,0.0,0.0,0.0,0.0,0.0,0.0,0.5,0.0,0.0,0.0,-1.0,0.0,0.0,0.0,29.877902367199002,29.877902367199002,29.877902367199002,29.877902367199002,0.12242267338768498,0.4253303893024587,0.0,0.0,0.0,0.12242267338768498,0.09660000068834051
4.6080000000000005,0.0,0.0,0.6259254312897967,0.0,0.0,0.4278332589947605,0.0,0.0,0.0,0.0,0.0,0.0,0.0,0.0,0.5,0.0,0.0,0.0,-1.0,0.0,0.0,0.0,29.877902367199002,29.877902367199002,29.877902367199002,29.877902367199002,0.12592543128979672,0.4278332589947605,0.0,0.0,0.0,0.12592543128979672,0.12190300185466185
4.616,0.0,0.0,0.6294105761530455,0.0,0.0,0.42939522877703806,0.0,0.0,0.0,0.0,0.0,0.0,0.0,0.0,0.5,0.0,0.0,0.0,-1.0,0.0,0.0,0.0,29.877902367199002,29.877902367199002,29.877902367199002,29.877902367199002,0.12941057615304552,0.42939522877703806,0.0,0.0,0.0,0.12941057615304552,0.050040005589835346
4.624,0.0,0.0,0.6328708233056427,0.0,0.0,0.43002236183656,0.0,0.0,0.0,0.0,0.0,0.0,0.0,0.0,0.5,0.0,0.0,0.0,-1.0,0.0,0.0,0.0,29.877902367199002,29.877902367199002,29.877902367199002,29.877902367199002,0.1328708233056427,0.43002236183656,0.0,0.0,0.0,0.1328708233056427,0.03797699901042506
4.632,0.0,0.0,0.6362989412314884,0.0,0.0,0.42972083761539154,0.0,0.0,0.0,0.0,0.0,0.0,0.0,0.0,0.5,0.0,0.0,0.0,-1.0,0.0,0.0,0.0,29.877902367199002,29.877902367199002,29.877902367199002,29.877902367199002,0.13629894123148845,0.42972083761539154,0.0,0.0,0.0,0.13629894123148845,0.03685700357891619
4.64,0.0,0.0,0.6396877515011062,0.0,0.0,0.42849692683275803,0.0,0.0,0.0,0.0,0.0,0.0,0.0,0.0,0.5,0.0,0.0,0.0,-1.0,0.0,0.0,0.0,29.877902367199002,29.877902367199002,29.877902367199002,29.877902367199002,0.13968775150110624,0.42849692683275803,0.0,0.0,0.0,0.13968775150110624,0.027989997761324048
4.648,0.0,0.0,0.6430301287026671,0.0,0.0,0.42635697150522717,0.0,0.0,0.0,0.0,0.0,0.0,0.0,0.0,0.5,0.0,0.0,0.0,-1.0,0.0,0.0,0.0,29.877902367199002,29.877902367199002,29.877902367199002,29.877902367199002,0.14303012870266707,0.42635697150522717,0.0,0.0,0.0,0.14303012870266707,0.032012998417485505
4.656,0.0,0.0,0.6463190003731032,0.0,0.0,0.42330736896508475,0.0,0.0,0.0,0.0,0.0,0.0,0.0,0.0,0.5,0.0,0.0,0.0,-1.0,0.0,0.0,0.0,29.877902367199002,29.877902367199002,29.877902367199002,29.877902367199002,0.1463190003731032,0.42330736896508475,0.0,0.0,0.0,0.1463190003731032,0.13003800268052146
4.664,0.0,0.0,0.6495473469293116,0.0,0.0,0.4193545590772779,0.0,0.0,0.0,0.0,0.0,0.0,0.0,0.0,0.5,0.0,0.0,0.0,-1.0,0.0,0.0,0.0,29.877902367199002,29.877902367199002,29.877902367199002,29.877902367199002,0.1495473469293116,0.4193545590772779,0.0,0.0,0.0,0.1495473469293116,0.03699799708556384
4.672,0.0,0.0,0.6527082015994465,0.0,0.0,0.41450501401519574,0.0,0.0,0.0,0.0,0.0,0.0,0.0,0.0,0.5,0.0,0.0,0.0,-1.0,0.0,0.0,0.0,29.877902367199002,29.877902367199002,29.877902367199002,29.877902367199002,0.15270820159944654,0.41450501401519574,0.0,0.0,0.0,0.15270820159944654,0.17222599853994325
4.68,0.0,0.0,0.6557946503543017,0.0,0.0,0.4087652300835365,0.0,0.0,0.0,0.0,0.0,0.0,0.0,0.0,0.5,0.0,0.0,0.0,-1.0,0.0,0.0,0.0,29.877902367199002,29.877902367199002,29.877902367199002,29.877902367199002,0.15579465035430173,0.4087652300835365,0.0,0.0,0.0,0.15579465035430173,0.03631700383266434
4.688,0.0,0.0,0.6587998318387813,0.0,0.0,0.4021417211788189,0.0,0.0,0.0,0.0,0.0,0.0,0.0,0.0,0.5,0.0,0.0,0.0,-1.0,0.0,0.0,0.0,29.877902367199002,29.877902367199002,29.877902367199002,29.877902367199002,0.15879983183878132,0.4021417211788189,0.0,0.0,0.0,0.15879983183878132,0.06372899952111766
4.696,0.0,0.0,0.66171693730346,0.0,0.0,0.39464101356002296,0.0,0.0,0.0,0.0,0.0,0.0,0.0,0.0,0.5,0.0,0.0,0.0,-1.0,0.0,0.0,0.0,29.877902367199002,29.877902367199002,29.877902367199002,29.877902367199002,0.16171693730346004,0.39464101356002296,0.0,0.0,0.0,0.16171693730346004,0.04122700192965567
4.704,0.0,0.0,0.6645392105362324,0.0,0.0,0.3862696416673283,0.0,0.0,0.0,0.0,0.0,0.0,0.0,0.0,0.5,0.0,0.0,0.0,-1.0,0.0,0.0,0.0,29.877902367199002,29.877902367199002,29.877902367199002,29.877902367199002,0.16453921053623244,0.3862696416673283,0.0,0.0,0.0,0.16453921053623244,0.0348210014635697
4.712,0.0,0.0,0.6672599477940507,0.0,0.0,0.37703414477932,0.0,0.0,0.0,0.0,0.0,0.0,0.0,0.0,0.5,0.0,0.0,0.0,-1.0,0.0,0.0,0.0,29.877902367199002,29.877902367199002,29.877902367199002,29.877902367199002,0.16725994779405073,0.37703414477932,0.0,0.0,0.0,0.16725994779405073,0.037429999792948365
4.72,0.0,0.0,0.6698724977347515,0.0,0.0,0.36694106434097634,0.0,0.0,0.0,0.0,0.0,0.0,0.0,0.0,0.5,0.0,0.0,0.0,-1.0,0.0,0.0,0.0,29.877902367199002,29.877902367199002,29.877902367199002,29.877902367199002,0.16987249773475155,0.36694106434097634,0.0,0.0,0.0,0.16987249773475155,0.05010900349589065
4.728,0.0,0.0,0.6723702613489708,0.0,0.0,0.35599694182826286,0.0,0.0,0.0,0.0,0.0,0.0,0.0,0.0,0.5,0.0,0.0,0.0,-1.0,0.0,0.0,0.0,29.877902367199002,29.877902367199002,29.877902367199002,29.877902367199002,0.17237026134897082,0.35599694182826286,0.0,0.0,0.0,0.17237026134897082,0.04052099393447861
4.736,0.0,0.0,0.6747466918921478,0.0,0.0,0.3442083170420336,0.0,0.0,0.0,0.0,0.0,0.0,0.0,0.0,0.5,0.0,0.0,0.0,-1.0,0.0,0.0,0.0,29.877902367199002,29.877902367199002,29.877902367199002,29.877902367199002,0.17474669189214775,0.3442083170420336,0.0,0.0,0.0,0.17474669189214775,0.07736299448879436
4.744,0.0,0.0,0.6769952948166165,0.0,0.0,0.33158172674534464,0.0,0.0,0.0,0.0,0.0,0.0,0.0,0.0,0.5,0.0,0.0,0.0,-1.0,0.0,0.0,0.0,29.877902367199002,29.877902367199002,29.877902367199002,29.877902367199002,0.17699529481661647,0.33158172674534464,0.0,0.0,0.0,0.17699529481661647,0.09756800136528909
4.752,0.0,0.0,0.6791096277037867,0.0,0.0,0.3181237035755312,0.0,0.0,0.0,0.0,0.0,0.0,0.0,0.0,0.5,0.0,0.0,0.0,-1.0,0.0,0.0,0.0,29.877902367199002,29.877902367199002,29.877902367199002,29.877902367199002,0.1791096277037867,0.3181237035755312,0.0,0.0,0.0,0.1791096277037867,0.04679099947679788
4.76,0.0,0.0,0.6810833001964116,0.0,0.0,0.303840775176048,0.0,0.0,0.0,0.0,0.0,0.0,0.0,0.0,0.5,0.0,0.0,0.0,-1.0,0.0,0.0,0.0,29.877902367199002,29.877902367199002,29.877902367199002,29.877902367199002,0.1810833001964116,0.303840775176048,0.0,0.0,0.0,0.1810833001964116,0.11603500024648383
4.768,0.0,0.0,0.6829099739309447,0.0,0.0,0.2887394635041645,0.0,0.0,0.0,0.0,0.0,0.0,0.0,0.0,0.5,0.0,0.0,0.0,-1.0,0.0,0.0,0.0,29.877902367199002,29.877902367199002,29.877902367199002,29.877902367199002,0.18290997393094466,0.2887394635041645,0.0,0.0,0.0,0.18290997393094466,0.06772400229237974
4.776,0.0,0.0,0.6845833624699834,0.0,0.0,0.2728262842793005,0.0,0.0,0.0,0.0,0.0,0.0,0.0,0.0,0.5,0.0,0.0,0.0,-1.0,0.0,0.0,0.0,29.877902367199002,29.877902367199002,29.877902367199002,29.877902367199002,0.18458336246998341,0.2728262842793005,0.0,0.0,0.0,0.18458336246998341,0.1414379948982969
4.784,0.0,0.0,0.6860972312348017,0.0,0.0,0.25610774654389773,0.0,0.0,0.0,0.0,0.0,0.0,0.0,0.0,0.5,0.0,0.0,0.0,-1.0,0.0,0.0,0.0,29.877902367199002,29.877902367199002,29.877902367199002,29.877902367199002,0.1860972312348017,0.25610774654389773,0.0,0.0,0.0,0.1860972312348017,0.10162499529542401
4.792,0.0,0.0,0.6874453974379696,0.0,0.0,0.23859035231431594,0.0,0.0,0.0,0.0,0.0,0.0,0.0,0.0,0.5,0.0,0.0,0.0,-1.0,0.0,0.0,0.0,29.877902367199002,29.877902367199002,29.877902367199002,29.877902367199002,0.18744539743796962,0.23859035231431594,0.0,0.0,0.0,0.18744539743796962,0.08744200022192672
4.8,0.0,0.0,0.6886217300160602,0.0,0.0,0.22028059630371719,0.0,0.0,0.0,0.0,0.0,0.0,0.0,0.0,0.5,0.0,0.0,0.0,-1.0,0.0,0.0,0.0,29.877902367199002,29.877902367199002,29.877902367199002,29.877902367199002,0.1886217300160602,0.22028059630371719,0.0,0.0,0.0,0.1886217300160602,0.07393200212391093
4.808,0.0,0.0,0.6896201495624444,0.0,0.0,0.20118496570257982,0.0,0.0,0.0,0.0,0.0,0.0,0.0,0.0,0.5,0.0,0.0,0.0,-1.0,0.0,0.0,0.0,29.877902367199002,29.877902367199002,29.877902367199002,29.877902367199002,0.18962014956244444,0.20118496570257982,0.0,0.0,0.0,0.18962014956244444,0.06648500129813328
4.816,0.0,0.0,0.6904346282601732,0.0,0.0,0.1813099400052831,0.0,0.0,0.0,0.0,0.0,0.0,0.0,0.0,0.5,0.0,0.0,0.0,-0.9634430874115647,0.0,0.0,0.0,30.540390306280397,30.540390306280397,30.540390306280397,30.540390306280397,0.1904346282601732,0.1813099400052831,0.0,0.0,0.0,0.1904346282601732,0.039751997974235564
4.824,0.0,0.0,0.6910591898149465,0.0,0.0,0.16066199087355915,0.0,0.0,0.0,0.0,0.0,0.0,0.0,0.0,0.5,0.0,0.0,0.0,-0.8974240209651903,0.0,0.0,0.0,31.736794274047973,31.736794274047973,31.736794274047973,31.736794274047973,0.19105918981494652,0.16066199087355915,0.0,0.0,0.0,0.19105918981494652,0.051294999138917774
4.832,0.0,0.0,0.6914879093881695,0.0,0.0,0.13924758202942208,0.0,0.0,0.0,0.0,0.0,0.0,0.0,0.0,0.5,0.0,0.0,0.0,-0.8285225091785271,0.0,0.0,0.0,32.98543419769347,32.98543419769347,32.98543419769347,32.98543419769347,0.1914879093881695,0.13924758202942208,0.0,0.0,0.0,0.1914879093881695,0.050469992856960744
4.84,0.0,0.0,0.691714913530096,0.0,0.0,0.11707316917169881,0.0,0.0,0.0,0.0,0.0,0.0,0.0,0.0,0.5,0.0,0.0,0.0,-0.7567490847229763,0.0,0.0,0.0,34.28611920311743,34.28611920311743,34.28611920311743,34.28611920311743,0.19171491353009595,0.11707316917169881,0.0,0.0,0.0,0.19171491353009595,0.027098998543806374
4.848,0.0,0.0,0.6917465922394446,0.0,0.0,0.09445050307107443,0.0,0.0,0.0,0.0,0.0,0.0,0.0,0.0,0.5,0.0,0.0,0.0,-0.6831316141627934,0.0,0.0,0.0,35.62022219208892,35.62022219208892,35.62022219208892,35.62022219208892,0.19174659223944457,0.09445050307107443,0.0,0.0,0.0,0.19174659223944457,0.023577995307277888
4.856,0.0,0.0,0.6915893709030332,0.0,0.0,0.07162986904657495,0.0,0.0,0.0,0.0,0.0,0.0,0.0,0.0,0.5,0.0,0.0,0.0,-0.6084978954962628,0.0,0.0,0.0,36.972741728462786,36.972741728462786,36.972741728462786,36.972741728462786,0.19158937090303318,0.07162986904657495,0.0,0.0,0.0,0.19158937090303318,0.02242399932583794
4.864,0.0,0.0,0.6912497102497988,0.0,0.0,0.04881237890639921,0.0,0.0,0.0,0.0,0.0,0.0,0.0,0.0,0.5,0.0,0.0,0.0,-0.5335156412407267,0.0,0.0,0.0,38.33157746080912,38.33157746080912,38.33157746080912,38.33157746080912,0.19124971024979875,0.04881237890639921,0.0,0.0,0.0,0.19124971024979875,0.023061998945195228
4.872,0.0,0.0,0.690734106304877,0.0,0.0,0.026159804502074804,0.0,0.0,0.0,0.0,0.0,0.0,0.0,0.0,0.5,0.0,0.0,0.0,-0.45872450559499073,0.0,0.0,0.0,39.68694972304921,39.68694972304921,39.68694972304921,39.68694972304921,0.19073410630487697,0.026159804502074804,0.0,0.0,0.0,0.19073410630487697,0.021861997083760798
4.88,0.0,0.0,0.6900490903437421,0.0,0.0,0.0038024445732872357,0.0,0.0,0.0,0.0,0.0,0.0,0.0,0.0,0.5,0.0,0.0,0.0,-0.38456170616005947,0.0,0.0,0.0,41.030935215130874,41.030935215130874,41.030935215130874,41.030935215130874,0.19004909034374207,0.0038024445732872357,0.0,0.0,0.0,0.19004909034374207,0.04086899571120739
4.888,0.0,0.0,0.6892012288464053,0.0,0.0,-0.01815458177478851,0.0,0.0,0.0,0.0,0.0,0.0,0.0,0.0,0.5,0.0,0.0,0.0,-0.3113825213025913,0.0,0.0,0.0,42.3570955478067,42.3570955478067,42.3570955478067,42.3570955478067,0.18920122884640533,0.01815458177478851,0.0,0.0,0.0,0.18920122884640533,0.02898700040532276
4.896,0.0,0.0,0.688197123451674,0.0,0.0,-0.0396263002881128,0.0,0.0,0.0,0.0,0.0,0.0,0.0,0.0,0.5,0.0,0.0,0.0,-0.23947668803268246,0.0,0.0,0.0,43.6601800786919,43.6601800786919,43.6601800786919,43.6601800786919,0.18819712345167405,0.0396263002881128,0.0,0.0,0.0,0.18819712345167405,0.02339699858566746
4.904,0.0,0.0,0.6870434109114693,0.0,0.0,-0.060543853735610186,0.0,0.0,0.0,0.0,0.0,0.0,0.0,0.0,0.5,0.0,0.0,0.0,-0.16908152029301438,0.0,0.0,0.0,44.93588818134757,44.93588818134757,44.93588818134757,44.93588818134757,0.18704341091146925,0.060543853735610186,0.0,0.0,0.0,0.18704341091146925,0.07102699601091444
4.912,0.0,0.0,0.6857467630452029,0.0,0.0,-0.08085127964514752,0.0,0.0,0.0,0.0,0.0,0.0,0.0,0.0,0.5,0.0,0.0,0.0,-0.10039240357715706,0.0,0.0,0.0,46.1806790607832,46.1806790607832,46.1806790607832,46.1806790607832,0.18574676304520288,0.08085127964514752,0.0,0.0,0.0,0.18574676304520288,0.042669998947530985
4.92,0.0,0.0,0.6843138866942147,0.0,0.0,-0.10050293249082323,0.0,0.0,0.0,0.0,0.0,0.0,0.0,0.0,0.5,0.0,0.0,0.0,-0.03357119061125069,0.0,0.0,0.0,47.39161960609354,47.39161960609354,47.39161960609354,47.39161960609354,0.18431388669421467,0.10050293249082323,0.0,0.0,0.0,0.18431388669421467,0.028743997972924262
4.928,0.0,0.0,0.6827515236762677,0.0,0.0,-0.11946142144133327,0.0,0.0,0.0,0.0,0.0,0.0,0.0,0.0,0.5,0.0,0.0,0.0,0.031247082113679547,0.0,0.0,0.0,48.56626267280425,48.56626267280425,48.56626267280425,48.56626267280425,0.18275152367626768,0.11946142144133327,0.0,0.0,0.0,0.18275152367626768,0.03929199738195166
4.936,0.0,0.0,0.6810664507401034,0.0,0.0,-0.13769596055717326,0.0,0.0,0.0,0.0,0.0,0.0,0.0,0.0,0.5,0.0,0.0,0.0,0.09394882112879599,0.0,0.0,0.0,49.7025497089826,49.7025497089826,49.7025497089826,49.7025497089826,0.1810664507401034,0.13769596055717326,0.0,0.0,0.0,0.1810664507401034,0.033805001294240355
4.944,0.0,0.0,0.6792654795200554,0.0,0.0,-0.15518104894693768,0.0,0.0,0.0,0.0,0.0,0.0,0.0,0.0,0.5,0.0,0.0,0.0,0.15443757743010073,0.0,0.0,0.0,50.798732856361546,50.798732856361546,50.798732856361546,50.798732856361546,0.17926547952005545,0.15518104894693768,0.0,0.0,0.0,0.17926547952005545,0.05493299977388233
4.952,0.0,0.0,0.6773554564907227,0.0,0.0,-0.17189541489086863,0.0,0.0,0.0,0.0,0.0,0.0,0.0,0.0,0.5,0.0,0.0,0.0,0.21263060764543573,0.0,0.0,0.0,51.85331263147239,51.85331263147239,51.85331263147239,51.85331263147239,0.1773554564907227,0.17189541489086863,0.0,0.0,0.0,0.1773554564907227,0.07545300468336791
4.96,0.0,0.0,0.675343262921701,0.0,0.0,-0.1878211711382377,0.0,0.0,0.0,0.0,0.0,0.0,0.0,0.0,0.5,0.0,0.0,0.0,0.2684561229810465,0.0,0.0,0.0,52.864988070785756,52.864988070785756,52.864988070785756,52.864988070785756,0.175343262921701,0.1878211711382377,0.0,0.0,0.0,0.175343262921701,0.05132299702381715
4.968,0.0,0.0,0.6732358148323738,0.0,0.0,-0.20294313914376932,0.0,0.0,0.0,0.0,0.0,0.0,0.0,0.0,0.5,0.0,0.0,0.0,0.32185108839169446,0.0,0.0,0.0,53.83261684705755,53.83261684705755,53.83261684705755,53.83261684705755,0.17323581483237382,0.20294313914376932,0.0,0.0,0.0,0.17323581483237382,0.11423799878684804
4.976,0.0,0.0,0.6710400629467617,0.0,0.0,-0.2172483084553195,0.0,0.0,0.0,0.0,0.0,0.0,0.0,0.0,0.5,0.0,0.0,0.0,0.37275946192965537,0.0,0.0,0.0,54.755183362639585,54.755183362639585,54.755183362639585,54.755183362639585,0.17104006294676166,0.2172483084553195,0.0,0.0,0.0,0.17104006294676166,0.15693900058977306
4.984,0.0,0.0,0.66876299264843,0.0,0.0,-0.23072540422254767,0.0,0.0,0.0,0.0,0.0,0.0,0.0,0.0,0.5,0.0,0.0,0.0,0.4211307862367699,0.0,0.0,0.0,55.63177322436099,55.63177322436099,55.63177322436099,55.63177322436099,0.16876299264842998,0.23072540422254767,0.0,0.0,0.0,0.16876299264842998,0.06694199691992253
4.992,0.0,0.0,0.6664116239354559,0.0,0.0,-0.24336454120238893,0.0,0.0,0.0,0.0,0.0,0.0,0.0,0.0,0.5,0.0,0.0,0.0,0.4669190617509284,0.0,0.0,0.0,56.46155282366616,56.46155282366616,56.46155282366616,56.46155282366616,0.16641162393545594,0.24336454120238893,0.0,0.0,0.0,0.16641162393545594,0.054336000175680965
5.0,0.0,0.0,0.6639930113754536,0.0,0.0,-0.25515694696196883,0.0,0.0,0.0,0.0,0.0,0.0,0.0,0.0,0.5,0.0,0.0,0.0,0.5,0.0,0.0,0.0,57.0610488164005,57.0610488164005,57.0610488164005,57.0610488164005,0.16399301137545363,0.25515694696196883,0.0,0.0,0.0,0.16399301137545363,0.04703400190919638
5.008,0.0,0.0,0.6615142440606573,0.0,0.0,-0.2660947404394837,0.0,0.0,0.0,0.0,0.0,0.0,0.0,0.0,0.5,0.0,0.0,0.0,0.5,0.0,0.0,0.0,57.0610488164005,57.0610488164005,57.0610488164005,57.0610488164005,0.16151424406065729,0.2660947404394837,0.0,0.0,0.0,0.16151424406065729,0.1460170024074614
5.016,0.0,0.0,0.6589824455630636,0.0,0.0,-0.2761707547914285,0.0,0.0,0.0,0.0,0.0,0.0,0.0,0.0,0.5,0.0,0.0,0.0,0.5,0.0,0.0,0.0,57.0610488164005,57.0610488164005,57.0610488164005,57.0610488164005,0.15898244556306362,0.2761707547914285,0.0,0.0,0.0,0.15898244556306362,0.13820199819747359
5.024,0.0,0.0,0.6564047738896317,0.0,0.0,-0.28537839566894085,0.0,0.0,0.0,0.0,0.0,0.0,0.0,0.0,0.5,0.0,0.0,0.0,0.5,0.0,0.0,0.0,57.0610488164005,57.0610488164005,57.0610488164005,57.0610488164005,0.1564047738896317,0.28537839566894085,0.0,0.0,0.0,0.1564047738896317,0.09334800415672362
5.032,0.0,0.0,0.6537884214375417,0.0,0.0,-0.2937115278374032,0.0,0.0,0.0,0.0,0.0,0.0,0.0,0.0,0.5,0.0,0.0,0.0,0.5,0.0,0.0,0.0,57.0610488164005,57.0610488164005,57.0610488164005,57.0610488164005,0.15378842143754168,0.2937115278374032,0.0,0.0,0.0,0.15378842143754168,0.047481000365223736
5.04,0.0,0.0,0.6511406149495113,0.0,0.0,-0.3011643844706831,0.0,0.0,0.0,0.0,0.0,0.0,0.0,0.0,0.5,0.0,0.0,0.0,0.5,0.0,0.0,0.0,57.0610488164005,57.0610488164005,57.0610488164005,57.0610488164005,0.15114061494951125,0.3011643844706831,0.0,0.0,0.0,0.15114061494951125,0.059360005252528936
5.048,0.0,0.0,0.64846861546917,0.0,0.0,-0.30773149458507765,0.0,0.0,0.0,0.0,0.0,0.0,0.0,0.0,0.5,0.0,0.0,0.0,0.5,0.0,0.0,0.0,57.0610488164005,57.0610488164005,57.0610488164005,57.0610488164005,0.14846861546917,0.30773149458507765,0.0,0.0,0.0,0.14846861546917,0.10881199705181643
5.056,0.0,0.0,0.6457797182964925,0.0,0.0,-0.31340762498499974,0.0,0.0,0.0,0.0,0.0,0.0,0.0,0.0,0.5,0.0,0.0,0.0,0.5,0.0,0.0,0.0,57.0610488164005,57.0610488164005,57.0610488164005,57.0610488164005,0.1457797182964925,0.31340762498499974,0.0,0.0,0.0,0.1457797182964925,0.13116099580656737
5.064,0.0,0.0,0.6430812529432883,0.0,0.0,-0.31818773381810406,0.0,0.0,0.0,0.0,0.0,0.0,0.0,0.0,0.5,0.0,0.0,0.0,0.5,0.0,0.0,0.0,57.0610488164005,57.0610488164005,57.0610488164005,57.0610488164005,0.14308125294328833,0.31818773381810406,0.0,0.0,0.0,0.14308125294328833,0.08057800005190074
5.072,0.0,0.0,0.6403805830887507,0.0,0.0,-0.3220669334179245,0.0,0.0,0.0,0.0,0.0,0.0,0.0,0.0,0.5,0.0,0.0,0.0,0.5,0.0,0.0,0.0,57.0610488164005,57.0610488164005,57.0610488164005,57.0610488164005,0.14038058308875068,0.3220669334179245,0.0,0.0,0.0,0.14038058308875068,0.045815002522431314
5.08,0.0,0.0,0.6376851065350625,0.0,0.0,-0.32504046057654407,0.0,0.0,0.0,0.0,0.0,0.0,0.0,0.0,0.5,0.0,0.0,0.0,0.5,0.0,0.0,0.0,57.0610488164005,57.0610488164005,57.0610488164005,57.0610488164005,0.1376851065350625,0.32504046057654407,0.0,0.0,0.0,0.1376851065350625,0.03663599636638537
5.088,0.0,0.0,0.6350022551630601,0.0,0.0,-0.3271036527612956,0.0,0.0,0.0,0.0,0.0,0.0,0.0,0.0,0.5,0.0,0.0,0.0,0.5,0.0,0.0,0.0,57.0610488164005,57.0610488164005,57.0610488164005,57.0610488164005,0.13500225516306008,0.3271036527612956,0.0,0.0,0.0,0.13500225516306008,0.10041399946203455
5.096,0.0,0.0,0.6323394948879545,0.0,0.0,-0.3282519290866762,0.0,0.0,0.0,0.0,0.0,0.0,0.0,0.0,0.5,0.0,0.0,0.0,0.5,0.0,0.0,0.0,57.0610488164005,57.0610488164005,57.0610488164005,57.0610488164005,0.1323394948879545,0.3282519290866762,0.0,0.0,0.0,0.1323394948879545,0.09018799755722284
5.104,0.0,0.0,0.6297043256151106,0.0,0.0,-0.3284807750904386,0.0,0.0,0.0,0.0,0.0,0.0,0.0,0.0,0.5,0.0,0.0,0.0,0.5,0.0,0.0,0.0,57.0610488164005,57.0610488164005,57.0610488164005,57.0610488164005,0.12970432561511058,0.3284807750904386,0.0,0.0,0.0,0.12970432561511058,0.03830700006801635
5.112,0.0,0.0,0.6271042811958834,0.0,0.0,-0.3277857305530316,0.0,0.0,0.0,0.0,0.0,0.0,0.0,0.0,0.5,0.0,0.0,0.0,0.5,0.0,0.0,0.0,57.0610488164005,57.0610488164005,57.0610488164005,57.0610488164005,0.12710428119588335,0.3277857305530316,0.0,0.0,0.0,0.12710428119588335,0.03060800372622907
5.12,0.0,0.0,0.6245469293835114,0.0,0.0,-0.3261623797517236,0.0,0.0,0.0,0.0,0.0,0.0,0.0,0.0,0.5,0.0,0.0,0.0,0.5,0.0,0.0,0.0,57.0610488164005,57.0610488164005,57.0610488164005,57.0610488164005,0.12454692938351142,0.3261623797517236,0.0,0.0,0.0,0.12454692938351142,0.05659000453306362
5.128,0.0,0.0,0.6220398717890685,0.0,0.0,-0.3236063436624518,0.0,0.0,0.0,0.0,0.0,0.0,0.0,0.0,0.5,0.0,0.0,0.0,0.5,0.0,0.0,0.0,57.0610488164005,57.0610488164005,57.0610488164005,57.0610488164005,0.1220398717890685,0.3236063436624518,0.0,0.0,0.0,0.1220398717890685,0.03550900146365166
5.136,0.0,0.0,0.6195907438374714,0.0,0.0,-0.3201132737198896,0.0,0.0,0.0,0.0,0.0,0.0,0.0,0.0,0.5,0.0,0.0,0.0,0.5,0.0,0.0,0.0,57.0610488164005,57.0610488164005,57.0610488164005,57.0610488164005,0.11959074383747137,0.3201132737198896,0.0,0.0,0.0,0.11959074383747137,0.026972003979608417
5.144,0.0,0.0,0.6172072147235456,0.0,0.0,-0.3156788468240569,0.0,0.0,0.0,0.0,0.0,0.0,0.0,0.0,0.5,0.0,0.0,0.0,0.5,0.0,0.0,0.0,57.0610488164005,57.0610488164005,57.0610488164005,57.0610488164005,0.11720721472354556,0.3156788468240569,0.0,0.0,0.0,0.11720721472354556,0.02138499985449016
5.152,0.0,0.0,0.6148969873681478,0.0,0.0,-0.3102987613441896,0.0,0.0,0.0,0.0,0.0,0.0,0.0,0.0,0.5,0.0,0.0,0.0,0.5,0.0,0.0,0.0,57.0610488164005,57.0610488164005,57.0610488164005,57.0610488164005,0.1148969873681478,0.3102987613441896,0.0,0.0,0.0,0.1148969873681478,0.03582700446713716
5.16,0.0,0.0,0.6126677983743453,0.0,0.0,-0.30396873392041496,0.0,0.0,0.0,0.0,0.0,0.0,0.0,0.0,0.5,0.0,0.0,0.0,0.5,0.0,0.0,0.0,57.0610488164005,57.0610488164005,57.0610488164005,57.0610488164005,0.11266779837434526,0.30396873392041496,0.0,0.0,0.0,0.11266779837434526,0.028045993531122804
5.168,0.0,0.0,0.6105274179836526,0.0,0.0,-0.296684496903648,0.0,0.0,0.0,0.0,0.0,0.0,0.0,0.0,0.5,0.0,0.0,0.0,0.5,0.0,0.0,0.0,57.0610488164005,57.0610488164005,57.0610488164005,57.0610488164005,0.11052741798365262,0.296684496903648,0.0,0.0,0.0,0.11052741798365262,0.035996003134641796
5.176,0.0,0.0,0.608483650032325,0.0,0.0,-0.28844179630610983,0.0,0.0,0.0,0.0,0.0,0.0,0.0,0.0,0.5,0.0,0.0,0.0,0.5,0.0,0.0,0.0,57.0610488164005,57.0610488164005,57.0610488164005,57.0610488164005,0.10848365003232496,0.28844179630610983,0.0,0.0,0.0,0.10848365003232496,0.03695300256367773
5.184,0.0,0.0,0.6065443319077081,0.0,0.0,-0.2792363901603102,0.0,0.0,0.0,0.0,0.0,0.0,0.0,0.0,0.5,0.0,0.0,0.0,0.5,0.0,0.0,0.0,57.0610488164005,57.0610488164005,57.0610488164005,57.0610488164005,0.10654433190770807,0.2792363901603102,0.0,0.0,0.0,0.10654433190770807,0.028963993827346712
5.192,0.0,0.0,0.6047173345046453,0.0,0.0,-0.2690640472048182,0.0,0.0,0.0,0.0,0.0,0.0,0.0,0.0,0.5,0.0,0.0,0.0,0.5,0.0,0.0,0.0,57.0610488164005,57.0610488164005,57.0610488164005,57.0610488164005,0.10471733450464527,0.2690640472048182,0.0,0.0,0.0,0.10471733450464527,0.058925994380842894
5.2,0.0,0.0,0.6030105621819408,0.0,0.0,-0.25792054583146556,0.0,0.0,0.0,0.0,0.0,0.0,0.0,0.0,0.5,0.0,0.0,0.0,0.5,0.0,0.0,0.0,57.0610488164005,57.0610488164005,57.0610488164005,57.0610488164005,0.10301056218194082,0.25792054583146556,0.0,0.0,0.0,0.10301056218194082,0.06051200034562498
5.208,0.0,0.0,0.6014319527188802,0.0,0.0,-0.24580167324168878,0.0,0.0,0.0,0.0,0.0,0.0,0.0,0.0,0.5,0.0,0.0,0.0,0.5,0.0,0.0,0.0,57.0610488164005,57.0610488164005,57.0610488164005,57.0610488164005,0.10143195271888017,0.24580167324168878,0.0,0.0,0.0,0.10143195271888017,0.10072100121760741
5.216,0.0,0.0,0.5999894772718062,0.0,0.0,-0.2327032247702007,0.0,0.0,0.0,0.0,0.0,0.0,0.0,0.0,0.5,0.0,0.0,0.0,0.5,0.0,0.0,0.0,57.0610488164005,57.0610488164005,57.0610488164005,57.0610488164005,0.09998947727180618,0.2327032247702007,0.0,0.0,0.0,0.09998947727180618,0.17747999663697556
5.224,0.0,0.0,0.5986911403307525,0.0,0.0,-0.21862100334250142,0.0,0.0,0.0,0.0,0.0,0.0,0.0,0.0,0.5,0.0,0.0,0.0,0.5,0.0,0.0,0.0,57.0610488164005,57.0610488164005,57.0610488164005,57.0610488164005,0.09869114033075255,0.21862100334250142,0.0,0.0,0.0,0.09869114033075255,0.09272000170312822
5.232,0.0,0.0,0.5975449796761326,0.0,0.0,-0.20355081903949915,0.0,0.0,0.0,0.0,0.0,0.0,0.0,0.0,0.5,0.0,0.0,0.0,0.47267311189227423,0.0,0.0,0.0,56.56582828211167,56.56582828211167,56.56582828211167,56.56582828211167,0.09754497967613263,0.20355081903949915,0.0,0.0,0.0,0.09754497967613263,0.1795839998521842
5.24,0.0,0.0,0.5965590663354854,0.0,0.0,-0.18748848874778024,0.0,0.0,0.0,0.0,0.0,0.0,0.0,0.0,0.5,0.0,0.0,0.0,0.42229786540191044,0.0,0.0,0.0,55.65292314693688,55.65292314693688,55.65292314693688,55.65292314693688,0.09655906633548539,0.18748848874778024,0.0,0.0,0.0,0.09655906633548539,0.07662300049560145
5.248,0.0,0.0,0.595741504540277,0.0,0.0,-0.1704298358784347,0.0,0.0,0.0,0.0,0.0,0.0,0.0,0.0,0.5,0.0,0.0,0.0,0.36834727578962934,0.0,0.0,0.0,54.675225294635936,54.675225294635936,54.675225294635936,54.675225294635936,0.09574150454027697,0.1704298358784347,0.0,0.0,0.0,0.09574150454027697,0.09578400204190984
5.256,0.0,0.0,0.5951004316827588,0.0,0.0,-0.15237069014070104,0.0,0.0,0.0,0.0,0.0,0.0,0.0,0.0,0.5,0.0,0.0,0.0,0.31079113157223887,0.0,0.0,0.0,53.63218722976082,53.63218722976082,53.63218722976082,53.63218722976082,0.09510043168275883,0.15237069014070104,0.0,0.0,0.0,0.09510043168275883,0.05832500028191134
5.264,0.0,0.0,0.5946440182728816,0.0,0.0,-0.13330688735949164,0.0,0.0,0.0,0.0,0.0,0.0,0.0,0.0,0.5,0.0,0.0,0.0,0.24959980389081926,0.0,0.0,0.0,52.52327201523741,52.52327201523741,52.52327201523741,52.52327201523741,0.0946440182728816,0.13330688735949164,0.0,0.0,0.0,0.0946440182728816,0.03754600038519129
5.272,0.0,0.0,0.5943804678952649,0.0,0.0,-0.11323426932801124,0.0,0.0,0.0,0.0,0.0,0.0,0.0,0.0,0.5,0.0,0.0,0.0,0.1847436183672666,0.0,0.0,0.0,51.34794188908853,51.34794188908853,51.34794188908853,51.34794188908853,0.09438046789526489,0.11323426932801124,0.0,0.0,0.0,0.09438046789526489,0.028550995921250433
5.28,0.0,0.0,0.5943180171662233,0.0,0.0,-0.09214868368844753,0.0,0.0,0.0,0.0,0.0,0.0,0.0,0.0,0.5,0.0,0.0,0.0,0.1161928547196528,0.0,0.0,0.0,50.10565825746341,50.10565825746341,50.10565825746341,50.10565825746341,0.09431801716622334,0.09214868368844753,0.0,0.0,0.0,0.09431801716622334,0.05000300006940961
5.288,0.0,0.0,0.5944649356908484,0.0,0.0,-0.07004598383513287,0.0,0.0,0.0,0.0,0.0,0.0,0.0,0.0,0.5,0.0,0.0,0.0,0.04391774653121672,0.0,0.0,0.0,48.79588169045132,48.79588169045132,48.79588169045132,48.79588169045132,0.09446493569084835,0.07004598383513287,0.0,0.0,0.0,0.09446493569084835,0.02874500205507502
5.296,0.0,0.0,0.5948295260201454,0.0,0.0,-0.04692202883568051,0.0,0.0,0.0,0.0,0.0,0.0,0.0,0.0,0.5,0.0,0.0,0.0,-0.03211325847330304,0.0,0.0,0.0,47.418040394639426,47.418040394639426,47.418040394639426,47.418040394639426,0.09482952602014538,0.04692202883568051,0.0,0.0,0.0,0.09482952602014538,0.026793000870384276
5.304,0.0,0.0,0.5954185559119247,0.0,0.0,-0.022811875774061033,0.0,0.0,0.0,0.0,0.0,0.0,0.0,0.0,0.5,0.0,0.0,0.0,-0.11179590081065016,0.0,0.0,0.0,45.97402377056246,45.97402377056246,45.97402377056246,45.97402377056246,0.09541855591192472,0.022811875774061033,0.0,0.0,0.0,0.09541855591192472,0.07518100028391927
5.312,0.0,0.0,0.5962231234048934,0.0,0.0,0.0018646867049672625,0.0,0.0,0.0,0.0,0.0,0.0,0.0,0.0,0.5,0.0,0.0,0.0,-0.19374714022943657,0.0,0.0,0.0,44.48889540868616,44.48889540868616,44.48889540868616,44.48889540868616,0.09622312340489336,0.0018646867049672625,0.0,0.0,0.0,0.09622312340489336,0.04182699922239408
5.32,0.0,0.0,0.5972343817948021,0.0,0.0,0.02677320911169346,0.0,0.0,0.0,0.0,0.0,0.0,0.0,0.0,0.5,0.0,0.0,0.0,-0.2768603061819445,0.0,0.0,0.0,42.98271050072363,42.98271050072363,42.98271050072363,42.98271050072363,0.09723438179480215,0.02677320911169346,0.0,0.0,0.0,0.09723438179480215,0.02581700391601771
5.328,0.0,0.0,0.5984435395626497,0.0,0.0,0.05164751148554423,0.0,0.0,0.0,0.0,0.0,0.0,0.0,0.0,0.5,0.0,0.0,0.0,-0.36025118479038015,0.0,0.0,0.0,41.4714928568965,41.4714928568965,41.4714928568965,41.4714928568965,0.09844353956264973,0.05164751148554423,0.0,0.0,0.0,0.09844353956264973,0.024196997401304543
5.336,0.0,0.0,0.5998418603029803,0.0,0.0,0.07627602769669854,0.0,0.0,0.0,0.0,0.0,0.0,0.0,0.0,0.5,0.0,0.0,0.0,-0.4432135432917619,0.0,0.0,0.0,39.96804089628702,39.96804089628702,39.96804089628702,39.96804089628702,0.09984186030298026,0.07627602769669854,0.0,0.0,0.0,0.09984186030298026,0.023713997507002205
5.344,0.0,0.0,0.6014206626522739,0.0,0.0,0.1004908808896998,0.0,0.0,0.0,0.0,0.0,0.0,0.0,0.0,0.5,0.0,0.0,0.0,-0.5251835495185346,0.0,0.0,0.0,38.482572440484134,38.482572440484134,38.482572440484134,38.482572440484134,0.1014206626522739,0.1004908808896998,0.0,0.0,0.0,0.1014206626522739,0.02304800000274554
5.352,0.0,0.0,0.6031713202174303,0.0,0.0,0.1241591438406687,0.0,0.0,0.0,0.0,0.0,0.0,0.0,0.0,0.5,0.0,0.0,0.0,-0.6057113074626499,0.0,0.0,0.0,37.02324054887031,37.02324054887031,37.02324054887031,37.02324054887031,0.10317132021743025,0.1241591438406687,0.0,0.0,0.0,0.10317132021743025,0.02469900209689513
5.36,0.0,0.0,0.6050852615043454,0.0,0.0,0.14717584724541324,0.0,0.0,0.0,0.0,0.0,0.0,0.0,0.0,0.5,0.0,0.0,0.0,-0.6844380857065047,0.0,0.0,0.0,35.5965461872193,35.5965461872193,35.5965461872193,35.5965461872193,0.10508526150434538,0.14717584724541324,0.0,0.0,0.0,0.10508526150434538,0.023138003598432988
5.368,0.0,0.0,0.6071539698465807,0.0,0.0,0.16945838635221233,0.0,0.0,0.0,0.0,0.0,0.0,0.0,0.0,0.5,0.0,0.0,0.0,-0.7610781001472625,0.0,0.0,0.0,34.20766836294461,34.20766836294461,34.20766836294461,34.20766836294461,0.10715396984658065,0.16945838635221233,0.0,0.0,0.0,0.10715396984658065,0.04355500277597457
5.376,0.0,0.0,0.6093689833341253,0.0,0.0,0.1909420462703849,0.0,0.0,0.0,0.0,0.0,0.0,0.0,0.0,0.5,0.0,0.0,0.0,-0.8354022383472843,0.0,0.0,0.0,32.86075907401002,32.86075907401002,32.86075907401002,32.86075907401002,0.10936898333412526,0.1909420462703849,0.0,0.0,0.0,0.10936898333412526,0.04024800000479445
5.384,0.0,0.0,0.6117218947422506,0.0,0.0,0.211576422219441,0.0,0.0,0.0,0.0,0.0,0.0,0.0,0.0,0.5,0.0,0.0,0.0,-0.9072332644885781,0.0,0.0,0.0,31.559030205213215,31.559030205213215,31.559030205213215,31.559030205213215,0.11172189474225058,0.211576422219441,0.0,0.0,0.0,0.11172189474225058,0.03504299820633605
5.392,0.0,0.0,0.6142043514604573,0.0,0.0,0.23132255573071983,0.0,0.0,0.0,0.0,0.0,0.0,0.0,0.0,0.5,0.0,0.0,0.0,-0.9764261142392482,0.0,0.0,0.0,30.305110626539843,30.305110626539843,30.305110626539843,30.305110626539843,0.11420435146045727,0.23132255573071983,0.0,0.0,0.0,0.11420435146045727,0.026585003070067614
5.4,0.0,0.0,0.6168080554215145,0.0,0.0,0.250150643611007,0.0,0.0,0.0,0.0,0.0,0.0,0.0,0.0,0.5,0.0,0.0,0.0,-1.0,0.0,0.0,0.0,29.877902367199002,29.877902367199002,29.877902367199002,29.877902367199002,0.11680805542151451,0.250150643611007,0.0,0.0,0.0,0.11680805542151451,0.15342199912993237
5.408,0.0,0.0,0.619524763030592,0.0,0.0,0.26803820511574294,0.0,0.0,0.0,0.0,0.0,0.0,0.0,0.0,0.5,0.0,0.0,0.0,-1.0,0.0,0.0,0.0,29.877902367199002,29.877902367199002,29.877902367199002,29.877902367199002,0.11952476303059201,0.26803820511574294,0.0,0.0,0.0,0.11952476303059201,0.1018210023175925
5.416,0.0,0.0,0.6223462850944831,0.0,0.0,0.2849686156898713,0.0,0.0,0.0,0.0,0.0,0.0,0.0,0.0,0.5,0.0,0.0,0.0,-1.0,0.0,0.0,0.0,29.877902367199002,29.877902367199002,29.877902367199002,29.877902367199002,0.12234628509448309,0.2849686156898713,0.0,0.0,0.0,0.12234628509448309,0.04950300353812054
5.424,0.0,0.0,0.6252644867509206,0.0,0.0,0.3009299339628351,0.0,0.0,0.0,0.0,0.0,0.0,0.0,0.0,0.5,0.0,0.0,0.0,-1.0,0.0,0.0,0.0,29.877902367199002,29.877902367199002,29.877902367199002,29.877902367199002,0.1252644867509206,0.3009299339628351,0.0,0.0,0.0,0.1252644867509206,0.03031799860764295
5.432,0.0,0.0,0.6282712873979845,0.0,0.0,0.3159139633468664,0.0,0.0,0.0,0.0,0.0,0.0,0.0,0.0,0.5,0.0,0.0,0.0,-1.0,0.0,0.0,0.0,29.877902367199002,29.877902367199002,29.877902367199002,29.877902367199002,0.12827128739798455,0.3159139633468664,0.0,0.0,0.0,0.12827128739798455,0.06670400034636259
5.44,0.0,0.0,0.6313586606236008,0.0,0.0,0.3299155013178994,0.0,0.0,0.0,0.0,0.0,0.0,0.0,0.0,0.5,0.0,0.0,0.0,-1.0,0.0,0.0,0.0,29.877902367199002,29.877902367199002,29.877902367199002,29.877902367199002,0.1313586606236008,0.3299155013178994,0.0,0.0,0.0,0.1313586606236008,0.11938899842789397
5.448,0.0,0.0,0.6345186341351323,0.0,0.0,0.3429317388426075,0.0,0.0,0.0,0.0,0.0,0.0,0.0,0.0,0.5,0.0,0.0,0.0,-1.0,0.0,0.0,0.0,29.877902367199002,29.877902367199002,29.877902367199002,29.877902367199002,0.13451863413513232,0.3429317388426075,0.0,0.0,0.0,0.13451863413513232,0.048203997721429914
5.456,0.0,0.0,0.637743289689061,0.0,0.0,0.3549617799223035,0.0,0.0,0.0,0.0,0.0,0.0,0.0,0.0,0.5,0.0,0.0,0.0,-1.0,0.0,0.0,0.0,29.877902367199002,29.877902367199002,29.877902367199002,29.877902367199002,0.13774328968906102,0.3549617799223035,0.0,0.0,0.0,0.13774328968906102,0.06422799924621359
5.464,0.0,0.0,0.6410247630207617,0.0,0.0,0.3660062572303603,0.0,0.0,0.0,0.0,0.0,0.0,0.0,0.0,0.5,0.0,0.0,0.0,-1.0,0.0,0.0,0.0,29.877902367199002,29.877902367199002,29.877902367199002,29.877902367199002,0.14102476302076172,0.3660062572303603,0.0,0.0,0.0,0.14102476302076172,0.03532000118866563
5.472,0.0,0.0,0.6443552437743668,0.0,0.0,0.3760670246244155,0.0,0.0,0.0,0.0,0.0,0.0,0.0,0.0,0.5,0.0,0.0,0.0,-1.0,0.0,0.0,0.0,29.877902367199002,29.877902367199002,29.877902367199002,29.877902367199002,0.14435524377436681,0.3760670246244155,0.0,0.0,0.0,0.14435524377436681,0.04073099989909679
5.48,0.0,0.0,0.6477269754327224,0.0,0.0,0.38514691115842187,0.0,0.0,0.0,0.0,0.0,0.0,0.0,0.0,0.5,0.0,0.0,0.0,-1.0,0.0,0.0,0.0,29.877902367199002,29.877902367199002,29.877902367199002,29.877902367199002,0.1477269754327224,0.38514691115842187,0.0,0.0,0.0,0.1477269754327224,0.1747310016071424
5.488,0.0,0.0,0.6511322552474351,0.0,0.0,0.39324952429455556,0.0,0.0,0.0,0.0,0.0,0.0,0.0,0.0,0.5,0.0,0.0,0.0,-1.0,0.0,0.0,0.0,29.877902367199002,29.877902367199002,29.877902367199002,29.877902367199002,0.15113225524743512,0.39324952429455556,0.0,0.0,0.0,0.15113225524743512,0.1425480004400015
5.496,0.0,0.0,0.6545634341690103,0.0,0.0,0.400379092475024,0.0,0.0,0.0,0.0,0.0,0.0,0.0,0.0,0.5,0.0,0.0,0.0,-1.0,0.0,0.0,0.0,29.877902367199002,29.877902367199002,29.877902367199002,29.877902367199002,0.1545634341690103,0.400379092475024,0.0,0.0,0.0,0.1545634341690103,0.0885479967109859
5.5040000000000004,0.0,0.0,0.6580129167770803,0.0,0.0,0.40654033918176885,0.0,0.0,0.0,0.0,0.0,0.0,0.0,0.0,0.5,0.0,0.0,0.0,-1.0,0.0,0.0,0.0,29.877902367199002,29.877902367199002,29.877902367199002,29.877902367199002,0.1580129167770803,0.40654033918176885,0.0,0.0,0.0,0.1580129167770803,0.07788899529259652
5.5120000000000005,0.0,0.0,0.6614731612107241,0.0,0.0,0.41173838218650977,0.0,0.0,0.0,0.0,0.0,0.0,0.0,0.0,0.5,0.0,0.0,0.0,-1.0,0.0,0.0,0.0,29.877902367199002,29.877902367199002,29.877902367199002,29.877902367199002,0.16147316121072408,0.41173838218650977,0.0,0.0,0.0,0.16147316121072408,0.1295160036534071
5.5200000000000005,0.0,0.0,0.664936679098877,0.0,0.0,0.41597865295303055,0.0,0.0,0.0,0.0,0.0,0.0,0.0,0.0,0.5,0.0,0.0,0.0,-1.0,0.0,0.0,0.0,29.877902367199002,29.877902367199002,29.877902367199002,29.877902367199002,0.164936679098877,0.41597865295303055,0.0,0.0,0.0,0.164936679098877,0.10813100379891694
5.5280000000000005,0.0,0.0,0.668396035490831,0.0,0.0,0.41926683216127564,0.0,0.0,0.0,0.0,0.0,0.0,0.0,0.0,0.5,0.0,0.0,0.0,-1.0,0.0,0.0,0.0,29.877902367199002,29.877902367199002,29.877902367199002,29.877902367199002,0.16839603549083104,0.41926683216127564,0.0,0.0,0.0,0.16839603549083104,0.05825200059916824
5.5360000000000005,0.0,0.0,0.6718438487868253,0.0,0.0,0.42160879812887814,0.0,0.0,0.0,0.0,0.0,0.0,0.0,0.0,0.5,0.0,0.0,0.0,-1.0,0.0,0.0,0.0,29.877902367199002,29.877902367199002,29.877902367199002,29.877902367199002,0.17184384878682535,0.42160879812887814,0.0,0.0,0.0,0.17184384878682535,0.04940400685882196
5.5440000000000005,0.0,0.0,0.6752727906687271,0.0,0.0,0.4230105855506473,0.0,0.0,0.0,0.0,0.0,0.0,0.0,0.0,0.5,0.0,0.0,0.0,-1.0,0.0,0.0,0.0,29.877902367199002,29.877902367199002,29.877902367199002,29.877902367199002,0.17527279066872714,0.4230105855506473,0.0,0.0,0.0,0.17527279066872714,0.041093000618275255
5.5520000000000005,0.0,0.0,0.6786755860308025,0.0,0.0,0.423478352492401,0.0,0.0,0.0,0.0,0.0,0.0,0.0,0.0,0.5,0.0,0.0,0.0,-1.0,0.0,0.0,0.0,29.877902367199002,29.877902367199002,29.877902367199002,29.877902367199002,0.17867558603080247,0.423478352492401,0.0,0.0,0.0,0.17867558603080247,0.07158199878176674
5.5600000000000005,0.0,0.0,0.6820450129105771,0.0,0.0,0.42301835398828563,0.0,0.0,0.0,0.0,0.0,0.0,0.0,0.0,0.5,0.0,0.0,0.0,-1.0,0.0,0.0,0.0,29.877902367199002,29.877902367199002,29.877902367199002,29.877902367199002,0.18204501291057706,0.42301835398828563,0.0,0.0,0.0,0.18204501291057706,0.08307499956572428
5.5680000000000005,0.0,0.0,0.6853739024197866,0.0,0.0,0.4216369209208662,0.0,0.0,0.0,0.0,0.0,0.0,0.0,0.0,0.5,0.0,0.0,0.0,-1.0,0.0,0.0,0.0,29.877902367199002,29.877902367199002,29.877902367199002,29.877902367199002,0.18537390241978657,0.4216369209208662,0.0,0.0,0.0,0.18537390241978657,0.035196004319004714
5.5760000000000005,0.0,0.0,0.6886551386754175,0.0,0.0,0.41934044312746604,0.0,0.0,0.0,0.0,0.0,0.0,0.0,0.0,0.5,0.0,0.0,0.0,-1.0,0.0,0.0,0.0,29.877902367199002,29.877902367199002,29.877902367199002,29.877902367199002,0.1886551386754175,0.41934044312746604,0.0,0.0,0.0,0.1886551386754175,0.03664199903141707
5.5840000000000005,0.0,0.0,0.6918816587308367,0.0,0.0,0.4161353558874537,0.0,0.0,0.0,0.0,0.0,0.0,0.0,0.0,0.5,0.0,0.0,0.0,-1.0,0.0,0.0,0.0,29.877902367199002,29.877902367199002,29.877902367199002,29.877902367199002,0.19188165873083673,0.4161353558874537,0.0,0.0,0.0,0.19188165873083673,0.03575799928512424
5.5920000000000005,0.0,0.0,0.6950464525070109,0.0,0.0,0.4120281291143174,0.0,0.0,0.0,0.0,0.0,0.0,0.0,0.0,0.5,0.0,0.0,0.0,-1.0,0.0,0.0,0.0,29.877902367199002,29.877902367199002,29.877902367199002,29.877902367199002,0.19504645250701091,0.4120281291143174,0.0,0.0,0.0,0.19504645250701091,0.026206995244137943
5.6000000000000005,0.0,0.0,0.6981425627238155,0.0,0.0,0.40702525871156786,0.0,0.0,0.0,0.0,0.0,0.0,0.0,0.0,0.5,0.0,0.0,0.0,-1.0,0.0,0.0,0.0,29.877902367199002,29.877902367199002,29.877902367199002,29.877902367199002,0.19814256272381547,0.40702525871156786,0.0,0.0,0.0,0.19814256272381547,0.03611599822761491
5.6080000000000005,0.0,0.0,0.7011630848314324,0.0,0.0,0.4011332596596778,0.0,0.0,0.0,0.0,0.0,0.0,0.0,0.0,0.5,0.0,0.0,0.0,-1.0,0.0,0.0,0.0,29.877902367199002,29.877902367199002,29.877902367199002,29.877902367199002,0.20116308483143241,0.4011332596596778,0.0,0.0,0.0,0.20116308483143241,0.02737400063779205
5.6160000000000005,0.0,0.0,0.7041011669418378,0.0,0.0,0.3943586604878762,0.0,0.0,0.0,0.0,0.0,0.0,0.0,0.0,0.5,0.0,0.0,0.0,-1.0,0.0,0.0,0.0,29.877902367199002,29.877902367199002,29.877902367199002,29.877902367199002,0.20410116694183777,0.3943586604878762,0.0,0.0,0.0,0.20410116694183777,0.022342996089719236
5.6240000000000006,0.0,0.0,0.7069500097603775,0.0,0.0,0.3867079988537934,0.0,0.0,0.0,0.0,0.0,0.0,0.0,0.0,0.5,0.0,0.0,0.0,-1.0,0.0,0.0,0.0,29.877902367199002,29.877902367199002,29.877902367199002,29.877902367199002,0.20695000976037747,0.3867079988537934,0.0,0.0,0.0,0.20695000976037747,0.03592400025809184
5.632,0.0,0.0,0.7097028665174326,0.0,0.0,0.37818781800942153,0.0,0.0,0.0,0.0,0.0,0.0,0.0,0.0,0.5,0.0,0.0,0.0,-1.0,0.0,0.0,0.0,29.877902367199002,29.877902367199002,29.877902367199002,29.877902367199002,0.20970286651743264,0.37818781800942153,0.0,0.0,0.0,0.20970286651743264,0.02376300108153373
5.64,0.0,0.0,0.7123530429001733,0.0,0.0,0.3688046639760541,0.0,0.0,0.0,0.0,0.0,0.0,0.0,0.0,0.5,0.0,0.0,0.0,-1.0,0.0,0.0,0.0,29.877902367199002,29.877902367199002,29.877902367199002,29.877902367199002,0.21235304290017332,0.3688046639760541,0.0,0.0,0.0,0.21235304290017332,0.036491997889243066
5.648,0.0,0.0,0.7148938969844011,0.0,0.0,0.3585650832865376,0.0,0.0,0.0,0.0,0.0,0.0,0.0,0.0,0.5,0.0,0.0,0.0,-1.0,0.0,0.0,0.0,29.877902367199002,29.877902367199002,29.877902367199002,29.877902367199002,0.2148938969844011,0.3585650832865376,0.0,0.0,0.0,0.2148938969844011,0.03517100412864238
5.656,0.0,0.0,0.7173188391664802,0.0,0.0,0.3474756211812079,0.0,0.0,0.0,0.0,0.0,0.0,0.0,0.0,0.5,0.0,0.0,0.0,-1.0,0.0,0.0,0.0,29.877902367199002,29.877902367199002,29.877902367199002,29.877902367199002,0.2173188391664802,0.3474756211812079,0.0,0.0,0.0,0.2173188391664802,0.07313599780900404
5.664,0.0,0.0,0.7196213320953573,0.0,0.0,0.3355428201668932,0.0,0.0,0.0,0.0,0.0,0.0,0.0,0.0,0.5,0.0,0.0,0.0,-1.0,0.0,0.0,0.0,29.877902367199002,29.877902367199002,29.877902367199002,29.877902367199002,0.21962133209535728,0.3355428201668932,0.0,0.0,0.0,0.21962133209535728,0.04883499786956236
5.672,0.0,0.0,0.7217948906046687,0.0,0.0,0.32277321886630067,0.0,0.0,0.0,0.0,0.0,0.0,0.0,0.0,0.5,0.0,0.0,0.0,-1.0,0.0,0.0,0.0,29.877902367199002,29.877902367199002,29.877902367199002,29.877902367199002,0.22179489060466873,0.32277321886630067,0.0,0.0,0.0,0.22179489060466873,0.15667099796701223
5.68,0.0,0.0,0.7238330816449373,0.0,0.0,0.3091733510997552,0.0,0.0,0.0,0.0,0.0,0.0,0.0,0.0,0.5,0.0,0.0,0.0,-1.0,0.0,0.0,0.0,29.877902367199002,29.877902367199002,29.877902367199002,29.877902367199002,0.22383308164493732,0.3091733510997552,0.0,0.0,0.0,0.22383308164493732,0.16488399705849588
5.688,0.0,0.0,0.7257295242158561,0.0,0.0,0.29474974515277436,0.0,0.0,0.0,0.0,0.0,0.0,0.0,0.0,0.5,0.0,0.0,0.0,-1.0,0.0,0.0,0.0,29.877902367199002,29.877902367199002,29.877902367199002,29.877902367199002,0.22572952421585613,0.29474974515277436,0.0,0.0,0.0,0.22572952421585613,0.07301200093934312
5.696,0.0,0.0,0.7274778892986606,0.0,0.0,0.27950892319233234,0.0,0.0,0.0,0.0,0.0,0.0,0.0,0.0,0.5,0.0,0.0,0.0,-1.0,0.0,0.0,0.0,29.877902367199002,29.877902367199002,29.877902367199002,29.877902367199002,0.22747788929866064,0.27950892319233234,0.0,0.0,0.0,0.22747788929866064,0.05534200317924842
5.704,0.0,0.0,0.729071899788589,0.0,0.0,0.2634574008020747,0.0,0.0,0.0,0.0,0.0,0.0,0.0,0.0,0.5,0.0,0.0,0.0,-1.0,0.0,0.0,0.0,29.877902367199002,29.877902367199002,29.877902367199002,29.877902367199002,0.229071899788589,0.2634574008020747,0.0,0.0,0.0,0.229071899788589,0.031672003387939185
5.712,0.0,0.0,0.7305053304274296,0.0,0.0,0.24660168661267487,0.0,0.0,0.0,0.0,0.0,0.0,0.0,0.0,0.5,0.0,0.0,0.0,-1.0,0.0,0.0,0.0,29.877902367199002,29.877902367199002,29.877902367199002,29.877902367199002,0.2305053304274296,0.24660168661267487,0.0,0.0,0.0,0.2305053304274296,0.035247001505922526
5.72,0.0,0.0,0.7317720077361568,0.0,0.0,0.22894828200832,0.0,0.0,0.0,0.0,0.0,0.0,0.0,0.0,0.5,0.0,0.0,0.0,-1.0,0.0,0.0,0.0,29.877902367199002,29.877902367199002,29.877902367199002,29.877902367199002,0.2317720077361568,0.22894828200832,0.0,0.0,0.0,0.2317720077361568,0.03838300472125411
5.728,0.0,0.0,0.7328658099476535,0.0,0.0,0.21050368089407312,0.0,0.0,0.0,0.0,0.0,0.0,0.0,0.0,0.5,0.0,0.0,0.0,-1.0,0.0,0.0,0.0,29.877902367199002,29.877902367199002,29.877902367199002,29.877902367199002,0.2328658099476535,0.21050368089407312,0.0,0.0,0.0,0.2328658099476535,0.029504000849556178
5.736,0.0,0.0,0.7337806669395218,0.0,0.0,0.19127436951196672,0.0,0.0,0.0,0.0,0.0,0.0,0.0,0.0,0.5,0.0,0.0,0.0,-1.0,0.0,0.0,0.0,29.877902367199002,29.877902367199002,29.877902367199002,29.877902367199002,0.23378066693952182,0.19127436951196672,0.0,0.0,0.0,0.23378066693952182,0.02346499968552962
5.744,0.0,0.0,0.7345105601669807,0.0,0.0,0.17126682629604503,0.0,0.0,0.0,0.0,0.0,0.0,0.0,0.0,0.5,0.0,0.0,0.0,-1.0,0.0,0.0,0.0,29.877902367199002,29.877902367199002,29.877902367199002,29.877902367199002,0.23451056016698069,0.17126682629604503,0.0,0.0,0.0,0.23451056016698069,0.02781200601020828
5.752,0.0,0.0,0.7350495225958507,0.0,0.0,0.15048752175858532,0.0,0.0,0.0,0.0,0.0,0.0,0.0,0.0,0.5,0.0,0.0,0.0,-0.9507879635233062,0.0,0.0,0.0,30.76972769693861,30.76972769693861,30.76972769693861,30.76972769693861,0.23504952259585066,0.15048752175858532,0.0,0.0,0.0,0.23504952259585066,0.024817003577481955
5.76,0.0,0.0,0.7353916386356258,0.0,0.0,0.1289429184012479,0.0,0.0,0.0,0.0,0.0,0.0,0.0,0.0,0.5,0.0,0.0,0.0,-0.8812933899476838,0.0,0.0,0.0,32.02911514422591,32.02911514422591,32.02911514422591,32.02911514422591,0.23539163863562584,0.1289429184012479,0.0,0.0,0.0,0.23539163863562584,0.02446000144118443
5.768,0.0,0.0,0.7355310440726328,0.0,0.0,0.10663947064617252,0.0,0.0,0.0,0.0,0.0,0.0,0.0,0.0,0.5,0.0,0.0,0.0,-0.8089274575226896,0.0,0.0,0.0,33.34053763692034,33.34053763692034,33.34053763692034,33.34053763692034,0.2355310440726328,0.10663947064617252,0.0,0.0,0.0,0.2355310440726328,0.023826003598514944
5.776,0.0,0.0,0.7354640097291298,0.0,0.0,0.08363571792936378,0.0,0.0,0.0,0.0,0.0,0.0,0.0,0.0,0.5,0.0,0.0,0.0,-0.73387474951662,0.0,0.0,0.0,34.70065013901243,34.70065013901243,34.70065013901243,34.70065013901243,0.23546400972912984,0.08363571792936378,0.0,0.0,0.0,0.23546400972912984,0.0417990013374947
5.784,0.0,0.0,0.7351968951386723,0.0,0.0,0.06023070958205142,0.0,0.0,0.0,0.0,0.0,0.0,0.0,0.0,0.5,0.0,0.0,0.0,-0.6571199578589684,0.0,0.0,0.0,36.0916079672177,36.0916079672177,36.0916079672177,36.0916079672177,0.23519689513867226,0.06023070958205142,0.0,0.0,0.0,0.23519689513867226,0.08084300498012453
5.792,0.0,0.0,0.7347360952624982,0.0,0.0,0.03666457076128891,0.0,0.0,0.0,0.0,0.0,0.0,0.0,0.0,0.5,0.0,0.0,0.0,-0.5794612208767377,0.0,0.0,0.0,37.4989471808497,37.4989471808497,37.4989471808497,37.4989471808497,0.23473609526249817,0.03666457076128891,0.0,0.0,0.0,0.23473609526249817,0.04191700281808153
5.8,0.0,0.0,0.7340880404434968,0.0,0.0,0.013130286133998137,0.0,0.0,0.0,0.0,0.0,0.0,0.0,0.0,0.5,0.0,0.0,0.0,-0.501538001386783,0.0,0.0,0.0,38.91107937230883,38.91107937230883,38.91107937230883,38.91107937230883,0.23408804044349685,0.013130286133998137,0.0,0.0,0.0,0.23408804044349685,0.04001699562650174
5.808,0.0,0.0,0.7332591963602373,0.0,0.0,-0.010216873174290502,0.0,0.0,0.0,0.0,0.0,0.0,0.0,0.0,0.5,0.0,0.0,0.0,-0.4238687185866688,0.0,0.0,0.0,40.31860969828214,40.31860969828214,40.31860969828214,40.31860969828214,0.2332591963602373,0.010216873174290502,0.0,0.0,0.0,0.2332591963602373,0.03529600508045405
5.816,0.0,0.0,0.7322560639810562,0.0,0.0,-0.03325180801895832,0.0,0.0,0.0,0.0,0.0,0.0,0.0,0.0,0.5,0.0,0.0,0.0,-0.34687359348591496,0.0,0.0,0.0,41.713922872607725,41.713922872607725,41.713922872607725,41.713922872607725,0.23225606398105625,0.03325180801895832,0.0,0.0,0.0,0.23225606398105625,0.054714997531846166
5.824,0.0,0.0,0.7310851795182062,0.0,0.0,-0.0558735579864185,0.0,0.0,0.0,0.0,0.0,0.0,0.0,0.0,0.5,0.0,0.0,0.0,-0.27089429854279756,0.0,0.0,0.0,43.09082707363828,43.09082707363828,43.09082707363828,43.09082707363828,0.23108517951820617,0.0558735579864185,0.0,0.0,0.0,0.23108517951820617,0.04038699989905581
5.832,0.0,0.0,0.7297531143820624,0.0,0.0,-0.07800047479273006,0.0,0.0,0.0,0.0,0.0,0.0,0.0,0.0,0.5,0.0,0.0,0.0,-0.1962113868061383,0.0,0.0,0.0,44.44423809163188,44.44423809163188,44.44423809163188,44.44423809163188,0.22975311438206236,0.07800047479273006,0.0,0.0,0.0,0.22975311438206236,0.027779999072663486
5.84,0.0,0.0,0.7282664751353899,0.0,0.0,-0.09956636100099582,0.0,0.0,0.0,0.0,0.0,0.0,0.0,0.0,0.5,0.0,0.0,0.0,-0.12304999557249086,0.0,0.0,0.0,45.77007596651959,45.77007596651959,45.77007596651959,45.77007596651959,0.2282664751353899,0.09956636100099582,0.0,0.0,0.0,0.2282664751353899,0.04425400402396917
5.848,0.0,0.0,0.7266319034476698,0.0,0.0,-0.12051738099379855,0.0,0.0,0.0,0.0,0.0,0.0,0.0,0.0,0.5,0.0,0.0,0.0,-0.051600262582943146,0.0,0.0,0.0,47.06489500359373,47.06489500359373,47.06489500359373,47.06489500359373,0.2266319034476698,0.12051738099379855,0.0,0.0,0.0,0.2266319034476698,0.0321120023727417
5.856,0.0,0.0,0.7248560760494848,0.0,0.0,-0.140809589749665,0.0,0.0,0.0,0.0,0.0,0.0,0.0,0.0,0.5,0.0,0.0,0.0,0.017981556915944163,0.0,0.0,0.0,48.325863530020506,48.325863530020506,48.325863530020506,48.325863530020506,0.22485607604948477,0.140809589749665,0.0,0.0,0.0,0.22485607604948477,0.04679300036514178
5.864,0.0,0.0,0.7229457046869641,0.0,0.0,-0.1604069558627495,0.0,0.0,0.0,0.0,0.0,0.0,0.0,0.0,0.5,0.0,0.0,0.0,0.0855649131279067,0.0,0.0,0.0,49.55061570964606,49.55061570964606,49.55061570964606,49.55061570964606,0.22294570468696406,0.1604069558627495,0.0,0.0,0.0,0.22294570468696406,0.0506430005771108
5.872,0.0,0.0,0.7209075360762874,0.0,0.0,-0.17927977995711525,0.0,0.0,0.0,0.0,0.0,0.0,0.0,0.0,0.5,0.0,0.0,0.0,0.15103981050831072,0.0,0.0,0.0,50.73715819247137,50.73715819247137,50.73715819247137,50.73715819247137,0.22090753607628744,0.17927977995711525,0.0,0.0,0.0,0.22090753607628744,0.10525800462346524
5.88,0.0,0.0,0.7187483518582486,0.0,0.0,-0.19740342941666328,0.0,0.0,0.0,0.0,0.0,0.0,0.0,0.0,0.5,0.0,0.0,0.0,0.21431268694971062,0.0,0.0,0.0,51.88379543685057,51.88379543685057,51.88379543685057,51.88379543685057,0.2187483518582486,0.19740342941666328,0.0,0.0,0.0,0.2187483518582486,0.0493219995405525
5.888,0.0,0.0,0.7164749685528771,0.0,0.0,-0.21475732616761867,0.0,0.0,0.0,0.0,0.0,0.0,0.0,0.0,0.5,0.0,0.0,0.0,0.275303117143322,0.0,0.0,0.0,52.98906996748573,52.98906996748573,52.98906996748573,52.98906996748573,0.21647496855287707,0.21475732616761867,0.0,0.0,0.0,0.21647496855287707,0.10342799942009151
5.896,0.0,0.0,0.7140942375141196,0.0,0.0,-0.23132413690303155,0.0,0.0,0.0,0.0,0.0,0.0,0.0,0.0,0.5,0.0,0.0,0.0,0.33394117528107753,0.0,0.0,0.0,54.051714582056,54.051714582056,54.051714582056,54.051714582056,0.2140942375141196,0.23132413690303155,0.0,0.0,0.0,0.2140942375141196,0.05809700087411329
5.904,0.0,0.0,0.7116130448845801,0.0,0.0,-0.24708912526091262,0.0,0.0,0.0,0.0,0.0,0.0,0.0,0.0,0.5,0.0,0.0,0.0,0.3901653252302111,0.0,0.0,0.0,55.07061411675544,55.07061411675544,55.07061411675544,55.07061411675544,0.2116130448845801,0.24708912526091262,0.0,0.0,0.0,0.2116130448845801,0.06953800038900226
5.912,0.0,0.0,0.7090383115503187,0.0,0.0,-0.26203963356526483,0.0,0.0,0.0,0.0,0.0,0.0,0.0,0.0,0.5,0.0,0.0,0.0,0.4439207326857966,0.0,0.0,0.0,56.04477485895656,56.04477485895656,56.04477485895656,56.04477485895656,0.2090383115503187,0.26203963356526483,0.0,0.0,0.0,0.2090383115503187,0.16980699729174376
5.92,0.0,0.0,0.7063769930957092,0.0,0.0,-0.27616466821744895,0.0,0.0,0.0,0.0,0.0,0.0,0.0,0.0,0.5,0.0,0.0,0.0,0.4951579149056907,0.0,0.0,0.0,56.9733000775751,56.9733000775751,56.9733000775751,56.9733000775751,0.20637699309570923,0.27616466821744895,0.0,0.0,0.0,0.20637699309570923,0.0986239974736236
5.928,0.0,0.0,0.7036360797583553,0.0,0.0,-0.28945456800780744,0.0,0.0,0.0,0.0,0.0,0.0,0.0,0.0,0.5,0.0,0.0,0.0,0.5,0.0,0.0,0.0,57.0610488164005,57.0610488164005,57.0610488164005,57.0610488164005,0.2036360797583553,0.28945456800780744,0.0,0.0,0.0,0.2036360797583553,0.14387600094778463
5.936,0.0,0.0,0.7008225963840654,0.0,0.0,-0.30190073876349294,0.0,0.0,0.0,0.0,0.0,0.0,0.0,0.0,0.5,0.0,0.0,0.0,0.5,0.0,0.0,0.0,57.0610488164005,57.0610488164005,57.0610488164005,57.0610488164005,0.2008225963840654,0.30190073876349294,0.0,0.0,0.0,0.2008225963840654,0.09953200060408562
5.944,0.0,0.0,0.6979436023818862,0.0,0.0,-0.31349544106527355,0.0,0.0,0.0,0.0,0.0,0.0,0.0,0.0,0.5,0.0,0.0,0.0,0.5,0.0,0.0,0.0,57.0610488164005,57.0610488164005,57.0610488164005,57.0610488164005,0.19794360238188624,0.31349544106527355,0.0,0.0,0.0,0.19794360238188624,0.10050700075225905
5.952,0.0,0.0,0.6950061916791942,0.0,0.0,-0.3242316204195199,0.0,0.0,0.0,0.0,0.0,0.0,0.0,0.0,0.5,0.0,0.0,0.0,0.5,0.0,0.0,0.0,57.0610488164005,57.0610488164005,57.0610488164005,57.0610488164005,0.1950061916791942,0.3242316204195199,0.0,0.0,0.0,0.1950061916791942,0.16871299885679036
5.96,0.0,0.0,0.6920174926768458,0.0,0.0,-0.33410277139432687,0.0,0.0,0.0,0.0,0.0,0.0,0.0,0.0,0.5,0.0,0.0,0.0,0.5,0.0,0.0,0.0,57.0610488164005,57.0610488164005,57.0610488164005,57.0610488164005,0.19201749267684576,0.33410277139432687,0.0,0.0,0.0,0.19201749267684576,0.1799649980966933
5.968,0.0,0.0,0.6889846682043856,0.0,0.0,-0.34310282892696436,0.0,0.0,0.0,0.0,0.0,0.0,0.0,0.0,0.5,0.0,0.0,0.0,0.5,0.0,0.0,0.0,57.0610488164005,57.0610488164005,57.0610488164005,57.0610488164005,0.18898466820438564,0.34310282892696436,0.0,0.0,0.0,0.18898466820438564,0.05571899964706972
5.976,0.0,0.0,0.6859149154753135,0.0,0.0,-0.35122608136837574,0.0,0.0,0.0,0.0,0.0,0.0,0.0,0.0,0.5,0.0,0.0,0.0,0.5,0.0,0.0,0.0,57.0610488164005,57.0610488164005,57.0610488164005,57.0610488164005,0.18591491547531347,0.35122608136837574,0.0,0.0,0.0,0.18591491547531347,0.13840700557921082
5.984,0.0,0.0,0.6828154660424087,0.0,0.0,-0.35846710091731915,0.0,0.0,0.0,0.0,0.0,0.0,0.0,0.0,0.5,0.0,0.0,0.0,0.5,0.0,0.0,0.0,57.0610488164005,57.0610488164005,57.0610488164005,57.0610488164005,0.18281546604240873,0.35846710091731915,0.0,0.0,0.0,0.18281546604240873,0.048574001993983984
5.992,0.0,0.0,0.679693585753113,0.0,0.0,-0.3648206879662483,0.0,0.0,0.0,0.0,0.0,0.0,0.0,0.0,0.5,0.0,0.0,0.0,0.5,0.0,0.0,0.0,57.0610488164005,57.0610488164005,57.0610488164005,57.0610488164005,0.179693585753113,0.3648206879662483,0.0,0.0,0.0,0.179693585753113,0.051971997891087085
6.0,0.0,0.0,0.6765565747049712,0.0,0.0,-0.37028182657654335,0.0,0.0,0.0,0.0,0.0,0.0,0.0,0.0,0.5,0.0,0.0,0.0,0.5,0.0,0.0,0.0,57.0610488164005,57.0610488164005,57.0610488164005,57.0610488164005,0.17655657470497121,0.37028182657654335,0.0,0.0,0.0,0.17655657470497121,0.05135800165589899
6.008,0.0,0.0,0.6734117672011297,0.0,0.0,-0.374845648857272,0.0,0.0,0.0,0.0,0.0,0.0,0.0,0.0,0.5,0.0,0.0,0.0,0.5,0.0,0.0,0.0,57.0610488164005,57.0610488164005,57.0610488164005,57.0610488164005,0.17341176720112972,0.374845648857272,0.0,0.0,0.0,0.17341176720112972,0.11948199971811846
6.016,0.0,0.0,0.6702665317058932,0.0,0.0,-0.37850740646672976,0.0,0.0,0.0,0.0,0.0,0.0,0.0,0.0,0.5,0.0,0.0,0.0,0.5,0.0,0.0,0.0,57.0610488164005,57.0610488164005,57.0610488164005,57.0610488164005,0.17026653170589323,0.37850740646672976,0.0,0.0,0.0,0.17026653170589323,0.1045500030159019
6.024,0.0,0.0,0.6671282708003388,0.0,0.0,-0.3812624478122455,0.0,0.0,0.0,0.0,0.0,0.0,0.0,0.0,0.5,0.0,0.0,0.0,0.5,0.0,0.0,0.0,57.0610488164005,57.0610488164005,57.0610488164005,57.0610488164005,0.16712827080033876,0.3812624478122455,0.0,0.0,0.0,0.16712827080033876,0.04752200038637966
6.032,0.0,0.0,0.6640044211379874,0.0,0.0,-0.3831061998085802,0.0,0.0,0.0,0.0,0.0,0.0,0.0,0.0,0.5,0.0,0.0,0.0,0.5,0.0,0.0,0.0,57.0610488164005,57.0610488164005,57.0610488164005,57.0610488164005,0.1640044211379874,0.3831061998085802,0.0,0.0,0.0,0.1640044211379874,0.03565099905245006
6.04,0.0,0.0,0.660902453400534,0.0,0.0,-0.3840341532831995,0.0,0.0,0.0,0.0,0.0,0.0,0.0,0.0,0.5,0.0,0.0,0.0,0.5,0.0,0.0,0.0,57.0610488164005,57.0610488164005,57.0610488164005,57.0610488164005,0.160902453400534,0.3840341532831995,0.0,0.0,0.0,0.160902453400534,0.0221820009755902
6.048,0.0,0.0,0.6578298722536339,0.0,0.0,-0.3840418512990626,0.0,0.0,0.0,0.0,0.0,0.0,0.0,0.0,0.5,0.0,0.0,0.0,0.5,0.0,0.0,0.0,57.0610488164005,57.0610488164005,57.0610488164005,57.0610488164005,0.15782987225363387,0.3840418512990626,0.0,0.0,0.0,0.15782987225363387,0.15100099699338898
6.056,0.0,0.0,0.6547942163027474,0.0,0.0,-0.3831248798114127,0.0,0.0,0.0,0.0,0.0,0.0,0.0,0.0,0.5,0.0,0.0,0.0,0.5,0.0,0.0,0.0,57.0610488164005,57.0610488164005,57.0610488164005,57.0610488164005,0.15479421630274737,0.3831248798114127,0.0,0.0,0.0,0.15479421630274737,0.04433000140124932
6.064,0.0,0.0,0.6518030580490417,0.0,0.0,-0.38127886019177165,0.0,0.0,0.0,0.0,0.0,0.0,0.0,0.0,0.5,0.0,0.0,0.0,0.5,0.0,0.0,0.0,57.0610488164005,57.0610488164005,57.0610488164005,57.0610488164005,0.1518030580490417,0.38127886019177165,0.0,0.0,0.0,0.1518030580490417,0.0483900003018789
6.072,0.0,0.0,0.6488640038453499,0.0,0.0,-0.37849944324571183,0.0,0.0,0.0,0.0,0.0,0.0,0.0,0.0,0.5,0.0,0.0,0.0,0.5,0.0,0.0,0.0,57.0610488164005,57.0610488164005,57.0610488164005,57.0610488164005,0.14886400384534992,0.37849944324571183,0.0,0.0,0.0,0.14886400384534992,0.037067002267576754
6.08,0.0,0.0,0.6459846938521873,0.0,0.0,-0.3747823044256359,0.0,0.0,0.0,0.0,0.0,0.0,0.0,0.0,0.5,0.0,0.0,0.0,0.5,0.0,0.0,0.0,57.0610488164005,57.0610488164005,57.0610488164005,57.0610488164005,0.14598469385218726,0.3747823044256359,0.0,0.0,0.0,0.14598469385218726,0.13511599536286667
6.088,0.0,0.0,0.6431728019938246,0.0,0.0,-0.370123139999574,0.0,0.0,0.0,0.0,0.0,0.0,0.0,0.0,0.5,0.0,0.0,0.0,0.5,0.0,0.0,0.0,57.0610488164005,57.0610488164005,57.0610488164005,57.0610488164005,0.14317280199382465,0.370123139999574,0.0,0.0,0.0,0.14317280199382465,0.03440400178078562
6.096,0.0,0.0,0.6404360359144191,0.0,0.0,-0.3645176639847977,0.0,0.0,0.0,0.0,0.0,0.0,0.0,0.0,0.5,0.0,0.0,0.0,0.5,0.0,0.0,0.0,57.0610488164005,57.0610488164005,57.0610488164005,57.0610488164005,0.1404360359144191,0.3645176639847977,0.0,0.0,0.0,0.1404360359144191,0.032212003134191036
6.104,0.0,0.0,0.6377821369342015,0.0,0.0,-0.3579616056932785,0.0,0.0,0.0,0.0,0.0,0.0,0.0,0.0,0.5,0.0,0.0,0.0,0.5,0.0,0.0,0.0,57.0610488164005,57.0610488164005,57.0610488164005,57.0610488164005,0.1377821369342015,0.3579616056932785,0.0,0.0,0.0,0.1377821369342015,0.028778995329048485
6.112,0.0,0.0,0.6352188800057207,0.0,0.0,-0.3504507077666429,0.0,0.0,0.0,0.0,0.0,0.0,0.0,0.0,0.5,0.0,0.0,0.0,0.5,0.0,0.0,0.0,57.0610488164005,57.0610488164005,57.0610488164005,57.0610488164005,0.1352188800057207,0.3504507077666429,0.0,0.0,0.0,0.1352188800057207,0.06764700083294883
6.12,0.0,0.0,0.632754073670145,0.0,0.0,-0.3419807246027059,0.0,0.0,0.0,0.0,0.0,0.0,0.0,0.0,0.5,0.0,0.0,0.0,0.5,0.0,0.0,0.0,57.0610488164005,57.0610488164005,57.0610488164005,57.0610488164005,0.13275407367014502,0.3419807246027059,0.0,0.0,0.0,0.13275407367014502,0.04778600123245269
6.128,0.0,0.0,0.6303955600136204,0.0,0.0,-0.3325474210952801,0.0,0.0,0.0,0.0,0.0,0.0,0.0,0.0,0.5,0.0,0.0,0.0,0.5,0.0,0.0,0.0,57.0610488164005,57.0610488164005,57.0610488164005,57.0610488164005,0.1303955600136204,0.3325474210952801,0.0,0.0,0.0,0.1303955600136204,0.029001996153965592
6.136,0.0,0.0,0.6281512146236852,0.0,0.0,-0.32214657162460486,0.0,0.0,0.0,0.0,0.0,0.0,0.0,0.0,0.5,0.0,0.0,0.0,0.5,0.0,0.0,0.0,57.0610488164005,57.0610488164005,57.0610488164005,57.0610488164005,0.12815121462368517,0.32214657162460486,0.0,0.0,0.0,0.12815121462368517,0.024064000172074884
6.144,0.0,0.0,0.6260289465457414,0.0,0.0,-0.3107739592482789,0.0,0.0,0.0,0.0,0.0,0.0,0.0,0.0,0.5,0.0,0.0,0.0,0.5,0.0,0.0,0.0,57.0610488164005,57.0610488164005,57.0610488164005,57.0610488164005,0.12602894654574137,0.3107739592482789,0.0,0.0,0.0,0.12602894654574137,0.0363890067092143
6.152,0.0,0.0,0.6240366982395829,0.0,0.0,-0.298425375052586,0.0,0.0,0.0,0.0,0.0,0.0,0.0,0.0,0.5,0.0,0.0,0.0,0.5,0.0,0.0,0.0,57.0610488164005,57.0610488164005,57.0610488164005,57.0610488164005,0.12403669823958285,0.298425375052586,0.0,0.0,0.0,0.12403669823958285,0.03772299533011392
6.16,0.0,0.0,0.6221824455359795,0.0,0.0,-0.2850966176321537,0.0,0.0,0.0,0.0,0.0,0.0,0.0,0.0,0.5,0.0,0.0,0.0,0.5,0.0,0.0,0.0,57.0610488164005,57.0610488164005,57.0610488164005,57.0610488164005,0.12218244553597946,0.2850966176321537,0.0,0.0,0.0,0.12218244553597946,0.0401639990741387
6.168,0.0,0.0,0.6204741975933182,0.0,0.0,-0.2707834926722535,0.0,0.0,0.0,0.0,0.0,0.0,0.0,0.0,0.5,0.0,0.0,0.0,0.5,0.0,0.0,0.0,57.0610488164005,57.0610488164005,57.0610488164005,57.0610488164005,0.12047419759331823,0.2707834926722535,0.0,0.0,0.0,0.12047419759331823,0.030649993277620524
6.176,0.0,0.0,0.6189199968543004,0.0,0.0,-0.2554818126132477,0.0,0.0,0.0,0.0,0.0,0.0,0.0,0.0,0.5,0.0,0.0,0.0,0.5,0.0,0.0,0.0,57.0610488164005,57.0610488164005,57.0610488164005,57.0610488164005,0.11891999685430044,0.2554818126132477,0.0,0.0,0.0,0.11891999685430044,0.03396999818505719
6.184,0.0,0.0,0.6175279190026952,0.0,0.0,-0.2391873963807287,0.0,0.0,0.0,0.0,0.0,0.0,0.0,0.0,0.5,0.0,0.0,0.0,0.5,0.0,0.0,0.0,57.0610488164005,57.0610488164005,57.0610488164005,57.0610488164005,0.11752791900269521,0.2391873963807287,0.0,0.0,0.0,0.11752791900269521,0.033368000003974885
6.192,0.0,0.0,0.6163060729201489,0.0,0.0,-0.22189606916823978,0.0,0.0,0.0,0.0,0.0,0.0,0.0,0.0,0.5,0.0,0.0,0.0,0.49552895634629834,0.0,0.0,0.0,56.980024126787605,56.980024126787605,56.980024126787605,56.980024126787605,0.11630607292014894,0.22189606916823978,0.0,0.0,0.0,0.11630607292014894,0.038152997149154544
6.2,0.0,0.0,0.6152626006430513,0.0,0.0,-0.2036036622620335,0.0,0.0,0.0,0.0,0.0,0.0,0.0,0.0,0.5,0.0,0.0,0.0,0.4380051464803985,0.0,0.0,0.0,55.937572028187084,55.937572028187084,55.937572028187084,55.937572028187084,0.11526260064305127,0.2036036622620335,0.0,0.0,0.0,0.11526260064305127,0.03301299875602126
6.208,0.0,0.0,0.6144056773194567,0.0,0.0,-0.18430601289949053,0.0,0.0,0.0,0.0,0.0,0.0,0.0,0.0,0.5,0.0,0.0,0.0,0.37683976473662184,0.0,0.0,0.0,54.82912700847882,54.82912700847882,54.82912700847882,54.82912700847882,0.11440567731945672,0.18430601289949053,0.0,0.0,0.0,0.11440567731945672,0.03988299431512132
6.216,0.0,0.0,0.6137435111660628,0.0,0.0,-0.1639989641544392,0.0,0.0,0.0,0.0,0.0,0.0,0.0,0.0,0.5,0.0,0.0,0.0,0.31200389802501177,0.0,0.0,0.0,53.65416510182375,53.65416510182375,53.65416510182375,53.65416510182375,0.11374351116606285,0.1639989641544392,0.0,0.0,0.0,0.11374351116606285,0.05929100007051602
6.224,0.0,0.0,0.6132843434252435,0.0,0.0,-0.1426783648440347,0.0,0.0,0.0,0.0,0.0,0.0,0.0,0.0,0.5,0.0,0.0,0.0,0.24346782083068774,0.0,0.0,0.0,52.41214761953903,52.41214761953903,52.41214761953903,52.41214761953903,0.11328434342524352,0.1426783648440347,0.0,0.0,0.0,0.11328434342524352,0.04291799996281043
6.232,0.0,0.0,0.6130364483221388,0.0,0.0,-0.1203400694528464,0.0,0.0,0.0,0.0,0.0,0.0,0.0,0.0,0.5,0.0,0.0,0.0,0.17120176120284375,0.0,0.0,0.0,51.10253503142542,51.10253503142542,51.10253503142542,51.10253503142542,0.11303644832213877,0.1203400694528464,0.0,0.0,0.0,0.11303644832213877,0.06047900387784466
6.24,0.0,0.0,0.6130081330217997,0.0,0.0,-0.09697993807075432,0.0,0.0,0.0,0.0,0.0,0.0,0.0,0.0,0.5,0.0,0.0,0.0,0.09517416147912727,0.0,0.0,0.0,49.72475544644471,49.72475544644471,49.72475544644471,49.72475544644471,0.11300813302179968,0.09697993807075432,0.0,0.0,0.0,0.11300813302179968,0.09928499639499933
6.248,0.0,0.0,0.6132077375863898,0.0,0.0,-0.07259383634185054,0.0,0.0,0.0,0.0,0.0,0.0,0.0,0.0,0.5,0.0,0.0,0.0,0.015358548054213439,0.0,0.0,0.0,48.278329107336525,48.278329107336525,48.278329107336525,48.278329107336525,0.1132077375863898,0.07259383634185054,0.0,0.0,0.0,0.1132077375863898,0.08748500113142654
6.256,0.0,0.0,0.6136436349324415,0.0,0.0,-0.04717763542218919,0.0,0.0,0.0,0.0,0.0,0.0,0.0,0.0,0.5,0.0,0.0,0.0,-0.06827664368170239,0.0,0.0,0.0,46.762683997160224,46.762683997160224,46.762683997160224,46.762683997160224,0.11364363493244145,0.04717763542218919,0.0,0.0,0.0,0.11364363493244145,0.16137199418153614
6.264,0.0,0.0,0.6143068489888646,0.0,0.0,-0.021161756927173578,0.0,0.0,0.0,0.0,0.0,0.0,0.0,0.0,0.5,0.0,0.0,0.0,-0.15431194674633825,0.0,0.0,0.0,45.20354383515527,45.20354383515527,45.20354383515527,45.20354383515527,0.11430684898886456,0.021161756927173578,0.0,0.0,0.0,0.11430684898886456,0.06989099347265437
6.272,0.0,0.0,0.6151884590379043,0.0,0.0,0.0051108456842548534,0.0,0.0,0.0,0.0,0.0,0.0,0.0,0.0,0.5,0.0,0.0,0.0,-0.24161284825864576,0.0,0.0,0.0,43.62146837451769,43.62146837451769,43.62146837451769,43.62146837451769,0.11518845903790431,0.0051108456842548534,0.0,0.0,0.0,0.11518845903790431,0.0864690009620972
6.28,0.0,0.0,0.61627959964322,0.0,0.0,0.03136719168029579,0.0,0.0,0.0,0.0,0.0,0.0,0.0,0.0,0.5,0.0,0.0,0.0,-0.32927283943920854,0.0,0.0,0.0,42.032885455853055,42.032885455853055,42.032885455853055,42.032885455853055,0.11627959964321999,0.03136719168029579,0.0,0.0,0.0,0.11627959964321999,0.08930599869927391
6.288,0.0,0.0,0.6175714605780576,0.0,0.0,0.057390276715175964,0.0,0.0,0.0,0.0,0.0,0.0,0.0,0.0,0.5,0.0,0.0,0.0,-0.41656783054235896,0.0,0.0,0.0,40.45091710422727,40.45091710422727,40.45091710422727,40.45091710422727,0.11757146057805756,0.057390276715175964,0.0,0.0,0.0,0.11757146057805756,0.08778999472269788
6.296,0.0,0.0,0.6190552867535155,0.0,0.0,0.08300787575858942,0.0,0.0,0.0,0.0,0.0,0.0,0.0,0.0,0.5,0.0,0.0,0.0,-0.5029196827803812,0.0,0.0,0.0,38.886040407196624,38.886040407196624,38.886040407196624,38.886040407196624,0.11905528675351551,0.08300787575858942,0.0,0.0,0.0,0.11905528675351551,0.06329800089588389
6.304,0.0,0.0,0.6207223781469038,0.0,0.0,0.1080835854415784,0.0,0.0,0.0,0.0,0.0,0.0,0.0,0.0,0.5,0.0,0.0,0.0,-0.5878670338424272,0.0,0.0,0.0,37.3466162176024,37.3466162176024,37.3466162176024,37.3466162176024,0.12072237814690379,0.1080835854415784,0.0,0.0,0.0,0.12072237814690379,0.07610100146848708
6.312,0.0,0.0,0.622564089730196,0.0,0.0,0.1325096579355667,0.0,0.0,0.0,0.0,0.0,0.0,0.0,0.0,0.5,0.0,0.0,0.0,-0.6710419582892422,0.0,0.0,0.0,35.83931211617637,35.83931211617637,35.83931211617637,35.83931211617637,0.12256408973019595,0.1325096579355667,0.0,0.0,0.0,0.12256408973019595,0.20210799993947148
6.32,0.0,0.0,0.6245718313985742,0.0,0.0,0.15620126805790957,0.0,0.0,0.0,0.0,0.0,0.0,0.0,0.0,0.5,0.0,0.0,0.0,-0.7521512958485573,0.0,0.0,0.0,34.369440781994655,34.369440781994655,34.369440781994655,34.369440781994655,0.1245718313985742,0.15620126805790957,0.0,0.0,0.0,0.1245718313985742,0.09439699351787567
6.328,0.0,0.0,0.6267370678990674,0.0,0.0,0.17909192695865667,0.0,0.0,0.0,0.0,0.0,0.0,0.0,0.0,0.5,0.0,0.0,0.0,-0.8309617140310493,0.0,0.0,0.0,32.94123068920966,32.94123068920966,32.94123068920966,32.94123068920966,0.12673706789906736,0.17909192695865667,0.0,0.0,0.0,0.12673706789906736,0.09920100274030119
6.336,0.0,0.0,0.6290513187592816,0.0,0.0,0.20112981307228017,0.0,0.0,0.0,0.0,0.0,0.0,0.0,0.0,0.5,0.0,0.0,0.0,-0.907287758202773,0.0,0.0,0.0,31.5580426648042,31.5580426648042,31.5580426648042,31.5580426648042,0.12905131875928155,0.20112981307228017,0.0,0.0,0.0,0.12905131875928155,0.08182499732356519
6.344,0.0,0.0,0.6315061582162234,0.0,0.0,0.2222748368813692,0.0,0.0,0.0,0.0,0.0,0.0,0.0,0.0,0.5,0.0,0.0,0.0,-0.980980604085209,0.0,0.0,0.0,30.222573716883737,30.222573716883737,30.222573716883737,30.222573716883737,0.13150615821622336,0.2222748368813692,0.0,0.0,0.0,0.13150615821622336,0.2207889992860146
6.352,0.0,0.0,0.6340932151452154,0.0,0.0,0.24249629272989737,0.0,0.0,0.0,0.0,0.0,0.0,0.0,0.0,0.5,0.0,0.0,0.0,-1.0,0.0,0.0,0.0,29.877902367199002,29.877902367199002,29.877902367199002,29.877902367199002,0.13409321514521544,0.24249629272989737,0.0,0.0,0.0,0.13409321514521544,0.11494199861772358
6.36,0.0,0.0,0.6368041729889048,0.0,0.0,0.2617709802761517,0.0,0.0,0.0,0.0,0.0,0.0,0.0,0.0,0.5,0.0,0.0,0.0,-1.0,0.0,0.0,0.0,29.877902367199002,29.877902367199002,29.877902367199002,29.877902367199002,0.1368041729889048,0.2617709802761517,0.0,0.0,0.0,0.1368041729889048,0.17721400217851624
6.368,0.0,0.0,0.639630769686363,0.0,0.0,0.2800817016573767,0.0,0.0,0.0,0.0,0.0,0.0,0.0,0.0,0.5,0.0,0.0,0.0,-1.0,0.0,0.0,0.0,29.877902367199002,29.877902367199002,29.877902367199002,29.877902367199002,0.139630769686363,0.2800817016573767,0.0,0.0,0.0,0.139630769686363,0.07384900527540594
6.376,0.0,0.0,0.6425647976022786,0.0,0.0,0.2974160592237906,0.0,0.0,0.0,0.0,0.0,0.0,0.0,0.0,0.5,0.0,0.0,0.0,-1.0,0.0,0.0,0.0,29.877902367199002,29.877902367199002,29.877902367199002,29.877902367199002,0.14256479760227858,0.2974160592237906,0.0,0.0,0.0,0.14256479760227858,0.1338379952358082
6.384,0.0,0.0,0.6455981034562415,0.0,0.0,0.3137654937281046,0.0,0.0,0.0,0.0,0.0,0.0,0.0,0.0,0.5,0.0,0.0,0.0,-1.0,0.0,0.0,0.0,29.877902367199002,29.877902367199002,29.877902367199002,29.877902367199002,0.14559810345624147,0.3137654937281046,0.0,0.0,0.0,0.14559810345624147,0.0786219970905222
6.392,0.0,0.0,0.6487225882521194,0.0,0.0,0.3291245148794312,0.0,0.0,0.0,0.0,0.0,0.0,0.0,0.0,0.5,0.0,0.0,0.0,-1.0,0.0,0.0,0.0,29.877902367199002,29.877902367199002,29.877902367199002,29.877902367199002,0.14872258825211937,0.3291245148794312,0.0,0.0,0.0,0.14872258825211937,0.05588799831457436
6.4,0.0,0.0,0.651930207207526,0.0,0.0,0.34349008578871154,0.0,0.0,0.0,0.0,0.0,0.0,0.0,0.0,0.5,0.0,0.0,0.0,-1.0,0.0,0.0,0.0,29.877902367199002,29.877902367199002,29.877902367199002,29.877902367199002,0.15193020720752604,0.34349008578871154,0.0,0.0,0.0,0.15193020720752604,0.14403499517356977
6.408,0.0,0.0,0.6552129696833805,0.0,0.0,0.3568611305273307,0.0,0.0,0.0,0.0,0.0,0.0,0.0,0.0,0.5,0.0,0.0,0.0,-1.0,0.0,0.0,0.0,29.877902367199002,29.877902367199002,29.877902367199002,29.877902367199002,0.1552129696833805,0.3568611305273307,0.0,0.0,0.0,0.1552129696833805,0.08486300066579133
6.416,0.0,0.0,0.6585629391135587,0.0,0.0,0.369238140176319,0.0,0.0,0.0,0.0,0.0,0.0,0.0,0.0,0.5,0.0,0.0,0.0,-1.0,0.0,0.0,0.0,29.877902367199002,29.877902367199002,29.877902367199002,29.877902367199002,0.15856293911355868,0.369238140176319,0.0,0.0,0.0,0.15856293911355868,0.15475600230274722
6.424,0.0,0.0,0.661972232934636,0.0,0.0,0.380622857667989,0.0,0.0,0.0,0.0,0.0,0.0,0.0,0.0,0.5,0.0,0.0,0.0,-1.0,0.0,0.0,0.0,29.877902367199002,29.877902367199002,29.877902367199002,29.877902367199002,0.16197223293463603,0.380622857667989,0.0,0.0,0.0,0.16197223293463603,0.06703899998683482
6.432,0.0,0.0,0.6654330225157213,0.0,0.0,0.39101802566152394,0.0,0.0,0.0,0.0,0.0,0.0,0.0,0.0,0.5,0.0,0.0,0.0,-1.0,0.0,0.0,0.0,29.877902367199002,29.877902367199002,29.877902367199002,29.877902367199002,0.16543302251572134,0.39101802566152394,0.0,0.0,0.0,0.16543302251572134,0.035992001357953995
6.44,0.0,0.0,0.6689375330883819,0.0,0.0,0.40042718484573275,0.0,0.0,0.0,0.0,0.0,0.0,0.0,0.0,0.5,0.0,0.0,0.0,-1.0,0.0,0.0,0.0,29.877902367199002,29.877902367199002,29.877902367199002,29.877902367199002,0.16893753308838189,0.40042718484573275,0.0,0.0,0.0,0.16893753308838189,0.04022999928565696
6.448,0.0,0.0,0.6724780436766595,0.0,0.0,0.4088545125835273,0.0,0.0,0.0,0.0,0.0,0.0,0.0,0.0,0.5,0.0,0.0,0.0,-1.0,0.0,0.0,0.0,29.877902367199002,29.877902367199002,29.877902367199002,29.877902367199002,0.17247804367665953,0.4088545125835273,0.0,0.0,0.0,0.17247804367665953,0.03566899977158755
6.456,0.0,0.0,0.676046887027178,0.0,0.0,0.4163046938297827,0.0,0.0,0.0,0.0,0.0,0.0,0.0,0.0,0.5,0.0,0.0,0.0,-1.0,0.0,0.0,0.0,29.877902367199002,29.877902367199002,29.877902367199002,29.877902367199002,0.17604688702717797,0.4163046938297827,0.0,0.0,0.0,0.17604688702717797,0.06867900083307177
6.464,0.0,0.0,0.6796364495393405,0.0,0.0,0.4227828178678906,0.0,0.0,0.0,0.0,0.0,0.0,0.0,0.0,0.5,0.0,0.0,0.0,-1.0,0.0,0.0,0.0,29.877902367199002,29.877902367199002,29.877902367199002,29.877902367199002,0.17963644953934055,0.4227828178678906,0.0,0.0,0.0,0.17963644953934055,0.039006998122204095
6.472,0.0,0.0,0.6832391711956187,0.0,0.0,0.4282942957012668,0.0,0.0,0.0,0.0,0.0,0.0,0.0,0.0,0.5,0.0,0.0,0.0,-1.0,0.0,0.0,0.0,29.877902367199002,29.877902367199002,29.877902367199002,29.877902367199002,0.18323917119561872,0.4282942957012668,0.0,0.0,0.0,0.18323917119561872,0.03907100472133607
6.48,0.0,0.0,0.6868475454919314,0.0,0.0,0.4328447939688301,0.0,0.0,0.0,0.0,0.0,0.0,0.0,0.0,0.5,0.0,0.0,0.0,-1.0,0.0,0.0,0.0,29.877902367199002,29.877902367199002,29.877902367199002,29.877902367199002,0.1868475454919314,0.4328447939688301,0.0,0.0,0.0,0.1868475454919314,0.0268989970209077
6.488,0.0,0.0,0.6904541193681144,0.0,0.0,0.43644018207963947,0.0,0.0,0.0,0.0,0.0,0.0,0.0,0.0,0.5,0.0,0.0,0.0,-1.0,0.0,0.0,0.0,29.877902367199002,29.877902367199002,29.877902367199002,29.877902367199002,0.1904541193681144,0.43644018207963947,0.0,0.0,0.0,0.1904541193681144,0.06430899520637468
6.496,0.0,0.0,0.6940514931384806,0.0,0.0,0.4390864899228659,0.0,0.0,0.0,0.0,0.0,0.0,0.0,0.0,0.5,0.0,0.0,0.0,-1.0,0.0,0.0,0.0,29.877902367199002,29.877902367199002,29.877902367199002,29.877902367199002,0.19405149313848058,0.4390864899228659,0.0,0.0,0.0,0.19405149313848058,0.08449099550489336
6.5040000000000004,0.0,0.0,0.6976323204224699,0.0,0.0,0.4407898740380262,0.0,0.0,0.0,0.0,0.0,0.0,0.0,0.0,0.5,0.0,0.0,0.0,-1.0,0.0,0.0,0.0,29.877902367199002,29.877902367199002,29.877902367199002,29.877902367199002,0.19763232042246992,0.4407898740380262,0.0,0.0,0.0,0.19763232042246992,0.035746001231018454
6.5120000000000005,0.0,0.0,0.7011893080753899,0.0,0.0,0.4415565905534211,0.0,0.0,0.0,0.0,0.0,0.0,0.0,0.0,0.5,0.0,0.0,0.0,-1.0,0.0,0.0,0.0,29.877902367199002,29.877902367199002,29.877902367199002,29.877902367199002,0.20118930807538993,0.4415565905534211,0.0,0.0,0.0,0.20118930807538993,0.04165599966654554
6.5200000000000005,0.0,0.0,0.7047152161192458,0.0,0.0,0.441392973539134,0.0,0.0,0.0,0.0,0.0,0.0,0.0,0.0,0.5,0.0,0.0,0.0,-1.0,0.0,0.0,0.0,29.877902367199002,29.877902367199002,29.877902367199002,29.877902367199002,0.2047152161192458,0.441392973539134,0.0,0.0,0.0,0.2047152161192458,0.02615199628053233
6.5280000000000005,0.0,0.0,0.7082028576736605,0.0,0.0,0.4403054176916752,0.0,0.0,0.0,0.0,0.0,0.0,0.0,0.0,0.5,0.0,0.0,0.0,-1.0,0.0,0.0,0.0,29.877902367199002,29.877902367199002,29.877902367199002,29.877902367199002,0.20820285767366054,0.4403054176916752,0.0,0.0,0.0,0.20820285767366054,0.019585000700317323
6.5360000000000005,0.0,0.0,0.7116450988868851,0.0,0.0,0.43830036448395415,0.0,0.0,0.0,0.0,0.0,0.0,0.0,0.0,0.5,0.0,0.0,0.0,-1.0,0.0,0.0,0.0,29.877902367199002,29.877902367199002,29.877902367199002,29.877902367199002,0.2116450988868851,0.43830036448395415,0.0,0.0,0.0,0.2116450988868851,0.03296000068075955
6.5440000000000005,0.0,0.0,0.7150348588668978,0.0,0.0,0.43538429108748017,0.0,0.0,0.0,0.0,0.0,0.0,0.0,0.0,0.5,0.0,0.0,0.0,-1.0,0.0,0.0,0.0,29.877902367199002,29.877902367199002,29.877902367199002,29.877902367199002,0.21503485886689777,0.43538429108748017,0.0,0.0,0.0,0.21503485886689777,0.023050997697282583
6.5520000000000005,0.0,0.0,0.7183651096125931,0.0,0.0,0.43156370151236845,0.0,0.0,0.0,0.0,0.0,0.0,0.0,0.0,0.5,0.0,0.0,0.0,-1.0,0.0,0.0,0.0,29.877902367199002,29.877902367199002,29.877902367199002,29.877902367199002,0.21836510961259314,0.43156370151236845,0.0,0.0,0.0,0.21836510961259314,0.020489998860284686
6.5600000000000005,0.0,0.0,0.721628875945061,0.0,0.0,0.42684511952159054,0.0,0.0,0.0,0.0,0.0,0.0,0.0,0.0,0.5,0.0,0.0,0.0,-1.0,0.0,0.0,0.0,29.877902367199002,29.877902367199002,29.877902367199002,29.877902367199002,0.22162887594506098,0.42684511952159054,0.0,0.0,0.0,0.22162887594506098,0.027617999876383692
6.5680000000000005,0.0,0.0,0.7248192354389535,0.0,0.0,0.4212350829645866,0.0,0.0,0.0,0.0,0.0,0.0,0.0,0.0,0.5,0.0,0.0,0.0,-1.0,0.0,0.0,0.0,29.877902367199002,29.877902367199002,29.877902367199002,29.877902367199002,0.22481923543895355,0.4212350829645866,0.0,0.0,0.0,0.22481923543895355,0.03677399945445359
6.5760000000000005,0.0,0.0,0.7279293183539428,0.0,0.0,0.4147401392464009,0.0,0.0,0.0,0.0,0.0,0.0,0.0,0.0,0.5,0.0,0.0,0.0,-1.0,0.0,0.0,0.0,29.877902367199002,29.877902367199002,29.877902367199002,29.877902367199002,0.2279293183539428,0.4147401392464009,0.0,0.0,0.0,0.2279293183539428,0.026432004233356565
6.5840000000000005,0.0,0.0,0.7309523075662664,0.0,0.0,0.40736684170521015,0.0,0.0,0.0,0.0,0.0,0.0,0.0,0.0,0.5,0.0,0.0,0.0,-1.0,0.0,0.0,0.0,29.877902367199002,29.877902367199002,29.877902367199002,29.877902367199002,0.2309523075662664,0.40736684170521015,0.0,0.0,0.0,0.2309523075662664,0.049647998821455985
6.5920000000000005,0.0,0.0,0.7338814385003626,0.0,0.0,0.39912174671657286,0.0,0.0,0.0,0.0,0.0,0.0,0.0,0.0,0.5,0.0,0.0,0.0,-1.0,0.0,0.0,0.0,29.877902367199002,29.877902367199002,29.877902367199002,29.877902367199002,0.23388143850036258,0.39912174671657286,0.0,0.0,0.0,0.23388143850036258,0.07403099880320951
6.6000000000000005,0.0,0.0,0.736709999060594,0.0,0.0,0.39001141137904316,0.0,0.0,0.0,0.0,0.0,0.0,0.0,0.0,0.5,0.0,0.0,0.0,-1.0,0.0,0.0,0.0,29.877902367199002,29.877902367199002,29.877902367199002,29.877902367199002,0.23670999906059398,0.39001141137904316,0.0,0.0,0.0,0.23670999906059398,0.07864699728088453
6.6080000000000005,0.0,0.0,0.73943132956306,0.0,0.0,0.38004239166488535,0.0,0.0,0.0,0.0,0.0,0.0,0.0,0.0,0.5,0.0,0.0,0.0,-1.0,0.0,0.0,0.0,29.877902367199002,29.877902367199002,29.877902367199002,29.877902367199002,0.23943132956306,0.38004239166488535,0.0,0.0,0.0,0.23943132956306,0.04195799556327984
6.6160000000000005,0.0,0.0,0.7420388226674981,0.0,0.0,0.3692212409428604,0.0,0.0,0.0,0.0,0.0,0.0,0.0,0.0,0.5,0.0,0.0,0.0,-1.0,0.0,0.0,0.0,29.877902367199002,29.877902367199002,29.877902367199002,29.877902367199002,0.2420388226674981,0.3692212409428604,0.0,0.0,0.0,0.2420388226674981,0.0470710001536645
6.6240000000000006,0.0,0.0,0.7445259233092731,0.0,0.0,0.35755450879866435,0.0,0.0,0.0,0.0,0.0,0.0,0.0,0.0,0.5,0.0,0.0,0.0,-1.0,0.0,0.0,0.0,29.877902367199002,29.877902367199002,29.877902367199002,29.877902367199002,0.24452592330927314,0.35755450879866435,0.0,0.0,0.0,0.24452592330927314,0.17856799968285486
6.632000000000001,0.0,0.0,0.7468861286314555,0.0,0.0,0.34504874009349135,0.0,0.0,0.0,0.0,0.0,0.0,0.0,0.0,0.5,0.0,0.0,0.0,-1.0,0.0,0.0,0.0,29.877902367199002,29.877902367199002,29.877902367199002,29.877902367199002,0.24688612863145554,0.34504874009349135,0.0,0.0,0.0,0.24688612863145554,0.1450850031687878
6.640000000000001,0.0,0.0,0.7491129879169873,0.0,0.0,0.3317104742130878,0.0,0.0,0.0,0.0,0.0,0.0,0.0,0.0,0.5,0.0,0.0,0.0,-1.0,0.0,0.0,0.0,29.877902367199002,29.877902367199002,29.877902367199002,29.877902367199002,0.24911298791698733,0.3317104742130878,0.0,0.0,0.0,0.24911298791698733,0.15831999917281792
6.648000000000001,0.0,0.0,0.7512001025209364,0.0,0.0,0.31754624446919666,0.0,0.0,0.0,0.0,0.0,0.0,0.0,0.0,0.5,0.0,0.0,0.0,-1.0,0.0,0.0,0.0,29.877902367199002,29.877902367199002,29.877902367199002,29.877902367199002,0.2512001025209364,0.31754624446919666,0.0,0.0,0.0,0.2512001025209364,0.08640199666842818
6.656000000000001,0.0,0.0,0.753141125802839,0.0,0.0,0.30256257762292227,0.0,0.0,0.0,0.0,0.0,0.0,0.0,0.0,0.5,0.0,0.0,0.0,-1.0,0.0,0.0,0.0,29.877902367199002,29.877902367199002,29.877902367199002,29.877902367199002,0.253141125802839,0.30256257762292227,0.0,0.0,0.0,0.253141125802839,0.09405700257048011
6.664,0.0,0.0,0.7549297630591298,0.0,0.0,0.2867659935056142,0.0,0.0,0.0,0.0,0.0,0.0,0.0,0.0,0.5,0.0,0.0,0.0,-1.0,0.0,0.0,0.0,29.877902367199002,29.877902367199002,29.877902367199002,29.877902367199002,0.25492976305912984,0.2867659935056142,0.0,0.0,0.0,0.25492976305912984,0.11415799963288009
6.672,0.0,0.0,0.7565597714556604,0.0,0.0,0.2701630047177564,0.0,0.0,0.0,0.0,0.0,0.0,0.0,0.0,0.5,0.0,0.0,0.0,-1.0,0.0,0.0,0.0,29.877902367199002,29.877902367199002,29.877902367199002,29.877902367199002,0.25655977145566045,0.2701630047177564,0.0,0.0,0.0,0.25655977145566045,0.07017300231382251
6.68,0.0,0.0,0.7580249599603044,0.0,0.0,0.25276011639030366,0.0,0.0,0.0,0.0,0.0,0.0,0.0,0.0,0.5,0.0,0.0,0.0,-1.0,0.0,0.0,0.0,29.877902367199002,29.877902367199002,29.877902367199002,29.877902367199002,0.2580249599603044,0.25276011639030366,0.0,0.0,0.0,0.2580249599603044,0.13756299449596554
6.688,0.0,0.0,0.759319189275651,0.0,0.0,0.23456382599590836,0.0,0.0,0.0,0.0,0.0,0.0,0.0,0.0,0.5,0.0,0.0,0.0,-1.0,0.0,0.0,0.0,29.877902367199002,29.877902367199002,29.877902367199002,29.877902367199002,0.259319189275651,0.23456382599590836,0.0,0.0,0.0,0.259319189275651,0.09800699626794085
6.696,0.0,0.0,0.7604363717717859,0.0,0.0,0.2155806232000993,0.0,0.0,0.0,0.0,0.0,0.0,0.0,0.0,0.5,0.0,0.0,0.0,-1.0,0.0,0.0,0.0,29.877902367199002,29.877902367199002,29.877902367199002,29.877902367199002,0.2604363717717859,0.2155806232000993,0.0,0.0,0.0,0.2604363717717859,0.12064699694747105
6.704,0.0,0.0,0.7613704714191591,0.0,0.0,0.19581698974441022,0.0,0.0,0.0,0.0,0.0,0.0,0.0,0.0,0.5,0.0,0.0,0.0,-1.0,0.0,0.0,0.0,29.877902367199002,29.877902367199002,29.877902367199002,29.877902367199002,0.26137047141915914,0.19581698974441022,0.0,0.0,0.0,0.26137047141915914,0.07453199941664934
6.712,0.0,0.0,0.7621155037215405,0.0,0.0,0.17527939935506118,0.0,0.0,0.0,0.0,0.0,0.0,0.0,0.0,0.5,0.0,0.0,0.0,-1.0,0.0,0.0,0.0,29.877902367199002,29.877902367199002,29.877902367199002,29.877902367199002,0.26211550372154047,0.17527939935506118,0.0,0.0,0.0,0.26211550372154047,0.12869499914813787
6.72,0.0,0.0,0.7626655356490619,0.0,0.0,0.15397431767208533,0.0,0.0,0.0,0.0,0.0,0.0,0.0,0.0,0.5,0.0,0.0,0.0,-1.0,0.0,0.0,0.0,29.877902367199002,29.877902367199002,29.877902367199002,29.877902367199002,0.2626655356490619,0.15397431767208533,0.0,0.0,0.0,0.2626655356490619,0.06303600093815476
6.728,0.0,0.0,0.7630146855713469,0.0,0.0,0.13190820219479235,0.0,0.0,0.0,0.0,0.0,0.0,0.0,0.0,0.5,0.0,0.0,0.0,-0.9452675859223477,0.0,0.0,0.0,30.86976851879311,30.86976851879311,30.86976851879311,30.86976851879311,0.2630146855713469,0.13190820219479235,0.0,0.0,0.0,0.2630146855713469,0.16172300092875957
6.736,0.0,0.0,0.7631571231907268,0.0,0.0,0.10908750224033217,0.0,0.0,0.0,0.0,0.0,0.0,0.0,0.0,0.5,0.0,0.0,0.0,-0.871224359576685,0.0,0.0,0.0,32.21158709567679,32.21158709567679,32.21158709567679,32.21158709567679,0.2631571231907268,0.10908750224033217,0.0,0.0,0.0,0.2631571231907268,0.05751499702455476
6.744,0.0,0.0,0.7630870694755439,0.0,0.0,0.08551865891269395,0.0,0.0,0.0,0.0,0.0,0.0,0.0,0.0,0.5,0.0,0.0,0.0,-0.7943235163848656,0.0,0.0,0.0,33.60519168404366,33.60519168404366,33.60519168404366,33.60519168404366,0.26308706947554394,0.08551865891269395,0.0,0.0,0.0,0.26308706947554394,0.08694199641468003
6.752,0.0,0.0,0.7628108481315111,0.0,0.0,0.06150939352933459,0.0,0.0,0.0,0.0,0.0,0.0,0.0,0.0,0.5,0.0,0.0,0.0,-0.7155845297969752,0.0,0.0,0.0,35.03210728649722,35.03210728649722,35.03210728649722,35.03210728649722,0.2628108481315111,0.06150939352933459,0.0,0.0,0.0,0.2628108481315111,0.10553200263530016
6.76,0.0,0.0,0.7623348183385752,0.0,0.0,0.03730677000006949,0.0,0.0,0.0,0.0,0.0,0.0,0.0,0.0,0.5,0.0,0.0,0.0,-0.6358228776515336,0.0,0.0,0.0,36.477555734030425,36.477555734030425,36.477555734030425,36.477555734030425,0.2623348183385752,0.03730677000006949,0.0,0.0,0.0,0.2623348183385752,0.05933899956289679
6.768,0.0,0.0,0.7616653747048252,0.0,0.0,0.01310932515630589,0.0,0.0,0.0,0.0,0.0,0.0,0.0,0.0,0.5,0.0,0.0,0.0,-0.5556977522275413,0.0,0.0,0.0,37.92959107980444,37.92959107980444,37.92959107980444,37.92959107980444,0.2616653747048252,0.01310932515630589,0.0,0.0,0.0,0.2616653747048252,0.05308000254444778
6.776,0.0,0.0,0.7608089472204603,0.0,0.0,-0.010923226984077132,0.0,0.0,0.0,0.0,0.0,0.0,0.0,0.0,0.5,0.0,0.0,0.0,-0.4757419727486836,0.0,0.0,0.0,39.378557521827005,39.378557521827005,39.378557521827005,39.378557521827005,0.26080894722046033,0.010923226984077132,0.0,0.0,0.0,0.26080894722046033,0.04911799624096602
6.784,0.0,0.0,0.7597720012118178,0.0,0.0,-0.03466223180332593,0.0,0.0,0.0,0.0,0.0,0.0,0.0,0.0,0.5,0.0,0.0,0.0,-0.3963872700206612,0.0,0.0,0.0,40.816631192286124,40.816631192286124,40.816631192286124,40.816631192286124,0.25977200121181776,0.03466223180332593,0.0,0.0,0.0,0.25977200121181776,0.04468300176085904
6.792,0.0,0.0,0.75856103729546,0.0,0.0,-0.05800388335160514,0.0,0.0,0.0,0.0,0.0,0.0,0.0,0.0,0.5,0.0,0.0,0.0,-0.3179845141831431,0.0,0.0,0.0,42.23745358825428,42.23745358825428,42.23745358825428,42.23745358825428,0.25856103729546,0.05800388335160514,0.0,0.0,0.0,0.25856103729546,0.02820599911501631
6.8,0.0,0.0,0.7571825913323222,0.0,0.0,-0.08086425575972764,0.0,0.0,0.0,0.0,0.0,0.0,0.0,0.0,0.5,0.0,0.0,0.0,-0.24081989689829442,0.0,0.0,0.0,43.63583831648804,43.63583831648804,43.63583831648804,43.63583831648804,0.25718259133232224,0.08086425575972764,0.0,0.0,0.0,0.25718259133232224,0.041735002014320344
6.808,0.0,0.0,0.755643234381919,0.0,0.0,-0.10317532836786189,0.0,0.0,0.0,0.0,0.0,0.0,0.0,0.0,0.5,0.0,0.0,0.0,-0.16512787708848836,0.0,0.0,0.0,45.00753648950525,45.00753648950525,45.00753648950525,45.00753648950525,0.25564323438191905,0.10317532836786189,0.0,0.0,0.0,0.25564323438191905,0.04007499956060201
6.816,0.0,0.0,0.7539495726566106,0.0,0.0,-0.12488180582700181,0.0,0.0,0.0,0.0,0.0,0.0,0.0,0.0,0.5,0.0,0.0,0.0,-0.09110323210101812,0.0,0.0,0.0,46.34901833320162,46.34901833320162,46.34901833320162,46.34901833320162,0.25394957265661056,0.12488180582700181,0.0,0.0,0.0,0.25394957265661056,0.027716007025446743
6.824,0.0,0.0,0.7521082474759284,0.0,0.0,-0.14593857417865494,0.0,0.0,0.0,0.0,0.0,0.0,0.0,0.0,0.5,0.0,0.0,0.0,-0.018902523108681457,0.0,0.0,0.0,47.6574466307182,47.6574466307182,47.6574466307182,47.6574466307182,0.2521082474759284,0.14593857417865494,0.0,0.0,0.0,0.2521082474759284,0.024910004867706448
6.832,0.0,0.0,0.7501259352209604,0.0,0.0,-0.16630866571712472,0.0,0.0,0.0,0.0,0.0,0.0,0.0,0.0,0.5,0.0,0.0,0.0,0.05133898790895708,0.0,0.0,0.0,48.93037015125531,48.93037015125531,48.93037015125531,48.93037015125531,0.2501259352209604,0.16630866571712472,0.0,0.0,0.0,0.2501259352209604,0.031121002393774688
6.84,0.0,0.0,0.748009347288795,0.0,0.0,-0.18596163087783485,0.0,0.0,0.0,0.0,0.0,0.0,0.0,0.0,0.5,0.0,0.0,0.0,0.11950893137837904,0.0,0.0,0.0,50.1657525224307,50.1657525224307,50.1657525224307,50.1657525224307,0.24800934728879498,0.18596163087783485,0.0,0.0,0.0,0.24800934728879498,0.029217997507657856
6.848,0.0,0.0,0.7457652300470248,0.0,0.0,-0.20487223574652297,0.0,0.0,0.0,0.0,0.0,0.0,0.0,0.0,0.5,0.0,0.0,0.0,0.18551185616372773,0.0,0.0,0.0,51.36186396944121,51.36186396944121,51.36186396944121,51.36186396944121,0.24576523004702477,0.20487223574652297,0.0,0.0,0.0,0.24576523004702477,0.2528650002204813
6.856,0.0,0.0,0.7434003647883091,0.0,0.0,-0.22301942006511105,0.0,0.0,0.0,0.0,0.0,0.0,0.0,0.0,0.5,0.0,0.0,0.0,0.24926583578393113,0.0,0.0,0.0,52.51721981259814,52.51721981259814,52.51721981259814,52.51721981259814,0.24340036478830906,0.22301942006511105,0.0,0.0,0.0,0.24340036478830906,0.09342299745185301
6.864,0.0,0.0,0.7409215676849954,0.0,0.0,-0.2403854636349305,0.0,0.0,0.0,0.0,0.0,0.0,0.0,0.0,0.5,0.0,0.0,0.0,0.3106997535304906,0.0,0.0,0.0,53.63053126796676,53.63053126796676,53.63053126796676,53.63053126796676,0.2409215676849954,0.2403854636349305,0.0,0.0,0.0,0.2409215676849954,0.06426800246117637
6.872,0.0,0.0,0.7383356897438003,0.0,0.0,-0.25695531943782274,0.0,0.0,0.0,0.0,0.0,0.0,0.0,0.0,0.5,0.0,0.0,0.0,0.3697511305746332,0.0,0.0,0.0,54.70066608811205,54.70066608811205,54.70066608811205,54.70066608811205,0.23833568974380026,0.25695531943782274,0.0,0.0,0.0,0.23833568974380026,0.04122500104131177
6.88,0.0,0.0,0.7356496167605485,0.0,0.0,-0.2727160801315517,0.0,0.0,0.0,0.0,0.0,0.0,0.0,0.0,0.5,0.0,0.0,0.0,0.4263643884659617,0.0,0.0,0.0,55.72661707492965,55.72661707492965,55.72661707492965,55.72661707492965,0.23564961676054852,0.2727160801315517,0.0,0.0,0.0,0.23564961676054852,0.030156996217556298
6.888,0.0,0.0,0.7328702692749718,0.0,0.0,-0.2876565512446596,0.0,0.0,0.0,0.0,0.0,0.0,0.0,0.0,0.5,0.0,0.0,0.0,0.4804894591442581,0.0,0.0,0.0,56.707476890143994,56.707476890143994,56.707476890143994,56.707476890143994,0.2328702692749718,0.2876565512446596,0.0,0.0,0.0,0.2328702692749718,0.03698900400195271
6.896,0.0,0.0,0.7300046025255652,0.0,0.0,-0.30176690973089215,0.0,0.0,0.0,0.0,0.0,0.0,0.0,0.0,0.5,0.0,0.0,0.0,0.5,0.0,0.0,0.0,57.0610488164005,57.0610488164005,57.0610488164005,57.0610488164005,0.2300046025255652,0.30176690973089215,0.0,0.0,0.0,0.2300046025255652,0.04025499947601929
6.904,0.0,0.0,0.7270596064045035,0.0,0.0,-0.315038430811256,0.0,0.0,0.0,0.0,0.0,0.0,0.0,0.0,0.5,0.0,0.0,0.0,0.5,0.0,0.0,0.0,57.0610488164005,57.0610488164005,57.0610488164005,57.0610488164005,0.2270596064045035,0.315038430811256,0.0,0.0,0.0,0.2270596064045035,0.03841400030069053
6.912,0.0,0.0,0.7240423054126147,0.0,0.0,-0.3274632694462246,0.0,0.0,0.0,0.0,0.0,0.0,0.0,0.0,0.5,0.0,0.0,0.0,0.5,0.0,0.0,0.0,57.0610488164005,57.0610488164005,57.0610488164005,57.0610488164005,0.22404230541261472,0.3274632694462246,0.0,0.0,0.0,0.22404230541261472,0.024626002414152026
6.92,0.0,0.0,0.7209597586144134,0.0,0.0,-0.3390342855120122,0.0,0.0,0.0,0.0,0.0,0.0,0.0,0.0,0.5,0.0,0.0,0.0,0.5,0.0,0.0,0.0,57.0610488164005,57.0610488164005,57.0610488164005,57.0610488164005,0.22095975861441342,0.3390342855120122,0.0,0.0,0.0,0.22095975861441342,0.022420004825107753
6.928,0.0,0.0,0.7178190595931916,0.0,0.0,-0.3497449039401554,0.0,0.0,0.0,0.0,0.0,0.0,0.0,0.0,0.5,0.0,0.0,0.0,0.5,0.0,0.0,0.0,57.0610488164005,57.0610488164005,57.0610488164005,57.0610488164005,0.2178190595931916,0.3497449039401554,0.0,0.0,0.0,0.2178190595931916,0.07049200212350115
6.936,0.0,0.0,0.7146273364061684,0.0,0.0,-0.3595890028277045,0.0,0.0,0.0,0.0,0.0,0.0,0.0,0.0,0.5,0.0,0.0,0.0,0.5,0.0,0.0,0.0,57.0610488164005,57.0610488164005,57.0610488164005,57.0610488164005,0.21462733640616838,0.3595890028277045,0.0,0.0,0.0,0.21462733640616838,0.041777995647862554
6.944,0.0,0.0,0.7113917515396977,0.0,0.0,-0.36856082392393075,0.0,0.0,0.0,0.0,0.0,0.0,0.0,0.0,0.5,0.0,0.0,0.0,0.5,0.0,0.0,0.0,57.0610488164005,57.0610488164005,57.0610488164005,57.0610488164005,0.2113917515396977,0.36856082392393075,0.0,0.0,0.0,0.2113917515396977,0.038892001612111926
6.952,0.0,0.0,0.7081195018645343,0.0,0.0,-0.3766549010182289,0.0,0.0,0.0,0.0,0.0,0.0,0.0,0.0,0.5,0.0,0.0,0.0,0.5,0.0,0.0,0.0,57.0610488164005,57.0610488164005,57.0610488164005,57.0610488164005,0.20811950186453432,0.3766549010182289,0.0,0.0,0.0,0.20811950186453432,0.03185300010954961
6.96,0.0,0.0,0.7048178185911579,0.0,0.0,-0.3838660026489939,0.0,0.0,0.0,0.0,0.0,0.0,0.0,0.0,0.5,0.0,0.0,0.0,0.5,0.0,0.0,0.0,57.0610488164005,57.0610488164005,57.0610488164005,57.0610488164005,0.20481781859115789,0.3838660026489939,0.0,0.0,0.0,0.20481781859115789,0.0351959970430471
6.968,0.0,0.0,0.7014939672251552,0.0,0.0,-0.39018908626926163,0.0,0.0,0.0,0.0,0.0,0.0,0.0,0.0,0.5,0.0,0.0,0.0,0.5,0.0,0.0,0.0,57.0610488164005,57.0610488164005,57.0610488164005,57.0610488164005,0.20149396722515522,0.39018908626926163,0.0,0.0,0.0,0.20149396722515522,0.02478399983374402
6.976,0.0,0.0,0.6981552475226604,0.0,0.0,-0.39561926157777866,0.0,0.0,0.0,0.0,0.0,0.0,0.0,0.0,0.5,0.0,0.0,0.0,0.5,0.0,0.0,0.0,57.0610488164005,57.0610488164005,57.0610488164005,57.0610488164005,0.19815524752266045,0.39561926157777866,0.0,0.0,0.0,0.19815524752266045,0.021250998543109745
6.984,0.0,0.0,0.694808993445853,0.0,0.0,-0.40015176118240897,0.0,0.0,0.0,0.0,0.0,0.0,0.0,0.0,0.5,0.0,0.0,0.0,0.5,0.0,0.0,0.0,57.0610488164005,57.0610488164005,57.0610488164005,57.0610488164005,0.194808993445853,0.40015176118240897,0.0,0.0,0.0,0.194808993445853,0.020022998796775937
6.992,0.0,0.0,0.6914625731185134,0.0,0.0,-0.4037819171294162,0.0,0.0,0.0,0.0,0.0,0.0,0.0,0.0,0.5,0.0,0.0,0.0,0.5,0.0,0.0,0.0,57.0610488164005,57.0610488164005,57.0610488164005,57.0610488164005,0.19146257311851345,0.4037819171294162,0.0,0.0,0.0,0.19146257311851345,0.021466999896802008
7.0,0.0,0.0,0.6881233887816371,0.0,0.0,-0.4065051421254404,0.0,0.0,0.0,0.0,0.0,0.0,0.0,0.0,0.5,0.0,0.0,0.0,0.5,0.0,0.0,0.0,57.0610488164005,57.0610488164005,57.0610488164005,57.0610488164005,0.18812338878163715,0.4065051421254404,0.0,0.0,0.0,0.18812338878163715,0.018981998437084258
7.008,0.0,0.0,0.6847988767491054,0.0,0.0,-0.4083169145136448,0.0,0.0,0.0,0.0,0.0,0.0,0.0,0.0,0.5,0.0,0.0,0.0,0.5,0.0,0.0,0.0,57.0610488164005,57.0610488164005,57.0610488164005,57.0610488164005,0.18479887674910545,0.4083169145136448,0.0,0.0,0.0,0.18479887674910545,0.026561996492091566
7.016,0.0,0.0,0.6814965073634146,0.0,0.0,-0.4092127662531868,0.0,0.0,0.0,0.0,0.0,0.0,0.0,0.0,0.5,0.0,0.0,0.0,0.5,0.0,0.0,0.0,57.0610488164005,57.0610488164005,57.0610488164005,57.0610488164005,0.1814965073634146,0.4092127662531868,0.0,0.0,0.0,0.1814965073634146,0.10001400369219482
7.024,0.0,0.0,0.6782237849514623,0.0,0.0,-0.4091882733013572,0.0,0.0,0.0,0.0,0.0,0.0,0.0,0.0,0.5,0.0,0.0,0.0,0.5,0.0,0.0,0.0,57.0610488164005,57.0610488164005,57.0610488164005,57.0610488164005,0.1782237849514623,0.4091882733013572,0.0,0.0,0.0,0.1782237849514623,0.0754529974074103
7.032,0.0,0.0,0.6749882477803913,0.0,0.0,-0.40823904791785937,0.0,0.0,0.0,0.0,0.0,0.0,0.0,0.0,0.5,0.0,0.0,0.0,0.5,0.0,0.0,0.0,57.0610488164005,57.0610488164005,57.0610488164005,57.0610488164005,0.17498824778039135,0.40823904791785937,0.0,0.0,0.0,0.17498824778039135,0.0645079999230802
7.04,0.0,0.0,0.6717974680134909,0.0,0.0,-0.40636073250679766,0.0,0.0,0.0,0.0,0.0,0.0,0.0,0.0,0.5,0.0,0.0,0.0,0.5,0.0,0.0,0.0,57.0610488164005,57.0610488164005,57.0610488164005,57.0610488164005,0.17179746801349094,0.40636073250679766,0.0,0.0,0.0,0.17179746801349094,0.06319199746940285
7.048,0.0,0.0,0.668659051666155,0.0,0.0,-0.403548994688836,0.0,0.0,0.0,0.0,0.0,0.0,0.0,0.0,0.5,0.0,0.0,0.0,0.5,0.0,0.0,0.0,57.0610488164005,57.0610488164005,57.0610488164005,57.0610488164005,0.16865905166615502,0.403548994688836,0.0,0.0,0.0,0.16865905166615502,0.08737399912206456
7.056,0.0,0.0,0.6655806385618983,0.0,0.0,-0.39979952335748664,0.0,0.0,0.0,0.0,0.0,0.0,0.0,0.0,0.5,0.0,0.0,0.0,0.5,0.0,0.0,0.0,57.0610488164005,57.0610488164005,57.0610488164005,57.0610488164005,0.1655806385618983,0.39979952335748664,0.0,0.0,0.0,0.1655806385618983,0.0948390006669797
7.064,0.0,0.0,0.662569902288429,0.0,0.0,-0.3951080255227208,0.0,0.0,0.0,0.0,0.0,0.0,0.0,0.0,0.5,0.0,0.0,0.0,0.5,0.0,0.0,0.0,57.0610488164005,57.0610488164005,57.0610488164005,57.0610488164005,0.16256990228842905,0.3951080255227208,0.0,0.0,0.0,0.16256990228842905,0.0810350029496476
7.072,0.0,0.0,0.6596345501537788,0.0,0.0,-0.3894702237844325,0.0,0.0,0.0,0.0,0.0,0.0,0.0,0.0,0.5,0.0,0.0,0.0,0.5,0.0,0.0,0.0,57.0610488164005,57.0610488164005,57.0610488164005,57.0610488164005,0.1596345501537788,0.3894702237844325,0.0,0.0,0.0,0.1596345501537788,0.0820319983176887
7.08,0.0,0.0,0.6567823231424897,0.0,0.0,-0.3828818543097726,0.0,0.0,0.0,0.0,0.0,0.0,0.0,0.0,0.5,0.0,0.0,0.0,0.5,0.0,0.0,0.0,57.0610488164005,57.0610488164005,57.0610488164005,57.0610488164005,0.15678232314248974,0.3828818543097726,0.0,0.0,0.0,0.15678232314248974,0.0906409986782819
7.088,0.0,0.0,0.6540209958718582,0.0,0.0,-0.3753386652136055,0.0,0.0,0.0,0.0,0.0,0.0,0.0,0.0,0.5,0.0,0.0,0.0,0.5,0.0,0.0,0.0,57.0610488164005,57.0610488164005,57.0610488164005,57.0610488164005,0.15402099587185825,0.3753386652136055,0.0,0.0,0.0,0.15402099587185825,0.07376899884548038
7.096,0.0,0.0,0.6513583765482358,0.0,0.0,-0.36683641526144534,0.0,0.0,0.0,0.0,0.0,0.0,0.0,0.0,0.5,0.0,0.0,0.0,0.5,0.0,0.0,0.0,57.0610488164005,57.0610488164005,57.0610488164005,57.0610488164005,0.1513583765482358,0.36683641526144534,0.0,0.0,0.0,0.1513583765482358,0.20581900025717914
7.104,0.0,0.0,0.6488023069233865,0.0,0.0,-0.35737087283038954,0.0,0.0,0.0,0.0,0.0,0.0,0.0,0.0,0.5,0.0,0.0,0.0,0.5,0.0,0.0,0.0,57.0610488164005,57.0610488164005,57.0610488164005,57.0610488164005,0.14880230692338647,0.35737087283038954,0.0,0.0,0.0,0.14880230692338647,0.1954930048668757
7.112,0.0,0.0,0.646360662250901,0.0,0.0,-0.3469378150764471,0.0,0.0,0.0,0.0,0.0,0.0,0.0,0.0,0.5,0.0,0.0,0.0,0.5,0.0,0.0,0.0,57.0610488164005,57.0610488164005,57.0610488164005,57.0610488164005,0.14636066225090105,0.3469378150764471,0.0,0.0,0.0,0.14636066225090105,0.15670600259909406
7.12,0.0,0.0,0.6440413512426681,0.0,0.0,-0.33553302726698025,0.0,0.0,0.0,0.0,0.0,0.0,0.0,0.0,0.5,0.0,0.0,0.0,0.5,0.0,0.0,0.0,57.0610488164005,57.0610488164005,57.0610488164005,57.0610488164005,0.14404135124266815,0.33553302726698025,0.0,0.0,0.0,0.14404135124266815,0.08430599700659513
7.128,0.0,0.0,0.6418523160254013,0.0,0.0,-0.3231523022452561,0.0,0.0,0.0,0.0,0.0,0.0,0.0,0.0,0.5,0.0,0.0,0.0,0.5,0.0,0.0,0.0,57.0610488164005,57.0610488164005,57.0610488164005,57.0610488164005,0.14185231602540127,0.3231523022452561,0.0,0.0,0.0,0.14185231602540127,0.18220000492874533
7.136,0.0,0.0,0.6398015320972229,0.0,0.0,-0.30979144000066405,0.0,0.0,0.0,0.0,0.0,0.0,0.0,0.0,0.5,0.0,0.0,0.0,0.5,0.0,0.0,0.0,57.0610488164005,57.0610488164005,57.0610488164005,57.0610488164005,0.1398015320972229,0.30979144000066405,0.0,0.0,0.0,0.1398015320972229,0.12019700079690665
7.144,0.0,0.0,0.637897008284305,0.0,0.0,-0.29544624732347985,0.0,0.0,0.0,0.0,0.0,0.0,0.0,0.0,0.5,0.0,0.0,0.0,0.5,0.0,0.0,0.0,57.0610488164005,57.0610488164005,57.0610488164005,57.0610488164005,0.13789700828430496,0.29544624732347985,0.0,0.0,0.0,0.13789700828430496,0.16343600145773962
7.152,0.0,0.0,0.6361467866975652,0.0,0.0,-0.28011253752727794,0.0,0.0,0.0,0.0,0.0,0.0,0.0,0.0,0.5,0.0,0.0,0.0,0.5,0.0,0.0,0.0,57.0610488164005,57.0610488164005,57.0610488164005,57.0610488164005,0.1361467866975652,0.28011253752727794,0.0,0.0,0.0,0.1361467866975652,0.07192600605776533
7.16,0.0,0.0,0.6345589426894201,0.0,0.0,-0.2637861302254485,0.0,0.0,0.0,0.0,0.0,0.0,0.0,0.0,0.5,0.0,0.0,0.0,0.5,0.0,0.0,0.0,57.0610488164005,57.0610488164005,57.0610488164005,57.0610488164005,0.13455894268942015,0.2637861302254485,0.0,0.0,0.0,0.13455894268942015,0.161753996508196
7.168,0.0,0.0,0.6331415848105943,0.0,0.0,-0.24646285115100372,0.0,0.0,0.0,0.0,0.0,0.0,0.0,0.0,0.5,0.0,0.0,0.0,0.5,0.0,0.0,0.0,57.0610488164005,57.0610488164005,57.0610488164005,57.0610488164005,0.13314158481059435,0.24646285115100372,0.0,0.0,0.0,0.13314158481059435,0.05095999949844554
7.176,0.0,0.0,0.6319028547669855,0.0,0.0,-0.22813853201102446,0.0,0.0,0.0,0.0,0.0,0.0,0.0,0.0,0.5,0.0,0.0,0.0,0.48519120625119183,0.0,0.0,0.0,56.79268241026058,56.79268241026058,56.79268241026058,56.79268241026058,0.1319028547669855,0.22813853201102446,0.0,0.0,0.0,0.1319028547669855,0.059030993725173175
7.184,0.0,0.0,0.6308509273765855,0.0,0.0,-0.20880901036881813,0.0,0.0,0.0,0.0,0.0,0.0,0.0,0.0,0.5,0.0,0.0,0.0,0.42430576231184153,0.0,0.0,0.0,55.689310450775245,55.689310450775245,55.689310450775245,55.689310450775245,0.13085092737658555,0.20880901036881813,0.0,0.0,0.0,0.13085092737658555,0.06771799962734804
7.192,0.0,0.0,0.6299940105264583,0.0,0.0,-0.18847012954823528,0.0,0.0,0.0,0.0,0.0,0.0,0.0,0.0,0.5,0.0,0.0,0.0,0.35974917875821394,0.0,0.0,0.0,54.51940974077633,54.51940974077633,54.51940974077633,54.51940974077633,0.12999401052645831,0.18847012954823528,0.0,0.0,0.0,0.12999401052645831,0.054575997637584805
7.2,0.0,0.0,0.6293403451297723,0.0,0.0,-0.16711773855573792,0.0,0.0,0.0,0.0,0.0,0.0,0.0,0.0,0.5,0.0,0.0,0.0,0.29149201870130553,0.0,0.0,0.0,53.282446822087316,53.282446822087316,53.282446822087316,53.282446822087316,0.12934034512977233,0.16711773855573792,0.0,0.0,0.0,0.12934034512977233,0.03787100285990164
7.208,0.0,0.0,0.6288982050828898,0.0,0.0,-0.14474769201665227,0.0,0.0,0.0,0.0,0.0,0.0,0.0,0.0,0.5,0.0,0.0,0.0,0.219504511294564,0.0,0.0,0.0,51.97788218452036,51.97788218452036,51.97788218452036,51.97788218452036,0.12889820508288985,0.14474769201665227,0.0,0.0,0.0,0.12889820508288985,0.02431900065857917
7.216,0.0,0.0,0.6286758972225116,0.0,0.0,-0.12135585012277797,0.0,0.0,0.0,0.0,0.0,0.0,0.0,0.0,0.5,0.0,0.0,0.0,0.14375510635483718,0.0,0.0,0.0,50.60514407257605,50.60514407257605,50.60514407257605,50.60514407257605,0.1286758972225116,0.12135585012277797,0.0,0.0,0.0,0.1286758972225116,0.02334600139874965
7.224,0.0,0.0,0.6286817612828771,0.0,0.0,-0.09693807858908457,0.0,0.0,0.0,0.0,0.0,0.0,0.0,0.0,0.5,0.0,0.0,0.0,0.06421731814107834,0.0,0.0,0.0,49.16375250906926,49.16375250906926,49.16375250906926,49.16375250906926,0.12868176128287712,0.09693807858908457,0.0,0.0,0.0,0.12868176128287712,0.024230997951235622
7.232,0.0,0.0,0.628924169853021,0.0,0.0,-0.07149024861767006,0.0,0.0,0.0,0.0,0.0,0.0,0.0,0.0,0.5,0.0,0.0,0.0,-0.01914041065300931,0.0,0.0,0.0,47.653135609414264,47.653135609414264,47.653135609414264,47.653135609414264,0.12892416985302102,0.07149024861767006,0.0,0.0,0.0,0.12892416985302102,0.024029002815950662
7.24,0.0,0.0,0.6293996534769275,0.0,0.0,-0.045305108296474036,0.0,0.0,0.0,0.0,0.0,0.0,0.0,0.0,0.5,0.0,0.0,0.0,-0.10535782266520377,0.0,0.0,0.0,46.09069525128184,46.09069525128184,46.09069525128184,46.09069525128184,0.1293996534769275,0.045305108296474036,0.0,0.0,0.0,0.1293996534769275,0.024250999558717012
7.248,0.0,0.0,0.6300992561753749,0.0,0.0,-0.018754019175994823,0.0,0.0,0.0,0.0,0.0,0.0,0.0,0.0,0.5,0.0,0.0,0.0,-0.1932078228157088,0.0,0.0,0.0,44.49866897151281,44.49866897151281,44.49866897151281,44.49866897151281,0.13009925617537488,0.018754019175994823,0.0,0.0,0.0,0.13009925617537488,0.02562000008765608
7.256,0.0,0.0,0.6310140772963713,0.0,0.0,0.007867312684113866,0.0,0.0,0.0,0.0,0.0,0.0,0.0,0.0,0.5,0.0,0.0,0.0,-0.2817098185601477,0.0,0.0,0.0,42.89482716393435,42.89482716393435,42.89482716393435,42.89482716393435,0.13101407729637127,0.007867312684113866,0.0,0.0,0.0,0.13101407729637127,0.026827998226508498
7.264,0.0,0.0,0.6321352714432672,0.0,0.0,0.03432370381968937,0.0,0.0,0.0,0.0,0.0,0.0,0.0,0.0,0.5,0.0,0.0,0.0,-0.3700804431064956,0.0,0.0,0.0,41.29336607803383,41.29336607803383,41.29336607803383,41.29336607803383,0.1321352714432672,0.03432370381968937,0.0,0.0,0.0,0.1321352714432672,0.04863199865212664
7.272,0.0,0.0,0.6334540484029623,0.0,0.0,0.06042838704812815,0.0,0.0,0.0,0.0,0.0,0.0,0.0,0.0,0.5,0.0,0.0,0.0,-0.4576941260089451,0.0,0.0,0.0,39.705622362506375,39.705622362506375,39.705622362506375,39.705622362506375,0.13345404840296227,0.06042838704812815,0.0,0.0,0.0,0.13345404840296227,0.035333003324922174
7.28,0.0,0.0,0.6349616730742047,0.0,0.0,0.08603332641956338,0.0,0.0,0.0,0.0,0.0,0.0,0.0,0.0,0.5,0.0,0.0,0.0,-0.5440515496221904,0.0,0.0,0.0,38.14064470046999,38.14064470046999,38.14064470046999,38.14064470046999,0.1349616730742047,0.08603332641956338,0.0,0.0,0.0,0.1349616730742047,0.04881500353803858
7.288,0.0,0.0,0.6366494653959841,0.0,0.0,0.11102146918013572,0.0,0.0,0.0,0.0,0.0,0.0,0.0,0.0,0.5,0.0,0.0,0.0,-0.6287544142444184,0.0,0.0,0.0,36.60565111800805,36.60565111800805,36.60565111800805,36.60565111800805,0.1366494653959841,0.11102146918013572,0.0,0.0,0.0,0.1366494653959841,0.22822400205768645
7.296,0.0,0.0,0.6385088002760174,0.0,0.0,0.1353005473449414,0.0,0.0,0.0,0.0,0.0,0.0,0.0,0.0,0.5,0.0,0.0,0.0,-0.7114852502113229,0.0,0.0,0.0,35.106394831372555,35.106394831372555,35.106394831372555,35.106394831372555,0.13850880027601742,0.1353005473449414,0.0,0.0,0.0,0.13850880027601742,0.05785300163552165
7.304,0.0,0.0,0.6405311075193275,0.0,0.0,0.15879811895870546,0.0,0.0,0.0,0.0,0.0,0.0,0.0,0.0,0.5,0.0,0.0,0.0,-0.7919912675509073,0.0,0.0,0.0,33.64745692511664,33.64745692511664,33.64745692511664,33.64745692511664,0.1405311075193275,0.15879811895870546,0.0,0.0,0.0,0.1405311075193275,0.1524600011180155
7.312,0.0,0.0,0.6427078717569149,0.0,0.0,0.18145760110664916,0.0,0.0,0.0,0.0,0.0,0.0,0.0,0.0,0.5,0.0,0.0,0.0,-0.8700714356870081,0.0,0.0,0.0,32.232480494968705,32.232480494968705,32.232480494968705,32.232480494968705,0.1427078717569149,0.18145760110664916,0.0,0.0,0.0,0.1427078717569149,0.07944399840198457
7.32,0.0,0.0,0.645030632374522,0.0,0.0,0.20323509632549566,0.0,0.0,0.0,0.0,0.0,0.0,0.0,0.0,0.5,0.0,0.0,0.0,-0.9455661471817733,0.0,0.0,0.0,30.864357962500424,30.864357962500424,30.864357962500424,30.864357962500424,0.14503063237452196,0.20323509632549566,0.0,0.0,0.0,0.14503063237452196,0.0949930035858415
7.328,0.0,0.0,0.6474909834414897,0.0,0.0,0.2240968537345899,0.0,0.0,0.0,0.0,0.0,0.0,0.0,0.0,0.5,0.0,0.0,0.0,-1.0,0.0,0.0,0.0,29.877902367199002,29.877902367199002,29.877902367199002,29.877902367199002,0.1474909834414897,0.2240968537345899,0.0,0.0,0.0,0.1474909834414897,0.05689200042979792
7.336,0.0,0.0,0.6500805736397072,0.0,0.0,0.2440172379431087,0.0,0.0,0.0,0.0,0.0,0.0,0.0,0.0,0.5,0.0,0.0,0.0,-1.0,0.0,0.0,0.0,29.877902367199002,29.877902367199002,29.877902367199002,29.877902367199002,0.15008057363970717,0.2440172379431087,0.0,0.0,0.0,0.15008057363970717,0.029666996852029115
7.344,0.0,0.0,0.6527911061926527,0.0,0.0,0.2629771041781247,0.0,0.0,0.0,0.0,0.0,0.0,0.0,0.0,0.5,0.0,0.0,0.0,-1.0,0.0,0.0,0.0,29.877902367199002,29.877902367199002,29.877902367199002,29.877902367199002,0.15279110619265268,0.2629771041781247,0.0,0.0,0.0,0.15279110619265268,0.03835799725493416
7.352,0.0,0.0,0.6556143387945278,0.0,0.0,0.28096249838937754,0.0,0.0,0.0,0.0,0.0,0.0,0.0,0.0,0.5,0.0,0.0,0.0,-1.0,0.0,0.0,0.0,29.877902367199002,29.877902367199002,29.877902367199002,29.877902367199002,0.1556143387945278,0.28096249838937754,0.0,0.0,0.0,0.1556143387945278,0.032079995435196906
7.36,0.0,0.0,0.6585420835394832,0.0,0.0,0.2979636173353866,0.0,0.0,0.0,0.0,0.0,0.0,0.0,0.0,0.5,0.0,0.0,0.0,-1.0,0.0,0.0,0.0,29.877902367199002,29.877902367199002,29.877902367199002,29.877902367199002,0.15854208353948318,0.2979636173353866,0.0,0.0,0.0,0.15854208353948318,0.023679000150877982
7.368,0.0,0.0,0.6615662068509364,0.0,0.0,0.3139739766546389,0.0,0.0,0.0,0.0,0.0,0.0,0.0,0.0,0.5,0.0,0.0,0.0,-1.0,0.0,0.0,0.0,29.877902367199002,29.877902367199002,29.877902367199002,29.877902367199002,0.16156620685093637,0.3139739766546389,0.0,0.0,0.0,0.16156620685093637,0.022050000552553684
7.376,0.0,0.0,0.6646786294109811,0.0,0.0,0.3289897453248295,0.0,0.0,0.0,0.0,0.0,0.0,0.0,0.0,0.5,0.0,0.0,0.0,-1.0,0.0,0.0,0.0,29.877902367199002,29.877902367199002,29.877902367199002,29.877902367199002,0.1646786294109811,0.3289897453248295,0.0,0.0,0.0,0.1646786294109811,0.03265399573137984
7.384,0.0,0.0,0.6678713260898892,0.0,0.0,0.34300921323256583,0.0,0.0,0.0,0.0,0.0,0.0,0.0,0.0,0.5,0.0,0.0,0.0,-1.0,0.0,0.0,0.0,29.877902367199002,29.877902367199002,29.877902367199002,29.877902367199002,0.1678713260898892,0.34300921323256583,0.0,0.0,0.0,0.1678713260898892,0.02251099795103073
7.392,0.0,0.0,0.6711363258757029,0.0,0.0,0.3560323652313961,0.0,0.0,0.0,0.0,0.0,0.0,0.0,0.0,0.5,0.0,0.0,0.0,-1.0,0.0,0.0,0.0,29.877902367199002,29.877902367199002,29.877902367199002,29.877902367199002,0.17113632587570293,0.3560323652313961,0.0,0.0,0.0,0.17113632587570293,0.023875996703282
7.4,0.0,0.0,0.6744657118039199,0.0,0.0,0.368060540390541,0.0,0.0,0.0,0.0,0.0,0.0,0.0,0.0,0.5,0.0,0.0,0.0,-1.0,0.0,0.0,0.0,29.877902367199002,29.877902367199002,29.877902367199002,29.877902367199002,0.1744657118039199,0.368060540390541,0.0,0.0,0.0,0.1744657118039199,0.04120099765714258
7.408,0.0,0.0,0.6778516208872687,0.0,0.0,0.37909615939615254,0.0,0.0,0.0,0.0,0.0,0.0,0.0,0.0,0.5,0.0,0.0,0.0,-1.0,0.0,0.0,0.0,29.877902367199002,29.877902367199002,29.877902367199002,29.877902367199002,0.1778516208872687,0.37909615939615254,0.0,0.0,0.0,0.1778516208872687,0.032862997613847256
7.416,0.0,0.0,0.6812862440455757,0.0,0.0,0.3891425064745971,0.0,0.0,0.0,0.0,0.0,0.0,0.0,0.0,0.5,0.0,0.0,0.0,-1.0,0.0,0.0,0.0,29.877902367199002,29.877902367199002,29.877902367199002,29.877902367199002,0.1812862440455757,0.3891425064745971,0.0,0.0,0.0,0.1812862440455757,0.038497004425153136
7.424,0.0,0.0,0.6847618260357236,0.0,0.0,0.39820355493337406,0.0,0.0,0.0,0.0,0.0,0.0,0.0,0.0,0.5,0.0,0.0,0.0,-1.0,0.0,0.0,0.0,29.877902367199002,29.877902367199002,29.877902367199002,29.877902367199002,0.18476182603572355,0.39820355493337406,0.0,0.0,0.0,0.18476182603572355,0.038751000829506665
7.432,0.0,0.0,0.6882706653817,0.0,0.0,0.4062838275961106,0.0,0.0,0.0,0.0,0.0,0.0,0.0,0.0,0.5,0.0,0.0,0.0,-1.0,0.0,0.0,0.0,29.877902367199002,29.877902367199002,29.877902367199002,29.877902367199002,0.1882706653817,0.4062838275961106,0.0,0.0,0.0,0.1882706653817,0.02842899993993342
7.44,0.0,0.0,0.6918051143047383,0.0,0.0,0.4133882851528468,0.0,0.0,0.0,0.0,0.0,0.0,0.0,0.0,0.5,0.0,0.0,0.0,-1.0,0.0,0.0,0.0,29.877902367199002,29.877902367199002,29.877902367199002,29.877902367199002,0.19180511430473834,0.4133882851528468,0.0,0.0,0.0,0.19180511430473834,0.02783399395411834
7.448,0.0,0.0,0.6953575786535479,0.0,0.0,0.4195222368425153,0.0,0.0,0.0,0.0,0.0,0.0,0.0,0.0,0.5,0.0,0.0,0.0,-1.0,0.0,0.0,0.0,29.877902367199002,29.877902367199002,29.877902367199002,29.877902367199002,0.19535757865354786,0.4195222368425153,0.0,0.0,0.0,0.19535757865354786,0.03821399877779186
7.456,0.0,0.0,0.6989205178346355,0.0,0.0,0.42469126900120296,0.0,0.0,0.0,0.0,0.0,0.0,0.0,0.0,0.5,0.0,0.0,0.0,-1.0,0.0,0.0,0.0,29.877902367199002,29.877902367199002,29.877902367199002,29.877902367199002,0.1989205178346355,0.42469126900120296,0.0,0.0,0.0,0.1989205178346355,0.12303400581004098
7.464,0.0,0.0,0.7024864447427177,0.0,0.0,0.4289011879030178,0.0,0.0,0.0,0.0,0.0,0.0,0.0,0.0,0.5,0.0,0.0,0.0,-1.0,0.0,0.0,0.0,29.877902367199002,29.877902367199002,29.877902367199002,29.877902367199002,0.2024864447427177,0.4289011879030178,0.0,0.0,0.0,0.2024864447427177,0.0609499984420836
7.472,0.0,0.0,0.7060479256912231,0.0,0.0,0.43215797403504896,0.0,0.0,0.0,0.0,0.0,0.0,0.0,0.0,0.5,0.0,0.0,0.0,-1.0,0.0,0.0,0.0,29.877902367199002,29.877902367199002,29.877902367199002,29.877902367199002,0.2060479256912231,0.43215797403504896,0.0,0.0,0.0,0.2060479256912231,0.13185699936002493
7.48,0.0,0.0,0.7095975803428848,0.0,0.0,0.43446774551958117,0.0,0.0,0.0,0.0,0.0,0.0,0.0,0.0,0.5,0.0,0.0,0.0,-1.0,0.0,0.0,0.0,29.877902367199002,29.877902367199002,29.877902367199002,29.877902367199002,0.20959758034288478,0.43446774551958117,0.0,0.0,0.0,0.20959758034288478,0.05420699744718149
7.488,0.0,0.0,0.7131280816404237,0.0,0.0,0.4358367288541388,0.0,0.0,0.0,0.0,0.0,0.0,0.0,0.0,0.5,0.0,0.0,0.0,-1.0,0.0,0.0,0.0,29.877902367199002,29.877902367199002,29.877902367199002,29.877902367199002,0.21312808164042374,0.4358367288541388,0.0,0.0,0.0,0.21312808164042374,0.10918499901890755
7.496,0.0,0.0,0.7166321557373215,0.0,0.0,0.4362712355057558,0.0,0.0,0.0,0.0,0.0,0.0,0.0,0.0,0.5,0.0,0.0,0.0,-1.0,0.0,0.0,0.0,29.877902367199002,29.877902367199002,29.877902367199002,29.877902367199002,0.21663215573732153,0.4362712355057558,0.0,0.0,0.0,0.21663215573732153,0.0894960030564107
7.5040000000000004,0.0,0.0,0.720102581928683,0.0,0.0,0.4357776431886423,0.0,0.0,0.0,0.0,0.0,0.0,0.0,0.0,0.5,0.0,0.0,0.0,-1.0,0.0,0.0,0.0,29.877902367199002,29.877902367199002,29.877902367199002,29.877902367199002,0.22010258192868304,0.4357776431886423,0.0,0.0,0.0,0.22010258192868304,0.1465419991291128
7.5120000000000005,0.0,0.0,0.7235321925821894,0.0,0.0,0.4343623808885721,0.0,0.0,0.0,0.0,0.0,0.0,0.0,0.0,0.5,0.0,0.0,0.0,-1.0,0.0,0.0,0.0,29.877902367199002,29.877902367199002,29.877902367199002,29.877902367199002,0.22353219258218937,0.4343623808885721,0.0,0.0,0.0,0.22353219258218937,0.05492899799719453
7.5200000000000005,0.0,0.0,0.7269138730691406,0.0,0.0,0.43203191688463766,0.0,0.0,0.0,0.0,0.0,0.0,0.0,0.0,0.5,0.0,0.0,0.0,-1.0,0.0,0.0,0.0,29.877902367199002,29.877902367199002,29.877902367199002,29.877902367199002,0.22691387306914057,0.43203191688463766,0.0,0.0,0.0,0.22691387306914057,0.06974999996600673
7.5280000000000005,0.0,0.0,0.7302405616955872,0.0,0.0,0.42879274916887467,0.0,0.0,0.0,0.0,0.0,0.0,0.0,0.0,0.5,0.0,0.0,0.0,-1.0,0.0,0.0,0.0,29.877902367199002,29.877902367199002,29.877902367199002,29.877902367199002,0.23024056169558715,0.42879274916887467,0.0,0.0,0.0,0.23024056169558715,0.07438400643877685
7.5360000000000005,0.0,0.0,0.733505249633552,0.0,0.0,0.42465139778422123,0.0,0.0,0.0,0.0,0.0,0.0,0.0,0.0,0.5,0.0,0.0,0.0,-1.0,0.0,0.0,0.0,29.877902367199002,29.877902367199002,29.877902367199002,29.877902367199002,0.23350524963355201,0.42465139778422123,0.0,0.0,0.0,0.23350524963355201,0.07538500358350575
7.5440000000000005,0.0,0.0,0.7367009808523411,0.0,0.0,0.41961439869710526,0.0,0.0,0.0,0.0,0.0,0.0,0.0,0.0,0.5,0.0,0.0,0.0,-1.0,0.0,0.0,0.0,29.877902367199002,29.877902367199002,29.877902367199002,29.877902367199002,0.23670098085234115,0.41961439869710526,0.0,0.0,0.0,0.23670098085234115,0.17946399748325348
7.5520000000000005,0.0,0.0,0.739820852049944,0.0,0.0,0.41368829889775466,0.0,0.0,0.0,0.0,0.0,0.0,0.0,0.0,0.5,0.0,0.0,0.0,-1.0,0.0,0.0,0.0,29.877902367199002,29.877902367199002,29.877902367199002,29.877902367199002,0.23982085204994397,0.41368829889775466,0.0,0.0,0.0,0.23982085204994397,0.10803899931488559
7.5600000000000005,0.0,0.0,0.7428580125845222,0.0,0.0,0.40687965248266006,0.0,0.0,0.0,0.0,0.0,0.0,0.0,0.0,0.5,0.0,0.0,0.0,-1.0,0.0,0.0,0.0,29.877902367199002,29.877902367199002,29.877902367199002,29.877902367199002,0.24285801258452222,0.40687965248266006,0.0,0.0,0.0,0.24285801258452222,0.11881799582624808
7.5680000000000005,0.0,0.0,0.7458056644059887,0.0,0.0,0.3991950175227906,0.0,0.0,0.0,0.0,0.0,0.0,0.0,0.0,0.5,0.0,0.0,0.0,-1.0,0.0,0.0,0.0,29.877902367199002,29.877902367199002,29.877902367199002,29.877902367199002,0.24580566440598872,0.3991950175227906,0.0,0.0,0.0,0.24580566440598872,0.09318900265498087
7.5760000000000005,0.0,0.0,0.7486570619876743,0.0,0.0,0.390640953560373,0.0,0.0,0.0,0.0,0.0,0.0,0.0,0.0,0.5,0.0,0.0,0.0,-1.0,0.0,0.0,0.0,29.877902367199002,29.877902367199002,29.877902367199002,29.877902367199002,0.24865706198767434,0.390640953560373,0.0,0.0,0.0,0.24865706198767434,0.1536069976282306
7.5840000000000005,0.0,0.0,0.7514055122580838,0.0,0.0,0.3812240196085355,0.0,0.0,0.0,0.0,0.0,0.0,0.0,0.0,0.5,0.0,0.0,0.0,-1.0,0.0,0.0,0.0,29.877902367199002,29.877902367199002,29.877902367199002,29.877902367199002,0.25140551225808383,0.3812240196085355,0.0,0.0,0.0,0.25140551225808383,0.17802499496610835
7.5920000000000005,0.0,0.0,0.7540443745327406,0.0,0.0,0.3709507725532488,0.0,0.0,0.0,0.0,0.0,0.0,0.0,0.0,0.5,0.0,0.0,0.0,-1.0,0.0,0.0,0.0,29.877902367199002,29.877902367199002,29.877902367199002,29.877902367199002,0.25404437453274065,0.3709507725532488,0.0,0.0,0.0,0.25404437453274065,0.11484699643915519
7.6000000000000005,0.0,0.0,0.7565670604461201,0.0,0.0,0.3598277658770853,0.0,0.0,0.0,0.0,0.0,0.0,0.0,0.0,0.5,0.0,0.0,0.0,-1.0,0.0,0.0,0.0,29.877902367199002,29.877902367199002,29.877902367199002,29.877902367199002,0.2565670604461201,0.3598277658770853,0.0,0.0,0.0,0.2565670604461201,0.043608000851236284
7.6080000000000005,0.0,0.0,0.7589670338836711,0.0,0.0,0.3478615486404445,0.0,0.0,0.0,0.0,0.0,0.0,0.0,0.0,0.5,0.0,0.0,0.0,-1.0,0.0,0.0,0.0,29.877902367199002,29.877902367199002,29.877902367199002,29.877902367199002,0.25896703388367115,0.3478615486404445,0.0,0.0,0.0,0.25896703388367115,0.04905700188828632
7.6160000000000005,0.0,0.0,0.7612378109139261,0.0,0.0,0.33505866466872836,0.0,0.0,0.0,0.0,0.0,0.0,0.0,0.0,0.5,0.0,0.0,0.0,-1.0,0.0,0.0,0.0,29.877902367199002,29.877902367199002,29.877902367199002,29.877902367199002,0.26123781091392606,0.33505866466872836,0.0,0.0,0.0,0.26123781091392606,0.03352399653522298
7.6240000000000006,0.0,0.0,0.7633729597206989,0.0,0.0,0.3214256519043024,0.0,0.0,0.0,0.0,0.0,0.0,0.0,0.0,0.5,0.0,0.0,0.0,-1.0,0.0,0.0,0.0,29.877902367199002,29.877902367199002,29.877902367199002,29.877902367199002,0.26337295972069885,0.3214256519043024,0.0,0.0,0.0,0.26337295972069885,0.026317000447306782
7.632000000000001,0.0,0.0,0.7653661005353715,0.0,0.0,0.30696904189025714,0.0,0.0,0.0,0.0,0.0,0.0,0.0,0.0,0.5,0.0,0.0,0.0,-1.0,0.0,0.0,0.0,29.877902367199002,29.877902367199002,29.877902367199002,29.877902367199002,0.26536610053537146,0.30696904189025714,0.0,0.0,0.0,0.26536610053537146,0.040275997889693826
7.640000000000001,0.0,0.0,0.7672109055692681,0.0,0.0,0.291695359359621,0.0,0.0,0.0,0.0,0.0,0.0,0.0,0.0,0.5,0.0,0.0,0.0,-1.0,0.0,0.0,0.0,29.877902367199002,29.877902367199002,29.877902367199002,29.877902367199002,0.2672109055692681,0.291695359359621,0.0,0.0,0.0,0.2672109055692681,0.02587399649200961
7.648000000000001,0.0,0.0,0.7689010989461169,0.0,0.0,0.2756111219089177,0.0,0.0,0.0,0.0,0.0,0.0,0.0,0.0,0.5,0.0,0.0,0.0,-1.0,0.0,0.0,0.0,29.877902367199002,29.877902367199002,29.877902367199002,29.877902367199002,0.2689010989461169,0.2756111219089177,0.0,0.0,0.0,0.2689010989461169,0.025347995688207448
7.656000000000001,0.0,0.0,0.7704304566346005,0.0,0.0,0.25872283973922444,0.0,0.0,0.0,0.0,0.0,0.0,0.0,0.0,0.5,0.0,0.0,0.0,-1.0,0.0,0.0,0.0,29.877902367199002,29.877902367199002,29.877902367199002,29.877902367199002,0.2704304566346005,0.25872283973922444,0.0,0.0,0.0,0.2704304566346005,0.038044003304094076
7.664000000000001,0.0,0.0,0.7717928063809932,0.0,0.0,0.2410370154511973,0.0,0.0,0.0,0.0,0.0,0.0,0.0,0.0,0.5,0.0,0.0,0.0,-1.0,0.0,0.0,0.0,29.877902367199002,29.877902367199002,29.877902367199002,29.877902367199002,0.27179280638099323,0.2410370154511973,0.0,0.0,0.0,0.27179280638099323,0.0256469938904047
7.672000000000001,0.0,0.0,0.7729820276418858,0.0,0.0,0.22256014388327292,0.0,0.0,0.0,0.0,0.0,0.0,0.0,0.0,0.5,0.0,0.0,0.0,-1.0,0.0,0.0,0.0,29.877902367199002,29.877902367199002,29.877902367199002,29.877902367199002,0.27298202764188584,0.22256014388327292,0.0,0.0,0.0,0.27298202764188584,0.031098003091756254
7.68,0.0,0.0,0.7739920515169985,0.0,0.0,0.2032987119844366,0.0,0.0,0.0,0.0,0.0,0.0,0.0,0.0,0.5,0.0,0.0,0.0,-1.0,0.0,0.0,0.0,29.877902367199002,29.877902367199002,29.877902367199002,29.877902367199002,0.27399205151699846,0.2032987119844366,0.0,0.0,0.0,0.27399205151699846,0.0231950034503825
7.688,0.0,0.0,0.77481686068208,0.0,0.0,0.18325919871458782,0.0,0.0,0.0,0.0,0.0,0.0,0.0,0.0,0.5,0.0,0.0,0.0,-1.0,0.0,0.0,0.0,29.877902367199002,29.877902367199002,29.877902367199002,29.877902367199002,0.27481686068208,0.18325919871458782,0.0,0.0,0.0,0.27481686068208,0.021727995772380382
7.696,0.0,0.0,0.7754504893218952,0.0,0.0,0.16244807496705022,0.0,0.0,0.0,0.0,0.0,0.0,0.0,0.0,0.5,0.0,0.0,0.0,-1.0,0.0,0.0,0.0,29.877902367199002,29.877902367199002,29.877902367199002,29.877902367199002,0.2754504893218952,0.16244807496705022,0.0,0.0,0.0,0.2754504893218952,0.02125599712599069
7.704,0.0,0.0,0.7758870230632986,0.0,0.0,0.14087180350872516,0.0,0.0,0.0,0.0,0.0,0.0,0.0,0.0,0.5,0.0,0.0,0.0,-0.9997745513923961,0.0,0.0,0.0,29.88198796887718,29.88198796887718,29.88198796887718,29.88198796887718,0.2758870230632986,0.14087180350872516,0.0,0.0,0.0,0.2758870230632986,0.02493300416972488
7.712,0.0,0.0,0.7761205989083956,0.0,0.0,0.11853683893440459,0.0,0.0,0.0,0.0,0.0,0.0,0.0,0.0,0.5,0.0,0.0,0.0,-0.9274912022047326,0.0,0.0,0.0,31.191913880081863,31.191913880081863,31.191913880081863,31.191913880081863,0.2761205989083956,0.11853683893440459,0.0,0.0,0.0,0.2761205989083956,0.07780099986121058
7.72,0.0,0.0,0.77614540516779,0.0,0.0,0.09544962763238325,0.0,0.0,0.0,0.0,0.0,0.0,0.0,0.0,0.5,0.0,0.0,0.0,-0.852347279568191,0.0,0.0,0.0,32.55367938261291,32.55367938261291,32.55367938261291,32.55367938261291,0.27614540516778996,0.09544962763238325,0.0,0.0,0.0,0.27614540516778996,0.07714900129940361
7.728,0.0,0.0,0.7759556813939188,0.0,0.0,0.0716166077591275,0.0,0.0,0.0,0.0,0.0,0.0,0.0,0.0,0.5,0.0,0.0,0.0,-0.7743506946650337,0.0,0.0,0.0,33.967141109252985,33.967141109252985,33.967141109252985,33.967141109252985,0.2759556813939188,0.0716166077591275,0.0,0.0,0.0,0.2759556813939188,0.04693099617725238
7.736,0.0,0.0,0.775557738030336,0.0,0.0,0.04734470211773234,0.0,0.0,0.0,0.0,0.0,0.0,0.0,0.0,0.5,0.0,0.0,0.0,-0.6945169603306349,0.0,0.0,0.0,35.413895837252056,35.413895837252056,35.413895837252056,35.413895837252056,0.275557738030336,0.04734470211773234,0.0,0.0,0.0,0.275557738030336,0.20745999790960923
7.744,0.0,0.0,0.7749579210120613,0.0,0.0,0.02288033623731795,0.0,0.0,0.0,0.0,0.0,0.0,0.0,0.0,0.5,0.0,0.0,0.0,-0.6136594238581647,0.0,0.0,0.0,36.87920400755393,36.87920400755393,36.87920400755393,36.87920400755393,0.2749579210120613,0.02288033623731795,0.0,0.0,0.0,0.2749579210120613,0.07530600123573095
7.752,0.0,0.0,0.7741626117194655,0.0,0.0,-0.0015784633250393067,0.0,0.0,0.0,0.0,0.0,0.0,0.0,0.0,0.5,0.0,0.0,0.0,-0.5324355895932322,0.0,0.0,0.0,38.35115026221348,38.35115026221348,38.35115026221348,38.35115026221348,0.27416261171946554,0.0015784633250393067,0.0,0.0,0.0,0.27416261171946554,0.08874999912222847
7.76,0.0,0.0,0.7731782269322169,0.0,0.0,-0.025872390341246537,0.0,0.0,0.0,0.0,0.0,0.0,0.0,0.0,0.5,0.0,0.0,0.0,-0.4513769226446654,0.0,0.0,0.0,39.82010333864011,39.82010333864011,39.82010333864011,39.82010333864011,0.27317822693221694,0.025872390341246537,0.0,0.0,0.0,0.27317822693221694,0.06674900214420632
7.768,0.0,0.0,0.7720112187832858,0.0,0.0,-0.04987311599627507,0.0,0.0,0.0,0.0,0.0,0.0,0.0,0.0,0.5,0.0,0.0,0.0,-0.3709140667621539,0.0,0.0,0.0,41.27825906875698,41.27825906875698,41.27825906875698,41.27825906875698,0.2720112187832858,0.04987311599627507,0.0,0.0,0.0,0.2720112187832858,0.049369999032933265
7.776,0.0,0.0,0.7706680747130105,0.0,0.0,-0.07347709455390403,0.0,0.0,0.0,0.0,0.0,0.0,0.0,0.0,0.5,0.0,0.0,0.0,-0.2913970186813844,0.0,0.0,0.0,42.71927477754882,42.71927477754882,42.71927477754882,42.71927477754882,0.27066807471301046,0.07347709455390403,0.0,0.0,0.0,0.27066807471301046,0.03602299693739042
7.784,0.0,0.0,0.7691553174232215,0.0,0.0,-0.09660060788784686,0.0,0.0,0.0,0.0,0.0,0.0,0.0,0.0,0.5,0.0,0.0,0.0,-0.21311126758698717,0.0,0.0,0.0,44.13797680213864,44.13797680213864,44.13797680213864,44.13797680213864,0.2691553174232215,0.09660060788784686,0.0,0.0,0.0,0.2691553174232215,0.031428004149347544
7.792,0.0,0.0,0.7674795048314269,0.0,0.0,-0.11917580110514275,0.0,0.0,0.0,0.0,0.0,0.0,0.0,0.0,0.5,0.0,0.0,0.0,-0.13629070666988874,0.0,0.0,0.0,45.530126507284834,45.530126507284834,45.530126507284834,45.530126507284834,0.2674795048314269,0.11917580110514275,0.0,0.0,0.0,0.2674795048314269,0.024521003069821745
7.8,0.0,0.0,0.7656472300250556,0.0,0.0,-0.14114751104339593,0.0,0.0,0.0,0.0,0.0,0.0,0.0,0.0,0.5,0.0,0.0,0.0,-0.06112968304169841,0.0,0.0,0.0,46.89220191565616,46.89220191565616,46.89220191565616,46.89220191565616,0.26564723002505564,0.14114751104339593,0.0,0.0,0.0,0.26564723002505564,0.025016997824423015
7.808,0.0,0.0,0.7636651212157612,0.0,0.0,-0.1624707290670765,0.0,0.0,0.0,0.0,0.0,0.0,0.0,0.0,0.5,0.0,0.0,0.0,0.012215662924066395,0.0,0.0,0.0,48.22137343615932,48.22137343615932,48.22137343615932,48.22137343615932,0.26366512121576124,0.1624707290670765,0.0,0.0,0.0,0.26366512121576124,0.023022999812383205
7.816,0.0,0.0,0.7615398416937847,0.0,0.0,-0.18310857130307362,0.0,0.0,0.0,0.0,0.0,0.0,0.0,0.0,0.5,0.0,0.0,0.0,0.08361034211938345,0.0,0.0,0.0,49.51519478299936,49.51519478299936,49.51519478299936,49.51519478299936,0.26153984169378475,0.18310857130307362,0.0,0.0,0.0,0.26153984169378475,0.024275999749079347
7.824,0.0,0.0,0.759278089782377,0.0,0.0,-0.20303065482765287,0.0,0.0,0.0,0.0,0.0,0.0,0.0,0.0,0.5,0.0,0.0,0.0,0.15294222772166177,0.0,0.0,0.0,50.771633982950036,50.771633982950036,50.771633982950036,50.771633982950036,0.259278089782377,0.20303065482765287,0.0,0.0,0.0,0.259278089782377,0.025291999918408692
7.832,0.0,0.0,0.7568865987922796,0.0,0.0,-0.22221179861455698,0.0,0.0,0.0,0.0,0.0,0.0,0.0,0.0,0.5,0.0,0.0,0.0,0.22011606652291782,0.0,0.0,0.0,51.988964848076435,51.988964848076435,51.988964848076435,51.988964848076435,0.2568865987922796,0.22221179861455698,0.0,0.0,0.0,0.2568865987922796,0.03831700450973585
7.84,0.0,0.0,0.7543721369762659,0.0,0.0,-0.24063098429198726,0.0,0.0,0.0,0.0,0.0,0.0,0.0,0.0,0.5,0.0,0.0,0.0,0.28505009410467586,0.0,0.0,0.0,53.16570563560405,53.16570563560405,53.16570563560405,53.16570563560405,0.25437213697626593,0.24063098429198726,0.0,0.0,0.0,0.25437213697626593,0.024779001250863075
7.848,0.0,0.0,0.7517415074837404,0.0,0.0,-0.25827052474672907,0.0,0.0,0.0,0.0,0.0,0.0,0.0,0.0,0.5,0.0,0.0,0.0,0.34767332712398913,0.0,0.0,0.0,54.30056997846169,54.30056997846169,54.30056997846169,54.30056997846169,0.25174150748374036,0.25827052474672907,0.0,0.0,0.0,0.25174150748374036,0.03257799835409969
7.856,0.0,0.0,0.7490015483153971,0.0,0.0,-0.27511539900596427,0.0,0.0,0.0,0.0,0.0,0.0,0.0,0.0,0.5,0.0,0.0,0.0,0.40792339715516546,0.0,0.0,0.0,55.392427629949765,55.392427629949765,55.392427629949765,55.392427629949765,0.24900154831539711,0.27511539900596427,0.0,0.0,0.0,0.24900154831539711,0.024918001145124435
7.864,0.0,0.0,0.7461591322779374,0.0,0.0,-0.29115272014126425,0.0,0.0,0.0,0.0,0.0,0.0,0.0,0.0,0.5,0.0,0.0,0.0,0.4657448177761154,0.0,0.0,0.0,56.440273059709874,56.440273059709874,56.440273059709874,56.440273059709874,0.2461591322779374,0.29115272014126425,0.0,0.0,0.0,0.2461591322779374,0.023843000235501677
7.872,0.0,0.0,0.7432211669388462,0.0,0.0,-0.306371309590291,0.0,0.0,0.0,0.0,0.0,0.0,0.0,0.0,0.5,0.0,0.0,0.0,0.5,0.0,0.0,0.0,57.0610488164005,57.0610488164005,57.0610488164005,57.0610488164005,0.2432211669388462,0.306371309590291,0.0,0.0,0.0,0.2432211669388462,0.020603998564183712
7.88,0.0,0.0,0.7401945945812268,0.0,0.0,-0.3207613566127174,0.0,0.0,0.0,0.0,0.0,0.0,0.0,0.0,0.5,0.0,0.0,0.0,0.5,0.0,0.0,0.0,57.0610488164005,57.0610488164005,57.0610488164005,57.0610488164005,0.24019459458122683,0.3207613566127174,0.0,0.0,0.0,0.24019459458122683,0.031954994483385235
7.888,0.0,0.0,0.7370863921586952,0.0,0.0,-0.3343141458534645,0.0,0.0,0.0,0.0,0.0,0.0,0.0,0.0,0.5,0.0,0.0,0.0,0.5,0.0,0.0,0.0,57.0610488164005,57.0610488164005,57.0610488164005,57.0610488164005,0.2370863921586952,0.3343141458534645,0.0,0.0,0.0,0.2370863921586952,0.022243999410420656
7.896,0.0,0.0,0.7339035712503319,0.0,0.0,-0.34702183939185416,0.0,0.0,0.0,0.0,0.0,0.0,0.0,0.0,0.5,0.0,0.0,0.0,0.5,0.0,0.0,0.0,57.0610488164005,57.0610488164005,57.0610488164005,57.0610488164005,0.2339035712503319,0.34702183939185416,0.0,0.0,0.0,0.2339035712503319,0.031244999263435602
7.904,0.0,0.0,0.7306531780156932,0.0,0.0,-0.35887730237945115,0.0,0.0,0.0,0.0,0.0,0.0,0.0,0.0,0.5,0.0,0.0,0.0,0.5,0.0,0.0,0.0,57.0610488164005,57.0610488164005,57.0610488164005,57.0610488164005,0.23065317801569318,0.35887730237945115,0.0,0.0,0.0,0.23065317801569318,0.03033800021512434
7.912,0.0,0.0,0.7273422931498803,0.0,0.0,-0.36987396354888286,0.0,0.0,0.0,0.0,0.0,0.0,0.0,0.0,0.5,0.0,0.0,0.0,0.5,0.0,0.0,0.0,57.0610488164005,57.0610488164005,57.0610488164005,57.0610488164005,0.2273422931498803,0.36987396354888286,0.0,0.0,0.0,0.2273422931498803,0.043757005187217146
7.92,0.0,0.0,0.7239780318386672,0.0,0.0,-0.38000570361943486,0.0,0.0,0.0,0.0,0.0,0.0,0.0,0.0,0.5,0.0,0.0,0.0,0.5,0.0,0.0,0.0,57.0610488164005,57.0610488164005,57.0610488164005,57.0610488164005,0.22397803183866716,0.38000570361943486,0.0,0.0,0.0,0.22397803183866716,0.03498899604892358
7.928,0.0,0.0,0.7205675437136866,0.0,0.0,-0.3892667660200621,0.0,0.0,0.0,0.0,0.0,0.0,0.0,0.0,0.5,0.0,0.0,0.0,0.5,0.0,0.0,0.0,57.0610488164005,57.0610488164005,57.0610488164005,57.0610488164005,0.2205675437136866,0.3892667660200621,0.0,0.0,0.0,0.2205675437136866,0.09152800339506939
7.936,0.0,0.0,0.7171180128076745,0.0,0.0,-0.3976516854663516,0.0,0.0,0.0,0.0,0.0,0.0,0.0,0.0,0.5,0.0,0.0,0.0,0.5,0.0,0.0,0.0,57.0610488164005,57.0610488164005,57.0610488164005,57.0610488164005,0.2171180128076745,0.3976516854663516,0.0,0.0,0.0,0.2171180128076745,0.11070600157836452
7.944,0.0,0.0,0.7136366575097722,0.0,0.0,-0.4051552308206382,0.0,0.0,0.0,0.0,0.0,0.0,0.0,0.0,0.5,0.0,0.0,0.0,0.5,0.0,0.0,0.0,57.0610488164005,57.0610488164005,57.0610488164005,57.0610488164005,0.21363665750977223,0.4051552308206382,0.0,0.0,0.0,0.21363665750977223,0.0838289997773245
7.952,0.0,0.0,0.710130730520887,0.0,0.0,-0.41177235937864026,0.0,0.0,0.0,0.0,0.0,0.0,0.0,0.0,0.5,0.0,0.0,0.0,0.5,0.0,0.0,0.0,57.0610488164005,57.0610488164005,57.0610488164005,57.0610488164005,0.21013073052088704,0.41177235937864026,0.0,0.0,0.0,0.21013073052088704,0.059054997109342366
7.96,0.0,0.0,0.7066075188091107,0.0,0.0,-0.41749818029732183,0.0,0.0,0.0,0.0,0.0,0.0,0.0,0.0,0.5,0.0,0.0,0.0,0.5,0.0,0.0,0.0,57.0610488164005,57.0610488164005,57.0610488164005,57.0610488164005,0.20660751880911066,0.41749818029732183,0.0,0.0,0.0,0.20660751880911066,0.15027900371933356
7.968,0.0,0.0,0.7030743435651958,0.0,0.0,-0.4223279253357282,0.0,0.0,0.0,0.0,0.0,0.0,0.0,0.0,0.5,0.0,0.0,0.0,0.5,0.0,0.0,0.0,57.0610488164005,57.0610488164005,57.0610488164005,57.0610488164005,0.20307434356519583,0.4223279253357282,0.0,0.0,0.0,0.20307434356519583,0.11350600107107311
7.976,0.0,0.0,0.6995385601580905,0.0,0.0,-0.42625692544621663,0.0,0.0,0.0,0.0,0.0,0.0,0.0,0.0,0.5,0.0,0.0,0.0,0.5,0.0,0.0,0.0,57.0610488164005,57.0610488164005,57.0610488164005,57.0610488164005,0.19953856015809046,0.42625692544621663,0.0,0.0,0.0,0.19953856015809046,0.05760099884355441
7.984,0.0,0.0,0.6960075580905295,0.0,0.0,-0.42928059204599733,0.0,0.0,0.0,0.0,0.0,0.0,0.0,0.0,0.5,0.0,0.0,0.0,0.5,0.0,0.0,0.0,57.0610488164005,57.0610488164005,57.0610488164005,57.0610488164005,0.1960075580905295,0.42928059204599733,0.0,0.0,0.0,0.1960075580905295,0.06849700002931058
7.992,0.0,0.0,0.6924887609546849,0.0,0.0,-0.43139440203291224,0.0,0.0,0.0,0.0,0.0,0.0,0.0,0.0,0.5,0.0,0.0,0.0,0.5,0.0,0.0,0.0,57.0610488164005,57.0610488164005,57.0610488164005,57.0610488164005,0.19248876095468492,0.43139440203291224,0.0,0.0,0.0,0.19248876095468492,0.1902959993458353
8.0,0.0,0.0,0.6889896263878731,0.0,0.0,-0.4325938857966256,0.0,0.0,0.0,0.0,0.0,0.0,0.0,0.0,0.5,0.0,0.0,0.0,0.5,0.0,0.0,0.0,57.0610488164005,57.0610488164005,57.0610488164005,57.0610488164005,0.1889896263878731,0.4325938857966256,0.0,0.0,0.0,0.1889896263878731,0.1084079995052889
8.008000000000001,0.0,0.0,0.6855176460283197,0.0,0.0,-0.4328746176261265,0.0,0.0,0.0,0.0,0.0,0.0,0.0,0.0,0.5,0.0,0.0,0.0,0.5,0.0,0.0,0.0,57.0610488164005,57.0610488164005,57.0610488164005,57.0610488164005,0.18551764602831966,0.4328746176261265,0.0,0.0,0.0,0.18551764602831966,0.12459100253181532
8.016,0.0,0.0,0.6820803454709817,0.0,0.0,-0.4322322080343589,0.0,0.0,0.0,0.0,0.0,0.0,0.0,0.0,0.5,0.0,0.0,0.0,0.5,0.0,0.0,0.0,57.0610488164005,57.0610488164005,57.0610488164005,57.0610488164005,0.18208034547098173,0.4322322080343589,0.0,0.0,0.0,0.18208034547098173,0.10963100066874176
8.024000000000001,0.0,0.0,0.6786852842234279,0.0,0.0,-0.43066229761632374,0.0,0.0,0.0,0.0,0.0,0.0,0.0,0.0,0.5,0.0,0.0,0.0,0.5,0.0,0.0,0.0,57.0610488164005,57.0610488164005,57.0610488164005,57.0610488164005,0.1786852842234279,0.43066229761632374,0.0,0.0,0.0,0.1786852842234279,0.1793670016922988
8.032,0.0,0.0,0.6753400556617754,0.0,0.0,-0.42816055213438164,0.0,0.0,0.0,0.0,0.0,0.0,0.0,0.0,0.5,0.0,0.0,0.0,0.5,0.0,0.0,0.0,57.0610488164005,57.0610488164005,57.0610488164005,57.0610488164005,0.17534005566177535,0.42816055213438164,0.0,0.0,0.0,0.17534005566177535,0.08188400533981621
8.040000000000001,0.0,0.0,0.6720522869866843,0.0,0.0,-0.4247226585847727,0.0,0.0,0.0,0.0,0.0,0.0,0.0,0.0,0.5,0.0,0.0,0.0,0.5,0.0,0.0,0.0,57.0610488164005,57.0610488164005,57.0610488164005,57.0610488164005,0.1720522869866843,0.4247226585847727,0.0,0.0,0.0,0.1720522869866843,0.0631119983154349
8.048,0.0,0.0,0.6688296391794092,0.0,0.0,-0.4203443220497046,0.0,0.0,0.0,0.0,0.0,0.0,0.0,0.0,0.5,0.0,0.0,0.0,0.5,0.0,0.0,0.0,57.0610488164005,57.0610488164005,57.0610488164005,57.0610488164005,0.16882963917940919,0.4203443220497046,0.0,0.0,0.0,0.16882963917940919,0.16634599887765944
8.056000000000001,0.0,0.0,0.6656798069579078,0.0,0.0,-0.4150212631772883,0.0,0.0,0.0,0.0,0.0,0.0,0.0,0.0,0.5,0.0,0.0,0.0,0.5,0.0,0.0,0.0,57.0610488164005,57.0610488164005,57.0610488164005,57.0610488164005,0.16567980695790785,0.4150212631772883,0.0,0.0,0.0,0.16567980695790785,0.06728399603161961
8.064,0.0,0.0,0.6626105187330067,0.0,0.0,-0.40874921616436805,0.0,0.0,0.0,0.0,0.0,0.0,0.0,0.0,0.5,0.0,0.0,0.0,0.5,0.0,0.0,0.0,57.0610488164005,57.0610488164005,57.0610488164005,57.0610488164005,0.1626105187330067,0.40874921616436805,0.0,0.0,0.0,0.1626105187330067,0.03263200051151216
8.072000000000001,0.0,0.0,0.6596295365646236,0.0,0.0,-0.4015239271410624,0.0,0.0,0.0,0.0,0.0,0.0,0.0,0.0,0.5,0.0,0.0,0.0,0.5,0.0,0.0,0.0,57.0610488164005,57.0610488164005,57.0610488164005,57.0610488164005,0.15962953656462364,0.4015239271410624,0.0,0.0,0.0,0.15962953656462364,0.0437420021626167
8.08,0.0,0.0,0.6567446561180476,0.0,0.0,-0.39334115287726007,0.0,0.0,0.0,0.0,0.0,0.0,0.0,0.0,0.5,0.0,0.0,0.0,0.5,0.0,0.0,0.0,57.0610488164005,57.0610488164005,57.0610488164005,57.0610488164005,0.15674465611804755,0.39334115287726007,0.0,0.0,0.0,0.15674465611804755,0.04782000178238377
8.088000000000001,0.0,0.0,0.6539637066202745,0.0,0.0,-0.38419665974612727,0.0,0.0,0.0,0.0,0.0,0.0,0.0,0.0,0.5,0.0,0.0,0.0,0.5,0.0,0.0,0.0,57.0610488164005,57.0610488164005,57.0610488164005,57.0610488164005,0.15396370662027448,0.38419665974612727,0.0,0.0,0.0,0.15396370662027448,0.022356005501933396
8.096,0.0,0.0,0.651294550816401,0.0,0.0,-0.3740862228937467,0.0,0.0,0.0,0.0,0.0,0.0,0.0,0.0,0.5,0.0,0.0,0.0,0.5,0.0,0.0,0.0,57.0610488164005,57.0610488164005,57.0610488164005,57.0610488164005,0.15129455081640097,0.3740862228937467,0.0,0.0,0.0,0.15129455081640097,0.0279059968306683
8.104000000000001,0.0,0.0,0.6487450849260735,0.0,0.0,-0.36300562557317656,0.0,0.0,0.0,0.0,0.0,0.0,0.0,0.0,0.5,0.0,0.0,0.0,0.5,0.0,0.0,0.0,57.0610488164005,57.0610488164005,57.0610488164005,57.0610488164005,0.14874508492607352,0.36300562557317656,0.0,0.0,0.0,0.14874508492607352,0.02427099389024079
8.112,0.0,0.0,0.6463232385999949,0.0,0.0,-0.35095065861051467,0.0,0.0,0.0,0.0,0.0,0.0,0.0,0.0,0.5,0.0,0.0,0.0,0.5,0.0,0.0,0.0,57.0610488164005,57.0610488164005,57.0610488164005,57.0610488164005,0.14632323859999485,0.35095065861051467,0.0,0.0,0.0,0.14632323859999485,0.02446799771860242
8.120000000000001,0.0,0.0,0.6440369748764869,0.0,0.0,-0.33791711997610363,0.0,0.0,0.0,0.0,0.0,0.0,0.0,0.0,0.5,0.0,0.0,0.0,0.5,0.0,0.0,0.0,57.0610488164005,57.0610488164005,57.0610488164005,57.0610488164005,0.14403697487648692,0.33791711997610363,0.0,0.0,0.0,0.14403697487648692,0.025677996745798737
8.128,0.0,0.0,0.64189429013811,0.0,0.0,-0.3239008144403132,0.0,0.0,0.0,0.0,0.0,0.0,0.0,0.0,0.5,0.0,0.0,0.0,0.5,0.0,0.0,0.0,57.0610488164005,57.0610488164005,57.0610488164005,57.0610488164005,0.14189429013810995,0.3239008144403132,0.0,0.0,0.0,0.14189429013810995,0.026543995772954077
8.136000000000001,0.0,0.0,0.6399032140683384,0.0,0.0,-0.30889755329653396,0.0,0.0,0.0,0.0,0.0,0.0,0.0,0.0,0.5,0.0,0.0,0.0,0.5,0.0,0.0,0.0,57.0610488164005,57.0610488164005,57.0610488164005,57.0610488164005,0.1399032140683384,0.30889755329653396,0.0,0.0,0.0,0.1399032140683384,0.021303996618371457
8.144,0.0,0.0,0.6380718096082924,0.0,0.0,-0.29290315413838314,0.0,0.0,0.0,0.0,0.0,0.0,0.0,0.0,0.5,0.0,0.0,0.0,0.5,0.0,0.0,0.0,57.0610488164005,57.0610488164005,57.0610488164005,57.0610488164005,0.13807180960829235,0.29290315413838314,0.0,0.0,0.0,0.13807180960829235,0.04297499981475994
8.152000000000001,0.0,0.0,0.6364081729135259,0.0,0.0,-0.27591344067986273,0.0,0.0,0.0,0.0,0.0,0.0,0.0,0.0,0.5,0.0,0.0,0.0,0.5,0.0,0.0,0.0,57.0610488164005,57.0610488164005,57.0610488164005,57.0610488164005,0.13640817291352592,0.27591344067986273,0.0,0.0,0.0,0.13640817291352592,0.026845002139452845
8.16,0.0,0.0,0.6349204333108717,0.0,0.0,-0.2579242426102505,0.0,0.0,0.0,0.0,0.0,0.0,0.0,0.0,0.5,0.0,0.0,0.0,0.5,0.0,0.0,0.0,57.0610488164005,57.0610488164005,57.0610488164005,57.0610488164005,0.13492043331087167,0.2579242426102505,0.0,0.0,0.0,0.13492043331087167,0.06759299867553636
8.168000000000001,0.0,0.0,0.6336167532553407,0.0,0.0,-0.23893139547647033,0.0,0.0,0.0,0.0,0.0,0.0,0.0,0.0,0.5,0.0,0.0,0.0,0.5,0.0,0.0,0.0,57.0610488164005,57.0610488164005,57.0610488164005,57.0610488164005,0.13361675325534073,0.23893139547647033,0.0,0.0,0.0,0.13361675325534073,0.05069599865237251
8.176,0.0,0.0,0.6325053282870791,0.0,0.0,-0.21893074058772094,0.0,0.0,0.0,0.0,0.0,0.0,0.0,0.0,0.5,0.0,0.0,0.0,0.4540169375846291,0.0,0.0,0.0,56.22773926985397,56.22773926985397,56.22773926985397,56.22773926985397,0.13250532828707906,0.21893074058772094,0.0,0.0,0.0,0.13250532828707906,0.24025099992286414
8.184000000000001,0.0,0.0,0.63159438698838,0.0,0.0,-0.19791812493765082,0.0,0.0,0.0,0.0,0.0,0.0,0.0,0.0,0.5,0.0,0.0,0.0,0.38737349556694084,0.0,0.0,0.0,55.02002030702351,55.02002030702351,55.02002030702351,55.02002030702351,0.13159438698838,0.19791812493765082,0.0,0.0,0.0,0.13159438698838,0.07461399945896119
8.192,0.0,0.0,0.6308921909407521,0.0,0.0,-0.17588940114081986,0.0,0.0,0.0,0.0,0.0,0.0,0.0,0.0,0.5,0.0,0.0,0.0,0.31700901630930206,0.0,0.0,0.0,53.744868344035375,53.744868344035375,53.744868344035375,53.744868344035375,0.1308921909407521,0.17588940114081986,0.0,0.0,0.0,0.1308921909407521,0.07682599971303716
8.2,0.0,0.0,0.6304070346820432,0.0,0.0,-0.15284042738038048,0.0,0.0,0.0,0.0,0.0,0.0,0.0,0.0,0.5,0.0,0.0,0.0,0.24289489625838306,0.0,0.0,0.0,52.40176502450349,52.40176502450349,52.40176502450349,52.40176502450349,0.13040703468204318,0.15284042738038048,0.0,0.0,0.0,0.13040703468204318,0.04898000042885542
8.208,0.0,0.0,0.63014724566362,0.0,0.0,-0.12876706736488272,0.0,0.0,0.0,0.0,0.0,0.0,0.0,0.0,0.5,0.0,0.0,0.0,0.16499950718673972,0.0,0.0,0.0,50.99013717860215,50.99013717860215,50.99013717860215,50.99013717860215,0.13014724566362001,0.12876706736488272,0.0,0.0,0.0,0.13014724566362001,0.042528998164925724
8.216,0.0,0.0,0.6301211842076033,0.0,0.0,-0.10366519029232352,0.0,0.0,0.0,0.0,0.0,0.0,0.0,0.0,0.5,0.0,0.0,0.0,0.08329643189517544,0.0,0.0,0.0,49.509506071268326,49.509506071268326,49.509506071268326,49.509506071268326,0.13012118420760332,0.10366519029232352,0.0,0.0,0.0,0.13012118420760332,0.039143997128121555
8.224,0.0,0.0,0.6303372434641589,0.0,0.0,-0.07753067081997078,0.0,0.0,0.0,0.0,0.0,0.0,0.0,0.0,0.5,0.0,0.0,0.0,-0.002245964716123705,0.0,0.0,0.0,47.95929840813458,47.95929840813458,47.95929840813458,47.95929840813458,0.13033724346415887,0.07753067081997078,0.0,0.0,0.0,0.13033724346415887,0.040809994970913976
8.232,0.0,0.0,0.6307975140553811,0.0,0.0,-0.05051777187541979,0.0,0.0,0.0,0.0,0.0,0.0,0.0,0.0,0.5,0.0,0.0,0.0,-0.09112938339961385,0.0,0.0,0.0,46.348544416815244,46.348544416815244,46.348544416815244,46.348544416815244,0.1307975140553811,0.05051777187541979,0.0,0.0,0.0,0.1307975140553811,0.040639999497216195
8.24,0.0,0.0,0.6314929697973685,0.0,0.0,-0.02302782395065348,0.0,0.0,0.0,0.0,0.0,0.0,0.0,0.0,0.5,0.0,0.0,0.0,-0.1820289947638461,0.0,0.0,0.0,44.70125278488896,44.70125278488896,44.70125278488896,44.70125278488896,0.13149296979736846,0.02302782395065348,0.0,0.0,0.0,0.13149296979736846,0.04054400051245466
8.248,0.0,0.0,0.6324146399246664,0.0,0.0,0.004619494021928145,0.0,0.0,0.0,0.0,0.0,0.0,0.0,0.0,0.5,0.0,0.0,0.0,-0.2738859907257054,0.0,0.0,0.0,43.03661133581234,43.03661133581234,43.03661133581234,43.03661133581234,0.1324146399246664,0.004619494021928145,0.0,0.0,0.0,0.1324146399246664,0.03742699482245371
8.256,0.0,0.0,0.633553609018262,0.0,0.0,0.032169822557428465,0.0,0.0,0.0,0.0,0.0,0.0,0.0,0.0,0.5,0.0,0.0,0.0,-0.36585441208428404,0.0,0.0,0.0,41.3699506248176,41.3699506248176,41.3699506248176,41.3699506248176,0.13355360901826197,0.032169822557428465,0.0,0.0,0.0,0.13355360901826197,0.030774004699196666
8.264,0.0,0.0,0.6349010169336715,0.0,0.0,0.0594210559311852,0.0,0.0,0.0,0.0,0.0,0.0,0.0,0.0,0.5,0.0,0.0,0.0,-0.45725859451514145,0.0,0.0,0.0,39.713515106759246,39.713515106759246,39.713515106759246,39.713515106759246,0.1349010169336715,0.0594210559311852,0.0,0.0,0.0,0.1349010169336715,0.035301003663334996
8.272,0.0,0.0,0.6364480587291225,0.0,0.0,0.08621288963121768,0.0,0.0,0.0,0.0,0.0,0.0,0.0,0.0,0.5,0.0,0.0,0.0,-0.5475591253443295,0.0,0.0,0.0,38.07708007077894,38.07708007077894,38.07708007077894,38.07708007077894,0.13644805872912247,0.08621288963121768,0.0,0.0,0.0,0.13644805872912247,0.03873199602821842
8.28,0.0,0.0,0.6381859845938278,0.0,0.0,0.11241845832261234,0.0,0.0,0.0,0.0,0.0,0.0,0.0,0.0,0.5,0.0,0.0,0.0,-0.636325608947458,0.0,0.0,0.0,36.46844518840261,36.46844518840261,36.46844518840261,36.46844518840261,0.1381859845938278,0.11241845832261234,0.0,0.0,0.0,0.1381859845938278,0.030903000151738524
8.288,0.0,0.0,0.6401060997763542,0.0,0.0,0.13793764622124546,0.0,0.0,0.0,0.0,0.0,0.0,0.0,0.0,0.5,0.0,0.0,0.0,-0.7232148790481352,0.0,0.0,0.0,34.89382935239533,34.89382935239533,34.89382935239533,34.89382935239533,0.14010609977635424,0.13793764622124546,0.0,0.0,0.0,0.14010609977635424,0.024537002900615335
8.296,0.0,0.0,0.642199764513083,0.0,0.0,0.16269173539522175,0.0,0.0,0.0,0.0,0.0,0.0,0.0,0.0,0.5,0.0,0.0,0.0,-0.8079535685367415,0.0,0.0,0.0,33.3581865482072,33.3581865482072,33.3581865482072,33.3581865482072,0.14219976451308303,0.16269173539522175,0.0,0.0,0.0,0.14219976451308303,0.023456996132154018
8.304,0.0,0.0,0.6444583939567641,0.0,0.0,0.18661912440819728,0.0,0.0,0.0,0.0,0.0,0.0,0.0,0.0,0.5,0.0,0.0,0.0,-0.8903241653045767,0.0,0.0,0.0,31.865458551508404,31.865458551508404,31.865458551508404,31.865458551508404,0.14445839395676408,0.18661912440819728,0.0,0.0,0.0,0.14445839395676408,0.027643000066746026
8.312,0.0,0.0,0.6468734581051627,0.0,0.0,0.2096719032365307,0.0,0.0,0.0,0.0,0.0,0.0,0.0,0.0,0.5,0.0,0.0,0.0,-0.9701538568913739,0.0,0.0,0.0,30.418777086576075,30.418777086576075,30.418777086576075,30.418777086576075,0.14687345810516272,0.2096719032365307,0.0,0.0,0.0,0.14687345810516272,0.028271002520341426
8.32,0.0,0.0,0.6494364817297991,0.0,0.0,0.23181311320512593,0.0,0.0,0.0,0.0,0.0,0.0,0.0,0.0,0.5,0.0,0.0,0.0,-1.0,0.0,0.0,0.0,29.877902367199002,29.877902367199002,29.877902367199002,29.877902367199002,0.14943648172979906,0.23181311320512593,0.0,0.0,0.0,0.14943648172979906,0.0754630018491298
8.328,0.0,0.0,0.6521390443047804,0.0,0.0,0.2530145549386422,0.0,0.0,0.0,0.0,0.0,0.0,0.0,0.0,0.5,0.0,0.0,0.0,-1.0,0.0,0.0,0.0,29.877902367199002,29.877902367199002,29.877902367199002,29.877902367199002,0.15213904430478042,0.2530145549386422,0.0,0.0,0.0,0.15213904430478042,0.0628889974905178
8.336,0.0,0.0,0.6549727799357256,0.0,0.0,0.2732550347245342,0.0,0.0,0.0,0.0,0.0,0.0,0.0,0.0,0.5,0.0,0.0,0.0,-1.0,0.0,0.0,0.0,29.877902367199002,29.877902367199002,29.877902367199002,29.877902367199002,0.15497277993572556,0.2732550347245342,0.0,0.0,0.0,0.15497277993572556,0.02602200402179733
8.344,0.0,0.0,0.6579293772887818,0.0,0.0,0.2925189616060406,0.0,0.0,0.0,0.0,0.0,0.0,0.0,0.0,0.5,0.0,0.0,0.0,-1.0,0.0,0.0,0.0,29.877902367199002,29.877902367199002,29.877902367199002,29.877902367199002,0.15792937728878176,0.2925189616060406,0.0,0.0,0.0,0.15792937728878176,0.03533199924277142
8.352,0.0,0.0,0.661000579519734,0.0,0.0,0.31079522505863016,0.0,0.0,0.0,0.0,0.0,0.0,0.0,0.0,0.5,0.0,0.0,0.0,-1.0,0.0,0.0,0.0,29.877902367199002,29.877902367199002,29.877902367199002,29.877902367199002,0.161000579519734,0.31079522505863016,0.0,0.0,0.0,0.161000579519734,0.08425400301348418
8.36,0.0,0.0,0.6641781842032062,0.0,0.0,0.3280762971337171,0.0,0.0,0.0,0.0,0.0,0.0,0.0,0.0,0.5,0.0,0.0,0.0,-1.0,0.0,0.0,0.0,29.877902367199002,29.877902367199002,29.877902367199002,29.877902367199002,0.16417818420320618,0.3280762971337171,0.0,0.0,0.0,0.16417818420320618,0.06550500256707892
8.368,0.0,0.0,0.6674540432619541,0.0,0.0,0.3443575141756631,0.0,0.0,0.0,0.0,0.0,0.0,0.0,0.0,0.5,0.0,0.0,0.0,-1.0,0.0,0.0,0.0,29.877902367199002,29.877902367199002,29.877902367199002,29.877902367199002,0.16745404326195412,0.3443575141756631,0.0,0.0,0.0,0.16745404326195412,0.04695099778473377
8.376,0.0,0.0,0.6708200628962511,0.0,0.0,0.35963650219796345,0.0,0.0,0.0,0.0,0.0,0.0,0.0,0.0,0.5,0.0,0.0,0.0,-1.0,0.0,0.0,0.0,29.877902367199002,29.877902367199002,29.877902367199002,29.877902367199002,0.17082006289625107,0.35963650219796345,0.0,0.0,0.0,0.17082006289625107,0.1073219973477535
8.384,0.0,0.0,0.6742682035133645,0.0,0.0,0.37391271718619623,0.0,0.0,0.0,0.0,0.0,0.0,0.0,0.0,0.5,0.0,0.0,0.0,-1.0,0.0,0.0,0.0,29.877902367199002,29.877902367199002,29.877902367199002,29.877902367199002,0.17426820351336447,0.37391271718619623,0.0,0.0,0.0,0.17426820351336447,0.10799099982250482
8.392,0.0,0.0,0.6777904796571241,0.0,0.0,0.38718707734295826,0.0,0.0,0.0,0.0,0.0,0.0,0.0,0.0,0.5,0.0,0.0,0.0,-1.0,0.0,0.0,0.0,29.877902367199002,29.877902367199002,29.877902367199002,29.877902367199002,0.17779047965712413,0.38718707734295826,0.0,0.0,0.0,0.17779047965712413,0.051393995818216354
8.4,0.0,0.0,0.6813789599375827,0.0,0.0,0.39946166888582035,0.0,0.0,0.0,0.0,0.0,0.0,0.0,0.0,0.5,0.0,0.0,0.0,-1.0,0.0,0.0,0.0,29.877902367199002,29.877902367199002,29.877902367199002,29.877902367199002,0.18137895993758268,0.39946166888582035,0.0,0.0,0.0,0.18137895993758268,0.13334499817574397
8.408,0.0,0.0,0.6850257669607667,0.0,0.0,0.410739510688266,0.0,0.0,0.0,0.0,0.0,0.0,0.0,0.0,0.5,0.0,0.0,0.0,-1.0,0.0,0.0,0.0,29.877902367199002,29.877902367199002,29.877902367199002,29.877902367199002,0.18502576696076667,0.410739510688266,0.0,0.0,0.0,0.18502576696076667,0.11729599646059796
8.416,0.0,0.0,0.6887230772585193,0.0,0.0,0.4210243659944191,0.0,0.0,0.0,0.0,0.0,0.0,0.0,0.0,0.5,0.0,0.0,0.0,-1.0,0.0,0.0,0.0,29.877902367199002,29.877902367199002,29.877902367199002,29.877902367199002,0.18872307725851933,0.4210243659944191,0.0,0.0,0.0,0.18872307725851933,0.10069800191558897
8.424,0.0,0.0,0.6924631212184346,0.0,0.0,0.43032059179342635,0.0,0.0,0.0,0.0,0.0,0.0,0.0,0.0,0.5,0.0,0.0,0.0,-1.0,0.0,0.0,0.0,29.877902367199002,29.877902367199002,29.877902367199002,29.877902367199002,0.19246312121843456,0.43032059179342635,0.0,0.0,0.0,0.19246312121843456,0.09834500087890774
8.432,0.0,0.0,0.6962381830138814,0.0,0.0,0.4386330183209016,0.0,0.0,0.0,0.0,0.0,0.0,0.0,0.0,0.5,0.0,0.0,0.0,-1.0,0.0,0.0,0.0,29.877902367199002,29.877902367199002,29.877902367199002,29.877902367199002,0.1962381830138814,0.4386330183209016,0.0,0.0,0.0,0.1962381830138814,0.18757599900709465
8.44,0.0,0.0,0.7000406005341202,0.0,0.0,0.4459668526627018,0.0,0.0,0.0,0.0,0.0,0.0,0.0,0.0,0.5,0.0,0.0,0.0,-1.0,0.0,0.0,0.0,29.877902367199002,29.877902367199002,29.877902367199002,29.877902367199002,0.2000406005341202,0.4459668526627018,0.0,0.0,0.0,0.2000406005341202,1.1699379974743351
8.448,0.0,0.0,0.7038627653145091,0.0,0.0,0.45232760163987284,0.0,0.0,0.0,0.0,0.0,0.0,0.0,0.0,0.5,0.0,0.0,0.0,-1.0,0.0,0.0,0.0,29.877902367199002,29.877902367199002,29.877902367199002,29.877902367199002,0.2038627653145091,0.45232760163987284,0.0,0.0,0.0,0.2038627653145091,0.06966799992369488
8.456,0.0,0.0,0.7076971224668012,0.0,0.0,0.4577210101192108,0.0,0.0,0.0,0.0,0.0,0.0,0.0,0.0,0.5,0.0,0.0,0.0,-1.0,0.0,0.0,0.0,29.877902367199002,29.877902367199002,29.877902367199002,29.877902367199002,0.20769712246680117,0.4577210101192108,0.0,0.0,0.0,0.20769712246680117,0.07618399831699207
8.464,0.0,0.0,0.7115361706095324,0.0,0.0,0.46215301166364003,0.0,0.0,0.0,0.0,0.0,0.0,0.0,0.0,0.5,0.0,0.0,0.0,-1.0,0.0,0.0,0.0,29.877902367199002,29.877902367199002,29.877902367199002,29.877902367199002,0.21153617060953245,0.46215301166364003,0.0,0.0,0.0,0.21153617060953245,0.1738499995553866
8.472,0.0,0.0,0.7153724617985001,0.0,0.0,0.46562968905511426,0.0,0.0,0.0,0.0,0.0,0.0,0.0,0.0,0.5,0.0,0.0,0.0,-1.0,0.0,0.0,0.0,29.877902367199002,29.877902367199002,29.877902367199002,29.877902367199002,0.21537246179850011,0.46562968905511426,0.0,0.0,0.0,0.21537246179850011,0.09699600195745006
8.48,0.0,0.0,0.719198601457331,0.0,0.0,0.4681572427148542,0.0,0.0,0.0,0.0,0.0,0.0,0.0,0.0,0.5,0.0,0.0,0.0,-1.0,0.0,0.0,0.0,29.877902367199002,29.877902367199002,29.877902367199002,29.877902367199002,0.21919860145733105,0.4681572427148542,0.0,0.0,0.0,0.21919860145733105,0.07310799992410466
8.488,0.0,0.0,0.7230072483081408,0.0,0.0,0.46974196544213703,0.0,0.0,0.0,0.0,0.0,0.0,0.0,0.0,0.5,0.0,0.0,0.0,-1.0,0.0,0.0,0.0,29.877902367199002,29.877902367199002,29.877902367199002,29.877902367199002,0.22300724830814078,0.46974196544213703,0.0,0.0,0.0,0.22300724830814078,0.04761500167660415
8.496,0.0,0.0,0.7267911143022823,0.0,0.0,0.47039022220723625,0.0,0.0,0.0,0.0,0.0,0.0,0.0,0.0,0.5,0.0,0.0,0.0,-1.0,0.0,0.0,0.0,29.877902367199002,29.877902367199002,29.877902367199002,29.877902367199002,0.22679111430228227,0.47039022220723625,0.0,0.0,0.0,0.22679111430228227,0.050829999963752925
8.504,0.0,0.0,0.730542964551185,0.0,0.0,0.47010843398836627,0.0,0.0,0.0,0.0,0.0,0.0,0.0,0.0,0.5,0.0,0.0,0.0,-1.0,0.0,0.0,0.0,29.877902367199002,29.877902367199002,29.877902367199002,29.877902367199002,0.23054296455118495,0.47010843398836627,0.0,0.0,0.0,0.23054296455118495,0.04021399945486337
8.512,0.0,0.0,0.7342556172572835,0.0,0.0,0.4689030648431464,0.0,0.0,0.0,0.0,0.0,0.0,0.0,0.0,0.5,0.0,0.0,0.0,-1.0,0.0,0.0,0.0,29.877902367199002,29.877902367199002,29.877902367199002,29.877902367199002,0.2342556172572835,0.4689030648431464,0.0,0.0,0.0,0.2342556172572835,0.029010996513534337
8.52,0.0,0.0,0.7379219436450362,0.0,0.0,0.4667806115683438,0.0,0.0,0.0,0.0,0.0,0.0,0.0,0.0,0.5,0.0,0.0,0.0,-1.0,0.0,0.0,0.0,29.877902367199002,29.877902367199002,29.877902367199002,29.877902367199002,0.23792194364503616,0.4667806115683438,0.0,0.0,0.0,0.23792194364503616,0.018776001525111496
8.528,0.0,0.0,0.741534867892033,0.0,0.0,0.46374759542958705,0.0,0.0,0.0,0.0,0.0,0.0,0.0,0.0,0.5,0.0,0.0,0.0,-1.0,0.0,0.0,0.0,29.877902367199002,29.877902367199002,29.877902367199002,29.877902367199002,0.24153486789203304,0.46374759542958705,0.0,0.0,0.0,0.24153486789203304,0.01763500040397048
8.536,0.0,0.0,0.7450873670601937,0.0,0.0,0.4598105555476968,0.0,0.0,0.0,0.0,0.0,0.0,0.0,0.0,0.5,0.0,0.0,0.0,-1.0,0.0,0.0,0.0,29.877902367199002,29.877902367199002,29.877902367199002,29.877902367199002,0.24508736706019374,0.4598105555476968,0.0,0.0,0.0,0.24508736706019374,0.017797006876207888
8.544,0.0,0.0,0.7485724710270543,0.0,0.0,0.4549760436096608,0.0,0.0,0.0,0.0,0.0,0.0,0.0,0.0,0.5,0.0,0.0,0.0,-1.0,0.0,0.0,0.0,29.877902367199002,29.877902367199002,29.877902367199002,29.877902367199002,0.24857247102705426,0.4549760436096608,0.0,0.0,0.0,0.24857247102705426,0.06479599687736481
8.552,0.0,0.0,0.7519832624171436,0.0,0.0,0.4492506196399724,0.0,0.0,0.0,0.0,0.0,0.0,0.0,0.0,0.5,0.0,0.0,0.0,-1.0,0.0,0.0,0.0,29.877902367199002,29.877902367199002,29.877902367199002,29.877902367199002,0.25198326241714364,0.4492506196399724,0.0,0.0,0.0,0.25198326241714364,0.03667900455184281
8.56,0.0,0.0,0.7553128765334489,0.0,0.0,0.4426408486196006,0.0,0.0,0.0,0.0,0.0,0.0,0.0,0.0,0.5,0.0,0.0,0.0,-1.0,0.0,0.0,0.0,29.877902367199002,29.877902367199002,29.877902367199002,29.877902367199002,0.2553128765334489,0.4426408486196006,0.0,0.0,0.0,0.2553128765334489,0.02542499714763835
8.568,0.0,0.0,0.7585545012889702,0.0,0.0,0.43515329778372086,0.0,0.0,0.0,0.0,0.0,0.0,0.0,0.0,0.5,0.0,0.0,0.0,-1.0,0.0,0.0,0.0,29.877902367199002,29.877902367199002,29.877902367199002,29.877902367199002,0.2585545012889702,0.43515329778372086,0.0,0.0,0.0,0.2585545012889702,0.022414998966269195
8.576,0.0,0.0,0.7617013771383638,0.0,0.0,0.42679453446180937,0.0,0.0,0.0,0.0,0.0,0.0,0.0,0.0,0.5,0.0,0.0,0.0,-1.0,0.0,0.0,0.0,29.877902367199002,29.877902367199002,29.877902367199002,29.877902367199002,0.26170137713836383,0.42679453446180937,0.0,0.0,0.0,0.26170137713836383,0.031130999559536576
8.584,0.0,0.0,0.7647467970096747,0.0,0.0,0.41757112435222854,0.0,0.0,0.0,0.0,0.0,0.0,0.0,0.0,0.5,0.0,0.0,0.0,-1.0,0.0,0.0,0.0,29.877902367199002,29.877902367199002,29.877902367199002,29.877902367199002,0.26474679700967474,0.41757112435222854,0.0,0.0,0.0,0.26474679700967474,0.04177899973001331
8.592,0.0,0.0,0.7676841062361573,0.0,0.0,0.4074896301438399,0.0,0.0,0.0,0.0,0.0,0.0,0.0,0.0,0.5,0.0,0.0,0.0,-1.0,0.0,0.0,0.0,29.877902367199002,29.877902367199002,29.877902367199002,29.877902367199002,0.26768410623615735,0.4074896301438399,0.0,0.0,0.0,0.26768410623615735,0.033942000300157815
8.6,0.0,0.0,0.7705067024881853,0.0,0.0,0.39655661041577883,0.0,0.0,0.0,0.0,0.0,0.0,0.0,0.0,0.5,0.0,0.0,0.0,-1.0,0.0,0.0,0.0,29.877902367199002,29.877902367199002,29.877902367199002,29.877902367199002,0.2705067024881853,0.39655661041577883,0.0,0.0,0.0,0.2705067024881853,0.10004700015997514
8.608,0.0,0.0,0.7732080357052493,0.0,0.0,0.3847786187592157,0.0,0.0,0.0,0.0,0.0,0.0,0.0,0.0,0.5,0.0,0.0,0.0,-1.0,0.0,0.0,0.0,29.877902367199002,29.877902367199002,29.877902367199002,29.877902367199002,0.2732080357052493,0.3847786187592157,0.0,0.0,0.0,0.2732080357052493,0.0773170031607151
8.616,0.0,0.0,0.7757816080280437,0.0,0.0,0.37216220307724035,0.0,0.0,0.0,0.0,0.0,0.0,0.0,0.0,0.5,0.0,0.0,0.0,-1.0,0.0,0.0,0.0,29.877902367199002,29.877902367199002,29.877902367199002,29.877902367199002,0.27578160802804375,0.37216220307724035,0.0,0.0,0.0,0.27578160802804375,0.04573399928631261
8.624,0.0,0.0,0.7782209737306411,0.0,0.0,0.35871390502672035,0.0,0.0,0.0,0.0,0.0,0.0,0.0,0.0,0.5,0.0,0.0,0.0,-1.0,0.0,0.0,0.0,29.877902367199002,29.877902367199002,29.877902367199002,29.877902367199002,0.27822097373064114,0.35871390502672035,0.0,0.0,0.0,0.27822097373064114,0.21236799511825666
8.632,0.0,0.0,0.7805197391527549,0.0,0.0,0.34444025957422547,0.0,0.0,0.0,0.0,0.0,0.0,0.0,0.0,0.5,0.0,0.0,0.0,-1.0,0.0,0.0,0.0,29.877902367199002,29.877902367199002,29.877902367199002,29.877902367199002,0.28051973915275485,0.34444025957422547,0.0,0.0,0.0,0.28051973915275485,0.08456099749309942
8.64,0.0,0.0,0.7826715626320901,0.0,0.0,0.32934779464275665,0.0,0.0,0.0,0.0,0.0,0.0,0.0,0.0,0.5,0.0,0.0,0.0,-1.0,0.0,0.0,0.0,29.877902367199002,29.877902367199002,29.877902367199002,29.877902367199002,0.28267156263209015,0.32934779464275665,0.0,0.0,0.0,0.28267156263209015,0.05969300400465727
8.648,0.0,0.0,0.7846701544367825,0.0,0.0,0.3134430308315185,0.0,0.0,0.0,0.0,0.0,0.0,0.0,0.0,0.5,0.0,0.0,0.0,-1.0,0.0,0.0,0.0,29.877902367199002,29.877902367199002,29.877902367199002,29.877902367199002,0.28467015443678245,0.3134430308315185,0.0,0.0,0.0,0.28467015443678245,0.05052200140198693
8.656,0.0,0.0,0.7865092766979241,0.0,0.0,0.2967324811937519,0.0,0.0,0.0,0.0,0.0,0.0,0.0,0.0,0.5,0.0,0.0,0.0,-1.0,0.0,0.0,0.0,29.877902367199002,29.877902367199002,29.877902367199002,29.877902367199002,0.28650927669792414,0.2967324811937519,0.0,0.0,0.0,0.28650927669792414,0.037306999729480594
8.664,0.0,0.0,0.7881827433421785,0.0,0.0,0.27922265106136573,0.0,0.0,0.0,0.0,0.0,0.0,0.0,0.0,0.5,0.0,0.0,0.0,-1.0,0.0,0.0,0.0,29.877902367199002,29.877902367199002,29.877902367199002,29.877902367199002,0.2881827433421785,0.27922265106136573,0.0,0.0,0.0,0.2881827433421785,0.02476599911460653
8.672,0.0,0.0,0.7896844200244815,0.0,0.0,0.26092003790666196,0.0,0.0,0.0,0.0,0.0,0.0,0.0,0.0,0.5,0.0,0.0,0.0,-1.0,0.0,0.0,0.0,29.877902367199002,29.877902367199002,29.877902367199002,29.877902367199002,0.28968442002448147,0.26092003790666196,0.0,0.0,0.0,0.28968442002448147,0.024676002794876695
8.68,0.0,0.0,0.7910082240608306,0.0,0.0,0.24183113123406147,0.0,0.0,0.0,0.0,0.0,0.0,0.0,0.0,0.5,0.0,0.0,0.0,-1.0,0.0,0.0,0.0,29.877902367199002,29.877902367199002,29.877902367199002,29.877902367199002,0.2910082240608306,0.24183113123406147,0.0,0.0,0.0,0.2910082240608306,0.03740099782589823
8.688,0.0,0.0,0.7921481243611618,0.0,0.0,0.2219624124955254,0.0,0.0,0.0,0.0,0.0,0.0,0.0,0.0,0.5,0.0,0.0,0.0,-1.0,0.0,0.0,0.0,29.877902367199002,29.877902367199002,29.877902367199002,29.877902367199002,0.2921481243611618,0.2219624124955254,0.0,0.0,0.0,0.2921481243611618,0.028415997803676873
8.696,0.0,0.0,0.7930981413623125,0.0,0.0,0.20132035502519083,0.0,0.0,0.0,0.0,0.0,0.0,0.0,0.0,0.5,0.0,0.0,0.0,-1.0,0.0,0.0,0.0,29.877902367199002,29.877902367199002,29.877902367199002,29.877902367199002,0.2930981413623125,0.20132035502519083,0.0,0.0,0.0,0.2930981413623125,0.02491200575605035
8.704,0.0,0.0,0.7938523469610731,0.0,0.0,0.17991142398916568,0.0,0.0,0.0,0.0,0.0,0.0,0.0,0.0,0.5,0.0,0.0,0.0,-1.0,0.0,0.0,0.0,29.877902367199002,29.877902367199002,29.877902367199002,29.877902367199002,0.2938523469610731,0.17991142398916568,0.0,0.0,0.0,0.2938523469610731,0.022767999325878918
8.712,0.0,0.0,0.794404864447324,0.0,0.0,0.15774207634760803,0.0,0.0,0.0,0.0,0.0,0.0,0.0,0.0,0.5,0.0,0.0,0.0,-1.0,0.0,0.0,0.0,29.877902367199002,29.877902367199002,29.877902367199002,29.877902367199002,0.29440486444732406,0.15774207634760803,0.0,0.0,0.0,0.29440486444732406,0.06768200546503067
8.72,0.0,0.0,0.7947498684372608,0.0,0.0,0.13481876082650432,0.0,0.0,0.0,0.0,0.0,0.0,0.0,0.0,0.5,0.0,0.0,0.0,-1.0,0.0,0.0,0.0,29.877902367199002,29.877902367199002,29.877902367199002,29.877902367199002,0.2947498684372608,0.13481876082650432,0.0,0.0,0.0,0.2947498684372608,0.04430999979376793
8.728,0.0,0.0,0.7948815848067052,0.0,0.0,0.1111479178973144,0.0,0.0,0.0,0.0,0.0,0.0,0.0,0.0,0.5,0.0,0.0,0.0,-0.9403164211198283,0.0,0.0,0.0,30.959494010740453,30.959494010740453,30.959494010740453,30.959494010740453,0.29488158480670523,0.1111479178973144,0.0,0.0,0.0,0.29488158480670523,0.05072899512015283
8.736,0.0,0.0,0.7947942906245034,0.0,0.0,0.08673597976280477,0.0,0.0,0.0,0.0,0.0,0.0,0.0,0.0,0.5,0.0,0.0,0.0,-0.8606372376220913,0.0,0.0,0.0,32.40344795338831,32.40344795338831,32.40344795338831,32.40344795338831,0.29479429062450335,0.08673597976280477,0.0,0.0,0.0,0.29479429062450335,0.05596200207946822
8.744,0.0,0.0,0.7944823140860103,0.0,0.0,0.06158937034791746,0.0,0.0,0.0,0.0,0.0,0.0,0.0,0.0,0.5,0.0,0.0,0.0,-0.7781237397800418,0.0,0.0,0.0,33.89876561730584,33.89876561730584,33.89876561730584,33.89876561730584,0.29448231408601033,0.06158937034791746,0.0,0.0,0.0,0.29448231408601033,0.04067100235261023
8.752,0.0,0.0,0.793951903488997,0.0,0.0,0.036011231353002736,0.0,0.0,0.0,0.0,0.0,0.0,0.0,0.0,0.5,0.0,0.0,0.0,-0.6937752464851135,0.0,0.0,0.0,35.4273372479762,35.4273372479762,35.4273372479762,35.4273372479762,0.293951903488997,0.036011231353002736,0.0,0.0,0.0,0.293951903488997,0.035188997571822256
8.76,0.0,0.0,0.7932093427034466,0.0,0.0,0.010244965443638614,0.0,0.0,0.0,0.0,0.0,0.0,0.0,0.0,0.5,0.0,0.0,0.0,-0.6083968566311722,0.0,0.0,0.0,36.97457276464067,36.97457276464067,36.97457276464067,36.97457276464067,0.29320934270344656,0.010244965443638614,0.0,0.0,0.0,0.29320934270344656,0.02733799919951707
8.768,0.0,0.0,0.7922609511253348,0.0,0.0,-0.015513817097880796,0.0,0.0,0.0,0.0,0.0,0.0,0.0,0.0,0.5,0.0,0.0,0.0,-0.5226380831402755,0.0,0.0,0.0,38.528701630711964,38.528701630711964,38.528701630711964,38.528701630711964,0.2922609511253348,0.015513817097880796,0.0,0.0,0.0,0.2922609511253348,0.024370994651690125
8.776,0.0,0.0,0.7911130836304714,0.0,0.0,-0.041107741049892725,0.0,0.0,0.0,0.0,0.0,0.0,0.0,0.0,0.5,0.0,0.0,0.0,-0.43702398026498407,0.0,0.0,0.0,40.08020876176266,40.08020876176266,40.08020876176266,40.08020876176266,0.2911130836304714,0.041107741049892725,0.0,0.0,0.0,0.2911130836304714,0.025866997020784765
8.784,0.0,0.0,0.7897721305284007,0.0,0.0,-0.0664100203916784,0.0,0.0,0.0,0.0,0.0,0.0,0.0,0.0,0.5,0.0,0.0,0.0,-0.351980045431714,0.0,0.0,0.0,41.621383251888744,41.621383251888744,41.621383251888744,41.621383251888744,0.2897721305284007,0.0664100203916784,0.0,0.0,0.0,0.2897721305284007,0.025109999114647508
8.792,0.0,0.0,0.788244517516362,0.0,0.0,-0.09131834161431271,0.0,0.0,0.0,0.0,0.0,0.0,0.0,0.0,0.5,0.0,0.0,0.0,-0.2678521407019697,0.0,0.0,0.0,43.14595735504415,43.14595735504415,43.14595735504415,43.14595735504415,0.28824451751636204,0.09131834161431271,0.0,0.0,0.0,0.28824451751636204,0.04913799784844741
8.8,0.0,0.0,0.7865367056333108,0.0,0.0,-0.11574997036772657,0.0,0.0,0.0,0.0,0.0,0.0,0.0,0.0,0.5,0.0,0.0,0.0,-0.18492242992860825,0.0,0.0,0.0,44.64881767033896,44.64881767033896,44.64881767033896,44.64881767033896,0.2865367056333108,0.11574997036772657,0.0,0.0,0.0,0.2865367056333108,0.03275199560448527
8.808,0.0,0.0,0.7846551912139983,0.0,0.0,-0.139637836776999,0.0,0.0,0.0,0.0,0.0,0.0,0.0,0.0,0.5,0.0,0.0,0.0,-0.10342212846731014,0.0,0.0,0.0,46.125774090523315,46.125774090523315,46.125774090523315,46.125774090523315,0.2846551912139983,0.139637836776999,0.0,0.0,0.0,0.2846551912139983,0.04105800326215103
8.816,0.0,0.0,0.7826065058431119,0.0,0.0,-0.16292740369375416,0.0,0.0,0.0,0.0,0.0,0.0,0.0,0.0,0.5,0.0,0.0,0.0,-0.02354170293314073,0.0,0.0,0.0,47.573374961003225,47.573374961003225,47.573374961003225,47.573374961003225,0.28260650584311187,0.16292740369375416,0.0,0.0,0.0,0.28260650584311187,0.0439810028183274
8.824,0.0,0.0,0.7803972163094745,0.0,0.0,-0.18557416129594478,0.0,0.0,0.0,0.0,0.0,0.0,0.0,0.0,0.5,0.0,0.0,0.0,0.05456096900777041,0.0,0.0,0.0,48.98875920729905,48.98875920729905,48.98875920729905,48.98875920729905,0.28039721630947445,0.18557416129594478,0.0,0.0,0.0,0.28039721630947445,0.10049300180980936
8.832,0.0,0.0,0.7780339245603036,0.0,0.0,-0.20754162276601987,0.0,0.0,0.0,0.0,0.0,0.0,0.0,0.0,0.5,0.0,0.0,0.0,0.13075407081738027,0.0,0.0,0.0,50.36953803723874,50.36953803723874,50.36953803723874,50.36953803723874,0.2780339245603036,0.20754162276601987,0.0,0.0,0.0,0.2780339245603036,0.10687200119718909
8.84,0.0,0.0,0.7755232676555298,0.0,0.0,-0.2287997208321681,0.0,0.0,0.0,0.0,0.0,0.0,0.0,0.0,0.5,0.0,0.0,0.0,0.20492492633094916,0.0,0.0,0.0,51.713669522364015,51.713669522364015,51.713669522364015,51.713669522364015,0.2755232676555298,0.2287997208321681,0.0,0.0,0.0,0.2755232676555298,0.07769299554638565
8.848,0.0,0.0,0.7728719177221743,0.0,0.0,-0.2493235249996139,0.0,0.0,0.0,0.0,0.0,0.0,0.0,0.0,0.5,0.0,0.0,0.0,0.2769826641398757,0.0,0.0,0.0,53.019506882136156,53.019506882136156,53.019506882136156,53.019506882136156,0.27287191772217434,0.2493235249996139,0.0,0.0,0.0,0.27287191772217434,0.03938499867217615
8.856,0.0,0.0,0.7700865819087866,0.0,0.0,-0.2690922153343911,0.0,0.0,0.0,0.0,0.0,0.0,0.0,0.0,0.5,0.0,0.0,0.0,0.34684454197856196,0.0,0.0,0.0,54.285550653139644,54.285550653139644,54.285550653139644,54.285550653139644,0.27008658190878665,0.2690922153343911,0.0,0.0,0.0,0.27008658190878665,0.06451700028264895
8.864,0.0,0.0,0.7671740023399404,0.0,0.0,-0.28808826148866157,0.0,0.0,0.0,0.0,0.0,0.0,0.0,0.0,0.5,0.0,0.0,0.0,0.41444020691309447,0.0,0.0,0.0,55.51052589263735,55.51052589263735,55.51052589263735,55.51052589263735,0.2671740023399404,0.28808826148866157,0.0,0.0,0.0,0.2671740023399404,0.08509000326739624
8.872,0.0,0.0,0.7641409560707887,0.0,0.0,-0.30629676591972976,0.0,0.0,0.0,0.0,0.0,0.0,0.0,0.0,0.5,0.0,0.0,0.0,0.47970781236523075,0.0,0.0,0.0,56.69331181090009,56.69331181090009,56.69331181090009,56.69331181090009,0.2641409560707887,0.30629676591972976,0.0,0.0,0.0,0.2641409560707887,0.0536640000063926
8.88,0.0,0.0,0.7609942550416791,0.0,0.0,-0.3237049384635159,0.0,0.0,0.0,0.0,0.0,0.0,0.0,0.0,0.5,0.0,0.0,0.0,0.5,0.0,0.0,0.0,57.0610488164005,57.0610488164005,57.0610488164005,57.0610488164005,0.26099425504167906,0.3237049384635159,0.0,0.0,0.0,0.26099425504167906,0.14878799993311986
8.888,0.0,0.0,0.7577407460328264,0.0,0.0,-0.3403016759921388,0.0,0.0,0.0,0.0,0.0,0.0,0.0,0.0,0.5,0.0,0.0,0.0,0.5,0.0,0.0,0.0,57.0610488164005,57.0610488164005,57.0610488164005,57.0610488164005,0.2577407460328264,0.3403016759921388,0.0,0.0,0.0,0.2577407460328264,0.09690099977888167
8.896,0.0,0.0,0.7543873106190456,0.0,0.0,-0.35607722613822035,0.0,0.0,0.0,0.0,0.0,0.0,0.0,0.0,0.5,0.0,0.0,0.0,0.5,0.0,0.0,0.0,57.0610488164005,57.0610488164005,57.0610488164005,57.0610488164005,0.2543873106190456,0.35607722613822035,0.0,0.0,0.0,0.2543873106190456,0.11736700253095478
8.904,0.0,0.0,0.7509408651245427,0.0,0.0,-0.37102291827315836,0.0,0.0,0.0,0.0,0.0,0.0,0.0,0.0,0.5,0.0,0.0,0.0,0.5,0.0,0.0,0.0,57.0610488164005,57.0610488164005,57.0610488164005,57.0610488164005,0.2509408651245427,0.37102291827315836,0.0,0.0,0.0,0.2509408651245427,0.17559400293976068
8.912,0.0,0.0,0.7474083605777646,0.0,0.0,-0.3851309482879697,0.0,0.0,0.0,0.0,0.0,0.0,0.0,0.0,0.5,0.0,0.0,0.0,0.5,0.0,0.0,0.0,57.0610488164005,57.0610488164005,57.0610488164005,57.0610488164005,0.2474083605777646,0.3851309482879697,0.0,0.0,0.0,0.2474083605777646,0.06535399734275416
8.92,0.0,0.0,0.7437967826663077,0.0,0.0,-0.3983942064168093,0.0,0.0,0.0,0.0,0.0,0.0,0.0,0.0,0.5,0.0,0.0,0.0,0.5,0.0,0.0,0.0,57.0610488164005,57.0610488164005,57.0610488164005,57.0610488164005,0.24379678266630767,0.3983942064168093,0.0,0.0,0.0,0.24379678266630767,0.16611500177532434
8.928,0.0,0.0,0.7401131516918849,0.0,0.0,-0.41080613949400746,0.0,0.0,0.0,0.0,0.0,0.0,0.0,0.0,0.5,0.0,0.0,0.0,0.5,0.0,0.0,0.0,57.0610488164005,57.0610488164005,57.0610488164005,57.0610488164005,0.24011315169188485,0.41080613949400746,0.0,0.0,0.0,0.24011315169188485,0.06982600461924449
8.936,0.0,0.0,0.7363645225253516,0.0,0.0,-0.42236064075854857,0.0,0.0,0.0,0.0,0.0,0.0,0.0,0.0,0.5,0.0,0.0,0.0,0.5,0.0,0.0,0.0,57.0610488164005,57.0610488164005,57.0610488164005,57.0610488164005,0.23636452252535156,0.42236064075854857,0.0,0.0,0.0,0.23636452252535156,0.14267100050346926
8.944,0.0,0.0,0.7325579845617893,0.0,0.0,-0.43305196169588395,0.0,0.0,0.0,0.0,0.0,0.0,0.0,0.0,0.5,0.0,0.0,0.0,0.5,0.0,0.0,0.0,57.0610488164005,57.0610488164005,57.0610488164005,57.0610488164005,0.23255798456178933,0.43305196169588395,0.0,0.0,0.0,0.23255798456178933,0.057976998505182564
8.952,0.0,0.0,0.7287006616756487,0.0,0.0,-0.4428746415102328,0.0,0.0,0.0,0.0,0.0,0.0,0.0,0.0,0.5,0.0,0.0,0.0,0.5,0.0,0.0,0.0,57.0610488164005,57.0610488164005,57.0610488164005,57.0610488164005,0.22870066167564873,0.4428746415102328,0.0,0.0,0.0,0.22870066167564873,0.04183100099908188
8.96,0.0,0.0,0.7247997121759497,0.0,0.0,-0.4518234507006501,0.0,0.0,0.0,0.0,0.0,0.0,0.0,0.0,0.5,0.0,0.0,0.0,0.5,0.0,0.0,0.0,57.0610488164005,57.0610488164005,57.0610488164005,57.0610488164005,0.22479971217594974,0.4518234507006501,0.0,0.0,0.0,0.22479971217594974,0.07698000263189897
8.968,0.0,0.0,0.7208623287615409,0.0,0.0,-0.45989334592075237,0.0,0.0,0.0,0.0,0.0,0.0,0.0,0.0,0.5,0.0,0.0,0.0,0.5,0.0,0.0,0.0,57.0610488164005,57.0610488164005,57.0610488164005,57.0610488164005,0.22086232876154088,0.45989334592075237,0.0,0.0,0.0,0.22086232876154088,0.08395599434152246
8.976,0.0,0.0,0.7168957384764161,0.0,0.0,-0.46707943386471096,0.0,0.0,0.0,0.0,0.0,0.0,0.0,0.0,0.5,0.0,0.0,0.0,0.5,0.0,0.0,0.0,57.0610488164005,57.0610488164005,57.0610488164005,57.0610488164005,0.21689573847641608,0.46707943386471096,0.0,0.0,0.0,0.21689573847641608,0.06948000373085961
8.984,0.0,0.0,0.7129072026650901,0.0,0.0,-0.47337694237492894,0.0,0.0,0.0,0.0,0.0,0.0,0.0,0.0,0.5,0.0,0.0,0.0,0.5,0.0,0.0,0.0,57.0610488164005,57.0610488164005,57.0610488164005,57.0610488164005,0.2129072026650901,0.47337694237492894,0.0,0.0,0.0,0.2129072026650901,0.03871600347338244
8.992,0.0,0.0,0.7089040169280314,0.0,0.0,-0.4787811973263998,0.0,0.0,0.0,0.0,0.0,0.0,0.0,0.0,0.5,0.0,0.0,0.0,0.5,0.0,0.0,0.0,57.0610488164005,57.0610488164005,57.0610488164005,57.0610488164005,0.2089040169280314,0.4787811973263998,0.0,0.0,0.0,0.2089040169280314,0.030065006285440177
9.0,0.0,0.0,0.7048935110771533,0.0,0.0,-0.48328760413308447,0.0,0.0,0.0,0.0,0.0,0.0,0.0,0.0,0.5,0.0,0.0,0.0,0.5,0.0,0.0,0.0,57.0610488164005,57.0610488164005,57.0610488164005,57.0610488164005,0.20489351107715326,0.48328760413308447,0.0,0.0,0.0,0.20489351107715326,0.03725300484802574
9.008000000000001,0.0,0.0,0.7008830490913626,0.0,0.0,-0.4868916329512237,0.0,0.0,0.0,0.0,0.0,0.0,0.0,0.0,0.5,0.0,0.0,0.0,0.5,0.0,0.0,0.0,57.0610488164005,57.0610488164005,57.0610488164005,57.0610488164005,0.20088304909136256,0.4868916329512237,0.0,0.0,0.0,0.20088304909136256,0.044202002754900604
9.016,0.0,0.0,0.6968800290721664,0.0,0.0,-0.48958880684089423,0.0,0.0,0.0,0.0,0.0,0.0,0.0,0.0,0.5,0.0,0.0,0.0,0.5,0.0,0.0,0.0,57.0610488164005,57.0610488164005,57.0610488164005,57.0610488164005,0.1968800290721664,0.48958880684089423,0.0,0.0,0.0,0.1968800290721664,0.07655999797862023
9.024000000000001,0.0,0.0,0.6928918831993364,0.0,0.0,-0.491374692293455,0.0,0.0,0.0,0.0,0.0,0.0,0.0,0.0,0.5,0.0,0.0,0.0,0.5,0.0,0.0,0.0,57.0610488164005,57.0610488164005,57.0610488164005,57.0610488164005,0.19289188319933637,0.491374692293455,0.0,0.0,0.0,0.19289188319933637,0.15032500232337043
9.032,0.0,0.0,0.6889260776866306,0.0,0.0,-0.49224489165241886,0.0,0.0,0.0,0.0,0.0,0.0,0.0,0.0,0.5,0.0,0.0,0.0,0.5,0.0,0.0,0.0,57.0610488164005,57.0610488164005,57.0610488164005,57.0610488164005,0.1889260776866306,0.49224489165241886,0.0,0.0,0.0,0.1889260776866306,0.09219400089932606
9.040000000000001,0.0,0.0,0.6849901127375729,0.0,0.0,-0.4921950370483661,0.0,0.0,0.0,0.0,0.0,0.0,0.0,0.0,0.5,0.0,0.0,0.0,0.5,0.0,0.0,0.0,57.0610488164005,57.0610488164005,57.0610488164005,57.0610488164005,0.18499011273757293,0.4921950370483661,0.0,0.0,0.0,0.18499011273757293,0.04795999848283827
9.048,0.0,0.0,0.6810915225012898,0.0,0.0,-0.4912207855457821,0.0,0.0,0.0,0.0,0.0,0.0,0.0,0.0,0.5,0.0,0.0,0.0,0.5,0.0,0.0,0.0,57.0610488164005,57.0610488164005,57.0610488164005,57.0610488164005,0.1810915225012898,0.4912207855457821,0.0,0.0,0.0,0.1810915225012898,0.03724099951796234
9.056000000000001,0.0,0.0,0.6772378750284047,0.0,0.0,-0.4893178152587419,0.0,0.0,0.0,0.0,0.0,0.0,0.0,0.0,0.5,0.0,0.0,0.0,0.5,0.0,0.0,0.0,57.0610488164005,57.0610488164005,57.0610488164005,57.0610488164005,0.1772378750284047,0.4893178152587419,0.0,0.0,0.0,0.1772378750284047,0.03428399941185489
9.064,0.0,0.0,0.6734367722269897,0.0,0.0,-0.4864818222423788,0.0,0.0,0.0,0.0,0.0,0.0,0.0,0.0,0.5,0.0,0.0,0.0,0.5,0.0,0.0,0.0,57.0610488164005,57.0610488164005,57.0610488164005,57.0610488164005,0.17343677222698972,0.4864818222423788,0.0,0.0,0.0,0.17343677222698972,0.022453001292888075
9.072000000000001,0.0,0.0,0.6696958498185741,0.0,0.0,-0.48270851800428294,0.0,0.0,0.0,0.0,0.0,0.0,0.0,0.0,0.5,0.0,0.0,0.0,0.5,0.0,0.0,0.0,57.0610488164005,57.0610488164005,57.0610488164005,57.0610488164005,0.1696958498185741,0.48270851800428294,0.0,0.0,0.0,0.1696958498185741,0.032882999221328646
9.08,0.0,0.0,0.6660227772942103,0.0,0.0,-0.4779936275125308,0.0,0.0,0.0,0.0,0.0,0.0,0.0,0.0,0.5,0.0,0.0,0.0,0.5,0.0,0.0,0.0,57.0610488164005,57.0610488164005,57.0610488164005,57.0610488164005,0.16602277729421033,0.4779936275125308,0.0,0.0,0.0,0.16602277729421033,0.025350003852508962
9.088000000000001,0.0,0.0,0.6624252578705973,0.0,0.0,-0.4723328876003417,0.0,0.0,0.0,0.0,0.0,0.0,0.0,0.0,0.5,0.0,0.0,0.0,0.5,0.0,0.0,0.0,57.0610488164005,57.0610488164005,57.0610488164005,57.0610488164005,0.16242525787059725,0.4723328876003417,0.0,0.0,0.0,0.16242525787059725,0.021676001779269427
9.096,0.0,0.0,0.6589110284462599,0.0,0.0,-0.4657220456887161,0.0,0.0,0.0,0.0,0.0,0.0,0.0,0.0,0.5,0.0,0.0,0.0,0.5,0.0,0.0,0.0,57.0610488164005,57.0610488164005,57.0610488164005,57.0610488164005,0.15891102844625993,0.4657220456887161,0.0,0.0,0.0,0.15891102844625993,0.022326996258925647
9.104000000000001,0.0,0.0,0.6554878595577868,0.0,0.0,-0.45815685876279233,0.0,0.0,0.0,0.0,0.0,0.0,0.0,0.0,0.5,0.0,0.0,0.0,0.5,0.0,0.0,0.0,57.0610488164005,57.0610488164005,57.0610488164005,57.0610488164005,0.15548785955778677,0.45815685876279233,0.0,0.0,0.0,0.15548785955778677,0.020757004676852375
9.112,0.0,0.0,0.6521635553361235,0.0,0.0,-0.44963309255182554,0.0,0.0,0.0,0.0,0.0,0.0,0.0,0.0,0.5,0.0,0.0,0.0,0.5,0.0,0.0,0.0,57.0610488164005,57.0610488164005,57.0610488164005,57.0610488164005,0.15216355533612347,0.44963309255182554,0.0,0.0,0.0,0.15216355533612347,0.020195999240968376
9.120000000000001,0.0,0.0,0.6489459534629234,0.0,0.0,-0.4401465208714535,0.0,0.0,0.0,0.0,0.0,0.0,0.0,0.0,0.5,0.0,0.0,0.0,0.5,0.0,0.0,0.0,57.0610488164005,57.0610488164005,57.0610488164005,57.0610488164005,0.14894595346292339,0.4401465208714535,0.0,0.0,0.0,0.14894595346292339,0.0226259944611229
9.128,0.0,0.0,0.645842925126955,0.0,0.0,-0.4296929250963821,0.0,0.0,0.0,0.0,0.0,0.0,0.0,0.0,0.5,0.0,0.0,0.0,0.5,0.0,0.0,0.0,57.0610488164005,57.0610488164005,57.0610488164005,57.0610488164005,0.14584292512695496,0.4296929250963821,0.0,0.0,0.0,0.14584292512695496,0.03702400135807693
9.136000000000001,0.0,0.0,0.6428623749805659,0.0,0.0,-0.4182680937368247,0.0,0.0,0.0,0.0,0.0,0.0,0.0,0.0,0.5,0.0,0.0,0.0,0.5,0.0,0.0,0.0,57.0610488164005,57.0610488164005,57.0610488164005,57.0610488164005,0.14286237498056586,0.4182680937368247,0.0,0.0,0.0,0.14286237498056586,0.03782900603255257
9.144,0.0,0.0,0.6400122410962034,0.0,0.0,-0.40586782209853023,0.0,0.0,0.0,0.0,0.0,0.0,0.0,0.0,0.5,0.0,0.0,0.0,0.5,0.0,0.0,0.0,57.0610488164005,57.0610488164005,57.0610488164005,57.0610488164005,0.14001224109620336,0.40586782209853023,0.0,0.0,0.0,0.14001224109620336,0.02664099883986637
9.152000000000001,0.0,0.0,0.6373004949229913,0.0,0.0,-0.39248791200911703,0.0,0.0,0.0,0.0,0.0,0.0,0.0,0.0,0.5,0.0,0.0,0.0,0.5,0.0,0.0,0.0,57.0610488164005,57.0610488164005,57.0610488164005,57.0610488164005,0.13730049492299135,0.39248791200911703,0.0,0.0,0.0,0.13730049492299135,0.023506996512878686
9.16,0.0,0.0,0.634735141243364,0.0,0.0,-0.378124171597983,0.0,0.0,0.0,0.0,0.0,0.0,0.0,0.0,0.5,0.0,0.0,0.0,0.5,0.0,0.0,0.0,57.0610488164005,57.0610488164005,57.0610488164005,57.0610488164005,0.13473514124336405,0.378124171597983,0.0,0.0,0.0,0.13473514124336405,0.022694999643135816
9.168000000000001,0.0,0.0,0.6323242181297555,0.0,0.0,-0.36277241511859404,0.0,0.0,0.0,0.0,0.0,0.0,0.0,0.0,0.5,0.0,0.0,0.0,0.5,0.0,0.0,0.0,57.0610488164005,57.0610488164005,57.0610488164005,57.0610488164005,0.13232421812975548,0.36277241511859404,0.0,0.0,0.0,0.13232421812975548,0.022804000764153898
9.176,0.0,0.0,0.6300757969013459,0.0,0.0,-0.3464284628051221,0.0,0.0,0.0,0.0,0.0,0.0,0.0,0.0,0.5,0.0,0.0,0.0,0.5,0.0,0.0,0.0,57.0610488164005,57.0610488164005,57.0610488164005,57.0610488164005,0.13007579690134585,0.3464284628051221,0.0,0.0,0.0,0.13007579690134585,0.022626001737080514
9.184000000000001,0.0,0.0,0.6279979820808637,0.0,0.0,-0.3290881407561467,0.0,0.0,0.0,0.0,0.0,0.0,0.0,0.0,0.5,0.0,0.0,0.0,0.5,0.0,0.0,0.0,57.0610488164005,57.0610488164005,57.0610488164005,57.0610488164005,0.12799798208086366,0.3290881407561467,0.0,0.0,0.0,0.12799798208086366,0.022972999431658536
9.192,0.0,0.0,0.6260989113514442,0.0,0.0,-0.310747280840408,0.0,0.0,0.0,0.0,0.0,0.0,0.0,0.0,0.5,0.0,0.0,0.0,0.5,0.0,0.0,0.0,57.0610488164005,57.0610488164005,57.0610488164005,57.0610488164005,0.12609891135144424,0.310747280840408,0.0,0.0,0.0,0.12609891135144424,0.030882998544257134
9.200000000000001,0.0,0.0,0.624386755513544,0.0,0.0,-0.29140172061982905,0.0,0.0,0.0,0.0,0.0,0.0,0.0,0.0,0.5,0.0,0.0,0.0,0.5,0.0,0.0,0.0,57.0610488164005,57.0610488164005,57.0610488164005,57.0610488164005,0.12438675551354395,0.29140172061982905,0.0,0.0,0.0,0.12438675551354395,0.03849899803753942
9.208,0.0,0.0,0.6228697184419111,0.0,0.0,-0.2710473032866891,0.0,0.0,0.0,0.0,0.0,0.0,0.0,0.0,0.5,0.0,0.0,0.0,0.5,0.0,0.0,0.0,57.0610488164005,57.0610488164005,57.0610488164005,57.0610488164005,0.12286971844191108,0.2710473032866891,0.0,0.0,0.0,0.12286971844191108,0.04525900294538587
9.216000000000001,0.0,0.0,0.6215560370426116,0.0,0.0,-0.24967987761183355,0.0,0.0,0.0,0.0,0.0,0.0,0.0,0.0,0.5,0.0,0.0,0.0,0.5,0.0,0.0,0.0,57.0610488164005,57.0610488164005,57.0610488164005,57.0610488164005,0.12155603704261164,0.24967987761183355,0.0,0.0,0.0,0.12155603704261164,0.03429199568927288
9.224,0.0,0.0,0.6204539812101121,0.0,0.0,-0.2272952979019589,0.0,0.0,0.0,0.0,0.0,0.0,0.0,0.0,0.5,0.0,0.0,0.0,0.5,0.0,0.0,0.0,57.0610488164005,57.0610488164005,57.0610488164005,57.0610488164005,0.12045398121011208,0.2272952979019589,0.0,0.0,0.0,0.12045398121011208,0.05409999721450731
9.232,0.0,0.0,0.6195718537844169,0.0,0.0,-0.2038894239639485,0.0,0.0,0.0,0.0,0.0,0.0,0.0,0.0,0.5,0.0,0.0,0.0,0.43046119597765164,0.0,0.0,0.0,55.80085982063929,55.80085982063929,55.80085982063929,55.80085982063929,0.11957185378441693,0.2038894239639485,0.0,0.0,0.0,0.11957185378441693,0.15346399595728144
9.24,0.0,0.0,0.6189179905082626,0.0,0.0,-0.17945812107501583,0.0,0.0,0.0,0.0,0.0,0.0,0.0,0.0,0.5,0.0,0.0,0.0,0.352176549009359,0.0,0.0,0.0,54.38217780513053,54.38217780513053,54.38217780513053,54.38217780513053,0.11891799050826257,0.17945812107501583,0.0,0.0,0.0,0.11891799050826257,0.07866699888836592
9.248,0.0,0.0,0.6185007599843664,0.0,0.0,-0.15399725995741867,0.0,0.0,0.0,0.0,0.0,0.0,0.0,0.0,0.5,0.0,0.0,0.0,0.270073491175093,0.0,0.0,0.0,52.89429817510646,52.89429817510646,52.89429817510646,52.89429817510646,0.11850075998436638,0.15399725995741867,0.0,0.0,0.0,0.11850075998436638,0.17769099940778688
9.256,0.0,0.0,0.6183285636327316,0.0,0.0,-0.12750271675680422,0.0,0.0,0.0,0.0,0.0,0.0,0.0,0.0,0.5,0.0,0.0,0.0,0.1841219967919132,0.0,0.0,0.0,51.336676802209325,51.336676802209325,51.336676802209325,51.336676802209325,0.11832856363273159,0.12750271675680422,0.0,0.0,0.0,0.11832856363273159,0.08442100079264492
9.264,0.0,0.0,0.6184098356480077,0.0,0.0,-0.09997037302354117,0.0,0.0,0.0,0.0,0.0,0.0,0.0,0.0,0.5,0.0,0.0,0.0,0.09429206748991603,0.0,0.0,0.0,49.70877005305092,49.70877005305092,49.70877005305092,49.70877005305092,0.11840983564800767,0.09997037302354117,0.0,0.0,0.0,0.11840983564800767,0.060461999964900315
9.272,0.0,0.0,0.618753042956906,0.0,0.0,-0.07139611569637482,0.0,0.0,0.0,0.0,0.0,0.0,0.0,0.0,0.5,0.0,0.0,0.0,0.0005536580895908472,0.0,0.0,0.0,48.010033445954754,48.010033445954754,48.010033445954754,48.010033445954754,0.11875304295690603,0.07139611569637482,0.0,0.0,0.0,0.11875304295690603,0.08328799594892189
9.28,0.0,0.0,0.6193490489653347,0.0,0.0,-0.042216742346381106,0.0,0.0,0.0,0.0,0.0,0.0,0.0,0.0,0.5,0.0,0.0,0.0,-0.09565268320303888,0.0,0.0,0.0,46.26657273615515,46.26657273615515,46.26657273615515,46.26657273615515,0.11934904896533471,0.042216742346381106,0.0,0.0,0.0,0.11934904896533471,0.05951299681328237
9.288,0.0,0.0,0.6201887726411057,0.0,0.0,-0.012780301982832004,0.0,0.0,0.0,0.0,0.0,0.0,0.0,0.0,0.5,0.0,0.0,0.0,-0.19317553247788377,0.0,0.0,0.0,44.49925414016747,44.49925414016747,44.49925414016747,44.49925414016747,0.12018877264110572,0.012780301982832004,0.0,0.0,0.0,0.12018877264110572,0.1784330015652813
9.296,0.0,0.0,0.6212631884417427,0.0,0.0,0.016636153429660877,0.0,0.0,0.0,0.0,0.0,0.0,0.0,0.0,0.5,0.0,0.0,0.0,-0.2910948064536929,0.0,0.0,0.0,42.72475149704486,42.72475149704486,42.72475149704486,42.72475149704486,0.12126318844174266,0.016636153429660877,0.0,0.0,0.0,0.12126318844174266,0.13149100414011627
9.304,0.0,0.0,0.6225633262423829,0.0,0.0,0.04581236775973006,0.0,0.0,0.0,0.0,0.0,0.0,0.0,0.0,0.5,0.0,0.0,0.0,-0.38867551016398644,0.0,0.0,0.0,40.9563844573295,40.9563844573295,40.9563844573295,40.9563844573295,0.12256332624238286,0.04581236775973006,0.0,0.0,0.0,0.12256332624238286,0.08611999510321766
9.312,0.0,0.0,0.6240802712637727,0.0,0.0,0.07457351974253526,0.0,0.0,0.0,0.0,0.0,0.0,0.0,0.0,0.5,0.0,0.0,0.0,-0.48533073508446883,0.0,0.0,0.0,39.20478903460018,39.20478903460018,39.20478903460018,39.20478903460018,0.12408027126377275,0.07457351974253526,0.0,0.0,0.0,0.12408027126377275,0.0925109998206608
9.32,0.0,0.0,0.625805164000357,0.0,0.0,0.10278113420863016,0.0,0.0,0.0,0.0,0.0,0.0,0.0,0.0,0.5,0.0,0.0,0.0,-0.5805920576141206,0.0,0.0,0.0,37.478454047088086,37.478454047088086,37.478454047088086,37.478454047088086,0.12580516400035702,0.10278113420863016,0.0,0.0,0.0,0.12580516400035702,0.1825520012062043
9.328,0.0,0.0,0.6277292001484611,0.0,0.0,0.130325811069512,0.0,0.0,0.0,0.0,0.0,0.0,0.0,0.0,0.5,0.0,0.0,0.0,-0.674085857839975,0.0,0.0,0.0,35.78415027133356,35.78415027133356,35.78415027133356,35.78415027133356,0.12772920014846112,0.130325811069512,0.0,0.0,0.0,0.12772920014846112,0.11860299855470657
9.336,0.0,0.0,0.6298436305345672,0.0,0.0,0.1571214085082546,0.0,0.0,0.0,0.0,0.0,0.0,0.0,0.0,0.5,0.0,0.0,0.0,-0.7655143745280206,0.0,0.0,0.0,34.12727376549062,34.12727376549062,34.12727376549062,34.12727376549062,0.12984363053456716,0.1571214085082546,0.0,0.0,0.0,0.12984363053456716,0.08356199396075681
9.344,0.0,0.0,0.6321397610436826,0.0,0.0,0.183100389534497,0.0,0.0,0.0,0.0,0.0,0.0,0.0,0.0,0.5,0.0,0.0,0.0,-0.8546405490959822,0.0,0.0,0.0,32.512120528331955,32.512120528331955,32.512120528331955,32.512120528331955,0.13213976104368264,0.183100389534497,0.0,0.0,0.0,0.13213976104368264,0.17112200293922797
9.352,0.0,0.0,0.634608952547803,0.0,0.0,0.20821009923060055,0.0,0.0,0.0,0.0,0.0,0.0,0.0,0.0,0.5,0.0,0.0,0.0,-0.9412759007706177,0.0,0.0,0.0,30.94210622683216,30.94210622683216,30.94210622683216,30.94210622683216,0.13460895254780303,0.20821009923060055,0.0,0.0,0.0,0.13460895254780303,0.0587009999435395
9.36,0.0,0.0,0.6372426208344663,0.0,0.0,0.23240978655106836,0.0,0.0,0.0,0.0,0.0,0.0,0.0,0.0,0.5,0.0,0.0,0.0,-1.0,0.0,0.0,0.0,29.877902367199002,29.877902367199002,29.877902367199002,29.877902367199002,0.13724262083446626,0.23240978655106836,0.0,0.0,0.0,0.13724262083446626,0.03480600571492687
9.368,0.0,0.0,0.6400322365354012,0.0,0.0,0.25566822176422055,0.0,0.0,0.0,0.0,0.0,0.0,0.0,0.0,0.5,0.0,0.0,0.0,-1.0,0.0,0.0,0.0,29.877902367199002,29.877902367199002,29.877902367199002,29.877902367199002,0.1400322365354012,0.25566822176422055,0.0,0.0,0.0,0.1400322365354012,0.07341099990298972
9.376,0.0,0.0,0.6429693250552676,0.0,0.0,0.27796179040804464,0.0,0.0,0.0,0.0,0.0,0.0,0.0,0.0,0.5,0.0,0.0,0.0,-1.0,0.0,0.0,0.0,29.877902367199002,29.877902367199002,29.877902367199002,29.877902367199002,0.1429693250552676,0.27796179040804464,0.0,0.0,0.0,0.1429693250552676,0.11881200043717399
9.384,0.0,0.0,0.6460454665004899,0.0,0.0,0.29927296845698415,0.0,0.0,0.0,0.0,0.0,0.0,0.0,0.0,0.5,0.0,0.0,0.0,-1.0,0.0,0.0,0.0,29.877902367199002,29.877902367199002,29.877902367199002,29.877902367199002,0.14604546650048988,0.29927296845698415,0.0,0.0,0.0,0.14604546650048988,0.07919600466266274
9.392,0.0,0.0,0.6492522956081822,0.0,0.0,0.3195891024579042,0.0,0.0,0.0,0.0,0.0,0.0,0.0,0.0,0.5,0.0,0.0,0.0,-1.0,0.0,0.0,0.0,29.877902367199002,29.877902367199002,29.877902367199002,29.877902367199002,0.1492522956081822,0.3195891024579042,0.0,0.0,0.0,0.1492522956081822,0.19970600260421634
9.4,0.0,0.0,0.6525815016751669,0.0,0.0,0.3389014336409321,0.0,0.0,0.0,0.0,0.0,0.0,0.0,0.0,0.5,0.0,0.0,0.0,-1.0,0.0,0.0,0.0,29.877902367199002,29.877902367199002,29.877902367199002,29.877902367199002,0.15258150167516693,0.3389014336409321,0.0,0.0,0.0,0.15258150167516693,0.07193999772425741
9.408,0.0,0.0,0.6560248284870844,0.0,0.0,0.35720431721069273,0.0,0.0,0.0,0.0,0.0,0.0,0.0,0.0,0.5,0.0,0.0,0.0,-1.0,0.0,0.0,0.0,29.877902367199002,29.877902367199002,29.877902367199002,29.877902367199002,0.15602482848708443,0.35720431721069273,0.0,0.0,0.0,0.15602482848708443,0.04892200377071276
9.416,0.0,0.0,0.6595740742475958,0.0,0.0,0.37449459778132954,0.0,0.0,0.0,0.0,0.0,0.0,0.0,0.0,0.5,0.0,0.0,0.0,-1.0,0.0,0.0,0.0,29.877902367199002,29.877902367199002,29.877902367199002,29.877902367199002,0.15957407424759584,0.37449459778132954,0.0,0.0,0.0,0.15957407424759584,0.06585599476238713
9.424,0.0,0.0,0.6632210915076768,0.0,0.0,0.3907711097270984,0.0,0.0,0.0,0.0,0.0,0.0,0.0,0.0,0.5,0.0,0.0,0.0,-1.0,0.0,0.0,0.0,29.877902367199002,29.877902367199002,29.877902367199002,29.877902367199002,0.16322109150767683,0.3907711097270984,0.0,0.0,0.0,0.16322109150767683,0.033179996535182
9.432,0.0,0.0,0.6669577870950043,0.0,0.0,0.4060342774648552,0.0,0.0,0.0,0.0,0.0,0.0,0.0,0.0,0.5,0.0,0.0,0.0,-1.0,0.0,0.0,0.0,29.877902367199002,29.877902367199002,29.877902367199002,29.877902367199002,0.1669577870950043,0.4060342774648552,0.0,0.0,0.0,0.1669577870950043,0.0370720008504577
9.44,0.0,0.0,0.670776122043434,0.0,0.0,0.4202857956826359,0.0,0.0,0.0,0.0,0.0,0.0,0.0,0.0,0.5,0.0,0.0,0.0,-1.0,0.0,0.0,0.0,29.877902367199002,29.877902367199002,29.877902367199002,29.877902367199002,0.17077612204343395,0.4202857956826359,0.0,0.0,0.0,0.17077612204343395,0.045716005843132734
9.448,0.0,0.0,0.67466811152257,0.0,0.0,0.4335283735244991,0.0,0.0,0.0,0.0,0.0,0.0,0.0,0.0,0.5,0.0,0.0,0.0,-1.0,0.0,0.0,0.0,29.877902367199002,29.877902367199002,29.877902367199002,29.877902367199002,0.17466811152257,0.4335283735244991,0.0,0.0,0.0,0.17466811152257,0.07085300603648648
9.456,0.0,0.0,0.6786258247674262,0.0,0.0,0.44576552994101426,0.0,0.0,0.0,0.0,0.0,0.0,0.0,0.0,0.5,0.0,0.0,0.0,-1.0,0.0,0.0,0.0,29.877902367199002,29.877902367199002,29.877902367199002,29.877902367199002,0.17862582476742617,0.44576552994101426,0.0,0.0,0.0,0.17862582476742617,0.05288299871608615
9.464,0.0,0.0,0.6826413850081783,0.0,0.0,0.4570014299716031,0.0,0.0,0.0,0.0,0.0,0.0,0.0,0.0,0.5,0.0,0.0,0.0,-1.0,0.0,0.0,0.0,29.877902367199002,29.877902367199002,29.877902367199002,29.877902367199002,0.18264138500817828,0.4570014299716031,0.0,0.0,0.0,0.18264138500817828,0.08201900345738977
9.472,0.0,0.0,0.6867069694000079,0.0,0.0,0.4672407537730332,0.0,0.0,0.0,0.0,0.0,0.0,0.0,0.0,0.5,0.0,0.0,0.0,-1.0,0.0,0.0,0.0,29.877902367199002,29.877902367199002,29.877902367199002,29.877902367199002,0.18670696940000786,0.4672407537730332,0.0,0.0,0.0,0.18670696940000786,0.050565999117679894
9.48,0.0,0.0,0.6908148089530369,0.0,0.0,0.47648859184414183,0.0,0.0,0.0,0.0,0.0,0.0,0.0,0.0,0.5,0.0,0.0,0.0,-1.0,0.0,0.0,0.0,29.877902367199002,29.877902367199002,29.877902367199002,29.877902367199002,0.19081480895303693,0.47648859184414183,0.0,0.0,0.0,0.19081480895303693,0.027521004085429013
9.488,0.0,0.0,0.6949571884623541,0.0,0.0,0.48475036120825427,0.0,0.0,0.0,0.0,0.0,0.0,0.0,0.0,0.5,0.0,0.0,0.0,-1.0,0.0,0.0,0.0,29.877902367199002,29.877902367199002,29.877902367199002,29.877902367199002,0.1949571884623541,0.48475036120825427,0.0,0.0,0.0,0.1949571884623541,0.06606899842154235
9.496,0.0,0.0,0.6991264464381314,0.0,0.0,0.49203173836102365,0.0,0.0,0.0,0.0,0.0,0.0,0.0,0.0,0.5,0.0,0.0,0.0,-1.0,0.0,0.0,0.0,29.877902367199002,29.877902367199002,29.877902367199002,29.877902367199002,0.19912644643813138,0.49203173836102365,0.0,0.0,0.0,0.19912644643813138,0.045243003114592284
9.504,0.0,0.0,0.7033149750358317,0.0,0.0,0.49833860563133947,0.0,0.0,0.0,0.0,0.0,0.0,0.0,0.0,0.5,0.0,0.0,0.0,-1.0,0.0,0.0,0.0,29.877902367199002,29.877902367199002,29.877902367199002,29.877902367199002,0.20331497503583174,0.49833860563133947,0.0,0.0,0.0,0.20331497503583174,0.03692300379043445
9.512,0.0,0.0,0.7075152199865076,0.0,0.0,0.5036770082719557,0.0,0.0,0.0,0.0,0.0,0.0,0.0,0.0,0.5,0.0,0.0,0.0,-1.0,0.0,0.0,0.0,29.877902367199002,29.877902367199002,29.877902367199002,29.877902367199002,0.20751521998650757,0.5036770082719557,0.0,0.0,0.0,0.20751521998650757,0.025057001039385796
9.52,0.0,0.0,0.7117196805271894,0.0,0.0,0.5080531201346211,0.0,0.0,0.0,0.0,0.0,0.0,0.0,0.0,0.5,0.0,0.0,0.0,-1.0,0.0,0.0,0.0,29.877902367199002,29.877902367199002,29.877902367199002,29.877902367199002,0.21171968052718937,0.5080531201346211,0.0,0.0,0.0,0.21171968052718937,0.06596899766009301
9.528,0.0,0.0,0.7159209093313652,0.0,0.0,0.5114732162120811,0.0,0.0,0.0,0.0,0.0,0.0,0.0,0.0,0.5,0.0,0.0,0.0,-1.0,0.0,0.0,0.0,29.877902367199002,29.877902367199002,29.877902367199002,29.877902367199002,0.2159209093313652,0.5114732162120811,0.0,0.0,0.0,0.2159209093313652,0.03691700112540275
9.536,0.0,0.0,0.7201115124395504,0.0,0.0,0.5139436506743064,0.0,0.0,0.0,0.0,0.0,0.0,0.0,0.0,0.5,0.0,0.0,0.0,-1.0,0.0,0.0,0.0,29.877902367199002,29.877902367199002,29.877902367199002,29.877902367199002,0.2201115124395504,0.5139436506743064,0.0,0.0,0.0,0.2201115124395504,0.03647000266937539
9.544,0.0,0.0,0.7242841491899472,0.0,0.0,0.5154708392993537,0.0,0.0,0.0,0.0,0.0,0.0,0.0,0.0,0.5,0.0,0.0,0.0,-1.0,0.0,0.0,0.0,29.877902367199002,29.877902367199002,29.877902367199002,29.877902367199002,0.2242841491899472,0.5154708392993537,0.0,0.0,0.0,0.2242841491899472,0.035788994864560664
9.552,0.0,0.0,0.728431532149195,0.0,0.0,0.5160612454206887,0.0,0.0,0.0,0.0,0.0,0.0,0.0,0.0,0.5,0.0,0.0,0.0,-1.0,0.0,0.0,0.0,29.877902367199002,29.877902367199002,29.877902367199002,29.877902367199002,0.22843153214919498,0.5160612454206887,0.0,0.0,0.0,0.22843153214919498,0.0600889979978092
9.56,0.0,0.0,0.7325464270432102,0.0,0.0,0.5157213686869189,0.0,0.0,0.0,0.0,0.0,0.0,0.0,0.0,0.5,0.0,0.0,0.0,-1.0,0.0,0.0,0.0,29.877902367199002,29.877902367199002,29.877902367199002,29.877902367199002,0.23254642704321016,0.5157213686869189,0.0,0.0,0.0,0.23254642704321016,0.08912499470170587
9.568,0.0,0.0,0.7366216526881157,0.0,0.0,0.514457736072186,0.0,0.0,0.0,0.0,0.0,0.0,0.0,0.0,0.5,0.0,0.0,0.0,-1.0,0.0,0.0,0.0,29.877902367199002,29.877902367199002,29.877902367199002,29.877902367199002,0.23662165268811575,0.514457736072186,0.0,0.0,0.0,0.23662165268811575,0.0471460007247515
9.576,0.0,0.0,0.7406500809212612,0.0,0.0,0.5122768946863732,0.0,0.0,0.0,0.0,0.0,0.0,0.0,0.0,0.5,0.0,0.0,0.0,-1.0,0.0,0.0,0.0,29.877902367199002,29.877902367199002,29.877902367199002,29.877902367199002,0.24065008092126117,0.5122768946863732,0.0,0.0,0.0,0.24065008092126117,0.032691001251805574
9.584,0.0,0.0,0.7446246365323312,0.0,0.0,0.5091854060258614,0.0,0.0,0.0,0.0,0.0,0.0,0.0,0.0,0.5,0.0,0.0,0.0,-1.0,0.0,0.0,0.0,29.877902367199002,29.877902367199002,29.877902367199002,29.877902367199002,0.24462463653233124,0.5091854060258614,0.0,0.0,0.0,0.24462463653233124,0.06293800106504932
9.592,0.0,0.0,0.7485382971945451,0.0,0.0,0.5051898413760252,0.0,0.0,0.0,0.0,0.0,0.0,0.0,0.0,0.5,0.0,0.0,0.0,-1.0,0.0,0.0,0.0,29.877902367199002,29.877902367199002,29.877902367199002,29.877902367199002,0.24853829719454512,0.5051898413760252,0.0,0.0,0.0,0.24853829719454512,0.15628400433342904
9.6,0.0,0.0,0.752384093395944,0.0,0.0,0.5002967781358035,0.0,0.0,0.0,0.0,0.0,0.0,0.0,0.0,0.5,0.0,0.0,0.0,-1.0,0.0,0.0,0.0,29.877902367199002,29.877902367199002,29.877902367199002,29.877902367199002,0.25238409339594403,0.5002967781358035,0.0,0.0,0.0,0.25238409339594403,0.12245499965501949
9.608,0.0,0.0,0.7561551083707689,0.0,0.0,0.4945127968792549,0.0,0.0,0.0,0.0,0.0,0.0,0.0,0.0,0.5,0.0,0.0,0.0,-1.0,0.0,0.0,0.0,29.877902367199002,29.877902367199002,29.877902367199002,29.877902367199002,0.25615510837076894,0.4945127968792549,0.0,0.0,0.0,0.25615510837076894,0.07776999700581655
9.616,0.0,0.0,0.7598444780309268,0.0,0.0,0.4878444790073609,0.0,0.0,0.0,0.0,0.0,0.0,0.0,0.0,0.5,0.0,0.0,0.0,-1.0,0.0,0.0,0.0,29.877902367199002,29.877902367199002,29.877902367199002,29.877902367199002,0.2598444780309268,0.4878444790073609,0.0,0.0,0.0,0.2598444780309268,0.1071660008165054
9.624,0.0,0.0,0.7634453908975463,0.0,0.0,0.48029840487136505,0.0,0.0,0.0,0.0,0.0,0.0,0.0,0.0,0.5,0.0,0.0,0.0,-1.0,0.0,0.0,0.0,29.877902367199002,29.877902367199002,29.877902367199002,29.877902367199002,0.26344539089754626,0.48029840487136505,0.0,0.0,0.0,0.26344539089754626,0.14448699948843569
9.632,0.0,0.0,0.766951088032622,0.0,0.0,0.4718811522739957,0.0,0.0,0.0,0.0,0.0,0.0,0.0,0.0,0.5,0.0,0.0,0.0,-1.0,0.0,0.0,0.0,29.877902367199002,29.877902367199002,29.877902367199002,29.877902367199002,0.266951088032622,0.4718811522739957,0.0,0.0,0.0,0.266951088032622,0.08489500032737851
9.64,0.0,0.0,0.7703548629707485,0.0,0.0,0.46259929527234933,0.0,0.0,0.0,0.0,0.0,0.0,0.0,0.0,0.5,0.0,0.0,0.0,-1.0,0.0,0.0,0.0,29.877902367199002,29.877902367199002,29.877902367199002,29.877902367199002,0.2703548629707485,0.46259929527234933,0.0,0.0,0.0,0.2703548629707485,0.07108700083335862
9.648,0.0,0.0,0.7736500616509413,0.0,0.0,0.4524594032227083,0.0,0.0,0.0,0.0,0.0,0.0,0.0,0.0,0.5,0.0,0.0,0.0,-1.0,0.0,0.0,0.0,29.877902367199002,29.877902367199002,29.877902367199002,29.877902367199002,0.2736500616509413,0.4524594032227083,0.0,0.0,0.0,0.2736500616509413,0.14913699851604179
9.656,0.0,0.0,0.7768300823485483,0.0,0.0,0.4414680400183336,0.0,0.0,0.0,0.0,0.0,0.0,0.0,0.0,0.5,0.0,0.0,0.0,-1.0,0.0,0.0,0.0,29.877902367199002,29.877902367199002,29.877902367199002,29.877902367199002,0.27683008234854833,0.4414680400183336,0.0,0.0,0.0,0.27683008234854833,0.08955000521382317
9.664,0.0,0.0,0.7798883756072484,0.0,0.0,0.429631763482178,0.0,0.0,0.0,0.0,0.0,0.0,0.0,0.0,0.5,0.0,0.0,0.0,-1.0,0.0,0.0,0.0,29.877902367199002,29.877902367199002,29.877902367199002,29.877902367199002,0.27988837560724844,0.429631763482178,0.0,0.0,0.0,0.27988837560724844,0.09311000030720606
9.672,0.0,0.0,0.782818444171139,0.0,0.0,0.4169571248829981,0.0,0.0,0.0,0.0,0.0,0.0,0.0,0.0,0.5,0.0,0.0,0.0,-1.0,0.0,0.0,0.0,29.877902367199002,29.877902367199002,29.877902367199002,29.877902367199002,0.282818444171139,0.4169571248829981,0.0,0.0,0.0,0.282818444171139,0.09096899884752929
9.68,0.0,0.0,0.7856138429169117,0.0,0.0,0.40345066855072437,0.0,0.0,0.0,0.0,0.0,0.0,0.0,0.0,0.5,0.0,0.0,0.0,-1.0,0.0,0.0,0.0,29.877902367199002,29.877902367199002,29.877902367199002,29.877902367199002,0.2856138429169117,0.40345066855072437,0.0,0.0,0.0,0.2856138429169117,0.13052499707555398
9.688,0.0,0.0,0.7882681787861161,0.0,0.0,0.38911893157068167,0.0,0.0,0.0,0.0,0.0,0.0,0.0,0.0,0.5,0.0,0.0,0.0,-1.0,0.0,0.0,0.0,29.877902367199002,29.877902367199002,29.877902367199002,29.877902367199002,0.2882681787861161,0.38911893157068167,0.0,0.0,0.0,0.2882681787861161,0.0632499941275455
9.696,0.0,0.0,0.7907751107175115,0.0,0.0,0.3739684435414371,0.0,0.0,0.0,0.0,0.0,0.0,0.0,0.0,0.5,0.0,0.0,0.0,-1.0,0.0,0.0,0.0,29.877902367199002,29.877902367199002,29.877902367199002,29.877902367199002,0.2907751107175115,0.3739684435414371,0.0,0.0,0.0,0.2907751107175115,0.14718799502588809
9.704,0.0,0.0,0.7931283495795065,0.0,0.0,0.3580057263830184,0.0,0.0,0.0,0.0,0.0,0.0,0.0,0.0,0.5,0.0,0.0,0.0,-1.0,0.0,0.0,0.0,29.877902367199002,29.877902367199002,29.877902367199002,29.877902367199002,0.2931283495795065,0.3580057263830184,0.0,0.0,0.0,0.2931283495795065,0.06941999890841544
9.712,0.0,0.0,0.7953216581026868,0.0,0.0,0.34123729418592924,0.0,0.0,0.0,0.0,0.0,0.0,0.0,0.0,0.5,0.0,0.0,0.0,-1.0,0.0,0.0,0.0,29.877902367199002,29.877902367199002,29.877902367199002,29.877902367199002,0.29532165810268685,0.34123729418592924,0.0,0.0,0.0,0.29532165810268685,0.06957000005058944
9.72,0.0,0.0,0.79734885081243,0.0,0.0,0.3236696530923168,0.0,0.0,0.0,0.0,0.0,0.0,0.0,0.0,0.5,0.0,0.0,0.0,-1.0,0.0,0.0,0.0,29.877902367199002,29.877902367199002,29.877902367199002,29.877902367199002,0.29734885081243,0.3236696530923168,0.0,0.0,0.0,0.29734885081243,0.059259997215121984
9.728,0.0,0.0,0.7992037939616085,0.0,0.0,0.3053093012033197,0.0,0.0,0.0,0.0,0.0,0.0,0.0,0.0,0.5,0.0,0.0,0.0,-1.0,0.0,0.0,0.0,29.877902367199002,29.877902367199002,29.877902367199002,29.877902367199002,0.29920379396160846,0.3053093012033197,0.0,0.0,0.0,0.29920379396160846,0.048129004426300526
9.736,0.0,0.0,0.8008804054633792,0.0,0.0,0.28616272850692076,0.0,0.0,0.0,0.0,0.0,0.0,0.0,0.0,0.5,0.0,0.0,0.0,-1.0,0.0,0.0,0.0,29.877902367199002,29.877902367199002,29.877902367199002,29.877902367199002,0.30088040546337924,0.28616272850692076,0.0,0.0,0.0,0.30088040546337924,0.047589004680048674
9.744,0.0,0.0,0.8023726548240618,0.0,0.0,0.2662364168226056,0.0,0.0,0.0,0.0,0.0,0.0,0.0,0.0,0.5,0.0,0.0,0.0,-1.0,0.0,0.0,0.0,29.877902367199002,29.877902367199002,29.877902367199002,29.877902367199002,0.30237265482406184,0.2662364168226056,0.0,0.0,0.0,0.30237265482406184,0.03150400152662769
9.752,0.0,0.0,0.8036745630761026,0.0,0.0,0.24553683975910076,0.0,0.0,0.0,0.0,0.0,0.0,0.0,0.0,0.5,0.0,0.0,0.0,-1.0,0.0,0.0,0.0,29.877902367199002,29.877902367199002,29.877902367199002,29.877902367199002,0.30367456307610263,0.24553683975910076,0.0,0.0,0.0,0.30367456307610263,0.022338994313031435
9.76,0.0,0.0,0.8047802027111266,0.0,0.0,0.22407046268288291,0.0,0.0,0.0,0.0,0.0,0.0,0.0,0.0,0.5,0.0,0.0,0.0,-1.0,0.0,0.0,0.0,29.877902367199002,29.877902367199002,29.877902367199002,29.877902367199002,0.3047802027111266,0.22407046268288291,0.0,0.0,0.0,0.3047802027111266,0.021822997950948775
9.768,0.0,0.0,0.8056836976130762,0.0,0.0,0.2018437426950446,0.0,0.0,0.0,0.0,0.0,0.0,0.0,0.0,0.5,0.0,0.0,0.0,-1.0,0.0,0.0,0.0,29.877902367199002,29.877902367199002,29.877902367199002,29.877902367199002,0.30568369761307623,0.2018437426950446,0.0,0.0,0.0,0.30568369761307623,0.024237997422460467
9.776,0.0,0.0,0.8063792229914372,0.0,0.0,0.17886312861506082,0.0,0.0,0.0,0.0,0.0,0.0,0.0,0.0,0.5,0.0,0.0,0.0,-1.0,0.0,0.0,0.0,29.877902367199002,29.877902367199002,29.877902367199002,29.877902367199002,0.30637922299143716,0.17886312861506082,0.0,0.0,0.0,0.30637922299143716,0.02141299773938954
9.784,0.0,0.0,0.8068610053145505,0.0,0.0,0.15513506096988122,0.0,0.0,0.0,0.0,0.0,0.0,0.0,0.0,0.5,0.0,0.0,0.0,-1.0,0.0,0.0,0.0,29.877902367199002,29.877902367199002,29.877902367199002,29.877902367199002,0.3068610053145505,0.15513506096988122,0.0,0.0,0.0,0.3068610053145505,0.020799001504201442
9.792,0.0,0.0,0.8071233222430118,0.0,0.0,0.13066597198743662,0.0,0.0,0.0,0.0,0.0,0.0,0.0,0.0,0.5,0.0,0.0,0.0,-1.0,0.0,0.0,0.0,29.877902367199002,29.877902367199002,29.877902367199002,29.877902367199002,0.30712332224301175,0.13066597198743662,0.0,0.0,0.0,0.30712332224301175,0.02736100577749312
9.8,0.0,0.0,0.8071605025631564,0.0,0.0,0.10546228559356566,0.0,0.0,0.0,0.0,0.0,0.0,0.0,0.0,0.5,0.0,0.0,0.0,-0.9459443329243556,0.0,0.0,0.0,30.857504443550013,30.857504443550013,30.857504443550013,30.857504443550013,0.3071605025631564,0.10546228559356566,0.0,0.0,0.0,0.3071605025631564,0.023378001060336828
9.808,0.0,0.0,0.8069669261206321,0.0,0.0,0.0795304174117453,0.0,0.0,0.0,0.0,0.0,0.0,0.0,0.0,0.5,0.0,0.0,0.0,-0.8611057374763131,0.0,0.0,0.0,32.39495775328915,32.39495775328915,32.39495775328915,32.39495775328915,0.30696692612063214,0.0795304174117453,0.0,0.0,0.0,0.30696692612063214,0.07763200119370595
9.816,0.0,0.0,0.8065437684846455,0.0,0.0,0.053045393029730936,0.0,0.0,0.0,0.0,0.0,0.0,0.0,0.0,0.5,0.0,0.0,0.0,-0.7740145151805564,0.0,0.0,0.0,33.973233386692826,33.973233386692826,33.973233386692826,33.973233386692826,0.3065437684846455,0.053045393029730936,0.0,0.0,0.0,0.3065437684846455,0.1071010046871379
9.824,0.0,0.0,0.8058972471189779,0.0,0.0,0.026273280282093903,0.0,0.0,0.0,0.0,0.0,0.0,0.0,0.0,0.5,0.0,0.0,0.0,-0.685549036921254,0.0,0.0,0.0,35.57641342084034,35.57641342084034,35.57641342084034,35.57641342084034,0.3058972471189779,0.026273280282093903,0.0,0.0,0.0,0.3058972471189779,0.06311699689831585
9.832,0.0,0.0,0.8050336150996857,0.0,0.0,-0.0005721762566270119,0.0,0.0,0.0,0.0,0.0,0.0,0.0,0.0,0.5,0.0,0.0,0.0,-0.5964177470757481,0.0,0.0,0.0,37.19165935755808,37.19165935755808,37.19165935755808,37.19165935755808,0.30503361509968574,0.0005721762566270119,0.0,0.0,0.0,0.30503361509968574,0.1530539957457222
9.84,0.0,0.0,0.803959161068829,0.0,0.0,-0.027319091776722284,0.0,0.0,0.0,0.0,0.0,0.0,0.0,0.0,0.5,0.0,0.0,0.0,-0.5071928261854337,0.0,0.0,0.0,38.808602085211305,38.808602085211305,38.808602085211305,38.808602085211305,0.30395916106882903,0.027319091776722284,0.0,0.0,0.0,0.30395916106882903,0.1199529942823574
9.848,0.0,0.0,0.8026802091882602,0.0,0.0,-0.05382907043559457,0.0,0.0,0.0,0.0,0.0,0.0,0.0,0.0,0.5,0.0,0.0,0.0,-0.4183374538356874,0.0,0.0,0.0,40.41884781813229,40.41884781813229,40.41884781813229,40.41884781813229,0.3026802091882602,0.05382907043559457,0.0,0.0,0.0,0.3026802091882602,0.0905980050447397
9.856,0.0,0.0,0.8012031190934732,0.0,0.0,-0.07999050871815538,0.0,0.0,0.0,0.0,0.0,0.0,0.0,0.0,0.5,0.0,0.0,0.0,-0.33022761896764563,0.0,0.0,0.0,42.01558284802092,42.01558284802092,42.01558284802092,42.01558284802092,0.3012031190934732,0.07999050871815538,0.0,0.0,0.0,0.3012031190934732,0.06159699842100963
9.864,0.0,0.0,0.7995342858475121,0.0,0.0,-0.10571323812354767,0.0,0.0,0.0,0.0,0.0,0.0,0.0,0.0,0.5,0.0,0.0,0.0,-0.24316956811478452,0.0,0.0,0.0,43.59325734529782,43.59325734529782,43.59325734529782,43.59325734529782,0.29953428584751207,0.10571323812354767,0.0,0.0,0.0,0.29953428584751207,0.03685100091388449
9.872,0.0,0.0,0.7976801398949401,0.0,0.0,-0.13092423931314173,0.0,0.0,0.0,0.0,0.0,0.0,0.0,0.0,0.5,0.0,0.0,0.0,-0.15741376397868034,0.0,0.0,0.0,45.147332400431665,45.147332400431665,45.147332400431665,45.147332400431665,0.29768013989494013,0.13092423931314173,0.0,0.0,0.0,0.29768013989494013,0.04201800038572401
9.88,0.0,0.0,0.795647147015868,0.0,0.0,-0.1555642134273103,0.0,0.0,0.0,0.0,0.0,0.0,0.0,0.0,0.5,0.0,0.0,0.0,-0.07316605227690876,0.0,0.0,0.0,46.67407765723124,46.67407765723124,46.67407765723124,46.67407765723124,0.29564714701586803,0.1555642134273103,0.0,0.0,0.0,0.29564714701586803,0.0301690015476197
9.888,0.0,0.0,0.7934418082800424,0.0,0.0,-0.17958483913749493,0.0,0.0,0.0,0.0,0.0,0.0,0.0,0.0,0.5,0.0,0.0,0.0,0.009403404792179937,0.0,0.0,0.0,48.170409419724635,48.170409419724635,48.170409419724635,48.170409419724635,0.2934418082800424,0.17958483913749493,0.0,0.0,0.0,0.2934418082800424,0.03609999839682132
9.896,0.0,0.0,0.7910706600009937,0.0,0.0,-0.20294657828620727,0.0,0.0,0.0,0.0,0.0,0.0,0.0,0.0,0.5,0.0,0.0,0.0,0.0901529817902117,0.0,0.0,0.0,49.633761137890346,49.633761137890346,49.633761137890346,49.633761137890346,0.2910706600009937,0.20294657828620727,0.0,0.0,0.0,0.2910706600009937,0.04071999865118414
9.904,0.0,0.0,0.7885402736902435,0.0,0.0,-0.2256169203977278,0.0,0.0,0.0,0.0,0.0,0.0,0.0,0.0,0.5,0.0,0.0,0.0,0.1689638726450537,0.0,0.0,0.0,51.061979796489815,51.061979796489815,51.061979796489815,51.061979796489815,0.2885402736902435,0.2256169203977278,0.0,0.0,0.0,0.2885402736902435,0.03301900142105296
9.912,0.0,0.0,0.785857256011572,0.0,0.0,-0.24756897828496266,0.0,0.0,0.0,0.0,0.0,0.0,0.0,0.0,0.5,0.0,0.0,0.0,0.24573551674817873,0.0,0.0,0.0,52.4532430263573,52.4532430263573,52.4532430263573,52.4532430263573,0.28585725601157197,0.24756897828496266,0.0,0.0,0.0,0.28585725601157197,0.0389099950552918
9.92,0.0,0.0,0.783028248735344,0.0,0.0,-0.26878036453367604,0.0,0.0,0.0,0.0,0.0,0.0,0.0,0.0,0.5,0.0,0.0,0.0,0.3203802302688181,0.0,0.0,0.0,53.80596181255079,53.80596181255079,53.80596181255079,53.80596181255079,0.28302824873534405,0.26878036453367604,0.0,0.0,0.0,0.28302824873534405,0.03193500015186146
9.928,0.0,0.0,0.780059928692895,0.0,0.0,-0.28923229268815925,0.0,0.0,0.0,0.0,0.0,0.0,0.0,0.0,0.5,0.0,0.0,0.0,0.3928271672443385,0.0,0.0,0.0,55.11885227761855,55.11885227761855,55.11885227761855,55.11885227761855,0.280059928692895,0.28923229268815925,0.0,0.0,0.0,0.280059928692895,0.02830000448739156
9.936,0.0,0.0,0.7769590077309759,0.0,0.0,-0.3089088581985122,0.0,0.0,0.0,0.0,0.0,0.0,0.0,0.0,0.5,0.0,0.0,0.0,0.46300957180350855,0.0,0.0,0.0,56.39070466514457,56.39070466514457,56.39070466514457,56.39070466514457,0.2769590077309759,0.3089088581985122,0.0,0.0,0.0,0.2769590077309759,0.05086999590275809
9.944,0.0,0.0,0.7737322326662577,0.0,0.0,-0.3277964631767569,0.0,0.0,0.0,0.0,0.0,0.0,0.0,0.0,0.5,0.0,0.0,0.0,0.5,0.0,0.0,0.0,57.0610488164005,57.0610488164005,57.0610488164005,57.0610488164005,0.2737322326662577,0.3277964631767569,0.0,0.0,0.0,0.2737322326662577,0.029023998649790883
9.952,0.0,0.0,0.7703863852398942,0.0,0.0,-0.3458833562005012,0.0,0.0,0.0,0.0,0.0,0.0,0.0,0.0,0.5,0.0,0.0,0.0,0.5,0.0,0.0,0.0,57.0610488164005,57.0610488164005,57.0610488164005,57.0610488164005,0.2703863852398942,0.3458833562005012,0.0,0.0,0.0,0.2703863852398942,0.04528299905359745
9.96,0.0,0.0,0.7669282820721454,0.0,0.0,-0.3631592641541128,0.0,0.0,0.0,0.0,0.0,0.0,0.0,0.0,0.5,0.0,0.0,0.0,0.5,0.0,0.0,0.0,57.0610488164005,57.0610488164005,57.0610488164005,57.0610488164005,0.26692828207214536,0.3631592641541128,0.0,0.0,0.0,0.26692828207214536,0.028629998269025236
9.968,0.0,0.0,0.7633647746170575,0.0,0.0,-0.3796150977004956,0.0,0.0,0.0,0.0,0.0,0.0,0.0,0.0,0.5,0.0,0.0,0.0,0.5,0.0,0.0,0.0,57.0610488164005,57.0610488164005,57.0610488164005,57.0610488164005,0.26336477461705754,0.3796150977004956,0.0,0.0,0.0,0.26336477461705754,0.02338200283702463
9.976,0.0,0.0,0.7597027491172046,0.0,0.0,-0.39524271565671,0.0,0.0,0.0,0.0,0.0,0.0,0.0,0.0,0.5,0.0,0.0,0.0,0.5,0.0,0.0,0.0,57.0610488164005,57.0610488164005,57.0610488164005,57.0610488164005,0.2597027491172046,0.39524271565671,0.0,0.0,0.0,0.2597027491172046,0.035313001717440784
9.984,0.0,0.0,0.7559491265584866,0.0,0.0,-0.41003473649332906,0.0,0.0,0.0,0.0,0.0,0.0,0.0,0.0,0.5,0.0,0.0,0.0,0.5,0.0,0.0,0.0,57.0610488164005,57.0610488164005,57.0610488164005,57.0610488164005,0.25594912655848656,0.41003473649332906,0.0,0.0,0.0,0.25594912655848656,0.03894900146406144
9.992,0.0,0.0,0.7521108626249873,0.0,0.0,-0.4239843875321347,0.0,0.0,0.0,0.0,0.0,0.0,0.0,0.0,0.5,0.0,0.0,0.0,0.5,0.0,0.0,0.0,57.0610488164005,57.0610488164005,57.0610488164005,57.0610488164005,0.2521108626249873,0.4239843875321347,0.0,0.0,0.0,0.2521108626249873,0.02705399674596265
10.0,0.0,0.0,0.7481949476538912,0.0,0.0,-0.4370853843031214,0.0,0.0,0.0,0.0,0.0,0.0,0.0,0.0,0.5,0.0,0.0,0.0,0.5,0.0,0.0,0.0,57.0610488164005,57.0610488164005,57.0610488164005,57.0610488164005,0.24819494765389116,0.4370853843031214,0.0,0.0,0.0,0.24819494765389116,0.050276001275051385
10.008000000000001,0.0,0.0,0.7442084065904578,0.0,0.0,-0.44933183402831905,0.0,0.0,0.0,0.0,0.0,0.0,0.0,0.0,0.5,0.0,0.0,0.0,0.5,0.0,0.0,0.0,57.0610488164005,57.0610488164005,57.0610488164005,57.0610488164005,0.24420840659045784,0.44933183402831905,0.0,0.0,0.0,0.24420840659045784,0.11923500278498977
10.016,0.0,0.0,0.7401582989430561,0.0,0.0,-0.46071815840771063,0.0,0.0,0.0,0.0,0.0,0.0,0.0,0.0,0.5,0.0,0.0,0.0,0.5,0.0,0.0,0.0,57.0610488164005,57.0610488164005,57.0610488164005,57.0610488164005,0.24015829894305607,0.46071815840771063,0.0,0.0,0.0,0.24015829894305607,0.08559499838156626
10.024000000000001,0.0,0.0,0.7360517187382551,0.0,0.0,-0.47123903184618016,0.0,0.0,0.0,0.0,0.0,0.0,0.0,0.0,0.5,0.0,0.0,0.0,0.5,0.0,0.0,0.0,57.0610488164005,57.0610488164005,57.0610488164005,57.0610488164005,0.23605171873825515,0.47123903184618016,0.0,0.0,0.0,0.23605171873825515,0.1195719960378483
10.032,0.0,0.0,0.7318957944759756,0.0,0.0,-0.4808893320339433,0.0,0.0,0.0,0.0,0.0,0.0,0.0,0.0,0.5,0.0,0.0,0.0,0.5,0.0,0.0,0.0,57.0610488164005,57.0610488164005,57.0610488164005,57.0610488164005,0.23189579447597564,0.4808893320339433,0.0,0.0,0.0,0.23189579447597564,0.15744099800940603
10.040000000000001,0.0,0.0,0.7276976890846977,0.0,0.0,-0.4896641004090919,0.0,0.0,0.0,0.0,0.0,0.0,0.0,0.0,0.5,0.0,0.0,0.0,0.5,0.0,0.0,0.0,57.0610488164005,57.0610488164005,57.0610488164005,57.0610488164005,0.22769768908469767,0.4896641004090919,0.0,0.0,0.0,0.22769768908469767,0.09301400132244453
10.048,0.0,0.0,0.7234645998767277,0.0,0.0,-0.49755851052653377,0.0,0.0,0.0,0.0,0.0,0.0,0.0,0.0,0.5,0.0,0.0,0.0,0.5,0.0,0.0,0.0,57.0610488164005,57.0610488164005,57.0610488164005,57.0610488164005,0.22346459987672773,0.49755851052653377,0.0,0.0,0.0,0.22346459987672773,0.06546700024046004
10.056000000000001,0.0,0.0,0.7192037585035236,0.0,0.0,-0.5045678427513188,0.0,0.0,0.0,0.0,0.0,0.0,0.0,0.0,0.5,0.0,0.0,0.0,0.5,0.0,0.0,0.0,57.0610488164005,57.0610488164005,57.0610488164005,57.0610488164005,0.21920375850352358,0.5045678427513188,0.0,0.0,0.0,0.21920375850352358,0.036322002415545285
10.064,0.0,0.0,0.7149224309110772,0.0,0.0,-0.5106874640122262,0.0,0.0,0.0,0.0,0.0,0.0,0.0,0.0,0.5,0.0,0.0,0.0,0.5,0.0,0.0,0.0,57.0610488164005,57.0610488164005,57.0610488164005,57.0610488164005,0.2149224309110772,0.5106874640122262,0.0,0.0,0.0,0.2149224309110772,0.06277099600993097
10.072000000000001,0.0,0.0,0.7106279172953556,0.0,0.0,-0.51591281160281,0.0,0.0,0.0,0.0,0.0,0.0,0.0,0.0,0.5,0.0,0.0,0.0,0.5,0.0,0.0,0.0,57.0610488164005,57.0610488164005,57.0610488164005,57.0610488164005,0.21062791729535557,0.51591281160281,0.0,0.0,0.0,0.21062791729535557,0.1062199953594245
10.08,0.0,0.0,0.7063275520577995,0.0,0.0,-0.5202393802211613,0.0,0.0,0.0,0.0,0.0,0.0,0.0,0.0,0.5,0.0,0.0,0.0,0.5,0.0,0.0,0.0,57.0610488164005,57.0610488164005,57.0610488164005,57.0610488164005,0.2063275520577995,0.5202393802211613,0.0,0.0,0.0,0.2063275520577995,0.21235000167507678
10.088000000000001,0.0,0.0,0.7020287037608802,0.0,0.0,-0.5236627115998993,0.0,0.0,0.0,0.0,0.0,0.0,0.0,0.0,0.5,0.0,0.0,0.0,0.5,0.0,0.0,0.0,57.0610488164005,57.0610488164005,57.0610488164005,57.0610488164005,0.20202870376088022,0.5236627115998993,0.0,0.0,0.0,0.20202870376088022,0.12185599916847423
10.096,0.0,0.0,0.6977387750837137,0.0,0.0,-0.5261783862090934,0.0,0.0,0.0,0.0,0.0,0.0,0.0,0.0,0.5,0.0,0.0,0.0,0.5,0.0,0.0,0.0,57.0610488164005,57.0610488164005,57.0610488164005,57.0610488164005,0.19773877508371374,0.5261783862090934,0.0,0.0,0.0,0.19773877508371374,0.07790899690007791
10.104000000000001,0.0,0.0,0.6934652027777328,0.0,0.0,-0.5277820166167856,0.0,0.0,0.0,0.0,0.0,0.0,0.0,0.0,0.5,0.0,0.0,0.0,0.5,0.0,0.0,0.0,57.0610488164005,57.0610488164005,57.0610488164005,57.0610488164005,0.19346520277773283,0.5277820166167856,0.0,0.0,0.0,0.19346520277773283,0.0763100033509545
10.112,0.0,0.0,0.6892154576224168,0.0,0.0,-0.5284692421763418,0.0,0.0,0.0,0.0,0.0,0.0,0.0,0.0,0.5,0.0,0.0,0.0,0.5,0.0,0.0,0.0,57.0610488164005,57.0610488164005,57.0610488164005,57.0610488164005,0.18921545762241676,0.5284692421763418,0.0,0.0,0.0,0.18921545762241676,0.13245999434730038
10.120000000000001,0.0,0.0,0.6849970443810782,0.0,0.0,-0.5282357247745251,0.0,0.0,0.0,0.0,0.0,0.0,0.0,0.0,0.5,0.0,0.0,0.0,0.5,0.0,0.0,0.0,57.0610488164005,57.0610488164005,57.0610488164005,57.0610488164005,0.18499704438107822,0.5282357247745251,0.0,0.0,0.0,0.18499704438107822,0.11334699956933036
10.128,0.0,0.0,0.6808175017567082,0.0,0.0,-0.5270771454288825,0.0,0.0,0.0,0.0,0.0,0.0,0.0,0.0,0.5,0.0,0.0,0.0,0.5,0.0,0.0,0.0,57.0610488164005,57.0610488164005,57.0610488164005,57.0610488164005,0.1808175017567082,0.5270771454288825,0.0,0.0,0.0,0.1808175017567082,0.16001100448193029
10.136000000000001,0.0,0.0,0.6766844023478775,0.0,0.0,-0.5249892015638611,0.0,0.0,0.0,0.0,0.0,0.0,0.0,0.0,0.5,0.0,0.0,0.0,0.5,0.0,0.0,0.0,57.0610488164005,57.0610488164005,57.0610488164005,57.0610488164005,0.17668440234787752,0.5249892015638611,0.0,0.0,0.0,0.17668440234787752,0.04993299808120355
10.144,0.0,0.0,0.6726053526046966,0.0,0.0,-0.5219676048306242,0.0,0.0,0.0,0.0,0.0,0.0,0.0,0.0,0.5,0.0,0.0,0.0,0.5,0.0,0.0,0.0,57.0610488164005,57.0610488164005,57.0610488164005,57.0610488164005,0.17260535260469656,0.5219676048306242,0.0,0.0,0.0,0.17260535260469656,0.03927299985662103
10.152000000000001,0.0,0.0,0.6685879927848313,0.0,0.0,-0.5180080793611203,0.0,0.0,0.0,0.0,0.0,0.0,0.0,0.0,0.5,0.0,0.0,0.0,0.5,0.0,0.0,0.0,57.0610488164005,57.0610488164005,57.0610488164005,57.0610488164005,0.16858799278483128,0.5180080793611203,0.0,0.0,0.0,0.16858799278483128,0.07178700616350397
10.16,0.0,0.0,0.6646399969095773,0.0,0.0,-0.5131063603702561,0.0,0.0,0.0,0.0,0.0,0.0,0.0,0.0,0.5,0.0,0.0,0.0,0.5,0.0,0.0,0.0,57.0610488164005,57.0610488164005,57.0610488164005,57.0610488164005,0.1646399969095773,0.5131063603702561,0.0,0.0,0.0,0.1646399969095773,0.05896600487176329
10.168000000000001,0.0,0.0,0.6607690727199901,0.0,0.0,-0.5072581930358749,0.0,0.0,0.0,0.0,0.0,0.0,0.0,0.0,0.5,0.0,0.0,0.0,0.5,0.0,0.0,0.0,57.0610488164005,57.0610488164005,57.0610488164005,57.0610488164005,0.16076907271999008,0.5072581930358749,0.0,0.0,0.0,0.16076907271999008,0.034572003642097116
10.176,0.0,0.0,0.6569829616330731,0.0,0.0,-0.5004593316016342,0.0,0.0,0.0,0.0,0.0,0.0,0.0,0.0,0.5,0.0,0.0,0.0,0.5,0.0,0.0,0.0,57.0610488164005,57.0610488164005,57.0610488164005,57.0610488164005,0.15698296163307313,0.5004593316016342,0.0,0.0,0.0,0.15698296163307313,0.039139995351433754
10.184000000000001,0.0,0.0,0.6532894386980223,0.0,0.0,-0.49270553865756894,0.0,0.0,0.0,0.0,0.0,0.0,0.0,0.0,0.5,0.0,0.0,0.0,0.5,0.0,0.0,0.0,57.0610488164005,57.0610488164005,57.0610488164005,57.0610488164005,0.15328943869802225,0.49270553865756894,0.0,0.0,0.0,0.15328943869802225,0.05638899892801419
10.192,0.0,0.0,0.6496963125525271,0.0,0.0,-0.483992584563443,0.0,0.0,0.0,0.0,0.0,0.0,0.0,0.0,0.5,0.0,0.0,0.0,0.5,0.0,0.0,0.0,57.0610488164005,57.0610488164005,57.0610488164005,57.0610488164005,0.14969631255252713,0.483992584563443,0.0,0.0,0.0,0.14969631255252713,0.028736998501699418
10.200000000000001,0.0,0.0,0.6462114253791296,0.0,0.0,-0.47431624698568386,0.0,0.0,0.0,0.0,0.0,0.0,0.0,0.0,0.5,0.0,0.0,0.0,0.5,0.0,0.0,0.0,57.0610488164005,57.0610488164005,57.0610488164005,57.0610488164005,0.14621142537912957,0.47431624698568386,0.0,0.0,0.0,0.14621142537912957,0.024360000679735094
10.208,0.0,0.0,0.6428426528616386,0.0,0.0,-0.46367231052583174,0.0,0.0,0.0,0.0,0.0,0.0,0.0,0.0,0.5,0.0,0.0,0.0,0.5,0.0,0.0,0.0,57.0610488164005,57.0610488164005,57.0610488164005,57.0610488164005,0.14284265286163855,0.46367231052583174,0.0,0.0,0.0,0.14284265286163855,0.026667999918572605
10.216000000000001,0.0,0.0,0.6395979041416017,0.0,0.0,-0.45205656642157843,0.0,0.0,0.0,0.0,0.0,0.0,0.0,0.0,0.5,0.0,0.0,0.0,0.5,0.0,0.0,0.0,57.0610488164005,57.0610488164005,57.0610488164005,57.0610488164005,0.13959790414160167,0.45205656642157843,0.0,0.0,0.0,0.13959790414160167,0.032687996281310916
10.224,0.0,0.0,0.6364851217748334,0.0,0.0,-0.43946481230647794,0.0,0.0,0.0,0.0,0.0,0.0,0.0,0.0,0.5,0.0,0.0,0.0,0.5,0.0,0.0,0.0,57.0610488164005,57.0610488164005,57.0610488164005,57.0610488164005,0.1364851217748334,0.43946481230647794,0.0,0.0,0.0,0.1364851217748334,0.03862100129481405
10.232000000000001,0.0,0.0,0.6335122816879996,0.0,0.0,-0.4258928520160203,0.0,0.0,0.0,0.0,0.0,0.0,0.0,0.0,0.5,0.0,0.0,0.0,0.5,0.0,0.0,0.0,57.0610488164005,57.0610488164005,57.0610488164005,57.0610488164005,0.13351228168799956,0.4258928520160203,0.0,0.0,0.0,0.13351228168799956,0.03778799873543903
10.24,0.0,0.0,0.6306873931352585,0.0,0.0,-0.41133649543135153,0.0,0.0,0.0,0.0,0.0,0.0,0.0,0.0,0.5,0.0,0.0,0.0,0.5,0.0,0.0,0.0,57.0610488164005,57.0610488164005,57.0610488164005,57.0610488164005,0.13068739313525846,0.41133649543135153,0.0,0.0,0.0,0.13068739313525846,0.03612000000430271
10.248,0.0,0.0,0.6280184986549583,0.0,0.0,-0.3957915583525927,0.0,0.0,0.0,0.0,0.0,0.0,0.0,0.0,0.5,0.0,0.0,0.0,0.5,0.0,0.0,0.0,57.0610488164005,57.0610488164005,57.0610488164005,57.0610488164005,0.1280184986549583,0.3957915583525927,0.0,0.0,0.0,0.1280184986549583,0.028577000193763524
10.256,0.0,0.0,0.6255136740263907,0.0,0.0,-0.3792538623962573,0.0,0.0,0.0,0.0,0.0,0.0,0.0,0.0,0.5,0.0,0.0,0.0,0.5,0.0,0.0,0.0,57.0610488164005,57.0610488164005,57.0610488164005,57.0610488164005,0.1255136740263907,0.3792538623962573,0.0,0.0,0.0,0.1255136740263907,0.09497599967289716
10.264,0.0,0.0,0.6231810282266005,0.0,0.0,-0.36171923491176733,0.0,0.0,0.0,0.0,0.0,0.0,0.0,0.0,0.5,0.0,0.0,0.0,0.5,0.0,0.0,0.0,57.0610488164005,57.0610488164005,57.0610488164005,57.0610488164005,0.12318102822660049,0.36171923491176733,0.0,0.0,0.0,0.12318102822660049,0.09581199992680922
10.272,0.0,0.0,0.6210287033872519,0.0,0.0,-0.3431835089131222,0.0,0.0,0.0,0.0,0.0,0.0,0.0,0.0,0.5,0.0,0.0,0.0,0.5,0.0,0.0,0.0,57.0610488164005,57.0610488164005,57.0610488164005,57.0610488164005,0.12102870338725191,0.3431835089131222,0.0,0.0,0.0,0.12102870338725191,0.06962200131965801
10.28,0.0,0.0,0.6190648747515503,0.0,0.0,-0.32364252302304464,0.0,0.0,0.0,0.0,0.0,0.0,0.0,0.0,0.5,0.0,0.0,0.0,0.5,0.0,0.0,0.0,57.0610488164005,57.0610488164005,57.0610488164005,57.0610488164005,0.11906487475155025,0.32364252302304464,0.0,0.0,0.0,0.11906487475155025,0.16376900020986795
10.288,0.0,0.0,0.61729775063122,0.0,0.0,-0.30309212142668573,0.0,0.0,0.0,0.0,0.0,0.0,0.0,0.0,0.5,0.0,0.0,0.0,0.5,0.0,0.0,0.0,57.0610488164005,57.0610488164005,57.0610488164005,57.0610488164005,0.11729775063122005,0.30309212142668573,0.0,0.0,0.0,0.11729775063122005,0.12254399916855618
10.296,0.0,0.0,0.6157355723635389,0.0,0.0,-0.28152815383338103,0.0,0.0,0.0,0.0,0.0,0.0,0.0,0.0,0.5,0.0,0.0,0.0,0.5,0.0,0.0,0.0,57.0610488164005,57.0610488164005,57.0610488164005,57.0610488164005,0.11573557236353893,0.28152815383338103,0.0,0.0,0.0,0.11573557236353893,0.09886000043479726
10.304,0.0,0.0,0.6143866142684271,0.0,0.0,-0.25894647544449656,0.0,0.0,0.0,0.0,0.0,0.0,0.0,0.0,0.5,0.0,0.0,0.0,0.5,0.0,0.0,0.0,57.0610488164005,57.0610488164005,57.0610488164005,57.0610488164005,0.11438661426842711,0.25894647544449656,0.0,0.0,0.0,0.11438661426842711,0.08247399819083512
10.312,0.0,0.0,0.6132591836055931,0.0,0.0,-0.23534294692645163,0.0,0.0,0.0,0.0,0.0,0.0,0.0,0.0,0.5,0.0,0.0,0.0,0.5,0.0,0.0,0.0,57.0610488164005,57.0610488164005,57.0610488164005,57.0610488164005,0.11325918360559306,0.23534294692645163,0.0,0.0,0.0,0.11325918360559306,0.060534002841450274
10.32,0.0,0.0,0.6123616205317344,0.0,0.0,-0.21071343438762596,0.0,0.0,0.0,0.0,0.0,0.0,0.0,0.0,0.5,0.0,0.0,0.0,0.4668653304521453,0.0,0.0,0.0,56.460579099823676,56.460579099823676,56.460579099823676,56.460579099823676,0.11236162053173437,0.21071343438762596,0.0,0.0,0.0,0.11236162053173437,0.035456003388389945
10.328,0.0,0.0,0.6117022980577946,0.0,0.0,-0.18505380935859606,0.0,0.0,0.0,0.0,0.0,0.0,0.0,0.0,0.5,0.0,0.0,0.0,0.3845901484057921,0.0,0.0,0.0,54.96958021802319,54.96958021802319,54.96958021802319,54.96958021802319,0.11170229805779464,0.18505380935859606,0.0,0.0,0.0,0.11170229805779464,0.024708999262657017
10.336,0.0,0.0,0.6112896220062758,0.0,0.0,-0.15835994877484683,0.0,0.0,0.0,0.0,0.0,0.0,0.0,0.0,0.5,0.0,0.0,0.0,0.29846237510858625,0.0,0.0,0.0,53.408764301435475,53.408764301435475,53.408764301435475,53.408764301435475,0.11128962200627579,0.15835994877484683,0.0,0.0,0.0,0.11128962200627579,0.02739400224527344
10.344,0.0,0.0,0.6111320309686057,0.0,0.0,-0.13062773496163047,0.0,0.0,0.0,0.0,0.0,0.0,0.0,0.0,0.5,0.0,0.0,0.0,0.20845118788587808,0.0,0.0,0.0,51.77757277854123,51.77757277854123,51.77757277854123,51.77757277854123,0.11113203096860569,0.13062773496163047,0.0,0.0,0.0,0.11113203096860569,0.024813001800794154
10.352,0.0,0.0,0.6112379962625611,0.0,0.0,-0.10185305562041826,0.0,0.0,0.0,0.0,0.0,0.0,0.0,0.0,0.5,0.0,0.0,0.0,0.11452653536506807,0.0,0.0,0.0,50.0754610554322,50.0754610554322,50.0754610554322,50.0754610554322,0.11123799626256115,0.10185305562041826,0.0,0.0,0.0,0.11123799626256115,0.025405999622307718
10.36,0.0,0.0,0.6116160218897467,0.0,0.0,-0.07203180381669394,0.0,0.0,0.0,0.0,0.0,0.0,0.0,0.0,0.5,0.0,0.0,0.0,0.016658319416889333,0.0,0.0,0.0,48.30188369087125,48.30188369087125,48.30188369087125,48.30188369087125,0.11161602188974673,0.07203180381669394,0.0,0.0,0.0,0.11161602188974673,0.024382999981753528
10.368,0.0,0.0,0.6122569079182875,0.0,0.0,-0.04160329233983863,0.0,0.0,0.0,0.0,0.0,0.0,0.0,0.0,0.5,0.0,0.0,0.0,-0.0837045955272524,0.0,0.0,0.0,46.48309714754102,46.48309714754102,46.48309714754102,46.48309714754102,0.11225690791828746,0.04160329233983863,0.0,0.0,0.0,0.11225690791828746,0.024724999093450606
10.376,0.0,0.0,0.6131515100605072,0.0,0.0,-0.01091758031637588,0.0,0.0,0.0,0.0,0.0,0.0,0.0,0.0,0.5,0.0,0.0,0.0,-0.18540411438574467,0.0,0.0,0.0,44.64008853757853,44.64008853757853,44.64008853757853,44.64008853757853,0.11315151006050717,0.01091758031637588,0.0,0.0,0.0,0.11315151006050717,0.024720000510569662
10.384,0.0,0.0,0.6142907396006299,0.0,0.0,0.019746674249963313,0.0,0.0,0.0,0.0,0.0,0.0,0.0,0.0,0.5,0.0,0.0,0.0,-0.287514798916547,0.0,0.0,0.0,42.789628743159184,42.789628743159184,42.789628743159184,42.789628743159184,0.11429073960062985,0.019746674249963313,0.0,0.0,0.0,0.11429073960062985,0.024551998649258167
10.392,0.0,0.0,0.6156655633225746,0.0,0.0,0.05016793244859322,0.0,0.0,0.0,0.0,0.0,0.0,0.0,0.0,0.5,0.0,0.0,0.0,-0.38929735218461736,0.0,0.0,0.0,40.94511537551945,40.94511537551945,40.94511537551945,40.94511537551945,0.1156655633225746,0.05016793244859322,0.0,0.0,0.0,0.1156655633225746,0.02439500531181693
10.4,0.0,0.0,0.6172670034378446,0.0,0.0,0.08017034884061935,0.0,0.0,0.0,0.0,0.0,0.0,0.0,0.0,0.5,0.0,0.0,0.0,-0.49016140611397013,0.0,0.0,0.0,39.117247142571614,39.117247142571614,39.117247142571614,39.117247142571614,0.11726700343784457,0.08017034884061935,0.0,0.0,0.0,0.11726700343784457,0.02473600034136325
10.408,0.0,0.0,0.6190861375135093,0.0,0.0,0.10961463096411792,0.0,0.0,0.0,0.0,0.0,0.0,0.0,0.0,0.5,0.0,0.0,0.0,-0.5896357515091037,0.0,0.0,0.0,37.31456334336203,37.31456334336203,37.31456334336203,37.31456334336203,0.11908613751350927,0.10961463096411792,0.0,0.0,0.0,0.11908613751350927,0.024899003619793802
10.416,0.0,0.0,0.621114098400281,0.0,0.0,0.13839072694058135,0.0,0.0,0.0,0.0,0.0,0.0,0.0,0.0,0.5,0.0,0.0,0.0,-0.6873445220512389,0.0,0.0,0.0,35.54387546401651,35.54387546401651,35.54387546401651,35.54387546401651,0.12111409840028098,0.13839072694058135,0.0,0.0,0.0,0.12111409840028098,0.024847999156918377
10.424,0.0,0.0,0.6233420741606844,0.0,0.0,0.16641197556255763,0.0,0.0,0.0,0.0,0.0,0.0,0.0,0.0,0.5,0.0,0.0,0.0,-0.7829881414752973,0.0,0.0,0.0,33.81061245485926,33.81061245485926,33.81061245485926,33.81061245485926,0.12334207416068443,0.16641197556255763,0.0,0.0,0.0,0.12334207416068443,0.02431499888189137
10.432,0.0,0.0,0.6257613079973194,0.0,0.0,0.19361042636591444,0.0,0.0,0.0,0.0,0.0,0.0,0.0,0.0,0.5,0.0,0.0,0.0,-0.8763280812904248,0.0,0.0,0.0,32.11909695248975,32.11909695248975,32.11909695248975,32.11909695248975,0.12576130799731944,0.19361042636591444,0.0,0.0,0.0,0.12576130799731944,0.039387996366713196
10.44,0.0,0.0,0.6283630981812173,0.0,0.0,0.21993309569018457,0.0,0.0,0.0,0.0,0.0,0.0,0.0,0.0,0.5,0.0,0.0,0.0,-0.9671746669366371,0.0,0.0,0.0,30.472766257802476,30.472766257802476,30.472766257802476,30.472766257802476,0.12836309818121727,0.21993309569018457,0.0,0.0,0.0,0.12836309818121727,0.03001400182256475
10.448,0.0,0.0,0.6311387979802898,0.0,0.0,0.24533897152895368,0.0,0.0,0.0,0.0,0.0,0.0,0.0,0.0,0.5,0.0,0.0,0.0,-1.0,0.0,0.0,0.0,29.877902367199002,29.877902367199002,29.877902367199002,29.877902367199002,0.13113879798028982,0.24533897152895368,0.0,0.0,0.0,0.13113879798028982,0.043040003220085055
10.456,0.0,0.0,0.6340798155878716,0.0,0.0,0.26979661741271627,0.0,0.0,0.0,0.0,0.0,0.0,0.0,0.0,0.5,0.0,0.0,0.0,-1.0,0.0,0.0,0.0,29.877902367199002,29.877902367199002,29.877902367199002,29.877902367199002,0.13407981558787163,0.26979661741271627,0.0,0.0,0.0,0.13407981558787163,0.061873004597146064
10.464,0.0,0.0,0.6371776140513552,0.0,0.0,0.2932822555172536,0.0,0.0,0.0,0.0,0.0,0.0,0.0,0.0,0.5,0.0,0.0,0.0,-1.0,0.0,0.0,0.0,29.877902367199002,29.877902367199002,29.877902367199002,29.877902367199002,0.1371776140513552,0.2932822555172536,0.0,0.0,0.0,0.1371776140513552,0.05501599662238732
10.472,0.0,0.0,0.6404237112009185,0.0,0.0,0.3157782331528932,0.0,0.0,0.0,0.0,0.0,0.0,0.0,0.0,0.5,0.0,0.0,0.0,-1.0,0.0,0.0,0.0,29.877902367199002,29.877902367199002,29.877902367199002,29.877902367199002,0.14042371120091846,0.3157782331528932,0.0,0.0,0.0,0.14042371120091846,0.05649399827234447
10.48,0.0,0.0,0.6438096795783455,0.0,0.0,0.33727179595797996,0.0,0.0,0.0,0.0,0.0,0.0,0.0,0.0,0.5,0.0,0.0,0.0,-1.0,0.0,0.0,0.0,29.877902367199002,29.877902367199002,29.877902367199002,29.877902367199002,0.14380967957834545,0.33727179595797996,0.0,0.0,0.0,0.14380967957834545,0.0682379977661185
10.488,0.0,0.0,0.6473271463659388,0.0,0.0,0.3577541064562274,0.0,0.0,0.0,0.0,0.0,0.0,0.0,0.0,0.5,0.0,0.0,0.0,-1.0,0.0,0.0,0.0,29.877902367199002,29.877902367199002,29.877902367199002,29.877902367199002,0.1473271463659388,0.3577541064562274,0.0,0.0,0.0,0.1473271463659388,0.041566003346815705
10.496,0.0,0.0,0.6509677933155253,0.0,0.0,0.37721945890463543,0.0,0.0,0.0,0.0,0.0,0.0,0.0,0.0,0.5,0.0,0.0,0.0,-1.0,0.0,0.0,0.0,29.877902367199002,29.877902367199002,29.877902367199002,29.877902367199002,0.15096779331552534,0.37721945890463543,0.0,0.0,0.0,0.15096779331552534,0.06542499613715336
10.504,0.0,0.0,0.6547233566775533,0.0,0.0,0.3956646511744182,0.0,0.0,0.0,0.0,0.0,0.0,0.0,0.0,0.5,0.0,0.0,0.0,-1.0,0.0,0.0,0.0,29.877902367199002,29.877902367199002,29.877902367199002,29.877902367199002,0.15472335667755333,0.3956646511744182,0.0,0.0,0.0,0.15472335667755333,0.05616900307359174
10.512,0.0,0.0,0.6585856271302819,0.0,0.0,0.4130884822577382,0.0,0.0,0.0,0.0,0.0,0.0,0.0,0.0,0.5,0.0,0.0,0.0,-1.0,0.0,0.0,0.0,29.877902367199002,29.877902367199002,29.877902367199002,29.877902367199002,0.1585856271302819,0.4130884822577382,0.0,0.0,0.0,0.1585856271302819,0.09459900320507586
10.52,0.0,0.0,0.6625464497090631,0.0,0.0,0.4294913502757306,0.0,0.0,0.0,0.0,0.0,0.0,0.0,0.0,0.5,0.0,0.0,0.0,-1.0,0.0,0.0,0.0,29.877902367199002,29.877902367199002,29.877902367199002,29.877902367199002,0.16254644970906307,0.4294913502757306,0.0,0.0,0.0,0.16254644970906307,0.05890499596716836
10.528,0.0,0.0,0.6665977237357148,0.0,0.0,0.4448749308868664,0.0,0.0,0.0,0.0,0.0,0.0,0.0,0.0,0.5,0.0,0.0,0.0,-1.0,0.0,0.0,0.0,29.877902367199002,29.877902367199002,29.877902367199002,29.877902367199002,0.1665977237357148,0.4448749308868664,0.0,0.0,0.0,0.1665977237357148,0.053452000429388136
10.536,0.0,0.0,0.6707314027479864,0.0,0.0,0.4592419200162939,0.0,0.0,0.0,0.0,0.0,0.0,0.0,0.0,0.5,0.0,0.0,0.0,-1.0,0.0,0.0,0.0,29.877902367199002,29.877902367199002,29.877902367199002,29.877902367199002,0.17073140274798637,0.4592419200162939,0.0,0.0,0.0,0.17073140274798637,0.14822099910816178
10.544,0.0,0.0,0.6749394944291154,0.0,0.0,0.47259582804124867,0.0,0.0,0.0,0.0,0.0,0.0,0.0,0.0,0.5,0.0,0.0,0.0,-1.0,0.0,0.0,0.0,29.877902367199002,29.877902367199002,29.877902367199002,29.877902367199002,0.17493949442911538,0.47259582804124867,0.0,0.0,0.0,0.17493949442911538,0.08062599954428151
10.552,0.0,0.0,0.679214060537476,0.0,0.0,0.4849408151420266,0.0,0.0,0.0,0.0,0.0,0.0,0.0,0.0,0.5,0.0,0.0,0.0,-1.0,0.0,0.0,0.0,29.877902367199002,29.877902367199002,29.877902367199002,29.877902367199002,0.17921406053747602,0.4849408151420266,0.0,0.0,0.0,0.17921406053747602,0.05250800313660875
10.56,0.0,0.0,0.6835472168363188,0.0,0.0,0.4962815595846789,0.0,0.0,0.0,0.0,0.0,0.0,0.0,0.0,0.5,0.0,0.0,0.0,-1.0,0.0,0.0,0.0,29.877902367199002,29.877902367199002,29.877902367199002,29.877902367199002,0.1835472168363188,0.4962815595846789,0.0,0.0,0.0,0.1835472168363188,0.11729900143109262
10.568,0.0,0.0,0.687931133023602,0.0,0.0,0.5066231523498347,0.0,0.0,0.0,0.0,0.0,0.0,0.0,0.0,0.5,0.0,0.0,0.0,-1.0,0.0,0.0,0.0,29.877902367199002,29.877902367199002,29.877902367199002,29.877902367199002,0.18793113302360198,0.5066231523498347,0.0,0.0,0.0,0.18793113302360198,0.1298300048802048
10.576,0.0,0.0,0.6923580326619135,0.0,0.0,0.5159710128376442,0.0,0.0,0.0,0.0,0.0,0.0,0.0,0.0,0.5,0.0,0.0,0.0,-1.0,0.0,0.0,0.0,29.877902367199002,29.877902367199002,29.877902367199002,29.877902367199002,0.19235803266191354,0.5159710128376442,0.0,0.0,0.0,0.19235803266191354,0.11283999629085883
10.584,0.0,0.0,0.6968201931084846,0.0,0.0,0.5243308214344053,0.0,0.0,0.0,0.0,0.0,0.0,0.0,0.0,0.5,0.0,0.0,0.0,-1.0,0.0,0.0,0.0,29.877902367199002,29.877902367199002,29.877902367199002,29.877902367199002,0.19682019310848464,0.5243308214344053,0.0,0.0,0.0,0.19682019310848464,0.13154099724488333
10.592,0.0,0.0,0.7013099454452939,0.0,0.0,0.5317084655677432,0.0,0.0,0.0,0.0,0.0,0.0,0.0,0.0,0.5,0.0,0.0,0.0,-1.0,0.0,0.0,0.0,29.877902367199002,29.877902367199002,29.877902367199002,29.877902367199002,0.2013099454452939,0.5317084655677432,0.0,0.0,0.0,0.2013099454452939,0.08106000314000994
10.6,0.0,0.0,0.7058196744092623,0.0,0.0,0.5381099965534168,0.0,0.0,0.0,0.0,0.0,0.0,0.0,0.0,0.5,0.0,0.0,0.0,-1.0,0.0,0.0,0.0,29.877902367199002,29.877902367199002,29.877902367199002,29.877902367199002,0.2058196744092623,0.5381099965534168,0.0,0.0,0.0,0.2058196744092623,0.06596800085389987
10.608,0.0,0.0,0.7103418183225393,0.0,0.0,0.5435415950746456,0.0,0.0,0.0,0.0,0.0,0.0,0.0,0.0,0.5,0.0,0.0,0.0,-1.0,0.0,0.0,0.0,29.877902367199002,29.877902367199002,29.877902367199002,29.877902367199002,0.2103418183225393,0.5435415950746456,0.0,0.0,0.0,0.2103418183225393,0.1409940014127642
10.616,0.0,0.0,0.7148688690228789,0.0,0.0,0.5480095435682203,0.0,0.0,0.0,0.0,0.0,0.0,0.0,0.0,0.5,0.0,0.0,0.0,-1.0,0.0,0.0,0.0,29.877902367199002,29.877902367199002,29.877902367199002,29.877902367199002,0.21486886902287894,0.5480095435682203,0.0,0.0,0.0,0.21486886902287894,0.21542499598581344
10.624,0.0,0.0,0.7193933717941067,0.0,0.0,0.5515202041352569,0.0,0.0,0.0,0.0,0.0,0.0,0.0,0.0,0.5,0.0,0.0,0.0,-1.0,0.0,0.0,0.0,29.877902367199002,29.877902367199002,29.877902367199002,29.877902367199002,0.21939337179410667,0.5515202041352569,0.0,0.0,0.0,0.21939337179410667,0.06324699643300846
10.632,0.0,0.0,0.7239079252966767,0.0,0.0,0.5540800008724684,0.0,0.0,0.0,0.0,0.0,0.0,0.0,0.0,0.5,0.0,0.0,0.0,-1.0,0.0,0.0,0.0,29.877902367199002,29.877902367199002,29.877902367199002,29.877902367199002,0.2239079252966767,0.5540800008724684,0.0,0.0,0.0,0.2239079252966767,0.0759129979996942
10.64,0.0,0.0,0.7284051814983191,0.0,0.0,0.555695405739023,0.0,0.0,0.0,0.0,0.0,0.0,0.0,0.0,0.5,0.0,0.0,0.0,-1.0,0.0,0.0,0.0,29.877902367199002,29.877902367199002,29.877902367199002,29.877902367199002,0.22840518149831912,0.555695405739023,0.0,0.0,0.0,0.22840518149831912,0.028998001653235406
10.648,0.0,0.0,0.7328778456047776,0.0,0.0,0.5563729272526938,0.0,0.0,0.0,0.0,0.0,0.0,0.0,0.0,0.5,0.0,0.0,0.0,-1.0,0.0,0.0,0.0,29.877902367199002,29.877902367199002,29.877902367199002,29.877902367199002,0.23287784560477764,0.5563729272526938,0.0,0.0,0.0,0.23287784560477764,0.036290002753958106
10.656,0.0,0.0,0.7373186759906369,0.0,0.0,0.5561191014486251,0.0,0.0,0.0,0.0,0.0,0.0,0.0,0.0,0.5,0.0,0.0,0.0,-1.0,0.0,0.0,0.0,29.877902367199002,29.877902367199002,29.877902367199002,29.877902367199002,0.23731867599063694,0.5561191014486251,0.0,0.0,0.0,0.23731867599063694,0.03492600080789998
10.664,0.0,0.0,0.7417204841302402,0.0,0.0,0.5549404846489928,0.0,0.0,0.0,0.0,0.0,0.0,0.0,0.0,0.5,0.0,0.0,0.0,-1.0,0.0,0.0,0.0,29.877902367199002,29.877902367199002,29.877902367199002,29.877902367199002,0.24172048413024017,0.5549404846489928,0.0,0.0,0.0,0.24172048413024017,0.02216400025645271
10.672,0.0,0.0,0.7460761345286959,0.0,0.0,0.552843647680576,0.0,0.0,0.0,0.0,0.0,0.0,0.0,0.0,0.5,0.0,0.0,0.0,-1.0,0.0,0.0,0.0,29.877902367199002,29.877902367199002,29.877902367199002,29.877902367199002,0.24607613452869592,0.552843647680576,0.0,0.0,0.0,0.24607613452869592,0.017241000023204833
10.68,0.0,0.0,0.7503785446529753,0.0,0.0,0.5498351712514563,0.0,0.0,0.0,0.0,0.0,0.0,0.0,0.0,0.5,0.0,0.0,0.0,-1.0,0.0,0.0,0.0,29.877902367199002,29.877902367199002,29.877902367199002,29.877902367199002,0.25037854465297527,0.5498351712514563,0.0,0.0,0.0,0.25037854465297527,0.032723997719585896
10.688,0.0,0.0,0.7546206848630976,0.0,0.0,0.5459216422542124,0.0,0.0,0.0,0.0,0.0,0.0,0.0,0.0,0.5,0.0,0.0,0.0,-1.0,0.0,0.0,0.0,29.877902367199002,29.877902367199002,29.877902367199002,29.877902367199002,0.25462068486309763,0.5459216422542124,0.0,0.0,0.0,0.25462068486309763,0.022710999473929405
10.696,0.0,0.0,0.758795578343407,0.0,0.0,0.5411096508111168,0.0,0.0,0.0,0.0,0.0,0.0,0.0,0.0,0.5,0.0,0.0,0.0,-1.0,0.0,0.0,0.0,29.877902367199002,29.877902367199002,29.877902367199002,29.877902367199002,0.25879557834340705,0.5411096508111168,0.0,0.0,0.0,0.25879557834340705,0.024774999474175274
10.704,0.0,0.0,0.7628963010339367,0.0,0.0,0.5354057879121229,0.0,0.0,0.0,0.0,0.0,0.0,0.0,0.0,0.5,0.0,0.0,0.0,-1.0,0.0,0.0,0.0,29.877902367199002,29.877902367199002,29.877902367199002,29.877902367199002,0.2628963010339367,0.5354057879121229,0.0,0.0,0.0,0.2628963010339367,0.13400899479165673
10.712,0.0,0.0,0.7669159815618632,0.0,0.0,0.5288166435278735,0.0,0.0,0.0,0.0,0.0,0.0,0.0,0.0,0.5,0.0,0.0,0.0,-1.0,0.0,0.0,0.0,29.877902367199002,29.877902367199002,29.877902367199002,29.877902367199002,0.26691598156186325,0.5288166435278735,0.0,0.0,0.0,0.26691598156186325,0.13966800179332495
10.72,0.0,0.0,0.7708478011730503,0.0,0.0,0.521348805101964,0.0,0.0,0.0,0.0,0.0,0.0,0.0,0.0,0.5,0.0,0.0,0.0,-1.0,0.0,0.0,0.0,29.877902367199002,29.877902367199002,29.877902367199002,29.877902367199002,0.2708478011730503,0.521348805101964,0.0,0.0,0.0,0.2708478011730503,0.25133199960691854
10.728,0.0,0.0,0.7746849936636803,0.0,0.0,0.5130088563473311,0.0,0.0,0.0,0.0,0.0,0.0,0.0,0.0,0.5,0.0,0.0,0.0,-1.0,0.0,0.0,0.0,29.877902367199002,29.877902367199002,29.877902367199002,29.877902367199002,0.27468499366368027,0.5130088563473311,0.0,0.0,0.0,0.27468499366368027,0.1601590047357604
10.736,0.0,0.0,0.7784208453119756,0.0,0.0,0.5038033762852387,0.0,0.0,0.0,0.0,0.0,0.0,0.0,0.0,0.5,0.0,0.0,0.0,-1.0,0.0,0.0,0.0,29.877902367199002,29.877902367199002,29.877902367199002,29.877902367199002,0.27842084531197564,0.5038033762852387,0.0,0.0,0.0,0.27842084531197564,0.10677800310077146
10.744,0.0,0.0,0.7820486948100086,0.0,0.0,0.4937389384790251,0.0,0.0,0.0,0.0,0.0,0.0,0.0,0.0,0.5,0.0,0.0,0.0,-1.0,0.0,0.0,0.0,29.877902367199002,29.877902367199002,29.877902367199002,29.877902367199002,0.2820486948100086,0.4937389384790251,0.0,0.0,0.0,0.2820486948100086,0.062043000070843846
10.752,0.0,0.0,0.7855619331955993,0.0,0.0,0.4828221104229778,0.0,0.0,0.0,0.0,0.0,0.0,0.0,0.0,0.5,0.0,0.0,0.0,-1.0,0.0,0.0,0.0,29.877902367199002,29.877902367199002,29.877902367199002,29.877902367199002,0.2855619331955993,0.4828221104229778,0.0,0.0,0.0,0.2855619331955993,0.029632996302098036
10.76,0.0,0.0,0.7889540037843029,0.0,0.0,0.47105945305598185,0.0,0.0,0.0,0.0,0.0,0.0,0.0,0.0,0.5,0.0,0.0,0.0,-1.0,0.0,0.0,0.0,29.877902367199002,29.877902367199002,29.877902367199002,29.877902367199002,0.2889540037843029,0.47105945305598185,0.0,0.0,0.0,0.2889540037843029,0.034924996725749224
10.768,0.0,0.0,0.7922184021014845,0.0,0.0,0.45845752037431675,0.0,0.0,0.0,0.0,0.0,0.0,0.0,0.0,0.5,0.0,0.0,0.0,-1.0,0.0,0.0,0.0,29.877902367199002,29.877902367199002,29.877902367199002,29.877902367199002,0.29221840210148453,0.45845752037431675,0.0,0.0,0.0,0.29221840210148453,0.04051100404467434
10.776,0.0,0.0,0.7953486758144829,0.0,0.0,0.44502285912442063,0.0,0.0,0.0,0.0,0.0,0.0,0.0,0.0,0.5,0.0,0.0,0.0,-1.0,0.0,0.0,0.0,29.877902367199002,29.877902367199002,29.877902367199002,29.877902367199002,0.2953486758144829,0.44502285912442063,0.0,0.0,0.0,0.2953486758144829,0.06426699837902561
10.784,0.0,0.0,0.7983384246648618,0.0,0.0,0.43076200855900193,0.0,0.0,0.0,0.0,0.0,0.0,0.0,0.0,0.5,0.0,0.0,0.0,-1.0,0.0,0.0,0.0,29.877902367199002,29.877902367199002,29.877902367199002,29.877902367199002,0.2983384246648618,0.43076200855900193,0.0,0.0,0.0,0.2983384246648618,0.03991200355812907
10.792,0.0,0.0,0.8011813004007499,0.0,0.0,0.41568150024441036,0.0,0.0,0.0,0.0,0.0,0.0,0.0,0.0,0.5,0.0,0.0,0.0,-1.0,0.0,0.0,0.0,29.877902367199002,29.877902367199002,29.877902367199002,29.877902367199002,0.30118130040074986,0.41568150024441036,0.0,0.0,0.0,0.30118130040074986,0.03888900391757488
10.8,0.0,0.0,0.8038710067092678,0.0,0.0,0.3997878579084695,0.0,0.0,0.0,0.0,0.0,0.0,0.0,0.0,0.5,0.0,0.0,0.0,-1.0,0.0,0.0,0.0,29.877902367199002,29.877902367199002,29.877902367199002,29.877902367199002,0.3038710067092678,0.3997878579084695,0.0,0.0,0.0,0.3038710067092678,0.03794000076595694
10.808,0.0,0.0,0.806401299149044,0.0,0.0,0.38308759732118774,0.0,0.0,0.0,0.0,0.0,0.0,0.0,0.0,0.5,0.0,0.0,0.0,-1.0,0.0,0.0,0.0,29.877902367199002,29.877902367199002,29.877902367199002,29.877902367199002,0.306401299149044,0.38308759732118774,0.0,0.0,0.0,0.306401299149044,0.02710999979171902
10.816,0.0,0.0,0.8087659850828175,0.0,0.0,0.36558722620128065,0.0,0.0,0.0,0.0,0.0,0.0,0.0,0.0,0.5,0.0,0.0,0.0,-1.0,0.0,0.0,0.0,29.877902367199002,29.877902367199002,29.877902367199002,29.877902367199002,0.3087659850828175,0.36558722620128065,0.0,0.0,0.0,0.3087659850828175,0.023466003767680377
10.824,0.0,0.0,0.8109589236101283,0.0,0.0,0.3472932441438016,0.0,0.0,0.0,0.0,0.0,0.0,0.0,0.0,0.5,0.0,0.0,0.0,-1.0,0.0,0.0,0.0,29.877902367199002,29.877902367199002,29.877902367199002,29.877902367199002,0.31095892361012833,0.3472932441438016,0.0,0.0,0.0,0.31095892361012833,0.030941999284550548
10.832,0.0,0.0,0.8129740255000959,0.0,0.0,0.3282121425642247,0.0,0.0,0.0,0.0,0.0,0.0,0.0,0.0,0.5,0.0,0.0,0.0,-1.0,0.0,0.0,0.0,29.877902367199002,29.877902367199002,29.877902367199002,29.877902367199002,0.3129740255000959,0.3282121425642247,0.0,0.0,0.0,0.3129740255000959,0.02470599429216236
10.84,0.0,0.0,0.8148052531242841,0.0,0.0,0.30835040465608965,0.0,0.0,0.0,0.0,0.0,0.0,0.0,0.0,0.5,0.0,0.0,0.0,-1.0,0.0,0.0,0.0,29.877902367199002,29.877902367199002,29.877902367199002,29.877902367199002,0.3148052531242841,0.30835040465608965,0.0,0.0,0.0,0.3148052531242841,0.03090200334554538
10.848,0.0,0.0,0.8164466203896539,0.0,0.0,0.2877145053591118,0.0,0.0,0.0,0.0,0.0,0.0,0.0,0.0,0.5,0.0,0.0,0.0,-1.0,0.0,0.0,0.0,29.877902367199002,29.877902367199002,29.877902367199002,29.877902367199002,0.3164466203896539,0.2877145053591118,0.0,0.0,0.0,0.3164466203896539,0.0784840012784116
10.856,0.0,0.0,0.8178921926716033,0.0,0.0,0.2663109113360288,0.0,0.0,0.0,0.0,0.0,0.0,0.0,0.0,0.5,0.0,0.0,0.0,-1.0,0.0,0.0,0.0,29.877902367199002,29.877902367199002,29.877902367199002,29.877902367199002,0.3178921926716033,0.2663109113360288,0.0,0.0,0.0,0.3178921926716033,0.04340899613453075
10.864,0.0,0.0,0.8191360867470939,0.0,0.0,0.2441460809560855,0.0,0.0,0.0,0.0,0.0,0.0,0.0,0.0,0.5,0.0,0.0,0.0,-1.0,0.0,0.0,0.0,29.877902367199002,29.877902367199002,29.877902367199002,29.877902367199002,0.31913608674709393,0.2441460809560855,0.0,0.0,0.0,0.31913608674709393,0.03407400072319433
10.872,0.0,0.0,0.8201724707278646,0.0,0.0,0.2212264642841378,0.0,0.0,0.0,0.0,0.0,0.0,0.0,0.0,0.5,0.0,0.0,0.0,-1.0,0.0,0.0,0.0,29.877902367199002,29.877902367199002,29.877902367199002,29.877902367199002,0.3201724707278646,0.2212264642841378,0.0,0.0,0.0,0.3201724707278646,0.033787000575102866
10.88,0.0,0.0,0.8209955639937316,0.0,0.0,0.19755850307398415,0.0,0.0,0.0,0.0,0.0,0.0,0.0,0.0,0.5,0.0,0.0,0.0,-1.0,0.0,0.0,0.0,29.877902367199002,29.877902367199002,29.877902367199002,29.877902367199002,0.32099556399373164,0.19755850307398415,0.0,0.0,0.0,0.32099556399373164,0.03625599492806941
10.888,0.0,0.0,0.8215996371259761,0.0,0.0,0.17314863076529952,0.0,0.0,0.0,0.0,0.0,0.0,0.0,0.0,0.5,0.0,0.0,0.0,-1.0,0.0,0.0,0.0,29.877902367199002,29.877902367199002,29.877902367199002,29.877902367199002,0.32159963712597606,0.17314863076529952,0.0,0.0,0.0,0.32159963712597606,0.046083005145192146
10.896,0.0,0.0,0.8219790118408172,0.0,0.0,0.14800327248326792,0.0,0.0,0.0,0.0,0.0,0.0,0.0,0.0,0.5,0.0,0.0,0.0,-1.0,0.0,0.0,0.0,29.877902367199002,29.877902367199002,29.877902367199002,29.877902367199002,0.32197901184081723,0.14800327248326792,0.0,0.0,0.0,0.32197901184081723,0.045590000809170306
10.904,0.0,0.0,0.8221280609229727,0.0,0.0,0.12212884504050267,0.0,0.0,0.0,0.0,0.0,0.0,0.0,0.0,0.5,0.0,0.0,0.0,-1.0,0.0,0.0,0.0,29.877902367199002,29.877902367199002,29.877902367199002,29.877902367199002,0.32212806092297275,0.12212884504050267,0.0,0.0,0.0,0.32212806092297275,0.10100500367116183
10.912,0.0,0.0,0.8220412081593049,0.0,0.0,0.09553175694070684,0.0,0.0,0.0,0.0,0.0,0.0,0.0,0.0,0.5,0.0,0.0,0.0,-0.9428630380564416,0.0,0.0,0.0,30.913343969981803,30.913343969981803,30.913343969981803,30.913343969981803,0.3220412081593049,0.09553175694070684,0.0,0.0,0.0,0.3220412081593049,0.05878700176253915
10.92,0.0,0.0,0.8217129282725532,0.0,0.0,0.06821840838377033,0.0,0.0,0.0,0.0,0.0,0.0,0.0,0.0,0.5,0.0,0.0,0.0,-0.8532601902627102,0.0,0.0,0.0,32.53713552587681,32.53713552587681,32.53713552587681,32.53713552587681,0.32171292827255316,0.06821840838377033,0.0,0.0,0.0,0.32171292827255316,0.1720569998724386
10.928,0.0,0.0,0.8211493667366602,0.0,0.0,0.04048568830969317,0.0,0.0,0.0,0.0,0.0,0.0,0.0,0.0,0.5,0.0,0.0,0.0,-0.7618292465282149,0.0,0.0,0.0,34.19405601489247,34.19405601489247,34.19405601489247,34.19405601489247,0.32114936673666017,0.04048568830969317,0.0,0.0,0.0,0.32114936673666017,0.15474099927814677
10.936,0.0,0.0,0.8203567047313804,0.0,0.0,0.012572000515759341,0.0,0.0,0.0,0.0,0.0,0.0,0.0,0.0,0.5,0.0,0.0,0.0,-0.6693583923751905,0.0,0.0,0.0,35.86982186204208,35.86982186204208,35.86982186204208,35.86982186204208,0.32035670473138045,0.012572000515759341,0.0,0.0,0.0,0.32035670473138045,0.0987210005405359
10.944,0.0,0.0,0.8193411590958876,0.0,0.0,-0.015331040474711862,0.0,0.0,0.0,0.0,0.0,0.0,0.0,0.0,0.5,0.0,0.0,0.0,-0.5764839251734484,0.0,0.0,0.0,37.55290202426642,37.55290202426642,37.55290202426642,37.55290202426642,0.31934115909588756,0.015331040474711862,0.0,0.0,0.0,0.31934115909588756,0.18549300148151815
10.952,0.0,0.0,0.8181089822824413,0.0,0.0,-0.043069252715928596,0.0,0.0,0.0,0.0,0.0,0.0,0.0,0.0,0.5,0.0,0.0,0.0,-0.48372029753399487,0.0,0.0,0.0,39.233973541121394,39.233973541121394,39.233973541121394,39.233973541121394,0.31810898228244133,0.043069252715928596,0.0,0.0,0.0,0.31810898228244133,0.12145999789936468
10.96,0.0,0.0,0.8166664623101159,0.0,0.0,-0.07051840148087568,0.0,0.0,0.0,0.0,0.0,0.0,0.0,0.0,0.5,0.0,0.0,0.0,-0.39148449638631955,0.0,0.0,0.0,40.90547973475919,40.90547973475919,40.90547973475919,40.90547973475919,0.31666646231011586,0.07051840148087568,0.0,0.0,0.0,0.31666646231011586,0.11600400466704741
10.968,0.0,0.0,0.8150199227185873,0.0,0.0,-0.09757821097292024,0.0,0.0,0.0,0.0,0.0,0.0,0.0,0.0,0.5,0.0,0.0,0.0,-0.30011554624861936,0.0,0.0,0.0,42.561276769761115,42.561276769761115,42.561276769761115,42.561276769761115,0.31501992271858725,0.09757821097292024,0.0,0.0,0.0,0.31501992271858725,0.1622199997655116
10.976,0.0,0.0,0.8131757225219813,0.0,0.0,-0.12416757369347894,0.0,0.0,0.0,0.0,0.0,0.0,0.0,0.0,0.5,0.0,0.0,0.0,-0.2098901118311916,0.0,0.0,0.0,44.196350901235625,44.196350901235625,44.196350901235625,44.196350901235625,0.31317572252198134,0.12416757369347894,0.0,0.0,0.0,0.31317572252198134,0.18672700389288366
10.984,0.0,0.0,0.8111402561627815,0.0,0.0,-0.1502207179347843,0.0,0.0,0.0,0.0,0.0,0.0,0.0,0.0,0.5,0.0,0.0,0.0,-0.12103498010556923,0.0,0.0,0.0,45.80659227354275,45.80659227354275,45.80659227354275,45.80659227354275,0.3111402561627815,0.1502207179347843,0.0,0.0,0.0,0.3111402561627815,0.10027099779108539
10.992,0.0,0.0,0.8089199534657966,0.0,0.0,-0.1756841417724443,0.0,0.0,0.0,0.0,0.0,0.0,0.0,0.0,0.5,0.0,0.0,0.0,-0.0337370459472055,0.0,0.0,0.0,47.38861395950245,47.38861395950245,47.38861395950245,47.38861395950245,0.3089199534657966,0.1756841417724443,0.0,0.0,0.0,0.3089199534657966,0.1687280018813908
11.0,0.0,0.0,0.8065212795921881,0.0,0.0,-0.20051416025817406,0.0,0.0,0.0,0.0,0.0,0.0,0.0,0.0,0.5,0.0,0.0,0.0,0.05184869936408043,0.0,0.0,0.0,48.93960719200961,48.93960719200961,48.93960719200961,48.93960719200961,0.3065212795921881,0.20051416025817406,0.0,0.0,0.0,0.3065212795921881,0.07917000039014965
11.008000000000001,0.0,0.0,0.8039507349935577,0.0,0.0,-0.22467494317229145,0.0,0.0,0.0,0.0,0.0,0.0,0.0,0.0,0.5,0.0,0.0,0.0,0.13559277735620368,0.0,0.0,0.0,50.45722554955177,50.45722554955177,50.45722554955177,50.45722554955177,0.30395073499355774,0.22467494317229145,0.0,0.0,0.0,0.30395073499355774,0.16013799904612824
11.016,0.0,0.0,0.801214855366094,0.0,0.0,-0.24813694522443291,0.0,0.0,0.0,0.0,0.0,0.0,0.0,0.0,0.5,0.0,0.0,0.0,0.217386109748263,0.0,0.0,0.0,51.939492304872815,51.939492304872815,51.939492304872815,51.939492304872815,0.30121485536609405,0.24813694522443291,0.0,0.0,0.0,0.30121485536609405,0.13168300210963935
11.024000000000001,0.0,0.0,0.7983202116047792,0.0,0.0,-0.2708756502124101,0.0,0.0,0.0,0.0,0.0,0.0,0.0,0.0,0.5,0.0,0.0,0.0,0.2971359283696272,0.0,0.0,0.0,53.38472630412735,53.38472630412735,53.38472630412735,53.38472630412735,0.2983202116047792,0.2708756502124101,0.0,0.0,0.0,0.2983202116047792,0.07137400098145008
11.032,0.0,0.0,0.7952734097576545,0.0,0.0,-0.2928705663480538,0.0,0.0,0.0,0.0,0.0,0.0,0.0,0.0,0.5,0.0,0.0,0.0,0.3747625031090557,0.0,0.0,0.0,54.791482670455196,54.791482670455196,54.791482670455196,54.791482670455196,0.2952734097576545,0.2928705663480538,0.0,0.0,0.0,0.2952734097576545,0.050431001000106335
11.040000000000001,0.0,0.0,0.7920810909801462,0.0,0.0,-0.3141044225161404,0.0,0.0,0.0,0.0,0.0,0.0,0.0,0.0,0.5,0.0,0.0,0.0,0.45019652428616463,0.0,0.0,0.0,56.158505367061544,56.158505367061544,56.158505367061544,56.158505367061544,0.29208109098014623,0.3141044225161404,0.0,0.0,0.0,0.29208109098014623,0.057709003158379346
11.048,0.0,0.0,0.7887499314894503,0.0,0.0,-0.3345625252803204,0.0,0.0,0.0,0.0,0.0,0.0,0.0,0.0,0.5,0.0,0.0,0.0,0.5,0.0,0.0,0.0,57.0610488164005,57.0610488164005,57.0610488164005,57.0610488164005,0.2887499314894503,0.3345625252803204,0.0,0.0,0.0,0.2887499314894503,0.06962900079088286
11.056000000000001,0.0,0.0,0.7852866425189761,0.0,0.0,-0.3542322444861019,0.0,0.0,0.0,0.0,0.0,0.0,0.0,0.0,0.5,0.0,0.0,0.0,0.5,0.0,0.0,0.0,57.0610488164005,57.0610488164005,57.0610488164005,57.0610488164005,0.28528664251897606,0.3542322444861019,0.0,0.0,0.0,0.28528664251897606,0.04074400203535333
11.064,0.0,0.0,0.7816979702728497,0.0,0.0,-0.37310260174205034,0.0,0.0,0.0,0.0,0.0,0.0,0.0,0.0,0.5,0.0,0.0,0.0,0.5,0.0,0.0,0.0,57.0610488164005,57.0610488164005,57.0610488164005,57.0610488164005,0.2816979702728497,0.37310260174205034,0.0,0.0,0.0,0.2816979702728497,0.027768001018557698
11.072000000000001,0.0,0.0,0.7779906958804764,0.0,0.0,-0.391163941202962,0.0,0.0,0.0,0.0,0.0,0.0,0.0,0.0,0.5,0.0,0.0,0.0,0.5,0.0,0.0,0.0,57.0610488164005,57.0610488164005,57.0610488164005,57.0610488164005,0.2779906958804764,0.391163941202962,0.0,0.0,0.0,0.2779906958804764,0.022692001948598772
11.08,0.0,0.0,0.774171635351162,0.0,0.0,-0.4084076661952418,0.0,0.0,0.0,0.0,0.0,0.0,0.0,0.0,0.5,0.0,0.0,0.0,0.5,0.0,0.0,0.0,57.0610488164005,57.0610488164005,57.0610488164005,57.0610488164005,0.27417163535116196,0.4084076661952418,0.0,0.0,0.0,0.27417163535116196,0.022095002350397408
11.088000000000001,0.0,0.0,0.7702476395287927,0.0,0.0,-0.4248260285154135,0.0,0.0,0.0,0.0,0.0,0.0,0.0,0.0,0.5,0.0,0.0,0.0,0.5,0.0,0.0,0.0,57.0610488164005,57.0610488164005,57.0610488164005,57.0610488164005,0.2702476395287927,0.4248260285154135,0.0,0.0,0.0,0.2702476395287927,0.022457003069575876
11.096,0.0,0.0,0.7662255940465751,0.0,0.0,-0.44041195986778264,0.0,0.0,0.0,0.0,0.0,0.0,0.0,0.0,0.5,0.0,0.0,0.0,0.5,0.0,0.0,0.0,57.0610488164005,57.0610488164005,57.0610488164005,57.0610488164005,0.2662255940465751,0.44041195986778264,0.0,0.0,0.0,0.2662255940465751,0.021813000785186887
11.104000000000001,0.0,0.0,0.7621124192818335,0.0,0.0,-0.45515893701275467,0.0,0.0,0.0,0.0,0.0,0.0,0.0,0.0,0.5,0.0,0.0,0.0,0.5,0.0,0.0,0.0,57.0610488164005,57.0610488164005,57.0610488164005,57.0610488164005,0.2621124192818335,0.45515893701275467,0.0,0.0,0.0,0.2621124192818335,0.021017003746237606
11.112,0.0,0.0,0.7579150703108669,0.0,0.0,-0.46906087388437967,0.0,0.0,0.0,0.0,0.0,0.0,0.0,0.0,0.5,0.0,0.0,0.0,0.5,0.0,0.0,0.0,57.0610488164005,57.0610488164005,57.0610488164005,57.0610488164005,0.2579150703108669,0.46906087388437967,0.0,0.0,0.0,0.2579150703108669,0.040434002585243434
11.120000000000001,0.0,0.0,0.7536405368638645,0.0,0.0,-0.4821120352825533,0.0,0.0,0.0,0.0,0.0,0.0,0.0,0.0,0.5,0.0,0.0,0.0,0.5,0.0,0.0,0.0,57.0610488164005,57.0610488164005,57.0610488164005,57.0610488164005,0.25364053686386445,0.4821120352825533,0.0,0.0,0.0,0.25364053686386445,0.04277900006854907
11.128,0.0,0.0,0.7492958432798794,0.0,0.0,-0.4943069678256806,0.0,0.0,0.0,0.0,0.0,0.0,0.0,0.0,0.5,0.0,0.0,0.0,0.5,0.0,0.0,0.0,57.0610488164005,57.0610488164005,57.0610488164005,57.0610488164005,0.24929584327987941,0.4943069678256806,0.0,0.0,0.0,0.24929584327987941,0.030757997592445463
11.136000000000001,0.0,0.0,0.7448880484618614,0.0,0.0,-0.5056404447109824,0.0,0.0,0.0,0.0,0.0,0.0,0.0,0.0,0.5,0.0,0.0,0.0,0.5,0.0,0.0,0.0,57.0610488164005,57.0610488164005,57.0610488164005,57.0610488164005,0.2448880484618614,0.5056404447109824,0.0,0.0,0.0,0.2448880484618614,0.033009004255291075
11.144,0.0,0.0,0.7404242458317477,0.0,0.0,-0.5161074215216407,0.0,0.0,0.0,0.0,0.0,0.0,0.0,0.0,0.5,0.0,0.0,0.0,0.5,0.0,0.0,0.0,57.0610488164005,57.0610488164005,57.0610488164005,57.0610488164005,0.2404242458317477,0.5161074215216407,0.0,0.0,0.0,0.2404242458317477,0.08918499952415004
11.152000000000001,0.0,0.0,0.7359115632856121,0.0,0.0,-0.5257030008706892,0.0,0.0,0.0,0.0,0.0,0.0,0.0,0.0,0.5,0.0,0.0,0.0,0.5,0.0,0.0,0.0,57.0610488164005,57.0610488164005,57.0610488164005,57.0610488164005,0.23591156328561214,0.5257030008706892,0.0,0.0,0.0,0.23591156328561214,0.0670589943183586
11.16,0.0,0.0,0.7313571631488729,0.0,0.0,-0.534422404115045,0.0,0.0,0.0,0.0,0.0,0.0,0.0,0.0,0.5,0.0,0.0,0.0,0.5,0.0,0.0,0.0,57.0610488164005,57.0610488164005,57.0610488164005,57.0610488164005,0.2313571631488729,0.534422404115045,0.0,0.0,0.0,0.2313571631488729,0.15357800293713808
11.168000000000001,0.0,0.0,0.7267682421315579,0.0,0.0,-0.5422609487248984,0.0,0.0,0.0,0.0,0.0,0.0,0.0,0.0,0.5,0.0,0.0,0.0,0.5,0.0,0.0,0.0,57.0610488164005,57.0610488164005,57.0610488164005,57.0610488164005,0.22676824213155788,0.5422609487248984,0.0,0.0,0.0,0.22676824213155788,0.12767099542543292
11.176,0.0,0.0,0.7221520312836289,0.0,0.0,-0.5492140301781554,0.0,0.0,0.0,0.0,0.0,0.0,0.0,0.0,0.5,0.0,0.0,0.0,0.5,0.0,0.0,0.0,57.0610488164005,57.0610488164005,57.0610488164005,57.0610488164005,0.22215203128362893,0.5492140301781554,0.0,0.0,0.0,0.22215203128362893,0.06660500366706401
11.184000000000001,0.0,0.0,0.7175157959503636,0.0,0.0,-0.5552771074741437,0.0,0.0,0.0,0.0,0.0,0.0,0.0,0.0,0.5,0.0,0.0,0.0,0.5,0.0,0.0,0.0,57.0610488164005,57.0610488164005,57.0610488164005,57.0610488164005,0.21751579595036363,0.5552771074741437,0.0,0.0,0.0,0.21751579595036363,0.03639500209828839
11.192,0.0,0.0,0.712866835727795,0.0,0.0,-0.5604456915435444,0.0,0.0,0.0,0.0,0.0,0.0,0.0,0.0,0.5,0.0,0.0,0.0,0.5,0.0,0.0,0.0,57.0610488164005,57.0610488164005,57.0610488164005,57.0610488164005,0.21286683572779497,0.5604456915435444,0.0,0.0,0.0,0.21286683572779497,0.020801002392545342
11.200000000000001,0.0,0.0,0.7082124844182093,0.0,0.0,-0.5647153359744648,0.0,0.0,0.0,0.0,0.0,0.0,0.0,0.0,0.5,0.0,0.0,0.0,0.5,0.0,0.0,0.0,57.0610488164005,57.0610488164005,57.0610488164005,57.0610488164005,0.20821248441820928,0.5647153359744648,0.0,0.0,0.0,0.20821248441820928,0.020307998056523502
11.208,0.0,0.0,0.703560109985702,0.0,0.0,-0.5680816295922677,0.0,0.0,0.0,0.0,0.0,0.0,0.0,0.0,0.5,0.0,0.0,0.0,0.5,0.0,0.0,0.0,57.0610488164005,57.0610488164005,57.0610488164005,57.0610488164005,0.20356010998570195,0.5680816295922677,0.0,0.0,0.0,0.20356010998570195,0.04329900548327714
11.216000000000001,0.0,0.0,0.6989171145117905,0.0,0.0,-0.5705401905215874,0.0,0.0,0.0,0.0,0.0,0.0,0.0,0.0,0.5,0.0,0.0,0.0,0.5,0.0,0.0,0.0,57.0610488164005,57.0610488164005,57.0610488164005,57.0610488164005,0.1989171145117905,0.5705401905215874,0.0,0.0,0.0,0.1989171145117905,0.03123000351479277
11.224,0.0,0.0,0.6942909341510858,0.0,0.0,-0.5720866614349008,0.0,0.0,0.0,0.0,0.0,0.0,0.0,0.0,0.5,0.0,0.0,0.0,0.5,0.0,0.0,0.0,57.0610488164005,57.0610488164005,57.0610488164005,57.0610488164005,0.19429093415108578,0.5720866614349008,0.0,0.0,0.0,0.19429093415108578,0.030945004255045205
11.232000000000001,0.0,0.0,0.6896890390870205,0.0,0.0,-0.5727167057495397,0.0,0.0,0.0,0.0,0.0,0.0,0.0,0.0,0.5,0.0,0.0,0.0,0.5,0.0,0.0,0.0,57.0610488164005,57.0610488164005,57.0610488164005,57.0610488164005,0.1896890390870205,0.5727167057495397,0.0,0.0,0.0,0.1896890390870205,0.01910499850055203
11.24,0.0,0.0,0.6851189334876353,0.0,0.0,-0.5724260045842744,0.0,0.0,0.0,0.0,0.0,0.0,0.0,0.0,0.5,0.0,0.0,0.0,0.5,0.0,0.0,0.0,57.0610488164005,57.0610488164005,57.0610488164005,57.0610488164005,0.1851189334876353,0.5724260045842744,0.0,0.0,0.0,0.1851189334876353,0.03748699964489788
11.248000000000001,0.0,0.0,0.6805881554614224,0.0,0.0,-0.5712102543227302,0.0,0.0,0.0,0.0,0.0,0.0,0.0,0.0,0.5,0.0,0.0,0.0,0.5,0.0,0.0,0.0,57.0610488164005,57.0610488164005,57.0610488164005,57.0610488164005,0.18058815546142237,0.5712102543227302,0.0,0.0,0.0,0.18058815546142237,0.03578900214051828
11.256,0.0,0.0,0.6761042770132264,0.0,0.0,-0.569065164663096,0.0,0.0,0.0,0.0,0.0,0.0,0.0,0.0,0.5,0.0,0.0,0.0,0.5,0.0,0.0,0.0,57.0610488164005,57.0610488164005,57.0610488164005,57.0610488164005,0.1761042770132264,0.569065164663096,0.0,0.0,0.0,0.1761042770132264,0.02471799962222576
11.264,0.0,0.0,0.6716749040002029,0.0,0.0,-0.5659864570560761,0.0,0.0,0.0,0.0,0.0,0.0,0.0,0.0,0.5,0.0,0.0,0.0,0.5,0.0,0.0,0.0,57.0610488164005,57.0610488164005,57.0610488164005,57.0610488164005,0.1716749040002029,0.5659864570560761,0.0,0.0,0.0,0.1716749040002029,0.026184003218077123
11.272,0.0,0.0,0.6673076760878337,0.0,0.0,-0.5619698634540788,0.0,0.0,0.0,0.0,0.0,0.0,0.0,0.0,0.5,0.0,0.0,0.0,0.5,0.0,0.0,0.0,57.0610488164005,57.0610488164005,57.0610488164005,57.0610488164005,0.1673076760878337,0.5619698634540788,0.0,0.0,0.0,0.1673076760878337,0.023167995095718652
11.28,0.0,0.0,0.6630102667059993,0.0,0.0,-0.5570111253091357,0.0,0.0,0.0,0.0,0.0,0.0,0.0,0.0,0.5,0.0,0.0,0.0,0.5,0.0,0.0,0.0,57.0610488164005,57.0610488164005,57.0610488164005,57.0610488164005,0.16301026670599927,0.5570111253091357,0.0,0.0,0.0,0.16301026670599927,0.02134899841621518
11.288,0.0,0.0,0.6587903830051088,0.0,0.0,-0.5511059927695576,0.0,0.0,0.0,0.0,0.0,0.0,0.0,0.0,0.5,0.0,0.0,0.0,0.5,0.0,0.0,0.0,57.0610488164005,57.0610488164005,57.0610488164005,57.0610488164005,0.15879038300510884,0.5511059927695576,0.0,0.0,0.0,0.15879038300510884,0.031149000278674066
11.296,0.0,0.0,0.6546557658122866,0.0,0.0,-0.5442502240362141,0.0,0.0,0.0,0.0,0.0,0.0,0.0,0.0,0.5,0.0,0.0,0.0,0.5,0.0,0.0,0.0,57.0610488164005,57.0610488164005,57.0610488164005,57.0610488164005,0.15465576581228657,0.5442502240362141,0.0,0.0,0.0,0.15465576581228657,0.02831200254149735
11.304,0.0,0.0,0.6506141895876157,0.0,0.0,-0.5364395848457307,0.0,0.0,0.0,0.0,0.0,0.0,0.0,0.0,0.5,0.0,0.0,0.0,0.5,0.0,0.0,0.0,57.0610488164005,57.0610488164005,57.0610488164005,57.0610488164005,0.15061418958761574,0.5364395848457307,0.0,0.0,0.0,0.15061418958761574,0.0670970039209351
11.312,0.0,0.0,0.6466734623804389,0.0,0.0,-0.527669848056017,0.0,0.0,0.0,0.0,0.0,0.0,0.0,0.0,0.5,0.0,0.0,0.0,0.5,0.0,0.0,0.0,57.0610488164005,57.0610488164005,57.0610488164005,57.0610488164005,0.14667346238043888,0.527669848056017,0.0,0.0,0.0,0.14667346238043888,0.039715996535960585
11.32,0.0,0.0,0.642841425785715,0.0,0.0,-0.5179367933128995,0.0,0.0,0.0,0.0,0.0,0.0,0.0,0.0,0.5,0.0,0.0,0.0,0.5,0.0,0.0,0.0,57.0610488164005,57.0610488164005,57.0610488164005,57.0610488164005,0.14284142578571501,0.5179367933128995,0.0,0.0,0.0,0.14284142578571501,0.035343997296877205
11.328,0.0,0.0,0.6391259549004339,0.0,0.0,-0.507236206782358,0.0,0.0,0.0,0.0,0.0,0.0,0.0,0.0,0.5,0.0,0.0,0.0,0.5,0.0,0.0,0.0,57.0610488164005,57.0610488164005,57.0610488164005,57.0610488164005,0.1391259549004339,0.507236206782358,0.0,0.0,0.0,0.1391259549004339,0.06730500172125176
11.336,0.0,0.0,0.6355349582800862,0.0,0.0,-0.49556388093456827,0.0,0.0,0.0,0.0,0.0,0.0,0.0,0.0,0.5,0.0,0.0,0.0,0.5,0.0,0.0,0.0,57.0610488164005,57.0610488164005,57.0610488164005,57.0610488164005,0.13553495828008622,0.49556388093456827,0.0,0.0,0.0,0.13553495828008622,0.05605800106422976
11.344,0.0,0.0,0.6320763778951911,0.0,0.0,-0.4829156143700418,0.0,0.0,0.0,0.0,0.0,0.0,0.0,0.0,0.5,0.0,0.0,0.0,0.5,0.0,0.0,0.0,57.0610488164005,57.0610488164005,57.0610488164005,57.0610488164005,0.1320763778951911,0.4829156143700418,0.0,0.0,0.0,0.1320763778951911,0.041858002077788115
11.352,0.0,0.0,0.6287581890878794,0.0,0.0,-0.46928721167881715,0.0,0.0,0.0,0.0,0.0,0.0,0.0,0.0,0.5,0.0,0.0,0.0,0.5,0.0,0.0,0.0,57.0610488164005,57.0610488164005,57.0610488164005,57.0610488164005,0.1287581890878794,0.46928721167881715,0.0,0.0,0.0,0.1287581890878794,0.07082799857016653
11.36,0.0,0.0,0.6255884005285341,0.0,0.0,-0.4546744833266935,0.0,0.0,0.0,0.0,0.0,0.0,0.0,0.0,0.5,0.0,0.0,0.0,0.5,0.0,0.0,0.0,57.0610488164005,57.0610488164005,57.0610488164005,57.0610488164005,0.12558840052853415,0.4546744833266935,0.0,0.0,0.0,0.12558840052853415,0.13211600162321702
11.368,0.0,0.0,0.6225750541724865,0.0,0.0,-0.439073245562538,0.0,0.0,0.0,0.0,0.0,0.0,0.0,0.0,0.5,0.0,0.0,0.0,0.5,0.0,0.0,0.0,57.0610488164005,57.0610488164005,57.0610488164005,57.0610488164005,0.12257505417248649,0.439073245562538,0.0,0.0,0.0,0.12257505417248649,0.13378000585362315
11.376,0.0,0.0,0.6197262252167688,0.0,0.0,-0.42247932034298075,0.0,0.0,0.0,0.0,0.0,0.0,0.0,0.0,0.5,0.0,0.0,0.0,0.5,0.0,0.0,0.0,57.0610488164005,57.0610488164005,57.0610488164005,57.0610488164005,0.11972622521676879,0.42247932034298075,0.0,0.0,0.0,0.11972622521676879,0.13212499470682815
11.384,0.0,0.0,0.617050022056923,0.0,0.0,-0.40488853527052054,0.0,0.0,0.0,0.0,0.0,0.0,0.0,0.0,0.5,0.0,0.0,0.0,0.5,0.0,0.0,0.0,57.0610488164005,57.0610488164005,57.0610488164005,57.0610488164005,0.11705002205692305,0.40488853527052054,0.0,0.0,0.0,0.11705002205692305,0.07844300125725567
11.392,0.0,0.0,0.614554586243866,0.0,0.0,-0.3862967235428484,0.0,0.0,0.0,0.0,0.0,0.0,0.0,0.0,0.5,0.0,0.0,0.0,0.5,0.0,0.0,0.0,57.0610488164005,57.0610488164005,57.0610488164005,57.0610488164005,0.11455458624386605,0.3862967235428484,0.0,0.0,0.0,0.11455458624386605,0.08202200115192682
11.4,0.0,0.0,0.6122480924408106,0.0,0.0,-0.3666997239106592,0.0,0.0,0.0,0.0,0.0,0.0,0.0,0.0,0.5,0.0,0.0,0.0,0.5,0.0,0.0,0.0,57.0610488164005,57.0610488164005,57.0610488164005,57.0610488164005,0.11224809244081058,0.3666997239106592,0.0,0.0,0.0,0.11224809244081058,0.10708400077419356
11.408,0.0,0.0,0.6101387483802418,0.0,0.0,-0.3460933806427514,0.0,0.0,0.0,0.0,0.0,0.0,0.0,0.0,0.5,0.0,0.0,0.0,0.5,0.0,0.0,0.0,57.0610488164005,57.0610488164005,57.0610488164005,57.0610488164005,0.11013874838024185,0.3460933806427514,0.0,0.0,0.0,0.11013874838024185,0.07688499317737296
11.416,0.0,0.0,0.608234794820951,0.0,0.0,-0.32447354349646707,0.0,0.0,0.0,0.0,0.0,0.0,0.0,0.0,0.5,0.0,0.0,0.0,0.5,0.0,0.0,0.0,57.0610488164005,57.0610488164005,57.0610488164005,57.0610488164005,0.108234794820951,0.32447354349646707,0.0,0.0,0.0,0.108234794820951,0.2536980027798563
11.424,0.0,0.0,0.6065445055051234,0.0,0.0,-0.30183606769286825,0.0,0.0,0.0,0.0,0.0,0.0,0.0,0.0,0.5,0.0,0.0,0.0,0.5,0.0,0.0,0.0,57.0610488164005,57.0610488164005,57.0610488164005,57.0610488164005,0.1065445055051234,0.30183606769286825,0.0,0.0,0.0,0.1065445055051234,0.12508399959187955
11.432,0.0,0.0,0.6050761871154832,0.0,0.0,-0.27817681389529636,0.0,0.0,0.0,0.0,0.0,0.0,0.0,0.0,0.5,0.0,0.0,0.0,0.5,0.0,0.0,0.0,57.0610488164005,57.0610488164005,57.0610488164005,57.0610488164005,0.10507618711548317,0.27817681389529636,0.0,0.0,0.0,0.10507618711548317,0.10255599772790447
11.44,0.0,0.0,0.6038381792324934,0.0,0.0,-0.25349164819098496,0.0,0.0,0.0,0.0,0.0,0.0,0.0,0.0,0.5,0.0,0.0,0.0,0.5,0.0,0.0,0.0,57.0610488164005,57.0610488164005,57.0610488164005,57.0610488164005,0.10383817923249339,0.25349164819098496,0.0,0.0,0.0,0.10383817923249339,0.1768810034263879
11.448,0.0,0.0,0.6028388542916118,0.0,0.0,-0.22777644207482564,0.0,0.0,0.0,0.0,0.0,0.0,0.0,0.0,0.5,0.0,0.0,0.0,0.5,0.0,0.0,0.0,57.0610488164005,57.0610488164005,57.0610488164005,57.0610488164005,0.10283885429161177,0.22777644207482564,0.0,0.0,0.0,0.10283885429161177,0.1703710004221648
11.456,0.0,0.0,0.6020866175406022,0.0,0.0,-0.20102707243510134,0.0,0.0,0.0,0.0,0.0,0.0,0.0,0.0,0.5,0.0,0.0,0.0,0.4555224505014673,0.0,0.0,0.0,56.25502232192035,56.25502232192035,56.25502232192035,56.25502232192035,0.10208661754060222,0.20102707243510134,0.0,0.0,0.0,0.10208661754060222,0.16971099830698222
11.464,0.0,0.0,0.6015899069969011,0.0,0.0,-0.17323942154060848,0.0,0.0,0.0,0.0,0.0,0.0,0.0,0.0,0.5,0.0,0.0,0.0,0.3659969272125168,0.0,0.0,0.0,54.632632048250386,54.632632048250386,54.632632048250386,54.632632048250386,0.10158990699690107,0.17323942154060848,0.0,0.0,0.0,0.10158990699690107,0.1304869947489351
11.472,0.0,0.0,0.6013571934050398,0.0,0.0,-0.14440937702901938,0.0,0.0,0.0,0.0,0.0,0.0,0.0,0.0,0.5,0.0,0.0,0.0,0.272557932722199,0.0,0.0,0.0,52.939321467386094,52.939321467386094,52.939321467386094,52.939321467386094,0.10135719340503979,0.14440937702901938,0.0,0.0,0.0,0.10135719340503979,0.1083209936041385
11.48,0.0,0.0,0.601396980194122,0.0,0.0,-0.11453283189615987,0.0,0.0,0.0,0.0,0.0,0.0,0.0,0.0,0.5,0.0,0.0,0.0,0.17517474350813345,0.0,0.0,0.0,51.17453380465527,51.17453380465527,51.17453380465527,51.17453380465527,0.10139698019412202,0.11453283189615987,0.0,0.0,0.0,0.10139698019412202,0.14513300266116858
11.488,0.0,0.0,0.6017178034353565,0.0,0.0,-0.08360568448606445,0.0,0.0,0.0,0.0,0.0,0.0,0.0,0.0,0.5,0.0,0.0,0.0,0.07381721553917098,0.0,0.0,0.0,49.33772278698237,49.33772278698237,49.33772278698237,49.33772278698237,0.10171780343535652,0.08360568448606445,0.0,0.0,0.0,0.10171780343535652,0.23881499510025606
11.496,0.0,0.0,0.602328231799645,0.0,0.0,-0.05162383848164116,0.0,0.0,0.0,0.0,0.0,0.0,0.0,0.0,0.5,0.0,0.0,0.0,-0.031544841899528775,0.0,0.0,0.0,47.42834129528547,47.42834129528547,47.42834129528547,47.42834129528547,0.10232823179964501,0.05162383848164116,0.0,0.0,0.0,0.10232823179964501,0.0714939960744232
11.504,0.0,0.0,0.6032189551777178,0.0,0.0,-0.019030986333489652,0.0,0.0,0.0,0.0,0.0,0.0,0.0,0.0,0.5,0.0,0.0,0.0,-0.13944808384284912,0.0,0.0,0.0,45.47290820989287,45.47290820989287,45.47290820989287,45.47290820989287,0.10321895517771784,0.019030986333489652,0.0,0.0,0.0,0.10321895517771784,0.12976400466868654
11.512,0.0,0.0,0.6043807192476586,0.0,0.0,0.013819312681723263,0.0,0.0,0.0,0.0,0.0,0.0,0.0,0.0,0.5,0.0,0.0,0.0,-0.24872279913780349,0.0,0.0,0.0,43.492621150521174,43.492621150521174,43.492621150521174,43.492621150521174,0.10438071924765857,0.013819312681723263,0.0,0.0,0.0,0.10438071924765857,0.07903200457803905
11.52,0.0,0.0,0.6058043254024189,0.0,0.0,0.04664560401439097,0.0,0.0,0.0,0.0,0.0,0.0,0.0,0.0,0.5,0.0,0.0,0.0,-0.3584342253331311,0.0,0.0,0.0,41.50441997357561,41.50441997357561,41.50441997357561,41.50441997357561,0.10580432540241891,0.04664560401439097,0.0,0.0,0.0,0.10580432540241891,0.04385299689602107
11.528,0.0,0.0,0.6074806306774282,0.0,0.0,0.07922411508674014,0.0,0.0,0.0,0.0,0.0,0.0,0.0,0.0,0.5,0.0,0.0,0.0,-0.4678355748147692,0.0,0.0,0.0,39.52183803710918,39.52183803710918,39.52183803710918,39.52183803710918,0.10748063067742819,0.07922411508674014,0.0,0.0,0.0,0.10748063067742819,0.17621100414544344
11.536,0.0,0.0,0.6094005476782967,0.0,0.0,0.11137721709110904,0.0,0.0,0.0,0.0,0.0,0.0,0.0,0.0,0.5,0.0,0.0,0.0,-0.5763304556929074,0.0,0.0,0.0,37.55568321317644,37.55568321317644,37.55568321317644,37.55568321317644,0.10940054767829666,0.11137721709110904,0.0,0.0,0.0,0.10940054767829666,0.06776200461899862
11.544,0.0,0.0,0.6115550445086128,0.0,0.0,0.1429641944307837,0.0,0.0,0.0,0.0,0.0,0.0,0.0,0.0,0.5,0.0,0.0,0.0,-0.6834428084905901,0.0,0.0,0.0,35.61458269809781,35.61458269809781,35.61458269809781,35.61458269809781,0.11155504450861276,0.1429641944307837,0.0,0.0,0.0,0.11155504450861276,0.08814999455353245
11.552,0.0,0.0,0.6139351446978344,0.0,0.0,0.17387386027517437,0.0,0.0,0.0,0.0,0.0,0.0,0.0,0.0,0.5,0.0,0.0,0.0,-0.788792855474558,0.0,0.0,0.0,33.70541886103417,33.70541886103417,33.70541886103417,33.70541886103417,0.11393514469783439,0.17387386027517437,0.0,0.0,0.0,0.11393514469783439,0.044808002712670714
11.56,0.0,0.0,0.6165319271292734,0.0,0.0,0.2040186490061076,0.0,0.0,0.0,0.0,0.0,0.0,0.0,0.0,0.5,0.0,0.0,0.0,-0.8920778600987467,0.0,0.0,0.0,31.833677923230322,31.833677923230322,31.833677923230322,31.833677923230322,0.1165319271292734,0.2040186490061076,0.0,0.0,0.0,0.1165319271292734,0.03186800313415006
11.568,0.0,0.0,0.6193365259681742,0.0,0.0,0.23332989017741457,0.0,0.0,0.0,0.0,0.0,0.0,0.0,0.0,0.5,0.0,0.0,0.0,-0.9930567345392712,0.0,0.0,0.0,30.00372890176878,30.00372890176878,30.00372890176878,30.00372890176878,0.11933652596817423,0.23332989017741457,0.0,0.0,0.0,0.11933652596817423,0.04159500531386584
11.576,0.0,0.0,0.6223401305898857,0.0,0.0,0.2617540276847096,0.0,0.0,0.0,0.0,0.0,0.0,0.0,0.0,0.5,0.0,0.0,0.0,-1.0,0.0,0.0,0.0,29.877902367199002,29.877902367199002,29.877902367199002,29.877902367199002,0.12234013058988569,0.2617540276847096,0.0,0.0,0.0,0.12234013058988569,0.0325660002999939
11.584,0.0,0.0,0.625533985508126,0.0,0.0,0.28924959510378434,0.0,0.0,0.0,0.0,0.0,0.0,0.0,0.0,0.5,0.0,0.0,0.0,-1.0,0.0,0.0,0.0,29.877902367199002,29.877902367199002,29.877902367199002,29.877902367199002,0.125533985508126,0.28924959510378434,0.0,0.0,0.0,0.125533985508126,0.024295004550367594
11.592,0.0,0.0,0.6289093903033411,0.0,0.0,0.3157847959633966,0.0,0.0,0.0,0.0,0.0,0.0,0.0,0.0,0.5,0.0,0.0,0.0,-1.0,0.0,0.0,0.0,29.877902367199002,29.877902367199002,29.877902367199002,29.877902367199002,0.12890939030334114,0.3157847959633966,0.0,0.0,0.0,0.12890939030334114,0.03583999932743609
11.6,0.0,0.0,0.6324576995511566,0.0,0.0,0.3413355679661136,0.0,0.0,0.0,0.0,0.0,0.0,0.0,0.0,0.5,0.0,0.0,0.0,-1.0,0.0,0.0,0.0,29.877902367199002,29.877902367199002,29.877902367199002,29.877902367199002,0.1324576995511566,0.3413355679661136,0.0,0.0,0.0,0.1324576995511566,0.02704700455069542
11.608,0.0,0.0,0.6361703227509212,0.0,0.0,0.365884034366996,0.0,0.0,0.0,0.0,0.0,0.0,0.0,0.0,0.5,0.0,0.0,0.0,-1.0,0.0,0.0,0.0,29.877902367199002,29.877902367199002,29.877902367199002,29.877902367199002,0.13617032275092122,0.365884034366996,0.0,0.0,0.0,0.13617032275092122,0.028335998649708927
11.616,0.0,0.0,0.640038724254345,0.0,0.0,0.3894172650792031,0.0,0.0,0.0,0.0,0.0,0.0,0.0,0.0,0.5,0.0,0.0,0.0,-1.0,0.0,0.0,0.0,29.877902367199002,29.877902367199002,29.877902367199002,29.877902367199002,0.14003872425434505,0.3894172650792031,0.0,0.0,0.0,0.14003872425434505,0.04528200224740431
11.624,0.0,0.0,0.6440544231942287,0.0,0.0,0.411926285560442,0.0,0.0,0.0,0.0,0.0,0.0,0.0,0.0,0.5,0.0,0.0,0.0,-1.0,0.0,0.0,0.0,29.877902367199002,29.877902367199002,29.877902367199002,29.877902367199002,0.14405442319422868,0.411926285560442,0.0,0.0,0.0,0.14405442319422868,0.06768199818907306
11.632,0.0,0.0,0.6482089934132864,0.0,0.0,0.43340528392480854,0.0,0.0,0.0,0.0,0.0,0.0,0.0,0.0,0.5,0.0,0.0,0.0,-1.0,0.0,0.0,0.0,29.877902367199002,29.877902367199002,29.877902367199002,29.877902367199002,0.14820899341328642,0.43340528392480854,0.0,0.0,0.0,0.14820899341328642,0.04048500704811886
11.64,0.0,0.0,0.6524940633930609,0.0,0.0,0.4538509766341977,0.0,0.0,0.0,0.0,0.0,0.0,0.0,0.0,0.5,0.0,0.0,0.0,-1.0,0.0,0.0,0.0,29.877902367199002,29.877902367199002,29.877902367199002,29.877902367199002,0.15249406339306093,0.4538509766341977,0.0,0.0,0.0,0.15249406339306093,0.03232200106140226
11.648,0.0,0.0,0.6569013161829308,0.0,0.0,0.4732621010541169,0.0,0.0,0.0,0.0,0.0,0.0,0.0,0.0,0.5,0.0,0.0,0.0,-1.0,0.0,0.0,0.0,29.877902367199002,29.877902367199002,29.877902367199002,29.877902367199002,0.1569013161829308,0.4732621010541169,0.0,0.0,0.0,0.1569013161829308,0.023540000256616622
11.656,0.0,0.0,0.6614224893292101,0.0,0.0,0.4916390095002637,0.0,0.0,0.0,0.0,0.0,0.0,0.0,0.0,0.5,0.0,0.0,0.0,-1.0,0.0,0.0,0.0,29.877902367199002,29.877902367199002,29.877902367199002,29.877902367199002,0.1614224893292101,0.4916390095002637,0.0,0.0,0.0,0.1614224893292101,0.06829700578236952
11.664,0.0,0.0,0.6660493748043403,0.0,0.0,0.5089833444784797,0.0,0.0,0.0,0.0,0.0,0.0,0.0,0.0,0.5,0.0,0.0,0.0,-1.0,0.0,0.0,0.0,29.877902367199002,29.877902367199002,29.877902367199002,29.877902367199002,0.16604937480434034,0.5089833444784797,0.0,0.0,0.0,0.16604937480434034,0.039493999793194234
11.672,0.0,0.0,0.670773818936174,0.0,0.0,0.5252977788786132,0.0,0.0,0.0,0.0,0.0,0.0,0.0,0.0,0.5,0.0,0.0,0.0,-1.0,0.0,0.0,0.0,29.877902367199002,29.877902367199002,29.877902367199002,29.877902367199002,0.17077381893617405,0.5252977788786132,0.0,0.0,0.0,0.17077381893617405,0.02672900154720992
11.68,0.0,0.0,0.6755877223373505,0.0,0.0,0.540585808132316,0.0,0.0,0.0,0.0,0.0,0.0,0.0,0.0,0.5,0.0,0.0,0.0,-1.0,0.0,0.0,0.0,29.877902367199002,29.877902367199002,29.877902367199002,29.877902367199002,0.17558772233735054,0.540585808132316,0.0,0.0,0.0,0.17558772233735054,0.022307998733595014
11.688,0.0,0.0,0.6804830398347631,0.0,0.0,0.5548515839411533,0.0,0.0,0.0,0.0,0.0,0.0,0.0,0.0,0.5,0.0,0.0,0.0,-1.0,0.0,0.0,0.0,29.877902367199002,29.877902367199002,29.877902367199002,29.877902367199002,0.1804830398347631,0.5548515839411533,0.0,0.0,0.0,0.1804830398347631,0.02731799759203568
11.696,0.0,0.0,0.6854517803991186,0.0,0.0,0.5680997812618233,0.0,0.0,0.0,0.0,0.0,0.0,0.0,0.0,0.5,0.0,0.0,0.0,-1.0,0.0,0.0,0.0,29.877902367199002,29.877902367199002,29.877902367199002,29.877902367199002,0.18545178039911858,0.5680997812618233,0.0,0.0,0.0,0.18545178039911858,0.07093900057952851
11.704,0.0,0.0,0.6904860070745873,0.0,0.0,0.5803354918961623,0.0,0.0,0.0,0.0,0.0,0.0,0.0,0.0,0.5,0.0,0.0,0.0,-1.0,0.0,0.0,0.0,29.877902367199002,29.877902367199002,29.877902367199002,29.877902367199002,0.1904860070745873,0.5803354918961623,0.0,0.0,0.0,0.1904860070745873,0.05131200305186212
11.712,0.0,0.0,0.6955778369085457,0.0,0.0,0.5915641393659037,0.0,0.0,0.0,0.0,0.0,0.0,0.0,0.0,0.5,0.0,0.0,0.0,-1.0,0.0,0.0,0.0,29.877902367199002,29.877902367199002,29.877902367199002,29.877902367199002,0.1955778369085457,0.5915641393659037,0.0,0.0,0.0,0.1955778369085457,0.04478800110518932
11.72,0.0,0.0,0.700719440881409,0.0,0.0,0.6017914108142921,0.0,0.0,0.0,0.0,0.0,0.0,0.0,0.0,0.5,0.0,0.0,0.0,-1.0,0.0,0.0,0.0,29.877902367199002,29.877902367199002,29.877902367199002,29.877902367199002,0.20071944088140903,0.6017914108142921,0.0,0.0,0.0,0.20071944088140903,0.1233830043929629
11.728,0.0,0.0,0.7059030438365561,0.0,0.0,0.6110232025301251,0.0,0.0,0.0,0.0,0.0,0.0,0.0,0.0,0.5,0.0,0.0,0.0,-1.0,0.0,0.0,0.0,29.877902367199002,29.877902367199002,29.877902367199002,29.877902367199002,0.2059030438365561,0.6110232025301251,0.0,0.0,0.0,0.2059030438365561,0.11667999933706596
11.736,0.0,0.0,0.711120924410345,0.0,0.0,0.6192655763688084,0.0,0.0,0.0,0.0,0.0,0.0,0.0,0.0,0.5,0.0,0.0,0.0,-1.0,0.0,0.0,0.0,29.877902367199002,29.877902367199002,29.877902367199002,29.877902367199002,0.21112092441034502,0.6192655763688084,0.0,0.0,0.0,0.21112092441034502,0.1550130036775954
11.744,0.0,0.0,0.716365414962219,0.0,0.0,0.6265247248919094,0.0,0.0,0.0,0.0,0.0,0.0,0.0,0.0,0.5,0.0,0.0,0.0,-1.0,0.0,0.0,0.0,29.877902367199002,29.877902367199002,29.877902367199002,29.877902367199002,0.21636541496221895,0.6265247248919094,0.0,0.0,0.0,0.21636541496221895,0.11523600551299751
11.752,0.0,0.0,0.721628901504904,0.0,0.0,0.6328069434806389,0.0,0.0,0.0,0.0,0.0,0.0,0.0,0.0,0.5,0.0,0.0,0.0,-1.0,0.0,0.0,0.0,29.877902367199002,29.877902367199002,29.877902367199002,29.877902367199002,0.221628901504904,0.6328069434806389,0.0,0.0,0.0,0.221628901504904,0.09673699969425797
11.76,0.0,0.0,0.7269038236346969,0.0,0.0,0.6381186080293472,0.0,0.0,0.0,0.0,0.0,0.0,0.0,0.0,0.5,0.0,0.0,0.0,-1.0,0.0,0.0,0.0,29.877902367199002,29.877902367199002,29.877902367199002,29.877902367199002,0.22690382363469686,0.6381186080293472,0.0,0.0,0.0,0.22690382363469686,0.10494599700905383
11.768,0.0,0.0,0.7321826744618434,0.0,0.0,0.642466157102126,0.0,0.0,0.0,0.0,0.0,0.0,0.0,0.0,0.5,0.0,0.0,0.0,-1.0,0.0,0.0,0.0,29.877902367199002,29.877902367199002,29.877902367199002,29.877902367199002,0.23218267446184337,0.642466157102126,0.0,0.0,0.0,0.23218267446184337,0.15439999697264284
11.776,0.0,0.0,0.7374580005410074,0.0,0.0,0.6458560776608162,0.0,0.0,0.0,0.0,0.0,0.0,0.0,0.0,0.5,0.0,0.0,0.0,-1.0,0.0,0.0,0.0,29.877902367199002,29.877902367199002,29.877902367199002,29.877902367199002,0.2374580005410074,0.6458560776608162,0.0,0.0,0.0,0.2374580005410074,0.08016899664653465
11.784,0.0,0.0,0.7427224018018302,0.0,0.0,0.6482948936492092,0.0,0.0,0.0,0.0,0.0,0.0,0.0,0.0,0.5,0.0,0.0,0.0,-1.0,0.0,0.0,0.0,29.877902367199002,29.877902367199002,29.877902367199002,29.877902367199002,0.24272240180183025,0.6482948936492092,0.0,0.0,0.0,0.24272240180183025,0.08176199480658397
11.792,0.0,0.0,0.7479685314795802,0.0,0.0,0.6497891568631308,0.0,0.0,0.0,0.0,0.0,0.0,0.0,0.0,0.5,0.0,0.0,0.0,-1.0,0.0,0.0,0.0,29.877902367199002,29.877902367199002,29.877902367199002,29.877902367199002,0.2479685314795802,0.6497891568631308,0.0,0.0,0.0,0.2479685314795802,0.18951899983221665
11.8,0.0,0.0,0.7531890960458922,0.0,0.0,0.6503454396482908,0.0,0.0,0.0,0.0,0.0,0.0,0.0,0.0,0.5,0.0,0.0,0.0,-1.0,0.0,0.0,0.0,29.877902367199002,29.877902367199002,29.877902367199002,29.877902367199002,0.25318909604589224,0.6503454396482908,0.0,0.0,0.0,0.25318909604589224,0.10020600166171789
11.808,0.0,0.0,0.7583768551395975,0.0,0.0,0.649970329061279,0.0,0.0,0.0,0.0,0.0,0.0,0.0,0.0,0.5,0.0,0.0,0.0,-1.0,0.0,0.0,0.0,29.877902367199002,29.877902367199002,29.877902367199002,29.877902367199002,0.2583768551395975,0.649970329061279,0.0,0.0,0.0,0.2583768551395975,0.10089899296872318
11.816,0.0,0.0,0.7635246214976429,0.0,0.0,0.648670422200143,0.0,0.0,0.0,0.0,0.0,0.0,0.0,0.0,0.5,0.0,0.0,0.0,-1.0,0.0,0.0,0.0,29.877902367199002,29.877902367199002,29.877902367199002,29.877902367199002,0.2635246214976429,0.648670422200143,0.0,0.0,0.0,0.2635246214976429,0.10397999722044915
11.824,0.0,0.0,0.7686252608861004,0.0,0.0,0.6464523224715661,0.0,0.0,0.0,0.0,0.0,0.0,0.0,0.0,0.5,0.0,0.0,0.0,-1.0,0.0,0.0,0.0,29.877902367199002,29.877902367199002,29.877902367199002,29.877902367199002,0.2686252608861004,0.6464523224715661,0.0,0.0,0.0,0.2686252608861004,0.13512800069293007
11.832,0.0,0.0,0.7736716920312658,0.0,0.0,0.6433226366063751,0.0,0.0,0.0,0.0,0.0,0.0,0.0,0.0,0.5,0.0,0.0,0.0,-1.0,0.0,0.0,0.0,29.877902367199002,29.877902367199002,29.877902367199002,29.877902367199002,0.27367169203126585,0.6433226366063751,0.0,0.0,0.0,0.27367169203126585,0.0789420009823516
11.84,0.0,0.0,0.7786568865508474,0.0,0.0,0.6392879722746532,0.0,0.0,0.0,0.0,0.0,0.0,0.0,0.0,0.5,0.0,0.0,0.0,-1.0,0.0,0.0,0.0,29.877902367199002,29.877902367199002,29.877902367199002,29.877902367199002,0.2786568865508474,0.6392879722746532,0.0,0.0,0.0,0.2786568865508474,0.049982001655735075
11.848,0.0,0.0,0.7835738688852436,0.0,0.0,0.6343549361796136,0.0,0.0,0.0,0.0,0.0,0.0,0.0,0.0,0.5,0.0,0.0,0.0,-1.0,0.0,0.0,0.0,29.877902367199002,29.877902367199002,29.877902367199002,29.877902367199002,0.2835738688852436,0.6343549361796136,0.0,0.0,0.0,0.2835738688852436,0.06926600326551124
11.856,0.0,0.0,0.7884157162289103,0.0,0.0,0.6285301325353707,0.0,0.0,0.0,0.0,0.0,0.0,0.0,0.0,0.5,0.0,0.0,0.0,-1.0,0.0,0.0,0.0,29.877902367199002,29.877902367199002,29.877902367199002,29.877902367199002,0.28841571622891027,0.6285301325353707,0.0,0.0,0.0,0.28841571622891027,0.0883190004969947
11.864,0.0,0.0,0.7931755584618166,0.0,0.0,0.6218201618509427,0.0,0.0,0.0,0.0,0.0,0.0,0.0,0.0,0.5,0.0,0.0,0.0,-1.0,0.0,0.0,0.0,29.877902367199002,29.877902367199002,29.877902367199002,29.877902367199002,0.29317555846181664,0.6218201618509427,0.0,0.0,0.0,0.29317555846181664,0.055771997722331434
11.872,0.0,0.0,0.7978465780809912,0.0,0.0,0.614231619960132,0.0,0.0,0.0,0.0,0.0,0.0,0.0,0.0,0.5,0.0,0.0,0.0,-1.0,0.0,0.0,0.0,29.877902367199002,29.877902367199002,29.877902367199002,29.877902367199002,0.29784657808099124,0.614231619960132,0.0,0.0,0.0,0.29784657808099124,0.04276700201444328
11.88,0.0,0.0,0.8024220101321559,0.0,0.0,0.6057710972472082,0.0,0.0,0.0,0.0,0.0,0.0,0.0,0.0,0.5,0.0,0.0,0.0,-1.0,0.0,0.0,0.0,29.877902367199002,29.877902367199002,29.877902367199002,29.877902367199002,0.30242201013215586,0.6057710972472082,0.0,0.0,0.0,0.30242201013215586,0.08383399836020544
11.888,0.0,0.0,0.8068951421414485,0.0,0.0,0.5964451780300957,0.0,0.0,0.0,0.0,0.0,0.0,0.0,0.0,0.5,0.0,0.0,0.0,-1.0,0.0,0.0,0.0,29.877902367199002,29.877902367199002,29.877902367199002,29.877902367199002,0.30689514214144853,0.5964451780300957,0.0,0.0,0.0,0.30689514214144853,0.09138499444816262
11.896,0.0,0.0,0.8112593140472358,0.0,0.0,0.586260440068747,0.0,0.0,0.0,0.0,0.0,0.0,0.0,0.0,0.5,0.0,0.0,0.0,-1.0,0.0,0.0,0.0,29.877902367199002,29.877902367199002,29.877902367199002,29.877902367199002,0.31125931404723584,0.586260440068747,0.0,0.0,0.0,0.31125931404723584,0.052344003051985055
11.904,0.0,0.0,0.8155079181320128,0.0,0.0,0.5752234541744345,0.0,0.0,0.0,0.0,0.0,0.0,0.0,0.0,0.5,0.0,0.0,0.0,-1.0,0.0,0.0,0.0,29.877902367199002,29.877902367199002,29.877902367199002,29.877902367199002,0.31550791813201284,0.5752234541744345,0.0,0.0,0.0,0.31550791813201284,0.154131994349882
11.912,0.0,0.0,0.8196343989543925,0.0,0.0,0.5633407838990274,0.0,0.0,0.0,0.0,0.0,0.0,0.0,0.0,0.5,0.0,0.0,0.0,-1.0,0.0,0.0,0.0,29.877902367199002,29.877902367199002,29.877902367199002,29.877902367199002,0.3196343989543925,0.5633407838990274,0.0,0.0,0.0,0.3196343989543925,0.0793229992268607
11.92,0.0,0.0,0.8236322532811826,0.0,0.0,0.5506189852889859,0.0,0.0,0.0,0.0,0.0,0.0,0.0,0.0,0.5,0.0,0.0,0.0,-1.0,0.0,0.0,0.0,29.877902367199002,29.877902367199002,29.877902367199002,29.877902367199002,0.3236322532811826,0.5506189852889859,0.0,0.0,0.0,0.3236322532811826,0.026239002181682736
11.928,0.0,0.0,0.8274950300195515,0.0,0.0,0.5370646066903999,0.0,0.0,0.0,0.0,0.0,0.0,0.0,0.0,0.5,0.0,0.0,0.0,-1.0,0.0,0.0,0.0,29.877902367199002,29.877902367199002,29.877902367199002,29.877902367199002,0.3274950300195515,0.5370646066903999,0.0,0.0,0.0,0.3274950300195515,0.049722002586349845
11.936,0.0,0.0,0.8312163301492816,0.0,0.0,0.5226841885955841,0.0,0.0,0.0,0.0,0.0,0.0,0.0,0.0,0.5,0.0,0.0,0.0,-1.0,0.0,0.0,0.0,29.877902367199002,29.877902367199002,29.877902367199002,29.877902367199002,0.33121633014928165,0.5226841885955841,0.0,0.0,0.0,0.33121633014928165,0.04037300095660612
11.944,0.0,0.0,0.8347898066551116,0.0,0.0,0.5074842635222061,0.0,0.0,0.0,0.0,0.0,0.0,0.0,0.0,0.5,0.0,0.0,0.0,-1.0,0.0,0.0,0.0,29.877902367199002,29.877902367199002,29.877902367199002,29.877902367199002,0.3347898066551116,0.5074842635222061,0.0,0.0,0.0,0.3347898066551116,0.03728100273292512
11.952,0.0,0.0,0.8382091644591653,0.0,0.0,0.49147135591911606,0.0,0.0,0.0,0.0,0.0,0.0,0.0,0.0,0.5,0.0,0.0,0.0,-1.0,0.0,0.0,0.0,29.877902367199002,29.877902367199002,29.877902367199002,29.877902367199002,0.33820916445916527,0.49147135591911606,0.0,0.0,0.0,0.33820916445916527,0.026915004127658904
11.96,0.0,0.0,0.8414681603534695,0.0,0.0,0.4746519820928895,0.0,0.0,0.0,0.0,0.0,0.0,0.0,0.0,0.5,0.0,0.0,0.0,-1.0,0.0,0.0,0.0,29.877902367199002,29.877902367199002,29.877902367199002,29.877902367199002,0.3414681603534695,0.4746519820928895,0.0,0.0,0.0,0.3414681603534695,0.05466000584419817
11.968,0.0,0.0,0.8445606029325592,0.0,0.0,0.45703265015156247,0.0,0.0,0.0,0.0,0.0,0.0,0.0,0.0,0.5,0.0,0.0,0.0,-1.0,0.0,0.0,0.0,29.877902367199002,29.877902367199002,29.877902367199002,29.877902367199002,0.3445606029325592,0.45703265015156247,0.0,0.0,0.0,0.3445606029325592,0.039947000914253294
11.976,0.0,0.0,0.84748035252617,0.0,0.0,0.4386198599615132,0.0,0.0,0.0,0.0,0.0,0.0,0.0,0.0,0.5,0.0,0.0,0.0,-1.0,0.0,0.0,0.0,29.877902367199002,29.877902367199002,29.877902367199002,29.877902367199002,0.34748035252617004,0.4386198599615132,0.0,0.0,0.0,0.34748035252617004,0.029658003768417984
11.984,0.0,0.0,0.8502213211320183,0.0,0.0,0.4194201031154249,0.0,0.0,0.0,0.0,0.0,0.0,0.0,0.0,0.5,0.0,0.0,0.0,-1.0,0.0,0.0,0.0,29.877902367199002,29.877902367199002,29.877902367199002,29.877902367199002,0.3502213211320183,0.4194201031154249,0.0,0.0,0.0,0.3502213211320183,0.024572000256739557
11.992,0.0,0.0,0.8527774723486686,0.0,0.0,0.3994398629085906,0.0,0.0,0.0,0.0,0.0,0.0,0.0,0.0,0.5,0.0,0.0,0.0,-1.0,0.0,0.0,0.0,29.877902367199002,29.877902367199002,29.877902367199002,29.877902367199002,0.35277747234866863,0.3994398629085906,0.0,0.0,0.0,0.35277747234866863,0.023377004254143685
12.0,0.0,0.0,0.8551428213084886,0.0,0.0,0.3786856143223788,0.0,0.0,0.0,0.0,0.0,0.0,0.0,0.0,0.5,0.0,0.0,0.0,-1.0,0.0,0.0,0.0,29.877902367199002,29.877902367199002,29.877902367199002,29.877902367199002,0.3551428213084886,0.3786856143223788,0.0,0.0,0.0,0.3551428213084886,0.03789200127357617
12.008000000000001,0.0,0.0,0.8573114346106906,0.0,0.0,0.3571638240129463,0.0,0.0,0.0,0.0,0.0,0.0,0.0,0.0,0.5,0.0,0.0,0.0,-1.0,0.0,0.0,0.0,29.877902367199002,29.877902367199002,29.877902367199002,29.877902367199002,0.3573114346106906,0.3571638240129463,0.0,0.0,0.0,0.3573114346106906,0.04742199962493032
12.016,0.0,0.0,0.8592774302544602,0.0,0.0,0.33488095030460363,0.0,0.0,0.0,0.0,0.0,0.0,0.0,0.0,0.5,0.0,0.0,0.0,-1.0,0.0,0.0,0.0,29.877902367199002,29.877902367199002,29.877902367199002,29.877902367199002,0.35927743025446024,0.33488095030460363,0.0,0.0,0.0,0.35927743025446024,0.12559099559439346
12.024000000000001,0.0,0.0,0.8610349775721725,0.0,0.0,0.3118434431864848,0.0,0.0,0.0,0.0,0.0,0.0,0.0,0.0,0.5,0.0,0.0,0.0,-1.0,0.0,0.0,0.0,29.877902367199002,29.877902367199002,29.877902367199002,29.877902367199002,0.3610349775721725,0.3118434431864848,0.0,0.0,0.0,0.3610349775721725,0.10060199565486982
12.032,0.0,0.0,0.862578297162694,0.0,0.0,0.2880577443122284,0.0,0.0,0.0,0.0,0.0,0.0,0.0,0.0,0.5,0.0,0.0,0.0,-1.0,0.0,0.0,0.0,29.877902367199002,29.877902367199002,29.877902367199002,29.877902367199002,0.36257829716269396,0.2880577443122284,0.0,0.0,0.0,0.36257829716269396,0.05431300087366253
12.040000000000001,0.0,0.0,0.863901660824772,0.0,0.0,0.26353028700173103,0.0,0.0,0.0,0.0,0.0,0.0,0.0,0.0,0.5,0.0,0.0,0.0,-1.0,0.0,0.0,0.0,29.877902367199002,29.877902367199002,29.877902367199002,29.877902367199002,0.36390166082477204,0.26353028700173103,0.0,0.0,0.0,0.36390166082477204,0.028870999813079834
12.048,0.0,0.0,0.8649993914905103,0.0,0.0,0.2382674962448444,0.0,0.0,0.0,0.0,0.0,0.0,0.0,0.0,0.5,0.0,0.0,0.0,-1.0,0.0,0.0,0.0,29.877902367199002,29.877902367199002,29.877902367199002,29.877902367199002,0.3649993914905103,0.2382674962448444,0.0,0.0,0.0,0.3649993914905103,0.023660999431740493
12.056000000000001,0.0,0.0,0.865865863158931,0.0,0.0,0.2122757887063903,0.0,0.0,0.0,0.0,0.0,0.0,0.0,0.0,0.5,0.0,0.0,0.0,-1.0,0.0,0.0,0.0,29.877902367199002,29.877902367199002,29.877902367199002,29.877902367199002,0.365865863158931,0.2122757887063903,0.0,0.0,0.0,0.365865863158931,0.026005000108852983
12.064,0.0,0.0,0.8664955008296231,0.0,0.0,0.1855615727324172,0.0,0.0,0.0,0.0,0.0,0.0,0.0,0.0,0.5,0.0,0.0,0.0,-1.0,0.0,0.0,0.0,29.877902367199002,29.877902367199002,29.877902367199002,29.877902367199002,0.3664955008296231,0.1855615727324172,0.0,0.0,0.0,0.3664955008296231,0.02836099884007126
12.072000000000001,0.0,0.0,0.8668827804364774,0.0,0.0,0.15813124835728898,0.0,0.0,0.0,0.0,0.0,0.0,0.0,0.0,0.5,0.0,0.0,0.0,-1.0,0.0,0.0,0.0,29.877902367199002,29.877902367199002,29.877902367199002,29.877902367199002,0.3668827804364774,0.15813124835728898,0.0,0.0,0.0,0.3668827804364774,0.11875900236191228
12.08,0.0,0.0,0.8670222287815066,0.0,0.0,0.1299912073115619,0.0,0.0,0.0,0.0,0.0,0.0,0.0,0.0,0.5,0.0,0.0,0.0,-1.0,0.0,0.0,0.0,29.877902367199002,29.877902367199002,29.877902367199002,29.877902367199002,0.3670222287815066,0.1299912073115619,0.0,0.0,0.0,0.3670222287815066,0.06634600140387192
12.088000000000001,0.0,0.0,0.8669084234687525,0.0,0.0,0.10114783303039818,0.0,0.0,0.0,0.0,0.0,0.0,0.0,0.0,0.5,0.0,0.0,0.0,-1.0,0.0,0.0,0.0,29.877902367199002,29.877902367199002,29.877902367199002,29.877902367199002,0.3669084234687525,0.10114783303039818,0.0,0.0,0.0,0.3669084234687525,0.04944399552186951
12.096,0.0,0.0,0.8665359928382786,0.0,0.0,0.07160750066247065,0.0,0.0,0.0,0.0,0.0,0.0,0.0,0.0,0.5,0.0,0.0,0.0,-0.952438998000091,0.0,0.0,0.0,30.739807488955194,30.739807488955194,30.739807488955194,30.739807488955194,0.36653599283827865,0.07160750066247065,0.0,0.0,0.0,0.36653599283827865,0.11574399832170457
12.104000000000001,0.0,0.0,0.8658996159002481,0.0,0.0,0.041376577079214896,0.0,0.0,0.0,0.0,0.0,0.0,0.0,0.0,0.5,0.0,0.0,0.0,-0.8527276732636382,0.0,0.0,0.0,32.54678585092512,32.54678585092512,32.54678585092512,32.54678585092512,0.3658996159002481,0.041376577079214896,0.0,0.0,0.0,0.3658996159002481,0.11218299914617091
12.112,0.0,0.0,0.8650052926252622,0.0,0.0,0.010743179788720629,0.0,0.0,0.0,0.0,0.0,0.0,0.0,0.0,0.5,0.0,0.0,0.0,-0.7511990950840723,0.0,0.0,0.0,34.38669665721468,34.38669665721468,34.38669665721468,34.38669665721468,0.36500529262526216,0.010743179788720629,0.0,0.0,0.0,0.36500529262526216,0.0674699986120686
12.120000000000001,0.0,0.0,0.8638590588787872,0.0,0.0,-0.020061299830893636,0.0,0.0,0.0,0.0,0.0,0.0,0.0,0.0,0.5,0.0,0.0,0.0,-0.6486179491543409,0.0,0.0,0.0,36.24568219903788,36.24568219903788,36.24568219903788,36.24568219903788,0.3638590588787872,0.020061299830893636,0.0,0.0,0.0,0.3638590588787872,0.062425002397503704
12.128,0.0,0.0,0.8624669863745165,0.0,0.0,-0.0508508524714877,0.0,0.0,0.0,0.0,0.0,0.0,0.0,0.0,0.5,0.0,0.0,0.0,-0.545601991726608,0.0,0.0,0.0,38.11254743727973,38.11254743727973,38.11254743727973,38.11254743727973,0.36246698637451646,0.0508508524714877,0.0,0.0,0.0,0.36246698637451646,0.06658100028289482
12.136000000000001,0.0,0.0,0.8608351826277921,0.0,0.0,-0.08147577564529401,0.0,0.0,0.0,0.0,0.0,0.0,0.0,0.0,0.5,0.0,0.0,0.0,-0.44265080118295136,0.0,0.0,0.0,39.97823896372497,39.97823896372497,39.97823896372497,39.97823896372497,0.36083518262779213,0.08147577564529401,0.0,0.0,0.0,0.36083518262779213,0.10903299698838964
12.144,0.0,0.0,0.858969790909088,0.0,0.0,-0.111815413483844,0.0,0.0,0.0,0.0,0.0,0.0,0.0,0.0,0.5,0.0,0.0,0.0,-0.34016942377241416,0.0,0.0,0.0,41.835416490702656,41.835416490702656,41.835416490702656,41.835416490702656,0.358969790909088,0.111815413483844,0.0,0.0,0.0,0.358969790909088,0.13447299716062844
12.152000000000001,0.0,0.0,0.8568769901975526,0.0,0.0,-0.14177234857545415,0.0,0.0,0.0,0.0,0.0,0.0,0.0,0.0,0.5,0.0,0.0,0.0,-0.23848729022562015,0.0,0.0,0.0,43.67811004234916,43.67811004234916,43.67811004234916,43.67811004234916,0.3568769901975526,0.14177234857545415,0.0,0.0,0.0,0.3568769901975526,0.12420699931681156
12.16,0.0,0.0,0.8545629951346128,0.0,0.0,-0.17126775543386552,0.0,0.0,0.0,0.0,0.0,0.0,0.0,0.0,0.5,0.0,0.0,0.0,-0.1378733490327121,0.0,0.0,0.0,45.501445707867944,45.501445707867944,45.501445707867944,45.501445707867944,0.35456299513461276,0.17126775543386552,0.0,0.0,0.0,0.35456299513461276,0.1395519939251244
12.168000000000001,0.0,0.0,0.8520340559776374,0.0,0.0,-0.20023768327146996,0.0,0.0,0.0,0.0,0.0,0.0,0.0,0.0,0.5,0.0,0.0,0.0,-0.03854817305306302,0.0,0.0,0.0,47.30142624436628,47.30142624436628,47.30142624436628,47.30142624436628,0.3520340559776374,0.20023768327146996,0.0,0.0,0.0,0.3520340559776374,0.09423099982086569
12.176,0.0,0.0,0.8492964585536612,0.0,0.0,-0.2286300822165877,0.0,0.0,0.0,0.0,0.0,0.0,0.0,0.0,0.5,0.0,0.0,0.0,0.059306355210815176,0.0,0.0,0.0,49.074755559375966,49.074755559375966,49.074755559375966,49.074755559375966,0.3492964585536612,0.2286300822165877,0.0,0.0,0.0,0.3492964585536612,0.10547700367169455
12.184000000000001,0.0,0.0,0.8463565242131692,0.0,0.0,-0.256402424285562,0.0,0.0,0.0,0.0,0.0,0.0,0.0,0.0,0.5,0.0,0.0,0.0,0.15553929540659855,0.0,0.0,0.0,50.81869829709545,50.81869829709545,50.81869829709545,50.81869829709545,0.3463565242131692,0.256402424285562,0.0,0.0,0.0,0.3463565242131692,0.06261300586629659
12.192,0.0,0.0,0.8432206097839404,0.0,0.0,-0.28351980015917777,0.0,0.0,0.0,0.0,0.0,0.0,0.0,0.0,0.5,0.0,0.0,0.0,0.2500244507807773,0.0,0.0,0.0,52.530967507636696,52.530967507636696,52.530967507636696,52.530967507636696,0.3432206097839404,0.28351980015917777,0.0,0.0,0.0,0.3432206097839404,0.12106799840694293
12.200000000000001,0.0,0.0,0.8398951075249523,0.0,0.0,-0.30995339660203514,0.0,0.0,0.0,0.0,0.0,0.0,0.0,0.0,0.5,0.0,0.0,0.0,0.3426554093498535,0.0,0.0,0.0,54.20963478264544,54.20963478264544,54.20963478264544,54.20963478264544,0.33989510752495233,0.30995339660203514,0.0,0.0,0.0,0.33989510752495233,0.10495899914531037
12.208,0.0,0.0,0.8363864450803448,0.0,0.0,-0.335679278396827,0.0,0.0,0.0,0.0,0.0,0.0,0.0,0.0,0.5,0.0,0.0,0.0,0.43334157685133357,0.0,0.0,0.0,55.853058364051805,55.853058364051805,55.853058364051805,55.853058364051805,0.33638644508034476,0.335679278396827,0.0,0.0,0.0,0.33638644508034476,0.07062900112941861
12.216000000000001,0.0,0.0,0.8327010854334437,0.0,0.0,-0.3606774138899785,0.0,0.0,0.0,0.0,0.0,0.0,0.0,0.0,0.5,0.0,0.0,0.0,0.5,0.0,0.0,0.0,57.0610488164005,57.0610488164005,57.0610488164005,57.0610488164005,0.3327010854334437,0.3606774138899785,0.0,0.0,0.0,0.3327010854334437,0.0738380040274933
12.224,0.0,0.0,0.8288455268608449,0.0,0.0,-0.38493089542696296,0.0,0.0,0.0,0.0,0.0,0.0,0.0,0.0,0.5,0.0,0.0,0.0,0.5,0.0,0.0,0.0,57.0610488164005,57.0610488164005,57.0610488164005,57.0610488164005,0.3288455268608449,0.38493089542696296,0.0,0.0,0.0,0.3288455268608449,0.04857900057686493
12.232000000000001,0.0,0.0,0.824826302886557,0.0,0.0,-0.4084253156987564,0.0,0.0,0.0,0.0,0.0,0.0,0.0,0.0,0.5,0.0,0.0,0.0,0.5,0.0,0.0,0.0,57.0610488164005,57.0610488164005,57.0610488164005,57.0610488164005,0.324826302886557,0.4084253156987564,0.0,0.0,0.0,0.324826302886557,0.04007299867225811
12.24,0.0,0.0,0.8206499822362046,0.0,0.0,-0.43114826881782786,0.0,0.0,0.0,0.0,0.0,0.0,0.0,0.0,0.5,0.0,0.0,0.0,0.5,0.0,0.0,0.0,57.0610488164005,57.0610488164005,57.0610488164005,57.0610488164005,0.32064998223620456,0.43114826881782786,0.0,0.0,0.0,0.32064998223620456,0.051045004511252046
12.248000000000001,0.0,0.0,0.8163231687912901,0.0,0.0,-0.4530889511771122,0.0,0.0,0.0,0.0,0.0,0.0,0.0,0.0,0.5,0.0,0.0,0.0,0.5,0.0,0.0,0.0,57.0610488164005,57.0610488164005,57.0610488164005,57.0610488164005,0.3163231687912901,0.4530889511771122,0.0,0.0,0.0,0.3163231687912901,0.04207099846098572
12.256,0.0,0.0,0.811852501543516,0.0,0.0,-0.474237842136055,0.0,0.0,0.0,0.0,0.0,0.0,0.0,0.0,0.5,0.0,0.0,0.0,0.5,0.0,0.0,0.0,57.0610488164005,57.0610488164005,57.0610488164005,57.0610488164005,0.31185250154351596,0.474237842136055,0.0,0.0,0.0,0.31185250154351596,0.05174199759494513
12.264000000000001,0.0,0.0,0.8072446545491654,0.0,0.0,-0.4945864485675955,0.0,0.0,0.0,0.0,0.0,0.0,0.0,0.0,0.5,0.0,0.0,0.0,0.5,0.0,0.0,0.0,57.0610488164005,57.0610488164005,57.0610488164005,57.0610488164005,0.3072446545491654,0.4945864485675955,0.0,0.0,0.0,0.3072446545491654,0.03735099744517356
12.272,0.0,0.0,0.8025063368835429,0.0,0.0,-0.5141271004946518,0.0,0.0,0.0,0.0,0.0,0.0,0.0,0.0,0.5,0.0,0.0,0.0,0.5,0.0,0.0,0.0,57.0610488164005,57.0610488164005,57.0610488164005,57.0610488164005,0.3025063368835429,0.5141271004946518,0.0,0.0,0.0,0.3025063368835429,0.03059399750782177
12.280000000000001,0.0,0.0,0.7976442925954738,0.0,0.0,-0.5328527875974363,0.0,0.0,0.0,0.0,0.0,0.0,0.0,0.0,0.5,0.0,0.0,0.0,0.5,0.0,0.0,0.0,57.0610488164005,57.0610488164005,57.0610488164005,57.0610488164005,0.29764429259547376,0.5328527875974363,0.0,0.0,0.0,0.29764429259547376,0.027386995498090982
12.288,0.0,0.0,0.7926653006618628,0.0,0.0,-0.5507570284182366,0.0,0.0,0.0,0.0,0.0,0.0,0.0,0.0,0.5,0.0,0.0,0.0,0.5,0.0,0.0,0.0,57.0610488164005,57.0610488164005,57.0610488164005,57.0610488164005,0.2926653006618628,0.5507570284182366,0.0,0.0,0.0,0.2926653006618628,0.02390000008745119
12.296,0.0,0.0,0.787576174942312,0.0,0.0,-0.5678337657233729,0.0,0.0,0.0,0.0,0.0,0.0,0.0,0.0,0.5,0.0,0.0,0.0,0.5,0.0,0.0,0.0,57.0610488164005,57.0610488164005,57.0610488164005,57.0610488164005,0.287576174942312,0.5678337657233729,0.0,0.0,0.0,0.287576174942312,0.02444999699946493
12.304,0.0,0.0,0.7823837641337973,0.0,0.0,-0.5840772827915521,0.0,0.0,0.0,0.0,0.0,0.0,0.0,0.0,0.5,0.0,0.0,0.0,0.5,0.0,0.0,0.0,57.0610488164005,57.0610488164005,57.0610488164005,57.0610488164005,0.2823837641337973,0.5840772827915521,0.0,0.0,0.0,0.2823837641337973,0.023373999283649027
12.312,0.0,0.0,0.7770949517254039,0.0,0.0,-0.5994821364430915,0.0,0.0,0.0,0.0,0.0,0.0,0.0,0.0,0.5,0.0,0.0,0.0,0.5,0.0,0.0,0.0,57.0610488164005,57.0610488164005,57.0610488164005,57.0610488164005,0.2770949517254039,0.5994821364430915,0.0,0.0,0.0,0.2770949517254039,0.02291700366185978
12.32,0.0,0.0,0.771716655953121,0.0,0.0,-0.6140431034615301,0.0,0.0,0.0,0.0,0.0,0.0,0.0,0.0,0.5,0.0,0.0,0.0,0.5,0.0,0.0,0.0,57.0610488164005,57.0610488164005,57.0610488164005,57.0610488164005,0.271716655953121,0.6140431034615301,0.0,0.0,0.0,0.271716655953121,0.022966996766626835
12.328,0.0,0.0,0.7662558297546948,0.0,0.0,-0.6277551377298953,0.0,0.0,0.0,0.0,0.0,0.0,0.0,0.0,0.5,0.0,0.0,0.0,0.5,0.0,0.0,0.0,57.0610488164005,57.0610488164005,57.0610488164005,57.0610488164005,0.26625582975469475,0.6277551377298953,0.0,0.0,0.0,0.26625582975469475,0.045974004024174064
12.336,0.0,0.0,0.7607194607245399,0.0,0.0,-0.6406133359377724,0.0,0.0,0.0,0.0,0.0,0.0,0.0,0.0,0.5,0.0,0.0,0.0,0.5,0.0,0.0,0.0,57.0610488164005,57.0610488164005,57.0610488164005,57.0610488164005,0.2607194607245399,0.6406133359377724,0.0,0.0,0.0,0.2607194607245399,0.1400519977323711
12.344,0.0,0.0,0.7551145710687104,0.0,0.0,-0.6526129101459709,0.0,0.0,0.0,0.0,0.0,0.0,0.0,0.0,0.5,0.0,0.0,0.0,0.5,0.0,0.0,0.0,57.0610488164005,57.0610488164005,57.0610488164005,57.0610488164005,0.2551145710687104,0.6526129101459709,0.0,0.0,0.0,0.2551145710687104,0.04952000017510727
12.352,0.0,0.0,0.7494482175599281,0.0,0.0,-0.6637491658363185,0.0,0.0,0.0,0.0,0.0,0.0,0.0,0.0,0.5,0.0,0.0,0.0,0.5,0.0,0.0,0.0,57.0610488164005,57.0610488164005,57.0610488164005,57.0610488164005,0.24944821755992808,0.6637491658363185,0.0,0.0,0.0,0.24944821755992808,0.18243100203108042
12.36,0.0,0.0,0.7437274914926701,0.0,0.0,-0.6740174843505189,0.0,0.0,0.0,0.0,0.0,0.0,0.0,0.0,0.5,0.0,0.0,0.0,0.5,0.0,0.0,0.0,57.0610488164005,57.0610488164005,57.0610488164005,57.0610488164005,0.24372749149267015,0.6740174843505189,0.0,0.0,0.0,0.24372749149267015,0.06484500045189634
12.368,0.0,0.0,0.7379595186383145,0.0,0.0,-0.683413308839289,0.0,0.0,0.0,0.0,0.0,0.0,0.0,0.0,0.5,0.0,0.0,0.0,0.5,0.0,0.0,0.0,57.0610488164005,57.0610488164005,57.0610488164005,57.0610488164005,0.23795951863831455,0.683413308839289,0.0,0.0,0.0,0.23795951863831455,0.048461995902471244
12.376,0.0,0.0,0.7321514592003442,0.0,0.0,-0.6919321330207061,0.0,0.0,0.0,0.0,0.0,0.0,0.0,0.0,0.5,0.0,0.0,0.0,0.5,0.0,0.0,0.0,57.0610488164005,57.0610488164005,57.0610488164005,57.0610488164005,0.2321514592003442,0.6919321330207061,0.0,0.0,0.0,0.2321514592003442,0.05430899909697473
12.384,0.0,0.0,0.7263105077696089,0.0,0.0,-0.6995694921849301,0.0,0.0,0.0,0.0,0.0,0.0,0.0,0.0,0.5,0.0,0.0,0.0,0.5,0.0,0.0,0.0,57.0610488164005,57.0610488164005,57.0610488164005,57.0610488164005,0.22631050776960893,0.6995694921849301,0.0,0.0,0.0,0.22631050776960893,0.030082999728620052
12.392,0.0,0.0,0.720443893279646,0.0,0.0,-0.706320955997034,0.0,0.0,0.0,0.0,0.0,0.0,0.0,0.0,0.5,0.0,0.0,0.0,0.5,0.0,0.0,0.0,57.0610488164005,57.0610488164005,57.0610488164005,57.0610488164005,0.22044389327964597,0.706320955997034,0.0,0.0,0.0,0.22044389327964597,0.025939996703527868
12.4,0.0,0.0,0.7145588789620579,0.0,0.0,-0.7121821227373116,0.0,0.0,0.0,0.0,0.0,0.0,0.0,0.0,0.5,0.0,0.0,0.0,0.5,0.0,0.0,0.0,57.0610488164005,57.0610488164005,57.0610488164005,57.0610488164005,0.21455887896205794,0.7121821227373116,0.0,0.0,0.0,0.21455887896205794,0.02563599991844967
12.408,0.0,0.0,0.7086627623019495,0.0,0.0,-0.7171486146925774,0.0,0.0,0.0,0.0,0.0,0.0,0.0,0.0,0.5,0.0,0.0,0.0,0.5,0.0,0.0,0.0,57.0610488164005,57.0610488164005,57.0610488164005,57.0610488164005,0.20866276230194947,0.7171486146925774,0.0,0.0,0.0,0.20866276230194947,0.023175998649094254
12.416,0.0,0.0,0.7027628749934212,0.0,0.0,-0.7212160744672531,0.0,0.0,0.0,0.0,0.0,0.0,0.0,0.0,0.5,0.0,0.0,0.0,0.5,0.0,0.0,0.0,57.0610488164005,57.0610488164005,57.0610488164005,57.0610488164005,0.20276287499342116,0.7212160744672531,0.0,0.0,0.0,0.20276287499342116,0.07773499964969233
12.424,0.0,0.0,0.6968665828951217,0.0,0.0,-0.724380162031305,0.0,0.0,0.0,0.0,0.0,0.0,0.0,0.0,0.5,0.0,0.0,0.0,0.5,0.0,0.0,0.0,57.0610488164005,57.0610488164005,57.0610488164005,57.0610488164005,0.1968665828951217,0.724380162031305,0.0,0.0,0.0,0.1968665828951217,0.03886800550390035
12.432,0.0,0.0,0.6909812859858577,0.0,0.0,-0.726636552356627,0.0,0.0,0.0,0.0,0.0,0.0,0.0,0.0,0.5,0.0,0.0,0.0,0.5,0.0,0.0,0.0,57.0610488164005,57.0610488164005,57.0610488164005,57.0610488164005,0.19098128598585773,0.726636552356627,0.0,0.0,0.0,0.19098128598585773,0.029825998353771865
12.44,0.0,0.0,0.6851144183202612,0.0,0.0,-0.7279809335252307,0.0,0.0,0.0,0.0,0.0,0.0,0.0,0.0,0.5,0.0,0.0,0.0,0.5,0.0,0.0,0.0,57.0610488164005,57.0610488164005,57.0610488164005,57.0610488164005,0.1851144183202612,0.7279809335252307,0.0,0.0,0.0,0.1851144183202612,0.029315997380763292
12.448,0.0,0.0,0.6792734479845144,0.0,0.0,-0.7284090052138388,0.0,0.0,0.0,0.0,0.0,0.0,0.0,0.0,0.5,0.0,0.0,0.0,0.5,0.0,0.0,0.0,57.0610488164005,57.0610488164005,57.0610488164005,57.0610488164005,0.1792734479845144,0.7284090052138388,0.0,0.0,0.0,0.1792734479845144,0.022430998797062784
12.456,0.0,0.0,0.6734658770521326,0.0,0.0,-0.7279164774806326,0.0,0.0,0.0,0.0,0.0,0.0,0.0,0.0,0.5,0.0,0.0,0.0,0.5,0.0,0.0,0.0,57.0610488164005,57.0610488164005,57.0610488164005,57.0610488164005,0.17346587705213257,0.7279164774806326,0.0,0.0,0.0,0.17346587705213257,0.021536005078814924
12.464,0.0,0.0,0.667699241539804,0.0,0.0,-0.7264990697927047,0.0,0.0,0.0,0.0,0.0,0.0,0.0,0.0,0.5,0.0,0.0,0.0,0.5,0.0,0.0,0.0,57.0610488164005,57.0610488164005,57.0610488164005,57.0610488164005,0.16769924153980398,0.7264990697927047,0.0,0.0,0.0,0.16769924153980398,0.019800005247816443
12.472,0.0,0.0,0.6619811113632873,0.0,0.0,-0.7241525102470965,0.0,0.0,0.0,0.0,0.0,0.0,0.0,0.0,0.5,0.0,0.0,0.0,0.5,0.0,0.0,0.0,57.0610488164005,57.0610488164005,57.0610488164005,57.0610488164005,0.1619811113632873,0.7241525102470965,0.0,0.0,0.0,0.1619811113632873,0.05213000258663669
12.48,0.0,0.0,0.6563190902933663,0.0,0.0,-0.7208725349456857,0.0,0.0,0.0,0.0,0.0,0.0,0.0,0.0,0.5,0.0,0.0,0.0,0.5,0.0,0.0,0.0,57.0610488164005,57.0610488164005,57.0610488164005,57.0610488164005,0.15631909029336633,0.7208725349456857,0.0,0.0,0.0,0.15631909029336633,0.018733000615611672
12.488,0.0,0.0,0.6507208159118619,0.0,0.0,-0.7166548874941739,0.0,0.0,0.0,0.0,0.0,0.0,0.0,0.0,0.5,0.0,0.0,0.0,0.5,0.0,0.0,0.0,57.0610488164005,57.0610488164005,57.0610488164005,57.0610488164005,0.15072081591186193,0.7166548874941739,0.0,0.0,0.0,0.15072081591186193,0.018190003174822778
12.496,0.0,0.0,0.645193959567701,0.0,0.0,-0.7114953185993474,0.0,0.0,0.0,0.0,0.0,0.0,0.0,0.0,0.5,0.0,0.0,0.0,0.5,0.0,0.0,0.0,57.0610488164005,57.0610488164005,57.0610488164005,57.0610488164005,0.14519395956770098,0.7114953185993474,0.0,0.0,0.0,0.14519395956770098,0.01993899786612019
12.504,0.0,0.0,0.639746226333043,0.0,0.0,-0.7053895857459422,0.0,0.0,0.0,0.0,0.0,0.0,0.0,0.0,0.5,0.0,0.0,0.0,0.5,0.0,0.0,0.0,57.0610488164005,57.0610488164005,57.0610488164005,57.0610488164005,0.139746226333043,0.7053895857459422,0.0,0.0,0.0,0.139746226333043,0.02569499338278547
12.512,0.0,0.0,0.6343853549594628,0.0,0.0,-0.6983334529362442,0.0,0.0,0.0,0.0,0.0,0.0,0.0,0.0,0.5,0.0,0.0,0.0,0.5,0.0,0.0,0.0,57.0610488164005,57.0610488164005,57.0610488164005,57.0610488164005,0.1343853549594628,0.6983334529362442,0.0,0.0,0.0,0.1343853549594628,0.024428001779597253
12.52,0.0,0.0,0.6291191178341908,0.0,0.0,-0.6903226904808091,0.0,0.0,0.0,0.0,0.0,0.0,0.0,0.0,0.5,0.0,0.0,0.0,0.5,0.0,0.0,0.0,57.0610488164005,57.0610488164005,57.0610488164005,57.0610488164005,0.12911911783419083,0.6903226904808091,0.0,0.0,0.0,0.12911911783419083,0.03452900273259729
12.528,0.0,0.0,0.6239553209364102,0.0,0.0,-0.6813530748291499,0.0,0.0,0.0,0.0,0.0,0.0,0.0,0.0,0.5,0.0,0.0,0.0,0.5,0.0,0.0,0.0,57.0610488164005,57.0610488164005,57.0610488164005,57.0610488164005,0.12395532093641015,0.6813530748291499,0.0,0.0,0.0,0.12395532093641015,0.04433499998413026
12.536,0.0,0.0,0.6189018037936103,0.0,0.0,-0.6714203884333312,0.0,0.0,0.0,0.0,0.0,0.0,0.0,0.0,0.5,0.0,0.0,0.0,0.5,0.0,0.0,0.0,57.0610488164005,57.0610488164005,57.0610488164005,57.0610488164005,0.11890180379361026,0.6714203884333312,0.0,0.0,0.0,0.11890180379361026,0.03826999454759061
12.544,0.0,0.0,0.6139664394379974,0.0,0.0,-0.6605204196369716,0.0,0.0,0.0,0.0,0.0,0.0,0.0,0.0,0.5,0.0,0.0,0.0,0.5,0.0,0.0,0.0,57.0610488164005,57.0610488164005,57.0610488164005,57.0610488164005,0.11396643943799745,0.6605204196369716,0.0,0.0,0.0,0.11396643943799745,0.028290996851865202
12.552,0.0,0.0,0.6091571343629618,0.0,0.0,-0.6486489625854813,0.0,0.0,0.0,0.0,0.0,0.0,0.0,0.0,0.5,0.0,0.0,0.0,0.5,0.0,0.0,0.0,57.0610488164005,57.0610488164005,57.0610488164005,57.0610488164005,0.10915713436296182,0.6486489625854813,0.0,0.0,0.0,0.10915713436296182,0.1310360021307133
12.56,0.0,0.0,0.6044818284796011,0.0,0.0,-0.6358018171523904,0.0,0.0,0.0,0.0,0.0,0.0,0.0,0.0,0.5,0.0,0.0,0.0,0.5,0.0,0.0,0.0,57.0610488164005,57.0610488164005,57.0610488164005,57.0610488164005,0.10448182847960108,0.6358018171523904,0.0,0.0,0.0,0.10448182847960108,0.08881499525159597
12.568,0.0,0.0,0.5999484950733008,0.0,0.0,-0.6219747888794309,0.0,0.0,0.0,0.0,0.0,0.0,0.0,0.0,0.5,0.0,0.0,0.0,0.5,0.0,0.0,0.0,57.0610488164005,57.0610488164005,57.0610488164005,57.0610488164005,0.09994849507330084,0.6219747888794309,0.0,0.0,0.0,0.09994849507330084,0.047265006287489086
12.576,0.0,0.0,0.5955651407603708,0.0,0.0,-0.6071636889267831,0.0,0.0,0.0,0.0,0.0,0.0,0.0,0.0,0.5,0.0,0.0,0.0,0.5,0.0,0.0,0.0,57.0610488164005,57.0610488164005,57.0610488164005,57.0610488164005,0.09556514076037081,0.6071636889267831,0.0,0.0,0.0,0.09556514076037081,0.07634799840161577
12.584,0.0,0.0,0.591339805444738,0.0,0.0,-0.5913643340322594,0.0,0.0,0.0,0.0,0.0,0.0,0.0,0.0,0.5,0.0,0.0,0.0,0.5,0.0,0.0,0.0,57.0610488164005,57.0610488164005,57.0610488164005,57.0610488164005,0.09133980544473796,0.5913643340322594,0.0,0.0,0.0,0.09133980544473796,0.06818900146754459
12.592,0.0,0.0,0.5872805622746957,0.0,0.0,-0.5745725464768524,0.0,0.0,0.0,0.0,0.0,0.0,0.0,0.0,0.5,0.0,0.0,0.0,0.5,0.0,0.0,0.0,57.0610488164005,57.0610488164005,57.0610488164005,57.0610488164005,0.08728056227469572,0.5745725464768524,0.0,0.0,0.0,0.08728056227469572,0.0704729973222129
12.6,0.0,0.0,0.5833955175997093,0.0,0.0,-0.5567841540561528,0.0,0.0,0.0,0.0,0.0,0.0,0.0,0.0,0.5,0.0,0.0,0.0,0.5,0.0,0.0,0.0,57.0610488164005,57.0610488164005,57.0610488164005,57.0610488164005,0.08339551759970931,0.5567841540561528,0.0,0.0,0.0,0.08339551759970931,0.05244599742582068
12.608,0.0,0.0,0.579692810927277,0.0,0.0,-0.5379949900557202,0.0,0.0,0.0,0.0,0.0,0.0,0.0,0.0,0.5,0.0,0.0,0.0,0.5,0.0,0.0,0.0,57.0610488164005,57.0610488164005,57.0610488164005,57.0610488164005,0.07969281092727698,0.5379949900557202,0.0,0.0,0.0,0.07969281092727698,0.04801999602932483
12.616,0.0,0.0,0.5761806148798481,0.0,0.0,-0.5182008932303087,0.0,0.0,0.0,0.0,0.0,0.0,0.0,0.0,0.5,0.0,0.0,0.0,0.5,0.0,0.0,0.0,57.0610488164005,57.0610488164005,57.0610488164005,57.0610488164005,0.07618061487984806,0.5182008932303087,0.0,0.0,0.0,0.07618061487984806,0.22158199863042682
12.624,0.0,0.0,0.5728671351517961,0.0,0.0,-0.4973977077855367,0.0,0.0,0.0,0.0,0.0,0.0,0.0,0.0,0.5,0.0,0.0,0.0,0.5,0.0,0.0,0.0,57.0610488164005,57.0610488164005,57.0610488164005,57.0610488164005,0.0728671351517961,0.4973977077855367,0.0,0.0,0.0,0.0728671351517961,0.1123649999499321
12.632,0.0,0.0,0.5697606104664484,0.0,0.0,-0.4755812833621296,0.0,0.0,0.0,0.0,0.0,0.0,0.0,0.0,0.5,0.0,0.0,0.0,0.5,0.0,0.0,0.0,57.0610488164005,57.0610488164005,57.0610488164005,57.0610488164005,0.06976061046644844,0.4755812833621296,0.0,0.0,0.0,0.06976061046644844,0.18366099538980052
12.64,0.0,0.0,0.5668693125331714,0.0,0.0,-0.45274747502162127,0.0,0.0,0.0,0.0,0.0,0.0,0.0,0.0,0.5,0.0,0.0,0.0,0.5,0.0,0.0,0.0,57.0610488164005,57.0610488164005,57.0610488164005,57.0610488164005,0.06686931253317141,0.45274747502162127,0.0,0.0,0.0,0.06686931253317141,0.08354400051757693
12.648,0.0,0.0,0.5642015460045113,0.0,0.0,-0.4288921432338063,0.0,0.0,0.0,0.0,0.0,0.0,0.0,0.0,0.5,0.0,0.0,0.0,0.5,0.0,0.0,0.0,57.0610488164005,57.0610488164005,57.0610488164005,57.0610488164005,0.06420154600451133,0.4288921432338063,0.0,0.0,0.0,0.06420154600451133,0.08885699935490265
12.656,0.0,0.0,0.5617656484333915,0.0,0.0,-0.4040111538650342,0.0,0.0,0.0,0.0,0.0,0.0,0.0,0.0,0.5,0.0,0.0,0.0,0.5,0.0,0.0,0.0,57.0610488164005,57.0610488164005,57.0610488164005,57.0610488164005,0.061765648433391496,0.4040111538650342,0.0,0.0,0.0,0.061765648433391496,0.14984700101194903
12.664,0.0,0.0,0.559569990230364,0.0,0.0,-0.3781003781677203,0.0,0.0,0.0,0.0,0.0,0.0,0.0,0.0,0.5,0.0,0.0,0.0,0.5,0.0,0.0,0.0,57.0610488164005,57.0610488164005,57.0610488164005,57.0610488164005,0.05956999023036402,0.3781003781677203,0.0,0.0,0.0,0.05956999023036402,0.06688999565085396
12.672,0.0,0.0,0.5576229746209181,0.0,0.0,-0.3511556927703178,0.0,0.0,0.0,0.0,0.0,0.0,0.0,0.0,0.5,0.0,0.0,0.0,0.5,0.0,0.0,0.0,57.0610488164005,57.0610488164005,57.0610488164005,57.0610488164005,0.057622974620918144,0.3511556927703178,0.0,0.0,0.0,0.057622974620918144,0.08754000009503216
12.68,0.0,0.0,0.5559330376028434,0.0,0.0,-0.32317297966812736,0.0,0.0,0.0,0.0,0.0,0.0,0.0,0.0,0.5,0.0,0.0,0.0,0.5,0.0,0.0,0.0,57.0610488164005,57.0610488164005,57.0610488164005,57.0610488164005,0.055933037602843405,0.32317297966812736,0.0,0.0,0.0,0.055933037602843405,0.14404000103240833
12.688,0.0,0.0,0.5545086479036482,0.0,0.0,-0.2941481262143786,0.0,0.0,0.0,0.0,0.0,0.0,0.0,0.0,0.5,0.0,0.0,0.0,0.5,0.0,0.0,0.0,57.0610488164005,57.0610488164005,57.0610488164005,57.0610488164005,0.05450864790364818,0.2941481262143786,0.0,0.0,0.0,0.05450864790364818,0.05226200300967321
12.696,0.0,0.0,0.5533583069380341,0.0,0.0,-0.26407702511185754,0.0,0.0,0.0,0.0,0.0,0.0,0.0,0.0,0.5,0.0,0.0,0.0,0.5,0.0,0.0,0.0,57.0610488164005,57.0610488164005,57.0610488164005,57.0610488164005,0.05335830693803412,0.26407702511185754,0.0,0.0,0.0,0.05335830693803412,0.03186200046911836
12.704,0.0,0.0,0.5524905487654251,0.0,0.0,-0.2329555744047081,0.0,0.0,0.0,0.0,0.0,0.0,0.0,0.0,0.5,0.0,0.0,0.0,0.5,0.0,0.0,0.0,57.0610488164005,57.0610488164005,57.0610488164005,57.0610488164005,0.05249054876542514,0.2329555744047081,0.0,0.0,0.0,0.05249054876542514,0.05754899757448584
12.712,0.0,0.0,0.5519139400475521,0.0,0.0,-0.2007796774705935,0.0,0.0,0.0,0.0,0.0,0.0,0.0,0.0,0.5,0.0,0.0,0.0,0.5,0.0,0.0,0.0,57.0610488164005,57.0610488164005,57.0610488164005,57.0610488164005,0.05191394004755212,0.2007796774705935,0.0,0.0,0.0,0.05191394004755212,0.07259799895109609
12.72,0.0,0.0,0.5516370800060924,0.0,0.0,-0.16754524301296828,0.0,0.0,0.0,0.0,0.0,0.0,0.0,0.0,0.5,0.0,0.0,0.0,0.44567976667366815,0.0,0.0,0.0,56.076652244624185,56.076652244624185,56.076652244624185,56.076652244624185,0.05163708000609235,0.16754524301296828,0.0,0.0,0.0,0.05163708000609235,0.046031993406359106
12.728,0.0,0.0,0.5516686003803642,0.0,0.0,-0.13324818505357708,0.0,0.0,0.0,0.0,0.0,0.0,0.0,0.0,0.5,0.0,0.0,0.0,0.3339148141163445,0.0,0.0,0.0,54.05123686245499,54.05123686245499,54.05123686245499,54.05123686245499,0.05166860038036425,0.13324818505357708,0.0,0.0,0.0,0.05166860038036425,0.041967003198806196
12.736,0.0,0.0,0.5520171653850772,0.0,0.0,-0.09788442292503965,0.0,0.0,0.0,0.0,0.0,0.0,0.0,0.0,0.5,0.0,0.0,0.0,0.21805311144732908,0.0,0.0,0.0,51.951579774784534,51.951579774784534,51.951579774784534,51.951579774784534,0.05201716538507717,0.09788442292503965,0.0,0.0,0.0,0.05201716538507717,0.03855099930660799
12.744,0.0,0.0,0.5526914716681356,0.0,0.0,-0.06144988126356929,0.0,0.0,0.0,0.0,0.0,0.0,0.0,0.0,0.5,0.0,0.0,0.0,0.0980634472721491,0.0,0.0,0.0,49.777115365674916,49.777115365674916,49.777115365674916,49.777115365674916,0.05269147166813559,0.06144988126356929,0.0,0.0,0.0,0.05269147166813559,0.028033995477017015
12.752,0.0,0.0,0.5536819874056579,0.0,0.0,-0.024397011572800935,0.0,0.0,0.0,0.0,0.0,0.0,0.0,0.0,0.5,0.0,0.0,0.0,-0.024561870622352378,0.0,0.0,0.0,47.5548873825375,47.5548873825375,47.5548873825375,47.5548873825375,0.05368198740565788,0.024397011572800935,0.0,0.0,0.0,0.05368198740565788,0.16334500105585903
12.76,0.0,0.0,0.5549792368491909,0.0,0.0,0.012913626830088922,0.0,0.0,0.0,0.0,0.0,0.0,0.0,0.0,0.5,0.0,0.0,0.0,-0.14862989711603597,0.0,0.0,0.0,45.306514493310026,45.306514493310026,45.306514493310026,45.306514493310026,0.05497923684919093,0.012913626830088922,0.0,0.0,0.0,0.05497923684919093,0.09230100113200024
12.768,0.0,0.0,0.5565738002528507,0.0,0.0,0.050194986555562204,0.0,0.0,0.0,0.0,0.0,0.0,0.0,0.0,0.5,0.0,0.0,0.0,-0.2731872194923448,0.0,0.0,0.0,43.049274536326294,43.049274536326294,43.049274536326294,43.049274536326294,0.05657380025285075,0.050194986555562204,0.0,0.0,0.0,0.05657380025285075,0.03785599983530119
12.776,0.0,0.0,0.5584563138005582,0.0,0.0,0.0872188279371402,0.0,0.0,0.0,0.0,0.0,0.0,0.0,0.0,0.5,0.0,0.0,0.0,-0.3974720669157573,0.0,0.0,0.0,40.796972397041436,40.796972397041436,40.796972397041436,40.796972397041436,0.05845631380055816,0.0872188279371402,0.0,0.0,0.0,0.05845631380055816,0.07795499550411478
12.784,0.0,0.0,0.5606174695333686,0.0,0.0,0.12380395566996595,0.0,0.0,0.0,0.0,0.0,0.0,0.0,0.0,0.5,0.0,0.0,0.0,-0.520875997991493,0.0,0.0,0.0,38.560634309815505,38.560634309815505,38.560634309815505,38.560634309815505,0.06061746953336855,0.12380395566996595,0.0,0.0,0.0,0.06061746953336855,0.03702800313476473
12.792,0.0,0.0,0.5630480152768967,0.0,0.0,0.1598068081241842,0.0,0.0,0.0,0.0,0.0,0.0,0.0,0.0,0.5,0.0,0.0,0.0,-0.6429132507931268,0.0,0.0,0.0,36.349063299705485,36.349063299705485,36.349063299705485,36.349063299705485,0.06304801527689674,0.1598068081241842,0.0,0.0,0.0,0.06304801527689674,0.07224399450933561
12.8,0.0,0.0,0.5657387545688355,0.0,0.0,0.19511392879780856,0.0,0.0,0.0,0.0,0.0,0.0,0.0,0.0,0.5,0.0,0.0,0.0,-0.763196222863364,0.0,0.0,0.0,34.169283536285164,34.169283536285164,34.169283536285164,34.169283536285164,0.06573875456883549,0.19511392879780856,0.0,0.0,0.0,0.06573875456883549,0.04187299782643095
12.808,0.0,0.0,0.5686805465865682,0.0,0.0,0.22963594348157254,0.0,0.0,0.0,0.0,0.0,0.0,0.0,0.0,0.5,0.0,0.0,0.0,-0.881415855194672,0.0,0.0,0.0,32.02689581706336,32.02689581706336,32.02689581706336,32.02689581706336,0.06868054658656819,0.22963594348157254,0.0,0.0,0.0,0.06868054658656819,0.029801005439367145
12.816,0.0,0.0,0.5718643060748764,0.0,0.0,0.26330274199295367,0.0,0.0,0.0,0.0,0.0,0.0,0.0,0.0,0.5,0.0,0.0,0.0,-0.9973259393924817,0.0,0.0,0.0,29.926361954604474,29.926361954604474,29.926361954604474,29.926361954604474,0.07186430607487637,0.26330274199295367,0.0,0.0,0.0,0.07186430607487637,0.04953500319970772
12.824,0.0,0.0,0.5752810032737403,0.0,0.0,0.2960596235659711,0.0,0.0,0.0,0.0,0.0,0.0,0.0,0.0,0.5,0.0,0.0,0.0,-1.0,0.0,0.0,0.0,29.877902367199002,29.877902367199002,29.877902367199002,29.877902367199002,0.07528100327374032,0.2960596235659711,0.0,0.0,0.0,0.07528100327374032,0.04090999573236331
12.832,0.0,0.0,0.5789216638462337,0.0,0.0,0.32786421316510045,0.0,0.0,0.0,0.0,0.0,0.0,0.0,0.0,0.5,0.0,0.0,0.0,-1.0,0.0,0.0,0.0,29.877902367199002,29.877902367199002,29.877902367199002,29.877902367199002,0.07892166384623367,0.32786421316510045,0.0,0.0,0.0,0.07892166384623367,0.038883998058736324
12.84,0.0,0.0,0.5827773688065121,0.0,0.0,0.35868399453905164,0.0,0.0,0.0,0.0,0.0,0.0,0.0,0.0,0.5,0.0,0.0,0.0,-1.0,0.0,0.0,0.0,29.877902367199002,29.877902367199002,29.877902367199002,29.877902367199002,0.0827773688065121,0.35868399453905164,0.0,0.0,0.0,0.0827773688065121,0.02824999683070928
12.848,0.0,0.0,0.5868392544478951,0.0,0.0,0.3884943366658047,0.0,0.0,0.0,0.0,0.0,0.0,0.0,0.0,0.5,0.0,0.0,0.0,-1.0,0.0,0.0,0.0,29.877902367199002,29.877902367199002,29.877902367199002,29.877902367199002,0.08683925444789509,0.3884943366658047,0.0,0.0,0.0,0.08683925444789509,0.02397899515926838
12.856,0.0,0.0,0.5910985122710415,0.0,0.0,0.4172769149113155,0.0,0.0,0.0,0.0,0.0,0.0,0.0,0.0,0.5,0.0,0.0,0.0,-1.0,0.0,0.0,0.0,29.877902367199002,29.877902367199002,29.877902367199002,29.877902367199002,0.09109851227104149,0.4172769149113155,0.0,0.0,0.0,0.09109851227104149,0.022303996956907213
12.864,0.0,0.0,0.5955463889122181,0.0,0.0,0.44501844795845574,0.0,0.0,0.0,0.0,0.0,0.0,0.0,0.0,0.5,0.0,0.0,0.0,-1.0,0.0,0.0,0.0,29.877902367199002,29.877902367199002,29.877902367199002,29.877902367199002,0.09554638891221812,0.44501844795845574,0.0,0.0,0.0,0.09554638891221812,0.03979799657827243
12.872,0.0,0.0,0.600174186071662,0.0,0.0,0.4717096873528733,0.0,0.0,0.0,0.0,0.0,0.0,0.0,0.0,0.5,0.0,0.0,0.0,-1.0,0.0,0.0,0.0,29.877902367199002,29.877902367199002,29.877902367199002,29.877902367199002,0.10017418607166195,0.4717096873528733,0.0,0.0,0.0,0.10017418607166195,0.025228000595234334
12.88,0.0,0.0,0.6049732604420347,0.0,0.0,0.4973446091416039,0.0,0.0,0.0,0.0,0.0,0.0,0.0,0.0,0.5,0.0,0.0,0.0,-1.0,0.0,0.0,0.0,29.877902367199002,29.877902367199002,29.877902367199002,29.877902367199002,0.1049732604420347,0.4973446091416039,0.0,0.0,0.0,0.1049732604420347,0.024020002456381917
12.888,0.0,0.0,0.6099350236369713,0.0,0.0,0.5219197671867112,0.0,0.0,0.0,0.0,0.0,0.0,0.0,0.0,0.5,0.0,0.0,0.0,-1.0,0.0,0.0,0.0,29.877902367199002,29.877902367199002,29.877902367199002,29.877902367199002,0.10993502363697127,0.5219197671867112,0.0,0.0,0.0,0.10993502363697127,0.023986001906450838
12.896,0.0,0.0,0.6150509421197203,0.0,0.0,0.5454337758180812,0.0,0.0,0.0,0.0,0.0,0.0,0.0,0.0,0.5,0.0,0.0,0.0,-1.0,0.0,0.0,0.0,29.877902367199002,29.877902367199002,29.877902367199002,29.877902367199002,0.11505094211972033,0.5454337758180812,0.0,0.0,0.0,0.11505094211972033,0.03231900336686522
12.904,0.0,0.0,0.6203125371318778,0.0,0.0,0.5678868959584171,0.0,0.0,0.0,0.0,0.0,0.0,0.0,0.0,0.5,0.0,0.0,0.0,-1.0,0.0,0.0,0.0,29.877902367199002,29.877902367199002,29.877902367199002,29.877902367199002,0.12031253713187784,0.5678868959584171,0.0,0.0,0.0,0.12031253713187784,0.025697998353280127
12.912,0.0,0.0,0.6257113846222133,0.0,0.0,0.5892807040251056,0.0,0.0,0.0,0.0,0.0,0.0,0.0,0.0,0.5,0.0,0.0,0.0,-1.0,0.0,0.0,0.0,29.877902367199002,29.877902367199002,29.877902367199002,29.877902367199002,0.12571138462221332,0.5892807040251056,0.0,0.0,0.0,0.12571138462221332,0.02708000101847574
12.92,0.0,0.0,0.6312391151755882,0.0,0.0,0.609617827054471,0.0,0.0,0.0,0.0,0.0,0.0,0.0,0.0,0.5,0.0,0.0,0.0,-1.0,0.0,0.0,0.0,29.877902367199002,29.877902367199002,29.877902367199002,29.877902367199002,0.13123911517558817,0.609617827054471,0.0,0.0,0.0,0.13123911517558817,0.03060800372622907
12.928,0.0,0.0,0.6368874139419669,0.0,0.0,0.6289017308030294,0.0,0.0,0.0,0.0,0.0,0.0,0.0,0.0,0.5,0.0,0.0,0.0,-1.0,0.0,0.0,0.0,29.877902367199002,29.877902367199002,29.877902367199002,29.877902367199002,0.1368874139419669,0.6289017308030294,0.0,0.0,0.0,0.1368874139419669,0.028361006116028875
12.936,0.0,0.0,0.6426480205655204,0.0,0.0,0.6471365502312766,0.0,0.0,0.0,0.0,0.0,0.0,0.0,0.0,0.5,0.0,0.0,0.0,-1.0,0.0,0.0,0.0,29.877902367199002,29.877902367199002,29.877902367199002,29.877902367199002,0.1426480205655204,0.6471365502312766,0.0,0.0,0.0,0.1426480205655204,0.04291899676900357
12.944,0.0,0.0,0.6485127291138211,0.0,0.0,0.6643269538925218,0.0,0.0,0.0,0.0,0.0,0.0,0.0,0.0,0.5,0.0,0.0,0.0,-1.0,0.0,0.0,0.0,29.877902367199002,29.877902367199002,29.877902367199002,29.877902367199002,0.14851272911382107,0.6643269538925218,0.0,0.0,0.0,0.14851272911382107,0.02867299917852506
12.952,0.0,0.0,0.6544733880071301,0.0,0.0,0.6804780354467587,0.0,0.0,0.0,0.0,0.0,0.0,0.0,0.0,0.5,0.0,0.0,0.0,-1.0,0.0,0.0,0.0,29.877902367199002,29.877902367199002,29.877902367199002,29.877902367199002,0.15447338800713006,0.6804780354467587,0.0,0.0,0.0,0.15447338800713006,0.05989500641589984
12.96,0.0,0.0,0.6605218999477767,0.0,0.0,0.6955952268735549,0.0,0.0,0.0,0.0,0.0,0.0,0.0,0.0,0.5,0.0,0.0,0.0,-1.0,0.0,0.0,0.0,29.877902367199002,29.877902367199002,29.877902367199002,29.877902367199002,0.16052189994777666,0.6955952268735549,0.0,0.0,0.0,0.16052189994777666,0.14586799807148054
12.968,0.0,0.0,0.6666502218496291,0.0,0.0,0.7096842290451713,0.0,0.0,0.0,0.0,0.0,0.0,0.0,0.0,0.5,0.0,0.0,0.0,-1.0,0.0,0.0,0.0,29.877902367199002,29.877902367199002,29.877902367199002,29.877902367199002,0.16665022184962908,0.7096842290451713,0.0,0.0,0.0,0.16665022184962908,0.14030600141268224
12.976,0.0,0.0,0.6728503647676574,0.0,0.0,0.7227509561868268,0.0,0.0,0.0,0.0,0.0,0.0,0.0,0.0,0.5,0.0,0.0,0.0,-1.0,0.0,0.0,0.0,29.877902367199002,29.877902367199002,29.877902367199002,29.877902367199002,0.17285036476765736,0.7227509561868268,0.0,0.0,0.0,0.17285036476765736,0.12150600377935916
12.984,0.0,0.0,0.6791143938275871,0.0,0.0,0.7348014914477221,0.0,0.0,0.0,0.0,0.0,0.0,0.0,0.0,0.5,0.0,0.0,0.0,-1.0,0.0,0.0,0.0,29.877902367199002,29.877902367199002,29.877902367199002,29.877902367199002,0.1791143938275871,0.7348014914477221,0.0,0.0,0.0,0.1791143938275871,0.12439700367394835
12.992,0.0,0.0,0.685434428155645,0.0,0.0,0.7458420513596087,0.0,0.0,0.0,0.0,0.0,0.0,0.0,0.0,0.5,0.0,0.0,0.0,-1.0,0.0,0.0,0.0,29.877902367199002,29.877902367199002,29.877902367199002,29.877902367199002,0.18543442815564504,0.7458420513596087,0.0,0.0,0.0,0.18543442815564504,0.07378400187008083
13.0,0.0,0.0,0.6918026408083962,0.0,0.0,0.7558789574064824,0.0,0.0,0.0,0.0,0.0,0.0,0.0,0.0,0.5,0.0,0.0,0.0,-1.0,0.0,0.0,0.0,29.877902367199002,29.877902367199002,29.877902367199002,29.877902367199002,0.19180264080839615,0.7558789574064824,0.0,0.0,0.0,0.19180264080839615,0.0600200000917539
13.008000000000001,0.0,0.0,0.6982112587026712,0.0,0.0,0.7649186132820442,0.0,0.0,0.0,0.0,0.0,0.0,0.0,0.0,0.5,0.0,0.0,0.0,-1.0,0.0,0.0,0.0,29.877902367199002,29.877902367199002,29.877902367199002,29.877902367199002,0.1982112587026712,0.7649186132820442,0.0,0.0,0.0,0.1982112587026712,0.1205000007757917
13.016,0.0,0.0,0.704652562545586,0.0,0.0,0.7729674866985219,0.0,0.0,0.0,0.0,0.0,0.0,0.0,0.0,0.5,0.0,0.0,0.0,-1.0,0.0,0.0,0.0,29.877902367199002,29.877902367199002,29.877902367199002,29.877902367199002,0.20465256254558595,0.7729674866985219,0.0,0.0,0.0,0.20465256254558595,0.13929199485573918
13.024000000000001,0.0,0.0,0.7111188867646512,0.0,0.0,0.7800320948354303,0.0,0.0,0.0,0.0,0.0,0.0,0.0,0.0,0.5,0.0,0.0,0.0,-1.0,0.0,0.0,0.0,29.877902367199002,29.877902367199002,29.877902367199002,29.877902367199002,0.21111888676465118,0.7800320948354303,0.0,0.0,0.0,0.21111888676465118,0.09023099846672267
13.032,0.0,0.0,0.7176026194379732,0.0,0.0,0.7861189927014129,0.0,0.0,0.0,0.0,0.0,0.0,0.0,0.0,0.5,0.0,0.0,0.0,-1.0,0.0,0.0,0.0,29.877902367199002,29.877902367199002,29.877902367199002,29.877902367199002,0.2176026194379732,0.7861189927014129,0.0,0.0,0.0,0.2176026194379732,0.11122899741167203
13.040000000000001,0.0,0.0,0.7240962022245454,0.0,0.0,0.7912347638254171,0.0,0.0,0.0,0.0,0.0,0.0,0.0,0.0,0.5,0.0,0.0,0.0,-1.0,0.0,0.0,0.0,29.877902367199002,29.877902367199002,29.877902367199002,29.877902367199002,0.2240962022245454,0.7912347638254171,0.0,0.0,0.0,0.2240962022245454,0.07036499300738797
13.048,0.0,0.0,0.7305921302946303,0.0,0.0,0.7953860128124747,0.0,0.0,0.0,0.0,0.0,0.0,0.0,0.0,0.5,0.0,0.0,0.0,-1.0,0.0,0.0,0.0,29.877902367199002,29.877902367199002,29.877902367199002,29.877902367199002,0.23059213029463033,0.7953860128124747,0.0,0.0,0.0,0.23059213029463033,0.10475599992787465
13.056000000000001,0.0,0.0,0.7370829522602319,0.0,0.0,0.798579359390001,0.0,0.0,0.0,0.0,0.0,0.0,0.0,0.0,0.5,0.0,0.0,0.0,-1.0,0.0,0.0,0.0,29.877902367199002,29.877902367199002,29.877902367199002,29.877902367199002,0.2370829522602319,0.798579359390001,0.0,0.0,0.0,0.2370829522602319,0.04435600567376241
13.064,0.0,0.0,0.7435612701056583,0.0,0.0,0.8008214336476789,0.0,0.0,0.0,0.0,0.0,0.0,0.0,0.0,0.5,0.0,0.0,0.0,-1.0,0.0,0.0,0.0,29.877902367199002,29.877902367199002,29.877902367199002,29.877902367199002,0.2435612701056583,0.8008214336476789,0.0,0.0,0.0,0.2435612701056583,0.0732729968149215
13.072000000000001,0.0,0.0,0.7500197391181752,0.0,0.0,0.8021188722310475,0.0,0.0,0.0,0.0,0.0,0.0,0.0,0.0,0.5,0.0,0.0,0.0,-1.0,0.0,0.0,0.0,29.877902367199002,29.877902367199002,29.877902367199002,29.877902367199002,0.2500197391181752,0.8021188722310475,0.0,0.0,0.0,0.2500197391181752,0.04956199700245634
13.08,0.0,0.0,0.7564510678187487,0.0,0.0,0.8024783152991932,0.0,0.0,0.0,0.0,0.0,0.0,0.0,0.0,0.5,0.0,0.0,0.0,-1.0,0.0,0.0,0.0,29.877902367199002,29.877902367199002,29.877902367199002,29.877902367199002,0.2564510678187487,0.8024783152991932,0.0,0.0,0.0,0.2564510678187487,0.051397997594904155
13.088000000000001,0.0,0.0,0.7628480178928784,0.0,0.0,0.8019064040925782,0.0,0.0,0.0,0.0,0.0,0.0,0.0,0.0,0.5,0.0,0.0,0.0,-1.0,0.0,0.0,0.0,29.877902367199002,29.877902367199002,29.877902367199002,29.877902367199002,0.26284801789287837,0.8019064040925782,0.0,0.0,0.0,0.26284801789287837,0.0468199941678904
13.096,0.0,0.0,0.7692034041215202,0.0,0.0,0.8004097789901263,0.0,0.0,0.0,0.0,0.0,0.0,0.0,0.0,0.5,0.0,0.0,0.0,-1.0,0.0,0.0,0.0,29.877902367199002,29.877902367199002,29.877902367199002,29.877902367199002,0.2692034041215202,0.8004097789901263,0.0,0.0,0.0,0.2692034041215202,0.04129300214117393
13.104000000000001,0.0,0.0,0.7755100943120996,0.0,0.0,0.7979950779565682,0.0,0.0,0.0,0.0,0.0,0.0,0.0,0.0,0.5,0.0,0.0,0.0,-1.0,0.0,0.0,0.0,29.877902367199002,29.877902367199002,29.877902367199002,29.877902367199002,0.2755100943120996,0.7979950779565682,0.0,0.0,0.0,0.2755100943120996,0.03937199653591961
13.112,0.0,0.0,0.7817610092296134,0.0,0.0,0.7946689353031178,0.0,0.0,0.0,0.0,0.0,0.0,0.0,0.0,0.5,0.0,0.0,0.0,-1.0,0.0,0.0,0.0,29.877902367199002,29.877902367199002,29.877902367199002,29.877902367199002,0.28176100922961345,0.7946689353031178,0.0,0.0,0.0,0.28176100922961345,0.08818900096230209
13.120000000000001,0.0,0.0,0.7879491225278221,0.0,0.0,0.7904379806976938,0.0,0.0,0.0,0.0,0.0,0.0,0.0,0.0,0.5,0.0,0.0,0.0,-1.0,0.0,0.0,0.0,29.877902367199002,29.877902367199002,29.877902367199002,29.877902367199002,0.2879491225278221,0.7904379806976938,0.0,0.0,0.0,0.2879491225278221,0.04445100057637319
13.128,0.0,0.0,0.7940674606805307,0.0,0.0,0.7853088383758862,0.0,0.0,0.0,0.0,0.0,0.0,0.0,0.0,0.5,0.0,0.0,0.0,-1.0,0.0,0.0,0.0,29.877902367199002,29.877902367199002,29.877902367199002,29.877902367199002,0.2940674606805307,0.7853088383758862,0.0,0.0,0.0,0.2940674606805307,0.025713998184073716
13.136000000000001,0.0,0.0,0.8001091029129597,0.0,0.0,0.7792881265114165,0.0,0.0,0.0,0.0,0.0,0.0,0.0,0.0,0.5,0.0,0.0,0.0,-1.0,0.0,0.0,0.0,29.877902367199002,29.877902367199002,29.877902367199002,29.877902367199002,0.30010910291295967,0.7792881265114165,0.0,0.0,0.0,0.30010910291295967,0.020676998246926814
13.144,0.0,0.0,0.8060671811332045,0.0,0.0,0.7723824567152711,0.0,0.0,0.0,0.0,0.0,0.0,0.0,0.0,0.5,0.0,0.0,0.0,-1.0,0.0,0.0,0.0,29.877902367199002,29.877902367199002,29.877902367199002,29.877902367199002,0.3060671811332045,0.7723824567152711,0.0,0.0,0.0,0.3060671811332045,0.024980996386148036
13.152000000000001,0.0,0.0,0.8119348798637845,0.0,0.0,0.7645984336367009,0.0,0.0,0.0,0.0,0.0,0.0,0.0,0.0,0.5,0.0,0.0,0.0,-1.0,0.0,0.0,0.0,29.877902367199002,29.877902367199002,29.877902367199002,29.877902367199002,0.31193487986378454,0.7645984336367009,0.0,0.0,0.0,0.31193487986378454,0.041544000850990415
13.16,0.0,0.0,0.8177054361732806,0.0,0.0,0.7559426546467786,0.0,0.0,0.0,0.0,0.0,0.0,0.0,0.0,0.5,0.0,0.0,0.0,-1.0,0.0,0.0,0.0,29.877902367199002,29.877902367199002,29.877902367199002,29.877902367199002,0.3177054361732806,0.7559426546467786,0.0,0.0,0.0,0.3177054361732806,0.03630900027928874
13.168000000000001,0.0,0.0,0.8233721396080619,0.0,0.0,0.7464217095869385,0.0,0.0,0.0,0.0,0.0,0.0,0.0,0.0,0.5,0.0,0.0,0.0,-1.0,0.0,0.0,0.0,29.877902367199002,29.877902367199002,29.877902367199002,29.877902367199002,0.3233721396080619,0.7464217095869385,0.0,0.0,0.0,0.3233721396080619,0.026805995730683208
13.176,0.0,0.0,0.8289283321241007,0.0,0.0,0.7360421805705357,0.0,0.0,0.0,0.0,0.0,0.0,0.0,0.0,0.5,0.0,0.0,0.0,-1.0,0.0,0.0,0.0,29.877902367199002,29.877902367199002,29.877902367199002,29.877902367199002,0.32892833212410066,0.7360421805705357,0.0,0.0,0.0,0.32892833212410066,0.0417199989897199
13.184000000000001,0.0,0.0,0.8343674080188767,0.0,0.0,0.7248106418258131,0.0,0.0,0.0,0.0,0.0,0.0,0.0,0.0,0.5,0.0,0.0,0.0,-1.0,0.0,0.0,0.0,29.877902367199002,29.877902367199002,29.877902367199002,29.877902367199002,0.33436740801887666,0.7248106418258131,0.0,0.0,0.0,0.33436740801887666,0.15984199853846803
13.192,0.0,0.0,0.8396828138633692,0.0,0.0,0.7127336595729783,0.0,0.0,0.0,0.0,0.0,0.0,0.0,0.0,0.5,0.0,0.0,0.0,-1.0,0.0,0.0,0.0,29.877902367199002,29.877902367199002,29.877902367199002,29.877902367199002,0.3396828138633692,0.7127336595729783,0.0,0.0,0.0,0.3396828138633692,0.16466299712192267
13.200000000000001,0.0,0.0,0.8448680484341378,0.0,0.0,0.6998177919275828,0.0,0.0,0.0,0.0,0.0,0.0,0.0,0.0,0.5,0.0,0.0,0.0,-1.0,0.0,0.0,0.0,29.877902367199002,29.877902367199002,29.877902367199002,29.877902367199002,0.34486804843413776,0.6998177919275828,0.0,0.0,0.0,0.34486804843413776,0.1312099993810989
13.208,0.0,0.0,0.8499166626454911,0.0,0.0,0.6860695888259147,0.0,0.0,0.0,0.0,0.0,0.0,0.0,0.0,0.5,0.0,0.0,0.0,-1.0,0.0,0.0,0.0,29.877902367199002,29.877902367199002,29.877902367199002,29.877902367199002,0.34991666264549115,0.6860695888259147,0.0,0.0,0.0,0.34991666264549115,0.06122200284153223
13.216000000000001,0.0,0.0,0.8548222594817444,0.0,0.0,0.6714955919670493,0.0,0.0,0.0,0.0,0.0,0.0,0.0,0.0,0.5,0.0,0.0,0.0,-1.0,0.0,0.0,0.0,29.877902367199002,29.877902367199002,29.877902367199002,29.877902367199002,0.3548222594817444,0.6714955919670493,0.0,0.0,0.0,0.3548222594817444,0.10316300176782534
13.224,0.0,0.0,0.859578493929564,0.0,0.0,0.6561023347691423,0.0,0.0,0.0,0.0,0.0,0.0,0.0,0.0,0.5,0.0,0.0,0.0,-1.0,0.0,0.0,0.0,29.877902367199002,29.877902367199002,29.877902367199002,29.877902367199002,0.359578493929564,0.6561023347691423,0.0,0.0,0.0,0.359578493929564,0.03823800216196105
13.232000000000001,0.0,0.0,0.8641790729104009,0.0,0.0,0.639896342336223,0.0,0.0,0.0,0.0,0.0,0.0,0.0,0.0,0.5,0.0,0.0,0.0,-1.0,0.0,0.0,0.0,29.877902367199002,29.877902367199002,29.877902367199002,29.877902367199002,0.36417907291040086,0.639896342336223,0.0,0.0,0.0,0.36417907291040086,0.0281510001514107
13.24,0.0,0.0,0.868617755213011,0.0,0.0,0.6228841314342438,0.0,0.0,0.0,0.0,0.0,0.0,0.0,0.0,0.5,0.0,0.0,0.0,-1.0,0.0,0.0,0.0,29.877902367199002,29.877902367199002,29.877902367199002,29.877902367199002,0.368617755213011,0.6228841314342438,0.0,0.0,0.0,0.368617755213011,0.03964200004702434
13.248000000000001,0.0,0.0,0.8728883514260641,0.0,0.0,0.6050722104737118,0.0,0.0,0.0,0.0,0.0,0.0,0.0,0.0,0.5,0.0,0.0,0.0,-1.0,0.0,0.0,0.0,29.877902367199002,29.877902367199002,29.877902367199002,29.877902367199002,0.37288835142606414,0.6050722104737118,0.0,0.0,0.0,0.37288835142606414,0.05020800017518923
13.256,0.0,0.0,0.8769847238708397,0.0,0.0,0.58646707949837,0.0,0.0,0.0,0.0,0.0,0.0,0.0,0.0,0.5,0.0,0.0,0.0,-1.0,0.0,0.0,0.0,29.877902367199002,29.877902367199002,29.877902367199002,29.877902367199002,0.3769847238708397,0.58646707949837,0.0,0.0,0.0,0.3769847238708397,0.04267699841875583
13.264000000000001,0.0,0.0,0.8809007865340103,0.0,0.0,0.5670752301779494,0.0,0.0,0.0,0.0,0.0,0.0,0.0,0.0,0.5,0.0,0.0,0.0,-1.0,0.0,0.0,0.0,29.877902367199002,29.877902367199002,29.877902367199002,29.877902367199002,0.38090078653401027,0.5670752301779494,0.0,0.0,0.0,0.38090078653401027,0.036932004150003195
13.272,0.0,0.0,0.8846305050005124,0.0,0.0,0.5469031458049238,0.0,0.0,0.0,0.0,0.0,0.0,0.0,0.0,0.5,0.0,0.0,0.0,-1.0,0.0,0.0,0.0,29.877902367199002,29.877902367199002,29.877902367199002,29.877902367199002,0.38463050500051243,0.5469031458049238,0.0,0.0,0.0,0.38463050500051243,0.02872299955924973
13.280000000000001,0.0,0.0,0.8881678963865048,0.0,0.0,0.5259573012937393,0.0,0.0,0.0,0.0,0.0,0.0,0.0,0.0,0.5,0.0,0.0,0.0,-1.0,0.0,0.0,0.0,29.877902367199002,29.877902367199002,29.877902367199002,29.877902367199002,0.38816789638650484,0.5259573012937393,0.0,0.0,0.0,0.38816789638650484,0.04274700040696189
13.288,0.0,0.0,0.8915070292724132,0.0,0.0,0.5042441631827099,0.0,0.0,0.0,0.0,0.0,0.0,0.0,0.0,0.5,0.0,0.0,0.0,-1.0,0.0,0.0,0.0,29.877902367199002,29.877902367199002,29.877902367199002,29.877902367199002,0.3915070292724132,0.5042441631827099,0.0,0.0,0.0,0.3915070292724132,0.042079998820554465
13.296000000000001,0.0,0.0,0.8946420236360625,0.0,0.0,0.48177018963739116,0.0,0.0,0.0,0.0,0.0,0.0,0.0,0.0,0.5,0.0,0.0,0.0,-1.0,0.0,0.0,0.0,29.877902367199002,29.877902367199002,29.877902367199002,29.877902367199002,0.3946420236360625,0.48177018963739116,0.0,0.0,0.0,0.3946420236360625,0.03869600186590105
13.304,0.0,0.0,0.8975670507858962,0.0,0.0,0.45854183045576274,0.0,0.0,0.0,0.0,0.0,0.0,0.0,0.0,0.5,0.0,0.0,0.0,-1.0,0.0,0.0,0.0,29.877902367199002,29.877902367199002,29.877902367199002,29.877902367199002,0.39756705078589616,0.45854183045576274,0.0,0.0,0.0,0.39756705078589616,0.02915000368375331
13.312000000000001,0.0,0.0,0.9002763332942816,0.0,0.0,0.43456552707423823,0.0,0.0,0.0,0.0,0.0,0.0,0.0,0.0,0.5,0.0,0.0,0.0,-1.0,0.0,0.0,0.0,29.877902367199002,29.877902367199002,29.877902367199002,29.877902367199002,0.4002763332942816,0.43456552707423823,0.0,0.0,0.0,0.4002763332942816,0.023653999960515648
13.32,0.0,0.0,0.9027641449309028,0.0,0.0,0.409847712574929,0.0,0.0,0.0,0.0,0.0,0.0,0.0,0.0,0.5,0.0,0.0,0.0,-1.0,0.0,0.0,0.0,29.877902367199002,29.877902367199002,29.877902367199002,29.877902367199002,0.40276414493090285,0.409847712574929,0.0,0.0,0.0,0.40276414493090285,0.0341260019922629
13.328,0.0,0.0,0.9050248105962395,0.0,0.0,0.3843948116933662,0.0,0.0,0.0,0.0,0.0,0.0,0.0,0.0,0.5,0.0,0.0,0.0,-1.0,0.0,0.0,0.0,29.877902367199002,29.877902367199002,29.877902367199002,29.877902367199002,0.4050248105962395,0.3843948116933662,0.0,0.0,0.0,0.4050248105962395,0.02747699909377843
13.336,0.0,0.0,0.9070527062551321,0.0,0.0,0.35821324082700257,0.0,0.0,0.0,0.0,0.0,0.0,0.0,0.0,0.5,0.0,0.0,0.0,-1.0,0.0,0.0,0.0,29.877902367199002,29.877902367199002,29.877902367199002,29.877902367199002,0.4070527062551321,0.35821324082700257,0.0,0.0,0.0,0.4070527062551321,0.030315997719299048
13.344,0.0,0.0,0.9088422588704339,0.0,0.0,0.33130940804415154,0.0,0.0,0.0,0.0,0.0,0.0,0.0,0.0,0.5,0.0,0.0,0.0,-1.0,0.0,0.0,0.0,29.877902367199002,29.877902367199002,29.877902367199002,29.877902367199002,0.4088422588704339,0.33130940804415154,0.0,0.0,0.0,0.4088422588704339,0.046623004891444
13.352,0.0,0.0,0.9103879463367487,0.0,0.0,0.3036897130931865,0.0,0.0,0.0,0.0,0.0,0.0,0.0,0.0,0.5,0.0,0.0,0.0,-1.0,0.0,0.0,0.0,29.877902367199002,29.877902367199002,29.877902367199002,29.877902367199002,0.4103879463367487,0.3036897130931865,0.0,0.0,0.0,0.4103879463367487,0.07198999810498208
13.36,0.0,0.0,0.9116842974142549,0.0,0.0,0.27536054741220906,0.0,0.0,0.0,0.0,0.0,0.0,0.0,0.0,0.5,0.0,0.0,0.0,-1.0,0.0,0.0,0.0,29.877902367199002,29.877902367199002,29.877902367199002,29.877902367199002,0.41168429741425494,0.27536054741220906,0.0,0.0,0.0,0.41168429741425494,0.049715003115125
13.368,0.0,0.0,0.912725891662616,0.0,0.0,0.24632829413879018,0.0,0.0,0.0,0.0,0.0,0.0,0.0,0.0,0.5,0.0,0.0,0.0,-1.0,0.0,0.0,0.0,29.877902367199002,29.877902367199002,29.877902367199002,29.877902367199002,0.412725891662616,0.24632829413879018,0.0,0.0,0.0,0.412725891662616,0.044615000660996884
13.376,0.0,0.0,0.9135073593749756,0.0,0.0,0.21659932812002558,0.0,0.0,0.0,0.0,0.0,0.0,0.0,0.0,0.5,0.0,0.0,0.0,-1.0,0.0,0.0,0.0,29.877902367199002,29.877902367199002,29.877902367199002,29.877902367199002,0.4135073593749756,0.21659932812002558,0.0,0.0,0.0,0.4135073593749756,0.042893996578641236
13.384,0.0,0.0,0.9140233815120401,0.0,0.0,0.18618001592263092,0.0,0.0,0.0,0.0,0.0,0.0,0.0,0.0,0.5,0.0,0.0,0.0,-1.0,0.0,0.0,0.0,29.877902367199002,29.877902367199002,29.877902367199002,29.877902367199002,0.4140233815120401,0.18618001592263092,0.0,0.0,0.0,0.4140233815120401,0.09544700151309371
13.392,0.0,0.0,0.914268689636245,0.0,0.0,0.1550767158432271,0.0,0.0,0.0,0.0,0.0,0.0,0.0,0.0,0.5,0.0,0.0,0.0,-1.0,0.0,0.0,0.0,29.877902367199002,29.877902367199002,29.877902367199002,29.877902367199002,0.41426868963624497,0.1550767158432271,0.0,0.0,0.0,0.41426868963624497,0.10244699660688639
13.4,0.0,0.0,0.9142380658460083,0.0,0.0,0.12329577791866524,0.0,0.0,0.0,0.0,0.0,0.0,0.0,0.0,0.5,0.0,0.0,0.0,-1.0,0.0,0.0,0.0,29.877902367199002,29.877902367199002,29.877902367199002,29.877902367199002,0.4142380658460083,0.12329577791866524,0.0,0.0,0.0,0.4142380658460083,0.14517499948851764
13.408,0.0,0.0,0.9139263427100688,0.0,0.0,0.09084354393644326,0.0,0.0,0.0,0.0,0.0,0.0,0.0,0.0,0.5,0.0,0.0,0.0,-1.0,0.0,0.0,0.0,29.877902367199002,29.877902367199002,29.877902367199002,29.877902367199002,0.4139263427100688,0.09084354393644326,0.0,0.0,0.0,0.4139263427100688,0.06641299842158332
13.416,0.0,0.0,0.9133284032019093,0.0,0.0,0.057726347445170016,0.0,0.0,0.0,0.0,0.0,0.0,0.0,0.0,0.5,0.0,0.0,0.0,-0.9992408781345479,0.0,0.0,0.0,29.891659247759918,29.891659247759918,29.891659247759918,29.891659247759918,0.41332840320190933,0.057726347445170016,0.0,0.0,0.0,0.41332840320190933,0.0874780016602017
13.424,0.0,0.0,0.9124422730314676,0.0,0.0,0.024027823695091044,0.0,0.0,0.0,0.0,0.0,0.0,0.0,0.0,0.5,0.0,0.0,0.0,-0.8877459935937821,0.0,0.0,0.0,31.91218043096555,31.91218043096555,31.91218043096555,31.91218043096555,0.41244227303146763,0.024027823695091044,0.0,0.0,0.0,0.41244227303146763,0.07183200068539008
13.432,0.0,0.0,0.9112737901026094,0.0,0.0,-0.009989814265378476,0.0,0.0,0.0,0.0,0.0,0.0,0.0,0.0,0.5,0.0,0.0,0.0,-0.7746561600423222,0.0,0.0,0.0,33.961605435862324,33.961605435862324,33.961605435862324,33.961605435862324,0.41127379010260945,0.009989814265378476,0.0,0.0,0.0,0.41127379010260945,0.07339299918385223
13.44,0.0,0.0,0.9098288284246401,0.0,0.0,-0.04411589336154101,0.0,0.0,0.0,0.0,0.0,0.0,0.0,0.0,0.5,0.0,0.0,0.0,-0.6606694652169582,0.0,0.0,0.0,36.02728344832786,36.02728344832786,36.02728344832786,36.02728344832786,0.4098288284246401,0.04411589336154101,0.0,0.0,0.0,0.4098288284246401,0.19376500131329522
