sim_time,px,py,pz,vx,vy,vz,phi,theta,psi,p,q,r,ref_px,ref_py,ref_pz,ref_vx,ref_vy,ref_vz,u_thrust,u_roll,u_pitch,u_yaw,m1,m2,m3,m4,pos_error,vel_error,att_error,err_x,err_y,err_z,solve_time_ms
1.8800000000000001,0.0,0.0,0.35973323008288277,0.0,0.0,1.6021142049265193,0.0,0.0,0.0,0.0,0.0,0.0,0.0,0.0,0.5,0.0,0.0,0.0,-0.2,0.0,0.0,0.0,11.77536231884058,11.77536231884058,11.77536231884058,11.77536231884058,0.14026676991711723,1.6021142049265193,0.0,0.0,0.0,-0.14026676991711723,3.929042002710048
1.8880000000000001,0.0,0.0,0.37378729991335824,0.0,0.0,1.633043109703102,0.0,0.0,0.0,0.0,0.0,0.0,0.0,0.0,0.5,0.0,0.0,0.0,-0.2,0.0,0.0,0.0,11.77536231884058,11.77536231884058,11.77536231884058,11.77536231884058,0.12621270008664176,1.633043109703102,0.0,0.0,0.0,-0.12621270008664176,4.038701998069882
1.8960000000000001,0.0,0.0,0.3880444998564423,0.0,0.0,1.6628644863395827,0.0,0.0,0.0,0.0,0.0,0.0,0.0,0.0,0.5,0.0,0.0,0.0,-0.2,0.0,0.0,0.0,11.77536231884058,11.77536231884058,11.77536231884058,11.77536231884058,0.1119555001435577,1.6628644863395827,0.0,0.0,0.0,-0.1119555001435577,3.9792469979147427
1.9040000000000001,0.0,0.0,0.4024959734860601,0.0,0.0,1.6915784298121108,0.0,0.0,0.0,0.0,0.0,0.0,0.0,0.0,0.5,0.0,0.0,0.0,-0.2,0.0,0.0,0.0,11.77536231884058,11.77536231884058,11.77536231884058,11.77536231884058,0.09750402651393991,1.6915784298121108,0.0,0.0,0.0,-0.09750402651393991,3.8077350036473945
1.9120000000000001,0.0,0.0,0.4171329195740164,0.0,0.0,1.7191863960485958,0.0,0.0,0.0,0.0,0.0,0.0,0.0,0.0,0.5,0.0,0.0,0.0,-0.2,0.0,0.0,0.0,11.77536231884058,11.77536231884058,11.77536231884058,11.77536231884058,0.08286708042598362,1.7191863960485958,0.0,0.0,0.0,-0.08286708042598362,3.8742020042263903
1.92,0.0,0.0,0.4319465920182765,0.0,0.0,1.74569092794539,0.0,0.0,0.0,0.0,0.0,0.0,0.0,0.0,0.5,0.0,0.0,0.0,-0.2,0.0,0.0,0.0,11.77536231884058,11.77536231884058,11.77536231884058,11.77536231884058,0.06805340798172349,1.74569092794539,0.0,0.0,0.0,-0.06805340798172349,4.946018001646735
1.928,0.0,0.0,0.44692829977134063,0.0,0.0,1.771095436182915,0.0,0.0,0.0,0.0,0.0,0.0,0.0,0.0,0.5,0.0,0.0,0.0,-0.2,0.0,0.0,0.0,11.77536231884058,11.77536231884058,11.77536231884058,11.77536231884058,0.05307170022865937,1.771095436182915,0.0,0.0,0.0,-0.05307170022865937,3.8889659990672953
1.936,0.0,0.0,0.46206940676871094,0.0,0.0,1.7954040238805895,0.0,0.0,0.0,0.0,0.0,0.0,0.0,0.0,0.5,0.0,0.0,0.0,-0.2,0.0,0.0,0.0,11.77536231884058,11.77536231884058,11.77536231884058,11.77536231884058,0.037930593231289056,1.7954040238805895,0.0,0.0,0.0,-0.037930593231289056,3.7697809966630302
1.944,0.0,0.0,0.47736133185745205,0.0,0.0,1.818621346322999,0.0,0.0,0.0,0.0,0.0,0.0,0.0,0.0,0.5,0.0,0.0,0.0,-0.2,0.0,0.0,0.0,11.77536231884058,11.77536231884058,11.77536231884058,11.77536231884058,0.022638668142547946,1.818621346322999,0.0,0.0,0.0,-0.022638668142547946,3.7190350049058907
1.952,0.0,0.0,0.4927955487248438,0.0,0.0,1.8407524987431931,0.0,0.0,0.0,0.0,0.0,0.0,0.0,0.0,0.5,0.0,0.0,0.0,-0.2,0.0,0.0,0.0,11.77536231884058,11.77536231884058,11.77536231884058,11.77536231884058,0.007204451275156176,1.8407524987431931,0.0,0.0,0.0,-0.007204451275156176,3.9687329990556464
1.96,0.0,0.0,0.5083635858271273,0.0,0.0,1.8618029265516403,0.0,0.0,0.0,0.0,0.0,0.0,0.0,0.0,0.5,0.0,0.0,0.0,-0.2,0.0,0.0,0.0,11.77536231884058,11.77536231884058,11.77536231884058,11.77536231884058,0.008363585827127262,1.8618029265516403,0.0,0.0,0.0,0.008363585827127262,3.8976549985818565
1.968,0.0,0.0,0.5240570263183428,0.0,0.0,1.8817783535217012,0.0,0.0,0.0,0.0,0.0,0.0,0.0,0.0,0.5,0.0,0.0,0.0,-0.2,0.0,0.0,0.0,11.77536231884058,11.77536231884058,11.77536231884058,11.77536231884058,0.024057026318342833,1.8817783535217012,0.0,0.0,0.0,0.024057026318342833,3.763141001400072
1.976,0.0,0.0,0.5398675079792612,0.0,0.0,1.9006847243403198,0.0,0.0,0.0,0.0,0.0,0.0,0.0,0.0,0.5,0.0,0.0,0.0,-0.2,0.0,0.0,0.0,11.77536231884058,11.77536231884058,11.77536231884058,11.77536231884058,0.039867507979261196,1.9006847243403198,0.0,0.0,0.0,0.039867507979261196,3.800206999585498
1.984,0.0,0.0,0.5557867231464064,0.0,0.0,1.9185281586508864,0.0,0.0,0.0,0.0,0.0,0.0,0.0,0.0,0.5,0.0,0.0,0.0,-0.2,0.0,0.0,0.0,11.77536231884058,11.77536231884058,11.77536231884058,11.77536231884058,0.055786723146406425,1.9185281586508864,0.0,0.0,0.0,0.055786723146406425,3.6426840015337802
1.992,0.0,0.0,0.5718064186411711,0.0,0.0,1.9353149142898256,0.0,0.0,0.0,0.0,0.0,0.0,0.0,0.0,0.5,0.0,0.0,0.0,-0.2,0.0,0.0,0.0,11.77536231884058,11.77536231884058,11.77536231884058,11.77536231884058,0.0718064186411711,1.9353149142898256,0.0,0.0,0.0,0.0718064186411711,3.7502690029214136
2.0,0.0,0.0,0.5879183956990242,0.0,0.0,1.9510513578781865,0.0,0.0,0.0,0.0,0.0,0.0,0.0,0.0,0.5,0.0,0.0,0.0,-0.2,0.0,0.0,0.0,11.77536231884058,11.77536231884058,11.77536231884058,11.77536231884058,0.08791839569902415,1.9510513578781865,0.0,0.0,0.0,0.08791839569902415,3.7318359973141924
2.008,0.0,0.0,0.60411450989881,0.0,0.0,1.9657439412971949,0.0,0.0,0.0,0.0,0.0,0.0,0.0,0.0,0.5,0.0,0.0,0.0,-0.2,0.0,0.0,0.0,11.77536231884058,11.77536231884058,11.77536231884058,11.77536231884058,0.10411450989880999,1.9657439412971949,0.0,0.0,0.0,0.10411450989880999,3.8090310044935904
2.016,0.0,0.0,0.6203866710921399,0.0,0.0,1.979399182871002,0.0,0.0,0.0,0.0,0.0,0.0,0.0,0.0,0.5,0.0,0.0,0.0,-0.2,0.0,0.0,0.0,11.77536231884058,11.77536231884058,11.77536231884058,11.77536231884058,0.12038667109213985,1.979399182871002,0.0,0.0,0.0,0.12038667109213985,3.7645089978468604
2.024,0.0,0.0,0.636726843332875,0.0,0.0,1.99202365231518,0.0,0.0,0.0,0.0,0.0,0.0,0.0,0.0,0.5,0.0,0.0,0.0,-0.2,0.0,0.0,0.0,11.77536231884058,11.77536231884058,11.77536231884058,11.77536231884058,0.136726843332875,1.99202365231518,0.0,0.0,0.0,0.136726843332875,3.803986001003068
2.032,0.0,0.0,0.6531270448067011,0.0,0.0,2.0036239586977977,0.0,0.0,0.0,0.0,0.0,0.0,0.0,0.0,0.5,0.0,0.0,0.0,-0.2,0.0,0.0,0.0,11.77536231884058,11.77536231884058,11.77536231884058,11.77536231884058,0.15312704480670114,2.0036239586977977,0.0,0.0,0.0,0.15312704480670114,15.047257002152037
2.04,0.0,0.0,0.6695793477607949,0.0,0.0,2.014206740810581,0.0,0.0,0.0,0.0,0.0,0.0,0.0,0.0,0.5,0.0,0.0,0.0,-0.2,0.0,0.0,0.0,11.77536231884058,11.77536231884058,11.77536231884058,11.77536231884058,0.16957934776079486,2.014206740810581,0.0,0.0,0.0,0.16957934776079486,15.200080997601617
2.048,0.0,0.0,0.6860758784335809,0.0,0.0,2.023778659468115,0.0,0.0,0.0,0.0,0.0,0.0,0.0,0.0,0.5,0.0,0.0,0.0,-0.2,0.0,0.0,0.0,11.77536231884058,11.77536231884058,11.77536231884058,11.77536231884058,0.18607587843358087,2.023778659468115,0.0,0.0,0.0,0.18607587843358087,15.103631005331408
2.056,0.0,0.0,0.702608816984581,0.0,0.0,2.032346391349495,0.0,0.0,0.0,0.0,0.0,0.0,0.0,0.0,0.5,0.0,0.0,0.0,-0.2,0.0,0.0,0.0,11.77536231884058,11.77536231884058,11.77536231884058,11.77536231884058,0.202608816984581,2.032346391349495,0.0,0.0,0.0,0.202608816984581,15.17207999859238
2.064,0.0,0.0,0.7191703974243542,0.0,0.0,2.0399166240739253,0.0,0.0,0.0,0.0,0.0,0.0,0.0,0.0,0.5,0.0,0.0,0.0,-0.2,0.0,0.0,0.0,11.77536231884058,11.77536231884058,11.77536231884058,11.77536231884058,0.21917039742435418,2.0399166240739253,0.0,0.0,0.0,0.21917039742435418,15.144172000873368
2.072,0.0,0.0,0.7357529075445273,0.0,0.0,2.046496052263467,0.0,0.0,0.0,0.0,0.0,0.0,0.0,0.0,0.5,0.0,0.0,0.0,-0.2,0.0,0.0,0.0,11.77536231884058,11.77536231884058,11.77536231884058,11.77536231884058,0.23575290754452727,2.046496052263467,0.0,0.0,0.0,0.23575290754452727,14.713052005390637
2.08,0.0,0.0,0.7523486888479173,0.0,0.0,2.052091374395524,0.0,0.0,0.0,0.0,0.0,0.0,0.0,0.0,0.5,0.0,0.0,0.0,-0.2,0.0,0.0,0.0,11.77536231884058,11.77536231884058,11.77536231884058,11.77536231884058,0.2523486888479173,2.052091374395524,0.0,0.0,0.0,0.2523486888479173,14.920989000529516
2.088,0.0,0.0,0.7689501364787438,0.0,0.0,2.056709290287081,0.0,0.0,0.0,0.0,0.0,0.0,0.0,0.0,0.5,0.0,0.0,0.0,-0.2,0.0,0.0,0.0,11.77536231884058,11.77536231884058,11.77536231884058,11.77536231884058,0.2689501364787438,2.056709290287081,0.0,0.0,0.0,0.2689501364787438,14.9493889985024
2.096,0.0,0.0,0.7855496991529323,0.0,0.0,2.060356499084377,0.0,0.0,0.0,0.0,0.0,0.0,0.0,0.0,0.5,0.0,0.0,0.0,-0.2,0.0,0.0,0.0,11.77536231884058,11.77536231884058,11.77536231884058,11.77536231884058,0.28554969915293227,2.060356499084377,0.0,0.0,0.0,0.28554969915293227,14.798330004850868
2.104,0.0,0.0,0.8021398790885083,0.0,0.0,2.063039697656901,0.0,0.0,0.0,0.0,0.0,0.0,0.0,0.0,0.5,0.0,0.0,0.0,-0.2,0.0,0.0,0.0,11.77536231884058,11.77536231884058,11.77536231884058,11.77536231884058,0.30213987908850826,2.063039697656901,0.0,0.0,0.0,0.30213987908850826,14.91060799889965
2.112,0.0,0.0,0.8187132319360815,0.0,0.0,2.0647655793148507,0.0,0.0,0.0,0.0,0.0,0.0,0.0,0.0,0.5,0.0,0.0,0.0,-0.2,0.0,0.0,0.0,11.77536231884058,11.77536231884058,11.77536231884058,11.77536231884058,0.3187132319360815,2.0647655793148507,0.0,0.0,0.0,0.3187132319360815,15.345609004725702
2.12,0.0,0.0,0.8352623667094208,0.0,0.0,2.065540832785363,0.0,0.0,0.0,0.0,0.0,0.0,0.0,0.0,0.5,0.0,0.0,0.0,-0.2,0.0,0.0,0.0,11.77536231884058,11.77536231884058,11.77536231884058,11.77536231884058,0.3352623667094208,2.065540832785363,0.0,0.0,0.0,0.3352623667094208,14.99403399793664
2.128,0.0,0.0,0.8517799457161189,0.0,0.0,2.065372141395744,0.0,0.0,0.0,0.0,0.0,0.0,0.0,0.0,0.5,0.0,0.0,0.0,-0.2,0.0,0.0,0.0,11.77536231884058,11.77536231884058,11.77536231884058,11.77536231884058,0.3517799457161189,2.065372141395744,0.0,0.0,0.0,0.3517799457161189,15.070624001964461
2.136,0.0,0.0,0.8682586844883475,0.0,0.0,2.06426618242231,0.0,0.0,0.0,0.0,0.0,0.0,0.0,0.0,0.5,0.0,0.0,0.0,-0.2,0.0,0.0,0.0,11.77536231884058,11.77536231884058,11.77536231884058,11.77536231884058,0.36825868448834753,2.06426618242231,0.0,0.0,0.0,0.36825868448834753,15.189245001238305
2.144,0.0,0.0,0.884691351713702,0.0,0.0,2.062229626571708,0.0,0.0,0.0,0.0,0.0,0.0,0.0,0.0,0.5,0.0,0.0,0.0,-0.2,0.0,0.0,0.0,11.77536231884058,11.77536231884058,11.77536231884058,11.77536231884058,0.38469135171370195,2.062229626571708,0.0,0.0,0.0,0.38469135171370195,15.070859997649677
2.152,0.0,0.0,0.9010707691661363,0.0,0.0,2.0592691375682244,0.0,0.0,0.0,0.0,0.0,0.0,0.0,0.0,0.5,0.0,0.0,0.0,-0.2,0.0,0.0,0.0,11.77536231884058,11.77536231884058,11.77536231884058,11.77536231884058,0.40107076916613627,2.0592691375682244,0.0,0.0,0.0,0.40107076916613627,15.162659998168238
2.16,0.0,0.0,0.9173898116369876,0.0,0.0,2.0553913718258636,0.0,0.0,0.0,0.0,0.0,0.0,0.0,0.0,0.5,0.0,0.0,0.0,-0.2,0.0,0.0,0.0,11.77536231884058,11.77536231884058,11.77536231884058,11.77536231884058,0.41738981163698763,2.0553913718258636,0.0,0.0,0.0,0.41738981163698763,15.200177003862336
2.168,0.0,0.0,0.9336414068660908,0.0,0.0,2.050602978188269,0.0,0.0,0.0,0.0,0.0,0.0,0.0,0.0,0.5,0.0,0.0,0.0,-0.2,0.0,0.0,0.0,11.77536231884058,11.77536231884058,11.77536231884058,11.77536231884058,0.43364140686609076,2.050602978188269,0.0,0.0,0.0,0.43364140686609076,15.09083799464861
2.176,0.0,0.0,0.9498185354729812,0.0,0.0,2.0449105977228768,0.0,0.0,0.0,0.0,0.0,0.0,0.0,0.0,0.5,0.0,0.0,0.0,-0.2,0.0,0.0,0.0,11.77536231884058,11.77536231884058,11.77536231884058,11.77536231884058,0.44981853547298123,2.0449105977228768,0.0,0.0,0.0,0.44981853547298123,15.188905999821145
2.184,0.0,0.0,0.9659142308881886,0.0,0.0,2.0383208635584857,0.0,0.0,0.0,0.0,0.0,0.0,0.0,0.0,0.5,0.0,0.0,0.0,-0.2,0.0,0.0,0.0,11.77536231884058,11.77536231884058,11.77536231884058,11.77536231884058,0.4659142308881886,2.0383208635584857,0.0,0.0,0.0,0.4659142308881886,15.228764001221862
2.192,0.0,0.0,0.9819215792846191,0.0,0.0,2.0308404007575502,0.0,0.0,0.0,0.0,0.0,0.0,0.0,0.0,0.5,0.0,0.0,0.0,-0.2,0.0,0.0,0.0,11.77536231884058,11.77536231884058,11.77536231884058,11.77536231884058,0.4819215792846191,2.0308404007575502,0.0,0.0,0.0,0.4819215792846191,15.270209994923789
2.2,0.0,0.0,0.9978337195090266,0.0,0.0,2.022475826216226,0.0,0.0,0.0,0.0,0.0,0.0,0.0,0.0,0.5,0.0,0.0,0.0,-0.2,0.0,0.0,0.0,11.77536231884058,11.77536231884058,11.77536231884058,11.77536231884058,0.49783371950902655,2.022475826216226,0.0,0.0,0.0,0.49783371950902655,15.291668998543173
2.208,0.0,0.0,1.0136438430135732,0.0,0.0,2.013233748586648,0.0,0.0,0.0,0.0,0.0,0.0,0.0,0.0,0.5,0.0,0.0,0.0,-0.2,0.0,0.0,0.0,11.77536231884058,11.77536231884058,11.77536231884058,11.77536231884058,0.5136438430135732,2.013233748586648,0.0,0.0,0.0,0.5136438430135732,14.773173999856226
2.216,0.0,0.0,1.0293451937874796,0.0,0.0,2.0031207682169763,0.0,0.0,0.0,0.0,0.0,0.0,0.0,0.0,0.5,0.0,0.0,0.0,-0.2,0.0,0.0,0.0,11.77536231884058,11.77536231884058,11.77536231884058,11.77536231884058,0.5293451937874796,2.0031207682169763,0.0,0.0,0.0,0.5293451937874796,14.944429000024684
2.224,0.0,0.0,1.0449310682887616,0.0,0.0,1.992143477105631,0.0,0.0,0.0,0.0,0.0,0.0,0.0,0.0,0.5,0.0,0.0,0.0,-0.2,0.0,0.0,0.0,11.77536231884058,11.77536231884058,11.77536231884058,11.77536231884058,0.5449310682887616,1.992143477105631,0.0,0.0,0.0,0.5449310682887616,15.256758997566067
2.232,0.0,0.0,1.0603948153760587,0.0,0.0,1.9803084588669333,0.0,0.0,0.0,0.0,0.0,0.0,0.0,0.0,0.5,0.0,0.0,0.0,-0.2,0.0,0.0,0.0,11.77536231884058,11.77536231884058,11.77536231884058,11.77536231884058,0.5603948153760587,1.9803084588669333,0.0,0.0,0.0,0.5603948153760587,14.825313002802432
2.24,0.0,0.0,1.075729836240549,0.0,0.0,1.9676222887058024,0.0,0.0,0.0,0.0,0.0,0.0,0.0,0.0,0.5,0.0,0.0,0.0,-0.2,0.0,0.0,0.0,11.77536231884058,11.77536231884058,11.77536231884058,11.77536231884058,0.575729836240549,1.9676222887058024,0.0,0.0,0.0,0.575729836240549,14.874325999699067
2.248,0.0,0.0,1.0909295843379527,0.0,0.0,1.954091533399736,0.0,0.0,0.0,0.0,0.0,0.0,0.0,0.0,0.5,0.0,0.0,0.0,-0.2,0.0,0.0,0.0,11.77536231884058,11.77536231884058,11.77536231884058,11.77536231884058,0.5909295843379527,1.954091533399736,0.0,0.0,0.0,0.5909295843379527,14.95230000000447
2.2560000000000002,0.0,0.0,1.1059875653206253,0.0,0.0,1.9397227512866015,0.0,0.0,0.0,0.0,0.0,0.0,0.0,0.0,0.5,0.0,0.0,0.0,-0.2,0.0,0.0,0.0,11.77536231884058,11.77536231884058,11.77536231884058,11.77536231884058,0.6059875653206253,1.9397227512866015,0.0,0.0,0.0,0.6059875653206253,14.898471999913454
2.2640000000000002,0.0,0.0,1.1208973369697375,0.0,0.0,1.9245224922570867,0.0,0.0,0.0,0.0,0.0,0.0,0.0,0.0,0.5,0.0,0.0,0.0,-0.2,0.0,0.0,0.0,11.77536231884058,11.77536231884058,11.77536231884058,11.77536231884058,0.6208973369697375,1.9245224922570867,0.0,0.0,0.0,0.6208973369697375,15.728379003121518
2.2720000000000002,0.0,0.0,1.1356525091275442,0.0,0.0,1.908497297750838,0.0,0.0,0.0,0.0,0.0,0.0,0.0,0.0,0.5,0.0,0.0,0.0,-0.2,0.0,0.0,0.0,11.77536231884058,11.77536231884058,11.77536231884058,11.77536231884058,0.6356525091275442,1.908497297750838,0.0,0.0,0.0,0.6356525091275442,15.318729005230125
2.2800000000000002,0.0,0.0,1.1502467436297414,0.0,0.0,1.8916537007556007,0.0,0.0,0.0,0.0,0.0,0.0,0.0,0.0,0.5,0.0,0.0,0.0,-0.2,0.0,0.0,0.0,11.77536231884058,11.77536231884058,11.77536231884058,11.77536231884058,0.6502467436297414,1.8916537007556007,0.0,0.0,0.0,0.6502467436297414,15.266239999618847
2.2880000000000003,0.0,0.0,1.1646737542379102,0.0,0.0,1.8739982258086993,0.0,0.0,0.0,0.0,0.0,0.0,0.0,0.0,0.5,0.0,0.0,0.0,-0.2,0.0,0.0,0.0,11.77536231884058,11.77536231884058,11.77536231884058,11.77536231884058,0.6646737542379102,1.8739982258086993,0.0,0.0,0.0,0.6646737542379102,14.769019006052986
2.2960000000000003,0.0,0.0,1.1789273065720494,0.0,0.0,1.8555373890004385,0.0,0.0,0.0,0.0,0.0,0.0,0.0,0.0,0.5,0.0,0.0,0.0,-0.2,0.0,0.0,0.0,11.77536231884058,11.77536231884058,11.77536231884058,11.77536231884058,0.6789273065720494,1.8555373890004385,0.0,0.0,0.0,0.6789273065720494,14.921598994988017
2.3040000000000003,0.0,0.0,1.193001218043196,0.0,0.0,1.8362776979790147,0.0,0.0,0.0,0.0,0.0,0.0,0.0,0.0,0.5,0.0,0.0,0.0,-0.2,0.0,0.0,0.0,11.77536231884058,11.77536231884058,11.77536231884058,11.77536231884058,0.6930012180431959,1.8362776979790147,0.0,0.0,0.0,0.6930012180431959,14.740860999154393
2.312,0.0,0.0,1.2068893577861317,0.0,0.0,1.8162256519566258,0.0,0.0,0.0,0.0,0.0,0.0,0.0,0.0,0.5,0.0,0.0,0.0,-0.2,0.0,0.0,0.0,11.77536231884058,11.77536231884058,11.77536231884058,11.77536231884058,0.7068893577861317,1.8162256519566258,0.0,0.0,0.0,0.7068893577861317,12.500330994953401
2.32,0.0,0.0,1.2205856465921794,0.0,0.0,1.7953877417164923,0.0,0.0,0.0,0.0,0.0,0.0,0.0,0.0,0.5,0.0,0.0,0.0,-0.2,0.0,0.0,0.0,11.77536231884058,11.77536231884058,11.77536231884058,11.77536231884058,0.7205856465921794,1.7953877417164923,0.0,0.0,0.0,0.7205856465921794,2.5451440014876425
2.328,0.0,0.0,1.2340840568420839,0.0,0.0,1.7737704496208062,0.0,0.0,0.0,0.0,0.0,0.0,0.0,0.0,0.5,0.0,0.0,0.0,-0.2,0.0,0.0,0.0,11.77536231884058,11.77536231884058,11.77536231884058,11.77536231884058,0.7340840568420839,1.7737704496208062,0.0,0.0,0.0,0.7340840568420839,2.59445900155697
2.336,0.0,0.0,1.2473786124389825,0.0,0.0,1.7513802496191104,0.0,0.0,0.0,0.0,0.0,0.0,0.0,0.0,0.5,0.0,0.0,0.0,-0.2,0.0,0.0,0.0,11.77536231884058,11.77536231884058,11.77536231884058,11.77536231884058,0.7473786124389825,1.7513802496191104,0.0,0.0,0.0,0.7473786124389825,2.534494997235015
2.344,0.0,0.0,1.2604633887414611,0.0,0.0,1.7282236072572537,0.0,0.0,0.0,0.0,0.0,0.0,0.0,0.0,0.5,0.0,0.0,0.0,-0.2,0.0,0.0,0.0,11.77536231884058,11.77536231884058,11.77536231884058,11.77536231884058,0.7604633887414611,1.7282236072572537,0.0,0.0,0.0,0.7604633887414611,2.258505999634508
2.352,0.0,0.0,1.2733325124966985,0.0,0.0,1.704306979686738,0.0,0.0,0.0,0.0,0.0,0.0,0.0,0.0,0.5,0.0,0.0,0.0,-0.2,0.0,0.0,0.0,11.77536231884058,11.77536231884058,11.77536231884058,11.77536231884058,0.7733325124966985,1.704306979686738,0.0,0.0,0.0,0.7733325124966985,2.085927997541148
2.36,0.0,0.0,1.285980161773696,0.0,0.0,1.6796368156743242,0.0,0.0,0.0,0.0,0.0,0.0,0.0,0.0,0.5,0.0,0.0,0.0,-0.2,0.0,0.0,0.0,11.77536231884058,11.77536231884058,11.77536231884058,11.77536231884058,0.7859801617736959,1.6796368156743242,0.0,0.0,0.0,0.7859801617736959,1.7138389957835898
2.368,0.0,0.0,1.2984005658965945,0.0,0.0,1.6542195556119237,0.0,0.0,0.0,0.0,0.0,0.0,0.0,0.0,0.5,0.0,0.0,0.0,-0.2,0.0,0.0,0.0,11.77536231884058,11.77536231884058,11.77536231884058,11.77536231884058,0.7984005658965945,1.6542195556119237,0.0,0.0,0.0,0.7984005658965945,1.0573999970802106
2.376,0.0,0.0,1.3105880053780796,0.0,0.0,1.6280616315266676,0.0,0.0,0.0,0.0,0.0,0.0,0.0,0.0,0.5,0.0,0.0,0.0,-0.2,0.0,0.0,0.0,11.77536231884058,11.77536231884058,11.77536231884058,11.77536231884058,0.8105880053780796,1.6280616315266676,0.0,0.0,0.0,0.8105880053780796,0.9186020033666864
2.384,0.0,0.0,1.3225368118528709,0.0,0.0,1.601169467091115,0.0,0.0,0.0,0.0,0.0,0.0,0.0,0.0,0.5,0.0,0.0,0.0,-0.2,0.0,0.0,0.0,11.77536231884058,11.77536231884058,11.77536231884058,11.77536231884058,0.8225368118528709,1.601169467091115,0.0,0.0,0.0,0.8225368118528709,1.8149250026908703
2.392,0.0,0.0,1.334241368011299,0.0,0.0,1.5735494776335952,0.0,0.0,0.0,0.0,0.0,0.0,0.0,0.0,0.5,0.0,0.0,0.0,-0.2,0.0,0.0,0.0,11.77536231884058,11.77536231884058,11.77536231884058,11.77536231884058,0.834241368011299,1.5735494776335952,0.0,0.0,0.0,0.834241368011299,2.1008949988754466
2.4,0.0,0.0,1.345696107532969,0.0,0.0,1.5452080701486255,0.0,0.0,0.0,0.0,0.0,0.0,0.0,0.0,0.5,0.0,0.0,0.0,-0.2,0.0,0.0,0.0,11.77536231884058,11.77536231884058,11.77536231884058,11.77536231884058,0.845696107532969,1.5452080701486255,0.0,0.0,0.0,0.845696107532969,2.403100996161811
2.408,0.0,0.0,1.3568955150205093,0.0,0.0,1.5161516433074087,0.0,0.0,0.0,0.0,0.0,0.0,0.0,0.0,0.5,0.0,0.0,0.0,-0.2,0.0,0.0,0.0,11.77536231884058,11.77536231884058,11.77536231884058,11.77536231884058,0.8568955150205093,1.5161516433074087,0.0,0.0,0.0,0.8568955150205093,2.371582006162498
2.416,0.0,0.0,1.3678341259334075,0.0,0.0,1.4863865874683808,0.0,0.0,0.0,0.0,0.0,0.0,0.0,0.0,0.5,0.0,0.0,0.0,-0.2,0.0,0.0,0.0,11.77536231884058,11.77536231884058,11.77536231884058,11.77536231884058,0.8678341259334075,1.4863865874683808,0.0,0.0,0.0,0.8678341259334075,2.5336640028399415
2.424,0.0,0.0,1.378506526521931,0.0,0.0,1.4559192846877915,0.0,0.0,0.0,0.0,0.0,0.0,0.0,0.0,0.5,0.0,0.0,0.0,-0.2,0.0,0.0,0.0,11.77536231884058,11.77536231884058,11.77536231884058,11.77536231884058,0.878506526521931,1.4559192846877915,0.0,0.0,0.0,0.878506526521931,2.6347639941377565
2.432,0.0,0.0,1.3889073537611347,0.0,0.0,1.4247561087303273,0.0,0.0,0.0,0.0,0.0,0.0,0.0,0.0,0.5,0.0,0.0,0.0,-0.2,0.0,0.0,0.0,11.77536231884058,11.77536231884058,11.77536231884058,11.77536231884058,0.8889073537611347,1.4247561087303273,0.0,0.0,0.0,0.8889073537611347,2.829796001606155
2.44,0.0,0.0,1.3990312952849544,0.0,0.0,1.3929034250797536,0.0,0.0,0.0,0.0,0.0,0.0,0.0,0.0,0.5,0.0,0.0,0.0,-0.2,0.0,0.0,0.0,11.77536231884058,11.77536231884058,11.77536231884058,11.77536231884058,0.8990312952849544,1.3929034250797536,0.0,0.0,0.0,0.8990312952849544,2.9162709979573265
2.448,0.0,0.0,1.4088730893203845,0.0,0.0,1.3603675909495543,0.0,0.0,0.0,0.0,0.0,0.0,0.0,0.0,0.5,0.0,0.0,0.0,-0.2,0.0,0.0,0.0,11.77536231884058,11.77536231884058,11.77536231884058,11.77536231884058,0.9088730893203845,1.3603675909495543,0.0,0.0,0.0,0.9088730893203845,2.963465994980652
2.456,0.0,0.0,1.4184275246217424,0.0,0.0,1.327154955293591,0.0,0.0,0.0,0.0,0.0,0.0,0.0,0.0,0.5,0.0,0.0,0.0,-0.2,0.0,0.0,0.0,11.77536231884058,11.77536231884058,11.77536231884058,11.77536231884058,0.9184275246217424,1.327154955293591,0.0,0.0,0.0,0.9184275246217424,3.045236997422762
2.464,0.0,0.0,1.4276894404050184,0.0,0.0,1.2932718588167742,0.0,0.0,0.0,0.0,0.0,0.0,0.0,0.0,0.5,0.0,0.0,0.0,-0.2,0.0,0.0,0.0,11.77536231884058,11.77536231884058,11.77536231884058,11.77536231884058,0.9276894404050184,1.2932718588167742,0.0,0.0,0.0,0.9276894404050184,3.1123920052777976
2.472,0.0,0.0,1.43665372628231,0.0,0.0,1.258724633985709,0.0,0.0,0.0,0.0,0.0,0.0,0.0,0.0,0.5,0.0,0.0,0.0,-0.2,0.0,0.0,0.0,11.77536231884058,11.77536231884058,11.77536231884058,11.77536231884058,0.93665372628231,1.258724633985709,0.0,0.0,0.0,0.93665372628231,3.0155900021782145
2.48,0.0,0.0,1.4453153221963422,0.0,0.0,1.2235196050393709,0.0,0.0,0.0,0.0,0.0,0.0,0.0,0.0,0.5,0.0,0.0,0.0,-0.2,0.0,0.0,0.0,11.77536231884058,11.77536231884058,11.77536231884058,11.77536231884058,0.9453153221963422,1.2235196050393709,0.0,0.0,0.0,0.9453153221963422,3.43653500021901
2.488,0.0,0.0,1.4536692183550726,0.0,0.0,1.1876630879997563,0.0,0.0,0.0,0.0,0.0,0.0,0.0,0.0,0.5,0.0,0.0,0.0,-0.2,0.0,0.0,0.0,11.77536231884058,11.77536231884058,11.77536231884058,11.77536231884058,0.9536692183550726,1.1876630879997563,0.0,0.0,0.0,0.9536692183550726,3.262032005295623
2.496,0.0,0.0,1.461710455166381,0.0,0.0,1.151161390682518,0.0,0.0,0.0,0.0,0.0,0.0,0.0,0.0,0.5,0.0,0.0,0.0,-0.2,0.0,0.0,0.0,11.77536231884058,11.77536231884058,11.77536231884058,11.77536231884058,0.9617104551663811,1.151161390682518,0.0,0.0,0.0,0.9617104551663811,3.087946999585256
2.504,0.0,0.0,1.4694341231728454,0.0,0.0,1.1140208127076214,0.0,0.0,0.0,0.0,0.0,0.0,0.0,0.0,0.5,0.0,0.0,0.0,-0.2,0.0,0.0,0.0,11.77536231884058,11.77536231884058,11.77536231884058,11.77536231884058,0.9694341231728454,1.1140208127076214,0.0,0.0,0.0,0.9694341231728454,3.2029859939939342
2.512,0.0,0.0,1.4768353629866,0.0,0.0,1.0762476455099625,0.0,0.0,0.0,0.0,0.0,0.0,0.0,0.0,0.5,0.0,0.0,0.0,-0.2,0.0,0.0,0.0,11.77536231884058,11.77536231884058,11.77536231884058,11.77536231884058,0.9768353629866,1.0762476455099625,0.0,0.0,0.0,0.9768353629866,3.279769000073429
2.52,0.0,0.0,1.483909365224281,0.0,0.0,1.0378481723499937,0.0,0.0,0.0,0.0,0.0,0.0,0.0,0.0,0.5,0.0,0.0,0.0,-0.2,0.0,0.0,0.0,11.77536231884058,11.77536231884058,11.77536231884058,11.77536231884058,0.983909365224281,1.0378481723499937,0.0,0.0,0.0,0.983909365224281,3.2348120003007352
2.528,0.0,0.0,1.4906513704420548,0.0,0.0,0.9988286683243398,0.0,0.0,0.0,0.0,0.0,0.0,0.0,0.0,0.5,0.0,0.0,0.0,-0.2,0.0,0.0,0.0,11.77536231884058,11.77536231884058,11.77536231884058,11.77536231884058,0.9906513704420548,0.9988286683243398,0.0,0.0,0.0,0.9906513704420548,3.4471440012566745
2.536,0.0,0.0,1.497056669070731,0.0,0.0,0.9591954003763774,0.0,0.0,0.0,0.0,0.0,0.0,0.0,0.0,0.5,0.0,0.0,0.0,-0.2,0.0,0.0,0.0,11.77536231884058,11.77536231884058,11.77536231884058,11.77536231884058,0.997056669070731,0.9591954003763774,0.0,0.0,0.0,0.997056669070731,3.2088379957713187
2.544,0.0,0.0,1.5031206013509606,0.0,0.0,0.9189546273068422,0.0,0.0,0.0,0.0,0.0,0.0,0.0,0.0,0.5,0.0,0.0,0.0,-0.2,0.0,0.0,0.0,11.77536231884058,11.77536231884058,11.77536231884058,11.77536231884058,1.0031206013509606,0.9189546273068422,0.0,0.0,0.0,1.0031206013509606,3.4049770038109273
2.552,0.0,0.0,1.508838557268517,0.0,0.0,0.878112599784384,0.0,0.0,0.0,0.0,0.0,0.0,0.0,0.0,0.5,0.0,0.0,0.0,-0.2,0.0,0.0,0.0,11.77536231884058,11.77536231884058,11.77536231884058,11.77536231884058,1.008838557268517,0.878112599784384,0.0,0.0,0.0,1.008838557268517,3.4932979979203083
2.56,0.0,0.0,1.5142059764896627,0.0,0.0,0.8366755603561497,0.0,0.0,0.0,0.0,0.0,0.0,0.0,0.0,0.5,0.0,0.0,0.0,-0.2,0.0,0.0,0.0,11.77536231884058,11.77536231884058,11.77536231884058,11.77536231884058,1.0142059764896627,0.8366755603561497,0.0,0.0,0.0,1.0142059764896627,3.561104000255
2.568,0.0,0.0,1.519218348296598,0.0,0.0,0.7946497434583011,0.0,0.0,0.0,0.0,0.0,0.0,0.0,0.0,0.5,0.0,0.0,0.0,-0.2,0.0,0.0,0.0,11.77536231884058,11.77536231884058,11.77536231884058,11.77536231884058,1.019218348296598,0.7946497434583011,0.0,0.0,0.0,1.019218348296598,4.043982000439428
2.576,0.0,0.0,1.5238712115229958,0.0,0.0,0.7520413754265857,0.0,0.0,0.0,0.0,0.0,0.0,0.0,0.0,0.5,0.0,0.0,0.0,-0.2,0.0,0.0,0.0,11.77536231884058,11.77536231884058,11.77536231884058,11.77536231884058,1.0238712115229958,0.7520413754265857,0.0,0.0,0.0,1.0238712115229958,3.624950004450511
2.584,0.0,0.0,1.5281601544896182,0.0,0.0,0.7088566745068288,0.0,0.0,0.0,0.0,0.0,0.0,0.0,0.0,0.5,0.0,0.0,0.0,-0.2,0.0,0.0,0.0,11.77536231884058,11.77536231884058,11.77536231884058,11.77536231884058,1.0281601544896182,0.7088566745068288,0.0,0.0,0.0,1.0281601544896182,3.659937996417284
2.592,0.0,0.0,1.532080814940018,0.0,0.0,0.6651018508654591,0.0,0.0,0.0,0.0,0.0,0.0,0.0,0.0,0.5,0.0,0.0,0.0,-0.2,0.0,0.0,0.0,11.77536231884058,11.77536231884058,11.77536231884058,11.77536231884058,1.032080814940018,0.6651018508654591,0.0,0.0,0.0,1.032080814940018,3.4870320014306344
2.6,0.0,0.0,1.5356288799763236,0.0,0.0,0.6207831066000062,0.0,0.0,0.0,0.0,0.0,0.0,0.0,0.0,0.5,0.0,0.0,0.0,-0.2,0.0,0.0,0.0,11.77536231884058,11.77536231884058,11.77536231884058,11.77536231884058,1.0356288799763236,0.6207831066000062,0.0,0.0,0.0,1.0356288799763236,3.7574599991785362
2.608,0.0,0.0,1.5388000859951063,0.0,0.0,0.5759066357495733,0.0,0.0,0.0,0.0,0.0,0.0,0.0,0.0,0.5,0.0,0.0,0.0,-0.2,0.0,0.0,0.0,11.77536231884058,11.77536231884058,11.77536231884058,11.77536231884058,1.0388000859951063,0.5759066357495733,0.0,0.0,0.0,1.0388000859951063,3.706294999574311
2.616,0.0,0.0,1.5415902186233326,0.0,0.0,0.5304786243053149,0.0,0.0,0.0,0.0,0.0,0.0,0.0,0.0,0.5,0.0,0.0,0.0,-0.2,0.0,0.0,0.0,11.77536231884058,11.77536231884058,11.77536231884058,11.77536231884058,1.0415902186233326,0.5304786243053149,0.0,0.0,0.0,1.0415902186233326,3.6385159983183257
2.624,0.0,0.0,1.5439951126543978,0.0,0.0,0.4845052502208832,0.0,0.0,0.0,0.0,0.0,0.0,0.0,0.0,0.5,0.0,0.0,0.0,-0.2,0.0,0.0,0.0,11.77536231884058,11.77536231884058,11.77536231884058,11.77536231884058,1.0439951126543978,0.4845052502208832,0.0,0.0,0.0,1.0439951126543978,3.616301000874955
2.632,0.0,0.0,1.546010651984245,0.0,0.0,0.43799268342288417,0.0,0.0,0.0,0.0,0.0,0.0,0.0,0.0,0.5,0.0,0.0,0.0,-0.2,0.0,0.0,0.0,11.77536231884058,11.77536231884058,11.77536231884058,11.77536231884058,1.046010651984245,0.43799268342288417,0.0,0.0,0.0,1.046010651984245,3.5791940026683733
2.64,0.0,0.0,1.5476327695475647,0.0,0.0,0.39094708582130133,0.0,0.0,0.0,0.0,0.0,0.0,0.0,0.0,0.5,0.0,0.0,0.0,-0.2,0.0,0.0,0.0,11.77536231884058,11.77536231884058,11.77536231884058,11.77536231884058,1.0476327695475647,0.39094708582130133,0.0,0.0,0.0,1.0476327695475647,3.8629949995083734
2.648,0.0,0.0,1.548857447254079,0.0,0.0,0.3433746113198999,0.0,0.0,0.0,0.0,0.0,0.0,0.0,0.0,0.5,0.0,0.0,0.0,-0.2,0.0,0.0,0.0,11.77536231884058,11.77536231884058,11.77536231884058,11.77536231884058,1.048857447254079,0.3433746113198999,0.0,0.0,0.0,1.048857447254079,3.7531749985646456
2.656,0.0,0.0,1.5496807159249082,0.0,0.0,0.29528140582664886,0.0,0.0,0.0,0.0,0.0,0.0,0.0,0.0,0.5,0.0,0.0,0.0,-0.2,0.0,0.0,0.0,11.77536231884058,11.77536231884058,11.77536231884058,11.77536231884058,1.0496807159249082,0.29528140582664886,0.0,0.0,0.0,1.0496807159249082,3.680868001538329
2.664,0.0,0.0,1.5500986552290192,0.0,0.0,0.2466736072640953,0.0,0.0,0.0,0.0,0.0,0.0,0.0,0.0,0.5,0.0,0.0,0.0,-0.2,0.0,0.0,0.0,11.77536231884058,11.77536231884058,11.77536231884058,11.77536231884058,1.0500986552290192,0.2466736072640953,0.0,0.0,0.0,1.0500986552290192,4.053409000334796
2.672,0.0,0.0,1.5501073936197578,0.0,0.0,0.19755734557974025,0.0,0.0,0.0,0.0,0.0,0.0,0.0,0.0,0.5,0.0,0.0,0.0,-0.2,0.0,0.0,0.0,11.77536231884058,11.77536231884058,11.77536231884058,11.77536231884058,1.0501073936197578,0.19755734557974025,0.0,0.0,0.0,1.0501073936197578,3.818044002400711
2.68,0.0,0.0,1.5497031082714623,0.0,0.0,0.1479387427564045,0.0,0.0,0.0,0.0,0.0,0.0,0.0,0.0,0.5,0.0,0.0,0.0,-0.2,0.0,0.0,0.0,11.77536231884058,11.77536231884058,11.77536231884058,11.77536231884058,1.0497031082714623,0.1479387427564045,0.0,0.0,0.0,1.0497031082714623,3.925614000763744
2.688,0.0,0.0,1.5488820250161606,0.0,0.0,0.09782391282258052,0.0,0.0,0.0,0.0,0.0,0.0,0.0,0.0,0.5,0.0,0.0,0.0,-0.2,0.0,0.0,0.0,11.77536231884058,11.77536231884058,11.77536231884058,11.77536231884058,1.0488820250161606,0.09782391282258052,0.0,0.0,0.0,1.0488820250161606,3.9495790042565204
2.696,0.0,0.0,1.5476404182803485,0.0,0.0,0.04721896186276234,0.0,0.0,0.0,0.0,0.0,0.0,0.0,0.0,0.5,0.0,0.0,0.0,-0.2,0.0,0.0,0.0,11.77536231884058,11.77536231884058,11.77536231884058,11.77536231884058,1.0476404182803485,0.04721896186276234,0.0,0.0,0.0,1.0476404182803485,4.281625006115064
2.704,0.0,0.0,1.5459746110218509,0.0,0.0,-0.0038700119722308787,0.0,0.0,0.0,0.0,0.0,0.0,0.0,0.0,0.5,0.0,0.0,0.0,-0.2,0.0,0.0,0.0,11.77536231884058,11.77536231884058,11.77536231884058,11.77536231884058,1.0459746110218509,0.0038700119722308787,0.0,0.0,0.0,1.0459746110218509,3.898401999322232
2.712,0.0,0.0,1.5438809746667643,0.0,0.0,-0.0554369184549478,0.0,0.0,0.0,0.0,0.0,0.0,0.0,0.0,0.5,0.0,0.0,0.0,-0.2,0.0,0.0,0.0,11.77536231884058,11.77536231884058,11.77536231884058,11.77536231884058,1.0438809746667643,0.0554369184549478,0.0,0.0,0.0,1.0438809746667643,3.8754880006308667
2.72,0.0,0.0,1.5413559290464824,0.0,0.0,-0.10747567527100532,0.0,0.0,0.0,0.0,0.0,0.0,0.0,0.0,0.5,0.0,0.0,0.0,-0.2,0.0,0.0,0.0,11.77536231884058,11.77536231884058,11.77536231884058,11.77536231884058,1.0413559290464824,0.10747567527100532,0.0,0.0,0.0,1.0413559290464824,3.80179300555028
2.728,0.0,0.0,1.5383959423348017,0.0,0.0,-0.15998020800882268,0.0,0.0,0.0,0.0,0.0,0.0,0.0,0.0,0.5,0.0,0.0,0.0,-0.2,0.0,0.0,0.0,11.77536231884058,11.77536231884058,11.77536231884058,11.77536231884058,1.0383959423348017,0.15998020800882268,0.0,0.0,0.0,1.0383959423348017,3.9074570013326593
2.736,0.0,0.0,1.5349975309851107,0.0,0.0,-0.21294445014933278,0.0,0.0,0.0,0.0,0.0,0.0,0.0,0.0,0.5,0.0,0.0,0.0,-0.2,0.0,0.0,0.0,11.77536231884058,11.77536231884058,11.77536231884058,11.77536231884058,1.0349975309851107,0.21294445014933278,0.0,0.0,0.0,1.0349975309851107,3.9282319994526915
2.744,0.0,0.0,1.5311572596676597,0.0,0.0,-0.2663623430557416,0.0,0.0,0.0,0.0,0.0,0.0,0.0,0.0,0.5,0.0,0.0,0.0,-0.2,0.0,0.0,0.0,11.77536231884058,11.77536231884058,11.77536231884058,11.77536231884058,1.0311572596676597,0.2663623430557416,0.0,0.0,0.0,1.0311572596676597,3.977163003582973
2.7520000000000002,0.0,0.0,1.5268717412069124,0.0,0.0,-0.3202278359632761,0.0,0.0,0.0,0.0,0.0,0.0,0.0,0.0,0.5,0.0,0.0,0.0,-0.2,0.0,0.0,0.0,11.77536231884058,11.77536231884058,11.77536231884058,11.77536231884058,1.0268717412069124,0.3202278359632761,0.0,0.0,0.0,1.0268717412069124,4.072087001986802
2.7600000000000002,0.0,0.0,1.5221376365189785,0.0,0.0,-0.3745348859689681,0.0,0.0,0.0,0.0,0.0,0.0,0.0,0.0,0.5,0.0,0.0,0.0,-0.2,0.0,0.0,0.0,11.77536231884058,11.77536231884058,11.77536231884058,11.77536231884058,1.0221376365189785,0.3745348859689681,0.0,0.0,0.0,1.0221376365189785,4.316522004955914
2.7680000000000002,0.0,0.0,1.5169516545491284,0.0,0.0,-0.42927745802142675,0.0,0.0,0.0,0.0,0.0,0.0,0.0,0.0,0.5,0.0,0.0,0.0,-0.2,0.0,0.0,0.0,11.77536231884058,11.77536231884058,11.77536231884058,11.77536231884058,1.0169516545491284,0.42927745802142675,0.0,0.0,0.0,1.0169516545491284,4.154223999648821
2.7760000000000002,0.0,0.0,1.511310552209388,0.0,0.0,-0.48444952491065296,0.0,0.0,0.0,0.0,0.0,0.0,0.0,0.0,0.5,0.0,0.0,0.0,-0.2,0.0,0.0,0.0,11.77536231884058,11.77536231884058,11.77536231884058,11.77536231884058,1.011310552209388,0.48444952491065296,0.0,0.0,0.0,1.011310552209388,3.9969549980014563
2.7840000000000003,0.0,0.0,1.5052111343162156,0.0,0.0,-0.5400450672578314,0.0,0.0,0.0,0.0,0.0,0.0,0.0,0.0,0.5,0.0,0.0,0.0,-0.2,0.0,0.0,0.0,11.77536231884058,11.77536231884058,11.77536231884058,11.77536231884058,1.0052111343162156,0.5400450672578314,0.0,0.0,0.0,1.0052111343162156,3.990668003098108
2.7920000000000003,0.0,0.0,1.4986502535282595,0.0,0.0,-0.5960580735051656,0.0,0.0,0.0,0.0,0.0,0.0,0.0,0.0,0.5,0.0,0.0,0.0,-0.2,0.0,0.0,0.0,11.77536231884058,11.77536231884058,11.77536231884058,11.77536231884058,0.9986502535282595,0.5960580735051656,0.0,0.0,0.0,0.9986502535282595,3.6515669999062084
2.8000000000000003,0.0,0.0,1.4916248102841958,0.0,0.0,-0.6524825399057257,0.0,0.0,0.0,0.0,0.0,0.0,0.0,0.0,0.5,0.0,0.0,0.0,-0.2,0.0,0.0,0.0,11.77536231884058,11.77536231884058,11.77536231884058,11.77536231884058,0.9916248102841958,0.6524825399057257,0.0,0.0,0.0,0.9916248102841958,3.553501002897974
2.8080000000000003,0.0,0.0,1.484131752740648,0.0,0.0,-0.709312470513278,0.0,0.0,0.0,0.0,0.0,0.0,0.0,0.0,0.5,0.0,0.0,0.0,-0.2,0.0,0.0,0.0,11.77536231884058,11.77536231884058,11.77536231884058,11.77536231884058,0.9841317527406479,0.709312470513278,0.0,0.0,0.0,0.9841317527406479,3.3074439998017624
2.816,0.0,0.0,1.476168076710186,0.0,0.0,-0.7665418771721831,0.0,0.0,0.0,0.0,0.0,0.0,0.0,0.0,0.5,0.0,0.0,0.0,-0.2,0.0,0.0,0.0,11.77536231884058,11.77536231884058,11.77536231884058,11.77536231884058,0.9761680767101859,0.7665418771721831,0.0,0.0,0.0,0.9761680767101859,3.258848999394104
2.824,0.0,0.0,1.4677308255994075,0.0,0.0,-0.8241647795072069,0.0,0.0,0.0,0.0,0.0,0.0,0.0,0.0,0.5,0.0,0.0,0.0,-0.2,0.0,0.0,0.0,11.77536231884058,11.77536231884058,11.77536231884058,11.77536231884058,0.9677308255994075,0.8241647795072069,0.0,0.0,0.0,0.9677308255994075,3.756860001885798
2.832,0.0,0.0,1.458817090347098,0.0,0.0,-0.8821752049135012,0.0,0.0,0.0,0.0,0.0,0.0,0.0,0.0,0.5,0.0,0.0,0.0,-0.2,0.0,0.0,0.0,11.77536231884058,11.77536231884058,11.77536231884058,11.77536231884058,0.958817090347098,0.8821752049135012,0.0,0.0,0.0,0.958817090347098,3.0661889977636747
2.84,0.0,0.0,1.4494240093624722,0.0,0.0,-0.9405671885464477,0.0,0.0,0.0,0.0,0.0,0.0,0.0,0.0,0.5,0.0,0.0,0.0,-0.2,0.0,0.0,0.0,11.77536231884058,11.77536231884058,11.77536231884058,11.77536231884058,0.9494240093624722,0.9405671885464477,0.0,0.0,0.0,0.9494240093624722,2.7091079973615706
2.848,0.0,0.0,1.439548768463495,0.0,0.0,-0.9993347733115847,0.0,0.0,0.0,0.0,0.0,0.0,0.0,0.0,0.5,0.0,0.0,0.0,-0.2,0.0,0.0,0.0,11.77536231884058,11.77536231884058,11.77536231884058,11.77536231884058,0.9395487684634951,0.9993347733115847,0.0,0.0,0.0,0.9395487684634951,2.5716879972605966
2.856,0.0,0.0,1.4291886008152839,0.0,0.0,-1.0584720098545486,0.0,0.0,0.0,0.0,0.0,0.0,0.0,0.0,0.5,0.0,0.0,0.0,-0.2,0.0,0.0,0.0,11.77536231884058,11.77536231884058,11.77536231884058,11.77536231884058,0.9291886008152839,1.0584720098545486,0.0,0.0,0.0,0.9291886008152839,2.365019994613249
2.864,0.0,0.0,1.418340786868589,0.0,0.0,-1.1179729565510077,0.0,0.0,0.0,0.0,0.0,0.0,0.0,0.0,0.5,0.0,0.0,0.0,-0.2,0.0,0.0,0.0,11.77536231884058,11.77536231884058,11.77536231884058,11.77536231884058,0.9183407868685891,1.1179729565510077,0.0,0.0,0.0,0.9183407868685891,2.134534006472677
2.872,0.0,0.0,1.4070026542983562,0.0,0.0,-1.1778316794966275,0.0,0.0,0.0,0.0,0.0,0.0,0.0,0.0,0.5,0.0,0.0,0.0,-0.2,0.0,0.0,0.0,11.77536231884058,11.77536231884058,11.77536231884058,11.77536231884058,0.9070026542983562,1.1778316794966275,0.0,0.0,0.0,0.9070026542983562,2.1730499938712455
2.88,0.0,0.0,1.395171577942367,0.0,0.0,-1.2380422524970327,0.0,0.0,0.0,0.0,0.0,0.0,0.0,0.0,0.5,0.0,0.0,0.0,-0.2,0.0,0.0,0.0,11.77536231884058,11.77536231884058,11.77536231884058,11.77536231884058,0.895171577942367,1.2380422524970327,0.0,0.0,0.0,0.895171577942367,1.8787280059768818
2.888,0.0,0.0,1.3828449797399607,0.0,0.0,-1.2985987570577844,0.0,0.0,0.0,0.0,0.0,0.0,0.0,0.0,0.5,0.0,0.0,0.0,-0.2,0.0,0.0,0.0,11.77536231884058,11.77536231884058,11.77536231884058,11.77536231884058,0.8828449797399607,1.2985987570577844,0.0,0.0,0.0,0.8828449797399607,1.494570002250839
2.896,0.0,0.0,1.3700203286708341,0.0,0.0,-1.3594952823743913,0.0,0.0,0.0,0.0,0.0,0.0,0.0,0.0,0.5,0.0,0.0,0.0,-0.2,0.0,0.0,0.0,11.77536231884058,11.77536231884058,11.77536231884058,11.77536231884058,0.8700203286708341,1.3594952823743913,0.0,0.0,0.0,0.8700203286708341,1.2800029944628477
2.904,0.0,0.0,1.3566951406939225,0.0,0.0,-1.4207259253223035,0.0,0.0,0.0,0.0,0.0,0.0,0.0,0.0,0.5,0.0,0.0,0.0,-0.2,0.0,0.0,0.0,11.77536231884058,11.77536231884058,11.77536231884058,11.77536231884058,0.8566951406939225,1.4207259253223035,0.0,0.0,0.0,0.8566951406939225,1.0891179990721866
2.912,0.0,0.0,1.3428669786863585,0.0,0.0,-1.482284790446942,0.0,0.0,0.0,0.0,0.0,0.0,0.0,0.0,0.5,0.0,0.0,0.0,-0.2,0.0,0.0,0.0,11.77536231884058,11.77536231884058,11.77536231884058,11.77536231884058,0.8428669786863585,1.482284790446942,0.0,0.0,0.0,0.8428669786863585,0.9530300012556836
2.92,0.0,0.0,1.3285334523825112,0.0,0.0,-1.5441659899537366,0.0,0.0,0.0,0.0,0.0,0.0,0.0,0.0,0.5,0.0,0.0,0.0,-0.2,0.0,0.0,0.0,11.77536231884058,11.77536231884058,11.77536231884058,11.77536231884058,0.8285334523825112,1.5441659899537366,0.0,0.0,0.0,0.8285334523825112,0.7578470031148754
2.928,0.0,0.0,1.3136922183131046,0.0,0.0,-1.6063636436981548,0.0,0.0,0.0,0.0,0.0,0.0,0.0,0.0,0.5,0.0,0.0,0.0,-0.2,0.0,0.0,0.0,11.77536231884058,11.77536231884058,11.77536231884058,11.77536231884058,0.8136922183131046,1.6063636436981548,0.0,0.0,0.0,0.8136922183131046,0.5801240040455014
2.936,0.0,0.0,1.298340979744414,0.0,0.0,-1.6688718791757853,0.0,0.0,0.0,0.0,0.0,0.0,0.0,0.0,0.5,0.0,0.0,0.0,-0.2,0.0,0.0,0.0,11.77536231884058,11.77536231884058,11.77536231884058,11.77536231884058,0.7983409797444141,1.6688718791757853,0.0,0.0,0.0,0.7983409797444141,0.47410700062755495
2.944,0.0,0.0,1.2824774866175432,0.0,0.0,-1.7316848315123994,0.0,0.0,0.0,0.0,0.0,0.0,0.0,0.0,0.5,0.0,0.0,0.0,-0.2,0.0,0.0,0.0,11.77536231884058,11.77536231884058,11.77536231884058,11.77536231884058,0.7824774866175432,1.7316848315123994,0.0,0.0,0.0,0.7824774866175432,0.391711997508537
2.952,0.0,0.0,1.2660995354877786,0.0,0.0,-1.794796643454034,0.0,0.0,0.0,0.0,0.0,0.0,0.0,0.0,0.5,0.0,0.0,0.0,-0.2,0.0,0.0,0.0,11.77536231884058,11.77536231884058,11.77536231884058,11.77536231884058,0.7660995354877786,1.794796643454034,0.0,0.0,0.0,0.7660995354877786,0.4024029985885136
2.96,0.0,0.0,1.2492049694640237,0.0,0.0,-1.8582014653571004,0.0,0.0,0.0,0.0,0.0,0.0,0.0,0.0,0.5,0.0,0.0,0.0,-0.2,0.0,0.0,0.0,11.77536231884058,11.77536231884058,11.77536231884058,11.77536231884058,0.7492049694640237,1.8582014653571004,0.0,0.0,0.0,0.7492049694640237,0.40866299968911335
2.968,0.0,0.0,1.2317916781483116,0.0,0.0,-1.921893455178483,0.0,0.0,0.0,0.0,0.0,0.0,0.0,0.0,0.5,0.0,0.0,0.0,-0.08866841021967195,0.0,0.0,0.0,31.92057785875508,31.92057785875508,31.92057785875508,31.92057785875508,0.7317916781483116,1.921893455178483,0.0,0.0,0.0,0.7317916781483116,0.41105400305241346
2.976,0.0,0.0,1.2138631171629517,0.0,0.0,-1.9857287887767834,0.0,0.0,0.0,0.0,0.0,0.0,0.0,0.0,0.5,0.0,0.0,0.0,0.0367355541601207,0.0,0.0,0.0,54.638687347847956,54.638687347847956,54.638687347847956,54.638687347847956,0.7138631171629517,1.9857287887767834,0.0,0.0,0.0,0.7138631171629517,0.3828670014627278
2.984,0.0,0.0,1.195422781331007,0.0,0.0,-2.049591426820044,0.0,0.0,0.0,0.0,0.0,0.0,0.0,0.0,0.5,0.0,0.0,0.0,0.2,0.0,0.0,0.0,84.21557971014494,84.21557971014494,84.21557971014494,84.21557971014494,0.695422781331007,2.049591426820044,0.0,0.0,0.0,0.695422781331007,15.54069099802291
2.992,0.0,0.0,1.1764742046253605,0.0,0.0,-2.1133875590971987,0.0,0.0,0.0,0.0,0.0,0.0,0.0,0.0,0.5,0.0,0.0,0.0,0.2,0.0,0.0,0.0,84.21557971014494,84.21557971014494,84.21557971014494,84.21557971014494,0.6764742046253605,2.1133875590971987,0.0,0.0,0.0,0.6764742046253605,15.25359800143633
3.0,0.0,0.0,1.1570209601178474,0.0,0.0,-2.1770411599655852,0.0,0.0,0.0,0.0,0.0,0.0,0.0,0.0,0.5,0.0,0.0,0.0,0.2,0.0,0.0,0.0,84.21557971014494,84.21557971014494,84.21557971014494,84.21557971014494,0.6570209601178474,2.1770411599655852,0.0,0.0,0.0,0.6570209601178474,15.57575499464292
3.008,0.0,0.0,1.137066659928454,0.0,0.0,-2.2404904327073023,0.0,0.0,0.0,0.0,0.0,0.0,0.0,0.0,0.5,0.0,0.0,0.0,0.2,0.0,0.0,0.0,84.21557971014494,84.21557971014494,84.21557971014494,84.21557971014494,0.637066659928454,2.2404904327073023,0.0,0.0,0.0,0.637066659928454,15.513581995037384
3.016,0.0,0.0,1.116614955174582,0.0,0.0,-2.3036849650126396,0.0,0.0,0.0,0.0,0.0,0.0,0.0,0.0,0.5,0.0,0.0,0.0,0.2,0.0,0.0,0.0,84.21557971014494,84.21557971014494,84.21557971014494,84.21557971014494,0.6166149551745821,2.3036849650126396,0.0,0.0,0.0,0.6166149551745821,15.791869998793118
3.024,0.0,0.0,1.0956695359203785,0.0,0.0,-2.366583453365201,0.0,0.0,0.0,0.0,0.0,0.0,0.0,0.0,0.5,0.0,0.0,0.0,0.2,0.0,0.0,0.0,84.21557971014494,84.21557971014494,84.21557971014494,84.21557971014494,0.5956695359203785,2.366583453365201,0.0,0.0,0.0,0.5956695359203785,15.378470998257399
3.032,0.0,0.0,1.0742341311261328,0.0,0.0,-2.4291518825483047,0.0,0.0,0.0,0.0,0.0,0.0,0.0,0.0,0.5,0.0,0.0,0.0,0.2,0.0,0.0,0.0,84.21557971014494,84.21557971014494,84.21557971014494,84.21557971014494,0.5742341311261328,2.4291518825483047,0.0,0.0,0.0,0.5742341311261328,15.368669002782553
3.04,0.0,0.0,1.0523125085977378,0.0,0.0,-2.4913620692485163,0.0,0.0,0.0,0.0,0.0,0.0,0.0,0.0,0.5,0.0,0.0,0.0,0.2,0.0,0.0,0.0,84.21557971014494,84.21557971014494,84.21557971014494,84.21557971014494,0.5523125085977378,2.4913620692485163,0.0,0.0,0.0,0.5523125085977378,15.284911001799628
3.048,0.0,0.0,1.0299084749362184,0.0,0.0,-2.5531904969367987,0.0,0.0,0.0,0.0,0.0,0.0,0.0,0.0,0.5,0.0,0.0,0.0,0.2,0.0,0.0,0.0,84.21557971014494,84.21557971014494,84.21557971014494,84.21557971014494,0.5299084749362184,2.5531904969367987,0.0,0.0,0.0,0.5299084749362184,15.552188997389749
3.056,0.0,0.0,1.007025875487324,0.0,0.0,-2.6146173837717974,0.0,0.0,0.0,0.0,0.0,0.0,0.0,0.0,0.5,0.0,0.0,0.0,0.2,0.0,0.0,0.0,84.21557971014494,84.21557971014494,84.21557971014494,84.21557971014494,0.507025875487324,2.6146173837717974,0.0,0.0,0.0,0.507025875487324,15.644751001673285
3.064,0.0,0.0,0.9836685942911877,0.0,0.0,-2.675625936920846,0.0,0.0,0.0,0.0,0.0,0.0,0.0,0.0,0.5,0.0,0.0,0.0,0.2,0.0,0.0,0.0,84.21557971014494,84.21557971014494,84.21557971014494,84.21557971014494,0.4836685942911877,2.675625936920846,0.0,0.0,0.0,0.4836685942911877,15.320586004236247
3.072,0.0,0.0,0.95984055403205,0.0,0.0,-2.736201756015118,0.0,0.0,0.0,0.0,0.0,0.0,0.0,0.0,0.5,0.0,0.0,0.0,0.2,0.0,0.0,0.0,84.21557971014494,84.21557971014494,84.21557971014494,84.21557971014494,0.45984055403205004,2.736201756015118,0.0,0.0,0.0,0.45984055403205004,15.38594799785642
3.08,0.0,0.0,0.935545715988049,0.0,0.0,-2.7963323559121194,0.0,0.0,0.0,0.0,0.0,0.0,0.0,0.0,0.5,0.0,0.0,0.0,0.2,0.0,0.0,0.0,84.21557971014494,84.21557971014494,84.21557971014494,84.21557971014494,0.43554571598804903,2.7963323559121194,0.0,0.0,0.0,0.43554571598804903,15.07778000086546
3.088,0.0,0.0,0.9107880799810743,0.0,0.0,-2.8560067849040647,0.0,0.0,0.0,0.0,0.0,0.0,0.0,0.0,0.5,0.0,0.0,0.0,0.2,0.0,0.0,0.0,84.21557971014494,84.21557971014494,84.21557971014494,84.21557971014494,0.41078807998107425,2.8560067849040647,0.0,0.0,0.0,0.41078807998107425,15.076675997988787
3.096,0.0,0.0,0.8855716843266871,0.0,0.0,-2.91521531928293,0.0,0.0,0.0,0.0,0.0,0.0,0.0,0.0,0.5,0.0,0.0,0.0,0.2,0.0,0.0,0.0,84.21557971014494,84.21557971014494,84.21557971014494,84.21557971014494,0.3855716843266871,2.91521531928293,0.0,0.0,0.0,0.3855716843266871,15.120173004106618
3.104,0.0,0.0,0.8599006057841053,0.0,0.0,-2.9739492189908883,0.0,0.0,0.0,0.0,0.0,0.0,0.0,0.0,0.5,0.0,0.0,0.0,0.2,0.0,0.0,0.0,84.21557971014494,84.21557971014494,84.21557971014494,84.21557971014494,0.3599006057841053,2.9739492189908883,0.0,0.0,0.0,0.3599006057841053,15.127819999179337
3.112,0.0,0.0,0.8337789595062535,0.0,0.0,-3.032200532139006,0.0,0.0,0.0,0.0,0.0,0.0,0.0,0.0,0.5,0.0,0.0,0.0,0.2,0.0,0.0,0.0,84.21557971014494,84.21557971014494,84.21557971014494,84.21557971014494,0.33377895950625347,3.032200532139006,0.0,0.0,0.0,0.33377895950625347,15.018835001683328
3.12,0.0,0.0,0.8072108989898771,0.0,0.0,-3.0899619386206147,0.0,0.0,0.0,0.0,0.0,0.0,0.0,0.0,0.5,0.0,0.0,0.0,0.2,0.0,0.0,0.0,84.21557971014494,84.21557971014494,84.21557971014494,84.21557971014494,0.3072108989898771,3.0899619386206147,0.0,0.0,0.0,0.3072108989898771,15.412983993883245
3.128,0.0,0.0,0.7802006160257228,0.0,0.0,-3.147226625000349,0.0,0.0,0.0,0.0,0.0,0.0,0.0,0.0,0.5,0.0,0.0,0.0,0.2,0.0,0.0,0.0,84.21557971014494,84.21557971014494,84.21557971014494,84.21557971014494,0.28020061602572277,3.147226625000349,0.0,0.0,0.0,0.28020061602572277,15.46070499898633
3.136,0.0,0.0,0.7527523406487824,0.0,0.0,-3.203988184423789,0.0,0.0,0.0,0.0,0.0,0.0,0.0,0.0,0.5,0.0,0.0,0.0,0.2,0.0,0.0,0.0,84.21557971014494,84.21557971014494,84.21557971014494,84.21557971014494,0.2527523406487824,3.203988184423789,0.0,0.0,0.0,0.2527523406487824,15.465409996977542
3.144,0.0,0.0,0.724870341088602,0.0,0.0,-3.2602405365435394,0.0,0.0,0.0,0.0,0.0,0.0,0.0,0.0,0.5,0.0,0.0,0.0,0.2,0.0,0.0,0.0,84.21557971014494,84.21557971014494,84.21557971014494,84.21557971014494,0.22487034108860204,3.2602405365435394,0.0,0.0,0.0,0.22487034108860204,15.454804997716565
3.152,0.0,0.0,0.6965589237196558,0.0,0.0,-3.3159778634584876,0.0,0.0,0.0,0.0,0.0,0.0,0.0,0.0,0.5,0.0,0.0,0.0,0.2,0.0,0.0,0.0,84.21557971014494,84.21557971014494,84.21557971014494,84.21557971014494,0.19655892371965578,3.3159778634584876,0.0,0.0,0.0,0.19655892371965578,15.294216005713679
3.16,0.0,0.0,0.6678224330117832,0.0,0.0,-3.3711945584636034,0.0,0.0,0.0,0.0,0.0,0.0,0.0,0.0,0.5,0.0,0.0,0.0,0.2,0.0,0.0,0.0,84.21557971014494,84.21557971014494,84.21557971014494,84.21557971014494,0.16782243301178323,3.3711945584636034,0.0,0.0,0.0,0.16782243301178323,15.45897400501417
3.168,0.0,0.0,0.6386652514806925,0.0,0.0,-3.42588518504815,0.0,0.0,0.0,0.0,0.0,0.0,0.0,0.0,0.5,0.0,0.0,0.0,0.2,0.0,0.0,0.0,84.21557971014494,84.21557971014494,84.21557971014494,84.21557971014494,0.13866525148069253,3.42588518504815,0.0,0.0,0.0,0.13866525148069253,15.180923001025803
3.176,0.0,0.0,0.6090917996385269,0.0,0.0,-3.480044444092661,0.0,0.0,0.0,0.0,0.0,0.0,0.0,0.0,0.5,0.0,0.0,0.0,0.2,0.0,0.0,0.0,84.21557971014494,84.21557971014494,84.21557971014494,84.21557971014494,0.10909179963852689,3.480044444092661,0.0,0.0,0.0,0.10909179963852689,15.105272002983838
3.184,0.0,0.0,0.5791065359444956,0.0,0.0,-3.533667147624911,0.0,0.0,0.0,0.0,0.0,0.0,0.0,0.0,0.5,0.0,0.0,0.0,0.2,0.0,0.0,0.0,84.21557971014494,84.21557971014494,84.21557971014494,84.21557971014494,0.07910653594449557,3.533667147624911,0.0,0.0,0.0,0.07910653594449557,15.231616001983639
3.192,0.0,0.0,0.5487139567555689,0.0,0.0,-3.5867481978230953,0.0,0.0,0.0,0.0,0.0,0.0,0.0,0.0,0.5,0.0,0.0,0.0,0.2,0.0,0.0,0.0,84.21557971014494,84.21557971014494,84.21557971014494,84.21557971014494,0.04871395675556889,3.5867481978230953,0.0,0.0,0.0,0.04871395675556889,15.289058996131644
3.2,0.0,0.0,0.5179185962772376,0.0,0.0,-3.6392825702167584,0.0,0.0,0.0,0.0,0.0,0.0,0.0,0.0,0.5,0.0,0.0,0.0,0.2,0.0,0.0,0.0,84.21557971014494,84.21557971014494,84.21557971014494,84.21557971014494,0.017918596277237575,3.6392825702167584,0.0,0.0,0.0,0.017918596277237575,15.276719997928012
3.208,0.0,0.0,0.4867250265143358,0.0,0.0,-3.6912653002459503,0.0,0.0,0.0,0.0,0.0,0.0,0.0,0.0,0.5,0.0,0.0,0.0,0.2,0.0,0.0,0.0,84.21557971014494,84.21557971014494,84.21557971014494,84.21557971014494,0.013274973485664199,3.6912653002459503,0.0,0.0,0.0,-0.013274973485664199,15.278250997653231
3.216,0.0,0.0,0.4551378572219285,0.0,0.0,-3.7426914725069422,0.0,0.0,0.0,0.0,0.0,0.0,0.0,0.0,0.5,0.0,0.0,0.0,0.2,0.0,0.0,0.0,84.21557971014494,84.21557971014494,84.21557971014494,84.21557971014494,0.04486214277807149,3.7426914725069422,0.0,0.0,0.0,-0.04486214277807149,15.322286999435164
3.224,0.0,0.0,0.42316173585626193,0.0,0.0,-3.7935562121472177,0.0,0.0,0.0,0.0,0.0,0.0,0.0,0.0,0.5,0.0,0.0,0.0,0.2,0.0,0.0,0.0,84.21557971014494,84.21557971014494,84.21557971014494,84.21557971014494,0.07683826414373807,3.7935562121472177,0.0,0.0,0.0,-0.07683826414373807,15.177484005107544
3.232,0.0,0.0,0.3908013475257785,0.0,0.0,-3.8438546779798592,0.0,0.0,0.0,0.0,0.0,0.0,0.0,0.0,0.5,0.0,0.0,0.0,0.2,0.0,0.0,0.0,84.21557971014494,84.21557971014494,84.21557971014494,84.21557971014494,0.1091986524742215,3.8438546779798592,0.0,0.0,0.0,-0.1091986524742215,15.281407002476044
3.24,0.0,0.0,0.35806141494219484,0.0,0.0,-3.8935820569734783,0.0,0.0,0.0,0.0,0.0,0.0,0.0,0.0,0.5,0.0,0.0,0.0,0.2,0.0,0.0,0.0,84.21557971014494,84.21557971014494,84.21557971014494,84.21557971014494,0.14193858505780516,3.8935820569734783,0.0,0.0,0.0,-0.14193858505780516,15.094269998371601
3.248,0.0,0.0,0.3249466983716438,0.0,0.0,-3.942733559842558,0.0,0.0,0.0,0.0,0.0,0.0,0.0,0.0,0.5,0.0,0.0,0.0,0.2,0.0,0.0,0.0,84.21557971014494,84.21557971014494,84.21557971014494,84.21557971014494,0.1750533016283562,3.942733559842558,0.0,0.0,0.0,-0.1750533016283562,15.0650069990661
3.2560000000000002,0.0,0.0,0.2914619955858797,0.0,0.0,-3.9913044175181485,0.0,0.0,0.0,0.0,0.0,0.0,0.0,0.0,0.5,0.0,0.0,0.0,0.2,0.0,0.0,0.0,84.21557971014494,84.21557971014494,84.21557971014494,84.21557971014494,0.2085380044141203,3.9913044175181485,0.0,0.0,0.0,-0.2085380044141203,14.845694000541698
3.2640000000000002,0.0,0.0,0.25761214181354686,0.0,0.0,-4.0392898783228395,0.0,0.0,0.0,0.0,0.0,0.0,0.0,0.0,0.5,0.0,0.0,0.0,0.2,0.0,0.0,0.0,84.21557971014494,84.21557971014494,84.21557971014494,84.21557971014494,0.24238785818645314,4.0392898783228395,0.0,0.0,0.0,-0.24238785818645314,14.84483200329123
3.2720000000000002,0.0,0.0,0.22340200969151186,0.0,0.0,-4.086685205709146,0.0,0.0,0.0,0.0,0.0,0.0,0.0,0.0,0.5,0.0,0.0,0.0,0.2,0.0,0.0,0.0,84.21557971014494,84.21557971014494,84.21557971014494,84.21557971014494,0.27659799030848814,4.086685205709146,0.0,0.0,0.0,-0.27659799030848814,15.297302998078521
3.2800000000000002,0.0,0.0,0.18883650921625866,0.0,0.0,-4.133485676448647,0.0,0.0,0.0,0.0,0.0,0.0,0.0,0.0,0.5,0.0,0.0,0.0,0.2,0.0,0.0,0.0,84.21557971014494,84.21557971014494,84.21557971014494,84.21557971014494,0.31116349078374134,4.133485676448647,0.0,0.0,0.0,-0.31116349078374134,15.508151998801623
3.2880000000000003,0.0,0.0,0.153920587695347,0.0,0.0,-4.179686579181709,0.0,0.0,0.0,0.0,0.0,0.0,0.0,0.0,0.5,0.0,0.0,0.0,0.2,0.0,0.0,0.0,84.21557971014494,84.21557971014494,84.21557971014494,84.21557971014494,0.346079412304653,4.179686579181709,0.0,0.0,0.0,-0.346079412304653,15.014708995295223
3.2960000000000003,0.0,0.0,0.11865922969893392,0.0,0.0,-4.225283213255694,0.0,0.0,0.0,0.0,0.0,0.0,0.0,0.0,0.5,0.0,0.0,0.0,0.2,0.0,0.0,0.0,84.21557971014494,84.21557971014494,84.21557971014494,84.21557971014494,0.38134077030106606,4.225283213255694,0.0,0.0,0.0,-0.38134077030106606,15.054984003654681
3.3040000000000003,0.0,0.0,0.0830574570113582,0.0,0.0,-4.270270887793948,0.0,0.0,0.0,0.0,0.0,0.0,0.0,0.0,0.5,0.0,0.0,0.0,0.2,0.0,0.0,0.0,84.21557971014494,84.21557971014494,84.21557971014494,84.21557971014494,0.4169425429886418,4.270270887793948,0.0,0.0,0.0,-0.4169425429886418,14.798848998907488
3.3120000000000003,0.0,0.0,0.04712032858278768,0.0,0.0,-4.31464492094942,0.0,0.0,0.0,0.0,0.0,0.0,0.0,0.0,0.5,0.0,0.0,0.0,0.2,0.0,0.0,0.0,84.21557971014494,84.21557971014494,84.21557971014494,84.21557971014494,0.4528796714172123,4.31464492094942,0.0,0.0,0.0,-0.4528796714172123,14.755385003809351
3.3200000000000003,0.0,0.0,0.010852940480929558,0.0,0.0,-4.358400639305988,0.0,0.0,0.0,0.0,0.0,0.0,0.0,0.0,0.5,0.0,0.0,0.0,0.2,0.0,0.0,0.0,84.21557971014494,84.21557971014494,84.21557971014494,84.21557971014494,0.48914705951907045,4.358400639305988,0.0,0.0,0.0,-0.48914705951907045,14.72470000589965
3.3280000000000003,0.0,0.0,0.028779072869684418,0.0,0.0,-3.0385672017259195,0.0,0.0,0.0,0.0,0.0,0.0,0.0,0.0,0.5,0.0,0.0,0.0,0.2,0.0,0.0,0.0,84.21557971014494,84.21557971014494,84.21557971014494,84.21557971014494,0.4712209271303156,3.0385672017259195,0.0,0.0,0.0,-0.4712209271303156,15.007497000624426
3.336,0.0,0.0,0.046314412442145375,0.0,0.0,-1.9924702720691878,0.0,0.0,0.0,0.0,0.0,0.0,0.0,0.0,0.5,0.0,0.0,0.0,0.2,0.0,0.0,0.0,84.21557971014494,84.21557971014494,84.21557971014494,84.21557971014494,0.4536855875578546,1.9924702720691878,0.0,0.0,0.0,-0.4536855875578546,14.907824996043928
3.344,0.0,0.0,0.06346425836777772,0.0,0.0,-1.1652300695145419,0.0,0.0,0.0,0.0,0.0,0.0,0.0,0.0,0.5,0.0,0.0,0.0,0.2,0.0,0.0,0.0,84.21557971014494,84.21557971014494,84.21557971014494,84.21557971014494,0.4365357416322223,1.1652300695145419,0.0,0.0,0.0,-0.4365357416322223,14.995735000411514
3.352,0.0,0.0,0.0802339466214675,0.0,0.0,-0.5129418492693893,0.0,0.0,0.0,0.0,0.0,0.0,0.0,0.0,0.5,0.0,0.0,0.0,0.2,0.0,0.0,0.0,84.21557971014494,84.21557971014494,84.21557971014494,84.21557971014494,0.4197660533785325,0.5129418492693893,0.0,0.0,0.0,-0.4197660533785325,14.98161899507977
3.36,0.0,0.0,0.09662884993570005,0.0,0.0,-0.00048089655969824063,0.0,0.0,0.0,0.0,0.0,0.0,0.0,0.0,0.5,0.0,0.0,0.0,0.2,0.0,0.0,0.0,84.21557971014494,84.21557971014494,84.21557971014494,84.21557971014494,0.40337115006429997,0.00048089655969824063,0.0,0.0,0.0,-0.40337115006429997,15.307685003790539
3.368,0.0,0.0,0.11265437775280053,0.0,0.0,0.40025347817975315,0.0,0.0,0.0,0.0,0.0,0.0,0.0,0.0,0.5,0.0,0.0,0.0,0.2,0.0,0.0,0.0,84.21557971014494,84.21557971014494,84.21557971014494,84.21557971014494,0.3873456222471995,0.40025347817975315,0.0,0.0,0.0,-0.3873456222471995,15.979311996488832
3.376,0.0,0.0,0.12831597617723664,0.0,0.0,0.711742743154705,0.0,0.0,0.0,0.0,0.0,0.0,0.0,0.0,0.5,0.0,0.0,0.0,0.2,0.0,0.0,0.0,84.21557971014494,84.21557971014494,84.21557971014494,84.21557971014494,0.37168402382276333,0.711742743154705,0.0,0.0,0.0,-0.37168402382276333,15.124364996154327
3.384,0.0,0.0,0.14361912792798323,0.0,0.0,0.9519729882924285,0.0,0.0,0.0,0.0,0.0,0.0,0.0,0.0,0.5,0.0,0.0,0.0,0.2,0.0,0.0,0.0,84.21557971014494,84.21557971014494,84.21557971014494,84.21557971014494,0.35638087207201674,0.9519729882924285,0.0,0.0,0.0,-0.35638087207201674,14.687147995573469
3.392,0.0,0.0,0.15856935229094885,0.0,0.0,1.135333999708083,0.0,0.0,0.0,0.0,0.0,0.0,0.0,0.0,0.5,0.0,0.0,0.0,0.2,0.0,0.0,0.0,84.21557971014494,84.21557971014494,84.21557971014494,84.21557971014494,0.3414306477090512,1.135333999708083,0.0,0.0,0.0,-0.3414306477090512,14.90443000511732
3.4,0.0,0.0,0.17317220507146408,0.0,0.0,1.273338519279347,0.0,0.0,0.0,0.0,0.0,0.0,0.0,0.0,0.5,0.0,0.0,0.0,0.2,0.0,0.0,0.0,84.21557971014494,84.21557971014494,84.21557971014494,84.21557971014494,0.3268277949285359,1.273338519279347,0.0,0.0,0.0,-0.3268277949285359,14.723355001478922
3.408,0.0,0.0,0.1874332785468316,0.0,0.0,1.375197652307665,0.0,0.0,0.0,0.0,0.0,0.0,0.0,0.0,0.5,0.0,0.0,0.0,0.2,0.0,0.0,0.0,84.21557971014494,84.21557971014494,84.21557971014494,84.21557971014494,0.31256672145316844,1.375197652307665,0.0,0.0,0.0,-0.31256672145316844,14.849639999738429
3.416,0.0,0.0,0.20135820141893787,0.0,0.0,1.4482811936487887,0.0,0.0,0.0,0.0,0.0,0.0,0.0,0.0,0.5,0.0,0.0,0.0,0.2,0.0,0.0,0.0,84.21557971014494,84.21557971014494,84.21557971014494,84.21557971014494,0.2986417985810621,1.4482811936487887,0.0,0.0,0.0,-0.2986417985810621,14.958605002902914
3.424,0.0,0.0,0.21495263876692655,0.0,0.0,1.4984858886187478,0.0,0.0,0.0,0.0,0.0,0.0,0.0,0.0,0.5,0.0,0.0,0.0,0.2,0.0,0.0,0.0,84.21557971014494,84.21557971014494,84.21557971014494,84.21557971014494,0.28504736123307345,1.4984858886187478,0.0,0.0,0.0,-0.28504736123307345,15.204219998850022
3.432,0.0,0.0,0.22822229199993319,0.0,0.0,1.5305300417201637,0.0,0.0,0.0,0.0,0.0,0.0,0.0,0.0,0.5,0.0,0.0,0.0,0.2,0.0,0.0,0.0,84.21557971014494,84.21557971014494,84.21557971014494,84.21557971014494,0.27177770800006684,1.5305300417201637,0.0,0.0,0.0,-0.27177770800006684,15.01788099994883
3.44,0.0,0.0,0.24117289880988146,0.0,0.0,1.548189203624838,0.0,0.0,0.0,0.0,0.0,0.0,0.0,0.0,0.5,0.0,0.0,0.0,0.2,0.0,0.0,0.0,84.21557971014494,84.21557971014494,84.21557971014494,84.21557971014494,0.25882710119011854,1.548189203624838,0.0,0.0,0.0,-0.25882710119011854,14.866872996208258
3.448,0.0,0.0,0.25381023312434065,0.0,0.0,1.5544847207613497,0.0,0.0,0.0,0.0,0.0,0.0,0.0,0.0,0.5,0.0,0.0,0.0,0.2,0.0,0.0,0.0,84.21557971014494,84.21557971014494,84.21557971014494,84.21557971014494,0.24618976687565935,1.5544847207613497,0.0,0.0,0.0,-0.24618976687565935,14.944927002943587
3.456,0.0,0.0,0.2661401050594445,0.0,0.0,1.5518345749866767,0.0,0.0,0.0,0.0,0.0,0.0,0.0,0.0,0.5,0.0,0.0,0.0,0.2,0.0,0.0,0.0,84.21557971014494,84.21557971014494,84.21557971014494,84.21557971014494,0.23385989494055548,1.5518345749866767,0.0,0.0,0.0,-0.23385989494055548,14.683711000543553
3.464,0.0,0.0,0.2781683608728712,0.0,0.0,1.5421740553250087,0.0,0.0,0.0,0.0,0.0,0.0,0.0,0.0,0.5,0.0,0.0,0.0,0.2,0.0,0.0,0.0,84.21557971014494,84.21557971014494,84.21557971014494,84.21557971014494,0.22183163912712878,1.5421740553250087,0.0,0.0,0.0,-0.22183163912712878,15.143596996495035
3.472,0.0,0.0,0.2899008829168844,0.0,0.0,1.5270522953603356,0.0,0.0,0.0,0.0,0.0,0.0,0.0,0.0,0.5,0.0,0.0,0.0,0.2,0.0,0.0,0.0,84.21557971014494,84.21557971014494,84.21557971014494,84.21557971014494,0.21009911708311563,1.5270522953603356,0.0,0.0,0.0,-0.21009911708311563,15.135716006625444
3.48,0.0,0.0,0.3013435895914351,0.0,0.0,1.5077095031520362,0.0,0.0,0.0,0.0,0.0,0.0,0.0,0.0,0.5,0.0,0.0,0.0,0.2,0.0,0.0,0.0,84.21557971014494,84.21557971014494,84.21557971014494,84.21557971014494,0.1986564104085649,1.5077095031520362,0.0,0.0,0.0,-0.1986564104085649,14.687504997709766
3.488,0.0,0.0,0.31250243529732497,0.0,0.0,1.4851387451688756,0.0,0.0,0.0,0.0,0.0,0.0,0.0,0.0,0.5,0.0,0.0,0.0,-0.2,0.0,0.0,0.0,11.77536231884058,11.77536231884058,11.77536231884058,11.77536231884058,0.18749756470267503,1.4851387451688756,0.0,0.0,0.0,-0.18749756470267503,8.775412003160454
3.496,0.0,0.0,0.3233722110152078,0.0,0.0,1.459855389082171,0.0,0.0,0.0,0.0,0.0,0.0,0.0,0.0,0.5,0.0,0.0,0.0,-0.2,0.0,0.0,0.0,11.77536231884058,11.77536231884058,11.77536231884058,11.77536231884058,0.1766277889847922,1.459855389082171,0.0,0.0,0.0,-0.1766277889847922,1.8871599968406372
3.504,0.0,0.0,0.33394775818451733,0.0,0.0,1.432272990498475,0.0,0.0,0.0,0.0,0.0,0.0,0.0,0.0,0.5,0.0,0.0,0.0,-0.2,0.0,0.0,0.0,11.77536231884058,11.77536231884058,11.77536231884058,11.77536231884058,0.16605224181548267,1.432272990498475,0.0,0.0,0.0,-0.16605224181548267,2.375308999035042
3.512,0.0,0.0,0.34422396863790566,0.0,0.0,1.4027236537334882,0.0,0.0,0.0,0.0,0.0,0.0,0.0,0.0,0.5,0.0,0.0,0.0,-0.2,0.0,0.0,0.0,11.77536231884058,11.77536231884058,11.77536231884058,11.77536231884058,0.15577603136209434,1.4027236537334882,0.0,0.0,0.0,-0.15577603136209434,2.6003589955507778
3.52,0.0,0.0,0.3541957845357673,0.0,0.0,1.3714743204333308,0.0,0.0,0.0,0.0,0.0,0.0,0.0,0.0,0.5,0.0,0.0,0.0,-0.2,0.0,0.0,0.0,11.77536231884058,11.77536231884058,11.77536231884058,11.77536231884058,0.14580421546423272,1.3714743204333308,0.0,0.0,0.0,-0.14580421546423272,2.7610059987637214
3.528,0.0,0.0,0.36385819830084765,0.0,0.0,1.338739800473674,0.0,0.0,0.0,0.0,0.0,0.0,0.0,0.0,0.5,0.0,0.0,0.0,-0.2,0.0,0.0,0.0,11.77536231884058,11.77536231884058,11.77536231884058,11.77536231884058,0.13614180169915235,1.338739800473674,0.0,0.0,0.0,-0.13614180169915235,2.9438970013870858
3.536,0.0,0.0,0.37320625255293716,0.0,0.0,1.3046931966811768,0.0,0.0,0.0,0.0,0.0,0.0,0.0,0.0,0.5,0.0,0.0,0.0,-0.2,0.0,0.0,0.0,11.77536231884058,11.77536231884058,11.77536231884058,11.77536231884058,0.12679374744706284,1.3046931966811768,0.0,0.0,0.0,-0.12679374744706284,2.9704730040975846
3.544,0.0,0.0,0.38223504004364967,0.0,0.0,1.2694742446127538,0.0,0.0,0.0,0.0,0.0,0.0,0.0,0.0,0.5,0.0,0.0,0.0,-0.2,0.0,0.0,0.0,11.77536231884058,11.77536231884058,11.77536231884058,11.77536231884058,0.11776495995635033,1.2694742446127538,0.0,0.0,0.0,-0.11776495995635033,3.22841099841753
3.552,0.0,0.0,0.390939703591286,0.0,0.0,1.233195984381111,0.0,0.0,0.0,0.0,0.0,0.0,0.0,0.0,0.5,0.0,0.0,0.0,-0.2,0.0,0.0,0.0,11.77536231884058,11.77536231884058,11.77536231884058,11.77536231884058,0.10906029640871401,1.233195984381111,0.0,0.0,0.0,-0.10906029640871401,2.7141460013808683
3.56,0.0,0.0,0.39931543601578184,0.0,0.0,1.195950098117285,0.0,0.0,0.0,0.0,0.0,0.0,0.0,0.0,0.5,0.0,0.0,0.0,-0.2,0.0,0.0,0.0,11.77536231884058,11.77536231884058,11.77536231884058,11.77536231884058,0.10068456398421816,1.195950098117285,0.0,0.0,0.0,-0.10068456398421816,2.8005450003547594
3.568,0.0,0.0,0.4073574800737404,0.0,0.0,1.1578111799427917,0.0,0.0,0.0,0.0,0.0,0.0,0.0,0.0,0.5,0.0,0.0,0.0,-0.2,0.0,0.0,0.0,11.77536231884058,11.77536231884058,11.77536231884058,11.77536231884058,0.0926425199262596,1.1578111799427917,0.0,0.0,0.0,-0.0926425199262596,2.4884779995772988
3.576,0.0,0.0,0.4150611283935493,0.0,0.0,1.118840151949456,0.0,0.0,0.0,0.0,0.0,0.0,0.0,0.0,0.5,0.0,0.0,0.0,-0.2,0.0,0.0,0.0,11.77536231884058,11.77536231884058,11.77536231884058,11.77536231884058,0.0849388716064507,1.118840151949456,0.0,0.0,0.0,-0.0849388716064507,2.178665003157221
3.584,0.0,0.0,0.42242172341058193,0.0,0.0,1.0790869969853802,0.0,0.0,0.0,0.0,0.0,0.0,0.0,0.0,0.5,0.0,0.0,0.0,-0.2,0.0,0.0,0.0,11.77536231884058,11.77536231884058,11.77536231884058,11.77536231884058,0.07757827658941807,1.0790869969853802,0.0,0.0,0.0,-0.07757827658941807,1.9997420022264123
3.592,0.0,0.0,0.4294346573024827,0.0,0.0,1.0385929448858233,0.0,0.0,0.0,0.0,0.0,0.0,0.0,0.0,0.5,0.0,0.0,0.0,-0.2,0.0,0.0,0.0,11.77536231884058,11.77536231884058,11.77536231884058,11.77536231884058,0.0705653426975173,1.0385929448858233,0.0,0.0,0.0,-0.0705653426975173,1.865956000983715
3.6,0.0,0.0,0.43609537192453685,0.0,0.0,0.997392221460012,0.0,0.0,0.0,0.0,0.0,0.0,0.0,0.0,0.5,0.0,0.0,0.0,-0.2,0.0,0.0,0.0,11.77536231884058,11.77536231884058,11.77536231884058,11.77536231884058,0.06390462807546315,0.997392221460012,0.0,0.0,0.0,-0.06390462807546315,1.8148870003642514
3.608,0.0,0.0,0.4423993587451237,0.0,0.0,0.9555134476826811,0.0,0.0,0.0,0.0,0.0,0.0,0.0,0.0,0.5,0.0,0.0,0.0,-0.2,0.0,0.0,0.0,11.77536231884058,11.77536231884058,11.77536231884058,11.77536231884058,0.057600641254876295,0.9555134476826811,0.0,0.0,0.0,-0.057600641254876295,1.7725470024743117
3.616,0.0,0.0,0.4483421587812542,0.0,0.0,0.9129807590494077,0.0,0.0,0.0,0.0,0.0,0.0,0.0,0.0,0.5,0.0,0.0,0.0,-0.2,0.0,0.0,0.0,11.77536231884058,11.77536231884058,11.77536231884058,11.77536231884058,0.05165784121874578,0.9129807590494077,0.0,0.0,0.0,-0.05165784121874578,1.583309996931348
3.624,0.0,0.0,0.4539193625341921,0.0,0.0,0.8698147010629724,0.0,0.0,0.0,0.0,0.0,0.0,0.0,0.0,0.5,0.0,0.0,0.0,-0.2,0.0,0.0,0.0,11.77536231884058,11.77536231884058,11.77536231884058,11.77536231884058,0.04608063746580793,0.8698147010629724,0.0,0.0,0.0,-0.04608063746580793,2.025467998464592
3.632,0.0,0.0,0.45912660992515847,0.0,0.0,0.8260329456245379,0.0,0.0,0.0,0.0,0.0,0.0,0.0,0.0,0.5,0.0,0.0,0.0,-0.2,0.0,0.0,0.0,11.77536231884058,11.77536231884058,11.77536231884058,11.77536231884058,0.04087339007484153,0.8260329456245379,0.0,0.0,0.0,-0.04087339007484153,1.4207000058377162
3.64,0.0,0.0,0.4639595902311204,0.0,0.0,0.781650864148678,0.0,0.0,0.0,0.0,0.0,0.0,0.0,0.0,0.5,0.0,0.0,0.0,-0.2,0.0,0.0,0.0,11.77536231884058,11.77536231884058,11.77536231884058,11.77536231884058,0.03604040976887962,0.781650864148678,0.0,0.0,0.0,-0.03604040976887962,1.2648650008486584
3.648,0.0,0.0,0.4684140420206624,0.0,0.0,0.7366819860574927,0.0,0.0,0.0,0.0,0.0,0.0,0.0,0.0,0.5,0.0,0.0,0.0,-0.2,0.0,0.0,0.0,11.77536231884058,11.77536231884058,11.77536231884058,11.77536231884058,0.03158595797933761,0.7366819860574927,0.0,0.0,0.0,-0.03158595797933761,1.0673229990061373
3.656,0.0,0.0,0.4724857530899417,0.0,0.0,0.6911383655779761,0.0,0.0,0.0,0.0,0.0,0.0,0.0,0.0,0.5,0.0,0.0,0.0,-0.2,0.0,0.0,0.0,11.77536231884058,11.77536231884058,11.77536231884058,11.77536231884058,0.027514246910058326,0.6911383655779761,0.0,0.0,0.0,-0.027514246910058326,0.9422780058230273
3.664,0.0,0.0,0.47617056039872646,0.0,0.0,0.6450308751820005,0.0,0.0,0.0,0.0,0.0,0.0,0.0,0.0,0.5,0.0,0.0,0.0,-0.2,0.0,0.0,0.0,11.77536231884058,11.77536231884058,11.77536231884058,11.77536231884058,0.02382943960127354,0.6450308751820005,0.0,0.0,0.0,-0.02382943960127354,0.867410002683755
3.672,0.0,0.0,0.47946435000651727,0.0,0.0,0.5983694403403705,0.0,0.0,0.0,0.0,0.0,0.0,0.0,0.0,0.5,0.0,0.0,0.0,-0.2,0.0,0.0,0.0,11.77536231884058,11.77536231884058,11.77536231884058,11.77536231884058,0.02053564999348273,0.5983694403403705,0.0,0.0,0.0,-0.02053564999348273,0.7575999989057891
3.68,0.0,0.0,0.48236305700875126,0.0,0.0,0.5511632273281462,0.0,0.0,0.0,0.0,0.0,0.0,0.0,0.0,0.5,0.0,0.0,0.0,-0.2,0.0,0.0,0.0,11.77536231884058,11.77536231884058,11.77536231884058,11.77536231884058,0.01763694299124874,0.5511632273281462,0.0,0.0,0.0,-0.01763694299124874,0.6778269962524064
3.688,0.0,0.0,0.48486266547308976,0.0,0.0,0.5034207934709793,0.0,0.0,0.0,0.0,0.0,0.0,0.0,0.0,0.5,0.0,0.0,0.0,-0.2,0.0,0.0,0.0,11.77536231884058,11.77536231884058,11.77536231884058,11.77536231884058,0.01513733452691024,0.5034207934709793,0.0,0.0,0.0,-0.01513733452691024,0.7275940006366
3.696,0.0,0.0,0.4869592083757881,0.0,0.0,0.45515020734424194,0.0,0.0,0.0,0.0,0.0,0.0,0.0,0.0,0.5,0.0,0.0,0.0,-0.2,0.0,0.0,0.0,11.77536231884058,11.77536231884058,11.77536231884058,11.77536231884058,0.0130407916242119,0.45515020734424194,0.0,0.0,0.0,-0.0130407916242119,0.4805940043297596
3.704,0.0,0.0,0.4886487675381484,0.0,0.0,0.406359144934401,0.0,0.0,0.0,0.0,0.0,0.0,0.0,0.0,0.5,0.0,0.0,0.0,-0.2,0.0,0.0,0.0,11.77536231884058,11.77536231884058,11.77536231884058,11.77536231884058,0.011351232461851601,0.406359144934401,0.0,0.0,0.0,-0.011351232461851601,0.3759929968509823
3.712,0.0,0.0,0.48992747356305494,0.0,0.0,0.3570549665701843,0.0,0.0,0.0,0.0,0.0,0.0,0.0,0.0,0.5,0.0,0.0,0.0,-0.2,0.0,0.0,0.0,11.77536231884058,11.77536231884058,11.77536231884058,11.77536231884058,0.010072526436945062,0.3570549665701843,0.0,0.0,0.0,-0.010072526436945062,0.3445109978201799
3.72,0.0,0.0,0.4907915057715919,0.0,0.0,0.307244778469572,0.0,0.0,0.0,0.0,0.0,0.0,0.0,0.0,0.5,0.0,0.0,0.0,-0.2,0.0,0.0,0.0,11.77536231884058,11.77536231884058,11.77536231884058,11.77536231884058,0.009208494228408082,0.307244778469572,0.0,0.0,0.0,-0.009208494228408082,0.2771029976429418
3.728,0.0,0.0,0.49123709213974354,0.0,0.0,0.25693548197944804,0.0,0.0,0.0,0.0,0.0,0.0,0.0,0.0,0.5,0.0,0.0,0.0,-0.2,0.0,0.0,0.0,11.77536231884058,11.77536231884058,11.77536231884058,11.77536231884058,0.008762907860256464,0.25693548197944804,0.0,0.0,0.0,-0.008762907860256464,0.2134200040018186
3.736,0.0,0.0,0.4912605092351764,0.0,0.0,0.2061338129693798,0.0,0.0,0.0,0.0,0.0,0.0,0.0,0.0,0.5,0.0,0.0,0.0,-0.2,0.0,0.0,0.0,11.77536231884058,11.77536231884058,11.77536231884058,11.77536231884058,0.00873949076482361,0.2061338129693798,0.0,0.0,0.0,-0.00873949076482361,0.18136400467483327
3.744,0.0,0.0,0.490858082154104,0.0,0.0,0.1548463733486936,0.0,0.0,0.0,0.0,0.0,0.0,0.0,0.0,0.5,0.0,0.0,0.0,-0.14262270168077484,0.0,0.0,0.0,22.146249695511802,22.146249695511802,22.146249695511802,22.146249695511802,0.00914191784589602,0.1548463733486936,0.0,0.0,0.0,-0.00914191784589602,0.15043899475131184
3.7520000000000002,0.0,0.0,0.4900261844582332,0.0,0.0,0.10307965628218552,0.0,0.0,0.0,0.0,0.0,0.0,0.0,0.0,0.5,0.0,0.0,0.0,-0.08264586768739801,0.0,0.0,0.0,33.011618172572824,33.011618172572824,33.011618172572824,33.011618172572824,0.009973815541766795,0.10307965628218552,0.0,0.0,0.0,-0.009973815541766795,0.18226199608761817
3.7600000000000002,0.0,0.0,0.48876955390201504,0.0,0.0,0.05104796112029436,0.0,0.0,0.0,0.0,0.0,0.0,0.0,0.0,0.5,0.0,0.0,0.0,-0.021086736344175683,0.0,0.0,0.0,44.16363472025803,44.16363472025803,44.16363472025803,44.16363472025803,0.011230446097984959,0.05104796112029436,0.0,0.0,0.0,-0.011230446097984959,0.1528229986433871
3.7680000000000002,0.0,0.0,0.48709296577477157,0.0,0.0,-0.0010763342848512866,0.0,0.0,0.0,0.0,0.0,0.0,0.0,0.0,0.5,0.0,0.0,0.0,0.041850811727505155,0.0,0.0,0.0,55.56536444338862,55.56536444338862,55.56536444338862,55.56536444338862,0.012907034225228431,0.0010763342848512866,0.0,0.0,0.0,-0.012907034225228431,0.16521599900443107
3.7760000000000002,0.0,0.0,0.48500123285192653,0.0,0.0,-0.05315439049900687,0.0,0.0,0.0,0.0,0.0,0.0,0.0,0.0,0.5,0.0,0.0,0.0,0.10599446499779885,0.0,0.0,0.0,67.18559148510849,67.18559148510849,67.18559148510849,67.18559148510849,0.014998767148073466,0.05315439049900687,0.0,0.0,0.0,-0.014998767148073466,0.16864799545146525
3.7840000000000003,0.0,0.0,0.4824992053462994,0.0,0.0,-0.10507420003988328,0.0,0.0,0.0,0.0,0.0,0.0,0.0,0.0,0.5,0.0,0.0,0.0,0.17120694331285102,0.0,0.0,0.0,78.99944625232808,78.99944625232808,78.99944625232808,78.99944625232808,0.01750079465370058,0.10507420003988328,0.0,0.0,0.0,-0.01750079465370058,0.16898800095077604
3.7920000000000003,0.0,0.0,0.4795917708594629,0.0,0.0,-0.1567452222028191,0.0,0.0,0.0,0.0,0.0,0.0,0.0,0.0,0.5,0.0,0.0,0.0,0.2,0.0,0.0,0.0,84.21557971014494,84.21557971014494,84.21557971014494,84.21557971014494,0.020408229140537082,0.1567452222028191,0.0,0.0,0.0,-0.020408229140537082,0.18925400217995048
3.8000000000000003,0.0,0.0,0.4762838543331633,0.0,0.0,-0.20809409091974612,0.0,0.0,0.0,0.0,0.0,0.0,0.0,0.0,0.5,0.0,0.0,0.0,0.2,0.0,0.0,0.0,84.21557971014494,84.21557971014494,84.21557971014494,84.21557971014494,0.02371614566683672,0.20809409091974612,0.0,0.0,0.0,-0.02371614566683672,0.31909799872664735
3.8080000000000003,0.0,0.0,0.47258041800080414,0.0,0.0,-0.25906118104477543,0.0,0.0,0.0,0.0,0.0,0.0,0.0,0.0,0.5,0.0,0.0,0.0,0.2,0.0,0.0,0.0,84.21557971014494,84.21557971014494,84.21557971014494,84.21557971014494,0.027419581999195863,0.25906118104477543,0.0,0.0,0.0,-0.027419581999195863,0.3593130022636615
3.8160000000000003,0.0,0.0,0.4684864613389931,0.0,0.0,-0.30959786138109674,0.0,0.0,0.0,0.0,0.0,0.0,0.0,0.0,0.5,0.0,0.0,0.0,0.2,0.0,0.0,0.0,84.21557971014494,84.21557971014494,84.21557971014494,84.21557971014494,0.03151353866100692,0.30959786138109674,0.0,0.0,0.0,-0.03151353866100692,0.4353420008555986
3.8240000000000003,0.0,0.0,0.4640070210191515,0.0,0.0,-0.3596642971009173,0.0,0.0,0.0,0.0,0.0,0.0,0.0,0.0,0.5,0.0,0.0,0.0,0.2,0.0,0.0,0.0,84.21557971014494,84.21557971014494,84.21557971014494,84.21557971014494,0.03599297898084852,0.3596642971009173,0.0,0.0,0.0,-0.03599297898084852,0.528591001057066
3.8320000000000003,0.0,0.0,0.4591471708591869,0.0,0.0,-0.4092276916798486,0.0,0.0,0.0,0.0,0.0,0.0,0.0,0.0,0.5,0.0,0.0,0.0,0.2,0.0,0.0,0.0,84.21557971014494,84.21557971014494,84.21557971014494,84.21557971014494,0.04085282914081312,0.4092276916798486,0.0,0.0,0.0,-0.04085282914081312,0.6952949988772161
3.84,0.0,0.0,0.4539120217752284,0.0,0.0,-0.45826088044284863,0.0,0.0,0.0,0.0,0.0,0.0,0.0,0.0,0.5,0.0,0.0,0.0,0.2,0.0,0.0,0.0,84.21557971014494,84.21557971014494,84.21557971014494,84.21557971014494,0.04608797822477162,0.45826088044284863,0.0,0.0,0.0,-0.04608797822477162,0.8358930062968284
3.848,0.0,0.0,0.4483067217334247,0.0,0.0,-0.5067412053993715,0.0,0.0,0.0,0.0,0.0,0.0,0.0,0.0,0.5,0.0,0.0,0.0,0.2,0.0,0.0,0.0,84.21557971014494,84.21557971014494,84.21557971014494,84.21557971014494,0.05169327826657533,0.5067412053993715,0.0,0.0,0.0,-0.05169327826657533,1.0534660032135434
3.856,0.0,0.0,0.4423364557018047,0.0,0.0,-0.5546496151099968,0.0,0.0,0.0,0.0,0.0,0.0,0.0,0.0,0.5,0.0,0.0,0.0,0.2,0.0,0.0,0.0,84.21557971014494,84.21557971014494,84.21557971014494,84.21557971014494,0.05766354429819531,0.5546496151099968,0.0,0.0,0.0,-0.05766354429819531,1.2228039995534346
3.864,0.0,0.0,0.43600644560220075,0.0,0.0,-0.6019699445780956,0.0,0.0,0.0,0.0,0.0,0.0,0.0,0.0,0.5,0.0,0.0,0.0,0.2,0.0,0.0,0.0,84.21557971014494,84.21557971014494,84.21557971014494,84.21557971014494,0.06399355439779925,0.6019699445780956,0.0,0.0,0.0,-0.06399355439779925,1.7278310042456724
3.872,0.0,0.0,0.42932195026223446,0.0,0.0,-0.6486883391616336,0.0,0.0,0.0,0.0,0.0,0.0,0.0,0.0,0.5,0.0,0.0,0.0,0.2,0.0,0.0,0.0,84.21557971014494,84.21557971014494,84.21557971014494,84.21557971014494,0.07067804973776554,0.6486883391616336,0.0,0.0,0.0,-0.07067804973776554,1.7741219999152236
3.88,0.0,0.0,0.42228826536736447,0.0,0.0,-0.6947927937010567,0.0,0.0,0.0,0.0,0.0,0.0,0.0,0.0,0.5,0.0,0.0,0.0,0.2,0.0,0.0,0.0,84.21557971014494,84.21557971014494,84.21557971014494,84.21557971014494,0.07771173463263553,0.6947927937010567,0.0,0.0,0.0,-0.07771173463263553,2.0310399995651096
3.888,0.0,0.0,0.4149107234129971,0.0,0.0,-0.740272783820029,0.0,0.0,0.0,0.0,0.0,0.0,0.0,0.0,0.5,0.0,0.0,0.0,0.2,0.0,0.0,0.0,84.21557971014494,84.21557971014494,84.21557971014494,84.21557971014494,0.08508927658700288,0.740272783820029,0.0,0.0,0.0,-0.08508927658700288,2.4499539940734394
3.896,0.0,0.0,0.40719469365665883,0.0,0.0,-0.7851189709644801,0.0,0.0,0.0,0.0,0.0,0.0,0.0,0.0,0.5,0.0,0.0,0.0,0.2,0.0,0.0,0.0,84.21557971014494,84.21557971014494,84.21557971014494,84.21557971014494,0.09280530634334117,0.7851189709644801,0.0,0.0,0.0,-0.09280530634334117,2.6506969952606596
3.904,0.0,0.0,0.399145582070231,0.0,0.0,-0.8293229664322801,0.0,0.0,0.0,0.0,0.0,0.0,0.0,0.0,0.5,0.0,0.0,0.0,0.2,0.0,0.0,0.0,84.21557971014494,84.21557971014494,84.21557971014494,84.21557971014494,0.10085441792976901,0.8293229664322801,0.0,0.0,0.0,-0.10085441792976901,3.0231410055421293
3.912,0.0,0.0,0.3907688312922466,0.0,0.0,-0.8728771425954336,0.0,0.0,0.0,0.0,0.0,0.0,0.0,0.0,0.5,0.0,0.0,0.0,0.2,0.0,0.0,0.0,84.21557971014494,84.21557971014494,84.21557971014494,84.21557971014494,0.1092311687077534,0.8728771425954336,0.0,0.0,0.0,-0.1092311687077534,3.189720999216661
3.92,0.0,0.0,0.3820699205802492,0.0,0.0,-0.915774481876282,0.0,0.0,0.0,0.0,0.0,0.0,0.0,0.0,0.5,0.0,0.0,0.0,0.2,0.0,0.0,0.0,84.21557971014494,84.21557971014494,84.21557971014494,84.21557971014494,0.11793007941975081,0.915774481876282,0.0,0.0,0.0,-0.11793007941975081,4.033828001411166
3.928,0.0,0.0,0.37305436576321344,0.0,0.0,-0.9580084559269192,0.0,0.0,0.0,0.0,0.0,0.0,0.0,0.0,0.5,0.0,0.0,0.0,0.2,0.0,0.0,0.0,84.21557971014494,84.21557971014494,84.21557971014494,84.21557971014494,0.12694563423678656,0.9580084559269192,0.0,0.0,0.0,-0.12694563423678656,3.9045049998094328
3.936,0.0,0.0,0.36372771919402763,0.0,0.0,-0.9995729289711802,0.0,0.0,0.0,0.0,0.0,0.0,0.0,0.0,0.5,0.0,0.0,0.0,0.2,0.0,0.0,0.0,84.21557971014494,84.21557971014494,84.21557971014494,84.21557971014494,0.13627228080597237,0.9995729289711802,0.0,0.0,0.0,-0.13627228080597237,3.918369999155402
3.944,0.0,0.0,0.354095569702038,0.0,0.0,-1.0404620804766853,0.0,0.0,0.0,0.0,0.0,0.0,0.0,0.0,0.5,0.0,0.0,0.0,0.2,0.0,0.0,0.0,84.21557971014494,84.21557971014494,84.21557971014494,84.21557971014494,0.14590443029796202,1.0404620804766853,0.0,0.0,0.0,-0.14590443029796202,3.946247998101171
3.952,0.0,0.0,0.34416354254565446,0.0,0.0,-1.0806703432909364,0.0,0.0,0.0,0.0,0.0,0.0,0.0,0.0,0.5,0.0,0.0,0.0,0.2,0.0,0.0,0.0,84.21557971014494,84.21557971014494,84.21557971014494,84.21557971014494,0.15583645745434554,1.0806703432909364,0.0,0.0,0.0,-0.15583645745434554,3.9680030022282153
3.96,0.0,0.0,0.3339372993650183,0.0,0.0,-1.1201923541486525,0.0,0.0,0.0,0.0,0.0,0.0,0.0,0.0,0.5,0.0,0.0,0.0,0.2,0.0,0.0,0.0,84.21557971014494,84.21557971014494,84.21557971014494,84.21557971014494,0.16606270063498169,1.1201923541486525,0.0,0.0,0.0,-0.16606270063498169,3.795445001742337
3.968,0.0,0.0,0.323422538134731,0.0,0.0,-1.159022914076105,0.0,0.0,0.0,0.0,0.0,0.0,0.0,0.0,0.5,0.0,0.0,0.0,0.2,0.0,0.0,0.0,84.21557971014494,84.21557971014494,84.21557971014494,84.21557971014494,0.17657746186526901,1.159022914076105,0.0,0.0,0.0,-0.17657746186526901,3.978312997787725
3.976,0.0,0.0,0.3126249931166446,0.0,0.0,-1.1971569567130436,0.0,0.0,0.0,0.0,0.0,0.0,0.0,0.0,0.5,0.0,0.0,0.0,0.2,0.0,0.0,0.0,84.21557971014494,84.21557971014494,84.21557971014494,84.21557971014494,0.1873750068833554,1.1971569567130436,0.0,0.0,0.0,-0.1873750068833554,3.823141996690538
3.984,0.0,0.0,0.3015504348127136,0.0,0.0,-1.2345895229687098,0.0,0.0,0.0,0.0,0.0,0.0,0.0,0.0,0.5,0.0,0.0,0.0,0.2,0.0,0.0,0.0,84.21557971014494,84.21557971014494,84.21557971014494,84.21557971014494,0.1984495651872864,1.2345895229687098,0.0,0.0,0.0,-0.1984495651872864,3.80701099493308
3.992,0.0,0.0,0.29020466991790783,0.0,0.0,-1.2713157407451119,0.0,0.0,0.0,0.0,0.0,0.0,0.0,0.0,0.5,0.0,0.0,0.0,0.2,0.0,0.0,0.0,84.21557971014494,84.21557971014494,84.21557971014494,84.21557971014494,0.20979533008209217,1.2713157407451119,0.0,0.0,0.0,-0.20979533008209217,3.9473620054195635
4.0,0.0,0.0,0.27859354127318664,0.0,0.0,-1.307330808714119,0.0,0.0,0.0,0.0,0.0,0.0,0.0,0.0,0.5,0.0,0.0,0.0,0.2,0.0,0.0,0.0,84.21557971014494,84.21557971014494,84.21557971014494,84.21557971014494,0.22140645872681336,1.307330808714119,0.0,0.0,0.0,-0.22140645872681336,3.929655998945236
4.008,0.0,0.0,0.2667229278185342,0.0,0.0,-1.3426299833376065,0.0,0.0,0.0,0.0,0.0,0.0,0.0,0.0,0.5,0.0,0.0,0.0,0.2,0.0,0.0,0.0,84.21557971014494,84.21557971014494,84.21557971014494,84.21557971014494,0.23327707218146582,1.3426299833376065,0.0,0.0,0.0,-0.23327707218146582,3.838520002318546
4.016,0.0,0.0,0.2545987445460558,0.0,0.0,-1.3772085684820445,0.0,0.0,0.0,0.0,0.0,0.0,0.0,0.0,0.5,0.0,0.0,0.0,0.2,0.0,0.0,0.0,84.21557971014494,84.21557971014494,84.21557971014494,84.21557971014494,0.2454012554539442,1.3772085684820445,0.0,0.0,0.0,-0.2454012554539442,3.9630079991184175
4.024,0.0,0.0,0.24222694245313509,0.0,0.0,-1.4110619071086532,0.0,0.0,0.0,0.0,0.0,0.0,0.0,0.0,0.5,0.0,0.0,0.0,0.2,0.0,0.0,0.0,84.21557971014494,84.21557971014494,84.21557971014494,84.21557971014494,0.2577730575468649,1.4110619071086532,0.0,0.0,0.0,-0.2577730575468649,3.866267994453665
4.032,0.0,0.0,0.22961350849565218,0.0,0.0,-1.444185374623995,0.0,0.0,0.0,0.0,0.0,0.0,0.0,0.0,0.5,0.0,0.0,0.0,0.2,0.0,0.0,0.0,84.21557971014494,84.21557971014494,84.21557971014494,84.21557971014494,0.2703864915043478,1.444185374623995,0.0,0.0,0.0,-0.2703864915043478,4.031229997053742
4.04,0.0,0.0,0.21676446554126252,0.0,0.0,-1.476574373558937,0.0,0.0,0.0,0.0,0.0,0.0,0.0,0.0,0.5,0.0,0.0,0.0,0.2,0.0,0.0,0.0,84.21557971014494,84.21557971014494,84.21557971014494,84.21557971014494,0.2832355344587375,1.476574373558937,0.0,0.0,0.0,-0.2832355344587375,3.8327249931171536
4.048,0.0,0.0,0.20368587232273652,0.0,0.0,-1.5082243293102995,0.0,0.0,0.0,0.0,0.0,0.0,0.0,0.0,0.5,0.0,0.0,0.0,0.2,0.0,0.0,0.0,84.21557971014494,84.21557971014494,84.21557971014494,84.21557971014494,0.2963141276772635,1.5082243293102995,0.0,0.0,0.0,-0.2963141276772635,3.853706999507267
4.056,0.0,0.0,0.1903838233913597,0.0,0.0,-1.5391306867326597,0.0,0.0,0.0,0.0,0.0,0.0,0.0,0.0,0.5,0.0,0.0,0.0,0.2,0.0,0.0,0.0,84.21557971014494,84.21557971014494,84.21557971014494,84.21557971014494,0.30961617660864027,1.5391306867326597,0.0,0.0,0.0,-0.30961617660864027,3.9039420007611625
4.064,0.0,0.0,0.17686444907039353,0.0,0.0,-1.5692889074102818,0.0,0.0,0.0,0.0,0.0,0.0,0.0,0.0,0.5,0.0,0.0,0.0,0.2,0.0,0.0,0.0,84.21557971014494,84.21557971014494,84.21557971014494,84.21557971014494,0.32313555092960644,1.5692889074102818,0.0,0.0,0.0,-0.32313555092960644,3.9281100034713745
4.072,0.0,0.0,0.16313391540859665,0.0,0.0,-1.5986944674731474,0.0,0.0,0.0,0.0,0.0,0.0,0.0,0.0,0.5,0.0,0.0,0.0,0.2,0.0,0.0,0.0,84.21557971014494,84.21557971014494,84.21557971014494,84.21557971014494,0.3368660845914033,1.5986944674731474,0.0,0.0,0.0,-0.3368660845914033,3.833575996395666
4.08,0.0,0.0,0.14919842413380646,0.0,0.0,-1.6273428558482723,0.0,0.0,0.0,0.0,0.0,0.0,0.0,0.0,0.5,0.0,0.0,0.0,0.2,0.0,0.0,0.0,84.21557971014494,84.21557971014494,84.21557971014494,84.21557971014494,0.35080157586619354,1.6273428558482723,0.0,0.0,0.0,-0.35080157586619354,3.896604997862596
4.088,0.0,0.0,0.13506421260658114,0.0,0.0,-1.655229572859251,0.0,0.0,0.0,0.0,0.0,0.0,0.0,0.0,0.5,0.0,0.0,0.0,0.2,0.0,0.0,0.0,84.21557971014494,84.21557971014494,84.21557971014494,84.21557971014494,0.36493578739341886,1.655229572859251,0.0,0.0,0.0,-0.36493578739341886,3.844291000859812
4.096,0.0,0.0,0.1207375537739017,0.0,0.0,-1.6823501291043863,0.0,0.0,0.0,0.0,0.0,0.0,0.0,0.0,0.5,0.0,0.0,0.0,0.2,0.0,0.0,0.0,84.21557971014494,84.21557971014494,84.21557971014494,84.21557971014494,0.3792624462260983,1.6823501291043863,0.0,0.0,0.0,-0.3792624462260983,3.773518998059444
4.104,0.0,0.0,0.10622475612293442,0.0,0.0,-1.708700044557691,0.0,0.0,0.0,0.0,0.0,0.0,0.0,0.0,0.5,0.0,0.0,0.0,0.2,0.0,0.0,0.0,84.21557971014494,84.21557971014494,84.21557971014494,84.21557971014494,0.3937752438770656,1.708700044557691,0.0,0.0,0.0,-0.3937752438770656,3.877000999636948
4.112,0.0,0.0,0.09153216363485316,0.0,0.0,-1.7342748478481842,0.0,0.0,0.0,0.0,0.0,0.0,0.0,0.0,0.5,0.0,0.0,0.0,0.2,0.0,0.0,0.0,84.21557971014494,84.21557971014494,84.21557971014494,84.21557971014494,0.40846783636514683,1.7342748478481842,0.0,0.0,0.0,-0.40846783636514683,3.825520005193539
4.12,0.0,0.0,0.07666615573872182,0.0,0.0,-1.7590700756818305,0.0,0.0,0.0,0.0,0.0,0.0,0.0,0.0,0.5,0.0,0.0,0.0,0.2,0.0,0.0,0.0,84.21557971014494,84.21557971014494,84.21557971014494,84.21557971014494,0.4233338442612782,1.7590700756818305,0.0,0.0,0.0,-0.4233338442612782,3.9148930009105243
4.128,0.0,0.0,0.06163314726543665,0.0,0.0,-1.7830812723775935,0.0,0.0,0.0,0.0,0.0,0.0,0.0,0.0,0.5,0.0,0.0,0.0,0.2,0.0,0.0,0.0,84.21557971014494,84.21557971014494,84.21557971014494,84.21557971014494,0.43836685273456333,1.7830812723775935,0.0,0.0,0.0,-0.43836685273456333,3.849556000204757
4.136,0.0,0.0,0.04643958840172841,0.0,0.0,-1.8063039894947805,0.0,0.0,0.0,0.0,0.0,0.0,0.0,0.0,0.5,0.0,0.0,0.0,0.2,0.0,0.0,0.0,84.21557971014494,84.21557971014494,84.21557971014494,84.21557971014494,0.4535604115982716,1.8063039894947805,0.0,0.0,0.0,-0.4535604115982716,3.8466520054498687
4.144,0.0,0.0,0.031091964644224306,0.0,0.0,-1.828733785533427,0.0,0.0,0.0,0.0,0.0,0.0,0.0,0.0,0.5,0.0,0.0,0.0,0.2,0.0,0.0,0.0,84.21557971014494,84.21557971014494,84.21557971014494,84.21557971014494,0.4689080353557757,1.828733785533427,0.0,0.0,0.0,-0.4689080353557757,3.9451940028811805
4.152,0.0,0.0,0.015596796753569595,0.0,0.0,-1.850366225693109,0.0,0.0,0.0,0.0,0.0,0.0,0.0,0.0,0.5,0.0,0.0,0.0,0.2,0.0,0.0,0.0,84.21557971014494,84.21557971014494,84.21557971014494,84.21557971014494,0.4844032032464304,1.850366225693109,0.0,0.0,0.0,-0.4844032032464304,3.762508997169789
4.16,0.0,0.0,0.023255693409037884,0.0,0.0,-1.2888205641677803,0.0,0.0,0.0,0.0,0.0,0.0,0.0,0.0,0.5,0.0,0.0,0.0,0.2,0.0,0.0,0.0,84.21557971014494,84.21557971014494,84.21557971014494,84.21557971014494,0.4767443065909621,1.2888205641677803,0.0,0.0,0.0,-0.4767443065909621,5.16082900139736
4.168,0.0,0.0,0.03074992564564072,0.0,0.0,-0.8437006454191537,0.0,0.0,0.0,0.0,0.0,0.0,0.0,0.0,0.5,0.0,0.0,0.0,0.2,0.0,0.0,0.0,84.21557971014494,84.21557971014494,84.21557971014494,84.21557971014494,0.4692500743543593,0.8437006454191537,0.0,0.0,0.0,-0.4692500743543593,5.314264999469742
4.176,0.0,0.0,0.03808615906805629,0.0,0.0,-0.4915546807749338,0.0,0.0,0.0,0.0,0.0,0.0,0.0,0.0,0.5,0.0,0.0,0.0,0.2,0.0,0.0,0.0,84.21557971014494,84.21557971014494,84.21557971014494,84.21557971014494,0.4619138409319437,0.4915546807749338,0.0,0.0,0.0,-0.4619138409319437,4.992364003555849
4.184,0.0,0.0,0.04527109431096528,0.0,0.0,-0.2136203635472225,0.0,0.0,0.0,0.0,0.0,0.0,0.0,0.0,0.5,0.0,0.0,0.0,0.2,0.0,0.0,0.0,84.21557971014494,84.21557971014494,84.21557971014494,84.21557971014494,0.45472890568903473,0.2136203635472225,0.0,0.0,0.0,-0.45472890568903473,3.8496889974339865
4.192,0.0,0.0,0.05231146699353613,0.0,0.0,0.005113026226493095,0.0,0.0,0.0,0.0,0.0,0.0,0.0,0.0,0.5,0.0,0.0,0.0,0.2,0.0,0.0,0.0,84.21557971014494,84.21557971014494,84.21557971014494,84.21557971014494,0.4476885330064639,0.005113026226493095,0.0,0.0,0.0,-0.4476885330064639,3.0137560024741106
4.2,0.0,0.0,0.05921404767396948,0.0,0.0,0.17665493799202817,0.0,0.0,0.0,0.0,0.0,0.0,0.0,0.0,0.5,0.0,0.0,0.0,0.2,0.0,0.0,0.0,84.21557971014494,84.21557971014494,84.21557971014494,84.21557971014494,0.4407859523260305,0.17665493799202817,0.0,0.0,0.0,-0.4407859523260305,2.1713870009989478
4.208,0.0,0.0,0.06598564180410164,0.0,0.0,0.3106138036469264,0.0,0.0,0.0,0.0,0.0,0.0,0.0,0.0,0.5,0.0,0.0,0.0,0.2,0.0,0.0,0.0,84.21557971014494,84.21557971014494,84.21557971014494,84.21557971014494,0.43401435819589834,0.3106138036469264,0.0,0.0,0.0,-0.43401435819589834,1.6204309940803796
4.216,0.0,0.0,0.07263308968406706,0.0,0.0,0.41467723991667654,0.0,0.0,0.0,0.0,0.0,0.0,0.0,0.0,0.5,0.0,0.0,0.0,0.2,0.0,0.0,0.0,84.21557971014494,84.21557971014494,84.21557971014494,84.21557971014494,0.42736691031593294,0.41467723991667654,0.0,0.0,0.0,-0.42736691031593294,1.158227001724299
4.224,0.0,0.0,0.07916326641701972,0.0,0.0,0.4949962102571575,0.0,0.0,0.0,0.0,0.0,0.0,0.0,0.0,0.5,0.0,0.0,0.0,0.2,0.0,0.0,0.0,84.21557971014494,84.21557971014494,84.21557971014494,84.21557971014494,0.4208367335829803,0.4949962102571575,0.0,0.0,0.0,-0.4208367335829803,0.8415849952143617
4.232,0.0,0.0,0.08558308186391331,0.0,0.0,0.5564923543780655,0.0,0.0,0.0,0.0,0.0,0.0,0.0,0.0,0.5,0.0,0.0,0.0,0.2,0.0,0.0,0.0,84.21557971014494,84.21557971014494,84.21557971014494,84.21557971014494,0.4144169181360867,0.5564923543780655,0.0,0.0,0.0,-0.4144169181360867,0.6879120046505705
4.24,0.0,0.0,0.09189948059834022,0.0,0.0,0.6031038518631251,0.0,0.0,0.0,0.0,0.0,0.0,0.0,0.0,0.5,0.0,0.0,0.0,0.2,0.0,0.0,0.0,84.21557971014494,84.21557971014494,84.21557971014494,84.21557971014494,0.4081005194016598,0.6031038518631251,0.0,0.0,0.0,-0.4081005194016598,0.5520550039364025
4.248,0.0,0.0,0.09811944186142917,0.0,0.0,0.6379821130677237,0.0,0.0,0.0,0.0,0.0,0.0,0.0,0.0,0.5,0.0,0.0,0.0,0.2,0.0,0.0,0.0,84.21557971014494,84.21557971014494,84.21557971014494,84.21557971014494,0.4018805581385708,0.6379821130677237,0.0,0.0,0.0,-0.4018805581385708,0.44899700151290745
4.256,0.0,0.0,0.10424997951680143,0.0,0.0,0.6636491318384854,0.0,0.0,0.0,0.0,0.0,0.0,0.0,0.0,0.5,0.0,0.0,0.0,0.2,0.0,0.0,0.0,84.21557971014494,84.21557971014494,84.21557971014494,84.21557971014494,0.3957500204831986,0.6636491318384854,0.0,0.0,0.0,-0.3957500204831986,0.3842799997073598
4.264,0.0,0.0,0.11029814200558563,0.0,0.0,0.6821233676903933,0.0,0.0,0.0,0.0,0.0,0.0,0.0,0.0,0.5,0.0,0.0,0.0,0.2,0.0,0.0,0.0,84.21557971014494,84.21557971014494,84.21557971014494,84.21557971014494,0.38970185799441437,0.6821233676903933,0.0,0.0,0.0,-0.38970185799441437,0.30693800363224
4.272,0.0,0.0,0.11627101230149095,0.0,0.0,0.6950204515499475,0.0,0.0,0.0,0.0,0.0,0.0,0.0,0.0,0.5,0.0,0.0,0.0,0.2,0.0,0.0,0.0,84.21557971014494,84.21557971014494,84.21557971014494,84.21557971014494,0.38372898769850905,0.6950204515499475,0.0,0.0,0.0,-0.38372898769850905,0.27648600371321663
4.28,0.0,0.0,0.12217570786593869,0.0,0.0,0.7036337503511514,0.0,0.0,0.0,0.0,0.0,0.0,0.0,0.0,0.5,0.0,0.0,0.0,0.2,0.0,0.0,0.0,84.21557971014494,84.21557971014494,84.21557971014494,84.21557971014494,0.3778242921340613,0.7036337503511514,0.0,0.0,0.0,-0.3778242921340613,0.2521560018067248
4.288,0.0,0.0,0.1280193806032522,0.0,0.0,0.7089988187137584,0.0,0.0,0.0,0.0,0.0,0.0,0.0,0.0,0.5,0.0,0.0,0.0,0.2,0.0,0.0,0.0,84.21557971014494,84.21557971014494,84.21557971014494,84.21557971014494,0.3719806193967478,0.7089988187137584,0.0,0.0,0.0,-0.3719806193967478,0.24195099831558764
4.296,0.0,0.0,0.13380921681590494,0.0,0.0,0.7119449602873253,0.0,0.0,0.0,0.0,0.0,0.0,0.0,0.0,0.5,0.0,0.0,0.0,0.2,0.0,0.0,0.0,84.21557971014494,84.21557971014494,84.21557971014494,84.21557971014494,0.36619078318409504,0.7119449602873253,0.0,0.0,0.0,-0.36619078318409504,0.2227260047220625
4.304,0.0,0.0,0.1395524371598268,0.0,0.0,0.7131364768279066,0.0,0.0,0.0,0.0,0.0,0.0,0.0,0.0,0.5,0.0,0.0,0.0,0.2,0.0,0.0,0.0,84.21557971014494,84.21557971014494,84.21557971014494,84.21557971014494,0.3604475628401732,0.7131364768279066,0.0,0.0,0.0,-0.3604475628401732,0.21238000044832006
4.312,0.0,0.0,0.14525629659976835,0.0,0.0,0.7131056674608642,0.0,0.0,0.0,0.0,0.0,0.0,0.0,0.0,0.5,0.0,0.0,0.0,0.2,0.0,0.0,0.0,84.21557971014494,84.21557971014494,84.21557971014494,84.21557971014494,0.35474370340023165,0.7131056674608642,0.0,0.0,0.0,-0.35474370340023165,0.2016400030697696
4.32,0.0,0.0,0.1509280843647233,0.0,0.0,0.7122792280925648,0.0,0.0,0.0,0.0,0.0,0.0,0.0,0.0,0.5,0.0,0.0,0.0,0.2,0.0,0.0,0.0,84.21557971014494,84.21557971014494,84.21557971014494,84.21557971014494,0.34907191563527673,0.7122792280925648,0.0,0.0,0.0,-0.34907191563527673,0.19839699962176383
4.328,0.0,0.0,0.15657512390340853,0.0,0.0,0.7109993709411824,0.0,0.0,0.0,0.0,0.0,0.0,0.0,0.0,0.5,0.0,0.0,0.0,0.2,0.0,0.0,0.0,84.21557971014494,84.21557971014494,84.21557971014494,84.21557971014494,0.34342487609659145,0.7109993709411824,0.0,0.0,0.0,-0.34342487609659145,0.20063699776073918
4.336,0.0,0.0,0.16220477283980234,0.0,0.0,0.7095407201627911,0.0,0.0,0.0,0.0,0.0,0.0,0.0,0.0,0.5,0.0,0.0,0.0,0.2,0.0,0.0,0.0,84.21557971014494,84.21557971014494,84.21557971014494,84.21557971014494,0.33779522716019766,0.7095407201627911,0.0,0.0,0.0,-0.33779522716019766,0.18265999824507162
4.344,0.0,0.0,0.16782442292874028,0.0,0.0,0.7081238283536814,0.0,0.0,0.0,0.0,0.0,0.0,0.0,0.0,0.5,0.0,0.0,0.0,0.2,0.0,0.0,0.0,84.21557971014494,84.21557971014494,84.21557971014494,84.21557971014494,0.3321755770712597,0.7081238283536814,0.0,0.0,0.0,-0.3321755770712597,0.19386100029805675
4.352,0.0,0.0,0.17344150001156866,0.0,0.0,0.7069259897536546,0.0,0.0,0.0,0.0,0.0,0.0,0.0,0.0,0.5,0.0,0.0,0.0,0.2,0.0,0.0,0.0,84.21557971014494,84.21557971014494,84.21557971014494,84.21557971014494,0.32655849998843134,0.7069259897536546,0.0,0.0,0.0,-0.32655849998843134,0.17022999963955954
4.36,0.0,0.0,0.1790634639718558,0.0,0.0,0.706089890810102,0.0,0.0,0.0,0.0,0.0,0.0,0.0,0.0,0.5,0.0,0.0,0.0,0.1913940659158908,0.0,0.0,0.0,82.65653368041501,82.65653368041501,82.65653368041501,82.65653368041501,0.3209365360281442,0.706089890810102,0.0,0.0,0.0,-0.3209365360281442,0.20868899446213618
4.368,0.0,0.0,0.1846978086911606,0.0,0.0,0.7057305306307013,0.0,0.0,0.0,0.0,0.0,0.0,0.0,0.0,0.5,0.0,0.0,0.0,0.174682456021358,0.0,0.0,0.0,79.62906811981124,79.62906811981124,79.62906811981124,79.62906811981124,0.3153021913088394,0.7057305306307013,0.0,0.0,0.0,-0.3153021913088394,0.18648999684955925
4.376,0.0,0.0,0.19035206200485888,0.0,0.0,0.7059407573470182,0.0,0.0,0.0,0.0,0.0,0.0,0.0,0.0,0.5,0.0,0.0,0.0,0.15728267633390325,0.0,0.0,0.0,76.47693411846073,76.47693411846073,76.47693411846073,76.47693411846073,0.3096479379951411,0.7059407573470182,0.0,0.0,0.0,-0.3096479379951411,0.29681299929507077
4.384,0.0,0.0,0.1960337856580269,0.0,0.0,0.7067956972068149,0.0,0.0,0.0,0.0,0.0,0.0,0.0,0.0,0.5,0.0,0.0,0.0,0.13908393208077507,0.0,0.0,0.0,73.18006015956071,73.18006015956071,73.18006015956071,73.18006015956071,0.30396621434197313,0.7067956972068149,0.0,0.0,0.0,-0.30396621434197313,0.2799649955704808
4.392,0.0,0.0,0.20175057526138226,0.0,0.0,0.7083562978493361,0.0,0.0,0.0,0.0,0.0,0.0,0.0,0.0,0.5,0.0,0.0,0.0,0.11999648852644129,0.0,0.0,0.0,69.72218995044227,69.72218995044227,69.72218995044227,69.72218995044227,0.2982494247386177,0.7083562978493361,0.0,0.0,0.0,-0.2982494247386177,0.22929600527277216
4.4,0.0,0.0,0.20751006024728202,0.0,0.0,0.7106721629269628,0.0,0.0,0.0,0.0,0.0,0.0,0.0,0.0,0.5,0.0,0.0,0.0,0.09994554850064286,0.0,0.0,0.0,66.08977327910196,66.08977327910196,66.08977327910196,66.08977327910196,0.292489939752718,0.7106721629269628,0.0,0.0,0.0,-0.292489939752718,0.18816500232787803
4.408,0.0,0.0,0.2133199038257781,0.0,0.0,0.7137838198039719,0.0,0.0,0.0,0.0,0.0,0.0,0.0,0.0,0.5,0.0,0.0,0.0,0.07885852458921705,0.0,0.0,0.0,62.269660251669755,62.269660251669755,62.269660251669755,62.269660251669755,0.2866800961742219,0.7137838198039719,0.0,0.0,0.0,-0.2866800961742219,0.17870200099423528
4.416,0.0,0.0,0.21918780294072956,0.0,0.0,0.7177245337169642,0.0,0.0,0.0,0.0,0.0,0.0,0.0,0.0,0.5,0.0,0.0,0.0,0.05667698322577852,0.0,0.0,0.0,58.251265077133795,58.251265077133795,58.251265077133795,58.251265077133795,0.2808121970592704,0.7177245337169642,0.0,0.0,0.0,-0.2808121970592704,0.18165100482292473
4.424,0.0,0.0,0.22512148822597222,0.0,0.0,0.7225217591046377,0.0,0.0,0.0,0.0,0.0,0.0,0.0,0.0,0.5,0.0,0.0,0.0,0.03334920155332166,0.0,0.0,0.0,54.0252176727032,54.0252176727032,54.0252176727032,54.0252176727032,0.2748785117740278,0.7225217591046377,0.0,0.0,0.0,-0.2748785117740278,0.17732999549480155
4.432,0.0,0.0,0.23112872396154494,0.0,0.0,0.7281983006730279,0.0,0.0,0.0,0.0,0.0,0.0,0.0,0.0,0.5,0.0,0.0,0.0,0.008822327020165943,0.0,0.0,0.0,49.5819433007547,49.5819433007547,49.5819433007547,49.5819433007547,0.26887127603845506,0.7281983006730279,0.0,0.0,0.0,-0.26887127603845506,0.19887700182152912
4.44,0.0,0.0,0.23721730802997287,0.0,0.0,0.7347732422491207,0.0,0.0,0.0,0.0,0.0,0.0,0.0,0.0,0.5,0.0,0.0,0.0,-0.016944768813843547,0.0,0.0,0.0,44.9139911569124,44.9139911569124,44.9139911569124,44.9139911569124,0.2627826919700271,0.7347732422491207,0.0,0.0,0.0,-0.2627826919700271,0.3649950012913905
4.448,0.0,0.0,0.24339507187260762,0.0,0.0,0.742262689865165,0.0,0.0,0.0,0.0,0.0,0.0,0.0,0.0,0.5,0.0,0.0,0.0,-0.04399458388416333,0.0,0.0,0.0,40.01366233982549,40.01366233982549,40.01366233982549,40.01366233982549,0.2566049281273924,0.742262689865165,0.0,0.0,0.0,-0.2566049281273924,0.2100569981848821
4.456,0.0,0.0,0.24965396247980168,0.0,0.0,0.7502824170719835,0.0,0.0,0.0,0.0,0.0,0.0,0.0,0.0,0.5,0.0,0.0,0.0,-0.07187900921038803,0.0,0.0,0.0,34.96213601261086,34.96213601261086,34.96213601261086,34.96213601261086,0.25034603752019835,0.7502824170719835,0.0,0.0,0.0,-0.25034603752019835,0.17529199976706877
4.464,0.0,0.0,0.2559859809959029,0.0,0.0,0.7585263965601177,0.0,0.0,0.0,0.0,0.0,0.0,0.0,0.0,0.5,0.0,0.0,0.0,-0.10023413479140952,0.0,0.0,0.0,29.82533790010697,29.82533790010697,29.82533790010697,29.82533790010697,0.24401401900409708,0.7585263965601177,0.0,0.0,0.0,-0.24401401900409708,0.19379000150365755
4.472,0.0,0.0,0.2623831826488918,0.0,0.0,0.7667511585728166,0.0,0.0,0.0,0.0,0.0,0.0,0.0,0.0,0.5,0.0,0.0,0.0,-0.12876564462098794,0.0,0.0,0.0,24.656586119386244,24.656586119386244,24.656586119386244,24.656586119386244,0.23761681735110818,0.7667511585728166,0.0,0.0,0.0,-0.23761681735110818,0.17955699877347797
4.48,0.0,0.0,0.26883767668011027,0.0,0.0,0.7747632776387144,0.0,0.0,0.0,0.0,0.0,0.0,0.0,0.0,0.5,0.0,0.0,0.0,-0.15723492898463953,0.0,0.0,0.0,19.499107068000086,19.499107068000086,19.499107068000086,19.499107068000086,0.23116232331988973,0.7747632776387144,0.0,0.0,0.0,-0.23116232331988973,0.16800199955468997
4.488,0.0,0.0,0.2753416262740817,0.0,0.0,0.7824093619602573,0.0,0.0,0.0,0.0,0.0,0.0,0.0,0.0,0.5,0.0,0.0,0.0,-0.18544797380544153,0.0,0.0,0.0,14.388048223651895,14.388048223651895,14.388048223651895,14.388048223651895,0.2246583737259183,0.7824093619602573,0.0,0.0,0.0,-0.2246583737259183,0.1641729977563955
4.496,0.0,0.0,0.28188724848842234,0.0,0.0,0.7895680449267215,0.0,0.0,0.0,0.0,0.0,0.0,0.0,0.0,0.5,0.0,0.0,0.0,-0.2,0.0,0.0,0.0,11.77536231884058,11.77536231884058,11.77536231884058,11.77536231884058,0.21811275151157766,0.7895680449267215,0.0,0.0,0.0,-0.21811275151157766,0.20305100042605773
4.5040000000000004,0.0,0.0,0.28846681418384346,0.0,0.0,0.7961435783269051,0.0,0.0,0.0,0.0,0.0,0.0,0.0,0.0,0.5,0.0,0.0,0.0,-0.2,0.0,0.0,0.0,11.77536231884058,11.77536231884058,11.77536231884058,11.77536231884058,0.21153318581615654,0.7961435783269051,0.0,0.0,0.0,-0.21153318581615654,0.179971000761725
4.5120000000000005,0.0,0.0,0.29507264795424476,0.0,0.0,0.8020607069215565,0.0,0.0,0.0,0.0,0.0,0.0,0.0,0.0,0.5,0.0,0.0,0.0,-0.2,0.0,0.0,0.0,11.77536231884058,11.77536231884058,11.77536231884058,11.77536231884058,0.20492735204575524,0.8020607069215565,0.0,0.0,0.0,-0.20492735204575524,0.23817599867470562
4.5200000000000005,0.0,0.0,0.3016971280568985,0.0,0.0,0.8072605681035891,0.0,0.0,0.0,0.0,0.0,0.0,0.0,0.0,0.5,0.0,0.0,0.0,-0.2,0.0,0.0,0.0,11.77536231884058,11.77536231884058,11.77536231884058,11.77536231884058,0.19830287194310148,0.8072605681035891,0.0,0.0,0.0,-0.19830287194310148,0.23928500013425946
4.5280000000000005,0.0,0.0,0.3083326863427243,0.0,0.0,0.811697411628516,0.0,0.0,0.0,0.0,0.0,0.0,0.0,0.0,0.5,0.0,0.0,0.0,-0.2,0.0,0.0,0.0,11.77536231884058,11.77536231884058,11.77536231884058,11.77536231884058,0.19166731365727568,0.811697411628516,0.0,0.0,0.0,-0.19166731365727568,0.27550000231713057
4.5360000000000005,0.0,0.0,0.31497180818665443,0.0,0.0,0.8153359754010657,0.0,0.0,0.0,0.0,0.0,0.0,0.0,0.0,0.5,0.0,0.0,0.0,-0.2,0.0,0.0,0.0,11.77536231884058,11.77536231884058,11.77536231884058,11.77536231884058,0.18502819181334557,0.8153359754010657,0.0,0.0,0.0,-0.18502819181334557,0.2872160039260052
4.5440000000000005,0.0,0.0,0.3216070324180898,0.0,0.0,0.8181493861067367,0.0,0.0,0.0,0.0,0.0,0.0,0.0,0.0,0.5,0.0,0.0,0.0,-0.2,0.0,0.0,0.0,11.77536231884058,11.77536231884058,11.77536231884058,11.77536231884058,0.1783929675819102,0.8181493861067367,0.0,0.0,0.0,-0.1783929675819102,0.39593099791090935
4.5520000000000005,0.0,0.0,0.32823095125144636,0.0,0.0,0.8201174797193033,0.0,0.0,0.0,0.0,0.0,0.0,0.0,0.0,0.5,0.0,0.0,0.0,-0.2,0.0,0.0,0.0,11.77536231884058,11.77536231884058,11.77536231884058,11.77536231884058,0.17176904874855364,0.8201174797193033,0.0,0.0,0.0,-0.17176904874855364,0.4160469979979098
4.5600000000000005,0.0,0.0,0.3348362102167914,0.0,0.0,0.8212254579090683,0.0,0.0,0.0,0.0,0.0,0.0,0.0,0.0,0.5,0.0,0.0,0.0,-0.2,0.0,0.0,0.0,11.77536231884058,11.77536231884058,11.77536231884058,11.77536231884058,0.16516378978320861,0.8212254579090683,0.0,0.0,0.0,-0.16516378978320861,0.4035579986521043
4.5680000000000005,0.0,0.0,0.3414155080905702,0.0,0.0,0.8214628131717248,0.0,0.0,0.0,0.0,0.0,0.0,0.0,0.0,0.5,0.0,0.0,0.0,-0.2,0.0,0.0,0.0,11.77536231884058,11.77536231884058,11.77536231884058,11.77536231884058,0.1585844919094298,0.8214628131717248,0.0,0.0,0.0,-0.1585844919094298,0.3972470003645867
4.5760000000000005,0.0,0.0,0.34796159682642275,0.0,0.0,0.8208224689336935,0.0,0.0,0.0,0.0,0.0,0.0,0.0,0.0,0.5,0.0,0.0,0.0,-0.2,0.0,0.0,0.0,11.77536231884058,11.77536231884058,11.77536231884058,11.77536231884058,0.15203840317357725,0.8208224689336935,0.0,0.0,0.0,-0.15203840317357725,0.43213099706918
4.5840000000000005,0.0,0.0,0.35446728148609025,0.0,0.0,0.8193000916386421,0.0,0.0,0.0,0.0,0.0,0.0,0.0,0.0,0.5,0.0,0.0,0.0,-0.2,0.0,0.0,0.0,11.77536231884058,11.77536231884058,11.77536231884058,11.77536231884058,0.14553271851390975,0.8193000916386421,0.0,0.0,0.0,-0.14553271851390975,0.4768650032929145
4.5920000000000005,0.0,0.0,0.36092542017041124,0.0,0.0,0.8168935404189385,0.0,0.0,0.0,0.0,0.0,0.0,0.0,0.0,0.5,0.0,0.0,0.0,-0.2,0.0,0.0,0.0,11.77536231884058,11.77536231884058,11.77536231884058,11.77536231884058,0.13907457982958876,0.8168935404189385,0.0,0.0,0.0,-0.13907457982958876,0.555364997126162
4.6000000000000005,0.0,0.0,0.36732892395040784,0.0,0.0,0.8136024268350657,0.0,0.0,0.0,0.0,0.0,0.0,0.0,0.0,0.5,0.0,0.0,0.0,-0.2,0.0,0.0,0.0,11.77536231884058,11.77536231884058,11.77536231884058,11.77536231884058,0.13267107604959216,0.8136024268350657,0.0,0.0,0.0,-0.13267107604959216,0.6528059966512956
4.6080000000000005,0.0,0.0,0.37367075679846096,0.0,0.0,0.8094277626693804,0.0,0.0,0.0,0.0,0.0,0.0,0.0,0.0,0.5,0.0,0.0,0.0,-0.2,0.0,0.0,0.0,11.77536231884058,11.77536231884058,11.77536231884058,11.77536231884058,0.12632924320153904,0.8094277626693804,0.0,0.0,0.0,-0.12632924320153904,0.6205660029081628
4.616,0.0,0.0,0.3799439355195754,0.0,0.0,0.8043716781633826,0.0,0.0,0.0,0.0,0.0,0.0,0.0,0.0,0.5,0.0,0.0,0.0,-0.2,0.0,0.0,0.0,11.77536231884058,11.77536231884058,11.77536231884058,11.77536231884058,0.1200560644804246,0.8043716781633826,0.0,0.0,0.0,-0.1200560644804246,0.6528789963340387
4.624,0.0,0.0,0.38614152968273396,0.0,0.0,0.7984371966096703,0.0,0.0,0.0,0.0,0.0,0.0,0.0,0.0,0.5,0.0,0.0,0.0,-0.2,0.0,0.0,0.0,11.77536231884058,11.77536231884058,11.77536231884058,11.77536231884058,0.11385847031726604,0.7984371966096703,0.0,0.0,0.0,-0.11385847031726604,0.577812003029976
4.632,0.0,0.0,0.392256661552341,0.0,0.0,0.7916280540279124,0.0,0.0,0.0,0.0,0.0,0.0,0.0,0.0,0.5,0.0,0.0,0.0,-0.2,0.0,0.0,0.0,11.77536231884058,11.77536231884058,11.77536231884058,11.77536231884058,0.10774333844765899,0.7916280540279124,0.0,0.0,0.0,-0.10774333844765899,0.6231089937500656
4.64,0.0,0.0,0.39828250601975473,0.0,0.0,0.7839485549076729,0.0,0.0,0.0,0.0,0.0,0.0,0.0,0.0,0.5,0.0,0.0,0.0,-0.2,0.0,0.0,0.0,11.77536231884058,11.77536231884058,11.77536231884058,11.77536231884058,0.10171749398024527,0.7839485549076729,0.0,0.0,0.0,-0.10171749398024527,0.6870559955132194
4.648,0.0,0.0,0.4042122905349088,0.0,0.0,0.7754034568049903,0.0,0.0,0.0,0.0,0.0,0.0,0.0,0.0,0.5,0.0,0.0,0.0,-0.2,0.0,0.0,0.0,11.77536231884058,11.77536231884058,11.77536231884058,11.77536231884058,0.09578770946509119,0.7754034568049903,0.0,0.0,0.0,-0.09578770946509119,0.6221949952305295
4.656,0.0,0.0,0.4100392950380226,0.0,0.0,0.7659978780218372,0.0,0.0,0.0,0.0,0.0,0.0,0.0,0.0,0.5,0.0,0.0,0.0,-0.2,0.0,0.0,0.0,11.77536231884058,11.77536231884058,11.77536231884058,11.77536231884058,0.08996070496197739,0.7659978780218372,0.0,0.0,0.0,-0.08996070496197739,0.5769220006186515
4.664,0.0,0.0,0.4157568518914002,0.0,0.0,0.7557372237519098,0.0,0.0,0.0,0.0,0.0,0.0,0.0,0.0,0.5,0.0,0.0,0.0,-0.2,0.0,0.0,0.0,11.77536231884058,11.77536231884058,11.77536231884058,11.77536231884058,0.08424314810859979,0.7557372237519098,0.0,0.0,0.0,-0.08424314810859979,0.5759069972555153
4.672,0.0,0.0,0.4213583458113181,0.0,0.0,0.7446271269994746,0.0,0.0,0.0,0.0,0.0,0.0,0.0,0.0,0.5,0.0,0.0,0.0,-0.2,0.0,0.0,0.0,11.77536231884058,11.77536231884058,11.77536231884058,11.77536231884058,0.07864165418868191,0.7446271269994746,0.0,0.0,0.0,-0.07864165418868191,0.6843279988970608
4.68,0.0,0.0,0.4268372138000012,0.0,0.0,0.7326734013166579,0.0,0.0,0.0,0.0,0.0,0.0,0.0,0.0,0.5,0.0,0.0,0.0,-0.2,0.0,0.0,0.0,11.77536231884058,11.77536231884058,11.77536231884058,11.77536231884058,0.07316278619999877,0.7326734013166579,0.0,0.0,0.0,-0.07316278619999877,0.5703080023522489
4.688,0.0,0.0,0.43218694507768757,0.0,0.0,0.7198820029954848,0.0,0.0,0.0,0.0,0.0,0.0,0.0,0.0,0.5,0.0,0.0,0.0,-0.2,0.0,0.0,0.0,11.77536231884058,11.77536231884058,11.77536231884058,11.77536231884058,0.06781305492231243,0.7198820029954848,0.0,0.0,0.0,-0.06781305492231243,0.4760349984280765
4.696,0.0,0.0,0.4374010810147809,0.0,0.0,0.7062590008237217,0.0,0.0,0.0,0.0,0.0,0.0,0.0,0.0,0.5,0.0,0.0,0.0,-0.2,0.0,0.0,0.0,11.77536231884058,11.77536231884058,11.77536231884058,11.77536231884058,0.06259891898521908,0.7062590008237217,0.0,0.0,0.0,-0.06259891898521908,0.5253189956420101
4.704,0.0,0.0,0.4424732150640919,0.0,0.0,0.691810551891751,0.0,0.0,0.0,0.0,0.0,0.0,0.0,0.0,0.5,0.0,0.0,0.0,-0.2,0.0,0.0,0.0,11.77536231884058,11.77536231884058,11.77536231884058,11.77536231884058,0.057526784935908126,0.691810551891751,0.0,0.0,0.0,-0.057526784935908126,0.17415299953427166
4.712,0.0,0.0,0.44739699269316674,0.0,0.0,0.6765428822402724,0.0,0.0,0.0,0.0,0.0,0.0,0.0,0.0,0.5,0.0,0.0,0.0,-0.2,0.0,0.0,0.0,11.77536231884058,11.77536231884058,11.77536231884058,11.77536231884058,0.05260300730683326,0.6765428822402724,0.0,0.0,0.0,-0.05260300730683326,0.4386909931781702
4.72,0.0,0.0,0.4521661113167045,0.0,0.0,0.6604622713806613,0.0,0.0,0.0,0.0,0.0,0.0,0.0,0.0,0.5,0.0,0.0,0.0,-0.2,0.0,0.0,0.0,11.77536231884058,11.77536231884058,11.77536231884058,11.77536231884058,0.04783388868329552,0.6604622713806613,0.0,0.0,0.0,-0.04783388868329552,0.48203500045929104
4.728,0.0,0.0,0.45677432022906145,0.0,0.0,0.6435750399134532,0.0,0.0,0.0,0.0,0.0,0.0,0.0,0.0,0.5,0.0,0.0,0.0,-0.2,0.0,0.0,0.0,11.77536231884058,11.77536231884058,11.77536231884058,11.77536231884058,0.04322567977093855,0.6435750399134532,0.0,0.0,0.0,-0.04322567977093855,0.4975080009899102
4.736,0.0,0.0,0.4612154205368438,0.0,0.0,0.6258875396253207,0.0,0.0,0.0,0.0,0.0,0.0,0.0,0.0,0.5,0.0,0.0,0.0,-0.2,0.0,0.0,0.0,11.77536231884058,11.77536231884058,11.77536231884058,11.77536231884058,0.03878457946315622,0.6258875396253207,0.0,0.0,0.0,-0.03878457946315622,0.7369560044026002
4.744,0.0,0.0,0.4654832650915874,0.0,0.0,0.6074061455688466,0.0,0.0,0.0,0.0,0.0,0.0,0.0,0.0,0.5,0.0,0.0,0.0,-0.2,0.0,0.0,0.0,11.77536231884058,11.77536231884058,11.77536231884058,11.77536231884058,0.034516734908412616,0.6074061455688466,0.0,0.0,0.0,-0.034516734908412616,0.5413390026660636
4.752,0.0,0.0,0.4695717584225255,0.0,0.0,0.5881372497285307,0.0,0.0,0.0,0.0,0.0,0.0,0.0,0.0,0.5,0.0,0.0,0.0,-0.2,0.0,0.0,0.0,11.77536231884058,11.77536231884058,11.77536231884058,11.77536231884058,0.03042824157747448,0.5881372497285307,0.0,0.0,0.0,-0.03042824157747448,0.5081409981357865
4.76,0.0,0.0,0.4734748566694435,0.0,0.0,0.5680872559557739,0.0,0.0,0.0,0.0,0.0,0.0,0.0,0.0,0.5,0.0,0.0,0.0,-0.2,0.0,0.0,0.0,11.77536231884058,11.77536231884058,11.77536231884058,11.77536231884058,0.0265251433305565,0.5680872559557739,0.0,0.0,0.0,-0.0265251433305565,0.4991200039512478
4.768,0.0,0.0,0.47718656751562083,0.0,0.0,0.5472625759190524,0.0,0.0,0.0,0.0,0.0,0.0,0.0,0.0,0.5,0.0,0.0,0.0,-0.2,0.0,0.0,0.0,11.77536231884058,11.77536231884058,11.77536231884058,11.77536231884058,0.02281343248437917,0.5472625759190524,0.0,0.0,0.0,-0.02281343248437917,0.6921309977769852
4.776,0.0,0.0,0.4807009501208603,0.0,0.0,0.5256696258662281,0.0,0.0,0.0,0.0,0.0,0.0,0.0,0.0,0.5,0.0,0.0,0.0,-0.2,0.0,0.0,0.0,11.77536231884058,11.77536231884058,11.77536231884058,11.77536231884058,0.019299049879139718,0.5256696258662281,0.0,0.0,0.0,-0.019299049879139718,0.7631539992871694
4.784,0.0,0.0,0.48401211505460434,0.0,0.0,0.5033148240365839,0.0,0.0,0.0,0.0,0.0,0.0,0.0,0.0,0.5,0.0,0.0,0.0,-0.2,0.0,0.0,0.0,11.77536231884058,11.77536231884058,11.77536231884058,11.77536231884058,0.01598788494539566,0.5033148240365839,0.0,0.0,0.0,-0.01598788494539566,0.4691829963121563
4.792,0.0,0.0,0.487114224229138,0.0,0.0,0.4802045885926092,0.0,0.0,0.0,0.0,0.0,0.0,0.0,0.0,0.5,0.0,0.0,0.0,-0.2,0.0,0.0,0.0,11.77536231884058,11.77536231884058,11.77536231884058,11.77536231884058,0.012885775770861974,0.4802045885926092,0.0,0.0,0.0,-0.012885775770861974,0.5353719971026294
4.8,0.0,0.0,0.49000149083287914,0.0,0.0,0.4563453359676152,0.0,0.0,0.0,0.0,0.0,0.0,0.0,0.0,0.5,0.0,0.0,0.0,-0.2,0.0,0.0,0.0,11.77536231884058,11.77536231884058,11.77536231884058,11.77536231884058,0.009998509167120861,0.4563453359676152,0.0,0.0,0.0,-0.009998509167120861,0.43837400153279305
4.808,0.0,0.0,0.4926681792637545,0.0,0.0,0.4317434795459762,0.0,0.0,0.0,0.0,0.0,0.0,0.0,0.0,0.5,0.0,0.0,0.0,-0.2,0.0,0.0,0.0,11.77536231884058,11.77536231884058,11.77536231884058,11.77536231884058,0.007331820736245498,0.4317434795459762,0.0,0.0,0.0,-0.007331820736245498,0.45408499863697216
4.816,0.0,0.0,0.4951086050626633,0.0,0.0,0.40640542860950085,0.0,0.0,0.0,0.0,0.0,0.0,0.0,0.0,0.5,0.0,0.0,0.0,-0.2,0.0,0.0,0.0,11.77536231884058,11.77536231884058,11.77536231884058,11.77536231884058,0.004891394937336702,0.40640542860950085,0.0,0.0,0.0,-0.004891394937336702,0.4854970029555261
4.824,0.0,0.0,0.4973171348470267,0.0,0.0,0.3803375874966862,0.0,0.0,0.0,0.0,0.0,0.0,0.0,0.0,0.5,0.0,0.0,0.0,-0.2,0.0,0.0,0.0,11.77536231884058,11.77536231884058,11.77536231884058,11.77536231884058,0.0026828651529732794,0.3803375874966862,0.0,0.0,0.0,-0.0026828651529732794,0.39660599577473477
4.832,0.0,0.0,0.4992881862444237,0.0,0.0,0.3535463549322741,0.0,0.0,0.0,0.0,0.0,0.0,0.0,0.0,0.5,0.0,0.0,0.0,-0.2,0.0,0.0,0.0,11.77536231884058,11.77536231884058,11.77536231884058,11.77536231884058,0.0007118137555762738,0.3535463549322741,0.0,0.0,0.0,-0.0007118137555762738,0.3855559989460744
4.84,0.0,0.0,0.5010162278263133,0.0,0.0,0.326038123493058,0.0,0.0,0.0,0.0,0.0,0.0,0.0,0.0,0.5,0.0,0.0,0.0,-0.2,0.0,0.0,0.0,11.77536231884058,11.77536231884058,11.77536231884058,11.77536231884058,0.0010162278263132762,0.326038123493058,0.0,0.0,0.0,0.0010162278263132762,0.3291449975222349
4.848,0.0,0.0,0.5024957790418428,0.0,0.0,0.2978192791826854,0.0,0.0,0.0,0.0,0.0,0.0,0.0,0.0,0.5,0.0,0.0,0.0,-0.2,0.0,0.0,0.0,11.77536231884058,11.77536231884058,11.77536231884058,11.77536231884058,0.0024957790418428383,0.2978192791826854,0.0,0.0,0.0,0.0024957790418428383,0.31552199652651325
4.856,0.0,0.0,0.5037214101517422,0.0,0.0,0.26889620109363266,0.0,0.0,0.0,0.0,0.0,0.0,0.0,0.0,0.5,0.0,0.0,0.0,-0.2,0.0,0.0,0.0,11.77536231884058,11.77536231884058,11.77536231884058,11.77536231884058,0.0037214101517422105,0.26889620109363266,0.0,0.0,0.0,0.0037214101517422105,0.31940200278768316
4.864,0.0,0.0,0.5046877421623042,0.0,0.0,0.23927526113895498,0.0,0.0,0.0,0.0,0.0,0.0,0.0,0.0,0.5,0.0,0.0,0.0,-0.2,0.0,0.0,0.0,11.77536231884058,11.77536231884058,11.77536231884058,11.77536231884058,0.004687742162304165,0.23927526113895498,0.0,0.0,0.0,0.004687742162304165,0.22265000006882474
4.872,0.0,0.0,0.50538944675945,0.0,0.0,0.20896282383980902,0.0,0.0,0.0,0.0,0.0,0.0,0.0,0.0,0.5,0.0,0.0,0.0,-0.2,0.0,0.0,0.0,11.77536231884058,11.77536231884058,11.77536231884058,11.77536231884058,0.005389446759449967,0.20896282383980902,0.0,0.0,0.0,0.005389446759449967,0.18281200027558953
4.88,0.0,0.0,0.5058212462428815,0.0,0.0,0.17796524615763543,0.0,0.0,0.0,0.0,0.0,0.0,0.0,0.0,0.5,0.0,0.0,0.0,-0.2,0.0,0.0,0.0,11.77536231884058,11.77536231884058,11.77536231884058,11.77536231884058,0.005821246242881495,0.17796524615763543,0.0,0.0,0.0,0.005821246242881495,0.18126599752577022
4.888,0.0,0.0,0.505977913460318,0.0,0.0,0.14628887736201976,0.0,0.0,0.0,0.0,0.0,0.0,0.0,0.0,0.5,0.0,0.0,0.0,-0.178984298145897,0.0,0.0,0.0,15.55900395907663,15.55900395907663,15.55900395907663,15.55900395907663,0.005977913460317952,0.14628887736201976,0.0,0.0,0.0,0.005977913460317952,0.16745000175433233
4.896,0.0,0.0,0.5058542717418187,0.0,0.0,0.1139400589271355,0.0,0.0,0.0,0.0,0.0,0.0,0.0,0.0,0.5,0.0,0.0,0.0,-0.14270581354402445,0.0,0.0,0.0,22.131193198546296,22.131193198546296,22.131193198546296,22.131193198546296,0.0058542717418187395,0.1139400589271355,0.0,0.0,0.0,0.0058542717418187395,0.1685960014583543
4.904,0.0,0.0,0.5054451948341915,0.0,0.0,0.08092512445102694,0.0,0.0,0.0,0.0,0.0,0.0,0.0,0.0,0.5,0.0,0.0,0.0,-0.10482326906522976,0.0,0.0,0.0,28.99397299542939,28.99397299542939,28.99397299542939,28.99397299542939,0.00544519483419148,0.08092512445102694,0.0,0.0,0.0,0.00544519483419148,0.15913500101305544
4.912,0.0,0.0,0.504745606835485,0.0,0.0,0.04725039959315887,0.0,0.0,0.0,0.0,0.0,0.0,0.0,0.0,0.5,0.0,0.0,0.0,-0.06532731157754068,0.0,0.0,0.0,36.14903775769191,36.14903775769191,36.14903775769191,36.14903775769191,0.004745606835484972,0.04725039959315887,0.0,0.0,0.0,0.004745606835484972,0.16856299771461636
4.92,0.0,0.0,0.5037613319784565,0.0,0.0,0.013193448248815735,0.0,0.0,0.0,0.0,0.0,0.0,0.0,0.0,0.5,0.0,0.0,0.0,-0.02454364267583997,0.0,0.0,0.0,43.5373835732174,43.5373835732174,43.5373835732174,43.5373835732174,0.003761331978456517,0.013193448248815735,0.0,0.0,0.0,0.003761331978456517,0.16395300190197304
4.928,0.0,0.0,0.502498230619066,0.0,0.0,-0.02102277538571142,0.0,0.0,0.0,0.0,0.0,0.0,0.0,0.0,0.5,0.0,0.0,0.0,0.01726251202660567,0.0,0.0,0.0,51.11096232366045,51.11096232366045,51.11096232366045,51.11096232366045,0.0024982306190659553,0.02102277538571142,0.0,0.0,0.0,0.0024982306190659553,0.16079800116131082
4.936,0.0,0.0,0.5009621991895408,0.0,0.0,-0.05521900604669877,0.0,0.0,0.0,0.0,0.0,0.0,0.0,0.0,0.5,0.0,0.0,0.0,0.059874306627332174,0.0,0.0,0.0,58.83049033103844,58.83049033103844,58.83049033103844,58.83049033103844,0.0009621991895407689,0.05521900604669877,0.0,0.0,0.0,0.0009621991895407689,0.22815100237494335
4.944,0.0,0.0,0.4991591701515016,0.0,0.0,-0.08925093078833884,0.0,0.0,0.0,0.0,0.0,0.0,0.0,0.0,0.5,0.0,0.0,0.0,0.10311357857498449,0.0,0.0,0.0,66.66369177083052,66.66369177083052,66.66369177083052,66.66369177083052,0.0008408298484984256,0.08925093078833884,0.0,0.0,0.0,-0.0008408298484984256,0.17166099860332906
4.952,0.0,0.0,0.4970951119491492,0.0,0.0,-0.12300219968948084,0.0,0.0,0.0,0.0,0.0,0.0,0.0,0.0,0.5,0.0,0.0,0.0,0.14683309158403135,0.0,0.0,0.0,74.58389340290424,74.58389340290424,74.58389340290424,74.58389340290424,0.002904888050850818,0.12300219968948084,0.0,0.0,0.0,-0.002904888050850818,0.15675699978601187
4.96,0.0,0.0,0.49477602896251205,0.0,0.0,-0.15637883441751294,0.0,0.0,0.0,0.0,0.0,0.0,0.0,0.0,0.5,0.0,0.0,0.0,0.19091032999305857,0.0,0.0,0.0,82.56890036106134,82.56890036106134,82.56890036106134,82.56890036106134,0.005223971037487951,0.15637883441751294,0.0,0.0,0.0,-0.005223971037487951,0.2000679960474372
4.968,0.0,0.0,0.4922079614607547,0.0,0.0,-0.18930475507794442,0.0,0.0,0.0,0.0,0.0,0.0,0.0,0.0,0.5,0.0,0.0,0.0,0.2,0.0,0.0,0.0,84.21557971014494,84.21557971014494,84.21557971014494,84.21557971014494,0.007792038539245316,0.18930475507794442,0.0,0.0,0.0,-0.007792038539245316,0.18611300038173795
4.976,0.0,0.0,0.4893969855555466,0.0,0.0,-0.22171820169255718,0.0,0.0,0.0,0.0,0.0,0.0,0.0,0.0,0.5,0.0,0.0,0.0,0.2,0.0,0.0,0.0,84.21557971014494,84.21557971014494,84.21557971014494,84.21557971014494,0.010603014444453385,0.22171820169255718,0.0,0.0,0.0,-0.010603014444453385,0.24120800662785769
4.984,0.0,0.0,0.48634921315449203,0.0,0.0,-0.2535688713804103,0.0,0.0,0.0,0.0,0.0,0.0,0.0,0.0,0.5,0.0,0.0,0.0,0.2,0.0,0.0,0.0,84.21557971014494,84.21557971014494,84.21557971014494,84.21557971014494,0.013650786845507967,0.2535688713804103,0.0,0.0,0.0,-0.013650786845507967,0.33201499900314957
4.992,0.0,0.0,0.48307079191461993,0.0,0.0,-0.28481562810113065,0.0,0.0,0.0,0.0,0.0,0.0,0.0,0.0,0.5,0.0,0.0,0.0,0.2,0.0,0.0,0.0,84.21557971014494,84.21557971014494,84.21557971014494,84.21557971014494,0.016929208085380065,0.28481562810113065,0.0,0.0,0.0,-0.016929208085380065,0.3635680041043088
5.0,0.0,0.0,0.4795679051959345,0.0,0.0,-0.3154246704480401,0.0,0.0,0.0,0.0,0.0,0.0,0.0,0.0,0.5,0.0,0.0,0.0,0.2,0.0,0.0,0.0,84.21557971014494,84.21557971014494,84.21557971014494,84.21557971014494,0.020432094804065493,0.3154246704480401,0.0,0.0,0.0,-0.020432094804065493,0.37408500065794215
5.008,0.0,0.0,0.4758467720150261,0.0,0.0,-0.3453680658811417,0.0,0.0,0.0,0.0,0.0,0.0,0.0,0.0,0.5,0.0,0.0,0.0,0.2,0.0,0.0,0.0,84.21557971014494,84.21557971014494,84.21557971014494,84.21557971014494,0.02415322798497388,0.3453680658811417,0.0,0.0,0.0,-0.02415322798497388,0.45230999967316166
5.016,0.0,0.0,0.4719136469987425,0.0,0.0,-0.37462257811200383,0.0,0.0,0.0,0.0,0.0,0.0,0.0,0.0,0.5,0.0,0.0,0.0,0.2,0.0,0.0,0.0,84.21557971014494,84.21557971014494,84.21557971014494,84.21557971014494,0.028086353001257502,0.37462257811200383,0.0,0.0,0.0,-0.028086353001257502,0.5203319960855879
5.024,0.0,0.0,0.46777482033792006,0.0,0.0,-0.4031687290101639,0.0,0.0,0.0,0.0,0.0,0.0,0.0,0.0,0.5,0.0,0.0,0.0,0.2,0.0,0.0,0.0,84.21557971014494,84.21557971014494,84.21557971014494,84.21557971014494,0.03222517966207994,0.4031687290101639,0.0,0.0,0.0,-0.03222517966207994,0.6511770043289289
5.032,0.0,0.0,0.4634366177411754,0.0,0.0,-0.4309900481267477,0.0,0.0,0.0,0.0,0.0,0.0,0.0,0.0,0.5,0.0,0.0,0.0,0.2,0.0,0.0,0.0,84.21557971014494,84.21557971014494,84.21557971014494,84.21557971014494,0.036563382258824606,0.4309900481267477,0.0,0.0,0.0,-0.036563382258824606,0.7645739970030263
5.04,0.0,0.0,0.45890540038875677,0.0,0.0,-0.4580724723118637,0.0,0.0,0.0,0.0,0.0,0.0,0.0,0.0,0.5,0.0,0.0,0.0,0.2,0.0,0.0,0.0,84.21557971014494,84.21557971014494,84.21557971014494,84.21557971014494,0.04109459961124323,0.4580724723118637,0.0,0.0,0.0,-0.04109459961124323,0.8973669973784126
5.048,0.0,0.0,0.45418756488645556,0.0,0.0,-0.48440386540702096,0.0,0.0,0.0,0.0,0.0,0.0,0.0,0.0,0.5,0.0,0.0,0.0,0.2,0.0,0.0,0.0,84.21557971014494,84.21557971014494,84.21557971014494,84.21557971014494,0.045812435113544436,0.48440386540702096,0.0,0.0,0.0,-0.045812435113544436,0.9198519983328879
5.056,0.0,0.0,0.4492895432195777,0.0,0.0,-0.5099736339975632,0.0,0.0,0.0,0.0,0.0,0.0,0.0,0.0,0.5,0.0,0.0,0.0,0.2,0.0,0.0,0.0,84.21557971014494,84.21557971014494,84.21557971014494,84.21557971014494,0.0507104567804223,0.5099736339975632,0.0,0.0,0.0,-0.0507104567804223,0.9966200013877824
5.064,0.0,0.0,0.4442178027069748,0.0,0.0,-0.534772420013123,0.0,0.0,0.0,0.0,0.0,0.0,0.0,0.0,0.5,0.0,0.0,0.0,0.2,0.0,0.0,0.0,84.21557971014494,84.21557971014494,84.21557971014494,84.21557971014494,0.05578219729302519,0.534772420013123,0.0,0.0,0.0,-0.05578219729302519,1.1083520003012381
5.072,0.0,0.0,0.43897884595513503,0.0,0.0,-0.5587918548064926,0.0,0.0,0.0,0.0,0.0,0.0,0.0,0.0,0.5,0.0,0.0,0.0,0.2,0.0,0.0,0.0,84.21557971014494,84.21557971014494,84.21557971014494,84.21557971014494,0.06102115404486497,0.5587918548064926,0.0,0.0,0.0,-0.06102115404486497,1.3435550063150004
5.08,0.0,0.0,0.43357921081233364,0.0,0.0,-0.5820243624152289,0.0,0.0,0.0,0.0,0.0,0.0,0.0,0.0,0.5,0.0,0.0,0.0,0.2,0.0,0.0,0.0,84.21557971014494,84.21557971014494,84.21557971014494,84.21557971014494,0.06642078918766636,0.5820243624152289,0.0,0.0,0.0,-0.06642078918766636,1.4132969954516739
5.088,0.0,0.0,0.42802547032284305,0.0,0.0,-0.6044630021694477,0.0,0.0,0.0,0.0,0.0,0.0,0.0,0.0,0.5,0.0,0.0,0.0,0.2,0.0,0.0,0.0,84.21557971014494,84.21557971014494,84.21557971014494,84.21557971014494,0.07197452967715695,0.6044630021694477,0.0,0.0,0.0,-0.07197452967715695,1.484158005041536
5.096,0.0,0.0,0.4223242326812026,0.0,0.0,-0.6261013427765689,0.0,0.0,0.0,0.0,0.0,0.0,0.0,0.0,0.5,0.0,0.0,0.0,0.2,0.0,0.0,0.0,84.21557971014494,84.21557971014494,84.21557971014494,84.21557971014494,0.07767576731879738,0.6261013427765689,0.0,0.0,0.0,-0.07767576731879738,1.9905099979951046
5.104,0.0,0.0,0.41648214118654747,0.0,0.0,-0.6469333615876336,0.0,0.0,0.0,0.0,0.0,0.0,0.0,0.0,0.5,0.0,0.0,0.0,0.2,0.0,0.0,0.0,84.21557971014494,84.21557971014494,84.21557971014494,84.21557971014494,0.08351785881345253,0.6469333615876336,0.0,0.0,0.0,-0.08351785881345253,1.8068799981847405
5.112,0.0,0.0,0.410505874196997,0.0,0.0,-0.6669533640088681,0.0,0.0,0.0,0.0,0.0,0.0,0.0,0.0,0.5,0.0,0.0,0.0,0.2,0.0,0.0,0.0,84.21557971014494,84.21557971014494,84.21557971014494,84.21557971014494,0.08949412580300298,0.6669533640088681,0.0,0.0,0.0,-0.08949412580300298,1.8597300004330464
5.12,0.0,0.0,0.4044021450841025,0.0,0.0,-0.6861559190294575,0.0,0.0,0.0,0.0,0.0,0.0,0.0,0.0,0.5,0.0,0.0,0.0,0.2,0.0,0.0,0.0,84.21557971014494,84.21557971014494,84.21557971014494,84.21557971014494,0.0955978549158975,0.6861559190294575,0.0,0.0,0.0,-0.0955978549158975,2.073429001029581
5.128,0.0,0.0,0.39817770218735377,0.0,0.0,-0.7045358076422841,0.0,0.0,0.0,0.0,0.0,0.0,0.0,0.0,0.5,0.0,0.0,0.0,0.2,0.0,0.0,0.0,84.21557971014494,84.21557971014494,84.21557971014494,84.21557971014494,0.10182229781264623,0.7045358076422841,0.0,0.0,0.0,-0.10182229781264623,2.12199600355234
5.136,0.0,0.0,0.3918393287687454,0.0,0.0,-0.7220879815790365,0.0,0.0,0.0,0.0,0.0,0.0,0.0,0.0,0.5,0.0,0.0,0.0,0.2,0.0,0.0,0.0,84.21557971014494,84.21557971014494,84.21557971014494,84.21557971014494,0.10816067123125461,0.7220879815790365,0.0,0.0,0.0,-0.10816067123125461,2.212524996139109
5.144,0.0,0.0,0.3853938429674013,0.0,0.0,-0.738807530296831,0.0,0.0,0.0,0.0,0.0,0.0,0.0,0.0,0.5,0.0,0.0,0.0,0.2,0.0,0.0,0.0,84.21557971014494,84.21557971014494,84.21557971014494,84.21557971014494,0.11460615703259869,0.738807530296831,0.0,0.0,0.0,-0.11460615703259869,2.457816000969615
5.152,0.0,0.0,0.3788480977542591,0.0,0.0,-0.7546896545660201,0.0,0.0,0.0,0.0,0.0,0.0,0.0,0.0,0.5,0.0,0.0,0.0,0.2,0.0,0.0,0.0,84.21557971014494,84.21557971014494,84.21557971014494,84.21557971014494,0.1211519022457409,0.7546896545660201,0.0,0.0,0.0,-0.1211519022457409,2.500701004464645
5.16,0.0,0.0,0.3722089808868125,0.0,0.0,-0.7697296453389814,0.0,0.0,0.0,0.0,0.0,0.0,0.0,0.0,0.5,0.0,0.0,0.0,0.2,0.0,0.0,0.0,84.21557971014494,84.21557971014494,84.21557971014494,84.21557971014494,0.12779101911318752,0.7697296453389814,0.0,0.0,0.0,-0.12779101911318752,2.62990399642149
5.168,0.0,0.0,0.3654834148639131,0.0,0.0,-0.7839228668436691,0.0,0.0,0.0,0.0,0.0,0.0,0.0,0.0,0.5,0.0,0.0,0.0,0.2,0.0,0.0,0.0,84.21557971014494,84.21557971014494,84.21557971014494,84.21557971014494,0.13451658513608689,0.7839228668436691,0.0,0.0,0.0,-0.13451658513608689,2.689598004508298
5.176,0.0,0.0,0.3586783568806308,0.0,0.0,-0.7972647430569925,0.0,0.0,0.0,0.0,0.0,0.0,0.0,0.0,0.5,0.0,0.0,0.0,0.2,0.0,0.0,0.0,84.21557971014494,84.21557971014494,84.21557971014494,84.21557971014494,0.14132164311936918,0.7972647430569925,0.0,0.0,0.0,-0.14132164311936918,2.9123620042810217
5.184,0.0,0.0,0.35180079878317255,0.0,0.0,-0.8097507468820506,0.0,0.0,0.0,0.0,0.0,0.0,0.0,0.0,0.5,0.0,0.0,0.0,0.2,0.0,0.0,0.0,84.21557971014494,84.21557971014494,84.21557971014494,84.21557971014494,0.14819920121682745,0.8097507468820506,0.0,0.0,0.0,-0.14819920121682745,2.9994569995324127
5.192,0.0,0.0,0.34485776702385995,0.0,0.0,-0.8213763914884554,0.0,0.0,0.0,0.0,0.0,0.0,0.0,0.0,0.5,0.0,0.0,0.0,0.2,0.0,0.0,0.0,84.21557971014494,84.21557971014494,84.21557971014494,84.21557971014494,0.15514223297614005,0.8213763914884554,0.0,0.0,0.0,-0.15514223297614005,3.19383799796924
5.2,0.0,0.0,0.3378563226161655,0.0,0.0,-0.8321372233831257,0.0,0.0,0.0,0.0,0.0,0.0,0.0,0.0,0.5,0.0,0.0,0.0,0.2,0.0,0.0,0.0,84.21557971014494,84.21557971014494,84.21557971014494,84.21557971014494,0.1621436773838345,0.8321372233831257,0.0,0.0,0.0,-0.1621436773838345,3.2699599978514016
5.208,0.0,0.0,0.33080356108980685,0.0,0.0,-0.8420288168654665,0.0,0.0,0.0,0.0,0.0,0.0,0.0,0.0,0.5,0.0,0.0,0.0,0.2,0.0,0.0,0.0,84.21557971014494,84.21557971014494,84.21557971014494,84.21557971014494,0.16919643891019315,0.8420288168654665,0.0,0.0,0.0,-0.16919643891019315,3.551631001755595
5.216,0.0,0.0,0.32370661244589966,0.0,0.0,-0.8510467695900531,0.0,0.0,0.0,0.0,0.0,0.0,0.0,0.0,0.5,0.0,0.0,0.0,0.2,0.0,0.0,0.0,84.21557971014494,84.21557971014494,84.21557971014494,84.21557971014494,0.17629338755410034,0.8510467695900531,0.0,0.0,0.0,-0.17629338755410034,3.7228540022624657
5.224,0.0,0.0,0.31657264111216876,0.0,0.0,-0.8591866990153146,0.0,0.0,0.0,0.0,0.0,0.0,0.0,0.0,0.5,0.0,0.0,0.0,0.2,0.0,0.0,0.0,84.21557971014494,84.21557971014494,84.21557971014494,84.21557971014494,0.18342735888783124,0.8591866990153146,0.0,0.0,0.0,-0.18342735888783124,3.3483810038887896
5.232,0.0,0.0,0.3094088458982174,0.0,0.0,-0.8664442395610362,0.0,0.0,0.0,0.0,0.0,0.0,0.0,0.0,0.5,0.0,0.0,0.0,0.2,0.0,0.0,0.0,84.21557971014494,84.21557971014494,84.21557971014494,84.21557971014494,0.19059115410178262,0.8664442395610362,0.0,0.0,0.0,-0.19059115410178262,3.257622003729921
5.24,0.0,0.0,0.30222245995085445,0.0,0.0,-0.872815040332902,0.0,0.0,0.0,0.0,0.0,0.0,0.0,0.0,0.5,0.0,0.0,0.0,0.2,0.0,0.0,0.0,84.21557971014494,84.21557971014494,84.21557971014494,84.21557971014494,0.19777754004914555,0.872815040332902,0.0,0.0,0.0,-0.19777754004914555,3.1130259958445095
5.248,0.0,0.0,0.2950207507094803,0.0,0.0,-0.8782947633006751,0.0,0.0,0.0,0.0,0.0,0.0,0.0,0.0,0.5,0.0,0.0,0.0,0.2,0.0,0.0,0.0,84.21557971014494,84.21557971014494,84.21557971014494,84.21557971014494,0.2049792492905197,0.8782947633006751,0.0,0.0,0.0,-0.2049792492905197,3.1148720008786768
5.256,0.0,0.0,0.2878110198615298,0.0,0.0,-0.8828790818393029,0.0,0.0,0.0,0.0,0.0,0.0,0.0,0.0,0.5,0.0,0.0,0.0,0.2,0.0,0.0,0.0,84.21557971014494,84.21557971014494,84.21557971014494,84.21557971014494,0.2121889801384702,0.8828790818393029,0.0,0.0,0.0,-0.2121889801384702,3.2963479970931076
5.264,0.0,0.0,0.2806006032979738,0.0,0.0,-0.8865636795603415,0.0,0.0,0.0,0.0,0.0,0.0,0.0,0.0,0.5,0.0,0.0,0.0,0.2,0.0,0.0,0.0,84.21557971014494,84.21557971014494,84.21557971014494,84.21557971014494,0.21939939670202618,0.8865636795603415,0.0,0.0,0.0,-0.21939939670202618,3.650301994639449
5.272,0.0,0.0,0.2733968710688783,0.0,0.0,-0.8893442493756616,0.0,0.0,0.0,0.0,0.0,0.0,0.0,0.0,0.5,0.0,0.0,0.0,0.2,0.0,0.0,0.0,84.21557971014494,84.21557971014494,84.21557971014494,84.21557971014494,0.22660312893112172,0.8893442493756616,0.0,0.0,0.0,-0.22660312893112172,3.497725003398955
5.28,0.0,0.0,0.266207227339021,0.0,0.0,-0.8912164927469605,0.0,0.0,0.0,0.0,0.0,0.0,0.0,0.0,0.5,0.0,0.0,0.0,0.2,0.0,0.0,0.0,84.21557971014494,84.21557971014494,84.21557971014494,84.21557971014494,0.23379277266097898,0.8912164927469605,0.0,0.0,0.0,-0.23379277266097898,3.061714996874798
5.288,0.0,0.0,0.2590391103435664,0.0,0.0,-0.8921761190839336,0.0,0.0,0.0,0.0,0.0,0.0,0.0,0.0,0.5,0.0,0.0,0.0,0.2,0.0,0.0,0.0,84.21557971014494,84.21557971014494,84.21557971014494,84.21557971014494,0.24096088965643359,0.8921761190839336,0.0,0.0,0.0,-0.24096088965643359,2.994759997818619
5.296,0.0,0.0,0.25189999234379734,0.0,0.0,-0.8922188452613736,0.0,0.0,0.0,0.0,0.0,0.0,0.0,0.0,0.5,0.0,0.0,0.0,0.2,0.0,0.0,0.0,84.21557971014494,84.21557971014494,84.21557971014494,84.21557971014494,0.24810000765620266,0.8922188452613736,0.0,0.0,0.0,-0.24810000765620266,3.3980329972109757
5.304,0.0,0.0,0.24479737958290493,0.0,0.0,-0.8913403952314092,0.0,0.0,0.0,0.0,0.0,0.0,0.0,0.0,0.5,0.0,0.0,0.0,0.2,0.0,0.0,0.0,84.21557971014494,84.21557971014494,84.21557971014494,84.21557971014494,0.25520262041709507,0.8913403952314092,0.0,0.0,0.0,-0.25520262041709507,3.1330769998021424
5.312,0.0,0.0,0.23773881224183563,0.0,0.0,-0.8895364997118597,0.0,0.0,0.0,0.0,0.0,0.0,0.0,0.0,0.5,0.0,0.0,0.0,0.2,0.0,0.0,0.0,84.21557971014494,84.21557971014494,84.21557971014494,84.21557971014494,0.26226118775816437,0.8895364997118597,0.0,0.0,0.0,-0.26226118775816437,2.988963002280798
5.32,0.0,0.0,0.23073186439519566,0.0,0.0,-0.8868028959354868,0.0,0.0,0.0,0.0,0.0,0.0,0.0,0.0,0.5,0.0,0.0,0.0,0.2,0.0,0.0,0.0,84.21557971014494,84.21557971014494,84.21557971014494,84.21557971014494,0.26926813560480434,0.8868028959354868,0.0,0.0,0.0,-0.26926813560480434,2.922963998571504
5.328,0.0,0.0,0.22378414396721272,0.0,0.0,-0.883135327447963,0.0,0.0,0.0,0.0,0.0,0.0,0.0,0.0,0.5,0.0,0.0,0.0,0.2,0.0,0.0,0.0,84.21557971014494,84.21557971014494,84.21557971014494,84.21557971014494,0.2762158560327873,0.883135327447963,0.0,0.0,0.0,-0.2762158560327873,2.8700310067506507
5.336,0.0,0.0,0.21690329268775496,0.0,0.0,-0.8785295439448142,0.0,0.0,0.0,0.0,0.0,0.0,0.0,0.0,0.5,0.0,0.0,0.0,0.2,0.0,0.0,0.0,84.21557971014494,84.21557971014494,84.21557971014494,84.21557971014494,0.283096707312245,0.8785295439448142,0.0,0.0,0.0,-0.283096707312245,3.0664200021419674
5.344,0.0,0.0,0.21009698604840715,0.0,0.0,-0.8729813011395465,0.0,0.0,0.0,0.0,0.0,0.0,0.0,0.0,0.5,0.0,0.0,0.0,0.2,0.0,0.0,0.0,84.21557971014494,84.21557971014494,84.21557971014494,84.21557971014494,0.28990301395159285,0.8729813011395465,0.0,0.0,0.0,-0.28990301395159285,2.972538997710217
5.352,0.0,0.0,0.20337293325860378,0.0,0.0,-0.8664863606567214,0.0,0.0,0.0,0.0,0.0,0.0,0.0,0.0,0.5,0.0,0.0,0.0,0.2,0.0,0.0,0.0,84.21557971014494,84.21557971014494,84.21557971014494,84.21557971014494,0.2966270667413962,0.8664863606567214,0.0,0.0,0.0,-0.2966270667413962,2.630151000630576
5.36,0.0,0.0,0.19673887720181926,0.0,0.0,-0.8590404899449899,0.0,0.0,0.0,0.0,0.0,0.0,0.0,0.0,0.5,0.0,0.0,0.0,0.2,0.0,0.0,0.0,84.21557971014494,84.21557971014494,84.21557971014494,84.21557971014494,0.30326112279818074,0.8590404899449899,0.0,0.0,0.0,-0.30326112279818074,2.535981002438348
5.368,0.0,0.0,0.19020259439181503,0.0,0.0,-0.8506394622060977,0.0,0.0,0.0,0.0,0.0,0.0,0.0,0.0,0.5,0.0,0.0,0.0,0.2,0.0,0.0,0.0,84.21557971014494,84.21557971014494,84.21557971014494,84.21557971014494,0.309797405608185,0.8506394622060977,0.0,0.0,0.0,-0.309797405608185,2.5832390019786544
5.376,0.0,0.0,0.18377189492894352,0.0,0.0,-0.8412790563366656,0.0,0.0,0.0,0.0,0.0,0.0,0.0,0.0,0.5,0.0,0.0,0.0,0.2,0.0,0.0,0.0,84.21557971014494,84.21557971014494,84.21557971014494,84.21557971014494,0.3162281050710565,0.8412790563366656,0.0,0.0,0.0,-0.3162281050710565,2.3830909995012917
5.384,0.0,0.0,0.17745462245650884,0.0,0.0,-0.8309550568801995,0.0,0.0,0.0,0.0,0.0,0.0,0.0,0.0,0.5,0.0,0.0,0.0,0.2,0.0,0.0,0.0,84.21557971014494,84.21557971014494,84.21557971014494,84.21557971014494,0.32254537754349116,0.8309550568801995,0.0,0.0,0.0,-0.32254537754349116,2.2187889990163967
5.392,0.0,0.0,0.1712586541171842,0.0,0.0,-0.8196632539872758,0.0,0.0,0.0,0.0,0.0,0.0,0.0,0.0,0.5,0.0,0.0,0.0,0.2,0.0,0.0,0.0,84.21557971014494,84.21557971014494,84.21557971014494,84.21557971014494,0.3287413458828158,0.8196632539872758,0.0,0.0,0.0,-0.3287413458828158,1.870043997769244
5.4,0.0,0.0,0.16519190050948598,0.0,0.0,-0.8073994433822757,0.0,0.0,0.0,0.0,0.0,0.0,0.0,0.0,0.5,0.0,0.0,0.0,0.2,0.0,0.0,0.0,84.21557971014494,84.21557971014494,84.21557971014494,84.21557971014494,0.33480809949051404,0.8073994433822757,0.0,0.0,0.0,-0.33480809949051404,0.9870840003713965
5.408,0.0,0.0,0.15926230564430433,0.0,0.0,-0.7941594263353619,0.0,0.0,0.0,0.0,0.0,0.0,0.0,0.0,0.5,0.0,0.0,0.0,0.2,0.0,0.0,0.0,84.21557971014494,84.21557971014494,84.21557971014494,84.21557971014494,0.3407376943556957,0.7941594263353619,0.0,0.0,0.0,-0.3407376943556957,1.1545820016181096
5.416,0.0,0.0,0.15347784690149024,0.0,0.0,-0.7799390096386414,0.0,0.0,0.0,0.0,0.0,0.0,0.0,0.0,0.5,0.0,0.0,0.0,0.2,0.0,0.0,0.0,84.21557971014494,84.21557971014494,84.21557971014494,84.21557971014494,0.34652215309850976,0.7799390096386414,0.0,0.0,0.0,-0.34652215309850976,1.869999003247358
5.424,0.0,0.0,0.14784653498649902,0.0,0.0,-0.7647340055856936,0.0,0.0,0.0,0.0,0.0,0.0,0.0,0.0,0.5,0.0,0.0,0.0,0.2,0.0,0.0,0.0,84.21557971014494,84.21557971014494,84.21557971014494,84.21557971014494,0.352153465013501,0.7647340055856936,0.0,0.0,0.0,-0.352153465013501,2.1976580028422177
5.432,0.0,0.0,0.14237641388709016,0.0,0.0,-0.7485402319537764,0.0,0.0,0.0,0.0,0.0,0.0,0.0,0.0,0.5,0.0,0.0,0.0,0.2,0.0,0.0,0.0,84.21557971014494,84.21557971014494,84.21557971014494,84.21557971014494,0.35762358611290984,0.7485402319537764,0.0,0.0,0.0,-0.35762358611290984,3.3456109958933666
5.44,0.0,0.0,0.13707556083008338,0.0,0.0,-0.7313535119881905,0.0,0.0,0.0,0.0,0.0,0.0,0.0,0.0,0.5,0.0,0.0,0.0,0.2,0.0,0.0,0.0,84.21557971014494,84.21557971014494,84.21557971014494,84.21557971014494,0.3629244391699166,0.7313535119881905,0.0,0.0,0.0,-0.3629244391699166,2.6411359940539114
5.448,0.0,0.0,0.13195208623817087,0.0,0.0,-0.7131696743883651,0.0,0.0,0.0,0.0,0.0,0.0,0.0,0.0,0.5,0.0,0.0,0.0,0.2,0.0,0.0,0.0,84.21557971014494,84.21557971014494,84.21557971014494,84.21557971014494,0.3680479137618291,0.7131696743883651,0.0,0.0,0.0,-0.3680479137618291,2.770519000478089
5.456,0.0,0.0,0.12701413368678577,0.0,0.0,-0.6939845532953195,0.0,0.0,0.0,0.0,0.0,0.0,0.0,0.0,0.5,0.0,0.0,0.0,0.2,0.0,0.0,0.0,84.21557971014494,84.21557971014494,84.21557971014494,84.21557971014494,0.37298586631321423,0.6939845532953195,0.0,0.0,0.0,-0.37298586631321423,2.751599000475835
5.464,0.0,0.0,0.1222698798610265,0.0,0.0,-0.6737939882802373,0.0,0.0,0.0,0.0,0.0,0.0,0.0,0.0,0.5,0.0,0.0,0.0,0.2,0.0,0.0,0.0,84.21557971014494,84.21557971014494,84.21557971014494,84.21557971014494,0.3777301201389735,0.6737939882802373,0.0,0.0,0.0,-0.3777301201389735,2.878685998439323
5.472,0.0,0.0,0.1177275345126372,0.0,0.0,-0.652593824333922,0.0,0.0,0.0,0.0,0.0,0.0,0.0,0.0,0.5,0.0,0.0,0.0,0.2,0.0,0.0,0.0,84.21557971014494,84.21557971014494,84.21557971014494,84.21557971014494,0.3822724654873628,0.652593824333922,0.0,0.0,0.0,-0.3822724654873628,2.9245109981275164
5.48,0.0,0.0,0.11339534041704402,0.0,0.0,-0.6303799118569671,0.0,0.0,0.0,0.0,0.0,0.0,0.0,0.0,0.5,0.0,0.0,0.0,0.2,0.0,0.0,0.0,84.21557971014494,84.21557971014494,84.21557971014494,84.21557971014494,0.386604659582956,0.6303799118569671,0.0,0.0,0.0,-0.386604659582956,2.9896389969508164
5.488,0.0,0.0,0.10928157333044718,0.0,0.0,-0.6071481066504947,0.0,0.0,0.0,0.0,0.0,0.0,0.0,0.0,0.5,0.0,0.0,0.0,0.2,0.0,0.0,0.0,84.21557971014494,84.21557971014494,84.21557971014494,84.21557971014494,0.3907184266695528,0.6071481066504947,0.0,0.0,0.0,-0.3907184266695528,3.0631469999207184
5.496,0.0,0.0,0.1053945419469689,0.0,0.0,-0.5828942699073526,0.0,0.0,0.0,0.0,0.0,0.0,0.0,0.0,0.5,0.0,0.0,0.0,0.2,0.0,0.0,0.0,84.21557971014494,84.21557971014494,84.21557971014494,84.21557971014494,0.3946054580530311,0.5828942699073526,0.0,0.0,0.0,-0.3946054580530311,3.0514390018652193
5.5040000000000004,0.0,0.0,0.10174258785585692,0.0,0.0,-0.5576142682036815,0.0,0.0,0.0,0.0,0.0,0.0,0.0,0.0,0.5,0.0,0.0,0.0,0.2,0.0,0.0,0.0,84.21557971014494,84.21557971014494,84.21557971014494,84.21557971014494,0.39825741214414306,0.5576142682036815,0.0,0.0,0.0,-0.39825741214414306,3.1163190069491975
5.5120000000000005,0.0,0.0,0.09833408549874363,0.0,0.0,-0.5313039734907775,0.0,0.0,0.0,0.0,0.0,0.0,0.0,0.0,0.5,0.0,0.0,0.0,0.2,0.0,0.0,0.0,84.21557971014494,84.21557971014494,84.21557971014494,84.21557971014494,0.4016659145012564,0.5313039734907775,0.0,0.0,0.0,-0.4016659145012564,3.854087997751776
5.5200000000000005,0.0,0.0,0.09517744212696076,0.0,0.0,-0.5039592630871937,0.0,0.0,0.0,0.0,0.0,0.0,0.0,0.0,0.5,0.0,0.0,0.0,0.2,0.0,0.0,0.0,84.21557971014494,84.21557971014494,84.21557971014494,84.21557971014494,0.4048225578730392,0.5039592630871937,0.0,0.0,0.0,-0.4048225578730392,3.5126239963574335
5.5280000000000005,0.0,0.0,0.09228109775890951,0.0,0.0,-0.47557601967103624,0.0,0.0,0.0,0.0,0.0,0.0,0.0,0.0,0.5,0.0,0.0,0.0,0.2,0.0,0.0,0.0,84.21557971014494,84.21557971014494,84.21557971014494,84.21557971014494,0.4077189022410905,0.47557601967103624,0.0,0.0,0.0,-0.4077189022410905,3.3641599948168732
5.5360000000000005,0.0,0.0,0.08965352513748609,0.0,0.0,-0.4461501312724145,0.0,0.0,0.0,0.0,0.0,0.0,0.0,0.0,0.5,0.0,0.0,0.0,0.2,0.0,0.0,0.0,84.21557971014494,84.21557971014494,84.21557971014494,84.21557971014494,0.4103464748625139,0.4461501312724145,0.0,0.0,0.0,-0.4103464748625139,3.511832001095172
5.5440000000000005,0.0,0.0,0.08730322968756257,0.0,0.0,-0.4156774912660195,0.0,0.0,0.0,0.0,0.0,0.0,0.0,0.0,0.5,0.0,0.0,0.0,0.2,0.0,0.0,0.0,84.21557971014494,84.21557971014494,84.21557971014494,84.21557971014494,0.41269677031243746,0.4156774912660195,0.0,0.0,0.0,-0.41269677031243746,3.303661993413698
5.5520000000000005,0.0,0.0,0.08523874947352299,0.0,0.0,-0.3841539983638052,0.0,0.0,0.0,0.0,0.0,0.0,0.0,0.0,0.5,0.0,0.0,0.0,0.2,0.0,0.0,0.0,84.21557971014494,84.21557971014494,84.21557971014494,84.21557971014494,0.414761250526477,0.3841539983638052,0.0,0.0,0.0,-0.414761250526477,3.0748440040042624
5.5600000000000005,0.0,0.0,0.08346865515685457,0.0,0.0,-0.35157555660775447,0.0,0.0,0.0,0.0,0.0,0.0,0.0,0.0,0.5,0.0,0.0,0.0,0.2,0.0,0.0,0.0,84.21557971014494,84.21557971014494,84.21557971014494,84.21557971014494,0.4165313448431454,0.35157555660775447,0.0,0.0,0.0,-0.4165313448431454,2.9134139986126684
5.5680000000000005,0.0,0.0,0.08200154995379415,0.0,0.0,-0.3179380753627142,0.0,0.0,0.0,0.0,0.0,0.0,0.0,0.0,0.5,0.0,0.0,0.0,0.2,0.0,0.0,0.0,84.21557971014494,84.21557971014494,84.21557971014494,84.21557971014494,0.41799845004620584,0.3179380753627142,0.0,0.0,0.0,-0.41799845004620584,2.826968004228547
5.5760000000000005,0.0,0.0,0.08084606959302951,0.0,0.0,-0.28323746930928734,0.0,0.0,0.0,0.0,0.0,0.0,0.0,0.0,0.5,0.0,0.0,0.0,0.2,0.0,0.0,0.0,84.21557971014494,84.21557971014494,84.21557971014494,84.21557971014494,0.41915393040697047,0.28323746930928734,0.0,0.0,0.0,-0.41915393040697047,2.9306129945325665
5.5840000000000005,0.0,0.0,0.0800108822734558,0.0,0.0,-0.2474696584367724,0.0,0.0,0.0,0.0,0.0,0.0,0.0,0.0,0.5,0.0,0.0,0.0,0.2,0.0,0.0,0.0,84.21557971014494,84.21557971014494,84.21557971014494,84.21557971014494,0.4199891177265442,0.2474696584367724,0.0,0.0,0.0,-0.4199891177265442,2.7523099997779354
5.5920000000000005,0.0,0.0,0.07950468862198679,0.0,0.0,-0.2106305680361434,0.0,0.0,0.0,0.0,0.0,0.0,0.0,0.0,0.5,0.0,0.0,0.0,0.2,0.0,0.0,0.0,84.21557971014494,84.21557971014494,84.21557971014494,84.21557971014494,0.4204953113780132,0.2106305680361434,0.0,0.0,0.0,-0.4204953113780132,2.656327997101471
5.6000000000000005,0.0,0.0,0.07933622165142082,0.0,0.0,-0.1727161286930639,0.0,0.0,0.0,0.0,0.0,0.0,0.0,0.0,0.5,0.0,0.0,0.0,0.2,0.0,0.0,0.0,84.21557971014494,84.21557971014494,84.21557971014494,84.21557971014494,0.42066377834857915,0.1727161286930639,0.0,0.0,0.0,-0.42066377834857915,2.640375998453237
5.6080000000000005,0.0,0.0,0.07951424671836174,0.0,0.0,-0.13372227628092806,0.0,0.0,0.0,0.0,0.0,0.0,0.0,0.0,0.5,0.0,0.0,0.0,0.2,0.0,0.0,0.0,84.21557971014494,84.21557971014494,84.21557971014494,84.21557971014494,0.4204857532816383,0.13372227628092806,0.0,0.0,0.0,-0.4204857532816383,2.5881309993565083
5.6160000000000005,0.0,0.0,0.08004756148119432,0.0,0.0,-0.09364495195392793,0.0,0.0,0.0,0.0,0.0,0.0,0.0,0.0,0.5,0.0,0.0,0.0,0.2,0.0,0.0,0.0,84.21557971014494,84.21557971014494,84.21557971014494,84.21557971014494,0.4199524385188057,0.09364495195392793,0.0,0.0,0.0,-0.4199524385188057,2.376138996623922
5.6240000000000006,0.0,0.0,0.08094499585811435,0.0,0.0,-0.05248010214014172,0.0,0.0,0.0,0.0,0.0,0.0,0.0,0.0,0.5,0.0,0.0,0.0,0.2,0.0,0.0,0.0,84.21557971014494,84.21557971014494,84.21557971014494,84.21557971014494,0.4190550041418857,0.05248010214014172,0.0,0.0,0.0,-0.4190550041418857,2.2113550003268756
5.632,0.0,0.0,0.08221541198521323,0.0,0.0,-0.010223678534637792,0.0,0.0,0.0,0.0,0.0,0.0,0.0,0.0,0.5,0.0,0.0,0.0,0.2,0.0,0.0,0.0,84.21557971014494,84.21557971014494,84.21557971014494,84.21557971014494,0.4177845880147868,0.010223678534637792,0.0,0.0,0.0,-0.4177845880147868,2.377952005190309
5.64,0.0,0.0,0.0838677041746171,0.0,0.0,0.03312836190738641,0.0,0.0,0.0,0.0,0.0,0.0,0.0,0.0,0.5,0.0,0.0,0.0,0.2,0.0,0.0,0.0,84.21557971014494,84.21557971014494,84.21557971014494,84.21557971014494,0.4161322958253829,0.03312836190738641,0.0,0.0,0.0,-0.4161322958253829,2.006843998969998
5.648,0.0,0.0,0.08591079887268023,0.0,0.0,0.07758005697748735,0.0,0.0,0.0,0.0,0.0,0.0,0.0,0.0,0.5,0.0,0.0,0.0,0.2,0.0,0.0,0.0,84.21557971014494,84.21557971014494,84.21557971014494,84.21557971014494,0.4140892011273198,0.07758005697748735,0.0,0.0,0.0,-0.4140892011273198,1.9615510027506389
5.656,0.0,0.0,0.08835365461823289,0.0,0.0,0.1231354392208062,0.0,0.0,0.0,0.0,0.0,0.0,0.0,0.0,0.5,0.0,0.0,0.0,0.2,0.0,0.0,0.0,84.21557971014494,84.21557971014494,84.21557971014494,84.21557971014494,0.41164634538176714,0.1231354392208062,0.0,0.0,0.0,-0.41164634538176714,1.7471409955760464
5.664,0.0,0.0,0.0912052620008833,0.0,0.0,0.16979853594290534,0.0,0.0,0.0,0.0,0.0,0.0,0.0,0.0,0.5,0.0,0.0,0.0,0.2,0.0,0.0,0.0,84.21557971014494,84.21557971014494,84.21557971014494,84.21557971014494,0.4087947379991167,0.16979853594290534,0.0,0.0,0.0,-0.4087947379991167,1.4925799987395294
5.672,0.0,0.0,0.09447464361937394,0.0,0.0,0.2175733692165901,0.0,0.0,0.0,0.0,0.0,0.0,0.0,0.0,0.5,0.0,0.0,0.0,0.2,0.0,0.0,0.0,84.21557971014494,84.21557971014494,84.21557971014494,84.21557971014494,0.40552535638062603,0.2175733692165901,0.0,0.0,0.0,-0.40552535638062603,1.3573359974543564
5.68,0.0,0.0,0.09817085403999175,0.0,0.0,0.2664639558887173,0.0,0.0,0.0,0.0,0.0,0.0,0.0,0.0,0.5,0.0,0.0,0.0,0.2,0.0,0.0,0.0,84.21557971014494,84.21557971014494,84.21557971014494,84.21557971014494,0.40182914596000824,0.2664639558887173,0.0,0.0,0.0,-0.40182914596000824,1.303201999689918
5.688,0.0,0.0,0.1023029797550326,0.0,0.0,0.3164743075869949,0.0,0.0,0.0,0.0,0.0,0.0,0.0,0.0,0.5,0.0,0.0,0.0,0.2,0.0,0.0,0.0,84.21557971014494,84.21557971014494,84.21557971014494,84.21557971014494,0.3976970202449674,0.3164743075869949,0.0,0.0,0.0,-0.3976970202449674,1.0615589999360964
5.696,0.0,0.0,0.10688013914131952,0.0,0.0,0.3676084307267691,0.0,0.0,0.0,0.0,0.0,0.0,0.0,0.0,0.5,0.0,0.0,0.0,0.2,0.0,0.0,0.0,84.21557971014494,84.21557971014494,84.21557971014494,84.21557971014494,0.39311986085868045,0.3676084307267691,0.0,0.0,0.0,-0.39311986085868045,0.9263789979740977
5.704,0.0,0.0,0.11191148241877502,0.0,0.0,0.41987032651780254,0.0,0.0,0.0,0.0,0.0,0.0,0.0,0.0,0.5,0.0,0.0,0.0,0.2,0.0,0.0,0.0,84.21557971014494,84.21557971014494,84.21557971014494,84.21557971014494,0.388088517581225,0.41987032651780254,0.0,0.0,0.0,-0.388088517581225,0.8520299961674027
5.712,0.0,0.0,0.11740619160904707,0.0,0.0,0.4732639909710431,0.0,0.0,0.0,0.0,0.0,0.0,0.0,0.0,0.5,0.0,0.0,0.0,0.2,0.0,0.0,0.0,84.21557971014494,84.21557971014494,84.21557971014494,84.21557971014494,0.3825938083909529,0.4732639909710431,0.0,0.0,0.0,-0.3825938083909529,0.6646580004598945
5.72,0.0,0.0,0.12337348049418893,0.0,0.0,0.527793414905381,0.0,0.0,0.0,0.0,0.0,0.0,0.0,0.0,0.5,0.0,0.0,0.0,0.2,0.0,0.0,0.0,84.21557971014494,84.21557971014494,84.21557971014494,84.21557971014494,0.37662651950581105,0.527793414905381,0.0,0.0,0.0,-0.37662651950581105,0.5337929978850298
5.728,0.0,0.0,0.12982259457539264,0.0,0.0,0.5834625839543972,0.0,0.0,0.0,0.0,0.0,0.0,0.0,0.0,0.5,0.0,0.0,0.0,0.2,0.0,0.0,0.0,84.21557971014494,84.21557971014494,84.21557971014494,84.21557971014494,0.37017740542460736,0.5834625839543972,0.0,0.0,0.0,-0.37017740542460736,0.4082019950146787
5.736,0.0,0.0,0.13676281103177615,0.0,0.0,0.6402754785731055,0.0,0.0,0.0,0.0,0.0,0.0,0.0,0.0,0.5,0.0,0.0,0.0,0.2,0.0,0.0,0.0,84.21557971014494,84.21557971014494,84.21557971014494,84.21557971014494,0.3632371889682239,0.6402754785731055,0.0,0.0,0.0,-0.3632371889682239,0.39295800524996594
5.744,0.0,0.0,0.14420343867922397,0.0,0.0,0.6982360740446799,0.0,0.0,0.0,0.0,0.0,0.0,0.0,0.0,0.5,0.0,0.0,0.0,0.2,0.0,0.0,0.0,84.21557971014494,84.21557971014494,84.21557971014494,84.21557971014494,0.35579656132077603,0.6982360740446799,0.0,0.0,0.0,-0.35579656132077603,0.2397799980826676
5.752,0.0,0.0,0.1521538179292813,0.0,0.0,0.7573483404871767,0.0,0.0,0.0,0.0,0.0,0.0,0.0,0.0,0.5,0.0,0.0,0.0,0.2,0.0,0.0,0.0,84.21557971014494,84.21557971014494,84.21557971014494,84.21557971014494,0.3478461820707187,0.7573483404871767,0.0,0.0,0.0,-0.3478461820707187,0.19373300165170804
5.76,0.0,0.0,0.16062332074810157,0.0,0.0,0.8176162428602481,0.0,0.0,0.0,0.0,0.0,0.0,0.0,0.0,0.5,0.0,0.0,0.0,0.12361044385032183,0.0,0.0,0.0,70.3768920018699,70.3768920018699,70.3768920018699,70.3768920018699,0.3393766792518984,0.8176162428602481,0.0,0.0,0.0,-0.3393766792518984,0.17779599875211716
5.768,0.0,0.0,0.16962135061544742,0.0,0.0,0.8790437409718447,0.0,0.0,0.0,0.0,0.0,0.0,0.0,0.0,0.5,0.0,0.0,0.0,0.028099615707574577,0.0,0.0,0.0,53.074205744125834,53.074205744125834,53.074205744125834,53.074205744125834,0.3303786493845526,0.8790437409718447,0.0,0.0,0.0,-0.3303786493845526,0.1780969978426583
5.776,0.0,0.0,0.17913714283218918,0.0,0.0,0.9411297981960196,0.0,0.0,0.0,0.0,0.0,0.0,0.0,0.0,0.5,0.0,0.0,0.0,-0.06971069338176572,0.0,0.0,0.0,35.3549468511294,35.3549468511294,35.3549468511294,35.3549468511294,0.3208628571678108,0.9411297981960196,0.0,0.0,0.0,-0.3208628571678108,0.17844599642558023
5.784,0.0,0.0,0.18915999037650852,0.0,0.0,1.003475027164799,0.0,0.0,0.0,0.0,0.0,0.0,0.0,0.0,0.5,0.0,0.0,0.0,-0.16933887577064333,0.0,0.0,0.0,17.306363085028384,17.306363085028384,17.306363085028384,17.306363085028384,0.31084000962349145,1.003475027164799,0.0,0.0,0.0,-0.31084000962349145,0.1801149992388673
5.792,0.0,0.0,0.19967924382895796,0.0,0.0,1.0657613580430751,0.0,0.0,0.0,0.0,0.0,0.0,0.0,0.0,0.5,0.0,0.0,0.0,-0.2,0.0,0.0,0.0,11.77536231884058,11.77536231884058,11.77536231884058,11.77536231884058,0.30032075617104204,1.0657613580430751,0.0,0.0,0.0,-0.30032075617104204,0.23048899311106652
5.8,0.0,0.0,0.21068431129761772,0.0,0.0,1.1277357731509539,0.0,0.0,0.0,0.0,0.0,0.0,0.0,0.0,0.5,0.0,0.0,0.0,-0.2,0.0,0.0,0.0,11.77536231884058,11.77536231884058,11.77536231884058,11.77536231884058,0.2893156887023823,1.1277357731509539,0.0,0.0,0.0,-0.2893156887023823,0.4053819939144887
5.808,0.0,0.0,0.22216465834334984,0.0,0.0,1.1891972946640657,0.0,0.0,0.0,0.0,0.0,0.0,0.0,0.0,0.5,0.0,0.0,0.0,-0.2,0.0,0.0,0.0,11.77536231884058,11.77536231884058,11.77536231884058,11.77536231884058,0.27783534165665014,1.1891972946640657,0.0,0.0,0.0,-0.27783534165665014,0.6717479991493747
5.816,0.0,0.0,0.23410980790514935,0.0,0.0,1.2499865747762402,0.0,0.0,0.0,0.0,0.0,0.0,0.0,0.0,0.5,0.0,0.0,0.0,-0.2,0.0,0.0,0.0,11.77536231884058,11.77536231884058,11.77536231884058,11.77536231884058,0.26589019209485065,1.2499865747762402,0.0,0.0,0.0,-0.26589019209485065,0.9300849997089244
5.824,0.0,0.0,0.24650934022559254,0.0,0.0,1.3099775678320718,0.0,0.0,0.0,0.0,0.0,0.0,0.0,0.0,0.5,0.0,0.0,0.0,-0.2,0.0,0.0,0.0,11.77536231884058,11.77536231884058,11.77536231884058,11.77536231884058,0.25349065977440743,1.3099775678320718,0.0,0.0,0.0,-0.25349065977440743,1.3626059953821823
5.832,0.0,0.0,0.259352892776382,0.0,0.0,1.3690708680353942,0.0,0.0,0.0,0.0,0.0,0.0,0.0,0.0,0.5,0.0,0.0,0.0,-0.2,0.0,0.0,0.0,11.77536231884058,11.77536231884058,11.77536231884058,11.77536231884058,0.24064710722361798,1.3690708680353942,0.0,0.0,0.0,-0.24064710722361798,2.1113030015840195
5.84,0.0,0.0,0.27263016018398845,0.0,0.0,1.4271883796184759,0.0,0.0,0.0,0.0,0.0,0.0,0.0,0.0,0.5,0.0,0.0,0.0,-0.2,0.0,0.0,0.0,11.77536231884058,11.77536231884058,11.77536231884058,11.77536231884058,0.22736983981601155,1.4271883796184759,0.0,0.0,0.0,-0.22736983981601155,3.1362270019599237
5.848,0.0,0.0,0.28633089415538915,0.0,0.0,1.484269052979798,0.0,0.0,0.0,0.0,0.0,0.0,0.0,0.0,0.5,0.0,0.0,0.0,-0.2,0.0,0.0,0.0,11.77536231884058,11.77536231884058,11.77536231884058,11.77536231884058,0.21366910584461085,1.484269052979798,0.0,0.0,0.0,-0.21366910584461085,4.090110000106506
5.856,0.0,0.0,0.3004449034039029,0.0,0.0,1.5402654735966819,0.0,0.0,0.0,0.0,0.0,0.0,0.0,0.0,0.5,0.0,0.0,0.0,-0.2,0.0,0.0,0.0,11.77536231884058,11.77536231884058,11.77536231884058,11.77536231884058,0.1995550965960971,1.5402654735966819,0.0,0.0,0.0,-0.1995550965960971,4.083077001268975
5.864,0.0,0.0,0.31496205357512125,0.0,0.0,1.595141133157804,0.0,0.0,0.0,0.0,0.0,0.0,0.0,0.0,0.5,0.0,0.0,0.0,-0.2,0.0,0.0,0.0,11.77536231884058,11.77536231884058,11.77536231884058,11.77536231884058,0.18503794642487875,1.595141133157804,0.0,0.0,0.0,-0.18503794642487875,4.154285001277458
5.872,0.0,0.0,0.329872267172936,0.0,0.0,1.6488682464716118,0.0,0.0,0.0,0.0,0.0,0.0,0.0,0.0,0.5,0.0,0.0,0.0,-0.2,0.0,0.0,0.0,11.77536231884058,11.77536231884058,11.77536231884058,11.77536231884058,0.170127732827064,1.6488682464716118,0.0,0.0,0.0,-0.170127732827064,4.149858003074769
5.88,0.0,0.0,0.34516552348566293,0.0,0.0,1.7014260049954626,0.0,0.0,0.0,0.0,0.0,0.0,0.0,0.0,0.5,0.0,0.0,0.0,-0.2,0.0,0.0,0.0,11.77536231884058,11.77536231884058,11.77536231884058,11.77536231884058,0.15483447651433707,1.7014260049954626,0.0,0.0,0.0,-0.15483447651433707,4.060203995322809
5.888,0.0,0.0,0.3608318585122613,0.0,0.0,1.752799179661329,0.0,0.0,0.0,0.0,0.0,0.0,0.0,0.0,0.5,0.0,0.0,0.0,-0.2,0.0,0.0,0.0,11.77536231884058,11.77536231884058,11.77536231884058,11.77536231884058,0.1391681414877387,1.752799179661329,0.0,0.0,0.0,-0.1391681414877387,4.05816800048342
5.896,0.0,0.0,0.37686136488864946,0.0,0.0,1.802977003138767,0.0,0.0,0.0,0.0,0.0,0.0,0.0,0.0,0.5,0.0,0.0,0.0,-0.2,0.0,0.0,0.0,11.77536231884058,11.77536231884058,11.77536231884058,11.77536231884058,0.12313863511135054,1.802977003138767,0.0,0.0,0.0,-0.12313863511135054,4.087474997504614
5.904,0.0,0.0,0.393244191814116,0.0,0.0,1.8519522756476772,0.0,0.0,0.0,0.0,0.0,0.0,0.0,0.0,0.5,0.0,0.0,0.0,-0.2,0.0,0.0,0.0,11.77536231884058,11.77536231884058,11.77536231884058,11.77536231884058,0.10675580818588398,1.8519522756476772,0.0,0.0,0.0,-0.10675580818588398,4.136683004617225
5.912,0.0,0.0,0.40997054497782665,0.0,0.0,1.8997206496109071,0.0,0.0,0.0,0.0,0.0,0.0,0.0,0.0,0.5,0.0,0.0,0.0,-0.2,0.0,0.0,0.0,11.77536231884058,11.77536231884058,11.77536231884058,11.77536231884058,0.09002945502217335,1.8997206496109071,0.0,0.0,0.0,-0.09002945502217335,4.006953997304663
5.92,0.0,0.0,0.42703068648542647,0.0,0.0,1.9462800573787211,0.0,0.0,0.0,0.0,0.0,0.0,0.0,0.0,0.5,0.0,0.0,0.0,-0.2,0.0,0.0,0.0,11.77536231884058,11.77536231884058,11.77536231884058,11.77536231884058,0.07296931351457353,1.9462800573787211,0.0,0.0,0.0,-0.07296931351457353,4.104142004507594
5.928,0.0,0.0,0.44441493478573774,0.0,0.0,1.9916302534107584,0.0,0.0,0.0,0.0,0.0,0.0,0.0,0.0,0.5,0.0,0.0,0.0,-0.2,0.0,0.0,0.0,11.77536231884058,11.77536231884058,11.77536231884058,11.77536231884058,0.055585065214262264,1.9916302534107584,0.0,0.0,0.0,-0.055585065214262264,4.118082993954886
5.936,0.0,0.0,0.4621136645975527,0.0,0.0,2.0357724480239807,0.0,0.0,0.0,0.0,0.0,0.0,0.0,0.0,0.5,0.0,0.0,0.0,-0.2,0.0,0.0,0.0,11.77536231884058,11.77536231884058,11.77536231884058,11.77536231884058,0.03788633540244729,2.0357724480239807,0.0,0.0,0.0,-0.03788633540244729,14.645101997302845
5.944,0.0,0.0,0.4801173068365219,0.0,0.0,2.0787090143934135,0.0,0.0,0.0,0.0,0.0,0.0,0.0,0.0,0.5,0.0,0.0,0.0,-0.2,0.0,0.0,0.0,11.77536231884058,11.77536231884058,11.77536231884058,11.77536231884058,0.019882693163478127,2.0787090143934135,0.0,0.0,0.0,-0.019882693163478127,14.958052997826599
5.952,0.0,0.0,0.4984163485421368,0.0,0.0,2.1204432541551035,0.0,0.0,0.0,0.0,0.0,0.0,0.0,0.0,0.5,0.0,0.0,0.0,-0.2,0.0,0.0,0.0,11.77536231884058,11.77536231884058,11.77536231884058,11.77536231884058,0.001583651457863211,2.1204432541551035,0.0,0.0,0.0,-0.001583651457863211,14.851300002192147
5.96,0.0,0.0,0.5170013328048081,0.0,0.0,2.160979209890865,0.0,0.0,0.0,0.0,0.0,0.0,0.0,0.0,0.5,0.0,0.0,0.0,-0.2,0.0,0.0,0.0,11.77536231884058,11.77536231884058,11.77536231884058,11.77536231884058,0.01700133280480809,2.160979209890865,0.0,0.0,0.0,0.01700133280480809,14.794798000366427
5.968,0.0,0.0,0.5358628586930383,0.0,0.0,2.2003215151184468,0.0,0.0,0.0,0.0,0.0,0.0,0.0,0.0,0.5,0.0,0.0,0.0,-0.2,0.0,0.0,0.0,11.77536231884058,11.77536231884058,11.77536231884058,11.77536231884058,0.03586285869303829,2.2003215151184468,0.0,0.0,0.0,0.03586285869303829,14.784544000576716
5.976,0.0,0.0,0.5549915811806888,0.0,0.0,2.23847527428602,0.0,0.0,0.0,0.0,0.0,0.0,0.0,0.0,0.5,0.0,0.0,0.0,-0.2,0.0,0.0,0.0,11.77536231884058,11.77536231884058,11.77536231884058,11.77536231884058,0.05499158118068881,2.23847527428602,0.0,0.0,0.0,0.05499158118068881,14.83500700123841
5.984,0.0,0.0,0.5743782110743421,0.0,0.0,2.275445966770147,0.0,0.0,0.0,0.0,0.0,0.0,0.0,0.0,0.5,0.0,0.0,0.0,-0.2,0.0,0.0,0.0,11.77536231884058,11.77536231884058,11.77536231884058,11.77536231884058,0.07437821107434206,2.275445966770147,0.0,0.0,0.0,0.07437821107434206,14.807330000621732
5.992,0.0,0.0,0.5940135149407574,0.0,0.0,2.3112393700765,0.0,0.0,0.0,0.0,0.0,0.0,0.0,0.0,0.5,0.0,0.0,0.0,-0.2,0.0,0.0,0.0,11.77536231884058,11.77536231884058,11.77536231884058,11.77536231884058,0.09401351494075738,2.3112393700765,0.0,0.0,0.0,0.09401351494075738,14.800703000219073
6.0,0.0,0.0,0.6138883150344218,0.0,0.0,2.345861498402809,0.0,0.0,0.0,0.0,0.0,0.0,0.0,0.0,0.5,0.0,0.0,0.0,-0.2,0.0,0.0,0.0,11.77536231884058,11.77536231884058,11.77536231884058,11.77536231884058,0.11388831503442176,2.345861498402809,0.0,0.0,0.0,0.11388831503442176,14.814727001066785
6.008,0.0,0.0,0.6339934892251939,0.0,0.0,2.3793185534915513,0.0,0.0,0.0,0.0,0.0,0.0,0.0,0.0,0.5,0.0,0.0,0.0,-0.2,0.0,0.0,0.0,11.77536231884058,11.77536231884058,11.77536231884058,11.77536231884058,0.13399348922519394,2.3793185534915513,0.0,0.0,0.0,0.13399348922519394,14.763655999558978
6.016,0.0,0.0,0.6543199709260434,0.0,0.0,2.411616885314478,0.0,0.0,0.0,0.0,0.0,0.0,0.0,0.0,0.5,0.0,0.0,0.0,-0.2,0.0,0.0,0.0,11.77536231884058,11.77536231884058,11.77536231884058,11.77536231884058,0.15431997092604344,2.411616885314478,0.0,0.0,0.0,0.15431997092604344,15.45782299945131
6.024,0.0,0.0,0.6748587490208828,0.0,0.0,2.442762960622567,0.0,0.0,0.0,0.0,0.0,0.0,0.0,0.0,0.5,0.0,0.0,0.0,-0.2,0.0,0.0,0.0,11.77536231884058,11.77536231884058,11.77536231884058,11.77536231884058,0.17485874902088283,2.442762960622567,0.0,0.0,0.0,0.17485874902088283,14.882602001307532
6.032,0.0,0.0,0.6956008677924941,0.0,0.0,2.4727633377883347,0.0,0.0,0.0,0.0,0.0,0.0,0.0,0.0,0.5,0.0,0.0,0.0,-0.2,0.0,0.0,0.0,11.77536231884058,11.77536231884058,11.77536231884058,11.77536231884058,0.19560086779249408,2.4727633377883347,0.0,0.0,0.0,0.19560086779249408,14.887122000800446
6.04,0.0,0.0,0.7165374268505482,0.0,0.0,2.501624646682021,0.0,0.0,0.0,0.0,0.0,0.0,0.0,0.0,0.5,0.0,0.0,0.0,-0.2,0.0,0.0,0.0,11.77536231884058,11.77536231884058,11.77536231884058,11.77536231884058,0.21653742685054822,2.501624646682021,0.0,0.0,0.0,0.21653742685054822,14.811834997090045
6.048,0.0,0.0,0.7376595810597191,0.0,0.0,2.5293535725748875,0.0,0.0,0.0,0.0,0.0,0.0,0.0,0.0,0.5,0.0,0.0,0.0,-0.2,0.0,0.0,0.0,11.77536231884058,11.77536231884058,11.77536231884058,11.77536231884058,0.23765958105971907,2.5293535725748875,0.0,0.0,0.0,0.23765958105971907,14.768961998925079
6.056,0.0,0.0,0.7589585404678897,0.0,0.0,2.555956843264175,0.0,0.0,0.0,0.0,0.0,0.0,0.0,0.0,0.5,0.0,0.0,0.0,-0.2,0.0,0.0,0.0,11.77536231884058,11.77536231884058,11.77536231884058,11.77536231884058,0.2589585404678897,2.555956843264175,0.0,0.0,0.0,0.2589585404678897,14.594891996239312
6.064,0.0,0.0,0.7804255702344527,0.0,0.0,2.5814412187754145,0.0,0.0,0.0,0.0,0.0,0.0,0.0,0.0,0.5,0.0,0.0,0.0,-0.2,0.0,0.0,0.0,11.77536231884058,11.77536231884058,11.77536231884058,11.77536231884058,0.2804255702344527,2.5814412187754145,0.0,0.0,0.0,0.2804255702344527,14.794486000027973
6.072,0.0,0.0,0.8020519905587036,0.0,0.0,2.6058134831266035,0.0,0.0,0.0,0.0,0.0,0.0,0.0,0.0,0.5,0.0,0.0,0.0,-0.2,0.0,0.0,0.0,11.77536231884058,11.77536231884058,11.77536231884058,11.77536231884058,0.3020519905587036,2.6058134831266035,0.0,0.0,0.0,0.3020519905587036,14.846383004623931
6.08,0.0,0.0,0.8238291766083267,0.0,0.0,2.6290804377418597,0.0,0.0,0.0,0.0,0.0,0.0,0.0,0.0,0.5,0.0,0.0,0.0,-0.2,0.0,0.0,0.0,11.77536231884058,11.77536231884058,11.77536231884058,11.77536231884058,0.32382917660832666,2.6290804377418597,0.0,0.0,0.0,0.32382917660832666,14.769336994504556
6.088,0.0,0.0,0.8457485584479748,0.0,0.0,2.6512488961846907,0.0,0.0,0.0,0.0,0.0,0.0,0.0,0.0,0.5,0.0,0.0,0.0,-0.2,0.0,0.0,0.0,11.77536231884058,11.77536231884058,11.77536231884058,11.77536231884058,0.3457485584479748,2.6512488961846907,0.0,0.0,0.0,0.3457485584479748,14.947629999369383
6.096,0.0,0.0,0.867801620967941,0.0,0.0,2.672325679946907,0.0,0.0,0.0,0.0,0.0,0.0,0.0,0.0,0.5,0.0,0.0,0.0,-0.2,0.0,0.0,0.0,11.77536231884058,11.77536231884058,11.77536231884058,11.77536231884058,0.367801620967941,2.672325679946907,0.0,0.0,0.0,0.367801620967941,14.867063000565395
6.104,0.0,0.0,0.8899799038129231,0.0,0.0,2.6923176150820787,0.0,0.0,0.0,0.0,0.0,0.0,0.0,0.0,0.5,0.0,0.0,0.0,-0.2,0.0,0.0,0.0,11.77536231884058,11.77536231884058,11.77536231884058,11.77536231884058,0.38997990381292313,2.6923176150820787,0.0,0.0,0.0,0.38997990381292313,14.777121003135107
6.112,0.0,0.0,0.9122750013108815,0.0,0.0,2.7112315295146208,0.0,0.0,0.0,0.0,0.0,0.0,0.0,0.0,0.5,0.0,0.0,0.0,-0.2,0.0,0.0,0.0,11.77536231884058,11.77536231884058,11.77536231884058,11.77536231884058,0.41227500131088146,2.7112315295146208,0.0,0.0,0.0,0.41227500131088146,14.8701189973508
6.12,0.0,0.0,0.9346785624019879,0.0,0.0,2.729074250889357,0.0,0.0,0.0,0.0,0.0,0.0,0.0,0.0,0.5,0.0,0.0,0.0,-0.2,0.0,0.0,0.0,11.77536231884058,11.77536231884058,11.77536231884058,11.77536231884058,0.4346785624019879,2.729074250889357,0.0,0.0,0.0,0.4346785624019879,16.306070996506605
6.128,0.0,0.0,0.9571822905676683,0.0,0.0,2.7458526048534972,0.0,0.0,0.0,0.0,0.0,0.0,0.0,0.0,0.5,0.0,0.0,0.0,-0.2,0.0,0.0,0.0,11.77536231884058,11.77536231884058,11.77536231884058,11.77536231884058,0.45718229056766835,2.7458526048534972,0.0,0.0,0.0,0.45718229056766835,15.196526997897308
6.136,0.0,0.0,0.9797779437597368,0.0,0.0,2.761573413684509,0.0,0.0,0.0,0.0,0.0,0.0,0.0,0.0,0.5,0.0,0.0,0.0,-0.2,0.0,0.0,0.0,11.77536231884058,11.77536231884058,11.77536231884058,11.77536231884058,0.4797779437597368,2.761573413684509,0.0,0.0,0.0,0.4797779437597368,14.779329001612496
6.144,0.0,0.0,1.0024573343296215,0.0,0.0,2.7762434951947235,0.0,0.0,0.0,0.0,0.0,0.0,0.0,0.0,0.5,0.0,0.0,0.0,-0.2,0.0,0.0,0.0,11.77536231884058,11.77536231884058,11.77536231884058,11.77536231884058,0.5024573343296215,2.7762434951947235,0.0,0.0,0.0,0.5024573343296215,14.974274999985937
6.152,0.0,0.0,1.025212328957683,0.0,0.0,2.789869661857319,0.0,0.0,0.0,0.0,0.0,0.0,0.0,0.0,0.5,0.0,0.0,0.0,-0.2,0.0,0.0,0.0,11.77536231884058,11.77536231884058,11.77536231884058,11.77536231884058,0.5252123289576831,2.789869661857319,0.0,0.0,0.0,0.5252123289576831,14.536274000420235
6.16,0.0,0.0,1.048034848582625,0.0,0.0,2.8024587201094016,0.0,0.0,0.0,0.0,0.0,0.0,0.0,0.0,0.5,0.0,0.0,0.0,-0.2,0.0,0.0,0.0,11.77536231884058,11.77536231884058,11.77536231884058,11.77536231884058,0.548034848582625,2.8024587201094016,0.0,0.0,0.0,0.548034848582625,14.866227997117676
6.168,0.0,0.0,1.070916868330995,0.0,0.0,2.8140174697967737,0.0,0.0,0.0,0.0,0.0,0.0,0.0,0.0,0.5,0.0,0.0,0.0,-0.2,0.0,0.0,0.0,11.77536231884058,11.77536231884058,11.77536231884058,11.77536231884058,0.5709168683309951,2.8140174697967737,0.0,0.0,0.0,0.5709168683309951,14.57299599860562
6.176,0.0,0.0,1.0938504174467787,0.0,0.0,2.824552703732009,0.0,0.0,0.0,0.0,0.0,0.0,0.0,0.0,0.5,0.0,0.0,0.0,-0.2,0.0,0.0,0.0,11.77536231884058,11.77536231884058,11.77536231884058,11.77536231884058,0.5938504174467787,2.824552703732009,0.0,0.0,0.0,0.5938504174467787,14.961601002141833
6.184,0.0,0.0,1.1168275792210842,0.0,0.0,2.834071207343245,0.0,0.0,0.0,0.0,0.0,0.0,0.0,0.0,0.5,0.0,0.0,0.0,-0.2,0.0,0.0,0.0,11.77536231884058,11.77536231884058,11.77536231884058,11.77536231884058,0.6168275792210842,2.834071207343245,0.0,0.0,0.0,0.6168275792210842,14.56949400017038
6.192,0.0,0.0,1.1398404909219184,0.0,0.0,2.84257975839545,0.0,0.0,0.0,0.0,0.0,0.0,0.0,0.0,0.5,0.0,0.0,0.0,-0.2,0.0,0.0,0.0,11.77536231884058,11.77536231884058,11.77536231884058,11.77536231884058,0.6398404909219184,2.84257975839545,0.0,0.0,0.0,0.6398404909219184,15.162206000240985
6.2,0.0,0.0,1.1628813437240544,0.0,0.0,2.850085126769759,0.0,0.0,0.0,0.0,0.0,0.0,0.0,0.0,0.5,0.0,0.0,0.0,-0.2,0.0,0.0,0.0,11.77536231884058,11.77536231884058,11.77536231884058,11.77536231884058,0.6628813437240544,2.850085126769759,0.0,0.0,0.0,0.6628813437240544,14.737450997927226
6.208,0.0,0.0,1.1859423826389903,0.0,0.0,2.8565940742892053,0.0,0.0,0.0,0.0,0.0,0.0,0.0,0.0,0.5,0.0,0.0,0.0,-0.2,0.0,0.0,0.0,11.77536231884058,11.77536231884058,11.77536231884058,11.77536231884058,0.6859423826389903,2.8565940742892053,0.0,0.0,0.0,0.6859423826389903,14.55224600067595
6.216,0.0,0.0,1.2090159064449988,0.0,0.0,2.8621133545815756,0.0,0.0,0.0,0.0,0.0,0.0,0.0,0.0,0.5,0.0,0.0,0.0,-0.2,0.0,0.0,0.0,11.77536231884058,11.77536231884058,11.77536231884058,11.77536231884058,0.7090159064449988,2.8621133545815756,0.0,0.0,0.0,0.7090159064449988,14.945569004339632
6.224,0.0,0.0,1.232094267617267,0.0,0.0,2.8666497129719666,0.0,0.0,0.0,0.0,0.0,0.0,0.0,0.0,0.5,0.0,0.0,0.0,-0.2,0.0,0.0,0.0,11.77536231884058,11.77536231884058,11.77536231884058,11.77536231884058,0.732094267617267,2.8666497129719666,0.0,0.0,0.0,0.732094267617267,14.939160995709244
6.232,0.0,0.0,1.2551698722581288,0.0,0.0,2.8702098863991172,0.0,0.0,0.0,0.0,0.0,0.0,0.0,0.0,0.5,0.0,0.0,0.0,-0.2,0.0,0.0,0.0,11.77536231884058,11.77536231884058,11.77536231884058,11.77536231884058,0.7551698722581288,2.8702098863991172,0.0,0.0,0.0,0.7551698722581288,14.95864600292407
6.24,0.0,0.0,1.278235180027386,0.0,0.0,2.8728006033507203,0.0,0.0,0.0,0.0,0.0,0.0,0.0,0.0,0.5,0.0,0.0,0.0,-0.2,0.0,0.0,0.0,11.77536231884058,11.77536231884058,11.77536231884058,11.77536231884058,0.7782351800273859,2.8728006033507203,0.0,0.0,0.0,0.7782351800273859,14.86268499866128
6.248,0.0,0.0,1.3012827040727204,0.0,0.0,2.8744285838139385,0.0,0.0,0.0,0.0,0.0,0.0,0.0,0.0,0.5,0.0,0.0,0.0,-0.2,0.0,0.0,0.0,11.77536231884058,11.77536231884058,11.77536231884058,11.77536231884058,0.8012827040727204,2.8744285838139385,0.0,0.0,0.0,0.8012827040727204,14.865755998471286
6.256,0.0,0.0,1.324305010960198,0.0,0.0,2.8751005392380886,0.0,0.0,0.0,0.0,0.0,0.0,0.0,0.0,0.5,0.0,0.0,0.0,-0.2,0.0,0.0,0.0,11.77536231884058,11.77536231884058,11.77536231884058,11.77536231884058,0.8243050109601979,2.8751005392380886,0.0,0.0,0.0,0.8243050109601979,14.5707539995783
6.264,0.0,0.0,1.3472947206048602,0.0,0.0,2.8748231725070275,0.0,0.0,0.0,0.0,0.0,0.0,0.0,0.0,0.5,0.0,0.0,0.0,-0.2,0.0,0.0,0.0,11.77536231884058,11.77536231884058,11.77536231884058,11.77536231884058,0.8472947206048602,2.8748231725070275,0.0,0.0,0.0,0.8472947206048602,15.51949699933175
6.272,0.0,0.0,1.3702445062014093,0.0,0.0,2.873603177919348,0.0,0.0,0.0,0.0,0.0,0.0,0.0,0.0,0.5,0.0,0.0,0.0,-0.2,0.0,0.0,0.0,11.77536231884058,11.77536231884058,11.77536231884058,11.77536231884058,0.8702445062014093,2.873603177919348,0.0,0.0,0.0,0.8702445062014093,15.231295001285616
6.28,0.0,0.0,1.39314709415498,0.0,0.0,2.871447241174745,0.0,0.0,0.0,0.0,0.0,0.0,0.0,0.0,0.5,0.0,0.0,0.0,-0.2,0.0,0.0,0.0,11.77536231884058,11.77536231884058,11.77536231884058,11.77536231884058,0.89314709415498,2.871447241174745,0.0,0.0,0.0,0.89314709415498,15.477606000786182
6.288,0.0,0.0,1.415995264012004,0.0,0.0,2.868362039365395,0.0,0.0,0.0,0.0,0.0,0.0,0.0,0.0,0.5,0.0,0.0,0.0,-0.2,0.0,0.0,0.0,11.77536231884058,11.77536231884058,11.77536231884058,11.77536231884058,0.9159952640120039,2.868362039365395,0.0,0.0,0.0,0.9159952640120039,15.356142997916322
6.296,0.0,0.0,1.4387818483911623,0.0,0.0,2.8643542409712746,0.0,0.0,0.0,0.0,0.0,0.0,0.0,0.0,0.5,0.0,0.0,0.0,-0.2,0.0,0.0,0.0,11.77536231884058,11.77536231884058,11.77536231884058,11.77536231884058,0.9387818483911623,2.8643542409712746,0.0,0.0,0.0,0.9387818483911623,15.520570996159222
6.304,0.0,0.0,1.4614997329144288,0.0,0.0,2.8594305058586817,0.0,0.0,0.0,0.0,0.0,0.0,0.0,0.0,0.5,0.0,0.0,0.0,-0.2,0.0,0.0,0.0,11.77536231884058,11.77536231884058,11.77536231884058,11.77536231884058,0.9614997329144288,2.8594305058586817,0.0,0.0,0.0,0.9614997329144288,15.327509994676802
6.312,0.0,0.0,1.484141856138202,0.0,0.0,2.8535974852812758,0.0,0.0,0.0,0.0,0.0,0.0,0.0,0.0,0.5,0.0,0.0,0.0,-0.2,0.0,0.0,0.0,11.77536231884058,11.77536231884058,11.77536231884058,11.77536231884058,0.984141856138202,2.8535974852812758,0.0,0.0,0.0,0.984141856138202,15.163306998147164
6.32,0.0,0.0,1.506701209484528,0.0,0.0,2.846861821883169,0.0,0.0,0.0,0.0,0.0,0.0,0.0,0.0,0.5,0.0,0.0,0.0,-0.2,0.0,0.0,0.0,11.77536231884058,11.77536231884058,11.77536231884058,11.77536231884058,1.006701209484528,2.846861821883169,0.0,0.0,0.0,1.006701209484528,15.022501000203192
6.328,0.0,0.0,1.5291708371724106,0.0,0.0,2.8392301497036008,0.0,0.0,0.0,0.0,0.0,0.0,0.0,0.0,0.5,0.0,0.0,0.0,-0.2,0.0,0.0,0.0,11.77536231884058,11.77536231884058,11.77536231884058,11.77536231884058,1.0291708371724106,2.8392301497036008,0.0,0.0,0.0,1.0291708371724106,14.834487003099639
6.336,0.0,0.0,1.5515438361492127,0.0,0.0,2.8307090941829305,0.0,0.0,0.0,0.0,0.0,0.0,0.0,0.0,0.5,0.0,0.0,0.0,-0.2,0.0,0.0,0.0,11.77536231884058,11.77536231884058,11.77536231884058,11.77536231884058,1.0515438361492127,2.8307090941829305,0.0,0.0,0.0,1.0515438361492127,14.749643996765371
6.344,0.0,0.0,1.5738133560221457,0.0,0.0,2.8213052721696696,0.0,0.0,0.0,0.0,0.0,0.0,0.0,0.0,0.5,0.0,0.0,0.0,-0.2,0.0,0.0,0.0,11.77536231884058,11.77536231884058,11.77536231884058,11.77536231884058,1.0738133560221457,2.8213052721696696,0.0,0.0,0.0,1.0738133560221457,14.489701999991667
6.352,0.0,0.0,1.5959725989898486,0.0,0.0,2.811025291928307,0.0,0.0,0.0,0.0,0.0,0.0,0.0,0.0,0.5,0.0,0.0,0.0,-0.2,0.0,0.0,0.0,11.77536231884058,11.77536231884058,11.77536231884058,11.77536231884058,1.0959725989898486,2.811025291928307,0.0,0.0,0.0,1.0959725989898486,15.225147995806765
6.36,0.0,0.0,1.6180148197740547,0.0,0.0,2.7998757531477994,0.0,0.0,0.0,0.0,0.0,0.0,0.0,0.0,0.5,0.0,0.0,0.0,-0.2,0.0,0.0,0.0,11.77536231884058,11.77536231884058,11.77536231884058,11.77536231884058,1.1180148197740547,2.7998757531477994,0.0,0.0,0.0,1.1180148197740547,15.489974000956863
6.368,0.0,0.0,1.639933325551349,0.0,0.0,2.7878632469505984,0.0,0.0,0.0,0.0,0.0,0.0,0.0,0.0,0.5,0.0,0.0,0.0,-0.2,0.0,0.0,0.0,11.77536231884058,11.77536231884058,11.77536231884058,11.77536231884058,1.139933325551349,2.7878632469505984,0.0,0.0,0.0,1.139933325551349,15.828982002858538
6.376,0.0,0.0,1.661721475885013,0.0,0.0,2.7749943559020753,0.0,0.0,0.0,0.0,0.0,0.0,0.0,0.0,0.5,0.0,0.0,0.0,-0.2,0.0,0.0,0.0,11.77536231884058,11.77536231884058,11.77536231884058,11.77536231884058,1.161721475885013,2.7749943559020753,0.0,0.0,0.0,1.161721475885013,14.923299000656698
6.384,0.0,0.0,1.6833726826569573,0.0,0.0,2.761275654020268,0.0,0.0,0.0,0.0,0.0,0.0,0.0,0.0,0.5,0.0,0.0,0.0,-0.2,0.0,0.0,0.0,11.77536231884058,11.77536231884058,11.77536231884058,11.77536231884058,1.1833726826569573,2.761275654020268,0.0,0.0,0.0,1.1833726826569573,14.688182003737893
6.392,0.0,0.0,1.7048804099997454,0.0,0.0,2.7467137067859184,0.0,0.0,0.0,0.0,0.0,0.0,0.0,0.0,0.5,0.0,0.0,0.0,-0.2,0.0,0.0,0.0,11.77536231884058,11.77536231884058,11.77536231884058,11.77536231884058,1.2048804099997454,2.7467137067859184,0.0,0.0,0.0,1.2048804099997454,14.992519994848408
6.4,0.0,0.0,1.726238174228703,0.0,0.0,2.7313150711526726,0.0,0.0,0.0,0.0,0.0,0.0,0.0,0.0,0.5,0.0,0.0,0.0,-0.2,0.0,0.0,0.0,11.77536231884058,11.77536231884058,11.77536231884058,11.77536231884058,1.226238174228703,2.7313150711526726,0.0,0.0,0.0,1.226238174228703,14.775568000914063
6.408,0.0,0.0,1.7474395437741164,0.0,0.0,2.715086295557473,0.0,0.0,0.0,0.0,0.0,0.0,0.0,0.0,0.5,0.0,0.0,0.0,-0.2,0.0,0.0,0.0,11.77536231884058,11.77536231884058,11.77536231884058,11.77536231884058,1.2474395437741164,2.715086295557473,0.0,0.0,0.0,1.2474395437741164,14.859143004287034
6.416,0.0,0.0,1.7684781391135198,0.0,0.0,2.6980339199310643,0.0,0.0,0.0,0.0,0.0,0.0,0.0,0.0,0.5,0.0,0.0,0.0,-0.2,0.0,0.0,0.0,11.77536231884058,11.77536231884058,11.77536231884058,11.77536231884058,1.2684781391135198,2.6980339199310643,0.0,0.0,0.0,1.2684781391135198,15.027727000415325
6.424,0.0,0.0,1.78934763270407,0.0,0.0,2.680164475708607,0.0,0.0,0.0,0.0,0.0,0.0,0.0,0.0,0.5,0.0,0.0,0.0,-0.2,0.0,0.0,0.0,11.77536231884058,11.77536231884058,11.77536231884058,11.77536231884058,1.28934763270407,2.680164475708607,0.0,0.0,0.0,1.28934763270407,14.713580996613018
6.432,0.0,0.0,1.8100417489150085,0.0,0.0,2.661484485840346,0.0,0.0,0.0,0.0,0.0,0.0,0.0,0.0,0.5,0.0,0.0,0.0,-0.2,0.0,0.0,0.0,11.77536231884058,11.77536231884058,11.77536231884058,11.77536231884058,1.3100417489150085,2.661484485840346,0.0,0.0,0.0,1.3100417489150085,14.702866996231023
6.44,0.0,0.0,1.8305542639602117,0.0,0.0,2.642000464802357,0.0,0.0,0.0,0.0,0.0,0.0,0.0,0.0,0.5,0.0,0.0,0.0,-0.2,0.0,0.0,0.0,11.77536231884058,11.77536231884058,11.77536231884058,11.77536231884058,1.3305542639602117,2.642000464802357,0.0,0.0,0.0,1.3305542639602117,15.493863000301644
6.448,0.0,0.0,1.8508790058308295,0.0,0.0,2.621718918607331,0.0,0.0,0.0,0.0,0.0,0.0,0.0,0.0,0.5,0.0,0.0,0.0,-0.2,0.0,0.0,0.0,11.77536231884058,11.77536231884058,11.77536231884058,11.77536231884058,1.3508790058308295,2.621718918607331,0.0,0.0,0.0,1.3508790058308295,15.018115998827852
6.456,0.0,0.0,1.8710098542280102,0.0,0.0,2.6006463448153827,0.0,0.0,0.0,0.0,0.0,0.0,0.0,0.0,0.5,0.0,0.0,0.0,-0.2,0.0,0.0,0.0,11.77536231884058,11.77536231884058,11.77536231884058,11.77536231884058,1.3710098542280102,2.6006463448153827,0.0,0.0,0.0,1.3710098542280102,14.861074996588286
6.464,0.0,0.0,1.8909407404957135,0.0,0.0,2.5787892325448865,0.0,0.0,0.0,0.0,0.0,0.0,0.0,0.0,0.5,0.0,0.0,0.0,-0.2,0.0,0.0,0.0,11.77536231884058,11.77536231884058,11.77536231884058,11.77536231884058,1.3909407404957135,2.5787892325448865,0.0,0.0,0.0,1.3909407404957135,14.927481999620795
6.472,0.0,0.0,1.9106656475536103,0.0,0.0,2.5561540624833303,0.0,0.0,0.0,0.0,0.0,0.0,0.0,0.0,0.5,0.0,0.0,0.0,-0.2,0.0,0.0,0.0,11.77536231884058,11.77536231884058,11.77536231884058,11.77536231884058,1.4106656475536103,2.5561540624833303,0.0,0.0,0.0,1.4106656475536103,15.03426099952776
6.48,0.0,0.0,1.9301786098300708,0.0,0.0,2.5327473068981763,0.0,0.0,0.0,0.0,0.0,0.0,0.0,0.0,0.5,0.0,0.0,0.0,-0.2,0.0,0.0,0.0,11.77536231884058,11.77536231884058,11.77536231884058,11.77536231884058,1.4301786098300708,2.5327473068981763,0.0,0.0,0.0,1.4301786098300708,14.999444996647071
6.488,0.0,0.0,1.9494737131952384,0.0,0.0,2.5085754296477307,0.0,0.0,0.0,0.0,0.0,0.0,0.0,0.0,0.5,0.0,0.0,0.0,-0.2,0.0,0.0,0.0,11.77536231884058,11.77536231884058,11.77536231884058,11.77536231884058,1.4494737131952384,2.5085754296477307,0.0,0.0,0.0,1.4494737131952384,14.832860004389659
6.496,0.0,0.0,1.9685450948941912,0.0,0.0,2.4836448861920024,0.0,0.0,0.0,0.0,0.0,0.0,0.0,0.0,0.5,0.0,0.0,0.0,-0.2,0.0,0.0,0.0,11.77536231884058,11.77536231884058,11.77536231884058,11.77536231884058,1.4685450948941912,2.4836448861920024,0.0,0.0,0.0,1.4685450948941912,14.742700004717335
6.5040000000000004,0.0,0.0,1.98738694348019,0.0,0.0,2.4579621236035742,0.0,0.0,0.0,0.0,0.0,0.0,0.0,0.0,0.5,0.0,0.0,0.0,-0.2,0.0,0.0,0.0,11.77536231884058,11.77536231884058,11.77536231884058,11.77536231884058,1.48738694348019,2.4579621236035742,0.0,0.0,0.0,1.48738694348019,14.798156000324525
6.5120000000000005,0.0,0.0,2.0059934987480137,0.0,0.0,2.4315335805784497,0.0,0.0,0.0,0.0,0.0,0.0,0.0,0.0,0.5,0.0,0.0,0.0,-0.2,0.0,0.0,0.0,11.77536231884058,11.77536231884058,11.77536231884058,11.77536231884058,1.5059934987480137,2.4315335805784497,0.0,0.0,0.0,1.5059934987480137,14.888574994984083
6.5200000000000005,0.0,0.0,2.0243590516673797,0.0,0.0,2.4043656874469104,0.0,0.0,0.0,0.0,0.0,0.0,0.0,0.0,0.5,0.0,0.0,0.0,-0.2,0.0,0.0,0.0,11.77536231884058,11.77536231884058,11.77536231884058,11.77536231884058,1.5243590516673797,2.4043656874469104,0.0,0.0,0.0,1.5243590516673797,14.756357006262988
6.5280000000000005,0.0,0.0,2.0424779443164542,0.0,0.0,2.376464866184391,0.0,0.0,0.0,0.0,0.0,0.0,0.0,0.0,0.5,0.0,0.0,0.0,-0.2,0.0,0.0,0.0,11.77536231884058,11.77536231884058,11.77536231884058,11.77536231884058,1.5424779443164542,2.376464866184391,0.0,0.0,0.0,1.5424779443164542,14.911709004081786
6.5360000000000005,0.0,0.0,2.0603445698154443,0.0,0.0,2.347837530422265,0.0,0.0,0.0,0.0,0.0,0.0,0.0,0.0,0.5,0.0,0.0,0.0,-0.2,0.0,0.0,0.0,11.77536231884058,11.77536231884058,11.77536231884058,11.77536231884058,1.5603445698154443,2.347837530422265,0.0,0.0,0.0,1.5603445698154443,14.75273499818286
6.5440000000000005,0.0,0.0,2.07795337226028,0.0,0.0,2.3184900854587003,0.0,0.0,0.0,0.0,0.0,0.0,0.0,0.0,0.5,0.0,0.0,0.0,-0.2,0.0,0.0,0.0,11.77536231884058,11.77536231884058,11.77536231884058,11.77536231884058,1.5779533722602799,2.3184900854587003,0.0,0.0,0.0,1.5779533722602799,14.791355999477673
6.5520000000000005,0.0,0.0,2.09529884665638,0.0,0.0,2.2884289282694685,0.0,0.0,0.0,0.0,0.0,0.0,0.0,0.0,0.5,0.0,0.0,0.0,-0.2,0.0,0.0,0.0,11.77536231884058,11.77536231884058,11.77536231884058,11.77536231884058,1.5952988466563802,2.2884289282694685,0.0,0.0,0.0,1.5952988466563802,14.97591299994383
6.5600000000000005,0.0,0.0,2.1123755388525076,0.0,0.0,2.2576604475187594,0.0,0.0,0.0,0.0,0.0,0.0,0.0,0.0,0.5,0.0,0.0,0.0,-0.2,0.0,0.0,0.0,11.77536231884058,11.77536231884058,11.77536231884058,11.77536231884058,1.6123755388525076,2.2576604475187594,0.0,0.0,0.0,1.6123755388525076,14.826302001893055
6.5680000000000005,0.0,0.0,2.1291780454747053,0.0,0.0,2.2261910235699505,0.0,0.0,0.0,0.0,0.0,0.0,0.0,0.0,0.5,0.0,0.0,0.0,-0.2,0.0,0.0,0.0,11.77536231884058,11.77536231884058,11.77536231884058,11.77536231884058,1.6291780454747053,2.2261910235699505,0.0,0.0,0.0,1.6291780454747053,15.440353003214113
6.5760000000000005,0.0,0.0,2.1457010138603225,0.0,0.0,2.1940270284963894,0.0,0.0,0.0,0.0,0.0,0.0,0.0,0.0,0.5,0.0,0.0,0.0,-0.2,0.0,0.0,0.0,11.77536231884058,11.77536231884058,11.77536231884058,11.77536231884058,1.6457010138603225,2.1940270284963894,0.0,0.0,0.0,1.6457010138603225,15.215499006444588
6.5840000000000005,0.0,0.0,2.161939141992126,0.0,0.0,2.1611748260921955,0.0,0.0,0.0,0.0,0.0,0.0,0.0,0.0,0.5,0.0,0.0,0.0,-0.2,0.0,0.0,0.0,11.77536231884058,11.77536231884058,11.77536231884058,11.77536231884058,1.661939141992126,2.1611748260921955,0.0,0.0,0.0,1.661939141992126,14.81987300212495
6.5920000000000005,0.0,0.0,2.177887178432494,0.0,0.0,2.127640771882954,0.0,0.0,0.0,0.0,0.0,0.0,0.0,0.0,0.5,0.0,0.0,0.0,-0.2,0.0,0.0,0.0,11.77536231884058,11.77536231884058,11.77536231884058,11.77536231884058,1.6778871784324938,2.127640771882954,0.0,0.0,0.0,1.6778871784324938,15.174371998000424
6.6000000000000005,0.0,0.0,2.1935399222576994,0.0,0.0,2.0934312131365043,0.0,0.0,0.0,0.0,0.0,0.0,0.0,0.0,0.5,0.0,0.0,0.0,-0.2,0.0,0.0,0.0,11.77536231884058,11.77536231884058,11.77536231884058,11.77536231884058,1.6935399222576994,2.0934312131365043,0.0,0.0,0.0,1.6935399222576994,15.075677001732402
6.6080000000000005,0.0,0.0,2.208892222992277,0.0,0.0,2.058552488873646,0.0,0.0,0.0,0.0,0.0,0.0,0.0,0.0,0.5,0.0,0.0,0.0,-0.2,0.0,0.0,0.0,11.77536231884058,11.77536231884058,11.77536231884058,11.77536231884058,1.7088922229922772,2.058552488873646,0.0,0.0,0.0,1.7088922229922772,15.691311004047748
6.6160000000000005,0.0,0.0,2.2239389805434744,0.0,0.0,2.023010929878847,0.0,0.0,0.0,0.0,0.0,0.0,0.0,0.0,0.5,0.0,0.0,0.0,-0.2,0.0,0.0,0.0,11.77536231884058,11.77536231884058,11.77536231884058,11.77536231884058,1.7239389805434744,2.023010929878847,0.0,0.0,0.0,1.7239389805434744,14.791080000577495
