sim_time,px,py,pz,vx,vy,vz,phi,theta,psi,p,q,r,ref_px,ref_py,ref_pz,ref_vx,ref_vy,ref_vz,u_thrust,u_roll,u_pitch,u_yaw,m1,m2,m3,m4,pos_error,vel_error,att_error,err_x,err_y,err_z,solve_time_ms
5.456,0.0,0.0,0.49649841112859255,0.0,0.0,0.005808654542700732,0.0,0.0,0.0,0.0,0.0,0.0,0.0,0.0,0.5,0.0,0.0,0.0,-0.0024809169979586043,0.0,0.0,0.0,40.67519083002042,40.67519083002042,40.67519083002042,40.67519083002042,0.003501588871407446,0.005808654542700732,0.0,0.0,0.0,-0.003501588871407446,0.1786680004443042
5.464,0.0,0.0,0.49654267289991083,0.0,0.0,0.005753467917117508,0.0,0.0,0.0,0.0,0.0,0.0,0.0,0.0,0.5,0.0,0.0,0.0,-0.0024696324951666293,0.0,0.0,0.0,40.67530367504833,40.67530367504833,40.67530367504833,40.67530367504833,0.003457327100089169,0.005753467917117508,0.0,0.0,0.0,-0.003457327100089169,0.07007699969108216
5.472,0.0,0.0,0.49658651414567456,0.0,0.0,0.005698805477787295,0.0,0.0,0.0,0.0,0.0,0.0,0.0,0.0,0.5,0.0,0.0,0.0,-0.002458454815127742,0.0,0.0,0.0,40.67541545184873,40.67541545184873,40.67541545184873,40.67541545184873,0.0034134858543254376,0.005698805477787295,0.0,0.0,0.0,-0.0034134858543254376,0.053424000725499354
5.48,0.0,0.0,0.49662993886092655,0.0,0.0,0.0056446622635294074,0.0,0.0,0.0,0.0,0.0,0.0,0.0,0.0,0.5,0.0,0.0,0.0,-0.002447382996419445,0.0,0.0,0.0,40.67552617003581,40.67552617003581,40.67552617003581,40.67552617003581,0.0033700611390734547,0.0056446622635294074,0.0,0.0,0.0,-0.0033700611390734547,0.04290200013201684
5.488,0.0,0.0,0.4966729510028667,0.0,0.0,0.005591033359326906,0.0,0.0,0.0,0.0,0.0,0.0,0.0,0.0,0.5,0.0,0.0,0.0,-0.0024364160844200233,0.0,0.0,0.0,40.6756358391558,40.6756358391558,40.6756358391558,40.6756358391558,0.0033270489971333195,0.005591033359326906,0.0,0.0,0.0,-0.0033270489971333195,0.04512699888437055
5.496,0.0,0.0,0.4967155544911955,0.0,0.0,0.00553791389568143,0.0,0.0,0.0,0.0,0.0,0.0,0.0,0.0,0.5,0.0,0.0,0.0,-0.002425553130584013,0.0,0.0,0.0,40.67574446869416,40.67574446869416,40.67574446869416,40.67574446869416,0.0032844455088045232,0.00553791389568143,0.0,0.0,0.0,-0.0032844455088045232,0.036910001654177904
5.5040000000000004,0.0,0.0,0.4967577532084551,0.0,0.0,0.00548529904803599,0.0,0.0,0.0,0.0,0.0,0.0,0.0,0.0,0.5,0.0,0.0,0.0,-0.0024147931919059618,0.0,0.0,0.0,40.67585206808094,40.67585206808094,40.67585206808094,40.67585206808094,0.0032422467915448894,0.00548529904803599,0.0,0.0,0.0,-0.0032422467915448894,0.03867299892590381
5.5120000000000005,0.0,0.0,0.49679955100036843,0.0,0.0,0.0054331840362618605,0.0,0.0,0.0,0.0,0.0,0.0,0.0,0.0,0.5,0.0,0.0,0.0,-0.0024041353305620516,0.0,0.0,0.0,40.67595864669438,40.67595864669438,40.67595864669438,40.67595864669438,0.0032004489996315666,0.0054331840362618605,0.0,0.0,0.0,-0.0032004489996315666,0.034296999729122035
5.5200000000000005,0.0,0.0,0.4968409516761759,0.0,0.0,0.005381564124196745,0.0,0.0,0.0,0.0,0.0,0.0,0.0,0.0,0.5,0.0,0.0,0.0,-0.0023935786136911608,0.0,0.0,0.0,40.67606421386309,40.67606421386309,40.67606421386309,40.67606421386309,0.0031590483238240763,0.005381564124196745,0.0,0.0,0.0,-0.0031590483238240763,0.029933999030617997
5.5280000000000005,0.0,0.0,0.4968819590089706,0.0,0.0,0.005330434619223958,0.0,0.0,0.0,0.0,0.0,0.0,0.0,0.0,0.5,0.0,0.0,0.0,-0.0023831221133003844,0.0,0.0,0.0,40.676168778867,40.676168778867,40.676168778867,40.676168778867,0.003118040991029414,0.005330434619223958,0.0,0.0,0.0,-0.003118040991029414,0.029041000743745826
5.5360000000000005,0.0,0.0,0.4969225767360312,0.0,0.0,0.00527979087189414,0.0,0.0,0.0,0.0,0.0,0.0,0.0,0.0,0.5,0.0,0.0,0.0,-0.002372764906266367,0.0,0.0,0.0,40.67627235093734,40.67627235093734,40.67627235093734,40.67627235093734,0.003077423263968815,0.00527979087189414,0.0,0.0,0.0,-0.003077423263968815,0.029206999897724018
5.5440000000000005,0.0,0.0,0.4969628085591531,0.0,0.0,0.005229628275562953,0.0,0.0,0.0,0.0,0.0,0.0,0.0,0.0,0.5,0.0,0.0,0.0,-0.0023625060743968085,0.0,0.0,0.0,40.676374939256036,40.676374939256036,40.676374939256036,40.676374939256036,0.003037191440846909,0.005229628275562953,0.0,0.0,0.0,-0.003037191440846909,0.02853499972843565
5.5520000000000005,0.0,0.0,0.4970026581449777,0.0,0.0,0.005179942266065155,0.0,0.0,0.0,0.0,0.0,0.0,0.0,0.0,0.5,0.0,0.0,0.0,-0.0023523447045834533,0.0,0.0,0.0,40.67647655295417,40.67647655295417,40.67647655295417,40.67647655295417,0.0029973418550223174,0.005179942266065155,0.0,0.0,0.0,-0.0029973418550223174,0.02968599983432796
5.5600000000000005,0.0,0.0,0.49704212912531937,0.0,0.0,0.005130728321394188,0.0,0.0,0.0,0.0,0.0,0.0,0.0,0.0,0.5,0.0,0.0,0.0,-0.0023422798889630725,0.0,0.0,0.0,40.67657720111037,40.67657720111037,40.67657720111037,40.67657720111037,0.002957870874680635,0.005130728321394188,0.0,0.0,0.0,-0.002957870874680635,0.02894099998229649
5.5680000000000005,0.0,0.0,0.49708122509749075,0.0,0.0,0.005081981961400048,0.0,0.0,0.0,0.0,0.0,0.0,0.0,0.0,0.5,0.0,0.0,0.0,-0.002332310725129405,0.0,0.0,0.0,40.67667689274871,40.67667689274871,40.67667689274871,40.67667689274871,0.002918774902509247,0.005081981961400048,0.0,0.0,0.0,-0.002918774902509247,0.044174999857204966
5.5760000000000005,0.0,0.0,0.49711994962462575,0.0,0.0,0.005033698747494845,0.0,0.0,0.0,0.0,0.0,0.0,0.0,0.0,0.5,0.0,0.0,0.0,-0.0023224363163583117,0.0,0.0,0.0,40.67677563683642,40.67677563683642,40.67677563683642,40.67677563683642,0.0028800503753742546,0.005033698747494845,0.0,0.0,0.0,-0.0028800503753742546,0.035056998967775144
5.5840000000000005,0.0,0.0,0.49715830623600044,0.0,0.0,0.004985874282363132,0.0,0.0,0.0,0.0,0.0,0.0,0.0,0.0,0.5,0.0,0.0,0.0,-0.00231265577183859,0.0,0.0,0.0,40.67687344228162,40.67687344228162,40.67687344228162,40.67687344228162,0.0028416937639995643,0.004985874282363132,0.0,0.0,0.0,-0.0028416937639995643,0.038217998735490255
5.5920000000000005,0.0,0.0,0.4971962984273515,0.0,0.0,0.0049385042096677136,0.0,0.0,0.0,0.0,0.0,0.0,0.0,0.0,0.5,0.0,0.0,0.0,-0.0023029682068914648,0.0,0.0,0.0,40.67697031793109,40.67697031793109,40.67697031793109,40.67697031793109,0.002803701572648476,0.0049385042096677136,0.0,0.0,0.0,-0.002803701572648476,0.042674000724218786
5.6000000000000005,0.0,0.0,0.4972339296611929,0.0,0.0,0.004891584213768499,0.0,0.0,0.0,0.0,0.0,0.0,0.0,0.0,0.5,0.0,0.0,0.0,-0.0022933727432091766,0.0,0.0,0.0,40.67706627256791,40.67706627256791,40.67706627256791,40.67706627256791,0.002766070338807103,0.004891584213768499,0.0,0.0,0.0,-0.002766070338807103,0.03359099900990259
5.6080000000000005,0.0,0.0,0.4972712033671295,0.0,0.0,0.004845110019429581,0.0,0.0,0.0,0.0,0.0,0.0,0.0,0.0,0.5,0.0,0.0,0.0,-0.0022838685090559308,0.0,0.0,0.0,40.67716131490944,40.67716131490944,40.67716131490944,40.67716131490944,0.0027287966328705116,0.004845110019429581,0.0,0.0,0.0,-0.0027287966328705116,0.029514001653296873
5.6160000000000005,0.0,0.0,0.49730812294216875,0.0,0.0,0.004799077391525229,0.0,0.0,0.0,0.0,0.0,0.0,0.0,0.0,0.5,0.0,0.0,0.0,-0.0022744546394654064,0.0,0.0,0.0,40.67725545360535,40.67725545360535,40.67725545360535,40.67725545360535,0.002691877057831249,0.004799077391525229,0.0,0.0,0.0,-0.002691877057831249,0.06533899977512192
5.6240000000000006,0.0,0.0,0.49734469175102974,0.0,0.0,0.0047534821347450015,0.0,0.0,0.0,0.0,0.0,0.0,0.0,0.0,0.5,0.0,0.0,0.0,-0.002265130276417171,0.0,0.0,0.0,40.67734869723583,40.67734869723583,40.67734869723583,40.67734869723583,0.002655308248970256,0.0047534821347450015,0.0,0.0,0.0,-0.002655308248970256,0.0601739993726369
5.632,0.0,0.0,0.4973809131264497,0.0,0.0,0.0047083200932954965,0.0,0.0,0.0,0.0,0.0,0.0,0.0,0.0,0.5,0.0,0.0,0.0,-0.0022558945690015486,0.0,0.0,0.0,40.67744105430999,40.67744105430999,40.67744105430999,40.67744105430999,0.0026190868735502804,0.0047083200932954965,0.0,0.0,0.0,-0.0026190868735502804,0.05310800042934716
5.64,0.0,0.0,0.4974167903694878,0.0,0.0,0.0046635871505890745,0.0,0.0,0.0,0.0,0.0,0.0,0.0,0.0,0.5,0.0,0.0,0.0,-0.0022467466735395236,0.0,0.0,0.0,40.67753253326461,40.67753253326461,40.67753253326461,40.67753253326461,0.0025832096305121732,0.0046635871505890745,0.0,0.0,0.0,-0.0025832096305121732,0.07492199983971659
5.648,0.0,0.0,0.4974523267498266,0.0,0.0,0.004619279228940338,0.0,0.0,0.0,0.0,0.0,0.0,0.0,0.0,0.5,0.0,0.0,0.0,-0.0022376857537087513,0.0,0.0,0.0,40.67762314246291,40.67762314246291,40.67762314246291,40.67762314246291,0.00254767325017341,0.004619279228940338,0.0,0.0,0.0,-0.00254767325017341,0.06225900142453611
5.656,0.0,0.0,0.49748752550607045,0.0,0.0,0.004575392289248754,0.0,0.0,0.0,0.0,0.0,0.0,0.0,0.0,0.5,0.0,0.0,0.0,-0.002228710980628934,0.0,0.0,0.0,40.67771289019371,40.67771289019371,40.67771289019371,40.67771289019371,0.0025124744939295507,0.004575392289248754,0.0,0.0,0.0,-0.0025124744939295507,0.11305699990771245
5.664,0.0,0.0,0.4975223898460417,0.0,0.0,0.004531922330680032,0.0,0.0,0.0,0.0,0.0,0.0,0.0,0.0,0.5,0.0,0.0,0.0,-0.002219821532931432,0.0,0.0,0.0,40.67780178467069,40.67780178467069,40.67780178467069,40.67780178467069,0.0024776101539583095,0.004531922330680032,0.0,0.0,0.0,-0.0024776101539583095,0.05995299943606369
5.672,0.0,0.0,0.49755692294707377,0.0,0.0,0.004488865390345896,0.0,0.0,0.0,0.0,0.0,0.0,0.0,0.0,0.5,0.0,0.0,0.0,-0.002211016596818993,0.0,0.0,0.0,40.67788983403182,40.67788983403182,40.67788983403182,40.67788983403182,0.0024430770529262347,0.004488865390345896,0.0,0.0,0.0,-0.0024430770529262347,0.06721199861203786
5.68,0.0,0.0,0.4975911279563018,0.0,0.0,0.004446217542977132,0.0,0.0,0.0,0.0,0.0,0.0,0.0,0.0,0.5,0.0,0.0,0.0,-0.0022022953660875144,0.0,0.0,0.0,40.67797704633913,40.67797704633913,40.67797704633913,40.67797704633913,0.002408872043698218,0.004446217542977132,0.0,0.0,0.0,-0.002408872043698218,0.1467340007366147
5.688,0.0,0.0,0.4976250079909504,0.0,0.0,0.004403974900596791,0.0,0.0,0.0,0.0,0.0,0.0,0.0,0.0,0.5,0.0,0.0,0.0,-0.0021936570421514645,0.0,0.0,0.0,40.678063429578486,40.678063429578486,40.678063429578486,40.678063429578486,0.0023749920090496146,0.004403974900596791,0.0,0.0,0.0,-0.0023749920090496146,0.2125510000041686
5.696,0.0,0.0,0.49765856613861875,0.0,0.0,0.004362133612186598,0.0,0.0,0.0,0.0,0.0,0.0,0.0,0.0,0.5,0.0,0.0,0.0,-0.0021851008340312283,0.0,0.0,0.0,40.67814899165969,40.67814899165969,40.67814899165969,40.67814899165969,0.002341433861381248,0.004362133612186598,0.0,0.0,0.0,-0.002341433861381248,0.09152899838227313
5.704,0.0,0.0,0.4976918054575631,0.0,0.0,0.004320689863357619,0.0,0.0,0.0,0.0,0.0,0.0,0.0,0.0,0.5,0.0,0.0,0.0,-0.0021766259583516634,0.0,0.0,0.0,40.67823374041649,40.67823374041649,40.67823374041649,40.67823374041649,0.0023081945424369144,0.004320689863357619,0.0,0.0,0.0,-0.0023081945424369144,0.06577699969056994
5.712,0.0,0.0,0.4977247289769762,0.0,0.0,0.004279639876014636,0.0,0.0,0.0,0.0,0.0,0.0,0.0,0.0,0.5,0.0,0.0,0.0,-0.002168231639303575,0.0,0.0,0.0,40.67831768360697,40.67831768360697,40.67831768360697,40.67831768360697,0.0022752710230237727,0.004279639876014636,0.0,0.0,0.0,-0.0022752710230237727,0.07160699897212908
5.72,0.0,0.0,0.4977573396972646,0.0,0.0,0.004238979908021033,0.0,0.0,0.0,0.0,0.0,0.0,0.0,0.0,0.5,0.0,0.0,0.0,-0.0021599171086083002,0.0,0.0,0.0,40.67840082891392,40.67840082891392,40.67840082891392,40.67840082891392,0.0022426603027353997,0.004238979908021033,0.0,0.0,0.0,-0.0022426603027353997,0.04604999958246481
5.728,0.0,0.0,0.4977896405903227,0.0,0.0,0.00419870625286964,0.0,0.0,0.0,0.0,0.0,0.0,0.0,0.0,0.5,0.0,0.0,0.0,-0.002151681605482403,0.0,0.0,0.0,40.678483183945175,40.678483183945175,40.678483183945175,40.678483183945175,0.002210359409677287,0.00419870625286964,0.0,0.0,0.0,-0.002210359409677287,0.07205199835880194
5.736,0.0,0.0,0.4978216345998045,0.0,0.0,0.004158815239340309,0.0,0.0,0.0,0.0,0.0,0.0,0.0,0.0,0.5,0.0,0.0,0.0,-0.002143524376557626,0.0,0.0,0.0,40.67856475623443,40.67856475623443,40.67856475623443,40.67856475623443,0.0021783654001955033,0.004158815239340309,0.0,0.0,0.0,-0.0021783654001955033,0.06613500045205001
5.744,0.0,0.0,0.4978533246413926,0.0,0.0,0.004119303231174621,0.0,0.0,0.0,0.0,0.0,0.0,0.0,0.0,0.5,0.0,0.0,0.0,-0.002135444675845366,0.0,0.0,0.0,40.67864555324155,40.67864555324155,40.67864555324155,40.67864555324155,0.0021466753586074083,0.004119303231174621,0.0,0.0,0.0,-0.0021466753586074083,0.0394709986721864
5.752,0.0,0.0,0.4978847136030646,0.0,0.0,0.004080166626739329,0.0,0.0,0.0,0.0,0.0,0.0,0.0,0.0,0.5,0.0,0.0,0.0,-0.0021274417646516275,0.0,0.0,0.0,40.678725582353486,40.678725582353486,40.678725582353486,40.678725582353486,0.002115286396935423,0.004080166626739329,0.0,0.0,0.0,-0.002115286396935423,0.03387099968676921
5.76,0.0,0.0,0.4979158043453567,0.0,0.0,0.004041401858694664,0.0,0.0,0.0,0.0,0.0,0.0,0.0,0.0,0.5,0.0,0.0,0.0,-0.002119514911507525,0.0,0.0,0.0,40.67880485088493,40.67880485088493,40.67880485088493,40.67880485088493,0.002084195654643295,0.004041401858694664,0.0,0.0,0.0,-0.002084195654643295,0.05068400059826672
5.768,0.0,0.0,0.4979465997016252,0.0,0.0,0.004003005393667907,0.0,0.0,0.0,0.0,0.0,0.0,0.0,0.0,0.5,0.0,0.0,0.0,-0.0021116633920977845,0.0,0.0,0.0,40.67888336607903,40.67888336607903,40.67888336607903,40.67888336607903,0.002053400298374808,0.004003005393667907,0.0,0.0,0.0,-0.002053400298374808,0.04382199949759524
5.776,0.0,0.0,0.49797710247830496,0.0,0.0,0.003964973731928422,0.0,0.0,0.0,0.0,0.0,0.0,0.0,0.0,0.5,0.0,0.0,0.0,-0.0021038864891874676,0.0,0.0,0.0,40.678961135108125,40.678961135108125,40.678961135108125,40.678961135108125,0.002022897521695044,0.003964973731928422,0.0,0.0,0.0,-0.002022897521695044,0.04288600030122325
5.784,0.0,0.0,0.49800731545516563,0.0,0.0,0.003927303407059671,0.0,0.0,0.0,0.0,0.0,0.0,0.0,0.0,0.5,0.0,0.0,0.0,-0.0020961834925327105,0.0,0.0,0.0,40.67903816507467,40.67903816507467,40.67903816507467,40.67903816507467,0.0019926845448343666,0.003927303407059671,0.0,0.0,0.0,-0.0019926845448343666,0.03392300095583778
5.792,0.0,0.0,0.4980372413855654,0.0,0.0,0.0038899909856413223,0.0,0.0,0.0,0.0,0.0,0.0,0.0,0.0,0.5,0.0,0.0,0.0,-0.0020885536988132225,0.0,0.0,0.0,40.67911446301187,40.67911446301187,40.67911446301187,40.67911446301187,0.001962758614434623,0.0038899909856413223,0.0,0.0,0.0,-0.001962758614434623,0.035457998819765635
5.8,0.0,0.0,0.4980668829967019,0.0,0.0,0.003853033066925543,0.0,0.0,0.0,0.0,0.0,0.0,0.0,0.0,0.5,0.0,0.0,0.0,-0.0020809964115374724,0.0,0.0,0.0,40.67919003588463,40.67919003588463,40.67919003588463,40.67919003588463,0.0019331170032981237,0.003853033066925543,0.0,0.0,0.0,-0.0019331170032981237,0.03973499951825943
5.808,0.0,0.0,0.4980962429898613,0.0,0.0,0.0038164262825266873,0.0,0.0,0.0,0.0,0.0,0.0,0.0,0.0,0.5,0.0,0.0,0.0,-0.0020735109409776298,0.0,0.0,0.0,40.679264890590225,40.679264890590225,40.679264890590225,40.679264890590225,0.0019037570101386736,0.0038164262825266873,0.0,0.0,0.0,-0.0019037570101386736,0.03354099862917792
5.816,0.0,0.0,0.4981253240406647,0.0,0.0,0.003780167296105047,0.0,0.0,0.0,0.0,0.0,0.0,0.0,0.0,0.5,0.0,0.0,0.0,-0.0020660966040824125,0.0,0.0,0.0,40.67933903395918,40.67933903395918,40.67933903395918,40.67933903395918,0.0018746759593353257,0.003780167296105047,0.0,0.0,0.0,-0.0018746759593353257,0.03082000148424413
5.824,0.0,0.0,0.49815412879931165,0.0,0.0,0.0037442528030583364,0.0,0.0,0.0,0.0,0.0,0.0,0.0,0.0,0.5,0.0,0.0,0.0,-0.002058752724400925,0.0,0.0,0.0,40.67941247275599,40.67941247275599,40.67941247275599,40.67941247275599,0.0018458712006883538,0.0037442528030583364,0.0,0.0,0.0,-0.0018458712006883538,0.042523000956862234
5.832,0.0,0.0,0.4981826598908224,0.0,0.0,0.0037086795302152123,0.0,0.0,0.0,0.0,0.0,0.0,0.0,0.0,0.5,0.0,0.0,0.0,-0.0020514786320071643,0.0,0.0,0.0,40.67948521367993,40.67948521367993,40.67948521367993,40.67948521367993,0.001817340109177612,0.0037086795302152123,0.0,0.0,0.0,-0.001817340109177612,0.03367099998285994
5.84,0.0,0.0,0.4982109199152767,0.0,0.0,0.0036734442355304104,0.0,0.0,0.0,0.0,0.0,0.0,0.0,0.0,0.5,0.0,0.0,0.0,-0.002044273663420415,0.0,0.0,0.0,40.6795572633658,40.6795572633658,40.6795572633658,40.6795572633658,0.0017890800847232824,0.0036734442355304104,0.0,0.0,0.0,-0.0017890800847232824,0.030881999919074588
5.848,0.0,0.0,0.4982389114480512,0.0,0.0,0.0036385437077867326,0.0,0.0,0.0,0.0,0.0,0.0,0.0,0.0,0.5,0.0,0.0,0.0,-0.002037137161539637,0.0,0.0,0.0,40.679628628384606,40.679628628384606,40.679628628384606,40.679628628384606,0.0017610885519487862,0.0036385437077867326,0.0,0.0,0.0,-0.0017610885519487862,0.03216199911548756
5.856,0.0,0.0,0.498266637040054,0.0,0.0,0.0036039747662983505,0.0,0.0,0.0,0.0,0.0,0.0,0.0,0.0,0.5,0.0,0.0,0.0,-0.0020300684755666376,0.0,0.0,0.0,40.679699315244335,40.679699315244335,40.679699315244335,40.679699315244335,0.0017333629599460276,0.0036039747662983505,0.0,0.0,0.0,-0.0017333629599460276,0.05602300007012673
5.864,0.0,0.0,0.49829409921795703,0.0,0.0,0.003569734260615162,0.0,0.0,0.0,0.0,0.0,0.0,0.0,0.0,0.5,0.0,0.0,0.0,-0.002023066960934017,0.0,0.0,0.0,40.67976933039066,40.67976933039066,40.67976933039066,40.67976933039066,0.0017059007820429684,0.003569734260615162,0.0,0.0,0.0,-0.0017059007820429684,0.055387999964295886
5.872,0.0,0.0,0.49832130048442663,0.0,0.0,0.0035358190702321508,0.0,0.0,0.0,0.0,0.0,0.0,0.0,0.0,0.5,0.0,0.0,0.0,-0.0020161319792387777,0.0,0.0,0.0,40.67983868020762,40.67983868020762,40.67983868020762,40.67983868020762,0.0016786995155733675,0.0035358190702321508,0.0,0.0,0.0,-0.0016786995155733675,0.03782800013141241
5.88,0.0,0.0,0.49834824331835137,0.0,0.0,0.0035022261043041415,0.0,0.0,0.0,0.0,0.0,0.0,0.0,0.0,0.5,0.0,0.0,0.0,-0.00200926289817549,0.0,0.0,0.0,40.679907371018245,40.679907371018245,40.679907371018245,40.679907371018245,0.0016517566816486307,0.0035022261043041415,0.0,0.0,0.0,-0.0016517566816486307,0.03768500027945265
5.888,0.0,0.0,0.498374930175068,0.0,0.0,0.0034689523013593146,0.0,0.0,0.0,0.0,0.0,0.0,0.0,0.0,0.5,0.0,0.0,0.0,-0.002002459091469677,0.0,0.0,0.0,40.67997540908531,40.67997540908531,40.67997540908531,40.67997540908531,0.0016250698249319906,0.0034689523013593146,0.0,0.0,0.0,-0.0016250698249319906,0.1450220006518066
5.896,0.0,0.0,0.49840136348658526,0.0,0.0,0.0034359946290186717,0.0,0.0,0.0,0.0,0.0,0.0,0.0,0.0,0.5,0.0,0.0,0.0,-0.0019957199388132008,0.0,0.0,0.0,40.68004280061187,40.68004280061187,40.68004280061187,40.68004280061187,0.0015986365134147418,0.0034359946290186717,0.0,0.0,0.0,-0.0015986365134147418,0.09504300032858737
5.904,0.0,0.0,0.49842754566180547,0.0,0.0,0.0034033500837202606,0.0,0.0,0.0,0.0,0.0,0.0,0.0,0.0,0.5,0.0,0.0,0.0,-0.0019890448258106375,0.0,0.0,0.0,40.68010955174189,40.68010955174189,40.68010955174189,40.68010955174189,0.0015724543381945288,0.0034033500837202606,0.0,0.0,0.0,-0.0015724543381945288,0.1872079992608633
5.912,0.0,0.0,0.49845347908674403,0.0,0.0,0.0033710156904402664,0.0,0.0,0.0,0.0,0.0,0.0,0.0,0.0,0.5,0.0,0.0,0.0,-0.0019824331439102227,0.0,0.0,0.0,40.6801756685609,40.6801756685609,40.6801756685609,40.6801756685609,0.0015465209132559665,0.0033710156904402664,0.0,0.0,0.0,-0.0015465209132559665,0.14897599976393394
5.92,0.0,0.0,0.49847916612474674,0.0,0.0,0.0033389885024199266,0.0,0.0,0.0,0.0,0.0,0.0,0.0,0.0,0.5,0.0,0.0,0.0,-0.0019758842903372376,0.0,0.0,0.0,40.68024115709663,40.68024115709663,40.68024115709663,40.68024115709663,0.001520833875253258,0.0033389885024199266,0.0,0.0,0.0,-0.001520833875253258,0.09548700109007768
5.928,0.0,0.0,0.49850460911670536,0.0,0.0,0.003307265600901266,0.0,0.0,0.0,0.0,0.0,0.0,0.0,0.0,0.5,0.0,0.0,0.0,-0.001969397668057371,0.0,0.0,0.0,40.68030602331943,40.68030602331943,40.68030602331943,40.68030602331943,0.001495390883294645,0.003307265600901266,0.0,0.0,0.0,-0.001495390883294645,0.08151600013661664
5.936,0.0,0.0,0.49852981038127075,0.0,0.0,0.0032758440948560084,0.0,0.0,0.0,0.0,0.0,0.0,0.0,0.0,0.5,0.0,0.0,0.0,-0.0019629726857020025,0.0,0.0,0.0,40.680370273142984,40.680370273142984,40.680370273142984,40.680370273142984,0.0014701896187292451,0.0032758440948560084,0.0,0.0,0.0,-0.0014701896187292451,0.07540500155300833
5.944,0.0,0.0,0.4985547722150642,0.0,0.0,0.0032447211207215247,0.0,0.0,0.0,0.0,0.0,0.0,0.0,0.0,0.5,0.0,0.0,0.0,-0.001956608757517464,0.0,0.0,0.0,40.68043391242483,40.68043391242483,40.68043391242483,40.68043391242483,0.0014452277849357764,0.0032447211207215247,0.0,0.0,0.0,-0.0014452277849357764,0.059268000768497586
5.952,0.0,0.0,0.4985794968928868,0.0,0.0,0.003213893842141015,0.0,0.0,0.0,0.0,0.0,0.0,0.0,0.0,0.5,0.0,0.0,0.0,-0.0019503053033128603,0.0,0.0,0.0,40.680496946966876,40.680496946966876,40.680496946966876,40.680496946966876,0.0014205031071132246,0.003213893842141015,0.0,0.0,0.0,-0.0014205031071132246,0.06419100100174546
5.96,0.0,0.0,0.49860398666792644,0.0,0.0,0.0031833594497043117,0.0,0.0,0.0,0.0,0.0,0.0,0.0,0.0,0.5,0.0,0.0,0.0,-0.0019440617484038913,0.0,0.0,0.0,40.680559382515966,40.680559382515966,40.680559382515966,40.680559382515966,0.0013960133320735646,0.0031833594497043117,0.0,0.0,0.0,-0.0013960133320735646,0.05799400059913751
5.968,0.0,0.0,0.4986282437719635,0.0,0.0,0.0031531151606905557,0.0,0.0,0.0,0.0,0.0,0.0,0.0,0.0,0.5,0.0,0.0,0.0,-0.0019378775235573409,0.0,0.0,0.0,40.68062122476443,40.68062122476443,40.68062122476443,40.68062122476443,0.0013717562280364803,0.0031531151606905557,0.0,0.0,0.0,-0.0013717562280364803,0.03643700074462686
5.976,0.0,0.0,0.49865227041557414,0.0,0.0,0.0031231582188179334,0.0,0.0,0.0,0.0,0.0,0.0,0.0,0.0,0.5,0.0,0.0,0.0,-0.0019318071326223096,0.0,0.0,0.0,40.68068192867378,40.68068192867378,40.68068192867378,40.68068192867378,0.0013477295844258608,0.0031231582188179334,0.0,0.0,0.0,-0.0013477295844258608,0.04762599928653799
5.984,0.0,0.0,0.49867606877133924,0.0,0.0,0.0030934854691819307,0.0,0.0,0.0,0.0,0.0,0.0,0.0,0.0,0.5,0.0,0.0,0.0,-0.0019256227994540742,0.0,0.0,0.0,40.680743772005464,40.680743772005464,40.680743772005464,40.680743772005464,0.0013239312286607574,0.0030934854691819307,0.0,0.0,0.0,-0.0013239312286607574,0.0514069997734623
5.992,0.0,0.0,0.49869964104417897,0.0,0.0,0.0030640951963386075,0.0,0.0,0.0,0.0,0.0,0.0,0.0,0.0,0.5,0.0,0.0,0.0,-0.0019196478104221981,0.0,0.0,0.0,40.68080352189578,40.68080352189578,40.68080352189578,40.68080352189578,0.0013003589558210349,0.0030640951963386075,0.0,0.0,0.0,-0.0013003589558210349,0.04697799886344001
6.0,0.0,0.0,0.4987229893715539,0.0,0.0,0.003034984341444363,0.0,0.0,0.0,0.0,0.0,0.0,0.0,0.0,0.5,0.0,0.0,0.0,-0.0019137610211075184,0.0,0.0,0.0,40.68086238978893,40.68086238978893,40.68086238978893,40.68086238978893,0.0012770106284460958,0.003034984341444363,0.0,0.0,0.0,-0.0012770106284460958,0.03559600008884445
6.008,0.0,0.0,0.4987461158609342,0.0,0.0,0.003006149707662952,0.0,0.0,0.0,0.0,0.0,0.0,0.0,0.0,0.5,0.0,0.0,0.0,-0.0019077632481427909,0.0,0.0,0.0,40.680922367518576,40.680922367518576,40.680922367518576,40.680922367518576,0.0012538841390657973,0.003006149707662952,0.0,0.0,0.0,-0.0012538841390657973,0.05452099867397919
6.016,0.0,0.0,0.49876902265130085,0.0,0.0,0.002977589525296617,0.0,0.0,0.0,0.0,0.0,0.0,0.0,0.0,0.5,0.0,0.0,0.0,-0.0019019962692953252,0.0,0.0,0.0,40.68098003730705,40.68098003730705,40.68098003730705,40.68098003730705,0.001230977348699147,0.002977589525296617,0.0,0.0,0.0,-0.001230977348699147,0.04511500083026476
6.024,0.0,0.0,0.49879171180764154,0.0,0.0,0.0029493005287543634,0.0,0.0,0.0,0.0,0.0,0.0,0.0,0.0,0.5,0.0,0.0,0.0,-0.0018961313394049162,0.0,0.0,0.0,40.68103868660595,40.68103868660595,40.68103868660595,40.68103868660595,0.0012082881923584643,0.0029493005287543634,0.0,0.0,0.0,-0.0012082881923584643,0.031259000024874695
6.032,0.0,0.0,0.4988141854224886,0.0,0.0,0.002921280794180615,0.0,0.0,0.0,0.0,0.0,0.0,0.0,0.0,0.5,0.0,0.0,0.0,-0.001890479240991172,0.0,0.0,0.0,40.68109520759009,40.68109520759009,40.68109520759009,40.68109520759009,0.0011858145775113793,0.002921280794180615,0.0,0.0,0.0,-0.0011858145775113793,0.02924699947470799
6.04,0.0,0.0,0.4988364455199839,0.0,0.0,0.0028935270727266362,0.0,0.0,0.0,0.0,0.0,0.0,0.0,0.0,0.5,0.0,0.0,0.0,-0.0018847306250617812,0.0,0.0,0.0,40.68115269374938,40.68115269374938,40.68115269374938,40.68115269374938,0.0011635544800160935,0.0028935270727266362,0.0,0.0,0.0,-0.0011635544800160935,0.045329001295613125
6.048,0.0,0.0,0.49885849415142447,0.0,0.0,0.0028660374441953898,0.0,0.0,0.0,0.0,0.0,0.0,0.0,0.0,0.5,0.0,0.0,0.0,-0.0018791868825720481,0.0,0.0,0.0,40.68120813117428,40.68120813117428,40.68120813117428,40.68120813117428,0.0011415058485755303,0.0028660374441953898,0.0,0.0,0.0,-0.0011415058485755303,0.04663399886339903
6.056,0.0,0.0,0.498880333302226,0.0,0.0,0.002838808725393959,0.0,0.0,0.0,0.0,0.0,0.0,0.0,0.0,0.5,0.0,0.0,0.0,-0.0018735482088487743,0.0,0.0,0.0,40.681264517911515,40.681264517911515,40.681264517911515,40.681264517911515,0.0011196666977740244,0.002838808725393959,0.0,0.0,0.0,-0.0011196666977740244,0.031939000109559856
6.064,0.0,0.0,0.4989019649845201,0.0,0.0,0.0028118390376684677,0.0,0.0,0.0,0.0,0.0,0.0,0.0,0.0,0.5,0.0,0.0,0.0,-0.0018681096888547577,0.0,0.0,0.0,40.68131890311145,40.68131890311145,40.68131890311145,40.68131890311145,0.0010980350154798924,0.0028118390376684677,0.0,0.0,0.0,-0.0010980350154798924,0.033336000342387706
6.072,0.0,0.0,0.4989233911460641,0.0,0.0,0.0027851252687345605,0.0,0.0,0.0,0.0,0.0,0.0,0.0,0.0,0.5,0.0,0.0,0.0,-0.0018625778976611995,0.0,0.0,0.0,40.68137422102339,40.68137422102339,40.68137422102339,40.68137422102339,0.0010766088539359009,0.0027851252687345605,0.0,0.0,0.0,-0.0010766088539359009,0.09089999912248459
6.08,0.0,0.0,0.49894461376086796,0.0,0.0,0.0027586655850841955,0.0,0.0,0.0,0.0,0.0,0.0,0.0,0.0,0.5,0.0,0.0,0.0,-0.0018572422287779222,0.0,0.0,0.0,40.68142757771222,40.68142757771222,40.68142757771222,40.68142757771222,0.001055386239132039,0.0027586655850841955,0.0,0.0,0.0,-0.001055386239132039,0.10053299956780393
6.088,0.0,0.0,0.4989656347398604,0.0,0.0,0.002732456942877991,0.0,0.0,0.0,0.0,0.0,0.0,0.0,0.0,0.5,0.0,0.0,0.0,-0.0018518149328330402,0.0,0.0,0.0,40.68148185067167,40.68148185067167,40.68148185067167,40.68148185067167,0.0010343652601396136,0.002732456942877991,0.0,0.0,0.0,-0.0010343652601396136,0.07940899922687095
6.096,0.0,0.0,0.49898645601976344,0.0,0.0,0.002706497551878627,0.0,0.0,0.0,0.0,0.0,0.0,0.0,0.0,0.5,0.0,0.0,0.0,-0.0018465799715285947,0.0,0.0,0.0,40.681534200284716,40.681534200284716,40.681534200284716,40.681534200284716,0.0010135439802365642,0.002706497551878627,0.0,0.0,0.0,-0.0010135439802365642,0.07834200005163439
6.104,0.0,0.0,0.4990070794754349,0.0,0.0,0.0026807844332889614,0.0,0.0,0.0,0.0,0.0,0.0,0.0,0.0,0.5,0.0,0.0,0.0,-0.0018412550046009724,0.0,0.0,0.0,40.681587449953994,40.681587449953994,40.681587449953994,40.681587449953994,0.0009929205245651218,0.0026807844332889614,0.0,0.0,0.0,-0.0009929205245651218,0.11994200031040236
6.112,0.0,0.0,0.49902750700707227,0.0,0.0,0.0026553158375659264,0.0,0.0,0.0,0.0,0.0,0.0,0.0,0.0,0.5,0.0,0.0,0.0,-0.0018361187388800104,0.0,0.0,0.0,40.681638812611205,40.681638812611205,40.681638812611205,40.681638812611205,0.0009724929929277315,0.0026553158375659264,0.0,0.0,0.0,-0.0009724929929277315,0.0945290012168698
6.12,0.0,0.0,0.49904774045417744,0.0,0.0,0.0026300888476819117,0.0,0.0,0.0,0.0,0.0,0.0,0.0,0.0,0.5,0.0,0.0,0.0,-0.0018308940710637378,0.0,0.0,0.0,40.68169105928936,40.68169105928936,40.68169105928936,40.68169105928936,0.0009522595458225647,0.0026300888476819117,0.0,0.0,0.0,-0.0009522595458225647,0.10759500037238467
6.128,0.0,0.0,0.499067781681143,0.0,0.0,0.00260510175228512,0.0,0.0,0.0,0.0,0.0,0.0,0.0,0.0,0.5,0.0,0.0,0.0,-0.0018258545892299027,0.0,0.0,0.0,40.6817414541077,40.6817414541077,40.6817414541077,40.6817414541077,0.000932218318856981,0.00260510175228512,0.0,0.0,0.0,-0.000932218318856981,0.12999300088267773
6.136,0.0,0.0,0.4990876324927969,0.0,0.0,0.0025803516931755628,0.0,0.0,0.0,0.0,0.0,0.0,0.0,0.0,0.5,0.0,0.0,0.0,-0.0018207282944842085,0.0,0.0,0.0,40.68179271705516,40.68179271705516,40.68179271705516,40.68179271705516,0.0009123675072030824,0.0025803516931755628,0.0,0.0,0.0,-0.0009123675072030824,0.15417900067404844
6.144,0.0,0.0,0.4991072947184126,0.0,0.0,0.0025558369949321663,0.0,0.0,0.0,0.0,0.0,0.0,0.0,0.0,0.5,0.0,0.0,0.0,-0.0018157837645885744,0.0,0.0,0.0,40.681842162354116,40.681842162354116,40.681842162354116,40.681842162354116,0.0008927052815874137,0.0025558369949321663,0.0,0.0,0.0,-0.0008927052815874137,0.08786800026427954
6.152,0.0,0.0,0.49912677012879975,0.0,0.0,0.0025315548556247257,0.0,0.0,0.0,0.0,0.0,0.0,0.0,0.0,0.5,0.0,0.0,0.0,-0.001810753997954051,0.0,0.0,0.0,40.681892460020464,40.681892460020464,40.681892460020464,40.681892460020464,0.000873229871200254,0.0025315548556247257,0.0,0.0,0.0,-0.000873229871200254,0.08211200110963546
6.16,0.0,0.0,0.49914606051877153,0.0,0.0,0.002507503633794336,0.0,0.0,0.0,0.0,0.0,0.0,0.0,0.0,0.5,0.0,0.0,0.0,-0.0018059026513078669,0.0,0.0,0.0,40.681940973486924,40.681940973486924,40.681940973486924,40.681940973486924,0.0008539394812284717,0.002507503633794336,0.0,0.0,0.0,-0.0008539394812284717,0.05524400148715358
6.168,0.0,0.0,0.49916516762575414,0.0,0.0,0.0024836805816006594,0.0,0.0,0.0,0.0,0.0,0.0,0.0,0.0,0.5,0.0,0.0,0.0,-0.0018009676307290112,0.0,0.0,0.0,40.681990323692716,40.681990323692716,40.681990323692716,40.681990323692716,0.0008348323742458641,0.0024836805816006594,0.0,0.0,0.0,-0.0008348323742458641,0.09038799908012152
6.176,0.0,0.0,0.49918409321073814,0.0,0.0,0.0024600840898807434,0.0,0.0,0.0,0.0,0.0,0.0,0.0,0.0,0.5,0.0,0.0,0.0,-0.0017962077487500006,0.0,0.0,0.0,40.6820379225125,40.6820379225125,40.6820379225125,40.6820379225125,0.0008159067892618554,0.0024600840898807434,0.0,0.0,0.0,-0.0008159067892618554,0.05944300028204452
6.184,0.0,0.0,0.49920283897838363,0.0,0.0,0.0024367114630418295,0.0,0.0,0.0,0.0,0.0,0.0,0.0,0.0,0.5,0.0,0.0,0.0,-0.0017914012449011807,0.0,0.0,0.0,40.68208598755099,40.68208598755099,40.68208598755099,40.68208598755099,0.000797161021616366,0.0024367114630418295,0.0,0.0,0.0,-0.000797161021616366,0.06602699977520388
6.192,0.0,0.0,0.4992214066455241,0.0,0.0,0.0024135608489454347,0.0,0.0,0.0,0.0,0.0,0.0,0.0,0.0,0.5,0.0,0.0,0.0,-0.001786604930903768,0.0,0.0,0.0,40.68213395069097,40.68213395069097,40.68213395069097,40.68213395069097,0.0007785933544758872,0.0024135608489454347,0.0,0.0,0.0,-0.0007785933544758872,0.05957299981673714
6.2,0.0,0.0,0.4992397979236197,0.0,0.0,0.002390630631546562,0.0,0.0,0.0,0.0,0.0,0.0,0.0,0.0,0.5,0.0,0.0,0.0,-0.0017819899117000881,0.0,0.0,0.0,40.682180100883,40.682180100883,40.682180100883,40.682180100883,0.0007602020763802786,0.002390630631546562,0.0,0.0,0.0,-0.0007602020763802786,0.06159200165711809
6.208,0.0,0.0,0.49925801446596435,0.0,0.0,0.0023679180638529742,0.0,0.0,0.0,0.0,0.0,0.0,0.0,0.0,0.5,0.0,0.0,0.0,-0.0017773269283832827,0.0,0.0,0.0,40.68222673071617,40.68222673071617,40.68222673071617,40.68222673071617,0.0007419855340356496,0.0023679180638529742,0.0,0.0,0.0,-0.0007419855340356496,0.037769999835290946
6.216,0.0,0.0,0.4992760579385062,0.0,0.0,0.002345421264628932,0.0,0.0,0.0,0.0,0.0,0.0,0.0,0.0,0.5,0.0,0.0,0.0,-0.0017726737971298645,0.0,0.0,0.0,40.6822732620287,40.6822732620287,40.6822732620287,40.6822732620287,0.0007239420614937875,0.002345421264628932,0.0,0.0,0.0,-0.0007239420614937875,0.04149999949731864
6.224,0.0,0.0,0.4992939300019905,0.0,0.0,0.0023231385988107265,0.0,0.0,0.0,0.0,0.0,0.0,0.0,0.0,0.5,0.0,0.0,0.0,-0.0017681909786334549,0.0,0.0,0.0,40.68231809021367,40.68231809021367,40.68231809021367,40.68231809021367,0.0007060699980094842,0.0023231385988107265,0.0,0.0,0.0,-0.0007060699980094842,0.025344999812659808
6.232,0.0,0.0,0.49931163226245057,0.0,0.0,0.0023010673905498494,0.0,0.0,0.0,0.0,0.0,0.0,0.0,0.0,0.5,0.0,0.0,0.0,-0.0017636608080329186,0.0,0.0,0.0,40.68236339191967,40.68236339191967,40.68236339191967,40.68236339191967,0.0006883677375494335,0.0023010673905498494,0.0,0.0,0.0,-0.0006883677375494335,0.023131000489229336
6.24,0.0,0.0,0.49932916633844665,0.0,0.0,0.00227920581234198,0.0,0.0,0.0,0.0,0.0,0.0,0.0,0.0,0.5,0.0,0.0,0.0,-0.0017591399917105122,0.0,0.0,0.0,40.682408600082894,40.682408600082894,40.682408600082894,40.682408600082894,0.0006708336615533494,0.00227920581234198,0.0,0.0,0.0,-0.0006708336615533494,0.03034000110346824
6.248,0.0,0.0,0.49934653384355093,0.0,0.0,0.002257552277480636,0.0,0.0,0.0,0.0,0.0,0.0,0.0,0.0,0.5,0.0,0.0,0.0,-0.0017547839840648116,0.0,0.0,0.0,40.68245216015936,40.68245216015936,40.68245216015936,40.68245216015936,0.0006534661564490674,0.002257552277480636,0.0,0.0,0.0,-0.0006534661564490674,0.023677999706706032
6.256,0.0,0.0,0.4993637363383833,0.0,0.0,0.0022361041927942893,0.0,0.0,0.0,0.0,0.0,0.0,0.0,0.0,0.5,0.0,0.0,0.0,-0.00175038181848719,0.0,0.0,0.0,40.68249618181513,40.68249618181513,40.68249618181513,40.68249618181513,0.0006362636616166761,0.0022361041927942893,0.0,0.0,0.0,-0.0006362636616166761,0.022460999389295466
6.264,0.0,0.0,0.4993807753957811,0.0,0.0,0.0022148597891791734,0.0,0.0,0.0,0.0,0.0,0.0,0.0,0.0,0.5,0.0,0.0,0.0,-0.0017460095340350312,0.0,0.0,0.0,40.682539904659656,40.682539904659656,40.682539904659656,40.682539904659656,0.0006192246042189264,0.0022148597891791734,0.0,0.0,0.0,-0.0006192246042189264,0.023444001271855086
6.272,0.0,0.0,0.49939765257731844,0.0,0.0,0.0021938173697775122,0.0,0.0,0.0,0.0,0.0,0.0,0.0,0.0,0.5,0.0,0.0,0.0,-0.0017416858131682478,0.0,0.0,0.0,40.68258314186832,40.68258314186832,40.68258314186832,40.68258314186832,0.0006023474226815595,0.0021938173697775122,0.0,0.0,0.0,-0.0006023474226815595,0.023878999854787253
6.28,0.0,0.0,0.4994143694275562,0.0,0.0,0.0021729751517655413,0.0,0.0,0.0,0.0,0.0,0.0,0.0,0.0,0.5,0.0,0.0,0.0,-0.0017374121769335726,0.0,0.0,0.0,40.68262587823067,40.68262587823067,40.68262587823067,40.68262587823067,0.0005856305724438182,0.0021729751517655413,0.0,0.0,0.0,-0.0005856305724438182,0.023966000298969448
6.288,0.0,0.0,0.4994309274735942,0.0,0.0,0.0021523312723625977,0.0,0.0,0.0,0.0,0.0,0.0,0.0,0.0,0.5,0.0,0.0,0.0,-0.0017331861067952925,0.0,0.0,0.0,40.68266813893205,40.68266813893205,40.68266813893205,40.68266813893205,0.0005690725264058116,0.0021523312723625977,0.0,0.0,0.0,-0.0005690725264058116,0.023203001546789892
6.296,0.0,0.0,0.49944732822587146,0.0,0.0,0.002131883824821778,0.0,0.0,0.0,0.0,0.0,0.0,0.0,0.0,0.5,0.0,0.0,0.0,-0.0017290048581369843,0.0,0.0,0.0,40.68270995141863,40.68270995141863,40.68270995141863,40.68270995141863,0.0005526717741285436,0.002131883824821778,0.0,0.0,0.0,-0.0005526717741285436,0.022759999410482123
6.304,0.0,0.0,0.49946357317903445,0.0,0.0,0.0021116308889322115,0.0,0.0,0.0,0.0,0.0,0.0,0.0,0.0,0.5,0.0,0.0,0.0,-0.0017248662873198262,0.0,0.0,0.0,40.6827513371268,40.6827513371268,40.6827513371268,40.6827513371268,0.000536426820965552,0.0021116308889322115,0.0,0.0,0.0,-0.000536426820965552,0.026981000701198354
6.312,0.0,0.0,0.4994796638126192,0.0,0.0,0.002091570550764878,0.0,0.0,0.0,0.0,0.0,0.0,0.0,0.0,0.5,0.0,0.0,0.0,-0.0017207688418140465,0.0,0.0,0.0,40.68279231158186,40.68279231158186,40.68279231158186,40.68279231158186,0.0005203361873807877,0.002091570550764878,0.0,0.0,0.0,-0.0005203361873807877,0.033420001273043454
6.32,0.0,0.0,0.49949560159154993,0.0,0.0,0.0020717009138798803,0.0,0.0,0.0,0.0,0.0,0.0,0.0,0.0,0.5,0.0,0.0,0.0,-0.0017167113893636898,0.0,0.0,0.0,40.68283288610637,40.68283288610637,40.68283288610637,40.68283288610637,0.0005043984084500686,0.0020717009138798803,0.0,0.0,0.0,-0.0005043984084500686,0.04253899896866642
6.328,0.0,0.0,0.49951138796650746,0.0,0.0,0.0020520201050420817,0.0,0.0,0.0,0.0,0.0,0.0,0.0,0.0,0.5,0.0,0.0,0.0,-0.0017126930673270202,0.0,0.0,0.0,40.68287306932673,40.68287306932673,40.68287306932673,40.68287306932673,0.0004886120334925415,0.0020520201050420817,0.0,0.0,0.0,-0.0004886120334925415,0.04483600059757009
6.336,0.0,0.0,0.49952702437421376,0.0,0.0,0.002032526276691133,0.0,0.0,0.0,0.0,0.0,0.0,0.0,0.0,0.5,0.0,0.0,0.0,-0.001708713181226118,0.0,0.0,0.0,40.68291286818774,40.68291286818774,40.68291286818774,40.68291286818774,0.00047297562578624275,0.002032526276691133,0.0,0.0,0.0,-0.00047297562578624275,0.05039899951952975
6.344,0.0,0.0,0.49954251223766455,0.0,0.0,0.002013217607622695,0.0,0.0,0.0,0.0,0.0,0.0,0.0,0.0,0.5,0.0,0.0,0.0,-0.0017047711430872026,0.0,0.0,0.0,40.68295228856913,40.68295228856913,40.68295228856913,40.68295228856913,0.0004574877623354512,0.002013217607622695,0.0,0.0,0.0,-0.0004574877623354512,0.10549199942033738
6.352,0.0,0.0,0.4995578529663283,0.0,0.0,0.0019940923026924256,0.0,0.0,0.0,0.0,0.0,0.0,0.0,0.0,0.5,0.0,0.0,0.0,-0.0017008664354346559,0.0,0.0,0.0,40.68299133564565,40.68299133564565,40.68299133564565,40.68299133564565,0.0004421470336716804,0.0019940923026924256,0.0,0.0,0.0,-0.0004421470336716804,0.06884299909870606
6.36,0.0,0.0,0.49957304795632373,0.0,0.0,0.0019751485920393185,0.0,0.0,0.0,0.0,0.0,0.0,0.0,0.0,0.5,0.0,0.0,0.0,-0.0016969985904043972,0.0,0.0,0.0,40.68303001409596,40.68303001409596,40.68303001409596,40.68303001409596,0.00042695204367626527,0.0019751485920393185,0.0,0.0,0.0,-0.00042695204367626527,0.1294779995077988
6.368,0.0,0.0,0.4995880985905812,0.0,0.0,0.0019563847300674746,0.0,0.0,0.0,0.0,0.0,0.0,0.0,0.0,0.5,0.0,0.0,0.0,-0.0016931671772536516,0.0,0.0,0.0,40.68306832822746,40.68306832822746,40.68306832822746,40.68306832822746,0.00041190140941882447,0.0019563847300674746,0.0,0.0,0.0,-0.00041190140941882447,0.05526099994312972
6.376,0.0,0.0,0.49960300623899295,0.0,0.0,0.0019377989943484084,0.0,0.0,0.0,0.0,0.0,0.0,0.0,0.0,0.5,0.0,0.0,0.0,-0.0016893717944768127,0.0,0.0,0.0,40.683106282055235,40.683106282055235,40.683106282055235,40.683106282055235,0.0003969937610070473,0.0019377989943484084,0.0,0.0,0.0,-0.0003969937610070473,0.06424699859053362
6.384,0.0,0.0,0.4996177722585539,0.0,0.0,0.0019193896845028104,0.0,0.0,0.0,0.0,0.0,0.0,0.0,0.0,0.5,0.0,0.0,0.0,-0.0016856120643814476,0.0,0.0,0.0,40.68314387935619,40.68314387935619,40.68314387935619,40.68314387935619,0.00038222774144608396,0.0019193896845028104,0.0,0.0,0.0,-0.00038222774144608396,0.041961000533774495
6.392,0.0,0.0,0.49963239799349485,0.0,0.0,0.0019011551211255426,0.0,0.0,0.0,0.0,0.0,0.0,0.0,0.0,0.5,0.0,0.0,0.0,-0.0016818876290674023,0.0,0.0,0.0,40.68318112370933,40.68318112370933,40.68318112370933,40.68318112370933,0.0003676020065051522,0.0019011551211255426,0.0,0.0,0.0,-0.0003676020065051522,0.03377899884071667
6.4,0.0,0.0,0.49964688477540947,0.0,0.0,0.0018830936447660435,0.0,0.0,0.0,0.0,0.0,0.0,0.0,0.0,0.5,0.0,0.0,0.0,-0.00167819814721204,0.0,0.0,0.0,40.68321801852788,40.68321801852788,40.68321801852788,40.68321801852788,0.0003531152245905278,0.0018830936447660435,0.0,0.0,0.0,-0.0003531152245905278,0.03891000051226001
6.408,0.0,0.0,0.49966123392337614,0.0,0.0,0.001865203614979423,0.0,0.0,0.0,0.0,0.0,0.0,0.0,0.0,0.5,0.0,0.0,0.0,-0.0016745432913682912,0.0,0.0,0.0,40.68325456708632,40.68325456708632,40.68325456708632,40.68325456708632,0.00033876607662386427,0.001865203614979423,0.0,0.0,0.0,-0.00033876607662386427,0.054030000683269463
6.416,0.0,0.0,0.49967544674407505,0.0,0.0,0.0018474834094563174,0.0,0.0,0.0,0.0,0.0,0.0,0.0,0.0,0.5,0.0,0.0,0.0,-0.0016709227456452869,0.0,0.0,0.0,40.68329077254355,40.68329077254355,40.68329077254355,40.68329077254355,0.0003245532559249531,0.0018474834094563174,0.0,0.0,0.0,-0.0003245532559249531,0.05130700083100237
6.424,0.0,0.0,0.4996895245319019,0.0,0.0,0.001829931423236567,0.0,0.0,0.0,0.0,0.0,0.0,0.0,0.0,0.5,0.0,0.0,0.0,-0.0016673362036934147,0.0,0.0,0.0,40.68332663796307,40.68332663796307,40.68332663796307,40.68332663796307,0.00031047546809809257,0.001829931423236567,0.0,0.0,0.0,-0.00031047546809809257,0.04021400127385277
6.432,0.0,0.0,0.4997034685690783,0.0,0.0,0.0018125460679996677,0.0,0.0,0.0,0.0,0.0,0.0,0.0,0.0,0.5,0.0,0.0,0.0,-0.0016637833669429503,0.0,0.0,0.0,40.683362166330575,40.683362166330575,40.683362166330575,40.683362166330575,0.000296531430921676,0.0018125460679996677,0.0,0.0,0.0,-0.000296531430921676,0.033271999200223945
6.44,0.0,0.0,0.4997172801257598,0.0,0.0,0.0017953257714360688,0.0,0.0,0.0,0.0,0.0,0.0,0.0,0.0,0.5,0.0,0.0,0.0,-0.001660263943086937,0.0,0.0,0.0,40.68339736056913,40.68339736056913,40.68339736056913,40.68339736056913,0.0002827198742402226,0.0017953257714360688,0.0,0.0,0.0,-0.0002827198742402226,0.03332800042699091
6.448,0.0,0.0,0.4997309604601415,0.0,0.0,0.0017782689766914776,0.0,0.0,0.0,0.0,0.0,0.0,0.0,0.0,0.5,0.0,0.0,0.0,-0.0016567776447825588,0.0,0.0,0.0,40.683432223552174,40.683432223552174,40.683432223552174,40.683432223552174,0.0002690395398585177,0.0017782689766914776,0.0,0.0,0.0,-0.0002690395398585177,0.02563700036262162
6.456,0.0,0.0,0.4997445108185625,0.0,0.0,0.0017613741418792796,0.0,0.0,0.0,0.0,0.0,0.0,0.0,0.0,0.5,0.0,0.0,0.0,-0.0016533241885388072,0.0,0.0,0.0,40.68346675811461,40.68346675811461,40.68346675811461,40.68346675811461,0.0002554891814374738,0.0017613741418792796,0.0,0.0,0.0,-0.0002554891814374738,0.0232680013141362
6.464,0.0,0.0,0.4997579324356088,0.0,0.0,0.0017446397396599456,0.0,0.0,0.0,0.0,0.0,0.0,0.0,0.0,0.5,0.0,0.0,0.0,-0.0016499032938096514,0.0,0.0,0.0,40.6835009670619,40.6835009670619,40.6835009670619,40.6835009670619,0.0002420675643912129,0.0017446397396599456,0.0,0.0,0.0,-0.0002420675643912129,0.02433099871268496
6.472,0.0,0.0,0.49977122653421474,0.0,0.0,0.0017280642568768005,0.0,0.0,0.0,0.0,0.0,0.0,0.0,0.0,0.5,0.0,0.0,0.0,-0.0016465146822395305,0.0,0.0,0.0,40.683534853177605,40.683534853177605,40.683534853177605,40.683534853177605,0.00022877346578525914,0.0017280642568768005,0.0,0.0,0.0,-0.00022877346578525914,0.023553000573883764
6.48,0.0,0.0,0.4997843943257644,0.0,0.0,0.0017116461942424342,0.0,0.0,0.0,0.0,0.0,0.0,0.0,0.0,0.5,0.0,0.0,0.0,-0.0016431580770638332,0.0,0.0,0.0,40.68356841922937,40.68356841922937,40.68356841922937,40.68356841922937,0.00021560567423561938,0.0017116461942424342,0.0,0.0,0.0,-0.00021560567423561938,0.02327900074305944
6.488,0.0,0.0,0.4997974370101917,0.0,0.0,0.001695384066076729,0.0,0.0,0.0,0.0,0.0,0.0,0.0,0.0,0.5,0.0,0.0,0.0,-0.0016398332026522633,0.0,0.0,0.0,40.68360166797348,40.68360166797348,40.68360166797348,40.68360166797348,0.00020256298980830811,0.001695384066076729,0.0,0.0,0.0,-0.00020256298980830811,0.03656800072349142
6.496,0.0,0.0,0.49981035577608063,0.0,0.0,0.0016792764000847895,0.0,0.0,0.0,0.0,0.0,0.0,0.0,0.0,0.5,0.0,0.0,0.0,-0.001636539784169222,0.0,0.0,0.0,40.683634602158314,40.683634602158314,40.683634602158314,40.683634602158314,0.00018964422391937186,0.0016792764000847895,0.0,0.0,0.0,-0.00018964422391937186,0.03527000080794096
6.5040000000000004,0.0,0.0,0.49982315180076453,0.0,0.0,0.0016633217371654107,0.0,0.0,0.0,0.0,0.0,0.0,0.0,0.0,0.5,0.0,0.0,0.0,-0.0016332775473353323,0.0,0.0,0.0,40.68366722452665,40.68366722452665,40.68366722452665,40.68366722452665,0.00017684819923546868,0.0016633217371654107,0.0,0.0,0.0,-0.00017684819923546868,0.026961999537888914
6.5120000000000005,0.0,0.0,0.49983582625042533,0.0,0.0,0.0016475186312523008,0.0,0.0,0.0,0.0,0.0,0.0,0.0,0.0,0.5,0.0,0.0,0.0,-0.0016300462182680109,0.0,0.0,0.0,40.683699537817326,40.683699537817326,40.683699537817326,40.683699537817326,0.0001641737495746698,0.0016475186312523008,0.0,0.0,0.0,-0.0001641737495746698,0.02245900031994097
6.5200000000000005,0.0,0.0,0.49984838028019274,0.0,0.0,0.0016318656491870584,0.0,0.0,0.0,0.0,0.0,0.0,0.0,0.0,0.5,0.0,0.0,0.0,-0.0016268455234320633,0.0,0.0,0.0,40.683731544765685,40.683731544765685,40.683731544765685,40.683731544765685,0.00015161971980726108,0.0016318656491870584,0.0,0.0,0.0,-0.00015161971980726108,0.06501800089608878
6.5280000000000005,0.0,0.0,0.49986081503424273,0.0,0.0,0.0016163613705995146,0.0,0.0,0.0,0.0,0.0,0.0,0.0,0.0,0.5,0.0,0.0,0.0,-0.0016236751896024915,0.0,0.0,0.0,40.68376324810398,40.68376324810398,40.68376324810398,40.68376324810398,0.00013918496575726635,0.0016163613705995146,0.0,0.0,0.0,-0.00013918496575726635,0.0406340004701633
6.5360000000000005,0.0,0.0,0.4998731316458963,0.0,0.0,0.001601004387818945,0.0,0.0,0.0,0.0,0.0,0.0,0.0,0.0,0.5,0.0,0.0,0.0,-0.0016205349439237793,0.0,0.0,0.0,40.68379465056076,40.68379465056076,40.68379465056076,40.68379465056076,0.00012686835410369302,0.001601004387818945,0.0,0.0,0.0,-0.00012686835410369302,0.03448999996180646
6.5440000000000005,0.0,0.0,0.4998853312377176,0.0,0.0,0.0015857933057877734,0.0,0.0,0.0,0.0,0.0,0.0,0.0,0.0,0.5,0.0,0.0,0.0,-0.0016174245139776167,0.0,0.0,0.0,40.68382575486023,40.68382575486023,40.68382575486023,40.68382575486023,0.00011466876228238831,0.0015857933057877734,0.0,0.0,0.0,-0.00011466876228238831,0.03297800139989704
6.5520000000000005,0.0,0.0,0.49989741492161205,0.0,0.0,0.0015707267419911473,0.0,0.0,0.0,0.0,0.0,0.0,0.0,0.0,0.5,0.0,0.0,0.0,-0.0016143436278971413,0.0,0.0,0.0,40.68385656372103,40.68385656372103,40.68385656372103,40.68385656372103,0.00010258507838795117,0.0015707267419911473,0.0,0.0,0.0,-0.00010258507838795117,0.02923800093412865
6.5600000000000005,0.0,0.0,0.49990938379892397,0.0,0.0,0.0015558033263908839,0.0,0.0,0.0,0.0,0.0,0.0,0.0,0.0,0.5,0.0,0.0,0.0,-0.0016112920144927267,0.0,0.0,0.0,40.683887079855076,40.683887079855076,40.683887079855076,40.683887079855076,9.061620107603252e-05,0.0015558033263908839,0.0,0.0,0.0,-9.061620107603252e-05,0.053667999964090995
6.5680000000000005,0.0,0.0,0.49992123896053403,0.0,0.0,0.0015410217013643,0.0,0.0,0.0,0.0,0.0,0.0,0.0,0.0,0.5,0.0,0.0,0.0,-0.001608269403396978,0.0,0.0,0.0,40.683917305966034,40.683917305966034,40.683917305966034,40.683917305966034,7.87610394659688e-05,0.0015410217013643,0.0,0.0,0.0,-7.87610394659688e-05,0.04463799996301532
6.5760000000000005,0.0,0.0,0.49993298148695625,0.0,0.0,0.00152638052164695,0.0,0.0,0.0,0.0,0.0,0.0,0.0,0.0,0.5,0.0,0.0,0.0,-0.0016052755252201623,0.0,0.0,0.0,40.6839472447478,40.6839472447478,40.6839472447478,40.6839472447478,6.70185130437484e-05,0.00152638052164695,0.0,0.0,0.0,-6.70185130437484e-05,0.03097500120929908
6.5840000000000005,0.0,0.0,0.49994461244843463,0.0,0.0,0.0015118784542771,0.0,0.0,0.0,0.0,0.0,0.0,0.0,0.0,0.5,0.0,0.0,0.0,-0.0016023101117079719,0.0,0.0,0.0,40.683976898882925,40.683976898882925,40.683976898882925,40.683976898882925,5.538755156536679e-05,0.0015118784542771,0.0,0.0,0.0,-5.538755156536679e-05,0.05085100019641686
6.5920000000000005,0.0,0.0,0.4999561329050391,0.0,0.0,0.0014975141785332686,0.0,0.0,0.0,0.0,0.0,0.0,0.0,0.0,0.5,0.0,0.0,0.0,-0.0015993728958807463,0.0,0.0,0.0,40.6840062710412,40.6840062710412,40.6840062710412,40.6840062710412,4.386709496090324e-05,0.0014975141785332686,0.0,0.0,0.0,-4.386709496090324e-05,0.06547900011355523
6.6000000000000005,0.0,0.0,0.49996754390676135,0.0,0.0,0.0014832863858828692,0.0,0.0,0.0,0.0,0.0,0.0,0.0,0.0,0.5,0.0,0.0,0.0,-0.0015964636122043352,0.0,0.0,0.0,40.68403536387796,40.68403536387796,40.68403536387796,40.68403536387796,3.245609323865306e-05,0.0014832863858828692,0.0,0.0,0.0,-3.245609323865306e-05,0.17636499978834763
6.6080000000000005,0.0,0.0,0.49997884649360963,0.0,0.0,0.0014691937799133704,0.0,0.0,0.0,0.0,0.0,0.0,0.0,0.0,0.5,0.0,0.0,0.0,-0.0015935819967122233,0.0,0.0,0.0,40.684064180032884,40.684064180032884,40.684064180032884,40.684064180032884,2.1153506390370058e-05,0.0014691937799133704,0.0,0.0,0.0,-2.1153506390370058e-05,0.10235500121780206
6.6160000000000005,0.0,0.0,0.4999900416957032,0.0,0.0,0.0014552350762702833,0.0,0.0,0.0,0.0,0.0,0.0,0.0,0.0,0.5,0.0,0.0,0.0,-0.001590727787138202,0.0,0.0,0.0,40.68409272212862,40.68409272212862,40.68409272212862,40.68409272212862,9.958304296786569e-06,0.0014552350762702833,0.0,0.0,0.0,-9.958304296786569e-06,0.08067300041147973
6.6240000000000006,0.0,0.0,0.5000011305333663,0.0,0.0,0.0014414090025922882,0.0,0.0,0.0,0.0,0.0,0.0,0.0,0.0,0.5,0.0,0.0,0.0,-0.001587900723046931,0.0,0.0,0.0,40.684120992769536,40.684120992769536,40.684120992769536,40.684120992769536,1.1305333662559036e-06,0.0014414090025922882,0.0,0.0,0.0,1.1305333662559036e-06,0.09505399975751061
6.632000000000001,0.0,0.0,0.5000121140172209,0.0,0.0,0.001427714298439905,0.0,0.0,0.0,0.0,0.0,0.0,0.0,0.0,0.5,0.0,0.0,0.0,-0.0015851005459398548,0.0,0.0,0.0,40.68414899454061,40.68414899454061,40.68414899454061,40.68414899454061,1.2114017220898887e-05,0.001427714298439905,0.0,0.0,0.0,1.2114017220898887e-05,0.12572200103022624
6.640000000000001,0.0,0.0,0.5000229931482794,0.0,0.0,0.0014141497152134503,0.0,0.0,0.0,0.0,0.0,0.0,0.0,0.0,0.5,0.0,0.0,0.0,-0.001582326999332473,0.0,0.0,0.0,40.684176730006676,40.684176730006676,40.684176730006676,40.684176730006676,2.2993148279359943e-05,0.0014141497152134503,0.0,0.0,0.0,2.2993148279359943e-05,0.13552000018535182
6.648000000000001,0.0,0.0,0.5000337689180359,0.0,0.0,0.0014007140160832397,0.0,0.0,0.0,0.0,0.0,0.0,0.0,0.0,0.5,0.0,0.0,0.0,-0.0015795798288575913,0.0,0.0,0.0,40.684204201711424,40.684204201711424,40.684204201711424,40.684204201711424,3.376891803585913e-05,0.0014007140160832397,0.0,0.0,0.0,3.376891803585913e-05,0.07492399890907109
6.656000000000001,0.0,0.0,0.5000444423085574,0.0,0.0,0.0013874059759046069,0.0,0.0,0.0,0.0,0.0,0.0,0.0,0.0,0.5,0.0,0.0,0.0,-0.0015768587823274949,0.0,0.0,0.0,40.68423141217673,40.68423141217673,40.68423141217673,40.68423141217673,4.444230855737974e-05,0.0013874059759046069,0.0,0.0,0.0,4.444230855737974e-05,0.0892630014277529
6.664,0.0,0.0,0.5000550142925735,0.0,0.0,0.0013742243811263545,0.0,0.0,0.0,0.0,0.0,0.0,0.0,0.0,0.5,0.0,0.0,0.0,-0.0015741636097756917,0.0,0.0,0.0,40.684258363902245,40.684258363902245,40.684258363902245,40.684258363902245,5.5014292573485335e-05,0.0013742243811263545,0.0,0.0,0.0,5.5014292573485335e-05,0.08094000077107921
6.672,0.0,0.0,0.500065485833566,0.0,0.0,0.0013611680297145943,0.0,0.0,0.0,0.0,0.0,0.0,0.0,0.0,0.5,0.0,0.0,0.0,-0.0015714940635337404,0.0,0.0,0.0,40.68428505936467,40.68428505936467,40.68428505936467,40.68428505936467,6.548583356602578e-05,0.0013611680297145943,0.0,0.0,0.0,6.548583356602578e-05,0.06967900117160752
6.68,0.0,0.0,0.5000758578858572,0.0,0.0,0.0013482357310504783,0.0,0.0,0.0,0.0,0.0,0.0,0.0,0.0,0.5,0.0,0.0,0.0,-0.0015688498982382448,0.0,0.0,0.0,40.68431150101762,40.68431150101762,40.68431150101762,40.68431150101762,7.58578858571779e-05,0.0013482357310504783,0.0,0.0,0.0,7.58578858571779e-05,0.03514600030030124
6.688,0.0,0.0,0.5000861313946972,0.0,0.0,0.0013354263058397635,0.0,0.0,0.0,0.0,0.0,0.0,0.0,0.0,0.5,0.0,0.0,0.0,-0.001566230870862828,0.0,0.0,0.0,40.684337691291375,40.684337691291375,40.684337691291375,40.684337691291375,8.613139469715314e-05,0.0013354263058397635,0.0,0.0,0.0,8.613139469715314e-05,0.04098299905308522
6.696,0.0,0.0,0.5000963072963511,0.0,0.0,0.001322738586021182,0.0,0.0,0.0,0.0,0.0,0.0,0.0,0.0,0.5,0.0,0.0,0.0,-0.0015636367407457774,0.0,0.0,0.0,40.68436363259254,40.68436363259254,40.68436363259254,40.68436363259254,9.6307296351128e-05,0.001322738586021182,0.0,0.0,0.0,9.6307296351128e-05,0.027643998691928573
6.704,0.0,0.0,0.5001063865181851,0.0,0.0,0.0013101714146653526,0.0,0.0,0.0,0.0,0.0,0.0,0.0,0.0,0.5,0.0,0.0,0.0,-0.0015610672695883787,0.0,0.0,0.0,40.68438932730412,40.68438932730412,40.68438932730412,40.68438932730412,0.00010638651818506428,0.0013101714146653526,0.0,0.0,0.0,0.00010638651818506428,0.02422299985482823
6.712,0.0,0.0,0.5001163699787506,0.0,0.0,0.0012977236458717035,0.0,0.0,0.0,0.0,0.0,0.0,0.0,0.0,0.5,0.0,0.0,0.0,-0.001558522221446701,0.0,0.0,0.0,40.684414777785534,40.684414777785534,40.684414777785534,40.684414777785534,0.00011636997875064115,0.0012977236458717035,0.0,0.0,0.0,0.00011636997875064115,0.024405000658589415
6.72,0.0,0.0,0.5001262585878697,0.0,0.0,0.0012853941446749112,0.0,0.0,0.0,0.0,0.0,0.0,0.0,0.0,0.5,0.0,0.0,0.0,-0.0015560013627381464,0.0,0.0,0.0,40.684439986372624,40.684439986372624,40.684439986372624,40.684439986372624,0.0001262585878697431,0.0012853941446749112,0.0,0.0,0.0,0.0001262585878697431,0.023899001462268643
6.728,0.0,0.0,0.5001360532467177,0.0,0.0,0.0012731817869395183,0.0,0.0,0.0,0.0,0.0,0.0,0.0,0.0,0.5,0.0,0.0,0.0,-0.0015535044622224659,0.0,0.0,0.0,40.68446495537778,40.68446495537778,40.68446495537778,40.68446495537778,0.00013605324671772667,0.0012731817869395183,0.0,0.0,0.0,0.00013605324671772667,0.042086001485586166
6.736,0.0,0.0,0.500145754847906,0.0,0.0,0.0012610854592589754,0.0,0.0,0.0,0.0,0.0,0.0,0.0,0.0,0.5,0.0,0.0,0.0,-0.00155103129098777,0.0,0.0,0.0,40.68448968709013,40.68448968709013,40.68448968709013,40.68448968709013,0.0001457548479060211,0.0012610854592589754,0.0,0.0,0.0,0.0001457548479060211,0.02591199881862849
6.744,0.0,0.0,0.500155364275564,0.0,0.0,0.0012491040588554453,0.0,0.0,0.0,0.0,0.0,0.0,0.0,0.0,0.5,0.0,0.0,0.0,-0.0015485816224335425,0.0,0.0,0.0,40.68451418377567,40.68451418377567,40.68451418377567,40.68451418377567,0.00015536427556395171,0.0012491040588554453,0.0,0.0,0.0,0.00015536427556395171,0.02336999932595063
6.752,0.0,0.0,0.5001648824054198,0.0,0.0,0.0012372364934802173,0.0,0.0,0.0,0.0,0.0,0.0,0.0,0.0,0.5,0.0,0.0,0.0,-0.00154615523225754,0.0,0.0,0.0,40.684538447677426,40.684538447677426,40.684538447677426,40.684538447677426,0.00016488240541978616,0.0012372364934802173,0.0,0.0,0.0,0.00016488240541978616,0.022973999875830486
6.76,0.0,0.0,0.5001743101048804,0.0,0.0,0.0012254816813007325,0.0,0.0,0.0,0.0,0.0,0.0,0.0,0.0,0.5,0.0,0.0,0.0,-0.0015437518983975052,0.0,0.0,0.0,40.68456248101603,40.68456248101603,40.68456248101603,40.68456248101603,0.0001743101048804485,0.0012254816813007325,0.0,0.0,0.0,0.0001743101048804485,0.025751000066520646
6.768,0.0,0.0,0.5001836482331112,0.0,0.0,0.001213838550810204,0.0,0.0,0.0,0.0,0.0,0.0,0.0,0.0,0.5,0.0,0.0,0.0,-0.0015413714010323876,0.0,0.0,0.0,40.68458628598968,40.68458628598968,40.68458628598968,40.68458628598968,0.00018364823311123324,0.001213838550810204,0.0,0.0,0.0,0.00018364823311123324,0.07749399992462713
6.776,0.0,0.0,0.5001928976411142,0.0,0.0,0.0012023060407220056,0.0,0.0,0.0,0.0,0.0,0.0,0.0,0.0,0.5,0.0,0.0,0.0,-0.0015390135225475943,0.0,0.0,0.0,40.68460986477453,40.68460986477453,40.68460986477453,40.68460986477453,0.00019289764111418695,0.0012023060407220056,0.0,0.0,0.0,0.00019289764111418695,0.053285000831237994
6.784,0.0,0.0,0.5002020591718058,0.0,0.0,0.0011908830998685308,0.0,0.0,0.0,0.0,0.0,0.0,0.0,0.0,0.5,0.0,0.0,0.0,-0.0015366780475000175,0.0,0.0,0.0,40.684633219525004,40.684633219525004,40.684633219525004,40.684633219525004,0.000202059171805824,0.0011908830998685308,0.0,0.0,0.0,0.000202059171805824,0.036284000088926405
6.792,0.0,0.0,0.5002111336600943,0.0,0.0,0.0011795686871064,0.0,0.0,0.0,0.0,0.0,0.0,0.0,0.0,0.5,0.0,0.0,0.0,-0.0015343647625970513,0.0,0.0,0.0,40.684656352374034,40.684656352374034,40.684656352374034,40.684656352374034,0.00021113366009428702,0.0011795686871064,0.0,0.0,0.0,0.00021113366009428702,0.04558500040729996
6.8,0.0,0.0,0.5002201219329554,0.0,0.0,0.0011683617712128734,0.0,0.0,0.0,0.0,0.0,0.0,0.0,0.0,0.5,0.0,0.0,0.0,-0.0015320734566630634,0.0,0.0,0.0,40.684679265433374,40.684679265433374,40.684679265433374,40.684679265433374,0.00022012193295539717,0.0011683617712128734,0.0,0.0,0.0,0.00022012193295539717,0.04455899943422992
6.808,0.0,0.0,0.5002290248095081,0.0,0.0,0.0011572613307891018,0.0,0.0,0.0,0.0,0.0,0.0,0.0,0.0,0.5,0.0,0.0,0.0,-0.0015298039206055325,0.0,0.0,0.0,40.684701960793944,40.684701960793944,40.684701960793944,40.684701960793944,0.0002290248095081493,0.0011572613307891018,0.0,0.0,0.0,0.0002290248095081493,0.13688800027011894
6.816,0.0,0.0,0.5002378431010893,0.0,0.0,0.0011462663541605225,0.0,0.0,0.0,0.0,0.0,0.0,0.0,0.0,0.5,0.0,0.0,0.0,-0.001527555947380077,0.0,0.0,0.0,40.6847244405262,40.6847244405262,40.6847244405262,40.6847244405262,0.00023784310108931894,0.0011462663541605225,0.0,0.0,0.0,0.00023784310108931894,0.06981300066399854
6.824,0.0,0.0,0.5002465776113278,0.0,0.0,0.0011353758392916263,0.0,0.0,0.0,0.0,0.0,0.0,0.0,0.0,0.5,0.0,0.0,0.0,-0.0015253293319876793,0.0,0.0,0.0,40.68474670668012,40.68474670668012,40.68474670668012,40.68474670668012,0.0002465776113278473,0.0011353758392916263,0.0,0.0,0.0,0.0002465776113278473,0.04632200034393463
6.832,0.0,0.0,0.5002552291362176,0.0,0.0,0.001124588793676137,0.0,0.0,0.0,0.0,0.0,0.0,0.0,0.0,0.5,0.0,0.0,0.0,-0.0015231238714105144,0.0,0.0,0.0,40.684768761285895,40.684768761285895,40.684768761285895,40.684768761285895,0.0002552291362175607,0.001124588793676137,0.0,0.0,0.0,0.0002552291362175607,0.03345799996168353
6.84,0.0,0.0,0.5002637984641902,0.0,0.0,0.0011139042342574808,0.0,0.0,0.0,0.0,0.0,0.0,0.0,0.0,0.5,0.0,0.0,0.0,-0.0015209393646159475,0.0,0.0,0.0,40.68479060635384,40.68479060635384,40.68479060635384,40.68479060635384,0.00026379846419022357,0.0011139042342574808,0.0,0.0,0.0,0.00026379846419022357,0.036103001548326574
6.848,0.0,0.0,0.500272286376187,0.0,0.0,0.0011033211873263061,0.0,0.0,0.0,0.0,0.0,0.0,0.0,0.0,0.5,0.0,0.0,0.0,-0.0015187756125092378,0.0,0.0,0.0,40.68481224387491,40.68481224387491,40.68481224387491,40.68481224387491,0.00027228637618703644,0.0011033211873263061,0.0,0.0,0.0,0.00027228637618703644,0.02820699955918826
6.856,0.0,0.0,0.50028069364573,0.0,0.0,0.0010928386884357221,0.0,0.0,0.0,0.0,0.0,0.0,0.0,0.0,0.5,0.0,0.0,0.0,-0.0015166324179211044,0.0,0.0,0.0,40.68483367582079,40.68483367582079,40.68483367582079,40.68483367582079,0.00028069364573002353,0.0010928386884357221,0.0,0.0,0.0,0.00028069364573002353,0.026093999622389674
6.864,0.0,0.0,0.5002890210389924,0.0,0.0,0.0010824557823085098,0.0,0.0,0.0,0.0,0.0,0.0,0.0,0.0,0.5,0.0,0.0,0.0,-0.0015145095855763069,0.0,0.0,0.0,40.68485490414424,40.68485490414424,40.68485490414424,40.68485490414424,0.0002890210389924208,0.0010824557823085098,0.0,0.0,0.0,0.0002890210389924208,0.022790000002714805
6.872,0.0,0.0,0.5002972693148685,0.0,0.0,0.0010721715227490134,0.0,0.0,0.0,0.0,0.0,0.0,0.0,0.0,0.5,0.0,0.0,0.0,-0.0015124069220748826,0.0,0.0,0.0,40.684875930779256,40.684875930779256,40.684875930779256,40.684875930779256,0.00029726931486850905,0.0010721715227490134,0.0,0.0,0.0,0.00029726931486850905,0.023331998818321154
6.88,0.0,0.0,0.5003054392250427,0.0,0.0,0.001061984972553225,0.0,0.0,0.0,0.0,0.0,0.0,0.0,0.0,0.5,0.0,0.0,0.0,-0.0015103242358631697,0.0,0.0,0.0,40.68489675764137,40.68489675764137,40.68489675764137,40.68489675764137,0.0003054392250426696,0.001061984972553225,0.0,0.0,0.0,0.0003054392250426696,0.022762000298826024
6.888,0.0,0.0,0.5003135315140579,0.0,0.0,0.0010518952034229735,0.0,0.0,0.0,0.0,0.0,0.0,0.0,0.0,0.5,0.0,0.0,0.0,-0.0015082613372116027,0.0,0.0,0.0,40.68491738662789,40.68491738662789,40.68491738662789,40.68491738662789,0.0003135315140578854,0.0010518952034229735,0.0,0.0,0.0,0.0003135315140578854,0.02257999949506484
6.896,0.0,0.0,0.5003215469193837,0.0,0.0,0.0010419012958833988,0.0,0.0,0.0,0.0,0.0,0.0,0.0,0.0,0.5,0.0,0.0,0.0,-0.0015062180382086066,0.0,0.0,0.0,40.684937819617915,40.684937819617915,40.684937819617915,40.684937819617915,0.0003215469193836862,0.0010419012958833988,0.0,0.0,0.0,0.0003215469193836862,0.02210200000263285
6.904,0.0,0.0,0.5003294861714832,0.0,0.0,0.001032002339194726,0.0,0.0,0.0,0.0,0.0,0.0,0.0,0.0,0.5,0.0,0.0,0.0,-0.0015041941527234037,0.0,0.0,0.0,40.684958058472766,40.684958058472766,40.684958058472766,40.684958058472766,0.00032948617148320647,0.001032002339194726,0.0,0.0,0.0,0.00032948617148320647,0.023395001335302368
6.912,0.0,0.0,0.5003373499938796,0.0,0.0,0.0010221974312650324,0.0,0.0,0.0,0.0,0.0,0.0,0.0,0.0,0.5,0.0,0.0,0.0,-0.0015021894963849203,0.0,0.0,0.0,40.68497810503615,40.68497810503615,40.68497810503615,40.68497810503615,0.00033734999387957654,0.0010221974312650324,0.0,0.0,0.0,0.00033734999387957654,0.02313900040462613
6.92,0.0,0.0,0.5003451391032222,0.0,0.0,0.001012485678577684,0.0,0.0,0.0,0.0,0.0,0.0,0.0,0.0,0.5,0.0,0.0,0.0,-0.0015002038865853384,0.0,0.0,0.0,40.68499796113415,40.68499796113415,40.68499796113415,40.68499796113415,0.00034513910322220287,0.001012485678577684,0.0,0.0,0.0,0.00034513910322220287,0.02283200046804268
6.928,0.0,0.0,0.5003528542093517,0.0,0.0,0.00100286619609998,0.0,0.0,0.0,0.0,0.0,0.0,0.0,0.0,0.5,0.0,0.0,0.0,-0.0014982371424382412,0.0,0.0,0.0,40.68501762857562,40.68501762857562,40.68501762857562,40.68501762857562,0.0003528542093517162,0.00100286619609998,0.0,0.0,0.0,0.0003528542093517162,0.022726999304722995
6.936,0.0,0.0,0.5003604960153647,0.0,0.0,0.0009933381072045153,0.0,0.0,0.0,0.0,0.0,0.0,0.0,0.0,0.5,0.0,0.0,0.0,-0.0014962890847701749,0.0,0.0,0.0,40.685037109152304,40.685037109152304,40.685037109152304,40.685037109152304,0.00036049601536469744,0.0009933381072045153,0.0,0.0,0.0,0.00036049601536469744,0.022601998352911323
6.944,0.0,0.0,0.5003680652176778,0.0,0.0,0.0009839005435923942,0.0,0.0,0.0,0.0,0.0,0.0,0.0,0.0,0.5,0.0,0.0,0.0,-0.001494359536102885,0.0,0.0,0.0,40.68505640463897,40.68505640463897,40.68505640463897,40.68505640463897,0.0003680652176778487,0.0009839005435923942,0.0,0.0,0.0,0.0003680652176778487,0.022279999029706232
6.952,0.0,0.0,0.5003755625060914,0.0,0.0,0.0009745526452123714,0.0,0.0,0.0,0.0,0.0,0.0,0.0,0.0,0.5,0.0,0.0,0.0,-0.001492448320644657,0.0,0.0,0.0,40.68507551679355,40.68507551679355,40.68507551679355,40.68507551679355,0.00037556250609138697,0.0009745526452123714,0.0,0.0,0.0,0.00037556250609138697,0.022973999875830486
6.96,0.0,0.0,0.5003829885638517,0.0,0.0,0.0009652935601767371,0.0,0.0,0.0,0.0,0.0,0.0,0.0,0.0,0.5,0.0,0.0,0.0,-0.0014905552642519027,0.0,0.0,0.0,40.685094447357486,40.685094447357486,40.685094447357486,40.685094447357486,0.0003829885638516606,0.0009652935601767371,0.0,0.0,0.0,0.0003829885638516606,0.02284800029883627
6.968,0.0,0.0,0.5003903440677139,0.0,0.0,0.0009561224446967994,0.0,0.0,0.0,0.0,0.0,0.0,0.0,0.0,0.5,0.0,0.0,0.0,-0.0014886801944485883,0.0,0.0,0.0,40.68511319805552,40.68511319805552,40.68511319805552,40.68511319805552,0.000390344067713877,0.0009561224446967994,0.0,0.0,0.0,0.000390344067713877,0.022401998649002053
6.976,0.0,0.0,0.5003976296880032,0.0,0.0,0.0009470384629896374,0.0,0.0,0.0,0.0,0.0,0.0,0.0,0.0,0.5,0.0,0.0,0.0,-0.001486822940368504,0.0,0.0,0.0,40.68513177059632,40.68513177059632,40.68513177059632,40.68513177059632,0.0003976296880031649,0.0009470384629896374,0.0,0.0,0.0,0.0003976296880031649,0.04623200038622599
6.984,0.0,0.0,0.5004048460886762,0.0,0.0,0.0009380407872173816,0.0,0.0,0.0,0.0,0.0,0.0,0.0,0.0,0.5,0.0,0.0,0.0,-0.0014849833327779116,0.0,0.0,0.0,40.68515016667222,40.68515016667222,40.68515016667222,40.68515016667222,0.00040484608867619176,0.0009380407872173816,0.0,0.0,0.0,0.00040484608867619176,0.038549000237253495
6.992,0.0,0.0,0.5004119939273813,0.0,0.0,0.0009291285974025556,0.0,0.0,0.0,0.0,0.0,0.0,0.0,0.0,0.5,0.0,0.0,0.0,-0.0014831612040399067,0.0,0.0,0.0,40.68516838795961,40.68516838795961,40.68516838795961,40.68516838795961,0.0004119939273813378,0.0009291285974025556,0.0,0.0,0.0,0.0004119939273813378,0.0367539996659616
7.0,0.0,0.0,0.5004190738555186,0.0,0.0,0.0009203010813547988,0.0,0.0,0.0,0.0,0.0,0.0,0.0,0.0,0.5,0.0,0.0,0.0,-0.0014813563880980984,0.0,0.0,0.0,40.685186436119025,40.685186436119025,40.685186436119025,40.685186436119025,0.00041907385551864795,0.0009203010813547988,0.0,0.0,0.0,0.00041907385551864795,0.04029100091429427
7.008,0.0,0.0,0.5004260865182992,0.0,0.0,0.0009115574345983665,0.0,0.0,0.0,0.0,0.0,0.0,0.0,0.0,0.5,0.0,0.0,0.0,-0.0014795687204720576,0.0,0.0,0.0,40.685204312795285,40.685204312795285,40.685204312795285,40.685204312795285,0.00042608651829922906,0.0009115574345983665,0.0,0.0,0.0,0.00042608651829922906,0.06593699981749523
7.016,0.0,0.0,0.5004330325548042,0.0,0.0,0.0009028968603030277,0.0,0.0,0.0,0.0,0.0,0.0,0.0,0.0,0.5,0.0,0.0,0.0,-0.0014777980382433276,0.0,0.0,0.0,40.68522201961757,40.68522201961757,40.68522201961757,40.68522201961757,0.00043303255480420244,0.0009028968603030277,0.0,0.0,0.0,0.00043303255480420244,0.07107400051609147
7.024,0.0,0.0,0.5004399125980427,0.0,0.0,0.0008943185692038036,0.0,0.0,0.0,0.0,0.0,0.0,0.0,0.0,0.5,0.0,0.0,0.0,-0.0014760441800338864,0.0,0.0,0.0,40.68523955819966,40.68523955819966,40.68523955819966,40.68523955819966,0.0004399125980426577,0.0008943185692038036,0.0,0.0,0.0,0.0004399125980426577,0.046331999328685924
7.032,0.0,0.0,0.5004467272750096,0.0,0.0,0.0008858217795367577,0.0,0.0,0.0,0.0,0.0,0.0,0.0,0.0,0.5,0.0,0.0,0.0,-0.0014743069859980418,0.0,0.0,0.0,40.68525693014002,40.68525693014002,40.68525693014002,40.68525693014002,0.0004467272750096063,0.0008858217795367577,0.0,0.0,0.0,0.0004467272750096063,0.031347999538411386
7.04,0.0,0.0,0.5004534772067427,0.0,0.0,0.0008774057169570979,0.0,0.0,0.0,0.0,0.0,0.0,0.0,0.0,0.5,0.0,0.0,0.0,-0.001472586297791345,0.0,0.0,0.0,40.68527413702209,40.68527413702209,40.68527413702209,40.68527413702209,0.00045347720674271397,0.0008774057169570979,0.0,0.0,0.0,0.00045347720674271397,0.08145500032696873
7.048,0.0,0.0,0.5004601630083795,0.0,0.0,0.0008690696144847594,0.0,0.0,0.0,0.0,0.0,0.0,0.0,0.0,0.5,0.0,0.0,0.0,-0.0014708819585883548,0.0,0.0,0.0,40.68529118041412,40.68529118041412,40.68529118041412,40.68529118041412,0.0004601630083794772,0.0008690696144847594,0.0,0.0,0.0,0.0004601630083794772,0.09391599996888544
7.056,0.0,0.0,0.5004667852892128,0.0,0.0,0.0008608127124220135,0.0,0.0,0.0,0.0,0.0,0.0,0.0,0.0,0.5,0.0,0.0,0.0,-0.001469193813044667,0.0,0.0,0.0,40.685308061869556,40.685308061869556,40.685308061869556,40.685308061869556,0.00046678528921284546,0.0008608127124220135,0.0,0.0,0.0,0.00046678528921284546,0.12330099889368284
7.064,0.0,0.0,0.5004733446527467,0.0,0.0,0.0008526342582847795,0.0,0.0,0.0,0.0,0.0,0.0,0.0,0.0,0.5,0.0,0.0,0.0,-0.0014675217072817048,0.0,0.0,0.0,40.68532478292718,40.68532478292718,40.68532478292718,40.68532478292718,0.0004733446527467322,0.0008526342582847795,0.0,0.0,0.0,0.0004733446527467322,0.07798200022079982
7.072,0.0,0.0,0.5004798416967514,0.0,0.0,0.0008445335067448982,0.0,0.0,0.0,0.0,0.0,0.0,0.0,0.0,0.5,0.0,0.0,0.0,-0.001465865488894158,0.0,0.0,0.0,40.68534134511106,40.68534134511106,40.68534134511106,40.68534134511106,0.0004798416967514152,0.0008445335067448982,0.0,0.0,0.0,0.0004798416967514152,0.0525760005984921
7.08,0.0,0.0,0.5004862770133176,0.0,0.0,0.0008365097195506437,0.0,0.0,0.0,0.0,0.0,0.0,0.0,0.0,0.5,0.0,0.0,0.0,-0.0014642250069168972,0.0,0.0,0.0,40.68535774993084,40.68535774993084,40.68535774993084,40.68535774993084,0.0004862770133176042,0.0008365097195506437,0.0,0.0,0.0,0.0004862770133176042,0.03506900065985974
7.088,0.0,0.0,0.5004926511889106,0.0,0.0,0.0008285621654659096,0.0,0.0,0.0,0.0,0.0,0.0,0.0,0.0,0.5,0.0,0.0,0.0,-0.0014626001118207554,0.0,0.0,0.0,40.68537399888179,40.68537399888179,40.68537399888179,40.68537399888179,0.00049265118891062,0.0008285621654659096,0.0,0.0,0.0,0.00049265118891062,0.0641980004729703
7.096,0.0,0.0,0.5004989648044238,0.0,0.0,0.0008206901202021274,0.0,0.0,0.0,0.0,0.0,0.0,0.0,0.0,0.5,0.0,0.0,0.0,-0.0014609906554975405,0.0,0.0,0.0,40.68539009344503,40.68539009344503,40.68539009344503,40.68539009344503,0.000498964804423796,0.0008206901202021274,0.0,0.0,0.0,0.000498964804423796,0.06305900024017319
7.104,0.0,0.0,0.5005052184352313,0.0,0.0,0.0008128928663499255,0.0,0.0,0.0,0.0,0.0,0.0,0.0,0.0,0.5,0.0,0.0,0.0,-0.0014593964912399393,0.0,0.0,0.0,40.6854060350876,40.6854060350876,40.6854060350876,40.6854060350876,0.0005052184352313249,0.0008128928663499255,0.0,0.0,0.0,0.0005052184352313249,0.0688660002197139
7.112,0.0,0.0,0.5005114126512409,0.0,0.0,0.0008051696933189027,0.0,0.0,0.0,0.0,0.0,0.0,0.0,0.0,0.5,0.0,0.0,0.0,-0.001457817473744183,0.0,0.0,0.0,40.68542182526256,40.68542182526256,40.68542182526256,40.68542182526256,0.0005114126512408834,0.0008051696933189027,0.0,0.0,0.0,0.0005114126512408834,0.052972000048612244
7.12,0.0,0.0,0.5005175480169454,0.0,0.0,0.0007975198972672451,0.0,0.0,0.0,0.0,0.0,0.0,0.0,0.0,0.5,0.0,0.0,0.0,-0.0014562534590757403,0.0,0.0,0.0,40.685437465409244,40.685437465409244,40.685437465409244,40.685437465409244,0.0005175480169453683,0.0007975198972672451,0.0,0.0,0.0,0.0005175480169453683,0.0357449989678571
7.128,0.0,0.0,0.5005236250914745,0.0,0.0,0.0007899427810426422,0.0,0.0,0.0,0.0,0.0,0.0,0.0,0.0,0.5,0.0,0.0,0.0,-0.0014547043046782004,0.0,0.0,0.0,40.68545295695322,40.68545295695322,40.68545295695322,40.68545295695322,0.0005236250914745222,0.0007899427810426422,0.0,0.0,0.0,0.0005236250914745222,0.04198600072413683
7.136,0.0,0.0,0.5005296444286458,0.0,0.0,0.000782437654115592,0.0,0.0,0.0,0.0,0.0,0.0,0.0,0.0,0.5,0.0,0.0,0.0,-0.0014531698693425188,0.0,0.0,0.0,40.68546830130658,40.68546830130658,40.68546830130658,40.68546830130658,0.0005296444286457813,0.000782437654115592,0.0,0.0,0.0,0.0005296444286457813,0.027224999939789996
7.144,0.0,0.0,0.5005356065770148,0.0,0.0,0.0007750038325177177,0.0,0.0,0.0,0.0,0.0,0.0,0.0,0.0,0.5,0.0,0.0,0.0,-0.0014516500132074617,0.0,0.0,0.0,40.68548349986793,40.68548349986793,40.68548349986793,40.68548349986793,0.0005356065770147911,0.0007750038325177177,0.0,0.0,0.0,0.0005356065770147911,0.023982000129763037
7.152,0.0,0.0,0.5005415120799254,0.0,0.0,0.0007676406387785438,0.0,0.0,0.0,0.0,0.0,0.0,0.0,0.0,0.5,0.0,0.0,0.0,-0.0014501445977362915,0.0,0.0,0.0,40.68549855402264,40.68549855402264,40.68549855402264,40.68549855402264,0.0005415120799253659,0.0007676406387785438,0.0,0.0,0.0,0.0005415120799253659,0.023626000256626867
7.16,0.0,0.0,0.500547361475559,0.0,0.0,0.0007603474018638144,0.0,0.0,0.0,0.0,0.0,0.0,0.0,0.0,0.5,0.0,0.0,0.0,-0.0014486534857081068,0.0,0.0,0.0,40.68551346514292,40.68551346514292,40.68551346514292,40.68551346514292,0.000547361475559005,0.0007603474018638144,0.0,0.0,0.0,0.000547361475559005,0.023119000616134144
7.168,0.0,0.0,0.5005531552969841,0.0,0.0,0.0007531234571178212,0.0,0.0,0.0,0.0,0.0,0.0,0.0,0.0,0.5,0.0,0.0,0.0,-0.0014471765412146231,0.0,0.0,0.0,40.685528234587856,40.685528234587856,40.685528234587856,40.685528234587856,0.0005531552969840758,0.0007531234571178212,0.0,0.0,0.0,0.0005531552969840758,0.02169900108128786
7.176,0.0,0.0,0.5005588940722042,0.0,0.0,0.0007459681461978372,0.0,0.0,0.0,0.0,0.0,0.0,0.0,0.0,0.5,0.0,0.0,0.0,-0.001445713629632639,0.0,0.0,0.0,40.685542863703674,40.685542863703674,40.685542863703674,40.685542863703674,0.000558894072204219,0.0007459681461978372,0.0,0.0,0.0,0.000558894072204219,0.022712998543283902
7.184,0.0,0.0,0.5005645783242065,0.0,0.0,0.0007388808170161123,0.0,0.0,0.0,0.0,0.0,0.0,0.0,0.0,0.5,0.0,0.0,0.0,-0.001444264617619595,0.0,0.0,0.0,40.68555735382381,40.68555735382381,40.68555735382381,40.68555735382381,0.0005645783242065328,0.0007388808170161123,0.0,0.0,0.0,0.0005645783242065328,0.022687001546728425
7.192,0.0,0.0,0.5005702085710093,0.0,0.0,0.000731860823682368,0.0,0.0,0.0,0.0,0.0,0.0,0.0,0.0,0.5,0.0,0.0,0.0,-0.0014428293731036934,0.0,0.0,0.0,40.685571706268966,40.685571706268966,40.685571706268966,40.685571706268966,0.0005702085710093119,0.000731860823682368,0.0,0.0,0.0,0.0005702085710093119,0.02267700074298773
7.2,0.0,0.0,0.5005757853257091,0.0,0.0,0.0007249075264411388,0.0,0.0,0.0,0.0,0.0,0.0,0.0,0.0,0.5,0.0,0.0,0.0,-0.0014414077652659119,0.0,0.0,0.0,40.68558592234734,40.68558592234734,40.68558592234734,40.68558592234734,0.0005757853257091217,0.0007249075264411388,0.0,0.0,0.0,0.0005757853257091217,0.02254799983347766
7.208,0.0,0.0,0.5005813090965276,0.0,0.0,0.0007180202916160958,0.0,0.0,0.0,0.0,0.0,0.0,0.0,0.0,0.5,0.0,0.0,0.0,-0.0014399996645302338,0.0,0.0,0.0,40.6856000033547,40.6856000033547,40.6856000033547,40.6856000033547,0.0005813090965276491,0.0007180202916160958,0.0,0.0,0.0,0.0005813090965276491,0.02243999915663153
7.216,0.0,0.0,0.5005867803868581,0.0,0.0,0.0007111984915544018,0.0,0.0,0.0,0.0,0.0,0.0,0.0,0.0,0.5,0.0,0.0,0.0,-0.0014386049425593184,0.0,0.0,0.0,40.68561395057441,40.68561395057441,40.68561395057441,40.68561395057441,0.0005867803868581101,0.0007111984915544018,0.0,0.0,0.0,0.0005867803868581101,0.024083001335384324
7.224,0.0,0.0,0.5005921996953108,0.0,0.0,0.0007044415045599916,0.0,0.0,0.0,0.0,0.0,0.0,0.0,0.0,0.5,0.0,0.0,0.0,-0.0014372234722201949,0.0,0.0,0.0,40.6856277652778,40.6856277652778,40.6856277652778,40.6856277652778,0.0005921996953107689,0.0007044415045599916,0.0,0.0,0.0,0.0005921996953107689,0.024451999706798233
7.232,0.0,0.0,0.5005975675157589,0.0,0.0,0.0006977487148512988,0.0,0.0,0.0,0.0,0.0,0.0,0.0,0.0,0.5,0.0,0.0,0.0,-0.001435855127607466,0.0,0.0,0.0,40.68564144872393,40.68564144872393,40.68564144872393,40.68564144872393,0.0005975675157589011,0.0006977487148512988,0.0,0.0,0.0,0.0005975675157589011,0.025058001483557746
7.24,0.0,0.0,0.5006028843373833,0.0,0.0,0.0006911195124913541,0.0,0.0,0.0,0.0,0.0,0.0,0.0,0.0,0.5,0.0,0.0,0.0,-0.0014344997839949025,0.0,0.0,0.0,40.685655002160054,40.685655002160054,40.685655002160054,40.685655002160054,0.0006028843373833137,0.0006911195124913541,0.0,0.0,0.0,0.0006028843373833137,0.0278389998129569
7.248,0.0,0.0,0.5006081506447173,0.0,0.0,0.0006845532933429671,0.0,0.0,0.0,0.0,0.0,0.0,0.0,0.0,0.5,0.0,0.0,0.0,-0.001433157317856315,0.0,0.0,0.0,40.68566842682144,40.68566842682144,40.68566842682144,40.68566842682144,0.0006081506447173091,0.0006845532933429671,0.0,0.0,0.0,0.0006081506447173091,0.057269000535598025
7.256,0.0,0.0,0.5006133669176905,0.0,0.0,0.0006780494590051157,0.0,0.0,0.0,0.0,0.0,0.0,0.0,0.0,0.5,0.0,0.0,0.0,-0.001431827606829028,0.0,0.0,0.0,40.685681723931715,40.685681723931715,40.685681723931715,40.685681723931715,0.0006133669176905387,0.0006780494590051157,0.0,0.0,0.0,0.0006133669176905387,0.06449700049415696
7.264,0.0,0.0,0.500618533631673,0.0,0.0,0.0006716074167648332,0.0,0.0,0.0,0.0,0.0,0.0,0.0,0.0,0.5,0.0,0.0,0.0,-0.0014305105297187648,0.0,0.0,0.0,40.68569489470281,40.68569489470281,40.68569489470281,40.68569489470281,0.0006185336316729684,0.0006716074167648332,0.0,0.0,0.0,0.0006185336316729684,0.15801100016687997
7.272,0.0,0.0,0.5006236512575181,0.0,0.0,0.0006652265795392888,0.0,0.0,0.0,0.0,0.0,0.0,0.0,0.0,0.5,0.0,0.0,0.0,-0.001429205966479108,0.0,0.0,0.0,40.68570794033521,40.68570794033521,40.68570794033521,40.68570794033521,0.0006236512575180653,0.0006652265795392888,0.0,0.0,0.0,0.0006236512575180653,0.08991499998955987
7.28,0.0,0.0,0.5006287202616059,0.0,0.0,0.0006589063658266774,0.0,0.0,0.0,0.0,0.0,0.0,0.0,0.0,0.5,0.0,0.0,0.0,-0.0014279137982148304,0.0,0.0,0.0,40.68572086201785,40.68572086201785,40.68572086201785,40.68572086201785,0.0006287202616058751,0.0006589063658266774,0.0,0.0,0.0,0.0006287202616058751,0.051851999160135165
7.288,0.0,0.0,0.5006337411058852,0.0,0.0,0.0006526461996447258,0.0,0.0,0.0,0.0,0.0,0.0,0.0,0.0,0.5,0.0,0.0,0.0,-0.0014266339071474787,0.0,0.0,0.0,40.68573366092853,40.68573366092853,40.68573366092853,40.68573366092853,0.0006337411058852105,0.0006526461996447258,0.0,0.0,0.0,0.0006337411058852105,0.038444000892923214
7.296,0.0,0.0,0.5006387142479161,0.0,0.0,0.0006464455104870494,0.0,0.0,0.0,0.0,0.0,0.0,0.0,0.0,0.5,0.0,0.0,0.0,-0.0014253661766227,0.0,0.0,0.0,40.68574633823378,40.68574633823378,40.68574633823378,40.68574633823378,0.0006387142479160612,0.0006464455104870494,0.0,0.0,0.0,0.0006387142479160612,0.039305999962380156
7.304,0.0,0.0,0.5006436401409112,0.0,0.0,0.0006403037332688087,0.0,0.0,0.0,0.0,0.0,0.0,0.0,0.0,0.5,0.0,0.0,0.0,-0.001424110491100028,0.0,0.0,0.0,40.685758895089,40.685758895089,40.685758895089,40.685758895089,0.000643640140911228,0.0006403037332688087,0.0,0.0,0.0,0.000643640140911228,0.04149699998379219
7.312,0.0,0.0,0.5006485192337774,0.0,0.0,0.0006342203082693564,0.0,0.0,0.0,0.0,0.0,0.0,0.0,0.0,0.5,0.0,0.0,0.0,-0.0014228667361263492,0.0,0.0,0.0,40.68577133263874,40.68577133263874,40.68577133263874,40.68577133263874,0.0006485192337774004,0.0006342203082693564,0.0,0.0,0.0,0.0006485192337774004,0.025133000235655345
7.32,0.0,0.0,0.5006533519711565,0.0,0.0,0.0006281946810919069,0.0,0.0,0.0,0.0,0.0,0.0,0.0,0.0,0.5,0.0,0.0,0.0,-0.0014216347983473376,0.0,0.0,0.0,40.68578365201653,40.68578365201653,40.68578365201653,40.68578365201653,0.0006533519711564573,0.0006281946810919069,0.0,0.0,0.0,0.0006533519711564573,0.024599999960628338
7.328,0.0,0.0,0.5006581387934655,0.0,0.0,0.0006222263026007394,0.0,0.0,0.0,0.0,0.0,0.0,0.0,0.0,0.5,0.0,0.0,0.0,-0.0014204145654757028,0.0,0.0,0.0,40.685795854345244,40.685795854345244,40.685795854345244,40.685795854345244,0.0006581387934655458,0.0006222263026007394,0.0,0.0,0.0,0.0006581387934655458,0.023509001039201394
7.336,0.0,0.0,0.5006628801369376,0.0,0.0,0.000616314628882064,0.0,0.0,0.0,0.0,0.0,0.0,0.0,0.0,0.5,0.0,0.0,0.0,-0.0014192059262955192,0.0,0.0,0.0,40.68580794073705,40.68580794073705,40.68580794073705,40.68580794073705,0.0006628801369376047,0.000616314628882064,0.0,0.0,0.0,0.0006628801369376047,0.023378999685519375
7.344,0.0,0.0,0.500667576433661,0.0,0.0,0.0006104591211905095,0.0,0.0,0.0,0.0,0.0,0.0,0.0,0.0,0.5,0.0,0.0,0.0,-0.0014180087706543443,0.0,0.0,0.0,40.68581991229346,40.68581991229346,40.68581991229346,40.68581991229346,0.0006675764336609991,0.0006104591211905095,0.0,0.0,0.0,0.0006675764336609991,0.02290399970661383
7.352,0.0,0.0,0.5006722281116188,0.0,0.0,0.0006046592458979869,0.0,0.0,0.0,0.0,0.0,0.0,0.0,0.0,0.5,0.0,0.0,0.0,-0.0014168229894426787,0.0,0.0,0.0,40.68583177010558,40.68583177010558,40.68583177010558,40.68583177010558,0.0006722281116188222,0.0006046592458979869,0.0,0.0,0.0,0.0006722281116188222,0.02245599898742512
7.36,0.0,0.0,0.5006768355947278,0.0,0.0,0.0005989144744416783,0.0,0.0,0.0,0.0,0.0,0.0,0.0,0.0,0.5,0.0,0.0,0.0,-0.001415648474575537,0.0,0.0,0.0,40.68584351525425,40.68584351525425,40.68584351525425,40.68584351525425,0.0006768355947277538,0.0005989144744416783,0.0,0.0,0.0,0.0006768355947277538,0.02428399966447614
7.368,0.0,0.0,0.5006813993028771,0.0,0.0,0.0005932242832879787,0.0,0.0,0.0,0.0,0.0,0.0,0.0,0.0,0.5,0.0,0.0,0.0,-0.0014144851190120988,0.0,0.0,0.0,40.68585514880988,40.68585514880988,40.68585514880988,40.68585514880988,0.0006813993028771392,0.0005932242832879787,0.0,0.0,0.0,0.0006813993028771392,0.021614001525449567
7.376,0.0,0.0,0.5006859196519668,0.0,0.0,0.0005875881538731189,0.0,0.0,0.0,0.0,0.0,0.0,0.0,0.0,0.5,0.0,0.0,0.0,-0.0014133328167189596,0.0,0.0,0.0,40.68586667183281,40.68586667183281,40.68586667183281,40.68586667183281,0.0006859196519668487,0.0005875881538731189,0.0,0.0,0.0,0.0006859196519668487,0.022877000446897
7.384,0.0,0.0,0.5006903970539454,0.0,0.0,0.0005820055725612142,0.0,0.0,0.0,0.0,0.0,0.0,0.0,0.0,0.5,0.0,0.0,0.0,-0.0014121914626731291,0.0,0.0,0.0,40.68587808537327,40.68587808537327,40.68587808537327,40.68587808537327,0.0006903970539453574,0.0005820055725612142,0.0,0.0,0.0,0.0006903970539453574,0.03777699930651579
7.392,0.0,0.0,0.5006948319168473,0.0,0.0,0.0005764760305968261,0.0,0.0,0.0,0.0,0.0,0.0,0.0,0.0,0.5,0.0,0.0,0.0,-0.0014110609528501517,0.0,0.0,0.0,40.6858893904715,40.6858893904715,40.6858893904715,40.6858893904715,0.0006948319168472716,0.0005764760305968261,0.0,0.0,0.0,0.0006948319168472716,0.031008999940240756
7.4,0.0,0.0,0.5006992246448305,0.0,0.0,0.000570999024058685,0.0,0.0,0.0,0.0,0.0,0.0,0.0,0.0,0.5,0.0,0.0,0.0,-0.001409941184213781,0.0,0.0,0.0,40.685900588157864,40.685900588157864,40.685900588157864,40.685900588157864,0.0006992246448305206,0.000570999024058685,0.0,0.0,0.0,0.0006992246448305206,0.0219470002775779
7.408,0.0,0.0,0.5007035756382131,0.0,0.0,0.0005655740538115658,0.0,0.0,0.0,0.0,0.0,0.0,0.0,0.0,0.5,0.0,0.0,0.0,-0.0014088320547062105,0.0,0.0,0.0,40.68591167945294,40.68591167945294,40.68591167945294,40.68591167945294,0.0007035756382131053,0.0005655740538115658,0.0,0.0,0.0,0.0007035756382131053,0.02271000084874686
7.416,0.0,0.0,0.5007078852935097,0.0,0.0,0.0005602006254650129,0.0,0.0,0.0,0.0,0.0,0.0,0.0,0.0,0.5,0.0,0.0,0.0,-0.0014077334632423,0.0,0.0,0.0,40.68592266536758,40.68592266536758,40.68592266536758,40.68592266536758,0.0007078852935097357,0.0005602006254650129,0.0,0.0,0.0,0.0007078852935097357,0.021560999812209047
7.424,0.0,0.0,0.5007121540034677,0.0,0.0,0.0005548782493208915,0.0,0.0,0.0,0.0,0.0,0.0,0.0,0.0,0.5,0.0,0.0,0.0,-0.001406645309687371,0.0,0.0,0.0,40.68593354690313,40.68593354690313,40.68593354690313,40.68593354690313,0.000712154003467691,0.0005548782493208915,0.0,0.0,0.0,0.000712154003467691,0.023197000700747594
7.432,0.0,0.0,0.500716382157103,0.0,0.0,0.0005496064403397556,0.0,0.0,0.0,0.0,0.0,0.0,0.0,0.0,0.5,0.0,0.0,0.0,-0.001405567494871085,0.0,0.0,0.0,40.685944325051295,40.685944325051295,40.685944325051295,40.685944325051295,0.0007163821571030127,0.0005496064403397556,0.0,0.0,0.0,0.0007163821571030127,0.051854000048479065
7.44,0.0,0.0,0.5007205701397356,0.0,0.0,0.0005443847180861856,0.0,0.0,0.0,0.0,0.0,0.0,0.0,0.0,0.5,0.0,0.0,0.0,-0.00140449992055669,0.0,0.0,0.0,40.685955000794436,40.685955000794436,40.685955000794436,40.685955000794436,0.0007205701397355879,0.0005443847180861856,0.0,0.0,0.0,0.0007205701397355879,0.0982369983830722
7.448,0.0,0.0,0.5007247183330245,0.0,0.0,0.0005392126066906111,0.0,0.0,0.0,0.0,0.0,0.0,0.0,0.0,0.5,0.0,0.0,0.0,-0.0014034424894429076,0.0,0.0,0.0,40.68596557510558,40.68596557510558,40.68596557510558,40.68596557510558,0.0007247183330244544,0.0005392126066906111,0.0,0.0,0.0,0.0007247183330244544,0.06662600026174914
7.456,0.0,0.0,0.5007288271150027,0.0,0.0,0.0005340896348076657,0.0,0.0,0.0,0.0,0.0,0.0,0.0,0.0,0.5,0.0,0.0,0.0,-0.0014023951051608252,0.0,0.0,0.0,40.6859760489484,40.6859760489484,40.6859760489484,40.6859760489484,0.0007288271150026615,0.0005340896348076657,0.0,0.0,0.0,0.0007288271150026615,0.0467549998575123
7.464,0.0,0.0,0.5007328968601114,0.0,0.0,0.0005290153355634426,0.0,0.0,0.0,0.0,0.0,0.0,0.0,0.0,0.5,0.0,0.0,0.0,-0.0014013576722400334,0.0,0.0,0.0,40.685986423277605,40.685986423277605,40.685986423277605,40.685986423277605,0.0007328968601113539,0.0005290153355634426,0.0,0.0,0.0,0.0007328968601113539,0.11073099994973745
7.472,0.0,0.0,0.5007369279392344,0.0,0.0,0.0005239892465271763,0.0,0.0,0.0,0.0,0.0,0.0,0.0,0.0,0.5,0.0,0.0,0.0,-0.001400330096136826,0.0,0.0,0.0,40.68599669903863,40.68599669903863,40.68599669903863,40.68599669903863,0.0007369279392344108,0.0005239892465271763,0.0,0.0,0.0,0.0007369279392344108,0.08147300104610622
7.48,0.0,0.0,0.5007409207197319,0.0,0.0,0.0005190109096580575,0.0,0.0,0.0,0.0,0.0,0.0,0.0,0.0,0.5,0.0,0.0,0.0,-0.0013993122831942317,0.0,0.0,0.0,40.68600687716806,40.68600687716806,40.68600687716806,40.68600687716806,0.0007409207197318635,0.0005190109096580575,0.0,0.0,0.0,0.0007409207197318635,0.1412760011589853
7.488,0.0,0.0,0.5007448755654734,0.0,0.0,0.0005140798712654604,0.0,0.0,0.0,0.0,0.0,0.0,0.0,0.0,0.5,0.0,0.0,0.0,-0.0013983041406463448,0.0,0.0,0.0,40.68601695859354,40.68601695859354,40.68601695859354,40.68601695859354,0.000744875565473424,0.0005140798712654604,0.0,0.0,0.0,0.000744875565473424,0.11157100016134791
7.496,0.0,0.0,0.5007487928368718,0.0,0.0,0.0005091956819715725,0.0,0.0,0.0,0.0,0.0,0.0,0.0,0.0,0.5,0.0,0.0,0.0,-0.0013973055766067777,0.0,0.0,0.0,40.68602694423394,40.68602694423394,40.68602694423394,40.68602694423394,0.0007487928368717922,0.0005091956819715725,0.0,0.0,0.0,0.0007487928368717922,0.06635600038862322
7.5040000000000004,0.0,0.0,0.5007526728909155,0.0,0.0,0.000504357896670398,0.0,0.0,0.0,0.0,0.0,0.0,0.0,0.0,0.5,0.0,0.0,0.0,-0.0013963165000739908,0.0,0.0,0.0,40.686036834999264,40.686036834999264,40.686036834999264,40.686036834999264,0.0007526728909155178,0.000504357896670398,0.0,0.0,0.0,0.0007526728909155178,0.06694699914078228
7.5120000000000005,0.0,0.0,0.5007565160812012,0.0,0.0,0.0004995660744783053,0.0,0.0,0.0,0.0,0.0,0.0,0.0,0.0,0.5,0.0,0.0,0.0,-0.0013953368208931005,0.0,0.0,0.0,40.68604663179107,40.68604663179107,40.68604663179107,40.68604663179107,0.0007565160812011973,0.0004995660744783053,0.0,0.0,0.0,0.0007565160812011973,0.14118000035523437
7.5200000000000005,0.0,0.0,0.5007603227579662,0.0,0.0,0.000494819778708344,0.0,0.0,0.0,0.0,0.0,0.0,0.0,0.0,0.5,0.0,0.0,0.0,-0.0013943664497853003,0.0,0.0,0.0,40.68605633550215,40.68605633550215,40.68605633550215,40.68605633550215,0.0007603227579662253,0.000494819778708344,0.0,0.0,0.0,0.0007603227579662253,0.08649399933347013
7.5280000000000005,0.0,0.0,0.5007640932681202,0.0,0.0,0.0004901185768163916,0.0,0.0,0.0,0.0,0.0,0.0,0.0,0.0,0.5,0.0,0.0,0.0,-0.0013934052983036738,0.0,0.0,0.0,40.686065947016964,40.686065947016964,40.686065947016964,40.686065947016964,0.0007640932681202139,0.0004901185768163916,0.0,0.0,0.0,0.0007640932681202139,0.062430999605567195
7.5360000000000005,0.0,0.0,0.5007678279552769,0.0,0.0,0.0004854620403691727,0.0,0.0,0.0,0.0,0.0,0.0,0.0,0.0,0.5,0.0,0.0,0.0,-0.0013924532788475164,0.0,0.0,0.0,40.68607546721153,40.68607546721153,40.68607546721153,40.68607546721153,0.0007678279552768563,0.0004854620403691727,0.0,0.0,0.0,0.0007678279552768563,0.04941000042890664
7.5440000000000005,0.0,0.0,0.5007715271597853,0.0,0.0,0.00048084974500757244,0.0,0.0,0.0,0.0,0.0,0.0,0.0,0.0,0.5,0.0,0.0,0.0,-0.0013915103046555632,0.0,0.0,0.0,40.686084896953446,40.686084896953446,40.686084896953446,40.686084896953446,0.0007715271597853457,0.00048084974500757244,0.0,0.0,0.0,0.0007715271597853457,0.057465998906991445
7.5520000000000005,0.0,0.0,0.500775191218761,0.0,0.0,0.00047628127039785824,0.0,0.0,0.0,0.0,0.0,0.0,0.0,0.0,0.5,0.0,0.0,0.0,-0.00139057628977457,0.0,0.0,0.0,40.68609423710226,40.68609423710226,40.68609423710226,40.68609423710226,0.0007751912187610177,0.00047628127039785824,0.0,0.0,0.0,0.0007751912187610177,0.09922100070980377
7.5600000000000005,0.0,0.0,0.5007788204661165,0.0,0.0,0.0004717562002065351,0.0,0.0,0.0,0.0,0.0,0.0,0.0,0.0,0.5,0.0,0.0,0.0,-0.0013896511490855135,0.0,0.0,0.0,40.68610348850915,40.68610348850915,40.68610348850915,40.68610348850915,0.0007788204661165476,0.0004717562002065351,0.0,0.0,0.0,0.0007788204661165476,0.05599799987976439
7.5680000000000005,0.0,0.0,0.500782415232592,0.0,0.0,0.0004672741220524741,0.0,0.0,0.0,0.0,0.0,0.0,0.0,0.0,0.5,0.0,0.0,0.0,-0.001388734798271396,0.0,0.0,0.0,40.686112652017286,40.686112652017286,40.686112652017286,40.686112652017286,0.0007824152325920375,0.0004672741220524741,0.0,0.0,0.0,0.0007824152325920375,0.057425000704824924
7.5760000000000005,0.0,0.0,0.5007859758457853,0.0,0.0,0.0004628346274741664,0.0,0.0,0.0,0.0,0.0,0.0,0.0,0.0,0.5,0.0,0.0,0.0,-0.001387827153818022,0.0,0.0,0.0,40.68612172846182,40.68612172846182,40.68612172846182,40.68612172846182,0.000785975845785325,0.0004628346274741664,0.0,0.0,0.0,0.000785975845785325,0.03564300095604267
7.5840000000000005,0.0,0.0,0.5007895026301816,0.0,0.0,0.0004584373118868733,0.0,0.0,0.0,0.0,0.0,0.0,0.0,0.0,0.5,0.0,0.0,0.0,-0.0013869281329964567,0.0,0.0,0.0,40.686130718670036,40.686130718670036,40.686130718670036,40.686130718670036,0.0007895026301816266,0.0004584373118868733,0.0,0.0,0.0,0.0007895026301816266,0.04331600030127447
7.5920000000000005,0.0,0.0,0.5007929959071834,0.0,0.0,0.00045408177455389683,0.0,0.0,0.0,0.0,0.0,0.0,0.0,0.0,0.5,0.0,0.0,0.0,-0.0013860376538720187,0.0,0.0,0.0,40.68613962346128,40.68613962346128,40.68613962346128,40.68613962346128,0.0007929959071834025,0.00045408177455389683,0.0,0.0,0.0,0.0007929959071834025,0.027538999347598292
7.6000000000000005,0.0,0.0,0.5007964559951394,0.0,0.0,0.00044976761854416804,0.0,0.0,0.0,0.0,0.0,0.0,0.0,0.0,0.5,0.0,0.0,0.0,-0.0013851556352879602,0.0,0.0,0.0,40.68614844364712,40.68614844364712,40.68614844364712,40.68614844364712,0.0007964559951394445,0.00044976761854416804,0.0,0.0,0.0,0.0007964559951394445,0.02493199826858472
7.6080000000000005,0.0,0.0,0.500799883209374,0.0,0.0,0.000445494450698317,0.0,0.0,0.0,0.0,0.0,0.0,0.0,0.0,0.5,0.0,0.0,0.0,-0.0013842819968554743,0.0,0.0,0.0,40.68615718003145,40.68615718003145,40.68615718003145,40.68615718003145,0.0007998832093739638,0.000445494450698317,0.0,0.0,0.0,0.0007998832093739638,0.024013999791350216
7.6160000000000005,0.0,0.0,0.5008032778622153,0.0,0.0,0.0004412618815932026,0.0,0.0,0.0,0.0,0.0,0.0,0.0,0.0,0.5,0.0,0.0,0.0,-0.0013834166589542507,0.0,0.0,0.0,40.68616583341046,40.68616583341046,40.68616583341046,40.68616583341046,0.0008032778622153458,0.0004412618815932026,0.0,0.0,0.0,0.0008032778622153458,0.02306399983353913
7.6240000000000006,0.0,0.0,0.5008066402630245,0.0,0.0,0.0004370695255024339,0.0,0.0,0.0,0.0,0.0,0.0,0.0,0.0,0.5,0.0,0.0,0.0,-0.0013825595427114923,0.0,0.0,0.0,40.68617440457289,40.68617440457289,40.68617440457289,40.68617440457289,0.0008066402630244607,0.0004370695255024339,0.0,0.0,0.0,0.0008066402630244607,0.022772999727749266
7.632000000000001,0.0,0.0,0.5008099707182231,0.0,0.0,0.00043291700036756275,0.0,0.0,0.0,0.0,0.0,0.0,0.0,0.0,0.5,0.0,0.0,0.0,-0.0013817105700129062,0.0,0.0,0.0,40.686182894299876,40.686182894299876,40.686182894299876,40.686182894299876,0.0008099707182230853,0.00043291700036756275,0.0,0.0,0.0,0.0008099707182230853,0.02860200038412586
7.640000000000001,0.0,0.0,0.5008132695313218,0.0,0.0,0.00042880392776116033,0.0,0.0,0.0,0.0,0.0,0.0,0.0,0.0,0.5,0.0,0.0,0.0,-0.0013808696634892703,0.0,0.0,0.0,40.68619130336511,40.68619130336511,40.68619130336511,40.68619130336511,0.0008132695313217697,0.00042880392776116033,0.0,0.0,0.0,0.0008132695313217697,0.023657999918214045
7.648000000000001,0.0,0.0,0.5008165370029474,0.0,0.0,0.0004247299328489514,0.0,0.0,0.0,0.0,0.0,0.0,0.0,0.0,0.5,0.0,0.0,0.0,-0.0013800367465000019,0.0,0.0,0.0,40.686199632535,40.686199632535,40.686199632535,40.686199632535,0.0008165370029473706,0.0004247299328489514,0.0,0.0,0.0,0.0008165370029473706,0.038053000025684014
7.656000000000001,0.0,0.0,0.5008197734308705,0.0,0.0,0.0004206946443567464,0.0,0.0,0.0,0.0,0.0,0.0,0.0,0.0,0.5,0.0,0.0,0.0,-0.0013792117431289386,0.0,0.0,0.0,40.686207882568716,40.686207882568716,40.686207882568716,40.686207882568716,0.000819773430870474,0.0004206946443567464,0.0,0.0,0.0,0.000819773430870474,0.0667690001137089
7.664000000000001,0.0,0.0,0.5008229791100326,0.0,0.0,0.000416697694538436,0.0,0.0,0.0,0.0,0.0,0.0,0.0,0.0,0.5,0.0,0.0,0.0,-0.0013784731120496385,0.0,0.0,0.0,40.68621526887951,40.68621526887951,40.68621526887951,40.68621526887951,0.0008229791100325956,0.000416697694538436,0.0,0.0,0.0,0.0008229791100325956,0.02123299964296166
7.672000000000001,0.0,0.0,0.5008261543083365,0.0,0.0,0.00041273811322951735,0.0,0.0,0.0,0.0,0.0,0.0,0.0,0.0,0.5,0.0,0.0,0.0,-0.0013775832422512346,0.0,0.0,0.0,40.68622416757749,40.68622416757749,40.68622416757749,40.68622416757749,0.0008261543083365464,0.00041273811322951735,0.0,0.0,0.0,0.0008261543083365464,0.02371600021433551
7.68,0.0,0.0,0.5008292993400113,0.0,0.0,0.0004088162824525252,0.0,0.0,0.0,0.0,0.0,0.0,0.0,0.0,0.5,0.0,0.0,0.0,-0.0013768577096443524,0.0,0.0,0.0,40.68623142290356,40.68623142290356,40.68623142290356,40.68623142290356,0.0008292993400113025,0.0004088162824525252,0.0,0.0,0.0,0.0008292993400113025,0.01820399847929366
7.688,0.0,0.0,0.5008324144681611,0.0,0.0,0.000404931229706184,0.0,0.0,0.0,0.0,0.0,0.0,0.0,0.0,0.5,0.0,0.0,0.0,-0.0013759678590772317,0.0,0.0,0.0,40.68624032140923,40.68624032140923,40.68624032140923,40.68624032140923,0.000832414468161069,0.000404931229706184,0.0,0.0,0.0,0.000832414468161069,0.025692999770399183
7.696,0.0,0.0,0.5008355000062588,0.0,0.0,0.0004010834362072296,0.0,0.0,0.0,0.0,0.0,0.0,0.0,0.0,0.5,0.0,0.0,0.0,-0.0013752557862550807,0.0,0.0,0.0,40.68624744213745,40.68624744213745,40.68624744213745,40.68624744213745,0.0008355000062587603,0.0004010834362072296,0.0,0.0,0.0,0.0008355000062587603,0.06603700057894457
7.704,0.0,0.0,0.5008385562125057,0.0,0.0,0.00039727190513991445,0.0,0.0,0.0,0.0,0.0,0.0,0.0,0.0,0.5,0.0,0.0,0.0,-0.0013743842536677597,0.0,0.0,0.0,40.686256157463326,40.686256157463326,40.686256157463326,40.686256157463326,0.0008385562125057255,0.00039727190513991445,0.0,0.0,0.0,0.0008385562125057255,0.10735300020314753
7.712,0.0,0.0,0.500841583393979,0.0,0.0,0.0003934970609436724,0.0,0.0,0.0,0.0,0.0,0.0,0.0,0.0,0.5,0.0,0.0,0.0,-0.0013736859577874183,0.0,0.0,0.0,40.68626314042213,40.68626314042213,40.68626314042213,40.68626314042213,0.0008415833939789952,0.0003934970609436724,0.0,0.0,0.0,0.0008415833939789952,0.052385001254151575
7.72,0.0,0.0,0.5008445818038938,0.0,0.0,0.00038975789662495296,0.0,0.0,0.0,0.0,0.0,0.0,0.0,0.0,0.5,0.0,0.0,0.0,-0.0013728361938322164,0.0,0.0,0.0,40.68627163806168,40.68627163806168,40.68627163806168,40.68627163806168,0.0008445818038937958,0.00038975789662495296,0.0,0.0,0.0,0.0008445818038937958,0.1319620005233446
7.728,0.0,0.0,0.5008475517418812,0.0,0.0,0.0003860547669856944,0.0,0.0,0.0,0.0,0.0,0.0,0.0,0.0,0.5,0.0,0.0,0.0,-0.0013721516874977135,0.0,0.0,0.0,40.68627848312502,40.68627848312502,40.68627848312502,40.68627848312502,0.0008475517418812251,0.0003860547669856944,0.0,0.0,0.0,0.0008475517418812251,0.10646000009728596
7.736,0.0,0.0,0.5008504934561826,0.0,0.0,0.0003823866711229143,0.0,0.0,0.0,0.0,0.0,0.0,0.0,0.0,0.5,0.0,0.0,0.0,-0.0013713229304155305,0.0,0.0,0.0,40.686286770695844,40.686286770695844,40.686286770695844,40.686286770695844,0.0008504934561825994,0.0003823866711229143,0.0,0.0,0.0,0.0008504934561825994,0.056277000112459064
7.744,0.0,0.0,0.5008534072392343,0.0,0.0,0.0003787539131915276,0.0,0.0,0.0,0.0,0.0,0.0,0.0,0.0,0.5,0.0,0.0,0.0,-0.0013706519880971602,0.0,0.0,0.0,40.68629348011903,40.68629348011903,40.68629348011903,40.68629348011903,0.0008534072392343273,0.0003787539131915276,0.0,0.0,0.0,0.0008534072392343273,0.02748500082816463
7.752,0.0,0.0,0.5008562933343893,0.0,0.0,0.0003751555094275904,0.0,0.0,0.0,0.0,0.0,0.0,0.0,0.0,0.5,0.0,0.0,0.0,-0.001369842615358996,0.0,0.0,0.0,40.686301573846414,40.686301573846414,40.686301573846414,40.686301573846414,0.000856293334389302,0.0003751555094275904,0.0,0.0,0.0,0.000856293334389302,0.029883000024710782
7.76,0.0,0.0,0.5008591520274055,0.0,0.0,0.0003715917329469337,0.0,0.0,0.0,0.0,0.0,0.0,0.0,0.0,0.5,0.0,0.0,0.0,-0.0013691848818730978,0.0,0.0,0.0,40.68630815118127,40.68630815118127,40.68630815118127,40.68630815118127,0.0008591520274054965,0.0003715917329469337,0.0,0.0,0.0,0.0008591520274054965,0.025286999516538344
7.768,0.0,0.0,0.500861983556872,0.0,0.0,0.0003680616230188369,0.0,0.0,0.0,0.0,0.0,0.0,0.0,0.0,0.5,0.0,0.0,0.0,-0.0013683933499710754,0.0,0.0,0.0,40.68631606650029,40.68631606650029,40.68631606650029,40.68631606650029,0.000861983556871948,0.0003680616230188369,0.0,0.0,0.0,0.000861983556871948,0.0249679997068597
7.776,0.0,0.0,0.5008647882023597,0.0,0.0,0.0003645654356086128,0.0,0.0,0.0,0.0,0.0,0.0,0.0,0.0,0.5,0.0,0.0,0.0,-0.001367748422507531,0.0,0.0,0.0,40.686322515774926,40.686322515774926,40.686322515774926,40.686322515774926,0.0008647882023596898,0.0003645654356086128,0.0,0.0,0.0,0.0008647882023596898,0.029380000341916457
7.784,0.0,0.0,0.5008675661978323,0.0,0.0,0.00036110223530334297,0.0,0.0,0.0,0.0,0.0,0.0,0.0,0.0,0.5,0.0,0.0,0.0,-0.0013669734608193762,0.0,0.0,0.0,40.68633026539181,40.68633026539181,40.68633026539181,40.68633026539181,0.0008675661978323479,0.00036110223530334297,0.0,0.0,0.0,0.0008675661978323479,0.037775000237161294
7.792,0.0,0.0,0.50087031781708,0.0,0.0,0.0003576722694345792,0.0,0.0,0.0,0.0,0.0,0.0,0.0,0.0,0.5,0.0,0.0,0.0,-0.0013663409386376335,0.0,0.0,0.0,40.68633659061363,40.68633659061363,40.68633659061363,40.68633659061363,0.0008703178170800241,0.0003576722694345792,0.0,0.0,0.0,0.0008703178170800241,0.019835000784951262
7.8,0.0,0.0,0.5008730432895783,0.0,0.0,0.00035427462800376213,0.0,0.0,0.0,0.0,0.0,0.0,0.0,0.0,0.5,0.0,0.0,0.0,-0.0013655815402661142,0.0,0.0,0.0,40.68634418459734,40.68634418459734,40.68634418459734,40.68634418459734,0.000873043289578268,0.00035427462800376213,0.0,0.0,0.0,0.000873043289578268,0.02348300040466711
7.808,0.0,0.0,0.5008757428836602,0.0,0.0,0.00035090955445163965,0.0,0.0,0.0,0.0,0.0,0.0,0.0,0.0,0.5,0.0,0.0,0.0,-0.0013649610503003728,0.0,0.0,0.0,40.686350389497,40.686350389497,40.686350389497,40.686350389497,0.0008757428836602132,0.00035090955445163965,0.0,0.0,0.0,0.0008757428836602132,0.017004000255838037
7.816,0.0,0.0,0.5008784168244416,0.0,0.0,0.0003475761630950693,0.0,0.0,0.0,0.0,0.0,0.0,0.0,0.0,0.5,0.0,0.0,0.0,-0.001364216423236031,0.0,0.0,0.0,40.686357835767645,40.686357835767645,40.686357835767645,40.686357835767645,0.0008784168244415635,0.0003475761630950693,0.0,0.0,0.0,0.0008784168244415635,0.0228000008064555
7.824,0.0,0.0,0.5008810653750557,0.0,0.0,0.0003442746958300394,0.0,0.0,0.0,0.0,0.0,0.0,0.0,0.0,0.5,0.0,0.0,0.0,-0.001363607630331165,0.0,0.0,0.0,40.68636392369669,40.68636392369669,40.68636392369669,40.68636392369669,0.0008810653750557229,0.0003442746958300394,0.0,0.0,0.0,0.0008810653750557229,0.01696599974820856
7.832,0.0,0.0,0.500883688756374,0.0,0.0,0.0003410042896212728,0.0,0.0,0.0,0.0,0.0,0.0,0.0,0.0,0.5,0.0,0.0,0.0,-0.0013628771507823156,0.0,0.0,0.0,40.68637122849218,40.68637122849218,40.68637122849218,40.68637122849218,0.0008836887563740126,0.0003410042896212728,0.0,0.0,0.0,0.0008836887563740126,0.02283200046804268
7.84,0.0,0.0,0.500886287226535,0.0,0.0,0.0003377651857230565,0.0,0.0,0.0,0.0,0.0,0.0,0.0,0.0,0.5,0.0,0.0,0.0,-0.0013622797589011304,0.0,0.0,0.0,40.686377202410995,40.686377202410995,40.686377202410995,40.686377202410995,0.0008862872265350541,0.0003377651857230565,0.0,0.0,0.0,0.0008862872265350541,0.016942000002018176
7.848,0.0,0.0,0.5008888610022695,0.0,0.0,0.0003345565419391165,0.0,0.0,0.0,0.0,0.0,0.0,0.0,0.0,0.5,0.0,0.0,0.0,-0.0013615629336403146,0.0,0.0,0.0,40.6863843706636,40.6863843706636,40.6863843706636,40.6863843706636,0.000888861002269481,0.0003345565419391165,0.0,0.0,0.0,0.000888861002269481,0.03752900011022575
7.856,0.0,0.0,0.5008914103368849,0.0,0.0,0.0003313785989365255,0.0,0.0,0.0,0.0,0.0,0.0,0.0,0.0,0.5,0.0,0.0,0.0,-0.0013609766823194924,0.0,0.0,0.0,40.68639023317681,40.68639023317681,40.68639023317681,40.68639023317681,0.0008914103368848902,0.0003313785989365255,0.0,0.0,0.0,0.0008914103368848902,0.028640000891755335
7.864,0.0,0.0,0.5008939354430632,0.0,0.0,0.00032823053360581654,0.0,0.0,0.0,0.0,0.0,0.0,0.0,0.0,0.5,0.0,0.0,0.0,-0.001360273118628963,0.0,0.0,0.0,40.686397268813714,40.686397268813714,40.686397268813714,40.686397268813714,0.0008939354430631541,0.00032823053360581654,0.0,0.0,0.0,0.0008939354430631541,0.028200000087963417
7.872,0.0,0.0,0.5008964365694138,0.0,0.0,0.00032511258565204743,0.0,0.0,0.0,0.0,0.0,0.0,0.0,0.0,0.5,0.0,0.0,0.0,-0.0013596977772006857,0.0,0.0,0.0,40.686403022228,40.686403022228,40.686403022228,40.686403022228,0.0008964365694138499,0.00032511258565204743,0.0,0.0,0.0,0.0008964365694138499,0.025737001124070957
7.88,0.0,0.0,0.5008989139246526,0.0,0.0,0.0003220239494898392,0.0,0.0,0.0,0.0,0.0,0.0,0.0,0.0,0.5,0.0,0.0,0.0,-0.0013590071584579366,0.0,0.0,0.0,40.68640992841542,40.68640992841542,40.68640992841542,40.68640992841542,0.0008989139246525779,0.0003220239494898392,0.0,0.0,0.0,0.0008989139246525779,0.027912999939871952
7.888,0.0,0.0,0.5009013677527997,0.0,0.0,0.0003189648632698665,0.0,0.0,0.0,0.0,0.0,0.0,0.0,0.0,0.5,0.0,0.0,0.0,-0.0013584425196566663,0.0,0.0,0.0,40.68641557480343,40.68641557480343,40.68641557480343,40.68641557480343,0.0009013677527996977,0.0003189648632698665,0.0,0.0,0.0,0.0009013677527996977,0.021920001017861068
7.896,0.0,0.0,0.5009037982586797,0.0,0.0,0.0003159345376159498,0.0,0.0,0.0,0.0,0.0,0.0,0.0,0.0,0.5,0.0,0.0,0.0,-0.0013577645851254871,0.0,0.0,0.0,40.686422354148746,40.686422354148746,40.686422354148746,40.686422354148746,0.0009037982586797,0.0003159345376159498,0.0,0.0,0.0,0.0009037982586797,0.05620699994324241
7.904,0.0,0.0,0.5009062056818154,0.0,0.0,0.00031293320848602786,0.0,0.0,0.0,0.0,0.0,0.0,0.0,0.0,0.5,0.0,0.0,0.0,-0.0013572104589936185,0.0,0.0,0.0,40.68642789541007,40.68642789541007,40.68642789541007,40.68642789541007,0.0009062056818154307,0.00031293320848602786,0.0,0.0,0.0,0.0009062056818154307,0.07100200127752032
7.912,0.0,0.0,0.5009085902232094,0.0,0.0,0.0003099601016390003,0.0,0.0,0.0,0.0,0.0,0.0,0.0,0.0,0.5,0.0,0.0,0.0,-0.0013565449871969504,0.0,0.0,0.0,40.686434550128034,40.686434550128034,40.686434550128034,40.686434550128034,0.0009085902232094378,0.0003099601016390003,0.0,0.0,0.0,0.0009085902232094378,0.058597999668563716
7.92,0.0,0.0,0.5009109521179662,0.0,0.0,0.00030701545023057396,0.0,0.0,0.0,0.0,0.0,0.0,0.0,0.0,0.5,0.0,0.0,0.0,-0.001356001195723322,0.0,0.0,0.0,40.68643998804277,40.68643998804277,40.68643998804277,40.68643998804277,0.0009109521179662128,0.00030701545023057396,0.0,0.0,0.0,0.0009109521179662128,0.03120099972875323
7.928,0.0,0.0,0.5009132915633324,0.0,0.0,0.0003040984943396148,0.0,0.0,0.0,0.0,0.0,0.0,0.0,0.0,0.5,0.0,0.0,0.0,-0.0013553479909823585,0.0,0.0,0.0,40.68644652009018,40.68644652009018,40.68644652009018,40.68644652009018,0.000913291563332419,0.0003040984943396148,0.0,0.0,0.0,0.000913291563332419,0.0653789993521059
7.936,0.0,0.0,0.500915608790065,0.0,0.0,0.0003012094637868566,0.0,0.0,0.0,0.0,0.0,0.0,0.0,0.0,0.5,0.0,0.0,0.0,-0.0013548143637843735,0.0,0.0,0.0,40.68645185636216,40.68645185636216,40.68645185636216,40.68645185636216,0.0009156087900650256,0.0003012094637868566,0.0,0.0,0.0,0.0009156087900650256,0.03660099901026115
7.944,0.0,0.0,0.5009179039917178,0.0,0.0,0.00029834761234787414,0.0,0.0,0.0,0.0,0.0,0.0,0.0,0.0,0.5,0.0,0.0,0.0,-0.001354173245663115,0.0,0.0,0.0,40.68645826754337,40.68645826754337,40.68645826754337,40.68645826754337,0.0009179039917177612,0.00029834761234787414,0.0,0.0,0.0,0.0009179039917177612,0.032160000046133064
7.952,0.0,0.0,0.5009201773947661,0.0,0.0,0.0002955131660875377,0.0,0.0,0.0,0.0,0.0,0.0,0.0,0.0,0.5,0.0,0.0,0.0,-0.001353649616636532,0.0,0.0,0.0,40.686463503833636,40.686463503833636,40.686463503833636,40.686463503833636,0.0009201773947661307,0.0002955131660875377,0.0,0.0,0.0,0.0009201773947661307,0.04477400034375023
7.96,0.0,0.0,0.5009224291891327,0.0,0.0,0.00029270539203317197,0.0,0.0,0.0,0.0,0.0,0.0,0.0,0.0,0.5,0.0,0.0,0.0,-0.0013530204120144607,0.0,0.0,0.0,40.68646979587986,40.68646979587986,40.68646979587986,40.68646979587986,0.0009224291891326564,0.00029270539203317197,0.0,0.0,0.0,0.0009224291891326564,0.04633100070350338
7.968,0.0,0.0,0.5009246595970752,0.0,0.0,0.0002899245121905519,0.0,0.0,0.0,0.0,0.0,0.0,0.0,0.0,0.5,0.0,0.0,0.0,-0.0013525066169935984,0.0,0.0,0.0,40.68647493383007,40.68647493383007,40.68647493383007,40.68647493383007,0.0009246595970752169,0.0002899245121905519,0.0,0.0,0.0,0.0009246595970752169,0.1195619988720864
7.976,0.0,0.0,0.500926868804946,0.0,0.0,0.00028716980652122664,0.0,0.0,0.0,0.0,0.0,0.0,0.0,0.0,0.5,0.0,0.0,0.0,-0.001351889154500685,0.0,0.0,0.0,40.686481108455,40.686481108455,40.686481108455,40.686481108455,0.0009268688049459683,0.00028716980652122664,0.0,0.0,0.0,0.0009268688049459683,0.09256699922843836
7.984,0.0,0.0,0.5009290570308481,0.0,0.0,0.00028444149277059134,0.0,0.0,0.0,0.0,0.0,0.0,0.0,0.0,0.5,0.0,0.0,0.0,-0.0013513850297440788,0.0,0.0,0.0,40.68648614970256,40.68648614970256,40.68648614970256,40.68648614970256,0.0009290570308481128,0.00028444149277059134,0.0,0.0,0.0,0.0009290570308481128,0.06090200076869223
7.992,0.0,0.0,0.5009312244576238,0.0,0.0,0.00028173886360955395,0.0,0.0,0.0,0.0,0.0,0.0,0.0,0.0,0.5,0.0,0.0,0.0,-0.0013507791361215826,0.0,0.0,0.0,40.68649220863879,40.68649220863879,40.68649220863879,40.68649220863879,0.000931224457623836,0.00028173886360955395,0.0,0.0,0.0,0.000931224457623836,0.07881099918449763
8.0,0.0,0.0,0.5009333712992853,0.0,0.0,0.0002790621324237284,0.0,0.0,0.0,0.0,0.0,0.0,0.0,0.0,0.5,0.0,0.0,0.0,-0.0013502845174776512,0.0,0.0,0.0,40.686497154825226,40.686497154825226,40.686497154825226,40.686497154825226,0.0009333712992852794,0.0002790621324237284,0.0,0.0,0.0,0.0009333712992852794,0.05970099846308585
8.008000000000001,0.0,0.0,0.5009354977352253,0.0,0.0,0.00027641060443891444,0.0,0.0,0.0,0.0,0.0,0.0,0.0,0.0,0.5,0.0,0.0,0.0,-0.0013496900155651748,0.0,0.0,0.0,40.68650309984435,40.68650309984435,40.68650309984435,40.68650309984435,0.0009354977352252769,0.00027641060443891444,0.0,0.0,0.0,0.0009354977352252769,0.10991000090143643
8.016,0.0,0.0,0.5009376039754291,0.0,0.0,0.00027378448864621264,0.0,0.0,0.0,0.0,0.0,0.0,0.0,0.0,0.5,0.0,0.0,0.0,-0.0013492047381823413,0.0,0.0,0.0,40.68650795261818,40.68650795261818,40.68650795261818,40.68650795261818,0.0009376039754290799,0.00027378448864621264,0.0,0.0,0.0,0.0009376039754290799,0.07753400132060051
8.024000000000001,0.0,0.0,0.5009396901959009,0.0,0.0,0.00027118310271245734,0.0,0.0,0.0,0.0,0.0,0.0,0.0,0.0,0.5,0.0,0.0,0.0,-0.0013486214461083668,0.0,0.0,0.0,40.68651378553892,40.68651378553892,40.68651378553892,40.68651378553892,0.0009396901959008996,0.00027118310271245734,0.0,0.0,0.0,0.0009396901959008996,0.060619000578299165
8.032,0.0,0.0,0.500941756602665,0.0,0.0,0.0002686066512736005,0.0,0.0,0.0,0.0,0.0,0.0,0.0,0.0,0.5,0.0,0.0,0.0,-0.0013481453445362002,0.0,0.0,0.0,40.68651854655464,40.68651854655464,40.68651854655464,40.68651854655464,0.0009417566026650448,0.0002686066512736005,0.0,0.0,0.0,0.0009417566026650448,0.04261499998392537
8.040000000000001,0.0,0.0,0.5009438033683976,0.0,0.0,0.0002660544643330306,0.0,0.0,0.0,0.0,0.0,0.0,0.0,0.0,0.5,0.0,0.0,0.0,-0.0013475730758435445,0.0,0.0,0.0,40.686524269241566,40.686524269241566,40.686524269241566,40.686524269241566,0.000943803368397611,0.0002660544643330306,0.0,0.0,0.0,0.000943803368397611,0.0553720001335023
8.048,0.0,0.0,0.5009458306952288,0.0,0.0,0.00026352674224614956,0.0,0.0,0.0,0.0,0.0,0.0,0.0,0.0,0.5,0.0,0.0,0.0,-0.0013471059843634947,0.0,0.0,0.0,40.686528940156364,40.686528940156364,40.686528940156364,40.686528940156364,0.0009458306952287998,0.00026352674224614956,0.0,0.0,0.0,0.0009458306952287998,0.030021999918972142
8.056000000000001,0.0,0.0,0.5009478387525671,0.0,0.0,0.00026102282725437814,0.0,0.0,0.0,0.0,0.0,0.0,0.0,0.0,0.5,0.0,0.0,0.0,-0.0013465445486761096,0.0,0.0,0.0,40.686534554513244,40.686534554513244,40.686534554513244,40.686534554513244,0.0009478387525670984,0.00026102282725437814,0.0,0.0,0.0,0.0009478387525670984,0.030852999771013856
8.064,0.0,0.0,0.500949827738717,0.0,0.0,0.0002585429155508153,0.0,0.0,0.0,0.0,0.0,0.0,0.0,0.0,0.5,0.0,0.0,0.0,-0.0013460863017956681,0.0,0.0,0.0,40.68653913698205,40.68653913698205,40.68653913698205,40.68653913698205,0.0009498277387169907,0.0002585429155508153,0.0,0.0,0.0,0.0009498277387169907,0.019408000298426487
8.072000000000001,0.0,0.0,0.5009517978198795,0.0,0.0,0.00025608636150412025,0.0,0.0,0.0,0.0,0.0,0.0,0.0,0.0,0.5,0.0,0.0,0.0,-0.0013455355059062146,0.0,0.0,0.0,40.68654464494094,40.68654464494094,40.68654464494094,40.68654464494094,0.0009517978198795296,0.00025608636150412025,0.0,0.0,0.0,0.0009517978198795296,0.023704998966422863
8.08,0.0,0.0,0.500953749190602,0.0,0.0,0.0002536533572646209,0.0,0.0,0.0,0.0,0.0,0.0,0.0,0.0,0.5,0.0,0.0,0.0,-0.0013450859388928205,0.0,0.0,0.0,40.68654914061108,40.68654914061108,40.68654914061108,40.68654914061108,0.0009537491906019824,0.0002536533572646209,0.0,0.0,0.0,0.0009537491906019824,0.018257998817716725
8.088000000000001,0.0,0.0,0.500955682013938,0.0,0.0,0.00025124326921289813,0.0,0.0,0.0,0.0,0.0,0.0,0.0,0.0,0.5,0.0,0.0,0.0,-0.0013445455879371737,0.0,0.0,0.0,40.68655454412063,40.68655454412063,40.68655454412063,40.68655454412063,0.0009556820139380307,0.00025124326921289813,0.0,0.0,0.0,0.0009556820139380307,0.02426599894533865
8.096,0.0,0.0,0.5009575964807468,0.0,0.0,0.00024885628558907554,0.0,0.0,0.0,0.0,0.0,0.0,0.0,0.0,0.5,0.0,0.0,0.0,-0.0013441045373600025,0.0,0.0,0.0,40.686558954626406,40.686558954626406,40.686558954626406,40.686558954626406,0.0009575964807467807,0.00024885628558907554,0.0,0.0,0.0,0.0009575964807467807,0.017426000340492465
8.104000000000001,0.0,0.0,0.5009594927509939,0.0,0.0,0.0002464917846502355,0.0,0.0,0.0,0.0,0.0,0.0,0.0,0.0,0.5,0.0,0.0,0.0,-0.0013435744360457136,0.0,0.0,0.0,40.686564255639546,40.686564255639546,40.686564255639546,40.686564255639546,0.0009594927509939399,0.0002464917846502355,0.0,0.0,0.0,0.0009594927509939399,0.023320000764215365
8.112,0.0,0.0,0.5009613710119196,0.0,0.0,0.0002441499508622102,0.0,0.0,0.0,0.0,0.0,0.0,0.0,0.0,0.5,0.0,0.0,0.0,-0.0013431417402758328,0.0,0.0,0.0,40.686568582597246,40.686568582597246,40.686568582597246,40.686568582597246,0.0009613710119196206,0.0002441499508622102,0.0,0.0,0.0,0.0009613710119196206,0.01712099947326351
8.120000000000001,0.0,0.0,0.5009632314204601,0.0,0.0,0.00024183017420086026,0.0,0.0,0.0,0.0,0.0,0.0,0.0,0.0,0.5,0.0,0.0,0.0,-0.001342621694027879,0.0,0.0,0.0,40.68657378305972,40.68657378305972,40.68657378305972,40.68657378305972,0.0009632314204600645,0.00024183017420086026,0.0,0.0,0.0,0.0009632314204600645,0.022057000023778528
8.128,0.0,0.0,0.500965074160305,0.0,0.0,0.0002395326354841236,0.0,0.0,0.0,0.0,0.0,0.0,0.0,0.0,0.5,0.0,0.0,0.0,-0.0013421971936444788,0.0,0.0,0.0,40.68657802806356,40.68657802806356,40.68657802806356,40.68657802806356,0.0009650741603050017,0.0002395326354841236,0.0,0.0,0.0,0.0009650741603050017,0.015839999832678586
8.136000000000001,0.0,0.0,0.5009668993854188,0.0,0.0,0.00023725673623297685,0.0,0.0,0.0,0.0,0.0,0.0,0.0,0.0,0.5,0.0,0.0,0.0,-0.0013416870095595002,0.0,0.0,0.0,40.686583129904406,40.686583129904406,40.686583129904406,40.686583129904406,0.000966899385418829,0.00023725673623297685,0.0,0.0,0.0,0.000966899385418829,0.03394899977138266
8.144,0.0,0.0,0.5009687072760092,0.0,0.0,0.00023500265374498723,0.0,0.0,0.0,0.0,0.0,0.0,0.0,0.0,0.5,0.0,0.0,0.0,-0.0013412705476797404,0.0,0.0,0.0,40.68658729452321,40.68658729452321,40.68658729452321,40.68658729452321,0.0009687072760091731,0.00023500265374498723,0.0,0.0,0.0,0.0009687072760091731,0.024794000637484714
8.152000000000001,0.0,0.0,0.5009704979831253,0.0,0.0,0.00023276980089960802,0.0,0.0,0.0,0.0,0.0,0.0,0.0,0.0,0.5,0.0,0.0,0.0,-0.001340770035348826,0.0,0.0,0.0,40.68659229964651,40.68659229964651,40.68659229964651,40.68659229964651,0.000970497983125318,0.00023276980089960802,0.0,0.0,0.0,0.000970497983125318,0.03677800123114139
8.16,0.0,0.0,0.5009722716835596,0.0,0.0,0.0002305583515773003,0.0,0.0,0.0,0.0,0.0,0.0,0.0,0.0,0.5,0.0,0.0,0.0,-0.0013403614578645362,0.0,0.0,0.0,40.68659638542136,40.68659638542136,40.68659638542136,40.68659638542136,0.0009722716835596223,0.0002305583515773003,0.0,0.0,0.0,0.0009722716835596223,0.02636499993968755
8.168000000000001,0.0,0.0,0.5009740285255023,0.0,0.0,0.00022836772982937653,0.0,0.0,0.0,0.0,0.0,0.0,0.0,0.0,0.5,0.0,0.0,0.0,-0.0013398704299640851,0.0,0.0,0.0,40.68660129570036,40.68660129570036,40.68660129570036,40.68660129570036,0.000974028525502324,0.00022836772982937653,0.0,0.0,0.0,0.000974028525502324,0.07090700091794133
8.176,0.0,0.0,0.5009757686823966,0.0,0.0,0.00022619810621969774,0.0,0.0,0.0,0.0,0.0,0.0,0.0,0.0,0.5,0.0,0.0,0.0,-0.0013394695857248395,0.0,0.0,0.0,40.68660530414275,40.68660530414275,40.68660530414275,40.68660530414275,0.0009757686823965717,0.00022619810621969774,0.0,0.0,0.0,0.0009757686823965717,0.10987600035150535
8.184000000000001,0.0,0.0,0.500977492299628,0.0,0.0,0.00022404891576040695,0.0,0.0,0.0,0.0,0.0,0.0,0.0,0.0,0.5,0.0,0.0,0.0,-0.001338987858462204,0.0,0.0,0.0,40.686610121415384,40.686610121415384,40.686610121415384,40.686610121415384,0.0009774922996279578,0.00022404891576040695,0.0,0.0,0.0,0.0009774922996279578,0.0804840001364937
8.192,0.0,0.0,0.5009791995473551,0.0,0.0,0.00022192032578806912,0.0,0.0,0.0,0.0,0.0,0.0,0.0,0.0,0.5,0.0,0.0,0.0,-0.0013385945993368287,0.0,0.0,0.0,40.68661405400663,40.68661405400663,40.68661405400663,40.68661405400663,0.0009791995473551474,0.00022192032578806912,0.0,0.0,0.0,0.0009791995473551474,0.03483100044832099
8.2,0.0,0.0,0.500980890568213,0.0,0.0,0.00021981178207788128,0.0,0.0,0.0,0.0,0.0,0.0,0.0,0.0,0.5,0.0,0.0,0.0,-0.0013381219927179888,0.0,0.0,0.0,40.68661878007282,40.68661878007282,40.68661878007282,40.68661878007282,0.0009808905682130442,0.00021981178207788128,0.0,0.0,0.0,0.0009808905682130442,0.030481000067084096
8.208,0.0,0.0,0.500982565529139,0.0,0.0,0.00021772344881122488,0.0,0.0,0.0,0.0,0.0,0.0,0.0,0.0,0.5,0.0,0.0,0.0,-0.0013377361736449656,0.0,0.0,0.0,40.68662263826355,40.68662263826355,40.68662263826355,40.68662263826355,0.0009825655291390012,0.00021772344881122488,0.0,0.0,0.0,0.0009825655291390012,0.01987999894481618
8.216,0.0,0.0,0.5009842245700695,0.0,0.0,0.0002156547823120829,0.0,0.0,0.0,0.0,0.0,0.0,0.0,0.0,0.5,0.0,0.0,0.0,-0.001337272511590215,0.0,0.0,0.0,40.6866272748841,40.6866272748841,40.6866272748841,40.6866272748841,0.0009842245700695251,0.0002156547823120829,0.0,0.0,0.0,0.0009842245700695251,0.031101000786293298
8.224,0.0,0.0,0.5009858678547829,0.0,0.0,0.0002136059436850399,0.0,0.0,0.0,0.0,0.0,0.0,0.0,0.0,0.5,0.0,0.0,0.0,-0.0013368939905408217,0.0,0.0,0.0,40.6866310600946,40.6866310600946,40.6866310600946,40.6866310600946,0.0009858678547829403,0.0002136059436850399,0.0,0.0,0.0,0.0009858678547829403,0.034795000829035416
8.232,0.0,0.0,0.5009874955205689,0.0,0.0,0.00021157639959629724,0.0,0.0,0.0,0.0,0.0,0.0,0.0,0.0,0.5,0.0,0.0,0.0,-0.0013364391009352827,0.0,0.0,0.0,40.68663560899065,40.68663560899065,40.68663560899065,40.68663560899065,0.0009874955205688707,0.00021157639959629724,0.0,0.0,0.0,0.0009874955205688707,0.029013001039857045
8.24,0.0,0.0,0.5009891077281072,0.0,0.0,0.00020956630813602218,0.0,0.0,0.0,0.0,0.0,0.0,0.0,0.0,0.5,0.0,0.0,0.0,-0.0013360677388774,0.0,0.0,0.0,40.68663932261123,40.68663932261123,40.68663932261123,40.68663932261123,0.0009891077281072302,0.00020956630813602218,0.0,0.0,0.0,0.0009891077281072302,0.01785200038284529
8.248,0.0,0.0,0.500990704612091,0.0,0.0,0.00020757514610440173,0.0,0.0,0.0,0.0,0.0,0.0,0.0,0.0,0.5,0.0,0.0,0.0,-0.001335621453516067,0.0,0.0,0.0,40.686643785464845,40.686643785464845,40.686643785464845,40.686643785464845,0.0009907046120910534,0.00020757514610440173,0.0,0.0,0.0,0.0009907046120910534,0.0234220005950192
8.256,0.0,0.0,0.5009922863301611,0.0,0.0,0.00020560306863542002,0.0,0.0,0.0,0.0,0.0,0.0,0.0,0.0,0.5,0.0,0.0,0.0,-0.0013352571143266934,0.0,0.0,0.0,40.68664742885674,40.68664742885674,40.68664742885674,40.68664742885674,0.0009922863301611295,0.00020560306863542002,0.0,0.0,0.0,0.0009922863301611295,0.015456000255653635
8.264,0.0,0.0,0.5009938530144634,0.0,0.0,0.00020364956246558783,0.0,0.0,0.0,0.0,0.0,0.0,0.0,0.0,0.5,0.0,0.0,0.0,-0.001334895934609448,0.0,0.0,0.0,40.686651040653906,40.686651040653906,40.686651040653906,40.686651040653906,0.0009938530144634194,0.00020364956246558783,0.0,0.0,0.0,0.0009938530144634194,0.0187700006790692
8.272,0.0,0.0,0.5009954047959971,0.0,0.0,0.00020171418831534487,0.0,0.0,0.0,0.0,0.0,0.0,0.0,0.0,0.5,0.0,0.0,0.0,-0.0013344221508543308,0.0,0.0,0.0,40.686655778491456,40.686655778491456,40.686655778491456,40.686655778491456,0.0009954047959971346,0.00020171418831534487,0.0,0.0,0.0,0.0009954047959971346,0.024233999283751473
8.28,0.0,0.0,0.5009969418403426,0.0,0.0,0.00019979745928897118,0.0,0.0,0.0,0.0,0.0,0.0,0.0,0.0,0.5,0.0,0.0,0.0,-0.0013340674861442858,0.0,0.0,0.0,40.68665932513856,40.68665932513856,40.68665932513856,40.68665932513856,0.0009969418403426022,0.00019979745928897118,0.0,0.0,0.0,0.0009969418403426022,0.016582998796366155
8.288,0.0,0.0,0.5009984642761033,0.0,0.0,0.0001978988614482062,0.0,0.0,0.0,0.0,0.0,0.0,0.0,0.0,0.5,0.0,0.0,0.0,-0.001333716041099553,0.0,0.0,0.0,40.686662839589005,40.686662839589005,40.686662839589005,40.686662839589005,0.0009984642761032836,0.0001978988614482062,0.0,0.0,0.0,0.0009984642761032836,0.02104399936797563
8.296,0.0,0.0,0.5009999722307216,0.0,0.0,0.00019601795461569443,0.0,0.0,0.0,0.0,0.0,0.0,0.0,0.0,0.5,0.0,0.0,0.0,-0.001333247098185275,0.0,0.0,0.0,40.68666752901815,40.68666752901815,40.68666752901815,40.68666752901815,0.0009999722307215686,0.00019601795461569443,0.0,0.0,0.0,0.0009999722307215686,0.03135399856546428
8.304,0.0,0.0,0.5010014658677362,0.0,0.0,0.00019415528905822118,0.0,0.0,0.0,0.0,0.0,0.0,0.0,0.0,0.5,0.0,0.0,0.0,-0.0013329023327263156,0.0,0.0,0.0,40.68667097667274,40.68667097667274,40.68667097667274,40.68667097667274,0.0010014658677361954,0.00019415528905822118,0.0,0.0,0.0,0.0010014658677361954,0.017546999515616335
8.312,0.0,0.0,0.5010029453121502,0.0,0.0,0.00019231034159599393,0.0,0.0,0.0,0.0,0.0,0.0,0.0,0.0,0.5,0.0,0.0,0.0,-0.0013325608765730745,0.0,0.0,0.0,40.68667439123427,40.68667439123427,40.68667439123427,40.68667439123427,0.001002945312150172,0.00019231034159599393,0.0,0.0,0.0,0.001002945312150172,0.016231999325100332
8.32,0.0,0.0,0.5010044106877829,0.0,0.0,0.00019048266409492652,0.0,0.0,0.0,0.0,0.0,0.0,0.0,0.0,0.5,0.0,0.0,0.0,-0.0013321061264086609,0.0,0.0,0.0,40.686678938735916,40.686678938735916,40.686678938735916,40.686678938735916,0.0010044106877828973,0.00019048266409492652,0.0,0.0,0.0,0.0010044106877828973,0.0261289987975033
8.328,0.0,0.0,0.5010058621532573,0.0,0.0,0.0001886727681351182,0.0,0.0,0.0,0.0,0.0,0.0,0.0,0.0,0.5,0.0,0.0,0.0,-0.0013317714093507016,0.0,0.0,0.0,40.68668228590649,40.68668228590649,40.68668228590649,40.68668228590649,0.0010058621532572642,0.0001886727681351182,0.0,0.0,0.0,0.0010058621532572642,0.021139001546544023
8.336,0.0,0.0,0.5010072998299457,0.0,0.0,0.00018688013171999187,0.0,0.0,0.0,0.0,0.0,0.0,0.0,0.0,0.5,0.0,0.0,0.0,-0.0013314399875112848,0.0,0.0,0.0,40.68668560012489,40.68668560012489,40.68668560012489,40.68668560012489,0.0010072998299457403,0.00018688013171999187,0.0,0.0,0.0,0.0010072998299457403,0.02999099888256751
8.344,0.0,0.0,0.5010087238380464,0.0,0.0,0.00018510430789247,0.0,0.0,0.0,0.0,0.0,0.0,0.0,0.0,0.5,0.0,0.0,0.0,-0.0013310012090770318,0.0,0.0,0.0,40.68668998790923,40.68668998790923,40.68668998790923,40.68668998790923,0.0010087238380463992,0.00018510430789247,0.0,0.0,0.0,0.0010087238380463992,0.036843000998487696
8.352,0.0,0.0,0.5010101343307329,0.0,0.0,0.0001833457634774146,0.0,0.0,0.0,0.0,0.0,0.0,0.0,0.0,0.5,0.0,0.0,0.0,-0.001330676398781927,0.0,0.0,0.0,40.68669323601218,40.68669323601218,40.68669323601218,40.68669323601218,0.001010134330732937,0.0001833457634774146,0.0,0.0,0.0,0.001010134330732937,0.04291799996281043
8.36,0.0,0.0,0.5010115314258078,0.0,0.0,0.00018160398765320988,0.0,0.0,0.0,0.0,0.0,0.0,0.0,0.0,0.5,0.0,0.0,0.0,-0.0013303547879084388,0.0,0.0,0.0,40.68669645212092,40.68669645212092,40.68669645212092,40.68669645212092,0.0010115314258077879,0.00018160398765320988,0.0,0.0,0.0,0.0010115314258077879,0.05301400051394012
8.368,0.0,0.0,0.5010129152399327,0.0,0.0,0.00017987854324645364,0.0,0.0,0.0,0.0,0.0,0.0,0.0,0.0,0.5,0.0,0.0,0.0,-0.0013299313829954196,0.0,0.0,0.0,40.68670068617005,40.68670068617005,40.68670068617005,40.68670068617005,0.0010129152399327435,0.00017987854324645364,0.0,0.0,0.0,0.0010129152399327435,0.05693599996448029
8.376,0.0,0.0,0.5010142859210335,0.0,0.0,0.00017816986211546438,0.0,0.0,0.0,0.0,0.0,0.0,0.0,0.0,0.5,0.0,0.0,0.0,-0.0013296161408646867,0.0,0.0,0.0,40.686703838591356,40.686703838591356,40.686703838591356,40.686703838591356,0.0010142859210334754,0.00017816986211546438,0.0,0.0,0.0,0.0010142859210334754,0.06138599928817712
8.384,0.0,0.0,0.5010156435834626,0.0,0.0,0.0001764774504210352,0.0,0.0,0.0,0.0,0.0,0.0,0.0,0.0,0.5,0.0,0.0,0.0,-0.0013293039639686866,0.0,0.0,0.0,40.68670696036032,40.68670696036032,40.68670696036032,40.68670696036032,0.001015643583462622,0.0001764774504210352,0.0,0.0,0.0,0.001015643583462622,0.024095999833662063
8.392,0.0,0.0,0.5010169883404783,0.0,0.0,0.00017480088572760893,0.0,0.0,0.0,0.0,0.0,0.0,0.0,0.0,0.5,0.0,0.0,0.0,-0.0013288947158990316,0.0,0.0,0.0,40.68671105284101,40.68671105284101,40.68671105284101,40.68671105284101,0.0010169883404782531,0.00017480088572760893,0.0,0.0,0.0,0.0010169883404782531,0.02892399970733095
8.4,0.0,0.0,0.501018320335149,0.0,0.0,0.00017314057535167062,0.0,0.0,0.0,0.0,0.0,0.0,0.0,0.0,0.5,0.0,0.0,0.0,-0.0013285886251755974,0.0,0.0,0.0,40.686714113748245,40.686714113748245,40.686714113748245,40.686714113748245,0.0010183203351490366,0.00017314057535167062,0.0,0.0,0.0,0.0010183203351490366,0.01804000021365937
8.408,0.0,0.0,0.5010196396785218,0.0,0.0,0.00017149604460069723,0.0,0.0,0.0,0.0,0.0,0.0,0.0,0.0,0.5,0.0,0.0,0.0,-0.0013282854592415738,0.0,0.0,0.0,40.686717145407584,40.686717145407584,40.686717145407584,40.686717145407584,0.001019639678521811,0.00017149604460069723,0.0,0.0,0.0,0.001019639678521811,0.039913000364322215
8.416,0.0,0.0,0.5010209464805964,0.0,0.0,0.00016986688754435758,0.0,0.0,0.0,0.0,0.0,0.0,0.0,0.0,0.5,0.0,0.0,0.0,-0.0013278891314891794,0.0,0.0,0.0,40.68672110868511,40.68672110868511,40.68672110868511,40.68672110868511,0.001020946480596363,0.00016986688754435758,0.0,0.0,0.0,0.001020946480596363,0.03157500032102689
8.424,0.0,0.0,0.5010222408799809,0.0,0.0,0.00016825349464963944,0.0,0.0,0.0,0.0,0.0,0.0,0.0,0.0,0.5,0.0,0.0,0.0,-0.0013275917777141322,0.0,0.0,0.0,40.68672408222286,40.68672408222286,40.68672408222286,40.68672408222286,0.001022240879980929,0.00016825349464963944,0.0,0.0,0.0,0.001022240879980929,0.020931000108248554
8.432,0.0,0.0,0.5010235229845587,0.0,0.0,0.00016665541016287562,0.0,0.0,0.0,0.0,0.0,0.0,0.0,0.0,0.5,0.0,0.0,0.0,-0.0013272972196214372,0.0,0.0,0.0,40.68672702780379,40.68672702780379,40.68672702780379,40.68672702780379,0.0010235229845586558,0.00016665541016287562,0.0,0.0,0.0,0.0010235229845586558,0.12126599904149771
8.44,0.0,0.0,0.5010247929012096,0.0,0.0,0.00016507224440399844,0.0,0.0,0.0,0.0,0.0,0.0,0.0,0.0,0.5,0.0,0.0,0.0,-0.0013269127518165114,0.0,0.0,0.0,40.68673087248184,40.68673087248184,40.68673087248184,40.68673087248184,0.0010247929012096035,0.00016507224440399844,0.0,0.0,0.0,0.0010247929012096035,0.08641900058137253
8.448,0.0,0.0,0.5010260507644229,0.0,0.0,0.00016350437585457983,0.0,0.0,0.0,0.0,0.0,0.0,0.0,0.0,0.5,0.0,0.0,0.0,-0.0013266237634076417,0.0,0.0,0.0,40.686733762365925,40.686733762365925,40.686733762365925,40.686733762365925,0.001026050764422859,0.00016350437585457983,0.0,0.0,0.0,0.001026050764422859,0.05884100028197281
8.456,0.0,0.0,0.501027296679046,0.0,0.0,0.0001619513662621187,0.0,0.0,0.0,0.0,0.0,0.0,0.0,0.0,0.5,0.0,0.0,0.0,-0.0013263374596758082,0.0,0.0,0.0,40.68673662540324,40.68673662540324,40.68673662540324,40.68673662540324,0.001027296679045997,0.0001619513662621187,0.0,0.0,0.0,0.001027296679045997,0.028598999051610008
8.464,0.0,0.0,0.5010285307489619,0.0,0.0,0.00016041284090776673,0.0,0.0,0.0,0.0,0.0,0.0,0.0,0.0,0.5,0.0,0.0,0.0,-0.0013259640143878926,0.0,0.0,0.0,40.686740359856124,40.686740359856124,40.686740359856124,40.686740359856124,0.00102853074896192,0.00016041284090776673,0.0,0.0,0.0,0.00102853074896192,0.059624000641633756
8.472,0.0,0.0,0.5010297531048119,0.0,0.0,0.00015888916897580517,0.0,0.0,0.0,0.0,0.0,0.0,0.0,0.0,0.5,0.0,0.0,0.0,-0.0013256830752743642,0.0,0.0,0.0,40.68674316924726,40.68674316924726,40.68674316924726,40.68674316924726,0.0010297531048119035,0.00015888916897580517,0.0,0.0,0.0,0.0010297531048119035,0.06456899973272812
8.48,0.0,0.0,0.5010309638485185,0.0,0.0,0.0001573799278462795,0.0,0.0,0.0,0.0,0.0,0.0,0.0,0.0,0.5,0.0,0.0,0.0,-0.0013254047280985004,0.0,0.0,0.0,40.686745952719015,40.686745952719015,40.686745952719015,40.686745952719015,0.001030963848518529,0.0001573799278462795,0.0,0.0,0.0,0.001030963848518529,0.054213000112213194
8.488,0.0,0.0,0.5010321630810721,0.0,0.0,0.0001558847561168963,0.0,0.0,0.0,0.0,0.0,0.0,0.0,0.0,0.5,0.0,0.0,0.0,-0.001325041677428529,0.0,0.0,0.0,40.68674958322572,40.68674958322572,40.68674958322572,40.68674958322572,0.0010321630810721238,0.0001558847561168963,0.0,0.0,0.0,0.0010321630810721238,0.06883300011395477
8.496,0.0,0.0,0.5010333509294725,0.0,0.0,0.00015440401490399066,0.0,0.0,0.0,0.0,0.0,0.0,0.0,0.0,0.5,0.0,0.0,0.0,-0.0013247685235322493,0.0,0.0,0.0,40.68675231476468,40.68675231476468,40.68675231476468,40.68675231476468,0.001033350929472543,0.00015440401490399066,0.0,0.0,0.0,0.001033350929472543,0.03314000059617683
8.504,0.0,0.0,0.5010345274928112,0.0,0.0,0.00015293729538932407,0.0,0.0,0.0,0.0,0.0,0.0,0.0,0.0,0.5,0.0,0.0,0.0,-0.0013244978839469512,0.0,0.0,0.0,40.686755021160536,40.686755021160536,40.686755021160536,40.686755021160536,0.001034527492811188,0.00015293729538932407,0.0,0.0,0.0,0.001034527492811188,0.034979999327333644
8.512,0.0,0.0,0.5010356928692746,0.0,0.0,0.00015148424789748527,0.0,0.0,0.0,0.0,0.0,0.0,0.0,0.0,0.5,0.0,0.0,0.0,-0.0013241447716138,0.0,0.0,0.0,40.68675855228386,40.68675855228386,40.68675855228386,40.68675855228386,0.0010356928692746292,0.00015148424789748527,0.0,0.0,0.0,0.0010356928692746292,0.031642999601899646
8.52,0.0,0.0,0.5010368471823744,0.0,0.0,0.00015004522581227994,0.0,0.0,0.0,0.0,0.0,0.0,0.0,0.0,0.5,0.0,0.0,0.0,-0.0013238791798469984,0.0,0.0,0.0,40.68676120820153,40.68676120820153,40.68676120820153,40.68676120820153,0.0010368471823744008,0.00015004522581227994,0.0,0.0,0.0,0.0010368471823744008,0.0313279997499194
8.528,0.0,0.0,0.5010379905284512,0.0,0.0,0.00014861983257019823,0.0,0.0,0.0,0.0,0.0,0.0,0.0,0.0,0.5,0.0,0.0,0.0,-0.001323616035588171,0.0,0.0,0.0,40.68676383964412,40.68676383964412,40.68676383964412,40.68676383964412,0.0010379905284512159,0.00014861983257019823,0.0,0.0,0.0,0.0010379905284512159,0.029277000066940673
8.536,0.0,0.0,0.5010391230029653,0.0,0.0,0.0001472077289075107,0.0,0.0,0.0,0.0,0.0,0.0,0.0,0.0,0.5,0.0,0.0,0.0,-0.0013232725316398852,0.0,0.0,0.0,40.6867672746836,40.6867672746836,40.6867672746836,40.6867672746836,0.0010391230029652698,0.0001472077289075107,0.0,0.0,0.0,0.0010391230029652698,0.03231499977118801
8.544,0.0,0.0,0.5010402447260531,0.0,0.0,0.00014580926032251,0.0,0.0,0.0,0.0,0.0,0.0,0.0,0.0,0.5,0.0,0.0,0.0,-0.0013230143070198652,0.0,0.0,0.0,40.68676985692981,40.68676985692981,40.68676985692981,40.68676985692981,0.00104024472605313,0.00014580926032251,0.0,0.0,0.0,0.00104024472605313,0.021394000214058906
8.552,0.0,0.0,0.5010413557913765,0.0,0.0,0.00014442404134329683,0.0,0.0,0.0,0.0,0.0,0.0,0.0,0.0,0.5,0.0,0.0,0.0,-0.0013227584698188855,0.0,0.0,0.0,40.68677241530182,40.68677241530182,40.68677241530182,40.68677241530182,0.0010413557913765414,0.00014442404134329683,0.0,0.0,0.0,0.0010413557913765414,0.016532998415641487
8.56,0.0,0.0,0.5010424562917389,0.0,0.0,0.00014305174213449152,0.0,0.0,0.0,0.0,0.0,0.0,0.0,0.0,0.5,0.0,0.0,0.0,-0.0013224243273667335,0.0,0.0,0.0,40.686775756726334,40.686775756726334,40.686775756726334,40.686775756726334,0.0010424562917389357,0.00014305174213449152,0.0,0.0,0.0,0.0010424562917389357,0.022206000721780583
8.568,0.0,0.0,0.5010435463439894,0.0,0.0,0.0001416926999691738,0.0,0.0,0.0,0.0,0.0,0.0,0.0,0.0,0.5,0.0,0.0,0.0,-0.001322173291446349,0.0,0.0,0.0,40.686778267085536,40.686778267085536,40.686778267085536,40.686778267085536,0.0010435463439893988,0.0001416926999691738,0.0,0.0,0.0,0.0010435463439893988,0.018676999388844706
8.576,0.0,0.0,0.501044626039177,0.0,0.0,0.0001403465396650636,0.0,0.0,0.0,0.0,0.0,0.0,0.0,0.0,0.5,0.0,0.0,0.0,-0.0013219245862750029,0.0,0.0,0.0,40.68678075413725,40.68678075413725,40.68678075413725,40.68678075413725,0.001044626039176988,0.0001403465396650636,0.0,0.0,0.0,0.001044626039176988,0.01625199911359232
8.584,0.0,0.0,0.5010456954675134,0.0,0.0,0.00013901294014310582,0.0,0.0,0.0,0.0,0.0,0.0,0.0,0.0,0.5,0.0,0.0,0.0,-0.001321599605333179,0.0,0.0,0.0,40.68678400394667,40.68678400394667,40.68678400394667,40.68678400394667,0.00104569546751343,0.00013901294014310582,0.0,0.0,0.0,0.00104569546751343,0.02324799970665481
8.592,0.0,0.0,0.501046754742633,0.0,0.0,0.00013769223010496245,0.0,0.0,0.0,0.0,0.0,0.0,0.0,0.0,0.5,0.0,0.0,0.0,-0.001321355587349693,0.0,0.0,0.0,40.686786444126504,40.686786444126504,40.686786444126504,40.686786444126504,0.0010467547426330492,0.00013769223010496245,0.0,0.0,0.0,0.0010467547426330492,0.01688799966359511
8.6,0.0,0.0,0.5010478039530359,0.0,0.0,0.00013638404415628586,0.0,0.0,0.0,0.0,0.0,0.0,0.0,0.0,0.5,0.0,0.0,0.0,-0.0013211138445887727,0.0,0.0,0.0,40.68678886155411,40.68678886155411,40.68678886155411,40.68678886155411,0.0010478039530359418,0.00013638404415628586,0.0,0.0,0.0,0.0010478039530359418,0.06274499901337549
8.608,0.0,0.0,0.5010488431864052,0.0,0.0,0.00013508806955624646,0.0,0.0,0.0,0.0,0.0,0.0,0.0,0.0,0.5,0.0,0.0,0.0,-0.0013208739994534646,0.0,0.0,0.0,40.68679126000547,40.68679126000547,40.68679126000547,40.68679126000547,0.0010488431864051906,0.00013508806955624646,0.0,0.0,0.0,0.0010488431864051906,0.02794499960145913
8.616,0.0,0.0,0.5010498725297243,0.0,0.0,0.00013380403862341556,0.0,0.0,0.0,0.0,0.0,0.0,0.0,0.0,0.5,0.0,0.0,0.0,-0.001320533847173344,0.0,0.0,0.0,40.68679466152827,40.68679466152827,40.68679466152827,40.68679466152827,0.0010498725297243272,0.00013380403862341556,0.0,0.0,0.0,0.0010498725297243272,0.03811400165432133
8.624,0.0,0.0,0.5010508921008203,0.0,0.0,0.0001325325082986001,0.0,0.0,0.0,0.0,0.0,0.0,0.0,0.0,0.5,0.0,0.0,0.0,-0.0013202984071870594,0.0,0.0,0.0,40.686797015928136,40.686797015928136,40.686797015928136,40.686797015928136,0.001050892100820322,0.0001325325082986001,0.0,0.0,0.0,0.001050892100820322,0.12185299965494778
8.632,0.0,0.0,0.5010519019850509,0.0,0.0,0.00013127311240323063,0.0,0.0,0.0,0.0,0.0,0.0,0.0,0.0,0.5,0.0,0.0,0.0,-0.0013200652984806105,0.0,0.0,0.0,40.686799347015196,40.686799347015196,40.686799347015196,40.686799347015196,0.001051901985050896,0.00013127311240323063,0.0,0.0,0.0,0.001051901985050896,0.08777699986239895
8.64,0.0,0.0,0.5010529022669437,0.0,0.0,0.0001300255372415851,0.0,0.0,0.0,0.0,0.0,0.0,0.0,0.0,0.5,0.0,0.0,0.0,-0.0013198341355936671,0.0,0.0,0.0,40.686801658644065,40.686801658644065,40.686801658644065,40.686801658644065,0.001052902266943656,0.0001300255372415851,0.0,0.0,0.0,0.001052902266943656,0.04750799962494057
8.648,0.0,0.0,0.5010538930303157,0.0,0.0,0.00012878951409353985,0.0,0.0,0.0,0.0,0.0,0.0,0.0,0.0,0.5,0.0,0.0,0.0,-0.001319500760638359,0.0,0.0,0.0,40.68680499239362,40.68680499239362,40.68680499239362,40.68680499239362,0.0010538930303156668,0.00012878951409353985,0.0,0.0,0.0,0.0010538930303156668,0.04059400089317933
8.656,0.0,0.0,0.5010548743904196,0.0,0.0,0.0001275656138737707,0.0,0.0,0.0,0.0,0.0,0.0,0.0,0.0,0.5,0.0,0.0,0.0,-0.001319274102730028,0.0,0.0,0.0,40.6868072589727,40.6868072589727,40.6868072589727,40.6868072589727,0.0010548743904196245,0.0001275656138737707,0.0,0.0,0.0,0.0010548743904196245,0.021956000637146644
8.664,0.0,0.0,0.5010558464294238,0.0,0.0,0.000126353466203438,0.0,0.0,0.0,0.0,0.0,0.0,0.0,0.0,0.5,0.0,0.0,0.0,-0.0013190498221370417,0.0,0.0,0.0,40.68680950177863,40.68680950177863,40.68680950177863,40.68680950177863,0.0010558464294238012,0.000126353466203438,0.0,0.0,0.0,0.0010558464294238012,0.021178999304538593
8.672,0.0,0.0,0.5010568092286558,0.0,0.0,0.00012515275376292646,0.0,0.0,0.0,0.0,0.0,0.0,0.0,0.0,0.5,0.0,0.0,0.0,-0.0013188275207595135,0.0,0.0,0.0,40.686811724792406,40.686811724792406,40.686811724792406,40.686811724792406,0.0010568092286558084,0.00012515275376292646,0.0,0.0,0.0,0.0010568092286558084,0.02056700031971559
8.68,0.0,0.0,0.501057762868727,0.0,0.0,0.0001239632047914435,0.0,0.0,0.0,0.0,0.0,0.0,0.0,0.0,0.5,0.0,0.0,0.0,-0.0013185074936582497,0.0,0.0,0.0,40.68681492506342,40.68681492506342,40.68681492506342,40.68681492506342,0.0010577628687270524,0.0001239632047914435,0.0,0.0,0.0,0.0010577628687270524,0.025064999135793187
8.688,0.0,0.0,0.5010587074603038,0.0,0.0,0.0001227853532515213,0.0,0.0,0.0,0.0,0.0,0.0,0.0,0.0,0.5,0.0,0.0,0.0,-0.001318289666883965,0.0,0.0,0.0,40.686817103331165,40.686817103331165,40.686817103331165,40.686817103331165,0.0010587074603037872,0.0001227853532515213,0.0,0.0,0.0,0.0010587074603037872,0.01749500006553717
8.696,0.0,0.0,0.501059643082368,0.0,0.0,0.00012161883420516084,0.0,0.0,0.0,0.0,0.0,0.0,0.0,0.0,0.5,0.0,0.0,0.0,-0.0013180741685936415,0.0,0.0,0.0,40.68681925831407,40.68681925831407,40.68681925831407,40.68681925831407,0.0010596430823679448,0.00012161883420516084,0.0,0.0,0.0,0.0010596430823679448,0.05836000127601437
8.704,0.0,0.0,0.5010605698130801,0.0,0.0,0.00012046333516836717,0.0,0.0,0.0,0.0,0.0,0.0,0.0,0.0,0.5,0.0,0.0,0.0,-0.0013178606029754514,0.0,0.0,0.0,40.68682139397025,40.68682139397025,40.68682139397025,40.68682139397025,0.0010605698130801144,0.00012046333516836717,0.0,0.0,0.0,0.0010605698130801144,0.0183810007001739
8.712,0.0,0.0,0.5010614877299028,0.0,0.0,0.00011931858870125909,0.0,0.0,0.0,0.0,0.0,0.0,0.0,0.0,0.5,0.0,0.0,0.0,-0.0013175551179394063,0.0,0.0,0.0,40.68682444882061,40.68682444882061,40.68682444882061,40.68682444882061,0.001061487729902777,0.00011931858870125909,0.0,0.0,0.0,0.001061487729902777,0.023206999685498886
8.72,0.0,0.0,0.5010623969385659,0.0,0.0,0.00011818508753939742,0.0,0.0,0.0,0.0,0.0,0.0,0.0,0.0,0.5,0.0,0.0,0.0,-0.0013173458545646666,0.0,0.0,0.0,40.68682654145436,40.68682654145436,40.68682654145436,40.68682654145436,0.0010623969385659127,0.00011818508753939742,0.0,0.0,0.0,0.0010623969385659127,0.017176000255858526
8.728,0.0,0.0,0.5010632975149663,0.0,0.0,0.00011706248004007656,0.0,0.0,0.0,0.0,0.0,0.0,0.0,0.0,0.5,0.0,0.0,0.0,-0.0013171388097504844,0.0,0.0,0.0,40.6868286119025,40.6868286119025,40.6868286119025,40.6868286119025,0.001063297514966255,0.00011706248004007656,0.0,0.0,0.0,0.001063297514966255,0.020618999769794755
8.736,0.0,0.0,0.5010641895342174,0.0,0.0,0.00011595046531032887,0.0,0.0,0.0,0.0,0.0,0.0,0.0,0.0,0.5,0.0,0.0,0.0,-0.001316933602076853,0.0,0.0,0.0,40.68683066397924,40.68683066397924,40.68683066397924,40.68683066397924,0.0010641895342173857,0.00011595046531032887,0.0,0.0,0.0,0.0010641895342173857,0.02441400101815816
8.744,0.0,0.0,0.5010650730707682,0.0,0.0,0.00011484878601853702,0.0,0.0,0.0,0.0,0.0,0.0,0.0,0.0,0.5,0.0,0.0,0.0,-0.0013166419487672387,0.0,0.0,0.0,40.68683358051233,40.68683358051233,40.68683358051233,40.68683358051233,0.0010650730707681966,0.00011484878601853702,0.0,0.0,0.0,0.0010650730707681966,0.02952700015157461
8.752,0.0,0.0,0.5010659482256495,0.0,0.0,0.00011375790084835886,0.0,0.0,0.0,0.0,0.0,0.0,0.0,0.0,0.5,0.0,0.0,0.0,-0.0013164408069400446,0.0,0.0,0.0,40.6868355919306,40.6868355919306,40.6868355919306,40.6868355919306,0.0010659482256495378,0.00011375790084835886,0.0,0.0,0.0,0.0010659482256495378,0.018651999198482372
8.76,0.0,0.0,0.5010668150718277,0.0,0.0,0.00011267747513297305,0.0,0.0,0.0,0.0,0.0,0.0,0.0,0.0,0.5,0.0,0.0,0.0,-0.00131624175503664,0.0,0.0,0.0,40.686837582449634,40.686837582449634,40.686837582449634,40.686837582449634,0.0010668150718277092,0.00011267747513297305,0.0,0.0,0.0,0.0010668150718277092,0.01573999907122925
8.768,0.0,0.0,0.5010676736815289,0.0,0.0,0.00011160722263703656,0.0,0.0,0.0,0.0,0.0,0.0,0.0,0.0,0.5,0.0,0.0,0.0,-0.0013160444317302789,0.0,0.0,0.0,40.6868395556827,40.6868395556827,40.6868395556827,40.6868395556827,0.0010676736815289356,0.00011160722263703656,0.0,0.0,0.0,0.0010676736815289356,0.0165940000442788
8.776,0.0,0.0,0.5010685241263524,0.0,0.0,0.00011054689869594495,0.0,0.0,0.0,0.0,0.0,0.0,0.0,0.0,0.5,0.0,0.0,0.0,-0.0013157653382465107,0.0,0.0,0.0,40.68684234661754,40.68684234661754,40.68684234661754,40.68684234661754,0.0010685241263523881,0.00011054689869594495,0.0,0.0,0.0,0.0010685241263523881,0.02499999936844688
8.784,0.0,0.0,0.5010693665030398,0.0,0.0,0.00010949693614186334,0.0,0.0,0.0,0.0,0.0,0.0,0.0,0.0,0.5,0.0,0.0,0.0,-0.0013155718432105168,0.0,0.0,0.0,40.6868442815679,40.6868442815679,40.6868442815679,40.6868442815679,0.0010693665030397925,0.00010949693614186334,0.0,0.0,0.0,0.0010693665030397925,0.016959000276983716
8.792,0.0,0.0,0.5010702008817901,0.0,0.0,0.00010845701767134304,0.0,0.0,0.0,0.0,0.0,0.0,0.0,0.0,0.5,0.0,0.0,0.0,-0.001315380317478576,0.0,0.0,0.0,40.686846196825215,40.686846196825215,40.686846196825215,40.686846196825215,0.0010702008817901065,0.00010845701767134304,0.0,0.0,0.0,0.0010702008817901065,0.022170999727677554
8.8,0.0,0.0,0.5010710273321032,0.0,0.0,0.00010742687196392049,0.0,0.0,0.0,0.0,0.0,0.0,0.0,0.0,0.5,0.0,0.0,0.0,-0.0013151904205845888,0.0,0.0,0.0,40.686848095794154,40.686848095794154,40.686848095794154,40.686848095794154,0.0010710273321031805,0.00010742687196392049,0.0,0.0,0.0,0.0010710273321031805,0.06089999988034833
8.808,0.0,0.0,0.5010718459228859,0.0,0.0,0.00010640626713899034,0.0,0.0,0.0,0.0,0.0,0.0,0.0,0.0,0.5,0.0,0.0,0.0,-0.0013149226184258067,0.0,0.0,0.0,40.68685077381574,40.68685077381574,40.68685077381574,40.68685077381574,0.0010718459228858945,0.00010640626713899034,0.0,0.0,0.0,0.0010718459228858945,0.06089799899200443
8.816,0.0,0.0,0.5010726567469986,0.0,0.0,0.00010539561652969625,0.0,0.0,0.0,0.0,0.0,0.0,0.0,0.0,0.5,0.0,0.0,0.0,-0.0013147363427835623,0.0,0.0,0.0,40.68685263657217,40.68685263657217,40.68685263657217,40.68685263657217,0.0010726567469986348,0.00010539561652969625,0.0,0.0,0.0,0.0010726567469986348,0.03839800046989694
8.824,0.0,0.0,0.5010734598720206,0.0,0.0,0.00010439461877203214,0.0,0.0,0.0,0.0,0.0,0.0,0.0,0.0,0.5,0.0,0.0,0.0,-0.0013145519348719548,0.0,0.0,0.0,40.686854480651284,40.686854480651284,40.686854480651284,40.686854480651284,0.0010734598720205657,0.00010439461877203214,0.0,0.0,0.0,0.0010734598720205657,0.072426000770065
8.832,0.0,0.0,0.5010742553648666,0.0,0.0,0.00010340301616861439,0.0,0.0,0.0,0.0,0.0,0.0,0.0,0.0,0.5,0.0,0.0,0.0,-0.0013143690730932356,0.0,0.0,0.0,40.68685630926907,40.68685630926907,40.68685630926907,40.68685630926907,0.0010742553648666053,0.00010340301616861439,0.0,0.0,0.0,0.0010742553648666053,0.04985799932910595
8.84,0.0,0.0,0.5010750432918877,0.0,0.0,0.00010242058846172142,0.0,0.0,0.0,0.0,0.0,0.0,0.0,0.0,0.5,0.0,0.0,0.0,-0.0013141875005243664,0.0,0.0,0.0,40.68685812499476,40.68685812499476,40.68685812499476,40.68685812499476,0.0010750432918876784,0.00010242058846172142,0.0,0.0,0.0,0.0010750432918876784,0.0607980000495445
8.848,0.0,0.0,0.5010758237189504,0.0,0.0,0.0001014471473381763,0.0,0.0,0.0,0.0,0.0,0.0,0.0,0.0,0.5,0.0,0.0,0.0,-0.001313911568062709,0.0,0.0,0.0,40.68686088431937,40.68686088431937,40.68686088431937,40.68686088431937,0.0010758237189504305,0.0001014471473381763,0.0,0.0,0.0,0.0010758237189504305,0.07342800017795525
8.856,0.0,0.0,0.5010765967409573,0.0,0.0,0.00010048326804179955,0.0,0.0,0.0,0.0,0.0,0.0,0.0,0.0,0.5,0.0,0.0,0.0,-0.001313733367139136,0.0,0.0,0.0,40.68686266632861,40.68686266632861,40.68686266632861,40.68686266632861,0.0010765967409572808,0.00010048326804179955,0.0,0.0,0.0,0.0010765967409572808,0.06442900121328421
8.864,0.0,0.0,0.5010773624225255,0.0,0.0,9.952865363993643e-05,0.0,0.0,0.0,0.0,0.0,0.0,0.0,0.0,0.5,0.0,0.0,0.0,-0.0013135570553606257,0.0,0.0,0.0,40.686864429446395,40.686864429446395,40.686864429446395,40.686864429446395,0.0010773624225255407,9.952865363993643e-05,0.0,0.0,0.0,0.0010773624225255407,0.06215499888639897
8.872,0.0,0.0,0.5010781208276055,0.0,0.0,9.858304991093044e-05,0.0,0.0,0.0,0.0,0.0,0.0,0.0,0.0,0.5,0.0,0.0,0.0,-0.001313382311424638,0.0,0.0,0.0,40.68686617688576,40.68686617688576,40.68686617688576,40.68686617688576,0.0010781208276054999,9.858304991093044e-05,0.0,0.0,0.0,0.0010781208276054999,0.059591999161057174
8.88,0.0,0.0,0.5010788720195807,0.0,0.0,9.764623930821808e-05,0.0,0.0,0.0,0.0,0.0,0.0,0.0,0.0,0.5,0.0,0.0,0.0,-0.0013132088773548656,0.0,0.0,0.0,40.68686791122646,40.68686791122646,40.68686791122646,40.68686791122646,0.001078872019580679,9.764623930821808e-05,0.0,0.0,0.0,0.001078872019580679,0.12139200043748133
8.888,0.0,0.0,0.5010796160613478,0.0,0.0,9.671803562374541e-05,0.0,0.0,0.0,0.0,0.0,0.0,0.0,0.0,0.5,0.0,0.0,0.0,-0.0013129410602026326,0.0,0.0,0.0,40.68687058939798,40.68687058939798,40.68687058939798,40.68687058939798,0.0010796160613477657,9.671803562374541e-05,0.0,0.0,0.0,0.0010796160613477657,0.09136299922829494
8.896,0.0,0.0,0.5010803530448502,0.0,0.0,9.579901606017753e-05,0.0,0.0,0.0,0.0,0.0,0.0,0.0,0.0,0.5,0.0,0.0,0.0,-0.0013127710324858377,0.0,0.0,0.0,40.686872289675144,40.686872289675144,40.686872289675144,40.686872289675144,0.001080353044850213,9.579901606017753e-05,0.0,0.0,0.0,0.001080353044850213,0.04197200178168714
8.904,0.0,0.0,0.5010810830317324,0.0,0.0,9.488888490224881e-05,0.0,0.0,0.0,0.0,0.0,0.0,0.0,0.0,0.5,0.0,0.0,0.0,-0.0013126029063996736,0.0,0.0,0.0,40.686873970936006,40.686873970936006,40.686873970936006,40.686873970936006,0.0010810830317323772,9.488888490224881e-05,0.0,0.0,0.0,0.0010810830317323772,0.02837000101862941
8.912,0.0,0.0,0.5010818060829716,0.0,0.0,9.398738890218065e-05,0.0,0.0,0.0,0.0,0.0,0.0,0.0,0.0,0.5,0.0,0.0,0.0,-0.0013124363565253372,0.0,0.0,0.0,40.68687563643475,40.68687563643475,40.68687563643475,40.68687563643475,0.0010818060829715925,9.398738890218065e-05,0.0,0.0,0.0,0.0010818060829715925,0.03650399958132766
8.92,0.0,0.0,0.5010825222589796,0.0,0.0,9.309431132307604e-05,0.0,0.0,0.0,0.0,0.0,0.0,0.0,0.0,0.5,0.0,0.0,0.0,-0.001312271120483488,0.0,0.0,0.0,40.686877288795166,40.686877288795166,40.686877288795166,40.686877288795166,0.0010825222589796457,9.309431132307604e-05,0.0,0.0,0.0,0.0010825222589796457,0.05577400042966474
8.928,0.0,0.0,0.5010832316196844,0.0,0.0,9.220946667674605e-05,0.0,0.0,0.0,0.0,0.0,0.0,0.0,0.0,0.5,0.0,0.0,0.0,-0.0013120163033103482,0.0,0.0,0.0,40.6868798369669,40.6868798369669,40.6868798369669,40.6868798369669,0.0010832316196843772,9.220946667674605e-05,0.0,0.0,0.0,0.0010832316196843772,0.05798799975309521
8.936,0.0,0.0,0.5010839342525819,0.0,0.0,9.13333957796801e-05,0.0,0.0,0.0,0.0,0.0,0.0,0.0,0.0,0.5,0.0,0.0,0.0,-0.0013118543997970855,0.0,0.0,0.0,40.686881456002034,40.686881456002034,40.686881456002034,40.686881456002034,0.0010839342525819085,9.13333957796801e-05,0.0,0.0,0.0,0.0010839342525819085,0.08205499943869654
8.944,0.0,0.0,0.50108463021638,0.0,0.0,9.046581157465166e-05,0.0,0.0,0.0,0.0,0.0,0.0,0.0,0.0,0.5,0.0,0.0,0.0,-0.0013116943341340281,0.0,0.0,0.0,40.686883056658665,40.686883056658665,40.686883056658665,40.686883056658665,0.0010846302163799448,9.046581157465166e-05,0.0,0.0,0.0,0.0010846302163799448,0.03227100023650564
8.952,0.0,0.0,0.5010853195691428,0.0,0.0,8.960646833153899e-05,0.0,0.0,0.0,0.0,0.0,0.0,0.0,0.0,0.5,0.0,0.0,0.0,-0.0013115357884002643,0.0,0.0,0.0,40.686884642116,40.686884642116,40.686884642116,40.686884642116,0.0010853195691428175,8.960646833153899e-05,0.0,0.0,0.0,0.0010853195691428175,0.024343000404769555
8.96,0.0,0.0,0.5010860023683903,0.0,0.0,8.875515585211947e-05,0.0,0.0,0.0,0.0,0.0,0.0,0.0,0.0,0.5,0.0,0.0,0.0,-0.0013113785060359096,0.0,0.0,0.0,40.68688621493964,40.68688621493964,40.68688621493964,40.68688621493964,0.001086002368390293,8.875515585211947e-05,0.0,0.0,0.0,0.001086002368390293,0.027420001060818322
8.968,0.0,0.0,0.5010866786711775,0.0,0.0,8.791169436212184e-05,0.0,0.0,0.0,0.0,0.0,0.0,0.0,0.0,0.5,0.0,0.0,0.0,-0.0013111374315152302,0.0,0.0,0.0,40.68688862568485,40.68688862568485,40.68688862568485,40.68688862568485,0.00108667867117751,8.791169436212184e-05,0.0,0.0,0.0,0.00108667867117751,0.035322000258020125
8.976,0.0,0.0,0.5010873485603451,0.0,0.0,8.707658467923546e-05,0.0,0.0,0.0,0.0,0.0,0.0,0.0,0.0,0.5,0.0,0.0,0.0,-0.001310983310166547,0.0,0.0,0.0,40.68689016689834,40.68689016689834,40.68689016689834,40.68689016689834,0.0010873485603450916,8.707658467923546e-05,0.0,0.0,0.0,0.0010873485603450916,0.01839499964262359
8.984,0.0,0.0,0.501088012091791,0.0,0.0,8.624955389086885e-05,0.0,0.0,0.0,0.0,0.0,0.0,0.0,0.0,0.5,0.0,0.0,0.0,-0.0013108309205542845,0.0,0.0,0.0,40.68689169079446,40.68689169079446,40.68689169079446,40.68689169079446,0.0010880120917909908,8.624955389086885e-05,0.0,0.0,0.0,0.0010880120917909908,0.018351000107941218
8.992,0.0,0.0,0.5010886693208059,0.0,0.0,8.543036848463414e-05,0.0,0.0,0.0,0.0,0.0,0.0,0.0,0.0,0.5,0.0,0.0,0.0,-0.0013106799607867092,0.0,0.0,0.0,40.686893200392134,40.686893200392134,40.686893200392134,40.686893200392134,0.0010886693208058684,8.543036848463414e-05,0.0,0.0,0.0,0.0010886693208058684,0.017055999705917202
9.0,0.0,0.0,0.5010893203021674,0.0,0.0,8.461882882478423e-05,0.0,0.0,0.0,0.0,0.0,0.0,0.0,0.0,0.5,0.0,0.0,0.0,-0.0013105301874865027,0.0,0.0,0.0,40.68689469812514,40.68689469812514,40.68689469812514,40.68689469812514,0.0010893203021673514,8.461882882478423e-05,0.0,0.0,0.0,0.0010893203021673514,0.01707400042505469
9.008000000000001,0.0,0.0,0.5010899650902157,0.0,0.0,8.381476426978568e-05,0.0,0.0,0.0,0.0,0.0,0.0,0.0,0.0,0.5,0.0,0.0,0.0,-0.0013103020312886793,0.0,0.0,0.0,40.68689697968711,40.68689697968711,40.68689697968711,40.68689697968711,0.0010899650902157498,8.381476426978568e-05,0.0,0.0,0.0,0.0010899650902157498,0.03728800038516056
9.016,0.0,0.0,0.5010906037634112,0.0,0.0,8.301864130185747e-05,0.0,0.0,0.0,0.0,0.0,0.0,0.0,0.0,0.5,0.0,0.0,0.0,-0.0013101552177354758,0.0,0.0,0.0,40.68689844782265,40.68689844782265,40.68689844782265,40.68689844782265,0.001090603763411191,8.301864130185747e-05,0.0,0.0,0.0,0.001090603763411191,0.024048000341281295
9.024000000000001,0.0,0.0,0.5010912363750079,0.0,0.0,8.223020295804954e-05,0.0,0.0,0.0,0.0,0.0,0.0,0.0,0.0,0.5,0.0,0.0,0.0,-0.0013100100236683732,0.0,0.0,0.0,40.68689989976332,40.68689989976332,40.68689989976332,40.68689989976332,0.0010912363750078535,8.223020295804954e-05,0.0,0.0,0.0,0.0010912363750078535,0.018220000129076652
9.032,0.0,0.0,0.5010918629776911,0.0,0.0,8.144922944883459e-05,0.0,0.0,0.0,0.0,0.0,0.0,0.0,0.0,0.5,0.0,0.0,0.0,-0.001309866166199325,0.0,0.0,0.0,40.68690133833801,40.68690133833801,40.68690133833801,40.68690133833801,0.0010918629776911493,8.144922944883459e-05,0.0,0.0,0.0,0.0010918629776911493,0.017292000848101452
9.040000000000001,0.0,0.0,0.5010924836236655,0.0,0.0,8.067553291886145e-05,0.0,0.0,0.0,0.0,0.0,0.0,0.0,0.0,0.5,0.0,0.0,0.0,-0.0013097234176048245,0.0,0.0,0.0,40.68690276582395,40.68690276582395,40.68690276582395,40.68690276582395,0.001092483623665541,8.067553291886145e-05,0.0,0.0,0.0,0.001092483623665541,0.017435999325243756
9.048,0.0,0.0,0.5010930983647253,0.0,0.0,7.99089528281778e-05,0.0,0.0,0.0,0.0,0.0,0.0,0.0,0.0,0.5,0.0,0.0,0.0,-0.0013095815973499514,0.0,0.0,0.0,40.6869041840265,40.6869041840265,40.6869041840265,40.6869041840265,0.0010930983647252646,7.99089528281778e-05,0.0,0.0,0.0,0.0010930983647252646,0.030002000130480155
9.056000000000001,0.0,0.0,0.5010937072523108,0.0,0.0,7.914935190188172e-05,0.0,0.0,0.0,0.0,0.0,0.0,0.0,0.0,0.5,0.0,0.0,0.0,-0.0013093506095582796,0.0,0.0,0.0,40.68690649390442,40.68690649390442,40.68690649390442,40.68690649390442,0.0010937072523108382,7.914935190188172e-05,0.0,0.0,0.0,0.0010937072523108382,0.04394000097818207
9.064,0.0,0.0,0.5010943103653146,0.0,0.0,7.839730661553015e-05,0.0,0.0,0.0,0.0,0.0,0.0,0.0,0.0,0.5,0.0,0.0,0.0,-0.001309211532776966,0.0,0.0,0.0,40.68690788467223,40.68690788467223,40.68690788467223,40.68690788467223,0.0010943103653145991,7.839730661553015e-05,0.0,0.0,0.0,0.0010943103653145991,0.03033299981325399
9.072000000000001,0.0,0.0,0.5010949077541612,0.0,0.0,7.765256645773859e-05,0.0,0.0,0.0,0.0,0.0,0.0,0.0,0.0,0.5,0.0,0.0,0.0,-0.0013090740701849901,0.0,0.0,0.0,40.686909259298154,40.686909259298154,40.686909259298154,40.686909259298154,0.0010949077541612118,7.765256645773859e-05,0.0,0.0,0.0,0.0010949077541612118,0.0273730001936201
9.08,0.0,0.0,0.5010954994687113,0.0,0.0,7.691491691958034e-05,0.0,0.0,0.0,0.0,0.0,0.0,0.0,0.0,0.5,0.0,0.0,0.0,-0.0013089379426350911,0.0,0.0,0.0,40.68691062057365,40.68691062057365,40.68691062057365,40.68691062057365,0.0010954994687113473,7.691491691958034e-05,0.0,0.0,0.0,0.0010954994687113473,0.12357699961285107
9.088000000000001,0.0,0.0,0.5010960855583492,0.0,0.0,7.618417448120782e-05,0.0,0.0,0.0,0.0,0.0,0.0,0.0,0.0,0.5,0.0,0.0,0.0,-0.001308802924492647,0.0,0.0,0.0,40.68691197075508,40.68691197075508,40.68691197075508,40.68691197075508,0.001096085558349169,7.618417448120782e-05,0.0,0.0,0.0,0.001096085558349169,0.08698400051798671
9.096,0.0,0.0,0.501096666072052,0.0,0.0,7.546018215711311e-05,0.0,0.0,0.0,0.0,0.0,0.0,0.0,0.0,0.5,0.0,0.0,0.0,-0.0013086688359458254,0.0,0.0,0.0,40.686913311640545,40.686913311640545,40.686913311640545,40.686913311640545,0.001096666072052055,7.546018215711311e-05,0.0,0.0,0.0,0.001096666072052055,0.05113299994263798
9.104000000000001,0.0,0.0,0.501097241058447,0.0,0.0,7.474280559921726e-05,0.0,0.0,0.0,0.0,0.0,0.0,0.0,0.0,0.5,0.0,0.0,0.0,-0.0013084474717092176,0.0,0.0,0.0,40.68691552528291,40.68691552528291,40.68691552528291,40.68691552528291,0.001097241058446996,7.474280559921726e-05,0.0,0.0,0.0,0.001097241058446996,0.05005300045013428
9.112,0.0,0.0,0.5010978105930326,0.0,0.0,7.403260911947102e-05,0.0,0.0,0.0,0.0,0.0,0.0,0.0,0.0,0.5,0.0,0.0,0.0,-0.00130831610037907,0.0,0.0,0.0,40.68691683899621,40.68691683899621,40.68691683899621,40.68691683899621,0.0010978105930325999,7.403260911947102e-05,0.0,0.0,0.0,0.0010978105930325999,0.03160199958074372
9.120000000000001,0.0,0.0,0.501098374723436,0.0,0.0,7.332934738034983e-05,0.0,0.0,0.0,0.0,0.0,0.0,0.0,0.0,0.5,0.0,0.0,0.0,-0.0013081863197044186,0.0,0.0,0.0,40.68691813680296,40.68691813680296,40.68691813680296,40.68691813680296,0.0010983747234359909,7.332934738034983e-05,0.0,0.0,0.0,0.0010983747234359909,0.020415000108187087
9.128,0.0,0.0,0.5010989334967315,0.0,0.0,7.263281029234549e-05,0.0,0.0,0.0,0.0,0.0,0.0,0.0,0.0,0.5,0.0,0.0,0.0,-0.001308057852840827,0.0,0.0,0.0,40.68691942147159,40.68691942147159,40.68691942147159,40.68691942147159,0.0010989334967315134,7.263281029234549e-05,0.0,0.0,0.0,0.0010989334967315134,0.019290000636829063
9.136000000000001,0.0,0.0,0.5010994869595268,0.0,0.0,7.1942818115395e-05,0.0,0.0,0.0,0.0,0.0,0.0,0.0,0.0,0.5,0.0,0.0,0.0,-0.0013079304753521592,0.0,0.0,0.0,40.68692069524648,40.68692069524648,40.68692069524648,40.68692069524648,0.0010994869595267742,7.1942818115395e-05,0.0,0.0,0.0,0.0010994869595267742,0.016775000403868034
9.144,0.0,0.0,0.5011000351580327,0.0,0.0,7.125921714039315e-05,0.0,0.0,0.0,0.0,0.0,0.0,0.0,0.0,0.5,0.0,0.0,0.0,-0.0013078040077602049,0.0,0.0,0.0,40.6869219599224,40.6869219599224,40.6869219599224,40.6869219599224,0.0011000351580326972,7.125921714039315e-05,0.0,0.0,0.0,0.0011000351580326972,0.01623800017114263
9.152000000000001,0.0,0.0,0.5011005781381195,0.0,0.0,7.058187588185737e-05,0.0,0.0,0.0,0.0,0.0,0.0,0.0,0.0,0.5,0.0,0.0,0.0,-0.0013075958067644278,0.0,0.0,0.0,40.68692404193236,40.68692404193236,40.68692404193236,40.68692404193236,0.001100578138119479,7.058187588185737e-05,0.0,0.0,0.0,0.001100578138119479,0.03653599924291484
9.16,0.0,0.0,0.5011011159708219,0.0,0.0,6.991131826484174e-05,0.0,0.0,0.0,0.0,0.0,0.0,0.0,0.0,0.5,0.0,0.0,0.0,-0.0013074719365331333,0.0,0.0,0.0,40.68692528063467,40.68692528063467,40.68692528063467,40.68692528063467,0.0011011159708218532,6.991131826484174e-05,0.0,0.0,0.0,0.0011011159708218532,0.018263999663759023
9.168000000000001,0.0,0.0,0.5011016487010566,0.0,0.0,6.924731047946119e-05,0.0,0.0,0.0,0.0,0.0,0.0,0.0,0.0,0.5,0.0,0.0,0.0,-0.0013073495721157569,0.0,0.0,0.0,40.686926504278844,40.686926504278844,40.686926504278844,40.686926504278844,0.0011016487010565568,6.924731047946119e-05,0.0,0.0,0.0,0.0011016487010565568,0.01740200059430208
9.176,0.0,0.0,0.501102176373217,0.0,0.0,6.858965239384117e-05,0.0,0.0,0.0,0.0,0.0,0.0,0.0,0.0,0.5,0.0,0.0,0.0,-0.001307228448907738,0.0,0.0,0.0,40.686927715510926,40.686927715510926,40.686927715510926,40.686927715510926,0.0011021763732169676,6.858965239384117e-05,0.0,0.0,0.0,0.0011021763732169676,0.0328780006384477
9.184000000000001,0.0,0.0,0.5011026990312559,0.0,0.0,6.793817288905787e-05,0.0,0.0,0.0,0.0,0.0,0.0,0.0,0.0,0.5,0.0,0.0,0.0,-0.0013071083524160976,0.0,0.0,0.0,40.68692891647584,40.68692891647584,40.68692891647584,40.68692891647584,0.001102699031255927,6.793817288905787e-05,0.0,0.0,0.0,0.001102699031255927,0.017829999706009403
9.192,0.0,0.0,0.5011032167187522,0.0,0.0,6.72927257191305e-05,0.0,0.0,0.0,0.0,0.0,0.0,0.0,0.0,0.5,0.0,0.0,0.0,-0.0013069891111153753,0.0,0.0,0.0,40.68693010888885,40.68693010888885,40.68693010888885,40.68693010888885,0.0011032167187522424,6.72927257191305e-05,0.0,0.0,0.0,0.0011032167187522424,0.01671999962127302
9.200000000000001,0.0,0.0,0.5011037294789642,0.0,0.0,6.665318587422819e-05,0.0,0.0,0.0,0.0,0.0,0.0,0.0,0.0,0.5,0.0,0.0,0.0,-0.0013068705901635447,0.0,0.0,0.0,40.686931294098365,40.686931294098365,40.686931294098365,40.686931294098365,0.0011037294789641994,6.665318587422819e-05,0.0,0.0,0.0,0.0011037294789641994,0.0164379998750519
9.208,0.0,0.0,0.5011042373548715,0.0,0.0,6.601944638262373e-05,0.0,0.0,0.0,0.0,0.0,0.0,0.0,0.0,0.5,0.0,0.0,0.0,-0.0013066634661905718,0.0,0.0,0.0,40.6869333653381,40.6869333653381,40.6869333653381,40.6869333653381,0.001104237354871529,6.601944638262373e-05,0.0,0.0,0.0,0.001104237354871529,0.0231869998970069
9.216000000000001,0.0,0.0,0.5011047404167426,0.0,0.0,6.539210388231936e-05,0.0,0.0,0.0,0.0,0.0,0.0,0.0,0.0,0.5,0.0,0.0,0.0,-0.0013065473645640369,0.0,0.0,0.0,40.686934526354364,40.686934526354364,40.686934526354364,40.686934526354364,0.0011047404167425778,6.539210388231936e-05,0.0,0.0,0.0,0.0011047404167425778,0.01654199877521023
9.224,0.0,0.0,0.5011052387066632,0.0,0.0,6.477093112231883e-05,0.0,0.0,0.0,0.0,0.0,0.0,0.0,0.0,0.5,0.0,0.0,0.0,-0.001306432748834463,0.0,0.0,0.0,40.68693567251166,40.68693567251166,40.68693567251166,40.68693567251166,0.0011052387066632363,6.477093112231883e-05,0.0,0.0,0.0,0.0011052387066632363,0.028510999982245266
9.232,0.0,0.0,0.5011057322662064,0.0,0.0,6.415573347596532e-05,0.0,0.0,0.0,0.0,0.0,0.0,0.0,0.0,0.5,0.0,0.0,0.0,-0.001306319358540975,0.0,0.0,0.0,40.68693680641459,40.68693680641459,40.68693680641459,40.68693680641459,0.0011057322662063607,6.415573347596532e-05,0.0,0.0,0.0,0.0011057322662063607,0.026326999432058074
9.24,0.0,0.0,0.5011062211365123,0.0,0.0,6.354634442836115e-05,0.0,0.0,0.0,0.0,0.0,0.0,0.0,0.0,0.5,0.0,0.0,0.0,-0.0013062069817664224,0.0,0.0,0.0,40.68693793018234,40.68693793018234,40.68693793018234,40.68693793018234,0.0011062211365122643,6.354634442836115e-05,0.0,0.0,0.0,0.0011062211365122643,0.026343999707023613
9.248,0.0,0.0,0.5011067053583553,0.0,0.0,6.294262161935862e-05,0.0,0.0,0.0,0.0,0.0,0.0,0.0,0.0,0.5,0.0,0.0,0.0,-0.001306095448315503,0.0,0.0,0.0,40.68693904551685,40.68693904551685,40.68693904551685,40.68693904551685,0.001106705358355331,6.294262161935862e-05,0.0,0.0,0.0,0.001106705358355331,0.025796000045374967
9.256,0.0,0.0,0.5011071849721965,0.0,0.0,6.234444332542975e-05,0.0,0.0,0.0,0.0,0.0,0.0,0.0,0.0,0.5,0.0,0.0,0.0,-0.0013059846236365136,0.0,0.0,0.0,40.686940153763636,40.686940153763636,40.686940153763636,40.686940153763636,0.0011071849721965288,6.234444332542975e-05,0.0,0.0,0.0,0.0011071849721965288,0.02324900015082676
9.264,0.0,0.0,0.5011076600182255,0.0,0.0,6.17517053843002e-05,0.0,0.0,0.0,0.0,0.0,0.0,0.0,0.0,0.5,0.0,0.0,0.0,-0.0013057892195383891,0.0,0.0,0.0,40.68694210780462,40.68694210780462,40.68694210780462,40.68694210780462,0.001107660018225487,6.17517053843002e-05,0.0,0.0,0.0,0.001107660018225487,0.08866700045473408
9.272,0.0,0.0,0.5011081305626826,0.0,0.0,6.116497573406837e-05,0.0,0.0,0.0,0.0,0.0,0.0,0.0,0.0,0.5,0.0,0.0,0.0,-0.0013056807316439434,0.0,0.0,0.0,40.686943192683565,40.686943192683565,40.686943192683565,40.686943192683565,0.0011081305626825522,6.116497573406837e-05,0.0,0.0,0.0,0.0011081305626825522,0.1382750015181955
9.28,0.0,0.0,0.5011085966448978,0.0,0.0,6.0584035968928344e-05,0.0,0.0,0.0,0.0,0.0,0.0,0.0,0.0,0.5,0.0,0.0,0.0,-0.001305573669354354,0.0,0.0,0.0,40.68694426330646,40.68694426330646,40.68694426330646,40.68694426330646,0.001108596644897819,6.0584035968928344e-05,0.0,0.0,0.0,0.001108596644897819,0.049154999942402355
9.288,0.0,0.0,0.5011090583037106,0.0,0.0,6.000869909348502e-05,0.0,0.0,0.0,0.0,0.0,0.0,0.0,0.0,0.5,0.0,0.0,0.0,-0.001305467780258196,0.0,0.0,0.0,40.686945322197424,40.686945322197424,40.686945322197424,40.686945322197424,0.0011090583037105528,6.000869909348502e-05,0.0,0.0,0.0,0.0011090583037105528,0.03589400148484856
9.296,0.0,0.0,0.5011095155775473,0.0,0.0,5.9438805194685154e-05,0.0,0.0,0.0,0.0,0.0,0.0,0.0,0.0,0.5,0.0,0.0,0.0,-0.0013053628587181842,0.0,0.0,0.0,40.68694637141282,40.68694637141282,40.68694637141282,40.68694637141282,0.0011095155775473486,5.9438805194685154e-05,0.0,0.0,0.0,0.0011095155775473486,0.05246699947747402
9.304,0.0,0.0,0.5011099685044863,0.0,0.0,5.887421762960078e-05,0.0,0.0,0.0,0.0,0.0,0.0,0.0,0.0,0.5,0.0,0.0,0.0,-0.0013052587392984316,0.0,0.0,0.0,40.68694741260702,40.68694741260702,40.68694741260702,40.68694741260702,0.0011099685044863028,5.887421762960078e-05,0.0,0.0,0.0,0.0011099685044863028,0.03752200063900091
9.312,0.0,0.0,0.5011104171223085,0.0,0.0,5.831481965928314e-05,0.0,0.0,0.0,0.0,0.0,0.0,0.0,0.0,0.5,0.0,0.0,0.0,-0.001305155290951987,0.0,0.0,0.0,40.68694844709049,40.68694844709049,40.68694844709049,40.68694844709049,0.0011104171223085268,5.831481965928314e-05,0.0,0.0,0.0,0.0011104171223085268,0.032934000046225265
9.32,0.0,0.0,0.5011108614685389,0.0,0.0,5.776051148657637e-05,0.0,0.0,0.0,0.0,0.0,0.0,0.0,0.0,0.5,0.0,0.0,0.0,-0.001305052411895713,0.0,0.0,0.0,40.68694947588104,40.68694947588104,40.68694947588104,40.68694947588104,0.001110861468538893,5.776051148657637e-05,0.0,0.0,0.0,0.001110861468538893,0.028252001357031986
9.328,0.0,0.0,0.5011113015804779,0.0,0.0,5.721120766436386e-05,0.0,0.0,0.0,0.0,0.0,0.0,0.0,0.0,0.5,0.0,0.0,0.0,-0.0013048605204797337,0.0,0.0,0.0,40.68695139479521,40.68695139479521,40.68695139479521,40.68695139479521,0.001111301580477897,5.721120766436386e-05,0.0,0.0,0.0,0.001111301580477897,0.03919299888366368
9.336,0.0,0.0,0.5011117375228482,0.0,0.0,5.666752538933354e-05,0.0,0.0,0.0,0.0,0.0,0.0,0.0,0.0,0.5,0.0,0.0,0.0,-0.0013047598372525337,0.0,0.0,0.0,40.68695240162748,40.68695240162748,40.68695240162748,40.68695240162748,0.0011117375228482107,5.666752538933354e-05,0.0,0.0,0.0,0.0011117375228482107,0.1398860003973823
9.344,0.0,0.0,0.5011121693321401,0.0,0.0,5.6129252608435354e-05,0.0,0.0,0.0,0.0,0.0,0.0,0.0,0.0,0.5,0.0,0.0,0.0,-0.0013046605565328884,0.0,0.0,0.0,40.686953394434674,40.686953394434674,40.686953394434674,40.686953394434674,0.0011121693321400894,5.6129252608435354e-05,0.0,0.0,0.0,0.0011121693321400894,0.06488300095952582
9.352,0.0,0.0,0.5011125970137238,0.0,0.0,5.559544167933289e-05,0.0,0.0,0.0,0.0,0.0,0.0,0.0,0.0,0.5,0.0,0.0,0.0,-0.0013045610238666683,0.0,0.0,0.0,40.68695438976134,40.68695438976134,40.68695438976134,40.68695438976134,0.0011125970137237928,5.559544167933289e-05,0.0,0.0,0.0,0.0011125970137237928,0.03176599966536742
9.36,0.0,0.0,0.5011130206343197,0.0,0.0,5.506686824184618e-05,0.0,0.0,0.0,0.0,0.0,0.0,0.0,0.0,0.5,0.0,0.0,0.0,-0.001304462732819367,0.0,0.0,0.0,40.68695537267181,40.68695537267181,40.68695537267181,40.68695537267181,0.001113020634319728,5.506686824184618e-05,0.0,0.0,0.0,0.001113020634319728,0.037665000490960665
9.368,0.0,0.0,0.5011134401992045,0.0,0.0,5.45426167115716e-05,0.0,0.0,0.0,0.0,0.0,0.0,0.0,0.0,0.5,0.0,0.0,0.0,-0.001304364085077725,0.0,0.0,0.0,40.68695635914923,40.68695635914923,40.68695635914923,40.68695635914923,0.0011134401992044518,5.45426167115716e-05,0.0,0.0,0.0,0.0011134401992044518,0.0608669997745892
9.376,0.0,0.0,0.5011138557744265,0.0,0.0,5.402347391957145e-05,0.0,0.0,0.0,0.0,0.0,0.0,0.0,0.0,0.5,0.0,0.0,0.0,-0.001304266592553227,0.0,0.0,0.0,40.68695733407447,40.68695733407447,40.68695733407447,40.68695733407447,0.0011138557744264643,5.402347391957145e-05,0.0,0.0,0.0,0.0011138557744264643,0.09015900104714092
9.384,0.0,0.0,0.5011142673651695,0.0,0.0,5.350854771174433e-05,0.0,0.0,0.0,0.0,0.0,0.0,0.0,0.0,0.5,0.0,0.0,0.0,-0.001304168697917274,0.0,0.0,0.0,40.68695831302083,40.68695831302083,40.68695831302083,40.68695831302083,0.0011142673651695079,5.350854771174433e-05,0.0,0.0,0.0,0.0011142673651695079,0.061918999563204125
9.392,0.0,0.0,0.5011146750369107,0.0,0.0,5.2998631697965505e-05,0.0,0.0,0.0,0.0,0.0,0.0,0.0,0.0,0.5,0.0,0.0,0.0,-0.001303983873362946,0.0,0.0,0.0,40.68696016126637,40.68696016126637,40.68696016126637,40.68696016126637,0.0011146750369106506,5.2998631697965505e-05,0.0,0.0,0.0,0.0011146750369106506,0.044518999857245944
9.4,0.0,0.0,0.5011150788517821,0.0,0.0,5.249427714412787e-05,0.0,0.0,0.0,0.0,0.0,0.0,0.0,0.0,0.5,0.0,0.0,0.0,-0.0013038893102591542,0.0,0.0,0.0,40.686961106897414,40.686961106897414,40.686961106897414,40.686961106897414,0.0011150788517820809,5.249427714412787e-05,0.0,0.0,0.0,0.0011150788517820809,0.027951999072683975
9.408,0.0,0.0,0.5011154788147951,0.0,0.0,5.199449704136488e-05,0.0,0.0,0.0,0.0,0.0,0.0,0.0,0.0,0.5,0.0,0.0,0.0,-0.0013037952337739966,0.0,0.0,0.0,40.68696204766226,40.68696204766226,40.68696204766226,40.68696204766226,0.0011154788147951233,5.199449704136488e-05,0.0,0.0,0.0,0.0011154788147951233,0.0220969996007625
9.416,0.0,0.0,0.5011158749891721,0.0,0.0,5.1499957057363945e-05,0.0,0.0,0.0,0.0,0.0,0.0,0.0,0.0,0.5,0.0,0.0,0.0,-0.0013037029373980102,0.0,0.0,0.0,40.68696297062602,40.68696297062602,40.68696297062602,40.68696297062602,0.0011158749891720943,5.1499957057363945e-05,0.0,0.0,0.0,0.0011158749891720943,0.019592000171542168
9.424,0.0,0.0,0.5011162673798355,0.0,0.0,5.1009732231048214e-05,0.0,0.0,0.0,0.0,0.0,0.0,0.0,0.0,0.5,0.0,0.0,0.0,-0.0013036108056497797,0.0,0.0,0.0,40.686963891943506,40.686963891943506,40.686963891943506,40.686963891943506,0.0011162673798355005,5.1009732231048214e-05,0.0,0.0,0.0,0.0011162673798355005,0.018189000911661424
9.432,0.0,0.0,0.5011166560486195,0.0,0.0,5.0524505385986884e-05,0.0,0.0,0.0,0.0,0.0,0.0,0.0,0.0,0.5,0.0,0.0,0.0,-0.0013035201594410184,0.0,0.0,0.0,40.68696479840559,40.68696479840559,40.68696479840559,40.68696479840559,0.0011166560486195465,5.0524505385986884e-05,0.0,0.0,0.0,0.0011166560486195465,0.018198999896412715
9.44,0.0,0.0,0.50111704100036,0.0,0.0,5.004339782089409e-05,0.0,0.0,0.0,0.0,0.0,0.0,0.0,0.0,0.5,0.0,0.0,0.0,-0.001303429464397543,0.0,0.0,0.0,40.68696570535603,40.68696570535603,40.68696570535603,40.68696570535603,0.0011170410003600306,5.004339782089409e-05,0.0,0.0,0.0,0.0011170410003600306,0.027486999897519127
9.448,0.0,0.0,0.5011174222958518,0.0,0.0,4.956710555011254e-05,0.0,0.0,0.0,0.0,0.0,0.0,0.0,0.0,0.5,0.0,0.0,0.0,-0.0013033400625691582,0.0,0.0,0.0,40.68696659937431,40.68696659937431,40.68696659937431,40.68696659937431,0.0011174222958517666,4.956710555011254e-05,0.0,0.0,0.0,0.0011174222958517666,0.019408998923609033
9.456,0.0,0.0,0.5011177999398453,0.0,0.0,4.9094784278116735e-05,0.0,0.0,0.0,0.0,0.0,0.0,0.0,0.0,0.5,0.0,0.0,0.0,-0.0013032504798646816,0.0,0.0,0.0,40.68696749520136,40.68696749520136,40.68696749520136,40.68696749520136,0.0011177999398452876,4.9094784278116735e-05,0.0,0.0,0.0,0.0011177999398452876,0.015912000890239142
9.464,0.0,0.0,0.501118173992323,0.0,0.0,4.862713936395578e-05,0.0,0.0,0.0,0.0,0.0,0.0,0.0,0.0,0.5,0.0,0.0,0.0,-0.0013030689372626192,0.0,0.0,0.0,40.686969310627376,40.686969310627376,40.686969310627376,40.686969310627376,0.0011181739923229461,4.862713936395578e-05,0.0,0.0,0.0,0.0011181739923229461,0.025745001039467752
9.472,0.0,0.0,0.5011185445139785,0.0,0.0,4.816475288065018e-05,0.0,0.0,0.0,0.0,0.0,0.0,0.0,0.0,0.5,0.0,0.0,0.0,-0.0013029828482180594,0.0,0.0,0.0,40.68697017151782,40.68697017151782,40.68697017151782,40.68697017151782,0.0011185445139785255,4.816475288065018e-05,0.0,0.0,0.0,0.0011185445139785255,0.019601000531110913
9.48,0.0,0.0,0.5011189115093997,0.0,0.0,4.770668783361429e-05,0.0,0.0,0.0,0.0,0.0,0.0,0.0,0.0,0.5,0.0,0.0,0.0,-0.0013028974395532522,0.0,0.0,0.0,40.68697102560447,40.68697102560447,40.68697102560447,40.68697102560447,0.0011189115093996893,4.770668783361429e-05,0.0,0.0,0.0,0.0011189115093996893,0.016742000298108906
9.488,0.0,0.0,0.5011192750360953,0.0,0.0,4.725351765776181e-05,0.0,0.0,0.0,0.0,0.0,0.0,0.0,0.0,0.5,0.0,0.0,0.0,-0.0013028138315085425,0.0,0.0,0.0,40.68697186168492,40.68697186168492,40.68697186168492,40.68697186168492,0.001119275036095324,4.725351765776181e-05,0.0,0.0,0.0,0.001119275036095324,0.016787000276963226
9.496,0.0,0.0,0.5011196350985725,0.0,0.0,4.680437605538679e-05,0.0,0.0,0.0,0.0,0.0,0.0,0.0,0.0,0.5,0.0,0.0,0.0,-0.0013027305108579412,0.0,0.0,0.0,40.68697269489142,40.68697269489142,40.68697269489142,40.68697269489142,0.0011196350985724912,4.680437605538679e-05,0.0,0.0,0.0,0.0011196350985724912,0.01700000029813964
9.504,0.0,0.0,0.5011199917528494,0.0,0.0,4.635985776654988e-05,0.0,0.0,0.0,0.0,0.0,0.0,0.0,0.0,0.5,0.0,0.0,0.0,-0.001302648632352188,0.0,0.0,0.0,40.68697351367648,40.68697351367648,40.68697351367648,40.68697351367648,0.0011199917528493808,4.635985776654988e-05,0.0,0.0,0.0,0.0011199917528493808,0.01949600118678063
9.512,0.0,0.0,0.5011203450033545,0.0,0.0,4.591914883997953e-05,0.0,0.0,0.0,0.0,0.0,0.0,0.0,0.0,0.5,0.0,0.0,0.0,-0.0013025667745821812,0.0,0.0,0.0,40.68697433225418,40.68697433225418,40.68697433225418,40.68697433225418,0.0011203450033544504,4.591914883997953e-05,0.0,0.0,0.0,0.0011203450033544504,0.04661599996325094
9.52,0.0,0.0,0.5011206949050421,0.0,0.0,4.548286126258596e-05,0.0,0.0,0.0,0.0,0.0,0.0,0.0,0.0,0.5,0.0,0.0,0.0,-0.0013024861205159777,0.0,0.0,0.0,40.68697513879484,40.68697513879484,40.68697513879484,40.68697513879484,0.0011206949050420745,4.548286126258596e-05,0.0,0.0,0.0,0.0011206949050420745,0.0604840006417362
9.528,0.0,0.0,0.5011210414622636,0.0,0.0,4.505021954695743e-05,0.0,0.0,0.0,0.0,0.0,0.0,0.0,0.0,0.5,0.0,0.0,0.0,-0.0013024053161732052,0.0,0.0,0.0,40.686975946838274,40.686975946838274,40.686975946838274,40.686975946838274,0.00112104146226355,4.505021954695743e-05,0.0,0.0,0.0,0.00112104146226355,0.06274699990171939
9.536,0.0,0.0,0.5011213847291932,0.0,0.0,4.462184887903696e-05,0.0,0.0,0.0,0.0,0.0,0.0,0.0,0.0,0.5,0.0,0.0,0.0,-0.0013022421476438506,0.0,0.0,0.0,40.68697757852357,40.68697757852357,40.68697757852357,40.68697757852357,0.0011213847291932089,4.462184887903696e-05,0.0,0.0,0.0,0.0011213847291932089,0.12886699914815836
9.544,0.0,0.0,0.501121724760463,0.0,0.0,4.41982608484196e-05,0.0,0.0,0.0,0.0,0.0,0.0,0.0,0.0,0.5,0.0,0.0,0.0,-0.0013021644579461755,0.0,0.0,0.0,40.68697835542054,40.68697835542054,40.68697835542054,40.68697835542054,0.0011217247604630165,4.41982608484196e-05,0.0,0.0,0.0,0.0011217247604630165,0.07105599979695398
9.552,0.0,0.0,0.5011220615602772,0.0,0.0,4.3778604032462225e-05,0.0,0.0,0.0,0.0,0.0,0.0,0.0,0.0,0.5,0.0,0.0,0.0,-0.0013020873408566835,0.0,0.0,0.0,40.68697912659144,40.68697912659144,40.68697912659144,40.68697912659144,0.0011220615602771655,4.3778604032462225e-05,0.0,0.0,0.0,0.0011220615602771655,0.032156000088434666
9.56,0.0,0.0,0.5011223951806104,0.0,0.0,4.336339155717488e-05,0.0,0.0,0.0,0.0,0.0,0.0,0.0,0.0,0.5,0.0,0.0,0.0,-0.0013020117998064906,0.0,0.0,0.0,40.686979882001935,40.686979882001935,40.686979882001935,40.686979882001935,0.0011223951806104138,4.336339155717488e-05,0.0,0.0,0.0,0.0011223951806104138,0.07620199903612956
9.568,0.0,0.0,0.5011227256255939,0.0,0.0,4.295183783292412e-05,0.0,0.0,0.0,0.0,0.0,0.0,0.0,0.0,0.5,0.0,0.0,0.0,-0.0013019364626343233,0.0,0.0,0.0,40.68698063537366,40.68698063537366,40.68698063537366,40.68698063537366,0.001122725625593901,4.295183783292412e-05,0.0,0.0,0.0,0.001122725625593901,0.04515799992077518
9.576,0.0,0.0,0.5011230529459172,0.0,0.0,4.254447834859041e-05,0.0,0.0,0.0,0.0,0.0,0.0,0.0,0.0,0.5,0.0,0.0,0.0,-0.0013018623695431053,0.0,0.0,0.0,40.68698137630457,40.68698137630457,40.68698137630457,40.68698137630457,0.0011230529459171912,4.254447834859041e-05,0.0,0.0,0.0,0.0011230529459171912,0.03220599865016993
9.584,0.0,0.0,0.5011233771456401,0.0,0.0,4.2140575752782886e-05,0.0,0.0,0.0,0.0,0.0,0.0,0.0,0.0,0.5,0.0,0.0,0.0,-0.0013017882329851016,0.0,0.0,0.0,40.686982117670155,40.686982117670155,40.686982117670155,40.686982117670155,0.0011233771456401476,4.2140575752782886e-05,0.0,0.0,0.0,0.0011233771456401476,0.02889300048991572
9.592,0.0,0.0,0.5011236982745637,0.0,0.0,4.1740683691321415e-05,0.0,0.0,0.0,0.0,0.0,0.0,0.0,0.0,0.5,0.0,0.0,0.0,-0.0013017151233225555,0.0,0.0,0.0,40.686982848766775,40.686982848766775,40.686982848766775,40.686982848766775,0.0011236982745637114,4.1740683691321415e-05,0.0,0.0,0.0,0.0011236982745637114,0.038420999771915376
9.6,0.0,0.0,0.5011240163366779,0.0,0.0,4.134409980810357e-05,0.0,0.0,0.0,0.0,0.0,0.0,0.0,0.0,0.5,0.0,0.0,0.0,-0.0013016418143564357,0.0,0.0,0.0,40.68698358185644,40.68698358185644,40.68698358185644,40.68698358185644,0.0011240163366779132,4.134409980810357e-05,0.0,0.0,0.0,0.0011240163366779132,0.02141699951607734
9.608,0.0,0.0,0.5011243313811549,0.0,0.0,4.095139177024778e-05,0.0,0.0,0.0,0.0,0.0,0.0,0.0,0.0,0.5,0.0,0.0,0.0,-0.0013015693998515987,0.0,0.0,0.0,40.686984306001484,40.686984306001484,40.686984306001484,40.686984306001484,0.0011243313811548639,4.095139177024778e-05,0.0,0.0,0.0,0.0011243313811548639,0.02704399958020076
9.616,0.0,0.0,0.5011246434119154,0.0,0.0,4.056188243027598e-05,0.0,0.0,0.0,0.0,0.0,0.0,0.0,0.0,0.5,0.0,0.0,0.0,-0.001301417988669562,0.0,0.0,0.0,40.68698582011331,40.68698582011331,40.68698582011331,40.68698582011331,0.001124643411915427,4.056188243027598e-05,0.0,0.0,0.0,0.001124643411915427,0.028484000722528435
9.624,0.0,0.0,0.501124952501952,0.0,0.0,4.0176756858355654e-05,0.0,0.0,0.0,0.0,0.0,0.0,0.0,0.0,0.5,0.0,0.0,0.0,-0.0013013472242177082,0.0,0.0,0.0,40.686986527757824,40.686986527757824,40.686986527757824,40.686986527757824,0.0011249525019519924,4.0176756858355654e-05,0.0,0.0,0.0,0.0011249525019519924,0.01724299909255933
9.632,0.0,0.0,0.5011252586550855,0.0,0.0,3.979523382446898e-05,0.0,0.0,0.0,0.0,0.0,0.0,0.0,0.0,0.5,0.0,0.0,0.0,-0.001301277032292103,0.0,0.0,0.0,40.68698722967708,40.68698722967708,40.68698722967708,40.68698722967708,0.0011252586550855037,3.979523382446898e-05,0.0,0.0,0.0,0.0011252586550855037,0.016893998690648004
9.64,0.0,0.0,0.5011255619186337,0.0,0.0,3.941777576363856e-05,0.0,0.0,0.0,0.0,0.0,0.0,0.0,0.0,0.5,0.0,0.0,0.0,-0.0013012083181318523,0.0,0.0,0.0,40.68698791681869,40.68698791681869,40.68698791681869,40.68698791681869,0.0011255619186336663,3.941777576363856e-05,0.0,0.0,0.0,0.0011255619186336663,0.026540999897406437
9.648,0.0,0.0,0.5011258622963508,0.0,0.0,3.904366353951102e-05,0.0,0.0,0.0,0.0,0.0,0.0,0.0,0.0,0.5,0.0,0.0,0.0,-0.0013011398255940998,0.0,0.0,0.0,40.68698860174406,40.68698860174406,40.68698860174406,40.68698860174406,0.0011258622963508103,3.904366353951102e-05,0.0,0.0,0.0,0.0011258622963508103,0.01957400127139408
9.656,0.0,0.0,0.5011261598343312,0.0,0.0,3.8673380340730855e-05,0.0,0.0,0.0,0.0,0.0,0.0,0.0,0.0,0.5,0.0,0.0,0.0,-0.0013010724939834795,0.0,0.0,0.0,40.68698927506017,40.68698927506017,40.68698927506017,40.68698927506017,0.0011261598343311752,3.8673380340730855e-05,0.0,0.0,0.0,0.0011261598343311752,0.018340000679017976
9.664,0.0,0.0,0.5011264545362644,0.0,0.0,3.8306252602336335e-05,0.0,0.0,0.0,0.0,0.0,0.0,0.0,0.0,0.5,0.0,0.0,0.0,-0.0013010051470975226,0.0,0.0,0.0,40.686989948529025,40.686989948529025,40.686989948529025,40.686989948529025,0.0011264545362643652,3.8306252602336335e-05,0.0,0.0,0.0,0.0011264545362643652,0.017455000488553196
9.672,0.0,0.0,0.5011267464473995,0.0,0.0,3.794278046069131e-05,0.0,0.0,0.0,0.0,0.0,0.0,0.0,0.0,0.5,0.0,0.0,0.0,-0.0013009387523612581,0.0,0.0,0.0,40.68699061247639,40.68699061247639,40.68699061247639,40.68699061247639,0.0011267464473995181,3.794278046069131e-05,0.0,0.0,0.0,0.0011267464473995181,0.01724900175759103
9.68,0.0,0.0,0.5011270355713627,0.0,0.0,3.758232344893465e-05,0.0,0.0,0.0,0.0,0.0,0.0,0.0,0.0,0.5,0.0,0.0,0.0,-0.001300872191600022,0.0,0.0,0.0,40.686991278084,40.686991278084,40.686991278084,40.686991278084,0.0011270355713627334,3.758232344893465e-05,0.0,0.0,0.0,0.0011270355713627334,0.023055999918142334
9.688,0.0,0.0,0.501127321952808,0.0,0.0,3.7225394889765625e-05,0.0,0.0,0.0,0.0,0.0,0.0,0.0,0.0,0.5,0.0,0.0,0.0,-0.0013008064542400222,0.0,0.0,0.0,40.686991935457606,40.686991935457606,40.686991935457606,40.686991935457606,0.001127321952807958,3.7225394889765625e-05,0.0,0.0,0.0,0.001127321952807958,0.018925000404124148
9.696,0.0,0.0,0.5011276055952986,0.0,0.0,3.687137817696538e-05,0.0,0.0,0.0,0.0,0.0,0.0,0.0,0.0,0.5,0.0,0.0,0.0,-0.0013007404639062692,0.0,0.0,0.0,40.68699259536094,40.68699259536094,40.68699259536094,40.68699259536094,0.0011276055952985642,3.687137817696538e-05,0.0,0.0,0.0,0.0011276055952985642,0.018384998838882893
9.704,0.0,0.0,0.5011278865430469,0.0,0.0,3.652079624876921e-05,0.0,0.0,0.0,0.0,0.0,0.0,0.0,0.0,0.5,0.0,0.0,0.0,-0.0013005980251252769,0.0,0.0,0.0,40.68699401974875,40.68699401974875,40.68699401974875,40.68699401974875,0.001127886543046852,3.652079624876921e-05,0.0,0.0,0.0,0.001127886543046852,0.027304000468575396
9.712,0.0,0.0,0.5011281648435134,0.0,0.0,3.6174148663034726e-05,0.0,0.0,0.0,0.0,0.0,0.0,0.0,0.0,0.5,0.0,0.0,0.0,-0.0013005345104968313,0.0,0.0,0.0,40.68699465489503,40.68699465489503,40.68699465489503,40.68699465489503,0.0011281648435134128,3.6174148663034726e-05,0.0,0.0,0.0,0.0011281648435134128,0.03961400034313556
9.72,0.0,0.0,0.5011284405001377,0.0,0.0,3.583073453803976e-05,0.0,0.0,0.0,0.0,0.0,0.0,0.0,0.0,0.5,0.0,0.0,0.0,-0.0013004714944053752,0.0,0.0,0.0,40.68699528505595,40.68699528505595,40.68699528505595,40.68699528505595,0.0011284405001377174,3.583073453803976e-05,0.0,0.0,0.0,0.0011284405001377174,0.04742999954032712
9.728,0.0,0.0,0.5011287135554048,0.0,0.0,3.5490969307027114e-05,0.0,0.0,0.0,0.0,0.0,0.0,0.0,0.0,0.5,0.0,0.0,0.0,-0.0013004097900360945,0.0,0.0,0.0,40.68699590209964,40.68699590209964,40.68699590209964,40.68699590209964,0.0011287135554047811,3.5490969307027114e-05,0.0,0.0,0.0,0.0011287135554047811,0.05921900083194487
9.736,0.0,0.0,0.5011289840126945,0.0,0.0,3.515420768749613e-05,0.0,0.0,0.0,0.0,0.0,0.0,0.0,0.0,0.5,0.0,0.0,0.0,-0.0013003482702712565,0.0,0.0,0.0,40.68699651729729,40.68699651729729,40.68699651729729,40.68699651729729,0.0011289840126944561,3.515420768749613e-05,0.0,0.0,0.0,0.0011289840126944561,0.07551299859187566
9.744,0.0,0.0,0.5011292519134116,0.0,0.0,3.4820884079141616e-05,0.0,0.0,0.0,0.0,0.0,0.0,0.0,0.0,0.5,0.0,0.0,0.0,-0.001300287779502085,0.0,0.0,0.0,40.686997122204986,40.686997122204986,40.686997122204986,40.686997122204986,0.001129251913411622,3.4820884079141616e-05,0.0,0.0,0.0,0.001129251913411622,0.07790299969201442
9.752,0.0,0.0,0.5011295172608781,0.0,0.0,3.4490393924407535e-05,0.0,0.0,0.0,0.0,0.0,0.0,0.0,0.0,0.5,0.0,0.0,0.0,-0.0013002272620494804,0.0,0.0,0.0,40.686997727379506,40.686997727379506,40.686997727379506,40.686997727379506,0.0011295172608780657,3.4490393924407535e-05,0.0,0.0,0.0,0.0011295172608780657,0.05001599856768735
9.76,0.0,0.0,0.5011297800957566,0.0,0.0,3.4163187102734135e-05,0.0,0.0,0.0,0.0,0.0,0.0,0.0,0.0,0.5,0.0,0.0,0.0,-0.0013001675880479624,0.0,0.0,0.0,40.68699832411952,40.68699832411952,40.68699832411952,40.68699832411952,0.001129780095756594,3.4163187102734135e-05,0.0,0.0,0.0,0.001129780095756594,0.038434998714365065
9.768,0.0,0.0,0.5011300404213118,0.0,0.0,3.383868856277646e-05,0.0,0.0,0.0,0.0,0.0,0.0,0.0,0.0,0.5,0.0,0.0,0.0,-0.001300107753547608,0.0,0.0,0.0,40.686998922464525,40.686998922464525,40.686998922464525,40.686998922464525,0.0011300404213118176,3.383868856277646e-05,0.0,0.0,0.0,0.0011300404213118176,0.036347000786918215
9.776,0.0,0.0,0.5011302982776866,0.0,0.0,3.351736022041957e-05,0.0,0.0,0.0,0.0,0.0,0.0,0.0,0.0,0.5,0.0,0.0,0.0,-0.0013000486488116136,0.0,0.0,0.0,40.686999513511886,40.686999513511886,40.686999513511886,40.686999513511886,0.0011302982776866255,3.351736022041957e-05,0.0,0.0,0.0,0.0011302982776866255,0.024045000827754848
9.784,0.0,0.0,0.5011305536680892,0.0,0.0,3.319864824142731e-05,0.0,0.0,0.0,0.0,0.0,0.0,0.0,0.0,0.5,0.0,0.0,0.0,-0.0012999893070574364,0.0,0.0,0.0,40.68700010692943,40.68700010692943,40.68700010692943,40.68700010692943,0.0011305536680892292,3.319864824142731e-05,0.0,0.0,0.0,0.0011305536680892292,0.04034600169688929
9.792,0.0,0.0,0.5011308066322785,0.0,0.0,3.28830233247013e-05,0.0,0.0,0.0,0.0,0.0,0.0,0.0,0.0,0.5,0.0,0.0,0.0,-0.0012999306332267535,0.0,0.0,0.0,40.687000693667734,40.687000693667734,40.687000693667734,40.687000693667734,0.0011308066322784915,3.28830233247013e-05,0.0,0.0,0.0,0.0011308066322784915,0.18742199972621165
9.8,0.0,0.0,0.5011310571734068,0.0,0.0,3.2569946866966886e-05,0.0,0.0,0.0,0.0,0.0,0.0,0.0,0.0,0.5,0.0,0.0,0.0,-0.0012998716871880367,0.0,0.0,0.0,40.687001283128126,40.687001283128126,40.687001283128126,40.687001283128126,0.0011310571734067798,3.2569946866966886e-05,0.0,0.0,0.0,0.0011310571734067798,0.06355400000757072
9.808,0.0,0.0,0.5011313053309221,0.0,0.0,3.225989537643908e-05,0.0,0.0,0.0,0.0,0.0,0.0,0.0,0.0,0.5,0.0,0.0,0.0,-0.0012997316466832887,0.0,0.0,0.0,40.68700268353317,40.68700268353317,40.68700268353317,40.68700268353317,0.0011313053309220944,3.225989537643908e-05,0.0,0.0,0.0,0.0011313053309220944,0.04497700138017535
9.816,0.0,0.0,0.5011315511511405,0.0,0.0,3.195342176122622e-05,0.0,0.0,0.0,0.0,0.0,0.0,0.0,0.0,0.5,0.0,0.0,0.0,-0.001299675047541693,0.0,0.0,0.0,40.68700324952459,40.68700324952459,40.68700324952459,40.68700324952459,0.0011315511511404974,3.195342176122622e-05,0.0,0.0,0.0,0.0011315511511404974,0.09191499884764198
9.824,0.0,0.0,0.5011317946370989,0.0,0.0,3.1649886368869586e-05,0.0,0.0,0.0,0.0,0.0,0.0,0.0,0.0,0.5,0.0,0.0,0.0,-0.0012996190350675896,0.0,0.0,0.0,40.687003809649326,40.687003809649326,40.687003809649326,40.687003809649326,0.001131794637098893,3.1649886368869586e-05,0.0,0.0,0.0,0.001131794637098893,0.09202199908031616
9.832,0.0,0.0,0.5011320358265842,0.0,0.0,3.1349646226913535e-05,0.0,0.0,0.0,0.0,0.0,0.0,0.0,0.0,0.5,0.0,0.0,0.0,-0.0012995643106197274,0.0,0.0,0.0,40.68700435689381,40.68700435689381,40.68700435689381,40.68700435689381,0.0011320358265841657,3.1349646226913535e-05,0.0,0.0,0.0,0.0011320358265841657,0.14530699991155416
9.84,0.0,0.0,0.5011322747225803,0.0,0.0,3.1052116883941206e-05,0.0,0.0,0.0,0.0,0.0,0.0,0.0,0.0,0.5,0.0,0.0,0.0,-0.00129950985318239,0.0,0.0,0.0,40.68700490146818,40.68700490146818,40.68700490146818,40.68700490146818,0.001132274722580262,3.1052116883941206e-05,0.0,0.0,0.0,0.001132274722580262,0.19158699979016092
9.848,0.0,0.0,0.5011325113617626,0.0,0.0,3.0757673066164764e-05,0.0,0.0,0.0,0.0,0.0,0.0,0.0,0.0,0.5,0.0,0.0,0.0,-0.0012994563930318614,0.0,0.0,0.0,40.68700543606968,40.68700543606968,40.68700543606968,40.68700543606968,0.0011325113617626226,3.0757673066164764e-05,0.0,0.0,0.0,0.0011325113617626226,0.10655699952621944
9.856,0.0,0.0,0.5011327457470635,0.0,0.0,3.046577097379842e-05,0.0,0.0,0.0,0.0,0.0,0.0,0.0,0.0,0.5,0.0,0.0,0.0,-0.0012994029804747065,0.0,0.0,0.0,40.68700597019526,40.68700597019526,40.68700597019526,40.68700597019526,0.0011327457470634572,3.046577097379842e-05,0.0,0.0,0.0,0.0011327457470634572,0.047404000724782236
9.864,0.0,0.0,0.5011329779143943,0.0,0.0,3.0176800049157532e-05,0.0,0.0,0.0,0.0,0.0,0.0,0.0,0.0,0.5,0.0,0.0,0.0,-0.0012993503701457243,0.0,0.0,0.0,40.687006496298544,40.687006496298544,40.687006496298544,40.687006496298544,0.001132977914394262,3.0176800049157532e-05,0.0,0.0,0.0,0.001132977914394262,0.05420199886430055
9.872,0.0,0.0,0.5011332078666367,0.0,0.0,2.9890246101071654e-05,0.0,0.0,0.0,0.0,0.0,0.0,0.0,0.0,0.5,0.0,0.0,0.0,-0.0012992976642736132,0.0,0.0,0.0,40.68700702335727,40.68700702335727,40.68700702335727,40.68700702335727,0.0011332078666367318,2.9890246101071654e-05,0.0,0.0,0.0,0.0011332078666367318,0.05388099998526741
9.88,0.0,0.0,0.5011334356391716,0.0,0.0,2.9606510251686505e-05,0.0,0.0,0.0,0.0,0.0,0.0,0.0,0.0,0.5,0.0,0.0,0.0,-0.0012992456369739225,0.0,0.0,0.0,40.687007543630266,40.687007543630266,40.687007543630266,40.687007543630266,0.001133435639171565,2.9606510251686505e-05,0.0,0.0,0.0,0.001133435639171565,0.038702999518136494
9.888,0.0,0.0,0.5011336612348308,0.0,0.0,2.9325099682962305e-05,0.0,0.0,0.0,0.0,0.0,0.0,0.0,0.0,0.5,0.0,0.0,0.0,-0.0012991934279303896,0.0,0.0,0.0,40.6870080657207,40.6870080657207,40.6870080657207,40.6870080657207,0.0011336612348308295,2.9325099682962305e-05,0.0,0.0,0.0,0.0011336612348308295,0.020763000065926462
9.896,0.0,0.0,0.5011338846886122,0.0,0.0,2.904642428055005e-05,0.0,0.0,0.0,0.0,0.0,0.0,0.0,0.0,0.5,0.0,0.0,0.0,-0.0012991418259046261,0.0,0.0,0.0,40.687008581740955,40.687008581740955,40.687008581740955,40.687008581740955,0.0011338846886121967,2.904642428055005e-05,0.0,0.0,0.0,0.0011338846886121967,0.016636000509606674
9.904,0.0,0.0,0.5011341060032987,0.0,0.0,2.877000658609123e-05,0.0,0.0,0.0,0.0,0.0,0.0,0.0,0.0,0.5,0.0,0.0,0.0,-0.0012990899974707482,0.0,0.0,0.0,40.68700910002529,40.68700910002529,40.68700910002529,40.68700910002529,0.0011341060032986627,2.877000658609123e-05,0.0,0.0,0.0,0.0011341060032986627,0.01871899985417258
9.912,0.0,0.0,0.5011343252135901,0.0,0.0,2.8496262555733007e-05,0.0,0.0,0.0,0.0,0.0,0.0,0.0,0.0,0.5,0.0,0.0,0.0,-0.0012990387414724136,0.0,0.0,0.0,40.68700961258528,40.68700961258528,40.68700961258528,40.68700961258528,0.0011343252135901372,2.8496262555733007e-05,0.0,0.0,0.0,0.0011343252135901372,0.035335999200469814
9.92,0.0,0.0,0.5011345423222209,0.0,0.0,2.8224725813089324e-05,0.0,0.0,0.0,0.0,0.0,0.0,0.0,0.0,0.5,0.0,0.0,0.0,-0.0012989082873660074,0.0,0.0,0.0,40.687010917126344,40.687010917126344,40.687010917126344,40.687010917126344,0.0011345423222208773,2.8224725813089324e-05,0.0,0.0,0.0,0.0011345423222208773,0.028137999834143557
9.928,0.0,0.0,0.5011347573880006,0.0,0.0,2.795642514398635e-05,0.0,0.0,0.0,0.0,0.0,0.0,0.0,0.0,0.5,0.0,0.0,0.0,-0.0012988584709666684,0.0,0.0,0.0,40.687011415290335,40.687011415290335,40.687011415290335,40.687011415290335,0.0011347573880006179,2.795642514398635e-05,0.0,0.0,0.0,0.0011347573880006179,0.019736000467673875
9.936,0.0,0.0,0.5011349704135837,0.0,0.0,2.7690779691748516e-05,0.0,0.0,0.0,0.0,0.0,0.0,0.0,0.0,0.5,0.0,0.0,0.0,-0.0012988093204358009,0.0,0.0,0.0,40.68701190679565,40.68701190679565,40.68701190679565,40.68701190679565,0.0011349704135836802,2.7690779691748516e-05,0.0,0.0,0.0,0.0011349704135836802,0.039752998418407515
9.944,0.0,0.0,0.5011351814016209,0.0,0.0,2.7427324684988328e-05,0.0,0.0,0.0,0.0,0.0,0.0,0.0,0.0,0.5,0.0,0.0,0.0,-0.0012987600243791197,0.0,0.0,0.0,40.68701239975621,40.68701239975621,40.68701239975621,40.68701239975621,0.0011351814016209438,2.7427324684988328e-05,0.0,0.0,0.0,0.0011351814016209438,0.022611000531469472
9.952,0.0,0.0,0.5011353904005165,0.0,0.0,2.7166832136076076e-05,0.0,0.0,0.0,0.0,0.0,0.0,0.0,0.0,0.5,0.0,0.0,0.0,-0.0012987120340843816,0.0,0.0,0.0,40.68701287965916,40.68701287965916,40.68701287965916,40.68701287965916,0.0011353904005164672,2.7166832136076076e-05,0.0,0.0,0.0,0.0011353904005164672,0.016554999092477374
9.96,0.0,0.0,0.5011355974128548,0.0,0.0,2.6908774168419885e-05,0.0,0.0,0.0,0.0,0.0,0.0,0.0,0.0,0.5,0.0,0.0,0.0,-0.0012986644271537617,0.0,0.0,0.0,40.68701335572847,40.68701335572847,40.68701335572847,40.68701335572847,0.0011355974128548496,2.6908774168419885e-05,0.0,0.0,0.0,0.0011355974128548496,0.06053300057828892
9.968,0.0,0.0,0.5011358024412171,0.0,0.0,2.6652728391933034e-05,0.0,0.0,0.0,0.0,0.0,0.0,0.0,0.0,0.5,0.0,0.0,0.0,-0.0012986164665188538,0.0,0.0,0.0,40.68701383533482,40.68701383533482,40.68701383533482,40.68701383533482,0.0011358024412171375,2.6652728391933034e-05,0.0,0.0,0.0,0.0011358024412171375,0.05690800026059151
9.976,0.0,0.0,0.5011360055324857,0.0,0.0,2.6399464428050914e-05,0.0,0.0,0.0,0.0,0.0,0.0,0.0,0.0,0.5,0.0,0.0,0.0,-0.0012985695962840493,0.0,0.0,0.0,40.68701430403716,40.68701430403716,40.68701430403716,40.68701430403716,0.0011360055324857177,2.6399464428050914e-05,0.0,0.0,0.0,0.0011360055324857177,0.10884500079555437
9.984,0.0,0.0,0.5011362066891775,0.0,0.0,2.614848883614476e-05,0.0,0.0,0.0,0.0,0.0,0.0,0.0,0.0,0.5,0.0,0.0,0.0,-0.001298522954421455,0.0,0.0,0.0,40.68701477045579,40.68701477045579,40.68701477045579,40.68701477045579,0.0011362066891774658,2.614848883614476e-05,0.0,0.0,0.0,0.0011362066891774658,0.053932999435346574
9.992,0.0,0.0,0.501136405913806,0.0,0.0,2.5899406783215894e-05,0.0,0.0,0.0,0.0,0.0,0.0,0.0,0.0,0.5,0.0,0.0,0.0,-0.0012984758521475959,0.0,0.0,0.0,40.68701524147853,40.68701524147853,40.68701524147853,40.68701524147853,0.0011364059138060378,2.5899406783215894e-05,0.0,0.0,0.0,0.0011364059138060378,0.03899600051227026
10.0,0.0,0.0,0.501136603252278,0.0,0.0,2.5652987226767197e-05,0.0,0.0,0.0,0.0,0.0,0.0,0.0,0.0,0.5,0.0,0.0,0.0,-0.0012984297304878822,0.0,0.0,0.0,40.68701570269512,40.68701570269512,40.68701570269512,40.68701570269512,0.0011366032522780456,2.5652987226767197e-05,0.0,0.0,0.0,0.0011366032522780456,0.022020001779310405
10.008000000000001,0.0,0.0,0.5011367987070441,0.0,0.0,2.540875893238251e-05,0.0,0.0,0.0,0.0,0.0,0.0,0.0,0.0,0.5,0.0,0.0,0.0,-0.00129838376629976,0.0,0.0,0.0,40.687016162337,40.687016162337,40.687016162337,40.687016162337,0.0011367987070440844,2.540875893238251e-05,0.0,0.0,0.0,0.0011367987070440844,0.02285100163135212
10.016,0.0,0.0,0.5011369922805518,0.0,0.0,2.5166344837593196e-05,0.0,0.0,0.0,0.0,0.0,0.0,0.0,0.0,0.5,0.0,0.0,0.0,-0.0012983373018932154,0.0,0.0,0.0,40.68701662698107,40.68701662698107,40.68701662698107,40.68701662698107,0.0011369922805517518,2.5166344837593196e-05,0.0,0.0,0.0,0.0011369922805517518,0.017888000002130866
10.024000000000001,0.0,0.0,0.5011371840180044,0.0,0.0,2.4926512187392567e-05,0.0,0.0,0.0,0.0,0.0,0.0,0.0,0.0,0.5,0.0,0.0,0.0,-0.0012982917739056132,0.0,0.0,0.0,40.687017082260944,40.687017082260944,40.687017082260944,40.687017082260944,0.0011371840180044446,2.4926512187392567e-05,0.0,0.0,0.0,0.0011371840180044446,0.02048900023510214
10.032,0.0,0.0,0.5011373739217878,0.0,0.0,2.46888043340459e-05,0.0,0.0,0.0,0.0,0.0,0.0,0.0,0.0,0.5,0.0,0.0,0.0,-0.0012982463846963332,0.0,0.0,0.0,40.68701753615304,40.68701753615304,40.68701753615304,40.68701753615304,0.0011373739217878098,2.46888043340459e-05,0.0,0.0,0.0,0.0011373739217878098,0.019266999515821226
10.040000000000001,0.0,0.0,0.5011375619942844,0.0,0.0,2.4452855881645564e-05,0.0,0.0,0.0,0.0,0.0,0.0,0.0,0.0,0.5,0.0,0.0,0.0,-0.0012982004969448457,0.0,0.0,0.0,40.68701799503055,40.68701799503055,40.68701799503055,40.68701799503055,0.0011375619942843862,2.4452855881645564e-05,0.0,0.0,0.0,0.0011375619942843862,0.017020000086631626
10.048,0.0,0.0,0.501137748280094,0.0,0.0,2.4219429946988012e-05,0.0,0.0,0.0,0.0,0.0,0.0,0.0,0.0,0.5,0.0,0.0,0.0,-0.00129807210152999,0.0,0.0,0.0,40.6870192789847,40.6870192789847,40.6870192789847,40.6870192789847,0.001137748280094053,2.4219429946988012e-05,0.0,0.0,0.0,0.001137748280094053,0.0466050005343277
10.056000000000001,0.0,0.0,0.5011379328211636,0.0,0.0,2.39890706960072e-05,0.0,0.0,0.0,0.0,0.0,0.0,0.0,0.0,0.5,0.0,0.0,0.0,-0.0012980291114076392,0.0,0.0,0.0,40.68701970888593,40.68701970888593,40.68701970888593,40.68701970888593,0.0011379328211635897,2.39890706960072e-05,0.0,0.0,0.0,0.0011379328211635897,0.018310000086785294
10.064,0.0,0.0,0.5011381156197598,0.0,0.0,2.3761221463304125e-05,0.0,0.0,0.0,0.0,0.0,0.0,0.0,0.0,0.5,0.0,0.0,0.0,-0.0012979871156528766,0.0,0.0,0.0,40.68702012884347,40.68702012884347,40.68702012884347,40.68702012884347,0.0011381156197598497,2.3761221463304125e-05,0.0,0.0,0.0,0.0011381156197598497,0.01734000034048222
10.072000000000001,0.0,0.0,0.5011382966781468,0.0,0.0,2.3535436844391e-05,0.0,0.0,0.0,0.0,0.0,0.0,0.0,0.0,0.5,0.0,0.0,0.0,-0.0012979453361402493,0.0,0.0,0.0,40.6870205466386,40.6870205466386,40.6870205466386,40.6870205466386,0.0011382966781467996,2.3535436844391e-05,0.0,0.0,0.0,0.0011382966781467996,0.017177999325213023
10.08,0.0,0.0,0.5011384760377078,0.0,0.0,2.331233850004181e-05,0.0,0.0,0.0,0.0,0.0,0.0,0.0,0.0,0.5,0.0,0.0,0.0,-0.0012979049462318315,0.0,0.0,0.0,40.687020950537686,40.687020950537686,40.687020950537686,40.687020950537686,0.0011384760377077807,2.331233850004181e-05,0.0,0.0,0.0,0.0011384760377077807,0.01726200025586877
10.088000000000001,0.0,0.0,0.50113865370065,0.0,0.0,2.3091444356201648e-05,0.0,0.0,0.0,0.0,0.0,0.0,0.0,0.0,0.5,0.0,0.0,0.0,-0.0012978651032633515,0.0,0.0,0.0,40.68702134896737,40.68702134896737,40.68702134896737,40.68702134896737,0.0011386537006500275,2.3091444356201648e-05,0.0,0.0,0.0,0.0011386537006500275,0.01754300137690734
10.096,0.0,0.0,0.501138829669178,0.0,0.0,2.287236868424163e-05,0.0,0.0,0.0,0.0,0.0,0.0,0.0,0.0,0.5,0.0,0.0,0.0,-0.0012978251338419122,0.0,0.0,0.0,40.687021748661586,40.687021748661586,40.687021748661586,40.687021748661586,0.0011388296691779987,2.287236868424163e-05,0.0,0.0,0.0,0.0011388296691779987,0.01677699947322253
10.104000000000001,0.0,0.0,0.5011390039825898,0.0,0.0,2.2655730242791612e-05,0.0,0.0,0.0,0.0,0.0,0.0,0.0,0.0,0.5,0.0,0.0,0.0,-0.0012977862021427145,0.0,0.0,0.0,40.68702213797857,40.68702213797857,40.68702213797857,40.68702213797857,0.0011390039825898146,2.2655730242791612e-05,0.0,0.0,0.0,0.0011390039825898146,0.01738199898682069
10.112,0.0,0.0,0.5011391766430361,0.0,0.0,2.2441095351077048e-05,0.0,0.0,0.0,0.0,0.0,0.0,0.0,0.0,0.5,0.0,0.0,0.0,-0.0012977475504165614,0.0,0.0,0.0,40.68702252449584,40.68702252449584,40.68702252449584,40.68702252449584,0.0011391766430360883,2.2441095351077048e-05,0.0,0.0,0.0,0.0011391766430360883,0.015782999980729073
10.120000000000001,0.0,0.0,0.5011393476526645,0.0,0.0,2.2228116992309962e-05,0.0,0.0,0.0,0.0,0.0,0.0,0.0,0.0,0.5,0.0,0.0,0.0,-0.0012977085731745719,0.0,0.0,0.0,40.687022914268255,40.687022914268255,40.687022914268255,40.687022914268255,0.0011393476526645463,2.2228116992309962e-05,0.0,0.0,0.0,0.0011393476526645463,0.01710600008664187
10.128,0.0,0.0,0.5011395170495928,0.0,0.0,2.2017416800407044e-05,0.0,0.0,0.0,0.0,0.0,0.0,0.0,0.0,0.5,0.0,0.0,0.0,-0.0012976704373299786,0.0,0.0,0.0,40.6870232956267,40.6870232956267,40.6870232956267,40.6870232956267,0.0011395170495928086,2.2017416800407044e-05,0.0,0.0,0.0,0.0011395170495928086,0.0170620005519595
10.136000000000001,0.0,0.0,0.5011396848359163,0.0,0.0,2.180859152786699e-05,0.0,0.0,0.0,0.0,0.0,0.0,0.0,0.0,0.5,0.0,0.0,0.0,-0.0012976324384956772,0.0,0.0,0.0,40.687023675615045,40.687023675615045,40.687023675615045,40.687023675615045,0.0011396848359163103,2.180859152786699e-05,0.0,0.0,0.0,0.0011396848359163103,0.017073998606065288
10.144,0.0,0.0,0.5011398510137277,0.0,0.0,2.1601318507303572e-05,0.0,0.0,0.0,0.0,0.0,0.0,0.0,0.0,0.5,0.0,0.0,0.0,-0.001297594013856096,0.0,0.0,0.0,40.68702405986144,40.68702405986144,40.68702405986144,40.68702405986144,0.0011398510137277107,2.1601318507303572e-05,0.0,0.0,0.0,0.0011398510137277107,0.020986999516026117
10.152000000000001,0.0,0.0,0.5011400156204722,0.0,0.0,2.139622341727175e-05,0.0,0.0,0.0,0.0,0.0,0.0,0.0,0.0,0.5,0.0,0.0,0.0,-0.0012975563361125042,0.0,0.0,0.0,40.68702443663888,40.68702443663888,40.68702443663888,40.68702443663888,0.0011400156204721679,2.139622341727175e-05,0.0,0.0,0.0,0.0011400156204721679,0.05369199971028138
10.16,0.0,0.0,0.5011401786581908,0.0,0.0,2.1192921700292806e-05,0.0,0.0,0.0,0.0,0.0,0.0,0.0,0.0,0.5,0.0,0.0,0.0,-0.001297518733609393,0.0,0.0,0.0,40.68702481266391,40.68702481266391,40.68702481266391,40.68702481266391,0.0011401786581908269,2.1192921700292806e-05,0.0,0.0,0.0,0.0011401786581908269,0.11121700117655564
10.168000000000001,0.0,0.0,0.5011403401289225,0.0,0.0,2.099110565209341e-05,0.0,0.0,0.0,0.0,0.0,0.0,0.0,0.0,0.5,0.0,0.0,0.0,-0.0012974806697152452,0.0,0.0,0.0,40.68702519330285,40.68702519330285,40.68702519330285,40.68702519330285,0.0011403401289225013,2.099110565209341e-05,0.0,0.0,0.0,0.0011403401289225013,0.060331998611218296
10.176,0.0,0.0,0.5011405000696831,0.0,0.0,2.079140353756605e-05,0.0,0.0,0.0,0.0,0.0,0.0,0.0,0.0,0.5,0.0,0.0,0.0,-0.0012974433208343683,0.0,0.0,0.0,40.68702556679166,40.68702556679166,40.68702556679166,40.68702556679166,0.0011405000696831369,2.079140353756605e-05,0.0,0.0,0.0,0.0011405000696831369,0.09664500066719484
10.184000000000001,0.0,0.0,0.5011406584824608,0.0,0.0,2.059344227188379e-05,0.0,0.0,0.0,0.0,0.0,0.0,0.0,0.0,0.5,0.0,0.0,0.0,-0.0012974060353639905,0.0,0.0,0.0,40.68702593964636,40.68702593964636,40.68702593964636,40.68702593964636,0.0011406584824608101,2.059344227188379e-05,0.0,0.0,0.0,0.0011406584824608101,0.07609500062244479
10.192,0.0,0.0,0.5011408153692407,0.0,0.0,2.0396923315024134e-05,0.0,0.0,0.0,0.0,0.0,0.0,0.0,0.0,0.5,0.0,0.0,0.0,-0.0012973682926692431,0.0,0.0,0.0,40.68702631707331,40.68702631707331,40.68702631707331,40.68702631707331,0.0011408153692407108,2.0396923315024134e-05,0.0,0.0,0.0,0.0011408153692407108,0.050611999540706165
10.200000000000001,0.0,0.0,0.5011409707666873,0.0,0.0,2.020247481645218e-05,0.0,0.0,0.0,0.0,0.0,0.0,0.0,0.0,0.5,0.0,0.0,0.0,-0.0012972510904105672,0.0,0.0,0.0,40.6870274890959,40.6870274890959,40.6870274890959,40.6870274890959,0.0011409707666872881,2.020247481645218e-05,0.0,0.0,0.0,0.0011409707666872881,0.054801999795017764
10.208,0.0,0.0,0.5011411247129064,0.0,0.0,2.001063533080729e-05,0.0,0.0,0.0,0.0,0.0,0.0,0.0,0.0,0.5,0.0,0.0,0.0,-0.0012972158052135807,0.0,0.0,0.0,40.68702784194787,40.68702784194787,40.68702784194787,40.68702784194787,0.001141124712906394,2.001063533080729e-05,0.0,0.0,0.0,0.001141124712906394,0.07177000043157022
10.216000000000001,0.0,0.0,0.5011412772097836,0.0,0.0,1.9820930195571977e-05,0.0,0.0,0.0,0.0,0.0,0.0,0.0,0.0,0.5,0.0,0.0,0.0,-0.001297181428953631,0.0,0.0,0.0,40.68702818571047,40.68702818571047,40.68702818571047,40.68702818571047,0.001141277209783631,1.9820930195571977e-05,0.0,0.0,0.0,0.001141277209783631,0.08527700083504897
10.224,0.0,0.0,0.5011414282592022,0.0,0.0,1.963297961967337e-05,0.0,0.0,0.0,0.0,0.0,0.0,0.0,0.0,0.5,0.0,0.0,0.0,-0.0012971472980403131,0.0,0.0,0.0,40.6870285270196,40.6870285270196,40.6870285270196,40.6870285270196,0.0011414282592021596,1.963297961967337e-05,0.0,0.0,0.0,0.0011414282592021596,0.08053300007304642
10.232000000000001,0.0,0.0,0.501141577895075,0.0,0.0,1.9447280515830764e-05,0.0,0.0,0.0,0.0,0.0,0.0,0.0,0.0,0.5,0.0,0.0,0.0,-0.0012971143520127404,0.0,0.0,0.0,40.68702885647988,40.68702885647988,40.68702885647988,40.68702885647988,0.0011415778950749633,1.9447280515830764e-05,0.0,0.0,0.0,0.0011415778950749633,0.11625700062722899
10.24,0.0,0.0,0.5011417261192386,0.0,0.0,1.9263428502907807e-05,0.0,0.0,0.0,0.0,0.0,0.0,0.0,0.0,0.5,0.0,0.0,0.0,-0.0012970818839843634,0.0,0.0,0.0,40.687029181160156,40.687029181160156,40.687029181160156,40.687029181160156,0.001141726119238573,1.9263428502907807e-05,0.0,0.0,0.0,0.001141726119238573,0.07375600034720264
10.248,0.0,0.0,0.5011418729335273,0.0,0.0,1.9081100020481768e-05,0.0,0.0,0.0,0.0,0.0,0.0,0.0,0.0,0.5,0.0,0.0,0.0,-0.0012970493290644924,0.0,0.0,0.0,40.68702950670936,40.68702950670936,40.68702950670936,40.68702950670936,0.0011418729335272992,1.9081100020481768e-05,0.0,0.0,0.0,0.0011418729335272992,0.033692000215523876
10.256,0.0,0.0,0.501142018339773,0.0,0.0,1.8900036159152223e-05,0.0,0.0,0.0,0.0,0.0,0.0,0.0,0.0,0.5,0.0,0.0,0.0,-0.001297016235947357,0.0,0.0,0.0,40.68702983764053,40.68702983764053,40.68702983764053,40.68702983764053,0.00114201833977301,1.8900036159152223e-05,0.0,0.0,0.0,0.00114201833977301,0.07184300011431333
10.264,0.0,0.0,0.5011421623802533,0.0,0.0,1.8721040935347603e-05,0.0,0.0,0.0,0.0,0.0,0.0,0.0,0.0,0.5,0.0,0.0,0.0,-0.0012969841001416738,0.0,0.0,0.0,40.68703015899859,40.68703015899859,40.68703015899859,40.68703015899859,0.001142162380253331,1.8721040935347603e-05,0.0,0.0,0.0,0.001142162380253331,0.06848899829492439
10.272,0.0,0.0,0.501142305056743,0.0,0.0,1.8543744988848947e-05,0.0,0.0,0.0,0.0,0.0,0.0,0.0,0.0,0.5,0.0,0.0,0.0,-0.0012969522761706598,0.0,0.0,0.0,40.687030477238295,40.687030477238295,40.687030477238295,40.687030477238295,0.0011423050567429538,1.8543744988848947e-05,0.0,0.0,0.0,0.0011423050567429538,0.11088099927292205
10.28,0.0,0.0,0.501142446371014,0.0,0.0,1.836785276764644e-05,0.0,0.0,0.0,0.0,0.0,0.0,0.0,0.0,0.5,0.0,0.0,0.0,-0.0012969202482314701,0.0,0.0,0.0,40.687030797517686,40.687030797517686,40.687030797517686,40.687030797517686,0.0011424463710140165,1.836785276764644e-05,0.0,0.0,0.0,0.0011424463710140165,0.10589300109131727
10.288,0.0,0.0,0.5011425863248364,0.0,0.0,1.8193127774617933e-05,0.0,0.0,0.0,0.0,0.0,0.0,0.0,0.0,0.5,0.0,0.0,0.0,-0.0012968876042747102,0.0,0.0,0.0,40.687031123957254,40.687031123957254,40.687031123957254,40.687031123957254,0.0011425863248364365,1.8193127774617933e-05,0.0,0.0,0.0,0.0011425863248364365,0.06709300032525789
10.296,0.0,0.0,0.501142724959676,0.0,0.0,1.8020373209899407e-05,0.0,0.0,0.0,0.0,0.0,0.0,0.0,0.0,0.5,0.0,0.0,0.0,-0.001296855836783517,0.0,0.0,0.0,40.687031441632165,40.687031441632165,40.687031441632165,40.687031441632165,0.0011427249596760447,1.8020373209899407e-05,0.0,0.0,0.0,0.0011427249596760447,0.04930400064040441
10.304,0.0,0.0,0.5011428622772466,0.0,0.0,1.7849237831333845e-05,0.0,0.0,0.0,0.0,0.0,0.0,0.0,0.0,0.5,0.0,0.0,0.0,-0.0012968243319947392,0.0,0.0,0.0,40.68703175668006,40.68703175668006,40.68703175668006,40.68703175668006,0.0011428622772465813,1.7849237831333845e-05,0.0,0.0,0.0,0.0011428622772465813,0.029475999326677993
10.312,0.0,0.0,0.5011429982792596,0.0,0.0,1.7679440589687548e-05,0.0,0.0,0.0,0.0,0.0,0.0,0.0,0.0,0.5,0.0,0.0,0.0,-0.0012967925994675777,0.0,0.0,0.0,40.68703207400533,40.68703207400533,40.68703207400533,40.68703207400533,0.001142998279259566,1.7679440589687548e-05,0.0,0.0,0.0,0.001142998279259566,0.023548000172013417
10.32,0.0,0.0,0.5011431329674243,0.0,0.0,1.751075659005937e-05,0.0,0.0,0.0,0.0,0.0,0.0,0.0,0.0,0.5,0.0,0.0,0.0,-0.001296760247418427,0.0,0.0,0.0,40.68703239752582,40.68703239752582,40.68703239752582,40.68703239752582,0.0011431329674242985,1.751075659005937e-05,0.0,0.0,0.0,0.0011431329674242985,0.02126199979102239
10.328,0.0,0.0,0.5011432663827526,0.0,0.0,1.7343988480561543e-05,0.0,0.0,0.0,0.0,0.0,0.0,0.0,0.0,0.5,0.0,0.0,0.0,-0.0012967287664709115,0.0,0.0,0.0,40.687032712335295,40.687032712335295,40.687032712335295,40.687032712335295,0.001143266382752639,1.7343988480561543e-05,0.0,0.0,0.0,0.001143266382752639,0.016039999536587857
10.336,0.0,0.0,0.5011433985268983,0.0,0.0,1.717879442509639e-05,0.0,0.0,0.0,0.0,0.0,0.0,0.0,0.0,0.5,0.0,0.0,0.0,-0.00129669755927031,0.0,0.0,0.0,40.6870330244073,40.6870330244073,40.6870330244073,40.6870330244073,0.001143398526898265,1.717879442509639e-05,0.0,0.0,0.0,0.001143398526898265,0.017891999959829263
10.344,0.0,0.0,0.501143529401513,0.0,0.0,1.7014900907604245e-05,0.0,0.0,0.0,0.0,0.0,0.0,0.0,0.0,0.5,0.0,0.0,0.0,-0.0012966661484939968,0.0,0.0,0.0,40.687033338515064,40.687033338515064,40.687033338515064,40.687033338515064,0.001143529401512966,1.7014900907604245e-05,0.0,0.0,0.0,0.001143529401512966,0.031554000088362955
10.352,0.0,0.0,0.5011436590082462,0.0,0.0,1.6852089056947747e-05,0.0,0.0,0.0,0.0,0.0,0.0,0.0,0.0,0.5,0.0,0.0,0.0,-0.0012966341528251046,0.0,0.0,0.0,40.687033658471755,40.687033658471755,40.687033658471755,40.687033658471755,0.0011436590082462006,1.6852089056947747e-05,0.0,0.0,0.0,0.0011436590082462006,0.01754600089043379
10.36,0.0,0.0,0.5011437873876605,0.0,0.0,1.669115660359411e-05,0.0,0.0,0.0,0.0,0.0,0.0,0.0,0.0,0.5,0.0,0.0,0.0,-0.0012966030533660966,0.0,0.0,0.0,40.68703396946634,40.68703396946634,40.68703396946634,40.68703396946634,0.001143787387660522,1.669115660359411e-05,0.0,0.0,0.0,0.001143787387660522,0.016500998754054308
10.368,0.0,0.0,0.5011439145413505,0.0,0.0,1.6531767533414594e-05,0.0,0.0,0.0,0.0,0.0,0.0,0.0,0.0,0.5,0.0,0.0,0.0,-0.001296572262875384,0.0,0.0,0.0,40.68703427737125,40.68703427737125,40.68703427737125,40.68703427737125,0.0011439145413505436,1.6531767533414594e-05,0.0,0.0,0.0,0.0011439145413505436,0.017055999705917202
10.376,0.0,0.0,0.5011440404709089,0.0,0.0,1.6373652985149005e-05,0.0,0.0,0.0,0.0,0.0,0.0,0.0,0.0,0.5,0.0,0.0,0.0,-0.0012965413120930025,0.0,0.0,0.0,40.68703458687907,40.68703458687907,40.68703458687907,40.68703458687907,0.0011440404709088803,1.6373652985149005e-05,0.0,0.0,0.0,0.0011440404709088803,0.01600500036147423
10.384,0.0,0.0,0.501144165177926,0.0,0.0,1.6216597817050788e-05,0.0,0.0,0.0,0.0,0.0,0.0,0.0,0.0,0.5,0.0,0.0,0.0,-0.0012965098261387142,0.0,0.0,0.0,40.68703490173861,40.68703490173861,40.68703490173861,40.68703490173861,0.0011441651779260376,1.6216597817050788e-05,0.0,0.0,0.0,0.0011441651779260376,0.01670299934630748
10.392,0.0,0.0,0.5011442887023599,0.0,0.0,1.606138910123428e-05,0.0,0.0,0.0,0.0,0.0,0.0,0.0,0.0,0.5,0.0,0.0,0.0,-0.0012963945486853534,0.0,0.0,0.0,40.68703605451315,40.68703605451315,40.68703605451315,40.68703605451315,0.0011442887023599413,1.606138910123428e-05,0.0,0.0,0.0,0.0011442887023599413,0.02582399974926375
10.4,0.0,0.0,0.501144411081324,0.0,0.0,1.5908585382827902e-05,0.0,0.0,0.0,0.0,0.0,0.0,0.0,0.0,0.5,0.0,0.0,0.0,-0.001296365968868507,0.0,0.0,0.0,40.687036340311316,40.687036340311316,40.687036340311316,40.687036340311316,0.001144411081324015,1.5908585382827902e-05,0.0,0.0,0.0,0.001144411081324015,0.03746699985640589
10.408,0.0,0.0,0.5011445323163065,0.0,0.0,1.5757742868700102e-05,0.0,0.0,0.0,0.0,0.0,0.0,0.0,0.0,0.5,0.0,0.0,0.0,-0.0012963385923554505,0.0,0.0,0.0,40.68703661407645,40.68703661407645,40.68703661407645,40.68703661407645,0.0011445323163065124,1.5757742868700102e-05,0.0,0.0,0.0,0.0011445323163065124,0.04498299858823884
10.416,0.0,0.0,0.5011446524087939,0.0,0.0,1.5608506479934012e-05,0.0,0.0,0.0,0.0,0.0,0.0,0.0,0.0,0.5,0.0,0.0,0.0,-0.0012963117981961148,0.0,0.0,0.0,40.68703688201804,40.68703688201804,40.68703688201804,40.68703688201804,0.0011446524087939114,1.5608506479934012e-05,0.0,0.0,0.0,0.0011446524087939114,0.05592399975284934
10.424,0.0,0.0,0.5011447713602706,0.0,0.0,1.546059210066322e-05,0.0,0.0,0.0,0.0,0.0,0.0,0.0,0.0,0.5,0.0,0.0,0.0,-0.001296285090116478,0.0,0.0,0.0,40.687037149098835,40.687037149098835,40.687037149098835,40.687037149098835,0.00114477136027058,1.546059210066322e-05,0.0,0.0,0.0,0.00114477136027058,0.1345489999948768
10.432,0.0,0.0,0.5011448892060001,0.0,0.0,1.5314616918233393e-05,0.0,0.0,0.0,0.0,0.0,0.0,0.0,0.0,0.5,0.0,0.0,0.0,-0.0012962596216226085,0.0,0.0,0.0,40.687037403783776,40.687037403783776,40.687037403783776,40.687037403783776,0.0011448892060000881,1.5314616918233393e-05,0.0,0.0,0.0,0.0011448892060000881,0.08727199929126073
10.44,0.0,0.0,0.5011450059474191,0.0,0.0,1.5170229008992497e-05,0.0,0.0,0.0,0.0,0.0,0.0,0.0,0.0,0.5,0.0,0.0,0.0,-0.0012962347772106364,0.0,0.0,0.0,40.68703765222789,40.68703765222789,40.68703765222789,40.68703765222789,0.0011450059474190644,1.5170229008992497e-05,0.0,0.0,0.0,0.0011450059474190644,0.07736000043223612
10.448,0.0,0.0,0.5011451215859624,0.0,0.0,1.502714678960737e-05,0.0,0.0,0.0,0.0,0.0,0.0,0.0,0.0,0.5,0.0,0.0,0.0,-0.001296210064958947,0.0,0.0,0.0,40.687037899350415,40.687037899350415,40.687037899350415,40.687037899350415,0.001145121585962361,1.502714678960737e-05,0.0,0.0,0.0,0.001145121585962361,0.037855001210118644
10.456,0.0,0.0,0.5011452361230629,0.0,0.0,1.4885144946229594e-05,0.0,0.0,0.0,0.0,0.0,0.0,0.0,0.0,0.5,0.0,0.0,0.0,-0.001296185091806512,0.0,0.0,0.0,40.687038149081936,40.687038149081936,40.687038149081936,40.687038149081936,0.0011452361230629426,1.4885144946229594e-05,0.0,0.0,0.0,0.0011452361230629426,0.030502000299748033
10.464,0.0,0.0,0.5011453495601519,0.0,0.0,1.4744043180593393e-05,0.0,0.0,0.0,0.0,0.0,0.0,0.0,0.0,0.5,0.0,0.0,0.0,-0.0012961595437794848,0.0,0.0,0.0,40.68703840456221,40.68703840456221,40.68703840456221,40.68703840456221,0.001145349560151887,1.4744043180593393e-05,0.0,0.0,0.0,0.001145349560151887,0.020793000658159144
10.472,0.0,0.0,0.5011454619374044,0.0,0.0,1.4604665857064286e-05,0.0,0.0,0.0,0.0,0.0,0.0,0.0,0.0,0.5,0.0,0.0,0.0,-0.00129613494801617,0.0,0.0,0.0,40.68703865051984,40.68703865051984,40.68703865051984,40.68703865051984,0.0011454619374043906,1.4604665857064286e-05,0.0,0.0,0.0,0.0011454619374043906,0.019515000531100668
10.48,0.0,0.0,0.5011455732561976,0.0,0.0,1.4466702515235599e-05,0.0,0.0,0.0,0.0,0.0,0.0,0.0,0.0,0.5,0.0,0.0,0.0,-0.001296110761745739,0.0,0.0,0.0,40.687038892382546,40.687038892382546,40.687038892382546,40.687038892382546,0.001145573256197574,1.4466702515235599e-05,0.0,0.0,0.0,0.001145573256197574,0.01792699913494289
10.488,0.0,0.0,0.5011456835179067,0.0,0.0,1.4329904739599998e-05,0.0,0.0,0.0,0.0,0.0,0.0,0.0,0.0,0.5,0.0,0.0,0.0,-0.0012960865512048336,0.0,0.0,0.0,40.687039134487954,40.687039134487954,40.687039134487954,40.687039134487954,0.0011456835179066704,1.4329904739599998e-05,0.0,0.0,0.0,0.0011456835179066704,0.016459000107715838
10.496,0.0,0.0,0.5011457927239052,0.0,0.0,1.4194073756115796e-05,0.0,0.0,0.0,0.0,0.0,0.0,0.0,0.0,0.5,0.0,0.0,0.0,-0.0012960619698453302,0.0,0.0,0.0,40.68703938030155,40.68703938030155,40.68703938030155,40.68703938030155,0.0011457927239052479,1.4194073756115796e-05,0.0,0.0,0.0,0.0011457927239052479,0.017496999134891666
10.504,0.0,0.0,0.5011459008755649,0.0,0.0,1.4059050495592039e-05,0.0,0.0,0.0,0.0,0.0,0.0,0.0,0.0,0.5,0.0,0.0,0.0,-0.001296036740875861,0.0,0.0,0.0,40.687039632591244,40.687039632591244,40.687039632591244,40.687039632591244,0.0011459008755648759,1.4059050495592039e-05,0.0,0.0,0.0,0.0011459008755648759,0.017665000996203162
10.512,0.0,0.0,0.5011460080121548,0.0,0.0,1.3925655144798307e-05,0.0,0.0,0.0,0.0,0.0,0.0,0.0,0.0,0.5,0.0,0.0,0.0,-0.0012960123823190228,0.0,0.0,0.0,40.68703987617681,40.68703987617681,40.68703987617681,40.68703987617681,0.0011460080121548089,1.3925655144798307e-05,0.0,0.0,0.0,0.0011460080121548089,0.01755599987518508
10.52,0.0,0.0,0.5011461141349939,0.0,0.0,1.3793595092638058e-05,0.0,0.0,0.0,0.0,0.0,0.0,0.0,0.0,0.5,0.0,0.0,0.0,-0.001295988382650326,0.0,0.0,0.0,40.6870401161735,40.6870401161735,40.6870401161735,40.6870401161735,0.0011461141349938808,1.3793595092638058e-05,0.0,0.0,0.0,0.0011461141349938808,0.01823399907152634
10.528,0.0,0.0,0.5011462192453993,0.0,0.0,1.3662636208598332e-05,0.0,0.0,0.0,0.0,0.0,0.0,0.0,0.0,0.5,0.0,0.0,0.0,-0.001295964333090982,0.0,0.0,0.0,40.687040356669094,40.687040356669094,40.687040356669094,40.687040356669094,0.0011462192453992603,1.3662636208598332e-05,0.0,0.0,0.0,0.0011462192453992603,0.016849000530783087
10.536,0.0,0.0,0.5011463233446865,0.0,0.0,1.3532591146637732e-05,0.0,0.0,0.0,0.0,0.0,0.0,0.0,0.0,0.5,0.0,0.0,0.0,-0.001295939907057897,0.0,0.0,0.0,40.68704060092942,40.68704060092942,40.68704060092942,40.68704060092942,0.0011463233446864507,1.3532591146637732e-05,0.0,0.0,0.0,0.0011463233446864507,0.018328000805922784
10.544,0.0,0.0,0.5011464264341692,0.0,0.0,1.3403309985511908e-05,0.0,0.0,0.0,0.0,0.0,0.0,0.0,0.0,0.5,0.0,0.0,0.0,-0.0012959148437188261,0.0,0.0,0.0,40.68704085156281,40.68704085156281,40.68704085156281,40.68704085156281,0.0011464264341691788,1.3403309985511908e-05,0.0,0.0,0.0,0.0011464264341691788,0.019348000932950526
10.552,0.0,0.0,0.5011465285527793,0.0,0.0,1.3275613241498488e-05,0.0,0.0,0.0,0.0,0.0,0.0,0.0,0.0,0.5,0.0,0.0,0.0,-0.0012958906610138765,0.0,0.0,0.0,40.687041093389865,40.687041093389865,40.687041093389865,40.687041093389865,0.0011465285527793023,1.3275613241498488e-05,0.0,0.0,0.0,0.0011465285527793023,0.03184500019415282
10.56,0.0,0.0,0.5011466297017781,0.0,0.0,1.3149215564283314e-05,0.0,0.0,0.0,0.0,0.0,0.0,0.0,0.0,0.5,0.0,0.0,0.0,-0.0012958668600628886,0.0,0.0,0.0,40.68704133139937,40.68704133139937,40.68704133139937,40.68704133139937,0.0011466297017781457,1.3149215564283314e-05,0.0,0.0,0.0,0.0011466297017781457,0.017907999790622853
10.568,0.0,0.0,0.5011467298824257,0.0,0.0,1.3023888640310628e-05,0.0,0.0,0.0,0.0,0.0,0.0,0.0,0.0,0.5,0.0,0.0,0.0,-0.0012958430421952105,0.0,0.0,0.0,40.68704156957805,40.68704156957805,40.68704156957805,40.68704156957805,0.001146729882425701,1.3023888640310628e-05,0.0,0.0,0.0,0.001146729882425701,0.01668099866947159
10.576,0.0,0.0,0.50114682909598,0.0,0.0,1.2899449768773547e-05,0.0,0.0,0.0,0.0,0.0,0.0,0.0,0.0,0.5,0.0,0.0,0.0,-0.001295818888876532,0.0,0.0,0.0,40.687041811111236,40.687041811111236,40.687041811111236,40.687041811111236,0.001146829095979962,1.2899449768773547e-05,0.0,0.0,0.0,0.001146829095979962,0.015755000276840292
10.584,0.0,0.0,0.5011469273436976,0.0,0.0,1.2775752755722093e-05,0.0,0.0,0.0,0.0,0.0,0.0,0.0,0.0,0.5,0.0,0.0,0.0,-0.0012957941457116817,0.0,0.0,0.0,40.687042058542886,40.687042058542886,40.687042058542886,40.687042058542886,0.0011469273436975902,1.2775752755722093e-05,0.0,0.0,0.0,0.0011469273436975902,0.02388099892414175
10.592,0.0,0.0,0.5011470246640832,0.0,0.0,1.2653611845555992e-05,0.0,0.0,0.0,0.0,0.0,0.0,0.0,0.0,0.5,0.0,0.0,0.0,-0.0012957703187834735,0.0,0.0,0.0,40.687042296812166,40.687042296812166,40.687042296812166,40.687042296812166,0.0011470246640832293,1.2653611845555992e-05,0.0,0.0,0.0,0.0011470246640832293,0.028077998649678193
10.6,0.0,0.0,0.5011471210583417,0.0,0.0,1.2532745938049913e-05,0.0,0.0,0.0,0.0,0.0,0.0,0.0,0.0,0.5,0.0,0.0,0.0,-0.0012957469165686408,0.0,0.0,0.0,40.68704253083432,40.68704253083432,40.68704253083432,40.68704253083432,0.0011471210583416935,1.2532745938049913e-05,0.0,0.0,0.0,0.0011471210583416935,0.13813599980494473
10.608,0.0,0.0,0.5011472165276764,0.0,0.0,1.241293011693919e-05,0.0,0.0,0.0,0.0,0.0,0.0,0.0,0.0,0.5,0.0,0.0,0.0,-0.0012957235462541794,0.0,0.0,0.0,40.68704276453746,40.68704276453746,40.68704276453746,40.68704276453746,0.0011472165276763535,1.241293011693919e-05,0.0,0.0,0.0,0.0011472165276763535,0.05235800017544534
10.616,0.0,0.0,0.5011473110732889,0.0,0.0,1.229398440758086e-05,0.0,0.0,0.0,0.0,0.0,0.0,0.0,0.0,0.5,0.0,0.0,0.0,-0.0012956998939854802,0.0,0.0,0.0,40.68704300106015,40.68704300106015,40.68704300106015,40.68704300106015,0.0011473110732889147,1.229398440758086e-05,0.0,0.0,0.0,0.0011473110732889147,0.08927300041250419
10.624,0.0,0.0,0.5011474046963795,0.0,0.0,1.2175764791400634e-05,0.0,0.0,0.0,0.0,0.0,0.0,0.0,0.0,0.5,0.0,0.0,0.0,-0.0012956757090785143,0.0,0.0,0.0,40.68704324290922,40.68704324290922,40.68704324290922,40.68704324290922,0.0011474046963795281,1.2175764791400634e-05,0.0,0.0,0.0,0.0011474046963795281,0.09879500066745095
10.632,0.0,0.0,0.5011474974346987,0.0,0.0,1.205906981149936e-05,0.0,0.0,0.0,0.0,0.0,0.0,0.0,0.0,0.5,0.0,0.0,0.0,-0.001295570753724773,0.0,0.0,0.0,40.68704429246276,40.68704429246276,40.68704429246276,40.68704429246276,0.0011474974346986633,1.205906981149936e-05,0.0,0.0,0.0,0.0011474974346986633,0.09224300083587877
10.64,0.0,0.0,0.5011475893217872,0.0,0.0,1.1944433061539584e-05,0.0,0.0,0.0,0.0,0.0,0.0,0.0,0.0,0.5,0.0,0.0,0.0,-0.001295549460834211,0.0,0.0,0.0,40.68704450539166,40.68704450539166,40.68704450539166,40.68704450539166,0.0011475893217871569,1.1944433061539584e-05,0.0,0.0,0.0,0.0011475893217871569,0.054521000492968597
10.648,0.0,0.0,0.5011476803587509,0.0,0.0,1.1831470542862896e-05,0.0,0.0,0.0,0.0,0.0,0.0,0.0,0.0,0.5,0.0,0.0,0.0,-0.0012955294430736508,0.0,0.0,0.0,40.687044705569264,40.687044705569264,40.687044705569264,40.687044705569264,0.0011476803587509021,1.1831470542862896e-05,0.0,0.0,0.0,0.0011476803587509021,0.07354700028372463
10.656,0.0,0.0,0.5011477705466946,0.0,0.0,1.1719875026009405e-05,0.0,0.0,0.0,0.0,0.0,0.0,0.0,0.0,0.5,0.0,0.0,0.0,-0.0012955101628145949,0.0,0.0,0.0,40.68704489837186,40.68704489837186,40.68704489837186,40.68704489837186,0.001147770546694571,1.1719875026009405e-05,0.0,0.0,0.0,0.001147770546694571,0.08016200081328861
10.664,0.0,0.0,0.5011478598867213,0.0,0.0,1.1609400688555405e-05,0.0,0.0,0.0,0.0,0.0,0.0,0.0,0.0,0.5,0.0,0.0,0.0,-0.0012954911903163557,0.0,0.0,0.0,40.68704508809684,40.68704508809684,40.68704508809684,40.68704508809684,0.0011478598867212808,1.1609400688555405e-05,0.0,0.0,0.0,0.0011478598867212808,0.06074399971112143
10.672,0.0,0.0,0.5011479483799327,0.0,0.0,1.149985083647769e-05,0.0,0.0,0.0,0.0,0.0,0.0,0.0,0.0,0.5,0.0,0.0,0.0,-0.001295472182152535,0.0,0.0,0.0,40.68704527817848,40.68704527817848,40.68704527817848,40.68704527817848,0.0011479483799327062,1.149985083647769e-05,0.0,0.0,0.0,0.0011479483799327062,0.04699300006905105
10.68,0.0,0.0,0.5011480360274291,0.0,0.0,1.1391068078477419e-05,0.0,0.0,0.0,0.0,0.0,0.0,0.0,0.0,0.5,0.0,0.0,0.0,-0.0012954528639476104,0.0,0.0,0.0,40.68704547136053,40.68704547136053,40.68704547136053,40.68704547136053,0.001148036027429078,1.1391068078477419e-05,0.0,0.0,0.0,0.001148036027429078,0.12324199997237884
10.688,0.0,0.0,0.5011481228666923,0.0,0.0,1.1283836043399819e-05,0.0,0.0,0.0,0.0,0.0,0.0,0.0,0.1,0.5,0.0,0.0,0.0,-0.0012954346859893606,0.0,0.0,0.0,40.68704565314011,40.68704565314011,40.68704565314011,40.68704565314011,0.1000065907133976,1.1283836043399819e-05,0.0,0.0,-0.1,0.0011481228666923027,0.06853900049463846
10.696,0.0,0.0,0.5011482088987725,0.0,0.0,1.1177870840660293e-05,0.0,0.0,0.0,0.0,0.0,0.0,0.0,0.1,0.5,0.0,0.0,0.0,-0.0012954171515483504,0.0,0.0,0.0,40.68704582848452,40.68704582848452,40.68704582848452,40.68704582848452,0.1000065917011235,1.1177870840660293e-05,0.0,0.0,-0.1,0.0011482088987725403,0.052974000936956145
10.704,0.0,0.0,0.5011482941247185,0.0,0.0,1.1072945321706996e-05,0.0,0.0,0.0,0.0,0.0,0.0,0.0,0.1,0.5,0.0,0.0,0.0,-0.0012953998635868436,0.0,0.0,0.0,40.68704600136414,40.68704600136414,40.68704600136414,40.68704600136414,0.10000659267966719,1.1072945321706996e-05,0.0,0.0,-0.1,0.0011482941247185074,0.06664399916189723
10.712,0.0,0.0,0.5011483785455777,0.0,0.0,1.0968877737169225e-05,0.0,0.0,0.0,0.0,0.0,0.0,0.0,0.1,0.5,0.0,0.0,0.0,-0.001295382504829301,0.0,0.0,0.0,40.68704617495171,40.68704617495171,40.68704617495171,40.68704617495171,0.10000659364903869,1.0968877737169225e-05,0.0,0.0,-0.1,0.0011483785455776996,0.08419200094067492
10.72,0.0,0.0,0.5011484621623961,0.0,0.0,1.0865522648690724e-05,0.0,0.0,0.0,0.0,0.0,0.0,0.0,0.1,0.5,0.0,0.0,0.0,-0.001295364821794931,0.0,0.0,0.0,40.68704635178205,40.68704635178205,40.68704635178205,40.68704635178205,0.10000659460924793,1.0865522648690724e-05,0.0,0.0,-0.1,0.0011484621623960578,0.08404000072914641
10.728,0.0,0.0,0.5011485449762184,0.0,0.0,1.076276367783278e-05,0.0,0.0,0.0,0.0,0.0,0.0,0.0,0.1,0.5,0.0,0.0,0.0,-0.0012953466120583235,0.0,0.0,0.0,40.68704653387942,40.68704653387942,40.68704653387942,40.68704653387942,0.10000659556030492,1.076276367783278e-05,0.0,0.0,-0.1,0.001148544976218413,0.050036998800351284
10.736,0.0,0.0,0.5011486270208793,0.0,0.0,1.0661327463339476e-05,0.0,0.0,0.0,0.0,0.0,0.0,0.0,0.1,0.5,0.0,0.0,0.0,-0.0012953292186271836,0.0,0.0,0.0,40.68704670781373,40.68704670781373,40.68704670781373,40.68704670781373,0.10000659650259625,1.0661327463339476e-05,0.0,0.0,-0.1,0.001148627020879256,0.030551998861483298
10.744,0.0,0.0,0.5011487082973781,0.0,0.0,1.0560974442283524e-05,0.0,0.0,0.0,0.0,0.0,0.0,0.0,0.1,0.5,0.0,0.0,0.0,-0.0012953122225554115,0.0,0.0,0.0,40.68704687777445,40.68704687777445,40.68704687777445,40.68704687777445,0.10000659743613152,1.0560974442283524e-05,0.0,0.0,-0.1,0.0011487082973781204,0.02265599869133439
10.752,0.0,0.0,0.501148788806713,0.0,0.0,1.0461512925463471e-05,0.0,0.0,0.0,0.0,0.0,0.0,0.0,0.1,0.5,0.0,0.0,0.0,-0.001295295289006626,0.0,0.0,0.0,40.687047047109935,40.687047047109935,40.687047047109935,40.687047047109935,0.10000659836092032,1.0461512925463471e-05,0.0,0.0,-0.1,0.0011487888067129859,0.020591000065905973
10.76,0.0,0.0,0.5011488685498807,0.0,0.0,1.0362789533764378e-05,0.0,0.0,0.0,0.0,0.0,0.0,0.0,0.1,0.5,0.0,0.0,0.0,-0.0012952781504522726,0.0,0.0,0.0,40.68704721849548,40.68704721849548,40.68704721849548,40.68704721849548,0.10000659927697225,1.0362789533764378e-05,0.0,0.0,-0.1,0.0011488685498807216,0.02873599987651687
10.768,0.0,0.0,0.5011489475278768,0.0,0.0,1.0264681527810263e-05,0.0,0.0,0.0,0.0,0.0,0.0,0.0,0.1,0.5,0.0,0.0,0.0,-0.0012952605931936256,0.0,0.0,0.0,40.68704739406807,40.68704739406807,40.68704739406807,40.68704739406807,0.10000660018429691,1.0264681527810263e-05,0.0,0.0,-0.1,0.0011489475278767536,0.03615899913711473
10.776,0.0,0.0,0.5011490257416953,0.0,0.0,1.016709068557097e-05,0.0,0.0,0.0,0.0,0.0,0.0,0.0,0.1,0.5,0.0,0.0,0.0,-0.0012952424466065038,0.0,0.0,0.0,40.68704757553394,40.68704757553394,40.68704757553394,40.68704757553394,0.10000660108290392,1.016709068557097e-05,0.0,0.0,-0.1,0.0011490257416952865,0.01918299858516548
10.784,0.0,0.0,0.5011491032244767,0.0,0.0,1.0070742083785909e-05,0.0,0.0,0.0,0.0,0.0,0.0,0.0,0.1,0.5,0.0,0.0,0.0,-0.0012952250495935624,0.0,0.0,0.0,40.68704774950407,40.68704774950407,40.68704774950407,40.68704774950407,0.10000660197317228,1.0070742083785909e-05,0.0,0.0,-0.1,0.0011491032244766997,0.021134999769856222
10.792,0.0,0.0,0.5011491799771708,0.0,0.0,9.975411019260035e-06,0.0,0.0,0.0,0.0,0.0,0.0,0.0,0.1,0.5,0.0,0.0,0.0,-0.0012952080092193397,0.0,0.0,0.0,40.68704791990781,40.68704791990781,40.68704791990781,40.68704791990781,0.10000660285511119,9.975411019260035e-06,0.0,0.0,-0.1,0.001149179977170789,0.029547998565249145
10.8,0.0,0.0,0.5011492560007261,0.0,0.0,9.880917698904461e-06,0.0,0.0,0.0,0.0,0.0,0.0,0.0,0.1,0.5,0.0,0.0,0.0,-0.0012951910114518128,0.0,0.0,0.0,40.68704808988549,40.68704808988549,40.68704808988549,40.68704808988549,0.10000660372872987,9.880917698904461e-06,0.0,0.0,-0.1,0.0011492560007261288,0.025542998628225178
10.808,0.0,0.0,0.5011493312960901,0.0,0.0,9.787118257718647e-06,0.0,0.0,0.0,0.0,0.0,0.0,0.0,0.1,0.5,0.0,0.0,0.0,-0.0012951738053812445,0.0,0.0,0.0,40.68704826194619,40.68704826194619,40.68704826194619,40.68704826194619,0.10000660459403757,9.787118257718647e-06,0.0,0.0,-0.1,0.0011493312960900726,0.03061399911530316
10.816,0.0,0.0,0.5011494058642089,0.0,0.0,9.6938975759449e-06,0.0,0.0,0.0,0.0,0.0,0.0,0.0,0.1,0.5,0.0,0.0,0.0,-0.0012951561906002773,0.0,0.0,0.0,40.687048438094,40.687048438094,40.687048438094,40.687048438094,0.10000660545104348,9.6938975759449e-06,0.0,0.0,-0.1,0.0011494058642088634,0.031801000659470446
10.824,0.0,0.0,0.5011494797060273,0.0,0.0,9.601163521696484e-06,0.0,0.0,0.0,0.0,0.0,0.0,0.0,0.1,0.5,0.0,0.0,0.0,-0.0012951380070876928,0.0,0.0,0.0,40.68704861992913,40.68704861992913,40.68704861992913,40.68704861992913,0.10000660629975687,9.601163521696484e-06,0.0,0.0,-0.1,0.001149479706027301,0.02622600004542619
10.832,0.0,0.0,0.5011495528547212,0.0,0.0,9.509648164353615e-06,0.0,0.0,0.0,0.0,0.0,0.0,0.0,0.1,0.5,0.0,0.0,0.0,-0.0012951206061015963,0.0,0.0,0.0,40.687048793938985,40.687048793938985,40.687048793938985,40.687048793938985,0.10000660714055747,9.509648164353615e-06,0.0,0.0,-0.1,0.0011495528547211809,0.029774000722682104
10.84,0.0,0.0,0.501149625311191,0.0,0.0,9.419130277083381e-06,0.0,0.0,0.0,0.0,0.0,0.0,0.0,0.1,0.5,0.0,0.0,0.0,-0.0012951036007179395,0.0,0.0,0.0,40.68704896399282,40.68704896399282,40.68704896399282,40.68704896399282,0.10000660797345409,9.419130277083381e-06,0.0,0.0,-0.1,0.0011496253111910049,0.03010700129379984
10.848,0.0,0.0,0.5011496970763362,0.0,0.0,9.329432850662255e-06,0.0,0.0,0.0,0.0,0.0,0.0,0.0,0.1,0.5,0.0,0.0,0.0,-0.001295086681699309,0.0,0.0,0.0,40.68704913318301,40.68704913318301,40.68704913318301,40.68704913318301,0.1000066087984556,9.329432850662255e-06,0.0,0.0,-0.1,0.0011496970763361647,0.03495400051178876
10.856,0.0,0.0,0.5011497681510549,0.0,0.0,9.240414249957443e-06,0.0,0.0,0.0,0.0,0.0,0.0,0.0,0.1,0.5,0.0,0.0,0.0,-0.001295069601957466,0.0,0.0,0.0,40.68704930398043,40.68704930398043,40.68704930398043,40.68704930398043,0.10000660961557083,9.240414249957443e-06,0.0,0.0,-0.1,0.0011497681510549418,0.05208400034462102
10.864,0.0,0.0,0.5011498385362444,0.0,0.0,9.15196113632999e-06,0.0,0.0,0.0,0.0,0.0,0.0,0.0,0.1,0.5,0.0,0.0,0.0,-0.0012950521641181822,0.0,0.0,0.0,40.68704947835882,40.68704947835882,40.68704947835882,40.68704947835882,0.10000661042480859,9.15196113632999e-06,0.0,0.0,-0.1,0.0011498385362443964,0.13682500139111653
10.872,0.0,0.0,0.5011499082328005,0.0,0.0,9.063982811114728e-06,0.0,0.0,0.0,0.0,0.0,0.0,0.0,0.1,0.5,0.0,0.0,0.0,-0.0012950342105826351,0.0,0.0,0.0,40.68704965789418,40.68704965789418,40.68704965789418,40.68704965789418,0.10000661122617777,9.063982811114728e-06,0.0,0.0,-0.1,0.0011499082328004784,0.07183699926827103
10.88,0.0,0.0,0.5011499772736515,0.0,0.0,8.977207524796744e-06,0.0,0.0,0.0,0.0,0.0,0.0,0.0,0.1,0.5,0.0,0.0,0.0,-0.0012950170854142407,0.0,0.0,0.0,40.68704982914586,40.68704982914586,40.68704982914586,40.68704982914586,0.10000661202005554,8.977207524796744e-06,0.0,0.0,-0.1,0.0011499772736515146,0.07011100024101324
10.888,0.0,0.0,0.5011500456596494,0.0,0.0,8.891415966450519e-06,0.0,0.0,0.0,0.0,0.0,0.0,0.0,0.1,0.5,0.0,0.0,0.0,-0.0012950004049594455,0.0,0.0,0.0,40.68704999595041,40.68704999595041,40.68704999595041,40.68704999595041,0.10000661280645035,8.891415966450519e-06,0.0,0.0,-0.1,0.001150045659649379,0.02622399915708229
10.896,0.0,0.0,0.501150113391645,0.0,0.0,8.806432662354093e-06,0.0,0.0,0.0,0.0,0.0,0.0,0.0,0.1,0.5,0.0,0.0,0.0,-0.001294983862583865,0.0,0.0,0.0,40.68705016137417,40.68705016137417,40.68705016137417,40.68705016137417,0.10000661358537066,8.806432662354093e-06,0.0,0.0,-0.1,0.0011501133916449469,0.02178999966417905
10.904,0.0,0.0,0.5011501804704881,0.0,0.0,8.722117208551393e-06,0.0,0.0,0.0,0.0,0.0,0.0,0.0,0.1,0.5,0.0,0.0,0.0,-0.001294967213267606,0.0,0.0,0.0,40.687050327867325,40.687050327867325,40.687050327867325,40.687050327867325,0.10000661435682488,8.722117208551393e-06,0.0,0.0,-0.1,0.0011501804704880936,0.01857999995991122
10.912,0.0,0.0,0.5011502468970274,0.0,0.0,8.63835724856937e-06,0.0,0.0,0.0,0.0,0.0,0.0,0.0,0.1,0.5,0.0,0.0,0.0,-0.0012949502612666919,0.0,0.0,0.0,40.68705049738733,40.68705049738733,40.68705049738733,40.68705049738733,0.1000066151208215,8.63835724856937e-06,0.0,0.0,-0.1,0.0011502468970273627,0.03130900040559936
10.92,0.0,0.0,0.5011503126721103,0.0,0.0,8.555062872251053e-06,0.0,0.0,0.0,0.0,0.0,0.0,0.0,0.1,0.5,0.0,0.0,0.0,-0.001294932850272934,0.0,0.0,0.0,40.687050671497275,40.687050671497275,40.687050671497275,40.687050671497275,0.10000661587736893,8.555062872251053e-06,0.0,0.0,-0.1,0.0011503126721102985,0.030023000363144092
10.928,0.0,0.0,0.501150377827865,0.0,0.0,8.472944164812366e-06,0.0,0.0,0.0,0.0,0.0,0.0,0.0,0.1,0.5,0.0,0.0,0.0,-0.001294916290864978,0.0,0.0,0.0,40.687050837091356,40.687050837091356,40.687050837091356,40.687050837091356,0.10000661662683547,8.472944164812366e-06,0.0,0.0,-0.1,0.001150377827864979,0.02860300082829781
10.936,0.0,0.0,0.5011504423650962,0.0,0.0,8.391786112494869e-06,0.0,0.0,0.0,0.0,0.0,0.0,0.0,0.1,0.5,0.0,0.0,0.0,-0.0012949002068475268,0.0,0.0,0.0,40.68705099793153,40.68705099793153,40.68705099793153,40.68705099793153,0.10000661736922917,8.391786112494869e-06,0.0,0.0,-0.1,0.0011504423650962048,0.02676499934750609
10.944,0.0,0.0,0.5011505062846076,0.0,0.0,8.31141667375924e-06,0.0,0.0,0.0,0.0,0.0,0.0,0.0,0.1,0.5,0.0,0.0,0.0,-0.0012948842975232244,0.0,0.0,0.0,40.68705115702477,40.68705115702477,40.68705115702477,40.68705115702477,0.10000661810455808,8.31141667375924e-06,0.0,0.0,-0.1,0.0011505062846075553,0.02663000122993253
10.952,0.0,0.0,0.5011505695872016,0.0,0.0,8.231698190395423e-06,0.0,0.0,0.0,0.0,0.0,0.0,0.0,0.1,0.5,0.0,0.0,0.0,-0.001294868322603837,0.0,0.0,0.0,40.68705131677397,40.68705131677397,40.68705131677397,40.68705131677397,0.10000661883283024,8.231698190395423e-06,0.0,0.0,-0.1,0.0011505695872016108,0.027566000426304527
10.96,0.0,0.0,0.5011506322736801,0.0,0.0,8.152520513629509e-06,0.0,0.0,0.0,0.0,0.0,0.0,0.0,0.1,0.5,0.0,0.0,0.0,-0.001294852090132581,0.0,0.0,0.0,40.68705147909868,40.68705147909868,40.68705147909868,40.68705147909868,0.1000066195540537,8.152520513629509e-06,0.0,0.0,-0.1,0.0011506322736800634,0.02470700019330252
10.968,0.0,0.0,0.5011506943448434,0.0,0.0,8.073795493912632e-06,0.0,0.0,0.0,0.0,0.0,0.0,0.0,0.1,0.5,0.0,0.0,0.0,-0.0012948354468022005,0.0,0.0,0.0,40.68705164553198,40.68705164553198,40.68705164553198,40.68705164553198,0.10000662026823652,8.073795493912632e-06,0.0,0.0,-0.1,0.0011506943448433837,0.02423100158921443
10.976,0.0,0.0,0.5011507558014909,0.0,0.0,7.995452583848737e-06,0.0,0.0,0.0,0.0,0.0,0.0,0.0,0.1,0.5,0.0,0.0,0.0,-0.001294786727308317,-0.15070621952237928,0.0,0.0,41.44058323033882,41.44058323033882,39.93352103511502,39.93352103511502,0.10000662097538676,7.995452583848737e-06,0.0,0.0,-0.1,0.0011507558014909325,0.09646500075177755
10.984,0.0,0.0,0.5011508384897546,0.0,0.0,8.463568659094975e-06,-0.0014350772387498266,0.0,0.0,-0.17915160992030368,0.0,0.0,0.0,0.1,0.5,0.0,0.0,0.0,-0.0012963984863008093,0.2754783308905952,0.0,0.0,39.30964436068402,39.30964436068402,42.064427669589975,42.064427669589975,0.10000662192689794,8.463568659094975e-06,0.0014350772387498266,0.0,-0.1,0.0011508384897546131,0.07302599988179281
10.992,0.0,9.009978181648155e-07,0.5011509198902139,0.0,2.2524945454117868e-05,8.80586640882503e-06,-0.002868289872680158,1.5183842071590006e-18,-1.0880839006987275e-21,-0.17891883705018777,1.8955132222529369e-16,2.7202097482639135e-19,0.0,0.2,0.5,0.0,0.0,0.0,-0.0012976463571943153,0.13893538226734564,-4.509288154308538e-16,-5.193872349608855e-19,39.99234662509133,39.99234662509133,41.381700447764786,41.381700447764786,0.20000241053116893,2.418504601858467e-05,0.002868289872680158,0.0,-0.19999909900218185,0.001150919890213875,0.08415000047534704
11.0,9.533327375786804e-22,3.6017107357500534e-06,0.5011510199136431,2.3833318439469637e-20,8.553777930293268e-05,9.545278857207742e-06,-0.0028645630842069275,-2.7070895832748605e-20,-1.0853049960777311e-21,0.0004652432969025408,-1.929300937728657e-16,-5.526745307230005e-19,0.0,0.2,0.5,0.0,0.0,0.0,-0.0013000906566773551,-0.27301727909807205,4.4339060822767023e-16,1.0602291969359384e-18,42.05208548892359,42.05208548892359,39.32191269794287,39.32191269794287,0.19999971043858944,8.606871694488698e-05,0.0028645630842069275,9.533327375786804e-22,-0.19999639828926427,0.001151019913643081,0.06743599988112692
11.008000000000001,1.8884326484831744e-21,8.09739789701419e-06,0.5011511166973088,4.2444152524185444e-20,0.00018082240247393696,1.0055814729475673e-05,-0.0028608411378212013,-6.168216234297348e-19,-1.086503262772836e-21,0.0004646388032138135,-7.362275547063042e-17,-2.109101825742368e-19,0.0,0.2,0.5,0.0,0.0,0.0,-0.0013018248758612794,-0.2728395260130128,1.76368103749798e-16,4.1933913691294263e-19,42.051179381306454,42.051179381306454,39.322784121176326,39.322784121176326,0.19999521538291828,0.0001811017963641443,0.0028608411378212013,1.8884326484831744e-21,-0.199991902602103,0.0011511166973088294,0.050874999942607246
11.016,2.4350426808849093e-21,1.4383452800758976e-05,0.501151232097354,4.7620572829393236e-20,0.0003018092945727865,1.0929652913240805e-05,-0.004292201268024975,-2.8622258470122874e-18,1.4033820825357008e-21,-0.17868757482535433,-2.8031023506094584e-16,-6.917064285443147e-19,0.0,0.2,0.5,0.0,0.0,0.0,-0.0013047501126948191,0.15359256796161833,6.730292862975653e-16,1.3228041059409036e-18,39.91898965906496,39.91898965906496,41.45491533868115,41.45491533868115,0.1999889300964066,0.00030200713170938024,0.004292201268024975,2.4350426808849093e-21,-0.19998561654719926,0.0011512320973540158,0.08146600157488137
11.024000000000001,1.1839369228969563e-21,2.3356145270061766e-05,0.5011513410302612,6.818814313819267e-21,0.00046576474739077386,1.1467045009069641e-05,-0.005721701623189239,-2.9965369383819856e-18,5.590934536905624e-21,-0.17845540487910233,-1.6769484066694423e-17,4.388059346679532e-19,0.0,0.2,0.5,0.0,0.0,0.0,-0.0013066462909967491,0.16804452618483318,6.913241712932179e-17,-8.487625121145553e-19,39.84671090616587,39.84671090616587,41.5271561680142,41.5271561680142,0.1999799581797373,0.0004659058843084421,0.005721701623189239,1.1839369228969563e-21,-0.19997664385472996,0.0011513410302611549,0.07179300155257806
11.032,-1.9469421654697825e-21,3.590959494429749e-05,0.5011514608557054,-7.281692575812169e-20,0.0006864480397685468,1.2169272113096348e-05,-0.005714267377216508,-2.076593107190678e-18,5.572077088578805e-21,0.0009280733275070154,1.1484170380327503e-16,6.543160822013371e-19,0.0,0.2,0.5,0.0,0.0,0.0,-0.0013090503570686307,-0.24357339485904417,-2.424132105660093e-16,-1.261940693660294e-18,41.904776470724535,41.904776470724535,39.469042522134096,39.469042522134096,0.19996740562807608,0.0006865558990248667,0.005714267377216508,-1.9469421654697825e-21,-0.19996409040505572,0.0011514608557053885,0.08776399954513181
11.040000000000001,-6.377519094455249e-21,5.203435689345318e-05,0.5011515697412469,-1.6901796383112164e-19,0.0009522774805436846,1.2457556227280472e-05,-0.005706842790530296,8.499372359027257e-19,5.567523382091585e-21,0.0009268674757024171,3.6533503165930974e-16,2.0857200176731843e-18,0.0,0.2,0.5,0.0,0.0,0.0,-0.0013102298708431714,-0.2430334473619323,-8.472471203040866e-16,-3.995132346996187e-18,41.902064938101226,41.90206493810124,39.471730464481915,39.4717304644819,0.19995128176054752,0.0009523589610319123,0.005706842790530296,-6.377519094455249e-21,-0.19994796564310655,0.0011515697412468606,0.055001999498927034
11.048,-1.0268725276716964e-20,7.172125418261282e-05,0.5011516895726967,-2.324945256214509e-19,0.001253994416663993,1.2961831228675748e-05,-0.007134505093269136,6.182007686537547e-18,5.479011892277454e-22,-0.17822594672963465,6.656332794975471e-16,3.647222385875657e-18,0.0,0.2,0.5,0.0,0.0,0.0,-0.0013120728807692883,0.18378419286879755,-1.5916426742933014e-15,-6.987180281750944e-18,39.767958306848314,39.76795830684833,41.60580023553631,41.60580023553629,0.19993159588003373,0.0012540614044349138,0.007134505093269136,-1.0268725276716964e-20,-0.1999282787458174,0.0011516895726967347,0.08465499922749586
11.056000000000001,-1.027366841887368e-20,9.586185802460741e-05,0.5011517927357709,-1.8611919905107861e-19,0.0016067106293809917,1.2948541837798676e-05,-0.008560312425550812,8.495466403391494e-18,-9.915725671837492e-21,-0.1779943765798167,2.8880803450474973e-16,9.601467448791974e-19,0.0,0.2,0.5,0.0,0.0,0.0,-0.0013123762329079192,0.19864323955567145,-7.498026290949007e-16,-1.824899193674253e-18,39.693660039892556,39.69366003989257,41.68009243544929,41.680092435449275,0.19990745627112602,0.0016067628049284647,0.008560312425550812,-1.027366841887368e-20,-0.1999041381419754,0.001151792735770929,0.09911699999065604
11.064,-4.944772600351878e-21,0.00012534571916497094,0.5011518940719039,-1.5672963777803162e-20,0.002022465032013963,1.289223679347415e-05,-0.00854918995319665,1.2914096898343604e-17,-9.796662033763317e-21,0.0013885026096780483,5.515908558783386e-16,4.733701806210618e-18,0.0,0.2,0.5,0.0,0.0,0.0,-0.0013125506862081693,-0.2125507435526196,-1.3989567673946176e-15,-9.051960790196694e-18,41.749628210901015,41.74962821090103,39.62412077537483,39.62412077537481,0.19987797348341366,0.002022506122484869,0.00854918995319665,-4.944772600351878e-21,-0.19987465428083503,0.0011518940719038584,0.1623959997232305
11.072000000000001,8.484935335169672e-21,0.0001601587252020111,0.5011519717986744,3.2320432736575867e-19,0.002488297176537077,1.225695869916364e-05,-0.008538081932319577,1.4214924444586553e-17,-9.64598716604302e-21,0.001386698519065751,1.623860840839069e-16,1.406211915322976e-18,0.0,0.2,0.5,0.0,0.0,0.0,-0.0013109981144594496,-0.2115741592265779,-5.192847824741155e-16,-2.699119640126171e-18,41.7447608149883,41.7447608149883,39.62901922272252,39.62901922272252,0.19984316150361864,0.002488327364274834,0.008538081932319577,8.484935335169672e-21,-0.199839841274798,0.0011519717986744338,0.07876599920564331
11.08,3.082192146640018e-20,0.00020028716465817498,0.5011520478508787,8.169881151734312e-19,0.0029938487276338693,1.1706872067129858e-05,-0.009962065588567121,1.591558905947608e-17,-3.109867018311757e-20,-0.17776671314778178,2.1232260952819912e-16,-7.141606159342234e-19,0.0,0.2,0.5,0.0,0.0,0.0,-0.001309671286259917,0.2156931928963079,-6.5221767464808e-16,1.415875751020839e-18,39.60843732265587,39.60843732265587,41.76536925161894,41.76536925161894,0.19980303416949347,0.0029938716162869333,0.009962065588567121,3.082192146640018e-20,-0.19979971283534184,0.0011520478508787457,0.11446100143075455
11.088000000000001,6.312201861387284e-20,0.00024661793945552604,0.5011520921164015,1.4610929208254713e-18,0.0035533483520407425,1.0472135723773484e-05,-0.011384199054061248,1.7513622742903463e-17,-5.486907460399665e-20,-0.17753573968319014,1.995150274959382e-16,-8.380785479652388e-19,0.0,0.2,0.5,0.0,0.0,0.0,-0.0013062891300470447,0.23101016867220855,-6.406097335980782e-16,1.6899962450035894e-18,39.531886265338485,39.531886265338485,41.84198795206058,41.84198795206058,0.1997567044203286,0.003553363783315364,0.011384199054061248,6.312201861387284e-20,-0.1997533820605445,0.0011520921164015485,0.0849980006023543
11.096,1.0637595381355662e-19,0.00030003606012996746,0.5011521169509071,2.2502227166525907e-18,0.0041781316984937766,8.998571218096867e-06,-0.011369407486475618,1.639913651848692e-17,-5.461826316880245e-20,0.0018465435963569794,-1.391211230425205e-16,-1.551509216634879e-18,0.0,0.2,0.5,0.0,0.0,0.0,-0.0013021587067694185,-0.17971811434819338,1.4681964455796963e-16,3.056174598568224e-18,41.58556898467327,41.58556898467327,39.78838784119134,39.78838784119134,0.19970328733161596,0.004178141388732849,0.011369407486475618,1.0637595381355662e-19,-0.19969996393987005,0.0011521169509071116,0.09333700108982157
11.104000000000001,1.5986943842944766e-19,0.00036052278323105277,0.5011521006413756,3.137515288719199e-18,0.004854673436321985,6.7911186868997534e-06,-0.011354635137704617,1.4884541989696043e-17,-5.438719646393374e-20,0.0018441443700651758,-1.8906644905761301e-16,-2.119421796551986e-18,0.0,0.2,0.5,0.0,0.0,0.0,-0.0012958048019267032,-0.1782687016840963,2.7494863906292723e-16,4.142424637493409e-18,41.57838546040122,41.57838546040122,39.795698443560255,39.795698443560255,0.1996428015212987,0.004854678186308885,0.011354635137704617,1.5986943842944766e-19,-0.19963947721676895,0.0011521006413756085,0.09795799996936694
11.112,2.2263863195110554e-19,0.00042805989845250516,0.5011520651905674,4.079242069016979e-18,0.005572166629594083,4.546624745072058e-06,-0.012774959229004665,1.286987788443335e-17,-7.409733537105016e-20,-0.17730986165919813,-2.51457878473812e-16,-5.4946813959653246e-18,0.0,0.2,0.5,0.0,0.0,0.0,-0.0012892614842434647,0.24947530859204883,4.366816277632357e-16,1.0639473844762252e-17,39.43973084219732,39.43973084219732,41.934483928117814,41.934483928117814,0.19957526532639006,0.0055721684845092805,0.012774959229004665,2.2263863195110554e-19,-0.1995719401015475,0.0011520651905674306,0.20745499932672828
11.120000000000001,2.9340642126077985e-19,0.0005035296676776486,0.5011519780210817,5.032588387955244e-18,0.0063444775343036415,1.4580626525398036e-06,-0.014193437884438729,1.1761306886736228e-17,-9.156674322819286e-20,-0.1770794817847632,-1.383493756203084e-16,-4.046681070185891e-18,0.0,0.2,0.5,0.0,0.0,0.0,-0.0012801466309193543,0.26527420093691423,1.8596284043789578e-16,7.893440133954345e-18,39.36082752900624,39.36082752900624,42.013569538375386,42.013569538375386,0.19949979631171616,0.006344477701846726,0.014193437884438729,2.9340642126077985e-19,-0.19949647033232237,0.00115197802108169,0.22580500080948696
11.128,3.714668032496445e-19,0.0005878125898510773,0.5011518490348991,5.977580260086026e-18,0.0071826550817788645,-2.058204443560801e-06,-0.014174996253700785,9.048069851646172e-18,-9.137486380734779e-20,0.0023022086758828293,-3.386802306037531e-16,-4.78027992983082e-18,0.0,0.2,0.5,0.0,0.0,0.0,-0.0012696673291175964,-0.14496812232628947,6.716318311580368e-16,9.297757056303931e-18,41.41214393834028,41.41214393834028,39.96246271507738,39.96246271507738,0.19941551405018507,0.007182655376670196,0.014174996253700785,3.714668032496445e-19,-0.19941218741014893,0.0011518490348990662,0.1720889995340258
11.136000000000001,4.551067386813101e-19,0.0006808853267161027,0.5011516566074442,6.873062593860227e-18,0.008072942487048467,-6.457249926329513e-06,-0.014156578584299069,6.438747230323286e-18,-9.123224826880848e-20,0.0022992174009418523,-3.25709108456283e-16,-4.596429074242488e-18,0.0,0.2,0.5,0.0,0.0,0.0,-0.001256476795984618,-0.14302982908251305,6.663669497406971e-16,8.945908472204681e-18,41.402584377452726,41.402584377452726,39.97228608662759,39.97228608662759,0.1993224417547687,0.008072945069506475,0.014156578584299069,4.551067386813101e-19,-0.19931911467328392,0.001151656607444207,0.08055599937506486
11.144,5.426810462679397e-19,0.0007827252046737435,0.5011514228280894,7.687807764754163e-18,0.009004350938580074,-1.101028381015279e-05,-0.015573262093151276,9.21396688213638e-19,-9.644574639679203e-20,-0.17685537990771466,-6.886871287240736e-16,-1.0888946004294004e-17,0.0,0.2,0.5,0.0,0.0,0.0,-0.001242667156005517,0.2852069227373073,1.5545969058882387e-15,2.1006763133427566e-17,39.261538714753414,39.2615387147534,42.11360794212648,42.11360794212649,0.19922060222628982,0.009004357670120476,0.015573262093151276,5.426810462679397e-19,-0.19921727479532628,0.0011514228280894434,0.12784499995177612
11.152000000000001,6.307209299960285e-19,0.0008942098747511273,0.5011511126863065,8.351243305005305e-18,0.009990597502798343,-1.6561771621173918e-05,-0.016988104896408476,-3.986452737867789e-18,-9.427745978849279e-20,-0.17662559054442295,-6.126074406939584e-16,-9.70382953799823e-18,0.0,0.2,0.5,0.0,0.0,0.0,-0.0012257760916158933,0.3,1.4283744970193626e-15,1.8734068532752784e-17,39.18774223908385,39.18774223908384,42.18774223908384,42.18774223908385,0.19910911762602995,0.009990611230310172,0.016988104896408476,6.307209299960285e-19,-0.19910579012524887,0.0011511126863065213,0.19885300025634933
11.16,7.16144850169072e-19,0.0010162153528519681,0.5011507336620991,8.81659264833057e-18,0.011042614954760032,-2.2725022483544242e-05,-0.016966032135765613,-8.486232173723918e-18,-9.44151130829658e-20,0.0027555101723365197,-5.616603627685575e-16,-9.553449444173827e-18,0.0,0.2,0.5,0.0,0.0,0.0,-0.0012069018641647222,-0.10824403071037306,1.3561623077585317e-15,1.844580511106361e-17,41.229151134910225,41.22915113491021,40.14671082780649,40.1467108278065,0.198987111995887,0.011042638338084644,0.016966032135765613,7.16144850169072e-19,-0.19898378464714805,0.0011507336620990571,0.1528329994471278
11.168000000000001,7.961315594600345e-19,0.0011487137419747306,0.5011502642380447,9.052941850938293e-18,0.012146551691876718,-2.991561934697515e-05,-0.016943988054368402,-1.3783277732554188e-17,-9.466056852727599e-20,0.0027519299197703547,-6.611748183939806e-16,-1.1241946524254154e-17,0.0,0.2,0.5,0.0,0.0,0.0,-0.0011848291920868448,-0.10580693740507852,1.6381700817656588e-15,2.1676512759719962e-17,41.217186395104534,41.21718639510452,40.15911702105373,40.159117021053746,0.19885461310788954,0.012146588531259056,0.016943988054368402,7.961315594600345e-19,-0.19885128625802528,0.0011502642380446515,0.151833999552764
11.176,8.67362603898263e-19,0.0012916779405851694,0.5011497266084465,9.023129591706544e-18,0.013291346318762741,-3.737323543193284e-05,-0.018357049864912132,-1.6061889048030416e-17,-7.357403231523532e-20,-0.17640325560125683,-2.844585605382498e-16,-2.388559628773342e-18,0.0,0.2,0.5,0.0,0.0,0.0,-0.0011616958226765561,0.3,7.961347882975065e-16,4.688942536553421e-18,39.18838304177324,39.18838304177323,42.18838304177323,42.18838304177324,0.19871164819139894,0.013291398862573288,0.018357049864912132,8.67362603898263e-19,-0.19870832205941485,0.0011497266084464774,0.2127959996869322
11.184000000000001,9.284193564990647e-19,0.0014459810179652942,0.501149083361425,8.744922488385107e-18,0.014490653989512884,-4.5979763881187174e-05,-0.019768275675512006,-1.994373238372171e-17,-4.8167996953185867e-20,-0.1761740536860628,-4.845724849852003e-16,-6.0661556439616736e-18,0.0,0.2,0.5,0.0,0.0,0.0,-0.0011349657417842884,0.3,1.2960067266327207e-15,1.1694338707776667e-17,39.188650342582164,39.18865034258215,42.18865034258215,42.188650342582164,0.1985573439752096,0.014490726937682327,0.019768275675512006,9.284193564990647e-19,-0.19855401898203473,0.0011490833614250517,0.20407400006661192
11.192,9.768779241009655e-19,0.0016124945354585233,0.5011483395863365,8.20740218075574e-18,0.015755361128941495,-5.537818831791776e-05,-0.01974259061998414,-2.4222001339276245e-17,-4.8735196614756675e-20,0.0032064603458742268,-5.33983154921275e-16,-1.0621262743278105e-17,0.0,0.2,0.5,0.0,0.0,0.0,-0.0011056399575617437,-0.06951202309278853,1.4543487840229694e-15,2.0420630868968446e-17,41.03650371588834,41.03650371588832,40.34138348496044,40.34138348496045,0.1983908289418869,0.015755458452457103,0.01974259061998414,9.768779241009655e-19,-0.19838750546454148,0.001148339586336533,0.12394899931678083
11.200000000000001,1.0100695684405622e-18,0.001791186073198089,0.5011474738912898,7.395712853094415e-18,0.017071577346641838,-6.594492682330504e-05,-0.019716938937211284,-2.7290042415419135e-17,-4.939588191736604e-20,0.0032022941707674436,-3.82930673726226e-16,-7.63860699872236e-18,0.0,0.2,0.5,0.0,0.0,0.0,-0.001072625482971934,-0.06656750940239728,1.1404947027669672e-15,1.4715477297167215e-17,41.022111292182274,41.02211129218226,40.35643619815829,40.356436198158306,0.19821213538681423,0.017071704713816617,0.019716938937211284,1.0100695684405622e-18,-0.19820881392680192,0.0011474738912897742,0.11350199929438531
11.208,1.0260876667428307e-18,0.0019820241368927,0.5011465085935135,6.31702274003229e-18,0.018428213469679273,-7.688838586533486e-05,-0.021126397835525335,-3.115725173685947e-17,-8.206345685805022e-21,-0.17595347651150256,-4.827775342656212e-16,-4.71741751739356e-18,0.0,0.2,0.5,0.0,0.0,0.0,-0.0010380942269774263,0.3,1.4117341546740435e-15,9.049097143565496e-18,39.18961905773023,39.18961905773022,42.18961905773022,42.18961905773023,0.19802129493283582,0.01842837387041921,0.021126397835525335,1.0260876667428307e-18,-0.19801797586310732,0.0011465085935135066,0.22706500021740794
11.216000000000001,1.0225276744523656e-18,0.0021858772431169343,0.5011454039111738,4.964618384764215e-18,0.019838898431348704,-8.91277671851218e-05,-0.022534025415210445,-3.6625599242162856e-17,3.9500167424994467e-20,-0.17572485899724904,-6.826228196529642e-16,-8.947181446797518e-18,0.0,0.2,0.5,0.0,0.0,0.0,-0.0009994528358454602,0.3,1.9296918828194655e-15,1.707778340670713e-17,39.190005471641555,39.19000547164154,42.19000547164154,42.190005471641555,0.19781743884752662,0.01983909863699088,0.022534025415210445,1.0225276744523656e-18,-0.19781412275688307,0.0011454039111737924,0.14938899948901962
11.224,9.959817902815482e-19,0.002403612527062754,0.5011441625739367,3.3080476035408623e-18,0.021314500843725055,-0.00010233564467590794,-0.022504746802162443,-3.9075192122735963e-17,3.8391960336200344e-20,0.00365507139306024,-3.057206122666357e-16,-7.024185516160238e-18,0.0,0.2,0.5,0.0,0.0,0.0,-0.0009575916300249565,-0.028742454302359527,1.0926831624178595e-15,1.3395948808833482e-17,40.834136355211555,40.83413635521154,40.54671181218795,40.546711812187965,0.1975997000259635,0.021314746510369936,0.022504746802162443,9.959817902815482e-19,-0.19759638747293726,0.00114416257393668,0.09547500121698249
11.232000000000001,9.449431194442826e-19,0.002635193081695371,0.5011427633334941,1.370471311901194e-18,0.022841114540794825,-0.00011684952680630483,-0.022475506231020535,-4.212393673782763e-17,3.7204805884055126e-20,0.0036503223346551514,-3.804983371266483e-16,-8.707137822179557e-18,0.0,0.2,0.5,0.0,0.0,0.0,-0.0009115046535501659,-0.02528423860702561,1.2999826722334066e-15,1.6619929739185057e-17,40.81730614649964,40.817306146499625,40.56446376042937,40.56446376042938,0.19736811525151685,0.02284141342556593,0.022475506231020535,9.449431194442826e-19,-0.19736480691830463,0.0011427633334940568,0.06403499901352916
11.24,8.675246091435864e-19,0.0028805853597427267,0.5011413311766123,-8.390857079966624e-19,0.024407698583820428,-0.0001292835434888789,-0.023202309057316763,-9.275310282380178e-17,8.621931482013572e-20,-0.09073231482010394,-6.318914718263523e-15,-1.382217579847906e-16,0.0,0.2,0.5,0.0,0.0,0.0,-0.0008711964012015905,0.20280487384435836,1.5463261148260015e-14,2.6461839672598515e-16,39.67726366676627,39.677263666766116,41.7053124052097,41.70531240520986,0.1971227187945935,0.024408040978195007,0.023202309057316763,8.675246091435864e-19,-0.19711941464025728,0.0011413311766123035,0.06713699985994026
11.248000000000001,7.319756219107898e-19,0.0031402276752953706,0.501139854554526,-4.059993247216867e-18,0.02601721675587172,-0.00014034238694789,-0.023248960288476433,-1.8026001158957313e-16,-1.275721601197654e-17,-0.005823827112198788,-1.0883969713147326e-14,-1.8566085821466048e-15,0.0,0.2,0.5,0.0,0.0,0.0,-0.0008347044738030718,0.012220735536094512,2.6850916628030203e-14,3.575467310916701e-15,40.63054927758166,40.630549277581345,40.75275663294233,40.75275663294256,0.1968630722815735,0.026017595271423267,0.023248960288476433,7.319756219107898e-19,-0.19685977232470464,0.001139854554526032,0.0668319989927113
11.256,4.836193746932491e-19,0.0034141312707541226,0.5011383530671666,-9.456900778212694e-18,0.027661363291166932,-0.00014981109354445218,-0.02293014077928984,-1.060761561403596e-15,2.312079158658106e-16,0.03980065844859403,-1.1059354394418191e-13,2.7910129846805484e-14,0.0,0.2,0.5,0.0,0.0,0.0,-0.0008026687968120116,-0.09176631910452046,2.648964119092694e-13,-5.3808859514045934e-14,41.15080490755554,41.150804907553436,40.23314171650769,40.23314171651087,0.19658916458375275,0.02766176896891568,0.02293014077928984,4.836193746932491e-19,-0.19658586872924588,0.0011383530671665865,0.1130700002249796
11.264,-4.337196807967586e-19,0.0037020777023334694,0.5011368420881934,-3.049899700982288e-17,0.02932775142241801,-0.00015762334916463234,-0.02368156516025202,-2.75026818705139e-15,7.206317535310878e-16,-0.09380601069994444,-2.1228049063231473e-13,5.616681819624959e-14,0.0,0.2,0.5,0.0,0.0,0.0,-0.0007753319445594764,0.22695755297912304,5.157934842255829e-13,-1.0869805308955572e-13,39.55745891566083,39.55745891565675,41.8270344454469,41.82703444545314,0.19630121423036134,0.02932817499632978,0.02368156516025202,-4.337196807967586e-19,-0.19629792229766654,0.0011368420881934238,0.08567400072934106
11.272,-3.087219975518821e-18,0.004004520231775359,0.5011352999144001,-9.073670497590244e-17,0.031023264373980793,-0.00016465302416505408,-0.02406660311231082,-5.240625956216065e-15,1.4793739623996775e-15,-0.04806720930686532,-3.130627921206344e-13,8.727104040121528e-14,0.0,0.2,0.5,0.0,0.0,0.0,-0.0007501387961931227,0.1300611231061909,7.728787285194895e-13,-1.694428963255113e-13,40.04219299651014,40.0421929965041,41.342804227564315,41.34280422757374,0.19599876784171935,0.03102370131103432,0.02406660311231082,-3.087219975518821e-18,-0.19599547976822465,0.0011352999144000897,0.07638599890924525
11.28,-9.049873278606452e-18,0.0043216825459298225,0.5011337537735496,-2.2165569655792916e-16,0.032747669353047106,-0.00017037594059358106,-0.022650491081949116,-8.524871572666047e-15,2.508542865189236e-15,0.17678403787332161,-4.1288636265793747e-13,1.1886787274574907e-13,0.0,0.2,0.5,0.0,0.0,0.0,-0.0007286565230786302,-0.3,1.0360486496391047e-12,-2.315682575552796e-13,42.19271343477324,42.192713434765196,39.19271343476288,39.192713434775555,0.19568160189265343,0.0327481125565678,0.022650491081949116,-9.049873278606452e-18,-0.1956783174540702,0.0011337537735496284,0.22838599943497684
11.288,-2.0392558595922596e-17,0.004652655674407026,0.5011321914821545,-4.608916901792153e-16,0.03447246369436685,-0.00017535803735337915,-0.020870809119893263,-1.2608935293707476e-14,3.7842989810861895e-15,0.2221712598289629,-5.131895323739095e-13,1.4813099176031883e-13,0.0,0.2,0.5,0.0,0.0,0.0,-0.0007092457086516069,-0.3,1.3087350759647262e-12,-2.895919387380777e-13,42.19290754291858,42.192907542908394,39.192907542905495,39.19290754292148,0.19535062526803965,0.034472909706038814,0.020870809119893263,-2.0392558595922596e-17,-0.19534734432559298,0.0011321914821544876,0.33141699896077625
11.296,-3.968670924025039e-17,0.004996304551340959,0.5011306480986076,-8.510671182516201e-16,0.03616919287884275,-0.00017887101855404964,-0.020163268754677607,-1.7501481041444773e-14,5.310672895682796e-15,0.08832763535344255,-6.145543181807311e-13,1.7797835608491777e-13,0.0,0.2,0.5,0.0,0.0,0.0,-0.0006940969571903599,-0.2101829261465481,1.5924696102715227e-12,-3.4912141402148225e-13,41.74397366116706,41.74397366115463,39.64214439968565,39.642144399705074,0.19500697321828328,0.036169635170239245,0.020163268754677607,-3.968670924025039e-17,-0.19500369544865906,0.001130648098607634,0.1220479989569867
11.304,-7.001257491519682e-17,0.005352169566777598,0.5011291871154101,-1.439000336474872e-15,0.03783197968898919,-0.00017962139478153746,-0.021961716683687984,-2.3173786942697788e-14,7.113574559125337e-15,-0.2245139597306061,-7.127003855487261e-13,2.1010644976031926e-13,0.0,0.2,0.5,0.0,0.0,0.0,-0.0006871175940379448,0.3,1.877236090124313e-12,-4.134467287040897e-13,39.19312882406694,39.1931288240523,42.193128824048166,42.193128824071074,0.19465110571456337,0.03783240609627616,0.021961716683687984,-7.001257491519682e-17,-0.19464783043322242,0.0011291871154101019,0.22125999930722173
11.312,-1.1494662077802966e-16,0.005721362914360641,0.5011277302376346,-2.2745514157508425e-15,0.03949541744076843,-0.00018011906021347696,-0.02482765608378148,-2.9630660710557256e-14,9.171718923856468e-15,-0.3577772031498739,-8.118511359989685e-13,2.3800789830656975e-13,0.0,0.2,0.5,0.0,0.0,0.0,-0.0006808742451447358,0.3,2.1729010332870875e-12,-4.700694904994889e-13,39.19319125755707,39.19319125754004,42.19319125753534,42.19319125756177,0.1942819101289218,0.03949582815559647,0.02482765608378148,-1.1494662077802966e-16,-0.19427863708563936,0.0011277302376345721,0.2431840002827812
11.32,-1.7856708259735154e-16,0.006105666308951183,0.5011262246397948,-3.410152678083543e-15,0.04120391881737723,-0.00018173519416415031,-0.027324462283099447,-3.686852398159247e-14,1.1491634119578913e-14,-0.3116954222428427,-9.108020186201796e-13,2.659558187485668e-13,0.0,0.2,0.5,0.0,0.0,0.0,-0.0006712725634174799,0.3,2.476784120429721e-12,-5.271852502324991e-13,39.19328727437558,39.19328727435608,42.19328727435081,42.19328727438085,0.19389760447059443,0.04120431959867571,0.027324462283099447,-1.7856708259735154e-16,-0.19389433369104883,0.0011262246397948372,0.16114500067487825
11.328,-2.654474319898205e-16,0.006506628436922419,0.5011246624604483,-4.9001308772787975e-15,0.042987188253183775,-0.00018444263899502757,-0.028017375691851268,-4.4876238238781843e-14,1.4088040982076956e-14,-0.08650164118424629,-1.0082489038382352e-12,2.9634701884185177e-13,0.0,0.2,0.5,0.0,0.0,0.0,-0.0006583641659535511,0.2891289060113186,2.7859037997953433e-12,-5.894079208297225e-13,39.24777182829485,39.247771828272896,42.13906088838018,42.13906088841393,0.19349664003412861,0.04298758394003716,0.028017375691851268,-2.654474319898205e-16,-0.19349337156307758,0.001124662460448289,0.11969299885095097
11.336,-3.8063814811658487e-16,0.006924664795030559,0.5011231083628529,-6.799872604991826e-15,0.044840659555249365,-0.0001864065510807911,-0.02547350043902851,-5.3687598040588326e-14,1.6912917077824712e-14,0.3175714186210301,-1.1090270657816978e-12,3.2310867702202914e-13,0.0,0.2,0.5,0.0,0.0,0.0,-0.0006476078818963282,-0.3,3.1118434346403576e-12,-6.450306247252418e-13,42.193523921193375,42.193523921168705,39.19352392116225,39.19352392119983,0.1930786017064191,0.04484104700775911,0.02547350043902851,-3.8063814811658487e-16,-0.19307533520496944,0.0011231083628528982,0.18631800048751757
11.344,-5.296554618917669e-16,0.007358154028795274,0.5011215284302574,-9.165330928373422e-15,0.046709758488318556,-0.0001886235557528905,-0.02113228596654566,-6.328729158366006e-14,1.9952364777211496e-14,0.5419475891168098,-1.2069212385276334e-12,3.514114063362543e-13,0.0,0.2,0.5,0.0,0.0,0.0,-0.0006360426513171147,-0.3,3.4403025943598444e-12,-7.03936458720733e-13,42.19363957350052,42.19363957347315,39.193639573466115,39.193639573507554,0.1926451106184978,0.04671013933700939,0.02113228596654566,-5.296554618917669e-16,-0.19264184597120473,0.001121528430257368,0.20179999955871608
11.352,-7.184783835955156e-16,0.00780434975419248,0.5011199532607546,-1.2052837785291928e-14,0.04852269992558374,-0.00019027808217033488,-0.01643130378218266,-7.368589190209582e-14,2.3202181176791785e-14,0.586860351658312,-1.3055301309972116e-12,3.8124884152318825e-13,0.0,0.2,0.5,0.0,0.0,0.0,-0.0006261010141282997,-0.3,3.779790355206669e-12,-7.661067455183558e-13,42.19373898987379,42.19373898984365,39.19373898983599,39.19373898988145,0.1921989132870294,0.04852307300467272,0.01643130378218266,-7.184783835955156e-16,-0.19219565024580754,0.001119953260754647,0.17011300042213406
11.36,-9.535633986565894e-16,0.008260284024608214,0.5011184490115692,-1.551939560476104e-14,0.05021651670086162,-0.0001898286953721613,-0.012806254622547515,-8.489306361576771e-14,2.6648930467344322e-14,0.4525428842369007,-1.4052190844430733e-12,4.0978650094385565e-13,0.0,0.2,0.5,0.0,0.0,0.0,-0.0006224080431967982,-0.3,4.131381419478657e-12,-8.26091168840539e-13,42.19377591958456,42.193775919551506,39.19377591954325,39.19377591959282,0.19174297799532425,0.050216875495210776,0.012806254622547515,-9.535633986565894e-16,-0.1917397159753918,0.0011184490115692114,0.18543999976827763
11.368,-1.2418698481207184e-15,0.008723668620141001,0.5011171032770689,-1.962317772041125e-14,0.051757828249007674,-0.0001855063188047218,-0.011690981160825916,-9.688804733672703e-14,3.033471276631369e-14,0.13922806187423417,-1.5029484708873496e-12,4.417487946022549e-13,0.0,0.2,0.5,0.0,0.0,0.0,-0.0006303104552840555,-0.3,4.4880214948861576e-12,-8.930045269564434e-13,42.19369689546514,42.193696895429184,39.19369689542026,39.19369689547406,0.1912795934381639,0.05175816068648589,0.011690981160825916,-1.2418698481207184e-15,-0.191276331379859,0.0011171032770689315,0.16581300042162184
11.376,-1.5908801574442361e-15,0.009193794614674995,0.5011160225269443,-2.4423799909417906e-14,0.05315941246255727,-0.00017542380815917358,-0.01451746409335887,-1.0967203534264958e-13,3.4318913074855787e-14,-0.35285154298408633,-1.6023043512574468e-12,4.764230012818545e-13,0.0,0.2,0.5,0.0,0.0,0.0,-0.0006555549194776633,0.3,4.858104307961244e-12,-9.65573215365982e-13,39.19344445082469,39.193444450785755,42.193444450776106,42.19344445083434,0.19080946915661046,0.0531597019073354,0.01451746409335887,-1.5908801574442361e-15,-0.19080620538532503,0.0011160225269443158,0.1955600000655977
11.384,-2.008621943448918e-15,0.009672427116286644,0.5011150850590103,-2.9982584577650205e-14,0.05449334251033572,-0.0001637757448788118,-0.019845333330602125,-1.2321215405873264e-13,3.862036133007376e-14,-0.6651199110476127,-1.6992979436521738e-12,5.078644047535316e-13,0.0,0.2,0.5,0.0,0.0,0.0,-0.0006857486015513503,0.3,5.23228011613675e-12,-1.0324389130077303e-12,39.19314251400549,39.193142513963494,42.19314251395316,42.19314251401582,0.19033083936791237,0.054493588617775694,0.019845333330602125,-2.008621943448918e-15,-0.19032757288371338,0.0011150850590102568,0.22219099992071278
11.392,-2.503663452473903e-15,0.010162899652750518,0.5011141787966218,-3.636210538774615e-14,0.05585648741986678,-0.00015367715561472763,-0.02623610055186332,-1.3751944335440078e-13,4.324542558029507e-14,-0.7978106722440105,-1.7989246931115148e-12,5.360822494130317e-13,0.0,0.2,0.5,0.0,0.0,0.0,-0.0007116164029510319,0.3,5.622288949060858e-12,-1.0936291554681715e-12,39.19288383599313,39.19288383594785,42.19288383593691,42.19288383600407,0.18984036994970935,0.05585669882434777,0.02623610055186332,-2.503663452473903e-15,-0.1898371003472495,0.0011141787966217898,0.19065000014961697
11.4,-3.0851043149057177e-15,0.010669208848104805,0.501113200518794,-4.3625705870990675e-14,0.05734291981974917,-0.0001473986701854199,-0.03225315764702283,-1.5257081021464387e-13,4.82264151805e-14,-0.7511571529440424,-1.8963636076962466e-12,5.666092680358974e-13,0.0,0.2,0.5,0.0,0.0,0.0,-0.0007263262191419262,0.3,6.016975459618115e-12,-1.159792011241462e-12,39.19273673783287,39.192736737784294,42.1927367377727,42.19273673784446,0.18933406374342046,0.057343109261899596,0.03225315764702283,-3.0851043149057177e-15,-0.18933079115189522,0.0011132005187940441,0.15148899910855107
11.408,-3.762533448567749e-15,0.011195112176550689,0.501112072782764,-5.183629303834519e-14,0.0590219190669479,-0.0001461123368984485,-0.03646175871709806,-1.6837202294140216e-13,5.355722219612593e-14,-0.52539237635598,-1.9942854168584508e-12,5.97333980217316e-13,0.0,0.2,0.5,0.0,0.0,0.0,-0.0007262715176739043,0.3,6.422688027159063e-12,-1.2268734153428725e-12,39.19273728484925,39.19273728479728,42.19273728478502,42.192737284861515,0.1888081628847107,0.05902209992164242,0.03646175871709806,-3.762533448567749e-15,-0.1888048878234493,0.0011120727827640398,0.20855700131505728
11.416,-4.5459915798541965e-15,0.011743228480409028,0.5011107816001775,-6.105548771283515e-14,0.06092044285001526,-0.00014916943418165116,-0.037429007898386484,-1.8493610933989856e-13,5.91741755205876e-14,-0.12074906291949396,-2.092310193563479e-12,6.243494196648842e-13,0.0,0.2,0.5,0.0,0.0,0.0,-0.0007132603684637528,0.3,6.838839424725991e-12,-1.2872911314038123e-12,39.19286739634312,39.19286739628761,42.192867396274735,42.19286739635599,0.1882600484934145,0.06092062547743637,0.037429007898386484,-4.5459915798541965e-15,-0.18825677151959097,0.001110781600177524,0.223154000195791
11.424,-5.445920699464498e-15,0.012314140509162906,0.5011094250093351,-7.134261816052814e-14,0.06300915499886073,-0.00015325031840628575,-0.03372387507360075,-2.02302881108592e-13,6.501373033569904e-14,0.46254036930094083,-2.1925873766357486e-12,6.514213816693822e-13,0.0,0.2,0.5,0.0,0.0,0.0,-0.000697106310811435,-0.3,7.2709217438758586e-12,-1.3481606496761145e-12,42.1930289369215,42.193028936862284,39.1930289368488,39.19302893693499,0.18768913840887433,0.06300934136563045,0.03372387507360075,-5.445920699464498e-15,-0.1876858594908371,0.0011094250093350855,0.2024770001298748
11.432,-6.4730500611381296e-15,0.012905488448201989,0.5011079656040479,-8.275232857026043e-14,0.06519102247506402,-0.0001590853869043781,-0.026787690173891418,-2.204845225335773e-13,7.099536700700136e-14,0.8659000551954245,-2.2913167635604816e-12,6.777327504811436e-13,0.0,0.2,0.5,0.0,0.0,0.0,-0.0006755977427085336,-0.3,7.710467974611705e-12,-1.4077924846941709e-12,42.19324402260443,42.19324402254141,39.193244022527324,39.193244022618515,0.187097792185225,0.06519121658248624,0.026787690173891418,-6.4730500611381296e-15,-0.18709451155179802,0.0011079656040479113,0.20780699924216606
11.44,-7.638457192505635e-15,0.013512889128242308,0.5011064586767644,-9.533704114039919e-14,0.06733783498106086,-0.00016494149161131176,-0.018059895194167754,-2.394814291165662e-13,7.708168121902404e-14,1.0895637786718384,-2.3879906888210238e-12,7.064422934946767e-13,0.0,0.2,0.5,0.0,0.0,0.0,-0.0006538717936015459,-0.3,8.156449420572154e-12,-1.4721796779635907e-12,42.19346128209741,42.19346128203056,39.19346128201584,39.19346128211213,0.1864903932434554,0.06733803698974479,0.018059895194167754,-7.638457192505635e-15,-0.1864871108717577,0.0011064586767643991,0.23128599968913477
11.448,-8.953589985544925e-15,0.014130841297879159,0.5011049942241552,-1.0914795273829793e-13,0.06931907222576825,-0.0001685645085185187,-0.008978037259290153,-2.5929955651462925e-13,8.325958630925199e-14,1.1337650198810985,-2.484272710647678e-12,7.377263510864977e-13,0.0,0.2,0.5,0.0,0.0,0.0,-0.0006386696274920389,-0.3,8.61287948783096e-12,-1.5416398216334397e-12,42.193613303760436,42.19361330368972,39.193613303674304,39.193613303775855,0.18587244327460056,0.0693192771762286,0.008978037259290153,-8.953589985544925e-15,-0.18586915870212084,0.0011049942241552202,0.2138599993486423
11.456,-1.0430315353034034e-14,0.014753628632798593,0.5011036600118028,-1.2423649637787016e-13,0.07102494115360217,-0.0001682069156242538,-0.0009777894549598519,-2.799612326094699e-13,8.949579524915258e-14,0.9987369556118113,-2.5832178474504286e-12,7.656700082593685e-13,0.0,0.2,0.5,0.0,0.0,0.0,-0.0006352769144458703,-0.3,9.087136320097171e-12,-1.6047912505806083e-12,42.193647230892964,42.19364723081813,39.193647230802085,39.19364723090901,0.1852496590283954,0.07102514033382204,0.0009777894549598519,-1.0430315353034034e-14,-0.18524637136720143,0.0011036600118028428,0.18574000023363624
11.464,-1.2081005985578713e-14,0.01537622087469204,0.5011025352922625,-1.4065646291590848e-13,0.07238475897021619,-0.00016268352100916813,0.004507022943196465,-3.014364573967249e-13,9.584046931922541e-14,0.6847124596844426,-2.6795234652125856e-12,7.967863470450196e-13,0.0,0.2,0.5,0.0,0.0,0.0,-0.0006473437462211074,-0.3,9.56687120551256e-12,-1.674187487960498e-12,42.193526562577254,42.19352656249833,39.19352656248159,39.193526562593995,0.1846270711531253,0.07238494178421574,0.004507022943196465,-1.2081005985578713e-14,-0.18462377912530797,0.001102535292262452,0.21484100034285802
11.472,-1.3918624765661073e-14,0.01599517311879149,0.5011017118168138,-1.5846563983479085e-13,0.07338161327866086,-0.00015073370302253822,0.006044413008622477,-3.237161423373966e-13,1.0237637283435199e-13,0.19192410334496976,-2.7769996357118974e-12,8.305888204623236e-13,0.0,0.2,0.5,0.0,0.0,0.0,-0.0006787771869513071,-0.3,1.0060891485425265e-11,-1.7490242567545856e-12,42.19321222817205,42.19321222808893,39.19321222807144,39.193212228189545,0.1840081250502565,0.07338176809009281,0.006044413008622477,-1.3918624765661073e-14,-0.18400482688120853,0.001101711816813844,0.26932400032819714
11.48,-1.595685036825762e-14,0.016609523545379805,0.5011013258904401,-1.7772815193274065e-13,0.07406405128763488,-0.00013023512176170763,0.0022042614325205896,-3.4676527475047483e-13,1.0919978582453117e-13,-0.4793958443419871,-2.8738657157250335e-12,8.636800846904383e-13,0.0,0.2,0.5,0.0,0.0,0.0,-0.0007360949318977461,0.3,1.0564912499389834e-11,-1.822942371394041e-12,39.19263905072473,39.19263905063732,42.192639050619086,42.19263905074296,0.18339378335420634,0.0740641657910514,0.0022042614325205896,-1.595685036825762e-14,-0.1833904764546202,0.0011013258904400969,0.2590990006865468
11.488,-1.8210095240633677e-14,0.017221691145161942,0.5011012451020677,-1.9851364335560013e-13,0.07455543102466303,-0.00010620780672027388,-0.0055711754575992955,-3.7055378789857624e-13,1.1643799420272335e-13,-0.9706716670727795,-2.9712399879523896e-12,8.986066148023843e-13,0.0,0.2,0.5,0.0,0.0,0.0,-0.0008045091852121322,0.3,1.1081372581717544e-11,-1.9010161578060587e-12,39.191954908193786,39.191954908101984,42.19195490808297,42.1919549082128,0.18278162634304743,0.07455550667369577,0.0055711754575992955,-1.8210095240633677e-14,-0.18277830885483806,0.0011012451020676606,0.2843139991455246
11.496,-2.0693541843298585e-14,0.017836562299373238,0.5011013627315034,-2.208970797510959e-13,0.0750161236750111,-8.202550948253328e-05,-0.015841528013250065,-3.950476067752445e-13,1.241578654607701e-13,-1.2821372973681997,-3.067932277104803e-12,9.30950424782737e-13,0.0,0.2,0.5,0.0,0.0,0.0,-0.0008740230129058446,0.3,1.1607379418440651e-11,-1.974885951811425e-12,39.19125976991911,39.191259769822786,42.19125976980303,42.19125976993886,0.18216676709755944,0.07501616851991821,0.015841528013250065,-2.0693541843298585e-14,-0.18216343770062676,0.001101362731503408,0.2492399999027839
11.504,-2.3423053063959374e-14,0.018460582510292395,0.5011015550580642,-2.44955444317404e-13,0.07561340421298952,-6.0812243566316584e-05,-0.027168334975358026,-4.2023668944663244e-13,1.3237871786534937e-13,-1.4140263637989774,-3.1659361697381914e-12,9.584314508314593e-13,0.0,0.2,0.5,0.0,0.0,0.0,-0.0009352970977386521,0.3,1.2147605129798495e-11,-2.0402139981434066e-12,39.19064702907315,39.19064702897208,42.19064702895167,42.190647029093554,0.18154275949772358,0.07561342866717466,0.027168334975358026,-2.3423053063959374e-14,-0.18153941748970762,0.0011015550580641964,0.20051100000273436
11.512,-2.641508015758152e-14,0.01910085107931068,0.5011016583114327,-2.707650327944685e-13,0.076497437595847,-4.606846064000594e-05,-0.038115026443770746,-4.460864120893039e-13,1.41143331625455e-13,-1.366572191380695,-3.2610554885032623e-12,9.882686320420674e-13,0.0,0.2,0.5,0.0,0.0,0.0,-0.0009777835545637936,0.3,1.2692251592375932e-11,-2.1108945238479045e-12,39.19022216450727,39.190222164401455,42.19022216438035,42.19022216452837,0.18090250338584288,0.07649745146757225,0.038115026443770746,-2.641508015758152e-14,-0.18089914892068934,0.0011016583114327183,0.1305249988945434
11.52,-2.968654328576622e-14,0.019764218790256475,0.5011014812034219,-2.9839860444020134e-13,0.07778214285032427,-4.1282468782320486e-05,-0.04724689057324544,-4.72609207489331e-13,1.5044794946483687e-13,-1.140007801968207,-3.3576231247276433e-12,1.0192432948898931e-12,0.0,0.2,0.5,0.0,0.0,0.0,-0.0009908781693055424,0.3,1.3251586427500132e-11,-2.184587326500852e-12,39.190091218362284,39.19009121825161,42.19009121822977,42.190091218384126,0.1802391469385273,0.07778215380555156,0.04724689057324544,-2.968654328576622e-14,-0.18023578120974354,0.0011014812034219057,0.24509299873898271
11.528,-3.325472979537806e-14,0.020456388963961538,0.5011008559740938,-3.2792354629244716e-13,0.07952996862288406,-4.865670822806451e-05,-0.053131046257403704,-4.998128200388774e-13,1.6019826930213377e-13,-0.7345659146495203,-3.452836680952912e-12,1.045306350022874e-12,0.0,0.2,0.5,0.0,0.0,0.0,-0.0009677301864284837,0.3,1.3819427357687283e-11,-2.249559540214507e-12,39.19032269819357,39.190322698077864,42.19032269805537,42.190322698216065,0.17954698590546145,0.07952998350705336,0.053131046257403704,-3.325472979537806e-14,-0.17954361103603847,0.0011008559740938173,0.25681899933260866
11.536,-3.7137170443090415e-14,0.021181021703816985,0.501099717976141,-3.5939985322677727e-13,0.08173979339469542,-6.73753154042396e-05,-0.05433644386181539,-5.277641293814503e-13,1.7029366796385532e-13,-0.1504789461392014,-3.552025658770937e-12,1.0710594984110812e-12,0.0,0.2,0.5,0.0,0.0,0.0,-0.0009104578219625292,0.3,1.4408860010352814e-11,-2.3144706573953225e-12,39.19089542184084,39.19089542171991,42.19089542169676,42.19089542186399,0.17882235983936076,0.0817398211622745,0.05433644386181539,-3.7137170443090415e-14,-0.17881897829618304,0.001099717976140946,0.2175819990952732
11.544,-4.135152358117262e-14,0.02193883989335333,0.5010981910045228,-3.928787110334652e-13,0.08433728945416286,-9.207454277710598e-05,-0.04943391587071902,-5.565032296173951e-13,1.8058190071520239e-13,0.6120209888287578,-3.649512022324938e-12,1.0965670547320595e-12,0.0,0.2,0.5,0.0,0.0,0.0,-0.0008348028720528422,-0.3,1.5007391660780364e-11,-2.379208923514682e-12,42.19165197134262,42.19165197121633,39.19165197119254,39.19165197136641,0.17806454661725135,0.08433733971496064,0.04943391587071902,-4.135152358117262e-14,-0.1780611601066467,0.0010981910045227972,0.3910610012098914
11.552,-4.5915182106911855e-14,0.022726715821849142,0.5010962714915739,-4.283944319702656e-13,0.08716672977572776,-0.00012164745794475138,-0.03986669136936586,-5.860853609044856e-13,1.9091090713893485e-13,1.1943583280808066,-3.746879250437349e-12,1.1233388616894839e-12,0.0,0.30000000000000004,0.5,0.0,0.0,0.0,-0.0007439176746210086,-0.3,1.5619326586120177e-11,-2.4464318446600826e-12,42.19256082331965,42.19256082318793,39.19256082316346,39.192560823344124,0.277275451365823,0.08716681465958687,0.03986669136936586,-4.5915182106911855e-14,-0.2772732841781509,0.0010962714915738747,0.32067600113805383
11.56,-5.0845513535366896e-14,0.0235386013975762,0.5010941079621785,-4.659738312875747e-13,0.09003052321375639,-0.00015140620124119166,-0.02707610937060728,-6.16545416815575e-13,2.0112692255049113e-13,1.5967671580675855,-3.8431881276224106e-12,1.1473985951815885e-12,0.0,0.30000000000000004,0.5,0.0,0.0,0.0,-0.0006516938452714172,-0.3,1.6242949580665125e-11,-2.508285289117444e-12,42.193483061615964,42.19348306147862,39.193483061453534,39.19348306164105,0.27646356358377716,0.09003065052514339,0.02707610937060728,-5.0845513535366896e-14,-0.27646139860242386,0.0010941079621784588,0.24270300127682276
11.568,-5.615991694026236e-14,0.024366434234449598,0.5010918929480249,-5.05639150152461e-13,0.09272023949284233,-0.00017650031483144212,-0.012501580159781056,-6.479025932381455e-13,2.1117134817984876e-13,1.8194812610896551,-3.9387044139184026e-12,1.1762481277214132e-12,0.0,0.30000000000000004,0.5,0.0,0.0,0.0,-0.0005726334008276934,-0.3,1.6879142804765207e-11,-2.5790490098249616e-12,42.194273666063225,42.19427366592022,39.19427366589443,39.19427366608902,0.2756357284657451,0.09272040748384992,0.012501580159781056,-5.615991694026236e-14,-0.2756335657655504,0.0010918929480249195,0.26890099979937077
11.576,-6.187591309343648e-14,0.025201042037032474,0.5010897746642499,-5.474112239513058e-13,0.09504138665884344,-0.00019415734624150796,0.0024194032228784476,-6.801602947146859e-13,2.2098538742727133e-13,1.8627341156926978,-4.033210796078404e-12,1.204878694575989e-12,0.0,0.30000000000000004,0.5,0.0,0.0,0.0,-0.0005151517803051453,-0.3,1.7527514449385122e-11,-2.6490377468888724e-12,42.19484848227135,42.19484848212256,39.19484848209607,39.194848482297836,0.27480111882296193,0.09504158497789736,0.0024194032228784476,-6.187591309343648e-14,-0.27479895796296755,0.0010897746642498651,0.30881100065016653
11.584,-6.801128175079349e-14,0.026033046059813235,0.5010878109418674,-5.913131955949868e-13,0.09683320989659606,-0.00020441893655523383,0.016251225935703554,-7.133397304123092e-13,2.305433687830473e-13,1.7267588970621748,-4.130820291917651e-12,1.2318394844623394e-12,0.0,0.30000000000000004,0.5,0.0,0.0,0.0,-0.00047932131532202327,-0.3,1.819780727111756e-11,-2.715432786160313e-12,42.195206786924196,42.19520678676937,39.19520678674221,39.19520678695135,0.27396911355827996,0.09683342566479745,0.016251225935703554,-6.801128175079349e-14,-0.27396695394018683,0.0010878109418673843,0.27055999998992775
11.592,-7.458427820835419e-14,0.02685376295261471,0.5010859748977959,-6.373754679149886e-13,0.09798449023731141,-0.00020943625103033185,0.027560107088948488,-7.473960649321258e-13,2.399121774529066e-13,1.4117884774174916,-4.224939764432438e-12,1.2624437666606928e-12,0.0,0.30000000000000004,0.5,0.0,0.0,0.0,-0.00045890398906989205,-0.3,1.88745132059288e-11,-2.788515162928718e-12,42.19541096018974,42.19541096002887,39.19541096000099,39.19541096021762,0.2731483958485297,0.09798471406606758,0.027560107088948488,-7.458427820835419e-14,-0.27314623704738533,0.0010859748977959383,0.25341099899378605
11.6,-8.161387723289035e-14,0.027656103898499,0.501084208859787,-6.856403499454143e-13,0.09844611583695859,-0.00021169995104785742,0.03491407245648171,-7.823181608767509e-13,2.492074460196174e-13,0.9180554264056394,-4.3212510267340955e-12,1.2960003338500081e-12,0.0,0.30000000000000004,0.5,0.0,0.0,0.0,-0.00044658946131947985,-0.3,1.9570692645526346e-11,-2.8671392878583484e-12,42.19553410547032,42.19553410530329,39.19553410527461,39.195534105499,0.2723460542262304,0.09844634345801341,0.03491407245648171,-8.161387723289035e-14,-0.27234389610150106,0.0010842088597869948,0.2508999987185234
11.608,-8.912009865495178e-14,0.028435470722645427,0.5010825101724826,-7.361678155078461e-13,0.0982410632732254,-0.00021182714344764375,0.0368829661097533,-8.180545675578315e-13,2.5857486511714534e-13,0.24579201149432842,-4.416403675064294e-12,1.3287709665662482e-12,0.0,0.30000000000000004,0.5,0.0,0.0,0.0,-0.0004406049584663174,-0.3,2.0278287302980587e-11,-2.944369265340034e-12,42.19559395050201,42.195593950328664,39.19559395029922,39.19559395053145,0.27156668681910295,0.09824129164354761,0.0368829661097533,-8.912009865495178e-14,-0.27156452927735464,0.0010825101724826203,0.22546400032297242
11.616,-9.712435070880486e-14,0.029190650200846116,0.5010810197085621,-7.89040553752626e-13,0.09747233757359963,-0.00020672331277076916,0.032038522741494005,-8.545463952463342e-13,2.682544226835186e-13,-0.6047698016353827,-4.511227068873306e-12,1.3646158168622168e-12,0.0,0.30000000000000004,0.5,0.0,0.0,0.0,-0.0004502622338092843,0.3,2.0998816833393602e-11,-3.0279697584992755e-12,39.195497377751764,39.19549737757205,42.19549737754177,42.19549737778205,0.27081150740367516,0.09747255678697367,0.032038522741494005,-9.712435070880486e-14,-0.27080934979915394,0.0010810197085621143,0.22443499983637594
11.624,-1.0564942957958559e-13,0.029924722494906096,0.5010796567067058,-8.443594147715953e-13,0.09632967741037717,-0.00019945369662334564,0.02182490399608171,-8.91734741267872e-13,2.784371683325095e-13,-1.2750545996692135,-4.606648727334699e-12,1.3957620691681817e-12,0.0,0.30000000000000004,0.5,0.0,0.0,0.0,-0.00046653213159852935,0.3,2.1734068804199818e-11,-3.1033464156556804e-12,39.19533467877717,39.19533467859087,42.19533467855983,42.19533467880821,0.27007743552184776,0.09632988389780414,0.02182490399608171,-1.0564942957958559e-13,-0.27007527750509397,0.001079656706705845,0.255829001616803
11.632,-1.1471962125938062e-13,0.030644132862610824,0.5010784520430065,-9.022423238121771e-13,0.0950490011209219,-0.00018967954978243306,0.007684393515225801,-9.2955429978183e-13,2.893264609581361e-13,-1.76529661772366,-4.700849365088093e-12,1.4289393912718144e-12,0.0,0.30000000000000004,0.5,0.0,0.0,0.0,-0.0004904851164555524,0.3,2.2479496028434937e-11,-3.1837040628736007e-12,39.195095148931934,39.195095148738964,42.19509514870713,42.195095148963766,0.26935802609193576,0.0950491903827519,0.007684393515225801,-1.1471962125938062e-13,-0.26935586713738924,0.0010784520430064948,0.21475699941220228
11.64,-1.2436041919216878e-13,0.03135778237473462,0.5010774384610278,-9.628138073694187e-13,0.09388043869983041,-0.00017708318929298414,-0.00894266585406721,-9.679636617234938e-13,3.010413355871714e-13,-2.075729786571978,-4.796016923027624e-12,1.4594901584311704e-12,0.0,0.30000000000000004,0.5,0.0,0.0,0.0,-0.0005231376263732379,0.3,2.324001692787833e-11,-3.2603045046004594e-12,39.194768623836175,39.19476862363637,42.19476862360377,42.194768623868775,0.2686443782480061,0.09388060571240765,0.00894266585406721,-1.2436041919216878e-13,-0.2686422176252654,0.0010774384610278132,0.2254230003018165
11.648,-1.3459823210332277e-13,0.03207612049982576,0.5010765547325206,-1.026196368674413e-12,0.09306280408714476,-0.0001637597641159296,-0.026617873652488563,-1.0069266982253148e-12,3.1365596592121774e-13,-2.206587733039633,-4.8914721675760415e-12,1.4881096129870979e-12,0.0,0.30000000000000004,0.5,0.0,0.0,0.0,-0.0005582981184082403,0.3,2.4014014613141858e-11,-3.3345939787329988e-12,39.19441701891931,39.19441701871253,42.194417018679175,42.19441701895266,0.267926042363403,0.09306294816855218,0.026617873652488563,-1.3459823210332277e-13,-0.26792387950017427,0.0010765547325205516,0.19742699987546075
11.656,-1.4546009405509348e-13,0.03281023887981691,0.5010755926242424,-1.0925036437337677e-12,0.09280320276949265,-0.00015506051824667747,-0.04390473488106773,-1.046403420599892e-12,3.2721387918613115e-13,-2.1581037803992067,-4.984970230495626e-12,1.5178037595038327e-12,0.0,0.30000000000000004,0.5,0.0,0.0,0.0,-0.000579981132748042,0.3,2.479621753237181e-11,-3.412397800365545e-12,39.19420018877945,39.1942001885656,42.19420018853148,42.19420018881357,0.26719192605120734,0.09280333231107538,0.04390473488106773,-1.4546009405509348e-13,-0.2671897611201831,0.001075592624242394,0.17490500067651737
11.664,-1.569733871501215e-13,0.03357096742877681,0.5010742024677056,-1.1618352423627467e-12,0.09326077593959373,-0.00015880232801668444,-0.059368607017387734,-1.0863753911218166e-12,3.416914334373739e-13,-1.9305109487648164,-5.076788730772853e-12,1.547427500824814e-12,0.0,0.30000000000000004,0.5,0.0,0.0,0.0,-0.0005646852440898131,0.3,2.5587337938022116e-11,-3.4914859971824025e-12,39.19435314766958,39.19435314744863,42.194353147413715,42.1943531477045,0.26643119807518706,0.09326091114199178,0.059368607017387734,-1.569733871501215e-13,-0.26642903257122325,0.0010742024677056206,0.1920609993248945
11.672,-1.6916559692987378e-13,0.03436797463698161,0.5010719600989184,-1.2342734383839702e-12,0.09453380095679266,-0.00018310108209355696,-0.0715766532308337,-1.1268895860474967e-12,3.5698144590988923e-13,-1.5240419554860003,-5.171837031428388e-12,1.573803893583547e-12,0.0,0.30000000000000004,0.5,0.0,0.0,0.0,-0.0004878078022867438,0.3,2.639935746873234e-11,-3.565607576107177e-12,39.1951219220913,39.19512192186296,42.19512192182731,42.19512192212696,0.2656341883058597,0.09453397827947767,0.0715766532308337,-1.6916559692987378e-13,-0.26563202536301844,0.001071960098918412,0.20934299936925527
11.68,-1.8206411731632526e-13,0.03520887328091468,0.5010684849990545,-1.3098817603684988e-12,0.09664950686376328,-0.00023335836227160407,-0.07909782385289546,-1.1679779820265292e-12,3.729403583056407e-13,-0.938929215541109,-5.264814245988958e-12,1.6005647363343061e-12,0.0,0.30000000000000004,0.5,0.0,0.0,0.0,-0.0003326493680451126,0.3,2.7220608835356246e-11,-3.641497869306283e-12,39.19667350643745,39.19667350620165,42.19667350616524,42.19667350647386,0.26479328248533024,0.09664978858297554,0.07909782385289546,-1.8206411731632526e-13,-0.26479112671908533,0.001068484999054542,0.2363619987590937
11.688,-1.956960313225042e-13,0.03609833077702578,0.5010635866746508,-1.3887032584492341e-12,0.09955604289378564,-0.0003091447999111955,-0.0805028879665679,-1.2097290675356247e-12,3.893444146925197e-13,-0.17540484193018308,-5.3587644857243585e-12,1.6258397307482032e-12,0.0,0.30000000000000004,0.5,0.0,0.0,0.0,-9.980694322142547e-05,0.3,2.8059125174313732e-11,-3.715228921119979e-12,39.19900193068951,39.199001930446066,42.19900193040892,42.19900193072666,0.2639038124682677,0.09955652287608581,0.0805028879665679,-1.956960313225042e-13,-0.26390166922297426,0.001063586674650785,0.25437900148972403
11.696,-2.1008786843029517e-13,0.03703718083749964,0.5010574036519733,-1.4707585344542015e-12,0.1031160858268776,-0.00040189140686696013,-0.07436453678398901,-1.252241027002454e-12,4.058701763872341e-13,0.7662993539326998,-5.4508024010021284e-12,1.6463249258136103e-12,0.0,0.30000000000000004,0.5,0.0,0.0,0.0,0.00018576681674542517,-0.3,2.8909367392639492e-11,-3.779972711696385e-12,42.2018576682931,42.20185766804181,39.20185766800401,39.2018576683309,0.2629649451245795,0.10311686900288866,0.07436453678398901,-2.1008786843029517e-13,-0.2629628191625004,0.0010574036519732655,0.22615899979427923
11.704,-2.2526465918357105e-13,0.03802149694705456,0.5010500289197476,-1.5560265963952158e-12,0.10710077140037233,-0.0005058814311353829,-0.06212792526238471,-1.2956422274853253e-12,4.222731456898246e-13,1.5276081127997976,-5.545232115693234e-12,1.6734936128525825e-12,0.0,0.30000000000000004,0.5,0.0,0.0,0.0,0.0005074229970483124,-0.3,2.97825246032207e-11,-3.857329542164316e-12,42.20507423010012,42.205074229840854,39.205074229802285,39.205074230138685,0.26198060734068557,0.10710196613777537,0.06212792526238471,-2.2526465918357105e-13,-0.26197850305294546,0.001050028919747592,0.23124499966797885
11.712,-2.4125056998700583e-13,0.03904353858915239,0.5010418246506447,-1.6444690472020858e-12,0.11123165817274637,-0.000609811872479898,-0.04523633243870882,-1.3400145257408954e-12,4.3829767451517783e-13,2.10875582365396,-5.63888968753991e-12,1.7004221467982369e-12,0.0,0.30000000000000004,0.5,0.0,0.0,0.0,0.0008316537835492133,-0.3,3.06721158474593e-11,-3.9336423184594356e-12,42.20831653796919,42.2083165377018,39.20831653766246,39.208316538008525,0.26095854105714555,0.11123332976396288,0.04523633243870882,-2.4125056998700583e-13,-0.26095646141084766,0.0010418246506447293,0.3358310004841769
11.72,-2.580689512664581e-13,0.04009265520011207,0.501033241063824,-1.7360347697479281e-12,0.1152132418121862,-0.0007024391685030219,-0.02513107337077736,-1.385417677285823e-12,4.537219053420161e-13,2.5099765709348905,-5.732534755752736e-12,1.7250384552442681e-12,0.0,0.30000000000000004,0.5,0.0,0.0,0.0,0.0011248299196727762,-0.3,3.1580417518178e-11,-4.0045995070217874e-12,42.21124829933461,42.21124829905885,39.211248299018806,39.21124829937466,0.2599093985757803,0.11521538312941869,0.02513107337077736,-2.580689512664581e-13,-0.259907344799888,0.0010332410638239642,0.2743679997365689
11.728,-2.757424301034539e-13,0.04115618973918123,0.5010246462161319,-1.830664786723287e-12,0.11875895692648096,-0.0007768225271052314,-0.0032514837468705995,-1.4318579187374565e-12,4.684173906872152e-13,2.7315041349348186,-5.823286074141534e-12,1.7521980458287683e-12,0.0,0.30000000000000004,0.5,0.0,0.0,0.0,0.0013658934019304958,-0.3,3.250077714083267e-11,-4.0793038314850475e-12,42.21365893416141,42.213658933877205,39.213658933836406,39.21365893420221,0.25884583830961433,0.11876149756341227,0.0032514837468705995,-2.757424301034539e-13,-0.2588438102608188,0.0010246462161318526,0.25684300089778844
11.736,-2.9429307969266065e-13,0.04222038429347604,0.5010162021415488,-1.928298069108747e-12,0.12161202939855201,-0.000832559886259231,0.0189650456241555,-1.479354239328722e-12,4.822936748719893e-13,2.7735719921937085,-5.915898001452634e-12,1.778923052577349e-12,0.0,0.30000000000000004,0.5,0.0,0.0,0.0,0.0015531587768210509,-0.3,3.3444206718612234e-11,-4.151911454989262e-12,42.21553158791467,42.215531587621754,39.21553158758023,39.21553158795619,0.25778161870194644,0.12161487923111418,0.0189650456241555,-2.9429307969266065e-13,-0.257779615706524,0.0010162021415488498,0.20223499996063765
11.744,-3.1374274055811126e-13,0.04327128691852235,0.5010078097527029,-2.0288799769233162e-12,0.12356218914500215,-0.0008758576301568867,0.040083007014382395,-1.5279095216374062e-12,4.9533285620853e-13,2.636413315893909,-6.011166096411509e-12,1.806105826124711e-12,0.0,0.30000000000000004,0.5,0.0,0.0,0.0,0.0017046947428920323,-0.3,3.4412473904960134e-11,-4.2241040898277675e-12,42.217046947579874,42.21704694727798,39.217046947235744,39.21704694762211,0.25673069119403963,0.12356529331852692,0.040083007014382395,-3.1374274055811126e-13,-0.2567287130814777,0.0010078097527028707,0.17257800027437042
11.752,-3.341134939964406e-13,0.04429565678450282,0.5009991318692729,-2.132372817496829e-12,0.12445899796551066,-0.0009176331898743049,0.058668709024155274,-1.577461693751941e-12,5.076185537216809e-13,2.3202609762543154,-6.103000186945749e-12,1.837240614945446e-12,0.0,0.30000000000000004,0.5,0.0,0.0,0.0,0.0018528242736225442,-0.3,3.539090372815387e-11,-4.302704176870808e-12,42.218528242891665,42.21852824258079,39.21852824253776,39.218528242934696,0.2557062951977542,0.12446238076322558,0.058668709024155274,-3.341134939964406e-13,-0.25570434321549723,0.0009991318692729179,0.20790599955944344
11.76,-3.554282549764394e-13,0.0452818642930473,0.5009896906886758,-2.2387672784974927e-12,0.12422238608602325,-0.000970136066826764,0.07329022702631069,-1.6279753335689645e-12,5.193060460947896e-13,1.8253475409240103,-6.1962487841921775e-12,1.8716784764598715e-12,0.0,0.30000000000000004,0.5,0.0,0.0,0.0,0.002034143354407769,-0.3,3.6390285047919936e-11,-4.386708270854474e-12,42.22034143370409,42.220341433384064,39.220341433340195,39.22034143374796,0.254720058388979,0.12422617425040981,0.07329022702631069,-3.554282549764394e-13,-0.25471813570695273,0.000989690688675826,0.23316599981626496
11.768,-3.777115217337692e-13,0.046220784261213156,0.5009790230755846,-2.3480954917311765e-12,0.12285090807296238,-0.0010427991807415982,0.08251739276401972,-1.679383937564926e-12,5.305784955317612e-13,1.1519052753753884,-6.288810868791827e-12,1.9024373106274095e-12,0.0,0.30000000000000004,0.5,0.0,0.0,0.0,0.0022771482967585133,-0.3,3.7405220293609435e-11,-4.463024500197802e-12,42.2227714831323,42.22277148280288,39.22277148275824,39.222771483176935,0.25378110415705946,0.12285533380558945,0.08251739276401972,-3.777115217337692e-13,-0.25377921573878687,0.0009790230755846174,0.23555900042993017
11.776,-4.009902080191002e-13,0.04710668312816102,0.5009668643019911,-2.46044355051828e-12,0.12042819813206894,-0.0011382086844309851,0.08492184487398485,-1.7316203007781983e-12,5.417695281494925e-13,0.3001661432967883,-6.381401625026675e-12,1.937473039966452e-12,0.0,0.30000000000000004,0.5,0.0,0.0,0.0,0.002590107544990894,-0.3,3.843689768525504e-11,-4.547407674339826e-12,42.22590107561936,42.22590107528046,39.22590107523499,39.22590107566484,0.2528951651278032,0.12043357681455022,0.08492184487398485,-4.009902080191002e-13,-0.252893316871839,0.0009668643019911105,0.22597099996346515
11.784,-4.2529450848010223e-13,0.04793810450470173,0.5009533182907528,-2.5759623519396073e-12,0.1171280929191705,-0.0012492172285013374,0.07907716191113826,-1.7846105643203133e-12,5.532658885441576e-13,-0.7296381930154107,-6.47542473701392e-12,1.972197515375506e-12,0.0,0.30000000000000004,0.5,0.0,0.0,0.0,0.0029522466705482753,0.3,3.9488168377045215e-11,-4.631665825393002e-12,39.229522466879764,39.2295224665312,42.22952246648489,42.22952246692608,0.25206369825194225,0.11713475442653996,0.07907716191113826,-4.2529450848010223e-13,-0.25206189549529834,0.000953318290752847,0.20972299898858182
11.792,-4.506578381368844e-13,0.04871879949286122,0.5009384593601259,-2.6948531229713106e-12,0.1132198490393258,-0.0013708470484739945,0.06642943603451273,-1.838254094406513e-12,5.654711935884987e-13,-1.5789326232374135,-6.568389914949795e-12,2.0064696973321897e-12,0.0,0.30000000000000004,0.5,0.0,0.0,0.0,0.0033490909193575336,0.3,4.0552782199771726e-11,-4.716151668916278e-12,39.233490909372755,39.2334909090144,42.233490908967234,42.23349090941992,0.251282952932107,0.1132281477289019,0.06642943603451273,-4.506578381368844e-13,-0.2512812005071388,0.0009384593601259317,0.2240109988633776
11.8,-4.771170349563614e-13,0.04945677399401059,0.5009226819253115,-2.817362418863898e-12,0.10902524176019295,-0.001491113509139184,0.0484229124710632,-1.892454130917001e-12,5.787060015125871e-13,-2.247951685082519,-6.660490621238397e-12,2.037904092370569e-12,0.0,0.30000000000000004,0.5,0.0,0.0,0.0,0.00374507734791818,0.3,4.163079952596492e-11,-4.79679038397084e-12,39.237450773663355,39.23745077329501,42.23745077324705,42.237450773711316,0.2505449249923526,0.10903543809406949,0.0484229124710632,-4.771170349563614e-13,-0.25054322600598944,0.0009226819253115304,0.2261240006191656
11.808,-5.047116021463047e-13,0.0501633848586974,0.5009064948648875,-2.9437541148397775e-12,0.1048854650253266,-0.0015975673179127793,0.026499867777616083,-1.9471291078508563e-12,5.93245579651013e-13,-2.736929611527628,-6.75312940575219e-12,2.0695693473914133e-12,0.0,0.30000000000000004,0.5,0.0,0.0,0.0,0.004102936042007843,0.3,4.272525594603596e-11,-4.879884913816869e-12,39.2410293606093,39.241029360230854,42.241029360182054,42.2410293606581,0.2498382596765424,0.1048976310262261,0.026499867777616083,-5.047116021463047e-13,-0.24983661514130265,0.0009064948648874749,0.22121000074548647
11.816,-5.334829044888647e-13,0.05085243637654479,0.5008903163876391,-3.0742858504357435e-12,0.10113465996644401,-0.0016825157855384224,0.002100571921393932,-2.0021930185549476e-12,6.092819658799662e-13,-3.046100331209191,-6.845225008254863e-12,2.100192365517901e-12,0.0,0.30000000000000004,0.5,0.0,0.0,0.0,0.004399293763873491,0.3,4.3833425045027756e-11,-4.963292945380105e-12,39.243992937833085,39.24399293744439,42.24399293739475,42.24399293788272,0.24914915436897186,0.10114865449375408,0.002100571921393932,-5.334829044888647e-13,-0.24914756362345525,0.0008903163876391451,0.20824300008825958
11.824,-5.634733820789733e-13,0.05153927346035188,0.500874311192789,-3.2091906201013903e-12,0.09807865506833433,-0.001746142499683823,-0.02333668871614072,-2.0575771907268637e-12,6.269002703267066e-13,-3.1756974688186297,-6.937550954282285e-12,2.1260624241449474e-12,0.0,0.30000000000000004,0.5,0.0,0.0,0.0,0.004634130308252216,0.3,4.4956964771205195e-11,-5.04003776345826e-12,39.24634130328211,39.24634130288294,42.24634130283253,42.246341303332514,0.24846226484653894,0.0980941975533849,0.02333668871614072,-5.634733820789733e-13,-0.24846072653964818,0.0008743111927890235,0.20855799994023982
11.832,-5.947258507728283e-13,0.052239871844091006,0.5008582987266051,-3.3486642134274007e-12,0.09597788364814369,-0.001797225654343988,-0.048375550091007885,-2.11320693980875e-12,6.461718305978183e-13,-3.125954345497262,-7.0270152416252525e-12,2.1554815768080687e-12,0.0,0.30000000000000004,0.5,0.0,0.0,0.0,0.004833135409290201,0.3,4.608850982797013e-11,-5.126132429775494e-12,39.24833135429772,39.24833135388809,42.24833135383683,42.24833135434898,0.24776161482468698,0.09599470907101725,0.048375550091007885,-5.947258507728283e-13,-0.24776012815590903,0.0008582987266051445,0.22930200066184625
11.84,-6.27282911349984e-13,0.05296992870203783,0.500841748263599,-3.4928578851709027e-12,0.09503372836718757,-0.0018515420986300612,-0.07158149346016189,-2.169074151744112e-12,6.670432817656678e-13,-2.897103979230716,-7.118448889016642e-12,2.182944205969147e-12,0.0,0.30000000000000004,0.5,0.0,0.0,0.0,0.00504316302342378,0.3,4.7239475316920355e-11,-5.210948322240743e-12,39.25043163044438,39.250431630024096,42.250431629971985,42.25043163049649,0.24703150541098107,0.09505176345292805,0.07158149346016189,-6.27282911349984e-13,-0.24703007129796223,0.0008417482635989515,0.2018450013565598
11.848,-6.611865253121401e-13,0.05374395841015781,0.5008238634006017,-3.64187665719053e-12,0.09537772539674744,-0.0019283552538353185,-0.09152177480097887,-2.2251765641964655e-12,6.893741980648084e-13,-2.489379085242798,-7.207863961553688e-12,2.208052963816477e-12,0.0,0.30000000000000004,0.5,0.0,0.0,0.0,0.0053219125238793685,0.3,4.840097428136305e-11,-5.293507590015745e-12,39.25321912545433,39.25321912502326,42.25321912497032,42.253219125507265,0.24625741972659618,0.09539721723322099,0.09152177480097887,-6.611865253121401e-13,-0.24625604158984224,0.0008238634006016987,0.20676399981311988
11.856,-6.964777026663486e-13,0.05457439734441162,0.5008037454860654,-3.795780759607735e-12,0.09706315367374546,-0.0020456320664749656,-0.1067653827325431,-2.2815835343447027e-12,7.129487702290941e-13,-1.903012076388893,-7.2986433521138e-12,2.2316081880020116e-12,0.0,0.30000000000000004,0.5,0.0,0.0,0.0,0.005723715675763574,0.3,4.9581681653850556e-11,-5.375010268602493e-12,39.257237156978675,39.257237156536604,42.25723715648286,42.25723715703242,0.2454269187470379,0.09708470740360975,0.1067653827325431,-6.964777026663486e-13,-0.24542560265558844,0.0008037454860654325,0.24307199964823667
11.864,-7.331962971131856e-13,0.05547071880550234,0.5007806126702384,-3.954589468857011e-12,0.10005855946626187,-0.0022148260488548664,-0.11588304679964342,-2.3383943331025376e-12,7.374864675366903e-13,-1.1382350635488288,-7.388605936756006e-12,2.2563932861995458e-12,0.0,0.30000000000000004,0.5,0.0,0.0,0.0,0.006283899232819579,0.3,5.0777704019864107e-11,-5.460355174722041e-12,39.26283899255479,39.26283899210161,42.26283899204701,42.26283899260939,0.24453052716918325,0.10008306938183975,0.11588304679964342,-7.331962971131856e-13,-0.2445292811944977,0.0007806126702384342,0.2495239987183595
11.872,-7.713808033822896e-13,0.05643855505535009,0.5007540387143948,-4.118284231813312e-12,0.10424275381920584,-0.0024362097351739833,-0.11744731779687514,-2.395783281306657e-12,7.625860446883288e-13,-0.195279856019231,-7.480326145896803e-12,2.278142360706035e-12,0.0,0.30000000000000004,0.5,0.0,0.0,0.0,0.0070046526447411495,0.3,5.199675233976571e-11,-5.540751559528118e-12,39.27004652667969,39.27004652621514,42.27004652615973,42.2700465267351,0.24356261215118497,0.10427121770500865,0.11744731779687514,-7.713808033822896e-13,-0.24356144494464996,0.0007540387143948335,0.23103599960450083
11.88,-8.110709839882686e-13,0.057478957825126985,0.5007253379735676,-4.286881900600015e-12,0.10940427229978421,-0.002666486308821132,-0.11026190530745437,-2.9721260115611442e-12,2.1518830369148833e-12,0.897013413853382,-9.118790232999507e-11,1.6414057365578463e-10,0.0,0.30000000000000004,0.5,0.0,0.0,0.0,0.007757863683850785,-0.3,2.506038040824539e-10,-3.177398051681815e-10,42.27757863650283,42.277578637174194,39.27757863399679,39.277578639680236,0.24252212685188634,0.10943676231815551,0.11026190530745437,-8.110709839882686e-13,-0.24252104217487305,0.0007253379735675525,0.26060399977723137
11.888,-8.527191225039237e-13,0.05858730833222514,0.5006947848074454,-4.470708983371504e-12,0.11523218051728432,-0.0028970182001096093,-0.09577501090356116,-4.099677073884925e-12,4.899969032475682e-12,1.8085405657829832,-1.752985677256237e-10,3.2677884806975236e-10,0.0,0.30000000000000004,0.5,0.0,0.0,0.0,0.008517934185428011,-0.3,4.558060491542895e-10,-6.33521978822241e-10,42.285179340965705,42.28517934274286,39.285179336407644,39.28517934730092,0.24141369145971986,0.1152685913040485,0.09577501090356116,-8.527191225039237e-13,-0.2414126916677749,0.0006947848074454477,0.2698150001378963
11.896,-8.971773738144925e-13,0.059754424088276775,0.5006631202632007,-4.6880234694613e-12,0.12136363831511505,-0.0031092281662062787,-0.07543298919199044,-5.8374320867228385e-12,8.990006325926761e-12,2.539536470380633,-2.5981141916110214e-10,4.901980535358421e-10,0.0,0.30000000000000004,0.5,0.0,0.0,0.0,0.00922930937509836,-0.3,6.682462268665672e-10,-9.52871033839403e-10,42.29229309232786,42.29229309517411,39.292293085645404,39.292293101856565,0.24024649107456086,0.12140345960833074,0.07543298919199044,-8.971773738144925e-13,-0.24024557591172327,0.0006631202632007005,0.28525800007628277
11.904,-9.456680236252046e-13,0.06096745722564302,0.5006312843828611,-4.962685020836977e-12,0.12741673908625153,-0.0032832795414554756,-0.05068020446247122,-8.262834803725813e-12,1.4395176450448118e-11,3.090235693088449,-3.447264806142651e-10,6.543977552481088e-10,0.0,0.30000000000000004,0.5,0.0,0.0,0.0,0.009832175974104795,-0.3,8.887707563661634e-10,-1.2757447496244117e-09,42.29832175780618,42.29832176167592,39.29832174891847,39.29832177056363,0.2390333763831881,0.12745903390470698,0.05068020446247122,-9.456680236252046e-13,-0.23903254277435704,0.0006312843828610859,0.3135509996354813
11.912,-9.997477429620028e-13,0.062210793880197734,0.5006001461553636,-5.322141000089385e-12,0.1330168076328656,-0.003405079320600579,-0.022958979200142674,-1.1463372198998783e-11,2.108040532376419e-11,3.460872494576119,-4.300393782674382e-10,8.193730575338034e-10,0.0,0.30000000000000004,0.5,0.0,0.0,0.0,0.01028337395095591,-0.3,1.1183270772913607e-09,-1.6020796200731946e-09,42.3028337370908,42.30283374192832,39.302833725907526,39.30283375311159,0.23778996346039002,0.1330603835783527,0.022958979200142674,-9.997477429620028e-13,-0.2377892061198023,0.0006001461553636345,0.28971500069019385
11.92,-1.061272961912029e-12,0.06346696038039265,0.5005702774242379,-5.7958432738223314e-12,0.13781760861116887,-0.003470781734624533,0.006290388578639927,-1.5528420445621107e-11,2.9004977810614072e-11,3.6516808311368942,-5.157532361115141e-10,9.851261323072766e-10,0.0,0.30000000000000004,0.5,0.0,0.0,0.0,0.010570018034807838,-0.3,1.3579040732275576e-09,-1.9318169717962955e-09,42.30570017747852,42.305700183217645,39.30570016389948,39.305700196796685,0.23653372708354164,0.1378613055543532,0.006290388578639927,-1.061272961912029e-12,-0.2365330396196074,0.000570277424237875,0.29123899912519846
11.928,-1.1323738713945707e-12,0.06471753679128615,0.5005418041907715,-6.414197356121211e-12,0.14151849716126919,-0.0034884562243578145,0.03562956198944742,-2.0541360047472827e-11,3.8126112397975424e-11,3.6628943550830755,-6.018660346050469e-10,1.1516500947301203e-09,0.0,0.30000000000000004,0.5,0.0,0.0,0.0,0.010714757618522475,-0.3,1.6084200820496759e-09,-2.2648775938272637e-09,42.30714757290294,42.30714757946752,39.30714755681874,39.30714759555172,0.23528308703632086,0.1415614861663066,0.03562956198944742,-1.1323738713945707e-12,-0.23528246320871388,0.0005418041907715443,0.2524739993532421
11.936,-1.2154448043939592e-12,0.06594407397726577,0.5005143556992392,-7.208131209881912e-12,0.14387822737850925,-0.0034769772677952235,0.06362207853715636,-2.6572298450141347e-11,4.840386625320655e-11,3.494746415140968,-6.883820566955073e-10,1.3189469404630697e-09,0.0,0.30000000000000004,0.5,0.0,0.0,0.0,0.010772771829193006,-0.3,1.870673850262791e-09,-2.601203667011198e-09,42.30772771463929,42.30772772194458,39.30772769593255,39.30772774065132,0.23405649118993688,0.1439202337564207,0.06362207853715636,-1.2154448043939592e-12,-0.23405592602273428,0.0005143556992391884,0.2084440002363408
11.944,-1.3131589979058916e-12,0.06712900786189037,0.5004871184373242,-8.209359805703564e-12,0.14472592901841896,-0.003462513362111177,0.08883326233950434,-3.3671257249583035e-11,5.980704837874757e-11,3.1474700568453318,-7.75296459676099e-10,1.4870188586804866e-09,0.0,0.30000000000000004,0.5,0.0,0.0,0.0,0.010821554669821598,-0.3,2.1452400904393836e-09,-2.940751249193291e-09,42.30821554272067,42.308215550675776,39.30821552126826,39.308215572128184,0.23287150161357129,0.144767342757361,0.08883326233950434,-1.3131589979058916e-12,-0.2328709921381097,0.00048711843732418547,0.29609500052174553
11.952,-1.428515673688622e-12,0.06825656453110668,0.5004589888964699,-9.451404739131432e-12,0.14396965994514602,-0.0034732492110463604,0.109830157488116,-4.1861955380945063e-11,7.23198765461167e-11,2.6212980229333245,-8.626060649840641e-10,1.6558629692306394e-09,0.0,0.30000000000000004,0.5,0.0,0.0,0.0,0.0109453230203157,-0.3,2.4324330849195633e-09,-3.283490467312974e-09,42.30945322594788,42.309453234458445,39.30945320162354,39.30945325878278,0.23174389000302084,0.14401154969238758,0.109830157488116,-1.428515673688622e-12,-0.23174343546889337,0.00045898889646989183,0.2615220000734553
11.96,-1.5649272288519241e-12,0.06931365226323413,0.5004288058490507,-1.0971412670387317e-11,0.1416029212593002,-0.00353317555431692,0.12518150452944662,-5.1135918378185095e-11,8.594900794893537e-11,1.9164627537379355,-9.503156089238448e-10,1.8254770726687572e-09,0.0,0.30000000000000004,0.5,0.0,0.0,0.0,0.011216496392997044,-0.3,2.7322650358017084e-09,-3.629427381974973e-09,42.31216495944417,42.31216496841578,39.31216493212151,39.312164995738435,0.23068674627421545,0.1416469930449115,0.12518150452944662,-1.5649272288519241e-12,-0.2306863477367659,0.0004288058490506952,0.3305000009277137
11.968,-1.7263538944962405e-12,0.07029074096039363,0.5003956301825877,-1.281279677741821e-11,0.1377095544364303,-0.0036559321050284354,0.13345778187145146,-6.144631621036301e-11,1.007303345324506e-10,1.0331963875808845,-1.0384219370611398e-09,1.995861024043349e-09,0.0,0.30000000000000004,0.5,0.0,0.0,0.0,0.01167717113071809,-0.3,3.0443528822627622e-09,-3.978617105903462e-09,42.31677170663586,42.316771715978504,39.31677167619233,39.316771746422035,0.22970959973794386,0.13775807498160222,0.13345778187145146,-1.7263538944962405e-12,-0.22970925903960643,0.0003956301825877029,0.3359399997862056
11.976,-1.9174951640750887e-12,0.07118272680870918,0.5003590873106931,-1.5028769161405238e-11,0.13246728975703062,-0.003838317481387267,0.13324293292449632,-1.471429149766783e-10,-9.136193671607445e-11,-0.026821224140594967,-1.379149591355647e-08,-2.234505977150248e-08,0.0,0.30000000000000004,0.5,0.0,0.0,0.0,0.012319435649846167,-0.3,3.3220036133770643e-08,4.2943995956548086e-08,42.32319473731862,42.3231939756783,39.323194405118265,39.32319430787866,0.22881755495239986,0.13252288684095676,0.13324293292449632,-1.9174951640750887e-12,-0.22881727319129086,0.00035908731069311806,0.277508999715792
11.984,-2.2083713433117938e-12,0.07198947335007702,0.5003220435406304,-1.929491981004262e-11,0.12614249533982264,-0.00399674823667867,0.12402918191363209,-1.597780608915351e-09,2.1262676914263698e-09,-1.1502305776563269,-1.440854713039117e-07,2.9779039018232014e-07,0.0,0.30000000000000004,0.5,0.0,0.0,0.0,0.012894883845701144,0.3,3.47348207995046e-07,-5.737127139618645e-07,39.32894770663449,39.328949970279545,42.328944233152406,42.32895344376163,0.22801075407799806,0.12620579672512894,0.12402918191363212,-2.2083713433117938e-12,-0.22801052664992302,0.0003220435406303679,0.2482840009179199
11.992,-3.335526280030856e-12,0.07271690561137736,0.5002849982898909,-4.361480926600749e-11,0.11909980280436464,-0.004123529857828896,0.10726836270494194,-4.341498697676674e-09,6.775718334935527e-09,-2.092429205577094,-2.7326471027646476e-07,6.16094339448463e-07,0.0,0.30000000000000004,0.5,0.0,0.0,0.0,0.01337986854902562,0.3,6.721747356307298e-07,-1.190614016460053e-06,39.333796093293856,39.33380127768666,42.3337893715465,42.333807999434015,0.2272832730732572,0.11917116482827106,0.10726836270494225,-3.335526280030856e-12,-0.22728309438862268,0.00028499828989092535,0.5270390010991832
12.0,-6.732393003483455e-12,0.0733756816467192,0.5002489687856145,-1.1981351549913034e-10,0.11174924312703954,-0.004199561493173002,0.08441043680326964,-8.256161906648003e-09,1.3903595444954418e-08,-2.853652556195611,-4.0133065754080905e-07,9.325691645304534e-07,0.0,0.30000000000000004,0.5,0.0,0.0,0.0,0.013716424385895376,0.3,1.006528027509294e-06,-1.8078363878865642e-06,39.33716023731716,39.33716825040076,42.33715017203688,42.33717831568104,0.2266244551114142,0.11182812551501137,0.08441043680327119,-6.732393003483455e-12,-0.22662431835328084,0.00024896878561453395,0.4723509991890751
12.008000000000001,-1.4585289755587703e-11,0.0739802941494416,0.5002151737871384,-2.921732312018885e-10,0.10451470706968985,-0.004204524156441082,0.05690334277123562,-1.3182239392593199e-08,2.3569716261530492e-08,-3.434135771885066,-5.282847629673003e-07,1.2472172472609233e-06,0.0,0.30000000000000004,0.5,0.0,0.0,0.0,0.013842437103487648,0.3,1.3488832854112078e-06,-2.4254767039432074e-06,39.33841898806779,39.33842975400198,42.33840549923494,42.33844324283483,0.22601980827469886,0.10459924482158164,0.05690334277124203,-1.4585289755587703e-11,-0.22601970585055844,0.00021517378713842295,0.2737930008152034
12.016,-2.990037205972102e-11,0.07454816853945088,0.500184718250895,-6.16615642564886e-10,0.09780862540598557,-0.0041250077312371455,0.02619294177480024,-1.8935934619769733e-08,3.5836407193519134e-08,-3.8341136894966126,-6.541284691513786e-07,1.560040961296409e-06,0.0,0.30000000000000004,0.5,0.0,0.0,0.0,0.013715917881689688,0.3,1.6974949170858143e-06,-3.0436356969547144e-06,39.337152448113,39.33716590952079,42.337135473163826,42.33718288446997,0.22545190713264784,0.09789557136352581,0.0261929417748316,-2.990037205972102e-11,-0.22545183146054915,0.00018471825089505511,0.2618159996927716
12.024000000000001,-5.65672754176877e-11,0.07509875088521693,0.5001583277510561,-1.1599650980010012e-09,0.09201145896893814,-0.003959768680964412,-0.006276963982740349,-2.5323041641668473e-08,5.075938540380546e-08,-4.053820840756336,-7.78863220440383e-07,1.871042674968156e-06,0.0,0.30000000000000004,0.5,0.0,0.0,0.0,0.013330911184985639,0.3,2.050536596014484e-06,-3.6624038893001765e-06,39.33330105251339,39.33331717118632,42.333280547147424,42.33333767655229,0.2249013048451842,0.09209662507171115,0.006276963982996665,-5.65672754176877e-11,-0.2249012491147831,0.00015832775105606434,0.20845300059590954
12.032,-9.940601010703534e-11,0.07565258518166995,0.500136168600482,-1.99894044563461e-09,0.0874550245864775,-0.0037217937091220733,-0.03906456295381474,-3.2153683271118775e-08,6.83808991905661e-08,-4.093491452661688,-9.024904560083479e-07,2.18022475580136e-06,0.0,0.30000000000000004,0.5,0.0,0.0,0.0,0.012723988909084993,0.3,2.4062496659166116e-06,-4.281851015936037e-06,39.32723051108411,39.3272492670976,42.32720644858745,42.32727332959426,0.2243474561423767,0.0875341823165936,0.03906456295388782,-9.940601010703534e-11,-0.2243474148183301,0.00013616860048204504,0.23896600032458082
12.040000000000001,-1.6418462485252618e-10,0.0762303847627061,0.5001177764619921,-3.218617725144778e-09,0.08440900919508423,-0.003437238429546994,-0.07072993884617294,-3.9257818096871275e-08,8.872545921073925e-08,-3.9533594478774483,-1.0250116165412199e-06,2.487589567516152e-06,0.0,0.30000000000000004,0.5,0.0,0.0,0.0,0.01197145281600931,0.3,2.7630982092913396e-06,-4.902019430710785e-06,39.31970383355399,39.31972522276621,42.3196762025719,42.3197528537483,0.2237696462318819,0.084478964490087,0.07072993884623949,-1.6418462485252618e-10,-0.22376961523729394,0.00011777646199206959,0.1865819995146012
12.048,-2.5759604384077046e-10,0.07685210579471329,0.5001021027782885,-4.9101796548221875e-09,0.08307023315624862,-0.003141632836227328,-0.09983497068335058,-4.6501219238099295e-08,1.1179811725232192e-07,-3.6336584451311285,-1.1464281367781395e-06,2.7931394665008677e-06,0.0,0.30000000000000004,0.5,0.0,0.0,0.0,0.011178334312139548,0.3,3.119927252933292e-06,-5.522921443993934e-06,39.31177132815044,39.311795358092354,42.311740128877915,42.31182655736488,0.22314791756418248,0.08312961862965085,0.099834970683424,-2.5759604384077046e-10,-0.22314789420528675,0.00010210277828848202,0.2532090002205223
12.056000000000001,-3.871830433091208e-10,0.07753603122602833,0.5000876747848569,-7.1678187105661456e-09,0.083554322307873,-0.0028740061047703917,-0.12494325066960961,-5.380154286206062e-08,1.3758484862647266e-07,-3.134621759607881,-1.26674145323679e-06,3.096876820161614e-06,0.0,0.30000000000000004,0.5,0.0,0.0,0.0,0.010461070836508046,0.3,3.4761199602416187e-06,-6.14453994659917e-06,39.30459736626515,39.304624050465016,42.30456260506555,42.304658811664616,0.22246398605062925,0.08360373608528648,0.12494325066969694,-3.871830433091208e-10,-0.22246396877397173,8.767478485693925e-05,0.22734300000593066
12.064,-5.612002713463178e-10,0.07829787115680369,0.5000728515100116,-1.008468566938332e-08,0.08588945611568449,-0.0026697867549505,-0.14462004201636744,-6.114410967506e-08,1.660541841871847e-07,-2.456482403344904,-1.3859529988617954e-06,3.3988039782794474e-06,0.0,0.30000000000000004,0.5,0.0,0.0,0.0,0.009926364022415757,0.3,3.831749639238175e-06,-6.766830874893643e-06,39.299248964817984,39.29927831563034,42.299210647321594,42.29931663312673,0.2217021408127304,0.08593093990621249,0.14462004201647571,-5.612002713463178e-10,-0.22170212884319634,7.285151001157342e-05,0.21391799964476377
12.072000000000001,-7.884012327345265e-10,0.07914988079096788,0.5000561452633461,-1.3747772570211241e-08,0.09001180574665006,-0.002553485570597823,-0.15743229871079117,-6.859708667255905e-08,1.9715883919406282e-07,-1.5994730856253117,-1.504064204132383e-06,3.6989232943890984e-06,0.0,0.30000000000000004,0.5,0.0,0.0,0.0,0.009649200176993888,0.3,4.187723148541874e-06,-7.389725764821359e-06,39.29647599175686,39.296508011783025,42.296434114525375,42.29654988901451,0.2208501263457513,0.09004801753693473,0.15743229871092956,-7.884012327345265e-10,-0.22085011920903216,5.6145263346074614e-05,0.2198330003011506
12.08,-1.0777360332814078e-09,0.08009999090659119,0.5000365657285644,-1.8231588069841825e-08,0.09576219748790533,-0.0025322768260210805,-0.1619487690300065,-7.632582409005285e-08,2.308357112692274e-07,-0.5638262133715068,-1.6210764987142386e-06,3.997237116599357e-06,0.0,0.30000000000000004,0.5,0.0,0.0,0.0,0.009653363753203914,0.3,4.545912846752381e-06,-8.013131731301458e-06,39.29651630143762,39.296550973626466,42.29647084230915,42.29659643275494,0.21990001213354626,0.09579567262479302,0.16194876903018898,-1.0777360332814078e-09,-0.21990000909340884,3.656572856436391e-05,0.2263429996673949
12.088000000000001,-1.437833467583495e-09,0.08115078362929362,0.5000129770710144,-2.3587706313424632e-08,0.10287957605788219,-0.0026155378995648543,-0.15746601705056412,-3.0278657411447654e-07,-1.8104682091373184e-07,0.559616875892048,-1.9734047610250673e-05,-5.526009056161132e-05,0.0,0.30000000000000004,0.5,0.0,0.0,0.0,0.009969418245002526,0.22184266891345383,4.84793081442869e-05,0.0001061326744841103,39.6912538977959,39.689707777969616,41.909195793848994,41.90861926018559,0.2188492167554562,0.10291281848416252,0.15746601705095933,-1.437833467583495e-09,-0.21884921637070642,1.2977071014441677e-05,0.16461399900435936
12.096,-1.96846607019604e-09,0.08229929136624652,0.49998558698641554,-3.21359801160548e-08,0.11101635427013128,-0.002777182434624446,-0.14543479704968632,-7.389676297750334e-07,-1.0402202397735146e-06,1.5019665871492949,-3.7647068896775153e-05,-0.00011424671786420591,0.0,0.30000000000000004,0.5,0.0,0.0,0.0,0.010522109094073695,-0.3,9.410375167159308e-05,0.00022045022579646528,42.30679386082808,42.3036483210534,39.30585282331137,39.30458935857011,0.2177007091108649,0.11105108580156933,0.14543479705528378,-1.96846607019604e-09,-0.21770070863375351,-1.441301358445779e-05,0.2725300000747666
12.104000000000001,-2.865009371858415e-09,0.08353784251343131,0.4999553419404393,-4.812236663440071e-08,0.11977686209572147,-0.0029778720971060384,-0.12730406998205415,-1.3666395450277132e-06,-2.35252054152801e-06,2.263458216222446,-5.536040015481275e-05,-0.0001729629965207363,0.0,0.30000000000000004,0.5,0.0,0.0,0.0,0.011195856640850765,-0.3,0.0001412433256105133,0.0003349492011248411,42.31433952904219,42.309577603774834,39.31292709578609,39.31099003703094,0.2164621620932452,0.11981387405357743,0.1273040700111265,-2.865009371858415e-09,-0.21646215748656872,-4.465805956072044e-05,0.22848899970995262
12.112,-4.427773136784267e-09,0.08485495406395775,0.49992363993088484,-7.756698743067118e-08,0.1287492784397418,-0.0031748479165457965,-0.10452083783827194,-2.1608078123562753e-06,-4.126136545150222e-06,2.8443267532123033,-7.287430084525147e-05,-0.00023140927779288545,0.0,0.30000000000000004,0.5,0.0,0.0,0.0,0.011863809311012163,-0.3,0.00018965709691272159,0.000449642911174142,42.321834593150555,42.31544159306969,39.31993802218143,39.317338164038816,0.21514505948703985,0.1287884170181984,0.10452083794205073,-4.427773136784267e-09,-0.21514504593604228,-7.636006911515558e-05,0.21592499979306012
12.120000000000001,-7.073473848113325e-09,0.08623622170207282,0.4998920271702746,-1.2819610772775597e-07,0.13753111370466622,-0.00333019734849294,-0.07853007410220493,-3.092171671598331e-06,-6.369908816164458e-06,3.244806882895472,-9.018903008539724e-05,-0.0002895859124880889,0.0,0.30000000000000004,0.5,0.0,0.0,0.0,0.012412478494629675,-0.3,0.00023906410714827377,0.0005645456711697917,42.328142833837894,42.320106736054704,39.32575219276641,39.32249737712619,0.21376380556665198,0.13757142672532757,0.07853007442142826,-7.073473848113325e-09,-0.21376377829792723,-0.00010797282972541122,0.22441900000558235
12.128,-1.134622739434181e-08,0.08766521637219415,0.4998619270079451,-2.0937572483792868e-07,0.14574975771677032,-0.0034166619370323364,-0.05077472712685921,-4.129670205293271e-06,-9.091860241323972e-06,3.465132985121088,-0.00010730484666109326,-0.00034749325095934764,0.0,0.30000000000000004,0.5,0.0,0.0,0.0,0.012759236624487746,-0.3,0.0002891692575686112,0.0006796705335807411,42.332436565200624,42.322748167289134,39.329544872624936,39.32563985986482,0.21233482851953045,0.14578979886580903,0.05077472810880538,-1.134622739434181e-08,-0.2123347836278059,-0.0001380729920549273,0.3316040001664078
12.136000000000001,-1.7925546645443528e-08,0.08912439080851207,0.4998344366864806,-3.3198356114786753e-07,0.15307916708136016,-0.0034205875862379186,-0.022695773460405046,-5.243147079488703e-06,-1.229807862516652e-05,3.50553913520699,-0.00012422200902279808,-0.00040513164310821076,0.0,0.30000000000000004,0.5,0.0,0.0,0.0,0.012861422995043559,-0.3,0.00033969026461037855,0.0007950275636879145,42.33428781909193,42.32294064080895,39.330890916445824,39.326337543455054,0.21087567418527026,0.15311737920258536,0.02269577739799532,-1.7925546645443528e-08,-0.21087560919148796,-0.00016556331351941234,0.2767829992080806
12.144,-2.762895201675733e-08,0.09059599446997829,0.49981021466676445,-5.081719832011658e-07,0.15925342520174762,-0.003342020561893797,0.004267701618608015,-6.406122477314162e-06,-1.5992008409574346e-05,3.3662591043354166,-0.00014094077528381226,-0.0004625014383772692,0.0,0.30000000000000004,0.5,0.0,0.0,0.0,0.012716991020742863,-0.3,0.0003903854594858952,0.0009106227465108694,42.33367495123741,42.32066486917745,39.32977109664256,39.3245687237723,0.20940409153235487,0.15928848841075424,0.004267736389259256,-2.762895201675733e-08,-0.20940400553002175,-0.00018978533323554814,0.19157200040353928
12.152000000000001,-4.140691724619489e-08,0.09206299191898334,0.49978946813372604,-7.509867172968333e-07,0.16407767638652032,-0.0031922797754751577,0.0286784188752866,-7.598630997221315e-06,-2.0174141088405072e-05,3.0475263599481677,-0.0001574614032190046,-0.0005196029857578377,0.0,0.30000000000000004,0.5,0.0,0.0,0.0,0.012357610003538966,-0.3,0.0004410819288546607,0.0010264575090660841,42.330913797225,42.31623840284579,39.32650297793645,39.32064922213434,0.20793711466054643,0.1641087277969352,0.02867842697780958,-4.140691724619489e-08,-0.2079370080810167,-0.00021053186627395526,0.32763400122348685
12.16,-6.032794018752206e-08,0.09350997855908187,0.4997720369992534,-1.073814947370698e-06,0.16743680711168343,-0.00298960218219686,0.04910083751177869,-8.810069908548121e-06,-2.4842022918434227e-05,2.5495740661412394,-0.00017378415027181874,-0.0005764366337866359,0.0,0.30000000000000004,0.5,0.0,0.0,0.0,0.011835939629511794,-0.3,0.000491703366176612,0.0011425287322353824,42.32653055678718,42.31018823580306,39.321613523125414,39.31510526946483,0.2064901472753705,0.16746349482235212,0.049100844586437896,-6.032794018752206e-08,-0.20649002144091816,-0.00022796300074662268,0.33019900001818314
12.168000000000001,-8.555150560318099e-08,0.09492408892330124,0.49975755745305955,-1.4896410932879611e-06,0.1693022047948271,-0.00275367040060305,0.0641011273011607,-1.004200157899302e-05,-2.9990426436629466e-05,1.872635084058996,-0.000189909273550051,-0.0006330027305440517,0.0,0.30000000000000004,0.5,0.0,0.0,0.0,0.011209446096405506,-0.3,0.0005422970078885065,0.0012588290154825904,42.32110009108091,42.3030888308472,39.315677121002025,39.308511800926084,0.20507605438552295,0.16932459730140734,0.0641011351034214,-8.555150560318099e-08,-0.2050759110766988,-0.00024244254694044676,0.2385260013397783
12.176,-1.1828655148203879e-07,0.09629589595865139,0.4997456750666826,-2.010089021601904e-06,0.169736939719619,-0.0024999959799061992,0.07224720240000905,-1.1310861380210305e-05,-3.561146175762777e-05,1.0169419722877668,-0.00020583702983042361,-0.0006893016236622201,0.0,0.30000000000000004,0.5,0.0,0.0,0.0,0.010523641642673498,-0.3,0.0005930591059209515,0.0013753468486166734,42.31507844619943,42.295394386654046,39.30914785514022,39.30132497771326,0.20370426280388512,0.16975534951606558,0.07224721206205584,-1.1828655148203879e-07,-0.20370410404134864,-0.0002543249333173958,0.22530299975187518
12.184000000000001,-1.5973273400784017e-07,0.09762030403706627,0.49973626469137716,-2.644225780426442e-06,0.16889975373606364,-0.002235256166560955,0.07210883859399297,-1.2650528169410764e-05,-4.169433700075358e-05,-0.017273012751022124,-0.0002215676755491272,-0.0007453336603200621,0.0,0.30000000000000004,0.5,0.0,0.0,0.0,0.009798027153479327,-0.3,0.0006443584385594457,0.0014920662420627702,42.308662394937905,42.28729814813169,39.30221881055231,39.29374173251728,0.2023798678089993,0.16891454404291248,0.0721088517577983,-1.5973273400784017e-07,-0.20237969596293376,-0.00026373530862283667,0.2207689994975226
12.192,-2.1099979281401376e-07,0.09889744928473321,0.4997295048276804,-3.3970570944956346e-06,0.16704843418052784,-0.0019572015256674844,0.06297702417547557,-4.086617572703804e-05,3.8570813204385996e-05,-1.1400013279145251,-0.00283809839670025,0.010235097489060006,0.0,0.30000000000000004,0.5,0.0,0.0,0.0,0.009025582010819932,0.3,0.006944799645564394,-0.01966532984639776,39.22665316910404,39.35385847111236,42.15720517264839,42.42330646756801,0.20110273263153147,0.16705989947177094,0.06297704924613716,-2.1099979281401376e-07,-0.20110255071526684,-0.00027049517231958475,0.2438610008539399
12.200000000000001,-2.864373064964252e-07,0.10013316814947451,0.49972553089584115,-4.603583517656582e-06,0.16453171896295138,-0.0016651095165155481,0.04630268714951585,-9.346591031589233e-05,0.00020555232198893626,-2.0816308240208836,-0.005418380407317583,0.021173804786357726,0.0,0.30000000000000004,0.5,0.0,0.0,0.0,0.008203792743908811,0.3,0.013412185346776614,-0.040876627316503274,39.14471571759046,39.419360137287725,42.0105938641227,42.553481990755486,0.19986702030934828,0.16454014451129725,0.046303237736678916,-2.864373064964252e-07,-0.19986683185052553,-0.0002744691041588476,0.22193699987838045
12.208,-4.147426354922349e-07,0.1013380442158936,0.4997247073585692,-6.890500039020862e-06,0.16174727683084159,-0.001352676045010748,0.02353487964575468,-0.00016617370772644747,0.0004600530000258399,-2.8423968039619103,-0.007962460805591732,0.03207084244365072,0.0,0.30000000000000004,0.5,0.0,0.0,0.0,0.007313433230201949,0.3,0.020004370381039496,-0.062143168954733735,39.06244033943355,39.48382832517049,41.862396635623156,42.683872028980886,0.19866214652564465,0.16175293302489027,0.023539962243048104,-4.147426354922349e-07,-0.19866195578410645,-0.0002752926414307799,0.24247799956356175
12.216000000000001,-6.409538278030285e-07,0.10252649386542384,0.49972736839578036,-1.1167679838985898e-05,0.15910906270292602,-0.0010156149057301566,-0.00387937105666966,-0.00025341281646641293,0.0008030368067406099,-3.4225342648988133,-0.010470386628486972,0.0429262646025878,0.0,0.30000000000000004,0.5,0.0,0.0,0.0,0.006341145645205382,0.3,0.026666574065008553,-0.08346654610610466,38.97941159624657,39.54741131665754,41.71274585559649,42.81407705730762,0.19747369433290338,0.15911230446624,0.003969711068057204,-6.409538278030285e-07,-0.1974735061345762,-0.00027263160421964194,0.22034799985704012
12.224,-1.0288360982561234e-06,0.10371584856955104,0.4997335594505182,-1.8631200632517156e-05,0.15702111776552422,-0.0006577155561373676,-0.03449511500271165,-0.0003487956739847344,0.0012353763139901278,-3.822277898659437,-0.01294220485196383,0.05374012533443052,0.0,0.30000000000000004,0.5,0.0,0.0,0.0,0.0052976117040896,0.3,0.03333639659101678,-0.10484820894657741,38.895417055263096,39.61053517881871,41.56205308935293,42.943899144728874,0.19628433226927805,0.15702249635389526,0.034518991470053995,-1.0288360982561234e-06,-0.196284151430449,-0.0002664405494817723,0.28651200045715086
12.232000000000001,-1.6631757925715042e-06,0.10492543015804554,0.4997428286505523,-3.076345286389647e-05,0.15585643392477824,-0.0002944424440579493,-0.06686945893315159,-0.0004456286235637642,0.0017576561746861117,-4.04186209213498,-0.015377962390785507,0.0645124786402454,0.0,0.30000000000000004,0.5,0.0,0.0,0.0,0.004228531446668571,0.3,0.03994898001632599,-0.12628916318560848,38.810584398620286,39.6739862303131,41.41109459845702,43.073476030476364,0.19507473936646108,0.1558567150895067,0.06689403918220964,-1.6631757925715042e-06,-0.1950745698419545,-0.0002571713494476935,0.21860000015294645
12.24,-2.6515136233251826e-06,0.10617562073638118,0.499754103922493,-4.931920805996186e-05,0.15593991159821707,4.632784327040818e-05,-0.09956149582135204,-0.0005374316404802504,0.0023700556397984913,-4.08152092767621,-0.017777706098863786,0.0752433784508974,0.0,0.30000000000000004,0.5,0.0,0.0,0.0,0.0032171369898493785,0.3,0.04644229048068027,-0.14778978876003213,38.72543387850174,39.73890886129525,41.26101097369493,43.20333176610206,0.19382453526021576,0.15593992627904216,0.09959115144775177,-2.6515136233251826e-06,-0.19382437926361887,-0.000245896077507024,0.1970450011867797
12.248000000000001,-4.124870704616188e-06,0.1074869333489994,0.4997656782010793,-7.628929348024052e-05,0.15753474459402572,0.0003264192392746658,-0.13113220768027128,-0.000618467001232885,0.0030723204488632464,-3.9414881834891458,-0.020141482769205597,0.08593287862718021,0.0,0.30000000000000004,0.5,0.0,0.0,0.0,0.002378202475450397,0.3,0.052762440369770874,-0.16934979644406883,38.640845244383016,39.806718805125996,41.1132208406853,43.33434320882371,0.19251320930027793,0.1575351012437577,0.1311696517700414,-4.124870704616188e-06,-0.19251306665100065,-0.00023432179892068916,0.14247099898057058
12.256,-6.236178754840175e-06,0.10887898055752722,0.4997744679449516,-0.0001138141360397979,0.16082897588841974,0.0004808789882274102,-0.16030905491436928,-0.0008936292104610818,0.0035720878853746207,-3.6425784298546997,-0.043050434958476096,0.05674665394484551,0.0,0.30000000000000004,0.5,0.0,0.0,0.0,0.0019075973873617924,0.3,0.10828455521746488,-0.11421349364669015,39.189431281727494,39.24872066601975,41.10658572955285,43.331566218194396,0.1911211526135395,0.16082973507276813,0.16035133760765732,-6.236178754840175e-06,-0.19112101944247284,-0.00022553205504838303,0.18726000052993186
12.264000000000001,-9.257763150540315e-06,0.11036956343258755,0.4997759941842565,-0.00016659091872433336,0.16592775258723996,0.0004228591732040029,-0.18603000497618843,-0.0018693415926847503,0.0032310321414936597,-3.211177194178509,-0.11265696564225114,-0.06293270568954143,0.0,0.30000000000000004,0.5,0.0,0.0,0.0,0.00206839552390492,0.3,0.27826835039424125,0.115564221785395,41.18984681613723,37.25152109434087,41.407163312194825,43.03420459828328,0.18963056909965523,0.16592837503292462,0.18606745217294238,-9.257763150540315e-06,-0.1896304365674125,-0.00022400581574349987,0.21414200091385283
12.272,-1.3815186683398968e-05,0.11197517855580447,0.4997711945208935,-0.0002472083233009456,0.17288258015021923,0.00021829575448880316,-0.20757395862585276,-0.004016573436786756,0.003559809252863736,-2.6894784076031324,-0.2709221844331433,-0.012163333106424,0.0,0.30000000000000004,0.5,0.0,0.0,0.0,0.0026690178046724355,0.3,0.3,0.017805740687301546,40.81571888148323,37.63766147461022,40.81571888148323,43.63766147461022,0.18802496116720324,0.17288289471312226,0.20764333219175884,-1.3815186683398968e-05,-0.18802482144419558,-0.0002288054791064753,0.20401799883984495
12.280000000000001,-2.1316584148785408e-05,0.113709045370951,0.4997574683284836,-0.00038530159527539647,0.1816527344988339,-0.00016851820665674455,-0.22495340284703857,-0.008723079567510011,0.004861621706660724,-2.16862721861491,-0.6087587207940954,0.032650420823437803,0.0,0.30000000000000004,0.5,0.0,0.0,0.0,0.003820137198170981,0.3,0.3,-0.07004611649082924,40.387970789527564,38.088431954435855,40.387970789527564,44.088431954435855,0.18629111372422158,0.18165322129433636,0.22517495627893838,-2.1316584148785408e-05,-0.18629095462904904,-0.00024253167151638833,0.21338300030038226
12.288,-3.483778413715611e-05,0.11558091371164525,0.4997289467459228,-0.0006462712759296219,0.19211889611642852,-0.0008478541293463861,-0.23745714632440096,-0.016991130133120345,0.005971988387908637,-1.5591752674378516,-1.0364859980392231,-0.10160743182887469,0.0,0.30000000000000004,0.5,0.0,0.0,0.0,0.005856382220590151,0.3,0.3,0.18541746702325876,41.6856511573222,36.83147648708962,41.6856511573222,42.83147648708962,0.18441928877145525,0.19212185395779885,0.23813915992342358,-3.483778413715611e-05,-0.1844190862883548,-0.0002710532540772248,0.21162200027902145
12.296,-5.9678905279651284e-05,0.11759912577571136,0.4996875194741063,-0.0011380450493061454,0.20415041849480103,-0.0017139650988896363,-0.24440381910682338,-0.02920210781699126,0.00840815811024069,-0.860185487079181,-1.5529350339868242,-0.06846561886151592,0.0,0.30000000000000004,0.5,0.0,0.0,0.0,0.008469224527816399,0.3,0.3,0.1181731543257302,41.375558016906815,37.193826473649516,41.375558016906815,43.193826473649516,0.18240115165051884,0.20416078515350802,0.24628578322299247,-5.9678905279651284e-05,-0.1824008742242887,-0.00031248052589372133,0.2116430005116854
12.304,-0.00010381828164939054,0.11976860902296946,0.49963575377978203,-0.0020139204486882742,0.21755741597728734,-0.002665314437217718,-0.24517416986574972,-0.045716801971081064,0.013625762997748266,-0.07177421463177941,-2.157990551869785,0.13185835623425196,0.0,0.30000000000000004,0.5,0.0,0.0,0.0,0.011359928596266666,0.3,0.3,-0.2736088265217337,39.445555153354,39.18164341857133,39.445555153354,45.18164341857133,0.18023178894706618,0.21758306235398317,0.24977201798658982,-0.00010381828164939054,-0.1802313909770306,-0.0003642462202179675,0.21419699987745844
12.312,-0.00017822733628668848,0.12208939919437725,0.49957315552067283,-0.0034713627248832727,0.23206568706703112,-0.003697208027504431,-0.23970659333163113,-0.06726439777515983,0.018822027749362178,0.7191886087644854,-2.766888042592946,-0.01705601260061551,0.0,0.30000000000000004,0.5,0.0,0.0,0.0,0.014516711498558155,0.3,0.3,0.00362441718933002,40.863289200932236,37.827045029038935,40.863289200932236,43.827045029038935,0.17791120212120035,0.23212109516426888,0.2496758274709602,-0.00017822733628668848,-0.1779106008056228,-0.00042684447932717084,0.2220049991592532
12.32,-0.00029695234047368805,0.12455754076529882,0.49949994529612746,-0.005745215284581276,0.24735608892665717,-0.004788022035637654,-0.22803239293144786,-0.09528629764466713,0.024059961520366303,1.5104894922292134,-3.5542925856951695,-0.17668385166697687,0.0,0.30000000000000004,0.5,0.0,0.0,0.0,0.017877031995053194,-0.3,0.3,0.3,45.37877031995053,39.37877031995053,39.37877031995053,39.37877031995053,0.1754434231817174,0.24746912409990113,0.2483085429324409,-0.00029695234047368805,-0.17544245923470123,-0.0005000547038725434,0.29596199965453707
12.328,-0.0004779659871599751,0.12716492099774881,0.499416280015236,-0.009121513394822695,0.2630693769525828,-0.005922049650796148,-0.21161476254794784,-0.12978407303645145,0.029114805063762482,2.120462816126974,-4.340309505775702,-0.3271492220190684,0.0,0.30000000000000004,0.5,0.0,0.0,0.0,0.02139547328412783,-0.3,0.3,0.3,45.41395473284128,39.41395473284128,39.41395473284128,39.41395473284128,0.1728367255944752,0.26329407469386495,0.24994476433015397,-0.0004779659871599751,-0.17283507900225123,-0.0005837199847639751,0.26845900174521375
12.336,-0.0007431345579095001,0.12990019293052957,0.4993219086455173,-0.013926424984595539,0.27883729988157746,-0.007096923963605096,-0.19188302669991836,-0.17074838108210008,0.033715269411552354,2.5493441805536308,-5.124940605782297,-0.4684640285129872,0.0,0.30000000000000004,0.5,0.0,0.0,0.0,0.025066100266539104,-0.3,0.3,0.3,45.45066100266539,39.45066100266539,39.45066100266539,39.45066100266539,0.1701027819347093,0.27927504623192795,0.25905757076212466,-0.0007431345579095001,-0.17009980706947048,-0.0006780913544827127,5.748944000515621
12.344,-0.0011178818513186296,0.13274935235097252,0.49921400299967755,-0.0205098223229057,0.29429882541634356,-0.00837518031687773,-0.17005328929772978,-0.21833796397301108,0.038178551634185307,2.833038140840985,-5.943856947672827,-0.5316028804993185,0.0,0.30000000000000004,0.5,0.0,0.0,0.0,0.029077027341186557,-0.3,0.3,0.3,45.49077027341187,39.49077027341187,39.49077027341187,39.49077027341187,0.16725623034774276,0.29513148781263043,0.27936927089023483,-0.0011178818513186296,-0.16725064764902753,-0.000785997000322447,5.457731000205968
12.352,-0.0016313444087083149,0.13569675587177848,0.4990877928419203,-0.029244421793065255,0.30912414835321583,-0.009855398197433512,-0.14737863710865548,-0.27274194666329793,0.04284929646914044,2.9725782490225607,-6.797858893486374,-0.515032044614737,0.0,0.30000000000000004,0.5,0.0,0.0,0.0,0.03372582654726408,-0.3,0.3,0.3,45.537258265472644,39.537258265472644,39.537258265472644,39.537258265472644,0.16431387475662865,0.31066075415916583,0.31296117068031026,-0.0016313444087083149,-0.16430324412822156,-0.0009122071580797142,5.578557000262663
12.36,-0.0023163270815474615,0.1387258217473818,0.4989358359820594,-0.04052010425543276,0.3230259655726638,-0.011683240054470061,-0.12518476016624377,-0.33417317970068844,0.04811383377849729,2.967251975469488,-7.686001026584917,-0.4205966940175656,0.0,0.30000000000000004,0.5,0.0,0.0,0.0,0.03945349704269685,-0.3,0.3,0.3,45.59453497042697,39.59453497042697,39.59453497042697,39.59453497042697,0.16129432224124654,0.3257670200944124,0.36008037881841526,-0.0023163270815474615,-0.16127417825261825,-0.0010641640179406275,5.6226859996968415
12.368,-0.0032095732577261307,0.14181985622001145,0.4987484048586938,-0.05474723780881044,0.33577163427386375,-0.014032370127714418,-0.10483898987509084,-0.40256353010549467,0.054915538309563285,2.845978587766397,-8.576098460269435,-0.19278953070614935,0.0,0.30000000000000004,0.5,0.0,0.0,0.0,0.04678864277420702,-0.3,0.3,0.2845486927842187,45.59062989166317,39.74514296382098,39.59062989166317,39.74514296382098,0.15821765305158686,0.34049487197612377,0.41960019770831375,-0.0032095732577261307,-0.1581801437799886,-0.0012515951413061832,5.457146000480861
12.376,-0.004351529430784125,0.14496246930464277,0.498512513723574,-0.07234669457350136,0.34718263453488263,-0.01712317448016699,-0.0880041452133939,-0.47766272310542396,0.06435813325330764,2.6042872949571723,-9.439280477436888,0.15927142836346153,0.0,0.30000000000000004,0.5,0.0,0.0,0.0,0.0564042023313821,-0.3,0.3,-0.3,42.76404202331383,42.76404202331383,36.76404202331383,42.76404202331383,0.15510571990717617,0.3550535579917086,0.4899473195508672,-0.004351529430784125,-0.15503753069535728,-0.0014874862764259755,5.817430999741191
12.384,-0.005786524347285613,0.14813808755866237,0.4982122708026751,-0.09375222857133428,0.35713656397838733,-0.02120461260660572,-0.07516622910317618,-0.560342716094017,0.07525673335062721,2.2781546788602594,-10.38985792809949,0.3368580905422529,0.0,0.30000000000000004,0.5,0.0,0.0,0.0,0.06906440685210957,-0.3,0.3,-0.3,42.8906440685211,42.8906440685211,36.8906440685211,42.8906440685211,0.15198263154072972,0.3698454289134539,0.5703485753395188,-0.005786524347285613,-0.15186191244133768,-0.0017877291973248943,5.69197400000121
12.392,-0.007561277505041547,0.15133198882398124,0.49782483353037693,-0.11937061180097067,0.3655567828156906,-0.02664962189274001,-0.06621177663402988,-0.6512693046389296,0.08605478186579184,1.8862731117451244,-11.409134601692854,0.3042307183391417,0.0,0.30000000000000004,0.5,0.0,0.0,0.0,0.0859108757439715,-0.3,0.3,-0.3,43.059108757439716,43.059108757439716,37.059108757439716,43.059108757439716,0.14887606192303607,0.3854754295299793,0.6602583827653221,-0.007561277505041547,-0.1486680111760188,-0.002175166469623069,5.71441799911554
12.4,-0.009724839007798483,0.15453069710765324,0.4973202833343242,-0.1495855270096939,0.37241313334434345,-0.033933452415508644,-0.06071751835545543,-0.7511150658025528,0.09516658432582403,1.4206550107040368,-12.505094247816944,0.07728762672929479,0.0,0.30000000000000004,0.5,0.0,0.0,0.0,0.10840110149589488,-0.3,0.3,-0.2949142487504483,43.309439771206705,43.25858225871119,37.309439771206705,43.25858225871119,0.14581862521338362,0.40276401399697465,0.7595506157479319,-0.009724839007798483,-0.1454693028923468,-0.002679716665675791,5.678191000697552
12.408,-0.012328004446712967,0.15772245220354392,0.496660528703123,-0.1847475575806244,0.37772438407275044,-0.0436406277124391,-0.05790627116401609,-0.8606385426126634,0.10089157729669793,0.8673352539379534,-13.691698159943659,-0.31650400891610586,0.0,0.30000000000000004,0.5,0.0,0.0,0.0,0.13833197662213537,-0.3,0.3,0.3,46.58331976622136,40.58331976622136,40.58331976622136,40.58331976622136,0.1428496845259159,0.4227432728527806,0.8684647071930933,-0.012328004446712967,-0.14227754779645613,-0.0033394712968770057,5.406123998909607
12.416,-0.015419442878184683,0.1608979693964552,0.49579541542425754,-0.22508400685128377,0.3815674370809736,-0.05654033414158534,-0.06067236233875535,-0.979498820286405,0.10723377517740469,0.2857491457450883,-14.858053056940586,-0.40065154202494974,0.0,0.30000000000000004,0.5,0.0,0.0,0.0,0.1780681637339856,0.3,0.3,0.3,43.980681637339856,37.980681637339856,43.980681637339856,43.980681637339856,0.14001718704558272,0.4466019800287653,0.9872173808402193,-0.015419442878184683,-0.13910203060354484,-0.004204584575742465,5.778609998742468
12.424,-0.019047999179069307,0.16405084979147522,0.4946661669093505,-0.27078111300315266,0.38407595954028795,-0.0734634801859472,-0.07286253304807579,-1.1083222243829898,0.11937335928982291,-0.2091221652772245,-16.11912967042706,-0.3124992187851451,0.0,0.30000000000000004,0.5,0.0,0.0,0.0,0.23017928814199917,0.3,0.3,0.3,44.501792881419995,38.501792881419995,44.501792881419995,44.501792881419995,0.13738066636388388,0.47564023881190926,1.117111051190336,-0.019047999179069307,-0.13594915020852483,-0.005333833090649498,5.548979001105181
12.432,-0.023258469133022958,0.1671773345271341,0.4932022423988462,-0.32188663925135164,0.3854228860236936,-0.09536889691136144,-0.10716839824352394,-1.2475626478682247,0.15107740866546496,-0.6173913482377208,-17.474804927851203,-0.052270909538140675,0.0,0.30000000000000004,0.5,0.0,0.0,0.0,0.29763956663350455,0.3,0.3,-0.13302344584067002,43.01127843713169,41.3415128955384,43.01127843713169,47.3415128955384,0.13501491161398685,0.5111330903956941,1.2612382841268064,-0.023258469133022958,-0.13282266547286595,-0.006797757601153809,5.4867149992787745
12.44,-0.028088386411465497,0.17027593334115618,0.49132053294903477,-0.3782572433621581,0.38580327916951546,-0.12333785377437984,-0.20785490354670197,-1.3956793745000409,0.2470132101035442,-0.9305500023617116,-18.739753643958842,0.021353794745216086,0.0,0.30000000000000004,0.5,0.0,0.0,0.0,0.3,0.3,0.3,-0.3,42.2,42.2,42.2,48.2,0.13301362362553978,0.554197562740545,1.4325292678681618,-0.028088386411465497,-0.12972406665884387,-0.008679467050965228,5.605866999758291
12.448,-0.0335646269020591,0.1733469865359554,0.48892640501877804,-0.4395118069545513,0.38541895320558434,-0.1585234812759154,-1.252109810376698,-1.5328090109400319,1.2849366583616537,-1.1487217053875425,-19.914093700344395,-0.09138265063857727,0.0,0.30000000000000004,0.5,0.0,0.0,0.0,0.3,0.3,0.3,-0.3,42.2,42.2,42.2,48.2,0.1314921841951302,0.6056798593798366,2.3597340225674044,-0.0335646269020591,-0.12665301346404464,-0.011073594981221957,5.629535999105428
12.456,-0.03969973689462743,0.17639232257395487,0.48591547732795587,-0.5049871953778661,0.38446856351446274,-0.20209197729129497,-2.9372534450679697,-1.411294006511812,2.9629103054316865,-1.2720298744881906,-20.997942825437935,-0.3902381054167825,0.0,0.30000000000000004,0.5,0.0,0.0,0.0,0.3,0.3,0.3,-0.3,42.2,42.2,42.2,48.2,0.13058828740382195,0.6660850629701757,4.404321292936417,-0.03969973689462743,-0.12360767742604517,-0.01408452267204413,5.725921000703238
12.464,-0.046488551791067693,0.17941503086662744,0.4821764071863115,-0.5737101287132806,0.3831425581283759,-0.2551503353741349,-3.0713167236559973,-1.2378573721431123,3.0899124045138726,-1.3005977664798836,-21.991418594704196,-0.8749707439311327,0.0,0.30000000000000004,0.5,0.0,0.0,0.0,0.3,0.3,0.3,-0.3,42.2,42.2,42.2,48.2,0.13045919166281605,0.7355564052327316,4.5291098417179905,-0.046488551791067693,-0.1205849691333726,-0.017823592813688505,5.940167999142432
12.472,-0.053905410173339184,0.18241937509432632,0.47759467191393407,-0.6443895625274322,0.38162265219518104,-0.3186636501087563,-3.126033634596997,-1.055624281037273,3.138890887687701,-1.2345484780304599,-22.89463843084135,-1.5453390547290298,0.0,0.30000000000000004,0.5,0.0,0.0,0.0,0.3,0.3,0.3,-0.3,42.2,42.2,42.2,48.2,0.13127450371572133,0.8138920560267285,4.554016349570569,-0.053905410173339184,-0.11758062490567373,-0.022405328086065934,5.501552999703563
12.48,-0.061902272579349604,0.18541086584007685,0.4720572284275974,-0.7154332101721839,0.38008539039989975,-0.3933670072454063,3.1216207668289,-0.8662265419986355,-3.1115926973993044,-1.0740049458674346,-23.707719603979484,-2.4011018401552984,0.0,0.30000000000000004,0.5,0.0,0.0,0.0,0.3,-0.3,0.3,0.3,48.2,42.2,42.2,42.2,0.13320420226538068,0.9005815813139462,4.491867512345955,-0.061902272579349604,-0.1145891341599232,-0.027942771572402603,5.48448500012455
12.488,-0.07040792037241411,0.18839650262082258,0.4654579210982289,-0.7849877629643832,0.37870923183857136,-0.47967628903055515,3.0959579124916283,-0.6704722871206208,-3.086427481665958,-1.0099071780875026,-24.427444645917884,-3.072694542844449,0.0,0.30000000000000004,0.5,0.0,0.0,0.0,0.3,-0.3,0.3,0.3,48.2,42.2,42.2,42.2,0.13640297318346276,0.994844617285389,4.422728013714967,-0.07040792037241411,-0.11160349737917746,-0.03454207890177108,5.897470000491012
12.496,-0.07932882947531143,0.19138601892635165,0.45770312633748994,-0.8510129379439146,0.3777052931090755,-0.577610900242897,3.0764813098909647,-0.4691901876362711,-3.0659040610360306,-1.0421298620719606,-25.05393485489441,-3.5603564562014745,0.0,0.30000000000000004,0.5,0.0,0.0,0.0,0.3,-0.3,0.3,0.3,48.2,42.2,42.2,42.2,0.14099321115646749,1.0956818247419986,4.3685975316753325,-0.07932882947531143,-0.10861398107364839,-0.04229687366251006,5.582280999078648
12.504,-0.08855123810291031,0.19439282529935353,0.4487178945612953,-0.911370566045129,0.3773343938123157,-0.6867195145992084,3.0611545937471365,-0.2631661311928845,-3.0491011405762753,-1.1582827583835797,-25.59957646118143,-3.8405876795455134,0.0,0.30000000000000004,0.5,0.0,0.0,0.0,0.3,-0.3,0.3,0.3,48.2,42.2,42.2,42.2,0.1470511865169323,1.201899016198324,4.328618905019217,-0.08855123810291031,-0.10560717470064651,-0.051282105438704706,5.459875999804353
12.512,-0.09794500555196353,0.19743442058057797,0.43845215332516946,-0.9639406390624076,0.3779073970804551,-0.806019142582484,3.048543188244836,-0.05299969160219836,-3.036424042522738,-1.323866766878697,-26.098864560966856,-3.8470963436562853,0.0,0.30000000000000004,0.5,0.0,0.0,0.0,0.3,-0.3,0.3,0.3,48.2,42.2,42.2,42.2,0.15459967537004854,1.3121213414214288,4.30305653041115,-0.09794500555196353,-0.10256557941942207,-0.06154784667483054,5.665847000273061
12.52,-0.10736962796919218,0.2005321917005579,0.4268836736119288,-1.0067680716806682,0.3797701956638705,-0.9340273068970355,3.036623595198563,0.16066579730073782,-3.0289457878208905,-1.5385534717633234,-26.552123571291254,-3.5797267633079914,0.0,0.30000000000000004,0.5,0.0,0.0,0.0,0.3,-0.3,0.3,0.3,48.2,42.2,42.2,42.2,0.16360953237089906,1.4248559091008166,4.292016885206399,-0.10736962796919218,-0.09946780829944216,-0.0731163263880712,5.5066379991330905
12.528,-0.11668047808254642,0.20371059351466198,0.4140211706822457,-1.0381857101783645,0.3832762018836897,-1.0687844187596702,3.0221668503411783,0.37719277921073086,-3.0288508104049354,-1.8079456223386607,-26.965608226060482,-3.0498023040397575,0.0,0.30000000000000004,0.5,0.0,0.0,0.0,0.3,-0.3,0.3,0.3,48.2,42.2,42.2,42.2,0.17400673221953739,1.5385156318778137,4.295311874087895,-0.11668047808254642,-0.09628940648533807,-0.0859788293177543,5.442169000161812
12.536,-0.12573635801522834,0.20699557638561858,0.3999069274517897,-1.0569455664597647,0.3887455332808759,-1.2078836157691755,2.999446946035979,0.5962003082716707,-3.040154136642849,-2.172396365464192,-27.38032280961062,-2.3359045425717317,0.0,0.30000000000000004,0.5,0.0,0.0,0.0,0.3,-0.3,0.3,0.3,48.2,42.2,42.2,42.2,0.1856827340140119,1.651435693373618,4.312154213872043,-0.12573635801522834,-0.09300442361438147,-0.10009307254821032,5.424704000688507
12.544,-0.13440649680995959,0.2104132250716776,0.3846144617321404,-1.0623099230360686,0.3964376437761664,-1.3486185356065292,2.957286589394842,0.8169290648651174,-3.0724859933300754,-2.6267013376022756,-27.80187495641441,-1.4481064262057242,0.0,0.30000000000000004,0.5,0.0,0.0,0.0,0.3,-0.3,0.3,0.3,48.2,42.2,42.2,42.2,0.198506219217805,1.7619412965718229,4.342014192520042,-0.13440649680995959,-0.08958677492832245,-0.11538553826785958,5.50748699970427
12.552,-0.14257631367982795,0.21398820203463642,0.368245485208436,-1.0540933601755866,0.4065245390949138,-1.4881192415778797,2.868634728897794,1.0375480134056896,3.131713066543535,-3.1295323013735437,-28.271995650813718,-0.4663980774397478,0.0,0.30000000000000004,0.5,0.0,0.0,0.0,0.3,-0.3,0.3,-0.3,45.2,45.2,39.2,45.2,0.2123329620660054,1.868388045885253,4.371864341344563,-0.14257631367982795,-0.08601179796536362,-0.13175451479156403,5.4181199993763585
12.56,-0.15015292782224568,0.21774157726469712,0.35092712628762524,-1.0326900417008913,0.41905401202743797,-1.6234543662825238,2.641356564874767,1.2506791139331361,2.9162123709072114,-3.7274116435673403,-28.837207224304567,0.3396250696463919,0.0,0.30000000000000004,0.5,0.0,0.0,0.0,0.3,-0.3,0.3,-0.3,45.2,45.2,39.2,45.2,0.22701337300114713,1.9691772562738663,4.128590236517528,-0.15015292782224568,-0.08225842273530293,-0.14907287371237476,5.4687350002495805
12.568,-0.1570725574208728,0.22168820725126132,0.3328089944830349,-0.9991427733264104,0.43390895928606626,-1.751716788140827,1.8214913002494906,1.4006689081790888,2.112078429380479,-4.416253488808149,-29.493423746290116,0.9625221645319211,0.0,0.30000000000000004,0.5,0.0,0.0,0.0,0.3,-0.3,0.3,-0.3,45.2,45.2,39.2,45.2,0.2423991697676142,2.0627833071589277,3.120990105572027,-0.1570725574208728,-0.07831179274873873,-0.16719100551696509,5.874176000361331
12.576,-0.16330793530142984,0.22583420497480888,0.3140569035378369,-0.9551986656750368,0.4507771105175306,-1.87017570414256,0.7055375402741468,1.303929614407072,1.0171307490607147,-5.149993185349942,-30.194580509874637,1.313602504948072,0.0,0.30000000000000004,0.5,0.0,0.0,0.0,0.3,-0.3,0.3,-0.3,45.2,45.2,39.2,45.2,0.2583503087013289,2.147827194780582,1.7979350991480976,-0.16330793530142984,-0.07416579502519116,-0.18594309646216312,5.713619000744075
12.584,-0.16887114387950564,0.23017570100576018,0.29484351154727045,-0.9032391469919396,0.4691590891878189,-1.9764753630782619,0.3627245210773802,1.083477151728712,0.7017319551674803,-5.928308207494542,-30.94035493428199,1.3927079294443263,0.0,0.30000000000000004,0.5,0.0,0.0,0.0,0.3,-0.3,0.3,-0.3,45.2,45.2,39.2,45.2,0.2747400238761449,2.2231522818920024,1.3408652256704072,-0.16887114387950564,-0.06982429899423986,-0.20515648845272955,5.528474001039285
12.592,-0.1738163137980525,0.23469785650737676,0.2753381946709799,-0.8462205655572099,0.48838115889065703,-2.068813212369818,0.21774947090474342,0.8382555619375999,0.5916906912635972,-6.750876448603568,-31.730424857867334,1.199680482070384,0.0,0.30000000000000004,0.5,0.0,0.0,0.0,0.3,-0.3,0.3,-0.3,45.2,45.2,39.2,45.2,0.2914608166817089,2.28792340553771,1.0488970842397316,-0.1738163137980525,-0.06530214349262328,-0.22466180532902008,5.547295000724262
12.6,-0.17824000555130204,0.2393748382847799,0.255695538972506,-0.7875687462770183,0.507629471547617,-2.1461169623577563,0.1236599450870063,0.5816943731935512,0.5413476670196467,-7.617376220553836,-32.564468537572544,0.734362412109173,0.0,0.30000000000000004,0.5,0.0,0.0,0.0,0.3,-0.3,0.3,-0.3,45.2,45.2,39.2,45.2,0.308430834207378,2.341745124178921,0.8041874299014963,-0.17824000555130204,-0.060625161715220144,-0.24430446102749398,5.6660419995751
12.608,-0.18227865935102544,0.24417096166632582,0.23604300071904374,-0.7310213420146885,0.5260066617767282,-2.208207026222707,0.04452723574944276,0.3164752270676692,0.516574860388727,-8.52748625319377,-33.44216464838243,-0.0034038261898550193,0.0,0.30000000000000004,0.5,0.0,0.0,0.0,0.3,-0.3,0.3,-0.3,45.2,45.2,39.2,45.2,0.3256005046763239,2.384796318634735,0.6074445081294686,-0.18227865935102544,-0.055829038333674225,-0.2639569992809563,5.549311999857309
12.616,-0.18610256306209838,0.24904316749989755,0.21646856446372453,-0.6804146663885848,0.5426104752606892,-2.2559265273611997,-0.03314188359566544,0.04317476765081624,0.5068273753062322,-9.480885693800104,-34.36319228278149,-1.0137755738769862,0.0,0.30000000000000004,0.5,0.0,0.0,0.0,0.3,-0.3,0.3,0.3,48.2,42.2,42.2,42.2,0.342958944618721,2.417973271761142,0.5097415358490762,-0.18610256306209838,-0.050956832500102495,-0.28353143553627547,5.843369001013343
12.624,-0.1899059986201389,0.2539448065232136,0.19700723037525075,-0.6394176220618704,0.556629355791439,-2.2912745741007496,-0.117495737232687,-0.23758893553826238,0.5148480744895261,-10.438462263496062,-35.28843910717177,-1.652713398704627,0.0,0.30000000000000004,0.5,0.0,0.0,0.0,0.3,-0.3,0.3,0.3,48.2,42.2,42.2,42.2,0.36054124258255504,2.4430780399022503,0.5790701946773205,-0.1899059986201389,-0.04605519347678644,-0.30299276962474925,5.5598630005988525
12.632,-0.19389161568476057,0.25883071669416163,0.17763492298173722,-0.6111745242650489,0.5674512389068653,-2.3173273441184916,-0.22230359522968826,-0.5238682630994337,0.5509384327258974,-11.400210534910157,-36.217899639531836,-1.9206999072221673,0.0,0.30000000000000004,0.5,0.0,0.0,0.0,0.3,-0.3,0.3,0.3,48.2,42.2,42.2,42.2,0.3784284759393164,2.462831952741966,0.7920795428423403,-0.19389161568476057,-0.04116928330583841,-0.3223650770182628,6.009077998896828
12.64,-0.19825261560988525,0.2636618666789159,0.15826508424881122,-0.5979646175401439,0.5747397407443352,-2.3381078436178893,-0.3797459854526272,-0.8102012508073199,0.6444337617813505,-12.366125087722827,-37.1515684049631,-1.8182170789251377,0.0,0.30000000000000004,0.5,0.0,0.0,0.0,0.3,-0.3,0.3,0.3,48.2,42.2,42.2,42.2,0.3967459037884246,2.480853833221194,1.1026912322136215,-0.19825261560988525,-0.036338133321084154,-0.34173491575118875,5.552036000153748
12.648,-0.2031529091579845,0.26840946138439475,0.1387513197895342,-0.6008790327346101,0.5784816602324528,-2.3583303863762906,-0.688099899400003,-1.077710910250039,0.8907538487516761,-13.336200508657132,-38.08943993568053,-1.3457462670698996,0.0,0.30000000000000004,0.5,0.0,0.0,0.0,0.3,-0.3,0.3,0.3,48.2,42.2,42.2,42.2,0.4156557176115586,2.501483330848143,1.5583275319046974,-0.2031529091579845,-0.03159053861560529,-0.3612486802104658,5.610027999864542
12.656,-0.20870729891685574,0.27305792984533395,0.11889708290190462,-0.6195629701594534,0.5789970397094291,-2.3830202312917166,-1.4330686455251394,-1.2413836164661436,1.5722473116690552,-14.310431391469628,-39.03150877100341,-0.5037681994873652,0.0,0.30000000000000004,0.5,0.0,0.0,0.0,0.3,0.3,0.3,-0.3,42.2,42.2,42.2,48.2,0.4353435944010966,2.5294033424368507,2.463063262498223,-0.20870729891685574,-0.026942070154666098,-0.3811029170980954,5.515849999937927
12.664,-0.21496394184339138,0.27760626225111845,0.09847261937092339,-0.6520664492909708,0.5769059419121684,-2.4170277733079604,-2.326294476425647,-1.133919378419572,2.3976112006987504,-15.092167193904478,-39.97010795826683,0.32663351795258094,0.0,0.30000000000000004,0.5,0.0,0.0,0.0,0.3,0.3,0.3,-0.3,42.2,42.2,42.2,48.2,0.4559991372558308,2.5690532063479217,3.5278830220856254,-0.21496394184339138,-0.022393737748881593,-0.4015273806290766,5.484435998369008
12.672,-0.22189292912365002,0.2820664128207445,0.07723906964096126,-0.6948778414392235,0.5730285177703739,-2.464460961895362,-2.7319482820634016,-0.8600985055892074,2.727283196693278,-15.681658026091116,-40.90524200560741,1.1454739264781484,0.0,0.30000000000000004,0.5,0.0,0.0,0.0,0.3,0.3,0.3,-0.3,42.2,42.2,42.2,48.2,0.4777916803191838,2.6238873316908173,3.9549190244746435,-0.22189292912365002,-0.017933587179255528,-0.4227609303590387,5.45953099936014
12.68,-0.22938345353315,0.2864600930579788,0.05497675326671536,-0.7431653833888991,0.5682648201471687,-2.5281266788724985,-2.9336286778643985,-0.5392999279456017,2.8392052290828818,-16.079153673189204,-41.83691541530431,1.9527680477743776,0.0,0.30000000000000004,0.5,0.0,0.0,0.0,0.3,0.3,0.3,-0.3,42.2,42.2,42.2,48.2,0.5008450738180693,2.6956713815506803,4.118022336598252,-0.22938345353315,-0.01353990694202123,-0.44502324673328464,5.425463001301978
12.688,-0.2372517338432409,0.29081407827431344,0.031514354181024495,-0.7912393144633691,0.5634614865260884,-2.609061320240205,-3.0749020808684886,-0.20112926555037683,2.867178443172713,-16.377810280049065,-42.765396873410346,2.5687114951604944,0.0,0.30000000000000004,0.5,0.0,0.0,0.0,0.3,0.3,0.3,-0.3,42.2,42.2,42.2,48.2,0.5252157334924356,2.7840167873639365,4.209060229241737,-0.2372517338432409,-0.009185921725686608,-0.4684856458189755,5.615392001345754
12.696,-0.24526009703797297,0.2951551519727439,0.006754617787086782,-0.8332005314390195,0.559296031681644,-2.706242466040675,3.076352363235709,0.14461765218758357,2.8438493945905976,-16.577756268888535,-43.691218906496154,2.9935528918310594,0.0,0.30000000000000004,0.5,0.0,0.0,0.0,0.3,0.3,0.3,-0.3,42.2,42.2,42.2,48.2,0.5508783847872831,2.8863096614270294,4.19193720220419,-0.24526009703797297,-0.0048448480272561545,-0.4932453822129132,5.46849599959387
12.704,-0.2530653126169844,0.2980962973707185,0.01898914872763353,-0.8616908146264795,0.5209654602946727,-1.8591306993189058,3.098895083897887,0.5551953405431813,2.8224143349803446,3.7514931901699575,-52.05623383396832,-0.24036569495879823,0.0,0.30000000000000004,0.5,0.0,0.0,0.0,0.3,-0.3,0.3,-0.3,45.2,45.2,39.2,45.2,0.5435228749329686,2.11430438394799,4.228169259321331,-0.2530653126169844,-0.001903702629281523,-0.4810108512723665,5.6284029997186735
12.712,-0.26049070917518463,0.3009438198169429,0.029968626975044627,-0.87498756565621,0.4879604293913556,-1.2128176032698172,3.11429438809555,0.9738207547498613,2.8042175040364596,3.5301484775936225,-53.067382129059055,-0.18071724902676856,0.0,0.30000000000000004,0.5,0.0,0.0,0.0,0.3,-0.3,0.3,-0.3,45.2,45.2,39.2,45.2,0.5373879343548403,1.5730973140609963,4.302417019310134,-0.26049070917518463,0.0009438198169428591,-0.47003137302495535,5.525372000192874
12.72,-0.2673366117268431,0.30360863508223346,0.039900231669487335,-0.8711376163164103,0.4569887251453409,-0.721963965254814,3.1244318503740875,1.4007256471553504,2.7873363619814144,3.2654120085912828,-54.12565139678586,-0.39624440291427154,0.0,0.30000000000000004,0.5,0.0,0.0,0.0,0.3,-0.3,0.3,-0.3,45.2,45.2,39.2,45.2,0.5321406609483409,1.2202259662037418,4.415127486387522,-0.2673366117268431,0.0036086350822334134,-0.4600997683305127,5.451741999422666
12.728,-0.2734999831598412,0.30603408708218816,0.04906853924962255,-0.850994378878098,0.4262272801151469,-0.34836348270044554,-0.011148890564183004,1.305417639588687,-0.3715371604820367,2.957604351982098,-55.23071622293432,-0.8871009539018767,0.0,0.30000000000000004,0.5,0.0,0.0,0.0,0.3,-0.3,0.3,0.3,48.2,42.2,42.2,42.2,0.5274256661272924,1.0135177567638662,1.357305924664431,-0.2734999831598412,0.006034087082188111,-0.45093146075037743,5.410617999586975
12.736,-0.27900133147170847,0.3082102266116861,0.0577870098265839,-0.8183292108991449,0.39538531232956065,-0.06072902173634717,-0.00029338773952122365,0.8615570551980656,-0.3829313533832961,2.6437239861203494,-56.336062463607114,-1.005153252536525,0.0,0.30000000000000004,0.5,0.0,0.0,0.0,0.3,-0.3,0.3,0.3,48.2,42.2,42.2,42.2,0.5229354448324527,0.9108678590760655,0.9428239850798723,-0.27900133147170847,0.008210226611686078,-0.4422129901734161,6.5831009997054935
12.744,-0.28398571963918195,0.310178407352006,0.06633792599370078,-0.7792730729061669,0.36551276837165153,0.16518968678886786,0.011913247081992444,0.4093527588938859,-0.3934514351779269,2.3237788013172986,-57.44168975316058,-0.7508856858457835,0.0,0.30000000000000004,0.5,0.0,0.0,0.0,0.3,-0.3,0.3,0.3,48.2,42.2,42.2,42.2,0.5184730305104137,0.8764438023174862,0.5679046033566226,-0.28398571963918195,0.01017840735200598,-0.4336620740062992,5.861913001353969
12.752,-0.2887007362491231,0.3120255630016075,0.0749142181076643,-0.7412938735734497,0.3385891059373529,0.34655905228015826,0.026120734825365477,-0.05120160107888472,-0.40326378822949427,1.997776677632271,-58.54759772642602,-0.12478201148994406,0.0,0.30000000000000004,0.5,0.0,0.0,0.0,0.3,-0.3,0.3,0.3,48.2,42.2,42.2,42.2,0.5139947969029548,0.8855858887619581,0.4073396367137143,-0.2887007362491231,0.012025563001607453,-0.4250857818923357,5.636960000629188
12.76,-0.29345113353961455,0.3138674607939345,0.08357462141394763,-0.7117950311210585,0.3169187295580629,0.4937573244812338,0.04186001559763648,-0.5201701696365106,-0.4141026381187591,1.5728188006477835,-59.65405020833266,0.6928552525721879,0.0,0.30000000000000004,0.5,0.0,0.0,0.0,-0.03091499218819993,-0.3,0.3,-0.3,41.89085007811801,41.89085007811801,35.89085007811801,41.89085007811801,0.5096233610963032,0.9224347906232677,0.6661908594257554,-0.29345113353961455,0.013867460793934472,-0.4164253785860524,5.853530999957002
12.768,-0.2985330930336266,0.31582265967482354,0.09221700006049563,-0.6964850122471331,0.3024149556686704,0.6110653257486629,0.06409725429394604,-0.9975090433843762,-0.4324883031434878,1.150658686038938,-60.75259242344719,1.5050838097187522,0.0,0.30000000000000004,0.5,0.0,0.0,0.0,-0.3,-0.3,0.3,-0.3,39.2,39.2,33.2,39.2,0.5056276685814088,0.9746522508204106,1.0891183966849378,-0.2985330930336266,0.01582265967482349,-0.4077829999395044,5.987215999994078
12.776,-0.30416676499470524,0.31798307425134276,0.10060379660679292,-0.6980298088246888,0.2959423289479228,0.6985221742563856,0.22306579722513747,-1.4821807622022762,-0.5896373810732091,0.7312926986546133,-61.84323464963151,2.3119106875183695,0.0,0.30000000000000004,0.5,0.0,0.0,0.0,-0.3,-0.3,0.3,-0.3,39.2,39.2,33.2,39.2,0.5023526044242048,1.0309028586626485,1.610680105698546,-0.30416676499470524,0.017983074251342712,-0.3993962033932071,5.622172999210306
12.784,-0.31044497689681483,0.3203903112351225,0.10841232600315039,-0.7153791446124731,0.2969347877528255,0.7540309743140234,-3.129773635386424,-1.1634334535538622,2.761872093606223,0.31471720806686354,-62.9259871513934,3.113342904408682,0.0,0.30000000000000004,0.5,0.0,0.0,0.0,-0.3,0.3,0.3,-0.3,36.2,36.2,36.2,42.2,0.5001327372798066,1.0809719232936834,4.333243343160991,-0.31044497689681483,0.02039031123512247,-0.39158767399684963,5.46833900079946
12.792,-0.3173088561120169,0.3230225926861381,0.11530839289943884,-0.7439002960700498,0.30335486647765697,0.775626451858449,-3.1058605275855427,-0.6609672094867923,2.7316129986051427,-0.09907141143525311,-64.00086017990392,3.909387469708243,0.0,0.30000000000000004,0.5,0.0,0.0,0.0,-0.3,0.3,0.3,-0.3,36.2,36.2,36.2,42.2,0.49920194562393383,1.1166952217732964,4.188670056590669,-0.3173088561120169,0.023022592686138044,-0.38469160710056116,5.6538189983257325
12.8,-0.3245590354247216,0.32579653277937604,0.12102719793273549,-0.7763747196736361,0.3120323955130665,0.7634712873191596,-3.1021975999529285,-0.1501061704544287,2.7126091582269662,-0.5100767808517512,-65.06786397301475,4.700051383628384,0.0,0.30000000000000004,0.5,0.0,0.0,0.0,-0.3,0.3,0.3,-0.3,36.2,36.2,36.2,42.2,0.49962427211453325,1.1327004580906261,4.123640413137282,-0.3245590354247216,0.02579653277937599,-0.3789728020672645,5.521316001249943
12.808,-0.3319029383659467,0.3285847091217268,0.1254414915951853,-0.8046973492695569,0.31933032496923064,0.7211343714165852,-3.11238042844149,0.3688229901215452,2.6875761188568825,-0.918302516477832,-66.12700875527541,5.485341637284936,0.0,0.30000000000000004,0.5,0.0,0.0,0.0,-0.3,0.3,0.3,-0.3,36.2,36.2,36.2,42.2,0.5012691116655431,1.1267406365285664,4.1286811119336475,-0.3319029383659467,0.02858470912172678,-0.3745585084048147,5.518995998500031
12.816,-0.33902898786875557,0.3312458368853867,0.12859780117677821,-0.8219091169858475,0.32199245406687454,0.6558152366730821,3.1261848555678124,0.8948758522090041,2.6319733340524207,-1.3237522299100513,-67.17830473795057,6.26526521271021,0.0,0.30000000000000004,0.5,0.0,0.0,0.0,-0.3,-0.3,0.3,-0.3,39.2,39.2,33.2,39.2,0.5038417908716039,1.099685119346913,4.183433777796817,-0.33902898786875557,0.03124583688538668,-0.3714021988232218,5.556885000260081
12.824,-0.34568997236796206,0.3336604615373767,0.13070800538988225,-0.8240519060688586,0.31795957955325616,0.5774072946660724,2.713434305437917,1.4141016003155802,2.211059515087369,-1.7264295280523672,-68.2217621190374,7.039829082864652,0.0,0.30000000000000004,0.5,0.0,0.0,0.0,-0.3,-0.3,0.3,-0.3,39.2,39.2,33.2,39.2,0.5069626820090319,1.0552530606726498,3.7750752635147324,-0.34568997236796206,0.033660461537376674,-0.36929199461011775,5.655621000187239
12.832,-0.3517730196741595,0.3357626465150621,0.13209470847782293,-0.8113177075100065,0.30692228808473365,0.4965934129313709,0.3057227977729371,1.1527825344964715,-0.2020687528160588,-2.126338013122307,-69.2573910832827,7.809040211648741,0.0,0.30000000000000004,0.5,0.0,0.0,0.0,-0.19957399563412614,0.3,0.3,-0.3,37.20426004365874,37.20426004365874,37.20426004365874,43.20426004365874,0.5102720135246064,0.9995212510043434,1.209630431901768,-0.3517730196741595,0.03576264651506206,-0.3679052915221771,5.6610430001455825
12.84,-0.357331834663567,0.3375563763548212,0.1331037071588598,-0.7880245407432073,0.2903810764617698,0.42249969737102144,0.19604100199768046,0.603666144145811,-0.3148489530548706,-2.431102977665664,-70.37758010719153,8.394108834576706,0.0,0.30000000000000004,0.5,0.0,0.0,0.0,0.008882591481420787,0.3,0.3,-0.3,39.28882591481421,39.28882591481421,39.28882591481421,45.28882591481421,0.5135264464168399,0.9401116107458963,0.7085017652002525,-0.357331834663567,0.037556376354821175,-0.3668962928411402,5.640011999275885
12.848,-0.36257986103509227,0.3391163411417366,0.13400610116668182,-0.761620291882683,0.27130398084229623,0.3605596080923652,0.16375137886934316,0.04216695998048508,-0.348564994384286,-2.6408480422870646,-71.5822193213198,8.795274209222736,0.0,0.30000000000000004,0.5,0.0,0.0,0.0,0.18295104346751323,0.3,0.3,-0.3,41.02951043467513,41.02951043467513,41.02951043467513,47.02951043467513,0.5166679569663254,0.8852539466255207,0.3874146640303182,-0.36257986103509227,0.039116341141736566,-0.3659938988333182,5.525238999325666
12.856,-0.3678318637553418,0.34056533783072734,0.13492090452147049,-0.7405963015124,0.2532681018986093,0.31131777034361124,0.14628526064669883,-0.5283039334460633,-0.366933502479025,-2.7556966669702154,-72.69700997393194,9.01277528229199,0.0,0.30000000000000004,0.5,0.0,0.0,0.0,0.3,0.3,0.3,-0.3,42.2,42.2,42.2,48.2,0.519835139811143,0.8423457528740128,0.6596549240463379,-0.3678318637553418,0.0405653378307273,-0.3650790954785295,5.401922000601189
12.864,-0.3734158349814485,0.3420404858886195,0.13576575078834147,-0.7320763218625707,0.23949318296618766,0.2701753729466611,0.13618376615065578,-1.1064793949527927,-0.3828776708966962,-2.7757721512862807,-73.72206880585746,9.046850690024705,0.0,0.30000000000000004,0.5,0.0,0.0,0.0,0.3,0.3,0.3,-0.3,42.2,42.2,42.2,48.2,0.5233291283383948,0.816264330879387,1.178744238793706,-0.3734158349814485,0.04204048588861947,-0.36423424921165853,5.59868600066693
12.872,-0.3795665868203129,0.3436486104333783,0.13627358057718494,-0.7394298534616843,0.23179765999192414,0.22883604307841723,-3.0588761896577044,-1.4501038727424884,2.789649023083784,-2.701197634602538,-74.6575124062437,8.897738758599424,0.0,0.30000000000000004,0.5,0.0,0.0,0.0,0.3,0.3,0.3,-0.3,42.2,42.2,42.2,48.2,0.5275157847963684,0.8079929442636778,4.3865323955705495,-0.3795665868203129,0.043648610433378254,-0.36372641942281503,5.699297000319348
12.88,-0.3863426880113988,0.3454289898348283,0.13607351690085537,-0.7609464125464761,0.22994761302978392,0.17806724255449496,-3.0462150298371182,-0.8593369239342078,2.755192728725731,-2.5320960962904904,-75.50345721275283,8.565677504535927,0.0,0.30000000000000004,0.5,0.0,0.0,0.0,0.3,0.3,0.3,-0.3,42.2,42.2,42.2,48.2,0.5326978043865002,0.8146307693528451,4.196304675457371,-0.3863426880113988,0.04542898983482824,-0.36392648309914466,5.519207999896025
12.888,-0.393598587447675,0.34733743036004866,0.13481336337544986,-0.7901546159441057,0.2316691035543419,0.11094995590845474,-3.0582711047825843,-0.2634495638437976,2.7442110539257185,-2.2685903559337333,-76.26001951175904,8.050904635097547,0.0,0.30000000000000004,0.5,0.0,0.0,0.0,0.3,0.3,0.3,-0.3,42.2,42.2,42.2,48.2,0.5390008904659145,0.8308578598987542,4.117416924665958,-0.393598587447675,0.047337430360048616,-0.36518663662455014,5.420860999947763
12.896,-0.40102701029208054,0.34925926870291973,0.13228219584852882,-0.8178342638654024,0.233381241415245,0.02548077655374499,-3.0742297493213253,0.33693940157675434,2.7320714584912786,-1.9339967208921147,-76.95050908590113,7.39854847906062,0.0,0.30000000000000004,0.5,0.0,0.0,0.0,0.3,0.3,0.3,-0.3,42.2,42.2,42.2,48.2,0.5463199813542707,0.8508636535723966,4.126576203858329,-0.40102701029208054,0.04925926870291969,-0.36771780415147115,5.459558999064029
12.904,-0.40825937903749915,0.35104810075227044,0.12849000615410422,-0.8350766297278069,0.23142579436596866,-0.07442012111762952,-3.1013717883989673,0.9413996569257344,2.7085227618272687,-1.5514030612758534,-77.59800728904632,6.653295228599589,0.0,0.30000000000000004,0.5,0.0,0.0,0.0,0.3,0.3,0.3,-0.3,42.2,42.2,42.2,48.2,0.5543476388421582,0.869740898338485,4.223841360097857,-0.40825937903749915,0.0510481007522704,-0.3715099938458958,5.480141000589356
12.912,-0.4149940565551765,0.35257865051693865,0.1236739392095091,-0.836428241724161,0.2234043796094759,-0.17993777050896811,2.373584329343966,1.5403131600985882,1.9021318418388076,-1.1206075542104479,-78.20230579054315,5.814754250767819,0.0,0.30000000000000004,0.5,0.0,0.0,0.0,0.3,0.3,0.3,-0.3,42.2,42.2,42.2,48.2,0.5626774257924265,0.8842507119806036,3.409482767725515,-0.4149940565551765,0.05257865051693861,-0.3763260607904909,5.8648070007620845
12.92,-0.42110754624692676,0.35379517353822654,0.11822121744767491,-0.8219798356731016,0.2091365792197812,-0.2802682604530442,0.09974206997826723,0.9786754089698149,-0.37367589750229996,-0.6414086390513049,-78.76319653042604,4.88253542017063,0.0,0.30000000000000004,0.5,0.0,0.0,0.0,0.3,0.3,0.3,-0.3,42.2,42.2,42.2,48.2,0.5709470422107912,0.8932744577330679,1.0523249084859359,-0.42110754624692676,0.05379517353822649,-0.3817787825523251,5.712281999876723
