t,px,py,pz,vx,vy,vz,roll,pitch,yaw,phi,theta,psi,p,q,r,ref_px,ref_py,ref_pz,ref_vx,ref_vy,ref_vz,u_thrust,u_roll,u_pitch,u_yaw,m1,m2,m3,m4,pos_error,vel_error,att_error,err_x,err_y,err_z,solve_time_ms,mode
15.896,0.0,0.0,0.5300347597491479,0.0,0.0,-1.2966188060761037e-08,0.0,0.0,0.0,0.0,0.0,0.0,0.0,0.0,0.0,0.0,0.0,0.5,0.0,0.0,0.0,-0.04027738699946798,0.0,0.0,0.0,40.68706757256015,40.68706757256015,40.68706757256015,40.68706757256015,0.030034759749147932,1.2966188060761037e-08,0.0,0.0,0.0,0.030034759749147932,0.02730199992129201,MPC
16.056,0.0,0.0,0.5300347573990624,0.0,0.0,-1.2961042275562272e-08,0.0,0.0,0.0,0.0,0.0,0.0,0.0,0.0,0.0,0.0,0.0,0.5,0.0,0.0,0.0,-0.04027738465344094,0.0,0.0,0.0,40.687067997565045,40.687067997565045,40.687067997565045,40.687067997565045,0.030034757399062362,1.2961042275562272e-08,0.0,0.0,0.0,0.030034757399062362,0.027910999961022753,MPC
16.216,0.0,0.0,0.5300347556305828,0.0,0.0,-1.3462000435146883e-08,0.0,0.0,0.0,0.0,0.0,0.0,0.0,0.0,0.0,0.0,0.0,0.5,0.0,0.0,0.0,-0.040277382453965116,0.0,0.0,0.0,40.68706839602081,40.68706839602081,40.68706839602081,40.68706839602081,0.030034755630582777,1.3462000435146883e-08,0.0,0.0,0.0,0.030034755630582777,0.05751100002271414,MPC
16.376,0.0,0.0,0.530034754131844,0.0,0.0,-5.305399796239896e-09,0.0,0.0,0.0,0.0,0.0,0.0,0.0,0.0,0.0,0.0,0.0,0.5,0.0,0.0,0.0,-0.0402773879679898,0.0,0.0,0.0,40.6870673971033,40.6870673971033,40.6870673971033,40.6870673971033,0.030034754131843977,5.305399796239896e-09,0.0,0.0,0.0,0.030034754131843977,0.03637200006778585,MPC
16.536,0.0,0.0,0.5300347526920253,0.0,0.0,-1.1920739525932519e-08,0.0,0.0,0.0,0.0,0.0,0.0,0.0,0.0,0.0,0.0,0.0,0.5,0.0,0.0,0.0,-0.04027738084011717,0.0,0.0,0.0,40.68706868838457,40.68706868838457,40.68706868838457,40.68706868838457,0.03003475269202527,1.1920739525932519e-08,0.0,0.0,0.0,0.03003475269202527,0.021116999960213434,MPC
16.696,0.0,0.0,0.5300347517831099,0.0,0.0,-3.1817837913227167e-09,0.0,0.0,0.0,0.0,0.0,0.0,0.0,0.0,0.0,0.0,0.0,0.5,0.0,0.0,0.0,-0.04027738744476245,0.0,0.0,0.0,40.687067491890865,40.687067491890865,40.687067491890865,40.687067491890865,0.03003475178310988,3.1817837913227167e-09,0.0,0.0,0.0,0.03003475178310988,0.028127999939897563,MPC
16.856,0.0,0.0,0.5300347507674816,0.0,0.0,-6.2238256548705055e-09,0.0,0.0,0.0,0.0,0.0,0.0,0.0,0.0,0.0,0.0,0.0,0.5,0.0,0.0,0.0,-0.04027738381344664,0.0,0.0,0.0,40.687068149737925,40.687068149737925,40.687068149737925,40.687068149737925,0.030034750767481633,6.2238256548705055e-09,0.0,0.0,0.0,0.030034750767481633,0.06571200003691047,MPC
17.016000000000002,0.0,0.0,0.5300347502412771,0.0,0.0,-3.37934965407443e-09,0.0,0.0,0.0,0.0,0.0,0.0,0.0,0.0,0.0,0.0,0.0,0.5,0.0,0.0,0.0,-0.040277385732823745,0.0,0.0,0.0,40.687067802024686,40.687067802024686,40.687067802024686,40.687067802024686,0.03003475024127711,3.37934965407443e-09,0.0,0.0,0.0,0.03003475024127711,0.05702500004645117,MPC
17.176000000000002,0.0,0.0,0.530034749549926,0.0,0.0,-7.145892096220729e-09,0.0,0.0,0.0,0.0,0.0,0.0,0.0,0.0,0.0,0.0,0.0,0.5,0.0,0.0,0.0,-0.040277381802914236,0.0,0.0,0.0,40.68706851396481,40.68706851396481,40.68706851396481,40.68706851396481,0.03003474954992602,7.145892096220729e-09,0.0,0.0,0.0,0.03003474954992602,0.02102799999192939,MPC
17.336000000000002,0.0,0.0,0.5300347490545497,0.0,0.0,-2.4772391969328306e-09,0.0,0.0,0.0,0.0,0.0,0.0,0.0,0.0,0.0,0.0,0.0,0.5,0.0,0.0,0.0,-0.04027738532154085,0.0,0.0,0.0,40.68706787653245,40.68706787653245,40.68706787653245,40.68706787653245,0.030034749054549725,2.4772391969328306e-09,0.0,0.0,0.0,0.030034749054549725,0.047592999976586725,MPC
17.496,0.0,0.0,0.5300347488412909,0.0,0.0,1.7413435804240553e-09,0.0,0.0,0.0,0.0,0.0,0.0,0.0,0.0,0.0,0.0,0.0,0.5,0.0,0.0,0.0,-0.040277388735361075,0.0,0.0,0.0,40.68706725808676,40.68706725808676,40.68706725808676,40.68706725808676,0.03003474884129087,1.7413435804240553e-09,0.0,0.0,0.0,0.03003474884129087,0.03496800002267264,MPC
17.656,0.0,0.0,0.5300347484571479,0.0,0.0,-4.610679312554341e-09,0.0,0.0,0.0,0.0,0.0,0.0,0.0,0.0,0.0,0.0,0.0,0.5,0.0,0.0,0.0,-0.04027738288972699,0.0,0.0,0.0,40.68706831707845,40.68706831707845,40.68706831707845,40.68706831707845,0.03003474845714793,4.610679312554341e-09,0.0,0.0,0.0,0.03003474845714793,0.020359000018288498,MPC
17.816,0.0,0.0,0.5300347480692871,0.0,0.0,-2.9736505230164247e-09,0.0,0.0,0.0,0.0,0.0,0.0,0.0,0.0,0.0,0.0,0.0,0.5,0.0,0.0,0.0,-0.04027738390931329,0.0,0.0,0.0,40.68706813237078,40.68706813237078,40.68706813237078,40.68706813237078,0.030034748069287076,2.9736505230164247e-09,0.0,0.0,0.0,0.030034748069287076,0.06656499999735388,MPC
17.976,0.0,0.0,0.5300347479704364,0.0,0.0,2.108889792430191e-09,0.0,0.0,0.0,0.0,0.0,0.0,0.0,0.0,0.0,0.0,0.0,0.5,0.0,0.0,0.0,-0.04027738818038512,0.0,0.0,0.0,40.68706735862588,40.68706735862588,40.68706735862588,40.68706735862588,0.03003474797043637,2.108889792430191e-09,0.0,0.0,0.0,0.03003474797043637,0.04200599994419463,MPC
18.136,0.0,0.0,0.5300347478935644,0.0,0.0,1.3458311471043646e-09,0.0,0.0,0.0,0.0,0.0,0.0,0.0,0.0,0.0,0.0,0.0,0.5,0.0,0.0,0.0,-0.04027738744742787,0.0,0.0,0.0,40.687067491407994,40.687067491407994,40.687067491407994,40.687067491407994,0.030034747893564417,1.3458311471043646e-09,0.0,0.0,0.0,0.030034747893564417,0.023908999992272584,MPC
18.296,0.0,0.0,0.5300347475031841,0.0,0.0,-2.3223609927667276e-09,0.0,0.0,0.0,0.0,0.0,0.0,0.0,0.0,0.0,0.0,0.0,0.5,0.0,0.0,0.0,-0.04027738390309704,0.0,0.0,0.0,40.687068133496915,40.687068133496915,40.687068133496915,40.687068133496915,0.030034747503184134,2.3223609927667276e-09,0.0,0.0,0.0,0.030034747503184134,0.04506099992340751,MPC
18.456,0.0,0.0,0.5300347473913792,0.0,0.0,-1.872273008809187e-09,0.0,0.0,0.0,0.0,0.0,0.0,0.0,0.0,0.0,0.0,0.0,0.5,0.0,0.0,0.0,-0.040277384178257714,0.0,0.0,0.0,40.68706808364897,40.68706808364897,40.68706808364897,40.68706808364897,0.030034747391379235,1.872273008809187e-09,0.0,0.0,0.0,0.030034747391379235,0.027876999979525863,MPC
18.616,0.0,0.0,0.5300347471787563,0.0,0.0,1.6524315562236256e-09,0.0,0.0,0.0,0.0,0.0,0.0,0.0,0.0,0.0,0.0,0.0,0.5,0.0,0.0,0.0,-0.04027738699612177,0.0,0.0,0.0,40.687067573166345,40.687067573166345,40.687067573166345,40.687067573166345,0.030034747178756316,1.6524315562236256e-09,0.0,0.0,0.0,0.030034747178756316,0.025519999894640932,MPC
18.776,0.0,0.0,0.5300347470423824,0.0,0.0,-4.9328804417019335e-09,0.0,0.0,0.0,0.0,0.0,0.0,0.0,0.0,0.0,0.0,0.0,0.5,0.0,0.0,0.0,-0.04027738119771457,0.0,0.0,0.0,40.687068623602435,40.687068623602435,40.687068623602435,40.687068623602435,0.030034747042382404,4.9328804417019335e-09,0.0,0.0,0.0,0.030034747042382404,0.06730999996307219,MPC
18.936,0.0,0.0,0.5300347470929772,0.0,0.0,3.420615772783487e-09,0.0,0.0,0.0,0.0,0.0,0.0,0.0,0.0,0.0,0.0,0.0,0.5,0.0,0.0,0.0,-0.04027738843060352,0.0,0.0,0.0,40.68706731329647,40.68706731329647,40.68706731329647,40.68706731329647,0.030034747092977154,3.420615772783487e-09,0.0,0.0,0.0,0.030034747092977154,0.054466000051434094,MPC
19.096,0.0,0.0,0.5300347468203904,0.0,0.0,-2.6128141063418356e-09,0.0,0.0,0.0,0.0,0.0,0.0,0.0,0.0,0.0,0.0,0.0,0.5,0.0,0.0,0.0,-0.04027738297046729,0.0,0.0,0.0,40.68706830245158,40.68706830245158,40.68706830245158,40.68706830245158,0.030034746820390423,2.6128141063418356e-09,0.0,0.0,0.0,0.030034746820390423,0.026092999974025588,MPC
19.256,0.0,0.0,0.5300347468604968,0.0,0.0,4.289221336530102e-10,0.0,0.0,0.0,0.0,0.0,0.0,0.0,0.0,0.0,0.0,0.0,0.5,0.0,0.0,0.0,-0.04027738562584654,0.0,0.0,0.0,40.68706782140461,40.68706782140461,40.68706782140461,40.68706782140461,0.030034746860496786,4.289221336530102e-10,0.0,0.0,0.0,0.030034746860496786,0.03360099992733012,MPC
19.416,0.0,0.0,0.5300347467311894,0.0,0.0,1.007991159332891e-09,0.0,0.0,0.0,0.0,0.0,0.0,0.0,0.0,0.0,0.0,0.0,0.5,0.0,0.0,0.0,-0.040277385994399284,0.0,0.0,0.0,40.68706775463781,40.68706775463781,40.68706775463781,40.68706775463781,0.030034746731189443,1.007991159332891e-09,0.0,0.0,0.0,0.030034746731189443,0.03114000003279216,MPC
19.576,0.0,0.0,0.530034746702099,0.0,0.0,-3.5217664733973273e-09,0.0,0.0,0.0,0.0,0.0,0.0,0.0,0.0,0.0,0.0,0.0,0.5,0.0,0.0,0.0,-0.04027738207064563,0.0,0.0,0.0,40.68706846546275,40.68706846546275,40.68706846546275,40.68706846546275,0.030034746702099047,3.5217664733973273e-09,0.0,0.0,0.0,0.030034746702099047,0.061942000002090936,MPC
19.736,0.0,0.0,0.5300347466824938,0.0,0.0,2.441977291518991e-10,0.0,0.0,0.0,0.0,0.0,0.0,0.0,0.0,0.0,0.0,0.0,0.5,0.0,0.0,0.0,-0.040277385288990886,0.0,0.0,0.0,40.68706788242919,40.68706788242919,40.68706788242919,40.68706788242919,0.03003474668249384,2.441977291518991e-10,0.0,0.0,0.0,0.03003474668249384,0.022174000037011865,MPC
19.896,0.0,0.0,0.5300347468733378,0.0,0.0,4.1223817046054394e-09,0.0,0.0,0.0,0.0,0.0,0.0,0.0,0.0,0.0,0.0,0.0,0.5,0.0,0.0,0.0,-0.04027738881430415,0.0,0.0,0.0,40.68706724378548,40.68706724378548,40.68706724378548,40.68706724378548,0.030034746873337848,4.1223817046054394e-09,0.0,0.0,0.0,0.030034746873337848,0.03455400008078868,MPC
20.056,0.0,0.0,0.5300347468182725,0.0,0.0,-2.65200327628875e-09,0.0,0.0,0.0,0.0,0.0,0.0,0.0,0.0,0.0,0.0,0.0,0.5,0.0,0.0,0.0,-0.04027738293465438,0.0,0.0,0.0,40.68706830893942,40.68706830893942,40.68706830893942,40.68706830893942,0.03003474681827245,2.65200327628875e-09,0.0,0.0,0.0,0.03003474681827245,0.027175000013812678,MPC
20.216,0.0,0.0,0.5300347467069356,0.0,0.0,-1.3618021339895208e-09,0.0,0.0,0.0,0.0,0.0,0.0,0.0,0.0,0.0,0.0,0.0,0.5,0.0,0.0,0.0,-0.040277383932607436,0.0,0.0,0.0,40.68706812815083,40.68706812815083,40.68706812815083,40.68706812815083,0.030034746706935622,1.3618021339895208e-09,0.0,0.0,0.0,0.030034746706935622,0.03289500000391854,MPC
20.376,0.0,0.0,0.5300347468333138,0.0,0.0,3.340645439217062e-09,0.0,0.0,0.0,0.0,0.0,0.0,0.0,0.0,0.0,0.0,0.0,0.5,0.0,0.0,0.0,-0.04027738810214171,0.0,0.0,0.0,40.68706737280041,40.68706737280041,40.68706737280041,40.68706737280041,0.030034746833313752,3.340645439217062e-09,0.0,0.0,0.0,0.030034746833313752,0.026058000003104098,MPC
20.536,0.0,0.0,0.5300347469426849,0.0,0.0,2.3744575933905173e-09,0.0,0.0,0.0,0.0,0.0,0.0,0.0,0.0,0.0,0.0,0.0,0.5,0.0,0.0,0.0,-0.04027738738080727,0.0,0.0,0.0,40.687067503476946,40.687067503476946,40.687067503476946,40.687067503476946,0.03003474694268493,2.3744575933905173e-09,0.0,0.0,0.0,0.03003474694268493,0.02910800003519398,MPC
20.696,0.0,0.0,0.5300347467497923,0.0,0.0,-2.9584184393079293e-09,0.0,0.0,0.0,0.0,0.0,0.0,0.0,0.0,0.0,0.0,0.0,0.5,0.0,0.0,0.0,-0.04027738260270969,0.0,0.0,0.0,40.68706836907433,40.68706836907433,40.68706836907433,40.68706836907433,0.03003474674979234,2.9584184393079293e-09,0.0,0.0,0.0,0.03003474674979234,0.02017200006321218,MPC
20.856,0.0,0.0,0.5300347467934547,0.0,0.0,8.359698928380595e-10,0.0,0.0,0.0,0.0,0.0,0.0,0.0,0.0,0.0,0.0,0.0,0.5,0.0,0.0,0.0,-0.040277385908771335,0.0,0.0,0.0,40.68706777015012,40.68706777015012,40.68706777015012,40.68706777015012,0.030034746793454747,8.359698928380595e-10,0.0,0.0,0.0,0.030034746793454747,0.020966999954907806,MPC
21.016000000000002,0.0,0.0,0.5300347467227955,0.0,0.0,-4.860844926364478e-09,0.0,0.0,0.0,0.0,0.0,0.0,0.0,0.0,0.0,0.0,0.0,0.5,0.0,0.0,0.0,-0.040277380940013596,0.0,0.0,0.0,40.687068670287395,40.687068670287395,40.687068670287395,40.687068670287395,0.03003474672279549,4.860844926364478e-09,0.0,0.0,0.0,0.03003474672279549,0.10814900008426775,MPC
21.176000000000002,0.0,0.0,0.5300347467194197,0.0,0.0,4.2141172329787835e-09,0.0,0.0,0.0,0.0,0.0,0.0,0.0,0.0,0.0,0.0,0.0,0.5,0.0,0.0,0.0,-0.04027738873923575,0.0,0.0,0.0,40.687067257384825,40.687067257384825,40.687067257384825,40.687067257384825,0.030034746719419747,4.2141172329787835e-09,0.0,0.0,0.0,0.030034746719419747,0.020912999957545253,MPC
21.336000000000002,0.0,0.0,0.5300347465755,0.0,0.0,-2.7317567909681475e-09,0.0,0.0,0.0,0.0,0.0,0.0,0.0,0.0,0.0,0.0,0.0,0.5,0.0,0.0,0.0,-0.04027738262327246,0.0,0.0,0.0,40.68706836534919,40.68706836534919,40.68706836534919,40.68706836534919,0.030034746575499982,2.7317567909681475e-09,0.0,0.0,0.0,0.030034746575499982,0.019921999978578242,MPC
21.496000000000002,0.0,0.0,0.5300347467317915,0.0,0.0,1.5372681800027733e-09,0.0,0.0,0.0,0.0,0.0,0.0,0.0,0.0,0.0,0.0,0.0,0.5,0.0,0.0,0.0,-0.040277386450070674,0.0,0.0,0.0,40.687067672088645,40.687067672088645,40.687067672088645,40.687067672088645,0.030034746731791517,1.5372681800027733e-09,0.0,0.0,0.0,0.030034746731791517,0.03739900000709895,MPC
21.656,0.0,0.0,0.5300347465859558,0.0,0.0,1.9061546782193718e-10,0.0,0.0,0.0,0.0,0.0,0.0,0.0,0.0,0.0,0.0,0.0,0.5,0.0,0.0,0.0,-0.040277385146368194,0.0,0.0,0.0,40.687067908266634,40.687067908266634,40.687067908266634,40.687067908266634,0.03003474658595584,1.9061546782193718e-10,0.0,0.0,0.0,0.03003474658595584,0.021912000079282734,MPC
21.816,0.0,0.0,0.5300347465833898,0.0,0.0,-2.125313212894772e-09,0.0,0.0,0.0,0.0,0.0,0.0,0.0,0.0,0.0,0.0,0.0,0.5,0.0,0.0,0.0,-0.04027738315258017,0.0,0.0,0.0,40.68706826946011,40.68706826946011,40.68706826946011,40.68706826946011,0.030034746583389782,2.125313212894772e-09,0.0,0.0,0.0,0.030034746583389782,0.019710000060513266,MPC
21.976,0.0,0.0,0.5300347465865033,0.0,0.0,3.940443416243522e-09,0.0,0.0,0.0,0.0,0.0,0.0,0.0,0.0,0.0,0.0,0.0,0.5,0.0,0.0,0.0,-0.04027738837099554,0.0,0.0,0.0,40.68706732409501,40.68706732409501,40.68706732409501,40.68706732409501,0.03003474658650329,3.940443416243522e-09,0.0,0.0,0.0,0.03003474658650329,0.0866080000605507,MPC
22.136,0.0,0.0,0.5300347464838614,0.0,0.0,-3.6063629213262726e-09,0.0,0.0,0.0,0.0,0.0,0.0,0.0,0.0,0.0,0.0,0.0,0.5,0.0,0.0,0.0,-0.04027738177963852,0.0,0.0,0.0,40.68706851818143,40.68706851818143,40.68706851818143,40.68706851818143,0.030034746483861396,3.6063629213262726e-09,0.0,0.0,0.0,0.030034746483861396,0.053440999977283354,MPC
22.296,0.0,0.0,0.5300347466452353,0.0,0.0,2.605289290441621e-09,0.0,0.0,0.0,0.0,0.0,0.0,0.0,0.0,0.0,0.0,0.0,0.5,0.0,0.0,0.0,-0.04027738728177904,0.0,0.0,0.0,40.68706752141684,40.68706752141684,40.68706752141684,40.68706752141684,0.03003474664523531,2.605289290441621e-09,0.0,0.0,0.0,0.03003474664523531,0.022303000037027232,MPC
22.456,0.0,0.0,0.530034746493695,0.0,0.0,-1.3091151316229368e-09,0.0,0.0,0.0,0.0,0.0,0.0,0.0,0.0,0.0,0.0,0.0,0.5,0.0,0.0,0.0,-0.04027738376463358,0.0,0.0,0.0,40.68706815858087,40.68706815858087,40.68706815858087,40.68706815858087,0.030034746493694975,1.3091151316229368e-09,0.0,0.0,0.0,0.030034746493694975,0.06811999992351048,MPC
22.616,0.0,0.0,0.5300347465428674,0.0,0.0,-1.345994821423011e-09,0.0,0.0,0.0,0.0,0.0,0.0,0.0,0.0,0.0,0.0,0.0,0.5,0.0,0.0,0.0,-0.040277383782104714,0.0,0.0,0.0,40.687068155415815,40.687068155415815,40.687068155415815,40.687068155415815,0.03003474654286742,1.345994821423011e-09,0.0,0.0,0.0,0.03003474654286742,0.124415000072986,MPC
22.776,0.0,0.0,0.530034746522513,0.0,0.0,4.050737486226523e-09,0.0,0.0,0.0,0.0,0.0,0.0,0.0,0.0,0.0,0.0,0.0,0.5,0.0,0.0,0.0,-0.04027738840182543,0.0,0.0,0.0,40.68706731850989,40.68706731850989,40.68706731850989,40.68706731850989,0.030034746522513034,4.050737486226523e-09,0.0,0.0,0.0,0.030034746522513034,0.021364000076573575,MPC
22.936,0.0,0.0,0.5300347463829324,0.0,0.0,-4.1575069907527386e-09,0.0,0.0,0.0,0.0,0.0,0.0,0.0,0.0,0.0,0.0,0.0,0.5,0.0,0.0,0.0,-0.040277381204823326,0.0,0.0,0.0,40.68706862231461,40.68706862231461,40.68706862231461,40.68706862231461,0.030034746382932354,4.1575069907527386e-09,0.0,0.0,0.0,0.030034746382932354,0.03342600007272267,MPC
23.096,0.0,0.0,0.5300347462401026,0.0,0.0,-5.194585099029609e-10,0.0,0.0,0.0,0.0,0.0,0.0,0.0,0.0,0.0,0.0,0.0,0.5,0.0,0.0,0.0,-0.04027738418994381,0.0,0.0,0.0,40.68706808153192,40.68706808153192,40.68706808153192,40.68706808153192,0.030034746240102606,5.194585099029609e-10,0.0,0.0,0.0,0.030034746240102606,0.03800100000717066,MPC
23.256,0.0,0.0,0.5300347463879685,0.0,0.0,9.633584862828405e-10,0.0,0.0,0.0,0.0,0.0,0.0,0.0,0.0,0.0,0.0,0.0,0.5,0.0,0.0,0.0,-0.040277385612750016,0.0,0.0,0.0,40.68706782377717,40.68706782377717,40.68706782377717,40.68706782377717,0.030034746387968547,9.633584862828405e-10,0.0,0.0,0.0,0.030034746387968547,0.043431999984022696,MPC
23.416,0.0,0.0,0.5300347463377382,0.0,0.0,1.7884466549415298e-09,0.0,0.0,0.0,0.0,0.0,0.0,0.0,0.0,0.0,0.0,0.0,0.5,0.0,0.0,0.0,-0.040277386271917626,0.0,0.0,0.0,40.68706770436275,40.68706770436275,40.68706770436275,40.68706770436275,0.030034746337738172,1.7884466549415298e-09,0.0,0.0,0.0,0.030034746337738172,0.0242550000848496,MPC
23.576,0.0,0.0,0.5300347462967864,0.0,0.0,-4.088655280002791e-09,0.0,0.0,0.0,0.0,0.0,0.0,0.0,0.0,0.0,0.0,0.0,0.5,0.0,0.0,0.0,-0.040277381177862226,0.0,0.0,0.0,40.687068627198876,40.687068627198876,40.687068627198876,40.687068627198876,0.030034746296786374,4.088655280002791e-09,0.0,0.0,0.0,0.030034746296786374,0.020514999960141722,MPC
23.736,0.0,0.0,0.530034746448794,0.0,0.0,2.0522113127239138e-09,0.0,0.0,0.0,0.0,0.0,0.0,0.0,0.0,0.0,0.0,0.0,0.5,0.0,0.0,0.0,-0.040277386609774146,0.0,0.0,0.0,40.68706764315686,40.68706764315686,40.68706764315686,40.68706764315686,0.030034746448794003,2.0522113127239138e-09,0.0,0.0,0.0,0.030034746448794003,0.03326600005948421,MPC
23.896,0.0,0.0,0.5300347462924548,0.0,0.0,8.07072619286002e-10,0.0,0.0,0.0,0.0,0.0,0.0,0.0,0.0,0.0,0.0,0.0,0.5,0.0,0.0,0.0,-0.04027738538284781,0.0,0.0,0.0,40.68706786542612,40.68706786542612,40.68706786542612,40.68706786542612,0.03003474629245484,8.07072619286002e-10,0.0,0.0,0.0,0.03003474629245484,0.033335000011902594,MPC
24.056,0.0,0.0,0.5300347463496551,0.0,0.0,-3.0523968870807397e-09,0.0,0.0,0.0,0.0,0.0,0.0,0.0,0.0,0.0,0.0,0.0,0.5,0.0,0.0,0.0,-0.040277382121708005,0.0,0.0,0.0,40.687068456212316,40.687068456212316,40.687068456212316,40.687068456212316,0.030034746349655084,3.0523968870807397e-09,0.0,0.0,0.0,0.030034746349655084,0.02144299992323795,MPC
24.216,0.0,0.0,0.5300347464705188,0.0,0.0,4.832769827584074e-09,0.0,0.0,0.0,0.0,0.0,0.0,0.0,0.0,0.0,0.0,0.0,0.5,0.0,0.0,0.0,-0.04027738902220995,0.0,0.0,0.0,40.687067206121384,40.687067206121384,40.687067206121384,40.687067206121384,0.030034746470518847,4.832769827584074e-09,0.0,0.0,0.0,0.030034746470518847,0.03649500001756678,MPC
24.376,0.0,0.0,0.5300347463427976,0.0,0.0,-3.1158072805563626e-09,0.0,0.0,0.0,0.0,0.0,0.0,0.0,0.0,0.0,0.0,0.0,0.5,0.0,0.0,0.0,-0.04027738206032955,0.0,0.0,0.0,40.687068467331606,40.687068467331606,40.687068467331606,40.687068467331606,0.03003474634279757,3.1158072805563626e-09,0.0,0.0,0.0,0.03003474634279757,0.03259099992192205,MPC
24.536,0.0,0.0,0.5300347464820171,0.0,0.0,3.293876142022405e-10,0.0,0.0,0.0,0.0,0.0,0.0,0.0,0.0,0.0,0.0,0.0,0.5,0.0,0.0,0.0,-0.040277385161728685,0.0,0.0,0.0,40.687067905483936,40.687067905483936,40.687067905483936,40.687067905483936,0.030034746482017094,3.293876142022405e-10,0.0,0.0,0.0,0.030034746482017094,0.020901999960187823,MPC
24.696,0.0,0.0,0.5300347464365315,0.0,0.0,2.978806339030982e-09,0.0,0.0,0.0,0.0,0.0,0.0,0.0,0.0,0.0,0.0,0.0,0.5,0.0,0.0,0.0,-0.04027738739419057,0.0,0.0,0.0,40.68706750105243,40.68706750105243,40.68706750105243,40.68706750105243,0.03003474643653148,2.978806339030982e-09,0.0,0.0,0.0,0.03003474643653148,0.038269000015134225,MPC
24.856,0.0,0.0,0.5300347463612355,0.0,0.0,-4.723989827364544e-09,0.0,0.0,0.0,0.0,0.0,0.0,0.0,0.0,0.0,0.0,0.0,0.5,0.0,0.0,0.0,-0.04027738069606451,0.0,0.0,0.0,40.687068714481065,40.687068714481065,40.687068714481065,40.687068714481065,0.030034746361235487,4.723989827364544e-09,0.0,0.0,0.0,0.030034746361235487,0.08598200008691492,MPC
25.016000000000002,0.0,0.0,0.5300347464733851,0.0,0.0,3.6004870890928772e-09,0.0,0.0,0.0,0.0,0.0,0.0,0.0,0.0,0.0,0.0,0.0,0.5,0.0,0.0,0.0,-0.04027738796556729,0.0,0.0,0.0,40.68706739754216,40.68706739754216,40.68706739754216,40.68706739754216,0.03003474647338511,3.6004870890928772e-09,0.0,0.0,0.0,0.03003474647338511,0.06361300006574311,MPC
25.176000000000002,0.0,0.0,0.530034746306532,0.0,0.0,-1.600137269955056e-09,0.0,0.0,0.0,0.0,0.0,0.0,0.0,0.0,0.0,0.0,0.0,0.5,0.0,0.0,0.0,-0.04027738332722236,0.0,0.0,0.0,40.68706823782204,40.68706823782204,40.68706823782204,40.68706823782204,0.030034746306532023,1.600137269955056e-09,0.0,0.0,0.0,0.030034746306532023,0.022308999973574828,MPC
25.336000000000002,0.0,0.0,0.5300347464131161,0.0,0.0,-1.5517857613066463e-09,0.0,0.0,0.0,0.0,0.0,0.0,0.0,0.0,0.0,0.0,0.0,0.5,0.0,0.0,0.0,-0.04027738347539539,0.0,0.0,0.0,40.6870682109791,40.6870682109791,40.6870682109791,40.6870682109791,0.030034746413116098,1.5517857613066463e-09,0.0,0.0,0.0,0.030034746413116098,0.03234999996948318,MPC
25.496000000000002,0.0,0.0,0.5300347464417386,0.0,0.0,3.532666257208737e-09,0.0,0.0,0.0,0.0,0.0,0.0,0.0,0.0,0.0,0.0,0.0,0.5,0.0,0.0,0.0,-0.04027738787560403,0.0,0.0,0.0,40.68706741383985,40.68706741383985,40.68706741383985,40.68706741383985,0.030034746441738647,3.532666257208737e-09,0.0,0.0,0.0,0.030034746441738647,0.037492000046768226,MPC
25.656,0.0014893849378847584,-1.0249824477478863e-19,0.5300348200292545,0.04048236502119437,-4.04252695659012e-18,1.9004712705333347e-06,3.620709758092915e-17,-0.000638013680450093,-2.5702014845341386e-17,3.620709758092915e-17,-0.000638013680450093,-2.5702014845341386e-17,-1.8306488891950862e-15,-0.031140797659587303,-3.205982078678696e-15,0.0,0.0,0.5,0.0,0.0,0.0,-0.04027769012972643,1.2000512500250744e-15,-0.01012283117236039,0.0,40.6982885281193,40.67573678719721,40.67573678719721,40.6982885281193,0.030071725618642266,0.040482365065803806,0.000638013680450093,0.0014893849378847584,-1.0249824477478863e-19,0.030034820029254505,0.1645070000222404,MPC
25.816,0.02412262469227434,1.5750101316814546e-18,0.530034309224081,0.20546930971119903,4.3032156897881564e-17,-1.1856777723048371e-05,1.8931722115044847e-17,-0.016519681236227237,2.7973501715634054e-17,1.8931722115044847e-17,-0.016519681236227237,2.7973501715634054e-17,1.4867721796047887e-15,-0.14098968765163952,3.186301302010719e-15,0.0,0.0,0.5,0.0,0.0,0.0,-0.04026542300705971,-1.239146313989772e-15,-0.003260126598814677,0.0,40.692866433229824,40.685603491748545,40.685603491748545,40.692866433229824,0.038522211159434265,0.20546931005330166,0.016519681236227237,0.02412262469227434,1.5750101316814546e-18,0.030034309224081013,0.15207799992822402,MPC
25.976,0.06998563444777772,-3.6837679270580313e-19,0.5300260671525554,0.3349067644215026,-6.224404337327082e-17,-8.780616558062926e-05,1.0814875078173383e-16,-0.04148728097309283,-6.381417792771855e-16,1.0814875078173383e-16,-0.04148728097309283,-6.381417792771855e-16,6.112691317482922e-16,-0.16070836179104322,-6.335189644063654e-15,0.0,0.0,0.5,0.0,0.0,0.0,-0.04018909564343681,-1.2103145818376135e-15,-9.445458651656524e-05,0.0,40.7031675968548,40.70295717001593,40.70295717001593,40.7031675968548,0.076154801146794,0.33490677593205326,0.04148728097309283,0.06998563444777772,-3.6837679270580313e-19,0.030026067152555402,0.28100899999117246,MPC
26.136,0.13246078007348358,-1.5613953155523308e-17,0.5299999800816195,0.4216915101639451,-6.082467207088413e-17,-0.00021802762121600835,-1.747891737068292e-17,-0.06654893542672521,-2.2145593257809332e-15,-1.747891737068292e-17,-0.06654893542672521,-2.2145593257809332e-15,1.1626135477345555e-15,-0.1504712573607519,-9.37771129701215e-15,0.0,0.0,0.5,0.0,0.0,0.0,-0.04003925343955744,-8.748345759861963e-16,0.0007154885793994245,0.0,40.729410724046005,40.7310046964042,40.7310046964042,40.729410724046005,0.13581552585243467,0.4216915665274707,0.06654893542672521,0.13246078007348358,-1.5613953155523308e-17,0.029999980081619526,0.32749100000728504,MPC
26.296,0.2049349114948231,6.753629695885414e-19,0.5299510955418851,0.4686276171402612,2.2013650139177837e-16,-0.00036335923883250374,9.902032671968927e-17,-0.08915915285775575,-3.6896423273779156e-15,9.902032671968927e-17,-0.08915915285775575,-3.6896423273779156e-15,4.163411482425221e-16,-0.13187864687866271,-9.099100850566231e-15,0.0,0.0,0.5,0.0,0.0,0.0,-0.03984064949826904,-7.453530342325077e-16,0.001054018781078473,0.0,40.76501260849286,40.76736076169952,40.76736076169952,40.76501260849286,0.20711201334917803,0.46862775800895073,0.08915915285775575,0.2049349114948231,6.753629695885414e-19,0.02995109554188513,0.2600660000098287,MPC
26.456,0.28152770015416645,6.63855840019969e-17,0.5298803827955283,0.4810620113874482,5.428924391589262e-16,-0.0004898356369415274,2.7287989057287146e-16,-0.10845130382271233,-4.499565317150549e-15,2.7287989057287146e-16,-0.10845130382271233,-4.499565317150549e-15,1.9653711550109664e-15,-0.1096813629671394,-4.2996632904026065e-15,0.0,0.0,0.5,0.0,0.0,0.0,-0.03962310698858468,-2.6637346349640472e-15,0.0012217680851284345,0.0,40.80423562667691,40.806957493401114,40.8069574934011,40.804235626676906,0.2831089599961498,0.48106226077202163,0.10845130382271233,0.28152770015416645,6.63855840019969e-17,0.029880382795528293,0.2877780000289931,MPC
26.616,0.35731072218776033,1.9986917773449584e-16,0.5297932356280041,0.46523331551352354,1.0815348242701778e-15,-0.0005743389795243606,1.3373971856175322e-16,-0.12404536593680542,-5.155380727998747e-15,1.3373971856175322e-16,-0.12404536593680542,-5.155380727998747e-15,-1.789740279218512e-15,-0.08607104461017441,-3.7785043971814735e-15,0.0,0.0,0.5,0.0,0.0,0.0,-0.03941443721357624,1.804614058304403e-15,0.0012900515617740738,0.0,40.841962060855515,40.84483605016759,40.84483605016759,40.841962060855515,0.3585506785372531,0.46523367002934035,0.12404536593680542,0.35731072218776033,1.9986917773449584e-16,0.029793235628004067,0.2453890000424508,MPC
26.776,0.42838757641144254,4.498075210439358e-16,0.5296975995436586,0.4276683689788685,1.9059180743203194e-15,-0.0006056866087628473,1.9202632817983849e-16,-0.13585052356040056,-5.81779597889912e-15,1.9202632817983849e-16,-0.13585052356040056,-5.81779597889912e-15,1.0677412623894505e-15,-0.06261536956687307,-5.6671242352716944e-15,0.0,0.0,0.5,0.0,0.0,0.0,-0.03923656181396129,2.859838983397953e-16,0.0012733109124159758,0.0,40.87420451262364,40.8770412069556,40.8770412069556,40.87420451262364,0.4294157228634334,0.4276687978813905,0.13585052356040056,0.42838757641144254,4.498075210439358e-16,0.02969759954365858,0.27819000001727545,MPC
26.936,0.4918993784365133,8.383759172509898e-16,0.529602131440621,0.3747727489805209,2.759164549368498e-15,-0.0005836667400812867,5.186052737832085e-16,-0.14400130820507473,-6.971393561074162e-15,5.186052737832085e-16,-0.14400130820507473,-6.971393561074162e-15,2.083268338136077e-15,-0.04055598217385386,-7.261836994081287e-15,0.0,0.0,0.5,0.0,0.0,0.0,-0.03910339531962376,-1.2584854815134536e-15,0.0011918274073389155,0.0,40.898419642409124,40.90107480700256,40.90107480700256,40.898419642409124,0.49278929035852226,0.37477320347815685,0.14400130820507473,0.4918993784365133,8.383759172509898e-16,0.02960213144062096,0.2514730000484633,MPC
27.096,0.5459731374157647,1.3374992601140987e-15,0.5295146789434377,0.31250693964756976,3.3130236803062757e-15,-0.0005164142980108651,7.992364772230527e-16,-0.14880194742906677,-7.89865576508683e-15,7.992364772230527e-16,-0.14880194742906677,-7.89865576508683e-15,-4.0833724161589356e-15,-0.02080392561923049,2.853218884171439e-16,0.0,0.0,0.5,0.0,0.0,0.0,-0.039020618964836884,2.9750364379935636e-15,0.001059097130975687,0.0,40.91356320775096,40.91592267455451,40.915922674554515,40.91356320775097,0.5467703202010399,0.3125073663317666,0.14880194742906677,0.5459731374157647,1.3374992601140987e-15,0.029514678943437733,0.14034299999821087,MPC
27.256,0.5896328270685636,1.915509791370261e-15,0.5294416427489074,0.24628860394974178,3.797905902295349e-15,-0.00041031970442086005,8.846842123342765e-16,-0.15026428357101243,-7.685597022571629e-15,8.846842123342765e-16,-0.15026428357101243,-7.685597022571629e-15,-9.60414978231415e-16,-2.5192910488843505e-05,4.638406772075481e-15,0.0,0.0,0.5,0.0,0.0,0.0,-0.03899306299915967,1.215081009426125e-15,0.0004645825183625281,0.0,40.91921746321266,40.92025246462804,40.92025246462804,40.91921746321266,0.5903674119432922,0.24628894574822596,0.15026428357101243,0.5896328270685636,1.915509791370261e-15,0.02944164274890737,0.21735699999680946,MPC
27.416,0.6227441887223037,2.547575250043481e-15,0.5293873003691199,0.18104613291772775,4.0126927927943595e-15,-0.0002951060557813571,9.97318612957059e-16,-0.14975294032275405,-7.205056053675251e-15,9.97318612957059e-16,-0.14975294032275405,-7.205056053675251e-15,2.812556585449379e-15,0.0057865380703689745,-8.92422971227964e-16,0.0,0.0,0.5,0.0,0.0,0.0,-0.03900276917273715,-1.3931649542313139e-15,0.0014928243063214545,0.0,40.91631373494774,40.9196394633359,40.9196394633359,40.91631373494774,0.6234371965245458,0.18104637342970364,0.14975294032275405,0.6227441887223037,2.547575250043481e-15,0.02938730036911985,0.25368000001435576,MPC
27.576,0.6457059177700675,3.181873099202411e-15,0.5293505845388695,0.11911773946053689,3.887103611947055e-15,-0.00018472623807340807,1.172595816196362e-15,-0.14772500185464177,-7.454556842952082e-15,1.172595816196362e-15,-0.14772500185464177,-7.454556842952082e-15,2.014225487896972e-15,0.018384897820495127,4.124982148601638e-15,0.0,0.0,0.5,0.0,0.0,0.0,-0.03903642269929286,-1.1248610244655634e-15,0.0006516929098451321,0.0,40.91115402190516,40.912605869655394,40.912605869655394,40.91115402190516,0.6463726394704981,0.11911788269597214,0.14772500185464177,0.6457059177700675,3.181873099202411e-15,0.029350584538869517,0.17165099995963828,MPC
27.736,0.6592951613630398,3.773729746159518e-15,0.5293317129991546,0.06313834075464123,3.5379787169419722e-15,-7.459106071058122e-05,1.1367627660683845e-15,-0.14403047726789003,-6.449427240731649e-15,1.1367627660683845e-15,-0.14403047726789003,-6.449427240731649e-15,-1.7901678935428982e-16,0.026605111667997478,7.52152589571683e-15,0.0,0.0,0.5,0.0,0.0,0.0,-0.03909819036321899,1.294922809758159e-15,0.0004061063233147255,0.0,40.900237787798744,40.90114251538279,40.90114251538279,40.900237787798744,0.6599473154610006,0.06313838481522573,0.14403047726789003,0.6592951613630398,3.773729746159518e-15,0.029331712999154602,0.22647399998731998,MPC
27.896,0.6646749066506229,4.298857029682401e-15,0.5293292861268379,0.0151456737455238,3.1077542275333377e-15,2.19953349799984e-05,9.33541563013245e-16,-0.13934396675074348,-5.089840053093379e-15,9.33541563013245e-16,-0.13934396675074348,-5.089840053093379e-15,1.062229178017147e-15,0.031152534274426897,1.1990279940439316e-14,0.0,0.0,0.5,0.0,0.0,0.0,-0.03917477221805671,1.915125145369266e-15,0.00022688121868836425,0.0,40.88656390307999,40.88706935124729,40.88706935124729,40.88656390307999,0.6653216805093038,0.01514568971689998,0.13934396675074348,0.6646749066506229,4.298857029682401e-15,0.02932928612683794,0.21397700004399667,MPC
28.056,0.6632322623840597,4.742426103779347e-15,0.5293404632459989,-0.02384214637810362,2.480261649557541e-15,9.881942873558969e-05,9.459382286197323e-16,-0.1341711220529338,-2.8573713454007594e-15,9.459382286197323e-16,-0.1341711220529338,-2.8573713454007594e-15,2.6178192589915184e-15,0.032927439966642796,1.3029838913682868e-14,0.0,0.0,0.5,0.0,0.0,0.0,-0.03925648580486851,6.542590065361099e-16,8.362600577470694e-05,0.0,40.87192028973588,40.87210659255813,40.87210659255813,40.87192028973588,0.6638809355980695,0.023842351167500556,0.1341711220529338,0.6632322623840597,4.742426103779347e-15,0.029340463245998927,0.19396600009713438,MPC
28.216,0.656442208303791,5.03510010873827e-15,0.5293618681560127,-0.05355918860441857,1.3483762428091634e-15,0.00015411774395837874,8.336231973086794e-16,-0.12890448587403774,-1.4203618775024387e-16,8.336231973086794e-16,-0.12890448587403774,-1.4203618775024387e-16,2.03737399216053e-15,0.0325213328321088,2.076980449239365e-14,0.0,0.0,0.5,0.0,0.0,0.0,-0.03933650466557481,1.1849834046649368e-15,-3.1148240916101244e-05,0.0,40.85755196690498,40.85748257455343,40.85748257455343,40.85755196690498,0.6570985406652253,0.05355941034255963,0.12890448587403774,0.656442208303791,5.03510010873827e-15,0.029361868156012716,0.2248299999791925,MPC
28.376,0.6457653346484459,5.104871556272981e-15,0.529390118259583,-0.07431062965119586,-2.7545556995073756e-16,0.0001888202404455705,8.278209239871844e-16,-0.12384979973205443,3.04455475602022e-15,8.278209239871844e-16,-0.12384979973205443,3.04455475602022e-15,-1.6185097529465966e-15,0.03044848262346455,1.9083683872641895e-14,0.0,0.0,0.5,0.0,0.0,0.0,-0.039410235173450825,2.7098410927862737e-15,-0.00011909407631203323,0.0,40.844292954130644,40.844027635198756,40.84402763519876,40.84429295413066,0.6464337912616663,0.0743108695430244,0.12384979973205443,0.6457653346484459,5.104871556272981e-15,0.029390118259583042,0.21780099996249191,MPC
28.536,0.6325710106034671,4.872211870765179e-15,0.5294221455697187,-0.086823846431039,-2.2442868547289373e-15,0.00020544772167379298,5.894230517620641e-16,-0.11923463013329813,5.5308004509361465e-15,5.894230517620641e-16,-0.11923463013329813,5.5308004509361465e-15,-4.429970766431827e-16,0.027165000262320136,1.5296396369957145e-14,0.0,0.0,0.5,0.0,0.0,0.0,-0.03947490782808144,1.1966906497433587e-15,-0.00018323775061747719,0.0,40.83264834345731,40.832240124629124,40.832240124629124,40.83264834345731,0.6332548824176703,0.08682408950197511,0.11923463013329813,0.6325710106034671,4.872211870765179e-15,0.029422145569718672,0.23489299996981572,MPC
28.696,0.6180825494737862,4.336556850176398e-15,0.529455365300479,-0.09211864297563213,-4.057254528056448e-15,0.00020726179451539632,2.1285979952586756e-16,-0.11521689041844105,8.403530455943544e-15,2.1285979952586756e-16,-0.11521689041844105,8.403530455943544e-15,1.4715026801825295e-15,0.023096389126377462,2.2699157715263475e-14,0.0,0.0,0.5,0.0,0.0,0.0,-0.039529136731768,-2.9737025491965623e-16,-0.00022415629374208587,0.0,40.82286984606502,40.8223704685118,40.8223704685118,40.82286984606502,0.6187840144258738,0.09211887613905982,0.11521689041844105,0.6180825494737862,4.336556850176398e-15,0.029455365300478986,0.17160100003366097,MPC
28.856,0.6033416190107151,3.5132687031354486e-15,0.5294877400967255,-0.0913921325372638,-5.858418895977007e-15,0.00019772662516068126,-1.1903361868276398e-16,-0.11188969098192277,1.1663451566033657e-14,-1.1903361868276398e-16,-0.11188969098192277,1.1663451566033657e-14,9.404666374264431e-16,0.018624052587000228,2.0619243052649898e-14,0.0,0.0,0.5,0.0,0.0,0.0,-0.039572573474408845,-5.36434612657462e-16,-0.0002446509435882274,0.0,40.815023700038225,40.8144786643064,40.8144786643064,40.815023700038225,0.6040617816469462,0.09139234642751597,0.11188969098192277,0.6033416190107151,3.5132687031354486e-15,0.0294877400967255,0.15904300005331606,MPC
29.016000000000002,0.5891898391057411,2.414671100986995e-15,0.5295177735167289,-0.0859171818765656,-7.501942114272577e-15,0.00018012423001378784,-5.133809214747648e-16,-0.10928976555136449,1.485896249056225e-14,-5.133809214747648e-16,-0.10928976555136449,1.485896249056225e-14,-9.311104992967636e-16,0.014069849320260466,1.5463508781259032e-14,0.0,0.0,0.5,0.0,0.0,0.0,-0.03960557628703337,4.337312909122887e-16,-0.0002478755575422275,0.0,40.80904852154826,40.808496301990374,40.808496301990374,40.80904852154826,0.5899287799885965,0.08591737069038537,0.10928976555136449,0.5891898391057411,2.414671100986995e-15,0.029517773516728907,0.1645539999799439,MPC
29.176000000000002,0.5762649375258888,1.0686310288129917e-15,0.529544457448013,-0.07695876794188433,-9.008609624258794e-15,0.00015733464513550428,-8.322317427046531e-16,-0.10740747660029044,1.7815055710966546e-14,-8.322317427046531e-16,-0.10740747660029044,1.7815055710966546e-14,1.7213038262469212e-15,0.009695440065133312,1.9542790627406518e-14,0.0,0.0,0.5,0.0,0.0,0.0,-0.03962894136345202,-2.812105733233155e-15,-0.00023731647019131774,0.0,40.804803956030916,40.80427526010967,40.804275260109655,40.80480395603091,0.5770217961113895,0.0769589287693336,0.10740747660029044,0.5762649375258888,1.0686310288129917e-15,0.02954445744801304,0.12936500002069806,MPC
29.336000000000002,0.5650085451870204,-5.091487742282029e-16,0.5295671982801464,-0.06570840238326967,-1.0411594231768672e-14,0.0001317497016590301,-1.2754595424799e-15,-0.1061969175348927,2.0539235062342878e-14,-1.2754595424799e-15,-0.1061969175348927,2.0539235062342878e-14,-2.2747880890449383e-15,0.005693554045108341,1.1453636992838755e-14,0.0,0.0,0.5,0.0,0.0,0.0,-0.03964370917637822,-3.028010575581785e-16,-0.00021325173129098027,0.0,40.80210182177354,40.80162673750972,40.80162673750972,40.80210182177354,0.5657816498866773,0.06570853446657873,0.1061969175348927,0.5650085451870204,-5.091487742282029e-16,0.029567198280146423,0.0790820000702297,MPC
29.496000000000002,0.5556828017114731,-2.2792693607911334e-15,0.5295857396808953,-0.05323590993335476,-1.1408872892115438e-14,0.0001053005720648052,-1.856793947887571e-15,-0.10558564458771513,2.231094173383836e-14,-1.856793947887571e-15,-0.10558564458771513,2.231094173383836e-14,-3.611160244653856e-15,0.002203753329827316,1.292584445642665e-14,0.0,0.0,0.5,0.0,0.0,0.0,-0.03965108756701102,1.0919034685265378e-15,-0.00018797289797279314,0.0,40.800736998589485,40.80031823075435,40.80031823075435,40.800736998589485,0.5564698483389536,0.05323601407546152,0.10558564458771513,0.5556828017114731,-2.2792693607911334e-15,0.029585739680895284,0.09163899994746316,MPC
29.656000000000002,0.548393065797005,-4.1371085844277076e-15,0.5296000850224893,-0.040458005219184974,-1.1686103576457137e-14,7.941590821008331e-05,-2.382431866753565e-15,-0.10548468966053884,2.4236702367940664e-14,-2.382431866753565e-15,-0.10548468966053884,2.4236702367940664e-14,-3.816779874721067e-15,-0.0006955510256019249,1.7481496056494183e-14,0.0,0.0,0.5,0.0,0.0,0.0,-0.03965225489577462,1.802354266356634e-15,-0.00015532578224740703,0.0,40.80048916020773,40.8001431239319,40.8001431239319,40.80048916020773,0.549191332458531,0.040458083162726276,0.10548468966053884,0.548393065797005,-4.1371085844277076e-15,0.029600085022489342,0.05240999996658502,MPC
29.816,0.5431142061953096,-5.9912184537892995e-15,0.5296104266596021,-0.028121213690727804,-1.1472987339746882e-14,5.507197473660159e-05,-2.821641827820283e-15,-0.10579544592432275,2.706920481519344e-14,-2.821641827820283e-15,-0.10579544592432275,2.706920481519344e-14,-5.285217603846388e-16,-0.0029627481706487224,1.505704819746204e-14,0.0,0.0,0.5,0.0,0.0,0.0,-0.039648423089493956,-3.6308756289221957e-16,-0.00012143796929470554,0.0,40.80114558021393,40.800875039534645,40.800875039534645,40.80114558021393,0.5439207831459697,0.028121267616556304,0.10579544592432275,0.5431142061953096,-5.9912184537892995e-15,0.029610426659602118,0.049964000027102884,MPC
29.976,0.5397185581955897,-7.798455366408808e-15,0.529617098799174,-0.016795803553284777,-1.1175832903384853e-14,3.317789211346196e-05,-3.233016969956414e-15,-0.10641650350455129,2.945874131971499e-14,-3.233016969956414e-15,-0.10641650350455129,2.945874131971499e-14,-4.0162445090310594e-15,-0.004604179924327536,1.3425859878989065e-14,0.0,0.0,0.5,0.0,0.0,0.0,-0.0396408003029578,2.799134784190465e-15,-9.333568399887485e-05,0.0,40.802495216532684,40.80228728239564,40.802287282395646,40.8024952165327,0.5405305676851275,0.016795836322525255,0.10641650350455129,0.5397185581955897,-7.798455366408808e-15,0.029617098799173958,0.07540700005392864,MPC
30.136,0.5380038090579804,-9.543427362918226e-15,0.5296205494864655,-0.0068807199631310805,-1.0729681140410742e-14,1.425602945219893e-05,-3.3772135245725112e-15,-0.10725135669305975,3.116077987559843e-14,-3.3772135245725112e-15,-0.10725135669305975,3.116077987559843e-14,6.460901929962045e-16,-0.005666823934370108,6.1866383571977856e-15,0.0,0.0,0.5,0.0,0.0,0.0,-0.039630534734769796,-1.8795239468479567e-15,-6.548962827697229e-05,0.0,40.80432390305882,40.804178004633286,40.804178004633286,40.80432390305882,0.538818592397085,0.006880734731509878,0.10725135669305975,0.5380038090579804,-9.543427362918226e-15,0.02962054948646553,0.07291600002190535,MPC
30.296,0.5377190366490788,-1.1221357815192175e-14,0.5296212792408622,0.0013812068049748592,-1.0270680184129738e-14,-1.4453654559928045e-06,-3.723260335571587e-15,-0.10821211937213757,3.2335835777172444e-14,-3.723260335571587e-15,-0.10821211937213757,3.2335835777172444e-14,-7.125162634161957e-16,-0.006211607171929169,4.5287020121845176e-15,0.0,0.0,0.5,0.0,0.0,0.0,-0.03961863030637258,-4.966633984871937e-16,-3.8792338215045546e-05,0.0,40.806450764165994,40.80636434222075,40.80636434222075,40.806450764165994,0.538534290977537,0.0013812075612268273,0.10821211937213757,0.5377190366490788,-1.1221357815192175e-14,0.02962127924086222,0.05083600001398736,MPC
30.456,0.5385879390242828,-1.2808151476136768e-14,0.529619815559688,0.007884724281144371,-9.686792263621508e-15,-1.3822868253426707e-05,-3.9609058229181526e-15,-0.10922165518893356,3.387971142092582e-14,-3.9609058229181526e-15,-0.10922165518893356,3.387971142092582e-14,-2.0104422018435316e-15,-0.0063125780441224185,1.088576334565788e-14,0.0,0.0,0.5,0.0,0.0,0.0,-0.03960601040664502,3.849143306743959e-16,-1.5347423089449516e-05,0.0,40.80871086248073,40.80867667134354,40.80867667134354,40.80871086248073,0.5394017997154018,0.007884736397708828,0.10922165518893356,0.5385879390242828,-1.2808151476136768e-14,0.029619815559687956,0.05116600004839711,MPC
30.616,0.5403287713757255,-1.4297453890798528e-14,0.5296166866334979,0.012640003947851693,-9.056016953035253e-15,-2.293464582347408e-05,-4.252643057245763e-15,-0.11021605189165978,3.551256963234588e-14,-4.252643057245763e-15,-0.11021605189165978,3.551256963234588e-14,-2.7405356566867583e-15,-0.006053650374919227,7.47536147264714e-15,0.0,0.0,0.5,0.0,0.0,0.0,-0.039593464825859126,1.3377392965160964e-15,4.431265348768185e-06,0.0,40.81096158104666,40.81097145306235,40.81097145306235,40.81096158104666,0.5411398426502597,0.012640024754710152,0.11021605189165978,0.5403287713757255,-1.4297453890798528e-14,0.029616686633497924,0.09508099992672214,MPC
30.776,0.5426705119161667,-1.5664980954140842e-14,0.5296123984533592,0.015748637987647026,-8.16695752402196e-15,-2.8969194874262303e-05,-4.5630836093954384e-15,-0.11114505877788372,3.663899105628551e-14,-4.5630836093954384e-15,-0.11114505877788372,3.663899105628551e-14,-2.3756295463603165e-15,-0.005523480507662668,5.643818608175846e-15,0.0,0.0,0.5,0.0,0.0,0.0,-0.039581639698311466,1.948761567735769e-15,1.9698931335191544e-05,0.0,40.81308680757128,40.81313069304051,40.81313069304051,40.81308680757128,0.5434778547885046,0.015748664631650856,0.11114505877788372,0.5426705119161667,-1.5664980954140842e-14,0.029612398453359168,0.10175499994602433,MPC
30.936,0.5453651968028205,-1.6873886354412557e-14,0.5296074135203954,0.017379792700152847,-7.160569983847768e-15,-3.224070187393179e-05,-4.6549242337773385e-15,-0.11197228531669594,3.733135860345059e-14,-4.6549242337773385e-15,-0.11197228531669594,3.733135860345059e-14,-4.948672254240397e-16,-0.00480515431741263,4.771341779976879e-16,0.0,0.0,0.5,0.0,0.0,0.0,-0.03957104371008624,2.602479996878349e-16,2.8877745251336406e-05,0.0,40.81499614633047,40.81506048044987,40.81506048044987,40.81499614633047,0.5461682861711643,0.017379822604478547,0.11197228531669594,0.5453651968028205,-1.6873886354412557e-14,0.02960741352039542,0.03558100002010178,MPC
31.096,0.5481965018151282,-1.7925507974413013e-14,0.5296021434453184,0.017747268165854542,-6.171729623090719e-15,-3.3094314115722696e-05,-4.696163090531554e-15,-0.11267416119406973,3.712565281373562e-14,-4.696163090531554e-15,-0.11267416119406973,3.712565281373562e-14,1.0584414386645765e-15,-0.00397709594207267,-1.276650353402876e-15,0.0,0.0,0.5,0.0,0.0,0.0,-0.0395619727585893,-1.1081928629736438e-15,3.711595110006058e-05,0.0,40.81663025806792,40.81671294534176,40.81671294534176,40.81663025806792,0.5489951652782573,0.017747299022228165,0.11267416119406973,0.5481965018151282,-1.7925507974413013e-14,0.02960214344531842,0.07013699996605283,MPC
31.256,0.550984887014263,-1.881915698955661e-14,0.5295969340979929,0.017089046041616596,-5.186381177252451e-15,-3.1951219470189987e-05,-4.64397049004073e-15,-0.11323855801056976,3.637977991180115e-14,-4.64397049004073e-15,-0.11323855801056976,3.637977991180115e-14,-1.6089199682514385e-15,-0.0031064880144232405,-8.931669487444911e-15,0.0,0.0,0.5,0.0,0.0,0.0,-0.03955460462409305,2.93929117615307e-16,4.770155696357144e-05,0.0,40.81795327368445,40.818059543673144,40.818059543673144,40.81795327368445,0.5517792350443437,0.017089075911029167,0.11323855801056976,0.550984887014263,-1.881915698955661e-14,0.02959693409799291,0.16376100006709748,MPC
31.416,0.5535897391846026,-1.9545606989576214e-14,0.5295920562572791,0.015649699420099552,-4.097877168360819e-15,-2.9328260012518116e-05,-4.539789657661751e-15,-0.11366331859759538,3.474796797678391e-14,-4.539789657661751e-15,-0.11366331859759538,3.474796797678391e-14,-9.688002773306361e-16,-0.0022454372228475146,-8.735440953853855e-15,0.0,0.0,0.5,0.0,0.0,0.0,-0.03954904829385941,-8.469201240962764e-16,4.8524317240963843e-05,0.0,40.81895893877187,40.81906704171385,40.81906704171385,40.81895893877187,0.5543800944514606,0.015649726901332803,0.11366331859759538,0.5535897391846026,-1.9545606989576214e-14,0.02959205625727912,0.06831299992882123,MPC
31.576,0.5559089659644608,-2.0097612214516453e-14,0.5295877073131794,0.013665681409903095,-3.0026207430543875e-15,-2.5625453706495807e-05,-4.4297373616084406e-15,-0.11395417368781287,3.299099838570386e-14,-4.4297373616084406e-15,-0.11395417368781287,3.299099838570386e-14,1.1341205337949147e-15,-0.0014382145261947097,-1.5153975431538707e-14,0.0,0.0,0.5,0.0,0.0,0.0,-0.0395452438975234,-2.919264852395794e-15,4.3658869695071406e-05,0.0,40.81965356065215,40.819750824303156,40.81975082430314,40.819653560652135,0.5566957974187756,0.013665705435902264,0.11395417368781287,0.5559089659644608,-2.0097612214516453e-14,0.02958770731317939,0.0740230000246811,MPC
31.736,0.5578766127522394,-2.046810521862621e-14,0.529584018150795,0.011354504625571013,-1.858510608912166e-15,-2.1271865193005788e-05,-4.216280102436008e-15,-0.11412282521996926,3.1091845969040433e-14,-4.216280102436008e-15,-0.11412282521996926,3.1091845969040433e-14,-1.852555406000606e-15,-0.0007186416194250781,-1.288554467216058e-14,0.0,0.0,0.5,0.0,0.0,0.0,-0.03954304355942351,-1.476046619747071e-15,3.759149123738412e-05,0.0,40.82005893110888,40.820142677795644,40.820142677795644,40.82005893110888,0.5586604775584708,0.011354524551224605,0.11412282521996926,0.5578766127522394,-2.046810521862621e-14,0.029584018150795033,0.04548000003978814,MPC
31.896,0.5594590374634724,-2.0640008040807626e-14,0.5295810571967234,0.008906883302513382,-4.435672932582128e-16,-1.664037421882199e-05,-4.352836798304933e-15,-0.11418516111771529,2.784183102856309e-14,-4.352836798304933e-15,-0.11418516111771529,2.784183102856309e-14,-1.5371682234725267e-15,-0.00010826068166772529,-2.3702560478836268e-14,0.0,0.0,0.5,0.0,0.0,0.0,-0.039542205958751075,2.716665053179401e-16,3.277607157848618e-05,0.0,40.82021603428032,40.82028905312871,40.82028905312871,40.82021603428032,0.5602405318650471,0.00890689884677298,0.11418516111771529,0.5594590374634724,-2.0640008040807626e-14,0.029581057196723437,0.0668579999683061,MPC
32.056,0.5606501273908373,-2.0530934775774373e-14,0.5295788430667513,0.00648197079752965,1.4349604103263378e-15,-1.199579659955968e-05,-4.010970703889049e-15,-0.11415949646174528,2.4588817253136097e-14,-4.010970703889049e-15,-0.11415949646174528,2.4588817253136097e-14,2.263043734987951e-16,0.0003837230063600924,-1.85270419485543e-14,0.0,0.0,0.5,0.0,0.0,0.0,-0.039542544974438654,-1.424121766522815e-15,2.6228233112060573e-05,0.0,40.82016191206373,40.82022034357444,40.82022034357444,40.82016191206373,0.5614298471764122,0.0064819818974726565,0.11415949646174528,0.5606501273908373,-2.0530934775774373e-14,0.029578843066751292,0.039739999920129776,MPC
32.216,0.5614660126606099,-2.012092137829627e-14,0.5295773469943751,0.0042052072479562995,3.340288473404499e-15,-7.641099862847809e-06,-3.7782794041255e-15,-0.11406527633068343,2.1185254103922464e-14,-3.7782794041255e-15,-0.11406527633068343,2.1185254103922464e-14,-1.8842218965383227e-15,0.0007540494408011026,-2.258185026912484e-14,0.0,0.0,0.5,0.0,0.0,0.0,-0.039543782832523244,1.0035892112388673e-15,1.9633488523580767e-05,0.0,40.81994500832853,40.81998874800363,40.81998874800363,40.81994500832853,0.5622445222749883,0.004205214190106291,0.11406527633068343,0.5614660126606099,-2.012092137829627e-14,0.029577346994375087,0.0421230000711148,MPC
32.376,0.5619396405765429,-1.9393169383991943e-14,0.529576504564036,0.0021683136538036365,5.3465794440201136e-15,-3.755987550521434e-06,-3.413984711961673e-15,-0.11392160682286065,1.776742278652329e-14,-3.413984711961673e-15,-0.11392160682286065,1.776742278652329e-14,-3.9548063468885527e-16,0.0010081869969022928,-2.0582840863079664e-14,0.0,0.0,0.5,0.0,0.0,0.0,-0.03954566829840889,3.6233601800146795e-16,1.3346369631038468e-05,0.0,40.81961044167377,40.81964017484476,40.81964017484476,40.81961044167377,0.5627174506566511,0.002168316906892015,0.11392160682286065,0.5619396405765429,-1.9393169383991943e-14,0.029576504564036044,0.04824800009828323,MPC
32.536,0.5621155592638356,-1.8331184094851036e-14,0.5295762285649634,0.0004313682913131624,7.502512735303895e-15,-4.578381794345557e-07,-3.1557623651890677e-15,-0.11374629582970044,1.484117152067211e-14,-3.1557623651890677e-15,-0.11374629582970044,1.484117152067211e-14,-3.190055351872886e-15,0.0011563890332221879,-1.8172807265382113e-14,0.0,0.0,0.5,0.0,0.0,0.0,-0.039547965661528184,4.2036103189702135e-15,7.632735301684596e-06,0.0,40.81920061714771,40.81921762142903,40.81921762142904,40.819200617147715,0.5628931117562389,0.0004313685342792586,0.11374629582970044,0.5621155592638356,-1.8331184094851036e-14,0.029576228564963447,0.03515200000947516,MPC
32.696,0.5620451573628669,-1.6930731377139784e-14,0.529576418596871,-0.0009739038453363833,9.550786135694484e-15,2.1931422167942675e-06,-2.6884925522365184e-15,-0.11355519603738096,1.279337599294028e-14,-2.6884925522365184e-15,-0.11355519603738096,1.279337599294028e-14,4.167277928086813e-15,0.0012124010547261324,-1.0603212004346959e-14,0.0,0.0,0.5,0.0,0.0,0.0,-0.039550465700156134,-6.365819448592699e-16,2.6788317111451493e-06,0.0,40.81875322977627,40.81875919770339,40.81875919770339,40.81875322977627,0.5628228171032755,0.0009739063147109054,0.11355519603738096,0.5620451573628669,-1.6930731377139784e-14,0.02957641859687099,0.03652399993825384,MPC
32.856,0.5617825133303522,-1.526208695004056e-14,0.5295769692753121,-0.0020400272761125987,1.0909322179037184e-14,4.182014615843589e-06,-2.0163835796393387e-15,-0.11336179990634752,1.1240406784945996e-14,-2.0163835796393387e-15,-0.11336179990634752,1.1240406784945996e-14,4.902734737846396e-15,0.0011924158534549804,-1.2061947353969306e-14,0.0,0.0,0.5,0.0,0.0,0.0,-0.03955299592265893,-1.9240385436641105e-15,-3.7123003367219715e-06,0.0,40.818301975247266,40.81829370494877,40.81829370494877,40.818301975247266,0.5625605650907999,0.0020400315626307444,0.11336179990634752,0.5617825133303522,-1.526208695004056e-14,0.02957696927531206,0.14992700005223014,MPC
33.016,0.5613809401628032,-1.3449431833828508e-14,0.5295777769123761,-0.0027793162589305085,1.1536044396921639e-14,5.5413007644085295e-06,-1.356714154523798e-15,-0.1131769246044505,8.444067951714705e-15,-1.356714154523798e-15,-0.1131769246044505,8.444067951714705e-15,2.2246365464455265e-15,0.0011121398926733923,-1.7778655181931905e-14,0.0,0.0,0.5,0.0,0.0,0.0,-0.039555398128527874,-9.644738649158238e-16,-3.4831407086863275e-06,0.0,40.81786653776262,40.81785877798816,40.81785877798816,40.81786653776262,0.5621595902100676,0.00277932178294807,0.1131769246044505,0.5613809401628032,-1.3449431833828508e-14,0.029577776912376064,0.07746300002509088,MPC
33.176,0.5608902941017978,-1.15793369354853e-14,0.5295787464254841,-0.003218888603320572,1.1741584725277275e-14,6.3331087319138215e-06,-7.519214426901195e-16,-0.11300859317434152,4.973062310656828e-15,-7.519214426901195e-16,-0.11300859317434152,4.973062310656828e-15,1.48256205782224e-15,0.000989691019094312,-2.5220968949282174e-14,0.0,0.0,0.5,0.0,0.0,0.0,-0.039557592409800724,-1.44213423703137e-15,-7.0230532262290785e-06,0.0,40.81747296616491,40.817457320139184,40.817457320139184,40.81747296616491,0.5616696753944478,0.0032188948334565507,0.11300859317434152,0.5608902941017978,-1.15793369354853e-14,0.02957874642548408,0.04826700001103745,MPC
33.336,0.5603550349064448,-9.704657474432303e-15,0.5295797932128089,-0.003396310642346419,1.169607619142256e-14,6.618752013637833e-06,-3.1998120775974513e-16,-0.11286251727833142,7.363285103458283e-16,-3.1998120775974513e-16,-0.11286251727833142,7.363285103458283e-16,-2.3822818349720512e-15,0.0008381823044584821,-2.5714712655571198e-14,0.0,0.0,0.5,0.0,0.0,0.0,-0.03955949008464127,1.306075847840004e-15,-8.327211732798642e-06,0.0,40.81713063719934,40.817112085756726,40.817112085756726,40.81713063719934,0.5611352148203813,0.0033963170916735327,0.11286251727833142,0.5603550349064448,-9.704657474432303e-15,0.029579793212808903,0.07155899993449566,MPC
33.496,0.5598129359748455,-7.831480586466152e-15,0.5295808449438081,-0.0033556585201526875,1.1720963528226636e-14,6.492203832119156e-06,1.512810938956124e-16,-0.11274202214394384,-3.294606523898862e-15,1.512810938956124e-16,-0.11274202214394384,-3.294606523898862e-15,-1.6432895922272762e-15,0.0006730460754728757,-2.029903557165437e-14,0.0,0.0,0.5,0.0,0.0,0.0,-0.0395610537899142,2.8184812826448074e-16,-9.023828916834842e-06,0.0,40.81684813322383,40.81682802985074,40.81682802985074,40.81684813322383,0.5605939258254286,0.0033556648003911123,0.11274202214394384,0.5598129359748455,-7.831480586466152e-15,0.029580844943808082,0.051992000067002664,MPC
33.656,0.5592944139516571,-5.951841784930611e-15,0.5295818444124551,-0.0031436843199470826,1.1774457728218841e-14,6.044900115667486e-06,5.170505584047475e-16,-0.11264830870981739,-6.375245457314414e-15,5.170505584047475e-16,-0.11264830870981739,-6.375245457314414e-15,3.873329865592733e-16,0.0005056941787757362,-2.326498884433868e-14,0.0,0.0,0.5,0.0,0.0,0.0,-0.03956226856542083,-9.961802441512852e-16,-9.100929093128554e-06,0.0,40.81662815107953,40.81660787594191,40.81660787594191,40.81662815107953,0.5600761796366368,0.0031436901317239523,0.11264830870981739,0.5592944139516571,-5.951841784930611e-15,0.02958184441245515,0.03579899998840119,MPC
33.816,0.558822408501344,-4.068437661185217e-15,0.5295827489886269,-0.0028067331265225585,1.1768598829688051e-14,5.366746840693927e-06,9.074890393437869e-16,-0.1125809159170038,-9.887102118374852e-15,9.074890393437869e-16,-0.1125809159170038,-9.887102118374852e-15,-5.466116971426759e-16,0.00034547723253635894,-1.9359495118223124e-14,0.0,0.0,0.5,0.0,0.0,0.0,-0.039563141336386276,-1.3031533100157288e-16,-8.676928744573431e-06,0.0,40.81646956810135,40.8164502375558,40.8164502375558,40.81646956810135,0.5596048813948705,0.002806738257388948,0.1125809159170038,0.558822408501344,-4.068437661185217e-15,0.029582748988626895,0.05567899995639891,MPC
33.976,0.558412683953598,-2.184804277484244e-15,0.5295835298655766,-0.002388364933051626,1.1775492123301104e-14,4.541304581765024e-06,1.2241330348604082e-15,-0.11253807350135117,-1.2883021525938912e-14,1.2241330348604082e-15,-0.11253807350135117,-1.2883021525938912e-14,1.6145291686869795e-15,0.00019949506967514163,-1.5886835141523777e-14,0.0,0.0,0.5,0.0,0.0,0.0,-0.03956369569757501,-1.15821165667091e-15,-7.875663046712222e-06,0.0,40.81636824781604,40.81635070233794,40.81635070233794,40.81636824781604,0.5591957714786194,0.002388369250530161,0.11253807350135117,0.558412683953598,-2.184804277484244e-15,0.029583529865576552,0.06529899997076427,MPC
34.136,0.5580744517375053,-3.061942011582278e-16,0.5295841707372958,-0.0019275983425934284,1.1703038024156851e-14,3.6427356442911972e-06,1.5643265677906816e-15,-0.11251706043217229,-1.5628720691190568e-14,1.5643265677906816e-15,-0.11251706043217229,-1.5628720691190568e-14,-1.3624079796750457e-15,7.264800368854438e-05,-1.6724170781367996e-14,0.0,0.0,0.5,0.0,0.0,0.0,-0.0395639672830137,1.3983203180423649e-15,-6.816691325486207e-06,0.0,40.8163178679617,40.81630268167102,40.81630268167102,40.8163178679617,0.5588580471285446,0.00192760178457375,0.11251706043217229,0.5580744517375053,-3.061942011582278e-16,0.0295841707372958,0.055789999919397815,MPC
34.296,0.5578112157523547,1.5661916684361714e-15,0.5295846662015001,-0.001457755194925127,1.1709514941640168e-14,2.73269746199744e-06,2.0116515197793978e-15,-0.11251454966925543,-1.9588790252844074e-14,2.0116515197793978e-15,-0.11251454966925543,-1.9588790252844074e-14,1.8463241001386573e-15,-3.21894883417686e-05,-2.6146177828943305e-14,0.0,0.0,0.5,0.0,0.0,0.0,-0.03956399864274246,-1.3528261401086692e-15,-5.601531204603785e-06,0.0,40.8163108332787,40.81629835413346,40.81629835413346,40.8163108332787,0.5585952066509112,0.0014577577562704354,0.11251454966925543,0.5578112157523547,1.5661916684361714e-15,0.02958466620150013,0.03615500008891104,MPC
34.456,0.5576217495588112,3.431427998953763e-15,0.5295850192345103,-0.0010058360184868026,1.1605064665085465e-14,1.8651135619158706e-06,2.3879797068226322e-15,-0.11252688133456606,-2.295575645479739e-14,2.3879797068226322e-15,-0.11252688133456606,-2.295575645479739e-14,-2.4794227077365714e-15,-0.00011386875991205448,-2.1880890502389874e-14,0.0,0.0,0.5,0.0,0.0,0.0,-0.03956383925645818,2.0514334886787196e-15,-4.3496222877741075e-06,0.0,40.81633831309818,40.816328622967696,40.816328622967696,40.81633831309818,0.5584060251681887,0.001005837747717783,0.11252688133456606,0.5576217495588112,3.431427998953763e-15,0.02958501923451029,0.03831899994111154,MPC
34.616,0.5575011306440419,5.28509662329604e-15,0.5295852405278649,-0.0005923586311151905,1.1563311287459608e-14,1.0746149001207794e-06,2.773495427993097e-15,-0.11255037723457621,-2.647872087539591e-14,2.773495427993097e-15,-0.11255037723457621,-2.647872087539591e-14,-8.186426601107351e-16,-0.0001728069700525719,-1.8266748335482694e-14,0.0,0.0,0.5,0.0,0.0,0.0,-0.039563534774384124,7.945571752013961e-16,-3.1122017487231896e-06,0.0,40.8163920945255,40.81638516113243,40.81638516113243,40.8163920945255,0.5582855874249995,0.0005923596058593512,0.11255037723457621,0.5575011306440419,5.28509662329604e-15,0.02958524052786493,0.10499399991203973,MPC
34.776,0.5574417567016462,7.134888306348813e-15,0.5295853450667936,-0.00023160683549945527,1.1534547394219348e-14,3.883012546252638e-07,3.254830604900438e-15,-0.11258149848267673,-2.974889192850488e-14,3.254830604900438e-15,-0.11258149848267673,-2.974889192850488e-14,2.232934368198071e-15,-0.00021045491585923825,-2.455176006988667e-14,0.0,0.0,0.5,0.0,0.0,0.0,-0.03956313145365109,-2.0614393275340038e-15,-1.961486550005123e-06,0.0,40.81646387808848,40.81645950826982,40.81645950826982,40.81646387808848,0.5582263024592612,0.0002316071610031436,0.11258149848267673,0.5574417567016462,7.134888306348813e-15,0.029585345066793556,0.05254500001683482,MPC
34.936,0.5574342995654011,8.965253947634745e-15,0.5295853511354889,6.787666590892726e-05,1.1411622555081217e-14,-1.7846661161740824e-07,3.5461601123263678e-15,-0.11261702169932694,-3.329221887840805e-14,3.5461601123263678e-15,-0.11261702169932694,-3.329221887840805e-14,1.115674175050188e-15,-0.00022914914127179247,-2.0618721069969442e-14,0.0,0.0,0.5,0.0,0.0,0.0,-0.039562671044787445,-7.009412854710748e-16,-9.409024169827751e-07,0.0,40.81654614865773,40.816544052506245,40.816544052506245,40.81654614865773,0.5582188561252472,6.787690052767282e-05,0.11261702169932694,0.5574342995654011,8.965253947634745e-15,0.02958535113548888,0.03757799993309163,MPC
35.096000000000004,0.5574685570646424,1.0789371635379462e-14,0.5295852785347988,0.00030257324132106057,1.1402951226207896e-14,-6.198746414469702e-07,3.988853097805423e-15,-0.11265414653292746,-3.718413506697132e-14,3.988853097805423e-15,-0.11265414653292746,-3.718413506697132e-14,-7.04281173840387e-16,-0.00023176071626851026,-2.625072897366082e-14,0.0,0.0,0.5,0.0,0.0,0.0,-0.03956218978523379,3.6864230791959974e-16,-7.839542754198292e-08,0.0,40.81663237260878,40.81663219795869,40.81663219795869,40.81663237260878,0.5582530616321921,0.000302573876281651,0.11265414653292746,0.5574685570646424,1.0789371635379462e-14,0.029585278534798753,0.07868099999086553,MPC
35.256,0.5575341775644441,1.2613659832105348e-14,0.5295851472205215,0.0004731503691021475,1.1401610184333242e-14,-9.379528978191066e-07,4.445510868736316e-15,-0.11269055884148478,-4.156151709614506e-14,4.445510868736316e-15,-0.11269055884148478,-4.156151709614506e-14,-4.80258455216655e-16,-0.000221434187190554,-2.7185491435206663e-14,0.0,0.0,0.5,0.0,0.0,0.0,-0.03956171765291916,-1.7102926833132852e-16,6.121776519579097e-07,0.0,40.816717134592515,40.816718498407795,40.816718498407795,40.816717134592515,0.5583185829690079,0.0004731512987799325,0.11269055884148478,0.5575341775644441,1.2613659832105348e-14,0.029585147220521524,0.03678499990655837,MPC
35.416000000000004,0.5576212445359089,1.4442164195381416e-14,0.5295849762108684,0.000583571096512618,1.1454371025805918e-14,-1.1408783881152315e-06,4.82256516871828e-15,-0.11272445518156066,-4.5920463020272596e-14,4.82256516871828e-15,-0.11272445518156066,-4.5920463020272596e-14,-3.0372263318777735e-15,-0.00020136422993482532,-2.7807076038222494e-14,0.0,0.0,0.5,0.0,0.0,0.0,-0.03956127804034759,1.938611939186193e-15,1.1289690405487385e-06,0.0,40.81679619889471,40.81679871402283,40.81679871402283,40.81679619889471,0.5584055185751422,0.0005835722117171411,0.11272445518156066,0.5576212445359089,1.4442164195381416e-14,0.02958497621086842,0.037289999909262406,MPC
35.576,0.5577207184760852,1.6301177580325052e-14,0.5295847827648562,0.0006402090319069553,1.1741235096084953e-14,-1.2412975177775776e-06,5.2790709118160066e-15,-0.11275453503416842,-5.091494627523072e-14,5.2790709118160066e-15,-0.11275453503416842,-5.091494627523072e-14,-1.7489259383046824e-15,-0.00017461465572725805,-3.361101002020349e-14,0.0,0.0,0.5,0.0,0.0,0.0,-0.03956088784229894,8.242068749548302e-16,1.479803498131288e-06,0.0,40.81686649615081,40.816869792871316,40.816869792871316,40.81686649615081,0.5585048425830562,0.000640210235278044,0.11275453503416842,0.5577207184760852,1.6301177580325052e-14,0.02958478276485621,0.13037300004725694,MPC
35.736000000000004,0.5578247416559922,1.8225903723582584e-14,0.5295845818203073,0.0006510150227470629,1.2241072706961826e-14,-1.2547501374629138e-06,5.7829182491733195e-15,-0.11277996771936862,-5.6166783640870625e-14,5.7829182491733195e-15,-0.11277996771936862,-5.6166783640870625e-14,-1.037938056244591e-15,-0.0001439812010325323,-3.284252395357064e-14,0.0,0.0,0.5,0.0,0.0,0.0,-0.03956055787116575,1.6835913352556838e-16,1.679789657106287e-06,0.0,40.816926050764465,40.816929793016065,40.816929793016065,40.816926050764465,0.5586087091024063,0.0006510162319330189,0.11277996771936862,0.5578247416559922,1.8225903723582584e-14,0.02958458182030732,0.04653799999232433,MPC
35.896,0.5579268173917784,2.0231881272030275e-14,0.5295843856689995,0.0006247695463517588,1.2731268439458815e-14,-1.1982570001850084e-06,6.322185020098273e-15,-0.11280034092241364,-6.128897035465651e-14,6.322185020098273e-15,-0.11280034092241364,-6.128897035465651e-14,-1.5323340479704307e-15,-0.00011189662738473512,-3.195938649398435e-14,0.0,0.0,0.5,0.0,0.0,0.0,-0.03956029351300894,3.348313142559813e-16,1.749025737865506e-06,0.0,40.81697386461249,40.81697776110891,40.81697776110891,40.81697386461249,0.5587106312218615,0.0006247706954302682,0.11280034092241364,0.5579268173917784,2.0231881272030275e-14,0.029584385668999458,0.03611800002545351,MPC
36.056,0.5580218798610749,2.2324496940642017e-14,0.5295842038385703,0.0005704433280709781,1.3328347558171663e-14,-1.089112225680852e-06,6.892273408372019e-15,-0.1128155973362288,-6.710057870512103e-14,6.892273408372019e-15,-0.1128155973362288,-6.710057870512103e-14,-2.8048915178045924e-15,-8.037461193072034e-05,-4.057497212625807e-14,0.0,0.0,0.5,0.0,0.0,0.0,-0.03956009554164758,1.0377710067971467e-15,1.7105050319574794e-06,0.0,40.81700977189795,40.817013582577566,40.817013582577566,40.81700977189795,0.5588055507244447,0.0005704443677573946,0.1128155973362288,0.5580218798610749,2.2324496940642017e-14,0.0295842038385703,0.06341899995732092,MPC
36.216,0.558106273082041,2.4522653308297644e-14,0.5295840430805618,0.0004966786203959029,1.4015262425158236e-14,-9.465478127307465e-07,7.697668590379693e-15,-0.11282596631180164,-7.442864316459165e-14,7.697668590379693e-15,-0.11282596631180164,-7.442864316459165e-14,6.001669702447356e-16,-5.112787555269156e-05,-4.9477018359928146e-14,0.0,0.0,0.5,0.0,0.0,0.0,-0.03955995948077945,-2.9528280062424455e-15,1.6337178980526529e-06,0.0,40.817034506139514,40.81703814575201,40.817038145751994,40.8170345061395,0.5588898171003996,0.0004966795223392437,0.11282596631180164,0.558106273082041,2.4522653308297644e-14,0.02958404308056184,0.05156800000349904,MPC
36.376,0.558177658584379,2.6856217179936466e-14,0.5295839075314214,0.00041139127187728825,1.5091318324801403e-14,-7.793061731976737e-07,7.997211931364361e-15,-0.11283189093955064,-8.135381057341871e-14,7.997211931364361e-15,-0.11283189093955064,-8.135381057341871e-14,2.222737793992747e-15,-2.522852751934673e-05,-3.5602645602806797e-14,0.0,0.0,0.5,0.0,0.0,0.0,-0.039559882353372544,-1.9734420372829335e-15,1.7666789537112287e-06,0.0,40.81704833038987,40.81705226621428,40.81705226621428,40.81704833038987,0.5589610953613563,0.00041139201000374876,0.11283189093955064,0.558177658584379,2.6856217179936466e-14,0.029583907531421372,0.04733399998713139,MPC
36.536,0.5582348716939258,2.9409890038949646e-14,0.5295837997515463,0.00032150094137097906,1.6572056392167852e-14,-6.01305891678869e-07,7.734263779731506e-15,-0.11283394624410821,-8.291409187409383e-14,7.734263779731506e-15,-0.11283394624410821,-8.291409187409383e-14,5.048296527851504e-16,-2.5355620522547844e-06,2.4662373453429137e-14,0.0,0.0,0.5,0.0,0.0,0.0,-0.03955985899469533,5.9055407736962125e-15,6.402526023015914e-07,0.0,40.817053816766034,40.81705524312696,40.817055243126966,40.81705381676604,0.5590182225856983,0.0003215015036841991,0.11283394624410821,0.5582348716939258,2.9409890038949646e-14,0.029583799751546347,0.07068100001106359,MPC
36.696,0.5582777447865943,3.2205190758819943e-14,0.5295837198421425,0.00023276229627475995,1.7837855115598895e-14,-4.3235488613283194e-07,9.254323443237914e-15,-0.11283285027422651,-8.457189064562301e-14,9.254323443237914e-15,-0.11283285027422651,-8.457189064562301e-14,1.7174568232314042e-14,1.53083556122762e-05,-1.4163316216170802e-14,0.0,0.0,0.5,0.0,0.0,0.0,-0.039559872304569255,-1.1714326575739705e-14,8.377739005843016e-07,0.0,40.81705118553708,40.817053051937854,40.817053051937826,40.81705118553705,0.5590610313764537,0.00023276269782301177,0.11283285027422651,0.5582777447865943,3.2205190758819943e-14,0.029583719842142475,0.05991400007587799,MPC
36.856,0.5583069110878789,3.503502330534731e-14,0.5295836662453354,0.00014968388999097042,1.750683269258474e-14,-2.7274604956192093e-07,1.0056125141875983e-14,-0.1128292642542027,-8.902111817569216e-14,1.0056125141875983e-14,-0.1128292642542027,-8.902111817569216e-14,-7.057866474469698e-16,2.8422925389096738e-05,-4.958863302655603e-15,0.0,0.0,0.5,0.0,0.0,0.0,-0.03955992025433136,4.728294099461211e-16,5.69779361034653e-07,0.0,40.81704279750637,40.81704406686633,40.81704406686633,40.81704279750637,0.5590901539796637,0.00014968413848246074,0.1128292642542027,0.5583069110878789,3.503502330534731e-14,0.02958366624533537,0.03588200002013764,MPC
37.016,0.5583236090351443,3.778837437365278e-14,0.5295836363195547,7.556414049889294e-05,1.696115146841846e-14,-1.313914085775249e-07,1.0323856483058465e-14,-0.11282390985369577,-8.943553212066436e-14,1.0323856483058465e-14,-0.11282390985369577,-8.943553212066436e-14,-4.806308293515588e-16,3.7407382404790026e-05,-1.6886597479334684e-15,0.0,0.0,0.5,0.0,0.0,0.0,-0.0395599900054831,1.8189999763259085e-15,4.7079928499650647e-07,0.0,40.81703027168254,40.81703132053373,40.81703132053373,40.81703027168254,0.5591068269516268,7.556425473091546e-05,0.11282390985369577,0.5583236090351443,3.778837437365278e-14,0.02958363631955474,0.04829399995287531,MPC
37.176,0.5583294916181537,4.041649547646888e-14,0.5295836270810265,1.2539140232093796e-05,1.6017677926757287e-14,-1.1501808289024357e-08,1.064731451345429e-14,-0.11281742981986595,-8.983449182015887e-14,1.064731451345429e-14,-0.11281742981986595,-8.983449182015887e-14,8.189246254118371e-15,4.2628557000601796e-05,-5.844758280250795e-15,0.0,0.0,0.5,0.0,0.0,0.0,-0.039560074357487096,-3.9476145148129416e-15,2.6347530324502544e-07,0.0,40.81701522146159,40.817015808434405,40.8170158084344,40.817015221461574,0.5591127008053521,1.2539145507238807e-05,0.11281742981986595,0.5583294916181537,4.041649547646888e-14,0.029583627081026465,0.06545600001572893,MPC
37.336,0.5583264532277896,4.284966012523603e-14,0.5295836347426299,-3.82827282794765e-05,1.4622356546070096e-14,8.441808850534341e-08,1.097487398854057e-14,-0.11281040250931472,-9.074063016482615e-14,1.097487398854057e-14,-0.11281040250931472,-9.074063016482615e-14,5.627511318861308e-15,4.449919354056471e-05,5.903078386756124e-15,0.0,0.0,0.5,0.0,0.0,0.0,-0.03956016572099047,-2.0570302255018684e-15,8.430486366471646e-08,0.0,40.816998869681086,40.81699905749628,40.81699905749628,40.816998869681086,0.5591096670766018,3.8282821355457806e-05,0.11281040250931472,0.5583264532277896,4.284966012523603e-14,0.029583634742629927,0.04449599998679332,MPC
37.496,0.558316478828587,4.501769059638034e-14,0.5295836554124944,-7.667304548971085e-05,1.275029393352151e-14,1.5621640682808492e-07,1.1269204233143106e-14,-0.11280331263036987,-9.008231511670835e-14,1.1269204233143106e-14,-0.11280331263036987,-9.008231511670835e-14,-1.545902670958334e-15,4.359823787147076e-05,-7.945765998017527e-15,0.0,0.0,0.5,0.0,0.0,0.0,-0.03956025741939717,2.704814360297911e-15,-6.799514777437732e-08,0.0,40.816982427298605,40.816982275818354,40.81698227581837,40.81698242729861,0.5590997077437238,7.667320462999465e-05,0.11280331263036987,0.558316478828587,4.501769059638034e-14,0.029583655412494414,0.0366740000572463,MPC
37.656,0.5583015199467385,4.68400291394288e-14,0.5295836855263858,-0.00010310899986999542,1.0442394058138016e-14,2.0632031583332794e-07,1.1475947329681014e-14,-0.11279655118017834,-8.951312825800974e-14,1.1475947329681014e-14,-0.11279655118017834,-8.951312825800974e-14,2.5570380090379656e-16,4.064494021470423e-05,4.685318311452643e-15,0.0,0.0,0.5,0.0,0.0,0.0,-0.03956034319455881,3.0339031578514924e-16,-1.274087670782853e-08,0.0,40.81696682677205,40.8169667983878,40.8169667983878,40.81696682677205,0.5590847714114225,0.0001031092062924715,0.11279655118017834,0.5583015199467385,4.68400291394288e-14,0.029583685526385795,0.028887999974358536,MPC
37.816,0.5582833972268144,4.827620968344951e-14,0.5295837215775695,-0.0001186143305828082,8.015632200197478e-15,2.3391692195151088e-07,1.1354436618708955e-14,-0.11279042516665037,-8.870932276602231e-14,1.1354436618708955e-14,-0.11279042516665037,-8.870932276602231e-14,-1.91470820846332e-15,3.567691321439059e-05,3.185578171922989e-15,0.0,0.0,0.5,0.0,0.0,0.0,-0.03956042059527859,2.4367551572209273e-15,1.0824329816500056e-07,0.0,40.81695267013767,40.816952911283124,40.81695291128314,40.816952670137674,0.5590666759890919,0.00011861456123399893,0.11279042516665037,0.5582833972268144,4.827620968344951e-14,0.0295837215775695,0.09201500006383867,MPC
37.976,0.5582637278805537,4.9334736178340475e-14,0.529583760127198,-0.00012460421192600032,5.6852908744982375e-15,2.411322812925894e-07,1.1264383255024095e-14,-0.11278512839717277,-8.837313014956365e-14,1.1264383255024095e-14,-0.11278512839717277,-8.837313014956365e-14,-1.5256196252862472e-15,3.099011040419455e-05,4.704752893190854e-15,0.0,0.0,0.5,0.0,0.0,0.0,-0.03956049011210627,2.1654433566556653e-15,-1.253329883470905e-07,0.0,40.81694033669122,40.816940057473175,40.816940057473175,40.81694033669122,0.5590470362414566,0.00012460444524364564,0.11278512839717277,0.5582637278805537,4.9334736178340475e-14,0.02958376012719799,0.019933999965360272,MPC
38.136,0.5582438806223159,5.0025167006951734e-14,0.529583798623433,-0.00012269475651473818,3.3492013347101495e-15,2.3669325011047985e-07,1.1376000911426221e-14,-0.112780775436396,-8.753597814382459e-14,1.1376000911426221e-14,-0.112780775436396,-8.753597814382459e-14,3.752062694331994e-17,2.4028225398272893e-05,4.3888890252234184e-15,0.0,0.0,0.5,0.0,0.0,0.0,-0.039560550023771957,-8.075437695957252e-16,-1.565723144365816e-08,0.0,40.81692936096024,40.81692932607891,40.81692932607891,40.81692936096024,0.5590272188304022,0.00012269498481969643,0.112780775436396,0.5582438806223159,5.0025167006951734e-14,0.029583798623432966,0.03879899998082692,MPC
38.296,0.5582249536750339,5.032726526902244e-14,0.5295838351491555,-0.00011462221947379064,9.826008576828588e-16,2.186371073286031e-07,1.1234535512176785e-14,-0.11277734208277247,-8.884582809131243e-14,1.1234535512176785e-14,-0.11277734208277247,-8.884582809131243e-14,3.63883333016075e-15,2.032104657642083e-05,-1.8433167252864303e-14,0.0,0.0,0.5,0.0,0.0,0.0,-0.039560594716643194,-4.352634017977841e-15,-4.627007785612536e-06,0.0,40.816926401031225,40.81691609293865,40.81691609293864,40.81692640103121,0.5590083203384598,0.00011462242799418678,0.11277734208277247,0.5582249536750339,5.032726526902244e-14,0.029583835149155524,0.06434800002352858,MPC
38.456,0.5582077708247363,5.0311999103255325e-14,0.529583867867824,-0.00010206894709864886,-7.600006438307936e-16,1.9553790003738565e-07,1.1391822771101169e-14,-0.112774978478714,-9.169371142817995e-14,1.1391822771101169e-14,-0.112774978478714,-9.169371142817995e-14,2.2882890972797265e-15,1.1839416806049061e-05,-1.9433999697537525e-14,0.0,0.0,0.5,0.0,0.0,0.0,-0.039560624670464284,-5.7287074199630754e-15,-2.3192704638047568e-07,0.0,40.816916078912726,40.816915562223414,40.81691556222341,40.81691607891271,0.5589911632996913,0.0001020691343986865,0.112774978478714,0.5582077708247363,5.0311999103255325e-14,0.029583867867823965,0.024660000008225325,MPC
38.616,0.5581928940035472,5.006970365299349e-14,0.5295838960138172,-8.66255491373404e-05,-1.8371462901660286e-15,1.613245883394528e-07,1.0532578221608797e-14,-0.11277349801094717,-9.071696986272012e-14,1.0532578221608797e-14,-0.11277349801094717,-9.071696986272012e-14,-5.769983023900125e-16,9.47011018774354e-06,1.4693070622007305e-14,0.0,0.0,0.5,0.0,0.0,0.0,-0.03956064068911508,3.570426020511548e-16,3.097648072439979e-07,0.0,40.81691257359006,40.816913263687084,40.816913263687084,40.81691257359006,0.5589763088176561,8.662569935630291e-05,0.11277349801094717,0.5581928940035472,5.006970365299349e-14,0.029583896013817168,0.025709999931677885,MPC
38.776,0.5581806454233355,4.97217022800974e-14,0.5295839189839786,-6.971665657151536e-05,-2.4393691520630797e-15,1.30384388528792e-07,1.0488141580332285e-14,-0.11277272545616136,-8.956262062758486e-14,1.0488141580332285e-14,-0.11277272545616136,-8.956262062758486e-14,-1.8367902362518047e-15,2.3272570723685956e-06,1.7160082341116893e-15,0.0,0.0,0.5,0.0,0.0,0.0,-0.039560652418990816,6.234915292030072e-16,-7.115716690354879e-07,0.0,40.8169115862842,40.816910001037975,40.816910001037975,40.8169115862842,0.55896407862014,6.971677849412857e-05,0.11277272545616136,0.5581806454233355,4.97217022800974e-14,0.029583918983978608,0.05201099997975689,MPC
38.936,0.5581711456245557,4.9278203973601017e-14,0.5295839364548507,-5.251448522955108e-05,-2.979843673713181e-15,9.633443492081827e-08,1.0308742037107929e-14,-0.11277266576157263,-8.830276195408348e-14,1.0308742037107929e-14,-0.11277266576157263,-8.830276195408348e-14,1.8958428666746493e-16,-3.089873600237452e-06,7.749919245279034e-15,0.0,0.0,0.5,0.0,0.0,0.0,-0.03956065316767926,-8.565177036194829e-16,-6.022325226215375e-07,0.0,40.81691132885883,40.81690998719941,40.81690998719941,40.81691132885883,0.5589545930610049,5.2514573589129426e-05,0.11277266576157263,0.5581711456245557,4.9278203973601017e-14,0.02958393645485069,0.02161000008982228,MPC
39.096000000000004,0.5581643408715733,4.874912438099908e-14,0.5295839487293355,-3.602456126325204e-05,-3.5236154339372327e-15,6.443553645797974e-08,1.0185560319737314e-14,-0.11277315178380619,-8.736000952051808e-14,1.0185560319737314e-14,-0.11277315178380619,-8.736000952051808e-14,6.14010135149802e-15,-4.752616185229183e-06,1.0157176950867701e-14,0.0,0.0,0.5,0.0,0.0,0.0,-0.039560646572578295,-5.06990895341835e-15,-2.9497278097520563e-07,0.0,40.816912181365396,40.816911524222185,40.81691152422218,40.81691218136539,0.5589477984955463,3.6024618889700385e-05,0.11277315178380619,0.5581643408715733,4.874912438099908e-14,0.029583948729335452,0.021112000013090437,MPC
39.256,0.558160043901612,4.815070928537894e-14,0.5295839563511469,-2.0981180879240826e-05,-3.838408013156692e-15,3.36472834361128e-08,9.867404271894006e-15,-0.1127740804892932,-8.640512014911664e-14,9.867404271894006e-15,-0.1127740804892932,-8.640512014911664e-14,-2.3163110453470844e-15,-7.80183050989456e-06,-5.200235761338324e-15,0.0,0.0,0.5,0.0,0.0,0.0,-0.03956063385312408,1.3896327876044917e-15,3.4724890422901944e-06,0.0,40.81691028902045,40.81691802506503,40.81691802506503,40.81691028902045,0.5589435079519539,2.0981207859108196e-05,0.1127740804892932,0.558160043901612,4.815070928537894e-14,0.029583956351146856,0.08030200001485355,MPC
39.416000000000004,0.558157971181309,4.752968077240711e-14,0.5295839595942713,-7.894301963939997e-06,-3.899886364306636e-15,1.0400663345779947e-08,9.841160629655881e-15,-0.1127751651626912,-8.712100591276792e-14,9.841160629655881e-15,-0.1127751651626912,-8.712100591276792e-14,-1.89999650892754e-15,-7.1905123357519675e-06,-5.129894680597877e-15,0.0,0.0,0.5,0.0,0.0,0.0,-0.03956061929585153,3.158436232419674e-16,8.277487882624168e-09,0.0,40.81691678500947,40.81691680345013,40.81691680345013,40.81691678500947,0.5589414383086214,7.894308815321638e-06,0.1127751651626912,0.558157971181309,4.752968077240711e-14,0.029583959594271292,0.02614699997138814,MPC
39.576,0.5581577804515995,4.692299566833394e-14,0.529583959339996,2.9528888407677196e-06,-3.676338940543906e-15,-9.185314138482753e-09,9.873712790452097e-15,-0.1127764681772556,-8.823205276596756e-14,9.873712790452097e-15,-0.1127764681772556,-8.823205276596756e-14,-2.2649355469611974e-15,-1.0433817124397405e-05,-6.524019404378143e-15,0.0,0.0,0.5,0.0,0.0,0.0,-0.03956060326169003,-6.128854630836655e-16,-3.6552868392866755e-07,0.0,40.81692010613336,40.816919291805036,40.816919291805036,40.81692010613336,0.5589412478327991,2.9529031267426216e-06,0.1127764681772556,0.5581577804515995,4.692299566833394e-14,0.029583959339996024,0.020558999949571444,MPC
39.736000000000004,0.5581590946465437,4.6377425393484195e-14,0.5295839562234126,1.1424217436371948e-05,-3.142601333092408e-15,-2.3106257601851202e-08,9.518991754303437e-15,-0.11277778178014894,-8.874922764988e-14,9.518991754303437e-15,-0.11277778178014894,-8.874922764988e-14,-2.4344850972125536e-15,-1.4438734670168993e-05,-3.1807330263721038e-15,0.0,0.0,0.5,0.0,0.0,0.0,-0.03956058690501918,1.7823005232384244e-15,-2.461365482889222e-07,0.0,40.816922936306895,40.81692238796152,40.81692238796152,40.816922936306895,0.5589425600206859,1.1424240803337664e-05,0.11277778178014894,0.5581590946465437,4.6377425393484195e-14,0.02958395622341259,0.07466800002475793,MPC
39.896,0.5581615205539014,4.594549654389634e-14,0.5295839505916595,1.72623054823004e-05,-2.426367807445055e-15,-3.641953103854949e-08,9.309783791124216e-15,-0.11277934791874236,-8.591124284689945e-14,9.309783791124216e-15,-0.11277934791874236,-8.591124284689945e-14,1.3369780444122935e-15,-7.113558319682157e-06,2.1795934884490167e-14,0.0,0.0,0.5,0.0,0.0,0.0,-0.0395605673685564,2.9238761114284177e-16,-1.1929560334716927e-07,0.0,40.81692633423243,40.81692606846453,40.81692606846453,40.81692633423243,0.5589449822296046,1.726234390071347e-05,0.11277934791874236,0.5581615205539014,4.594549654389634e-14,0.029583950591659525,0.02989699999034201,MPC
40.056,0.5581646658851294,4.5605299176927215e-14,0.5295839436833055,2.098821553666032e-05,-1.980116682072076e-15,-4.290518671942102e-08,9.468734919487675e-15,-0.11278037180918939,-8.565368451096345e-14,9.468734919487675e-15,-0.11278037180918939,-8.565368451096345e-14,1.286757176680979e-16,-4.3685965813911276e-07,-3.145662920580469e-14,0.0,0.0,0.5,0.0,0.0,0.0,-0.0395605511146479,3.662533109661848e-16,-5.743115066431104e-07,0.0,40.816929785625476,40.816928506168765,40.816928506168765,40.816929785625476,0.5589481227864668,2.098825939110619e-05,0.11278037180918939,0.5581646658851294,4.5605299176927215e-14,0.029583943683305525,0.03312500007268682,MPC
40.216,0.5581682752506332,4.532396222243823e-14,0.529583937397903,2.349072707281261e-05,-1.5832712513692187e-15,-4.039779045196935e-08,1.0045268042714226e-14,-0.11278109198002109,-9.234559311827809e-14,1.0045268042714226e-14,-0.11278109198002109,-9.234559311827809e-14,1.2703932264791141e-15,-2.9067440596571334e-05,-6.606535067105765e-14,0.0,0.0,0.5,0.0,0.0,0.0,-0.0395605424212877,-4.23633384446166e-15,2.0884616893332084e-05,0.0,40.816907457305746,40.81695398425669,40.816953984256685,40.81690745730573,0.5589517267602182,2.3490761809503854e-05,0.11278109198002109,0.5581682752506332,4.532396222243823e-14,0.029583937397902993,0.16333500002474466,MPC
40.376,0.5581721396595569,4.517826371451459e-14,0.5295839305764865,2.4304876927677215e-05,-2.1787167103110904e-16,-4.5484677109367014e-08,1.0478076918840069e-14,-0.11278231062704898,-1.0513851458708255e-13,1.0478076918840069e-14,-0.11278231062704898,-1.0513851458708255e-13,-2.2335021264398022e-15,-7.664009120206236e-06,-8.298359163307184e-14,0.0,0.0,0.5,0.0,0.0,0.0,-0.03956052831804063,-2.7464983492047255e-15,1.0256977603373407e-07,0.0,40.81693316146432,40.816933389970245,40.81693338997024,40.816933161464306,0.5589555853916144,2.430491948814865e-05,0.11278231062704898,0.5581721396595569,4.517826371451459e-14,0.02958393057648645,0.07295099999282684,MPC
40.536,0.5581759490256036,4.5402954649190677e-14,0.5295839226680222,2.3250925355113528e-05,2.8791693558995755e-15,-4.70608469699799e-08,1.128697780453221e-14,-0.11278322069732549,-1.2247982064459002e-13,1.128697780453221e-14,-0.11278322069732549,-1.2247982064459002e-13,-6.82531087617085e-16,2.0728463538224323e-06,-1.466160992727646e-13,0.0,0.0,0.5,0.0,0.0,0.0,-0.03956051417757134,-6.86280773345559e-15,2.5219960024178145e-07,0.0,40.816935556470156,40.81693611832286,40.816936118322836,40.81693555647014,0.5589593889998278,2.3250972981627643e-05,0.11278322069732549,0.5581759490256036,4.5402954649190677e-14,0.029583922668022233,0.04264100005002547,MPC
40.696,0.5581795085098785,4.631795866815253e-14,0.5295839164843543,2.1607406084231222e-05,7.99009196979483e-15,-3.725911528612717e-08,1.2126461610744709e-14,-0.11278313572058324,-1.4533580203540395e-13,1.2126461610744709e-14,-0.11278313572058324,-1.4533580203540395e-13,-1.4478925009216012e-15,-7.432142314321369e-07,-1.557409335942674e-13,0.0,0.0,0.5,0.0,0.0,0.0,-0.03956051642041136,-6.01883811759586e-15,-3.830103930454326e-07,0.0,40.81693585772203,40.816935004447785,40.81693500444777,40.816935857722015,0.5589629431678659,2.1607438208416665e-05,0.11278313572058324,0.5581795085098785,4.631795866815253e-14,0.029583916484354322,0.023485999918193556,MPC
40.856,0.5581827612171493,4.8250159568984816e-14,0.5295839108346436,1.9227509458466574e-05,1.503378693252574e-14,-3.9525054163225726e-08,1.3990225370909889e-14,-0.11278430772159041,-1.705499241628693e-13,1.3990225370909889e-14,-0.11278430772159041,-1.705499241628693e-13,-3.464864549086444e-15,-5.318457601969514e-06,-1.530419220461608e-13,0.0,0.0,0.5,0.0,0.0,0.0,-0.039560503093701405,-5.320681919640227e-15,8.675747133549128e-08,0.0,40.81693774870439,40.81693794198352,40.81693794198351,40.81693774870438,0.5589661910171967,1.9227550083287474e-05,0.11278430772159041,0.5581827612171493,4.8250159568984816e-14,0.029583910834643623,0.043591000007836556,MPC
41.016,0.5581854887317164,5.14587956178688e-14,0.529583904742202,1.5529253129659974e-05,2.3696216747420782e-14,-3.166763687019324e-08,1.5213880157530226e-14,-0.1127845971015149,-1.9274968781581988e-13,1.5213880157530226e-14,-0.1127845971015149,-1.9274968781581988e-13,-4.605561550046607e-15,-1.9358853650360843e-07,-1.363747487182535e-13,0.0,0.0,0.5,0.0,0.0,0.0,-0.03956049842987164,-1.2693468417886169e-15,4.397818875855747e-07,0.0,40.816938200365485,40.81693918011581,40.81693918011581,40.816938200365485,0.5589689143865343,1.5529285418340377e-05,0.1127845971015149,0.5581854887317164,5.14587956178688e-14,0.02958390474220196,0.09322300002168049,MPC
41.176,0.558187615005732,5.622607290258049e-14,0.5295839001956175,1.1812682826759377e-05,3.40710533759931e-14,-2.3364552698556483e-08,1.6759312274168242e-14,-0.1127845526901659,-2.1492288340394745e-13,1.6759312274168242e-14,-0.1127845526901659,-2.1492288340394745e-13,-2.4437090976243972e-15,3.086227259267246e-07,-1.427227740855188e-13,0.0,0.0,0.5,0.0,0.0,0.0,-0.039560498978196634,2.5829602218660146e-15,-3.4752377954007374e-07,0.0,40.81693897801482,40.81693820379799,40.816938203797996,40.81693897801483,0.5589710374398404,1.1812705933355774e-05,0.1127845526901659,0.558187615005732,5.622607290258049e-14,0.02958390019561752,0.03962799996770627,MPC
41.336,0.5581891608152036,6.271453535796095e-14,0.5295838967659764,8.241994675788666e-06,4.47735563285369e-14,-2.2101325610334032e-08,1.9747607265268325e-14,-0.11278453985856851,-2.393199911184758e-13,1.9747607265268325e-14,-0.11278453985856851,-2.393199911184758e-13,-1.6912687560008182e-15,6.060080315057392e-07,-1.4695770542873456e-13,0.0,0.0,0.5,0.0,0.0,0.0,-0.03956049663413669,1.4677232700740006e-15,1.913687373948647e-07,0.0,40.816938802388385,40.81693922872151,40.81693922872151,40.816938802388385,0.5589725809012829,8.242024308646659e-06,0.11278453985856851,0.5581891608152036,6.271453535796095e-14,0.029583896765976392,0.03163499991387653,MPC
41.496,0.5581901599988381,7.083628956950181e-14,0.5295838952149942,5.0028078612201034e-06,5.4588425433791965e-14,-4.981352733841734e-09,2.2913295025153796e-14,-0.11278420255834103,-2.629408457685181e-13,2.2913295025153796e-14,-0.11278420255834103,-2.629408457685181e-13,-5.4583220979851454e-15,2.1829779091168163e-06,-1.6050988014819146e-13,0.0,0.0,0.5,0.0,0.0,0.0,-0.039560505965329784,4.74933131067895e-15,-5.091818588986996e-08,0.0,40.81693738183942,40.8169372684034,40.816937268403414,40.81693738183943,0.5589735786024419,5.002810341214298e-06,0.11278420255834103,0.5581901599988381,7.083628956950181e-14,0.02958389521499416,0.044743999978891225,MPC
41.656,0.5581906972064347,8.044305076087455e-14,0.5295838944430935,2.3094723830380627e-06,6.357095657610018e-14,-2.93471063007305e-09,2.5675078972074813e-14,-0.11278398431900002,-2.827943595016175e-13,2.5675078972074813e-14,-0.11278398431900002,-2.827943595016175e-13,-5.44816042983621e-16,2.7817462875086453e-06,-1.1584325104029904e-13,0.0,0.0,0.5,0.0,0.0,0.0,-0.03956050557108448,4.610223541862228e-15,-1.452903788737303e-07,0.0,40.816937558382314,40.81693723470301,40.81693723470302,40.81693755838233,0.5589741150162731,2.3094742476464195e-06,0.11278398431900002,0.5581906972064347,8.044305076087455e-14,0.029583894443093506,0.024125999971147394,MPC
41.816,0.5581908474997141,9.139079930909853e-14,0.5295838947276119,1.1429767846843584e-07,7.139084215624689e-14,4.070428476015552e-09,2.9143714707996354e-14,-0.11278360803365214,-2.95581326320974e-13,2.9143714707996354e-14,-0.11278360803365214,-2.95581326320974e-13,7.012323230638701e-14,2.683196686316189e-06,-1.024232256901475e-13,0.0,0.0,0.5,0.0,0.0,0.0,-0.03956051187862397,-4.510194048835807e-14,-5.075411770912724e-07,0.0,40.816936819225084,40.816935688519955,40.816935688519855,40.816936819224985,0.5589742651139707,1.1437013461239519e-07,0.11278360803365214,0.5581908474997141,9.139079930909853e-14,0.029583894727611915,0.0330560000065816,MPC
41.976,0.5581907076901836,1.0297884864554332e-13,0.5295838954030176,-1.4738224241200633e-06,7.25278317824274e-14,5.417235758693365e-09,3.9064940809379954e-14,-0.11278340369660282,-3.732367238528878e-13,3.9064940809379954e-14,-0.11278340369660282,-3.732367238528878e-13,-5.216159073822971e-14,4.61461555772881e-06,-6.531513363586853e-13,0.0,0.0,0.5,0.0,0.0,0.0,-0.039560513855224466,4.3768270073496825e-17,-1.2488525728132638e-07,0.0,40.81693603490296,40.816935756682376,40.816935756682376,40.81693603490296,0.5589741255361331,1.4738323799816619e-06,0.11278340369660282,0.5581907076901836,1.0297884864554332e-13,0.029583895403017646,0.03340900002513081,MPC
42.136,0.5581903608633942,1.151842728997071e-13,0.5295838969060334,-2.503858170185936e-06,8.0725724278771e-14,1.2289968303644287e-08,4.102806202225451e-14,-0.11278285112661036,-4.696900508788091e-13,4.102806202225451e-14,-0.11278285112661036,-4.696900508788091e-13,-4.679146025234375e-14,2.454610467754897e-06,-4.860795587300551e-13,0.0,0.0,0.5,0.0,0.0,0.0,-0.03956052126760873,3.871586694535969e-15,-9.254771735946188e-08,0.0,40.81693465605878,40.81693444988008,40.816934449880094,40.816934656058784,0.5589737792749792,2.5038883321202197e-06,0.11278285112661036,0.5581903608633942,1.151842728997071e-13,0.029583896906033358,0.0202200000103403,MPC
42.296,0.5581899220094007,1.2990697593304488e-13,0.529583899051838,-2.831136815367663e-06,1.0069880826185255e-13,1.0796851522204967e-08,4.442617751617859e-14,-0.11278255190018566,-5.394306959098404e-13,4.442617751617859e-14,-0.11278255190018566,-5.394306959098404e-13,2.8473542891130648e-15,1.703066133934548e-06,-4.835980506247421e-13,0.0,0.0,0.5,0.0,0.0,0.0,-0.03956052212997435,-1.9896303993852914e-14,-2.8065757494595556e-07,0.0,40.816934709369626,40.816934084117975,40.81693408411793,40.81693470936958,0.5589733411496206,2.831157402782995e-06,0.11278255190018566,0.5581899220094007,1.2990697593304488e-13,0.029583899051838003,0.02287799998157425,MPC
42.456,0.5581894715695627,1.4824941398620268e-13,0.5295839013146599,-2.769393016368436e-06,1.2331745453857674e-13,1.3309840647172903e-08,5.689780692339434e-14,-0.11278238484036524,-6.38801300111905e-13,5.689780692339434e-14,-0.11278238484036524,-6.38801300111905e-13,-3.170455381125046e-14,9.61583605772544e-07,-9.5185328250038e-13,0.0,0.0,0.5,0.0,0.0,0.0,-0.039560526553801656,-1.987844663577223e-14,-1.253651571771902e-07,0.0,40.81693373497066,40.81693345568095,40.81693345568092,40.81693373497062,0.5589728914608499,2.769425000061986e-06,0.11278238484036524,0.5581894715695627,1.4824941398620268e-13,0.029583901314659933,0.058329000012236065,MPC
42.616,0.5581890510562992,1.7033037350605464e-13,0.5295839034359575,-2.525091467601446e-06,1.502406191656226e-13,1.2676021091496906e-08,6.915370814281686e-14,-0.11278232461830788,-8.525386614604427e-13,6.915370814281686e-14,-0.11278232461830788,-8.525386614604427e-13,-1.0429860557866441e-13,1.137657557976909e-06,-1.4860096240439456e-12,0.0,0.0,0.5,0.0,0.0,0.0,-0.039560528130475114,1.3693845100290615e-14,-2.8089582808712987e-07,0.0,40.81693362258774,40.816932996805306,40.816932996805335,40.81693362258777,0.5589724716492217,2.525123284369371e-06,0.11278232461830788,0.5581890510562992,1.7033037350605464e-13,0.029583903435957515,0.030110000011518423,MPC
42.776,0.5581886790161248,1.9862604523334006e-13,0.5295839052862357,-2.175370547655951e-06,1.9752269723167342e-13,1.4540067525175523e-08,8.55014252436641e-14,-0.11278224474042188,-1.1098266811380409e-12,8.55014252436641e-14,-0.11278224474042188,-1.1098266811380409e-12,2.240431720275781e-14,3.461329876173735e-07,-1.6105574106428794e-12,0.0,0.0,0.5,0.0,0.0,0.0,-0.039560531583737346,-9.144800760334771e-14,4.2614297247195454e-08,0.0,40.81693263663738,40.81693273157392,40.81693273157372,40.81693263663718,0.5589721002284026,2.1754191396539264e-06,0.11278224474042188,0.5581886790161248,1.9862604523334006e-13,0.029583905286235668,0.021278999952301092,MPC
42.936,0.5581883727358864,2.3687747055180475e-13,0.5295839070178704,-1.7322498952457486e-06,2.719764626874631e-13,1.047400559880171e-08,9.539837078437912e-14,-0.11278219599027127,-1.5040806348587674e-12,9.539837078437912e-14,-0.11278219599027127,-1.5040806348587674e-12,-3.8439688285183947e-13,-3.553831579448355e-08,-4.372734642190233e-12,0.0,0.0,0.5,0.0,0.0,0.0,-0.03956052981966579,2.297660489565867e-13,9.927566061926352e-08,0.0,40.81693289309984,40.816933114267115,40.81693311426763,40.81693289310035,0.5589717944690759,1.7322815603625944e-06,0.11278219599027127,0.5581883727358864,2.3687747055180475e-13,0.029583907017870392,0.046919999931560596,MPC
43.096000000000004,0.5581881403933675,2.931978430369774e-13,0.5295839082733859,-1.2736081509739467e-06,4.1907715022989985e-13,9.912021551924263e-09,1.7968172310727488e-13,-0.11278221737323132,-2.7700862875119027e-12,1.7968172310727488e-13,-0.11278221737323132,-2.7700862875119027e-12,-5.375145110933713e-14,1.1289790514408322e-07,-1.0092080036129494e-11,0.0,0.0,0.5,0.0,0.0,0.0,-0.03956053059218606,-2.287983730650481e-13,1.7398370952270703e-08,0.0,40.81693284435454,40.816932883114795,40.81693288311428,40.81693284435402,0.5589715625186435,1.2736467211902588e-06,0.11278221737323132,0.5581881403933675,2.931978430369774e-13,0.02958390827338586,0.0264450000031502,MPC
43.256,0.5581879784963903,3.827919652569097e-13,0.5295839094226559,-8.419170897348504e-07,6.772166200686064e-13,9.227949050034715e-09,2.9137505308164273e-13,-0.1127822244915008,-4.694350303443957e-12,2.9137505308164273e-13,-0.1127822244915008,-4.694350303443957e-12,-2.9761455531230816e-13,2.474012555808052e-07,-1.3466696006428297e-11,0.0,0.0,0.5,0.0,0.0,0.0,-0.03956053115347363,-3.080139477828709e-13,-1.649524800535762e-07,0.0,40.81693294579358,40.81693257831086,40.81693257831017,40.8169329457929,0.5589714009093977,8.419676603241533e-07,0.1127822244915008,0.5581879784963903,3.827919652569097e-13,0.029583909422655874,0.022742000055586686,MPC
43.416000000000004,0.558187882764769,5.297091822451041e-13,0.5295839103470089,-4.409958300866533e-07,1.0990184410469612e-12,3.4495036918365236e-09,4.5472082520338887e-13,-0.11278224658545137,-7.231957684418748e-12,4.5472082520338887e-13,-0.11278224658545137,-7.231957684418748e-12,-1.1583677589355551e-12,9.491568127877511e-08,-1.828540161421381e-11,0.0,0.0,0.5,0.0,0.0,0.0,-0.03956052710969765,-3.034400417634671e-14,-1.225663540001254e-07,0.0,40.81693363114728,40.816933358092776,40.816933358092705,40.81693363114721,0.5589713053608704,4.4100932102478765e-07,0.11278224658545137,0.558187882764769,5.297091822451041e-13,0.029583910347008913,0.07609099998262536,MPC
43.576,0.5581878466053813,7.627859583578552e-13,0.529583911019027,-8.739191374628286e-08,1.7309338516797885e-12,2.507301001288963e-09,6.914258778894341e-13,-0.11278226803757453,-1.0716691875770293e-11,6.914258778894341e-13,-0.11278226803757453,-1.0716691875770293e-11,-9.704492016160885e-13,-4.50931867559353e-07,-2.7637638216245224e-11,0.0,0.0,0.5,0.0,0.0,0.0,-0.03956052697172002,-5.978235138575739e-13,1.6637678518227617e-07,0.0,40.8169333342887,40.81693370494451,40.81693370494318,40.81693333428737,0.5589712692877287,8.742787398504517e-08,0.11278226803757453,0.5581878466053813,7.627859583578552e-13,0.02958391101902702,0.06303299994669942,MPC
43.736000000000004,0.5581878620144394,1.1206810381659951e-12,0.5295839117312169,2.0540932350410598e-07,2.620855950016635e-12,3.575506376256993e-09,1.1159119345536054e-12,-0.1127823272572772,-1.6712371333244933e-11,1.1159119345536054e-12,-0.1127823272572772,-1.6712371333244933e-11,-2.243154115849218e-12,-3.0622397405594527e-07,-4.6024308457872844e-11,0.0,0.0,0.5,0.0,0.0,0.0,-0.039560528602457345,-6.981959362287451e-13,1.3029974693483382e-07,0.0,40.81693307905177,40.816933369334805,40.81693336933325,40.816933079050216,0.5589712847128834,2.0544044011618063e-07,0.1127823272572772,0.5581878620144394,1.1206810381659951e-12,0.029583911731216883,0.020692000020972046,MPC
43.896,0.5581879153595766,1.6653936058332873e-12,0.5295839120089667,4.136982803768071e-07,4.0219833414772986e-12,4.124328374564006e-11,1.6462449700443e-12,-0.11278233601374321,-2.5687119463053582e-11,1.6462449700443e-12,-0.11278233601374321,-2.5687119463053582e-11,-3.646326885059838e-12,4.962698718478962e-07,-6.427007764979249e-11,0.0,0.0,0.5,0.0,0.0,0.0,-0.039560525841512095,-6.858527451911873e-13,-5.685557197578073e-07,0.0,40.816934357681475,40.81693309104756,40.816933091046025,40.81693435767995,0.5589713379979551,4.1369828245221434e-07,0.11278233601374321,0.5581879153595766,1.6653936058332873e-12,0.029583912008966706,0.03449099995123106,MPC
44.056,0.5581879994040088,2.5155489407762285e-12,0.5295839122348233,5.902601340202203e-07,6.3245002526139914e-12,-3.1687113797149927e-09,2.0894647211586162e-12,-0.11278237856840477,-3.595447020482885e-11,2.0894647211586162e-12,-0.11278237856840477,-3.595447020482885e-11,-3.760578003203734e-12,-1.5519288745663813e-08,-6.375579926421351e-11,0.0,0.0,0.5,0.0,0.0,0.0,-0.03956052330750376,-3.5308775128658117e-13,-2.105313021763533e-07,0.0,40.81693441793546,40.816933948911796,40.81693394891101,40.816934417934675,0.5589714219365489,5.902686393375271e-07,0.11278237856840477,0.5581879994040088,2.5155489407762285e-12,0.029583912234823262,0.032363000059376645,MPC
44.216,0.5581881044989127,3.83206299641235e-12,0.5295839124723772,6.912128618231339e-07,9.623823805335658e-12,7.479263696598544e-10,2.6849955910164945e-12,-0.11278242326784978,-4.640772678556358e-11,2.6849955910164945e-12,-0.11278242326784978,-4.640772678556358e-11,2.2170483959064694e-12,-2.7683251934709934e-07,-6.546707191243683e-11,0.0,0.0,0.5,0.0,0.0,0.0,-0.03956052691259654,-3.89624803408788e-12,9.859572245446424e-09,0.0,40.81693351934843,40.81693354131368,40.816933541305,40.81693351933975,0.5589715268967305,6.912132665366017e-07,0.11278242326784978,0.5581881044989127,3.83206299641235e-12,0.02958391247237724,0.0541599999905884,MPC
44.376,0.5581882190852815,5.734669583442978e-12,0.529583912423283,7.239114981114728e-07,1.3193702473273614e-11,3.7188301632475723e-09,3.038154865473538e-12,-0.11278245832133643,-6.191093198968306e-11,3.038154865473538e-12,-0.11278245832133643,-6.191093198968306e-11,-1.1925653392725328e-10,2.751581626807037e-08,-2.8175918906773103e-10,0.0,0.0,0.5,0.0,0.0,0.0,-0.03956052941786009,8.322184224689258e-11,-1.7305288113091122e-07,0.0,40.81693326914636,40.81693288361748,40.816932883802885,40.81693326933176,0.5589716413199034,7.239210502325883e-07,0.11278245832133643,0.5581882190852815,5.734669583442978e-12,0.029583912423282954,0.02781299997423048,MPC
44.536,0.5581883340100087,8.322497806714371e-12,0.5295839122642161,7.089910989210628e-07,1.9677333140398673e-11,-1.0121801941831226e-09,1.4032417229293916e-11,-0.11278248474387989,-2.0348966658383526e-10,1.4032417229293916e-11,-0.11278248474387989,-2.0348966658383526e-10,-2.1904372896802686e-10,-2.2567951860879044e-07,-1.2308805513183472e-09,0.0,0.0,0.5,0.0,0.0,0.0,-0.03956052519107395,1.1088187933274987e-10,2.4164942739532402e-08,0.0,40.81693381515579,40.81693386899069,40.81693386923771,40.81693381540281,0.55897175607514,7.089918217054687e-07,0.11278248474387989,0.5581883340100087,8.322497806714371e-12,0.029583912264216083,0.023732000045129098,MPC
44.696,0.5581884423164567,1.3682643022873044e-11,0.5295839121681393,6.494030529007694e-07,4.638435850428621e-11,-3.5165363854036996e-09,1.529851701390019e-11,-0.11278251340219743,-1.187451444512672e-10,1.529851701390019e-11,-0.11278251340219743,-1.187451444512672e-10,1.1131381545655913e-09,-3.983079423388963e-07,4.379477870022841e-09,0.0,0.0,0.5,0.0,0.0,0.0,-0.039560522941751664,-8.02425216631868e-10,2.0870904433346882e-07,0.0,40.816934018094486,40.8169344830585,40.816934481270856,40.81693401630684,0.5589718642247071,6.494125755607895e-07,0.11278251340219743,0.5581884423164567,1.3682643022873044e-11,0.02958391216813927,0.07903300001999014,MPC
44.856,0.5581885366583765,1.9062927657471126e-11,0.5295839120754785,5.446085897756327e-07,2.668334909601754e-12,-1.5567165070982965e-09,-9.506327471480494e-11,-0.112782535964178,1.5858671697665033e-09,-9.506327471480494e-11,-0.112782535964178,1.5858671697665033e-09,1.3997893282255775e-10,5.445449343981596e-07,1.6125867099412762e-08,0.0,0.0,0.5,0.0,0.0,0.0,-0.0395605245341179,3.3913520945545035e-10,-3.708375066590469e-07,0.0,40.81693437391045,40.81693354775508,40.8169335485106,40.816934374665976,0.5589719584294989,5.446108146473102e-07,0.11278253596417802,0.5581885366583765,1.9062927657471126e-11,0.029583912075478502,0.019426999983807036,MPC
45.016,0.5581886118159902,9.48075689250729e-13,0.5295839120009264,4.2016458203592317e-07,-2.2400010477293365e-10,3.2069331689986975e-09,-1.6039054696001232e-10,-0.1127825389040219,4.040347707293241e-09,-1.6039054696001232e-10,-0.1127825389040219,4.040347707293241e-09,1.6004955709130828e-09,-1.5460849571022344e-07,1.3193472737298222e-08,0.0,0.0,0.5,0.0,0.0,0.0,-0.039560528555311725,-5.493593930859988e-10,1.3830510778300997e-07,0.0,40.81693307928659,40.81693338740404,40.816933386180175,40.816933078062725,0.5589720334778304,4.2017688012766645e-07,0.11278253890402197,0.5581886118159902,9.48075689250729e-13,0.02958391200092636,0.059127999975316925,MPC
45.176,0.5581886679311572,-5.728483342666753e-11,0.529583911733204,3.0558293029761233e-07,-2.690345746452345e-10,-1.2341767576099214e-09,-8.610758917356062e-09,-0.1127825309759686,6.49318716520814e-08,-8.610758917356062e-09,-0.1127825309759686,6.49318716520814e-08,4.5264637149919493e-08,-1.2652832733264797e-07,8.708947404279786e-07,0.0,0.0,0.5,0.0,0.0,0.0,-0.039560524469107794,6.049178584024397e-09,1.0370553304994701e-07,0.0,40.81693385073142,40.816934081767606,40.81693409524402,40.81693386420783,0.5589720895001804,3.0558554098835695e-07,0.11278253097598763,0.5581886679311572,-5.728483342666753e-11,0.02958391173320396,0.03921099994386168,MPC
45.336,0.5581887074351565,-4.0949433992038335e-10,0.5295839117158484,2.0961629431013354e-07,-7.044716405616222e-09,-2.8294976977502175e-09,-2.0530634793455214e-08,-0.11278252390302933,2.7786068411377275e-07,-2.0530634793455214e-08,-0.11278252390302933,2.7786068411377275e-07,-3.8995858753686504e-08,9.730518665782099e-08,2.8344185008772056e-06,0.0,0.0,0.5,0.0,0.0,0.0,-0.039560523080102106,1.1268246694271276e-07,-6.006088225894712e-08,0.0,40.81693416600375,40.81693403219954,40.81693428323462,40.81693441703883,0.5589721289478947,2.09753724464596e-07,0.11278252390337348,0.5581887074351565,-4.0949433992038335e-10,0.0295839117158484,0.019574000020838866,MPC
45.496,0.5581887324571084,-4.533748256767861e-09,0.5295839117301614,1.2176641875387318e-07,-4.4958119023138485e-08,1.969979035916088e-09,-3.124024126419548e-08,-0.11278252054883657,6.826339181871561e-07,-3.124024126419548e-08,-0.11278252054883657,6.826339181871561e-07,2.2017178687848623e-07,2.931597124353797e-07,2.2898951440198e-06,0.0,0.0,0.5,0.0,0.0,0.0,-0.03956052722097886,-4.825831896656442e-08,-1.7980012819579505e-07,0.0,40.816933728495755,40.816933327935295,40.81693322042495,40.81693362098541,0.5589721539355349,1.2981592359816354e-07,0.11278252055090678,0.5581887324571084,-4.533748256767861e-09,0.029583911730161394,0.022852999904898752,MPC
45.656,0.5581887446990259,-1.9426997063696164e-08,0.5295839116178123,4.8123574099663304e-08,-1.3072162453584462e-07,2.059137287900176e-09,-4.5343155116108376e-08,-0.11278251181357049,1.0246748601853736e-06,-4.5343155116108376e-08,-0.11278251181357049,1.0246748601853736e-06,1.7070586084707666e-07,6.609435532205073e-08,2.3270792516014526e-06,0.0,0.0,0.5,0.0,0.0,0.0,-0.03956052718526998,-1.8470887535618794e-08,-2.536053408767891e-08,0.0,40.816933529753385,40.81693347325494,40.816933432105316,40.816933488603766,0.5589721661543491,1.3931353685764546e-07,0.1127825118182344,0.5581887446990259,-1.9426997063696164e-08,0.029583911617812264,0.16889200003333826,MPC
45.816,0.5581887463661814,-5.202441226326537e-08,0.5295839115250649,-1.3108169604420796e-08,-2.5818233274344975e-07,-2.0484447015447977e-09,-6.163329127677904e-08,-0.11278250368488466,1.4298544679260564e-06,-6.163329127677904e-08,-0.11278250368488466,1.4298544679260564e-06,1.37396470186746e-07,2.5818469499715525e-08,2.8414321263163764e-06,0.0,0.0,0.5,0.0,0.0,0.0,-0.03956052356083356,-3.2298892788260715e-08,3.413359180373665e-09,0.0,40.81693416970589,40.8169341773102,40.81693410535441,40.8169340977501,0.5589721678142614,2.585229915828048e-07,0.11278250369396534,0.5581887463661814,-5.202441226326537e-08,0.0295839115250649,0.11428699997395597,MPC
45.976,0.5581887395849943,-1.0816503078773192e-07,0.5295839115776938,-5.84285021421005e-08,-4.1564248993652914e-07,-2.6208409830753728e-09,-1.0095896053398856e-07,-0.11278249247725959,1.889106961137979e-06,-1.0095896053398856e-07,-0.11278249247725959,1.889106961137979e-06,1.0278801720197309e-07,-1.2589785973821611e-08,3.4915207677547504e-06,0.0,0.0,0.5,0.0,0.0,0.0,-0.039560523121327795,1.5971921861923264e-08,1.5199279005534416e-08,0.0,40.81693418242901,40.81693421629011,40.81693425187252,40.81693421801142,0.5589721610453717,4.197373441935632e-07,0.11278249249312605,0.5581887395849943,-1.0816503078773192e-07,0.0295839115776938,0.020991000042158703,MPC
46.136,0.55818872758098,-1.910466308041977e-07,0.5295839116808689,-8.451036931012315e-08,-5.891379563511721e-07,2.5329678359178915e-09,-1.4517707214156242e-07,-0.11278248661472882,2.4260677547574157e-06,-1.4517707214156242e-07,-0.11278248661472882,2.4260677547574157e-06,1.1792827736727851e-07,-4.3219646006111414e-08,3.374066335817989e-06,0.0,0.0,0.5,0.0,0.0,0.0,-0.0395605276557332,1.674297322057148e-08,3.789319232873345e-08,0.0,40.816933334841025,40.81693341925984,40.816933456559994,40.81693337214118,0.5589721490636644,5.951738822063907e-07,0.11278248664091588,0.55818872758098,-1.910466308041977e-07,0.029583911680868935,0.036353000041344785,MPC
46.296,0.558188712249208,-3.03752560080058e-07,0.5295839116442004,-1.0251561483846351e-07,-7.831710960219736e-07,6.660668103166224e-10,-1.8633175325753445e-07,-0.11278248044784904,2.9115187218537915e-06,-1.8633175325753445e-07,-0.11278248044784904,2.9115187218537915e-06,4.2986183757655474e-08,1.5911710437190524e-07,2.191600356311761e-06,0.0,0.0,0.5,0.0,0.0,0.0,-0.039560526013908415,2.6983835537760994e-08,-1.0520898754452779e-07,0.0,40.81693378026791,40.816933545882314,40.81693360599716,40.81693384038276,0.5589721337514897,7.898524296189531e-07,0.11278248048558388,0.558188712249208,-3.03752560080058e-07,0.029583911644200378,0.019272999907116173,MPC
46.456,0.5581886796832659,-4.490413370036316e-07,0.529583910110362,-3.792970033442947e-07,-9.927333859634146e-07,-1.4638187434206933e-08,-2.449222151472981e-07,-0.1127829276453494,3.521166337034046e-06,-2.449222151472981e-07,-0.1127829276453494,3.521166337034046e-06,4.371781342190931e-08,-1.9214706258239075e-06,4.121107512100143e-06,0.0,0.0,0.5,0.0,0.0,0.0,-0.03956052119987541,5.682606160053816e-10,-2.313748540556243e-07,0.0,40.81693482233654,40.81693430687741,40.81693430814339,40.816934823602516,0.5589721011501086,1.0628264528528195e-06,0.11278292770058204,0.5581886796832659,-4.490413370036316e-07,0.02958391011036199,0.07834999996703118,MPC
46.616,0.5581885416191049,-6.284981693844725e-07,0.5295839076059881,-1.2296373972066319e-06,-1.2085232206126667e-06,-1.524917517969835e-08,-3.1144358793156787e-07,-0.11278311664979364,4.182908978548654e-06,-3.1144358793156787e-07,-0.11278311664979364,4.182908978548654e-06,3.713576255299775e-08,-1.0871109744187088e-07,4.083687937942178e-06,0.0,0.0,0.5,0.0,0.0,0.0,-0.03956051816978812,2.9547578572279956e-10,-1.2718392099902998e-08,0.0,40.81693512800677,40.81693509967261,40.81693510033087,40.81693512866503,0.5589719631470776,1.7241719869876014e-06,0.11278311672779168,0.5581885416191049,-6.284981693844725e-07,0.029583907605988058,0.02442699997118325,MPC
46.776,0.558188250001454,-8.438253029689896e-07,0.5295839053215953,-2.212560678324547e-06,-1.44405227464048e-06,-1.3738505473209237e-08,-3.7070874505496716e-07,-0.11278308508845458,4.8657819202454055e-06,-3.7070874505496716e-07,-0.11278308508845458,4.8657819202454055e-06,-4.6224655541774426e-07,5.21270683580889e-07,3.1380722285811266e-06,0.0,0.0,0.5,0.0,0.0,0.0,-0.03956051718390452,2.6693960615345117e-07,2.8369292855330575e-07,0.0,40.81693467941868,40.81693531143253,40.81693590612316,40.81693527410931,0.5589716718175214,2.6421393743886716e-06,0.11278308519402563,0.558188250001454,-8.438253029689896e-07,0.029583905321595272,0.024617000008220202,MPC
46.936,0.5581878135658509,-1.0983801849746872e-06,0.5295839037217552,-3.0398914708560226e-06,-1.6887331616500007e-06,-7.491520025906103e-09,-4.62142523823649e-07,-0.1127829428715786,5.6310126654250255e-06,-4.62142523823649e-07,-0.1127829428715786,5.6310126654250255e-06,-9.067852307481488e-08,9.486133579392696e-07,5.421043576889575e-06,0.0,0.0,0.5,0.0,0.0,0.0,-0.03956052095493634,2.605957851581038e-08,2.7078808309717595e-07,0.0,40.81693427895294,40.81693488221724,40.81693494027302,40.816934337008725,0.5589712359093709,3.477472640972449e-06,0.1127829430130977,0.5581878135658509,-1.0983801849746872e-06,0.029583903721755234,0.026210999976683524,MPC
47.096000000000004,0.5581872700052046,-1.390985416498119e-06,0.5295839026168052,-3.593706589903222e-06,-1.9213579532597327e-06,-2.788706686322244e-09,-5.674303925415491e-07,-0.11278273999057882,6.584170462209849e-06,-5.674303925415491e-07,-0.11278273999057882,6.584170462209849e-06,-6.067313141041727e-09,1.606134289464768e-06,6.692049965356963e-06,0.0,0.0,0.5,0.0,0.0,0.0,-0.039560523893265254,1.8997112136532712e-08,-2.4101424729236487e-07,0.0,40.81693432461297,40.81693378767911,40.81693383000106,40.81693436693493,0.5589706930527205,4.075089105253191e-06,0.11278274018419567,0.5581872700052046,-1.390985416498119e-06,0.029583902616805213,0.02264900001591741,MPC
47.256,0.558186674910281,-1.7198853493833272e-06,0.529583902792545,-3.773611385464142e-06,-2.144786035251694e-06,1.109794881552278e-09,-6.84230235748526e-07,-0.11278272504995639,7.648556438024221e-06,-6.84230235748526e-07,-0.11278272504995639,7.648556438024221e-06,4.551656865019434e-08,-1.6991552894166395e-06,6.52014568399482e-06,0.0,0.0,0.5,0.0,0.0,0.0,-0.039560521932049786,-1.765845211441206e-09,1.7192876658293776e-07,0.0,40.816934243054384,40.81693462607894,40.81693462214497,40.816934239120414,0.5589700988020669,4.340535826042675e-06,0.112782725311382,0.558186674910281,-1.7198853493833272e-06,0.02958390279254497,0.04335500000252068,MPC
