sim_time,px,py,pz,vx,vy,vz,phi,theta,psi,p,q,r,ref_px,ref_py,ref_pz,ref_vx,ref_vy,ref_vz,u_thrust,u_roll,u_pitch,u_yaw,m1,m2,m3,m4,pos_error,vel_error,att_error,err_x,err_y,err_z,solve_time_ms
0.904,0.0,0.0,0.01999364627642029,0.0,0.0,9.461798281875485e-06,0.0,0.0,0.0,0.0,0.0,0.0,0.0,0.0,0.5,0.0,0.0,0.0,0.05,0.0,0.0,0.0,57.041666666666664,57.041666666666664,57.041666666666664,57.041666666666664,0.4800063537235797,9.461798281875485e-06,0.0,0.0,0.0,-0.4800063537235797,0.13262999709695578
0.912,0.0,0.0,0.01999372565689506,0.0,0.0,9.553950494745307e-06,0.0,0.0,0.0,0.0,0.0,0.0,0.0,0.0,0.5,0.0,0.0,0.0,0.05,0.0,0.0,0.0,57.041666666666664,57.041666666666664,57.041666666666664,57.041666666666664,0.48000627434310494,9.553950494745307e-06,0.0,0.0,0.0,-0.48000627434310494,0.12829899787902832
0.92,0.0,0.0,0.019993805774647638,0.0,0.0,9.646104210247398e-06,0.0,0.0,0.0,0.0,0.0,0.0,0.0,0.0,0.5,0.0,0.0,0.0,0.05,0.0,0.0,0.0,57.041666666666664,57.041666666666664,57.041666666666664,57.041666666666664,0.48000619422535235,9.646104210247398e-06,0.0,0.0,0.0,-0.48000619422535235,0.12523199984570965
0.928,0.0,0.0,0.019993886629678468,0.0,0.0,9.738259138957531e-06,0.0,0.0,0.0,0.0,0.0,0.0,0.0,0.0,0.5,0.0,0.0,0.0,0.05,0.0,0.0,0.0,57.041666666666664,57.041666666666664,57.041666666666664,57.041666666666664,0.4800061133703215,9.738259138957531e-06,0.0,0.0,0.0,-0.4800061133703215,0.1434920050087385
0.936,0.0,0.0,0.019993968221987898,0.0,0.0,9.830415046907718e-06,0.0,0.0,0.0,0.0,0.0,0.0,0.0,0.0,0.5,0.0,0.0,0.0,0.05,0.0,0.0,0.0,57.041666666666664,57.041666666666664,57.041666666666664,57.041666666666664,0.4800060317780121,9.830415046907718e-06,0.0,0.0,0.0,-0.4800060317780121,0.1335990018560551
0.9440000000000001,0.0,0.0,0.019994050551576208,0.0,0.0,9.922571745275577e-06,0.0,0.0,0.0,0.0,0.0,0.0,0.0,0.0,0.5,0.0,0.0,0.0,0.05,0.0,0.0,0.0,57.041666666666664,57.041666666666664,57.041666666666664,57.041666666666664,0.4800059494484238,9.922571745275577e-06,0.0,0.0,0.0,-0.4800059494484238,0.07664000440854579
0.9520000000000001,0.0,0.0,0.01999413361844362,0.0,0.0,1.001472908152869e-05,0.0,0.0,0.0,0.0,0.0,0.0,0.0,0.0,0.5,0.0,0.0,0.0,0.05,0.0,0.0,0.0,57.041666666666664,57.041666666666664,57.041666666666664,57.041666666666664,0.4800058663815564,1.001472908152869e-05,0.0,0.0,0.0,-0.4800058663815564,0.04985000123269856
0.96,0.0,0.0,0.01999421742259032,0.0,0.0,1.010688693268705e-05,0.0,0.0,0.0,0.0,0.0,0.0,0.0,0.0,0.5,0.0,0.0,0.0,0.05,0.0,0.0,0.0,57.041666666666664,57.041666666666664,57.041666666666664,57.041666666666664,0.48000578257740967,1.010688693268705e-05,0.0,0.0,0.0,-0.48000578257740967,0.05384199903346598
0.968,0.0,0.0,0.019994301964016442,0.0,0.0,1.0199045199238998e-05,0.0,0.0,0.0,0.0,0.0,0.0,0.0,0.0,0.5,0.0,0.0,0.0,0.05,0.0,0.0,0.0,57.041666666666664,57.041666666666664,57.041666666666664,57.041666666666664,0.4800056980359836,1.0199045199238998e-05,0.0,0.0,0.0,-0.4800056980359836,0.06027999916113913
0.976,0.0,0.0,0.01999438724272211,0.0,0.0,1.0291203801054876e-05,0.0,0.0,0.0,0.0,0.0,0.0,0.0,0.0,0.5,0.0,0.0,0.0,0.05,0.0,0.0,0.0,57.041666666666664,57.041666666666664,57.041666666666664,57.041666666666664,0.4800056127572779,1.0291203801054876e-05,0.0,0.0,0.0,-0.4800056127572779,0.10146899876417592
0.984,0.0,0.0,0.01999447325870741,0.0,0.0,1.0383362673337038e-05,0.0,0.0,0.0,0.0,0.0,0.0,0.0,0.0,0.5,0.0,0.0,0.0,0.05,0.0,0.0,0.0,57.041666666666664,57.041666666666664,57.041666666666664,57.041666666666664,0.4800055267412926,1.0383362673337038e-05,0.0,0.0,0.0,-0.4800055267412926,0.06401299469871446
0.992,0.0,0.0,0.019994560011972414,0.0,0.0,1.0475521763813687e-05,0.0,0.0,0.0,0.0,0.0,0.0,0.0,0.0,0.5,0.0,0.0,0.0,0.05,0.0,0.0,0.0,57.041666666666664,57.041666666666664,57.041666666666664,57.041666666666664,0.4800054399880276,1.0475521763813687e-05,0.0,0.0,0.0,-0.4800054399880276,0.06164500518934801
1.0,0.0,0.0,0.019994647502517185,0.0,0.0,1.056768103032044e-05,0.0,0.0,0.0,0.0,0.0,0.0,0.0,0.0,0.5,0.0,0.0,0.0,0.05,0.0,0.0,0.0,57.041666666666664,57.041666666666664,57.041666666666664,57.041666666666664,0.48000535249748283,1.056768103032044e-05,0.0,0.0,0.0,-0.48000535249748283,0.05540099664358422
1.008,0.0,0.0,0.01999473573034177,0.0,0.0,1.0659840438865583e-05,0.0,0.0,0.0,0.0,0.0,0.0,0.0,0.0,0.5,0.0,0.0,0.0,0.05,0.0,0.0,0.0,57.041666666666664,57.041666666666664,57.041666666666664,57.041666666666664,0.4800052642696582,1.0659840438865583e-05,0.0,0.0,0.0,-0.4800052642696582,0.13280800339998677
1.016,0.0,0.0,0.019994824695446202,0.0,0.0,1.07519999619088e-05,0.0,0.0,0.0,0.0,0.0,0.0,0.0,0.0,0.5,0.0,0.0,0.0,0.05,0.0,0.0,0.0,57.041666666666664,57.041666666666664,57.041666666666664,57.041666666666664,0.4800051753045538,1.07519999619088e-05,0.0,0.0,0.0,-0.4800051753045538,0.031117000617086887
1.024,0.0,0.0,0.019994914397830514,0.0,0.0,1.08441595773311e-05,0.0,0.0,0.0,0.0,0.0,0.0,0.0,0.0,0.5,0.0,0.0,0.0,0.05,0.0,0.0,0.0,57.041666666666664,57.041666666666664,57.041666666666664,57.041666666666664,0.4800050856021695,1.08441595773311e-05,0.0,0.0,0.0,-0.4800050856021695,0.023327003873419017
1.032,0.0,0.0,0.019995004837494734,0.0,0.0,1.0936319267350558e-05,0.0,0.0,0.0,0.0,0.0,0.0,0.0,0.0,0.5,0.0,0.0,0.0,0.05,0.0,0.0,0.0,57.041666666666664,57.041666666666664,57.041666666666664,57.041666666666664,0.4800049951625053,1.0936319267350558e-05,0.0,0.0,0.0,-0.4800049951625053,0.02264599606860429
1.04,0.0,0.0,0.019995096014438874,0.0,0.0,1.1028479017394686e-05,0.0,0.0,0.0,0.0,0.0,0.0,0.0,0.0,0.5,0.0,0.0,0.0,0.05,0.0,0.0,0.0,57.041666666666664,57.041666666666664,57.041666666666664,57.041666666666664,0.4800049039855611,1.1028479017394686e-05,0.0,0.0,0.0,-0.4800049039855611,0.021216997993178666
1.048,0.0,0.0,0.019995187928662953,0.0,0.0,1.1120638815892232e-05,0.0,0.0,0.0,0.0,0.0,0.0,0.0,0.0,0.5,0.0,0.0,0.0,0.05,0.0,0.0,0.0,57.041666666666664,57.041666666666664,57.041666666666664,57.041666666666664,0.48000481207133705,1.1120638815892232e-05,0.0,0.0,0.0,-0.48000481207133705,0.018943996110465378
1.056,0.0,0.0,0.019995280580166985,0.0,0.0,1.1212798653499456e-05,0.0,0.0,0.0,0.0,0.0,0.0,0.0,0.0,0.5,0.0,0.0,0.0,0.05,0.0,0.0,0.0,57.041666666666664,57.041666666666664,57.041666666666664,57.041666666666664,0.480004719419833,1.1212798653499456e-05,0.0,0.0,0.0,-0.480004719419833,0.06205099634826183
1.064,0.0,0.0,0.019995373968950975,0.0,0.0,1.1304958522567894e-05,0.0,0.0,0.0,0.0,0.0,0.0,0.0,0.0,0.5,0.0,0.0,0.0,0.05,0.0,0.0,0.0,57.041666666666664,57.041666666666664,57.041666666666664,57.041666666666664,0.48000462603104904,1.1304958522567894e-05,0.0,0.0,0.0,-0.48000462603104904,0.021184998331591487
1.072,0.0,0.0,0.019995468095014936,0.0,0.0,1.1397118417065514e-05,0.0,0.0,0.0,0.0,0.0,0.0,0.0,0.0,0.5,0.0,0.0,0.0,0.05,0.0,0.0,0.0,57.041666666666664,57.041666666666664,57.041666666666664,57.041666666666664,0.48000453190498504,1.1397118417065514e-05,0.0,0.0,0.0,-0.48000453190498504,0.11182699381606653
1.08,0.0,0.0,0.01999556295835887,0.0,0.0,1.1489278331993214e-05,0.0,0.0,0.0,0.0,0.0,0.0,0.0,0.0,0.5,0.0,0.0,0.0,0.05,0.0,0.0,0.0,57.041666666666664,57.041666666666664,57.041666666666664,57.041666666666664,0.48000443704164114,1.1489278331993214e-05,0.0,0.0,0.0,-0.48000443704164114,0.021873995137866586
1.088,0.0,0.0,0.019995658558982783,0.0,0.0,1.158143826343845e-05,0.0,0.0,0.0,0.0,0.0,0.0,0.0,0.0,0.5,0.0,0.0,0.0,0.05,0.0,0.0,0.0,57.041666666666664,57.041666666666664,57.041666666666664,57.041666666666664,0.4800043414410172,1.158143826343845e-05,0.0,0.0,0.0,-0.4800043414410172,0.021371000912040472
1.096,0.0,0.0,0.019995754896886684,0.0,0.0,1.167359820827119e-05,0.0,0.0,0.0,0.0,0.0,0.0,0.0,0.0,0.5,0.0,0.0,0.0,0.05,0.0,0.0,0.0,57.041666666666664,57.041666666666664,57.041666666666664,57.041666666666664,0.4800042451031133,1.167359820827119e-05,0.0,0.0,0.0,-0.4800042451031133,0.021770996681880206
1.104,0.0,0.0,0.019995851972070572,0.0,0.0,1.176575816381393e-05,0.0,0.0,0.0,0.0,0.0,0.0,0.0,0.0,0.5,0.0,0.0,0.0,0.05,0.0,0.0,0.0,57.041666666666664,57.041666666666664,57.041666666666664,57.041666666666664,0.48000414802792946,1.176575816381393e-05,0.0,0.0,0.0,-0.48000414802792946,0.03958599700126797
1.112,0.0,0.0,0.019995949784534447,0.0,0.0,1.185791812792467e-05,0.0,0.0,0.0,0.0,0.0,0.0,0.0,0.0,0.5,0.0,0.0,0.0,0.05,0.0,0.0,0.0,57.041666666666664,57.041666666666664,57.041666666666664,57.041666666666664,0.48000405021546555,1.185791812792467e-05,0.0,0.0,0.0,-0.48000405021546555,0.028037000447511673
1.12,0.0,0.0,0.019996048334278316,0.0,0.0,1.1950078099063286e-05,0.0,0.0,0.0,0.0,0.0,0.0,0.0,0.0,0.5,0.0,0.0,0.0,0.05,0.0,0.0,0.0,57.041666666666664,57.041666666666664,57.041666666666664,57.041666666666664,0.4800039516657217,1.1950078099063286e-05,0.0,0.0,0.0,-0.4800039516657217,0.052807998144999146
1.1280000000000001,0.0,0.0,0.019996147621302175,0.0,0.0,1.2042238075737463e-05,0.0,0.0,0.0,0.0,0.0,0.0,0.0,0.0,0.5,0.0,0.0,0.0,0.05,0.0,0.0,0.0,57.041666666666664,57.041666666666664,57.041666666666664,57.041666666666664,0.4800038523786978,1.2042238075737463e-05,0.0,0.0,0.0,-0.4800038523786978,0.0781720009399578
1.1360000000000001,0.0,0.0,0.019996247645606032,0.0,0.0,1.2134398057013562e-05,0.0,0.0,0.0,0.0,0.0,0.0,0.0,0.0,0.5,0.0,0.0,0.0,0.05,0.0,0.0,0.0,57.041666666666664,57.041666666666664,57.041666666666664,57.041666666666664,0.48000375235439396,1.2134398057013562e-05,0.0,0.0,0.0,-0.48000375235439396,0.09456700354348868
1.1440000000000001,0.0,0.0,0.019996348407189883,0.0,0.0,1.2226558041884464e-05,0.0,0.0,0.0,0.0,0.0,0.0,0.0,0.0,0.5,0.0,0.0,0.0,0.05,0.0,0.0,0.0,57.041666666666664,57.041666666666664,57.041666666666664,57.041666666666664,0.4800036515928101,1.2226558041884464e-05,0.0,0.0,0.0,-0.4800036515928101,0.13612899783765897
1.1520000000000001,0.0,0.0,0.01999644990605373,0.0,0.0,1.2318718029717943e-05,0.0,0.0,0.0,0.0,0.0,0.0,0.0,0.0,0.5,0.0,0.0,0.0,0.05,0.0,0.0,0.0,57.041666666666664,57.041666666666664,57.041666666666664,57.041666666666664,0.48000355009394624,1.2318718029717943e-05,0.0,0.0,0.0,-0.48000355009394624,0.11155800166307017
1.16,0.0,0.0,0.019996552142197577,0.0,0.0,1.2410878019921554e-05,0.0,0.0,0.0,0.0,0.0,0.0,0.0,0.0,0.5,0.0,0.0,0.0,0.05,0.0,0.0,0.0,57.041666666666664,57.041666666666664,57.041666666666664,57.041666666666664,0.4800034478578024,1.2410878019921554e-05,0.0,0.0,0.0,-0.4800034478578024,0.07015099981799722
1.168,0.0,0.0,0.01999665511562142,0.0,0.0,1.250303801202113e-05,0.0,0.0,0.0,0.0,0.0,0.0,0.0,0.0,0.5,0.0,0.0,0.0,0.05,0.0,0.0,0.0,57.041666666666664,57.041666666666664,57.041666666666664,57.041666666666664,0.48000334488437857,1.250303801202113e-05,0.0,0.0,0.0,-0.48000334488437857,0.05932999920332804
1.176,0.0,0.0,0.01999675882632526,0.0,0.0,1.2595198005637549e-05,0.0,0.0,0.0,0.0,0.0,0.0,0.0,0.0,0.5,0.0,0.0,0.0,0.05,0.0,0.0,0.0,57.041666666666664,57.041666666666664,57.041666666666664,57.041666666666664,0.48000324117367477,1.2595198005637549e-05,0.0,0.0,0.0,-0.48000324117367477,0.07529000140493736
1.184,0.0,0.0,0.0199968632743091,0.0,0.0,1.268735800046744e-05,0.0,0.0,0.0,0.0,0.0,0.0,0.0,0.0,0.5,0.0,0.0,0.0,0.05,0.0,0.0,0.0,57.041666666666664,57.041666666666664,57.041666666666664,57.041666666666664,0.4800031367256909,1.268735800046744e-05,0.0,0.0,0.0,-0.4800031367256909,0.07577099313493818
1.192,0.0,0.0,0.01999696845957294,0.0,0.0,1.2779517996354847e-05,0.0,0.0,0.0,0.0,0.0,0.0,0.0,0.0,0.5,0.0,0.0,0.0,0.05,0.0,0.0,0.0,57.041666666666664,57.041666666666664,57.041666666666664,57.041666666666664,0.48000303154042706,1.2779517996354847e-05,0.0,0.0,0.0,-0.48000303154042706,0.027318994398228824
1.2,0.0,0.0,0.019997074382116776,0.0,0.0,1.2871677993001531e-05,0.0,0.0,0.0,0.0,0.0,0.0,0.0,0.0,0.5,0.0,0.0,0.0,0.05,0.0,0.0,0.0,57.041666666666664,57.041666666666664,57.041666666666664,57.041666666666664,0.4800029256178832,1.2871677993001531e-05,0.0,0.0,0.0,-0.4800029256178832,0.02321799547644332
1.208,0.0,0.0,0.019997181041940613,0.0,0.0,1.2963837990342373e-05,0.0,0.0,0.0,0.0,0.0,0.0,0.0,0.0,0.5,0.0,0.0,0.0,0.05,0.0,0.0,0.0,57.041666666666664,57.041666666666664,57.041666666666664,57.041666666666664,0.4800028189580594,1.2963837990342373e-05,0.0,0.0,0.0,-0.4800028189580594,0.019514998712111264
1.216,0.0,0.0,0.019997288439044452,0.0,0.0,1.3055997988238539e-05,0.0,0.0,0.0,0.0,0.0,0.0,0.0,0.0,0.5,0.0,0.0,0.0,0.05,0.0,0.0,0.0,57.041666666666664,57.041666666666664,57.041666666666664,57.041666666666664,0.48000271156095553,1.3055997988238539e-05,0.0,0.0,0.0,-0.48000271156095553,0.07011099660303444
1.224,0.0,0.0,0.019997396573428288,0.0,0.0,1.314815798649223e-05,0.0,0.0,0.0,0.0,0.0,0.0,0.0,0.0,0.5,0.0,0.0,0.0,0.05,0.0,0.0,0.0,57.041666666666664,57.041666666666664,57.041666666666664,57.041666666666664,0.4800026034265717,1.314815798649223e-05,0.0,0.0,0.0,-0.4800026034265717,0.022658001398667693
1.232,0.0,0.0,0.019997505445092125,0.0,0.0,1.3240317985118678e-05,0.0,0.0,0.0,0.0,0.0,0.0,0.0,0.0,0.5,0.0,0.0,0.0,0.05,0.0,0.0,0.0,57.041666666666664,57.041666666666664,57.041666666666664,57.041666666666664,0.4800024945549079,1.3240317985118678e-05,0.0,0.0,0.0,-0.4800024945549079,0.019159000657964498
1.24,0.0,0.0,0.01999761505403596,0.0,0.0,1.3332477983956593e-05,0.0,0.0,0.0,0.0,0.0,0.0,0.0,0.0,0.5,0.0,0.0,0.0,0.05,0.0,0.0,0.0,57.041666666666664,57.041666666666664,57.041666666666664,57.041666666666664,0.48000238494596403,1.3332477983956593e-05,0.0,0.0,0.0,-0.48000238494596403,0.01943900133483112
1.248,0.0,0.0,0.019997725400259795,0.0,0.0,1.342463798305042e-05,0.0,0.0,0.0,0.0,0.0,0.0,0.0,0.0,0.5,0.0,0.0,0.0,0.05,0.0,0.0,0.0,57.041666666666664,57.041666666666664,57.041666666666664,57.041666666666664,0.4800022745997402,1.342463798305042e-05,0.0,0.0,0.0,-0.4800022745997402,0.018804996216204017
1.256,0.0,0.0,0.01999783648376363,0.0,0.0,1.3516797982348974e-05,0.0,0.0,0.0,0.0,0.0,0.0,0.0,0.0,0.5,0.0,0.0,0.0,0.05,0.0,0.0,0.0,57.041666666666664,57.041666666666664,57.041666666666664,57.041666666666664,0.48000216351623637,1.3516797982348974e-05,0.0,0.0,0.0,-0.48000216351623637,0.01882300421129912
1.264,0.0,0.0,0.019997948304547465,0.0,0.0,1.3608957981724574e-05,0.0,0.0,0.0,0.0,0.0,0.0,0.0,0.0,0.5,0.0,0.0,0.0,0.05,0.0,0.0,0.0,57.041666666666664,57.041666666666664,57.041666666666664,57.041666666666664,0.4800020516954525,1.3608957981724574e-05,0.0,0.0,0.0,-0.4800020516954525,0.018703001842368394
1.272,0.0,0.0,0.0199980608626113,0.0,0.0,1.370111798124855e-05,0.0,0.0,0.0,0.0,0.0,0.0,0.0,0.0,0.5,0.0,0.0,0.0,0.05,0.0,0.0,0.0,57.041666666666664,57.041666666666664,57.041666666666664,57.041666666666664,0.4800019391373887,1.370111798124855e-05,0.0,0.0,0.0,-0.4800019391373887,0.01940700167324394
1.28,0.0,0.0,0.019998174157955136,0.0,0.0,1.3793277980891223e-05,0.0,0.0,0.0,0.0,0.0,0.0,0.0,0.0,0.5,0.0,0.0,0.0,0.05,0.0,0.0,0.0,57.041666666666664,57.041666666666664,57.041666666666664,57.041666666666664,0.48000182584204487,1.3793277980891223e-05,0.0,0.0,0.0,-0.48000182584204487,0.02240199683001265
1.288,0.0,0.0,0.01999828819057897,0.0,0.0,1.388543798054212e-05,0.0,0.0,0.0,0.0,0.0,0.0,0.0,0.0,0.5,0.0,0.0,0.0,0.05,0.0,0.0,0.0,57.041666666666664,57.041666666666664,57.041666666666664,57.041666666666664,0.48000171180942103,1.388543798054212e-05,0.0,0.0,0.0,-0.48000171180942103,0.0394710004911758
1.296,0.0,0.0,0.019998402960482803,0.0,0.0,1.3977597980286329e-05,0.0,0.0,0.0,0.0,0.0,0.0,0.0,0.0,0.5,0.0,0.0,0.0,0.05,0.0,0.0,0.0,57.041666666666664,57.041666666666664,57.041666666666664,57.041666666666664,0.48000159703951717,1.3977597980286329e-05,0.0,0.0,0.0,-0.48000159703951717,0.030980001611169428
1.304,0.0,0.0,0.019998518467666638,0.0,0.0,1.4069757980105192e-05,0.0,0.0,0.0,0.0,0.0,0.0,0.0,0.0,0.5,0.0,0.0,0.0,0.05,0.0,0.0,0.0,57.041666666666664,57.041666666666664,57.041666666666664,57.041666666666664,0.48000148153233335,1.4069757980105192e-05,0.0,0.0,0.0,-0.48000148153233335,0.022186999558471143
1.312,0.0,0.0,0.019998634712130474,0.0,0.0,1.4161917979983775e-05,0.0,0.0,0.0,0.0,0.0,0.0,0.0,0.0,0.5,0.0,0.0,0.0,0.05,0.0,0.0,0.0,57.041666666666664,57.041666666666664,57.041666666666664,57.041666666666664,0.4800013652878695,1.4161917979983775e-05,0.0,0.0,0.0,-0.4800013652878695,0.07448800170095637
1.32,0.0,0.0,0.019998751693874307,0.0,0.0,1.42540779798234e-05,0.0,0.0,0.0,0.0,0.0,0.0,0.0,0.0,0.5,0.0,0.0,0.0,0.05,0.0,0.0,0.0,57.041666666666664,57.041666666666664,57.041666666666664,57.041666666666664,0.48000124830612567,1.42540779798234e-05,0.0,0.0,0.0,-0.48000124830612567,0.0680840021232143
1.328,0.0,0.0,0.019998869412898142,0.0,0.0,1.4346237979718595e-05,0.0,0.0,0.0,0.0,0.0,0.0,0.0,0.0,0.5,0.0,0.0,0.0,0.05,0.0,0.0,0.0,57.041666666666664,57.041666666666664,57.041666666666664,57.041666666666664,0.48000113058710187,1.4346237979718595e-05,0.0,0.0,0.0,-0.48000113058710187,0.23746100487187505
1.336,0.0,0.0,0.019998987869201977,0.0,0.0,1.4438397979658245e-05,0.0,0.0,0.0,0.0,0.0,0.0,0.0,0.0,0.5,0.0,0.0,0.0,0.05,0.0,0.0,0.0,57.041666666666664,57.041666666666664,57.041666666666664,57.041666666666664,0.48000101213079804,1.4438397979658245e-05,0.0,0.0,0.0,-0.48000101213079804,0.10902900248765945
1.344,0.0,0.0,0.019999107062785813,0.0,0.0,1.4530557979633457e-05,0.0,0.0,0.0,0.0,0.0,0.0,0.0,0.0,0.5,0.0,0.0,0.0,0.05,0.0,0.0,0.0,57.041666666666664,57.041666666666664,57.041666666666664,57.041666666666664,0.4800008929372142,1.4530557979633457e-05,0.0,0.0,0.0,-0.4800008929372142,0.06268500146688893
1.352,0.0,0.0,0.019999226993649647,0.0,0.0,1.4622717979550386e-05,0.0,0.0,0.0,0.0,0.0,0.0,0.0,0.0,0.5,0.0,0.0,0.0,0.05,0.0,0.0,0.0,57.041666666666664,57.041666666666664,57.041666666666664,57.041666666666664,0.48000077300635036,1.4622717979550386e-05,0.0,0.0,0.0,-0.48000077300635036,0.05632299871649593
1.36,0.0,0.0,0.019999347661793482,0.0,0.0,1.471487797950742e-05,0.0,0.0,0.0,0.0,0.0,0.0,0.0,0.0,0.5,0.0,0.0,0.0,0.05,0.0,0.0,0.0,57.041666666666664,57.041666666666664,57.041666666666664,57.041666666666664,0.48000065233820655,1.471487797950742e-05,0.0,0.0,0.0,-0.48000065233820655,0.09246500121662393
1.368,0.0,0.0,0.019999469067217317,0.0,0.0,1.4807037979496544e-05,0.0,0.0,0.0,0.0,0.0,0.0,0.0,0.0,0.5,0.0,0.0,0.0,0.05,0.0,0.0,0.0,57.041666666666664,57.041666666666664,57.041666666666664,57.041666666666664,0.48000053093278267,1.4807037979496544e-05,0.0,0.0,0.0,-0.48000053093278267,0.07793199620209634
1.3760000000000001,0.0,0.0,0.020004318957268653,0.0,0.0,0.0001330928816669954,0.0,0.0,0.0,0.0,0.0,0.0,0.0,0.0,0.5,0.0,0.0,0.0,0.05,0.0,0.0,0.0,57.041666666666664,57.041666666666664,57.041666666666664,57.041666666666664,0.4799956810427313,0.0001330928816669954,0.0,0.0,0.0,-0.4799956810427313,0.238840002566576
1.3840000000000001,0.0,0.0,0.020021347728640625,0.0,0.0,0.0005321935896328969,0.0,0.0,0.0,0.0,0.0,0.0,0.0,0.0,0.5,0.0,0.0,0.0,0.05,0.0,0.0,0.0,57.041666666666664,57.041666666666664,57.041666666666664,57.041666666666664,0.4799786522713594,0.0005321935896328969,0.0,0.0,0.0,-0.4799786522713594,0.8950360061135143
1.3920000000000001,0.0,0.0,0.020058039788343397,0.0,0.0,0.0013430563642756134,0.0,0.0,0.0,0.0,0.0,0.0,0.0,0.0,0.5,0.0,0.0,0.0,0.05,0.0,0.0,0.0,57.041666666666664,57.041666666666664,57.041666666666664,57.041666666666664,0.4799419602116566,0.0013430563642756134,0.0,0.0,0.0,-0.4799419602116566,1.4616550033679232
1.4000000000000001,0.0,0.0,0.020121913509514342,0.0,0.0,0.002671288120694112,0.0,0.0,0.0,0.0,0.0,0.0,0.0,0.0,0.5,0.0,0.0,0.0,0.05,0.0,0.0,0.0,57.041666666666664,57.041666666666664,57.041666666666664,57.041666666666664,0.47987808649048563,0.002671288120694112,0.0,0.0,0.0,-0.47987808649048563,1.4967680035624653
1.408,0.0,0.0,0.020220521187285612,0.0,0.0,0.004602222440837111,0.0,0.0,0.0,0.0,0.0,0.0,0.0,0.0,0.5,0.0,0.0,0.0,0.05,0.0,0.0,0.0,57.041666666666664,57.041666666666664,57.041666666666664,57.041666666666664,0.4797794788127144,0.004602222440837111,0.0,0.0,0.0,-0.4797794788127144,1.6648439996060915
1.416,0.0,0.0,0.020361448994709083,0.0,0.0,0.0072049731382564566,0.0,0.0,0.0,0.0,0.0,0.0,0.0,0.0,0.5,0.0,0.0,0.0,0.05,0.0,0.0,0.0,57.041666666666664,57.041666666666664,57.041666666666664,57.041666666666664,0.4796385510052909,0.0072049731382564566,0.0,0.0,0.0,-0.4796385510052909,1.7091420013457537
1.424,0.0,0.0,0.020552316938738536,0.0,0.0,0.010535677111341478,0.0,0.0,0.0,0.0,0.0,0.0,0.0,0.0,0.5,0.0,0.0,0.0,0.05,0.0,0.0,0.0,57.041666666666664,57.041666666666664,57.041666666666664,57.041666666666664,0.47944768306126145,0.010535677111341478,0.0,0.0,0.0,-0.47944768306126145,1.963114998943638
1.432,0.0,0.0,0.020800778816269058,0.0,0.0,0.014640088627336238,0.0,0.0,0.0,0.0,0.0,0.0,0.0,0.0,0.5,0.0,0.0,0.0,0.05,0.0,0.0,0.0,57.041666666666664,57.041666666666664,57.041666666666664,57.041666666666664,0.47919922118373093,0.014640088627336238,0.0,0.0,0.0,-0.47919922118373093,2.1108549990458414
1.44,0.0,0.0,0.021114522170233536,0.0,0.0,0.019555654750980922,0.0,0.0,0.0,0.0,0.0,0.0,0.0,0.0,0.5,0.0,0.0,0.0,0.05,0.0,0.0,0.0,57.041666666666664,57.041666666666664,57.041666666666664,57.041666666666664,0.4788854778297665,0.019555654750980922,0.0,0.0,0.0,-0.4788854778297665,2.234639003290795
1.448,0.0,0.0,0.021501268245756218,0.0,0.0,0.02531317568885178,0.0,0.0,0.0,0.0,0.0,0.0,0.0,0.0,0.5,0.0,0.0,0.0,0.05,0.0,0.0,0.0,57.041666666666664,57.041666666666664,57.041666666666664,57.041666666666664,0.4784987317542438,0.02531317568885178,0.0,0.0,0.0,-0.4784987317542438,2.292084005603101
1.456,0.0,0.0,0.021968771946363222,0.0,0.0,0.03193813306625652,0.0,0.0,0.0,0.0,0.0,0.0,0.0,0.0,0.5,0.0,0.0,0.0,0.05,0.0,0.0,0.0,57.041666666666664,57.041666666666664,57.041666666666664,57.041666666666664,0.4780312280536368,0.03193813306625652,0.0,0.0,0.0,-0.4780312280536368,2.1877289982512593
1.464,0.0,0.0,0.02252482179024996,0.0,0.0,0.03945175255017365,0.0,0.0,0.0,0.0,0.0,0.0,0.0,0.0,0.5,0.0,0.0,0.0,0.05,0.0,0.0,0.0,57.041666666666664,57.041666666666664,57.041666666666664,57.041666666666664,0.47747517820975005,0.03945175255017365,0.0,0.0,0.0,-0.47747517820975005,2.481250005075708
1.472,0.0,0.0,0.023177239866605377,0.0,0.0,0.04787185394902433,0.0,0.0,0.0,0.0,0.0,0.0,0.0,0.0,0.5,0.0,0.0,0.0,0.05,0.0,0.0,0.0,57.041666666666664,57.041666666666664,57.041666666666664,57.041666666666664,0.47682276013339464,0.04787185394902433,0.0,0.0,0.0,-0.47682276013339464,2.3898799991002306
1.48,0.0,0.0,0.023933881791992927,0.0,0.0,0.0572135312939082,0.0,0.0,0.0,0.0,0.0,0.0,0.0,0.0,0.5,0.0,0.0,0.0,0.05,0.0,0.0,0.0,57.041666666666664,57.041666666666664,57.041666666666664,57.041666666666664,0.4760661182080071,0.0572135312939082,0.0,0.0,0.0,-0.4760661182080071,2.421858000161592
1.488,0.0,0.0,0.02480263666678825,0.0,0.0,0.06748969690500961,0.0,0.0,0.0,0.0,0.0,0.0,0.0,0.0,0.5,0.0,0.0,0.0,0.05,0.0,0.0,0.0,57.041666666666664,57.041666666666664,57.041666666666664,57.041666666666664,0.4751973633332118,0.06748969690500961,0.0,0.0,0.0,-0.4751973633332118,2.419856005872134
1.496,0.0,0.0,0.02579142703167342,0.0,0.0,0.07871151664613693,0.0,0.0,0.0,0.0,0.0,0.0,0.0,0.0,0.5,0.0,0.0,0.0,0.05,0.0,0.0,0.0,57.041666666666664,57.041666666666664,57.041666666666664,57.041666666666664,0.4742085729683266,0.07871151664613693,0.0,0.0,0.0,-0.4742085729683266,2.4957940040621907
1.504,0.0,0.0,0.026908208824187742,0.0,0.0,0.09088875812976759,0.0,0.0,0.0,0.0,0.0,0.0,0.0,0.0,0.5,0.0,0.0,0.0,0.05,0.0,0.0,0.0,57.041666666666664,57.041666666666664,57.041666666666664,57.041666666666664,0.47309179117581224,0.09088875812976759,0.0,0.0,0.0,-0.47309179117581224,2.539332002925221
1.512,0.0,0.0,0.028160971335334985,0.0,0.0,0.10403006928249514,0.0,0.0,0.0,0.0,0.0,0.0,0.0,0.0,0.5,0.0,0.0,0.0,0.05,0.0,0.0,0.0,57.041666666666664,57.041666666666664,57.041666666666664,57.041666666666664,0.47183902866466504,0.10403006928249514,0.0,0.0,0.0,-0.47183902866466504,2.6386379977338947
1.52,0.0,0.0,0.02955773716624702,0.0,0.0,0.11814320119879695,0.0,0.0,0.0,0.0,0.0,0.0,0.0,0.0,0.5,0.0,0.0,0.0,0.05,0.0,0.0,0.0,57.041666666666664,57.041666666666664,57.041666666666664,57.041666666666664,0.47044226283375296,0.11814320119879695,0.0,0.0,0.0,-0.47044226283375296,2.7298060012981296
1.528,0.0,0.0,0.03110656218490374,0.0,0.0,0.1332351864254555,0.0,0.0,0.0,0.0,0.0,0.0,0.0,0.0,0.5,0.0,0.0,0.0,0.05,0.0,0.0,0.0,57.041666666666664,57.041666666666664,57.041666666666664,57.041666666666664,0.46889343781509624,0.1332351864254555,0.0,0.0,0.0,-0.46889343781509624,2.57846499880543
1.536,0.0,0.0,0.03281553548290922,0.0,0.0,0.1493124815905014,0.0,0.0,0.0,0.0,0.0,0.0,0.0,0.0,0.5,0.0,0.0,0.0,0.05,0.0,0.0,0.0,57.041666666666664,57.041666666666664,57.041666666666664,57.041666666666664,0.4671844645170908,0.1493124815905014,0.0,0.0,0.0,-0.4671844645170908,2.681753001525067
1.544,0.0,0.0,0.034692779332324064,0.0,0.0,0.1663810815077722,0.0,0.0,0.0,0.0,0.0,0.0,0.0,0.0,0.5,0.0,0.0,0.0,0.05,0.0,0.0,0.0,57.041666666666664,57.041666666666664,57.041666666666664,57.041666666666664,0.46530722066767594,0.1663810815077722,0.0,0.0,0.0,-0.46530722066767594,2.9112330012139864
1.552,0.0,0.0,0.03674644914255379,0.0,0.0,0.1844466104619608,0.0,0.0,0.0,0.0,0.0,0.0,0.0,0.0,0.5,0.0,0.0,0.0,0.05,0.0,0.0,0.0,57.041666666666664,57.041666666666664,57.041666666666664,57.041666666666664,0.46325355085744624,0.1844466104619608,0.0,0.0,0.0,-0.46325355085744624,2.769022001302801
1.56,0.0,0.0,0.03898473341729328,0.0,0.0,0.2035143952380558,0.0,0.0,0.0,0.0,0.0,0.0,0.0,0.0,0.5,0.0,0.0,0.0,0.05,0.0,0.0,0.0,57.041666666666664,57.041666666666664,57.041666666666664,57.041666666666664,0.46101526658270675,0.2035143952380558,0.0,0.0,0.0,-0.46101526658270675,2.7807010046672076
1.568,0.0,0.0,0.041415853711527145,0.0,0.0,0.2235895235462913,0.0,0.0,0.0,0.0,0.0,0.0,0.0,0.0,0.5,0.0,0.0,0.0,0.05,0.0,0.0,0.0,57.041666666666664,57.041666666666664,57.041666666666664,57.041666666666664,0.4585841462884729,0.2235895235462913,0.0,0.0,0.0,-0.4585841462884729,2.9432069932227023
1.576,0.0,0.0,0.04404806458858597,0.0,0.0,0.24467689076350363,0.0,0.0,0.0,0.0,0.0,0.0,0.0,0.0,0.5,0.0,0.0,0.0,0.05,0.0,0.0,0.0,57.041666666666664,57.041666666666664,57.041666666666664,57.041666666666664,0.45595193541141404,0.24467689076350363,0.0,0.0,0.0,-0.45595193541141404,2.710692002438009
1.584,0.0,0.0,0.046889653577258335,0.0,0.0,0.266781237327612,0.0,0.0,0.0,0.0,0.0,0.0,0.0,0.0,0.5,0.0,0.0,0.0,0.05,0.0,0.0,0.0,57.041666666666664,57.041666666666664,57.041666666666664,57.041666666666664,0.45311034642274167,0.266781237327612,0.0,0.0,0.0,-0.45311034642274167,2.544142000260763
1.592,0.0,0.0,0.049948941128958604,0.0,0.0,0.28990717865459625,0.0,0.0,0.0,0.0,0.0,0.0,0.0,0.0,0.5,0.0,0.0,0.0,0.05,0.0,0.0,0.0,57.041666666666664,57.041666666666664,57.041666666666664,57.041666666666664,0.4500510588710414,0.28990717865459625,0.0,0.0,0.0,-0.4500510588710414,2.5040569962584414
1.6,0.0,0.0,0.05323428057495031,0.0,0.0,0.3140592290734696,0.0,0.0,0.0,0.0,0.0,0.0,0.0,0.0,0.5,0.0,0.0,0.0,0.05,0.0,0.0,0.0,57.041666666666664,57.041666666666664,57.041666666666664,57.041666666666664,0.44676571942504967,0.3140592290734696,0.0,0.0,0.0,-0.44676571942504967,2.482092000718694
1.608,0.0,0.0,0.056754058083625186,0.0,0.0,0.3392418209756475,0.0,0.0,0.0,0.0,0.0,0.0,0.0,0.0,0.5,0.0,0.0,0.0,0.05,0.0,0.0,0.0,57.041666666666664,57.041666666666664,57.041666666666664,57.041666666666664,0.4432459419163748,0.3392418209756475,0.0,0.0,0.0,-0.4432459419163748,2.4661520001245663
1.616,0.0,0.0,0.06051669261783763,0.0,0.0,0.3654593201358291,0.0,0.0,0.0,0.0,0.0,0.0,0.0,0.0,0.5,0.0,0.0,0.0,0.05,0.0,0.0,0.0,57.041666666666664,57.041666666666664,57.041666666666664,57.041666666666664,0.43948330738216235,0.3654593201358291,0.0,0.0,0.0,-0.43948330738216235,2.6070180028909817
1.624,0.0,0.0,0.06453063589229467,0.0,0.0,0.3927160379700892,0.0,0.0,0.0,0.0,0.0,0.0,0.0,0.0,0.5,0.0,0.0,0.0,0.05,0.0,0.0,0.0,57.041666666666664,57.041666666666664,57.041666666666664,57.041666666666664,0.4354693641077053,0.3927160379700892,0.0,0.0,0.0,-0.4354693641077053,2.09794299735222
1.6320000000000001,0.0,0.0,0.06880437233100126,0.0,0.0,0.4210162413437359,0.0,0.0,0.0,0.0,0.0,0.0,0.0,0.0,0.5,0.0,0.0,0.0,0.05,0.0,0.0,0.0,57.041666666666664,57.041666666666664,57.041666666666664,57.041666666666664,0.43119562766899877,0.4210162413437359,0.0,0.0,0.0,-0.43119562766899877,1.9418890005908906
1.6400000000000001,0.0,0.0,0.07334641902476084,0.0,0.0,0.4503641604189783,0.0,0.0,0.0,0.0,0.0,0.0,0.0,0.0,0.5,0.0,0.0,0.0,0.05,0.0,0.0,0.0,57.041666666666664,57.041666666666664,57.041666666666664,57.041666666666664,0.42665358097523914,0.4503641604189783,0.0,0.0,0.0,-0.42665358097523914,1.7168500053230673
1.6480000000000001,0.0,0.0,0.07816532568873122,0.0,0.0,0.480763994934442,0.0,0.0,0.0,0.0,0.0,0.0,0.0,0.0,0.5,0.0,0.0,0.0,0.05,0.0,0.0,0.0,57.041666666666664,57.041666666666664,57.041666666666664,57.041666666666664,0.42183467431126875,0.480763994934442,0.0,0.0,0.0,-0.42183467431126875,1.43711399869062
1.6560000000000001,0.0,0.0,0.08326967462003547,0.0,0.0,0.5122199192301597,0.0,0.0,0.0,0.0,0.0,0.0,0.0,0.0,0.5,0.0,0.0,0.0,0.05,0.0,0.0,0.0,57.041666666666664,57.041666666666664,57.041666666666664,57.041666666666664,0.4167303253799645,0.5122199192301597,0.0,0.0,0.0,-0.4167303253799645,1.2536139984149486
1.6640000000000001,0.0,0.0,0.088668080655428,0.0,0.0,0.544736086268941,0.0,0.0,0.0,0.0,0.0,0.0,0.0,0.0,0.5,0.0,0.0,0.0,0.05,0.0,0.0,0.0,57.041666666666664,57.041666666666664,57.041666666666664,57.041666666666664,0.41133191934457203,0.544736086268941,0.0,0.0,0.0,-0.41133191934457203,1.0695789969759062
1.672,0.0,0.0,0.09436919112901558,0.0,0.0,0.5783166308548462,0.0,0.0,0.0,0.0,0.0,0.0,0.0,0.0,0.5,0.0,0.0,0.0,0.05,0.0,0.0,0.0,57.041666666666664,57.041666666666664,57.041666666666664,57.041666666666664,0.4056308088709844,0.5783166308548462,0.0,0.0,0.0,-0.4056308088709844,0.83526800153777
1.68,0.0,0.0,0.10038168583003333,0.0,0.0,0.6129656722093206,0.0,0.0,0.0,0.0,0.0,0.0,0.0,0.0,0.5,0.0,0.0,0.0,0.05,0.0,0.0,0.0,57.041666666666664,57.041666666666664,57.041666666666664,57.041666666666664,0.3996183141699667,0.6129656722093206,0.0,0.0,0.0,-0.3996183141699667,0.749400001950562
1.688,0.0,0.0,0.10671427696067554,0.0,0.0,0.6486873160335115,0.0,0.0,0.0,0.0,0.0,0.0,0.0,0.0,0.5,0.0,0.0,0.0,0.05,0.0,0.0,0.0,57.041666666666664,57.041666666666664,57.041666666666664,57.041666666666664,0.39328572303932446,0.6486873160335115,0.0,0.0,0.0,-0.39328572303932446,0.4598500017891638
1.696,0.0,0.0,0.11337570909398131,0.0,0.0,0.6854856561594534,0.0,0.0,0.0,0.0,0.0,0.0,0.0,0.0,0.5,0.0,0.0,0.0,0.05,0.0,0.0,0.0,57.041666666666664,57.041666666666664,57.041666666666664,57.041666666666664,0.3866242909060187,0.6854856561594534,0.0,0.0,0.0,-0.3866242909060187,0.2907449961639941
1.704,0.0,0.0,0.12037475913177494,0.0,0.0,0.7233647758724031,0.0,0.0,0.0,0.0,0.0,0.0,0.0,0.0,0.5,0.0,0.0,0.0,0.015686685535355127,0.0,0.0,0.0,50.82548651002811,50.82548651002811,50.82548651002811,50.82548651002811,0.3796252408682251,0.7233647758724031,0.0,0.0,0.0,-0.3796252408682251,0.3646650002337992
1.712,0.0,0.0,0.12771658918387435,0.0,0.0,0.7622375720004078,0.0,0.0,0.0,0.0,0.0,0.0,0.0,0.0,0.5,0.0,0.0,0.0,-0.03524163047839912,0.0,0.0,0.0,41.599342304637844,41.599342304637844,41.599342304637844,41.599342304637844,0.37228341081612565,0.7622375720004078,0.0,0.0,0.0,-0.37228341081612565,0.4571919998852536
1.72,0.0,0.0,0.13539152322182083,0.0,0.0,0.8016634085489879,0.0,0.0,0.0,0.0,0.0,0.0,0.0,0.0,0.5,0.0,0.0,0.0,-0.05,0.0,0.0,0.0,38.925724637681164,38.925724637681164,38.925724637681164,38.925724637681164,0.3646084767781792,0.8016634085489879,0.0,0.0,0.0,-0.3646084767781792,2.8255040015210398
1.728,0.0,0.0,0.14338994147994996,0.0,0.0,0.8412911832924186,0.0,0.0,0.0,0.0,0.0,0.0,0.0,0.0,0.5,0.0,0.0,0.0,-0.05,0.0,0.0,0.0,38.925724637681164,38.925724637681164,38.925724637681164,38.925724637681164,0.35661005852005,0.8412911832924186,0.0,0.0,0.0,-0.35661005852005,3.1316160020651296
1.736,0.0,0.0,0.1517022803822891,0.0,0.0,0.8808414191924134,0.0,0.0,0.0,0.0,0.0,0.0,0.0,0.0,0.5,0.0,0.0,0.0,-0.05,0.0,0.0,0.0,38.925724637681164,38.925724637681164,38.925724637681164,38.925724637681164,0.3482977196177109,0.8808414191924134,0.0,0.0,0.0,-0.3482977196177109,3.151425000396557
1.744,0.0,0.0,0.1603190324695497,0.0,0.0,0.9200919375354455,0.0,0.0,0.0,0.0,0.0,0.0,0.0,0.0,0.5,0.0,0.0,0.0,-0.05,0.0,0.0,0.0,38.925724637681164,38.925724637681164,38.925724637681164,38.925724637681164,0.3396809675304503,0.9200919375354455,0.0,0.0,0.0,-0.3396809675304503,3.222958999685943
1.752,0.0,0.0,0.1692307463262145,0.0,0.0,0.9588663964449757,0.0,0.0,0.0,0.0,0.0,0.0,0.0,0.0,0.5,0.0,0.0,0.0,-0.05,0.0,0.0,0.0,38.925724637681164,38.925724637681164,38.925724637681164,38.925724637681164,0.3307692536737855,0.9588663964449757,0.0,0.0,0.0,-0.3307692536737855,3.2255479964078404
1.76,0.0,0.0,0.17842802650771952,0.0,0.0,0.9970251216936064,0.0,0.0,0.0,0.0,0.0,0.0,0.0,0.0,0.5,0.0,0.0,0.0,-0.05,0.0,0.0,0.0,38.925724637681164,38.925724637681164,38.925724637681164,38.925724637681164,0.3215719734922805,0.9970251216936064,0.0,0.0,0.0,-0.3215719734922805,3.227319997677114
1.768,0.0,0.0,0.1879015334677307,0.0,0.0,1.0344577713551644,0.0,0.0,0.0,0.0,0.0,0.0,0.0,0.0,0.5,0.0,0.0,0.0,-0.05,0.0,0.0,0.0,38.925724637681164,38.925724637681164,38.925724637681164,38.925724637681164,0.3120984665322693,1.0344577713551644,0.0,0.0,0.0,-0.3120984665322693,3.231203998439014
1.776,0.0,0.0,0.1976419834855148,0.0,0.0,1.0710774675287338,0.0,0.0,0.0,0.0,0.0,0.0,0.0,0.0,0.5,0.0,0.0,0.0,-0.05,0.0,0.0,0.0,38.925724637681164,38.925724637681164,38.925724637681164,38.925724637681164,0.30235801651448524,1.0710774675287338,0.0,0.0,0.0,-0.30235801651448524,3.112643003987614
1.784,0.0,0.0,0.20764014859340493,0.0,0.0,1.1068161017202405,0.0,0.0,0.0,0.0,0.0,0.0,0.0,0.0,0.5,0.0,0.0,0.0,-0.05,0.0,0.0,0.0,38.925724637681164,38.925724637681164,38.925724637681164,38.925724637681164,0.29235985140659504,1.1068161017202405,0.0,0.0,0.0,-0.29235985140659504,3.092213999480009
1.792,0.0,0.0,0.2178868565043603,0.0,0.0,1.1416205791500762,0.0,0.0,0.0,0.0,0.0,0.0,0.0,0.0,0.5,0.0,0.0,0.0,-0.05,0.0,0.0,0.0,38.925724637681164,38.925724637681164,38.925724637681164,38.925724637681164,0.2821131434956397,1.1416205791500762,0.0,0.0,0.0,-0.2821131434956397,3.2078650037874468
1.8,0.0,0.0,0.2283729905396198,0.0,0.0,1.1754498142015481,0.0,0.0,0.0,0.0,0.0,0.0,0.0,0.0,0.5,0.0,0.0,0.0,-0.05,0.0,0.0,0.0,38.925724637681164,38.925724637681164,38.925724637681164,38.925724637681164,0.2716270094603802,1.1754498142015481,0.0,0.0,0.0,-0.2716270094603802,3.2114260029629804
1.808,0.0,0.0,0.23908948955644999,0.0,0.0,1.2082723267819933,0.0,0.0,0.0,0.0,0.0,0.0,0.0,0.0,0.5,0.0,0.0,0.0,-0.05,0.0,0.0,0.0,38.925724637681164,38.925724637681164,38.925724637681164,38.925724637681164,0.26091051044355,1.2082723267819933,0.0,0.0,0.0,-0.26091051044355,3.137587998935487
1.816,0.0,0.0,0.2500273478759867,0.0,0.0,1.240064319414012,0.0,0.0,0.0,0.0,0.0,0.0,0.0,0.0,0.5,0.0,0.0,0.0,-0.05,0.0,0.0,0.0,38.925724637681164,38.925724637681164,38.925724637681164,38.925724637681164,0.24997265212401332,1.240064319414012,0.0,0.0,0.0,-0.24997265212401332,3.3119380022981204
1.824,0.0,0.0,0.2611776152111704,0.0,0.0,1.2708081389108021,0.0,0.0,0.0,0.0,0.0,0.0,0.0,0.0,0.5,0.0,0.0,0.0,-0.05,0.0,0.0,0.0,38.925724637681164,38.925724637681164,38.925724637681164,38.925724637681164,0.2388223847888296,1.2708081389108021,0.0,0.0,0.0,-0.2388223847888296,3.197115001967177
1.832,0.0,0.0,0.27253139659477543,0.0,0.0,1.3004910457187677,0.0,0.0,0.0,0.0,0.0,0.0,0.0,0.0,0.5,0.0,0.0,0.0,-0.05,0.0,0.0,0.0,38.925724637681164,38.925724637681164,38.925724637681164,38.925724637681164,0.22746860340522457,1.3004910457187677,0.0,0.0,0.0,-0.22746860340522457,3.1557260008412413
1.84,0.0,0.0,0.28407985230753235,0.0,0.0,1.329104229393937,0.0,0.0,0.0,0.0,0.0,0.0,0.0,0.0,0.5,0.0,0.0,0.0,-0.05,0.0,0.0,0.0,38.925724637681164,38.925724637681164,38.925724637681164,38.925724637681164,0.21592014769246765,1.329104229393937,0.0,0.0,0.0,-0.21592014769246765,3.119941000477411
1.848,0.0,0.0,0.2958141978063441,0.0,0.0,1.356642020985443,0.0,0.0,0.0,0.0,0.0,0.0,0.0,0.0,0.5,0.0,0.0,0.0,-0.05,0.0,0.0,0.0,38.925724637681164,38.925724637681164,38.925724637681164,38.925724637681164,0.2041858021936559,1.356642020985443,0.0,0.0,0.0,-0.2041858021936559,3.0782449975959025
1.856,0.0,0.0,0.30772570365259516,0.0,0.0,1.3831012629446309,0.0,0.0,0.0,0.0,0.0,0.0,0.0,0.0,0.5,0.0,0.0,0.0,-0.05,0.0,0.0,0.0,38.925724637681164,38.925724637681164,38.925724637681164,38.925724637681164,0.19227429634740484,1.3831012629446309,0.0,0.0,0.0,-0.19227429634740484,3.321386997413356
1.864,0.0,0.0,0.31980569544055387,0.0,0.0,1.4084808050546722,0.0,0.0,0.0,0.0,0.0,0.0,0.0,0.0,0.5,0.0,0.0,0.0,-0.05,0.0,0.0,0.0,38.925724637681164,38.925724637681164,38.925724637681164,38.925724637681164,0.18019430455944613,1.4084808050546722,0.0,0.0,0.0,-0.18019430455944613,3.0668879990116693
1.872,0.0,0.0,0.33204555372586797,0.0,0.0,1.43278110117659,0.0,0.0,0.0,0.0,0.0,0.0,0.0,0.0,0.5,0.0,0.0,0.0,-0.05,0.0,0.0,0.0,38.925724637681164,38.925724637681164,38.925724637681164,38.925724637681164,0.16795444627413203,1.43278110117659,0.0,0.0,0.0,-0.16795444627413203,3.183995002473239
1.8800000000000001,0.0,0.0,0.3444367139541528,0.0,0.0,1.456003886648393,0.0,0.0,0.0,0.0,0.0,0.0,0.0,0.0,0.5,0.0,0.0,0.0,-0.05,0.0,0.0,0.0,38.925724637681164,38.925724637681164,38.925724637681164,38.925724637681164,0.15556328604584718,1.456003886648393,0.0,0.0,0.0,-0.15556328604584718,3.076089000387583
1.8880000000000001,0.0,0.0,0.35697066638967245,0.0,0.0,1.478151920206705,0.0,0.0,0.0,0.0,0.0,0.0,0.0,0.0,0.5,0.0,0.0,0.0,-0.05,0.0,0.0,0.0,38.925724637681164,38.925724637681164,38.925724637681164,38.925724637681164,0.14302933361032755,1.478151920206705,0.0,0.0,0.0,-0.14302933361032755,3.046876998268999
1.8960000000000001,0.0,0.0,0.36963895604411356,0.0,0.0,1.4992287775263915,0.0,0.0,0.0,0.0,0.0,0.0,0.0,0.0,0.5,0.0,0.0,0.0,-0.05,0.0,0.0,0.0,38.925724637681164,38.925724637681164,38.925724637681164,38.925724637681164,0.13036104395588644,1.4992287775263915,0.0,0.0,0.0,-0.13036104395588644,3.1492859998252243
1.9040000000000001,0.0,0.0,0.38243318260545156,0.0,0.0,1.5192386860545628,0.0,0.0,0.0,0.0,0.0,0.0,0.0,0.0,0.5,0.0,0.0,0.0,-0.05,0.0,0.0,0.0,38.925724637681164,38.925724637681164,38.925724637681164,38.925724637681164,0.11756681739454844,1.5192386860545628,0.0,0.0,0.0,-0.11756681739454844,3.17911399906734
1.9120000000000001,0.0,0.0,0.39534500036690945,0.0,0.0,1.5381863928800972,0.0,0.0,0.0,0.0,0.0,0.0,0.0,0.0,0.5,0.0,0.0,0.0,-0.05,0.0,0.0,0.0,38.925724637681164,38.925724637681164,38.925724637681164,38.925724637681164,0.10465499963309055,1.5381863928800972,0.0,0.0,0.0,-0.10465499963309055,3.122487003565766
1.92,0.0,0.0,0.40836611815600893,0.0,0.0,1.5560770590315736,0.0,0.0,0.0,0.0,0.0,0.0,0.0,0.0,0.5,0.0,0.0,0.0,-0.05,0.0,0.0,0.0,38.925724637681164,38.925724637681164,38.925724637681164,38.925724637681164,0.09163388184399107,1.5560770590315736,0.0,0.0,0.0,-0.09163388184399107,2.9918040017946623
1.928,0.0,0.0,0.4214882992637134,0.0,0.0,1.5729161749178704,0.0,0.0,0.0,0.0,0.0,0.0,0.0,0.0,0.5,0.0,0.0,0.0,-0.05,0.0,0.0,0.0,38.925724637681164,38.925724637681164,38.925724637681164,38.925724637681164,0.0785117007362866,1.5729161749178704,0.0,0.0,0.0,-0.0785117007362866,3.0163659976096824
1.936,0.0,0.0,0.43470336137366344,0.0,0.0,1.5887094926830474,0.0,0.0,0.0,0.0,0.0,0.0,0.0,0.0,0.5,0.0,0.0,0.0,-0.05,0.0,0.0,0.0,38.925724637681164,38.925724637681164,38.925724637681164,38.925724637681164,0.06529663862633656,1.5887094926830474,0.0,0.0,0.0,-0.06529663862633656,2.943980995041784
1.944,0.0,0.0,0.448003176491504,0.0,0.0,1.6034629720924518,0.0,0.0,0.0,0.0,0.0,0.0,0.0,0.0,0.5,0.0,0.0,0.0,-0.05,0.0,0.0,0.0,38.925724637681164,38.925724637681164,38.925724637681164,38.925724637681164,0.05199682350849599,1.6034629720924518,0.0,0.0,0.0,-0.05199682350849599,2.9063259935355745
1.952,0.0,0.0,0.4613796708743034,0.0,0.0,1.617182737243947,0.0,0.0,0.0,0.0,0.0,0.0,0.0,0.0,0.5,0.0,0.0,0.0,-0.05,0.0,0.0,0.0,38.925724637681164,38.925724637681164,38.925724637681164,38.925724637681164,0.03862032912569657,1.617182737243947,0.0,0.0,0.0,-0.03862032912569657,3.0874200019752607
1.96,0.0,0.0,0.4748248249600643,0.0,0.0,1.6298750419391788,0.0,0.0,0.0,0.0,0.0,0.0,0.0,0.0,0.5,0.0,0.0,0.0,-0.05,0.0,0.0,0.0,38.925724637681164,38.925724637681164,38.925724637681164,38.925724637681164,0.025175175039935715,1.6298750419391788,0.0,0.0,0.0,-0.025175175039935715,3.182999003911391
1.968,0.0,0.0,0.48833067329732566,0.0,0.0,1.6415462419828772,0.0,0.0,0.0,0.0,0.0,0.0,0.0,0.0,0.5,0.0,0.0,0.0,-0.05,0.0,0.0,0.0,38.925724637681164,38.925724637681164,38.925724637681164,38.925724637681164,0.011669326702674343,1.6415462419828772,0.0,0.0,0.0,-0.011669326702674343,3.0236770035116933
1.976,0.0,0.0,0.501889304474857,0.0,0.0,1.6522027730245858,0.0,0.0,0.0,0.0,0.0,0.0,0.0,0.0,0.5,0.0,0.0,0.0,-0.05,0.0,0.0,0.0,38.925724637681164,38.925724637681164,38.925724637681164,38.925724637681164,0.0018893044748570231,1.6522027730245858,0.0,0.0,0.0,0.0018893044748570231,3.0079680000199005
1.984,0.0,0.0,0.5154928610514433,0.0,0.0,1.6618511328343257,0.0,0.0,0.0,0.0,0.0,0.0,0.0,0.0,0.5,0.0,0.0,0.0,-0.05,0.0,0.0,0.0,38.925724637681164,38.925724637681164,38.925724637681164,38.925724637681164,0.015492861051443318,1.6618511328343257,0.0,0.0,0.0,0.015492861051443318,3.1284950018743984
1.992,0.0,0.0,0.5291335394857615,0.0,0.0,1.6704978671254143,0.0,0.0,0.0,0.0,0.0,0.0,0.0,0.0,0.5,0.0,0.0,0.0,-0.05,0.0,0.0,0.0,38.925724637681164,38.925724637681164,38.925724637681164,38.925724637681164,0.029133539485761473,1.6704978671254143,0.0,0.0,0.0,0.029133539485761473,2.993237998452969
2.0,0.0,0.0,0.5428035900663479,0.0,0.0,1.6781495582149928,0.0,0.0,0.0,0.0,0.0,0.0,0.0,0.0,0.5,0.0,0.0,0.0,-0.05,0.0,0.0,0.0,38.925724637681164,38.925724637681164,38.925724637681164,38.925724637681164,0.04280359006634793,1.6781495582149928,0.0,0.0,0.0,0.04280359006634793,2.938507001090329
2.008,0.0,0.0,0.556495316841657,0.0,0.0,1.6848128159547204,0.0,0.0,0.0,0.0,0.0,0.0,0.0,0.0,0.5,0.0,0.0,0.0,-0.05,0.0,0.0,0.0,38.925724637681164,38.925724637681164,38.925724637681164,38.925724637681164,0.056495316841656984,1.6848128159547204,0.0,0.0,0.0,0.056495316841656984,2.942398001323454
2.016,0.0,0.0,0.5702010775502103,0.0,0.0,1.6904942704776096,0.0,0.0,0.0,0.0,0.0,0.0,0.0,0.0,0.5,0.0,0.0,0.0,-0.05,0.0,0.0,0.0,38.925724637681164,38.925724637681164,38.925724637681164,38.925724637681164,0.07020107755021032,1.6904942704776096,0.0,0.0,0.0,0.07020107755021032,2.825955001753755
2.024,0.0,0.0,0.5839132835508372,0.0,0.0,1.6952005663977583,0.0,0.0,0.0,0.0,0.0,0.0,0.0,0.0,0.5,0.0,0.0,0.0,-0.05,0.0,0.0,0.0,38.925724637681164,38.925724637681164,38.925724637681164,38.925724637681164,0.08391328355083716,1.6952005663977583,0.0,0.0,0.0,0.08391328355083716,2.867126000637654
2.032,0.0,0.0,0.5976243997530049,0.0,0.0,1.698938358172399,0.0,0.0,0.0,0.0,0.0,0.0,0.0,0.0,0.5,0.0,0.0,0.0,-0.05,0.0,0.0,0.0,38.925724637681164,38.925724637681164,38.925724637681164,38.925724637681164,0.09762439975300485,1.698938358172399,0.0,0.0,0.0,0.09762439975300485,2.8655850037466735
2.04,0.0,0.0,0.6113269445472405,0.0,0.0,1.7017143063938092,0.0,0.0,0.0,0.0,0.0,0.0,0.0,0.0,0.5,0.0,0.0,0.0,-0.05,0.0,0.0,0.0,38.925724637681164,38.925724637681164,38.925724637681164,38.925724637681164,0.11132694454724046,1.7017143063938092,0.0,0.0,0.0,0.11132694454724046,2.783209005428944
2.048,0.0,0.0,0.6250134897356422,0.0,0.0,1.7035350748250904,0.0,0.0,0.0,0.0,0.0,0.0,0.0,0.0,0.5,0.0,0.0,0.0,-0.05,0.0,0.0,0.0,38.925724637681164,38.925724637681164,38.925724637681164,38.925724637681164,0.1250134897356422,1.7035350748250904,0.0,0.0,0.0,0.1250134897356422,2.7148160006618127
2.056,0.0,0.0,0.6386766604624816,0.0,0.0,1.7044073280310577,0.0,0.0,0.0,0.0,0.0,0.0,0.0,0.0,0.5,0.0,0.0,0.0,-0.05,0.0,0.0,0.0,38.925724637681164,38.925724637681164,38.925724637681164,38.925724637681164,0.13867666046248162,1.7044073280310577,0.0,0.0,0.0,0.13867666046248162,2.737662995059509
2.064,0.0,0.0,0.6523091351448957,0.0,0.0,1.7043377294851993,0.0,0.0,0.0,0.0,0.0,0.0,0.0,0.0,0.5,0.0,0.0,0.0,-0.05,0.0,0.0,0.0,38.925724637681164,38.925724637681164,38.925724637681164,38.925724637681164,0.15230913514489575,1.7043377294851993,0.0,0.0,0.0,0.15230913514489575,2.803229996061418
2.072,0.0,0.0,0.6659036454036691,0.0,0.0,1.7033329400574928,0.0,0.0,0.0,0.0,0.0,0.0,0.0,0.0,0.5,0.0,0.0,0.0,-0.05,0.0,0.0,0.0,38.925724637681164,38.925724637681164,38.925724637681164,38.925724637681164,0.1659036454036691,1.7033329400574928,0.0,0.0,0.0,0.1659036454036691,2.671388996532187
2.08,0.0,0.0,0.6794529759941061,0.0,0.0,1.7013996168069205,0.0,0.0,0.0,0.0,0.0,0.0,0.0,0.0,0.5,0.0,0.0,0.0,-0.05,0.0,0.0,0.0,38.925724637681164,38.925724637681164,38.925724637681164,38.925724637681164,0.17945297599410615,1.7013996168069205,0.0,0.0,0.0,0.17945297599410615,3.243056002247613
2.088,0.0,0.0,0.692949964736993,0.0,0.0,1.6985444120177076,0.0,0.0,0.0,0.0,0.0,0.0,0.0,0.0,0.5,0.0,0.0,0.0,-0.05,0.0,0.0,0.0,38.925724637681164,38.925724637681164,38.925724637681164,38.925724637681164,0.192949964736993,1.6985444120177076,0.0,0.0,0.0,0.192949964736993,2.666503998625558
2.096,0.0,0.0,0.7063875024496493,0.0,0.0,1.694773972430574,0.0,0.0,0.0,0.0,0.0,0.0,0.0,0.0,0.5,0.0,0.0,0.0,-0.05,0.0,0.0,0.0,38.925724637681164,38.925724637681164,38.925724637681164,38.925724637681164,0.20638750244964932,1.694773972430574,0.0,0.0,0.0,0.20638750244964932,2.529037003114354
2.104,0.0,0.0,0.7197585328770693,0.0,0.0,1.6900949386299575,0.0,0.0,0.0,0.0,0.0,0.0,0.0,0.0,0.5,0.0,0.0,0.0,-0.05,0.0,0.0,0.0,38.925724637681164,38.925724637681164,38.925724637681164,38.925724637681164,0.21975853287706926,1.6900949386299575,0.0,0.0,0.0,0.21975853287706926,2.479763003066182
2.112,0.0,0.0,0.7330590084317037,0.0,0.0,1.6845878397698266,0.0,0.0,0.0,0.0,0.0,0.0,0.0,0.0,0.5,0.0,0.0,0.0,-0.05,0.0,0.0,0.0,38.925724637681164,38.925724637681164,38.925724637681164,38.925724637681164,0.23305900843170368,1.6845878397698266,0.0,0.0,0.0,0.23305900843170368,2.5378749996889383
2.12,0.0,0.0,0.7462890207859648,0.0,0.0,1.6784205806723893,0.0,0.0,0.0,0.0,0.0,0.0,0.0,0.0,0.5,0.0,0.0,0.0,-0.05,0.0,0.0,0.0,38.925724637681164,38.925724637681164,38.925724637681164,38.925724637681164,0.24628902078596482,1.6784205806723893,0.0,0.0,0.0,0.24628902078596482,2.651106995472219
2.128,0.0,0.0,0.7594486614931544,0.0,0.0,1.6717274822176502,0.0,0.0,0.0,0.0,0.0,0.0,0.0,0.0,0.5,0.0,0.0,0.0,-0.05,0.0,0.0,0.0,38.925724637681164,38.925724637681164,38.925724637681164,38.925724637681164,0.2594486614931544,1.6717274822176502,0.0,0.0,0.0,0.2594486614931544,2.519198002119083
2.136,0.0,0.0,0.7725380219876182,0.0,0.0,1.6646159981357163,0.0,0.0,0.0,0.0,0.0,0.0,0.0,0.0,0.5,0.0,0.0,0.0,-0.05,0.0,0.0,0.0,38.925724637681164,38.925724637681164,38.925724637681164,38.925724637681164,0.27253802198761823,1.6646159981357163,0.0,0.0,0.0,0.27253802198761823,2.4511150040780194
2.144,0.0,0.0,0.785557193584901,0.0,0.0,1.657172088440641,0.0,0.0,0.0,0.0,0.0,0.0,0.0,0.0,0.5,0.0,0.0,0.0,-0.05,0.0,0.0,0.0,38.925724637681164,38.925724637681164,38.925724637681164,38.925724637681164,0.28555719358490095,1.657172088440641,0.0,0.0,0.0,0.28555719358490095,2.3536619992228225
2.152,0.0,0.0,0.7985062674819003,0.0,0.0,1.6494645181774974,0.0,0.0,0.0,0.0,0.0,0.0,0.0,0.0,0.5,0.0,0.0,0.0,-0.05,0.0,0.0,0.0,38.925724637681164,38.925724637681164,38.925724637681164,38.925724637681164,0.29850626748190034,1.6494645181774974,0.0,0.0,0.0,0.29850626748190034,2.4801439940347336
2.16,0.0,0.0,0.8113853347570213,0.0,0.0,1.6415482964200228,0.0,0.0,0.0,0.0,0.0,0.0,0.0,0.0,0.5,0.0,0.0,0.0,-0.05,0.0,0.0,0.0,38.925724637681164,38.925724637681164,38.925724637681164,38.925724637681164,0.31138533475702135,1.6415482964200228,0.0,0.0,0.0,0.31138533475702135,2.5001190006150864
2.168,0.0,0.0,0.8241944863703301,0.0,0.0,1.6334674274687369,0.0,0.0,0.0,0.0,0.0,0.0,0.0,0.0,0.5,0.0,0.0,0.0,-0.05,0.0,0.0,0.0,38.925724637681164,38.925724637681164,38.925724637681164,38.925724637681164,0.3241944863703301,1.6334674274687369,0.0,0.0,0.0,0.3241944863703301,2.735579000727739
2.176,0.0,0.0,0.836933813163708,0.0,0.0,1.6252571118094357,0.0,0.0,0.0,0.0,0.0,0.0,0.0,0.0,0.5,0.0,0.0,0.0,-0.05,0.0,0.0,0.0,38.925724637681164,38.925724637681164,38.925724637681164,38.925724637681164,0.33693381316370796,1.6252571118094357,0.0,0.0,0.0,0.33693381316370796,2.389178000157699
2.184,0.0,0.0,0.8496034058610046,0.0,0.0,1.6169455068799639,0.0,0.0,0.0,0.0,0.0,0.0,0.0,0.0,0.5,0.0,0.0,0.0,-0.05,0.0,0.0,0.0,38.925724637681164,38.925724637681164,38.925724637681164,38.925724637681164,0.3496034058610046,1.6169455068799639,0.0,0.0,0.0,0.3496034058610046,2.303540997672826
2.192,0.0,0.0,0.8622033550681916,0.0,0.0,1.6085551356836456,0.0,0.0,0.0,0.0,0.0,0.0,0.0,0.0,0.5,0.0,0.0,0.0,-0.05,0.0,0.0,0.0,38.925724637681164,38.925724637681164,38.925724637681164,38.925724637681164,0.36220335506819157,1.6085551356836456,0.0,0.0,0.0,0.36220335506819157,2.290953998453915
2.2,0.0,0.0,0.8747337512735157,0.0,0.0,1.60010401368002,0.0,0.0,0.0,0.0,0.0,0.0,0.0,0.0,0.5,0.0,0.0,0.0,-0.05,0.0,0.0,0.0,38.925724637681164,38.925724637681164,38.925724637681164,38.925724637681164,0.3747337512735157,1.60010401368002,0.0,0.0,0.0,0.3747337512735157,2.325584995560348
2.208,0.0,0.0,0.8871946848476517,0.0,0.0,1.5916065502974164,0.0,0.0,0.0,0.0,0.0,0.0,0.0,0.0,0.5,0.0,0.0,0.0,-0.05,0.0,0.0,0.0,38.925724637681164,38.925724637681164,38.925724637681164,38.925724637681164,0.38719468484765174,1.5916065502974164,0.0,0.0,0.0,0.38719468484765174,2.5856370048131794
2.216,0.0,0.0,0.8995862460438552,0.0,0.0,1.5830742701430187,0.0,0.0,0.0,0.0,0.0,0.0,0.0,0.0,0.5,0.0,0.0,0.0,-0.05,0.0,0.0,0.0,38.925724637681164,38.925724637681164,38.925724637681164,38.925724637681164,0.3995862460438552,1.5830742701430187,0.0,0.0,0.0,0.3995862460438552,2.5263400020776317
2.224,0.0,0.0,0.9119085249981149,0.0,0.0,1.5745163899709085,0.0,0.0,0.0,0.0,0.0,0.0,0.0,0.0,0.5,0.0,0.0,0.0,-0.05,0.0,0.0,0.0,38.925724637681164,38.925724637681164,38.925724637681164,38.925724637681164,0.4119085249981149,1.5745163899709085,0.0,0.0,0.0,0.4119085249981149,2.423830002953764
2.232,0.0,0.0,0.9241616117293056,0.0,0.0,1.5659402802564923,0.0,0.0,0.0,0.0,0.0,0.0,0.0,0.0,0.5,0.0,0.0,0.0,-0.05,0.0,0.0,0.0,38.925724637681164,38.925724637681164,38.925724637681164,38.925724637681164,0.42416161172930555,1.5659402802564923,0.0,0.0,0.0,0.42416161172930555,2.4143650007317774
2.24,0.0,0.0,0.9363455961393395,0.0,0.0,1.5573518344560435,0.0,0.0,0.0,0.0,0.0,0.0,0.0,0.0,0.5,0.0,0.0,0.0,-0.05,0.0,0.0,0.0,38.925724637681164,38.925724637681164,38.925724637681164,38.925724637681164,0.43634559613933954,1.5573518344560435,0.0,0.0,0.0,0.43634559613933954,2.326979003555607
2.248,0.0,0.0,0.9484605680133191,0.0,0.0,1.5487557644143242,0.0,0.0,0.0,0.0,0.0,0.0,0.0,0.0,0.5,0.0,0.0,0.0,-0.05,0.0,0.0,0.0,38.925724637681164,38.925724637681164,38.925724637681164,38.925724637681164,0.4484605680133191,1.5487557644143242,0.0,0.0,0.0,0.4484605680133191,2.471501000400167
2.2560000000000002,0.0,0.0,0.9605066170196883,0.0,0.0,1.540155836690689,0.0,0.0,0.0,0.0,0.0,0.0,0.0,0.0,0.5,0.0,0.0,0.0,-0.05,0.0,0.0,0.0,38.925724637681164,38.925724637681164,38.925724637681164,38.925724637681164,0.4605066170196883,1.540155836690689,0.0,0.0,0.0,0.4605066170196883,2.7100279985461384
2.2640000000000002,0.0,0.0,0.9724838327103842,0.0,0.0,1.5315550616199478,0.0,0.0,0.0,0.0,0.0,0.0,0.0,0.0,0.5,0.0,0.0,0.0,-0.05,0.0,0.0,0.0,38.925724637681164,38.925724637681164,38.925724637681164,38.925724637681164,0.4724838327103842,1.5315550616199478,0.0,0.0,0.0,0.4724838327103842,2.5260000038542785
2.2720000000000002,0.0,0.0,0.9843923045209886,0.0,0.0,1.522955844561068,0.0,0.0,0.0,0.0,0.0,0.0,0.0,0.0,0.5,0.0,0.0,0.0,-0.05,0.0,0.0,0.0,38.925724637681164,38.925724637681164,38.925724637681164,38.925724637681164,0.4843923045209886,1.522955844561068,0.0,0.0,0.0,0.4843923045209886,2.3812180006643757
2.2800000000000002,0.0,0.0,0.9962321217708788,0.0,0.0,1.5143601068961106,0.0,0.0,0.0,0.0,0.0,0.0,0.0,0.0,0.5,0.0,0.0,0.0,-0.05,0.0,0.0,0.0,38.925724637681164,38.925724637681164,38.925724637681164,38.925724637681164,0.49623212177087883,1.5143601068961106,0.0,0.0,0.0,0.49623212177087883,2.523101997212507
2.2880000000000003,0.0,0.0,1.0080033736633793,0.0,0.0,1.505769382829401,0.0,0.0,0.0,0.0,0.0,0.0,0.0,0.0,0.5,0.0,0.0,0.0,-0.05,0.0,0.0,0.0,38.925724637681164,38.925724637681164,38.925724637681164,38.925724637681164,0.5080033736633793,1.505769382829401,0.0,0.0,0.0,0.5080033736633793,2.3432299931300804
2.2960000000000003,0.0,0.0,1.0197061492859116,0.0,0.0,1.4971848968268282,0.0,0.0,0.0,0.0,0.0,0.0,0.0,0.0,0.5,0.0,0.0,0.0,-0.05,0.0,0.0,0.0,38.925724637681164,38.925724637681164,38.925724637681164,38.925724637681164,0.5197061492859116,1.4971848968268282,0.0,0.0,0.0,0.5197061492859116,2.401917001407128
2.3040000000000003,0.0,0.0,1.0313405376101457,0.0,0.0,1.488607625567313,0.0,0.0,0.0,0.0,0.0,0.0,0.0,0.0,0.5,0.0,0.0,0.0,-0.05,0.0,0.0,0.0,38.925724637681164,38.925724637681164,38.925724637681164,38.925724637681164,0.5313405376101457,1.488607625567313,0.0,0.0,0.0,0.5313405376101457,2.3210209983517416
2.312,0.0,0.0,1.04290662749215,0.0,0.0,1.4800383475039725,0.0,0.0,0.0,0.0,0.0,0.0,0.0,0.0,0.5,0.0,0.0,0.0,-0.05,0.0,0.0,0.0,38.925724637681164,38.925724637681164,38.925724637681164,38.925724637681164,0.5429066274921499,1.4800383475039725,0.0,0.0,0.0,0.5429066274921499,2.352083000005223
2.32,0.0,0.0,1.0544045076725415,0.0,0.0,1.4714776825129665,0.0,0.0,0.0,0.0,0.0,0.0,0.0,0.0,0.5,0.0,0.0,0.0,-0.05,0.0,0.0,0.0,38.925724637681164,38.925724637681164,38.925724637681164,38.925724637681164,0.5544045076725415,1.4714776825129665,0.0,0.0,0.0,0.5544045076725415,2.27654699847335
2.328,0.0,0.0,1.065834266776636,0.0,0.0,1.4629261236127382,0.0,0.0,0.0,0.0,0.0,0.0,0.0,0.0,0.5,0.0,0.0,0.0,-0.05,0.0,0.0,0.0,38.925724637681164,38.925724637681164,38.925724637681164,38.925724637681164,0.5658342667766361,1.4629261236127382,0.0,0.0,0.0,0.5658342667766361,2.4203529974329285
2.336,0.0,0.0,1.0771959933145983,0.0,0.0,1.4543840623392452,0.0,0.0,0.0,0.0,0.0,0.0,0.0,0.0,0.5,0.0,0.0,0.0,-0.05,0.0,0.0,0.0,38.925724637681164,38.925724637681164,38.925724637681164,38.925724637681164,0.5771959933145983,1.4543840623392452,0.0,0.0,0.0,0.5771959933145983,2.278056002978701
2.344,0.0,0.0,1.0884897756815906,0.0,0.0,1.4458518090462036,0.0,0.0,0.0,0.0,0.0,0.0,0.0,0.0,0.5,0.0,0.0,0.0,-0.05,0.0,0.0,0.0,38.925724637681164,38.925724637681164,38.925724637681164,38.925724637681164,0.5884897756815906,1.4458518090462036,0.0,0.0,0.0,0.5884897756815906,2.3869459982961416
2.352,0.0,0.0,1.0997157021579231,0.0,0.0,1.4373296091452772,0.0,0.0,0.0,0.0,0.0,0.0,0.0,0.0,0.5,0.0,0.0,0.0,-0.05,0.0,0.0,0.0,38.925724637681164,38.925724637681164,38.925724637681164,38.925724637681164,0.5997157021579231,1.4373296091452772,0.0,0.0,0.0,0.5997157021579231,2.3135160008678213
2.36,0.0,0.0,1.1108738609092028,0.0,0.0,1.4288176560982135,0.0,0.0,0.0,0.0,0.0,0.0,0.0,0.0,0.5,0.0,0.0,0.0,-0.05,0.0,0.0,0.0,38.925724637681164,38.925724637681164,38.925724637681164,38.925724637681164,0.6108738609092028,1.4288176560982135,0.0,0.0,0.0,0.6108738609092028,2.270589000545442
2.368,0.0,0.0,1.1219643399864825,0.0,0.0,1.4203161018105623,0.0,0.0,0.0,0.0,0.0,0.0,0.0,0.0,0.5,0.0,0.0,0.0,-0.05,0.0,0.0,0.0,38.925724637681164,38.925724637681164,38.925724637681164,38.925724637681164,0.6219643399864825,1.4203161018105623,0.0,0.0,0.0,0.6219643399864825,2.1964080006000586
2.376,0.0,0.0,1.1329872273264094,0.0,0.0,1.4118250649466235,0.0,0.0,0.0,0.0,0.0,0.0,0.0,0.0,0.5,0.0,0.0,0.0,-0.05,0.0,0.0,0.0,38.925724637681164,38.925724637681164,38.925724637681164,38.925724637681164,0.6329872273264094,1.4118250649466235,0.0,0.0,0.0,0.6329872273264094,2.221817005192861
2.384,0.0,0.0,1.1439426107513746,0.0,0.0,1.4033446375814276,0.0,0.0,0.0,0.0,0.0,0.0,0.0,0.0,0.5,0.0,0.0,0.0,-0.05,0.0,0.0,0.0,38.925724637681164,38.925724637681164,38.925724637681164,38.925724637681164,0.6439426107513746,1.4033446375814276,0.0,0.0,0.0,0.6439426107513746,2.1930110015091486
2.392,0.0,0.0,1.1548305779696606,0.0,0.0,1.3948748905222919,0.0,0.0,0.0,0.0,0.0,0.0,0.0,0.0,0.5,0.0,0.0,0.0,-0.05,0.0,0.0,0.0,38.925724637681164,38.925724637681164,38.925724637681164,38.925724637681164,0.6548305779696606,1.3948748905222919,0.0,0.0,0.0,0.6548305779696606,2.364965999731794
2.4,0.0,0.0,1.1656512165755901,0.0,0.0,1.3864158775660713,0.0,0.0,0.0,0.0,0.0,0.0,0.0,0.0,0.5,0.0,0.0,0.0,-0.05,0.0,0.0,0.0,38.925724637681164,38.925724637681164,38.925724637681164,38.925724637681164,0.6656512165755901,1.3864158775660713,0.0,0.0,0.0,0.6656512165755901,2.2916259986232035
2.408,0.0,0.0,1.1764046140496738,0.0,0.0,1.3779676389049484,0.0,0.0,0.0,0.0,0.0,0.0,0.0,0.0,0.5,0.0,0.0,0.0,-0.05,0.0,0.0,0.0,38.925724637681164,38.925724637681164,38.925724637681164,38.925724637681164,0.6764046140496738,1.3779676389049484,0.0,0.0,0.0,0.6764046140496738,2.2578799980692565
2.416,0.0,0.0,1.1870908577587584,0.0,0.0,1.3695302038510753,0.0,0.0,0.0,0.0,0.0,0.0,0.0,0.0,0.5,0.0,0.0,0.0,-0.05,0.0,0.0,0.0,38.925724637681164,38.925724637681164,38.925724637681164,38.925724637681164,0.6870908577587584,1.3695302038510753,0.0,0.0,0.0,0.6870908577587584,2.4275260002468713
2.424,0.0,0.0,1.1977100349561745,0.0,0.0,1.3611035930162603,0.0,0.0,0.0,0.0,0.0,0.0,0.0,0.0,0.5,0.0,0.0,0.0,-0.05,0.0,0.0,0.0,38.925724637681164,38.925724637681164,38.925724637681164,38.925724637681164,0.6977100349561745,1.3611035930162603,0.0,0.0,0.0,0.6977100349561745,2.2605690028285608
2.432,0.0,0.0,1.2082622327818835,0.0,0.0,1.3526878200557342,0.0,0.0,0.0,0.0,0.0,0.0,0.0,0.0,0.5,0.0,0.0,0.0,-0.05,0.0,0.0,0.0,38.925724637681164,38.925724637681164,38.925724637681164,38.925724637681164,0.7082622327818835,1.3526878200557342,0.0,0.0,0.0,0.7082622327818835,2.2192949982127175
2.44,0.0,0.0,1.2187475382626256,0.0,0.0,1.34428289306314,0.0,0.0,0.0,0.0,0.0,0.0,0.0,0.0,0.5,0.0,0.0,0.0,-0.05,0.0,0.0,0.0,38.925724637681164,38.925724637681164,38.925724637681164,38.925724637681164,0.7187475382626256,1.34428289306314,0.0,0.0,0.0,0.7187475382626256,2.226014999905601
2.448,0.0,0.0,1.2291660383120664,0.0,0.0,1.3358888156865314,0.0,0.0,0.0,0.0,0.0,0.0,0.0,0.0,0.5,0.0,0.0,0.0,-0.05,0.0,0.0,0.0,38.925724637681164,38.925724637681164,38.925724637681164,38.925724637681164,0.7291660383120664,1.3358888156865314,0.0,0.0,0.0,0.7291660383120664,2.294466001330875
2.456,0.0,0.0,1.239517819730944,0.0,0.0,1.327505588021165,0.0,0.0,0.0,0.0,0.0,0.0,0.0,0.0,0.5,0.0,0.0,0.0,-0.05,0.0,0.0,0.0,38.925724637681164,38.925724637681164,38.925724637681164,38.925724637681164,0.739517819730944,1.327505588021165,0.0,0.0,0.0,0.739517819730944,2.253556995128747
2.464,0.0,0.0,1.249802969207216,0.0,0.0,1.3191332073237294,0.0,0.0,0.0,0.0,0.0,0.0,0.0,0.0,0.5,0.0,0.0,0.0,-0.05,0.0,0.0,0.0,38.925724637681164,38.925724637681164,38.925724637681164,38.925724637681164,0.7498029692072159,1.3191332073237294,0.0,0.0,0.0,0.7498029692072159,2.273910999065265
2.472,0.0,0.0,1.2600215733162052,0.0,0.0,1.3107716685837167,0.0,0.0,0.0,0.0,0.0,0.0,0.0,0.0,0.5,0.0,0.0,0.0,-0.05,0.0,0.0,0.0,38.925724637681164,38.925724637681164,38.925724637681164,38.925724637681164,0.7600215733162052,1.3107716685837167,0.0,0.0,0.0,0.7600215733162052,2.3177819966804236
2.48,0.0,0.0,1.2701737185207473,0.0,0.0,1.3024209649805258,0.0,0.0,0.0,0.0,0.0,0.0,0.0,0.0,0.5,0.0,0.0,0.0,-0.05,0.0,0.0,0.0,38.925724637681164,38.925724637681164,38.925724637681164,38.925724637681164,0.7701737185207473,1.3024209649805258,0.0,0.0,0.0,0.7701737185207473,2.150981999875512
2.488,0.0,0.0,1.2802594911713356,0.0,0.0,1.294081088249128,0.0,0.0,0.0,0.0,0.0,0.0,0.0,0.0,0.5,0.0,0.0,0.0,-0.05,0.0,0.0,0.0,38.925724637681164,38.925724637681164,38.925724637681164,38.925724637681164,0.7802594911713356,1.294081088249128,0.0,0.0,0.0,0.7802594911713356,2.3247940043802373
2.496,0.0,0.0,1.290278977506268,0.0,0.0,1.2857520289726103,0.0,0.0,0.0,0.0,0.0,0.0,0.0,0.0,0.5,0.0,0.0,0.0,-0.05,0.0,0.0,0.0,38.925724637681164,38.925724637681164,38.925724637681164,38.925724637681164,0.790278977506268,1.2857520289726103,0.0,0.0,0.0,0.790278977506268,2.253350001410581
2.504,0.0,0.0,1.300232263651792,0.0,0.0,1.2774337768161892,0.0,0.0,0.0,0.0,0.0,0.0,0.0,0.0,0.5,0.0,0.0,0.0,-0.05,0.0,0.0,0.0,38.925724637681164,38.925724637681164,38.925724637681164,38.925724637681164,0.800232263651792,1.2774337768161892,0.0,0.0,0.0,0.800232263651792,2.2872409972478636
2.512,0.0,0.0,1.3101194356222512,0.0,0.0,1.2691263207144308,0.0,0.0,0.0,0.0,0.0,0.0,0.0,0.0,0.5,0.0,0.0,0.0,-0.05,0.0,0.0,0.0,38.925724637681164,38.925724637681164,38.925724637681164,38.925724637681164,0.8101194356222512,1.2691263207144308,0.0,0.0,0.0,0.8101194356222512,2.3814640007913113
2.52,0.0,0.0,1.3199405793202297,0.0,0.0,1.2608296490210065,0.0,0.0,0.0,0.0,0.0,0.0,0.0,0.0,0.5,0.0,0.0,0.0,-0.05,0.0,0.0,0.0,38.925724637681164,38.925724637681164,38.925724637681164,38.925724637681164,0.8199405793202297,1.2608296490210065,0.0,0.0,0.0,0.8199405793202297,2.2884589998284355
2.528,0.0,0.0,1.3296957805366982,0.0,0.0,1.252543749628519,0.0,0.0,0.0,0.0,0.0,0.0,0.0,0.0,0.5,0.0,0.0,0.0,-0.05,0.0,0.0,0.0,38.925724637681164,38.925724637681164,38.925724637681164,38.925724637681164,0.8296957805366982,1.252543749628519,0.0,0.0,0.0,0.8296957805366982,2.2091199934948236
2.536,0.0,0.0,1.3393851249511588,0.0,0.0,1.2442686100643292,0.0,0.0,0.0,0.0,0.0,0.0,0.0,0.0,0.5,0.0,0.0,0.0,-0.05,0.0,0.0,0.0,38.925724637681164,38.925724637681164,38.925724637681164,38.925724637681164,0.8393851249511588,1.2442686100643292,0.0,0.0,0.0,0.8393851249511588,2.202149000368081
2.544,0.0,0.0,1.349008698131789,0.0,0.0,1.2360042175672188,0.0,0.0,0.0,0.0,0.0,0.0,0.0,0.0,0.5,0.0,0.0,0.0,-0.05,0.0,0.0,0.0,38.925724637681164,38.925724637681164,38.925724637681164,38.925724637681164,0.849008698131789,1.2360042175672188,0.0,0.0,0.0,0.849008698131789,2.2269249966484495
2.552,0.0,0.0,1.3585665855355875,0.0,0.0,1.227750559148737,0.0,0.0,0.0,0.0,0.0,0.0,0.0,0.0,0.5,0.0,0.0,0.0,-0.05,0.0,0.0,0.0,38.925724637681164,38.925724637681164,38.925724637681164,38.925724637681164,0.8585665855355875,1.227750559148737,0.0,0.0,0.0,0.8585665855355875,2.355208998778835
2.56,0.0,0.0,1.3680588725085179,0.0,0.0,1.2195076216422485,0.0,0.0,0.0,0.0,0.0,0.0,0.0,0.0,0.5,0.0,0.0,0.0,-0.05,0.0,0.0,0.0,38.925724637681164,38.925724637681164,38.925724637681164,38.925724637681164,0.8680588725085179,1.2195076216422485,0.0,0.0,0.0,0.8680588725085179,2.2432119949371554
2.568,0.0,0.0,1.3774856442856533,0.0,0.0,1.2112753917421852,0.0,0.0,0.0,0.0,0.0,0.0,0.0,0.0,0.5,0.0,0.0,0.0,-0.05,0.0,0.0,0.0,38.925724637681164,38.925724637681164,38.925724637681164,38.925724637681164,0.8774856442856533,1.2112753917421852,0.0,0.0,0.0,0.8774856442856533,2.2245919972192496
2.576,0.0,0.0,1.3868469859913206,0.0,0.0,1.2030538560354298,0.0,0.0,0.0,0.0,0.0,0.0,0.0,0.0,0.5,0.0,0.0,0.0,-0.05,0.0,0.0,0.0,38.925724637681164,38.925724637681164,38.925724637681164,38.925724637681164,0.8868469859913206,1.2030538560354298,0.0,0.0,0.0,0.8868469859913206,2.179259005060885
2.584,0.0,0.0,1.3961429826392435,0.0,0.0,1.1948430010264164,0.0,0.0,0.0,0.0,0.0,0.0,0.0,0.0,0.5,0.0,0.0,0.0,-0.05,0.0,0.0,0.0,38.925724637681164,38.925724637681164,38.925724637681164,38.925724637681164,0.8961429826392435,1.1948430010264164,0.0,0.0,0.0,0.8961429826392435,2.135804999852553
2.592,0.0,0.0,1.4053737191326874,0.0,0.0,1.1866428131572295,0.0,0.0,0.0,0.0,0.0,0.0,0.0,0.0,0.5,0.0,0.0,0.0,-0.05,0.0,0.0,0.0,38.925724637681164,38.925724637681164,38.925724637681164,38.925724637681164,0.9053737191326874,1.1866428131572295,0.0,0.0,0.0,0.9053737191326874,2.15540000499459
2.6,0.0,0.0,1.414539280264602,0.0,0.0,1.178453278823648,0.0,0.0,0.0,0.0,0.0,0.0,0.0,0.0,0.5,0.0,0.0,0.0,-0.05,0.0,0.0,0.0,38.925724637681164,38.925724637681164,38.925724637681164,38.925724637681164,0.914539280264602,1.178453278823648,0.0,0.0,0.0,0.914539280264602,2.2691249978379346
2.608,0.0,0.0,1.423639750717765,0.0,0.0,1.1702743843879926,0.0,0.0,0.0,0.0,0.0,0.0,0.0,0.0,0.5,0.0,0.0,0.0,-0.05,0.0,0.0,0.0,38.925724637681164,38.925724637681164,38.925724637681164,38.925724637681164,0.9236397507177649,1.1702743843879926,0.0,0.0,0.0,0.9236397507177649,2.3804050069884397
2.616,0.0,0.0,1.4326752150649253,0.0,0.0,1.162106116189404,0.0,0.0,0.0,0.0,0.0,0.0,0.0,0.0,0.5,0.0,0.0,0.0,-0.05,0.0,0.0,0.0,38.925724637681164,38.925724637681164,38.925724637681164,38.925724637681164,0.9326752150649253,1.162106116189404,0.0,0.0,0.0,0.9326752150649253,2.1608479946735315
2.624,0.0,0.0,1.4416457577689459,0.0,0.0,1.1539484605520365,0.0,0.0,0.0,0.0,0.0,0.0,0.0,0.0,0.5,0.0,0.0,0.0,-0.05,0.0,0.0,0.0,38.925724637681164,38.925724637681164,38.925724637681164,38.925724637681164,0.9416457577689459,1.1539484605520365,0.0,0.0,0.0,0.9416457577689459,2.0291719993110746
2.632,0.0,0.0,1.4505514631829464,0.0,0.0,1.1458014037916413,0.0,0.0,0.0,0.0,0.0,0.0,0.0,0.0,0.5,0.0,0.0,0.0,-0.05,0.0,0.0,0.0,38.925724637681164,38.925724637681164,38.925724637681164,38.925724637681164,0.9505514631829464,1.1458014037916413,0.0,0.0,0.0,0.9505514631829464,2.0048959995619953
2.64,0.0,0.0,1.459392415550446,0.0,0.0,1.1376649322208057,0.0,0.0,0.0,0.0,0.0,0.0,0.0,0.0,0.5,0.0,0.0,0.0,-0.05,0.0,0.0,0.0,38.925724637681164,38.925724637681164,38.925724637681164,38.925724637681164,0.9593924155504461,1.1376649322208057,0.0,0.0,0.0,0.9593924155504461,2.1937380006420426
2.648,0.0,0.0,1.4681686990055058,0.0,0.0,1.1295390321531384,0.0,0.0,0.0,0.0,0.0,0.0,0.0,0.0,0.5,0.0,0.0,0.0,-0.05,0.0,0.0,0.0,38.925724637681164,38.925724637681164,38.925724637681164,38.925724637681164,0.9681686990055058,1.1295390321531384,0.0,0.0,0.0,0.9681686990055058,2.0981519992346875
2.656,0.0,0.0,1.4768803975728708,0.0,0.0,1.121423689906635,0.0,0.0,0.0,0.0,0.0,0.0,0.0,0.0,0.5,0.0,0.0,0.0,-0.05,0.0,0.0,0.0,38.925724637681164,38.925724637681164,38.925724637681164,38.925724637681164,0.9768803975728708,1.121423689906635,0.0,0.0,0.0,0.9768803975728708,2.1447510007419623
2.664,0.0,0.0,1.4855275951681124,0.0,0.0,1.1133188918063472,0.0,0.0,0.0,0.0,0.0,0.0,0.0,0.0,0.5,0.0,0.0,0.0,-0.05,0.0,0.0,0.0,38.925724637681164,38.925724637681164,38.925724637681164,38.925724637681164,0.9855275951681124,1.1133188918063472,0.0,0.0,0.0,0.9855275951681124,2.0819660057895817
2.672,0.0,0.0,1.4941103755977694,0.0,0.0,1.1052246241865025,0.0,0.0,0.0,0.0,0.0,0.0,0.0,0.0,0.5,0.0,0.0,0.0,-0.05,0.0,0.0,0.0,38.925724637681164,38.925724637681164,38.925724637681164,38.925724637681164,0.9941103755977694,1.1052246241865025,0.0,0.0,0.0,0.9941103755977694,2.1172109991312027
2.68,0.0,0.0,1.5026288225594908,0.0,0.0,1.0971408733922379,0.0,0.0,0.0,0.0,0.0,0.0,0.0,0.0,0.5,0.0,0.0,0.0,-0.05,0.0,0.0,0.0,38.925724637681164,38.925724637681164,38.925724637681164,38.925724637681164,1.0026288225594908,1.0971408733922379,0.0,0.0,0.0,1.0026288225594908,2.0958550012437627
2.688,0.0,0.0,1.5110830196421763,0.0,0.0,1.0890676257809269,0.0,0.0,0.0,0.0,0.0,0.0,0.0,0.0,0.5,0.0,0.0,0.0,-0.05,0.0,0.0,0.0,38.925724637681164,38.925724637681164,38.925724637681164,38.925724637681164,1.0110830196421763,1.0890676257809269,0.0,0.0,0.0,1.0110830196421763,1.9822050016955473
2.696,0.0,0.0,1.5194730503261182,0.0,0.0,1.0810048677232902,0.0,0.0,0.0,0.0,0.0,0.0,0.0,0.0,0.5,0.0,0.0,0.0,-0.05,0.0,0.0,0.0,38.925724637681164,38.925724637681164,38.925724637681164,38.925724637681164,1.0194730503261182,1.0810048677232902,0.0,0.0,0.0,1.0194730503261182,1.936923996254336
2.704,0.0,0.0,1.5277989979831423,0.0,0.0,1.0729525856042346,0.0,0.0,0.0,0.0,0.0,0.0,0.0,0.0,0.5,0.0,0.0,0.0,-0.05,0.0,0.0,0.0,38.925724637681164,38.925724637681164,38.925724637681164,38.925724637681164,1.0277989979831423,1.0729525856042346,0.0,0.0,0.0,1.0277989979831423,1.940344001923222
2.712,0.0,0.0,1.5360609458767487,0.0,0.0,1.0649107658235462,0.0,0.0,0.0,0.0,0.0,0.0,0.0,0.0,0.5,0.0,0.0,0.0,-0.05,0.0,0.0,0.0,38.925724637681164,38.925724637681164,38.925724637681164,38.925724637681164,1.0360609458767487,1.0649107658235462,0.0,0.0,0.0,1.0360609458767487,1.885663004941307
2.72,0.0,0.0,1.5442589771622526,0.0,0.0,1.0568793947964341,0.0,0.0,0.0,0.0,0.0,0.0,0.0,0.0,0.5,0.0,0.0,0.0,-0.05,0.0,0.0,0.0,38.925724637681164,38.925724637681164,38.925724637681164,38.925724637681164,1.0442589771622526,1.0568793947964341,0.0,0.0,0.0,1.0442589771622526,2.0747079979628325
2.728,0.0,0.0,1.552393174886925,0.0,0.0,1.0488584589539596,0.0,0.0,0.0,0.0,0.0,0.0,0.0,0.0,0.5,0.0,0.0,0.0,-0.05,0.0,0.0,0.0,38.925724637681164,38.925724637681164,38.925724637681164,38.925724637681164,1.052393174886925,1.0488584589539596,0.0,0.0,0.0,1.052393174886925,2.0339460024842992
2.736,0.0,0.0,1.5604636219901336,0.0,0.0,1.0408479447433794,0.0,0.0,0.0,0.0,0.0,0.0,0.0,0.0,0.5,0.0,0.0,0.0,-0.05,0.0,0.0,0.0,38.925724637681164,38.925724637681164,38.925724637681164,38.925724637681164,1.0604636219901336,1.0408479447433794,0.0,0.0,0.0,1.0604636219901336,1.9133739988319576
2.744,0.0,0.0,1.5684704013034814,0.0,0.0,1.0328478386283986,0.0,0.0,0.0,0.0,0.0,0.0,0.0,0.0,0.5,0.0,0.0,0.0,-0.05,0.0,0.0,0.0,38.925724637681164,38.925724637681164,38.925724637681164,38.925724637681164,1.0684704013034814,1.0328478386283986,0.0,0.0,0.0,1.0684704013034814,1.884035998955369
2.7520000000000002,0.0,0.0,1.5764135955509486,0.0,0.0,1.0248581270894002,0.0,0.0,0.0,0.0,0.0,0.0,0.0,0.0,0.5,0.0,0.0,0.0,-0.05,0.0,0.0,0.0,38.925724637681164,38.925724637681164,38.925724637681164,38.925724637681164,1.0764135955509486,1.0248581270894002,0.0,0.0,0.0,1.0764135955509486,1.9830540040857159
2.7600000000000002,0.0,0.0,1.5842932873490314,0.0,0.0,1.0168787966235897,0.0,0.0,0.0,0.0,0.0,0.0,0.0,0.0,0.5,0.0,0.0,0.0,-0.05,0.0,0.0,0.0,38.925724637681164,38.925724637681164,38.925724637681164,38.925724637681164,1.0842932873490314,1.0168787966235897,0.0,0.0,0.0,1.0842932873490314,1.9271010023658164
2.7680000000000002,0.0,0.0,1.5921095592068817,0.0,0.0,1.0089098337451285,0.0,0.0,0.0,0.0,0.0,0.0,0.0,0.0,0.5,0.0,0.0,0.0,-0.05,0.0,0.0,0.0,38.925724637681164,38.925724637681164,38.925724637681164,38.925724637681164,1.0921095592068817,1.0089098337451285,0.0,0.0,0.0,1.0921095592068817,1.981709006940946
2.7760000000000002,0.0,0.0,1.5998624935264465,0.0,0.0,1.0009512249852228,0.0,0.0,0.0,0.0,0.0,0.0,0.0,0.0,0.5,0.0,0.0,0.0,-0.05,0.0,0.0,0.0,38.925724637681164,38.925724637681164,38.925724637681164,38.925724637681164,1.0998624935264465,1.0009512249852228,0.0,0.0,0.0,1.0998624935264465,1.8775770004140213
2.7840000000000003,0.0,0.0,1.6075521726026079,0.0,0.0,0.9930029568922121,0.0,0.0,0.0,0.0,0.0,0.0,0.0,0.0,0.5,0.0,0.0,0.0,-0.05,0.0,0.0,0.0,38.925724637681164,38.925724637681164,38.925724637681164,38.925724637681164,1.1075521726026079,0.9930029568922121,0.0,0.0,0.0,1.1075521726026079,1.939350004249718
2.7920000000000003,0.0,0.0,1.6151786786233213,0.0,0.0,0.9850650160316061,0.0,0.0,0.0,0.0,0.0,0.0,0.0,0.0,0.5,0.0,0.0,0.0,-0.05,0.0,0.0,0.0,38.925724637681164,38.925724637681164,38.925724637681164,38.925724637681164,1.1151786786233213,0.9850650160316061,0.0,0.0,0.0,1.1151786786233213,1.8731470045167953
2.8000000000000003,0.0,0.0,1.6227420936697552,0.0,0.0,0.9771373889861317,0.0,0.0,0.0,0.0,0.0,0.0,0.0,0.0,0.5,0.0,0.0,0.0,-0.05,0.0,0.0,0.0,38.925724637681164,38.925724637681164,38.925724637681164,38.925724637681164,1.1227420936697552,0.9771373889861317,0.0,0.0,0.0,1.1227420936697552,1.8368039964116178
2.8080000000000003,0.0,0.0,1.6302424997164289,0.0,0.0,0.9692200623557472,0.0,0.0,0.0,0.0,0.0,0.0,0.0,0.0,0.5,0.0,0.0,0.0,-0.05,0.0,0.0,0.0,38.925724637681164,38.925724637681164,38.925724637681164,38.925724637681164,1.1302424997164289,0.9692200623557472,0.0,0.0,0.0,1.1302424997164289,1.924043994222302
2.816,0.0,0.0,1.637679978631352,0.0,0.0,0.9613130227576878,0.0,0.0,0.0,0.0,0.0,0.0,0.0,0.0,0.5,0.0,0.0,0.0,-0.05,0.0,0.0,0.0,38.925724637681164,38.925724637681164,38.925724637681164,38.925724637681164,1.137679978631352,0.9613130227576878,0.0,0.0,0.0,1.137679978631352,1.8928610006696545
2.824,0.0,0.0,1.6450546121761627,0.0,0.0,0.9534162568264153,0.0,0.0,0.0,0.0,0.0,0.0,0.0,0.0,0.5,0.0,0.0,0.0,-0.05,0.0,0.0,0.0,38.925724637681164,38.925724637681164,38.925724637681164,38.925724637681164,1.1450546121761627,0.9534162568264153,0.0,0.0,0.0,1.1450546121761627,1.8490130023565143
2.832,0.0,0.0,1.6523664820062653,0.0,0.0,0.9455297512136992,0.0,0.0,0.0,0.0,0.0,0.0,0.0,0.0,0.5,0.0,0.0,0.0,-0.05,0.0,0.0,0.0,38.925724637681164,38.925724637681164,38.925724637681164,38.925724637681164,1.1523664820062653,0.9455297512136992,0.0,0.0,0.0,1.1523664820062653,1.8749849987216294
2.84,0.0,0.0,1.659615669670969,0.0,0.0,0.9376534925885497,0.0,0.0,0.0,0.0,0.0,0.0,0.0,0.0,0.5,0.0,0.0,0.0,-0.05,0.0,0.0,0.0,38.925724637681164,38.925724637681164,38.925724637681164,38.925724637681164,1.159615669670969,0.9376534925885497,0.0,0.0,0.0,1.159615669670969,1.9084519954049028
2.848,0.0,0.0,1.6668022566136251,0.0,0.0,0.929787467637244,0.0,0.0,0.0,0.0,0.0,0.0,0.0,0.0,0.5,0.0,0.0,0.0,-0.05,0.0,0.0,0.0,38.925724637681164,38.925724637681164,38.925724637681164,38.925724637681164,1.1668022566136251,0.929787467637244,0.0,0.0,0.0,1.1668022566136251,1.8759699960355647
2.856,0.0,0.0,1.6739263241717657,0.0,0.0,0.9219316630633088,0.0,0.0,0.0,0.0,0.0,0.0,0.0,0.0,0.5,0.0,0.0,0.0,-0.05,0.0,0.0,0.0,38.925724637681164,38.925724637681164,38.925724637681164,38.925724637681164,1.1739263241717657,0.9219316630633088,0.0,0.0,0.0,1.1739263241717657,1.7930329995579086
2.864,0.0,0.0,1.6809879535772396,0.0,0.0,0.9140860655874956,0.0,0.0,0.0,0.0,0.0,0.0,0.0,0.0,0.5,0.0,0.0,0.0,-0.05,0.0,0.0,0.0,38.925724637681164,38.925724637681164,38.925724637681164,38.925724637681164,1.1809879535772396,0.9140860655874956,0.0,0.0,0.0,1.1809879535772396,1.7920859972946346
2.872,0.0,0.0,1.6879872259563513,0.0,0.0,0.9062506619477886,0.0,0.0,0.0,0.0,0.0,0.0,0.0,0.0,0.5,0.0,0.0,0.0,-0.05,0.0,0.0,0.0,38.925724637681164,38.925724637681164,38.925724637681164,38.925724637681164,1.1879872259563513,0.9062506619477886,0.0,0.0,0.0,1.1879872259563513,1.6808680011308752
2.88,0.0,0.0,1.6949242223299967,0.0,0.0,0.8984254388993663,0.0,0.0,0.0,0.0,0.0,0.0,0.0,0.0,0.5,0.0,0.0,0.0,-0.05,0.0,0.0,0.0,38.925724637681164,38.925724637681164,38.925724637681164,38.925724637681164,1.1949242223299967,0.8984254388993663,0.0,0.0,0.0,1.1949242223299967,1.7557520041009411
2.888,0.0,0.0,1.7017990236138014,0.0,0.0,0.8906103832146102,0.0,0.0,0.0,0.0,0.0,0.0,0.0,0.0,0.5,0.0,0.0,0.0,-0.05,0.0,0.0,0.0,38.925724637681164,38.925724637681164,38.925724637681164,38.925724637681164,1.2017990236138014,0.8906103832146102,0.0,0.0,0.0,1.2017990236138014,1.8779189995257184
2.896,0.0,0.0,1.7086117106182563,0.0,0.0,0.882805481683061,0.0,0.0,0.0,0.0,0.0,0.0,0.0,0.0,0.5,0.0,0.0,0.0,-0.05,0.0,0.0,0.0,38.925724637681164,38.925724637681164,38.925724637681164,38.925724637681164,1.2086117106182563,0.882805481683061,0.0,0.0,0.0,1.2086117106182563,1.829172993893735
2.904,0.0,0.0,1.715362364048855,0.0,0.0,0.8750107211114125,0.0,0.0,0.0,0.0,0.0,0.0,0.0,0.0,0.5,0.0,0.0,0.0,-0.05,0.0,0.0,0.0,38.925724637681164,38.925724637681164,38.925724637681164,38.925724637681164,1.215362364048855,0.8750107211114125,0.0,0.0,0.0,1.215362364048855,1.7604970053071156
2.912,0.0,0.0,1.7220510645062292,0.0,0.0,0.8672260883234888,0.0,0.0,0.0,0.0,0.0,0.0,0.0,0.0,0.5,0.0,0.0,0.0,-0.05,0.0,0.0,0.0,38.925724637681164,38.925724637681164,38.925724637681164,38.925724637681164,1.2220510645062292,0.8672260883234888,0.0,0.0,0.0,1.2220510645062292,1.7220129957422614
2.92,0.0,0.0,1.728677892486287,0.0,0.0,0.8594515701602322,0.0,0.0,0.0,0.0,0.0,0.0,0.0,0.0,0.5,0.0,0.0,0.0,-0.05,0.0,0.0,0.0,38.925724637681164,38.925724637681164,38.925724637681164,38.925724637681164,1.228677892486287,0.8594515701602322,0.0,0.0,0.0,1.228677892486287,1.5867809997871518
2.928,0.0,0.0,1.735242928380346,0.0,0.0,0.8516871534796661,0.0,0.0,0.0,0.0,0.0,0.0,0.0,0.0,0.5,0.0,0.0,0.0,-0.05,0.0,0.0,0.0,38.925724637681164,38.925724637681164,38.925724637681164,38.925724637681164,1.235242928380346,0.8516871534796661,0.0,0.0,0.0,1.235242928380346,1.6654619976179674
2.936,0.0,0.0,1.7417462524752725,0.0,0.0,0.8439328251568922,0.0,0.0,0.0,0.0,0.0,0.0,0.0,0.0,0.5,0.0,0.0,0.0,-0.05,0.0,0.0,0.0,38.925724637681164,38.925724637681164,38.925724637681164,38.925724637681164,1.2417462524752725,0.8439328251568922,0.0,0.0,0.0,1.2417462524752725,1.6563950048293918
2.944,0.0,0.0,1.7481879449536144,0.0,0.0,0.8361885720840617,0.0,0.0,0.0,0.0,0.0,0.0,0.0,0.0,0.5,0.0,0.0,0.0,-0.05,0.0,0.0,0.0,38.925724637681164,38.925724637681164,38.925724637681164,38.925724637681164,1.2481879449536144,0.8361885720840617,0.0,0.0,0.0,1.2481879449536144,1.5267919952748343
2.952,0.0,0.0,1.7545680858937382,0.0,0.0,0.8284543811703454,0.0,0.0,0.0,0.0,0.0,0.0,0.0,0.0,0.5,0.0,0.0,0.0,-0.05,0.0,0.0,0.0,38.925724637681164,38.925724637681164,38.925724637681164,38.925724637681164,1.2545680858937382,0.8284543811703454,0.0,0.0,0.0,1.2545680858937382,1.613534004718531
2.96,0.0,0.0,1.7608867552699643,0.0,0.0,0.8207302393419275,0.0,0.0,0.0,0.0,0.0,0.0,0.0,0.0,0.5,0.0,0.0,0.0,-0.05,0.0,0.0,0.0,38.925724637681164,38.925724637681164,38.925724637681164,38.925724637681164,1.2608867552699643,0.8207302393419275,0.0,0.0,0.0,1.2608867552699643,1.5356629955931567
2.968,0.0,0.0,1.7671440329527013,0.0,0.0,0.8130161335419664,0.0,0.0,0.0,0.0,0.0,0.0,0.0,0.0,0.5,0.0,0.0,0.0,-0.05,0.0,0.0,0.0,38.925724637681164,38.925724637681164,38.925724637681164,38.925724637681164,1.2671440329527013,0.8130161335419664,0.0,0.0,0.0,1.2671440329527013,1.4686759968753904
2.976,0.0,0.0,1.7733399987085823,0.0,0.0,0.805312050730598,0.0,0.0,0.0,0.0,0.0,0.0,0.0,0.0,0.5,0.0,0.0,0.0,-0.05,0.0,0.0,0.0,38.925724637681164,38.925724637681164,38.925724637681164,38.925724637681164,1.2733399987085823,0.805312050730598,0.0,0.0,0.0,1.2733399987085823,1.4653809994342737
2.984,0.0,0.0,1.7794747322005988,0.0,0.0,0.7976179778848919,0.0,0.0,0.0,0.0,0.0,0.0,0.0,0.0,0.5,0.0,0.0,0.0,-0.05,0.0,0.0,0.0,38.925724637681164,38.925724637681164,38.925724637681164,38.925724637681164,1.2794747322005988,0.7976179778848919,0.0,0.0,0.0,1.2794747322005988,1.4953610007069074
2.992,0.0,0.0,1.785548312988236,0.0,0.0,0.7899339019988406,0.0,0.0,0.0,0.0,0.0,0.0,0.0,0.0,0.5,0.0,0.0,0.0,-0.05,0.0,0.0,0.0,38.925724637681164,38.925724637681164,38.925724637681164,38.925724637681164,1.285548312988236,0.7899339019988406,0.0,0.0,0.0,1.285548312988236,1.6582149983150885
3.0,0.0,0.0,1.7915608205276061,0.0,0.0,0.7822598100833278,0.0,0.0,0.0,0.0,0.0,0.0,0.0,0.0,0.5,0.0,0.0,0.0,-0.05,0.0,0.0,0.0,38.925724637681164,38.925724637681164,38.925724637681164,38.925724637681164,1.2915608205276061,0.7822598100833278,0.0,0.0,0.0,1.2915608205276061,1.4666229981230572
3.008,0.0,0.0,1.7975123341715844,0.0,0.0,0.7745956891661191,0.0,0.0,0.0,0.0,0.0,0.0,0.0,0.0,0.5,0.0,0.0,0.0,-0.05,0.0,0.0,0.0,38.925724637681164,38.925724637681164,38.925724637681164,38.925724637681164,1.2975123341715844,0.7745956891661191,0.0,0.0,0.0,1.2975123341715844,1.5791049954714254
3.016,0.0,0.0,1.8034029331699417,0.0,0.0,0.766941526291828,0.0,0.0,0.0,0.0,0.0,0.0,0.0,0.0,0.5,0.0,0.0,0.0,-0.05,0.0,0.0,0.0,38.925724637681164,38.925724637681164,38.925724637681164,38.925724637681164,1.3034029331699417,0.766941526291828,0.0,0.0,0.0,1.3034029331699417,1.3587169960374013
3.024,0.0,0.0,1.8092326966694798,0.0,0.0,0.7592973085219153,0.0,0.0,0.0,0.0,0.0,0.0,0.0,0.0,0.5,0.0,0.0,0.0,-0.05,0.0,0.0,0.0,38.925724637681164,38.925724637681164,38.925724637681164,38.925724637681164,1.3092326966694798,0.7592973085219153,0.0,0.0,0.0,1.3092326966694798,1.3501850044121966
3.032,0.0,0.0,1.815001703714164,0.0,0.0,0.7516630229346343,0.0,0.0,0.0,0.0,0.0,0.0,0.0,0.0,0.5,0.0,0.0,0.0,-0.05,0.0,0.0,0.0,38.925724637681164,38.925724637681164,38.925724637681164,38.925724637681164,1.315001703714164,0.7516630229346343,0.0,0.0,0.0,1.315001703714164,1.3563100001192652
3.04,0.0,0.0,1.8207100332452573,0.0,0.0,0.7440386566250411,0.0,0.0,0.0,0.0,0.0,0.0,0.0,0.0,0.5,0.0,0.0,0.0,-0.05,0.0,0.0,0.0,38.925724637681164,38.925724637681164,38.925724637681164,38.925724637681164,1.3207100332452573,0.7440386566250411,0.0,0.0,0.0,1.3207100332452573,1.4086669980315492
3.048,0.0,0.0,1.826357764101454,0.0,0.0,0.7364241967049485,0.0,0.0,0.0,0.0,0.0,0.0,0.0,0.0,0.5,0.0,0.0,0.0,-0.05,0.0,0.0,0.0,38.925724637681164,38.925724637681164,38.925724637681164,38.925724637681164,1.326357764101454,0.7364241967049485,0.0,0.0,0.0,1.326357764101454,1.289558997086715
3.056,0.0,0.0,1.8319449750190124,0.0,0.0,0.7288196303029222,0.0,0.0,0.0,0.0,0.0,0.0,0.0,0.0,0.5,0.0,0.0,0.0,-0.05,0.0,0.0,0.0,38.925724637681164,38.925724637681164,38.925724637681164,38.925724637681164,1.3319449750190124,0.7288196303029222,0.0,0.0,0.0,1.3319449750190124,1.2739590019918978
3.064,0.0,0.0,1.837471744631889,0.0,0.0,0.7212249445642491,0.0,0.0,0.0,0.0,0.0,0.0,0.0,0.0,0.5,0.0,0.0,0.0,-0.05,0.0,0.0,0.0,38.925724637681164,38.925724637681164,38.925724637681164,38.925724637681164,1.337471744631889,0.7212249445642491,0.0,0.0,0.0,1.337471744631889,1.2592119965120219
3.072,0.0,0.0,1.8429381514718697,0.0,0.0,0.7136401266509189,0.0,0.0,0.0,0.0,0.0,0.0,0.0,0.0,0.5,0.0,0.0,0.0,-0.05,0.0,0.0,0.0,38.925724637681164,38.925724637681164,38.925724637681164,38.925724637681164,1.3429381514718697,0.7136401266509189,0.0,0.0,0.0,1.3429381514718697,1.1181250010849908
3.08,0.0,0.0,1.8483442739687044,0.0,0.0,0.7060651637416024,0.0,0.0,0.0,0.0,0.0,0.0,0.0,0.0,0.5,0.0,0.0,0.0,-0.05,0.0,0.0,0.0,38.925724637681164,38.925724637681164,38.925724637681164,38.925724637681164,1.3483442739687044,0.7060651637416024,0.0,0.0,0.0,1.3483442739687044,1.1116189998574555
3.088,0.0,0.0,1.8536901904502383,0.0,0.0,0.6985000430316302,0.0,0.0,0.0,0.0,0.0,0.0,0.0,0.0,0.5,0.0,0.0,0.0,-0.05,0.0,0.0,0.0,38.925724637681164,38.925724637681164,38.925724637681164,38.925724637681164,1.3536901904502383,0.6985000430316302,0.0,0.0,0.0,1.3536901904502383,1.0732969967648387
3.096,0.0,0.0,1.8589759791425446,0.0,0.0,0.6909447517329624,0.0,0.0,0.0,0.0,0.0,0.0,0.0,0.0,0.5,0.0,0.0,0.0,-0.05,0.0,0.0,0.0,38.925724637681164,38.925724637681164,38.925724637681164,38.925724637681164,1.3589759791425446,0.6909447517329624,0.0,0.0,0.0,1.3589759791425446,0.9859100027824752
3.104,0.0,0.0,1.8642017181700572,0.0,0.0,0.6833992770741837,0.0,0.0,0.0,0.0,0.0,0.0,0.0,0.0,0.5,0.0,0.0,0.0,-0.05,0.0,0.0,0.0,38.925724637681164,38.925724637681164,38.925724637681164,38.925724637681164,1.3642017181700572,0.6833992770741837,0.0,0.0,0.0,1.3642017181700572,0.9079849987756461
3.112,0.0,0.0,1.869367485555702,0.0,0.0,0.6758636063004692,0.0,0.0,0.0,0.0,0.0,0.0,0.0,0.0,0.5,0.0,0.0,0.0,-0.05,0.0,0.0,0.0,38.925724637681164,38.925724637681164,38.925724637681164,38.925724637681164,1.369367485555702,0.6758636063004692,0.0,0.0,0.0,1.369367485555702,0.8883810005499981
3.12,0.0,0.0,1.8744733592210296,0.0,0.0,0.6683377266735641,0.0,0.0,0.0,0.0,0.0,0.0,0.0,0.0,0.5,0.0,0.0,0.0,-0.05,0.0,0.0,0.0,38.925724637681164,38.925724637681164,38.925724637681164,38.925724637681164,1.3744733592210296,0.6683377266735641,0.0,0.0,0.0,1.3744733592210296,0.7255500022438355
3.128,0.0,0.0,1.8795194169863465,0.0,0.0,0.6608216254717726,0.0,0.0,0.0,0.0,0.0,0.0,0.0,0.0,0.5,0.0,0.0,0.0,-0.05,0.0,0.0,0.0,38.925724637681164,38.925724637681164,38.925724637681164,38.925724637681164,1.3795194169863465,0.6608216254717726,0.0,0.0,0.0,1.3795194169863465,0.6531429971801117
3.136,0.0,0.0,1.8845057365708464,0.0,0.0,0.6533152899899157,0.0,0.0,0.0,0.0,0.0,0.0,0.0,0.0,0.5,0.0,0.0,0.0,-0.05,0.0,0.0,0.0,38.925724637681164,38.925724637681164,38.925724637681164,38.925724637681164,1.3845057365708464,0.6533152899899157,0.0,0.0,0.0,1.3845057365708464,0.6012599988025613
3.144,0.0,0.0,1.8894323955927423,0.0,0.0,0.6458187075393307,0.0,0.0,0.0,0.0,0.0,0.0,0.0,0.0,0.5,0.0,0.0,0.0,-0.05,0.0,0.0,0.0,38.925724637681164,38.925724637681164,38.925724637681164,38.925724637681164,1.3894323955927423,0.6458187075393307,0.0,0.0,0.0,1.3894323955927423,0.3956579967052676
3.152,0.0,0.0,1.8942994715693975,0.0,0.0,0.638331865447843,0.0,0.0,0.0,0.0,0.0,0.0,0.0,0.0,0.5,0.0,0.0,0.0,-0.05,0.0,0.0,0.0,38.925724637681164,38.925724637681164,38.925724637681164,38.925724637681164,1.3942994715693975,0.638331865447843,0.0,0.0,0.0,1.3942994715693975,0.3395749954506755
3.16,0.0,0.0,1.899107041917456,0.0,0.0,0.6308547510597384,0.0,0.0,0.0,0.0,0.0,0.0,0.0,0.0,0.5,0.0,0.0,0.0,-0.05,0.0,0.0,0.0,38.925724637681164,38.925724637681164,38.925724637681164,38.925724637681164,1.399107041917456,0.6308547510597384,0.0,0.0,0.0,1.399107041917456,0.4266159958206117
3.168,0.0,0.0,1.9038551839529743,0.0,0.0,0.6233873517357459,0.0,0.0,0.0,0.0,0.0,0.0,0.0,0.0,0.5,0.0,0.0,0.0,-0.05,0.0,0.0,0.0,38.925724637681164,38.925724637681164,38.925724637681164,38.925724637681164,1.4038551839529743,0.6233873517357459,0.0,0.0,0.0,1.4038551839529743,0.4991429959773086
3.176,0.0,0.0,1.9085439748915511,0.0,0.0,0.6159296548530186,0.0,0.0,0.0,0.0,0.0,0.0,0.0,0.0,0.5,0.0,0.0,0.0,-0.05,0.0,0.0,0.0,38.925724637681164,38.925724637681164,38.925724637681164,38.925724637681164,1.4085439748915511,0.6159296548530186,0.0,0.0,0.0,1.4085439748915511,0.6329050011117943
3.184,0.0,0.0,1.9131734918484589,0.0,0.0,0.6084816478051078,0.0,0.0,0.0,0.0,0.0,0.0,0.0,0.0,0.5,0.0,0.0,0.0,-0.05,0.0,0.0,0.0,38.925724637681164,38.925724637681164,38.925724637681164,38.925724637681164,1.4131734918484589,0.6084816478051078,0.0,0.0,0.0,1.4131734918484589,0.8409510046476498
3.192,0.0,0.0,1.9177438118387735,0.0,0.0,0.6010433180019525,0.0,0.0,0.0,0.0,0.0,0.0,0.0,0.0,0.5,0.0,0.0,0.0,-0.05,0.0,0.0,0.0,38.925724637681164,38.925724637681164,38.925724637681164,38.925724637681164,1.4177438118387735,0.6010433180019525,0.0,0.0,0.0,1.4177438118387735,0.9184570008073933
3.2,0.0,0.0,1.9222550117775048,0.0,0.0,0.5936146528698439,0.0,0.0,0.0,0.0,0.0,0.0,0.0,0.0,0.5,0.0,0.0,0.0,-0.05,0.0,0.0,0.0,38.925724637681164,38.925724637681164,38.925724637681164,38.925724637681164,1.4222550117775048,0.5936146528698439,0.0,0.0,0.0,1.4222550117775048,0.9614139999030158
3.208,0.0,0.0,1.9267071684797261,0.0,0.0,0.5861956398514081,0.0,0.0,0.0,0.0,0.0,0.0,0.0,0.0,0.5,0.0,0.0,0.0,-0.05,0.0,0.0,0.0,38.925724637681164,38.925724637681164,38.925724637681164,38.925724637681164,1.4267071684797261,0.5861956398514081,0.0,0.0,0.0,1.4267071684797261,1.0239519979222678
3.216,0.0,0.0,1.9311003586607047,0.0,0.0,0.5787862664055917,0.0,0.0,0.0,0.0,0.0,0.0,0.0,0.0,0.5,0.0,0.0,0.0,-0.05,0.0,0.0,0.0,38.925724637681164,38.925724637681164,38.925724637681164,38.925724637681164,1.4311003586607047,0.5787862664055917,0.0,0.0,0.0,1.4311003586607047,1.0551520026638173
3.224,0.0,0.0,1.9354346589360312,0.0,0.0,0.5713865200076343,0.0,0.0,0.0,0.0,0.0,0.0,0.0,0.0,0.5,0.0,0.0,0.0,-0.05,0.0,0.0,0.0,38.925724637681164,38.925724637681164,38.925724637681164,38.925724637681164,1.4354346589360312,0.5713865200076343,0.0,0.0,0.0,1.4354346589360312,1.1237840008107014
3.232,0.0,0.0,1.939710145821749,0.0,0.0,0.5639963881490517,0.0,0.0,0.0,0.0,0.0,0.0,0.0,0.0,0.5,0.0,0.0,0.0,-0.05,0.0,0.0,0.0,38.925724637681164,38.925724637681164,38.925724637681164,38.925724637681164,1.439710145821749,0.5639963881490517,0.0,0.0,0.0,1.439710145821749,1.1553820004337467
3.24,0.0,0.0,1.9439268957344835,0.0,0.0,0.5566158583376056,0.0,0.0,0.0,0.0,0.0,0.0,0.0,0.0,0.5,0.0,0.0,0.0,-0.05,0.0,0.0,0.0,38.925724637681164,38.925724637681164,38.925724637681164,38.925724637681164,1.4439268957344835,0.5566158583376056,0.0,0.0,0.0,1.4439268957344835,1.3352140013012104
3.248,0.0,0.0,1.9480849849915718,0.0,0.0,0.5492449180972913,0.0,0.0,0.0,0.0,0.0,0.0,0.0,0.0,0.5,0.0,0.0,0.0,-0.05,0.0,0.0,0.0,38.925724637681164,38.925724637681164,38.925724637681164,38.925724637681164,1.4480849849915718,0.5492449180972913,0.0,0.0,0.0,1.4480849849915718,1.1973779983236454
3.2560000000000002,0.0,0.0,1.9521844898111913,0.0,0.0,0.5418835549683209,0.0,0.0,0.0,0.0,0.0,0.0,0.0,0.0,0.5,0.0,0.0,0.0,-0.05,0.0,0.0,0.0,38.925724637681164,38.925724637681164,38.925724637681164,38.925724637681164,1.4521844898111913,0.5418835549683209,0.0,0.0,0.0,1.4521844898111913,1.3190089957788587
3.2640000000000002,0.0,0.0,1.9562254863124886,0.0,0.0,0.5345317565070892,0.0,0.0,0.0,0.0,0.0,0.0,0.0,0.0,0.5,0.0,0.0,0.0,-0.05,0.0,0.0,0.0,38.925724637681164,38.925724637681164,38.925724637681164,38.925724637681164,1.4562254863124886,0.5345317565070892,0.0,0.0,0.0,1.4562254863124886,1.316927999141626
3.2720000000000002,0.0,0.0,1.960208050515708,0.0,0.0,0.5271895102861565,0.0,0.0,0.0,0.0,0.0,0.0,0.0,0.0,0.5,0.0,0.0,0.0,-0.05,0.0,0.0,0.0,38.925724637681164,38.925724637681164,38.925724637681164,38.925724637681164,1.460208050515708,0.5271895102861565,0.0,0.0,0.0,1.460208050515708,1.375271000142675
3.2800000000000002,0.0,0.0,1.9641322583423204,0.0,0.0,0.5198568038942352,0.0,0.0,0.0,0.0,0.0,0.0,0.0,0.0,0.5,0.0,0.0,0.0,-0.05,0.0,0.0,0.0,38.925724637681164,38.925724637681164,38.925724637681164,38.925724637681164,1.4641322583423204,0.5198568038942352,0.0,0.0,0.0,1.4641322583423204,1.3792680038022809
3.2880000000000003,0.0,0.0,1.9679981856151514,0.0,0.0,0.5125336249361624,0.0,0.0,0.0,0.0,0.0,0.0,0.0,0.0,0.5,0.0,0.0,0.0,-0.05,0.0,0.0,0.0,38.925724637681164,38.925724637681164,38.925724637681164,38.925724637681164,1.4679981856151514,0.5125336249361624,0.0,0.0,0.0,1.4679981856151514,1.3862460036762059
3.2960000000000003,0.0,0.0,1.9718059080585095,0.0,0.0,0.5052199610328834,0.0,0.0,0.0,0.0,0.0,0.0,0.0,0.0,0.5,0.0,0.0,0.0,-0.05,0.0,0.0,0.0,38.925724637681164,38.925724637681164,38.925724637681164,38.925724637681164,1.4718059080585095,0.5052199610328834,0.0,0.0,0.0,1.4718059080585095,1.4195090043358505
3.3040000000000003,0.0,0.0,1.9755555012983141,0.0,0.0,0.49791579982142203,0.0,0.0,0.0,0.0,0.0,0.0,0.0,0.0,0.5,0.0,0.0,0.0,-0.05,0.0,0.0,0.0,38.925724637681164,38.925724637681164,38.925724637681164,38.925724637681164,1.4755555012983141,0.49791579982142203,0.0,0.0,0.0,1.4755555012983141,1.4200639998307452
3.3120000000000003,0.0,0.0,1.9792470408622234,0.0,0.0,0.49062112895486804,0.0,0.0,0.0,0.0,0.0,0.0,0.0,0.0,0.5,0.0,0.0,0.0,-0.05,0.0,0.0,0.0,38.925724637681164,38.925724637681164,38.925724637681164,38.925724637681164,1.4792470408622234,0.49062112895486804,0.0,0.0,0.0,1.4792470408622234,1.441028005501721
3.3200000000000003,0.0,0.0,1.9828806021797618,0.0,0.0,0.4833359361023556,0.0,0.0,0.0,0.0,0.0,0.0,0.0,0.0,0.5,0.0,0.0,0.0,-0.05,0.0,0.0,0.0,38.925724637681164,38.925724637681164,38.925724637681164,38.925724637681164,1.4828806021797618,0.4833359361023556,0.0,0.0,0.0,1.4828806021797618,1.4323900031740777
3.3280000000000003,0.0,0.0,1.986456260582448,0.0,0.0,0.47606020894904083,0.0,0.0,0.0,0.0,0.0,0.0,0.0,0.0,0.5,0.0,0.0,0.0,-0.05,0.0,0.0,0.0,38.925724637681164,38.925724637681164,38.925724637681164,38.925724637681164,1.486456260582448,0.47606020894904083,0.0,0.0,0.0,1.486456260582448,1.5561780019197613
3.336,0.0,0.0,1.9899740913039217,0.0,0.0,0.4687939351960776,0.0,0.0,0.0,0.0,0.0,0.0,0.0,0.0,0.5,0.0,0.0,0.0,-0.05,0.0,0.0,0.0,38.925724637681164,38.925724637681164,38.925724637681164,38.925724637681164,1.4899740913039217,0.4687939351960776,0.0,0.0,0.0,1.4899740913039217,1.4983049986767583
3.344,0.0,0.0,1.9934341694800708,0.0,0.0,0.4615371025605903,0.0,0.0,0.0,0.0,0.0,0.0,0.0,0.0,0.5,0.0,0.0,0.0,-0.05,0.0,0.0,0.0,38.925724637681164,38.925724637681164,38.925724637681164,38.925724637681164,1.4934341694800708,0.4615371025605903,0.0,0.0,0.0,1.4934341694800708,1.6630140016786754
3.352,0.0,0.0,1.996836570149159,0.0,0.0,0.4542896987756786,0.0,0.0,0.0,0.0,0.0,0.0,0.0,0.0,0.5,0.0,0.0,0.0,-0.05,0.0,0.0,0.0,38.925724637681164,38.925724637681164,38.925724637681164,38.925724637681164,1.496836570149159,0.4542896987756786,0.0,0.0,0.0,1.496836570149159,1.6077979962574318
3.36,0.0,0.0,2.0001813682519525,0.0,0.0,0.44705171159037843,0.0,0.0,0.0,0.0,0.0,0.0,0.0,0.0,0.5,0.0,0.0,0.0,-0.05,0.0,0.0,0.0,38.925724637681164,38.925724637681164,38.925724637681164,38.925724637681164,1.5001813682519525,0.44705171159037843,0.0,0.0,0.0,1.5001813682519525,1.5969849991961382
3.368,0.0,0.0,2.003468638631846,0.0,0.0,0.4398231287696378,0.0,0.0,0.0,0.0,0.0,0.0,0.0,0.0,0.5,0.0,0.0,0.0,-0.05,0.0,0.0,0.0,38.925724637681164,38.925724637681164,38.925724637681164,38.925724637681164,1.5034686386318459,0.4398231287696378,0.0,0.0,0.0,1.5034686386318459,1.5174170039244927
3.376,0.0,0.0,2.0066984560349894,0.0,0.0,0.43260393809429876,0.0,0.0,0.0,0.0,0.0,0.0,0.0,0.0,0.5,0.0,0.0,0.0,-0.05,0.0,0.0,0.0,38.925724637681164,38.925724637681164,38.925724637681164,38.925724637681164,1.5066984560349894,0.43260393809429876,0.0,0.0,0.0,1.5066984560349894,1.5860190032981336
3.384,0.0,0.0,2.0098708951104154,0.0,0.0,0.4253941273610882,0.0,0.0,0.0,0.0,0.0,0.0,0.0,0.0,0.5,0.0,0.0,0.0,-0.05,0.0,0.0,0.0,38.925724637681164,38.925724637681164,38.925724637681164,38.925724637681164,1.5098708951104154,0.4253941273610882,0.0,0.0,0.0,1.5098708951104154,1.677063999522943
3.392,0.0,0.0,2.0129860304101643,0.0,0.0,0.418193684382594,0.0,0.0,0.0,0.0,0.0,0.0,0.0,0.0,0.5,0.0,0.0,0.0,-0.05,0.0,0.0,0.0,38.925724637681164,38.925724637681164,38.925724637681164,38.925724637681164,1.5129860304101643,0.418193684382594,0.0,0.0,0.0,1.5129860304101643,1.9201890027034096
3.4,0.0,0.0,2.0160439363894103,0.0,0.0,0.4110025969872235,0.0,0.0,0.0,0.0,0.0,0.0,0.0,0.0,0.5,0.0,0.0,0.0,-0.05,0.0,0.0,0.0,38.925724637681164,38.925724637681164,38.925724637681164,38.925724637681164,1.5160439363894103,0.4110025969872235,0.0,0.0,0.0,1.5160439363894103,1.7439279981772415
3.408,0.0,0.0,2.0190446874065873,0.0,0.0,0.40382085301920395,0.0,0.0,0.0,0.0,0.0,0.0,0.0,0.0,0.5,0.0,0.0,0.0,-0.05,0.0,0.0,0.0,38.925724637681164,38.925724637681164,38.925724637681164,38.925724637681164,1.5190446874065873,0.40382085301920395,0.0,0.0,0.0,1.5190446874065873,1.8239909986732528
3.416,0.0,0.0,2.0219883577235147,0.0,0.0,0.39664844033854907,0.0,0.0,0.0,0.0,0.0,0.0,0.0,0.0,0.5,0.0,0.0,0.0,-0.05,0.0,0.0,0.0,38.925724637681164,38.925724637681164,38.925724637681164,38.925724637681164,1.5219883577235147,0.39664844033854907,0.0,0.0,0.0,1.5219883577235147,1.7179490023409016
3.424,0.0,0.0,2.024875021505524,0.0,0.0,0.3894853468210662,0.0,0.0,0.0,0.0,0.0,0.0,0.0,0.0,0.5,0.0,0.0,0.0,-0.05,0.0,0.0,0.0,38.925724637681164,38.925724637681164,38.925724637681164,38.925724637681164,1.5248750215055238,0.3894853468210662,0.0,0.0,0.0,1.5248750215055238,1.7020939994836226
3.432,0.0,0.0,2.027704752821582,0.0,0.0,0.3823315603583061,0.0,0.0,0.0,0.0,0.0,0.0,0.0,0.0,0.5,0.0,0.0,0.0,-0.05,0.0,0.0,0.0,38.925724637681164,38.925724637681164,38.925724637681164,38.925724637681164,1.527704752821582,0.3823315603583061,0.0,0.0,0.0,1.527704752821582,1.6957180050667375
3.44,0.0,0.0,2.0304776256444184,0.0,0.0,0.37518706885755604,0.0,0.0,0.0,0.0,0.0,0.0,0.0,0.0,0.5,0.0,0.0,0.0,-0.05,0.0,0.0,0.0,38.925724637681164,38.925724637681164,38.925724637681164,38.925724637681164,1.5304776256444184,0.37518706885755604,0.0,0.0,0.0,1.5304776256444184,1.7252249963348731
3.448,0.0,0.0,2.0331937138506486,0.0,0.0,0.3680518602418013,0.0,0.0,0.0,0.0,0.0,0.0,0.0,0.0,0.5,0.0,0.0,0.0,-0.05,0.0,0.0,0.0,38.925724637681164,38.925724637681164,38.925724637681164,38.925724637681164,1.5331937138506486,0.3680518602418013,0.0,0.0,0.0,1.5331937138506486,1.7734659995767288
3.456,0.0,0.0,2.0358530912209005,0.0,0.0,0.3609259224497386,0.0,0.0,0.0,0.0,0.0,0.0,0.0,0.0,0.5,0.0,0.0,0.0,-0.05,0.0,0.0,0.0,38.925724637681164,38.925724637681164,38.925724637681164,38.925724637681164,1.5358530912209005,0.3609259224497386,0.0,0.0,0.0,1.5358530912209005,1.8383479982730933
3.464,0.0,0.0,2.0384558314399372,0.0,0.0,0.35380924343570896,0.0,0.0,0.0,0.0,0.0,0.0,0.0,0.0,0.5,0.0,0.0,0.0,-0.05,0.0,0.0,0.0,38.925724637681164,38.925724637681164,38.925724637681164,38.925724637681164,1.5384558314399372,0.35380924343570896,0.0,0.0,0.0,1.5384558314399372,1.9637850055005401
3.472,0.0,0.0,2.041002008096784,0.0,0.0,0.3467018111697332,0.0,0.0,0.0,0.0,0.0,0.0,0.0,0.0,0.5,0.0,0.0,0.0,-0.05,0.0,0.0,0.0,38.925724637681164,38.925724637681164,38.925724637681164,38.925724637681164,1.541002008096784,0.3467018111697332,0.0,0.0,0.0,1.541002008096784,1.9643920022645034
3.48,0.0,0.0,2.0434916946848505,0.0,0.0,0.3396036136374512,0.0,0.0,0.0,0.0,0.0,0.0,0.0,0.0,0.5,0.0,0.0,0.0,-0.05,0.0,0.0,0.0,38.925724637681164,38.925724637681164,38.925724637681164,38.925724637681164,1.5434916946848505,0.3396036136374512,0.0,0.0,0.0,1.5434916946848505,2.009244002692867
3.488,0.0,0.0,2.0459249646020563,0.0,0.0,0.33251463884010657,0.0,0.0,0.0,0.0,0.0,0.0,0.0,0.0,0.5,0.0,0.0,0.0,-0.05,0.0,0.0,0.0,38.925724637681164,38.925724637681164,38.925724637681164,38.925724637681164,1.5459249646020563,0.33251463884010657,0.0,0.0,0.0,1.5459249646020563,1.7975230002775788
3.496,0.0,0.0,2.0483018911509543,0.0,0.0,0.3254348747945348,0.0,0.0,0.0,0.0,0.0,0.0,0.0,0.0,0.5,0.0,0.0,0.0,-0.05,0.0,0.0,0.0,38.925724637681164,38.925724637681164,38.925724637681164,38.925724637681164,1.5483018911509543,0.3254348747945348,0.0,0.0,0.0,1.5483018911509543,1.827058003982529
3.504,0.0,0.0,2.0506225475388553,0.0,0.0,0.3183643095331533,0.0,0.0,0.0,0.0,0.0,0.0,0.0,0.0,0.5,0.0,0.0,0.0,-0.05,0.0,0.0,0.0,38.925724637681164,38.925724637681164,38.925724637681164,38.925724637681164,1.5506225475388553,0.3183643095331533,0.0,0.0,0.0,1.5506225475388553,1.8362260016147047
3.512,0.0,0.0,2.0528870068779512,0.0,0.0,0.3113029311039205,0.0,0.0,0.0,0.0,0.0,0.0,0.0,0.0,0.5,0.0,0.0,0.0,-0.05,0.0,0.0,0.0,38.925724637681164,38.925724637681164,38.925724637681164,38.925724637681164,1.5528870068779512,0.3113029311039205,0.0,0.0,0.0,1.5528870068779512,1.9316739999339916
3.52,0.0,0.0,2.0550953421854388,0.0,0.0,0.3042507275703249,0.0,0.0,0.0,0.0,0.0,0.0,0.0,0.0,0.5,0.0,0.0,0.0,-0.05,0.0,0.0,0.0,38.925724637681164,38.925724637681164,38.925724637681164,38.925724637681164,1.5550953421854388,0.3042507275703249,0.0,0.0,0.0,1.5550953421854388,1.8714390025706962
3.528,0.0,0.0,2.057247626383643,0.0,0.0,0.29720768701136574,0.0,0.0,0.0,0.0,0.0,0.0,0.0,0.0,0.5,0.0,0.0,0.0,-0.05,0.0,0.0,0.0,38.925724637681164,38.925724637681164,38.925724637681164,38.925724637681164,1.557247626383643,0.29720768701136574,0.0,0.0,0.0,1.557247626383643,1.8990959943039343
3.536,0.0,0.0,2.05934393230014,0.0,0.0,0.290173797521515,0.0,0.0,0.0,0.0,0.0,0.0,0.0,0.0,0.5,0.0,0.0,0.0,-0.05,0.0,0.0,0.0,38.925724637681164,38.925724637681164,38.925724637681164,38.925724637681164,1.55934393230014,0.290173797521515,0.0,0.0,0.0,1.55934393230014,2.005787995585706
3.544,0.0,0.0,2.061384332667881,0.0,0.0,0.2831490472107426,0.0,0.0,0.0,0.0,0.0,0.0,0.0,0.0,0.5,0.0,0.0,0.0,-0.05,0.0,0.0,0.0,38.925724637681164,38.925724637681164,38.925724637681164,38.925724637681164,1.5613843326678811,0.2831490472107426,0.0,0.0,0.0,1.5613843326678811,1.9121380028082058
3.552,0.0,0.0,2.0633689001253153,0.0,0.0,0.2761334242044475,0.0,0.0,0.0,0.0,0.0,0.0,0.0,0.0,0.5,0.0,0.0,0.0,-0.05,0.0,0.0,0.0,38.925724637681164,38.925724637681164,38.925724637681164,38.925724637681164,1.5633689001253153,0.2761334242044475,0.0,0.0,0.0,1.5633689001253153,1.9969379936810583
3.56,0.0,0.0,2.0652977072165117,0.0,0.0,0.2691269166434697,0.0,0.0,0.0,0.0,0.0,0.0,0.0,0.0,0.5,0.0,0.0,0.0,-0.05,0.0,0.0,0.0,38.925724637681164,38.925724637681164,38.925724637681164,38.925724637681164,1.5652977072165117,0.2691269166434697,0.0,0.0,0.0,1.5652977072165117,1.8833379945135675
3.568,0.0,0.0,2.0671708263912825,0.0,0.0,0.26212951268404405,0.0,0.0,0.0,0.0,0.0,0.0,0.0,0.0,0.5,0.0,0.0,0.0,-0.05,0.0,0.0,0.0,38.925724637681164,38.925724637681164,38.925724637681164,38.925724637681164,1.5671708263912825,0.26212951268404405,0.0,0.0,0.0,1.5671708263912825,1.9014119970961474
3.576,0.0,0.0,2.0689883300053054,0.0,0.0,0.25514120049780736,0.0,0.0,0.0,0.0,0.0,0.0,0.0,0.0,0.5,0.0,0.0,0.0,-0.05,0.0,0.0,0.0,38.925724637681164,38.925724637681164,38.925724637681164,38.925724637681164,1.5689883300053054,0.25514120049780736,0.0,0.0,0.0,1.5689883300053054,1.8512659953557886
3.584,0.0,0.0,2.0707502903202455,0.0,0.0,0.24816196827174927,0.0,0.0,0.0,0.0,0.0,0.0,0.0,0.0,0.5,0.0,0.0,0.0,-0.05,0.0,0.0,0.0,38.925724637681164,38.925724637681164,38.925724637681164,38.925724637681164,1.5707502903202455,0.24816196827174927,0.0,0.0,0.0,1.5707502903202455,1.9699300028150901
3.592,0.0,0.0,2.0724567795038786,0.0,0.0,0.24119180420822794,0.0,0.0,0.0,0.0,0.0,0.0,0.0,0.0,0.5,0.0,0.0,0.0,-0.05,0.0,0.0,0.0,38.925724637681164,38.925724637681164,38.925724637681164,38.925724637681164,1.5724567795038786,0.24119180420822794,0.0,0.0,0.0,1.5724567795038786,2.1970980014884844
3.6,0.0,0.0,2.0741078696302115,0.0,0.0,0.2342306965249051,0.0,0.0,0.0,0.0,0.0,0.0,0.0,0.0,0.5,0.0,0.0,0.0,-0.05,0.0,0.0,0.0,38.925724637681164,38.925724637681164,38.925724637681164,38.925724637681164,1.5741078696302115,0.2342306965249051,0.0,0.0,0.0,1.5741078696302115,2.003143999900203
3.608,0.0,0.0,2.075703632679606,0.0,0.0,0.2272786334547828,0.0,0.0,0.0,0.0,0.0,0.0,0.0,0.0,0.5,0.0,0.0,0.0,-0.05,0.0,0.0,0.0,38.925724637681164,38.925724637681164,38.925724637681164,38.925724637681164,1.575703632679606,0.2272786334547828,0.0,0.0,0.0,1.575703632679606,1.9648150046123192
3.616,0.0,0.0,2.0772441405388977,0.0,0.0,0.22033560324612195,0.0,0.0,0.0,0.0,0.0,0.0,0.0,0.0,0.5,0.0,0.0,0.0,-0.05,0.0,0.0,0.0,38.925724637681164,38.925724637681164,38.925724637681164,38.925724637681164,1.5772441405388977,0.22033560324612195,0.0,0.0,0.0,1.5772441405388977,1.9450600011623465
3.624,0.0,0.0,2.078729465001521,0.0,0.0,0.21340159416247684,0.0,0.0,0.0,0.0,0.0,0.0,0.0,0.0,0.5,0.0,0.0,0.0,-0.05,0.0,0.0,0.0,38.925724637681164,38.925724637681164,38.925724637681164,38.925724637681164,1.578729465001521,0.21340159416247684,0.0,0.0,0.0,1.578729465001521,1.986377996217925
3.632,0.0,0.0,2.080159677767627,0.0,0.0,0.2064765944826342,0.0,0.0,0.0,0.0,0.0,0.0,0.0,0.0,0.5,0.0,0.0,0.0,-0.05,0.0,0.0,0.0,38.925724637681164,38.925724637681164,38.925724637681164,38.925724637681164,1.580159677767627,0.2064765944826342,0.0,0.0,0.0,1.580159677767627,2.002472996537108
3.64,0.0,0.0,2.0815348504442075,0.0,0.0,0.1995605925006197,0.0,0.0,0.0,0.0,0.0,0.0,0.0,0.0,0.5,0.0,0.0,0.0,-0.05,0.0,0.0,0.0,38.925724637681164,38.925724637681164,38.925724637681164,38.925724637681164,1.5815348504442075,0.1995605925006197,0.0,0.0,0.0,1.5815348504442075,2.057896002952475
3.648,0.0,0.0,2.082855054545214,0.0,0.0,0.19265357652565893,0.0,0.0,0.0,0.0,0.0,0.0,0.0,0.0,0.5,0.0,0.0,0.0,-0.05,0.0,0.0,0.0,38.925724637681164,38.925724637681164,38.925724637681164,38.925724637681164,1.582855054545214,0.19265357652565893,0.0,0.0,0.0,1.582855054545214,2.0735250000143424
3.656,0.0,0.0,2.08412036149168,0.0,0.0,0.18575553488217947,0.0,0.0,0.0,0.0,0.0,0.0,0.0,0.0,0.5,0.0,0.0,0.0,-0.05,0.0,0.0,0.0,38.925724637681164,38.925724637681164,38.925724637681164,38.925724637681164,1.5841203614916801,0.18575553488217947,0.0,0.0,0.0,1.5841203614916801,2.1370770045905374
3.664,0.0,0.0,2.085330842611841,0.0,0.0,0.178866455909768,0.0,0.0,0.0,0.0,0.0,0.0,0.0,0.0,0.5,0.0,0.0,0.0,-0.05,0.0,0.0,0.0,38.925724637681164,38.925724637681164,38.925724637681164,38.925724637681164,1.585330842611841,0.178866455909768,0.0,0.0,0.0,1.585330842611841,2.003370005695615
3.672,0.0,0.0,2.0864865691412553,0.0,0.0,0.17198632796316943,0.0,0.0,0.0,0.0,0.0,0.0,0.0,0.0,0.5,0.0,0.0,0.0,-0.05,0.0,0.0,0.0,38.925724637681164,38.925724637681164,38.925724637681164,38.925724637681164,1.5864865691412553,0.17198632796316943,0.0,0.0,0.0,1.5864865691412553,2.0756910016643815
3.68,0.0,0.0,2.087587612222924,0.0,0.0,0.16511513941225292,0.0,0.0,0.0,0.0,0.0,0.0,0.0,0.0,0.5,0.0,0.0,0.0,-0.05,0.0,0.0,0.0,38.925724637681164,38.925724637681164,38.925724637681164,38.925724637681164,1.587587612222924,0.16511513941225292,0.0,0.0,0.0,1.587587612222924,2.085609005007427
3.688,0.0,0.0,2.0886340429074126,0.0,0.0,0.1582528786420178,0.0,0.0,0.0,0.0,0.0,0.0,0.0,0.0,0.5,0.0,0.0,0.0,-0.05,0.0,0.0,0.0,38.925724637681164,38.925724637681164,38.925724637681164,38.925724637681164,1.5886340429074126,0.1582528786420178,0.0,0.0,0.0,1.5886340429074126,2.2687439995934255
3.696,0.0,0.0,2.089625932152969,0.0,0.0,0.15139953405252088,0.0,0.0,0.0,0.0,0.0,0.0,0.0,0.0,0.5,0.0,0.0,0.0,-0.05,0.0,0.0,0.0,38.925724637681164,38.925724637681164,38.925724637681164,38.925724637681164,1.5896259321529689,0.15139953405252088,0.0,0.0,0.0,1.5896259321529689,2.2541960061062127
3.704,0.0,0.0,2.090563350825645,0.0,0.0,0.14455509405891792,0.0,0.0,0.0,0.0,0.0,0.0,0.0,0.0,0.5,0.0,0.0,0.0,-0.05,0.0,0.0,0.0,38.925724637681164,38.925724637681164,38.925724637681164,38.925724637681164,1.590563350825645,0.14455509405891792,0.0,0.0,0.0,1.590563350825645,2.234446001239121
3.712,0.0,0.0,2.091446369699416,0.0,0.0,0.13771954709140827,0.0,0.0,0.0,0.0,0.0,0.0,0.0,0.0,0.5,0.0,0.0,0.0,-0.05,0.0,0.0,0.0,38.925724637681164,38.925724637681164,38.925724637681164,38.925724637681164,1.5914463696994159,0.13771954709140827,0.0,0.0,0.0,1.5914463696994159,2.165345002140384
3.72,0.0,0.0,2.0922750594562998,0.0,0.0,0.13089288159522366,0.0,0.0,0.0,0.0,0.0,0.0,0.0,0.0,0.5,0.0,0.0,0.0,-0.05,0.0,0.0,0.0,38.925724637681164,38.925724637681164,38.925724637681164,38.925724637681164,1.5922750594562998,0.13089288159522366,0.0,0.0,0.0,1.5922750594562998,2.0462959946598858
3.728,0.0,0.0,2.093049490686477,0.0,0.0,0.1240750860306083,0.0,0.0,0.0,0.0,0.0,0.0,0.0,0.0,0.5,0.0,0.0,0.0,-0.05,0.0,0.0,0.0,38.925724637681164,38.925724637681164,38.925724637681164,38.925724637681164,1.593049490686477,0.1240750860306083,0.0,0.0,0.0,1.593049490686477,2.0456499987631105
3.736,0.0,0.0,2.09376973388841,0.0,0.0,0.11726614887281389,0.0,0.0,0.0,0.0,0.0,0.0,0.0,0.0,0.5,0.0,0.0,0.0,-0.05,0.0,0.0,0.0,38.925724637681164,38.925724637681164,38.925724637681164,38.925724637681164,1.59376973388841,0.11726614887281389,0.0,0.0,0.0,1.59376973388841,2.182460004405584
3.744,0.0,0.0,2.0944358594689616,0.0,0.0,0.11046605861204033,0.0,0.0,0.0,0.0,0.0,0.0,0.0,0.0,0.5,0.0,0.0,0.0,-0.05,0.0,0.0,0.0,38.925724637681164,38.925724637681164,38.925724637681164,38.925724637681164,1.5944358594689616,0.11046605861204033,0.0,0.0,0.0,1.5944358594689616,2.2527250039274804
3.7520000000000002,0.0,0.0,2.0950479377435145,0.0,0.0,0.10367480375345466,0.0,0.0,0.0,0.0,0.0,0.0,0.0,0.0,0.5,0.0,0.0,0.0,-0.05,0.0,0.0,0.0,38.925724637681164,38.925724637681164,38.925724637681164,38.925724637681164,1.5950479377435145,0.10367480375345466,0.0,0.0,0.0,1.5950479377435145,2.200666000135243
3.7600000000000002,0.0,0.0,2.0956060389360904,0.0,0.0,0.09689237281716204,0.0,0.0,0.0,0.0,0.0,0.0,0.0,0.0,0.5,0.0,0.0,0.0,-0.05,0.0,0.0,0.0,38.925724637681164,38.925724637681164,38.925724637681164,38.925724637681164,1.5956060389360904,0.09689237281716204,0.0,0.0,0.0,1.5956060389360904,2.2402110043913126
3.7680000000000002,0.0,0.0,2.096110233179469,0.0,0.0,0.09011875433819344,0.0,0.0,0.0,0.0,0.0,0.0,0.0,0.0,0.5,0.0,0.0,0.0,-0.05,0.0,0.0,0.0,38.925724637681164,38.925724637681164,38.925724637681164,38.925724637681164,1.596110233179469,0.09011875433819344,0.0,0.0,0.0,1.596110233179469,2.1630159972119145
3.7760000000000002,0.0,0.0,2.096560590515305,0.0,0.0,0.08335393686645153,0.0,0.0,0.0,0.0,0.0,0.0,0.0,0.0,0.5,0.0,0.0,0.0,-0.05,0.0,0.0,0.0,38.925724637681164,38.925724637681164,38.925724637681164,38.925724637681164,1.5965605905153049,0.08335393686645153,0.0,0.0,0.0,1.5965605905153049,2.065455999400001
3.7840000000000003,0.0,0.0,2.0969571808942478,0.0,0.0,0.07659790896673388,0.0,0.0,0.0,0.0,0.0,0.0,0.0,0.0,0.5,0.0,0.0,0.0,-0.05,0.0,0.0,0.0,38.925724637681164,38.925724637681164,38.925724637681164,38.925724637681164,1.5969571808942478,0.07659790896673388,0.0,0.0,0.0,1.5969571808942478,2.117768002790399
3.7920000000000003,0.0,0.0,2.09730007417606,0.0,0.0,0.06985065921869615,0.0,0.0,0.0,0.0,0.0,0.0,0.0,0.0,0.5,0.0,0.0,0.0,-0.05,0.0,0.0,0.0,38.925724637681164,38.925724637681164,38.925724637681164,38.925724637681164,1.5973000741760601,0.06985065921869615,0.0,0.0,0.0,1.5973000741760601,2.0954020001227036
3.8000000000000003,0.0,0.0,2.0975893401297347,0.0,0.0,0.06311217621682247,0.0,0.0,0.0,0.0,0.0,0.0,0.0,0.0,0.5,0.0,0.0,0.0,-0.05,0.0,0.0,0.0,38.925724637681164,38.925724637681164,38.925724637681164,38.925724637681164,1.5975893401297347,0.06311217621682247,0.0,0.0,0.0,1.5975893401297347,2.2250370020628907
3.8080000000000003,0.0,0.0,2.097825048433613,0.0,0.0,0.05638244857041301,0.0,0.0,0.0,0.0,0.0,0.0,0.0,0.0,0.5,0.0,0.0,0.0,-0.05,0.0,0.0,0.0,38.925724637681164,38.925724637681164,38.925724637681164,38.925724637681164,1.597825048433613,0.05638244857041301,0.0,0.0,0.0,1.597825048433613,2.1745199992437847
3.8160000000000003,0.0,0.0,2.0980072686755036,0.0,0.0,0.04966146490359614,0.0,0.0,0.0,0.0,0.0,0.0,0.0,0.0,0.5,0.0,0.0,0.0,-0.05,0.0,0.0,0.0,38.925724637681164,38.925724637681164,38.925724637681164,38.925724637681164,1.5980072686755036,0.04966146490359614,0.0,0.0,0.0,1.5980072686755036,2.2862750047352165
3.8240000000000003,0.0,0.0,2.0981360703527985,0.0,0.0,0.04294921385524938,0.0,0.0,0.0,0.0,0.0,0.0,0.0,0.0,0.5,0.0,0.0,0.0,-0.05,0.0,0.0,0.0,38.925724637681164,38.925724637681164,38.925724637681164,38.925724637681164,1.5981360703527985,0.04294921385524938,0.0,0.0,0.0,1.5981360703527985,2.1473790038726293
3.8320000000000003,0.0,0.0,2.0982115228725915,0.0,0.0,0.03624568407902495,0.0,0.0,0.0,0.0,0.0,0.0,0.0,0.0,0.5,0.0,0.0,0.0,-0.05,0.0,0.0,0.0,38.925724637681164,38.925724637681164,38.925724637681164,38.925724637681164,1.5982115228725915,0.03624568407902495,0.0,0.0,0.0,1.5982115228725915,2.234639003290795
3.84,0.0,0.0,2.0982336955517953,0.0,0.0,0.02955086424331477,0.0,0.0,0.0,0.0,0.0,0.0,0.0,0.0,0.5,0.0,0.0,0.0,-0.05,0.0,0.0,0.0,38.925724637681164,38.925724637681164,38.925724637681164,38.925724637681164,1.5982336955517953,0.02955086424331477,0.0,0.0,0.0,1.5982336955517953,2.154907000658568
3.848,0.0,0.0,2.098202657617259,0.0,0.0,0.022864743031244486,0.0,0.0,0.0,0.0,0.0,0.0,0.0,0.0,0.5,0.0,0.0,0.0,-0.05,0.0,0.0,0.0,38.925724637681164,38.925724637681164,38.925724637681164,38.925724637681164,1.598202657617259,0.022864743031244486,0.0,0.0,0.0,1.598202657617259,2.1777729998575523
3.856,0.0,0.0,2.098118478205884,0.0,0.0,0.01618730914062458,0.0,0.0,0.0,0.0,0.0,0.0,0.0,0.0,0.5,0.0,0.0,0.0,-0.05,0.0,0.0,0.0,38.925724637681164,38.925724637681164,38.925724637681164,38.925724637681164,1.5981184782058842,0.01618730914062458,0.0,0.0,0.0,1.5981184782058842,2.3636030018678866
3.864,0.0,0.0,2.097981226364743,0.0,0.0,0.009518551283966462,0.0,0.0,0.0,0.0,0.0,0.0,0.0,0.0,0.5,0.0,0.0,0.0,-0.05,0.0,0.0,0.0,38.925724637681164,38.925724637681164,38.925724637681164,38.925724637681164,1.5979812263647428,0.009518551283966462,0.0,0.0,0.0,1.5979812263647428,2.228353994723875
3.872,0.0,0.0,2.0977909710511935,0.0,0.0,0.0028584581884400313,0.0,0.0,0.0,0.0,0.0,0.0,0.0,0.0,0.5,0.0,0.0,0.0,-0.05,0.0,0.0,0.0,38.925724637681164,38.925724637681164,38.925724637681164,38.925724637681164,1.5977909710511935,0.0028584581884400313,0.0,0.0,0.0,1.5977909710511935,2.2458630046457984
3.88,0.0,0.0,2.097547781132998,0.0,0.0,-0.003792981404138161,0.0,0.0,0.0,0.0,0.0,0.0,0.0,0.0,0.5,0.0,0.0,0.0,-0.05,0.0,0.0,0.0,38.925724637681164,38.925724637681164,38.925724637681164,38.925724637681164,1.597547781132998,0.003792981404138161,0.0,0.0,0.0,1.597547781132998,2.170770996599458
3.888,0.0,0.0,2.0972517253884377,0.0,0.0,-0.010435778737314348,0.0,0.0,0.0,0.0,0.0,0.0,0.0,0.0,0.5,0.0,0.0,0.0,-0.05,0.0,0.0,0.0,38.925724637681164,38.925724637681164,38.925724637681164,38.925724637681164,1.5972517253884377,0.010435778737314348,0.0,0.0,0.0,1.5972517253884377,2.2283319995040074
3.896,0.0,0.0,2.0969028725064303,0.0,0.0,-0.017069945040038413,0.0,0.0,0.0,0.0,0.0,0.0,0.0,0.0,0.5,0.0,0.0,0.0,-0.05,0.0,0.0,0.0,38.925724637681164,38.925724637681164,38.925724637681164,38.925724637681164,1.5969028725064303,0.017069945040038413,0.0,0.0,0.0,1.5969028725064303,2.168213999539148
3.904,0.0,0.0,2.0965012910866445,0.0,0.0,-0.02369549152667437,0.0,0.0,0.0,0.0,0.0,0.0,0.0,0.0,0.5,0.0,0.0,0.0,-0.05,0.0,0.0,0.0,38.925724637681164,38.925724637681164,38.925724637681164,38.925724637681164,1.5965012910866445,0.02369549152667437,0.0,0.0,0.0,1.5965012910866445,2.4208169998019002
3.912,0.0,0.0,2.0960470496396186,0.0,0.0,-0.030312429396986557,0.0,0.0,0.0,0.0,0.0,0.0,0.0,0.0,0.5,0.0,0.0,0.0,-0.05,0.0,0.0,0.0,38.925724637681164,38.925724637681164,38.925724637681164,38.925724637681164,1.5960470496396186,0.030312429396986557,0.0,0.0,0.0,1.5960470496396186,2.2222679981496185
3.92,0.0,0.0,2.0955402165868735,0.0,0.0,-0.03692076983621738,0.0,0.0,0.0,0.0,0.0,0.0,0.0,0.0,0.5,0.0,0.0,0.0,-0.05,0.0,0.0,0.0,38.925724637681164,38.925724637681164,38.925724637681164,38.925724637681164,1.5955402165868735,0.03692076983621738,0.0,0.0,0.0,1.5955402165868735,2.3677249992033467
3.928,0.0,0.0,2.0949808602610296,0.0,0.0,-0.04352052401507185,0.0,0.0,0.0,0.0,0.0,0.0,0.0,0.0,0.5,0.0,0.0,0.0,-0.05,0.0,0.0,0.0,38.925724637681164,38.925724637681164,38.925724637681164,38.925724637681164,1.5949808602610296,0.04352052401507185,0.0,0.0,0.0,1.5949808602610296,2.1959279984002933
3.936,0.0,0.0,2.094369048905923,0.0,0.0,-0.050111703089727344,0.0,0.0,0.0,0.0,0.0,0.0,0.0,0.0,0.5,0.0,0.0,0.0,-0.05,0.0,0.0,0.0,38.925724637681164,38.925724637681164,38.925724637681164,38.925724637681164,1.5943690489059228,0.050111703089727344,0.0,0.0,0.0,1.5943690489059228,2.2505960005219094
3.944,0.0,0.0,2.093704850676719,0.0,0.0,-0.056694318201874774,0.0,0.0,0.0,0.0,0.0,0.0,0.0,0.0,0.5,0.0,0.0,0.0,-0.05,0.0,0.0,0.0,38.925724637681164,38.925724637681164,38.925724637681164,38.925724637681164,1.593704850676719,0.056694318201874774,0.0,0.0,0.0,1.593704850676719,2.1507590063265525
3.952,0.0,0.0,2.09298833364003,0.0,0.0,-0.06326838047872929,0.0,0.0,0.0,0.0,0.0,0.0,0.0,0.0,0.5,0.0,0.0,0.0,-0.05,0.0,0.0,0.0,38.925724637681164,38.925724637681164,38.925724637681164,38.925724637681164,1.59298833364003,0.06326838047872929,0.0,0.0,0.0,1.59298833364003,2.3541820046375506
3.96,0.0,0.0,2.0922195657740277,0.0,0.0,-0.06983390103303887,0.0,0.0,0.0,0.0,0.0,0.0,0.0,0.0,0.5,0.0,0.0,0.0,-0.05,0.0,0.0,0.0,38.925724637681164,38.925724637681164,38.925724637681164,38.925724637681164,1.5922195657740277,0.06983390103303887,0.0,0.0,0.0,1.5922195657740277,2.476422996551264
3.968,0.0,0.0,2.09139861496856,0.0,0.0,-0.07639089096312446,0.0,0.0,0.0,0.0,0.0,0.0,0.0,0.0,0.5,0.0,0.0,0.0,-0.05,0.0,0.0,0.0,38.925724637681164,38.925724637681164,38.925724637681164,38.925724637681164,1.59139861496856,0.07639089096312446,0.0,0.0,0.0,1.59139861496856,2.3344269939116202
3.976,0.0,0.0,2.0905255490252643,0.0,0.0,-0.08293936135288991,0.0,0.0,0.0,0.0,0.0,0.0,0.0,0.0,0.5,0.0,0.0,0.0,-0.05,0.0,0.0,0.0,38.925724637681164,38.925724637681164,38.925724637681164,38.925724637681164,1.5905255490252643,0.08293936135288991,0.0,0.0,0.0,1.5905255490252643,2.338679005333688
3.984,0.0,0.0,2.089600435657684,0.0,0.0,-0.08947932327181884,0.0,0.0,0.0,0.0,0.0,0.0,0.0,0.0,0.5,0.0,0.0,0.0,-0.05,0.0,0.0,0.0,38.925724637681164,38.925724637681164,38.925724637681164,38.925724637681164,1.589600435657684,0.08947932327181884,0.0,0.0,0.0,1.589600435657684,2.317719998245593
3.992,0.0,0.0,2.088623342491381,0.0,0.0,-0.09601078777502756,0.0,0.0,0.0,0.0,0.0,0.0,0.0,0.0,0.5,0.0,0.0,0.0,-0.05,0.0,0.0,0.0,38.925724637681164,38.925724637681164,38.925724637681164,38.925724637681164,1.5886233424913812,0.09601078777502756,0.0,0.0,0.0,1.5886233424913812,2.544448994740378
4.0,0.0,0.0,2.0875943370640515,0.0,0.0,-0.1025337659032631,0.0,0.0,0.0,0.0,0.0,0.0,0.0,0.0,0.5,0.0,0.0,0.0,-0.05,0.0,0.0,0.0,38.925724637681164,38.925724637681164,38.925724637681164,38.925724637681164,1.5875943370640515,0.1025337659032631,0.0,0.0,0.0,1.5875943370640515,2.247905998956412
4.008,0.0,0.0,2.0865134868256385,0.0,0.0,-0.1090482686829349,0.0,0.0,0.0,0.0,0.0,0.0,0.0,0.0,0.5,0.0,0.0,0.0,-0.05,0.0,0.0,0.0,38.925724637681164,38.925724637681164,38.925724637681164,38.925724637681164,1.5865134868256385,0.1090482686829349,0.0,0.0,0.0,1.5865134868256385,2.3336039957939647
4.016,0.0,0.0,2.085380859138448,0.0,0.0,-0.11555430712610684,0.0,0.0,0.0,0.0,0.0,0.0,0.0,0.0,0.5,0.0,0.0,0.0,-0.05,0.0,0.0,0.0,38.925724637681164,38.925724637681164,38.925724637681164,38.925724637681164,1.5853808591384482,0.11555430712610684,0.0,0.0,0.0,1.5853808591384482,2.469061000738293
4.024,0.0,0.0,2.0841965212772613,0.0,0.0,-0.12205189223055743,0.0,0.0,0.0,0.0,0.0,0.0,0.0,0.0,0.5,0.0,0.0,0.0,-0.05,0.0,0.0,0.0,38.925724637681164,38.925724637681164,38.925724637681164,38.925724637681164,1.5841965212772613,0.12205189223055743,0.0,0.0,0.0,1.5841965212772613,2.273641002830118
4.032,0.0,0.0,2.0829605404294487,0.0,0.0,-0.1285410349797615,0.0,0.0,0.0,0.0,0.0,0.0,0.0,0.0,0.5,0.0,0.0,0.0,-0.05,0.0,0.0,0.0,38.925724637681164,38.925724637681164,38.925724637681164,38.925724637681164,1.5829605404294487,0.1285410349797615,0.0,0.0,0.0,1.5829605404294487,2.3467530045309104
4.04,0.0,0.0,2.081672983695084,0.0,0.0,-0.1350217463429309,0.0,0.0,0.0,0.0,0.0,0.0,0.0,0.0,0.5,0.0,0.0,0.0,-0.05,0.0,0.0,0.0,38.925724637681164,38.925724637681164,38.925724637681164,38.925724637681164,1.5816729836950838,0.1350217463429309,0.0,0.0,0.0,1.5816729836950838,2.2350389990606345
4.048,0.0,0.0,2.0803339180870566,0.0,0.0,-0.14149403727502502,0.0,0.0,0.0,0.0,0.0,0.0,0.0,0.0,0.5,0.0,0.0,0.0,-0.05,0.0,0.0,0.0,38.925724637681164,38.925724637681164,38.925724637681164,38.925724637681164,1.5803339180870566,0.14149403727502502,0.0,0.0,0.0,1.5803339180870566,2.362633000302594
4.056,0.0,0.0,2.078943410531187,0.0,0.0,-0.14795791871675892,0.0,0.0,0.0,0.0,0.0,0.0,0.0,0.0,0.5,0.0,0.0,0.0,-0.05,0.0,0.0,0.0,38.925724637681164,38.925724637681164,38.925724637681164,38.925724637681164,1.578943410531187,0.14795791871675892,0.0,0.0,0.0,1.578943410531187,2.4099020010908134
4.064,0.0,0.0,2.0775015278663376,0.0,0.0,-0.1544134015946436,0.0,0.0,0.0,0.0,0.0,0.0,0.0,0.0,0.5,0.0,0.0,0.0,-0.05,0.0,0.0,0.0,38.925724637681164,38.925724637681164,38.925724637681164,38.925724637681164,1.5775015278663376,0.1544134015946436,0.0,0.0,0.0,1.5775015278663376,2.280537002661731
4.072,0.0,0.0,2.076008336844527,0.0,0.0,-0.16086049682098436,0.0,0.0,0.0,0.0,0.0,0.0,0.0,0.0,0.5,0.0,0.0,0.0,-0.05,0.0,0.0,0.0,38.925724637681164,38.925724637681164,38.925724637681164,38.925724637681164,1.5760083368445268,0.16086049682098436,0.0,0.0,0.0,1.5760083368445268,2.3397429977194406
4.08,0.0,0.0,2.074463904131042,0.0,0.0,-0.16729921529390218,0.0,0.0,0.0,0.0,0.0,0.0,0.0,0.0,0.5,0.0,0.0,0.0,-0.05,0.0,0.0,0.0,38.925724637681164,38.925724637681164,38.925724637681164,38.925724637681164,1.5744639041310422,0.16729921529390218,0.0,0.0,0.0,1.5744639041310422,2.2634540000581183
4.088,0.0,0.0,2.0728682963045517,0.0,0.0,-0.17372956789738386,0.0,0.0,0.0,0.0,0.0,0.0,0.0,0.0,0.5,0.0,0.0,0.0,-0.05,0.0,0.0,0.0,38.925724637681164,38.925724637681164,38.925724637681164,38.925724637681164,1.5728682963045517,0.17372956789738386,0.0,0.0,0.0,1.5728682963045517,2.4745349946897477
4.096,0.0,0.0,2.0712215798572178,0.0,0.0,-0.18015156550125558,0.0,0.0,0.0,0.0,0.0,0.0,0.0,0.0,0.5,0.0,0.0,0.0,-0.05,0.0,0.0,0.0,38.925724637681164,38.925724637681164,38.925724637681164,38.925724637681164,1.5712215798572178,0.18015156550125558,0.0,0.0,0.0,1.5712215798572178,2.2658770030830055
4.104,0.0,0.0,2.0695238211948093,0.0,0.0,-0.1865652189612172,0.0,0.0,0.0,0.0,0.0,0.0,0.0,0.0,0.5,0.0,0.0,0.0,-0.05,0.0,0.0,0.0,38.925724637681164,38.925724637681164,38.925724637681164,38.925724637681164,1.5695238211948093,0.1865652189612172,0.0,0.0,0.0,1.5695238211948093,2.53197400161298
4.112,0.0,0.0,2.067775086636813,0.0,0.0,-0.19297053911888098,0.0,0.0,0.0,0.0,0.0,0.0,0.0,0.0,0.5,0.0,0.0,0.0,-0.05,0.0,0.0,0.0,38.925724637681164,38.925724637681164,38.925724637681164,38.925724637681164,1.567775086636813,0.19297053911888098,0.0,0.0,0.0,1.567775086636813,2.4729990036576055
4.12,0.0,0.0,2.0659754424165473,0.0,0.0,-0.19936753680174688,0.0,0.0,0.0,0.0,0.0,0.0,0.0,0.0,0.5,0.0,0.0,0.0,-0.05,0.0,0.0,0.0,38.925724637681164,38.925724637681164,38.925724637681164,38.925724637681164,1.5659754424165473,0.19936753680174688,0.0,0.0,0.0,1.5659754424165473,2.4332710017915815
4.128,0.0,0.0,2.0641249546812723,0.0,0.0,-0.20575622282327158,0.0,0.0,0.0,0.0,0.0,0.0,0.0,0.0,0.5,0.0,0.0,0.0,-0.05,0.0,0.0,0.0,38.925724637681164,38.925724637681164,38.925724637681164,38.925724637681164,1.5641249546812723,0.20575622282327158,0.0,0.0,0.0,1.5641249546812723,2.3486240024794824
4.136,0.0,0.0,2.062223689492303,0.0,0.0,-0.21213660798284623,0.0,0.0,0.0,0.0,0.0,0.0,0.0,0.0,0.5,0.0,0.0,0.0,-0.05,0.0,0.0,0.0,38.925724637681164,38.925724637681164,38.925724637681164,38.925724637681164,1.5622236894923032,0.21213660798284623,0.0,0.0,0.0,1.5622236894923032,2.426956001727376
4.144,0.0,0.0,2.0602717128251204,0.0,0.0,-0.21850870306584497,0.0,0.0,0.0,0.0,0.0,0.0,0.0,0.0,0.5,0.0,0.0,0.0,-0.05,0.0,0.0,0.0,38.925724637681164,38.925724637681164,38.925724637681164,38.925724637681164,1.5602717128251204,0.21850870306584497,0.0,0.0,0.0,1.5602717128251204,2.3077169971656986
4.152,0.0,0.0,2.058269090569483,0.0,0.0,-0.22487251884360843,0.0,0.0,0.0,0.0,0.0,0.0,0.0,0.0,0.5,0.0,0.0,0.0,-0.05,0.0,0.0,0.0,38.925724637681164,38.925724637681164,38.925724637681164,38.925724637681164,1.5582690905694832,0.22487251884360843,0.0,0.0,0.0,1.5582690905694832,2.3698379955021665
4.16,0.0,0.0,2.0562158885295387,0.0,0.0,-0.23122806607349705,0.0,0.0,0.0,0.0,0.0,0.0,0.0,0.0,0.5,0.0,0.0,0.0,-0.05,0.0,0.0,0.0,38.925724637681164,38.925724637681164,38.925724637681164,38.925724637681164,1.5562158885295387,0.23122806607349705,0.0,0.0,0.0,1.5562158885295387,2.3683850013185292
4.168,0.0,0.0,2.054112172423935,0.0,0.0,-0.23757535549888936,0.0,0.0,0.0,0.0,0.0,0.0,0.0,0.0,0.5,0.0,0.0,0.0,-0.05,0.0,0.0,0.0,38.925724637681164,38.925724637681164,38.925724637681164,38.925724637681164,1.554112172423935,0.23757535549888936,0.0,0.0,0.0,1.554112172423935,2.3719220043858513
4.176,0.0,0.0,2.051958007885931,0.0,0.0,-0.24391439784921393,0.0,0.0,0.0,0.0,0.0,0.0,0.0,0.0,0.5,0.0,0.0,0.0,-0.05,0.0,0.0,0.0,38.925724637681164,38.925724637681164,38.925724637681164,38.925724637681164,1.551958007885931,0.24391439784921393,0.0,0.0,0.0,1.551958007885931,2.448232000460848
4.184,0.0,0.0,2.049753460463508,0.0,0.0,-0.2502452038399416,0.0,0.0,0.0,0.0,0.0,0.0,0.0,0.0,0.5,0.0,0.0,0.0,-0.05,0.0,0.0,0.0,38.925724637681164,38.925724637681164,38.925724637681164,38.925724637681164,1.5497534604635081,0.2502452038399416,0.0,0.0,0.0,1.5497534604635081,2.7731950031011365
4.192,0.0,0.0,2.0474985956194813,0.0,0.0,-0.2565677841726236,0.0,0.0,0.0,0.0,0.0,0.0,0.0,0.0,0.5,0.0,0.0,0.0,-0.05,0.0,0.0,0.0,38.925724637681164,38.925724637681164,38.925724637681164,38.925724637681164,1.5474985956194813,0.2565677841726236,0.0,0.0,0.0,1.5474985956194813,2.3874589969636872
4.2,0.0,0.0,2.0451934787316084,0.0,0.0,-0.2628821495349223,0.0,0.0,0.0,0.0,0.0,0.0,0.0,0.0,0.5,0.0,0.0,0.0,-0.05,0.0,0.0,0.0,38.925724637681164,38.925724637681164,38.925724637681164,38.925724637681164,1.5451934787316084,0.2628821495349223,0.0,0.0,0.0,1.5451934787316084,2.3583479996887036
4.208,0.0,0.0,2.0428381750927023,0.0,0.0,-0.2691883106005909,0.0,0.0,0.0,0.0,0.0,0.0,0.0,0.0,0.5,0.0,0.0,0.0,-0.05,0.0,0.0,0.0,38.925724637681164,38.925724637681164,38.925724637681164,38.925724637681164,1.5428381750927023,0.2691883106005909,0.0,0.0,0.0,1.5428381750927023,2.3355849989457056
4.216,0.0,0.0,2.0404327499107398,0.0,0.0,-0.2754862780295356,0.0,0.0,0.0,0.0,0.0,0.0,0.0,0.0,0.5,0.0,0.0,0.0,-0.05,0.0,0.0,0.0,38.925724637681164,38.925724637681164,38.925724637681164,38.925724637681164,1.5404327499107398,0.2754862780295356,0.0,0.0,0.0,1.5404327499107398,2.4640819974592887
4.224,0.0,0.0,2.037977268308973,0.0,0.0,-0.28177606246779807,0.0,0.0,0.0,0.0,0.0,0.0,0.0,0.0,0.5,0.0,0.0,0.0,-0.05,0.0,0.0,0.0,38.925724637681164,38.925724637681164,38.925724637681164,38.925724637681164,1.537977268308973,0.28177606246779807,0.0,0.0,0.0,1.537977268308973,2.4598529998911545
4.232,0.0,0.0,2.0354717953260386,0.0,0.0,-0.28805767454759723,0.0,0.0,0.0,0.0,0.0,0.0,0.0,0.0,0.5,0.0,0.0,0.0,-0.05,0.0,0.0,0.0,38.925724637681164,38.925724637681164,38.925724637681164,38.925724637681164,1.5354717953260386,0.28805767454759723,0.0,0.0,0.0,1.5354717953260386,2.410574001260102
4.24,0.0,0.0,2.0329163959160685,0.0,0.0,-0.29433112488732954,0.0,0.0,0.0,0.0,0.0,0.0,0.0,0.0,0.5,0.0,0.0,0.0,-0.05,0.0,0.0,0.0,38.925724637681164,38.925724637681164,38.925724637681164,38.925724637681164,1.5329163959160685,0.29433112488732954,0.0,0.0,0.0,1.5329163959160685,2.3952279952936806
4.248,0.0,0.0,2.0303111349487994,0.0,0.0,-0.300596424091591,0.0,0.0,0.0,0.0,0.0,0.0,0.0,0.0,0.5,0.0,0.0,0.0,-0.05,0.0,0.0,0.0,38.925724637681164,38.925724637681164,38.925724637681164,38.925724637681164,1.5303111349487994,0.300596424091591,0.0,0.0,0.0,1.5303111349487994,2.4314760012202896
4.256,0.0,0.0,2.0276560772096817,0.0,0.0,-0.3068535827512173,0.0,0.0,0.0,0.0,0.0,0.0,0.0,0.0,0.5,0.0,0.0,0.0,-0.05,0.0,0.0,0.0,38.925724637681164,38.925724637681164,38.925724637681164,38.925724637681164,1.5276560772096817,0.3068535827512173,0.0,0.0,0.0,1.5276560772096817,2.473197993822396
4.264,0.0,0.0,2.02495128739999,0.0,0.0,-0.31310261144326046,0.0,0.0,0.0,0.0,0.0,0.0,0.0,0.0,0.5,0.0,0.0,0.0,-0.05,0.0,0.0,0.0,38.925724637681164,38.925724637681164,38.925724637681164,38.925724637681164,1.5249512873999902,0.31310261144326046,0.0,0.0,0.0,1.5249512873999902,2.3883900066721253
4.272,0.0,0.0,2.022196830136932,0.0,0.0,-0.31934352073105854,0.0,0.0,0.0,0.0,0.0,0.0,0.0,0.0,0.5,0.0,0.0,0.0,-0.05,0.0,0.0,0.0,38.925724637681164,38.925724637681164,38.925724637681164,38.925724637681164,1.5221968301369322,0.31934352073105854,0.0,0.0,0.0,1.5221968301369322,2.34346399520291
4.28,0.0,0.0,2.0193927699537584,0.0,0.0,-0.32557632116419194,0.0,0.0,0.0,0.0,0.0,0.0,0.0,0.0,0.5,0.0,0.0,0.0,-0.05,0.0,0.0,0.0,38.925724637681164,38.925724637681164,38.925724637681164,38.925724637681164,1.5193927699537584,0.32557632116419194,0.0,0.0,0.0,1.5193927699537584,2.477902999089565
4.288,0.0,0.0,2.0165391712998706,0.0,0.0,-0.33180102327854827,0.0,0.0,0.0,0.0,0.0,0.0,0.0,0.0,0.5,0.0,0.0,0.0,-0.05,0.0,0.0,0.0,38.925724637681164,38.925724637681164,38.925724637681164,38.925724637681164,1.5165391712998706,0.33180102327854827,0.0,0.0,0.0,1.5165391712998706,2.46292299561901
4.296,0.0,0.0,2.0136360985409305,0.0,0.0,-0.3380176375963407,0.0,0.0,0.0,0.0,0.0,0.0,0.0,0.0,0.5,0.0,0.0,0.0,-0.05,0.0,0.0,0.0,38.925724637681164,38.925724637681164,38.925724637681164,38.925724637681164,1.5136360985409305,0.3380176375963407,0.0,0.0,0.0,1.5136360985409305,2.4705219984753057
4.304,0.0,0.0,2.0106836159589703,0.0,0.0,-0.3442261746260784,0.0,0.0,0.0,0.0,0.0,0.0,0.0,0.0,0.5,0.0,0.0,0.0,-0.05,0.0,0.0,0.0,38.925724637681164,38.925724637681164,38.925724637681164,38.925724637681164,1.5106836159589703,0.3442261746260784,0.0,0.0,0.0,1.5106836159589703,2.4863609942258336
4.312,0.0,0.0,2.007681787752499,0.0,0.0,-0.350426644862643,0.0,0.0,0.0,0.0,0.0,0.0,0.0,0.0,0.5,0.0,0.0,0.0,-0.05,0.0,0.0,0.0,38.925724637681164,38.925724637681164,38.925724637681164,38.925724637681164,1.507681787752499,0.350426644862643,0.0,0.0,0.0,1.507681787752499,2.511045997380279
4.32,0.0,0.0,2.0046306780366123,0.0,0.0,-0.35661905878728273,0.0,0.0,0.0,0.0,0.0,0.0,0.0,0.0,0.5,0.0,0.0,0.0,-0.05,0.0,0.0,0.0,38.925724637681164,38.925724637681164,38.925724637681164,38.925724637681164,1.5046306780366123,0.35661905878728273,0.0,0.0,0.0,1.5046306780366123,2.4841049962560646
4.328,0.0,0.0,2.001530350843101,0.0,0.0,-0.362803426867608,0.0,0.0,0.0,0.0,0.0,0.0,0.0,0.0,0.5,0.0,0.0,0.0,-0.05,0.0,0.0,0.0,38.925724637681164,38.925724637681164,38.925724637681164,38.925724637681164,1.501530350843101,0.362803426867608,0.0,0.0,0.0,1.501530350843101,2.35143300233176
4.336,0.0,0.0,1.9983808701205592,0.0,0.0,-0.3689797595576324,0.0,0.0,0.0,0.0,0.0,0.0,0.0,0.0,0.5,0.0,0.0,0.0,-0.05,0.0,0.0,0.0,38.925724637681164,38.925724637681164,38.925724637681164,38.925724637681164,1.4983808701205592,0.3689797595576324,0.0,0.0,0.0,1.4983808701205592,2.4713269958738238
4.344,0.0,0.0,1.9951822997344917,0.0,0.0,-0.37514806729779393,0.0,0.0,0.0,0.0,0.0,0.0,0.0,0.0,0.5,0.0,0.0,0.0,-0.05,0.0,0.0,0.0,38.925724637681164,38.925724637681164,38.925724637681164,38.925724637681164,1.4951822997344917,0.37514806729779393,0.0,0.0,0.0,1.4951822997344917,2.5313500009360723
4.352,0.0,0.0,1.9919347034674224,0.0,0.0,-0.38130836051496697,0.0,0.0,0.0,0.0,0.0,0.0,0.0,0.0,0.5,0.0,0.0,0.0,-0.05,0.0,0.0,0.0,38.925724637681164,38.925724637681164,38.925724637681164,38.925724637681164,1.4919347034674224,0.38130836051496697,0.0,0.0,0.0,1.4919347034674224,2.512481005396694
4.36,0.0,0.0,1.9886381450190025,0.0,0.0,-0.38746064962247145,0.0,0.0,0.0,0.0,0.0,0.0,0.0,0.0,0.5,0.0,0.0,0.0,-0.05,0.0,0.0,0.0,38.925724637681164,38.925724637681164,38.925724637681164,38.925724637681164,1.4886381450190025,0.38746064962247145,0.0,0.0,0.0,1.4886381450190025,2.6699410009314306
4.368,0.0,0.0,1.9852926880061175,0.0,0.0,-0.3936049450201027,0.0,0.0,0.0,0.0,0.0,0.0,0.0,0.0,0.5,0.0,0.0,0.0,-0.05,0.0,0.0,0.0,38.925724637681164,38.925724637681164,38.925724637681164,38.925724637681164,1.4852926880061175,0.3936049450201027,0.0,0.0,0.0,1.4852926880061175,2.408997002930846
4.376,0.0,0.0,1.9818983959629952,0.0,0.0,-0.3997412570941383,0.0,0.0,0.0,0.0,0.0,0.0,0.0,0.0,0.5,0.0,0.0,0.0,-0.05,0.0,0.0,0.0,38.925724637681164,38.925724637681164,38.925724637681164,38.925724637681164,1.4818983959629952,0.3997412570941383,0.0,0.0,0.0,1.4818983959629952,2.3809669946786016
4.384,0.0,0.0,1.9784553323413132,0.0,0.0,-0.4058695962173608,0.0,0.0,0.0,0.0,0.0,0.0,0.0,0.0,0.5,0.0,0.0,0.0,-0.05,0.0,0.0,0.0,38.925724637681164,38.925724637681164,38.925724637681164,38.925724637681164,1.4784553323413132,0.4058695962173608,0.0,0.0,0.0,1.4784553323413132,2.337131001695525
4.392,0.0,0.0,1.9749635605103053,0.0,0.0,-0.4119899727490863,0.0,0.0,0.0,0.0,0.0,0.0,0.0,0.0,0.5,0.0,0.0,0.0,-0.05,0.0,0.0,0.0,38.925724637681164,38.925724637681164,38.925724637681164,38.925724637681164,1.4749635605103053,0.4119899727490863,0.0,0.0,0.0,1.4749635605103053,2.3920640014694072
4.4,0.0,0.0,1.97142314375687,0.0,0.0,-0.4181023970351544,0.0,0.0,0.0,0.0,0.0,0.0,0.0,0.0,0.5,0.0,0.0,0.0,-0.05,0.0,0.0,0.0,38.925724637681164,38.925724637681164,38.925724637681164,38.925724637681164,1.47142314375687,0.4181023970351544,0.0,0.0,0.0,1.47142314375687,2.406182000413537
4.408,0.0,0.0,1.9678341452856758,0.0,0.0,-0.4242068794079758,0.0,0.0,0.0,0.0,0.0,0.0,0.0,0.0,0.5,0.0,0.0,0.0,-0.05,0.0,0.0,0.0,38.925724637681164,38.925724637681164,38.925724637681164,38.925724637681164,1.4678341452856758,0.4242068794079758,0.0,0.0,0.0,1.4678341452856758,2.522181996027939
4.416,0.0,0.0,1.96419662821927,0.0,0.0,-0.4303034301865257,0.0,0.0,0.0,0.0,0.0,0.0,0.0,0.0,0.5,0.0,0.0,0.0,-0.05,0.0,0.0,0.0,38.925724637681164,38.925724637681164,38.925724637681164,38.925724637681164,1.46419662821927,0.4303034301865257,0.0,0.0,0.0,1.46419662821927,2.459536997776013
4.424,0.0,0.0,1.9605106555981835,0.0,0.0,-0.436392059676383,0.0,0.0,0.0,0.0,0.0,0.0,0.0,0.0,0.5,0.0,0.0,0.0,-0.05,0.0,0.0,0.0,38.925724637681164,38.925724637681164,38.925724637681164,38.925724637681164,1.4605106555981835,0.436392059676383,0.0,0.0,0.0,1.4605106555981835,2.5325140013592318
4.432,0.0,0.0,1.9567762903810388,0.0,0.0,-0.4424727781697227,0.0,0.0,0.0,0.0,0.0,0.0,0.0,0.0,0.5,0.0,0.0,0.0,-0.05,0.0,0.0,0.0,38.925724637681164,38.925724637681164,38.925724637681164,38.925724637681164,1.4567762903810388,0.4424727781697227,0.0,0.0,0.0,1.4567762903810388,2.6443250026204623
4.44,0.0,0.0,1.9529935954446556,0.0,0.0,-0.44854559594536003,0.0,0.0,0.0,0.0,0.0,0.0,0.0,0.0,0.5,0.0,0.0,0.0,-0.05,0.0,0.0,0.0,38.925724637681164,38.925724637681164,38.925724637681164,38.925724637681164,1.4529935954446556,0.44854559594536003,0.0,0.0,0.0,1.4529935954446556,2.490104001481086
4.448,0.0,0.0,1.949162633584157,0.0,0.0,-0.4546105232687525,0.0,0.0,0.0,0.0,0.0,0.0,0.0,0.0,0.5,0.0,0.0,0.0,-0.05,0.0,0.0,0.0,38.925724637681164,38.925724637681164,38.925724637681164,38.925724637681164,1.449162633584157,0.4546105232687525,0.0,0.0,0.0,1.449162633584157,2.4542829996789806
4.456,0.0,0.0,1.9452834675130766,0.0,0.0,-0.4606675703920121,0.0,0.0,0.0,0.0,0.0,0.0,0.0,0.0,0.5,0.0,0.0,0.0,-0.05,0.0,0.0,0.0,38.925724637681164,38.925724637681164,38.925724637681164,38.925724637681164,1.4452834675130766,0.4606675703920121,0.0,0.0,0.0,1.4452834675130766,2.5369509967276827
4.464,0.0,0.0,1.9413561598634637,0.0,0.0,-0.46671674755393233,0.0,0.0,0.0,0.0,0.0,0.0,0.0,0.0,0.5,0.0,0.0,0.0,-0.05,0.0,0.0,0.0,38.925724637681164,38.925724637681164,38.925724637681164,38.925724637681164,1.4413561598634637,0.46671674755393233,0.0,0.0,0.0,1.4413561598634637,2.4541130042052828
4.472,0.0,0.0,1.9373807731859891,0.0,0.0,-0.4727580649800095,0.0,0.0,0.0,0.0,0.0,0.0,0.0,0.0,0.5,0.0,0.0,0.0,-0.05,0.0,0.0,0.0,38.925724637681164,38.925724637681164,38.925724637681164,38.925724637681164,1.4373807731859891,0.4727580649800095,0.0,0.0,0.0,1.4373807731859891,2.526944997953251
4.48,0.0,0.0,1.9333573699500513,0.0,0.0,-0.478791532882454,0.0,0.0,0.0,0.0,0.0,0.0,0.0,0.0,0.5,0.0,0.0,0.0,-0.05,0.0,0.0,0.0,38.925724637681164,38.925724637681164,38.925724637681164,38.925724637681164,1.4333573699500513,0.478791532882454,0.0,0.0,0.0,1.4333573699500513,2.4045850004768
4.488,0.0,0.0,1.9292860125438818,0.0,0.0,-0.48481716146020026,0.0,0.0,0.0,0.0,0.0,0.0,0.0,0.0,0.5,0.0,0.0,0.0,-0.05,0.0,0.0,0.0,38.925724637681164,38.925724637681164,38.925724637681164,38.925724637681164,1.4292860125438818,0.48481716146020026,0.0,0.0,0.0,1.4292860125438818,2.4707859993213788
4.496,0.0,0.0,1.9251667632746507,0.0,0.0,-0.49083496089893563,0.0,0.0,0.0,0.0,0.0,0.0,0.0,0.0,0.5,0.0,0.0,0.0,-0.05,0.0,0.0,0.0,38.925724637681164,38.925724637681164,38.925724637681164,38.925724637681164,1.4251667632746507,0.49083496089893563,0.0,0.0,0.0,1.4251667632746507,2.6114089996553957
4.5040000000000004,0.0,0.0,1.9209996843685724,0.0,0.0,-0.4968449413711077,0.0,0.0,0.0,0.0,0.0,0.0,0.0,0.0,0.5,0.0,0.0,0.0,-0.05,0.0,0.0,0.0,38.925724637681164,38.925724637681164,38.925724637681164,38.925724637681164,1.4209996843685724,0.4968449413711077,0.0,0.0,0.0,1.4209996843685724,2.5595170009182766
4.5120000000000005,0.0,0.0,1.9167848379710095,0.0,0.0,-0.5028471130359577,0.0,0.0,0.0,0.0,0.0,0.0,0.0,0.0,0.5,0.0,0.0,0.0,-0.05,0.0,0.0,0.0,38.925724637681164,38.925724637681164,38.925724637681164,38.925724637681164,1.4167848379710095,0.5028471130359577,0.0,0.0,0.0,1.4167848379710095,2.5627590002841316
4.5200000000000005,0.0,0.0,1.9125222861465796,0.0,0.0,-0.5088414860395141,0.0,0.0,0.0,0.0,0.0,0.0,0.0,0.0,0.5,0.0,0.0,0.0,-0.05,0.0,0.0,0.0,38.925724637681164,38.925724637681164,38.925724637681164,38.925724637681164,1.4125222861465796,0.5088414860395141,0.0,0.0,0.0,1.4125222861465796,2.4272939990623854
4.5280000000000005,0.0,0.0,1.9082120908792588,0.0,0.0,-0.514828070514631,0.0,0.0,0.0,0.0,0.0,0.0,0.0,0.0,0.5,0.0,0.0,0.0,-0.05,0.0,0.0,0.0,38.925724637681164,38.925724637681164,38.925724637681164,38.925724637681164,1.4082120908792588,0.514828070514631,0.0,0.0,0.0,1.4082120908792588,2.501959002984222
4.5360000000000005,0.0,0.0,1.903854314072487,0.0,0.0,-0.5208068765809982,0.0,0.0,0.0,0.0,0.0,0.0,0.0,0.0,0.5,0.0,0.0,0.0,-0.05,0.0,0.0,0.0,38.925724637681164,38.925724637681164,38.925724637681164,38.925724637681164,1.403854314072487,0.5208068765809982,0.0,0.0,0.0,1.403854314072487,3.1567859987262636
4.5440000000000005,0.0,0.0,1.8994490175492729,0.0,0.0,-0.5267779143451534,0.0,0.0,0.0,0.0,0.0,0.0,0.0,0.0,0.5,0.0,0.0,0.0,-0.05,0.0,0.0,0.0,38.925724637681164,38.925724637681164,38.925724637681164,38.925724637681164,1.3994490175492729,0.5267779143451534,0.0,0.0,0.0,1.3994490175492729,2.6273879993823357
4.5520000000000005,0.0,0.0,1.8949962630522978,0.0,0.0,-0.5327411939004981,0.0,0.0,0.0,0.0,0.0,0.0,0.0,0.0,0.5,0.0,0.0,0.0,-0.05,0.0,0.0,0.0,38.925724637681164,38.925724637681164,38.925724637681164,38.925724637681164,1.3949962630522978,0.5327411939004981,0.0,0.0,0.0,1.3949962630522978,2.6012349990196526
4.5600000000000005,0.0,0.0,1.8904961122440205,0.0,0.0,-0.5386967253273327,0.0,0.0,0.0,0.0,0.0,0.0,0.0,0.0,0.5,0.0,0.0,0.0,-0.05,0.0,0.0,0.0,38.925724637681164,38.925724637681164,38.925724637681164,38.925724637681164,1.3904961122440205,0.5386967253273327,0.0,0.0,0.0,1.3904961122440205,2.592452001408674
4.5680000000000005,0.0,0.0,1.8859486267067813,0.0,0.0,-0.544644518692845,0.0,0.0,0.0,0.0,0.0,0.0,0.0,0.0,0.5,0.0,0.0,0.0,-0.05,0.0,0.0,0.0,38.925724637681164,38.925724637681164,38.925724637681164,38.925724637681164,1.3859486267067813,0.544644518692845,0.0,0.0,0.0,1.3859486267067813,2.546359995903913
4.5760000000000005,0.0,0.0,1.8813538679429065,0.0,0.0,-0.5505845840511466,0.0,0.0,0.0,0.0,0.0,0.0,0.0,0.0,0.5,0.0,0.0,0.0,-0.05,0.0,0.0,0.0,38.925724637681164,38.925724637681164,38.925724637681164,38.925724637681164,1.3813538679429065,0.5505845840511466,0.0,0.0,0.0,1.3813538679429065,2.7146350039402023
4.5840000000000005,0.0,0.0,1.8767118973748114,0.0,0.0,-0.5565169314432953,0.0,0.0,0.0,0.0,0.0,0.0,0.0,0.0,0.5,0.0,0.0,0.0,-0.05,0.0,0.0,0.0,38.925724637681164,38.925724637681164,38.925724637681164,38.925724637681164,1.3767118973748114,0.5565169314432953,0.0,0.0,0.0,1.3767118973748114,2.4725080002099276
4.5920000000000005,0.0,0.0,1.8720227763451052,0.0,0.0,-0.5624415708972912,0.0,0.0,0.0,0.0,0.0,0.0,0.0,0.0,0.5,0.0,0.0,0.0,-0.05,0.0,0.0,0.0,38.925724637681164,38.925724637681164,38.925724637681164,38.925724637681164,1.3720227763451052,0.5624415708972912,0.0,0.0,0.0,1.3720227763451052,2.7157839940628037
4.6000000000000005,0.0,0.0,1.867286566116694,0.0,0.0,-0.5683585124281127,0.0,0.0,0.0,0.0,0.0,0.0,0.0,0.0,0.5,0.0,0.0,0.0,-0.05,0.0,0.0,0.0,38.925724637681164,38.925724637681164,38.925724637681164,38.925724637681164,1.367286566116694,0.5683585124281127,0.0,0.0,0.0,1.367286566116694,2.4711439982638694
4.6080000000000005,0.0,0.0,1.8625033278728849,0.0,0.0,-0.5742677660377178,0.0,0.0,0.0,0.0,0.0,0.0,0.0,0.0,0.5,0.0,0.0,0.0,-0.05,0.0,0.0,0.0,38.925724637681164,38.925724637681164,38.925724637681164,38.925724637681164,1.3625033278728849,0.5742677660377178,0.0,0.0,0.0,1.3625033278728849,2.4166619987227023
4.616,0.0,0.0,1.8576731227174887,0.0,0.0,-0.5801693417150905,0.0,0.0,0.0,0.0,0.0,0.0,0.0,0.0,0.5,0.0,0.0,0.0,-0.05,0.0,0.0,0.0,38.925724637681164,38.925724637681164,38.925724637681164,38.925724637681164,1.3576731227174887,0.5801693417150905,0.0,0.0,0.0,1.3576731227174887,2.4392639970756136
4.624,0.0,0.0,1.852796011674924,0.0,0.0,-0.5860632494361903,0.0,0.0,0.0,0.0,0.0,0.0,0.0,0.0,0.5,0.0,0.0,0.0,-0.05,0.0,0.0,0.0,38.925724637681164,38.925724637681164,38.925724637681164,38.925724637681164,1.352796011674924,0.5860632494361903,0.0,0.0,0.0,1.352796011674924,2.533047998440452
4.632,0.0,0.0,1.8478720556903199,0.0,0.0,-0.591949499164056,0.0,0.0,0.0,0.0,0.0,0.0,0.0,0.0,0.5,0.0,0.0,0.0,-0.05,0.0,0.0,0.0,38.925724637681164,38.925724637681164,38.925724637681164,38.925724637681164,1.3478720556903199,0.591949499164056,0.0,0.0,0.0,1.3478720556903199,2.7558989968383685
4.64,0.0,0.0,1.8429013156296188,0.0,0.0,-0.5978281008487718,0.0,0.0,0.0,0.0,0.0,0.0,0.0,0.0,0.5,0.0,0.0,0.0,-0.05,0.0,0.0,0.0,38.925724637681164,38.925724637681164,38.925724637681164,38.925724637681164,1.3429013156296188,0.5978281008487718,0.0,0.0,0.0,1.3429013156296188,2.584190995548852
4.648,0.0,0.0,1.83788385227968,0.0,0.0,-0.6036990644274846,0.0,0.0,0.0,0.0,0.0,0.0,0.0,0.0,0.5,0.0,0.0,0.0,-0.05,0.0,0.0,0.0,38.925724637681164,38.925724637681164,38.925724637681164,38.925724637681164,1.33788385227968,0.6036990644274846,0.0,0.0,0.0,1.33788385227968,2.578654995886609
4.656,0.0,0.0,1.8328197263483819,0.0,0.0,-0.6095623998244435,0.0,0.0,0.0,0.0,0.0,0.0,0.0,0.0,0.5,0.0,0.0,0.0,-0.05,0.0,0.0,0.0,38.925724637681164,38.925724637681164,38.925724637681164,38.925724637681164,1.3328197263483819,0.6095623998244435,0.0,0.0,0.0,1.3328197263483819,2.6416820037411526
4.664,0.0,0.0,1.8277089984647243,0.0,0.0,-0.6154181169509927,0.0,0.0,0.0,0.0,0.0,0.0,0.0,0.0,0.5,0.0,0.0,0.0,-0.05,0.0,0.0,0.0,38.925724637681164,38.925724637681164,38.925724637681164,38.925724637681164,1.3277089984647243,0.6154181169509927,0.0,0.0,0.0,1.3277089984647243,2.467878999595996
4.672,0.0,0.0,1.8225517291789322,0.0,0.0,-0.6212662257055988,0.0,0.0,0.0,0.0,0.0,0.0,0.0,0.0,0.5,0.0,0.0,0.0,-0.05,0.0,0.0,0.0,38.925724637681164,38.925724637681164,38.925724637681164,38.925724637681164,1.3225517291789322,0.6212662257055988,0.0,0.0,0.0,1.3225517291789322,2.7077550039393827
4.68,0.0,0.0,1.8173479789625564,0.0,0.0,-0.6271067359738729,0.0,0.0,0.0,0.0,0.0,0.0,0.0,0.0,0.5,0.0,0.0,0.0,-0.05,0.0,0.0,0.0,38.925724637681164,38.925724637681164,38.925724637681164,38.925724637681164,1.3173479789625564,0.6271067359738729,0.0,0.0,0.0,1.3173479789625564,2.712008004891686
4.688,0.0,0.0,1.8120978082085772,0.0,0.0,-0.6329396576285771,0.0,0.0,0.0,0.0,0.0,0.0,0.0,0.0,0.5,0.0,0.0,0.0,-0.05,0.0,0.0,0.0,38.925724637681164,38.925724637681164,38.925724637681164,38.925724637681164,1.3120978082085772,0.6329396576285771,0.0,0.0,0.0,1.3120978082085772,2.6236920020892285
4.696,0.0,0.0,1.8068012772315059,0.0,0.0,-0.6387650005296464,0.0,0.0,0.0,0.0,0.0,0.0,0.0,0.0,0.5,0.0,0.0,0.0,-0.05,0.0,0.0,0.0,38.925724637681164,38.925724637681164,38.925724637681164,38.925724637681164,1.3068012772315059,0.6387650005296464,0.0,0.0,0.0,1.3068012772315059,2.657684999576304
4.704,0.0,0.0,1.8014584462674863,0.0,0.0,-0.6445827745242058,0.0,0.0,0.0,0.0,0.0,0.0,0.0,0.0,0.5,0.0,0.0,0.0,-0.05,0.0,0.0,0.0,38.925724637681164,38.925724637681164,38.925724637681164,38.925724637681164,1.3014584462674863,0.6445827745242058,0.0,0.0,0.0,1.3014584462674863,2.5277799941250123
4.712,0.0,0.0,1.7960693754743973,0.0,0.0,-0.6503929894465904,0.0,0.0,0.0,0.0,0.0,0.0,0.0,0.0,0.5,0.0,0.0,0.0,-0.05,0.0,0.0,0.0,38.925724637681164,38.925724637681164,38.925724637681164,38.925724637681164,1.2960693754743973,0.6503929894465904,0.0,0.0,0.0,1.2960693754743973,2.5413200055481866
4.72,0.0,0.0,1.7906341249319544,0.0,0.0,-0.656195655118344,0.0,0.0,0.0,0.0,0.0,0.0,0.0,0.0,0.5,0.0,0.0,0.0,-0.05,0.0,0.0,0.0,38.925724637681164,38.925724637681164,38.925724637681164,38.925724637681164,1.2906341249319544,0.656195655118344,0.0,0.0,0.0,1.2906341249319544,2.655095995578449
4.728,0.0,0.0,1.785152754641811,0.0,0.0,-0.6619907813482627,0.0,0.0,0.0,0.0,0.0,0.0,0.0,0.0,0.5,0.0,0.0,0.0,-0.05,0.0,0.0,0.0,38.925724637681164,38.925724637681164,38.925724637681164,38.925724637681164,1.285152754641811,0.6619907813482627,0.0,0.0,0.0,1.285152754641811,2.725366997765377
4.736,0.0,0.0,1.7796253245276594,0.0,0.0,-0.6677783779323967,0.0,0.0,0.0,0.0,0.0,0.0,0.0,0.0,0.5,0.0,0.0,0.0,-0.05,0.0,0.0,0.0,38.925724637681164,38.925724637681164,38.925724637681164,38.925724637681164,1.2796253245276594,0.6677783779323967,0.0,0.0,0.0,1.2796253245276594,2.864453002985101
4.744,0.0,0.0,1.7740518944353338,0.0,0.0,-0.6735584546540568,0.0,0.0,0.0,0.0,0.0,0.0,0.0,0.0,0.5,0.0,0.0,0.0,-0.05,0.0,0.0,0.0,38.925724637681164,38.925724637681164,38.925724637681164,38.925724637681164,1.2740518944353338,0.6735584546540568,0.0,0.0,0.0,1.2740518944353338,2.659821999259293
4.752,0.0,0.0,1.7684325241329095,0.0,0.0,-0.6793310212838534,0.0,0.0,0.0,0.0,0.0,0.0,0.0,0.0,0.5,0.0,0.0,0.0,-0.05,0.0,0.0,0.0,38.925724637681164,38.925724637681164,38.925724637681164,38.925724637681164,1.2684325241329095,0.6793310212838534,0.0,0.0,0.0,1.2684325241329095,2.5586150004528463
4.76,0.0,0.0,1.7627672733108048,0.0,0.0,-0.6850960875796994,0.0,0.0,0.0,0.0,0.0,0.0,0.0,0.0,0.5,0.0,0.0,0.0,-0.05,0.0,0.0,0.0,38.925724637681164,38.925724637681164,38.925724637681164,38.925724637681164,1.2627672733108048,0.6850960875796994,0.0,0.0,0.0,1.2627672733108048,2.4870670022210106
4.768,0.0,0.0,1.7570562015818822,0.0,0.0,-0.6908536632868245,0.0,0.0,0.0,0.0,0.0,0.0,0.0,0.0,0.5,0.0,0.0,0.0,-0.05,0.0,0.0,0.0,38.925724637681164,38.925724637681164,38.925724637681164,38.925724637681164,1.2570562015818822,0.6908536632868245,0.0,0.0,0.0,1.2570562015818822,2.5641889951657504
4.776,0.0,0.0,1.7512993684815483,0.0,0.0,-0.6966037581378076,0.0,0.0,0.0,0.0,0.0,0.0,0.0,0.0,0.5,0.0,0.0,0.0,-0.05,0.0,0.0,0.0,38.925724637681164,38.925724637681164,38.925724637681164,38.925724637681164,1.2512993684815483,0.6966037581378076,0.0,0.0,0.0,1.2512993684815483,2.7134639967698604
4.784,0.0,0.0,1.7454968334678556,0.0,0.0,-0.7023463818525651,0.0,0.0,0.0,0.0,0.0,0.0,0.0,0.0,0.5,0.0,0.0,0.0,-0.05,0.0,0.0,0.0,38.925724637681164,38.925724637681164,38.925724637681164,38.925724637681164,1.2454968334678556,0.7023463818525651,0.0,0.0,0.0,1.2454968334678556,2.5587210038793273
4.792,0.0,0.0,1.7396486559216016,0.0,0.0,-0.708081544138402,0.0,0.0,0.0,0.0,0.0,0.0,0.0,0.0,0.5,0.0,0.0,0.0,-0.05,0.0,0.0,0.0,38.925724637681164,38.925724637681164,38.925724637681164,38.925724637681164,1.2396486559216016,0.708081544138402,0.0,0.0,0.0,1.2396486559216016,2.5453420021221973
4.8,0.0,0.0,1.7337548951464306,0.0,0.0,-0.7138092546899967,0.0,0.0,0.0,0.0,0.0,0.0,0.0,0.0,0.5,0.0,0.0,0.0,-0.05,0.0,0.0,0.0,38.925724637681164,38.925724637681164,38.925724637681164,38.925724637681164,1.2337548951464306,0.7138092546899967,0.0,0.0,0.0,1.2337548951464306,2.5116629985859618
4.808,0.0,0.0,1.7278156103689328,0.0,0.0,-0.7195295231894403,0.0,0.0,0.0,0.0,0.0,0.0,0.0,0.0,0.5,0.0,0.0,0.0,-0.05,0.0,0.0,0.0,38.925724637681164,38.925724637681164,38.925724637681164,38.925724637681164,1.2278156103689328,0.7195295231894403,0.0,0.0,0.0,1.2278156103689328,2.7791310058091767
4.816,0.0,0.0,1.7218308607387454,0.0,0.0,-0.7252423593062389,0.0,0.0,0.0,0.0,0.0,0.0,0.0,0.0,0.5,0.0,0.0,0.0,-0.05,0.0,0.0,0.0,38.925724637681164,38.925724637681164,38.925724637681164,38.925724637681164,1.2218308607387454,0.7252423593062389,0.0,0.0,0.0,1.2218308607387454,2.6996969972969964
4.824,0.0,0.0,1.7158007053286517,0.0,0.0,-0.7309477726973326,0.0,0.0,0.0,0.0,0.0,0.0,0.0,0.0,0.5,0.0,0.0,0.0,-0.05,0.0,0.0,0.0,38.925724637681164,38.925724637681164,38.925724637681164,38.925724637681164,1.2158007053286517,0.7309477726973326,0.0,0.0,0.0,1.2158007053286517,2.895776000514161
4.832,0.0,0.0,1.7097252031346815,0.0,0.0,-0.736645773007122,0.0,0.0,0.0,0.0,0.0,0.0,0.0,0.0,0.5,0.0,0.0,0.0,-0.05,0.0,0.0,0.0,38.925724637681164,38.925724637681164,38.925724637681164,38.925724637681164,1.2097252031346815,0.736645773007122,0.0,0.0,0.0,1.2097252031346815,2.6288400040357374
4.84,0.0,0.0,1.7036044130762105,0.0,0.0,-0.7423363698674723,0.0,0.0,0.0,0.0,0.0,0.0,0.0,0.0,0.5,0.0,0.0,0.0,-0.05,0.0,0.0,0.0,38.925724637681164,38.925724637681164,38.925724637681164,38.925724637681164,1.2036044130762105,0.7423363698674723,0.0,0.0,0.0,1.2036044130762105,2.570687996922061
4.848,0.0,0.0,1.6974383939960602,0.0,0.0,-0.7480195728977338,0.0,0.0,0.0,0.0,0.0,0.0,0.0,0.0,0.5,0.0,0.0,0.0,-0.05,0.0,0.0,0.0,38.925724637681164,38.925724637681164,38.925724637681164,38.925724637681164,1.1974383939960602,0.7480195728977338,0.0,0.0,0.0,1.1974383939960602,2.6828139962162822
4.856,0.0,0.0,1.6912272046605972,0.0,0.0,-0.7536953917047633,0.0,0.0,0.0,0.0,0.0,0.0,0.0,0.0,0.5,0.0,0.0,0.0,-0.05,0.0,0.0,0.0,38.925724637681164,38.925724637681164,38.925724637681164,38.925724637681164,1.1912272046605972,0.7536953917047633,0.0,0.0,0.0,1.1912272046605972,2.661685000930447
4.864,0.0,0.0,1.6849709037598326,0.0,0.0,-0.7593638358829248,0.0,0.0,0.0,0.0,0.0,0.0,0.0,0.0,0.5,0.0,0.0,0.0,-0.05,0.0,0.0,0.0,38.925724637681164,38.925724637681164,38.925724637681164,38.925724637681164,1.1849709037598326,0.7593638358829248,0.0,0.0,0.0,1.1849709037598326,2.7332789977663197
4.872,0.0,0.0,1.6786695499075213,0.0,0.0,-0.7650249150141233,0.0,0.0,0.0,0.0,0.0,0.0,0.0,0.0,0.5,0.0,0.0,0.0,-0.05,0.0,0.0,0.0,38.925724637681164,38.925724637681164,38.925724637681164,38.925724637681164,1.1786695499075213,0.7650249150141233,0.0,0.0,0.0,1.1786695499075213,2.530712001316715
4.88,0.0,0.0,1.6723232016412606,0.0,0.0,-0.7706786386678156,0.0,0.0,0.0,0.0,0.0,0.0,0.0,0.0,0.5,0.0,0.0,0.0,-0.05,0.0,0.0,0.0,38.925724637681164,38.925724637681164,38.925724637681164,38.925724637681164,1.1723232016412606,0.7706786386678156,0.0,0.0,0.0,1.1723232016412606,2.5645249988883734
4.888,0.0,0.0,1.66593191742259,0.0,0.0,-0.7763250164010183,0.0,0.0,0.0,0.0,0.0,0.0,0.0,0.0,0.5,0.0,0.0,0.0,-0.05,0.0,0.0,0.0,38.925724637681164,38.925724637681164,38.925724637681164,38.925724637681164,1.16593191742259,0.7763250164010183,0.0,0.0,0.0,1.16593191742259,2.5779370043892413
4.896,0.0,0.0,1.659495755637089,0.0,0.0,-0.7819640577583366,0.0,0.0,0.0,0.0,0.0,0.0,0.0,0.0,0.5,0.0,0.0,0.0,-0.05,0.0,0.0,0.0,38.925724637681164,38.925724637681164,38.925724637681164,38.925724637681164,1.159495755637089,0.7819640577583366,0.0,0.0,0.0,1.159495755637089,2.7479600030346774
4.904,0.0,0.0,1.653014774594477,0.0,0.0,-0.7875957722719711,0.0,0.0,0.0,0.0,0.0,0.0,0.0,0.0,0.5,0.0,0.0,0.0,-0.05,0.0,0.0,0.0,38.925724637681164,38.925724637681164,38.925724637681164,38.925724637681164,1.153014774594477,0.7875957722719711,0.0,0.0,0.0,1.153014774594477,2.7399569953558967
4.912,0.0,0.0,1.6464890325287105,0.0,0.0,-0.7932201694617395,0.0,0.0,0.0,0.0,0.0,0.0,0.0,0.0,0.5,0.0,0.0,0.0,-0.05,0.0,0.0,0.0,38.925724637681164,38.925724637681164,38.925724637681164,38.925724637681164,1.1464890325287105,0.7932201694617395,0.0,0.0,0.0,1.1464890325287105,2.811585000017658
4.92,0.0,0.0,1.6399185875980826,0.0,0.0,-0.798837258835088,0.0,0.0,0.0,0.0,0.0,0.0,0.0,0.0,0.5,0.0,0.0,0.0,-0.05,0.0,0.0,0.0,38.925724637681164,38.925724637681164,38.925724637681164,38.925724637681164,1.1399185875980826,0.798837258835088,0.0,0.0,0.0,1.1399185875980826,2.606285997899249
4.928,0.0,0.0,1.633303497885321,0.0,0.0,-0.8044470498871129,0.0,0.0,0.0,0.0,0.0,0.0,0.0,0.0,0.5,0.0,0.0,0.0,-0.05,0.0,0.0,0.0,38.925724637681164,38.925724637681164,38.925724637681164,38.925724637681164,1.133303497885321,0.8044470498871129,0.0,0.0,0.0,1.133303497885321,2.640327002154663
4.936,0.0,0.0,1.626643821397686,0.0,0.0,-0.8100495521005651,0.0,0.0,0.0,0.0,0.0,0.0,0.0,0.0,0.5,0.0,0.0,0.0,-0.05,0.0,0.0,0.0,38.925724637681164,38.925724637681164,38.925724637681164,38.925724637681164,1.126643821397686,0.8100495521005651,0.0,0.0,0.0,1.126643821397686,2.573272002337035
4.944,0.0,0.0,1.6199396160670685,0.0,0.0,-0.815644774945888,0.0,0.0,0.0,0.0,0.0,0.0,0.0,0.0,0.5,0.0,0.0,0.0,-0.05,0.0,0.0,0.0,38.925724637681164,38.925724637681164,38.925724637681164,38.925724637681164,1.1199396160670685,0.815644774945888,0.0,0.0,0.0,1.1199396160670685,2.5281159978476353
4.952,0.0,0.0,1.6131909397500885,0.0,0.0,-0.8212327278812092,0.0,0.0,0.0,0.0,0.0,0.0,0.0,0.0,0.5,0.0,0.0,0.0,-0.05,0.0,0.0,0.0,38.925724637681164,38.925724637681164,38.925724637681164,38.925724637681164,1.1131909397500885,0.8212327278812092,0.0,0.0,0.0,1.1131909397500885,2.5828880025073886
4.96,0.0,0.0,1.6063978502281924,0.0,0.0,-0.8268134203523715,0.0,0.0,0.0,0.0,0.0,0.0,0.0,0.0,0.5,0.0,0.0,0.0,-0.05,0.0,0.0,0.0,38.925724637681164,38.925724637681164,38.925724637681164,38.925724637681164,1.1063978502281924,0.8268134203523715,0.0,0.0,0.0,1.1063978502281924,2.740780997555703
4.968,0.0,0.0,1.5995604052077506,0.0,0.0,-0.8323868617929424,0.0,0.0,0.0,0.0,0.0,0.0,0.0,0.0,0.5,0.0,0.0,0.0,-0.05,0.0,0.0,0.0,38.925724637681164,38.925724637681164,38.925724637681164,38.925724637681164,1.0995604052077506,0.8323868617929424,0.0,0.0,0.0,1.0995604052077506,2.6411900034872815
4.976,0.0,0.0,1.5926786623201552,0.0,0.0,-0.8379530616242378,0.0,0.0,0.0,0.0,0.0,0.0,0.0,0.0,0.5,0.0,0.0,0.0,-0.05,0.0,0.0,0.0,38.925724637681164,38.925724637681164,38.925724637681164,38.925724637681164,1.0926786623201552,0.8379530616242378,0.0,0.0,0.0,1.0926786623201552,2.878002997022122
4.984,0.0,0.0,1.5857526791219176,0.0,0.0,-0.8435120292553292,0.0,0.0,0.0,0.0,0.0,0.0,0.0,0.0,0.5,0.0,0.0,0.0,-0.05,0.0,0.0,0.0,38.925724637681164,38.925724637681164,38.925724637681164,38.925724637681164,1.0857526791219176,0.8435120292553292,0.0,0.0,0.0,1.0857526791219176,2.883004999603145
4.992,0.0,0.0,1.578782513094766,0.0,0.0,-0.8490637740830564,0.0,0.0,0.0,0.0,0.0,0.0,0.0,0.0,0.5,0.0,0.0,0.0,-0.05,0.0,0.0,0.0,38.925724637681164,38.925724637681164,38.925724637681164,38.925724637681164,1.078782513094766,0.8490637740830564,0.0,0.0,0.0,1.078782513094766,3.0603110062656924
5.0,0.0,0.0,1.5717682216457414,0.0,0.0,-0.8546083054920587,0.0,0.0,0.0,0.0,0.0,0.0,0.0,0.0,0.5,0.0,0.0,0.0,-0.05,0.0,0.0,0.0,38.925724637681164,38.925724637681164,38.925724637681164,38.925724637681164,1.0717682216457414,0.8546083054920587,0.0,0.0,0.0,1.0717682216457414,2.776806999463588
5.008,0.0,0.0,1.5647098621072961,0.0,0.0,-0.8601456328547781,0.0,0.0,0.0,0.0,0.0,0.0,0.0,0.0,0.5,0.0,0.0,0.0,-0.05,0.0,0.0,0.0,38.925724637681164,38.925724637681164,38.925724637681164,38.925724637681164,1.0647098621072961,0.8601456328547781,0.0,0.0,0.0,1.0647098621072961,2.9440610014717095
5.016,0.0,0.0,1.5576074917373899,0.0,0.0,-0.8656757655314784,0.0,0.0,0.0,0.0,0.0,0.0,0.0,0.0,0.5,0.0,0.0,0.0,-0.05,0.0,0.0,0.0,38.925724637681164,38.925724637681164,38.925724637681164,38.925724637681164,1.0576074917373899,0.8656757655314784,0.0,0.0,0.0,1.0576074917373899,2.85721399995964
5.024,0.0,0.0,1.5504611677195865,0.0,0.0,-0.8711987128702664,0.0,0.0,0.0,0.0,0.0,0.0,0.0,0.0,0.5,0.0,0.0,0.0,-0.05,0.0,0.0,0.0,38.925724637681164,38.925724637681164,38.925724637681164,38.925724637681164,1.0504611677195865,0.8711987128702664,0.0,0.0,0.0,1.0504611677195865,2.7065219983342104
5.032,0.0,0.0,1.5432709471631514,0.0,0.0,-0.8767144842070916,0.0,0.0,0.0,0.0,0.0,0.0,0.0,0.0,0.5,0.0,0.0,0.0,-0.05,0.0,0.0,0.0,38.925724637681164,38.925724637681164,38.925724637681164,38.925724637681164,1.0432709471631514,0.8767144842070916,0.0,0.0,0.0,1.0432709471631514,2.966236999782268
5.04,0.0,0.0,1.536036887103147,0.0,0.0,-0.8822230888657855,0.0,0.0,0.0,0.0,0.0,0.0,0.0,0.0,0.5,0.0,0.0,0.0,-0.05,0.0,0.0,0.0,38.925724637681164,38.925724637681164,38.925724637681164,38.925724637681164,1.036036887103147,0.8822230888657855,0.0,0.0,0.0,1.036036887103147,2.723735000472516
5.048,0.0,0.0,1.5287590445005295,0.0,0.0,-0.8877245361580642,0.0,0.0,0.0,0.0,0.0,0.0,0.0,0.0,0.5,0.0,0.0,0.0,-0.05,0.0,0.0,0.0,38.925724637681164,38.925724637681164,38.925724637681164,38.925724637681164,1.0287590445005295,0.8877245361580642,0.0,0.0,0.0,1.0287590445005295,2.6124840005650185
5.056,0.0,0.0,1.521437476242246,0.0,0.0,-0.8932188353835376,0.0,0.0,0.0,0.0,0.0,0.0,0.0,0.0,0.5,0.0,0.0,0.0,-0.05,0.0,0.0,0.0,38.925724637681164,38.925724637681164,38.925724637681164,38.925724637681164,1.021437476242246,0.8932188353835376,0.0,0.0,0.0,1.021437476242246,2.8049629981978796
5.064,0.0,0.0,1.51407223914133,0.0,0.0,-0.898705995829732,0.0,0.0,0.0,0.0,0.0,0.0,0.0,0.0,0.5,0.0,0.0,0.0,-0.05,0.0,0.0,0.0,38.925724637681164,38.925724637681164,38.925724637681164,38.925724637681164,1.01407223914133,0.898705995829732,0.0,0.0,0.0,1.01407223914133,2.67758500558557
5.072,0.0,0.0,1.5066633899369966,0.0,0.0,-0.90418602677212,0.0,0.0,0.0,0.0,0.0,0.0,0.0,0.0,0.5,0.0,0.0,0.0,-0.05,0.0,0.0,0.0,38.925724637681164,38.925724637681164,38.925724637681164,38.925724637681164,1.0066633899369966,0.90418602677212,0.0,0.0,0.0,1.0066633899369966,2.8438920053304173
5.08,0.0,0.0,1.4992109852947402,0.0,0.0,-0.9096589374741055,0.0,0.0,0.0,0.0,0.0,0.0,0.0,0.0,0.5,0.0,0.0,0.0,-0.05,0.0,0.0,0.0,38.925724637681164,38.925724637681164,38.925724637681164,38.925724637681164,0.9992109852947402,0.9096589374741055,0.0,0.0,0.0,0.9992109852947402,2.734672001679428
5.088,0.0,0.0,1.4917150818064289,0.0,0.0,-0.915124737187067,0.0,0.0,0.0,0.0,0.0,0.0,0.0,0.0,0.5,0.0,0.0,0.0,-0.05,0.0,0.0,0.0,38.925724637681164,38.925724637681164,38.925724637681164,38.925724637681164,0.9917150818064289,0.915124737187067,0.0,0.0,0.0,0.9917150818064289,2.626601002702955
5.096,0.0,0.0,1.4841757359904009,0.0,0.0,-0.9205834351503535,0.0,0.0,0.0,0.0,0.0,0.0,0.0,0.0,0.5,0.0,0.0,0.0,-0.05,0.0,0.0,0.0,38.925724637681164,38.925724637681164,38.925724637681164,38.925724637681164,0.9841757359904009,0.9205834351503535,0.0,0.0,0.0,0.9841757359904009,2.7044980015489273
5.104,0.0,0.0,1.4765930042915594,0.0,0.0,-0.92603504059132,0.0,0.0,0.0,0.0,0.0,0.0,0.0,0.0,0.5,0.0,0.0,0.0,-0.05,0.0,0.0,0.0,38.925724637681164,38.925724637681164,38.925724637681164,38.925724637681164,0.9765930042915594,0.92603504059132,0.0,0.0,0.0,0.9765930042915594,2.820996000082232
5.112,0.0,0.0,1.4689669430814685,0.0,0.0,-0.9314795627253285,0.0,0.0,0.0,0.0,0.0,0.0,0.0,0.0,0.5,0.0,0.0,0.0,-0.05,0.0,0.0,0.0,38.925724637681164,38.925724637681164,38.925724637681164,38.925724637681164,0.9689669430814685,0.9314795627253285,0.0,0.0,0.0,0.9689669430814685,2.5933809956768528
5.12,0.0,0.0,1.4612976086584482,0.0,0.0,-0.9369170107557705,0.0,0.0,0.0,0.0,0.0,0.0,0.0,0.0,0.5,0.0,0.0,0.0,-0.05,0.0,0.0,0.0,38.925724637681164,38.925724637681164,38.925724637681164,38.925724637681164,0.9612976086584482,0.9369170107557705,0.0,0.0,0.0,0.9612976086584482,2.7804420024040155
5.128,0.0,0.0,1.45358505724767,0.0,0.0,-0.9423473938740685,0.0,0.0,0.0,0.0,0.0,0.0,0.0,0.0,0.5,0.0,0.0,0.0,-0.05,0.0,0.0,0.0,38.925724637681164,38.925724637681164,38.925724637681164,38.925724637681164,0.9535850572476701,0.9423473938740685,0.0,0.0,0.0,0.9535850572476701,2.6794709992827848
5.136,0.0,0.0,1.4458293450012518,0.0,0.0,-0.9477707212597108,0.0,0.0,0.0,0.0,0.0,0.0,0.0,0.0,0.5,0.0,0.0,0.0,-0.05,0.0,0.0,0.0,38.925724637681164,38.925724637681164,38.925724637681164,38.925724637681164,0.9458293450012518,0.9477707212597108,0.0,0.0,0.0,0.9458293450012518,2.568950003478676
5.144,0.0,0.0,1.4380305279983523,0.0,0.0,-0.9531870020802566,0.0,0.0,0.0,0.0,0.0,0.0,0.0,0.0,0.5,0.0,0.0,0.0,-0.05,0.0,0.0,0.0,38.925724637681164,38.925724637681164,38.925724637681164,38.925724637681164,0.9380305279983523,0.9531870020802566,0.0,0.0,0.0,0.9380305279983523,2.6527199952397496
5.152,0.0,0.0,1.4301886622452662,0.0,0.0,-0.9585962454913577,0.0,0.0,0.0,0.0,0.0,0.0,0.0,0.0,0.5,0.0,0.0,0.0,-0.05,0.0,0.0,0.0,38.925724637681164,38.925724637681164,38.925724637681164,38.925724637681164,0.9301886622452662,0.9585962454913577,0.0,0.0,0.0,0.9301886622452662,2.6596509997034445
5.16,0.0,0.0,1.422303803675519,0.0,0.0,-0.9639984606367684,0.0,0.0,0.0,0.0,0.0,0.0,0.0,0.0,0.5,0.0,0.0,0.0,-0.05,0.0,0.0,0.0,38.925724637681164,38.925724637681164,38.925724637681164,38.925724637681164,0.9223038036755189,0.9639984606367684,0.0,0.0,0.0,0.9223038036755189,2.5535329987178557
5.168,0.0,0.0,1.4143760081499612,0.0,0.0,-0.9693936566483563,0.0,0.0,0.0,0.0,0.0,0.0,0.0,0.0,0.5,0.0,0.0,0.0,-0.05,0.0,0.0,0.0,38.925724637681164,38.925724637681164,38.925724637681164,38.925724637681164,0.9143760081499612,0.9693936566483563,0.0,0.0,0.0,0.9143760081499612,2.976696996483952
5.176,0.0,0.0,1.4064053314568634,0.0,0.0,-0.9747818426461301,0.0,0.0,0.0,0.0,0.0,0.0,0.0,0.0,0.5,0.0,0.0,0.0,-0.05,0.0,0.0,0.0,38.925724637681164,38.925724637681164,38.925724637681164,38.925724637681164,0.9064053314568634,0.9747818426461301,0.0,0.0,0.0,0.9064053314568634,2.404819999355823
5.184,0.0,0.0,1.39839182931201,0.0,0.0,-0.980163027738242,0.0,0.0,0.0,0.0,0.0,0.0,0.0,0.0,0.5,0.0,0.0,0.0,-0.05,0.0,0.0,0.0,38.925724637681164,38.925724637681164,38.925724637681164,38.925724637681164,0.8983918293120099,0.980163027738242,0.0,0.0,0.0,0.8983918293120099,2.3683469989919104
5.192,0.0,0.0,1.3903355573587928,0.0,0.0,-0.9855372210210216,0.0,0.0,0.0,0.0,0.0,0.0,0.0,0.0,0.5,0.0,0.0,0.0,-0.05,0.0,0.0,0.0,38.925724637681164,38.925724637681164,38.925724637681164,38.925724637681164,0.8903355573587928,0.9855372210210216,0.0,0.0,0.0,0.8903355573587928,2.3349549956037663
5.2,0.0,0.0,1.3822365711683067,0.0,0.0,-0.9909044315789697,0.0,0.0,0.0,0.0,0.0,0.0,0.0,0.0,0.5,0.0,0.0,0.0,-0.05,0.0,0.0,0.0,38.925724637681164,38.925724637681164,38.925724637681164,38.925724637681164,0.8822365711683067,0.9909044315789697,0.0,0.0,0.0,0.8822365711683067,2.4992420003400184
5.208,0.0,0.0,1.3740949262394422,0.0,0.0,-0.9962646684847878,0.0,0.0,0.0,0.0,0.0,0.0,0.0,0.0,0.5,0.0,0.0,0.0,-0.05,0.0,0.0,0.0,38.925724637681164,38.925724637681164,38.925724637681164,38.925724637681164,0.8740949262394422,0.9962646684847878,0.0,0.0,0.0,0.8740949262394422,2.5049060059245676
5.216,0.0,0.0,1.3659106779989798,0.0,0.0,-1.0016179407993895,0.0,0.0,0.0,0.0,0.0,0.0,0.0,0.0,0.5,0.0,0.0,0.0,-0.05,0.0,0.0,0.0,38.925724637681164,38.925724637681164,38.925724637681164,38.925724637681164,0.8659106779989798,1.0016179407993895,0.0,0.0,0.0,0.8659106779989798,2.157306000299286
5.224,0.0,0.0,1.3576838818016836,0.0,0.0,-1.0069642575719155,0.0,0.0,0.0,0.0,0.0,0.0,0.0,0.0,0.5,0.0,0.0,0.0,-0.05,0.0,0.0,0.0,38.925724637681164,38.925724637681164,38.925724637681164,38.925724637681164,0.8576838818016836,1.0069642575719155,0.0,0.0,0.0,0.8576838818016836,2.0840090001001954
5.232,0.0,0.0,1.3494145929303951,0.0,0.0,-1.0123036278397455,0.0,0.0,0.0,0.0,0.0,0.0,0.0,0.0,0.5,0.0,0.0,0.0,-0.05,0.0,0.0,0.0,38.925724637681164,38.925724637681164,38.925724637681164,38.925724637681164,0.8494145929303951,1.0123036278397455,0.0,0.0,0.0,0.8494145929303951,2.20558400178561
5.24,0.0,0.0,1.3411028665961264,0.0,0.0,-1.0176360606285135,0.0,0.0,0.0,0.0,0.0,0.0,0.0,0.0,0.5,0.0,0.0,0.0,-0.05,0.0,0.0,0.0,38.925724637681164,38.925724637681164,38.925724637681164,38.925724637681164,0.8411028665961264,1.0176360606285135,0.0,0.0,0.0,0.8411028665961264,2.1025309979449958
5.248,0.0,0.0,1.3327487579381532,0.0,0.0,-1.0229615649521422,0.0,0.0,0.0,0.0,0.0,0.0,0.0,0.0,0.5,0.0,0.0,0.0,-0.05,0.0,0.0,0.0,38.925724637681164,38.925724637681164,38.925724637681164,38.925724637681164,0.8327487579381532,1.0229615649521422,0.0,0.0,0.0,0.8327487579381532,2.0136090024607256
5.256,0.0,0.0,1.3243523220241087,0.0,0.0,-1.0282801498128258,0.0,0.0,0.0,0.0,0.0,0.0,0.0,0.0,0.5,0.0,0.0,0.0,-0.05,0.0,0.0,0.0,38.925724637681164,38.925724637681164,38.925724637681164,38.925724637681164,0.8243523220241087,1.0282801498128258,0.0,0.0,0.0,0.8243523220241087,1.9195540007785894
5.264,0.0,0.0,1.3159136138500764,0.0,0.0,-1.0335918242010667,0.0,0.0,0.0,0.0,0.0,0.0,0.0,0.0,0.5,0.0,0.0,0.0,-0.05,0.0,0.0,0.0,38.925724637681164,38.925724637681164,38.925724637681164,38.925724637681164,0.8159136138500764,1.0335918242010667,0.0,0.0,0.0,0.8159136138500764,1.905124998302199
5.272,0.0,0.0,1.307432688340683,0.0,0.0,-1.0388965970956878,0.0,0.0,0.0,0.0,0.0,0.0,0.0,0.0,0.5,0.0,0.0,0.0,-0.05,0.0,0.0,0.0,38.925724637681164,38.925724637681164,38.925724637681164,38.925724637681164,0.807432688340683,1.0388965970956878,0.0,0.0,0.0,0.807432688340683,1.7416189948562533
5.28,0.0,0.0,1.2989096003491911,0.0,0.0,-1.0441944774638483,0.0,0.0,0.0,0.0,0.0,0.0,0.0,0.0,0.5,0.0,0.0,0.0,-0.05,0.0,0.0,0.0,38.925724637681164,38.925724637681164,38.925724637681164,38.925724637681164,0.7989096003491911,1.0441944774638483,0.0,0.0,0.0,0.7989096003491911,1.650448000873439
5.288,0.0,0.0,1.290344404657592,0.0,0.0,-1.0494854742610555,0.0,0.0,0.0,0.0,0.0,0.0,0.0,0.0,0.5,0.0,0.0,0.0,-0.05,0.0,0.0,0.0,38.925724637681164,38.925724637681164,38.925724637681164,38.925724637681164,0.790344404657592,1.0494854742610555,0.0,0.0,0.0,0.790344404657592,1.559535005071666
5.296,0.0,0.0,1.2817371559766988,0.0,0.0,-1.0547695964311754,0.0,0.0,0.0,0.0,0.0,0.0,0.0,0.0,0.5,0.0,0.0,0.0,-0.05,0.0,0.0,0.0,38.925724637681164,38.925724637681164,38.925724637681164,38.925724637681164,0.7817371559766988,1.0547695964311754,0.0,0.0,0.0,0.7817371559766988,1.5190889971563593
5.304,0.0,0.0,1.2730879089462381,0.0,0.0,-1.0600468529064566,0.0,0.0,0.0,0.0,0.0,0.0,0.0,0.0,0.5,0.0,0.0,0.0,-0.05,0.0,0.0,0.0,38.925724637681164,38.925724637681164,38.925724637681164,38.925724637681164,0.7730879089462381,1.0600468529064566,0.0,0.0,0.0,0.7730879089462381,1.5869939961703494
5.312,0.0,0.0,1.2643967181349431,0.0,0.0,-1.0653172526075398,0.0,0.0,0.0,0.0,0.0,0.0,0.0,0.0,0.5,0.0,0.0,0.0,-0.05,0.0,0.0,0.0,38.925724637681164,38.925724637681164,38.925724637681164,38.925724637681164,0.7643967181349431,1.0653172526075398,0.0,0.0,0.0,0.7643967181349431,1.4426239940803498
5.32,0.0,0.0,1.2556636380406452,0.0,0.0,-1.0705808044434808,0.0,0.0,0.0,0.0,0.0,0.0,0.0,0.0,0.5,0.0,0.0,0.0,-0.05,0.0,0.0,0.0,38.925724637681164,38.925724637681164,38.925724637681164,38.925724637681164,0.7556636380406452,1.0705808044434808,0.0,0.0,0.0,0.7556636380406452,1.2705010012723505
5.328,0.0,0.0,1.2468887230903665,0.0,0.0,-1.0758375173117523,0.0,0.0,0.0,0.0,0.0,0.0,0.0,0.0,0.5,0.0,0.0,0.0,-0.05,0.0,0.0,0.0,38.925724637681164,38.925724637681164,38.925724637681164,38.925724637681164,0.7468887230903665,1.0758375173117523,0.0,0.0,0.0,0.7468887230903665,1.1548210022738203
5.336,0.0,0.0,1.2380720276404116,0.0,0.0,-1.081087400098274,0.0,0.0,0.0,0.0,0.0,0.0,0.0,0.0,0.5,0.0,0.0,0.0,-0.05,0.0,0.0,0.0,38.925724637681164,38.925724637681164,38.925724637681164,38.925724637681164,0.7380720276404116,1.081087400098274,0.0,0.0,0.0,0.7380720276404116,1.186454996059183
5.344,0.0,0.0,1.2292136059764598,0.0,0.0,-1.0863304616774137,0.0,0.0,0.0,0.0,0.0,0.0,0.0,0.0,0.5,0.0,0.0,0.0,-0.05,0.0,0.0,0.0,38.925724637681164,38.925724637681164,38.925724637681164,38.925724637681164,0.7292136059764598,1.0863304616774137,0.0,0.0,0.0,0.7292136059764598,1.104463000956457
5.352,0.0,0.0,1.2203135123136566,0.0,0.0,-1.0915667109120109,0.0,0.0,0.0,0.0,0.0,0.0,0.0,0.0,0.5,0.0,0.0,0.0,-0.05,0.0,0.0,0.0,38.925724637681164,38.925724637681164,38.925724637681164,38.925724637681164,0.7203135123136566,1.0915667109120109,0.0,0.0,0.0,0.7203135123136566,1.0080210049636662
5.36,0.0,0.0,1.2113718007967054,0.0,0.0,-1.096796156653389,0.0,0.0,0.0,0.0,0.0,0.0,0.0,0.0,0.5,0.0,0.0,0.0,-0.05,0.0,0.0,0.0,38.925724637681164,38.925724637681164,38.925724637681164,38.925724637681164,0.7113718007967054,1.096796156653389,0.0,0.0,0.0,0.7113718007967054,0.8706950029591098
5.368,0.0,0.0,1.202388525499959,0.0,0.0,-1.1020188077413728,0.0,0.0,0.0,0.0,0.0,0.0,0.0,0.0,0.5,0.0,0.0,0.0,-0.05,0.0,0.0,0.0,38.925724637681164,38.925724637681164,38.925724637681164,38.925724637681164,0.7023885254999589,1.1020188077413728,0.0,0.0,0.0,0.7023885254999589,0.8028070005821064
5.376,0.0,0.0,1.1933637404275106,0.0,0.0,-1.1072346730043057,0.0,0.0,0.0,0.0,0.0,0.0,0.0,0.0,0.5,0.0,0.0,0.0,-0.05,0.0,0.0,0.0,38.925724637681164,38.925724637681164,38.925724637681164,38.925724637681164,0.6933637404275106,1.1072346730043057,0.0,0.0,0.0,0.6933637404275106,0.7969170037540607
5.384,0.0,0.0,1.1842974995132864,0.0,0.0,-1.112443761259048,0.0,0.0,0.0,0.0,0.0,0.0,0.0,0.0,0.5,0.0,0.0,0.0,-0.05,0.0,0.0,0.0,38.925724637681164,38.925724637681164,38.925724637681164,38.925724637681164,0.6842974995132864,1.112443761259048,0.0,0.0,0.0,0.6842974995132864,0.6536349974339828
5.392,0.0,0.0,1.1751898566211354,0.0,0.0,-1.1176460813110145,0.0,0.0,0.0,0.0,0.0,0.0,0.0,0.0,0.5,0.0,0.0,0.0,-0.05,0.0,0.0,0.0,38.925724637681164,38.925724637681164,38.925724637681164,38.925724637681164,0.6751898566211354,1.1176460813110145,0.0,0.0,0.0,0.6751898566211354,0.6879329957882874
5.4,0.0,0.0,1.166040865544921,0.0,0.0,-1.1228416419541705,0.0,0.0,0.0,0.0,0.0,0.0,0.0,0.0,0.5,0.0,0.0,0.0,-0.05,0.0,0.0,0.0,38.925724637681164,38.925724637681164,38.925724637681164,38.925724637681164,0.666040865544921,1.1228416419541705,0.0,0.0,0.0,0.666040865544921,0.5468329982249998
5.408,0.0,0.0,1.1568505800086117,0.0,0.0,-1.1280304519710684,0.0,0.0,0.0,0.0,0.0,0.0,0.0,0.0,0.5,0.0,0.0,0.0,-0.05,0.0,0.0,0.0,38.925724637681164,38.925724637681164,38.925724637681164,38.925724637681164,0.6568505800086117,1.1280304519710684,0.0,0.0,0.0,0.6568505800086117,0.508311997691635
5.416,0.0,0.0,1.1476190536663724,0.0,0.0,-1.133212520132838,0.0,0.0,0.0,0.0,0.0,0.0,0.0,0.0,0.5,0.0,0.0,0.0,-0.05,0.0,0.0,0.0,38.925724637681164,38.925724637681164,38.925724637681164,38.925724637681164,0.6476190536663724,1.133212520132838,0.0,0.0,0.0,0.6476190536663724,0.4649379989132285
5.424,0.0,0.0,1.1383463401026546,0.0,0.0,-1.1383878551992161,0.0,0.0,0.0,0.0,0.0,0.0,0.0,0.0,0.5,0.0,0.0,0.0,-0.05,0.0,0.0,0.0,38.925724637681164,38.925724637681164,38.925724637681164,38.925724637681164,0.6383463401026546,1.1383878551992161,0.0,0.0,0.0,0.6383463401026546,0.2640330058056861
5.432,0.0,0.0,1.1290324928322872,0.0,0.0,-1.143556465918556,0.0,0.0,0.0,0.0,0.0,0.0,0.0,0.0,0.5,0.0,0.0,0.0,-0.04018833239779182,0.0,0.0,0.0,40.70320065257395,40.70320065257395,40.70320065257395,40.70320065257395,0.6290324928322872,1.143556465918556,0.0,0.0,0.0,0.6290324928322872,0.38254200626397505
5.44,0.0,0.0,1.1196846733578167,0.0,0.0,-1.148540659596607,0.0,0.0,0.0,0.0,0.0,0.0,0.0,0.0,0.5,0.0,0.0,0.0,-0.015264441502334886,0.0,0.0,0.0,45.218398278562525,45.218398278562525,45.218398278562525,45.218398278562525,0.6196846733578167,1.148540659596607,0.0,0.0,0.0,0.6196846733578167,0.321750994771719
5.448,0.0,0.0,1.1103100775674684,0.0,0.0,-1.153197422435995,0.0,0.0,0.0,0.0,0.0,0.0,0.0,0.0,0.5,0.0,0.0,0.0,0.011656751238166813,0.0,0.0,0.0,50.09542594894327,50.09542594894327,50.09542594894327,50.09542594894327,0.6103100775674684,1.153197422435995,0.0,0.0,0.0,0.6103100775674684,0.5280810000840575
5.456,0.0,0.0,1.1009159356904692,0.0,0.0,-1.157411484873775,0.0,0.0,0.0,0.0,0.0,0.0,0.0,0.0,0.5,0.0,0.0,0.0,0.05,0.0,0.0,0.0,57.041666666666664,57.041666666666664,57.041666666666664,57.041666666666664,0.6009159356904692,1.157411484873775,0.0,0.0,0.0,0.6009159356904692,1.9988580024801195
5.464,0.0,0.0,1.0915095122524285,0.0,0.0,-1.1610897738500363,0.0,0.0,0.0,0.0,0.0,0.0,0.0,0.0,0.5,0.0,0.0,0.0,0.05,0.0,0.0,0.0,57.041666666666664,57.041666666666664,57.041666666666664,57.041666666666664,0.5915095122524285,1.1610897738500363,0.0,0.0,0.0,0.5915095122524285,2.691322995815426
5.472,0.0,0.0,1.0820981060307757,0.0,0.0,-1.1641569746213494,0.0,0.0,0.0,0.0,0.0,0.0,0.0,0.0,0.5,0.0,0.0,0.0,0.05,0.0,0.0,0.0,57.041666666666664,57.041666666666664,57.041666666666664,57.041666666666664,0.5820981060307757,1.1641569746213494,0.0,0.0,0.0,0.5820981060307757,2.6074510024045594
5.48,0.0,0.0,1.0726890500102575,0.0,0.0,-1.166551980210035,0.0,0.0,0.0,0.0,0.0,0.0,0.0,0.0,0.5,0.0,0.0,0.0,0.05,0.0,0.0,0.0,57.041666666666664,57.041666666666664,57.041666666666664,57.041666666666664,0.5726890500102575,1.166551980210035,0.0,0.0,0.0,0.5726890500102575,2.5771839937078767
5.488,0.0,0.0,1.0632897113384916,0.0,0.0,-1.1682250509621754,0.0,0.0,0.0,0.0,0.0,0.0,0.0,0.0,0.5,0.0,0.0,0.0,0.05,0.0,0.0,0.0,57.041666666666664,57.041666666666664,57.041666666666664,57.041666666666664,0.5632897113384916,1.1682250509621754,0.0,0.0,0.0,0.5632897113384916,2.550962999521289
5.496,0.0,0.0,1.053907491281579,0.0,0.0,-1.1691355421925576,0.0,0.0,0.0,0.0,0.0,0.0,0.0,0.0,0.5,0.0,0.0,0.0,0.05,0.0,0.0,0.0,57.041666666666664,57.041666666666664,57.041666666666664,57.041666666666664,0.5539074912815789,1.1691355421925576,0.0,0.0,0.0,0.5539074912815789,2.8654260022449307
5.5040000000000004,0.0,0.0,1.044549825179773,0.0,0.0,-1.1692500862991957,0.0,0.0,0.0,0.0,0.0,0.0,0.0,0.0,0.5,0.0,0.0,0.0,0.05,0.0,0.0,0.0,57.041666666666664,57.041666666666664,57.041666666666664,57.041666666666664,0.5445498251797729,1.1692500862991957,0.0,0.0,0.0,0.5445498251797729,3.2968660016194917
5.5120000000000005,0.0,0.0,1.0352241824032071,0.0,0.0,-1.168541138453501,0.0,0.0,0.0,0.0,0.0,0.0,0.0,0.0,0.5,0.0,0.0,0.0,0.05,0.0,0.0,0.0,57.041666666666664,57.041666666666664,57.041666666666664,57.041666666666664,0.5352241824032071,1.168541138453501,0.0,0.0,0.0,0.5352241824032071,2.546586998505518
5.5200000000000005,0.0,0.0,1.02593806630768,0.0,0.0,-1.166985813150978,0.0,0.0,0.0,0.0,0.0,0.0,0.0,0.0,0.5,0.0,0.0,0.0,0.05,0.0,0.0,0.0,57.041666666666664,57.041666666666664,57.041666666666664,57.041666666666664,0.52593806630768,1.166985813150978,0.0,0.0,0.0,0.52593806630768,2.5686330045573413
5.5280000000000005,0.0,0.0,1.0166990141904966,0.0,0.0,-1.1645649534503686,0.0,0.0,0.0,0.0,0.0,0.0,0.0,0.0,0.5,0.0,0.0,0.0,0.05,0.0,0.0,0.0,57.041666666666664,57.041666666666664,57.041666666666664,57.041666666666664,0.5166990141904966,1.1645649534503686,0.0,0.0,0.0,0.5166990141904966,2.4493649980286136
5.5360000000000005,0.0,0.0,1.0075145972463686,0.0,0.0,-1.1612623863634939,0.0,0.0,0.0,0.0,0.0,0.0,0.0,0.0,0.5,0.0,0.0,0.0,0.05,0.0,0.0,0.0,57.041666666666664,57.041666666666664,57.041666666666664,57.041666666666664,0.5075145972463686,1.1612623863634939,0.0,0.0,0.0,0.5075145972463686,2.3588519979966804
5.5440000000000005,0.0,0.0,0.998392420523371,0.0,0.0,-1.157064327165736,0.0,0.0,0.0,0.0,0.0,0.0,0.0,0.0,0.5,0.0,0.0,0.0,0.05,0.0,0.0,0.0,57.041666666666664,57.041666666666664,57.041666666666664,57.041666666666664,0.49839242052337096,1.157064327165736,0.0,0.0,0.0,0.49839242052337096,2.4899389973143116
5.5520000000000005,0.0,0.0,0.9893401228789562,0.0,0.0,-1.1519589028429569,0.0,0.0,0.0,0.0,0.0,0.0,0.0,0.0,0.5,0.0,0.0,0.0,0.05,0.0,0.0,0.0,57.041666666666664,57.041666666666664,57.041666666666664,57.041666666666664,0.48934012287895623,1.1519589028429569,0.0,0.0,0.0,0.48934012287895623,2.347383000596892
5.5600000000000005,0.0,0.0,0.9803653769360257,0.0,0.0,-1.1459357708476297,0.0,0.0,0.0,0.0,0.0,0.0,0.0,0.0,0.5,0.0,0.0,0.0,0.05,0.0,0.0,0.0,57.041666666666664,57.041666666666664,57.041666666666664,57.041666666666664,0.48036537693602566,1.1459357708476297,0.0,0.0,0.0,0.48036537693602566,2.329632996406872
5.5680000000000005,0.0,0.0,0.9714758890390575,0.0,0.0,-1.1389858141023086,0.0,0.0,0.0,0.0,0.0,0.0,0.0,0.0,0.5,0.0,0.0,0.0,0.05,0.0,0.0,0.0,57.041666666666664,57.041666666666664,57.041666666666664,57.041666666666664,0.47147588903905746,1.1389858141023086,0.0,0.0,0.0,0.47147588903905746,2.314675999514293
5.5760000000000005,0.0,0.0,0.9626793992102923,0.0,0.0,-1.131100897000975,0.0,0.0,0.0,0.0,0.0,0.0,0.0,0.0,0.5,0.0,0.0,0.0,0.05,0.0,0.0,0.0,57.041666666666664,57.041666666666664,57.041666666666664,57.041666666666664,0.46267939921029233,1.131100897000975,0.0,0.0,0.0,0.46267939921029233,2.1439789998112246
5.5840000000000005,0.0,0.0,0.9539836811059756,0.0,0.0,-1.122273670208697,0.0,0.0,0.0,0.0,0.0,0.0,0.0,0.0,0.5,0.0,0.0,0.0,0.05,0.0,0.0,0.0,57.041666666666664,57.041666666666664,57.041666666666664,57.041666666666664,0.45398368110597564,1.122273670208697,0.0,0.0,0.0,0.45398368110597564,1.9424380006967112
5.5920000000000005,0.0,0.0,0.9453965419726563,0.0,0.0,-1.1124974144999407,0.0,0.0,0.0,0.0,0.0,0.0,0.0,0.0,0.5,0.0,0.0,0.0,0.05,0.0,0.0,0.0,57.041666666666664,57.041666666666664,57.041666666666664,57.041666666666664,0.4453965419726563,1.1124974144999407,0.0,0.0,0.0,0.4453965419726563,1.813946000766009
5.6000000000000005,0.0,0.0,0.9369258226035432,0.0,0.0,-1.101765915827781,0.0,0.0,0.0,0.0,0.0,0.0,0.0,0.0,0.5,0.0,0.0,0.0,0.05,0.0,0.0,0.0,57.041666666666664,57.041666666666664,57.041666666666664,57.041666666666664,0.4369258226035432,1.101765915827781,0.0,0.0,0.0,0.4369258226035432,1.5790839970577508
5.6080000000000005,0.0,0.0,0.9285793972949171,0.0,0.0,-1.0900733653778762,0.0,0.0,0.0,0.0,0.0,0.0,0.0,0.0,0.5,0.0,0.0,0.0,0.05,0.0,0.0,0.0,57.041666666666664,57.041666666666664,57.041666666666664,57.041666666666664,0.4285793972949171,1.0900733653778762,0.0,0.0,0.0,0.4285793972949171,1.3192300029913895
5.6160000000000005,0.0,0.0,0.9203651738026007,0.0,0.0,-1.0774142796102102,0.0,0.0,0.0,0.0,0.0,0.0,0.0,0.0,0.5,0.0,0.0,0.0,0.05,0.0,0.0,0.0,57.041666666666664,57.041666666666664,57.041666666666664,57.041666666666664,0.42036517380260074,1.0774142796102102,0.0,0.0,0.0,0.42036517380260074,0.4341280000517145
5.6240000000000006,0.0,0.0,0.9122910932984837,0.0,0.0,-1.0637834362910947,0.0,0.0,0.0,0.0,0.0,0.0,0.0,0.0,0.5,0.0,0.0,0.0,0.05,0.0,0.0,0.0,57.041666666666664,57.041666666666664,57.041666666666664,57.041666666666664,0.4122910932984837,1.0637834362910947,0.0,0.0,0.0,0.4122910932984837,1.3464430012390949
5.632,0.0,0.0,0.9043651303271054,0.0,0.0,-1.0491758233173543,0.0,0.0,0.0,0.0,0.0,0.0,0.0,0.0,0.5,0.0,0.0,0.0,0.05,0.0,0.0,0.0,57.041666666666664,57.041666666666664,57.041666666666664,57.041666666666664,0.4043651303271054,1.0491758233173543,0.0,0.0,0.0,0.4043651303271054,1.7715940048219636
5.64,0.0,0.0,0.8965952927622934,0.0,0.0,-1.0335865977741827,0.0,0.0,0.0,0.0,0.0,0.0,0.0,0.0,0.5,0.0,0.0,0.0,0.05,0.0,0.0,0.0,57.041666666666664,57.041666666666664,57.041666666666664,57.041666666666664,0.39659529276229344,1.0335865977741827,0.0,0.0,0.0,0.39659529276229344,1.832406000175979
5.648,0.0,0.0,0.8889896217638588,0.0,0.0,-1.017011053180213,0.0,0.0,0.0,0.0,0.0,0.0,0.0,0.0,0.5,0.0,0.0,0.0,0.05,0.0,0.0,0.0,57.041666666666664,57.041666666666664,57.041666666666664,57.041666666666664,0.38898962176385876,1.017011053180213,0.0,0.0,0.0,0.38898962176385876,2.007497998420149
5.656,0.0,0.0,0.8815561917343469,0.0,0.0,-0.9994445932819681,0.0,0.0,0.0,0.0,0.0,0.0,0.0,0.0,0.5,0.0,0.0,0.0,0.05,0.0,0.0,0.0,57.041666666666664,57.041666666666664,57.041666666666664,57.041666666666664,0.38155619173434685,0.9994445932819681,0.0,0.0,0.0,0.38155619173434685,2.1836220039403997
5.664,0.0,0.0,0.8743031102758454,0.0,0.0,-0.9808827110881108,0.0,0.0,0.0,0.0,0.0,0.0,0.0,0.0,0.5,0.0,0.0,0.0,0.05,0.0,0.0,0.0,57.041666666666664,57.041666666666664,57.041666666666664,57.041666666666664,0.3743031102758454,0.9808827110881108,0.0,0.0,0.0,0.3743031102758454,2.2631409956375137
5.672,0.0,0.0,0.8672385181468478,0.0,0.0,-0.9613209720954278,0.0,0.0,0.0,0.0,0.0,0.0,0.0,0.0,0.5,0.0,0.0,0.0,0.05,0.0,0.0,0.0,57.041666666666664,57.041666666666664,57.041666666666664,57.041666666666664,0.3672385181468478,0.9613209720954278,0.0,0.0,0.0,0.3672385181468478,2.3305159993469715
5.68,0.0,0.0,0.8603705892191728,0.0,0.0,-0.940755000868219,0.0,0.0,0.0,0.0,0.0,0.0,0.0,0.0,0.5,0.0,0.0,0.0,0.05,0.0,0.0,0.0,57.041666666666664,57.041666666666664,57.041666666666664,57.041666666666664,0.36037058921917275,0.940755000868219,0.0,0.0,0.0,0.36037058921917275,2.383891995123122
5.688,0.0,0.0,0.8537075304349401,0.0,0.0,-0.9191804703003921,0.0,0.0,0.0,0.0,0.0,0.0,0.0,0.0,0.5,0.0,0.0,0.0,0.05,0.0,0.0,0.0,57.041666666666664,57.041666666666664,57.041666666666664,57.041666666666664,0.3537075304349401,0.9191804703003921,0.0,0.0,0.0,0.3537075304349401,2.4078760034171864
5.696,0.0,0.0,0.8472575817636021,0.0,0.0,-0.8965930930237628,0.0,0.0,0.0,0.0,0.0,0.0,0.0,0.0,0.5,0.0,0.0,0.0,0.05,0.0,0.0,0.0,57.041666666666664,57.041666666666664,57.041666666666664,57.041666666666664,0.3472575817636021,0.8965930930237628,0.0,0.0,0.0,0.3472575817636021,2.6534919961704873
5.704,0.0,0.0,0.841029016159031,0.0,0.0,-0.8729886145332871,0.0,0.0,0.0,0.0,0.0,0.0,0.0,0.0,0.5,0.0,0.0,0.0,0.05,0.0,0.0,0.0,57.041666666666664,57.041666666666664,57.041666666666664,57.041666666666664,0.34102901615903103,0.8729886145332871,0.0,0.0,0.0,0.34102901615903103,2.538291002565529
5.712,0.0,0.0,0.8350301395166622,0.0,0.0,-0.8483628076858513,0.0,0.0,0.0,0.0,0.0,0.0,0.0,0.0,0.5,0.0,0.0,0.0,0.05,0.0,0.0,0.0,57.041666666666664,57.041666666666664,57.041666666666664,57.041666666666664,0.33503013951666216,0.8483628076858513,0.0,0.0,0.0,0.33503013951666216,2.7065659960499033
5.72,0.0,0.0,0.8292692906306928,0.0,0.0,-0.8227114682979157,0.0,0.0,0.0,0.0,0.0,0.0,0.0,0.0,0.5,0.0,0.0,0.0,0.05,0.0,0.0,0.0,57.041666666666664,57.041666666666664,57.041666666666664,57.041666666666664,0.32926929063069277,0.8227114682979157,0.0,0.0,0.0,0.32926929063069277,2.6997690001735464
5.728,0.0,0.0,0.8237548411513362,0.0,0.0,-0.7960304116222459,0.0,0.0,0.0,0.0,0.0,0.0,0.0,0.0,0.5,0.0,0.0,0.0,0.05,0.0,0.0,0.0,57.041666666666664,57.041666666666664,57.041666666666664,57.041666666666664,0.32375484115133624,0.7960304116222459,0.0,0.0,0.0,0.32375484115133624,2.7926440016017295
5.736,0.0,0.0,0.8184951955421323,0.0,0.0,-0.7683154695278939,0.0,0.0,0.0,0.0,0.0,0.0,0.0,0.0,0.5,0.0,0.0,0.0,0.05,0.0,0.0,0.0,57.041666666666664,57.041666666666664,57.041666666666664,57.041666666666664,0.31849519554213235,0.7683154695278939,0.0,0.0,0.0,0.31849519554213235,2.7014990046154708
5.744,0.0,0.0,0.8134987910373125,0.0,0.0,-0.7395624882428116,0.0,0.0,0.0,0.0,0.0,0.0,0.0,0.0,0.5,0.0,0.0,0.0,0.05,0.0,0.0,0.0,57.041666666666664,57.041666666666664,57.041666666666664,57.041666666666664,0.3134987910373125,0.7395624882428116,0.0,0.0,0.0,0.3134987910373125,2.6368609978817403
5.752,0.0,0.0,0.8087740975992205,0.0,0.0,-0.7097673265465494,0.0,0.0,0.0,0.0,0.0,0.0,0.0,0.0,0.5,0.0,0.0,0.0,0.05,0.0,0.0,0.0,57.041666666666664,57.041666666666664,57.041666666666664,57.041666666666664,0.3087740975992205,0.7097673265465494,0.0,0.0,0.0,0.3087740975992205,2.8095809975638986
5.76,0.0,0.0,0.8043296178757889,0.0,0.0,-0.6789258543230279,0.0,0.0,0.0,0.0,0.0,0.0,0.0,0.0,0.5,0.0,0.0,0.0,0.05,0.0,0.0,0.0,57.041666666666664,57.041666666666664,57.041666666666664,57.041666666666664,0.30432961787578894,0.6789258543230279,0.0,0.0,0.0,0.30432961787578894,1.23948699911125
5.768,0.0,0.0,0.8001738871580704,0.0,0.0,-0.6470339514013866,0.0,0.0,0.0,0.0,0.0,0.0,0.0,0.0,0.5,0.0,0.0,0.0,0.05,0.0,0.0,0.0,57.041666666666664,57.041666666666664,57.041666666666664,57.041666666666664,0.30017388715807036,0.6470339514013866,0.0,0.0,0.0,0.30017388715807036,0.36420999822439626
5.776,0.0,0.0,0.796315473337824,0.0,0.0,-0.6140875066272672,0.0,0.0,0.0,0.0,0.0,0.0,0.0,0.0,0.5,0.0,0.0,0.0,0.04382157768463196,0.0,0.0,0.0,55.92238726170869,55.92238726170869,55.92238726170869,55.92238726170869,0.29631547333782404,0.6140875066272672,0.0,0.0,0.0,0.29631547333782404,0.306337999063544
5.784,0.0,0.0,0.7927629768651574,0.0,0.0,-0.5800824171184797,0.0,0.0,0.0,0.0,0.0,0.0,0.0,0.0,0.5,0.0,0.0,0.0,0.01789675674180069,0.0,0.0,0.0,51.225861728587084,51.225861728587084,51.225861728587084,51.225861728587084,0.2927629768651574,0.5800824171184797,0.0,0.0,0.0,0.2927629768651574,0.28890500107081607
5.792,0.0,0.0,0.789525030706223,0.0,0.0,-0.5450145876681427,0.0,0.0,0.0,0.0,0.0,0.0,0.0,0.0,0.5,0.0,0.0,0.0,-0.009613548609902156,0.0,0.0,0.0,46.2421107590757,46.2421107590757,46.2421107590757,46.2421107590757,0.28952503070622304,0.5450145876681427,0.0,0.0,0.0,0.28952503070622304,0.2715279988478869
5.8,0.0,0.0,0.7865921957171378,0.0,0.0,-0.5093325448616455,0.0,0.0,0.0,0.0,0.0,0.0,0.0,0.0,0.5,0.0,0.0,0.0,-0.038266167260349704,0.0,0.0,0.0,41.05141897457433,41.05141897457433,41.05141897457433,41.05141897457433,0.2865921957171378,0.5093325448616455,0.0,0.0,0.0,0.2865921957171378,0.27380800020182505
5.808,0.0,0.0,0.783955088709027,0.0,0.0,-0.4733937110920868,0.0,0.0,0.0,0.0,0.0,0.0,0.0,0.0,0.5,0.0,0.0,0.0,-0.05,0.0,0.0,0.0,38.925724637681164,38.925724637681164,38.925724637681164,38.925724637681164,0.28395508870902697,0.4733937110920868,0.0,0.0,0.0,0.28395508870902697,0.25943500077119097
5.816,0.0,0.0,0.7816043823753219,0.0,0.0,-0.4374826272162955,0.0,0.0,0.0,0.0,0.0,0.0,0.0,0.0,0.5,0.0,0.0,0.0,-0.05,0.0,0.0,0.0,38.925724637681164,38.925724637681164,38.925724637681164,38.925724637681164,0.2816043823753219,0.4374826272162955,0.0,0.0,0.0,0.2816043823753219,0.2743949953583069
5.824,0.0,0.0,0.7795308052191517,0.0,0.0,-0.4018255306772909,0.0,0.0,0.0,0.0,0.0,0.0,0.0,0.0,0.5,0.0,0.0,0.0,-0.05,0.0,0.0,0.0,38.925724637681164,38.925724637681164,38.925724637681164,38.925724637681164,0.27953080521915175,0.4018255306772909,0.0,0.0,0.0,0.27953080521915175,0.3926310018869117
5.832,0.0,0.0,0.7777251414808293,0.0,0.0,-0.36660201799989445,0.0,0.0,0.0,0.0,0.0,0.0,0.0,0.0,0.5,0.0,0.0,0.0,-0.05,0.0,0.0,0.0,38.925724637681164,38.925724637681164,38.925724637681164,38.925724637681164,0.2777251414808293,0.36660201799989445,0.0,0.0,0.0,0.2777251414808293,0.5690890029654838
5.84,0.0,0.0,0.7761782310654314,0.0,0.0,-0.3319543747848629,0.0,0.0,0.0,0.0,0.0,0.0,0.0,0.0,0.5,0.0,0.0,0.0,-0.05,0.0,0.0,0.0,38.925724637681164,38.925724637681164,38.925724637681164,38.925724637681164,0.2761782310654314,0.3319543747848629,0.0,0.0,0.0,0.2761782310654314,0.7099309950717725
5.848,0.0,0.0,0.7748809694704736,0.0,0.0,-0.2979950397018353,0.0,0.0,0.0,0.0,0.0,0.0,0.0,0.0,0.5,0.0,0.0,0.0,-0.05,0.0,0.0,0.0,38.925724637681164,38.925724637681164,38.925724637681164,38.925724637681164,0.2748809694704736,0.2979950397018353,0.0,0.0,0.0,0.2748809694704736,0.9390569975948893
5.856,0.0,0.0,0.7738243077136783,0.0,0.0,-0.2648125756813509,0.0,0.0,0.0,0.0,0.0,0.0,0.0,0.0,0.5,0.0,0.0,0.0,-0.05,0.0,0.0,0.0,38.925724637681164,38.925724637681164,38.925724637681164,38.925724637681164,0.27382430771367827,0.2648125756813509,0.0,0.0,0.0,0.27382430771367827,1.0968850037897937
5.864,0.0,0.0,0.7729992522608369,0.0,0.0,-0.23247644686611557,0.0,0.0,0.0,0.0,0.0,0.0,0.0,0.0,0.5,0.0,0.0,0.0,-0.05,0.0,0.0,0.0,38.925724637681164,38.925724637681164,38.925724637681164,38.925724637681164,0.2729992522608369,0.23247644686611557,0.0,0.0,0.0,0.2729992522608369,1.3026449960307218
5.872,0.0,0.0,0.7723968649537658,0.0,0.0,-0.20104084016966928,0.0,0.0,0.0,0.0,0.0,0.0,0.0,0.0,0.5,0.0,0.0,0.0,-0.05,0.0,0.0,0.0,38.925724637681164,38.925724637681164,38.925724637681164,38.925724637681164,0.2723968649537658,0.20104084016966928,0.0,0.0,0.0,0.2723968649537658,1.5328489971579984
5.88,0.0,0.0,0.7720082629383563,0.0,0.0,-0.1705477225209721,0.0,0.0,0.0,0.0,0.0,0.0,0.0,0.0,0.5,0.0,0.0,0.0,-0.05,0.0,0.0,0.0,38.925724637681164,38.925724637681164,38.925724637681164,38.925724637681164,0.27200826293835634,0.1705477225209721,0.0,0.0,0.0,0.27200826293835634,1.7287899972870946
5.888,0.0,0.0,0.7718246185927172,0.0,0.0,-0.14102928665775546,0.0,0.0,0.0,0.0,0.0,0.0,0.0,0.0,0.5,0.0,0.0,0.0,-0.05,0.0,0.0,0.0,38.925724637681164,38.925724637681164,38.925724637681164,38.925724637681164,0.2718246185927172,0.14102928665775546,0.0,0.0,0.0,0.2718246185927172,1.9222269984311424
5.896,0.0,0.0,0.7718371594554115,0.0,0.0,-0.11250990775884662,0.0,0.0,0.0,0.0,0.0,0.0,0.0,0.0,0.5,0.0,0.0,0.0,-0.05,0.0,0.0,0.0,38.925724637681164,38.925724637681164,38.925724637681164,38.925724637681164,0.27183715945541154,0.11250990775884662,0.0,0.0,0.0,0.27183715945541154,2.192428000853397
5.904,0.0,0.0,0.7720371681537859,0.0,0.0,-0.085007708747719,0.0,0.0,0.0,0.0,0.0,0.0,0.0,0.0,0.5,0.0,0.0,0.0,-0.05,0.0,0.0,0.0,38.925724637681164,38.925724637681164,38.925724637681164,38.925724637681164,0.27203716815378587,0.085007708747719,0.0,0.0,0.0,0.27203716815378587,2.261588000692427
5.912,0.0,0.0,0.7724159823323934,0.0,0.0,-0.05853581253298714,0.0,0.0,0.0,0.0,0.0,0.0,0.0,0.0,0.5,0.0,0.0,0.0,-0.05,0.0,0.0,0.0,38.925724637681164,38.925724637681164,38.925724637681164,38.925724637681164,0.2724159823323934,0.05853581253298714,0.0,0.0,0.0,0.2724159823323934,2.471009000146296
5.92,0.0,0.0,0.7729649945815097,0.0,0.0,-0.03310334379848226,0.0,0.0,0.0,0.0,0.0,0.0,0.0,0.0,0.5,0.0,0.0,0.0,-0.05,0.0,0.0,0.0,38.925724637681164,38.925724637681164,38.925724637681164,38.925724637681164,0.2729649945815097,0.03310334379848226,0.0,0.0,0.0,0.2729649945815097,2.543526999943424
5.928,0.0,0.0,0.7736756523657413,0.0,0.0,-0.008716230432995138,0.0,0.0,0.0,0.0,0.0,0.0,0.0,0.0,0.5,0.0,0.0,0.0,-0.05,0.0,0.0,0.0,38.925724637681164,38.925724637681164,38.925724637681164,38.925724637681164,0.2736756523657413,0.008716230432995138,0.0,0.0,0.0,0.2736756523657413,2.7401589977671392
5.936,0.0,0.0,0.7745394579527272,0.0,0.0,0.014622155328249974,0.0,0.0,0.0,0.0,0.0,0.0,0.0,0.0,0.5,0.0,0.0,0.0,-0.05,0.0,0.0,0.0,38.925724637681164,38.925724637681164,38.925724637681164,38.925724637681164,0.27453945795272716,0.014622155328249974,0.0,0.0,0.0,0.27453945795272716,2.8149370045866817
5.944,0.0,0.0,0.7755479683419326,0.0,0.0,0.036910483992736554,0.0,0.0,0.0,0.0,0.0,0.0,0.0,0.0,0.5,0.0,0.0,0.0,-0.05,0.0,0.0,0.0,38.925724637681164,38.925724637681164,38.925724637681164,38.925724637681164,0.2755479683419326,0.036910483992736554,0.0,0.0,0.0,0.2755479683419326,2.9173829971114174
5.952,0.0,0.0,0.7766927951935361,0.0,0.0,0.05814905848427527,0.0,0.0,0.0,0.0,0.0,0.0,0.0,0.0,0.5,0.0,0.0,0.0,-0.05,0.0,0.0,0.0,38.925724637681164,38.925724637681164,38.925724637681164,38.925724637681164,0.27669279519353607,0.05814905848427527,0.0,0.0,0.0,0.27669279519353607,2.740157004154753
5.96,0.0,0.0,0.7779656047574078,0.0,0.0,0.07833948588421441,0.0,0.0,0.0,0.0,0.0,0.0,0.0,0.0,0.5,0.0,0.0,0.0,-0.05,0.0,0.0,0.0,38.925724637681164,38.925724637681164,38.925724637681164,38.925724637681164,0.27796560475740784,0.07833948588421441,0.0,0.0,0.0,0.27796560475740784,2.848153999366332
5.968,0.0,0.0,0.7793581178021817,0.0,0.0,0.09748441482671738,0.0,0.0,0.0,0.0,0.0,0.0,0.0,0.0,0.5,0.0,0.0,0.0,-0.05,0.0,0.0,0.0,38.925724637681164,38.925724637681164,38.925724637681164,38.925724637681164,0.27935811780218167,0.09748441482671738,0.0,0.0,0.0,0.27935811780218167,2.74745899514528
5.976,0.0,0.0,0.7808621095444178,0.0,0.0,0.11558732541727748,0.0,0.0,0.0,0.0,0.0,0.0,0.0,0.0,0.5,0.0,0.0,0.0,-0.05,0.0,0.0,0.0,38.925724637681164,38.925724637681164,38.925724637681164,38.925724637681164,0.2808621095444178,0.11558732541727748,0.0,0.0,0.0,0.2808621095444178,2.6830200004042126
5.984,0.0,0.0,0.7824694095778588,0.0,0.0,0.1326523611698471,0.0,0.0,0.0,0.0,0.0,0.0,0.0,0.0,0.5,0.0,0.0,0.0,-0.05,0.0,0.0,0.0,38.925724637681164,38.925724637681164,38.925724637681164,38.925724637681164,0.2824694095778588,0.1326523611698471,0.0,0.0,0.0,0.2824694095778588,2.7769550069933757
5.992,0.0,0.0,0.7841719018027765,0.0,0.0,0.14868419455882004,0.0,0.0,0.0,0.0,0.0,0.0,0.0,0.0,0.5,0.0,0.0,0.0,-0.05,0.0,0.0,0.0,38.925724637681164,38.925724637681164,38.925724637681164,38.925724637681164,0.2841719018027765,0.14868419455882004,0.0,0.0,0.0,0.2841719018027765,2.688128995941952
6.0,0.0,0.0,0.7859615243554116,0.0,0.0,0.16368791946293199,0.0,0.0,0.0,0.0,0.0,0.0,0.0,0.0,0.5,0.0,0.0,0.0,-0.05,0.0,0.0,0.0,38.925724637681164,38.925724637681164,38.925724637681164,38.925724637681164,0.28596152435541156,0.16368791946293199,0.0,0.0,0.0,0.28596152435541156,2.744281002378557
6.008,0.0,0.0,0.787830269537504,0.0,0.0,0.177668965122657,0.0,0.0,0.0,0.0,0.0,0.0,0.0,0.0,0.5,0.0,0.0,0.0,-0.05,0.0,0.0,0.0,38.925724637681164,38.925724637681164,38.925724637681164,38.925724637681164,0.287830269537504,0.177668965122657,0.0,0.0,0.0,0.287830269537504,2.6154619990848005
6.016,0.0,0.0,0.7897701837459158,0.0,0.0,0.19063302730841997,0.0,0.0,0.0,0.0,0.0,0.0,0.0,0.0,0.5,0.0,0.0,0.0,-0.05,0.0,0.0,0.0,38.925724637681164,38.925724637681164,38.925724637681164,38.925724637681164,0.2897701837459158,0.19063302730841997,0.0,0.0,0.0,0.2897701837459158,2.503417003026698
6.024,0.0,0.0,0.7917733674023447,0.0,0.0,0.20258601325745923,0.0,0.0,0.0,0.0,0.0,0.0,0.0,0.0,0.5,0.0,0.0,0.0,-0.05,0.0,0.0,0.0,38.925724637681164,38.925724637681164,38.925724637681164,38.925724637681164,0.2917733674023447,0.20258601325745923,0.0,0.0,0.0,0.2917733674023447,2.4394639985985123
6.032,0.0,0.0,0.7938319748831295,0.0,0.0,0.2135339976255871,0.0,0.0,0.0,0.0,0.0,0.0,0.0,0.0,0.5,0.0,0.0,0.0,-0.05,0.0,0.0,0.0,38.925724637681164,38.925724637681164,38.925724637681164,38.925724637681164,0.2938319748831295,0.2135339976255871,0.0,0.0,0.0,0.2938319748831295,2.4501759980921634
6.04,0.0,0.0,0.795938214449146,0.0,0.0,0.22348318725088268,0.0,0.0,0.0,0.0,0.0,0.0,0.0,0.0,0.5,0.0,0.0,0.0,-0.05,0.0,0.0,0.0,38.925724637681164,38.925724637681164,38.925724637681164,38.925724637681164,0.29593821444914603,0.22348318725088268,0.0,0.0,0.0,0.29593821444914603,2.477645000908524
6.048,0.0,0.0,0.7980843481757951,0.0,0.0,0.23243989296693285,0.0,0.0,0.0,0.0,0.0,0.0,0.0,0.0,0.5,0.0,0.0,0.0,-0.05,0.0,0.0,0.0,38.925724637681164,38.925724637681164,38.925724637681164,38.925724637681164,0.2980843481757951,0.23243989296693285,0.0,0.0,0.0,0.2980843481757951,2.5657240039436147
6.056,0.0,0.0,0.8002626918830807,0.0,0.0,0.2404105070556874,0.0,0.0,0.0,0.0,0.0,0.0,0.0,0.0,0.5,0.0,0.0,0.0,-0.05,0.0,0.0,0.0,38.925724637681164,38.925724637681164,38.925724637681164,38.925724637681164,0.30026269188308075,0.2404105070556874,0.0,0.0,0.0,0.30026269188308075,2.4346080026589334
6.064,0.0,0.0,0.8024656150657794,0.0,0.0,0.24740148521201633,0.0,0.0,0.0,0.0,0.0,0.0,0.0,0.0,0.5,0.0,0.0,0.0,-0.05,0.0,0.0,0.0,38.925724637681164,38.925724637681164,38.925724637681164,38.925724637681164,0.3024656150657794,0.24740148521201633,0.0,0.0,0.0,0.3024656150657794,2.3439299984602258
6.072,0.0,0.0,0.8046855408237001,0.0,0.0,0.25341933211763146,0.0,0.0,0.0,0.0,0.0,0.0,0.0,0.0,0.5,0.0,0.0,0.0,-0.05,0.0,0.0,0.0,38.925724637681164,38.925724637681164,38.925724637681164,38.925724637681164,0.30468554082370014,0.25341933211763146,0.0,0.0,0.0,0.30468554082370014,2.2761489963158965
6.08,0.0,0.0,0.8069149457920349,0.0,0.0,0.2584705899024749,0.0,0.0,0.0,0.0,0.0,0.0,0.0,0.0,0.5,0.0,0.0,0.0,-0.05,0.0,0.0,0.0,38.925724637681164,38.925724637681164,38.925724637681164,38.925724637681164,0.30691494579203493,0.2584705899024749,0.0,0.0,0.0,0.30691494579203493,2.286480004840996
6.088,0.0,0.0,0.8091463600718002,0.0,0.0,0.26256182891611124,0.0,0.0,0.0,0.0,0.0,0.0,0.0,0.0,0.5,0.0,0.0,0.0,-0.05,0.0,0.0,0.0,38.925724637681164,38.925724637681164,38.925724637681164,38.925724637681164,0.3091463600718002,0.26256182891611124,0.0,0.0,0.0,0.3091463600718002,2.3039869993226603
6.096,0.0,0.0,0.8113723671603681,0.0,0.0,0.2656996403470866,0.0,0.0,0.0,0.0,0.0,0.0,0.0,0.0,0.5,0.0,0.0,0.0,-0.05,0.0,0.0,0.0,38.925724637681164,38.925724637681164,38.925724637681164,38.925724637681164,0.3113723671603681,0.2656996403470866,0.0,0.0,0.0,0.3113723671603681,2.2525730018969625
6.104,0.0,0.0,0.8135856038820882,0.0,0.0,0.2678906303206726,0.0,0.0,0.0,0.0,0.0,0.0,0.0,0.0,0.5,0.0,0.0,0.0,-0.05,0.0,0.0,0.0,38.925724637681164,38.925724637681164,38.925724637681164,38.925724637681164,0.3135856038820882,0.2678906303206726,0.0,0.0,0.0,0.3135856038820882,2.125544000591617
6.112,0.0,0.0,0.8157787603189997,0.0,0.0,0.2691414151793237,0.0,0.0,0.0,0.0,0.0,0.0,0.0,0.0,0.5,0.0,0.0,0.0,-0.05,0.0,0.0,0.0,38.925724637681164,38.925724637681164,38.925724637681164,38.925724637681164,0.31577876031899965,0.2691414151793237,0.0,0.0,0.0,0.31577876031899965,1.8943000031867996
6.12,0.0,0.0,0.8179445797416328,0.0,0.0,0.26945861770928803,0.0,0.0,0.0,0.0,0.0,0.0,0.0,0.0,0.5,0.0,0.0,0.0,-0.05,0.0,0.0,0.0,38.925724637681164,38.925724637681164,38.925724637681164,38.925724637681164,0.3179445797416328,0.26945861770928803,0.0,0.0,0.0,0.3179445797416328,1.846481995016802
6.128,0.0,0.0,0.8200758585399013,0.0,0.0,0.26884886412414205,0.0,0.0,0.0,0.0,0.0,0.0,0.0,0.0,0.5,0.0,0.0,0.0,-0.05,0.0,0.0,0.0,38.925724637681164,38.925724637681164,38.925724637681164,38.925724637681164,0.3200758585399013,0.26884886412414205,0.0,0.0,0.0,0.3200758585399013,1.6394249978475273
6.136,0.0,0.0,0.8221654461540836,0.0,0.0,0.26731878165387163,0.0,0.0,0.0,0.0,0.0,0.0,0.0,0.0,0.5,0.0,0.0,0.0,-0.05,0.0,0.0,0.0,38.925724637681164,38.925724637681164,38.925724637681164,38.925724637681164,0.3221654461540836,0.26731878165387163,0.0,0.0,0.0,0.3221654461540836,1.4554059962392785
6.144,0.0,0.0,0.8242062450058943,0.0,0.0,0.26487499661836583,0.0,0.0,0.0,0.0,0.0,0.0,0.0,0.0,0.5,0.0,0.0,0.0,-0.05,0.0,0.0,0.0,38.925724637681164,38.925724637681164,38.925724637681164,38.925724637681164,0.32420624500589434,0.26487499661836583,0.0,0.0,0.0,0.32420624500589434,1.0632449993863702
6.152,0.0,0.0,0.826191210429645,0.0,0.0,0.26152413288846027,0.0,0.0,0.0,0.0,0.0,0.0,0.0,0.0,0.5,0.0,0.0,0.0,-0.05,0.0,0.0,0.0,38.925724637681164,38.925724637681164,38.925724637681164,38.925724637681164,0.32619121042964505,0.26152413288846027,0.0,0.0,0.0,0.32619121042964505,0.3781549967243336
6.16,0.0,0.0,0.8281204149700777,0.0,0.0,0.2574494198215847,0.0,0.0,0.0,0.0,0.0,0.0,0.0,0.0,0.5,0.0,0.0,0.0,-0.05,0.0,0.0,0.0,38.925724637681164,38.925724637681164,38.925724637681164,38.925724637681164,0.3281204149700777,0.2574494198215847,0.0,0.0,0.0,0.3281204149700777,1.256032999663148
6.168,0.0,0.0,0.8299939310776763,0.0,0.0,0.25279743854723175,0.0,0.0,0.0,0.0,0.0,0.0,0.0,0.0,0.5,0.0,0.0,0.0,-0.05,0.0,0.0,0.0,38.925724637681164,38.925724637681164,38.925724637681164,38.925724637681164,0.3299939310776763,0.25279743854723175,0.0,0.0,0.0,0.3299939310776763,1.4633620012318715
6.176,0.0,0.0,0.8318118311087894,0.0,0.0,0.24768545161561414,0.0,0.0,0.0,0.0,0.0,0.0,0.0,0.0,0.5,0.0,0.0,0.0,-0.05,0.0,0.0,0.0,38.925724637681164,38.925724637681164,38.925724637681164,38.925724637681164,0.3318118311087894,0.24768545161561414,0.0,0.0,0.0,0.3318118311087894,1.5910130023257807
6.184,0.0,0.0,0.8335741873257526,0.0,0.0,0.24220726671657106,0.0,0.0,0.0,0.0,0.0,0.0,0.0,0.0,0.5,0.0,0.0,0.0,-0.05,0.0,0.0,0.0,38.925724637681164,38.925724637681164,38.925724637681164,38.925724637681164,0.3335741873257526,0.24220726671657106,0.0,0.0,0.0,0.3335741873257526,1.6980510044959374
6.192,0.0,0.0,0.8352810718970105,0.0,0.0,0.23643792765470417,0.0,0.0,0.0,0.0,0.0,0.0,0.0,0.0,0.5,0.0,0.0,0.0,-0.05,0.0,0.0,0.0,38.925724637681164,38.925724637681164,38.925724637681164,38.925724637681164,0.3352810718970105,0.23643792765470417,0.0,0.0,0.0,0.3352810718970105,1.7533389982418157
6.2,0.0,0.0,0.8369325568972387,0.0,0.0,0.2304374671294673,0.0,0.0,0.0,0.0,0.0,0.0,0.0,0.0,0.5,0.0,0.0,0.0,-0.05,0.0,0.0,0.0,38.925724637681164,38.925724637681164,38.925724637681164,38.925724637681164,0.33693255689723867,0.2304374671294673,0.0,0.0,0.0,0.33693255689723867,1.7949179964489304
6.208,0.0,0.0,0.8385287143074658,0.0,0.0,0.22425390895925176,0.0,0.0,0.0,0.0,0.0,0.0,0.0,0.0,0.5,0.0,0.0,0.0,-0.05,0.0,0.0,0.0,38.925724637681164,38.925724637681164,38.925724637681164,38.925724637681164,0.3385287143074658,0.22425390895925176,0.0,0.0,0.0,0.3385287143074658,1.7761130002327263
6.216,0.0,0.0,0.8400696160151949,0.0,0.0,0.2179256698606298,0.0,0.0,0.0,0.0,0.0,0.0,0.0,0.0,0.5,0.0,0.0,0.0,-0.05,0.0,0.0,0.0,38.925724637681164,38.925724637681164,38.925724637681164,38.925724637681164,0.3400696160151949,0.2179256698606298,0.0,0.0,0.0,0.3400696160151949,1.9387360007385723
6.224,0.0,0.0,0.8415553338145254,0.0,0.0,0.21148348087176602,0.0,0.0,0.0,0.0,0.0,0.0,0.0,0.0,0.5,0.0,0.0,0.0,-0.05,0.0,0.0,0.0,38.925724637681164,38.925724637681164,38.925724637681164,38.925724637681164,0.3415553338145254,0.21148348087176602,0.0,0.0,0.0,0.3415553338145254,2.065714004857
6.232,0.0,0.0,0.8429859394062739,0.0,0.0,0.20495192449112423,0.0,0.0,0.0,0.0,0.0,0.0,0.0,0.0,0.5,0.0,0.0,0.0,-0.05,0.0,0.0,0.0,38.925724637681164,38.925724637681164,38.925724637681164,38.925724637681164,0.34298593940627387,0.20495192449112423,0.0,0.0,0.0,0.34298593940627387,2.1280779983499087
6.24,0.0,0.0,0.8443615043980957,0.0,0.0,0.19835066438844404,0.0,0.0,0.0,0.0,0.0,0.0,0.0,0.0,0.5,0.0,0.0,0.0,-0.05,0.0,0.0,0.0,38.925724637681164,38.925724637681164,38.925724637681164,38.925724637681164,0.34436150439809565,0.19835066438844404,0.0,0.0,0.0,0.34436150439809565,2.1661290011252277
6.248,0.0,0.0,0.8456821003046058,0.0,0.0,0.19169542917350832,0.0,0.0,0.0,0.0,0.0,0.0,0.0,0.0,0.5,0.0,0.0,0.0,-0.05,0.0,0.0,0.0,38.925724637681164,38.925724637681164,38.925724637681164,38.925724637681164,0.3456821003046058,0.19169542917350832,0.0,0.0,0.0,0.3456821003046058,2.018613005930092
6.256,0.0,0.0,0.8469477985474999,0.0,0.0,0.1849987994111599,0.0,0.0,0.0,0.0,0.0,0.0,0.0,0.0,0.5,0.0,0.0,0.0,-0.05,0.0,0.0,0.0,38.925724637681164,38.925724637681164,38.925724637681164,38.925724637681164,0.3469477985474999,0.1849987994111599,0.0,0.0,0.0,0.3469477985474999,2.0885549965896644
6.264,0.0,0.0,0.848158670455675,0.0,0.0,0.17827083723330384,0.0,0.0,0.0,0.0,0.0,0.0,0.0,0.0,0.5,0.0,0.0,0.0,-0.05,0.0,0.0,0.0,38.925724637681164,38.925724637681164,38.925724637681164,38.925724637681164,0.34815867045567495,0.17827083723330384,0.0,0.0,0.0,0.34815867045567495,2.1455099995364435
6.272,0.0,0.0,0.8493147872653498,0.0,0.0,0.17151959002851475,0.0,0.0,0.0,0.0,0.0,0.0,0.0,0.0,0.5,0.0,0.0,0.0,-0.05,0.0,0.0,0.0,38.925724637681164,38.925724637681164,38.925724637681164,38.925724637681164,0.3493147872653498,0.17151959002851475,0.0,0.0,0.0,0.3493147872653498,2.1238449990050867
6.28,0.0,0.0,0.8504162201201856,0.0,0.0,0.16475149339370604,0.0,0.0,0.0,0.0,0.0,0.0,0.0,0.0,0.5,0.0,0.0,0.0,-0.05,0.0,0.0,0.0,38.925724637681164,38.925724637681164,38.925724637681164,38.925724637681164,0.3504162201201856,0.16475149339370604,0.0,0.0,0.0,0.3504162201201856,2.2067609970690683
6.288,0.0,0.0,0.851463040071406,0.0,0.0,0.15797169349547652,0.0,0.0,0.0,0.0,0.0,0.0,0.0,0.0,0.5,0.0,0.0,0.0,-0.05,0.0,0.0,0.0,38.925724637681164,38.925724637681164,38.925724637681164,38.925724637681164,0.35146304007140605,0.15797169349547652,0.0,0.0,0.0,0.35146304007140605,2.0898680013488047
6.296,0.0,0.0,0.8524553180779176,0.0,0.0,0.15118430495917073,0.0,0.0,0.0,0.0,0.0,0.0,0.0,0.0,0.5,0.0,0.0,0.0,-0.05,0.0,0.0,0.0,38.925724637681164,38.925724637681164,38.925724637681164,38.925724637681164,0.35245531807791763,0.15118430495917073,0.0,0.0,0.0,0.35245531807791763,2.1538590008276515
6.304,0.0,0.0,0.8533931250064293,0.0,0.0,0.1443926171801276,0.0,0.0,0.0,0.0,0.0,0.0,0.0,0.0,0.5,0.0,0.0,0.0,-0.05,0.0,0.0,0.0,38.925724637681164,38.925724637681164,38.925724637681164,38.925724637681164,0.3533931250064293,0.1443926171801276,0.0,0.0,0.0,0.3533931250064293,2.2756499965908006
6.312,0.0,0.0,0.8542765316315725,0.0,0.0,0.13759925937268183,0.0,0.0,0.0,0.0,0.0,0.0,0.0,0.0,0.5,0.0,0.0,0.0,-0.05,0.0,0.0,0.0,38.925724637681164,38.925724637681164,38.925724637681164,38.925724637681164,0.35427653163157247,0.13759925937268183,0.0,0.0,0.0,0.35427653163157247,2.1982070029480383
6.32,0.0,0.0,0.8551056086360207,0.0,0.0,0.13080633260935123,0.0,0.0,0.0,0.0,0.0,0.0,0.0,0.0,0.5,0.0,0.0,0.0,-0.05,0.0,0.0,0.0,38.925724637681164,38.925724637681164,38.925724637681164,38.925724637681164,0.3551056086360207,0.13080633260935123,0.0,0.0,0.0,0.3551056086360207,2.161955999326892
6.328,0.0,0.0,0.855880426610609,0.0,0.0,0.12401551545218942,0.0,0.0,0.0,0.0,0.0,0.0,0.0,0.0,0.5,0.0,0.0,0.0,-0.05,0.0,0.0,0.0,38.925724637681164,38.925724637681164,38.925724637681164,38.925724637681164,0.35588042661060904,0.12401551545218942,0.0,0.0,0.0,0.35588042661060904,2.0684869959950447
6.336,0.0,0.0,0.8566010560544532,0.0,0.0,0.11722814845785683,0.0,0.0,0.0,0.0,0.0,0.0,0.0,0.0,0.5,0.0,0.0,0.0,-0.05,0.0,0.0,0.0,38.925724637681164,38.925724637681164,38.925724637681164,38.925724637681164,0.35660105605445325,0.11722814845785683,0.0,0.0,0.0,0.35660105605445325,2.360190002946183
6.344,0.0,0.0,0.8572675673750694,0.0,0.0,0.11044530178168858,0.0,0.0,0.0,0.0,0.0,0.0,0.0,0.0,0.5,0.0,0.0,0.0,-0.05,0.0,0.0,0.0,38.925724637681164,38.925724637681164,38.925724637681164,38.925724637681164,0.3572675673750694,0.11044530178168858,0.0,0.0,0.0,0.3572675673750694,2.206277997174766
6.352,0.0,0.0,0.8578800308884924,0.0,0.0,0.1036678292609267,0.0,0.0,0.0,0.0,0.0,0.0,0.0,0.0,0.5,0.0,0.0,0.0,-0.05,0.0,0.0,0.0,38.925724637681164,38.925724637681164,38.925724637681164,38.925724637681164,0.3578800308884924,0.1036678292609267,0.0,0.0,0.0,0.3578800308884924,2.178996001021005
6.36,0.0,0.0,0.8584385168193952,0.0,0.0,0.09689641168131127,0.0,0.0,0.0,0.0,0.0,0.0,0.0,0.0,0.5,0.0,0.0,0.0,-0.05,0.0,0.0,0.0,38.925724637681164,38.925724637681164,38.925724637681164,38.925724637681164,0.3584385168193952,0.09689641168131127,0.0,0.0,0.0,0.3584385168193952,2.180190000217408
6.368,0.0,0.0,0.8589430953012072,0.0,0.0,0.09013159139034793,0.0,0.0,0.0,0.0,0.0,0.0,0.0,0.0,0.5,0.0,0.0,0.0,-0.05,0.0,0.0,0.0,38.925724637681164,38.925724637681164,38.925724637681164,38.925724637681164,0.35894309530120716,0.09013159139034793,0.0,0.0,0.0,0.35894309530120716,2.052258998446632
6.376,0.0,0.0,0.8593938363762331,0.0,0.0,0.08337379998792739,0.0,0.0,0.0,0.0,0.0,0.0,0.0,0.0,0.5,0.0,0.0,0.0,-0.05,0.0,0.0,0.0,38.925724637681164,38.925724637681164,38.925724637681164,38.925724637681164,0.3593938363762331,0.08337379998792739,0.0,0.0,0.0,0.3593938363762331,2.224483003374189
6.384,0.0,0.0,0.8597908099957712,0.0,0.0,0.07662338047879327,0.0,0.0,0.0,0.0,0.0,0.0,0.0,0.0,0.5,0.0,0.0,0.0,-0.05,0.0,0.0,0.0,38.925724637681164,38.925724637681164,38.925724637681164,38.925724637681164,0.3597908099957712,0.07662338047879327,0.0,0.0,0.0,0.3597908099957712,2.2570869987248443
6.392,0.0,0.0,0.8601340860202316,0.0,0.0,0.06988060499454415,0.0,0.0,0.0,0.0,0.0,0.0,0.0,0.0,0.5,0.0,0.0,0.0,-0.05,0.0,0.0,0.0,38.925724637681164,38.925724637681164,38.925724637681164,38.925724637681164,0.36013408602023156,0.06988060499454415,0.0,0.0,0.0,0.36013408602023156,2.1953920004307292
6.4,0.0,0.0,0.8604237342192541,0.0,0.0,0.06314568897119913,0.0,0.0,0.0,0.0,0.0,0.0,0.0,0.0,0.5,0.0,0.0,0.0,-0.05,0.0,0.0,0.0,38.925724637681164,38.925724637681164,38.925724637681164,38.925724637681164,0.3604237342192541,0.06314568897119913,0.0,0.0,0.0,0.3604237342192541,2.1047569971415214
6.408,0.0,0.0,0.8606598242718267,0.0,0.0,0.05641880249127517,0.0,0.0,0.0,0.0,0.0,0.0,0.0,0.0,0.5,0.0,0.0,0.0,-0.05,0.0,0.0,0.0,38.925724637681164,38.925724637681164,38.925724637681164,38.925724637681164,0.36065982427182675,0.05641880249127517,0.0,0.0,0.0,0.36065982427182675,2.1068099958938546
6.416,0.0,0.0,0.8608424257664028,0.0,0.0,0.04970007935742141,0.0,0.0,0.0,0.0,0.0,0.0,0.0,0.0,0.5,0.0,0.0,0.0,-0.05,0.0,0.0,0.0,38.925724637681164,38.925724637681164,38.925724637681164,38.925724637681164,0.3608424257664028,0.04970007935742141,0.0,0.0,0.0,0.3608424257664028,2.125512997736223
6.424,0.0,0.0,0.860971608201019,0.0,0.0,0.04298962435134307,0.0,0.0,0.0,0.0,0.0,0.0,0.0,0.0,0.5,0.0,0.0,0.0,-0.05,0.0,0.0,0.0,38.925724637681164,38.925724637681164,38.925724637681164,38.925724637681164,0.36097160820101903,0.04298962435134307,0.0,0.0,0.0,0.36097160820101903,2.20573599654017
6.432,0.0,0.0,0.861047440983413,0.0,0.0,0.03628751904092398,0.0,0.0,0.0,0.0,0.0,0.0,0.0,0.0,0.5,0.0,0.0,0.0,-0.05,0.0,0.0,0.0,38.925724637681164,38.925724637681164,38.925724637681164,38.925724637681164,0.361047440983413,0.03628751904092398,0.0,0.0,0.0,0.361047440983413,2.1893669982091524
6.44,0.0,0.0,0.8610699934311401,0.0,0.0,0.029593826425916347,0.0,0.0,0.0,0.0,0.0,0.0,0.0,0.0,0.5,0.0,0.0,0.0,-0.05,0.0,0.0,0.0,38.925724637681164,38.925724637681164,38.925724637681164,38.925724637681164,0.3610699934311401,0.029593826425916347,0.0,0.0,0.0,0.3610699934311401,2.2160670050652698
6.448,0.0,0.0,0.8610393347716911,0.0,0.0,0.022908594654509163,0.0,0.0,0.0,0.0,0.0,0.0,0.0,0.0,0.5,0.0,0.0,0.0,-0.05,0.0,0.0,0.0,38.925724637681164,38.925724637681164,38.925724637681164,38.925724637681164,0.36103933477169114,0.022908594654509163,0.0,0.0,0.0,0.36103933477169114,2.2036309965187684
6.456,0.0,0.0,0.8609555341426092,0.0,0.0,0.016231859996557935,0.0,0.0,0.0,0.0,0.0,0.0,0.0,0.0,0.5,0.0,0.0,0.0,-0.05,0.0,0.0,0.0,38.925724637681164,38.925724637681164,38.925724637681164,38.925724637681164,0.36095553414260917,0.016231859996557935,0.0,0.0,0.0,0.36095553414260917,2.170346000639256
6.464,0.0,0.0,0.8608186605916063,0.0,0.0,0.009563649222174057,0.0,0.0,0.0,0.0,0.0,0.0,0.0,0.0,0.5,0.0,0.0,0.0,-0.05,0.0,0.0,0.0,38.925724637681164,38.925724637681164,38.925724637681164,38.925724637681164,0.3608186605916063,0.009563649222174057,0.0,0.0,0.0,0.3608186605916063,2.311242002178915
6.472,0.0,0.0,0.8606287830766806,0.0,0.0,0.002903981504596296,0.0,0.0,0.0,0.0,0.0,0.0,0.0,0.0,0.5,0.0,0.0,0.0,-0.05,0.0,0.0,0.0,38.925724637681164,38.925724637681164,38.925724637681164,38.925724637681164,0.36062878307668056,0.002903981504596296,0.0,0.0,0.0,0.36062878307668056,2.28985399735393
6.48,0.0,0.0,0.8603859704662323,0.0,0.0,-0.0037471300575286745,0.0,0.0,0.0,0.0,0.0,0.0,0.0,0.0,0.5,0.0,0.0,0.0,-0.05,0.0,0.0,0.0,38.925724637681164,38.925724637681164,38.925724637681164,38.925724637681164,0.36038597046623233,0.0037471300575286745,0.0,0.0,0.0,0.36038597046623233,2.2408049990190193
6.488,0.0,0.0,0.8600902915391809,0.0,0.0,-0.01038967722230797,0.0,0.0,0.0,0.0,0.0,0.0,0.0,0.0,0.5,0.0,0.0,0.0,-0.05,0.0,0.0,0.0,38.925724637681164,38.925724637681164,38.925724637681164,38.925724637681164,0.36009029153918093,0.01038967722230797,0.0,0.0,0.0,0.36009029153918093,2.26013900100952
6.496,0.0,0.0,0.8597418149850807,0.0,0.0,-0.017023655630351284,0.0,0.0,0.0,0.0,0.0,0.0,0.0,0.0,0.5,0.0,0.0,0.0,-0.05,0.0,0.0,0.0,38.925724637681164,38.925724637681164,38.925724637681164,38.925724637681164,0.35974181498508073,0.017023655630351284,0.0,0.0,0.0,0.35974181498508073,2.3412299997289665
6.5040000000000004,0.0,0.0,0.8593406094042373,0.0,0.0,-0.023649064025367133,0.0,0.0,0.0,0.0,0.0,0.0,0.0,0.0,0.5,0.0,0.0,0.0,-0.05,0.0,0.0,0.0,38.925724637681164,38.925724637681164,38.925724637681164,38.925724637681164,0.3593406094042373,0.023649064025367133,0.0,0.0,0.0,0.3593406094042373,2.4082189993350767
6.5120000000000005,0.0,0.0,0.8588867433078234,0.0,0.0,-0.030265903630639857,0.0,0.0,0.0,0.0,0.0,0.0,0.0,0.0,0.5,0.0,0.0,0.0,-0.05,0.0,0.0,0.0,38.925724637681164,38.925724637681164,38.925724637681164,38.925724637681164,0.35888674330782344,0.030265903630639857,0.0,0.0,0.0,0.35888674330782344,2.400119003141299
6.5200000000000005,0.0,0.0,0.8583802851179948,0.0,0.0,-0.03687417765022788,0.0,0.0,0.0,0.0,0.0,0.0,0.0,0.0,0.5,0.0,0.0,0.0,-0.05,0.0,0.0,0.0,38.925724637681164,38.925724637681164,38.925724637681164,38.925724637681164,0.3583802851179948,0.03687417765022788,0.0,0.0,0.0,0.3583802851179948,2.1827629971085116
6.5280000000000005,0.0,0.0,0.8578213031680056,0.0,0.0,-0.043473890869911214,0.0,0.0,0.0,0.0,0.0,0.0,0.0,0.0,0.5,0.0,0.0,0.0,-0.05,0.0,0.0,0.0,38.925724637681164,38.925724637681164,38.925724637681164,38.925724637681164,0.35782130316800564,0.043473890869911214,0.0,0.0,0.0,0.35782130316800564,2.288928000780288
6.5360000000000005,0.0,0.0,0.8572098657023246,0.0,0.0,-0.050065049337955005,0.0,0.0,0.0,0.0,0.0,0.0,0.0,0.0,0.5,0.0,0.0,0.0,-0.05,0.0,0.0,0.0,38.925724637681164,38.925724637681164,38.925724637681164,38.925724637681164,0.3572098657023246,0.050065049337955005,0.0,0.0,0.0,0.3572098657023246,2.2272390051512048
6.5440000000000005,0.0,0.0,0.8565460408767497,0.0,0.0,-0.05664766010973703,0.0,0.0,0.0,0.0,0.0,0.0,0.0,0.0,0.5,0.0,0.0,0.0,-0.05,0.0,0.0,0.0,38.925724637681164,38.925724637681164,38.925724637681164,38.925724637681164,0.3565460408767497,0.05664766010973703,0.0,0.0,0.0,0.3565460408767497,2.338502999919001
6.5520000000000005,0.0,0.0,0.8558298967585236,0.0,0.0,-0.06322173104344135,0.0,0.0,0.0,0.0,0.0,0.0,0.0,0.0,0.5,0.0,0.0,0.0,-0.05,0.0,0.0,0.0,38.925724637681164,38.925724637681164,38.925724637681164,38.925724637681164,0.3558298967585236,0.06322173104344135,0.0,0.0,0.0,0.3558298967585236,2.2973049999563955
6.5600000000000005,0.0,0.0,0.8550615013264489,0.0,0.0,-0.06978727063662163,0.0,0.0,0.0,0.0,0.0,0.0,0.0,0.0,0.5,0.0,0.0,0.0,-0.05,0.0,0.0,0.0,38.925724637681164,38.925724637681164,38.925724637681164,38.925724637681164,0.35506150132644887,0.06978727063662163,0.0,0.0,0.0,0.35506150132644887,2.346726003452204
6.5680000000000005,0.0,0.0,0.8542409224710028,0.0,0.0,-0.07634428789544888,0.0,0.0,0.0,0.0,0.0,0.0,0.0,0.0,0.5,0.0,0.0,0.0,-0.05,0.0,0.0,0.0,38.925724637681164,38.925724637681164,38.925724637681164,38.925724637681164,0.3542409224710028,0.07634428789544888,0.0,0.0,0.0,0.3542409224710028,2.495979002560489
6.5760000000000005,0.0,0.0,0.853368227994452,0.0,0.0,-0.08289279223012924,0.0,0.0,0.0,0.0,0.0,0.0,0.0,0.0,0.5,0.0,0.0,0.0,-0.05,0.0,0.0,0.0,38.925724637681164,38.925724637681164,38.925724637681164,38.925724637681164,0.353368227994452,0.08289279223012924,0.0,0.0,0.0,0.353368227994452,2.5579190041753463
6.5840000000000005,0.0,0.0,0.8524434856109672,0.0,0.0,-0.08943279337122421,0.0,0.0,0.0,0.0,0.0,0.0,0.0,0.0,0.5,0.0,0.0,0.0,-0.05,0.0,0.0,0.0,38.925724637681164,38.925724637681164,38.925724637681164,38.925724637681164,0.35244348561096717,0.08943279337122421,0.0,0.0,0.0,0.35244348561096717,2.546080002503004
6.5920000000000005,0.0,0.0,0.8514667629467376,0.0,0.0,-0.09596430130271799,0.0,0.0,0.0,0.0,0.0,0.0,0.0,0.0,0.5,0.0,0.0,0.0,-0.05,0.0,0.0,0.0,38.925724637681164,38.925724637681164,38.925724637681164,38.925724637681164,0.3514667629467376,0.09596430130271799,0.0,0.0,0.0,0.3514667629467376,2.4341070020454936
6.6000000000000005,0.0,0.0,0.8504381275400854,0.0,0.0,-0.10248732620847967,0.0,0.0,0.0,0.0,0.0,0.0,0.0,0.0,0.5,0.0,0.0,0.0,-0.05,0.0,0.0,0.0,38.925724637681164,38.925724637681164,38.925724637681164,38.925724637681164,0.3504381275400854,0.10248732620847967,0.0,0.0,0.0,0.3504381275400854,2.288397998199798
6.6080000000000005,0.0,0.0,0.8493576468415798,0.0,0.0,-0.10900187842942463,0.0,0.0,0.0,0.0,0.0,0.0,0.0,0.0,0.5,0.0,0.0,0.0,-0.05,0.0,0.0,0.0,38.925724637681164,38.925724637681164,38.925724637681164,38.925724637681164,0.34935764684157977,0.10900187842942463,0.0,0.0,0.0,0.34935764684157977,2.1828220051247627
6.6160000000000005,0.0,0.0,0.8482253882141508,0.0,0.0,-0.11550796842926317,0.0,0.0,0.0,0.0,0.0,0.0,0.0,0.0,0.5,0.0,0.0,0.0,-0.05,0.0,0.0,0.0,38.925724637681164,38.925724637681164,38.925724637681164,38.925724637681164,0.34822538821415083,0.11550796842926317,0.0,0.0,0.0,0.34822538821415083,2.100498997606337
6.6240000000000006,0.0,0.0,0.8470414189332036,0.0,0.0,-0.12200560676709093,0.0,0.0,0.0,0.0,0.0,0.0,0.0,0.0,0.5,0.0,0.0,0.0,-0.05,0.0,0.0,0.0,38.925724637681164,38.925724637681164,38.925724637681164,38.925724637681164,0.3470414189332036,0.12200560676709093,0.0,0.0,0.0,0.3470414189332036,2.092028000333812
6.632000000000001,0.0,0.0,0.8458058061867317,0.0,0.0,-0.12849480407546976,0.0,0.0,0.0,0.0,0.0,0.0,0.0,0.0,0.5,0.0,0.0,0.0,-0.05,0.0,0.0,0.0,38.925724637681164,38.925724637681164,38.925724637681164,38.925724637681164,0.34580580618673173,0.12849480407546976,0.0,0.0,0.0,0.34580580618673173,2.117323994752951
6.640000000000001,0.0,0.0,0.8445186170754312,0.0,0.0,-0.13497557104288943,0.0,0.0,0.0,0.0,0.0,0.0,0.0,0.0,0.5,0.0,0.0,0.0,-0.05,0.0,0.0,0.0,38.925724637681164,38.925724637681164,38.925724637681164,38.925724637681164,0.3445186170754312,0.13497557104288943,0.0,0.0,0.0,0.3445186170754312,2.044720997218974
6.648000000000001,0.0,0.0,0.8431799186128134,0.0,0.0,-0.14144791839975662,0.0,0.0,0.0,0.0,0.0,0.0,0.0,0.0,0.5,0.0,0.0,0.0,-0.05,0.0,0.0,0.0,38.925724637681164,38.925724637681164,38.925724637681164,38.925724637681164,0.3431799186128134,0.14144791839975662,0.0,0.0,0.0,0.3431799186128134,2.041673993517179
6.656000000000001,0.0,0.0,0.8417897777253188,0.0,0.0,-0.14791185690716932,0.0,0.0,0.0,0.0,0.0,0.0,0.0,0.0,0.5,0.0,0.0,0.0,-0.05,0.0,0.0,0.0,38.925724637681164,38.925724637681164,38.925724637681164,38.925724637681164,0.3417897777253188,0.14791185690716932,0.0,0.0,0.0,0.3417897777253188,2.288019997649826
6.664,0.0,0.0,0.8403482612524299,0.0,0.0,-0.1543673973479626,0.0,0.0,0.0,0.0,0.0,0.0,0.0,0.0,0.5,0.0,0.0,0.0,-0.05,0.0,0.0,0.0,38.925724637681164,38.925724637681164,38.925724637681164,38.925724637681164,0.3403482612524299,0.1543673973479626,0.0,0.0,0.0,0.3403482612524299,1.9412269975873642
6.672,0.0,0.0,0.838855435946784,0.0,0.0,-0.16081455051951687,0.0,0.0,0.0,0.0,0.0,0.0,0.0,0.0,0.5,0.0,0.0,0.0,-0.05,0.0,0.0,0.0,38.925724637681164,38.925724637681164,38.925724637681164,38.925724637681164,0.338855435946784,0.16081455051951687,0.0,0.0,0.0,0.338855435946784,2.1102820028318092
6.68,0.0,0.0,0.8373113684742866,0.0,0.0,-0.16725332722805017,0.0,0.0,0.0,0.0,0.0,0.0,0.0,0.0,0.5,0.0,0.0,0.0,-0.05,0.0,0.0,0.0,38.925724637681164,38.925724637681164,38.925724637681164,38.925724637681164,0.33731136847428655,0.16725332722805017,0.0,0.0,0.0,0.33731136847428655,1.958419001311995
6.688,0.0,0.0,0.8357161254142234,0.0,0.0,-0.17368373828402012,0.0,0.0,0.0,0.0,0.0,0.0,0.0,0.0,0.5,0.0,0.0,0.0,-0.05,0.0,0.0,0.0,38.925724637681164,38.925724637681164,38.925724637681164,38.925724637681164,0.33571612541422335,0.17368373828402012,0.0,0.0,0.0,0.33571612541422335,1.8916670014732517
6.696,0.0,0.0,0.8340697732593734,0.0,0.0,-0.18010579449846567,0.0,0.0,0.0,0.0,0.0,0.0,0.0,0.0,0.5,0.0,0.0,0.0,-0.05,0.0,0.0,0.0,38.925724637681164,38.925724637681164,38.925724637681164,38.925724637681164,0.33406977325937337,0.18010579449846567,0.0,0.0,0.0,0.33406977325937337,1.9805930060101673
6.704,0.0,0.0,0.832372378416121,0.0,0.0,-0.1865195066800819,0.0,0.0,0.0,0.0,0.0,0.0,0.0,0.0,0.5,0.0,0.0,0.0,-0.05,0.0,0.0,0.0,38.925724637681164,38.925724637681164,38.925724637681164,38.925724637681164,0.332372378416121,0.1865195066800819,0.0,0.0,0.0,0.332372378416121,1.8433200020808727
6.712,0.0,0.0,0.8306240072045684,0.0,0.0,-0.19292488563288,0.0,0.0,0.0,0.0,0.0,0.0,0.0,0.0,0.5,0.0,0.0,0.0,-0.05,0.0,0.0,0.0,38.925724637681164,38.925724637681164,38.925724637681164,38.925724637681164,0.3306240072045684,0.19292488563288,0.0,0.0,0.0,0.3306240072045684,2.0254060000297613
6.72,0.0,0.0,0.8288247258586477,0.0,0.0,-0.19932194215432064,0.0,0.0,0.0,0.0,0.0,0.0,0.0,0.0,0.5,0.0,0.0,0.0,-0.05,0.0,0.0,0.0,38.925724637681164,38.925724637681164,38.925724637681164,38.925724637681164,0.32882472585864775,0.19932194215432064,0.0,0.0,0.0,0.32882472585864775,1.9173730033799075
6.728,0.0,0.0,0.8269746005262328,0.0,0.0,-0.20571068703382922,0.0,0.0,0.0,0.0,0.0,0.0,0.0,0.0,0.5,0.0,0.0,0.0,-0.05,0.0,0.0,0.0,38.925724637681164,38.925724637681164,38.925724637681164,38.925724637681164,0.32697460052623284,0.20571068703382922,0.0,0.0,0.0,0.32697460052623284,1.779070997145027
6.736,0.0,0.0,0.8250736972692512,0.0,0.0,-0.21209113105160504,0.0,0.0,0.0,0.0,0.0,0.0,0.0,0.0,0.5,0.0,0.0,0.0,-0.05,0.0,0.0,0.0,38.925724637681164,38.925724637681164,38.925724637681164,38.925724637681164,0.32507369726925117,0.21209113105160504,0.0,0.0,0.0,0.32507369726925117,1.691092002147343
6.744,0.0,0.0,0.8231220820637954,0.0,0.0,-0.21846328497767714,0.0,0.0,0.0,0.0,0.0,0.0,0.0,0.0,0.5,0.0,0.0,0.0,-0.05,0.0,0.0,0.0,38.925724637681164,38.925724637681164,38.925724637681164,38.925724637681164,0.32312208206379545,0.21846328497767714,0.0,0.0,0.0,0.32312208206379545,1.7819109998526983
6.752,0.0,0.0,0.8211198208002354,0.0,0.0,-0.22482715957114335,0.0,0.0,0.0,0.0,0.0,0.0,0.0,0.0,0.5,0.0,0.0,0.0,-0.05,0.0,0.0,0.0,38.925724637681164,38.925724637681164,38.925724637681164,38.925724637681164,0.3211198208002354,0.22482715957114335,0.0,0.0,0.0,0.3211198208002354,1.6918670007726178
6.76,0.0,0.0,0.8190669792833288,0.0,0.0,-0.2311827655795783,0.0,0.0,0.0,0.0,0.0,0.0,0.0,0.0,0.5,0.0,0.0,0.0,-0.05,0.0,0.0,0.0,38.925724637681164,38.925724637681164,38.925724637681164,38.925724637681164,0.31906697928332883,0.2311827655795783,0.0,0.0,0.0,0.31906697928332883,1.6152770040207542
6.768,0.0,0.0,0.8169636232323331,0.0,0.0,-0.2375301137385567,0.0,0.0,0.0,0.0,0.0,0.0,0.0,0.0,0.5,0.0,0.0,0.0,-0.05,0.0,0.0,0.0,38.925724637681164,38.925724637681164,38.925724637681164,38.925724637681164,0.31696362323233307,0.2375301137385567,0.0,0.0,0.0,0.31696362323233307,1.5667250045225956
6.776,0.0,0.0,0.8148098182811158,0.0,0.0,-0.24386921477127804,0.0,0.0,0.0,0.0,0.0,0.0,0.0,0.0,0.5,0.0,0.0,0.0,-0.05,0.0,0.0,0.0,38.925724637681164,38.925724637681164,38.925724637681164,38.925724637681164,0.31480981828111576,0.24386921477127804,0.0,0.0,0.0,0.31480981828111576,1.68221999774687
6.784,0.0,0.0,0.8126056299782664,0.0,0.0,-0.2502000793882576,0.0,0.0,0.0,0.0,0.0,0.0,0.0,0.0,0.5,0.0,0.0,0.0,-0.05,0.0,0.0,0.0,38.925724637681164,38.925724637681164,38.925724637681164,38.925724637681164,0.31260562997826635,0.2502000793882576,0.0,0.0,0.0,0.31260562997826635,1.5393209978356026
6.792,0.0,0.0,0.8103511237872063,0.0,0.0,-0.2565227182871072,0.0,0.0,0.0,0.0,0.0,0.0,0.0,0.0,0.5,0.0,0.0,0.0,-0.05,0.0,0.0,0.0,38.925724637681164,38.925724637681164,38.925724637681164,38.925724637681164,0.3103511237872063,0.2565227182871072,0.0,0.0,0.0,0.3103511237872063,1.410732998920139
6.8,0.0,0.0,0.8080463650863002,0.0,0.0,-0.26283714215233756,0.0,0.0,0.0,0.0,0.0,0.0,0.0,0.0,0.5,0.0,0.0,0.0,-0.05,0.0,0.0,0.0,38.925724637681164,38.925724637681164,38.925724637681164,38.925724637681164,0.30804636508630023,0.26283714215233756,0.0,0.0,0.0,0.30804636508630023,1.3155280030332506
6.808,0.0,0.0,0.805691419168966,0.0,0.0,-0.2691433616552251,0.0,0.0,0.0,0.0,0.0,0.0,0.0,0.0,0.5,0.0,0.0,0.0,-0.05,0.0,0.0,0.0,38.925724637681164,38.925724637681164,38.925724637681164,38.925724637681164,0.305691419168966,0.2691433616552251,0.0,0.0,0.0,0.305691419168966,1.2677249978878535
6.816,0.0,0.0,0.8032863512437856,0.0,0.0,-0.27544138745369184,0.0,0.0,0.0,0.0,0.0,0.0,0.0,0.0,0.5,0.0,0.0,0.0,-0.05,0.0,0.0,0.0,38.925724637681164,38.925724637681164,38.925724637681164,38.925724637681164,0.30328635124378556,0.27544138745369184,0.0,0.0,0.0,0.30328635124378556,1.190570998005569
6.824,0.0,0.0,0.8008312264346146,0.0,0.0,-0.281731230192228,0.0,0.0,0.0,0.0,0.0,0.0,0.0,0.0,0.5,0.0,0.0,0.0,-0.05,0.0,0.0,0.0,38.925724637681164,38.925724637681164,38.925724637681164,38.925724637681164,0.3008312264346146,0.281731230192228,0.0,0.0,0.0,0.3008312264346146,1.137070001277607
6.832,0.0,0.0,0.7983261097806932,0.0,0.0,-0.28801290050181716,0.0,0.0,0.0,0.0,0.0,0.0,0.0,0.0,0.5,0.0,0.0,0.0,-0.05,0.0,0.0,0.0,38.925724637681164,38.925724637681164,38.925724637681164,38.925724637681164,0.2983261097806932,0.28801290050181716,0.0,0.0,0.0,0.2983261097806932,1.2174290022812784
6.84,0.0,0.0,0.7957710662367554,0.0,0.0,-0.2942864089998978,0.0,0.0,0.0,0.0,0.0,0.0,0.0,0.0,0.5,0.0,0.0,0.0,-0.05,0.0,0.0,0.0,38.925724637681164,38.925724637681164,38.925724637681164,38.925724637681164,0.2957710662367554,0.2942864089998978,0.0,0.0,0.0,0.2957710662367554,1.0828079975908622
6.848,0.0,0.0,0.7931661606731394,0.0,0.0,-0.300551766290319,0.0,0.0,0.0,0.0,0.0,0.0,0.0,0.0,0.5,0.0,0.0,0.0,-0.05,0.0,0.0,0.0,38.925724637681164,38.925724637681164,38.925724637681164,38.925724637681164,0.2931661606731394,0.300551766290319,0.0,0.0,0.0,0.2931661606731394,1.0280789938406087
6.856,0.0,0.0,0.7905114578758965,0.0,0.0,-0.3068089829633274,0.0,0.0,0.0,0.0,0.0,0.0,0.0,0.0,0.5,0.0,0.0,0.0,-0.05,0.0,0.0,0.0,38.925724637681164,38.925724637681164,38.925724637681164,38.925724637681164,0.2905114578758965,0.3068089829633274,0.0,0.0,0.0,0.2905114578758965,0.9338980016764253
6.864,0.0,0.0,0.7878070225469014,0.0,0.0,-0.3130580695955397,0.0,0.0,0.0,0.0,0.0,0.0,0.0,0.0,0.5,0.0,0.0,0.0,-0.05,0.0,0.0,0.0,38.925724637681164,38.925724637681164,38.925724637681164,38.925724637681164,0.2878070225469014,0.3130580695955397,0.0,0.0,0.0,0.2878070225469014,0.8581210058764555
6.872,0.0,0.0,0.7850529193039609,0.0,0.0,-0.3192990367499431,0.0,0.0,0.0,0.0,0.0,0.0,0.0,0.0,0.5,0.0,0.0,0.0,-0.05,0.0,0.0,0.0,38.925724637681164,38.925724637681164,38.925724637681164,38.925724637681164,0.2850529193039609,0.3192990367499431,0.0,0.0,0.0,0.2850529193039609,0.814341998193413
6.88,0.0,0.0,0.782249212680924,0.0,0.0,-0.32553189497587876,0.0,0.0,0.0,0.0,0.0,0.0,0.0,0.0,0.5,0.0,0.0,0.0,-0.05,0.0,0.0,0.0,38.925724637681164,38.925724637681164,38.925724637681164,38.925724637681164,0.28224921268092396,0.32553189497587876,0.0,0.0,0.0,0.28224921268092396,0.7503779997932725
6.888,0.0,0.0,0.7793959671277898,0.0,0.0,-0.3317566548090568,0.0,0.0,0.0,0.0,0.0,0.0,0.0,0.0,0.5,0.0,0.0,0.0,-0.05,0.0,0.0,0.0,38.925724637681164,38.925724637681164,38.925724637681164,38.925724637681164,0.2793959671277898,0.3317566548090568,0.0,0.0,0.0,0.2793959671277898,0.7000309997238219
6.896,0.0,0.0,0.7764932470108175,0.0,0.0,-0.33797332677155406,0.0,0.0,0.0,0.0,0.0,0.0,0.0,0.0,0.5,0.0,0.0,0.0,-0.05,0.0,0.0,0.0,38.925724637681164,38.925724637681164,38.925724637681164,38.925724637681164,0.27649324701081746,0.33797332677155406,0.0,0.0,0.0,0.27649324701081746,0.6387210014509037
6.904,0.0,0.0,0.7735411166126347,0.0,0.0,-0.34418192137181225,0.0,0.0,0.0,0.0,0.0,0.0,0.0,0.0,0.5,0.0,0.0,0.0,-0.05,0.0,0.0,0.0,38.925724637681164,38.925724637681164,38.925724637681164,38.925724637681164,0.2735411166126347,0.34418192137181225,0.0,0.0,0.0,0.2735411166126347,0.5920620023971424
6.912,0.0,0.0,0.7705396401323461,0.0,0.0,-0.3503824491046645,0.0,0.0,0.0,0.0,0.0,0.0,0.0,0.0,0.5,0.0,0.0,0.0,-0.05,0.0,0.0,0.0,38.925724637681164,38.925724637681164,38.925724637681164,38.925724637681164,0.2705396401323461,0.3503824491046645,0.0,0.0,0.0,0.2705396401323461,0.5572239970206283
6.92,0.0,0.0,0.7674888816856422,0.0,0.0,-0.3565749204513286,0.0,0.0,0.0,0.0,0.0,0.0,0.0,0.0,0.5,0.0,0.0,0.0,-0.05,0.0,0.0,0.0,38.925724637681164,38.925724637681164,38.925724637681164,38.925724637681164,0.2674888816856422,0.3565749204513286,0.0,0.0,0.0,0.2674888816856422,0.513605002197437
6.928,0.0,0.0,0.7643889053049074,0.0,0.0,-0.36275934587943237,0.0,0.0,0.0,0.0,0.0,0.0,0.0,0.0,0.5,0.0,0.0,0.0,-0.05,0.0,0.0,0.0,38.925724637681164,38.925724637681164,38.925724637681164,38.925724637681164,0.26438890530490744,0.36275934587943237,0.0,0.0,0.0,0.26438890530490744,0.40599800558993593
6.936,0.0,0.0,0.7612397749393286,0.0,0.0,-0.368935735843017,0.0,0.0,0.0,0.0,0.0,0.0,0.0,0.0,0.5,0.0,0.0,0.0,-0.05,0.0,0.0,0.0,38.925724637681164,38.925724637681164,38.925724637681164,38.925724637681164,0.2612397749393286,0.368935735843017,0.0,0.0,0.0,0.2612397749393286,0.381116995413322
6.944,0.0,0.0,0.7580415544550029,0.0,0.0,-0.3751041007825565,0.0,0.0,0.0,0.0,0.0,0.0,0.0,0.0,0.5,0.0,0.0,0.0,-0.05,0.0,0.0,0.0,38.925724637681164,38.925724637681164,38.925724637681164,38.925724637681164,0.2580415544550029,0.3751041007825565,0.0,0.0,0.0,0.2580415544550029,0.357308003003709
6.952,0.0,0.0,0.7547943076350458,0.0,0.0,-0.38126445112497087,0.0,0.0,0.0,0.0,0.0,0.0,0.0,0.0,0.5,0.0,0.0,0.0,-0.05,0.0,0.0,0.0,38.925724637681164,38.925724637681164,38.925724637681164,38.925724637681164,0.25479430763504585,0.38126445112497087,0.0,0.0,0.0,0.25479430763504585,0.36234399885870516
6.96,0.0,0.0,0.7514980981796991,0.0,0.0,-0.38741679728364414,0.0,0.0,0.0,0.0,0.0,0.0,0.0,0.0,0.5,0.0,0.0,0.0,-0.05,0.0,0.0,0.0,38.925724637681164,38.925724637681164,38.925724637681164,38.925724637681164,0.25149809817969915,0.38741679728364414,0.0,0.0,0.0,0.25149809817969915,0.32607199682388455
6.968,0.0,0.0,0.7481529897064384,0.0,0.0,-0.39356114965843403,0.0,0.0,0.0,0.0,0.0,0.0,0.0,0.0,0.5,0.0,0.0,0.0,-0.05,0.0,0.0,0.0,38.925724637681164,38.925724637681164,38.925724637681164,38.925724637681164,0.2481529897064384,0.39356114965843403,0.0,0.0,0.0,0.2481529897064384,0.2861739994841628
6.976,0.0,0.0,0.7447590457500806,0.0,0.0,-0.3996975186356931,0.0,0.0,0.0,0.0,0.0,0.0,0.0,0.0,0.5,0.0,0.0,0.0,-0.05,0.0,0.0,0.0,38.925724637681164,38.925724637681164,38.925724637681164,38.925724637681164,0.24475904575008056,0.3996975186356931,0.0,0.0,0.0,0.24475904575008056,0.47571799950674176
6.984,0.0,0.0,0.7413163297628914,0.0,0.0,-0.40582591458828315,0.0,0.0,0.0,0.0,0.0,0.0,0.0,0.0,0.5,0.0,0.0,0.0,-0.05,0.0,0.0,0.0,38.925724637681164,38.925724637681164,38.925724637681164,38.925724637681164,0.2413163297628914,0.40582591458828315,0.0,0.0,0.0,0.2413163297628914,0.2784530006465502
6.992,0.0,0.0,0.7378249051146928,0.0,0.0,-0.41194634787559214,0.0,0.0,0.0,0.0,0.0,0.0,0.0,0.0,0.5,0.0,0.0,0.0,-0.0411196797856348,0.0,0.0,0.0,40.53447829970384,40.53447829970384,40.53447829970384,40.53447829970384,0.2378249051146928,0.41194634787559214,0.0,0.0,0.0,0.2378249051146928,0.27774599584518
7.0,0.0,0.0,0.7342919431502192,0.0,0.0,-0.41788112741231404,0.0,0.0,0.0,0.0,0.0,0.0,0.0,0.0,0.5,0.0,0.0,0.0,-0.028923050620977553,0.0,0.0,0.0,42.744012568663486,42.744012568663486,42.744012568663486,42.744012568663486,0.23429194315021917,0.41788112741231404,0.0,0.0,0.0,0.23429194315021917,0.2768830017885193
7.008,0.0,0.0,0.7307246495870963,0.0,0.0,-0.4234872410079239,0.0,0.0,0.0,0.0,0.0,0.0,0.0,0.0,0.5,0.0,0.0,0.0,-0.0169751267453776,0.0,0.0,0.0,44.908491531634496,44.908491531634496,44.908491531634496,44.908491531634496,0.23072464958709626,0.4234872410079239,0.0,0.0,0.0,0.23072464958709626,0.38008000410627574
7.016,0.0,0.0,0.72713026447118,0.0,0.0,-0.42864942070424544,0.0,0.0,0.0,0.0,0.0,0.0,0.0,0.0,0.5,0.0,0.0,0.0,-0.005400686691761525,0.0,0.0,0.0,47.00531038192726,47.00531038192726,47.00531038192726,47.00531038192726,0.22713026447118,0.42864942070424544,0.0,0.0,0.0,0.22713026447118,0.2618429934955202
7.024,0.0,0.0,0.7235160621319534,0.0,0.0,-0.43327459504406135,0.0,0.0,0.0,0.0,0.0,0.0,0.0,0.0,0.5,0.0,0.0,0.0,0.005699398039944736,0.0,0.0,0.0,49.016195297091436,49.016195297091436,49.016195297091436,49.016195297091436,0.2235160621319534,0.43327459504406135,0.0,0.0,0.0,0.2235160621319534,0.23639900609850883
7.032,0.0,0.0,0.7198893511379818,0.0,0.0,-0.4372874508845392,0.0,0.0,0.0,0.0,0.0,0.0,0.0,0.0,0.5,0.0,0.0,0.0,0.016238465303905603,0.0,0.0,0.0,50.92544661302638,50.92544661302638,50.92544661302638,50.92544661302638,0.2198893511379818,0.4372874508845392,0.0,0.0,0.0,0.2198893511379818,0.23841099755372852
7.04,0.0,0.0,0.7162574742524259,0.0,0.0,-0.44062688284652846,0.0,0.0,0.0,0.0,0.0,0.0,0.0,0.0,0.5,0.0,0.0,0.0,0.026145597026884404,0.0,0.0,0.0,52.72021685269645,52.72021685269645,52.72021685269645,52.72021685269645,0.21625747425242592,0.44062688284652846,0.0,0.0,0.0,0.21625747425242592,0.22141099907457829
7.048,0.0,0.0,0.7126278083886124,0.0,0.0,-0.44324315287256083,0.0,0.0,0.0,0.0,0.0,0.0,0.0,0.0,0.5,0.0,0.0,0.0,0.03535889815478316,0.0,0.0,0.0,54.38929314398246,54.38929314398246,54.38929314398246,54.38929314398246,0.2126278083886124,0.44324315287256083,0.0,0.0,0.0,0.2126278083886124,0.22343000455293804
7.056,0.0,0.0,0.7090077645656624,0.0,0.0,-0.4450956178717987,0.0,0.0,0.0,0.0,0.0,0.0,0.0,0.0,0.5,0.0,0.0,0.0,0.04382670720449994,0.0,0.0,0.0,55.92331652255434,55.92331652255434,55.92331652255434,55.92331652255434,0.2090077645656624,0.4450956178717987,0.0,0.0,0.0,0.2090077645656624,0.27410600159782916
7.064,0.0,0.0,0.7054047878641776,0.0,0.0,-0.4461509118345588,0.0,0.0,0.0,0.0,0.0,0.0,0.0,0.0,0.5,0.0,0.0,0.0,0.05,0.0,0.0,0.0,57.041666666666664,57.041666666666664,57.041666666666664,57.041666666666664,0.2054047878641776,0.4461509118345588,0.0,0.0,0.0,0.2054047878641776,0.22277599782682955
7.072,0.0,0.0,0.7018263573819838,0.0,0.0,-0.4463814915224908,0.0,0.0,0.0,0.0,0.0,0.0,0.0,0.0,0.5,0.0,0.0,0.0,0.05,0.0,0.0,0.0,57.041666666666664,57.041666666666664,57.041666666666664,57.041666666666664,0.20182635738198385,0.4463814915224908,0.0,0.0,0.0,0.20182635738198385,0.21982799808029085
7.08,0.0,0.0,0.6982799861899327,0.0,0.0,-0.44576447301927125,0.0,0.0,0.0,0.0,0.0,0.0,0.0,0.0,0.5,0.0,0.0,0.0,0.05,0.0,0.0,0.0,57.041666666666664,57.041666666666664,57.041666666666664,57.041666666666664,0.1982799861899327,0.44576447301927125,0.0,0.0,0.0,0.1982799861899327,0.27458999829832464
7.088,0.0,0.0,0.6947732212877595,0.0,0.0,-0.4442807009697461,0.0,0.0,0.0,0.0,0.0,0.0,0.0,0.0,0.5,0.0,0.0,0.0,0.05,0.0,0.0,0.0,57.041666666666664,57.041666666666664,57.041666666666664,57.041666666666664,0.19477322128775953,0.4442807009697461,0.0,0.0,0.0,0.19477322128775953,0.2556410036049783
7.096,0.0,0.0,0.6913136435599999,0.0,0.0,-0.44191400396978736,0.0,0.0,0.0,0.0,0.0,0.0,0.0,0.0,0.5,0.0,0.0,0.0,0.05,0.0,0.0,0.0,57.041666666666664,57.041666666666664,57.041666666666664,57.041666666666664,0.1913136435599999,0.44191400396978736,0.0,0.0,0.0,0.1913136435599999,0.2279899999848567
7.104,0.0,0.0,0.6879088677319627,0.0,0.0,-0.4386505988767604,0.0,0.0,0.0,0.0,0.0,0.0,0.0,0.0,0.5,0.0,0.0,0.0,0.05,0.0,0.0,0.0,57.041666666666664,57.041666666666664,57.041666666666664,57.041666666666664,0.1879088677319627,0.4386505988767604,0.0,0.0,0.0,0.1879088677319627,0.22648800222668797
7.112,0.0,0.0,0.6845665423257605,0.0,0.0,-0.43447861425646234,0.0,0.0,0.0,0.0,0.0,0.0,0.0,0.0,0.5,0.0,0.0,0.0,0.05,0.0,0.0,0.0,57.041666666666664,57.041666666666664,57.041666666666664,57.041666666666664,0.18456654232576053,0.43447861425646234,0.0,0.0,0.0,0.18456654232576053,0.22622200049227104
7.12,0.0,0.0,0.6812943496163975,0.0,0.0,-0.42938770913924673,0.0,0.0,0.0,0.0,0.0,0.0,0.0,0.0,0.5,0.0,0.0,0.0,0.05,0.0,0.0,0.0,57.041666666666664,57.041666666666664,57.041666666666664,57.041666666666664,0.18129434961639745,0.42938770913924673,0.0,0.0,0.0,0.18129434961639745,0.271494995104149
7.128,0.0,0.0,0.6781000055879134,0.0,0.0,-0.42336876802349893,0.0,0.0,0.0,0.0,0.0,0.0,0.0,0.0,0.5,0.0,0.0,0.0,0.05,0.0,0.0,0.0,57.041666666666664,57.041666666666664,57.041666666666664,57.041666666666664,0.1781000055879134,0.42336876802349893,0.0,0.0,0.0,0.1781000055879134,0.33561499731149524
7.136,0.0,0.0,0.6749912598895861,0.0,0.0,-0.41641365687698184,0.0,0.0,0.0,0.0,0.0,0.0,0.0,0.0,0.5,0.0,0.0,0.0,0.05,0.0,0.0,0.0,57.041666666666664,57.041666666666664,57.041666666666664,57.041666666666664,0.17499125988958608,0.41641365687698184,0.0,0.0,0.0,0.17499125988958608,0.20419000065885484
7.144,0.0,0.0,0.6719758957921893,0.0,0.0,-0.4085150279365049,0.0,0.0,0.0,0.0,0.0,0.0,0.0,0.0,0.5,0.0,0.0,0.0,0.05,0.0,0.0,0.0,57.041666666666664,57.041666666666664,57.041666666666664,57.041666666666664,0.1719758957921893,0.4085150279365049,0.0,0.0,0.0,0.1719758957921893,0.2874979982152581
7.152,0.0,0.0,0.6690617301443085,0.0,0.0,-0.3996661635462246,0.0,0.0,0.0,0.0,0.0,0.0,0.0,0.0,0.5,0.0,0.0,0.0,0.05,0.0,0.0,0.0,57.041666666666664,57.041666666666664,57.041666666666664,57.041666666666664,0.16906173014430848,0.3996661635462246,0.0,0.0,0.0,0.16906173014430848,0.22802199964644387
7.16,0.0,0.0,0.6662566133287126,0.0,0.0,-0.38986085122687764,0.0,0.0,0.0,0.0,0.0,0.0,0.0,0.0,0.5,0.0,0.0,0.0,0.05,0.0,0.0,0.0,57.041666666666664,57.041666666666664,57.041666666666664,57.041666666666664,0.16625661332871255,0.38986085122687764,0.0,0.0,0.0,0.16625661332871255,0.24776799546089023
7.168,0.0,0.0,0.6635684292187831,0.0,0.0,-0.379093283729738,0.0,0.0,0.0,0.0,0.0,0.0,0.0,0.0,0.5,0.0,0.0,0.0,0.05,0.0,0.0,0.0,57.041666666666664,57.041666666666664,57.041666666666664,57.041666666666664,0.16356842921878312,0.379093283729738,0.0,0.0,0.0,0.16356842921878312,0.29324099887162447
7.176,0.0,0.0,0.6610050951349996,0.0,0.0,-0.3673579790783781,0.0,0.0,0.0,0.0,0.0,0.0,0.0,0.0,0.5,0.0,0.0,0.0,0.05,0.0,0.0,0.0,57.041666666666664,57.041666666666664,57.041666666666664,57.041666666666664,0.1610050951349996,0.3673579790783781,0.0,0.0,0.0,0.1610050951349996,0.3363470023032278
7.184,0.0,0.0,0.6585745618014812,0.0,0.0,-0.35464971660066225,0.0,0.0,0.0,0.0,0.0,0.0,0.0,0.0,0.5,0.0,0.0,0.0,0.05,0.0,0.0,0.0,57.041666666666664,57.041666666666664,57.041666666666664,57.041666666666664,0.15857456180148122,0.35464971660066225,0.0,0.0,0.0,0.15857456180148122,0.20837000192841515
7.192,0.0,0.0,0.6562848133025856,0.0,0.0,-0.34096348575292046,0.0,0.0,0.0,0.0,0.0,0.0,0.0,0.0,0.5,0.0,0.0,0.0,0.04209300687616907,0.0,0.0,0.0,55.60924037611759,55.60924037611759,55.60924037611759,55.60924037611759,0.1562848133025856,0.34096348575292046,0.0,0.0,0.0,0.1562848133025856,0.31861400202615187
7.2,0.0,0.0,0.6541438670395635,0.0,0.0,-0.32629444517788836,0.0,0.0,0.0,0.0,0.0,0.0,0.0,0.0,0.5,0.0,0.0,0.0,0.03206162214453573,0.0,0.0,0.0,53.791960533430384,53.791960533430384,53.791960533430384,53.791960533430384,0.1541438670395635,0.32629444517788836,0.0,0.0,0.0,0.1541438670395635,0.25296500098193064
7.208,0.0,0.0,0.6521597736872699,0.0,0.0,-0.31063788994965214,0.0,0.0,0.0,0.0,0.0,0.0,0.0,0.0,0.5,0.0,0.0,0.0,0.02079758158782452,0.0,0.0,0.0,51.75137347605517,51.75137347605517,51.75137347605517,51.75137347605517,0.15215977368726985,0.31063788994965214,0.0,0.0,0.0,0.15215977368726985,0.3362909992574714
7.216,0.0,0.0,0.6503406171509313,0.0,0.0,-0.293989225368186,0.0,0.0,0.0,0.0,0.0,0.0,0.0,0.0,0.5,0.0,0.0,0.0,0.008280883463680777,0.0,0.0,0.0,49.48385569994217,49.48385569994217,49.48385569994217,49.48385569994217,0.15034061715093128,0.293989225368186,0.0,0.0,0.0,0.15034061715093128,0.29403500229818746
7.224,0.0,0.0,0.6486945145229697,0.0,0.0,-0.276343945993589,0.0,0.0,0.0,0.0,0.0,0.0,0.0,0.0,0.5,0.0,0.0,0.0,-0.005506532614282855,0.0,0.0,0.0,46.98613539596325,46.98613539596325,46.98613539596325,46.98613539596325,0.14869451452296967,0.276343945993589,0.0,0.0,0.0,0.14869451452296967,0.2414839982520789
7.232,0.0,0.0,0.6472296160398816,0.0,0.0,-0.2576976188720727,0.0,0.0,0.0,0.0,0.0,0.0,0.0,0.0,0.5,0.0,0.0,0.0,-0.020584593843589516,0.0,0.0,0.0,44.254602564567115,44.254602564567115,44.254602564567115,44.254602564567115,0.1472296160398816,0.2576976188720727,0.0,0.0,0.0,0.1472296160398816,0.2746129976003431
7.24,0.0,0.0,0.6459373111753419,0.0,0.0,-0.23846571671115024,0.0,0.0,0.0,0.0,0.0,0.0,0.0,0.0,0.5,0.0,0.0,0.0,-0.036541932965601875,0.0,0.0,0.0,41.363780259854735,41.363780259854735,41.363780259854735,41.363780259854735,0.14593731117534192,0.23846571671115024,0.0,0.0,0.0,0.14593731117534192,0.2056520024780184
7.248,0.0,0.0,0.6448090442814057,0.0,0.0,-0.21897924571732497,0.0,0.0,0.0,0.0,0.0,0.0,0.0,0.0,0.5,0.0,0.0,0.0,-0.05,0.0,0.0,0.0,38.925724637681164,38.925724637681164,38.925724637681164,38.925724637681164,0.14480904428140573,0.21897924571732497,0.0,0.0,0.0,0.14480904428140573,0.22345400066114962
7.256,0.0,0.0,0.6438363145172048,0.0,0.0,-0.1995016406788832,0.0,0.0,0.0,0.0,0.0,0.0,0.0,0.0,0.5,0.0,0.0,0.0,-0.05,0.0,0.0,0.0,38.925724637681164,38.925724637681164,38.925724637681164,38.925724637681164,0.1438363145172048,0.1995016406788832,0.0,0.0,0.0,0.1438363145172048,0.2351279981667176
7.264,0.0,0.0,0.6430106757777361,0.0,0.0,-0.1802422810298247,0.0,0.0,0.0,0.0,0.0,0.0,0.0,0.0,0.5,0.0,0.0,0.0,-0.05,0.0,0.0,0.0,38.925724637681164,38.925724637681164,38.925724637681164,38.925724637681164,0.14301067577773607,0.1802422810298247,0.0,0.0,0.0,0.14301067577773607,0.3261559977545403
7.272,0.0,0.0,0.6423237366227432,0.0,0.0,-0.16136730369868096,0.0,0.0,0.0,0.0,0.0,0.0,0.0,0.0,0.5,0.0,0.0,0.0,-0.05,0.0,0.0,0.0,38.925724637681164,38.925724637681164,38.925724637681164,38.925724637681164,0.14232373662274322,0.16136730369868096,0.0,0.0,0.0,0.14232373662274322,0.38665300235152245
7.28,0.0,0.0,0.6417671602056905,0.0,0.0,-0.14300825338526368,0.0,0.0,0.0,0.0,0.0,0.0,0.0,0.0,0.5,0.0,0.0,0.0,-0.05,0.0,0.0,0.0,38.925724637681164,38.925724637681164,38.925724637681164,38.925724637681164,0.14176716020569047,0.14300825338526368,0.0,0.0,0.0,0.14176716020569047,0.3821680002147332
7.288,0.0,0.0,0.6413326642028284,0.0,0.0,-0.12526900277976222,0.0,0.0,0.0,0.0,0.0,0.0,0.0,0.0,0.5,0.0,0.0,0.0,-0.05,0.0,0.0,0.0,38.925724637681164,38.925724637681164,38.925724637681164,38.925724637681164,0.14133266420282842,0.12526900277976222,0.0,0.0,0.0,0.14133266420282842,0.4680199999711476
7.296,0.0,0.0,0.6410120207423522,0.0,0.0,-0.10823128873571533,0.0,0.0,0.0,0.0,0.0,0.0,0.0,0.0,0.5,0.0,0.0,0.0,-0.05,0.0,0.0,0.0,38.925724637681164,38.925724637681164,38.925724637681164,38.925724637681164,0.1410120207423522,0.10823128873571533,0.0,0.0,0.0,0.1410120207423522,0.5848500004503876
7.304,0.0,0.0,0.6407970563336519,0.0,0.0,-0.09195914120607927,0.0,0.0,0.0,0.0,0.0,0.0,0.0,0.0,0.5,0.0,0.0,0.0,-0.05,0.0,0.0,0.0,38.925724637681164,38.925724637681164,38.925724637681164,38.925724637681164,0.14079705633365192,0.09195914120607927,0.0,0.0,0.0,0.14079705633365192,0.6406949978554621
7.312,0.0,0.0,0.6406796517966545,0.0,0.0,-0.07650242638979789,0.0,0.0,0.0,0.0,0.0,0.0,0.0,0.0,0.5,0.0,0.0,0.0,-0.05,0.0,0.0,0.0,38.925724637681164,38.925724637681164,38.925724637681164,38.925724637681164,0.14067965179665454,0.07650242638979789,0.0,0.0,0.0,0.14067965179665454,0.7745350012555718
7.32,0.0,0.0,0.6406517421912582,0.0,0.0,-0.06189968124674673,0.0,0.0,0.0,0.0,0.0,0.0,0.0,0.0,0.5,0.0,0.0,0.0,-0.05,0.0,0.0,0.0,38.925724637681164,38.925724637681164,38.925724637681164,38.925724637681164,0.1406517421912582,0.06189968124674673,0.0,0.0,0.0,0.1406517421912582,0.844005000544712
7.328,0.0,0.0,0.6407053167468575,0.0,0.0,-0.048180381107415154,0.0,0.0,0.0,0.0,0.0,0.0,0.0,0.0,0.5,0.0,0.0,0.0,-0.05,0.0,0.0,0.0,38.925724637681164,38.925724637681164,38.925724637681164,38.925724637681164,0.1407053167468575,0.048180381107415154,0.0,0.0,0.0,0.1407053167468575,0.9511369935353287
7.336,0.0,0.0,0.6408324187919608,0.0,0.0,-0.03536675375834824,0.0,0.0,0.0,0.0,0.0,0.0,0.0,0.0,0.5,0.0,0.0,0.0,-0.05,0.0,0.0,0.0,38.925724637681164,38.925724637681164,38.925724637681164,38.925724637681164,0.14083241879196085,0.03536675375834824,0.0,0.0,0.0,0.14083241879196085,1.104041002690792
7.344,0.0,0.0,0.6410251456838992,0.0,0.0,-0.023475230708218886,0.0,0.0,0.0,0.0,0.0,0.0,0.0,0.0,0.5,0.0,0.0,0.0,-0.05,0.0,0.0,0.0,38.925724637681164,38.925724637681164,38.925724637681164,38.925724637681164,0.14102514568389923,0.023475230708218886,0.0,0.0,0.0,0.14102514568389923,1.129634001699742
7.352,0.0,0.0,0.6412756487386261,0.0,0.0,-0.012517608198403937,0.0,0.0,0.0,0.0,0.0,0.0,0.0,0.0,0.5,0.0,0.0,0.0,-0.05,0.0,0.0,0.0,38.925724637681164,38.925724637681164,38.925724637681164,38.925724637681164,0.14127564873862608,0.012517608198403937,0.0,0.0,0.0,0.14127564873862608,1.2480020013754256
7.36,0.0,0.0,0.6415761331606086,0.0,0.0,-0.0025019760091608,0.0,0.0,0.0,0.0,0.0,0.0,0.0,0.0,0.5,0.0,0.0,0.0,-0.05,0.0,0.0,0.0,38.925724637681164,38.925724637681164,38.925724637681164,38.925724637681164,0.14157613316060857,0.0025019760091608,0.0,0.0,0.0,0.14157613316060857,1.3220520049799234
7.368,0.0,0.0,0.6419188579728098,0.0,0.0,0.0065665394977016435,0.0,0.0,0.0,0.0,0.0,0.0,0.0,0.0,0.5,0.0,0.0,0.0,-0.05,0.0,0.0,0.0,38.925724637681164,38.925724637681164,38.925724637681164,38.925724637681164,0.1419188579728098,0.0065665394977016435,0.0,0.0,0.0,0.1419188579728098,1.3136150009813718
7.376,0.0,0.0,0.6422961359467622,0.0,0.0,0.014685180946970619,0.0,0.0,0.0,0.0,0.0,0.0,0.0,0.0,0.5,0.0,0.0,0.0,-0.05,0.0,0.0,0.0,38.925724637681164,38.925724637681164,38.925724637681164,38.925724637681164,0.14229613594676216,0.014685180946970619,0.0,0.0,0.0,0.14229613594676216,1.2862910007243045
7.384,0.0,0.0,0.6427003335327314,0.0,0.0,0.021853084406806805,0.0,0.0,0.0,0.0,0.0,0.0,0.0,0.0,0.5,0.0,0.0,0.0,-0.05,0.0,0.0,0.0,38.925724637681164,38.925724637681164,38.925724637681164,38.925724637681164,0.14270033353273137,0.021853084406806805,0.0,0.0,0.0,0.14270033353273137,1.3402350014075637
7.392,0.0,0.0,0.6431238707899716,0.0,0.0,0.028070898956450513,0.0,0.0,0.0,0.0,0.0,0.0,0.0,0.0,0.5,0.0,0.0,0.0,-0.05,0.0,0.0,0.0,38.925724637681164,38.925724637681164,38.925724637681164,38.925724637681164,0.14312387078997157,0.028070898956450513,0.0,0.0,0.0,0.14312387078997157,1.3695029992959462
7.4,0.0,0.0,0.6435592213170704,0.0,0.0,0.033340482342632045,0.0,0.0,0.0,0.0,0.0,0.0,0.0,0.0,0.5,0.0,0.0,0.0,-0.05,0.0,0.0,0.0,38.925724637681164,38.925724637681164,38.925724637681164,38.925724637681164,0.14355922131707044,0.033340482342632045,0.0,0.0,0.0,0.14355922131707044,1.2888869969174266
7.408,0.0,0.0,0.6439989121823855,0.0,0.0,0.03766465750698149,0.0,0.0,0.0,0.0,0.0,0.0,0.0,0.0,0.5,0.0,0.0,0.0,-0.05,0.0,0.0,0.0,38.925724637681164,38.925724637681164,38.925724637681164,38.925724637681164,0.14399891218238547,0.03766465750698149,0.0,0.0,0.0,0.14399891218238547,1.325284996710252
7.416,0.0,0.0,0.6444355238545704,0.0,0.0,0.041047017810207545,0.0,0.0,0.0,0.0,0.0,0.0,0.0,0.0,0.5,0.0,0.0,0.0,-0.05,0.0,0.0,0.0,38.925724637681164,38.925724637681164,38.925724637681164,38.925724637681164,0.14443552385457037,0.041047017810207545,0.0,0.0,0.0,0.14443552385457037,1.373279003018979
7.424,0.0,0.0,0.6448616901331915,0.0,0.0,0.043491771213694325,0.0,0.0,0.0,0.0,0.0,0.0,0.0,0.0,0.5,0.0,0.0,0.0,-0.05,0.0,0.0,0.0,38.925724637681164,38.925724637681164,38.925724637681164,38.925724637681164,0.1448616901331915,0.043491771213694325,0.0,0.0,0.0,0.1448616901331915,1.268309002625756
7.432,0.0,0.0,0.6452700980794347,0.0,0.0,0.045003615627035316,0.0,0.0,0.0,0.0,0.0,0.0,0.0,0.0,0.5,0.0,0.0,0.0,-0.05,0.0,0.0,0.0,38.925724637681164,38.925724637681164,38.925724637681164,38.925724637681164,0.1452700980794347,0.045003615627035316,0.0,0.0,0.0,0.1452700980794347,1.1297819946776144
7.44,0.0,0.0,0.6456534879469024,0.0,0.0,0.04558763918831987,0.0,0.0,0.0,0.0,0.0,0.0,0.0,0.0,0.5,0.0,0.0,0.0,-0.05,0.0,0.0,0.0,38.925724637681164,38.925724637681164,38.925724637681164,38.925724637681164,0.14565348794690236,0.04558763918831987,0.0,0.0,0.0,0.14565348794690236,0.9719939989736304
7.448,0.0,0.0,0.6460046531124998,0.0,0.0,0.045249240490591175,0.0,0.0,0.0,0.0,0.0,0.0,0.0,0.0,0.5,0.0,0.0,0.0,-0.05,0.0,0.0,0.0,38.925724637681164,38.925724637681164,38.925724637681164,38.925724637681164,0.14600465311249977,0.045249240490591175,0.0,0.0,0.0,0.14600465311249977,0.5945240045548417
7.456,0.0,0.0,0.6463164400074122,0.0,0.0,0.043994064765282996,0.0,0.0,0.0,0.0,0.0,0.0,0.0,0.0,0.5,0.0,0.0,0.0,-0.05,0.0,0.0,0.0,38.925724637681164,38.925724637681164,38.925724637681164,38.925724637681164,0.14631644000741217,0.043994064765282996,0.0,0.0,0.0,0.14631644000741217,0.7174009951995686
7.464,0.0,0.0,0.6465817480481704,0.0,0.0,0.04182795283118125,0.0,0.0,0.0,0.0,0.0,0.0,0.0,0.0,0.5,0.0,0.0,0.0,-0.05,0.0,0.0,0.0,38.925724637681164,38.925724637681164,38.925724637681164,38.925724637681164,0.14658174804817037,0.04182795283118125,0.0,0.0,0.0,0.14658174804817037,1.0568270008661784
7.472,0.0,0.0,0.646793529567807,0.0,0.0,0.03875690025586083,0.0,0.0,0.0,0.0,0.0,0.0,0.0,0.0,0.5,0.0,0.0,0.0,-0.05,0.0,0.0,0.0,38.925724637681164,38.925724637681164,38.925724637681164,38.925724637681164,0.146793529567807,0.03875690025586083,0.0,0.0,0.0,0.146793529567807,1.20562100346433
7.48,0.0,0.0,0.6469518541136845,0.0,0.0,0.0349636338516261,0.0,0.0,0.0,0.0,0.0,0.0,0.0,0.0,0.5,0.0,0.0,0.0,-0.05,0.0,0.0,0.0,38.925724637681164,38.925724637681164,38.925724637681164,38.925724637681164,0.1469518541136845,0.0349636338516261,0.0,0.0,0.0,0.1469518541136845,1.2477670024964027
7.488,0.0,0.0,0.647056791142802,0.0,0.0,0.03059433280923871,0.0,0.0,0.0,0.0,0.0,0.0,0.0,0.0,0.5,0.0,0.0,0.0,-0.05,0.0,0.0,0.0,38.925724637681164,38.925724637681164,38.925724637681164,38.925724637681164,0.147056791142802,0.03059433280923871,0.0,0.0,0.0,0.147056791142802,1.321196999924723
7.496,0.0,0.0,0.6471084100219127,0.0,0.0,0.025765938225157187,0.0,0.0,0.0,0.0,0.0,0.0,0.0,0.0,0.5,0.0,0.0,0.0,-0.05,0.0,0.0,0.0,38.925724637681164,38.925724637681164,38.925724637681164,38.925724637681164,0.14710841002191266,0.025765938225157187,0.0,0.0,0.0,0.14710841002191266,1.3146829951438121
7.5040000000000004,0.0,0.0,0.647106780027641,0.0,0.0,0.020572000723334052,0.0,0.0,0.0,0.0,0.0,0.0,0.0,0.0,0.5,0.0,0.0,0.0,-0.05,0.0,0.0,0.0,38.925724637681164,38.925724637681164,38.925724637681164,38.925724637681164,0.147106780027641,0.020572000723334052,0.0,0.0,0.0,0.147106780027641,1.2762699989252724
7.5120000000000005,0.0,0.0,0.6470519703465999,0.0,0.0,0.015087358552639709,0.0,0.0,0.0,0.0,0.0,0.0,0.0,0.0,0.5,0.0,0.0,0.0,-0.05,0.0,0.0,0.0,38.925724637681164,38.925724637681164,38.925724637681164,38.925724637681164,0.1470519703465999,0.015087358552639709,0.0,0.0,0.0,0.1470519703465999,1.306932004808914
7.5200000000000005,0.0,0.0,0.6469440500755076,0.0,0.0,0.009371880064804298,0.0,0.0,0.0,0.0,0.0,0.0,0.0,0.0,0.5,0.0,0.0,0.0,-0.05,0.0,0.0,0.0,38.925724637681164,38.925724637681164,38.925724637681164,38.925724637681164,0.1469440500755076,0.009371880064804298,0.0,0.0,0.0,0.1469440500755076,1.3568249996751547
7.5280000000000005,0.0,0.0,0.6467830882213046,0.0,0.0,0.003473457696768414,0.0,0.0,0.0,0.0,0.0,0.0,0.0,0.0,0.5,0.0,0.0,0.0,-0.05,0.0,0.0,0.0,38.925724637681164,38.925724637681164,38.925724637681164,38.925724637681164,0.1467830882213046,0.003473457696768414,0.0,0.0,0.0,0.1467830882213046,1.251923997187987
7.5360000000000005,0.0,0.0,0.6465691537012702,0.0,0.0,-0.002569596843444655,0.0,0.0,0.0,0.0,0.0,0.0,0.0,0.0,0.5,0.0,0.0,0.0,-0.05,0.0,0.0,0.0,38.925724637681164,38.925724637681164,38.925724637681164,38.925724637681164,0.14656915370127022,0.002569596843444655,0.0,0.0,0.0,0.14656915370127022,1.2587589953909628
7.5440000000000005,0.0,0.0,0.646302315343139,0.0,0.0,-0.008726636428036678,0.0,0.0,0.0,0.0,0.0,0.0,0.0,0.0,0.5,0.0,0.0,0.0,-0.05,0.0,0.0,0.0,38.925724637681164,38.925724637681164,38.925724637681164,38.925724637681164,0.14630231534313898,0.008726636428036678,0.0,0.0,0.0,0.14630231534313898,1.2248459970578551
7.5520000000000005,0.0,0.0,0.6459826418852173,0.0,0.0,-0.014973145590472359,0.0,0.0,0.0,0.0,0.0,0.0,0.0,0.0,0.5,0.0,0.0,0.0,-0.05,0.0,0.0,0.0,38.925724637681164,38.925724637681164,38.925724637681164,38.925724637681164,0.14598264188521726,0.014973145590472359,0.0,0.0,0.0,0.14598264188521726,1.1267060035606846
7.5600000000000005,0.0,0.0,0.6456102019764992,0.0,0.0,-0.021289514190329067,0.0,0.0,0.0,0.0,0.0,0.0,0.0,0.0,0.5,0.0,0.0,0.0,-0.05,0.0,0.0,0.0,38.925724637681164,38.925724637681164,38.925724637681164,38.925724637681164,0.1456102019764992,0.021289514190329067,0.0,0.0,0.0,0.1456102019764992,1.062837996869348
7.5680000000000005,0.0,0.0,0.6451850641767829,0.0,0.0,-0.027660056345171075,0.0,0.0,0.0,0.0,0.0,0.0,0.0,0.0,0.5,0.0,0.0,0.0,-0.05,0.0,0.0,0.0,38.925724637681164,38.925724637681164,38.925724637681164,38.925724637681164,0.1451850641767829,0.027660056345171075,0.0,0.0,0.0,0.1451850641767829,1.0737729971879162
7.5760000000000005,0.0,0.0,0.6447072969567861,0.0,0.0,-0.034072225576057255,0.0,0.0,0.0,0.0,0.0,0.0,0.0,0.0,0.5,0.0,0.0,0.0,-0.05,0.0,0.0,0.0,38.925724637681164,38.925724637681164,38.925724637681164,38.925724637681164,0.14470729695678608,0.034072225576057255,0.0,0.0,0.0,0.14470729695678608,1.0823289994732477
7.5840000000000005,0.0,0.0,0.6441769686982622,0.0,0.0,-0.04051598692394174,0.0,0.0,0.0,0.0,0.0,0.0,0.0,0.0,0.5,0.0,0.0,0.0,-0.05,0.0,0.0,0.0,38.925724637681164,38.925724637681164,38.925724637681164,38.925724637681164,0.14417696869826224,0.04051598692394174,0.0,0.0,0.0,0.14417696869826224,0.9991039987653494
7.5920000000000005,0.0,0.0,0.6435941476941159,0.0,0.0,-0.04698331464281102,0.0,0.0,0.0,0.0,0.0,0.0,0.0,0.0,0.5,0.0,0.0,0.0,-0.05,0.0,0.0,0.0,38.925724637681164,38.925724637681164,38.925724637681164,38.925724637681164,0.14359414769411594,0.04698331464281102,0.0,0.0,0.0,0.14359414769411594,0.8862440008670092
7.6000000000000005,0.0,0.0,0.6429589021485183,0.0,0.0,-0.05346779035419092,0.0,0.0,0.0,0.0,0.0,0.0,0.0,0.0,0.5,0.0,0.0,0.0,-0.05,0.0,0.0,0.0,38.925724637681164,38.925724637681164,38.925724637681164,38.925724637681164,0.14295890214851825,0.05346779035419092,0.0,0.0,0.0,0.14295890214851825,0.8383239983231761
7.6080000000000005,0.0,0.0,0.6422713001770222,0.0,0.0,-0.059964281570754924,0.0,0.0,0.0,0.0,0.0,0.0,0.0,0.0,0.5,0.0,0.0,0.0,-0.05,0.0,0.0,0.0,38.925724637681164,38.925724637681164,38.925724637681164,38.925724637681164,0.14227130017702216,0.059964281570754924,0.0,0.0,0.0,0.14227130017702216,0.8278060049633496
7.6160000000000005,0.0,0.0,0.6415314098066777,0.0,0.0,-0.06646868451521638,0.0,0.0,0.0,0.0,0.0,0.0,0.0,0.0,0.5,0.0,0.0,0.0,-0.05,0.0,0.0,0.0,38.925724637681164,38.925724637681164,38.925724637681164,38.925724637681164,0.14153140980667767,0.06646868451521638,0.0,0.0,0.0,0.14153140980667767,0.7984240000951104
7.6240000000000006,0.0,0.0,0.6407392989761468,0.0,0.0,-0.07297771837544506,0.0,0.0,0.0,0.0,0.0,0.0,0.0,0.0,0.5,0.0,0.0,0.0,-0.05,0.0,0.0,0.0,38.925724637681164,38.925724637681164,38.925724637681164,38.925724637681164,0.1407392989761468,0.07297771837544506,0.0,0.0,0.0,0.1407392989761468,0.7725339964963496
7.632000000000001,0.0,0.0,0.6398950355358183,0.0,0.0,-0.07948876070856872,0.0,0.0,0.0,0.0,0.0,0.0,0.0,0.0,0.5,0.0,0.0,0.0,-0.05,0.0,0.0,0.0,38.925724637681164,38.925724637681164,38.925724637681164,38.925724637681164,0.13989503553581828,0.07948876070856872,0.0,0.0,0.0,0.13989503553581828,0.7385689968941733
7.640000000000001,0.0,0.0,0.6389986872479226,0.0,0.0,-0.08599971576424605,0.0,0.0,0.0,0.0,0.0,0.0,0.0,0.0,0.5,0.0,0.0,0.0,-0.05,0.0,0.0,0.0,38.925724637681164,38.925724637681164,38.925724637681164,38.925724637681164,0.13899868724792264,0.08599971576424605,0.0,0.0,0.0,0.13899868724792264,0.6864039969514124
7.648000000000001,0.0,0.0,0.6380503217866463,0.0,0.0,-0.09250890914330437,0.0,0.0,0.0,0.0,0.0,0.0,0.0,0.0,0.5,0.0,0.0,0.0,-0.05,0.0,0.0,0.0,38.925724637681164,38.925724637681164,38.925724637681164,38.925724637681164,0.13805032178664634,0.09250890914330437,0.0,0.0,0.0,0.13805032178664634,0.9388899998157285
7.656000000000001,0.0,0.0,0.6370500067382463,0.0,0.0,-0.09901500352464437,0.0,0.0,0.0,0.0,0.0,0.0,0.0,0.0,0.5,0.0,0.0,0.0,-0.05,0.0,0.0,0.0,38.925724637681164,38.925724637681164,38.925724637681164,38.925724637681164,0.1370500067382463,0.09901500352464437,0.0,0.0,0.0,0.1370500067382463,0.5632059983327053
7.664000000000001,0.0,0.0,0.6359978096011643,0.0,0.0,-0.10551693124676662,0.0,0.0,0.0,0.0,0.0,0.0,0.0,0.0,0.5,0.0,0.0,0.0,-0.05,0.0,0.0,0.0,38.925724637681164,38.925724637681164,38.925724637681164,38.925724637681164,0.13599780960116425,0.10551693124676662,0.0,0.0,0.0,0.13599780960116425,0.47886399988783523
7.672000000000001,0.0,0.0,0.6348937977861407,0.0,0.0,-0.112013840373001,0.0,0.0,0.0,0.0,0.0,0.0,0.0,0.0,0.5,0.0,0.0,0.0,-0.05,0.0,0.0,0.0,38.925724637681164,38.925724637681164,38.925724637681164,38.925724637681164,0.13489379778614075,0.112013840373001,0.0,0.0,0.0,0.13489379778614075,0.45753900485578924
7.68,0.0,0.0,0.633738038616329,0.0,0.0,-0.11850505154369645,0.0,0.0,0.0,0.0,0.0,0.0,0.0,0.0,0.5,0.0,0.0,0.0,-0.05,0.0,0.0,0.0,38.925724637681164,38.925724637681164,38.925724637681164,38.925724637681164,0.13373803861632905,0.11850505154369645,0.0,0.0,0.0,0.13373803861632905,0.458278002042789
7.688,0.0,0.0,0.632530599327409,0.0,0.0,-0.12499002345795932,0.0,0.0,0.0,0.0,0.0,0.0,0.0,0.0,0.5,0.0,0.0,0.0,-0.05,0.0,0.0,0.0,38.925724637681164,38.925724637681164,38.925724637681164,38.925724637681164,0.13253059932740896,0.12499002345795932,0.0,0.0,0.0,0.13253059932740896,0.37110899575054646
7.696,0.0,0.0,0.6312715470677007,0.0,0.0,-0.13146832525907337,0.0,0.0,0.0,0.0,0.0,0.0,0.0,0.0,0.5,0.0,0.0,0.0,-0.05,0.0,0.0,0.0,38.925724637681164,38.925724637681164,38.925724637681164,38.925724637681164,0.13127154706770072,0.13146832525907337,0.0,0.0,0.0,0.13127154706770072,0.3874769972753711
7.704,0.0,0.0,0.6299609488982781,0.0,0.0,-0.13793961444282327,0.0,0.0,0.0,0.0,0.0,0.0,0.0,0.0,0.5,0.0,0.0,0.0,-0.05,0.0,0.0,0.0,38.925724637681164,38.925724637681164,38.925724637681164,38.925724637681164,0.12996094889827814,0.13793961444282327,0.0,0.0,0.0,0.12996094889827814,0.3668790013762191
7.712,0.0,0.0,0.6285988717930822,0.0,0.0,-0.1444036191841581,0.0,0.0,0.0,0.0,0.0,0.0,0.0,0.0,0.5,0.0,0.0,0.0,-0.05,0.0,0.0,0.0,38.925724637681164,38.925724637681164,38.925724637681164,38.925724637681164,0.12859887179308216,0.1444036191841581,0.0,0.0,0.0,0.12859887179308216,0.3162850043736398
7.72,0.0,0.0,0.6271853826390341,0.0,0.0,-0.15086012419852748,0.0,0.0,0.0,0.0,0.0,0.0,0.0,0.0,0.5,0.0,0.0,0.0,-0.05,0.0,0.0,0.0,38.925724637681164,38.925724637681164,38.925724637681164,38.925724637681164,0.12718538263903412,0.15086012419852748,0.0,0.0,0.0,0.12718538263903412,0.36493699735729024
7.728,0.0,0.0,0.6257205482361486,0.0,0.0,-0.1573089594309588,0.0,0.0,0.0,0.0,0.0,0.0,0.0,0.0,0.5,0.0,0.0,0.0,-0.05,0.0,0.0,0.0,38.925724637681164,38.925724637681164,38.925724637681164,38.925724637681164,0.12572054823614864,0.1573089594309588,0.0,0.0,0.0,0.12572054823614864,0.2730449996306561
7.736,0.0,0.0,0.6242044352976467,0.0,0.0,-0.16374999100731594,0.0,0.0,0.0,0.0,0.0,0.0,0.0,0.0,0.5,0.0,0.0,0.0,-0.05,0.0,0.0,0.0,38.925724637681164,38.925724637681164,38.925724637681164,38.925724637681164,0.12420443529764669,0.16374999100731594,0.0,0.0,0.0,0.12420443529764669,0.23086799774318933
7.744,0.0,0.0,0.6226371104500683,0.0,0.0,-0.17018311399531216,0.0,0.0,0.0,0.0,0.0,0.0,0.0,0.0,0.5,0.0,0.0,0.0,-0.05,0.0,0.0,0.0,38.925724637681164,38.925724637681164,38.925724637681164,38.925724637681164,0.12263711045006831,0.17018311399531216,0.0,0.0,0.0,0.12263711045006831,0.3788089961744845
7.752,0.0,0.0,0.6210186402333853,0.0,0.0,-0.1766082466133258,0.0,0.0,0.0,0.0,0.0,0.0,0.0,0.0,0.5,0.0,0.0,0.0,-0.04942997150704509,0.0,0.0,0.0,39.028990669013574,39.028990669013574,39.028990669013574,39.028990669013574,0.12101864023338527,0.1766082466133258,0.0,0.0,0.0,0.12101864023338527,0.22209899907466024
7.76,0.0,0.0,0.6193521441662435,0.0,0.0,-0.18294899896920447,0.0,0.0,0.0,0.0,0.0,0.0,0.0,0.0,0.5,0.0,0.0,0.0,-0.040293372347533774,0.0,0.0,0.0,40.68417167617142,40.68417167617142,40.68417167617142,40.68417167617142,0.11935214416624351,0.18294899896920447,0.0,0.0,0.0,0.11935214416624351,0.18184999498771504
7.768,0.0,0.0,0.6176448115052047,0.0,0.0,-0.18904251570133457,0.0,0.0,0.0,0.0,0.0,0.0,0.0,0.0,0.5,0.0,0.0,0.0,-0.03131977494996524,0.0,0.0,0.0,42.30982337862949,42.30982337862949,42.30982337862949,42.30982337862949,0.11764481150520467,0.18904251570133457,0.0,0.0,0.0,0.11764481150520467,0.2359549980610609
7.776,0.0,0.0,0.6159038658564484,0.0,0.0,-0.19475765377997425,0.0,0.0,0.0,0.0,0.0,0.0,0.0,0.0,0.5,0.0,0.0,0.0,-0.022644983203235436,0.0,0.0,0.0,43.88134362260228,43.88134362260228,43.88134362260228,43.88134362260228,0.11590386585644841,0.19475765377997425,0.0,0.0,0.0,0.11590386585644841,0.22228099987842143
7.784,0.0,0.0,0.614136565131142,0.0,0.0,-0.19998864115663934,0.0,0.0,0.0,0.0,0.0,0.0,0.0,0.0,0.5,0.0,0.0,0.0,-0.014383573671412575,0.0,0.0,0.0,45.37797578416439,45.37797578416439,45.37797578416439,45.37797578416439,0.11413656513114201,0.19998864115663934,0.0,0.0,0.0,0.11413656513114201,0.20755900186486542
7.792,0.0,0.0,0.6123502015008674,0.0,0.0,-0.20465000368217703,0.0,0.0,0.0,0.0,0.0,0.0,0.0,0.0,0.5,0.0,0.0,0.0,-0.00663138405609931,0.0,0.0,0.0,46.78235796085158,46.78235796085158,46.78235796085158,46.78235796085158,0.11235020150086739,0.20465000368217703,0.0,0.0,0.0,0.11235020150086739,0.14160099817672744
7.8,0.0,0.0,0.6105521013531064,0.0,0.0,-0.20867250663976508,0.0,0.0,0.0,0.0,0.0,0.0,0.0,0.0,0.5,0.0,0.0,0.0,0.0005336399601806874,0.0,0.0,0.0,48.080369558003746,48.080369558003746,48.080369558003746,48.080369558003746,0.11055210135310645,0.20867250663976508,0.0,0.0,0.0,0.11055210135310645,0.1823819984565489
7.808,0.0,0.0,0.6087496252467841,0.0,0.0,-0.21199990796987048,0.0,0.0,0.0,0.0,0.0,0.0,0.0,0.0,0.5,0.0,0.0,0.0,0.007044118525153964,0.0,0.0,0.0,49.25980408064383,49.25980408064383,49.25980408064383,49.25980408064383,0.10874962524678411,0.21199990796987048,0.0,0.0,0.0,0.10874962524678411,0.15503399481531233
7.816,0.0,0.0,0.6069501678678693,0.0,0.0,-0.21458636084876756,0.0,0.0,0.0,0.0,0.0,0.0,0.0,0.0,0.5,0.0,0.0,0.0,0.012840225665288696,0.0,0.0,0.0,50.30982349008853,50.30982349008853,50.30982349008853,50.30982349008853,0.10695016786786926,0.21458636084876756,0.0,0.0,0.0,0.10695016786786926,0.1365569987683557
7.824,0.0,0.0,0.6051611579850329,0.0,0.0,-0.21639433574992323,0.0,0.0,0.0,0.0,0.0,0.0,0.0,0.0,0.5,0.0,0.0,0.0,0.01787492291262871,0.0,0.0,0.0,51.22190632475158,51.22190632475158,51.22190632475158,51.22190632475158,0.1051611579850329,0.21639433574992323,0.0,0.0,0.0,0.1051611579850329,0.136009999550879
7.832,0.0,0.0,0.6033900584053645,0.0,0.0,-0.21739295809164774,0.0,0.0,0.0,0.0,0.0,0.0,0.0,0.0,0.5,0.0,0.0,0.0,0.022104945638411477,0.0,0.0,0.0,51.9882147895673,51.9882147895673,51.9882147895673,51.9882147895673,0.10339005840536453,0.21739295809164774,0.0,0.0,0.0,0.10339005840536453,0.1661300047999248
7.84,0.0,0.0,0.6016443659301459,0.0,0.0,-0.21755667835378337,0.0,0.0,0.0,0.0,0.0,0.0,0.0,0.0,0.5,0.0,0.0,0.0,0.02548941821616124,0.0,0.0,0.0,52.60134387973935,52.60134387973935,52.60134387973935,52.60134387973935,0.10164436593014592,0.21755667835378337,0.0,0.0,0.0,0.10164436593014592,0.13405299978330731
7.848,0.0,0.0,0.5999316113106821,0.0,0.0,-0.21686420816962299,0.0,0.0,0.0,0.0,0.0,0.0,0.0,0.0,0.5,0.0,0.0,0.0,0.02799673354486476,0.0,0.0,0.0,53.055567671171154,53.055567671171154,53.055567671171154,53.055567671171154,0.09993161131068207,0.21686420816962299,0.0,0.0,0.0,0.09993161131068207,0.13944700185675174
7.856,0.0,0.0,0.5982593592041896,0.0,0.0,-0.21529766919801005,0.0,0.0,0.0,0.0,0.0,0.0,0.0,0.0,0.5,0.0,0.0,0.0,0.029595205500691946,0.0,0.0,0.0,53.3451459240384,53.3451459240384,53.3451459240384,53.3451459240384,0.0982593592041896,0.21529766919801005,0.0,0.0,0.0,0.0982593592041896,0.14171300426824018
7.864,0.0,0.0,0.5966352081297428,0.0,0.0,-0.21284191221957802,0.0,0.0,0.0,0.0,0.0,0.0,0.0,0.0,0.5,0.0,0.0,0.0,0.030255915637513175,0.0,0.0,0.0,53.464839789404564,53.464839789404564,53.464839789404564,53.464839789404564,0.0966352081297428,0.21284191221957802,0.0,0.0,0.0,0.0966352081297428,0.14094899961492047
7.872,0.0,0.0,0.5950667904242766,0.0,0.0,-0.20948397241231814,0.0,0.0,0.0,0.0,0.0,0.0,0.0,0.0,0.5,0.0,0.0,0.0,0.029951059634775512,0.0,0.0,0.0,53.40961225267672,53.40961225267672,53.40961225267672,53.40961225267672,0.09506679042427657,0.20948397241231814,0.0,0.0,0.0,0.09506679042427657,0.12534500274341553
7.88,0.0,0.0,0.5935617721986467,0.0,0.0,-0.20521263357060132,0.0,0.0,0.0,0.0,0.0,0.0,0.0,0.0,0.5,0.0,0.0,0.0,0.02865902137339449,0.0,0.0,0.0,53.17554735025263,53.17554735025263,53.17554735025263,53.17554735025263,0.0935617721986467,0.20521263357060132,0.0,0.0,0.0,0.0935617721986467,0.1730579970171675
7.888,0.0,0.0,0.5921278532937472,0.0,0.0,-0.2000180794789691,0.0,0.0,0.0,0.0,0.0,0.0,0.0,0.0,0.5,0.0,0.0,0.0,0.02635470462014522,0.0,0.0,0.0,52.75809866306979,52.75809866306979,52.75809866306979,52.75809866306979,0.09212785329374718,0.2000180794789691,0.0,0.0,0.0,0.09212785329374718,0.133308996737469
7.896,0.0,0.0,0.5907727672366845,0.0,0.0,-0.19389161500974259,0.0,0.0,0.0,0.0,0.0,0.0,0.0,0.0,0.5,0.0,0.0,0.0,0.023015509786263655,0.0,0.0,0.0,52.15317206272893,52.15317206272893,52.15317206272893,52.15317206272893,0.09077276723668448,0.19389161500974259,0.0,0.0,0.0,0.09077276723668448,0.1419929976691492
7.904,0.0,0.0,0.5895042811970089,0.0,0.0,-0.1868254429996829,0.0,0.0,0.0,0.0,0.0,0.0,0.0,0.0,0.5,0.0,0.0,0.0,0.018619634759309833,0.0,0.0,0.0,51.35681789117932,51.35681789117932,51.35681789117932,51.35681789117932,0.08950428119700893,0.1868254429996829,0.0,0.0,0.0,0.08950428119700893,0.1320589944953099
7.912,0.0,0.0,0.5883301959430028,0.0,0.0,-0.17881248574989844,0.0,0.0,0.0,0.0,0.0,0.0,0.0,0.0,0.5,0.0,0.0,0.0,0.013145901707936836,0.0,0.0,0.0,50.36519958477117,50.36519958477117,50.36519958477117,50.36519958477117,0.08833019594300284,0.17881248574989844,0.0,0.0,0.0,0.08833019594300284,0.24797500373097137
7.92,0.0,0.0,0.5872583457980254,0.0,0.0,-0.16984624222435524,0.0,0.0,0.0,0.0,0.0,0.0,0.0,0.0,0.5,0.0,0.0,0.0,0.006573620918457479,0.0,0.0,0.0,49.174569006966934,49.174569006966934,49.174569006966934,49.174569006966934,0.08725834579802538,0.16984624222435524,0.0,0.0,0.0,0.08725834579802538,0.16144599794643
7.928,0.0,0.0,0.5862965985969144,0.0,0.0,-0.15992067380725852,0.0,0.0,0.0,0.0,0.0,0.0,0.0,0.0,0.5,0.0,0.0,0.0,-0.0011175181182941918,0.0,0.0,0.0,47.78124671770033,47.78124671770033,47.78124671770033,47.78124671770033,0.08629659859691441,0.15992067380725852,0.0,0.0,0.0,0.08629659859691441,0.2066000015474856
7.936,0.0,0.0,0.5854528556424445,0.0,0.0,-0.1490301129075536,0.0,0.0,0.0,0.0,0.0,0.0,0.0,0.0,0.5,0.0,0.0,0.0,-0.009947533822776133,0.0,0.0,0.0,46.181606191526065,46.181606191526065,46.181606191526065,46.181606191526065,0.08545285564244454,0.1490301129075536,0.0,0.0,0.0,0.08545285564244454,0.20444000256247818
7.944,0.0,0.0,0.5847350516618423,0.0,0.0,-0.13716918984109994,0.0,0.0,0.0,0.0,0.0,0.0,0.0,0.0,0.5,0.0,0.0,0.0,-0.019936222204780196,0.0,0.0,0.0,44.3720611947862,44.3720611947862,44.3720611947862,44.3720611947862,0.08473505166184225,0.13716918984109994,0.0,0.0,0.0,0.08473505166184225,0.15451600484084338
7.952,0.0,0.0,0.584137056228777,0.0,0.0,-0.12468523769951165,0.0,0.0,0.0,0.0,0.0,0.0,0.0,0.0,0.5,0.0,0.0,0.0,-0.0307408622613361,0.0,0.0,0.0,42.41469886569998,42.41469886569998,42.41469886569998,42.41469886569998,0.08413705622877699,0.12468523769951165,0.0,0.0,0.0,0.08413705622877699,0.2327010006411001
7.96,0.0,0.0,0.5836506578333158,0.0,0.0,-0.11190815004613838,0.0,0.0,0.0,0.0,0.0,0.0,0.0,0.0,0.5,0.0,0.0,0.0,-0.04203153093972378,0.0,0.0,0.0,40.36928787323845,40.36928787323845,40.36928787323845,40.36928787323845,0.08365065783331582,0.11190815004613838,0.0,0.0,0.0,0.08365065783331582,0.19868699746439233
7.968,0.0,0.0,0.5832676993254616,0.0,0.0,-0.0991004827332655,0.0,0.0,0.0,0.0,0.0,0.0,0.0,0.0,0.5,0.0,0.0,0.0,-0.05,0.0,0.0,0.0,38.925724637681164,38.925724637681164,38.925724637681164,38.925724637681164,0.08326769932546163,0.0991004827332655,0.0,0.0,0.0,0.08326769932546163,0.1628479949431494
7.976,0.0,0.0,0.5829800778445228,0.0,0.0,-0.0864709232100839,0.0,0.0,0.0,0.0,0.0,0.0,0.0,0.0,0.5,0.0,0.0,0.0,-0.05,0.0,0.0,0.0,38.925724637681164,38.925724637681164,38.925724637681164,38.925724637681164,0.08298007784452277,0.0864709232100839,0.0,0.0,0.0,0.08298007784452277,0.25943299988284707
7.984,0.0,0.0,0.5827797447485746,0.0,0.0,-0.0741850659667705,0.0,0.0,0.0,0.0,0.0,0.0,0.0,0.0,0.5,0.0,0.0,0.0,-0.05,0.0,0.0,0.0,38.925724637681164,38.925724637681164,38.925724637681164,38.925724637681164,0.08277974474857464,0.0741850659667705,0.0,0.0,0.0,0.08277974474857464,0.27987999783363193
7.992,0.0,0.0,0.5826587055440131,0.0,0.0,-0.0623740328874545,0.0,0.0,0.0,0.0,0.0,0.0,0.0,0.0,0.5,0.0,0.0,0.0,-0.05,0.0,0.0,0.0,38.925724637681164,38.925724637681164,38.925724637681164,38.925724637681164,0.08265870554401311,0.0623740328874545,0.0,0.0,0.0,0.08265870554401311,0.2995470058522187
8.0,0.0,0.0,0.582609019815199,0.0,0.0,-0.05114136953031714,0.0,0.0,0.0,0.0,0.0,0.0,0.0,0.0,0.5,0.0,0.0,0.0,-0.05,0.0,0.0,0.0,38.925724637681164,38.925724637681164,38.925724637681164,38.925724637681164,0.08260901981519897,0.05114136953031714,0.0,0.0,0.0,0.08260901981519897,0.3181950014550239
8.008000000000001,0.0,0.0,0.5826228011541941,0.0,0.0,-0.04056856214937625,0.0,0.0,0.0,0.0,0.0,0.0,0.0,0.0,0.5,0.0,0.0,0.0,-0.05,0.0,0.0,0.0,38.925724637681164,38.925724637681164,38.925724637681164,38.925724637681164,0.08262280115419407,0.04056856214937625,0.0,0.0,0.0,0.08262280115419407,0.45566300104837865
8.016,0.0,0.0,0.5826922170905889,0.0,0.0,-0.03071945130962912,0.0,0.0,0.0,0.0,0.0,0.0,0.0,0.0,0.5,0.0,0.0,0.0,-0.05,0.0,0.0,0.0,38.925724637681164,38.925724637681164,38.925724637681164,38.925724637681164,0.08269221709058894,0.03071945130962912,0.0,0.0,0.0,0.08269221709058894,0.5160909931873903
8.024000000000001,0.0,0.0,0.5828094890214213,0.0,0.0,-0.02164376277689537,0.0,0.0,0.0,0.0,0.0,0.0,0.0,0.0,0.5,0.0,0.0,0.0,-0.05,0.0,0.0,0.0,38.925724637681164,38.925724637681164,38.925724637681164,38.925724637681164,0.08280948902142127,0.02164376277689537,0.0,0.0,0.0,0.08280948902142127,0.43518500024219975
8.032,0.0,0.0,0.5829668921411857,0.0,0.0,-0.013379932227405338,0.0,0.0,0.0,0.0,0.0,0.0,0.0,0.0,0.5,0.0,0.0,0.0,-0.05,0.0,0.0,0.0,38.925724637681164,38.925724637681164,38.925724637681164,38.925724637681164,0.08296689214118569,0.013379932227405338,0.0,0.0,0.0,0.08296689214118569,0.5232900002738461
8.040000000000001,0.0,0.0,0.5831567553719343,0.0,0.0,-0.0059573650132084335,0.0,0.0,0.0,0.0,0.0,0.0,0.0,0.0,0.5,0.0,0.0,0.0,-0.05,0.0,0.0,0.0,38.925724637681164,38.925724637681164,38.925724637681164,38.925724637681164,0.08315675537193434,0.0059573650132084335,0.0,0.0,0.0,0.08315675537193434,0.5508009999175556
8.048,0.0,0.0,0.5833714612934682,0.0,0.0,0.0006017560277796182,0.0,0.0,0.0,0.0,0.0,0.0,0.0,0.0,0.5,0.0,0.0,0.0,-0.05,0.0,0.0,0.0,38.925724637681164,38.925724637681164,38.925724637681164,38.925724637681164,0.08337146129346817,0.0006017560277796182,0.0,0.0,0.0,0.08337146129346817,0.5747969989897683
8.056000000000001,0.0,0.0,0.5836034460736192,0.0,0.0,0.006281024325999878,0.0,0.0,0.0,0.0,0.0,0.0,0.0,0.0,0.5,0.0,0.0,0.0,-0.05,0.0,0.0,0.0,38.925724637681164,38.925724637681164,38.925724637681164,38.925724637681164,0.08360344607361925,0.006281024325999878,0.0,0.0,0.0,0.08360344607361925,0.5468540039146319
8.064,0.0,0.0,0.5838451993986233,0.0,0.0,0.011068652585902828,0.0,0.0,0.0,0.0,0.0,0.0,0.0,0.0,0.5,0.0,0.0,0.0,-0.05,0.0,0.0,0.0,38.925724637681164,38.925724637681164,38.925724637681164,38.925724637681164,0.08384519939862334,0.011068652585902828,0.0,0.0,0.0,0.08384519939862334,0.5826490014442243
8.072000000000001,0.0,0.0,0.5840892644035832,0.0,0.0,0.014956547192718616,0.0,0.0,0.0,0.0,0.0,0.0,0.0,0.0,0.5,0.0,0.0,0.0,-0.05,0.0,0.0,0.0,38.925724637681164,38.925724637681164,38.925724637681164,38.925724637681164,0.08408926440358322,0.014956547192718616,0.0,0.0,0.0,0.08408926440358322,0.6064539993531071
8.08,0.0,0.0,0.5843282376030221,0.0,0.0,0.01793956774014769,0.0,0.0,0.0,0.0,0.0,0.0,0.0,0.0,0.5,0.0,0.0,0.0,-0.05,0.0,0.0,0.0,38.925724637681164,38.925724637681164,38.925724637681164,38.925724637681164,0.0843282376030221,0.01793956774014769,0.0,0.0,0.0,0.0843282376030221,0.5968179975752719
8.088000000000001,0.0,0.0,0.5845547688215276,0.0,0.0,0.020014934654754166,0.0,0.0,0.0,0.0,0.0,0.0,0.0,0.0,0.5,0.0,0.0,0.0,-0.05,0.0,0.0,0.0,38.925724637681164,38.925724637681164,38.925724637681164,38.925724637681164,0.08455476882152757,0.020014934654754166,0.0,0.0,0.0,0.08455476882152757,0.5289980035740882
8.096,0.0,0.0,0.5847615611244852,0.0,0.0,0.021181755297744267,0.0,0.0,0.0,0.0,0.0,0.0,0.0,0.0,0.5,0.0,0.0,0.0,-0.05,0.0,0.0,0.0,38.925724637681164,38.925724637681164,38.925724637681164,38.925724637681164,0.08476156112448519,0.021181755297744267,0.0,0.0,0.0,0.08476156112448519,0.47974399785744026
8.104000000000001,0.0,0.0,0.5849413707489025,0.0,0.0,0.021440644848628072,0.0,0.0,0.0,0.0,0.0,0.0,0.0,0.0,0.5,0.0,0.0,0.0,-0.05,0.0,0.0,0.0,38.925724637681164,38.925724637681164,38.925724637681164,38.925724637681164,0.08494137074890251,0.021440644848628072,0.0,0.0,0.0,0.08494137074890251,0.3785799999604933
8.112,0.0,0.0,0.585087007034323,0.0,0.0,0.020793423014415988,0.0,0.0,0.0,0.0,0.0,0.0,0.0,0.0,0.5,0.0,0.0,0.0,-0.05,0.0,0.0,0.0,38.925724637681164,38.925724637681164,38.925724637681164,38.925724637681164,0.08508700703432304,0.020793423014415988,0.0,0.0,0.0,0.08508700703432304,0.3120659966953099
8.120000000000001,0.0,0.0,0.5851913323538294,0.0,0.0,0.01924287139919066,0.0,0.0,0.0,0.0,0.0,0.0,0.0,0.0,0.5,0.0,0.0,0.0,-0.05,0.0,0.0,0.0,38.925724637681164,38.925724637681164,38.925724637681164,38.925724637681164,0.08519133235382936,0.01924287139919066,0.0,0.0,0.0,0.08519133235382936,0.4765699995914474
8.128,0.0,0.0,0.5852472620451367,0.0,0.0,0.016792539402035164,0.0,0.0,0.0,0.0,0.0,0.0,0.0,0.0,0.5,0.0,0.0,0.0,-0.05,0.0,0.0,0.0,38.925724637681164,38.925724637681164,38.925724637681164,38.925724637681164,0.08524726204513666,0.016792539402035164,0.0,0.0,0.0,0.08524726204513666,0.5416300045908429
8.136000000000001,0.0,0.0,0.5852499372619948,0.0,0.0,0.013500911943081877,0.0,0.0,0.0,0.0,0.0,0.0,0.0,0.0,0.5,0.0,0.0,0.0,-0.05,0.0,0.0,0.0,38.925724637681164,38.925724637681164,38.925724637681164,38.925724637681164,0.08524993726199481,0.013500911943081877,0.0,0.0,0.0,0.08524993726199481,0.5339759954949841
8.144,0.0,0.0,0.5851994271982943,0.0,0.0,0.009537977961953041,0.0,0.0,0.0,0.0,0.0,0.0,0.0,0.0,0.5,0.0,0.0,0.0,-0.05,0.0,0.0,0.0,38.925724637681164,38.925724637681164,38.925724637681164,38.925724637681164,0.08519942719829432,0.009537977961953041,0.0,0.0,0.0,0.08519942719829432,0.552384000911843
8.152000000000001,0.0,0.0,0.5850958009580215,0.0,0.0,0.005039726362742099,0.0,0.0,0.0,0.0,0.0,0.0,0.0,0.0,0.5,0.0,0.0,0.0,-0.05,0.0,0.0,0.0,38.925724637681164,38.925724637681164,38.925724637681164,38.925724637681164,0.0850958009580215,0.005039726362742099,0.0,0.0,0.0,0.0850958009580215,0.5969240010017529
8.16,0.0,0.0,0.5849391275553754,0.0,0.0,0.00011494602403987978,0.0,0.0,0.0,0.0,0.0,0.0,0.0,0.0,0.5,0.0,0.0,0.0,-0.05,0.0,0.0,0.0,38.925724637681164,38.925724637681164,38.925724637681164,38.925724637681164,0.08493912755537536,0.00011494602403987978,0.0,0.0,0.0,0.08493912755537536,0.5735129961976781
8.168000000000001,0.0,0.0,0.5847294759148843,0.0,0.0,-0.005149334193043172,0.0,0.0,0.0,0.0,0.0,0.0,0.0,0.0,0.5,0.0,0.0,0.0,-0.05,0.0,0.0,0.0,38.925724637681164,38.925724637681164,38.925724637681164,38.925724637681164,0.08472947591488433,0.005149334193043172,0.0,0.0,0.0,0.08472947591488433,0.5234739946899936
8.176,0.0,0.0,0.5844669148715228,0.0,0.0,-0.010683493438473537,0.0,0.0,0.0,0.0,0.0,0.0,0.0,0.0,0.5,0.0,0.0,0.0,-0.05,0.0,0.0,0.0,38.925724637681164,38.925724637681164,38.925724637681164,38.925724637681164,0.0844669148715228,0.010683493438473537,0.0,0.0,0.0,0.0844669148715228,0.5890559987165034
8.184000000000001,0.0,0.0,0.5841515131708275,0.0,0.0,-0.016431837268161147,0.0,0.0,0.0,0.0,0.0,0.0,0.0,0.0,0.5,0.0,0.0,0.0,-0.05,0.0,0.0,0.0,38.925724637681164,38.925724637681164,38.925724637681164,38.925724637681164,0.08415151317082747,0.016431837268161147,0.0,0.0,0.0,0.08415151317082747,0.5532869981834665
8.192,0.0,0.0,0.5837833394690134,0.0,0.0,-0.022349812359881892,0.0,0.0,0.0,0.0,0.0,0.0,0.0,0.0,0.5,0.0,0.0,0.0,-0.05,0.0,0.0,0.0,38.925724637681164,38.925724637681164,38.925724637681164,38.925724637681164,0.0837833394690134,0.022349812359881892,0.0,0.0,0.0,0.0837833394690134,0.4369750022306107
8.2,0.0,0.0,0.5833624623330902,0.0,0.0,-0.028401778285986754,0.0,0.0,0.0,0.0,0.0,0.0,0.0,0.0,0.5,0.0,0.0,0.0,-0.05,0.0,0.0,0.0,38.925724637681164,38.925724637681164,38.925724637681164,38.925724637681164,0.08336246233309019,0.028401778285986754,0.0,0.0,0.0,0.08336246233309019,0.40206999983638525
8.208,0.0,0.0,0.582888950240978,0.0,0.0,-0.03455922493159348,0.0,0.0,0.0,0.0,0.0,0.0,0.0,0.0,0.5,0.0,0.0,0.0,-0.05,0.0,0.0,0.0,38.925724637681164,38.925724637681164,38.925724637681164,38.925724637681164,0.08288895024097798,0.03455922493159348,0.0,0.0,0.0,0.08288895024097798,0.37008799699833617
8.216,0.0,0.0,0.5823628715816229,0.0,0.0,-0.04079934642915264,0.0,0.0,0.0,0.0,0.0,0.0,0.0,0.0,0.5,0.0,0.0,0.0,-0.05,0.0,0.0,0.0,38.925724637681164,38.925724637681164,38.925724637681164,38.925724637681164,0.08236287158162292,0.04079934642915264,0.0,0.0,0.0,0.08236287158162292,0.3492739997454919
8.224,0.0,0.0,0.581784294655113,0.0,0.0,-0.04710390030606715,0.0,0.0,0.0,0.0,0.0,0.0,0.0,0.0,0.5,0.0,0.0,0.0,-0.05,0.0,0.0,0.0,38.925724637681164,38.925724637681164,38.925724637681164,38.925724637681164,0.08178429465511305,0.04710390030606715,0.0,0.0,0.0,0.08178429465511305,0.2965730018331669
8.232,0.0,0.0,0.5811532876727937,0.0,0.0,-0.05345829480283862,0.0,0.0,0.0,0.0,0.0,0.0,0.0,0.0,0.5,0.0,0.0,0.0,-0.05,0.0,0.0,0.0,38.925724637681164,38.925724637681164,38.925724637681164,38.925724637681164,0.08115328767279373,0.05345829480283862,0.0,0.0,0.0,0.08115328767279373,0.26652200176613405
8.24,0.0,0.0,0.5804699187573827,0.0,0.0,-0.05985085872754366,0.0,0.0,0.0,0.0,0.0,0.0,0.0,0.0,0.5,0.0,0.0,0.0,-0.05,0.0,0.0,0.0,38.925724637681164,38.925724637681164,38.925724637681164,38.925724637681164,0.08046991875738274,0.05985085872754366,0.0,0.0,0.0,0.08046991875738274,0.24139000015566126
8.248,0.0,0.0,0.5797342559430857,0.0,0.0,-0.06627225733946307,0.0,0.0,0.0,0.0,0.0,0.0,0.0,0.0,0.5,0.0,0.0,0.0,-0.05,0.0,0.0,0.0,38.925724637681164,38.925724637681164,38.925724637681164,38.925724637681164,0.0797342559430857,0.06627225733946307,0.0,0.0,0.0,0.0797342559430857,0.20784699881915003
8.256,0.0,0.0,0.5789463671757107,0.0,0.0,-0.07271502505594353,0.0,0.0,0.0,0.0,0.0,0.0,0.0,0.0,0.5,0.0,0.0,0.0,-0.05,0.0,0.0,0.0,38.925724637681164,38.925724637681164,38.925724637681164,38.925724637681164,0.07894636717571069,0.07271502505594353,0.0,0.0,0.0,0.07894636717571069,0.19543700182111934
8.264,0.0,0.0,0.5781063203127836,0.0,0.0,-0.0791731916179333,0.0,0.0,0.0,0.0,0.0,0.0,0.0,0.0,0.5,0.0,0.0,0.0,-0.05,0.0,0.0,0.0,38.925724637681164,38.925724637681164,38.925724637681164,38.925724637681164,0.07810632031278364,0.0791731916179333,0.0,0.0,0.0,0.07810632031278364,0.19615200289990753
8.272,0.0,0.0,0.5772141831236626,0.0,0.0,-0.08564198302237083,0.0,0.0,0.0,0.0,0.0,0.0,0.0,0.0,0.5,0.0,0.0,0.0,-0.05,0.0,0.0,0.0,38.925724637681164,38.925724637681164,38.925724637681164,38.925724637681164,0.07721418312366257,0.08564198302237083,0.0,0.0,0.0,0.07721418312366257,0.15186599921435118
8.28,0.0,0.0,0.5762700232896524,0.0,0.0,-0.09211758226815411,0.0,0.0,0.0,0.0,0.0,0.0,0.0,0.0,0.5,0.0,0.0,0.0,-0.047265414740135236,0.0,0.0,0.0,39.42112051809144,39.42112051809144,39.42112051809144,39.42112051809144,0.07627002328965238,0.09211758226815411,0.0,0.0,0.0,0.07627002328965238,0.1366200012853369
8.288,0.0,0.0,0.5752810164613688,0.0,0.0,-0.09841923652161111,0.0,0.0,0.0,0.0,0.0,0.0,0.0,0.0,0.5,0.0,0.0,0.0,-0.039423097600427504,0.0,0.0,0.0,40.84183014485009,40.84183014485009,40.84183014485009,40.84183014485009,0.07528101646136875,0.09841923652161111,0.0,0.0,0.0,0.07528101646136875,0.15841799904592335
8.296,0.0,0.0,0.5742543726567239,0.0,0.0,-0.10440148433341423,0.0,0.0,0.0,0.0,0.0,0.0,0.0,0.0,0.5,0.0,0.0,0.0,-0.03181718520151555,0.0,0.0,0.0,42.2197128258124,42.2197128258124,42.2197128258124,42.2197128258124,0.07425437265672385,0.10440148433341423,0.0,0.0,0.0,0.07425437265672385,0.12679200153797865
8.304,0.0,0.0,0.5731973362162727,0.0,0.0,-0.1099470984780081,0.0,0.0,0.0,0.0,0.0,0.0,0.0,0.0,0.5,0.0,0.0,0.0,-0.024571655331569686,0.0,0.0,0.0,43.532308816744624,43.532308816744624,43.532308816744624,43.532308816744624,0.07319733621627267,0.1099470984780081,0.0,0.0,0.0,0.07319733621627267,0.12311300088185817
8.312,0.0,0.0,0.5721171857586171,0.0,0.0,-0.11496144022379762,0.0,0.0,0.0,0.0,0.0,0.0,0.0,0.0,0.5,0.0,0.0,0.0,-0.017790250932899987,0.0,0.0,0.0,44.7608241063587,44.7608241063587,44.7608241063587,44.7608241063587,0.07211718575861714,0.11496144022379762,0.0,0.0,0.0,0.07211718575861714,0.13346000196179375
8.32,0.0,0.0,0.5710212341358688,0.0,0.0,-0.11936794274774346,0.0,0.0,0.0,0.0,0.0,0.0,0.0,0.0,0.5,0.0,0.0,0.0,-0.011559543995129817,0.0,0.0,0.0,45.88957536320112,45.88957536320112,45.88957536320112,45.88957536320112,0.0710212341358688,0.11936794274774346,0.0,0.0,0.0,0.0710212341358688,0.12542900367407128
8.328,0.0,0.0,0.5699168283891688,0.0,0.0,-0.12310449786569806,0.0,0.0,0.0,0.0,0.0,0.0,0.0,0.0,0.5,0.0,0.0,0.0,-0.005952375428499468,0.0,0.0,0.0,46.90536677019937,46.90536677019937,46.90536677019937,46.90536677019937,0.0699168283891688,0.12310449786569806,0.0,0.0,0.0,0.0699168283891688,0.12776099902112037
8.336,0.0,0.0,0.5688113497042658,0.0,0.0,-0.1261205654151294,0.0,0.0,0.0,0.0,0.0,0.0,0.0,0.0,0.5,0.0,0.0,0.0,-0.0010306127535864018,0.0,0.0,0.0,47.79699044319087,47.79699044319087,47.79699044319087,47.79699044319087,0.06881134970426583,0.1261205654151294,0.0,0.0,0.0,0.06881134970426583,0.1435630038031377
8.344,0.0,0.0,0.5677122133671518,0.0,0.0,-0.12837486075995663,0.0,0.0,0.0,0.0,0.0,0.0,0.0,0.0,0.5,0.0,0.0,0.0,0.0031526437330029466,0.0,0.0,0.0,48.55482676322517,48.55482676322517,48.55482676322517,48.55482676322517,0.06771221336715183,0.12837486075995663,0.0,0.0,0.0,0.06771221336715183,0.17916700016940013
8.352,0.0,0.0,0.5666268687197553,0.0,0.0,-0.12983350479287512,0.0,0.0,0.0,0.0,0.0,0.0,0.0,0.0,0.5,0.0,0.0,0.0,0.006551296040767984,0.0,0.0,0.0,49.17052464506666,49.17052464506666,49.17052464506666,49.17052464506666,0.06662686871975532,0.12983350479287512,0.0,0.0,0.0,0.06662686871975532,0.19598099606810138
8.36,0.0,0.0,0.5655627991156924,0.0,0.0,-0.1304685439358758,0.0,0.0,0.0,0.0,0.0,0.0,0.0,0.0,0.5,0.0,0.0,0.0,0.00912483656602947,0.0,0.0,0.0,49.636745754715484,49.636745754715484,49.636745754715484,49.636745754715484,0.0655627991156924,0.1304685439358758,0.0,0.0,0.0,0.0655627991156924,0.19210600294172764
8.368,0.0,0.0,0.564527521876075,0.0,0.0,-0.13025676613913234,0.0,0.0,0.0,0.0,0.0,0.0,0.0,0.0,0.5,0.0,0.0,0.0,0.010837218571302487,0.0,0.0,0.0,49.946959886105525,49.946959886105525,49.946959886105525,49.946959886105525,0.06452752187607502,0.13025676613913234,0.0,0.0,0.0,0.06452752187607502,0.17659999866737053
8.376,0.0,0.0,0.5635285882453768,0.0,0.0,-0.1291787536787649,0.0,0.0,0.0,0.0,0.0,0.0,0.0,0.0,0.5,0.0,0.0,0.0,0.01165595258373675,0.0,0.0,0.0,50.0952812651697,50.0952812651697,50.0952812651697,50.0952812651697,0.06352858824537677,0.1291787536787649,0.0,0.0,0.0,0.06352858824537677,0.18357400404056534
8.384,0.0,0.0,0.5625735833473561,0.0,0.0,-0.12721812539352664,0.0,0.0,0.0,0.0,0.0,0.0,0.0,0.0,0.5,0.0,0.0,0.0,0.01155138352864693,0.0,0.0,0.0,50.076337595769374,50.076337595769374,50.076337595769374,50.076337595769374,0.06257358334735608,0.12721812539352664,0.0,0.0,0.0,0.06257358334735608,0.18157299928134307
8.392,0.0,0.0,0.5616701261410367,0.0,0.0,-0.12436093047280748,0.0,0.0,0.0,0.0,0.0,0.0,0.0,0.0,0.5,0.0,0.0,0.0,0.010496112451240602,0.0,0.0,0.0,49.88516529913779,49.88516529913779,49.88516529913779,49.88516529913779,0.06167012614103673,0.12436093047280748,0.0,0.0,0.0,0.06167012614103673,0.1772740070009604
8.4,0.0,0.0,0.5608258693767454,0.0,0.0,-0.12059516348552714,0.0,0.0,0.0,0.0,0.0,0.0,0.0,0.0,0.5,0.0,0.0,0.0,0.008464533908732141,0.0,0.0,0.0,49.51712570810365,49.51712570810365,49.51712570810365,49.51712570810365,0.06082586937674539,0.12059516348552714,0.0,0.0,0.0,0.06082586937674539,0.18546300270827487
8.408,0.0,0.0,0.5600484995522063,0.0,0.0,-0.11591037640190213,0.0,0.0,0.0,0.0,0.0,0.0,0.0,0.0,0.5,0.0,0.0,0.0,0.0054324658989104435,0.0,0.0,0.0,48.96783802516494,48.96783802516494,48.96783802516494,48.96783802516494,0.06004849955220626,0.11591037640190213,0.0,0.0,0.0,0.06004849955220626,0.17806899995775893
8.416,0.0,0.0,0.5593457368686929,0.0,0.0,-0.11029736820935288,0.0,0.0,0.0,0.0,0.0,0.0,0.0,0.0,0.5,0.0,0.0,0.0,0.0013768538176789358,0.0,0.0,0.0,48.23312569160851,48.23312569160851,48.23312569160851,48.23312569160851,0.05934573686869293,0.11029736820935288,0.0,0.0,0.0,0.05934573686869293,0.3293879999546334
8.424,0.0,0.0,0.5587253351872372,0.0,0.0,-0.10374793660387696,0.0,0.0,0.0,0.0,0.0,0.0,0.0,0.0,0.5,0.0,0.0,0.0,-0.003724466360080836,0.0,0.0,0.0,47.3089734854926,47.3089734854926,47.3089734854926,47.3089734854926,0.058725335187237215,0.10374793660387696,0.0,0.0,0.0,0.058725335187237215,0.20628300262615085
8.432,0.0,0.0,0.5581950819848946,0.0,0.0,-0.09625467934166428,0.0,0.0,0.0,0.0,0.0,0.0,0.0,0.0,0.5,0.0,0.0,0.0,-0.009894622131829678,0.0,0.0,0.0,46.19119164278448,46.19119164278448,46.19119164278448,46.19119164278448,0.05819508198489465,0.09625467934166428,0.0,0.0,0.0,0.05819508198489465,0.15699699724791571
8.44,0.0,0.0,0.5577627983110672,0.0,0.0,-0.08781083531901802,0.0,0.0,0.0,0.0,0.0,0.0,0.0,0.0,0.5,0.0,0.0,0.0,-0.01715107305853658,0.0,0.0,0.0,44.876617199540476,44.876617199540476,44.876617199540476,44.876617199540476,0.05776279831106723,0.08781083531901802,0.0,0.0,0.0,0.05776279831106723,0.16171899915207177
8.448,0.0,0.0,0.5574363387438824,0.0,0.0,-0.07841015743483351,0.0,0.0,0.0,0.0,0.0,0.0,0.0,0.0,0.5,0.0,0.0,0.0,-0.025516065012336053,0.0,0.0,0.0,43.36122010646086,43.36122010646086,43.36122010646086,43.36122010646086,0.05743633874388243,0.07841015743483351,0.0,0.0,0.0,0.05743633874388243,0.18195500160800293
8.456,0.0,0.0,0.5572075839147964,0.0,0.0,-0.06844699667501793,0.0,0.0,0.0,0.0,0.0,0.0,0.0,0.0,0.5,0.0,0.0,0.0,-0.034598356361987936,0.0,0.0,0.0,41.71587747065436,41.71587747065436,41.71587747065436,41.71587747065436,0.05720758391479641,0.06844699667501793,0.0,0.0,0.0,0.05720758391479641,0.21290100266924128
8.464,0.0,0.0,0.5570684686954814,0.0,0.0,-0.058235477822888404,0.0,0.0,0.0,0.0,0.0,0.0,0.0,0.0,0.5,0.0,0.0,0.0,-0.04408334595529051,0.0,0.0,0.0,39.997582254476356,39.997582254476356,39.997582254476356,39.997582254476356,0.057068468695481434,0.058235477822888404,0.0,0.0,0.0,0.057068468695481434,0.15999499737517908
8.472,0.0,0.0,0.5570109821273508,0.0,0.0,-0.04802554646157711,0.0,0.0,0.0,0.0,0.0,0.0,0.0,0.0,0.5,0.0,0.0,0.0,-0.05,0.0,0.0,0.0,38.925724637681164,38.925724637681164,38.925724637681164,38.925724637681164,0.057010982127350784,0.04802554646157711,0.0,0.0,0.0,0.057010982127350784,0.15503200120292604
8.48,0.0,0.0,0.5570271673511759,0.0,0.0,-0.03801580657363495,0.0,0.0,0.0,0.0,0.0,0.0,0.0,0.0,0.5,0.0,0.0,0.0,-0.05,0.0,0.0,0.0,38.925724637681164,38.925724637681164,38.925724637681164,38.925724637681164,0.057027167351175856,0.03801580657363495,0.0,0.0,0.0,0.057027167351175856,0.26570999762043357
8.488,0.0,0.0,0.5571091215367945,0.0,0.0,-0.028363790618442068,0.0,0.0,0.0,0.0,0.0,0.0,0.0,0.0,0.5,0.0,0.0,0.0,-0.05,0.0,0.0,0.0,38.925724637681164,38.925724637681164,38.925724637681164,38.925724637681164,0.05710912153679448,0.028363790618442068,0.0,0.0,0.0,0.05710912153679448,0.229461002163589
8.496,0.0,0.0,0.5572489958129107,0.0,0.0,-0.019194175591849803,0.0,0.0,0.0,0.0,0.0,0.0,0.0,0.0,0.5,0.0,0.0,0.0,-0.05,0.0,0.0,0.0,38.925724637681164,38.925724637681164,38.925724637681164,38.925724637681164,0.05724899581291065,0.019194175591849803,0.0,0.0,0.0,0.05724899581291065,0.241016001382377
8.504,0.0,0.0,0.5574389951969851,0.0,0.0,-0.010605355871617051,0.0,0.0,0.0,0.0,0.0,0.0,0.0,0.0,0.5,0.0,0.0,0.0,-0.05,0.0,0.0,0.0,38.925724637681164,38.925724637681164,38.925724637681164,38.925724637681164,0.05743899519698514,0.010605355871617051,0.0,0.0,0.0,0.05743899519698514,0.25298900436609983
8.512,0.0,0.0,0.557671378525218,0.0,0.0,-0.002674701491473479,0.0,0.0,0.0,0.0,0.0,0.0,0.0,0.0,0.5,0.0,0.0,0.0,-0.05,0.0,0.0,0.0,38.925724637681164,38.925724637681164,38.925724637681164,38.925724637681164,0.057671378525217976,0.002674701491473479,0.0,0.0,0.0,0.057671378525217976,0.2889709940063767
8.52,0.0,0.0,0.5579384583826208,0.0,0.0,0.0045372352418924225,0.0,0.0,0.0,0.0,0.0,0.0,0.0,0.0,0.5,0.0,0.0,0.0,-0.05,0.0,0.0,0.0,38.925724637681164,38.925724637681164,38.925724637681164,38.925724637681164,0.057938458382620794,0.0045372352418924225,0.0,0.0,0.0,0.057938458382620794,0.3112980048172176
8.528,0.0,0.0,0.5582326010331813,0.0,0.0,0.010983354457525405,0.0,0.0,0.0,0.0,0.0,0.0,0.0,0.0,0.5,0.0,0.0,0.0,-0.05,0.0,0.0,0.0,38.925724637681164,38.925724637681164,38.925724637681164,38.925724637681164,0.058232601033181286,0.010983354457525405,0.0,0.0,0.0,0.058232601033181286,0.3362060015206225
8.536,0.0,0.0,0.5585462263501172,0.0,0.0,0.01662731648941884,0.0,0.0,0.0,0.0,0.0,0.0,0.0,0.0,0.5,0.0,0.0,0.0,-0.05,0.0,0.0,0.0,38.925724637681164,38.925724637681164,38.925724637681164,38.925724637681164,0.05854622635011719,0.01662731648941884,0.0,0.0,0.0,0.05854622635011719,0.3791479975916445
8.544,0.0,0.0,0.5588718077462218,0.0,0.0,0.02144138809414948,0.0,0.0,0.0,0.0,0.0,0.0,0.0,0.0,0.5,0.0,0.0,0.0,-0.05,0.0,0.0,0.0,38.925724637681164,38.925724637681164,38.925724637681164,38.925724637681164,0.058871807746221805,0.02144138809414948,0.0,0.0,0.0,0.058871807746221805,0.38912500167498365
8.552,0.0,0.0,0.5592018721042996,0.0,0.0,0.025404719427265705,0.0,0.0,0.0,0.0,0.0,0.0,0.0,0.0,0.5,0.0,0.0,0.0,-0.05,0.0,0.0,0.0,38.925724637681164,38.925724637681164,38.925724637681164,38.925724637681164,0.05920187210429961,0.025404719427265705,0.0,0.0,0.0,0.05920187210429961,0.4579740052577108
8.56,0.0,0.0,0.5595289997076922,0.0,0.0,0.02850196562662656,0.0,0.0,0.0,0.0,0.0,0.0,0.0,0.0,0.5,0.0,0.0,0.0,-0.05,0.0,0.0,0.0,38.925724637681164,38.925724637681164,38.925724637681164,38.925724637681164,0.05952899970769221,0.02850196562662656,0.0,0.0,0.0,0.05952899970769221,0.39212399860844016
8.568,0.0,0.0,0.5598458241708948,0.0,0.0,0.030722184081366642,0.0,0.0,0.0,0.0,0.0,0.0,0.0,0.0,0.5,0.0,0.0,0.0,-0.05,0.0,0.0,0.0,38.925724637681164,38.925724637681164,38.925724637681164,38.925724637681164,0.05984582417089479,0.030722184081366642,0.0,0.0,0.0,0.05984582417089479,0.38909500290174037
8.576,0.0,0.0,0.5601450323702625,0.0,0.0,0.03205795224928459,0.0,0.0,0.0,0.0,0.0,0.0,0.0,0.0,0.5,0.0,0.0,0.0,-0.05,0.0,0.0,0.0,38.925724637681164,38.925724637681164,38.925724637681164,38.925724637681164,0.060145032370262475,0.03205795224928459,0.0,0.0,0.0,0.060145032370262475,0.4011130004073493
8.584,0.0,0.0,0.560419364374807,0.0,0.0,0.03250466191304142,0.0,0.0,0.0,0.0,0.0,0.0,0.0,0.0,0.5,0.0,0.0,0.0,-0.05,0.0,0.0,0.0,38.925724637681164,38.925724637681164,38.925724637681164,38.925724637681164,0.060419364374806994,0.03250466191304142,0.0,0.0,0.0,0.060419364374806994,0.4708030028268695
8.592,0.0,0.0,0.560661613377083,0.0,0.0,0.03205995458733208,0.0,0.0,0.0,0.0,0.0,0.0,0.0,0.0,0.5,0.0,0.0,0.0,-0.05,0.0,0.0,0.0,38.925724637681164,38.925724637681164,38.925724637681164,38.925724637681164,0.06066161337708298,0.03205995458733208,0.0,0.0,0.0,0.06066161337708298,0.29579999682027847
8.6,0.0,0.0,0.5608646256241643,0.0,0.0,0.03072326984689878,0.0,0.0,0.0,0.0,0.0,0.0,0.0,0.0,0.5,0.0,0.0,0.0,-0.05,0.0,0.0,0.0,38.925724637681164,38.925724637681164,38.925724637681164,38.925724637681164,0.06086462562416428,0.03072326984689878,0.0,0.0,0.0,0.06086462562416428,0.33392699697287753
8.608,0.0,0.0,0.5610213003487099,0.0,0.0,0.028495483991158928,0.0,0.0,0.0,0.0,0.0,0.0,0.0,0.0,0.5,0.0,0.0,0.0,-0.05,0.0,0.0,0.0,38.925724637681164,38.925724637681164,38.925724637681164,38.925724637681164,0.061021300348709895,0.028495483991158928,0.0,0.0,0.0,0.061021300348709895,0.4771050007548183
8.616,0.0,0.0,0.5611245897001192,0.0,0.0,0.02537862097816124,0.0,0.0,0.0,0.0,0.0,0.0,0.0,0.0,0.5,0.0,0.0,0.0,-0.05,0.0,0.0,0.0,38.925724637681164,38.925724637681164,38.925724637681164,38.925724637681164,0.06112458970011925,0.02537862097816124,0.0,0.0,0.0,0.06112458970011925,0.3984200011473149
8.624,0.0,0.0,0.5611745630423602,0.0,0.0,0.02155223033855371,0.0,0.0,0.0,0.0,0.0,0.0,0.0,0.0,0.5,0.0,0.0,0.0,-0.05,0.0,0.0,0.0,38.925724637681164,38.925724637681164,38.925724637681164,38.925724637681164,0.06117456304236024,0.02155223033855371,0.0,0.0,0.0,0.06117456304236024,0.3984119975939393
8.632,0.0,0.0,0.5611712896492758,0.0,0.0,0.017159949443730966,0.0,0.0,0.0,0.0,0.0,0.0,0.0,0.0,0.5,0.0,0.0,0.0,-0.05,0.0,0.0,0.0,38.925724637681164,38.925724637681164,38.925724637681164,38.925724637681164,0.06117128964927576,0.017159949443730966,0.0,0.0,0.0,0.06117128964927576,0.4569410011754371
8.64,0.0,0.0,0.5611148387047008,0.0,0.0,0.012316685940610944,0.0,0.0,0.0,0.0,0.0,0.0,0.0,0.0,0.5,0.0,0.0,0.0,-0.05,0.0,0.0,0.0,38.925724637681164,38.925724637681164,38.925724637681164,38.925724637681164,0.0611148387047008,0.012316685940610944,0.0,0.0,0.0,0.0611148387047008,0.394757000321988
8.648,0.0,0.0,0.5610052793025793,0.0,0.0,0.007114363699449965,0.0,0.0,0.0,0.0,0.0,0.0,0.0,0.0,0.5,0.0,0.0,0.0,-0.05,0.0,0.0,0.0,38.925724637681164,38.925724637681164,38.925724637681164,38.925724637681164,0.06100527930257926,0.007114363699449965,0.0,0.0,0.0,0.06100527930257926,0.3425700051593594
8.656,0.0,0.0,0.5608426804470807,0.0,0.0,0.0016265195720974492,0.0,0.0,0.0,0.0,0.0,0.0,0.0,0.0,0.5,0.0,0.0,0.0,-0.05,0.0,0.0,0.0,38.925724637681164,38.925724637681164,38.925724637681164,38.925724637681164,0.060842680447080744,0.0016265195720974492,0.0,0.0,0.0,0.060842680447080744,0.33060400164686143
8.664,0.0,0.0,0.5606271110527175,0.0,0.0,-0.004088019201404904,0.0,0.0,0.0,0.0,0.0,0.0,0.0,0.0,0.5,0.0,0.0,0.0,-0.05,0.0,0.0,0.0,38.925724637681164,38.925724637681164,38.925724637681164,38.925724637681164,0.06062711105271745,0.004088019201404904,0.0,0.0,0.0,0.06062711105271745,0.29659999563591555
8.672,0.0,0.0,0.5603586399444604,0.0,0.0,-0.009982193067548344,0.0,0.0,0.0,0.0,0.0,0.0,0.0,0.0,0.5,0.0,0.0,0.0,-0.05,0.0,0.0,0.0,38.925724637681164,38.925724637681164,38.925724637681164,38.925724637681164,0.060358639944460446,0.009982193067548344,0.0,0.0,0.0,0.060358639944460446,0.31330499768955633
8.68,0.0,0.0,0.5600373358578559,0.0,0.0,-0.016018356619154038,0.0,0.0,0.0,0.0,0.0,0.0,0.0,0.0,0.5,0.0,0.0,0.0,-0.05,0.0,0.0,0.0,38.925724637681164,38.925724637681164,38.925724637681164,38.925724637681164,0.06003733585785587,0.016018356619154038,0.0,0.0,0.0,0.06003733585785587,0.2378089993726462
8.688,0.0,0.0,0.5596632674391416,0.0,0.0,-0.02216639576317806,0.0,0.0,0.0,0.0,0.0,0.0,0.0,0.0,0.5,0.0,0.0,0.0,-0.05,0.0,0.0,0.0,38.925724637681164,38.925724637681164,38.925724637681164,38.925724637681164,0.05966326743914163,0.02216639576317806,0.0,0.0,0.0,0.05966326743914163,0.220007001189515
8.696,0.0,0.0,0.5592365032453629,0.0,0.0,-0.028402221455012106,0.0,0.0,0.0,0.0,0.0,0.0,0.0,0.0,0.5,0.0,0.0,0.0,-0.05,0.0,0.0,0.0,38.925724637681164,38.925724637681164,38.925724637681164,38.925724637681164,0.05923650324536289,0.028402221455012106,0.0,0.0,0.0,0.05923650324536289,0.2230500031146221
8.704,0.0,0.0,0.5587571117444882,0.0,0.0,-0.034706564685876504,0.0,0.0,0.0,0.0,0.0,0.0,0.0,0.0,0.5,0.0,0.0,0.0,-0.05,0.0,0.0,0.0,38.925724637681164,38.925724637681164,38.925724637681164,38.925724637681164,0.058757111744488166,0.034706564685876504,0.0,0.0,0.0,0.058757111744488166,0.18792899936670437
8.712,0.0,0.0,0.5582251613155254,0.0,0.0,-0.04106401247277299,0.0,0.0,0.0,0.0,0.0,0.0,0.0,0.0,0.5,0.0,0.0,0.0,-0.05,0.0,0.0,0.0,38.925724637681164,38.925724637681164,38.925724637681164,38.925724637681164,0.05822516131552535,0.04106401247277299,0.0,0.0,0.0,0.05822516131552535,0.16365299961762503
8.72,0.0,0.0,0.5576407202486368,0.0,0.0,-0.047462236650431686,0.0,0.0,0.0,0.0,0.0,0.0,0.0,0.0,0.5,0.0,0.0,0.0,-0.05,0.0,0.0,0.0,38.925724637681164,38.925724637681164,38.925724637681164,38.925724637681164,0.057640720248636756,0.047462236650431686,0.0,0.0,0.0,0.057640720248636756,0.20081500406377017
8.728,0.0,0.0,0.557003856745255,0.0,0.0,-0.05389137690489131,0.0,0.0,0.0,0.0,0.0,0.0,0.0,0.0,0.5,0.0,0.0,0.0,-0.04810869924827321,0.0,0.0,0.0,39.26835158545775,39.26835158545775,39.26835158545775,39.26835158545775,0.05700385674525499,0.05389137690489131,0.0,0.0,0.0,0.05700385674525499,0.13901599595556036
8.736,0.0,0.0,0.5563217469754477,0.0,0.0,-0.06016584576909403,0.0,0.0,0.0,0.0,0.0,0.0,0.0,0.0,0.5,0.0,0.0,0.0,-0.04085940141428901,0.0,0.0,0.0,40.58163017857083,40.58163017857083,40.58163017857083,40.58163017857083,0.05632174697544767,0.06016584576909403,0.0,0.0,0.0,0.05632174697544767,0.12421500287018716
8.744,0.0,0.0,0.5556016014759039,0.0,0.0,-0.06613631410387222,0.0,0.0,0.0,0.0,0.0,0.0,0.0,0.0,0.5,0.0,0.0,0.0,-0.03383150694278336,0.0,0.0,0.0,41.85479946688707,41.85479946688707,41.85479946688707,41.85479946688707,0.05560160147590387,0.06613631410387222,0.0,0.0,0.0,0.05560160147590387,0.1576189970364794
8.752,0.0,0.0,0.5548506651052815,0.0,0.0,-0.07168246054865572,0.0,0.0,0.0,0.0,0.0,0.0,0.0,0.0,0.5,0.0,0.0,0.0,-0.027151513607520328,0.0,0.0,0.0,43.06494318704342,43.06494318704342,43.06494318704342,43.06494318704342,0.05485066510528147,0.07168246054865572,0.0,0.0,0.0,0.05485066510528147,0.12970800162293017
8.76,0.0,0.0,0.5540762169996122,0.0,0.0,-0.07670717108065896,0.0,0.0,0.0,0.0,0.0,0.0,0.0,0.0,0.5,0.0,0.0,0.0,-0.020925525731195327,0.0,0.0,0.0,44.19283954145012,44.19283954145012,44.19283954145012,44.19283954145012,0.05407621699961218,0.07670717108065896,0.0,0.0,0.0,0.05407621699961218,0.15202900249278173
8.768,0.0,0.0,0.5532855705277648,0.0,0.0,-0.08113189866070858,0.0,0.0,0.0,0.0,0.0,0.0,0.0,0.0,0.5,0.0,0.0,0.0,-0.015242005491485133,0.0,0.0,0.0,45.22246277328168,45.22246277328168,45.22246277328168,45.22246277328168,0.053285570527764836,0.08113189866070858,0.0,0.0,0.0,0.053285570527764836,0.13579399819718674
8.776,0.0,0.0,0.5524860732469666,0.0,0.0,-0.08489295094852409,0.0,0.0,0.0,0.0,0.0,0.0,0.0,0.0,0.5,0.0,0.0,0.0,-0.010175306125278505,0.0,0.0,0.0,46.14034309324665,46.14034309324665,46.14034309324665,46.14034309324665,0.052486073246966636,0.08489295094852409,0.0,0.0,0.0,0.052486073246966636,0.21121899771969765
8.784,0.0,0.0,0.5516851068583817,0.0,0.0,-0.08793852047344095,0.0,0.0,0.0,0.0,0.0,0.0,0.0,0.0,0.5,0.0,0.0,0.0,-0.005788505188106696,0.0,0.0,0.0,46.935053407951685,46.935053407951685,46.935053407951685,46.935053407951685,0.05168510685838168,0.08793852047344095,0.0,0.0,0.0,0.05168510685838168,0.17459200171288103
8.792,0.0,0.0,0.5508900871627478,0.0,0.0,-0.09022630876960225,0.0,0.0,0.0,0.0,0.0,0.0,0.0,0.0,0.5,0.0,0.0,0.0,-0.0021356711779627613,0.0,0.0,0.0,47.59679869964443,47.59679869964443,47.59679869964443,47.59679869964443,0.05089008716274779,0.09022630876960225,0.0,0.0,0.0,0.05089008716274779,0.15452500520041212
8.8,0.0,0.0,0.5501084640160703,0.0,0.0,-0.09172162568261744,0.0,0.0,0.0,0.0,0.0,0.0,0.0,0.0,0.5,0.0,0.0,0.0,0.0007363231803724224,0.0,0.0,0.0,48.117087532676166,48.117087532676166,48.117087532676166,48.117087532676166,0.050108464016070275,0.09172162568261744,0.0,0.0,0.0,0.050108464016070275,0.17938699602382258
8.808,0.0,0.0,0.5493477212853743,0.0,0.0,-0.09239586881349428,0.0,0.0,0.0,0.0,0.0,0.0,0.0,0.0,0.5,0.0,0.0,0.0,0.0027863503228240383,0.0,0.0,0.0,48.48846926138117,48.48846926138117,48.48846926138117,48.48846926138117,0.049347721285374346,0.09239586881349428,0.0,0.0,0.0,0.049347721285374346,0.17116400704253465
8.816,0.0,0.0,0.5486153768045138,0.0,0.0,-0.09222530707230761,0.0,0.0,0.0,0.0,0.0,0.0,0.0,0.0,0.5,0.0,0.0,0.0,0.003977867370857813,0.0,0.0,0.0,48.70432379906845,48.70432379906845,48.70432379906845,48.70432379906845,0.04861537680451378,0.09222530707230761,0.0,0.0,0.0,0.04861537680451378,0.17798999760998413
8.824,0.0,0.0,0.547918982330038,0.0,0.0,-0.09119010751974253,0.0,0.0,0.0,0.0,0.0,0.0,0.0,0.0,0.5,0.0,0.0,0.0,0.00427798776626942,0.0,0.0,0.0,48.758693435918374,48.758693435918374,48.758693435918374,48.758693435918374,0.047918982330037996,0.09119010751974253,0.0,0.0,0.0,0.047918982330037996,0.17506100266473368
8.832,0.0,0.0,0.5472661234971157,0.0,0.0,-0.08927355683885022,0.0,0.0,0.0,0.0,0.0,0.0,0.0,0.0,0.5,0.0,0.0,0.0,0.0036552243528310546,0.0,0.0,0.0,48.64587397696215,48.64587397696215,48.64587397696215,48.64587397696215,0.047266123497115675,0.08927355683885022,0.0,0.0,0.0,0.047266123497115675,0.1705030008452013
8.84,0.0,0.0,0.5466644197755166,0.0,0.0,-0.0864614385110585,0.0,0.0,0.0,0.0,0.0,0.0,0.0,0.0,0.5,0.0,0.0,0.0,0.002084986161539404,0.0,0.0,0.0,48.36141053651076,48.36141053651076,48.36141053651076,48.36141053651076,0.04666441977551661,0.0864614385110585,0.0,0.0,0.0,0.04666441977551661,0.18707999697653577
8.848,0.0,0.0,0.5461215244256497,0.0,0.0,-0.0827415345555192,0.0,0.0,0.0,0.0,0.0,0.0,0.0,0.0,0.5,0.0,0.0,0.0,-0.00046006118508878924,0.0,0.0,0.0,47.900351234585365,47.900351234585365,47.900351234585365,47.900351234585365,0.04612152442564965,0.0827415345555192,0.0,0.0,0.0,0.04612152442564965,0.24244800442829728
8.856,0.0,0.0,0.5456451244546585,0.0,0.0,-0.0781032269191951,0.0,0.0,0.0,0.0,0.0,0.0,0.0,0.0,0.5,0.0,0.0,0.0,-0.004004270329136639,0.0,0.0,0.0,47.25828436066365,47.25828436066365,47.25828436066365,47.25828436066365,0.045645124454658514,0.0781032269191951,0.0,0.0,0.0,0.045645124454658514,0.17897100042318925
8.864,0.0,0.0,0.5452429405725745,0.0,0.0,-0.0725371785874554,0.0,0.0,0.0,0.0,0.0,0.0,0.0,0.0,0.5,0.0,0.0,0.0,-0.008570826433032863,0.0,0.0,0.0,46.431009704160715,46.431009704160715,46.431009704160715,46.431009704160715,0.0452429405725745,0.0725371785874554,0.0,0.0,0.0,0.0452429405725745,0.16078000044217333
8.872,0.0,0.0,0.544922727148526,0.0,0.0,-0.06603507847117851,0.0,0.0,0.0,0.0,0.0,0.0,0.0,0.0,0.5,0.0,0.0,0.0,-0.014181998100911142,0.0,0.0,0.0,45.41449309766103,45.41449309766103,45.41449309766103,45.41449309766103,0.044922727148525965,0.06603507847117851,0.0,0.0,0.0,0.044922727148525965,0.1709260031930171
8.88,0.0,0.0,0.544692272167005,0.0,0.0,-0.05858943731496633,0.0,0.0,0.0,0.0,0.0,0.0,0.0,0.0,0.5,0.0,0.0,0.0,-0.020859332039466216,0.0,0.0,0.0,44.204831152270614,44.204831152270614,44.204831152270614,44.204831152270614,0.044692272167005,0.05858943731496633,0.0,0.0,0.0,0.044692272167005,0.3349269973114133
8.888,0.0,0.0,0.5445593971841906,0.0,0.0,-0.050193424422334584,0.0,0.0,0.0,0.0,0.0,0.0,0.0,0.0,0.5,0.0,0.0,0.0,-0.028623808747345714,0.0,0.0,0.0,42.79822305301708,42.79822305301708,42.79822305301708,42.79822305301708,0.04455939718419055,0.050193424422334584,0.0,0.0,0.0,0.04455939718419055,0.31653299811296165
8.896,0.0,0.0,0.5445160372338296,0.0,0.0,-0.04123873829689198,0.0,0.0,0.0,0.0,0.0,0.0,0.0,0.0,0.5,0.0,0.0,0.0,-0.03708836594817144,0.0,0.0,0.0,41.264788777505174,41.264788777505174,41.264788777505174,41.264788777505174,0.044516037233829575,0.04123873829689198,0.0,0.0,0.0,0.044516037233829575,0.12082700413884595
8.904,0.0,0.0,0.5445541815191995,0.0,0.0,-0.032037383503264294,0.0,0.0,0.0,0.0,0.0,0.0,0.0,0.0,0.5,0.0,0.0,0.0,-0.04593586403356831,0.0,0.0,0.0,39.66198115333908,39.66198115333908,39.66198115333908,39.66198115333908,0.04455418151919954,0.032037383503264294,0.0,0.0,0.0,0.04455418151919954,0.14830500003881752
8.912,0.0,0.0,0.5446658733427255,0.0,0.0,-0.022837611214461886,0.0,0.0,0.0,0.0,0.0,0.0,0.0,0.0,0.5,0.0,0.0,0.0,-0.05,0.0,0.0,0.0,38.925724637681164,38.925724637681164,38.925724637681164,38.925724637681164,0.04466587334272554,0.022837611214461886,0.0,0.0,0.0,0.04466587334272554,0.15212099970085546
8.92,0.0,0.0,0.5448432100356894,0.0,0.0,-0.013836671647473386,0.0,0.0,0.0,0.0,0.0,0.0,0.0,0.0,0.5,0.0,0.0,0.0,-0.05,0.0,0.0,0.0,38.925724637681164,38.925724637681164,38.925724637681164,38.925724637681164,0.04484321003568936,0.013836671647473386,0.0,0.0,0.0,0.04484321003568936,0.2618159996927716
8.928,0.0,0.0,0.5450783428880288,0.0,0.0,-0.005191016009493166,0.0,0.0,0.0,0.0,0.0,0.0,0.0,0.0,0.5,0.0,0.0,0.0,-0.05,0.0,0.0,0.0,38.925724637681164,38.925724637681164,38.925724637681164,38.925724637681164,0.04507834288802881,0.005191016009493166,0.0,0.0,0.0,0.04507834288802881,0.22642299882136285
8.936,0.0,0.0,0.5453634770782294,0.0,0.0,0.0029755419474211953,0.0,0.0,0.0,0.0,0.0,0.0,0.0,0.0,0.5,0.0,0.0,0.0,-0.05,0.0,0.0,0.0,38.925724637681164,38.925724637681164,38.925724637681164,38.925724637681164,0.04536347707822941,0.0029755419474211953,0.0,0.0,0.0,0.04536347707822941,0.2284359943587333
8.944,0.0,0.0,0.5456908716033062,0.0,0.0,0.010565296684855946,0.0,0.0,0.0,0.0,0.0,0.0,0.0,0.0,0.5,0.0,0.0,0.0,-0.05,0.0,0.0,0.0,38.925724637681164,38.925724637681164,38.925724637681164,38.925724637681164,0.045690871603306205,0.010565296684855946,0.0,0.0,0.0,0.045690871603306205,0.248985001235269
8.952,0.0,0.0,0.5460528392088775,0.0,0.0,0.017501427487167716,0.0,0.0,0.0,0.0,0.0,0.0,0.0,0.0,0.5,0.0,0.0,0.0,-0.05,0.0,0.0,0.0,38.925724637681164,38.925724637681164,38.925724637681164,38.925724637681164,0.04605283920887748,0.017501427487167716,0.0,0.0,0.0,0.04605283920887748,0.29004499810980633
8.96,0.0,0.0,0.5464417463193284,0.0,0.0,0.023723819751006087,0.0,0.0,0.0,0.0,0.0,0.0,0.0,0.0,0.5,0.0,0.0,0.0,-0.05,0.0,0.0,0.0,38.925724637681164,38.925724637681164,38.925724637681164,38.925724637681164,0.0464417463193284,0.023723819751006087,0.0,0.0,0.0,0.0464417463193284,0.29671499942196533
8.968,0.0,0.0,0.5468500129680661,0.0,0.0,0.029185722019249013,0.0,0.0,0.0,0.0,0.0,0.0,0.0,0.0,0.5,0.0,0.0,0.0,-0.05,0.0,0.0,0.0,38.925724637681164,38.925724637681164,38.925724637681164,38.925724637681164,0.046850012968066124,0.029185722019249013,0.0,0.0,0.0,0.046850012968066124,0.36769500002264977
8.976,0.0,0.0,0.547270112727865,0.0,0.0,0.03385107161036909,0.0,0.0,0.0,0.0,0.0,0.0,0.0,0.0,0.5,0.0,0.0,0.0,-0.05,0.0,0.0,0.0,38.925724637681164,38.925724637681164,38.925724637681164,38.925724637681164,0.047270112727864966,0.03385107161036909,0.0,0.0,0.0,0.047270112727864966,0.34811799559975043
8.984,0.0,0.0,0.5476945726413027,0.0,0.0,0.03769235512424039,0.0,0.0,0.0,0.0,0.0,0.0,0.0,0.0,0.5,0.0,0.0,0.0,-0.05,0.0,0.0,0.0,38.925724637681164,38.925724637681164,38.925724637681164,38.925724637681164,0.047694572641302724,0.03769235512424039,0.0,0.0,0.0,0.047694572641302724,0.3602229990065098
8.992,0.0,0.0,0.5481159731512867,0.0,0.0,0.040688896848990144,0.0,0.0,0.0,0.0,0.0,0.0,0.0,0.0,0.5,0.0,0.0,0.0,-0.05,0.0,0.0,0.0,38.925724637681164,38.925724637681164,38.925724637681164,38.925724637681164,0.048115973151286684,0.040688896848990144,0.0,0.0,0.0,0.048115973151286684,0.35765500069828704
9.0,0.0,0.0,0.5485269480316703,0.0,0.0,0.042825489488784826,0.0,0.0,0.0,0.0,0.0,0.0,0.0,0.0,0.5,0.0,0.0,0.0,-0.05,0.0,0.0,0.0,38.925724637681164,38.925724637681164,38.925724637681164,38.925724637681164,0.04852694803167035,0.042825489488784826,0.0,0.0,0.0,0.04852694803167035,0.41345899808220565
9.008000000000001,0.0,0.0,0.5489201843179602,0.0,0.0,0.04409129874827286,0.0,0.0,0.0,0.0,0.0,0.0,0.0,0.0,0.5,0.0,0.0,0.0,-0.05,0.0,0.0,0.0,38.925724637681164,38.925724637681164,38.925724637681164,38.925724637681164,0.04892018431796019,0.04409129874827286,0.0,0.0,0.0,0.04892018431796019,0.3890840016538277
9.016,0.0,0.0,0.5492884222381125,0.0,0.0,0.044478987002426335,0.0,0.0,0.0,0.0,0.0,0.0,0.0,0.0,0.5,0.0,0.0,0.0,-0.05,0.0,0.0,0.0,38.925724637681164,38.925724637681164,38.925724637681164,38.925724637681164,0.04928842223811247,0.044478987002426335,0.0,0.0,0.0,0.04928842223811247,0.39488299807999283
9.024000000000001,0.0,0.0,0.5496244551434198,0.0,0.0,0.0439840122346244,0.0,0.0,0.0,0.0,0.0,0.0,0.0,0.0,0.5,0.0,0.0,0.0,-0.05,0.0,0.0,0.0,38.925724637681164,38.925724637681164,38.925724637681164,38.925724637681164,0.04962445514341984,0.0439840122346244,0.0,0.0,0.0,0.04962445514341984,0.2854739941540174
9.032,0.0,0.0,0.5499211294394878,0.0,0.0,0.04260406718939896,0.0,0.0,0.0,0.0,0.0,0.0,0.0,0.0,0.5,0.0,0.0,0.0,-0.05,0.0,0.0,0.0,38.925724637681164,38.925724637681164,38.925724637681164,38.925724637681164,0.04992112943948779,0.04260406718939896,0.0,0.0,0.0,0.04992112943948779,0.3578340038075112
9.040000000000001,0.0,0.0,0.5501713445173011,0.0,0.0,0.0403386306968512,0.0,0.0,0.0,0.0,0.0,0.0,0.0,0.0,0.5,0.0,0.0,0.0,-0.05,0.0,0.0,0.0,38.925724637681164,38.925724637681164,38.925724637681164,38.925724637681164,0.0501713445173011,0.0403386306968512,0.0,0.0,0.0,0.0501713445173011,0.47604400606360286
9.048,0.0,0.0,0.5503680526843793,0.0,0.0,0.037188608734435864,0.0,0.0,0.0,0.0,0.0,0.0,0.0,0.0,0.5,0.0,0.0,0.0,-0.05,0.0,0.0,0.0,38.925724637681164,38.925724637681164,38.925724637681164,38.925724637681164,0.05036805268437927,0.037188608734435864,0.0,0.0,0.0,0.05036805268437927,0.4808119992958382
9.056000000000001,0.0,0.0,0.5505113234626049,0.0,0.0,0.033332656443188884,0.0,0.0,0.0,0.0,0.0,0.0,0.0,0.0,0.5,0.0,0.0,0.0,-0.05,0.0,0.0,0.0,38.925724637681164,38.925724637681164,38.925724637681164,38.925724637681164,0.050511323462604896,0.033332656443188884,0.0,0.0,0.0,0.050511323462604896,0.47350900422316045
9.064,0.0,0.0,0.5506012262835303,0.0,0.0,0.02891369567768531,0.0,0.0,0.0,0.0,0.0,0.0,0.0,0.0,0.5,0.0,0.0,0.0,-0.05,0.0,0.0,0.0,38.925724637681164,38.925724637681164,38.925724637681164,38.925724637681164,0.050601226283530254,0.02891369567768531,0.0,0.0,0.0,0.050601226283530254,0.34806100302375853
9.072000000000001,0.0,0.0,0.5506378304884948,0.0,0.0,0.02404606166626167,0.0,0.0,0.0,0.0,0.0,0.0,0.0,0.0,0.5,0.0,0.0,0.0,-0.05,0.0,0.0,0.0,38.925724637681164,38.925724637681164,38.925724637681164,38.925724637681164,0.050637830488494795,0.02404606166626167,0.0,0.0,0.0,0.050637830488494795,0.3388920013094321
9.08,0.0,0.0,0.5506212053287423,0.0,0.0,0.018821220339195872,0.0,0.0,0.0,0.0,0.0,0.0,0.0,0.0,0.5,0.0,0.0,0.0,-0.05,0.0,0.0,0.0,38.925724637681164,38.925724637681164,38.925724637681164,38.925724637681164,0.05062120532874226,0.018821220339195872,0.0,0.0,0.0,0.05062120532874226,0.37850199441891164
9.088000000000001,0.0,0.0,0.5505514199655378,0.0,0.0,0.01331234219124551,0.0,0.0,0.0,0.0,0.0,0.0,0.0,0.0,0.5,0.0,0.0,0.0,-0.05,0.0,0.0,0.0,38.925724637681164,38.925724637681164,38.925724637681164,38.925724637681164,0.0505514199655378,0.01331234219124551,0.0,0.0,0.0,0.0505514199655378,0.2831430028891191
9.096,0.0,0.0,0.550428543470285,0.0,0.0,0.00757796137167664,0.0,0.0,0.0,0.0,0.0,0.0,0.0,0.0,0.5,0.0,0.0,0.0,-0.05,0.0,0.0,0.0,38.925724637681164,38.925724637681164,38.925724637681164,38.925724637681164,0.050428543470285025,0.00757796137167664,0.0,0.0,0.0,0.050428543470285025,0.30503099696943536
9.104000000000001,0.0,0.0,0.5502526448246423,0.0,0.0,0.0016649029562739639,0.0,0.0,0.0,0.0,0.0,0.0,0.0,0.0,0.5,0.0,0.0,0.0,-0.05,0.0,0.0,0.0,38.925724637681164,38.925724637681164,38.925724637681164,38.925724637681164,0.05025264482464231,0.0016649029562739639,0.0,0.0,0.0,0.05025264482464231,0.24244799715233967
9.112,0.0,0.0,0.5500237929206401,0.0,0.0,-0.004389375235037367,0.0,0.0,0.0,0.0,0.0,0.0,0.0,0.0,0.5,0.0,0.0,0.0,-0.05,0.0,0.0,0.0,38.925724637681164,38.925724637681164,38.925724637681164,38.925724637681164,0.050023792920640076,0.004389375235037367,0.0,0.0,0.0,0.050023792920640076,0.23143900034483522
9.120000000000001,0.0,0.0,0.5497420565607966,0.0,0.0,-0.010554909184117126,0.0,0.0,0.0,0.0,0.0,0.0,0.0,0.0,0.5,0.0,0.0,0.0,-0.05,0.0,0.0,0.0,38.925724637681164,38.925724637681164,38.925724637681164,38.925724637681164,0.049742056560796555,0.010554909184117126,0.0,0.0,0.0,0.049742056560796555,0.20179699640721083
9.128,0.0,0.0,0.5494075044582345,0.0,0.0,-0.01680772991134607,0.0,0.0,0.0,0.0,0.0,0.0,0.0,0.0,0.5,0.0,0.0,0.0,-0.05,0.0,0.0,0.0,38.925724637681164,38.925724637681164,38.925724637681164,38.925724637681164,0.0494075044582345,0.01680772991134607,0.0,0.0,0.0,0.0494075044582345,0.18753599579213187
9.136000000000001,0.0,0.0,0.5490202052367974,0.0,0.0,-0.023128664465003237,0.0,0.0,0.0,0.0,0.0,0.0,0.0,0.0,0.5,0.0,0.0,0.0,-0.05,0.0,0.0,0.0,38.925724637681164,38.925724637681164,38.925724637681164,38.925724637681164,0.0490202052367974,0.023128664465003237,0.0,0.0,0.0,0.0490202052367974,0.20477199723245576
9.144,0.0,0.0,0.5485802274311651,0.0,0.0,-0.02950237671281178,0.0,0.0,0.0,0.0,0.0,0.0,0.0,0.0,0.5,0.0,0.0,0.0,-0.05,0.0,0.0,0.0,38.925724637681164,38.925724637681164,38.925724637681164,38.925724637681164,0.04858022743116508,0.02950237671281178,0.0,0.0,0.0,0.04858022743116508,0.21292300516506657
9.152000000000001,0.0,0.0,0.54808763948697,0.0,0.0,-0.035916599975124155,0.0,0.0,0.0,0.0,0.0,0.0,0.0,0.0,0.5,0.0,0.0,0.0,-0.04877022937118525,0.0,0.0,0.0,39.14850917188673,39.14850917188673,39.14850917188673,39.14850917188673,0.048087639486970035,0.035916599975124155,0.0,0.0,0.0,0.048087639486970035,0.14204600302036852
9.16,0.0,0.0,0.5475491064947559,0.0,0.0,-0.04219660478545531,0.0,0.0,0.0,0.0,0.0,0.0,0.0,0.0,0.5,0.0,0.0,0.0,-0.04178065629659844,0.0,0.0,0.0,40.41473617815246,40.41473617815246,40.41473617815246,40.41473617815246,0.047549106494755855,0.04219660478545531,0.0,0.0,0.0,0.047549106494755855,0.1231339992955327
9.168000000000001,0.0,0.0,0.5469718367651633,0.0,0.0,-0.04818902706817763,0.0,0.0,0.0,0.0,0.0,0.0,0.0,0.0,0.5,0.0,0.0,0.0,-0.03499602226997511,0.0,0.0,0.0,41.64383654529436,41.64383654529436,41.64383654529436,41.64383654529436,0.046971836765163255,0.04818902706817763,0.0,0.0,0.0,0.046971836765163255,0.12002899893559515
9.176,0.0,0.0,0.546363072933694,0.0,0.0,-0.053770317441274765,0.0,0.0,0.0,0.0,0.0,0.0,0.0,0.0,0.5,0.0,0.0,0.0,-0.02854540670251382,0.0,0.0,0.0,42.81242632200836,42.81242632200836,42.81242632200836,42.81242632200836,0.046363072933694016,0.053770317441274765,0.0,0.0,0.0,0.046363072933694016,0.12134599819546565
9.184000000000001,0.0,0.0,0.5457300919161124,0.0,0.0,-0.05884077939255754,0.0,0.0,0.0,0.0,0.0,0.0,0.0,0.0,0.5,0.0,0.0,0.0,-0.022537371937066952,0.0,0.0,0.0,43.90083841719802,43.90083841719802,43.90083841719802,43.90083841719802,0.045730091916112436,0.05884077939255754,0.0,0.0,0.0,0.045730091916112436,0.15056500706123188
9.192,0.0,0.0,0.5450802048639047,0.0,0.0,-0.06331979981924028,0.0,0.0,0.0,0.0,0.0,0.0,0.0,0.0,0.5,0.0,0.0,0.0,-0.01706234718335331,0.0,0.0,0.0,44.89269072765339,44.89269072765339,44.89269072765339,44.89269072765339,0.04508020486390474,0.06331979981924028,0.0,0.0,0.0,0.04508020486390474,0.12274999608052894
9.200000000000001,0.0,0.0,0.5444207571197964,0.0,0.0,-0.06714203345809813,0.0,0.0,0.0,0.0,0.0,0.0,0.0,0.0,0.5,0.0,0.0,0.0,-0.012196258562782614,0.0,0.0,0.0,45.77422852123504,45.77422852123504,45.77422852123504,45.77422852123504,0.04442075711979643,0.06714203345809813,0.0,0.0,0.0,0.04442075711979643,0.12017100380035117
9.208,0.0,0.0,0.5437591281733273,0.0,0.0,-0.07025435042820909,0.0,0.0,0.0,0.0,0.0,0.0,0.0,0.0,0.5,0.0,0.0,0.0,-0.008003441193427774,0.0,0.0,0.0,46.53379688524859,46.53379688524859,46.53379688524859,46.53379688524859,0.04375912817332728,0.07025435042820909,0.0,0.0,0.0,0.04375912817332728,0.12029099889332429
9.216000000000001,0.0,0.0,0.5431027316164843,0.0,0.0,-0.07261339426364093,0.0,0.0,0.0,0.0,0.0,0.0,0.0,0.0,0.5,0.0,0.0,0.0,-0.004538968879241767,0.0,0.0,0.0,47.16141868129678,47.16141868129678,47.16141868129678,47.16141868129678,0.04310273161648426,0.07261339426364093,0.0,0.0,0.0,0.04310273161648426,0.1492549999966286
9.224,0.0,0.0,0.5424590150993921,0.0,0.0,-0.0741836283382186,0.0,0.0,0.0,0.0,0.0,0.0,0.0,0.0,0.5,0.0,0.0,0.0,-0.0018505178466186045,0.0,0.0,0.0,47.648456911844455,47.648456911844455,47.648456911844455,47.648456911844455,0.042459015099392095,0.0741836283382186,0.0,0.0,0.0,0.042459015099392095,0.19784700270975009
9.232,0.0,0.0,0.541835460286061,0.0,0.0,-0.07493577300385398,0.0,0.0,0.0,0.0,0.0,0.0,0.0,0.0,0.5,0.0,0.0,0.0,2.0142281228485714e-05,0.0,0.0,0.0,47.987344616164584,47.987344616164584,47.987344616164584,47.987344616164584,0.041835460286061,0.07493577300385398,0.0,0.0,0.0,0.041835460286061,0.16229600441874936
9.24,0.0,0.0,0.5412395828101925,0.0,0.0,-0.07484555529979486,0.0,0.0,0.0,0.0,0.0,0.0,0.0,0.0,0.5,0.0,0.0,0.0,0.0010346951666784232,0.0,0.0,0.0,48.17114042874609,48.17114042874609,48.17114042874609,48.17114042874609,0.041239582810192466,0.07484555529979486,0.0,0.0,0.0,0.041239582810192466,0.1676479951129295
9.248,0.0,0.0,0.5406789322310421,0.0,0.0,-0.07389270871859581,0.0,0.0,0.0,0.0,0.0,0.0,0.0,0.0,0.5,0.0,0.0,0.0,0.001162370850421035,0.0,0.0,0.0,48.19427008159801,48.19427008159801,48.19427008159801,48.19427008159801,0.04067893223104213,0.07389270871859581,0.0,0.0,0.0,0.04067893223104213,0.161828997079283
9.256,0.0,0.0,0.5401610919893401,0.0,0.0,-0.07206017301742479,0.0,0.0,0.0,0.0,0.0,0.0,0.0,0.0,0.5,0.0,0.0,0.0,0.00037162399314627503,0.0,0.0,0.0,48.05101883933809,48.05101883933809,48.05101883933809,48.05101883933809,0.04016109198934015,0.07206017301742479,0.0,0.0,0.0,0.04016109198934015,0.14582099538529292
9.264,0.0,0.0,0.5396936793632686,0.0,0.0,-0.06933345406572933,0.0,0.0,0.0,0.0,0.0,0.0,0.0,0.0,0.5,0.0,0.0,0.0,-0.0013654647046111856,0.0,0.0,0.0,47.73632885786029,47.73632885786029,47.73632885786029,47.73632885786029,0.03969367936326862,0.06933345406572933,0.0,0.0,0.0,0.03969367936326862,0.13531399599742144
9.272,0.0,0.0,0.5392843454244964,0.0,0.0,-0.06570011172188689,0.0,0.0,0.0,0.0,0.0,0.0,0.0,0.0,0.5,0.0,0.0,0.0,-0.0040749121053373916,0.0,0.0,0.0,47.245486937438876,47.245486937438876,47.245486937438876,47.245486937438876,0.039284345424496436,0.06570011172188689,0.0,0.0,0.0,0.039284345424496436,0.15816099767107517
9.28,0.0,0.0,0.5389407749942713,0.0,0.0,-0.06114935013313917,0.0,0.0,0.0,0.0,0.0,0.0,0.0,0.0,0.5,0.0,0.0,0.0,-0.007781228759374259,0.0,0.0,0.0,46.57405276098292,46.57405276098292,46.57405276098292,46.57405276098292,0.03894077499427129,0.06114935013313917,0.0,0.0,0.0,0.03894077499427129,0.13133700122125447
9.288,0.0,0.0,0.5386706865995685,0.0,0.0,-0.05567168997407989,0.0,0.0,0.0,0.0,0.0,0.0,0.0,0.0,0.5,0.0,0.0,0.0,-0.01250773153111473,0.0,0.0,0.0,45.717802258856025,45.717802258856025,45.717802258856025,45.717802258856025,0.038670686599568516,0.05567168997407989,0.0,0.0,0.0,0.038670686599568516,0.16401799803134054
9.296,0.0,0.0,0.538481832429297,0.0,0.0,-0.04925870623605143,0.0,0.0,0.0,0.0,0.0,0.0,0.0,0.0,0.5,0.0,0.0,0.0,-0.018276793676372027,0.0,0.0,0.0,44.67268230500507,44.67268230500507,44.67268230500507,44.67268230500507,0.038481832429297036,0.04925870623605143,0.0,0.0,0.0,0.038481832429297036,0.2436010036035441
9.304,0.0,0.0,0.5383819982905621,0.0,0.0,-0.0419028184572142,0.0,0.0,0.0,0.0,0.0,0.0,0.0,0.0,0.5,0.0,0.0,0.0,-0.025111652610265045,0.0,0.0,0.0,43.43448322277807,43.43448322277807,43.43448322277807,43.43448322277807,0.0383819982905621,0.0419028184572142,0.0,0.0,0.0,0.0383819982905621,0.16471299750264734
9.312,0.0,0.0,0.5383699470658044,0.0,0.0,-0.03382353538471314,0.0,0.0,0.0,0.0,0.0,0.0,0.0,0.0,0.5,0.0,0.0,0.0,-0.0327970756521625,0.0,0.0,0.0,42.04219643982564,42.04219643982564,42.04219643982564,42.04219643982564,0.03836994706580443,0.03382353538471314,0.0,0.0,0.0,0.03836994706580443,0.14216800627764314
9.32,0.0,0.0,0.5384376795370694,0.0,0.0,-0.02536551652614535,0.0,0.0,0.0,0.0,0.0,0.0,0.0,0.0,0.5,0.0,0.0,0.0,-0.04099037000973327,0.0,0.0,0.0,40.55790398374398,40.55790398374398,40.55790398374398,40.55790398374398,0.03843767953706945,0.02536551652614535,0.0,0.0,0.0,0.03843767953706945,0.16839000454638153
9.328,0.0,0.0,0.5385772505705058,0.0,0.0,-0.01680313738500804,0.0,0.0,0.0,0.0,0.0,0.0,0.0,0.0,0.5,0.0,0.0,0.0,-0.04941733840620233,0.0,0.0,0.0,39.03127927423871,39.03127927423871,39.03127927423871,39.03127927423871,0.03857725057050576,0.01680313738500804,0.0,0.0,0.0,0.03857725057050576,0.22265499865170568
9.336,0.0,0.0,0.5387807690460937,0.0,0.0,-0.008354548018307713,0.0,0.0,0.0,0.0,0.0,0.0,0.0,0.0,0.5,0.0,0.0,0.0,-0.05,0.0,0.0,0.0,38.925724637681164,38.925724637681164,38.925724637681164,38.925724637681164,0.03878076904609373,0.008354548018307713,0.0,0.0,0.0,0.03878076904609373,0.20787600078620017
9.344,0.0,0.0,0.5390403977874647,0.0,0.0,-0.00019291988037104663,0.0,0.0,0.0,0.0,0.0,0.0,0.0,0.0,0.5,0.0,0.0,0.0,-0.05,0.0,0.0,0.0,38.925724637681164,38.925724637681164,38.925724637681164,38.925724637681164,0.03904039778746471,0.00019291988037104663,0.0,0.0,0.0,0.03904039778746471,0.33805299608502537
9.352,0.0,0.0,0.5393483534918116,0.0,0.0,0.007544556704375815,0.0,0.0,0.0,0.0,0.0,0.0,0.0,0.0,0.5,0.0,0.0,0.0,-0.05,0.0,0.0,0.0,38.925724637681164,38.925724637681164,38.925724637681164,38.925724637681164,0.03934835349181165,0.007544556704375815,0.0,0.0,0.0,0.03934835349181165,0.2128369960701093
9.36,0.0,0.0,0.5396969066598911,0.0,0.0,0.014749474565488325,0.0,0.0,0.0,0.0,0.0,0.0,0.0,0.0,0.5,0.0,0.0,0.0,-0.05,0.0,0.0,0.0,38.925724637681164,38.925724637681164,38.925724637681164,38.925724637681164,0.03969690665989112,0.014749474565488325,0.0,0.0,0.0,0.03969690665989112,0.2520319976611063
9.368,0.0,0.0,0.5400783815261155,0.0,0.0,0.02133645130800005,0.0,0.0,0.0,0.0,0.0,0.0,0.0,0.0,0.5,0.0,0.0,0.0,-0.05,0.0,0.0,0.0,38.925724637681164,38.925724637681164,38.925724637681164,38.925724637681164,0.040078381526115536,0.02133645130800005,0.0,0.0,0.0,0.040078381526115536,0.32319100137101486
9.376,0.0,0.0,0.540485155988737,0.0,0.0,0.027238522611938543,0.0,0.0,0.0,0.0,0.0,0.0,0.0,0.0,0.5,0.0,0.0,0.0,-0.05,0.0,0.0,0.0,38.925724637681164,38.925724637681164,38.925724637681164,38.925724637681164,0.04048515598873703,0.027238522611938543,0.0,0.0,0.0,0.04048515598873703,0.28282000130275264
9.384,0.0,0.0,0.5409096615401215,0.0,0.0,0.032403456874162476,0.0,0.0,0.0,0.0,0.0,0.0,0.0,0.0,0.5,0.0,0.0,0.0,-0.05,0.0,0.0,0.0,38.925724637681164,38.925724637681164,38.925724637681164,38.925724637681164,0.040909661540121545,0.032403456874162476,0.0,0.0,0.0,0.040909661540121545,0.2876169965020381
9.392,0.0,0.0,0.5413443831971136,0.0,0.0,0.03679080692413364,0.0,0.0,0.0,0.0,0.0,0.0,0.0,0.0,0.5,0.0,0.0,0.0,-0.05,0.0,0.0,0.0,38.925724637681164,38.925724637681164,38.925724637681164,38.925724637681164,0.04134438319711364,0.03679080692413364,0.0,0.0,0.0,0.04134438319711364,0.3324910067021847
9.4,0.0,0.0,0.5417818594314918,0.0,0.0,0.040369551398760084,0.0,0.0,0.0,0.0,0.0,0.0,0.0,0.0,0.5,0.0,0.0,0.0,-0.05,0.0,0.0,0.0,38.925724637681164,38.925724637681164,38.925724637681164,38.925724637681164,0.04178185943149182,0.040369551398760084,0.0,0.0,0.0,0.04178185943149182,0.32702599855838344
9.408,0.0,0.0,0.5422146821005142,0.0,0.0,0.04311620784456768,0.0,0.0,0.0,0.0,0.0,0.0,0.0,0.0,0.5,0.0,0.0,0.0,-0.05,0.0,0.0,0.0,38.925724637681164,38.925724637681164,38.925724637681164,38.925724637681164,0.042214682100514156,0.04311620784456768,0.0,0.0,0.0,0.042214682100514156,0.34545199741842225
9.416,0.0,0.0,0.5426354963775541,0.0,0.0,0.04501332320165281,0.0,0.0,0.0,0.0,0.0,0.0,0.0,0.0,0.5,0.0,0.0,0.0,-0.05,0.0,0.0,0.0,38.925724637681164,38.925724637681164,38.925724637681164,38.925724637681164,0.04263549637755415,0.04501332320165281,0.0,0.0,0.0,0.04263549637755415,0.32503099646419287
9.424,0.0,0.0,0.5430370006828268,0.0,0.0,0.0460482661931393,0.0,0.0,0.0,0.0,0.0,0.0,0.0,0.0,0.5,0.0,0.0,0.0,-0.05,0.0,0.0,0.0,38.925724637681164,38.925724637681164,38.925724637681164,38.925724637681164,0.04303700068282679,0.0460482661931393,0.0,0.0,0.0,0.04303700068282679,0.29817400354659185
9.432,0.0,0.0,0.5434119466142046,0.0,0.0,0.0462122612389546,0.0,0.0,0.0,0.0,0.0,0.0,0.0,0.0,0.5,0.0,0.0,0.0,-0.05,0.0,0.0,0.0,38.925724637681164,38.925724637681164,38.925724637681164,38.925724637681164,0.043411946614204555,0.0462122612389546,0.0,0.0,0.0,0.043411946614204555,0.2559870044933632
9.44,0.0,0.0,0.5437531388781234,0.0,0.0,0.04549961558913515,0.0,0.0,0.0,0.0,0.0,0.0,0.0,0.0,0.5,0.0,0.0,0.0,-0.05,0.0,0.0,0.0,38.925724637681164,38.925724637681164,38.925724637681164,38.925724637681164,0.04375313887812338,0.04549961558913515,0.0,0.0,0.0,0.04375313887812338,0.15606499800924212
9.448,0.0,0.0,0.5440534352205784,0.0,0.0,0.043907101032681944,0.0,0.0,0.0,0.0,0.0,0.0,0.0,0.0,0.5,0.0,0.0,0.0,-0.05,0.0,0.0,0.0,38.925724637681164,38.925724637681164,38.925724637681164,38.925724637681164,0.04405343522057836,0.043907101032681944,0.0,0.0,0.0,0.04405343522057836,0.2609570001368411
9.456,0.0,0.0,0.544305746358209,0.0,0.0,0.04143345926691349,0.0,0.0,0.0,0.0,0.0,0.0,0.0,0.0,0.5,0.0,0.0,0.0,-0.05,0.0,0.0,0.0,38.925724637681164,38.925724637681164,38.925724637681164,38.925724637681164,0.04430574635820905,0.04143345926691349,0.0,0.0,0.0,0.04430574635820905,0.30368699663085863
9.464,0.0,0.0,0.5445045478616802,0.0,0.0,0.038116805000309735,0.0,0.0,0.0,0.0,0.0,0.0,0.0,0.0,0.5,0.0,0.0,0.0,-0.05,0.0,0.0,0.0,38.925724637681164,38.925724637681164,38.925724637681164,38.925724637681164,0.04450454786168023,0.038116805000309735,0.0,0.0,0.0,0.04450454786168023,0.4346939967945218
9.472,0.0,0.0,0.5446499092564131,0.0,0.0,0.03412747886856989,0.0,0.0,0.0,0.0,0.0,0.0,0.0,0.0,0.5,0.0,0.0,0.0,-0.05,0.0,0.0,0.0,38.925724637681164,38.925724637681164,38.925724637681164,38.925724637681164,0.0446499092564131,0.03412747886856989,0.0,0.0,0.0,0.0446499092564131,0.5391390004660934
9.48,0.0,0.0,0.5447418999774938,0.0,0.0,0.029601751121872695,0.0,0.0,0.0,0.0,0.0,0.0,0.0,0.0,0.5,0.0,0.0,0.0,-0.05,0.0,0.0,0.0,38.925724637681164,38.925724637681164,38.925724637681164,38.925724637681164,0.04474189997749378,0.029601751121872695,0.0,0.0,0.0,0.04474189997749378,0.33955000253627077
9.488,0.0,0.0,0.5447805893697912,0.0,0.0,0.02464863570493459,0.0,0.0,0.0,0.0,0.0,0.0,0.0,0.0,0.5,0.0,0.0,0.0,-0.05,0.0,0.0,0.0,38.925724637681164,38.925724637681164,38.925724637681164,38.925724637681164,0.044780589369791235,0.02464863570493459,0.0,0.0,0.0,0.044780589369791235,0.28362900047795847
9.496,0.0,0.0,0.5447660466880739,0.0,0.0,0.019355341521015215,0.0,0.0,0.0,0.0,0.0,0.0,0.0,0.0,0.5,0.0,0.0,0.0,-0.05,0.0,0.0,0.0,38.925724637681164,38.925724637681164,38.925724637681164,38.925724637681164,0.044766046688073935,0.019355341521015215,0.0,0.0,0.0,0.044766046688073935,0.25718500546645373
9.504,0.0,0.0,0.5446983410971272,0.0,0.0,0.013791633443144248,0.0,0.0,0.0,0.0,0.0,0.0,0.0,0.0,0.5,0.0,0.0,0.0,-0.05,0.0,0.0,0.0,38.925724637681164,38.925724637681164,38.925724637681164,38.925724637681164,0.044698341097127225,0.013791633443144248,0.0,0.0,0.0,0.044698341097127225,0.24229200062109157
9.512,0.0,0.0,0.5445775416718703,0.0,0.0,0.008013321123093487,0.0,0.0,0.0,0.0,0.0,0.0,0.0,0.0,0.5,0.0,0.0,0.0,-0.05,0.0,0.0,0.0,38.925724637681164,38.925724637681164,38.925724637681164,38.925724637681164,0.044577541671870335,0.008013321123093487,0.0,0.0,0.0,0.044577541671870335,0.22595000336878002
9.52,0.0,0.0,0.5444037173974728,0.0,0.0,0.002065050038536966,0.0,0.0,0.0,0.0,0.0,0.0,0.0,0.0,0.5,0.0,0.0,0.0,-0.05,0.0,0.0,0.0,38.925724637681164,38.925724637681164,38.925724637681164,38.925724637681164,0.04440371739747284,0.002065050038536966,0.0,0.0,0.0,0.04440371739747284,0.20444400433916599
9.528,0.0,0.0,0.5441769371694715,0.0,0.0,-0.0040174656692042315,0.0,0.0,0.0,0.0,0.0,0.0,0.0,0.0,0.5,0.0,0.0,0.0,-0.05,0.0,0.0,0.0,38.925724637681164,38.925724637681164,38.925724637681164,38.925724637681164,0.044176937169471464,0.0040174656692042315,0.0,0.0,0.0,0.044176937169471464,0.18228599947178736
9.536,0.0,0.0,0.5438972697938865,0.0,0.0,-0.010205656924987542,0.0,0.0,0.0,0.0,0.0,0.0,0.0,0.0,0.5,0.0,0.0,0.0,-0.05,0.0,0.0,0.0,38.925724637681164,38.925724637681164,38.925724637681164,38.925724637681164,0.04389726979388653,0.010205656924987542,0.0,0.0,0.0,0.04389726979388653,0.18501900194678456
9.544,0.0,0.0,0.5435647839873382,0.0,0.0,-0.016476670703697145,0.0,0.0,0.0,0.0,0.0,0.0,0.0,0.0,0.5,0.0,0.0,0.0,-0.05,0.0,0.0,0.0,38.925724637681164,38.925724637681164,38.925724637681164,38.925724637681164,0.04356478398733821,0.016476670703697145,0.0,0.0,0.0,0.04356478398733821,0.14847100101178512
9.552,0.0,0.0,0.5431795483771626,0.0,0.0,-0.02281222681734779,0.0,0.0,0.0,0.0,0.0,0.0,0.0,0.0,0.5,0.0,0.0,0.0,-0.05,0.0,0.0,0.0,38.925724637681164,38.925724637681164,38.925724637681164,38.925724637681164,0.043179548377162646,0.02281222681734779,0.0,0.0,0.0,0.043179548377162646,0.13625199790112674
9.56,0.0,0.0,0.5427416315015282,0.0,0.0,-0.02919770334473792,0.0,0.0,0.0,0.0,0.0,0.0,0.0,0.0,0.5,0.0,0.0,0.0,-0.045294083728572354,0.0,0.0,0.0,39.77824570134559,39.77824570134559,39.77824570134559,39.77824570134559,0.04274163150152821,0.02919770334473792,0.0,0.0,0.0,0.04274163150152821,0.12715600314550102
9.568,0.0,0.0,0.5422582098668007,0.0,0.0,-0.03544370354397859,0.0,0.0,0.0,0.0,0.0,0.0,0.0,0.0,0.5,0.0,0.0,0.0,-0.038439329102695985,0.0,0.0,0.0,41.02004907559856,41.02004907559856,41.02004907559856,41.02004907559856,0.04225820986680073,0.03544370354397859,0.0,0.0,0.0,0.04225820986680073,0.17435899644624442
9.576,0.0,0.0,0.5417364943455305,0.0,0.0,-0.0413978508669371,0.0,0.0,0.0,0.0,0.0,0.0,0.0,0.0,0.5,0.0,0.0,0.0,-0.031793946724913424,0.0,0.0,0.0,42.22392269476206,42.22392269476206,42.22392269476206,42.22392269476206,0.041736494345530506,0.0413978508669371,0.0,0.0,0.0,0.041736494345530506,0.12458900164347142
9.584,0.0,0.0,0.5411837301318001,0.0,0.0,-0.04693738603681134,0.0,0.0,0.0,0.0,0.0,0.0,0.0,0.0,0.5,0.0,0.0,0.0,-0.02548672354969861,0.0,0.0,0.0,43.366535588822714,43.366535588822714,43.366535588822714,43.366535588822714,0.0411837301318001,0.04693738603681134,0.0,0.0,0.0,0.0411837301318001,0.1374689963995479
9.592,0.0,0.0,0.5406071966966304,0.0,0.0,-0.05196324470869056,0.0,0.0,0.0,0.0,0.0,0.0,0.0,0.0,0.5,0.0,0.0,0.0,-0.019625626765142234,0.0,0.0,0.0,44.42832848457569,44.42832848457569,44.42832848457569,44.42832848457569,0.04060719669663038,0.05196324470869056,0.0,0.0,0.0,0.04060719669663038,0.1251399953616783
9.6,0.0,0.0,0.540014207743444,0.0,0.0,-0.05639531959661358,0.0,0.0,0.0,0.0,0.0,0.0,0.0,0.0,0.5,0.0,0.0,0.0,-0.014300607740381999,0.0,0.0,0.0,45.3930058441337,45.3930058441337,45.3930058441337,45.3930058441337,0.040014207743444,0.05639531959661358,0.0,0.0,0.0,0.040014207743444,0.12319799861870706
9.608,0.0,0.0,0.5394121111635872,0.0,0.0,-0.06016867017370843,0.0,0.0,0.0,0.0,0.0,0.0,0.0,0.0,0.5,0.0,0.0,0.0,-0.00958721116906569,0.0,0.0,0.0,46.24688203458955,46.24688203458955,46.24688203458955,46.24688203458955,0.03941211116358723,0.06016867017370843,0.0,0.0,0.0,0.03941211116358723,0.1401959962095134
9.616,0.0,0.0,0.538808288991909,0.0,0.0,-0.06323049043092349,0.0,0.0,0.0,0.0,0.0,0.0,0.0,0.0,0.5,0.0,0.0,0.0,-0.005549467884460313,0.0,0.0,0.0,46.97835726730791,46.97835726730791,46.97835726730791,46.97835726730791,0.038808288991909023,0.06323049043092349,0.0,0.0,0.0,0.038808288991909023,0.12868799967691302
9.624,0.0,0.0,0.5382101573623986,0.0,0.0,-0.06553768308249688,0.0,0.0,0.0,0.0,0.0,0.0,0.0,0.0,0.5,0.0,0.0,0.0,-0.0022422091190495985,0.0,0.0,0.0,47.577498347998265,47.577498347998265,47.577498347998265,47.577498347998265,0.038210157362398633,0.06553768308249688,0.0,0.0,0.0,0.038210157362398633,0.1263820013264194
9.632,0.0,0.0,0.5376251664638799,0.0,0.0,-0.0670549189289669,0.0,0.0,0.0,0.0,0.0,0.0,0.0,0.0,0.5,0.0,0.0,0.0,0.0002870821026984549,0.0,0.0,0.0,48.03570327947436,48.03570327947436,48.03570327947436,48.03570327947436,0.03762516646387992,0.0670549189289669,0.0,0.0,0.0,0.03762516646387992,0.12491000234149396
9.64,0.0,0.0,0.5370608004957639,0.0,0.0,-0.06775308434607301,0.0,0.0,0.0,0.0,0.0,0.0,0.0,0.0,0.5,0.0,0.0,0.0,0.0019956533736048554,0.0,0.0,0.0,48.34522706043566,48.34522706043566,48.34522706043566,48.34522706043566,0.03706080049576388,0.06775308434607301,0.0,0.0,0.0,0.03706080049576388,0.1401939953211695
9.648,0.0,0.0,0.5365245776238584,0.0,0.0,-0.06760803927449657,0.0,0.0,0.0,0.0,0.0,0.0,0.0,0.0,0.5,0.0,0.0,0.0,0.0028488366302781287,0.0,0.0,0.0,48.499789244615606,48.499789244615606,48.499789244615606,48.499789244615606,0.03652457762385841,0.06760803927449657,0.0,0.0,0.0,0.03652457762385841,0.21643399668391794
9.656,0.0,0.0,0.5360240499362358,0.0,0.0,-0.06659962361016221,0.0,0.0,0.0,0.0,0.0,0.0,0.0,0.0,0.5,0.0,0.0,0.0,0.0028123222160615358,0.0,0.0,0.0,48.493174314503904,48.493174314503904,48.493174314503904,48.493174314503904,0.03602404993623576,0.06659962361016221,0.0,0.0,0.0,0.03602404993623576,0.14151199866319075
9.664,0.0,0.0,0.5355668033991567,0.0,0.0,-0.0647108623151064,0.0,0.0,0.0,0.0,0.0,0.0,0.0,0.0,0.5,0.0,0.0,0.0,0.001855882921571017,0.0,0.0,0.0,48.319906326371566,48.319906326371566,48.319906326371566,48.319906326371566,0.03556680339915674,0.0647108623151064,0.0,0.0,0.0,0.03556680339915674,0.14998300321167335
9.672,0.0,0.0,0.5351604578130529,0.0,0.0,-0.06192732950468054,0.0,0.0,0.0,0.0,0.0,0.0,0.0,0.0,0.5,0.0,0.0,0.0,-4.8334750986422925e-05,0.0,0.0,0.0,47.974939356705356,47.974939356705356,47.974939356705356,47.974939356705356,0.03516045781305288,0.06192732950468054,0.0,0.0,0.0,0.03516045781305288,0.19941099890274927
9.68,0.0,0.0,0.5348126667685652,0.0,0.0,-0.05823663971593733,0.0,0.0,0.0,0.0,0.0,0.0,0.0,0.0,0.5,0.0,0.0,0.0,-0.002926300145993155,0.0,0.0,0.0,47.45356881413168,47.45356881413168,47.45356881413168,47.45356881413168,0.034812666768565204,0.05823663971593733,0.0,0.0,0.0,0.034812666768565204,0.1572780020069331
9.688,0.0,0.0,0.5345311176026407,0.0,0.0,-0.05362804092086129,0.0,0.0,0.0,0.0,0.0,0.0,0.0,0.0,0.5,0.0,0.0,0.0,-0.0068024866555962404,0.0,0.0,0.0,46.75136111311662,46.75136111311662,46.75136111311662,46.75136111311662,0.034531117602640715,0.05362804092086129,0.0,0.0,0.0,0.034531117602640715,0.1648440011194907
9.696,0.0,0.0,0.5343235313546852,0.0,0.0,-0.048092088935576385,0.0,0.0,0.0,0.0,0.0,0.0,0.0,0.0,0.5,0.0,0.0,0.0,-0.01170018226391023,0.0,0.0,0.0,45.86409741595829,45.86409741595829,45.86409741595829,45.86409741595829,0.034323531354685244,0.048092088935576385,0.0,0.0,0.0,0.034323531354685244,0.14358000044012442
9.704,0.0,0.0,0.5341976627227739,0.0,0.0,-0.04162038694624401,0.0,0.0,0.0,0.0,0.0,0.0,0.0,0.0,0.5,0.0,0.0,0.0,-0.017643345871110494,0.0,0.0,0.0,44.78743734219013,44.78743734219013,44.78743734219013,44.78743734219013,0.034197662722773914,0.04162038694624401,0.0,0.0,0.0,0.034197662722773914,0.3223750027245842
9.712,0.0,0.0,0.534161300019918,0.0,0.0,-0.03420537712839272,0.0,0.0,0.0,0.0,0.0,0.0,0.0,0.0,0.5,0.0,0.0,0.0,-0.024650093888809455,0.0,0.0,0.0,43.51809893318669,43.51809893318669,43.51809893318669,43.51809893318669,0.03416130001991802,0.03420537712839272,0.0,0.0,0.0,0.03416130001991802,0.1578499941388145
9.72,0.0,0.0,0.5342153952052854,0.0,0.0,-0.026011922068530223,0.0,0.0,0.0,0.0,0.0,0.0,0.0,0.0,0.5,0.0,0.0,0.0,-0.03256575300346354,0.0,0.0,0.0,42.08410271676385,42.08410271676385,42.08410271676385,42.08410271676385,0.03421539520528538,0.026011922068530223,0.0,0.0,0.0,0.03421539520528538,0.15980399621184915
9.728,0.0,0.0,0.5343519303635341,0.0,0.0,-0.017396158698605287,0.0,0.0,0.0,0.0,0.0,0.0,0.0,0.0,0.5,0.0,0.0,0.0,-0.041038048253278836,0.0,0.0,0.0,40.549266620782824,40.549266620782824,40.549266620782824,40.549266620782824,0.03435193036353412,0.017396158698605287,0.0,0.0,0.0,0.03435193036353412,0.24179899628506973
9.736,0.0,0.0,0.5345629416877193,0.0,0.0,-0.008641643854254385,0.0,0.0,0.0,0.0,0.0,0.0,0.0,0.0,0.5,0.0,0.0,0.0,-0.04978044794657421,0.0,0.0,0.0,38.965498560403226,38.965498560403226,38.965498560403226,38.965498560403226,0.03456294168771934,0.008641643854254385,0.0,0.0,0.0,0.03456294168771934,0.18054300016956404
9.744,0.0,0.0,0.5348405194089899,0.0,0.0,2.6127948361559343e-05,0.0,0.0,0.0,0.0,0.0,0.0,0.0,0.0,0.5,0.0,0.0,0.0,-0.05,0.0,0.0,0.0,38.925724637681164,38.925724637681164,38.925724637681164,38.925724637681164,0.03484051940898991,2.6127948361559343e-05,0.0,0.0,0.0,0.03484051940898991,0.24823699641274288
9.752,0.0,0.0,0.535176807726376,0.0,0.0,0.008428110293340303,0.0,0.0,0.0,0.0,0.0,0.0,0.0,0.0,0.5,0.0,0.0,0.0,-0.05,0.0,0.0,0.0,38.925724637681164,38.925724637681164,38.925724637681164,38.925724637681164,0.03517680772637599,0.008428110293340303,0.0,0.0,0.0,0.03517680772637599,0.2726090024225414
9.76,0.0,0.0,0.5355640047366688,0.0,0.0,0.01642241349199262,0.0,0.0,0.0,0.0,0.0,0.0,0.0,0.0,0.5,0.0,0.0,0.0,-0.05,0.0,0.0,0.0,38.925724637681164,38.925724637681164,38.925724637681164,38.925724637681164,0.035564004736668764,0.01642241349199262,0.0,0.0,0.0,0.035564004736668764,0.2861719985958189
9.768,0.0,0.0,0.5359943623643905,0.0,0.0,0.0238968714866354,0.0,0.0,0.0,0.0,0.0,0.0,0.0,0.0,0.5,0.0,0.0,0.0,-0.05,0.0,0.0,0.0,38.925724637681164,38.925724637681164,38.925724637681164,38.925724637681164,0.035994362364390464,0.0238968714866354,0.0,0.0,0.0,0.035994362364390464,0.3525439969962463
9.776,0.0,0.0,0.5364601862918554,0.0,0.0,0.030763095375933854,0.0,0.0,0.0,0.0,0.0,0.0,0.0,0.0,0.5,0.0,0.0,0.0,-0.05,0.0,0.0,0.0,38.925724637681164,38.925724637681164,38.925724637681164,38.925724637681164,0.036460186291855434,0.030763095375933854,0.0,0.0,0.0,0.036460186291855434,0.3881029988406226
9.784,0.0,0.0,0.5369538358893226,0.0,0.0,0.03695171623742361,0.0,0.0,0.0,0.0,0.0,0.0,0.0,0.0,0.5,0.0,0.0,0.0,-0.05,0.0,0.0,0.0,38.925724637681164,38.925724637681164,38.925724637681164,38.925724637681164,0.03695383588932255,0.03695171623742361,0.0,0.0,0.0,0.03695383588932255,0.43472499964991584
9.792,0.0,0.0,0.5374677241452381,0.0,0.0,0.042408579387829916,0.0,0.0,0.0,0.0,0.0,0.0,0.0,0.0,0.5,0.0,0.0,0.0,-0.05,0.0,0.0,0.0,38.925724637681164,38.925724637681164,38.925724637681164,38.925724637681164,0.037467724145238135,0.042408579387829916,0.0,0.0,0.0,0.037467724145238135,0.35677199775818735
9.8,0.0,0.0,0.5379943175965693,0.0,0.0,0.04709169979354282,0.0,0.0,0.0,0.0,0.0,0.0,0.0,0.0,0.5,0.0,0.0,0.0,-0.05,0.0,0.0,0.0,38.925724637681164,38.925724637681164,38.925724637681164,38.925724637681164,0.03799431759656935,0.04709169979354282,0.0,0.0,0.0,0.03799431759656935,0.35129500611219555
9.808,0.0,0.0,0.5385261362592283,0.0,0.0,0.05096882640130935,0.0,0.0,0.0,0.0,0.0,0.0,0.0,0.0,0.5,0.0,0.0,0.0,-0.05,0.0,0.0,0.0,38.925724637681164,38.925724637681164,38.925724637681164,38.925724637681164,0.038526136259228294,0.05096882640130935,0.0,0.0,0.0,0.038526136259228294,0.4401440019137226
9.816,0.0,0.0,0.5390557535585864,0.0,0.0,0.0540154936049979,0.0,0.0,0.0,0.0,0.0,0.0,0.0,0.0,0.5,0.0,0.0,0.0,-0.05,0.0,0.0,0.0,38.925724637681164,38.925724637681164,38.925724637681164,38.925724637681164,0.03905575355858637,0.0540154936049979,0.0,0.0,0.0,0.03905575355858637,0.3718900043168105
9.824,0.0,0.0,0.5395757962600793,0.0,0.0,0.05621346242132408,0.0,0.0,0.0,0.0,0.0,0.0,0.0,0.0,0.5,0.0,0.0,0.0,-0.05,0.0,0.0,0.0,38.925724637681164,38.925724637681164,38.925724637681164,38.925724637681164,0.03957579626007934,0.05621346242132408,0.0,0.0,0.0,0.03957579626007934,0.35486499837134033
9.832,0.0,0.0,0.5400789443999019,0.0,0.0,0.05754947343262164,0.0,0.0,0.0,0.0,0.0,0.0,0.0,0.0,0.5,0.0,0.0,0.0,-0.05,0.0,0.0,0.0,38.925724637681164,38.925724637681164,38.925724637681164,38.925724637681164,0.040078944399901895,0.05754947343262164,0.0,0.0,0.0,0.040078944399901895,0.3434570026001893
9.84,0.0,0.0,0.5405579312157927,0.0,0.0,0.05801424914336759,0.0,0.0,0.0,0.0,0.0,0.0,0.0,0.0,0.5,0.0,0.0,0.0,-0.05,0.0,0.0,0.0,38.925724637681164,38.925724637681164,38.925724637681164,38.925724637681164,0.04055793121579265,0.05801424914336759,0.0,0.0,0.0,0.04055793121579265,0.37347699981182814
9.848,0.0,0.0,0.5410055430779092,0.0,0.0,0.05760169586760542,0.0,0.0,0.0,0.0,0.0,0.0,0.0,0.0,0.5,0.0,0.0,0.0,-0.05,0.0,0.0,0.0,38.925724637681164,38.925724637681164,38.925724637681164,38.925724637681164,0.04100554307790916,0.05760169586760542,0.0,0.0,0.0,0.04100554307790916,0.29428199923131615
9.856,0.0,0.0,0.5414146194197925,0.0,0.0,0.05630826524116954,0.0,0.0,0.0,0.0,0.0,0.0,0.0,0.0,0.5,0.0,0.0,0.0,-0.05,0.0,0.0,0.0,38.925724637681164,38.925724637681164,38.925724637681164,38.925724637681164,0.04141461941979252,0.05630826524116954,0.0,0.0,0.0,0.04141461941979252,0.22766700567444786
9.864,0.0,0.0,0.5417780526694218,0.0,0.0,0.05413244343366676,0.0,0.0,0.0,0.0,0.0,0.0,0.0,0.0,0.5,0.0,0.0,0.0,-0.05,0.0,0.0,0.0,38.925724637681164,38.925724637681164,38.925724637681164,38.925724637681164,0.041778052669421806,0.05413244343366676,0.0,0.0,0.0,0.041778052669421806,0.33606500073801726
9.872,0.0,0.0,0.542088788180358,0.0,0.0,0.05107434252033898,0.0,0.0,0.0,0.0,0.0,0.0,0.0,0.0,0.5,0.0,0.0,0.0,-0.05,0.0,0.0,0.0,38.925724637681164,38.925724637681164,38.925724637681164,38.925724637681164,0.042088788180357994,0.05107434252033898,0.0,0.0,0.0,0.042088788180357994,0.48492899804841727
9.88,0.0,0.0,0.5423459381459605,0.0,0.0,0.047288223156334325,0.0,0.0,0.0,0.0,0.0,0.0,0.0,0.0,0.5,0.0,0.0,0.0,-0.05,0.0,0.0,0.0,38.925724637681164,38.925724637681164,38.925724637681164,38.925724637681164,0.04234593814596055,0.047288223156334325,0.0,0.0,0.0,0.04234593814596055,0.35445799585431814
9.888,0.0,0.0,0.5425495721902825,0.0,0.0,0.04292142963311799,0.0,0.0,0.0,0.0,0.0,0.0,0.0,0.0,0.5,0.0,0.0,0.0,-0.05,0.0,0.0,0.0,38.925724637681164,38.925724637681164,38.925724637681164,38.925724637681164,0.04254957219028255,0.04292142963311799,0.0,0.0,0.0,0.04254957219028255,0.33630200050538406
9.896,0.0,0.0,0.5426997598469139,0.0,0.0,0.03809183512227719,0.0,0.0,0.0,0.0,0.0,0.0,0.0,0.0,0.5,0.0,0.0,0.0,-0.05,0.0,0.0,0.0,38.925724637681164,38.925724637681164,38.925724637681164,38.925724637681164,0.042699759846913876,0.03809183512227719,0.0,0.0,0.0,0.042699759846913876,0.3671649974421598
9.904,0.0,0.0,0.5427965705590991,0.0,0.0,0.032893735902453466,0.0,0.0,0.0,0.0,0.0,0.0,0.0,0.0,0.5,0.0,0.0,0.0,-0.05,0.0,0.0,0.0,38.925724637681164,38.925724637681164,38.925724637681164,38.925724637681164,0.042796570559099134,0.032893735902453466,0.0,0.0,0.0,0.042796570559099134,0.37259999953676015
9.912,0.0,0.0,0.5428400736798549,0.0,0.0,0.02740256674085613,0.0,0.0,0.0,0.0,0.0,0.0,0.0,0.0,0.5,0.0,0.0,0.0,-0.05,0.0,0.0,0.0,38.925724637681164,38.925724637681164,38.925724637681164,38.925724637681164,0.04284007367985487,0.02740256674085613,0.0,0.0,0.0,0.04284007367985487,0.2838479995261878
9.92,0.0,0.0,0.5428303384720867,0.0,0.0,0.02167867319848121,0.0,0.0,0.0,0.0,0.0,0.0,0.0,0.0,0.5,0.0,0.0,0.0,-0.05,0.0,0.0,0.0,38.925724637681164,38.925724637681164,38.925724637681164,38.925724637681164,0.042830338472086726,0.02167867319848121,0.0,0.0,0.0,0.042830338472086726,0.30709700513398275
9.928,0.0,0.0,0.5427674341087065,0.0,0.0,0.015770329474280406,0.0,0.0,0.0,0.0,0.0,0.0,0.0,0.0,0.5,0.0,0.0,0.0,-0.05,0.0,0.0,0.0,38.925724637681164,38.925724637681164,38.925724637681164,38.925724637681164,0.04276743410870654,0.015770329474280406,0.0,0.0,0.0,0.04276743410870654,0.32858399936230853
9.936,0.0,0.0,0.5426514296727494,0.0,0.0,0.009716152680494953,0.0,0.0,0.0,0.0,0.0,0.0,0.0,0.0,0.5,0.0,0.0,0.0,-0.05,0.0,0.0,0.0,38.925724637681164,38.925724637681164,38.925724637681164,38.925724637681164,0.042651429672749375,0.009716152680494953,0.0,0.0,0.0,0.042651429672749375,0.26188400079263374
9.944,0.0,0.0,0.5424823941574903,0.0,0.0,0.003547034262920392,0.0,0.0,0.0,0.0,0.0,0.0,0.0,0.0,0.5,0.0,0.0,0.0,-0.05,0.0,0.0,0.0,38.925724637681164,38.925724637681164,38.925724637681164,38.925724637681164,0.04248239415749033,0.003547034262920392,0.0,0.0,0.0,0.04248239415749033,0.20101199334021658
9.952,0.0,0.0,0.5422603964665611,0.0,0.0,-0.0027123148628950986,0.0,0.0,0.0,0.0,0.0,0.0,0.0,0.0,0.5,0.0,0.0,0.0,-0.05,0.0,0.0,0.0,38.925724637681164,38.925724637681164,38.925724637681164,38.925724637681164,0.0422603964665611,0.0027123148628950986,0.0,0.0,0.0,0.0422603964665611,0.1830060064094141
9.96,0.0,0.0,0.5419855054140662,0.0,0.0,-0.009042128202687728,0.0,0.0,0.0,0.0,0.0,0.0,0.0,0.0,0.5,0.0,0.0,0.0,-0.05,0.0,0.0,0.0,38.925724637681164,38.925724637681164,38.925724637681164,38.925724637681164,0.041985505414066204,0.009042128202687728,0.0,0.0,0.0,0.041985505414066204,0.1679660053923726
9.968,0.0,0.0,0.5416577897246998,0.0,0.0,-0.015426594796311172,0.0,0.0,0.0,0.0,0.0,0.0,0.0,0.0,0.5,0.0,0.0,0.0,-0.05,0.0,0.0,0.0,38.925724637681164,38.925724637681164,38.925724637681164,38.925724637681164,0.0416577897246998,0.015426594796311172,0.0,0.0,0.0,0.0416577897246998,0.15503800386795774
9.976,0.0,0.0,0.5412773180338615,0.0,0.0,-0.021853068108005982,0.0,0.0,0.0,0.0,0.0,0.0,0.0,0.0,0.5,0.0,0.0,0.0,-0.049593177484259954,0.0,0.0,0.0,38.999424368793484,38.999424368793484,38.999424368793484,38.999424368793484,0.041277318033861476,0.021853068108005982,0.0,0.0,0.0,0.041277318033861476,0.15447100304299966
9.984,0.0,0.0,0.5408463369974129,0.0,0.0,-0.028256980397620056,0.0,0.0,0.0,0.0,0.0,0.0,0.0,0.0,0.5,0.0,0.0,0.0,-0.042685040488989134,0.0,0.0,0.0,40.25089846213965,40.25089846213965,40.25089846213965,40.25089846213965,0.04084633699741291,0.028256980397620056,0.0,0.0,0.0,0.04084633699741291,0.1591769978404045
9.992,0.0,0.0,0.5403720337163567,0.0,0.0,-0.0344631663445008,0.0,0.0,0.0,0.0,0.0,0.0,0.0,0.0,0.5,0.0,0.0,0.0,-0.03588687082072073,0.0,0.0,0.0,41.48245093827523,41.48245093827523,41.48245093827523,41.48245093827523,0.04037203371635667,0.0344631663445008,0.0,0.0,0.0,0.04037203371635667,0.12649699783651158
10.0,0.0,0.0,0.5398616296441142,0.0,0.0,-0.0403306348816634,0.0,0.0,0.0,0.0,0.0,0.0,0.0,0.0,0.5,0.0,0.0,0.0,-0.029345110605742075,0.0,0.0,0.0,42.667552426496,42.667552426496,42.667552426496,42.667552426496,0.039861629644114216,0.0403306348816634,0.0,0.0,0.0,0.039861629644114216,0.13114899775246158
10.008000000000001,0.0,0.0,0.5393223805418915,0.0,0.0,-0.04574573546089657,0.0,0.0,0.0,0.0,0.0,0.0,0.0,0.0,0.5,0.0,0.0,0.0,-0.023181598785927293,0.0,0.0,0.0,43.78413065472332,43.78413065472332,43.78413065472332,43.78413065472332,0.03932238054189152,0.04574573546089657,0.0,0.0,0.0,0.03932238054189152,0.1492040028097108
10.016,0.0,0.0,0.5387615764341028,0.0,0.0,-0.05061669106343612,0.0,0.0,0.0,0.0,0.0,0.0,0.0,0.0,0.5,0.0,0.0,0.0,-0.017497376504431283,0.0,0.0,0.0,44.81388106803781,44.81388106803781,44.81388106803781,44.81388106803781,0.03876157643410283,0.05061669106343612,0.0,0.0,0.0,0.03876157643410283,0.17530799959786236
10.024000000000001,0.0,0.0,0.538186541563852,0.0,0.0,-0.05486922460701704,0.0,0.0,0.0,0.0,0.0,0.0,0.0,0.0,0.5,0.0,0.0,0.0,-0.012376852312881659,0.0,0.0,0.0,45.74151226215912,45.74151226215912,45.74151226215912,45.74151226215912,0.03818654156385204,0.05486922460701704,0.0,0.0,0.0,0.03818654156385204,0.13326300540938973
10.032,0.0,0.0,0.5376046343484724,0.0,0.0,-0.058443060070106516,0.0,0.0,0.0,0.0,0.0,0.0,0.0,0.0,0.5,0.0,0.0,0.0,-0.007891140174535072,0.0,0.0,0.0,46.554141272729154,46.554141272729154,46.554141272729154,46.554141272729154,0.03760463434847239,0.058443060070106516,0.0,0.0,0.0,0.03760463434847239,0.12528300430858508
10.040000000000001,0.0,0.0,0.5370232473351235,0.0,0.0,-0.06128912338980525,0.0,0.0,0.0,0.0,0.0,0.0,0.0,0.0,0.5,0.0,0.0,0.0,-0.004100729879752185,0.0,0.0,0.0,47.24080980439272,47.24080980439272,47.24080980439272,47.24080980439272,0.03702324733512352,0.06128912338980525,0.0,0.0,0.0,0.03702324733512352,0.17797599866753444
10.048,0.0,0.0,0.5364498071564463,0.0,0.0,-0.06336730317877629,0.0,0.0,0.0,0.0,0.0,0.0,0.0,0.0,0.5,0.0,0.0,0.0,-0.0010576233635173349,0.0,0.0,0.0,47.79209721675411,47.79209721675411,47.79209721675411,47.79209721675411,0.0364498071564463,0.06336730317877629,0.0,0.0,0.0,0.0364498071564463,0.14909399760654196
10.056000000000001,0.0,0.0,0.5358917744862756,0.0,0.0,-0.06464465929728794,0.0,0.0,0.0,0.0,0.0,0.0,0.0,0.0,0.5,0.0,0.0,0.0,0.0011918755100286393,0.0,0.0,0.0,48.19961512862838,48.19961512862838,48.19961512862838,48.19961512862838,0.03589177448627556,0.06464465929728794,0.0,0.0,0.0,0.03589177448627556,0.129722997371573
10.064,0.0,0.0,0.5353566439954099,0.0,0.0,-0.06509398970947235,0.0,0.0,0.0,0.0,0.0,0.0,0.0,0.0,0.5,0.0,0.0,0.0,0.0026101000163583077,0.0,0.0,0.0,48.456539858035924,48.456539858035924,48.456539858035924,48.456539858035924,0.03535664399540994,0.06509398970947235,0.0,0.0,0.0,0.03535664399540994,0.15510799858020619
10.072000000000001,0.0,0.0,0.5348519443074394,0.0,0.0,-0.06469268396683925,0.0,0.0,0.0,0.0,0.0,0.0,0.0,0.0,0.5,0.0,0.0,0.0,0.0031605103378982147,0.0,0.0,0.0,48.55625187280765,48.55625187280765,48.55625187280765,48.55625187280765,0.03485194430743943,0.06469268396683925,0.0,0.0,0.0,0.03485194430743943,0.2145769976777956
10.08,0.0,0.0,0.5343852379546303,0.0,0.0,-0.06342180599370016,0.0,0.0,0.0,0.0,0.0,0.0,0.0,0.0,0.5,0.0,0.0,0.0,0.0028110523159167178,0.0,0.0,0.0,48.49294426012984,48.49294426012984,48.49294426012984,48.49294426012984,0.03438523795463033,0.06342180599370016,0.0,0.0,0.0,0.03438523795463033,0.15802300185896456
10.088000000000001,0.0,0.0,0.5339641213338675,0.0,0.0,-0.06126536031402968,0.0,0.0,0.0,0.0,0.0,0.0,0.0,0.0,0.5,0.0,0.0,0.0,0.001532418289296178,0.0,0.0,0.0,48.26130766110438,48.26130766110438,48.26130766110438,48.26130766110438,0.0339641213338675,0.06126536031402968,0.0,0.0,0.0,0.0339641213338675,0.15678499767091125
10.096,0.0,0.0,0.5335962246626539,0.0,0.0,-0.05820970503156524,0.0,0.0,0.0,0.0,0.0,0.0,0.0,0.0,0.5,0.0,0.0,0.0,-0.0007025165476365336,0.0,0.0,0.0,47.85642816166005,47.85642816166005,47.85642816166005,47.85642816166005,0.033596224662653884,0.05820970503156524,0.0,0.0,0.0,0.033596224662653884,0.3618949995143339
10.104000000000001,0.0,0.0,0.5332892119351671,0.0,0.0,-0.054243082212421044,0.0,0.0,0.0,0.0,0.0,0.0,0.0,0.0,0.5,0.0,0.0,0.0,-0.003919142092205896,0.0,0.0,0.0,47.27370614271632,47.27370614271632,47.27370614271632,47.27370614271632,0.033289211935167096,0.054243082212421044,0.0,0.0,0.0,0.033289211935167096,0.24633199791423976
10.112,0.0,0.0,0.533050780878373,0.0,0.0,-0.049355242189790205,0.0,0.0,0.0,0.0,0.0,0.0,0.0,0.0,0.5,0.0,0.0,0.0,-0.008141471678987822,0.0,0.0,0.0,46.50879136250221,46.50879136250221,46.50879136250221,46.50879136250221,0.03305078087837299,0.049355242189790205,0.0,0.0,0.0,0.03305078087837299,0.19722599972737953
10.120000000000001,0.0,0.0,0.5328886629081967,0.0,0.0,-0.04353714300623896,0.0,0.0,0.0,0.0,0.0,0.0,0.0,0.0,0.5,0.0,0.0,0.0,-0.013394123315029538,0.0,0.0,0.0,45.55722403713233,45.55722403713233,45.55722403713233,45.55722403713233,0.0328886629081967,0.04353714300623896,0.0,0.0,0.0,0.0328886629081967,0.20918800146318972
10.128,0.0,0.0,0.5328106230857503,0.0,0.0,-0.03678070996615046,0.0,0.0,0.0,0.0,0.0,0.0,0.0,0.0,0.5,0.0,0.0,0.0,-0.019695516587199147,0.0,0.0,0.0,44.41566728492769,44.41566728492769,44.41566728492769,44.41566728492769,0.032810623085750334,0.03678070996615046,0.0,0.0,0.0,0.032810623085750334,0.3226219996577129
10.136000000000001,0.0,0.0,0.5328244600736173,0.0,0.0,-0.0290786432762468,0.0,0.0,0.0,0.0,0.0,0.0,0.0,0.0,0.5,0.0,0.0,0.0,-0.027068913370745684,0.0,0.0,0.0,43.07990699805332,43.07990699805332,43.07990699805332,43.07990699805332,0.03282446007361728,0.0290786432762468,0.0,0.0,0.0,0.03282446007361728,0.15926499327179044
10.144,0.0,0.0,0.5329221465897749,0.0,0.0,-0.020820751717057114,0.0,0.0,0.0,0.0,0.0,0.0,0.0,0.0,0.5,0.0,0.0,0.0,-0.03512686424102629,0.0,0.0,0.0,41.62013328966915,41.62013328966915,41.62013328966915,41.62013328966915,0.03292214658977488,0.020820751717057114,0.0,0.0,0.0,0.03292214658977488,0.17460399976698682
10.152000000000001,0.0,0.0,0.5330957094727677,0.0,0.0,-0.01231752929882464,0.0,0.0,0.0,0.0,0.0,0.0,0.0,0.0,0.5,0.0,0.0,0.0,-0.04356025822607379,0.0,0.0,0.0,40.092344524261996,40.092344524261996,40.092344524261996,40.092344524261996,0.03309570947276774,0.01231752929882464,0.0,0.0,0.0,0.03309570947276774,0.17325699445791543
10.16,0.0,0.0,0.5333372296113883,0.0,0.0,-0.003816019973545183,0.0,0.0,0.0,0.0,0.0,0.0,0.0,0.0,0.5,0.0,0.0,0.0,-0.05,0.0,0.0,0.0,38.925724637681164,38.925724637681164,38.925724637681164,38.925724637681164,0.0333372296113883,0.003816019973545183,0.0,0.0,0.0,0.0333372296113883,0.21165700309211388
10.168000000000001,0.0,0.0,0.5336388418744492,0.0,0.0,0.004487490597685837,0.0,0.0,0.0,0.0,0.0,0.0,0.0,0.0,0.5,0.0,0.0,0.0,-0.05,0.0,0.0,0.0,38.925724637681164,38.925724637681164,38.925724637681164,38.925724637681164,0.03363884187444921,0.004487490597685837,0.0,0.0,0.0,0.03363884187444921,0.21406100131571293
10.176,0.0,0.0,0.5339927350406467,0.0,0.0,0.012437321633087,0.0,0.0,0.0,0.0,0.0,0.0,0.0,0.0,0.5,0.0,0.0,0.0,-0.05,0.0,0.0,0.0,38.925724637681164,38.925724637681164,38.925724637681164,38.925724637681164,0.033992735040646704,0.012437321633087,0.0,0.0,0.0,0.033992735040646704,0.28050599939888343
10.184000000000001,0.0,0.0,0.5343911517285151,0.0,0.0,0.019910274503179524,0.0,0.0,0.0,0.0,0.0,0.0,0.0,0.0,0.5,0.0,0.0,0.0,-0.05,0.0,0.0,0.0,38.925724637681164,38.925724637681164,38.925724637681164,38.925724637681164,0.034391151728515146,0.019910274503179524,0.0,0.0,0.0,0.034391151728515146,0.2750109997577965
10.192,0.0,0.0,0.5348263883264726,0.0,0.0,0.026809134551480103,0.0,0.0,0.0,0.0,0.0,0.0,0.0,0.0,0.5,0.0,0.0,0.0,-0.05,0.0,0.0,0.0,38.925724637681164,38.925724637681164,38.925724637681164,38.925724637681164,0.03482638832647256,0.026809134551480103,0.0,0.0,0.0,0.03482638832647256,0.3075420027016662
10.200000000000001,0.0,0.0,0.5352907949229571,0.0,0.0,0.03305747255329532,0.0,0.0,0.0,0.0,0.0,0.0,0.0,0.0,0.5,0.0,0.0,0.0,-0.05,0.0,0.0,0.0,38.925724637681164,38.925724637681164,38.925724637681164,38.925724637681164,0.03529079492295706,0.03305747255329532,0.0,0.0,0.0,0.03529079492295706,0.3113140046480112
10.208,0.0,0.0,0.535776775236654,0.0,0.0,0.038595485885061454,0.0,0.0,0.0,0.0,0.0,0.0,0.0,0.0,0.5,0.0,0.0,0.0,-0.05,0.0,0.0,0.0,38.925724637681164,38.925724637681164,38.925724637681164,38.925724637681164,0.03577677523665401,0.038595485885061454,0.0,0.0,0.0,0.03577677523665401,0.27190100081497803
10.216000000000001,0.0,0.0,0.5362767865468139,0.0,0.0,0.04337667146204438,0.0,0.0,0.0,0.0,0.0,0.0,0.0,0.0,0.5,0.0,0.0,0.0,-0.05,0.0,0.0,0.0,38.925724637681164,38.925724637681164,38.925724637681164,38.925724637681164,0.03627678654681388,0.04337667146204438,0.0,0.0,0.0,0.03627678654681388,0.33155900018755347
10.224,0.0,0.0,0.5367833396236608,0.0,0.0,0.04736516409080897,0.0,0.0,0.0,0.0,0.0,0.0,0.0,0.0,0.5,0.0,0.0,0.0,-0.05,0.0,0.0,0.0,38.925724637681164,38.925724637681164,38.925724637681164,38.925724637681164,0.03678333962366076,0.04736516409080897,0.0,0.0,0.0,0.03678333962366076,0.3390929996385239
10.232000000000001,0.0,0.0,0.5372889986588911,0.0,0.0,0.05053360715340491,0.0,0.0,0.0,0.0,0.0,0.0,0.0,0.0,0.5,0.0,0.0,0.0,-0.05,0.0,0.0,0.0,38.925724637681164,38.925724637681164,38.925724637681164,38.925724637681164,0.037288998658891126,0.05053360715340491,0.0,0.0,0.0,0.037288998658891126,0.3425429968046956
10.24,0.0,0.0,0.537786381196263,0.0,0.0,0.0528614491570218,0.0,0.0,0.0,0.0,0.0,0.0,0.0,0.0,0.5,0.0,0.0,0.0,-0.05,0.0,0.0,0.0,38.925724637681164,38.925724637681164,38.925724637681164,38.925724637681164,0.037786381196262986,0.0528614491570218,0.0,0.0,0.0,0.037786381196262986,0.3529289970174432
10.248,0.0,0.0,0.538268158062275,0.0,0.0,0.0543335809759195,0.0,0.0,0.0,0.0,0.0,0.0,0.0,0.0,0.5,0.0,0.0,0.0,-0.05,0.0,0.0,0.0,38.925724637681164,38.925724637681164,38.925724637681164,38.925724637681164,0.038268158062275015,0.0543335809759195,0.0,0.0,0.0,0.038268158062275015,0.31817999843042344
10.256,0.0,0.0,0.5387270532969364,0.0,0.0,0.054939245647268334,0.0,0.0,0.0,0.0,0.0,0.0,0.0,0.0,0.5,0.0,0.0,0.0,-0.05,0.0,0.0,0.0,38.925724637681164,38.925724637681164,38.925724637681164,38.925724637681164,0.038727053296936376,0.054939245647268334,0.0,0.0,0.0,0.038727053296936376,0.3104110001004301
10.264,0.0,0.0,0.5391558440846256,0.0,0.0,0.054671166210045946,0.0,0.0,0.0,0.0,0.0,0.0,0.0,0.0,0.5,0.0,0.0,0.0,-0.05,0.0,0.0,0.0,38.925724637681164,38.925724637681164,38.925724637681164,38.925724637681164,0.03915584408462558,0.054671166210045946,0.0,0.0,0.0,0.03915584408462558,0.27477800176711753
10.272,0.0,0.0,0.5395473606850398,0.0,0.0,0.05352484797839203,0.0,0.0,0.0,0.0,0.0,0.0,0.0,0.0,0.5,0.0,0.0,0.0,-0.05,0.0,0.0,0.0,38.925724637681164,38.925724637681164,38.925724637681164,38.925724637681164,0.039547360685039834,0.05352484797839203,0.0,0.0,0.0,0.039547360685039834,0.2000130043597892
10.28,0.0,0.0,0.539894486364234,0.0,0.0,0.05149802036256831,0.0,0.0,0.0,0.0,0.0,0.0,0.0,0.0,0.5,0.0,0.0,0.0,-0.05,0.0,0.0,0.0,38.925724637681164,38.925724637681164,38.925724637681164,38.925724637681164,0.03989448636423398,0.05149802036256831,0.0,0.0,0.0,0.03989448636423398,0.29774499853374436
10.288,0.0,0.0,0.540190157325749,0.0,0.0,0.04859019032793032,0.0,0.0,0.0,0.0,0.0,0.0,0.0,0.0,0.5,0.0,0.0,0.0,-0.05,0.0,0.0,0.0,38.925724637681164,38.925724637681164,38.925724637681164,38.925724637681164,0.04019015732574904,0.04859019032793032,0.0,0.0,0.0,0.04019015732574904,0.36250000266591087
10.296,0.0,0.0,0.5404322623153991,0.0,0.0,0.04492477700359616,0.0,0.0,0.0,0.0,0.0,0.0,0.0,0.0,0.5,0.0,0.0,0.0,-0.05,0.0,0.0,0.0,38.925724637681164,38.925724637681164,38.925724637681164,38.925724637681164,0.04043226231539909,0.04492477700359616,0.0,0.0,0.0,0.04043226231539909,0.47368300147354603
10.304,0.0,0.0,0.5406208709318051,0.0,0.0,0.04065503701302681,0.0,0.0,0.0,0.0,0.0,0.0,0.0,0.0,0.5,0.0,0.0,0.0,-0.05,0.0,0.0,0.0,38.925724637681164,38.925724637681164,38.925724637681164,38.925724637681164,0.04062087093180511,0.04065503701302681,0.0,0.0,0.0,0.04062087093180511,0.4418030002852902
10.312,0.0,0.0,0.5407560526831583,0.0,0.0,0.03590357339425147,0.0,0.0,0.0,0.0,0.0,0.0,0.0,0.0,0.5,0.0,0.0,0.0,-0.05,0.0,0.0,0.0,38.925724637681164,38.925724637681164,38.925724637681164,38.925724637681164,0.040756052683158295,0.03590357339425147,0.0,0.0,0.0,0.040756052683158295,0.2913759963121265
10.32,0.0,0.0,0.5408378769873372,0.0,0.0,0.03076846631987376,0.0,0.0,0.0,0.0,0.0,0.0,0.0,0.0,0.5,0.0,0.0,0.0,-0.05,0.0,0.0,0.0,38.925724637681164,38.925724637681164,38.925724637681164,38.925724637681164,0.04083787698733721,0.03076846631987376,0.0,0.0,0.0,0.04083787698733721,0.28325199673417956
10.328,0.0,0.0,0.5408664131720254,0.0,0.0,0.025328177673104905,0.0,0.0,0.0,0.0,0.0,0.0,0.0,0.0,0.5,0.0,0.0,0.0,-0.05,0.0,0.0,0.0,38.925724637681164,38.925724637681164,38.925724637681164,38.925724637681164,0.04086641317202544,0.025328177673104905,0.0,0.0,0.0,0.04086641317202544,0.2537710024625994
10.336,0.0,0.0,0.5408417304748286,0.0,0.0,0.019645474708564037,0.0,0.0,0.0,0.0,0.0,0.0,0.0,0.0,0.5,0.0,0.0,0.0,-0.05,0.0,0.0,0.0,38.925724637681164,38.925724637681164,38.925724637681164,38.925724637681164,0.04084173047482864,0.019645474708564037,0.0,0.0,0.0,0.04084173047482864,0.2365930049563758
10.344,0.0,0.0,0.5407638980433916,0.0,0.0,0.013770568980926087,0.0,0.0,0.0,0.0,0.0,0.0,0.0,0.0,0.5,0.0,0.0,0.0,-0.05,0.0,0.0,0.0,38.925724637681164,38.925724637681164,38.925724637681164,38.925724637681164,0.040763898043391644,0.013770568980926087,0.0,0.0,0.0,0.040763898043391644,0.24957300047390163
10.352,0.0,0.0,0.5406329849355151,0.0,0.0,0.007743627487828841,0.0,0.0,0.0,0.0,0.0,0.0,0.0,0.0,0.5,0.0,0.0,0.0,-0.05,0.0,0.0,0.0,38.925724637681164,38.925724637681164,38.925724637681164,38.925724637681164,0.04063298493551515,0.007743627487828841,0.0,0.0,0.0,0.04063298493551515,0.2278100000694394
10.36,0.0,0.0,0.5404490601192726,0.0,0.0,0.0015967815841995666,0.0,0.0,0.0,0.0,0.0,0.0,0.0,0.0,0.5,0.0,0.0,0.0,-0.05,0.0,0.0,0.0,38.925724637681164,38.925724637681164,38.925724637681164,38.925724637681164,0.04044906011927263,0.0015967815841995666,0.0,0.0,0.0,0.04044906011927263,0.18421000277157873
10.368,0.0,0.0,0.540212192473127,0.0,0.0,-0.004644265886279958,0.0,0.0,0.0,0.0,0.0,0.0,0.0,0.0,0.5,0.0,0.0,0.0,-0.05,0.0,0.0,0.0,38.925724637681164,38.925724637681164,38.925724637681164,38.925724637681164,0.04021219247312702,0.004644265886279958,0.0,0.0,0.0,0.04021219247312702,0.1707030023681
10.376,0.0,0.0,0.5399224507860468,0.0,0.0,-0.010958954886029278,0.0,0.0,0.0,0.0,0.0,0.0,0.0,0.0,0.5,0.0,0.0,0.0,-0.05,0.0,0.0,0.0,38.925724637681164,38.925724637681164,38.925724637681164,38.925724637681164,0.03992245078604684,0.010958954886029278,0.0,0.0,0.0,0.03992245078604684,0.1979570006369613
10.384,0.0,0.0,0.5395799037576228,0.0,0.0,-0.017330839619424145,0.0,0.0,0.0,0.0,0.0,0.0,0.0,0.0,0.5,0.0,0.0,0.0,-0.05,0.0,0.0,0.0,38.925724637681164,38.925724637681164,38.925724637681164,38.925724637681164,0.03957990375762277,0.017330839619424145,0.0,0.0,0.0,0.03957990375762277,0.14686299982713535
10.392,0.0,0.0,0.5391846199981836,0.0,0.0,-0.02374676568152046,0.0,0.0,0.0,0.0,0.0,0.0,0.0,0.0,0.5,0.0,0.0,0.0,-0.043916898957363504,0.0,0.0,0.0,40.0277356961298,40.0277356961298,40.0277356961298,40.0277356961298,0.03918461999818357,0.02374676568152046,0.0,0.0,0.0,0.03918461999818357,0.11993500083917752
10.4,0.0,0.0,0.5387437760861618,0.0,0.0,-0.030018510345760523,0.0,0.0,0.0,0.0,0.0,0.0,0.0,0.0,0.5,0.0,0.0,0.0,-0.037116347643254666,0.0,0.0,0.0,41.25971962984517,41.25971962984517,41.25971962984517,41.25971962984517,0.03874377608616175,0.030018510345760523,0.0,0.0,0.0,0.03874377608616175,0.13845500507159159
10.408,0.0,0.0,0.5382645829660808,0.0,0.0,-0.03599463627863309,0.0,0.0,0.0,0.0,0.0,0.0,0.0,0.0,0.5,0.0,0.0,0.0,-0.030528632312647574,0.0,0.0,0.0,42.45314632017254,42.45314632017254,42.45314632017254,42.45314632017254,0.03826458296608082,0.03599463627863309,0.0,0.0,0.0,0.03826458296608082,0.1552379981148988
10.416,0.0,0.0,0.5377542859039031,0.0,0.0,-0.041553135577348944,0.0,0.0,0.0,0.0,0.0,0.0,0.0,0.0,0.5,0.0,0.0,0.0,-0.02428184716266013,0.0,0.0,0.0,43.584810296619544,43.584810296619544,43.584810296619544,43.584810296619544,0.03775428590390306,0.041553135577348944,0.0,0.0,0.0,0.03775428590390306,0.16111100558191538
10.424,0.0,0.0,0.5372201644424355,0.0,0.0,-0.04659554499857025,0.0,0.0,0.0,0.0,0.0,0.0,0.0,0.0,0.5,0.0,0.0,0.0,-0.018483388845016213,0.0,0.0,0.0,44.635255644018805,44.635255644018805,44.635255644018805,44.635255644018805,0.03722016444243548,0.04659554499857025,0.0,0.0,0.0,0.03722016444243548,0.23563400463899598
10.432,0.0,0.0,0.5366695323567936,0.0,0.0,-0.05104223813990161,0.0,0.0,0.0,0.0,0.0,0.0,0.0,0.0,0.5,0.0,0.0,0.0,-0.013222750091693936,0.0,0.0,0.0,45.588269910925014,45.588269910925014,45.588269910925014,45.588269910925014,0.0366695323567936,0.05104223813990161,0.0,0.0,0.0,0.0366695323567936,0.13402199692791328
10.44,0.0,0.0,0.5361097376099235,0.0,0.0,-0.054828659183674536,0.0,0.0,0.0,0.0,0.0,0.0,0.0,0.0,0.5,0.0,0.0,0.0,-0.008575108695055289,0.0,0.0,0.0,46.4302339320552,46.4302339320552,46.4302339320552,46.4302339320552,0.03610973760992353,0.054828659183674536,0.0,0.0,0.0,0.03610973760992353,0.12511300155892968
10.448,0.0,0.0,0.5355481623081811,0.0,0.0,-0.057902309890497806,0.0,0.0,0.0,0.0,0.0,0.0,0.0,0.0,0.5,0.0,0.0,0.0,-0.004604201991373347,0.0,0.0,0.0,47.149601088519326,47.149601088519326,47.149601088519326,47.149601088519326,0.03554816230818114,0.057902309890497806,0.0,0.0,0.0,0.03554816230818114,0.12890200014226139
10.456,0.0,0.0,0.5349922226569693,0.0,0.0,-0.06022033919269508,0.0,0.0,0.0,0.0,0.0,0.0,0.0,0.0,0.5,0.0,0.0,0.0,-0.001364626439560701,0.0,0.0,0.0,47.73648071747089,47.73648071747089,47.73648071747089,47.73648071747089,0.03499222265696933,0.06022033919269508,0.0,0.0,0.0,0.03499222265696933,0.18359199748374522
10.464,0.0,0.0,0.534449368916433,0.0,0.0,-0.061747614867562264,0.0,0.0,0.0,0.0,0.0,0.0,0.0,0.0,0.5,0.0,0.0,0.0,0.0010952922357216899,0.0,0.0,0.0,48.18211815864524,48.18211815864524,48.18211815864524,48.18211815864524,0.03444936891643302,0.061747614867562264,0.0,0.0,0.0,0.03444936891643302,0.17619899881538004
10.472,0.0,0.0,0.5339270853572118,0.0,0.0,-0.06245518087458218,0.0,0.0,0.0,0.0,0.0,0.0,0.0,0.0,0.5,0.0,0.0,0.0,0.0027361287040126303,0.0,0.0,0.0,48.479371142031276,48.479371142031276,48.479371142031276,48.479371142031276,0.033927085357211784,0.06245518087458218,0.0,0.0,0.0,0.033927085357211784,0.19655199866974726
10.48,0.0,0.0,0.5334328902162493,0.0,0.0,-0.062319023223726726,0.0,0.0,0.0,0.0,0.0,0.0,0.0,0.0,0.5,0.0,0.0,0.0,0.003520076953911211,0.0,0.0,0.0,48.62139075252015,48.62139075252015,48.62139075252015,48.62139075252015,0.03343289021624929,0.062319023223726726,0.0,0.0,0.0,0.03343289021624929,0.1802179976948537
10.488,0.0,0.0,0.5329743356526612,0.0,0.0,-0.06131908266868566,0.0,0.0,0.0,0.0,0.0,0.0,0.0,0.0,0.5,0.0,0.0,0.0,0.0034140308490370197,0.0,0.0,0.0,48.602179501637146,48.602179501637146,48.602179501637146,48.602179501637146,0.03297433565266117,0.06131908266868566,0.0,0.0,0.0,0.03297433565266117,0.1818450036807917
10.496,0.0,0.0,0.5325590077036594,0.0,0.0,-0.059438464859992046,0.0,0.0,0.0,0.0,0.0,0.0,0.0,0.0,0.5,0.0,0.0,0.0,0.002387844330368205,0.0,0.0,0.0,48.416276146805835,48.416276146805835,48.416276146805835,48.416276146805835,0.03255900770365938,0.059438464859992046,0.0,0.0,0.0,0.03255900770365938,0.21258199558360502
10.504,0.0,0.0,0.5321945262405343,0.0,0.0,-0.056662808466121296,0.0,0.0,0.0,0.0,0.0,0.0,0.0,0.0,0.5,0.0,0.0,0.0,0.0004137253570927202,0.0,0.0,0.0,48.05864589802405,48.05864589802405,48.05864589802405,48.05864589802405,0.032194526240534316,0.056662808466121296,0.0,0.0,0.0,0.032194526240534316,0.2421829995000735
10.512,0.0,0.0,0.5318885449246941,0.0,0.0,-0.05297977966890253,0.0,0.0,0.0,0.0,0.0,0.0,0.0,0.0,0.5,0.0,0.0,0.0,-0.002534246275254559,0.0,0.0,0.0,47.524593066077074,47.524593066077074,47.524593066077074,47.524593066077074,0.03188854492469406,0.05297977966890253,0.0,0.0,0.0,0.03188854492469406,0.19374299881746992
10.52,0.0,0.0,0.5316487511637603,0.0,0.0,-0.0483786677584664,0.0,0.0,0.0,0.0,0.0,0.0,0.0,0.0,0.5,0.0,0.0,0.0,-0.006480504670502207,0.0,0.0,0.0,46.80969118288004,46.80969118288004,46.80969118288004,46.80969118288004,0.031648751163760314,0.0483786677584664,0.0,0.0,0.0,0.031648751163760314,0.2026779984589666
10.528,0.0,0.0,0.5314828660677221,0.0,0.0,-0.0428500616077279,0.0,0.0,0.0,0.0,0.0,0.0,0.0,0.0,0.5,0.0,0.0,0.0,-0.011449976831702458,0.0,0.0,0.0,45.909424487010426,45.909424487010426,45.909424487010426,45.909424487010426,0.031482866067722104,0.0428500616077279,0.0,0.0,0.0,0.031482866067722104,0.19616200006566942
10.536,0.0,0.0,0.5313986444051458,0.0,0.0,-0.036385590850589226,0.0,0.0,0.0,0.0,0.0,0.0,0.0,0.0,0.5,0.0,0.0,0.0,-0.017461404656456292,0.0,0.0,0.0,44.820397707163714,44.820397707163714,44.820397707163714,44.820397707163714,0.03139864440514584,0.036385590850589226,0.0,0.0,0.0,0.03139864440514584,0.1748709983075969
10.544,0.0,0.0,0.5314038745594427,0.0,0.0,-0.028977718823049503,0.0,0.0,0.0,0.0,0.0,0.0,0.0,0.0,0.5,0.0,0.0,0.0,-0.024538223025494355,0.0,0.0,0.0,43.53836539393218,43.53836539393218,43.53836539393218,43.53836539393218,0.03140387455944271,0.028977718823049503,0.0,0.0,0.0,0.03140387455944271,0.22475999867310748
10.552,0.0,0.0,0.5315001776972188,0.0,0.0,-0.020774596614037133,0.0,0.0,0.0,0.0,0.0,0.0,0.0,0.0,0.5,0.0,0.0,0.0,-0.03254137062926277,0.0,0.0,0.0,42.08851981353936,42.08851981353936,42.08851981353936,42.08851981353936,0.0315001776972188,0.020774596614037133,0.0,0.0,0.0,0.0315001776972188,0.2073620053124614
10.56,0.0,0.0,0.5316795314145383,0.0,0.0,-0.012135834358243338,0.0,0.0,0.0,0.0,0.0,0.0,0.0,0.0,0.5,0.0,0.0,0.0,-0.04111478993156681,0.0,0.0,0.0,40.5353641428321,40.5353641428321,40.5353641428321,40.5353641428321,0.031679531414538276,0.012135834358243338,0.0,0.0,0.0,0.031679531414538276,0.24099499569274485
10.568,0.0,0.0,0.5319339674216944,0.0,0.0,-0.0033477673076906314,0.0,0.0,0.0,0.0,0.0,0.0,0.0,0.0,0.5,0.0,0.0,0.0,-0.04996950175704329,0.0,0.0,0.0,38.93124968169506,38.93124968169506,38.93124968169506,38.93124968169506,0.03193396742169441,0.0033477673076906314,0.0,0.0,0.0,0.03193396742169441,0.22044399520382285
10.576,0.0,0.0,0.5322555714728986,0.0,0.0,0.0053618874339511685,0.0,0.0,0.0,0.0,0.0,0.0,0.0,0.0,0.5,0.0,0.0,0.0,-0.05,0.0,0.0,0.0,38.925724637681164,38.925724637681164,38.925724637681164,38.925724637681164,0.03225557147289859,0.0053618874339511685,0.0,0.0,0.0,0.03225557147289859,0.2715500013437122
10.584,0.0,0.0,0.5326364832960607,0.0,0.0,0.013812305526215318,0.0,0.0,0.0,0.0,0.0,0.0,0.0,0.0,0.5,0.0,0.0,0.0,-0.05,0.0,0.0,0.0,38.925724637681164,38.925724637681164,38.925724637681164,38.925724637681164,0.032636483296060725,0.013812305526215318,0.0,0.0,0.0,0.032636483296060725,0.3458950013737194
10.592,0.0,0.0,0.5330688965226608,0.0,0.0,0.021860175085971968,0.0,0.0,0.0,0.0,0.0,0.0,0.0,0.0,0.5,0.0,0.0,0.0,-0.05,0.0,0.0,0.0,38.925724637681164,38.925724637681164,38.925724637681164,38.925724637681164,0.03306889652266076,0.021860175085971968,0.0,0.0,0.0,0.03306889652266076,0.3933929983759299
10.6,0.0,0.0,0.5335450586177116,0.0,0.0,0.029392192445050345,0.0,0.0,0.0,0.0,0.0,0.0,0.0,0.0,0.5,0.0,0.0,0.0,-0.05,0.0,0.0,0.0,38.925724637681164,38.925724637681164,38.925724637681164,38.925724637681164,0.03354505861771162,0.029392192445050345,0.0,0.0,0.0,0.03354505861771162,0.2989389977301471
10.608,0.0,0.0,0.5340572708098127,0.0,0.0,0.03631905875856557,0.0,0.0,0.0,0.0,0.0,0.0,0.0,0.0,0.5,0.0,0.0,0.0,-0.05,0.0,0.0,0.0,38.925724637681164,38.925724637681164,38.925724637681164,38.925724637681164,0.03405727080981269,0.03631905875856557,0.0,0.0,0.0,0.03405727080981269,0.34778600092977285
10.616,0.0,0.0,0.5345978880212945,0.0,0.0,0.042570677293898886,0.0,0.0,0.0,0.0,0.0,0.0,0.0,0.0,0.5,0.0,0.0,0.0,-0.05,0.0,0.0,0.0,38.925724637681164,38.925724637681164,38.925724637681164,38.925724637681164,0.03459788802129449,0.042570677293898886,0.0,0.0,0.0,0.03459788802129449,0.34234399936394766
10.624,0.0,0.0,0.5351593187984544,0.0,0.0,0.04809231126411419,0.0,0.0,0.0,0.0,0.0,0.0,0.0,0.0,0.5,0.0,0.0,0.0,-0.05,0.0,0.0,0.0,38.925724637681164,38.925724637681164,38.925724637681164,38.925724637681164,0.03515931879845435,0.04809231126411419,0.0,0.0,0.0,0.03515931879845435,0.3868200001306832
10.632,0.0,0.0,0.5357340252418821,0.0,0.0,0.05284151009698592,0.0,0.0,0.0,0.0,0.0,0.0,0.0,0.0,0.5,0.0,0.0,0.0,-0.05,0.0,0.0,0.0,38.925724637681164,38.925724637681164,38.925724637681164,38.925724637681164,0.03573402524188207,0.05284151009698592,0.0,0.0,0.0,0.03573402524188207,0.36522300069918856
10.64,0.0,0.0,0.5363145229368765,0.0,0.0,0.05678565045244872,0.0,0.0,0.0,0.0,0.0,0.0,0.0,0.0,0.5,0.0,0.0,0.0,-0.05,0.0,0.0,0.0,38.925724637681164,38.925724637681164,38.925724637681164,38.925724637681164,0.03631452293687654,0.05678565045244872,0.0,0.0,0.0,0.03631452293687654,0.3416479958104901
10.648,0.0,0.0,0.5368933808839529,0.0,0.0,0.05989996903886932,0.0,0.0,0.0,0.0,0.0,0.0,0.0,0.0,0.5,0.0,0.0,0.0,-0.05,0.0,0.0,0.0,38.925724637681164,38.925724637681164,38.925724637681164,38.925724637681164,0.036893380883952887,0.05989996903886932,0.0,0.0,0.0,0.036893380883952887,0.37246000283630565
10.656,0.0,0.0,0.5374632214294397,0.0,0.0,0.06216598886826413,0.0,0.0,0.0,0.0,0.0,0.0,0.0,0.0,0.5,0.0,0.0,0.0,-0.05,0.0,0.0,0.0,38.925724637681164,38.925724637681164,38.925724637681164,38.925724637681164,0.0374632214294397,0.06216598886826413,0.0,0.0,0.0,0.0374632214294397,0.40548999822931364
10.664,0.0,0.0,0.5380167201961661,0.0,0.0,0.06357026026277258,0.0,0.0,0.0,0.0,0.0,0.0,0.0,0.0,0.5,0.0,0.0,0.0,-0.05,0.0,0.0,0.0,38.925724637681164,38.925724637681164,38.925724637681164,38.925724637681164,0.03801672019616609,0.06357026026277258,0.0,0.0,0.0,0.03801672019616609,0.36095399991609156
10.672,0.0,0.0,0.5385466060142398,0.0,0.0,0.0641033536620584,0.0,0.0,0.0,0.0,0.0,0.0,0.0,0.0,0.5,0.0,0.0,0.0,-0.05,0.0,0.0,0.0,38.925724637681164,38.925724637681164,38.925724637681164,38.925724637681164,0.03854660601423976,0.0641033536620584,0.0,0.0,0.0,0.03854660601423976,0.3349920007167384
10.68,0.0,0.0,0.5390456608519141,0.0,0.0,0.06375905387150603,0.0,0.0,0.0,0.0,0.0,0.0,0.0,0.0,0.5,0.0,0.0,0.0,-0.05,0.0,0.0,0.0,38.925724637681164,38.925724637681164,38.925724637681164,38.925724637681164,0.03904566085191408,0.06375905387150603,0.0,0.0,0.0,0.03904566085191408,0.29727899527642876
10.688,0.0,0.0,0.5395067197465453,0.0,0.0,0.06253371546298396,0.0,0.0,0.0,0.0,0.0,0.0,0.0,0.0,0.5,0.0,0.0,0.0,-0.05,0.0,0.0,0.0,38.925724637681164,38.925724637681164,38.925724637681164,38.925724637681164,0.039506719746545294,0.06253371546298396,0.0,0.0,0.0,0.039506719746545294,0.22157299827085808
10.696,0.0,0.0,0.5399226707356397,0.0,0.0,0.06042574709774871,0.0,0.0,0.0,0.0,0.0,0.0,0.0,0.0,0.5,0.0,0.0,0.0,-0.05,0.0,0.0,0.0,38.925724637681164,38.925724637681164,38.925724637681164,38.925724637681164,0.03992267073563971,0.06042574709774871,0.0,0.0,0.0,0.03992267073563971,0.3416300023673102
10.704,0.0,0.0,0.5402864547879901,0.0,0.0,0.05743519898695745,0.0,0.0,0.0,0.0,0.0,0.0,0.0,0.0,0.5,0.0,0.0,0.0,-0.05,0.0,0.0,0.0,38.925724637681164,38.925724637681164,38.925724637681164,38.925724637681164,0.04028645478799009,0.05743519898695745,0.0,0.0,0.0,0.04028645478799009,0.39914799708640203
10.712,0.0,0.0,0.5405965843686866,0.0,0.0,0.053701398706980284,0.0,0.0,0.0,0.0,0.0,0.0,0.0,0.0,0.5,0.0,0.0,0.0,-0.05,0.0,0.0,0.0,38.925724637681164,38.925724637681164,38.925724637681164,38.925724637681164,0.04059658436868663,0.053701398706980284,0.0,0.0,0.0,0.04059658436868663,0.44013500155415386
10.72,0.0,0.0,0.5408531291913387,0.0,0.0,0.0493747395318842,0.0,0.0,0.0,0.0,0.0,0.0,0.0,0.0,0.5,0.0,0.0,0.0,-0.05,0.0,0.0,0.0,38.925724637681164,38.925724637681164,38.925724637681164,38.925724637681164,0.040853129191338655,0.0493747395318842,0.0,0.0,0.0,0.040853129191338655,0.48690399853512645
10.728,0.0,0.0,0.5410561588789763,0.0,0.0,0.04457553381644879,0.0,0.0,0.0,0.0,0.0,0.0,0.0,0.0,0.5,0.0,0.0,0.0,-0.05,0.0,0.0,0.0,38.925724637681164,38.925724637681164,38.925724637681164,38.925724637681164,0.04105615887897629,0.04457553381644879,0.0,0.0,0.0,0.04105615887897629,0.3654100000858307
10.736,0.0,0.0,0.5412057429641679,0.0,0.0,0.039400029182948916,0.0,0.0,0.0,0.0,0.0,0.0,0.0,0.0,0.5,0.0,0.0,0.0,-0.05,0.0,0.0,0.0,38.925724637681164,38.925724637681164,38.925724637681164,38.925724637681164,0.0412057429641679,0.039400029182948916,0.0,0.0,0.0,0.0412057429641679,0.3338820024509914
10.744,0.0,0.0,0.5413019508891378,0.0,0.0,0.03392522147060673,0.0,0.0,0.0,0.0,0.0,0.0,0.0,0.0,0.5,0.0,0.0,0.0,-0.05,0.0,0.0,0.0,38.925724637681164,38.925724637681164,38.925724637681164,38.925724637681164,0.041301950889137795,0.03392522147060673,0.0,0.0,0.0,0.041301950889137795,0.3268849977757782
10.752,0.0,0.0,0.5413448520058836,0.0,0.0,0.02821270509512936,0.0,0.0,0.0,0.0,0.0,0.0,0.0,0.0,0.5,0.0,0.0,0.0,-0.05,0.0,0.0,0.0,38.925724637681164,38.925724637681164,38.925724637681164,38.925724637681164,0.04134485200588356,0.02821270509512936,0.0,0.0,0.0,0.04134485200588356,0.28085500525776297
10.76,0.0,0.0,0.5413345155762932,0.0,0.0,0.022311753336344387,0.0,0.0,0.0,0.0,0.0,0.0,0.0,0.0,0.5,0.0,0.0,0.0,-0.05,0.0,0.0,0.0,38.925724637681164,38.925724637681164,38.925724637681164,38.925724637681164,0.041334515576293196,0.022311753336344387,0.0,0.0,0.0,0.041334515576293196,0.2564309979788959
10.768,0.0,0.0,0.5412710107722624,0.0,0.0,0.01626178256830484,0.0,0.0,0.0,0.0,0.0,0.0,0.0,0.0,0.5,0.0,0.0,0.0,-0.05,0.0,0.0,0.0,38.925724637681164,38.925724637681164,38.925724637681164,38.925724637681164,0.04127101077226236,0.01626178256830484,0.0,0.0,0.0,0.04127101077226236,0.2740869967965409
10.776,0.0,0.0,0.541154406675811,0.0,0.0,0.010094323643360763,0.0,0.0,0.0,0.0,0.0,0.0,0.0,0.0,0.5,0.0,0.0,0.0,-0.05,0.0,0.0,0.0,38.925724637681164,38.925724637681164,38.925724637681164,38.925724637681164,0.04115440667581105,0.010094323643360763,0.0,0.0,0.0,0.04115440667581105,0.21735399786848575
10.784,0.0,0.0,0.5409847722792007,0.0,0.0,0.003834598999430841,0.0,0.0,0.0,0.0,0.0,0.0,0.0,0.0,0.5,0.0,0.0,0.0,-0.05,0.0,0.0,0.0,38.925724637681164,38.925724637681164,38.925724637681164,38.925724637681164,0.04098477227920072,0.003834598999430841,0.0,0.0,0.0,0.04098477227920072,0.19980599608970806
10.792,0.0,0.0,0.5407621764850506,0.0,0.0,-0.002497215654207719,0.0,0.0,0.0,0.0,0.0,0.0,0.0,0.0,0.5,0.0,0.0,0.0,-0.05,0.0,0.0,0.0,38.925724637681164,38.925724637681164,38.925724637681164,38.925724637681164,0.04076217648505065,0.002497215654207719,0.0,0.0,0.0,0.04076217648505065,0.1830830005928874
10.8,0.0,0.0,0.5404866881064544,0.0,0.0,-0.008884981988271801,0.0,0.0,0.0,0.0,0.0,0.0,0.0,0.0,0.5,0.0,0.0,0.0,-0.05,0.0,0.0,0.0,38.925724637681164,38.925724637681164,38.925724637681164,38.925724637681164,0.040486688106454394,0.008884981988271801,0.0,0.0,0.0,0.040486688106454394,0.15723099932074547
10.808,0.0,0.0,0.5401583758670964,0.0,0.0,-0.015315791574569112,0.0,0.0,0.0,0.0,0.0,0.0,0.0,0.0,0.5,0.0,0.0,0.0,-0.05,0.0,0.0,0.0,38.925724637681164,38.925724637681164,38.925724637681164,38.925724637681164,0.04015837586709636,0.015315791574569112,0.0,0.0,0.0,0.04015837586709636,0.14552100037690252
10.816,0.0,0.0,0.5397773084013677,0.0,0.0,-0.0217793199028701,0.0,0.0,0.0,0.0,0.0,0.0,0.0,0.0,0.5,0.0,0.0,0.0,-0.046891240810802204,0.0,0.0,0.0,39.48890565021699,39.48890565021699,39.48890565021699,39.48890565021699,0.03977730840136773,0.0217793199028701,0.0,0.0,0.0,0.03977730840136773,0.1329040023847483
10.824,0.0,0.0,0.5393506623117322,0.0,0.0,-0.028089608163184662,0.0,0.0,0.0,0.0,0.0,0.0,0.0,0.0,0.5,0.0,0.0,0.0,-0.04007890716011819,0.0,0.0,0.0,40.72302406519598,40.72302406519598,40.72302406519598,40.72302406519598,0.03935066231173223,0.028089608163184662,0.0,0.0,0.0,0.03935066231173223,0.13649399625137448
10.832,0.0,0.0,0.5388856485667132,0.0,0.0,-0.034097030156022945,0.0,0.0,0.0,0.0,0.0,0.0,0.0,0.0,0.5,0.0,0.0,0.0,-0.03348754651132091,0.0,0.0,0.0,41.91711113925346,41.91711113925346,41.91711113925346,41.91711113925346,0.03888564856671317,0.034097030156022945,0.0,0.0,0.0,0.03888564856671317,0.13325300096767023
10.84,0.0,0.0,0.5383895124562417,0.0,0.0,-0.039681026886607254,0.0,0.0,0.0,0.0,0.0,0.0,0.0,0.0,0.5,0.0,0.0,0.0,-0.027242621988229354,0.0,0.0,0.0,43.048438045610624,43.048438045610624,43.048438045610624,43.048438045610624,0.03838951245624167,0.039681026886607254,0.0,0.0,0.0,0.03838951245624167,0.13927299733040854
10.848,0.0,0.0,0.5378695335470622,0.0,0.0,-0.04474429423877012,0.0,0.0,0.0,0.0,0.0,0.0,0.0,0.0,0.5,0.0,0.0,0.0,-0.021450416652744164,0.0,0.0,0.0,44.09775060638693,44.09775060638693,44.09775060638693,44.09775060638693,0.03786953354706224,0.04474429423877012,0.0,0.0,0.0,0.03786953354706224,0.1326199999311939
10.856,0.0,0.0,0.537333025638197,0.0,0.0,-0.04920813311264958,0.0,0.0,0.0,0.0,0.0,0.0,0.0,0.0,0.5,0.0,0.0,0.0,-0.016199538543490655,0.0,0.0,0.0,45.04899664067199,45.04899664067199,45.04899664067199,45.04899664067199,0.03733302563819696,0.04920813311264958,0.0,0.0,0.0,0.03733302563819696,0.13213499914854765
10.864,0.0,0.0,0.5367873367164673,0.0,0.0,-0.053008729533360166,0.0,0.0,0.0,0.0,0.0,0.0,0.0,0.0,0.5,0.0,0.0,0.0,-0.011564457737870626,0.0,0.0,0.0,45.88868519241474,45.88868519241474,45.88868519241474,45.88868519241474,0.03678733671646728,0.053008729533360166,0.0,0.0,0.0,0.03678733671646728,0.15350600006058812
10.872,0.0,0.0,0.5362398489120734,0.0,0.0,-0.0560941787365357,0.0,0.0,0.0,0.0,0.0,0.0,0.0,0.0,0.5,0.0,0.0,0.0,-0.007608345408350425,0.0,0.0,0.0,46.60537220863217,46.60537220863217,46.60537220863217,46.60537220863217,0.036239848912073436,0.0560941787365357,0.0,0.0,0.0,0.036239848912073436,0.14636600099038333
10.88,0.0,0.0,0.5356979784542318,0.0,0.0,-0.058422104435267,0.0,0.0,0.0,0.0,0.0,0.0,0.0,0.0,0.5,0.0,0.0,0.0,-0.0043863148851795986,0.0,0.0,0.0,47.18907339036602,47.18907339036602,47.18907339036602,47.18907339036602,0.03569797845423184,0.058422104435267,0.0,0.0,0.0,0.03569797845423184,0.1096279956982471
10.888,0.0,0.0,0.5351691756268699,0.0,0.0,-0.05995775423226246,0.0,0.0,0.0,0.0,0.0,0.0,0.0,0.0,0.5,0.0,0.0,0.0,-0.0019433931276932048,0.0,0.0,0.0,47.631631679765725,47.631631679765725,47.631631679765725,47.631631679765725,0.03516917562686994,0.05995775423226246,0.0,0.0,0.0,0.03516917562686994,0.14134500088403001
10.896,0.0,0.0,0.5346609247243788,0.0,0.0,-0.06067247594808807,0.0,0.0,0.0,0.0,0.0,0.0,0.0,0.0,0.5,0.0,0.0,0.0,-0.0003216759349635723,0.0,0.0,0.0,47.92542102627472,47.92542102627472,47.92542102627472,47.92542102627472,0.03466092472437876,0.06067247594808807,0.0,0.0,0.0,0.03466092472437876,0.1539389995741658
10.904,0.0,0.0,0.5341807440074228,0.0,0.0,-0.06054249868237157,0.0,0.0,0.0,0.0,0.0,0.0,0.0,0.0,0.5,0.0,0.0,0.0,0.0004422529623558935,0.0,0.0,0.0,48.06381394245578,48.06381394245578,48.06381394245578,48.06381394245578,0.03418074400742277,0.06054249868237157,0.0,0.0,0.0,0.03418074400742277,0.19890999828930944
10.912,0.0,0.0,0.5337361856588074,0.0,0.0,-0.05954795766127958,0.0,0.0,0.0,0.0,0.0,0.0,0.0,0.0,0.5,0.0,0.0,0.0,0.00031547622394911823,0.0,0.0,0.0,48.04084714201977,48.04084714201977,48.04084714201977,48.04084714201977,0.03373618565880743,0.05954795766127958,0.0,0.0,0.0,0.03373618565880743,0.21476300025824457
10.92,0.0,0.0,0.5333348357394039,0.0,0.0,-0.057672114114113486,0.0,0.0,0.0,0.0,0.0,0.0,0.0,0.0,0.5,0.0,0.0,0.0,-0.0007320038320306477,0.0,0.0,0.0,47.85108626231329,47.85108626231329,47.85108626231329,47.85108626231329,0.03333483573940388,0.057672114114113486,0.0,0.0,0.0,0.03333483573940388,0.22395699488697574
10.928,0.0,0.0,0.5329843141441309,0.0,0.0,-0.05490073117311318,0.0,0.0,0.0,0.0,0.0,0.0,0.0,0.0,0.5,0.0,0.0,0.0,-0.002727860547416916,0.0,0.0,0.0,47.4895180167723,47.4895180167723,47.4895180167723,47.4895180167723,0.032984314144130944,0.05490073117311318,0.0,0.0,0.0,0.032984314144130944,0.1691939978627488
10.936,0.0,0.0,0.5326922745579942,0.0,0.0,-0.05122157459191065,0.0,0.0,0.0,0.0,0.0,0.0,0.0,0.0,0.5,0.0,0.0,0.0,-0.005697919175183586,0.0,0.0,0.0,46.95146391753921,46.95146391753921,46.95146391753921,46.95146391753921,0.03269227455799417,0.05122157459191065,0.0,0.0,0.0,0.03269227455799417,0.29234300018288195
10.944,0.0,0.0,0.5324664044121825,0.0,0.0,-0.04662401331881933,0.0,0.0,0.0,0.0,0.0,0.0,0.0,0.0,0.5,0.0,0.0,0.0,-0.009666537865921976,0.0,0.0,0.0,46.23251125617356,46.23251125617356,46.23251125617356,46.23251125617356,0.032466404412182515,0.04662401331881933,0.0,0.0,0.0,0.032466404412182515,0.24655900051584467
10.952,0.0,0.0,0.5323144248402213,0.0,0.0,-0.04109869995408651,0.0,0.0,0.0,0.0,0.0,0.0,0.0,0.0,0.5,0.0,0.0,0.0,-0.014658511609737856,0.0,0.0,0.0,45.32816818664169,45.32816818664169,45.32816818664169,45.32816818664169,0.03231442484022129,0.04109869995408651,0.0,0.0,0.0,0.03231442484022129,0.19471999985398725
10.96,0.0,0.0,0.5322440906341828,0.0,0.0,-0.03463731511423213,0.0,0.0,0.0,0.0,0.0,0.0,0.0,0.0,0.5,0.0,0.0,0.0,-0.020692675498967028,0.0,0.0,0.0,44.23502255453496,44.23502255453496,44.23502255453496,44.23502255453496,0.032244090634182765,0.03463731511423213,0.0,0.0,0.0,0.032244090634182765,0.238840002566576
10.968,0.0,0.0,0.5322631902009533,0.0,0.0,-0.0272323629221235,0.0,0.0,0.0,0.0,0.0,0.0,0.0,0.0,0.5,0.0,0.0,0.0,-0.02779235584941353,0.0,0.0,0.0,42.9488485780048,42.9488485780048,42.9488485780048,42.9488485780048,0.03226319020095325,0.0272323629221235,0.0,0.0,0.0,0.03226319020095325,0.21668599947588518
10.976,0.0,0.0,0.5323637128493914,0.0,0.0,-0.019272824126744487,0.0,0.0,0.0,0.0,0.0,0.0,0.0,0.0,0.5,0.0,0.0,0.0,-0.03557098192052777,0.0,0.0,0.0,41.539677188310186,41.539677188310186,41.539677188310186,41.539677188310186,0.032363712849391435,0.019272824126744487,0.0,0.0,0.0,0.032363712849391435,0.20207899797242135
10.984,0.0,0.0,0.5325377019873666,0.0,0.0,-0.011068530852015803,0.0,0.0,0.0,0.0,0.0,0.0,0.0,0.0,0.5,0.0,0.0,0.0,-0.04371997335305089,0.0,0.0,0.0,40.0634106244473,40.0634106244473,40.0634106244473,40.0634106244473,0.03253770198736661,0.011068530852015803,0.0,0.0,0.0,0.03253770198736661,0.17302600463153794
10.992,0.0,0.0,0.5327772550514673,0.0,0.0,-0.0028659980790951087,0.0,0.0,0.0,0.0,0.0,0.0,0.0,0.0,0.5,0.0,0.0,0.0,-0.05,0.0,0.0,0.0,38.925724637681164,38.925724637681164,38.925724637681164,38.925724637681164,0.032777255051467336,0.0028659980790951087,0.0,0.0,0.0,0.032777255051467336,0.18949300283566117
11.0,0.0,0.0,0.5330745234368018,0.0,0.0,0.005138911170087325,0.0,0.0,0.0,0.0,0.0,0.0,0.0,0.0,0.5,0.0,0.0,0.0,-0.05,0.0,0.0,0.0,38.925724637681164,38.925724637681164,38.925724637681164,38.925724637681164,0.03307452343680184,0.005138911170087325,0.0,0.0,0.0,0.03307452343680184,0.22941199858905748
11.008000000000001,0.0,0.0,0.533421712426889,0.0,0.0,0.01279085368824693,0.0,0.0,0.0,0.0,0.0,0.0,0.0,0.0,0.5,0.0,0.0,0.0,-0.05,0.0,0.0,0.0,38.925724637681164,38.925724637681164,38.925724637681164,38.925724637681164,0.03342171242688896,0.01279085368824693,0.0,0.0,0.0,0.03342171242688896,0.3224840038456023
11.016,0.0,0.0,0.533811081123641,0.0,0.0,0.019966900369398383,0.0,0.0,0.0,0.0,0.0,0.0,0.0,0.0,0.5,0.0,0.0,0.0,-0.05,0.0,0.0,0.0,38.925724637681164,38.925724637681164,38.925724637681164,38.925724637681164,0.03381108112364095,0.019966900369398383,0.0,0.0,0.0,0.03381108112364095,0.31911800033412874
11.024000000000001,0.0,0.0,0.5342349423774367,0.0,0.0,0.02657005164041221,0.0,0.0,0.0,0.0,0.0,0.0,0.0,0.0,0.5,0.0,0.0,0.0,-0.05,0.0,0.0,0.0,38.925724637681164,38.925724637681164,38.925724637681164,38.925724637681164,0.03423494237743674,0.02657005164041221,0.0,0.0,0.0,0.03423494237743674,0.31226199644152075
11.032,0.0,0.0,0.5346856627172862,0.0,0.0,0.03252404980856845,0.0,0.0,0.0,0.0,0.0,0.0,0.0,0.0,0.5,0.0,0.0,0.0,-0.05,0.0,0.0,0.0,38.925724637681164,38.925724637681164,38.925724637681164,38.925724637681164,0.034685662717286236,0.03252404980856845,0.0,0.0,0.0,0.034685662717286236,0.30695199529873207
11.040000000000001,0.0,0.0,0.5351556622810852,0.0,0.0,0.0377692289418286,0.0,0.0,0.0,0.0,0.0,0.0,0.0,0.0,0.5,0.0,0.0,0.0,-0.05,0.0,0.0,0.0,38.925724637681164,38.925724637681164,38.925724637681164,38.925724637681164,0.03515566228108524,0.0377692289418286,0.0,0.0,0.0,0.03515566228108524,0.3667269993457012
11.048,0.0,0.0,0.5356374147459612,0.0,0.0,0.04225919477536215,0.0,0.0,0.0,0.0,0.0,0.0,0.0,0.0,0.5,0.0,0.0,0.0,-0.05,0.0,0.0,0.0,38.925724637681164,38.925724637681164,38.925724637681164,38.925724637681164,0.03563741474596116,0.04225919477536215,0.0,0.0,0.0,0.03563741474596116,0.32355700386688113
11.056000000000001,0.0,0.0,0.5361234472587091,0.0,0.0,0.04595816863898648,0.0,0.0,0.0,0.0,0.0,0.0,0.0,0.0,0.5,0.0,0.0,0.0,-0.05,0.0,0.0,0.0,38.925724637681164,38.925724637681164,38.925724637681164,38.925724637681164,0.036123447258709085,0.04595816863898648,0.0,0.0,0.0,0.036123447258709085,0.3211759976693429
11.064,0.0,0.0,0.5366063403663182,0.0,0.0,0.048838862601417336,0.0,0.0,0.0,0.0,0.0,0.0,0.0,0.0,0.5,0.0,0.0,0.0,-0.05,0.0,0.0,0.0,38.925724637681164,38.925724637681164,38.925724637681164,38.925724637681164,0.03660634036631816,0.048838862601417336,0.0,0.0,0.0,0.03660634036631816,0.2964870000141673
11.072000000000001,0.0,0.0,0.5370787279465887,0.0,0.0,0.050880779587896864,0.0,0.0,0.0,0.0,0.0,0.0,0.0,0.0,0.5,0.0,0.0,0.0,-0.05,0.0,0.0,0.0,38.925724637681164,38.925724637681164,38.925724637681164,38.925724637681164,0.03707872794658873,0.050880779587896864,0.0,0.0,0.0,0.03707872794658873,0.3107980010099709
11.08,0.0,0.0,0.5375332971388389,0.0,0.0,0.05206885347657314,0.0,0.0,0.0,0.0,0.0,0.0,0.0,0.0,0.5,0.0,0.0,0.0,-0.05,0.0,0.0,0.0,38.925724637681164,38.925724637681164,38.925724637681164,38.925724637681164,0.037533297138838906,0.05206885347657314,0.0,0.0,0.0,0.037533297138838906,0.30339500517584383
11.088000000000001,0.0,0.0,0.5379627882747017,0.0,0.0,0.05239236117782655,0.0,0.0,0.0,0.0,0.0,0.0,0.0,0.0,0.5,0.0,0.0,0.0,-0.05,0.0,0.0,0.0,38.925724637681164,38.925724637681164,38.925724637681164,38.925724637681164,0.037962788274701675,0.05239236117782655,0.0,0.0,0.0,0.037962788274701675,0.3101339971181005
11.096,0.0,0.0,0.5383599948090116,0.0,0.0,0.05184405230001155,0.0,0.0,0.0,0.0,0.0,0.0,0.0,0.0,0.5,0.0,0.0,0.0,-0.05,0.0,0.0,0.0,38.925724637681164,38.925724637681164,38.925724637681164,38.925724637681164,0.038359994809011644,0.05184405230001155,0.0,0.0,0.0,0.038359994809011644,0.21751999884145334
11.104000000000001,0.0,0.0,0.538717763250782,0.0,0.0,0.05041945288426771,0.0,0.0,0.0,0.0,0.0,0.0,0.0,0.0,0.5,0.0,0.0,0.0,-0.05,0.0,0.0,0.0,38.925724637681164,38.925724637681164,38.925724637681164,38.925724637681164,0.03871776325078202,0.05041945288426771,0.0,0.0,0.0,0.03871776325078202,0.2102110011037439
11.112,0.0,0.0,0.5390289930942707,0.0,0.0,0.048116308394630936,0.0,0.0,0.0,0.0,0.0,0.0,0.0,0.0,0.5,0.0,0.0,0.0,-0.05,0.0,0.0,0.0,38.925724637681164,38.925724637681164,38.925724637681164,38.925724637681164,0.03902899309427066,0.048116308394630936,0.0,0.0,0.0,0.03902899309427066,0.2694509967113845
11.120000000000001,0.0,0.0,0.5392866367501362,0.0,0.0,0.04493413811234298,0.0,0.0,0.0,0.0,0.0,0.0,0.0,0.0,0.5,0.0,0.0,0.0,-0.05,0.0,0.0,0.0,38.925724637681164,38.925724637681164,38.925724637681164,38.925724637681164,0.03928663675013622,0.04493413811234298,0.0,0.0,0.0,0.03928663675013622,0.3107369993813336
11.128,0.0,0.0,0.5394907638432661,0.0,0.0,0.041050487818122226,0.0,0.0,0.0,0.0,0.0,0.0,0.0,0.0,0.5,0.0,0.0,0.0,-0.05,0.0,0.0,0.0,38.925724637681164,38.925724637681164,38.925724637681164,38.925724637681164,0.03949076384326611,0.041050487818122226,0.0,0.0,0.0,0.03949076384326611,0.27999199664918706
11.136000000000001,0.0,0.0,0.5396414439080838,0.0,0.0,0.03660739187493899,0.0,0.0,0.0,0.0,0.0,0.0,0.0,0.0,0.5,0.0,0.0,0.0,-0.05,0.0,0.0,0.0,38.925724637681164,38.925724637681164,38.925724637681164,38.925724637681164,0.03964144390808377,0.03660739187493899,0.0,0.0,0.0,0.03964144390808377,0.38866300019435585
11.144,0.0,0.0,0.5397387463886661,0.0,0.0,0.03171847551451079,0.0,0.0,0.0,0.0,0.0,0.0,0.0,0.0,0.5,0.0,0.0,0.0,-0.05,0.0,0.0,0.0,38.925724637681164,38.925724637681164,38.925724637681164,38.925724637681164,0.039738746388666146,0.03171847551451079,0.0,0.0,0.0,0.039738746388666146,0.4271729994798079
11.152000000000001,0.0,0.0,0.539782740638861,0.0,0.0,0.026474636666479923,0.0,0.0,0.0,0.0,0.0,0.0,0.0,0.0,0.5,0.0,0.0,0.0,-0.05,0.0,0.0,0.0,38.925724637681164,38.925724637681164,38.925724637681164,38.925724637681164,0.039782740638861,0.026474636666479923,0.0,0.0,0.0,0.039782740638861,0.28342400037217885
11.16,0.0,0.0,0.5397734959224043,0.0,0.0,0.020948591421766638,0.0,0.0,0.0,0.0,0.0,0.0,0.0,0.0,0.5,0.0,0.0,0.0,-0.05,0.0,0.0,0.0,38.925724637681164,38.925724637681164,38.925724637681164,38.925724637681164,0.03977349592240431,0.020948591421766638,0.0,0.0,0.0,0.03977349592240431,0.2419299999019131
11.168000000000001,0.0,0.0,0.5397110814130369,0.0,0.0,0.01519851040322868,0.0,0.0,0.0,0.0,0.0,0.0,0.0,0.0,0.5,0.0,0.0,0.0,-0.05,0.0,0.0,0.0,38.925724637681164,38.925724637681164,38.925724637681164,38.925724637681164,0.03971108141303692,0.01519851040322868,0.0,0.0,0.0,0.03971108141303692,0.2850660021067597
11.176,0.0,0.0,0.5395955661946221,0.0,0.0,0.00927092786221271,0.0,0.0,0.0,0.0,0.0,0.0,0.0,0.0,0.5,0.0,0.0,0.0,-0.05,0.0,0.0,0.0,38.925724637681164,38.925724637681164,38.925724637681164,38.925724637681164,0.03959556619462212,0.00927092786221271,0.0,0.0,0.0,0.03959556619462212,0.20230600057402626
11.184000000000001,0.0,0.0,0.5394270192612618,0.0,0.0,0.0032030689557625116,0.0,0.0,0.0,0.0,0.0,0.0,0.0,0.0,0.5,0.0,0.0,0.0,-0.05,0.0,0.0,0.0,38.925724637681164,38.925724637681164,38.925724637681164,38.925724637681164,0.0394270192612618,0.0032030689557625116,0.0,0.0,0.0,0.0394270192612618,0.3188920018146746
11.192,0.0,0.0,0.5392055095174135,0.0,0.0,-0.0029752884315973355,0.0,0.0,0.0,0.0,0.0,0.0,0.0,0.0,0.5,0.0,0.0,0.0,-0.05,0.0,0.0,0.0,38.925724637681164,38.925724637681164,38.925724637681164,38.925724637681164,0.03920550951741353,0.0029752884315973355,0.0,0.0,0.0,0.03920550951741353,0.19072899885941297
11.200000000000001,0.0,0.0,0.5389311057780068,0.0,0.0,-0.00924032423044413,0.0,0.0,0.0,0.0,0.0,0.0,0.0,0.0,0.5,0.0,0.0,0.0,-0.05,0.0,0.0,0.0,38.925724637681164,38.925724637681164,38.925724637681164,38.925724637681164,0.03893110577800685,0.00924032423044413,0.0,0.0,0.0,0.03893110577800685,0.17871800082502887
11.208,0.0,0.0,0.5386038767685595,0.0,0.0,-0.015572984620540499,0.0,0.0,0.0,0.0,0.0,0.0,0.0,0.0,0.5,0.0,0.0,0.0,-0.05,0.0,0.0,0.0,38.925724637681164,38.925724637681164,38.925724637681164,38.925724637681164,0.038603876768559475,0.015572984620540499,0.0,0.0,0.0,0.038603876768559475,0.14677199942525476
11.216000000000001,0.0,0.0,0.5382238911252938,0.0,0.0,-0.02195802877807359,0.0,0.0,0.0,0.0,0.0,0.0,0.0,0.0,0.5,0.0,0.0,0.0,-0.043846616200957866,0.0,0.0,0.0,40.040468079536616,40.040468079536616,40.040468079536616,40.040468079536616,0.038223891125293785,0.02195802877807359,0.0,0.0,0.0,0.038223891125293785,0.1377079970552586
11.224,0.0,0.0,0.5377983254525021,0.0,0.0,-0.028205564842253242,0.0,0.0,0.0,0.0,0.0,0.0,0.0,0.0,0.5,0.0,0.0,0.0,-0.037097666336893376,0.0,0.0,0.0,41.263103924475836,41.263103924475836,41.263103924475836,41.263103924475836,0.03779832545250206,0.028205564842253242,0.0,0.0,0.0,0.03779832545250206,0.13197500084061176
11.232000000000001,0.0,0.0,0.5373343907205341,0.0,0.0,-0.03416282017299954,0.0,0.0,0.0,0.0,0.0,0.0,0.0,0.0,0.5,0.0,0.0,0.0,-0.03055617156192203,0.0,0.0,0.0,42.44815732573876,42.44815732573876,42.44815732573876,42.44815732573876,0.03733439072053413,0.03416282017299954,0.0,0.0,0.0,0.03733439072053413,0.12503700418164954
11.24,0.0,0.0,0.5368393322211449,0.0,0.0,-0.03970671862313212,0.0,0.0,0.0,0.0,0.0,0.0,0.0,0.0,0.5,0.0,0.0,0.0,-0.024351495786234523,0.0,0.0,0.0,43.57219279234882,43.57219279234882,43.57219279234882,43.57219279234882,0.03683933222114488,0.03970671862313212,0.0,0.0,0.0,0.03683933222114488,0.12163299834355712
11.248000000000001,0.0,0.0,0.5363204295229005,0.0,0.0,-0.044737942354614105,0.0,0.0,0.0,0.0,0.0,0.0,0.0,0.0,0.5,0.0,0.0,0.0,-0.01859185197581492,0.0,0.0,0.0,44.61560652612049,44.61560652612049,44.61560652612049,44.61560652612049,0.03632042952290049,0.044737942354614105,0.0,0.0,0.0,0.03632042952290049,0.12233699817443267
11.256,0.0,0.0,0.5357849964266423,0.0,0.0,-0.04917618129014631,0.0,0.0,0.0,0.0,0.0,0.0,0.0,0.0,0.5,0.0,0.0,0.0,-0.013367385177353475,0.0,0.0,0.0,45.562067902653354,45.562067902653354,45.562067902653354,45.562067902653354,0.035784996426642346,0.04917618129014631,0.0,0.0,0.0,0.035784996426642346,0.14277000445872545
11.264,0.0,0.0,0.5352403809210087,0.0,0.0,-0.05295633267296035,0.0,0.0,0.0,0.0,0.0,0.0,0.0,0.0,0.5,0.0,0.0,0.0,-0.008753795040797985,0.0,0.0,0.0,46.397863217246744,46.397863217246744,46.397863217246744,46.397863217246744,0.035240380921008674,0.05295633267296035,0.0,0.0,0.0,0.035240380921008674,0.12324599811108783
11.272,0.0,0.0,0.5346939651380141,0.0,0.0,-0.05602546071322988,0.0,0.0,0.0,0.0,0.0,0.0,0.0,0.0,0.5,0.0,0.0,0.0,-0.004815236397111677,0.0,0.0,0.0,47.111370217914555,47.111370217914555,47.111370217914555,47.111370217914555,0.03469396513801415,0.05602546071322988,0.0,0.0,0.0,0.03469396513801415,0.12942400644533336
11.28,0.0,0.0,0.5341531653086874,0.0,0.0,-0.058340364303754264,0.0,0.0,0.0,0.0,0.0,0.0,0.0,0.0,0.5,0.0,0.0,0.0,-0.0016076082052759455,0.0,0.0,0.0,47.69246228165291,47.69246228165291,47.69246228165291,47.69246228165291,0.034153165308687394,0.058340364303754264,0.0,0.0,0.0,0.034153165308687394,0.11516600352479145
11.288,0.0,0.0,0.5336254317187656,0.0,0.0,-0.05986563119104576,0.0,0.0,0.0,0.0,0.0,0.0,0.0,0.0,0.5,0.0,0.0,0.0,0.0008234306245130663,0.0,0.0,0.0,48.13286786675962,48.13286786675962,48.13286786675962,48.13286786675962,0.03362543171876564,0.05986563119104576,0.0,0.0,0.0,0.03362543171876564,0.11264299973845482
11.296,0.0,0.0,0.5331182486644473,0.0,0.0,-0.06057208131079536,0.0,0.0,0.0,0.0,0.0,0.0,0.0,0.0,0.5,0.0,0.0,0.0,0.002435281733421446,0.0,0.0,0.0,48.42486987924302,48.42486987924302,48.42486987924302,48.42486987924302,0.03311824866444735,0.06057208131079536,0.0,0.0,0.0,0.03311824866444735,0.11290900147287175
11.304,0.0,0.0,0.5326391344082021,0.0,0.0,-0.0604355214547662,0.0,0.0,0.0,0.0,0.0,0.0,0.0,0.0,0.5,0.0,0.0,0.0,0.003190958485946971,0.0,0.0,0.0,48.56176784165706,48.56176784165706,48.56176784165706,48.56176784165706,0.0326391344082021,0.0604355214547662,0.0,0.0,0.0,0.0326391344082021,0.11535699741216376
11.312,0.0,0.0,0.532195641134638,0.0,0.0,-0.05943574900291612,0.0,0.0,0.0,0.0,0.0,0.0,0.0,0.0,0.5,0.0,0.0,0.0,0.003057221220683859,0.0,0.0,0.0,48.537540076210846,48.537540076210846,48.537540076210846,48.537540076210846,0.03219564113463802,0.05943574900291612,0.0,0.0,0.0,0.03219564113463802,0.14621700393036008
11.32,0.0,0.0,0.5317953549064267,0.0,0.0,-0.05755575490761455,0.0,0.0,0.0,0.0,0.0,0.0,0.0,0.0,0.5,0.0,0.0,0.0,0.0020038143983944767,0.0,0.0,0.0,48.34670550695552,48.34670550695552,48.34670550695552,48.34670550695552,0.03179535490642671,0.05755575490761455,0.0,0.0,0.0,0.03179535490642671,0.13348300126381218
11.328,0.0,0.0,0.531445895620285,0.0,0.0,-0.05478108607963555,0.0,0.0,0.0,0.0,0.0,0.0,0.0,0.0,0.5,0.0,0.0,0.0,2.8583907438761713e-06,0.0,0.0,0.0,47.98421347658404,47.98421347658404,47.98421347658404,47.98421347658404,0.03144589562028499,0.05478108607963555,0.0,0.0,0.0,0.03144589562028499,0.15520300075877458
11.336,0.0,0.0,0.5311549169630142,0.0,0.0,-0.051099335295477395,0.0,0.0,0.0,0.0,0.0,0.0,0.0,0.0,0.5,0.0,0.0,0.0,-0.0029716370850667584,0.0,0.0,0.0,47.445355600531386,47.445355600531386,47.445355600531386,47.445355600531386,0.0311549169630142,0.051099335295477395,0.0,0.0,0.0,0.0311549169630142,0.1782769977580756
11.344,0.0,0.0,0.5309301063675966,0.0,0.0,-0.04649973312182174,0.0,0.0,0.0,0.0,0.0,0.0,0.0,0.0,0.5,0.0,0.0,0.0,-0.006944162204071347,0.0,0.0,0.0,46.72569525288563,46.72569525288563,46.72569525288563,46.72569525288563,0.030930106367596633,0.04649973312182174,0.0,0.0,0.0,0.030930106367596633,0.2182259995606728
11.352,0.0,0.0,0.5307791849693486,0.0,0.0,-0.040972821453657375,0.0,0.0,0.0,0.0,0.0,0.0,0.0,0.0,0.5,0.0,0.0,0.0,-0.01193961243121322,0.0,0.0,0.0,45.82072238564978,45.82072238564978,45.82072238564978,45.82072238564978,0.030779184969348616,0.040972821453657375,0.0,0.0,0.0,0.030779184969348616,0.25677600206108764
11.36,0.0,0.0,0.5307099075621312,0.0,0.0,-0.03451019234336122,0.0,0.0,0.0,0.0,0.0,0.0,0.0,0.0,0.5,0.0,0.0,0.0,-0.017976917543076176,0.0,0.0,0.0,44.727007691471705,44.727007691471705,44.727007691471705,44.727007691471705,0.03070990756213121,0.03451019234336122,0.0,0.0,0.0,0.03070990756213121,0.15227300173137337
11.368,0.0,0.0,0.5307300625546172,0.0,0.0,-0.027104279062539618,0.0,0.0,0.0,0.0,0.0,0.0,0.0,0.0,0.5,0.0,0.0,0.0,-0.02507946647714121,0.0,0.0,0.0,43.44031404399616,43.44031404399616,43.44031404399616,43.44031404399616,0.030730062554617188,0.027104279062539618,0.0,0.0,0.0,0.030730062554617188,0.15783699927851558
11.376,0.0,0.0,0.5308380366727227,0.0,0.0,-0.018984070297394386,0.0,0.0,0.0,0.0,0.0,0.0,0.0,0.0,0.5,0.0,0.0,0.0,-0.033025167739733186,0.0,0.0,0.0,42.00087540946863,42.00087540946863,42.00087540946863,42.00087540946863,0.03083803667272267,0.018984070297394386,0.0,0.0,0.0,0.03083803667272267,0.2052529962384142
11.384,0.0,0.0,0.5310258295899744,0.0,0.0,-0.010492433306623947,0.0,0.0,0.0,0.0,0.0,0.0,0.0,0.0,0.5,0.0,0.0,0.0,-0.04147382749752493,0.0,0.0,0.0,40.470321105520846,40.470321105520846,40.470321105520846,40.470321105520846,0.031025829589974352,0.010492433306623947,0.0,0.0,0.0,0.031025829589974352,0.18286300473846495
11.392,0.0,0.0,0.5312854950654426,0.0,0.0,-0.0019023097585910472,0.0,0.0,0.0,0.0,0.0,0.0,0.0,0.0,0.5,0.0,0.0,0.0,-0.05,0.0,0.0,0.0,38.925724637681164,38.925724637681164,38.925724637681164,38.925724637681164,0.03128549506544265,0.0019023097585910472,0.0,0.0,0.0,0.03128549506544265,0.2641159953782335
11.4,0.0,0.0,0.531609140873468,0.0,0.0,0.006569297393760068,0.0,0.0,0.0,0.0,0.0,0.0,0.0,0.0,0.5,0.0,0.0,0.0,-0.05,0.0,0.0,0.0,38.925724637681164,38.925724637681164,38.925724637681164,38.925724637681164,0.031609140873468,0.006569297393760068,0.0,0.0,0.0,0.031609140873468,0.21397599630290642
11.408,0.0,0.0,0.5319889287334784,0.0,0.0,0.014750134415268127,0.0,0.0,0.0,0.0,0.0,0.0,0.0,0.0,0.5,0.0,0.0,0.0,-0.05,0.0,0.0,0.0,38.925724637681164,38.925724637681164,38.925724637681164,38.925724637681164,0.03198892873347836,0.014750134415268127,0.0,0.0,0.0,0.03198892873347836,0.229994002438616
11.416,0.0,0.0,0.5324170742398981,0.0,0.0,0.022503745192707952,0.0,0.0,0.0,0.0,0.0,0.0,0.0,0.0,0.5,0.0,0.0,0.0,-0.05,0.0,0.0,0.0,38.925724637681164,38.925724637681164,38.925724637681164,38.925724637681164,0.03241707423989815,0.022503745192707952,0.0,0.0,0.0,0.03241707423989815,0.2780600043479353
11.424,0.0,0.0,0.532885846792148,0.0,0.0,0.029722309960414233,0.0,0.0,0.0,0.0,0.0,0.0,0.0,0.0,0.5,0.0,0.0,0.0,-0.05,0.0,0.0,0.0,38.925724637681164,38.925724637681164,38.925724637681164,38.925724637681164,0.03288584679214801,0.029722309960414233,0.0,0.0,0.0,0.03288584679214801,0.31016299908515066
11.432,0.0,0.0,0.5333875695247356,0.0,0.0,0.03632091628302097,0.0,0.0,0.0,0.0,0.0,0.0,0.0,0.0,0.5,0.0,0.0,0.0,-0.05,0.0,0.0,0.0,38.925724637681164,38.925724637681164,38.925724637681164,38.925724637681164,0.03338756952473565,0.03632091628302097,0.0,0.0,0.0,0.03338756952473565,0.36936499964213
11.44,0.0,0.0,0.5339146192374375,0.0,0.0,0.04223297584396571,0.0,0.0,0.0,0.0,0.0,0.0,0.0,0.0,0.5,0.0,0.0,0.0,-0.05,0.0,0.0,0.0,38.925724637681164,38.925724637681164,38.925724637681164,38.925724637681164,0.03391461923743755,0.04223297584396571,0.0,0.0,0.0,0.03391461923743755,0.37915699795121327
11.448,0.0,0.0,0.5344594263255711,0.0,0.0,0.04740655787850946,0.0,0.0,0.0,0.0,0.0,0.0,0.0,0.0,0.5,0.0,0.0,0.0,-0.05,0.0,0.0,0.0,38.925724637681164,38.925724637681164,38.925724637681164,38.925724637681164,0.034459426325571085,0.04740655787850946,0.0,0.0,0.0,0.034459426325571085,0.3789990005316213
11.456,0.0,0.0,0.5350144747103578,0.0,0.0,0.05180145592247673,0.0,0.0,0.0,0.0,0.0,0.0,0.0,0.0,0.5,0.0,0.0,0.0,-0.05,0.0,0.0,0.0,38.925724637681164,38.925724637681164,38.925724637681164,38.925724637681164,0.03501447471035779,0.05180145592247673,0.0,0.0,0.0,0.03501447471035779,0.37293200148269534
11.464,0.0,0.0,0.5355723017693766,0.0,0.0,0.05538684121345123,0.0,0.0,0.0,0.0,0.0,0.0,0.0,0.0,0.5,0.0,0.0,0.0,-0.05,0.0,0.0,0.0,38.925724637681164,38.925724637681164,38.925724637681164,38.925724637681164,0.035572301769376646,0.05538684121345123,0.0,0.0,0.0,0.035572301769376646,0.34140399657189846
11.472,0.0,0.0,0.5361254982671079,0.0,0.0,0.05813938541404309,0.0,0.0,0.0,0.0,0.0,0.0,0.0,0.0,0.5,0.0,0.0,0.0,-0.05,0.0,0.0,0.0,38.925724637681164,38.925724637681164,38.925724637681164,38.925724637681164,0.03612549826710787,0.05813938541404309,0.0,0.0,0.0,0.03612549826710787,0.37237699871184304
11.48,0.0,0.0,0.5366667082855671,0.0,0.0,0.060041758792712785,0.0,0.0,0.0,0.0,0.0,0.0,0.0,0.0,0.5,0.0,0.0,0.0,-0.05,0.0,0.0,0.0,38.925724637681164,38.925724637681164,38.925724637681164,38.925724637681164,0.03666670828556706,0.060041758792712785,0.0,0.0,0.0,0.03666670828556706,0.3499169979477301
11.488,0.0,0.0,0.5371886291550293,0.0,0.0,0.0610814287707275,0.0,0.0,0.0,0.0,0.0,0.0,0.0,0.0,0.5,0.0,0.0,0.0,-0.05,0.0,0.0,0.0,38.925724637681164,38.925724637681164,38.925724637681164,38.925724637681164,0.037188629155029296,0.0610814287707275,0.0,0.0,0.0,0.037188629155029296,0.354953997884877
11.496,0.0,0.0,0.5376840113848433,0.0,0.0,0.06124969876193175,0.0,0.0,0.0,0.0,0.0,0.0,0.0,0.0,0.5,0.0,0.0,0.0,-0.05,0.0,0.0,0.0,38.925724637681164,38.925724637681164,38.925724637681164,38.925724637681164,0.03768401138484334,0.06124969876193175,0.0,0.0,0.0,0.03768401138484334,0.2951829956145957
11.504,0.0,0.0,0.5381456585943356,0.0,0.0,0.06054093924685333,0.0,0.0,0.0,0.0,0.0,0.0,0.0,0.0,0.5,0.0,0.0,0.0,-0.05,0.0,0.0,0.0,38.925724637681164,38.925724637681164,38.925724637681164,38.925724637681164,0.03814565859433561,0.06054093924685333,0.0,0.0,0.0,0.03814565859433561,0.21003599977120757
11.512,0.0,0.0,0.5385664274438042,0.0,0.0,0.05895197263419705,0.0,0.0,0.0,0.0,0.0,0.0,0.0,0.0,0.5,0.0,0.0,0.0,-0.05,0.0,0.0,0.0,38.925724637681164,38.925724637681164,38.925724637681164,38.925724637681164,0.03856642744380423,0.05895197263419705,0.0,0.0,0.0,0.03856642744380423,0.26793999859364703
11.52,0.0,0.0,0.5389392275656024,0.0,0.0,0.056481581152313394,0.0,0.0,0.0,0.0,0.0,0.0,0.0,0.0,0.5,0.0,0.0,0.0,-0.05,0.0,0.0,0.0,38.925724637681164,38.925724637681164,38.925724637681164,38.925724637681164,0.03893922756560242,0.056481581152313394,0.0,0.0,0.0,0.03893922756560242,0.3141069973935373
11.528,0.0,0.0,0.5392583615011082,0.0,0.0,0.05316361330949371,0.0,0.0,0.0,0.0,0.0,0.0,0.0,0.0,0.5,0.0,0.0,0.0,-0.05,0.0,0.0,0.0,38.925724637681164,38.925724637681164,38.925724637681164,38.925724637681164,0.039258361501108174,0.05316361330949371,0.0,0.0,0.0,0.039258361501108174,0.3397410036996007
11.536,0.0,0.0,0.5395238989791518,0.0,0.0,0.04916932759868538,0.0,0.0,0.0,0.0,0.0,0.0,0.0,0.0,0.5,0.0,0.0,0.0,-0.05,0.0,0.0,0.0,38.925724637681164,38.925724637681164,38.925724637681164,38.925724637681164,0.03952389897915176,0.04916932759868538,0.0,0.0,0.0,0.03952389897915176,0.3224100000807084
11.544,0.0,0.0,0.5397359096379645,0.0,0.0,0.044635728549265494,0.0,0.0,0.0,0.0,0.0,0.0,0.0,0.0,0.5,0.0,0.0,0.0,-0.05,0.0,0.0,0.0,38.925724637681164,38.925724637681164,38.925724637681164,38.925724637681164,0.03973590963796447,0.044635728549265494,0.0,0.0,0.0,0.03973590963796447,0.3697279971675016
11.552,0.0,0.0,0.539894463025296,0.0,0.0,0.03967241752270048,0.0,0.0,0.0,0.0,0.0,0.0,0.0,0.0,0.5,0.0,0.0,0.0,-0.05,0.0,0.0,0.0,38.925724637681164,38.925724637681164,38.925724637681164,38.925724637681164,0.03989446302529598,0.03967241752270048,0.0,0.0,0.0,0.03989446302529598,0.3236339980503544
11.56,0.0,0.0,0.5399996285985322,0.0,0.0,0.034367073349066454,0.0,0.0,0.0,0.0,0.0,0.0,0.0,0.0,0.5,0.0,0.0,0.0,-0.05,0.0,0.0,0.0,38.925724637681164,38.925724637681164,38.925724637681164,38.925724637681164,0.03999962859853223,0.034367073349066454,0.0,0.0,0.0,0.03999962859853223,0.3318230010336265
11.568,0.0,0.0,0.5400514757248128,0.0,0.0,0.02878983683626808,0.0,0.0,0.0,0.0,0.0,0.0,0.0,0.0,0.5,0.0,0.0,0.0,-0.05,0.0,0.0,0.0,38.925724637681164,38.925724637681164,38.925724637681164,38.925724637681164,0.040051475724812824,0.02878983683626808,0.0,0.0,0.0,0.040051475724812824,0.4356880017439835
11.576,0.0,0.0,0.540050073681148,0.0,0.0,0.022996818377393636,0.0,0.0,0.0,0.0,0.0,0.0,0.0,0.0,0.5,0.0,0.0,0.0,-0.05,0.0,0.0,0.0,38.925724637681164,38.925724637681164,38.925724637681164,38.925724637681164,0.04005007368114799,0.022996818377393636,0.0,0.0,0.0,0.04005007368114799,0.3245920015615411
11.584,0.0,0.0,0.539995491654536,0.0,0.0,0.01703290403661437,0.0,0.0,0.0,0.0,0.0,0.0,0.0,0.0,0.5,0.0,0.0,0.0,-0.05,0.0,0.0,0.0,38.925724637681164,38.925724637681164,38.925724637681164,38.925724637681164,0.039995491654535975,0.01703290403661437,0.0,0.0,0.0,0.039995491654535975,0.2378999997745268
11.592,0.0,0.0,0.5398877987420799,0.0,0.0,0.010934000417890603,0.0,0.0,0.0,0.0,0.0,0.0,0.0,0.0,0.5,0.0,0.0,0.0,-0.05,0.0,0.0,0.0,38.925724637681164,38.925724637681164,38.925724637681164,38.925724637681164,0.03988779874207993,0.010934000417890603,0.0,0.0,0.0,0.03988779874207993,0.26734299899544567
11.6,0.0,0.0,0.5397270639511046,0.0,0.0,0.004728830559928627,0.0,0.0,0.0,0.0,0.0,0.0,0.0,0.0,0.5,0.0,0.0,0.0,-0.05,0.0,0.0,0.0,38.925724637681164,38.925724637681164,38.925724637681164,38.925724637681164,0.03972706395110459,0.004728830559928627,0.0,0.0,0.0,0.03972706395110459,0.19068999972660094
11.608,0.0,0.0,0.5395133561992731,0.0,0.0,-0.0015596293478438352,0.0,0.0,0.0,0.0,0.0,0.0,0.0,0.0,0.5,0.0,0.0,0.0,-0.05,0.0,0.0,0.0,38.925724637681164,38.925724637681164,38.925724637681164,38.925724637681164,0.0395133561992731,0.0015596293478438352,0.0,0.0,0.0,0.0395133561992731,0.1836400042520836
11.616,0.0,0.0,0.5392467443147034,0.0,0.0,-0.00791300059251749,0.0,0.0,0.0,0.0,0.0,0.0,0.0,0.0,0.5,0.0,0.0,0.0,-0.05,0.0,0.0,0.0,38.925724637681164,38.925724637681164,38.925724637681164,38.925724637681164,0.03924674431470343,0.00791300059251749,0.0,0.0,0.0,0.03924674431470343,0.15768999583087862
11.624,0.0,0.0,0.5389272970360847,0.0,0.0,-0.014316582439482285,0.0,0.0,0.0,0.0,0.0,0.0,0.0,0.0,0.5,0.0,0.0,0.0,-0.05,0.0,0.0,0.0,38.925724637681164,38.925724637681164,38.925724637681164,38.925724637681164,0.03892729703608466,0.014316582439482285,0.0,0.0,0.0,0.03892729703608466,0.13829999807057902
11.632,0.0,0.0,0.5385550830127932,0.0,0.0,-0.020758616533873397,0.0,0.0,0.0,0.0,0.0,0.0,0.0,0.0,0.5,0.0,0.0,0.0,-0.04560385027077085,0.0,0.0,0.0,39.722128574135716,39.722128574135716,39.722128574135716,39.722128574135716,0.0385550830127932,0.020758616533873397,0.0,0.0,0.0,0.0385550830127932,0.13480999768944457
11.64,0.0,0.0,0.5381372788622586,0.0,0.0,-0.027051996990462714,0.0,0.0,0.0,0.0,0.0,0.0,0.0,0.0,0.5,0.0,0.0,0.0,-0.03882546898845085,0.0,0.0,0.0,40.950096197744415,40.950096197744415,40.950096197744415,40.950096197744415,0.038137278862258595,0.027051996990462714,0.0,0.0,0.0,0.038137278862258595,0.11395599722163752
11.648,0.0,0.0,0.5376810955679506,0.0,0.0,-0.03304617995007057,0.0,0.0,0.0,0.0,0.0,0.0,0.0,0.0,0.5,0.0,0.0,0.0,-0.03226264380191557,0.0,0.0,0.0,42.139013804000804,42.139013804000804,42.139013804000804,42.139013804000804,0.03768109556795063,0.03304617995007057,0.0,0.0,0.0,0.03768109556795063,0.13048800610704347
11.656,0.0,0.0,0.5371937784347272,0.0,0.0,-0.03861987229064197,0.0,0.0,0.0,0.0,0.0,0.0,0.0,0.0,0.5,0.0,0.0,0.0,-0.02604385951298449,0.0,0.0,0.0,43.265605160691216,43.265605160691216,43.265605160691216,43.265605160691216,0.037193778434727154,0.03861987229064197,0.0,0.0,0.0,0.037193778434727154,0.1352640028926544
11.664,0.0,0.0,0.5366826070442404,0.0,0.0,-0.04367518259468326,0.0,0.0,0.0,0.0,0.0,0.0,0.0,0.0,0.5,0.0,0.0,0.0,-0.020275532635688598,0.0,0.0,0.0,44.31059191382453,44.31059191382453,44.31059191382453,44.31059191382453,0.03668260704424042,0.04367518259468326,0.0,0.0,0.0,0.03668260704424042,0.12813499779440463
11.672,0.0,0.0,0.5361548952104006,0.0,0.0,-0.04813294192174055,0.0,0.0,0.0,0.0,0.0,0.0,0.0,0.0,0.5,0.0,0.0,0.0,-0.015046720570102035,0.0,0.0,0.0,45.25784047643079,45.25784047643079,45.25784047643079,45.25784047643079,0.036154895210400606,0.04813294192174055,0.0,0.0,0.0,0.036154895210400606,0.13614400086225942
11.68,0.0,0.0,0.535617990934898,0.0,0.0,-0.05192896042495817,0.0,0.0,0.0,0.0,0.0,0.0,0.0,0.0,0.5,0.0,0.0,0.0,-0.010432252036598144,0.0,0.0,0.0,46.093794920906134,46.093794920906134,46.093794920906134,46.093794920906134,0.035617990934898036,0.05192896042495817,0.0,0.0,0.0,0.035617990934898036,0.12590500409714878
11.688,0.0,0.0,0.5350792763627824,0.0,0.0,-0.05501103264285574,0.0,0.0,0.0,0.0,0.0,0.0,0.0,0.0,0.5,0.0,0.0,0.0,-0.006495585116810254,0.0,0.0,0.0,46.80695921796916,46.80695921796916,46.80695921796916,46.80695921796916,0.03507927636278241,0.05501103264285574,0.0,0.0,0.0,0.03507927636278241,0.14184699830366299
11.696,0.0,0.0,0.5345461677381004,0.0,0.0,-0.057336541731336885,0.0,0.0,0.0,0.0,0.0,0.0,0.0,0.0,0.5,0.0,0.0,0.0,-0.0032920444084965084,0.0,0.0,0.0,47.38731079556223,47.38731079556223,47.38731079556223,47.38731079556223,0.034546167738100375,0.057336541731336885,0.0,0.0,0.0,0.034546167738100375,0.11715100117726251
11.704,0.0,0.0,0.5340261153595903,0.0,0.0,-0.0588705428478193,0.0,0.0,0.0,0.0,0.0,0.0,0.0,0.0,0.5,0.0,0.0,0.0,-0.000866876915666781,0.0,0.0,0.0,47.82665273266906,47.82665273266906,47.82665273266906,47.82665273266906,0.034026115359590325,0.0588705428478193,0.0,0.0,0.0,0.034026115359590325,0.13000800390727818
11.712,0.0,0.0,0.533526603536435,0.0,0.0,-0.059584229857140056,0.0,0.0,0.0,0.0,0.0,0.0,0.0,0.0,0.5,0.0,0.0,0.0,0.0007376927084363771,0.0,0.0,0.0,48.1173356355863,48.1173356355863,48.1173356355863,48.1173356355863,0.033526603536434996,0.059584229857140056,0.0,0.0,0.0,0.033526603536434996,0.10973199823638424
11.72,0.0,0.0,0.5330551505440714,0.0,0.0,-0.059453708694801204,0.0,0.0,0.0,0.0,0.0,0.0,0.0,0.0,0.5,0.0,0.0,0.0,0.0014849632847980798,0.0,0.0,0.0,48.25271073999966,48.25271073999966,48.25271073999966,48.25271073999966,0.03305515054407138,0.059453708694801204,0.0,0.0,0.0,0.03305515054407138,0.10990900045726448
11.728,0.0,0.0,0.5326193085800582,0.0,0.0,-0.058459016056170654,0.0,0.0,0.0,0.0,0.0,0.0,0.0,0.0,0.5,0.0,0.0,0.0,0.0013419234440676941,0.0,0.0,0.0,48.22679772537458,48.22679772537458,48.22679772537458,48.22679772537458,0.03261930858005824,0.058459016056170654,0.0,0.0,0.0,0.03261930858005824,0.10653000208549201
11.736,0.0,0.0,0.5322266637200008,0.0,0.0,-0.05658333434637072,0.0,0.0,0.0,0.0,0.0,0.0,0.0,0.0,0.5,0.0,0.0,0.0,0.00027850027600484495,0.0,0.0,0.0,48.034148600725516,48.034148600725516,48.034148600725516,48.034148600725516,0.032226663720000825,0.05658333434637072,0.0,0.0,0.0,0.032226663720000825,0.12822099961340427
11.744,0.0,0.0,0.5318848358735329,0.0,0.0,-0.053812363638796726,0.0,0.0,0.0,0.0,0.0,0.0,0.0,0.0,0.5,0.0,0.0,0.0,-0.0017330397488787286,0.0,0.0,0.0,47.669739175927766,47.669739175927766,47.669739175927766,47.669739175927766,0.03188483587353286,0.053812363638796726,0.0,0.0,0.0,0.03188483587353286,0.20739199680974707
11.752,0.0,0.0,0.5316014787403559,0.0,0.0,-0.05013381924046043,0.0,0.0,0.0,0.0,0.0,0.0,0.0,0.0,0.5,0.0,0.0,0.0,-0.004718570038648173,0.0,0.0,0.0,47.12888223937533,47.12888223937533,47.12888223937533,47.12888223937533,0.031601478740355904,0.05013381924046043,0.0,0.0,0.0,0.031601478740355904,0.1923989984788932
11.76,0.0,0.0,0.5313842797663355,0.0,0.0,-0.04553702974287879,0.0,0.0,0.0,0.0,0.0,0.0,0.0,0.0,0.5,0.0,0.0,0.0,-0.008702487272892578,0.0,0.0,0.0,46.40715810273685,46.40715810273685,46.40715810273685,46.40715810273685,0.03138427976633551,0.04553702974287879,0.0,0.0,0.0,0.03138427976633551,0.1673419974395074
11.768,0.0,0.0,0.5312409600996547,0.0,0.0,-0.04001261546132255,0.0,0.0,0.0,0.0,0.0,0.0,0.0,0.0,0.5,0.0,0.0,0.0,-0.013709573065224245,0.0,0.0,0.0,45.50007734325648,45.50007734325648,45.50007734325648,45.50007734325648,0.031240960099654713,0.04001261546132255,0.0,0.0,0.0,0.031240960099654713,0.19466599769657478
11.776,0.0,0.0,0.5311792745470245,0.0,0.0,-0.03355223118481315,0.0,0.0,0.0,0.0,0.0,0.0,0.0,0.0,0.5,0.0,0.0,0.0,-0.019758775102750037,0.0,0.0,0.0,44.4042074089221,44.4042074089221,44.4042074089221,44.4042074089221,0.031179274547024516,0.03355223118481315,0.0,0.0,0.0,0.031179274547024516,0.22617300419369712
11.784,0.0,0.0,0.5312070115299509,0.0,0.0,-0.026148360374691804,0.0,0.0,0.0,0.0,0.0,0.0,0.0,0.0,0.5,0.0,0.0,0.0,-0.02687339623957219,0.0,0.0,0.0,43.11532676819345,43.11532676819345,43.11532676819345,43.11532676819345,0.031207011529950868,0.026148360374691804,0.0,0.0,0.0,0.031207011529950868,0.13581100211013108
11.792,0.0,0.0,0.5313161603718931,0.0,0.0,-0.018189967251197106,0.0,0.0,0.0,0.0,0.0,0.0,0.0,0.0,0.5,0.0,0.0,0.0,-0.03466692540115268,0.0,0.0,0.0,41.70345554326944,41.70345554326944,41.70345554326944,41.70345554326944,0.03131616037189311,0.018189967251197106,0.0,0.0,0.0,0.03131616037189311,0.24553399998694658
11.8,0.0,0.0,0.5314987644953021,0.0,0.0,-0.009986870715733686,0.0,0.0,0.0,0.0,0.0,0.0,0.0,0.0,0.5,0.0,0.0,0.0,-0.04283070625924479,0.0,0.0,0.0,40.22450973564406,40.22450973564406,40.22450973564406,40.22450973564406,0.03149876449530209,0.009986870715733686,0.0,0.0,0.0,0.03149876449530209,0.1706020048004575
11.808,0.0,0.0,0.5317469213513292,0.0,0.0,-0.001785575171909217,0.0,0.0,0.0,0.0,0.0,0.0,0.0,0.0,0.5,0.0,0.0,0.0,-0.05,0.0,0.0,0.0,38.925724637681164,38.925724637681164,38.925724637681164,38.925724637681164,0.03174692135132917,0.001785575171909217,0.0,0.0,0.0,0.03174692135132917,0.1767389985616319
11.816,0.0,0.0,0.5320527823496263,0.0,0.0,0.00621806481989934,0.0,0.0,0.0,0.0,0.0,0.0,0.0,0.0,0.5,0.0,0.0,0.0,-0.05,0.0,0.0,0.0,38.925724637681164,38.925724637681164,38.925724637681164,38.925724637681164,0.032052782349626274,0.00621806481989934,0.0,0.0,0.0,0.032052782349626274,0.3336750014568679
11.824,0.0,0.0,0.5324085527882373,0.0,0.0,0.013868712821195799,0.0,0.0,0.0,0.0,0.0,0.0,0.0,0.0,0.5,0.0,0.0,0.0,-0.05,0.0,0.0,0.0,38.925724637681164,38.925724637681164,38.925724637681164,38.925724637681164,0.03240855278823729,0.013868712821195799,0.0,0.0,0.0,0.03240855278823729,0.26144600269617513
11.832,0.0,0.0,0.5328064917835804,0.0,0.0,0.021043445140533724,0.0,0.0,0.0,0.0,0.0,0.0,0.0,0.0,0.5,0.0,0.0,0.0,-0.05,0.0,0.0,0.0,38.925724637681164,38.925724637681164,38.925724637681164,38.925724637681164,0.032806491783580416,0.021043445140533724,0.0,0.0,0.0,0.032806491783580416,0.2960030033136718
11.84,0.0,0.0,0.5332389122005218,0.0,0.0,0.02764526653596215,0.0,0.0,0.0,0.0,0.0,0.0,0.0,0.0,0.5,0.0,0.0,0.0,-0.05,0.0,0.0,0.0,38.925724637681164,38.925724637681164,38.925724637681164,38.925724637681164,0.033238912200521775,0.02764526653596215,0.0,0.0,0.0,0.033238912200521775,0.32964199635898694
11.848,0.0,0.0,0.5336981805825396,0.0,0.0,0.03359792277921391,0.0,0.0,0.0,0.0,0.0,0.0,0.0,0.0,0.5,0.0,0.0,0.0,-0.05,0.0,0.0,0.0,38.925724637681164,38.925724637681164,38.925724637681164,38.925724637681164,0.033698180582539594,0.03359792277921391,0.0,0.0,0.0,0.033698180582539594,0.3299819945823401
11.856,0.0,0.0,0.5341767170819793,0.0,0.0,0.03884175070936598,0.0,0.0,0.0,0.0,0.0,0.0,0.0,0.0,0.5,0.0,0.0,0.0,-0.05,0.0,0.0,0.0,38.925724637681164,38.925724637681164,38.925724637681164,38.925724637681164,0.034176717081979335,0.03884175070936598,0.0,0.0,0.0,0.034176717081979335,0.35400000342633575
11.864,0.0,0.0,0.5346669953903991,0.0,0.0,0.04333035827798504,0.0,0.0,0.0,0.0,0.0,0.0,0.0,0.0,0.5,0.0,0.0,0.0,-0.05,0.0,0.0,0.0,38.925724637681164,38.925724637681164,38.925724637681164,38.925724637681164,0.03466699539039908,0.04333035827798504,0.0,0.0,0.0,0.03466699539039908,0.34029500238830224
11.872,0.0,0.0,0.535161542669006,0.0,0.0,0.047027968587561184,0.0,0.0,0.0,0.0,0.0,0.0,0.0,0.0,0.5,0.0,0.0,0.0,-0.05,0.0,0.0,0.0,38.925724637681164,38.925724637681164,38.925724637681164,38.925724637681164,0.03516154266900595,0.047027968587561184,0.0,0.0,0.0,0.03516154266900595,0.4273470040061511
11.88,0.0,0.0,0.5356529394791825,0.0,0.0,0.04990729512446043,0.0,0.0,0.0,0.0,0.0,0.0,0.0,0.0,0.5,0.0,0.0,0.0,-0.05,0.0,0.0,0.0,38.925724637681164,38.925724637681164,38.925724637681164,38.925724637681164,0.035652939479182466,0.04990729512446043,0.0,0.0,0.0,0.035652939479182466,0.33278400223935023
11.888,0.0,0.0,0.5361338197131036,0.0,0.0,0.05194784194759771,0.0,0.0,0.0,0.0,0.0,0.0,0.0,0.0,0.5,0.0,0.0,0.0,-0.05,0.0,0.0,0.0,38.925724637681164,38.925724637681164,38.925724637681164,38.925724637681164,0.03613381971310359,0.05194784194759771,0.0,0.0,0.0,0.03613381971310359,0.33431199699407443
11.896,0.0,0.0,0.5365968705244433,0.0,0.0,0.05313454384156894,0.0,0.0,0.0,0.0,0.0,0.0,0.0,0.0,0.5,0.0,0.0,0.0,-0.05,0.0,0.0,0.0,38.925724637681164,38.925724637681164,38.925724637681164,38.925724637681164,0.03659687052444327,0.05313454384156894,0.0,0.0,0.0,0.03659687052444327,0.44167300075059757
11.904,0.0,0.0,0.5370348322591718,0.0,0.0,0.053456678441469924,0.0,0.0,0.0,0.0,0.0,0.0,0.0,0.0,0.5,0.0,0.0,0.0,-0.05,0.0,0.0,0.0,38.925724637681164,38.925724637681164,38.925724637681164,38.925724637681164,0.03703483225917181,0.053456678441469924,0.0,0.0,0.0,0.03703483225917181,0.2817330023390241
11.912,0.0,0.0,0.5374404983864426,0.0,0.0,0.05290699593494422,0.0,0.0,0.0,0.0,0.0,0.0,0.0,0.0,0.5,0.0,0.0,0.0,-0.05,0.0,0.0,0.0,38.925724637681164,38.925724637681164,38.925724637681164,38.925724637681164,0.03744049838644259,0.05290699593494422,0.0,0.0,0.0,0.03744049838644259,0.2214859996456653
11.92,0.0,0.0,0.5378067154295688,0.0,0.0,0.051481022826112055,0.0,0.0,0.0,0.0,0.0,0.0,0.0,0.0,0.5,0.0,0.0,0.0,-0.05,0.0,0.0,0.0,38.925724637681164,38.925724637681164,38.925724637681164,38.925724637681164,0.037806715429568816,0.051481022826112055,0.0,0.0,0.0,0.037806715429568816,0.21139699674677104
11.928,0.0,0.0,0.5381263828970897,0.0,0.0,0.049176504948910724,0.0,0.0,0.0,0.0,0.0,0.0,0.0,0.0,0.5,0.0,0.0,0.0,-0.05,0.0,0.0,0.0,38.925724637681164,38.925724637681164,38.925724637681164,38.925724637681164,0.038126382897089695,0.049176504948910724,0.0,0.0,0.0,0.038126382897089695,0.26581300335237756
11.936,0.0,0.0,0.5383924532139268,0.0,0.0,0.0459929618800573,0.0,0.0,0.0,0.0,0.0,0.0,0.0,0.0,0.5,0.0,0.0,0.0,-0.05,0.0,0.0,0.0,38.925724637681164,38.925724637681164,38.925724637681164,38.925724637681164,0.038392453213926814,0.0459929618800573,0.0,0.0,0.0,0.038392453213926814,0.28007099899696186
11.944,0.0,0.0,0.538604996019212,0.0,0.0,0.042107939636174097,0.0,0.0,0.0,0.0,0.0,0.0,0.0,0.0,0.5,0.0,0.0,0.0,-0.05,0.0,0.0,0.0,38.925724637681164,38.925724637681164,38.925724637681164,38.925724637681164,0.03860499601921197,0.042107939636174097,0.0,0.0,0.0,0.03860499601921197,0.28125800599809736
11.952,0.0,0.0,0.5387640808615946,0.0,0.0,0.03766347276850432,0.0,0.0,0.0,0.0,0.0,0.0,0.0,0.0,0.5,0.0,0.0,0.0,-0.05,0.0,0.0,0.0,38.925724637681164,38.925724637681164,38.925724637681164,38.925724637681164,0.03876408086159455,0.03766347276850432,0.0,0.0,0.0,0.03876408086159455,0.3277119976701215
11.96,0.0,0.0,0.5388697771993589,0.0,0.0,0.03277318665891217,0.0,0.0,0.0,0.0,0.0,0.0,0.0,0.0,0.5,0.0,0.0,0.0,-0.05,0.0,0.0,0.0,38.925724637681164,38.925724637681164,38.925724637681164,38.925724637681164,0.03886977719935891,0.03277318665891217,0.0,0.0,0.0,0.03886977719935891,0.28950200066901743
11.968,0.0,0.0,0.5389221544005417,0.0,0.0,0.027527979356699508,0.0,0.0,0.0,0.0,0.0,0.0,0.0,0.0,0.5,0.0,0.0,0.0,-0.05,0.0,0.0,0.0,38.925724637681164,38.925724637681164,38.925724637681164,38.925724637681164,0.0389221544005417,0.027527979356699508,0.0,0.0,0.0,0.0389221544005417,0.31635299819754437
11.976,0.0,0.0,0.5389212817430492,0.0,0.0,0.02200056704804736,0.0,0.0,0.0,0.0,0.0,0.0,0.0,0.0,0.5,0.0,0.0,0.0,-0.05,0.0,0.0,0.0,38.925724637681164,38.925724637681164,38.925724637681164,38.925724637681164,0.03892128174304921,0.02200056704804736,0.0,0.0,0.0,0.03892128174304921,0.2620670056785457
11.984,0.0,0.0,0.5388672284147746,0.0,0.0,0.016249120431573425,0.0,0.0,0.0,0.0,0.0,0.0,0.0,0.0,0.5,0.0,0.0,0.0,-0.05,0.0,0.0,0.0,38.925724637681164,38.925724637681164,38.925724637681164,38.925724637681164,0.038867228414774635,0.016249120431573425,0.0,0.0,0.0,0.038867228414774635,0.28970400308026
11.992,0.0,0.0,0.5387600635137147,0.0,0.0,0.010320173818761883,0.0,0.0,0.0,0.0,0.0,0.0,0.0,0.0,0.5,0.0,0.0,0.0,-0.05,0.0,0.0,0.0,38.925724637681164,38.925724637681164,38.925724637681164,38.925724637681164,0.03876006351371475,0.010320173818761883,0.0,0.0,0.0,0.03876006351371475,0.3354599975864403
12.0,0.0,0.0,0.5385998560480869,0.0,0.0,0.00425095241431313,0.0,0.0,0.0,0.0,0.0,0.0,0.0,0.0,0.5,0.0,0.0,0.0,-0.05,0.0,0.0,0.0,38.925724637681164,38.925724637681164,38.925724637681164,38.925724637681164,0.03859985604808691,0.00425095241431313,0.0,0.0,0.0,0.03859985604808691,0.37699499807786196
12.008000000000001,0.0,0.0,0.5383866749364455,0.0,0.0,-0.0019287658595831376,0.0,0.0,0.0,0.0,0.0,0.0,0.0,0.0,0.5,0.0,0.0,0.0,-0.05,0.0,0.0,0.0,38.925724637681164,38.925724637681164,38.925724637681164,38.925724637681164,0.03838667493644554,0.0019287658595831376,0.0,0.0,0.0,0.03838667493644554,0.31207799474941567
12.016,0.0,0.0,0.5381205890077989,0.0,0.0,-0.008195160903833019,0.0,0.0,0.0,0.0,0.0,0.0,0.0,0.0,0.5,0.0,0.0,0.0,-0.05,0.0,0.0,0.0,38.925724637681164,38.925724637681164,38.925724637681164,38.925724637681164,0.03812058900779891,0.008195160903833019,0.0,0.0,0.0,0.03812058900779891,0.22669899772154167
12.024000000000001,0.0,0.0,0.5378016670017252,0.0,0.0,-0.01452917887490932,0.0,0.0,0.0,0.0,0.0,0.0,0.0,0.0,0.5,0.0,0.0,0.0,-0.05,0.0,0.0,0.0,38.925724637681164,38.925724637681164,38.925724637681164,38.925724637681164,0.03780166700172516,0.01452917887490932,0.0,0.0,0.0,0.03780166700172516,0.14085300063015893
12.032,0.0,0.0,0.5374299775684888,0.0,0.0,-0.02091557893083847,0.0,0.0,0.0,0.0,0.0,0.0,0.0,0.0,0.5,0.0,0.0,0.0,-0.043372190411499756,0.0,0.0,0.0,40.12641478052541,40.12641478052541,40.12641478052541,40.12641478052541,0.03742997756848876,0.02091557893083847,0.0,0.0,0.0,0.03742997756848876,0.10864400246646255
12.040000000000001,0.0,0.0,0.5370126973264059,0.0,0.0,-0.02716446919674145,0.0,0.0,0.0,0.0,0.0,0.0,0.0,0.0,0.5,0.0,0.0,0.0,-0.03663855744637834,0.0,0.0,0.0,41.34627582493146,41.34627582493146,41.34627582493146,41.34627582493146,0.037012697326405886,0.02716446919674145,0.0,0.0,0.0,0.037012697326405886,0.13097200280753896
12.048,0.0,0.0,0.5365570372598318,0.0,0.0,-0.03312307702174563,0.0,0.0,0.0,0.0,0.0,0.0,0.0,0.0,0.5,0.0,0.0,0.0,-0.030110655236958772,0.0,0.0,0.0,42.528866804898776,42.528866804898776,42.528866804898776,42.528866804898776,0.03655703725983184,0.03312307702174563,0.0,0.0,0.0,0.03655703725983184,0.1263820013264194
12.056000000000001,0.0,0.0,0.5360702426745091,0.0,0.0,-0.038668326250463826,0.0,0.0,0.0,0.0,0.0,0.0,0.0,0.0,0.5,0.0,0.0,0.0,-0.023919973617182677,0.0,0.0,0.0,43.650367098336474,43.650367098336474,43.650367098336474,43.650367098336474,0.03607024267450909,0.038668326250463826,0.0,0.0,0.0,0.03607024267450909,0.12430600327206776
12.064,0.0,0.0,0.5355595931529731,0.0,0.0,-0.043700899038772736,0.0,0.0,0.0,0.0,0.0,0.0,0.0,0.0,0.5,0.0,0.0,0.0,-0.01817430463110481,0.0,0.0,0.0,44.69124916103174,44.69124916103174,44.69124916103174,44.69124916103174,0.03555959315297308,0.043700899038772736,0.0,0.0,0.0,0.03555959315297308,0.12287099525565282
12.072000000000001,0.0,0.0,0.5350324025100163,0.0,0.0,-0.04814048530493696,0.0,0.0,0.0,0.0,0.0,0.0,0.0,0.0,0.5,0.0,0.0,0.0,-0.012963794460922218,0.0,0.0,0.0,45.63518216287641,45.63518216287641,45.63518216287641,45.63518216287641,0.03503240251001627,0.04814048530493696,0.0,0.0,0.0,0.03503240251001627,0.161595999088604
12.08,0.0,0.0,0.53449601874821,0.0,0.0,-0.051921982289108895,0.0,0.0,0.0,0.0,0.0,0.0,0.0,0.0,0.5,0.0,0.0,0.0,-0.008364142798282459,0.0,0.0,0.0,46.4684523916155,46.4684523916155,46.4684523916155,46.4684523916155,0.034496018748209956,0.051921982289108895,0.0,0.0,0.0,0.034496018748209956,0.12681000225711614
12.088000000000001,0.0,0.0,0.5339578240134837,0.0,0.0,-0.0549924541994424,0.0,0.0,0.0,0.0,0.0,0.0,0.0,0.0,0.5,0.0,0.0,0.0,-0.004439504501891345,0.0,0.0,0.0,47.17943759023708,47.17943759023708,47.17943759023708,47.17943759023708,0.033957824013483684,0.0549924541994424,0.0,0.0,0.0,0.033957824013483684,0.12664400128414854
12.096,0.0,0.0,0.5334252345507629,0.0,0.0,-0.057308699927576236,0.0,0.0,0.0,0.0,0.0,0.0,0.0,0.0,0.5,0.0,0.0,0.0,-0.0012457611779261857,0.0,0.0,0.0,47.7580142793612,47.7580142793612,47.7580142793612,47.7580142793612,0.03342523455076285,0.057308699927576236,0.0,0.0,0.0,0.03342523455076285,0.10812999971676618
12.104000000000001,0.0,0.0,0.5329057006596635,0.0,0.0,-0.05883530721954397,0.0,0.0,0.0,0.0,0.0,0.0,0.0,0.0,0.5,0.0,0.0,0.0,0.0011713935368559136,0.0,0.0,0.0,48.19590462624201,48.19590462624201,48.19590462624201,48.19590462624201,0.03290570065966347,0.05883530721954397,0.0,0.0,0.0,0.03290570065966347,0.11208400246687233
12.112,0.0,0.0,0.5324067066502447,0.0,0.0,-0.0595430960111059,0.0,0.0,0.0,0.0,0.0,0.0,0.0,0.0,0.5,0.0,0.0,0.0,0.002769378497707975,0.0,0.0,0.0,48.48539465538188,48.48539465538188,48.48539465538188,48.48539465538188,0.0324067066502447,0.0595430960111059,0.0,0.0,0.0,0.0324067066502447,0.12743600382236764
12.120000000000001,0.0,0.0,0.5319357707988188,0.0,0.0,-0.0594078730945304,0.0,0.0,0.0,0.0,0.0,0.0,0.0,0.0,0.5,0.0,0.0,0.0,0.0035112071249681076,0.0,0.0,0.0,48.619783899450745,48.619783899450745,48.619783899450745,48.619783899450745,0.03193577079881882,0.0594078730945304,0.0,0.0,0.0,0.03193577079881882,0.11824100511148572
12.128,0.0,0.0,0.5315004453038188,0.0,0.0,-0.058409435850626204,0.0,0.0,0.0,0.0,0.0,0.0,0.0,0.0,0.5,0.0,0.0,0.0,0.0033636397327311274,0.0,0.0,0.0,48.593050676219406,48.593050676219406,48.593050676219406,48.593050676219406,0.03150044530381879,0.058409435850626204,0.0,0.0,0.0,0.03150044530381879,0.13727499754168093
12.136000000000001,0.0,0.0,0.5311083162417228,0.0,0.0,-0.05653077523289883,0.0,0.0,0.0,0.0,0.0,0.0,0.0,0.0,0.5,0.0,0.0,0.0,0.0022964207573078488,0.0,0.0,0.0,48.3997139053094,48.3997139053094,48.3997139053094,48.3997139053094,0.031108316241722833,0.05653077523289883,0.0,0.0,0.0,0.031108316241722833,0.10934999590972438
12.144,0.0,0.0,0.5307670035230366,0.0,0.0,-0.05375743815347511,0.0,0.0,0.0,0.0,0.0,0.0,0.0,0.0,0.5,0.0,0.0,0.0,0.0002816705461593516,0.0,0.0,0.0,48.034722925028866,48.034722925028866,48.034722925028866,48.034722925028866,0.03076700352303663,0.05375743815347511,0.0,0.0,0.0,0.03076700352303663,0.10866099910344929
12.152000000000001,0.0,0.0,0.5304841608483325,0.0,0.0,-0.05007701739038258,0.0,0.0,0.0,0.0,0.0,0.0,0.0,0.0,0.5,0.0,0.0,0.0,-0.0027066012075198653,0.0,0.0,0.0,47.493369346463794,47.493369346463794,47.493369346463794,47.493369346463794,0.030484160848332498,0.05007701739038258,0.0,0.0,0.0,0.030484160848332498,0.10943700181087479
12.16,0.0,0.0,0.5302674756643456,0.0,0.0,-0.04547874351197855,0.0,0.0,0.0,0.0,0.0,0.0,0.0,0.0,0.5,0.0,0.0,0.0,-0.006692884702599877,0.0,0.0,0.0,46.771216539384085,46.771216539384085,46.771216539384085,46.771216539384085,0.030267475664345622,0.04547874351197855,0.0,0.0,0.0,0.030267475664345622,0.1257579933735542
12.168000000000001,0.0,0.0,0.5301246691201277,0.0,0.0,-0.03995315841503103,0.0,0.0,0.0,0.0,0.0,0.0,0.0,0.0,0.5,0.0,0.0,0.0,-0.011702033932714961,0.0,0.0,0.0,45.86376196871106,45.86376196871106,45.86376196871106,45.86376196871106,0.03012466912012768,0.03995315841503103,0.0,0.0,0.0,0.03012466912012768,0.1117409992730245
12.176,0.0,0.0,0.5300634960232569,0.0,0.0,-0.03349185415379536,0.0,0.0,0.0,0.0,0.0,0.0,0.0,0.0,0.5,0.0,0.0,0.0,-0.017753061248953816,0.0,0.0,0.0,44.76756136794315,44.76756136794315,44.76756136794315,44.76756136794315,0.030063496023256864,0.03349185415379536,0.0,0.0,0.0,0.030063496023256864,0.19694300135597587
12.184000000000001,0.0,0.0,0.5300917447961054,0.0,0.0,-0.026087264001822083,0.0,0.0,0.0,0.0,0.0,0.0,0.0,0.0,0.5,0.0,0.0,0.0,-0.02486931504499712,0.0,0.0,0.0,43.47838495561646,43.47838495561646,43.47838495561646,43.47838495561646,0.030091744796105435,0.026087264001822083,0.0,0.0,0.0,0.030091744796105435,0.15382899437099695
12.192,0.0,0.0,0.5302090571752662,0.0,0.0,-0.017937001722437486,0.0,0.0,0.0,0.0,0.0,0.0,0.0,0.0,0.5,0.0,0.0,0.0,-0.032860999666316726,0.0,0.0,0.0,42.03061600247886,42.03061600247886,42.03061600247886,42.03061600247886,0.03020905717526623,0.017937001722437486,0.0,0.0,0.0,0.03020905717526623,0.14578900299966335
12.200000000000001,0.0,0.0,0.530407424286706,0.0,0.0,-0.009390423591957459,0.0,0.0,0.0,0.0,0.0,0.0,0.0,0.0,0.5,0.0,0.0,0.0,-0.04138163055046973,0.0,0.0,0.0,40.48702345100186,40.48702345100186,40.48702345100186,40.48702345100186,0.030407424286705953,0.009390423591957459,0.0,0.0,0.0,0.030407424286705953,0.2526090029277839
12.208,0.0,0.0,0.5306788913530409,0.0,0.0,-0.0007256622151911498,0.0,0.0,0.0,0.0,0.0,0.0,0.0,0.0,0.5,0.0,0.0,0.0,-0.05,0.0,0.0,0.0,38.925724637681164,38.925724637681164,38.925724637681164,38.925724637681164,0.030678891353040916,0.0007256622151911498,0.0,0.0,0.0,0.030678891353040916,0.14390100113814697
12.216000000000001,0.0,0.0,0.531015557623249,0.0,0.0,0.007836126983049117,0.0,0.0,0.0,0.0,0.0,0.0,0.0,0.0,0.5,0.0,0.0,0.0,-0.05,0.0,0.0,0.0,38.925724637681164,38.925724637681164,38.925724637681164,38.925724637681164,0.031015557623249035,0.007836126983049117,0.0,0.0,0.0,0.031015557623249035,0.1765650013112463
12.224,0.0,0.0,0.5314095763024729,0.0,0.0,0.016119368567036375,0.0,0.0,0.0,0.0,0.0,0.0,0.0,0.0,0.5,0.0,0.0,0.0,-0.05,0.0,0.0,0.0,38.925724637681164,38.925724637681164,38.925724637681164,38.925724637681164,0.031409576302472875,0.016119368567036375,0.0,0.0,0.0,0.031409576302472875,0.216242995520588
12.232000000000001,0.0,0.0,0.5318531544819138,0.0,0.0,0.023984949339651913,0.0,0.0,0.0,0.0,0.0,0.0,0.0,0.0,0.5,0.0,0.0,0.0,-0.05,0.0,0.0,0.0,38.925724637681164,38.925724637681164,38.925724637681164,38.925724637681164,0.03185315448191384,0.023984949339651913,0.0,0.0,0.0,0.03185315448191384,0.289629002509173
12.24,0.0,0.0,0.532338553068818,0.0,0.0,0.03132292414432831,0.0,0.0,0.0,0.0,0.0,0.0,0.0,0.0,0.5,0.0,0.0,0.0,-0.05,0.0,0.0,0.0,38.925724637681164,38.925724637681164,38.925724637681164,38.925724637681164,0.032338553068818054,0.03132292414432831,0.0,0.0,0.0,0.032338553068818054,0.32091700268210843
12.248000000000001,0.0,0.0,0.5328580867165527,0.0,0.0,0.038046680508826314,0.0,0.0,0.0,0.0,0.0,0.0,0.0,0.0,0.5,0.0,0.0,0.0,-0.05,0.0,0.0,0.0,38.925724637681164,38.925724637681164,38.925724637681164,38.925724637681164,0.03285808671655266,0.038046680508826314,0.0,0.0,0.0,0.03285808671655266,0.4344199987826869
12.256,0.0,0.0,0.5334041237547731,0.0,0.0,0.044088270362573206,0.0,0.0,0.0,0.0,0.0,0.0,0.0,0.0,0.5,0.0,0.0,0.0,-0.05,0.0,0.0,0.0,38.925724637681164,38.925724637681164,38.925724637681164,38.925724637681164,0.033404123754773085,0.044088270362573206,0.0,0.0,0.0,0.033404123754773085,0.33868800528580323
12.264000000000001,0.0,0.0,0.5339690861196811,0.0,0.0,0.049394675412756855,0.0,0.0,0.0,0.0,0.0,0.0,0.0,0.0,0.5,0.0,0.0,0.0,-0.05,0.0,0.0,0.0,38.925724637681164,38.925724637681164,38.925724637681164,38.925724637681164,0.03396908611968108,0.049394675412756855,0.0,0.0,0.0,0.03396908611968108,0.3579179974622093
12.272,0.0,0.0,0.5345454492843734,0.0,0.0,0.053924819447515565,0.0,0.0,0.0,0.0,0.0,0.0,0.0,0.0,0.5,0.0,0.0,0.0,-0.05,0.0,0.0,0.0,38.925724637681164,38.925724637681164,38.925724637681164,38.925724637681164,0.03454544928437342,0.053924819447515565,0.0,0.0,0.0,0.03454544928437342,0.374242001271341
12.280000000000001,0.0,0.0,0.535125742189281,0.0,0.0,0.05764717818070022,0.0,0.0,0.0,0.0,0.0,0.0,0.0,0.0,0.5,0.0,0.0,0.0,-0.05,0.0,0.0,0.0,38.925724637681164,38.925724637681164,38.925724637681164,38.925724637681164,0.035125742189280995,0.05764717818070022,0.0,0.0,0.0,0.035125742189280995,0.4458250041352585
12.288,0.0,0.0,0.5357025471726985,0.0,0.0,0.06053786712999928,0.0,0.0,0.0,0.0,0.0,0.0,0.0,0.0,0.5,0.0,0.0,0.0,-0.05,0.0,0.0,0.0,38.925724637681164,38.925724637681164,38.925724637681164,38.925724637681164,0.035702547172698496,0.06053786712999928,0.0,0.0,0.0,0.035702547172698496,0.5017669973312877
12.296,0.0,0.0,0.5362684999014041,0.0,0.0,0.06257911192164178,0.0,0.0,0.0,0.0,0.0,0.0,0.0,0.0,0.5,0.0,0.0,0.0,-0.05,0.0,0.0,0.0,38.925724637681164,38.925724637681164,38.925724637681164,38.925724637681164,0.03626849990140413,0.06257911192164178,0.0,0.0,0.0,0.03626849990140413,0.4188429957139306
12.304,0.0,0.0,0.5368162893013695,0.0,0.0,0.06375802453644588,0.0,0.0,0.0,0.0,0.0,0.0,0.0,0.0,0.5,0.0,0.0,0.0,-0.05,0.0,0.0,0.0,38.925724637681164,38.925724637681164,38.925724637681164,38.925724637681164,0.03681628930136949,0.06375802453644588,0.0,0.0,0.0,0.03681628930136949,0.38665499596390873
12.312,0.0,0.0,0.5373386574885597,0.0,0.0,0.06406562430891323,0.0,0.0,0.0,0.0,0.0,0.0,0.0,0.0,0.5,0.0,0.0,0.0,-0.05,0.0,0.0,0.0,38.925724637681164,38.925724637681164,38.925724637681164,38.925724637681164,0.03733865748855969,0.06406562430891323,0.0,0.0,0.0,0.03733865748855969,0.5162489978829399
12.32,0.0,0.0,0.5378283996998231,0.0,0.0,0.06349605472871449,0.0,0.0,0.0,0.0,0.0,0.0,0.0,0.0,0.5,0.0,0.0,0.0,-0.05,0.0,0.0,0.0,38.925724637681164,38.925724637681164,38.925724637681164,38.925724637681164,0.0378283996998231,0.06349605472871449,0.0,0.0,0.0,0.0378283996998231,0.2975739989778958
12.328,0.0,0.0,0.5382783642238712,0.0,0.0,0.062045956884175524,0.0,0.0,0.0,0.0,0.0,0.0,0.0,0.0,0.5,0.0,0.0,0.0,-0.05,0.0,0.0,0.0,38.925724637681164,38.925724637681164,38.925724637681164,38.925724637681164,0.03827836422387121,0.062045956884175524,0.0,0.0,0.0,0.03827836422387121,0.2555339960963465
12.336,0.0,0.0,0.5386814523323479,0.0,0.0,0.059713968219255995,0.0,0.0,0.0,0.0,0.0,0.0,0.0,0.0,0.5,0.0,0.0,0.0,-0.05,0.0,0.0,0.0,38.925724637681164,38.925724637681164,38.925724637681164,38.925724637681164,0.038681452332347876,0.059713968219255995,0.0,0.0,0.0,0.038681452332347876,0.30336299823829904
12.344,0.0,0.0,0.5390308349011509,0.0,0.0,0.05650573879548111,0.0,0.0,0.0,0.0,0.0,0.0,0.0,0.0,0.5,0.0,0.0,0.0,-0.05,0.0,0.0,0.0,38.925724637681164,38.925724637681164,38.925724637681164,38.925724637681164,0.03903083490115089,0.05650573879548111,0.0,0.0,0.0,0.03903083490115089,0.3270640008850023
12.352,0.0,0.0,0.5393265817102427,0.0,0.0,0.05259826126367993,0.0,0.0,0.0,0.0,0.0,0.0,0.0,0.0,0.5,0.0,0.0,0.0,-0.05,0.0,0.0,0.0,38.925724637681164,38.925724637681164,38.925724637681164,38.925724637681164,0.039326581710242725,0.05259826126367993,0.0,0.0,0.0,0.039326581710242725,0.32741099857958034
12.36,0.0,0.0,0.5395687624489203,0.0,0.0,0.048133127477883224,0.0,0.0,0.0,0.0,0.0,0.0,0.0,0.0,0.5,0.0,0.0,0.0,-0.05,0.0,0.0,0.0,38.925724637681164,38.925724637681164,38.925724637681164,38.925724637681164,0.03956876244892027,0.048133127477883224,0.0,0.0,0.0,0.03956876244892027,0.3235420008422807
12.368,0.0,0.0,0.5397574467159326,0.0,0.0,0.043223608657614834,0.0,0.0,0.0,0.0,0.0,0.0,0.0,0.0,0.5,0.0,0.0,0.0,-0.05,0.0,0.0,0.0,38.925724637681164,38.925724637681164,38.925724637681164,38.925724637681164,0.03975744671593262,0.043223608657614834,0.0,0.0,0.0,0.03975744671593262,0.32598899997537956
12.376,0.0,0.0,0.5398927040195988,0.0,0.0,0.03796031951774593,0.0,0.0,0.0,0.0,0.0,0.0,0.0,0.0,0.5,0.0,0.0,0.0,-0.05,0.0,0.0,0.0,38.925724637681164,38.925724637681164,38.925724637681164,38.925724637681164,0.03989270401959877,0.03796031951774593,0.0,0.0,0.0,0.03989270401959877,0.2981729994644411
12.384,0.0,0.0,0.539974603777925,0.0,0.0,0.03241574957235369,0.0,0.0,0.0,0.0,0.0,0.0,0.0,0.0,0.5,0.0,0.0,0.0,-0.05,0.0,0.0,0.0,38.925724637681164,38.925724637681164,38.925724637681164,38.925724637681164,0.039974603777925055,0.03241574957235369,0.0,0.0,0.0,0.039974603777925055,0.29342500056372955
12.392,0.0,0.0,0.5400032153187225,0.0,0.0,0.02664788817781989,0.0,0.0,0.0,0.0,0.0,0.0,0.0,0.0,0.5,0.0,0.0,0.0,-0.05,0.0,0.0,0.0,38.925724637681164,38.925724637681164,38.925724637681164,38.925724637681164,0.04000321531872253,0.02664788817781989,0.0,0.0,0.0,0.04000321531872253,0.2620980012579821
12.4,0.0,0.0,0.5399786078797243,0.0,0.0,0.02070312456730007,0.0,0.0,0.0,0.0,0.0,0.0,0.0,0.0,0.5,0.0,0.0,0.0,-0.05,0.0,0.0,0.0,38.925724637681164,38.925724637681164,38.925724637681164,38.925724637681164,0.03997860787972429,0.02070312456730007,0.0,0.0,0.0,0.03997860787972429,0.2362950035603717
12.408,0.0,0.0,0.5399008506087024,0.0,0.0,0.01461856787829276,0.0,0.0,0.0,0.0,0.0,0.0,0.0,0.0,0.5,0.0,0.0,0.0,-0.05,0.0,0.0,0.0,38.925724637681164,38.925724637681164,38.925724637681164,38.925724637681164,0.03990085060870241,0.01461856787829276,0.0,0.0,0.0,0.03990085060870241,0.2885029971366748
12.416,0.0,0.0,0.5397700125635846,0.0,0.0,0.008423903174689065,0.0,0.0,0.0,0.0,0.0,0.0,0.0,0.0,0.5,0.0,0.0,0.0,-0.05,0.0,0.0,0.0,38.925724637681164,38.925724637681164,38.925724637681164,38.925724637681164,0.03977001256358459,0.008423903174689065,0.0,0.0,0.0,0.03977001256358459,0.28599700453924015
12.424,0.0,0.0,0.5395861627125712,0.0,0.0,0.0021428762644161315,0.0,0.0,0.0,0.0,0.0,0.0,0.0,0.0,0.5,0.0,0.0,0.0,-0.05,0.0,0.0,0.0,38.925724637681164,38.925724637681164,38.925724637681164,38.925724637681164,0.039586162712571205,0.0021428762644161315,0.0,0.0,0.0,0.039586162712571205,0.245518000156153
12.432,0.0,0.0,0.5393493699342519,0.0,0.0,-0.004205518446449909,0.0,0.0,0.0,0.0,0.0,0.0,0.0,0.0,0.5,0.0,0.0,0.0,-0.05,0.0,0.0,0.0,38.925724637681164,38.925724637681164,38.925724637681164,38.925724637681164,0.039349369934251865,0.004205518446449909,0.0,0.0,0.0,0.039349369934251865,0.3519219972076826
12.44,0.0,0.0,0.5390597030177217,0.0,0.0,-0.010606087670415897,0.0,0.0,0.0,0.0,0.0,0.0,0.0,0.0,0.5,0.0,0.0,0.0,-0.05,0.0,0.0,0.0,38.925724637681164,38.925724637681164,38.925724637681164,38.925724637681164,0.03905970301772166,0.010606087670415897,0.0,0.0,0.0,0.03905970301772166,0.23356499877991155
12.448,0.0,0.0,0.5387172306626977,0.0,0.0,-0.01704667901193019,0.0,0.0,0.0,0.0,0.0,0.0,0.0,0.0,0.5,0.0,0.0,0.0,-0.04944616333418794,0.0,0.0,0.0,39.02605736699494,39.02605736699494,39.02605736699494,39.02605736699494,0.03871723066269772,0.01704667901193019,0.0,0.0,0.0,0.03871723066269772,0.17839500651462004
12.456,0.0,0.0,0.538324987709933,0.0,0.0,-0.023443417028663812,0.0,0.0,0.0,0.0,0.0,0.0,0.0,0.0,0.5,0.0,0.0,0.0,-0.04261533506537196,0.0,0.0,0.0,40.263526256273195,40.263526256273195,40.263526256273195,40.263526256273195,0.03832498770993298,0.023443417028663812,0.0,0.0,0.0,0.03832498770993298,0.12082500325050205
12.464,0.0,0.0,0.5378901651489594,0.0,0.0,-0.029625297647269892,0.0,0.0,0.0,0.0,0.0,0.0,0.0,0.0,0.5,0.0,0.0,0.0,-0.035912983388398545,0.0,0.0,0.0,41.47772040065244,41.47772040065244,41.47772040065244,41.47772040065244,0.037890165148959376,0.029625297647269892,0.0,0.0,0.0,0.037890165148959376,0.12859699927503243
12.472,0.0,0.0,0.5374199883166754,0.0,0.0,-0.03545465892491742,0.0,0.0,0.0,0.0,0.0,0.0,0.0,0.0,0.5,0.0,0.0,0.0,-0.029481970091716603,0.0,0.0,0.0,42.64275904135569,42.64275904135569,42.64275904135569,42.64275904135569,0.03741998831667537,0.03545465892491742,0.0,0.0,0.0,0.03741998831667537,0.1362609982606955
12.48,0.0,0.0,0.5369217168527181,0.0,0.0,-0.04082051373886533,0.0,0.0,0.0,0.0,0.0,0.0,0.0,0.0,0.5,0.0,0.0,0.0,-0.023441218419389176,0.0,0.0,0.0,43.7370981124295,43.7370981124295,43.7370981124295,43.7370981124295,0.036921716852718056,0.04082051373886533,0.0,0.0,0.0,0.036921716852718056,0.12779099779436365
12.488,0.0,0.0,0.5364026446548935,0.0,0.0,-0.04563321593670729,0.0,0.0,0.0,0.0,0.0,0.0,0.0,0.0,0.5,0.0,0.0,0.0,-0.017889744869855062,0.0,0.0,0.0,44.74279984241756,44.74279984241756,44.74279984241756,44.74279984241756,0.03640264465489351,0.04563321593670729,0.0,0.0,0.0,0.03640264465489351,0.1277170013054274
12.496,0.0,0.0,0.5358700998346648,0.0,0.0,-0.0498201932550815,0.0,0.0,0.0,0.0,0.0,0.0,0.0,0.0,0.5,0.0,0.0,0.0,-0.012910338669839594,0.0,0.0,0.0,45.644866183000076,45.644866183000076,45.644866183000076,45.644866183000076,0.035870099834664826,0.0498201932550815,0.0,0.0,0.0,0.035870099834664826,0.12122000043746084
12.504,0.0,0.0,0.5353314446726982,0.0,0.0,-0.053322533653231835,0.0,0.0,0.0,0.0,0.0,0.0,0.0,0.0,0.5,0.0,0.0,0.0,-0.008572819613931415,0.0,0.0,0.0,46.4306486206646,46.4306486206646,46.4306486206646,46.4306486206646,0.03533144467269822,0.053322533653231835,0.0,0.0,0.0,0.03533144467269822,0.17372900038026273
12.512,0.0,0.0,0.5347940755744667,0.0,0.0,-0.05609225437837256,0.0,0.0,0.0,0.0,0.0,0.0,0.0,0.0,0.5,0.0,0.0,0.0,-0.0049375714268564685,0.0,0.0,0.0,47.08920807484484,47.08920807484484,47.08920807484484,47.08920807484484,0.034794075574466676,0.05609225437837256,0.0,0.0,0.0,0.034794075574466676,0.12244199751876295
12.52,0.0,0.0,0.5342654230259113,0.0,0.0,-0.05809011721658416,0.0,0.0,0.0,0.0,0.0,0.0,0.0,0.0,0.5,0.0,0.0,0.0,-0.002053955033184507,0.0,0.0,0.0,47.61160234906078,47.61160234906078,47.61160234906078,47.61160234906078,0.03426542302591129,0.05809011721658416,0.0,0.0,0.0,0.03426542302591129,0.10800600284710526
12.528,0.0,0.0,0.5337529515491605,0.0,0.0,-0.05928388069203639,0.0,0.0,0.0,0.0,0.0,0.0,0.0,0.0,0.5,0.0,0.0,0.0,3.259420412471403e-05,0.0,0.0,0.0,47.989600399297956,47.989600399297956,47.989600399297956,47.989600399297956,0.03375295154916047,0.05928388069203639,0.0,0.0,0.0,0.03375295154916047,0.14978900435380638
12.536,0.0,0.0,0.5332641596583062,0.0,0.0,-0.05964690182498715,0.0,0.0,0.0,0.0,0.0,0.0,0.0,0.0,0.5,0.0,0.0,0.0,0.001282789462805134,0.0,0.0,0.0,48.216085047609624,48.216085047609624,48.216085047609624,48.216085047609624,0.0332641596583062,0.05964690182498715,0.0,0.0,0.0,0.0332641596583062,0.10972100426442921
12.544,0.0,0.0,0.5328065798152384,0.0,0.0,-0.05915701753668404,0.0,0.0,0.0,0.0,0.0,0.0,0.0,0.0,0.5,0.0,0.0,0.0,0.0016615572083694685,0.0,0.0,0.0,48.284702392820556,48.284702392820556,48.284702392820556,48.284702392820556,0.03280657981523838,0.05915701753668404,0.0,0.0,0.0,0.03280657981523838,0.1512730013928376
12.552,0.0,0.0,0.5323877783855361,0.0,0.0,-0.057795649771905835,0.0,0.0,0.0,0.0,0.0,0.0,0.0,0.0,0.5,0.0,0.0,0.0,0.0011371814352085785,0.0,0.0,0.0,48.18970678174069,48.18970678174069,48.18970678174069,48.18970678174069,0.03238777838553608,0.057795649771905835,0.0,0.0,0.0,0.03238777838553608,0.10905299859587103
12.56,0.0,0.0,0.5320153555944162,0.0,0.0,-0.0555470895955219,0.0,0.0,0.0,0.0,0.0,0.0,0.0,0.0,0.5,0.0,0.0,0.0,-0.00031937923106772903,0.0,0.0,0.0,47.925837095821066,47.925837095821066,47.925837095821066,47.925837095821066,0.03201535559441615,0.0555470895955219,0.0,0.0,0.0,0.03201535559441615,0.14537900278810412
12.568,0.0,0.0,0.5316969454827395,0.0,0.0,-0.05239792446833487,0.0,0.0,0.0,0.0,0.0,0.0,0.0,0.0,0.5,0.0,0.0,0.0,-0.0027350378516102225,0.0,0.0,0.0,47.488217780505394,47.488217780505394,47.488217780505394,47.488217780505394,0.03169694548273949,0.05239792446833487,0.0,0.0,0.0,0.03169694548273949,0.11115699453512207
12.576,0.0,0.0,0.5314402158630738,0.0,0.0,-0.04833658006631014,0.0,0.0,0.0,0.0,0.0,0.0,0.0,0.0,0.5,0.0,0.0,0.0,-0.006135016214262268,0.0,0.0,0.0,46.8722796713293,46.8722796713293,46.8722796713293,46.8722796713293,0.03144021586307377,0.04833658006631014,0.0,0.0,0.0,0.03144021586307377,0.1109060031012632
12.584,0.0,0.0,0.5312528682758139,0.0,0.0,-0.04335295373454642,0.0,0.0,0.0,0.0,0.0,0.0,0.0,0.0,0.5,0.0,0.0,0.0,-0.010544892550971685,0.0,0.0,0.0,46.07338903062107,46.07338903062107,46.07338903062107,46.07338903062107,0.03125286827581386,0.04335295373454642,0.0,0.0,0.0,0.03125286827581386,0.09259399666916579
12.592,0.0,0.0,0.531142637945359,0.0,0.0,-0.0374381212490087,0.0,0.0,0.0,0.0,0.0,0.0,0.0,0.0,0.5,0.0,0.0,0.0,-0.015983867182418954,0.0,0.0,0.0,45.088067539416855,45.088067539416855,45.088067539416855,45.088067539416855,0.031142637945358986,0.0374381212490087,0.0,0.0,0.0,0.031142637945358986,0.09620700438972563
12.6,0.0,0.0,0.5311172937363469,0.0,0.0,-0.03058410222451012,0.0,0.0,0.0,0.0,0.0,0.0,0.0,0.0,0.5,0.0,0.0,0.0,-0.022475769686821856,0.0,0.0,0.0,43.91199824514097,43.91199824514097,43.91199824514097,43.91199824514097,0.031117293736346863,0.03058410222451012,0.0,0.0,0.0,0.031117293736346863,0.1257719995919615
12.608,0.0,0.0,0.5311846381099449,0.0,0.0,-0.02278367243965802,0.0,0.0,0.0,0.0,0.0,0.0,0.0,0.0,0.5,0.0,0.0,0.0,-0.030041111912786467,0.0,0.0,0.0,42.541465233190856,42.541465233190856,42.541465233190856,42.541465233190856,0.031184638109944873,0.02278367243965802,0.0,0.0,0.0,0.031184638109944873,0.1475020035286434
12.616,0.0,0.0,0.5313366378809997,0.0,0.0,-0.014426943675354876,0.0,0.0,0.0,0.0,0.0,0.0,0.0,0.0,0.5,0.0,0.0,0.0,-0.038294879448733,0.0,0.0,0.0,41.04621749117156,41.04621749117156,41.04621749117156,41.04621749117156,0.03133663788099972,0.014426943675354876,0.0,0.0,0.0,0.03133663788099972,0.1599449969944544
12.624,0.0,0.0,0.5315653139925955,0.0,0.0,-0.0058246521503888685,0.0,0.0,0.0,0.0,0.0,0.0,0.0,0.0,0.5,0.0,0.0,0.0,-0.046924720523714214,0.0,0.0,0.0,39.482840484834384,39.482840484834384,39.482840484834384,39.482840484834384,0.031565313992595545,0.0058246521503888685,0.0,0.0,0.0,0.031565313992595545,0.15146999794524163
12.632,0.0,0.0,0.5318627414457243,0.0,0.0,0.0027759646079090613,0.0,0.0,0.0,0.0,0.0,0.0,0.0,0.0,0.5,0.0,0.0,0.0,-0.05,0.0,0.0,0.0,38.925724637681164,38.925724637681164,38.925724637681164,38.925724637681164,0.03186274144572432,0.0027759646079090613,0.0,0.0,0.0,0.03186274144572432,0.21530799858737737
12.64,0.0,0.0,0.5322210492290482,0.0,0.0,0.011178466269423946,0.0,0.0,0.0,0.0,0.0,0.0,0.0,0.0,0.5,0.0,0.0,0.0,-0.05,0.0,0.0,0.0,38.925724637681164,38.925724637681164,38.925724637681164,38.925724637681164,0.032221049229048226,0.011178466269423946,0.0,0.0,0.0,0.032221049229048226,0.2614189943415113
12.648,0.0,0.0,0.5326324202487533,0.0,0.0,0.019227048508168296,0.0,0.0,0.0,0.0,0.0,0.0,0.0,0.0,0.5,0.0,0.0,0.0,-0.05,0.0,0.0,0.0,38.925724637681164,38.925724637681164,38.925724637681164,38.925724637681164,0.03263242024875335,0.019227048508168296,0.0,0.0,0.0,0.03263242024875335,0.25753800582606345
12.656,0.0,0.0,0.5330890912584939,0.0,0.0,0.026798414050047393,0.0,0.0,0.0,0.0,0.0,0.0,0.0,0.0,0.5,0.0,0.0,0.0,-0.05,0.0,0.0,0.0,38.925724637681164,38.925724637681164,38.925724637681164,38.925724637681164,0.03308909125849391,0.026798414050047393,0.0,0.0,0.0,0.03308909125849391,0.33521599834784865
12.664,0.0,0.0,0.5335833527894279,0.0,0.0,0.033795269513389646,0.0,0.0,0.0,0.0,0.0,0.0,0.0,0.0,0.5,0.0,0.0,0.0,-0.05,0.0,0.0,0.0,38.925724637681164,38.925724637681164,38.925724637681164,38.925724637681164,0.03358335278942792,0.033795269513389646,0.0,0.0,0.0,0.03358335278942792,0.29849600105080754
12.672,0.0,0.0,0.5341075490803442,0.0,0.0,0.04014112288361695,0.0,0.0,0.0,0.0,0.0,0.0,0.0,0.0,0.5,0.0,0.0,0.0,-0.05,0.0,0.0,0.0,38.925724637681164,38.925724637681164,38.925724637681164,38.925724637681164,0.03410754908034419,0.04014112288361695,0.0,0.0,0.0,0.03410754908034419,0.40030899981502444
12.68,0.0,0.0,0.534654078007879,0.0,0.0,0.0457761214952655,0.0,0.0,0.0,0.0,0.0,0.0,0.0,0.0,0.5,0.0,0.0,0.0,-0.05,0.0,0.0,0.0,38.925724637681164,38.925724637681164,38.925724637681164,38.925724637681164,0.03465407800787901,0.0457761214952655,0.0,0.0,0.0,0.03465407800787901,0.4090729999006726
12.688,0.0,0.0,0.5352153910168246,0.0,0.0,0.05065372241985019,0.0,0.0,0.0,0.0,0.0,0.0,0.0,0.0,0.5,0.0,0.0,0.0,-0.05,0.0,0.0,0.0,38.925724637681164,38.925724637681164,38.925724637681164,38.925724637681164,0.03521539101682458,0.05065372241985019,0.0,0.0,0.0,0.03521539101682458,0.38995399518171325
12.696,0.0,0.0,0.5357839930505274,0.0,0.0,0.05473802877845152,0.0,0.0,0.0,0.0,0.0,0.0,0.0,0.0,0.5,0.0,0.0,0.0,-0.05,0.0,0.0,0.0,38.925724637681164,38.925724637681164,38.925724637681164,38.925724637681164,0.035783993050527374,0.05473802877845152,0.0,0.0,0.0,0.035783993050527374,0.3519929960020818
12.704,0.0,0.0,0.5363524424813771,0.0,0.0,0.05800165879400391,0.0,0.0,0.0,0.0,0.0,0.0,0.0,0.0,0.5,0.0,0.0,0.0,-0.05,0.0,0.0,0.0,38.925724637681164,38.925724637681164,38.925724637681164,38.925724637681164,0.036352442481377145,0.05800165879400391,0.0,0.0,0.0,0.036352442481377145,0.42388300062157214
12.712,0.0,0.0,0.5369133510413862,0.0,0.0,0.060424041035429935,0.0,0.0,0.0,0.0,0.0,0.0,0.0,0.0,0.5,0.0,0.0,0.0,-0.05,0.0,0.0,0.0,38.925724637681164,38.925724637681164,38.925724637681164,38.925724637681164,0.036913351041386155,0.060424041035429935,0.0,0.0,0.0,0.036913351041386155,0.40987299871630967
12.72,0.0,0.0,0.5374593837528588,0.0,0.0,0.06199005061515963,0.0,0.0,0.0,0.0,0.0,0.0,0.0,0.0,0.5,0.0,0.0,0.0,-0.05,0.0,0.0,0.0,38.925724637681164,38.925724637681164,38.925724637681164,38.925724637681164,0.037459383752858844,0.06199005061515963,0.0,0.0,0.0,0.037459383752858844,0.5067309975856915
12.728,0.0,0.0,0.5379832588591512,0.0,0.0,0.06268891814943842,0.0,0.0,0.0,0.0,0.0,0.0,0.0,0.0,0.5,0.0,0.0,0.0,-0.05,0.0,0.0,0.0,38.925724637681164,38.925724637681164,38.925724637681164,38.925724637681164,0.037983258859151214,0.06268891814943842,0.0,0.0,0.0,0.037983258859151214,0.43334100337233394
12.736,0.0,0.0,0.5384777477555206,0.0,0.0,0.06251335692878392,0.0,0.0,0.0,0.0,0.0,0.0,0.0,0.0,0.5,0.0,0.0,0.0,-0.05,0.0,0.0,0.0,38.925724637681164,38.925724637681164,38.925724637681164,38.925724637681164,0.0384777477555206,0.06251335692878392,0.0,0.0,0.0,0.0384777477555206,0.30622600024798885
12.744,0.0,0.0,0.5389356749200647,0.0,0.0,0.06145886465663014,0.0,0.0,0.0,0.0,0.0,0.0,0.0,0.0,0.5,0.0,0.0,0.0,-0.05,0.0,0.0,0.0,38.925724637681164,38.925724637681164,38.925724637681164,38.925724637681164,0.03893567492006467,0.06145886465663014,0.0,0.0,0.0,0.03893567492006467,0.22514299780596048
12.752,0.0,0.0,0.5393499178447508,0.0,0.0,0.05952316484245721,0.0,0.0,0.0,0.0,0.0,0.0,0.0,0.0,0.5,0.0,0.0,0.0,-0.05,0.0,0.0,0.0,38.925724637681164,38.925724637681164,38.925724637681164,38.925724637681164,0.03934991784475084,0.05952316484245721,0.0,0.0,0.0,0.03934991784475084,0.30559200240531936
12.76,0.0,0.0,0.5397134069665349,0.0,0.0,0.05670575991856871,0.0,0.0,0.0,0.0,0.0,0.0,0.0,0.0,0.5,0.0,0.0,0.0,-0.05,0.0,0.0,0.0,38.925724637681164,38.925724637681164,38.925724637681164,38.925724637681164,0.039713406966534914,0.05670575991856871,0.0,0.0,0.0,0.039713406966534914,0.3260349985794164
12.768,0.0,0.0,0.5400232419998703,0.0,0.0,0.05311048376823837,0.0,0.0,0.0,0.0,0.0,0.0,0.0,0.0,0.5,0.0,0.0,0.0,-0.05,0.0,0.0,0.0,38.925724637681164,38.925724637681164,38.925724637681164,38.925724637681164,0.040023241999870285,0.05311048376823837,0.0,0.0,0.0,0.040023241999870285,0.3437490013311617
12.776,0.0,0.0,0.5402794926578686,0.0,0.0,0.04889465346454842,0.0,0.0,0.0,0.0,0.0,0.0,0.0,0.0,0.5,0.0,0.0,0.0,-0.05,0.0,0.0,0.0,38.925724637681164,38.925724637681164,38.925724637681164,38.925724637681164,0.040279492657868565,0.04889465346454842,0.0,0.0,0.0,0.040279492657868565,0.3238489953218959
12.784,0.0,0.0,0.5404822285630625,0.0,0.0,0.0441841204014864,0.0,0.0,0.0,0.0,0.0,0.0,0.0,0.0,0.5,0.0,0.0,0.0,-0.05,0.0,0.0,0.0,38.925724637681164,38.925724637681164,38.925724637681164,38.925724637681164,0.040482228563062495,0.0441841204014864,0.0,0.0,0.0,0.040482228563062495,0.3265770064899698
12.792,0.0,0.0,0.540631519247524,0.0,0.0,0.039079563432725936,0.0,0.0,0.0,0.0,0.0,0.0,0.0,0.0,0.5,0.0,0.0,0.0,-0.05,0.0,0.0,0.0,38.925724637681164,38.925724637681164,38.925724637681164,38.925724637681164,0.04063151924752395,0.039079563432725936,0.0,0.0,0.0,0.04063151924752395,0.3082879993598908
12.8,0.0,0.0,0.5407274341529812,0.0,0.0,0.03366152338261147,0.0,0.0,0.0,0.0,0.0,0.0,0.0,0.0,0.5,0.0,0.0,0.0,-0.05,0.0,0.0,0.0,38.925724637681164,38.925724637681164,38.925724637681164,38.925724637681164,0.04072743415298119,0.03366152338261147,0.0,0.0,0.0,0.04072743415298119,0.2819029978127219
12.808,0.0,0.0,0.5407700426309365,0.0,0.0,0.027994430654972834,0.0,0.0,0.0,0.0,0.0,0.0,0.0,0.0,0.5,0.0,0.0,0.0,-0.05,0.0,0.0,0.0,38.925724637681164,38.925724637681164,38.925724637681164,38.925724637681164,0.04077004263093653,0.027994430654972834,0.0,0.0,0.0,0.04077004263093653,0.26459299988346174
12.816,0.0,0.0,0.5407594139427833,0.0,0.0,0.02212982732014657,0.0,0.0,0.0,0.0,0.0,0.0,0.0,0.0,0.5,0.0,0.0,0.0,-0.05,0.0,0.0,0.0,38.925724637681164,38.925724637681164,38.925724637681164,38.925724637681164,0.04075941394278326,0.02212982732014657,0.0,0.0,0.0,0.04075941394278326,0.2744250014075078
12.824,0.0,0.0,0.5406956172599229,0.0,0.0,0.016108944784607476,0.0,0.0,0.0,0.0,0.0,0.0,0.0,0.0,0.5,0.0,0.0,0.0,-0.05,0.0,0.0,0.0,38.925724637681164,38.925724637681164,38.925724637681164,38.925724637681164,0.04069561725992288,0.016108944784607476,0.0,0.0,0.0,0.04069561725992288,0.22910499683348462
12.832,0.0,0.0,0.5405787216638822,0.0,0.0,0.009964765926669634,0.0,0.0,0.0,0.0,0.0,0.0,0.0,0.0,0.5,0.0,0.0,0.0,-0.05,0.0,0.0,0.0,38.925724637681164,38.925724637681164,38.925724637681164,38.925724637681164,0.04057872166388221,0.009964765926669634,0.0,0.0,0.0,0.04057872166388221,0.20946799486409873
12.84,0.0,0.0,0.5404087961464298,0.0,0.0,0.0037236748050245043,0.0,0.0,0.0,0.0,0.0,0.0,0.0,0.0,0.5,0.0,0.0,0.0,-0.05,0.0,0.0,0.0,38.925724637681164,38.925724637681164,38.925724637681164,38.925724637681164,0.04040879614642978,0.0037236748050245043,0.0,0.0,0.0,0.04040879614642978,0.19636299839476123
12.848,0.0,0.0,0.5401859096096928,0.0,0.0,-0.0025932235744039202,0.0,0.0,0.0,0.0,0.0,0.0,0.0,0.0,0.5,0.0,0.0,0.0,-0.05,0.0,0.0,0.0,38.925724637681164,38.925724637681164,38.925724637681164,38.925724637681164,0.040185909609692816,0.0025932235744039202,0.0,0.0,0.0,0.040185909609692816,0.2169779982068576
12.856,0.0,0.0,0.5399101308662735,0.0,0.0,-0.008969047445007157,0.0,0.0,0.0,0.0,0.0,0.0,0.0,0.0,0.5,0.0,0.0,0.0,-0.05,0.0,0.0,0.0,38.925724637681164,38.925724637681164,38.925724637681164,38.925724637681164,0.039910130866273485,0.008969047445007157,0.0,0.0,0.0,0.039910130866273485,0.20053999469382688
12.864,0.0,0.0,0.5395815286393654,0.0,0.0,-0.015390293628707672,0.0,0.0,0.0,0.0,0.0,0.0,0.0,0.0,0.5,0.0,0.0,0.0,-0.05,0.0,0.0,0.0,38.925724637681164,38.925724637681164,38.925724637681164,38.925724637681164,0.03958152863936537,0.015390293628707672,0.0,0.0,0.0,0.03958152863936537,0.22561299556400627
12.872,0.0,0.0,0.5392001715628694,0.0,0.0,-0.02184616181536726,0.0,0.0,0.0,0.0,0.0,0.0,0.0,0.0,0.5,0.0,0.0,0.0,-0.045759317663858656,0.0,0.0,0.0,39.693964191329954,39.693964191329954,39.693964191329954,39.693964191329954,0.03920017156286937,0.02184616181536726,0.0,0.0,0.0,0.03920017156286937,0.2503180003259331
12.88,0.0,0.0,0.5387732362387597,0.0,0.0,-0.028150312555033745,0.0,0.0,0.0,0.0,0.0,0.0,0.0,0.0,0.5,0.0,0.0,0.0,-0.03895320336724395,0.0,0.0,0.0,40.92695591173117,40.92695591173117,40.92695591173117,40.92695591173117,0.03877323623875972,0.028150312555033745,0.0,0.0,0.0,0.03877323623875972,0.15951599925756454
12.888,0.0,0.0,0.5383079336350708,0.0,0.0,-0.0341528151362516,0.0,0.0,0.0,0.0,0.0,0.0,0.0,0.0,0.5,0.0,0.0,0.0,-0.032366005577657675,0.0,0.0,0.0,42.12028884462723,42.12028884462723,42.12028884462723,42.12028884462723,0.03830793363507079,0.0341528151362516,0.0,0.0,0.0,0.03830793363507079,0.1376610016450286
12.896,0.0,0.0,0.5378115090412453,0.0,0.0,-0.039732866954637,0.0,0.0,0.0,0.0,0.0,0.0,0.0,0.0,0.5,0.0,0.0,0.0,-0.026124311265785294,0.0,0.0,0.0,43.25103056779252,43.25103056779252,43.25103056779252,43.25103056779252,0.037811509041245306,0.039732866954637,0.0,0.0,0.0,0.037811509041245306,0.1333899999735877
12.904,0.0,0.0,0.5372912420235402,0.0,0.0,-0.044792969006339375,0.0,0.0,0.0,0.0,0.0,0.0,0.0,0.0,0.5,0.0,0.0,0.0,-0.020334593027363623,0.0,0.0,0.0,44.29989256750659,44.29989256750659,44.29989256750659,44.29989256750659,0.03729124202354017,0.044792969006339375,0.0,0.0,0.0,0.03729124202354017,0.1418980027665384
12.912,0.0,0.0,0.5367544463804905,0.0,0.0,-0.0492542662813112,0.0,0.0,0.0,0.0,0.0,0.0,0.0,0.0,0.5,0.0,0.0,0.0,-0.015085607661678435,0.0,0.0,0.0,45.25079571346405,45.25079571346405,45.25079571346405,45.25079571346405,0.036754446380490524,0.0492542662813112,0.0,0.0,0.0,0.036754446380490524,0.12233300367370248
12.92,0.0,0.0,0.5362084700984314,0.0,0.0,-0.053052820076528014,0.0,0.0,0.0,0.0,0.0,0.0,0.0,0.0,0.5,0.0,0.0,0.0,-0.010451944242812594,0.0,0.0,0.0,46.0902274922441,46.0902274922441,46.0902274922441,46.0902274922441,0.03620847009843142,0.053052820076528014,0.0,0.0,0.0,0.03620847009843142,0.12525700003607199
12.928,0.0,0.0,0.5356606953070774,0.0,0.0,-0.05613662584507185,0.0,0.0,0.0,0.0,0.0,0.0,0.0,0.0,0.5,0.0,0.0,0.0,-0.006496869140392603,0.0,0.0,0.0,46.806726605001344,46.806726605001344,46.806726605001344,46.806726605001344,0.035660695307077384,0.05613662584507185,0.0,0.0,0.0,0.035660695307077384,0.12641499779419973
12.936,0.0,0.0,0.5351185382351596,0.0,0.0,-0.0584632274740024,0.0,0.0,0.0,0.0,0.0,0.0,0.0,0.0,0.5,0.0,0.0,0.0,-0.0032755725425538396,0.0,0.0,0.0,47.390294829247495,47.390294829247495,47.390294829247495,47.390294829247495,0.035118538235159646,0.0584632274740024,0.0,0.0,0.0,0.035118538235159646,0.108377993456088
12.944,0.0,0.0,0.5345894491661211,0.0,0.0,-0.05999780870516521,0.0,0.0,0.0,0.0,0.0,0.0,0.0,0.0,0.5,0.0,0.0,0.0,-0.0008331409183245375,0.0,0.0,0.0,47.83276432639048,47.83276432639048,47.83276432639048,47.83276432639048,0.034589449166121056,0.05999780870516521,0.0,0.0,0.0,0.034589449166121056,0.1129950032918714
12.952,0.0,0.0,0.5340809123938689,0.0,0.0,-0.06071166627043745,0.0,0.0,0.0,0.0,0.0,0.0,0.0,0.0,0.5,0.0,0.0,0.0,0.0007882804773364782,0.0,0.0,0.0,48.126500086474,48.126500086474,48.126500086474,48.126500086474,0.0340809123938689,0.06071166627043745,0.0,0.0,0.0,0.0340809123938689,0.14848199498374015
12.96,0.0,0.0,0.5336004461785845,0.0,0.0,-0.06058098839845897,0.0,0.0,0.0,0.0,0.0,0.0,0.0,0.0,0.5,0.0,0.0,0.0,0.0015520689179809866,0.0,0.0,0.0,48.26486755760525,48.26486755760525,48.26486755760525,48.26486755760525,0.03360044617858449,0.06058098839845897,0.0,0.0,0.0,0.03360044617858449,0.13262299762573093
12.968,0.0,0.0,0.5331556027025905,0.0,0.0,-0.05958587761861688,0.0,0.0,0.0,0.0,0.0,0.0,0.0,0.0,0.5,0.0,0.0,0.0,0.0014252758702378854,0.0,0.0,0.0,48.24189780257933,48.24189780257933,48.24189780257933,48.24189780257933,0.03315560270259055,0.05958587761861688,0.0,0.0,0.0,0.03315560270259055,0.11909499880857766
12.976,0.0,0.0,0.5327539680262763,0.0,0.0,-0.057709569002749046,0.0,0.0,0.0,0.0,0.0,0.0,0.0,0.0,0.5,0.0,0.0,0.0,0.0003778786979776738,0.0,0.0,0.0,48.05215193803944,48.05215193803944,48.05215193803944,48.05215193803944,0.03275396802627628,0.057709569002749046,0.0,0.0,0.0,0.03275396802627628,0.11591200018301606
12.984,0.0,0.0,0.5324031620440791,0.0,0.0,-0.054937804757129366,0.0,0.0,0.0,0.0,0.0,0.0,0.0,0.0,0.5,0.0,0.0,0.0,-0.0016178159038791051,0.0,0.0,0.0,47.690613060891465,47.690613060891465,47.690613060891465,47.690613060891465,0.032403162044079115,0.054937804757129366,0.0,0.0,0.0,0.032403162044079115,0.11350500426487997
12.992,0.0,0.0,0.532110838440524,0.0,0.0,-0.05125833389458102,0.0,0.0,0.0,0.0,0.0,0.0,0.0,0.0,0.5,0.0,0.0,0.0,-0.004587649158762308,0.0,0.0,0.0,47.15259979007929,47.15259979007929,47.15259979007929,47.15259979007929,0.03211083844052398,0.05125833389458102,0.0,0.0,0.0,0.03211083844052398,0.10935599857475609
13.0,0.0,0.0,0.5318846846463197,0.0,0.0,-0.04666051197077344,0.0,0.0,0.0,0.0,0.0,0.0,0.0,0.0,0.5,0.0,0.0,0.0,-0.0085559919934447,0.0,0.0,0.0,46.43369710263683,46.43369710263683,46.43369710263683,46.43369710263683,0.03188468464631966,0.04666051197077344,0.0,0.0,0.0,0.03188468464631966,0.16545900143682957
13.008000000000001,0.0,0.0,0.531732421794512,0.0,0.0,-0.04113498087181068,0.0,0.0,0.0,0.0,0.0,0.0,0.0,0.0,0.5,0.0,0.0,0.0,-0.013547651093076207,0.0,0.0,0.0,45.529411033863006,45.529411033863006,45.529411033863006,45.529411033863006,0.03173242179451197,0.04113498087181068,0.0,0.0,0.0,0.03173242179451197,0.16013999993447214
13.016,0.0,0.0,0.5316618046766943,0.0,0.0,-0.03467341264288973,0.0,0.0,0.0,0.0,0.0,0.0,0.0,0.0,0.5,0.0,0.0,0.0,-0.019581466788852864,0.0,0.0,0.0,44.43632848028028,44.43632848028028,44.43632848028028,44.43632848028028,0.03166180467669433,0.03467341264288973,0.0,0.0,0.0,0.03166180467669433,0.1643089999561198
13.024000000000001,0.0,0.0,0.531680621699275,0.0,0.0,-0.02726830454979524,0.0,0.0,0.0,0.0,0.0,0.0,0.0,0.0,0.5,0.0,0.0,0.0,-0.026680773384116563,0.0,0.0,0.0,43.15022221302236,43.15022221302236,43.15022221302236,43.15022221302236,0.03168062169927499,0.02726830454979524,0.0,0.0,0.0,0.03168062169927499,0.11148300109198317
13.032,0.0,0.0,0.5317808621706349,0.0,0.0,-0.019308631855837796,0.0,0.0,0.0,0.0,0.0,0.0,0.0,0.0,0.5,0.0,0.0,0.0,-0.034459003921866516,0.0,0.0,0.0,41.74112247792274,41.74112247792274,41.74112247792274,41.74112247792274,0.031780862170634916,0.019308631855837796,0.0,0.0,0.0,0.031780862170634916,0.19158500072080642
13.040000000000001,0.0,0.0,0.5319545694981663,0.0,0.0,-0.011104222296385378,0.0,0.0,0.0,0.0,0.0,0.0,0.0,0.0,0.5,0.0,0.0,0.0,-0.04260758515943863,0.0,0.0,0.0,40.26493022473938,40.26493022473938,40.26493022473938,40.26493022473938,0.03195456949816633,0.011104222296385378,0.0,0.0,0.0,0.03195456949816633,0.16001000039977953
13.048,0.0,0.0,0.5321938411179814,0.0,0.0,-0.0029015873417308057,0.0,0.0,0.0,0.0,0.0,0.0,0.0,0.0,0.5,0.0,0.0,0.0,-0.05,0.0,0.0,0.0,38.925724637681164,38.925724637681164,38.925724637681164,38.925724637681164,0.0321938411179814,0.0029015873417308057,0.0,0.0,0.0,0.0321938411179814,0.1536210038466379
13.056000000000001,0.0,0.0,0.5324908284247126,0.0,0.0,0.005103412794895082,0.0,0.0,0.0,0.0,0.0,0.0,0.0,0.0,0.5,0.0,0.0,0.0,-0.05,0.0,0.0,0.0,38.925724637681164,38.925724637681164,38.925724637681164,38.925724637681164,0.032490828424712626,0.005103412794895082,0.0,0.0,0.0,0.032490828424712626,0.2175009940401651
13.064,0.0,0.0,0.5328377367014038,0.0,0.0,0.01275543715319575,0.0,0.0,0.0,0.0,0.0,0.0,0.0,0.0,0.5,0.0,0.0,0.0,-0.05,0.0,0.0,0.0,38.925724637681164,38.925724637681164,38.925724637681164,38.925724637681164,0.032837736701403775,0.01275543715319575,0.0,0.0,0.0,0.032837736701403775,0.2581090011517517
13.072000000000001,0.0,0.0,0.5332268250494926,0.0,0.0,0.019931558424775946,0.0,0.0,0.0,0.0,0.0,0.0,0.0,0.0,0.5,0.0,0.0,0.0,-0.05,0.0,0.0,0.0,38.925724637681164,38.925724637681164,38.925724637681164,38.925724637681164,0.03322682504949259,0.019931558424775946,0.0,0.0,0.0,0.03322682504949259,0.22469300165539607
13.08,0.0,0.0,0.5336504063188842,0.0,0.0,0.026534778474611193,0.0,0.0,0.0,0.0,0.0,0.0,0.0,0.0,0.5,0.0,0.0,0.0,-0.05,0.0,0.0,0.0,38.925724637681164,38.925724637681164,38.925724637681164,38.925724637681164,0.03365040631888416,0.026534778474611193,0.0,0.0,0.0,0.03365040631888416,0.26813300064532086
13.088000000000001,0.0,0.0,0.534100847038115,0.0,0.0,0.032488840760458645,0.0,0.0,0.0,0.0,0.0,0.0,0.0,0.0,0.5,0.0,0.0,0.0,-0.05,0.0,0.0,0.0,38.925724637681164,38.925724637681164,38.925724637681164,38.925724637681164,0.034100847038115,0.032488840760458645,0.0,0.0,0.0,0.034100847038115,0.3155919985147193
13.096,0.0,0.0,0.5345705673446083,0.0,0.0,0.03773408027070026,0.0,0.0,0.0,0.0,0.0,0.0,0.0,0.0,0.5,0.0,0.0,0.0,-0.05,0.0,0.0,0.0,38.925724637681164,38.925724637681164,38.925724637681164,38.925724637681164,0.03457056734460828,0.03773408027070026,0.0,0.0,0.0,0.03457056734460828,0.3583470024750568
13.104000000000001,0.0,0.0,0.5350520409150192,0.0,0.0,0.04222410347683263,0.0,0.0,0.0,0.0,0.0,0.0,0.0,0.0,0.5,0.0,0.0,0.0,-0.05,0.0,0.0,0.0,38.925724637681164,38.925724637681164,38.925724637681164,38.925724637681164,0.035052040915019234,0.04222410347683263,0.0,0.0,0.0,0.035052040915019234,0.34384900209261104
13.112,0.0,0.0,0.5355377948956715,0.0,0.0,0.04592313229777531,0.0,0.0,0.0,0.0,0.0,0.0,0.0,0.0,0.5,0.0,0.0,0.0,-0.05,0.0,0.0,0.0,38.925724637681164,38.925724637681164,38.925724637681164,38.925724637681164,0.03553779489567155,0.04592313229777531,0.0,0.0,0.0,0.03553779489567155,0.43361700227251276
13.120000000000001,0.0,0.0,0.5360204098330837,0.0,0.0,0.048803879273523795,0.0,0.0,0.0,0.0,0.0,0.0,0.0,0.0,0.5,0.0,0.0,0.0,-0.05,0.0,0.0,0.0,38.925724637681164,38.925724637681164,38.925724637681164,38.925724637681164,0.036020409833083744,0.048803879273523795,0.0,0.0,0.0,0.036020409833083744,0.377828000637237
13.128,0.0,0.0,0.5364925196045858,0.0,0.0,0.05084584770637102,0.0,0.0,0.0,0.0,0.0,0.0,0.0,0.0,0.5,0.0,0.0,0.0,-0.05,0.0,0.0,0.0,38.925724637681164,38.925724637681164,38.925724637681164,38.925724637681164,0.03649251960458577,0.05084584770637102,0.0,0.0,0.0,0.03649251960458577,0.36655599978985265
13.136000000000001,0.0,0.0,0.5369468113490261,0.0,0.0,0.052033971776104006,0.0,0.0,0.0,0.0,0.0,0.0,0.0,0.0,0.5,0.0,0.0,0.0,-0.05,0.0,0.0,0.0,38.925724637681164,38.925724637681164,38.925724637681164,38.925724637681164,0.03694681134902611,0.052033971776104006,0.0,0.0,0.0,0.03694681134902611,0.35763699997914955
13.144,0.0,0.0,0.5373760253975688,0.0,0.0,0.05235752863445141,0.0,0.0,0.0,0.0,0.0,0.0,0.0,0.0,0.5,0.0,0.0,0.0,-0.05,0.0,0.0,0.0,38.925724637681164,38.925724637681164,38.925724637681164,38.925724637681164,0.03737602539756879,0.05235752863445141,0.0,0.0,0.0,0.03737602539756879,0.3491550014587119
13.152000000000001,0.0,0.0,0.5377729552045801,0.0,0.0,0.051809268082843446,0.0,0.0,0.0,0.0,0.0,0.0,0.0,0.0,0.5,0.0,0.0,0.0,-0.05,0.0,0.0,0.0,38.925724637681164,38.925724637681164,38.925724637681164,38.925724637681164,0.03777295520458013,0.051809268082843446,0.0,0.0,0.0,0.03777295520458013,0.25451099645579234
13.16,0.0,0.0,0.5381304472786055,0.0,0.0,0.05038471631690965,0.0,0.0,0.0,0.0,0.0,0.0,0.0,0.0,0.5,0.0,0.0,0.0,-0.05,0.0,0.0,0.0,38.925724637681164,38.925724637681164,38.925724637681164,38.925724637681164,0.038130447278605484,0.05038471631690965,0.0,0.0,0.0,0.038130447278605484,0.25312299840152264
13.168000000000001,0.0,0.0,0.5384414011134355,0.0,0.0,0.04808161892427788,0.0,0.0,0.0,0.0,0.0,0.0,0.0,0.0,0.5,0.0,0.0,0.0,-0.05,0.0,0.0,0.0,38.925724637681164,38.925724637681164,38.925724637681164,38.925724637681164,0.038441401113435525,0.04808161892427788,0.0,0.0,0.0,0.038441401113435525,0.32950800232356414
13.176,0.0,0.0,0.5386987691192623,0.0,0.0,0.04489949528509211,0.0,0.0,0.0,0.0,0.0,0.0,0.0,0.0,0.5,0.0,0.0,0.0,-0.05,0.0,0.0,0.0,38.925724637681164,38.925724637681164,38.925724637681164,38.925724637681164,0.03869876911926229,0.04489949528509211,0.0,0.0,0.0,0.03869876911926229,0.41097099892795086
13.184000000000001,0.0,0.0,0.5389026209205073,0.0,0.0,0.04101589125919931,0.0,0.0,0.0,0.0,0.0,0.0,0.0,0.0,0.5,0.0,0.0,0.0,-0.05,0.0,0.0,0.0,38.925724637681164,38.925724637681164,38.925724637681164,38.925724637681164,0.038902620920507336,0.04101589125919931,0.0,0.0,0.0,0.038902620920507336,0.3207379995728843
13.192,0.0,0.0,0.5390530260511288,0.0,0.0,0.03657284127289682,0.0,0.0,0.0,0.0,0.0,0.0,0.0,0.0,0.5,0.0,0.0,0.0,-0.05,0.0,0.0,0.0,38.925724637681164,38.925724637681164,38.925724637681164,38.925724637681164,0.039053026051128814,0.03657284127289682,0.0,0.0,0.0,0.039053026051128814,0.3786069937632419
13.200000000000001,0.0,0.0,0.5391500539547388,0.0,0.0,0.03168397060856698,0.0,0.0,0.0,0.0,0.0,0.0,0.0,0.0,0.5,0.0,0.0,0.0,-0.05,0.0,0.0,0.0,38.925724637681164,38.925724637681164,38.925724637681164,38.925724637681164,0.039150053954738806,0.03168397060856698,0.0,0.0,0.0,0.039150053954738806,0.29252100648591295
13.208,0.0,0.0,0.539193773984721,0.0,0.0,0.026440177236408912,0.0,0.0,0.0,0.0,0.0,0.0,0.0,0.0,0.5,0.0,0.0,0.0,-0.05,0.0,0.0,0.0,38.925724637681164,38.925724637681164,38.925724637681164,38.925724637681164,0.039193773984721014,0.026440177236408912,0.0,0.0,0.0,0.039193773984721014,0.23857299675000831
13.216000000000001,0.0,0.0,0.5391842554043477,0.0,0.0,0.020914177279793493,0.0,0.0,0.0,0.0,0.0,0.0,0.0,0.0,0.5,0.0,0.0,0.0,-0.05,0.0,0.0,0.0,38.925724637681164,38.925724637681164,38.925724637681164,38.925724637681164,0.03918425540434767,0.020914177279793493,0.0,0.0,0.0,0.03918425540434767,0.24548899818910286
13.224,0.0,0.0,0.5391215673868969,0.0,0.0,0.015164141387564722,0.0,0.0,0.0,0.0,0.0,0.0,0.0,0.0,0.5,0.0,0.0,0.0,-0.05,0.0,0.0,0.0,38.925724637681164,38.925724637681164,38.925724637681164,38.925724637681164,0.03912156738689687,0.015164141387564722,0.0,0.0,0.0,0.03912156738689687,0.21383499552030116
13.232000000000001,0.0,0.0,0.5390057790157695,0.0,0.0,0.009236603831868187,0.0,0.0,0.0,0.0,0.0,0.0,0.0,0.0,0.5,0.0,0.0,0.0,-0.05,0.0,0.0,0.0,38.925724637681164,38.925724637681164,38.925724637681164,38.925724637681164,0.039005779015769515,0.009236603831868187,0.0,0.0,0.0,0.039005779015769515,0.23955000506248325
13.24,0.0,0.0,0.5388369592846057,0.0,0.0,0.0031687897863995123,0.0,0.0,0.0,0.0,0.0,0.0,0.0,0.0,0.5,0.0,0.0,0.0,-0.05,0.0,0.0,0.0,38.925724637681164,38.925724637681164,38.925724637681164,38.925724637681164,0.03883695928460573,0.0031687897863995123,0.0,0.0,0.0,0.03883695928460573,0.2224280033260584
13.248000000000001,0.0,0.0,0.538615177097402,0.0,0.0,-0.003009522850972287,0.0,0.0,0.0,0.0,0.0,0.0,0.0,0.0,0.5,0.0,0.0,0.0,-0.05,0.0,0.0,0.0,38.925724637681164,38.925724637681164,38.925724637681164,38.925724637681164,0.03861517709740203,0.003009522850972287,0.0,0.0,0.0,0.03861517709740203,0.166584002727177
13.256,0.0,0.0,0.5383405012686273,0.0,0.0,-0.009274514000146524,0.0,0.0,0.0,0.0,0.0,0.0,0.0,0.0,0.5,0.0,0.0,0.0,-0.05,0.0,0.0,0.0,38.925724637681164,38.925724637681164,38.925724637681164,38.925724637681164,0.038340501268627314,0.009274514000146524,0.0,0.0,0.0,0.038340501268627314,0.14938000094844028
13.264000000000001,0.0,0.0,0.5380130005233394,0.0,0.0,-0.015607129832312994,0.0,0.0,0.0,0.0,0.0,0.0,0.0,0.0,0.5,0.0,0.0,0.0,-0.0495173614871085,0.0,0.0,0.0,39.01315915088614,39.01315915088614,39.01315915088614,39.01315915088614,0.038013000523339446,0.015607129832312994,0.0,0.0,0.0,0.038013000523339446,0.1868760009529069
13.272,0.0,0.0,0.5376353279778661,0.0,0.0,-0.021927517502686043,0.0,0.0,0.0,0.0,0.0,0.0,0.0,0.0,0.5,0.0,0.0,0.0,-0.04278624350992366,0.0,0.0,0.0,40.23256458153557,40.23256458153557,40.23256458153557,40.23256458153557,0.03763532797786606,0.021927517502686043,0.0,0.0,0.0,0.03763532797786606,0.11043299309676513
13.280000000000001,0.0,0.0,0.5372146727949755,0.0,0.0,-0.028058393574412248,0.0,0.0,0.0,0.0,0.0,0.0,0.0,0.0,0.5,0.0,0.0,0.0,-0.036159211499349864,0.0,0.0,0.0,41.43311385881343,41.43311385881343,41.43311385881343,41.43311385881343,0.03721467279497548,0.028058393574412248,0.0,0.0,0.0,0.03721467279497548,0.11696200090227649
13.288,0.0,0.0,0.5367582584871761,0.0,0.0,-0.033857072554516386,0.0,0.0,0.0,0.0,0.0,0.0,0.0,0.0,0.5,0.0,0.0,0.0,-0.029782483723677977,0.0,0.0,0.0,42.58831816600037,42.58831816600037,42.58831816600037,42.58831816600037,0.036758258487176065,0.033857072554516386,0.0,0.0,0.0,0.036758258487176065,0.15642899961676449
13.296000000000001,0.0,0.0,0.5362733428720854,0.0,0.0,-0.03920854842087863,0.0,0.0,0.0,0.0,0.0,0.0,0.0,0.0,0.5,0.0,0.0,0.0,-0.023780148964313463,0.0,0.0,0.0,43.67569765139249,43.67569765139249,43.67569765139249,43.67569765139249,0.03627334287208539,0.03920854842087863,0.0,0.0,0.0,0.03627334287208539,0.19617300131358206
13.304,0.0,0.0,0.5357672180278571,0.0,0.0,-0.04401995984241168,0.0,0.0,0.0,0.0,0.0,0.0,0.0,0.0,0.5,0.0,0.0,0.0,-0.018253849049037707,0.0,0.0,0.0,44.67683894039172,44.67683894039172,44.67683894039172,44.67683894039172,0.035767218027857095,0.04401995984241168,0.0,0.0,0.0,0.035767218027857095,0.27238600159762427
13.312000000000001,0.0,0.0,0.5352472102486665,0.0,0.0,-0.04821616235369264,0.0,0.0,0.0,0.0,0.0,0.0,0.0,0.0,0.5,0.0,0.0,0.0,-0.013288824898863849,0.0,0.0,0.0,45.576299837162345,45.576299837162345,45.576299837162345,45.576299837162345,0.035247210248666505,0.04821616235369264,0.0,0.0,0.0,0.035247210248666505,0.17085600120481104
13.32,0.0,0.0,0.534720680000253,0.0,0.0,-0.05173618609329399,0.0,0.0,0.0,0.0,0.0,0.0,0.0,0.0,0.5,0.0,0.0,0.0,-0.008956856239271338,0.0,0.0,0.0,46.36107676824795,46.36107676824795,46.36107676824795,46.36107676824795,0.03472068000025297,0.05173618609329399,0.0,0.0,0.0,0.03472068000025297,0.14138199912849814
13.328,0.0,0.0,0.5341950218755208,0.0,0.0,-0.05453040199294047,0.0,0.0,0.0,0.0,0.0,0.0,0.0,0.0,0.5,0.0,0.0,0.0,-0.0053198676776361475,0.0,0.0,0.0,47.01995150767461,47.01995150767461,47.01995150767461,47.01995150767461,0.034195021875520815,0.05453040199294047,0.0,0.0,0.0,0.034195021875520815,0.13570299779530615
13.336,0.0,0.0,0.5336776645501976,0.0,0.0,-0.05655825472743116,0.0,0.0,0.0,0.0,0.0,0.0,0.0,0.0,0.5,0.0,0.0,0.0,-0.002428526605938508,0.0,0.0,0.0,47.543745180083604,47.543745180083604,47.543745180083604,47.543745180083604,0.033677664550197606,0.05655825472743116,0.0,0.0,0.0,0.033677664550197606,0.10887299868045375
13.344,0.0,0.0,0.5331760707385501,0.0,0.0,-0.057786449073133656,0.0,0.0,0.0,0.0,0.0,0.0,0.0,0.0,0.5,0.0,0.0,0.0,-0.00032924381709154016,0.0,0.0,0.0,47.92405003313559,47.92405003313559,47.92405003313559,47.92405003313559,0.03317607073855011,0.057786449073133656,0.0,0.0,0.0,0.03317607073855011,0.11473999620648101
13.352,0.0,0.0,0.5326977371491579,0.0,0.0,-0.05818749899331057,0.0,0.0,0.0,0.0,0.0,0.0,0.0,0.0,0.5,0.0,0.0,0.0,0.0009378930316987777,0.0,0.0,0.0,48.15360381009036,48.15360381009036,48.15360381009036,48.15360381009036,0.03269773714915791,0.05818749899331057,0.0,0.0,0.0,0.03269773714915791,0.13813799887429923
13.36,0.0,0.0,0.5322501944407443,0.0,0.0,-0.05773856690499041,0.0,0.0,0.0,0.0,0.0,0.0,0.0,0.0,0.5,0.0,0.0,0.0,0.0013371702392631635,0.0,0.0,0.0,48.225936637547676,48.225936637547676,48.225936637547676,48.225936637547676,0.032250194440744284,0.05773856690499041,0.0,0.0,0.0,0.032250194440744284,0.1104929979192093
13.368,0.0,0.0,0.5318410071780645,0.0,0.0,-0.05642053509098618,0.0,0.0,0.0,0.0,0.0,0.0,0.0,0.0,0.5,0.0,0.0,0.0,0.0008363602728760355,0.0,0.0,0.0,48.135210194361605,48.135210194361605,48.135210194361605,48.135210194361605,0.031841007178064484,0.05642053509098618,0.0,0.0,0.0,0.031841007178064484,0.13071499415673316
13.376,0.0,0.0,0.5314777737878514,0.0,0.0,-0.05421726282811612,0.0,0.0,0.0,0.0,0.0,0.0,0.0,0.0,0.5,0.0,0.0,0.0,-0.0005939868576407825,0.0,0.0,0.0,47.87608933738392,47.87608933738392,47.87608933738392,47.87608933738392,0.03147777378785144,0.05421726282811612,0.0,0.0,0.0,0.03147777378785144,0.11046400322811678
13.384,0.0,0.0,0.5311681265148188,0.0,0.0,-0.05111499208830755,0.0,0.0,0.0,0.0,0.0,0.0,0.0,0.0,0.5,0.0,0.0,0.0,-0.002981110500984596,0.0,0.0,0.0,47.44363940199555,47.44363940199555,47.44363940199555,47.44363940199555,0.031168126514818817,0.05111499208830755,0.0,0.0,0.0,0.031168126514818817,0.11880199599545449
13.392,0.0,0.0,0.5309197313777209,0.0,0.0,-0.04710187209809564,0.0,0.0,0.0,0.0,0.0,0.0,0.0,0.0,0.5,0.0,0.0,0.0,-0.006350492870706659,0.0,0.0,0.0,46.83324404516184,46.83324404516184,46.83324404516184,46.83324404516184,0.03091973137772086,0.04710187209809564,0.0,0.0,0.0,0.03091973137772086,0.14067500160308555
13.4,0.0,0.0,0.5307402881254698,0.0,0.0,-0.04216757898475238,0.0,0.0,0.0,0.0,0.0,0.0,0.0,0.0,0.5,0.0,0.0,0.0,-0.01072787232941863,0.0,0.0,0.0,46.04024052003286,46.04024052003286,46.04024052003286,46.04024052003286,0.030740288125469806,0.04216757898475238,0.0,0.0,0.0,0.030740288125469806,0.09426799806533381
13.408,0.0,0.0,0.5306375301933098,0.0,0.0,-0.03630301149180142,0.0,0.0,0.0,0.0,0.0,0.0,0.0,0.0,0.5,0.0,0.0,0.0,-0.016132711380519082,0.0,0.0,0.0,45.06110301077553,45.06110301077553,45.06110301077553,45.06110301077553,0.030637530193309837,0.03630301149180142,0.0,0.0,0.0,0.030637530193309837,0.09456800034968182
13.416,0.0,0.0,0.5306192246590484,0.0,0.0,-0.029500047549976316,0.0,0.0,0.0,0.0,0.0,0.0,0.0,0.0,0.5,0.0,0.0,0.0,-0.022588923198687993,0.0,0.0,0.0,43.89149942052754,43.89149942052754,43.89149942052754,43.89149942052754,0.030619224659048427,0.029500047549976316,0.0,0.0,0.0,0.030619224659048427,0.09561800106894225
13.424,0.0,0.0,0.5306931721993441,0.0,0.0,-0.021751349532589344,0.0,0.0,0.0,0.0,0.0,0.0,0.0,0.0,0.5,0.0,0.0,0.0,-0.030117165552839387,0.0,0.0,0.0,42.52768739984794,42.52768739984794,42.52768739984794,42.52768739984794,0.030693172199344088,0.021751349532589344,0.0,0.0,0.0,0.030693172199344088,0.11395700130378827
13.432,0.0,0.0,0.5308513425429506,0.0,0.0,-0.01344682103590829,0.0,0.0,0.0,0.0,0.0,0.0,0.0,0.0,0.5,0.0,0.0,0.0,-0.03833254271959419,0.0,0.0,0.0,41.03939443485613,41.03939443485613,41.03939443485613,41.03939443485613,0.030851342542950633,0.01344682103590829,0.0,0.0,0.0,0.030851342542950633,0.13234400103101507
13.44,0.0,0.0,0.5310857595430731,0.0,0.0,-0.00489703182566349,0.0,0.0,0.0,0.0,0.0,0.0,0.0,0.0,0.5,0.0,0.0,0.0,-0.046922910414927466,0.0,0.0,0.0,39.483168403092854,39.483168403092854,39.483168403092854,39.483168403092854,0.031085759543073133,0.00489703182566349,0.0,0.0,0.0,0.031085759543073133,0.11226400238228962
13.448,0.0,0.0,0.5313885011070436,0.0,0.0,0.0036509136387302783,0.0,0.0,0.0,0.0,0.0,0.0,0.0,0.0,0.5,0.0,0.0,0.0,-0.05,0.0,0.0,0.0,38.925724637681164,38.925724637681164,38.925724637681164,38.925724637681164,0.03138850110704361,0.0036509136387302783,0.0,0.0,0.0,0.03138850110704361,0.12285100092412904
13.456,0.0,0.0,0.5317516991260879,0.0,0.0,0.012000681387092104,0.0,0.0,0.0,0.0,0.0,0.0,0.0,0.0,0.5,0.0,0.0,0.0,-0.05,0.0,0.0,0.0,38.925724637681164,38.925724637681164,38.925724637681164,38.925724637681164,0.031751699126087884,0.012000681387092104,0.0,0.0,0.0,0.031751699126087884,0.1658020046306774
13.464,0.0,0.0,0.5321675394051841,0.0,0.0,0.019996552087078692,0.0,0.0,0.0,0.0,0.0,0.0,0.0,0.0,0.5,0.0,0.0,0.0,-0.05,0.0,0.0,0.0,38.925724637681164,38.925724637681164,38.925724637681164,38.925724637681164,0.03216753940518413,0.019996552087078692,0.0,0.0,0.0,0.03216753940518413,0.18093700055032969
13.472,0.0,0.0,0.5326282615930127,0.0,0.0,0.0275152963653781,0.0,0.0,0.0,0.0,0.0,0.0,0.0,0.0,0.5,0.0,0.0,0.0,-0.05,0.0,0.0,0.0,38.925724637681164,38.925724637681164,38.925724637681164,38.925724637681164,0.032628261593012686,0.0275152963653781,0.0,0.0,0.0,0.032628261593012686,0.240687993937172
13.48,0.0,0.0,0.533126159111996,0.0,0.0,0.03445967506688423,0.0,0.0,0.0,0.0,0.0,0.0,0.0,0.0,0.5,0.0,0.0,0.0,-0.05,0.0,0.0,0.0,38.925724637681164,38.925724637681164,38.925724637681164,38.925724637681164,0.03312615911199601,0.03445967506688423,0.0,0.0,0.0,0.03312615911199601,0.2755410023382865
13.488,0.0,0.0,0.5336535790884305,0.0,0.0,0.04075323946437039,0.0,0.0,0.0,0.0,0.0,0.0,0.0,0.0,0.5,0.0,0.0,0.0,-0.05,0.0,0.0,0.0,38.925724637681164,38.925724637681164,38.925724637681164,38.925724637681164,0.033653579088430474,0.04075323946437039,0.0,0.0,0.0,0.033653579088430474,0.3160940032103099
13.496,0.0,0.0,0.5342029222827084,0.0,0.0,0.04633617142844246,0.0,0.0,0.0,0.0,0.0,0.0,0.0,0.0,0.5,0.0,0.0,0.0,-0.05,0.0,0.0,0.0,38.925724637681164,38.925724637681164,38.925724637681164,38.925724637681164,0.03420292228270838,0.04633617142844246,0.0,0.0,0.0,0.03420292228270838,0.3703699985635467
13.504,0.0,0.0,0.5347666430196312,0.0,0.0,0.05116195556582528,0.0,0.0,0.0,0.0,0.0,0.0,0.0,0.0,0.5,0.0,0.0,0.0,-0.05,0.0,0.0,0.0,38.925724637681164,38.925724637681164,38.925724637681164,38.925724637681164,0.03476664301963117,0.05116195556582528,0.0,0.0,0.0,0.03476664301963117,0.4921709987684153
13.512,0.0,0.0,0.5353372491188123,0.0,0.0,0.05519471693218705,0.0,0.0,0.0,0.0,0.0,0.0,0.0,0.0,0.5,0.0,0.0,0.0,-0.05,0.0,0.0,0.0,38.925724637681164,38.925724637681164,38.925724637681164,38.925724637681164,0.03533724911881231,0.05519471693218705,0.0,0.0,0.0,0.03533724911881231,0.3992609999841079
13.52,0.0,0.0,0.5359073018251714,0.0,0.0,0.058407091204729346,0.0,0.0,0.0,0.0,0.0,0.0,0.0,0.0,0.5,0.0,0.0,0.0,-0.05,0.0,0.0,0.0,38.925724637681164,38.925724637681164,38.925724637681164,38.925724637681164,0.035907301825171434,0.058407091204729346,0.0,0.0,0.0,0.035907301825171434,0.37993499427102506
13.528,0.0,0.0,0.5364694157395186,0.0,0.0,0.06077852082246012,0.0,0.0,0.0,0.0,0.0,0.0,0.0,0.0,0.5,0.0,0.0,0.0,-0.05,0.0,0.0,0.0,38.925724637681164,38.925724637681164,38.925724637681164,38.925724637681164,0.03646941573951856,0.06077852082246012,0.0,0.0,0.0,0.03646941573951856,0.48342500667786226
13.536,0.0,0.0,0.5370162587492283,0.0,0.0,0.06229389190071341,0.0,0.0,0.0,0.0,0.0,0.0,0.0,0.0,0.5,0.0,0.0,0.0,-0.05,0.0,0.0,0.0,38.925724637681164,38.925724637681164,38.925724637681164,38.925724637681164,0.037016258749228315,0.06229389190071341,0.0,0.0,0.0,0.037016258749228315,0.42718400072772056
13.544,0.0,0.0,0.5375405519590043,0.0,0.0,0.06294244376496885,0.0,0.0,0.0,0.0,0.0,0.0,0.0,0.0,0.5,0.0,0.0,0.0,-0.05,0.0,0.0,0.0,38.925724637681164,38.925724637681164,38.925724637681164,38.925724637681164,0.0375405519590043,0.06294244376496885,0.0,0.0,0.0,0.0375405519590043,0.33959199936361983
13.552,0.0,0.0,0.5380350696217335,0.0,0.0,0.06271689658020727,0.0,0.0,0.0,0.0,0.0,0.0,0.0,0.0,0.5,0.0,0.0,0.0,-0.05,0.0,0.0,0.0,38.925724637681164,38.925724637681164,38.925724637681164,38.925724637681164,0.03803506962173353,0.06271689658020727,0.0,0.0,0.0,0.03803506962173353,0.40713299677008763
13.56,0.0,0.0,0.5384926390694307,0.0,0.0,0.06161275345659324,0.0,0.0,0.0,0.0,0.0,0.0,0.0,0.0,0.5,0.0,0.0,0.0,-0.05,0.0,0.0,0.0,38.925724637681164,38.925724637681164,38.925724637681164,38.925724637681164,0.03849263906943068,0.06161275345659324,0.0,0.0,0.0,0.03849263906943068,0.20472700271056965
13.568,0.0,0.0,0.5389061406442719,0.0,0.0,0.05962774213630606,0.0,0.0,0.0,0.0,0.0,0.0,0.0,0.0,0.5,0.0,0.0,0.0,-0.05,0.0,0.0,0.0,38.925724637681164,38.925724637681164,38.925724637681164,38.925724637681164,0.03890614064427189,0.05962774213630606,0.0,0.0,0.0,0.03890614064427189,0.37908000376774
13.576,0.0,0.0,0.5392685076297185,0.0,0.0,0.056761368345207855,0.0,0.0,0.0,0.0,0.0,0.0,0.0,0.0,0.5,0.0,0.0,0.0,-0.05,0.0,0.0,0.0,38.925724637681164,38.925724637681164,38.925724637681164,38.925724637681164,0.03926850762971845,0.056761368345207855,0.0,0.0,0.0,0.03926850762971845,0.42480699630687013
13.584,0.0,0.0,0.5395772219847156,0.0,0.0,0.053126953551095396,0.0,0.0,0.0,0.0,0.0,0.0,0.0,0.0,0.5,0.0,0.0,0.0,-0.05,0.0,0.0,0.0,38.925724637681164,38.925724637681164,38.925724637681164,38.925724637681164,0.03957722198471558,0.053126953551095396,0.0,0.0,0.0,0.03957722198471558,0.4216009983792901
13.592,0.0,0.0,0.5398323534204803,0.0,0.0,0.048879848734993646,0.0,0.0,0.0,0.0,0.0,0.0,0.0,0.0,0.5,0.0,0.0,0.0,-0.05,0.0,0.0,0.0,38.925724637681164,38.925724637681164,38.925724637681164,38.925724637681164,0.039832353420480304,0.048879848734993646,0.0,0.0,0.0,0.039832353420480304,0.4009730037068948
13.6,0.0,0.0,0.5400339715576535,0.0,0.0,0.044144332417326265,0.0,0.0,0.0,0.0,0.0,0.0,0.0,0.0,0.5,0.0,0.0,0.0,-0.05,0.0,0.0,0.0,38.925724637681164,38.925724637681164,38.925724637681164,38.925724637681164,0.040033971557653536,0.044144332417326265,0.0,0.0,0.0,0.040033971557653536,0.34886399953393266
13.608,0.0,0.0,0.5401821459264177,0.0,0.0,0.03901982515296388,0.0,0.0,0.0,0.0,0.0,0.0,0.0,0.0,0.5,0.0,0.0,0.0,-0.05,0.0,0.0,0.0,38.925724637681164,38.925724637681164,38.925724637681164,38.925724637681164,0.04018214592641767,0.03901982515296388,0.0,0.0,0.0,0.04018214592641767,0.3970399993704632
13.616,0.0,0.0,0.5402769459666139,0.0,0.0,0.0335858611272774,0.0,0.0,0.0,0.0,0.0,0.0,0.0,0.0,0.5,0.0,0.0,0.0,-0.05,0.0,0.0,0.0,38.925724637681164,38.925724637681164,38.925724637681164,38.925724637681164,0.04027694596661391,0.0335858611272774,0.0,0.0,0.0,0.04027694596661391,0.32034600008046255
13.624,0.0,0.0,0.54031844102786,0.0,0.0,0.027906065432973463,0.0,0.0,0.0,0.0,0.0,0.0,0.0,0.0,0.5,0.0,0.0,0.0,-0.05,0.0,0.0,0.0,38.925724637681164,38.925724637681164,38.925724637681164,38.925724637681164,0.040318441027859975,0.027906065432973463,0.0,0.0,0.0,0.040318441027859975,0.3130940021947026
13.632,0.0,0.0,0.5403067003696671,0.0,0.0,0.022031335891556956,0.0,0.0,0.0,0.0,0.0,0.0,0.0,0.0,0.5,0.0,0.0,0.0,-0.05,0.0,0.0,0.0,38.925724637681164,38.925724637681164,38.925724637681164,38.925724637681164,0.0403067003696671,0.022031335891556956,0.0,0.0,0.0,0.0403067003696671,0.32857000041985884
13.64,0.0,0.0,0.5402417931615572,0.0,0.0,0.016002388510497716,0.0,0.0,0.0,0.0,0.0,0.0,0.0,0.0,0.5,0.0,0.0,0.0,-0.05,0.0,0.0,0.0,38.925724637681164,38.925724637681164,38.925724637681164,38.925724637681164,0.04024179316155718,0.016002388510497716,0.0,0.0,0.0,0.04024179316155718,0.22627900034422055
13.648,0.0,0.0,0.5401237884831798,0.0,0.0,0.009851793848962483,0.0,0.0,0.0,0.0,0.0,0.0,0.0,0.0,0.5,0.0,0.0,0.0,-0.05,0.0,0.0,0.0,38.925724637681164,38.925724637681164,38.925724637681164,38.925724637681164,0.04012378848317977,0.009851793848962483,0.0,0.0,0.0,0.04012378848317977,0.24242899962700903
13.656,0.0,0.0,0.5399527553244287,0.0,0.0,0.0036056061103927044,0.0,0.0,0.0,0.0,0.0,0.0,0.0,0.0,0.5,0.0,0.0,0.0,-0.05,0.0,0.0,0.0,38.925724637681164,38.925724637681164,38.925724637681164,38.925724637681164,0.03995275532442866,0.0036056061103927044,0.0,0.0,0.0,0.03995275532442866,0.1831010013120249
13.664,0.0,0.0,0.5397287625855587,0.0,0.0,-0.002715333583435739,0.0,0.0,0.0,0.0,0.0,0.0,0.0,0.0,0.5,0.0,0.0,0.0,-0.05,0.0,0.0,0.0,38.925724637681164,38.925724637681164,38.925724637681164,38.925724637681164,0.039728762585558686,0.002715333583435739,0.0,0.0,0.0,0.039728762585558686,0.1658020046306774
13.672,0.0,0.0,0.5394518790773021,0.0,0.0,-0.009094354573163044,0.0,0.0,0.0,0.0,0.0,0.0,0.0,0.0,0.5,0.0,0.0,0.0,-0.05,0.0,0.0,0.0,38.925724637681164,38.925724637681164,38.925724637681164,38.925724637681164,0.03945187907730208,0.009094354573163044,0.0,0.0,0.0,0.03945187907730208,0.17886699788505211
13.68,0.0,0.0,0.5391221735209849,0.0,0.0,-0.015518122566460655,0.0,0.0,0.0,0.0,0.0,0.0,0.0,0.0,0.5,0.0,0.0,0.0,-0.05,0.0,0.0,0.0,38.925724637681164,38.925724637681164,38.925724637681164,38.925724637681164,0.039122173520984904,0.015518122566460655,0.0,0.0,0.0,0.039122173520984904,0.13992199819767848
13.688,0.0,0.0,0.538739714548643,0.0,0.0,-0.021975972361715047,0.0,0.0,0.0,0.0,0.0,0.0,0.0,0.0,0.5,0.0,0.0,0.0,-0.0447832170899346,0.0,0.0,0.0,39.87079400544663,39.87079400544663,39.87079400544663,39.87079400544663,0.038739714548643,0.021975972361715047,0.0,0.0,0.0,0.038739714548643,0.12193099973956123
13.696,0.0,0.0,0.538311678760388,0.0,0.0,-0.02828167259574847,0.0,0.0,0.0,0.0,0.0,0.0,0.0,0.0,0.5,0.0,0.0,0.0,-0.03797435603822796,0.0,0.0,0.0,41.10428332640798,41.10428332640798,41.10428332640798,41.10428332640798,0.03831167876038799,0.02828167259574847,0.0,0.0,0.0,0.03831167876038799,0.15478699788218364
13.704,0.0,0.0,0.537845277122394,0.0,0.0,-0.03428537902644599,0.0,0.0,0.0,0.0,0.0,0.0,0.0,0.0,0.5,0.0,0.0,0.0,-0.0313839804562156,0.0,0.0,0.0,42.29819194633775,42.29819194633775,42.29819194633775,42.29819194633775,0.03784527712239405,0.03428537902644599,0.0,0.0,0.0,0.03784527712239405,0.12501899618655443
13.712,0.0,0.0,0.5373477549222461,0.0,0.0,-0.039866358224857706,0.0,0.0,0.0,0.0,0.0,0.0,0.0,0.0,0.5,0.0,0.0,0.0,-0.025139371676790145,0.0,0.0,0.0,43.42946165275541,43.42946165275541,43.42946165275541,43.42946165275541,0.03734775492224607,0.039866358224857706,0.0,0.0,0.0,0.03734775492224607,0.13938199845142663
13.72,0.0,0.0,0.5368263917243457,0.0,0.0,-0.04492716652739509,0.0,0.0,0.0,0.0,0.0,0.0,0.0,0.0,0.5,0.0,0.0,0.0,-0.019346952564965658,0.0,0.0,0.0,44.47881294112941,44.47881294112941,44.47881294112941,44.47881294112941,0.03682639172434565,0.04492716652739509,0.0,0.0,0.0,0.03682639172434565,0.22333900415105745
13.728,0.0,0.0,0.5362885013253749,0.0,0.0,-0.04938899319618721,0.0,0.0,0.0,0.0,0.0,0.0,0.0,0.0,0.5,0.0,0.0,0.0,-0.014095437690955559,0.0,0.0,0.0,45.43017433134863,45.43017433134863,45.43017433134863,45.43017433134863,0.03628850132537487,0.04938899319618721,0.0,0.0,0.0,0.03628850132537487,0.19133600289933383
13.736,0.0,0.0,0.5357414317098182,0.0,0.0,-0.053187934945863664,0.0,0.0,0.0,0.0,0.0,0.0,0.0,0.0,0.5,0.0,0.0,0.0,-0.009459382335079813,0.0,0.0,0.0,46.27003943205076,46.27003943205076,46.27003943205076,46.27003943205076,0.03574143170981825,0.053187934945863664,0.0,0.0,0.0,0.03574143170981825,0.25531999563099816
13.744,0.0,0.0,0.535192565005542,0.0,0.0,-0.05627201556359819,0.0,0.0,0.0,0.0,0.0,0.0,0.0,0.0,0.5,0.0,0.0,0.0,-0.005502025831259361,0.0,0.0,0.0,46.98695184216316,46.98695184216316,46.98695184216316,46.98695184216316,0.03519256500554202,0.05627201556359819,0.0,0.0,0.0,0.03519256500554202,0.1612559935892932
13.752,0.0,0.0,0.5346493174394318,0.0,0.0,-0.058598801603633004,0.0,0.0,0.0,0.0,0.0,0.0,0.0,0.0,0.5,0.0,0.0,0.0,-0.0022785390202301192,0.0,0.0,0.0,47.57091684416121,47.57091684416121,47.57091684416121,47.57091684416121,0.03464931743943178,0.058598801603633004,0.0,0.0,0.0,0.03464931743943178,0.15033999807201326
13.76,0.0,0.0,0.5341191392930871,0.0,0.0,-0.06013349494152552,0.0,0.0,0.0,0.0,0.0,0.0,0.0,0.0,0.5,0.0,0.0,0.0,0.0001660134836678484,0.0,0.0,0.0,48.01377055863548,48.01377055863548,48.01377055863548,48.01377055863548,0.034119139293087075,0.06013349494152552,0.0,0.0,0.0,0.034119139293087075,0.12218600022606552
13.768,0.0,0.0,0.5336095148585741,0.0,0.0,-0.060847406816043184,0.0,0.0,0.0,0.0,0.0,0.0,0.0,0.0,0.5,0.0,0.0,0.0,0.001789498011738555,0.0,0.0,0.0,48.30788007459032,48.30788007459032,48.30788007459032,48.30788007459032,0.03360951485857411,0.060847406816043184,0.0,0.0,0.0,0.03360951485857411,0.10635700164129958
13.776,0.0,0.0,0.5331279623942357,0.0,0.0,-0.060716737061297196,0.0,0.0,0.0,0.0,0.0,0.0,0.0,0.0,0.5,0.0,0.0,0.0,0.0025553029026318397,0.0,0.0,0.0,48.446612844679684,48.446612844679684,48.446612844679684,48.446612844679684,0.033127962394235655,0.060716737061297196,0.0,0.0,0.0,0.033127962394235655,0.11197499406989664
13.784,0.0,0.0,0.5326820340805583,0.0,0.0,-0.059721597490971556,0.0,0.0,0.0,0.0,0.0,0.0,0.0,0.0,0.5,0.0,0.0,0.0,0.0024304884839043694,0.0,0.0,0.0,48.4240015369392,48.4240015369392,48.4240015369392,48.4240015369392,0.03268203408055825,0.059721597490971556,0.0,0.0,0.0,0.03268203408055825,0.1317529968218878
13.792,0.0,0.0,0.5322793159760973,0.0,0.0,-0.05784523060430107,0.0,0.0,0.0,0.0,0.0,0.0,0.0,0.0,0.5,0.0,0.0,0.0,0.001385039208824046,0.0,0.0,0.0,48.234608552323195,48.234608552323195,48.234608552323195,48.234608552323195,0.032279315976097345,0.05784523060430107,0.0,0.0,0.0,0.032279315976097345,0.15009700291557238
13.8,0.0,0.0,0.5319274279734588,0.0,0.0,-0.05507338454940295,0.0,0.0,0.0,0.0,0.0,0.0,0.0,0.0,0.5,0.0,0.0,0.0,-0.0006087325555662604,0.0,0.0,0.0,47.87341801529597,47.87341801529597,47.87341801529597,47.87341801529597,0.03192742797345882,0.05507338454940295,0.0,0.0,0.0,0.03192742797345882,0.11036899377359077
13.808,0.0,0.0,0.5316340237553386,0.0,0.0,-0.051393813092527815,0.0,0.0,0.0,0.0,0.0,0.0,0.0,0.0,0.5,0.0,0.0,0.0,-0.0035766634943682485,0.0,0.0,0.0,47.335749366962276,47.335749366962276,47.335749366962276,47.335749366962276,0.031634023755338636,0.051393813092527815,0.0,0.0,0.0,0.031634023755338636,0.14572199870599434
13.816,0.0,0.0,0.5314067907506189,0.0,0.0,-0.04679587559201456,0.0,0.0,0.0,0.0,0.0,0.0,0.0,0.0,0.5,0.0,0.0,0.0,-0.007543120903092948,0.0,0.0,0.0,46.61718824219331,46.61718824219331,46.61718824219331,46.61718824219331,0.03140679075061892,0.04679587559201456,0.0,0.0,0.0,0.03140679075061892,0.11207599891349673
13.824,0.0,0.0,0.5312534500905212,0.0,0.0,-0.04127021697605598,0.0,0.0,0.0,0.0,0.0,0.0,0.0,0.0,0.5,0.0,0.0,0.0,-0.01253291406528978,0.0,0.0,0.0,45.713240205563444,45.713240205563444,45.713240205563444,45.713240205563444,0.03125345009052116,0.04127021697605598,0.0,0.0,0.0,0.03125345009052116,0.10094099707202986
13.832,0.0,0.0,0.5311817565648169,0.0,0.0,-0.034808511723450626,0.0,0.0,0.0,0.0,0.0,0.0,0.0,0.0,0.5,0.0,0.0,0.0,-0.01856487003855012,0.0,0.0,0.0,44.62049455823367,44.62049455823367,44.62049455823367,44.62049455823367,0.03118175656481692,0.034808511723450626,0.0,0.0,0.0,0.03118175656481692,0.10189900058321655
13.84,0.0,0.0,0.5311994985780948,0.0,0.0,-0.027403259046813802,0.0,0.0,0.0,0.0,0.0,0.0,0.0,0.0,0.5,0.0,0.0,0.0,-0.025662326644996347,0.0,0.0,0.0,43.33472343387747,43.33472343387747,43.33472343387747,43.33472343387747,0.031199498578094786,0.027403259046813802,0.0,0.0,0.0,0.031199498578094786,0.10033600119641051
13.848,0.0,0.0,0.5313015878402476,0.0,0.0,-0.019370375683630654,0.0,0.0,0.0,0.0,0.0,0.0,0.0,0.0,0.5,0.0,0.0,0.0,-0.03351381864907854,0.0,0.0,0.0,41.91235169400751,41.91235169400751,41.91235169400751,41.91235169400751,0.03130158784024761,0.019370375683630654,0.0,0.0,0.0,0.03130158784024761,0.11211099626962095
13.856,0.0,0.0,0.5314800477580184,0.0,0.0,-0.011034802602634834,0.0,0.0,0.0,0.0,0.0,0.0,0.0,0.0,0.5,0.0,0.0,0.0,-0.041796325838774906,0.0,0.0,0.0,40.41189749297556,40.41189749297556,40.41189749297556,40.41189749297556,0.03148004775801838,0.011034802602634834,0.0,0.0,0.0,0.03148004775801838,0.1105679984902963
13.864,0.0,0.0,0.5317269557928571,0.0,0.0,-0.00265514121114023,0.0,0.0,0.0,0.0,0.0,0.0,0.0,0.0,0.5,0.0,0.0,0.0,-0.05,0.0,0.0,0.0,38.925724637681164,38.925724637681164,38.925724637681164,38.925724637681164,0.031726955792857114,0.00265514121114023,0.0,0.0,0.0,0.031726955792857114,0.1270240027224645
13.872,0.0,0.0,0.5320344433906872,0.0,0.0,0.005563076976840123,0.0,0.0,0.0,0.0,0.0,0.0,0.0,0.0,0.5,0.0,0.0,0.0,-0.05,0.0,0.0,0.0,38.925724637681164,38.925724637681164,38.925724637681164,38.925724637681164,0.03203444339068717,0.005563076976840123,0.0,0.0,0.0,0.03203444339068717,0.1403659989591688
13.88,0.0,0.0,0.5323946959117629,0.0,0.0,0.013456774608364676,0.0,0.0,0.0,0.0,0.0,0.0,0.0,0.0,0.5,0.0,0.0,0.0,-0.05,0.0,0.0,0.0,38.925724637681164,38.925724637681164,38.925724637681164,38.925724637681164,0.032394695911762916,0.013456774608364676,0.0,0.0,0.0,0.032394695911762916,0.16641300317132846
13.888,0.0,0.0,0.5327999525606183,0.0,0.0,0.02089683590807733,0.0,0.0,0.0,0.0,0.0,0.0,0.0,0.0,0.5,0.0,0.0,0.0,-0.05,0.0,0.0,0.0,38.925724637681164,38.925724637681164,38.925724637681164,38.925724637681164,0.032799952560618295,0.02089683590807733,0.0,0.0,0.0,0.032799952560618295,0.22738100233254954
13.896,0.0,0.0,0.5332425063161069,0.0,0.0,0.027781312613676334,0.0,0.0,0.0,0.0,0.0,0.0,0.0,0.0,0.5,0.0,0.0,0.0,-0.05,0.0,0.0,0.0,38.925724637681164,38.925724637681164,38.925724637681164,38.925724637681164,0.03324250631610692,0.027781312613676334,0.0,0.0,0.0,0.03324250631610692,0.2598749997559935
13.904,0.0,0.0,0.5337147038615324,0.0,0.0,0.03402998872657963,0.0,0.0,0.0,0.0,0.0,0.0,0.0,0.0,0.5,0.0,0.0,0.0,-0.05,0.0,0.0,0.0,38.925724637681164,38.925724637681164,38.925724637681164,38.925724637681164,0.033714703861532413,0.03402998872657963,0.0,0.0,0.0,0.033714703861532413,0.28955499874427915
13.912,0.0,0.0,0.53420894551487,0.0,0.0,0.03958003231470125,0.0,0.0,0.0,0.0,0.0,0.0,0.0,0.0,0.5,0.0,0.0,0.0,-0.05,0.0,0.0,0.0,38.925724637681164,38.925724637681164,38.925724637681164,38.925724637681164,0.03420894551486997,0.03958003231470125,0.0,0.0,0.0,0.03420894551486997,0.2729619955061935
13.92,0.0,0.0,0.5347176851590787,0.0,0.0,0.04438251695698046,0.0,0.0,0.0,0.0,0.0,0.0,0.0,0.0,0.5,0.0,0.0,0.0,-0.05,0.0,0.0,0.0,38.925724637681164,38.925724637681164,38.925724637681164,38.925724637681164,0.03471768515907869,0.04438251695698046,0.0,0.0,0.0,0.03471768515907869,0.3764220018638298
13.928,0.0,0.0,0.5352334301725038,0.0,0.0,0.04839963890121058,0.0,0.0,0.0,0.0,0.0,0.0,0.0,0.0,0.5,0.0,0.0,0.0,-0.05,0.0,0.0,0.0,38.925724637681164,38.925724637681164,38.925724637681164,38.925724637681164,0.0352334301725038,0.04839963890121058,0.0,0.0,0.0,0.0352334301725038,0.3871060034725815
13.936,0.0,0.0,0.5357487413593702,0.0,0.0,0.05160249079263063,0.0,0.0,0.0,0.0,0.0,0.0,0.0,0.0,0.5,0.0,0.0,0.0,-0.05,0.0,0.0,0.0,38.925724637681164,38.925724637681164,38.925724637681164,38.925724637681164,0.03574874135937023,0.05160249079263063,0.0,0.0,0.0,0.03574874135937023,0.3733849953277968
13.944,0.0,0.0,0.5362562328803656,0.0,0.0,0.0539692806589877,0.0,0.0,0.0,0.0,0.0,0.0,0.0,0.0,0.5,0.0,0.0,0.0,-0.05,0.0,0.0,0.0,38.925724637681164,38.925724637681164,38.925724637681164,38.925724637681164,0.03625623288036561,0.0539692806589877,0.0,0.0,0.0,0.03625623288036561,0.3690610028570518
13.952,0.0,0.0,0.5367485721833142,0.0,0.0,0.0554839071009056,0.0,0.0,0.0,0.0,0.0,0.0,0.0,0.0,0.5,0.0,0.0,0.0,-0.05,0.0,0.0,0.0,38.925724637681164,38.925724637681164,38.925724637681164,38.925724637681164,0.036748572183314177,0.0554839071009056,0.0,0.0,0.0,0.036748572183314177,0.3124549984931946
13.96,0.0,0.0,0.5372184799339401,0.0,0.0,0.05613481944637172,0.0,0.0,0.0,0.0,0.0,0.0,0.0,0.0,0.5,0.0,0.0,0.0,-0.05,0.0,0.0,0.0,38.925724637681164,38.925724637681164,38.925724637681164,38.925724637681164,0.03721847993394012,0.05613481944637172,0.0,0.0,0.0,0.03721847993394012,0.3915919951396063
13.968,0.0,0.0,0.5376587299467217,0.0,0.0,0.055914105876638205,0.0,0.0,0.0,0.0,0.0,0.0,0.0,0.0,0.5,0.0,0.0,0.0,-0.05,0.0,0.0,0.0,38.925724637681164,38.925724637681164,38.925724637681164,38.925724637681164,0.0376587299467217,0.055914105876638205,0.0,0.0,0.0,0.0376587299467217,0.33942199661396444
13.976,0.0,0.0,0.5380621491158342,0.0,0.0,0.05481676392912099,0.0,0.0,0.0,0.0,0.0,0.0,0.0,0.0,0.5,0.0,0.0,0.0,-0.05,0.0,0.0,0.0,38.925724637681164,38.925724637681164,38.925724637681164,38.925724637681164,0.038062149115834165,0.05481676392912099,0.0,0.0,0.0,0.038062149115834165,0.2218570007244125
13.984,0.0,0.0,0.5384216173461833,0.0,0.0,0.052840116902026744,0.0,0.0,0.0,0.0,0.0,0.0,0.0,0.0,0.5,0.0,0.0,0.0,-0.05,0.0,0.0,0.0,38.925724637681164,38.925724637681164,38.925724637681164,38.925724637681164,0.03842161734618332,0.052840116902026744,0.0,0.0,0.0,0.03842161734618332,0.40274899947689846
13.992,0.0,0.0,0.5387300674845282,0.0,0.0,0.049983346980243204,0.0,0.0,0.0,0.0,0.0,0.0,0.0,0.0,0.5,0.0,0.0,0.0,-0.05,0.0,0.0,0.0,38.925724637681164,38.925724637681164,38.925724637681164,38.925724637681164,0.03873006748452823,0.049983346980243204,0.0,0.0,0.0,0.03873006748452823,0.3594349982449785
14.0,0.0,0.0,0.5389849350469392,0.0,0.0,0.04635836664447023,0.0,0.0,0.0,0.0,0.0,0.0,0.0,0.0,0.5,0.0,0.0,0.0,-0.05,0.0,0.0,0.0,38.925724637681164,38.925724637681164,38.925724637681164,38.925724637681164,0.03898493504693923,0.04635836664447023,0.0,0.0,0.0,0.03898493504693923,0.34858399885706604
14.008000000000001,0.0,0.0,0.5391862896536112,0.0,0.0,0.04212055848237367,0.0,0.0,0.0,0.0,0.0,0.0,0.0,0.0,0.5,0.0,0.0,0.0,-0.05,0.0,0.0,0.0,38.925724637681164,38.925724637681164,38.925724637681164,38.925724637681164,0.03918628965361115,0.04212055848237367,0.0,0.0,0.0,0.03918628965361115,0.40172199805965647
14.016,0.0,0.0,0.5393342008342809,0.0,0.0,0.0373942263026419,0.0,0.0,0.0,0.0,0.0,0.0,0.0,0.0,0.5,0.0,0.0,0.0,-0.05,0.0,0.0,0.0,38.925724637681164,38.925724637681164,38.925724637681164,38.925724637681164,0.03933420083428085,0.0373942263026419,0.0,0.0,0.0,0.03933420083428085,0.3452180026215501
14.024000000000001,0.0,0.0,0.5394287380283447,0.0,0.0,0.03227881089370891,0.0,0.0,0.0,0.0,0.0,0.0,0.0,0.0,0.5,0.0,0.0,0.0,-0.05,0.0,0.0,0.0,38.925724637681164,38.925724637681164,38.925724637681164,38.925724637681164,0.03942873802834468,0.03227881089370891,0.0,0.0,0.0,0.03942873802834468,0.32743700285209343
14.032,0.0,0.0,0.539469970584976,0.0,0.0,0.0268538626307511,0.0,0.0,0.0,0.0,0.0,0.0,0.0,0.0,0.5,0.0,0.0,0.0,-0.05,0.0,0.0,0.0,38.925724637681164,38.925724637681164,38.925724637681164,38.925724637681164,0.03946997058497603,0.0268538626307511,0.0,0.0,0.0,0.03946997058497603,0.3029650033568032
14.040000000000001,0.0,0.0,0.5394579677632425,0.0,0.0,0.021183019561262777,0.0,0.0,0.0,0.0,0.0,0.0,0.0,0.0,0.5,0.0,0.0,0.0,-0.05,0.0,0.0,0.0,38.925724637681164,38.925724637681164,38.925724637681164,38.925724637681164,0.03945796776324251,0.021183019561262777,0.0,0.0,0.0,0.03945796776324251,0.3685809933813289
14.048,0.0,0.0,0.5393927987322227,0.0,0.0,0.015317189873514308,0.0,0.0,0.0,0.0,0.0,0.0,0.0,0.0,0.5,0.0,0.0,0.0,-0.05,0.0,0.0,0.0,38.925724637681164,38.925724637681164,38.925724637681164,38.925724637681164,0.03939279873222268,0.015317189873514308,0.0,0.0,0.0,0.03939279873222268,0.22692899801768363
14.056000000000001,0.0,0.0,0.5392745325711236,0.0,0.0,0.009297097871333978,0.0,0.0,0.0,0.0,0.0,0.0,0.0,0.0,0.5,0.0,0.0,0.0,-0.05,0.0,0.0,0.0,38.925724637681164,38.925724637681164,38.925724637681164,38.925724637681164,0.039274532571123566,0.009297097871333978,0.0,0.0,0.0,0.039274532571123566,0.22632799664279446
14.064,0.0,0.0,0.539103238269397,0.0,0.0,0.0031553207539022944,0.0,0.0,0.0,0.0,0.0,0.0,0.0,0.0,0.5,0.0,0.0,0.0,-0.05,0.0,0.0,0.0,38.925724637681164,38.925724637681164,38.925724637681164,38.925724637681164,0.03910323826939699,0.0031553207539022944,0.0,0.0,0.0,0.03910323826939699,0.21197400201344863
14.072000000000001,0.0,0.0,0.5388789847268564,0.0,0.0,-0.003082081960393315,0.0,0.0,0.0,0.0,0.0,0.0,0.0,0.0,0.5,0.0,0.0,0.0,-0.05,0.0,0.0,0.0,38.925724637681164,38.925724637681164,38.925724637681164,38.925724637681164,0.03887898472685636,0.003082081960393315,0.0,0.0,0.0,0.03887898472685636,0.17350500274915248
14.08,0.0,0.0,0.538601840753793,0.0,0.0,-0.009394264894898712,0.0,0.0,0.0,0.0,0.0,0.0,0.0,0.0,0.5,0.0,0.0,0.0,-0.05,0.0,0.0,0.0,38.925724637681164,38.925724637681164,38.925724637681164,38.925724637681164,0.038601840753793026,0.009394264894898712,0.0,0.0,0.0,0.038601840753793026,0.14993899822002277
14.088000000000001,0.0,0.0,0.5382718750710928,0.0,0.0,-0.015764553983424866,0.0,0.0,0.0,0.0,0.0,0.0,0.0,0.0,0.5,0.0,0.0,0.0,-0.04984487634923318,0.0,0.0,0.0,38.95382674832732,38.95382674832732,38.95382674832732,38.95382674832732,0.038271875071092754,0.015764553983424866,0.0,0.0,0.0,0.038271875071092754,0.15115999849513173
14.096,0.0,0.0,0.5378899863494941,0.0,0.0,-0.022158861226706225,0.0,0.0,0.0,0.0,0.0,0.0,0.0,0.0,0.5,0.0,0.0,0.0,-0.04303643929085077,0.0,0.0,0.0,40.187239258903844,40.187239258903844,40.187239258903844,40.187239258903844,0.03788998634949414,0.022158861226706225,0.0,0.0,0.0,0.03788998634949414,0.12480899749789387
14.104000000000001,0.0,0.0,0.5374633552260274,0.0,0.0,-0.028392867068032474,0.0,0.0,0.0,0.0,0.0,0.0,0.0,0.0,0.5,0.0,0.0,0.0,-0.03629953269473063,0.0,0.0,0.0,41.407693352403875,41.407693352403875,41.407693352403875,41.407693352403875,0.037463355226027395,0.028392867068032474,0.0,0.0,0.0,0.037463355226027395,0.12307099677855149
14.112,0.0,0.0,0.5369991966985402,0.0,0.0,-0.03431825684160619,0.0,0.0,0.0,0.0,0.0,0.0,0.0,0.0,0.5,0.0,0.0,0.0,-0.029788030614689598,0.0,0.0,0.0,42.58731329444029,42.58731329444029,42.58731329444029,42.58731329444029,0.03699919669854024,0.03431825684160619,0.0,0.0,0.0,0.03699919669854024,0.12113300181226805
14.120000000000001,0.0,0.0,0.5365047600810525,0.0,0.0,-0.03981552091047644,0.0,0.0,0.0,0.0,0.0,0.0,0.0,0.0,0.5,0.0,0.0,0.0,-0.023628997207337354,0.0,0.0,0.0,43.70308021606208,43.70308021606208,43.70308021606208,43.70308021606208,0.03650476008105252,0.03981552091047644,0.0,0.0,0.0,0.03650476008105252,0.12321700341999531
14.128,0.0,0.0,0.5359873289591693,0.0,0.0,-0.04478819477546214,0.0,0.0,0.0,0.0,0.0,0.0,0.0,0.0,0.5,0.0,0.0,0.0,-0.01792793504720902,0.0,0.0,0.0,44.735881332027354,44.735881332027354,44.735881332027354,44.735881332027354,0.03598732895916934,0.04478819477546214,0.0,0.0,0.0,0.03598732895916934,0.1221879938384518
14.136000000000001,0.0,0.0,0.5354542211455515,0.0,0.0,-0.04915825116081365,0.0,0.0,0.0,0.0,0.0,0.0,0.0,0.0,0.5,0.0,0.0,0.0,-0.012772818699090638,0.0,0.0,0.0,45.66977922117923,45.66977922117923,45.66977922117923,45.66977922117923,0.03545422114555152,0.04915825116081365,0.0,0.0,0.0,0.03545422114555152,0.1238979966728948
14.144,0.0,0.0,0.5349127886354443,0.0,0.0,-0.05286241368133209,0.0,0.0,0.0,0.0,0.0,0.0,0.0,0.0,0.5,0.0,0.0,0.0,-0.008237612762886926,0.0,0.0,0.0,46.491374499477004,46.491374499477004,46.491374499477004,46.491374499477004,0.034912788635444336,0.05286241368133209,0.0,0.0,0.0,0.034912788635444336,0.12256600166438147
14.152000000000001,0.0,0.0,0.5343704175622634,0.0,0.0,-0.05584920777458645,0.0,0.0,0.0,0.0,0.0,0.0,0.0,0.0,0.5,0.0,0.0,0.0,-0.004385085377495712,0.0,0.0,0.0,47.18929612726527,47.18929612726527,47.18929612726527,47.18929612726527,0.034370417562263444,0.05584920777458645,0.0,0.0,0.0,0.034370417562263444,0.1822199992602691
14.16,0.0,0.0,0.5338345281532396,0.0,0.0,-0.0580766014452663,0.0,0.0,0.0,0.0,0.0,0.0,0.0,0.0,0.5,0.0,0.0,0.0,-0.0012700235667953974,0.0,0.0,0.0,47.75361891905881,47.75361891905881,47.75361891905881,47.75361891905881,0.03383452815323962,0.0580766014452663,0.0,0.0,0.0,0.03383452815323962,0.18931299564428627
14.168000000000001,0.0,0.0,0.5333125746851197,0.0,0.0,-0.059510117859208976,0.0,0.0,0.0,0.0,0.0,0.0,0.0,0.0,0.5,0.0,0.0,0.0,0.0010627924518391563,0.0,0.0,0.0,48.17623051663753,48.17623051663753,48.17623051663753,48.17623051663753,0.03331257468511972,0.059510117859208976,0.0,0.0,0.0,0.03331257468511972,0.2341290019103326
14.176,0.0,0.0,0.5328120454399264,0.0,0.0,-0.06012132541720061,0.0,0.0,0.0,0.0,0.0,0.0,0.0,0.0,0.5,0.0,0.0,0.0,0.0025714735666152455,0.0,0.0,0.0,48.449542312792616,48.449542312792616,48.449542312792616,48.449542312792616,0.03281204543992644,0.06012132541720061,0.0,0.0,0.0,0.03281204543992644,0.1293440000154078
14.184000000000001,0.0,0.0,0.5323404626607748,0.0,0.0,-0.05988662981254923,0.0,0.0,0.0,0.0,0.0,0.0,0.0,0.0,0.5,0.0,0.0,0.0,0.0032195971199537876,0.0,0.0,0.0,48.56695599999163,48.56695599999163,48.56695599999163,48.56695599999163,0.03234046266077484,0.05988662981254923,0.0,0.0,0.0,0.03234046266077484,0.16082899674074724
14.192,0.0,0.0,0.5319053825077464,0.0,0.0,-0.05878630767575058,0.0,0.0,0.0,0.0,0.0,0.0,0.0,0.0,0.5,0.0,0.0,0.0,0.0029743733207514556,0.0,0.0,0.0,48.52253139868686,48.52253139868686,48.52253139868686,48.52253139868686,0.03190538250774644,0.05878630767575058,0.0,0.0,0.0,0.03190538250774644,0.11580099817365408
14.200000000000001,0.0,0.0,0.5315143950138207,0.0,0.0,-0.056803733488742944,0.0,0.0,0.0,0.0,0.0,0.0,0.0,0.0,0.5,0.0,0.0,0.0,0.0018059051890294553,0.0,0.0,0.0,48.310852389316935,48.310852389316935,48.310852389316935,48.310852389316935,0.031514395013820695,0.056803733488742944,0.0,0.0,0.0,0.031514395013820695,0.1263800004380755
14.208,0.0,0.0,0.5311751240408638,0.0,0.0,-0.05392476111491879,0.0,0.0,0.0,0.0,0.0,0.0,0.0,0.0,0.5,0.0,0.0,0.0,-0.00031340139194613315,0.0,0.0,0.0,47.92692003769092,47.92692003769092,47.92692003769092,47.92692003769092,0.031175124040863755,0.05392476111491879,0.0,0.0,0.0,0.031175124040863755,0.11561800056369975
14.216000000000001,0.0,0.0,0.5308952272356744,0.0,0.0,-0.050137229021668284,0.0,0.0,0.0,0.0,0.0,0.0,0.0,0.0,0.5,0.0,0.0,0.0,-0.003409309629770041,0.0,0.0,0.0,47.366067096056156,47.366067096056156,47.366067096056156,47.366067096056156,0.030895227235674394,0.050137229021668284,0.0,0.0,0.0,0.030895227235674394,0.14801100041950122
14.224,0.0,0.0,0.530682395986087,0.0,0.0,-0.045430564457019595,0.0,0.0,0.0,0.0,0.0,0.0,0.0,0.0,0.5,0.0,0.0,0.0,-0.007506129371654735,0.0,0.0,0.0,46.623889606584285,46.623889606584285,46.623889606584285,46.623889606584285,0.03068239598608702,0.045430564457019595,0.0,0.0,0.0,0.03068239598608702,0.13386899809120223
14.232000000000001,0.0,0.0,0.5305443553771316,0.0,0.0,-0.03979546678950009,0.0,0.0,0.0,0.0,0.0,0.0,0.0,0.0,0.5,0.0,0.0,0.0,-0.012628563788892544,0.0,0.0,0.0,45.69591235708469,45.69591235708469,45.69591235708469,45.69591235708469,0.030544355377131627,0.03979546678950009,0.0,0.0,0.0,0.030544355377131627,0.10749800276244059
14.24,0.0,0.0,0.5304888641472508,0.0,0.0,-0.03322365417862022,0.0,0.0,0.0,0.0,0.0,0.0,0.0,0.0,0.5,0.0,0.0,0.0,-0.01879552357320957,0.0,0.0,0.0,44.578709497606965,44.578709497606965,44.578709497606965,44.578709497606965,0.030488864147250827,0.03322365417862022,0.0,0.0,0.0,0.030488864147250827,0.09470800432609394
14.248000000000001,0.0,0.0,0.5305237146445738,0.0,0.0,-0.025707660909821493,0.0,0.0,0.0,0.0,0.0,0.0,0.0,0.0,0.5,0.0,0.0,0.0,-0.02602930175715701,0.0,0.0,0.0,43.268242435297644,43.268242435297644,43.268242435297644,43.268242435297644,0.03052371464457382,0.025707660909821493,0.0,0.0,0.0,0.03052371464457382,0.1207309978781268
14.256,0.0,0.0,0.5306408898824151,0.0,0.0,-0.01763674778182508,0.0,0.0,0.0,0.0,0.0,0.0,0.0,0.0,0.5,0.0,0.0,0.0,-0.03394599042090263,0.0,0.0,0.0,41.83405970635822,41.83405970635822,41.83405970635822,41.83405970635822,0.03064088988241509,0.01763674778182508,0.0,0.0,0.0,0.03064088988241509,0.1088659992092289
14.264000000000001,0.0,0.0,0.5308324269812794,0.0,0.0,-0.009320970753852475,0.0,0.0,0.0,0.0,0.0,0.0,0.0,0.0,0.5,0.0,0.0,0.0,-0.0422338061109766,0.0,0.0,0.0,40.332643820475255,40.332643820475255,40.332643820475255,40.332643820475255,0.030832426981279415,0.009320970753852475,0.0,0.0,0.0,0.030832426981279415,0.11154999810969457
14.272,0.0,0.0,0.5310904170985602,0.0,0.0,-0.001007023671061721,0.0,0.0,0.0,0.0,0.0,0.0,0.0,0.0,0.5,0.0,0.0,0.0,-0.05,0.0,0.0,0.0,38.925724637681164,38.925724637681164,38.925724637681164,38.925724637681164,0.031090417098560197,0.001007023671061721,0.0,0.0,0.0,0.031090417098560197,0.11527800234034657
14.280000000000001,0.0,0.0,0.5314070053583289,0.0,0.0,0.0071090875573661776,0.0,0.0,0.0,0.0,0.0,0.0,0.0,0.0,0.5,0.0,0.0,0.0,-0.05,0.0,0.0,0.0,38.925724637681164,38.925724637681164,38.925724637681164,38.925724637681164,0.031407005358328854,0.0071090875573661776,0.0,0.0,0.0,0.031407005358328854,0.14471499889623374
14.288,0.0,0.0,0.5317743907812159,0.0,0.0,0.014871905618070367,0.0,0.0,0.0,0.0,0.0,0.0,0.0,0.0,0.5,0.0,0.0,0.0,-0.05,0.0,0.0,0.0,38.925724637681164,38.925724637681164,38.925724637681164,38.925724637681164,0.03177439078121591,0.014871905618070367,0.0,0.0,0.0,0.03177439078121591,0.18701699445955455
14.296000000000001,0.0,0.0,0.5321848262143823,0.0,0.0,0.022158410323616,0.0,0.0,0.0,0.0,0.0,0.0,0.0,0.0,0.5,0.0,0.0,0.0,-0.05,0.0,0.0,0.0,38.925724637681164,38.925724637681164,38.925724637681164,38.925724637681164,0.032184826214382345,0.022158410323616,0.0,0.0,0.0,0.032184826214382345,0.19746399630093947
14.304,0.0,0.0,0.5326306182615826,0.0,0.0,0.02887152943890152,0.0,0.0,0.0,0.0,0.0,0.0,0.0,0.0,0.5,0.0,0.0,0.0,-0.05,0.0,0.0,0.0,38.925724637681164,38.925724637681164,38.925724637681164,38.925724637681164,0.032630618261582645,0.02887152943890152,0.0,0.0,0.0,0.032630618261582645,0.24720500368857756
14.312000000000001,0.0,0.0,0.5331041272133187,0.0,0.0,0.03493494734452076,0.0,0.0,0.0,0.0,0.0,0.0,0.0,0.0,0.5,0.0,0.0,0.0,-0.05,0.0,0.0,0.0,38.925724637681164,38.925724637681164,38.925724637681164,38.925724637681164,0.03310412721331868,0.03493494734452076,0.0,0.0,0.0,0.03310412721331868,0.2427319996058941
14.32,0.0,0.0,0.5335977669770839,0.0,0.0,0.040288951969749555,0.0,0.0,0.0,0.0,0.0,0.0,0.0,0.0,0.5,0.0,0.0,0.0,-0.05,0.0,0.0,0.0,38.925724637681164,38.925724637681164,38.925724637681164,38.925724637681164,0.03359776697708394,0.040288951969749555,0.0,0.0,0.0,0.03359776697708394,0.3131560006295331
14.328000000000001,0.0,0.0,0.5341040050076986,0.0,0.0,0.04488711234116497,0.0,0.0,0.0,0.0,0.0,0.0,0.0,0.0,0.5,0.0,0.0,0.0,-0.05,0.0,0.0,0.0,38.925724637681164,38.925724637681164,38.925724637681164,38.925724637681164,0.03410400500769861,0.04488711234116497,0.0,0.0,0.0,0.03410400500769861,0.3062999967369251
14.336,0.0,0.0,0.5346153622377354,0.0,0.0,0.04869362062385371,0.0,0.0,0.0,0.0,0.0,0.0,0.0,0.0,0.5,0.0,0.0,0.0,-0.05,0.0,0.0,0.0,38.925724637681164,38.925724637681164,38.925724637681164,38.925724637681164,0.034615362237735425,0.04869362062385371,0.0,0.0,0.0,0.034615362237735425,0.30024499574210495
14.344,0.0,0.0,0.5351244130080353,0.0,0.0,0.051681165756580244,0.0,0.0,0.0,0.0,0.0,0.0,0.0,0.0,0.5,0.0,0.0,0.0,-0.05,0.0,0.0,0.0,38.925724637681164,38.925724637681164,38.925724637681164,38.925724637681164,0.03512441300803526,0.051681165756580244,0.0,0.0,0.0,0.03512441300803526,0.3467450005700812
14.352,0.0,0.0,0.5356237849983138,0.0,0.0,0.05382923236222522,0.0,0.0,0.0,0.0,0.0,0.0,0.0,0.0,0.5,0.0,0.0,0.0,-0.05,0.0,0.0,0.0,38.925724637681164,38.925724637681164,38.925724637681164,38.925724637681164,0.03562378499831376,0.05382923236222522,0.0,0.0,0.0,0.03562378499831376,0.36354900657897815
14.36,0.0,0.0,0.5361061591578578,0.0,0.0,0.05512273987838143,0.0,0.0,0.0,0.0,0.0,0.0,0.0,0.0,0.5,0.0,0.0,0.0,-0.05,0.0,0.0,0.0,38.925724637681164,38.925724637681164,38.925724637681164,38.925724637681164,0.03610615915785775,0.05512273987838143,0.0,0.0,0.0,0.03610615915785775,0.35205700260121375
14.368,0.0,0.0,0.5365642696363117,0.0,0.0,0.05555095386405134,0.0,0.0,0.0,0.0,0.0,0.0,0.0,0.0,0.5,0.0,0.0,0.0,-0.05,0.0,0.0,0.0,38.925724637681164,38.925724637681164,38.925724637681164,38.925724637681164,0.03656426963631165,0.05555095386405134,0.0,0.0,0.0,0.03656426963631165,0.48072999925352633
14.376,0.0,0.0,0.5369909037145537,0.0,0.0,0.055106615047293764,0.0,0.0,0.0,0.0,0.0,0.0,0.0,0.0,0.5,0.0,0.0,0.0,-0.05,0.0,0.0,0.0,38.925724637681164,38.925724637681164,38.925724637681164,38.925724637681164,0.03699090371455371,0.055106615047293764,0.0,0.0,0.0,0.03699090371455371,0.25775100220926106
14.384,0.0,0.0,0.5373789017356627,0.0,0.0,0.05378524256555903,0.0,0.0,0.0,0.0,0.0,0.0,0.0,0.0,0.5,0.0,0.0,0.0,-0.05,0.0,0.0,0.0,38.925724637681164,38.925724637681164,38.925724637681164,38.925724637681164,0.03737890173566272,0.05378524256555903,0.0,0.0,0.0,0.03737890173566272,0.2543029986554757
14.392,0.0,0.0,0.5377211570359735,0.0,0.0,0.051584576560216526,0.0,0.0,0.0,0.0,0.0,0.0,0.0,0.0,0.5,0.0,0.0,0.0,-0.05,0.0,0.0,0.0,38.925724637681164,38.925724637681164,38.925724637681164,38.925724637681164,0.03772115703597345,0.051584576560216526,0.0,0.0,0.0,0.03772115703597345,0.3343330026837066
14.4,0.0,0.0,0.5380106158762225,0.0,0.0,0.04850413225439745,0.0,0.0,0.0,0.0,0.0,0.0,0.0,0.0,0.5,0.0,0.0,0.0,-0.05,0.0,0.0,0.0,38.925724637681164,38.925724637681164,38.925724637681164,38.925724637681164,0.03801061587622245,0.04850413225439745,0.0,0.0,0.0,0.03801061587622245,0.37983099900884554
14.408,0.0,0.0,0.5382465168160566,0.0,0.0,0.04470082929937277,0.0,0.0,0.0,0.0,0.0,0.0,0.0,0.0,0.5,0.0,0.0,0.0,-0.05,0.0,0.0,0.0,38.925724637681164,38.925724637681164,38.925724637681164,38.925724637681164,0.03824651681605662,0.04470082929937277,0.0,0.0,0.0,0.03824651681605662,0.3417269981582649
14.416,0.0,0.0,0.5384289294436096,0.0,0.0,0.040320979128323456,0.0,0.0,0.0,0.0,0.0,0.0,0.0,0.0,0.5,0.0,0.0,0.0,-0.05,0.0,0.0,0.0,38.925724637681164,38.925724637681164,38.925724637681164,38.925724637681164,0.03842892944360965,0.040320979128323456,0.0,0.0,0.0,0.03842892944360965,0.4377609948278405
14.424,0.0,0.0,0.538557923256599,0.0,0.0,0.03548162862739322,0.0,0.0,0.0,0.0,0.0,0.0,0.0,0.0,0.5,0.0,0.0,0.0,-0.05,0.0,0.0,0.0,38.925724637681164,38.925724637681164,38.925724637681164,38.925724637681164,0.038557923256599014,0.03548162862739322,0.0,0.0,0.0,0.038557923256599014,0.33039000118151307
14.432,0.0,0.0,0.5386335676624434,0.0,0.0,0.030276413048024354,0.0,0.0,0.0,0.0,0.0,0.0,0.0,0.0,0.5,0.0,0.0,0.0,-0.05,0.0,0.0,0.0,38.925724637681164,38.925724637681164,38.925724637681164,38.925724637681164,0.03863356766244341,0.030276413048024354,0.0,0.0,0.0,0.03863356766244341,0.37539199547609314
14.44,0.0,0.0,0.5386559319783799,0.0,0.0,0.02478023833683195,0.0,0.0,0.0,0.0,0.0,0.0,0.0,0.0,0.5,0.0,0.0,0.0,-0.05,0.0,0.0,0.0,38.925724637681164,38.925724637681164,38.925724637681164,38.925724637681164,0.03865593197837991,0.02478023833683195,0.0,0.0,0.0,0.03865593197837991,0.3111700061708689
14.448,0.0,0.0,0.5386250854315812,0.0,0.0,0.019053026999496993,0.0,0.0,0.0,0.0,0.0,0.0,0.0,0.0,0.5,0.0,0.0,0.0,-0.05,0.0,0.0,0.0,38.925724637681164,38.925724637681164,38.925724637681164,38.925724637681164,0.03862508543158116,0.019053026999496993,0.0,0.0,0.0,0.03862508543158116,0.3232219969504513
14.456,0.0,0.0,0.5385410971592727,0.0,0.0,0.013142714791885154,0.0,0.0,0.0,0.0,0.0,0.0,0.0,0.0,0.5,0.0,0.0,0.0,-0.05,0.0,0.0,0.0,38.925724637681164,38.925724637681164,38.925724637681164,38.925724637681164,0.038541097159272675,0.013142714791885154,0.0,0.0,0.0,0.038541097159272675,0.337033998221159
14.464,0.0,0.0,0.5384040362088494,0.0,0.0,0.007087648072925563,0.0,0.0,0.0,0.0,0.0,0.0,0.0,0.0,0.5,0.0,0.0,0.0,-0.05,0.0,0.0,0.0,38.925724637681164,38.925724637681164,38.925724637681164,38.925724637681164,0.03840403620884936,0.007087648072925563,0.0,0.0,0.0,0.03840403620884936,0.26053699548356235
14.472,0.0,0.0,0.5382139715379926,0.0,0.0,0.0009185016869198183,0.0,0.0,0.0,0.0,0.0,0.0,0.0,0.0,0.5,0.0,0.0,0.0,-0.05,0.0,0.0,0.0,38.925724637681164,38.925724637681164,38.925724637681164,38.925724637681164,0.03821397153799255,0.0009185016869198183,0.0,0.0,0.0,0.03821397153799255,0.24915999529184774
14.48,0.0,0.0,0.5379709720147862,0.0,0.0,-0.005340186730623181,0.0,0.0,0.0,0.0,0.0,0.0,0.0,0.0,0.5,0.0,0.0,0.0,-0.05,0.0,0.0,0.0,38.925724637681164,38.925724637681164,38.925724637681164,38.925724637681164,0.037970972014786164,0.005340186730623181,0.0,0.0,0.0,0.037970972014786164,0.24567399668740109
14.488,0.0,0.0,0.5376751064178337,0.0,0.0,-0.011668789308311703,0.0,0.0,0.0,0.0,0.0,0.0,0.0,0.0,0.5,0.0,0.0,0.0,-0.05,0.0,0.0,0.0,38.925724637681164,38.925724637681164,38.925724637681164,38.925724637681164,0.03767510641783367,0.011668789308311703,0.0,0.0,0.0,0.03767510641783367,0.19959099881816655
14.496,0.0,0.0,0.5373264434363738,0.0,0.0,-0.01805160598314482,0.0,0.0,0.0,0.0,0.0,0.0,0.0,0.0,0.5,0.0,0.0,0.0,-0.045914650774905974,0.0,0.0,0.0,39.6658241349808,39.6658241349808,39.6658241349808,39.6658241349808,0.03732644343637381,0.01805160598314482,0.0,0.0,0.0,0.03732644343637381,0.16586600395385176
14.504,0.0,0.0,0.5369321597276465,0.0,0.0,-0.024298377504699303,0.0,0.0,0.0,0.0,0.0,0.0,0.0,0.0,0.5,0.0,0.0,0.0,-0.03922402183528362,0.0,0.0,0.0,40.87789459505731,40.87789459505731,40.87789459505731,40.87789459505731,0.03693215972764652,0.024298377504699303,0.0,0.0,0.0,0.03693215972764652,0.13337499694898725
14.512,0.0,0.0,0.5364994663148804,0.0,0.0,-0.03025603732291031,0.0,0.0,0.0,0.0,0.0,0.0,0.0,0.0,0.5,0.0,0.0,0.0,-0.03273999778522396,0.0,0.0,0.0,42.0525366331116,42.0525366331116,42.0525366331116,42.0525366331116,0.036499466314880435,0.03025603732291031,0.0,0.0,0.0,0.036499466314880435,0.13851899711880833
14.52,0.0,0.0,0.5360356085426407,0.0,0.0,-0.03580127416432413,0.0,0.0,0.0,0.0,0.0,0.0,0.0,0.0,0.5,0.0,0.0,0.0,-0.02659126841486381,0.0,0.0,0.0,43.16643688136525,43.16643688136525,43.16643688136525,43.16643688136525,0.03603560854264065,0.03580127416432413,0.0,0.0,0.0,0.03603560854264065,0.4339739971328527
14.528,0.0,0.0,0.5355478660322349,0.0,0.0,-0.04083458209160122,0.0,0.0,0.0,0.0,0.0,0.0,0.0,0.0,0.5,0.0,0.0,0.0,-0.020887258955348487,0.0,0.0,0.0,44.1997719283789,44.1997719283789,44.1997719283789,44.1997719283789,0.03554786603223492,0.04083458209160122,0.0,0.0,0.0,0.03554786603223492,0.13613700139103457
14.536,0.0,0.0,0.5350435526371775,0.0,0.0,-0.04527550054971761,0.0,0.0,0.0,0.0,0.0,0.0,0.0,0.0,0.5,0.0,0.0,0.0,-0.015717782728649765,0.0,0.0,0.0,45.136271244809826,45.136271244809826,45.136271244809826,45.136271244809826,0.03504355263717751,0.04527550054971761,0.0,0.0,0.0,0.03504355263717751,0.1277939954889007
14.544,0.0,0.0,0.5345300163987112,0.0,0.0,-0.04905880640142973,0.0,0.0,0.0,0.0,0.0,0.0,0.0,0.0,0.5,0.0,0.0,0.0,-0.011158655255304906,0.0,0.0,0.0,45.962200134908535,45.962200134908535,45.962200134908535,45.962200134908535,0.03453001639871123,0.04905880640142973,0.0,0.0,0.0,0.03453001639871123,0.13217499508755282
14.552,0.0,0.0,0.5340146395013871,0.0,0.0,-0.052131467554249494,0.0,0.0,0.0,0.0,0.0,0.0,0.0,0.0,0.5,0.0,0.0,0.0,-0.007274982852715217,0.0,0.0,0.0,46.66576397595739,46.66576397595739,46.66576397595739,46.66576397595739,0.034014639501387056,0.052131467554249494,0.0,0.0,0.0,0.034014639501387056,0.11218099825782701
14.56,0.0,0.0,0.5335048382287014,0.0,0.0,-0.05445020586053888,0.0,0.0,0.0,0.0,0.0,0.0,0.0,0.0,0.5,0.0,0.0,0.0,-0.00412009624521692,0.0,0.0,0.0,47.23730140485201,47.23730140485201,47.23730140485201,47.23730140485201,0.03350483822870143,0.05445020586053888,0.0,0.0,0.0,0.03350483822870143,0.11676500434987247
14.568,0.0,0.0,0.5330080629187914,0.0,0.0,-0.055979547436182255,0.0,0.0,0.0,0.0,0.0,0.0,0.0,0.0,0.5,0.0,0.0,0.0,-0.001742415960577226,0.0,0.0,0.0,47.66804058685195,47.66804058685195,47.66804058685195,47.66804058685195,0.033008062918791437,0.055979547436182255,0.0,0.0,0.0,0.033008062918791437,0.12360499385977164
14.576,0.0,0.0,0.5325317979201871,0.0,0.0,-0.05669026291405233,0.0,0.0,0.0,0.0,0.0,0.0,0.0,0.0,0.5,0.0,0.0,0.0,-0.00018366963717886264,0.0,0.0,0.0,47.95042216717774,47.95042216717774,47.95042216717774,47.95042216717774,0.03253179792018712,0.05669026291405233,0.0,0.0,0.0,0.03253179792018712,0.20353500440251082
14.584,0.0,0.0,0.5320835615476218,0.0,0.0,-0.056558119645375673,0.0,0.0,0.0,0.0,0.0,0.0,0.0,0.0,0.5,0.0,0.0,0.0,0.000519120909799442,0.0,0.0,0.0,48.07773929525352,48.07773929525352,48.07773929525352,48.07773929525352,0.03208356154762182,0.056558119645375673,0.0,0.0,0.0,0.03208356154762182,0.21215499873505905
14.592,0.0,0.0,0.5316709060378996,0.0,0.0,-0.0555628834593556,0.0,0.0,0.0,0.0,0.0,0.0,0.0,0.0,0.5,0.0,0.0,0.0,0.0003326858071568406,0.0,0.0,0.0,48.04396482013711,48.04396482013711,48.04396482013711,48.04396482013711,0.03167090603789957,0.0555628834593556,0.0,0.0,0.0,0.03167090603789957,0.22967500262893736
14.6,0.0,0.0,0.5313014175058198,0.0,0.0,-0.05368752006947907,0.0,0.0,0.0,0.0,0.0,0.0,0.0,0.0,0.5,0.0,0.0,0.0,-0.0007732546599453771,0.0,0.0,0.0,47.843613286241784,47.843613286241784,47.843613286241784,47.843613286241784,0.03130141750581983,0.05368752006947907,0.0,0.0,0.0,0.03130141750581983,0.14955100050428882
14.608,0.0,0.0,0.5309827159001597,0.0,0.0,-0.0509175561970865,0.0,0.0,0.0,0.0,0.0,0.0,0.0,0.0,0.5,0.0,0.0,0.0,-0.0028265994775760195,0.0,0.0,0.0,47.47163052942464,47.47163052942464,47.47163052942464,47.47163052942464,0.030982715900159663,0.0509175561970865,0.0,0.0,0.0,0.030982715900159663,0.11742799688363448
14.616,0.0,0.0,0.530722454959713,0.0,0.0,-0.04724056846883546,0.0,0.0,0.0,0.0,0.0,0.0,0.0,0.0,0.5,0.0,0.0,0.0,-0.005853354432212687,0.0,0.0,0.0,46.92330535648321,46.92330535648321,46.92330535648321,46.92330535648321,0.03072245495971304,0.04724056846883546,0.0,0.0,0.0,0.03072245495971304,0.11415300104999915
14.624,0.0,0.0,0.5305283221693872,0.0,0.0,-0.04264577453321468,0.0,0.0,0.0,0.0,0.0,0.0,0.0,0.0,0.5,0.0,0.0,0.0,-0.009879696567384855,0.0,0.0,0.0,46.1938955493868,46.1938955493868,46.1938955493868,46.1938955493868,0.030528322169387168,0.04264577453321468,0.0,0.0,0.0,0.030528322169387168,0.09961499745259061
14.632,0.0,0.0,0.5304080387163561,0.0,0.0,-0.03712370595234848,0.0,0.0,0.0,0.0,0.0,0.0,0.0,0.0,0.5,0.0,0.0,0.0,-0.014925381619284472,0.0,0.0,0.0,45.27982217041948,45.27982217041948,45.27982217041948,45.27982217041948,0.03040803871635611,0.03712370595234848,0.0,0.0,0.0,0.03040803871635611,0.10416300210636109
14.64,0.0,0.0,0.5303693594462711,0.0,0.0,-0.03066594651400496,0.0,0.0,0.0,0.0,0.0,0.0,0.0,0.0,0.5,0.0,0.0,0.0,-0.02101459197064437,0.0,0.0,0.0,44.17670435314414,44.17670435314414,44.17670435314414,44.17670435314414,0.03036935944627106,0.03066594651400496,0.0,0.0,0.0,0.03036935944627106,0.1170920004369691
14.648,0.0,0.0,0.5304200728195277,0.0,0.0,-0.023264922879786747,0.0,0.0,0.0,0.0,0.0,0.0,0.0,0.0,0.5,0.0,0.0,0.0,-0.028168120867402058,0.0,0.0,0.0,42.88077520518079,42.88077520518079,42.88077520518079,42.88077520518079,0.030420072819527744,0.023264922879786747,0.0,0.0,0.0,0.030420072819527744,0.1164940040325746
14.656,0.0,0.0,0.5305521681984245,0.0,0.0,-0.015309553831409728,0.0,0.0,0.0,0.0,0.0,0.0,0.0,0.0,0.5,0.0,0.0,0.0,-0.03600216657603372,0.0,0.0,0.0,41.46156402608085,41.46156402608085,41.46156402608085,41.46156402608085,0.030552168198424545,0.015309553831409728,0.0,0.0,0.0,0.030552168198424545,0.11036399519070983
14.664,0.0,0.0,0.5307576890442011,0.0,0.0,-0.007109621920714242,0.0,0.0,0.0,0.0,0.0,0.0,0.0,0.0,0.5,0.0,0.0,0.0,-0.04420531989484422,0.0,0.0,0.0,39.97548552629634,39.97548552629634,39.97548552629634,39.97548552629634,0.030757689044201064,0.007109621920714242,0.0,0.0,0.0,0.030757689044201064,0.11063900456065312
14.672,0.0,0.0,0.5310287328467469,0.0,0.0,0.0010883975270736977,0.0,0.0,0.0,0.0,0.0,0.0,0.0,0.0,0.5,0.0,0.0,0.0,-0.05,0.0,0.0,0.0,38.925724637681164,38.925724637681164,38.925724637681164,38.925724637681164,0.031028732846746898,0.0010883975270736977,0.0,0.0,0.0,0.031028732846746898,0.11174000246683136
14.68,0.0,0.0,0.531357451054402,0.0,0.0,0.009088673213037888,0.0,0.0,0.0,0.0,0.0,0.0,0.0,0.0,0.5,0.0,0.0,0.0,-0.05,0.0,0.0,0.0,38.925724637681164,38.925724637681164,38.925724637681164,38.925724637681164,0.03135745105440202,0.009088673213037888,0.0,0.0,0.0,0.03135745105440202,0.16407100338255987
14.688,0.0,0.0,0.531736049003848,0.0,0.0,0.016735887306577924,0.0,0.0,0.0,0.0,0.0,0.0,0.0,0.0,0.5,0.0,0.0,0.0,-0.05,0.0,0.0,0.0,38.925724637681164,38.925724637681164,38.925724637681164,38.925724637681164,0.031736049003847966,0.016735887306577924,0.0,0.0,0.0,0.031736049003847966,0.1705899994703941
14.696,0.0,0.0,0.5321567858500904,0.0,0.0,0.02390713100132455,0.0,0.0,0.0,0.0,0.0,0.0,0.0,0.0,0.5,0.0,0.0,0.0,-0.05,0.0,0.0,0.0,38.925724637681164,38.925724637681164,38.925724637681164,38.925724637681164,0.03215678585009041,0.02390713100132455,0.0,0.0,0.0,0.03215678585009041,0.20009199943160638
14.704,0.0,0.0,0.5326119744965329,0.0,0.0,0.03050542096211963,0.0,0.0,0.0,0.0,0.0,0.0,0.0,0.0,0.5,0.0,0.0,0.0,-0.05,0.0,0.0,0.0,38.925724637681164,38.925724637681164,38.925724637681164,38.925724637681164,0.03261197449653286,0.03050542096211963,0.0,0.0,0.0,0.03261197449653286,0.23152699577622116
14.712,0.0,0.0,0.5330939815251408,0.0,0.0,0.03645451248489454,0.0,0.0,0.0,0.0,0.0,0.0,0.0,0.0,0.5,0.0,0.0,0.0,-0.05,0.0,0.0,0.0,38.925724637681164,38.925724637681164,38.925724637681164,38.925724637681164,0.03309398152514076,0.03645451248489454,0.0,0.0,0.0,0.03309398152514076,0.345152999216225
14.72,0.0,0.0,0.5335952271266968,0.0,0.0,0.041694750026815885,0.0,0.0,0.0,0.0,0.0,0.0,0.0,0.0,0.5,0.0,0.0,0.0,-0.05,0.0,0.0,0.0,38.925724637681164,38.925724637681164,38.925724637681164,38.925724637681164,0.033595227126696825,0.041694750026815885,0.0,0.0,0.0,0.033595227126696825,0.3108489981968887
14.728,0.0,0.0,0.5341081850311465,0.0,0.0,0.046179747632697075,0.0,0.0,0.0,0.0,0.0,0.0,0.0,0.0,0.5,0.0,0.0,0.0,-0.05,0.0,0.0,0.0,38.925724637681164,38.925724637681164,38.925724637681164,38.925724637681164,0.03410818503114654,0.046179747632697075,0.0,0.0,0.0,0.03410818503114654,0.31883200426818803
14.736,0.0,0.0,0.5346253824380345,0.0,0.0,0.04987373327835464,0.0,0.0,0.0,0.0,0.0,0.0,0.0,0.0,0.5,0.0,0.0,0.0,-0.05,0.0,0.0,0.0,38.925724637681164,38.925724637681164,38.925724637681164,38.925724637681164,0.03462538243803448,0.04987373327835464,0.0,0.0,0.0,0.03462538243803448,0.3057449939660728
14.744,0.0,0.0,0.5351393999470307,0.0,0.0,0.05274942434759181,0.0,0.0,0.0,0.0,0.0,0.0,0.0,0.0,0.5,0.0,0.0,0.0,-0.05,0.0,0.0,0.0,38.925724637681164,38.925724637681164,38.925724637681164,38.925724637681164,0.03513939994703075,0.05274942434759181,0.0,0.0,0.0,0.03513939994703075,0.32391999411629513
14.752,0.0,0.0,0.5356428714885482,0.0,0.0,0.05478632801600753,0.0,0.0,0.0,0.0,0.0,0.0,0.0,0.0,0.5,0.0,0.0,0.0,-0.05,0.0,0.0,0.0,38.925724637681164,38.925724637681164,38.925724637681164,38.925724637681164,0.03564287148854817,0.05478632801600753,0.0,0.0,0.0,0.03564287148854817,0.3065010023419745
14.76,0.0,0.0,0.536128484254449,0.0,0.0,0.05596938156032904,0.0,0.0,0.0,0.0,0.0,0.0,0.0,0.0,0.5,0.0,0.0,0.0,-0.05,0.0,0.0,0.0,38.925724637681164,38.925724637681164,38.925724637681164,38.925724637681164,0.036128484254449034,0.05596938156032904,0.0,0.0,0.0,0.036128484254449034,0.4043180015287362
14.768,0.0,0.0,0.5365889786288423,0.0,0.0,0.05628786460809236,0.0,0.0,0.0,0.0,0.0,0.0,0.0,0.0,0.5,0.0,0.0,0.0,-0.05,0.0,0.0,0.0,38.925724637681164,38.925724637681164,38.925724637681164,38.925724637681164,0.03658897862884225,0.05628786460809236,0.0,0.0,0.0,0.03658897862884225,0.3347429956193082
14.776,0.0,0.0,0.5370171481189701,0.0,0.0,0.05573452893967021,0.0,0.0,0.0,0.0,0.0,0.0,0.0,0.0,0.5,0.0,0.0,0.0,-0.05,0.0,0.0,0.0,38.925724637681164,38.925724637681164,38.925724637681164,38.925724637681164,0.037017148118970056,0.05573452893967021,0.0,0.0,0.0,0.037017148118970056,0.2938070028903894
14.784,0.0,0.0,0.5374058392861852,0.0,0.0,0.05430490233211465,0.0,0.0,0.0,0.0,0.0,0.0,0.0,0.0,0.5,0.0,0.0,0.0,-0.05,0.0,0.0,0.0,38.925724637681164,38.925724637681164,38.925724637681164,38.925724637681164,0.03740583928618524,0.05430490233211465,0.0,0.0,0.0,0.03740583928618524,0.28092999855289236
14.792,0.0,0.0,0.5377479516770173,0.0,0.0,0.05199673163649364,0.0,0.0,0.0,0.0,0.0,0.0,0.0,0.0,0.5,0.0,0.0,0.0,-0.05,0.0,0.0,0.0,38.925724637681164,38.925724637681164,38.925724637681164,38.925724637681164,0.03774795167701728,0.05199673163649364,0.0,0.0,0.0,0.03774795167701728,0.3997470048489049
14.8,0.0,0.0,0.5380364377543284,0.0,0.0,0.04880953724197246,0.0,0.0,0.0,0.0,0.0,0.0,0.0,0.0,0.5,0.0,0.0,0.0,-0.05,0.0,0.0,0.0,38.925724637681164,38.925724637681164,38.925724637681164,38.925724637681164,0.03803643775432841,0.04880953724197246,0.0,0.0,0.0,0.03803643775432841,0.3961850015912205
14.808,0.0,0.0,0.538271367195142,0.0,0.0,0.04492086581391869,0.0,0.0,0.0,0.0,0.0,0.0,0.0,0.0,0.5,0.0,0.0,0.0,-0.05,0.0,0.0,0.0,38.925724637681164,38.925724637681164,38.925724637681164,38.925724637681164,0.038271367195142014,0.04492086581391869,0.0,0.0,0.0,0.038271367195142014,0.35632499930216
14.816,0.0,0.0,0.5384528095859497,0.0,0.0,0.04047275242132545,0.0,0.0,0.0,0.0,0.0,0.0,0.0,0.0,0.5,0.0,0.0,0.0,-0.05,0.0,0.0,0.0,38.925724637681164,38.925724637681164,38.925724637681164,38.925724637681164,0.038452809585949654,0.04047275242132545,0.0,0.0,0.0,0.038452809585949654,0.3351560008013621
14.824,0.0,0.0,0.5385808344228287,0.0,0.0,0.03557882285903609,0.0,0.0,0.0,0.0,0.0,0.0,0.0,0.0,0.5,0.0,0.0,0.0,-0.05,0.0,0.0,0.0,38.925724637681164,38.925724637681164,38.925724637681164,38.925724637681164,0.03858083442282867,0.03557882285903609,0.0,0.0,0.0,0.03858083442282867,0.35055999614996836
14.832,0.0,0.0,0.5386555111115597,0.0,0.0,0.030329975505505362,0.0,0.0,0.0,0.0,0.0,0.0,0.0,0.0,0.5,0.0,0.0,0.0,-0.05,0.0,0.0,0.0,38.925724637681164,38.925724637681164,38.925724637681164,38.925724637681164,0.03865551111155974,0.030329975505505362,0.0,0.0,0.0,0.03865551111155974,0.30696599424118176
14.84,0.0,0.0,0.5386769089677441,0.0,0.0,0.024798926809013844,0.0,0.0,0.0,0.0,0.0,0.0,0.0,0.0,0.5,0.0,0.0,0.0,-0.05,0.0,0.0,0.0,38.925724637681164,38.925724637681164,38.925724637681164,38.925724637681164,0.03867690896774412,0.024798926809013844,0.0,0.0,0.0,0.03867690896774412,0.3677869972307235
14.848,0.0,0.0,0.5386450972169208,0.0,0.0,0.019043847676627652,0.0,0.0,0.0,0.0,0.0,0.0,0.0,0.0,0.5,0.0,0.0,0.0,-0.05,0.0,0.0,0.0,38.925724637681164,38.925724637681164,38.925724637681164,38.925724637681164,0.038645097216920776,0.019043847676627652,0.0,0.0,0.0,0.038645097216920776,0.35884899989468977
14.856,0.0,0.0,0.5385601449946836,0.0,0.0,0.013111272585373273,0.0,0.0,0.0,0.0,0.0,0.0,0.0,0.0,0.5,0.0,0.0,0.0,-0.05,0.0,0.0,0.0,38.925724637681164,38.925724637681164,38.925724637681164,38.925724637681164,0.03856014499468363,0.013111272585373273,0.0,0.0,0.0,0.03856014499468363,0.29183000151533633
14.864,0.0,0.0,0.5384221213467982,0.0,0.0,0.0070384268711640285,0.0,0.0,0.0,0.0,0.0,0.0,0.0,0.0,0.5,0.0,0.0,0.0,-0.05,0.0,0.0,0.0,38.925724637681164,38.925724637681164,38.925724637681164,38.925724637681164,0.03842212134679823,0.0070384268711640285,0.0,0.0,0.0,0.03842212134679823,0.24116900021908805
14.872,0.0,0.0,0.5382310952293184,0.0,0.0,0.0008550885599360293,0.0,0.0,0.0,0.0,0.0,0.0,0.0,0.0,0.5,0.0,0.0,0.0,-0.05,0.0,0.0,0.0,38.925724637681164,38.925724637681164,38.925724637681164,38.925724637681164,0.038231095229318446,0.0008550885599360293,0.0,0.0,0.0,0.038231095229318446,0.2988880005432293
14.88,0.0,0.0,0.5379871355087031,0.0,0.0,-0.005414922167433131,0.0,0.0,0.0,0.0,0.0,0.0,0.0,0.0,0.5,0.0,0.0,0.0,-0.05,0.0,0.0,0.0,38.925724637681164,38.925724637681164,38.925724637681164,38.925724637681164,0.03798713550870314,0.005414922167433131,0.0,0.0,0.0,0.03798713550870314,0.246620002144482
14.888,0.0,0.0,0.5376903109619324,0.0,0.0,-0.01175255140321515,0.0,0.0,0.0,0.0,0.0,0.0,0.0,0.0,0.5,0.0,0.0,0.0,-0.05,0.0,0.0,0.0,38.925724637681164,38.925724637681164,38.925724637681164,38.925724637681164,0.03769031096193243,0.01175255140321515,0.0,0.0,0.0,0.03769031096193243,0.241062996792607
14.896,0.0,0.0,0.5373406902766242,0.0,0.0,-0.01814255825527599,0.0,0.0,0.0,0.0,0.0,0.0,0.0,0.0,0.5,0.0,0.0,0.0,-0.04585418092260418,0.0,0.0,0.0,39.67677881836881,39.67677881836881,39.67677881836881,39.67677881836881,0.03734069027662423,0.01814255825527599,0.0,0.0,0.0,0.03734069027662423,0.2191439998568967
14.904,0.0,0.0,0.5369454501083996,0.0,0.0,-0.024395050809838767,0.0,0.0,0.0,0.0,0.0,0.0,0.0,0.0,0.5,0.0,0.0,0.0,-0.03915636750065732,0.0,0.0,0.0,40.890150815098316,40.890150815098316,40.890150815098316,40.890150815098316,0.03694545010839956,0.024395050809838767,0.0,0.0,0.0,0.03694545010839956,0.15495499974349514
14.912,0.0,0.0,0.5365118014788702,0.0,0.0,-0.03035725638610296,0.0,0.0,0.0,0.0,0.0,0.0,0.0,0.0,0.5,0.0,0.0,0.0,-0.0326657652377641,0.0,0.0,0.0,42.06598455837607,42.06598455837607,42.06598455837607,42.06598455837607,0.03651180147887023,0.03035725638610296,0.0,0.0,0.0,0.03651180147887023,0.1750089941197075
14.92,0.0,0.0,0.5360469897309866,0.0,0.0,-0.03590609880597359,0.0,0.0,0.0,0.0,0.0,0.0,0.0,0.0,0.5,0.0,0.0,0.0,-0.026512306471062508,0.0,0.0,0.0,43.18074158132926,43.18074158132926,43.18074158132926,43.18074158132926,0.036046989730986634,0.03590609880597359,0.0,0.0,0.0,0.036046989730986634,0.20242100436007604
14.928,0.0,0.0,0.5355582944844439,0.0,0.0,-0.04094226020834536,0.0,0.0,0.0,0.0,0.0,0.0,0.0,0.0,0.5,0.0,0.0,0.0,-0.02080381189061642,0.0,0.0,0.0,44.21488915025065,44.21488915025065,44.21488915025065,44.21488915025065,0.03555829448444392,0.04094226020834536,0.0,0.0,0.0,0.03555829448444392,0.16797300486359745
14.936,0.0,0.0,0.5350530295911459,0.0,0.0,-0.04538543049912898,0.0,0.0,0.0,0.0,0.0,0.0,0.0,0.0,0.5,0.0,0.0,0.0,-0.01563042775557255,0.0,0.0,0.0,45.15209642109193,45.15209642109193,45.15209642109193,45.15209642109193,0.03505302959114587,0.04538543049912898,0.0,0.0,0.0,0.03505302959114587,0.14408699644263834
14.944,0.0,0.0,0.5345385430907269,0.0,0.0,-0.04917050690977587,0.0,0.0,0.0,0.0,0.0,0.0,0.0,0.0,0.5,0.0,0.0,0.0,-0.011067853834062946,0.0,0.0,0.0,45.97864966774222,45.97864966774222,45.97864966774222,45.97864966774222,0.0345385430907269,0.04917050690977587,0.0,0.0,0.0,0.0345385430907269,0.13261300045996904
14.952,0.0,0.0,0.5340222171661317,0.0,0.0,-0.052244553642701176,0.0,0.0,0.0,0.0,0.0,0.0,0.0,0.0,0.5,0.0,0.0,0.0,-0.007181106453528985,0.0,0.0,0.0,46.68277057001286,46.68277057001286,46.68277057001286,46.68277057001286,0.03402221716613174,0.052244553642701176,0.0,0.0,0.0,0.03402221716613174,0.13930199929745868
14.96,0.0,0.0,0.5335114680992525,0.0,0.0,-0.05456436958613955,0.0,0.0,0.0,0.0,0.0,0.0,0.0,0.0,0.5,0.0,0.0,0.0,-0.0040234390749142035,0.0,0.0,0.0,47.254811761790904,47.254811761790904,47.254811761790904,47.254811761790904,0.03351146809925254,0.05456436958613955,0.0,0.0,0.0,0.03351146809925254,0.1293359964620322
14.968,0.0,0.0,0.5330137462266242,0.0,0.0,-0.056094542484620744,0.0,0.0,0.0,0.0,0.0,0.0,0.0,0.0,0.5,0.0,0.0,0.0,-0.001643215281643573,0.0,0.0,0.0,47.686011724339934,47.686011724339934,47.686011724339934,47.686011724339934,0.03301374622662423,0.056094542484620744,0.0,0.0,0.0,0.03301374622662423,0.11622700549196452
14.976,0.0,0.0,0.5325365358951768,0.0,0.0,-0.05680589227388103,0.0,0.0,0.0,0.0,0.0,0.0,0.0,0.0,0.5,0.0,0.0,0.0,-8.211568002236547e-05,0.0,0.0,0.0,47.96881962318435,47.96881962318435,47.96881962318435,47.96881962318435,0.0325365358951768,0.05680589227388103,0.0,0.0,0.0,0.0325365358951768,0.11232499673496932
14.984,0.0,0.0,0.5320873554180455,0.0,0.0,-0.056674225747387875,0.0,0.0,0.0,0.0,0.0,0.0,0.0,0.0,0.5,0.0,0.0,0.0,0.0006228755470560898,0.0,0.0,0.0,48.09653542519132,48.09653542519132,48.09653542519132,48.09653542519132,0.03208735541804553,0.056674225747387875,0.0,0.0,0.0,0.03208735541804553,0.1463530061300844
14.992,0.0,0.0,0.5316737570304386,0.0,0.0,-0.055679340288081795,0.0,0.0,0.0,0.0,0.0,0.0,0.0,0.0,0.5,0.0,0.0,0.0,0.0004385186327574564,0.0,0.0,0.0,48.06313743347056,48.06313743347056,48.06313743347056,48.06313743347056,0.03167375703043862,0.055679340288081795,0.0,0.0,0.0,0.03167375703043862,0.1383179987897165
15.0,0.0,0.0,0.5313033268455617,0.0,0.0,-0.053804226852389565,0.0,0.0,0.0,0.0,0.0,0.0,0.0,0.0,0.5,0.0,0.0,0.0,-0.0006654420521230442,0.0,0.0,0.0,47.86314455577481,47.86314455577481,47.86314455577481,47.86314455577481,0.031303326845561696,0.053804226852389565,0.0,0.0,0.0,0.031303326845561696,0.12691700248979032
15.008000000000001,0.0,0.0,0.5309836848106,0.0,0.0,-0.05103443235595349,0.0,0.0,0.0,0.0,0.0,0.0,0.0,0.0,0.5,0.0,0.0,0.0,-0.0027168862246051972,0.0,0.0,0.0,47.491506118730946,47.491506118730946,47.491506118730946,47.491506118730946,0.030983684810599987,0.05103443235595349,0.0,0.0,0.0,0.030983684810599987,0.3024179968633689
15.016,0.0,0.0,0.5307224846627578,0.0,0.0,-0.04735754958081712,0.0,0.0,0.0,0.0,0.0,0.0,0.0,0.0,0.5,0.0,0.0,0.0,-0.005741804255404825,0.0,0.0,0.0,46.943513721846955,46.943513721846955,46.943513721846955,46.943513721846955,0.030722484662757843,0.04735754958081712,0.0,0.0,0.0,0.030722484662757843,0.22527600231114775
15.024000000000001,0.0,0.0,0.5305274138853548,0.0,0.0,-0.04276280909972802,0.0,0.0,0.0,0.0,0.0,0.0,0.0,0.0,0.5,0.0,0.0,0.0,-0.009766365620250905,0.0,0.0,0.0,46.21442651807049,46.21442651807049,46.21442651807049,46.21442651807049,0.030527413885354848,0.04276280909972802,0.0,0.0,0.0,0.030527413885354848,0.14871299936203286
15.032,0.0,0.0,0.5304061936639795,0.0,0.0,-0.03724075281416764,0.0,0.0,0.0,0.0,0.0,0.0,0.0,0.0,0.5,0.0,0.0,0.0,-0.01481030671368544,0.0,0.0,0.0,45.300669073607715,45.300669073607715,45.300669073607715,45.300669073607715,0.030406193663979453,0.03724075281416764,0.0,0.0,0.0,0.030406193663979453,0.11715000437106937
15.040000000000001,0.0,0.0,0.5303665788426994,0.0,0.0,-0.03078297278333424,0.0,0.0,0.0,0.0,0.0,0.0,0.0,0.0,0.5,0.0,0.0,0.0,-0.020897806676773323,0.0,0.0,0.0,44.1978611092802,44.1978611092802,44.1978611092802,44.1978611092802,0.030366578842699443,0.03078297278333424,0.0,0.0,0.0,0.030366578842699443,0.1099479995900765
15.048,0.0,0.0,0.5304163578803289,0.0,0.0,-0.023381902285930192,0.0,0.0,0.0,0.0,0.0,0.0,0.0,0.0,0.5,0.0,0.0,0.0,-0.02804964769909335,0.0,0.0,0.0,42.9022377356715,42.9022377356715,42.9022377356715,42.9022377356715,0.030416357880328926,0.023381902285930192,0.0,0.0,0.0,0.030416357880328926,0.11909800377907231
15.056000000000001,0.0,0.0,0.530547520137587,0.0,0.0,-0.015426465397292869,0.0,0.0,0.0,0.0,0.0,0.0,0.0,0.0,0.5,0.0,0.0,0.0,-0.03588203256600009,0.0,0.0,0.0,41.483327433695635,41.483327433695635,41.483327433695635,41.483327433695635,0.030547520137586992,0.015426465397292869,0.0,0.0,0.0,0.030547520137586992,0.13328000204637647
15.064,0.0,0.0,0.530752109074136,0.0,0.0,-0.007226448904109856,0.0,0.0,0.0,0.0,0.0,0.0,0.0,0.0,0.5,0.0,0.0,0.0,-0.04408354328064856,0.0,0.0,0.0,39.99754650712888,39.99754650712888,39.99754650712888,39.99754650712888,0.030752109074135947,0.007226448904109856,0.0,0.0,0.0,0.030752109074135947,0.1191810006275773
15.072000000000001,0.0,0.0,0.5310222221782901,0.0,0.0,0.000971668480565009,0.0,0.0,0.0,0.0,0.0,0.0,0.0,0.0,0.5,0.0,0.0,0.0,-0.05,0.0,0.0,0.0,38.925724637681164,38.925724637681164,38.925724637681164,38.925724637681164,0.031022222178290093,0.000971668480565009,0.0,0.0,0.0,0.031022222178290093,0.1107420030166395
15.08,0.0,0.0,0.531350010896816,0.0,0.0,0.008972052747600434,0.0,0.0,0.0,0.0,0.0,0.0,0.0,0.0,0.5,0.0,0.0,0.0,-0.05,0.0,0.0,0.0,38.925724637681164,38.925724637681164,38.925724637681164,38.925724637681164,0.031350010896815994,0.008972052747600434,0.0,0.0,0.0,0.031350010896815994,0.20079300156794488
15.088000000000001,0.0,0.0,0.531727680564824,0.0,0.0,0.016619383898279473,0.0,0.0,0.0,0.0,0.0,0.0,0.0,0.0,0.5,0.0,0.0,0.0,-0.05,0.0,0.0,0.0,38.925724637681164,38.925724637681164,38.925724637681164,38.925724637681164,0.031727680564824,0.016619383898279473,0.0,0.0,0.0,0.031727680564824,0.17304900393355638
15.096,0.0,0.0,0.5321474903357508,0.0,0.0,0.023790751391795126,0.0,0.0,0.0,0.0,0.0,0.0,0.0,0.0,0.5,0.0,0.0,0.0,-0.05,0.0,0.0,0.0,38.925724637681164,38.925724637681164,38.925724637681164,38.925724637681164,0.03214749033575082,0.023790751391795126,0.0,0.0,0.0,0.03214749033575082,0.1998980005737394
15.104000000000001,0.0,0.0,0.5326017531114327,0.0,0.0,0.030389170505480713,0.0,0.0,0.0,0.0,0.0,0.0,0.0,0.0,0.5,0.0,0.0,0.0,-0.05,0.0,0.0,0.0,38.925724637681164,38.925724637681164,38.925724637681164,38.925724637681164,0.03260175311143265,0.030389170505480713,0.0,0.0,0.0,0.03260175311143265,0.24148300144588575
15.112,0.0,0.0,0.53308283547227,0.0,0.0,0.036338395425319046,0.0,0.0,0.0,0.0,0.0,0.0,0.0,0.0,0.5,0.0,0.0,0.0,-0.05,0.0,0.0,0.0,38.925724637681164,38.925724637681164,38.925724637681164,38.925724637681164,0.03308283547226998,0.036338395425319046,0.0,0.0,0.0,0.03308283547226998,0.2670620015123859
15.120000000000001,0.0,0.0,0.5335831576074824,0.0,0.0,0.04157876972056508,0.0,0.0,0.0,0.0,0.0,0.0,0.0,0.0,0.5,0.0,0.0,0.0,-0.05,0.0,0.0,0.0,38.925724637681164,38.925724637681164,38.925724637681164,38.925724637681164,0.03358315760748243,0.04157876972056508,0.0,0.0,0.0,0.03358315760748243,0.28016800206387416
15.128,0.0,0.0,0.5340951932454544,0.0,0.0,0.04606390672575285,0.0,0.0,0.0,0.0,0.0,0.0,0.0,0.0,0.5,0.0,0.0,0.0,-0.05,0.0,0.0,0.0,38.925724637681164,38.925724637681164,38.925724637681164,38.925724637681164,0.0340951932454544,0.04606390672575285,0.0,0.0,0.0,0.0340951932454544,0.2979260025313124
15.136000000000001,0.0,0.0,0.5346114695841715,0.0,0.0,0.04975803384852814,0.0,0.0,0.0,0.0,0.0,0.0,0.0,0.0,0.5,0.0,0.0,0.0,-0.05,0.0,0.0,0.0,38.925724637681164,38.925724637681164,38.925724637681164,38.925724637681164,0.034611469584171495,0.04975803384852814,0.0,0.0,0.0,0.034611469584171495,0.35365599615033716
15.144,0.0,0.0,0.535124567221747,0.0,0.0,0.052633868018210295,0.0,0.0,0.0,0.0,0.0,0.0,0.0,0.0,0.5,0.0,0.0,0.0,-0.05,0.0,0.0,0.0,38.925724637681164,38.925724637681164,38.925724637681164,38.925724637681164,0.03512456722174695,0.052633868018210295,0.0,0.0,0.0,0.03512456722174695,0.3392750004422851
15.152000000000001,0.0,0.0,0.5356271200870386,0.0,0.0,0.05467091604685836,0.0,0.0,0.0,0.0,0.0,0.0,0.0,0.0,0.5,0.0,0.0,0.0,-0.05,0.0,0.0,0.0,38.925724637681164,38.925724637681164,38.925724637681164,38.925724637681164,0.03562712008703861,0.05467091604685836,0.0,0.0,0.0,0.03562712008703861,0.35486699925968423
15.16,0.0,0.0,0.5361118153703558,0.0,0.0,0.055854114920417586,0.0,0.0,0.0,0.0,0.0,0.0,0.0,0.0,0.5,0.0,0.0,0.0,-0.05,0.0,0.0,0.0,38.925724637681164,38.925724637681164,38.925724637681164,38.925724637681164,0.03611181537035579,0.055854114920417586,0.0,0.0,0.0,0.03611181537035579,0.3155390004394576
15.168000000000001,0.0,0.0,0.5365713934542564,0.0,0.0,0.05617274403384841,0.0,0.0,0.0,0.0,0.0,0.0,0.0,0.0,0.5,0.0,0.0,0.0,-0.05,0.0,0.0,0.0,38.925724637681164,38.925724637681164,38.925724637681164,38.925724637681164,0.03657139345425642,0.05617274403384841,0.0,0.0,0.0,0.03657139345425642,0.2895090001402423
15.176,0.0,0.0,0.536998647844434,0.0,0.0,0.055619554981518535,0.0,0.0,0.0,0.0,0.0,0.0,0.0,0.0,0.5,0.0,0.0,0.0,-0.05,0.0,0.0,0.0,38.925724637681164,38.925724637681164,38.925724637681164,38.925724637681164,0.03699864784443396,0.055619554981518535,0.0,0.0,0.0,0.03699864784443396,0.2773570013232529
15.184000000000001,0.0,0.0,0.5373864251006943,0.0,0.0,0.05419007539172324,0.0,0.0,0.0,0.0,0.0,0.0,0.0,0.0,0.5,0.0,0.0,0.0,-0.05,0.0,0.0,0.0,38.925724637681164,38.925724637681164,38.925724637681164,38.925724637681164,0.03738642510069434,0.05419007539172324,0.0,0.0,0.0,0.03738642510069434,0.2751930005615577
15.192,0.0,0.0,0.5377276247680222,0.0,0.0,0.051882051996575,0.0,0.0,0.0,0.0,0.0,0.0,0.0,0.0,0.5,0.0,0.0,0.0,-0.05,0.0,0.0,0.0,38.925724637681164,38.925724637681164,38.925724637681164,38.925724637681164,0.03772762476802216,0.051882051996575,0.0,0.0,0.0,0.03772762476802216,0.3550080000422895
15.200000000000001,0.0,0.0,0.5380151993077367,0.0,0.0,0.048695005090121896,0.0,0.0,0.0,0.0,0.0,0.0,0.0,0.0,0.5,0.0,0.0,0.0,-0.05,0.0,0.0,0.0,38.925724637681164,38.925724637681164,38.925724637681164,38.925724637681164,0.03801519930773667,0.048695005090121896,0.0,0.0,0.0,0.03801519930773667,0.3859209973597899
15.208,0.0,0.0,0.5382492183953205,0.0,0.0,0.044806481261693246,0.0,0.0,0.0,0.0,0.0,0.0,0.0,0.0,0.5,0.0,0.0,0.0,-0.05,0.0,0.0,0.0,38.925724637681164,38.925724637681164,38.925724637681164,38.925724637681164,0.03824921839532047,0.044806481261693246,0.0,0.0,0.0,0.03824921839532047,0.3408940028748475
15.216000000000001,0.0,0.0,0.5384297516157263,0.0,0.0,0.040358515519498775,0.0,0.0,0.0,0.0,0.0,0.0,0.0,0.0,0.5,0.0,0.0,0.0,-0.05,0.0,0.0,0.0,38.925724637681164,38.925724637681164,38.925724637681164,38.925724637681164,0.03842975161572626,0.040358515519498775,0.0,0.0,0.0,0.03842975161572626,0.4420609984663315
15.224,0.0,0.0,0.5385568684634945,0.0,0.0,0.035464733609805045,0.0,0.0,0.0,0.0,0.0,0.0,0.0,0.0,0.5,0.0,0.0,0.0,-0.05,0.0,0.0,0.0,38.925724637681164,38.925724637681164,38.925724637681164,38.925724637681164,0.03855686846349449,0.035464733609805045,0.0,0.0,0.0,0.03855686846349449,0.33996699494309723
15.232000000000001,0.0,0.0,0.5386306383428711,0.0,0.0,0.03021603387225815,0.0,0.0,0.0,0.0,0.0,0.0,0.0,0.0,0.5,0.0,0.0,0.0,-0.05,0.0,0.0,0.0,38.925724637681164,38.925724637681164,38.925724637681164,38.925724637681164,0.03863063834287106,0.03021603387225815,0.0,0.0,0.0,0.03863063834287106,0.3429440039326437
15.24,0.0,0.0,0.5386511305679242,0.0,0.0,0.02468513272413611,0.0,0.0,0.0,0.0,0.0,0.0,0.0,0.0,0.5,0.0,0.0,0.0,-0.05,0.0,0.0,0.0,38.925724637681164,38.925724637681164,38.925724637681164,38.925724637681164,0.03865113056792424,0.02468513272413611,0.0,0.0,0.0,0.03865113056792424,0.2777479967335239
15.248000000000001,0.0,0.0,0.5386184143626623,0.0,0.0,0.01893020104776131,0.0,0.0,0.0,0.0,0.0,0.0,0.0,0.0,0.5,0.0,0.0,0.0,-0.05,0.0,0.0,0.0,38.925724637681164,38.925724637681164,38.925724637681164,38.925724637681164,0.038618414362662334,0.01893020104776131,0.0,0.0,0.0,0.038618414362662334,0.27647000388242304
15.256,0.0,0.0,0.5385325588611503,0.0,0.0,0.01299777330040687,0.0,0.0,0.0,0.0,0.0,0.0,0.0,0.0,0.5,0.0,0.0,0.0,-0.05,0.0,0.0,0.0,38.925724637681164,38.925724637681164,38.925724637681164,38.925724637681164,0.03853255886115026,0.01299777330040687,0.0,0.0,0.0,0.03853255886115026,0.25867299700621516
15.264000000000001,0.0,0.0,0.5383936331076267,0.0,0.0,0.0069250748022361645,0.0,0.0,0.0,0.0,0.0,0.0,0.0,0.0,0.5,0.0,0.0,0.0,-0.05,0.0,0.0,0.0,38.925724637681164,38.925724637681164,38.925724637681164,38.925724637681164,0.03839363310762667,0.0069250748022361645,0.0,0.0,0.0,0.03839363310762667,0.3219999998691492
15.272,0.0,0.0,0.5382017060566204,0.0,0.0,0.0007418835666325174,0.0,0.0,0.0,0.0,0.0,0.0,0.0,0.0,0.5,0.0,0.0,0.0,-0.05,0.0,0.0,0.0,38.925724637681164,38.925724637681164,38.925724637681164,38.925724637681164,0.03820170605662043,0.0007418835666325174,0.0,0.0,0.0,0.03820170605662043,0.2328429982298985
15.280000000000001,0.0,0.0,0.5379568465730675,0.0,0.0,-0.005527980235515954,0.0,0.0,0.0,0.0,0.0,0.0,0.0,0.0,0.5,0.0,0.0,0.0,-0.05,0.0,0.0,0.0,38.925724637681164,38.925724637681164,38.925724637681164,38.925724637681164,0.037956846573067526,0.005527980235515954,0.0,0.0,0.0,0.037956846573067526,0.2217130022472702
15.288,0.0,0.0,0.5376591234324273,0.0,0.0,-0.011865462704419814,0.0,0.0,0.0,0.0,0.0,0.0,0.0,0.0,0.5,0.0,0.0,0.0,-0.05,0.0,0.0,0.0,38.925724637681164,38.925724637681164,38.925724637681164,38.925724637681164,0.03765912343242728,0.011865462704419814,0.0,0.0,0.0,0.03765912343242728,0.19009700190508738
15.296000000000001,0.0,0.0,0.5373086053207984,0.0,0.0,-0.01825532295425724,0.0,0.0,0.0,0.0,0.0,0.0,0.0,0.0,0.5,0.0,0.0,0.0,-0.045687135614202234,0.0,0.0,0.0,39.70704064960105,39.70704064960105,39.70704064960105,39.70704064960105,0.03730860532079838,0.01825532295425724,0.0,0.0,0.0,0.03730860532079838,0.19658999372040853
15.304,0.0,0.0,0.536912468892285,0.0,0.0,-0.024507669076240066,0.0,0.0,0.0,0.0,0.0,0.0,0.0,0.0,0.5,0.0,0.0,0.0,-0.038987934254204326,0.0,0.0,0.0,40.920664084383276,40.920664084383276,40.920664084383276,40.920664084383276,0.036912468892285055,0.024507669076240066,0.0,0.0,0.0,0.036912468892285055,0.3221179940737784
15.312000000000001,0.0,0.0,0.536477925166984,0.0,0.0,-0.030469728393517113,0.0,0.0,0.0,0.0,0.0,0.0,0.0,0.0,0.5,0.0,0.0,0.0,-0.03249581555551673,0.0,0.0,0.0,42.09677254429045,42.09677254429045,42.09677254429045,42.09677254429045,0.036477925166984004,0.030469728393517113,0.0,0.0,0.0,0.036477925166984004,0.1821629994083196
15.32,0.0,0.0,0.5360122194863325,0.0,0.0,-0.03601842473110293,0.0,0.0,0.0,0.0,0.0,0.0,0.0,0.0,0.5,0.0,0.0,0.0,-0.02634084308792395,0.0,0.0,0.0,43.21180378841957,43.21180378841957,43.21180378841957,43.21180378841957,0.036012219486332486,0.03601842473110293,0.0,0.0,0.0,0.036012219486332486,0.20955899526597932
15.328000000000001,0.0,0.0,0.5355226314685146,0.0,0.0,-0.04105444023032707,0.0,0.0,0.0,0.0,0.0,0.0,0.0,0.0,0.5,0.0,0.0,0.0,-0.020630836782448814,0.0,0.0,0.0,44.24622522057087,44.24622522057087,44.24622522057087,44.24622522057087,0.03552263146851464,0.04105444023032707,0.0,0.0,0.0,0.03552263146851464,0.1813749986467883
15.336,0.0,0.0,0.535016474963925,0.0,0.0,-0.04549746479900374,0.0,0.0,0.0,0.0,0.0,0.0,0.0,0.0,0.5,0.0,0.0,0.0,-0.01545594289469343,0.0,0.0,0.0,45.183705997338144,45.183705997338144,45.183705997338144,45.183705997338144,0.035016474963925015,0.04549746479900374,0.0,0.0,0.0,0.035016474963925015,0.15847699978621677
15.344000000000001,0.0,0.0,0.534501098010691,0.0,0.0,-0.049282395670051646,0.0,0.0,0.0,0.0,0.0,0.0,0.0,0.0,0.5,0.0,0.0,0.0,-0.010891861188619956,0.0,0.0,0.0,46.01053239336595,46.01053239336595,46.01053239336595,46.01053239336595,0.03450109801069101,0.049282395670051646,0.0,0.0,0.0,0.03450109801069101,0.2580540021881461
15.352,0.0,0.0,0.5339838827902519,0.0,0.0,-0.05235629704702091,0.0,0.0,0.0,0.0,0.0,0.0,0.0,0.0,0.5,0.0,0.0,0.0,-0.007003609870253835,0.0,0.0,0.0,46.71492574814242,46.71492574814242,46.71492574814242,46.71492574814242,0.033983882790251885,0.05235629704702091,0.0,0.0,0.0,0.033983882790251885,0.12898499699076638
15.36,0.0,0.0,0.5334722455829968,0.0,0.0,-0.05467596781899592,0.0,0.0,0.0,0.0,0.0,0.0,0.0,0.0,0.5,0.0,0.0,0.0,-0.003844438638414216,0.0,0.0,0.0,47.28723937709888,47.28723937709888,47.28723937709888,47.28723937709888,0.033472245582996774,0.05467596781899592,0.0,0.0,0.0,0.033472245582996774,0.12851799692725763
15.368,0.0,0.0,0.5329736367239591,0.0,0.0,-0.0562059957311361,0.0,0.0,0.0,0.0,0.0,0.0,0.0,0.0,0.5,0.0,0.0,0.0,-0.0014627129404390926,0.0,0.0,0.0,47.7187114238335,47.7187114238335,47.7187114238335,47.7187114238335,0.03297363672395914,0.0562059957311361,0.0,0.0,0.0,0.03297363672395914,0.12011000217171386
15.376,0.0,0.0,0.5324955405585697,0.0,0.0,-0.05691720071964539,0.0,0.0,0.0,0.0,0.0,0.0,0.0,0.0,0.5,0.0,0.0,0.0,9.988661181714598e-05,0.0,0.0,0.0,48.00179105286543,48.00179105286543,48.00179105286543,48.00179105286543,0.032495540558569735,0.05691720071964539,0.0,0.0,0.0,0.032495540558569735,0.1138299994636327
15.384,0.0,0.0,0.5320454753984664,0.0,0.0,-0.05678538957829942,0.0,0.0,0.0,0.0,0.0,0.0,0.0,0.0,0.5,0.0,0.0,0.0,0.0008063758384925235,0.0,0.0,0.0,48.12977823161096,48.12977823161096,48.12977823161096,48.12977823161096,0.03204547539846636,0.05678538957829942,0.0,0.0,0.0,0.03204547539846636,0.11283200001344085
15.392,0.0,0.0,0.5316309934773618,0.0,0.0,-0.05579035969025577,0.0,0.0,0.0,0.0,0.0,0.0,0.0,0.0,0.5,0.0,0.0,0.0,0.0006235149757304326,0.0,0.0,0.0,48.09665126371928,48.09665126371928,48.09665126371928,48.09665126371928,0.03163099347736176,0.05579035969025577,0.0,0.0,0.0,0.03163099347736176,0.1395660001435317
15.4,0.0,0.0,0.5312596809069681,0.0,0.0,-0.05391510201204581,0.0,0.0,0.0,0.0,0.0,0.0,0.0,0.0,0.5,0.0,0.0,0.0,-0.0004789516028137486,0.0,0.0,0.0,47.89692905746128,47.89692905746128,47.89692905746128,47.89692905746128,0.03125968090696807,0.05391510201204581,0.0,0.0,0.0,0.03125968090696807,0.115637005364988
15.408,0.0,0.0,0.5309391576329789,0.0,0.0,-0.051145163459365685,0.0,0.0,0.0,0.0,0.0,0.0,0.0,0.0,0.5,0.0,0.0,0.0,-0.0025289036113532726,0.0,0.0,0.0,47.52556093997224,47.52556093997224,47.52556093997224,47.52556093997224,0.030939157632978942,0.051145163459365685,0.0,0.0,0.0,0.030939157632978942,0.11750400153687224
15.416,0.0,0.0,0.530677077391109,0.0,0.0,-0.047468136814239587,0.0,0.0,0.0,0.0,0.0,0.0,0.0,0.0,0.5,0.0,0.0,0.0,-0.005552331417862155,0.0,0.0,0.0,46.977838511256856,46.977838511256856,46.977838511256856,46.977838511256856,0.03067707739110903,0.047468136814239587,0.0,0.0,0.0,0.03067707739110903,0.14413600001716986
15.424,0.0,0.0,0.5304811276631903,0.0,0.0,-0.04287325264935967,0.0,0.0,0.0,0.0,0.0,0.0,0.0,0.0,0.5,0.0,0.0,0.0,-0.009575408989859757,0.0,0.0,0.0,46.249020110532655,46.249020110532655,46.249020110532655,46.249020110532655,0.030481127663190333,0.04287325264935967,0.0,0.0,0.0,0.030481127663190333,0.10185399878537282
15.432,0.0,0.0,0.5303590296333255,0.0,0.0,-0.03735105286610859,0.0,0.0,0.0,0.0,0.0,0.0,0.0,0.0,0.5,0.0,0.0,0.0,-0.014617863777824258,0.0,0.0,0.0,45.3355319243072,45.3355319243072,45.3355319243072,45.3355319243072,0.030359029633325485,0.03735105286610859,0.0,0.0,0.0,0.030359029633325485,0.15772099868627265
15.44,0.0,0.0,0.5303185381440982,0.0,0.0,-0.030893129523568125,0.0,0.0,0.0,0.0,0.0,0.0,0.0,0.0,0.5,0.0,0.0,0.0,-0.02070387931418738,0.0,0.0,0.0,44.2329928778646,44.2329928778646,44.2329928778646,44.2329928778646,0.03031853814409824,0.030893129523568125,0.0,0.0,0.0,0.03031853814409824,0.14553400251315907
15.448,0.0,0.0,0.530367441652841,0.0,0.0,-0.023491915900285657,0.0,0.0,0.0,0.0,0.0,0.0,0.0,0.0,0.5,0.0,0.0,0.0,-0.027854233329374756,0.0,0.0,0.0,42.93763888960602,42.93763888960602,42.93763888960602,42.93763888960602,0.030367441652841,0.023491915900285657,0.0,0.0,0.0,0.030367441652841,0.18004299636231735
15.456,0.0,0.0,0.5304977295187928,0.0,0.0,-0.015536336071432745,0.0,0.0,0.0,0.0,0.0,0.0,0.0,0.0,0.5,0.0,0.0,0.0,-0.035685137608759576,0.0,0.0,0.0,41.51899681000732,41.51899681000732,41.51899681000732,41.51899681000732,0.030497729518792815,0.015536336071432745,0.0,0.0,0.0,0.030497729518792815,0.24478100385749713
15.464,0.0,0.0,0.5307014452001378,0.0,0.0,-0.007336176823521036,0.0,0.0,0.0,0.0,0.0,0.0,0.0,0.0,0.5,0.0,0.0,0.0,-0.04388516968148759,0.0,0.0,0.0,40.0334837533537,40.0334837533537,40.0334837533537,40.0334837533537,0.030701445200137845,0.007336176823521036,0.0,0.0,0.0,0.030701445200137845,0.14833600289421156
15.472,0.0,0.0,0.5309706861837143,0.0,0.0,0.0008620831305964612,0.0,0.0,0.0,0.0,0.0,0.0,0.0,0.0,0.5,0.0,0.0,0.0,-0.05,0.0,0.0,0.0,38.925724637681164,38.925724637681164,38.925724637681164,38.925724637681164,0.030970686183714347,0.0008620831305964612,0.0,0.0,0.0,0.030970686183714347,0.15033200179459527
15.48,0.0,0.0,0.5312976039148146,0.0,0.0,0.008862609781983093,0.0,0.0,0.0,0.0,0.0,0.0,0.0,0.0,0.5,0.0,0.0,0.0,-0.05,0.0,0.0,0.0,38.925724637681164,38.925724637681164,38.925724637681164,38.925724637681164,0.03129760391481462,0.008862609781983093,0.0,0.0,0.0,0.03129760391481462,0.18807499873219058
15.488,0.0,0.0,0.5316744037270767,0.0,0.0,0.016510083132140755,0.0,0.0,0.0,0.0,0.0,0.0,0.0,0.0,0.5,0.0,0.0,0.0,-0.05,0.0,0.0,0.0,38.925724637681164,38.925724637681164,38.925724637681164,38.925724637681164,0.03167440372707675,0.016510083132140755,0.0,0.0,0.0,0.03167440372707675,0.17409200518159196
15.496,0.0,0.0,0.532093344772467,0.0,0.0,0.023681592640466372,0.0,0.0,0.0,0.0,0.0,0.0,0.0,0.0,0.5,0.0,0.0,0.0,-0.05,0.0,0.0,0.0,38.925724637681164,38.925724637681164,38.925724637681164,38.925724637681164,0.03209334477246695,0.023681592640466372,0.0,0.0,0.0,0.03209334477246695,0.19693600188475102
15.504,0.0,0.0,0.532546739951353,0.0,0.0,0.03028015358452674,0.0,0.0,0.0,0.0,0.0,0.0,0.0,0.0,0.5,0.0,0.0,0.0,-0.05,0.0,0.0,0.0,38.925724637681164,38.925724637681164,38.925724637681164,38.925724637681164,0.03254673995135304,0.03028015358452674,0.0,0.0,0.0,0.03254673995135304,0.22622999676968902
15.512,0.0,0.0,0.5330269558426689,0.0,0.0,0.03622952015051656,0.0,0.0,0.0,0.0,0.0,0.0,0.0,0.0,0.5,0.0,0.0,0.0,-0.05,0.0,0.0,0.0,38.925724637681164,38.925724637681164,38.925724637681164,38.925724637681164,0.033026955842668904,0.03622952015051656,0.0,0.0,0.0,0.033026955842668904,0.2614149998407811
15.52,0.0,0.0,0.5335264126341694,0.0,0.0,0.04147003590792815,0.0,0.0,0.0,0.0,0.0,0.0,0.0,0.0,0.5,0.0,0.0,0.0,-0.05,0.0,0.0,0.0,38.925724637681164,38.925724637681164,38.925724637681164,38.925724637681164,0.033526412634169445,0.04147003590792815,0.0,0.0,0.0,0.033526412634169445,0.3005480029969476
15.528,0.0,0.0,0.5340375840527763,0.0,0.0,0.04595531419151369,0.0,0.0,0.0,0.0,0.0,0.0,0.0,0.0,0.5,0.0,0.0,0.0,-0.05,0.0,0.0,0.0,38.925724637681164,38.925724637681164,38.925724637681164,38.925724637681164,0.03403758405277635,0.04595531419151369,0.0,0.0,0.0,0.03403758405277635,0.2982799996971153
15.536,0.0,0.0,0.5345529972950143,0.0,0.0,0.04964958240916029,0.0,0.0,0.0,0.0,0.0,0.0,0.0,0.0,0.5,0.0,0.0,0.0,-0.05,0.0,0.0,0.0,38.925724637681164,38.925724637681164,38.925724637681164,38.925724637681164,0.034552997295014265,0.04964958240916029,0.0,0.0,0.0,0.034552997295014265,0.3079800007981248
15.544,0.0,0.0,0.5350652329575375,0.0,0.0,0.05252555749040756,0.0,0.0,0.0,0.0,0.0,0.0,0.0,0.0,0.5,0.0,0.0,0.0,-0.05,0.0,0.0,0.0,38.925724637681164,38.925724637681164,38.925724637681164,38.925724637681164,0.035065232957537495,0.05252555749040756,0.0,0.0,0.0,0.035065232957537495,0.3282100005890243
15.552,0.0,0.0,0.5355669249677468,0.0,0.0,0.05456274624756072,0.0,0.0,0.0,0.0,0.0,0.0,0.0,0.0,0.5,0.0,0.0,0.0,-0.05,0.0,0.0,0.0,38.925724637681164,38.925724637681164,38.925724637681164,38.925724637681164,0.03556692496774683,0.05456274624756072,0.0,0.0,0.0,0.03556692496774683,0.31185500120045617
15.56,0.0,0.0,0.5360507605144963,0.0,0.0,0.0557460856667839,0.0,0.0,0.0,0.0,0.0,0.0,0.0,0.0,0.5,0.0,0.0,0.0,-0.05,0.0,0.0,0.0,38.925724637681164,38.925724637681164,38.925724637681164,38.925724637681164,0.036050760514496294,0.0557460856667839,0.0,0.0,0.0,0.036050760514496294,0.36687600368168205
15.568,0.0,0.0,0.5365094799788906,0.0,0.0,0.0560648551432872,0.0,0.0,0.0,0.0,0.0,0.0,0.0,0.0,0.5,0.0,0.0,0.0,-0.05,0.0,0.0,0.0,38.925724637681164,38.925724637681164,38.925724637681164,38.925724637681164,0.03650947997889065,0.0560648551432872,0.0,0.0,0.0,0.03650947997889065,0.27867299650097266
15.576,0.0,0.0,0.536935876865172,0.0,0.0,0.05551180627166161,0.0,0.0,0.0,0.0,0.0,0.0,0.0,0.0,0.5,0.0,0.0,0.0,-0.05,0.0,0.0,0.0,38.925724637681164,38.925724637681164,38.925724637681164,38.925724637681164,0.03693587686517197,0.05551180627166161,0.0,0.0,0.0,0.03693587686517197,0.22719400294590741
15.584,0.0,0.0,0.5373227977316966,0.0,0.0,0.054082466680445036,0.0,0.0,0.0,0.0,0.0,0.0,0.0,0.0,0.5,0.0,0.0,0.0,-0.05,0.0,0.0,0.0,38.925724637681164,38.925724637681164,38.925724637681164,38.925724637681164,0.037322797731696555,0.054082466680445036,0.0,0.0,0.0,0.037322797731696555,0.23121599951991811
15.592,0.0,0.0,0.5376631421220014,0.0,0.0,0.05177458310197599,0.0,0.0,0.0,0.0,0.0,0.0,0.0,0.0,0.5,0.0,0.0,0.0,-0.05,0.0,0.0,0.0,38.925724637681164,38.925724637681164,38.925724637681164,38.925724637681164,0.03766314212200139,0.05177458310197599,0.0,0.0,0.0,0.03766314212200139,0.28557600307976827
15.6,0.0,0.0,0.5379498624959601,0.0,0.0,0.04858767583054947,0.0,0.0,0.0,0.0,0.0,0.0,0.0,0.0,0.5,0.0,0.0,0.0,-0.05,0.0,0.0,0.0,38.925724637681164,38.925724637681164,38.925724637681164,38.925724637681164,0.03794986249596011,0.04858767583054947,0.0,0.0,0.0,0.03794986249596011,0.29393799923127517
15.608,0.0,0.0,0.5381830285276112,0.0,0.0,0.04469929145571726,0.0,0.0,0.0,0.0,0.0,0.0,0.0,0.0,0.5,0.0,0.0,0.0,-0.05,0.0,0.0,0.0,38.925724637681164,38.925724637681164,38.925724637681164,38.925724637681164,0.03818302852761124,0.04469929145571726,0.0,0.0,0.0,0.03818302852761124,0.32136499794432893
15.616,0.0,0.0,0.5383627098004656,0.0,0.0,0.04025146498593412,0.0,0.0,0.0,0.0,0.0,0.0,0.0,0.0,0.5,0.0,0.0,0.0,-0.05,0.0,0.0,0.0,38.925724637681164,38.925724637681164,38.925724637681164,38.925724637681164,0.03836270980046563,0.04025146498593412,0.0,0.0,0.0,0.03836270980046563,0.30326599517138675
15.624,0.0,0.0,0.5384889758076236,0.0,0.0,0.03535782216769512,0.0,0.0,0.0,0.0,0.0,0.0,0.0,0.0,0.5,0.0,0.0,0.0,-0.05,0.0,0.0,0.0,38.925724637681164,38.925724637681164,38.925724637681164,38.925724637681164,0.03848897580762356,0.03535782216769512,0.0,0.0,0.0,0.03848897580762356,0.3881310040014796
15.632,0.0,0.0,0.5385618959518926,0.0,0.0,0.030109261340883122,0.0,0.0,0.0,0.0,0.0,0.0,0.0,0.0,0.5,0.0,0.0,0.0,-0.05,0.0,0.0,0.0,38.925724637681164,38.925724637681164,38.925724637681164,38.925724637681164,0.03856189595189263,0.030109261340883122,0.0,0.0,0.0,0.03856189595189263,0.2829930017469451
15.64,0.0,0.0,0.5385815395459048,0.0,0.0,0.024578498923011102,0.0,0.0,0.0,0.0,0.0,0.0,0.0,0.0,0.5,0.0,0.0,0.0,-0.05,0.0,0.0,0.0,38.925724637681164,38.925724637681164,38.925724637681164,38.925724637681164,0.03858153954590482,0.024578498923011102,0.0,0.0,0.0,0.03858153954590482,0.3063969998038374
15.648,0.0,0.0,0.5385479758122338,0.0,0.0,0.018823705796633113,0.0,0.0,0.0,0.0,0.0,0.0,0.0,0.0,0.5,0.0,0.0,0.0,-0.05,0.0,0.0,0.0,38.925724637681164,38.925724637681164,38.925724637681164,38.925724637681164,0.03854797581223379,0.018823705796633113,0.0,0.0,0.0,0.03854797581223379,0.2855749989976175
15.656,0.0,0.0,0.5384612738835118,0.0,0.0,0.012891416419257859,0.0,0.0,0.0,0.0,0.0,0.0,0.0,0.0,0.5,0.0,0.0,0.0,-0.05,0.0,0.0,0.0,38.925724637681164,38.925724637681164,38.925724637681164,38.925724637681164,0.03846127388351184,0.012891416419257859,0.0,0.0,0.0,0.03846127388351184,0.33244199585169554
15.664,0.0,0.0,0.5383215028025468,0.0,0.0,0.006818856111278934,0.0,0.0,0.0,0.0,0.0,0.0,0.0,0.0,0.5,0.0,0.0,0.0,-0.05,0.0,0.0,0.0,38.925724637681164,38.925724637681164,38.925724637681164,38.925724637681164,0.03832150280254676,0.006818856111278934,0.0,0.0,0.0,0.03832150280254676,0.21790899336338043
15.672,0.0,0.0,0.5381287315224387,0.0,0.0,0.0006358028863215895,0.0,0.0,0.0,0.0,0.0,0.0,0.0,0.0,0.5,0.0,0.0,0.0,-0.05,0.0,0.0,0.0,38.925724637681164,38.925724637681164,38.925724637681164,38.925724637681164,0.038128731522438675,0.0006358028863215895,0.0,0.0,0.0,0.038128731522438675,0.2691360059543513
15.68,0.0,0.0,0.5378830289066964,0.0,0.0,-0.005633923084501025,0.0,0.0,0.0,0.0,0.0,0.0,0.0,0.0,0.5,0.0,0.0,0.0,-0.05,0.0,0.0,0.0,38.925724637681164,38.925724637681164,38.925724637681164,38.925724637681164,0.03788302890669637,0.005633923084501025,0.0,0.0,0.0,0.03788302890669637,0.21476900292327628
15.688,0.0,0.0,0.5375844637293539,0.0,0.0,-0.011971267901162545,0.0,0.0,0.0,0.0,0.0,0.0,0.0,0.0,0.5,0.0,0.0,0.0,-0.05,0.0,0.0,0.0,38.925724637681164,38.925724637681164,38.925724637681164,38.925724637681164,0.03758446372935387,0.011971267901162545,0.0,0.0,0.0,0.03758446372935387,0.21629099501296878
15.696,0.0,0.0,0.5372331046750866,0.0,0.0,-0.018360990677613716,0.0,0.0,0.0,0.0,0.0,0.0,0.0,0.0,0.5,0.0,0.0,0.0,-0.04544651531896293,0.0,0.0,0.0,39.75063128279657,39.75063128279657,39.75063128279657,39.75063128279657,0.03723310467508656,0.018360990677613716,0.0,0.0,0.0,0.03723310467508656,0.2649100060807541
15.704,0.0,0.0,0.5368361283965771,0.0,0.0,-0.024613199504825642,0.0,0.0,0.0,0.0,0.0,0.0,0.0,0.0,0.5,0.0,0.0,0.0,-0.03874608197288809,0.0,0.0,0.0,40.9644779034623,40.9644779034623,40.9644779034623,40.9644779034623,0.03683612839657713,0.024613199504825642,0.0,0.0,0.0,0.03683612839657713,0.23392000002786517
15.712,0.0,0.0,0.5364007459125026,0.0,0.0,-0.030575121705723886,0.0,0.0,0.0,0.0,0.0,0.0,0.0,0.0,0.5,0.0,0.0,0.0,-0.032252542950413354,0.0,0.0,0.0,42.14084366840338,42.14084366840338,42.14084366840338,42.14084366840338,0.03640074591250264,0.030575121705723886,0.0,0.0,0.0,0.03640074591250264,0.20410499564604834
15.72,0.0,0.0,0.5359342025628825,0.0,0.0,-0.03612368110508161,0.0,0.0,0.0,0.0,0.0,0.0,0.0,0.0,0.5,0.0,0.0,0.0,-0.026096152104160275,0.0,0.0,0.0,43.25613186518836,43.25613186518836,43.25613186518836,43.25613186518836,0.03593420256288249,0.03612368110508161,0.0,0.0,0.0,0.03593420256288249,0.16281999705825
15.728,0.0,0.0,0.5354437779644848,0.0,0.0,-0.041159559844007994,0.0,0.0,0.0,0.0,0.0,0.0,0.0,0.0,0.5,0.0,0.0,0.0,-0.020384729259473322,0.0,0.0,0.0,44.29080991676208,44.29080991676208,44.29080991676208,44.29080991676208,0.035443777964484835,0.041159559844007994,0.0,0.0,0.0,0.035443777964484835,0.20832799782510847
15.736,0.0,0.0,0.5349367859662901,0.0,0.0,-0.045602447830072626,0.0,0.0,0.0,0.0,0.0,0.0,0.0,0.0,0.5,0.0,0.0,0.0,-0.015208420673008649,0.0,0.0,0.0,45.22854697952742,45.22854697952742,45.22854697952742,45.22854697952742,0.03493678596629013,0.045602447830072626,0.0,0.0,0.0,0.03493678596629013,0.22404400078812614
15.744,0.0,0.0,0.5344205746050134,0.0,0.0,-0.0493872422959789,0.0,0.0,0.0,0.0,0.0,0.0,0.0,0.0,0.5,0.0,0.0,0.0,-0.010642926106344652,0.0,0.0,0.0,46.055629328560755,46.055629328560755,46.055629328560755,46.055629328560755,0.034420574605013354,0.0493872422959789,0.0,0.0,0.0,0.034420574605013354,0.17530599870951846
15.752,0.0,0.0,0.5339025260606834,0.0,0.0,-0.052461007445029365,0.0,0.0,0.0,0.0,0.0,0.0,0.0,0.0,0.5,0.0,0.0,0.0,-0.0067532655271073105,0.0,0.0,0.0,46.76027798421969,46.76027798421969,46.76027798421969,46.76027798421969,0.03390252606068345,0.052461007445029365,0.0,0.0,0.0,0.03390252606068345,0.1465720051783137
15.76,0.0,0.0,0.5333900566122807,0.0,0.0,-0.05478054216609427,0.0,0.0,0.0,0.0,0.0,0.0,0.0,0.0,0.5,0.0,0.0,0.0,-0.003592685109737981,0.0,0.0,0.0,47.332846900409784,47.332846900409784,47.332846900409784,47.332846900409784,0.03339005661228067,0.05478054216609427,0.0,0.0,0.0,0.03339005661228067,0.18901600560639054
15.768,0.0,0.0,0.5328906165934318,0.0,0.0,-0.056310434204094754,0.0,0.0,0.0,0.0,0.0,0.0,0.0,0.0,0.5,0.0,0.0,0.0,-0.0012095520489669997,0.0,0.0,0.0,47.76457390417264,47.76457390417264,47.76457390417264,47.76457390417264,0.03289061659343184,0.056310434204094754,0.0,0.0,0.0,0.03289061659343184,0.17946899606613442
15.776,0.0,0.0,0.5324116903481626,0.0,0.0,-0.057021503495008126,0.0,0.0,0.0,0.0,0.0,0.0,0.0,0.0,0.5,0.0,0.0,0.0,0.0003544530375158006,0.0,0.0,0.0,48.04790815897025,48.04790815897025,48.04790815897025,48.04790815897025,0.0324116903481626,0.057021503495008126,0.0,0.0,0.0,0.0324116903481626,0.12855300155933946
15.784,0.0,0.0,0.5319607961867078,0.0,0.0,-0.05688955683237597,0.0,0.0,0.0,0.0,0.0,0.0,0.0,0.0,0.5,0.0,0.0,0.0,0.0010623459721957884,0.0,0.0,0.0,48.17614963264417,48.17614963264417,48.17614963264417,48.17614963264417,0.031960796186707774,0.05688955683237597,0.0,0.0,0.0,0.031960796186707774,0.1146159993368201
15.792,0.0,0.0,0.5315454863413787,0.0,0.0,-0.055894391599129796,0.0,0.0,0.0,0.0,0.0,0.0,0.0,0.0,0.5,0.0,0.0,0.0,0.0008808869935909014,0.0,0.0,0.0,48.143276629273714,48.143276629273714,48.143276629273714,48.143276629273714,0.03154548634137866,0.055894391599129796,0.0,0.0,0.0,0.03154548634137866,0.15944700135150924
15.8,0.0,0.0,0.5311733469224877,0.0,0.0,-0.05401899875157569,0.0,0.0,0.0,0.0,0.0,0.0,0.0,0.0,0.5,0.0,0.0,0.0,-0.0002201795222698255,0.0,0.0,0.0,47.943808057559814,47.943808057559814,47.943808057559814,47.943808057559814,0.031173346922487744,0.05401899875157569,0.0,0.0,0.0,0.031173346922487744,0.11467800504760817
15.808,0.0,0.0,0.5308519978743311,0.0,0.0,-0.05124892520517685,0.0,0.0,0.0,0.0,0.0,0.0,0.0,0.0,0.5,0.0,0.0,0.0,-0.002268733287236868,0.0,0.0,0.0,47.572693245065786,47.572693245065786,47.572693245065786,47.572693245065786,0.030851997874331127,0.05124892520517685,0.0,0.0,0.0,0.030851997874331127,0.11274099961156026
15.816,0.0,0.0,0.5305890929312276,0.0,0.0,-0.047571763741729445,0.0,0.0,0.0,0.0,0.0,0.0,0.0,0.0,0.5,0.0,0.0,0.0,-0.005290764666923575,0.0,0.0,0.0,47.02522379222399,47.02522379222399,47.02522379222399,47.02522379222399,0.03058909293122758,0.047571763741729445,0.0,0.0,0.0,0.03058909293122758,0.11332899885019287
15.824,0.0,0.0,0.530392319573615,0.0,0.0,-0.04297674493369884,0.0,0.0,0.0,0.0,0.0,0.0,0.0,0.0,0.5,0.0,0.0,0.0,-0.009312451838085045,0.0,0.0,0.0,46.29665727570923,46.29665727570923,46.29665727570923,46.29665727570923,0.03039231957361499,0.04297674493369884,0.0,0.0,0.0,0.03039231957361499,0.12082600005669519
15.832,0.0,0.0,0.5302693989842038,0.0,0.0,-0.03745441068223905,0.0,0.0,0.0,0.0,0.0,0.0,0.0,0.0,0.5,0.0,0.0,0.0,-0.014353513870207557,0.0,0.0,0.0,45.38342140032472,45.38342140032472,45.38342140032472,45.38342140032472,0.030269398984203777,0.03745441068223905,0.0,0.0,0.0,0.030269398984203777,0.10015699808718637
15.84,0.0,0.0,0.5302280860041872,0.0,0.0,-0.030996353046204555,0.0,0.0,0.0,0.0,0.0,0.0,0.0,0.0,0.5,0.0,0.0,0.0,-0.02043813841080988,0.0,0.0,0.0,44.28113434586778,44.28113434586778,44.28113434586778,44.28113434586778,0.03022808600418725,0.030996353046204555,0.0,0.0,0.0,0.03022808600418725,0.09753499762155116
15.848,0.0,0.0,0.5302761690895091,0.0,0.0,-0.02359500530391646,0.0,0.0,0.0,0.0,0.0,0.0,0.0,0.0,0.5,0.0,0.0,0.0,-0.02758709901189571,0.0,0.0,0.0,42.986032787700054,42.986032787700054,42.986032787700054,42.986032787700054,0.030276169089509142,0.02359500530391646,0.0,0.0,0.0,0.030276169089509142,0.12238799536135048
15.856,0.0,0.0,0.5304056375980216,0.0,0.0,-0.015639291530320915,0.0,0.0,0.0,0.0,0.0,0.0,0.0,0.0,0.5,0.0,0.0,0.0,-0.03541661589247147,0.0,0.0,0.0,41.567642048465316,41.567642048465316,41.567642048465316,41.567642048465316,0.030405637598021618,0.015639291530320915,0.0,0.0,0.0,0.030405637598021618,0.11475400242488831
15.864,0.0,0.0,0.5306085349865239,0.0,0.0,-0.007438998511699274,0.0,0.0,0.0,0.0,0.0,0.0,0.0,0.0,0.5,0.0,0.0,0.0,-0.04361526238932878,0.0,0.0,0.0,40.082380001933196,40.082380001933196,40.082380001933196,40.082380001933196,0.03060853498652394,0.007438998511699274,0.0,0.0,0.0,0.03060853498652394,0.14521200500894338
15.872,0.0,0.0,0.5308769587404709,0.0,0.0,0.0007593950393157715,0.0,0.0,0.0,0.0,0.0,0.0,0.0,0.0,0.5,0.0,0.0,0.0,-0.05,0.0,0.0,0.0,38.925724637681164,38.925724637681164,38.925724637681164,38.925724637681164,0.030876958740470917,0.0007593950393157715,0.0,0.0,0.0,0.030876958740470917,0.15915499534457922
15.88,0.0,0.0,0.5312030603037736,0.0,0.0,0.00876005511401934,0.0,0.0,0.0,0.0,0.0,0.0,0.0,0.0,0.5,0.0,0.0,0.0,-0.05,0.0,0.0,0.0,38.925724637681164,38.925724637681164,38.925724637681164,38.925724637681164,0.031203060303773622,0.00876005511401934,0.0,0.0,0.0,0.031203060303773622,0.24699200002942234
15.888,0.0,0.0,0.5315790450086904,0.0,0.0,0.016407661714134807,0.0,0.0,0.0,0.0,0.0,0.0,0.0,0.0,0.5,0.0,0.0,0.0,-0.05,0.0,0.0,0.0,38.925724637681164,38.925724637681164,38.925724637681164,38.925724637681164,0.031579045008690354,0.016407661714134807,0.0,0.0,0.0,0.031579045008690354,0.2346600012970157
15.896,0.0,0.0,0.5319971720058095,0.0,0.0,0.023579304299286268,0.0,0.0,0.0,0.0,0.0,0.0,0.0,0.0,0.5,0.0,0.0,0.0,-0.05,0.0,0.0,0.0,38.925724637681164,38.925724637681164,38.925724637681164,38.925724637681164,0.03199717200580954,0.023579304299286268,0.0,0.0,0.0,0.03199717200580954,0.32999899849528447
15.904,0.0,0.0,0.5324497541941229,0.0,0.0,0.030177998147263865,0.0,0.0,0.0,0.0,0.0,0.0,0.0,0.0,0.5,0.0,0.0,0.0,-0.05,0.0,0.0,0.0,38.925724637681164,38.925724637681164,38.925724637681164,38.925724637681164,0.03244975419412288,0.030177998147263865,0.0,0.0,0.0,0.03244975419412288,0.3142309942631982
15.912,0.0,0.0,0.53292915815119,0.0,0.0,0.036127497444488184,0.0,0.0,0.0,0.0,0.0,0.0,0.0,0.0,0.5,0.0,0.0,0.0,-0.05,0.0,0.0,0.0,38.925724637681164,38.925724637681164,38.925724637681164,38.925724637681164,0.03292915815119002,0.036127497444488184,0.0,0.0,0.0,0.03292915815119002,0.34001999301835895
15.92,0.0,0.0,0.5334278040633933,0.0,0.0,0.04136814576067385,0.0,0.0,0.0,0.0,0.0,0.0,0.0,0.0,0.5,0.0,0.0,0.0,-0.05,0.0,0.0,0.0,38.925724637681164,38.925724637681164,38.925724637681164,38.925724637681164,0.033427804063393296,0.04136814576067385,0.0,0.0,0.0,0.033427804063393296,0.35248000494902954
15.928,0.0,0.0,0.5339381656562838,0.0,0.0,0.045853556430800885,0.0,0.0,0.0,0.0,0.0,0.0,0.0,0.0,0.5,0.0,0.0,0.0,-0.05,0.0,0.0,0.0,38.925724637681164,38.925724637681164,38.925724637681164,38.925724637681164,0.033938165656283825,0.045853556430800885,0.0,0.0,0.0,0.033938165656283825,0.32595600350759923
15.936,0.0,0.0,0.5344527701250172,0.0,0.0,0.0495479568629775,0.0,0.0,0.0,0.0,0.0,0.0,0.0,0.0,0.5,0.0,0.0,0.0,-0.05,0.0,0.0,0.0,38.925724637681164,38.925724637681164,38.925724637681164,38.925724637681164,0.03445277012501724,0.0495479568629775,0.0,0.0,0.0,0.03445277012501724,0.33924800663953647
15.944,0.0,0.0,0.5349641980648808,0.0,0.0,0.052424063986970186,0.0,0.0,0.0,0.0,0.0,0.0,0.0,0.0,0.5,0.0,0.0,0.0,-0.05,0.0,0.0,0.0,38.925724637681164,38.925724637681164,38.925724637681164,38.925724637681164,0.034964198064880825,0.052424063986970186,0.0,0.0,0.0,0.034964198064880825,0.3193969969288446
15.952,0.0,0.0,0.5354650834019098,0.0,0.0,0.0544613846153017,0.0,0.0,0.0,0.0,0.0,0.0,0.0,0.0,0.5,0.0,0.0,0.0,-0.05,0.0,0.0,0.0,38.925724637681164,38.925724637681164,38.925724637681164,38.925724637681164,0.03546508340190979,0.0544613846153017,0.0,0.0,0.0,0.03546508340190979,0.3053099935641512
15.96,0.0,0.0,0.5359481133235947,0.0,0.0,0.05564485573436298,0.0,0.0,0.0,0.0,0.0,0.0,0.0,0.0,0.5,0.0,0.0,0.0,-0.05,0.0,0.0,0.0,38.925724637681164,38.925724637681164,38.925724637681164,38.925724637681164,0.03594811332359471,0.05564485573436298,0.0,0.0,0.0,0.03594811332359471,0.36427200393518433
15.968,0.0,0.0,0.5364060282096785,0.0,0.0,0.05596375673958718,0.0,0.0,0.0,0.0,0.0,0.0,0.0,0.0,0.5,0.0,0.0,0.0,-0.05,0.0,0.0,0.0,38.925724637681164,38.925724637681164,38.925724637681164,38.925724637681164,0.03640602820967853,0.05596375673958718,0.0,0.0,0.0,0.03640602820967853,0.27162599872099236
15.976,0.0,0.0,0.5368316215630432,0.0,0.0,0.05541083922578538,0.0,0.0,0.0,0.0,0.0,0.0,0.0,0.0,0.5,0.0,0.0,0.0,-0.05,0.0,0.0,0.0,38.925724637681164,38.925724637681164,38.925724637681164,38.925724637681164,0.036831621563043204,0.05541083922578538,0.0,0.0,0.0,0.036831621563043204,0.2522249997127801
15.984,0.0,0.0,0.5372177399406868,0.0,0.0,0.05398163082171872,0.0,0.0,0.0,0.0,0.0,0.0,0.0,0.0,0.5,0.0,0.0,0.0,-0.05,0.0,0.0,0.0,38.925724637681164,38.925724637681164,38.925724637681164,38.925724637681164,0.03721773994068678,0.05398163082171872,0.0,0.0,0.0,0.03721773994068678,0.2162509990739636
15.992,0.0,0.0,0.5375572828847897,0.0,0.0,0.05167387825994596,0.0,0.0,0.0,0.0,0.0,0.0,0.0,0.0,0.5,0.0,0.0,0.0,-0.05,0.0,0.0,0.0,38.925724637681164,38.925724637681164,38.925724637681164,38.925724637681164,0.037557282884789656,0.05167387825994596,0.0,0.0,0.0,0.037557282884789656,0.30042499565752223
16.0,0.0,0.0,0.5378432028538708,0.0,0.0,0.048487101834985474,0.0,0.0,0.0,0.0,0.0,0.0,0.0,0.0,0.5,0.0,0.0,0.0,-0.05,0.0,0.0,0.0,38.925724637681164,38.925724637681164,38.925724637681164,38.925724637681164,0.03784320285387077,0.048487101834985474,0.0,0.0,0.0,0.03784320285387077,0.3100080066360533
16.008,0.0,0.0,0.5380755695206156,0.0,0.0,0.04459884813661066,0.0,0.0,0.0,0.0,0.0,0.0,0.0,0.0,0.5,0.0,0.0,0.0,-0.05,0.0,0.0,0.0,38.925724637681164,38.925724637681164,38.925724637681164,38.925724637681164,0.03807556952061564,0.04459884813661066,0.0,0.0,0.0,0.03807556952061564,0.303142995107919
16.016000000000002,0.0,0.0,0.5382544524671838,0.0,0.0,0.04015115217349213,0.0,0.0,0.0,0.0,0.0,0.0,0.0,0.0,0.5,0.0,0.0,0.0,-0.05,0.0,0.0,0.0,38.925724637681164,38.925724637681164,38.925724637681164,38.925724637681164,0.03825445246718384,0.04015115217349213,0.0,0.0,0.0,0.03825445246718384,0.39246200321940705
16.024,0.0,0.0,0.5383799211853262,0.0,0.0,0.03525763969235258,0.0,0.0,0.0,0.0,0.0,0.0,0.0,0.0,0.5,0.0,0.0,0.0,-0.05,0.0,0.0,0.0,38.925724637681164,38.925724637681164,38.925724637681164,38.925724637681164,0.03837992118532618,0.03525763969235258,0.0,0.0,0.0,0.03837992118532618,0.3020799995283596
16.032,0.0,0.0,0.5384520450765026,0.0,0.0,0.03000920903329201,0.0,0.0,0.0,0.0,0.0,0.0,0.0,0.0,0.5,0.0,0.0,0.0,-0.05,0.0,0.0,0.0,38.925724637681164,38.925724637681164,38.925724637681164,38.925724637681164,0.03845204507650257,0.03000920903329201,0.0,0.0,0.0,0.03845204507650257,0.3005129983648658
16.04,0.0,0.0,0.5384708934519989,0.0,0.0,0.02447857661404296,0.0,0.0,0.0,0.0,0.0,0.0,0.0,0.0,0.5,0.0,0.0,0.0,-0.05,0.0,0.0,0.0,38.925724637681164,38.925724637681164,38.925724637681164,38.925724637681164,0.038470893451998944,0.02447857661404296,0.0,0.0,0.0,0.038470893451998944,0.23946299916133285
16.048000000000002,0.0,0.0,0.5384365355330448,0.0,0.0,0.01872391331738166,0.0,0.0,0.0,0.0,0.0,0.0,0.0,0.0,0.5,0.0,0.0,0.0,-0.05,0.0,0.0,0.0,38.925724637681164,38.925724637681164,38.925724637681164,38.925724637681164,0.038436535533044824,0.01872391331738166,0.0,0.0,0.0,0.038436535533044824,0.23479299852624536
16.056,0.0,0.0,0.5383490404509299,0.0,0.0,0.012791753601032114,0.0,0.0,0.0,0.0,0.0,0.0,0.0,0.0,0.5,0.0,0.0,0.0,-0.05,0.0,0.0,0.0,38.925724637681164,38.925724637681164,38.925724637681164,38.925724637681164,0.038349040450929905,0.012791753601032114,0.0,0.0,0.0,0.038349040450929905,0.2167470011045225
16.064,0.0,0.0,0.5382084772471214,0.0,0.0,0.006719322785612604,0.0,0.0,0.0,0.0,0.0,0.0,0.0,0.0,0.5,0.0,0.0,0.0,-0.05,0.0,0.0,0.0,38.925724637681164,38.925724637681164,38.925724637681164,38.925724637681164,0.0382084772471214,0.006719322785612604,0.0,0.0,0.0,0.0382084772471214,0.25311300123576075
16.072,0.0,0.0,0.5380149148733803,0.0,0.0,0.0005363988849613104,0.0,0.0,0.0,0.0,0.0,0.0,0.0,0.0,0.5,0.0,0.0,0.0,-0.05,0.0,0.0,0.0,38.925724637681164,38.925724637681164,38.925724637681164,38.925724637681164,0.03801491487338027,0.0005363988849613104,0.0,0.0,0.0,0.03801491487338027,0.2778390044113621
16.080000000000002,0.0,0.0,0.5377684221918781,0.0,0.0,-0.0057331979295818835,0.0,0.0,0.0,0.0,0.0,0.0,0.0,0.0,0.5,0.0,0.0,0.0,-0.05,0.0,0.0,0.0,38.925724637681164,38.925724637681164,38.925724637681164,38.925724637681164,0.03776842219187815,0.0057331979295818835,0.0,0.0,0.0,0.03776842219187815,0.2270279946969822
16.088,0.0,0.0,0.5374690679753135,0.0,0.0,-0.012070413757783446,0.0,0.0,0.0,0.0,0.0,0.0,0.0,0.0,0.5,0.0,0.0,0.0,-0.05,0.0,0.0,0.0,38.925724637681164,38.925724637681164,38.925724637681164,38.925724637681164,0.037469067975313464,0.012070413757783446,0.0,0.0,0.0,0.037469067975313464,0.29451100272126496
16.096,0.0,0.0,0.5371169209070279,0.0,0.0,-0.018460007713366946,0.0,0.0,0.0,0.0,0.0,0.0,0.0,0.0,0.5,0.0,0.0,0.0,-0.04513695353577518,0.0,0.0,0.0,39.80671131598276,39.80671131598276,39.80671131598276,39.80671131598276,0.037116920907027895,0.018460007713366946,0.0,0.0,0.0,0.037116920907027895,0.25564400129951537
16.104,0.0,0.0,0.536719157638372,0.0,0.0,-0.02471208788709281,0.0,0.0,0.0,0.0,0.0,0.0,0.0,0.0,0.5,0.0,0.0,0.0,-0.038435431941947096,0.0,0.0,0.0,41.0207550829806,41.0207550829806,41.0207550829806,41.0207550829806,0.03671915763837197,0.02471208788709281,0.0,0.0,0.0,0.03671915763837197,0.22483799693873152
16.112000000000002,0.0,0.0,0.5362829891866925,0.0,0.0,-0.03067388160165776,0.0,0.0,0.0,0.0,0.0,0.0,0.0,0.0,0.5,0.0,0.0,0.0,-0.031940562580272225,0.0,0.0,0.0,42.19736185139996,42.19736185139996,42.19736185139996,42.19736185139996,0.03628298918669248,0.03067388160165776,0.0,0.0,0.0,0.03628298918669248,0.2434940033708699
16.12,0.0,0.0,0.5358156608906803,0.0,0.0,-0.0362223126816312,0.0,0.0,0.0,0.0,0.0,0.0,0.0,0.0,0.5,0.0,0.0,0.0,-0.02578284262997732,0.0,0.0,0.0,43.31289082790266,43.31289082790266,43.31289082790266,43.31289082790266,0.035815660890680334,0.0362223126816312,0.0,0.0,0.0,0.035815660890680334,0.2789799982565455
16.128,0.0,0.0,0.5353244523657766,0.0,0.0,-0.041258063267898736,0.0,0.0,0.0,0.0,0.0,0.0,0.0,0.0,0.5,0.0,0.0,0.0,-0.020070092402549533,0.0,0.0,0.0,44.34780934736422,44.34780934736422,44.34780934736422,44.34780934736422,0.03532445236577664,0.041258063267898736,0.0,0.0,0.0,0.03532445236577664,0.21108899818500504
16.136,0.0,0.0,0.5348166774596368,0.0,0.0,-0.04570082326781655,0.0,0.0,0.0,0.0,0.0,0.0,0.0,0.0,0.5,0.0,0.0,0.0,-0.014892458157985566,0.0,0.0,0.0,45.28578656558233,45.28578656558233,45.28578656558233,45.28578656558233,0.03481667745963679,0.04570082326781655,0.0,0.0,0.0,0.03481667745963679,0.2082189967040904
16.144000000000002,0.0,0.0,0.5342996842076523,0.0,0.0,-0.049485489913861674,0.0,0.0,0.0,0.0,0.0,0.0,0.0,0.0,0.5,0.0,0.0,0.0,-0.010325639655665242,0.0,0.0,0.0,46.11310875803166,46.11310875803166,46.11310875803166,46.11310875803166,0.03429968420765228,0.049485489913861674,0.0,0.0,0.0,0.03429968420765228,0.17305499932263047
16.152,0.0,0.0,0.5337808547885304,0.0,0.0,-0.052559127409136944,0.0,0.0,0.0,0.0,0.0,0.0,0.0,0.0,0.5,0.0,0.0,0.0,-0.006434658513908453,0.0,0.0,0.0,46.81799664603108,46.81799664603108,46.81799664603108,46.81799664603108,0.033780854788530434,0.052559127409136944,0.0,0.0,0.0,0.033780854788530434,0.15309500304283574
16.16,0.0,0.0,0.5332676054799315,0.0,0.0,-0.0548785346422853,0.0,0.0,0.0,0.0,0.0,0.0,0.0,0.0,0.5,0.0,0.0,0.0,-0.003272757604627974,0.0,0.0,0.0,47.3908047817703,47.3908047817703,47.3908047817703,47.3908047817703,0.03326760547993146,0.0548785346422853,0.0,0.0,0.0,0.03326760547993146,0.18599000031827018
16.168,0.0,0.0,0.5327673866141639,0.0,0.0,-0.05640829935801876,0.0,0.0,0.0,0.0,0.0,0.0,0.0,0.0,0.5,0.0,0.0,0.0,-0.0008883057599543553,0.0,0.0,0.0,47.822770695660445,47.822770695660445,47.822770695660445,47.822770695660445,0.032767386614163896,0.05640829935801876,0.0,0.0,0.0,0.032767386614163896,0.2688210006454028
16.176000000000002,0.0,0.0,0.532287682533937,0.0,0.0,-0.05711924149208366,0.0,0.0,0.0,0.0,0.0,0.0,0.0,0.0,0.5,0.0,0.0,0.0,0.0006770163969394005,0.0,0.0,0.0,48.10634355017018,48.10634355017018,48.10634355017018,48.10634355017018,0.03228768253393699,0.05711924149208366,0.0,0.0,0.0,0.03228768253393699,0.20874100300716236
16.184,0.0,0.0,0.5318360115481705,0.0,0.0,-0.05698716783783026,0.0,0.0,0.0,0.0,0.0,0.0,0.0,0.0,0.5,0.0,0.0,0.0,0.0013862246907646592,0.0,0.0,0.0,48.234823313544325,48.234823313544325,48.234823313544325,48.234823313544325,0.031836011548170506,0.05698716783783026,0.0,0.0,0.0,0.031836011548170506,0.1256560062756762
16.192,0.0,0.0,0.5314199258878627,0.0,0.0,-0.05599187577796083,0.0,0.0,0.0,0.0,0.0,0.0,0.0,0.0,0.5,0.0,0.0,0.0,0.001206079362243817,0.0,0.0,0.0,48.20218829026156,48.20218829026156,48.20218829026156,48.20218829026156,0.03141992588786269,0.05599187577796083,0.0,0.0,0.0,0.03141992588786269,0.1199750040541403
16.2,0.0,0.0,0.5310470116620146,0.0,0.0,-0.05411635626857131,0.0,0.0,0.0,0.0,0.0,0.0,0.0,0.0,0.5,0.0,0.0,0.0,0.00010632478963679137,0.0,0.0,0.0,48.00295738942695,48.00295738942695,48.00295738942695,48.00295738942695,0.031047011662014623,0.05411635626857131,0.0,0.0,0.0,0.031047011662014623,0.12078000145265833
16.208000000000002,0.0,0.0,0.5307248888136127,0.0,0.0,-0.051346156224902864,0.0,0.0,0.0,0.0,0.0,0.0,0.0,0.0,0.5,0.0,0.0,0.0,-0.0019409187366999925,0.0,0.0,0.0,47.632079939003624,47.632079939003624,47.632079939003624,47.632079939003624,0.030724888813612683,0.051346156224902864,0.0,0.0,0.0,0.030724888813612683,0.14722700143465772
16.216,0.0,0.0,0.5304612110756676,0.0,0.0,-0.047668868428550816,0.0,0.0,0.0,0.0,0.0,0.0,0.0,0.0,0.5,0.0,0.0,0.0,-0.004961641580152998,0.0,0.0,0.0,47.08484753982736,47.08484753982736,47.08484753982736,47.08484753982736,0.03046121107566757,0.047668868428550816,0.0,0.0,0.0,0.03046121107566757,0.11357699986547232
16.224,0.0,0.0,0.5302636659273109,0.0,0.0,-0.043073723451758236,0.0,0.0,0.0,0.0,0.0,0.0,0.0,0.0,0.5,0.0,0.0,0.0,-0.008982025861794307,0.0,0.0,0.0,46.356517054022774,46.356517054022774,46.356517054022774,46.356517054022774,0.03026366592731089,0.043073723451758236,0.0,0.0,0.0,0.03026366592731089,0.09905399929266423
16.232,0.0,0.0,0.5301399745499483,0.0,0.0,-0.037551263195471106,0.0,0.0,0.0,0.0,0.0,0.0,0.0,0.0,0.5,0.0,0.0,0.0,-0.014021782797613236,0.0,0.0,0.0,45.44351760912804,45.44351760912804,45.44351760912804,45.44351760912804,0.030139974549948323,0.037551263195471106,0.0,0.0,0.0,0.030139974549948323,0.11136700049974024
16.240000000000002,0.0,0.0,0.5300978917834703,0.0,0.0,-0.03109307971832631,0.0,0.0,0.0,0.0,0.0,0.0,0.0,0.0,0.5,0.0,0.0,0.0,-0.020105103891214338,0.0,0.0,0.0,44.34146668637422,44.34146668637422,44.34146668637422,44.34146668637422,0.030097891783470332,0.03109307971832631,0.0,0.0,0.0,0.030097891783470332,0.13565200060838833
16.248,0.0,0.0,0.5301452060825195,0.0,0.0,-0.023691606298432435,0.0,0.0,0.0,0.0,0.0,0.0,0.0,0.0,0.5,0.0,0.0,0.0,-0.027252758779172104,0.0,0.0,0.0,43.046601670439834,43.046601670439834,43.046601670439834,43.046601670439834,0.03014520608251947,0.023691606298432435,0.0,0.0,0.0,0.03014520608251947,0.12329700257396325
16.256,0.0,0.0,0.5302739068036483,0.0,0.0,-0.015735767010525474,0.0,0.0,0.0,0.0,0.0,0.0,0.0,0.0,0.5,0.0,0.0,0.0,-0.0350809755833118,0.0,0.0,0.0,41.62844645229859,41.62844645229859,41.62844645229859,41.62844645229859,0.030273906803648276,0.015735767010525474,0.0,0.0,0.0,0.030273906803648276,0.12525600322987884
16.264,0.0,0.0,0.530476037402358,0.0,0.0,-0.007535348640675548,0.0,0.0,0.0,0.0,0.0,0.0,0.0,0.0,0.5,0.0,0.0,0.0,-0.04327832371192908,0.0,0.0,0.0,40.143419617404156,40.143419617404156,40.143419617404156,40.143419617404156,0.030476037402358047,0.007535348640675548,0.0,0.0,0.0,0.030476037402358047,0.34893299743998796
16.272000000000002,0.0,0.0,0.5307436953628076,0.0,0.0,0.0006631700986969632,0.0,0.0,0.0,0.0,0.0,0.0,0.0,0.0,0.5,0.0,0.0,0.0,-0.05,0.0,0.0,0.0,38.925724637681164,38.925724637681164,38.925724637681164,38.925724637681164,0.030743695362807633,0.0006631700986969632,0.0,0.0,0.0,0.030743695362807633,0.13450099504552782
16.28,0.0,0.0,0.5310690321276134,0.0,0.0,0.00866395519910167,0.0,0.0,0.0,0.0,0.0,0.0,0.0,0.0,0.5,0.0,0.0,0.0,-0.05,0.0,0.0,0.0,38.925724637681164,38.925724637681164,38.925724637681164,38.925724637681164,0.03106903212761336,0.00866395519910167,0.0,0.0,0.0,0.03106903212761336,0.13588499859906733
16.288,0.0,0.0,0.5314442530277409,0.0,0.0,0.016311686662470806,0.0,0.0,0.0,0.0,0.0,0.0,0.0,0.0,0.5,0.0,0.0,0.0,-0.05,0.0,0.0,0.0,38.925724637681164,38.925724637681164,38.925724637681164,38.925724637681164,0.0314442530277409,0.016311686662470806,0.0,0.0,0.0,0.0314442530277409,0.2341150029678829
16.296,0.0,0.0,0.5318616172124875,0.0,0.0,0.02348345394864236,0.0,0.0,0.0,0.0,0.0,0.0,0.0,0.0,0.5,0.0,0.0,0.0,-0.05,0.0,0.0,0.0,38.925724637681164,38.925724637681164,38.925724637681164,38.925724637681164,0.03186161721248748,0.02348345394864236,0.0,0.0,0.0,0.03186161721248748,0.21385100262705237
16.304000000000002,0.0,0.0,0.5323134375795554,0.0,0.0,0.0300822723356082,0.0,0.0,0.0,0.0,0.0,0.0,0.0,0.0,0.5,0.0,0.0,0.0,-0.05,0.0,0.0,0.0,38.925724637681164,38.925724637681164,38.925724637681164,38.925724637681164,0.032313437579555404,0.0300822723356082,0.0,0.0,0.0,0.032313437579555404,0.3181450010742992
16.312,0.0,0.0,0.5327920807052166,0.0,0.0,0.036031896010016606,0.0,0.0,0.0,0.0,0.0,0.0,0.0,0.0,0.5,0.0,0.0,0.0,-0.05,0.0,0.0,0.0,38.925724637681164,38.925724637681164,38.925724637681164,38.925724637681164,0.03279208070521655,0.036031896010016606,0.0,0.0,0.0,0.03279208070521655,0.30102299933787435
16.32,0.0,0.0,0.5332899667745671,0.0,0.0,0.041272668541777864,0.0,0.0,0.0,0.0,0.0,0.0,0.0,0.0,0.5,0.0,0.0,0.0,-0.05,0.0,0.0,0.0,38.925724637681164,38.925724637681164,38.925724637681164,38.925724637681164,0.03328996677456708,0.041272668541777864,0.0,0.0,0.0,0.03328996677456708,0.362161998054944
16.328,0.0,0.0,0.5337995695118737,0.0,0.0,0.04575820326608876,0.0,0.0,0.0,0.0,0.0,0.0,0.0,0.0,0.5,0.0,0.0,0.0,-0.05,0.0,0.0,0.0,38.925724637681164,38.925724637681164,38.925724637681164,38.925724637681164,0.033799569511873684,0.04575820326608876,0.0,0.0,0.0,0.033799569511873684,0.3315939975436777
16.336000000000002,0.0,0.0,0.5343134161110092,0.0,0.0,0.04945272759125569,0.0,0.0,0.0,0.0,0.0,0.0,0.0,0.0,0.5,0.0,0.0,0.0,-0.05,0.0,0.0,0.0,38.925724637681164,38.925724637681164,38.925724637681164,38.925724637681164,0.03431341611100924,0.04945272759125569,0.0,0.0,0.0,0.03431341611100924,0.4655919983633794
16.344,0.0,0.0,0.53482408716598,0.0,0.0,0.05232895844727378,0.0,0.0,0.0,0.0,0.0,0.0,0.0,0.0,0.5,0.0,0.0,0.0,-0.05,0.0,0.0,0.0,38.925724637681164,38.925724637681164,38.925724637681164,38.925724637681164,0.034824087165979956,0.05232895844727378,0.0,0.0,0.0,0.034824087165979956,0.38998799573164433
16.352,0.0,0.0,0.5353242166015416,0.0,0.0,0.054366402646861864,0.0,0.0,0.0,0.0,0.0,0.0,0.0,0.0,0.5,0.0,0.0,0.0,-0.05,0.0,0.0,0.0,38.925724637681164,38.925724637681164,38.925724637681164,38.925724637681164,0.035324216601541614,0.054366402646861864,0.0,0.0,0.0,0.035324216601541614,0.43518900201888755
16.36,0.0,0.0,0.535806491603907,0.0,0.0,0.05554999717662626,0.0,0.0,0.0,0.0,0.0,0.0,0.0,0.0,0.5,0.0,0.0,0.0,-0.05,0.0,0.0,0.0,38.925724637681164,38.925724637681164,38.925724637681164,38.925724637681164,0.03580649160390703,0.05554999717662626,0.0,0.0,0.0,0.03580649160390703,0.5271419940982014
16.368000000000002,0.0,0.0,0.536263652551543,0.0,0.0,0.05586902143219535,0.0,0.0,0.0,0.0,0.0,0.0,0.0,0.0,0.5,0.0,0.0,0.0,-0.05,0.0,0.0,0.0,38.925724637681164,38.925724637681164,38.925724637681164,38.925724637681164,0.03626365255154296,0.05586902143219535,0.0,0.0,0.0,0.03626365255154296,0.2850070013664663
16.376,0.0,0.0,0.5366884929460569,0.0,0.0,0.055316227008606424,0.0,0.0,0.0,0.0,0.0,0.0,0.0,0.0,0.5,0.0,0.0,0.0,-0.05,0.0,0.0,0.0,38.925724637681164,38.925724637681164,38.925724637681164,38.925724637681164,0.036688492946056916,0.055316227008606424,0.0,0.0,0.0,0.036688492946056916,0.2644600026542321
16.384,0.0,0.0,0.5370738593431742,0.0,0.0,0.053887141534818245,0.0,0.0,0.0,0.0,0.0,0.0,0.0,0.0,0.5,0.0,0.0,0.0,-0.05,0.0,0.0,0.0,38.925724637681164,38.925724637681164,38.925724637681164,38.925724637681164,0.0370738593431742,0.053887141534818245,0.0,0.0,0.0,0.0370738593431742,0.2873129997169599
16.392,0.0,0.0,0.5374126512838041,0.0,0.0,0.05157951174360334,0.0,0.0,0.0,0.0,0.0,0.0,0.0,0.0,0.5,0.0,0.0,0.0,-0.05,0.0,0.0,0.0,38.925724637681164,38.925724637681164,38.925724637681164,38.925724637681164,0.03741265128380411,0.05157951174360334,0.0,0.0,0.0,0.03741265128380411,0.27191100525669754
16.4,0.0,0.0,0.5376978212251959,0.0,0.0,0.048392857929679144,0.0,0.0,0.0,0.0,0.0,0.0,0.0,0.0,0.5,0.0,0.0,0.0,-0.05,0.0,0.0,0.0,38.925724637681164,38.925724637681164,38.925724637681164,38.925724637681164,0.03769782122519594,0.048392857929679144,0.0,0.0,0.0,0.03769782122519594,0.2936570017482154
16.408,0.0,0.0,0.5379294388387675,0.0,0.0,0.044504726683031376,0.0,0.0,0.0,0.0,0.0,0.0,0.0,0.0,0.5,0.0,0.0,0.0,-0.05,0.0,0.0,0.0,38.925724637681164,38.925724637681164,38.925724637681164,38.925724637681164,0.03792943883876754,0.044504726683031376,0.0,0.0,0.0,0.03792943883876754,0.32147100137081
16.416,0.0,0.0,0.5381075737054122,0.0,0.0,0.04005715301254163,0.0,0.0,0.0,0.0,0.0,0.0,0.0,0.0,0.5,0.0,0.0,0.0,-0.05,0.0,0.0,0.0,38.925724637681164,38.925724637681164,38.925724637681164,38.925724637681164,0.03810757370541218,0.04005715301254163,0.0,0.0,0.0,0.03810757370541218,0.3338020032970235
16.424,0.0,0.0,0.5382322953156161,0.0,0.0,0.035163762665132076,0.0,0.0,0.0,0.0,0.0,0.0,0.0,0.0,0.5,0.0,0.0,0.0,-0.05,0.0,0.0,0.0,38.925724637681164,38.925724637681164,38.925724637681164,38.925724637681164,0.038232295315616116,0.035163762665132076,0.0,0.0,0.0,0.038232295315616116,0.2774949971353635
16.432,0.0,0.0,0.5383036730695764,0.0,0.0,0.029915453981112526,0.0,0.0,0.0,0.0,0.0,0.0,0.0,0.0,0.5,0.0,0.0,0.0,-0.05,0.0,0.0,0.0,38.925724637681164,38.925724637681164,38.925724637681164,38.925724637681164,0.03830367306957638,0.029915453981112526,0.0,0.0,0.0,0.03830367306957638,0.2761900032055564
16.44,0.0,0.0,0.5383217762773177,0.0,0.0,0.02438494337842276,0.0,0.0,0.0,0.0,0.0,0.0,0.0,0.0,0.5,0.0,0.0,0.0,-0.05,0.0,0.0,0.0,38.925724637681164,38.925724637681164,38.925724637681164,38.925724637681164,0.0383217762773177,0.02438494337842276,0.0,0.0,0.0,0.0383217762773177,0.2566920011304319
16.448,0.0,0.0,0.5382866741588098,0.0,0.0,0.01863040174004113,0.0,0.0,0.0,0.0,0.0,0.0,0.0,0.0,0.5,0.0,0.0,0.0,-0.05,0.0,0.0,0.0,38.925724637681164,38.925724637681164,38.925724637681164,38.925724637681164,0.03828667415880982,0.01863040174004113,0.0,0.0,0.0,0.03828667415880982,0.23782400239724666
16.456,0.0,0.0,0.5381984358440847,0.0,0.0,0.012698363523903834,0.0,0.0,0.0,0.0,0.0,0.0,0.0,0.0,0.5,0.0,0.0,0.0,-0.05,0.0,0.0,0.0,38.925724637681164,38.925724637681164,38.925724637681164,38.925724637681164,0.038198435844084666,0.012698363523903834,0.0,0.0,0.0,0.038198435844084666,0.2169029976357706
16.464,0.0,0.0,0.5380571303733529,0.0,0.0,0.006626054050828494,0.0,0.0,0.0,0.0,0.0,0.0,0.0,0.0,0.5,0.0,0.0,0.0,-0.05,0.0,0.0,0.0,38.925724637681164,38.925724637681164,38.925724637681164,38.925724637681164,0.0380571303733529,0.006626054050828494,0.0,0.0,0.0,0.0380571303733529,0.19033499847864732
16.472,0.0,0.0,0.5378628266971208,0.0,0.0,0.0004432513348624897,0.0,0.0,0.0,0.0,0.0,0.0,0.0,0.0,0.5,0.0,0.0,0.0,-0.05,0.0,0.0,0.0,38.925724637681164,38.925724637681164,38.925724637681164,38.925724637681164,0.03786282669712082,0.0004432513348624897,0.0,0.0,0.0,0.03786282669712082,0.20226899505360052
16.48,0.0,0.0,0.537615593676307,0.0,0.0,-0.005826224452457289,0.0,0.0,0.0,0.0,0.0,0.0,0.0,0.0,0.5,0.0,0.0,0.0,-0.05,0.0,0.0,0.0,38.925724637681164,38.925724637681164,38.925724637681164,38.925724637681164,0.03761559367630696,0.005826224452457289,0.0,0.0,0.0,0.03761559367630696,0.1536290001240559
16.488,0.0,0.0,0.5373155000823583,0.0,0.0,-0.012163319410683389,0.0,0.0,0.0,0.0,0.0,0.0,0.0,0.0,0.5,0.0,0.0,0.0,-0.05,0.0,0.0,0.0,38.925724637681164,38.925724637681164,38.925724637681164,38.925724637681164,0.03731550008235829,0.012163319410683389,0.0,0.0,0.0,0.03731550008235829,0.1376509972033091
16.496,0.0,0.0,0.5369626145973666,0.0,0.0,-0.018552792653339756,0.0,0.0,0.0,0.0,0.0,0.0,0.0,0.0,0.5,0.0,0.0,0.0,-0.04476278941650691,0.0,0.0,0.0,39.874494670922665,39.874494670922665,39.874494670922665,39.874494670922665,0.036962614597366605,0.018552792653339756,0.0,0.0,0.0,0.036962614597366605,0.1267080006073229
16.504,0.0,0.0,0.5365641138714343,0.0,0.0,-0.024804752270975547,0.0,0.0,0.0,0.0,0.0,0.0,0.0,0.0,0.5,0.0,0.0,0.0,-0.038060314266430084,0.0,0.0,0.0,41.08871118361774,41.08871118361774,41.08871118361774,41.08871118361774,0.03656411387143432,0.024804752270975547,0.0,0.0,0.0,0.03656411387143432,0.15997200534911826
16.512,0.0,0.0,0.5361272089206616,0.0,0.0,-0.030766425586100495,0.0,0.0,0.0,0.0,0.0,0.0,0.0,0.0,0.5,0.0,0.0,0.0,-0.031564198886527395,0.0,0.0,0.0,42.26554367997692,42.26554367997692,42.26554367997692,42.26554367997692,0.03612720892066157,0.030766425586100495,0.0,0.0,0.0,0.03612720892066157,0.19940000493079424
16.52,0.0,0.0,0.5356591450824942,0.0,0.0,-0.036314736423064986,0.0,0.0,0.0,0.0,0.0,0.0,0.0,0.0,0.5,0.0,0.0,0.0,-0.025405233487902468,0.0,0.0,0.0,43.38129828117709,43.38129828117709,43.38129828117709,43.38129828117709,0.03565914508249424,0.036314736423064986,0.0,0.0,0.0,0.03565914508249424,0.20133699581492692
16.528,0.0,0.0,0.5351672019711302,0.0,0.0,-0.04135036692255394,0.0,0.0,0.0,0.0,0.0,0.0,0.0,0.0,0.5,0.0,0.0,0.0,-0.019691239422724882,0.0,0.0,0.0,44.41644213356433,44.41644213356433,44.41644213356433,44.41644213356433,0.03516720197113021,0.04135036692255394,0.0,0.0,0.0,0.03516720197113021,0.1416000013705343
16.536,0.0,0.0,0.534658693432983,0.0,0.0,-0.04579300699171921,0.0,0.0,0.0,0.0,0.0,0.0,0.0,0.0,0.5,0.0,0.0,0.0,-0.014512362956499936,0.0,0.0,0.0,45.35464439193842,45.35464439193842,45.35464439193842,45.35464439193842,0.034658693432983,0.04579300699171921,0.0,0.0,0.0,0.034658693432983,0.15458300185855478
16.544,0.0,0.0,0.5341409675022041,0.0,0.0,-0.04957755386284987,0.0,0.0,0.0,0.0,0.0,0.0,0.0,0.0,0.5,0.0,0.0,0.0,-0.009944303846535107,0.0,0.0,0.0,46.182191332149436,46.182191332149436,46.182191332149436,46.182191332149436,0.03414096750220408,0.04957755386284987,0.0,0.0,0.0,0.03414096750220408,0.15714799519628286
16.552,0.0,0.0,0.5336214063562622,0.0,0.0,-0.05265107173882812,0.0,0.0,0.0,0.0,0.0,0.0,0.0,0.0,0.5,0.0,0.0,0.0,-0.006052085257981066,0.0,0.0,0.0,46.88730339529329,46.88730339529329,46.88730339529329,46.88730339529329,0.03362140635626221,0.05265107173882812,0.0,0.0,0.0,0.03362140635626221,0.21241200010990724
16.56,0.0,0.0,0.5331074262715808,0.0,0.0,-0.054970359508098865,0.0,0.0,0.0,0.0,0.0,0.0,0.0,0.0,0.5,0.0,0.0,0.0,-0.0028889469680694058,0.0,0.0,0.0,47.46033569419033,47.46033569419033,47.46033569419033,47.46033569419033,0.03310742627158081,0.054970359508098865,0.0,0.0,0.0,0.03310742627158081,0.12759299715980887
16.568,0.0,0.0,0.532606477579233,0.0,0.0,-0.05650000491517108,0.0,0.0,0.0,0.0,0.0,0.0,0.0,0.0,0.5,0.0,0.0,0.0,-0.0005032593432751087,0.0,0.0,0.0,47.89252548129074,47.89252548129074,47.89252548129074,47.89252548129074,0.03260647757923296,0.05650000491517108,0.0,0.0,0.0,0.03260647757923296,0.25269600155297667
16.576,0.0,0.0,0.5321260446206942,0.0,0.0,-0.057210827895606275,0.0,0.0,0.0,0.0,0.0,0.0,0.0,0.0,0.5,0.0,0.0,0.0,0.0010632969881163579,0.0,0.0,0.0,48.17632191813702,48.17632191813702,48.17632191813702,48.17632191813702,0.03212604462069424,0.057210827895606275,0.0,0.0,0.0,0.03212604462069424,0.17999800184043124
16.584,0.0,0.0,0.5316736457036524,0.0,0.0,-0.057078635242532566,0.0,0.0,0.0,0.0,0.0,0.0,0.0,0.0,0.5,0.0,0.0,0.0,0.0017737378528602799,0.0,0.0,0.0,48.30502497334425,48.30502497334425,48.30502497334425,48.30502497334425,0.03167364570365239,0.057078635242532566,0.0,0.0,0.0,0.03167364570365239,0.17501799447927624
16.592,0.0,0.0,0.5312568330578751,0.0,0.0,-0.05608322433845993,0.0,0.0,0.0,0.0,0.0,0.0,0.0,0.0,0.5,0.0,0.0,0.0,0.0015948234937737116,0.0,0.0,0.0,48.272612951770604,48.272612951770604,48.272612951770604,48.272612951770604,0.03125683305787508,0.05608322433845993,0.0,0.0,0.0,0.03125683305787508,0.16087399853859097
16.6,0.0,0.0,0.5308831927911346,0.0,0.0,-0.054207586139276606,0.0,0.0,0.0,0.0,0.0,0.0,0.0,0.0,0.5,0.0,0.0,0.0,0.0004962982911855818,0.0,0.0,0.0,48.07360476289594,48.07360476289594,48.07360476289594,48.07360476289594,0.030883192791134606,0.054207586139276606,0.0,0.0,0.0,0.030883192791134606,0.23221199808176607
16.608,0.0,0.0,0.53056034484519,0.0,0.0,-0.05143726756003756,0.0,0.0,0.0,0.0,0.0,0.0,0.0,0.0,0.5,0.0,0.0,0.0,-0.001549717462450917,0.0,0.0,0.0,47.70294973506324,47.70294973506324,47.70294973506324,47.70294973506324,0.03056034484518999,0.05143726756003756,0.0,0.0,0.0,0.03056034484518999,0.1829190005082637
16.616,0.0,0.0,0.5302959429518262,0.0,0.0,-0.04775986138212432,0.0,0.0,0.0,0.0,0.0,0.0,0.0,0.0,0.5,0.0,0.0,0.0,-0.004569214128461452,0.0,0.0,0.0,47.15593946948162,47.15593946948162,47.15593946948162,47.15593946948162,0.03029594295182625,0.04775986138212432,0.0,0.0,0.0,0.03029594295182625,0.32819299667607993
16.624,0.0,0.0,0.5300976745889507,0.0,0.0,-0.04316459817758773,0.0,0.0,0.0,0.0,0.0,0.0,0.0,0.0,0.5,0.0,0.0,0.0,-0.008588377523969015,0.0,0.0,0.0,46.42783015870127,46.42783015870127,46.42783015870127,46.42783015870127,0.03009767458895074,0.04316459817758773,0.0,0.0,0.0,0.03009767458895074,0.12234000314492732
16.632,0.0,0.0,0.5299732609367468,0.0,0.0,-0.03764201984716783,0.0,0.0,0.0,0.0,0.0,0.0,0.0,0.0,0.5,0.0,0.0,0.0,-0.013626911505769224,0.0,0.0,0.0,45.51505226344761,45.51505226344761,45.51505226344761,45.51505226344761,0.029973260936746793,0.03764201984716783,0.0,0.0,0.0,0.029973260936746793,0.13720199785893783
16.64,0.0,0.0,0.529930456833884,0.0,0.0,-0.0311837184493053,0.0,0.0,0.0,0.0,0.0,0.0,0.0,0.0,0.5,0.0,0.0,0.0,-0.019709011190843784,0.0,0.0,0.0,44.41322261035439,44.41322261035439,44.41322261035439,44.41322261035439,0.029930456833883956,0.0311837184493053,0.0,0.0,0.0,0.029930456833883956,0.10662300337571651
16.648,0.0,0.0,0.5299770507337852,0.0,0.0,-0.023782127261912905,0.0,0.0,0.0,0.0,0.0,0.0,0.0,0.0,0.5,0.0,0.0,0.0,-0.026855442546771302,0.0,0.0,0.0,43.118579248773315,43.118579248773315,43.118579248773315,43.118579248773315,0.029977050733785204,0.023782127261912905,0.0,0.0,0.0,0.029977050733785204,0.26481199893169105
16.656,0.0,0.0,0.5301050319917856,0.0,0.0,-0.01582617035952002,0.0,0.0,0.0,0.0,0.0,0.0,0.0,0.0,0.5,0.0,0.0,0.0,-0.03468244110080587,0.0,0.0,0.0,41.70064472811488,41.70064472811488,41.70064472811488,41.70064472811488,0.030105031991785602,0.01582617035952002,0.0,0.0,0.0,0.030105031991785602,0.11854400509037077
16.664,0.0,0.0,0.5303064440621702,0.0,0.0,-0.007625634528002722,0.0,0.0,0.0,0.0,0.0,0.0,0.0,0.0,0.5,0.0,0.0,0.0,-0.04287857258000072,0.0,0.0,0.0,40.215838300724506,40.215838300724506,40.215838300724506,40.215838300724506,0.0303064440621702,0.007625634528002722,0.0,0.0,0.0,0.0303064440621702,0.14974400255596265
16.672,0.0,0.0,0.5305733844278832,0.0,0.0,0.0005730015204223875,0.0,0.0,0.0,0.0,0.0,0.0,0.0,0.0,0.5,0.0,0.0,0.0,-0.05,0.0,0.0,0.0,38.925724637681164,38.925724637681164,38.925724637681164,38.925724637681164,0.030573384427883155,0.0005730015204223875,0.0,0.0,0.0,0.030573384427883155,0.13618899538414553
16.68,0.0,0.0,0.5308980045303279,0.0,0.0,0.00857390377745673,0.0,0.0,0.0,0.0,0.0,0.0,0.0,0.0,0.5,0.0,0.0,0.0,-0.05,0.0,0.0,0.0,38.925724637681164,38.925724637681164,38.925724637681164,38.925724637681164,0.03089800453032787,0.00857390377745673,0.0,0.0,0.0,0.03089800453032787,0.13780799781670794
16.688,0.0,0.0,0.5312725096992585,0.0,0.0,0.01622175224523322,0.0,0.0,0.0,0.0,0.0,0.0,0.0,0.0,0.5,0.0,0.0,0.0,-0.05,0.0,0.0,0.0,38.925724637681164,38.925724637681164,38.925724637681164,38.925724637681164,0.031272509699258544,0.01622175224523322,0.0,0.0,0.0,0.031272509699258544,0.1886180034489371
16.696,0.0,0.0,0.5316891590827625,0.0,0.0,0.023393636383781648,0.0,0.0,0.0,0.0,0.0,0.0,0.0,0.0,0.5,0.0,0.0,0.0,-0.05,0.0,0.0,0.0,38.925724637681164,38.925724637681164,38.925724637681164,38.925724637681164,0.031689159082762486,0.023393636383781648,0.0,0.0,0.0,0.031689159082762486,0.20240699814166874
16.704,0.0,0.0,0.5321402655773337,0.0,0.0,0.029992571471307853,0.0,0.0,0.0,0.0,0.0,0.0,0.0,0.0,0.5,0.0,0.0,0.0,-0.05,0.0,0.0,0.0,38.925724637681164,38.925724637681164,38.925724637681164,38.925724637681164,0.03214026557733374,0.029992571471307853,0.0,0.0,0.0,0.03214026557733374,0.24222700449172407
16.712,0.0,0.0,0.5326181957580374,0.0,0.0,0.03594231169463845,0.0,0.0,0.0,0.0,0.0,0.0,0.0,0.0,0.5,0.0,0.0,0.0,-0.05,0.0,0.0,0.0,38.925724637681164,38.925724637681164,38.925724637681164,38.925724637681164,0.03261819575803737,0.03594231169463845,0.0,0.0,0.0,0.03261819575803737,0.24756699713179842
16.72,0.0,0.0,0.5331153698087646,0.0,0.0,0.04118320062389325,0.0,0.0,0.0,0.0,0.0,0.0,0.0,0.0,0.5,0.0,0.0,0.0,-0.05,0.0,0.0,0.0,38.925724637681164,38.925724637681164,38.925724637681164,38.925724637681164,0.033115369808764616,0.04118320062389325,0.0,0.0,0.0,0.033115369808764616,0.30360399978235364
16.728,0.0,0.0,0.5336242614525784,0.0,0.0,0.045668851594453753,0.0,0.0,0.0,0.0,0.0,0.0,0.0,0.0,0.5,0.0,0.0,0.0,-0.05,0.0,0.0,0.0,38.925724637681164,38.925724637681164,38.925724637681164,38.925724637681164,0.03362426145257835,0.045668851594453753,0.0,0.0,0.0,0.03362426145257835,0.298744002066087
16.736,0.0,0.0,0.5341373978821496,0.0,0.0,0.04936349201484674,0.0,0.0,0.0,0.0,0.0,0.0,0.0,0.0,0.5,0.0,0.0,0.0,-0.05,0.0,0.0,0.0,38.925724637681164,38.925724637681164,38.925724637681164,38.925724637681164,0.034137397882149645,0.04936349201484674,0.0,0.0,0.0,0.034137397882149645,0.36018399987369776
16.744,0.0,0.0,0.534647359690284,0.0,0.0,0.052239838815237305,0.0,0.0,0.0,0.0,0.0,0.0,0.0,0.0,0.5,0.0,0.0,0.0,-0.05,0.0,0.0,0.0,38.925724637681164,38.925724637681164,38.925724637681164,38.925724637681164,0.034647359690283985,0.052239838815237305,0.0,0.0,0.0,0.034647359690283985,0.37734700163127854
16.752,0.0,0.0,0.5351467808005383,0.0,0.0,0.054277398808550245,0.0,0.0,0.0,0.0,0.0,0.0,0.0,0.0,0.5,0.0,0.0,0.0,-0.05,0.0,0.0,0.0,38.925724637681164,38.925724637681164,38.925724637681164,38.925724637681164,0.035146780800538346,0.054277398808550245,0.0,0.0,0.0,0.035146780800538346,0.3270800007157959
16.76,0.0,0.0,0.5356283483979283,0.0,0.0,0.05546110898158447,0.0,0.0,0.0,0.0,0.0,0.0,0.0,0.0,0.5,0.0,0.0,0.0,-0.05,0.0,0.0,0.0,38.925724637681164,38.925724637681164,38.925724637681164,38.925724637681164,0.03562834839792828,0.05546110898158447,0.0,0.0,0.0,0.03562834839792828,0.3658159985207021
16.768,0.0,0.0,0.5360848028597246,0.0,0.0,0.05578024873017679,0.0,0.0,0.0,0.0,0.0,0.0,0.0,0.0,0.5,0.0,0.0,0.0,-0.05,0.0,0.0,0.0,38.925724637681164,38.925724637681164,38.925724637681164,38.925724637681164,0.036084802859724596,0.05578024873017679,0.0,0.0,0.0,0.036084802859724596,0.3510469978209585
16.776,0.0,0.0,0.5365089376863408,0.0,0.0,0.055227569649547226,0.0,0.0,0.0,0.0,0.0,0.0,0.0,0.0,0.5,0.0,0.0,0.0,-0.05,0.0,0.0,0.0,38.925724637681164,38.925724637681164,38.925724637681164,38.925724637681164,0.03650893768634078,0.055227569649547226,0.0,0.0,0.0,0.03650893768634078,0.45941599819343537
16.784,0.0,0.0,0.5368935994323093,0.0,0.0,0.053798599368851785,0.0,0.0,0.0,0.0,0.0,0.0,0.0,0.0,0.5,0.0,0.0,0.0,-0.05,0.0,0.0,0.0,38.925724637681164,38.925724637681164,38.925724637681164,38.925724637681164,0.0368935994323093,0.053798599368851785,0.0,0.0,0.0,0.0368935994323093,0.3800060003413819
16.792,0.0,0.0,0.5372316876373483,0.0,0.0,0.051491084621053604,0.0,0.0,0.0,0.0,0.0,0.0,0.0,0.0,0.5,0.0,0.0,0.0,-0.05,0.0,0.0,0.0,38.925724637681164,38.925724637681164,38.925724637681164,38.925724637681164,0.0372316876373483,0.051491084621053604,0.0,0.0,0.0,0.0372316876373483,0.31145999673753977
16.8,0.0,0.0,0.5375161547575176,0.0,0.0,0.048304545701075514,0.0,0.0,0.0,0.0,0.0,0.0,0.0,0.0,0.5,0.0,0.0,0.0,-0.05,0.0,0.0,0.0,38.925724637681164,38.925724637681164,38.925724637681164,38.925724637681164,0.03751615475751757,0.048304545701075514,0.0,0.0,0.0,0.03751615475751757,0.34753100044326857
16.808,0.0,0.0,0.5377470704630468,0.0,0.0,0.04441652919909216,0.0,0.0,0.0,0.0,0.0,0.0,0.0,0.0,0.5,0.0,0.0,0.0,-0.05,0.0,0.0,0.0,38.925724637681164,38.925724637681164,38.925724637681164,38.925724637681164,0.03774707046304682,0.04441652919909216,0.0,0.0,0.0,0.03774707046304682,0.31180599762592465
16.816,0.0,0.0,0.5379245043336428,0.0,0.0,0.03996907012417394,0.0,0.0,0.0,0.0,0.0,0.0,0.0,0.0,0.5,0.0,0.0,0.0,-0.05,0.0,0.0,0.0,38.925724637681164,38.925724637681164,38.925724637681164,38.925724637681164,0.037924504333642806,0.03996907012417394,0.0,0.0,0.0,0.037924504333642806,0.32526300492463633
16.824,0.0,0.0,0.538048525858607,0.0,0.0,0.03507579422344205,0.0,0.0,0.0,0.0,0.0,0.0,0.0,0.0,0.5,0.0,0.0,0.0,-0.05,0.0,0.0,0.0,38.925724637681164,38.925724637681164,38.925724637681164,38.925724637681164,0.03804852585860696,0.03507579422344205,0.0,0.0,0.0,0.03804852585860696,0.3239399957237765
16.832,0.0,0.0,0.5381192044369528,0.0,0.0,0.02982759983740038,0.0,0.0,0.0,0.0,0.0,0.0,0.0,0.0,0.5,0.0,0.0,0.0,-0.05,0.0,0.0,0.0,38.925724637681164,38.925724637681164,38.925724637681164,38.925724637681164,0.038119204436952825,0.02982759983740038,0.0,0.0,0.0,0.038119204436952825,0.2645249987835996
16.84,0.0,0.0,0.5381366093775232,0.0,0.0,0.024297203384178918,0.0,0.0,0.0,0.0,0.0,0.0,0.0,0.0,0.5,0.0,0.0,0.0,-0.05,0.0,0.0,0.0,38.925724637681164,38.925724637681164,38.925724637681164,38.925724637681164,0.03813660937752317,0.024297203384178918,0.0,0.0,0.0,0.03813660937752317,0.37006299680797383
16.848,0.0,0.0,0.5381008098991076,0.0,0.0,0.01854277574695334,0.0,0.0,0.0,0.0,0.0,0.0,0.0,0.0,0.5,0.0,0.0,0.0,-0.05,0.0,0.0,0.0,38.925724637681164,38.925724637681164,38.925724637681164,38.925724637681164,0.03810080989910758,0.01854277574695334,0.0,0.0,0.0,0.03810080989910758,0.2175070039811544
16.856,0.0,0.0,0.5380118751305589,0.0,0.0,0.012610851383847063,0.0,0.0,0.0,0.0,0.0,0.0,0.0,0.0,0.5,0.0,0.0,0.0,-0.05,0.0,0.0,0.0,38.925724637681164,38.925724637681164,38.925724637681164,38.925724637681164,0.038011875130558925,0.012610851383847063,0.0,0.0,0.0,0.038011875130558925,0.23386100656352937
16.864,0.0,0.0,0.5378698741109107,0.0,0.0,0.006538655615871506,0.0,0.0,0.0,0.0,0.0,0.0,0.0,0.0,0.5,0.0,0.0,0.0,-0.05,0.0,0.0,0.0,38.925724637681164,38.925724637681164,38.925724637681164,38.925724637681164,0.037869874110910695,0.006538655615871506,0.0,0.0,0.0,0.037869874110910695,0.1824610008043237
16.872,0.0,0.0,0.5376748757894936,0.0,0.0,0.0003559664572687438,0.0,0.0,0.0,0.0,0.0,0.0,0.0,0.0,0.5,0.0,0.0,0.0,-0.05,0.0,0.0,0.0,38.925724637681164,38.925724637681164,38.925724637681164,38.925724637681164,0.03767487578949358,0.0003559664572687438,0.0,0.0,0.0,0.03767487578949358,0.16599000082351267
16.88,0.0,0.0,0.5374269490260517,0.0,0.0,-0.005913395920232556,0.0,0.0,0.0,0.0,0.0,0.0,0.0,0.0,0.5,0.0,0.0,0.0,-0.05,0.0,0.0,0.0,38.925724637681164,38.925724637681164,38.925724637681164,38.925724637681164,0.037426949026051703,0.005913395920232556,0.0,0.0,0.0,0.037426949026051703,0.18858899420592934
16.888,0.0,0.0,0.5371261625908594,0.0,0.0,-0.012250377615990245,0.0,0.0,0.0,0.0,0.0,0.0,0.0,0.0,0.5,0.0,0.0,0.0,-0.05,0.0,0.0,0.0,38.925724637681164,38.925724637681164,38.925724637681164,38.925724637681164,0.037126162590859435,0.012250377615990245,0.0,0.0,0.0,0.037126162590859435,0.13986900012241676
16.896,0.0,0.0,0.5367725851648374,0.0,0.0,-0.01863973774334429,0.0,0.0,0.0,0.0,0.0,0.0,0.0,0.0,0.5,0.0,0.0,0.0,-0.04432939991417817,0.0,0.0,0.0,39.95300726192425,39.95300726192425,39.95300726192425,39.95300726192425,0.03677258516483739,0.01863973774334429,0.0,0.0,0.0,0.03677258516483739,0.11117399844806641
16.904,0.0,0.0,0.5363733933969183,0.0,0.0,-0.024891584392654986,0.0,0.0,0.0,0.0,0.0,0.0,0.0,0.0,0.5,0.0,0.0,0.0,-0.037624793242399535,0.0,0.0,0.0,41.16760991985516,41.16760991985516,41.16760991985516,41.16760991985516,0.03637339339691825,0.024891584392654986,0.0,0.0,0.0,0.03637339339691825,0.14622299931943417
16.912,0.0,0.0,0.5359357983020341,0.0,0.0,-0.030853144886229422,0.0,0.0,0.0,0.0,0.0,0.0,0.0,0.0,0.5,0.0,0.0,0.0,-0.03112750414132892,0.0,0.0,0.0,42.3446550468607,42.3446550468607,42.3446550468607,42.3446550468607,0.03593579830203408,0.030853144886229422,0.0,0.0,0.0,0.03593579830203408,0.13055399904260412
16.92,0.0,0.0,0.5354670452164642,0.0,0.0,-0.03640134304822784,0.0,0.0,0.0,0.0,0.0,0.0,0.0,0.0,0.5,0.0,0.0,0.0,-0.02496737167535379,0.0,0.0,0.0,43.460621073305475,43.460621073305475,43.460621073305475,43.460621073305475,0.035467045216464155,0.03640134304822784,0.0,0.0,0.0,0.035467045216464155,0.12637699546758085
16.928,0.0,0.0,0.5349744137532412,0.0,0.0,-0.04143686101915816,0.0,0.0,0.0,0.0,0.0,0.0,0.0,0.0,0.5,0.0,0.0,0.0,-0.019252212059141516,0.0,0.0,0.0,44.49597607624248,44.49597607624248,44.49597607624248,44.49597607624248,0.034974413753241174,0.04143686101915816,0.0,0.0,0.0,0.034974413753241174,0.1279820062336512
16.936,0.0,0.0,0.5344652177576152,0.0,0.0,-0.04587938870597625,0.0,0.0,0.0,0.0,0.0,0.0,0.0,0.0,0.5,0.0,0.0,0.0,-0.014072171556222646,0.0,0.0,0.0,45.43438921082923,45.43438921082923,45.43438921082923,45.43438921082923,0.03446521775761524,0.04587938870597625,0.0,0.0,0.0,0.03446521775761524,0.15837500541238114
16.944,0.0,0.0,0.5339468052625755,0.0,0.0,-0.04966382334077492,0.0,0.0,0.0,0.0,0.0,0.0,0.0,0.0,0.5,0.0,0.0,0.0,-0.009502949922007953,0.0,0.0,0.0,46.26214675325943,46.26214675325943,46.26214675325943,46.26214675325943,0.03394680526257554,0.04966382334077492,0.0,0.0,0.0,0.03394680526257554,0.20137599494773895
16.952,0.0,0.0,0.5334265584444303,0.0,0.0,-0.0527372291262461,0.0,0.0,0.0,0.0,0.0,0.0,0.0,0.0,0.5,0.0,0.0,0.0,-0.005609571771108879,0.0,0.0,0.0,46.967468882045495,46.967468882045495,46.967468882045495,46.967468882045495,0.03342655844443032,0.0527372291262461,0.0,0.0,0.0,0.03342655844443032,0.17258799925912172
16.96,0.0,0.0,0.532911893578444,0.0,0.0,-0.05505640495065532,0.0,0.0,0.0,0.0,0.0,0.0,0.0,0.0,0.5,0.0,0.0,0.0,-0.0024452739808427104,0.0,0.0,0.0,47.540711235354586,47.540711235354586,47.540711235354586,47.540711235354586,0.03291189357844404,0.05505640495065532,0.0,0.0,0.0,0.03291189357844404,0.1515749972895719
16.968,0.0,0.0,0.5324102609945323,0.0,0.0,-0.05658593855832019,0.0,0.0,0.0,0.0,0.0,0.0,0.0,0.0,0.5,0.0,0.0,0.0,-5.842835546443492e-05,0.0,0.0,0.0,47.97311080516949,47.97311080516949,47.97311080516949,47.97311080516949,0.03241026099453226,0.05658593855832019,0.0,0.0,0.0,0.03241026099453226,0.22380299924407154
16.976,0.0,0.0,0.5319291450330144,0.0,0.0,-0.057296649884604915,0.0,0.0,0.0,0.0,0.0,0.0,0.0,0.0,0.5,0.0,0.0,0.0,0.0015092844719293286,0.0,0.0,0.0,48.25711675216111,48.25711675216111,48.25711675216111,48.25711675216111,0.03192914503301436,0.057296649884604915,0.0,0.0,0.0,0.03192914503301436,0.22828300279797986
16.984,0.0,0.0,0.5314760640004236,0.0,0.0,-0.057164345722449786,0.0,0.0,0.0,0.0,0.0,0.0,0.0,0.0,0.5,0.0,0.0,0.0,0.002220880330029762,0.0,0.0,0.0,48.386029045295246,48.386029045295246,48.386029045295246,48.386029045295246,0.031476064000423576,0.057164345722449786,0.0,0.0,0.0,0.031476064000423576,0.18251899746246636
16.992,0.0,0.0,0.5310585701253746,0.0,0.0,-0.0561688234541852,0.0,0.0,0.0,0.0,0.0,0.0,0.0,0.0,0.5,0.0,0.0,0.0,0.002043119463614129,0.0,0.0,0.0,48.35382598978517,48.35382598978517,48.35382598978517,48.35382598978517,0.031058570125374607,0.0561688234541852,0.0,0.0,0.0,0.031058570125374607,0.17513499915366992
17.0,0.0,0.0,0.5306842495144881,0.0,0.0,-0.054293074035511486,0.0,0.0,0.0,0.0,0.0,0.0,0.0,0.0,0.5,0.0,0.0,0.0,0.0009457462549607998,0.0,0.0,0.0,48.155026495463915,48.155026495463915,48.155026495463915,48.155026495463915,0.030684249514488116,0.054293074035511486,0.0,0.0,0.0,0.030684249514488116,0.16033699648687616
17.008,0.0,0.0,0.5303607221083732,0.0,0.0,-0.051522644381284205,0.0,0.0,0.0,0.0,0.0,0.0,0.0,0.0,0.5,0.0,0.0,0.0,-0.0010991190015410268,0.0,0.0,0.0,47.784579891025174,47.784579891025174,47.784579891025174,47.784579891025174,0.03036072210837315,0.051522644381284205,0.0,0.0,0.0,0.03036072210837315,0.3353340071043931
17.016000000000002,0.0,0.0,0.5300956416376661,0.0,0.0,-0.04784512727270159,0.0,0.0,0.0,0.0,0.0,0.0,0.0,0.0,0.5,0.0,0.0,0.0,-0.0041174666652632474,0.0,0.0,0.0,47.23777777803202,47.23777777803202,47.23777777803202,47.23777777803202,0.030095641637666093,0.04784512727270159,0.0,0.0,0.0,0.030095641637666093,0.19711000641109422
17.024,0.0,0.0,0.5298966955791273,0.0,0.0,-0.04324975328163089,0.0,0.0,0.0,0.0,0.0,0.0,0.0,0.0,0.5,0.0,0.0,0.0,-0.008135486016761506,0.0,0.0,0.0,46.509875721601176,46.509875721601176,46.509875721601176,46.509875721601176,0.02989669557912733,0.04324975328163089,0.0,0.0,0.0,0.02989669557912733,0.14129700139164925
17.032,0.0,0.0,0.5297716051117947,0.0,0.0,-0.03772706430862173,0.0,0.0,0.0,0.0,0.0,0.0,0.0,0.0,0.5,0.0,0.0,0.0,-0.01317287401681777,0.0,0.0,0.0,45.59730543173591,45.59730543173591,45.59730543173591,45.59730543173591,0.029771605111794663,0.03772706430862173,0.0,0.0,0.0,0.029771605111794663,0.14200599980540574
17.04,0.0,0.0,0.5297281250731934,0.0,0.0,-0.03126865241192795,0.0,0.0,0.0,0.0,0.0,0.0,0.0,0.0,0.5,0.0,0.0,0.0,-0.019253829168370484,0.0,0.0,0.0,44.495683121672016,44.495683121672016,44.495683121672016,44.495683121672016,0.029728125073193445,0.03126865241192795,0.0,0.0,0.0,0.029728125073193445,0.17583300359547138
17.048000000000002,0.0,0.0,0.5297740439156041,0.0,0.0,-0.02386695086927587,0.0,0.0,0.0,0.0,0.0,0.0,0.0,0.0,0.5,0.0,0.0,0.0,-0.02639911400092565,0.0,0.0,0.0,43.201247463600424,43.201247463600424,43.201247463600424,43.201247463600424,0.02977404391560412,0.02386695086927587,0.0,0.0,0.0,0.02977404391560412,0.16334500105585903
17.056,0.0,0.0,0.5299013509932206,0.0,0.0,-0.015910883755009493,0.0,0.0,0.0,0.0,0.0,0.0,0.0,0.0,0.5,0.0,0.0,0.0,-0.03422497098106947,0.0,0.0,0.0,41.78351974980626,41.78351974980626,41.78351974980626,41.78351974980626,0.029901350993220555,0.015910883755009493,0.0,0.0,0.0,0.029901350993220555,0.15352499758591875
17.064,0.0,0.0,0.5301020897591882,0.0,0.0,-0.007710237854817023,0.0,0.0,0.0,0.0,0.0,0.0,0.0,0.0,0.5,0.0,0.0,0.0,-0.04241996238631207,0.0,0.0,0.0,40.298919857552164,40.298919857552164,40.298919857552164,40.298919857552164,0.030102089759188155,0.007710237854817023,0.0,0.0,0.0,0.030102089759188155,0.23009799770079553
17.072,0.0,0.0,0.530368357695313,0.0,0.0,0.0004885081192678902,0.0,0.0,0.0,0.0,0.0,0.0,0.0,0.0,0.5,0.0,0.0,0.0,-0.05,0.0,0.0,0.0,38.925724637681164,38.925724637681164,38.925724637681164,38.925724637681164,0.030368357695312986,0.0004885081192678902,0.0,0.0,0.0,0.030368357695312986,0.2135559989255853
17.080000000000002,0.0,0.0,0.5306923062418618,0.0,0.0,0.008489520159132222,0.0,0.0,0.0,0.0,0.0,0.0,0.0,0.0,0.5,0.0,0.0,0.0,-0.05,0.0,0.0,0.0,38.925724637681164,38.925724637681164,38.925724637681164,38.925724637681164,0.03069230624186181,0.008489520159132222,0.0,0.0,0.0,0.03069230624186181,0.15276100020855665
17.088,0.0,0.0,0.5310661407274536,0.0,0.0,0.016137478267101966,0.0,0.0,0.0,0.0,0.0,0.0,0.0,0.0,0.5,0.0,0.0,0.0,-0.05,0.0,0.0,0.0,38.925724637681164,38.925724637681164,38.925724637681164,38.925724637681164,0.031066140727453617,0.016137478267101966,0.0,0.0,0.0,0.031066140727453617,0.18142100452678278
17.096,0.0,0.0,0.5314821202990421,0.0,0.0,0.023309471903394066,0.0,0.0,0.0,0.0,0.0,0.0,0.0,0.0,0.5,0.0,0.0,0.0,-0.05,0.0,0.0,0.0,38.925724637681164,38.925724637681164,38.925724637681164,38.925724637681164,0.03148212029904207,0.023309471903394066,0.0,0.0,0.0,0.03148212029904207,0.20364300144137815
17.104,0.0,0.0,0.5319325578519889,0.0,0.0,0.029908516346387127,0.0,0.0,0.0,0.0,0.0,0.0,0.0,0.0,0.5,0.0,0.0,0.0,-0.05,0.0,0.0,0.0,38.925724637681164,38.925724637681164,38.925724637681164,38.925724637681164,0.031932557851988896,0.029908516346387127,0.0,0.0,0.0,0.031932557851988896,0.24537999706808478
17.112000000000002,0.0,0.0,0.5324098199602283,0.0,0.0,0.03585836578309061,0.0,0.0,0.0,0.0,0.0,0.0,0.0,0.0,0.5,0.0,0.0,0.0,-0.05,0.0,0.0,0.0,38.925724637681164,38.925724637681164,38.925724637681164,38.925724637681164,0.03240981996022829,0.03585836578309061,0.0,0.0,0.0,0.03240981996022829,0.2514430016162805
17.12,0.0,0.0,0.5329063268065223,0.0,0.0,0.041099363783823534,0.0,0.0,0.0,0.0,0.0,0.0,0.0,0.0,0.5,0.0,0.0,0.0,-0.05,0.0,0.0,0.0,38.925724637681164,38.925724637681164,38.925724637681164,38.925724637681164,0.03290632680652228,0.041099363783823534,0.0,0.0,0.0,0.03290632680652228,0.6357210004352964
17.128,0.0,0.0,0.5334145521128059,0.0,0.0,0.045585123684149804,0.0,0.0,0.0,0.0,0.0,0.0,0.0,0.0,0.5,0.0,0.0,0.0,-0.05,0.0,0.0,0.0,38.925724637681164,38.925724637681164,38.925724637681164,38.925724637681164,0.03341455211280586,0.045585123684149804,0.0,0.0,0.0,0.03341455211280586,0.31223100086208433
17.136,0.0,0.0,0.5339270230706238,0.0,0.0,0.04927987289276933,0.0,0.0,0.0,0.0,0.0,0.0,0.0,0.0,0.5,0.0,0.0,0.0,-0.05,0.0,0.0,0.0,38.925724637681164,38.925724637681164,38.925724637681164,38.925724637681164,0.033927023070623785,0.04927987289276933,0.0,0.0,0.0,0.033927023070623785,0.32874200405785814
17.144000000000002,0.0,0.0,0.5344363202716566,0.0,0.0,0.05215632834003036,0.0,0.0,0.0,0.0,0.0,0.0,0.0,0.0,0.5,0.0,0.0,0.0,-0.05,0.0,0.0,0.0,38.925724637681164,38.925724637681164,38.925724637681164,38.925724637681164,0.03443632027165655,0.05215632834003036,0.0,0.0,0.0,0.03443632027165655,0.2963520018965937
17.152,0.0,0.0,0.5349350776383378,0.0,0.0,0.054193996839057096,0.0,0.0,0.0,0.0,0.0,0.0,0.0,0.0,0.5,0.0,0.0,0.0,-0.05,0.0,0.0,0.0,38.925724637681164,38.925724637681164,38.925724637681164,38.925724637681164,0.03493507763833781,0.054193996839057096,0.0,0.0,0.0,0.03493507763833781,0.3165779999108054
17.16,0.0,0.0,0.535415982354561,0.0,0.0,0.05537781537682691,0.0,0.0,0.0,0.0,0.0,0.0,0.0,0.0,0.5,0.0,0.0,0.0,-0.05,0.0,0.0,0.0,38.925724637681164,38.925724637681164,38.925724637681164,38.925724637681164,0.035415982354561004,0.05537781537682691,0.0,0.0,0.0,0.035415982354561004,0.30711399449501187
17.168,0.0,0.0,0.5358717747964765,0.0,0.0,0.05569706334935065,0.0,0.0,0.0,0.0,0.0,0.0,0.0,0.0,0.5,0.0,0.0,0.0,-0.05,0.0,0.0,0.0,38.925724637681164,38.925724637681164,38.925724637681164,38.925724637681164,0.03587177479647652,0.05569706334935065,0.0,0.0,0.0,0.03587177479647652,0.27621900517260656
17.176000000000002,0.0,0.0,0.5362952484633786,0.0,0.0,0.05514449235202941,0.0,0.0,0.0,0.0,0.0,0.0,0.0,0.0,0.5,0.0,0.0,0.0,-0.05,0.0,0.0,0.0,38.925724637681164,38.925724637681164,38.925724637681164,38.925724637681164,0.036295248463378615,0.05514449235202941,0.0,0.0,0.0,0.036295248463378615,0.25955999444704503
17.184,0.0,0.0,0.5366792499086822,0.0,0.0,0.05371563001421445,0.0,0.0,0.0,0.0,0.0,0.0,0.0,0.0,0.5,0.0,0.0,0.0,-0.05,0.0,0.0,0.0,38.925724637681164,38.925724637681164,38.925724637681164,38.925724637681164,0.03667924990868221,0.05371563001421445,0.0,0.0,0.0,0.03667924990868221,0.31590300204697996
17.192,0.0,0.0,0.5370166786709893,0.0,0.0,0.051408223069050865,0.0,0.0,0.0,0.0,0.0,0.0,0.0,0.0,0.5,0.0,0.0,0.0,-0.05,0.0,0.0,0.0,38.925724637681164,38.925724637681164,38.925724637681164,38.925724637681164,0.037016678670989345,0.051408223069050865,0.0,0.0,0.0,0.037016678670989345,0.3119930042885244
17.2,0.0,0.0,0.537300487205245,0.0,0.0,0.048221791811633774,0.0,0.0,0.0,0.0,0.0,0.0,0.0,0.0,0.5,0.0,0.0,0.0,-0.05,0.0,0.0,0.0,38.925724637681164,38.925724637681164,38.925724637681164,38.925724637681164,0.037300487205245036,0.048221791811633774,0.0,0.0,0.0,0.037300487205245036,0.434531997598242
17.208000000000002,0.0,0.0,0.5375307451805658,0.0,0.0,0.044333882832323215,0.0,0.0,0.0,0.0,0.0,0.0,0.0,0.0,0.5,0.0,0.0,0.0,-0.05,0.0,0.0,0.0,38.925724637681164,38.925724637681164,38.925724637681164,38.925724637681164,0.03753074518056576,0.044333882832323215,0.0,0.0,0.0,0.03753074518056576,0.48269399849232286
17.216,0.0,0.0,0.5377075221755465,0.0,0.0,0.039886531140377914,0.0,0.0,0.0,0.0,0.0,0.0,0.0,0.0,0.5,0.0,0.0,0.0,-0.05,0.0,0.0,0.0,38.925724637681164,38.925724637681164,38.925724637681164,38.925724637681164,0.037707522175546515,0.039886531140377914,0.0,0.0,0.0,0.037707522175546515,0.3812849972746335
17.224,0.0,0.0,0.5378308876783782,0.0,0.0,0.03499336248309396,0.0,0.0,0.0,0.0,0.0,0.0,0.0,0.0,0.5,0.0,0.0,0.0,-0.05,0.0,0.0,0.0,38.925724637681164,38.925724637681164,38.925724637681164,38.925724637681164,0.03783088767837817,0.03499336248309396,0.0,0.0,0.0,0.03783088767837817,0.30119699658825994
17.232,0.0,0.0,0.5379009110869654,0.0,0.0,0.02974527520115522,0.0,0.0,0.0,0.0,0.0,0.0,0.0,0.0,0.5,0.0,0.0,0.0,-0.05,0.0,0.0,0.0,38.925724637681164,38.925724637681164,38.925724637681164,38.925724637681164,0.03790091108696536,0.02974527520115522,0.0,0.0,0.0,0.03790091108696536,0.2847799987648614
17.240000000000002,0.0,0.0,0.5379176617090435,0.0,0.0,0.024214985712878452,0.0,0.0,0.0,0.0,0.0,0.0,0.0,0.0,0.5,0.0,0.0,0.0,-0.05,0.0,0.0,0.0,38.925724637681164,38.925724637681164,38.925724637681164,38.925724637681164,0.03791766170904354,0.024214985712878452,0.0,0.0,0.0,0.03791766170904354,0.29355299921007827
17.248,0.0,0.0,0.5378812087622961,0.0,0.0,0.018460664901615704,0.0,0.0,0.0,0.0,0.0,0.0,0.0,0.0,0.5,0.0,0.0,0.0,-0.05,0.0,0.0,0.0,38.925724637681164,38.925724637681164,38.925724637681164,38.925724637681164,0.03788120876229606,0.018460664901615704,0.0,0.0,0.0,0.03788120876229606,0.26861699734581634
17.256,0.0,0.0,0.5377916213744712,0.0,0.0,0.012528847225671571,0.0,0.0,0.0,0.0,0.0,0.0,0.0,0.0,0.5,0.0,0.0,0.0,-0.05,0.0,0.0,0.0,38.925724637681164,38.925724637681164,38.925724637681164,38.925724637681164,0.03779162137447123,0.012528847225671571,0.0,0.0,0.0,0.03779162137447123,0.20025199773954228
17.264,0.0,0.0,0.5376489685834994,0.0,0.0,0.006456758006241642,0.0,0.0,0.0,0.0,0.0,0.0,0.0,0.0,0.5,0.0,0.0,0.0,-0.05,0.0,0.0,0.0,38.925724637681164,38.925724637681164,38.925724637681164,38.925724637681164,0.03764896858349942,0.006456758006241642,0.0,0.0,0.0,0.03764896858349942,0.18025399913312867
17.272000000000002,0.0,0.0,0.5374533193376094,0.0,0.0,0.00027417525774507245,0.0,0.0,0.0,0.0,0.0,0.0,0.0,0.0,0.5,0.0,0.0,0.0,-0.05,0.0,0.0,0.0,38.925724637681164,38.925724637681164,38.925724637681164,38.925724637681164,0.037453319337609425,0.00027417525774507245,0.0,0.0,0.0,0.037453319337609425,0.16642300033709034
17.28,0.0,0.0,0.5372047424954451,0.0,0.0,-0.005995080847911704,0.0,0.0,0.0,0.0,0.0,0.0,0.0,0.0,0.5,0.0,0.0,0.0,-0.05,0.0,0.0,0.0,38.925724637681164,38.925724637681164,38.925724637681164,38.925724637681164,0.03720474249544514,0.005995080847911704,0.0,0.0,0.0,0.03720474249544514,0.15100099699338898
17.288,0.0,0.0,0.536903306826182,0.0,0.0,-0.012331956409907842,0.0,0.0,0.0,0.0,0.0,0.0,0.0,0.0,0.5,0.0,0.0,0.0,-0.05,0.0,0.0,0.0,38.925724637681164,38.925724637681164,38.925724637681164,38.925724637681164,0.036903306826182036,0.012331956409907842,0.0,0.0,0.0,0.036903306826182036,0.13767699419986457
17.296,0.0,0.0,0.5365490810096433,0.0,0.0,-0.018721210541396423,0.0,0.0,0.0,0.0,0.0,0.0,0.0,0.0,0.5,0.0,0.0,0.0,-0.043837507837275025,0.0,0.0,0.0,40.04211814542119,40.04211814542119,40.04211814542119,40.04211814542119,0.03654908100964327,0.018721210541396423,0.0,0.0,0.0,0.03654908100964327,0.11201800225535408
17.304000000000002,0.0,0.0,0.5361492416936655,0.0,0.0,-0.024972951332557725,0.0,0.0,0.0,0.0,0.0,0.0,0.0,0.0,0.5,0.0,0.0,0.0,-0.03713265347660233,0.0,0.0,0.0,41.256765674528566,41.256765674528566,41.256765674528566,41.256765674528566,0.03614924169366551,0.024972951332557725,0.0,0.0,0.0,0.03614924169366551,0.107003994344268
17.312,0.0,0.0,0.5357109998920861,0.0,0.0,-0.030934406105531498,0.0,0.0,0.0,0.0,0.0,0.0,0.0,0.0,0.5,0.0,0.0,0.0,-0.03063427552378839,0.0,0.0,0.0,42.434008057284714,42.434008057284714,42.434008057284714,42.434008057284714,0.03571099989208615,0.030934406105531498,0.0,0.0,0.0,0.03571099989208615,0.12678599887294695
17.32,0.0,0.0,0.5352416009400913,0.0,0.0,-0.03648249868429714,0.0,0.0,0.0,0.0,0.0,0.0,0.0,0.0,0.5,0.0,0.0,0.0,-0.0244730494731783,0.0,0.0,0.0,43.55017219688799,43.55017219688799,43.55017219688799,43.55017219688799,0.03524160094009132,0.03648249868429714,0.0,0.0,0.0,0.03524160094009132,0.12558199523482472
17.328,0.0,0.0,0.534748324449622,0.0,0.0,-0.04151791120917343,0.0,0.0,0.0,0.0,0.0,0.0,0.0,0.0,0.5,0.0,0.0,0.0,-0.01875679766534888,0.0,0.0,0.0,44.5857250606252,44.5857250606252,44.5857250606252,44.5857250606252,0.03474832444962195,0.04151791120917343,0.0,0.0,0.0,0.03474832444962195,0.1603540003998205
17.336000000000002,0.0,0.0,0.5342384842648378,0.0,0.0,-0.04596033358693878,0.0,0.0,0.0,0.0,0.0,0.0,0.0,0.0,0.5,0.0,0.0,0.0,-0.013575666389786245,0.0,0.0,0.0,45.52433579895177,45.52433579895177,45.52433579895177,45.52433579895177,0.034238484264837776,0.04596033358693878,0.0,0.0,0.0,0.034238484264837776,0.14325400115922093
17.344,0.0,0.0,0.5337194284176392,0.0,0.0,-0.04974466304951695,0.0,0.0,0.0,0.0,0.0,0.0,0.0,0.0,0.5,0.0,0.0,0.0,-0.009005355400172,0.0,0.0,0.0,46.35229068837464,46.35229068837464,46.35229068837464,46.35229068837464,0.0337194284176392,0.04974466304951695,0.0,0.0,0.0,0.0337194284176392,0.15610799891874194
17.352,0.0,0.0,0.5331985390832468,0.0,0.0,-0.052817963799425674,0.0,0.0,0.0,0.0,0.0,0.0,0.0,0.0,0.5,0.0,0.0,0.0,-0.005110890669343338,0.0,0.0,0.0,47.057809661350845,47.057809661350845,47.057809661350845,47.057809661350845,0.03319853908324677,0.052817963799425674,0.0,0.0,0.0,0.03319853908324677,0.12594500003615394
17.36,0.0,0.0,0.5326832325358388,0.0,0.0,-0.0551370347247406,0.0,0.0,0.0,0.0,0.0,0.0,0.0,0.0,0.5,0.0,0.0,0.0,-0.0019455063572483278,0.0,0.0,0.0,47.63124884832458,47.63124884832458,47.63124884832458,47.63124884832458,0.032683232535838824,0.0551370347247406,0.0,0.0,0.0,0.032683232535838824,0.10751499939942732
17.368000000000002,0.0,0.0,0.5321809591042462,0.0,0.0,-0.05666646356960311,0.0,0.0,0.0,0.0,0.0,0.0,0.0,0.0,0.5,0.0,0.0,0.0,0.0004424243845750908,0.0,0.0,0.0,48.063844997205635,48.063844997205635,48.063844997205635,48.063844997205635,0.03218095910424623,0.05666646356960311,0.0,0.0,0.0,0.03218095910424623,0.10855300206458196
17.376,0.0,0.0,0.5316992031277052,0.0,0.0,-0.0573770702692085,0.0,0.0,0.0,0.0,0.0,0.0,0.0,0.0,0.5,0.0,0.0,0.0,0.002011220918539447,0.0,0.0,0.0,48.34804726785135,48.34804726785135,48.34804726785135,48.34804726785135,0.031699203127705244,0.0573770702692085,0.0,0.0,0.0,0.031699203127705244,0.135394002427347
17.384,0.0,0.0,0.5312454829116672,0.0,0.0,-0.05724466161631973,0.0,0.0,0.0,0.0,0.0,0.0,0.0,0.0,0.5,0.0,0.0,0.0,0.002723899075144809,0.0,0.0,0.0,48.47715562955522,48.47715562955522,48.47715562955522,48.47715562955522,0.031245482911667177,0.05724466161631973,0.0,0.0,0.0,0.031245482911667177,0.13279600534588099
17.392,0.0,0.0,0.5308273506836662,0.0,0.0,-0.056249034993082495,0.0,0.0,0.0,0.0,0.0,0.0,0.0,0.0,0.5,0.0,0.0,0.0,0.0025472191009933143,0.0,0.0,0.0,48.44514838786111,48.44514838786111,48.44514838786111,48.44514838786111,0.030827350683666155,0.056249034993082495,0.0,0.0,0.0,0.030827350683666155,0.18352799816057086
17.400000000000002,0.0,0.0,0.5304523925492438,0.0,0.0,-0.05437318135502144,0.0,0.0,0.0,0.0,0.0,0.0,0.0,0.0,0.5,0.0,0.0,0.0,0.0014509253801900934,0.0,0.0,0.0,48.24654445293299,48.24654445293299,48.24654445293299,48.24654445293299,0.030452392549243812,0.05437318135502144,0.0,0.0,0.0,0.030452392549243812,0.16832399705890566
17.408,0.0,0.0,0.5301282284479315,0.0,0.0,-0.05160264761682574,0.0,0.0,0.0,0.0,0.0,0.0,0.0,0.0,0.5,0.0,0.0,0.0,-0.0005928617910399003,0.0,0.0,0.0,47.87629315379712,47.87629315379712,47.87629315379712,47.87629315379712,0.030128228447931504,0.05160264761682574,0.0,0.0,0.0,0.030128228447931504,0.2453479974064976
17.416,0.0,0.0,0.5298625121092895,0.0,0.0,-0.047925026559512085,0.0,0.0,0.0,0.0,0.0,0.0,0.0,0.0,0.5,0.0,0.0,0.0,-0.003610132770257124,0.0,0.0,0.0,47.32968609234472,47.32968609234472,47.32968609234472,47.32968609234472,0.029862512109289474,0.047925026559512085,0.0,0.0,0.0,0.029862512109289474,0.16781899466877803
17.424,0.0,0.0,0.5296629310090031,0.0,0.0,-0.04332954875477008,0.0,0.0,0.0,0.0,0.0,0.0,0.0,0.0,0.5,0.0,0.0,0.0,-0.007627080083455362,0.0,0.0,0.0,46.60197824575084,46.60197824575084,46.60197824575084,46.60197824575084,0.02966293100900308,0.04332954875477008,0.0,0.0,0.0,0.02966293100900308,0.21748799917986616
17.432,0.0,0.0,0.5295372063250366,0.0,0.0,-0.037806756102977235,0.0,0.0,0.0,0.0,0.0,0.0,0.0,0.0,0.5,0.0,0.0,0.0,-0.012663394229431302,0.0,0.0,0.0,45.68960249466824,45.68960249466824,45.68960249466824,45.68960249466824,0.029537206325036647,0.037806756102977235,0.0,0.0,0.0,0.029537206325036647,0.12711599993053824
17.44,0.0,0.0,0.5294930928938435,0.0,0.0,-0.03134824066221015,0.0,0.0,0.0,0.0,0.0,0.0,0.0,0.0,0.5,0.0,0.0,0.0,-0.018743276883977034,0.0,0.0,0.0,44.58817447754039,44.58817447754039,44.58817447754039,44.58817447754039,0.029493092893843498,0.03134824066221015,0.0,0.0,0.0,0.029493092893843498,0.16621700342511758
17.448,0.0,0.0,0.5295383791666335,0.0,0.0,-0.02394643571001823,0.0,0.0,0.0,0.0,0.0,0.0,0.0,0.0,0.5,0.0,0.0,0.0,-0.025887487354921968,0.0,0.0,0.0,43.2939334501953,43.2939334501953,43.2939334501953,43.2939334501953,0.02953837916663349,0.02394643571001823,0.0,0.0,0.0,0.02953837916663349,0.1846570012276061
17.456,0.0,0.0,0.5296666367563576,0.0,0.0,-0.015950708824911147,0.0,0.0,0.0,0.0,0.0,0.0,0.0,0.0,0.5,0.0,0.0,0.0,-0.033752940262481435,0.0,0.0,0.0,41.86903256114467,41.86903256114467,41.86903256114467,41.86903256114467,0.02966663675635761,0.015950708824911147,0.0,0.0,0.0,0.02966663675635761,0.2473759959684685
17.464,0.0,0.0,0.5298698982831063,0.0,0.0,-0.007679028891211987,0.0,0.0,0.0,0.0,0.0,0.0,0.0,0.0,0.5,0.0,0.0,0.0,-0.04202036727978131,0.0,0.0,0.0,40.37131027540194,40.37131027540194,40.37131027540194,40.37131027540194,0.029869898283106266,0.007679028891211987,0.0,0.0,0.0,0.029869898283106266,0.16273799701593816
17.472,0.0,0.0,0.5301402504097058,0.0,0.0,0.0006155800520166012,0.0,0.0,0.0,0.0,0.0,0.0,0.0,0.0,0.5,0.0,0.0,0.0,-0.05,0.0,0.0,0.0,38.925724637681164,38.925724637681164,38.925724637681164,38.925724637681164,0.030140250409705804,0.0006155800520166012,0.0,0.0,0.0,0.030140250409705804,0.16668200260028243
17.48,0.0,0.0,0.5304698337715007,0.0,0.0,0.008732048086486538,0.0,0.0,0.0,0.0,0.0,0.0,0.0,0.0,0.5,0.0,0.0,0.0,-0.05,0.0,0.0,0.0,38.925724637681164,38.925724637681164,38.925724637681164,38.925724637681164,0.0304698337715007,0.008732048086486538,0.0,0.0,0.0,0.0304698337715007,0.1898970003821887
17.488,0.0,0.0,0.5308508429062264,0.0,0.0,0.016510866837333237,0.0,0.0,0.0,0.0,0.0,0.0,0.0,0.0,0.5,0.0,0.0,0.0,-0.05,0.0,0.0,0.0,38.925724637681164,38.925724637681164,38.925724637681164,38.925724637681164,0.030850842906226417,0.016510866837333237,0.0,0.0,0.0,0.030850842906226417,0.34746999881463125
17.496,0.0,0.0,0.5312755261839737,0.0,0.0,0.023825775413549036,0.0,0.0,0.0,0.0,0.0,0.0,0.0,0.0,0.5,0.0,0.0,0.0,-0.05,0.0,0.0,0.0,38.925724637681164,38.925724637681164,38.925724637681164,38.925724637681164,0.03127552618397367,0.023825775413549036,0.0,0.0,0.0,0.03127552618397367,0.2365909967920743
17.504,0.0,0.0,0.5317361857372439,0.0,0.0,0.03057710916259132,0.0,0.0,0.0,0.0,0.0,0.0,0.0,0.0,0.5,0.0,0.0,0.0,-0.05,0.0,0.0,0.0,38.925724637681164,38.925724637681164,38.925724637681164,38.925724637681164,0.031736185737243905,0.03057710916259132,0.0,0.0,0.0,0.031736185737243905,0.31151599978329614
17.512,0.0,0.0,0.5322251773910953,0.0,0.0,0.0366864786763597,0.0,0.0,0.0,0.0,0.0,0.0,0.0,0.0,0.5,0.0,0.0,0.0,-0.05,0.0,0.0,0.0,38.925724637681164,38.925724637681164,38.925724637681164,38.925724637681164,0.03222517739109532,0.0366864786763597,0.0,0.0,0.0,0.03222517739109532,0.2643770058057271
17.52,0.0,0.0,0.5327349105933796,0.0,0.0,0.04209251299819698,0.0,0.0,0.0,0.0,0.0,0.0,0.0,0.0,0.5,0.0,0.0,0.0,-0.05,0.0,0.0,0.0,38.925724637681164,38.925724637681164,38.925724637681164,38.925724637681164,0.03273491059337963,0.04209251299819698,0.0,0.0,0.0,0.03273491059337963,0.2948809997178614
17.528,0.0,0.0,0.53325784834507,0.0,0.0,0.046747454190817085,0.0,0.0,0.0,0.0,0.0,0.0,0.0,0.0,0.5,0.0,0.0,0.0,-0.05,0.0,0.0,0.0,38.925724637681164,38.925724637681164,38.925724637681164,38.925724637681164,0.03325784834506995,0.046747454190817085,0.0,0.0,0.0,0.03325784834506995,0.3549600005499087
17.536,0.0,0.0,0.5337865071306785,0.0,0.0,0.05061443299286409,0.0,0.0,0.0,0.0,0.0,0.0,0.0,0.0,0.5,0.0,0.0,0.0,-0.05,0.0,0.0,0.0,38.925724637681164,38.925724637681164,38.925724637681164,38.925724637681164,0.033786507130678545,0.05061443299286409,0.0,0.0,0.0,0.033786507130678545,0.3506920038489625
17.544,0.0,0.0,0.5343134568487655,0.0,0.0,0.053665289346467165,0.0,0.0,0.0,0.0,0.0,0.0,0.0,0.0,0.5,0.0,0.0,0.0,-0.05,0.0,0.0,0.0,38.925724637681164,38.925724637681164,38.925724637681164,38.925724637681164,0.03431345684876552,0.053665289346467165,0.0,0.0,0.0,0.03431345684876552,0.2931019989773631
17.552,0.0,0.0,0.5348313207425376,0.0,0.0,0.05587882882147675,0.0,0.0,0.0,0.0,0.0,0.0,0.0,0.0,0.5,0.0,0.0,0.0,-0.05,0.0,0.0,0.0,38.925724637681164,38.925724637681164,38.925724637681164,38.925724637681164,0.034831320742537586,0.05587882882147675,0.0,0.0,0.0,0.034831320742537586,0.32607799948891625
17.56,0.0,0.0,0.5353327753305368,0.0,0.0,0.057239427757163217,0.0,0.0,0.0,0.0,0.0,0.0,0.0,0.0,0.5,0.0,0.0,0.0,-0.05,0.0,0.0,0.0,38.925724637681164,38.925724637681164,38.925724637681164,38.925724637681164,0.0353327753305368,0.057239427757163217,0.0,0.0,0.0,0.0353327753305368,0.3142159985145554
17.568,0.0,0.0,0.5358105503374198,0.0,0.0,0.05773591737780039,0.0,0.0,0.0,0.0,0.0,0.0,0.0,0.0,0.5,0.0,0.0,0.0,-0.05,0.0,0.0,0.0,38.925724637681164,38.925724637681164,38.925724637681164,38.925724637681164,0.035810550337419755,0.05773591737780039,0.0,0.0,0.0,0.035810550337419755,0.2822419992298819
17.576,0.0,0.0,0.5362574286248265,0.0,0.0,0.05736069108741028,0.0,0.0,0.0,0.0,0.0,0.0,0.0,0.0,0.5,0.0,0.0,0.0,-0.05,0.0,0.0,0.0,38.925724637681164,38.925724637681164,38.925724637681164,38.925724637681164,0.036257428624826504,0.05736069108741028,0.0,0.0,0.0,0.036257428624826504,0.2792529994621873
17.584,0.0,0.0,0.5366662461223394,0.0,0.0,0.0561089903077511,0.0,0.0,0.0,0.0,0.0,0.0,0.0,0.0,0.5,0.0,0.0,0.0,-0.05,0.0,0.0,0.0,38.925724637681164,38.925724637681164,38.925724637681164,38.925724637681164,0.036666246122339374,0.0561089903077511,0.0,0.0,0.0,0.036666246122339374,0.18191900016972795
17.592,0.0,0.0,0.5370298917585313,0.0,0.0,0.053978333151000785,0.0,0.0,0.0,0.0,0.0,0.0,0.0,0.0,0.5,0.0,0.0,0.0,-0.05,0.0,0.0,0.0,38.925724637681164,38.925724637681164,38.925724637681164,38.925724637681164,0.03702989175853133,0.053978333151000785,0.0,0.0,0.0,0.03702989175853133,0.25806899793678895
17.6,0.0,0.0,0.5373413073921041,0.0,0.0,0.05096805736011632,0.0,0.0,0.0,0.0,0.0,0.0,0.0,0.0,0.5,0.0,0.0,0.0,-0.05,0.0,0.0,0.0,38.925724637681164,38.925724637681164,38.925724637681164,38.925724637681164,0.03734130739210406,0.05096805736011632,0.0,0.0,0.0,0.03734130739210406,0.2851390017895028
17.608,0.0,0.0,0.5375991365966553,0.0,0.0,0.047220176001873684,0.0,0.0,0.0,0.0,0.0,0.0,0.0,0.0,0.5,0.0,0.0,0.0,-0.05,0.0,0.0,0.0,38.925724637681164,38.925724637681164,38.925724637681164,38.925724637681164,0.03759913659665526,0.047220176001873684,0.0,0.0,0.0,0.03759913659665526,0.28475900035118684
17.616,0.0,0.0,0.5378034489973862,0.0,0.0,0.04288395081977283,0.0,0.0,0.0,0.0,0.0,0.0,0.0,0.0,0.5,0.0,0.0,0.0,-0.05,0.0,0.0,0.0,38.925724637681164,38.925724637681164,38.925724637681164,38.925724637681164,0.03780344899738619,0.04288395081977283,0.0,0.0,0.0,0.03780344899738619,0.33825299760792404
17.624,0.0,0.0,0.5379543141290336,0.0,0.0,0.03807878894700406,0.0,0.0,0.0,0.0,0.0,0.0,0.0,0.0,0.5,0.0,0.0,0.0,-0.05,0.0,0.0,0.0,38.925724637681164,38.925724637681164,38.925724637681164,38.925724637681164,0.037954314129033606,0.03807878894700406,0.0,0.0,0.0,0.037954314129033606,0.39362899406114593
17.632,0.0,0.0,0.5380518014359872,0.0,0.0,0.03290021383144196,0.0,0.0,0.0,0.0,0.0,0.0,0.0,0.0,0.5,0.0,0.0,0.0,-0.05,0.0,0.0,0.0,38.925724637681164,38.925724637681164,38.925724637681164,38.925724637681164,0.03805180143598719,0.03290021383144196,0.0,0.0,0.0,0.03805180143598719,0.28837600257247686
17.64,0.0,0.0,0.5380959802724071,0.0,0.0,0.02742464197565217,0.0,0.0,0.0,0.0,0.0,0.0,0.0,0.0,0.5,0.0,0.0,0.0,-0.05,0.0,0.0,0.0,38.925724637681164,38.925724637681164,38.925724637681164,38.925724637681164,0.038095980272407126,0.02742464197565217,0.0,0.0,0.0,0.038095980272407126,0.25289800396421924
17.648,0.0,0.0,0.5380869199023413,0.0,0.0,0.021713204328874913,0.0,0.0,0.0,0.0,0.0,0.0,0.0,0.0,0.5,0.0,0.0,0.0,-0.05,0.0,0.0,0.0,38.925724637681164,38.925724637681164,38.925724637681164,38.925724637681164,0.038086919902341254,0.021713204328874913,0.0,0.0,0.0,0.038086919902341254,0.3499460071907379
17.656,0.0,0.0,0.5380246894998424,0.0,0.0,0.01581480340062816,0.0,0.0,0.0,0.0,0.0,0.0,0.0,0.0,0.5,0.0,0.0,0.0,-0.05,0.0,0.0,0.0,38.925724637681164,38.925724637681164,38.925724637681164,38.925724637681164,0.03802468949984239,0.01581480340062816,0.0,0.0,0.0,0.03802468949984239,0.24481600121362135
17.664,0.0,0.0,0.5379093581490847,0.0,0.0,0.009768558951561068,0.0,0.0,0.0,0.0,0.0,0.0,0.0,0.0,0.5,0.0,0.0,0.0,-0.05,0.0,0.0,0.0,38.925724637681164,38.925724637681164,38.925724637681164,38.925724637681164,0.03790935814908469,0.009768558951561068,0.0,0.0,0.0,0.03790935814908469,0.2215429994976148
17.672,0.0,0.0,0.5377409948444811,0.0,0.0,0.003605764546159158,0.0,0.0,0.0,0.0,0.0,0.0,0.0,0.0,0.5,0.0,0.0,0.0,-0.05,0.0,0.0,0.0,38.925724637681164,38.925724637681164,38.925724637681164,38.925724637681164,0.037740994844481124,0.003605764546159158,0.0,0.0,0.0,0.037740994844481124,0.20619999850168824
17.68,0.0,0.0,0.5375196684907995,0.0,0.0,-0.0026485472051148134,0.0,0.0,0.0,0.0,0.0,0.0,0.0,0.0,0.5,0.0,0.0,0.0,-0.05,0.0,0.0,0.0,38.925724637681164,38.925724637681164,38.925724637681164,38.925724637681164,0.03751966849079946,0.0026485472051148134,0.0,0.0,0.0,0.03751966849079946,0.15310399612644687
17.688,0.0,0.0,0.5372454479032793,0.0,0.0,-0.00897435245209599,0.0,0.0,0.0,0.0,0.0,0.0,0.0,0.0,0.5,0.0,0.0,0.0,-0.05,0.0,0.0,0.0,38.925724637681164,38.925724637681164,38.925724637681164,38.925724637681164,0.03724544790327933,0.00897435245209599,0.0,0.0,0.0,0.03724544790327933,0.1605040015419945
17.696,0.0,0.0,0.5369184018077481,0.0,0.0,-0.015355634349955238,0.0,0.0,0.0,0.0,0.0,0.0,0.0,0.0,0.5,0.0,0.0,0.0,-0.0477316485803585,0.0,0.0,0.0,39.336657865877086,39.336657865877086,39.336657865877086,39.336657865877086,0.03691840180774808,0.015355634349955238,0.0,0.0,0.0,0.03691840180774808,0.1480349965277128
17.704,0.0,0.0,0.5365457068979869,0.0,0.0,-0.021601880223995656,0.0,0.0,0.0,0.0,0.0,0.0,0.0,0.0,0.5,0.0,0.0,0.0,-0.04108196137856002,0.0,0.0,0.0,40.541311344463764,40.541311344463764,40.541311344463764,40.541311344463764,0.03654570689798686,0.021601880223995656,0.0,0.0,0.0,0.03654570689798686,0.10698300320655107
17.712,0.0,0.0,0.5361345742337177,0.0,0.0,-0.02755982078592706,0.0,0.0,0.0,0.0,0.0,0.0,0.0,0.0,0.5,0.0,0.0,0.0,-0.034637542663325194,0.0,0.0,0.0,41.7087785030208,41.7087785030208,41.7087785030208,41.7087785030208,0.03613457423371769,0.02755982078592706,0.0,0.0,0.0,0.03613457423371769,0.12918900029035285
17.72,0.0,0.0,0.5356922491959519,0.0,0.0,-0.03310598257288677,0.0,0.0,0.0,0.0,0.0,0.0,0.0,0.0,0.5,0.0,0.0,0.0,-0.02852831918173515,0.0,0.0,0.0,42.81552188736682,42.81552188736682,42.81552188736682,42.81552188736682,0.03569224919595193,0.03310598257288677,0.0,0.0,0.0,0.03569224919595193,0.10988099529640749
17.728,0.0,0.0,0.535226011442396,0.0,0.0,-0.03814072989720353,0.0,0.0,0.0,0.0,0.0,0.0,0.0,0.0,0.5,0.0,0.0,0.0,-0.02286217852363781,0.0,0.0,0.0,43.84199664426851,43.84199664426851,43.84199664426851,43.84199664426851,0.03522601144239601,0.03814072989720353,0.0,0.0,0.0,0.03522601144239601,0.1246859974344261
17.736,0.0,0.0,0.5347431748629158,0.0,0.0,-0.04258349840476986,0.0,0.0,0.0,0.0,0.0,0.0,0.0,0.0,0.5,0.0,0.0,0.0,-0.017731343867543936,0.0,0.0,0.0,44.77149567616958,44.77149567616958,44.77149567616958,44.77149567616958,0.03474317486291578,0.04258349840476986,0.0,0.0,0.0,0.03474317486291578,0.11159800487803295
17.744,0.0,0.0,0.5342510875350583,0.0,0.0,-0.04636898192025319,0.0,0.0,0.0,0.0,0.0,0.0,0.0,0.0,0.5,0.0,0.0,0.0,-0.013209870622342357,0.0,0.0,0.0,45.590603148126384,45.590603148126384,45.590603148126384,45.590603148126384,0.034251087535058344,0.04636898192025319,0.0,0.0,0.0,0.034251087535058344,0.11163300223415717
17.752,0.0,0.0,0.5337571316796318,0.0,0.0,-0.04944408192186774,0.0,0.0,0.0,0.0,0.0,0.0,0.0,0.0,0.5,0.0,0.0,0.0,-0.00936268061547818,0.0,0.0,0.0,46.28755785951483,46.28755785951483,46.28755785951483,46.28755785951483,0.03375713167963179,0.04944408192186774,0.0,0.0,0.0,0.03375713167963179,0.1576369977556169
17.76,0.0,0.0,0.5332687236163426,0.0,0.0,-0.05176546711972019,0.0,0.0,0.0,0.0,0.0,0.0,0.0,0.0,0.5,0.0,0.0,0.0,-0.006244827871164871,0.0,0.0,0.0,46.852386255223756,46.852386255223756,46.852386255223756,46.852386255223756,0.03326872361634259,0.05176546711972019,0.0,0.0,0.0,0.03326872361634259,0.11380200157873333
17.768,0.0,0.0,0.5327933137194907,0.0,0.0,-0.05329762111707517,0.0,0.0,0.0,0.0,0.0,0.0,0.0,0.0,0.5,0.0,0.0,0.0,-0.003903973662131577,0.0,0.0,0.0,47.276454046715294,47.276454046715294,47.276454046715294,47.276454046715294,0.03279331371949068,0.05329762111707517,0.0,0.0,0.0,0.03279331371949068,0.11479199747554958
17.776,0.0,0.0,0.5323383863737222,0.0,0.0,-0.05401128053787298,0.0,0.0,0.0,0.0,0.0,0.0,0.0,0.0,0.5,0.0,0.0,0.0,-0.0023818765799050734,0.0,0.0,0.0,47.55219627175633,47.55219627175633,47.55219627175633,47.55219627175633,0.03233838637372222,0.05401128053787298,0.0,0.0,0.0,0.03233838637372222,0.11588999768719077
17.784,0.0,0.0,0.5319114599298395,0.0,0.0,-0.05388218552736851,0.0,0.0,0.0,0.0,0.0,0.0,0.0,0.0,0.5,0.0,0.0,0.0,-0.0017155844851989288,0.0,0.0,0.0,47.67290136137701,47.67290136137701,47.67290136137701,47.67290136137701,0.03191145992983946,0.05388218552736851,0.0,0.0,0.0,0.03191145992983946,0.13160499656805769
17.792,0.0,0.0,0.5315200866606686,0.0,0.0,-0.052890080151162165,0.0,0.0,0.0,0.0,0.0,0.0,0.0,0.0,0.5,0.0,0.0,0.0,-0.0019383880815688759,0.0,0.0,0.0,47.632538391020134,47.632538391020134,47.632538391020134,47.632538391020134,0.031520086660668634,0.052890080151162165,0.0,0.0,0.0,0.031520086660668634,0.11538399849087
17.8,0.0,0.0,0.5311718527169846,0.0,0.0,-0.05101791271303058,0.0,0.0,0.0,0.0,0.0,0.0,0.0,0.0,0.5,0.0,0.0,0.0,-0.0030805837598859576,0.0,0.0,0.0,47.42561888407863,47.42561888407863,47.42561888407863,47.42561888407863,0.031171852716984638,0.05101791271303058,0.0,0.0,0.0,0.031171852716984638,0.12052300007781014
17.808,0.0,0.0,0.530874378083493,0.0,0.0,-0.04825119600771559,0.0,0.0,0.0,0.0,0.0,0.0,0.0,0.0,0.5,0.0,0.0,0.0,-0.005170083859139529,0.0,0.0,0.0,47.04708625740226,47.04708625740226,47.04708625740226,47.04708625740226,0.030874378083493026,0.04825119600771559,0.0,0.0,0.0,0.030874378083493026,0.11151900253025815
17.816,0.0,0.0,0.5306353165348698,0.0,0.0,-0.044577495521752816,0.0,0.0,0.0,0.0,0.0,0.0,0.0,0.0,0.5,0.0,0.0,0.0,-0.008232904860247525,0.0,0.0,0.0,46.49222738038994,46.49222738038994,46.49222738038994,46.49222738038994,0.03063531653486984,0.044577495521752816,0.0,0.0,0.0,0.03063531653486984,0.12225300451973453
17.824,0.0,0.0,0.5304623555918576,0.0,0.0,-0.0399860199927064,0.0,0.0,0.0,0.0,0.0,0.0,0.0,0.0,0.5,0.0,0.0,0.0,-0.01229512413427647,0.0,0.0,0.0,45.756318091616585,45.756318091616585,45.756318091616585,45.756318091616585,0.030462355591857615,0.0399860199927064,0.0,0.0,0.0,0.030462355591857615,0.11989300401182845
17.832,0.0,0.0,0.5303632164774192,0.0,0.0,-0.03446729385512473,0.0,0.0,0.0,0.0,0.0,0.0,0.0,0.0,0.5,0.0,0.0,0.0,-0.017376719614431657,0.0,0.0,0.0,44.835739200284124,44.835739200284124,44.835739200284124,44.835739200284124,0.03036321647741924,0.03446729385512473,0.0,0.0,0.0,0.03036321647741924,0.13488400145433843
17.84,0.0,0.0,0.530345654072948,0.0,0.0,-0.028012895195881356,0.0,0.0,0.0,0.0,0.0,0.0,0.0,0.0,0.5,0.0,0.0,0.0,-0.023501773372670565,0.0,0.0,0.0,43.726128012197364,43.726128012197364,43.726128012197364,43.726128012197364,0.03034565407294798,0.028012895195881356,0.0,0.0,0.0,0.03034565407294798,0.270563003141433
17.848,0.0,0.0,0.5304174568745355,0.0,0.0,-0.02061524611701807,0.0,0.0,0.0,0.0,0.0,0.0,0.0,0.0,0.5,0.0,0.0,0.0,-0.030691190408340896,0.0,0.0,0.0,42.42369738979332,42.42369738979332,42.42369738979332,42.42369738979332,0.030417456874535453,0.02061524611701807,0.0,0.0,0.0,0.030417456874535453,0.1760989980539307
17.856,0.0,0.0,0.5305706142801295,0.0,0.0,-0.012663261753763906,0.0,0.0,0.0,0.0,0.0,0.0,0.0,0.0,0.5,0.0,0.0,0.0,-0.03856095570555096,0.0,0.0,0.0,40.998015270733525,40.998015270733525,40.998015270733525,40.998015270733525,0.030570614280129527,0.012663261753763906,0.0,0.0,0.0,0.030570614280129527,0.2175410045310855
17.864,0.0,0.0,0.530797169786573,0.0,0.0,-0.004466721741924003,0.0,0.0,0.0,0.0,0.0,0.0,0.0,0.0,0.5,0.0,0.0,0.0,-0.0467997706034301,0.0,0.0,0.0,39.505476339958314,39.505476339958314,39.505476339958314,39.505476339958314,0.030797169786572987,0.004466721741924003,0.0,0.0,0.0,0.030797169786572987,0.2066689994535409
17.872,0.0,0.0,0.5310892209193122,0.0,0.0,0.003727900924942199,0.0,0.0,0.0,0.0,0.0,0.0,0.0,0.0,0.5,0.0,0.0,0.0,-0.05,0.0,0.0,0.0,38.925724637681164,38.925724637681164,38.925724637681164,38.925724637681164,0.03108922091931221,0.003727900924942199,0.0,0.0,0.0,0.03108922091931221,0.17658599972492084
17.88,0.0,0.0,0.5314389191621978,0.0,0.0,0.011724776812093583,0.0,0.0,0.0,0.0,0.0,0.0,0.0,0.0,0.5,0.0,0.0,0.0,-0.05,0.0,0.0,0.0,38.925724637681164,38.925724637681164,38.925724637681164,38.925724637681164,0.031438919162197765,0.011724776812093583,0.0,0.0,0.0,0.031438919162197765,0.18891799845732749
17.888,0.0,0.0,0.5318384698873758,0.0,0.0,0.019368589579122908,0.0,0.0,0.0,0.0,0.0,0.0,0.0,0.0,0.5,0.0,0.0,0.0,-0.05,0.0,0.0,0.0,38.925724637681164,38.925724637681164,38.925724637681164,38.925724637681164,0.03183846988737582,0.019368589579122908,0.0,0.0,0.0,0.03183846988737582,0.2238220040453598
17.896,0.0,0.0,0.5322801322852705,0.0,0.0,0.026536431610666315,0.0,0.0,0.0,0.0,0.0,0.0,0.0,0.0,0.5,0.0,0.0,0.0,-0.05,0.0,0.0,0.0,38.925724637681164,38.925724637681164,38.925724637681164,38.925724637681164,0.03228013228527049,0.026536431610666315,0.0,0.0,0.0,0.03228013228527049,0.31916900479700416
17.904,0.0,0.0,0.5327562192946577,0.0,0.0,0.03313132052321366,0.0,0.0,0.0,0.0,0.0,0.0,0.0,0.0,0.5,0.0,0.0,0.0,-0.05,0.0,0.0,0.0,38.925724637681164,38.925724637681164,38.925724637681164,38.925724637681164,0.03275621929465766,0.03313132052321366,0.0,0.0,0.0,0.03275621929465766,0.36061399441678077
17.912,0.0,0.0,0.5332590975328293,0.0,0.0,0.03907701237286315,0.0,0.0,0.0,0.0,0.0,0.0,0.0,0.0,0.5,0.0,0.0,0.0,-0.05,0.0,0.0,0.0,38.925724637681164,38.925724637681164,38.925724637681164,38.925724637681164,0.033259097532829296,0.03907701237286315,0.0,0.0,0.0,0.033259097532829296,0.2953750008600764
17.92,0.0,0.0,0.5337811872258487,0.0,0.0,0.04431385222377035,0.0,0.0,0.0,0.0,0.0,0.0,0.0,0.0,0.5,0.0,0.0,0.0,-0.05,0.0,0.0,0.0,38.925724637681164,38.925724637681164,38.925724637681164,38.925724637681164,0.03378118722584866,0.04431385222377035,0.0,0.0,0.0,0.03378118722584866,0.3357359964866191
17.928,0.0,0.0,0.534314962138896,0.0,0.0,0.04879545460520004,0.0,0.0,0.0,0.0,0.0,0.0,0.0,0.0,0.5,0.0,0.0,0.0,-0.05,0.0,0.0,0.0,38.925724637681164,38.925724637681164,38.925724637681164,38.925724637681164,0.034314962138895955,0.04879545460520004,0.0,0.0,0.0,0.034314962138895955,0.39761000516591594
17.936,0.0,0.0,0.5348529495067046,0.0,0.0,0.05248604787937738,0.0,0.0,0.0,0.0,0.0,0.0,0.0,0.0,0.5,0.0,0.0,0.0,-0.05,0.0,0.0,0.0,38.925724637681164,38.925724637681164,38.925724637681164,38.925724637681164,0.03485294950670459,0.05248604787937738,0.0,0.0,0.0,0.03485294950670459,0.4800460010301322
17.944,0.0,0.0,0.5353877299640881,0.0,0.0,0.055358349738091686,0.0,0.0,0.0,0.0,0.0,0.0,0.0,0.0,0.5,0.0,0.0,0.0,-0.05,0.0,0.0,0.0,38.925724637681164,38.925724637681164,38.925724637681164,38.925724637681164,0.03538772996408812,0.055358349738091686,0.0,0.0,0.0,0.03538772996408812,0.37150199932511896
17.952,0.0,0.0,0.5359119374765569,0.0,0.0,0.05739186760218729,0.0,0.0,0.0,0.0,0.0,0.0,0.0,0.0,0.5,0.0,0.0,0.0,-0.05,0.0,0.0,0.0,38.925724637681164,38.925724637681164,38.925724637681164,38.925724637681164,0.035911937476556854,0.05739186760218729,0.0,0.0,0.0,0.035911937476556854,0.4422819984029047
17.96,0.0,0.0,0.5364182592710249,0.0,0.0,0.0585715389434532,0.0,0.0,0.0,0.0,0.0,0.0,0.0,0.0,0.5,0.0,0.0,0.0,-0.05,0.0,0.0,0.0,38.925724637681164,38.925724637681164,38.925724637681164,38.925724637681164,0.03641825927102493,0.0585715389434532,0.0,0.0,0.0,0.03641825927102493,0.32344400096917525
17.968,0.0,0.0,0.5368994357666077,0.0,0.0,0.058886643544333116,0.0,0.0,0.0,0.0,0.0,0.0,0.0,0.0,0.5,0.0,0.0,0.0,-0.05,0.0,0.0,0.0,38.925724637681164,38.925724637681164,38.925724637681164,38.925724637681164,0.0368994357666077,0.058886643544333116,0.0,0.0,0.0,0.0368994357666077,0.3490350063657388
17.976,0.0,0.0,0.5373482605055085,0.0,0.0,0.05832993330798882,0.0,0.0,0.0,0.0,0.0,0.0,0.0,0.0,0.5,0.0,0.0,0.0,-0.05,0.0,0.0,0.0,38.925724637681164,38.925724637681164,38.925724637681164,38.925724637681164,0.037348260505508546,0.05832993330798882,0.0,0.0,0.0,0.037348260505508546,0.2743780059972778
17.984,0.0,0.0,0.5377575800839955,0.0,0.0,0.05689693610856264,0.0,0.0,0.0,0.0,0.0,0.0,0.0,0.0,0.5,0.0,0.0,0.0,-0.05,0.0,0.0,0.0,38.925724637681164,38.925724637681164,38.925724637681164,38.925724637681164,0.037757580083995546,0.05689693610856264,0.0,0.0,0.0,0.037757580083995546,0.21494699467439204
17.992,0.0,0.0,0.5381202940834684,0.0,0.0,0.05458539887367242,0.0,0.0,0.0,0.0,0.0,0.0,0.0,0.0,0.5,0.0,0.0,0.0,-0.05,0.0,0.0,0.0,38.925724637681164,38.925724637681164,38.925724637681164,38.925724637681164,0.0381202940834684,0.05458539887367242,0.0,0.0,0.0,0.0381202940834684,0.2780419963528402
18.0,0.0,0.0,0.5384293550016142,0.0,0.0,0.051394842052582636,0.0,0.0,0.0,0.0,0.0,0.0,0.0,0.0,0.5,0.0,0.0,0.0,-0.05,0.0,0.0,0.0,38.925724637681164,38.925724637681164,38.925724637681164,38.925724637681164,0.03842935500161415,0.051394842052582636,0.0,0.0,0.0,0.03842935500161415,0.3405840034247376
18.008,0.0,0.0,0.5386848325502357,0.0,0.0,0.04750281235760534,0.0,0.0,0.0,0.0,0.0,0.0,0.0,0.0,0.5,0.0,0.0,0.0,-0.05,0.0,0.0,0.0,38.925724637681164,38.925724637681164,38.925724637681164,38.925724637681164,0.03868483255023569,0.04750281235760534,0.0,0.0,0.0,0.03868483255023569,0.4810009995708242
18.016000000000002,0.0,0.0,0.5388867963505591,0.0,0.0,0.04305134489416874,0.0,0.0,0.0,0.0,0.0,0.0,0.0,0.0,0.5,0.0,0.0,0.0,-0.05,0.0,0.0,0.0,38.925724637681164,38.925724637681164,38.925724637681164,38.925724637681164,0.03888679635055914,0.04305134489416874,0.0,0.0,0.0,0.03888679635055914,0.3767079979297705
18.024,0.0,0.0,0.539035315933351,0.0,0.0,0.03815406548513111,0.0,0.0,0.0,0.0,0.0,0.0,0.0,0.0,0.5,0.0,0.0,0.0,-0.05,0.0,0.0,0.0,38.925724637681164,38.925724637681164,38.925724637681164,38.925724637681164,0.03903531593335097,0.03815406548513111,0.0,0.0,0.0,0.03903531593335097,0.31936100276652724
18.032,0.0,0.0,0.5391304607390361,0.0,0.0,0.03290187253023457,0.0,0.0,0.0,0.0,0.0,0.0,0.0,0.0,0.5,0.0,0.0,0.0,-0.05,0.0,0.0,0.0,38.925724637681164,38.925724637681164,38.925724637681164,38.925724637681164,0.039130460739036144,0.03290187253023457,0.0,0.0,0.0,0.039130460739036144,0.3079090020037256
18.04,0.0,0.0,0.539172300117815,0.0,0.0,0.0273674824936599,0.0,0.0,0.0,0.0,0.0,0.0,0.0,0.0,0.5,0.0,0.0,0.0,-0.05,0.0,0.0,0.0,38.925724637681164,38.925724637681164,38.925724637681164,38.925724637681164,0.03917230011781503,0.0273674824936599,0.0,0.0,0.0,0.03917230011781503,0.26544799766270444
18.048000000000002,0.0,0.0,0.539160903329781,0.0,0.0,0.021609066294076034,0.0,0.0,0.0,0.0,0.0,0.0,0.0,0.0,0.5,0.0,0.0,0.0,-0.05,0.0,0.0,0.0,38.925724637681164,38.925724637681164,38.925724637681164,38.925724637681164,0.03916090332978095,0.021609066294076034,0.0,0.0,0.0,0.03916090332978095,0.28641899552894756
18.056,0.0,0.0,0.5390963395450371,0.0,0.0,0.015673158416664577,0.0,0.0,0.0,0.0,0.0,0.0,0.0,0.0,0.5,0.0,0.0,0.0,-0.05,0.0,0.0,0.0,38.925724637681164,38.925724637681164,38.925724637681164,38.925724637681164,0.039096339545037107,0.015673158416664577,0.0,0.0,0.0,0.039096339545037107,0.21544099581660703
18.064,0.0,0.0,0.5389786778438134,0.0,0.0,0.009596984202737916,0.0,0.0,0.0,0.0,0.0,0.0,0.0,0.0,0.5,0.0,0.0,0.0,-0.05,0.0,0.0,0.0,38.925724637681164,38.925724637681164,38.925724637681164,38.925724637681164,0.03897867784381337,0.009596984202737916,0.0,0.0,0.0,0.03897867784381337,0.25169699802063406
18.072,0.0,0.0,0.5388079872165835,0.0,0.0,0.00341032168144355,0.0,0.0,0.0,0.0,0.0,0.0,0.0,0.0,0.5,0.0,0.0,0.0,-0.05,0.0,0.0,0.0,38.925724637681164,38.925724637681164,38.925724637681164,38.925724637681164,0.03880798721658352,0.00341032168144355,0.0,0.0,0.0,0.03880798721658352,0.35578700044425204
18.080000000000002,0.0,0.0,0.5385843365641813,0.0,0.0,-0.0028630089648998686,0.0,0.0,0.0,0.0,0.0,0.0,0.0,0.0,0.5,0.0,0.0,0.0,-0.05,0.0,0.0,0.0,38.925724637681164,38.925724637681164,38.925724637681164,38.925724637681164,0.038584336564181254,0.0028630089648998686,0.0,0.0,0.0,0.038584336564181254,0.2383030005148612
18.088,0.0,0.0,0.5383077946979172,0.0,0.0,-0.009203953828521258,0.0,0.0,0.0,0.0,0.0,0.0,0.0,0.0,0.5,0.0,0.0,0.0,-0.05,0.0,0.0,0.0,38.925724637681164,38.925724637681164,38.925724637681164,38.925724637681164,0.03830779469791723,0.009203953828521258,0.0,0.0,0.0,0.03830779469791723,0.17758699686964974
18.096,0.0,0.0,0.537978430339695,0.0,0.0,-0.015597272018375009,0.0,0.0,0.0,0.0,0.0,0.0,0.0,0.0,0.5,0.0,0.0,0.0,-0.049462777868814256,0.0,0.0,0.0,39.02304748753365,39.02304748753365,39.02304748753365,39.02304748753365,0.037978430339694946,0.015597272018375009,0.0,0.0,0.0,0.037978430339694946,0.14018900401424617
18.104,0.0,0.0,0.5375991892574474,0.0,0.0,-0.02195884467088897,0.0,0.0,0.0,0.0,0.0,0.0,0.0,0.0,0.5,0.0,0.0,0.0,-0.042689526097856145,0.0,0.0,0.0,40.25008585183765,40.25008585183765,40.25008585183765,40.25008585183765,0.03759918925744743,0.02195884467088897,0.0,0.0,0.0,0.03759918925744743,0.11189399810973555
18.112000000000002,0.0,0.0,0.5371772620306655,0.0,0.0,-0.028115256406255534,0.0,0.0,0.0,0.0,0.0,0.0,0.0,0.0,0.5,0.0,0.0,0.0,-0.03603578058851753,0.0,0.0,0.0,41.45547453106567,41.45547453106567,41.45547453106567,41.45547453106567,0.037177262030665514,0.028115256406255534,0.0,0.0,0.0,0.037177262030665514,0.11388200073270127
18.12,0.0,0.0,0.5367198735867391,0.0,0.0,-0.033926916223165654,0.0,0.0,0.0,0.0,0.0,0.0,0.0,0.0,0.5,0.0,0.0,0.0,-0.02964486641720876,0.0,0.0,0.0,42.61324883746218,42.61324883746218,42.61324883746218,42.61324883746218,0.036719873586739116,0.033926916223165654,0.0,0.0,0.0,0.036719873586739116,0.12157899618614465
18.128,0.0,0.0,0.536234283156329,0.0,0.0,-0.03928129373878578,0.0,0.0,0.0,0.0,0.0,0.0,0.0,0.0,0.5,0.0,0.0,0.0,-0.023638515660123538,0.0,0.0,0.0,43.701355858673274,43.701355858673274,43.701355858673274,43.701355858673274,0.03623428315632904,0.03928129373878578,0.0,0.0,0.0,0.03623428315632904,0.12382100248942152
18.136,0.0,0.0,0.5357277842287962,0.0,0.0,-0.044087508179351274,0.0,0.0,0.0,0.0,0.0,0.0,0.0,0.0,0.5,0.0,0.0,0.0,-0.01811648239949115,0.0,0.0,0.0,44.70172420299073,44.70172420299073,44.70172420299073,44.70172420299073,0.03572778422879619,0.044087508179351274,0.0,0.0,0.0,0.03572778422879619,0.12363999849185348
18.144000000000002,0.0,0.0,0.5352077045076895,0.0,0.0,-0.04827199957114371,0.0,0.0,0.0,0.0,0.0,0.0,0.0,0.0,0.5,0.0,0.0,0.0,-0.013162498476439133,0.0,0.0,0.0,45.5991850586161,45.5991850586161,45.5991850586161,45.5991850586161,0.03520770450768951,0.04827199957114371,0.0,0.0,0.0,0.03520770450768951,0.1289470019401051
18.152,0.0,0.0,0.5346814058662908,0.0,0.0,-0.05177506569188512,0.0,0.0,0.0,0.0,0.0,0.0,0.0,0.0,0.5,0.0,0.0,0.0,-0.008847136821698132,0.0,0.0,0.0,46.38095347433005,46.38095347433005,46.38095347433005,46.38095347433005,0.03468140586629076,0.05177506569188512,0.0,0.0,0.0,0.03468140586629076,0.1476600009482354
18.16,0.0,0.0,0.5341562843032179,0.0,0.0,-0.05454809163033024,0.0,0.0,0.0,0.0,0.0,0.0,0.0,0.0,0.5,0.0,0.0,0.0,-0.0052313575016808,0.0,0.0,0.0,47.03598595984044,47.03598595984044,47.03598595984044,47.03598595984044,0.03415628430321793,0.05454809163033024,0.0,0.0,0.0,0.03415628430321793,0.1486649998696521
18.168,0.0,0.0,0.5336397698980858,0.0,0.0,-0.05655133343256857,0.0,0.0,0.0,0.0,0.0,0.0,0.0,0.0,0.5,0.0,0.0,0.0,-0.0023650551891899463,0.0,0.0,0.0,47.55524362514675,47.55524362514675,47.55524362514675,47.55524362514675,0.033639769898085814,0.05655133343256857,0.0,0.0,0.0,0.033639769898085814,0.11225599882891402
18.176000000000002,0.0,0.0,0.5331393267672242,0.0,0.0,-0.057752145017591086,0.0,0.0,0.0,0.0,0.0,0.0,0.0,0.0,0.5,0.0,0.0,0.0,-0.0002940246885397846,0.0,0.0,0.0,47.93043031004714,47.93043031004714,47.93043031004714,47.93043031004714,0.0331393267672242,0.057752145017591086,0.0,0.0,0.0,0.0331393267672242,0.11012599861714989
18.184,0.0,0.0,0.5326624530194541,0.0,0.0,-0.058123559708325605,0.0,0.0,0.0,0.0,0.0,0.0,0.0,0.0,0.5,0.0,0.0,0.0,0.0009421392288233577,0.0,0.0,0.0,48.15437304869989,48.15437304869989,48.15437304869989,48.15437304869989,0.03266245301945414,0.058123559708325605,0.0,0.0,0.0,0.03266245301945414,0.13491299614543095
18.192,0.0,0.0,0.5322166807119209,0.0,0.0,-0.057643155454993905,0.0,0.0,0.0,0.0,0.0,0.0,0.0,0.0,0.5,0.0,0.0,0.0,0.0013081167094255441,0.0,0.0,0.0,48.220673316924916,48.220673316924916,48.220673316924916,48.220673316924916,0.03221668071192085,0.057643155454993905,0.0,0.0,0.0,0.03221668071192085,0.12732500181300566
18.2,0.0,0.0,0.5318095758059846,0.0,0.0,-0.056292147012401414,0.0,0.0,0.0,0.0,0.0,0.0,0.0,0.0,0.5,0.0,0.0,0.0,0.0007719948283441136,0.0,0.0,0.0,48.1235497877435,48.1235497877435,48.1235497877435,48.1235497877435,0.03180957580598465,0.056292147012401414,0.0,0.0,0.0,0.03180957580598465,0.11071000335505232
18.208000000000002,0.0,0.0,0.531448738123169,0.0,0.0,-0.054054659680310514,0.0,0.0,0.0,0.0,0.0,0.0,0.0,0.0,0.5,0.0,0.0,0.0,-0.0006954251882638207,0.0,0.0,0.0,47.857712828213074,47.857712828213074,47.857712828213074,47.857712828213074,0.03144873812316895,0.054054659680310514,0.0,0.0,0.0,0.03144873812316895,0.11398900096537545
18.216,0.0,0.0,0.5311418013011655,0.0,0.0,-0.05091714829433539,0.0,0.0,0.0,0.0,0.0,0.0,0.0,0.0,0.5,0.0,0.0,0.0,-0.003121182185276128,0.0,0.0,0.0,47.41826409687027,47.41826409687027,47.41826409687027,47.41826409687027,0.031141801301165506,0.05091714829433539,0.0,0.0,0.0,0.031141801301165506,0.11394600005587563
18.224,0.0,0.0,0.530896432749897,0.0,0.0,-0.04686793241718286,0.0,0.0,0.0,0.0,0.0,0.0,0.0,0.0,0.5,0.0,0.0,0.0,-0.006530598441882973,0.0,0.0,0.0,46.80061622429656,46.80061622429656,46.80061622429656,46.80061622429656,0.03089643274989695,0.04686793241718286,0.0,0.0,0.0,0.03089643274989695,0.11120999988634139
18.232,0.0,0.0,0.5307203336076362,0.0,0.0,-0.04189682449026676,0.0,0.0,0.0,0.0,0.0,0.0,0.0,0.0,0.5,0.0,0.0,0.0,-0.010949273331431475,0.0,0.0,0.0,46.000131642856616,46.000131642856616,46.000131642856616,46.000131642856616,0.030720333607636152,0.04189682449026676,0.0,0.0,0.0,0.030720333607636152,0.11743900540750474
18.240000000000002,0.0,0.0,0.5306212386971828,0.0,0.0,-0.035994832353546224,0.0,0.0,0.0,0.0,0.0,0.0,0.0,0.0,0.5,0.0,0.0,0.0,-0.016396589277964058,0.0,0.0,0.0,45.01329904384709,45.01329904384709,45.01329904384709,45.01329904384709,0.030621238697182807,0.035994832353546224,0.0,0.0,0.0,0.030621238697182807,0.11495399667182937
18.248,0.0,0.0,0.530606916482097,0.0,0.0,-0.02915392125998186,0.0,0.0,0.0,0.0,0.0,0.0,0.0,0.0,0.5,0.0,0.0,0.0,-0.022896368799392053,0.0,0.0,0.0,43.835802753733326,43.835802753733326,43.835802753733326,43.835802753733326,0.030606916482097013,0.02915392125998186,0.0,0.0,0.0,0.030606916482097013,0.13835500431014225
18.256,0.0,0.0,0.5306851690229895,0.0,0.0,-0.021366823485674202,0.0,0.0,0.0,0.0,0.0,0.0,0.0,0.0,0.5,0.0,0.0,0.0,-0.030469221721826534,0.0,0.0,0.0,42.46390910836476,42.46390910836476,42.46390910836476,42.46390910836476,0.030685169022989456,0.021366823485674202,0.0,0.0,0.0,0.030685169022989456,0.17119900439865887
18.264,0.0,0.0,0.5308479638305345,0.0,0.0,-0.01302358859991399,0.0,0.0,0.0,0.0,0.0,0.0,0.0,0.0,0.5,0.0,0.0,0.0,-0.03873007813488527,0.0,0.0,0.0,40.96737714947731,40.96737714947731,40.96737714947731,40.96737714947731,0.030847963830534453,0.01302358859991399,0.0,0.0,0.0,0.030847963830534453,0.13667299936059862
18.272000000000002,0.0,0.0,0.5310873225427395,0.0,0.0,-0.00443490307480719,0.0,0.0,0.0,0.0,0.0,0.0,0.0,0.0,0.5,0.0,0.0,0.0,-0.04736669290728901,0.0,0.0,0.0,39.40277302404185,39.40277302404185,39.40277302404185,39.40277302404185,0.031087322542739493,0.00443490307480719,0.0,0.0,0.0,0.031087322542739493,0.19429399981163442
18.28,0.0,0.0,0.5313953208546172,0.0,0.0,0.004152035337096755,0.0,0.0,0.0,0.0,0.0,0.0,0.0,0.0,0.5,0.0,0.0,0.0,-0.05,0.0,0.0,0.0,38.925724637681164,38.925724637681164,38.925724637681164,38.925724637681164,0.03139532085461716,0.004152035337096755,0.0,0.0,0.0,0.03139532085461716,0.15670600259909406
18.288,0.0,0.0,0.5317640884479484,0.0,0.0,0.012540818102960047,0.0,0.0,0.0,0.0,0.0,0.0,0.0,0.0,0.5,0.0,0.0,0.0,-0.05,0.0,0.0,0.0,38.925724637681164,38.925724637681164,38.925724637681164,38.925724637681164,0.031764088447948424,0.012540818102960047,0.0,0.0,0.0,0.031764088447948424,0.23337300081038848
18.296,0.0,0.0,0.5321858089211374,0.0,0.0,0.02057566631209426,0.0,0.0,0.0,0.0,0.0,0.0,0.0,0.0,0.5,0.0,0.0,0.0,-0.05,0.0,0.0,0.0,38.925724637681164,38.925724637681164,38.925724637681164,38.925724637681164,0.032185808921137427,0.02057566631209426,0.0,0.0,0.0,0.032185808921137427,0.28359000134514645
18.304000000000002,0.0,0.0,0.5326527197191572,0.0,0.0,0.02813330300016522,0.0,0.0,0.0,0.0,0.0,0.0,0.0,0.0,0.5,0.0,0.0,0.0,-0.05,0.0,0.0,0.0,38.925724637681164,38.925724637681164,38.925724637681164,38.925724637681164,0.032652719719157175,0.02813330300016522,0.0,0.0,0.0,0.032652719719157175,0.31609900179319084
18.312,0.0,0.0,0.5331571120635865,0.0,0.0,0.03511645101086703,0.0,0.0,0.0,0.0,0.0,0.0,0.0,0.0,0.5,0.0,0.0,0.0,-0.05,0.0,0.0,0.0,38.925724637681164,38.925724637681164,38.925724637681164,38.925724637681164,0.033157112063586514,0.03511645101086703,0.0,0.0,0.0,0.033157112063586514,0.29725400236202404
18.32,0.0,0.0,0.5336913308827375,0.0,0.0,0.04144863128746871,0.0,0.0,0.0,0.0,0.0,0.0,0.0,0.0,0.5,0.0,0.0,0.0,-0.05,0.0,0.0,0.0,38.925724637681164,38.925724637681164,38.925724637681164,38.925724637681164,0.03369133088273746,0.04144863128746871,0.0,0.0,0.0,0.03369133088273746,0.47010300477268174
18.328,0.0,0.0,0.534247774741874,0.0,0.0,0.047070001508390434,0.0,0.0,0.0,0.0,0.0,0.0,0.0,0.0,0.5,0.0,0.0,0.0,-0.05,0.0,0.0,0.0,38.925724637681164,38.925724637681164,38.925724637681164,38.925724637681164,0.034247774741874015,0.047070001508390434,0.0,0.0,0.0,0.034247774741874015,0.38746199425077066
18.336000000000002,0.0,0.0,0.5348188957735212,0.0,0.0,0.05193402699788601,0.0,0.0,0.0,0.0,0.0,0.0,0.0,0.0,0.5,0.0,0.0,0.0,-0.05,0.0,0.0,0.0,38.925724637681164,38.925724637681164,38.925724637681164,38.925724637681164,0.03481889577352115,0.05193402699788601,0.0,0.0,0.0,0.03481889577352115,0.36190600076224655
18.344,0.0,0.0,0.5353971996078647,0.0,0.0,0.056004817456898934,0.0,0.0,0.0,0.0,0.0,0.0,0.0,0.0,0.5,0.0,0.0,0.0,-0.05,0.0,0.0,0.0,38.925724637681164,38.925724637681164,38.925724637681164,38.925724637681164,0.03539719960786469,0.056004817456898934,0.0,0.0,0.0,0.03539719960786469,0.40431499655824155
18.352,0.0,0.0,0.5359752453032411,0.0,0.0,0.05925499634993199,0.0,0.0,0.0,0.0,0.0,0.0,0.0,0.0,0.5,0.0,0.0,0.0,-0.05,0.0,0.0,0.0,38.925724637681164,38.925724637681164,38.925724637681164,38.925724637681164,0.03597524530324114,0.05925499634993199,0.0,0.0,0.0,0.03597524530324114,0.4578680018312298
18.36,0.0,0.0,0.5365456452767186,0.0,0.0,0.06166399641688239,0.0,0.0,0.0,0.0,0.0,0.0,0.0,0.0,0.5,0.0,0.0,0.0,-0.05,0.0,0.0,0.0,38.925724637681164,38.925724637681164,38.925724637681164,38.925724637681164,0.03654564527671855,0.06166399641688239,0.0,0.0,0.0,0.03654564527671855,0.4726719998870976
18.368000000000002,0.0,0.0,0.5371010652347668,0.0,0.0,0.06321669608470622,0.0,0.0,0.0,0.0,0.0,0.0,0.0,0.0,0.5,0.0,0.0,0.0,-0.05,0.0,0.0,0.0,38.925724637681164,38.925724637681164,38.925724637681164,38.925724637681164,0.03710106523476675,0.06321669608470622,0.0,0.0,0.0,0.03710106523476675,0.415690999943763
18.376,0.0,0.0,0.5376342241040184,0.0,0.0,0.06390232859905766,0.0,0.0,0.0,0.0,0.0,0.0,0.0,0.0,0.5,0.0,0.0,0.0,-0.05,0.0,0.0,0.0,38.925724637681164,38.925724637681164,38.925724637681164,38.925724637681164,0.0376342241040184,0.06390232859905766,0.0,0.0,0.0,0.0376342241040184,0.40098399767884985
18.384,0.0,0.0,0.5381378939621194,0.0,0.0,0.063713609331773,0.0,0.0,0.0,0.0,0.0,0.0,0.0,0.0,0.5,0.0,0.0,0.0,-0.05,0.0,0.0,0.0,38.925724637681164,38.925724637681164,38.925724637681164,38.925724637681164,0.03813789396211942,0.063713609331773,0.0,0.0,0.0,0.03813789396211942,0.3622630028985441
18.392,0.0,0.0,0.5386048999686697,0.0,0.0,0.062646037629176,0.0,0.0,0.0,0.0,0.0,0.0,0.0,0.0,0.5,0.0,0.0,0.0,-0.05,0.0,0.0,0.0,38.925724637681164,38.925724637681164,38.925724637681164,38.925724637681164,0.03860489996866967,0.062646037629176,0.0,0.0,0.0,0.03860489996866967,0.17760499758878723
18.400000000000002,0.0,0.0,0.5390281202962534,0.0,0.0,0.060697338292929386,0.0,0.0,0.0,0.0,0.0,0.0,0.0,0.0,0.5,0.0,0.0,0.0,-0.05,0.0,0.0,0.0,38.925724637681164,38.925724637681164,38.925724637681164,38.925724637681164,0.039028120296253355,0.060697338292929386,0.0,0.0,0.0,0.039028120296253355,0.3190420029568486
18.408,0.0,0.0,0.5394004860615587,0.0,0.0,0.05786701476697716,0.0,0.0,0.0,0.0,0.0,0.0,0.0,0.0,0.5,0.0,0.0,0.0,-0.05,0.0,0.0,0.0,38.925724637681164,38.925724637681164,38.925724637681164,38.925724637681164,0.03940048606155866,0.05786701476697716,0.0,0.0,0.0,0.03940048606155866,0.3351760024088435
18.416,0.0,0.0,0.5397191862049338,0.0,0.0,0.05426111539795997,0.0,0.0,0.0,0.0,0.0,0.0,0.0,0.0,0.5,0.0,0.0,0.0,-0.05,0.0,0.0,0.0,38.925724637681164,38.925724637681164,38.925724637681164,38.925724637681164,0.039719186204933754,0.05426111539795997,0.0,0.0,0.0,0.039719186204933754,0.3312879998702556
18.424,0.0,0.0,0.5399842904544757,0.0,0.0,0.05003649855691767,0.0,0.0,0.0,0.0,0.0,0.0,0.0,0.0,0.5,0.0,0.0,0.0,-0.05,0.0,0.0,0.0,38.925724637681164,38.925724637681164,38.925724637681164,38.925724637681164,0.03998429045447571,0.05003649855691767,0.0,0.0,0.0,0.03998429045447571,0.32949000160442665
18.432000000000002,0.0,0.0,0.5401958684476833,0.0,0.0,0.04531864867572212,0.0,0.0,0.0,0.0,0.0,0.0,0.0,0.0,0.5,0.0,0.0,0.0,-0.05,0.0,0.0,0.0,38.925724637681164,38.925724637681164,38.925724637681164,38.925724637681164,0.0401958684476833,0.04531864867572212,0.0,0.0,0.0,0.0401958684476833,0.32124399876920506
18.44,0.0,0.0,0.540353989731575,0.0,0.0,0.04020795103787061,0.0,0.0,0.0,0.0,0.0,0.0,0.0,0.0,0.5,0.0,0.0,0.0,-0.05,0.0,0.0,0.0,38.925724637681164,38.925724637681164,38.925724637681164,38.925724637681164,0.040353989731575,0.04020795103787061,0.0,0.0,0.0,0.040353989731575,0.3365180018590763
18.448,0.0,0.0,0.5404587237628063,0.0,0.0,0.03478471161108043,0.0,0.0,0.0,0.0,0.0,0.0,0.0,0.0,0.5,0.0,0.0,0.0,-0.05,0.0,0.0,0.0,38.925724637681164,38.925724637681164,38.925724637681164,38.925724637681164,0.04045872376280635,0.03478471161108043,0.0,0.0,0.0,0.04045872376280635,0.2809859943226911
18.456,0.0,0.0,0.5405101399077874,0.0,0.0,0.029113172913390828,0.0,0.0,0.0,0.0,0.0,0.0,0.0,0.0,0.5,0.0,0.0,0.0,-0.05,0.0,0.0,0.0,38.925724637681164,38.925724637681164,38.925724637681164,38.925724637681164,0.0405101399077874,0.029113172913390828,0.0,0.0,0.0,0.0405101399077874,0.2652279945323244
18.464,0.0,0.0,0.5405083074427999,0.0,0.0,0.023244726706024465,0.0,0.0,0.0,0.0,0.0,0.0,0.0,0.0,0.5,0.0,0.0,0.0,-0.05,0.0,0.0,0.0,38.925724637681164,38.925724637681164,38.925724637681164,38.925724637681164,0.040508307442799873,0.023244726706024465,0.0,0.0,0.0,0.040508307442799873,0.2491529958206229
18.472,0.0,0.0,0.5404532955541145,0.0,0.0,0.017220484147685112,0.0,0.0,0.0,0.0,0.0,0.0,0.0,0.0,0.5,0.0,0.0,0.0,-0.05,0.0,0.0,0.0,38.925724637681164,38.925724637681164,38.925724637681164,38.925724637681164,0.04045329555411448,0.017220484147685112,0.0,0.0,0.0,0.04045329555411448,0.22569700377061963
18.48,0.0,0.0,0.5403451733381076,0.0,0.0,0.011073331917976109,0.0,0.0,0.0,0.0,0.0,0.0,0.0,0.0,0.5,0.0,0.0,0.0,-0.05,0.0,0.0,0.0,38.925724637681164,38.925724637681164,38.925724637681164,38.925724637681164,0.04034517333810761,0.011073331917976109,0.0,0.0,0.0,0.04034517333810761,0.2265270013595
18.488,0.0,0.0,0.5401840098013784,0.0,0.0,0.004829577116149535,0.0,0.0,0.0,0.0,0.0,0.0,0.0,0.0,0.5,0.0,0.0,0.0,-0.05,0.0,0.0,0.0,38.925724637681164,38.925724637681164,38.925724637681164,38.925724637681164,0.04018400980137837,0.004829577116149535,0.0,0.0,0.0,0.04018400980137837,0.24633300199639052
18.496,0.0,0.0,0.5399698738608653,0.0,0.0,-0.001489736819908862,0.0,0.0,0.0,0.0,0.0,0.0,0.0,0.0,0.5,0.0,0.0,0.0,-0.05,0.0,0.0,0.0,38.925724637681164,38.925724637681164,38.925724637681164,38.925724637681164,0.03996987386086526,0.001489736819908862,0.0,0.0,0.0,0.03996987386086526,0.36788499710382894
18.504,0.0,0.0,0.5397028343439623,0.0,0.0,-0.007867777378499592,0.0,0.0,0.0,0.0,0.0,0.0,0.0,0.0,0.5,0.0,0.0,0.0,-0.05,0.0,0.0,0.0,38.925724637681164,38.925724637681164,38.925724637681164,38.925724637681164,0.03970283434396227,0.007867777378499592,0.0,0.0,0.0,0.03970283434396227,0.20296799630159512
18.512,0.0,0.0,0.5393829599886357,0.0,0.0,-0.014291080785964149,0.0,0.0,0.0,0.0,0.0,0.0,0.0,0.0,0.5,0.0,0.0,0.0,-0.05,0.0,0.0,0.0,38.925724637681164,38.925724637681164,38.925724637681164,38.925724637681164,0.039382959988635724,0.014291080785964149,0.0,0.0,0.0,0.039382959988635724,0.17818700143834576
18.52,0.0,0.0,0.53901031944354,0.0,0.0,-0.02074887825616411,0.0,0.0,0.0,0.0,0.0,0.0,0.0,0.0,0.5,0.0,0.0,0.0,-0.04645565573683297,0.0,0.0,0.0,39.56781598970417,39.56781598970417,39.56781598970417,39.56781598970417,0.039010319443540054,0.02074887825616411,0.0,0.0,0.0,0.039010319443540054,0.12962199980393052
18.528,0.0,0.0,0.5385920893253839,0.0,0.0,-0.027054855558835324,0.0,0.0,0.0,0.0,0.0,0.0,0.0,0.0,0.5,0.0,0.0,0.0,-0.03966378957282202,0.0,0.0,0.0,40.79822652666268,40.79822652666268,40.79822652666268,40.79822652666268,0.03859208932538394,0.027054855558835324,0.0,0.0,0.0,0.03859208932538394,0.11405000259401277
18.536,0.0,0.0,0.538135480616917,0.0,0.0,-0.03305910215873887,0.0,0.0,0.0,0.0,0.0,0.0,0.0,0.0,0.5,0.0,0.0,0.0,-0.03309057040450436,0.0,0.0,0.0,41.98902710063327,41.98902710063327,41.98902710063327,41.98902710063327,0.03813548061691696,0.03305910215873887,0.0,0.0,0.0,0.03813548061691696,0.13711999781662598
18.544,0.0,0.0,0.5376477386222779,0.0,0.0,-0.038640831592969424,0.0,0.0,0.0,0.0,0.0,0.0,0.0,0.0,0.5,0.0,0.0,0.0,-0.026863332604872503,0.0,0.0,0.0,43.11714989042165,43.11714989042165,43.11714989042165,43.11714989042165,0.03764773862227788,0.038640831592969424,0.0,0.0,0.0,0.03764773862227788,0.13384900375967845
18.552,0.0,0.0,0.5371361429224007,0.0,0.0,-0.04370255777130525,0.0,0.0,0.0,0.0,0.0,0.0,0.0,0.0,0.5,0.0,0.0,0.0,-0.02108809999099115,0.0,0.0,0.0,44.16338768279146,44.16338768279146,44.16338768279146,44.16338768279146,0.03713614292240075,0.04370255777130525,0.0,0.0,0.0,0.03713614292240075,0.1387270021950826
18.56,0.0,0.0,0.5366080073304786,0.0,0.0,-0.04816543601509835,0.0,0.0,0.0,0.0,0.0,0.0,0.0,0.0,0.5,0.0,0.0,0.0,-0.015853620577406358,0.0,0.0,0.0,45.11166293887566,45.11166293887566,45.11166293887566,45.11166293887566,0.03660800733047864,0.04816543601509835,0.0,0.0,0.0,0.03660800733047864,0.12572800187626854
18.568,0.0,0.0,0.5360706798474854,0.0,0.0,-0.05196553588690641,0.0,0.0,0.0,0.0,0.0,0.0,0.0,0.0,0.5,0.0,0.0,0.0,-0.01123447559220736,0.0,0.0,0.0,45.948464566629106,45.948464566629106,45.948464566629106,45.948464566629106,0.036070679847485354,0.05196553588690641,0.0,0.0,0.0,0.036070679847485354,0.12099699961254373
18.576,0.0,0.0,0.5355315426177554,0.0,0.0,-0.055050859452776116,0.0,0.0,0.0,0.0,0.0,0.0,0.0,0.0,0.5,0.0,0.0,0.0,-0.0072939251230027535,0.0,0.0,0.0,46.662332405253125,46.662332405253125,46.662332405253125,46.662332405253125,0.035531542617755374,0.055050859452776116,0.0,0.0,0.0,0.035531542617755374,0.12174899893580005
18.584,0.0,0.0,0.5349980118846208,0.0,0.0,-0.0573789558905863,0.0,0.0,0.0,0.0,0.0,0.0,0.0,0.0,0.5,0.0,0.0,0.0,-0.004087136070855313,0.0,0.0,0.0,47.24327245093201,47.24327245093201,47.24327245093201,47.24327245093201,0.03499801188462082,0.0573789558905863,0.0,0.0,0.0,0.03499801188462082,0.13580600352725014
18.592,0.0,0.0,0.5344775379461065,0.0,0.0,-0.05891501317532767,0.0,0.0,0.0,0.0,0.0,0.0,0.0,0.0,0.5,0.0,0.0,0.0,-0.0016592273651983014,0.0,0.0,0.0,47.68311098456552,47.68311098456552,47.68311098456552,47.68311098456552,0.03447753794610653,0.05891501317532767,0.0,0.0,0.0,0.03447753794610653,0.11573800293263048
18.6,0.0,0.0,0.5339776051106826,0.0,0.0,-0.05963033142585629,0.0,0.0,0.0,0.0,0.0,0.0,0.0,0.0,0.5,0.0,0.0,0.0,-5.232293593648851e-05,0.0,0.0,0.0,47.9742168594318,47.9742168594318,47.9742168594318,47.9742168594318,0.033977605110682596,0.05963033142585629,0.0,0.0,0.0,0.033977605110682596,0.11406400153646246
18.608,0.0,0.0,0.5335057316530745,0.0,0.0,-0.05950110158088957,0.0,0.0,0.0,0.0,0.0,0.0,0.0,0.0,0.5,0.0,0.0,0.0,0.0006969571342461123,0.0,0.0,0.0,48.109956002580816,48.109956002580816,48.109956002580816,48.109956002580816,0.033505731653074466,0.05950110158088957,0.0,0.0,0.0,0.033505731653074466,0.1378820015816018
18.616,0.0,0.0,0.53306946977013,0.0,0.0,-0.05850742833832369,0.0,0.0,0.0,0.0,0.0,0.0,0.0,0.0,0.5,0.0,0.0,0.0,0.0005556663542288787,0.0,0.0,0.0,48.08435984678059,48.08435984678059,48.08435984678059,48.08435984678059,0.03306946977013003,0.05850742833832369,0.0,0.0,0.0,0.03306946977013003,0.1301910015172325
18.624,0.0,0.0,0.5326764055367448,0.0,0.0,-0.05663254850529139,0.0,0.0,0.0,0.0,0.0,0.0,0.0,0.0,0.5,0.0,0.0,0.0,-0.0005062162834130746,0.0,0.0,0.0,47.891989803729516,47.891989803729516,47.891989803729516,47.891989803729516,0.03267640553674478,0.05663254850529139,0.0,0.0,0.0,0.03267640553674478,0.14884499978506938
18.632,0.0,0.0,0.5323341588618434,0.0,0.0,-0.05386220567676395,0.0,0.0,0.0,0.0,0.0,0.0,0.0,0.0,0.5,0.0,0.0,0.0,-0.0025163827856795606,0.0,0.0,0.0,47.527829205492836,47.527829205492836,47.527829205492836,47.527829205492836,0.03233415886184343,0.05386220567676395,0.0,0.0,0.0,0.03233415886184343,0.13612199836643413
18.64,0.0,0.0,0.5320503834444197,0.0,0.0,-0.050184149977005654,0.0,0.0,0.0,0.0,0.0,0.0,0.0,0.0,0.5,0.0,0.0,0.0,-0.005500673342399676,0.0,0.0,0.0,46.98719685826093,46.98719685826093,46.98719685826093,46.98719685826093,0.03205038344441968,0.050184149977005654,0.0,0.0,0.0,0.03205038344441968,0.10753000242402777
18.648,0.0,0.0,0.531832766729632,0.0,0.0,-0.04558773785129776,0.0,0.0,0.0,0.0,0.0,0.0,0.0,0.0,0.5,0.0,0.0,0.0,-0.009483458058345384,0.0,0.0,0.0,46.26567788798091,46.26567788798091,46.26567788798091,46.26567788798091,0.03183276672963198,0.04558773785129776,0.0,0.0,0.0,0.03183276672963198,0.10945700341835618
18.656,0.0,0.0,0.5316890298649573,0.0,0.0,-0.040063611897906755,0.0,0.0,0.0,0.0,0.0,0.0,0.0,0.0,0.5,0.0,0.0,0.0,-0.014489499366896919,0.0,0.0,0.0,45.35878634657664,45.35878634657664,45.35878634657664,45.35878634657664,0.03168902986495725,0.040063611897906755,0.0,0.0,0.0,0.03168902986495725,0.09243699605576694
18.664,0.0,0.0,0.5316269276564012,0.0,0.0,-0.03360344473222662,0.0,0.0,0.0,0.0,0.0,0.0,0.0,0.0,0.5,0.0,0.0,0.0,-0.020537723818930043,0.0,0.0,0.0,44.2630935110634,44.2630935110634,44.2630935110634,44.2630935110634,0.03162692765640118,0.03360344473222662,0.0,0.0,0.0,0.03162692765640118,0.12924399925395846
18.672,0.0,0.0,0.5316542485247655,0.0,0.0,-0.026199734076673167,0.0,0.0,0.0,0.0,0.0,0.0,0.0,0.0,0.5,0.0,0.0,0.0,-0.027651422684156768,0.0,0.0,0.0,42.974379948522326,42.974379948522326,42.974379948522326,42.974379948522326,0.031654248524765505,0.026199734076673167,0.0,0.0,0.0,0.031654248524765505,0.12573700223583728
18.68,0.0,0.0,0.5317629817928061,0.0,0.0,-0.018241455560322806,0.0,0.0,0.0,0.0,0.0,0.0,0.0,0.0,0.5,0.0,0.0,0.0,-0.03544407191353871,0.0,0.0,0.0,41.56266813160531,41.56266813160531,41.56266813160531,41.56266813160531,0.03176298179280612,0.018241455560322806,0.0,0.0,0.0,0.03176298179280612,0.15914499817881733
18.688,0.0,0.0,0.5319451708822714,0.0,0.0,-0.01003843721162466,0.0,0.0,0.0,0.0,0.0,0.0,0.0,0.0,0.5,0.0,0.0,0.0,-0.04360701068247863,0.0,0.0,0.0,40.083874876362565,40.083874876362565,40.083874876362565,40.083874876362565,0.031945170882271445,0.01003843721162466,0.0,0.0,0.0,0.031945170882271445,0.1619239992578514
18.696,0.0,0.0,0.5321929132436112,0.0,0.0,-0.0018371907358085172,0.0,0.0,0.0,0.0,0.0,0.0,0.0,0.0,0.5,0.0,0.0,0.0,-0.05,0.0,0.0,0.0,38.925724637681164,38.925724637681164,38.925724637681164,38.925724637681164,0.032192913243611176,0.0018371907358085172,0.0,0.0,0.0,0.032192913243611176,0.20408900309121236
18.704,0.0,0.0,0.5324983602857766,0.0,0.0,0.006166423465488941,0.0,0.0,0.0,0.0,0.0,0.0,0.0,0.0,0.5,0.0,0.0,0.0,-0.05,0.0,0.0,0.0,38.925724637681164,38.925724637681164,38.925724637681164,38.925724637681164,0.03249836028577657,0.006166423465488941,0.0,0.0,0.0,0.03249836028577657,0.21120699966559187
18.712,0.0,0.0,0.5328537173061118,0.0,0.0,0.013817064280771596,0.0,0.0,0.0,0.0,0.0,0.0,0.0,0.0,0.5,0.0,0.0,0.0,-0.05,0.0,0.0,0.0,38.925724637681164,38.925724637681164,38.925724637681164,38.925724637681164,0.03285371730611175,0.013817064280771596,0.0,0.0,0.0,0.03285371730611175,0.22573799651581794
18.72,0.0,0.0,0.5332512434203363,0.0,0.0,0.020991804280230876,0.0,0.0,0.0,0.0,0.0,0.0,0.0,0.0,0.5,0.0,0.0,0.0,-0.05,0.0,0.0,0.0,38.925724637681164,38.925724637681164,38.925724637681164,38.925724637681164,0.03325124342033625,0.020991804280230876,0.0,0.0,0.0,0.03325124342033625,0.3388779950910248
18.728,0.0,0.0,0.5336832514926181,0.0,0.0,0.02759364523122687,0.0,0.0,0.0,0.0,0.0,0.0,0.0,0.0,0.5,0.0,0.0,0.0,-0.05,0.0,0.0,0.0,38.925724637681164,38.925724637681164,38.925724637681164,38.925724637681164,0.03368325149261808,0.02759364523122687,0.0,0.0,0.0,0.03368325149261808,0.3454749967204407
18.736,0.0,0.0,0.5341421080657386,0.0,0.0,0.03354633051299534,0.0,0.0,0.0,0.0,0.0,0.0,0.0,0.0,0.5,0.0,0.0,0.0,-0.05,0.0,0.0,0.0,38.925724637681164,38.925724637681164,38.925724637681164,38.925724637681164,0.034142108065738586,0.03354633051299534,0.0,0.0,0.0,0.034142108065738586,0.28674500208580866
18.744,0.0,0.0,0.534620233291347,0.0,0.0,0.03879019505060801,0.0,0.0,0.0,0.0,0.0,0.0,0.0,0.0,0.5,0.0,0.0,0.0,-0.05,0.0,0.0,0.0,38.925724637681164,38.925724637681164,38.925724637681164,38.925724637681164,0.034620233291347,0.03879019505060801,0.0,0.0,0.0,0.034620233291347,0.39850599569035694
18.752,0.0,0.0,0.5351101008603062,0.0,0.0,0.043278845264467514,0.0,0.0,0.0,0.0,0.0,0.0,0.0,0.0,0.5,0.0,0.0,0.0,-0.05,0.0,0.0,0.0,38.925724637681164,38.925724637681164,38.925724637681164,38.925724637681164,0.03511010086030619,0.043278845264467514,0.0,0.0,0.0,0.03511010086030619,0.38795399450464174
18.76,0.0,0.0,0.5356042379331291,0.0,0.0,0.0469765030321415,0.0,0.0,0.0,0.0,0.0,0.0,0.0,0.0,0.5,0.0,0.0,0.0,-0.05,0.0,0.0,0.0,38.925724637681164,38.925724637681164,38.925724637681164,38.925724637681164,0.03560423793312906,0.0469765030321415,0.0,0.0,0.0,0.03560423793312906,0.39679600013187155
18.768,0.0,0.0,0.5360952250705047,0.0,0.0,0.049855880860104784,0.0,0.0,0.0,0.0,0.0,0.0,0.0,0.0,0.5,0.0,0.0,0.0,-0.05,0.0,0.0,0.0,38.925724637681164,38.925724637681164,38.925724637681164,38.925724637681164,0.036095225070504666,0.049855880860104784,0.0,0.0,0.0,0.036095225070504666,0.3116910011158325
18.776,0.0,0.0,0.5365756961639154,0.0,0.0,0.051896482023354194,0.0,0.0,0.0,0.0,0.0,0.0,0.0,0.0,0.5,0.0,0.0,0.0,-0.05,0.0,0.0,0.0,38.925724637681164,38.925724637681164,38.925724637681164,38.925724637681164,0.03657569616391543,0.051896482023354194,0.0,0.0,0.0,0.03657569616391543,0.3799999976763502
18.784,0.0,0.0,0.5370383383663437,0.0,0.0,0.05308324067939237,0.0,0.0,0.0,0.0,0.0,0.0,0.0,0.0,0.5,0.0,0.0,0.0,-0.05,0.0,0.0,0.0,38.925724637681164,38.925724637681164,38.925724637681164,38.925724637681164,0.03703833836634374,0.05308324067939237,0.0,0.0,0.0,0.03703833836634374,0.6187370017869398
18.792,0.0,0.0,0.5374758920230691,0.0,0.0,0.05340543396164464,0.0,0.0,0.0,0.0,0.0,0.0,0.0,0.0,0.5,0.0,0.0,0.0,-0.05,0.0,0.0,0.0,38.925724637681164,38.925724637681164,38.925724637681164,38.925724637681164,0.03747589202306911,0.05340543396164464,0.0,0.0,0.0,0.03747589202306911,0.3487880021566525
18.8,0.0,0.0,0.5378811506025553,0.0,0.0,0.052855811656470464,0.0,0.0,0.0,0.0,0.0,0.0,0.0,0.0,0.5,0.0,0.0,0.0,-0.05,0.0,0.0,0.0,38.925724637681164,38.925724637681164,38.925724637681164,38.925724637681164,0.03788115060255526,0.052855811656470464,0.0,0.0,0.0,0.03788115060255526,0.2643879997776821
18.808,0.0,0.0,0.5382469606274263,0.0,0.0,0.05142989994695278,0.0,0.0,0.0,0.0,0.0,0.0,0.0,0.0,0.5,0.0,0.0,0.0,-0.05,0.0,0.0,0.0,38.925724637681164,38.925724637681164,38.925724637681164,38.925724637681164,0.038246960627426274,0.05142989994695278,0.0,0.0,0.0,0.038246960627426274,0.22556300245923921
18.816,0.0,0.0,0.5385662216055335,0.0,0.0,0.04912544441024296,0.0,0.0,0.0,0.0,0.0,0.0,0.0,0.0,0.5,0.0,0.0,0.0,-0.05,0.0,0.0,0.0,38.925724637681164,38.925724637681164,38.925724637681164,38.925724637681164,0.03856622160553347,0.04912544441024296,0.0,0.0,0.0,0.03856622160553347,0.2778039997792803
18.824,0.0,0.0,0.5388318859611113,0.0,0.0,0.045941964417638245,0.0,0.0,0.0,0.0,0.0,0.0,0.0,0.0,0.5,0.0,0.0,0.0,-0.05,0.0,0.0,0.0,38.925724637681164,38.925724637681164,38.925724637681164,38.925724637681164,0.03883188596111131,0.045941964417638245,0.0,0.0,0.0,0.03883188596111131,0.3290620006737299
18.832,0.0,0.0,0.5390440233326054,0.0,0.0,0.04205700582146265,0.0,0.0,0.0,0.0,0.0,0.0,0.0,0.0,0.5,0.0,0.0,0.0,-0.05,0.0,0.0,0.0,38.925724637681164,38.925724637681164,38.925724637681164,38.925724637681164,0.03904402333260537,0.04205700582146265,0.0,0.0,0.0,0.03904402333260537,0.3255019983043894
18.84,0.0,0.0,0.5392027032679797,0.0,0.0,0.03761260304152877,0.0,0.0,0.0,0.0,0.0,0.0,0.0,0.0,0.5,0.0,0.0,0.0,-0.05,0.0,0.0,0.0,38.925724637681164,38.925724637681164,38.925724637681164,38.925724637681164,0.0392027032679797,0.03761260304152877,0.0,0.0,0.0,0.0392027032679797,0.28209699667058885
18.848,0.0,0.0,0.5393079952248341,0.0,0.0,0.03272238135458283,0.0,0.0,0.0,0.0,0.0,0.0,0.0,0.0,0.5,0.0,0.0,0.0,-0.05,0.0,0.0,0.0,38.925724637681164,38.925724637681164,38.925724637681164,38.925724637681164,0.03930799522483408,0.03272238135458283,0.0,0.0,0.0,0.03930799522483408,0.28165499679744244
18.856,0.0,0.0,0.5393599685705216,0.0,0.0,0.02747723872585376,0.0,0.0,0.0,0.0,0.0,0.0,0.0,0.0,0.5,0.0,0.0,0.0,-0.05,0.0,0.0,0.0,38.925724637681164,38.925724637681164,38.925724637681164,38.925724637681164,0.0393599685705216,0.02747723872585376,0.0,0.0,0.0,0.0393599685705216,0.41274599789176136
18.864,0.0,0.0,0.539358692582266,0.0,0.0,0.021949891274292723,0.0,0.0,0.0,0.0,0.0,0.0,0.0,0.0,0.5,0.0,0.0,0.0,-0.05,0.0,0.0,0.0,38.925724637681164,38.925724637681164,38.925724637681164,38.925724637681164,0.039358692582265986,0.021949891274292723,0.0,0.0,0.0,0.039358692582265986,0.26837599580176175
18.872,0.0,0.0,0.5393042364472787,0.0,0.0,0.016198509644750652,0.0,0.0,0.0,0.0,0.0,0.0,0.0,0.0,0.5,0.0,0.0,0.0,-0.05,0.0,0.0,0.0,38.925724637681164,38.925724637681164,38.925724637681164,38.925724637681164,0.03930423644727865,0.016198509644750652,0.0,0.0,0.0,0.03930423644727865,0.21987900254316628
18.88,0.0,0.0,0.5391966692628755,0.0,0.0,0.010269628105720475,0.0,0.0,0.0,0.0,0.0,0.0,0.0,0.0,0.5,0.0,0.0,0.0,-0.05,0.0,0.0,0.0,38.925724637681164,38.925724637681164,38.925724637681164,38.925724637681164,0.03919666926287546,0.010269628105720475,0.0,0.0,0.0,0.03919666926287546,0.21841099805897102
18.888,0.0,0.0,0.5390360600365937,0.0,0.0,0.0042004718275326,0.0,0.0,0.0,0.0,0.0,0.0,0.0,0.0,0.5,0.0,0.0,0.0,-0.05,0.0,0.0,0.0,38.925724637681164,38.925724637681164,38.925724637681164,38.925724637681164,0.039036060036593656,0.0042004718275326,0.0,0.0,0.0,0.039036060036593656,0.18238499615108594
18.896,0.0,0.0,0.5388224776863086,0.0,0.0,-0.001979181295099837,0.0,0.0,0.0,0.0,0.0,0.0,0.0,0.0,0.5,0.0,0.0,0.0,-0.05,0.0,0.0,0.0,38.925724637681164,38.925724637681164,38.925724637681164,38.925724637681164,0.03882247768630864,0.001979181295099837,0.0,0.0,0.0,0.03882247768630864,0.1746600028127432
18.904,0.0,0.0,0.5385559910403503,0.0,0.0,-0.00824551118503803,0.0,0.0,0.0,0.0,0.0,0.0,0.0,0.0,0.5,0.0,0.0,0.0,-0.05,0.0,0.0,0.0,38.925724637681164,38.925724637681164,38.925724637681164,38.925724637681164,0.038555991040350346,0.00824551118503803,0.0,0.0,0.0,0.038555991040350346,0.16707200120436028
18.912,0.0,0.0,0.5382366688376197,0.0,0.0,-0.014579464016298213,0.0,0.0,0.0,0.0,0.0,0.0,0.0,0.0,0.5,0.0,0.0,0.0,-0.05,0.0,0.0,0.0,38.925724637681164,38.925724637681164,38.925724637681164,38.925724637681164,0.03823666883761967,0.014579464016298213,0.0,0.0,0.0,0.03823666883761967,0.1857230017776601
18.92,0.0,0.0,0.5378645797277044,0.0,0.0,-0.02096579896091705,0.0,0.0,0.0,0.0,0.0,0.0,0.0,0.0,0.5,0.0,0.0,0.0,-0.04412927302910963,0.0,0.0,0.0,39.989262132407674,39.989262132407674,39.989262132407674,39.989262132407674,0.037864579727704406,0.02096579896091705,0.0,0.0,0.0,0.037864579727704406,0.2307599934283644
18.928,0.0,0.0,0.5374469003282453,0.0,0.0,-0.027214624155213207,0.0,0.0,0.0,0.0,0.0,0.0,0.0,0.0,0.5,0.0,0.0,0.0,-0.03739365358368607,0.0,0.0,0.0,41.20948304643368,41.20948304643368,41.20948304643368,41.20948304643368,0.03744690032824527,0.027214624155213207,0.0,0.0,0.0,0.03744690032824527,0.16617599612800404
18.936,0.0,0.0,0.5369908416229228,0.0,0.0,-0.03317316695723442,0.0,0.0,0.0,0.0,0.0,0.0,0.0,0.0,0.5,0.0,0.0,0.0,-0.030865063724782593,0.0,0.0,0.0,42.392198600582866,42.392198600582866,42.392198600582866,42.392198600582866,0.036990841622922765,0.03317316695723442,0.0,0.0,0.0,0.036990841622922765,0.14168200141284615
18.944,0.0,0.0,0.5365036489168056,0.0,0.0,-0.038718351218718625,0.0,0.0,0.0,0.0,0.0,0.0,0.0,0.0,0.5,0.0,0.0,0.0,-0.02467370782813083,0.0,0.0,0.0,43.513821045628475,43.513821045628475,43.513821045628475,43.513821045628475,0.036503648916805576,0.038718351218718625,0.0,0.0,0.0,0.036503648916805576,0.14941199333406985
18.952,0.0,0.0,0.5359926017917561,0.0,0.0,-0.043750859101207074,0.0,0.0,0.0,0.0,0.0,0.0,0.0,0.0,0.5,0.0,0.0,0.0,-0.01892736551180707,0.0,0.0,0.0,44.55482508844075,44.55482508844075,44.55482508844075,44.55482508844075,0.03599260179175612,0.043750859101207074,0.0,0.0,0.0,0.03599260179175612,0.12788799358531833
18.96,0.0,0.0,0.5354650140618947,0.0,0.0,-0.04819038052750185,0.0,0.0,0.0,0.0,0.0,0.0,0.0,0.0,0.5,0.0,0.0,0.0,-0.013716182903969476,0.0,0.0,0.0,45.498879908701184,45.498879908701184,45.498879908701184,45.498879908701184,0.03546501406189473,0.04819038052750185,0.0,0.0,0.0,0.03546501406189473,0.13242499699117616
18.968,0.0,0.0,0.5349282337291213,0.0,0.0,-0.051971812741337435,0.0,0.0,0.0,0.0,0.0,0.0,0.0,0.0,0.5,0.0,0.0,0.0,-0.009115859691416595,0.0,0.0,0.0,46.33227179503323,46.33227179503323,46.33227179503323,46.33227179503323,0.03492823372912135,0.051971812741337435,0.0,0.0,0.0,0.03492823372912135,0.17369900160701945
18.976,0.0,0.0,0.5343896429386954,0.0,0.0,-0.055042219953720245,0.0,0.0,0.0,0.0,0.0,0.0,0.0,0.0,0.5,0.0,0.0,0.0,-0.0051905507288908526,0.0,0.0,0.0,47.04337849114296,47.04337849114296,47.04337849114296,47.04337849114296,0.0343896429386954,0.055042219953720245,0.0,0.0,0.0,0.0343896429386954,0.13537500490201637
18.984,0.0,0.0,0.5338566579348727,0.0,0.0,-0.05735840105853939,0.0,0.0,0.0,0.0,0.0,0.0,0.0,0.0,0.5,0.0,0.0,0.0,-0.0019961384564601836,0.0,0.0,0.0,47.6220763665833,47.6220763665833,47.6220763665833,47.6220763665833,0.03385665793487269,0.05735840105853939,0.0,0.0,0.0,0.03385665793487269,0.135888003569562
18.992,0.0,0.0,0.5333367290166006,0.0,0.0,-0.05888494380363614,0.0,0.0,0.0,0.0,0.0,0.0,0.0,0.0,0.5,0.0,0.0,0.0,0.0004216851637951491,0.0,0.0,0.0,48.06008789199188,48.06008789199188,48.06008789199188,48.06008789199188,0.033336729016600564,0.05888494380363614,0.0,0.0,0.0,0.033336729016600564,0.12382800196064636
19.0,0.0,0.0,0.5328373404932704,0.0,0.0,-0.05959266812616534,0.0,0.0,0.0,0.0,0.0,0.0,0.0,0.0,0.5,0.0,0.0,0.0,0.002020338159166246,0.0,0.0,0.0,48.349698941877946,48.349698941877946,48.349698941877946,48.349698941877946,0.03283734049327036,0.05959266812616534,0.0,0.0,0.0,0.03283734049327036,0.11621999874478206
19.008,0.0,0.0,0.5323660106405276,0.0,0.0,-0.05945738081950321,0.0,0.0,0.0,0.0,0.0,0.0,0.0,0.0,0.5,0.0,0.0,0.0,0.0027628339483756204,0.0,0.0,0.0,48.48420904861877,48.48420904861877,48.48420904861877,48.48420904861877,0.032366010640527576,0.05945738081950321,0.0,0.0,0.0,0.032366010640527576,0.15927299682516605
19.016000000000002,0.0,0.0,0.5319302916561391,0.0,0.0,-0.05845887926530977,0.0,0.0,0.0,0.0,0.0,0.0,0.0,0.0,0.5,0.0,0.0,0.0,0.0026159328475532373,0.0,0.0,0.0,48.45759653035385,48.45759653035385,48.45759653035385,48.45759653035385,0.03193029165613914,0.05845887926530977,0.0,0.0,0.0,0.03193029165613914,0.2122330042766407
19.024,0.0,0.0,0.5315377696159181,0.0,0.0,-0.05658015441777389,0.0,0.0,0.0,0.0,0.0,0.0,0.0,0.0,0.5,0.0,0.0,0.0,0.0015493792948928498,0.0,0.0,0.0,48.264380307045805,48.264380307045805,48.264380307045805,48.264380307045805,0.03153776961591814,0.05658015441777389,0.0,0.0,0.0,0.03153776961591814,0.11331000132486224
19.032,0.0,0.0,0.531196064429706,0.0,0.0,-0.05380675318952323,0.0,0.0,0.0,0.0,0.0,0.0,0.0,0.0,0.5,0.0,0.0,0.0,-0.0004647063604406032,0.0,0.0,0.0,47.89950971731149,47.89950971731149,47.89950971731149,47.89950971731149,0.031196064429706016,0.05380675318952323,0.0,0.0,0.0,0.031196064429706016,0.12426600005710497
19.04,0.0,0.0,0.5309128297974116,0.0,0.0,-0.05012626835897949,0.0,0.0,0.0,0.0,0.0,0.0,0.0,0.0,0.5,0.0,0.0,0.0,-0.003452314423649794,0.0,0.0,0.0,47.358276372527214,47.358276372527214,47.358276372527214,47.358276372527214,0.030912829797411612,0.05012626835897949,0.0,0.0,0.0,0.030912829797411612,0.10961299994960427
19.048000000000002,0.0,0.0,0.5306957531651075,0.0,0.0,-0.0455279304947838,0.0,0.0,0.0,0.0,0.0,0.0,0.0,0.0,0.5,0.0,0.0,0.0,-0.007437935092108772,0.0,0.0,0.0,46.636243642733916,46.636243642733916,46.636243642733916,46.636243642733916,0.03069575316510753,0.0455279304947838,0.0,0.0,0.0,0.03069575316510753,0.1154469937318936
19.056,0.0,0.0,0.5305525556811838,0.0,0.0,-0.04000228149392178,0.0,0.0,0.0,0.0,0.0,0.0,0.0,0.0,0.5,0.0,0.0,0.0,-0.012446424357074104,0.0,0.0,0.0,45.72890863096484,45.72890863096484,45.72890863096484,45.72890863096484,0.030552555681183757,0.04000228149392178,0.0,0.0,0.0,0.030552555681183757,0.11684000492095947
19.064,0.0,0.0,0.5304909921525577,0.0,0.0,-0.03354091341078944,0.0,0.0,0.0,0.0,0.0,0.0,0.0,0.0,0.5,0.0,0.0,0.0,-0.018496790591321588,0.0,0.0,0.0,44.632827791427246,44.632827791427246,44.632827791427246,44.632827791427246,0.030490992152557683,0.03354091341078944,0.0,0.0,0.0,0.030490992152557683,0.10047899559140205
19.072,0.0,0.0,0.5305188510009415,0.0,0.0,-0.02613625951903511,0.0,0.0,0.0,0.0,0.0,0.0,0.0,0.0,0.5,0.0,0.0,0.0,-0.025612384141580402,0.0,0.0,0.0,43.34377098884413,43.34377098884413,43.34377098884413,43.34377098884413,0.030518851000941538,0.02613625951903511,0.0,0.0,0.0,0.030518851000941538,0.09681499795988202
19.080000000000002,0.0,0.0,0.530631341379228,0.0,0.0,-0.018096748158068457,0.0,0.0,0.0,0.0,0.0,0.0,0.0,0.0,0.5,0.0,0.0,0.0,-0.03348948557758602,0.0,0.0,0.0,41.916759859132966,41.916759859132966,41.916759859132966,41.916759859132966,0.03063134137922796,0.018096748158068457,0.0,0.0,0.0,0.03063134137922796,0.11101600102847442
19.088,0.0,0.0,0.5308204846777346,0.0,0.0,-0.009748816063788968,0.0,0.0,0.0,0.0,0.0,0.0,0.0,0.0,0.5,0.0,0.0,0.0,-0.04180354008334597,0.0,0.0,0.0,40.41059056461124,40.41059056461124,40.41059056461124,40.41059056461124,0.030820484677734572,0.009748816063788968,0.0,0.0,0.0,0.030820484677734572,0.2144960017176345
19.096,0.0,0.0,0.531078356344106,0.0,0.0,-0.0013522611917434974,0.0,0.0,0.0,0.0,0.0,0.0,0.0,0.0,0.5,0.0,0.0,0.0,-0.05,0.0,0.0,0.0,38.925724637681164,38.925724637681164,38.925724637681164,38.925724637681164,0.03107835634410605,0.0013522611917434974,0.0,0.0,0.0,0.03107835634410605,0.2077790049952455
19.104,0.0,0.0,0.531397085813077,0.0,0.0,0.006886427770879461,0.0,0.0,0.0,0.0,0.0,0.0,0.0,0.0,0.5,0.0,0.0,0.0,-0.05,0.0,0.0,0.0,38.925724637681164,38.925724637681164,38.925724637681164,38.925724637681164,0.031397085813076986,0.006886427770879461,0.0,0.0,0.0,0.031397085813076986,0.1757280042511411
19.112000000000002,0.0,0.0,0.5317688564363259,0.0,0.0,0.014803407797922725,0.0,0.0,0.0,0.0,0.0,0.0,0.0,0.0,0.5,0.0,0.0,0.0,-0.05,0.0,0.0,0.0,38.925724637681164,38.925724637681164,38.925724637681164,38.925724637681164,0.031768856436325876,0.014803407797922725,0.0,0.0,0.0,0.031768856436325876,0.20939100068062544
19.12,0.0,0.0,0.532185905412421,0.0,0.0,0.022268950640716056,0.0,0.0,0.0,0.0,0.0,0.0,0.0,0.0,0.5,0.0,0.0,0.0,-0.05,0.0,0.0,0.0,38.925724637681164,38.925724637681164,38.925724637681164,38.925724637681164,0.032185905412420945,0.022268950640716056,0.0,0.0,0.0,0.032185905412420945,0.402469995606225
19.128,0.0,0.0,0.5326405237168561,0.0,0.0,0.029180618123453135,0.0,0.0,0.0,0.0,0.0,0.0,0.0,0.0,0.5,0.0,0.0,0.0,-0.05,0.0,0.0,0.0,38.925724637681164,38.925724637681164,38.925724637681164,38.925724637681164,0.03264052371685611,0.029180618123453135,0.0,0.0,0.0,0.03264052371685611,0.3125319999526255
19.136,0.0,0.0,0.5331250560321784,0.0,0.0,0.03545780238182149,0.0,0.0,0.0,0.0,0.0,0.0,0.0,0.0,0.5,0.0,0.0,0.0,-0.05,0.0,0.0,0.0,38.925724637681164,38.925724637681164,38.925724637681164,38.925724637681164,0.03312505603217841,0.03545780238182149,0.0,0.0,0.0,0.03312505603217841,0.2841099994839169
19.144000000000002,0.0,0.0,0.5336319006782062,0.0,0.0,0.04103735805614779,0.0,0.0,0.0,0.0,0.0,0.0,0.0,0.0,0.5,0.0,0.0,0.0,-0.05,0.0,0.0,0.0,38.925724637681164,38.925724637681164,38.925724637681164,38.925724637681164,0.033631900678206206,0.04103735805614779,0.0,0.0,0.0,0.033631900678206206,0.32321700564352795
19.152,0.0,0.0,0.5341535095423376,0.0,0.0,0.04587010804820567,0.0,0.0,0.0,0.0,0.0,0.0,0.0,0.0,0.5,0.0,0.0,0.0,-0.05,0.0,0.0,0.0,38.925724637681164,38.925724637681164,38.925724637681164,38.925724637681164,0.034153509542337646,0.04587010804820567,0.0,0.0,0.0,0.034153509542337646,0.40935200377134606
19.16,0.0,0.0,0.5346823880099502,0.0,0.0,0.04991804812887886,0.0,0.0,0.0,0.0,0.0,0.0,0.0,0.0,0.5,0.0,0.0,0.0,-0.05,0.0,0.0,0.0,38.925724637681164,38.925724637681164,38.925724637681164,38.925724637681164,0.03468238800995016,0.04991804812887886,0.0,0.0,0.0,0.03468238800995016,0.3984830036642961
19.168,0.0,0.0,0.5352110948948902,0.0,0.0,0.05315211062660455,0.0,0.0,0.0,0.0,0.0,0.0,0.0,0.0,0.5,0.0,0.0,0.0,-0.05,0.0,0.0,0.0,38.925724637681164,38.925724637681164,38.925724637681164,38.925724637681164,0.03521109489489016,0.05315211062660455,0.0,0.0,0.0,0.03521109489489016,0.4797569999936968
19.176000000000002,0.0,0.0,0.535732242370053,0.0,0.0,0.05555037538035062,0.0,0.0,0.0,0.0,0.0,0.0,0.0,0.0,0.5,0.0,0.0,0.0,-0.05,0.0,0.0,0.0,38.925724637681164,38.925724637681164,38.925724637681164,38.925724637681164,0.03573224237005301,0.05555037538035062,0.0,0.0,0.0,0.03573224237005301,0.4394939969643019
19.184,0.0,0.0,0.5362384958980533,0.0,0.0,0.05709663850428856,0.0,0.0,0.0,0.0,0.0,0.0,0.0,0.0,0.5,0.0,0.0,0.0,-0.05,0.0,0.0,0.0,38.925724637681164,38.925724637681164,38.925724637681164,38.925724637681164,0.03623849589805328,0.05709663850428856,0.0,0.0,0.0,0.03623849589805328,0.3754330027732067
19.192,0.0,0.0,0.5367225741619852,0.0,0.0,0.05777926740173045,0.0,0.0,0.0,0.0,0.0,0.0,0.0,0.0,0.5,0.0,0.0,0.0,-0.05,0.0,0.0,0.0,38.925724637681164,38.925724637681164,38.925724637681164,38.925724637681164,0.03672257416198521,0.05777926740173045,0.0,0.0,0.0,0.03672257416198521,0.35600599949248135
19.2,0.0,0.0,0.5371772489962726,0.0,0.0,0.05759028477857074,0.0,0.0,0.0,0.0,0.0,0.0,0.0,0.0,0.5,0.0,0.0,0.0,-0.05,0.0,0.0,0.0,38.925724637681164,38.925724637681164,38.925724637681164,38.925724637681164,0.037177248996272616,0.05759028477857074,0.0,0.0,0.0,0.037177248996272616,0.4090750007890165
19.208000000000002,0.0,0.0,0.5375953453176094,0.0,0.0,0.05652463585627373,0.0,0.0,0.0,0.0,0.0,0.0,0.0,0.0,0.5,0.0,0.0,0.0,-0.05,0.0,0.0,0.0,38.925724637681164,38.925724637681164,38.925724637681164,38.925724637681164,0.03759534531760944,0.05652463585627373,0.0,0.0,0.0,0.03759534531760944,0.19932499708374962
19.216,0.0,0.0,0.5379697410559895,0.0,0.0,0.054579602144521296,0.0,0.0,0.0,0.0,0.0,0.0,0.0,0.0,0.5,0.0,0.0,0.0,-0.05,0.0,0.0,0.0,38.925724637681164,38.925724637681164,38.925724637681164,38.925724637681164,0.03796974105598949,0.054579602144521296,0.0,0.0,0.0,0.03796974105598949,0.374940995243378
19.224,0.0,0.0,0.5382933670858256,0.0,0.0,0.05175433246152181,0.0,0.0,0.0,0.0,0.0,0.0,0.0,0.0,0.5,0.0,0.0,0.0,-0.05,0.0,0.0,0.0,38.925724637681164,38.925724637681164,38.925724637681164,38.925724637681164,0.03829336708582565,0.05175433246152181,0.0,0.0,0.0,0.03829336708582565,0.34903200139524415
19.232,0.0,0.0,0.5385633908215918,0.0,0.0,0.04815405936337126,0.0,0.0,0.0,0.0,0.0,0.0,0.0,0.0,0.5,0.0,0.0,0.0,-0.05,0.0,0.0,0.0,38.925724637681164,38.925724637681164,38.925724637681164,38.925724637681164,0.03856339082159177,0.04815405936337126,0.0,0.0,0.0,0.03856339082159177,0.36999399890191853
19.240000000000002,0.0,0.0,0.5387798819091026,0.0,0.0,0.04393552467846702,0.0,0.0,0.0,0.0,0.0,0.0,0.0,0.0,0.5,0.0,0.0,0.0,-0.05,0.0,0.0,0.0,38.925724637681164,38.925724637681164,38.925724637681164,38.925724637681164,0.03877988190910264,0.04393552467846702,0.0,0.0,0.0,0.03877988190910264,0.3506659995764494
19.248,0.0,0.0,0.5389429099036818,0.0,0.0,0.03922411960725216,0.0,0.0,0.0,0.0,0.0,0.0,0.0,0.0,0.5,0.0,0.0,0.0,-0.05,0.0,0.0,0.0,38.925724637681164,38.925724637681164,38.925724637681164,38.925724637681164,0.038942909903681766,0.03922411960725216,0.0,0.0,0.0,0.038942909903681766,0.3521469989209436
19.256,0.0,0.0,0.5390525442702789,0.0,0.0,0.034120154850731194,0.0,0.0,0.0,0.0,0.0,0.0,0.0,0.0,0.5,0.0,0.0,0.0,-0.05,0.0,0.0,0.0,38.925724637681164,38.925724637681164,38.925724637681164,38.925724637681164,0.03905254427027893,0.034120154850731194,0.0,0.0,0.0,0.03905254427027893,0.29643999732797965
19.264,0.0,0.0,0.5391088543835877,0.0,0.0,0.028703876713303992,0.0,0.0,0.0,0.0,0.0,0.0,0.0,0.0,0.5,0.0,0.0,0.0,-0.05,0.0,0.0,0.0,38.925724637681164,38.925724637681164,38.925724637681164,38.925724637681164,0.03910885438358769,0.028703876713303992,0.0,0.0,0.0,0.03910885438358769,0.2642210019985214
19.272000000000002,0.0,0.0,0.5391119095281625,0.0,0.0,0.023039479985012438,0.0,0.0,0.0,0.0,0.0,0.0,0.0,0.0,0.5,0.0,0.0,0.0,-0.05,0.0,0.0,0.0,38.925724637681164,38.925724637681164,38.925724637681164,38.925724637681164,0.03911190952816246,0.023039479985012438,0.0,0.0,0.0,0.03911190952816246,0.2710859989747405
19.28,0.0,0.0,0.5390617788985359,0.0,0.0,0.017178318247345944,0.0,0.0,0.0,0.0,0.0,0.0,0.0,0.0,0.5,0.0,0.0,0.0,-0.05,0.0,0.0,0.0,38.925724637681164,38.925724637681164,38.925724637681164,38.925724637681164,0.039061778898535904,0.017178318247345944,0.0,0.0,0.0,0.039061778898535904,0.23471799795515835
19.288,0.0,0.0,0.5389585315993358,0.0,0.0,0.011161472117874417,0.0,0.0,0.0,0.0,0.0,0.0,0.0,0.0,0.5,0.0,0.0,0.0,-0.05,0.0,0.0,0.0,38.925724637681164,38.925724637681164,38.925724637681164,38.925724637681164,0.03895853159933582,0.011161472117874417,0.0,0.0,0.0,0.03895853159933582,0.22307200561044738
19.296,0.0,0.0,0.5388022366454018,0.0,0.0,0.005021803845949389,0.0,0.0,0.0,0.0,0.0,0.0,0.0,0.0,0.5,0.0,0.0,0.0,-0.05,0.0,0.0,0.0,38.925724637681164,38.925724637681164,38.925724637681164,38.925724637681164,0.03880223664540183,0.005021803845949389,0.0,0.0,0.0,0.03880223664540183,0.19326899928273633
19.304000000000002,0.0,0.0,0.5385929629619021,0.0,0.0,-0.0012143990107329073,0.0,0.0,0.0,0.0,0.0,0.0,0.0,0.0,0.5,0.0,0.0,0.0,-0.05,0.0,0.0,0.0,38.925724637681164,38.925724637681164,38.925724637681164,38.925724637681164,0.038592962961902066,0.0012143990107329073,0.0,0.0,0.0,0.038592962961902066,0.17792099970392883
19.312,0.0,0.0,0.5383307793844498,0.0,0.0,-0.00752610864489265,0.0,0.0,0.0,0.0,0.0,0.0,0.0,0.0,0.5,0.0,0.0,0.0,-0.05,0.0,0.0,0.0,38.925724637681164,38.925724637681164,38.925724637681164,38.925724637681164,0.03833077938444984,0.00752610864489265,0.0,0.0,0.0,0.03833077938444984,0.15884599997662008
19.32,0.0,0.0,0.5380157546592198,0.0,0.0,-0.013896505046665982,0.0,0.0,0.0,0.0,0.0,0.0,0.0,0.0,0.5,0.0,0.0,0.0,-0.05,0.0,0.0,0.0,38.925724637681164,38.925724637681164,38.925724637681164,38.925724637681164,0.0380157546592198,0.013896505046665982,0.0,0.0,0.0,0.0380157546592198,0.17745100194588304
19.328,0.0,0.0,0.5376479574430643,0.0,0.0,-0.020312134441222325,0.0,0.0,0.0,0.0,0.0,0.0,0.0,0.0,0.5,0.0,0.0,0.0,-0.04435274074160678,0.0,0.0,0.0,39.948778851158195,39.948778851158195,39.948778851158195,39.948778851158195,0.03764795744306426,0.020312134441222325,0.0,0.0,0.0,0.03764795744306426,0.11275499855400994
19.336000000000002,0.0,0.0,0.5372345643608789,0.0,0.0,-0.026584534607608255,0.0,0.0,0.0,0.0,0.0,0.0,0.0,0.0,0.5,0.0,0.0,0.0,-0.037602134944968,0.0,0.0,0.0,41.17171468388261,41.17171468388261,41.17171468388261,41.17171468388261,0.03723456436087891,0.026584534607608255,0.0,0.0,0.0,0.03723456436087891,0.21365200518630445
19.344,0.0,0.0,0.5367827864035899,0.0,0.0,-0.03256207661831316,0.0,0.0,0.0,0.0,0.0,0.0,0.0,0.0,0.5,0.0,0.0,0.0,-0.031063341851743975,0.0,0.0,0.0,42.356278650046384,42.356278650046384,42.356278650046384,42.356278650046384,0.036782786403589895,0.03256207661831316,0.0,0.0,0.0,0.036782786403589895,0.29234900284791365
19.352,0.0,0.0,0.536299868883502,0.0,0.0,-0.03812259929684908,0.0,0.0,0.0,0.0,0.0,0.0,0.0,0.05,0.5,0.0,0.0,0.0,-0.024864930789499806,-0.03,0.0,0.0,43.6462649281876,43.6462649281876,43.312093481413925,43.312093481413925,0.06178738124374133,0.03812259929684908,0.0,0.0,-0.05,0.03629986888350201,0.5410739977378398
19.36,0.0,0.0,0.5357930913897043,0.0,0.0,-0.04316751678242274,0.0,0.0,0.0,0.0,0.0,0.0,0.0,0.05,0.5,0.0,0.0,0.0,-0.019114972707561573,-0.03,0.0,0.0,44.6879240010025,44.6879240010025,44.35375255422882,44.35375255422882,0.06149101878511793,0.04316751678242274,0.0,0.0,-0.05,0.03579309138970432,0.16850999963935465
19.368000000000002,0.0,0.0,0.5352697677435346,0.0,0.0,-0.047617104580176164,0.0,0.0,0.0,0.0,0.0,0.0,0.0,0.05,0.5,0.0,0.0,0.0,-0.013902070431886071,-0.03,0.0,0.0,45.63229035529153,45.63229035529153,45.298118908517864,45.298118908517864,0.061187878837911,0.047617104580176164,0.0,0.0,-0.05,0.03526976774353463,0.2274939979542978
19.376,0.0,0.0,0.534737245954101,0.0,0.0,-0.05140672839998334,0.0,0.0,0.0,0.0,0.0,0.0,0.0,0.05,0.5,0.0,0.0,0.0,-0.009301806920273492,-0.03,0.0,0.0,46.46567142623584,46.46567142623584,46.13149997946217,46.13149997946217,0.06088247905987162,0.05140672839998334,0.0,0.0,-0.05,0.03473724595410099,0.18411900236969814
19.384,0.0,0.0,0.5342029081738612,0.0,0.0,-0.05448382722598347,0.0,0.0,0.0,0.0,0.0,0.0,0.0,0.05,0.5,0.0,0.0,0.0,-0.005377978513152026,-0.03,0.0,0.0,47.17650990578683,47.17650990578683,46.84233845901316,46.84233845901316,0.060579195501009916,0.05448382722598347,0.0,0.0,-0.05,0.03420290817386118,0.14807400293648243
19.392,0.0,0.0,0.5336741706542604,0.0,0.0,-0.05680549977080844,0.0,0.0,0.0,0.0,0.0,0.0,0.0,0.05,0.5,0.0,0.0,0.0,-0.0021861722665529326,-0.03,0.0,0.0,47.75473567509826,47.75473567509826,47.420564228324594,47.420564228324594,0.06028225086418266,0.05680549977080844,0.0,0.0,-0.05,0.03367417065426037,0.115787006507162
19.400000000000002,0.0,0.0,0.5331584837014258,0.0,0.0,-0.05833657363750617,0.0,0.0,0.0,0.0,0.0,0.0,0.0,0.05,0.5,0.0,0.0,0.0,0.00022812995830412408,-0.03,0.0,0.0,48.19210926655787,48.19210926655787,47.857937819784205,47.857937819784205,0.05999570852467468,0.05833657363750617,0.0,0.0,-0.05,0.03315848370142582,0.11642099707387388
19.408,0.0,0.0,0.5326633316319196,0.0,0.0,-0.05904806064766212,0.0,0.0,0.0,0.0,0.0,0.0,0.0,0.05,0.5,0.0,0.0,0.0,0.0018225385888446244,-0.03,0.0,0.0,48.480951409771734,48.480951409771734,48.14677996299806,48.14677996299806,0.059723473051194534,0.05904806064766212,0.0,0.0,-0.05,0.03266333163191959,0.13527199917007238
19.416,0.0,0.0,0.5321962327285483,0.0,0.0,-0.05891592110241263,0.0,0.0,0.0,0.0,0.0,0.0,0.0,0.05,0.5,0.0,0.0,0.0,0.0025602135298745665,-0.03,0.0,0.0,48.61458817445107,48.61458817445107,48.2804167276774,48.2804167276774,0.05946929797728275,0.05891592110241263,0.0,0.0,-0.05,0.032196232728548324,0.11465400166343898
19.424,0.0,0.0,0.5317647391962309,0.0,0.0,-0.05792007518986673,0.0,0.0,0.0,0.0,0.0,0.0,0.0,0.05,0.5,0.0,0.0,0.0,0.0024080322463263526,-0.03,0.0,0.0,48.58701910134451,48.58701910134451,48.25284765457084,48.25284765457084,0.059236801535908136,0.05792007518986673,0.0,0.0,-0.05,0.03176473919623091,0.11319300392642617
19.432000000000002,0.0,0.0,0.5313764371179233,0.0,0.0,-0.056043612109581274,0.0,0.0,0.0,0.0,0.0,0.0,0.0,0.05,0.5,0.0,0.0,0.0,0.0013358328928514407,-0.03,0.0,0.0,48.39278008803384,48.39278008803384,48.058608641260165,48.058608641260165,0.05902949098725986,0.056043612109581274,0.0,0.0,-0.05,0.03137643711792326,0.13641399709740654
19.44,0.0,0.0,0.5310389464106,0.0,0.0,-0.05327215737074724,0.0,0.0,0.0,0.0,0.0,0.0,0.0,0.05,0.5,0.0,0.0,0.0,-0.0006841892105814429,-0.03,0.0,0.0,48.02683405480324,48.02683405480324,47.69266260802957,47.69266260802957,0.058850796037777604,0.05327215737074724,0.0,0.0,-0.05,0.03103894641060001,0.11350100248819217
19.448,0.0,0.0,0.5307599207812942,0.0,0.0,-0.04959336662924401,0.0,0.0,0.0,0.0,0.0,0.0,0.0,0.05,0.5,0.0,0.0,0.0,-0.0036779643949576,-0.03,0.0,0.0,47.484483477923504,47.484483477923504,47.15031203114983,47.15031203114983,0.058704111665806635,0.04959336662924401,0.0,0.0,-0.05,0.030759920781294192,0.12506199709605426
19.456,0.0,0.0,0.5305470476831934,0.0,0.0,-0.04499652075591598,0.0,0.0,0.0,0.0,0.0,0.0,0.0,0.05,0.5,0.0,0.0,0.0,-0.007671705004904994,-0.03,0.0,0.0,46.76097974423738,46.76097974423738,46.42680829746371,46.42680829746371,0.058592850435520635,0.04499652075591598,0.0,0.0,-0.05,0.030547047683193385,0.09943899931386113
19.464,0.0,0.0,0.5304080482717931,0.0,0.0,-0.03947220188974006,0.0,0.0,0.0,0.0,0.0,0.0,0.0,0.05,0.5,0.0,0.0,0.0,-0.012684928153723463,-0.03,0.0,0.0,45.852787144813746,45.852787144813746,45.51861569804007,45.51861569804007,0.05852050409642504,0.03947220188974006,0.0,0.0,-0.05,0.03040804827179311,0.15971899847500026
19.472,0.0,0.0,0.5303506773611072,0.0,0.0,-0.033012034278939485,0.0,0.0,0.0,0.0,0.0,0.0,0.0,0.05,0.5,0.0,0.0,0.0,-0.0187418710711601,-0.03,0.0,0.0,44.755514877162184,44.755514877162184,44.421343430388504,44.421343430388504,0.05849071393202536,0.033012034278939485,0.0,0.0,-0.05,0.030350677361107192,0.1030289931804873
19.48,0.0,0.0,0.530382723379935,0.0,0.0,-0.02560847695245699,0.0,0.0,0.0,0.0,0.0,0.0,0.0,0.05,0.5,0.0,0.0,0.0,-0.02586416090098953,-0.03,0.0,0.0,43.46524498045395,43.46524498045395,43.13107353368028,43.13107353368028,0.05850734893995495,0.02560847695245699,0.0,0.0,-0.05,0.030382723379934973,0.10022199421655387
19.488,0.0,0.0,0.5304997852252227,0.0,0.0,-0.017560235429772707,-0.0006993534235969712,0.0,0.0,-0.08730559715484519,0.0,0.0,0.0,0.05,0.5,0.0,0.0,0.0,-0.033757421439284174,0.026210515487070762,0.0,0.0,41.72224065573623,41.72224065573623,42.0142008517695,42.0142008517695,0.058568224309643466,0.017560235429772707,0.0006993534235969712,0.0,-0.05,0.030499785225222675,0.15312100003939122
19.496,0.0,4.930627849523681e-07,0.5306938814831205,0.0,1.2326569623810562e-05,-0.009195781896372853,-0.002093280063501728,4.078304802153376e-19,-2.8424293155486925e-22,-0.1740144659315341,5.0912585201129826e-17,3.5605896555322345e-20,0.0,0.05,0.5,0.0,0.0,0.0,-0.04209653904329469,0.03,-5.515898202354473e-17,0.0,40.19042531949456,40.19042531949456,40.52459676626824,40.52459676626824,0.05866911499643114,0.00919579015800042,0.002093280063501728,0.0,-0.04999950693721505,0.030693881483120466,3.3435169971198775
19.504,2.843390375395473e-22,2.4449178770057984e-06,0.5309570836180726,7.10847593848631e-21,5.8657633000367906e-05,-0.0007765721432974049,-0.004177005762373599,-4.397329218075163e-19,-2.510049507838164e-22,-0.2601273816631885,-1.0580732009589846e-16,-3.27572784633545e-19,0.0,0.05,0.5,0.0,0.0,0.0,-0.05,0.03,1.118300688507205e-16,0.0,38.75863891429432,38.75863891429432,39.092810361068004,39.092810361068004,0.058805582560895193,0.0007787843165182071,0.004177005762373599,2.843390375395473e-22,-0.049997555082122995,0.03095708361807259,12.872746003267821
19.512,2.6515300048514026e-22,7.273923962950616e-06,0.5312815139551356,5.207129824428818e-21,0.00016765125854892806,0.0074895007119373525,-0.006945762409059288,-1.0352196652547413e-18,1.7908887431538688e-21,-0.3456451186755362,-7.433946718841616e-17,-1.585253248474996e-19,0.0,0.05,0.5,0.0,0.0,0.0,-0.05,0.03,8.353666095085986e-17,0.0,38.75863891429432,38.75863891429432,39.092810361068004,39.092810361068004,0.058972924090967514,0.007491376900050027,0.006945762409059288,2.6515300048514026e-22,-0.04999272607603705,0.031281513955135565,13.624776001961436
19.52,-4.596844716246669e-22,1.6831380550278015e-05,0.5316593428033299,-1.395523294320412e-20,0.00037305742152235374,0.015437321774410238,-0.010394787938370715,-1.830698298022938e-18,6.7332057526791496e-21,-0.4305684502882233,-9.930739725167813e-17,-2.4403300017104014e-19,0.0,0.05,0.5,0.0,0.0,0.0,-0.05,0.03,1.146951991555041e-16,0.0,38.75863891429432,38.75863891429432,39.092810361068004,39.092810361068004,0.05916613162932915,0.015441828758486908,0.010394787938370715,-4.596844716246669e-22,-0.04998316861944972,0.03165934280332994,13.61318300041603
19.528,-2.417415571806281e-21,3.3382176983235426e-05,0.5320827847956631,-6.010746385910905e-20,0.0007122158480418639,0.02293590722785758,-0.014519326329319352,-1.5208360251164622e-18,1.3644981543356674e-20,-0.5148981488161055,3.8668790993491286e-17,1.3446424530574317e-18,0.0,0.05,0.5,0.0,0.0,0.0,-0.05,0.03,-2.926241957042483e-17,0.0,38.75863891429432,38.75863891429432,39.092810361068004,39.092810361068004,0.059379861711831614,0.02294696258285814,0.014519326329319352,-2.417415571806281e-21,-0.04996661782301677,0.032082784795663066,13.541168002120685
19.536,-5.3860040189507745e-21,5.958576472338465e-05,0.5325440945188452,-1.223006822658748e-19,0.001224862371937003,0.029881468861835864,-0.019314627603466285,-1.5125027293737816e-18,2.0917882077167707e-20,-0.598634985570574,1.0248038977681175e-18,9.254021320652426e-19,0.0,0.05,0.5,0.0,0.0,0.0,-0.05,0.03,9.521162217468834e-18,0.0,38.75863891429432,38.75863891429432,39.092810361068004,39.092810361068004,0.05960841435605002,0.02990656230948408,0.019314627603466285,-5.3860040189507745e-21,-0.04994041423527662,0.03254409451884521,13.775400002487004
19.544,-9.347130701078083e-21,9.847743694447072e-05,0.5330355615032035,-1.9686871286589349e-19,0.0019521817030768612,0.03619184969842787,-0.024775947823249447,-2.909563071068177e-18,3.2993070774666884e-20,-0.6817797308608456,-1.7439714249845093e-16,-2.3374487133621723e-18,0.0,0.05,0.5,0.0,0.0,0.0,-0.05,0.03,1.9966157289816451e-16,0.0,38.75863891429432,38.75863891429432,39.092810361068004,39.092810361068004,0.059845720631830336,0.03624446161823102,0.024775947823249447,-9.347130701078083e-21,-0.04990152256305553,0.033035561503203525,13.675238005816936
19.552,-1.5197636700116938e-20,0.00015344989798693533,0.5335495046408875,-3.037576202687023e-19,0.0029360568885232557,0.041802058200842124,-0.030898549090150128,-6.91477749174731e-18,6.306842471391045e-20,-0.7643331539952738,-4.999144311979555e-16,-1.0163830574275409e-17,0.0,0.05,0.5,0.0,0.0,0.0,-0.05,0.03,5.620912279860265e-16,0.0,38.758638914294316,38.75863891429433,39.092810361068004,39.092810361068,0.06008533780150885,0.041905041461371174,0.030898549090150128,-1.5197636700116938e-20,-0.04984655010201307,0.03354950464088746,14.037720000487752
19.56,-2.549025192350082e-20,0.0002282351040422371,0.5340782660981493,-5.003214767995872e-19,0.004218475662201355,0.04666068299222225,-0.037677699542603756,-1.2922207938499618e-17,1.3030763660019954e-19,-0.8462960232826398,-7.498043763327078e-16,-1.7320499799505602e-17,0.0,0.05,0.5,0.0,0.0,0.0,-0.05,0.03,8.605906515547453e-16,0.0,38.758638914294316,38.75863891429433,39.092810361068004,39.092810361068,0.06032045093593688,0.04685098584035606,0.037677699542603756,-2.549025192350082e-20,-0.04977176489595776,0.034078266098149346,13.984771998366341
19.568,-4.3987319020121076e-20,0.0003268863555713641,0.5346142047852883,-8.626838588550217e-19,0.0058410618179884355,0.050727013572247584,-0.04510867335399046,-2.2133486126299707e-17,2.6055720822681563e-19,-0.927669106033458,-1.149609548921951e-15,-3.1339104513497156e-17,0.0,0.05,0.5,0.0,0.0,0.0,-0.05,0.03,1.3355221853762694e-15,0.0,38.758638914294316,38.75863891429433,39.092810361068004,39.092810361068,0.06054387988930177,0.05106219647763454,0.04510867335399046,-4.3987319020121076e-20,-0.04967311364442864,0.034614204785288316,15.191874997981358
19.576,-7.636939122309947e-20,0.00045376062138662715,0.5351496894457549,-1.4996988921585665e-18,0.007844706099772674,0.053968727369464564,-0.05318675073042638,-3.092971956583897e-17,4.748827144297108e-19,-1.0084531685612677,-1.0980980097147735e-15,-2.7224056398715548e-17,0.0,0.05,0.5,0.0,0.0,0.0,-0.05,0.03,1.3439027564663762e-15,0.0,38.758638914294316,38.75863891429433,39.092810361068004,39.092810361068,0.06074809054362016,0.054535886787246836,0.05318675073042638,-7.636939122309947e-20,-0.049546239378613376,0.03514968944575492,15.290882001863793
19.584,-1.2791551471225507e-19,0.0006135010740230425,0.5356770914239273,-2.488412200955885e-18,0.010269276195728963,0.056360031349882087,-0.061907217908436514,-3.8105811466875126e-17,7.758956632587315e-19,-1.0886489761839386,-8.965328513244883e-16,-1.4009393852289378e-17,0.0,0.05,0.5,0.0,0.0,0.0,-0.05,0.03,1.1875299763029623e-15,0.0,38.758638914294316,38.75863891429433,39.092810361068004,39.092810361068,0.06092520930318409,0.057287967037972794,0.061907217908436514,-1.2791551471225507e-19,-0.04938649892597696,0.035677091423927276,15.09829700080445
19.592,-2.0277572216452506e-19,0.0008110198159783,0.5361887771691913,-3.862234947071664e-18,0.013153389505465154,0.057880168711508494,-0.07126536715254021,-4.486739207791599e-17,1.1641363076261322e-18,-1.1682572932249546,-8.454629510142613e-16,-7.804391418745097e-18,0.0,0.05,0.5,0.0,0.0,0.0,-0.05,0.03,1.1838690263175772e-15,0.0,38.758638914294316,38.75863891429433,39.092810361068004,39.092810361068,0.0610670399196282,0.059355922918906484,0.07126536715254021,-2.0277572216452506e-19,-0.0491889801840217,0.03618877716919133,15.36938299977919
19.6,-3.0474011637542326e-19,0.0010514807765922667,0.536677100532171,-5.638897812928936e-18,0.016534235619719284,0.05851221904369419,-0.08125649675273201,-5.485968037956818e-17,-4.7625682581776165e-18,-1.2472788830147072,-1.1874335022704924e-15,-8.3277217999422635e-16,0.0,0.05,0.5,0.0,0.0,0.0,-0.05,0.03,1.6073729031592079e-15,0.0,38.758638914294316,38.75863891429433,39.09281036106801,39.09281036106799,0.061165081849134266,0.06080345981065258,0.08125649675273201,-3.0474011637542326e-19,-0.04894851922340773,0.03667710053217099,15.216243002214469
19.608,-4.391159810134116e-19,0.0013402827597528044,0.537134394907264,-7.870514866293227e-18,0.020447438074789666,0.05824213461228185,-0.09187591102183464,-6.409921255456605e-17,-1.0547479285247544e-17,-1.325714507891791,-1.0866993006713502e-15,-8.19206027520147e-16,0.0,0.05,0.5,0.0,0.0,0.0,-0.05,0.03,1.571232691056065e-15,0.0,38.758638914294316,38.75863891429433,39.09281036106801,39.09281036106799,0.06121054947498384,0.06172717365972233,0.09187591102183464,-4.391159810134116e-19,-0.048659717240247195,0.037134394907264,15.16306800476741
19.616,-6.105441294342408e-19,0.0016830426232397142,0.537552965274034,-1.0582115603555783e-17,0.024926947047005425,0.05705796685907551,-0.1031189202927717,-7.25566142815454e-17,-9.762574840865927e-18,-1.403564929204286,-1.0603424703554713e-15,-5.25477399572493e-18,0.0,0.05,0.5,0.0,0.0,0.0,-0.05,0.03,1.6071868020889916e-15,0.0,38.758638914294316,38.75863891429433,39.09281036106801,39.09281036106799,0.061194391663129316,0.06226527339677849,0.1031189202927717,-6.105441294342408e-19,-0.04831695737676029,0.037552965274033956,15.242733999912161
19.624,-8.233843782453463e-19,0.0020855785713388628,0.5379250801884798,-1.3786698703122854e-17,0.030004956340084165,0.05494924634840861,-0.11498084091571582,-8.260547403305308e-17,-8.825640553450229e-18,-1.4808309073110497,-1.259775625173446e-15,-2.0259934695068456e-17,0.0,0.05,0.5,0.0,0.0,0.0,-0.05,0.03,1.887243154543295e-15,0.0,38.758638914294316,38.75863891429433,39.09281036106801,39.09281036106799,0.06110731124952208,0.0626076439360918,0.11498084091571582,-8.233843782453463e-19,-0.04791442142866114,0.03792508018847984,21.92932099569589
19.632,-1.0829864265355136e-18,0.0025541771467723668,0.5382454194220534,-1.7519410169750298e-17,0.03571892945790102,0.051967877918063024,-0.12697806884938814,-5.373577246059485e-17,4.9832985286255355e-17,-1.497722946437638,2.693981137089633e-15,7.704366904374348e-15,0.0,0.05,0.5,0.0,0.0,0.0,-0.05,0.03,-2.3698853909087902e-15,0.0,38.75863891429434,38.75863891429431,39.09281036106799,39.09281036106802,0.060941104461509694,0.06305951361154961,0.12697806884938814,-1.0829864265355136e-18,-0.04744582285322763,0.038245419422053395,15.039161997265182
19.64,-1.3766381088202937e-18,0.0030952146957084394,0.5385096863650353,-2.1356820192920547e-17,0.042101082289724125,0.048180975908997954,-0.13842222021877915,1.53994851143583e-17,1.5921716956712975e-16,-1.428675831163764,6.7481692442894985e-15,1.4677378205399834e-14,0.0,0.05,0.5,0.0,0.0,0.0,-0.05,0.03,-7.0054136923977345e-15,0.0,38.758638914294366,38.75863891429428,39.09281036106796,39.09281036106804,0.060688177006523014,0.06398365079854043,0.13842222021877915,-1.3766381088202937e-18,-0.04690478530429156,0.03850968636503527,15.336812000896316
19.648,-1.673768120990054e-18,0.0037148424138424554,0.5387149419815815,-2.4513706458581268e-17,0.04917155878513141,0.04367617114085577,-0.14889569388363644,3.249077851429832e-17,5.763846433642128e-16,-1.307495128433105,-5.3442064295435185e-15,5.1847885814023615e-14,0.0,0.05,0.5,0.0,0.0,0.0,-0.05,0.03,5.3225387678375304e-15,0.0,38.758638914294295,38.75863891429435,39.09281036106803,39.09281036106797,0.06034204624813996,0.06576815429130542,0.14889569388363644,-1.673768120990054e-18,-0.046285157586157546,0.03871494198158154,15.135267000005115
19.656,-2.0011839534451717e-18,0.004418914938871163,0.5388604012690439,-2.779636097824386e-17,0.056939060153824744,0.03857741909924368,-0.15839974612713495,8.055793133974755e-18,1.3014631586527897e-15,-1.186471876589932,-1.6867741214784166e-14,8.898486506026571e-14,0.0,0.05,0.5,0.0,0.0,0.0,-0.05,0.03,1.7349588568993473e-14,0.0,38.75863891429423,38.758638914294416,39.092810361068096,39.092810361067905,0.0598979640901172,0.06877698623492864,0.15839974612713495,-2.0011839534451717e-18,-0.04558108506112884,0.03886040126904389,15.06070900359191
19.664,-2.4415769236517927e-18,0.005212719870991903,0.5389453060472511,-3.324691303775694e-17,0.06539637142607169,0.03298455473457468,-0.16693563206752893,-5.792850990914882e-17,2.3344001439264157e-15,-1.0656058710572702,-2.90123529007453e-14,1.2591417123143965e-13,0.0,0.05,0.5,0.0,0.0,0.0,-0.05,0.03,3.030376040516127e-14,0.0,38.75863891429415,38.758638914294494,39.092810361068175,39.09281036106783,0.059351809782586216,0.07324388197477573,0.16693563206752893,-2.4415769236517927e-18,-0.0447872801290081,0.038945306047251105,15.28396199864801
19.672,-3.1371312365817277e-18,0.006100981156649197,0.5389689405768481,-4.398638825345584e-17,0.07452362928229216,0.02697850702758411,-0.17450460565670536,-1.6158065954314855e-16,3.66858356508734e-15,-0.9448969075239523,-4.1048449520837354e-14,1.6193776740863754e-13,0.0,0.05,0.5,0.0,0.0,0.0,-0.05,0.03,4.3413983660930465e-14,0.0,38.75863891429408,38.758638914294565,39.092810361068246,39.09281036106776,0.05870010379114151,0.07925661589319795,0.17450460565670536,-3.1371312365817277e-18,-0.043899018843350804,0.03896894057684808,14.9082029965939
19.68,-4.289256790278207e-18,0.007087862478395669,0.538930645497028,-6.399224944517982e-17,0.08429093646949824,0.020625428626564274,-0.18110791967874948,-2.982766606338238e-16,5.316542301818136e-15,-0.8243447819442707,-5.3183189511710694e-14,1.9946653262363138e-13,0.0,0.05,0.5,0.0,0.0,0.0,-0.05,0.03,5.686934136184087e-14,0.0,38.758638914294,38.75863891429464,39.09281036106832,39.092810361067684,0.05794002679916834,0.08677770610551126,0.18110791967874948,-4.289256790278207e-18,-0.04291213752160433,0.03893064549702796,16.430022005806677
19.688,-6.1588024175320506e-18,0.008176970582947638,0.5388298300994866,-9.79324402374951e-17,0.09466045178940083,0.013979957962717015,-0.1867468257485052,-4.674625141485223e-16,7.277822668689747e-15,-0.7039492905376352,-6.554434865659018e-14,2.368498862592469e-13,0.0,0.05,0.5,0.0,0.0,0.0,-0.05,0.03,7.080644528073579e-14,0.0,38.75863891429393,38.758638914294714,39.092810361068395,39.092810361067606,0.05706944449681128,0.09568720059450382,0.1867468257485052,-6.1588024175320506e-18,-0.04182302941705236,0.038829830099486595,15.009658003691584
19.696,-9.066390842870437e-18,0.00937135848784338,0.5386659829556072,-1.5103566282343147e-16,0.10558805905390424,0.007087787773189902,-0.19142257431017126,-6.710953290678329e-16,9.551880561159867e-15,-0.5837102297882304,-7.832772226785238e-14,2.740506887701637e-13,0.0,0.05,0.5,0.0,0.0,0.0,-0.05,0.03,8.545015988258149e-14,0.0,38.75863891429385,38.7586389142948,39.09281036106848,39.09281036106752,0.056086939201980365,0.10582568190325328,0.19142257431017126,-9.066390842870437e-18,-0.04062864151215662,0.03866598295560719,15.062971993756946
19.704,-1.339316005368279e-17,0.010673528515312168,0.5384386809136613,-2.289977605290659e-16,0.11702469792984668,-1.2320830095604793e-05,-0.19513641463590742,-8.9438651364746e-16,1.2125202764743334e-14,-0.4636273964446686,-8.906089799248667e-14,3.0991190257971817e-13,0.0,0.05,0.5,0.0,0.0,0.0,-0.05,0.03,9.816718543297246e-14,0.0,38.758638914293776,38.75863891429487,39.09281036106855,39.09281036106746,0.05499184984902977,0.11702469857843992,0.19513641463590742,-1.339316005368279e-17,-0.03932647148468783,0.038438680913661316,28.47659899998689
19.712,-1.95696218196613e-17,0.012085435110033965,0.5381475964822382,-3.376097525727325e-16,0.12891742321192617,-0.007286967449655198,-0.1978895948244361,-1.1459247488931077e-15,1.5016331994897723e-14,-0.34370058751965205,-1.0126732422374984e-13,3.4784425493317173e-13,0.0,0.05,0.5,0.0,0.0,0.0,-0.05,0.03,1.1265184528891881e-13,0.0,38.75863891429369,38.75863891429495,39.09281036106863,39.09281036106737,0.05378432251285794,0.12912320435233635,0.1978895948244361,-1.95696218196613e-17,-0.037914564889966036,0.0381475964822382,15.191195998340845
19.72,-2.808028180955702e-17,0.013608487405415358,0.537792503615249,-4.828543018056025e-16,0.14121024595408,-0.014706895634455236,-0.1996833617996861,-1.431954639238071e-15,1.8211607079722094e-14,-0.22392960028962375,-1.1377696501089207e-13,3.839837452381711e-13,0.0,0.05,0.5,0.0,0.0,0.0,-0.04996541127771925,0.03,1.2775499503729492e-13,0.0,38.76490498717055,38.76490498717198,39.09907643394566,39.099076433944234,0.052465374471459,0.14197403404008255,0.1996833617996861,-2.808028180955702e-17,-0.036391512594584646,0.037792503615248996,15.156500005105045
19.728,-3.9463314311164765e-17,0.015243588212447876,0.5373734632623999,-6.708592539845806e-16,0.1538457169390633,-0.022241525328788703,-0.2005188074434672,2.306894262040814e-15,2.061621797117889e-14,-0.10429502403340656,3.977681752640207e-13,3.869710202756483e-13,0.0,0.05,0.5,0.0,0.0,0.0,-0.04200193286134468,0.03,-4.2363994366715387e-13,0.0,40.207564120574816,40.2075641205701,40.54173556734378,40.541735567348496,0.05103708373890348,0.1554451352389181,0.2005188074434672,-3.9463314311164765e-17,-0.03475641178755213,0.037373463262399875,15.233054997224826
19.736,-5.190563958106289e-17,0.01699247861619673,0.5368974298043683,-8.477455349351519e-16,0.16679883364497683,-0.02969405671382226,-0.2003912832268508,1.0076069012480053e-14,2.22157463867043e-14,0.01591981546668783,9.107045285935258e-13,3.88801798213598e-13,0.0,0.05,0.5,0.0,0.0,0.0,-0.03401138971299045,0.03,-1.0040439858055731e-12,0.0,41.655126285134976,41.65512628512379,41.98929773189747,41.98929773190866,0.049506734835479856,0.16942133250995386,0.2003912832268508,-5.190563958106289e-17,-0.03300752138380327,0.036897429804368276,15.969551001035143
19.744,-6.11197453938092e-17,0.01885636184327609,0.5363715018203871,-9.085490732668049e-16,0.1800361475929706,-0.03690344497058955,-0.19929614710439342,2.1888093781062568e-14,2.303322272423469e-14,0.13671416427079067,1.424978201549908e-12,3.9274964205694214e-13,0.0,0.05,0.5,0.0,0.0,0.0,-0.02616055706004805,0.03,-1.613686835510444e-12,0.0,43.07737857733808,43.07737857732011,43.411550024093785,43.41155002411176,0.04788332008442365,0.18377942945502693,0.19929614710439342,-6.11197453938092e-17,-0.031143638156723913,0.036371501820387064,15.32133999717189
19.752,-6.024733527638327e-17,0.020835880935822365,0.5358029263452514,-7.050290056777931e-16,0.19351689538803882,-0.04373714285486492,-0.19722876351928703,3.777056253434505e-14,2.309071305914186e-14,0.2580872694186347,1.9424754130114797e-12,3.9756702901195874e-13,0.0,0.05,0.5,0.0,0.0,0.0,-0.018589295903804648,0.03,-2.2549802285438836e-12,0.0,44.44898385926981,44.448983859244684,44.783155306018365,44.78315530604349,0.04617786672934368,0.19839789934808288,0.19722876351928703,-6.024733527638327e-17,-0.029164119064177638,0.035802926345251396,15.27491999877384
19.76,-3.975236558645407e-17,0.022931095740843743,0.5351991015177691,-5.164896229417579e-17,0.207193886435948,-0.050085334970945285,-0.1941845034086021,5.774840024450023e-14,2.2403120206630096e-14,0.38003837892828085,2.4630709029456165e-12,4.007812783138988e-13,0.0,0.05,0.5,0.0,0.0,0.0,-0.011416058837795173,0.03,-2.9283210058180713e-12,0.0,45.74848332775354,45.74848332772092,46.082654774494586,46.08265477452721,0.04440385484898333,0.21316155224520278,0.1941845034086021,-3.975236558645407e-17,-0.02706890425915626,0.03519910151776906,15.169266996963415
19.768,1.2687161751523364e-17,0.025141459197658447,0.5345675774934863,1.2696690136142398e-15,0.2210141955691321,-0.05585636858382778,-0.19015874420870277,8.183731808784588e-14,2.102979945966163e-14,0.5025667417948442,2.9845950877609638e-12,4.060632790434443e-13,0.0,0.05,0.5,0.0,0.0,0.0,-0.0047422510720664945,0.03,-3.6320039433472494e-12,0.0,46.9575064737228,46.957506473682336,47.291677920456,47.291677920496475,0.042577746119186,0.22796317368040608,0.19015874420870277,1.2687161751523364e-17,-0.024858540802341556,0.03456757749348627,15.286461006326135
19.776,1.1227839569053562e-16,0.027465792914689927,0.533916055489069,3.5055160593669728e-15,0.2349196993810991,-0.06097314497749691,-0.18514686986079665,1.1006614356731683e-13,1.9004045609304313e-14,0.6256716079892211,3.5093422174036754e-12,4.0896830170007416e-13,0.0,0.05,0.5,0.0,0.0,0.0,0.0013443284281658974,0.03,-4.369061632624392e-12,0.0,48.060147687537125,48.06014768748845,48.39431913426212,48.39431913431079,0.04071964278946026,0.24270350134629873,0.18514686986079665,1.1227839569053562e-16,-0.022534207085310076,0.03391605548906895,15.086607003468089
19.784,2.772254080788048e-16,0.02990226203646564,0.5332523848201612,6.928088157200762e-15,0.24884748754927877,-0.06537028270469217,-0.17914427081660303,1.4245893642093885e-13,1.6397618485924795e-14,0.7493522284568362,4.0358996623495945e-12,4.12505544242858e-13,0.0,0.05,0.5,0.0,0.0,0.0,0.0067667859547738685,0.03,-5.1387323194161015e-12,0.0,49.042476949608066,49.042476949550824,49.3766483963245,49.37664839638174,0.03885408816944467,0.2572903922039838,0.17914427081660303,2.772254080788048e-16,-0.020097737963534364,0.03325238482016124,15.07843000581488
19.792,5.288351788212529e-16,0.032448349412325994,0.5325845577889372,1.1832714794319711e-14,0.2627301744359107,-0.06899190194434898,-0.17214634404417264,1.790682894445228e-13,1.3314586534176843e-14,0.8736078551163602,4.567188690548401e-12,4.1966309747769965e-13,0.0,0.05,0.5,0.0,0.0,0.0,0.011457028627101074,0.03,-5.944954185120546e-12,0.0,49.89215859315009,49.89215859308388,50.22633003985755,50.22633003992376,0.03701099626668249,0.27163767612947715,0.17214634404417264,5.288351788212529e-16,-0.01755165058767401,0.03258455778893721,15.2480300021125
19.8,8.916394425887417e-16,0.03510082909015209,0.5319207022719993,1.853627842964399e-14,0.2764961314943882,-0.07178990947892921,-0.16414849303383078,2.1988985214096095e-13,9.820781494517768e-15,0.9984377408584427,5.0972275368478035e-12,4.22854601326642e-13,0.0,0.05,0.5,0.0,0.0,0.0,0.015354141842571112,0.03,-6.782162191521496e-12,0.0,50.598157364073245,50.5981573639977,50.93232881077137,50.93232881084691,0.035226645133172675,0.28566396663624705,0.16414849303383078,8.916394425887417e-16,-0.014899170909847916,0.03192070227199928,15.268700997694395
19.808,1.393486673111741e-15,0.03785573917142478,0.5312690718538392,2.7375203506791557e-14,0.2900696572273356,-0.07372268803714707,-0.15514612780427345,2.649633253369741e-13,6.008267898501695e-15,1.1238411395444694,5.6310271354010975e-12,4.246142778142724e-13,0.0,0.05,0.5,0.0,0.0,0.0,0.01840315705997264,0.03,-7.656440454998311e-12,0.0,51.15051519331752,51.15051519323224,51.484686640005904,51.484686640091184,0.03354456626151284,0.2992915648250155,0.15514612780427345,1.393486673111741e-15,-0.01214426082857522,0.0312690718538392,15.38956500007771
19.816,2.0656596463028253e-15,0.0407083540781944,0.5306380333458708,3.8704487135212206e-14,0.3033710984511167,-0.07475411312892984,-0.14513466490878527,3.1434606932794764e-13,2.008671562385006e-15,1.249817306005283,6.170229938661638e-12,4.284378587792551e-13,0.0,0.05,0.5,0.0,0.0,0.0,0.02055413686872809,0.03,-8.570567788329343e-12,0.0,51.540185448531936,51.54018544843646,51.87435689521013,51.8743568953056,0.032015992429392175,0.3124455165386919,0.14513466490878527,2.0656596463028253e-15,-0.009291645921805605,0.030638033345870785,15.08515200112015
19.824,2.9430017973378654e-15,0.043653156298126945,0.5300360515261894,5.289714348403845e-14,0.3163169342591825,-0.07485283599517403,-0.13410952744159824,3.680306378160247e-13,-2.0710505563255943e-15,1.376365496039929,6.707614974605257e-12,4.2834939782392706e-13,0.0,0.05,0.5,0.0,0.0,0.0,0.021761519090427228,0.03,-9.517800678908247e-12,0.0,51.7589141118885,51.75891411178248,52.093085558556155,52.09308555866217,0.030699296673700995,0.3250528417898364,0.13410952744159824,2.9430017973378654e-15,-0.0063468437018730575,0.030036051526189378,15.422696000314318
19.832,4.064004633912039e-15,0.04668380769075602,0.5294716709308331,7.034278570158819e-14,0.3288198322230813,-0.07399178368004677,-0.12206614504437462,4.260646809125687e-13,-6.071301756414241e-15,1.5034849664144032,7.2494013606133914e-12,4.301562430784298e-13,0.0,0.05,0.5,0.0,0.0,0.0,0.02198367348341934,0.03,-1.0505632764486127e-11,0.0,51.799159472943295,51.79915947282628,52.13333091959995,52.13333091971696,0.029657655316750915,0.33704193524748544,0.12206614504437462,4.064004633912039e-15,-0.00331619230924398,0.029471670930833138,15.087543994013686
19.84,5.4709264154948625e-15,0.04979312045645967,0.5289534945235681,9.144727310084502e-14,0.34078868492106484,-0.07214783712566476,-0.10899995391285822,4.884536032892994e-13,-9.831011811976542e-15,1.6311749748603812,7.790831917586141e-12,4.316117059909091e-13,0.0,0.05,0.5,0.0,0.0,0.0,0.02118263406594645,0.03,-1.1530013267309138e-11,0.0,51.6540436364503,51.65404363632185,51.988215083095525,51.98821508322396,0.028954233615687767,0.34834212804675274,0.10899995391285822,5.4709264154948625e-15,-0.0002068795435403309,0.028953494523568102,15.201621994492598
19.848,7.209883017830221e-15,0.05297302788954438,0.5284901590682529,1.166317335390648e-13,0.3521286337639784,-0.06930165608341268,-0.09490639680361125,5.55255323738999e-13,-1.3161622047080322e-14,1.7594347800739816,8.338585807639155e-12,4.3513714748910867e-13,0.0,0.05,0.5,0.0,0.0,0.0,0.01932397761063187,0.03,-1.2599047607605372e-11,0.0,51.31733051049346,51.317330510353116,51.65150195712678,51.65150195726713,0.02864486094513923,0.3588833992432495,0.09490639680361125,7.209883017830221e-15,0.0029730278895443787,0.028490159068252918,14.514839996991213
19.856,9.330972311079889e-15,0.0562145550581918,0.5280903070258323,1.4633261916247582e-13,0.3627410862273411,-0.06543762592724323,-0.07978092304094052,6.264805679268508e-13,-1.5885362813064333e-14,1.8882636417144985,8.887608030898075e-12,4.3692017169087953e-13,0.0,0.05,0.5,0.0,0.0,0.0,0.016376824868977402,0.03,-1.3708481979205065e-11,0.0,50.78342602831586,50.78342602816316,51.11759747493683,51.117597475089525,0.0287695332491999,0.36859622695353933,0.07978092304094052,9.330972311079889e-15,0.006214555058191795,0.028090307025832262,15.33464199746959
19.864,1.1888367170331406e-14,0.05950778957693526,0.5277625547971632,1.8100096681127564e-13,0.3725237319504685,-0.060543906458522936,-0.06361898852390696,7.021624845081194e-13,-1.7770910625017635e-14,2.0176608204031625,9.44084387196821e-12,4.420691550254337e-13,0.0,0.05,0.5,0.0,0.0,0.0,0.012313945860563336,-0.03,-1.4862477605714958e-11,0.0,50.38156866922384,50.38156866905829,50.04739722228462,50.047397222450165,0.029345485368362307,0.37741157305462014,0.06361898852390696,1.1888367170331406e-14,0.009507789576935259,0.027762554797163164,14.979168001445942
19.872,1.4940420078293057e-14,0.06284185266179938,0.5275154571333999,2.211020961480702e-13,0.381370562681987,-0.05461256676090143,-0.04641605573351658,7.823041960384729e-13,-1.8623241963077413e-14,2.147625577721875,9.995780773300888e-12,4.439304719457305e-13,0.0,0.05,0.5,0.0,0.0,0.0,0.00711195434719869,-0.03,-1.6059408230668896e-11,0.0,49.43917890231662,49.43917890213773,49.10500745536407,49.10500745554295,0.03036467620521137,0.38526100052897816,0.04641605573351658,1.4940420078293057e-14,0.01284185266179938,0.027515457133399868,15.27419999911217
19.88,1.8549747662778764e-14,0.06620487068425776,0.5273574675377837,2.671148665306088e-13,0.3891719007070583,-0.0476397932991264,-0.028167593739981643,8.66893021269502e-13,-1.819384082530524e-14,2.2781571762119692,1.0550963564227879e-11,4.472921104210615e-13,0.0,0.05,0.5,0.0,0.0,0.0,0.0007515795998518371,-0.03,-1.7298657877565704e-11,0.0,48.28693710026794,48.286937100075235,47.95276565330157,47.95276565349427,0.03179668007786983,0.3920769289380949,0.028167593739981643,1.8549747662778764e-14,0.016204870684257758,0.027357467537783675,15.433357002621051
19.888,2.2783299178197214e-14,0.06958394746772606,0.5272968944866515,3.1953068110991294e-13,0.3958144401523259,-0.03962616091760467,-0.008869078210219063,9.559556099789076e-13,-1.62318215686682e-14,2.4092548793729773,1.1112434108338469e-11,4.507944720984165e-13,0.0,0.05,0.5,0.0,0.0,0.0,-0.0067819940923377064,-0.03,-1.8587620131765587e-11,0.0,46.922159257487145,46.92215925728011,46.58798781050644,46.58798781071348,0.03359540812423686,0.39779304124402065,0.008869078210219063,2.2783299178197214e-14,0.019583947467726057,0.027296894486651513,15.395239999634214
19.896,2.771245129567778e-14,0.07296513759937373,0.5273418533035557,3.788533478249581e-13,0.40118130541306185,-0.030576958311480135,0.011484008584601782,1.0494469237597973e-12,-1.2484092859020067e-14,2.540917951661353,1.167243612477453e-11,4.5262072211963246e-13,0.0,0.05,0.5,0.0,0.0,0.0,-0.015498727903974885,-0.03,-1.9919033984634667e-11,0.0,45.3430408133574,45.34304081313552,45.00886936636184,45.008869366583724,0.03570678488790788,0.40234486475225506,0.011484008584601782,2.771245129567778e-14,0.022965137599373728,0.027341853303555652,15.303639003832359
19.904,3.3413047469884045e-14,0.07633342106054836,0.5275002135288569,4.455975826151388e-13,0.40515213085982443,-0.02050256101665252,0.03289617776152006,1.1473657064262247e-12,-6.6570102008925666e-15,2.67314565848926,1.2237777059449927e-11,4.560577769664251e-13,0.0,0.05,0.5,0.0,0.0,0.0,-0.02540327528899,-0.03,-2.130094460643177e-11,0.0,43.54873875086236,43.54873875062509,43.21456730385141,43.21456730408868,0.03807506807459254,0.40567056110654354,0.03289617776152006,3.3413047469884045e-14,0.026333421060548354,0.0275002135288569,16.26702600333374
19.912,3.994700956582509e-14,0.0796732089483581,0.527763453252764,5.198271184906552e-13,0.4076164018831122,-0.0098210557156445,0.055360148706981784,1.2496014325152546e-12,1.5430491287034825e-15,2.804465855745256,1.2796402244469252e-11,4.596892175150793e-13,0.0,0.05,0.5,0.0,0.0,0.0,-0.036080992404203927,-0.03,-2.2720396667402014e-11,0.0,41.61436970825905,41.61436970800596,41.280198261232286,41.280198261485374,0.040636297392987575,0.4077346983266259,0.055360148706981784,3.994700956582509e-14,0.029673208948358093,0.02776345325276397,15.102167999430094
19.92,4.737754005390237e-14,0.0829685230606656,0.5281227387368344,6.016249569943941e-13,0.4084759743141499,0.0011252925292409462,0.07886864992164663,1.3560670016342722e-12,1.2419010567807048e-14,2.934879722562528,1.3352959739176305e-11,4.633625149132813e-13,0.0,0.05,0.5,0.0,0.0,0.0,-0.0471889980908865,-0.03,-2.4181813245680413e-11,0.0,39.60204983749136,39.602049837222,39.26787839044832,39.26787839071768,0.04333372759020256,0.4084775243207029,0.07886864992164663,4.737754005390237e-14,0.0329685230606656,0.028122738736834352,15.111167995200958
19.928,5.576893587512668e-14,0.08620303384498512,0.5285688870222875,6.910848611261461e-13,0.4076435490593169,0.012053941159723889,0.10341441902953159,1.4666441801221785e-12,2.6269561211528812e-14,3.064388436542201,1.3905312774551986e-11,4.65534079741034e-13,0.0,0.05,0.5,0.0,0.0,0.0,-0.05,-0.03,-2.5682446773661383e-11,0.0,39.092810361211036,39.092810360924965,38.758638914151284,38.75863891443736,0.04611768603554788,0.4078217264775845,0.10341441902953159,5.576893587512668e-14,0.03620303384498512,0.028568887022287548,15.55163300508866
19.936,6.518638336037428e-14,0.0893600997712541,0.5290923291386511,7.883040760321329e-13,0.4050414874041867,0.02272920583686982,0.12899020278718054,1.5811837311085096e-12,4.342631631255682e-14,3.192993173755335,1.4451916184470266e-11,4.695805945571318e-13,0.0,0.05,0.5,0.0,0.0,0.0,-0.05,-0.03,-2.7219953843111077e-11,0.0,39.0928103612196,39.0928103609164,38.75863891414272,38.758638914445925,0.04894467354794274,0.4056787193291888,0.12899020278718054,6.518638336037428e-14,0.0393600997712541,0.02909232913865112,15.448086000105832
19.944,7.569573814020327e-14,0.09242280822577426,0.5296830741281384,8.9337713032146e-13,0.4006009012863617,0.032951989406680024,0.1555887570922128,1.6995561171684065e-12,6.421436184460884e-14,3.320695108744913,1.4997323327664085e-11,4.733751000995546e-13,0.0,0.05,0.5,0.0,0.0,0.0,-0.05,-0.03,-2.8798394759566614e-11,0.0,39.092810361228395,39.092810360907606,38.758638914133925,38.758638914454714,0.05177624501117651,0.40195387262384136,0.1555887570922128,7.569573814020327e-14,0.04242280822577425,0.02968307412813842,15.551653996226378
19.952,8.736332439266744e-14,0.0953740180099054,0.5303306741059756,1.0063913605686751e-12,0.3942609656323434,0.0425515909712672,0.1832028469914839,1.821564519046928e-12,8.895087701577738e-14,3.4474954145278316,1.5535311630539172e-11,4.761068946508317e-13,0.0,0.05,0.5,0.0,0.0,0.0,-0.05,-0.03,-3.041027264786876e-11,0.0,39.09281036123737,39.09281036089863,38.75863891412495,38.758638914463695,0.05457793786949188,0.39655056035206143,0.1832028469914839,8.736332439266744e-14,0.0453740180099054,0.030330674105975564,15.655066003091633
19.96,1.0025569247316567e-13,0.09819640351211045,0.5310241905815851,1.1274222904674314e-12,0.3859684100610088,0.05137918466725459,0.21182524668883557,1.9470378464693873e-12,1.1800798253166362e-13,3.5733952625968715,1.607270586183582e-11,4.832007330272735e-13,0.0,0.05,0.5,0.0,0.0,0.0,-0.05,-0.03,-3.2061665962762464e-11,0.0,39.09281036124657,39.09281036088944,38.75863891411576,38.75863891447289,0.05731835406520923,0.3893731297638486,0.21182524668883557,1.0025569247316567e-13,0.04819640351211045,0.03102419058158512,15.565490997687448
19.968,1.1443940816447012e-13,0.10087250060571479,0.5317521622699367,1.2565307246565956e-12,0.3756771553889228,0.05930263994259548,0.2414487395524069,2.0757703218192675e-12,1.5168314921685546e-13,3.698395822922686,1.660613745202211e-11,4.853709661157471e-13,0.0,0.05,0.5,0.0,0.0,0.0,-0.05,-0.03,-3.3747903629868495e-11,0.0,39.09281036125596,39.092810360880044,38.75863891410636,38.75863891448228,0.059968417743799476,0.38032897363371354,0.2414487395524069,1.1443940816447012e-13,0.050872500605714785,0.03175216226993671,15.578444996208418
19.976,1.299808164253835e-13,0.10338475430728902,0.532502574626339,1.393759786248154e-12,0.3633480668505011,0.06620242086413532,0.2720661181215276,2.2075257045066374e-12,1.903130509688754e-13,3.822498263955776,1.7135484464877555e-11,4.875296176275236e-13,0.0,0.05,0.5,0.0,0.0,0.0,-0.05,-0.03,-3.546741292294473e-11,0.0,39.09281036126554,39.092810360870466,38.758638914096785,38.75863891449186,0.06250079479326921,0.36932990430273627,0.2720661181215276,1.299808164253835e-13,0.05338475430728902,0.03250257462633899,15.600093000102788
19.984,1.469457977608407e-13,0.10571556821193102,0.5332628313413028,1.5391323623848115e-12,0.34894880109643145,0.07196835456539753,0.30367018411322383,2.342043673005636e-12,2.342330904109359e-13,3.945703752628472,1.7660732852443225e-11,4.896690812542445e-13,0.0,0.05,0.5,0.0,0.0,0.0,-0.05,-0.03,-3.7218529451202563e-11,0.0,39.09281036127529,39.09281036086071,38.75863891408703,38.75863891450162,0.06488944821785969,0.35629301122178586,0.30367018411322383,1.469457977608407e-13,0.05571556821193102,0.03326283134130281,15.44533099513501
19.992,1.6539951846338066e-13,0.10784735570196088,0.5340197280346952,1.6926489074713989e-12,0.33245372812789753,0.07649710098713026,0.33625374842828826,2.479041787531265e-12,2.837883924402838e-13,4.068013454356916,1.8182729621976358e-11,4.931940251125831e-13,0.0,0.05,0.5,0.0,0.0,0.0,-0.05,-0.03,-3.900028092227919e-11,0.0,39.09281036128522,39.09281036085079,38.75863891407711,38.758638914511536,0.06710930231543026,0.3411411552503937,0.33625374842828826,1.6539951846338066e-13,0.05784735570196088,0.03401972803469522,15.593602998706046
20.0,1.854061796789352e-13,0.10976259290471473,0.5347594283900545,1.854285656366038e-12,0.31384391257116934,0.07969018967368893,0.36980963115697313,2.6182079878009258e-12,3.3931246936696456e-13,4.189428533042985,1.8700903404981074e-11,4.974164587661621e-13,0.0,0.05,0.5,0.0,0.0,0.0,-0.05,-0.03,-4.080998751518122e-11,0.0,39.09281036129529,39.09281036084071,38.75863891406703,38.75863891452162,0.0691359918761421,0.3238032238693869,0.36980963115697313,1.854061796789352e-13,0.05976259290471472,0.034759428390054525,15.691633001551963
20.008,2.070287582863452e-13,0.111443873353303,0.5354674429704882,2.02399299027814e-12,0.2931071412716469,0.0814525162497951,0.4043306615842682,2.7592000710237705e-12,4.011185172142276e-13,4.3099501510763245,1.9214331027567028e-11,5.009621801803005e-13,0.0,0.05,0.5,0.0,0.0,0.0,-0.05,-0.03,-4.2644352056092487e-11,0.0,39.09281036130551,39.0928103608305,38.75863891405682,38.75863891453183,0.07094567698966281,0.3042142479698482,0.4043306615842682,2.070287582863452e-13,0.061443873353302994,0.035467442970488205,15.565169996989425
20.016000000000002,2.303287383719738e-13,0.11287396428147707,0.5361286109568545,2.2016938943630322e-12,0.27023798622165746,0.08169121265898767,0.43980967819480365,2.901648108901974e-12,4.695291816943736e-13,4.429579469336244,1.9723899314049834e-11,5.060870015479245e-13,0.0,0.05,0.5,0.0,0.0,0.0,-0.05,-0.03,-4.4501697038807655e-11,0.0,39.092810361315856,39.092810360820145,38.75863891404647,38.758638914542175,0.0725149082198978,0.28231546791281675,0.43980967819480365,2.303287383719738e-13,0.06287396428147707,0.03612861095685449,15.010605995485093
20.024,2.553658433903101e-13,0.11403586446022677,0.5367270850467817,2.3872827409489024e-12,0.24523789344607175,0.0803148223753716,0.47623952867735597,3.0451703095125906e-12,5.448165527419056e-13,4.548317647193732,2.0229466464844045e-11,5.075599577690632e-13,0.0,0.05,0.5,0.0,0.0,0.0,-0.05,-0.03,-4.6379150587398007e-11,0.0,39.09281036132631,39.09281036080969,38.75863891403601,38.758638914552634,0.07382053043159517,0.2580544420758037,0.47623952867735597,2.553658433903101e-13,0.06403586446022677,0.03672708504678168,15.186642995104194
20.032,2.8219776414679414e-13,0.11491286345953132,0.5372463197493387,2.5806242116712967e-12,0.21811528973947347,0.07723272546422352,0.5136130699289678,3.1893406376860496e-12,6.272703556763189e-13,4.666165842513416,2.0730808851533692e-11,5.098675874267565e-13,0.0,0.05,0.5,0.0,0.0,0.0,-0.05,-0.03,-4.827339659813991e-11,0.0,39.092810361336866,39.09281036079914,38.75863891402546,38.758638914563186,0.07483961636316512,0.23138533553526375,0.5136130699289678,2.8219776414679414e-13,0.06491286345953132,0.037246319749338674,14.909853001881856
20.04,3.1087988303822556e-13,0.11548860219394178,0.537669063304692,2.781552341622902e-12,0.18888570015184178,0.07235476925521303,0.5519231680587082,3.333713392946258e-12,7.171822727790201e-13,4.783125211655477,2.123019987388217e-11,5.145183498727281e-13,0.0,0.05,0.5,0.0,0.0,0.0,-0.05,-0.03,-5.018349336156303e-11,0.0,39.092810361347496,39.092810360788505,38.758638914014824,38.75863891457382,0.07554942321136045,0.20226967235803442,0.5519231680587082,3.1087988303822556e-13,0.06548860219394177,0.037669063304691996,14.81109900487354
20.048000000000002,3.414650082063061e-13,0.11574713458553806,0.5379773534507181,2.98987000250008e-12,0.1575718699113785,0.06559106905481957,0.5911626983910322,3.4778010399665025e-12,8.147852348429437e-13,4.899196909477634,2.1723901979537165e-11,5.180853638156748e-13,0.0,0.05,0.5,0.0,0.0,0.0,-0.05,-0.03,-5.2101969085630214e-11,0.0,39.09281036135818,39.09281036077782,38.758638914004145,38.7586389145845,0.07592736714340635,0.1706783012779378,0.5911626983910322,3.414650082063061e-13,0.06574713458553806,0.037977353450718065,15.255297999829054
20.056,3.7400308912187706e-13,0.11567299015244538,0.5381525172491578,3.2053480248894283e-12,0.12420388510178548,0.056851950204849566,0.6313245454687982,3.62111002541522e-12,9.203150242679201e-13,5.0143820893370945,2.2215937391296592e-11,5.217968280075094e-13,0.0,0.05,0.5,0.0,0.0,0.0,-0.05,-0.03,-5.40292298093238e-11,0.0,39.09281036136892,39.09281036076708,38.75863891399341,38.75863891459524,0.07595101189589558,0.1365970326049297,0.6313245454687982,3.7400308912187706e-13,0.06567299015244538,0.0381525172491578,15.293906995793805
20.064,4.085409522978703e-13,0.11525123730570098,0.5381751751723741,3.4277249993114694e-12,0.08881928691281737,0.046048008244287675,0.6724016030559072,3.763105736564178e-12,1.0339625108007416e-12,5.128681903092523,2.2703574820685078e-11,5.244659111226273e-13,0.0,0.05,0.5,0.0,0.0,0.0,-0.05,-0.03,-5.5958390252443226e-11,0.0,39.09281036137966,39.09281036075634,38.75863891398266,38.75863891460598,0.07559806855579283,0.10004641318391858,0.6724016030559072,4.085409522978703e-13,0.06525123730570098,0.03817517517237412,15.592552001180593
20.072,4.4512669676814033e-13,0.11446673623498065,0.5380262681094343,3.656823611206027e-12,0.05144290276224325,0.03311573002193483,0.7141346517542919,2.1035669441626486e-12,1.9181259454590972e-12,5.210609359688874,-8.88319293566025e-11,2.1733961668823852e-10,0.0,0.05,0.5,0.0,0.0,0.0,-0.05,-0.03,6.964652500136359e-11,0.0,39.092810360680105,39.0928103614559,38.75863891468222,38.758638913906424,0.0748462233323843,0.06118025677856616,0.7141346517542919,4.4512669676814033e-13,0.06446673623498064,0.038026268109434325,15.405999998620246
20.080000000000002,4.833146505703237e-13,0.11330357522821952,0.5376877670531892,3.880157734019087e-12,0.012075297040776086,0.01803005761142292,0.7558314856633971,-1.4160577678621144e-12,3.420544231316763e-12,5.206086425448046,-2.0022336407827244e-10,4.338709548905763e-10,0.0,0.05,0.5,0.0,0.0,0.0,-0.05,-0.03,2.0783082314061733e-10,0.0,39.09281035991048,39.09281036222552,38.75863891545184,38.75863891313681,0.07367299656000359,0.021700133089320103,0.7558314856633971,4.833146505703237e-13,0.06330357522821951,0.037687767053189214,15.3442709997762
20.088,5.222110021183414e-13,0.1117467497076365,0.5371411289021946,4.07653497591582e-12,-0.029260400381958894,0.0007580923142705975,0.7968050274803298,-6.843947657697227e-12,5.387661877352302e-12,5.11575380518074,-3.1147439095203047e-10,6.501189206434227e-10,0.0,0.05,0.5,0.0,0.0,0.0,-0.05,-0.03,3.5896803251128003e-10,0.0,39.09281035906872,39.09281036306729,38.758638916293606,38.75863891229504,0.07205639843613432,0.029270219241910304,0.7968050274803298,5.222110021183414e-13,0.061746749707636495,0.037141128902194565,15.53186000091955
20.096,5.605217837361105e-13,0.10978098611962499,0.5363690516554225,4.2189975211769876e-12,-0.07255241000586027,-0.01869545731788777,0.8367699005332194,-1.8350285054980992e-11,1.9357572449916608e-11,4.989782457684244,2.8799771366030934e-10,2.2413922955015856e-09,0.0,0.05,0.5,0.0,0.0,0.0,-0.043527766412131075,-0.03,-1.79302735778442e-10,0.0,40.265316446825494,40.26531644482823,39.93114499805455,39.931145000051814,0.06997481132342968,0.07492244204498019,0.8367699005332194,5.605217837361105e-13,0.059780986119624985,0.03636905165542248,15.446662000613287
20.104,5.999931554721112e-13,0.10738581709147431,0.5353598492907649,4.361982310341718e-12,-0.11792115370846179,-0.04018642497075361,0.8757215040342542,-3.6911399268283254e-11,4.489920992538498e-11,4.863239080352609,8.904044887281572e-10,3.840446970119197e-09,0.0,0.05,0.5,0.0,0.0,0.0,-0.021157593709127287,-0.03,-6.723548893390392e-10,0.0,44.31788396823166,44.31788396074227,43.9837125139686,43.98371252145799,0.06740512551076326,0.12458068567745435,0.8757215040342542,5.999931554721112e-13,0.057385817091474306,0.035359849290764855,15.56731500022579
20.112000000000002,6.457991176435225e-13,0.104541459559749,0.5341012933258739,4.634734902558273e-12,-0.1654458612598784,-0.06361303909886726,0.9136552433919978,-6.344486349761914e-11,8.154339233769175e-11,4.7361244164279706,1.4957419280442338e-09,5.4472704884918755e-09,0.0,0.05,0.5,0.0,0.0,0.0,0.003520434327032529,-0.03,-1.1141555505556082e-09,0.0,48.78854122361978,48.78854121120916,48.454369764435484,48.454369776846114,0.06432471544752472,0.1772539188605345,0.9136552433919978,6.457991176435225e-13,0.054541459559749,0.03410129332587386,15.008871996542439
20.12,7.069289328753377e-13,0.10122882138012161,0.5325806784469665,5.236033302842168e-12,-0.21517264349859658,-0.0889058032517808,0.9505665302171026,-9.880909890119495e-11,1.2878974941963938e-10,4.608439208186786,2.1040098168251436e-09,7.0618554188371236e-09,0.0,0.05,0.5,0.0,0.0,0.0,0.030463507893602304,-0.03,-1.4992136754715459e-09,0.0,53.66953281391107,53.66953279721126,53.335361350437594,53.3353613671374,0.06071155366205872,0.23281646926714292,0.9505665302171026,7.069289328753377e-13,0.05122882138012161,0.03258067844696655,14.789075001317542
20.128,7.965618198716961e-13,0.09742950363258056,0.5307848873570832,6.429648817182943e-12,-0.2671210584874141,-0.11601941984851383,0.9864507823281686,-1.438034595943314e-10,1.861132985370572e-10,4.48018419694104,2.7152029941461057e-09,8.684187663154708e-09,0.0,0.05,0.5,0.0,0.0,0.0,0.05,-0.03,-1.8225626043851253e-09,0.0,57.20875240020431,57.20875237990269,56.874580933129025,56.87458095343064,0.056544381722866785,0.2912287171098039,0.9864507823281686,7.965618198716961e-13,0.047429503632580555,0.03078488735708318,14.870683000481222
20.136,9.32427760427279e-13,0.09312579886076959,0.5287004546239439,8.540367567636303e-12,-0.32128946608521736,-0.1449263542072992,1.021303423757749,-1.991688144528803e-10,2.529708653435741e-10,4.351360123039534,3.32931928108123e-09,1.0314258624537421e-08,0.0,0.05,0.5,0.0,0.0,0.0,0.05,-0.03,-2.0797573747836987e-09,0.0,57.20875240163676,57.208752378470244,56.87458093169658,56.87458095486309,0.0518029982047431,0.3524635713958871,1.021303423757749,9.32427760427279e-13,0.04312579886076959,0.028700454623943883,14.989820003393106
20.144000000000002,1.137153353991263e-12,0.08830068549418202,0.5263136293359417,1.1950433893206931e-11,-0.3776594070328229,-0.1756117155658734,1.0551198847584968,-2.6558853955475155e-10,3.2880713241437116e-10,4.221967725869149,3.946351175355382e-09,1.195205909887037e-08,0.0,0.05,0.5,0.0,0.0,0.0,0.05,-0.03,-2.2668532870454596e-09,0.0,57.2087524026788,57.208752377428205,56.87458093065454,56.87458095590513,0.0464688024178973,0.4164926198198146,1.0551198847584968,1.137153353991263e-12,0.038300685494182016,0.026313629335941724,15.14675399812404
20.152,1.4385916567967032e-12,0.08293781870955225,0.5236104364026597,1.709630468470238e-11,-0.4361991952420174,-0.20806919578475688,1.0878956018094563,-3.436898354415682e-10,4.1306047176505427e-10,4.092007743856048,4.566297389315741e-09,1.3597581175942212e-08,0.0,0.05,0.5,0.0,0.0,0.0,0.05,-0.03,-2.3804032132020912e-09,0.0,57.208752403311216,57.208752376795786,56.87458093002212,56.87458095653754,0.04052594981573372,0.4832830724992332,1.0878956018094563,1.4385916567967032e-12,0.032937818709552244,0.023610436402659696,14.951507000660058
20.16,1.8701350287867314e-12,0.07702151799323989,0.5205767363634293,2.44656280475138e-11,-0.49686687410143915,-0.2422978576085745,1.1196260176224984,-4.340453360004983e-10,5.051683810920658e-10,3.9614809144669896,5.189154982513967e-09,1.5250809912198974e-08,0.0,0.05,0.5,0.0,0.0,0.0,0.05,-0.03,-2.417433342134201e-09,0.0,57.20875240351746,57.208752376589544,56.87458092981587,56.87458095674379,0.03396416514547442,0.5527973791372752,1.1196260176224984,1.8701350287867314e-12,0.027021517993239888,0.02057673636342927,15.007429006800521
20.168,2.4710099884654615e-12,0.07053675166987694,0.5171982835936882,3.4594376429980954e-11,-0.5596126573652429,-0.27829960533039455,1.1503065811488977,-5.371750920651764e-10,6.045726377519071e-10,3.830387974210485,5.814916893655589e-09,1.691173762649895e-08,0.0,0.05,0.5,0.0,0.0,0.0,0.05,-0.03,-2.375422177614955e-09,0.0,57.20875240328347,57.20875237682353,56.874580930049866,56.874580956509796,0.026786920833106583,0.6249935972555576,1.1503065811488977,2.4710099884654615e-12,0.020536751669876938,0.017198283593688246,14.947195006243419
20.176000000000002,3.2865530634671544e-12,0.06346911866423897,0.5134607828241042,4.8064078019020283e-11,-0.6243809510330846,-0.3160772035038848,1.1799327475860568,-6.535486952669597e-10,7.107241831840761e-10,3.6987296586381397,6.443583270579479e-09,1.8580357479750855e-08,0.0,0.05,0.5,0.0,0.0,0.0,0.05,-0.03,-2.252292926499432e-09,0.0,57.2087524025977,57.2087523775093,56.87458093073563,56.87458095582404,0.01904231687135392,0.6998259573549808,1.1799327475860568,3.2865530634671544e-12,0.013469118664238972,0.013460782824104234,14.850213003228419
20.184,4.368466669250327e-12,0.05580482776340339,0.5093499439114958,6.549910255979853e-11,-0.6911120333473784,-0.35563273561833014,1.2084999783843702,-7.835875768488203e-10,8.230875530262239e-10,3.5665067023458406,7.075146380017655e-09,2.025665565197623e-08,0.0,0.05,0.5,0.0,0.0,0.0,0.05,-0.03,-2.0463775877156054e-09,0.0,57.208752401450845,57.20875237865616,56.87458093188249,56.87458095467718,0.01100533854594651,0.7772454472564796,1.2084999783843702,4.368466669250327e-12,0.005804827763403388,0.009349943911495795,14.749533002031967
20.192,5.775053940740572e-12,0.04753067464496603,0.5048515348233915,8.756396383509884e-11,-0.7597434546388596,-0.3969664156972836,1.2360037412542306,-9.276674682167083e-10,9.411451353057517e-10,3.433719838975004,7.709605810569758e-09,2.1940621343874964e-08,0.0,0.05,0.5,0.0,0.0,0.0,0.05,-0.03,-1.7564110985504142e-09,0.0,57.20875239983587,57.20875238027113,56.87458093349746,56.87458095306221,0.005443799945956334,0.8572003570100385,1.2360037412542306,5.775053940740572e-12,-0.002469325355033976,0.004851534823391512,15.000902996689547
20.2,7.571431474999662e-12,0.038634016934597525,0.49995143281954657,1.1496060942456127e-10,-0.8302112064703249,-0.4400756826539639,1.26243951017318,-1.0861209931204944e-09,1.0644010139427408e-09,3.3003698012138027,8.346955370239948e-09,2.363224531217186e-08,0.0,0.05,0.5,0.0,0.0,0.0,0.05,-0.03,-1.3814954120657163e-09,0.0,57.208752397747766,57.208752382359236,56.87458093558556,56.8745809509741,0.011366086829425205,0.9396367669542656,1.26243951017318,7.571431474999662e-12,-0.011365983065402478,-4.856718045342934e-05,14.938705004169606
20.208000000000002,9.829718813506639e-12,0.029102747552722012,0.4946356738338146,1.484256710023046e-10,-0.9024506997230681,-0.4849545207664254,1.2878027653932056,-1.2592402850215036e-09,1.1923845597498753e-09,3.1664573207984574,8.98719064287713e-09,2.5331517873692005e-08,0.0,0.05,0.5,0.0,0.0,0.0,0.05,-0.03,-9.210845488129649e-10,0.0,57.2087523951835,57.20875238492349,56.874580938149826,56.874580948409836,0.021574780533356232,1.0244989763989267,1.2878027653932056,9.829718813506639e-12,-0.02089725244727799,-0.005364326166185374,14.927983000234235
20.216,1.2629203454645973e-11,0.018925266605779572,0.48889050007840085,1.8872765283033475e-10,-0.9763975834520435,-0.5315929604985007,1.312088993448173,-1.4472796426218495e-09,1.3246537337214077e-09,3.0319831285144203,9.630308985079063e-09,2.7038429920848148e-08,0.0,0.05,0.5,0.0,0.0,0.0,0.05,-0.03,-3.749614648910685e-10,0.0,57.208752392141854,57.20875238796515,56.874580941191475,56.87458094536819,0.03300090974548869,1.1117298757443512,1.312088993448173,1.2629203454645973e-11,-0.03107473339422043,-0.011109499921599153,14.947446004953235
20.224,1.6056480093851497e-11,0.008090452072569459,0.4827024059096608,2.3666403824441533e-10,-1.0519884300919176,-0.5799767226173189,1.3352936871614016,-1.6504581992225405e-09,1.4607981034294439e-09,2.896947954197646,1.0276308003602022e-08,2.875297460253566e-08,0.0,0.05,0.5,0.0,0.0,0.0,0.05,-0.03,2.56786923326091e-10,0.0,57.208752388623324,57.20875239148368,56.87458094471001,56.87458094184966,0.04533891230274206,1.2012712665443988,1.3352936871614016,1.6056480093851497e-11,-0.04190954792743054,-0.017297594090339208,14.933998994820286
20.232,2.0205562671077043e-11,-0.003412370469264665,0.47605818201023486,2.9305829502618236e-10,-1.129161307619419,-0.6300869755795216,1.3574123456533886,-1.8689624612267832e-09,1.600441559624306e-09,2.7613525267357737,1.0925184169193279e-08,3.047513459640936e-08,0.0,0.05,0.5,0.0,0.0,0.0,0.05,-0.03,9.737939023008953e-10,0.0,57.20875238462993,57.20875239547707,56.874580948703404,56.87458093785626,0.058532828120645405,1.2930641343026048,1.3574123456533886,2.0205562671077043e-11,-0.05341237046926467,-0.023941817989765135,15.225670002109837
20.240000000000002,2.5177967670686267e-11,-0.015593458837289801,0.46894495795640256,3.58756761011135e-10,-1.2078562552960619,-0.6819001818093655,1.3784404743496663,-2.1029489725451477e-09,1.7432448408799054e-09,2.6251975740694227,1.1576933932612964e-08,3.220490680304452e-08,0.0,0.05,0.5,0.0,0.0,0.0,0.05,-0.03,1.7754356709612564e-09,0.0,57.208752380165166,57.20875239994184,56.87458095316817,56.8745809333915,0.07257353152884898,1.3870488785221202,1.3784404743496663,2.5177967670686267e-11,-0.0655934588372898,-0.031055042043597436,15.270540003257338
20.248,3.108276698285016e-11,-0.028462685725458445,0.46135024325209556,4.346253916130216e-10,-1.288015676441101,-0.7353880130551884,1.398373584988806,-2.3525466946165587e-09,1.8889077476834604e-09,2.4884838231934014,1.2231550246302284e-08,3.3942276596099505e-08,0.0,0.05,0.5,0.0,0.0,0.0,0.05,-0.03,2.660857127157842e-09,0.0,57.20875237523379,57.20875240487321,56.87458095809954,56.87458092846013,0.08746540314846919,1.4831655040835074,1.398373584988806,3.108276698285016e-11,-0.07846268572545845,-0.03864975674790444,15.277279002475552
20.256,3.803660845744066e-11,-0.0420295704448893,0.4532619669220267,5.215463501551989e-10,-1.3695846591386895,-0.7905173186958947,1.4172071956305612,-2.6178594144483486e-09,2.037171260595895e-09,2.3512120001578993,1.2889033509895583e-08,3.568723811461269e-08,0.0,0.05,0.5,0.0,0.0,0.0,0.05,-0.03,3.6289833421881905e-09,0.0,57.20875236984179,57.20875241026521,56.874580963491546,56.87458092306812,0.10321766114511881,1.5813537775293003,1.4172071956305612,3.803660845744066e-11,-0.0920295704448893,-0.04673803307797331,15.107382998394314
20.264,4.6163702170703644e-11,-0.05630331070252244,0.44466851576587174,6.204144229557562e-10,-1.4525112337518193,-0.8472501338606132,1.4349368306641526,-2.898967928171557e-09,2.187819298524686e-09,2.213382830069759,1.3549374441245033e-08,3.7439779743691e-08,0.0,0.05,0.5,0.0,0.0,0.0,0.05,-0.03,4.678558747877834e-09,0.0,57.208752363996155,57.20875241611085,56.87458096933718,56.87458091722249,0.11984142444859626,1.6815533513695187,1.4349368306641526,4.6163702170703644e-11,-0.10630331070252244,-0.05533148423412826,15.154320004512556
20.272000000000002,5.5595770137793745e-11,-0.07129281420145332,0.43555877138339555,7.321332375417789e-10,-1.5367465744746025,-0.9055437166503194,1.4515580208166934,-3.1959321101035955e-09,2.340680480594323e-09,2.0749970370936954,1.4212576325875156e-08,3.919989324937794e-08,0.0,0.05,0.5,0.0,0.0,0.0,0.05,-0.03,5.8081454470954825e-09,0.0,57.20875235770489,57.208752422402114,56.87458097562844,56.87458091093122,0.13734853010689907,1.7837038590876848,1.4515580208166934,5.5595770137793745e-11,-0.12129281420145333,-0.06444122861660445,15.320518999942578
20.28,6.647195713108502e-11,-0.08700672985192842,0.4259221460868488,8.57611264865735e-10,-1.6222451508416027,-0.9653506057339506,1.4670663031617537,-3.508792798242146e-09,2.4956294999110407e-09,1.9360553444534927,1.4878628347969987e-08,4.09675687107156e-08,0.0,0.05,0.5,0.0,0.0,0.0,0.05,-0.03,7.0161710387544975e-09,0.0,57.208752350976766,57.208752429130236,56.87458098235656,56.8745809042031,0.15575099506936532,1.8877449831531798,1.4670663031617537,6.647195713108502e-11,-0.1370067298519284,-0.07407785391315119,14.972237004258204
20.288,7.893869989063934e-11,-0.1034534783867067,0.41574861782188954,9.977575808814803e-10,-1.7089648340427843,-1.02661869121117,1.4814572211280659,-3.837573441743617e-09,2.652588551604382e-09,1.7965584744332566,1.5547532049791466e-08,4.274279262711745e-08,0.0,0.05,0.5,0.0,0.0,0.0,0.05,-0.03,8.300920665476766e-09,0.0,57.20875234382132,57.20875243628568,56.87458098951201,56.87458089704765,0.1750607478217247,1.9936164980103412,1.4814572211280659,7.893869989063934e-11,-0.1534534783867067,-0.08425138217811046,15.193847997579724
20.296,9.314955194035645e-11,-0.12064128217866925,0.40502876422171186,1.153477365948151e-09,-1.7968669620333386,-1.089291292973408,1.4947263245083722,-4.18228161208408e-09,2.8115284817950526e-09,1.6565071483786256,1.621928315891951e-08,4.4525554664410746e-08,0.0,0.05,0.5,0.0,0.0,0.0,0.05,-0.03,9.660574582411926e-09,0.0,57.20875233624869,57.20875244385831,56.87458099708464,56.87458088947503,0.19528948463456863,2.10125828973846,1.4947263245083722,9.314955194035645e-11,-0.17064128217866925,-0.09497123577828814,14.991300995461643
20.304000000000002,1.0926496087416234e-10,-0.13857819406211952,0.3937537959210029,1.3256671161035335e-09,-1.885916366712778,-1.1533072418963561,1.5068691694684084,-4.542910286598825e-09,2.972469847651093e-09,1.5159020866979973,1.6893876776064797e-08,4.631584800232678e-08,0.0,0.05,0.5,0.0,0.0,0.0,0.05,-0.03,1.1093220735518047e-08,0.0,57.20875232826954,57.20875245183746,56.874581005063796,56.87458088149587,0.21644858779148066,2.210610353826677,1.5068691694684084,1.0926496087416234e-10,-0.1885781940621195,-0.1062462040789971,14.920943998731673
20.312,1.2745199475520854e-10,-0.15727212496209675,0.38191558925679997,1.5152095399090318e-09,-1.9760813658697047,-1.218600960122191,1.5178813185560283,-4.919438841192078e-09,3.1354838708203867e-09,1.3747440088637244,1.7571309205991294e-08,4.81136628441332e-08,0.0,0.05,0.5,0.0,0.0,0.0,0.05,-0.03,1.2596869452537875e-08,0.0,57.20875231989493,57.208752460212075,56.8745810134384,56.87458087312126,0.2385490763907331,2.3216127723089834,1.5178813185560283,1.2745199475520854e-10,-0.20727212496209674,-0.11808441074320003,15.219917004287709
20.32,1.4788401402117703e-10,-0.17673087013817787,0.36950671848228406,1.722968113576494e-09,-2.0673337220978456,-1.2851025374606848,1.5277583407104678,-5.311833831001747e-09,3.300693280623832e-09,1.2330336334133452,1.8251577037929127e-08,4.991899112056643e-08,0.0,0.05,0.5,0.0,0.0,0.0,0.05,-0.03,1.4169470216843664e-08,0.0,57.208752311136294,57.20875246897071,56.87458102219704,56.87458086436263,0.2616015749090153,2.4342056713250058,1.5277583407104678,1.4788401402117703e-10,-0.2267308701381779,-0.13049328151771594,15.075493000040296
20.328,1.7074028501447995e-10,-0.1969621338506313,0.35652048761702115,1.9497812656938313e-09,-2.159648570489668,-1.352737801600156,1.5364958112717442,-5.7200494714727345e-09,3.4682730624323726e-09,1.0907716779507992,1.8934677744630677e-08,5.173182181831517e-08,0.0,0.05,0.5,0.0,0.0,0.0,0.05,-0.03,1.5808925592262952e-08,0.0,57.208752302005315,57.20875247810169,56.87458103132802,56.87458085523164,0.2856162916041634,2.548329160037237,1.5364958112717442,1.7074028501447995e-10,-0.24696213385063132,-0.14347951238297885,16.703758999938145
20.336000000000002,1.9620553098556745e-10,-0.21797355225739068,0.3429509620531349,2.19645616183204e-09,-2.253004316560544,-1.4214283803771677,1.5440893119902004,-6.1440278616009286e-09,3.6384510858997725e-09,0.9479588591476411,1.962060579164828e-08,5.355214271676731e-08,0.0,0.05,0.5,0.0,0.0,0.0,0.05,-0.03,1.7513108825301702e-08,0.0,57.20875229251382,57.20875248759318,56.874581040819514,56.874580845740155,0.31060300228664944,2.6639232517064193,1.5440893119902004,1.9620553098556745e-10,-0.26797355225739067,-0.1570490379468651,15.453785999852698
20.344,2.2446941611439458e-10,-0.23977271435012754,0.32879300003134965,2.463762057686388e-09,-2.347382505566917,-1.4910917548464049,1.550534431036181,-6.583698966333224e-09,3.811508697027276e-09,0.8045958927442499,2.0309358637022244e-08,5.537994589302642e-08,0.0,0.05,0.5,0.0,0.0,0.0,0.05,-0.03,1.9279870512810147e-08,0.0,57.20875228267379,57.2087524974332,56.874581050659536,56.874580835900126,0.3365710368111107,2.7809277676366477,1.550534431036181,2.2446941611439458e-10,-0.2897727143501275,-0.17120699996865035,14.927188000001479
20.352,2.557259578546744e-10,-0.26236718073672927,0.31404228409375645,2.752423189656192e-09,-2.442767664118639,-1.5616413023169946,1.55582676300985,-7.0389802214455976e-09,3.987781186412528e-09,0.6606834935510317,2.100093189915136e-08,5.7215216854291764e-08,0.0,0.05,0.5,0.0,0.0,0.0,0.05,-0.03,2.1107054779704842e-08,0.0,57.20875227249726,57.208752507609745,56.87458106083608,56.874580825723584,0.3635292666436633,2.8992822246145598,1.55582676300985,2.557259578546744e-10,-0.31236718073672926,-0.18595771590624355,14.944119000574574
20.36,2.9017286259746486e-10,-0.2857645000757522,0.29869535261149815,3.06311117029481e-09,-2.5391471147705493,-1.6329863289100954,1.5599619089511407,-7.50977599758214e-09,4.167658195842494e-09,0.5162223754496443,2.1695321395819085e-08,5.905795457010405e-08,0.0,0.05,0.5,0.0,0.0,0.0,0.05,-0.03,2.299250844212639e-08,0.0,57.208752261996175,57.20875251811083,56.87458107133716,56.87458081522251,0.3914860924366648,3.01892570641526,1.5599619089511407,2.9017286259746486e-10,-0.3357645000757522,-0.20130464738850185,14.759596000658348
20.368000000000002,3.28010779391982e-10,-0.3099722229659604,0.2827496314753023,3.39643685609846e-09,-2.636510764071442,-1.7050320915328396,1.5629354763498526,-7.995976556663981e-09,4.351584047081461e-09,0.3712132513942019,2.2392524296875666e-08,6.090814660180428e-08,0.0,0.05,0.5,0.0,0.0,0.0,0.05,-0.03,2.4934088694638623e-08,0.0,57.20875225118249,57.208752528924514,56.87458108215084,56.87458080440882,0.4204494308845858,3.139796719888316,1.5629354763498526,3.28010779391982e-10,-0.3599722229659604,-0.2172503685246977,15.399460004118737
20.376,3.6944246620654827e-10,-0.3349979130909294,0.26620346602487116,3.75294165524304e-09,-2.734850864381448,-1.777679809487096,1.564743079155873,-8.497456790178115e-09,4.540057957942682e-09,0.22565683341243853,2.3092535540243425e-08,6.27657812346292e-08,0.0,0.05,0.5,0.0,0.0,0.0,0.05,-0.03,2.6929675328837628e-08,0.0,57.20875224006802,57.20875254003898,56.87458109326531,56.874580793294356,0.4504267003444116,3.2618330361111423,1.564743079155873,3.6944246620654827e-10,-0.3849979130909294,-0.23379653397512884,15.066013002069667
20.384,4.146718629386168e-10,-0.3608491554149687,0.24905615327951253,4.13308824249627e-09,-2.8341617496062117,-1.8508266662236899,1.5653803377895426,-9.014074630891991e-09,4.733634201432988e-09,0.07955383260697768,2.379535235779598e-08,6.463084697432613e-08,0.0,0.05,0.5,0.0,0.0,0.0,0.05,-0.03,2.8977173595636117e-08,0.0,57.20875222866443,57.20875255144257,56.8745811046689,56.874580781890764,0.48142480483671446,3.38497151706416,1.5653803377895426,4.146718629386168e-10,-0.4108491554149687,-0.2509438467204875,14.797459996771067
20.392,4.6390306518161425e-10,-0.3875335612223793,0.2313079745170075,4.537250650072087e-09,-2.934439544870308,-1.9243658020416268,1.5648428791521578,-9.545669171710549e-09,4.932922129602488e-09,-0.06709504084351314,2.450097008860176e-08,6.650333688348028e-08,0.0,0.05,0.5,0.0,0.0,0.0,0.05,-0.03,3.107452531158797e-08,0.0,57.208752216983186,57.20875256312382,56.87458111635014,56.87458077020952,0.5134501161301754,3.509147928282017,1.5648428791521578,4.6390306518161425e-10,-0.4375335612223793,-0.26869202548299254,14.898387002176605
20.400000000000002,5.173391925193661e-10,-0.4150587697874319,0.212960228230496,4.965703703501021e-09,-3.0356818500223315,-1.9981862987959353,1.5631263366366017,-1.009205838479832e-08,5.138586120713218e-09,-0.21428907768310237,2.5209386813799393e-08,6.838324026661524e-08,0.0,0.05,0.5,0.0,0.0,0.0,0.05,-0.03,3.321970950754208e-08,0.0,57.20875220503553,57.20875257507147,56.874581128297805,56.87458075826186,0.5465084536708362,3.6342967379192914,1.5631263366366017,5.173391925193661e-10,-0.4650587697874319,-0.287039771769504,14.876977998937946
20.408,5.751811449713682e-10,-0.44343244645754726,0.19401526347405262,5.418611774101028e-09,-3.1378873967708274,-2.0721731579478853,1.5602263501381193,-1.0653036566409355e-08,5.351345384480729e-09,-0.36202756957738647,2.5920601535873183e-08,7.027055049240634e-08,0.0,0.05,0.5,0.0,0.0,0.0,0.05,-0.03,3.541074925299475e-08,0.0,57.20875219283248,57.208752587274525,56.87458114050086,56.87458074605881,0.5806050621583777,3.760350902686199,1.5602263501381193,5.751811449713682e-10,-0.49343244645754725,-0.3059847365259474,22.378752997610718
20.416,6.376262410563352e-10,-0.4726622769271424,0.17447651358654925,5.896016821405169e-09,-3.2410556791566214,-2.1462072735459463,1.5561385660652196,-1.122837137692764e-08,5.571973542850473e-09,-0.5103098091123224,2.6634604322093658e-08,7.216525680797782e-08,0.0,0.05,0.5,0.0,0.0,0.0,0.05,-0.03,3.764572544719264e-08,0.0,57.20875218038473,57.208752599722274,56.87458115294861,56.874580733611054,0.6157445866018092,3.8872416411145463,1.5561385660652196,6.376262410563352e-10,-0.5226622769271424,-0.32552348641345075,14.808731000812259
20.424,7.048667307695605e-10,-0.5027559574746417,0.15434853026028733,6.3978256999549545e-09,-3.3451865570128634,-2.2201654019933605,1.550858637350717,-1.1817800565428457e-08,5.801298203968487e-09,-0.6591350897930135,2.735139611246053e-08,7.406734777798829e-08,0.0,0.05,0.5,0.0,0.0,0.0,0.05,-0.03,3.9922759464121214e-08,0.0,57.20875216770273,57.20875261240427,56.8745811656306,56.87458072092906,0.651931044710199,4.014898194653,1.550858637350717,7.048667307695605e-10,-0.5527559574746418,-0.34565146973971267,15.262693996191956
20.432000000000002,7.770881768602402e-10,-0.5337211809304412,0.13363701789565316,6.923796712230352e-09,-3.4502798320050183,-2.2939201307103696,1.5443822234629074,-1.2421028366467383e-08,6.040200217740536e-09,-0.8085027060425048,2.807097253320381e-08,7.597681293985721e-08,0.0,0.05,0.5,0.0,0.0,0.0,0.05,-0.03,4.224003214863988e-08,0.0,57.20875215479662,57.20875262531038,56.874581178536715,56.87458070802295,0.6891677964931464,4.143247577108911,1.5443822234629074,7.770881768602402e-10,-0.5837211809304412,-0.3663629821043468,14.893124003720004
20.44,8.544676976895528e-10,-0.5655656181393792,0.1123488681556374,7.47352539051731e-09,-3.5563347958275537,-2.3673398480687484,1.536704990416874,-1.3037721546024135e-08,6.289612758408502e-09,-0.9584119532006141,2.879332919240636e-08,7.789364157632489e-08,0.0,0.05,0.5,0.0,0.0,0.0,0.05,-0.03,4.45957799245143e-08,0.0,57.20875214167623,57.208752638430774,56.87458119165711,56.874580694902555,0.7274575109623458,4.272214313007714,1.536704990416874,8.544676976895528e-10,-0.6155656181393793,-0.3876511318443626,15.061705002153758
20.448,9.371720650658063e-10,-0.5982968946777562,0.09049219460439537,8.046429496820415e-09,-3.663349750121556,-2.44028871723611,1.5278226107859283,-1.366750513950576e-08,6.55052018823529e-09,-1.1088621275227195,2.9518464780773453e-08,7.98178265303725e-08,0.0,0.05,0.5,0.0,0.0,0.0,0.05,-0.03,4.6988292691515446e-08,0.0,57.20875212835107,57.20875265175592,56.874581204982256,56.874580681577406,0.7668021298410341,4.401720165479119,1.5278226107859283,9.371720650658063e-10,-0.6482968946777562,-0.4095078053956046,14.95488100044895
20.456,1.025355650633761e-09,-0.6319225625824323,0.06807636728204823,8.641733236655443e-09,-3.771321497714241,-2.512626656847628,1.5177307637131883,-1.4309957824465518e-08,6.823956578619248e-09,-1.2598525261785891,3.0246372981466543e-08,8.174935982223294e-08,0.0,0.05,0.5,0.0,0.0,0.0,0.05,-0.03,4.9415922389384095e-08,0.0,57.20875211483033,57.20875266527667,56.874581218503,56.87458066805666,0.8072028282032115,4.531683854355119,1.5177307637131883,1.025355650633761e-09,-0.6819225625824323,-0.43192363271795176,14.650308003183454
20.464000000000002,1.1191582145830084e-09,-0.6664500668483296,0.04511204703359012,9.258450688054757e-09,-3.8802448048185383,-2.5842093316893635,1.5064251349232798,-1.496460696345969e-08,7.111003968926939e-09,-1.4113824472511751,3.097704885957036e-08,8.368823207650761e-08,0.0,0.05,0.5,0.0,0.0,0.0,0.05,-0.03,5.187707607117642e-08,0.0,57.208752101122876,57.208752678984126,56.87458123221046,56.87458065434921,0.848659971979913,4.662020765216694,1.50642513492328,1.1191582145830084e-09,-0.7164500668483297,-0.4548879529664099,14.936356004909612
20.472,1.2187025308372768e-09,-0.701886706451093,0.021611219373036464,9.895368456800789e-09,-3.990111833924012,-2.6548881568653973,1.4939014167341798,-1.5630923342225982e-08,7.4127902928276295e-09,-1.5634511897354366,3.1710491255527915e-08,8.563443381065195e-08,0.0,0.05,0.5,0.0,0.0,0.0,0.05,-0.03,5.437021265029138e-08,0.0,57.20875208723729,57.20875269286971,56.874581246096035,56.87458064046363,0.8911730722859759,4.79264265021758,1.4939014167341798,1.2187025308372768e-09,-0.751886706451093,-0.47838878062696355,14.793185000598896
20.48,1.3240918433707987e-09,-0.7382395896541033,-0.002412772375188981,1.055102757877897e-08,-4.100911547214568,-2.7245103191980204,1.4801553080691867,-1.6308315580906406e-08,7.730486859677902e-09,-1.7160580535371546,3.2446696684777495e-08,8.758795164259629e-08,0.0,0.05,0.5,0.0,0.0,0.0,0.05,-0.03,5.6893847763964526e-08,0.0,57.20875207318184,57.20875270692516,56.874581260151494,56.874580626408175,0.9347407365381016,4.923457321587573,1.480155308069187,1.3240918433707987e-09,-0.7882395896541033,-0.502412772375189,14.902007998898625
20.488,1.3989970438718445e-09,-0.764779842550988,0.009460746181997229,1.0313452075549528e-08,-3.944235560193844,-1.8827702914287285,2.6517656899748836,-1.0900187272894003e-08,-1.0236796704324613e-08,165.6587944407309,-2.753495439596945e-06,5.66167724869481e-07,0.0,0.05,0.5,0.0,0.0,0.0,0.05,-0.03,2.885959716465253e-06,0.0,57.20873631663127,57.208768463475735,56.87459701670206,56.8745648698576,0.9510493948075125,4.370562678258289,2.6517656899748836,1.3989970438718445e-09,-0.814779842550988,-0.4905392538180028,15.171566999924835
20.496,1.478528468493741e-09,-0.7917483655382911,0.019823061142057112,1.0239047275987253e-08,-3.829601522837728,-1.2471583591414572,-2.4618760693416317,7.738986195393616e-09,-1.2269577694830172e-08,165.28744319815377,-2.7491329695393657e-06,5.675165810238021e-07,0.0,0.05,0.5,0.0,0.0,0.0,0.05,-0.03,2.754050943357025e-06,0.0,57.20873705130037,57.208767728806635,56.87459628203297,56.8745656045267,0.9690769853305614,4.0275615198898524,2.4618760693416317,1.478528468493741e-09,-0.8417483655382911,-0.4801769388579429,14.900235997629352
20.504,1.5596378271412543e-09,-0.8180577476268062,0.028771854842358585,1.021897178697696e-08,-3.72141577048284,-0.7740068448057037,-1.2944035995404874,1.6913295248342495e-08,4.066378571741214e-09,164.91583874945994,-2.7447724539701813e-06,5.68873530949078e-07,0.0,0.05,0.5,0.0,0.0,0.0,0.05,-0.03,2.6867615196868867e-06,0.0,57.20873742607043,57.208767354036574,56.8745959072629,56.87456597929676,0.9877146440159907,3.801055370894309,1.2944035995404877,1.5596378271412543e-09,-0.8680577476268062,-0.47122814515764144,14.772151997021865
20.512,1.6413467385010003e-09,-0.8433687624213445,0.037354674626510834,1.0217900213575444e-08,-3.6099079862498007,-0.4046349812407331,-0.12900645716628284,5.524462622562358e-09,1.8925951441417116e-08,164.5439814236419,-2.740413884161692e-06,5.702385662990724e-07,0.0,0.05,0.5,0.0,0.0,0.0,0.05,-0.03,2.7600468093598286e-06,0.0,57.208737017906245,57.20876776220076,56.874596315427084,56.87456557113258,1.006055884511485,3.632514987888389,0.12900645716628437,1.6413467385010003e-09,-0.8933687624213446,-0.4626453253734892,14.89192400185857
20.52,1.7260285494410613e-09,-0.8685167489999068,0.04630169804728379,1.0291365444362111e-08,-3.516626053463968,-0.10003239947323797,1.0343111030889873,-1.261726397591853e-08,1.4357390647500302e-08,164.17187154926444,-2.7360572629018327e-06,5.716116673716667e-07,0.0,0.05,0.5,0.0,0.0,0.0,0.05,-0.03,2.8793681069774587e-06,0.0,57.2087363533434,57.208768426763605,56.87459697998994,56.87456490656973,1.0244584751897639,3.518048504618141,1.0343111030889875,1.7260285494410613e-09,-0.9185167489999069,-0.4536983019527162,14.95755799987819
20.528,1.8166156155107943e-09,-0.894509642481514,0.05513112108077306,1.0497769007233263e-08,-3.4631231798114253,0.14070965625866566,2.19554482122539,-1.5644084722943664e-08,-4.090224496820807e-09,163.7995094544657,-2.7317025858579567e-06,5.729928358935343e-07,0.0,0.05,0.5,0.0,0.0,0.0,0.05,-0.03,2.895083965815969e-06,0.0,57.20873626581354,57.20876851429346,56.87459706751979,56.874564819039875,1.0440338999148482,3.465980577832431,2.19554482122539,1.8166156155107943e-09,-0.944509642481514,-0.44486887891922694,15.021407001768239
20.536,1.9130953262635962e-09,-0.9213046063117745,0.06271850379298834,1.0810207974605855e-08,-3.4403726396054286,0.30225229281225113,-2.9284948752252418,4.2117164787457535e-11,-1.4234284687768424e-08,163.42689546695726,-2.727349849092914e-06,5.743820628177533e-07,0.0,0.05,0.5,0.0,0.0,0.0,0.05,-0.03,2.7826405231655716e-06,0.0,57.20873689207001,57.208767888036995,56.87459644126332,56.87456544529634,1.065198453419603,3.453624233737059,2.9284948752252418,1.9130953262635962e-09,-0.9713046063117745,-0.4372814962070117,14.949798001907766
20.544,2.0125376847157523e-09,-0.9478448063412859,0.06865170895557907,1.113422534098886e-08,-3.4158031124222017,0.3901319633145855,-1.7714416424613482,1.562277497477874e-08,-3.953948453597693e-09,163.05402991402494,-2.7229990565400542e-06,5.757793265909397e-07,0.0,0.05,0.5,0.0,0.0,0.0,0.05,-0.03,2.670895452809286e-06,0.0,57.20873751443687,57.20876726567013,56.87459581889646,56.8745660676632,1.087085831813303,3.4380101587448655,1.7714416424613482,2.0125376847157523e-09,-0.9978448063412859,-0.43134829104442096,14.720410996233113
20.552,2.1126495286529106e-09,-0.9733220202248596,0.0737401862582156,1.1410176371220323e-08,-3.3695728370271745,0.43931750321759583,-0.6164850634692699,1.251056657718913e-08,1.4437361494204951e-08,162.6809131225294,-2.7186502020527387e-06,5.771846221253157e-07,0.0,0.05,0.5,0.0,0.0,0.0,0.05,-0.03,2.6870600726305335e-06,0.0,57.20873742440763,57.20876735569937,56.874595908925706,56.87456597763396,1.108551029898159,3.3980907834642533,0.6164850634692702,2.1126495286529106e-09,-1.0233220202248596,-0.4262598137417844,14.636874999268912
20.56,2.2146016528536928e-09,-0.9981537578269658,0.07905839473897305,1.1676944201996092e-08,-3.316451709674464,0.48440921459302766,0.5363705807152864,-5.5485788031866235e-09,1.9050158155814198e-08,162.30754541890656,-2.7143032822561756e-06,5.785979386602613e-07,0.0,0.05,0.5,0.0,0.0,0.0,0.05,-0.03,2.8054467626624427e-06,0.0,57.208736765050105,57.2087680150569,56.87459656828322,56.87456531827644,1.1295211972718882,3.3516420199337085,0.5363705807152869,2.2146016528536928e-09,-1.0481537578269657,-0.420941605261027,15.032070994493552
20.568,2.321728557169438e-09,-1.0234994086002436,0.08466055967710044,1.2019727969489617e-08,-3.286802637071304,0.52758149512756,1.687121003848139,-1.711309409954854e-08,4.45023670171974e-09,161.9339271291682,-2.7099582945721373e-06,5.800192685352866e-07,0.0,0.05,0.5,0.0,0.0,0.0,0.05,-0.03,2.879278602826144e-06,0.0,57.20873635384189,57.20876842626511,56.87459697949144,56.87456490706822,1.1510464069501334,3.3288757575283445,1.687121003848139,2.321728557169438e-09,-1.0734994086002436,-0.41533944032289954,15.07562900224002
20.576,2.435625421602221e-09,-1.0498833238042695,0.08950243403926174,1.2463203986411584e-08,-3.289039989757765,0.5431120551560938,2.8357619144974167,-8.535939044918248e-09,-1.2066840007286575e-08,161.56005857890258,-2.7056152360792765e-06,5.814485922845144e-07,0.0,0.05,0.5,0.0,0.0,0.0,0.05,-0.03,2.8151908820626986e-06,0.0,57.20873671078,57.208768069327,56.874596622553334,56.874565264006335,1.1739895986091267,3.3335798713517626,2.8357619144974167,2.435625421602221e-09,-1.0998833238042696,-0.4104975659607383,15.040171005239245
20.584,2.5542785507671285e-09,-1.0765606036949464,0.09267245935765255,1.2936891418252277e-08,-3.2981639890732084,0.513740277084654,-2.3008962911149538,1.0033550501473503e-08,-1.104617316185468e-08,161.1859400932748,-2.7012741059572767e-06,5.82885909359484e-07,0.0,0.05,0.5,0.0,0.0,0.0,0.05,-0.03,2.6827164954634392e-06,0.0,57.20873744859929,57.208767331507715,56.87459588473404,56.87456600182562,1.1979376107140411,3.3379357050605867,2.3008962911149538,2.5542785507671285e-09,-1.1265606036949465,-0.40732754064234744,14.925973999197595
20.592,2.6744670648691833e-09,-1.1023851027267513,0.09447822960915535,1.3354225987153524e-08,-3.2841436670537587,0.45613647795529827,-1.1564873003735205,1.6775577942347558e-08,6.271438156626061e-09,160.8115719970275,-2.6969348986403164e-06,5.843312107714476e-07,0.0,0.05,0.5,0.0,0.0,0.0,0.05,-0.03,2.6312210172045926e-06,0.0,57.2087377354046,57.208767044702405,56.87459559792873,56.87456628863093,1.2216543419672645,3.315668878578012,1.1564873003735208,2.6744670648691833e-09,-1.1523851027267513,-0.40552177039084464,14.846728001430165
20.6,2.795620840530771e-09,-1.1271619696710788,0.09609976854007624,1.3712225181261503e-08,-3.2467366072509893,0.4054476556372473,-0.014200727325158343,3.831923227496216e-09,1.9586989110476276e-08,160.43695461448144,-2.692597616382318e-06,5.857844787337751e-07,0.0,0.05,0.5,0.0,0.0,0.0,0.05,-0.03,2.7144443969792136e-06,0.0,57.20873727188997,57.20876750821702,56.874596061443356,56.874565825116306,1.2445262953482639,3.2719545226554425,0.014200727325172368,2.795620840530771e-09,-1.177161969671079,-0.40390023145992376,14.7214980024728
20.608,2.920588706833836e-09,-1.151890772748459,0.09820891273350098,1.4093976802586167e-08,-3.215609362735366,0.3770867293454222,1.1259591160613218,-1.365694497170393e-08,1.3384595181909721e-08,160.06208826953593,-2.6882622515918174e-06,5.872457081046927e-07,0.0,0.05,0.5,0.0,0.0,0.0,0.05,-0.03,2.8287005021193944e-06,0.0,57.208736635537846,57.208768144569156,56.87459669779549,56.87456518876417,1.2672716786169742,3.2376438925798765,1.125959116061322,2.920588706833836e-09,-1.2018907727484591,-0.40179108726649904,14.993390999734402
20.616,3.0523910872098434e-09,-1.1776052804161254,0.10017268181670481,1.4570240951469484e-08,-3.215350181880023,0.3507636105564391,2.2639879127377647,-1.535584409958842e-08,-5.07976674759041e-09,159.68697328566955,-2.6839288055114635e-06,5.88714880993164e-07,0.0,0.05,0.5,0.0,0.0,0.0,0.05,-0.03,2.834804833289585e-06,0.0,57.20873660153963,57.208768178567375,56.87459673179371,56.87456515476596,1.2910757564415807,3.234426054589359,2.2639879127377647,3.0523910872098434e-09,-1.2276052804161255,-0.3998273181832952,14.964545000111684
20.624,3.1907391450484073e-09,-1.2041613671376967,0.10077919116588287,1.5114894207140067e-08,-3.236182313543374,0.2957736221746043,-2.883303966580209,6.638911175206718e-10,-1.4389779470515423e-08,159.31160998594038,-2.6795972749541883e-06,5.901919980411698e-07,0.0,0.05,0.5,0.0,0.0,0.0,0.05,-0.03,2.719617991332762e-06,0.0,57.20873724307552,57.208767537031484,56.87459609025782,56.874565796301845,1.3161679182486037,3.2496704451475122,2.883303966580209,3.1907391450484073e-09,-1.2541613671376968,-0.39922080883411715,15.474268002435565
20.632,3.3323885980244883e-09,-1.230389845370821,0.09964762836529903,1.5633151690112894e-08,-3.2446578066625893,0.20832982772509695,-1.7495502346720007,1.5865947703293042e-08,-3.821161747205021e-09,158.93599869298677,-2.6752676584362303e-06,5.916770367312097e-07,0.0,0.05,0.5,0.0,0.0,0.0,0.05,-0.03,2.610068647590538e-06,0.0,57.20873785321323,57.20876692689377,56.8745954801201,56.87456640643956,1.3415215904346247,3.2513390471398784,1.7495502346720009,3.3323885980244883e-09,-1.2803898453708211,-0.40035237163470094,14.584017000743188
20.64,3.474941233684699e-09,-1.2554451450414343,0.09768388046354462,1.607033724359598e-08,-3.222108737095472,0.11757016463621192,-0.617940530866321,1.2762982012200723e-08,1.4417817991952049e-08,158.56013972902824,-2.6709399511235638e-06,5.931699961643766e-07,0.0,0.05,0.5,0.0,0.0,0.0,0.05,-0.03,2.6258375514489807e-06,0.0,57.208737765387944,57.20876701471906,56.87459556794539,56.87456631861427,1.3660326814359616,3.224253007640617,0.6179405308663213,3.474941233684699e-09,-1.3054451450414344,-0.4023161195364554,14.943372996640392
20.648,3.619701916948327e-09,-1.2797914187141304,0.0960465424976502,1.647528687646788e-08,-3.186343831493846,0.05312268256160446,0.511520807700684,-5.041523889427571e-09,1.939572365229223e-08,158.1840334158652,-2.666614149117603e-06,5.94670863935741e-07,0.0,0.05,0.5,0.0,0.0,0.0,0.05,-0.03,2.7421925673480937e-06,0.0,57.208737117345876,57.208767662761126,56.87459621598746,56.87456567057221,1.3897926511224048,3.186786631059793,0.5115208077006844,3.619701916948327e-09,-1.3297914187141304,-0.4039534575023498,14.789519998885226
20.656,3.770278741100116e-09,-1.304682570319663,0.09481048749655986,1.6944650104969446e-08,-3.17135385533346,0.011596771022021769,1.6388294389296973,-1.716595123361146e-08,5.457644081290478e-09,157.80768007488007,-2.6622902530982008e-06,5.961796280090168e-07,0.0,0.05,0.5,0.0,0.0,0.0,0.05,-0.03,2.8195830888849285e-06,0.0,57.20873668631749,57.20876809378951,56.87459664701584,56.87456523954383,1.4139814027669049,3.171375058367669,1.6388294389296976,3.770278741100116e-09,-1.354682570319663,-0.40518951250344015,14.814385998761281
20.664,3.928514360482648e-09,-1.3307265447741938,0.09286744347855583,1.7511610568537537e-08,-3.188182445629823,-0.039298683632467205,2.763981015782394,-9.817547097965108e-09,-1.1476499348559623e-08,157.4310800270378,-2.6579682573445486e-06,5.976962825171703e-07,0.0,0.05,0.5,0.0,0.0,0.0,0.05,-0.03,2.763631998142366e-06,0.0,57.20873699793845,57.20876778216855,56.874596335394884,56.874565551164785,1.4395008544713583,3.188424641285631,2.763981015782394,3.928514360482648e-09,-1.3807265447741939,-0.4071325565214442,14.90298900171183
20.672,4.092408566750213e-09,-1.3571784295026714,0.08918537207542142,1.8106643611519605e-08,-3.2118430747158717,-0.12349073198434415,-2.3962141208736627,8.615060441027845e-09,-1.2181004834354063e-08,157.05423359288633,-2.653648164640578e-06,5.992208039451854e-07,0.0,0.05,0.5,0.0,0.0,0.0,0.05,-0.03,2.6318308763278345e-06,0.0,57.20873773200797,57.208767048099034,56.87459560132536,56.8745662852343,1.4659194353628082,3.2142162182227776,2.3962141208736627,4.092408566750213e-09,-1.4071784295026715,-0.41081462792457857,14.997997001046315
20.68,4.258423381263104e-09,-1.3827763640569473,0.08399229238203489,1.863568525203843e-08,-3.209422823629664,-0.22861957792215296,-1.275389713521874,1.7257111718368893e-08,4.0998436948317905e-09,156.67714109255675,-2.6493299701788746e-06,6.007531956067307e-07,0.0,0.05,0.5,0.0,0.0,0.0,0.05,-0.03,2.567097504197603e-06,0.0,57.20873809254205,57.20876668756495,56.87459524079129,56.874566645768375,1.4919485655336113,3.217555247737684,1.275389713521874,4.258423381263104e-09,-1.4327763640569473,-0.41600770761796513,14.975657999457326
20.688,4.42556521304574e-09,-1.4071751537864767,0.0785329111389341,1.9087093996197088e-08,-3.177508002142035,-0.31938019341525714,-0.15673543104899998,6.39334763165776e-09,1.8973447179188663e-08,156.29980284576473,-2.6450136673437923e-06,6.022934438515293e-07,0.0,0.05,0.5,0.0,0.0,0.0,0.05,-0.03,2.6358866105847466e-06,0.0,57.20873770941947,57.208767070687536,56.87459562391386,56.8745662626458,1.5169027443464078,3.1935185629055973,0.15673543104900126,4.42556521304574e-09,-1.4571751537864768,-0.4214670888610659,14.895387997967191
20.696,4.596611165908611e-09,-1.4313503995858585,0.07366673287733032,1.954582401852803e-08,-3.1463875466979716,-0.3771586112722596,0.9597443599986358,-1.17249683179025e-08,1.5738158117044428e-08,155.92221917181007,-2.640699257223109e-06,6.03841540745399e-07,0.0,0.05,0.5,0.0,0.0,0.0,0.05,-0.03,2.7542648022700913e-06,0.0,57.20873705010927,57.20876772999773,56.874596283224065,56.874565603335604,1.5414795039210454,3.1689119918471857,0.9597443599986359,4.596611165908611e-09,-1.4813503995858586,-0.42633326712266967,15.766589000122622
20.704,4.77504055008425e-09,-1.456504957113819,0.06888703428706514,2.009739381921389e-08,-3.145973975557461,-0.4212193537744504,2.0740474828182833,-1.0287061650745106e-08,1.0700943411576659e-07,155.54477068165818,1.3416214019653924e-05,5.120434365251671e-07,0.0,0.05,0.5,0.0,0.0,0.0,0.05,-0.03,-1.3773467745332995e-05,0.0,57.20882910171422,57.20867567839277,56.874504231619106,56.874657654940556,1.5669765713035766,3.1740475735059457,2.074047482818286,4.77504055008425e-09,-1.5065049571138192,-0.4311129657129349,14.772763999644667
20.712,5.07504082523898e-09,-1.4827078617306078,0.06289056464348396,2.3577921934240183e-08,-3.1718517958657575,-0.48688722410910634,-3.0970114915065468,3.832892371580877e-07,-1.2144814102310933e-07,155.16781261282253,-6.688112369919509e-05,9.665166101185726e-07,0.0,0.05,0.5,0.0,0.0,0.0,0.05,-0.03,6.612483038691361e-05,0.0,57.2083841062162,57.2091206738908,56.874949227117135,56.87421265944253,1.593818699817675,3.2090034253545916,3.097011491506573,5.07504082523898e-09,-1.5327078617306078,-0.43710943535651603,14.977155995438807
20.72,4.90881152395681e-09,-1.5088217246459934,0.05504124628916898,1.4706605015337431e-08,-3.1903280095773194,-0.5857427381451811,-1.9870620633653997,-1.412272732750593e-06,-1.338628764854492e-06,154.79134432809582,0.00031862034654182966,-1.2198065152031259e-06,0.0,0.05,0.5,0.0,0.0,0.0,0.05,-0.03,-0.0003181195957825867,0.0,57.210524164812995,57.20698061529401,56.872809168520334,56.87635271803933,1.6210840390714496,3.243653397634124,1.9870620633663525,4.90881152395681e-09,-1.5588217246459934,-0.44495875371083105,14.827991995844059
20.728,6.9583271615032544e-09,-1.5337730109248462,0.04607531075506849,6.300317495091395e-08,-3.176044564632967,-0.6927425788685824,-0.8792896477209007,-2.785109230469779e-06,9.035380017420817e-06,154.41536519109803,-0.001535982555087271,9.293907205221164e-06,0.0,0.05,0.5,0.0,0.0,0.0,0.05,-0.03,0.001598878464668665,0.0,57.199847397890935,57.21765738221606,56.883485935442394,56.86567595111727,1.6475389444987516,3.250715514638602,0.8792896477717342,6.9583271615032544e-09,-1.5837730109248462,-0.4539246892449315,14.897618995746598
