sim_time,px,py,pz,vx,vy,vz,phi,theta,psi,p,q,r,ref_px,ref_py,ref_pz,ref_vx,ref_vy,ref_vz,u_thrust,u_roll,u_pitch,u_yaw,m1,m2,m3,m4,pos_error,vel_error,att_error,err_x,err_y,err_z,solve_time_ms
5.5840000000000005,0.0,0.0,0.49993181778443957,0.0,0.0,0.0033443892390270812,0.0,0.0,0.0,0.0,0.0,0.0,0.0,0.0,0.5,0.0,0.0,0.0,-0.0020645868386010013,0.0,0.0,0.0,40.67935413161399,40.67935413161399,40.67935413161399,40.67935413161399,6.818221556043058e-05,0.0033443892390270812,0.0,0.0,0.0,-6.818221556043058e-05,0.10234499859507196
5.5920000000000005,0.0,0.0,0.49995715570986043,0.0,0.0,0.003308959526743295,0.0,0.0,0.0,0.0,0.0,0.0,0.0,0.0,0.5,0.0,0.0,0.0,-0.0020564174223458576,0.0,0.0,0.0,40.679435825776544,40.679435825776544,40.679435825776544,40.679435825776544,4.2844290139565366e-05,0.003308959526743295,0.0,0.0,0.0,-4.2844290139565366e-05,0.13264600056572817
5.6000000000000005,0.0,0.0,0.49998222519320745,0.0,0.0,0.0032739047050700794,0.0,0.0,0.0,0.0,0.0,0.0,0.0,0.0,0.5,0.0,0.0,0.0,-0.002048333453201434,0.0,0.0,0.0,40.679516665467986,40.679516665467986,40.679516665467986,40.679516665467986,1.7774806792547615e-05,0.0032739047050700794,0.0,0.0,0.0,-1.7774806792547615e-05,0.07446499876095913
5.6080000000000005,0.0,0.0,0.5000070290776697,0.0,0.0,0.003239220875612147,0.0,0.0,0.0,0.0,0.0,0.0,0.0,0.0,0.5,0.0,0.0,0.0,-0.0020403341958945553,0.0,0.0,0.0,40.679596658041056,40.679596658041056,40.679596658041056,40.679596658041056,7.029077669695738e-06,0.003239220875612147,0.0,0.0,0.0,7.029077669695738e-06,0.0630470021860674
5.6160000000000005,0.0,0.0,0.500031570176608,0.0,0.0,0.003204904173948381,0.0,0.0,0.0,0.0,0.0,0.0,0.0,0.0,0.5,0.0,0.0,0.0,-0.002032418906636968,0.0,0.0,0.0,40.67967581093363,40.67967581093363,40.67967581093363,40.67967581093363,3.157017660804229e-05,0.003204904173948381,0.0,0.0,0.0,3.157017660804229e-05,0.05662100011250004
5.6240000000000006,0.0,0.0,0.5000558512738236,0.0,0.0,0.003170950769546912,0.0,0.0,0.0,0.0,0.0,0.0,0.0,0.0,0.5,0.0,0.0,0.0,-0.002024586833711095,0.0,0.0,0.0,40.67975413166289,40.67975413166289,40.67975413166289,40.67975413166289,5.585127382357058e-05,0.003170950769546912,0.0,0.0,0.0,5.585127382357058e-05,0.08935799996834248
5.632,0.0,0.0,0.5000798751238275,0.0,0.0,0.0031373568657347144,0.0,0.0,0.0,0.0,0.0,0.0,0.0,0.0,0.5,0.0,0.0,0.0,-0.0020168372181911254,0.0,0.0,0.0,40.67983162781809,40.67983162781809,40.67983162781809,40.67983162781809,7.987512382745532e-05,0.0031373568657347144,0.0,0.0,0.0,7.987512382745532e-05,0.10885200026677921
5.64,0.0,0.0,0.5001036444521133,0.0,0.0,0.0031041186997340154,0.0,0.0,0.0,0.0,0.0,0.0,0.0,0.0,0.5,0.0,0.0,0.0,-0.0020091692948265294,0.0,0.0,0.0,40.67990830705174,40.67990830705174,40.67990830705174,40.67990830705174,0.00010364445211330509,0.0031041186997340154,0.0,0.0,0.0,0.00010364445211330509,0.11221399836358614
5.648,0.0,0.0,0.5001271619554306,0.0,0.0,0.0030712325427198414,0.0,0.0,0.0,0.0,0.0,0.0,0.0,0.0,0.5,0.0,0.0,0.0,-0.002001582292987525,0.0,0.0,0.0,40.679984177070125,40.679984177070125,40.679984177070125,40.679984177070125,0.00012716195543061026,0.0030712325427198414,0.0,0.0,0.0,0.00012716195543061026,0.05848200089531019
5.656,0.0,0.0,0.5001504303020599,0.0,0.0,0.003038694699907024,0.0,0.0,0.0,0.0,0.0,0.0,0.0,0.0,0.5,0.0,0.0,0.0,-0.001994075437675158,0.0,0.0,0.0,40.68005924562325,40.68005924562325,40.68005924562325,40.68005924562325,0.0001504303020598563,0.003038694699907024,0.0,0.0,0.0,0.0001504303020598563,0.05241699909674935
5.664,0.0,0.0,0.5001734521320885,0.0,0.0,0.0030065015106423404,0.0,0.0,0.0,0.0,0.0,0.0,0.0,0.0,0.5,0.0,0.0,0.0,-0.0019866479505500356,0.0,0.0,0.0,40.6801335204945,40.6801335204945,40.6801335204945,40.6801335204945,0.00017345213208852517,0.0030065015106423404,0.0,0.0,0.0,0.00017345213208852517,0.049546000809641555
5.672,0.0,0.0,0.5001962300576877,0.0,0.0,0.00297464934849204,0.0,0.0,0.0,0.0,0.0,0.0,0.0,0.0,0.5,0.0,0.0,0.0,-0.0019792990509599484,0.0,0.0,0.0,40.6802070094904,40.6802070094904,40.6802070094904,40.6802070094904,0.0001962300576876519,0.00297464934849204,0.0,0.0,0.0,0.0001962300576876519,0.05040700125391595
5.68,0.0,0.0,0.5002187666633892,0.0,0.0,0.0029431346213312916,0.0,0.0,0.0,0.0,0.0,0.0,0.0,0.0,0.5,0.0,0.0,0.0,-0.0019720279569682697,0.0,0.0,0.0,40.68027972043032,40.68027972043032,40.68027972043032,40.68027972043032,0.0002187666633891583,0.0029431346213312916,0.0,0.0,0.0,0.0002187666633891583,0.0508740013174247
5.688,0.0,0.0,0.5002410645063624,0.0,0.0,0.0029119537713963133,0.0,0.0,0.0,0.0,0.0,0.0,0.0,0.0,0.5,0.0,0.0,0.0,-0.001964833886289541,0.0,0.0,0.0,40.68035166113711,40.68035166113711,40.68035166113711,40.68035166113711,0.0002410645063624095,0.0029119537713963133,0.0,0.0,0.0,0.0002410645063624095,0.051023002015426755
5.696,0.0,0.0,0.5002631261166915,0.0,0.0,0.002881103275345506,0.0,0.0,0.0,0.0,0.0,0.0,0.0,0.0,0.5,0.0,0.0,0.0,-0.0019577160572566976,0.0,0.0,0.0,40.680422839427436,40.680422839427436,40.680422839427436,40.680422839427436,0.00026312611669154773,0.002881103275345506,0.0,0.0,0.0,0.00026312611669154773,0.051420000090729445
5.704,0.0,0.0,0.5002849539976514,0.0,0.0,0.002850579644272277,0.0,0.0,0.0,0.0,0.0,0.0,0.0,0.0,0.5,0.0,0.0,0.0,-0.0019506736896666155,0.0,0.0,0.0,40.68049326310334,40.68049326310334,40.68049326310334,40.68049326310334,0.00028495399765138263,0.002850579644272277,0.0,0.0,0.0,0.00028495399765138263,0.07806999929016456
5.712,0.0,0.0,0.500306550625983,0.0,0.0,0.0028203794237069727,0.0,0.0,0.0,0.0,0.0,0.0,0.0,0.0,0.5,0.0,0.0,0.0,-0.0019437060056012312,0.0,0.0,0.0,40.68056293994399,40.68056293994399,40.68056293994399,40.68056293994399,0.0003065506259829487,0.0028203794237069727,0.0,0.0,0.0,0.0003065506259829487,0.05755599704571068
5.72,0.0,0.0,0.500327918452168,0.0,0.0,0.002790499193590669,0.0,0.0,0.0,0.0,0.0,0.0,0.0,0.0,0.5,0.0,0.0,0.0,-0.0019368122301796076,0.0,0.0,0.0,40.680631877698204,40.680631877698204,40.680631877698204,40.680631877698204,0.00032791845216795235,0.002790499193590669,0.0,0.0,0.0,0.00032791845216795235,0.06407799810403958
5.728,0.0,0.0,0.500349059900702,0.0,0.0,0.0027609355682236734,0.0,0.0,0.0,0.0,0.0,0.0,0.0,0.0,0.5,0.0,0.0,0.0,-0.0019299915922406097,0.0,0.0,0.0,40.6807000840776,40.6807000840776,40.6807000840776,40.6807000840776,0.0003490599007019979,0.0027609355682236734,0.0,0.0,0.0,0.0003490599007019979,0.056699002016102895
5.736,0.0,0.0,0.5003699773703658,0.0,0.0,0.002731685196174364,0.0,0.0,0.0,0.0,0.0,0.0,0.0,0.0,0.5,0.0,0.0,0.0,-0.0019232433249435354,0.0,0.0,0.0,40.68076756675057,40.68076756675057,40.68076756675057,40.68076756675057,0.0003699773703658149,0.002731685196174364,0.0,0.0,0.0,0.0003699773703658149,0.05014899943489581
5.744,0.0,0.0,0.5003906732344956,0.0,0.0,0.0027027447601840593,0.0,0.0,0.0,0.0,0.0,0.0,0.0,0.0,0.5,0.0,0.0,0.0,-0.0019165666663311098,0.0,0.0,0.0,40.68083433333669,40.68083433333669,40.68083433333669,40.68083433333669,0.00039067323449559765,0.0027027447601840593,0.0,0.0,0.0,0.00039067323449559765,0.05685599899152294
5.752,0.0,0.0,0.5004111498412509,0.0,0.0,0.002674110977029851,0.0,0.0,0.0,0.0,0.0,0.0,0.0,0.0,0.5,0.0,0.0,0.0,-0.0019099608598149853,0.0,0.0,0.0,40.680900391401856,40.680900391401856,40.680900391401856,40.680900391401856,0.0004111498412509018,0.002674110977029851,0.0,0.0,0.0,0.0004111498412509018,0.05285299994284287
5.76,0.0,0.0,0.5004314095138805,0.0,0.0,0.0026457805973649088,0.0,0.0,0.0,0.0,0.0,0.0,0.0,0.0,0.5,0.0,0.0,0.0,-0.001903425154579863,0.0,0.0,0.0,40.680965748454206,40.680965748454206,40.680965748454206,40.680965748454206,0.00043140951388054294,0.0026457805973649088,0.0,0.0,0.0,0.00043140951388054294,0.06891099837957881
5.768,0.0,0.0,0.5004514545509868,0.0,0.0,0.002617750405549091,0.0,0.0,0.0,0.0,0.0,0.0,0.0,0.0,0.5,0.0,0.0,0.0,-0.001896958805972515,0.0,0.0,0.0,40.68103041194028,40.68103041194028,40.68103041194028,40.68103041194028,0.0004514545509868295,0.002617750405549091,0.0,0.0,0.0,0.0004514545509868295,0.09766700168256648
5.776,0.0,0.0,0.500471287226787,0.0,0.0,0.002590017219444047,0.0,0.0,0.0,0.0,0.0,0.0,0.0,0.0,0.5,0.0,0.0,0.0,-0.0018905610757948832,0.0,0.0,0.0,40.681094389242055,40.681094389242055,40.681094389242055,40.681094389242055,0.0004712872267870205,0.002590017219444047,0.0,0.0,0.0,0.0004712872267870205,0.08195599730242975
5.784,0.0,0.0,0.5004909097913729,0.0,0.0,0.0025625778902021116,0.0,0.0,0.0,0.0,0.0,0.0,0.0,0.0,0.5,0.0,0.0,0.0,-0.001884231232578193,0.0,0.0,0.0,40.68115768767422,40.68115768767422,40.68115768767422,40.68115768767422,0.0004909097913728955,0.0025625778902021116,0.0,0.0,0.0,0.0004909097913728955,0.08920000254875049
5.792,0.0,0.0,0.5005103244709677,0.0,0.0,0.002535429302030807,0.0,0.0,0.0,0.0,0.0,0.0,0.0,0.0,0.5,0.0,0.0,0.0,-0.0018779685517906763,0.0,0.0,0.0,40.6812203144821,40.6812203144821,40.6812203144821,40.6812203144821,0.0005103244709676602,0.002535429302030807,0.0,0.0,0.0,0.0005103244709676602,0.1177890007966198
5.8,0.0,0.0,0.5005295334681802,0.0,0.0,0.0025085683719378343,0.0,0.0,0.0,0.0,0.0,0.0,0.0,0.0,0.5,0.0,0.0,0.0,-0.0018717723159940025,0.0,0.0,0.0,40.681282276840065,40.681282276840065,40.681282276840065,40.681282276840065,0.0005295334681801878,0.0025085683719378343,0.0,0.0,0.0,0.0005295334681801878,0.18566599828773178
5.808,0.0,0.0,0.5005485389622575,0.0,0.0,0.002481992049482654,0.0,0.0,0.0,0.0,0.0,0.0,0.0,0.0,0.5,0.0,0.0,0.0,-0.0018656418150028165,0.0,0.0,0.0,40.68134358184997,40.68134358184997,40.68134358184997,40.68134358184997,0.0005485389622574832,0.002481992049482654,0.0,0.0,0.0,0.0005485389622574832,0.1491410002927296
5.816,0.0,0.0,0.5005673431093335,0.0,0.0,0.002455697316486158,0.0,0.0,0.0,0.0,0.0,0.0,0.0,0.0,0.5,0.0,0.0,0.0,-0.0018595763459491321,0.0,0.0,0.0,40.68140423654051,40.68140423654051,40.68140423654051,40.68140423654051,0.0005673431093334846,0.002455697316486158,0.0,0.0,0.0,0.0005673431093334846,0.07531699884566478
5.824,0.0,0.0,0.5005859480426765,0.0,0.0,0.0024296811867651046,0.0,0.0,0.0,0.0,0.0,0.0,0.0,0.0,0.5,0.0,0.0,0.0,-0.0018535752133841399,0.0,0.0,0.0,40.68146424786616,40.68146424786616,40.68146424786616,40.68146424786616,0.0005859480426765318,0.0024296811867651046,0.0,0.0,0.0,0.0005859480426765318,0.05972299913992174
5.832,0.0,0.0,0.500604355872933,0.0,0.0,0.0024039407058225144,0.0,0.0,0.0,0.0,0.0,0.0,0.0,0.0,0.5,0.0,0.0,0.0,-0.0018476377292797608,0.0,0.0,0.0,40.6815236227072,40.6815236227072,40.6815236227072,40.6815236227072,0.000604355872932949,0.0024039407058225144,0.0,0.0,0.0,0.000604355872932949,0.05501499981619418
5.84,0.0,0.0,0.5006225686883693,0.0,0.0,0.0023784729505666865,0.0,0.0,0.0,0.0,0.0,0.0,0.0,0.0,0.5,0.0,0.0,0.0,-0.0018417632130776074,0.0,0.0,0.0,40.681582367869225,40.681582367869225,40.681582367869225,40.681582367869225,0.000622568688369296,0.0023784729505666865,0.0,0.0,0.0,0.000622568688369296,0.059629001043504104
5.848,0.0,0.0,0.5006405885551107,0.0,0.0,0.0023532750289892647,0.0,0.0,0.0,0.0,0.0,0.0,0.0,0.0,0.5,0.0,0.0,0.0,-0.0018359509916494599,0.0,0.0,0.0,40.68164049008351,40.68164049008351,40.68164049008351,40.68164049008351,0.0006405885551107326,0.0023532750289892647,0.0,0.0,0.0,0.0006405885551107326,0.08159800199791789
5.856,0.0,0.0,0.5006584175173778,0.0,0.0,0.0023283440798688325,0.0,0.0,0.0,0.0,0.0,0.0,0.0,0.0,0.5,0.0,0.0,0.0,-0.0018302003992967109,0.0,0.0,0.0,40.68169799600704,40.68169799600704,40.68169799600704,40.68169799600704,0.0006584175173778295,0.0023283440798688325,0.0,0.0,0.0,0.0006584175173778295,0.07564699990325607
5.864,0.0,0.0,0.5006760575977204,0.0,0.0,0.0023036772724588503,0.0,0.0,0.0,0.0,0.0,0.0,0.0,0.0,0.5,0.0,0.0,0.0,-0.001824510777713173,0.0,0.0,0.0,40.68175489222287,40.68175489222287,40.68175489222287,40.68175489222287,0.0006760575977203809,0.0023036772724588503,0.0,0.0,0.0,0.0006760575977203809,0.054181000450626016
5.872,0.0,0.0,0.5006935107972484,0.0,0.0,0.0022792718061686135,0.0,0.0,0.0,0.0,0.0,0.0,0.0,0.0,0.5,0.0,0.0,0.0,-0.0018188814759163563,0.0,0.0,0.0,40.68181118524084,40.68181118524084,40.68181118524084,40.68181118524084,0.0006935107972484422,0.0022792718061686135,0.0,0.0,0.0,0.0006935107972484422,0.05236099968897179
5.88,0.0,0.0,0.5007107790958609,0.0,0.0,0.0022551249102469605,0.0,0.0,0.0,0.0,0.0,0.0,0.0,0.0,0.5,0.0,0.0,0.0,-0.0018133118501874046,0.0,0.0,0.0,40.68186688149813,40.68186688149813,40.68186688149813,40.68186688149813,0.000710779095860925,0.0022551249102469605,0.0,0.0,0.0,0.000710779095860925,0.052199000492691994
5.888,0.0,0.0,0.500727864452472,0.0,0.0,0.002231233843473725,0.0,0.0,0.0,0.0,0.0,0.0,0.0,0.0,0.5,0.0,0.0,0.0,-0.0018078012640122543,0.0,0.0,0.0,40.68192198735988,40.68192198735988,40.68192198735988,40.68192198735988,0.0007278644524719713,0.002231233843473725,0.0,0.0,0.0,0.0007278644524719713,0.050696002290351316
5.896,0.0,0.0,0.5007447688052343,0.0,0.0,0.0022075958938379578,0.0,0.0,0.0,0.0,0.0,0.0,0.0,0.0,0.5,0.0,0.0,0.0,-0.0018023490879912618,0.0,0.0,0.0,40.68197650912009,40.68197650912009,40.68197650912009,40.68197650912009,0.0007447688052343304,0.0022075958938379578,0.0,0.0,0.0,0.0007447688052343304,0.051716000598389655
5.904,0.0,0.0,0.5007614940717606,0.0,0.0,0.002184208378227772,0.0,0.0,0.0,0.0,0.0,0.0,0.0,0.0,0.5,0.0,0.0,0.0,-0.0017969546997661512,0.0,0.0,0.0,40.68203045300234,40.68203045300234,40.68203045300234,40.68203045300234,0.0007614940717606267,0.002184208378227772,0.0,0.0,0.0,0.0007614940717606267,0.052008999773534015
5.912,0.0,0.0,0.500778042149342,0.0,0.0,0.0021610686421156015,0.0,0.0,0.0,0.0,0.0,0.0,0.0,0.0,0.5,0.0,0.0,0.0,-0.00179161748392076,0.0,0.0,0.0,40.682083825160795,40.682083825160795,40.682083825160795,40.682083825160795,0.000778042149341962,0.0021610686421156015,0.0,0.0,0.0,0.000778042149341962,0.05196499841986224
5.92,0.0,0.0,0.5007944149151642,0.0,0.0,0.002138174059248123,0.0,0.0,0.0,0.0,0.0,0.0,0.0,0.0,0.5,0.0,0.0,0.0,-0.0017863368319086526,0.0,0.0,0.0,40.68213663168092,40.68213663168092,40.68213663168092,40.68213663168092,0.0007944149151641877,0.002138174059248123,0.0,0.0,0.0,0.0007944149151641877,0.05712200072593987
5.928,0.0,0.0,0.5008106142265217,0.0,0.0,0.0021155220313371324,0.0,0.0,0.0,0.0,0.0,0.0,0.0,0.0,0.5,0.0,0.0,0.0,-0.0017811121419472054,0.0,0.0,0.0,40.68218887858053,40.68218887858053,40.68218887858053,40.68218887858053,0.0008106142265217331,0.0021155220313371324,0.0,0.0,0.0,0.0008106142265217331,0.07385400022030808
5.936,0.0,0.0,0.500826641921029,0.0,0.0,0.0020931099877511817,0.0,0.0,0.0,0.0,0.0,0.0,0.0,0.0,0.5,0.0,0.0,0.0,-0.0017759428189232374,0.0,0.0,0.0,40.68224057181077,40.68224057181077,40.68224057181077,40.68224057181077,0.0008266419210289921,0.0020931099877511817,0.0,0.0,0.0,0.0008266419210289921,0.05793899981654249
5.944,0.0,0.0,0.5008424998168297,0.0,0.0,0.00207093538521893,0.0,0.0,0.0,0.0,0.0,0.0,0.0,0.0,0.5,0.0,0.0,0.0,-0.0017708282743181814,0.0,0.0,0.0,40.682291717256824,40.682291717256824,40.682291717256824,40.682291717256824,0.0008424998168297115,0.00207093538521893,0.0,0.0,0.0,0.0008424998168297115,0.06376099918270484
5.952,0.0,0.0,0.5008581897128034,0.0,0.0,0.0020489957075168824,0.0,0.0,0.0,0.0,0.0,0.0,0.0,0.0,0.5,0.0,0.0,0.0,-0.0017657679260860704,0.0,0.0,0.0,40.68234232073914,40.68234232073914,40.68234232073914,40.68234232073914,0.0008581897128033811,0.0020489957075168824,0.0,0.0,0.0,0.0008581897128033811,0.0518060005560983
5.96,0.0,0.0,0.5008737133887704,0.0,0.0,0.002027288465189052,0.0,0.0,0.0,0.0,0.0,0.0,0.0,0.0,0.5,0.0,0.0,0.0,-0.0017607611986013572,0.0,0.0,0.0,40.68239238801399,40.68239238801399,40.68239238801399,40.68239238801399,0.0008737133887704029,0.002027288465189052,0.0,0.0,0.0,0.0008737133887704029,0.05090299964649603
5.968,0.0,0.0,0.5008890726056938,0.0,0.0,0.0020058111952366473,0.0,0.0,0.0,0.0,0.0,0.0,0.0,0.0,0.5,0.0,0.0,0.0,-0.0017558075225272418,0.0,0.0,0.0,40.68244192477473,40.68244192477473,40.68244192477473,40.68244192477473,0.0008890726056938192,0.0020058111952366473,0.0,0.0,0.0,0.0008890726056938192,0.08632800017949194
5.976,0.0,0.0,0.50090426910588,0.0,0.0,0.0019845614608448394,0.0,0.0,0.0,0.0,0.0,0.0,0.0,0.0,0.5,0.0,0.0,0.0,-0.0017509063347699305,0.0,0.0,0.0,40.6824909366523,40.6824909366523,40.6824909366523,40.6824909366523,0.0009042691058800401,0.0019845614608448394,0.0,0.0,0.0,0.0009042691058800401,0.08553000225219876
5.984,0.0,0.0,0.5009193046131762,0.0,0.0,0.001963536851080912,0.0,0.0,0.0,0.0,0.0,0.0,0.0,0.0,0.5,0.0,0.0,0.0,-0.0017460570783537355,0.0,0.0,0.0,40.68253942921647,40.68253942921647,40.68253942921647,40.68253942921647,0.0009193046131762417,0.001963536851080912,0.0,0.0,0.0,0.0009193046131762417,0.06462999954237603
5.992,0.0,0.0,0.5009341808331664,0.0,0.0,0.0019427349806194726,0.0,0.0,0.0,0.0,0.0,0.0,0.0,0.0,0.5,0.0,0.0,0.0,-0.001741259202356904,0.0,0.0,0.0,40.682587407976435,40.682587407976435,40.682587407976435,40.682587407976435,0.0009341808331664314,0.0019427349806194726,0.0,0.0,0.0,0.0009341808331664314,0.05806199988001026
6.0,0.0,0.0,0.5009488994533653,0.0,0.0,0.0019221534894671125,0.0,0.0,0.0,0.0,0.0,0.0,0.0,0.0,0.5,0.0,0.0,0.0,-0.0017365121618381218,0.0,0.0,0.0,40.68263487838162,40.68263487838162,40.68263487838162,40.68263487838162,0.0009488994533652928,0.0019221534894671125,0.0,0.0,0.0,0.0009488994533652928,0.05387599958339706
6.008,0.0,0.0,0.5009634621434094,0.0,0.0,0.0019017900426755194,0.0,0.0,0.0,0.0,0.0,0.0,0.0,0.0,0.5,0.0,0.0,0.0,-0.0017318154177285994,0.0,0.0,0.0,40.682681845822714,40.682681845822714,40.682681845822714,40.682681845822714,0.000963462143409366,0.0019017900426755194,0.0,0.0,0.0,0.000963462143409366,0.09470400254940614
6.016,0.0,0.0,0.5009778705552468,0.0,0.0,0.0018816423300758857,0.0,0.0,0.0,0.0,0.0,0.0,0.0,0.0,0.5,0.0,0.0,0.0,-0.0017263329921398674,0.0,0.0,0.0,40.682736670078604,40.682736670078604,40.682736670078604,40.682736670078604,0.0009778705552467848,0.0018816423300758857,0.0,0.0,0.0,0.0009778705552467848,0.11412299863877706
6.024,0.0,0.0,0.5009921265811315,0.0,0.0,0.0018617145111775475,0.0,0.0,0.0,0.0,0.0,0.0,0.0,0.0,0.5,0.0,0.0,0.0,-0.001722317738939605,0.0,0.0,0.0,40.682776822610606,40.682776822610606,40.682776822610606,40.682776822610606,0.0009921265811314584,0.0018617145111775475,0.0,0.0,0.0,0.0009921265811314584,0.12139300088165328
6.032,0.0,0.0,0.5010062316581113,0.0,0.0,0.0018419985334383732,0.0,0.0,0.0,0.0,0.0,0.0,0.0,0.0,0.5,0.0,0.0,0.0,-0.0017179844908741249,0.0,0.0,0.0,40.682820155091264,40.682820155091264,40.682820155091264,40.682820155091264,0.0010062316581113118,0.0018419985334383732,0.0,0.0,0.0,0.0010062316581113118,0.17621799997868948
6.04,0.0,0.0,0.5010201873194975,0.0,0.0,0.0018224903614051482,0.0,0.0,0.0,0.0,0.0,0.0,0.0,0.0,0.5,0.0,0.0,0.0,-0.0017127237567504672,0.0,0.0,0.0,40.682872762432496,40.682872762432496,40.682872762432496,40.682872762432496,0.0010201873194974898,0.0018224903614051482,0.0,0.0,0.0,0.0010201873194974898,0.09056600174517371
6.048,0.0,0.0,0.5010339953828203,0.0,0.0,0.0018031938721953936,0.0,0.0,0.0,0.0,0.0,0.0,0.0,0.0,0.5,0.0,0.0,0.0,-0.0017088741123887363,0.0,0.0,0.0,40.68291125887612,40.68291125887612,40.68291125887612,40.68291125887612,0.0010339953828203408,0.0018031938721953936,0.0,0.0,0.0,0.0010339953828203408,0.0892489988473244
6.056,0.0,0.0,0.5010476572278062,0.0,0.0,0.001784101222402745,0.0,0.0,0.0,0.0,0.0,0.0,0.0,0.0,0.5,0.0,0.0,0.0,-0.0017038300604832468,0.0,0.0,0.0,40.68296169939517,40.68296169939517,40.68296169939517,40.68296169939517,0.001047657227806198,0.001784101222402745,0.0,0.0,0.0,0.001047657227806198,0.07106799967004918
6.064,0.0,0.0,0.5010611746009694,0.0,0.0,0.0017652153070032203,0.0,0.0,0.0,0.0,0.0,0.0,0.0,0.0,0.5,0.0,0.0,0.0,-0.001700150216666363,0.0,0.0,0.0,40.68299849783334,40.68299849783334,40.68299849783334,40.68299849783334,0.001061174600969439,0.0017652153070032203,0.0,0.0,0.0,0.001061174600969439,0.05936500019743107
6.072,0.0,0.0,0.5010745488255788,0.0,0.0,0.0017465278608361152,0.0,0.0,0.0,0.0,0.0,0.0,0.0,0.0,0.5,0.0,0.0,0.0,-0.0016952329940200794,0.0,0.0,0.0,40.6830476700598,40.6830476700598,40.6830476700598,40.6830476700598,0.0010745488255787805,0.0017465278608361152,0.0,0.0,0.0,0.0010745488255787805,0.039614998968318105
6.08,0.0,0.0,0.5010877816050252,0.0,0.0,0.0017280417748295415,0.0,0.0,0.0,0.0,0.0,0.0,0.0,0.0,0.5,0.0,0.0,0.0,-0.001691646286965276,0.0,0.0,0.0,40.68308353713035,40.68308353713035,40.68308353713035,40.68308353713035,0.0010877816050252065,0.0017280417748295415,0.0,0.0,0.0,0.0010877816050252065,0.06260000009206124
6.088,0.0,0.0,0.5011008742299061,0.0,0.0,0.0017097490418865608,0.0,0.0,0.0,0.0,0.0,0.0,0.0,0.0,0.5,0.0,0.0,0.0,-0.0016868370348878114,0.0,0.0,0.0,40.68313162965112,40.68313162965112,40.68313162965112,40.68313162965112,0.0011008742299061236,0.0017097490418865608,0.0,0.0,0.0,0.0011008742299061236,0.0512690021423623
6.096,0.0,0.0,0.5011138283664073,0.0,0.0,0.001691652646038078,0.0,0.0,0.0,0.0,0.0,0.0,0.0,0.0,0.5,0.0,0.0,0.0,-0.0016833282889963108,0.0,0.0,0.0,40.68316671711004,40.68316671711004,40.68316671711004,40.68316671711004,0.0011138283664072768,0.001691652646038078,0.0,0.0,0.0,0.0011138283664072768,0.10119799844687805
6.104,0.0,0.0,0.5011266452772286,0.0,0.0,0.0016737448873638085,0.0,0.0,0.0,0.0,0.0,0.0,0.0,0.0,0.5,0.0,0.0,0.0,-0.00167862001022967,0.0,0.0,0.0,40.68321379989771,40.68321379989771,40.68321379989771,40.68321379989771,0.0011266452772286106,0.0016737448873638085,0.0,0.0,0.0,0.0011266452772286106,0.042412000766489655
6.112,0.0,0.0,0.5011393265935938,0.0,0.0,0.0016560288190217013,0.0,0.0,0.0,0.0,0.0,0.0,0.0,0.0,0.5,0.0,0.0,0.0,-0.0016751834696628887,0.0,0.0,0.0,40.683248165303375,40.683248165303375,40.683248165303375,40.683248165303375,0.0011393265935938368,0.0016560288190217013,0.0,0.0,0.0,0.0011393265935938368,0.051752002036664635
6.12,0.0,0.0,0.5011518735521634,0.0,0.0,0.0016384970194563417,0.0,0.0,0.0,0.0,0.0,0.0,0.0,0.0,0.5,0.0,0.0,0.0,-0.0016705717236591422,0.0,0.0,0.0,40.68329428276341,40.68329428276341,40.68329428276341,40.68329428276341,0.001151873552163396,0.0016384970194563417,0.0,0.0,0.0,0.001151873552163396,0.04008000178146176
6.128,0.0,0.0,0.5011642877506485,0.0,0.0,0.0016211525776920197,0.0,0.0,0.0,0.0,0.0,0.0,0.0,0.0,0.5,0.0,0.0,0.0,-0.0016672038446636783,0.0,0.0,0.0,40.68332796155337,40.68332796155337,40.68332796155337,40.68332796155337,0.001164287750648474,0.0016211525776920197,0.0,0.0,0.0,0.001164287750648474,0.050330003432463855
6.136,0.0,0.0,0.5011765704008405,0.0,0.0,0.0016039883169546517,0.0,0.0,0.0,0.0,0.0,0.0,0.0,0.0,0.5,0.0,0.0,0.0,-0.001662685341268455,0.0,0.0,0.0,40.68337314658732,40.68337314658732,40.68337314658732,40.68337314658732,0.0011765704008405153,0.0016039883169546517,0.0,0.0,0.0,0.0011765704008405153,0.03576699964469299
6.144,0.0,0.0,0.5011887230680294,0.0,0.0,0.0015870073332862895,0.0,0.0,0.0,0.0,0.0,0.0,0.0,0.0,0.5,0.0,0.0,0.0,-0.0016593836541296536,0.0,0.0,0.0,40.683406163458706,40.683406163458706,40.683406163458706,40.683406163458706,0.001188723068029418,0.0015870073332862895,0.0,0.0,0.0,0.001188723068029418,0.04918699778500013
6.152,0.0,0.0,0.501200746939974,0.0,0.0,0.0015702026652426374,0.0,0.0,0.0,0.0,0.0,0.0,0.0,0.0,0.5,0.0,0.0,0.0,-0.0016549558634202377,0.0,0.0,0.0,40.6834504413658,40.6834504413658,40.6834504413658,40.6834504413658,0.0012007469399739623,0.0015702026652426374,0.0,0.0,0.0,0.0012007469399739623,0.033887998142745346
6.16,0.0,0.0,0.5012126435503966,0.0,0.0,0.0015535773927608122,0.0,0.0,0.0,0.0,0.0,0.0,0.0,0.0,0.5,0.0,0.0,0.0,-0.0016517186095924563,0.0,0.0,0.0,40.68348281390408,40.68348281390408,40.68348281390408,40.68348281390408,0.0012126435503966304,0.0015535773927608122,0.0,0.0,0.0,0.0012126435503966304,0.048488000174984336
6.168,0.0,0.0,0.5012244140636385,0.0,0.0,0.0015371247452551486,0.0,0.0,0.0,0.0,0.0,0.0,0.0,0.0,0.5,0.0,0.0,0.0,-0.0016473795327137664,0.0,0.0,0.0,40.683526204672866,40.683526204672866,40.683526204672866,40.683526204672866,0.0012244140636384904,0.0015371247452551486,0.0,0.0,0.0,0.0012244140636384904,0.035797998862108216
6.176,0.0,0.0,0.5012360599825426,0.0,0.0,0.0015208477688072196,0.0,0.0,0.0,0.0,0.0,0.0,0.0,0.0,0.5,0.0,0.0,0.0,-0.0016442054376052395,0.0,0.0,0.0,40.68355794562395,40.68355794562395,40.68355794562395,40.68355794562395,0.0012360599825426144,0.0015208477688072196,0.0,0.0,0.0,0.0012360599825426144,0.04896300015388988
6.184,0.0,0.0,0.5012475824484961,0.0,0.0,0.0015047398638828769,0.0,0.0,0.0,0.0,0.0,0.0,0.0,0.0,0.5,0.0,0.0,0.0,-0.0016399534346268618,0.0,0.0,0.0,40.68360046565373,40.68360046565373,40.68360046565373,40.68360046565373,0.0012475824484960985,0.0015047398638828769,0.0,0.0,0.0,0.0012475824484960985,0.03515099888318218
6.192,0.0,0.0,0.5012589829340384,0.0,0.0,0.0014888040296629965,0.0,0.0,0.0,0.0,0.0,0.0,0.0,0.0,0.5,0.0,0.0,0.0,-0.001635964674086332,0.0,0.0,0.0,40.683640353259136,40.683640353259136,40.683640353259136,40.683640353259136,0.0012589829340383663,0.0014888040296629965,0.0,0.0,0.0,0.0012589829340383663,0.03454600300756283
6.2,0.0,0.0,0.5012702628285622,0.0,0.0,0.0014730405868272612,0.0,0.0,0.0,0.0,0.0,0.0,0.0,0.0,0.5,0.0,0.0,0.0,-0.0016331333859516128,0.0,0.0,0.0,40.683668666140484,40.683668666140484,40.683668666140484,40.683668666140484,0.0012702628285622408,0.0014730405868272612,0.0,0.0,0.0,0.0012702628285622408,0.08334399899467826
6.208,0.0,0.0,0.5012814231624682,0.0,0.0,0.0014574408171096332,0.0,0.0,0.0,0.0,0.0,0.0,0.0,0.0,0.5,0.0,0.0,0.0,-0.0016290660030043869,0.0,0.0,0.0,40.68370933996996,40.68370933996996,40.68370933996996,40.68370933996996,0.0012814231624681538,0.0014574408171096332,0.0,0.0,0.0,0.0012814231624681538,0.03976700099883601
6.216,0.0,0.0,0.5012924653462693,0.0,0.0,0.0014420072487152592,0.0,0.0,0.0,0.0,0.0,0.0,0.0,0.0,0.5,0.0,0.0,0.0,-0.001625230035513292,0.0,0.0,0.0,40.68374769964487,40.68374769964487,40.68374769964487,40.68374769964487,0.001292465346269256,0.0014420072487152592,0.0,0.0,0.0,0.001292465346269256,0.039039998227963224
6.224,0.0,0.0,0.5013033907172338,0.0,0.0,0.0014267400730868908,0.0,0.0,0.0,0.0,0.0,0.0,0.0,0.0,0.5,0.0,0.0,0.0,-0.0016225081406948672,0.0,0.0,0.0,40.68377491859305,40.68377491859305,40.68377491859305,40.68377491859305,0.0013033907172338433,0.0014267400730868908,0.0,0.0,0.0,0.0013033907172338433,0.05166799746803008
6.232,0.0,0.0,0.5013142002670976,0.0,0.0,0.001411630805063666,0.0,0.0,0.0,0.0,0.0,0.0,0.0,0.0,0.5,0.0,0.0,0.0,-0.001618572030229637,0.0,0.0,0.0,40.68381427969771,40.68381427969771,40.68381427969771,40.68381427969771,0.0013142002670976094,0.001411630805063666,0.0,0.0,0.0,0.0013142002670976094,0.054911000916035846
6.24,0.0,0.0,0.5013248953610082,0.0,0.0,0.0013966819918160957,0.0,0.0,0.0,0.0,0.0,0.0,0.0,0.0,0.5,0.0,0.0,0.0,-0.0016148573522757337,0.0,0.0,0.0,40.68385142647725,40.68385142647725,40.68385142647725,40.68385142647725,0.001324895361008216,0.0013966819918160957,0.0,0.0,0.0,0.001324895361008216,0.0493119987368118
6.248,0.0,0.0,0.5013354772940078,0.0,0.0,0.001381893918443664,0.0,0.0,0.0,0.0,0.0,0.0,0.0,0.0,0.5,0.0,0.0,0.0,-0.0016113173551012272,0.0,0.0,0.0,40.68388682644899,40.68388682644899,40.68388682644899,40.68388682644899,0.0013354772940078474,0.001381893918443664,0.0,0.0,0.0,0.0013354772940078474,0.06101100007072091
6.256,0.0,0.0,0.5013459473055515,0.0,0.0,0.0013672654233459205,0.0,0.0,0.0,0.0,0.0,0.0,0.0,0.0,0.5,0.0,0.0,0.0,-0.0016088326543541864,0.0,0.0,0.0,40.683911673456464,40.683911673456464,40.683911673456464,40.683911673456464,0.001345947305551487,0.0013672654233459205,0.0,0.0,0.0,0.001345947305551487,0.07742699744994752
6.264,0.0,0.0,0.5013563063078256,0.0,0.0,0.001352787395528865,0.0,0.0,0.0,0.0,0.0,0.0,0.0,0.0,0.5,0.0,0.0,0.0,-0.00160508516925717,0.0,0.0,0.0,40.683949148307434,40.683949148307434,40.683949148307434,40.683949148307434,0.0013563063078255722,0.001352787395528865,0.0,0.0,0.0,0.0013563063078255722,0.19607300055213273
6.272,0.0,0.0,0.5013665556015208,0.0,0.0,0.001338462258803017,0.0,0.0,0.0,0.0,0.0,0.0,0.0,0.0,0.5,0.0,0.0,0.0,-0.001601537505233508,0.0,0.0,0.0,40.68398462494767,40.68398462494767,40.68398462494767,40.68398462494767,0.0013665556015207692,0.001338462258803017,0.0,0.0,0.0,0.0013665556015207692,0.1250099994649645
6.28,0.0,0.0,0.5013766964239751,0.0,0.0,0.0013242903684003806,0.0,0.0,0.0,0.0,0.0,0.0,0.0,0.0,0.5,0.0,0.0,0.0,-0.0015981499920517672,0.0,0.0,0.0,40.68401850007948,40.68401850007948,40.68401850007948,40.68401850007948,0.0013766964239750878,0.0013242903684003806,0.0,0.0,0.0,0.0013766964239750878,0.0720389980415348
6.288,0.0,0.0,0.5013867299614978,0.0,0.0,0.0013102707327881395,0.0,0.0,0.0,0.0,0.0,0.0,0.0,0.0,0.5,0.0,0.0,0.0,-0.0015948737236186616,0.0,0.0,0.0,40.684051262763816,40.684051262763816,40.684051262763816,40.684051262763816,0.0013867299614978013,0.0013102707327881395,0.0,0.0,0.0,0.0013867299614978013,0.050550999731058255
6.296,0.0,0.0,0.5013966573645282,0.0,0.0,0.0012964016619906992,0.0,0.0,0.0,0.0,0.0,0.0,0.0,0.0,0.5,0.0,0.0,0.0,-0.0015916752187026262,0.0,0.0,0.0,40.68408324781298,40.68408324781298,40.68408324781298,40.68408324781298,0.0013966573645282088,0.0012964016619906992,0.0,0.0,0.0,0.0013966573645282088,0.04807900040759705
6.304,0.0,0.0,0.5014064797580139,0.0,0.0,0.0012826811667345879,0.0,0.0,0.0,0.0,0.0,0.0,0.0,0.0,0.5,0.0,0.0,0.0,-0.0015885345443765742,0.0,0.0,0.0,40.68411465455624,40.68411465455624,40.68411465455624,40.68411465455624,0.00140647975801389,0.0012826811667345879,0.0,0.0,0.0,0.00140647975801389,0.059975998738082126
6.312,0.0,0.0,0.5014161982475953,0.0,0.0,0.0012691071729232415,0.0,0.0,0.0,0.0,0.0,0.0,0.0,0.0,0.5,0.0,0.0,0.0,-0.0015854402680179902,0.0,0.0,0.0,40.68414559731983,40.68414559731983,40.68414559731983,40.68414559731983,0.0014161982475953128,0.0012691071729232415,0.0,0.0,0.0,0.0014161982475953128,0.060032001783838496
6.32,0.0,0.0,0.5014258139231589,0.0,0.0,0.0012556776274277907,0.0,0.0,0.0,0.0,0.0,0.0,0.0,0.0,0.5,0.0,0.0,0.0,-0.0015823857583115997,0.0,0.0,0.0,40.68417614241689,40.68417614241689,40.68417614241689,40.68417614241689,0.0014258139231588807,0.0012556776274277907,0.0,0.0,0.0,0.0014258139231588807,0.06169200059957802
6.328,0.0,0.0,0.5014353278609036,0.0,0.0,0.0012423905455605261,0.0,0.0,0.0,0.0,0.0,0.0,0.0,0.0,0.5,0.0,0.0,0.0,-0.0015793670033904528,0.0,0.0,0.0,40.684206329966095,40.684206329966095,40.684206329966095,40.684206329966095,0.0014353278609036124,0.0012423905455605261,0.0,0.0,0.0,0.0014353278609036124,0.05087799945613369
6.336,0.0,0.0,0.5014447411245974,0.0,0.0,0.0012292440287921002,0.0,0.0,0.0,0.0,0.0,0.0,0.0,0.0,0.5,0.0,0.0,0.0,-0.0015763814245820518,0.0,0.0,0.0,40.68423618575418,40.68423618575418,40.68423618575418,40.68423618575418,0.0014447411245973596,0.0012292440287921002,0.0,0.0,0.0,0.0014447411245973596,0.06098100129747763
6.344,0.0,0.0,0.5014540547663883,0.0,0.0,0.0012162362678064048,0.0,0.0,0.0,0.0,0.0,0.0,0.0,0.0,0.5,0.0,0.0,0.0,-0.0015734272523123538,0.0,0.0,0.0,40.68426572747688,40.68426572747688,40.68426572747688,40.68426572747688,0.0014540547663882686,0.0012162362678064048,0.0,0.0,0.0,0.0014540547663882686,0.047011999413371086
6.352,0.0,0.0,0.5014632698273661,0.0,0.0,0.0012033655386911423,0.0,0.0,0.0,0.0,0.0,0.0,0.0,0.0,0.5,0.0,0.0,0.0,-0.0015705031997377272,0.0,0.0,0.0,40.684294968002625,40.684294968002625,40.684294968002625,40.684294968002625,0.0014632698273661093,0.0012033655386911423,0.0,0.0,0.0,0.0014632698273661093,0.04003000140073709
6.36,0.0,0.0,0.5014723873379738,0.0,0.0,0.0011906301961460562,0.0,0.0,0.0,0.0,0.0,0.0,0.0,0.0,0.5,0.0,0.0,0.0,-0.001567608289282374,0.0,0.0,0.0,40.68432391710718,40.68432391710718,40.68432391710718,40.68432391710718,0.001472387337973835,0.0011906301961460562,0.0,0.0,0.0,0.001472387337973835,0.03651999941212125
6.368,0.0,0.0,0.5014814083183229,0.0,0.0,0.001178028665643105,0.0,0.0,0.0,0.0,0.0,0.0,0.0,0.0,0.5,0.0,0.0,0.0,-0.0015647417567208333,0.0,0.0,0.0,40.684352582432794,40.684352582432794,40.684352582432794,40.684352582432794,0.0014814083183228854,0.001178028665643105,0.0,0.0,0.0,0.0014814083183228854,0.039637001464143395
6.376,0.0,0.0,0.5014903337784425,0.0,0.0,0.0011655594355059228,0.0,0.0,0.0,0.0,0.0,0.0,0.0,0.0,0.5,0.0,0.0,0.0,-0.001561902994668296,0.0,0.0,0.0,40.68438097005332,40.68438097005332,40.68438097005332,40.68438097005332,0.001490333778442543,0.0011655594355059228,0.0,0.0,0.0,0.001490333778442543,0.04066700057592243
6.384,0.0,0.0,0.5014991647184804,0.0,0.0,0.0011532210493521403,0.0,0.0,0.0,0.0,0.0,0.0,0.0,0.0,0.5,0.0,0.0,0.0,-0.0015590915163901098,0.0,0.0,0.0,40.684409084836105,40.684409084836105,40.684409084836105,40.684409084836105,0.001499164718480439,0.0011532210493521403,0.0,0.0,0.0,0.001499164718480439,0.05400400186772458
6.392,0.0,0.0,0.5015079021288656,0.0,0.0,0.0011410120991118796,0.0,0.0,0.0,0.0,0.0,0.0,0.0,0.0,0.5,0.0,0.0,0.0,-0.001556306930486584,0.0,0.0,0.0,40.684436930695135,40.684436930695135,40.684436930695135,40.684436930695135,0.0015079021288656458,0.0011410120991118796,0.0,0.0,0.0,0.0015079021288656458,0.05111599966767244
6.4,0.0,0.0,0.501516546990442,0.0,0.0,0.001128931218698701,0.0,0.0,0.0,0.0,0.0,0.0,0.0,0.0,0.5,0.0,0.0,0.0,-0.0015535489217372023,0.0,0.0,0.0,40.68446451078263,40.68446451078263,40.68446451078263,40.68446451078263,0.0015165469904420137,0.001128931218698701,0.0,0.0,0.0,0.0015165469904420137,0.044734999391948804
6.408,0.0,0.0,0.5015251002745778,0.0,0.0,0.0011169770783523904,0.0,0.0,0.0,0.0,0.0,0.0,0.0,0.0,0.5,0.0,0.0,0.0,-0.001550817235771662,0.0,0.0,0.0,40.68449182764228,40.68449182764228,40.68449182764228,40.68449182764228,0.0015251002745777509,0.0011169770783523904,0.0,0.0,0.0,0.0015251002745777509,0.03826700049103238
6.416,0.0,0.0,0.5015335629432564,0.0,0.0,0.001105148379646896,0.0,0.0,0.0,0.0,0.0,0.0,0.0,0.0,0.5,0.0,0.0,0.0,-0.0015481116663751404,0.0,0.0,0.0,40.68451888333625,40.68451888333625,40.68451888333625,40.68451888333625,0.0015335629432563502,0.001105148379646896,0.0,0.0,0.0,0.0015335629432563502,0.0432760025432799
6.424,0.0,0.0,0.5015419359491525,0.0,0.0,0.0010934438511219766,0.0,0.0,0.0,0.0,0.0,0.0,0.0,0.0,0.5,0.0,0.0,0.0,-0.00154543204477664,0.0,0.0,0.0,40.68454567955224,40.68454567955224,40.68454567955224,40.68454567955224,0.0015419359491525286,0.0010934438511219766,0.0,0.0,0.0,0.0015419359491525286,0.036700999771710485
6.432,0.0,0.0,0.5015502202356962,0.0,0.0,0.0010818622444887615,0.0,0.0,0.0,0.0,0.0,0.0,0.0,0.0,0.5,0.0,0.0,0.0,-0.0015427782305313942,0.0,0.0,0.0,40.68457221769469,40.68457221769469,40.68457221769469,40.68457221769469,0.0015502202356961758,0.0010818622444887615,0.0,0.0,0.0,0.0015502202356961758,0.06976899749133736
6.44,0.0,0.0,0.5015584167371278,0.0,0.0,0.001070402331380479,0.0,0.0,0.0,0.0,0.0,0.0,0.0,0.0,0.5,0.0,0.0,0.0,-0.0015401501037923815,0.0,0.0,0.0,40.68459849896208,40.68459849896208,40.68459849896208,40.68459849896208,0.0015584167371277546,0.001070402331380479,0.0,0.0,0.0,0.0015584167371277546,0.06316700091701932
6.448,0.0,0.0,0.5015665263785474,0.0,0.0,0.0010590629005948332,0.0,0.0,0.0,0.0,0.0,0.0,0.0,0.0,0.5,0.0,0.0,0.0,-0.001537547558791541,0.0,0.0,0.0,40.68462452441209,40.68462452441209,40.68462452441209,40.68462452441209,0.0015665263785473726,0.0010590629005948332,0.0,0.0,0.0,0.0015665263785473726,0.05094299922348
6.456,0.0,0.0,0.5015745500759589,0.0,0.0,0.0010478427557630056,0.0,0.0,0.0,0.0,0.0,0.0,0.0,0.0,0.5,0.0,0.0,0.0,-0.0015349704983574908,0.0,0.0,0.0,40.684650295016425,40.684650295016425,40.684650295016425,40.684650295016425,0.0015745500759588582,0.0010478427557630056,0.0,0.0,0.0,0.0015745500759588582,0.05898200106457807
6.464,0.0,0.0,0.5015824887363121,0.0,0.0,0.0010367407134404462,0.0,0.0,0.0,0.0,0.0,0.0,0.0,0.0,0.5,0.0,0.0,0.0,-0.0015324188294363328,0.0,0.0,0.0,40.68467581170564,40.68467581170564,40.68467581170564,40.68467581170564,0.0015824887363120599,0.0010367407134404462,0.0,0.0,0.0,0.0015824887363120599,0.17468700025347061
6.472,0.0,0.0,0.501590343257543,0.0,0.0,0.0010257556015267726,0.0,0.0,0.0,0.0,0.0,0.0,0.0,0.0,0.5,0.0,0.0,0.0,-0.0015298924593977192,0.0,0.0,0.0,40.684701075406025,40.684701075406025,40.684701075406025,40.684701075406025,0.0015903432575430365,0.0010257556015267726,0.0,0.0,0.0,0.0015903432575430365,0.13279799895826727
6.48,0.0,0.0,0.5015981145286144,0.0,0.0,0.001014886258004463,0.0,0.0,0.0,0.0,0.0,0.0,0.0,0.0,0.5,0.0,0.0,0.0,-0.0015273912931024203,0.0,0.0,0.0,40.68472608706898,40.68472608706898,40.68472608706898,40.68472608706898,0.0015981145286143583,0.001014886258004463,0.0,0.0,0.0,0.0015981145286143583,0.19980399883934297
6.488,0.0,0.0,0.5016058034295561,0.0,0.0,0.0010041315299464657,0.0,0.0,0.0,0.0,0.0,0.0,0.0,0.0,0.5,0.0,0.0,0.0,-0.0015249152306235914,0.0,0.0,0.0,40.68475084769376,40.68475084769376,40.68475084769376,40.68475084769376,0.0016058034295560741,0.0010041315299464657,0.0,0.0,0.0,0.0016058034295560741,0.1272410008823499
6.496,0.0,0.0,0.5016134108315083,0.0,0.0,0.0009934902727639183,0.0,0.0,0.0,0.0,0.0,0.0,0.0,0.0,0.5,0.0,0.0,0.0,-0.0015224641655293691,0.0,0.0,0.0,40.68477535834471,40.68477535834471,40.68477535834471,40.68477535834471,0.001613410831508344,0.0009934902727639183,0.0,0.0,0.0,0.001613410831508344,0.08891600009519607
6.5040000000000004,0.0,0.0,0.5016209375967656,0.0,0.0,0.0009829613496431823,0.0,0.0,0.0,0.0,0.0,0.0,0.0,0.0,0.5,0.0,0.0,0.0,-0.0015200379836382005,0.0,0.0,0.0,40.68479962016362,40.68479962016362,40.68479962016362,40.68479962016362,0.0016209375967656259,0.0009829613496431823,0.0,0.0,0.0,0.0016209375967656259,0.08532300125807524
6.5120000000000005,0.0,0.0,0.5016283845788234,0.0,0.0,0.000972543631159308,0.0,0.0,0.0,0.0,0.0,0.0,0.0,0.0,0.5,0.0,0.0,0.0,-0.0015176365622024957,0.0,0.0,0.0,40.68482363437798,40.68482363437798,40.68482363437798,40.68482363437798,0.0016283845788234164,0.000972543631159308,0.0,0.0,0.0,0.0016283845788234164,0.05375500040827319
6.5200000000000005,0.0,0.0,0.5016357526224275,0.0,0.0,0.0009622359950306439,0.0,0.0,0.0,0.0,0.0,0.0,0.0,0.0,0.5,0.0,0.0,0.0,-0.00151525976942668,0.0,0.0,0.0,40.684847402305735,40.684847402305735,40.684847402305735,40.684847402305735,0.0016357526224275443,0.0009622359950306439,0.0,0.0,0.0,0.0016357526224275443,0.049165002565132454
6.5280000000000005,0.0,0.0,0.5016430425636264,0.0,0.0,0.0009520373259946899,0.0,0.0,0.0,0.0,0.0,0.0,0.0,0.0,0.5,0.0,0.0,0.0,-0.0015129074642969975,0.0,0.0,0.0,40.68487092535703,40.68487092535703,40.68487092535703,40.68487092535703,0.0016430425636263513,0.0009520373259946899,0.0,0.0,0.0,0.0016430425636263513,0.07169199670897797
6.5360000000000005,0.0,0.0,0.5016502552298253,0.0,0.0,0.0009419465157698405,0.0,0.0,0.0,0.0,0.0,0.0,0.0,0.0,0.5,0.0,0.0,0.0,-0.0015105794966231434,0.0,0.0,0.0,40.68489420503377,40.68489420503377,40.68489420503377,40.68489420503377,0.0016502552298253148,0.0009419465157698405,0.0,0.0,0.0,0.0016502552298253148,0.054475000069942325
6.5440000000000005,0.0,0.0,0.5016573914398447,0.0,0.0,0.0009319624630997208,0.0,0.0,0.0,0.0,0.0,0.0,0.0,0.0,0.5,0.0,0.0,0.0,-0.001508275707284512,0.0,0.0,0.0,40.684917242927156,40.684917242927156,40.684917242927156,40.684917242927156,0.0016573914398446687,0.0009319624630997208,0.0,0.0,0.0,0.0016573914398446687,0.04088100104127079
6.5520000000000005,0.0,0.0,0.5016644520039798,0.0,0.0,0.0009220840738580435,0.0,0.0,0.0,0.0,0.0,0.0,0.0,0.0,0.5,0.0,0.0,0.0,-0.0015059959286390923,0.0,0.0,0.0,40.68494004071361,40.68494004071361,40.68494004071361,40.68494004071361,0.0016644520039797994,0.0009220840738580435,0.0,0.0,0.0,0.0016644520039797994,0.03768299939110875
6.5600000000000005,0.0,0.0,0.5016714377240636,0.0,0.0,0.0009123102611824546,0.0,0.0,0.0,0.0,0.0,0.0,0.0,0.0,0.5,0.0,0.0,0.0,-0.001503739985003416,0.0,0.0,0.0,40.684962600149966,40.684962600149966,40.684962600149966,40.684962600149966,0.0016714377240636402,0.0009123102611824546,0.0,0.0,0.0,0.0016714377240636402,0.05359399801818654
6.5680000000000005,0.0,0.0,0.5016783493935324,0.0,0.0,0.0009026399456648772,0.0,0.0,0.0,0.0,0.0,0.0,0.0,0.0,0.5,0.0,0.0,0.0,-0.0015015076932745064,0.0,0.0,0.0,40.684984923067255,40.684984923067255,40.684984923067255,40.684984923067255,0.0016783493935323968,0.0009026399456648772,0.0,0.0,0.0,0.0016783493935323968,0.049247999413637444
6.5760000000000005,0.0,0.0,0.5016851877974925,0.0,0.0,0.0008930720555343169,0.0,0.0,0.0,0.0,0.0,0.0,0.0,0.0,0.5,0.0,0.0,0.0,-0.0014992988635610383,0.0,0.0,0.0,40.68500701136439,40.68500701136439,40.68500701136439,40.68500701136439,0.0016851877974924934,0.0008930720555343169,0.0,0.0,0.0,0.0016851877974924934,0.04609900133800693
6.5840000000000005,0.0,0.0,0.5016919537127903,0.0,0.0,0.0008836055268724956,0.0,0.0,0.0,0.0,0.0,0.0,0.0,0.0,0.5,0.0,0.0,0.0,-0.0014971132998780057,0.0,0.0,0.0,40.68502886700122,40.68502886700122,40.68502886700122,40.68502886700122,0.001691953712790295,0.0008836055268724956,0.0,0.0,0.0,0.001691953712790295,0.056935998145490885
6.5920000000000005,0.0,0.0,0.5016986479080833,0.0,0.0,0.0008742393038224406,0.0,0.0,0.0,0.0,0.0,0.0,0.0,0.0,0.5,0.0,0.0,0.0,-0.0014949508008449408,0.0,0.0,0.0,40.685050491991554,40.685050491991554,40.685050491991554,40.685050491991554,0.0016986479080832728,0.0008742393038224406,0.0,0.0,0.0,0.0016986479080832728,0.040082999475998804
6.6000000000000005,0.0,0.0,0.5017052711439125,0.0,0.0,0.0008649723387886627,0.0,0.0,0.0,0.0,0.0,0.0,0.0,0.0,0.5,0.0,0.0,0.0,-0.0014928111603722538,0.0,0.0,0.0,40.68507188839628,40.68507188839628,40.68507188839628,40.68507188839628,0.0017052711439125012,0.0008649723387886627,0.0,0.0,0.0,0.0017052711439125012,0.05119200068293139
6.6080000000000005,0.0,0.0,0.501711824172777,0.0,0.0,0.0008558035926444831,0.0,0.0,0.0,0.0,0.0,0.0,0.0,0.0,0.5,0.0,0.0,0.0,-0.001490694168363893,0.0,0.0,0.0,40.68509305831636,40.68509305831636,40.68509305831636,40.68509305831636,0.0017118241727770434,0.0008558035926444831,0.0,0.0,0.0,0.0017118241727770434,0.04129900116822682
6.6160000000000005,0.0,0.0,0.5017183077392093,0.0,0.0,0.0008467320349228747,0.0,0.0,0.0,0.0,0.0,0.0,0.0,0.0,0.5,0.0,0.0,0.0,-0.001488599611389918,0.0,0.0,0.0,40.685114003886106,40.685114003886106,40.685114003886106,40.685114003886106,0.0017183077392093349,0.0008467320349228747,0.0,0.0,0.0,0.0017183077392093349,0.042362000385764986
6.6240000000000006,0.0,0.0,0.5017247225798511,0.0,0.0,0.0008377566439830133,0.0,0.0,0.0,0.0,0.0,0.0,0.0,0.0,0.5,0.0,0.0,0.0,-0.0014865272732988988,0.0,0.0,0.0,40.68513472726701,40.68513472726701,40.68513472726701,40.68513472726701,0.0017247225798511234,0.0008377566439830133,0.0,0.0,0.0,0.0017247225798511234,0.03668200224637985
6.632000000000001,0.0,0.0,0.5017310694235305,0.0,0.0,0.0008288764071712739,0.0,0.0,0.0,0.0,0.0,0.0,0.0,0.0,0.5,0.0,0.0,0.0,-0.0014844769358393073,0.0,0.0,0.0,40.68515523064161,40.68515523064161,40.68515523064161,40.68515523064161,0.001731069423530518,0.0008288764071712739,0.0,0.0,0.0,0.001731069423530518,0.03630099672591314
6.640000000000001,0.0,0.0,0.5017373489913395,0.0,0.0,0.00082009032096113,0.0,0.0,0.0,0.0,0.0,0.0,0.0,0.0,0.5,0.0,0.0,0.0,-0.0014824483792066356,0.0,0.0,0.0,40.685175516207934,40.685175516207934,40.685175516207934,40.685175516207934,0.0017373489913394824,0.00082009032096113,0.0,0.0,0.0,0.0017373489913394824,0.03842599835479632
6.648000000000001,0.0,0.0,0.5017435619967117,0.0,0.0,0.0008113973910733998,0.0,0.0,0.0,0.0,0.0,0.0,0.0,0.0,0.5,0.0,0.0,0.0,-0.001480441382571196,0.0,0.0,0.0,40.68519558617429,40.68519558617429,40.68519558617429,40.68519558617429,0.0017435619967116622,0.0008113973910733998,0.0,0.0,0.0,0.0017435619967116622,0.07596399882459082
6.656000000000001,0.0,0.0,0.5017497091455007,0.0,0.0,0.0008027966325835455,0.0,0.0,0.0,0.0,0.0,0.0,0.0,0.0,0.5,0.0,0.0,0.0,-0.0014784557245550722,0.0,0.0,0.0,40.685215442754455,40.685215442754455,40.685215442754455,40.685215442754455,0.0017497091455006553,0.0008027966325835455,0.0,0.0,0.0,0.0017497091455006553,0.08863199764164165
6.664,0.0,0.0,0.5017557911360581,0.0,0.0,0.000794287070001978,0.0,0.0,0.0,0.0,0.0,0.0,0.0,0.0,0.5,0.0,0.0,0.0,-0.0014764911836616657,0.0,0.0,0.0,40.68523508816339,40.68523508816339,40.68523508816339,40.68523508816339,0.0017557911360580603,0.000794287070001978,0.0,0.0,0.0,0.0017557911360580603,0.13163699986762367
6.672,0.0,0.0,0.5017618086593114,0.0,0.0,0.0007858677373354414,0.0,0.0,0.0,0.0,0.0,0.0,0.0,0.0,0.5,0.0,0.0,0.0,-0.0014745475386577223,0.0,0.0,0.0,40.68525452461343,40.68525452461343,40.68525452461343,40.68525452461343,0.0017618086593114146,0.0007858677373354414,0.0,0.0,0.0,0.0017618086593114146,0.13582600149675272
6.68,0.0,0.0,0.5017677623988422,0.0,0.0,0.0007775376781390643,0.0,0.0,0.0,0.0,0.0,0.0,0.0,0.0,0.5,0.0,0.0,0.0,-0.001472624568926606,0.0,0.0,0.0,40.685273754310735,40.685273754310735,40.685273754310735,40.685273754310735,0.001767762398842243,0.0007775376781390643,0.0,0.0,0.0,0.001767762398842243,0.08503400022163987
6.688,0.0,0.0,0.5017736530309638,0.0,0.0,0.0007692959455495059,0.0,0.0,0.0,0.0,0.0,0.0,0.0,0.0,0.5,0.0,0.0,0.0,-0.0014707220547776068,0.0,0.0,0.0,40.685292779452226,40.685292779452226,40.685292779452226,40.685292779452226,0.0017736530309637732,0.0007692959455495059,0.0,0.0,0.0,0.0017736530309637732,0.055964999774005264
6.696,0.0,0.0,0.5017794812247981,0.0,0.0,0.0007611416022976792,0.0,0.0,0.0,0.0,0.0,0.0,0.0,0.0,0.5,0.0,0.0,0.0,-0.0014688397777147255,0.0,0.0,0.0,40.68531160222285,40.68531160222285,40.68531160222285,40.68531160222285,0.0017794812247980962,0.0007611416022976792,0.0,0.0,0.0,0.0017794812247980962,0.07010900299064815
6.704,0.0,0.0,0.5017852476423528,0.0,0.0,0.0007530737207050349,0.0,0.0,0.0,0.0,0.0,0.0,0.0,0.0,0.5,0.0,0.0,0.0,-0.001466977520659274,0.0,0.0,0.0,40.68533022479341,40.68533022479341,40.68533022479341,40.68533022479341,0.0017852476423527719,0.0007530737207050349,0.0,0.0,0.0,0.0017852476423527719,0.06147999738459475
6.712,0.0,0.0,0.5017909529385973,0.0,0.0,0.000745091382677813,0.0,0.0,0.0,0.0,0.0,0.0,0.0,0.0,0.5,0.0,0.0,0.0,-0.0014651350681555986,0.0,0.0,0.0,40.68534864931845,40.68534864931845,40.68534864931845,40.68534864931845,0.0017909529385973233,0.000745091382677813,0.0,0.0,0.0,0.0017909529385973233,0.05613600296783261
6.72,0.0,0.0,0.5017965977615386,0.0,0.0,0.0007371936796746886,0.0,0.0,0.0,0.0,0.0,0.0,0.0,0.0,0.5,0.0,0.0,0.0,-0.0014633122065359494,0.0,0.0,0.0,40.68536687793464,40.68536687793464,40.68536687793464,40.68536687793464,0.0017965977615386208,0.0007371936796746886,0.0,0.0,0.0,0.0017965977615386208,0.14561699936166406
6.728,0.0,0.0,0.501802182752296,0.0,0.0,0.0007293797126753375,0.0,0.0,0.0,0.0,0.0,0.0,0.0,0.0,0.5,0.0,0.0,0.0,-0.0014615087240620328,0.0,0.0,0.0,40.68538491275938,40.68538491275938,40.68538491275938,40.68538491275938,0.0018021827522960443,0.0007293797126753375,0.0,0.0,0.0,0.0018021827522960443,0.08216900096158497
6.736,0.0,0.0,0.5018077085451756,0.0,0.0,0.0007216485921303082,0.0,0.0,0.0,0.0,0.0,0.0,0.0,0.0,0.5,0.0,0.0,0.0,-0.001459724411035035,0.0,0.0,0.0,40.685402755889655,40.685402755889655,40.685402755889655,40.685402755889655,0.0018077085451756458,0.0007216485921303082,0.0,0.0,0.0,0.0018077085451756458,0.06757000301149674
6.744,0.0,0.0,0.5018131757677438,0.0,0.0,0.0007139994379070422,0.0,0.0,0.0,0.0,0.0,0.0,0.0,0.0,0.5,0.0,0.0,0.0,-0.0014579590598892134,0.0,0.0,0.0,40.68542040940111,40.68542040940111,40.68542040940111,40.68542040940111,0.0018131757677437577,0.0007139994379070422,0.0,0.0,0.0,0.0018131757677437577,0.04862899731961079
6.752,0.0,0.0,0.5018185850408997,0.0,0.0,0.0007064313792244856,0.0,0.0,0.0,0.0,0.0,0.0,0.0,0.0,0.5,0.0,0.0,0.0,-0.0014562124652531816,0.0,0.0,0.0,40.68543787534747,40.68543787534747,40.68543787534747,40.68543787534747,0.0018185850408997117,0.0007064313792244856,0.0,0.0,0.0,0.0018185850408997117,0.05012900146539323
6.76,0.0,0.0,0.5018239369789482,0.0,0.0,0.0006989435545924515,0.0,0.0,0.0,0.0,0.0,0.0,0.0,0.0,0.5,0.0,0.0,0.0,-0.0014544844240271804,0.0,0.0,0.0,40.68545515575973,40.68545515575973,40.68545515575973,40.68545515575973,0.0018239369789482263,0.0006989435545924515,0.0,0.0,0.0,0.0018239369789482263,0.07435299994540401
6.768,0.0,0.0,0.50182923218967,0.0,0.0,0.0006915351117187017,0.0,0.0,0.0,0.0,0.0,0.0,0.0,0.0,0.5,0.0,0.0,0.0,-0.0014527747353753062,0.0,0.0,0.0,40.68547225264625,40.68547225264625,40.68547225264625,40.68547225264625,0.0018292321896700159,0.0006915351117187017,0.0,0.0,0.0,0.0018292321896700159,0.058865000028163195
6.776,0.0,0.0,0.5018344712743928,0.0,0.0,0.0006842052074457133,0.0,0.0,0.0,0.0,0.0,0.0,0.0,0.0,0.5,0.0,0.0,0.0,-0.0014510832007865737,0.0,0.0,0.0,40.68548916799214,40.68548916799214,40.68548916799214,40.68548916799214,0.001834471274392846,0.0006842052074457133,0.0,0.0,0.0,0.001834471274392846,0.09531199975754134
6.784,0.0,0.0,0.5018396548280609,0.0,0.0,0.0006769530076584593,0.0,0.0,0.0,0.0,0.0,0.0,0.0,0.0,0.5,0.0,0.0,0.0,-0.001449409624067921,0.0,0.0,0.0,40.68550590375932,40.68550590375932,40.68550590375932,40.68550590375932,0.0018396548280609215,0.0006769530076584593,0.0,0.0,0.0,0.0018396548280609215,0.0989520012808498
6.792,0.0,0.0,0.5018447834393036,0.0,0.0,0.0006697776871939794,0.0,0.0,0.0,0.0,0.0,0.0,0.0,0.0,0.5,0.0,0.0,0.0,-0.0014477538113398802,0.0,0.0,0.0,40.685522461886606,40.685522461886606,40.685522461886606,40.685522461886606,0.00184478343930361,0.0006697776871939794,0.0,0.0,0.0,0.00184478343930361,0.058688998251454905
6.8,0.0,0.0,0.5018498576905036,0.0,0.0,0.0006626784297551596,0.0,0.0,0.0,0.0,0.0,0.0,0.0,0.0,0.5,0.0,0.0,0.0,-0.0014461155710282503,0.0,0.0,0.0,40.685538844289724,40.685538844289724,40.685538844289724,40.685538844289724,0.001849857690503609,0.0006626784297551596,0.0,0.0,0.0,0.001849857690503609,0.05106800017529167
6.808,0.0,0.0,0.5018548781578641,0.0,0.0,0.0006556544278167745,0.0,0.0,0.0,0.0,0.0,0.0,0.0,0.0,0.5,0.0,0.0,0.0,-0.0014444947138532171,0.0,0.0,0.0,40.685555052861474,40.685555052861474,40.685555052861474,40.685555052861474,0.001854878157864115,0.0006556544278167745,0.0,0.0,0.0,0.001854878157864115,0.03686800118885003
6.816,0.0,0.0,0.5018598454114754,0.0,0.0,0.0006487048825364445,0.0,0.0,0.0,0.0,0.0,0.0,0.0,0.0,0.5,0.0,0.0,0.0,-0.001442891052810924,0.0,0.0,0.0,40.68557108947189,40.68557108947189,40.68557108947189,40.68557108947189,0.001859845411475436,0.0006487048825364445,0.0,0.0,0.0,0.001859845411475436,0.04944700049236417
6.824,0.0,0.0,0.5018647600153804,0.0,0.0,0.0006418290036528699,0.0,0.0,0.0,0.0,0.0,0.0,0.0,0.0,0.5,0.0,0.0,0.0,-0.0014413044031346134,0.0,0.0,0.0,40.68558695596866,40.68558695596866,40.68558695596866,40.68558695596866,0.0018647600153803845,0.0006418290036528699,0.0,0.0,0.0,0.0018647600153803845,0.03698699947563
6.832,0.0,0.0,0.5018696225276393,0.0,0.0,0.000635026009396092,0.0,0.0,0.0,0.0,0.0,0.0,0.0,0.0,0.5,0.0,0.0,0.0,-0.0014397345822717567,0.0,0.0,0.0,40.68560265417729,40.68560265417729,40.68560265417729,40.68560265417729,0.0018696225276393363,0.000635026009396092,0.0,0.0,0.0,0.0018696225276393363,0.034812001104000956
6.84,0.0,0.0,0.5018744335003942,0.0,0.0,0.0006282951263879455,0.0,0.0,0.0,0.0,0.0,0.0,0.0,0.0,0.5,0.0,0.0,0.0,-0.0014381814098433088,0.0,0.0,0.0,40.68561818590157,40.68561818590157,40.68561818590157,40.68561818590157,0.0018744335003941792,0.0006282951263879455,0.0,0.0,0.0,0.0018744335003941792,0.037288999010343105
6.848,0.0,0.0,0.5018791934799319,0.0,0.0,0.0006216355895540947,0.0,0.0,0.0,0.0,0.0,0.0,0.0,0.0,0.5,0.0,0.0,0.0,-0.0014366447076256117,0.0,0.0,0.0,40.68563355292375,40.68563355292375,40.68563355292375,40.68563355292375,0.0018791934799319288,0.0006216355895540947,0.0,0.0,0.0,0.0018791934799319288,0.03571699926396832
6.856,0.0,0.0,0.5018839030067469,0.0,0.0,0.0006150466420175798,0.0,0.0,0.0,0.0,0.0,0.0,0.0,0.0,0.5,0.0,0.0,0.0,-0.0014351242994877778,0.0,0.0,0.0,40.685648757005126,40.685648757005126,40.685648757005126,40.685648757005126,0.001883903006746901,0.0006150466420175798,0.0,0.0,0.0,0.001883903006746901,0.03980399924330413
6.864,0.0,0.0,0.501888562615603,0.0,0.0,0.0006085275350164293,0.0,0.0,0.0,0.0,0.0,0.0,0.0,0.0,0.5,0.0,0.0,0.0,-0.001433620011378256,0.0,0.0,0.0,40.68566379988622,40.68566379988622,40.68566379988622,40.68566379988622,0.0018885626156029955,0.0006085275350164293,0.0,0.0,0.0,0.0018885626156029955,0.04085099863004871
6.872,0.0,0.0,0.5018931728355945,0.0,0.0,0.000602077527801668,0.0,0.0,0.0,0.0,0.0,0.0,0.0,0.0,0.5,0.0,0.0,0.0,-0.0014321316712628818,0.0,0.0,0.0,40.68567868328737,40.68567868328737,40.68567868328737,40.68567868328737,0.0018931728355945365,0.000602077527801668,0.0,0.0,0.0,0.0018931728355945365,0.05432500256574713
6.88,0.0,0.0,0.5018977341902071,0.0,0.0,0.0005956958875557234,0.0,0.0,0.0,0.0,0.0,0.0,0.0,0.0,0.5,0.0,0.0,0.0,-0.0014306591091231002,0.0,0.0,0.0,40.68569340890877,40.68569340890877,40.68569340890877,40.68569340890877,0.001897734190207112,0.0005956958875557234,0.0,0.0,0.0,0.001897734190207112,0.03795899829128757
6.888,0.0,0.0,0.501902247197377,0.0,0.0,0.0005893818892910682,0.0,0.0,0.0,0.0,0.0,0.0,0.0,0.0,0.5,0.0,0.0,0.0,-0.0014292021568873547,0.0,0.0,0.0,40.68570797843113,40.68570797843113,40.68570797843113,40.68570797843113,0.0019022471973769717,0.0005893818892910682,0.0,0.0,0.0,0.0019022471973769717,0.04508900019573048
6.896,0.0,0.0,0.5019067123695502,0.0,0.0,0.0005831348157635838,0.0,0.0,0.0,0.0,0.0,0.0,0.0,0.0,0.5,0.0,0.0,0.0,-0.0014277606484048855,0.0,0.0,0.0,40.68572239351595,40.68572239351595,40.68572239351595,40.68572239351595,0.0019067123695502008,0.0005831348157635838,0.0,0.0,0.0,0.0019067123695502008,0.04679899939219467
6.904,0.0,0.0,0.5019111302137411,0.0,0.0,0.0005769539573838213,0.0,0.0,0.0,0.0,0.0,0.0,0.0,0.0,0.5,0.0,0.0,0.0,-0.0014263344194099803,0.0,0.0,0.0,40.685736655805904,40.685736655805904,40.685736655805904,40.685736655805904,0.001911130213741119,0.0005769539573838213,0.0,0.0,0.0,0.001911130213741119,0.05269699977361597
6.912,0.0,0.0,0.5019155012315901,0.0,0.0,0.0005708386121321337,0.0,0.0,0.0,0.0,0.0,0.0,0.0,0.0,0.5,0.0,0.0,0.0,-0.0014249233074921097,0.0,0.0,0.0,40.68575076692508,40.68575076692508,40.68575076692508,40.68575076692508,0.001915501231590122,0.0005708386121321337,0.0,0.0,0.0,0.001915501231590122,0.048105001042131335
6.92,0.0,0.0,0.5019198259194206,0.0,0.0,0.0005647880854685759,0.0,0.0,0.0,0.0,0.0,0.0,0.0,0.0,0.5,0.0,0.0,0.0,-0.001423527152056847,0.0,0.0,0.0,40.685764728479434,40.685764728479434,40.685764728479434,40.685764728479434,0.0019198259194206369,0.0005647880854685759,0.0,0.0,0.0,0.0019198259194206369,0.061119997553760186
6.928,0.0,0.0,0.5019241047682957,0.0,0.0,0.0005588016902524993,0.0,0.0,0.0,0.0,0.0,0.0,0.0,0.0,0.5,0.0,0.0,0.0,-0.001422145794302554,0.0,0.0,0.0,40.68577854205698,40.68577854205698,40.68577854205698,40.68577854205698,0.0019241047682957424,0.0005588016902524993,0.0,0.0,0.0,0.0019241047682957424,0.10141899838345125
6.936,0.0,0.0,0.5019283382640739,0.0,0.0,0.0005528787466560219,0.0,0.0,0.0,0.0,0.0,0.0,0.0,0.0,0.5,0.0,0.0,0.0,-0.0014207790771820772,0.0,0.0,0.0,40.68579220922818,40.68579220922818,40.68579220922818,40.68579220922818,0.0019283382640739033,0.0005528787466560219,0.0,0.0,0.0,0.0019283382640739033,0.054059000831330195
6.944,0.0,0.0,0.5019325268874643,0.0,0.0,0.0005470185820837029,0.0,0.0,0.0,0.0,0.0,0.0,0.0,0.0,0.5,0.0,0.0,0.0,-0.0014194268453762149,0.0,0.0,0.0,40.68580573154624,40.68580573154624,40.68580573154624,40.68580573154624,0.0019325268874642587,0.0005470185820837029,0.0,0.0,0.0,0.0019325268874642587,0.12875199900008738
6.952,0.0,0.0,0.501936671114081,0.0,0.0,0.0005412205310860776,0.0,0.0,0.0,0.0,0.0,0.0,0.0,0.0,0.5,0.0,0.0,0.0,-0.0014180889452558576,0.0,0.0,0.0,40.68581911054744,40.68581911054744,40.68581911054744,40.68581911054744,0.0019366711140810233,0.0005412205310860776,0.0,0.0,0.0,0.0019366711140810233,0.08204299956560135
6.96,0.0,0.0,0.5019407714144979,0.0,0.0,0.0005354839352904854,0.0,0.0,0.0,0.0,0.0,0.0,0.0,0.0,0.5,0.0,0.0,0.0,-0.0014167652248781026,0.0,0.0,0.0,40.68583234775122,40.68583234775122,40.68583234775122,40.68583234775122,0.0019407714144978883,0.0005354839352904854,0.0,0.0,0.0,0.0019407714144978883,0.07838600140530616
6.968,0.0,0.0,0.5019448282543011,0.0,0.0,0.0005298081433124253,0.0,0.0,0.0,0.0,0.0,0.0,0.0,0.0,0.5,0.0,0.0,0.0,-0.0014154555339344066,0.0,0.0,0.0,40.68584544466066,40.68584544466066,40.68584544466066,40.68584544466066,0.0019448282543010897,0.0005298081433124253,0.0,0.0,0.0,0.0019448282543010897,0.07475700112991035
6.976,0.0,0.0,0.5019488420941426,0.0,0.0,0.0005241925106874165,0.0,0.0,0.0,0.0,0.0,0.0,0.0,0.0,0.5,0.0,0.0,0.0,-0.0014141597237503634,0.0,0.0,0.0,40.6858584027625,40.6858584027625,40.6858584027625,40.6858584027625,0.0019488420941425888,0.0005241925106874165,0.0,0.0,0.0,0.0019488420941425888,0.058762001572176814
6.984,0.0,0.0,0.501952813389792,0.0,0.0,0.000518636399785955,0.0,0.0,0.0,0.0,0.0,0.0,0.0,0.0,0.5,0.0,0.0,0.0,-0.001412877647239963,0.0,0.0,0.0,40.685871223527606,40.685871223527606,40.685871223527606,40.685871223527606,0.0019528133897920297,0.000518636399785955,0.0,0.0,0.0,0.0019528133897920297,0.059717000112868845
6.992,0.0,0.0,0.5019567425921889,0.0,0.0,0.0005131391797510303,0.0,0.0,0.0,0.0,0.0,0.0,0.0,0.0,0.5,0.0,0.0,0.0,-0.0014116091589077007,0.0,0.0,0.0,40.68588390841093,40.68588390841093,40.68588390841093,40.68588390841093,0.0019567425921889203,0.0005131391797510303,0.0,0.0,0.0,0.0019567425921889203,0.044898002670379356
7.0,0.0,0.0,0.5019606301474933,0.0,0.0,0.0005077002264092808,0.0,0.0,0.0,0.0,0.0,0.0,0.0,0.0,0.5,0.0,0.0,0.0,-0.001410354114795953,0.0,0.0,0.0,40.68589645885204,40.68589645885204,40.68589645885204,40.68589645885204,0.0019606301474932586,0.0005077002264092808,0.0,0.0,0.0,0.0019606301474932586,0.08936200174503028
7.008,0.0,0.0,0.5019644764971366,0.0,0.0,0.0005023189222110208,0.0,0.0,0.0,0.0,0.0,0.0,0.0,0.0,0.5,0.0,0.0,0.0,-0.0014091123724960797,0.0,0.0,0.0,40.68590887627504,40.68590887627504,40.68590887627504,40.68590887627504,0.0019644764971366024,0.0005023189222110208,0.0,0.0,0.0,0.0019644764971366024,0.12163399878772907
7.016,0.0,0.0,0.5019682820778719,0.0,0.0,0.0004969946561517307,0.0,0.0,0.0,0.0,0.0,0.0,0.0,0.0,0.5,0.0,0.0,0.0,-0.001407883791107123,0.0,0.0,0.0,40.68592116208893,40.68592116208893,40.68592116208893,40.68592116208893,0.001968282077871919,0.0004969946561517307,0.0,0.0,0.0,0.001968282077871919,0.10212800043518655
7.024,0.0,0.0,0.5019720473218233,0.0,0.0,0.000491726823706473,0.0,0.0,0.0,0.0,0.0,0.0,0.0,0.0,0.5,0.0,0.0,0.0,-0.0014066682312285916,0.0,0.0,0.0,40.68593331768772,40.68593331768772,40.68593331768772,40.68593331768772,0.0019720473218233225,0.000491726823706473,0.0,0.0,0.0,0.0019720473218233225,0.04682099825004116
7.032,0.0,0.0,0.5019757726565349,0.0,0.0,0.00048651482675522197,0.0,0.0,0.0,0.0,0.0,0.0,0.0,0.0,0.5,0.0,0.0,0.0,-0.001405465554935037,0.0,0.0,0.0,40.68594534445065,40.68594534445065,40.68594534445065,40.68594534445065,0.0019757726565349243,0.00048651482675522197,0.0,0.0,0.0,0.0019757726565349243,0.036271001590648666
7.04,0.0,0.0,0.5019794585050195,0.0,0.0,0.00048135807351757504,0.0,0.0,0.0,0.0,0.0,0.0,0.0,0.0,0.5,0.0,0.0,0.0,-0.0014042756257668376,0.0,0.0,0.0,40.68595724374234,40.68595724374234,40.68595724374234,40.68595724374234,0.00197945850501946,0.00048135807351757504,0.0,0.0,0.0,0.00197945850501946,0.08931499905884266
7.048,0.0,0.0,0.5019831052858063,0.0,0.0,0.00047625597848386926,0.0,0.0,0.0,0.0,0.0,0.0,0.0,0.0,0.5,0.0,0.0,0.0,-0.001403098308702111,0.0,0.0,0.0,40.685969016912985,40.685969016912985,40.685969016912985,40.685969016912985,0.0019831052858062526,0.00047625597848386926,0.0,0.0,0.0,0.0019831052858062526,0.04805799835594371
7.056,0.0,0.0,0.5019867134129887,0.0,0.0,0.0004712079623489717,0.0,0.0,0.0,0.0,0.0,0.0,0.0,0.0,0.5,0.0,0.0,0.0,-0.0014019334701493857,0.0,0.0,0.0,40.68598066529851,40.68598066529851,40.68598066529851,40.68598066529851,0.0019867134129887276,0.0004712079623489717,0.0,0.0,0.0,0.0019867134129887276,0.05393699757405557
7.064,0.0,0.0,0.5019902832962714,0.0,0.0,0.0004662134519454345,0.0,0.0,0.0,0.0,0.0,0.0,0.0,0.0,0.5,0.0,0.0,0.0,-0.0014007809779291724,0.0,0.0,0.0,40.68599219022071,40.68599219022071,40.68599219022071,40.68599219022071,0.001990283296271378,0.0004662134519454345,0.0,0.0,0.0,0.001990283296271378,0.04468100087251514
7.072,0.0,0.0,0.5019938153410162,0.0,0.0,0.0004612718801761411,0.0,0.0,0.0,0.0,0.0,0.0,0.0,0.0,0.5,0.0,0.0,0.0,-0.0013996407012515366,0.0,0.0,0.0,40.68600359298749,40.68600359298749,40.68600359298749,40.68600359298749,0.0019938153410161696,0.0004612718801761411,0.0,0.0,0.0,0.0019938153410161696,0.036649998946813866
7.08,0.0,0.0,0.5019973099482887,0.0,0.0,0.00045638268595487154,0.0,0.0,0.0,0.0,0.0,0.0,0.0,0.0,0.5,0.0,0.0,0.0,-0.001398512510710881,0.0,0.0,0.0,40.68601487489289,40.68601487489289,40.68601487489289,40.68601487489289,0.001997309948288728,0.00045638268595487154,0.0,0.0,0.0,0.001997309948288728,0.03617099719122052
7.088,0.0,0.0,0.5020007675149037,0.0,0.0,0.0004515453141393265,0.0,0.0,0.0,0.0,0.0,0.0,0.0,0.0,0.5,0.0,0.0,0.0,-0.001397396278270513,0.0,0.0,0.0,40.686026037217296,40.686026037217296,40.686026037217296,40.686026037217296,0.002000767514903745,0.0004515453141393265,0.0,0.0,0.0,0.002000767514903745,0.034598997444845736
7.096,0.0,0.0,0.5020041884334699,0.0,0.0,0.0004467592154664438,0.0,0.0,0.0,0.0,0.0,0.0,0.0,0.0,0.5,0.0,0.0,0.0,-0.001396291877236333,0.0,0.0,0.0,40.68603708122764,40.68603708122764,40.68603708122764,40.68603708122764,0.0020041884334699445,0.0004467592154664438,0.0,0.0,0.0,0.0020041884334699445,0.03415299943299033
7.104,0.0,0.0,0.5020075730924348,0.0,0.0,0.00044202384649510073,0.0,0.0,0.0,0.0,0.0,0.0,0.0,0.0,0.5,0.0,0.0,0.0,-0.0013951991822565013,0.0,0.0,0.0,40.68604800817744,40.68604800817744,40.68604800817744,40.68604800817744,0.0020075730924348223,0.00044202384649510073,0.0,0.0,0.0,0.0020075730924348223,0.037535999581450596
7.112,0.0,0.0,0.5020109218761286,0.0,0.0,0.000437338669540847,0.0,0.0,0.0,0.0,0.0,0.0,0.0,0.0,0.5,0.0,0.0,0.0,-0.001394118069304895,0.0,0.0,0.0,40.68605881930695,40.68605881930695,40.68605881930695,40.68605881930695,0.002010921876128613,0.000437338669540847,0.0,0.0,0.0,0.002010921876128613,0.04847200034419075
7.12,0.0,0.0,0.5020142351648078,0.0,0.0,0.00043270315261258874,0.0,0.0,0.0,0.0,0.0,0.0,0.0,0.0,0.5,0.0,0.0,0.0,-0.00139304841565413,0.0,0.0,0.0,40.686069515843464,40.686069515843464,40.686069515843464,40.686069515843464,0.0020142351648078094,0.00043270315261258874,0.0,0.0,0.0,0.0020142351648078094,0.03688500146381557
7.128,0.0,0.0,0.5020175133346987,0.0,0.0,0.0004281167693619358,0.0,0.0,0.0,0.0,0.0,0.0,0.0,0.0,0.5,0.0,0.0,0.0,-0.0013919900998837775,0.0,0.0,0.0,40.68608009900117,40.68608009900117,40.68608009900117,40.68608009900117,0.002017513334698684,0.0004281167693619358,0.0,0.0,0.0,0.002017513334698684,0.04564299888443202
7.136,0.0,0.0,0.5020207567580396,0.0,0.0,0.0004235789990121485,0.0,0.0,0.0,0.0,0.0,0.0,0.0,0.0,0.5,0.0,0.0,0.0,-0.0013909430018467228,0.0,0.0,0.0,40.68609056998154,40.68609056998154,40.68609056998154,40.68609056998154,0.002020756758039588,0.0004235789990121485,0.0,0.0,0.0,0.002020756758039588,0.03957399894716218
7.144,0.0,0.0,0.5020239658031234,0.0,0.0,0.0004190893263040704,0.0,0.0,0.0,0.0,0.0,0.0,0.0,0.0,0.5,0.0,0.0,0.0,-0.001389907002663393,0.0,0.0,0.0,40.68610092997337,40.68610092997337,40.68610092997337,40.68610092997337,0.002023965803123362,0.0004190893263040704,0.0,0.0,0.0,0.002023965803123362,0.04637899837689474
7.152,0.0,0.0,0.5020271408343393,0.0,0.0,0.00041464724144177253,0.0,0.0,0.0,0.0,0.0,0.0,0.0,0.0,0.5,0.0,0.0,0.0,-0.0013888819847176492,0.0,0.0,0.0,40.68611118015283,40.68611118015283,40.68611118015283,40.68611118015283,0.0020271408343393027,0.00041464724144177253,0.0,0.0,0.0,0.0020271408343393027,0.13462700007949024
7.16,0.0,0.0,0.5020302822122144,0.0,0.0,0.00041025224002963967,0.0,0.0,0.0,0.0,0.0,0.0,0.0,0.0,0.5,0.0,0.0,0.0,-0.0013878678316323612,0.0,0.0,0.0,40.68612132168368,40.68612132168368,40.68612132168368,40.68612132168368,0.0020302822122143516,0.00041025224002963967,0.0,0.0,0.0,0.0020302822122143516,0.10751900117611513
7.168,0.0,0.0,0.502033390293454,0.0,0.0,0.0004059038230137129,0.0,0.0,0.0,0.0,0.0,0.0,0.0,0.0,0.5,0.0,0.0,0.0,-0.0013868644282546416,0.0,0.0,0.0,40.68613135571746,40.68613135571746,40.68613135571746,40.68613135571746,0.0020333902934539516,0.0004059038230137129,0.0,0.0,0.0,0.0020333902934539516,0.12851299834437668
7.176,0.0,0.0,0.5020364654309829,0.0,0.0,0.00040160149663476334,0.0,0.0,0.0,0.0,0.0,0.0,0.0,0.0,0.5,0.0,0.0,0.0,-0.0013858716606622856,0.0,0.0,0.0,40.68614128339338,40.68614128339338,40.68614128339338,40.68614128339338,0.0020364654309829033,0.00040160149663476334,0.0,0.0,0.0,0.0020364654309829033,0.11588200140977278
7.184,0.0,0.0,0.5020395079739849,0.0,0.0,0.00039734477235744476,0.0,0.0,0.0,0.0,0.0,0.0,0.0,0.0,0.5,0.0,0.0,0.0,-0.001384889416117474,0.0,0.0,0.0,40.68615110583883,40.68615110583883,40.68615110583883,40.68615110583883,0.0020395079739848887,0.00039734477235744476,0.0,0.0,0.0,0.0020395079739848887,0.07539899888797663
7.192,0.0,0.0,0.5020425182679428,0.0,0.0,0.00039313316683304444,0.0,0.0,0.0,0.0,0.0,0.0,0.0,0.0,0.5,0.0,0.0,0.0,-0.0013839175831001915,0.0,0.0,0.0,40.686160824169,40.686160824169,40.686160824169,40.686160824169,0.0020425182679427722,0.00039313316683304444,0.0,0.0,0.0,0.0020425182679427722,0.053629002650268376
7.2,0.0,0.0,0.5020454966546772,0.0,0.0,0.0003889662018280505,0.0,0.0,0.0,0.0,0.0,0.0,0.0,0.0,0.5,0.0,0.0,0.0,-0.0013829560512493844,0.0,0.0,0.0,40.68617043948751,40.68617043948751,40.68617043948751,40.68617043948751,0.002045496654677237,0.0003889662018280505,0.0,0.0,0.0,0.002045496654677237,0.041784998757066205
7.208,0.0,0.0,0.5020484434723859,0.0,0.0,0.000384843404178108,0.0,0.0,0.0,0.0,0.0,0.0,0.0,0.0,0.5,0.0,0.0,0.0,-0.0013820047113756173,0.0,0.0,0.0,40.68617995288625,40.68617995288625,40.68617995288625,40.68617995288625,0.0020484434723858636,0.000384843404178108,0.0,0.0,0.0,0.0020484434723858636,0.06668700007139705
7.216,0.0,0.0,0.5020513590556817,0.0,0.0,0.0003807643057373058,0.0,0.0,0.0,0.0,0.0,0.0,0.0,0.0,0.5,0.0,0.0,0.0,-0.0013810634554547452,0.0,0.0,0.0,40.68618936544546,40.68618936544546,40.68618936544546,40.68618936544546,0.0020513590556816563,0.0003807643057373058,0.0,0.0,0.0,0.0020513590556816563,0.06897500134073198
7.224,0.0,0.0,0.5020542437356308,0.0,0.0,0.00037672844331817785,0.0,0.0,0.0,0.0,0.0,0.0,0.0,0.0,0.5,0.0,0.0,0.0,-0.001380132176598825,0.0,0.0,0.0,40.686198678234014,40.686198678234014,40.686198678234014,40.686198678234014,0.0020542437356307897,0.00037672844331817785,0.0,0.0,0.0,0.0020542437356307897,0.07649200051673688
7.232,0.0,0.0,0.5020570978397902,0.0,0.0,0.0003727353586409277,0.0,0.0,0.0,0.0,0.0,0.0,0.0,0.0,0.5,0.0,0.0,0.0,-0.0013788237410486959,0.0,0.0,0.0,40.686211762589515,40.686211762589515,40.686211762589515,40.686211762589515,0.002057097839790245,0.0003727353586409277,0.0,0.0,0.0,0.002057097839790245,0.03317700247862376
7.24,0.0,0.0,0.5020599218116868,0.0,0.0,0.0003687875843264514,0.0,0.0,0.0,0.0,0.0,0.0,0.0,0.0,0.5,0.0,0.0,0.0,-0.0013780402967360494,0.0,0.0,0.0,40.68621959703264,40.68621959703264,40.68621959703264,40.68621959703264,0.0020599218116867934,0.0003687875843264514,0.0,0.0,0.0,0.0020599218116867934,0.041376002627657726
7.248,0.0,0.0,0.5020627159322522,0.0,0.0,0.0003648830815952525,0.0,0.0,0.0,0.0,0.0,0.0,0.0,0.0,0.5,0.0,0.0,0.0,-0.001376767421470193,0.0,0.0,0.0,40.6862323257853,40.6862323257853,40.6862323257853,40.6862323257853,0.002062715932252157,0.0003648830815952525,0.0,0.0,0.0,0.002062715932252157,0.0233430000662338
7.256,0.0,0.0,0.5020654806330977,0.0,0.0,0.0003610239864160074,0.0,0.0,0.0,0.0,0.0,0.0,0.0,0.0,0.5,0.0,0.0,0.0,-0.0013761284527664674,0.0,0.0,0.0,40.686238715472335,40.686238715472335,40.686238715472335,40.686238715472335,0.0020654806330977493,0.0003610239864160074,0.0,0.0,0.0,0.0020654806330977493,0.037347002944443375
7.264,0.0,0.0,0.5020682161496426,0.0,0.0,0.00035720710275376563,0.0,0.0,0.0,0.0,0.0,0.0,0.0,0.0,0.5,0.0,0.0,0.0,-0.001374892178273135,0.0,0.0,0.0,40.686251078217275,40.686251078217275,40.686251078217275,40.686251078217275,0.0020682161496425877,0.00035720710275376563,0.0,0.0,0.0,0.0020682161496425877,0.023863001842983067
7.272,0.0,0.0,0.5020709229013359,0.0,0.0,0.00035343447453645426,0.0,0.0,0.0,0.0,0.0,0.0,0.0,0.0,0.5,0.0,0.0,0.0,-0.0013743537537576067,0.0,0.0,0.0,40.686256462462424,40.686256462462424,40.686256462462424,40.686256462462424,0.0020709229013359254,0.00035343447453645426,0.0,0.0,0.0,0.0020709229013359254,0.038873000448802486
7.28,0.0,0.0,0.502073601091717,0.0,0.0,0.0003497023391547249,0.0,0.0,0.0,0.0,0.0,0.0,0.0,0.0,0.5,0.0,0.0,0.0,-0.0013731516210905292,0.0,0.0,0.0,40.6862684837891,40.6862684837891,40.6862684837891,40.6862684837891,0.002073601091716948,0.0003497023391547249,0.0,0.0,0.0,0.002073601091716948,0.05588000203715637
7.288,0.0,0.0,0.5020762511288891,0.0,0.0,0.00034601280062745933,0.0,0.0,0.0,0.0,0.0,0.0,0.0,0.0,0.5,0.0,0.0,0.0,-0.0013726766618391562,0.0,0.0,0.0,40.68627323338161,40.68627323338161,40.68627323338161,40.68627323338161,0.002076251128889095,0.00034601280062745933,0.0,0.0,0.0,0.002076251128889095,0.04469600025913678
7.296,0.0,0.0,0.5020788731960105,0.0,0.0,0.0003423619185376476,0.0,0.0,0.0,0.0,0.0,0.0,0.0,0.0,0.5,0.0,0.0,0.0,-0.0013715049854224892,0.0,0.0,0.0,40.686284950145776,40.686284950145776,40.686284950145776,40.686284950145776,0.0020788731960105222,0.0003423619185376476,0.0,0.0,0.0,0.0020788731960105222,0.020597002730937675
7.304,0.0,0.0,0.5020814676910175,0.0,0.0,0.0003387519100037868,0.0,0.0,0.0,0.0,0.0,0.0,0.0,0.0,0.5,0.0,0.0,0.0,-0.0013710684751022661,0.0,0.0,0.0,40.68628931524898,40.68628931524898,40.68628931524898,40.68628931524898,0.002081467691017469,0.0003387519100037868,0.0,0.0,0.0,0.002081467691017469,0.037454003177117556
7.312,0.0,0.0,0.5020840347844473,0.0,0.0,0.000335178863748737,0.0,0.0,0.0,0.0,0.0,0.0,0.0,0.0,0.5,0.0,0.0,0.0,-0.0013699235988460234,0.0,0.0,0.0,40.68630076401154,40.68630076401154,40.68630076401154,40.68630076401154,0.0020840347844472973,0.000335178863748737,0.0,0.0,0.0,0.0020840347844472973,0.02190300074289553
7.32,0.0,0.0,0.5020865748652269,0.0,0.0,0.00033164511048900335,0.0,0.0,0.0,0.0,0.0,0.0,0.0,0.0,0.5,0.0,0.0,0.0,-0.0013695097304571302,0.0,0.0,0.0,40.68630490269543,40.68630490269543,40.68630490269543,40.68630490269543,0.002086574865226898,0.00033164511048900335,0.0,0.0,0.0,0.002086574865226898,0.04115000047022477
7.328,0.0,0.0,0.5020890880961791,0.0,0.0,0.0003281468621971801,0.0,0.0,0.0,0.0,0.0,0.0,0.0,0.0,0.5,0.0,0.0,0.0,-0.0013683885795761075,0.0,0.0,0.0,40.68631611420424,40.68631611420424,40.68631611420424,40.68631611420424,0.002089088096179137,0.0003281468621971801,0.0,0.0,0.0,0.002089088096179137,0.041369999962626025
7.336,0.0,0.0,0.5020915748581922,0.0,0.0,0.0003246865400849317,0.0,0.0,0.0,0.0,0.0,0.0,0.0,0.0,0.5,0.0,0.0,0.0,-0.001367987625148115,0.0,0.0,0.0,40.68632012374852,40.68632012374852,40.68632012374852,40.68632012374852,0.0020915748581922244,0.0003246865400849317,0.0,0.0,0.0,0.0020915748581922244,0.0895489974936936
7.344,0.0,0.0,0.5020940353093972,0.0,0.0,0.0003212605121929382,0.0,0.0,0.0,0.0,0.0,0.0,0.0,0.0,0.5,0.0,0.0,0.0,-0.001366887865139832,0.0,0.0,0.0,40.6863311213486,40.6863311213486,40.6863311213486,40.6863311213486,0.002094035309397224,0.0003212605121929382,0.0,0.0,0.0,0.002094035309397224,0.04082600207766518
7.352,0.0,0.0,0.5020964698233805,0.0,0.0,0.00031787125933674984,0.0,0.0,0.0,0.0,0.0,0.0,0.0,0.0,0.5,0.0,0.0,0.0,-0.0013664939921761432,0.0,0.0,0.0,40.68633506007824,40.68633506007824,40.68633506007824,40.68633506007824,0.00209646982338052,0.00031787125933674984,0.0,0.0,0.0,0.00209646982338052,0.0491600003442727
7.36,0.0,0.0,0.502098878555397,0.0,0.0,0.00031451530788220635,0.0,0.0,0.0,0.0,0.0,0.0,0.0,0.0,0.5,0.0,0.0,0.0,-0.0013654139950081134,0.0,0.0,0.0,40.68634586004992,40.68634586004992,40.68634586004992,40.68634586004992,0.0020988785553970324,0.00031451530788220635,0.0,0.0,0.0,0.0020988785553970324,0.024912998924264684
7.368,0.0,0.0,0.502101261872247,0.0,0.0,0.0003111951675553996,0.0,0.0,0.0,0.0,0.0,0.0,0.0,0.0,0.5,0.0,0.0,0.0,-0.001365023880980365,0.0,0.0,0.0,40.6863497611902,40.6863497611902,40.6863497611902,40.6863497611902,0.0021012618722470178,0.0003111951675553996,0.0,0.0,0.0,0.0021012618722470178,0.04023399742436595
7.376,0.0,0.0,0.5021036199273471,0.0,0.0,0.000307907511546101,0.0,0.0,0.0,0.0,0.0,0.0,0.0,0.0,0.5,0.0,0.0,0.0,-0.0013639626105467206,0.0,0.0,0.0,40.68636037389454,40.68636037389454,40.68636037389454,40.68636037389454,0.002103619927347089,0.000307907511546101,0.0,0.0,0.0,0.002103619927347089,0.025210996682289988
7.384,0.0,0.0,0.5021059530810423,0.0,0.0,0.00030465485161798643,0.0,0.0,0.0,0.0,0.0,0.0,0.0,0.0,0.5,0.0,0.0,0.0,-0.0013635745668326704,0.0,0.0,0.0,40.68636425433168,40.68636425433168,40.68636425433168,40.68636425433168,0.0021059530810423333,0.00030465485161798643,0.0,0.0,0.0,0.0021059530810423333,0.08655900091980584
7.392,0.0,0.0,0.502108261485443,0.0,0.0,0.00030143399131015195,0.0,0.0,0.0,0.0,0.0,0.0,0.0,0.0,0.5,0.0,0.0,0.0,-0.001362531441985726,0.0,0.0,0.0,40.68637468558015,40.68637468558015,40.68637468558015,40.68637468558015,0.0021082614854429638,0.00030143399131015195,0.0,0.0,0.0,0.0021082614854429638,0.12191800124128349
7.4,0.0,0.0,0.5021105454946284,0.0,0.0,0.0002982474226843526,0.0,0.0,0.0,0.0,0.0,0.0,0.0,0.0,0.5,0.0,0.0,0.0,-0.0013621448427491023,0.0,0.0,0.0,40.68637855157251,40.68637855157251,40.68637855157251,40.68637855157251,0.002110545494628413,0.0002982474226843526,0.0,0.0,0.0,0.002110545494628413,0.1419260006514378
7.408,0.0,0.0,0.5021128052596053,0.0,0.0,0.00029509206257047197,0.0,0.0,0.0,0.0,0.0,0.0,0.0,0.0,0.5,0.0,0.0,0.0,-0.0013611196062823794,0.0,0.0,0.0,40.68638880393718,40.68638880393718,40.68638880393718,40.68638880393718,0.0021128052596053326,0.00029509206257047197,0.0,0.0,0.0,0.0021128052596053326,0.06566700176335871
7.416,0.0,0.0,0.5021150411282764,0.0,0.0,0.00029197036683379247,0.0,0.0,0.0,0.0,0.0,0.0,0.0,0.0,0.5,0.0,0.0,0.0,-0.001360734502093064,0.0,0.0,0.0,40.68639265497907,40.68639265497907,40.68639265497907,40.68639265497907,0.002115041128276429,0.00029197036683379247,0.0,0.0,0.0,0.002115041128276429,0.05545400199480355
7.424,0.0,0.0,0.5021172532505389,0.0,0.0,0.0002888793500290178,0.0,0.0,0.0,0.0,0.0,0.0,0.0,0.0,0.5,0.0,0.0,0.0,-0.001359727107992259,0.0,0.0,0.0,40.68640272892008,40.68640272892008,40.68640272892008,40.68640272892008,0.0021172532505389086,0.0002888793500290178,0.0,0.0,0.0,0.0021172532505389086,0.060466001741588116
7.432,0.0,0.0,0.5021194419681424,0.0,0.0,0.0002858214201104819,0.0,0.0,0.0,0.0,0.0,0.0,0.0,0.0,0.5,0.0,0.0,0.0,-0.0013593439571709665,0.0,0.0,0.0,40.686406560428296,40.686406560428296,40.686406560428296,40.686406560428296,0.0021194419681423993,0.0002858214201104819,0.0,0.0,0.0,0.0021194419681423993,0.12457000048016198
7.44,0.0,0.0,0.5021216074297423,0.0,0.0,0.0002827936760864697,0.0,0.0,0.0,0.0,0.0,0.0,0.0,0.0,0.5,0.0,0.0,0.0,-0.0013583544800350733,0.0,0.0,0.0,40.686416455199655,40.686416455199655,40.686416455199655,40.686416455199655,0.0021216074297423226,0.0002827936760864697,0.0,0.0,0.0,0.0021216074297423226,0.10085499889100902
7.448,0.0,0.0,0.5021237499709219,0.0,0.0,0.00027979847035877325,0.0,0.0,0.0,0.0,0.0,0.0,0.0,0.0,0.5,0.0,0.0,0.0,-0.001357973959785097,0.0,0.0,0.0,40.68642026040215,40.68642026040215,40.68642026040215,40.68642026040215,0.0021237499709219065,0.00027979847035877325,0.0,0.0,0.0,0.0021237499709219065,0.11188600183231756
7.456,0.0,0.0,0.5021258697388957,0.0,0.0,0.00027683297563247603,0.0,0.0,0.0,0.0,0.0,0.0,0.0,0.0,0.5,0.0,0.0,0.0,-0.0013570025261316898,0.0,0.0,0.0,40.68642997473869,40.68642997473869,40.68642997473869,40.68642997473869,0.002125869738895725,0.00027683297563247603,0.0,0.0,0.0,0.002125869738895725,0.0642990016785916
7.464,0.0,0.0,0.5021279670630512,0.0,0.0,0.0002738994843924542,0.0,0.0,0.0,0.0,0.0,0.0,0.0,0.0,0.5,0.0,0.0,0.0,-0.0013566254008954282,0.0,0.0,0.0,40.686433745991046,40.686433745991046,40.686433745991046,40.686433745991046,0.0021279670630511838,0.0002738994843924542,0.0,0.0,0.0,0.0021279670630511838,0.07176100189099088
7.472,0.0,0.0,0.5021300420889359,0.0,0.0,0.0002709952346308024,0.0,0.0,0.0,0.0,0.0,0.0,0.0,0.0,0.5,0.0,0.0,0.0,-0.0013556721399633487,0.0,0.0,0.0,40.68644327860037,40.68644327860037,40.68644327860037,40.68644327860037,0.0021300420889358573,0.0002709952346308024,0.0,0.0,0.0,0.0021300420889358573,0.053450999985216185
7.48,0.0,0.0,0.5021320951397118,0.0,0.0,0.0002681224571031636,0.0,0.0,0.0,0.0,0.0,0.0,0.0,0.0,0.5,0.0,0.0,0.0,-0.001355299172142721,0.0,0.0,0.0,40.68644700827858,40.68644700827858,40.68644700827858,40.68644700827858,0.002132095139711798,0.0002681224571031636,0.0,0.0,0.0,0.002132095139711798,0.047639001422794536
7.488,0.0,0.0,0.5021341263590346,0.0,0.0,0.00026527844875380856,0.0,0.0,0.0,0.0,0.0,0.0,0.0,0.0,0.5,0.0,0.0,0.0,-0.0013543641831199604,0.0,0.0,0.0,40.686456358168805,40.686456358168805,40.686456358168805,40.686456358168805,0.0021341263590346493,0.00026527844875380856,0.0,0.0,0.0,0.0021341263590346493,0.0348979992850218
7.496,0.0,0.0,0.5021361360638211,0.0,0.0,0.0002624653786649578,0.0,0.0,0.0,0.0,0.0,0.0,0.0,0.0,0.5,0.0,0.0,0.0,-0.0013539960756995262,0.0,0.0,0.0,40.68646003924301,40.68646003924301,40.68646003924301,40.68646003924301,0.0021361360638211258,0.0002624653786649578,0.0,0.0,0.0,0.0021361360638211258,0.05098999827168882
7.5040000000000004,0.0,0.0,0.5021381243956284,0.0,0.0,0.00025968059811477053,0.0,0.0,0.0,0.0,0.0,0.0,0.0,0.0,0.5,0.0,0.0,0.0,-0.0013530794080470754,0.0,0.0,0.0,40.68646920591953,40.68646920591953,40.68646920591953,40.68646920591953,0.002138124395628438,0.00025968059811477053,0.0,0.0,0.0,0.002138124395628438,0.03460500010987744
7.5120000000000005,0.0,0.0,0.5021400916651234,0.0,0.0,0.0002569262158661539,0.0,0.0,0.0,0.0,0.0,0.0,0.0,0.0,0.5,0.0,0.0,0.0,-0.001352716771036655,0.0,0.0,0.0,40.68647283228964,40.68647283228964,40.68647283228964,40.68647283228964,0.0021400916651234114,0.0002569262158661539,0.0,0.0,0.0,0.0021400916651234114,0.048785001126816496
7.5200000000000005,0.0,0.0,0.5021420380115875,0.0,0.0,0.00025419963429567483,0.0,0.0,0.0,0.0,0.0,0.0,0.0,0.0,0.5,0.0,0.0,0.0,-0.001351818414818462,0.0,0.0,0.0,40.68648181585182,40.68648181585182,40.68648181585182,40.68648181585182,0.0021420380115875215,0.00025419963429567483,0.0,0.0,0.0,0.0021420380115875215,0.02428299922030419
7.5280000000000005,0.0,0.0,0.5021439637394519,0.0,0.0,0.0002515029040463798,0.0,0.0,0.0,0.0,0.0,0.0,0.0,0.0,0.5,0.0,0.0,0.0,-0.0013514617492065284,0.0,0.0,0.0,40.68648538250794,40.68648538250794,40.68648538250794,40.68648538250794,0.002143963739451915,0.0002515029040463798,0.0,0.0,0.0,0.002143963739451915,0.03554800059646368
7.5360000000000005,0.0,0.0,0.5021458689855786,0.0,0.0,0.0002488334764031872,0.0,0.0,0.0,0.0,0.0,0.0,0.0,0.0,0.5,0.0,0.0,0.0,-0.0013505816327392672,0.0,0.0,0.0,40.68649418367261,40.68649418367261,40.68649418367261,40.68649418367261,0.0021458689855785584,0.0002488334764031872,0.0,0.0,0.0,0.0021458689855785584,0.019146998965879902
7.5440000000000005,0.0,0.0,0.5021477540481963,0.0,0.0,0.0002461933465670272,0.0,0.0,0.0,0.0,0.0,0.0,0.0,0.0,0.5,0.0,0.0,0.0,-0.001350231326859963,0.0,0.0,0.0,40.6864976867314,40.6864976867314,40.6864976867314,40.6864976867314,0.0021477540481963375,0.0002461933465670272,0.0,0.0,0.0,0.0021477540481963375,0.03580500197131187
7.5520000000000005,0.0,0.0,0.5021496190616394,0.0,0.0,0.0002435800133289783,0.0,0.0,0.0,0.0,0.0,0.0,0.0,0.0,0.5,0.0,0.0,0.0,-0.0013493693193999956,0.0,0.0,0.0,40.686506306806,40.686506306806,40.686506306806,40.686506306806,0.002149619061639352,0.0002435800133289783,0.0,0.0,0.0,0.002149619061639352,0.01990899909287691
7.5600000000000005,0.0,0.0,0.5021514643179857,0.0,0.0,0.0002409954193229046,0.0,0.0,0.0,0.0,0.0,0.0,0.0,0.0,0.5,0.0,0.0,0.0,-0.0013490256537421752,0.0,0.0,0.0,40.68650974346258,40.68650974346258,40.68650974346258,40.68650974346258,0.0021514643179857407,0.0002409954193229046,0.0,0.0,0.0,0.0021514643179857407,0.037867001083213836
7.5680000000000005,0.0,0.0,0.5021532899489662,0.0,0.0,0.0002384371099708468,0.0,0.0,0.0,0.0,0.0,0.0,0.0,0.0,0.5,0.0,0.0,0.0,-0.0013481815713326517,0.0,0.0,0.0,40.686518184286676,40.686518184286676,40.686518184286676,40.686518184286676,0.0021532899489662416,0.0002384371099708468,0.0,0.0,0.0,0.0021532899489662416,0.023337001039180905
7.5760000000000005,0.0,0.0,0.5021550962405765,0.0,0.0,0.00023590697823379144,0.0,0.0,0.0,0.0,0.0,0.0,0.0,0.0,0.5,0.0,0.0,0.0,-0.0013478447285409922,0.0,0.0,0.0,40.686521552714595,40.686521552714595,40.686521552714595,40.686521552714595,0.002155096240576526,0.00023590697823379144,0.0,0.0,0.0,0.002155096240576526,0.038317000871757045
7.5840000000000005,0.0,0.0,0.5021568833218991,0.0,0.0,0.00023340261565179925,0.0,0.0,0.0,0.0,0.0,0.0,0.0,0.0,0.5,0.0,0.0,0.0,-0.0013470183416547377,0.0,0.0,0.0,40.68652981658346,40.68652981658346,40.68652981658346,40.68652981658346,0.002156883321899117,0.00023340261565179925,0.0,0.0,0.0,0.002156883321899117,0.02345200118725188
7.5920000000000005,0.0,0.0,0.5021586514729293,0.0,0.0,0.0002309258682750878,0.0,0.0,0.0,0.0,0.0,0.0,0.0,0.0,0.5,0.0,0.0,0.0,-0.0013466884194510698,0.0,0.0,0.0,40.68653311580549,40.68653311580549,40.68653311580549,40.68653311580549,0.0021586514729292627,0.0002309258682750878,0.0,0.0,0.0,0.0021586514729292627,0.04019799962406978
7.6000000000000005,0.0,0.0,0.5021604008200821,0.0,0.0,0.0002284743734401162,0.0,0.0,0.0,0.0,0.0,0.0,0.0,0.0,0.5,0.0,0.0,0.0,-0.0013458794612981606,0.0,0.0,0.0,40.68654120538702,40.68654120538702,40.68654120538702,40.68654120538702,0.0021604008200820646,0.0002284743734401162,0.0,0.0,0.0,0.0021604008200820646,0.07504099994548596
7.6080000000000005,0.0,0.0,0.5021621316374462,0.0,0.0,0.0002260499328545533,0.0,0.0,0.0,0.0,0.0,0.0,0.0,0.0,0.5,0.0,0.0,0.0,-0.0013455564864359726,0.0,0.0,0.0,40.686544435135644,40.686544435135644,40.686544435135644,40.686544435135644,0.002162131637446163,0.0002260499328545533,0.0,0.0,0.0,0.002162131637446163,0.07890599954407662
7.6160000000000005,0.0,0.0,0.5021638440487722,0.0,0.0,0.00022365022943542665,0.0,0.0,0.0,0.0,0.0,0.0,0.0,0.0,0.5,0.0,0.0,0.0,-0.0013447646612541053,0.0,0.0,0.0,40.68655235338746,40.68655235338746,40.68655235338746,40.68655235338746,0.0021638440487722344,0.00022365022943542665,0.0,0.0,0.0,0.0021638440487722344,0.05497399979503825
7.6240000000000006,0.0,0.0,0.5021655383223446,0.0,0.0,0.00022127702285654096,0.0,0.0,0.0,0.0,0.0,0.0,0.0,0.0,0.5,0.0,0.0,0.0,-0.001344448603400994,0.0,0.0,0.0,40.68655551396599,40.68655551396599,40.68655551396599,40.68655551396599,0.0021655383223445623,0.00022127702285654096,0.0,0.0,0.0,0.0021655383223445623,0.17185500109917484
7.632000000000001,0.0,0.0,0.5021672145792698,0.0,0.0,0.00021892804141685404,0.0,0.0,0.0,0.0,0.0,0.0,0.0,0.0,0.5,0.0,0.0,0.0,-0.001343673594171646,0.0,0.0,0.0,40.686563264058286,40.686563264058286,40.686563264058286,40.686563264058286,0.002167214579269827,0.00021892804141685404,0.0,0.0,0.0,0.002167214579269827,0.0868479983182624
7.640000000000001,0.0,0.0,0.5021688730821368,0.0,0.0,0.00021660500480673962,0.0,0.0,0.0,0.0,0.0,0.0,0.0,0.0,0.5,0.0,0.0,0.0,-0.0013433643788135496,0.0,0.0,0.0,40.68656635621187,40.68656635621187,40.68656635621187,40.68656635621187,0.0021688730821367574,0.00021660500480673962,0.0,0.0,0.0,0.0021688730821367574,0.06632900112890638
7.648000000000001,0.0,0.0,0.5021705139494418,0.0,0.0,0.00021430568647115534,0.0,0.0,0.0,0.0,0.0,0.0,0.0,0.0,0.5,0.0,0.0,0.0,-0.0013426058541371466,0.0,0.0,0.0,40.68657394145863,40.68657394145863,40.68657394145863,40.68657394145863,0.002170513949441788,0.00021430568647115534,0.0,0.0,0.0,0.002170513949441788,0.049108999519376084
7.656000000000001,0.0,0.0,0.5021721374381912,0.0,0.0,0.00021203176791282337,0.0,0.0,0.0,0.0,0.0,0.0,0.0,0.0,0.5,0.0,0.0,0.0,-0.001342303374056164,0.0,0.0,0.0,40.686576966259445,40.686576966259445,40.686576966259445,40.686576966259445,0.002172137438191224,0.00021203176791282337,0.0,0.0,0.0,0.002172137438191224,0.05002399848308414
7.664000000000001,0.0,0.0,0.502173743664315,0.0,0.0,0.00020978106742460122,0.0,0.0,0.0,0.0,0.0,0.0,0.0,0.0,0.5,0.0,0.0,0.0,-0.0013415609940350404,0.0,0.0,0.0,40.68658439005965,40.68658439005965,40.68658439005965,40.68658439005965,0.0021737436643149977,0.00020978106742460122,0.0,0.0,0.0,0.0021737436643149977,0.03536100120982155
7.672000000000001,0.0,0.0,0.5021753328793525,0.0,0.0,0.00020755522987608968,0.0,0.0,0.0,0.0,0.0,0.0,0.0,0.0,0.5,0.0,0.0,0.0,-0.0013412651191464509,0.0,0.0,0.0,40.68658734880854,40.68658734880854,40.68658734880854,40.68658734880854,0.002175332879352454,0.00020755522987608968,0.0,0.0,0.0,0.002175332879352454,0.07289900167961605
7.68,0.0,0.0,0.5021769051967176,0.0,0.0,0.00020535211803074908,0.0,0.0,0.0,0.0,0.0,0.0,0.0,0.0,0.5,0.0,0.0,0.0,-0.0013405385402335268,0.0,0.0,0.0,40.68659461459767,40.68659461459767,40.68659461459767,40.68659461459767,0.002176905196717649,0.00020535211803074908,0.0,0.0,0.0,0.002176905196717649,0.06808299804106355
7.688,0.0,0.0,0.5021784608625992,0.0,0.0,0.00020317334146356255,0.0,0.0,0.0,0.0,0.0,0.0,0.0,0.0,0.5,0.0,0.0,0.0,-0.001340249125694637,0.0,0.0,0.0,40.686597508743056,40.686597508743056,40.686597508743056,40.686597508743056,0.0021784608625992075,0.00020317334146356255,0.0,0.0,0.0,0.0021784608625992075,0.04670700218412094
7.696,0.0,0.0,0.5021799999879504,0.0,0.0,0.0002010168069500684,0.0,0.0,0.0,0.0,0.0,0.0,0.0,0.0,0.5,0.0,0.0,0.0,-0.0013395380045396754,0.0,0.0,0.0,40.68660461995461,40.68660461995461,40.68660461995461,40.68660461995461,0.002179999987950376,0.0002010168069500684,0.0,0.0,0.0,0.002179999987950376,0.02141599907190539
7.704,0.0,0.0,0.5021815228137252,0.0,0.0,0.00019888408993039075,0.0,0.0,0.0,0.0,0.0,0.0,0.0,0.0,0.5,0.0,0.0,0.0,-0.0013392548972281926,0.0,0.0,0.0,40.68660745102772,40.68660745102772,40.68660745102772,40.68660745102772,0.0021815228137251896,0.00019888408993039075,0.0,0.0,0.0,0.0021815228137251896,0.054143998568179086
7.712,0.0,0.0,0.5021830294484732,0.0,0.0,0.00019677314064333424,0.0,0.0,0.0,0.0,0.0,0.0,0.0,0.0,0.5,0.0,0.0,0.0,-0.0013385588936239978,0.0,0.0,0.0,40.686614411063765,40.686614411063765,40.686614411063765,40.686614411063765,0.0021830294484731505,0.00019677314064333424,0.0,0.0,0.0,0.0021830294484731505,0.025720000849105418
7.72,0.0,0.0,0.5021845201280288,0.0,0.0,0.00019468550140672698,0.0,0.0,0.0,0.0,0.0,0.0,0.0,0.0,0.5,0.0,0.0,0.0,-0.0013382819371143828,0.0,0.0,0.0,40.68661718062886,40.68661718062886,40.68661718062886,40.68661718062886,0.002184520128028833,0.00019468550140672698,0.0,0.0,0.0,0.002184520128028833,0.044947002606932074
7.728,0.0,0.0,0.5021859949585961,0.0,0.0,0.00019261916530606692,0.0,0.0,0.0,0.0,0.0,0.0,0.0,0.0,0.5,0.0,0.0,0.0,-0.0013376007161609582,0.0,0.0,0.0,40.68662399283839,40.68662399283839,40.68662399283839,40.68662399283839,0.0021859949585960603,0.00019261916530606692,0.0,0.0,0.0,0.0021859949585960603,0.02063399733742699
7.736,0.0,0.0,0.5021874541710029,0.0,0.0,0.0001905756424147487,0.0,0.0,0.0,0.0,0.0,0.0,0.0,0.0,0.5,0.0,0.0,0.0,-0.001337329754402261,0.0,0.0,0.0,40.68662670245598,40.68662670245598,40.68662670245598,40.68662670245598,0.002187454171002856,0.0001905756424147487,0.0,0.0,0.0,0.002187454171002856,0.03455299884080887
7.744,0.0,0.0,0.5021888978691651,0.0,0.0,0.00018855296798780152,0.0,0.0,0.0,0.0,0.0,0.0,0.0,0.0,0.5,0.0,0.0,0.0,-0.0013366629879755232,0.0,0.0,0.0,40.68663337012025,40.68663337012025,40.68663337012025,40.68663337012025,0.002188897869165096,0.00018855296798780152,0.0,0.0,0.0,0.002188897869165096,0.019467999663902447
7.752,0.0,0.0,0.5021903262790149,0.0,0.0,0.00018655262063639792,0.0,0.0,0.0,0.0,0.0,0.0,0.0,0.0,0.5,0.0,0.0,0.0,-0.0013363978678543331,0.0,0.0,0.0,40.68663602132146,40.68663602132146,40.68663602132146,40.68663602132146,0.0021903262790149425,0.00018655262063639792,0.0,0.0,0.0,0.0021903262790149425,0.03421099972911179
7.76,0.0,0.0,0.502191739502237,0.0,0.0,0.0001845726770591709,0.0,0.0,0.0,0.0,0.0,0.0,0.0,0.0,0.5,0.0,0.0,0.0,-0.001335745235544139,0.0,0.0,0.0,40.68664254764456,40.68664254764456,40.68664254764456,40.68664254764456,0.0021917395022369446,0.0001845726770591709,0.0,0.0,0.0,0.0021917395022369446,0.019551996956579387
7.768,0.0,0.0,0.5021931377599758,0.0,0.0,0.00018261458511773863,0.0,0.0,0.0,0.0,0.0,0.0,0.0,0.0,0.5,0.0,0.0,0.0,-0.001335101044716569,0.0,0.0,0.0,40.686648989552836,40.686648989552836,40.686648989552836,40.686648989552836,0.0021931377599757607,0.00018261458511773863,0.0,0.0,0.0,0.0021931377599757607,0.019298000552225858
7.776,0.0,0.0,0.5021945212704835,0.0,0.0,0.00018067943078701904,0.0,0.0,0.0,0.0,0.0,0.0,0.0,0.0,0.5,0.0,0.0,0.0,-0.0013349100585757778,0.0,0.0,0.0,40.686650899414246,40.686650899414246,40.686650899414246,40.686650899414246,0.002194521270483474,0.00018067943078701904,0.0,0.0,0.0,0.002194521270483474,0.03455900150584057
7.784,0.0,0.0,0.5021958901118626,0.0,0.0,0.00017876457910798077,0.0,0.0,0.0,0.0,0.0,0.0,0.0,0.0,0.5,0.0,0.0,0.0,-0.0013342829592360994,0.0,0.0,0.0,40.68665717040764,40.68665717040764,40.68665717040764,40.68665717040764,0.0021958901118626084,0.00017876457910798077,0.0,0.0,0.0,0.0021958901118626084,0.03408699922147207
7.792,0.0,0.0,0.5021972444967057,0.0,0.0,0.00017687128436276656,0.0,0.0,0.0,0.0,0.0,0.0,0.0,0.0,0.5,0.0,0.0,0.0,-0.0013336647899058196,0.0,0.0,0.0,40.68666335210094,40.68666335210094,40.68666335210094,40.68666335210094,0.0021972444967056637,0.00017687128436276656,0.0,0.0,0.0,0.0021972444967056637,0.037136000173632056
7.8,0.0,0.0,0.502198584634573,0.0,0.0,0.00017500047417383805,0.0,0.0,0.0,0.0,0.0,0.0,0.0,0.0,0.5,0.0,0.0,0.0,-0.0013335472648795532,0.0,0.0,0.0,40.686664527351205,40.686664527351205,40.686664527351205,40.686664527351205,0.0021985846345730087,0.00017500047417383805,0.0,0.0,0.0,0.0021985846345730087,0.04658699981519021
7.808,0.0,0.0,0.5021999105802459,0.0,0.0,0.00017314902116220346,0.0,0.0,0.0,0.0,0.0,0.0,0.0,0.0,0.5,0.0,0.0,0.0,-0.001332945684788922,0.0,0.0,0.0,40.68667054315211,40.68667054315211,40.68667054315211,40.68667054315211,0.002199910580245934,0.00017314902116220346,0.0,0.0,0.0,0.002199910580245934,0.025092998839681968
7.816,0.0,0.0,0.5022012225378215,0.0,0.0,0.00017131815631921842,0.0,0.0,0.0,0.0,0.0,0.0,0.0,0.0,0.5,0.0,0.0,0.0,-0.001332352277920501,0.0,0.0,0.0,40.6866764772208,40.6866764772208,40.6866764772208,40.6866764772208,0.0022012225378215122,0.00017131815631921842,0.0,0.0,0.0,0.0022012225378215122,0.022792999516241252
7.824,0.0,0.0,0.5022025207086095,0.0,0.0,0.00016950879475481926,0.0,0.0,0.0,0.0,0.0,0.0,0.0,0.0,0.5,0.0,0.0,0.0,-0.0013322843680763086,0.0,0.0,0.0,40.68667715631924,40.68667715631924,40.68667715631924,40.68667715631924,0.00220252070860949,0.00016950879475481926,0.0,0.0,0.0,0.00220252070860949,0.03936800203518942
7.832,0.0,0.0,0.5022038051105231,0.0,0.0,0.00016771708364395025,0.0,0.0,0.0,0.0,0.0,0.0,0.0,0.0,0.5,0.0,0.0,0.0,-0.0013317046341784211,0.0,0.0,0.0,40.68668295365822,40.68668295365822,40.68668295365822,40.68668295365822,0.002203805110523094,0.00016771708364395025,0.0,0.0,0.0,0.002203805110523094,0.02513199797249399
7.84,0.0,0.0,0.5022050759613256,0.0,0.0,0.00016594493697720224,0.0,0.0,0.0,0.0,0.0,0.0,0.0,0.0,0.5,0.0,0.0,0.0,-0.0013311321599670523,0.0,0.0,0.0,40.68668867840033,40.68668867840033,40.68668867840033,40.68668867840033,0.0022050759613255755,0.00016594493697720224,0.0,0.0,0.0,0.0022050759613255755,0.08306199742946774
7.848,0.0,0.0,0.5022063334552987,0.0,0.0,0.00016419329891107252,0.0,0.0,0.0,0.0,0.0,0.0,0.0,0.0,0.5,0.0,0.0,0.0,-0.0013310913206029396,0.0,0.0,0.0,40.686689086793976,40.686689086793976,40.686689086793976,40.686689086793976,0.002206333455298748,0.00016419329891107252,0.0,0.0,0.0,0.002206333455298748,0.11520599946379662
7.856,0.0,0.0,0.5022075776097972,0.0,0.0,0.00016245850158949323,0.0,0.0,0.0,0.0,0.0,0.0,0.0,0.0,0.5,0.0,0.0,0.0,-0.0013305310840266982,0.0,0.0,0.0,40.68669468915974,40.68669468915974,40.68669468915974,40.68669468915974,0.0022075776097971733,0.00016245850158949323,0.0,0.0,0.0,0.0022075776097971733,0.14148500122246332
7.864,0.0,0.0,0.5022088086276546,0.0,0.0,0.00016074224770729918,0.0,0.0,0.0,0.0,0.0,0.0,0.0,0.0,0.5,0.0,0.0,0.0,-0.0013299771541425143,0.0,0.0,0.0,40.68670022845858,40.68670022845858,40.68670022845858,40.68670022845858,0.0022088086276546015,0.00016074224770729918,0.0,0.0,0.0,0.0022088086276546015,0.1353070001641754
7.872,0.0,0.0,0.5022100266968913,0.0,0.0,0.00015904552908326393,0.0,0.0,0.0,0.0,0.0,0.0,0.0,0.0,0.5,0.0,0.0,0.0,-0.001329949486993609,0.0,0.0,0.0,40.68670050513007,40.68670050513007,40.68670050513007,40.68670050513007,0.0022100266968912985,0.00015904552908326393,0.0,0.0,0.0,0.0022100266968912985,0.06791299892938696
7.88,0.0,0.0,0.5022112318343315,0.0,0.0,0.000157364859270973,0.0,0.0,0.0,0.0,0.0,0.0,0.0,0.0,0.5,0.0,0.0,0.0,-0.0013294063417931268,0.0,0.0,0.0,40.68670593658207,40.68670593658207,40.68670593658207,40.68670593658207,0.002211231834331473,0.000157364859270973,0.0,0.0,0.0,0.002211231834331473,0.03679699875647202
7.888,0.0,0.0,0.5022124242329394,0.0,0.0,0.00015570185261585748,0.0,0.0,0.0,0.0,0.0,0.0,0.0,0.0,0.5,0.0,0.0,0.0,-0.0013288687610047978,0.0,0.0,0.0,40.68671131238995,40.68671131238995,40.68671131238995,40.68671131238995,0.002212424232939436,0.00015570185261585748,0.0,0.0,0.0,0.002212424232939436,0.039880000258563086
7.896,0.0,0.0,0.5022136040751729,0.0,0.0,0.0001540575379293723,0.0,0.0,0.0,0.0,0.0,0.0,0.0,0.0,0.5,0.0,0.0,0.0,-0.001328845529868783,0.0,0.0,0.0,40.68671154470132,40.68671154470132,40.68671154470132,40.68671154470132,0.0022136040751729036,0.0001540575379293723,0.0,0.0,0.0,0.0022136040751729036,0.04317999992053956
7.904,0.0,0.0,0.5022147713773465,0.0,0.0,0.00015242858468319956,0.0,0.0,0.0,0.0,0.0,0.0,0.0,0.0,0.5,0.0,0.0,0.0,-0.0013283176240257433,0.0,0.0,0.0,40.686716823759745,40.686716823759745,40.686716823759745,40.686716823759745,0.0022147713773464917,0.00015242858468319956,0.0,0.0,0.0,0.0022147713773464917,0.09190899800159968
7.912,0.0,0.0,0.5022159263258434,0.0,0.0,0.0001508165801703311,0.0,0.0,0.0,0.0,0.0,0.0,0.0,0.0,0.5,0.0,0.0,0.0,-0.0013277948023664443,0.0,0.0,0.0,40.68672205197634,40.68672205197634,40.68672205197634,40.68672205197634,0.0022159263258434425,0.0001508165801703311,0.0,0.0,0.0,0.0022159263258434425,0.07857899981900118
7.92,0.0,0.0,0.5022170690980663,0.0,0.0,0.00014922256970753366,0.0,0.0,0.0,0.0,0.0,0.0,0.0,0.0,0.5,0.0,0.0,0.0,-0.001327770991053856,0.0,0.0,0.0,40.68672229008946,40.68672229008946,40.68672229008946,40.68672229008946,0.0022170690980662933,0.00014922256970753366,0.0,0.0,0.0,0.0022170690980662933,0.11668699880829081
7.928,0.0,0.0,0.5022181997098357,0.0,0.0,0.00014764335000174556,0.0,0.0,0.0,0.0,0.0,0.0,0.0,0.0,0.5,0.0,0.0,0.0,-0.001327257140245064,0.0,0.0,0.0,40.68672742859755,40.68672742859755,40.68672742859755,40.68672742859755,0.002218199709835722,0.00014764335000174556,0.0,0.0,0.0,0.002218199709835722,0.028664999263128266
7.936,0.0,0.0,0.5022193183428832,0.0,0.0,0.000146080506189533,0.0,0.0,0.0,0.0,0.0,0.0,0.0,0.0,0.5,0.0,0.0,0.0,-0.0013267481182676066,0.0,0.0,0.0,40.68673251881733,40.68673251881733,40.68673251881733,40.68673251881733,0.0022193183428832475,0.000146080506189533,0.0,0.0,0.0,0.0022193183428832475,0.021691001165891066
7.944,0.0,0.0,0.5022204251698653,0.0,0.0,0.0001445350795032983,0.0,0.0,0.0,0.0,0.0,0.0,0.0,0.0,0.5,0.0,0.0,0.0,-0.001326721274224285,0.0,0.0,0.0,40.68673278725776,40.68673278725776,40.68673278725776,40.68673278725776,0.0022204251698653144,0.0001445350795032983,0.0,0.0,0.0,0.0022204251698653144,0.036445002479013056
7.952,0.0,0.0,0.5022215202061218,0.0,0.0,0.00014300397001385865,0.0,0.0,0.0,0.0,0.0,0.0,0.0,0.0,0.5,0.0,0.0,0.0,-0.0013262208574815748,0.0,0.0,0.0,40.68673779142519,40.68673779142519,40.68673779142519,40.68673779142519,0.002221520206121763,0.00014300397001385865,0.0,0.0,0.0,0.002221520206121763,0.019749000784941018
7.96,0.0,0.0,0.5022226036296936,0.0,0.0,0.00014148876530751414,0.0,0.0,0.0,0.0,0.0,0.0,0.0,0.0,0.5,0.0,0.0,0.0,-0.0013257251726787045,0.0,0.0,0.0,40.68674274827322,40.68674274827322,40.68674274827322,40.68674274827322,0.0022226036296936202,0.00014148876530751414,0.0,0.0,0.0,0.0022226036296936202,0.019882001652149484
7.968,0.0,0.0,0.5022236756086458,0.0,0.0,0.0001399904860500291,0.0,0.0,0.0,0.0,0.0,0.0,0.0,0.0,0.5,0.0,0.0,0.0,-0.0013256945180136759,0.0,0.0,0.0,40.686743054819864,40.686743054819864,40.686743054819864,40.686743054819864,0.002223675608645781,0.0001399904860500291,0.0,0.0,0.0,0.002223675608645781,0.03328399907331914
7.976,0.0,0.0,0.5022247361578484,0.0,0.0,0.00013850611890426034,0.0,0.0,0.0,0.0,0.0,0.0,0.0,0.0,0.5,0.0,0.0,0.0,-0.001325207304354814,0.0,0.0,0.0,40.68674792695646,40.68674792695646,40.68674792695646,40.68674792695646,0.0022247361578483504,0.00013850611890426034,0.0,0.0,0.0,0.0022247361578483504,0.02010200114455074
7.984,0.0,0.0,0.5022257854519748,0.0,0.0,0.00013703724828531178,0.0,0.0,0.0,0.0,0.0,0.0,0.0,0.0,0.5,0.0,0.0,0.0,-0.0013247248179246718,0.0,0.0,0.0,40.686752751820755,40.686752751820755,40.686752751820755,40.686752751820755,0.0022257854519748266,0.00013703724828531178,0.0,0.0,0.0,0.0022257854519748266,0.019608000002335757
7.992,0.0,0.0,0.5022268236545522,0.0,0.0,0.000135584863062063,0.0,0.0,0.0,0.0,0.0,0.0,0.0,0.0,0.5,0.0,0.0,0.0,-0.0013246905828335764,0.0,0.0,0.0,40.686753094171664,40.686753094171664,40.686753094171664,40.686753094171664,0.002226823654552179,0.000135584863062063,0.0,0.0,0.0,0.002226823654552179,0.04271700163371861
8.0,0.0,0.0,0.5022278507799919,0.0,0.0,0.00013414602644217438,0.0,0.0,0.0,0.0,0.0,0.0,0.0,0.0,0.5,0.0,0.0,0.0,-0.001324216561824687,0.0,0.0,0.0,40.68675783438176,40.68675783438176,40.68675783438176,40.68675783438176,0.00222785077999188,0.00013414602644217438,0.0,0.0,0.0,0.00222785077999188,0.020069001038791612
8.008000000000001,0.0,0.0,0.5022288669995427,0.0,0.0,0.00013272230992479418,0.0,0.0,0.0,0.0,0.0,0.0,0.0,0.0,0.5,0.0,0.0,0.0,-0.0013237473018726797,0.0,0.0,0.0,40.686762526981276,40.686762526981276,40.686762526981276,40.686762526981276,0.0022288669995427224,0.00013272230992479418,0.0,0.0,0.0,0.0022288669995427224,0.054473999625770375
8.016,0.0,0.0,0.5022298724721962,0.0,0.0,0.00013131466427659526,0.0,0.0,0.0,0.0,0.0,0.0,0.0,0.0,0.5,0.0,0.0,0.0,-0.001323710242569498,0.0,0.0,0.0,40.686762897574305,40.686762897574305,40.686762897574305,40.686762897574305,0.0022298724721961927,0.00013131466427659526,0.0,0.0,0.0,0.0022298724721961927,0.11246300346101634
8.024000000000001,0.0,0.0,0.5022308672119158,0.0,0.0,0.00012992022441115579,0.0,0.0,0.0,0.0,0.0,0.0,0.0,0.0,0.5,0.0,0.0,0.0,-0.001323249489244116,0.0,0.0,0.0,40.68676750510756,40.68676750510756,40.68676750510756,40.68676750510756,0.002230867211915788,0.00012992022441115579,0.0,0.0,0.0,0.002230867211915788,0.03742300032172352
8.032,0.0,0.0,0.5022318513862801,0.0,0.0,0.00012854053863737617,0.0,0.0,0.0,0.0,0.0,0.0,0.0,0.0,0.5,0.0,0.0,0.0,-0.0013227935318418371,0.0,0.0,0.0,40.686772064681584,40.686772064681584,40.686772064681584,40.686772064681584,0.002231851386280126,0.00012854053863737617,0.0,0.0,0.0,0.002231851386280126,0.03261299934820272
8.040000000000001,0.0,0.0,0.502232825149733,0.0,0.0,0.00012717651723169075,0.0,0.0,0.0,0.0,0.0,0.0,0.0,0.0,0.5,0.0,0.0,0.0,-0.0013227546002340107,0.0,0.0,0.0,40.68677245399766,40.68677245399766,40.68677245399766,40.68677245399766,0.0022328251497329976,0.00012717651723169075,0.0,0.0,0.0,0.0022328251497329976,0.041805000364547595
8.048,0.0,0.0,0.5022337885158014,0.0,0.0,0.0001258253654944248,0.0,0.0,0.0,0.0,0.0,0.0,0.0,0.0,0.5,0.0,0.0,0.0,-0.0013223071821719667,0.0,0.0,0.0,40.68677692817828,40.68677692817828,40.68677692817828,40.68677692817828,0.0022337885158013604,0.0001258253654944248,0.0,0.0,0.0,0.0022337885158013604,0.024290999135700986
8.056000000000001,0.0,0.0,0.5022347416480901,0.0,0.0,0.00012448859961456868,0.0,0.0,0.0,0.0,0.0,0.0,0.0,0.0,0.5,0.0,0.0,0.0,-0.0013218645734834888,0.0,0.0,0.0,40.686781354265165,40.686781354265165,40.686781354265165,40.686781354265165,0.0022347416480901217,0.00012448859961456868,0.0,0.0,0.0,0.0022347416480901217,0.0321850020554848
8.064,0.0,0.0,0.5022356846964927,0.0,0.0,0.00012316708975642607,0.0,0.0,0.0,0.0,0.0,0.0,0.0,0.0,0.5,0.0,0.0,0.0,-0.0013218247081486778,0.0,0.0,0.0,40.68678175291851,40.68678175291851,40.68678175291851,40.68678175291851,0.0022356846964927124,0.00012316708975642607,0.0,0.0,0.0,0.0022356846964927124,0.09303300248575397
8.072000000000001,0.0,0.0,0.5022366176741111,0.0,0.0,0.00012185811226474272,0.0,0.0,0.0,0.0,0.0,0.0,0.0,0.0,0.5,0.0,0.0,0.0,-0.001321390631140562,0.0,0.0,0.0,40.686786093688596,40.686786093688596,40.686786093688596,40.686786093688596,0.0022366176741110966,0.00012185811226474272,0.0,0.0,0.0,0.0022366176741110966,0.06756400034646504
8.08,0.0,0.0,0.5022375407402969,0.0,0.0,0.00012056314445731196,0.0,0.0,0.0,0.0,0.0,0.0,0.0,0.0,0.5,0.0,0.0,0.0,-0.001320961345124383,0.0,0.0,0.0,40.68679038654876,40.68679038654876,40.68679038654876,40.68679038654876,0.002237540740296917,0.00012056314445731196,0.0,0.0,0.0,0.002237540740296917,0.12419799895724282
8.088000000000001,0.0,0.0,0.502238454040413,0.0,0.0,0.00011928301846809506,0.0,0.0,0.0,0.0,0.0,0.0,0.0,0.0,0.5,0.0,0.0,0.0,-0.0013205385744746723,0.0,0.0,0.0,40.686794614255255,40.686794614255255,40.686794614255255,40.686794614255255,0.002238454040413007,0.00011928301846809506,0.0,0.0,0.0,0.002238454040413007,0.07514599928981625
8.096,0.0,0.0,0.5022393577176226,0.0,0.0,0.00011801834501493502,0.0,0.0,0.0,0.0,0.0,0.0,0.0,0.0,0.5,0.0,0.0,0.0,-0.001320543832422083,0.0,0.0,0.0,40.68679456167578,40.68679456167578,40.68679456167578,40.68679456167578,0.0022393577176226254,0.00011801834501493502,0.0,0.0,0.0,0.0022393577176226254,0.07553599789389409
8.104000000000001,0.0,0.0,0.502240251784429,0.0,0.0,0.00011676634617112746,0.0,0.0,0.0,0.0,0.0,0.0,0.0,0.0,0.5,0.0,0.0,0.0,-0.0013201319865161487,0.0,0.0,0.0,40.68679868013484,40.68679868013484,40.68679868013484,40.68679868013484,0.0022402517844289926,0.00011676634617112746,0.0,0.0,0.0,0.0022402517844289926,0.04805799835594371
8.112,0.0,0.0,0.5022411363787987,0.0,0.0,0.00011552793618076467,0.0,0.0,0.0,0.0,0.0,0.0,0.0,0.0,0.5,0.0,0.0,0.0,-0.001319725064774846,0.0,0.0,0.0,40.68680274935225,40.68680274935225,40.68680274935225,40.68680274935225,0.002241136378798747,0.00011552793618076467,0.0,0.0,0.0,0.002241136378798747,0.036437999369809404
8.120000000000001,0.0,0.0,0.5022420116386225,0.0,0.0,0.0001143038445378438,0.0,0.0,0.0,0.0,0.0,0.0,0.0,0.0,0.5,0.0,0.0,0.0,-0.0013193245993901037,0.0,0.0,0.0,40.6868067540061,40.6868067540061,40.6868067540061,40.6868067540061,0.0022420116386224764,0.0001143038445378438,0.0,0.0,0.0,0.0022420116386224764,0.19880000036209822
8.128,0.0,0.0,0.5022428776996191,0.0,0.0,0.00011309460054490062,0.0,0.0,0.0,0.0,0.0,0.0,0.0,0.0,0.5,0.0,0.0,0.0,-0.0013193766454433487,0.0,0.0,0.0,40.68680623354557,40.68680623354557,40.68680623354557,40.68680623354557,0.0022428776996190614,0.00011309460054490062,0.0,0.0,0.0,0.0022428776996190614,0.05702400085283443
8.136000000000001,0.0,0.0,0.5022437345737405,0.0,0.0,0.00011189753347180372,0.0,0.0,0.0,0.0,0.0,0.0,0.0,0.0,0.5,0.0,0.0,0.0,-0.0013189868602743182,0.0,0.0,0.0,40.68681013139726,40.68681013139726,40.68681013139726,40.68681013139726,0.002243734573740497,0.00011189753347180372,0.0,0.0,0.0,0.002243734573740497,0.033330998121527955
8.144,0.0,0.0,0.5022445823771554,0.0,0.0,0.00011071311215035013,0.0,0.0,0.0,0.0,0.0,0.0,0.0,0.0,0.5,0.0,0.0,0.0,-0.0013186011560285538,0.0,0.0,0.0,40.68681398843972,40.68681398843972,40.68681398843972,40.68681398843972,0.002244582377155413,0.00011071311215035013,0.0,0.0,0.0,0.002244582377155413,0.022675001673633233
8.152000000000001,0.0,0.0,0.5022454212406844,0.0,0.0,0.00010954207794461664,0.0,0.0,0.0,0.0,0.0,0.0,0.0,0.0,0.5,0.0,0.0,0.0,-0.0013182210715614318,0.0,0.0,0.0,40.68681778928439,40.68681778928439,40.68681778928439,40.68681778928439,0.0022454212406843865,0.00010954207794461664,0.0,0.0,0.0,0.0022454212406843865,0.02351699731661938
8.16,0.0,0.0,0.5022462512932435,0.0,0.0,0.00010838497633396895,0.0,0.0,0.0,0.0,0.0,0.0,0.0,0.0,0.5,0.0,0.0,0.0,-0.001318303255146036,0.0,0.0,0.0,40.68681696744854,40.68681696744854,40.68681696744854,40.68681696744854,0.0022462512932435175,0.00010838497633396895,0.0,0.0,0.0,0.0022462512932435175,0.03966300209867768
8.168000000000001,0.0,0.0,0.5022470725462811,0.0,0.0,0.00010723930700654976,0.0,0.0,0.0,0.0,0.0,0.0,0.0,0.0,0.5,0.0,0.0,0.0,-0.001317932500779495,0.0,0.0,0.0,40.686820674992205,40.686820674992205,40.686820674992205,40.686820674992205,0.0022470725462810925,0.00010723930700654976,0.0,0.0,0.0,0.0022470725462810925,0.023302000045077875
8.176,0.0,0.0,0.5022478851002882,0.0,0.0,0.00010610529578222045,0.0,0.0,0.0,0.0,0.0,0.0,0.0,0.0,0.5,0.0,0.0,0.0,-0.0013175648480986402,0.0,0.0,0.0,40.686824351519014,40.686824351519014,40.686824351519014,40.686824351519014,0.0022478851002881717,0.00010610529578222045,0.0,0.0,0.0,0.0022478851002881717,0.03239100260543637
8.184000000000001,0.0,0.0,0.5022486890800314,0.0,0.0,0.00010498373020639059,0.0,0.0,0.0,0.0,0.0,0.0,0.0,0.0,0.5,0.0,0.0,0.0,-0.001317201903960341,0.0,0.0,0.0,40.6868279809604,40.6868279809604,40.6868279809604,40.6868279809604,0.0022486890800313963,0.00010498373020639059,0.0,0.0,0.0,0.0022486890800313963,0.036751000152435154
8.192,0.0,0.0,0.502249484608662,0.0,0.0,0.00010387519993104326,0.0,0.0,0.0,0.0,0.0,0.0,0.0,0.0,0.5,0.0,0.0,0.0,-0.0013172979565608811,0.0,0.0,0.0,40.68682702043439,40.68682702043439,40.68682702043439,40.68682702043439,0.0022494846086620335,0.00010387519993104326,0.0,0.0,0.0,0.0022494846086620335,0.05304300066200085
8.2,0.0,0.0,0.5022502716971607,0.0,0.0,0.00010277737241259811,0.0,0.0,0.0,0.0,0.0,0.0,0.0,0.0,0.5,0.0,0.0,0.0,-0.0013169429394940257,0.0,0.0,0.0,40.68683057060506,40.68683057060506,40.68683057060506,40.68683057060506,0.002250271697160744,0.00010277737241259811,0.0,0.0,0.0,0.002250271697160744,0.03166100214002654
8.208,0.0,0.0,0.5022510504364147,0.0,0.0,0.00010169037927933702,0.0,0.0,0.0,0.0,0.0,0.0,0.0,0.0,0.5,0.0,0.0,0.0,-0.0013165902854750389,0.0,0.0,0.0,40.68683409714525,40.68683409714525,40.68683409714525,40.68683409714525,0.0022510504364147144,0.00010169037927933702,0.0,0.0,0.0,0.0022510504364147144,0.027639001928037032
8.216,0.0,0.0,0.5022518209461072,0.0,0.0,0.00010061504573581434,0.0,0.0,0.0,0.0,0.0,0.0,0.0,0.0,0.5,0.0,0.0,0.0,-0.0013162416565251078,0.0,0.0,0.0,40.68683758343475,40.68683758343475,40.68683758343475,40.68683758343475,0.002251820946107208,0.00010061504573581434,0.0,0.0,0.0,0.002251820946107208,0.02289199983351864
8.224,0.0,0.0,0.5022525833445239,0.0,0.0,9.955199700693774e-05,0.0,0.0,0.0,0.0,0.0,0.0,0.0,0.0,0.5,0.0,0.0,0.0,-0.0013163399937922149,0.0,0.0,0.0,40.68683660006208,40.68683660006208,40.68683660006208,40.68683660006208,0.0022525833445239396,9.955199700693774e-05,0.0,0.0,0.0,0.0022525833445239396,0.03794000076595694
8.232,0.0,0.0,0.5022533376422039,0.0,0.0,9.849903960513911e-05,0.0,0.0,0.0,0.0,0.0,0.0,0.0,0.0,0.5,0.0,0.0,0.0,-0.0013159982685806426,0.0,0.0,0.0,40.686840017314196,40.686840017314196,40.686840017314196,40.686840017314196,0.002253337642203923,9.849903960513911e-05,0.0,0.0,0.0,0.002253337642203923,0.02865599890355952
8.24,0.0,0.0,0.5022540839247861,0.0,0.0,9.745629623850407e-05,0.0,0.0,0.0,0.0,0.0,0.0,0.0,0.0,0.5,0.0,0.0,0.0,-0.001315658488850624,0.0,0.0,0.0,40.6868434151115,40.6868434151115,40.6868434151115,40.6868434151115,0.002254083924786099,9.745629623850407e-05,0.0,0.0,0.0,0.002254083924786099,0.022102001821622252
8.248,0.0,0.0,0.5022548223075465,0.0,0.0,9.642460600028217e-05,0.0,0.0,0.0,0.0,0.0,0.0,0.0,0.0,0.5,0.0,0.0,0.0,-0.0013153223320011564,0.0,0.0,0.0,40.68684677667999,40.68684677667999,40.68684677667999,40.68684677667999,0.002254822307546478,9.642460600028217e-05,0.0,0.0,0.0,0.002254822307546478,0.0396979994548019
8.256,0.0,0.0,0.5022555529044932,0.0,0.0,9.54046084681892e-05,0.0,0.0,0.0,0.0,0.0,0.0,0.0,0.0,0.5,0.0,0.0,0.0,-0.0013154161806131492,0.0,0.0,0.0,40.68684583819387,40.68684583819387,40.68684583819387,40.68684583819387,0.0022555529044931966,9.54046084681892e-05,0.0,0.0,0.0,0.0022555529044931966,0.05979599882266484
8.264,0.0,0.0,0.5022562757257424,0.0,0.0,9.439421800426139e-05,0.0,0.0,0.0,0.0,0.0,0.0,0.0,0.0,0.5,0.0,0.0,0.0,-0.0013150863417014103,0.0,0.0,0.0,40.686849136582985,40.686849136582985,40.686849136582985,40.686849136582985,0.002256275725742385,9.439421800426139e-05,0.0,0.0,0.0,0.002256275725742385,0.037590001738863066
8.272,0.0,0.0,0.5022569908542277,0.0,0.0,9.339358653635615e-05,0.0,0.0,0.0,0.0,0.0,0.0,0.0,0.0,0.5,0.0,0.0,0.0,-0.0013147582934573965,0.0,0.0,0.0,40.68685241706543,40.68685241706543,40.68685241706543,40.68685241706543,0.002256990854227703,9.339358653635615e-05,0.0,0.0,0.0,0.002256990854227703,0.13312399823917076
8.28,0.0,0.0,0.5022576984011858,0.0,0.0,9.240354318244015e-05,0.0,0.0,0.0,0.0,0.0,0.0,0.0,0.0,0.5,0.0,0.0,0.0,-0.001314433688103911,0.0,0.0,0.0,40.68685566311896,40.68685566311896,40.68685566311896,40.68685566311896,0.002257698401185837,9.240354318244015e-05,0.0,0.0,0.0,0.002257698401185837,0.04252199869370088
8.288,0.0,0.0,0.5022583984766463,0.0,0.0,9.142472105823352e-05,0.0,0.0,0.0,0.0,0.0,0.0,0.0,0.0,0.5,0.0,0.0,0.0,-0.0013141138364904936,0.0,0.0,0.0,40.686858861635095,40.686858861635095,40.686858861635095,40.686858861635095,0.0022583984766463283,9.142472105823352e-05,0.0,0.0,0.0,0.0022583984766463283,0.04636300218407996
8.296,0.0,0.0,0.5022590911890287,0.0,0.0,9.045758640519225e-05,0.0,0.0,0.0,0.0,0.0,0.0,0.0,0.0,0.5,0.0,0.0,0.0,-0.0013142355747576273,0.0,0.0,0.0,40.68685764425243,40.68685764425243,40.68685764425243,40.68685764425243,0.0022590911890286725,9.045758640519225e-05,0.0,0.0,0.0,0.0022590911890286725,0.10067400216939859
8.304,0.0,0.0,0.5022597765103293,0.0,0.0,8.949910163908958e-05,0.0,0.0,0.0,0.0,0.0,0.0,0.0,0.0,0.5,0.0,0.0,0.0,-0.0013139219600158958,0.0,0.0,0.0,40.68686078039985,40.68686078039985,40.68686078039985,40.68686078039985,0.00225977651032927,8.949910163908958e-05,0.0,0.0,0.0,0.00225977651032927,0.12355600119917654
8.312,0.0,0.0,0.5022604545469382,0.0,0.0,8.855019653551884e-05,0.0,0.0,0.0,0.0,0.0,0.0,0.0,0.0,0.5,0.0,0.0,0.0,-0.0013136106261553149,0.0,0.0,0.0,40.68686389373845,40.68686389373845,40.68686389373845,40.68686389373845,0.0022604545469382398,8.855019653551884e-05,0.0,0.0,0.0,0.0022604545469382398,0.13017200035392307
8.32,0.0,0.0,0.5022611254044038,0.0,0.0,8.761159386788655e-05,0.0,0.0,0.0,0.0,0.0,0.0,0.0,0.0,0.5,0.0,0.0,0.0,-0.0013133030303076332,0.0,0.0,0.0,40.68686696969693,40.68686696969693,40.68686696969693,40.68686696969693,0.0022611254044038187,8.761159386788655e-05,0.0,0.0,0.0,0.0022611254044038187,0.06957099685678259
8.328,0.0,0.0,0.5022617891869833,0.0,0.0,8.668383958074955e-05,0.0,0.0,0.0,0.0,0.0,0.0,0.0,0.0,0.5,0.0,0.0,0.0,-0.001313000321229274,0.0,0.0,0.0,40.68686999678771,40.68686999678771,40.68686999678771,40.68686999678771,0.0022617891869832762,8.668383958074955e-05,0.0,0.0,0.0,0.0022617891869832762,0.03511400063871406
8.336,0.0,0.0,0.5022624459972903,0.0,0.0,8.576732934038438e-05,0.0,0.0,0.0,0.0,0.0,0.0,0.0,0.0,0.5,0.0,0.0,0.0,-0.0013131469277846142,0.0,0.0,0.0,40.68686853072216,40.68686853072216,40.68686853072216,40.68686853072216,0.0022624459972903077,8.576732934038438e-05,0.0,0.0,0.0,0.0022624459972903077,0.04617899685399607
8.344,0.0,0.0,0.5022630957991387,0.0,0.0,8.48589096833146e-05,0.0,0.0,0.0,0.0,0.0,0.0,0.0,0.0,0.5,0.0,0.0,0.0,-0.001312850238253338,0.0,0.0,0.0,40.68687149761747,40.68687149761747,40.68687149761747,40.68687149761747,0.002263095799138748,8.48589096833146e-05,0.0,0.0,0.0,0.002263095799138748,0.030038998374948278
8.352,0.0,0.0,0.5022637386931984,0.0,0.0,8.395947923801954e-05,0.0,0.0,0.0,0.0,0.0,0.0,0.0,0.0,0.5,0.0,0.0,0.0,-0.0013125555476117823,0.0,0.0,0.0,40.68687444452389,40.68687444452389,40.68687444452389,40.68687444452389,0.0022637386931984027,8.395947923801954e-05,0.0,0.0,0.0,0.0022637386931984027,0.03688799915835261
8.36,0.0,0.0,0.5022643747793911,0.0,0.0,8.30697382083657e-05,0.0,0.0,0.0,0.0,0.0,0.0,0.0,0.0,0.5,0.0,0.0,0.0,-0.001312264262919971,0.0,0.0,0.0,40.686877357370804,40.686877357370804,40.686877357370804,40.686877357370804,0.0022643747793911206,8.30697382083657e-05,0.0,0.0,0.0,0.0022643747793911206,0.04718300260719843
8.368,0.0,0.0,0.502265004156458,0.0,0.0,8.219021723937746e-05,0.0,0.0,0.0,0.0,0.0,0.0,0.0,0.0,0.5,0.0,0.0,0.0,-0.0013119774956529273,0.0,0.0,0.0,40.686880225043474,40.686880225043474,40.686880225043474,40.686880225043474,0.002265004156458028,8.219021723937746e-05,0.0,0.0,0.0,0.002265004156458028,0.03253199975006282
8.376,0.0,0.0,0.5022656269216178,0.0,0.0,8.13213027858675e-05,0.0,0.0,0.0,0.0,0.0,0.0,0.0,0.0,0.5,0.0,0.0,0.0,-0.0013121361443736435,0.0,0.0,0.0,40.686878638556266,40.686878638556266,40.686878638556266,40.686878638556266,0.0022656269216178027,8.13213027858675e-05,0.0,0.0,0.0,0.0022656269216178027,0.051592000090749934
8.384,0.0,0.0,0.5022662430344994,0.0,0.0,8.045986426873711e-05,0.0,0.0,0.0,0.0,0.0,0.0,0.0,0.0,0.5,0.0,0.0,0.0,-0.0013118546363092287,0.0,0.0,0.0,40.68688145363691,40.68688145363691,40.68688145363691,40.68688145363691,0.0022662430344994045,8.045986426873711e-05,0.0,0.0,0.0,0.0022662430344994045,0.02374399991822429
8.392,0.0,0.0,0.5022668525906246,0.0,0.0,7.96067945460343e-05,0.0,0.0,0.0,0.0,0.0,0.0,0.0,0.0,0.5,0.0,0.0,0.0,-0.0013115747425708202,0.0,0.0,0.0,40.686884252574295,40.686884252574295,40.686884252574295,40.686884252574295,0.002266852590624646,7.96067945460343e-05,0.0,0.0,0.0,0.002266852590624646,0.021150997781660408
8.4,0.0,0.0,0.5022674556848928,0.0,0.0,7.876279234163256e-05,0.0,0.0,0.0,0.0,0.0,0.0,0.0,0.0,0.5,0.0,0.0,0.0,-0.0013112978578078138,0.0,0.0,0.0,40.686887021421924,40.686887021421924,40.686887021421924,40.686887021421924,0.0022674556848928384,7.876279234163256e-05,0.0,0.0,0.0,0.0022674556848928384,0.021162999473745003
8.408,0.0,0.0,0.5022680524111514,0.0,0.0,7.792839033623629e-05,0.0,0.0,0.0,0.0,0.0,0.0,0.0,0.0,0.5,0.0,0.0,0.0,-0.0013110250874172058,0.0,0.0,0.0,40.68688974912583,40.68688974912583,40.68688974912583,40.68688974912583,0.0022680524111513556,7.792839033623629e-05,0.0,0.0,0.0,0.0022680524111513556,0.039236001612152904
8.416,0.0,0.0,0.502268642861856,0.0,0.0,7.71039798855572e-05,0.0,0.0,0.0,0.0,0.0,0.0,0.0,0.0,0.5,0.0,0.0,0.0,-0.0013111843844093585,0.0,0.0,0.0,40.68688815615591,40.68688815615591,40.68688815615591,40.68688815615591,0.0022686428618560184,7.71039798855572e-05,0.0,0.0,0.0,0.0022686428618560184,0.041923998651327565
8.424,0.0,0.0,0.5022692269959989,0.0,0.0,7.628653747928857e-05,0.0,0.0,0.0,0.0,0.0,0.0,0.0,0.0,0.5,0.0,0.0,0.0,-0.0013109162493237791,0.0,0.0,0.0,40.686890837506766,40.686890837506766,40.686890837506766,40.686890837506766,0.002269226995998852,7.628653747928857e-05,0.0,0.0,0.0,0.002269226995998852,0.0217160013562534
8.432,0.0,0.0,0.5022698049045381,0.0,0.0,7.54769434645653e-05,0.0,0.0,0.0,0.0,0.0,0.0,0.0,0.0,0.5,0.0,0.0,0.0,-0.0013106494779941968,0.0,0.0,0.0,40.68689350522006,40.68689350522006,40.68689350522006,40.68689350522006,0.0022698049045380975,7.54769434645653e-05,0.0,0.0,0.0,0.0022698049045380975,0.021638999896822497
8.44,0.0,0.0,0.5022703766778932,0.0,0.0,7.467588864932735e-05,0.0,0.0,0.0,0.0,0.0,0.0,0.0,0.0,0.5,0.0,0.0,0.0,-0.001310385442591544,0.0,0.0,0.0,40.68689614557409,40.68689614557409,40.68689614557409,40.68689614557409,0.0022703766778932044,7.467588864932735e-05,0.0,0.0,0.0,0.0022703766778932044,0.03340799958095886
8.448,0.0,0.0,0.5022709424055215,0.0,0.0,7.388390162693213e-05,0.0,0.0,0.0,0.0,0.0,0.0,0.0,0.0,0.5,0.0,0.0,0.0,-0.001310125232833026,0.0,0.0,0.0,40.68689874767167,40.68689874767167,40.68689874767167,40.68689874767167,0.0022709424055215033,7.388390162693213e-05,0.0,0.0,0.0,0.0022709424055215033,0.022348001948557794
8.456,0.0,0.0,0.5022715021755836,0.0,0.0,7.310137285356586e-05,0.0,0.0,0.0,0.0,0.0,0.0,0.0,0.0,0.5,0.0,0.0,0.0,-0.001310278118454633,0.0,0.0,0.0,40.68689721881546,40.68689721881546,40.68689721881546,40.68689721881546,0.002271502175583584,7.310137285356586e-05,0.0,0.0,0.0,0.002271502175583584,0.050987000577151775
8.464,0.0,0.0,0.502272055948637,0.0,0.0,7.232542461818386e-05,0.0,0.0,0.0,0.0,0.0,0.0,0.0,0.0,0.5,0.0,0.0,0.0,-0.0013100222018289642,0.0,0.0,0.0,40.686899777981715,40.686899777981715,40.686899777981715,40.686899777981715,0.0022720559486369973,7.232542461818386e-05,0.0,0.0,0.0,0.0022720559486369973,0.02857200161088258
8.472,0.0,0.0,0.5022726038114541,0.0,0.0,7.155691012237218e-05,0.0,0.0,0.0,0.0,0.0,0.0,0.0,0.0,0.5,0.0,0.0,0.0,-0.0013097675503346284,0.0,0.0,0.0,40.68690232449666,40.68690232449666,40.68690232449666,40.68690232449666,0.0022726038114541103,7.155691012237218e-05,0.0,0.0,0.0,0.0022726038114541103,0.02577199848019518
8.48,0.0,0.0,0.502273145850304,0.0,0.0,7.079649934578497e-05,0.0,0.0,0.0,0.0,0.0,0.0,0.0,0.0,0.5,0.0,0.0,0.0,-0.001309515491977442,0.0,0.0,0.0,40.68690484508023,40.68690484508023,40.68690484508023,40.68690484508023,0.002273145850304026,7.079649934578497e-05,0.0,0.0,0.0,0.002273145850304026,0.033054999221349135
8.488,0.0,0.0,0.5022736821505436,0.0,0.0,7.004470546540117e-05,0.0,0.0,0.0,0.0,0.0,0.0,0.0,0.0,0.5,0.0,0.0,0.0,-0.0013092670817678176,0.0,0.0,0.0,40.686907329182326,40.686907329182326,40.686907329182326,40.686907329182326,0.0022736821505435767,7.004470546540117e-05,0.0,0.0,0.0,0.0022736821505435767,0.024949000362539664
8.496,0.0,0.0,0.5022742127962928,0.0,0.0,6.930190810308073e-05,0.0,0.0,0.0,0.0,0.0,0.0,0.0,0.0,0.5,0.0,0.0,0.0,-0.0013090231412928865,0.0,0.0,0.0,40.68690976858707,40.68690976858707,40.68690976858707,40.68690976858707,0.002274212796292807,6.930190810308073e-05,0.0,0.0,0.0,0.002274212796292807,0.022947999241296202
8.504,0.0,0.0,0.502274737870183,0.0,0.0,6.85683737360966e-05,0.0,0.0,0.0,0.0,0.0,0.0,0.0,0.0,0.5,0.0,0.0,0.0,-0.0013091938438273276,0.0,0.0,0.0,40.68690806156173,40.68690806156173,40.68690806156173,40.68690806156173,0.0022747378701829524,6.85683737360966e-05,0.0,0.0,0.0,0.0022747378701829524,0.03891099913744256
8.512,0.0,0.0,0.5022752573267717,0.0,0.0,6.784111370746124e-05,0.0,0.0,0.0,0.0,0.0,0.0,0.0,0.0,0.5,0.0,0.0,0.0,-0.0013089548304467957,0.0,0.0,0.0,40.68691045169553,40.68691045169553,40.68691045169553,40.68691045169553,0.002275257326771696,6.784111370746124e-05,0.0,0.0,0.0,0.002275257326771696,0.03980100154876709
8.52,0.0,0.0,0.5022757712471214,0.0,0.0,6.712089970898648e-05,0.0,0.0,0.0,0.0,0.0,0.0,0.0,0.0,0.5,0.0,0.0,0.0,-0.0013087171451695578,0.0,0.0,0.0,40.68691282854831,40.68691282854831,40.68691282854831,40.68691282854831,0.0022757712471214164,6.712089970898648e-05,0.0,0.0,0.0,0.0022757712471214164,0.041060000512516126
8.528,0.0,0.0,0.5022762797117793,0.0,0.0,6.640833621552317e-05,0.0,0.0,0.0,0.0,0.0,0.0,0.0,0.0,0.5,0.0,0.0,0.0,-0.0013084819914810364,0.0,0.0,0.0,40.686915180085194,40.686915180085194,40.686915180085194,40.686915180085194,0.00227627971177935,6.640833621552317e-05,0.0,0.0,0.0,0.00227627971177935,0.03786599700106308
8.536,0.0,0.0,0.5022767828004067,0.0,0.0,6.570388465523849e-05,0.0,0.0,0.0,0.0,0.0,0.0,0.0,0.0,0.5,0.0,0.0,0.0,-0.0013082503237152876,0.0,0.0,0.0,40.68691749676285,40.68691749676285,40.68691749676285,40.68691749676285,0.0022767828004066626,6.570388465523849e-05,0.0,0.0,0.0,0.0022767828004066626,0.030848001188132912
8.544,0.0,0.0,0.5022772805914852,0.0,0.0,6.500788468868248e-05,0.0,0.0,0.0,0.0,0.0,0.0,0.0,0.0,0.5,0.0,0.0,0.0,-0.0013080228832834662,0.0,0.0,0.0,40.68691977116717,40.68691977116717,40.68691977116717,40.68691977116717,0.0022772805914852423,6.500788468868248e-05,0.0,0.0,0.0,0.0022772805914852423,0.03002399898832664
8.552,0.0,0.0,0.5022777731620904,0.0,0.0,6.43205728807676e-05,0.0,0.0,0.0,0.0,0.0,0.0,0.0,0.0,0.5,0.0,0.0,0.0,-0.0013082103015136237,0.0,0.0,0.0,40.686917896984866,40.686917896984866,40.686917896984866,40.686917896984866,0.002277773162090435,6.43205728807676e-05,0.0,0.0,0.0,0.002277773162090435,0.16331699953298084
8.56,0.0,0.0,0.5022782604611646,0.0,0.0,6.36389351596954e-05,0.0,0.0,0.0,0.0,0.0,0.0,0.0,0.0,0.5,0.0,0.0,0.0,-0.0013079871231365114,0.0,0.0,0.0,40.68692012876864,40.68692012876864,40.68692012876864,40.68692012876864,0.0022782604611646384,6.36389351596954e-05,0.0,0.0,0.0,0.0022782604611646384,0.12144599895691499
8.568,0.0,0.0,0.5022787425644339,0.0,0.0,6.296372986040432e-05,0.0,0.0,0.0,0.0,0.0,0.0,0.0,0.0,0.5,0.0,0.0,0.0,-0.00130776487928852,0.0,0.0,0.0,40.686922351207116,40.686922351207116,40.686922351207116,40.686922351207116,0.0022787425644339443,6.296372986040432e-05,0.0,0.0,0.0,0.0022787425644339443,0.05394499748945236
8.576,0.0,0.0,0.5022792195472378,0.0,0.0,6.22955539835674e-05,0.0,0.0,0.0,0.0,0.0,0.0,0.0,0.0,0.5,0.0,0.0,0.0,-0.0013075447503130277,0.0,0.0,0.0,40.686924552496876,40.686924552496876,40.686924552496876,40.686924552496876,0.002279219547237754,6.22955539835674e-05,0.0,0.0,0.0,0.002279219547237754,0.03167500108247623
8.584,0.0,0.0,0.5022796914841648,0.0,0.0,6.163486636418905e-05,0.0,0.0,0.0,0.0,0.0,0.0,0.0,0.0,0.5,0.0,0.0,0.0,-0.0013073276761099706,0.0,0.0,0.0,40.686926723238905,40.686926723238905,40.686926723238905,40.686926723238905,0.0022796914841648475,6.163486636418905e-05,0.0,0.0,0.0,0.0022796914841648475,0.028148002456873655
8.592,0.0,0.0,0.5022801584487644,0.0,0.0,6.098200807994121e-05,0.0,0.0,0.0,0.0,0.0,0.0,0.0,0.0,0.5,0.0,0.0,0.0,-0.001307114390867059,0.0,0.0,0.0,40.686928856091335,40.686928856091335,40.686928856091335,40.686928856091335,0.002280158448764391,6.098200807994121e-05,0.0,0.0,0.0,0.002280158448764391,0.056155997299356386
8.6,0.0,0.0,0.5022806205133206,0.0,0.0,6.033722036826905e-05,0.0,0.0,0.0,0.0,0.0,0.0,0.0,0.0,0.5,0.0,0.0,0.0,-0.001306905453606455,0.0,0.0,0.0,40.686930945463935,40.686930945463935,40.686930945463935,40.686930945463935,0.0022806205133205637,6.033722036826905e-05,0.0,0.0,0.0,0.0022806205133205637,0.059107998822582886
8.608,0.0,0.0,0.5022810777486818,0.0,0.0,5.9700660325607976e-05,0.0,0.0,0.0,0.0,0.0,0.0,0.0,0.0,0.5,0.0,0.0,0.0,-0.0013071224867058362,0.0,0.0,0.0,40.68692877513294,40.68692877513294,40.68692877513294,40.68692877513294,0.0022810777486818035,5.9700660325607976e-05,0.0,0.0,0.0,0.0022810777486818035,0.08141299986164086
8.616,0.0,0.0,0.5022815300941424,0.0,0.0,5.906916477659288e-05,0.0,0.0,0.0,0.0,0.0,0.0,0.0,0.0,0.5,0.0,0.0,0.0,-0.0013069174766582314,0.0,0.0,0.0,40.68693082523342,40.68693082523342,40.68693082523342,40.68693082523342,0.0022815300941424477,5.906916477659288e-05,0.0,0.0,0.0,0.0022815300941424477,0.051576000259956345
8.624,0.0,0.0,0.5022819776193257,0.0,0.0,5.844346140239198e-05,0.0,0.0,0.0,0.0,0.0,0.0,0.0,0.0,0.5,0.0,0.0,0.0,-0.0013067130303228147,0.0,0.0,0.0,40.686932869696776,40.686932869696776,40.686932869696776,40.686932869696776,0.0022819776193256924,5.844346140239198e-05,0.0,0.0,0.0,0.0022819776193256924,0.09376000161864795
8.632,0.0,0.0,0.5022824203935904,0.0,0.0,5.782412573934727e-05,0.0,0.0,0.0,0.0,0.0,0.0,0.0,0.0,0.5,0.0,0.0,0.0,-0.0013065102791887107,0.0,0.0,0.0,40.68693489720812,40.68693489720812,40.68693489720812,40.68693489720812,0.0022824203935903897,5.782412573934727e-05,0.0,0.0,0.0,0.0022824203935903897,0.05000799865229055
8.64,0.0,0.0,0.502282858485682,0.0,0.0,5.721160288156696e-05,0.0,0.0,0.0,0.0,0.0,0.0,0.0,0.0,0.5,0.0,0.0,0.0,-0.0013063101279282563,0.0,0.0,0.0,40.68693689872072,40.68693689872072,40.68693689872072,40.68693689872072,0.0022828584856819933,5.721160288156696e-05,0.0,0.0,0.0,0.0022828584856819933,0.03293000190751627
8.648,0.0,0.0,0.5022832919634544,0.0,0.0,5.6606226616620156e-05,0.0,0.0,0.0,0.0,0.0,0.0,0.0,0.0,0.5,0.0,0.0,0.0,-0.0013061132869492953,0.0,0.0,0.0,40.68693886713051,40.68693886713051,40.68693886713051,40.68693886713051,0.002283291963454448,5.6606226616620156e-05,0.0,0.0,0.0,0.002283291963454448,0.022655000066151842
8.656,0.0,0.0,0.5022837208936518,0.0,0.0,5.6008236227303536e-05,0.0,0.0,0.0,0.0,0.0,0.0,0.0,0.0,0.5,0.0,0.0,0.0,-0.0013059203010270526,0.0,0.0,0.0,40.68694079698973,40.68694079698973,40.68694079698973,40.68694079698973,0.0022837208936518083,5.6008236227303536e-05,0.0,0.0,0.0,0.0022837208936518083,0.0197709996427875
8.664,0.0,0.0,0.5022841453417417,0.0,0.0,5.5417791229278726e-05,0.0,0.0,0.0,0.0,0.0,0.0,0.0,0.0,0.5,0.0,0.0,0.0,-0.0013061547194195278,0.0,0.0,0.0,40.686938452805805,40.686938452805805,40.686938452805805,40.686938452805805,0.0022841453417417057,5.5417791229278726e-05,0.0,0.0,0.0,0.0022841453417417057,0.039509999623987824
8.672,0.0,0.0,0.502284565241202,0.0,0.0,5.4831719491254035e-05,0.0,0.0,0.0,0.0,0.0,0.0,0.0,0.0,0.5,0.0,0.0,0.0,-0.0013059646352219234,0.0,0.0,0.0,40.686940353647785,40.686940353647785,40.686940353647785,40.686940353647785,0.002284565241202019,5.4831719491254035e-05,0.0,0.0,0.0,0.002284565241202019,0.03351899795234203
8.68,0.0,0.0,0.5022849806566062,0.0,0.0,5.4250760697676396e-05,0.0,0.0,0.0,0.0,0.0,0.0,0.0,0.0,0.5,0.0,0.0,0.0,-0.0013057745993992897,0.0,0.0,0.0,40.68694225400601,40.68694225400601,40.68694225400601,40.68694225400601,0.002284980656606206,5.4250760697676396e-05,0.0,0.0,0.0,0.002284980656606206,0.023378001060336828
8.688,0.0,0.0,0.5022853916524289,0.0,0.0,5.3675504125847855e-05,0.0,0.0,0.0,0.0,0.0,0.0,0.0,0.0,0.5,0.0,0.0,0.0,-0.0013055857576271812,0.0,0.0,0.0,40.686944142423734,40.686944142423734,40.686944142423734,40.686944142423734,0.002285391652428914,5.3675504125847855e-05,0.0,0.0,0.0,0.002285391652428914,0.02044400025624782
8.696,0.0,0.0,0.5022857982926926,0.0,0.0,5.3106409892773284e-05,0.0,0.0,0.0,0.0,0.0,0.0,0.0,0.0,0.5,0.0,0.0,0.0,-0.0013053990312981156,0.0,0.0,0.0,40.68694600968702,40.68694600968702,40.68694600968702,40.68694600968702,0.002285798292692598,5.3106409892773284e-05,0.0,0.0,0.0,0.002285798292692598,0.021514999389182776
8.704,0.0,0.0,0.5022862006406834,0.0,0.0,5.254382768454975e-05,0.0,0.0,0.0,0.0,0.0,0.0,0.0,0.0,0.5,0.0,0.0,0.0,-0.0013052151493588848,0.0,0.0,0.0,40.68694784850641,40.68694784850641,40.68694784850641,40.68694784850641,0.0022862006406834112,5.254382768454975e-05,0.0,0.0,0.0,0.0022862006406834112,0.021815001673530787
8.712,0.0,0.0,0.5022865987587277,0.0,0.0,5.198801325536877e-05,0.0,0.0,0.0,0.0,0.0,0.0,0.0,0.0,0.5,0.0,0.0,0.0,-0.001305034676408856,0.0,0.0,0.0,40.686949653235914,40.686949653235914,40.686949653235914,40.686949653235914,0.0022865987587277203,5.198801325536877e-05,0.0,0.0,0.0,0.0022865987587277203,0.019899001927115023
8.72,0.0,0.0,0.5022869927080187,0.0,0.0,5.143914287845864e-05,0.0,0.0,0.0,0.0,0.0,0.0,0.0,0.0,0.5,0.0,0.0,0.0,-0.0013048580373544727,0.0,0.0,0.0,40.68695141962646,40.68695141962646,40.68695141962646,40.68695141962646,0.002286992708018687,5.143914287845864e-05,0.0,0.0,0.0,0.002286992708018687,0.027346002752892673
8.728,0.0,0.0,0.5022873825484868,0.0,0.0,5.089732600599463e-05,0.0,0.0,0.0,0.0,0.0,0.0,0.0,0.0,0.5,0.0,0.0,0.0,-0.0013051128636292209,0.0,0.0,0.0,40.68694887136371,40.68694887136371,40.68694887136371,40.68694887136371,0.002287382548486816,5.089732600599463e-05,0.0,0.0,0.0,0.002287382548486816,0.04095999975106679
8.736,0.0,0.0,0.5022877682068267,0.0,0.0,5.035931930303868e-05,0.0,0.0,0.0,0.0,0.0,0.0,0.0,0.0,0.5,0.0,0.0,0.0,-0.0013049387526172795,0.0,0.0,0.0,40.68695061247383,40.68695061247383,40.68695061247383,40.68695061247383,0.0022877682068267458,5.035931930303868e-05,0.0,0.0,0.0,0.0022877682068267458,0.02245900031994097
8.744,0.0,0.0,0.5022881497422061,0.0,0.0,4.982583992746252e-05,0.0,0.0,0.0,0.0,0.0,0.0,0.0,0.0,0.5,0.0,0.0,0.0,-0.001304764385345214,0.0,0.0,0.0,40.68695235614655,40.68695235614655,40.68695235614655,40.68695235614655,0.002288149742206147,4.982583992746252e-05,0.0,0.0,0.0,0.002288149742206147,0.03468100112513639
8.752,0.0,0.0,0.5022885272137948,0.0,0.0,4.929746165829063e-05,0.0,0.0,0.0,0.0,0.0,0.0,0.0,0.0,0.5,0.0,0.0,0.0,-0.0013045908702777886,0.0,0.0,0.0,40.686954091297224,40.686954091297224,40.686954091297224,40.686954091297224,0.0022885272137948,4.929746165829063e-05,0.0,0.0,0.0,0.0022885272137948,0.04382800034363754
8.76,0.0,0.0,0.5022889006804229,0.0,0.0,4.877463502832043e-05,0.0,0.0,0.0,0.0,0.0,0.0,0.0,0.0,0.5,0.0,0.0,0.0,-0.0013044191020463725,0.0,0.0,0.0,40.68695580897954,40.68695580897954,40.68695580897954,40.68695580897954,0.0022889006804228673,4.877463502832043e-05,0.0,0.0,0.0,0.0022889006804228673,0.052027000492671505
8.768,0.0,0.0,0.5022892702003047,0.0,0.0,4.825770506776373e-05,0.0,0.0,0.0,0.0,0.0,0.0,0.0,0.0,0.5,0.0,0.0,0.0,-0.0013042497915973783,0.0,0.0,0.0,40.68695750208403,40.68695750208403,40.68695750208403,40.68695750208403,0.0022892702003046717,4.825770506776373e-05,0.0,0.0,0.0,0.0022892702003046717,0.0382370017177891
8.776,0.0,0.0,0.5022896358308205,0.0,0.0,4.774692695080982e-05,0.0,0.0,0.0,0.0,0.0,0.0,0.0,0.0,0.5,0.0,0.0,0.0,-0.001304083492825625,0.0,0.0,0.0,40.68695916507175,40.68695916507175,40.68695916507175,40.68695916507175,0.0022896358308205356,4.774692695080982e-05,0.0,0.0,0.0,0.0022896358308205356,0.1270789980480913
8.784,0.0,0.0,0.5022899976283468,0.0,0.0,4.724247971743493e-05,0.0,0.0,0.0,0.0,0.0,0.0,0.0,0.0,0.5,0.0,0.0,0.0,-0.0013039206259752856,0.0,0.0,0.0,40.68696079374025,40.68696079374025,40.68696079374025,40.68696079374025,0.002289997628346807,4.724247971743493e-05,0.0,0.0,0.0,0.002289997628346807,0.07107700002961792
8.792,0.0,0.0,0.5022903556481274,0.0,0.0,4.674447828894102e-05,0.0,0.0,0.0,0.0,0.0,0.0,0.0,0.0,0.5,0.0,0.0,0.0,-0.0013041811958746097,0.0,0.0,0.0,40.68695818804126,40.68695818804126,40.68695818804126,40.68695818804126,0.0022903556481274068,4.674447828894102e-05,0.0,0.0,0.0,0.0022903556481274068,0.0496949978696648
8.8,0.0,0.0,0.5022907098146541,0.0,0.0,4.6249745797690244e-05,0.0,0.0,0.0,0.0,0.0,0.0,0.0,0.0,0.5,0.0,0.0,0.0,-0.0013040201642939842,0.0,0.0,0.0,40.686959798357066,40.686959798357066,40.686959798357066,40.686959798357066,0.0022907098146540683,4.6249745797690244e-05,0.0,0.0,0.0,0.0022907098146540683,0.029687998903682455
8.808,0.0,0.0,0.5022910601826307,0.0,0.0,4.575899605393968e-05,0.0,0.0,0.0,0.0,0.0,0.0,0.0,0.0,0.5,0.0,0.0,0.0,-0.0013038585708423645,0.0,0.0,0.0,40.68696141429158,40.68696141429158,40.68696141429158,40.68696141429158,0.0022910601826306998,4.575899605393968e-05,0.0,0.0,0.0,0.0022910601826306998,0.022398999135475606
8.816,0.0,0.0,0.5022914068068635,0.0,0.0,4.527280266217564e-05,0.0,0.0,0.0,0.0,0.0,0.0,0.0,0.0,0.5,0.0,0.0,0.0,-0.001303697515123936,0.0,0.0,0.0,40.686963024848765,40.686963024848765,40.686963024848765,40.686963024848765,0.0022914068068634608,4.527280266217564e-05,0.0,0.0,0.0,0.0022914068068634608,0.037672998587368056
8.824,0.0,0.0,0.5022917497419213,0.0,0.0,4.4791618574628435e-05,0.0,0.0,0.0,0.0,0.0,0.0,0.0,0.0,0.5,0.0,0.0,0.0,-0.0013035378875966286,0.0,0.0,0.0,40.686964621124034,40.686964621124034,40.686964621124034,40.686964621124034,0.0022917497419212562,4.4791618574628435e-05,0.0,0.0,0.0,0.0022917497419212562,0.04257799810147844
8.832,0.0,0.0,0.5022920890418615,0.0,0.0,4.4315793366080966e-05,0.0,0.0,0.0,0.0,0.0,0.0,0.0,0.0,0.5,0.0,0.0,0.0,-0.001303380398913534,0.0,0.0,0.0,40.686966196010864,40.686966196010864,40.686966196010864,40.686966196010864,0.0022920890418615114,4.4315793366080966e-05,0.0,0.0,0.0,0.0022920890418615114,0.047318997530965135
8.84,0.0,0.0,0.5022924247600111,0.0,0.0,4.3845588433198365e-05,0.0,0.0,0.0,0.0,0.0,0.0,0.0,0.0,0.5,0.0,0.0,0.0,-0.0013032256057822211,0.0,0.0,0.0,40.68696774394218,40.68696774394218,40.68696774394218,40.68696774394218,0.0022924247600111247,4.3845588433198365e-05,0.0,0.0,0.0,0.0022924247600111247,0.025080997147597373
8.848,0.0,0.0,0.502292756948796,0.0,0.0,4.338119036965563e-05,0.0,0.0,0.0,0.0,0.0,0.0,0.0,0.0,0.5,0.0,0.0,0.0,-0.0013030739337628328,0.0,0.0,0.0,40.68696926066237,40.68696926066237,40.68696926066237,40.68696926066237,0.0022927569487960486,4.338119036965563e-05,0.0,0.0,0.0,0.0022927569487960486,0.021113999537192285
8.856,0.0,0.0,0.5022930856596106,0.0,0.0,4.2922722659919326e-05,0.0,0.0,0.0,0.0,0.0,0.0,0.0,0.0,0.5,0.0,0.0,0.0,-0.001302925697238999,0.0,0.0,0.0,40.686970743027615,40.686970743027615,40.686970743027615,40.686970743027615,0.0022930856596106164,4.2922722659919326e-05,0.0,0.0,0.0,0.0022930856596106164,0.02108499757014215
8.864,0.0,0.0,0.5022934109427224,0.0,0.0,4.2470255922421654e-05,0.0,0.0,0.0,0.0,0.0,0.0,0.0,0.0,0.5,0.0,0.0,0.0,-0.0013031936070109218,0.0,0.0,0.0,40.686968063929896,40.686968063929896,40.686968063929896,40.686968063929896,0.002293410942722396,4.2470255922421654e-05,0.0,0.0,0.0,0.002293410942722396,0.04131999958190136
8.872,0.0,0.0,0.5022937327199031,0.0,0.0,4.2020634254900595e-05,0.0,0.0,0.0,0.0,0.0,0.0,0.0,0.0,0.5,0.0,0.0,0.0,-0.0013030470710579944,0.0,0.0,0.0,40.68696952928942,40.68696952928942,40.68696952928942,40.68696952928942,0.0022937327199030744,4.2020634254900595e-05,0.0,0.0,0.0,0.0022937327199030744,0.02296099773957394
8.88,0.0,0.0,0.5022940510409316,0.0,0.0,4.157453311732557e-05,0.0,0.0,0.0,0.0,0.0,0.0,0.0,0.0,0.5,0.0,0.0,0.0,-0.0013028998453575857,0.0,0.0,0.0,40.686971001546425,40.686971001546425,40.686971001546425,40.686971001546425,0.0022940510409316106,4.157453311732557e-05,0.0,0.0,0.0,0.0022940510409316106,0.0413999987358693
8.888,0.0,0.0,0.5022943659557352,0.0,0.0,4.113249658304857e-05,0.0,0.0,0.0,0.0,0.0,0.0,0.0,0.0,0.5,0.0,0.0,0.0,-0.0013027529688670603,0.0,0.0,0.0,40.68697247031133,40.68697247031133,40.68697247031133,40.68697247031133,0.002294365955735178,4.113249658304857e-05,0.0,0.0,0.0,0.002294365955735178,0.0276809987553861
8.896,0.0,0.0,0.5022946775140683,0.0,0.0,4.069495559475216e-05,0.0,0.0,0.0,0.0,0.0,0.0,0.0,0.0,0.5,0.0,0.0,0.0,-0.0013026072845336856,0.0,0.0,0.0,40.68697392715467,40.68697392715467,40.68697392715467,40.68697392715467,0.0022946775140683107,4.069495559475216e-05,0.0,0.0,0.0,0.0022946775140683107,0.02174499968532473
8.904,0.0,0.0,0.5022949857652529,0.0,0.0,4.0262244090241504e-05,0.0,0.0,0.0,0.0,0.0,0.0,0.0,0.0,0.5,0.0,0.0,0.0,-0.0013024634666767287,0.0,0.0,0.0,40.68697536533323,40.68697536533323,40.68697536533323,40.68697536533323,0.0022949857652528882,4.0262244090241504e-05,0.0,0.0,0.0,0.0022949857652528882,0.019963998056482524
8.912,0.0,0.0,0.5022952907579706,0.0,0.0,3.9834613215888975e-05,0.0,0.0,0.0,0.0,0.0,0.0,0.0,0.0,0.5,0.0,0.0,0.0,-0.00130232204516334,0.0,0.0,0.0,40.68697677954837,40.68697677954837,40.68697677954837,40.68697677954837,0.002295290757970636,3.9834613215888975e-05,0.0,0.0,0.0,0.002295290757970636,0.021138002921361476
8.92,0.0,0.0,0.5022955925401007,0.0,0.0,3.941224382429367e-05,0.0,0.0,0.0,0.0,0.0,0.0,0.0,0.0,0.5,0.0,0.0,0.0,-0.0013021834267065158,0.0,0.0,0.0,40.68697816573294,40.68697816573294,40.68697816573294,40.68697816573294,0.0022955925401006994,3.941224382429367e-05,0.0,0.0,0.0,0.0022955925401006994,0.019727998733287677
8.928,0.0,0.0,0.5022958911585947,0.0,0.0,3.899525741052024e-05,0.0,0.0,0.0,0.0,0.0,0.0,0.0,0.0,0.5,0.0,0.0,0.0,-0.0013020479135349428,0.0,0.0,0.0,40.686979520864654,40.686979520864654,40.686979520864654,40.686979520864654,0.002295891158594743,3.899525741052024e-05,0.0,0.0,0.0,0.002295891158594743,0.02102200232911855
8.936,0.0,0.0,0.5022961866593851,0.0,0.0,3.858372568823312e-05,0.0,0.0,0.0,0.0,0.0,0.0,0.0,0.0,0.5,0.0,0.0,0.0,-0.0013019157197758924,0.0,0.0,0.0,40.68698084280224,40.68698084280224,40.68698084280224,40.68698084280224,0.0022961866593851354,3.858372568823312e-05,0.0,0.0,0.0,0.0022961866593851354,0.02076000237138942
8.944,0.0,0.0,0.5022964790873201,0.0,0.0,3.8177678925037646e-05,0.0,0.0,0.0,0.0,0.0,0.0,0.0,0.0,0.5,0.0,0.0,0.0,-0.0013021971319286951,0.0,0.0,0.0,40.68697802868071,40.68697802868071,40.68697802868071,40.68697802868071,0.0022964790873201135,3.8177678925037646e-05,0.0,0.0,0.0,0.0022964790873201135,0.09652200242271647
8.952,0.0,0.0,0.5022967683595434,0.0,0.0,3.777394872218389e-05,0.0,0.0,0.0,0.0,0.0,0.0,0.0,0.0,0.5,0.0,0.0,0.0,-0.0013020662150429185,0.0,0.0,0.0,40.68697933784957,40.68697933784957,40.68697933784957,40.68697933784957,0.0022967683595433996,3.777394872218389e-05,0.0,0.0,0.0,0.0022967683595433996,0.04958899808116257
8.96,0.0,0.0,0.5022970545205585,0.0,0.0,3.737318435539995e-05,0.0,0.0,0.0,0.0,0.0,0.0,0.0,0.0,0.5,0.0,0.0,0.0,-0.001301934325579568,0.0,0.0,0.0,40.686980656744204,40.686980656744204,40.686980656744204,40.686980656744204,0.002297054520558506,3.737318435539995e-05,0.0,0.0,0.0,0.002297054520558506,0.03897200076607987
8.968,0.0,0.0,0.5022973376151114,0.0,0.0,3.697591130709243e-05,0.0,0.0,0.0,0.0,0.0,0.0,0.0,0.0,0.5,0.0,0.0,0.0,-0.001301802460178747,0.0,0.0,0.0,40.68698197539822,40.68698197539822,40.68698197539822,40.68698197539822,0.0022973376151114167,3.697591130709243e-05,0.0,0.0,0.0,0.0022973376151114167,0.033703003282425925
8.976,0.0,0.0,0.5022976176878824,0.0,0.0,3.65825483200502e-05,0.0,0.0,0.0,0.0,0.0,0.0,0.0,0.0,0.5,0.0,0.0,0.0,-0.0013016714307342303,0.0,0.0,0.0,40.68698328569266,40.68698328569266,40.68698328569266,40.68698328569266,0.0022976176878823917,3.65825483200502e-05,0.0,0.0,0.0,0.0022976176878823917,0.03523199848132208
8.984,0.0,0.0,0.5022978947832358,0.0,0.0,3.6193422492049366e-05,0.0,0.0,0.0,0.0,0.0,0.0,0.0,0.0,0.5,0.0,0.0,0.0,-0.001301541890011304,0.0,0.0,0.0,40.68698458109989,40.68698458109989,40.68698458109989,40.68698458109989,0.002297894783235832,3.6193422492049366e-05,0.0,0.0,0.0,0.002297894783235832,0.0410149987146724
8.992,0.0,0.0,0.5022981689450189,0.0,0.0,3.580878256998193e-05,0.0,0.0,0.0,0.0,0.0,0.0,0.0,0.0,0.5,0.0,0.0,0.0,-0.0013014143542442458,0.0,0.0,0.0,40.68698585645756,40.68698585645756,40.68698585645756,40.68698585645756,0.002298168945018886,3.580878256998193e-05,0.0,0.0,0.0,0.002298168945018886,0.028685000870609656
9.0,0.0,0.0,0.502298440216403,0.0,0.0,3.5428810659324296e-05,0.0,0.0,0.0,0.0,0.0,0.0,0.0,0.0,0.5,0.0,0.0,0.0,-0.0013012892230797046,0.0,0.0,0.0,40.686987107769205,40.686987107769205,40.686987107769205,40.686987107769205,0.0022984402164030193,3.5428810659324296e-05,0.0,0.0,0.0,0.0022984402164030193,0.027987000066787004
9.008000000000001,0.0,0.0,0.5022987086397616,0.0,0.0,3.505363249096823e-05,0.0,0.0,0.0,0.0,0.0,0.0,0.0,0.0,0.5,0.0,0.0,0.0,-0.0013011667970923568,0.0,0.0,0.0,40.68698833202908,40.68698833202908,40.68698833202908,40.68698833202908,0.0022987086397615597,3.505363249096823e-05,0.0,0.0,0.0,0.0022987086397615597,0.05021700053475797
9.016,0.0,0.0,0.5022989742565779,0.0,0.0,3.468332640076372e-05,0.0,0.0,0.0,0.0,0.0,0.0,0.0,0.0,0.5,0.0,0.0,0.0,-0.0013010472931371808,0.0,0.0,0.0,40.68698952706863,40.68698952706863,40.68698952706863,40.68698952706863,0.0022989742565778792,3.468332640076372e-05,0.0,0.0,0.0,0.0022989742565778792,0.1313359971391037
9.024000000000001,0.0,0.0,0.5022992371073796,0.0,0.0,3.431793116260978e-05,0.0,0.0,0.0,0.0,0.0,0.0,0.0,0.0,0.5,0.0,0.0,0.0,-0.0013009308577683898,0.0,0.0,0.0,40.68699069142232,40.68699069142232,40.68699069142232,40.68699069142232,0.0022992371073795592,3.431793116260978e-05,0.0,0.0,0.0,0.0022992371073795592,0.06485199992312118
9.032,0.0,0.0,0.5022994972316948,0.0,0.0,3.395745281006231e-05,0.0,0.0,0.0,0.0,0.0,0.0,0.0,0.0,0.5,0.0,0.0,0.0,-0.0013012260331700665,0.0,0.0,0.0,40.686987739668304,40.686987739668304,40.686987739668304,40.686987739668304,0.002299497231694758,3.395745281006231e-05,0.0,0.0,0.0,0.002299497231694758,0.0602489999437239
9.040000000000001,0.0,0.0,0.5022997545419693,0.0,0.0,3.3598719111344046e-05,0.0,0.0,0.0,0.0,0.0,0.0,0.0,0.0,0.5,0.0,0.0,0.0,-0.0013011102524774776,0.0,0.0,0.0,40.68698889747523,40.68698889747523,40.68698889747523,40.68698889747523,0.00229975454196929,3.3598719111344046e-05,0.0,0.0,0.0,0.00229975454196929,0.03785499939112924
9.048,0.0,0.0,0.5023000090775916,0.0,0.0,3.32423658480037e-05,0.0,0.0,0.0,0.0,0.0,0.0,0.0,0.0,0.5,0.0,0.0,0.0,-0.001300993146814755,0.0,0.0,0.0,40.686990068531856,40.686990068531856,40.686990068531856,40.686990068531856,0.002300009077591647,3.32423658480037e-05,0.0,0.0,0.0,0.002300009077591647,0.058861998695647344
9.056000000000001,0.0,0.0,0.5023002608783078,0.0,0.0,3.28889105825699e-05,0.0,0.0,0.0,0.0,0.0,0.0,0.0,0.0,0.5,0.0,0.0,0.0,-0.001300875689316583,0.0,0.0,0.0,40.68699124310684,40.68699124310684,40.68699124310684,40.68699124310684,0.002300260878307814,3.28889105825699e-05,0.0,0.0,0.0,0.002300260878307814,0.08147599874064326
9.064,0.0,0.0,0.5023005099839208,0.0,0.0,3.253876879170776e-05,0.0,0.0,0.0,0.0,0.0,0.0,0.0,0.0,0.5,0.0,0.0,0.0,-0.0013007586766619061,0.0,0.0,0.0,40.686992413233384,40.686992413233384,40.686992413233384,40.686992413233384,0.00230050998392084,3.253876879170776e-05,0.0,0.0,0.0,0.00230050998392084,0.07386600191239268
9.072000000000001,0.0,0.0,0.5023007564340448,0.0,0.0,3.2192268132744834e-05,0.0,0.0,0.0,0.0,0.0,0.0,0.0,0.0,0.5,0.0,0.0,0.0,-0.0013006427532661347,0.0,0.0,0.0,40.686993572467344,40.686993572467344,40.686993572467344,40.686993572467344,0.002300756434044815,3.2192268132744834e-05,0.0,0.0,0.0,0.002300756434044815,0.049124999350169674
9.08,0.0,0.0,0.502301000267906,0.0,0.0,3.1849661036526115e-05,0.0,0.0,0.0,0.0,0.0,0.0,0.0,0.0,0.5,0.0,0.0,0.0,-0.0013005284326725874,0.0,0.0,0.0,40.68699471567328,40.68699471567328,40.68699471567328,40.68699471567328,0.002301000267906028,3.1849661036526115e-05,0.0,0.0,0.0,0.002301000267906028,0.05526300083147362
9.088000000000001,0.0,0.0,0.5023012415241853,0.0,0.0,3.1511135811407846e-05,0.0,0.0,0.0,0.0,0.0,0.0,0.0,0.0,0.5,0.0,0.0,0.0,-0.0013004161164478223,0.0,0.0,0.0,40.68699583883552,40.68699583883552,40.68699583883552,40.68699583883552,0.0023012415241853157,3.1511135811407846e-05,0.0,0.0,0.0,0.0023012415241853157,0.029967999580549076
9.096,0.0,0.0,0.5023014802408945,0.0,0.0,3.117682637857054e-05,0.0,0.0,0.0,0.0,0.0,0.0,0.0,0.0,0.5,0.0,0.0,0.0,-0.0013003061107784708,0.0,0.0,0.0,40.68699693889222,40.68699693889222,40.68699693889222,40.68699693889222,0.0023014802408944934,3.117682637857054e-05,0.0,0.0,0.0,0.0023014802408944934,0.022387001081369817
9.104000000000001,0.0,0.0,0.5023017164552831,0.0,0.0,3.084682081797507e-05,0.0,0.0,0.0,0.0,0.0,0.0,0.0,0.0,0.5,0.0,0.0,0.0,-0.0013001986410684507,0.0,0.0,0.0,40.68699801358932,40.68699801358932,40.68699801358932,40.68699801358932,0.002301716455283098,3.084682081797507e-05,0.0,0.0,0.0,0.002301716455283098,0.022331001673592255
9.112,0.0,0.0,0.5023019502037696,0.0,0.0,3.052116881577149e-05,0.0,0.0,0.0,0.0,0.0,0.0,0.0,0.0,0.5,0.0,0.0,0.0,-0.0013000938646861027,0.0,0.0,0.0,40.68699906135314,40.68699906135314,40.68699906135314,40.68699906135314,0.002301950203769554,3.052116881577149e-05,0.0,0.0,0.0,0.002301950203769554,0.10380399908171967
9.120000000000001,0.0,0.0,0.5023021815218938,0.0,0.0,3.0199888157887652e-05,0.0,0.0,0.0,0.0,0.0,0.0,0.0,0.0,0.5,0.0,0.0,0.0,-0.0012999918821016143,0.0,0.0,0.0,40.68700008117899,40.68700008117899,40.68700008117899,40.68700008117899,0.0023021815218937647,3.0199888157887652e-05,0.0,0.0,0.0,0.0023021815218937647,0.02300300184288062
9.128,0.0,0.0,0.5023024104442871,0.0,0.0,2.9882970360683464e-05,0.0,0.0,0.0,0.0,0.0,0.0,0.0,0.0,0.5,0.0,0.0,0.0,-0.0013002945849180936,0.0,0.0,0.0,40.68699705415082,40.68699705415082,40.68699705415082,40.68699705415082,0.0023024104442871396,2.9882970360683464e-05,0.0,0.0,0.0,0.0023024104442871396,0.03969200042774901
9.136000000000001,0.0,0.0,0.5023026368806428,0.0,0.0,2.9567285180193194e-05,0.0,0.0,0.0,0.0,0.0,0.0,0.0,0.0,0.5,0.0,0.0,0.0,-0.0013001927052292972,0.0,0.0,0.0,40.68699807294771,40.68699807294771,40.68699807294771,40.68699807294771,0.0023026368806428055,2.9567285180193194e-05,0.0,0.0,0.0,0.0023026368806428055,0.02355600008741021
9.144,0.0,0.0,0.5023028608656329,0.0,0.0,2.9253452896927486e-05,0.0,0.0,0.0,0.0,0.0,0.0,0.0,0.0,0.5,0.0,0.0,0.0,-0.0013000892222305716,0.0,0.0,0.0,40.686999107777694,40.686999107777694,40.686999107777694,40.686999107777694,0.0023028608656329164,2.9253452896927486e-05,0.0,0.0,0.0,0.0023028608656329164,0.035364999348530546
9.152000000000001,0.0,0.0,0.5023030824343793,0.0,0.0,2.894198097629799e-05,0.0,0.0,0.0,0.0,0.0,0.0,0.0,0.0,0.5,0.0,0.0,0.0,-0.0012999850825226034,0.0,0.0,0.0,40.68700014917478,40.68700014917478,40.68700014917478,40.68700014917478,0.0023030824343792666,2.894198097629799e-05,0.0,0.0,0.0,0.0023030824343792666,0.020783998479600996
9.16,0.0,0.0,0.5023033016221607,0.0,0.0,2.8633279318052908e-05,0.0,0.0,0.0,0.0,0.0,0.0,0.0,0.0,0.5,0.0,0.0,0.0,-0.0012998810642648184,0.0,0.0,0.0,40.68700118935735,40.68700118935735,40.68700118935735,40.68700118935735,0.002303301622160747,2.8633279318052908e-05,0.0,0.0,0.0,0.002303301622160747,0.021974003175273538
9.168000000000001,0.0,0.0,0.5023035184641729,0.0,0.0,2.8327673757542195e-05,0.0,0.0,0.0,0.0,0.0,0.0,0.0,0.0,0.5,0.0,0.0,0.0,-0.0012997778000549687,0.0,0.0,0.0,40.68700222199945,40.68700222199945,40.68700222199945,40.68700222199945,0.002303518464172871,2.8327673757542195e-05,0.0,0.0,0.0,0.002303518464172871,0.021307001588866115
9.176,0.0,0.0,0.5023037329953328,0.0,0.0,2.8025418004727833e-05,0.0,0.0,0.0,0.0,0.0,0.0,0.0,0.0,0.5,0.0,0.0,0.0,-0.0012996757971965867,0.0,0.0,0.0,40.687003242028034,40.687003242028034,40.687003242028034,40.687003242028034,0.002303732995332819,2.8025418004727833e-05,0.0,0.0,0.0,0.002303732995332819,0.10910800119745545
9.184000000000001,0.0,0.0,0.502303945250123,0.0,0.0,2.7726704158491226e-05,0.0,0.0,0.0,0.0,0.0,0.0,0.0,0.0,0.5,0.0,0.0,0.0,-0.001299575455578017,0.0,0.0,0.0,40.68700424544422,40.68700424544422,40.68700424544422,40.68700424544422,0.0023039452501230073,2.7726704158491226e-05,0.0,0.0,0.0,0.0023039452501230073,0.029931998142274097
9.192,0.0,0.0,0.5023041552624684,0.0,0.0,2.7431671961867702e-05,0.0,0.0,0.0,0.0,0.0,0.0,0.0,0.0,0.5,0.0,0.0,0.0,-0.0012994770834391378,0.0,0.0,0.0,40.687005229165614,40.687005229165614,40.687005229165614,40.687005229165614,0.0023041552624684103,2.7431671961867702e-05,0.0,0.0,0.0,0.0023041552624684103,0.026420999347465113
9.200000000000001,0.0,0.0,0.5023043630352827,0.0,0.0,2.7139657926664957e-05,0.0,0.0,0.0,0.0,0.0,0.0,0.0,0.0,0.5,0.0,0.0,0.0,-0.001299379538923895,0.0,0.0,0.0,40.68700620461076,40.68700620461076,40.68700620461076,40.68700620461076,0.002304363035282697,2.7139657926664957e-05,0.0,0.0,0.0,0.002304363035282697,0.0269880001724232
9.208,0.0,0.0,0.5023045686319391,0.0,0.0,2.685164275049065e-05,0.0,0.0,0.0,0.0,0.0,0.0,0.0,0.0,0.5,0.0,0.0,0.0,-0.0012992846425490256,0.0,0.0,0.0,40.68700715357451,40.68700715357451,40.68700715357451,40.68700715357451,0.0023045686319390635,2.685164275049065e-05,0.0,0.0,0.0,0.0023045686319390635,0.033365999115630984
9.216000000000001,0.0,0.0,0.5023047720552651,0.0,0.0,2.6566897352212345e-05,0.0,0.0,0.0,0.0,0.0,0.0,0.0,0.0,0.5,0.0,0.0,0.0,-0.00129919113884025,0.0,0.0,0.0,40.6870080886116,40.6870080886116,40.6870080886116,40.6870080886116,0.0023047720552651363,2.6566897352212345e-05,0.0,0.0,0.0,0.0023047720552651363,0.08405499829677865
9.224,0.0,0.0,0.5023049733662285,0.0,0.0,2.6286291965361364e-05,0.0,0.0,0.0,0.0,0.0,0.0,0.0,0.0,0.5,0.0,0.0,0.0,-0.0012991006525364668,0.0,0.0,0.0,40.687008993474635,40.687008993474635,40.687008993474635,40.687008993474635,0.00230497336622848,2.6286291965361364e-05,0.0,0.0,0.0,0.00230497336622848,0.1115849991037976
9.232,0.0,0.0,0.5023051725675737,0.0,0.0,2.6009067202209585e-05,0.0,0.0,0.0,0.0,0.0,0.0,0.0,0.0,0.5,0.0,0.0,0.0,-0.0012990118755821234,0.0,0.0,0.0,40.68700988124418,40.68700988124418,40.68700988124418,40.68700988124418,0.0023051725675736767,2.6009067202209585e-05,0.0,0.0,0.0,0.0023051725675736767,0.10989699876517989
9.24,0.0,0.0,0.5023053697173657,0.0,0.0,2.5735998562947445e-05,0.0,0.0,0.0,0.0,0.0,0.0,0.0,0.0,0.5,0.0,0.0,0.0,-0.0012993211794465331,0.0,0.0,0.0,40.68700678820554,40.68700678820554,40.68700678820554,40.68700678820554,0.002305369717365724,2.5735998562947445e-05,0.0,0.0,0.0,0.002305369717365724,0.08352000077138655
9.248,0.0,0.0,0.5023055647228134,0.0,0.0,2.546393504232039e-05,0.0,0.0,0.0,0.0,0.0,0.0,0.0,0.0,0.5,0.0,0.0,0.0,-0.0012992330995955648,0.0,0.0,0.0,40.687007669004046,40.687007669004046,40.687007669004046,40.687007669004046,0.0023055647228134024,2.546393504232039e-05,0.0,0.0,0.0,0.0023055647228134024,0.07609600288560614
9.256,0.0,0.0,0.5023057575867027,0.0,0.0,2.519274526644068e-05,0.0,0.0,0.0,0.0,0.0,0.0,0.0,0.0,0.5,0.0,0.0,0.0,-0.0012991423305428462,0.0,0.0,0.0,40.68700857669457,40.68700857669457,40.68700857669457,40.68700857669457,0.002305757586702706,2.519274526644068e-05,0.0,0.0,0.0,0.002305757586702706,0.04539400106295943
9.264,0.0,0.0,0.5023059483670124,0.0,0.0,2.4923703954684138e-05,0.0,0.0,0.0,0.0,0.0,0.0,0.0,0.0,0.5,0.0,0.0,0.0,-0.0012990511907650104,0.0,0.0,0.0,40.68700948809235,40.68700948809235,40.68700948809235,40.68700948809235,0.002305948367012367,2.4923703954684138e-05,0.0,0.0,0.0,0.002305948367012367,0.031061001209309325
9.272,0.0,0.0,0.5023061370664496,0.0,0.0,2.4656449093419586e-05,0.0,0.0,0.0,0.0,0.0,0.0,0.0,0.0,0.5,0.0,0.0,0.0,-0.0012989590594324474,0.0,0.0,0.0,40.68701040940568,40.68701040940568,40.68701040940568,40.68701040940568,0.002306137066449554,2.4656449093419586e-05,0.0,0.0,0.0,0.002306137066449554,0.028706002922262996
9.28,0.0,0.0,0.5023063237442789,0.0,0.0,2.4392105007381553e-05,0.0,0.0,0.0,0.0,0.0,0.0,0.0,0.0,0.5,0.0,0.0,0.0,-0.0012988679974209605,0.0,0.0,0.0,40.687011320025796,40.687011320025796,40.687011320025796,40.687011320025796,0.0023063237442788598,2.4392105007381553e-05,0.0,0.0,0.0,0.0023063237442788598,0.0352870010829065
9.288,0.0,0.0,0.502306508403127,0.0,0.0,2.4130155208439008e-05,0.0,0.0,0.0,0.0,0.0,0.0,0.0,0.0,0.5,0.0,0.0,0.0,-0.0012987771165632322,0.0,0.0,0.0,40.68701222883437,40.68701222883437,40.68701222883437,40.68701222883437,0.002306508403126961,2.4130155208439008e-05,0.0,0.0,0.0,0.002306508403126961,0.024607001250842586
9.296,0.0,0.0,0.5023066911017681,0.0,0.0,2.3871590194367976e-05,0.0,0.0,0.0,0.0,0.0,0.0,0.0,0.0,0.5,0.0,0.0,0.0,-0.001298688245305657,0.0,0.0,0.0,40.68701311754695,40.68701311754695,40.68701311754695,40.68701311754695,0.002306691101768066,2.3871590194367976e-05,0.0,0.0,0.0,0.002306691101768066,0.021167998056625947
9.304,0.0,0.0,0.5023068718427491,0.0,0.0,2.3615796682258145e-05,0.0,0.0,0.0,0.0,0.0,0.0,0.0,0.0,0.5,0.0,0.0,0.0,-0.0012986003279085168,0.0,0.0,0.0,40.68701399672092,40.68701399672092,40.68701399672092,40.68701399672092,0.0023068718427491364,2.3615796682258145e-05,0.0,0.0,0.0,0.0023068718427491364,0.021521002054214478
9.312,0.0,0.0,0.5023070506831739,0.0,0.0,2.3363647965873286e-05,0.0,0.0,0.0,0.0,0.0,0.0,0.0,0.0,0.5,0.0,0.0,0.0,-0.0012985149868254275,0.0,0.0,0.0,40.687014850131746,40.687014850131746,40.687014850131746,40.687014850131746,0.002307050683173939,2.3363647965873286e-05,0.0,0.0,0.0,0.002307050683173939,0.02513099752832204
9.32,0.0,0.0,0.5023072276255119,0.0,0.0,2.3114476822793258e-05,0.0,0.0,0.0,0.0,0.0,0.0,0.0,0.0,0.5,0.0,0.0,0.0,-0.0012984310728706427,0.0,0.0,0.0,40.6870156892713,40.6870156892713,40.6870156892713,40.6870156892713,0.002307227625511943,2.3114476822793258e-05,0.0,0.0,0.0,0.002307227625511943,0.022800999431638047
9.328,0.0,0.0,0.5023074027244645,0.0,0.0,2.2869055272222987e-05,0.0,0.0,0.0,0.0,0.0,0.0,0.0,0.0,0.5,0.0,0.0,0.0,-0.0012983500286209981,0.0,0.0,0.0,40.68701649971379,40.68701649971379,40.68701649971379,40.68701649971379,0.0023074027244645023,2.2869055272222987e-05,0.0,0.0,0.0,0.0023074027244645023,0.019584000256145373
9.336,0.0,0.0,0.5023075759824268,0.0,0.0,2.262669327553741e-05,0.0,0.0,0.0,0.0,0.0,0.0,0.0,0.0,0.5,0.0,0.0,0.0,-0.0012982706652818754,0.0,0.0,0.0,40.68701729334718,40.68701729334718,40.68701729334718,40.68701729334718,0.0023075759824268127,2.262669327553741e-05,0.0,0.0,0.0,0.0023075759824268127,0.019761002477025613
9.344,0.0,0.0,0.5023077474512956,0.0,0.0,2.2388076339690323e-05,0.0,0.0,0.0,0.0,0.0,0.0,0.0,0.0,0.5,0.0,0.0,0.0,-0.0012981942702976479,0.0,0.0,0.0,40.687018057297024,40.687018057297024,40.687018057297024,40.687018057297024,0.002307747451295583,2.2388076339690323e-05,0.0,0.0,0.0,0.002307747451295583,0.02163999670301564
9.352,0.0,0.0,0.5023079171333955,0.0,0.0,2.2152513569911906e-05,0.0,0.0,0.0,0.0,0.0,0.0,0.0,0.0,0.5,0.0,0.0,0.0,-0.001298119653254659,0.0,0.0,0.0,40.68701880346745,40.68701880346745,40.68701880346745,40.68701880346745,0.0023079171333955095,2.2152513569911906e-05,0.0,0.0,0.0,0.0023079171333955095,0.019500999769661576
9.36,0.0,0.0,0.5023080850776531,0.0,0.0,2.192061729622767e-05,0.0,0.0,0.0,0.0,0.0,0.0,0.0,0.0,0.5,0.0,0.0,0.0,-0.0012980479692044078,0.0,0.0,0.0,40.687019520307956,40.687019520307956,40.687019520307956,40.687019520307956,0.0023080850776531214,2.192061729622767e-05,0.0,0.0,0.0,0.0023080850776531214,0.03846499748760834
9.368,0.0,0.0,0.5023082512863265,0.0,0.0,2.169171067148216e-05,0.0,0.0,0.0,0.0,0.0,0.0,0.0,0.0,0.5,0.0,0.0,0.0,-0.0012983646405912985,0.0,0.0,0.0,40.68701635359409,40.68701635359409,40.68701635359409,40.68701635359409,0.0023082512863265015,2.169171067148216e-05,0.0,0.0,0.0,0.0023082512863265015,0.04519600042840466
9.376,0.0,0.0,0.5023084156860631,0.0,0.0,2.146336195223299e-05,0.0,0.0,0.0,0.0,0.0,0.0,0.0,0.0,0.5,0.0,0.0,0.0,-0.0012982921402091563,0.0,0.0,0.0,40.68701707859791,40.68701707859791,40.68701707859791,40.68701707859791,0.0023084156860631033,2.146336195223299e-05,0.0,0.0,0.0,0.0023084156860631033,0.020002000383101404
9.384,0.0,0.0,0.5023085782792132,0.0,0.0,2.1235518313157092e-05,0.0,0.0,0.0,0.0,0.0,0.0,0.0,0.0,0.5,0.0,0.0,0.0,-0.0012982169699929935,0.0,0.0,0.0,40.68701783030007,40.68701783030007,40.68701783030007,40.68701783030007,0.002308578279213158,2.1235518313157092e-05,0.0,0.0,0.0,0.002308578279213158,0.020013998437207192
9.392,0.0,0.0,0.502308739113698,0.0,0.0,2.1009276771560814e-05,0.0,0.0,0.0,0.0,0.0,0.0,0.0,0.0,0.5,0.0,0.0,0.0,-0.0012981411213388583,0.0,0.0,0.0,40.687018588786614,40.687018588786614,40.687018588786614,40.687018588786614,0.0023087391136979996,2.1009276771560814e-05,0.0,0.0,0.0,0.0023087391136979996,0.019428000086918473
9.4,0.0,0.0,0.5023088981918026,0.0,0.0,2.0784374031696623e-05,0.0,0.0,0.0,0.0,0.0,0.0,0.0,0.0,0.5,0.0,0.0,0.0,-0.0012980641433314455,0.0,0.0,0.0,40.68701935856669,40.68701935856669,40.68701935856669,40.68701935856669,0.0023088981918025775,2.0784374031696623e-05,0.0,0.0,0.0,0.0023088981918025775,0.08154500028467737
9.408,0.0,0.0,0.5023090555629741,0.0,0.0,2.0561778513822193e-05,0.0,0.0,0.0,0.0,0.0,0.0,0.0,0.0,0.5,0.0,0.0,0.0,-0.0012979878079382168,0.0,0.0,0.0,40.68702012192062,40.68702012192062,40.68702012192062,40.68702012192062,0.002309055562974116,2.0561778513822193e-05,0.0,0.0,0.0,0.002309055562974116,0.061798000388080254
9.416,0.0,0.0,0.5023092112294305,0.0,0.0,2.0341084220851234e-05,0.0,0.0,0.0,0.0,0.0,0.0,0.0,0.0,0.5,0.0,0.0,0.0,-0.0012979114172957384,0.0,0.0,0.0,40.687020885827046,40.687020885827046,40.687020885827046,40.687020885827046,0.002309211229430508,2.0341084220851234e-05,0.0,0.0,0.0,0.002309211229430508,0.04066800102009438
9.424,0.0,0.0,0.5023093652405207,0.0,0.0,2.012314463203866e-05,0.0,0.0,0.0,0.0,0.0,0.0,0.0,0.0,0.5,0.0,0.0,0.0,-0.0012978365443765405,0.0,0.0,0.0,40.68702163455624,40.68702163455624,40.68702163455624,40.68702163455624,0.002309365240520722,2.012314463203866e-05,0.0,0.0,0.0,0.002309365240520722,0.0431869993917644
9.432,0.0,0.0,0.5023095175983957,0.0,0.0,1.9907462580203283e-05,0.0,0.0,0.0,0.0,0.0,0.0,0.0,0.0,0.5,0.0,0.0,0.0,-0.001297762333497543,0.0,0.0,0.0,40.68702237666503,40.68702237666503,40.68702237666503,40.68702237666503,0.002309517598395705,1.9907462580203283e-05,0.0,0.0,0.0,0.002309517598395705,0.038246002077357844
9.44,0.0,0.0,0.5023096683512134,0.0,0.0,1.9694790506003726e-05,0.0,0.0,0.0,0.0,0.0,0.0,0.0,0.0,0.5,0.0,0.0,0.0,-0.0012976901805388241,0.0,0.0,0.0,40.687023098194615,40.687023098194615,40.687023098194615,40.687023098194615,0.0023096683512133787,1.9694790506003726e-05,0.0,0.0,0.0,0.0023096683512133787,0.026638001145329326
9.448,0.0,0.0,0.5023098175010593,0.0,0.0,1.948457855275994e-05,0.0,0.0,0.0,0.0,0.0,0.0,0.0,0.0,0.5,0.0,0.0,0.0,-0.0012976191385573044,0.0,0.0,0.0,40.68702380861443,40.68702380861443,40.68702380861443,40.68702380861443,0.002309817501059297,1.948457855275994e-05,0.0,0.0,0.0,0.002309817501059297,0.03294500129413791
9.456,0.0,0.0,0.5023099650942088,0.0,0.0,1.9277491579205217e-05,0.0,0.0,0.0,0.0,0.0,0.0,0.0,0.0,0.5,0.0,0.0,0.0,-0.0012975504482583,0.0,0.0,0.0,40.68702449551742,40.68702449551742,40.68702449551742,40.68702449551742,0.002309965094208777,1.9277491579205217e-05,0.0,0.0,0.0,0.002309965094208777,0.03030299922102131
9.464,0.0,0.0,0.5023101111326845,0.0,0.0,1.907295515728332e-05,0.0,0.0,0.0,0.0,0.0,0.0,0.0,0.0,0.5,0.0,0.0,0.0,-0.0012974831200769366,0.0,0.0,0.0,40.68702516879923,40.68702516879923,40.68702516879923,40.68702516879923,0.0023101111326845336,1.907295515728332e-05,0.0,0.0,0.0,0.0023101111326845336,0.04030600030091591
9.472,0.0,0.0,0.5023102556604843,0.0,0.0,1.8871559119028727e-05,0.0,0.0,0.0,0.0,0.0,0.0,0.0,0.0,0.5,0.0,0.0,0.0,-0.001297418260484906,0.0,0.0,0.0,40.68702581739515,40.68702581739515,40.68702581739515,40.68702581739515,0.0023102556604842617,1.8871559119028727e-05,0.0,0.0,0.0,0.0023102556604842617,0.04997200085199438
9.48,0.0,0.0,0.502310398679571,0.0,0.0,1.867272446233962e-05,0.0,0.0,0.0,0.0,0.0,0.0,0.0,0.0,0.5,0.0,0.0,0.0,-0.0012973548718888672,0.0,0.0,0.0,40.68702645128111,40.68702645128111,40.68702645128111,40.68702645128111,0.0023103986795709464,1.867272446233962e-05,0.0,0.0,0.0,0.0023103986795709464,0.16311700164806098
9.488,0.0,0.0,0.5023105402314846,0.0,0.0,1.847697741074616e-05,0.0,0.0,0.0,0.0,0.0,0.0,0.0,0.0,0.5,0.0,0.0,0.0,-0.0012972939459223731,0.0,0.0,0.0,40.68702706054078,40.68702706054078,40.68702706054078,40.68702706054078,0.0023105402314845813,1.847697741074616e-05,0.0,0.0,0.0,0.0023105402314845813,0.06641700019827113
9.496,0.0,0.0,0.5023106803181314,0.0,0.0,1.8283748099550983e-05,0.0,0.0,0.0,0.0,0.0,0.0,0.0,0.05,0.5,0.0,0.0,0.0,-0.001297234500685196,0.0,0.0,0.0,40.68702765499315,40.68702765499315,40.68702765499315,40.68702765499315,0.05005336395820565,1.8283748099550983e-05,0.0,0.0,-0.05,0.0023106803181314195,0.06651199873886071
9.504,0.0,0.0,0.5023108189785641,0.0,0.0,1.8093509296926055e-05,0.0,0.0,0.0,0.0,0.0,0.0,0.0,0.05,0.5,0.0,0.0,0.0,-0.0012971774304756378,0.0,0.0,0.0,40.687028225695244,40.687028225695244,40.687028225695244,40.687028225695244,0.05005337035956413,1.8093509296926055e-05,0.0,0.0,-0.05,0.002310818978564111,0.06216700057848357
9.512,0.0,0.0,0.5023109562146358,0.0,0.0,1.7905709230762602e-05,0.0,0.0,0.0,0.0,0.0,0.0,0.0,0.05,0.5,0.0,0.0,0.0,-0.0012971217845823002,0.0,0.0,0.0,40.68702878215418,40.68702878215418,40.68702878215418,40.68702878215418,0.050053376695543376,1.7905709230762602e-05,0.0,0.0,-0.05,0.0023109562146358398,0.07804499909980223
9.52,0.0,0.0,0.5023110920629835,0.0,0.0,1.772077607666294e-05,0.0,0.0,0.0,0.0,0.0,0.0,0.0,0.05,0.5,0.0,0.0,0.0,-0.0012970683754378598,0.0,0.0,0.0,40.68702931624563,40.68702931624563,40.68702931624563,40.68702931624563,0.05005338296782332,1.772077607666294e-05,0.0,0.0,-0.05,0.002311092062983522,0.06453800233430229
9.528,0.0,0.0,0.5023112265254102,0.0,0.0,1.75381815272676e-05,0.0,0.0,0.0,0.0,0.0,0.0,0.0,0.05,0.5,0.0,0.0,0.0,-0.001298006607768909,-0.09610673133673227,0.0,0.0,40.87923339659578,40.87923339659578,40.49480647124885,40.49480647124885,0.050053389176475956,1.75381815272676e-05,0.0,0.0,-0.05,0.0023112265254101594,0.288949999230681
9.536,0.0,0.0,0.502311373342762,0.0,0.0,1.770097901760273e-05,-0.0011493373910194408,0.0,0.0,-0.14348052196525582,0.0,0.0,0.0,0.05,0.5,0.0,0.0,0.0,-0.001298821988394705,0.1,0.0,0.0,40.487038661986574,40.487038661986574,40.88703866198658,40.88703866198658,0.05005339595601513,1.770097901760273e-05,0.0011493373910194408,0.0,-0.05,0.002311373342761991,0.7927219994599
9.544,0.0,7.215991202326984e-07,0.5023115189382461,0.0,1.8039978005815444e-05,1.7800670316917135e-05,-0.0020114426300123557,-3.024220775646556e-18,1.303598368001585e-21,-0.10762314416276374,-3.7753624399717946e-16,-4.339167127539755e-19,0.0,0.05,0.5,0.0,0.0,0.0,-0.0012994857162462736,0.1,1.4066270697773806e-15,9.40273723613764e-19,40.487087476932125,40.487087476932125,40.88708747693213,40.88708747693213,0.05005268185033198,2.534373039199004e-05,0.0020114426300123557,0.0,-0.04999927840087977,0.0023115189382461043,0.6373390024236869
9.552,-1.898772276176338e-21,2.705155676470066e-06,0.5023116788468258,-4.746930690441368e-20,6.402089631059202e-05,1.8238250746310234e-05,-0.0016765288004860553,-8.60443462920233e-18,-6.437004072438223e-22,0.04180983461644459,-6.966188077457749e-16,-1.5276530827721736e-18,0.0,0.05,0.5,0.0,0.0,0.0,-0.0013009836309764156,-0.1,2.636728976089583e-15,3.317570677840441e-18,40.88704736242871,40.887047362428696,40.48704736242869,40.487047362428704,0.05005070779560547,6.656807759502194e-05,0.0016765288004860553,-1.898772276176338e-21,-0.04999729484432353,0.0023116788468258154,0.6528379999508616
9.56,-9.197287834217805e-21,5.738728360215485e-06,0.5023118388741176,-2.204383344745472e-19,0.00012705603414210062,1.8591282890828772e-05,-0.0015812299208174403,-1.1466892425448056e-17,-1.600087898812489e-21,0.011896882158738842,-3.573416551155672e-16,-7.014602264016373e-19,0.0,0.05,0.5,0.0,0.0,0.0,-0.0013022837409500942,-0.1,1.4490182869591997e-15,1.5251481620108564e-18,40.887028043452574,40.887028043452574,40.48702804345257,40.48702804345257,0.050047684852317226,0.0001284090012866912,0.0015812299208174403,-9.197287834217805e-21,-0.049994261271639785,0.0023118388741175666,0.25161600206047297
9.568,-2.3685843361587176e-20,9.761140522152569e-06,0.5023120118467375,-5.38564555763912e-19,0.00020220513136211867,1.9197341810013957e-05,-0.002681951991582162,-1.3346831735922357e-17,1.2056420400832915e-20,-0.13741150077666,-2.3469022296290805e-16,1.204585355339514e-18,0.0,0.05,0.5,0.0,0.0,0.0,-0.001304215107896245,0.1,1.03184983147173e-15,-2.6319276290523303e-18,40.48710422375401,40.48710422375401,40.887104223754015,40.887104223754015,0.050043674725254776,0.0002031143842315019,0.002681951991582162,-2.3685843361587176e-20,-0.04999023885947785,0.0023120118467374606,0.7154619997891132
9.576,-4.6535230466943115e-20,1.546215937986214e-05,0.5023121817112366,-1.002086322244964e-18,0.0003042895765324183,1.960448592634205e-05,-0.003542064496954058,-1.7106613611825782e-17,2.515311579588651e-20,-0.10737437605849064,-4.693649544259085e-16,1.7429559162167662e-19,0.0,0.05,0.5,0.0,0.0,0.0,-0.0013056710987544573,0.1,1.933051082319728e-15,-4.131643254303245e-19,40.48719860460779,40.48719860460778,40.88719860460778,40.887198604607796,0.05003798764345108,0.0003049204523391545,0.003542064496954058,-4.6535230466943115e-20,-0.04998453784062014,0.002312181711236594,0.6414790004782844
9.584,-8.009546254559989e-20,2.3379684004282848e-05,0.5023123666184103,-1.6406748597624831e-18,0.0004413697768364741,2.030626808316641e-05,-0.0032051572562197266,-6.623740116916052e-17,1.1113514639521057e-20,0.04205868725549034,-6.133328221617848e-15,-2.2444221221355023e-17,0.0,0.05,0.5,0.0,0.0,0.0,-0.0013078620645806671,-0.1,2.3088790951779816e-14,4.8713201916354656e-17,40.887130435576545,40.88713043557646,40.487130435576454,40.48713043557654,0.050030087123521326,0.00044183664903235946,0.0032051572562197266,-8.009546254559989e-20,-0.04997662031599572,0.0023123666184102776,0.5874560010852292
9.592,-1.5519869553490203e-19,3.329925868989068e-05,0.5023125526988522,-3.19012071254233e-18,0.0006010851886093474,2.089702551513297e-05,-0.0031078682086716066,-1.5272438054405927e-16,4.622230369302279e-22,0.012145329909747373,-1.0796767812330983e-14,-3.540993641977118e-17,0.0,0.05,0.5,0.0,0.0,0.0,-0.0013097962819735853,-0.09610497990205144,4.1136308163544697e-14,7.687771177756744e-17,40.87930855447619,40.87930855447602,40.49488863486781,40.49488863486798,0.050020186754515514,0.0006014483266590031,0.0031078682086716066,-1.5519869553490203e-19,-0.04996670074131011,0.0023125526988522216,0.20550499903038144
9.6,-3.2609264355332457e-19,4.515723212512121e-05,0.502312750462086,-6.824445270494899e-18,0.0007773174867682738,2.166170125683345e-05,-0.004160024266530055,-7.57720350239254e-16,2.6179034288051063e-17,-0.13134863518305692,-7.553762453830596e-14,2.9935909150934126e-15,0.0,0.05,0.5,0.0,0.0,0.0,-0.0013121726338826134,0.1,2.8353333009590176e-13,-6.535542243885554e-15,40.48723044673036,40.48723044672925,40.88723044672923,40.88723044673039,0.05000835060930305,0.000777619254222197,0.004160024266530055,-3.2609264355332457e-19,-0.04995484276787488,0.0023127504620860106,0.7278600023710169
9.608,-9.725573238577457e-19,5.961162805446689e-05,0.5023129443470392,-2.1621173224004637e-17,0.0009832138876482207,2.217648483555356e-05,-0.004925052929542654,-1.883435090165399e-15,5.2855529527234225e-17,-0.09550433668547362,-1.4054519943446264e-13,2.6918275050925336e-15,0.0,0.05,0.5,0.0,0.0,0.0,-0.0013139518533874517,0.1,5.340078153919115e-13,-5.917241547935437e-15,40.48735409404558,40.487354094043475,40.88735409404345,40.88735409404561,0.04999392065334798,0.0009834639522341374,0.004925052929542654,-9.725573238577457e-19,-0.04994038837194554,0.002312944347039214,0.6309800010058098
9.616,-2.8008722398077976e-18,7.713949422681474e-05,0.502313154366041,-6.300481147796005e-17,0.0012247677644273212,2.2991662912071174e-05,-0.0044931808071729,-9.376892182462126e-15,-1.0384036349016752e-16,0.053913874345387136,-9.353626315235414e-13,-2.396651898629531e-14,0.0,0.05,0.5,0.0,0.0,0.0,-0.0013164827630697262,-0.1,3.5107809531072412e-12,5.2177078161655895e-14,40.88724601188758,40.88724601187332,40.48724601187353,40.48724601188736,0.04997642128244101,0.0012249835481931014,0.0044931808071729,-2.8008722398077976e-18,-0.04992286050577319,0.0023131543660409593,0.6482429998868611
9.624,-1.0513735728353725e-17,9.746561787562029e-05,0.5023133672116248,-2.4322543639599463e-16,0.0014879673027619388,2.3714469925271764e-05,-0.0043010511774868865,-2.3226347929921138e-14,-4.0238417203425354e-16,0.023984999369259966,-1.7287520484257966e-12,-4.4871421316552374e-14,0.0,0.05,0.5,0.0,0.0,0.0,-0.001318805533191303,-0.1,6.569216643932666e-12,9.797609769726965e-14,40.88718840017049,40.88718840014381,40.487188400144206,40.48718840017008,0.04995612680757913,0.0014881562653741964,0.0043010511774868865,-1.0513735728353725e-17,-0.04990253438212438,0.002313367211624784,0.278041999990819
9.632,-3.279822530412351e-17,0.00012046577653734119,0.5023135928603492,-7.516925885111017e-16,0.001765377808752637,2.46127940495271e-05,-0.005305073050648353,-1.156086442666914e-13,2.7260832846776727e-15,-0.12533967813358748,-1.1534527182755568e-11,3.351534048795406e-13,0.0,0.05,0.5,0.0,0.0,0.0,-0.0013215774809804959,0.1,4.329319076951186e-11,-7.31416573851847e-13,40.48735695160679,40.487356951436546,40.887356951433624,40.887356951609725,0.049933161789266274,0.0017655493754826532,0.005305073050648353,-3.279822530412351e-17,-0.04987953422346266,0.0023135928603491562,0.783834999310784
9.64,-1.276460500388458e-16,0.00014676679531833983,0.5023138137044661,-2.9725496891766728e-15,0.002069827716527002,2.5211338164464712e-05,-0.006068610048105502,-2.8641591880745777e-13,8.517170600005622e-15,-0.09531812073493891,-2.1326935951528716e-11,6.016728946566762e-13,0.0,0.05,0.5,0.0,0.0,0.0,-0.0013236326451966374,0.1,8.104016239032421e-11,-1.3180569872715433e-12,40.48751312407557,40.48751312375668,40.88751312375141,40.88751312408085,0.049906899270735605,0.0020699812529768056,0.006068610048105502,-1.276460500388458e-16,-0.049853233204681664,0.00231381370446615,0.6772929991711862
9.648,-4.0223143004721625e-16,0.00017684390919283158,0.5023140516088246,-9.242674251551355e-15,0.0024077900200839782,2.611667949246029e-05,-0.005635243523945128,-1.4264639237468422e-12,-1.9735987378855817e-14,0.054100431872665444,-1.4229776812840456e-10,-4.359842160274048e-12,0.0,0.05,0.5,0.0,0.0,0.0,-0.0013264572414917186,-0.1,5.340973689336822e-10,9.492902909914322e-12,40.8873816626531,40.88738166047874,40.487381660516704,40.48738166261512,0.04987686555605955,0.0024079316563731033,0.005635243523945128,-4.0223143004721625e-16,-0.049823156090807175,0.0023140516088245855,0.6278619985096157
9.656,-1.571987563987746e-15,0.0002104200370812515,0.5023142935802183,-3.6638042749751063e-14,0.0027656352132775864,2.6942628436458454e-05,-0.005441622368942945,-3.534329394305581e-12,-7.160286301285542e-14,0.024171197795437725,-2.6310094298510525e-10,-7.932216751153644e-12,0.0,0.05,0.5,0.0,0.0,0.0,-0.0013291077784931549,-0.1,9.997689603804328e-10,1.7320530013122138e-11,40.88731151326827,40.88731150919992,40.48731150926919,40.48731151319899,0.04984333684314605,0.0027657664467825235,0.005441622368942945,-1.571987563987746e-15,-0.04978957996291875,0.002314293580218285,0.3414960010559298
9.664,-4.959019883426931e-15,0.00024736911406301814,0.5023145486278742,-1.139862421857898e-13,0.0031362350951663373,2.7930294146262464e-05,-0.0064441582735048405,-1.7593508151202774e-11,4.631335954393168e-13,-0.1251541733677669,-1.7554798903251067e-09,5.6323648942198705e-11,0.0,0.05,0.5,0.0,0.0,0.0,-0.001332175960149784,0.1,6.588921717499794e-09,-1.2292391444468206e-10,40.48752333135913,40.48752330549513,40.88752330500344,40.88752333185083,0.04980643949754976,0.003136359461777955,0.0064441582735048405,-4.959019883426931e-15,-0.04975263088593698,0.002314548627874169,0.7771759992465377
9.672,-1.9389346927578764e-14,0.00028831610753844706,0.5023147984307899,-4.519471698523874e-13,0.0035326629130186787,2.8589308209161867e-05,-0.007206210509425697,-4.358717720822104e-11,1.4692902353241624e-12,-0.09513276665038467,-3.2457688475204406e-09,1.0345578661063373e-10,0.0,0.05,0.5,0.0,0.0,0.0,-0.0013344583900473106,0.1,1.2333548831589523e-08,-2.266424244473494e-10,40.48771220502592,40.4877121565983,40.88771215569174,40.887712205932495,0.04976554839644801,0.003532778595604527,0.007206210509425697,-1.9389346927578764e-14,-0.049711683892461556,0.002314798430789855,0.6737529984093271
9.68,-6.11741630236852e-14,0.00033373445895385623,0.5023150666586883,-1.406178138284686e-12,0.003961589115800298,2.957714402852588e-05,-0.006771355301723436,-2.1710213240127578e-10,-3.1398475194521222e-12,0.0542862755249637,-2.165663850450345e-08,-7.267637090572691e-10,0.0,0.05,0.5,0.0,0.0,0.0,-0.0013375659020601338,-0.1,8.128562803640556e-08,1.582211758817246e-09,40.88755757970594,40.887557248234586,40.48755725456343,40.48755757337709,0.049720191737641944,0.003961699525440599,0.006771355301723439,-6.11741630236852e-14,-0.049666265541046146,0.002315066658688303,0.6220960021892097
9.688,-2.391980649145352e-13,0.0003833452319640137,0.5023153406325731,-5.575540057898501e-12,0.004409540617894036,3.051106234285032e-05,-0.006576248567784284,-5.379164114474971e-10,-1.177848574358493e-11,0.024356653899947865,-4.0041591507904296e-08,-1.3456843883727721e-09,0.0,0.05,0.5,0.0,0.0,0.0,-0.0013405640003005814,-0.08227858276944308,1.521557881707172e-07,2.937880712371061e-09,40.852031913093555,40.85203129271888,40.522916973392626,40.522917570264255,0.04967064759609354,0.004409646174670096,0.0065762485677843055,-2.391980649145352e-13,-0.04961665476803599,0.002315340632573104,0.19166899801348336
9.696,-7.546724353177369e-13,0.00043702049754205984,0.5023156234883235,-1.7347291306400265e-11,0.004869514133766531,3.148024363372014e-05,-0.0073653733907866874,-2.677487635199937e-09,7.461869035517078e-11,-0.09851244360686896,-2.671676233266486e-07,8.923472684745307e-09,0.0,0.05,0.5,0.0,0.0,0.0,-0.0013436710233102334,0.1,1.002771184436013e-06,-1.9476809074284325e-08,40.48766921791319,40.48766528473568,40.88766520682845,40.88766929582042,0.049617043939565175,0.00486961588882442,0.007365373390787175,-7.546724353177369e-13,-0.04956297950245794,0.0023156234883234816,0.8432049980910961
9.704,-2.9508497150424906e-12,0.0004952503650048273,0.5023159036494899,-6.878226503823291e-11,0.005351357993582248,3.21882240664051e-05,-0.007702358599939107,-6.63329701870706e-09,2.3728514665038057e-10,-0.042068420654311364,-4.939726769980922e-07,1.6585870073812336e-08,0.0,0.05,0.5,0.0,0.0,0.0,-0.0013461578920110906,0.1,1.8770363981194186e-06,-3.633735072971334e-08,40.48774939325283,40.487742030456644,40.887741885107246,40.887749538602236,0.0495588906871136,0.005351454798206295,0.007702358599941967,-2.9508497150424906e-12,-0.049504749634995175,0.002315903649489859,0.6779069990443531
9.712,-9.310086049298326e-12,0.0005582406529760023,0.5023162009088822,-2.1400672038699972e-10,0.005855843594145347,3.3182064061209654e-05,-0.006842987684892524,-3.304104139911702e-08,-4.926525680568491e-10,0.10728179770125121,-3.295929492217408e-06,-1.150967215535951e-07,0.0,0.05,0.5,0.0,0.0,0.0,-0.001349365233675237,-0.1,1.2370883912616195e-05,2.5056667477221856e-07,40.88748450944172,40.88743402363937,40.487435025906066,40.487483507175014,0.04949598321055298,0.005855937606264987,0.00684298768497231,-9.310086049298326e-12,-0.049441759347024,0.0023162009088821822,0.7706590004090685
9.72,-3.640365602240649e-11,0.0006254455123910906,0.502316504605213,-8.485446256372282e-10,0.006364796360693297,3.413805952049528e-05,-0.006223916989686145,-8.18660602523188e-08,-1.8928430959256433e-09,0.07728329403713043,-6.093925709691853e-06,-2.1461508518951058e-07,0.0,0.05,0.5,0.0,0.0,0.0,-0.0013525028939953554,-0.1,2.315664225227348e-05,4.685651072898998e-07,40.88731052232875,40.8872160214993,40.48721789575973,40.48730864806831,0.04942886630741024,0.006364887911047859,0.0062239169902248434,-3.640365602240649e-11,-0.04937455448760891,0.0023165046052130434,0.6165300001157448
9.728,-1.1485415351515797e-10,0.00069647078283523,0.5023168169439851,-2.640098137828786e-09,0.00686746884965832,3.511891691810373e-05,-0.006801554774374874,-4.0749272417441715e-07,1.1991604230027715e-08,-0.072110909019783,-4.066087492185764e-05,1.4685204457872804e-06,0.0,0.05,0.5,0.0,0.0,0.0,-0.0013557243523213414,0.1,0.00015261412085718963,-3.20486646883988e-06,40.487682989337486,40.48708535231994,40.88707253285406,40.88769580880337,0.04935793385079806,0.0068675586447703415,0.006801554786592236,-1.1485415351515797e-10,-0.04930352921716477,0.0023168169439851116,0.6779049981560092
9.736,-4.4909094507951167e-10,0.0007716740700238556,0.5023171209887518,-1.0467998299370937e-08,0.007374057259442086,3.569625270190403e-05,-0.007139261212782779,-1.0095370088960876e-06,3.825558085987028e-08,-0.04215845716784115,-7.517878473560414e-05,2.7547758693255354e-06,0.0,0.05,0.5,0.0,0.0,0.0,-0.0013579755818414752,0.1,0.00028567029793799694,-6.033736997878378e-06,40.48801673750523,40.48689819126147,40.88687405631348,40.888040872453224,0.049282827876903294,0.007374143657950871,0.007139261284262757,-4.4909094507951167e-10,-0.04922832592997615,0.0023171209887518085,0.6517340007121675
9.744,-1.416903952697715e-09,0.0008512621148906419,0.5023174358287261,-3.2569723829954494e-08,0.007888946929223546,3.6428001519363734e-05,-0.006280619060572457,-5.028597744060019e-06,-8.490520104661039e-08,0.10719082063270799,-0.0005016154291905695,-1.8741302343947827e-05,0.0,0.05,0.5,0.0,0.0,0.0,-0.0013606205958687223,-0.1,0.0018827545780149791,4.0806470698975824e-05,40.891043646330544,40.88334940213568,40.483512628018474,40.49088042044774,0.04920334281854689,0.007889031033812777,0.006280621074227471,-1.416903952697715e-09,-0.04914873788510936,0.002317435828726122,0.7104249998519663
9.752,-5.540280706229369e-09,0.0009346900277403388,0.502317750503996,-1.291401979022434e-07,0.008396855364621028,3.700928296152267e-05,-0.005662274484268644,-1.245936714077897e-05,-3.2362784894866824e-07,0.0771926468354881,-0.0009274448666753498,-3.5340345498557204e-05,0.0,0.05,0.5,0.0,0.0,0.0,-0.001362912474812239,-0.1,0.003524249016854924,7.71744075213212e-05,40.894226173779714,40.8798204800822,40.480129177712286,40.49391747614962,0.049120022496663494,0.008396936924740321,0.005662288201404471,-5.540280706229369e-09,-0.04906530997225966,0.0023177505039959634,1.0249119986838195
9.76,-1.7479685157387546e-08,0.0010215646037740303,0.5023180685169141,-4.0179726960078205e-07,0.008889348692539349,3.7557749321973454e-05,-0.006240630635636744,-6.201763974458761e-05,1.8759208090798675e-06,-0.07220057797157971,-0.006188260023600219,0.00023776164979550087,0.0,0.05,0.5,0.0,0.0,0.0,-0.0013651373047122162,0.1,0.023226655698923675,-0.000518795138565896,40.53255696667288,40.44172552443144,40.83965034387719,40.93463214722714,0.0490332598907282,0.00888942804254167,0.006240939066932656,-1.7479685157387546e-08,-0.04897843539622597,0.0023180685169140736,0.6993099996179808
9.768,-6.834727674271443e-08,0.0011122443904368591,0.5023183731376158,-1.5931276053136556e-06,0.009378473620601947,3.766171700193499e-05,-0.00657905644845686,-0.0001536441923452237,6.071521125180837e-06,-0.04224820565707945,-0.01144156014605456,0.00045043976827443714,0.0,0.05,0.5,0.0,0.0,0.0,-0.0013662808084686784,0.1,0.04347656505148829,-0.0009863364256740559,40.57219895862934,40.40223804412608,40.798292698423396,40.97614430433204,0.04894269611035198,0.00937854937585284,0.006580853071843497,-6.834727674271443e-08,-0.04888775560956314,0.002318373137615848,0.6622940018132795
9.776,-2.1563656339464032e-07,0.0012069369560817644,0.5023186691497606,-4.956734250549478e-06,0.009870093037604449,3.752967722144655e-05,-0.00572446010221727,-0.0007619169556653285,-7.871722350542562e-06,0.10668495510735769,-0.07592316830335981,-0.0022077407308456753,0.0,0.05,0.5,0.0,0.0,0.0,-0.0013668457551248014,-0.1,0.1,0.004804092509054061,41.09661839917137,40.677402029135145,40.29661839917136,40.677402029135145,0.0488481240978641,0.00987016563269607,0.0057749478675759875,-2.1563656339464032e-07,-0.04879306304391824,0.0023186691497606438,0.7178220002970193
9.784,-8.410533247583205e-07,0.001305100464240857,0.5023189452284723,-1.9600806434529837e-05,0.010350162134060599,3.692570956889571e-05,-0.005113432892480401,-0.0018860578656188455,-3.483285789724823e-05,0.07627470840049491,-0.1403147603567157,-0.004126175874838664,0.0,0.05,0.5,0.0,0.0,0.0,-0.001366245767708829,-0.1,0.1,0.009006449036423468,41.104954925143716,40.668929128998016,40.304954925143704,40.668929128998016,0.04875008459969789,0.010350246562327968,0.0054502865563521045,-8.410533247583205e-07,-0.048694899535759145,0.0023189452284723133,0.7242270003189333
9.792,-2.649139435446054e-06,0.0014063454287220065,0.5023189292085454,-6.088279791482219e-05,0.010811253819277498,2.9140069481602572e-05,-0.005600530937317407,-0.0041052105202975505,4.8017727341092904e-05,-0.060777162169275784,-0.2770852147990962,0.008858621111016568,0.0,0.05,0.5,0.0,0.0,0.0,-0.001347951335850417,0.1,0.1,-0.019299257841375345,40.64890322150773,40.326100252873225,40.64890322150773,41.126100252873236,0.04864895378407301,0.010811464517056587,0.006944134639964153,-2.649139435446054e-06,-0.048593654571278,0.0023189292085453728,0.770563001424307
9.8,-7.0312059525075575e-06,0.0015109732938017124,0.5023186041049198,-0.0001582579012583831,0.011264699682414355,1.5184464945887804e-05,-0.005750113196994939,-0.00741767443634546,0.0002291368282521374,-0.018543219953655855,-0.4136420399640771,0.020262914457023187,0.0,0.05,0.5,0.0,0.0,0.0,-0.0013142834141042226,0.08206163057359685,0.1,-0.044309308859468606,40.63590783090281,40.413145066340675,40.564154353197196,41.141391588635074,0.048544430013623796,0.011265821544222706,0.009388194688433434,-7.0312059525075575e-06,-0.04848902670619829,0.002318604104919797,0.9416100001544692
9.808,-1.6065971525775077e-05,0.00161907472286382,0.5023183289499569,-0.0003524754603384194,0.011714295472484475,5.268697883574342e-06,-0.004906230739107628,-0.011929471926328912,-0.0006197483495470053,0.10432313345798903,-0.5626703061757232,-0.10896764061784758,0.0,0.05,0.5,0.0,0.0,0.0,-0.001290231156292898,-0.1,0.1,0.1,41.290483590637386,40.490483590637375,40.490483590637375,40.490483590637375,0.04843644121844093,0.011719598334669514,0.012913848710713645,-1.6065971525775077e-05,-0.04838092527713618,0.0023183289499568716,0.8768150000832975
9.816,-3.2577718899225383e-05,0.001730121104537473,0.5023180940935862,-0.000694774052606947,0.01214759591982859,-1.6564509602506965e-06,-0.0040197594361772475,-0.01762547765181509,-0.0015402715554225738,0.10896683308169462,-0.7105577034379167,-0.11807621442343999,0.0,0.05,0.5,0.0,0.0,0.0,-0.0012733070141666136,-0.1,0.1,0.1,41.29391763400087,40.49391763400086,40.49391763400086,40.49391763400086,0.04832551945004944,0.01216744839148463,0.018143548849213955,-3.2577718899225383e-05,-0.04826987889546253,0.002318094093586187,0.7721099973423406
9.824,-6.013215475078505e-05,0.0018435646284414035,0.5023179116047193,-0.0012446801383746253,0.012554164833461452,-5.887382440867016e-06,-0.003839342502989817,-0.024490546454238614,-0.0011362459021970982,0.02358485770561709,-0.8572135283608138,0.047058610620785035,0.0,0.05,0.5,0.0,0.0,0.0,-0.0012628519676836092,-0.09223282370042743,0.1,-0.1,40.88434276064944,40.88434276064944,40.11541146584772,40.91541146584773,0.0482122245678254,0.012615717101055194,0.024815690021289825,-6.013215475078505e-05,-0.0481564353715586,0.0023179116047192805,14.507670999591937
9.832,-0.00010302795086682121,0.001959289564463778,0.5023177576097827,-0.0020681390136004845,0.012936455267328204,-8.559779367200782e-06,-0.004310015274468315,-0.03254327371031529,-0.0021591499329598677,-0.06239871067557462,-1.0047600401131167,-0.13174115828423075,0.0,0.05,0.5,0.0,0.0,0.0,-0.001256133809427351,0.1,0.1,0.1,40.90936865412815,40.10936865412814,40.90936865412815,40.90936865412815,0.048096699203244754,0.013100730786218867,0.03289837114332029,-0.00010302795086682121,-0.048040710435536225,0.0023177576097827,15.445394998096162
9.84,-0.00016630546142350016,0.0020776162734170373,0.5023177315661775,-0.0032364489747975355,0.013307331937694369,-7.498913622794225e-06,-0.004771563758618686,-0.041828514998153384,-0.003171616056474968,-0.062317635618632045,-1.1585699926564272,-0.13156998612708484,0.0,0.05,0.5,0.0,0.0,0.0,-0.0012585432158840337,0.1,0.1,0.1,40.92348275496491,40.1234827549649,40.92348275496491,40.92348275496491,0.047978686926146895,0.01369524521504285,0.04221909089574284,-0.00016630546142350016,-0.047922383726582966,0.002317731566177539,15.924855997582199
9.848,-0.00025577388211611317,0.0021988716725385702,0.5023178448438093,-0.004825869697153104,0.013677250528193479,-3.1671901052557048e-06,-0.004573834303009827,-0.0523781787472488,-0.0027922682603537764,0.026913941186709818,-1.317213448408435,0.04115052573415265,0.0,0.05,0.5,0.0,0.0,0.0,-0.0012690300405311383,-0.09062089053842082,0.1,-0.08548390207230548,40.953839085658316,40.89577469394753,40.191355523504626,40.93329113179385,0.04785797419842572,0.014503661964344128,0.052651593813938004,-0.00025577388211611317,-0.04780112832746143,0.002317844843809258,15.195539999695029
9.856,-0.0003780398342671635,0.002322937625809861,0.5023180860754949,-0.006917344561499079,0.0140434492543374,3.4970400564726886e-06,-0.0044152645591402735,-0.06425926013100011,-0.0023490871742237163,0.02302021401751007,-1.4834562443679284,0.04856562188936868,0.0,0.05,0.5,0.0,0.0,0.0,-0.0012853615031186427,-0.0774846831758054,0.1,-0.1,40.92654275427044,40.92654275427044,40.21660402156722,41.01660402156723,0.04773487942586756,0.01565465218300744,0.06445359015805747,-0.0003780398342671635,-0.04767706237419014,0.002318086075494885,14.925005998520646
9.864,-0.0005405493571279844,0.0024497157398260935,0.5023184655109558,-0.009596613720719332,0.014404212253875375,1.2283518568674114e-05,-0.004724764026479602,-0.07755994598555833,-0.003547363343355068,-0.04923587660997751,-1.659750770928822,-0.156803996908113,0.0,0.05,0.5,0.0,0.0,0.0,-0.0013070751010730852,0.1,0.1,0.1,41.00979987533278,40.20979987533277,41.00979987533278,41.00979987533278,0.04760984151576569,0.0173082776856688,0.07778465403328873,-0.0005405493571279844,-0.04755028426017391,0.002318465510955825,14.366625000548083
9.872,-0.0007516397608079714,0.0025794781917101834,0.5023189702907375,-0.012954551068575723,0.014767431100202904,2.2446309395951426e-05,-0.0050179512037760955,-0.09238842801480576,-0.004733821715135168,-0.0491719041102806,-1.850444967494873,-0.15660026043919587,0.0,0.05,0.5,0.0,0.0,0.0,-0.0013323846069484002,0.1,0.1,0.1,41.06088846375,40.260888463749986,41.06088846375,41.06088846375,0.047483138840117144,0.01964428462745289,0.09264561799330343,-0.0007516397608079714,-0.04742052180828982,0.0023189702907374654,14.573185999324778
9.88,-0.0010206284131985405,0.0027125123953588848,0.5023196622275985,-0.017088357164624052,0.015139799971379488,3.5255469042516876e-05,-0.004726666733004723,-0.10887732061701372,-0.0045430858870618715,0.038755459125137344,-2.058571220809327,0.013661547808322344,0.0,0.05,0.5,0.0,0.0,0.0,-0.0013644492288125143,-0.1,0.1,-0.023383741881180246,41.281277084725524,40.974812052250236,40.48127708472551,40.974812052250236,0.04735534815801762,0.022830390638515975,0.10907452476413598,-0.0010206284131985405,-0.04728748760464112,0.0023196622275984957,14.70608199815615
9.888,-0.0013579017098999495,0.0028486717273826217,0.5023205315131886,-0.022102518149235396,0.01551582327769739,4.9936514985667125e-05,-0.0050175846543455225,-0.12723249866964634,-0.003460629300354949,-0.02040093983248739,-2.2921070920334157,0.12303043680048065,0.0,0.05,0.5,0.0,0.0,0.0,-0.0014014248479987668,0.09267014360974485,0.1,-0.1,40.83058581147595,40.83058581147595,40.80126638591492,41.60126638591493,0.04722792099414897,0.02700489907734419,0.1273784158664236,-0.0013579017098999495,-0.04715132827261738,0.0023205315131885618,15.753143998153973
9.896,-0.0017753574796348268,0.0029881216271516443,0.5023238754106797,-0.028118408762759083,0.015898906116383088,0.0001235466492666733,-0.005005411356719253,-0.14674145038565575,-0.0029011165348465455,0.011058538479409975,-2.4358438943743255,0.0569907153430736,0.0,0.05,0.5,0.0,0.0,0.0,-0.0015838217459793746,-0.01999625125844509,0.1,-0.1,41.16286177073126,41.16286177073126,40.68287676569748,41.48287676569749,0.04710274938098989,0.032302250553509666,0.1468554523376119,-0.0017753574796348268,-0.047011878372848356,0.0023238754106796877,14.989734001574107
9.904,-0.0022858019632912147,0.0031308639194653565,0.5023322460997457,-0.03525583910161837,0.01628768220094967,0.00030810454606351777,-0.0047362426039556154,-0.16767273312490696,-0.004080646145543558,0.01054765818227461,-2.612366802426092,-0.15816799957055994,0.0,0.05,0.5,0.0,0.0,0.0,-0.0020410944799104103,-0.02050431153059759,0.1,0.1,41.69317702891335,40.893177028913335,41.21115978279095,41.21115978279095,0.046982764706015756,0.03883758116373419,0.16778924012148375,-0.0022858019632912147,-0.04686913608053465,0.002332246099745694,14.714272001583595
9.912,-0.002902532112175577,0.003276892774975714,0.502344698712383,-0.043622925003402035,0.016680867148518262,0.0005577989527825388,-0.0047984828964499834,-0.18978454915824727,-0.004610184242972755,-0.01952292523857847,-2.7601567116646613,-0.07821670402272886,0.0,0.05,0.5,0.0,0.0,0.0,-0.0026630846779056583,0.09042624003656441,0.1,0.1,41.62595510408202,40.825955104082006,41.58766006422827,41.58766006422827,0.04687185779841864,0.04670676668696603,0.18990116991756753,-0.002902532112175577,-0.04672310722502429,0.0023446987123829643,14.63902200339362
9.92,-0.003640293688630541,0.0034263929926741086,0.5023636033129842,-0.05334237941409775,0.017082199161274892,0.0009188541772580128,-0.004908174183175742,-0.2135150391652284,-0.0036128563653911147,0.011244567114263691,-2.9631532841782713,0.1076100046048028,0.0,0.05,0.5,0.0,0.0,0.0,-0.0035651287509729235,-0.018012361867515272,0.1,-0.1,41.628593145439375,41.628593145439375,41.156543697969305,41.956543697969316,0.04677541264845741,0.056018347554547564,0.213602001054902,-0.003640293688630541,-0.04657360700732589,0.0023636033129842415,14.577896999981022
9.928,-0.004514738981936648,0.0035793848015781967,0.5023895236699878,-0.06453503586392845,0.01749055455162169,0.001383092266895099,-0.0048223642967970114,-0.23888805107835795,-0.002532420353526185,0.04096506176931733,-3.1682776021988213,0.1160405284407396,0.0,0.05,0.5,0.0,0.0,0.0,-0.00472972547820294,-0.1,0.1,-0.1,42.014499632777415,42.014499632777415,41.214499632777404,42.014499632777415,0.04670081591197738,0.06687752460057511,0.23895013977454405,-0.004514738981936648,-0.046420615198421805,0.002389523669987792,15.0541670009261
9.936,-0.005543207670153237,0.00373573311713015,0.5024247102009265,-0.07733974589656031,0.017901151530096616,0.001986137086983733,-0.004684224841233215,-0.26619001464799874,-0.0019206034961663312,0.0363307664229706,-3.4088360538071605,0.05775953031201705,0.0,0.05,0.5,0.0,0.0,0.0,-0.006247013711219163,-0.1,0.1,-0.1,42.279918853152346,42.279918853152346,41.479918853152334,42.279918853152346,0.04665821215008491,0.07940927062992262,0.2662381538744109,-0.005543207670153237,-0.04626426688286985,0.0024247102009264943,15.331277998484438
9.944,-0.006744834100703083,0.003895320751114972,0.502472001948027,-0.09191245748099104,0.018310612073697403,0.00277120334709929,-0.004467284585113254,-0.2954296014563061,-0.0017878763610594951,0.03167471228688964,-3.6504942053933767,-0.0007816778871500944,0.0,0.05,0.5,0.0,0.0,0.0,-0.008226661641917876,-0.09374466802439989,0.1,0.00416725163017583,42.79008385597077,42.373414849450064,42.01510518387317,42.39843617735247,0.046660958298342166,0.09375957509875668,0.2954687843919873,-0.006744834100703083,-0.04610467924888503,0.0024720019480269917,14.652449001005152
9.952,-0.008140214523370926,0.004058047170942435,0.5025331869511781,-0.10841447655149275,0.018716650154644944,0.003746587756457342,-0.0041823183961565945,-0.326589650467956,-0.002095741203842207,0.02381176593132306,-3.8900654664089354,-0.053417928965227374,0.0,0.05,0.5,0.0,0.0,0.0,-0.010693395956608898,-0.06779269517030466,0.1,0.1,43.29955466442648,42.49955466442647,42.62838388374526,42.62838388374526,0.04672625769696808,0.11008200869698181,0.3266231524419878,-0.008140214523370926,-0.04594195282905757,0.0025331869511781013,14.975048001360847
9.96,-0.009751434149449411,0.004223855843401128,0.5026090463487376,-0.12701207189315183,0.01911853693518281,0.004893755144153081,-0.0038246160500400713,-0.3596626613197509,-0.0028267730580459715,0.013947568902448054,-4.128754023174468,-0.10248233038800057,0.0,0.05,0.5,0.0,0.0,0.0,-0.01360608344919556,-0.035597052003609214,0.1,0.1,43.66785057239843,42.86785057239842,43.125462364383985,43.125462364383985,0.04687593161385308,0.12853611827242972,0.35969410376243,-0.009751434149449411,-0.04577614415659888,0.002609046348737598,14.773931998206535
9.968,-0.01160205808885599,0.004392756131319797,0.5026992404612827,-0.14787525599969106,0.019517336746113452,0.006169856928949519,-0.003360502630910072,-0.39465682448331196,-0.003998949540504957,0.00403931646344672,-4.368515617618411,-0.1517626102284126,0.0,0.05,0.5,0.0,0.0,0.0,-0.016863297024606316,-0.004691782916997636,0.1,0.1,44.11057449310283,43.31057449310282,43.69180736143484,43.69180736143484,0.04713718642709047,0.14928524677662916,0.39469139043892454,-0.01160205808885599,-0.0456072438686802,0.0026992404612826704,15.132263000850799
9.976,-0.013717081571889339,0.0045648359359147395,0.5028020769599718,-0.17117579187558063,0.019915864511763838,0.007506798010387842,-0.0027506433666525665,-0.431580149543433,-0.005635725362472612,-0.005912934144191168,-4.6093488555358135,-0.20125848799421284,0.0,0.05,0.5,0.0,0.0,0.0,-0.020300443962519954,0.024395602555432827,0.1,0.1,44.6387783326728,43.83877833267279,44.33636074289453,44.33636074289453,0.04754328654678614,0.1724938996018462,0.43162570928899,-0.013717081571889339,-0.045435164064085265,0.002802076959971811,14.749049998499686
9.984,-0.01612288976571447,0.0047402767541887695,0.502914347132395,-0.19708583834609938,0.020318712066262304,0.00881219271889089,-0.00194868034287332,-0.47044038951172695,-0.007767588580794295,-0.0159091257533565,-4.851252344533238,-0.2509696835575917,0.0,0.05,0.5,0.0,0.0,0.0,-0.023691522702595225,0.05104699369187747,0.1,0.1,45.26481121947444,44.46481121947443,45.06899919424194,45.06899919424194,0.04813401647372578,0.19832632825001165,0.47050854707580453,-0.01612288976571447,-0.045259723245811234,0.002914347132395023,15.329133999330224
9.992,-0.018847201801984122,0.004919370800659525,0.5030311535374743,-0.22577647158361325,0.020732320814778233,0.009969914302094204,-0.0008993682639351439,-0.5112449438083339,-0.010434104458572156,-0.0259492012712155,-5.094224694026384,-0.3008959171547081,0.0,0.05,0.5,0.0,0.0,0.0,-0.026749901569138812,0.07452854962360536,0.1,0.1,46.00236818422013,45.20236818422012,45.90048238271454,45.90048238271454,0.048955776334778774,0.2269454635772747,0.5113521995344432,-0.018847201801984122,-0.04508062919934048,0.003031153537474296,15.165333999902941
10.0,-0.021918997101760464,0.005102540228756074,0.5031457299875794,-0.2574160597613076,0.02116509235423682,0.010840342694304497,0.00046399624021614124,-0.5540007311836451,-0.013686651441633401,-0.03603310367912174,-5.338264515237753,-0.35103690938522847,0.0,0.05,0.5,0.0,0.0,0.0,-0.029128367700572477,0.0939560673521668,0.1,0.1,46.866565656086024,46.06656565608601,46.842389925494686,46.842389925494686,0.05006116204216805,0.2585120925355919,0.5541699647871663,-0.021918997101760464,-0.04489745977124393,0.0031457299875794487,14.764331997866975
10.008000000000001,-0.02536842201470214,0.005290358465683233,0.503249255062846,-0.29216847063257834,0.0216275298065679,0.011260401037107407,0.0022231603600867842,-0.5987140192984233,-0.01759215745418711,-0.046160776032500656,-5.583370421194285,-0.4013923812118403,0.0,0.05,0.5,0.0,0.0,0.0,-0.03041866177192154,0.1,0.1,0.1,47.89054396598124,47.090543965981226,47.89054396598124,47.89054396598124,0.0515079269637845,0.2931841774530649,0.5989765465778709,-0.02536842201470214,-0.04470964153431677,0.0032492550628460126,14.642108999396442
10.016,-0.02922667474445991,0.005483573648573595,0.5033306606601159,-0.33019109475001757,0.02213240341751392,0.011043460761433126,0.004479990083637414,-0.6453901903885636,-0.022238310847798065,-0.05633216146077641,-5.829541026725024,-0.4519620539597905,0.0,0.05,0.5,0.0,0.0,0.0,-0.03015068999893833,0.1,0.1,0.1,49.07525646208567,48.27525646208566,49.07525646208567,49.07525646208567,0.05335732407227021,0.3311162339101482,0.64578875077714,-0.02922667474445991,-0.04451642635142641,0.0033306606601158917,14.454267999099102
10.024000000000001,-0.03352586651729154,0.005683134118911724,0.5033764374070602,-0.3716326701207927,0.022694934492463792,0.009979187282753413,0.00736378148606173,-0.6940334104350143,-0.027740993738577153,-0.06654720316726542,-6.076774948458792,-0.5027456493164035,0.0,0.05,0.5,0.0,0.0,0.0,-0.027791587697798992,0.1,0.1,0.1,50.42542393460589,49.62542393460588,50.42542393460589,50.42542393460589,0.0556719737104893,0.37245870339079395,0.6946266355470652,-0.03352586651729154,-0.04431686588108828,0.0033764374070601733,15.255600999807939
10.032,-0.038298856972586656,0.005890215896137307,0.5033704391302419,-0.4166308974790253,0.023332992024611178,0.007833392905746661,0.011042018527022454,-0.7446461488781837,-0.03425514902238948,-0.07680584442906563,-6.32507080482181,-0.5537428893306215,0.0,0.05,0.5,0.0,0.0,0.0,-0.02274479694694076,0.1,0.1,0.1,51.95906522940011,51.1590652294001,51.95906522940011,51.95906522940011,0.0585135485082446,0.41735727535939093,0.745515411273843,-0.038298856972586656,-0.044109784103862695,0.003370439130241931,15.280326999345561
10.040000000000001,-0.043579061819386145,0.006106252009676194,0.5032936889525763,-0.4653098391531927,0.02406729645816053,0.004347959882957076,0.015736599835537077,-0.7972284601108991,-0.0419911050340786,-0.08710802859699757,-6.5744272160354145,-0.6049534964125319,0.0,0.05,0.5,0.0,0.0,0.0,-0.014349313481116233,0.08497910658184857,0.1,0.1,53.725503116093556,52.925503116093545,53.66541954242094,53.66541954242094,0.06194065004996523,0.46595212836376104,0.7984886418022252,-0.043579061819386145,-0.043893747990323806,0.0032936889525763124,15.205686999252066
10.048,-0.04940023091970874,0.0063329635211402825,0.5031241900082245,-0.5177770988306352,0.024921624953131254,-0.0007591057024300346,0.021749036259263846,-0.8517768726020958,-0.051239861460359214,-0.09745369909547275,-6.824842804113685,-0.6563771933328919,0.0,0.05,0.5,0.0,0.0,0.0,-0.0018792538360409283,0.04074568005063417,0.1,0.1,55.77375222854591,54.9737522285459,55.53673494874844,55.53673494874844,0.0660072227333805,0.5183770709678828,0.8535938054370419,-0.04940023091970874,-0.04366703647885972,0.0031241900082245033,14.538319999701343
10.056000000000001,-0.055796195135610356,0.006572392014901553,0.502836744197528,-0.5741207844620306,0.025923012306536097,-0.007793429829355904,0.029500933595106003,-0.9082826067200372,-0.06241365307112123,-0.10784279942240971,-7.076316192861106,-0.7080137032226712,0.0,0.05,0.5,0.0,0.0,0.0,0.015456107930311713,-0.025055772873259177,0.1,0.1,58.11067125967581,57.3106712596758,57.61044816818277,57.61044816818277,0.0707617102998557,0.5747585712861074,0.9109023344150629,-0.055796195135610356,-0.04342760798509845,0.002836744197527996,14.640086999861524
10.064,-0.06280058052074995,0.006826933275623491,0.5024027828558133,-0.6344062621981337,0.02710194136327804,-0.01708377740635329,0.039601695907087335,-0.966728591680371,-0.07611372912050961,-0.11827527314915248,-7.328846007870305,-0.759862749572566,0.0,0.05,0.5,0.0,0.0,0.0,0.03851168468581123,-0.1,0.1,0.1,60.7354124951806,59.935412495180586,59.935412495180586,59.935412495180586,0.07624696695333431,0.6352146693774755,0.9705286003264721,-0.06280058052074995,-0.04317306672437651,0.0024027828558133013,14.606748998630792
10.072000000000001,-0.07044648875730482,0.007099371805714868,0.5017902136707932,-0.6986727156723573,0.02849251634290609,-0.02898125155058247,0.052967291733946695,-1.0270842174948174,-0.09324919346414498,-0.12875106392034918,-7.58243087651963,-0.8119240562325549,0.0,0.05,0.5,0.0,0.0,0.0,0.06820515178337028,-0.1,0.1,0.1,63.506399627582326,62.706399627582314,62.706399627582314,62.706399627582314,0.08250076692179571,0.6998537704792163,1.0326678729883505,-0.07044648875730482,-0.04290062819428513,0.0017902136707932392,15.25370300078066
10.08,-0.07876614314376634,0.0073929157643287825,0.5009632886450384,-0.7669295321994469,0.03013261203967354,-0.04385812688434017,0.07104094570369145,-1.089295533448929,-0.11525777097508148,-0.13927011545388435,-7.837069427970923,-0.8641973474114164,0.0,0.05,0.5,0.0,0.0,0.0,0.10551460270518942,-0.1,0.1,0.1,66.60444158152254,65.80444158152252,65.80444158152252,65.80444158152252,0.08955666841628006,0.7687733196214596,1.0976775159072933,-0.07876614314376634,-0.04260708423567122,0.0009632886450383626,14.9198700019042
10.088000000000001,-0.08779049993649979,0.007711231832953499,0.4998824983517516,-0.8391525455778684,0.032063991347355866,-0.062106258839638655,0.0962332076627707,-1.1532655473165132,-0.1445459558023947,-0.14983237154076035,-8.092760293167203,-0.9166823476762609,0.0,0.05,0.5,0.0,0.0,0.0,0.1514751333330232,-0.1,0.1,0.1,70.06914517952622,69.2691451795262,69.2691451795262,69.2691451795262,0.0974449875510491,0.8420583600190642,1.1662657442552065,-0.08779049993649979,-0.042288768167046506,-0.00011750164824841924,14.864287000818877
10.096,-0.09754882544532997,0.008058479431575448,0.49850449816084064,-0.9152801741830763,0.034332383043434354,-0.08413501184448832,0.13288022987159778,-1.218810785490779,-0.18544737591299731,-0.16043777604501908,-8.349502104830227,-0.9693787819520753,0.0,0.05,0.5,0.0,0.0,0.0,0.2071742041885365,-0.1,0.1,0.1,73.96098467848473,73.16098467848472,73.16098467848472,73.16098467848472,0.10619369575971055,0.9197799791233313,1.2399788770589582,-0.09754882544532997,-0.04194152056842455,-0.0014955018391593633,15.237456002068939
10.104000000000001,-0.10806823998710818,0.008439343624876354,0.4967820725027126,-0.9952095028908869,0.03698751126726908,-0.11036865092878645,0.18957728884618957,-1.2855532748435199,-0.24655641495993125,-0.1710862729036361,-8.60729349745832,-1.0222863755212515,0.0,0.05,0.5,0.0,0.0,0.0,0.2737456327349891,-0.1,0.1,0.1,78.40019711531082,77.6001971153108,77.6001971153108,77.6001971153108,0.11582913152406916,1.0019936475556683,1.3226401009590871,-0.10806823998710818,-0.04156065637512365,-0.0032179274972873873,15.065654002683004
10.112,-0.11937323061599069,0.008859065971325356,0.4946641435716091,-1.0787923680348033,0.04008306767504148,-0.14124314402062296,0.2857303250226669,-1.3526051036809013,-0.34727986986516024,-0.18177780612642902,-8.866133107324,-1.0754048540231294,0.0,0.05,0.5,0.0,0.0,0.0,0.3,-0.1,0.1,0.1,83.19256153762304,82.39256153762302,82.39256153762302,82.39256153762302,0.12637648517139038,1.0887374575062672,1.4254072025757212,-0.11937323061599069,-0.04114093402867465,-0.005335856428390906,14.540888998453738
10.120000000000001,-0.1314851354777401,0.009323472481081032,0.49209583112851757,-1.165831515971544,0.04367661688392378,-0.17720232629377933,0.473238007572335,-1.4174247344583861,-0.5395191576436339,-0.19251231979596373,-9.1260195724717,-1.128733943453518,0.0,0.05,0.5,0.0,0.0,0.0,0.3,-0.1,0.1,0.1,89.74250827469213,88.94250827469212,88.94250827469212,88.94250827469212,0.13786006175882104,1.1800302686536734,1.5887504559023597,-0.1314851354777401,-0.04067652751891897,-0.007904168871482431,15.267691000190098
10.128,-0.14442160367785425,0.009838997763468223,0.48901857022324824,-1.2560769177801248,0.047829425566820225,-0.21869338366676522,0.9081447678771454,-1.4706001863297624,-0.979323522494289,-0.20328975806746652,-9.38695153271541,-1.182273370164248,0.0,0.05,0.5,0.0,0.0,0.0,0.3,-0.1,0.1,0.1,105.09342368872485,104.29342368872484,104.29342368872484,104.29342368872484,0.15030335162419914,1.2758697713284413,1.986571516247625,-0.14442160367785425,-0.04016100223653178,-0.010981429776751761,15.26294500217773
10.136000000000001,-0.15819603570658802,0.010412704364011503,0.4853702936914427,-1.3492223349424055,0.052606205467036586,-0.26616162022854073,1.7412053520125268,-1.480695819445706,-1.8174548027878275,-0.214110065168717,-9.648927629636463,-1.2360228608627026,0.0,0.05,0.5,0.0,0.0,0.0,0.3,-0.1,0.1,0.1,150.6136134176815,149.81361341768155,149.81361341768155,149.81361341768155,0.1637289467251465,1.3762304785332138,2.920170910713549,-0.15819603570658802,-0.0395872956359885,-0.014629706308557311,15.263748002325883
10.144,-0.1728170107208809,0.011052296217613604,0.48108568616843034,-1.4449022433112868,0.058074760713683546,-0.3200444842581532,2.329869411041913,-1.4338542670310617,-2.411372288423349,-0.2249731853999566,-9.91194650658118,-1.2899821426113594,0.0,0.05,0.5,0.0,0.0,0.0,0.3,-0.1,0.1,0.1,196.60407096789663,195.80407096789668,195.80407096789668,195.80407096789668,0.1781583399455122,1.481061660587434,3.646771976003988,-0.1728170107208809,-0.0389477037823864,-0.018914313831569662,15.33617899985984
10.152000000000001,-0.18828770833211153,0.011766125081945954,0.4760965160697679,-1.5426892349297519,0.0643055301792536,-0.38076483987306997,2.5783337240610873,-1.3635024727939389,-2.6652852783984877,-0.2358790631338049,-10.176006808658592,-1.3441509428273126,0.0,0.05,0.5,0.0,0.0,0.0,0.3,-0.1,0.1,0.1,217.41630604399904,216.6163060439991,216.6163060439991,216.6163060439991,0.19361163922711508,1.5902852385856263,3.9510364970718257,-0.18828770833211153,-0.03823387491805405,-0.023903483930232117,15.124664998438675
10.16,-0.20460533397236344,0.012563188767408322,0.47033205148880475,-1.6420920289501442,0.07137101627996428,-0.4487234864225503,2.697740918129643,-1.2847365262015753,-2.790352222066504,-0.2468276428151589,-10.441107182738142,-1.3985289892818416,0.0,0.05,0.5,0.0,0.0,0.0,0.3,-0.1,0.1,0.1,225.9920039632368,225.19200396323686,225.19200396323686,225.19200396323686,0.21010722189889147,1.7037936555738329,4.088327228378244,-0.20460533397236344,-0.03743681123259168,-0.029667948511195252,15.090569999301806
10.168000000000001,-0.22176055838730918,0.013453119951487052,0.46371956522529,-1.742554233533711,0.07934509262593718,-0.5242909457258902,2.7649173218962577,-1.2014402749142907,-2.8634191063316,-0.25781886896109674,-10.707246277447402,-1.4531160100999168,0.0,0.05,0.5,0.0,0.0,0.0,0.3,-0.1,0.1,0.1,229.24540990804985,228.4454099080499,228.4454099080499,228.4454099080499,0.22766134859693146,1.821447747342818,4.157811384564354,-0.22176055838730918,-0.03654688004851295,-0.03628043477470999,15.34315000026254
10.176,-0.23973698330093307,0.014446164360756589,0.45618493315714925,-1.8434540096676155,0.0883021843324909,-0.6077985582842518,2.8068365900443077,-1.1148605301114023,-2.911483759858164,-0.26885268616078084,-10.97442274316981,-1.5079117337597767,0.0,0.05,0.5,0.0,0.0,0.0,0.3,-0.1,0.1,0.1,229.9173488719208,229.11734887192085,229.11734887192085,229.11734887192085,0.24628775136684666,1.9430746380337305,4.194995033218713,-0.23973698330093307,-0.035553835639243414,-0.04381506684285075,15.303587999369483
10.184000000000001,-0.25851064677879204,0.015553147128205042,0.4476533288732375,-1.9441047946805141,0.09831631665220095,-0.6995289537251714,2.834782085122867,-1.0254982457077615,-2.945859106778542,-0.2799290390753768,-11.242635232042328,-1.5629158890924328,0.0,0.05,0.5,0.0,0.0,0.0,0.3,-0.1,0.1,0.1,229.23339508439403,228.43339508439408,228.43339508439408,228.43339508439408,0.26599720703197977,2.0684656893261857,4.2149403316148275,-0.25851064677879204,-0.03444685287179496,-0.0523466711267625,15.17741899806424
10.192,-0.27804958323720363,0.016785426192317106,0.43805001587447034,-2.043757247204755,0.10946002992456574,-0.7997059879493424,2.8542004193719532,-0.9335881853975381,-2.9720278354846816,-0.29104787243795005,-11.51188239795326,-1.618128205281244,0.0,0.05,0.5,0.0,0.0,0.0,0.3,-0.1,0.1,0.1,227.81725510398797,227.01725510398802,227.01725510398802,227.01725510398802,0.28679710456132923,2.1973745358529757,4.225043951103072,-0.27804958323720363,-0.0332145738076829,-0.061949984125529656,15.331020000303397
10.200000000000001,-0.2983134543523929,0.018154831702795898,0.4273012367054304,-2.1416025756434798,0.12180316170161856,-0.9084842695854423,2.868012404318227,-0.8392524791735478,-2.9929548178964023,-0.3022091310533732,-11.782162896539884,-1.6735484118614319,0.0,0.05,0.5,0.0,0.0,0.0,0.3,-0.1,0.1,0.1,226.022241458736,225.22224145873605,225.22224145873605,225.22224145873605,0.3086910137598669,2.329515243626341,4.2293756533431095,-0.2983134543523929,-0.0318451682972041,-0.07269876329456959,15.129455001442693
10.208,-0.31925326825481737,0.019673590541239926,0.41533519608616964,-2.2367774080754526,0.13541150032239974,-1.025938431149906,2.8779096462204175,-0.7425593939407796,-3.0103856410409073,-0.3134127597982329,-12.053475385186239,-1.7291762387196359,0.0,0.05,0.5,0.0,0.0,0.0,0.3,-0.1,0.1,0.1,224.06698314163287,223.26698314163292,223.26698314163292,223.26698314163292,0.3316782619102586,2.464560632690264,4.2303877000959975,-0.31925326825481737,-0.030326409458760077,-0.08466480391383036,15.058475000842009
10.216000000000001,-0.34081120528034176,0.021354235258503294,0.4020831324709821,-2.3283703520984114,0.1503453181894993,-1.1520523352995764,2.8849276554379073,-0.643549043580344,-3.025422296671838,-0.3246587036207452,-12.32581852302081,-1.7850114160934554,0.0,0.05,0.5,0.0,0.0,0.0,0.3,-0.1,0.1,0.1,222.09719600408397,221.29719600408401,221.29719600408401,221.29719600408401,0.3557535248299863,2.602140809891269,4.229674103498133,-0.34081120528034176,-0.02864576474149671,-0.0979168675290179,14.806462000706233
10.224,-0.36292056911515197,0.023209496978293956,0.3874804694747704,-2.415430377549045,0.1666577975463711,-1.2867084431449942,2.889723925043278,-0.5422458722694906,-3.038804743792784,-0.3359469075406468,-12.59919097091429,-1.8410536745709971,0.0,0.05,0.5,0.0,0.0,0.0,0.3,-0.1,0.1,0.1,220.2162862113529,219.41628621135294,219.41628621135294,219.41628621135294,0.3809064390222879,2.7418419626102346,4.228341190095516,-0.36292056911515197,-0.026790503021706047,-0.11251953052522962,15.245802998833824
10.232000000000001,-0.38550588233265987,0.025252182122395012,0.3714680352988046,-2.4969771324768706,0.18439336663961758,-1.4296776089150947,2.8927226622216224,-0.43866526888624885,-3.0510604141537088,-0.3472773166491103,-12.873591391477353,-1.8973027450904199,0.0,0.05,0.5,0.0,0.0,0.0,0.3,-0.1,0.1,0.1,218.5015274396821,217.70152743968214,217.70152743968214,217.70152743968214,0.4071212420799669,2.8832054694742606,4.227202534711744,-0.38550588233265987,-0.02474781787760499,-0.12853196470119538,15.320318001613487
10.24,-0.4084831449910794,0.02749503317913239,0.35399333469223404,-2.5720132724420486,0.2035859697301347,-1.5806096022963885,2.8941937532823947,-0.33281737308591064,-3.0625898294822425,-0.35864987610865945,-13.149018449058318,-1.9537583589394683,0.0,0.05,0.5,0.0,0.0,0.0,0.3,-0.1,0.1,0.1,217.01299141721108,216.21299141721113,216.21299141721113,216.21299141721113,0.4343764491632869,3.0257273894983605,4.226887903530765,-0.4084831449910794,-0.02250496682086761,-0.14600666530776596,15.20087399694603
10.248,-0.4317602740505167,0.029950574164207756,0.33501185415755197,-2.6395388444396355,0.22425730041099864,-1.739024695204215,2.894296490109269,-0.22470947848128292,-3.073719773819792,-0.37006453115306265,-13.42547080974088,-2.0104202477550306,0.0,0.05,0.5,0.0,0.0,0.0,0.3,-0.1,0.1,0.1,215.7985367303956,214.99853673039564,214.99853673039564,214.99853673039564,0.4626445741528275,3.1688583967453434,4.22790725659267,-0.4317602740505167,-0.020049425835792247,-0.16498814584244803,15.880859999015229
10.256,-0.4552377397896495,0.03263094191066138,0.31448837712121686,-2.6985677190299624,0.2464150339901321,-1.9043066820716925,2.8931024996031796,-0.11434774828414215,-3.084739926149683,-0.38152122708725345,-13.702947141341987,-2.0672881435226835,0.0,0.05,0.5,0.0,0.0,0.0,0.3,-0.1,0.1,0.1,214.89644073321807,214.09644073321812,214.09644073321812,214.09644073321812,0.4918919049250753,3.31200423347402,4.230690001965373,-0.4552377397896495,-0.01736905808933862,-0.18551162287878314,15.10244800010696
10.264,-0.4788094130699603,0.03554770486904467,0.29239828174051147,-2.7481460072318047,0.27005110115169584,-2.0756977301750497,2.890604551027053,-0.0017386640889728265,-3.095932038306444,-0.39301990928722463,-13.981446113409469,-2.1243617785762217,0.0,0.05,0.5,0.0,0.0,0.0,0.3,-0.1,0.1,0.1,214.33641306010236,213.5364130601024,213.5364130601024,213.5364130601024,0.5220783430705052,3.45452676083877,4.235610095273575,-0.4788094130699603,-0.014452295130955334,-0.20760171825948853,14.872253999783425
10.272,-0.502363634134187,0.03871167169358761,0.26872879002341865,-2.7873723323910475,0.2951400515349213,-2.2522954770672943,2.886713490868634,0.11310947732520109,-3.107598011934171,-0.4045605231999394,-14.260966397219798,-2.181640885597251,0.0,0.05,0.5,0.0,0.0,0.0,0.3,-0.1,0.1,0.1,214.13923863075343,213.33923863075347,213.33923863075347,213.33923863075347,0.5531573192325061,3.5957456925395785,4.243002938486016,-0.502363634134187,-0.011288328306412396,-0.23127120997658135,16.047002998675453
10.28,-0.525784509572928,0.04213269252575964,0.24348013314268632,-2.815419751881426,0.32163756203224725,-2.433052803672213,2.881242124897155,0.23018468807280693,-3.1200929575860243,-0.41614301434324413,-14.541506665775861,-2.239125197614667,0.0,0.05,0.5,0.0,0.0,0.0,0.3,-0.1,0.1,0.1,214.31491286861774,213.51491286861778,213.51491286861778,213.51491286861778,0.5850757960523,3.7349411034247026,4.253177781010683,-0.525784509572928,-0.007867307474240366,-0.25651986685731365,15.549313997325953
10.288,-0.5489534391062451,0.04581945655008473,0.21666659439504396,-2.8315590398380026,0.3494791502339148,-2.6167807116287545,2.8738707772415863,0.3494685555194886,-3.13387140675299,-0.4277673283057872,-14.823065593804786,-2.2968144480042785,0.0,0.05,0.5,0.0,0.0,0.0,0.3,-0.1,0.1,0.1,214.85867184205375,214.0586718420538,214.0586718420538,214.0586718420538,0.6177743714187349,3.8713568119315505,4.26642842546831,-0.5489534391062451,-0.0041805434499152735,-0.283333405604956,15.14922999922419
10.296,-0.5717508678882963,0.049779290071445076,0.1883173883809951,-2.8351829514217464,0.3785791582211514,-2.802154719654303,2.864082309665884,0.4709318000579682,3.1336246394767566,-0.4394334107469018,-15.105641857755502,-2.3547083704882885,0.0,0.05,0.5,0.0,0.0,0.0,0.3,-0.1,0.1,0.1,215.7435452198344,214.94354521983445,214.94354521983445,214.94354521983445,0.6511874952957375,4.004204742511657,4.271340260150523,-0.5717508678882963,-0.00022070992855492688,-0.3116826116190049,15.238427000440424
10.304,-0.5940582531674047,0.054017960027368535,0.1584773328690725,-2.825830993115044,0.4088300754749958,-2.987725163521424,2.85103997065345,0.5945264079848385,3.11509623345788,-0.45114120739652463,-15.389234135796828,-2.412806699134906,0.0,0.05,0.5,0.0,0.0,0.0,0.3,-0.1,0.1,0.1,216.90647297851882,216.10647297851887,216.10647297851887,216.10647297851887,0.6852438137796737,4.132670381847743,4.264471257701059,-0.5940582531674047,0.004017960027368532,-0.3415226671309275,15.11976300025708
10.312,-0.6157602263756214,0.05853948847775809,0.1272072686861885,-2.803214124697514,0.440102271639748,-3.1719317353893253,2.8333476146928485,0.7201705179928094,3.0922549987826464,-0.46289066405510315,-15.673841107814916,-2.471109168357853,0.0,0.05,0.5,0.0,0.0,0.0,0.3,-0.1,0.1,0.1,218.22136211166878,217.42136211166883,217.42136211166883,217.42136211166883,0.71986665415897,4.255919450879687,4.255413641253686,-0.6157602263756214,0.008539488477758088,-0.3727927313138115,16.809237000416033
10.32,-0.6367469231808718,0.06334598417894188,0.09458418307815877,-2.767238719889211,0.4722442098413798,-3.3531225285121127,2.808543242544847,0.8477166349581066,3.062571966483668,-0.4746817265935197,-15.959461455411146,-2.529615512915927,0.0,0.05,0.5,0.0,0.0,0.0,0.3,-0.1,0.1,0.1,219.4430612920305,218.64306129203055,218.64306129203055,218.64306129203055,0.7549746645314765,4.3731059234596925,4.240976973330633,-0.6367469231808718,0.01334598417894188,-0.40541581692184125,15.27753999835113
10.328,-0.6569164448636394,0.06843749781580533,0.06070099354941404,-2.7180290179806157,0.5050832087947039,-3.5295777610284023,2.771913937005525,0.9768768516498824,3.0212750793079097,-0.4865143409529733,-16.246093861899958,-2.588325467912559,0.0,0.05,0.5,0.0,0.0,0.0,0.3,-0.1,0.1,0.1,220.07913348920624,219.2791334892063,219.2791334892063,219.2791334892063,0.790482620888317,4.483381532006538,4.214961252764,-0.6569164448636394,0.018437497815805323,-0.43929900645058595,15.293445001589134
10.336,-0.67617740478925,0.07381190779893514,0.025665952448723904,-2.6559472125247043,0.5384268166139934,-3.6995382363398774,2.7133071964845845,1.1070186723208195,2.9581582858366104,-0.49838845314491675,-16.533737012306556,-2.647238768795353,0.0,0.05,0.5,0.0,0.0,0.0,0.3,-0.1,0.1,0.1,219.05615986641635,218.2561598664164,218.2561598664164,218.2561598664164,0.826302413385636,4.585906910820105,4.163919635082523,-0.67617740478925,0.023811907798935134,-0.4743340475512761,15.099092001037207
10.344,-0.6944515040085364,0.0794648436946554,-0.010398362270445091,-2.581610250501973,0.5720648506842168,-3.8612384570512264,2.606720965594609,1.2364766791341857,2.847169652383631,-0.5103040092509281,-16.822389593364672,-2.7063551513556767,0.0,0.05,0.5,0.0,0.0,0.0,0.3,-0.1,0.1,0.1,213.69072947994346,212.8907294799435,212.8907294799435,212.8907294799435,0.8623442216667433,4.679864538755,4.053423713352395,-0.6944515040085364,0.029464843694655393,-0.5103983622704451,15.172052000707481
10.352,-0.707543312970478,0.08364116888958469,0.007425476625495059,-2.3925834244500823,0.562060010420594,-2.6433947932425275,-0.5501820537634989,1.2432894201614486,-0.3233319319643462,1.9046260970466502,-73.45839899638085,-44.27066208666671,0.0,0.05,0.5,0.0,0.0,0.0,0.3,-0.1,0.1,0.1,81.91634159747535,81.11634159747534,81.11634159747534,81.11634159747534,0.8627739733273819,3.6094186417218195,1.3975022049344357,-0.707543312970478,0.03364116888958468,-0.4925745233745049,15.280070998414885
10.36,-0.7195767413437711,0.08807962256560548,0.024904899439645974,-2.2149024488924276,0.5606093502370071,-1.6777302642402012,-0.5341304321123752,0.5801793357656386,-0.3222358372539476,1.8894745442100147,-73.6758553227134,-44.27625613661274,0.0,0.05,0.5,0.0,0.0,0.0,0.3,-0.1,0.1,0.1,56.95573378621552,56.15573378621551,56.15573378621551,56.15573378621551,0.8631083934907089,2.834581898839814,0.8519033483727851,-0.7195767413437711,0.03807962256560547,-0.47509510056035403,15.345513998909155
10.368,-0.7309078831795277,0.09288844792880059,0.04254574935794783,-2.0552005050078246,0.5687081142694701,-0.9011629634346641,-0.5212462398648053,-0.08424920232254104,-0.33043723378099504,1.8742858058595937,-73.89441227390161,-44.28212254629122,0.0,0.05,0.5,0.0,0.0,0.0,0.3,-0.1,0.1,0.1,49.97348986303648,49.173489863036465,49.173489863036465,49.173489863036465,0.8633250512351655,2.3150319051120443,0.6228838865583365,-0.7309078831795277,0.04288844792880059,-0.45745425064205214,15.929257999232505
10.376,-0.7421208379601292,0.09824412208525349,0.06050196958700291,-1.9244842735213274,0.5888583453269133,-0.2720248650213049,-0.49736783358119235,-0.749816337328888,-0.351404283930883,1.8591736743637435,-74.11130208530265,-44.287701705586386,0.0,0.05,0.5,0.0,0.0,0.0,0.3,-0.1,0.1,0.1,60.77534578769345,59.97534578769344,59.97534578769344,59.97534578769344,0.8638456761408977,2.030859767950983,0.9659628731848517,-0.7421208379601292,0.048244122085253485,-0.43949803041299706,15.456117002031533
10.384,-0.753768265366164,0.10433065537364444,0.07853246079611843,-1.830773103967901,0.6232500084712875,0.23314238821079383,-0.3063922386025663,-1.4137150401122047,-0.5400361843636222,1.8440243061336412,-74.32929325763597,-44.29355324396152,0.0,0.05,0.5,0.0,0.0,0.0,0.3,-0.1,0.1,0.1,86.88169161678728,86.08169161678727,86.08169161678727,86.08169161678727,0.8653053244890043,1.9479543383899827,1.544054888576622,-0.753768265366164,0.05433065537364444,-0.4214675392038816,15.436443998623872
10.392,-0.7661431480633633,0.11125460904993019,0.09608140372755547,-1.7739905506043354,0.6716988486841928,0.6252374838546093,2.5383314699255735,-1.05380574887435,2.900566232014935,1.8288377495512873,-74.54838435989603,-44.29967680751266,0.0,0.05,0.5,0.0,0.0,0.0,0.3,-0.1,0.1,0.1,198.01643577415433,197.21643577415438,197.21643577415438,197.21643577415438,0.8682612987280974,1.9972840879989973,3.9958625694436076,-0.7661431480633633,0.061254609049930187,-0.40391859627244453,21.20447600100306
10.4,-0.7791444909340708,0.11899812810528071,0.11251248476668461,-1.7442260122511204,0.7309470553310956,0.9109670130618701,2.5813740534989518,-0.3844895695325248,2.8596835829042226,1.8136140529357359,-74.76857396293657,-44.306072042795726,0.0,0.05,0.5,0.0,0.0,0.0,0.3,-0.1,0.1,0.1,182.9104481447432,182.11044814474326,182.11044814474326,182.11044814474326,0.8729109083386654,2.0991590883964726,3.8715777697844125,-0.7791444909340708,0.0689981281052807,-0.38748751523331537,15.49789300042903
10.408,-0.7923111824029178,0.12742494580252653,0.12738506422266452,-1.724548096522107,0.7954280866960453,1.1005880968490347,2.596427164344946,0.286716246038274,2.8471666325135003,1.7983532645432598,-74.98986063946825,-44.31273859682586,0.0,0.05,0.5,0.0,0.0,0.0,-0.3,-0.1,0.1,0.1,177.16107858873403,176.36107858873407,176.36107858873407,176.36107858873407,0.8789729929625719,2.1950093706516913,3.8639355660762362,-0.7923111824029178,0.07742494580252653,-0.3726149357773355,15.550707998045254
10.416,-0.8050147193789351,0.13633847549317984,0.1406525486822459,-1.6972269016180836,0.8591807116231442,1.2121575889687248,2.606993641967916,0.9594108831089238,2.841154836196755,1.783055432567448,-75.21224296405626,-44.31967611707678,0.0,0.05,0.5,0.0,0.0,0.0,-0.3,-0.1,0.1,0.1,195.33861161994076,194.5386116199408,194.5386116199408,194.5386116199408,0.8857954738740754,2.2556809772873123,3.973543241885407,-0.8050147193789351,0.08633847549317984,-0.35934745131775414,15.773110000736779
10.424,-0.8167311773350496,0.14556812941162375,0.152693056177779,-1.6506929701973627,0.9180859172596385,1.2707387585633412,-0.5584245353510631,1.508030407773364,-0.33767816367161596,1.7677206051393113,-75.43571951311787,-44.326884251480315,0.0,0.05,0.5,0.0,0.0,0.0,-0.3,-0.1,0.1,0.1,90.92497123438089,90.12497123438088,90.12497123438088,90.12497123438088,0.8926394549970691,2.2764986329546884,1.6431738236327231,-0.8167311773350496,0.09556812941162375,-0.347306943822221,15.251463002641685
