t	x	y	z	roll	pitch	yaw	g_x	g_y	g_z	thrust	eso_x	eso_y	eso_z	dist_x	dist_y	dist_z
0.016	-0.291	0.048	0.000	-1.82	2.41	-0.29	-0.10	-0.29	-0.08	0	-0.291	0.048	0.000	-0.000	0.000	0.000
0.029	-0.292	0.048	0.000	-1.82	2.41	-0.29	-0.15	0.14	0.09	0	-0.291	0.048	-0.001	-0.000	-0.000	0.000
0.041	-0.293	0.049	0.000	-1.87	2.45	-0.28	0.02	0.19	-0.14	0	-0.292	0.049	-0.002	-0.000	0.000	0.000
0.047	-0.292	0.049	0.000	-1.87	2.42	-0.29	0.05	0.06	-0.04	0	-0.292	0.049	-0.004	-0.000	0.000	0.001
0.058	-0.293	0.050	0.000	-1.89	2.46	-0.28	0.05	0.17	0.01	0	-0.292	0.049	-0.007	-0.000	0.000	0.001
0.068	-0.291	0.048	0.000	-1.81	2.35	-0.29	0.07	-0.23	-0.07	0	-0.292	0.049	-0.010	-0.000	0.000	0.002
0.080	-0.291	0.047	0.000	-1.79	2.35	-0.29	-0.03	-0.07	0.04	0	-0.292	0.049	-0.013	-0.000	0.000	0.003
0.088	-0.292	0.049	0.000	-1.88	2.38	-0.29	0.05	0.17	0.02	0	-0.292	0.049	-0.016	-0.000	0.000	0.004
0.099	-0.291	0.049	0.000	-1.87	2.34	-0.30	-0.14	-0.24	0.22	0	-0.292	0.049	-0.020	-0.000	0.000	0.006
0.109	-0.293	0.049	0.000	-1.89	2.41	-0.29	-0.02	-0.15	0.13	0	-0.292	0.049	-0.024	-0.000	0.000	0.007
0.118	-0.292	0.049	0.000	-1.85	2.38	-0.29	0.33	0.01	0.03	0	-0.292	0.049	-0.028	-0.000	0.000	0.010
0.128	-0.291	0.048	0.000	-1.83	2.34	-0.29	0.10	0.04	0.21	0	-0.292	0.049	-0.032	-0.000	0.000	0.012
0.138	-0.291	0.048	0.000	-1.83	2.34	-0.29	0.13	-0.01	-0.01	0	-0.292	0.049	-0.036	-0.000	0.000	0.015
0.149	-0.293	0.048	0.000	-1.83	2.40	-0.28	-0.01	0.04	-0.10	0	-0.292	0.048	-0.040	-0.000	0.000	0.018
0.158	-0.291	0.048	0.000	-1.83	2.32	-0.29	0.24	0.07	-0.01	0	-0.292	0.048	-0.045	-0.000	-0.000	0.021
0.169	-0.291	0.048	0.000	-1.86	2.32	-0.29	-0.01	-0.22	0.11	0	-0.292	0.048	-0.049	-0.000	-0.000	0.025
0.180	-0.291	0.048	0.000	-1.83	2.32	-0.29	0.03	0.02	-0.01	0	-0.291	0.048	-0.053	0.000	-0.000	0.029
0.190	-0.291	0.048	0.000	-1.83	2.32	-0.29	0.06	-0.16	0.09	0	-0.291	0.048	-0.057	0.000	-0.000	0.033
0.200	-0.293	0.053	0.000	-2.05	2.41	-0.29	0.09	-0.20	-0.05	0	-0.292	0.049	-0.062	-0.000	0.000	0.038
0.209	-0.293	0.053	0.000	-2.04	2.40	-0.29	-0.05	-0.00	0.10	0	-0.292	0.049	-0.066	-0.000	0.000	0.043
0.220	-0.293	0.053	0.000	-2.04	2.39	-0.29	0.01	-0.17	-0.11	0	-0.292	0.050	-0.070	-0.000	0.000	0.049
0.224	-0.293	0.053	0.000	-2.04	2.39	-0.29	0.13	0.21	-0.00	0	-0.292	0.050	-0.075	-0.000	0.001	0.054
0.239	-0.293	0.053	0.000	-2.03	2.40	-0.29	-0.07	-0.32	0.22	0	-0.292	0.051	-0.079	-0.000	0.001	0.060
0.248	-0.293	0.052	0.000	-2.00	2.38	-0.29	-0.04	0.09	0.06	0	-0.292	0.051	-0.083	-0.000	0.001	0.067
0.261	-0.293	0.053	0.000	-2.01	2.37	-0.29	0.05	0.18	0.03	0	-0.292	0.051	-0.087	-0.000	0.001	0.073
0.266	-0.290	0.051	0.000	-1.92	2.24	-0.29	0.15	-0.00	0.26	0	-0.292	0.051	-0.091	-0.000	0.001	0.080
0.279	-0.291	0.053	0.000	-2.00	2.28	-0.29	-0.06	0.02	0.01	0	-0.292	0.051	-0.095	-0.000	0.001	0.087
0.290	-0.293	0.053	0.000	-2.00	2.36	-0.29	0.06	-0.05	-0.04	0	-0.292	0.052	-0.099	-0.000	0.001	0.095
0.298	-0.293	0.053	0.000	-2.00	2.37	-0.29	-0.02	-0.03	0.12	0	-0.292	0.052	-0.103	-0.000	0.001	0.103
0.308	-0.293	0.053	0.000	-2.00	2.37	-0.28	0.17	0.04	0.08	0	-0.292	0.052	-0.107	-0.000	0.001	0.111
0.318	-0.291	0.053	0.000	-1.99	2.27	-0.29	0.23	-0.10	-0.12	0	-0.292	0.052	-0.111	-0.000	0.001	0.119
0.330	-0.292	0.053	0.000	-1.98	2.29	-0.29	-0.04	-0.09	-0.13	0	-0.292	0.052	-0.115	-0.000	0.001	0.128
0.339	-0.297	0.059	0.000	-2.22	2.52	-0.30	-0.09	-0.11	0.12	0	-0.293	0.053	-0.119	-0.000	0.002	0.137
0.350	-0.298	0.060	0.000	-2.23	2.55	-0.30	0.07	0.14	0.12	0	-0.293	0.054	-0.123	-0.001	0.002	0.147
0.359	-0.298	0.060	0.000	-2.23	2.55	-0.30	0.17	-0.20	-0.10	0	-0.294	0.055	-0.127	-0.001	0.002	0.156
0.365	-0.297	0.058	0.000	-2.13	2.46	-0.29	-0.05	0.10	-0.07	0	-0.294	0.055	-0.130	-0.001	0.002	0.166
0.377	-0.298	0.060	0.000	-2.18	2.50	-0.30	-0.24	-0.07	0.05	0	-0.295	0.056	-0.134	-0.001	0.002	0.176
0.390	-0.297	0.059	0.000	-2.13	2.47	-0.29	0.01	-0.10	0.16	0	-0.295	0.056	-0.137	-0.001	0.003	0.187
0.398	-0.297	0.059	0.000	-2.12	2.47	-0.29	0.01	-0.05	-0.02	0	-0.295	0.057	-0.141	-0.001	0.003	0.197
0.407	-0.296	0.060	0.000	-2.13	2.41	-0.29	-0.06	0.18	-0.04	0	-0.296	0.057	-0.144	-0.001	0.003	0.208
0.417	-0.288	0.057	0.000	-2.03	2.06	-0.29	0.12	-0.16	0.04	0	-0.295	0.057	-0.148	-0.001	0.003	0.220
0.427	-0.287	0.058	0.000	-2.02	2.06	-0.29	-0.21	-0.29	0.20	0	-0.294	0.058	-0.151	-0.001	0.003	0.231
0.438	-0.287	0.058	0.000	-2.02	2.06	-0.28	0.03	-0.21	0.02	0	-0.293	0.058	-0.155	-0.000	0.003	0.243
0.449	-0.287	0.058	0.000	-2.02	2.06	-0.28	0.01	-0.12	-0.01	0	-0.292	0.058	-0.158	-0.000	0.003	0.255
0.457	-0.286	0.058	0.000	-2.02	2.05	-0.28	-0.16	0.05	-0.01	0	-0.292	0.058	-0.161	0.000	0.003	0.267
0.469	-0.286	0.058	0.000	-1.98	2.07	-0.28	0.32	0.19	0.05	0	-0.291	0.058	-0.164	0.000	0.003	0.280
0.480	-0.286	0.057	0.000	-1.97	2.06	-0.28	0.06	-0.05	-0.04	0	-0.290	0.058	-0.168	0.001	0.003	0.292
0.488	-0.286	0.057	0.000	-1.93	2.08	-0.27	0.09	0.09	-0.00	0	-0.290	0.058	-0.171	0.001	0.003	0.305
0.499	-0.286	0.057	0.000	-1.92	2.08	-0.27	-0.16	-0.08	0.03	0	-0.289	0.058	-0.174	0.001	0.003	0.319
0.507	-0.288	0.057	0.000	-1.92	2.18	-0.27	0.07	0.20	-0.14	0	-0.289	0.058	-0.177	0.001	0.003	0.332
0.517	-0.287	0.058	0.000	-1.97	2.13	-0.28	-0.00	-0.09	0.03	0	-0.289	0.058	-0.180	0.001	0.003	0.346
0.528	-0.286	0.058	0.000	-1.96	2.11	-0.28	0.14	0.12	-0.16	0	-0.288	0.058	-0.183	0.001	0.003	0.360
0.540	-0.279	0.055	0.000	-1.82	1.86	-0.26	0.13	0.04	0.18	0	-0.287	0.058	-0.186	0.002	0.002	0.374
0.549	-0.278	0.055	0.000	-1.82	1.86	-0.25	0.05	-0.16	-0.08	0	-0.286	0.057	-0.189	0.002	0.002	0.388
0.557	-0.280	0.054	0.000	-1.81	1.92	-0.25	0.20	-0.02	-0.12	0	-0.285	0.057	-0.192	0.002	0.002	0.403
0.566	-0.279	0.054	0.000	-1.80	1.92	-0.25	0.08	-0.25	0.06	0	-0.285	0.057	-0.195	0.003	0.002	0.417
0.579	-0.279	0.055	0.000	-1.82	1.96	-0.25	0.13	-0.08	-0.09	0	-0.284	0.057	-0.197	0.003	0.002	0.432
0.587	-0.279	0.055	0.000	-1.82	1.94	-0.25	-0.01	-0.11	-0.12	0	-0.283	0.056	-0.200	0.003	0.002	0.448
0.598	-0.279	0.055	0.000	-1.83	1.97	-0.25	0.26	-0.07	-0.05	0	-0.283	0.056	-0.203	0.003	0.002	0.463
0.609	-0.279	0.055	0.000	-1.81	2.01	-0.25	0.11	-0.17	0.09	0	-0.282	0.056	-0.206	0.004	0.002	0.479
0.619	-0.279	0.053	0.000	-1.77	2.03	-0.23	0.12	-0.27	-0.03	0	-0.282	0.056	-0.208	0.004	0.001	0.495
0.629	-0.281	0.054	0.001	-1.80	2.10	-0.24	-0.08	0.07	-0.21	0	-0.282	0.056	-0.211	0.004	0.001	0.511
0.635	-0.279	0.053	0.000	-1.75	2.06	-0.23	-0.20	0.14	0.05	0	-0.281	0.055	-0.213	0.004	0.001	0.527
0.649	-0.281	0.057	0.000	-1.90	2.13	-0.26	0.01	0.04	-0.12	0	-0.281	0.056	-0.216	0.004	0.001	0.543
0.660	-0.281	0.055	0.001	-1.81	2.15	-0.24	0.14	0.12	0.01	0	-0.281	0.056	-0.218	0.004	0.001	0.560
0.669	-0.280	0.054	0.001	-1.77	2.13	-0.23	0.11	-0.23	0.10	0	-0.281	0.055	-0.221	0.004	0.001	0.577
0.679	-0.279	0.054	0.000	-1.79	2.11	-0.24	-0.04	-0.18	-0.13	0	-0.280	0.055	-0.223	0.004	0.001	0.593
0.688	-0.280	0.054	0.000	-1.78	2.15	-0.23	0.06	0.03	0.17	0	-0.280	0.055	-0.225	0.004	0.001	0.611
0.699	-0.281	0.055	0.000	-1.83	2.20	-0.24	0.07	-0.03	0.23	0	-0.280	0.055	-0.228	0.004	0.001	0.628
0.710	-0.280	0.054	0.000	-1.80	2.16	-0.23	-0.14	0.02	-0.02	0	-0.280	0.055	-0.230	0.004	0.001	0.645
0.719	-0.279	0.054	0.000	-1.80	2.16	-0.23	-0.13	0.06	-0.11	0	-0.280	0.055	-0.232	0.004	0.001	0.663
0.725	-0.280	0.055	0.000	-1.85	2.20	-0.24	-0.09	0.18	-0.04	0	-0.280	0.055	-0.235	0.004	0.001	0.681
0.736	-0.280	0.053	0.000	-1.77	2.20	-0.22	0.11	0.01	0.27	0	-0.280	0.055	-0.237	0.004	0.001	0.699
0.750	-0.281	0.055	0.000	-1.83	2.25	-0.23	-0.00	-0.08	-0.05	0	-0.280	0.055	-0.239	0.004	0.001	0.717
0.758	-0.279	0.054	0.000	-1.80	2.19	-0.23	-0.09	0.11	0.08	0	-0.280	0.055	-0.241	0.004	0.001	0.735
0.768	-0.279	0.054	0.000	-1.80	2.20	-0.23	-0.01	0.09	0.19	0	-0.280	0.055	-0.243	0.004	0.001	0.754
0.775	-0.279	0.054	0.000	-1.80	2.20	-0.23	-0.03	0.04	0.25	0	-0.279	0.055	-0.245	0.004	0.001	0.772
0.786	-0.281	0.055	0.000	-1.83	2.28	-0.22	-0.12	0.03	-0.16	0	-0.279	0.055	-0.247	0.004	0.001	0.791
0.800	-0.280	0.053	0.000	-1.77	2.26	-0.21	0.03	-0.11	0.13	0	-0.279	0.055	-0.249	0.004	0.001	0.810
0.809	-0.279	0.054	0.000	-1.81	2.22	-0.22	0.13	-0.17	-0.05	0	-0.279	0.055	-0.251	0.004	0.001	0.829
0.819	-0.274	0.053	0.000	-1.78	2.04	-0.24	0.03	-0.14	0.13	0	-0.279	0.055	-0.253	0.004	0.001	0.848
0.827	-0.274	0.054	0.000	-1.82	2.05	-0.25	0.00	-0.10	0.24	0	-0.278	0.055	-0.255	0.004	0.001	0.868
0.835	-0.273	0.055	0.000	-1.86	2.04	-0.26	0.05	0.02	0.14	0	-0.277	0.055	-0.257	0.005	0.001	0.887
0.850	-0.273	0.053	0.000	-1.78	2.05	-0.24	0.10	0.17	0.01	0	-0.277	0.055	-0.259	0.005	0.001	0.907
0.860	-0.275	0.052	0.000	-1.73	2.15	-0.21	0.00	-0.03	-0.20	0	-0.276	0.054	-0.261	0.005	0.000	0.927
0.867	-0.273	0.055	0.000	-1.87	2.10	-0.25	0.12	0.15	0.10	0	-0.276	0.054	-0.262	0.005	0.000	0.947
0.875	-0.275	0.054	0.000	-1.82	2.16	-0.23	0.05	-0.25	-0.03	0	-0.276	0.054	-0.264	0.005	0.000	0.967
0.886	-0.270	0.052	0.000	-1.74	1.99	-0.24	0.16	0.10	0.17	0	-0.275	0.054	-0.266	0.005	0.000	0.987
0.899	-0.269	0.052	0.000	-1.74	1.99	-0.24	0.14	-0.03	0.05	0	-0.274	0.054	-0.267	0.005	0.000	1.007
0.909	-0.270	0.051	0.000	-1.69	2.05	-0.22	0.01	0.06	0.13	0	-0.273	0.054	-0.269	0.006	0.000	1.028
0.917	-0.270	0.053	0.000	-1.79	2.07	-0.24	-0.10	-0.11	-0.33	0	-0.273	0.054	-0.271	0.006	0.000	1.048
0.928	-0.269	0.053	0.000	-1.78	2.04	-0.24	-0.19	-0.21	-0.11	0	-0.272	0.053	-0.272	0.006	0.000	1.069
0.937	-0.272	0.052	0.000	-1.77	2.17	-0.22	0.15	0.13	0.07	0	-0.272	0.053	-0.274	0.006	-0.000	1.090
0.949	-0.272	0.054	0.000	-1.86	2.20	-0.23	-0.01	-0.15	0.07	0	-0.272	0.053	-0.275	0.006	0.000	1.111
0.960	-0.279	0.053	0.001	-1.82	2.52	-0.17	-0.13	-0.05	-0.23	0	-0.273	0.053	-0.277	0.006	0.000	1.132
0.967	-0.280	0.054	0.001	-1.85	2.52	-0.18	-0.06	0.05	0.09	0	-0.273	0.054	-0.278	0.005	0.000	1.153
0.977	-0.279	0.053	0.001	-1.82	2.49	-0.17	-0.13	-0.18	-0.15	0	-0.274	0.054	-0.280	0.005	0.000	1.174
0.988	-0.280	0.053	0.000	-1.82	2.53	-0.17	0.04	-0.08	0.00	0	-0.275	0.054	-0.281	0.005	0.000	1.195
0.998	-0.280	0.053	0.001	-1.82	2.51	-0.17	0.02	-0.10	0.04	0	-0.275	0.054	-0.282	0.004	0.000	1.217
1.008	-0.280	0.054	0.001	-1.84	2.51	-0.17	0.05	-0.40	-0.06	0	-0.275	0.054	-0.284	0.004	0.000	1.239
1.017	-0.280	0.057	0.001	-1.96	2.52	-0.19	-0.07	-0.01	-0.06	0	-0.276	0.054	-0.285	0.004	0.000	1.260
1.025	-0.280	0.053	0.000	-1.82	2.50	-0.18	-0.01	0.12	0.09	0	-0.276	0.054	-0.286	0.004	0.000	1.282
1.037	-0.280	0.063	0.001	-2.20	2.49	-0.22	-0.17	-0.24	-0.22	0	-0.277	0.055	-0.288	0.004	0.000	1.304
1.048	-0.279	0.062	0.001	-2.17	2.44	-0.23	-0.02	-0.12	0.14	0	-0.277	0.056	-0.289	0.004	0.001	1.326
1.059	-0.275	0.062	0.001	-2.14	2.31	-0.24	0.21	-0.07	0.05	0	-0.276	0.057	-0.290	0.004	0.001	1.348
1.068	-0.276	0.061	0.001	-2.10	2.35	-0.23	-0.16	0.11	-0.05	0	-0.276	0.057	-0.291	0.004	0.001	1.370
1.076	-0.276	0.061	0.001	-2.09	2.35	-0.23	0.02	-0.30	0.02	0	-0.276	0.058	-0.293	0.004	0.001	1.392
1.087	-0.275	0.061	0.001	-2.06	2.33	-0.23	0.14	-0.00	-0.19	0	-0.276	0.058	-0.294	0.004	0.002	1.415
1.098	-0.275	0.061	0.001	-2.03	2.33	-0.23	-0.03	0.04	-0.03	0	-0.276	0.059	-0.295	0.004	0.002	1.437
1.109	-0.277	0.059	0.001	-1.93	2.42	-0.21	0.35	-0.02	-0.02	0	-0.276	0.059	-0.296	0.004	0.002	1.459
1.119	-0.276	0.062	0.000	-2.09	2.35	-0.23	0.04	-0.13	0.09	0	-0.276	0.059	-0.297	0.004	0.002	1.482
1.126	-0.278	0.060	0.001	-1.99	2.46	-0.21	-0.04	0.07	0.12	0	-0.276	0.060	-0.298	0.004	0.002	1.505
1.137	-0.276	0.060	0.001	-1.97	2.36	-0.22	0.18	0.22	0.08	0	-0.276	0.060	-0.299	0.004	0.002	1.527
1.148	-0.276	0.060	0.001	-1.97	2.36	-0.22	0.24	0.22	-0.16	0	-0.276	0.060	-0.300	0.004	0.002	1.550
1.159	-0.276	0.061	0.000	-1.97	2.38	-0.22	0.05	-0.09	-0.08	0	-0.276	0.060	-0.301	0.004	0.002	1.573
1.168	-0.276	0.063	0.000	-2.05	2.38	-0.22	-0.14	0.04	-0.01	0	-0.276	0.061	-0.302	0.004	0.002	1.596
1.177	-0.275	0.061	0.001	-1.96	2.34	-0.22	0.24	0.12	0.03	0	-0.275	0.061	-0.303	0.004	0.002	1.619
1.188	-0.275	0.061	0.001	-1.96	2.35	-0.22	-0.04	0.01	0.01	0	-0.275	0.061	-0.304	0.004	0.002	1.642
1.199	-0.275	0.061	0.001	-1.96	2.35	-0.22	-0.16	-0.17	0.11	0	-0.275	0.061	-0.305	0.004	0.002	1.665
1.209	-0.277	0.061	0.000	-1.95	2.44	-0.21	-0.08	0.05	0.17	0	-0.275	0.061	-0.306	0.003	0.002	1.689
1.218	-0.000	0.000	0.000	-0.00	0.00	0.00	0.26	0.14	0.28	0	-0.242	0.054	-0.307	0.016	-0.001	1.712
1.227	0.000	0.000	1.515	0.00	-0.01	0.00	-0.01	-0.07	-0.13	0	-0.212	0.047	-0.056	0.027	-0.003	1.831
1.237	0.000	0.000	1.515	0.00	-0.01	0.00	0.04	-0.03	-0.12	0	-0.185	0.041	0.156	0.036	-0.005	1.934
1.248	0.000	-0.000	0.000	0.04	-0.01	0.00	0.07	-0.04	-0.05	0	-0.162	0.036	0.082	0.044	-0.007	1.928
1.258	0.000	0.000	0.000	-0.08	0.07	0.00	-0.06	-0.01	0.02	0	-0.141	0.031	0.020	0.052	-0.009	1.926
1.268	0.001	-0.000	0.000	-0.03	-0.04	0.00	0.10	-0.05	0.14	0	-0.122	0.027	-0.033	0.058	-0.010	1.929
1.277	0.001	-0.000	0.000	0.02	0.01	0.00	0.16	-0.12	-0.09	0	-0.106	0.024	-0.077	0.063	-0.011	1.935
1.289	0.001	0.000	0.000	-0.18	0.16	0.00	0.23	0.05	0.09	0	-0.091	0.020	-0.115	0.068	-0.012	1.944
1.299	-0.000	-0.002	0.000	0.65	0.67	-0.00	0.10	0.01	0.08	0	-0.078	0.017	-0.147	0.072	-0.013	1.955
1.309	-0.000	-0.003	0.000	0.72	0.90	-0.00	-0.14	0.21	-0.08	0	-0.067	0.014	-0.174	0.075	-0.014	1.968
1.318	-0.000	-0.003	0.000	0.64	0.91	-0.00	-0.08	0.02	0.18	0	-0.057	0.012	-0.196	0.078	-0.015	1.983
1.327	0.000	-0.005	0.000	0.98	0.64	-0.00	-0.23	0.03	-0.06	0	-0.048	0.009	-0.216	0.081	-0.015	1.999
1.338	0.000	-0.004	0.000	0.61	0.69	-0.00	-0.19	-0.17	0.05	0	-0.040	0.007	-0.232	0.083	-0.016	2.017
1.349	-0.000	-0.005	0.000	0.60	0.99	-0.00	0.36	0.02	-0.21	0	-0.032	0.005	-0.246	0.084	-0.017	2.035
1.358	0.001	-0.006	0.000	0.59	0.57	-0.00	0.10	0.27	-0.16	0	-0.026	0.003	-0.258	0.086	-0.017	2.055
1.368	0.001	-0.006	0.000	0.51	0.69	-0.00	0.11	-0.05	-0.12	0	-0.020	0.001	-0.268	0.087	-0.017	2.075
1.379	0.001	-0.006	0.000	0.23	0.82	0.00	0.01	0.12	0.10	0	-0.015	-0.000	-0.276	0.088	-0.018	2.096
1.388	0.000	-0.005	0.000	-0.18	1.13	0.01	0.12	0.17	0.07	0	-0.011	-0.002	-0.283	0.088	-0.018	2.118
1.396	0.000	-0.007	0.000	-0.02	1.17	0.01	-0.04	0.01	-0.14	0	-0.007	-0.003	-0.289	0.089	-0.018	2.140
1.405	0.002	-0.007	0.000	-0.18	0.87	0.01	-0.03	-0.09	0.08	0	-0.004	-0.004	-0.295	0.089	-0.018	2.162
1.419	0.001	-0.007	0.000	-0.27	1.05	0.01	-0.12	-0.30	-0.13	0	-0.000	-0.005	-0.299	0.089	-0.018	2.185
1.428	0.002	-0.003	0.000	-1.36	0.93	0.03	0.32	0.05	-0.10	0	0.002	-0.005	-0.303	0.089	-0.018	2.208
1.438	0.003	-0.003	0.000	-1.35	0.73	0.03	0.15	0.21	0.03	0	0.005	-0.005	-0.306	0.089	-0.018	2.231
1.449	0.003	-0.002	0.001	-1.66	0.97	0.03	-0.16	-0.02	0.04	0	0.007	-0.005	-0.309	0.089	-0.018	2.255
1.454	0.002	0.002	0.000	-2.38	1.23	0.05	-0.04	0.15	0.00	0	0.009	-0.005	-0.311	0.088	-0.018	2.278
1.467	0.003	0.001	0.000	-2.11	1.07	0.04	0.25	-0.04	0.10	0	0.011	-0.005	-0.313	0.088	-0.017	2.302
1.477	0.001	0.002	0.000	-2.25	1.49	0.05	-0.01	-0.28	-0.05	0	0.012	-0.004	-0.315	0.087	-0.017	2.326
1.488	0.001	0.002	0.000	-2.24	1.49	0.05	-0.19	-0.18	0.16	0	0.013	-0.004	-0.317	0.087	-0.017	2.350
1.498	0.002	0.002	0.000	-2.24	1.45	0.05	-0.09	0.09	0.04	0	0.015	-0.004	-0.318	0.086	-0.016	2.374
1.508	0.002	0.001	0.000	-1.99	1.47	0.04	-0.06	-0.13	0.13	0	0.016	-0.004	-0.319	0.085	-0.016	2.399
1.515	0.002	-0.000	0.000	-1.85	1.52	0.04	-0.12	0.48	0.09	0	0.016	-0.004	-0.320	0.084	-0.016	2.423
1.528	0.003	0.000	0.000	-1.92	1.38	0.04	-0.05	0.16	0.12	0	0.017	-0.004	-0.321	0.084	-0.016	2.447
1.538	0.002	0.000	0.000	-1.91	1.55	0.04	0.03	0.20	0.09	0	0.018	-0.004	-0.322	0.083	-0.016	2.472
1.545	0.003	-0.000	0.000	-1.83	1.49	0.04	0.05	-0.07	-0.09	0	0.019	-0.004	-0.323	0.082	-0.015	2.496
1.556	0.003	0.001	0.000	-2.03	1.55	0.05	0.03	-0.02	0.03	0	0.019	-0.003	-0.323	0.081	-0.015	2.521
1.567	0.001	0.002	0.000	-2.08	1.90	0.04	0.17	-0.17	-0.20	0	0.019	-0.003	-0.324	0.080	-0.015	2.545
1.578	0.002	0.001	0.000	-1.92	1.79	0.04	-0.03	-0.11	0.19	0	0.020	-0.003	-0.324	0.079	-0.015	2.570
1.588	0.001	0.001	0.000	-1.94	1.95	0.04	-0.10	-0.12	0.05	0	0.020	-0.003	-0.324	0.078	-0.014	2.594
1.597	0.001	0.001	0.000	-1.96	1.96	0.04	-0.26	0.02	0.21	0	0.020	-0.003	-0.325	0.077	-0.014	2.619
1.605	0.002	0.000	0.000	-1.80	1.78	0.04	0.25	-0.17	0.04	0	0.020	-0.003	-0.325	0.077	-0.014	2.644
1.618	0.000	0.001	0.000	-1.94	2.01	0.04	0.03	-0.27	-0.05	0	0.020	-0.003	-0.325	0.076	-0.014	2.668
1.629	0.001	0.001	0.000	-1.91	1.95	0.04	0.05	0.21	-0.01	0	0.020	-0.003	-0.326	0.075	-0.014	2.693
1.639	0.001	0.001	0.000	-1.87	1.96	0.04	0.08	-0.20	0.05	0	0.020	-0.003	-0.326	0.074	-0.014	2.718
1.645	0.003	-0.001	0.000	-1.74	1.83	0.03	-0.07	-0.16	0.24	0	0.020	-0.003	-0.326	0.073	-0.013	2.743
1.655	0.001	0.001	0.000	-1.87	1.99	0.04	-0.13	-0.06	-0.06	0	0.020	-0.003	-0.326	0.072	-0.013	2.767
1.666	0.003	0.000	0.000	-1.82	1.88	0.04	-0.18	-0.19	-0.02	0	0.020	-0.003	-0.326	0.071	-0.013	2.792
1.678	0.000	0.001	0.000	-1.91	2.13	0.04	0.15	0.25	0.09	0	0.020	-0.003	-0.326	0.070	-0.013	2.817
1.688	0.000	0.001	0.000	-1.88	2.13	0.04	0.05	0.05	-0.11	0	0.020	-0.003	-0.326	0.069	-0.013	2.842
1.695	-0.000	0.002	0.000	-1.95	2.19	0.04	0.05	-0.09	-0.17	0	0.020	-0.002	-0.326	0.068	-0.013	2.866
1.704	0.000	0.001	0.000	-1.91	2.15	0.04	0.21	0.01	0.06	0	0.020	-0.002	-0.326	0.067	-0.012	2.891
1.715	0.000	0.002	0.000	-1.91	2.15	0.03	0.06	-0.06	-0.02	0	0.019	-0.002	-0.326	0.066	-0.012	2.916
1.729	0.002	0.001	0.000	-1.90	2.04	0.04	-0.17	-0.15	0.09	0	0.019	-0.002	-0.326	0.065	-0.012	2.941
1.738	0.003	0.000	0.000	-1.79	1.97	0.03	-0.08	-0.10	-0.06	0	0.019	-0.002	-0.326	0.064	-0.012	2.966
1.748	0.002	-0.000	0.000	-1.77	2.06	0.03	0.11	0.03	0.10	0	0.019	-0.002	-0.326	0.063	-0.012	2.990
1.754	0.001	0.002	0.000	-1.92	2.14	0.04	0.04	-0.18	0.06	0	0.019	-0.002	-0.326	0.062	-0.012	3.015
1.767	0.001	0.002	0.000	-1.92	2.14	0.04	-0.13	0.21	0.07	0	0.019	-0.002	-0.326	0.061	-0.011	3.040
1.778	0.001	0.001	0.000	-1.85	2.15	0.03	-0.04	-0.13	-0.02	0	0.019	-0.002	-0.326	0.060	-0.011	3.065
1.788	0.000	0.001	0.000	-1.87	2.22	0.03	0.18	-0.14	-0.08	0	0.019	-0.002	-0.326	0.059	-0.011	3.089
1.796	0.000	0.001	0.000	-1.86	2.22	0.03	-0.04	0.13	-0.25	0	0.018	-0.002	-0.326	0.059	-0.011	3.114
1.806	0.001	0.001	0.000	-1.82	2.16	0.03	0.07	0.06	0.09	0	0.018	-0.002	-0.326	0.058	-0.011	3.139
1.818	0.003	0.000	0.000	-1.80	2.05	0.03	0.04	-0.05	0.26	0	0.018	-0.002	-0.326	0.057	-0.011	3.163
1.828	-0.008	0.001	0.000	-1.86	2.76	0.02	0.14	0.16	-0.22	0	0.017	-0.002	-0.325	0.056	-0.011	3.188
1.838	-0.009	0.002	0.000	-1.90	2.80	0.02	0.27	-0.16	0.18	0	0.016	-0.002	-0.325	0.054	-0.010	3.213
1.848	-0.008	0.003	0.000	-1.94	2.76	0.02	0.02	-0.08	0.23	0	0.015	-0.001	-0.325	0.053	-0.010	3.238
1.859	-0.006	0.002	0.001	-1.88	2.57	0.02	-0.01	-0.14	-0.01	0	0.014	-0.001	-0.325	0.052	-0.010	3.262
1.864	-0.008	0.002	0.000	-1.91	2.70	0.02	-0.03	0.03	0.24	0	0.013	-0.001	-0.325	0.051	-0.010	3.287
1.878	-0.006	0.002	0.000	-1.88	2.54	0.03	0.17	0.01	0.12	0	0.013	-0.001	-0.324	0.050	-0.010	3.312
1.888	-0.013	0.007	0.000	-2.20	2.92	0.04	-0.06	-0.06	-0.01	0	0.012	-0.000	-0.324	0.049	-0.009	3.336
1.899	-0.014	0.007	0.000	-2.19	2.96	0.04	0.18	0.31	0.17	0	0.010	0.000	-0.324	0.048	-0.009	3.361
1.907	-0.014	0.008	0.000	-2.18	2.95	0.04	-0.04	-0.09	0.22	0	0.009	0.001	-0.324	0.046	-0.009	3.385
1.918	-0.012	0.008	0.000	-2.16	2.76	0.05	0.09	0.11	0.17	0	0.008	0.002	-0.323	0.045	-0.008	3.410
1.928	-0.014	0.007	0.000	-2.12	2.85	0.04	0.11	0.07	0.10	0	0.007	0.002	-0.323	0.044	-0.008	3.434
1.937	-0.013	0.006	0.000	-2.05	2.77	0.04	0.02	-0.05	-0.17	0	0.006	0.002	-0.323	0.043	-0.008	3.459
1.947	-0.012	0.006	0.000	-2.02	2.68	0.04	0.02	-0.09	0.30	0	0.006	0.003	-0.323	0.042	-0.008	3.483
1.955	-0.014	0.006	0.000	-2.04	2.75	0.04	0.05	0.01	0.04	0	0.005	0.003	-0.322	0.041	-0.007	3.508
1.966	-0.013	0.008	0.000	-2.11	2.70	0.05	0.20	0.13	0.06	0	0.005	0.003	-0.322	0.041	-0.007	3.532
1.977	-0.014	0.008	0.000	-2.11	2.70	0.05	0.13	-0.09	-0.07	0	0.004	0.004	-0.322	0.040	-0.007	3.557
1.984	-0.013	0.008	0.000	-2.08	2.62	0.05	0.17	0.05	-0.06	0	0.003	0.004	-0.321	0.039	-0.007	3.581
1.997	-0.012	0.006	0.000	-1.95	2.57	0.04	0.09	0.04	0.01	0	0.003	0.004	-0.321	0.038	-0.007	3.606
2.007	-0.012	0.008	0.000	-2.05	2.57	0.05	0.04	-0.13	0.13	0	0.003	0.004	-0.321	0.037	-0.006	3.630
2.018	-0.013	0.008	0.000	-2.04	2.57	0.05	0.06	0.20	-0.10	0	0.002	0.005	-0.320	0.037	-0.006	3.654
2.027	-0.012	0.007	0.001	-1.97	2.53	0.04	-0.14	-0.22	0.04	0	0.002	0.005	-0.320	0.036	-0.006	3.678
2.038	-0.012	0.006	0.000	-1.90	2.50	0.04	0.06	0.07	0.03	0	0.002	0.005	-0.319	0.035	-0.006	3.703
2.047	-0.011	0.006	0.000	-1.90	2.44	0.04	-0.09	-0.16	-0.23	0	0.002	0.005	-0.319	0.034	-0.006	3.727
2.057	-0.012	0.006	0.000	-1.93	2.48	0.04	0.06	0.08	0.02	0	0.001	0.005	-0.319	0.034	-0.006	3.751
2.067	-0.012	0.006	0.000	-1.89	2.45	0.04	-0.00	0.16	-0.05	0	0.001	0.005	-0.318	0.033	-0.006	3.775
2.076	-0.012	0.007	0.000	-1.93	2.45	0.04	0.06	0.13	0.01	0	0.001	0.005	-0.318	0.032	-0.006	3.799
2.085	-0.011	0.007	0.000	-1.92	2.39	0.04	0.02	0.09	0.10	0	0.001	0.005	-0.318	0.032	-0.006	3.824
2.097	-0.012	0.007	0.000	-1.93	2.42	0.04	-0.07	-0.32	-0.18	0	0.001	0.005	-0.317	0.031	-0.006	3.848
2.107	-0.012	0.006	0.000	-1.86	2.40	0.03	-0.12	0.14	-0.00	0	0.001	0.005	-0.317	0.031	-0.006	3.872
2.118	-0.012	0.006	0.000	-1.86	2.41	0.03	-0.01	0.09	-0.22	0	0.000	0.005	-0.316	0.030	-0.006	3.896
2.128	-0.013	0.006	0.000	-1.88	2.44	0.03	0.05	0.11	0.12	0	0.000	0.005	-0.316	0.029	-0.005	3.920
2.137	-0.013	0.005	0.000	-1.82	2.44	0.03	0.14	0.01	0.07	0	-0.000	0.004	-0.315	0.029	-0.005	3.944
2.147	-0.013	0.007	0.000	-1.92	2.43	0.04	0.23	-0.09	-0.18	0	-0.000	0.005	-0.315	0.028	-0.005	3.968
2.156	-0.011	0.006	0.000	-1.84	2.33	0.03	0.23	-0.10	0.04	0	-0.000	0.005	-0.314	0.028	-0.005	3.991
2.167	-0.012	0.005	0.000	-1.83	2.35	0.03	0.12	-0.09	-0.21	0	-0.001	0.004	-0.314	0.027	-0.005	4.015
2.177	-0.013	0.005	0.000	-1.81	2.40	0.03	0.19	0.15	0.20	0	-0.001	0.004	-0.314	0.026	-0.005	4.039
2.187	-0.012	0.006	0.000	-1.87	2.35	0.04	0.10	0.02	0.12	0	-0.001	0.004	-0.313	0.026	-0.005	4.063
2.197	-0.012	0.007	0.000	-1.92	2.35	0.04	0.02	0.17	0.16	0	-0.001	0.005	-0.313	0.025	-0.005	4.087
2.206	-0.012	0.006	0.000	-1.86	2.33	0.04	0.11	0.14	0.11	0	-0.001	0.005	-0.312	0.025	-0.005	4.110
2.217	-0.012	0.006	0.000	-1.87	2.32	0.04	0.17	-0.00	0.07	0	-0.001	0.005	-0.312	0.024	-0.005	4.134
2.228	-0.011	0.005	0.000	-1.82	2.30	0.03	0.21	0.09	-0.05	0	-0.001	0.005	-0.311	0.024	-0.005	4.158
2.233	-0.011	0.005	0.000	-1.82	2.30	0.03	0.09	-0.07	-0.25	0	-0.001	0.005	-0.311	0.023	-0.005	4.181
2.248	-0.013	0.007	0.000	-1.89	2.35	0.04	0.10	0.10	-0.07	0	-0.002	0.005	-0.310	0.023	-0.005	4.205
2.257	-0.010	0.006	0.000	-1.86	2.24	0.04	0.25	-0.08	0.08	0	-0.002	0.005	-0.310	0.022	-0.004	4.228
2.269	-0.011	0.006	0.000	-1.82	2.26	0.04	0.21	0.15	0.14	0	-0.002	0.005	-0.309	0.022	-0.004	4.252
2.278	-0.012	0.007	0.000	-1.90	2.30	0.04	-0.02	-0.25	0.10	0	-0.002	0.005	-0.308	0.021	-0.004	4.275
2.283	-0.011	0.006	0.000	-1.84	2.28	0.04	-0.07	-0.06	-0.14	0	-0.002	0.005	-0.308	0.021	-0.004	4.298
2.297	-0.011	0.006	0.000	-1.84	2.28	0.04	0.04	0.07	0.06	0	-0.002	0.005	-0.307	0.020	-0.004	4.322
2.308	-0.006	-0.002	0.000	-1.50	2.05	0.02	0.13	0.07	0.06	0	-0.001	0.004	-0.307	0.020	-0.004	4.345
2.318	-0.003	-0.002	0.000	-1.51	1.94	0.02	-0.04	-0.13	-0.17	0	-0.001	0.003	-0.306	0.020	-0.005	4.368
2.323	-0.002	-0.003	-0.000	-1.46	1.92	0.02	0.11	-0.06	-0.15	0	0.000	0.002	-0.306	0.020	-0.005	4.391
2.335	-0.005	-0.002	0.000	-1.54	2.03	0.02	0.10	0.07	0.13	0	0.001	0.002	-0.305	0.019	-0.005	4.415
2.348	-0.005	-0.003	0.000	-1.51	2.04	0.02	0.04	-0.20	-0.08	0	0.001	0.001	-0.304	0.019	-0.005	4.438
2.357	-0.003	-0.003	0.000	-1.53	1.99	0.02	0.24	-0.16	-0.05	0	0.002	0.000	-0.304	0.019	-0.005	4.461
2.367	-0.004	-0.002	0.000	-1.57	2.06	0.02	0.13	-0.14	-0.10	0	0.002	-0.000	-0.303	0.019	-0.006	4.484
2.376	-0.003	-0.003	0.000	-1.55	2.00	0.02	0.31	0.10	-0.01	0	0.002	-0.001	-0.303	0.018	-0.006	4.507
2.387	-0.002	-0.003	0.000	-1.54	2.00	0.02	0.05	-0.02	0.08	0	0.003	-0.001	-0.302	0.018	-0.006	4.530
2.395	-0.005	-0.003	0.000	-1.56	2.13	0.02	-0.01	-0.23	0.04	0	0.003	-0.002	-0.301	0.018	-0.006	4.553
2.407	-0.003	-0.003	0.000	-1.58	2.03	0.02	0.15	-0.08	0.21	0	0.003	-0.002	-0.301	0.017	-0.006	4.575
2.418	-0.003	-0.003	0.000	-1.60	2.07	0.03	0.07	0.04	0.01	0	0.003	-0.002	-0.300	0.017	-0.006	4.598
2.427	-0.004	-0.002	0.000	-1.63	2.13	0.03	0.01	-0.12	-0.11	0	0.003	-0.003	-0.299	0.017	-0.006	4.621
2.437	-0.004	-0.003	0.000	-1.63	2.13	0.03	0.03	0.10	0.05	0	0.003	-0.003	-0.299	0.016	-0.006	4.644
2.442	-0.004	-0.003	0.000	-1.63	2.13	0.03	-0.03	0.03	0.20	0	0.003	-0.003	-0.298	0.016	-0.006	4.666
2.457	-0.004	-0.003	0.000	-1.63	2.13	0.03	0.06	0.17	0.13	0	0.004	-0.003	-0.297	0.016	-0.006	4.689
2.467	-0.004	-0.001	0.000	-1.72	2.16	0.03	0.02	-0.10	0.17	0	0.003	-0.003	-0.297	0.015	-0.006	4.711
2.477	-0.004	-0.003	0.000	-1.64	2.14	0.03	0.25	0.24	-0.02	0	0.004	-0.003	-0.296	0.015	-0.006	4.734
2.487	-0.005	-0.003	0.000	-1.65	2.18	0.03	0.18	-0.20	0.01	0	0.003	-0.004	-0.295	0.014	-0.006	4.756
2.497	-0.003	-0.003	0.000	-1.67	2.14	0.03	0.08	-0.08	0.01	0	0.004	-0.004	-0.295	0.014	-0.006	4.779
2.507	-0.003	-0.003	0.000	-1.69	2.12	0.03	0.11	-0.06	-0.18	0	0.004	-0.004	-0.294	0.014	-0.006	4.801
2.517	-0.005	-0.001	0.000	-1.78	2.22	0.04	-0.00	-0.08	-0.05	0	0.004	-0.004	-0.293	0.013	-0.006	4.823
2.526	-0.004	-0.001	0.000	-1.79	2.19	0.04	0.03	-0.07	-0.07	0	0.004	-0.003	-0.293	0.013	-0.005	4.846
2.535	-0.004	-0.003	0.000	-1.71	2.19	0.03	0.03	0.11	-0.01	0	0.004	-0.003	-0.292	0.012	-0.005	4.868
2.547	-0.004	-0.003	0.000	-1.71	2.19	0.03	-0.10	-0.12	-0.02	0	0.004	-0.004	-0.291	0.012	-0.005	4.890
2.556	-0.005	-0.001	0.000	-1.79	2.24	0.04	0.18	0.03	0.03	0	0.003	-0.003	-0.291	0.012	-0.005	4.912
2.568	-0.005	-0.002	0.000	-1.77	2.26	0.04	0.30	0.13	0.00	0	0.003	-0.003	-0.290	0.011	-0.005	4.934
2.574	-0.005	-0.005	0.000	-1.63	2.26	0.03	0.23	0.29	0.15	0	0.003	-0.004	-0.289	0.011	-0.005	4.956
2.588	-0.006	-0.001	0.000	-1.79	2.29	0.04	0.25	-0.02	-0.02	0	0.003	-0.004	-0.289	0.010	-0.005	4.978
2.598	-0.006	-0.002	0.001	-1.76	2.30	0.04	0.05	0.03	-0.04	0	0.003	-0.004	-0.288	0.010	-0.005	5.000
2.607	-0.005	-0.003	0.000	-1.76	2.26	0.04	0.06	0.17	0.05	0	0.003	-0.004	-0.287	0.010	-0.005	5.022
2.616	-0.007	0.002	0.000	-1.95	2.34	0.05	0.06	0.16	0.05	0	0.002	-0.003	-0.286	0.009	-0.005	5.043
2.627	-0.007	0.002	0.000	-1.95	2.34	0.05	-0.00	-0.04	0.14	0	0.002	-0.003	-0.286	0.009	-0.004	5.065
2.637	-0.007	0.001	0.001	-1.91	2.34	0.05	-0.06	0.03	0.09	0	0.002	-0.002	-0.285	0.008	-0.004	5.087
2.648	-0.009	0.002	0.001	-1.95	2.42	0.05	0.01	-0.00	-0.15	0	0.001	-0.002	-0.284	0.008	-0.004	5.108
2.658	-0.009	0.002	0.000	-1.92	2.42	0.05	0.08	0.03	-0.06	0	0.001	-0.002	-0.284	0.007	-0.004	5.130
2.668	-0.007	0.002	0.000	-1.94	2.35	0.05	-0.09	0.12	-0.02	0	0.000	-0.001	-0.283	0.007	-0.004	5.151
2.676	-0.007	0.001	0.000	-1.90	2.32	0.05	-0.25	0.03	-0.13	0	0.000	-0.001	-0.282	0.007	-0.004	5.173
2.687	-0.008	0.001	0.000	-1.90	2.39	0.05	0.05	-0.13	-0.22	0	-0.000	-0.001	-0.281	0.006	-0.003	5.194
2.697	-0.008	-0.001	0.000	-1.81	2.36	0.04	-0.05	-0.19	-0.01	0	-0.000	-0.001	-0.281	0.006	-0.003	5.215
2.707	-0.003	0.003	0.000	-1.96	2.17	0.05	-0.04	-0.10	0.00	0	0.000	-0.001	-0.280	0.006	-0.003	5.237
2.717	-0.001	0.003	0.000	-1.95	2.12	0.05	0.17	0.07	0.03	0	0.001	-0.000	-0.279	0.006	-0.003	5.258
2.727	-0.001	0.003	0.000	-1.96	2.13	0.05	0.01	0.02	0.16	0	0.001	-0.000	-0.278	0.005	-0.003	5.279
2.735	-0.001	0.001	0.000	-1.86	2.13	0.05	0.03	-0.12	-0.15	0	0.002	-0.000	-0.278	0.005	-0.003	5.300
2.744	0.001	0.001	0.000	-1.87	2.08	0.05	0.03	0.00	-0.06	0	0.002	-0.000	-0.277	0.005	-0.003	5.321
2.757	0.000	0.000	0.000	-1.85	2.11	0.05	0.05	-0.08	0.07	0	0.003	-0.000	-0.276	0.005	-0.003	5.342
2.767	-0.002	0.001	0.000	-1.87	2.20	0.05	0.05	0.16	-0.08	0	0.003	-0.000	-0.275	0.005	-0.003	5.363
2.777	-0.002	0.002	0.000	-1.90	2.21	0.05	0.10	-0.24	0.10	0	0.003	-0.000	-0.275	0.005	-0.003	5.384
2.787	0.001	0.001	0.000	-1.90	2.11	0.05	0.10	-0.06	0.01	0	0.003	0.000	-0.274	0.005	-0.003	5.405
2.796	-0.000	0.001	0.000	-1.89	2.17	0.05	0.07	-0.12	0.09	0	0.003	0.000	-0.273	0.004	-0.003	5.425
2.805	-0.001	0.001	0.000	-1.86	2.20	0.05	0.05	0.14	-0.02	0	0.004	0.000	-0.272	0.004	-0.003	5.446
2.817	-0.001	0.001	0.000	-1.86	2.20	0.04	-0.01	-0.15	0.09	0	0.004	0.000	-0.272	0.004	-0.002	5.467
2.826	-0.001	0.001	0.000	-1.85	2.22	0.04	-0.07	0.20	-0.08	0	0.004	0.000	-0.271	0.004	-0.002	5.487
2.838	0.000	0.000	0.000	-1.84	2.19	0.04	0.10	-0.22	-0.31	0	0.004	0.000	-0.270	0.004	-0.002	5.508
2.842	-0.002	0.001	0.000	-1.86	2.27	0.04	-0.08	-0.03	-0.05	0	0.004	0.000	-0.269	0.003	-0.002	5.528
2.857	-0.001	0.001	0.000	-1.86	2.25	0.04	0.12	0.02	0.05	0	0.004	0.000	-0.269	0.003	-0.002	5.549
2.868	-0.000	-0.001	0.000	-1.81	2.23	0.04	0.02	-0.12	-0.08	0	0.004	-0.000	-0.268	0.003	-0.002	5.569
2.876	-0.002	0.001	0.000	-1.90	2.30	0.04	0.07	0.15	-0.02	0	0.004	-0.000	-0.267	0.002	-0.002	5.589
2.886	-0.000	0.001	0.000	-1.89	2.23	0.04	0.18	-0.22	-0.18	0	0.004	0.000	-0.266	0.002	-0.002	5.609
2.896	-0.001	0.001	0.000	-1.89	2.27	0.04	0.03	-0.03	0.14	0	0.004	0.000	-0.265	0.002	-0.002	5.630
2.906	-0.001	0.001	0.000	-1.89	2.27	0.04	0.09	-0.01	0.04	0	0.004	0.000	-0.265	0.002	-0.002	5.650
2.917	-0.001	0.001	0.000	-1.89	2.29	0.04	-0.04	0.23	0.07	0	0.004	0.000	-0.264	0.001	-0.002	5.670
2.926	-0.002	0.005	0.000	-2.04	2.31	0.05	0.09	-0.17	-0.06	0	0.004	0.001	-0.263	0.001	-0.002	5.690
2.937	0.001	0.009	0.000	-2.17	2.21	0.05	0.07	-0.21	0.12	0	0.004	0.002	-0.262	0.001	-0.001	5.710
2.946	0.001	0.008	0.000	-2.13	2.22	0.05	0.01	0.04	0.07	0	0.004	0.002	-0.261	0.001	-0.001	5.729
2.958	0.001	0.008	0.000	-2.12	2.22	0.05	0.16	0.02	0.07	0	0.004	0.003	-0.261	0.001	-0.001	5.749
2.967	0.000	0.009	0.000	-2.13	2.27	0.05	0.07	0.03	0.18	0	0.004	0.004	-0.260	0.001	-0.001	5.769
2.976	0.001	0.009	0.000	-2.12	2.24	0.05	0.02	0.11	-0.07	0	0.005	0.004	-0.259	0.000	-0.000	5.789
2.986	0.001	0.008	0.000	-2.06	2.25	0.05	-0.01	0.20	-0.04	0	0.005	0.005	-0.258	0.000	-0.000	5.808
2.993	0.002	0.008	0.000	-2.05	2.21	0.05	0.06	-0.29	-0.05	0	0.005	0.005	-0.258	-0.000	-0.000	5.828
3.004	0.002	0.008	0.000	-2.05	2.22	0.05	0.10	0.29	0.28	0	0.005	0.006	-0.257	-0.000	0.000	5.847
3.016	-0.003	0.010	0.000	-2.10	2.41	0.05	0.14	0.02	-0.16	0	0.005	0.006	-0.256	-0.001	0.000	5.867
3.027	-0.002	0.010	0.000	-2.10	2.37	0.05	0.07	0.08	0.06	0	0.004	0.007	-0.255	-0.001	0.000	5.886
3.035	-0.002	0.004	0.000	-1.84	2.37	0.04	0.05	0.16	-0.08	0	0.004	0.006	-0.254	-0.001	0.000	5.905
3.047	-0.003	0.005	0.000	-1.86	2.41	0.04	-0.05	0.05	0.03	0	0.004	0.006	-0.253	-0.001	0.000	5.925
3.056	-0.003	0.002	0.000	-1.77	2.41	0.04	-0.05	0.24	-0.01	0	0.004	0.006	-0.253	-0.002	0.000	5.944
3.067	-0.002	0.005	0.000	-1.87	2.39	0.05	-0.00	-0.04	0.08	0	0.003	0.006	-0.252	-0.002	0.000	5.963
3.077	-0.002	0.003	0.000	-1.80	2.38	0.04	0.17	0.09	-0.03	0	0.003	0.005	-0.251	-0.002	-0.000	5.982
3.085	-0.003	0.005	0.000	-1.87	2.40	0.05	0.01	0.07	-0.06	0	0.003	0.005	-0.250	-0.003	-0.000	6.001
3.095	-0.003	0.003	0.000	-1.79	2.40	0.04	-0.15	-0.28	-0.05	0	0.003	0.005	-0.249	-0.003	-0.000	6.020
3.107	-0.003	0.003	0.000	-1.79	2.40	0.04	0.13	-0.06	-0.09	0	0.003	0.005	-0.249	-0.003	-0.000	6.039
3.118	-0.003	0.004	0.000	-1.84	2.40	0.05	0.03	-0.01	-0.05	0	0.002	0.005	-0.248	-0.003	-0.000	6.058
3.127	-0.001	0.004	0.000	-1.83	2.32	0.04	0.02	0.02	0.00	0	0.002	0.004	-0.247	-0.004	-0.000	6.076
3.135	-0.002	0.004	0.000	-1.83	2.36	0.04	-0.01	-0.03	0.04	0	0.002	0.004	-0.246	-0.004	-0.000	6.095
3.146	0.003	0.003	0.000	-1.79	2.18	0.04	0.20	0.08	0.04	0	0.003	0.004	-0.245	-0.004	-0.000	6.114
3.157	0.003	0.002	0.000	-1.75	2.19	0.04	-0.04	-0.16	-0.04	0	0.003	0.004	-0.244	-0.004	-0.000	6.132
3.167	0.001	0.005	0.000	-1.89	2.28	0.05	0.00	0.10	0.13	0	0.003	0.004	-0.244	-0.004	-0.000	6.151
3.178	-0.002	0.006	0.000	-1.92	2.39	0.05	0.14	-0.05	-0.14	0	0.003	0.004	-0.243	-0.004	-0.000	6.169
3.186	-0.003	0.008	0.000	-1.97	2.42	0.05	0.02	0.09	0.22	0	0.003	0.005	-0.242	-0.004	-0.000	6.188
3.197	-0.005	0.012	0.000	-2.13	2.54	0.06	-0.01	-0.03	0.04	0	0.002	0.006	-0.241	-0.005	0.000	6.206
3.206	-0.005	0.012	0.000	-2.11	2.52	0.06	0.23	-0.17	-0.37	0	0.002	0.006	-0.240	-0.005	0.000	6.224
3.217	-0.007	0.011	0.000	-2.07	2.57	0.05	0.04	0.04	0.08	0	0.001	0.007	-0.240	-0.006	0.001	6.242
3.227	-0.007	0.011	0.000	-2.07	2.57	0.05	0.27	0.12	0.03	0	0.001	0.007	-0.239	-0.006	0.001	6.260
3.237	-0.007	0.013	0.000	-2.12	2.56	0.06	0.16	0.52	0.01	0	-0.000	0.008	-0.238	-0.006	0.001	6.279
3.247	-0.007	0.011	0.000	-2.04	2.55	0.05	0.23	0.11	0.06	0	-0.001	0.009	-0.237	-0.007	0.001	6.297
3.252	-0.006	0.011	0.000	-2.03	2.50	0.05	-0.02	-0.02	0.13	0	-0.001	0.009	-0.236	-0.007	0.001	6.314
3.263	-0.006	0.012	0.000	-2.02	2.50	0.05	-0.08	-0.12	-0.06	0	-0.001	0.009	-0.236	-0.007	0.001	6.332
3.278	-0.005	0.010	0.000	-1.94	2.43	0.05	-0.25	0.01	0.23	0	-0.001	0.009	-0.235	-0.007	0.001	6.350
3.287	-0.005	0.012	0.000	-2.01	2.45	0.05	-0.02	-0.18	0.05	0	-0.002	0.010	-0.234	-0.008	0.002	6.368
3.296	-0.006	0.012	0.000	-1.99	2.48	0.05	0.35	0.04	0.08	0	-0.002	0.010	-0.233	-0.008	0.002	6.386
3.307	-0.005	0.014	0.000	-2.07	2.43	0.06	-0.18	-0.33	-0.01	0	-0.002	0.011	-0.232	-0.008	0.002	6.403
3.317	-0.006	0.016	0.000	-2.16	2.45	0.06	-0.03	0.02	0.13	0	-0.002	0.011	-0.231	-0.008	0.002	6.421
3.328	-0.006	0.018	-0.000	-2.19	2.46	0.06	0.41	-0.02	0.18	36009	-0.002	0.012	-0.231	-0.008	0.002	6.438
3.336	-0.003	0.016	0.000	-2.10	2.32	0.06	0.02	0.35	0.06	35962	-0.002	0.013	-0.229	-0.008	0.003	6.456
3.346	-0.003	0.015	0.000	-2.06	2.31	0.06	0.08	-0.06	0.47	35947	-0.002	0.013	-0.228	-0.008	0.003	6.473
3.358	-0.003	0.015	0.000	-2.02	2.31	0.06	-0.29	-0.41	-1.05	35927	-0.002	0.013	-0.226	-0.009	0.003	6.490
3.363	-0.004	0.015	0.000	-2.01	2.38	0.06	-0.36	-0.08	-3.28	35956	-0.002	0.014	-0.224	-0.009	0.003	6.507
3.376	-0.003	0.015	0.000	-2.01	2.31	0.06	-0.13	0.37	-1.44	35957	-0.001	0.014	-0.221	-0.009	0.003	6.524
3.386	-0.004	0.017	0.000	-2.07	2.35	0.06	-0.35	-0.35	-0.01	35974	-0.001	0.015	-0.219	-0.009	0.003	6.541
3.395	-0.002	0.015	0.000	-1.96	2.27	0.05	-2.23	-1.87	0.34	35935	-0.001	0.015	-0.216	-0.009	0.003	6.557
3.404	-0.004	0.016	0.000	-2.00	2.36	0.05	-1.42	-1.38	-0.19	35988	-0.001	0.015	-0.213	-0.009	0.003	6.573
3.417	-0.002	0.016	0.000	-1.99	2.30	0.05	-0.40	-0.67	-0.19	35972	-0.001	0.015	-0.210	-0.009	0.003	6.589
3.428	-0.004	0.017	0.000	-2.03	2.37	0.06	-0.70	-0.57	-0.70	35979	-0.001	0.016	-0.207	-0.009	0.003	6.605
3.436	-0.003	0.016	0.000	-1.99	2.32	0.05	-0.21	0.47	0.48	35941	-0.001	0.016	-0.204	-0.009	0.003	6.620
3.447	-0.002	0.015	0.000	-1.93	2.27	0.06	1.43	0.76	0.65	35924	-0.000	0.016	-0.201	-0.010	0.003	6.635
3.457	-0.002	0.017	0.000	-1.95	2.25	0.06	2.30	1.27	-1.01	35966	-0.000	0.017	-0.198	-0.010	0.003	6.650
3.466	-0.003	0.015	0.000	-1.84	2.25	0.05	4.77	3.50	-3.17	35936	0.000	0.017	-0.194	-0.010	0.003	6.665
3.478	-0.003	0.016	0.000	-1.81	2.20	0.02	7.51	7.20	-3.58	35963	0.000	0.017	-0.191	-0.010	0.003	6.680
3.488	-0.002	0.016	0.000	-1.70	2.10	-0.02	0.55	-0.06	-7.31	35937	0.000	0.017	-0.188	-0.010	0.003	6.694
3.497	-0.006	0.020	0.000	-1.86	2.23	-0.09	-1.07	-0.01	-13.98	36039	0.000	0.018	-0.185	-0.010	0.003	6.708
3.507	-0.007	0.018	0.000	-1.74	2.25	-0.23	3.09	3.22	-14.52	35984	-0.000	0.018	-0.182	-0.011	0.003	6.722
3.513	-0.007	0.019	0.000	-1.71	2.19	-0.38	3.43	2.44	-12.87	35980	-0.000	0.019	-0.179	-0.011	0.003	6.736
3.524	-0.010	0.019	0.000	-1.65	2.28	-0.51	0.15	-0.17	-14.79	38043	-0.001	0.019	-0.175	-0.012	0.003	6.749
3.537	-0.010	0.016	0.000	-1.50	2.26	-0.66	0.46	0.28	-11.26	37977	-0.002	0.019	-0.172	-0.012	0.003	6.762
3.547	-0.009	0.021	0.000	-1.68	2.17	-0.77	-0.15	0.44	-9.57	38077	-0.002	0.020	-0.169	-0.012	0.003	6.775
3.554	-0.006	0.017	0.001	-1.46	1.99	-0.87	1.73	0.77	-8.44	37907	-0.002	0.020	-0.166	-0.013	0.003	6.787
3.564	-0.005	0.017	0.001	-1.43	1.94	-0.96	1.17	1.48	-8.74	37900	-0.002	0.020	-0.162	-0.013	0.002	6.800
3.576	-0.005	0.018	0.001	-1.43	1.92	-1.05	-1.19	-1.11	-6.70	37921	-0.002	0.020	-0.159	-0.013	0.002	6.812
3.587	-0.006	0.016	0.001	-1.33	1.91	-1.12	-0.56	-0.35	-8.12	38047	-0.001	0.020	-0.156	-0.013	0.002	6.824
3.596	-0.006	0.017	0.001	-1.36	1.89	-1.19	-1.82	-1.26	-9.75	38073	-0.001	0.020	-0.152	-0.013	0.002	6.835
3.605	-0.005	0.017	0.001	-1.34	1.85	-1.29	4.47	4.83	-9.81	38031	-0.001	0.020	-0.149	-0.014	0.002	6.847
3.615	-0.005	0.017	0.001	-1.29	1.78	-1.39	1.42	1.74	-8.58	38020	-0.001	0.020	-0.146	-0.014	0.002	6.858
3.626	-0.005	0.016	0.001	-1.19	1.75	-1.48	0.51	-1.33	-8.02	38070	-0.001	0.020	-0.143	-0.014	0.001	6.869
3.637	-0.005	0.015	0.001	-1.12	1.71	-1.56	0.47	0.92	-6.41	38077	-0.001	0.020	-0.139	-0.014	0.001	6.880
3.648	-0.005	0.015	0.001	-1.10	1.69	-1.63	0.11	1.58	-5.53	38138	-0.001	0.020	-0.136	-0.014	0.001	6.890
3.656	-0.005	0.015	0.001	-1.07	1.67	-1.68	-1.09	-0.35	-4.13	38160	-0.000	0.020	-0.133	-0.015	0.001	6.900
3.665	-0.006	0.015	0.001	-1.07	1.67	-1.73	-1.75	-0.25	-6.33	38162	-0.000	0.020	-0.130	-0.015	0.000	6.910
3.676	-0.004	0.013	0.001	-0.97	1.57	-1.79	-0.30	1.19	-6.52	38236	-0.000	0.019	-0.127	-0.015	-0.000	6.920
3.687	-0.003	0.011	0.001	-0.90	1.53	-1.86	0.37	2.10	-6.47	38265	0.000	0.019	-0.124	-0.015	-0.000	6.929
3.697	-0.004	0.012	0.001	-0.89	1.51	-1.92	-1.09	1.40	-5.55	38251	0.000	0.018	-0.121	-0.015	-0.001	6.938
3.705	-0.004	0.011	0.001	-0.87	1.48	-1.98	0.96	1.16	-4.98	38238	0.001	0.018	-0.118	-0.016	-0.001	6.947
3.715	-0.002	0.008	0.001	-0.71	1.37	-2.03	0.55	1.36	-3.38	38299	0.001	0.017	-0.115	-0.016	-0.002	6.956
3.727	-0.004	0.010	0.001	-0.79	1.43	-2.07	-3.43	-4.46	-3.71	40345	0.001	0.017	-0.112	-0.016	-0.002	6.965
3.737	-0.007	0.010	0.001	-0.81	1.61	-2.10	-0.68	-0.35	-5.40	40456	0.001	0.016	-0.109	-0.016	-0.002	6.973
3.748	-0.007	0.010	0.001	-0.82	1.57	-2.16	3.69	3.68	-6.77	40546	0.001	0.016	-0.106	-0.017	-0.003	6.981
3.755	-0.007	0.011	0.000	-0.82	1.51	-2.23	9.49	-4.03	-5.14	40459	0.000	0.016	-0.103	-0.017	-0.003	6.989
3.765	-0.007	0.009	0.001	-0.62	1.50	-2.28	5.09	2.99	-2.90	40442	0.000	0.016	-0.100	-0.018	-0.003	6.996
3.776	-0.008	0.009	0.001	-0.56	1.48	-2.31	12.32	-1.86	-1.20	40447	-0.000	0.015	-0.096	-0.018	-0.004	7.004
3.788	-0.008	0.009	0.001	-0.44	1.49	-2.32	7.30	2.83	1.36	40466	-0.000	0.015	-0.093	-0.018	-0.004	7.011
3.796	-0.008	0.011	0.001	-0.42	1.43	-2.32	13.94	-0.06	1.72	40448	-0.000	0.015	-0.090	-0.019	-0.004	7.018
3.806	-0.007	0.010	0.001	-0.24	1.36	-2.31	15.22	1.93	2.47	40529	-0.001	0.015	-0.087	-0.019	-0.004	7.024
3.817	-0.008	0.010	0.001	-0.09	1.33	-2.28	14.35	10.51	2.40	40428	-0.001	0.015	-0.084	-0.019	-0.005	7.031
3.826	-0.005	0.010	0.001	0.07	1.10	-2.27	18.58	16.43	2.49	40298	-0.001	0.015	-0.081	-0.020	-0.005	7.037
3.837	-0.002	0.014	0.001	0.10	0.80	-2.27	11.37	12.87	2.12	40211	-0.000	0.015	-0.078	-0.020	-0.005	7.043
3.846	-0.003	0.015	0.001	0.19	0.69	-2.25	9.46	9.22	2.46	40335	0.000	0.015	-0.075	-0.020	-0.005	7.049
3.857	-0.003	0.015	0.001	0.28	0.59	-2.23	10.47	17.66	3.83	40392	0.001	0.016	-0.072	-0.020	-0.005	7.054
3.866	-0.001	0.017	0.001	0.32	0.31	-2.21	-8.15	8.20	3.74	40540	0.001	0.016	-0.069	-0.020	-0.005	7.060
3.872	-0.001	0.017	0.001	0.25	0.21	-2.17	-12.80	25.13	6.54	40674	0.001	0.017	-0.066	-0.020	-0.005	7.065
3.882	0.000	0.018	0.001	0.10	-0.10	-2.11	-11.29	39.78	8.44	40757	0.002	0.017	-0.063	-0.020	-0.005	7.070
3.897	-0.001	0.018	0.001	-0.03	-0.42	-2.02	-20.54	18.64	8.98	40984	0.002	0.018	-0.060	-0.021	-0.005	7.074
3.907	0.002	0.018	0.001	-0.20	-0.75	-1.95	-8.08	19.97	6.45	41033	0.003	0.018	-0.057	-0.021	-0.005	7.079
3.914	0.002	0.018	0.001	-0.29	-0.94	-1.88	-6.08	9.63	6.33	41039	0.003	0.019	-0.055	-0.021	-0.005	7.083
3.923	0.002	0.017	0.001	-0.27	-1.05	-1.81	5.52	1.32	7.83	41050	0.004	0.019	-0.052	-0.021	-0.005	7.087
3.936	0.002	0.019	0.001	-0.27	-1.09	-1.74	15.13	0.20	8.53	43260	0.004	0.019	-0.049	-0.021	-0.005	7.091
3.947	0.002	0.018	0.001	-0.10	-1.09	-1.65	7.18	-0.77	6.67	43276	0.004	0.020	-0.046	-0.021	-0.005	7.094
3.958	0.003	0.019	0.000	-0.03	-1.13	-1.59	3.99	8.96	5.95	43356	0.005	0.020	-0.044	-0.021	-0.005	7.098
3.964	0.000	0.024	0.000	-0.17	-1.09	-1.55	-0.21	7.63	7.13	43455	0.005	0.021	-0.041	-0.021	-0.005	7.101
3.975	0.000	0.032	-0.000	-0.47	-1.16	-1.55	12.42	12.22	8.06	43663	0.005	0.023	-0.038	-0.021	-0.005	7.104
3.987	-0.001	0.041	-0.001	-0.71	-1.19	-1.54	18.01	4.11	8.36	43711	0.004	0.025	-0.035	-0.022	-0.004	7.106
3.997	-0.001	0.042	-0.001	-0.52	-1.25	-1.46	30.71	8.74	8.21	43824	0.004	0.028	-0.033	-0.022	-0.003	7.109
4.007	-0.001	0.045	-0.002	-0.47	-1.37	-1.46	31.54	0.65	6.32	43769	0.004	0.031	-0.030	-0.022	-0.002	7.111
4.016	-0.000	0.051	-0.002	-0.15	-1.38	-1.39	43.82	-9.30	7.54	43946	0.004	0.034	-0.027	-0.022	-0.001	7.113
4.027	-0.004	0.054	-0.002	0.25	-1.16	-1.31	54.44	-8.37	4.82	43761	0.003	0.037	-0.024	-0.023	-0.001	7.114
4.037	-0.004	0.062	-0.003	0.55	-1.04	-1.32	47.69	-8.59	3.57	44009	0.003	0.041	-0.022	-0.023	0.001	7.116
4.047	-0.008	0.069	-0.005	0.78	-0.81	-1.34	48.18	-1.13	3.10	44041	0.002	0.045	-0.019	-0.024	0.002	7.117
4.056	-0.006	0.069	-0.002	1.39	-0.89	-1.28	41.88	-0.36	3.74	44333	0.001	0.048	-0.017	-0.024	0.003	7.118
4.066	-0.006	0.071	-0.002	1.82	-0.88	-1.25	39.07	3.22	2.65	43804	0.001	0.052	-0.014	-0.024	0.004	7.119
4.077	-0.011	0.079	-0.003	1.98	-0.67	-1.25	42.38	4.90	5.18	44039	-0.000	0.056	-0.011	-0.025	0.005	7.120
4.087	-0.012	0.080	-0.003	2.49	-0.72	-1.17	42.89	5.98	4.80	43887	-0.002	0.060	-0.008	-0.025	0.006	7.120
4.097	-0.011	0.078	-0.001	3.08	-0.85	-1.08	44.02	4.40	7.33	43603	-0.002	0.063	-0.005	-0.026	0.007	7.120
4.107	-0.009	0.076	0.000	3.71	-0.98	-0.96	46.52	10.79	9.88	43432	-0.003	0.065	-0.002	-0.026	0.007	7.120
4.116	-0.009	0.078	0.001	4.18	-1.07	-0.85	45.92	19.30	13.53	43327	-0.004	0.067	0.001	-0.026	0.008	7.120
4.124	-0.007	0.077	0.001	4.75	-1.33	-0.69	43.90	19.63	15.31	43184	-0.004	0.069	0.004	-0.026	0.008	7.120
4.134	-0.008	0.076	0.002	5.32	-1.46	-0.46	31.52	19.53	15.16	43082	-0.004	0.071	0.007	-0.027	0.009	7.120
4.147	-0.005	0.075	0.002	5.70	-1.79	-0.32	15.50	17.46	12.95	45177	-0.004	0.072	0.010	-0.027	0.009	7.119
4.157	-0.010	0.081	0.002	5.68	-1.74	-0.17	0.02	14.41	13.45	45391	-0.005	0.073	0.013	-0.027	0.009	7.118
4.165	-0.008	0.080	0.003	5.80	-1.94	-0.01	-7.48	12.86	10.85	45440	-0.006	0.075	0.017	-0.027	0.009	7.117
4.176	-0.013	0.077	0.003	5.92	-1.87	0.26	-15.48	8.22	10.11	45437	-0.006	0.075	0.020	-0.027	0.009	7.116
4.187	-0.014	0.076	0.004	5.84	-1.90	0.41	-24.77	-1.26	8.53	45473	-0.007	0.076	0.023	-0.028	0.009	7.115
4.198	-0.015	0.071	0.002	5.83	-1.85	0.60	-40.17	-11.48	8.20	45553	-0.008	0.075	0.026	-0.028	0.009	7.113
4.206	-0.015	0.068	0.003	5.56	-1.71	0.72	-52.03	-18.42	7.87	45875	-0.009	0.074	0.029	-0.028	0.009	7.111
4.215	-0.016	0.062	0.002	5.29	-1.51	0.88	-60.21	-23.58	6.91	46002	-0.010	0.073	0.031	-0.029	0.008	7.109
4.226	-0.017	0.062	0.003	4.68	-1.23	0.95	-69.07	-18.91	5.56	45974	-0.011	0.071	0.034	-0.029	0.008	7.106
4.235	-0.016	0.059	0.002	4.12	-1.10	1.00	-65.32	-17.42	4.60	46044	-0.012	0.070	0.037	-0.029	0.007	7.104
4.246	-0.016	0.056	0.002	3.55	-0.89	1.08	-53.13	-20.39	2.88	46266	-0.013	0.068	0.039	-0.029	0.007	7.101
4.256	-0.017	0.051	0.002	3.17	-0.68	1.17	-40.92	-22.85	2.52	46274	-0.013	0.065	0.042	-0.029	0.006	7.098
4.266	-0.016	0.049	0.002	2.80	-0.47	1.18	-31.96	-15.47	2.36	46184	-0.014	0.063	0.045	-0.030	0.005	7.094
4.276	-0.015	0.042	0.001	2.67	-0.36	1.24	-26.04	-9.24	2.20	46186	-0.014	0.060	0.047	-0.030	0.004	7.091
4.286	-0.015	0.041	0.001	2.41	-0.26	1.26	-25.29	-3.65	0.72	46189	-0.014	0.057	0.050	-0.030	0.004	7.087
4.296	-0.020	0.036	0.001	2.30	-0.01	1.44	-29.75	-1.75	-0.14	46253	-0.015	0.054	0.052	-0.030	0.003	7.083
4.307	-0.020	0.035	0.002	1.96	-0.02	1.41	-32.19	-2.69	-0.69	46149	-0.016	0.051	0.055	-0.030	0.002	7.079
4.317	-0.019	0.034	0.003	1.58	-0.04	1.36	-31.65	-4.70	-0.29	45987	-0.017	0.048	0.058	-0.030	0.001	7.075
4.327	-0.019	0.032	0.003	1.26	0.00	1.35	-34.84	-4.62	-1.75	45884	-0.017	0.046	0.061	-0.030	0.000	7.071
4.337	-0.018	0.034	0.005	0.77	0.02	1.27	-37.44	0.03	-1.44	45731	-0.018	0.043	0.064	-0.030	-0.000	7.066
4.343	-0.019	0.031	0.005	0.42	0.03	1.28	-37.71	11.00	-0.21	45673	-0.018	0.041	0.067	-0.030	-0.001	7.062
4.356	-0.019	0.033	0.007	-0.10	-0.04	1.25	-42.66	19.17	0.21	47553	-0.018	0.039	0.070	-0.030	-0.001	7.057
4.367	-0.020	0.031	0.010	-0.52	-0.23	1.25	-48.18	25.27	0.64	47455	-0.019	0.038	0.073	-0.030	-0.001	7.052
4.374	-0.019	0.028	0.011	-0.92	-0.51	1.26	-48.53	25.49	-0.49	46980	-0.019	0.036	0.077	-0.030	-0.002	7.047
4.386	-0.019	0.028	0.013	-1.51	-0.78	1.21	-42.45	21.68	-0.76	46870	-0.020	0.034	0.081	-0.030	-0.002	7.042
4.397	-0.018	0.026	0.014	-1.92	-1.03	1.19	-32.22	16.00	-1.13	46775	-0.020	0.032	0.084	-0.030	-0.002	7.037
4.406	-0.017	0.026	0.015	-2.31	-1.23	1.14	-18.97	10.28	-1.23	46620	-0.020	0.031	0.088	-0.030	-0.002	7.031
4.416	-0.018	0.031	0.017	-2.77	-1.29	1.07	-7.98	4.03	-1.86	46361	-0.020	0.030	0.092	-0.030	-0.002	7.025
4.426	-0.018	0.031	0.018	-2.87	-1.35	1.04	4.01	-1.28	-2.69	46297	-0.020	0.029	0.095	-0.030	-0.002	7.020
4.433	-0.016	0.029	0.020	-2.80	-1.42	1.00	15.91	-1.17	-2.89	46189	-0.020	0.029	0.099	-0.030	-0.002	7.013
4.447	-0.017	0.028	0.021	-2.65	-1.35	0.98	24.94	-0.68	-4.06	46061	-0.020	0.028	0.103	-0.029	-0.002	7.007
4.457	-0.016	0.027	0.024	-2.43	-1.39	0.93	29.24	0.59	-4.78	45946	-0.020	0.027	0.107	-0.029	-0.002	7.001
4.468	-0.016	0.030	0.026	-2.29	-1.38	0.84	30.48	-1.89	-5.24	45561	-0.020	0.027	0.111	-0.029	-0.002	6.995
4.476	-0.015	0.030	0.027	-2.00	-1.39	0.79	26.75	-4.36	-6.70	45462	-0.020	0.027	0.114	-0.029	-0.002	6.988
4.486	-0.014	0.028	0.029	-1.70	-1.35	0.73	22.09	-8.54	-7.96	45368	-0.020	0.026	0.118	-0.028	-0.002	6.981
4.497	-0.014	0.025	0.033	-1.36	-1.26	0.68	17.62	-18.86	-8.16	45311	-0.019	0.026	0.122	-0.028	-0.002	6.974
4.507	-0.014	0.024	0.035	-1.17	-1.08	0.61	15.75	-24.12	-7.93	44707	-0.019	0.025	0.127	-0.028	-0.002	6.968
4.516	-0.011	0.018	0.037	-0.80	-0.94	0.59	13.18	-29.13	-6.93	44728	-0.019	0.024	0.131	-0.027	-0.002	6.960
4.527	-0.011	0.017	0.039	-0.69	-0.63	0.51	10.43	-30.17	-6.12	44625	-0.018	0.022	0.134	-0.027	-0.003	6.953
4.536	-0.011	0.016	0.041	-0.58	-0.31	0.46	1.61	-29.17	-6.05	44548	-0.018	0.021	0.138	-0.027	-0.003	6.946
4.547	-0.011	0.016	0.047	-0.60	0.01	0.39	-6.18	-24.51	-6.45	44466	-0.017	0.020	0.143	-0.026	-0.003	6.938
4.554	-0.008	0.011	0.048	-0.49	0.15	0.36	-11.02	-16.49	-6.55	43842	-0.016	0.019	0.147	-0.026	-0.003	6.931
4.566	-0.008	0.010	0.050	-0.60	0.36	0.30	-12.46	-7.09	-6.34	45938	-0.016	0.017	0.151	-0.026	-0.004	6.923
4.577	-0.007	0.007	0.052	-0.67	0.42	0.25	-13.09	1.57	-6.03	45987	-0.015	0.015	0.155	-0.025	-0.004	6.915
4.583	-0.006	0.006	0.055	-0.80	0.41	0.19	-14.01	5.63	-4.91	45982	-0.014	0.014	0.160	-0.025	-0.005	6.908
4.594	-0.006	0.004	0.057	-0.88	0.36	0.15	-13.26	7.43	-4.92	45862	-0.014	0.012	0.164	-0.024	-0.005	6.899
4.606	-0.006	0.004	0.059	-1.07	0.30	0.09	-9.52	2.25	-5.13	45829	-0.013	0.011	0.168	-0.024	-0.005	6.891
4.616	-0.005	0.004	0.061	-1.22	0.27	0.03	-1.72	-5.36	-6.01	45797	-0.013	0.009	0.172	-0.024	-0.006	6.883
4.625	-0.005	0.003	0.063	-1.22	0.35	-0.03	5.33	-10.20	-6.47	45791	-0.012	0.008	0.176	-0.023	-0.006	6.874
4.636	-0.005	0.001	0.067	-1.17	0.44	-0.09	8.61	-14.99	-7.07	45502	-0.011	0.007	0.180	-0.023	-0.006	6.866
4.646	-0.004	0.000	0.069	-1.08	0.59	-0.16	8.66	-16.00	-6.29	45490	-0.011	0.006	0.184	-0.023	-0.006	6.857
4.655	-0.004	0.000	0.071	-1.04	0.76	-0.22	6.96	-13.64	-6.17	45460	-0.010	0.005	0.188	-0.022	-0.007	6.848
4.666	-0.004	-0.001	0.073	-0.93	0.93	-0.28	3.16	-8.98	-6.48	45469	-0.010	0.003	0.192	-0.022	-0.007	6.839
4.676	-0.004	-0.003	0.078	-0.88	1.03	-0.35	-2.05	-3.96	-6.18	45464	-0.009	0.002	0.196	-0.022	-0.007	6.830
4.687	-0.004	-0.003	0.080	-0.93	1.07	-0.41	-6.33	2.26	-5.90	44840	-0.009	0.001	0.201	-0.021	-0.007	6.821
4.692	-0.004	-0.003	0.082	-1.01	1.07	-0.47	-8.46	5.67	-6.88	44821	-0.009	0.000	0.205	-0.021	-0.007	6.812
4.707	-0.004	-0.004	0.084	-1.09	1.02	-0.54	-8.88	7.18	-6.00	44813	-0.008	-0.001	0.209	-0.021	-0.008	6.802
4.716	-0.003	-0.004	0.090	-1.21	0.95	-0.61	-6.78	6.07	-5.62	44783	-0.008	-0.001	0.213	-0.021	-0.008	6.793
4.725	-0.003	-0.006	0.092	-1.22	0.90	-0.66	-1.78	2.12	-3.96	44146	-0.007	-0.002	0.218	-0.021	-0.008	6.783
4.735	-0.003	-0.007	0.095	-1.24	0.89	-0.70	1.05	-0.16	-3.34	44157	-0.007	-0.003	0.222	-0.020	-0.008	6.774
4.746	-0.004	-0.007	0.097	-1.27	0.91	-0.74	0.93	-2.58	-2.88	44168	-0.007	-0.004	0.226	-0.020	-0.008	6.764
4.756	-0.003	-0.006	0.099	-1.29	0.93	-0.77	0.62	-3.51	-2.46	44187	-0.007	-0.005	0.230	-0.020	-0.008	6.754
4.767	-0.003	-0.006	0.103	-1.31	0.96	-0.79	0.31	-2.89	-1.71	44196	-0.006	-0.005	0.234	-0.020	-0.008	6.744
4.776	-0.003	-0.008	0.105	-1.26	0.99	-0.81	-1.15	-2.83	-0.84	45992	-0.006	-0.006	0.238	-0.020	-0.008	6.734
4.787	-0.002	-0.008	0.107	-1.29	0.99	-0.81	-0.14	-2.63	-0.13	46043	-0.006	-0.007	0.242	-0.020	-0.009	6.724
4.793	-0.002	-0.009	0.109	-1.29	1.04	-0.82	-0.02	-1.68	0.03	46102	-0.005	-0.007	0.246	-0.019	-0.009	6.713
4.803	-0.003	-0.009	0.107	-1.31	1.07	-0.82	0.48	0.23	1.35	46141	-0.005	-0.008	0.249	-0.019	-0.009	6.703
4.816	-0.003	-0.010	0.109	-1.31	1.07	-0.81	1.77	4.29	1.80	46940	-0.005	-0.008	0.252	-0.019	-0.009	6.692
4.826	-0.003	-0.010	0.111	-1.29	1.03	-0.79	4.38	10.73	1.54	46969	-0.005	-0.009	0.255	-0.019	-0.009	6.681
4.836	-0.003	-0.010	0.113	-1.24	0.92	-0.78	5.37	14.08	2.28	46989	-0.004	-0.009	0.258	-0.019	-0.009	6.670
4.847	-0.002	-0.011	0.115	-1.20	0.76	-0.75	5.31	14.99	2.77	46997	-0.004	-0.010	0.262	-0.019	-0.009	6.659
4.857	-0.002	-0.010	0.113	-1.17	0.62	-0.73	4.03	14.52	3.40	47539	-0.004	-0.010	0.264	-0.019	-0.009	6.647
4.867	-0.002	-0.010	0.115	-1.16	0.47	-0.70	2.22	13.69	3.73	47558	-0.004	-0.010	0.267	-0.019	-0.009	6.636
4.876	-0.003	-0.010	0.116	-1.13	0.37	-0.67	1.77	10.18	4.41	47591	-0.004	-0.010	0.270	-0.019	-0.009	6.624
4.887	-0.003	-0.017	0.118	-0.88	0.27	-0.64	1.36	5.73	4.65	47651	-0.004	-0.011	0.273	-0.019	-0.009	6.612
4.896	-0.003	-0.016	0.117	-0.92	0.20	-0.59	1.90	2.41	4.85	47653	-0.004	-0.012	0.275	-0.019	-0.010	6.600
4.907	-0.003	-0.017	0.119	-0.87	0.18	-0.54	1.77	-0.10	5.48	48077	-0.003	-0.013	0.278	-0.019	-0.010	6.588
4.911	-0.004	-0.018	0.120	-0.87	0.21	-0.49	1.45	-2.16	6.08	48080	-0.004	-0.014	0.280	-0.019	-0.010	6.576
4.926	-0.004	-0.018	0.122	-0.85	0.22	-0.43	1.65	-3.93	6.11	48073	-0.004	-0.014	0.283	-0.019	-0.010	6.564
4.936	-0.004	-0.018	0.121	-0.86	0.26	-0.37	-0.98	-4.46	5.98	48045	-0.004	-0.015	0.285	-0.019	-0.010	6.551
4.946	-0.002	-0.018	0.122	-0.89	0.23	-0.30	-1.95	-5.26	6.90	48444	-0.003	-0.015	0.287	-0.019	-0.010	6.539
4.957	-0.004	-0.018	0.123	-0.92	0.34	-0.23	-3.41	-3.80	6.80	48430	-0.003	-0.016	0.290	-0.019	-0.011	6.526
4.965	-0.002	-0.018	0.125	-0.97	0.32	-0.15	-4.00	-1.10	6.95	48411	-0.003	-0.016	0.292	-0.019	-0.011	6.513
4.976	-0.002	-0.018	0.126	-1.04	0.33	-0.08	-3.98	2.14	7.08	50425	-0.003	-0.017	0.295	-0.019	-0.011	6.501
4.988	-0.002	-0.018	0.126	-1.07	0.31	-0.01	-2.02	5.34	6.97	50419	-0.003	-0.017	0.297	-0.018	-0.011	6.488
4.996	-0.003	-0.018	0.127	-1.08	0.28	0.06	0.07	5.44	6.58	50692	-0.003	-0.017	0.300	-0.018	-0.011	6.475
5.007	-0.004	-0.018	0.128	-1.09	0.25	0.12	2.66	7.20	6.67	50646	-0.003	-0.017	0.302	-0.019	-0.011	6.461
5.012	-0.004	-0.016	0.130	-1.16	0.19	0.19	3.88	6.13	6.84	50576	-0.003	-0.017	0.305	-0.019	-0.011	6.448
5.026	-0.005	-0.018	0.128	-1.03	0.13	0.25	4.86	5.52	6.56	50495	-0.003	-0.017	0.307	-0.019	-0.011	6.434
5.035	-0.003	-0.019	0.130	-0.98	0.01	0.33	4.89	3.91	6.37	50944	-0.003	-0.018	0.310	-0.019	-0.011	6.421
5.046	-0.004	-0.019	0.131	-0.93	0.01	0.39	5.71	1.85	6.70	50842	-0.003	-0.018	0.312	-0.019	-0.011	6.407
5.053	-0.004	-0.019	0.132	-0.86	0.00	0.45	5.37	0.97	6.33	50724	-0.003	-0.018	0.315	-0.019	-0.011	6.393
5.063	-0.004	-0.018	0.134	-0.85	-0.01	0.52	4.73	-1.49	6.15	50600	-0.003	-0.018	0.317	-0.019	-0.011	6.379
5.076	-0.004	-0.019	0.136	-0.78	0.01	0.58	4.78	-1.98	5.42	50358	-0.003	-0.018	0.320	-0.019	-0.011	6.365
5.085	-0.007	-0.021	0.137	-0.66	0.10	0.62	4.72	-1.90	5.35	50208	-0.004	-0.018	0.323	-0.019	-0.011	6.351
5.093	-0.007	-0.021	0.139	-0.61	0.11	0.67	4.59	-2.48	5.04	50044	-0.004	-0.019	0.326	-0.019	-0.011	6.337
5.104	-0.006	-0.022	0.141	-0.55	0.11	0.73	4.02	-1.46	4.69	49868	-0.004	-0.019	0.329	-0.019	-0.012	6.323
5.116	-0.006	-0.020	0.143	-0.56	0.12	0.77	3.72	0.16	4.30	49685	-0.004	-0.019	0.332	-0.019	-0.012	6.308
5.126	-0.006	-0.021	0.145	-0.50	0.10	0.82	3.11	3.49	3.55	49319	-0.005	-0.019	0.335	-0.019	-0.012	6.294
5.136	-0.006	-0.020	0.147	-0.49	0.07	0.86	0.55	4.54	3.90	49133	-0.005	-0.019	0.338	-0.019	-0.012	6.279
5.144	-0.006	-0.021	0.149	-0.48	0.00	0.90	0.50	6.63	3.63	48935	-0.005	-0.019	0.342	-0.019	-0.012	6.265
5.155	-0.006	-0.021	0.148	-0.47	-0.07	0.93	0.02	7.67	3.11	48751	-0.005	-0.019	0.344	-0.019	-0.012	6.250
5.167	-0.006	-0.021	0.150	-0.47	-0.15	0.96	0.20	8.43	2.58	49267	-0.005	-0.020	0.347	-0.020	-0.012	6.235
5.176	-0.007	-0.021	0.152	-0.48	-0.21	0.98	0.39	6.79	1.94	51170	-0.005	-0.020	0.350	-0.020	-0.012	6.220
5.186	-0.007	-0.021	0.154	-0.48	-0.28	1.00	1.91	5.47	1.33	51006	-0.005	-0.020	0.352	-0.020	-0.012	6.205
5.197	-0.008	-0.023	0.156	-0.38	-0.30	1.01	2.84	2.30	0.67	50849	-0.006	-0.020	0.355	-0.020	-0.012	6.190
5.207	-0.007	-0.023	0.155	-0.35	-0.35	1.02	3.69	-0.12	0.63	50676	-0.006	-0.020	0.358	-0.020	-0.012	6.174
5.216	-0.008	-0.024	0.158	-0.30	-0.31	1.02	4.33	-1.34	0.20	50981	-0.006	-0.021	0.361	-0.020	-0.013	6.159
5.221	-0.007	-0.023	0.160	-0.28	-0.33	1.03	3.10	-3.77	0.70	50826	-0.006	-0.021	0.364	-0.020	-0.013	6.144
5.236	-0.008	-0.023	0.162	-0.25	-0.27	1.03	3.25	-4.21	0.83	50655	-0.007	-0.021	0.367	-0.020	-0.013	6.128
5.246	-0.008	-0.023	0.163	-0.23	-0.23	1.04	3.11	-3.91	0.29	50465	-0.007	-0.021	0.370	-0.020	-0.013	6.112
5.253	-0.008	-0.024	0.165	-0.18	-0.19	1.05	1.78	-3.77	-0.22	50447	-0.007	-0.021	0.373	-0.020	-0.013	6.097
5.263	-0.008	-0.024	0.168	-0.16	-0.15	1.04	2.08	-2.39	-0.56	50256	-0.007	-0.022	0.376	-0.020	-0.013	6.081
5.277	-0.008	-0.024	0.170	-0.14	-0.13	1.04	1.98	-1.74	-0.67	50067	-0.007	-0.022	0.379	-0.020	-0.013	6.065
5.287	-0.009	-0.024	0.173	-0.12	-0.11	1.03	1.50	0.21	-1.23	49858	-0.008	-0.022	0.382	-0.020	-0.013	6.049
5.296	-0.011	-0.029	0.179	0.03	-0.04	1.01	2.03	2.27	-1.24	48991	-0.008	-0.023	0.386	-0.020	-0.014	6.033
5.303	-0.012	-0.029	0.181	0.05	-0.06	1.00	1.65	3.68	-1.73	48760	-0.009	-0.023	0.390	-0.021	-0.014	6.018
5.314	-0.012	-0.029	0.184	0.05	-0.10	0.98	0.85	5.58	-1.36	48534	-0.009	-0.024	0.394	-0.021	-0.014	6.002
5.325	-0.012	-0.028	0.187	0.02	-0.17	0.97	-1.22	5.80	-1.37	48298	-0.010	-0.024	0.397	-0.021	-0.014	5.986
5.337	-0.012	-0.028	0.193	0.01	-0.23	0.96	-2.63	7.27	-1.00	48072	-0.010	-0.025	0.402	-0.021	-0.014	5.970
5.345	-0.012	-0.028	0.196	-0.03	-0.30	0.94	-2.91	7.04	-1.69	47325	-0.010	-0.025	0.406	-0.021	-0.015	5.954
5.354	-0.012	-0.028	0.199	-0.07	-0.37	0.93	-4.79	7.28	-1.02	47104	-0.011	-0.025	0.410	-0.021	-0.015	5.938
5.366	-0.013	-0.028	0.202	-0.12	-0.44	0.92	-5.11	5.18	-1.29	46895	-0.011	-0.026	0.414	-0.021	-0.015	5.922
5.376	-0.012	-0.031	0.208	-0.09	-0.52	0.91	-3.84	5.36	-1.41	46679	-0.011	-0.026	0.418	-0.021	-0.015	5.906
5.382	-0.013	-0.025	0.211	-0.29	-0.55	0.89	-3.60	4.33	-1.67	46040	-0.012	-0.026	0.422	-0.021	-0.015	5.890
5.395	-0.014	-0.025	0.215	-0.35	-0.58	0.87	-2.84	3.25	-1.46	47977	-0.012	-0.026	0.426	-0.021	-0.015	5.874
5.405	-0.014	-0.025	0.218	-0.37	-0.61	0.86	-1.44	2.34	-0.91	47803	-0.013	-0.026	0.430	-0.021	-0.015	5.858
5.415	-0.014	-0.024	0.222	-0.39	-0.62	0.85	0.94	1.12	-0.18	47630	-0.013	-0.025	0.434	-0.021	-0.015	5.842
5.425	-0.014	-0.024	0.226	-0.38	-0.63	0.85	2.95	0.62	-0.22	47458	-0.013	-0.025	0.438	-0.022	-0.015	5.826
5.436	-0.015	-0.024	0.230	-0.35	-0.63	0.85	3.82	-0.16	-0.18	47110	-0.014	-0.025	0.443	-0.022	-0.015	5.809
5.445	-0.014	-0.024	0.233	-0.33	-0.64	0.85	3.34	-0.30	-0.71	46944	-0.014	-0.025	0.447	-0.022	-0.015	5.793
5.457	-0.012	-0.023	0.237	-0.29	-0.69	0.84	5.66	-0.64	-0.38	46764	-0.014	-0.025	0.451	-0.021	-0.015	5.777
5.466	-0.011	-0.026	0.236	-0.17	-0.70	0.84	5.75	-1.27	-0.37	46582	-0.014	-0.025	0.454	-0.021	-0.015	5.760
5.475	-0.019	-0.027	0.240	-0.08	-0.51	0.84	6.46	-1.73	-0.53	47199	-0.015	-0.025	0.457	-0.022	-0.015	5.744
5.481	-0.019	-0.027	0.243	-0.01	-0.49	0.83	6.78	-1.36	-0.67	47058	-0.016	-0.025	0.461	-0.022	-0.015	5.727
5.497	-0.018	-0.026	0.246	0.02	-0.51	0.82	5.43	-0.38	-0.47	46929	-0.016	-0.025	0.464	-0.022	-0.015	5.711
5.506	-0.018	-0.026	0.249	0.08	-0.52	0.82	3.27	1.64	-0.68	46793	-0.017	-0.025	0.468	-0.022	-0.015	5.694
5.512	-0.018	-0.026	0.253	0.11	-0.54	0.81	2.86	2.70	0.22	46711	-0.017	-0.025	0.471	-0.022	-0.015	5.678
5.523	-0.018	-0.026	0.256	0.14	-0.57	0.81	0.45	3.88	0.05	46579	-0.018	-0.025	0.474	-0.022	-0.015	5.661
5.536	-0.018	-0.026	0.260	0.12	-0.62	0.82	0.73	3.92	0.46	46446	-0.018	-0.025	0.478	-0.022	-0.015	5.645
5.545	-0.018	-0.026	0.263	0.13	-0.66	0.82	0.01	4.03	0.09	46313	-0.018	-0.025	0.481	-0.022	-0.015	5.628
5.554	-0.018	-0.026	0.266	0.13	-0.70	0.82	0.41	3.20	-0.73	46190	-0.019	-0.025	0.485	-0.022	-0.015	5.612
5.564	-0.018	-0.025	0.270	0.12	-0.74	0.81	0.61	2.60	-0.41	46064	-0.019	-0.025	0.488	-0.022	-0.015	5.595
5.576	-0.019	-0.027	0.273	0.16	-0.74	0.81	0.30	1.75	-0.51	45931	-0.019	-0.025	0.491	-0.022	-0.015	5.578
5.587	-0.020	-0.027	0.276	0.16	-0.75	0.80	0.82	1.24	-0.88	45792	-0.020	-0.026	0.495	-0.022	-0.015	5.562
5.596	-0.018	-0.027	0.280	0.19	-0.80	0.79	1.56	0.77	-0.63	45663	-0.020	-0.026	0.498	-0.022	-0.015	5.545
5.604	-0.019	-0.028	0.283	0.22	-0.77	0.79	2.30	0.18	-0.65	47640	-0.020	-0.026	0.502	-0.022	-0.015	5.529
5.615	-0.021	-0.014	0.287	-0.06	-0.74	0.77	2.24	-0.38	-0.61	47558	-0.021	-0.025	0.505	-0.022	-0.015	5.512
5.621	-0.021	-0.014	0.290	-0.04	-0.74	0.76	1.04	-1.18	-0.77	47462	-0.021	-0.023	0.508	-0.022	-0.014	5.496
5.635	-0.021	-0.013	0.293	-0.02	-0.73	0.75	2.88	-2.61	-0.41	47362	-0.022	-0.022	0.512	-0.022	-0.014	5.479
5.646	-0.021	-0.013	0.297	0.01	-0.71	0.75	2.67	-3.16	-0.92	47255	-0.022	-0.021	0.515	-0.022	-0.014	5.462
5.655	-0.020	-0.013	0.300	0.06	-0.69	0.74	4.14	-3.66	-0.76	47164	-0.022	-0.020	0.518	-0.022	-0.013	5.446
5.665	-0.019	-0.013	0.303	0.10	-0.67	0.73	5.87	-3.73	-0.79	47053	-0.022	-0.019	0.522	-0.021	-0.013	5.429
5.677	-0.020	-0.012	0.306	0.15	-0.63	0.73	7.24	-3.21	-0.57	46944	-0.023	-0.018	0.525	-0.021	-0.013	5.413
5.682	-0.020	-0.012	0.309	0.22	-0.60	0.72	8.17	-2.57	-0.70	46813	-0.023	-0.017	0.529	-0.021	-0.012	5.396
5.696	-0.020	-0.011	0.312	0.30	-0.57	0.71	9.08	-1.80	-0.77	46809	-0.023	-0.016	0.532	-0.021	-0.012	5.379
5.705	-0.020	-0.011	0.316	0.39	-0.55	0.71	9.37	-1.49	-1.29	46684	-0.023	-0.016	0.535	-0.021	-0.012	5.363
5.716	-0.020	-0.010	0.319	0.46	-0.53	0.69	8.18	-1.62	-1.45	46569	-0.023	-0.015	0.538	-0.021	-0.012	5.346
5.726	-0.020	-0.008	0.320	0.52	-0.52	0.68	9.07	-1.25	-1.58	46448	-0.023	-0.014	0.541	-0.020	-0.011	5.329
5.733	-0.020	-0.007	0.323	0.60	-0.50	0.66	7.87	-1.50	-1.28	46693	-0.023	-0.013	0.544	-0.020	-0.011	5.313
5.746	-0.020	-0.006	0.326	0.67	-0.49	0.65	6.61	-1.19	-1.68	46585	-0.023	-0.012	0.547	-0.020	-0.011	5.296
5.755	-0.019	-0.007	0.330	0.75	-0.48	0.63	5.26	-1.08	-1.45	46481	-0.023	-0.011	0.550	-0.020	-0.011	5.279
5.766	-0.019	-0.006	0.333	0.80	-0.46	0.62	3.98	-1.18	-1.37	46376	-0.023	-0.011	0.553	-0.020	-0.010	5.262
5.772	-0.018	-0.005	0.334	0.81	-0.46	0.60	2.21	-2.04	-1.53	46292	-0.023	-0.010	0.555	-0.019	-0.010	5.246
5.782	-0.018	-0.004	0.337	0.83	-0.44	0.58	0.89	-2.26	-2.15	46546	-0.023	-0.009	0.558	-0.019	-0.010	5.229
5.793	-0.018	-0.004	0.340	0.85	-0.43	0.56	0.74	-1.78	-2.69	46442	-0.023	-0.008	0.561	-0.019	-0.010	5.212
5.806	-0.017	-0.004	0.343	0.85	-0.41	0.53	0.70	-1.97	-2.86	48401	-0.023	-0.008	0.563	-0.019	-0.009	5.195
5.816	-0.017	-0.003	0.344	0.86	-0.39	0.50	0.88	-2.52	-2.82	48327	-0.022	-0.007	0.566	-0.018	-0.009	5.179
5.825	-0.017	-0.003	0.347	0.87	-0.37	0.47	1.23	-2.41	-2.77	48717	-0.022	-0.007	0.569	-0.018	-0.009	5.162
5.835	-0.017	-0.003	0.350	0.89	-0.34	0.44	1.40	-2.76	-3.09	48638	-0.022	-0.006	0.571	-0.018	-0.009	5.145
5.840	-0.016	-0.002	0.353	0.90	-0.31	0.41	2.20	-3.83	-3.01	48550	-0.022	-0.006	0.574	-0.017	-0.009	5.128
5.855	-0.016	-0.002	0.356	0.93	-0.28	0.38	1.74	-2.94	-2.86	48448	-0.022	-0.005	0.577	-0.017	-0.009	5.112
5.867	-0.015	-0.003	0.358	0.95	-0.25	0.35	2.61	-2.42	-2.82	48336	-0.021	-0.005	0.579	-0.017	-0.008	5.095
5.876	-0.016	-0.000	0.361	0.93	-0.20	0.32	1.73	-3.78	-3.04	48350	-0.021	-0.004	0.582	-0.017	-0.008	5.078
5.886	-0.016	0.000	0.364	0.95	-0.17	0.29	0.44	-3.00	-3.62	48224	-0.021	-0.004	0.585	-0.016	-0.008	5.061
5.896	-0.011	-0.000	0.367	0.97	-0.22	0.25	1.34	-2.44	-2.72	48093	-0.020	-0.003	0.588	-0.016	-0.008	5.044
5.905	-0.010	-0.001	0.371	0.99	-0.20	0.22	-0.64	-1.93	-2.50	47949	-0.020	-0.003	0.591	-0.015	-0.008	5.028
5.916	-0.010	-0.001	0.374	0.99	-0.18	0.20	-1.01	-1.99	-2.65	47462	-0.019	-0.003	0.594	-0.015	-0.008	5.011
5.922	-0.009	-0.001	0.377	0.98	-0.17	0.17	-0.93	-2.08	-2.18	47314	-0.018	-0.003	0.597	-0.015	-0.008	4.994
5.932	-0.008	-0.002	0.380	0.98	-0.15	0.15	-2.31	-1.49	-2.54	47159	-0.017	-0.003	0.600	-0.014	-0.007	4.978
5.945	-0.008	-0.001	0.383	0.96	-0.14	0.13	-1.42	-2.98	-1.67	47005	-0.017	-0.003	0.603	-0.014	-0.007	4.961
5.957	-0.008	-0.002	0.391	0.96	-0.10	0.11	-2.25	-2.68	-2.92	46088	-0.016	-0.003	0.607	-0.013	-0.007	4.945
5.964	-0.008	-0.002	0.394	0.93	-0.08	0.08	-2.05	-2.90	-2.45	45923	-0.015	-0.003	0.610	-0.013	-0.007	4.928
5.975	-0.007	-0.002	0.397	0.92	-0.05	0.06	-3.16	-3.64	-1.65	45762	-0.015	-0.003	0.614	-0.012	-0.007	4.912
5.986	-0.007	-0.002	0.401	0.89	-0.02	0.04	-3.65	-3.09	-1.40	45611	-0.014	-0.003	0.617	-0.012	-0.007	4.895
5.996	-0.005	-0.003	0.406	0.86	-0.00	0.02	-3.79	-3.17	-1.64	45456	-0.013	-0.003	0.621	-0.012	-0.007	4.879
6.005	-0.005	-0.003	0.410	0.82	0.03	0.01	-5.17	-2.32	-1.31	44850	-0.013	-0.003	0.624	-0.011	-0.007	4.863
6.015	-0.005	-0.003	0.413	0.77	0.06	-0.01	-5.48	-1.61	-1.54	44706	-0.012	-0.003	0.628	-0.011	-0.007	4.847
6.024	-0.005	-0.003	0.417	0.72	0.07	-0.02	-5.26	-1.48	-1.51	44578	-0.012	-0.004	0.631	-0.011	-0.007	4.830
6.035	-0.004	-0.004	0.423	0.66	0.09	-0.04	-6.56	-2.04	-1.20	44453	-0.011	-0.004	0.635	-0.010	-0.007	4.814
6.046	-0.004	-0.003	0.427	0.60	0.11	-0.05	-6.51	-2.04	-1.09	43741	-0.010	-0.004	0.638	-0.010	-0.007	4.798
6.056	-0.005	-0.003	0.430	0.53	0.15	-0.06	-6.01	-2.48	-0.73	43613	-0.010	-0.004	0.642	-0.010	-0.007	4.782
6.065	-0.004	-0.003	0.434	0.47	0.17	-0.07	-4.77	-1.49	-0.98	43503	-0.010	-0.004	0.645	-0.009	-0.007	4.766
6.076	-0.006	-0.002	0.437	0.41	0.21	-0.07	-5.08	-1.42	-0.58	43404	-0.010	-0.004	0.648	-0.009	-0.007	4.750
6.081	-0.007	-0.002	0.444	0.36	0.24	-0.08	-4.15	-1.19	-0.45	43319	-0.009	-0.004	0.652	-0.009	-0.007	4.734
6.092	-0.009	-0.003	0.447	0.33	0.28	-0.08	-3.23	-0.49	-0.72	42679	-0.010	-0.004	0.655	-0.009	-0.007	4.719
6.106	-0.009	-0.004	0.451	0.30	0.28	-0.09	-1.21	-0.56	-0.36	42588	-0.010	-0.004	0.659	-0.009	-0.007	4.703
6.116	-0.007	-0.003	0.454	0.27	0.28	-0.09	-1.53	0.39	-1.01	42522	-0.010	-0.004	0.662	-0.009	-0.007	4.687
6.123	-0.008	-0.003	0.458	0.26	0.28	-0.11	-0.79	-0.25	-0.56	42474	-0.010	-0.004	0.665	-0.009	-0.007	4.671
6.134	0.006	0.005	0.462	0.16	0.12	-0.13	-1.95	0.85	-1.31	42336	-0.008	-0.004	0.668	-0.008	-0.006	4.656
6.145	0.006	0.005	0.465	0.13	0.11	-0.14	-1.98	0.98	-0.96	42299	-0.007	-0.003	0.671	-0.007	-0.006	4.640
6.156	0.008	0.005	0.468	0.11	0.09	-0.15	-1.28	-0.59	-0.07	42279	-0.005	-0.002	0.673	-0.007	-0.006	4.625
6.165	0.008	0.005	0.472	0.10	0.10	-0.16	-1.12	-1.54	0.23	42264	-0.004	-0.001	0.676	-0.006	-0.005	4.609
6.176	0.009	0.005	0.474	0.09	0.12	-0.15	-0.66	-3.91	0.00	42371	-0.002	-0.001	0.678	-0.005	-0.005	4.594
6.182	0.009	0.005	0.477	0.09	0.16	-0.15	0.50	-4.03	0.14	42391	-0.001	-0.000	0.681	-0.005	-0.005	4.578
6.193	0.011	0.003	0.480	0.12	0.19	-0.15	1.16	-6.07	0.48	42434	0.000	-0.000	0.683	-0.004	-0.004	4.563
6.204	0.011	0.003	0.483	0.13	0.25	-0.14	0.92	-6.27	0.52	42460	0.001	0.000	0.685	-0.004	-0.004	4.547
6.216	0.011	0.002	0.483	0.15	0.32	-0.14	1.61	-6.83	0.39	42501	0.003	0.000	0.687	-0.003	-0.004	4.532
6.224	0.011	0.002	0.486	0.17	0.39	-0.14	1.48	-7.27	0.22	42972	0.004	0.000	0.689	-0.003	-0.004	4.517
6.235	0.012	0.002	0.489	0.18	0.47	-0.13	1.50	-6.72	0.31	43017	0.004	0.000	0.690	-0.003	-0.004	4.501
6.246	0.012	0.002	0.491	0.20	0.54	-0.13	1.60	-6.31	-0.19	43080	0.005	0.000	0.692	-0.002	-0.004	4.486
6.257	0.015	0.001	0.494	0.23	0.58	-0.13	1.57	-5.70	-0.05	43156	0.007	0.000	0.694	-0.002	-0.004	4.471
6.266	0.015	0.001	0.497	0.24	0.63	-0.13	0.96	-4.19	0.32	43032	0.008	0.000	0.695	-0.002	-0.004	4.456
6.273	0.015	0.000	0.499	0.25	0.68	-0.13	-0.36	-2.97	0.61	43098	0.009	-0.000	0.697	-0.001	-0.004	4.441
6.284	0.016	0.000	0.501	0.25	0.71	-0.12	-2.05	-1.33	0.47	43187	0.009	-0.000	0.699	-0.001	-0.004	4.426
6.295	0.018	0.000	0.503	0.22	0.70	-0.12	-3.57	-0.08	-0.04	43270	0.011	-0.000	0.700	-0.000	-0.004	4.411
6.305	0.019	0.000	0.505	0.19	0.70	-0.12	-3.57	1.00	-0.17	43341	0.012	-0.001	0.701	-0.000	-0.004	4.396
6.315	0.020	0.000	0.507	0.16	0.69	-0.12	-4.73	1.02	-0.23	43528	0.013	-0.001	0.703	0.000	-0.004	4.381
6.324	0.020	0.000	0.509	0.11	0.68	-0.13	-3.54	1.14	-0.59	43610	0.014	-0.001	0.704	0.001	-0.004	4.366
6.335	0.021	0.001	0.510	0.07	0.67	-0.13	-3.11	0.68	-0.08	43685	0.015	-0.001	0.705	0.001	-0.004	4.352
6.340	0.022	0.000	0.511	0.05	0.66	-0.14	-2.85	0.75	-0.00	43767	0.016	-0.001	0.706	0.001	-0.004	4.337
6.352	0.023	-0.003	0.513	0.05	0.65	-0.14	-1.92	0.12	-0.13	44020	0.017	-0.001	0.707	0.002	-0.004	4.322
6.365	0.023	-0.003	0.514	0.03	0.65	-0.14	-2.50	0.65	-0.03	44105	0.018	-0.002	0.708	0.002	-0.004	4.307
6.375	0.024	-0.005	0.516	0.02	0.64	-0.14	-1.97	-0.12	-0.24	44202	0.019	-0.002	0.709	0.002	-0.004	4.293
6.386	0.026	-0.007	0.517	0.02	0.63	-0.14	-1.59	-0.48	0.17	44303	0.020	-0.003	0.710	0.002	-0.004	4.278
6.390	0.026	-0.007	0.519	0.00	0.64	-0.14	-1.49	-0.69	-0.11	44411	0.021	-0.004	0.710	0.003	-0.004	4.264
6.402	0.027	-0.007	0.520	-0.01	0.64	-0.14	-2.02	-0.68	-0.05	44496	0.022	-0.005	0.711	0.003	-0.004	4.249
6.415	0.027	-0.007	0.521	-0.03	0.65	-0.14	-1.92	-0.46	0.25	44581	0.023	-0.005	0.712	0.003	-0.004	4.235
6.425	0.028	-0.008	0.522	-0.05	0.65	-0.14	-2.40	-0.91	0.09	44655	0.024	-0.006	0.712	0.003	-0.005	4.220
6.432	0.028	-0.009	0.523	-0.07	0.67	-0.13	-2.69	-1.12	0.33	44733	0.024	-0.006	0.713	0.004	-0.005	4.206
6.443	0.028	-0.009	0.524	-0.10	0.68	-0.13	-3.49	-0.24	0.42	44837	0.025	-0.007	0.713	0.004	-0.005	4.192
6.455	0.028	-0.008	0.525	-0.14	0.68	-0.12	-2.25	-0.38	0.83	44918	0.026	-0.007	0.714	0.004	-0.005	4.177
6.463	0.028	-0.008	0.526	-0.17	0.68	-0.12	-4.47	0.59	0.97	44988	0.026	-0.008	0.714	0.004	-0.005	4.163
6.474	0.029	-0.008	0.526	-0.22	0.67	-0.11	-2.72	2.16	0.83	45062	0.027	-0.008	0.715	0.004	-0.005	4.149
6.485	0.029	-0.009	0.527	-0.24	0.65	-0.10	-1.99	1.39	1.24	45300	0.028	-0.008	0.715	0.004	-0.005	4.135
6.497	0.029	-0.011	0.528	-0.25	0.64	-0.09	-2.27	1.73	1.04	45358	0.028	-0.009	0.715	0.004	-0.005	4.120
6.502	0.030	-0.011	0.529	-0.27	0.62	-0.08	-2.89	1.02	1.74	45421	0.029	-0.009	0.715	0.004	-0.005	4.106
6.516	0.036	-0.013	0.529	-0.28	0.56	-0.07	-2.16	1.27	1.13	45495	0.030	-0.010	0.716	0.004	-0.005	4.092
6.525	0.036	-0.013	0.530	-0.30	0.55	-0.06	-2.78	1.19	0.32	45565	0.031	-0.011	0.716	0.005	-0.005	4.078
6.533	0.037	-0.014	0.530	-0.33	0.53	-0.05	-0.46	1.04	1.10	45721	0.032	-0.011	0.716	0.005	-0.005	4.064
6.543	0.037	-0.014	0.531	-0.34	0.52	-0.04	-0.35	0.10	1.04	45776	0.033	-0.012	0.716	0.005	-0.006	4.050
6.554	0.038	-0.015	0.531	-0.33	0.52	-0.03	0.35	-0.66	1.03	45840	0.034	-0.012	0.716	0.005	-0.006	4.036
6.565	0.039	-0.015	0.531	-0.32	0.52	-0.02	1.18	-0.83	1.36	45897	0.035	-0.013	0.716	0.006	-0.006	4.022
6.574	0.042	-0.018	0.531	-0.30	0.51	-0.01	1.23	-1.11	1.33	46150	0.036	-0.014	0.716	0.006	-0.006	4.008
6.586	0.042	-0.018	0.532	-0.29	0.52	0.00	0.08	-1.49	0.96	46202	0.038	-0.015	0.716	0.006	-0.006	3.994
6.596	0.043	-0.018	0.532	-0.30	0.54	0.01	-1.22	-2.16	0.90	46259	0.039	-0.015	0.715	0.006	-0.006	3.980
6.605	0.042	-0.019	0.531	-0.29	0.57	0.02	-0.64	-3.44	0.76	46295	0.040	-0.016	0.715	0.006	-0.006	3.966
6.614	0.042	-0.021	0.531	-0.30	0.61	0.03	-2.05	-2.70	0.81	46556	0.040	-0.017	0.715	0.006	-0.007	3.952
6.625	0.042	-0.021	0.532	-0.31	0.64	0.03	-0.71	-2.56	0.57	46603	0.041	-0.018	0.715	0.006	-0.007	3.938
6.637	0.044	-0.022	0.532	-0.31	0.65	0.04	-0.54	-3.49	0.45	46660	0.042	-0.018	0.714	0.007	-0.007	3.924
6.641	0.045	-0.022	0.532	-0.32	0.68	0.04	-0.34	-2.69	0.44	46699	0.043	-0.019	0.714	0.007	-0.007	3.910
6.653	0.045	-0.023	0.531	-0.32	0.71	0.05	-0.67	-1.21	0.56	46721	0.044	-0.020	0.714	0.007	-0.007	3.897
6.666	0.046	-0.023	0.532	-0.33	0.72	0.05	-3.07	-0.80	0.80	46891	0.045	-0.020	0.713	0.007	-0.007	3.883
6.676	0.045	-0.027	0.532	-0.33	0.73	0.06	-2.05	0.49	0.84	46928	0.045	-0.022	0.713	0.007	-0.008	3.869
6.684	0.046	-0.027	0.532	-0.35	0.72	0.07	-3.56	1.02	0.57	46955	0.046	-0.022	0.713	0.007	-0.008	3.855
6.696	0.048	-0.023	0.531	-0.42	0.69	0.08	-2.76	1.76	1.11	46966	0.047	-0.023	0.712	0.007	-0.008	3.842
6.705	0.049	-0.023	0.531	-0.44	0.67	0.09	-0.99	1.66	0.62	47198	0.048	-0.023	0.712	0.007	-0.008	3.828
6.714	0.049	-0.023	0.531	-0.46	0.65	0.09	-0.89	1.96	0.44	47215	0.049	-0.023	0.711	0.007	-0.008	3.814
6.725	0.049	-0.024	0.531	-0.46	0.63	0.10	0.77	1.28	0.41	47228	0.049	-0.024	0.711	0.007	-0.008	3.800
6.737	0.048	-0.028	0.531	-0.43	0.64	0.10	0.45	0.74	0.43	47231	0.050	-0.024	0.711	0.007	-0.008	3.787
6.742	0.048	-0.028	0.534	-0.43	0.64	0.11	-0.02	0.13	0.36	47230	0.050	-0.025	0.711	0.007	-0.008	3.773
6.755	0.047	-0.029	0.534	-0.42	0.64	0.11	0.79	-0.26	0.36	46813	0.050	-0.026	0.711	0.007	-0.008	3.760
6.764	0.048	-0.030	0.534	-0.41	0.64	0.11	-0.20	-0.52	0.52	46807	0.051	-0.027	0.711	0.006	-0.009	3.747
6.775	0.049	-0.031	0.534	-0.41	0.63	0.12	-0.74	0.28	0.53	46794	0.051	-0.027	0.711	0.006	-0.009	3.733
6.784	0.049	-0.031	0.535	-0.41	0.63	0.12	-1.92	1.56	0.54	46774	0.052	-0.028	0.711	0.006	-0.009	3.720
6.795	0.051	-0.029	0.536	-0.45	0.60	0.13	-1.52	1.78	0.20	46553	0.052	-0.028	0.711	0.006	-0.009	3.707
6.801	0.051	-0.029	0.536	-0.46	0.59	0.13	-1.12	1.84	0.22	46531	0.053	-0.029	0.711	0.006	-0.009	3.693
6.815	0.051	-0.029	0.536	-0.47	0.57	0.13	-1.52	1.77	0.28	46522	0.053	-0.029	0.711	0.006	-0.009	3.680
6.826	0.051	-0.030	0.537	-0.49	0.55	0.13	-1.32	1.60	0.28	46498	0.054	-0.029	0.711	0.006	-0.009	3.667
6.835	0.051	-0.030	0.537	-0.50	0.53	0.14	-1.18	1.53	-0.02	46508	0.054	-0.030	0.711	0.006	-0.009	3.654
6.843	0.052	-0.030	0.537	-0.51	0.52	0.14	-0.86	1.64	-0.01	46486	0.055	-0.030	0.710	0.005	-0.009	3.641
6.855	0.052	-0.030	0.537	-0.51	0.50	0.14	-0.94	1.56	0.29	46470	0.055	-0.030	0.710	0.005	-0.009	3.628
6.864	0.052	-0.030	0.538	-0.52	0.49	0.14	-0.37	1.58	0.23	46454	0.055	-0.030	0.710	0.005	-0.009	3.614
6.875	0.052	-0.032	0.537	-0.51	0.47	0.14	-0.12	1.84	0.43	46441	0.056	-0.031	0.710	0.005	-0.009	3.601
6.885	0.052	-0.032	0.537	-0.51	0.45	0.14	-0.81	1.98	0.42	46605	0.056	-0.031	0.710	0.005	-0.009	3.588
6.892	0.054	-0.030	0.537	-0.53	0.42	0.15	0.58	2.82	0.07	46583	0.056	-0.031	0.709	0.005	-0.009	3.575
6.905	0.055	-0.030	0.538	-0.53	0.39	0.15	0.20	2.65	-0.12	46569	0.057	-0.031	0.709	0.005	-0.009	3.562
6.915	0.055	-0.031	0.539	-0.53	0.37	0.15	1.20	1.58	0.43	46561	0.057	-0.031	0.709	0.004	-0.009	3.549
6.921	0.055	-0.031	0.539	-0.51	0.35	0.15	1.57	0.53	0.02	46390	0.058	-0.032	0.709	0.004	-0.009	3.536
6.935	0.053	-0.033	0.539	-0.48	0.36	0.15	2.34	0.34	-0.01	46359	0.058	-0.032	0.709	0.004	-0.009	3.524
6.944	0.053	-0.033	0.540	-0.46	0.36	0.15	2.83	0.27	-0.22	46346	0.058	-0.032	0.709	0.004	-0.009	3.511
6.953	0.055	-0.031	0.540	-0.45	0.34	0.15	1.50	0.73	-0.21	46338	0.058	-0.032	0.708	0.004	-0.009	3.498
6.962	0.055	-0.031	0.540	-0.43	0.33	0.15	0.90	0.96	-0.11	46322	0.059	-0.032	0.708	0.003	-0.009	3.485
6.974	0.055	-0.033	0.540	-0.41	0.32	0.15	0.35	1.70	0.06	46384	0.059	-0.033	0.708	0.003	-0.009	3.473
6.985	0.055	-0.033	0.541	-0.41	0.31	0.15	-0.20	2.12	-0.07	46365	0.059	-0.033	0.708	0.003	-0.009	3.460
6.994	0.056	-0.031	0.541	-0.43	0.28	0.15	-0.30	1.96	0.01	46345	0.060	-0.033	0.707	0.003	-0.009	3.447
7.004	0.056	-0.031	0.540	-0.43	0.26	0.15	-0.77	2.27	0.10	46334	0.060	-0.033	0.707	0.003	-0.009	3.435
7.014	0.054	-0.031	0.540	-0.43	0.25	0.15	-0.88	2.26	-0.03	46637	0.060	-0.033	0.706	0.002	-0.009	3.422
7.025	0.054	-0.031	0.540	-0.44	0.23	0.15	-0.70	1.67	-0.15	46618	0.060	-0.033	0.706	0.002	-0.009	3.409
7.035	0.054	-0.031	0.540	-0.44	0.21	0.15	1.03	0.81	-0.33	46604	0.060	-0.033	0.706	0.002	-0.009	3.397
7.044	0.054	-0.033	0.540	-0.42	0.21	0.14	1.32	0.04	-0.89	46604	0.060	-0.033	0.705	0.001	-0.009	3.384
7.055	0.054	-0.032	0.540	-0.42	0.21	0.13	2.62	0.09	-1.28	46699	0.060	-0.033	0.705	0.001	-0.009	3.372
7.063	0.054	-0.032	0.540	-0.39	0.20	0.12	2.00	0.82	-1.06	46685	0.060	-0.033	0.704	0.001	-0.009	3.359
7.074	0.054	-0.032	0.541	-0.37	0.19	0.11	1.74	1.00	-0.80	46685	0.060	-0.033	0.704	0.001	-0.009	3.347
7.085	0.054	-0.032	0.541	-0.34	0.18	0.10	2.83	1.46	-0.45	46684	0.060	-0.033	0.704	0.000	-0.009	3.335
7.095	0.054	-0.032	0.540	-0.32	0.17	0.10	2.87	1.44	-0.95	46680	0.060	-0.033	0.703	0.000	-0.009	3.322
7.103	0.054	-0.032	0.540	-0.29	0.16	0.09	2.32	1.68	-1.09	46876	0.060	-0.033	0.702	-0.000	-0.008	3.310
7.115	0.054	-0.035	0.540	-0.25	0.14	0.08	2.48	0.98	-1.10	46863	0.060	-0.033	0.702	-0.001	-0.009	3.298
7.124	0.055	-0.035	0.540	-0.23	0.13	0.06	2.54	0.74	-1.27	46835	0.060	-0.033	0.702	-0.001	-0.009	3.285
7.132	0.055	-0.035	0.542	-0.20	0.12	0.05	2.38	0.67	-1.57	46822	0.060	-0.033	0.701	-0.001	-0.009	3.273
7.145	0.055	-0.035	0.542	-0.18	0.12	0.03	1.68	-0.29	-1.78	46567	0.060	-0.034	0.701	-0.001	-0.009	3.261
7.155	0.057	-0.042	0.542	-0.13	0.11	0.01	0.73	0.04	-1.84	46555	0.060	-0.035	0.701	-0.001	-0.009	3.249
7.161	0.057	-0.042	0.543	-0.12	0.11	-0.00	-0.48	0.35	-1.64	46542	0.060	-0.036	0.701	-0.002	-0.009	3.237
7.175	0.057	-0.035	0.543	-0.17	0.11	-0.02	-0.94	0.22	-1.63	46530	0.061	-0.036	0.701	-0.002	-0.009	3.225
7.181	0.057	-0.035	0.542	-0.18	0.10	-0.04	-2.03	0.30	-1.45	46513	0.061	-0.036	0.700	-0.002	-0.009	3.213
7.195	0.057	-0.041	0.543	-0.16	0.10	-0.05	-2.32	0.51	-1.79	46632	0.061	-0.036	0.700	-0.002	-0.010	3.201
7.205	0.057	-0.041	0.543	-0.18	0.10	-0.07	-1.71	0.59	-1.51	46633	0.061	-0.037	0.700	-0.002	-0.010	3.189
7.211	0.057	-0.041	0.543	-0.20	0.09	-0.08	-1.28	0.22	-1.51	46635	0.061	-0.037	0.699	-0.003	-0.010	3.178
7.222	0.057	-0.041	0.543	-0.21	0.09	-0.10	0.06	-0.41	-1.77	46616	0.061	-0.038	0.699	-0.003	-0.010	3.166
7.234	0.054	-0.041	0.543	-0.21	0.11	-0.12	-0.61	-0.97	-1.83	46695	0.061	-0.038	0.698	-0.003	-0.010	3.154
7.245	0.054	-0.041	0.543	-0.21	0.12	-0.13	0.18	-1.09	-1.57	46694	0.061	-0.039	0.698	-0.004	-0.010	3.142
7.253	0.054	-0.039	0.543	-0.22	0.13	-0.15	0.77	-0.67	-1.22	46688	0.061	-0.039	0.698	-0.004	-0.010	3.130
7.263	0.054	-0.039	0.544	-0.21	0.13	-0.16	0.09	1.17	-0.84	46689	0.060	-0.039	0.697	-0.004	-0.010	3.119
7.274	0.054	-0.039	0.545	-0.22	0.12	-0.17	-0.50	1.39	-0.99	46690	0.060	-0.039	0.697	-0.005	-0.010	3.107
7.285	0.054	-0.039	0.545	-0.22	0.11	-0.18	0.30	2.80	-0.64	46497	0.060	-0.039	0.697	-0.005	-0.010	3.096
7.294	0.057	-0.041	0.545	-0.20	0.06	-0.18	-0.32	2.89	-0.47	46480	0.060	-0.039	0.697	-0.005	-0.010	3.084
7.305	0.057	-0.041	0.545	-0.20	0.03	-0.19	1.01	2.75	-0.63	46485	0.061	-0.040	0.697	-0.005	-0.010	3.073
7.315	0.056	-0.034	0.546	-0.23	0.01	-0.19	0.57	2.40	-0.31	46480	0.060	-0.039	0.696	-0.005	-0.010	3.061
7.326	0.056	-0.034	0.547	-0.22	-0.01	-0.20	2.07	3.03	-0.49	46349	0.060	-0.039	0.696	-0.006	-0.010	3.050
7.332	0.054	-0.034	0.547	-0.20	-0.03	-0.20	1.40	1.64	-0.13	46337	0.060	-0.038	0.696	-0.006	-0.010	3.039
7.345	0.054	-0.034	0.547	-0.19	-0.04	-0.20	1.35	0.63	-0.10	46330	0.060	-0.038	0.696	-0.006	-0.010	3.027
7.355	0.056	-0.035	0.547	-0.17	-0.07	-0.20	1.42	0.29	0.32	46331	0.060	-0.037	0.696	-0.006	-0.009	3.016
7.365	0.056	-0.035	0.547	-0.16	-0.07	-0.20	1.27	2.20	0.57	46438	0.060	-0.037	0.695	-0.007	-0.009	3.005
7.375	0.057	-0.035	0.547	-0.14	-0.09	-0.20	0.25	0.79	0.25	46438	0.060	-0.037	0.695	-0.007	-0.009	2.994
7.382	0.057	-0.035	0.548	-0.14	-0.10	-0.19	1.61	1.74	0.89	46427	0.060	-0.037	0.695	-0.007	-0.009	2.982
7.395	0.057	-0.033	0.548	-0.14	-0.12	-0.18	0.48	0.29	0.68	46420	0.060	-0.036	0.694	-0.007	-0.009	2.971
7.404	0.057	-0.033	0.547	-0.13	-0.12	-0.18	1.78	0.04	0.93	46422	0.060	-0.036	0.694	-0.007	-0.009	2.960
7.414	0.057	-0.033	0.547	-0.12	-0.12	-0.17	0.40	-0.73	0.35	46549	0.060	-0.036	0.694	-0.008	-0.009	2.949
7.425	0.057	-0.033	0.548	-0.11	-0.11	-0.17	0.66	-1.26	0.50	46554	0.060	-0.035	0.693	-0.008	-0.009	2.938
7.431	0.057	-0.033	0.548	-0.11	-0.10	-0.16	0.66	-0.42	0.57	46554	0.060	-0.035	0.693	-0.008	-0.008	2.927
7.445	0.057	-0.032	0.547	-0.10	-0.09	-0.16	0.34	-0.01	0.60	46541	0.060	-0.035	0.692	-0.008	-0.008	2.916
7.454	0.057	-0.032	0.547	-0.10	-0.09	-0.15	0.30	-0.24	1.03	46672	0.060	-0.034	0.692	-0.008	-0.008	2.905
7.465	0.057	-0.032	0.547	-0.09	-0.09	-0.14	0.76	0.45	0.91	46670	0.061	-0.034	0.691	-0.008	-0.008	2.894
7.471	0.057	-0.032	0.548	-0.09	-0.09	-0.13	0.16	-0.26	0.81	46668	0.061	-0.034	0.691	-0.009	-0.008	2.883
7.486	0.057	-0.032	0.548	-0.09	-0.09	-0.13	0.82	-0.14	0.79	46664	0.061	-0.034	0.690	-0.009	-0.008	2.872
7.494	0.057	-0.029	0.548	-0.09	-0.09	-0.12	0.61	-0.16	0.50	46653	0.061	-0.033	0.690	-0.009	-0.008	2.862
7.505	0.057	-0.029	0.548	-0.08	-0.09	-0.11	1.44	0.08	0.73	46698	0.061	-0.033	0.690	-0.009	-0.008	2.851
7.514	0.057	-0.029	0.548	-0.07	-0.09	-0.10	1.87	-0.40	0.88	46693	0.061	-0.032	0.689	-0.009	-0.007	2.840
7.522	0.057	-0.029	0.548	-0.05	-0.08	-0.10	1.96	-1.06	0.59	46692	0.060	-0.032	0.689	-0.009	-0.007	2.830
7.532	0.059	-0.016	0.548	-0.09	-0.08	-0.09	1.10	-0.97	0.37	46687	0.061	-0.030	0.688	-0.010	-0.007	2.819
7.545	0.059	-0.016	0.548	-0.08	-0.08	-0.08	2.18	-0.27	0.17	46681	0.061	-0.028	0.688	-0.010	-0.006	2.808
7.555	0.059	-0.016	0.548	-0.05	-0.07	-0.08	3.79	-0.94	0.48	46674	0.061	-0.026	0.687	-0.010	-0.005	2.798
7.565	0.060	-0.015	0.549	-0.02	-0.06	-0.08	5.07	-0.69	0.69	46664	0.061	-0.025	0.687	-0.010	-0.005	2.787
7.572	0.059	-0.020	0.548	0.06	-0.05	-0.07	5.45	-0.64	0.43	46658	0.061	-0.024	0.687	-0.010	-0.005	2.777
7.583	0.059	-0.020	0.549	0.12	-0.05	-0.07	6.08	-0.42	0.06	46707	0.062	-0.024	0.686	-0.010	-0.005	2.766
7.594	0.059	-0.010	0.549	0.13	-0.04	-0.07	6.72	0.16	0.09	46700	0.062	-0.022	0.686	-0.010	-0.004	2.756
7.604	0.059	-0.010	0.549	0.20	-0.04	-0.07	5.60	0.21	0.00	46680	0.062	-0.020	0.685	-0.010	-0.003	2.746
7.614	0.059	-0.009	0.549	0.25	-0.04	-0.07	5.30	-0.20	0.01	46671	0.062	-0.019	0.685	-0.010	-0.003	2.735
7.623	0.059	-0.008	0.549	0.30	-0.04	-0.07	3.79	-0.49	0.13	46670	0.062	-0.017	0.685	-0.011	-0.002	2.725
7.634	0.059	0.002	0.550	0.29	-0.04	-0.06	2.82	-0.03	0.36	46583	0.062	-0.015	0.684	-0.011	-0.002	2.715
7.645	0.059	0.003	0.550	0.32	-0.04	-0.06	2.49	-0.06	0.11	46580	0.062	-0.013	0.684	-0.011	-0.001	2.705
7.654	0.059	0.003	0.550	0.35	-0.04	-0.06	2.84	0.14	0.21	46583	0.062	-0.010	0.684	-0.011	-0.000	2.694
7.663	0.059	0.004	0.550	0.37	-0.04	-0.06	3.48	-0.38	-0.09	46585	0.062	-0.009	0.683	-0.011	0.001	2.684
7.671	0.059	0.004	0.550	0.41	-0.03	-0.06	4.46	-0.83	-0.02	46657	0.062	-0.007	0.683	-0.011	0.001	2.674
7.682	0.059	0.005	0.550	0.46	-0.03	-0.06	4.90	-0.20	0.02	46652	0.062	-0.005	0.682	-0.011	0.002	2.664
7.695	0.062	0.002	0.550	0.52	-0.03	-0.06	5.18	-1.56	-0.21	46643	0.062	-0.004	0.682	-0.011	0.002	2.654
7.705	0.062	0.003	0.550	0.57	-0.02	-0.06	4.65	-0.62	-0.33	46627	0.063	-0.003	0.682	-0.011	0.002	2.644
7.713	0.065	0.004	0.551	0.62	-0.03	-0.06	5.03	-0.30	-0.13	46625	0.063	-0.002	0.681	-0.011	0.002	2.634
7.723	0.065	0.004	0.551	0.67	-0.02	-0.06	4.49	-0.62	0.51	46495	0.064	-0.001	0.681	-0.011	0.003	2.624
7.734	0.066	0.005	0.551	0.71	-0.01	-0.05	3.43	-0.57	0.67	46488	0.064	0.000	0.681	-0.011	0.003	2.615
7.744	0.066	0.005	0.551	0.75	-0.01	-0.05	2.91	-0.37	0.64	46488	0.065	0.001	0.681	-0.011	0.003	2.605
7.756	0.065	0.011	0.551	0.75	0.00	-0.04	2.22	-0.86	0.82	46483	0.065	0.002	0.680	-0.011	0.004	2.595
7.763	0.065	0.012	0.551	0.77	0.01	-0.03	2.31	-1.88	0.57	46567	0.065	0.004	0.680	-0.011	0.004	2.585
7.774	0.066	0.003	0.551	0.83	0.02	-0.03	1.39	-2.30	0.62	46567	0.066	0.004	0.679	-0.011	0.004	2.575
7.781	0.066	0.003	0.551	0.84	0.05	-0.02	0.38	-1.72	0.14	46578	0.066	0.004	0.679	-0.011	0.004	2.566
7.791	0.065	0.002	0.553	0.85	0.08	-0.02	-0.39	-2.54	-0.26	46588	0.066	0.004	0.679	-0.011	0.004	2.556
7.806	0.070	0.008	0.553	0.82	0.08	-0.02	-1.96	-2.98	-0.20	46336	0.067	0.005	0.679	-0.011	0.004	2.547
7.814	0.070	0.009	0.553	0.80	0.11	-0.03	-3.04	-1.79	0.11	46334	0.068	0.005	0.678	-0.011	0.004	2.537
7.823	0.070	0.009	0.553	0.77	0.13	-0.02	-3.08	-2.07	0.53	46333	0.068	0.006	0.678	-0.011	0.004	2.528
7.834	0.070	0.009	0.554	0.74	0.15	-0.02	-6.29	-1.50	1.01	46333	0.069	0.007	0.678	-0.011	0.004	2.518
7.845	0.070	0.009	0.554	0.66	0.17	-0.01	-17.32	-1.90	0.42	46338	0.069	0.007	0.678	-0.011	0.005	2.509
7.854	0.070	0.010	0.555	0.48	0.18	-0.01	-28.51	-1.53	-0.14	46256	0.070	0.008	0.677	-0.011	0.005	2.500
7.865	0.070	0.011	0.555	0.18	0.20	-0.01	-43.04	-0.93	-0.17	46264	0.070	0.008	0.677	-0.011	0.005	2.490
7.872	0.069	0.009	0.555	-0.25	0.21	-0.01	-52.77	-0.94	0.33	46272	0.071	0.008	0.677	-0.011	0.005	2.481
7.885	0.071	0.016	0.556	-0.83	0.20	-0.01	-62.80	-0.60	0.07	46290	0.071	0.009	0.677	-0.011	0.005	2.472
7.894	0.071	0.012	0.556	-1.44	0.21	-0.01	-67.46	-1.06	-0.05	46159	0.071	0.010	0.677	-0.011	0.005	2.463
7.905	0.071	0.013	0.556	-2.12	0.22	-0.01	-66.85	-0.43	-0.21	46168	0.072	0.010	0.676	-0.011	0.005	2.454
7.915	0.073	0.014	0.556	-2.79	0.22	-0.01	-64.25	-0.66	-0.41	46171	0.072	0.011	0.676	-0.011	0.006	2.445
7.924	0.073	0.015	0.557	-3.42	0.23	-0.02	-56.91	-0.65	-0.12	46170	0.073	0.012	0.676	-0.011	0.006	2.436
7.935	0.072	0.003	0.557	-3.93	0.24	-0.02	-47.75	-2.10	0.15	46165	0.073	0.011	0.676	-0.011	0.005	2.427
7.945	0.073	0.003	0.557	-4.38	0.26	-0.02	-35.00	-1.75	-0.15	46183	0.073	0.010	0.675	-0.011	0.005	2.418
7.955	0.074	-0.006	0.557	-4.68	0.27	-0.02	-26.61	-1.29	-0.60	46166	0.074	0.009	0.675	-0.011	0.004	2.409
7.964	0.074	-0.006	0.557	-4.93	0.29	-0.02	-15.25	-2.23	-0.31	46145	0.074	0.007	0.675	-0.011	0.004	2.400
7.975	0.074	-0.005	0.559	-5.07	0.31	-0.02	-7.24	-1.49	-0.77	46125	0.075	0.006	0.674	-0.011	0.003	2.391
7.984	0.074	-0.004	0.559	-5.14	0.32	-0.03	-2.06	-0.89	-0.21	45842	0.075	0.006	0.674	-0.011	0.003	2.382
7.994	0.075	-0.004	0.559	-5.16	0.33	-0.03	0.30	-0.42	-0.19	45841	0.075	0.005	0.674	-0.011	0.002	2.373
8.004	0.075	-0.003	0.559	-5.15	0.33	-0.03	1.08	-0.56	-0.29	45848	0.076	0.005	0.674	-0.011	0.002	2.365
8.014	0.077	-0.001	0.559	-5.15	0.32	-0.03	-0.60	-1.11	0.10	45854	0.076	0.005	0.674	-0.011	0.001	2.356
8.023	0.077	-0.000	0.560	-5.16	0.33	-0.03	-1.47	-0.87	0.28	45902	0.077	0.005	0.673	-0.011	0.001	2.347
8.035	0.077	0.001	0.560	-5.18	0.34	-0.03	-5.72	-2.38	0.30	45909	0.077	0.005	0.673	-0.011	0.001	2.339
8.044	0.078	0.002	0.560	-5.23	0.36	-0.02	-4.43	-4.33	0.73	45934	0.078	0.005	0.673	-0.011	0.001	2.330
8.055	0.078	0.003	0.560	-5.28	0.41	-0.01	-5.13	-5.57	0.45	45958	0.078	0.006	0.672	-0.011	0.001	2.322
8.059	0.078	0.004	0.559	-5.33	0.46	-0.00	-6.64	-7.06	1.02	45973	0.078	0.007	0.672	-0.011	0.000	2.313
8.074	0.080	0.016	0.559	-5.44	0.52	0.01	-4.47	-7.13	0.15	46216	0.079	0.009	0.671	-0.011	0.001	2.305
8.084	0.080	0.017	0.559	-5.49	0.59	0.02	-1.24	-6.48	-0.12	46241	0.080	0.011	0.671	-0.011	0.001	2.296
8.093	0.081	0.015	0.559	-5.49	0.65	0.03	-0.14	-5.90	0.59	46270	0.080	0.013	0.670	-0.011	0.001	2.288
8.104	0.081	0.017	0.558	-5.48	0.71	0.04	4.39	-4.49	0.39	46310	0.081	0.015	0.669	-0.011	0.001	2.280
8.115	0.081	0.019	0.558	-5.44	0.75	0.05	8.08	-3.81	0.81	46505	0.081	0.017	0.669	-0.011	0.001	2.271
8.123	0.080	0.023	0.558	-5.36	0.79	0.06	11.48	-1.92	0.91	46525	0.082	0.019	0.668	-0.011	0.002	2.263
8.134	0.079	0.023	0.558	-5.24	0.82	0.07	13.99	-1.41	0.58	46550	0.082	0.021	0.667	-0.011	0.002	2.255
8.140	0.079	0.025	0.558	-5.09	0.83	0.07	17.49	-0.92	0.26	46573	0.082	0.023	0.667	-0.011	0.002	2.246
8.151	0.079	0.024	0.558	-4.89	0.84	0.08	19.19	0.53	0.65	46592	0.082	0.025	0.666	-0.011	0.002	2.238
8.165	0.079	0.036	0.558	-4.74	0.83	0.09	20.48	0.58	0.45	46552	0.082	0.028	0.666	-0.012	0.002	2.230
8.174	0.079	0.031	0.558	-4.50	0.82	0.09	20.59	-0.06	0.80	46577	0.082	0.030	0.665	-0.012	0.002	2.222
8.182	0.079	0.039	0.558	-4.32	0.82	0.10	20.67	-1.05	0.89	46600	0.082	0.033	0.665	-0.012	0.003	2.214
8.193	0.079	0.039	0.557	-4.11	0.84	0.11	18.43	-1.70	1.54	46629	0.082	0.036	0.664	-0.012	0.003	2.206
8.204	0.078	0.042	0.557	-3.93	0.85	0.12	16.29	-2.61	1.57	46807	0.082	0.039	0.663	-0.012	0.003	2.198
8.216	0.078	0.045	0.557	-3.76	0.88	0.14	17.11	-3.11	1.85	46843	0.082	0.041	0.663	-0.012	0.003	2.190
8.224	0.078	0.054	0.557	-3.62	0.91	0.16	16.74	-4.40	1.22	46843	0.082	0.045	0.662	-0.013	0.004	2.182
8.235	0.077	0.057	0.556	-3.45	0.96	0.18	16.59	-6.08	1.88	46870	0.082	0.049	0.661	-0.013	0.004	2.174
8.249	0.076	0.063	0.555	-3.30	1.02	0.20	16.88	-5.44	1.43	47079	0.082	0.053	0.660	-0.013	0.004	2.166
8.257	0.075	0.066	0.555	-3.13	1.07	0.22	18.16	-4.86	1.62	47083	0.082	0.057	0.660	-0.014	0.005	2.158
8.266	0.074	0.066	0.555	-2.93	1.12	0.24	19.25	-4.12	2.07	47093	0.081	0.060	0.659	-0.014	0.005	2.150
8.275	0.076	0.058	0.555	-2.69	1.15	0.26	20.16	-2.55	2.08	47098	0.081	0.062	0.658	-0.014	0.005	2.142
8.283	0.075	0.080	0.555	-2.58	1.18	0.28	19.27	-1.27	2.09	47101	0.081	0.067	0.658	-0.015	0.006	2.135
8.293	0.073	0.078	0.555	-2.36	1.20	0.30	18.19	-0.02	2.41	47050	0.081	0.071	0.657	-0.015	0.006	2.127
8.304	0.076	0.080	0.555	-2.17	1.18	0.33	18.43	2.38	2.40	47047	0.081	0.075	0.656	-0.015	0.006	2.119
8.315	0.075	0.076	0.555	-1.96	1.16	0.35	19.41	3.36	2.65	47032	0.080	0.077	0.656	-0.016	0.006	2.111
8.325	0.075	0.080	0.554	-1.77	1.13	0.38	18.06	3.59	2.65	47028	0.080	0.080	0.655	-0.016	0.006	2.104
8.335	0.076	0.084	0.554	-1.59	1.09	0.41	18.25	2.88	2.40	47140	0.080	0.084	0.655	-0.016	0.006	2.096
8.341	0.077	0.080	0.554	-1.37	1.05	0.43	17.48	0.98	2.53	47145	0.081	0.086	0.654	-0.016	0.006	2.088
8.355	0.076	0.083	0.553	-1.20	1.04	0.45	16.05	-0.13	2.89	47138	0.081	0.088	0.653	-0.016	0.006	2.081
8.364	0.076	0.107	0.553	-1.13	1.04	0.49	14.47	-1.52	3.46	47144	0.081	0.093	0.653	-0.017	0.006	2.073
8.375	0.076	0.103	0.552	-0.96	1.06	0.52	12.62	-3.77	3.59	47147	0.081	0.097	0.652	-0.017	0.007	2.066
8.383	0.074	0.108	0.552	-0.84	1.11	0.56	12.76	-4.78	3.25	47365	0.081	0.101	0.651	-0.017	0.007	2.058
8.394	0.073	0.096	0.551	-0.64	1.16	0.59	12.52	-5.88	3.45	47365	0.080	0.104	0.651	-0.018	0.007	2.051
8.405	0.072	0.113	0.551	-0.58	1.22	0.63	12.88	-6.09	3.95	47344	0.080	0.108	0.650	-0.018	0.007	2.043
8.411	0.072	0.109	0.550	-0.42	1.28	0.67	13.88	-4.95	3.92	47337	0.080	0.111	0.649	-0.018	0.007	2.036
8.425	0.071	0.108	0.550	-0.26	1.33	0.71	13.50	-3.48	4.69	47473	0.079	0.113	0.648	-0.019	0.007	2.028
8.436	0.071	0.109	0.550	-0.11	1.36	0.75	13.10	-1.75	4.96	47457	0.079	0.115	0.648	-0.019	0.006	2.021
8.442	0.071	0.112	0.549	0.02	1.38	0.80	11.78	0.65	5.32	47449	0.079	0.118	0.647	-0.020	0.006	2.013
8.454	0.071	0.113	0.550	0.15	1.36	0.85	9.99	2.06	5.20	47440	0.078	0.120	0.647	-0.020	0.006	2.006
8.464	0.072	0.115	0.550	0.25	1.34	0.91	7.59	2.93	5.22	47213	0.078	0.122	0.646	-0.020	0.005	1.999
8.474	0.072	0.118	0.550	0.32	1.31	0.96	5.75	4.01	5.13	47181	0.078	0.125	0.646	-0.021	0.005	1.991
8.484	0.073	0.121	0.550	0.38	1.26	1.01	3.58	3.91	5.32	47161	0.078	0.127	0.645	-0.021	0.005	1.984
8.493	0.074	0.124	0.550	0.42	1.22	1.07	1.19	4.74	5.67	47140	0.078	0.129	0.645	-0.021	0.004	1.977
8.505	0.073	0.125	0.549	0.44	1.17	1.13	-0.25	4.66	6.29	47119	0.078	0.132	0.644	-0.021	0.004	1.970
8.514	0.072	0.133	0.549	0.41	1.13	1.19	0.37	3.57	6.09	47295	0.078	0.135	0.644	-0.022	0.004	1.963
8.526	0.067	0.136	0.548	0.42	1.12	1.25	0.55	1.74	5.42	47257	0.078	0.138	0.643	-0.022	0.004	1.955
8.534	0.070	0.129	0.548	0.47	1.08	1.30	1.06	0.05	4.95	47188	0.077	0.139	0.642	-0.023	0.003	1.948
8.543	0.070	0.131	0.549	0.49	1.08	1.35	1.39	-1.97	5.14	47188	0.077	0.141	0.642	-0.023	0.003	1.941
8.555	0.070	0.140	0.549	0.47	1.10	1.41	1.57	-3.89	5.05	47023	0.077	0.144	0.642	-0.023	0.003	1.934
8.563	0.068	0.145	0.549	0.48	1.15	1.46	3.34	-4.41	4.79	46975	0.077	0.147	0.641	-0.024	0.003	1.927
8.573	0.067	0.147	0.549	0.52	1.19	1.51	3.49	-4.76	5.14	46939	0.076	0.149	0.641	-0.024	0.002	1.920
8.584	0.067	0.150	0.549	0.56	1.24	1.56	4.72	-4.45	5.29	46907	0.076	0.152	0.641	-0.025	0.002	1.913
8.593	0.066	0.153	0.553	0.61	1.29	1.61	4.47	-3.36	5.84	46191	0.075	0.155	0.641	-0.025	0.002	1.907
8.602	0.066	0.160	0.553	0.64	1.32	1.67	3.52	-2.57	5.49	46191	0.075	0.158	0.641	-0.026	0.002	1.900
8.614	0.066	0.161	0.553	0.68	1.34	1.73	2.27	-1.56	5.29	46129	0.075	0.161	0.641	-0.026	0.002	1.893
8.624	0.064	0.168	0.553	0.68	1.36	1.78	2.16	0.71	5.40	46087	0.074	0.165	0.641	-0.027	0.002	1.887
8.635	0.064	0.168	0.554	0.72	1.35	1.83	-0.21	0.91	5.28	45969	0.074	0.168	0.641	-0.027	0.002	1.880
8.643	0.065	0.167	0.554	0.74	1.33	1.89	-0.31	2.76	4.81	45969	0.073	0.170	0.641	-0.028	0.002	1.873
8.653	0.064	0.170	0.555	0.73	1.30	1.94	-1.99	3.34	4.81	45921	0.073	0.173	0.641	-0.028	0.002	1.867
8.664	0.063	0.174	0.555	0.72	1.27	1.98	-1.52	3.44	4.71	45886	0.072	0.176	0.641	-0.029	0.002	1.860
8.675	0.060	0.187	0.556	0.65	1.25	2.04	-1.17	3.49	5.10	45704	0.072	0.180	0.641	-0.029	0.002	1.854
8.684	0.059	0.185	0.556	0.66	1.21	2.08	-0.09	1.96	5.22	45704	0.071	0.183	0.641	-0.030	0.003	1.847
8.695	0.058	0.193	0.557	0.64	1.20	2.14	0.34	0.24	4.98	45670	0.070	0.187	0.641	-0.030	0.003	1.841
8.704	0.057	0.196	0.557	0.64	1.20	2.18	1.35	-1.39	4.64	45653	0.069	0.190	0.641	-0.031	0.003	1.835
8.712	0.055	0.195	0.557	0.68	1.21	2.23	2.98	-2.19	4.65	45626	0.068	0.194	0.641	-0.032	0.003	1.828
8.721	0.057	0.195	0.558	0.72	1.22	2.27	3.97	-4.07	4.02	45586	0.067	0.196	0.641	-0.032	0.003	1.822
8.735	0.051	0.196	0.558	0.78	1.29	2.32	4.92	-5.16	3.73	45504	0.066	0.199	0.641	-0.033	0.003	1.816
8.743	0.051	0.207	0.559	0.79	1.34	2.36	5.29	-4.95	3.83	45504	0.065	0.202	0.640	-0.034	0.003	1.810
8.756	0.050	0.211	0.559	0.83	1.39	2.40	4.09	-4.35	3.98	45489	0.064	0.206	0.640	-0.034	0.003	1.804
8.765	0.048	0.209	0.559	0.89	1.44	2.44	3.05	-4.30	4.51	45489	0.063	0.209	0.640	-0.035	0.003	1.797
8.775	0.050	0.210	0.559	0.94	1.46	2.49	2.33	-2.82	5.02	45631	0.062	0.212	0.640	-0.036	0.003	1.791
8.784	0.049	0.213	0.559	0.95	1.48	2.54	1.04	0.10	4.78	45655	0.061	0.214	0.639	-0.036	0.003	1.785
8.793	0.048	0.211	0.559	0.98	1.48	2.58	-1.03	1.10	4.70	45669	0.060	0.217	0.639	-0.037	0.003	1.779
8.803	0.046	0.214	0.560	0.96	1.47	2.63	-3.02	2.93	4.63	45677	0.059	0.219	0.639	-0.038	0.003	1.773
8.813	0.041	0.231	0.560	0.86	1.46	2.68	-3.52	4.02	4.11	45672	0.058	0.223	0.639	-0.038	0.003	1.767
8.824	0.040	0.234	0.560	0.82	1.42	2.72	-4.85	4.96	3.89	45688	0.056	0.227	0.638	-0.039	0.004	1.761
8.834	0.037	0.241	0.560	0.75	1.37	2.76	-4.95	4.43	4.54	45703	0.055	0.231	0.638	-0.040	0.004	1.755
8.843	0.033	0.237	0.561	0.73	1.34	2.81	-3.32	4.63	4.93	45739	0.053	0.234	0.638	-0.041	0.004	1.749
8.854	0.035	0.240	0.560	0.70	1.29	2.86	-2.11	2.33	5.24	45765	0.051	0.237	0.637	-0.042	0.004	1.744
8.863	0.034	0.244	0.560	0.68	1.26	2.91	0.19	2.01	4.90	45897	0.050	0.241	0.637	-0.043	0.005	1.738
8.871	0.035	0.244	0.560	0.70	1.23	2.96	1.88	1.47	4.62	45925	0.048	0.244	0.636	-0.044	0.005	1.732
8.882	0.034	0.242	0.560	0.75	1.22	3.00	4.08	1.22	4.83	45953	0.047	0.246	0.636	-0.044	0.004	1.726
8.894	0.031	0.242	0.560	0.82	1.22	3.05	6.17	-0.19	4.93	45963	0.046	0.248	0.635	-0.045	0.004	1.721
8.902	0.032	0.243	0.560	0.88	1.21	3.10	5.64	-1.23	4.89	46174	0.045	0.250	0.635	-0.046	0.004	1.715
8.913	0.029	0.246	0.560	0.94	1.23	3.15	5.53	-1.90	4.72	46205	0.044	0.252	0.634	-0.046	0.003	1.709
8.924	0.027	0.248	0.559	0.99	1.25	3.20	4.47	-1.79	4.99	46226	0.042	0.254	0.634	-0.047	0.003	1.704
8.931	0.024	0.257	0.559	1.00	1.28	3.25	3.66	-1.39	4.76	46258	0.040	0.256	0.633	-0.048	0.003	1.698
8.944	0.022	0.259	0.559	1.02	1.29	3.29	1.80	-0.26	4.00	46335	0.039	0.259	0.633	-0.049	0.003	1.692
8.953	0.019	0.263	0.559	1.03	1.30	3.33	0.53	-0.06	4.93	46359	0.037	0.262	0.632	-0.050	0.003	1.687
8.963	0.020	0.263	0.559	1.04	1.29	3.38	-2.47	0.79	4.07	46396	0.035	0.265	0.632	-0.051	0.003	1.681
8.976	0.019	0.264	0.559	1.02	1.27	3.42	-3.83	1.86	4.20	46436	0.034	0.267	0.631	-0.051	0.003	1.676
8.982	0.018	0.268	0.558	0.97	1.25	3.46	-4.98	3.21	3.81	46455	0.033	0.269	0.631	-0.052	0.003	1.670
8.994	0.015	0.273	0.558	0.90	1.22	3.50	-5.69	4.35	3.32	46562	0.031	0.272	0.630	-0.053	0.003	1.665
9.004	0.014	0.275	0.558	0.84	1.17	3.53	-6.12	5.11	3.29	46604	0.029	0.275	0.629	-0.054	0.003	1.660
9.013	0.013	0.273	0.558	0.82	1.12	3.56	-3.97	4.20	3.64	46628	0.028	0.277	0.629	-0.055	0.003	1.654
9.025	0.010	0.272	0.558	0.80	1.09	3.59	-2.18	3.14	3.51	46644	0.026	0.278	0.628	-0.055	0.003	1.649
9.031	0.009	0.278	0.558	0.76	1.06	3.63	-0.33	2.25	2.99	46595	0.025	0.281	0.628	-0.056	0.002	1.644
9.044	0.008	0.280	0.558	0.76	1.04	3.66	-0.45	0.61	3.46	46595	0.023	0.283	0.627	-0.057	0.002	1.638
9.053	0.003	0.289	0.558	0.72	1.05	3.70	1.08	-0.53	2.90	46600	0.021	0.286	0.627	-0.058	0.002	1.633
9.061	0.001	0.292	0.559	0.74	1.06	3.73	2.75	-2.71	2.72	46617	0.019	0.289	0.627	-0.059	0.003	1.628
9.072	0.000	0.286	0.558	0.81	1.09	3.75	3.55	-2.97	2.54	46441	0.017	0.291	0.626	-0.060	0.002	1.623
9.084	0.001	0.281	0.558	0.90	1.11	3.77	3.90	-2.59	2.44	46443	0.016	0.292	0.626	-0.060	0.002	1.618
9.094	0.001	0.293	0.558	0.88	1.12	3.80	3.12	-2.95	2.35	46448	0.014	0.294	0.626	-0.061	0.002	1.612
9.103	-0.001	0.291	0.558	0.93	1.15	3.82	2.25	-2.39	1.72	46476	0.013	0.296	0.625	-0.062	0.002	1.607
9.113	-0.001	0.297	0.558	0.94	1.16	3.84	1.75	-1.86	1.94	46476	0.012	0.298	0.625	-0.062	0.001	1.602
9.124	-0.002	0.299	0.557	0.95	1.18	3.85	0.81	-1.05	1.41	46580	0.010	0.300	0.624	-0.063	0.001	1.597
9.133	-0.008	0.309	0.557	0.91	1.20	3.87	-0.78	0.49	0.90	46599	0.009	0.304	0.624	-0.064	0.002	1.592
9.145	-0.008	0.308	0.557	0.91	1.18	3.87	-3.44	1.95	0.24	46607	0.007	0.306	0.623	-0.065	0.002	1.587
9.153	-0.012	0.307	0.556	0.88	1.17	3.87	-5.26	3.47	-0.02	46626	0.005	0.308	0.623	-0.066	0.002	1.582
9.162	-0.014	0.309	0.555	0.83	1.14	3.87	-6.27	4.31	-0.40	46904	0.003	0.311	0.622	-0.066	0.002	1.577
9.173	-0.014	0.309	0.555	0.78	1.08	3.87	-6.48	4.40	-0.24	46938	0.001	0.313	0.621	-0.067	0.001	1.572
9.184	-0.013	0.307	0.555	0.74	1.02	3.86	-5.93	3.98	-0.90	46955	-0.000	0.314	0.621	-0.068	0.001	1.567
9.194	-0.014	0.316	0.555	0.66	0.97	3.85	-2.81	2.76	-0.96	46975	-0.002	0.316	0.620	-0.068	0.001	1.562
9.204	-0.012	0.313	0.554	0.66	0.93	3.84	-1.21	1.83	-1.21	46973	-0.003	0.318	0.619	-0.069	0.001	1.557
9.214	-0.015	0.312	0.554	0.68	0.92	3.82	1.56	0.89	-1.42	46963	-0.004	0.319	0.619	-0.069	0.001	1.552
9.221	-0.015	0.311	0.554	0.72	0.91	3.81	3.76	-0.53	-1.84	46968	-0.005	0.320	0.618	-0.070	0.000	1.547
9.231	-0.018	0.318	0.554	0.74	0.93	3.79	5.41	-2.55	-2.23	46965	-0.006	0.322	0.618	-0.071	-0.000	1.543
9.245	-0.021	0.317	0.554	0.81	0.97	3.77	6.02	-4.02	-2.18	46926	-0.008	0.323	0.617	-0.071	-0.000	1.538
9.254	-0.026	0.320	0.553	0.87	1.03	3.74	4.83	-4.97	-2.64	46928	-0.010	0.325	0.617	-0.072	-0.001	1.533
9.264	-0.026	0.322	0.553	0.92	1.07	3.71	3.27	-6.39	-2.67	46928	-0.011	0.326	0.616	-0.073	-0.001	1.528
9.270	-0.026	0.319	0.553	0.97	1.12	3.68	1.84	-5.06	-2.45	46923	-0.013	0.327	0.616	-0.074	-0.001	1.523
9.281	-0.028	0.321	0.551	0.98	1.17	3.65	-2.20	-3.96	-2.64	46914	-0.014	0.329	0.615	-0.074	-0.002	1.518
9.293	-0.026	0.317	0.550	0.99	1.17	3.62	-4.65	-1.88	-2.64	47294	-0.016	0.329	0.614	-0.075	-0.002	1.514
9.303	-0.025	0.319	0.550	0.93	1.17	3.60	-6.25	-0.81	-2.37	47297	-0.016	0.330	0.613	-0.075	-0.003	1.509
9.312	-0.035	0.329	0.550	0.81	1.22	3.58	-7.10	1.32	-2.31	47298	-0.018	0.331	0.613	-0.076	-0.003	1.504
9.324	-0.035	0.330	0.548	0.74	1.19	3.56	-9.20	2.67	-2.60	47313	-0.020	0.333	0.612	-0.077	-0.003	1.499
9.334	-0.037	0.331	0.548	0.64	1.16	3.53	-10.25	3.67	-2.34	47518	-0.022	0.335	0.611	-0.078	-0.003	1.494
9.339	-0.041	0.333	0.548	0.54	1.13	3.51	-9.41	3.45	-1.95	47518	-0.024	0.336	0.610	-0.078	-0.003	1.490
9.355	-0.041	0.334	0.547	0.46	1.09	3.49	-7.31	2.56	-1.96	47505	-0.026	0.338	0.610	-0.079	-0.004	1.485
9.363	-0.045	0.334	0.548	0.41	1.08	3.47	-4.21	1.36	-1.95	47503	-0.028	0.339	0.609	-0.080	-0.004	1.480
9.374	-0.046	0.332	0.548	0.40	1.06	3.45	-1.82	-1.38	-2.18	47300	-0.030	0.340	0.609	-0.081	-0.004	1.476
9.380	-0.045	0.333	0.548	0.40	1.06	3.42	0.84	-1.09	-2.49	47262	-0.032	0.341	0.608	-0.081	-0.005	1.471
9.395	-0.048	0.337	0.547	0.40	1.08	3.40	3.11	-1.08	-3.24	47240	-0.034	0.342	0.608	-0.082	-0.005	1.467
9.404	-0.047	0.341	0.547	0.42	1.07	3.36	4.31	-1.66	-3.63	47213	-0.035	0.343	0.607	-0.083	-0.005	1.462
9.413	-0.054	0.347	0.549	0.43	1.12	3.33	3.42	-1.87	-3.61	47171	-0.037	0.346	0.607	-0.084	-0.005	1.458
9.422	-0.056	0.348	0.549	0.46	1.14	3.29	3.29	-2.63	-4.10	46867	-0.040	0.348	0.607	-0.084	-0.005	1.453
9.434	-0.055	0.346	0.549	0.52	1.16	3.25	1.36	-3.46	-4.50	46839	-0.041	0.349	0.607	-0.085	-0.005	1.449
9.442	-0.058	0.345	0.548	0.55	1.19	3.20	0.48	-2.42	-4.30	46805	-0.043	0.350	0.607	-0.086	-0.005	1.444
9.454	-0.059	0.346	0.547	0.56	1.21	3.16	-1.55	-2.53	-4.53	46773	-0.045	0.351	0.606	-0.087	-0.006	1.440
9.463	-0.067	0.354	0.547	0.50	1.26	3.12	-3.62	-1.44	-4.61	46932	-0.048	0.353	0.606	-0.088	-0.006	1.436
9.474	-0.068	0.360	0.547	0.43	1.27	3.07	-4.57	-1.44	-5.35	46904	-0.050	0.356	0.605	-0.089	-0.005	1.431
9.484	-0.069	0.360	0.547	0.39	1.27	3.02	-6.26	0.21	-4.70	46862	-0.053	0.358	0.605	-0.089	-0.005	1.427
9.493	-0.071	0.361	0.547	0.33	1.25	2.97	-6.08	2.99	-4.95	46834	-0.055	0.360	0.604	-0.090	-0.005	1.422
9.503	-0.072	0.365	0.547	0.26	1.21	2.92	-5.93	3.38	-4.71	46902	-0.057	0.362	0.604	-0.091	-0.005	1.418
9.514	-0.077	0.362	0.547	0.24	1.19	2.87	-3.30	4.09	-5.11	46889	-0.059	0.364	0.604	-0.092	-0.005	1.414
9.524	-0.079	0.363	0.547	0.21	1.15	2.82	-3.73	5.26	-5.19	46859	-0.062	0.365	0.603	-0.093	-0.005	1.409
9.531	-0.079	0.363	0.547	0.20	1.08	2.76	0.04	4.68	-5.47	46811	-0.064	0.366	0.603	-0.093	-0.005	1.405
9.542	-0.088	0.361	0.547	0.22	1.08	2.71	-1.28	4.29	-5.77	46811	-0.067	0.367	0.603	-0.095	-0.006	1.401
9.554	-0.088	0.360	0.547	0.23	1.02	2.65	0.74	3.99	-5.17	46761	-0.070	0.368	0.602	-0.095	-0.006	1.397
9.564	-0.087	0.363	0.547	0.23	0.96	2.60	-0.00	2.86	-5.42	46743	-0.072	0.369	0.602	-0.096	-0.007	1.392
9.572	-0.089	0.362	0.547	0.25	0.93	2.54	0.06	2.94	-5.40	46725	-0.074	0.370	0.602	-0.097	-0.007	1.388
9.580	-0.102	0.377	0.547	0.15	0.96	2.50	-0.26	2.90	-5.72	46714	-0.078	0.372	0.601	-0.098	-0.007	1.384
9.593	-0.104	0.379	0.547	0.14	0.94	2.44	-1.51	1.57	-5.57	46607	-0.081	0.374	0.601	-0.099	-0.006	1.380
9.600	-0.103	0.377	0.547	0.15	0.90	2.38	-0.42	0.55	-5.17	46582	-0.084	0.376	0.601	-0.100	-0.006	1.376
9.614	-0.110	0.376	0.547	0.16	0.92	2.33	-0.24	1.28	-5.35	46574	-0.087	0.378	0.601	-0.102	-0.006	1.372
9.623	-0.113	0.376	0.548	0.18	0.90	2.28	-0.94	4.07	-5.32	46566	-0.091	0.379	0.601	-0.103	-0.007	1.368
9.634	-0.114	0.375	0.548	0.18	0.84	2.22	-1.11	3.93	-5.32	46505	-0.094	0.380	0.600	-0.104	-0.007	1.364
9.644	-0.113	0.382	0.548	0.13	0.78	2.17	-1.74	4.31	-5.31	46497	-0.097	0.382	0.600	-0.105	-0.007	1.360
9.648	-0.112	0.384	0.548	0.11	0.70	2.11	-2.67	4.37	-5.54	46498	-0.099	0.384	0.600	-0.105	-0.007	1.356
9.663	-0.125	0.393	0.548	0.03	0.73	2.07	-1.17	5.46	-5.43	46495	-0.102	0.386	0.600	-0.106	-0.007	1.352
9.672	-0.128	0.395	0.548	0.03	0.68	2.01	0.49	4.93	-5.20	46478	-0.106	0.389	0.600	-0.107	-0.006	1.348
9.683	-0.134	0.395	0.548	0.04	0.65	1.96	1.56	3.90	-5.01	46462	-0.110	0.391	0.599	-0.109	-0.006	1.344
9.694	-0.137	0.397	0.548	0.07	0.62	1.92	5.06	3.77	-4.52	46461	-0.113	0.393	0.599	-0.110	-0.006	1.340
9.699	-0.140	0.394	0.548	0.16	0.58	1.87	6.87	3.25	-4.33	46453	-0.117	0.395	0.599	-0.111	-0.006	1.337
9.714	-0.140	0.400	0.549	0.21	0.53	1.83	10.06	3.59	-4.52	46435	-0.120	0.397	0.599	-0.112	-0.006	1.333
9.723	-0.141	0.408	0.549	0.26	0.48	1.78	10.77	3.39	-4.93	46294	-0.124	0.400	0.599	-0.113	-0.005	1.329
9.735	-0.148	0.406	0.549	0.40	0.47	1.73	11.16	4.73	-4.92	46294	-0.127	0.402	0.599	-0.114	-0.005	1.325
9.744	-0.148	0.405	0.549	0.54	0.41	1.68	9.05	4.58	-4.55	46281	-0.130	0.404	0.598	-0.115	-0.005	1.321
9.750	-0.148	0.402	0.550	0.65	0.34	1.63	7.71	3.83	-5.16	46275	-0.133	0.406	0.598	-0.116	-0.005	1.318
9.763	-0.156	0.409	0.550	0.69	0.34	1.59	5.51	3.77	-4.92	46155	-0.137	0.407	0.598	-0.116	-0.005	1.314
9.774	-0.156	0.413	0.550	0.72	0.28	1.54	4.67	4.15	-5.09	46165	-0.140	0.410	0.598	-0.117	-0.005	1.311
9.784	-0.157	0.415	0.550	0.75	0.22	1.49	1.26	3.63	-5.56	46169	-0.143	0.412	0.598	-0.118	-0.005	1.307
9.789	-0.159	0.417	0.550	0.76	0.18	1.43	0.47	3.27	-4.96	46172	-0.145	0.414	0.598	-0.119	-0.005	1.303
9.800	-0.167	0.416	0.550	0.78	0.19	1.39	-1.19	2.14	-4.59	46367	-0.149	0.416	0.597	-0.120	-0.005	1.300
9.813	-0.166	0.415	0.550	0.80	0.14	1.34	0.52	1.84	-4.77	46397	-0.152	0.417	0.597	-0.120	-0.005	1.296
9.824	-0.170	0.415	0.550	0.81	0.14	1.29	-0.23	0.41	-5.18	46401	-0.155	0.418	0.597	-0.121	-0.005	1.292
9.831	-0.172	0.413	0.548	0.83	0.13	1.24	0.88	-0.73	-4.44	46422	-0.158	0.419	0.596	-0.122	-0.005	1.289
9.843	-0.175	0.415	0.548	0.85	0.13	1.20	2.70	-0.55	-4.82	46446	-0.161	0.420	0.596	-0.123	-0.006	1.285
9.853	-0.178	0.416	0.548	0.88	0.14	1.15	1.94	-1.33	-4.62	46812	-0.164	0.421	0.595	-0.123	-0.006	1.282
9.863	-0.177	0.421	0.547	0.88	0.13	1.10	3.84	-2.24	-4.56	46831	-0.167	0.422	0.595	-0.124	-0.006	1.278
9.873	-0.180	0.422	0.547	0.93	0.14	1.06	4.14	-1.58	-3.78	46845	-0.169	0.424	0.594	-0.124	-0.006	1.274
9.881	-0.186	0.423	0.548	0.97	0.19	1.02	4.35	-1.76	-4.13	46854	-0.172	0.425	0.594	-0.125	-0.006	1.271
9.891	-0.187	0.423	0.548	1.03	0.20	0.97	4.70	-2.03	-4.21	46751	-0.175	0.426	0.593	-0.126	-0.006	1.268
9.905	-0.191	0.424	0.548	1.08	0.22	0.93	4.01	-1.59	-4.59	46758	-0.178	0.427	0.593	-0.126	-0.006	1.264
9.913	-0.193	0.422	0.548	1.14	0.23	0.88	3.74	-1.81	-4.73	46759	-0.181	0.428	0.593	-0.127	-0.007	1.261
9.924	-0.196	0.427	0.548	1.15	0.25	0.84	2.05	-1.83	-4.77	46760	-0.184	0.429	0.592	-0.128	-0.007	1.257
9.932	-0.197	0.426	0.548	1.18	0.25	0.79	0.78	-1.43	-4.63	46731	-0.187	0.430	0.592	-0.128	-0.007	1.254
9.943	-0.200	0.428	0.548	1.18	0.26	0.74	-0.28	-1.47	-4.70	46717	-0.189	0.431	0.592	-0.129	-0.007	1.251
9.954	-0.199	0.429	0.547	1.18	0.25	0.69	-1.68	-1.11	-4.98	46713	-0.192	0.432	0.591	-0.129	-0.007	1.247
9.961	-0.208	0.431	0.548	1.15	0.31	0.65	-2.78	-0.44	-4.38	46715	-0.195	0.433	0.591	-0.130	-0.007	1.244
9.973	-0.211	0.433	0.548	1.12	0.31	0.60	-3.58	0.57	-4.24	46531	-0.198	0.434	0.591	-0.130	-0.008	1.241
9.983	-0.215	0.433	0.548	1.09	0.30	0.56	-3.66	0.66	-5.02	46528	-0.202	0.435	0.591	-0.131	-0.008	1.237
9.996	-0.217	0.433	0.548	1.06	0.29	0.51	-4.75	1.10	-5.05	46508	-0.205	0.436	0.591	-0.132	-0.008	1.234
10.004	-0.220	0.433	0.548	1.02	0.28	0.46	-4.15	0.68	-5.30	46491	-0.208	0.437	0.591	-0.132	-0.008	1.231
10.015	-0.223	0.434	0.547	0.98	0.27	0.40	-3.13	1.02	-5.42	46486	-0.211	0.438	0.590	-0.133	-0.008	1.228
10.024	-0.226	0.435	0.547	0.96	0.26	0.35	-1.61	1.00	-5.41	46703	-0.214	0.439	0.590	-0.133	-0.008	1.224
10.033	-0.228	0.435	0.547	0.95	0.25	0.29	-1.10	0.33	-5.06	46680	-0.217	0.439	0.589	-0.134	-0.009	1.221
10.043	-0.233	0.435	0.547	0.96	0.26	0.24	0.02	-0.51	-4.95	46663	-0.221	0.440	0.589	-0.135	-0.009	1.218
10.053	-0.236	0.436	0.548	0.96	0.26	0.19	1.89	0.33	-5.24	46650	-0.224	0.440	0.589	-0.135	-0.009	1.215
10.068	-0.242	0.436	0.548	1.00	0.28	0.14	1.71	1.66	-5.64	46491	-0.228	0.441	0.589	-0.136	-0.009	1.212
10.074	-0.244	0.435	0.548	1.02	0.25	0.09	0.43	0.99	-5.63	46481	-0.231	0.441	0.588	-0.137	-0.010	1.209
10.082	-0.246	0.436	0.548	1.02	0.24	0.03	0.16	0.80	-5.96	46454	-0.235	0.442	0.588	-0.137	-0.010	1.206
10.094	-0.249	0.437	0.547	1.02	0.22	-0.03	0.15	1.88	-6.38	46432	-0.238	0.442	0.588	-0.138	-0.010	1.203
10.103	-0.252	0.438	0.547	1.02	0.20	-0.10	-2.94	1.78	-6.93	46544	-0.241	0.442	0.587	-0.138	-0.010	1.200
10.112	-0.260	0.438	0.547	0.99	0.22	-0.17	-4.23	1.76	-6.97	46541	-0.245	0.443	0.587	-0.139	-0.010	1.196
10.123	-0.263	0.439	0.547	0.94	0.20	-0.24	-5.62	1.63	-6.88	46534	-0.249	0.443	0.587	-0.140	-0.011	1.193
10.132	-0.265	0.440	0.547	0.88	0.17	-0.31	-6.65	1.23	-7.55	46524	-0.252	0.444	0.586	-0.140	-0.011	1.190
10.142	-0.271	0.440	0.545	0.82	0.18	-0.38	-7.54	0.83	-7.64	46508	-0.256	0.444	0.586	-0.141	-0.011	1.187
10.153	-0.274	0.441	0.545	0.74	0.17	-0.46	-7.18	0.63	-7.87	46775	-0.260	0.445	0.585	-0.142	-0.011	1.184
10.163	-0.277	0.442	0.545	0.67	0.17	-0.54	-7.64	0.65	-8.47	46775	-0.264	0.445	0.585	-0.142	-0.011	1.181
10.174	-0.280	0.442	0.545	0.60	0.16	-0.63	-6.20	0.02	-8.61	46758	-0.268	0.445	0.584	-0.143	-0.012	1.178
10.183	-0.288	0.444	0.545	0.54	0.20	-0.71	-2.61	-0.99	-8.07	46735	-0.272	0.446	0.584	-0.144	-0.012	1.175
10.194	-0.291	0.445	0.545	0.52	0.20	-0.79	-1.11	-1.60	-7.76	46721	-0.276	0.447	0.584	-0.145	-0.012	1.172
10.204	-0.291	0.444	0.545	0.53	0.19	-0.87	1.41	-1.68	-7.75	46705	-0.280	0.447	0.583	-0.145	-0.012	1.170
10.214	-0.294	0.443	0.545	0.56	0.21	-0.94	3.09	-1.01	-7.37	46683	-0.284	0.447	0.583	-0.146	-0.012	1.167
10.220	-0.296	0.444	0.546	0.59	0.21	-1.02	3.38	-0.34	-7.45	46665	-0.287	0.448	0.583	-0.146	-0.012	1.164
10.233	-0.300	0.444	0.546	0.63	0.22	-1.09	2.98	0.24	-7.31	46423	-0.291	0.448	0.583	-0.147	-0.013	1.161
10.245	-0.303	0.444	0.546	0.66	0.21	-1.16	1.59	1.95	-7.41	46397	-0.294	0.448	0.582	-0.147	-0.013	1.158
10.254	-0.306	0.445	0.546	0.67	0.18	-1.23	-0.28	2.91	-6.65	46376	-0.298	0.449	0.582	-0.148	-0.013	1.156
10.267	-0.306	0.445	0.546	0.67	0.12	-1.30	-1.59	5.13	-6.95	46364	-0.301	0.449	0.582	-0.148	-0.013	1.153
10.274	-0.315	0.445	0.545	0.65	0.11	-1.37	-3.36	4.51	-6.70	46335	-0.304	0.449	0.582	-0.148	-0.013	1.150
10.285	-0.318	0.446	0.545	0.61	0.07	-1.43	-4.49	3.93	-6.48	46539	-0.308	0.449	0.581	-0.149	-0.014	1.147
10.298	-0.324	0.446	0.545	0.57	0.05	-1.50	-5.56	3.21	-6.56	46522	-0.312	0.449	0.581	-0.149	-0.014	1.145
10.305	-0.324	0.447	0.545	0.51	-0.00	-1.56	-6.08	2.55	-6.36	46509	-0.316	0.450	0.581	-0.150	-0.014	1.142
10.310	-0.327	0.449	0.547	0.43	-0.03	-1.62	-6.84	1.14	-6.06	46489	-0.319	0.450	0.581	-0.150	-0.014	1.139
10.325	-0.331	0.449	0.547	0.36	-0.03	-1.68	-7.05	-0.82	-5.35	46181	-0.323	0.451	0.581	-0.151	-0.014	1.137
10.332	-0.330	0.447	0.547	0.31	-0.06	-1.74	-6.66	-1.10	-5.32	46163	-0.326	0.451	0.580	-0.151	-0.014	1.134
10.343	-0.338	0.448	0.547	0.25	-0.01	-1.79	-4.48	-0.89	-5.12	46140	-0.330	0.451	0.580	-0.151	-0.014	1.132
10.352	-0.341	0.449	0.546	0.21	-0.00	-1.84	-2.71	-0.05	-5.24	46115	-0.333	0.451	0.580	-0.152	-0.014	1.129
10.364	-0.341	0.449	0.546	0.19	-0.02	-1.89	-1.97	-0.67	-5.05	46243	-0.337	0.452	0.580	-0.152	-0.015	1.126
10.372	-0.346	0.451	0.546	0.17	-0.01	-1.94	0.70	0.12	-5.21	46234	-0.340	0.452	0.580	-0.152	-0.015	1.124
10.383	-0.350	0.451	0.546	0.18	-0.00	-1.99	2.36	-0.71	-4.38	46229	-0.344	0.452	0.579	-0.153	-0.015	1.121
10.392	-0.355	0.451	0.546	0.21	0.02	-2.03	3.18	-0.26	-4.43	46216	-0.347	0.453	0.579	-0.153	-0.015	1.119
10.403	-0.352	0.450	0.547	0.25	-0.03	-2.08	4.08	0.61	-4.40	46207	-0.350	0.453	0.579	-0.153	-0.015	1.116
10.409	-0.353	0.448	0.547	0.31	-0.05	-2.12	3.47	0.13	-4.08	46090	-0.353	0.453	0.579	-0.153	-0.015	1.114
10.419	-0.356	0.449	0.547	0.35	-0.05	-2.16	3.16	-0.56	-4.08	46099	-0.356	0.453	0.579	-0.153	-0.015	1.112
10.431	-0.362	0.448	0.547	0.38	-0.02	-2.20	3.12	-1.79	-3.96	46103	-0.359	0.453	0.579	-0.153	-0.016	1.109
10.442	-0.363	0.448	0.548	0.41	-0.01	-2.24	1.20	-3.25	-2.93	46103	-0.362	0.453	0.579	-0.153	-0.016	1.107
10.453	-0.367	0.448	0.548	0.42	0.02	-2.27	0.13	-1.68	-3.44	46054	-0.365	0.453	0.578	-0.153	-0.016	1.105
10.464	-0.368	0.448	0.548	0.41	0.02	-2.30	-2.50	-2.30	-2.65	46046	-0.368	0.452	0.578	-0.153	-0.016	1.102
10.471	-0.373	0.448	0.548	0.37	0.06	-2.33	-3.84	-2.21	-2.21	46054	-0.371	0.452	0.578	-0.154	-0.017	1.100
10.484	-0.372	0.450	0.549	0.32	0.05	-2.35	-4.97	-1.43	-2.06	46067	-0.374	0.452	0.578	-0.153	-0.017	1.098
10.493	-0.373	0.451	0.549	0.27	0.05	-2.38	-4.93	-1.09	-2.11	45928	-0.376	0.453	0.578	-0.153	-0.017	1.096
10.503	-0.376	0.451	0.549	0.22	0.06	-2.40	-3.35	-0.29	-2.63	45927	-0.379	0.453	0.578	-0.153	-0.017	1.093
10.512	-0.375	0.450	0.549	0.21	0.03	-2.42	-0.72	-0.52	-2.10	45928	-0.381	0.453	0.578	-0.153	-0.017	1.091
10.523	-0.381	0.450	0.549	0.21	0.06	-2.44	1.24	-1.03	-1.87	45927	-0.383	0.453	0.578	-0.153	-0.017	1.089
10.533	-0.384	0.450	0.550	0.24	0.08	-2.46	4.73	-2.03	-2.15	45942	-0.386	0.453	0.578	-0.153	-0.017	1.087
10.544	-0.387	0.450	0.550	0.29	0.10	-2.48	6.57	-2.96	-2.22	45886	-0.389	0.453	0.578	-0.153	-0.017	1.085
10.551	-0.391	0.450	0.550	0.37	0.14	-2.50	8.40	-3.32	-1.64	45882	-0.391	0.453	0.578	-0.153	-0.018	1.083
10.561	-0.392	0.449	0.550	0.47	0.16	-2.52	8.61	-3.25	-1.51	45899	-0.394	0.453	0.577	-0.153	-0.018	1.080
10.573	-0.395	0.448	0.550	0.57	0.18	-2.54	8.66	-0.71	-1.34	45907	-0.397	0.453	0.577	-0.152	-0.018	1.078
10.582	-0.395	0.448	0.550	0.64	0.17	-2.55	6.75	-0.82	-0.15	45972	-0.399	0.452	0.577	-0.152	-0.018	1.076
10.593	-0.395	0.450	0.550	0.69	0.15	-2.55	4.44	-0.06	-0.15	45993	-0.401	0.452	0.577	-0.152	-0.018	1.074
10.601	-0.398	0.450	0.550	0.73	0.14	-2.55	2.25	1.15	-0.25	46008	-0.403	0.452	0.577	-0.152	-0.018	1.072
10.612	-0.400	0.451	0.548	0.75	0.14	-2.55	-0.18	0.30	-0.17	46020	-0.406	0.452	0.576	-0.151	-0.019	1.070
10.623	-0.411	0.454	0.548	0.73	0.20	-2.55	-0.12	-1.72	0.27	46297	-0.409	0.453	0.576	-0.152	-0.019	1.068
10.632	-0.411	0.452	0.548	0.74	0.19	-2.54	-0.52	-1.65	0.30	46337	-0.412	0.453	0.575	-0.151	-0.019	1.066
10.643	-0.414	0.453	0.548	0.73	0.21	-2.54	-1.87	-2.28	-0.19	46370	-0.414	0.453	0.575	-0.151	-0.019	1.064
10.651	-0.418	0.455	0.547	0.69	0.25	-2.54	-2.26	-3.89	0.19	46391	-0.418	0.454	0.574	-0.151	-0.019	1.062
10.663	-0.421	0.455	0.547	0.67	0.29	-2.54	-2.09	-4.71	0.68	46405	-0.421	0.454	0.574	-0.151	-0.018	1.060
10.673	-0.424	0.455	0.547	0.65	0.33	-2.53	-1.15	-3.66	0.63	46555	-0.424	0.454	0.573	-0.151	-0.018	1.058
10.684	-0.426	0.456	0.547	0.65	0.37	-2.53	1.10	-3.06	0.80	46584	-0.427	0.455	0.573	-0.151	-0.018	1.056
10.693	-0.429	0.456	0.546	0.66	0.39	-2.52	3.33	-1.85	0.97	46605	-0.430	0.455	0.572	-0.151	-0.018	1.054
10.701	-0.427	0.455	0.546	0.71	0.37	-2.51	5.05	-0.65	1.47	46631	-0.432	0.455	0.572	-0.151	-0.018	1.052
10.713	-0.425	0.453	0.545	0.78	0.33	-2.50	6.43	1.45	1.23	46781	-0.434	0.455	0.571	-0.151	-0.018	1.050
10.722	-0.421	0.449	0.545	0.87	0.27	-2.49	6.77	1.87	1.51	46781	-0.435	0.455	0.571	-0.150	-0.019	1.048
10.733	-0.443	0.454	0.545	0.91	0.39	-2.47	6.57	2.73	0.72	46803	-0.439	0.455	0.571	-0.150	-0.019	1.046
10.744	-0.441	0.451	0.544	0.99	0.32	-2.46	7.11	3.48	0.68	46981	-0.441	0.454	0.570	-0.150	-0.019	1.044
10.751	-0.445	0.451	0.544	1.06	0.30	-2.45	5.59	2.04	0.38	46981	-0.445	0.454	0.569	-0.150	-0.019	1.042
10.764	-0.447	0.452	0.543	1.10	0.27	-2.45	4.00	1.72	0.63	47009	-0.448	0.454	0.569	-0.150	-0.019	1.040
10.773	-0.450	0.453	0.543	1.13	0.26	-2.44	3.01	-0.09	0.63	47009	-0.451	0.454	0.568	-0.150	-0.019	1.038
10.785	-0.453	0.453	0.543	1.15	0.27	-2.44	1.04	-0.45	0.53	47032	-0.454	0.454	0.568	-0.150	-0.019	1.036
10.794	-0.452	0.451	0.543	1.17	0.24	-2.43	-0.49	-0.55	0.87	46980	-0.456	0.453	0.568	-0.150	-0.019	1.034
10.802	-0.455	0.451	0.543	1.16	0.25	-2.42	-1.78	-1.73	0.78	46978	-0.459	0.453	0.567	-0.150	-0.020	1.033
10.813	-0.452	0.450	0.542	1.15	0.22	-2.42	-2.54	-2.59	0.97	46978	-0.461	0.453	0.567	-0.149	-0.020	1.031
10.837	-0.453	0.450	0.542	1.11	0.23	-2.41	-3.18	-2.00	0.91	46985	-0.462	0.452	0.567	-0.149	-0.020	1.029
10.853	-0.465	0.452	0.542	1.06	0.32	-2.39	-3.27	-2.45	1.23	47003	-0.466	0.452	0.566	-0.149	-0.020	1.027
10.860	-0.468	0.452	0.542	1.03	0.35	-2.38	-4.05	-2.94	1.91	46965	-0.469	0.452	0.566	-0.149	-0.020	1.025
10.865	-0.471	0.452	0.542	1.00	0.37	-2.36	-2.29	-1.09	2.16	46981	-0.472	0.452	0.566	-0.149	-0.020	1.023
10.869	-0.478	0.453	0.541	0.97	0.41	-2.34	-1.74	-0.19	2.63	46989	-0.475	0.452	0.565	-0.149	-0.020	1.022
10.874	-0.483	0.455	0.542	0.94	0.42	-2.31	0.32	0.51	2.62	46976	-0.479	0.452	0.565	-0.149	-0.020	1.020
10.883	-0.486	0.455	0.542	0.96	0.41	-2.28	2.88	1.53	2.84	46852	-0.482	0.452	0.565	-0.149	-0.019	1.018
10.892	-0.485	0.451	0.541	1.02	0.36	-2.26	6.41	3.70	2.65	46843	-0.485	0.452	0.565	-0.149	-0.020	1.016
10.903	-0.483	0.452	0.541	1.08	0.28	-2.23	6.72	4.16	2.74	46831	-0.488	0.452	0.565	-0.149	-0.019	1.014
10.911	-0.474	0.450	0.540	1.17	0.15	-2.21	8.94	4.36	3.03	46807	-0.489	0.451	0.564	-0.148	-0.020	1.013
10.923	-0.473	0.447	0.540	1.28	0.08	-2.18	9.08	3.86	3.30	46938	-0.490	0.451	0.564	-0.147	-0.020	1.011
10.933	-0.496	0.448	0.540	1.36	0.19	-2.14	7.84	3.09	3.02	46928	-0.493	0.450	0.563	-0.148	-0.020	1.009
10.939	-0.500	0.448	0.540	1.44	0.17	-2.11	6.84	0.77	3.51	46930	-0.497	0.450	0.563	-0.148	-0.020	1.007
10.953	-0.504	0.448	0.539	1.50	0.18	-2.07	3.98	-0.86	3.34	46933	-0.501	0.449	0.563	-0.148	-0.020	1.006
10.964	-0.505	0.447	0.540	1.53	0.17	-2.04	1.35	0.42	2.14	46942	-0.504	0.449	0.562	-0.148	-0.020	1.004
10.971	-0.510	0.447	0.539	1.52	0.19	-2.02	-2.29	-1.88	3.20	46909	-0.508	0.448	0.562	-0.148	-0.020	1.002
10.981	-0.513	0.447	0.539	1.49	0.20	-1.98	-4.40	0.74	3.30	46904	-0.511	0.448	0.562	-0.148	-0.020	1.000
10.994	-0.516	0.447	0.539	1.44	0.19	-1.96	-7.36	1.22	2.95	46882	-0.515	0.447	0.562	-0.148	-0.020	0.999
11.004	-0.519	0.446	0.538	1.36	0.18	-1.93	-7.88	2.16	3.13	46882	-0.518	0.447	0.561	-0.148	-0.020	0.997
11.011	-0.522	0.446	0.538	1.29	0.15	-1.90	-6.83	3.23	2.95	46944	-0.521	0.446	0.561	-0.148	-0.020	0.995
11.022	-0.538	0.449	0.538	1.19	0.21	-1.86	-6.01	3.56	2.93	46941	-0.526	0.446	0.561	-0.149	-0.020	0.993
11.039	-0.541	0.448	0.538	1.14	0.17	-1.83	-3.46	3.85	2.79	46942	-0.531	0.446	0.560	-0.149	-0.020	0.992
11.070	-0.545	0.448	0.539	1.12	0.13	-1.80	-1.27	5.03	3.21	46931	-0.536	0.446	0.560	-0.150	-0.020	0.990
11.083	-0.549	0.448	0.538	1.11	0.07	-1.77	2.20	6.19	2.55	46772	-0.540	0.445	0.560	-0.150	-0.020	0.988
11.088	-0.551	0.448	0.538	1.14	-0.00	-1.74	4.84	8.32	2.68	46757	-0.545	0.445	0.560	-0.151	-0.020	0.987
11.095	-0.555	0.448	0.538	1.19	-0.08	-1.71	5.40	7.13	3.25	46744	-0.549	0.445	0.560	-0.151	-0.019	0.985
11.095	-0.550	0.446	0.538	1.26	-0.22	-1.69	5.80	8.88	2.37	46726	-0.552	0.445	0.560	-0.151	-0.019	0.984
11.101	-0.554	0.445	0.538	1.32	-0.31	-1.66	6.06	9.94	2.05	46696	-0.555	0.444	0.559	-0.151	-0.019	0.982
11.106	-0.569	0.448	0.538	1.35	-0.32	-1.63	4.14	9.83	1.93	46613	-0.560	0.444	0.559	-0.151	-0.019	0.980
11.115	-0.572	0.447	0.538	1.39	-0.41	-1.61	3.19	7.00	2.97	46601	-0.565	0.444	0.559	-0.152	-0.019	0.979
11.120	-0.578	0.447	0.538	1.41	-0.46	-1.58	1.37	7.32	2.02	46583	-0.570	0.444	0.559	-0.152	-0.019	0.977
11.133	-0.581	0.447	0.537	1.42	-0.53	-1.56	1.02	6.05	2.35	46578	-0.574	0.443	0.559	-0.152	-0.019	0.976
11.141	-0.585	0.447	0.537	1.42	-0.58	-1.53	-1.29	4.42	1.97	46726	-0.579	0.443	0.558	-0.153	-0.018	0.974
11.150	-0.589	0.447	0.537	1.40	-0.62	-1.51	-1.65	3.08	2.46	46708	-0.583	0.443	0.558	-0.153	-0.018	0.973
11.163	-0.592	0.446	0.537	1.39	-0.65	-1.48	-0.83	2.66	2.21	46690	-0.588	0.443	0.558	-0.153	-0.018	0.971
11.173	-0.588	0.446	0.537	1.38	-0.72	-1.47	0.02	3.66	1.83	46683	-0.591	0.443	0.558	-0.153	-0.018	0.969
11.179	-0.598	0.445	0.537	1.38	-0.71	-1.45	1.32	3.54	1.22	46683	-0.595	0.442	0.557	-0.153	-0.018	0.968
11.189	-0.599	0.445	0.537	1.39	-0.77	-1.44	2.42	3.50	1.13	46665	-0.599	0.442	0.557	-0.153	-0.018	0.966
11.202	-0.602	0.445	0.537	1.42	-0.80	-1.42	4.03	2.71	1.26	46650	-0.603	0.441	0.557	-0.153	-0.017	0.965
11.213	-0.605	0.445	0.537	1.46	-0.83	-1.41	5.88	2.91	1.24	46650	-0.607	0.441	0.557	-0.153	-0.017	0.963
11.222	-0.608	0.444	0.537	1.52	-0.87	-1.40	6.22	2.58	1.44	46636	-0.610	0.441	0.557	-0.153	-0.017	0.962
11.229	-0.610	0.444	0.537	1.58	-0.89	-1.38	6.51	2.04	1.15	46624	-0.614	0.440	0.556	-0.153	-0.017	0.960
11.241	-0.613	0.443	0.537	1.65	-0.91	-1.37	6.16	2.24	1.22	46624	-0.617	0.440	0.556	-0.152	-0.017	0.959
11.253	-0.611	0.441	0.537	1.72	-0.97	-1.36	5.20	1.35	0.82	46635	-0.620	0.439	0.556	-0.152	-0.017	0.957
11.262	-0.614	0.443	0.538	1.74	-0.98	-1.36	3.67	1.41	0.84	46644	-0.623	0.439	0.556	-0.152	-0.016	0.956
11.271	-0.611	0.444	0.538	1.76	-1.04	-1.35	1.34	1.23	0.65	46410	-0.625	0.439	0.556	-0.151	-0.016	0.955
11.281	-0.612	0.443	0.538	1.77	-1.07	-1.35	-0.75	0.34	0.85	46413	-0.627	0.438	0.556	-0.150	-0.016	0.953
11.292	-0.615	0.442	0.538	1.75	-1.07	-1.33	-2.89	-0.29	1.38	46411	-0.629	0.438	0.556	-0.149	-0.016	0.952
11.303	-0.621	0.443	0.537	1.70	-1.03	-1.32	-4.25	-1.09	1.25	46417	-0.632	0.437	0.556	-0.149	-0.015	0.951
11.312	-0.624	0.442	0.537	1.66	-1.02	-1.31	-4.89	-2.57	1.15	46570	-0.634	0.437	0.556	-0.148	-0.015	0.949
11.321	-0.629	0.438	0.537	1.63	-0.99	-1.30	-5.03	-3.35	0.67	46579	-0.637	0.436	0.555	-0.148	-0.015	0.948
11.334	-0.629	0.438	0.537	1.58	-0.96	-1.29	-4.00	-4.17	0.60	46577	-0.640	0.436	0.555	-0.147	-0.015	0.946
11.343	-0.632	0.437	0.537	1.54	-0.92	-1.29	-3.07	-6.10	0.94	46598	-0.642	0.435	0.555	-0.147	-0.015	0.945
11.352	-0.629	0.433	0.537	1.53	-0.90	-1.29	-0.93	-4.98	0.74	46598	-0.644	0.434	0.555	-0.146	-0.015	0.944
11.363	-0.628	0.430	0.536	1.54	-0.87	-1.28	1.50	-5.05	0.89	46671	-0.646	0.432	0.555	-0.145	-0.015	0.942
11.372	-0.629	0.430	0.536	1.54	-0.83	-1.28	2.27	-4.95	0.63	46671	-0.648	0.431	0.554	-0.144	-0.015	0.941
11.382	-0.632	0.429	0.536	1.57	-0.79	-1.27	4.09	-3.24	0.88	46676	-0.649	0.430	0.554	-0.143	-0.015	0.940
11.392	-0.634	0.428	0.536	1.61	-0.75	-1.26	3.92	-2.76	0.81	46691	-0.651	0.428	0.554	-0.142	-0.015	0.938
11.403	-0.637	0.427	0.536	1.64	-0.73	-1.25	3.15	-2.23	0.54	46808	-0.653	0.427	0.553	-0.142	-0.015	0.937
11.412	-0.644	0.427	0.535	1.66	-0.67	-1.25	1.77	-2.35	0.90	46808	-0.656	0.426	0.553	-0.141	-0.015	0.935
11.423	-0.647	0.426	0.535	1.67	-0.65	-1.24	-0.07	-2.45	0.91	46821	-0.658	0.425	0.553	-0.141	-0.015	0.934
11.430	-0.650	0.425	0.534	1.67	-0.63	-1.23	-1.77	-1.60	1.09	47067	-0.661	0.424	0.552	-0.140	-0.015	0.933
11.441	-0.652	0.423	0.534	1.64	-0.61	-1.22	-3.46	-1.87	1.04	47090	-0.663	0.422	0.552	-0.139	-0.015	0.931
11.453	-0.655	0.422	0.534	1.60	-0.59	-1.21	-4.83	-2.77	1.52	47090	-0.666	0.421	0.552	-0.139	-0.015	0.930
11.463	-0.658	0.421	0.533	1.55	-0.56	-1.20	-5.38	-1.29	0.84	47100	-0.669	0.420	0.551	-0.138	-0.015	0.929
11.474	-0.658	0.415	0.533	1.52	-0.57	-1.19	-6.83	-1.72	0.50	47098	-0.671	0.418	0.551	-0.138	-0.015	0.927
11.481	-0.660	0.414	0.532	1.46	-0.55	-1.19	-5.96	-3.06	1.14	47106	-0.673	0.416	0.550	-0.137	-0.015	0.926
11.494	-0.661	0.414	0.532	1.39	-0.52	-1.18	-5.96	-4.64	1.27	47203	-0.675	0.414	0.550	-0.136	-0.015	0.925
11.503	-0.662	0.415	0.532	1.31	-0.48	-1.17	-5.17	-5.58	1.25	47206	-0.678	0.413	0.550	-0.136	-0.015	0.923
11.512	-0.664	0.419	0.532	1.23	-0.44	-1.16	-5.01	-5.31	1.60	47206	-0.679	0.413	0.549	-0.135	-0.015	0.922
11.522	-0.664	0.420	0.531	1.16	-0.40	-1.15	-2.89	-3.70	1.41	47331	-0.681	0.412	0.549	-0.134	-0.014	0.920
11.532	-0.665	0.419	0.531	1.13	-0.38	-1.13	-1.38	-1.00	1.00	47333	-0.683	0.412	0.549	-0.133	-0.014	0.919
11.544	-0.664	0.413	0.530	1.15	-0.39	-1.13	0.68	-0.34	0.86	47339	-0.684	0.410	0.548	-0.132	-0.014	0.918
11.552	-0.666	0.412	0.530	1.16	-0.39	-1.11	1.48	-0.86	1.53	47342	-0.686	0.409	0.548	-0.131	-0.014	0.916
11.564	-0.669	0.410	0.531	1.18	-0.38	-1.10	2.83	0.35	1.71	47067	-0.687	0.408	0.548	-0.130	-0.013	0.915
11.573	-0.671	0.409	0.531	1.21	-0.39	-1.09	3.73	-0.50	2.22	47052	-0.689	0.407	0.548	-0.129	-0.013	0.914
11.582	-0.673	0.407	0.531	1.25	-0.38	-1.07	3.72	-0.41	1.58	47041	-0.690	0.405	0.548	-0.128	-0.013	0.913
11.593	-0.679	0.402	0.531	1.31	-0.36	-1.05	2.63	-1.23	1.47	47031	-0.693	0.403	0.548	-0.128	-0.013	0.911
11.599	-0.682	0.401	0.531	1.33	-0.34	-1.03	3.49	-2.75	1.71	47019	-0.695	0.402	0.547	-0.127	-0.013	0.910
11.613	-0.681	0.395	0.531	1.39	-0.33	-1.02	1.81	-2.53	0.40	47002	-0.697	0.399	0.547	-0.126	-0.014	0.909
11.623	-0.680	0.393	0.531	1.42	-0.33	-1.01	0.91	-4.25	1.73	46989	-0.698	0.397	0.547	-0.125	-0.014	0.908
11.632	-0.683	0.391	0.531	1.42	-0.28	-1.00	-1.53	-4.88	0.40	46982	-0.700	0.395	0.547	-0.124	-0.014	0.906
11.640	-0.682	0.390	0.531	1.39	-0.25	-1.00	-3.10	-4.95	0.99	46979	-0.701	0.393	0.547	-0.123	-0.014	0.905
11.653	-0.685	0.392	0.531	1.33	-0.20	-0.99	-4.15	-4.70	0.35	46868	-0.703	0.391	0.547	-0.122	-0.014	0.904
11.662	-0.686	0.393	0.531	1.26	-0.16	-0.99	-6.49	-4.46	0.35	46849	-0.704	0.390	0.547	-0.122	-0.014	0.903
11.673	-0.688	0.392	0.531	1.20	-0.11	-0.99	-6.52	-4.64	0.45	46832	-0.706	0.388	0.547	-0.121	-0.014	0.902
11.681	-0.691	0.390	0.531	1.13	-0.07	-0.98	-6.33	-2.19	0.14	46828	-0.707	0.387	0.547	-0.120	-0.013	0.900
11.693	-0.690	0.383	0.532	1.11	-0.07	-0.98	-4.20	-2.40	0.37	46589	-0.709	0.385	0.547	-0.119	-0.014	0.899
11.702	-0.692	0.381	0.532	1.06	-0.05	-0.98	-3.71	-0.15	-0.20	46563	-0.710	0.383	0.547	-0.118	-0.014	0.898
11.708	-0.694	0.379	0.532	1.03	-0.05	-0.98	-2.23	-1.04	0.64	46537	-0.712	0.380	0.547	-0.117	-0.014	0.897
11.722	-0.693	0.377	0.532	1.02	-0.07	-0.98	-0.22	0.96	-0.07	46515	-0.713	0.378	0.547	-0.116	-0.014	0.896
11.733	-0.692	0.375	0.532	1.02	-0.10	-0.98	1.05	0.50	0.38	46500	-0.714	0.376	0.547	-0.115	-0.014	0.895
11.740	-0.698	0.371	0.532	1.04	-0.08	-0.97	2.02	1.78	-0.31	46586	-0.715	0.374	0.547	-0.114	-0.014	0.894
11.750	-0.696	0.370	0.532	1.06	-0.12	-0.98	1.12	0.91	0.16	46577	-0.716	0.372	0.547	-0.113	-0.014	0.893
11.762	-0.699	0.372	0.532	1.04	-0.12	-0.98	1.02	0.44	-0.16	46562	-0.717	0.370	0.547	-0.112	-0.014	0.891
11.772	-0.701	0.370	0.532	1.05	-0.12	-0.98	0.17	0.52	-0.48	46547	-0.719	0.368	0.547	-0.111	-0.014	0.890
11.781	-0.701	0.371	0.532	1.02	-0.13	-0.99	-1.67	-2.42	0.15	46541	-0.720	0.367	0.547	-0.110	-0.014	0.889
11.792	-0.703	0.369	0.532	1.01	-0.11	-0.99	-2.25	-2.56	-0.56	46531	-0.721	0.365	0.547	-0.109	-0.013	0.888
11.803	-0.705	0.367	0.532	0.98	-0.09	-0.99	-2.82	-3.37	0.07	46517	-0.723	0.364	0.546	-0.108	-0.013	0.887
11.813	-0.705	0.360	0.532	0.98	-0.07	-0.99	-2.85	-3.74	-0.61	46515	-0.724	0.361	0.546	-0.107	-0.013	0.886
11.823	-0.706	0.362	0.532	0.93	-0.03	-1.00	-2.92	-4.08	-0.36	46523	-0.725	0.360	0.546	-0.106	-0.013	0.885
11.832	-0.704	0.363	0.533	0.87	-0.02	-1.01	-2.58	-3.59	-0.75	46460	-0.725	0.358	0.546	-0.105	-0.013	0.884
11.843	-0.705	0.363	0.533	0.84	0.01	-1.01	-2.65	-3.29	-0.60	46436	-0.726	0.357	0.546	-0.104	-0.012	0.883
11.853	-0.705	0.351	0.533	0.88	0.02	-1.02	-0.81	-3.06	-0.71	46431	-0.727	0.354	0.546	-0.103	-0.013	0.882
11.862	-0.704	0.349	0.533	0.87	0.04	-1.02	0.02	-1.81	-1.11	46439	-0.727	0.352	0.546	-0.102	-0.013	0.881
11.873	-0.705	0.349	0.532	0.87	0.05	-1.04	1.57	-2.45	-0.59	46565	-0.728	0.350	0.546	-0.101	-0.013	0.880
11.882	-0.707	0.347	0.532	0.89	0.07	-1.04	2.85	-0.91	-0.81	46556	-0.728	0.347	0.546	-0.100	-0.013	0.879
11.892	-0.710	0.347	0.532	0.90	0.08	-1.05	3.06	-0.43	-0.80	46552	-0.729	0.345	0.546	-0.099	-0.013	0.878
11.902	-0.711	0.350	0.532	0.90	0.08	-1.06	3.55	-0.14	-0.75	46557	-0.730	0.344	0.546	-0.098	-0.012	0.877
11.913	-0.710	0.352	0.533	0.90	0.06	-1.07	3.01	-0.75	-0.92	46421	-0.731	0.343	0.546	-0.097	-0.012	0.876
11.919	-0.711	0.350	0.533	0.93	0.07	-1.08	1.99	-1.02	-0.89	46417	-0.731	0.342	0.546	-0.096	-0.012	0.875
11.932	-0.713	0.348	0.533	0.95	0.08	-1.09	1.13	-1.40	-0.68	46424	-0.732	0.341	0.546	-0.095	-0.011	0.874
11.943	-0.718	0.340	0.533	1.00	0.12	-1.09	0.10	-3.20	-0.25	46441	-0.733	0.339	0.545	-0.094	-0.011	0.873
11.952	-0.719	0.338	0.533	1.00	0.14	-1.10	1.12	-1.53	-0.37	46461	-0.735	0.336	0.545	-0.093	-0.011	0.872
11.963	-0.719	0.337	0.532	1.00	0.14	-1.10	-0.58	-2.33	0.01	46693	-0.736	0.335	0.545	-0.092	-0.011	0.871
11.973	-0.717	0.335	0.532	0.99	0.14	-1.10	-0.79	-0.34	0.16	46704	-0.736	0.333	0.545	-0.091	-0.011	0.870
11.982	-0.719	0.332	0.532	0.99	0.15	-1.10	-1.22	-0.87	0.56	46715	-0.737	0.331	0.545	-0.090	-0.011	0.869
11.991	-0.719	0.327	0.532	0.99	0.15	-1.09	-2.94	-0.19	0.35	46735	-0.738	0.328	0.544	-0.089	-0.011	0.868
11.999	-0.721	0.325	0.532	0.96	0.15	-1.09	-3.73	-1.49	0.84	46724	-0.739	0.326	0.544	-0.089	-0.011	0.867
12.012	-0.722	0.326	0.532	0.89	0.17	-1.08	-4.15	-1.38	1.35	46735	-0.740	0.324	0.544	-0.088	-0.011	0.866
12.023	-0.722	0.329	0.532	0.81	0.16	-1.07	-3.85	-0.91	1.70	46740	-0.740	0.322	0.544	-0.087	-0.010	0.865
12.033	-0.722	0.331	0.532	0.75	0.17	-1.06	-2.49	-0.40	1.93	46737	-0.741	0.321	0.544	-0.086	-0.010	0.864
12.041	-0.725	0.331	0.531	0.72	0.17	-1.04	-0.88	1.25	1.60	46749	-0.742	0.320	0.544	-0.085	-0.009	0.863
12.052	-0.724	0.327	0.532	0.73	0.14	-1.02	1.80	2.19	1.63	46723	-0.742	0.319	0.544	-0.084	-0.009	0.862
12.063	-0.726	0.325	0.532	0.75	0.12	-1.00	2.75	0.11	2.22	46718	-0.743	0.318	0.543	-0.083	-0.009	0.861
12.068	-0.725	0.327	0.531	0.76	0.11	-0.98	4.60	1.14	1.64	46704	-0.744	0.317	0.543	-0.082	-0.008	0.860
12.082	-0.727	0.325	0.531	0.81	0.10	-0.96	5.97	0.41	1.66	46701	-0.744	0.316	0.543	-0.081	-0.008	0.860
12.092	-0.734	0.316	0.531	0.92	0.13	-0.94	6.62	-0.21	1.68	46822	-0.746	0.314	0.543	-0.081	-0.007	0.859
12.102	-0.733	0.311	0.531	1.00	0.12	-0.93	7.70	0.44	1.68	46835	-0.747	0.311	0.543	-0.080	-0.007	0.858
12.112	-0.733	0.308	0.531	1.08	0.10	-0.91	6.40	-0.02	0.85	46839	-0.748	0.309	0.542	-0.079	-0.008	0.857
12.124	-0.735	0.302	0.530	1.16	0.10	-0.90	4.18	0.61	0.77	46851	-0.749	0.306	0.542	-0.078	-0.008	0.856
12.133	-0.736	0.301	0.529	1.20	0.10	-0.89	3.55	-0.75	1.17	47046	-0.750	0.303	0.542	-0.078	-0.008	0.855
12.143	-0.739	0.301	0.529	1.20	0.11	-0.89	0.97	-0.04	0.10	47060	-0.751	0.301	0.542	-0.077	-0.008	0.854
12.151	-0.738	0.304	0.529	1.17	0.10	-0.89	-1.33	-0.70	0.69	47060	-0.752	0.299	0.541	-0.076	-0.008	0.853
12.162	-0.736	0.309	0.529	1.10	0.08	-0.88	-4.00	-1.15	0.72	47062	-0.753	0.298	0.541	-0.075	-0.007	0.852
12.172	-0.737	0.307	0.529	1.06	0.09	-0.88	-5.06	-0.05	0.44	47071	-0.754	0.297	0.541	-0.075	-0.006	0.851
12.182	-0.737	0.298	0.528	1.05	0.08	-0.87	-5.39	0.51	0.44	47136	-0.754	0.295	0.541	-0.074	-0.006	0.850
12.192	-0.738	0.301	0.528	0.96	0.07	-0.87	-6.57	0.75	1.33	47141	-0.755	0.293	0.540	-0.073	-0.006	0.849
12.203	-0.739	0.299	0.528	0.90	0.06	-0.85	-4.09	1.47	1.44	47142	-0.755	0.292	0.540	-0.072	-0.006	0.849
12.214	-0.740	0.291	0.528	0.89	0.04	-0.83	-3.06	2.36	1.26	47132	-0.756	0.290	0.540	-0.071	-0.006	0.848
12.224	-0.741	0.280	0.526	0.93	0.01	-0.82	-0.59	5.45	1.10	47394	-0.757	0.286	0.539	-0.070	-0.006	0.847
12.233	-0.741	0.283	0.526	0.89	-0.06	-0.81	1.02	5.72	1.09	47395	-0.757	0.284	0.539	-0.070	-0.006	0.846
12.242	-0.740	0.285	0.526	0.87	-0.14	-0.80	3.07	6.44	0.56	47387	-0.758	0.282	0.538	-0.069	-0.006	0.845
12.254	-0.738	0.281	0.525	0.91	-0.21	-0.79	1.88	5.10	1.10	47365	-0.758	0.279	0.538	-0.068	-0.006	0.844
12.261	-0.741	0.261	0.525	1.04	-0.25	-0.78	2.04	3.81	0.58	47362	-0.758	0.275	0.538	-0.067	-0.006	0.843
12.272	-0.739	0.265	0.525	1.02	-0.30	-0.77	2.31	2.32	0.58	47446	-0.758	0.271	0.537	-0.066	-0.007	0.842
12.283	-0.742	0.266	0.524	1.02	-0.31	-0.77	-0.56	-0.11	-0.17	47442	-0.759	0.268	0.537	-0.065	-0.007	0.841
12.292	-0.738	0.270	0.524	0.97	-0.33	-0.77	-2.21	-3.31	-0.48	47429	-0.759	0.266	0.537	-0.064	-0.007	0.840
12.304	-0.744	0.249	0.524	1.07	-0.27	-0.77	-2.43	-4.40	-0.73	47429	-0.759	0.262	0.536	-0.063	-0.007	0.839
12.312	-0.746	0.244	0.524	1.05	-0.22	-0.78	-4.01	-5.55	-1.21	47341	-0.760	0.257	0.536	-0.062	-0.008	0.838
12.323	-0.746	0.250	0.524	0.94	-0.17	-0.80	-6.41	-6.81	-1.29	47333	-0.761	0.254	0.536	-0.062	-0.008	0.837
12.329	-0.746	0.255	0.524	0.82	-0.11	-0.81	-8.47	-6.33	-1.03	47310	-0.761	0.252	0.536	-0.061	-0.008	0.836
12.342	-0.749	0.222	0.524	0.94	-0.05	-0.81	-8.42	-3.37	-1.03	47308	-0.762	0.246	0.536	-0.060	-0.009	0.835
12.351	-0.750	0.219	0.523	0.85	-0.02	-0.82	-8.95	-2.30	-0.64	47391	-0.763	0.240	0.535	-0.060	-0.010	0.834
12.365	-0.750	0.206	0.523	0.84	-0.01	-0.83	-9.45	1.25	-0.75	47380	-0.764	0.233	0.535	-0.059	-0.012	0.833
12.372	-0.750	0.204	0.523	0.73	-0.05	-0.83	-9.61	4.24	-0.23	47359	-0.764	0.227	0.535	-0.058	-0.013	0.832
12.383	-0.749	0.207	0.522	0.58	-0.11	-0.84	-11.45	7.06	0.00	47340	-0.765	0.222	0.535	-0.057	-0.013	0.831
12.392	-0.747	0.212	0.522	0.40	-0.20	-0.84	-13.22	9.13	-0.22	47317	-0.765	0.218	0.535	-0.056	-0.014	0.831
12.403	-0.746	0.197	0.522	0.35	-0.31	-0.84	-14.07	9.79	-0.69	47248	-0.765	0.213	0.535	-0.056	-0.015	0.830
12.409	-0.745	0.203	0.522	0.14	-0.42	-0.84	-12.66	8.96	0.01	47206	-0.765	0.209	0.534	-0.055	-0.015	0.829
12.420	-0.746	0.193	0.522	0.07	-0.51	-0.84	-11.77	7.70	-0.72	47189	-0.765	0.204	0.534	-0.054	-0.015	0.828
12.430	-0.749	0.189	0.522	-0.03	-0.56	-0.85	-9.39	4.82	-0.11	47161	-0.765	0.200	0.534	-0.053	-0.016	0.827
12.442	-0.748	0.192	0.523	-0.17	-0.62	-0.85	-7.35	1.57	0.26	46996	-0.765	0.196	0.534	-0.052	-0.016	0.826
12.451	-0.752	0.175	0.523	-0.14	-0.61	-0.84	-5.19	-1.10	-0.16	46970	-0.766	0.191	0.534	-0.051	-0.017	0.825
12.461	-0.753	0.171	0.523	-0.19	-0.59	-0.84	-4.46	-3.36	0.49	46933	-0.766	0.185	0.534	-0.051	-0.018	0.824
12.472	-0.754	0.168	0.523	-0.23	-0.55	-0.84	-4.06	-5.14	0.40	46893	-0.767	0.180	0.534	-0.050	-0.018	0.823
12.483	-0.756	0.162	0.524	-0.25	-0.49	-0.83	-2.34	-6.38	0.77	46643	-0.768	0.175	0.534	-0.049	-0.019	0.823
12.493	-0.757	0.157	0.524	-0.27	-0.43	-0.82	-4.70	-6.04	0.79	46617	-0.769	0.170	0.535	-0.049	-0.020	0.822
12.503	-0.757	0.157	0.524	-0.34	-0.37	-0.82	-4.55	-6.74	1.05	46586	-0.769	0.166	0.535	-0.048	-0.020	0.821
12.512	-0.756	0.158	0.525	-0.42	-0.33	-0.81	-4.18	-4.47	1.56	46554	-0.770	0.162	0.535	-0.047	-0.020	0.820
12.518	-0.757	0.150	0.525	-0.43	-0.29	-0.79	-5.65	-3.24	1.54	46544	-0.770	0.158	0.535	-0.047	-0.021	0.820
12.529	-0.758	0.150	0.525	-0.52	-0.26	-0.78	-6.56	-0.24	1.70	46498	-0.771	0.154	0.535	-0.046	-0.021	0.819
12.540	-0.758	0.145	0.525	-0.57	-0.27	-0.76	-6.43	1.69	1.53	46461	-0.772	0.150	0.535	-0.045	-0.021	0.818
12.552	-0.759	0.149	0.525	-0.69	-0.30	-0.75	-5.02	4.68	1.24	46417	-0.772	0.147	0.535	-0.045	-0.021	0.817
12.560	-0.760	0.146	0.525	-0.74	-0.35	-0.74	-4.33	6.98	0.58	46397	-0.773	0.144	0.535	-0.044	-0.021	0.816
12.571	-0.763	0.125	0.525	-0.65	-0.41	-0.73	-2.45	6.80	1.20	46424	-0.774	0.139	0.535	-0.044	-0.022	0.816
12.582	-0.763	0.125	0.525	-0.65	-0.41	-0.73	-1.12	6.58	1.43	46419	-0.775	0.134	0.535	-0.043	-0.022	0.815
12.593	-0.762	0.127	0.526	-0.71	-0.51	-0.72	-0.21	5.82	1.34	46399	-0.775	0.130	0.535	-0.042	-0.022	0.814
12.603	-0.762	0.132	0.526	-0.78	-0.59	-0.71	-0.64	4.98	1.66	46377	-0.776	0.128	0.536	-0.042	-0.022	0.813
12.610	-0.766	0.121	0.526	-0.72	-0.62	-0.69	-0.90	3.52	1.59	46368	-0.776	0.124	0.536	-0.041	-0.022	0.813
12.620	-0.768	0.112	0.525	-0.69	-0.66	-0.68	-0.09	1.38	2.24	46520	-0.778	0.120	0.535	-0.041	-0.023	0.812
12.632	-0.769	0.113	0.525	-0.72	-0.70	-0.66	-0.09	0.76	1.63	46519	-0.779	0.116	0.535	-0.040	-0.023	0.811
12.642	-0.770	0.113	0.526	-0.78	-0.72	-0.63	-0.83	-0.30	1.79	46513	-0.780	0.113	0.535	-0.040	-0.023	0.810
12.653	-0.770	0.113	0.526	-0.78	-0.72	-0.63	-0.43	-2.28	2.59	46507	-0.780	0.110	0.535	-0.039	-0.023	0.810
12.660	-0.770	0.111	0.526	-0.79	-0.72	-0.61	-0.50	-1.31	1.34	46473	-0.781	0.107	0.535	-0.039	-0.022	0.809
12.670	-0.774	0.098	0.526	-0.72	-0.68	-0.59	0.84	-2.68	1.85	46478	-0.782	0.103	0.535	-0.038	-0.023	0.808
12.682	-0.774	0.095	0.526	-0.73	-0.67	-0.57	1.13	-2.68	1.92	46482	-0.783	0.100	0.535	-0.038	-0.023	0.808
12.692	-0.775	0.092	0.526	-0.72	-0.64	-0.55	3.83	-2.26	2.09	46480	-0.784	0.096	0.535	-0.037	-0.023	0.807
12.703	-0.775	0.094	0.527	-0.73	-0.63	-0.53	4.41	0.72	1.37	46250	-0.785	0.093	0.535	-0.037	-0.023	0.806
12.710	-0.778	0.091	0.528	-0.66	-0.63	-0.51	5.01	2.81	1.34	46241	-0.786	0.090	0.535	-0.036	-0.023	0.806
12.723	-0.778	0.091	0.528	-0.66	-0.63	-0.51	4.92	4.74	1.25	46246	-0.787	0.087	0.535	-0.036	-0.023	0.805
12.732	-0.778	0.092	0.528	-0.65	-0.68	-0.50	6.07	5.25	0.54	46250	-0.788	0.085	0.536	-0.035	-0.022	0.805
12.738	-0.778	0.089	0.528	-0.59	-0.73	-0.48	5.88	6.18	1.23	46242	-0.789	0.083	0.536	-0.035	-0.022	0.804
12.752	-0.780	0.089	0.528	-0.56	-0.77	-0.48	5.49	5.66	1.01	46329	-0.790	0.081	0.536	-0.034	-0.022	0.803
12.762	-0.781	0.091	0.528	-0.54	-0.84	-0.47	5.24	4.39	1.20	46336	-0.791	0.079	0.536	-0.034	-0.021	0.803
12.773	-0.782	0.088	0.528	-0.48	-0.89	-0.46	5.21	3.27	0.79	46346	-0.792	0.077	0.536	-0.033	-0.021	0.802
12.783	-0.782	0.085	0.528	-0.43	-0.93	-0.45	5.62	2.38	1.09	46355	-0.793	0.076	0.536	-0.033	-0.020	0.802
12.788	-0.783	0.088	0.526	-0.42	-0.96	-0.44	6.45	1.21	1.21	46760	-0.794	0.074	0.535	-0.032	-0.019	0.801
12.802	-0.784	0.085	0.526	-0.35	-0.98	-0.43	7.37	0.63	1.08	46773	-0.795	0.073	0.535	-0.032	-0.019	0.800
12.811	-0.789	0.085	0.526	-0.30	-0.96	-0.43	8.38	-0.05	1.36	46801	-0.796	0.072	0.535	-0.031	-0.018	0.800
12.823	-0.790	0.082	0.526	-0.21	-0.96	-0.42	9.45	-0.47	1.63	46833	-0.797	0.071	0.534	-0.031	-0.018	0.799
12.832	-0.791	0.082	0.526	-0.14	-0.96	-0.40	9.78	-0.72	1.52	46765	-0.799	0.069	0.534	-0.030	-0.017	0.798
12.843	-0.793	0.082	0.526	-0.06	-0.95	-0.39	9.41	-0.03	1.65	46774	-0.800	0.068	0.534	-0.030	-0.016	0.798
12.852	-0.791	0.081	0.526	0.03	-0.96	-0.37	9.51	1.12	2.08	46790	-0.801	0.067	0.534	-0.030	-0.015	0.797
12.861	-0.792	0.081	0.526	0.11	-0.96	-0.35	8.44	1.81	2.28	46809	-0.802	0.066	0.534	-0.029	-0.015	0.797
12.872	-0.793	0.078	0.526	0.20	-0.98	-0.32	9.01	2.94	2.43	46808	-0.803	0.065	0.534	-0.029	-0.014	0.796
12.878	-0.794	0.076	0.527	0.29	-1.00	-0.30	9.08	3.77	2.30	46653	-0.804	0.064	0.534	-0.028	-0.014	0.796
12.890	-0.796	0.075	0.527	0.37	-1.02	-0.27	9.02	4.08	2.45	46660	-0.805	0.063	0.534	-0.028	-0.013	0.795
12.899	-0.797	0.075	0.527	0.44	-1.06	-0.25	8.09	4.44	2.54	46671	-0.806	0.062	0.534	-0.027	-0.012	0.794
12.912	-0.797	0.073	0.527	0.53	-1.10	-0.23	7.76	3.43	2.11	46671	-0.807	0.061	0.534	-0.027	-0.012	0.794
12.922	-0.798	0.072	0.527	0.59	-1.14	-0.20	7.76	2.57	2.25	46576	-0.808	0.060	0.534	-0.026	-0.011	0.793
12.931	-0.799	0.070	0.527	0.66	-1.17	-0.18	7.16	2.79	2.31	46581	-0.809	0.059	0.534	-0.026	-0.010	0.793
12.943	-0.799	0.067	0.527	0.74	-1.20	-0.16	7.28	2.09	1.83	46590	-0.810	0.057	0.534	-0.025	-0.010	0.792
12.949	-0.800	0.067	0.527	0.79	-1.22	-0.14	7.63	0.70	2.20	46597	-0.811	0.056	0.534	-0.024	-0.009	0.792
12.966	-0.801	0.065	0.528	0.87	-1.23	-0.12	7.58	0.63	1.60	46610	-0.812	0.055	0.534	-0.024	-0.009	0.791
12.973	-0.801	0.063	0.528	0.94	-1.23	-0.10	7.70	-0.06	2.40	46488	-0.813	0.053	0.534	-0.023	-0.008	0.791
12.983	-0.802	0.060	0.528	1.02	-1.23	-0.08	6.20	0.33	2.22	46488	-0.813	0.052	0.534	-0.023	-0.008	0.791
12.996	-0.802	0.058	0.528	1.09	-1.23	-0.06	6.55	0.04	2.38	46495	-0.814	0.050	0.534	-0.022	-0.008	0.790
13.026	-0.803	0.055	0.528	1.15	-1.23	-0.04	6.83	0.18	2.82	46497	-0.815	0.048	0.534	-0.022	-0.007	0.790
13.028	-0.803	0.057	0.528	1.18	-1.24	-0.01	5.89	0.83	2.28	46490	-0.816	0.047	0.534	-0.021	-0.007	0.789
13.033	-0.803	0.054	0.528	1.25	-1.24	0.01	5.28	0.91	1.70	46495	-0.816	0.045	0.534	-0.020	-0.006	0.789
13.037	-0.804	0.052	0.528	1.30	-1.25	0.03	4.91	2.03	2.52	46514	-0.817	0.044	0.534	-0.020	-0.006	0.788
13.039	-0.804	0.049	0.528	1.35	-1.27	0.05	4.80	2.77	1.04	46531	-0.817	0.042	0.534	-0.019	-0.005	0.788
13.053	-0.805	0.055	0.527	1.34	-1.29	0.06	4.89	4.24	1.90	46756	-0.818	0.041	0.534	-0.018	-0.005	0.787
13.062	-0.804	0.052	0.527	1.39	-1.33	0.08	4.33	4.58	1.55	46771	-0.818	0.040	0.533	-0.018	-0.004	0.787
13.072	-0.804	0.047	0.527	1.46	-1.39	0.10	2.99	4.28	1.10	46790	-0.819	0.038	0.533	-0.017	-0.004	0.786
13.081	-0.805	0.039	0.527	1.52	-1.42	0.12	2.40	2.98	0.82	46825	-0.819	0.036	0.533	-0.016	-0.003	0.786
13.093	-0.803	0.031	0.526	1.59	-1.50	0.15	1.89	1.89	0.64	46851	-0.819	0.033	0.533	-0.015	-0.004	0.785
13.098	-0.803	0.031	0.526	1.59	-1.50	0.15	0.24	0.76	0.65	46968	-0.819	0.030	0.533	-0.014	-0.004	0.785
13.112	-0.803	0.028	0.526	1.60	-1.51	0.15	0.83	-1.30	1.69	46979	-0.819	0.027	0.532	-0.014	-0.003	0.784
13.121	-0.803	0.026	0.525	1.61	-1.51	0.16	-0.49	-1.75	0.69	46994	-0.820	0.025	0.532	-0.013	-0.003	0.784
13.131	-0.805	0.029	0.525	1.57	-1.48	0.17	-2.10	-1.96	0.74	47005	-0.820	0.023	0.532	-0.012	-0.003	0.783
13.141	-0.804	0.032	0.525	1.51	-1.47	0.17	-2.09	-3.53	1.30	47016	-0.820	0.021	0.532	-0.011	-0.003	0.783
13.153	-0.804	0.036	0.525	1.44	-1.44	0.18	-2.94	-3.04	0.64	47008	-0.820	0.021	0.531	-0.010	-0.002	0.782
13.162	-0.804	0.033	0.525	1.42	-1.40	0.19	-2.82	-3.60	0.74	47016	-0.820	0.019	0.531	-0.009	-0.001	0.782
13.172	-0.808	0.020	0.525	1.47	-1.34	0.20	-1.47	-3.49	0.51	47028	-0.821	0.017	0.531	-0.009	-0.001	0.781
13.179	-0.808	0.017	0.525	1.44	-1.31	0.20	0.06	-3.93	1.09	47021	-0.821	0.014	0.531	-0.008	-0.001	0.781
13.190	-0.809	0.020	0.525	1.39	-1.26	0.20	-0.15	-2.96	0.79	46975	-0.822	0.012	0.531	-0.007	-0.000	0.780
13.201	-0.807	0.022	0.524	1.36	-1.24	0.21	-0.05	-1.15	0.43	46973	-0.822	0.011	0.531	-0.007	0.000	0.780
13.211	-0.807	0.015	0.524	1.39	-1.22	0.22	-0.26	0.63	1.13	46961	-0.823	0.009	0.530	-0.006	0.000	0.779
13.221	-0.807	0.006	0.524	1.43	-1.22	0.23	-1.30	2.45	0.44	46952	-0.823	0.006	0.530	-0.005	0.000	0.779
13.231	-0.807	0.005	0.525	1.41	-1.24	0.23	-1.68	3.83	0.59	46797	-0.823	0.003	0.530	-0.004	0.001	0.779
13.243	-0.807	0.002	0.525	1.40	-1.28	0.24	-3.23	5.00	0.49	46790	-0.823	0.000	0.530	-0.003	0.001	0.778
13.251	-0.808	0.004	0.525	1.34	-1.32	0.24	-4.08	5.04	0.64	46780	-0.823	-0.002	0.530	-0.003	0.001	0.778
13.262	-0.807	0.009	0.525	1.24	-1.37	0.24	-6.09	4.27	0.69	46774	-0.823	-0.003	0.530	-0.002	0.002	0.777
13.271	-0.807	0.006	0.525	1.19	-1.41	0.25	-6.14	3.16	0.49	46674	-0.823	-0.005	0.530	-0.001	0.002	0.777
13.282	-0.807	-0.003	0.525	1.18	-1.45	0.26	-7.24	2.04	0.59	46658	-0.823	-0.007	0.530	-0.000	0.002	0.777
13.291	-0.806	0.001	0.525	1.05	-1.48	0.26	-5.90	-0.69	1.27	46645	-0.823	-0.009	0.530	0.001	0.003	0.776
13.302	-0.805	0.003	0.525	0.95	-1.49	0.27	-4.55	-2.13	1.20	46645	-0.823	-0.010	0.530	0.002	0.004	0.776
13.311	-0.807	-0.003	0.525	0.93	-1.46	0.28	-3.95	-3.97	0.48	46636	-0.823	-0.012	0.530	0.003	0.004	0.775
13.321	-0.808	-0.007	0.524	0.90	-1.42	0.29	-2.43	-4.40	-0.78	46849	-0.823	-0.014	0.530	0.003	0.004	0.775
13.332	-0.808	-0.011	0.524	0.87	-1.37	0.29	-0.04	-6.21	-0.30	46841	-0.824	-0.017	0.530	0.004	0.005	0.774
13.341	-0.808	-0.009	0.524	0.84	-1.32	0.28	1.63	-5.12	-0.58	46850	-0.824	-0.018	0.530	0.005	0.005	0.774
13.351	-0.804	-0.005	0.524	0.80	-1.29	0.27	2.57	-4.63	-0.70	46845	-0.823	-0.019	0.529	0.006	0.006	0.773
13.362	-0.804	-0.003	0.524	0.78	-1.24	0.26	1.04	-3.45	-1.06	46791	-0.823	-0.020	0.529	0.007	0.007	0.773
13.371	-0.803	-0.003	0.524	0.78	-1.20	0.25	1.86	-1.59	-1.32	46789	-0.823	-0.021	0.529	0.008	0.008	0.773
13.381	-0.804	-0.005	0.524	0.80	-1.18	0.23	0.58	0.06	-0.63	46798	-0.822	-0.021	0.529	0.009	0.008	0.772
13.391	-0.804	-0.011	0.524	0.82	-1.17	0.23	-0.01	1.96	-0.67	46801	-0.822	-0.023	0.529	0.010	0.009	0.772
13.397	-0.804	-0.013	0.523	0.82	-1.18	0.22	0.21	2.28	-0.76	46804	-0.822	-0.024	0.529	0.011	0.010	0.771
13.409	-0.802	-0.012	0.522	0.80	-1.21	0.21	-0.06	3.06	-0.40	46987	-0.821	-0.025	0.528	0.012	0.010	0.771
13.423	-0.802	-0.020	0.522	0.84	-1.24	0.21	-0.83	3.24	-0.43	46991	-0.821	-0.027	0.528	0.013	0.011	0.770
13.430	-0.800	-0.025	0.522	0.85	-1.28	0.21	-1.15	2.76	-0.50	47000	-0.820	-0.030	0.528	0.014	0.011	0.770
13.441	-0.801	-0.027	0.522	0.83	-1.29	0.21	-0.30	1.85	-0.62	47002	-0.820	-0.032	0.528	0.015	0.011	0.770
13.451	-0.801	-0.029	0.521	0.83	-1.31	0.20	-0.34	1.13	-1.42	47150	-0.819	-0.034	0.528	0.016	0.011	0.769
13.461	-0.801	-0.025	0.521	0.77	-1.32	0.18	-0.32	-0.26	-0.94	47150	-0.819	-0.036	0.527	0.016	0.012	0.769
13.471	-0.801	-0.021	0.521	0.72	-1.32	0.17	-1.42	-1.24	-1.97	47159	-0.819	-0.037	0.527	0.017	0.013	0.768
13.481	-0.800	-0.020	0.521	0.69	-1.31	0.15	-0.77	-2.85	-1.67	47162	-0.818	-0.037	0.527	0.018	0.014	0.768
13.491	-0.798	-0.039	0.519	0.80	-1.30	0.14	-0.63	-3.19	-2.16	47423	-0.818	-0.040	0.526	0.019	0.014	0.767
13.497	-0.798	-0.037	0.519	0.75	-1.26	0.12	-0.61	-3.14	-2.49	47417	-0.817	-0.042	0.526	0.020	0.014	0.767
13.508	-0.799	-0.034	0.519	0.71	-1.22	0.09	-0.37	-3.41	-2.81	47425	-0.817	-0.044	0.526	0.021	0.015	0.766
13.522	-0.799	-0.032	0.519	0.67	-1.17	0.07	-0.97	-2.90	-2.54	47437	-0.817	-0.045	0.525	0.022	0.015	0.766
13.531	-0.797	-0.044	0.518	0.73	-1.15	0.05	-2.03	-1.81	-2.68	47448	-0.816	-0.048	0.525	0.023	0.015	0.765
13.539	-0.798	-0.051	0.517	0.75	-1.12	0.03	-2.72	-0.71	-2.35	47608	-0.816	-0.051	0.525	0.024	0.015	0.765
13.549	-0.795	-0.048	0.517	0.68	-1.13	0.00	-3.79	1.61	-2.21	47597	-0.815	-0.053	0.524	0.025	0.016	0.764
13.562	-0.794	-0.044	0.517	0.60	-1.14	-0.03	-4.73	1.95	-2.21	47590	-0.814	-0.054	0.524	0.026	0.016	0.764
13.568	-0.793	-0.047	0.517	0.55	-1.16	-0.05	-4.85	3.04	-2.36	47580	-0.813	-0.056	0.524	0.027	0.017	0.763
13.581	-0.793	-0.047	0.517	0.49	-1.18	-0.08	-4.30	2.98	-2.46	47372	-0.813	-0.058	0.523	0.028	0.017	0.763
13.592	-0.793	-0.057	0.517	0.49	-1.21	-0.09	-2.86	2.67	-2.83	47355	-0.812	-0.060	0.523	0.029	0.017	0.762
13.602	-0.793	-0.051	0.517	0.40	-1.23	-0.13	-1.05	1.80	-3.00	47333	-0.811	-0.062	0.523	0.030	0.018	0.762
13.608	-0.793	-0.053	0.517	0.38	-1.24	-0.16	-0.51	1.27	-2.39	47317	-0.811	-0.063	0.523	0.031	0.018	0.761
13.622	-0.793	-0.064	0.518	0.43	-1.25	-0.18	1.44	-0.08	-2.43	47085	-0.810	-0.066	0.523	0.032	0.019	0.761
13.631	-0.793	-0.071	0.518	0.47	-1.24	-0.19	1.97	-0.65	-2.76	47051	-0.810	-0.069	0.523	0.033	0.018	0.760
13.639	-0.792	-0.069	0.518	0.45	-1.24	-0.22	2.08	-2.74	-2.17	47010	-0.809	-0.072	0.524	0.034	0.019	0.760
13.650	-0.791	-0.072	0.518	0.47	-1.22	-0.24	1.91	-1.82	-2.14	46991	-0.809	-0.074	0.524	0.035	0.019	0.759
13.662	-0.790	-0.073	0.518	0.48	-1.20	-0.27	0.46	-2.90	-1.89	46977	-0.808	-0.077	0.524	0.035	0.019	0.759
13.671	-0.789	-0.081	0.518	0.52	-1.17	-0.28	-0.06	-2.11	-1.65	46944	-0.808	-0.080	0.524	0.036	0.019	0.759
13.681	-0.788	-0.087	0.518	0.54	-1.14	-0.30	-2.15	-1.93	-1.23	46919	-0.807	-0.083	0.524	0.037	0.019	0.758
13.689	-0.788	-0.087	0.518	0.51	-1.12	-0.31	-3.15	-0.52	-0.66	46899	-0.806	-0.086	0.524	0.038	0.019	0.758
13.701	-0.788	-0.083	0.518	0.43	-1.10	-0.33	-4.66	0.47	0.04	46870	-0.806	-0.089	0.524	0.039	0.019	0.757
13.711	-0.785	-0.082	0.519	0.36	-1.11	-0.33	-5.23	2.72	0.56	46644	-0.805	-0.090	0.524	0.040	0.019	0.757
13.720	-0.784	-0.082	0.519	0.29	-1.13	-0.33	-5.98	3.70	0.85	46627	-0.804	-0.092	0.524	0.041	0.020	0.757
13.733	-0.784	-0.086	0.519	0.24	-1.15	-0.32	-6.79	3.30	1.29	46602	-0.803	-0.094	0.524	0.042	0.020	0.756
13.740	-0.784	-0.087	0.519	0.16	-1.18	-0.31	-4.41	4.76	1.25	46572	-0.802	-0.096	0.524	0.043	0.021	0.756
13.751	-0.783	-0.085	0.520	0.07	-1.22	-0.31	-2.51	3.53	1.66	46526	-0.801	-0.097	0.525	0.044	0.021	0.755
13.761	-0.783	-0.093	0.520	0.08	-1.25	-0.29	-0.69	1.57	1.81	46520	-0.801	-0.099	0.525	0.045	0.022	0.755
13.771	-0.783	-0.098	0.520	0.08	-1.27	-0.27	2.27	0.08	2.25	46498	-0.800	-0.101	0.525	0.046	0.022	0.755
13.781	-0.781	-0.097	0.520	0.07	-1.28	-0.25	4.00	0.00	1.86	46462	-0.799	-0.103	0.525	0.047	0.022	0.754
13.792	-0.780	-0.100	0.520	0.11	-1.29	-0.23	4.35	-0.91	1.94	46448	-0.798	-0.106	0.525	0.048	0.022	0.754
13.799	-0.777	-0.099	0.521	0.12	-1.29	-0.21	4.35	-1.43	1.67	46328	-0.797	-0.107	0.525	0.049	0.023	0.754
13.809	-0.777	-0.099	0.521	0.15	-1.28	-0.20	4.03	-1.65	1.86	46318	-0.796	-0.109	0.525	0.050	0.023	0.753
13.821	-0.776	-0.100	0.521	0.18	-1.26	-0.18	2.17	-2.23	2.57	46311	-0.795	-0.110	0.526	0.051	0.024	0.753
13.831	-0.774	-0.106	0.522	0.24	-1.24	-0.16	1.40	-1.95	2.54	46307	-0.794	-0.112	0.526	0.052	0.024	0.753
13.840	-0.772	-0.109	0.522	0.25	-1.22	-0.13	-1.36	-2.18	3.12	46284	-0.793	-0.114	0.526	0.053	0.024	0.752
13.851	-0.770	-0.108	0.522	0.22	-1.21	-0.10	-4.54	-0.24	3.15	46291	-0.791	-0.116	0.526	0.054	0.025	0.752
13.861	-0.770	-0.113	0.522	0.21	-1.19	-0.07	-5.52	1.60	3.25	46296	-0.790	-0.118	0.526	0.055	0.025	0.752
13.871	-0.768	-0.120	0.522	0.19	-1.21	-0.04	-5.24	3.01	3.50	46296	-0.789	-0.121	0.526	0.056	0.025	0.752
13.882	-0.767	-0.123	0.523	0.13	-1.23	-0.00	-6.24	3.02	3.38	46190	-0.788	-0.123	0.526	0.057	0.025	0.751
13.891	-0.765	-0.120	0.523	0.04	-1.26	0.03	-5.68	2.71	3.32	46193	-0.786	-0.126	0.526	0.058	0.025	0.751
13.901	-0.765	-0.118	0.523	-0.06	-1.28	0.05	-4.56	2.11	3.09	46183	-0.785	-0.127	0.527	0.059	0.026	0.751
13.911	-0.761	-0.132	0.523	-0.02	-1.33	0.10	-2.92	2.04	2.79	46177	-0.783	-0.130	0.527	0.060	0.026	0.751
13.921	-0.760	-0.135	0.524	-0.06	-1.35	0.12	-1.97	0.54	2.46	46183	-0.782	-0.133	0.527	0.061	0.026	0.750
13.926	-0.758	-0.138	0.523	-0.08	-1.35	0.15	-0.17	-0.50	2.86	46392	-0.780	-0.136	0.527	0.062	0.025	0.750
13.941	-0.756	-0.143	0.523	-0.08	-1.36	0.18	-0.35	-1.94	2.49	46426	-0.778	-0.139	0.527	0.064	0.025	0.750
13.951	-0.757	-0.143	0.523	-0.09	-1.32	0.20	1.10	-3.35	3.16	46438	-0.777	-0.142	0.526	0.065	0.025	0.749
13.961	-0.753	-0.151	0.523	-0.05	-1.31	0.24	-0.00	-4.53	3.37	46469	-0.775	-0.146	0.526	0.066	0.025	0.749
13.971	-0.752	-0.154	0.523	-0.05	-1.27	0.27	-2.26	-4.88	3.13	46503	-0.774	-0.149	0.526	0.067	0.025	0.749
13.977	-0.751	-0.153	0.523	-0.09	-1.22	0.30	-2.18	-4.78	3.45	46521	-0.772	-0.152	0.526	0.068	0.025	0.749
13.991	-0.750	-0.152	0.523	-0.14	-1.17	0.33	-6.07	-4.61	3.21	46533	-0.770	-0.154	0.526	0.069	0.025	0.748
14.000	-0.748	-0.149	0.523	-0.22	-1.13	0.35	-6.02	-3.32	3.06	46560	-0.769	-0.156	0.526	0.070	0.025	0.748
14.011	-0.748	-0.156	0.523	-0.25	-1.07	0.38	-8.90	-2.14	2.64	46599	-0.767	-0.159	0.526	0.071	0.025	0.748
14.018	-0.748	-0.154	0.523	-0.36	-1.04	0.41	-8.04	-0.93	2.31	46619	-0.766	-0.160	0.526	0.072	0.026	0.748
14.029	-0.747	-0.159	0.523	-0.42	-1.02	0.43	-8.29	-0.53	1.72	46624	-0.765	-0.163	0.526	0.073	0.026	0.748
14.042	-0.747	-0.160	0.523	-0.51	-1.00	0.45	-7.16	0.46	1.07	46645	-0.764	-0.165	0.526	0.074	0.026	0.747
14.050	-0.743	-0.164	0.523	-0.58	-1.02	0.47	-3.09	2.11	-0.34	46677	-0.762	-0.167	0.526	0.075	0.026	0.747
14.060	-0.742	-0.163	0.523	-0.65	-1.03	0.46	-1.65	1.71	-0.41	46681	-0.761	-0.169	0.526	0.076	0.027	0.747
14.071	-0.741	-0.163	0.523	-0.69	-1.05	0.46	1.52	1.87	-0.32	46700	-0.759	-0.171	0.526	0.077	0.027	0.747
14.080	-0.739	-0.166	0.523	-0.69	-1.07	0.46	5.13	0.86	-0.09	46746	-0.758	-0.172	0.526	0.078	0.027	0.746
14.091	-0.739	-0.168	0.523	-0.66	-1.07	0.45	8.28	-0.73	-0.29	46776	-0.756	-0.174	0.526	0.078	0.028	0.746
14.100	-0.737	-0.170	0.522	-0.58	-1.07	0.45	10.03	-1.95	-0.35	46828	-0.755	-0.176	0.525	0.079	0.028	0.746
14.110	-0.735	-0.171	0.522	-0.50	-1.05	0.45	11.44	-2.25	-1.00	46853	-0.754	-0.177	0.525	0.080	0.028	0.746
14.116	-0.733	-0.173	0.522	-0.40	-1.03	0.44	8.69	-3.44	-1.28	46889	-0.752	-0.179	0.525	0.081	0.029	0.746
14.127	-0.731	-0.175	0.522	-0.29	-1.00	0.43	6.57	-3.10	-1.68	46912	-0.750	-0.181	0.525	0.082	0.029	0.745
14.141	-0.729	-0.178	0.522	-0.22	-0.97	0.41	3.38	-3.53	-0.55	47000	-0.749	-0.183	0.525	0.083	0.029	0.745
14.151	-0.726	-0.180	0.521	-0.17	-0.94	0.40	0.88	-2.80	-0.44	47026	-0.747	-0.185	0.525	0.084	0.029	0.745
14.161	-0.726	-0.181	0.521	-0.17	-0.90	0.40	-2.30	-2.59	-0.22	47049	-0.745	-0.186	0.524	0.085	0.030	0.745
14.172	-0.726	-0.184	0.521	-0.18	-0.86	0.39	-3.52	-1.52	0.66	47071	-0.743	-0.188	0.524	0.086	0.030	0.744
14.178	-0.722	-0.186	0.520	-0.22	-0.87	0.40	-5.93	-1.44	1.04	47209	-0.742	-0.190	0.524	0.087	0.030	0.744
14.191	-0.719	-0.185	0.520	-0.30	-0.85	0.40	-5.56	-0.96	1.50	47217	-0.740	-0.192	0.524	0.088	0.030	0.744
14.201	-0.719	-0.190	0.520	-0.33	-0.83	0.42	-5.15	0.34	1.45	47230	-0.738	-0.194	0.524	0.089	0.030	0.743
14.209	-0.718	-0.189	0.519	-0.41	-0.82	0.43	-4.14	1.44	1.68	47252	-0.736	-0.195	0.523	0.090	0.031	0.743
14.221	-0.717	-0.191	0.519	-0.45	-0.83	0.45	-3.25	2.52	0.88	47265	-0.734	-0.197	0.523	0.091	0.031	0.743
14.230	-0.715	-0.194	0.519	-0.48	-0.85	0.45	-2.82	3.08	0.86	47345	-0.733	-0.199	0.523	0.092	0.031	0.743
14.241	-0.715	-0.195	0.518	-0.52	-0.86	0.46	-3.66	2.71	0.99	47352	-0.731	-0.200	0.523	0.093	0.031	0.742
14.251	-0.713	-0.194	0.518	-0.58	-0.90	0.47	-4.67	-0.24	2.10	47363	-0.730	-0.201	0.522	0.094	0.032	0.742
14.260	-0.711	-0.193	0.518	-0.65	-0.91	0.48	-4.78	-7.09	2.87	47367	-0.728	-0.202	0.522	0.094	0.032	0.742
14.272	-0.709	-0.198	0.517	-0.67	-0.86	0.51	-3.27	-10.94	3.13	47397	-0.726	-0.204	0.522	0.095	0.033	0.741
14.280	-0.709	-0.198	0.517	-0.73	-0.75	0.54	0.54	-10.69	3.45	47382	-0.725	-0.205	0.522	0.096	0.033	0.741
14.290	-0.707	-0.197	0.517	-0.76	-0.64	0.57	3.67	-7.21	3.61	47370	-0.723	-0.206	0.521	0.097	0.033	0.741
14.301	-0.705	-0.199	0.517	-0.74	-0.56	0.61	9.31	-4.80	3.52	47365	-0.721	-0.207	0.521	0.098	0.034	0.740
14.311	-0.706	-0.201	0.516	-0.66	-0.48	0.64	11.63	0.57	4.46	47467	-0.720	-0.208	0.521	0.098	0.034	0.740
14.317	-0.702	-0.207	0.516	-0.52	-0.49	0.69	13.18	4.17	4.43	47465	-0.718	-0.210	0.521	0.099	0.034	0.740
14.328	-0.701	-0.209	0.516	-0.39	-0.52	0.73	13.97	8.05	4.14	47466	-0.717	-0.212	0.520	0.100	0.035	0.739
14.340	-0.697	-0.210	0.515	-0.26	-0.59	0.78	14.05	10.60	4.51	47478	-0.715	-0.213	0.520	0.101	0.035	0.739
14.351	-0.696	-0.212	0.515	-0.12	-0.69	0.82	11.73	13.13	3.87	47488	-0.713	-0.215	0.520	0.102	0.035	0.738
14.361	-0.694	-0.214	0.514	0.01	-0.81	0.86	7.35	13.76	2.93	47706	-0.711	-0.217	0.520	0.103	0.035	0.738
14.368	-0.692	-0.216	0.513	0.10	-0.95	0.89	2.74	14.95	1.57	47705	-0.709	-0.219	0.519	0.103	0.035	0.738
14.378	-0.690	-0.219	0.513	0.15	-1.09	0.91	-2.28	13.72	0.06	47718	-0.707	-0.220	0.519	0.104	0.035	0.737
14.390	-0.688	-0.221	0.513	0.14	-1.23	0.92	-4.93	11.46	-0.71	47739	-0.705	-0.222	0.519	0.105	0.035	0.737
14.401	-0.692	-0.222	0.512	0.10	-1.31	0.91	-7.10	7.42	-0.94	47861	-0.704	-0.224	0.518	0.106	0.035	0.736
14.409	-0.687	-0.222	0.512	0.02	-1.42	0.90	-5.68	2.94	-1.19	47869	-0.702	-0.226	0.518	0.107	0.036	0.736
14.421	-0.685	-0.221	0.511	-0.07	-1.47	0.89	-4.66	-1.23	-0.88	47893	-0.700	-0.227	0.518	0.107	0.036	0.735
14.430	-0.680	-0.220	0.511	-0.15	-1.49	0.88	-1.79	-5.78	-0.29	47924	-0.698	-0.228	0.517	0.108	0.036	0.735
14.442	-0.681	-0.218	0.511	-0.21	-1.43	0.88	-0.03	-9.58	0.32	47940	-0.696	-0.228	0.517	0.109	0.037	0.734
14.451	-0.678	-0.220	0.511	-0.21	-1.36	0.88	1.85	-11.23	1.22	47936	-0.694	-0.229	0.517	0.110	0.037	0.734
14.461	-0.678	-0.221	0.510	-0.20	-1.23	0.88	2.01	-12.08	1.91	47935	-0.693	-0.230	0.517	0.111	0.038	0.733
14.470	-0.676	-0.225	0.510	-0.16	-1.11	0.90	0.76	-12.41	2.11	47932	-0.691	-0.231	0.516	0.111	0.038	0.733
14.482	-0.675	-0.232	0.510	-0.10	-0.98	0.92	-3.87	-14.41	1.70	47924	-0.689	-0.233	0.516	0.112	0.038	0.732
14.487	-0.672	-0.231	0.511	-0.15	-0.85	0.94	-1.07	-11.23	1.12	47594	-0.687	-0.234	0.516	0.113	0.038	0.732
14.501	-0.672	-0.227	0.511	-0.22	-0.70	0.95	5.30	-9.06	1.71	47578	-0.685	-0.235	0.517	0.114	0.039	0.732
14.511	-0.670	-0.230	0.511	-0.18	-0.61	0.96	11.49	-3.88	2.39	47559	-0.684	-0.236	0.517	0.114	0.039	0.731
14.521	-0.668	-0.230	0.511	-0.11	-0.53	0.99	16.23	0.02	2.21	47549	-0.682	-0.237	0.517	0.115	0.039	0.731
14.527	-0.668	-0.233	0.511	0.04	-0.50	1.01	16.43	3.00	2.34	47446	-0.680	-0.238	0.517	0.116	0.039	0.730
14.537	-0.666	-0.231	0.511	0.18	-0.52	1.03	14.78	6.16	3.04	47446	-0.679	-0.239	0.517	0.116	0.040	0.730
14.547	-0.664	-0.232	0.511	0.34	-0.57	1.06	11.35	8.14	3.45	47448	-0.677	-0.240	0.517	0.117	0.040	0.729
14.561	-0.662	-0.233	0.511	0.46	-0.65	1.09	6.01	9.25	4.26	47458	-0.675	-0.240	0.517	0.118	0.041	0.729
14.568	-0.662	-0.232	0.511	0.52	-0.72	1.13	0.05	7.58	4.50	47458	-0.673	-0.241	0.517	0.118	0.041	0.729
14.581	-0.658	-0.242	0.512	0.60	-0.81	1.17	-6.85	5.85	5.76	47221	-0.672	-0.243	0.517	0.119	0.041	0.728
14.592	-0.653	-0.251	0.512	0.61	-0.90	1.23	-13.64	5.53	6.06	47207	-0.669	-0.245	0.518	0.120	0.041	0.728
14.601	-0.651	-0.249	0.512	0.47	-0.95	1.29	-18.28	3.84	7.14	47186	-0.667	-0.247	0.518	0.120	0.041	0.727
14.611	-0.650	-0.254	0.512	0.33	-0.99	1.36	-23.38	-0.44	7.74	47171	-0.665	-0.250	0.518	0.121	0.040	0.727
14.621	-0.648	-0.256	0.512	0.12	-1.00	1.44	-25.50	-2.21	7.40	47136	-0.663	-0.252	0.518	0.122	0.040	0.726
14.627	-0.649	-0.252	0.512	-0.18	-0.96	1.51	-24.60	-3.17	6.12	47094	-0.661	-0.254	0.518	0.123	0.040	0.726
14.641	-0.645	-0.257	0.512	-0.41	-0.94	1.58	-19.19	-4.24	5.63	47054	-0.659	-0.256	0.518	0.123	0.040	0.725
14.652	-0.645	-0.253	0.512	-0.66	-0.88	1.63	-8.28	-2.94	3.21	47010	-0.657	-0.257	0.518	0.124	0.041	0.725
14.661	-0.644	-0.261	0.512	-0.75	-0.83	1.67	1.96	0.97	3.25	46991	-0.656	-0.259	0.518	0.124	0.040	0.725
14.670	-0.641	-0.270	0.512	-0.70	-0.84	1.71	12.01	3.72	2.91	46991	-0.654	-0.262	0.518	0.125	0.040	0.724
14.677	-0.641	-0.270	0.512	-0.64	-0.85	1.73	19.79	4.30	2.18	46973	-0.652	-0.265	0.519	0.126	0.040	0.724
14.688	-0.639	-0.271	0.512	-0.47	-0.89	1.76	23.07	2.30	2.84	46981	-0.650	-0.267	0.519	0.126	0.040	0.723
14.702	-0.635	-0.273	0.512	-0.25	-0.93	1.78	20.60	-0.19	3.84	46999	-0.648	-0.269	0.519	0.127	0.039	0.723
14.711	-0.635	-0.276	0.512	-0.02	-0.93	1.82	16.46	-1.18	4.34	47130	-0.646	-0.272	0.519	0.128	0.039	0.722
14.721	-0.634	-0.278	0.512	0.16	-0.91	1.86	6.60	-2.96	4.60	47149	-0.645	-0.274	0.519	0.128	0.039	0.722
14.728	-0.632	-0.278	0.512	0.25	-0.88	1.90	-9.01	-6.71	3.76	47166	-0.643	-0.276	0.519	0.129	0.039	0.721
14.741	-0.631	-0.273	0.512	0.16	-0.82	1.94	-23.38	-9.42	2.68	47172	-0.641	-0.277	0.519	0.129	0.039	0.721
14.750	-0.633	-0.269	0.511	-0.07	-0.69	1.96	-33.28	-7.46	1.62	47311	-0.640	-0.278	0.518	0.130	0.039	0.720
14.761	-0.625	-0.282	0.511	-0.29	-0.65	1.99	-33.35	-2.47	-0.89	47322	-0.638	-0.280	0.518	0.130	0.039	0.720
14.769	-0.624	-0.297	0.511	-0.52	-0.59	1.99	-25.51	1.47	-2.22	47336	-0.636	-0.284	0.518	0.131	0.039	0.719
14.779	-0.624	-0.292	0.511	-0.87	-0.57	1.97	-14.56	1.27	-3.10	47341	-0.634	-0.286	0.518	0.131	0.038	0.718
14.790	-0.620	-0.310	0.511	-0.92	-0.60	1.94	-0.62	-1.06	-2.71	47360	-0.632	-0.291	0.518	0.132	0.037	0.718
14.801	-0.618	-0.312	0.511	-0.99	-0.59	1.91	10.12	-1.46	-2.40	47303	-0.630	-0.295	0.518	0.132	0.036	0.717
14.812	-0.617	-0.310	0.511	-0.97	-0.57	1.89	17.31	0.78	-2.12	47329	-0.628	-0.298	0.518	0.133	0.036	0.717
14.820	-0.616	-0.311	0.511	-0.82	-0.56	1.86	21.67	1.19	-0.77	47363	-0.626	-0.301	0.518	0.133	0.035	0.716
14.830	-0.613	-0.314	0.511	-0.61	-0.58	1.85	18.86	1.96	0.22	47403	-0.624	-0.305	0.518	0.134	0.035	0.716
14.841	-0.611	-0.316	0.511	-0.41	-0.59	1.85	12.10	4.14	1.36	47439	-0.622	-0.307	0.518	0.135	0.034	0.715
14.849	-0.610	-0.317	0.511	-0.27	-0.61	1.86	-1.21	4.33	1.81	47466	-0.620	-0.310	0.518	0.135	0.034	0.715
14.861	-0.610	-0.315	0.511	-0.26	-0.64	1.87	-16.70	4.79	1.97	47483	-0.618	-0.312	0.518	0.136	0.034	0.714
14.870	-0.607	-0.314	0.511	-0.40	-0.69	1.89	-34.91	1.94	1.99	47494	-0.617	-0.314	0.518	0.136	0.034	0.714
14.881	-0.609	-0.315	0.510	-0.68	-0.69	1.91	-55.09	-6.27	0.41	47481	-0.615	-0.316	0.518	0.136	0.034	0.713
14.888	-0.607	-0.317	0.510	-1.16	-0.66	1.92	-69.36	-14.53	-2.18	47474	-0.614	-0.318	0.518	0.137	0.034	0.713
14.899	-0.602	-0.324	0.510	-1.77	-0.56	1.91	-78.22	-23.07	-5.83	47398	-0.612	-0.320	0.518	0.137	0.034	0.712
14.912	-0.604	-0.313	0.510	-2.64	-0.32	1.87	-72.12	-23.31	-9.15	47291	-0.610	-0.321	0.518	0.137	0.034	0.712
14.920	-0.603	-0.315	0.510	-3.39	-0.07	1.80	-52.84	-14.83	-13.24	47189	-0.609	-0.322	0.518	0.138	0.035	0.711
14.931	-0.598	-0.329	0.510	-3.90	0.10	1.71	-29.76	-4.48	-15.59	47125	-0.607	-0.324	0.518	0.138	0.034	0.710
14.942	-0.596	-0.336	0.510	-4.25	0.20	1.57	-0.98	7.38	-16.10	47028	-0.605	-0.327	0.518	0.139	0.034	0.710
14.951	-0.595	-0.335	0.510	-4.39	0.19	1.40	19.56	16.97	-17.29	46911	-0.603	-0.329	0.518	0.139	0.034	0.709
14.956	-0.593	-0.337	0.511	-4.27	0.07	1.23	36.46	25.77	-18.62	46796	-0.601	-0.331	0.518	0.139	0.033	0.709
14.970	-0.590	-0.341	0.511	-3.94	-0.15	1.03	53.96	32.13	-19.62	46618	-0.599	-0.334	0.518	0.140	0.033	0.708
14.981	-0.586	-0.350	0.511	-3.41	-0.45	0.83	66.04	35.01	-20.34	46565	-0.597	-0.337	0.518	0.140	0.032	0.708
14.987	-0.583	-0.339	0.512	-2.90	-0.79	0.61	70.70	34.64	-20.40	46529	-0.594	-0.338	0.518	0.141	0.032	0.707
15.000	-0.580	-0.350	0.512	-2.12	-1.14	0.39	67.21	33.90	-20.78	46497	-0.592	-0.341	0.518	0.142	0.032	0.707
15.011	-0.579	-0.340	0.512	-1.53	-1.46	0.17	56.39	30.22	-19.82	46461	-0.590	-0.342	0.518	0.142	0.032	0.707
15.020	-0.577	-0.325	0.513	-1.06	-1.77	-0.03	35.98	25.46	-19.24	46408	-0.588	-0.341	0.518	0.143	0.033	0.706
15.029	-0.575	-0.333	0.513	-0.56	-2.05	-0.23	16.28	19.70	-18.31	46414	-0.586	-0.341	0.518	0.143	0.033	0.706
15.037	-0.573	-0.333	0.513	-0.34	-2.26	-0.42	-4.30	15.12	-16.34	46407	-0.583	-0.341	0.519	0.144	0.033	0.705
15.050	-0.573	-0.329	0.514	-0.35	-2.41	-0.60	-17.79	12.29	-14.52	46401	-0.582	-0.340	0.519	0.144	0.034	0.705
15.060	-0.572	-0.329	0.515	-0.49	-2.53	-0.75	-26.48	7.79	-12.17	46262	-0.580	-0.340	0.519	0.145	0.035	0.705
15.072	-0.571	-0.325	0.515	-0.77	-2.61	-0.89	-34.60	-0.51	-10.08	46265	-0.578	-0.339	0.519	0.145	0.035	0.704
15.079	-0.570	-0.320	0.515	-1.14	-2.63	-1.00	-38.36	-10.93	-8.47	46251	-0.577	-0.338	0.519	0.145	0.036	0.704
15.090	-0.572	-0.324	0.516	-1.49	-2.52	-1.09	-38.00	-18.37	-6.65	46217	-0.575	-0.337	0.520	0.146	0.037	0.704
15.100	-0.569	-0.323	0.516	-1.89	-2.36	-1.16	-28.47	-16.86	-5.83	46174	-0.574	-0.336	0.520	0.146	0.037	0.703
15.110	-0.570	-0.321	0.515	-2.25	-2.16	-1.22	-15.69	-16.71	-5.22	46244	-0.573	-0.335	0.520	0.146	0.038	0.703
15.120	-0.568	-0.326	0.516	-2.42	-1.98	-1.26	-2.37	-16.14	-4.96	46181	-0.571	-0.334	0.520	0.146	0.039	0.703
15.130	-0.566	-0.326	0.516	-2.50	-1.81	-1.30	9.56	-12.12	-5.78	46105	-0.570	-0.334	0.520	0.146	0.039	0.702
15.140	-0.565	-0.327	0.516	-2.44	-1.65	-1.35	21.72	-3.48	-5.73	46034	-0.569	-0.334	0.520	0.147	0.039	0.702
15.151	-0.563	-0.327	0.515	-2.27	-1.59	-1.41	29.89	7.91	-5.37	46239	-0.567	-0.333	0.520	0.147	0.040	0.702
15.162	-0.559	-0.331	0.516	-1.96	-1.64	-1.46	36.00	14.80	-4.65	46195	-0.566	-0.334	0.520	0.147	0.040	0.701
15.170	-0.557	-0.339	0.516	-1.56	-1.75	-1.51	38.09	19.00	-3.24	46162	-0.564	-0.335	0.520	0.148	0.040	0.701
15.180	-0.555	-0.328	0.516	-1.28	-1.91	-1.56	37.51	19.56	-1.67	46174	-0.562	-0.334	0.520	0.148	0.040	0.701
15.190	-0.554	-0.331	0.517	-0.88	-2.10	-1.58	31.39	15.68	-0.23	46171	-0.561	-0.334	0.520	0.148	0.040	0.700
15.200	-0.551	-0.336	0.517	-0.50	-2.28	-1.59	17.04	6.07	0.82	46207	-0.559	-0.335	0.520	0.149	0.040	0.700
15.210	-0.548	-0.315	0.517	-0.45	-2.38	-1.59	0.96	-3.62	0.67	46226	-0.557	-0.333	0.520	0.149	0.041	0.700
15.221	-0.546	-0.316	0.517	-0.39	-2.37	-1.59	-10.83	-10.05	0.65	46230	-0.555	-0.331	0.520	0.150	0.042	0.700
15.230	-0.546	-0.314	0.518	-0.47	-2.27	-1.58	-17.70	-13.43	-0.47	46232	-0.553	-0.329	0.520	0.150	0.042	0.700
15.241	-0.542	-0.311	0.517	-0.66	-2.16	-1.58	-21.23	-16.00	-2.31	46359	-0.552	-0.327	0.520	0.150	0.043	0.699
15.247	-0.542	-0.306	0.517	-0.89	-1.98	-1.60	-18.70	-20.66	-2.84	46350	-0.550	-0.325	0.520	0.151	0.044	0.699
15.257	-0.543	-0.320	0.517	-0.97	-1.77	-1.62	-9.76	-19.85	-3.96	46318	-0.548	-0.325	0.520	0.151	0.045	0.699
15.269	-0.543	-0.322	0.518	-1.08	-1.54	-1.66	-0.19	-20.22	-3.63	46300	-0.547	-0.325	0.520	0.151	0.045	0.699
15.281	-0.540	-0.323	0.517	-1.11	-1.34	-1.69	7.17	-19.60	-2.27	46408	-0.546	-0.324	0.520	0.152	0.045	0.699
15.291	-0.538	-0.323	0.517	-1.08	-1.14	-1.71	12.78	-20.58	-0.01	46395	-0.544	-0.324	0.520	0.152	0.045	0.698
15.301	-0.535	-0.323	0.517	-0.97	-0.93	-1.72	14.91	-18.68	0.32	46374	-0.542	-0.324	0.520	0.152	0.045	0.698
15.307	-0.529	-0.326	0.518	-0.81	-0.76	-1.71	19.21	-11.43	-0.86	46345	-0.540	-0.325	0.520	0.153	0.045	0.698
15.321	-0.525	-0.332	0.519	-0.59	-0.62	-1.70	24.74	-0.14	-4.20	46339	-0.537	-0.326	0.520	0.153	0.044	0.698
15.332	-0.522	-0.332	0.519	-0.37	-0.57	-1.73	27.03	7.49	-6.89	46112	-0.535	-0.326	0.520	0.154	0.044	0.698
15.339	-0.519	-0.336	0.519	-0.08	-0.61	-1.78	32.24	15.04	-9.39	46116	-0.532	-0.328	0.520	0.155	0.044	0.698
15.348	-0.515	-0.321	0.520	0.09	-0.73	-1.87	35.14	19.20	-10.05	46137	-0.529	-0.327	0.520	0.155	0.044	0.698
15.360	-0.514	-0.326	0.520	0.47	-0.90	-1.97	33.54	14.10	-8.80	46175	-0.527	-0.327	0.520	0.156	0.044	0.698
15.371	-0.513	-0.330	0.519	0.85	-1.06	-2.06	23.38	6.93	-7.50	46414	-0.524	-0.327	0.520	0.157	0.044	0.698
15.381	-0.509	-0.311	0.519	0.97	-1.16	-2.15	16.09	3.77	-4.56	46436	-0.522	-0.325	0.520	0.157	0.045	0.698
15.389	-0.512	-0.316	0.519	1.20	-1.16	-2.21	9.30	4.53	-1.68	46459	-0.520	-0.324	0.520	0.158	0.045	0.698
15.400	-0.509	-0.315	0.519	1.32	-1.20	-2.24	4.84	5.69	0.04	46486	-0.518	-0.323	0.520	0.158	0.045	0.697
15.410	-0.508	-0.316	0.518	1.39	-1.25	-2.25	1.07	7.91	1.84	46664	-0.516	-0.322	0.520	0.159	0.046	0.697
15.419	-0.504	-0.316	0.518	1.42	-1.32	-2.23	-4.55	9.40	3.36	46707	-0.513	-0.322	0.520	0.159	0.046	0.697
15.431	-0.501	-0.316	0.518	1.40	-1.41	-2.21	-5.60	7.34	4.03	46767	-0.511	-0.321	0.519	0.160	0.046	0.697
15.440	-0.498	-0.314	0.518	1.33	-1.50	-2.17	-2.57	1.76	4.66	46841	-0.509	-0.320	0.519	0.160	0.047	0.697
15.450	-0.497	-0.314	0.518	1.29	-1.53	-2.13	-2.93	-11.66	4.33	46911	-0.506	-0.319	0.519	0.161	0.047	0.697
15.457	-0.495	-0.312	0.519	1.24	-1.46	-2.08	-7.83	-22.51	3.45	46814	-0.504	-0.319	0.519	0.161	0.047	0.697
15.472	-0.492	-0.310	0.519	1.17	-1.28	-2.05	-8.80	-26.53	2.74	46844	-0.502	-0.318	0.519	0.162	0.048	0.697
15.480	-0.489	-0.308	0.519	1.07	-1.03	-2.02	-3.64	-21.91	0.95	46874	-0.499	-0.317	0.519	0.162	0.048	0.697
15.492	-0.489	-0.306	0.518	0.98	-0.76	-2.02	3.44	-13.52	2.03	46923	-0.497	-0.315	0.519	0.163	0.049	0.697
15.498	-0.488	-0.306	0.518	0.99	-0.57	-2.01	2.90	-6.98	2.72	47007	-0.495	-0.314	0.519	0.163	0.049	0.697
15.508	-0.482	-0.306	0.518	1.03	-0.49	-1.98	-2.89	-3.50	3.53	47057	-0.493	-0.313	0.519	0.164	0.049	0.697
15.519	-0.481	-0.306	0.518	1.03	-0.42	-1.95	-11.36	-3.09	4.94	47088	-0.490	-0.313	0.519	0.164	0.050	0.697
15.531	-0.477	-0.303	0.518	0.93	-0.41	-1.91	-21.89	-3.52	4.34	47111	-0.488	-0.311	0.519	0.164	0.050	0.696
15.539	-0.476	-0.300	0.517	0.74	-0.35	-1.87	-30.76	-2.48	2.58	47098	-0.485	-0.310	0.519	0.165	0.051	0.696
15.549	-0.474	-0.320	0.518	0.64	-0.32	-1.83	-33.90	0.63	0.32	47023	-0.483	-0.311	0.519	0.165	0.050	0.696
15.560	-0.472	-0.315	0.517	0.26	-0.30	-1.82	-30.83	7.02	-2.36	46982	-0.480	-0.312	0.518	0.166	0.050	0.696
15.571	-0.472	-0.332	0.517	0.08	-0.32	-1.83	-21.63	16.12	-3.59	46931	-0.478	-0.314	0.518	0.166	0.049	0.696
15.581	-0.469	-0.329	0.517	-0.21	-0.43	-1.86	-7.00	20.09	-4.61	46890	-0.476	-0.316	0.518	0.167	0.048	0.696
15.590	-0.471	-0.349	0.517	-0.19	-0.59	-1.90	7.46	17.91	-4.80	46846	-0.474	-0.320	0.518	0.167	0.047	0.696
15.598	-0.469	-0.348	0.517	-0.19	-0.77	-1.95	15.30	11.74	-3.37	46881	-0.473	-0.324	0.518	0.167	0.046	0.696
15.610	-0.467	-0.349	0.517	-0.07	-0.91	-1.99	19.37	7.66	-2.85	46906	-0.471	-0.327	0.518	0.167	0.045	0.696
15.620	-0.466	-0.352	0.517	0.13	-0.99	-2.02	17.48	8.18	-1.80	46960	-0.469	-0.330	0.518	0.167	0.044	0.696
15.631	-0.464	-0.355	0.517	0.33	-1.06	-2.04	10.81	10.26	0.01	47111	-0.468	-0.334	0.518	0.167	0.042	0.696
15.640	-0.461	-0.357	0.516	0.49	-1.15	-2.05	4.34	12.21	2.65	47201	-0.466	-0.337	0.518	0.168	0.041	0.696
15.650	-0.458	-0.357	0.516	0.56	-1.27	-2.04	-4.27	13.07	4.10	47297	-0.464	-0.339	0.518	0.168	0.041	0.695
15.660	-0.457	-0.356	0.516	0.53	-1.39	-2.01	-16.06	6.01	5.54	47385	-0.462	-0.342	0.518	0.168	0.040	0.695
15.671	-0.454	-0.354	0.516	0.41	-1.49	-1.95	-29.67	-2.92	6.40	47447	-0.460	-0.344	0.517	0.169	0.039	0.695
15.677	-0.453	-0.348	0.516	0.11	-1.47	-1.90	-40.09	-8.36	8.30	47353	-0.458	-0.345	0.517	0.169	0.039	0.695
15.690	-0.455	-0.367	0.516	-0.08	-1.37	-1.82	-47.46	-7.14	9.88	47386	-0.457	-0.348	0.517	0.169	0.038	0.695
15.701	-0.461	-0.393	0.516	-0.31	-1.22	-1.73	-49.61	-0.90	11.49	47427	-0.456	-0.354	0.517	0.169	0.036	0.695
15.706	-0.459	-0.394	0.515	-0.80	-1.18	-1.62	-50.45	2.99	12.29	47469	-0.455	-0.359	0.517	0.168	0.034	0.695
15.717	-0.458	-0.388	0.514	-1.36	-1.18	-1.50	-53.86	-0.24	11.48	47621	-0.454	-0.363	0.517	0.168	0.033	0.695
15.729	-0.458	-0.394	0.514	-1.84	-1.18	-1.38	-52.82	-3.32	10.33	47630	-0.454	-0.368	0.517	0.168	0.032	0.694
15.740	-0.459	-0.409	0.514	-2.26	-1.14	-1.27	-45.96	-0.81	8.25	47614	-0.453	-0.373	0.516	0.168	0.030	0.694
15.748	-0.463	-0.422	0.513	-2.66	-1.07	-1.18	-41.18	-6.96	6.18	47588	-0.453	-0.380	0.516	0.167	0.028	0.694
15.762	-0.461	-0.414	0.513	-3.17	-1.04	-1.10	-34.26	-11.83	3.13	47519	-0.453	-0.384	0.516	0.167	0.026	0.694
15.770	-0.461	-0.408	0.514	-3.62	-0.91	-1.06	-29.67	-15.77	2.72	47160	-0.453	-0.388	0.516	0.166	0.025	0.694
15.780	-0.459	-0.423	0.514	-3.81	-0.77	-1.01	-23.33	-9.40	2.34	47069	-0.453	-0.393	0.516	0.166	0.024	0.693
15.791	-0.458	-0.418	0.514	-4.15	-0.63	-0.99	-8.01	3.81	1.61	46999	-0.452	-0.396	0.516	0.166	0.023	0.693
15.799	-0.472	-0.445	0.514	-4.08	-0.47	-0.97	5.25	14.80	1.38	46986	-0.454	-0.403	0.516	0.165	0.020	0.693
15.810	-0.470	-0.446	0.514	-4.08	-0.58	-0.96	15.73	23.31	0.70	46915	-0.455	-0.409	0.516	0.164	0.019	0.693
15.820	-0.468	-0.448	0.514	-3.97	-0.77	-0.96	22.83	25.99	0.45	46917	-0.455	-0.414	0.516	0.163	0.017	0.693
15.831	-0.466	-0.451	0.514	-3.75	-1.03	-0.98	26.05	25.66	1.32	46908	-0.456	-0.419	0.516	0.163	0.015	0.693
15.841	-0.466	-0.458	0.514	-3.46	-1.26	-0.99	19.88	28.46	3.19	46921	-0.456	-0.424	0.516	0.162	0.013	0.693
15.849	-0.465	-0.462	0.515	-3.21	-1.52	-0.98	5.54	25.37	3.56	46826	-0.456	-0.429	0.516	0.162	0.012	0.693
15.860	-0.462	-0.463	0.515	-3.09	-1.81	-0.96	-11.75	19.53	4.26	46859	-0.456	-0.434	0.516	0.162	0.010	0.692
15.870	-0.460	-0.463	0.515	-3.15	-2.03	-0.94	-22.23	18.63	3.56	46918	-0.456	-0.438	0.516	0.162	0.009	0.692
15.879	-0.456	-0.460	0.515	-3.37	-2.23	-0.91	-30.89	15.68	3.46	46963	-0.455	-0.441	0.516	0.161	0.008	0.692
15.888	-0.451	-0.455	0.515	-3.69	-2.43	-0.89	-35.60	15.55	4.48	46997	-0.454	-0.443	0.516	0.162	0.008	0.692
15.901	-0.449	-0.447	0.514	-4.11	-2.58	-0.87	-45.52	4.74	3.85	47222	-0.452	-0.444	0.516	0.162	0.007	0.692
15.910	-0.448	-0.439	0.513	-4.60	-2.67	-0.84	-47.08	-7.10	3.10	47228	-0.451	-0.444	0.516	0.162	0.008	0.692
15.921	-0.445	-0.454	0.513	-4.94	-2.66	-0.80	-45.42	-20.23	3.75	47221	-0.450	-0.446	0.516	0.162	0.007	0.691
15.927	-0.445	-0.448	0.513	-5.47	-2.50	-0.76	-32.05	-28.28	4.18	47204	-0.448	-0.446	0.516	0.162	0.007	0.691
15.941	-0.443	-0.462	0.514	-5.74	-2.25	-0.69	-16.76	-33.54	4.04	47032	-0.447	-0.448	0.516	0.163	0.006	0.691
15.951	-0.442	-0.460	0.514	-6.00	-1.94	-0.62	-5.23	-38.73	1.76	46986	-0.445	-0.450	0.516	0.163	0.006	0.691
15.960	-0.438	-0.459	0.514	-6.11	-1.58	-0.55	6.03	-34.19	2.95	46911	-0.444	-0.451	0.516	0.163	0.005	0.691
15.966	-0.435	-0.460	0.514	-6.10	-1.21	-0.49	20.95	-13.53	1.51	46854	-0.442	-0.452	0.516	0.163	0.005	0.691
15.977	-0.430	-0.465	0.514	-5.92	-1.00	-0.43	32.39	8.11	0.54	46815	-0.440	-0.453	0.516	0.164	0.004	0.690
15.991	-0.431	-0.470	0.514	-5.61	-0.95	-0.42	39.64	13.98	1.08	46756	-0.438	-0.455	0.516	0.164	0.004	0.690
16.000	-0.422	-0.457	0.514	-5.36	-1.12	-0.42	45.28	17.16	3.46	46752	-0.435	-0.455	0.516	0.165	0.004	0.690
16.010	-0.420	-0.465	0.514	-4.86	-1.27	-0.41	46.42	20.21	5.28	46736	-0.432	-0.456	0.516	0.165	0.003	0.690
16.021	-0.416	-0.455	0.514	-4.47	-1.48	-0.38	36.87	15.32	5.78	46746	-0.429	-0.456	0.516	0.166	0.003	0.690
16.028	-0.415	-0.461	0.513	-4.01	-1.65	-0.34	27.54	8.67	5.31	46955	-0.427	-0.456	0.515	0.167	0.003	0.690
16.042	-0.412	-0.449	0.513	-3.78	-1.80	-0.24	14.50	-1.66	5.59	46998	-0.424	-0.455	0.515	0.167	0.003	0.690
16.050	-0.413	-0.457	0.513	-3.51	-1.78	-0.25	7.01	-7.83	4.44	47024	-0.422	-0.454	0.515	0.168	0.003	0.689
16.060	-0.410	-0.457	0.513	-3.41	-1.73	-0.19	-0.13	-13.49	2.33	47049	-0.420	-0.454	0.515	0.168	0.003	0.689
16.067	-0.410	-0.457	0.511	-3.37	-1.59	-0.16	-6.16	-21.28	1.21	47310	-0.418	-0.454	0.514	0.169	0.003	0.689
16.077	-0.412	-0.461	0.511	-3.37	-1.38	-0.14	-5.75	-27.46	0.84	47317	-0.416	-0.454	0.514	0.169	0.002	0.689
16.090	-0.398	-0.441	0.511	-3.62	-0.93	-0.08	-0.20	-26.28	1.33	47376	-0.413	-0.452	0.514	0.170	0.003	0.689
16.101	-0.398	-0.441	0.511	-3.62	-0.93	-0.08	3.17	-23.83	1.48	47420	-0.410	-0.449	0.514	0.170	0.003	0.688
16.109	-0.398	-0.442	0.511	-3.57	-0.66	-0.05	-1.62	-22.50	2.11	47453	-0.408	-0.448	0.513	0.171	0.004	0.688
16.120	-0.390	-0.433	0.511	-3.63	-0.48	-0.01	-2.17	-17.26	0.92	47427	-0.404	-0.445	0.513	0.171	0.004	0.688
16.130	-0.391	-0.433	0.510	-3.65	-0.24	0.01	3.40	-7.56	-0.20	47414	-0.402	-0.443	0.513	0.172	0.005	0.688
16.136	-0.384	-0.436	0.510	-3.50	-0.10	0.01	14.90	-0.23	-1.53	47410	-0.398	-0.441	0.513	0.173	0.005	0.687
16.150	-0.384	-0.436	0.510	-3.50	-0.10	0.01	30.61	-1.61	-1.34	47415	-0.396	-0.439	0.513	0.173	0.005	0.687
16.159	-0.382	-0.429	0.510	-3.32	-0.09	-0.01	43.58	-7.36	-0.03	47424	-0.393	-0.437	0.513	0.174	0.006	0.687
16.170	-0.380	-0.413	0.510	-3.08	-0.03	-0.01	53.35	-11.98	0.49	47476	-0.390	-0.433	0.512	0.174	0.007	0.687
16.180	-0.375	-0.410	0.509	-2.00	0.20	0.00	58.58	-10.49	1.85	47529	-0.387	-0.428	0.512	0.175	0.008	0.687
16.192	-0.375	-0.410	0.509	-2.00	0.20	0.00	53.94	-8.72	2.67	47541	-0.384	-0.425	0.512	0.175	0.008	0.686
16.200	-0.372	-0.407	0.509	-1.44	0.29	0.03	38.69	-9.03	4.39	47554	-0.382	-0.421	0.512	0.176	0.009	0.686
16.210	-0.367	-0.392	0.508	-1.09	0.36	0.07	24.05	-7.38	4.08	47654	-0.379	-0.416	0.512	0.176	0.010	0.686
16.221	-0.363	-0.378	0.508	-0.88	0.43	0.12	12.15	-1.66	3.45	47654	-0.375	-0.410	0.512	0.177	0.012	0.686
16.226	-0.362	-0.380	0.508	-0.67	0.49	0.15	4.98	2.69	4.01	47620	-0.372	-0.405	0.512	0.178	0.013	0.685
16.237	-0.356	-0.351	0.508	-0.83	0.46	0.20	-0.40	5.85	5.05	47649	-0.369	-0.396	0.511	0.178	0.015	0.685
16.251	-0.353	-0.354	0.507	-0.75	0.36	0.29	-0.58	8.49	5.03	47664	-0.366	-0.390	0.511	0.179	0.017	0.685
16.261	-0.353	-0.354	0.507	-0.75	0.27	0.33	3.63	11.90	4.50	47630	-0.363	-0.383	0.511	0.179	0.019	0.685
16.268	-0.352	-0.355	0.507	-0.71	0.27	0.33	11.55	15.90	3.94	47595	-0.360	-0.378	0.511	0.180	0.020	0.684
16.281	-0.344	-0.337	0.507	-0.76	0.09	0.38	22.50	14.26	3.34	47576	-0.356	-0.371	0.511	0.180	0.022	0.684
16.290	-0.339	-0.330	0.506	-0.30	-0.19	0.45	35.53	11.98	3.84	47634	-0.353	-0.364	0.510	0.181	0.023	0.684
16.301	-0.339	-0.330	0.506	-0.30	-0.19	0.45	42.12	10.40	3.79	47613	-0.350	-0.358	0.510	0.182	0.025	0.683
16.310	-0.336	-0.319	0.506	0.03	-0.30	0.49	44.05	9.28	3.84	47596	-0.346	-0.351	0.510	0.182	0.027	0.683
16.321	-0.333	-0.316	0.505	0.94	-0.45	0.56	44.80	5.68	3.62	47571	-0.343	-0.345	0.510	0.183	0.028	0.683
16.331	-0.333	-0.316	0.505	0.94	-0.45	0.56	43.34	2.51	2.82	47539	-0.340	-0.339	0.510	0.183	0.029	0.682
16.340	-0.329	-0.308	0.506	1.34	-0.49	0.59	37.07	0.29	3.49	47486	-0.337	-0.333	0.510	0.184	0.030	0.682
16.346	-0.322	-0.296	0.505	2.01	-0.50	0.66	27.41	-2.74	2.85	47474	-0.334	-0.326	0.510	0.184	0.032	0.682
16.361	-0.322	-0.296	0.505	2.01	-0.50	0.66	18.47	-4.21	2.25	47453	-0.331	-0.320	0.510	0.185	0.033	0.681
16.371	-0.321	-0.292	0.505	2.23	-0.46	0.68	11.75	-4.66	2.20	47428	-0.328	-0.315	0.510	0.185	0.034	0.681
16.376	-0.319	-0.296	0.503	2.43	-0.40	0.69	4.19	-5.36	2.82	47879	-0.325	-0.310	0.509	0.185	0.035	0.681
16.387	-0.314	-0.280	0.503	2.43	-0.29	0.74	0.72	-5.91	3.38	47855	-0.322	-0.304	0.509	0.186	0.036	0.680
16.399	-0.314	-0.280	0.503	2.43	-0.29	0.74	-3.11	-7.45	4.15	47843	-0.319	-0.299	0.508	0.186	0.037	0.680
16.411	-0.311	-0.277	0.502	2.41	-0.22	0.78	-5.00	-7.19	4.52	47833	-0.316	-0.294	0.508	0.186	0.038	0.679
16.420	-0.304	-0.277	0.500	2.36	-0.08	0.85	-4.64	-6.56	4.16	47807	-0.313	-0.290	0.507	0.187	0.039	0.679
16.431	-0.299	-0.277	0.499	2.36	-0.03	0.89	0.07	-7.14	4.57	48277	-0.309	-0.286	0.507	0.187	0.039	0.678
16.436	-0.299	-0.277	0.499	2.36	-0.03	0.89	4.61	-8.52	5.07	48265	-0.306	-0.283	0.506	0.187	0.040	0.678
16.449	-0.298	-0.277	0.499	2.41	0.07	0.93	7.84	-8.48	6.21	48242	-0.303	-0.280	0.506	0.188	0.040	0.677
16.460	-0.295	-0.278	0.499	2.51	0.16	0.98	8.21	-6.97	6.76	48216	-0.300	-0.277	0.506	0.188	0.040	0.677
16.471	-0.295	-0.278	0.498	2.61	0.26	1.04	7.33	-5.35	7.53	48240	-0.297	-0.275	0.505	0.188	0.040	0.676
16.477	-0.290	-0.267	0.498	2.62	0.30	1.12	4.38	-2.79	7.10	48211	-0.294	-0.272	0.505	0.188	0.040	0.675
16.488	-0.286	-0.268	0.498	2.71	0.34	1.19	0.72	-2.00	8.16	48163	-0.291	-0.270	0.505	0.189	0.040	0.675
16.501	-0.283	-0.268	0.498	2.75	0.36	1.26	-2.58	-1.39	7.68	48120	-0.288	-0.267	0.505	0.189	0.040	0.674
16.511	-0.280	-0.268	0.497	2.76	0.38	1.34	-7.20	-1.23	8.65	48228	-0.285	-0.265	0.504	0.189	0.040	0.674
16.519	-0.278	-0.267	0.497	2.72	0.40	1.42	-11.44	-2.08	8.59	48187	-0.282	-0.264	0.504	0.189	0.040	0.673
16.529	-0.278	-0.267	0.497	2.64	0.44	1.50	-14.79	-2.83	9.49	48141	-0.279	-0.262	0.504	0.189	0.039	0.673
16.540	-0.270	-0.263	0.497	2.33	0.50	1.68	-19.50	-4.62	9.54	48095	-0.276	-0.260	0.504	0.190	0.039	0.672
16.549	-0.270	-0.263	0.497	2.33	0.50	1.68	-21.88	-6.06	9.76	48046	-0.273	-0.259	0.504	0.190	0.039	0.672
16.559	-0.267	-0.260	0.496	2.11	0.55	1.77	-23.01	-7.53	9.79	48110	-0.270	-0.257	0.504	0.190	0.039	0.671
16.569	-0.263	-0.258	0.496	1.88	0.62	1.87	-23.58	-8.69	10.32	48031	-0.267	-0.256	0.503	0.190	0.039	0.670
16.580	-0.261	-0.262	0.496	1.70	0.71	1.97	-24.35	-8.52	10.44	47956	-0.264	-0.255	0.503	0.190	0.039	0.670
16.590	-0.260	-0.260	0.496	1.45	0.82	2.07	-21.34	-9.19	11.32	47879	-0.261	-0.254	0.503	0.190	0.038	0.669
16.599	-0.255	-0.258	0.496	1.23	0.89	2.17	-18.96	-8.71	11.16	47699	-0.258	-0.252	0.503	0.191	0.038	0.669
16.610	-0.254	-0.256	0.496	1.03	1.00	2.28	-15.85	-7.55	11.74	47601	-0.255	-0.251	0.503	0.191	0.038	0.668
16.620	-0.249	-0.260	0.497	0.90	1.06	2.39	-13.82	-5.22	12.40	47505	-0.252	-0.251	0.504	0.191	0.037	0.668
16.630	-0.248	-0.259	0.497	0.76	1.14	2.51	-12.84	-3.93	13.06	47397	-0.249	-0.250	0.504	0.191	0.037	0.667
16.636	-0.244	-0.257	0.499	0.63	1.18	2.63	-12.67	-2.58	13.88	47300	-0.246	-0.249	0.504	0.191	0.036	0.667
16.649	-0.243	-0.257	0.500	0.51	1.23	2.77	-13.20	-0.93	14.31	46738	-0.243	-0.249	0.505	0.191	0.036	0.666
16.660	-0.238	-0.259	0.500	0.41	1.22	2.90	-14.07	-0.73	14.62	46642	-0.240	-0.249	0.505	0.191	0.036	0.666
16.670	-0.236	-0.259	0.501	0.27	1.24	3.05	-15.74	0.32	14.24	46538	-0.236	-0.248	0.506	0.191	0.035	0.666
16.679	-0.233	-0.261	0.501	0.15	1.23	3.18	-17.35	1.10	13.55	46437	-0.233	-0.248	0.506	0.191	0.034	0.665
16.691	-0.230	-0.260	0.503	-0.01	1.23	3.32	-19.13	0.84	13.65	46145	-0.230	-0.248	0.507	0.191	0.034	0.665
16.697	-0.228	-0.258	0.503	-0.20	1.21	3.46	-21.12	-0.03	13.19	46040	-0.227	-0.248	0.507	0.191	0.033	0.665
16.711	-0.226	-0.260	0.504	-0.37	1.21	3.59	-22.34	-1.38	12.12	45940	-0.224	-0.248	0.508	0.191	0.033	0.664
16.720	-0.221	-0.260	0.504	-0.59	1.20	3.71	-24.93	-1.27	11.98	45827	-0.221	-0.248	0.508	0.191	0.032	0.664
16.732	-0.218	-0.261	0.507	-0.81	1.23	3.82	-25.09	-1.72	12.28	45349	-0.218	-0.248	0.509	0.191	0.031	0.664
16.754	-0.215	-0.259	0.508	-1.07	1.23	3.95	-25.49	-1.70	11.92	45240	-0.215	-0.248	0.510	0.191	0.031	0.664
16.767	-0.213	-0.258	0.509	-1.33	1.25	4.07	-24.66	-1.10	11.53	45141	-0.211	-0.248	0.511	0.191	0.030	0.664
16.778	-0.213	-0.260	0.509	-1.54	1.28	4.18	-23.55	-0.60	10.78	45035	-0.209	-0.248	0.511	0.190	0.030	0.663
16.789	-0.210	-0.262	0.510	-1.76	1.29	4.28	-21.53	0.46	10.57	44931	-0.206	-0.248	0.512	0.190	0.029	0.663
16.795	-0.208	-0.260	0.513	-2.00	1.29	4.39	-19.86	1.14	10.26	44444	-0.203	-0.248	0.513	0.190	0.028	0.663
16.800	-0.206	-0.258	0.514	-2.21	1.28	4.49	-17.20	0.73	9.46	44366	-0.201	-0.248	0.514	0.190	0.028	0.663
16.802	-0.202	-0.256	0.515	-2.40	1.25	4.59	-15.37	2.29	8.93	44303	-0.198	-0.248	0.515	0.189	0.027	0.664
16.811	-0.200	-0.256	0.516	-2.56	1.23	4.68	-11.98	2.77	8.71	44255	-0.195	-0.247	0.515	0.189	0.027	0.664
16.821	-0.198	-0.255	0.518	-2.68	1.20	4.76	-10.12	3.18	7.77	44072	-0.192	-0.247	0.516	0.189	0.027	0.664
16.830	-0.195	-0.254	0.519	-2.79	1.17	4.84	-10.01	4.45	6.83	44033	-0.189	-0.246	0.517	0.189	0.026	0.664
16.845	-0.194	-0.256	0.520	-2.87	1.13	4.90	-7.71	5.27	5.37	43994	-0.187	-0.246	0.518	0.188	0.026	0.664
16.853	-0.191	-0.255	0.521	-2.95	1.08	4.96	-7.30	4.50	3.66	43959	-0.184	-0.245	0.518	0.188	0.025	0.664
16.952	-0.189	-0.254	0.524	-3.02	1.03	5.00	-7.25	3.87	2.42	43933	-0.182	-0.245	0.519	0.188	0.025	0.665
16.957	-0.185	-0.254	0.525	-3.08	0.98	5.02	-7.44	2.27	1.26	43616	-0.179	-0.244	0.520	0.187	0.024	0.665
16.962	-0.183	-0.252	0.526	-3.16	0.95	5.03	-8.69	1.41	0.22	43610	-0.176	-0.244	0.521	0.187	0.024	0.665
16.965	-0.181	-0.252	0.527	-3.23	0.93	5.04	-9.81	-0.55	-0.69	43609	-0.174	-0.243	0.522	0.187	0.023	0.666
16.968	-0.178	-0.251	0.528	-3.32	0.92	5.03	-9.62	-0.74	-1.79	43616	-0.171	-0.242	0.522	0.186	0.023	0.666
16.971	-0.177	-0.250	0.529	-3.41	0.94	5.02	-8.51	-0.49	-2.73	43522	-0.168	-0.241	0.523	0.186	0.023	0.667
16.976	-0.175	-0.247	0.530	-3.51	0.94	4.99	-7.93	-0.47	-2.91	43532	-0.166	-0.240	0.524	0.185	0.022	0.667
16.978	-0.172	-0.246	0.531	-3.58	0.94	4.96	-6.39	1.82	-4.08	43552	-0.163	-0.239	0.524	0.185	0.022	0.668
16.980	-0.169	-0.244	0.532	-3.65	0.93	4.92	-3.47	1.85	-5.10	43571	-0.161	-0.238	0.525	0.185	0.021	0.668
16.981	-0.167	-0.244	0.533	-3.69	0.91	4.87	-2.27	3.31	-6.07	43561	-0.158	-0.237	0.525	0.184	0.021	0.669
16.987	-0.164	-0.243	0.534	-3.71	0.88	4.81	0.57	3.85	-6.59	43589	-0.156	-0.236	0.526	0.184	0.021	0.669
16.990	-0.162	-0.244	0.534	-3.69	0.85	4.74	2.55	4.01	-7.70	43618	-0.153	-0.235	0.526	0.183	0.020	0.670
16.993	-0.158	-0.242	0.535	-3.67	0.80	4.66	4.61	4.04	-8.74	43674	-0.151	-0.234	0.527	0.183	0.020	0.670
16.996	-0.157	-0.241	0.536	-3.62	0.78	4.58	5.52	4.21	-8.92	43713	-0.148	-0.233	0.527	0.182	0.019	0.671
16.996	-0.155	-0.239	0.537	-3.57	0.74	4.49	4.84	4.65	-9.71	43608	-0.146	-0.231	0.527	0.182	0.019	0.672
17.007	-0.153	-0.235	0.538	-3.53	0.69	4.40	5.96	5.58	-9.99	43671	-0.143	-0.230	0.528	0.181	0.019	0.673
17.020	-0.151	-0.233	0.539	-3.47	0.65	4.30	4.64	4.80	-10.63	43727	-0.141	-0.228	0.528	0.181	0.018	0.673
17.029	-0.148	-0.232	0.539	-3.41	0.60	4.19	5.44	1.37	-11.33	43804	-0.138	-0.226	0.528	0.180	0.018	0.674
17.040	-0.146	-0.232	0.538	-3.34	0.58	4.07	5.26	-0.98	-12.02	44143	-0.136	-0.225	0.528	0.180	0.018	0.675
17.050	-0.142	-0.229	0.539	-3.29	0.57	3.96	6.15	-3.92	-12.45	44232	-0.133	-0.223	0.528	0.179	0.018	0.676
17.060	-0.141	-0.228	0.539	-3.21	0.62	3.83	5.90	-5.62	-13.62	44309	-0.131	-0.222	0.528	0.179	0.017	0.677
17.070	-0.137	-0.229	0.539	-3.13	0.66	3.70	7.88	-8.58	-13.81	44386	-0.128	-0.220	0.528	0.178	0.017	0.677
17.080	-0.138	-0.224	0.540	-3.08	0.78	3.57	7.87	-9.31	-14.31	44423	-0.126	-0.218	0.528	0.178	0.016	0.678
17.088	-0.136	-0.223	0.540	-2.99	0.87	3.44	8.05	-10.40	-14.76	44505	-0.124	-0.217	0.528	0.177	0.016	0.679
17.100	-0.136	-0.224	0.540	-2.87	1.00	3.29	8.89	-10.23	-14.79	44591	-0.122	-0.215	0.528	0.177	0.016	0.680
17.109	-0.135	-0.220	0.540	-2.80	1.11	3.15	9.60	-8.71	-14.67	44681	-0.120	-0.213	0.528	0.176	0.015	0.681
17.121	-0.129	-0.222	0.538	-2.67	1.18	3.00	8.41	-6.26	-15.95	44750	-0.118	-0.212	0.528	0.175	0.015	0.682
17.130	-0.127	-0.219	0.538	-2.58	1.26	2.85	7.92	-4.63	-15.60	45206	-0.115	-0.210	0.527	0.175	0.014	0.682
17.139	-0.127	-0.217	0.538	-2.48	1.33	2.70	8.38	-0.43	-15.67	45298	-0.113	-0.209	0.527	0.174	0.014	0.683
17.149	-0.126	-0.213	0.538	-2.41	1.36	2.55	7.67	2.33	-15.73	45383	-0.111	-0.207	0.527	0.173	0.014	0.684
17.159	-0.125	-0.211	0.538	-2.32	1.37	2.39	8.11	3.46	-15.89	45443	-0.110	-0.205	0.526	0.172	0.013	0.685
17.169	-0.122	-0.212	0.536	-2.21	1.33	2.23	9.99	4.97	-15.42	45781	-0.108	-0.203	0.526	0.172	0.013	0.686
17.179	-0.120	-0.209	0.536	-2.12	1.29	2.07	11.78	6.36	-15.65	45848	-0.106	-0.201	0.525	0.171	0.012	0.687
17.191	-0.120	-0.205	0.536	-2.01	1.25	1.91	13.07	7.36	-16.14	45902	-0.104	-0.199	0.525	0.170	0.012	0.687
17.199	-0.118	-0.201	0.535	-1.88	1.18	1.76	14.02	6.32	-15.29	45972	-0.102	-0.197	0.524	0.169	0.012	0.688
17.209	-0.116	-0.200	0.534	-1.72	1.12	1.60	13.18	5.36	-14.17	46172	-0.100	-0.194	0.523	0.169	0.012	0.689
17.220	-0.115	-0.198	0.534	-1.59	1.07	1.45	12.76	3.72	-14.58	46249	-0.099	-0.192	0.523	0.168	0.011	0.690
17.229	-0.113	-0.189	0.533	-1.51	1.03	1.32	11.16	3.88	-13.89	46315	-0.097	-0.189	0.522	0.167	0.011	0.691
17.238	-0.111	-0.190	0.533	-1.36	0.99	1.17	9.44	3.47	-14.40	46379	-0.095	-0.187	0.522	0.166	0.011	0.692
17.249	-0.108	-0.185	0.532	-1.27	0.95	1.03	8.41	3.72	-13.77	46446	-0.093	-0.184	0.521	0.165	0.011	0.692
17.260	-0.109	-0.185	0.531	-1.16	0.94	0.88	6.77	3.86	-13.71	46600	-0.092	-0.181	0.520	0.164	0.011	0.693
17.269	-0.108	-0.182	0.531	-1.09	0.91	0.75	6.81	4.09	-13.00	46648	-0.090	-0.178	0.520	0.164	0.011	0.694
17.274	-0.106	-0.183	0.530	-0.99	0.87	0.61	5.90	3.22	-13.22	46683	-0.089	-0.176	0.519	0.163	0.010	0.695
17.289	-0.106	-0.180	0.530	-0.92	0.85	0.48	5.55	2.90	-13.07	46725	-0.087	-0.174	0.519	0.162	0.010	0.696
17.297	-0.105	-0.175	0.530	-0.88	0.82	0.35	5.43	3.68	-12.92	46621	-0.086	-0.171	0.518	0.161	0.010	0.696
17.309	-0.104	-0.177	0.529	-0.78	0.80	0.21	4.16	4.48	-12.45	46656	-0.085	-0.169	0.518	0.160	0.010	0.697
17.320	-0.104	-0.174	0.529	-0.74	0.77	0.08	2.10	5.04	-12.28	46695	-0.084	-0.167	0.518	0.159	0.009	0.698
17.329	-0.101	-0.170	0.528	-0.72	0.71	-0.03	1.82	3.99	-12.06	46730	-0.082	-0.165	0.517	0.158	0.009	0.699
17.339	-0.101	-0.169	0.527	-0.68	0.67	-0.16	2.18	4.81	-11.75	46810	-0.081	-0.162	0.517	0.157	0.009	0.700
17.348	-0.098	-0.166	0.527	-0.65	0.62	-0.28	3.31	3.82	-11.05	46839	-0.080	-0.160	0.516	0.156	0.008	0.701
17.359	-0.097	-0.163	0.526	-0.62	0.58	-0.39	3.55	3.61	-10.54	46866	-0.078	-0.158	0.516	0.155	0.008	0.701
17.370	-0.097	-0.156	0.526	-0.62	0.55	-0.49	4.08	2.52	-10.19	46896	-0.077	-0.155	0.515	0.154	0.008	0.702
17.375	-0.097	-0.156	0.525	-0.56	0.53	-0.60	3.85	0.61	-10.19	46918	-0.076	-0.152	0.515	0.153	0.008	0.703
17.389	-0.095	-0.152	0.525	-0.53	0.52	-0.70	3.66	-0.93	-9.70	46959	-0.075	-0.149	0.514	0.152	0.008	0.704
17.399	-0.091	-0.150	0.524	-0.48	0.50	-0.80	4.11	-2.42	-9.47	46973	-0.073	-0.146	0.514	0.151	0.007	0.705
17.406	-0.091	-0.147	0.523	-0.43	0.53	-0.89	3.35	-4.03	-8.50	46987	-0.072	-0.144	0.513	0.150	0.007	0.705
17.420	-0.090	-0.144	0.523	-0.40	0.57	-0.98	2.92	-2.93	-8.61	47002	-0.071	-0.141	0.513	0.149	0.007	0.706
17.430	-0.090	-0.142	0.524	-0.36	0.62	-1.07	2.50	-2.48	-8.16	46754	-0.070	-0.138	0.513	0.148	0.007	0.707
17.440	-0.089	-0.142	0.523	-0.31	0.65	-1.16	2.05	-0.96	-8.02	46769	-0.069	-0.136	0.513	0.147	0.007	0.708
17.448	-0.088	-0.140	0.523	-0.28	0.66	-1.24	-0.92	-0.32	-6.65	46782	-0.068	-0.134	0.512	0.146	0.006	0.708
17.456	-0.089	-0.141	0.522	-0.23	0.68	-1.32	-0.75	1.57	-6.42	46789	-0.067	-0.132	0.512	0.145	0.006	0.709
17.469	-0.088	-0.132	0.521	-0.30	0.68	-1.37	-1.84	3.76	-6.49	46943	-0.066	-0.129	0.512	0.143	0.006	0.710
17.475	-0.086	-0.127	0.521	-0.33	0.64	-1.43	-0.82	5.46	-6.45	46955	-0.065	-0.126	0.511	0.142	0.006	0.711
17.489	-0.084	-0.125	0.520	-0.33	0.59	-1.49	-1.32	5.50	-5.53	46968	-0.064	-0.123	0.511	0.141	0.005	0.711
17.500	-0.083	-0.127	0.520	-0.30	0.55	-1.56	-0.68	6.51	-5.42	46975	-0.063	-0.121	0.511	0.140	0.005	0.712
17.506	-0.082	-0.128	0.519	-0.27	0.48	-1.62	0.17	6.86	-5.38	46995	-0.062	-0.119	0.510	0.139	0.005	0.713
17.517	-0.081	-0.125	0.519	-0.28	0.42	-1.67	0.48	4.54	-4.85	47071	-0.061	-0.117	0.510	0.138	0.004	0.713
17.529	-0.080	-0.121	0.518	-0.29	0.37	-1.72	3.24	4.08	-5.58	47076	-0.060	-0.115	0.509	0.137	0.004	0.714
17.539	-0.079	-0.118	0.518	-0.27	0.33	-1.78	3.59	2.16	-5.53	47083	-0.059	-0.112	0.509	0.136	0.004	0.715
17.548	-0.078	-0.110	0.517	-0.27	0.30	-1.83	2.27	-1.67	-5.10	47099	-0.058	-0.109	0.509	0.135	0.004	0.715
17.559	-0.075	-0.107	0.517	-0.25	0.30	-1.88	0.98	-4.06	-5.16	47080	-0.057	-0.106	0.508	0.134	0.004	0.716
17.569	-0.075	-0.104	0.516	-0.23	0.32	-1.93	0.40	-7.73	-4.91	47092	-0.056	-0.103	0.508	0.133	0.003	0.717
17.579	-0.073	-0.101	0.516	-0.22	0.39	-1.98	-0.86	-8.43	-4.84	47103	-0.054	-0.100	0.508	0.132	0.003	0.717
17.590	-0.075	-0.103	0.515	-0.18	0.49	-2.03	-1.25	-8.08	-4.63	47119	-0.054	-0.098	0.507	0.131	0.003	0.718
17.599	-0.074	-0.103	0.515	-0.16	0.58	-2.09	-1.67	-7.89	-4.44	47136	-0.053	-0.096	0.507	0.130	0.003	0.719
17.607	-0.074	-0.096	0.515	-0.21	0.66	-2.12	-2.74	-7.80	-3.92	47092	-0.052	-0.093	0.507	0.129	0.003	0.719
17.618	-0.072	-0.096	0.515	-0.21	0.74	-2.17	-2.70	-6.27	-4.04	47104	-0.051	-0.091	0.507	0.128	0.002	0.720
17.628	-0.070	-0.089	0.514	-0.27	0.80	-2.19	-1.95	-4.42	-3.17	47122	-0.050	-0.088	0.506	0.127	0.002	0.720
17.639	-0.069	-0.081	0.514	-0.34	0.85	-2.22	-1.81	-1.38	-4.36	47124	-0.049	-0.084	0.506	0.126	0.002	0.721
17.649	-0.069	-0.085	0.514	-0.30	0.87	-2.27	-0.68	0.65	-3.03	47003	-0.048	-0.081	0.506	0.125	0.002	0.722
17.659	-0.070	-0.086	0.514	-0.27	0.89	-2.31	0.40	2.58	-2.72	47009	-0.048	-0.079	0.506	0.124	0.002	0.722
17.669	-0.064	-0.075	0.513	-0.34	0.84	-2.32	0.41	3.96	-2.78	47016	-0.047	-0.076	0.506	0.123	0.002	0.723
17.679	-0.064	-0.068	0.513	-0.37	0.81	-2.35	1.37	4.10	-2.67	47019	-0.045	-0.072	0.505	0.122	0.002	0.723
17.689	-0.063	-0.074	0.512	-0.29	0.77	-2.39	2.92	2.91	-1.80	47193	-0.044	-0.070	0.505	0.121	0.002	0.724
17.699	-0.062	-0.071	0.511	-0.26	0.73	-2.41	3.82	0.92	-1.69	47193	-0.043	-0.067	0.505	0.120	0.002	0.724
17.707	-0.058	-0.052	0.511	-0.36	0.70	-2.40	4.30	-1.19	-1.37	47196	-0.042	-0.062	0.504	0.119	0.002	0.725
17.718	-0.058	-0.055	0.510	-0.26	0.71	-2.42	4.89	-3.38	-1.15	47174	-0.041	-0.059	0.504	0.118	0.003	0.725
17.730	-0.052	-0.025	0.510	-0.44	0.70	-2.39	4.93	-4.58	-1.13	47199	-0.039	-0.052	0.504	0.118	0.004	0.726
17.739	-0.051	-0.028	0.508	-0.34	0.75	-2.41	4.66	-5.85	-0.93	47459	-0.037	-0.046	0.503	0.117	0.005	0.726
17.750	-0.047	-0.034	0.508	-0.21	0.78	-2.44	5.00	-5.66	-0.19	47444	-0.035	-0.042	0.503	0.116	0.005	0.727
17.758	-0.047	-0.017	0.507	-0.27	0.85	-2.42	5.99	-6.07	0.87	47451	-0.033	-0.036	0.502	0.116	0.006	0.727
17.768	-0.048	-0.022	0.507	-0.15	0.92	-2.43	7.51	-6.46	1.39	47441	-0.032	-0.031	0.502	0.115	0.007	0.727
17.779	-0.046	-0.022	0.507	-0.05	0.97	-2.42	8.82	-5.30	2.29	47405	-0.030	-0.027	0.502	0.114	0.007	0.728
17.785	-0.046	-0.005	0.506	-0.08	1.03	-2.38	9.30	-3.94	2.70	47407	-0.029	-0.021	0.501	0.113	0.008	0.728
17.799	-0.044	-0.010	0.506	0.09	1.07	-2.37	9.33	-2.13	3.30	47392	-0.028	-0.017	0.501	0.112	0.008	0.729
17.809	-0.041	-0.001	0.506	0.13	1.09	-2.33	10.43	-0.35	3.17	47386	-0.026	-0.012	0.501	0.112	0.009	0.729
17.816	-0.043	0.001	0.506	0.25	1.12	-2.30	9.84	1.53	4.59	47382	-0.025	-0.007	0.501	0.111	0.009	0.729
17.829	-0.042	0.005	0.506	0.34	1.12	-2.26	8.96	1.42	5.10	47248	-0.024	-0.003	0.501	0.110	0.009	0.730
17.839	-0.042	0.020	0.505	0.34	1.11	-2.19	9.71	2.50	5.73	47239	-0.023	0.003	0.500	0.109	0.010	0.730
17.849	-0.041	0.017	0.505	0.49	1.08	-2.15	10.60	3.36	6.40	47217	-0.022	0.008	0.500	0.108	0.011	0.730
17.859	-0.039	0.035	0.505	0.47	1.04	-2.07	15.69	3.15	6.68	47215	-0.021	0.014	0.500	0.107	0.012	0.731
17.870	-0.037	0.028	0.504	0.70	1.01	-2.02	26.60	1.99	7.59	47225	-0.019	0.019	0.500	0.106	0.012	0.731
17.879	-0.037	0.045	0.504	0.82	0.99	-1.92	40.48	-0.73	8.32	47195	-0.018	0.025	0.500	0.105	0.013	0.731
17.890	-0.037	0.035	0.504	1.28	1.00	-1.86	53.60	-3.58	8.74	47133	-0.017	0.030	0.500	0.104	0.014	0.732
17.900	-0.037	0.047	0.504	1.70	1.03	-1.77	64.92	-4.49	9.48	47096	-0.017	0.035	0.500	0.103	0.014	0.732
17.908	-0.035	0.059	0.503	2.24	1.07	-1.67	72.07	-5.63	9.48	47185	-0.016	0.041	0.499	0.102	0.015	0.732
17.919	-0.036	0.065	0.503	2.93	1.14	-1.57	73.59	-6.81	9.39	47140	-0.015	0.047	0.499	0.101	0.016	0.733
17.929	-0.034	0.050	0.503	3.81	1.21	-1.51	71.94	-6.79	10.48	47092	-0.014	0.050	0.499	0.100	0.016	0.733
17.939	-0.034	0.054	0.503	4.54	1.28	-1.42	66.52	-6.62	11.17	47062	-0.013	0.054	0.499	0.099	0.016	0.733
17.950	-0.034	0.064	0.503	5.16	1.37	-1.30	58.30	-5.44	11.75	47037	-0.013	0.058	0.499	0.098	0.016	0.734
17.958	-0.033	0.076	0.503	5.71	1.44	-1.18	45.90	-3.72	11.81	46898	-0.012	0.063	0.499	0.097	0.017	0.734
17.969	-0.034	0.067	0.503	6.31	1.50	-1.09	33.50	-2.59	12.35	46889	-0.011	0.067	0.499	0.096	0.017	0.734
17.975	-0.032	0.080	0.503	6.60	1.54	-0.96	19.67	-0.58	11.94	46884	-0.011	0.071	0.499	0.094	0.017	0.735
17.986	-0.031	0.083	0.503	6.85	1.56	-0.84	6.23	1.44	12.14	46891	-0.010	0.075	0.499	0.093	0.018	0.735
17.999	-0.031	0.103	0.504	6.81	1.57	-0.69	-2.34	4.36	12.21	46675	-0.009	0.081	0.499	0.092	0.019	0.735
18.010	-0.029	0.103	0.504	6.83	1.54	-0.57	-10.56	5.00	12.64	46672	-0.009	0.087	0.499	0.091	0.020	0.736
18.018	-0.029	0.106	0.504	6.75	1.51	-0.44	-12.83	5.64	13.13	46667	-0.008	0.092	0.499	0.090	0.021	0.736
18.025	-0.029	0.109	0.504	6.63	1.47	-0.31	-12.88	6.14	12.84	46660	-0.007	0.096	0.499	0.089	0.021	0.736
18.036	-0.028	0.110	0.506	6.51	1.42	-0.18	-9.54	6.06	12.56	46642	-0.007	0.100	0.500	0.088	0.022	0.737
18.049	-0.027	0.113	0.506	6.40	1.37	-0.05	-3.04	6.42	12.34	46347	-0.006	0.104	0.500	0.087	0.022	0.737
18.058	-0.027	0.116	0.506	6.34	1.32	0.08	2.70	5.74	12.87	46319	-0.006	0.108	0.500	0.086	0.023	0.738
18.067	-0.027	0.116	0.506	6.36	1.28	0.21	6.12	5.53	11.71	46300	-0.005	0.111	0.501	0.085	0.023	0.738
18.078	-0.025	0.114	0.506	6.45	1.22	0.32	9.81	5.20	11.74	46284	-0.004	0.113	0.501	0.084	0.023	0.738
18.088	-0.024	0.116	0.506	6.53	1.18	0.45	10.28	4.77	11.53	46279	-0.004	0.116	0.501	0.083	0.023	0.739
18.097	-0.024	0.112	0.506	6.68	1.14	0.56	8.68	3.58	11.24	46288	-0.003	0.117	0.501	0.082	0.023	0.739
18.109	-0.024	0.112	0.506	6.79	1.12	0.67	6.05	1.45	10.16	46293	-0.002	0.118	0.501	0.080	0.022	0.740
18.119	-0.023	0.114	0.506	6.86	1.11	0.78	0.76	-0.40	10.06	46281	-0.002	0.119	0.501	0.079	0.022	0.740
18.125	-0.024	0.116	0.507	6.89	1.12	0.88	-3.69	-1.43	9.26	46249	-0.001	0.121	0.501	0.078	0.022	0.740
18.136	-0.023	0.117	0.507	6.86	1.14	0.97	-10.93	-1.01	8.56	46269	-0.001	0.122	0.502	0.077	0.021	0.741
18.147	-0.021	0.119	0.507	6.77	1.14	1.05	-16.85	-1.63	8.62	46295	-0.000	0.123	0.502	0.076	0.021	0.741
18.158	-0.020	0.117	0.507	6.65	1.16	1.13	-22.80	-2.08	7.68	46316	0.000	0.123	0.502	0.075	0.021	0.742
18.168	-0.020	0.118	0.507	6.44	1.19	1.20	-27.21	-0.27	6.80	46339	0.001	0.124	0.502	0.074	0.021	0.742
18.179	-0.020	0.114	0.505	6.22	1.21	1.27	-29.88	1.69	6.30	46817	0.001	0.124	0.502	0.073	0.020	0.742
18.189	-0.020	0.115	0.505	5.93	1.21	1.33	-32.07	2.43	5.57	46864	0.002	0.124	0.501	0.072	0.020	0.742
18.199	-0.019	0.105	0.504	5.70	1.19	1.37	-32.47	4.45	5.11	46904	0.002	0.122	0.501	0.071	0.019	0.743
18.209	-0.019	0.113	0.504	5.32	1.16	1.44	-31.13	6.02	4.88	46915	0.003	0.122	0.501	0.069	0.018	0.743
18.218	-0.019	0.119	0.504	4.96	1.11	1.51	-29.43	7.28	4.49	47015	0.003	0.122	0.500	0.068	0.018	0.743
18.229	-0.016	0.101	0.504	4.80	1.03	1.52	-28.60	7.01	4.19	47058	0.004	0.120	0.500	0.067	0.017	0.744
18.234	-0.017	0.105	0.504	4.48	0.96	1.58	-25.51	8.98	3.89	47082	0.004	0.119	0.500	0.066	0.016	0.744
18.245	-0.014	0.089	0.503	4.35	0.86	1.59	-24.15	7.85	3.27	47117	0.005	0.116	0.500	0.065	0.015	0.744
18.260	-0.012	0.075	0.501	4.21	0.78	1.61	-23.48	7.36	3.15	47129	0.006	0.111	0.499	0.064	0.013	0.744
18.269	-0.012	0.075	0.501	3.97	0.70	1.64	-25.22	6.06	2.21	47527	0.007	0.107	0.499	0.063	0.012	0.744
18.279	-0.012	0.079	0.501	3.69	0.64	1.68	-25.90	5.39	1.89	47560	0.007	0.104	0.499	0.062	0.010	0.745
18.285	-0.011	0.063	0.500	3.55	0.58	1.68	-29.06	3.92	0.78	47606	0.008	0.099	0.498	0.062	0.009	0.745
18.299	-0.010	0.055	0.500	3.33	0.53	1.68	-32.44	2.22	0.83	47636	0.009	0.093	0.498	0.061	0.007	0.745
18.307	-0.010	0.054	0.499	3.01	0.50	1.69	-36.43	1.52	0.11	47865	0.010	0.088	0.497	0.060	0.005	0.745
18.320	-0.006	0.027	0.498	2.87	0.46	1.65	-41.18	2.21	-0.03	47939	0.011	0.081	0.497	0.059	0.002	0.745
18.326	-0.004	0.013	0.498	2.57	0.43	1.62	-45.14	1.68	0.01	47987	0.012	0.072	0.497	0.058	-0.001	0.745
18.337	-0.004	0.023	0.497	2.04	0.41	1.64	-48.64	1.86	-0.50	47972	0.013	0.066	0.496	0.057	-0.003	0.745
18.348	-0.004	0.011	0.497	1.64	0.39	1.62	-51.98	2.55	-0.74	48068	0.013	0.058	0.496	0.056	-0.006	0.745
18.359	-0.003	-0.005	0.496	1.24	0.36	1.60	-53.29	1.48	-1.17	48094	0.014	0.050	0.496	0.055	-0.008	0.745
18.368	-0.002	0.005	0.496	0.61	0.34	1.60	-53.52	2.13	-0.71	48070	0.015	0.044	0.495	0.054	-0.010	0.745
18.376	-0.002	-0.004	0.496	0.13	0.31	1.58	-52.67	1.52	-1.06	48075	0.016	0.037	0.495	0.054	-0.012	0.745
18.384	-0.001	-0.019	0.495	-0.30	0.30	1.56	-50.43	2.71	-1.36	48080	0.017	0.029	0.495	0.053	-0.015	0.745
18.395	0.001	-0.025	0.496	-0.78	0.27	1.53	-46.69	2.08	-1.58	47898	0.018	0.022	0.495	0.052	-0.017	0.745
18.410	0.000	-0.016	0.495	-1.35	0.25	1.53	-43.41	1.90	-1.55	47853	0.018	0.016	0.495	0.051	-0.019	0.746
18.418	0.001	-0.027	0.495	-1.73	0.23	1.51	-38.73	1.15	-1.54	47827	0.019	0.010	0.495	0.050	-0.021	0.746
18.430	0.001	-0.044	0.495	-2.02	0.22	1.48	-34.02	0.50	-0.75	47812	0.020	0.002	0.495	0.049	-0.023	0.746
18.437	0.004	-0.059	0.495	-2.28	0.19	1.45	-31.72	-0.07	-0.59	47686	0.020	-0.007	0.495	0.048	-0.026	0.746
18.446	0.004	-0.052	0.495	-2.69	0.18	1.45	-29.79	0.50	-0.69	47628	0.021	-0.013	0.495	0.047	-0.028	0.746
18.458	0.004	-0.065	0.495	-2.91	0.18	1.43	-29.14	1.93	-1.16	47622	0.022	-0.021	0.495	0.046	-0.030	0.746
18.470	0.004	-0.060	0.495	-3.26	0.17	1.43	-28.17	0.48	-1.05	47588	0.022	-0.027	0.495	0.046	-0.031	0.746
18.477	0.006	-0.073	0.495	-3.47	0.15	1.40	-26.52	1.61	-0.99	47558	0.023	-0.034	0.495	0.045	-0.033	0.746
18.488	0.006	-0.071	0.495	-3.78	0.13	1.40	-25.17	1.79	-0.96	47410	0.024	-0.040	0.495	0.044	-0.035	0.746
18.498	0.007	-0.087	0.495	-3.93	0.12	1.37	-24.07	1.74	-1.52	47391	0.024	-0.047	0.495	0.043	-0.037	0.746
18.509	0.007	-0.079	0.495	-4.25	0.10	1.37	-23.20	2.24	-0.67	47350	0.025	-0.052	0.495	0.042	-0.038	0.746
18.519	0.007	-0.098	0.495	-4.36	0.08	1.34	-22.71	2.12	-0.77	47336	0.025	-0.059	0.495	0.041	-0.040	0.746
18.528	0.007	-0.092	0.497	-4.67	0.06	1.34	-20.50	2.25	-1.00	46918	0.025	-0.064	0.496	0.040	-0.042	0.746
18.538	0.008	-0.109	0.497	-4.76	0.04	1.32	-19.54	1.79	-1.50	46895	0.026	-0.071	0.496	0.039	-0.044	0.746
18.549	0.008	-0.102	0.497	-5.04	0.02	1.31	-16.66	1.64	-1.64	46862	0.026	-0.076	0.496	0.038	-0.045	0.746
18.555	0.008	-0.104	0.497	-5.22	0.00	1.29	-14.79	0.74	-1.93	46831	0.026	-0.081	0.497	0.037	-0.046	0.746
18.570	0.009	-0.116	0.499	-5.31	-0.01	1.26	-12.37	0.23	-2.03	46804	0.027	-0.086	0.497	0.036	-0.048	0.746
18.579	0.010	-0.118	0.499	-5.44	-0.02	1.24	-9.82	-0.60	-1.89	46447	0.027	-0.091	0.498	0.036	-0.049	0.746
18.586	0.010	-0.116	0.500	-5.58	-0.01	1.23	-7.63	-1.57	-1.66	46416	0.027	-0.095	0.498	0.035	-0.050	0.746
18.597	0.010	-0.112	0.500	-5.71	-0.00	1.22	-5.79	-1.54	-1.28	46387	0.028	-0.099	0.499	0.034	-0.051	0.746
18.608	0.011	-0.114	0.500	-5.77	0.02	1.21	-3.49	-2.39	-0.85	46367	0.028	-0.101	0.499	0.033	-0.051	0.746
18.618	0.010	-0.109	0.500	-5.88	0.05	1.21	-1.47	-1.80	-1.19	46387	0.028	-0.103	0.500	0.032	-0.052	0.746
18.629	0.010	-0.112	0.501	-5.88	0.07	1.20	0.53	-0.66	-1.45	46385	0.028	-0.105	0.500	0.031	-0.052	0.746
18.636	0.014	-0.128	0.501	-5.77	0.05	1.17	4.69	-0.90	-1.73	46385	0.029	-0.109	0.500	0.030	-0.053	0.746
18.647	0.014	-0.113	0.501	-5.87	0.07	1.17	7.82	-1.44	-1.70	46384	0.029	-0.110	0.500	0.030	-0.053	0.746
18.658	0.013	-0.115	0.501	-5.81	0.09	1.15	10.04	-1.35	-1.85	46402	0.030	-0.112	0.501	0.029	-0.053	0.747
18.669	0.013	-0.118	0.501	-5.70	0.11	1.14	11.84	-1.64	-1.77	46416	0.030	-0.113	0.501	0.028	-0.054	0.747
18.679	0.014	-0.119	0.502	-5.59	0.12	1.12	14.37	-1.68	-2.09	46434	0.030	-0.114	0.501	0.027	-0.054	0.747
18.687	0.015	-0.123	0.502	-5.43	0.14	1.10	17.10	-3.00	-1.22	46449	0.030	-0.116	0.501	0.026	-0.054	0.747
18.697	0.014	-0.125	0.502	-5.26	0.17	1.09	18.22	-2.80	-0.70	46461	0.031	-0.117	0.501	0.025	-0.055	0.747
18.709	0.014	-0.115	0.501	-5.17	0.20	1.09	18.30	-3.15	-0.72	46611	0.031	-0.118	0.501	0.025	-0.054	0.747
18.718	0.015	-0.115	0.502	-4.99	0.23	1.08	19.39	-2.81	-1.25	46644	0.031	-0.118	0.501	0.024	-0.054	0.747
18.729	0.014	-0.120	0.502	-4.77	0.26	1.07	19.08	-3.38	-1.29	46662	0.031	-0.118	0.502	0.023	-0.054	0.747
18.739	0.015	-0.120	0.502	-4.57	0.29	1.06	19.45	-2.78	-1.57	46673	0.031	-0.119	0.502	0.022	-0.054	0.747
18.745	0.014	-0.102	0.501	-4.53	0.33	1.06	19.73	-2.57	-1.88	46835	0.031	-0.117	0.502	0.021	-0.054	0.747
18.755	0.014	-0.102	0.501	-4.33	0.35	1.04	19.77	-0.67	-2.19	46858	0.031	-0.115	0.502	0.020	-0.053	0.747
18.769	0.015	-0.109	0.501	-4.08	0.36	1.02	20.92	-0.18	-1.43	46873	0.031	-0.114	0.501	0.019	-0.053	0.747
18.778	0.015	-0.087	0.501	-4.05	0.37	1.01	21.13	1.15	-2.89	46902	0.031	-0.111	0.501	0.019	-0.052	0.747
18.787	0.015	-0.086	0.500	-3.84	0.36	0.99	24.15	1.03	-3.41	46910	0.031	-0.108	0.501	0.018	-0.050	0.747
18.798	0.016	-0.069	0.500	-3.75	0.34	0.96	27.77	1.26	-2.97	47179	0.032	-0.103	0.501	0.017	-0.049	0.746
18.810	0.016	-0.071	0.500	-3.46	0.33	0.93	31.38	0.69	-2.23	47198	0.032	-0.098	0.501	0.016	-0.047	0.746
18.819	0.017	-0.062	0.500	-3.23	0.32	0.91	34.36	1.05	-2.09	47221	0.032	-0.094	0.501	0.015	-0.046	0.746
18.829	0.017	-0.046	0.500	-3.01	0.31	0.89	37.63	0.02	-1.77	47244	0.032	-0.087	0.501	0.015	-0.044	0.746
18.837	0.017	-0.032	0.499	-2.75	0.31	0.88	39.97	-0.17	-2.33	47387	0.032	-0.080	0.500	0.014	-0.041	0.746
18.848	0.017	-0.041	0.499	-2.27	0.32	0.85	41.98	-1.13	-2.22	47395	0.032	-0.074	0.500	0.013	-0.040	0.746
18.859	0.017	-0.026	0.499	-1.96	0.33	0.83	42.76	-1.37	-2.73	47423	0.032	-0.068	0.500	0.012	-0.037	0.746
18.869	0.017	-0.013	0.498	-1.63	0.33	0.82	42.34	-2.93	-2.76	47444	0.032	-0.060	0.500	0.012	-0.035	0.746
18.879	0.018	-0.010	0.498	-1.21	0.36	0.79	41.21	-2.61	-2.85	47542	0.032	-0.053	0.500	0.011	-0.033	0.746
18.887	0.018	-0.003	0.498	-0.83	0.38	0.76	39.44	-1.47	-2.69	47556	0.032	-0.046	0.500	0.010	-0.031	0.745
18.898	0.019	0.016	0.497	-0.57	0.39	0.74	37.33	-0.42	-2.81	47592	0.033	-0.037	0.499	0.009	-0.028	0.745
18.909	0.019	0.030	0.497	-0.28	0.40	0.72	36.73	0.83	-2.94	47626	0.033	-0.028	0.499	0.009	-0.025	0.745
18.920	0.019	0.028	0.498	0.14	0.40	0.69	36.69	0.10	-2.47	47604	0.033	-0.019	0.499	0.008	-0.023	0.745
18.930	0.019	0.030	0.498	0.50	0.40	0.66	37.71	1.68	-2.33	47471	0.033	-0.012	0.499	0.007	-0.020	0.745
18.938	0.019	0.036	0.498	0.85	0.39	0.64	37.46	2.61	-2.90	47477	0.033	-0.005	0.499	0.007	-0.018	0.745
18.946	0.019	0.049	0.497	1.14	0.37	0.61	36.85	2.93	-2.21	47437	0.033	0.003	0.499	0.006	-0.016	0.745
18.957	0.019	0.051	0.497	1.51	0.33	0.59	38.27	2.94	-2.07	47448	0.033	0.011	0.499	0.005	-0.014	0.744
18.968	0.022	0.079	0.497	1.69	0.29	0.58	36.91	2.76	-2.37	47551	0.034	0.021	0.499	0.005	-0.011	0.744
18.979	0.022	0.071	0.497	2.16	0.26	0.56	36.74	1.65	-2.39	47563	0.034	0.029	0.499	0.004	-0.009	0.744
18.988	0.022	0.078	0.496	2.49	0.24	0.54	34.64	1.41	-2.65	47526	0.034	0.036	0.499	0.003	-0.007	0.744
18.998	0.022	0.092	0.496	2.76	0.23	0.52	34.05	1.85	-2.44	47523	0.034	0.045	0.499	0.003	-0.004	0.744
19.009	0.022	0.104	0.495	3.04	0.21	0.49	32.95	0.52	-2.24	47526	0.035	0.054	0.499	0.002	-0.002	0.743
19.018	0.022	0.096	0.495	3.47	0.20	0.47	30.44	-0.24	-1.86	47683	0.035	0.061	0.499	0.001	-0.000	0.743
19.029	0.023	0.093	0.495	3.83	0.19	0.45	27.20	-2.33	-1.87	47659	0.035	0.067	0.499	0.001	0.001	0.743
19.039	0.023	0.106	0.495	4.03	0.21	0.44	26.49	-2.62	-2.27	47638	0.035	0.073	0.499	0.000	0.003	0.743
19.048	0.023	0.109	0.495	4.30	0.24	0.41	23.87	-1.71	-2.90	47643	0.035	0.079	0.499	-0.000	0.005	0.742
19.056	0.023	0.115	0.496	4.53	0.25	0.39	22.29	-2.34	-2.33	47401	0.035	0.085	0.499	-0.001	0.006	0.742
19.066	0.024	0.113	0.496	4.80	0.26	0.36	19.45	-2.02	-2.06	47379	0.036	0.091	0.499	-0.002	0.007	0.742
19.079	0.025	0.129	0.496	4.90	0.28	0.34	16.90	-1.13	-2.26	47358	0.036	0.097	0.499	-0.002	0.009	0.742
19.089	0.025	0.132	0.496	5.08	0.29	0.32	13.98	1.07	-2.17	47347	0.036	0.103	0.499	-0.003	0.010	0.741
19.097	0.028	0.124	0.496	5.32	0.27	0.30	11.05	1.76	-3.01	47238	0.037	0.107	0.499	-0.003	0.011	0.741
19.105	0.028	0.141	0.496	5.32	0.25	0.28	11.50	2.77	-2.81	47211	0.037	0.113	0.499	-0.004	0.013	0.741
19.119	0.027	0.144	0.496	5.43	0.23	0.25	10.45	3.31	-2.87	47201	0.038	0.118	0.500	-0.004	0.014	0.741
19.129	0.027	0.138	0.497	5.61	0.19	0.23	7.72	2.43	-2.04	47181	0.038	0.122	0.500	-0.005	0.015	0.740
19.139	0.027	0.140	0.497	5.69	0.16	0.21	6.47	1.73	-1.44	47156	0.038	0.126	0.500	-0.005	0.015	0.740
19.147	0.027	0.164	0.498	5.58	0.14	0.19	3.24	0.55	-0.05	46899	0.038	0.132	0.500	-0.006	0.017	0.740
19.158	0.027	0.167	0.498	5.63	0.13	0.19	-0.44	-1.62	-0.02	46877	0.038	0.138	0.500	-0.006	0.019	0.740
19.167	0.028	0.169	0.498	5.64	0.13	0.19	-3.25	-2.64	0.21	46832	0.039	0.143	0.501	-0.007	0.020	0.740
19.179	0.028	0.169	0.498	5.64	0.15	0.19	-5.89	-4.61	0.29	46796	0.039	0.147	0.501	-0.007	0.021	0.739
19.189	0.028	0.171	0.499	5.59	0.19	0.19	-6.91	-5.94	0.69	46673	0.039	0.152	0.501	-0.008	0.022	0.739
19.199	0.031	0.172	0.499	5.54	0.22	0.18	-8.29	-5.45	0.07	46645	0.039	0.155	0.502	-0.008	0.023	0.739
19.208	0.031	0.174	0.500	5.46	0.28	0.18	-6.85	-5.58	-0.33	46606	0.040	0.159	0.502	-0.009	0.024	0.739
19.218	0.031	0.175	0.500	5.39	0.34	0.18	-7.98	-4.81	-0.72	46572	0.040	0.162	0.502	-0.009	0.024	0.739
19.226	0.031	0.177	0.500	5.31	0.40	0.17	-7.24	-3.39	-0.86	46544	0.041	0.165	0.502	-0.010	0.025	0.739
19.239	0.032	0.179	0.500	5.24	0.44	0.16	-7.47	-1.79	-0.80	46596	0.041	0.168	0.502	-0.010	0.026	0.738
19.249	0.032	0.181	0.500	5.17	0.46	0.15	-8.22	-0.80	-0.17	46577	0.041	0.170	0.503	-0.011	0.026	0.738
19.257	0.033	0.184	0.500	5.08	0.46	0.14	-7.59	1.41	-1.08	46548	0.042	0.173	0.503	-0.011	0.027	0.738
19.267	0.033	0.166	0.501	5.16	0.46	0.14	-8.43	2.44	-1.56	46519	0.042	0.173	0.503	-0.012	0.026	0.738
19.278	0.035	0.162	0.501	5.12	0.43	0.12	-9.79	2.50	-1.22	46571	0.042	0.172	0.503	-0.012	0.026	0.738
19.289	0.036	0.164	0.501	5.02	0.39	0.11	-9.14	2.56	-1.82	46555	0.043	0.172	0.503	-0.012	0.025	0.737
19.297	0.036	0.165	0.501	4.92	0.36	0.09	-11.53	2.31	-1.80	46524	0.044	0.172	0.503	-0.013	0.025	0.737
19.308	0.036	0.169	0.501	4.80	0.34	0.08	-12.72	1.95	-1.43	46504	0.044	0.172	0.503	-0.013	0.025	0.737
19.317	0.037	0.169	0.502	4.68	0.32	0.06	-15.27	0.99	-1.39	46384	0.044	0.172	0.504	-0.014	0.025	0.737
19.329	0.037	0.152	0.502	4.68	0.30	0.05	-17.60	0.31	-1.50	46390	0.045	0.170	0.504	-0.014	0.024	0.737
19.335	0.037	0.158	0.503	4.47	0.30	0.04	-20.94	-1.57	-2.13	46375	0.045	0.169	0.504	-0.014	0.023	0.737
19.348	0.036	0.154	0.503	4.31	0.30	0.02	-25.55	-3.77	-2.70	46364	0.045	0.167	0.504	-0.015	0.023	0.737
19.359	0.037	0.144	0.503	4.16	0.33	-0.01	-27.16	-4.50	-3.57	46362	0.046	0.165	0.504	-0.015	0.022	0.737
19.366	0.037	0.146	0.503	3.88	0.37	-0.04	-30.70	-6.97	-3.09	46426	0.046	0.162	0.505	-0.016	0.021	0.736
19.374	0.036	0.139	0.503	3.64	0.43	-0.07	-32.60	-8.12	-4.13	46411	0.046	0.160	0.505	-0.016	0.020	0.736
19.387	0.036	0.139	0.503	3.32	0.51	-0.12	-34.98	-8.13	-4.57	46384	0.046	0.157	0.505	-0.017	0.019	0.736
19.399	0.039	0.128	0.503	3.06	0.56	-0.17	-35.15	-6.08	-5.79	46382	0.047	0.153	0.505	-0.017	0.017	0.736
19.408	0.039	0.120	0.501	2.78	0.64	-0.23	-36.06	-5.35	-5.98	46791	0.047	0.149	0.505	-0.018	0.016	0.736
19.415	0.038	0.116	0.502	2.44	0.70	-0.28	-35.20	-1.47	-6.98	46793	0.047	0.145	0.504	-0.018	0.015	0.736
19.426	0.038	0.101	0.502	2.20	0.74	-0.35	-34.84	1.53	-8.06	46805	0.047	0.139	0.504	-0.019	0.013	0.735
19.439	0.040	0.108	0.502	1.78	0.72	-0.43	-35.65	4.41	-8.34	46769	0.048	0.135	0.504	-0.019	0.011	0.735
19.449	0.039	0.095	0.501	1.53	0.70	-0.51	-34.57	5.32	-8.80	46774	0.048	0.129	0.504	-0.019	0.010	0.735
19.458	0.040	0.087	0.501	1.23	0.64	-0.60	-34.82	6.44	-9.65	46900	0.048	0.123	0.504	-0.020	0.008	0.735
19.469	0.040	0.085	0.501	0.88	0.58	-0.69	-34.05	5.89	-9.73	46888	0.048	0.118	0.504	-0.020	0.006	0.735
19.479	0.040	0.076	0.501	0.61	0.51	-0.79	-32.46	6.88	-9.32	46881	0.049	0.112	0.504	-0.021	0.004	0.734
19.484	0.039	0.079	0.501	0.23	0.46	-0.87	-30.35	7.55	-9.50	46852	0.049	0.107	0.503	-0.021	0.003	0.734
19.498	0.037	0.083	0.501	-0.12	0.40	-0.96	-29.87	6.54	-8.89	46863	0.048	0.103	0.503	-0.022	0.002	0.734
19.509	0.038	0.070	0.501	-0.34	0.33	-1.05	-29.13	4.53	-8.53	46862	0.048	0.098	0.503	-0.022	0.000	0.734
19.523	0.038	0.084	0.501	-0.76	0.27	-1.14	-27.53	3.82	-7.81	46836	0.048	0.096	0.503	-0.023	-0.000	0.734
19.526	0.038	0.065	0.501	-0.89	0.23	-1.22	-26.34	2.17	-7.78	46852	0.048	0.091	0.503	-0.023	-0.002	0.734
19.536	0.040	0.071	0.502	-1.23	0.19	-1.30	-23.40	1.09	-7.56	46800	0.048	0.088	0.503	-0.024	-0.002	0.734
19.549	0.040	0.070	0.502	-1.47	0.18	-1.38	-21.06	0.36	-7.68	44648	0.048	0.084	0.503	-0.024	-0.003	0.733
19.559	0.039	0.053	0.502	-1.57	0.18	-1.45	-18.88	0.09	-6.96	44619	0.048	0.079	0.503	-0.025	-0.005	0.733
19.569	0.040	0.058	0.502	-1.83	0.18	-1.53	-17.67	-0.14	-6.79	44578	0.049	0.076	0.503	-0.025	-0.005	0.733
19.581	0.039	0.038	0.502	-1.86	0.18	-1.59	-16.30	-0.00	-6.29	44590	0.048	0.070	0.503	-0.026	-0.007	0.733
19.587	0.039	0.042	0.503	-2.08	0.19	-1.66	-14.85	-0.45	-5.64	44436	0.048	0.066	0.503	-0.026	-0.008	0.733
19.599	0.038	0.039	0.503	-2.23	0.20	-1.72	-14.39	-2.33	-4.72	44427	0.048	0.061	0.503	-0.027	-0.009	0.733
19.607	0.038	0.025	0.503	-2.27	0.21	-1.76	-13.76	-0.73	-4.85	44443	0.048	0.056	0.503	-0.027	-0.011	0.733
19.618	0.039	0.016	0.503	-2.51	0.24	-1.86	-14.66	-0.94	-4.51	44466	0.048	0.050	0.503	-0.028	-0.013	0.733
19.629	0.039	0.016	0.503	-2.51	0.24	-1.86	-16.11	-0.51	-4.13	44528	0.048	0.044	0.503	-0.028	-0.014	0.733
19.637	0.039	0.014	0.503	-2.66	0.25	-1.90	-16.55	0.54	-3.45	44558	0.048	0.040	0.502	-0.028	-0.016	0.733
19.649	0.039	0.020	0.503	-2.90	0.25	-1.94	-16.90	0.94	-2.94	44593	0.048	0.036	0.502	-0.029	-0.016	0.733
19.658	0.040	0.002	0.503	-2.93	0.24	-1.97	-16.45	1.80	-2.44	44648	0.048	0.031	0.502	-0.029	-0.018	0.733
19.668	0.040	0.009	0.506	-3.18	0.22	-2.00	-15.71	2.63	-1.43	44691	0.048	0.027	0.502	-0.030	-0.019	0.734
19.679	0.040	0.009	0.506	-3.36	0.20	-2.02	-14.99	1.64	-1.14	44194	0.048	0.024	0.502	-0.030	-0.020	0.734
19.685	0.040	-0.010	0.506	-3.37	0.18	-2.03	-14.10	0.76	-0.51	44266	0.048	0.018	0.502	-0.030	-0.021	0.734
19.699	0.040	-0.006	0.506	-3.56	0.17	-2.04	-11.46	-0.41	-0.58	44313	0.048	0.014	0.502	-0.031	-0.022	0.735
19.709	0.040	-0.003	0.506	-3.73	0.17	-2.05	-8.60	-1.20	-0.34	44359	0.048	0.011	0.502	-0.031	-0.023	0.735
19.716	0.040	-0.005	0.506	-3.82	0.18	-2.05	-6.18	-1.70	0.03	44443	0.048	0.008	0.502	-0.032	-0.023	0.735
19.727	0.040	-0.023	0.506	-3.76	0.19	-2.05	-5.21	-2.06	0.74	44523	0.048	0.003	0.501	-0.032	-0.025	0.736
19.737	0.041	-0.022	0.506	-3.84	0.20	-2.05	-2.61	-2.98	0.90	44594	0.048	-0.001	0.501	-0.032	-0.026	0.736
19.750	0.040	-0.022	0.506	-3.89	0.24	-2.04	-1.44	-1.83	0.50	44665	0.048	-0.005	0.501	-0.033	-0.027	0.737
19.758	0.041	-0.022	0.506	-3.92	0.25	-2.03	-1.01	-1.39	0.16	42619	0.048	-0.008	0.501	-0.033	-0.027	0.737
19.766	0.041	-0.023	0.506	-3.93	0.27	-2.03	-0.06	-2.15	0.77	42692	0.048	-0.010	0.500	-0.034	-0.028	0.737
19.777	0.041	-0.025	0.505	-3.94	0.29	-2.02	0.03	-1.82	0.64	42772	0.048	-0.013	0.500	-0.034	-0.029	0.738
19.788	0.042	-0.025	0.505	-3.95	0.30	-2.01	0.42	-1.78	1.11	42853	0.048	-0.016	0.499	-0.034	-0.029	0.738
19.797	0.042	-0.026	0.504	-3.95	0.32	-2.00	1.34	-1.58	0.98	42951	0.048	-0.018	0.498	-0.035	-0.029	0.739
19.808	0.042	-0.027	0.504	-3.94	0.33	-1.99	2.53	-0.80	1.59	43195	0.049	-0.020	0.497	-0.035	-0.030	0.739
19.817	0.042	-0.028	0.503	-3.91	0.34	-1.98	4.09	-0.06	1.91	43321	0.049	-0.022	0.497	-0.035	-0.030	0.740
19.827	0.044	-0.031	0.503	-3.87	0.32	-1.96	8.01	1.93	2.73	43437	0.049	-0.024	0.496	-0.036	-0.031	0.740
19.838	0.044	-0.032	0.502	-3.80	0.31	-1.93	9.78	1.93	3.36	43585	0.049	-0.025	0.495	-0.036	-0.031	0.741
19.846	0.042	-0.037	0.501	-3.69	0.32	-1.91	11.35	2.92	3.61	43929	0.049	-0.028	0.494	-0.036	-0.031	0.741
19.859	0.043	-0.038	0.500	-3.57	0.28	-1.87	13.64	5.60	4.07	44093	0.049	-0.030	0.493	-0.036	-0.032	0.742
19.868	0.045	-0.019	0.499	-3.61	0.22	-1.84	12.98	6.25	5.25	44255	0.050	-0.029	0.491	-0.037	-0.031	0.742
19.875	0.045	-0.020	0.498	-3.48	0.16	-1.80	13.50	6.94	4.79	44430	0.050	-0.028	0.490	-0.037	-0.031	0.743
19.886	0.047	-0.025	0.497	-3.30	0.07	-1.75	13.74	6.63	5.15	44606	0.050	-0.029	0.489	-0.037	-0.031	0.744
19.897	0.047	-0.008	0.496	-3.30	0.01	-1.71	13.96	5.94	5.46	44804	0.051	-0.027	0.488	-0.037	-0.030	0.744
19.909	0.047	-0.009	0.495	-3.16	-0.05	-1.66	14.61	6.50	5.70	44987	0.051	-0.025	0.487	-0.038	-0.029	0.745
19.918	0.048	-0.013	0.494	-2.99	-0.12	-1.61	14.78	4.82	5.10	45177	0.051	-0.024	0.485	-0.038	-0.028	0.746
19.926	0.048	-0.019	0.493	-2.80	-0.18	-1.55	16.55	2.88	5.52	45346	0.052	-0.024	0.484	-0.038	-0.028	0.746
19.935	0.049	-0.005	0.492	-2.75	-0.23	-1.50	17.18	-0.96	6.25	45496	0.052	-0.022	0.483	-0.038	-0.027	0.747
19.948	0.049	-0.005	0.491	-2.58	-0.24	-1.45	17.27	-4.68	6.10	45674	0.052	-0.020	0.481	-0.038	-0.027	0.748
19.958	0.049	-0.005	0.489	-2.40	-0.21	-1.39	16.43	-7.34	6.42	45853	0.053	-0.018	0.480	-0.039	-0.026	0.748
19.967	0.048	0.009	0.488	-2.35	-0.14	-1.33	17.25	-8.76	6.35	43925	0.053	-0.015	0.479	-0.039	-0.025	0.749
19.978	0.049	0.007	0.486	-2.15	-0.06	-1.26	14.96	-8.73	6.47	44156	0.053	-0.012	0.477	-0.039	-0.024	0.750
19.988	0.048	0.021	0.484	-2.10	0.04	-1.19	13.18	-8.25	6.18	44299	0.053	-0.008	0.476	-0.039	-0.022	0.750
19.997	0.048	0.022	0.483	-1.96	0.12	-1.13	15.16	-7.15	5.06	44447	0.053	-0.004	0.474	-0.040	-0.021	0.751
20.003	0.050	0.025	0.481	-1.83	0.19	-1.06	16.47	-7.32	3.88	44598	0.054	-0.001	0.472	-0.040	-0.020	0.752
20.018	0.049	0.027	0.479	-1.67	0.26	-1.02	19.24	-6.57	3.08	44727	0.054	0.003	0.471	-0.040	-0.018	0.752
20.028	0.051	0.027	0.477	-1.47	0.32	-0.98	22.20	-5.90	2.62	44986	0.054	0.006	0.469	-0.040	-0.017	0.753
20.039	0.051	0.028	0.476	-1.26	0.38	-0.95	25.59	-5.53	2.47	45119	0.055	0.009	0.467	-0.040	-0.016	0.754
20.045	0.051	0.044	0.474	-1.13	0.44	-0.93	25.29	-4.74	2.05	45277	0.055	0.014	0.465	-0.041	-0.015	0.754
20.056	0.053	0.039	0.472	-0.83	0.47	-0.90	26.52	-4.53	1.93	45410	0.055	0.017	0.463	-0.041	-0.014	0.755
20.068	0.053	0.052	0.471	-0.66	0.51	-0.88	23.40	-4.47	1.19	45542	0.056	0.022	0.461	-0.041	-0.012	0.756
20.076	0.053	0.049	0.469	-0.39	0.55	-0.87	22.55	-3.71	0.94	45692	0.056	0.026	0.459	-0.041	-0.011	0.756
20.084	0.054	0.055	0.467	-0.19	0.58	-0.86	22.77	-4.81	0.73	45842	0.057	0.030	0.458	-0.041	-0.010	0.757
20.095	0.054	0.055	0.465	0.05	0.63	-0.85	23.52	-4.24	0.21	45991	0.057	0.034	0.456	-0.041	-0.008	0.758
20.107	0.053	0.049	0.464	0.34	0.68	-0.84	24.73	-4.60	-0.03	46089	0.057	0.036	0.454	-0.041	-0.008	0.759
20.119	0.053	0.059	0.462	0.52	0.74	-0.85	25.37	-2.94	0.66	46236	0.057	0.040	0.452	-0.042	-0.007	0.759
20.129	0.054	0.057	0.460	0.79	0.76	-0.84	24.28	-1.17	0.10	46358	0.058	0.042	0.450	-0.042	-0.006	0.760
20.144	0.054	0.067	0.458	0.97	0.78	-0.84	24.34	0.64	-0.45	46497	0.058	0.046	0.448	-0.042	-0.005	0.761
20.189	0.054	0.069	0.456	1.21	0.78	-0.84	21.66	0.67	-0.81	46625	0.058	0.050	0.447	-0.042	-0.004	0.761
20.193	0.054	0.064	0.454	1.48	0.77	-0.85	19.73	2.87	-1.06	46652	0.058	0.052	0.445	-0.043	-0.003	0.762
20.199	0.054	0.071	0.453	1.65	0.74	-0.86	16.65	3.84	-1.12	46775	0.059	0.055	0.443	-0.043	-0.003	0.763
20.203	0.055	0.070	0.451	1.84	0.70	-0.87	14.32	5.71	-1.23	46898	0.059	0.058	0.441	-0.043	-0.002	0.764
20.204	0.056	0.080	0.449	1.92	0.65	-0.88	13.53	4.35	0.24	47024	0.059	0.061	0.439	-0.043	-0.001	0.764
20.210	0.056	0.079	0.447	2.08	0.60	-0.87	10.99	2.52	-0.92	44961	0.059	0.064	0.438	-0.043	-0.000	0.765
20.210	0.056	0.081	0.445	2.19	0.57	-0.88	9.13	0.87	-1.89	45050	0.060	0.067	0.436	-0.044	0.000	0.766
20.218	0.058	0.079	0.443	2.31	0.54	-0.89	8.11	-1.08	-2.11	45133	0.060	0.069	0.434	-0.044	0.001	0.766
20.228	0.058	0.083	0.441	2.37	0.55	-0.91	8.19	-2.90	-2.16	45232	0.061	0.071	0.432	-0.044	0.002	0.767
20.240	0.057	0.087	0.438	2.43	0.58	-0.93	9.63	-5.12	-2.28	45346	0.061	0.074	0.430	-0.044	0.002	0.768
20.248	0.055	0.085	0.436	2.55	0.64	-0.96	8.71	-4.92	-2.49	45624	0.061	0.076	0.428	-0.044	0.003	0.768
20.254	0.056	0.087	0.434	2.64	0.67	-0.99	8.88	-3.91	-3.29	45756	0.061	0.078	0.425	-0.045	0.003	0.769
20.269	0.056	0.087	0.432	2.74	0.72	-1.02	8.78	-3.80	-3.81	45882	0.061	0.080	0.423	-0.045	0.004	0.770
20.277	0.058	0.085	0.430	2.84	0.74	-1.06	8.01	-2.31	-3.80	46003	0.061	0.081	0.421	-0.045	0.004	0.770
20.288	0.058	0.089	0.427	2.90	0.76	-1.09	6.50	0.02	-3.80	46201	0.062	0.082	0.419	-0.045	0.004	0.771
20.298	0.058	0.093	0.425	2.95	0.77	-1.13	4.03	1.78	-3.11	46348	0.062	0.084	0.417	-0.045	0.005	0.772
20.307	0.058	0.094	0.423	3.00	0.75	-1.16	0.73	5.91	-3.06	46502	0.062	0.086	0.415	-0.046	0.005	0.772
20.313	0.059	0.097	0.421	3.00	0.70	-1.19	-3.34	8.88	-3.18	46649	0.063	0.088	0.412	-0.046	0.005	0.773
20.327	0.059	0.097	0.418	2.99	0.61	-1.22	-7.04	10.02	-3.09	46847	0.063	0.089	0.410	-0.046	0.006	0.774
20.337	0.060	0.100	0.416	2.90	0.51	-1.24	-9.85	11.75	-2.92	46988	0.063	0.091	0.408	-0.046	0.006	0.774
20.348	0.057	0.099	0.414	2.82	0.42	-1.26	-12.74	10.68	-2.58	47132	0.063	0.092	0.406	-0.046	0.007	0.775
20.357	0.057	0.100	0.412	2.70	0.31	-1.29	-13.52	8.94	-2.50	47285	0.063	0.094	0.404	-0.047	0.007	0.775
20.368	0.057	0.101	0.409	2.57	0.21	-1.31	-13.07	7.47	-2.21	47430	0.063	0.095	0.402	-0.047	0.007	0.776
20.378	0.057	0.102	0.407	2.44	0.13	-1.32	-11.67	6.69	-1.87	47660	0.063	0.096	0.399	-0.047	0.008	0.777
20.389	0.057	0.103	0.404	2.32	0.07	-1.34	-10.75	5.53	-2.30	45742	0.063	0.097	0.397	-0.048	0.008	0.777
20.399	0.057	0.101	0.402	2.23	-0.00	-1.36	-10.16	5.10	-2.19	45834	0.063	0.098	0.395	-0.048	0.008	0.778
20.404	0.058	0.100	0.400	2.13	-0.06	-1.38	-10.42	4.97	-1.48	45930	0.063	0.098	0.393	-0.048	0.008	0.778
20.417	0.059	0.103	0.399	2.02	-0.11	-1.39	-11.48	3.63	-0.61	45649	0.063	0.099	0.391	-0.048	0.008	0.779
20.428	0.059	0.103	0.397	1.91	-0.15	-1.40	-10.66	3.78	-0.53	45733	0.063	0.100	0.389	-0.048	0.009	0.779
20.436	0.060	0.105	0.395	1.78	-0.19	-1.40	-9.28	4.15	0.04	45821	0.063	0.100	0.387	-0.049	0.009	0.780
20.447	0.060	0.102	0.393	1.71	-0.24	-1.41	-9.13	4.07	-0.30	45912	0.063	0.101	0.385	-0.049	0.009	0.781
20.456	0.060	0.102	0.389	1.62	-0.28	-1.41	-10.38	5.99	-0.61	46013	0.063	0.101	0.382	-0.049	0.009	0.781
20.468	0.060	0.102	0.387	1.52	-0.33	-1.41	-10.70	5.06	-0.57	46378	0.063	0.101	0.380	-0.049	0.009	0.782
20.478	0.060	0.103	0.385	1.42	-0.38	-1.41	-9.82	5.38	-0.05	46497	0.064	0.101	0.378	-0.049	0.009	0.782
20.512	0.058	0.101	0.382	1.33	-0.42	-1.41	-10.44	3.95	-0.01	46604	0.063	0.101	0.375	-0.049	0.009	0.783
20.512	0.060	0.102	0.380	1.22	-0.48	-1.41	-11.23	4.39	-0.30	46723	0.063	0.102	0.373	-0.050	0.009	0.783
20.519	0.059	0.103	0.378	1.09	-0.52	-1.41	-11.12	3.88	-1.67	46814	0.063	0.102	0.371	-0.050	0.009	0.784
20.519	0.061	0.105	0.376	0.97	-0.57	-1.43	-11.66	4.33	-2.47	46921	0.063	0.102	0.368	-0.050	0.009	0.784
20.527	0.061	0.104	0.373	0.86	-0.62	-1.45	-11.45	3.39	-3.52	47024	0.064	0.102	0.366	-0.050	0.009	0.785
20.538	0.062	0.104	0.371	0.74	-0.65	-1.48	-10.63	0.91	-4.14	47135	0.064	0.103	0.364	-0.050	0.009	0.785
20.545	0.063	0.105	0.370	0.62	-0.68	-1.52	-9.86	0.28	-4.88	47087	0.064	0.103	0.362	-0.050	0.010	0.786
20.555	0.063	0.096	0.367	0.60	-0.68	-1.56	-8.60	-0.28	-5.39	47198	0.064	0.102	0.360	-0.050	0.009	0.787
20.568	0.063	0.096	0.365	0.51	-0.68	-1.61	-6.85	-2.03	-5.32	47300	0.064	0.101	0.358	-0.050	0.009	0.787
20.572	0.063	0.096	0.363	0.44	-0.67	-1.67	-4.88	-2.69	-5.65	47405	0.065	0.100	0.356	-0.050	0.009	0.788
20.586	0.063	0.096	0.361	0.38	-0.64	-1.72	-2.63	-4.27	-6.24	45413	0.065	0.100	0.354	-0.051	0.008	0.788
20.597	0.062	0.095	0.358	0.36	-0.60	-1.78	-1.04	-6.00	-6.55	45623	0.065	0.099	0.352	-0.051	0.008	0.789
20.604	0.062	0.095	0.356	0.34	-0.54	-1.85	-0.39	-6.89	-6.32	45715	0.065	0.098	0.349	-0.051	0.008	0.789
20.615	0.063	0.096	0.353	0.32	-0.48	-1.91	-0.70	-8.50	-6.08	45817	0.065	0.098	0.347	-0.051	0.008	0.790
20.627	0.063	0.096	0.351	0.31	-0.40	-1.98	-1.76	-8.66	-6.13	45936	0.065	0.098	0.345	-0.051	0.008	0.790
20.637	0.065	0.096	0.348	0.29	-0.32	-2.04	-3.91	-7.31	-6.74	46118	0.065	0.097	0.343	-0.051	0.008	0.791
20.646	0.064	0.101	0.346	0.21	-0.23	-2.11	-5.87	-5.65	-6.36	46240	0.065	0.098	0.340	-0.051	0.008	0.791
20.657	0.064	0.101	0.344	0.16	-0.18	-2.17	-6.24	-3.92	-6.28	46357	0.065	0.098	0.338	-0.051	0.008	0.791
20.667	0.063	0.099	0.341	0.12	-0.12	-2.23	-5.48	-0.67	-5.01	46469	0.065	0.098	0.336	-0.051	0.008	0.792
20.673	0.063	0.099	0.339	0.06	-0.11	-2.28	-5.36	1.95	-4.39	46579	0.065	0.098	0.333	-0.051	0.008	0.792
20.687	0.064	0.099	0.336	0.00	-0.12	-2.33	-5.22	4.28	-3.14	46782	0.065	0.098	0.331	-0.051	0.008	0.793
20.697	0.064	0.099	0.334	-0.05	-0.16	-2.36	-4.53	5.43	-3.17	46911	0.065	0.098	0.328	-0.052	0.008	0.793
20.708	0.064	0.098	0.332	-0.09	-0.22	-2.40	-3.56	5.05	-2.03	47051	0.065	0.098	0.326	-0.052	0.008	0.794
20.714	0.065	0.106	0.329	-0.20	-0.27	-2.42	-1.88	3.94	-1.27	47177	0.066	0.099	0.324	-0.052	0.009	0.794
20.726	0.065	0.102	0.327	-0.19	-0.32	-2.43	-0.58	1.28	-0.52	47230	0.066	0.099	0.322	-0.052	0.009	0.794
20.738	0.066	0.102	0.325	-0.19	-0.34	-2.44	0.63	-1.70	0.35	47367	0.066	0.099	0.319	-0.052	0.009	0.795
20.747	0.066	0.093	0.323	-0.12	-0.32	-2.43	1.50	-5.36	1.42	47518	0.066	0.098	0.317	-0.052	0.009	0.795
20.759	0.065	0.097	0.320	-0.15	-0.27	-2.43	2.40	-6.84	1.49	47671	0.066	0.098	0.315	-0.052	0.009	0.796
20.767	0.064	0.100	0.317	-0.15	-0.19	-2.41	3.34	-7.06	2.77	47953	0.066	0.098	0.313	-0.052	0.009	0.796
20.776	0.063	0.101	0.315	-0.13	-0.11	-2.39	3.75	-6.91	4.04	48098	0.066	0.099	0.310	-0.052	0.009	0.796
20.789	0.062	0.095	0.312	-0.04	-0.03	-2.35	2.70	-4.89	4.77	48240	0.065	0.098	0.308	-0.052	0.009	0.797
20.796	0.062	0.103	0.310	-0.08	0.03	-2.31	2.07	-3.13	6.75	46289	0.065	0.099	0.306	-0.052	0.009	0.797
20.806	0.062	0.099	0.307	-0.02	0.06	-2.24	1.79	-1.47	7.71	46432	0.065	0.099	0.304	-0.052	0.009	0.797
20.817	0.062	0.099	0.304	-0.00	0.08	-2.17	0.07	0.61	8.17	46821	0.065	0.098	0.301	-0.053	0.009	0.797
20.823	0.073	0.122	0.301	-0.23	-0.02	-2.11	-0.39	3.04	9.76	46978	0.066	0.101	0.299	-0.052	0.010	0.798
20.838	0.073	0.123	0.298	-0.24	-0.05	-2.02	-1.35	4.47	10.84	47121	0.067	0.104	0.296	-0.052	0.011	0.798
20.848	0.074	0.124	0.296	-0.25	-0.09	-1.91	1.28	3.97	12.43	47280	0.068	0.106	0.294	-0.052	0.012	0.798
20.857	0.074	0.127	0.295	-0.27	-0.13	-1.79	1.39	4.44	13.05	47165	0.069	0.109	0.291	-0.051	0.013	0.798
20.867	0.074	0.128	0.292	-0.26	-0.17	-1.66	1.93	3.97	13.84	47335	0.069	0.111	0.289	-0.051	0.014	0.798
20.875	0.074	0.128	0.290	-0.24	-0.21	-1.53	1.20	1.45	14.26	47507	0.070	0.113	0.287	-0.051	0.014	0.799
20.887	0.075	0.129	0.287	-0.22	-0.23	-1.39	2.70	0.37	14.71	47662	0.071	0.115	0.285	-0.051	0.015	0.799
20.897	0.074	0.129	0.284	-0.20	-0.23	-1.24	2.72	-0.32	13.99	47821	0.071	0.117	0.282	-0.050	0.016	0.799
20.905	0.074	0.135	0.282	-0.23	-0.23	-1.10	2.74	-1.58	13.11	48040	0.072	0.120	0.280	-0.050	0.017	0.799
20.915	0.075	0.138	0.279	-0.23	-0.21	-0.97	4.51	-2.98	12.25	48222	0.072	0.122	0.278	-0.050	0.017	0.799
20.928	0.075	0.137	0.276	-0.17	-0.19	-0.84	2.47	-2.65	11.52	48390	0.073	0.124	0.275	-0.050	0.018	0.799
20.937	0.075	0.135	0.274	-0.11	-0.15	-0.73	4.30	-2.57	10.99	48566	0.073	0.126	0.273	-0.050	0.018	0.799
20.947	0.074	0.139	0.271	-0.11	-0.11	-0.62	3.81	-4.44	10.02	48754	0.073	0.127	0.271	-0.050	0.019	0.799
20.955	0.075	0.140	0.268	-0.07	-0.08	-0.51	5.32	-4.42	9.86	48900	0.073	0.129	0.268	-0.050	0.020	0.799
20.967	0.075	0.141	0.266	-0.03	-0.03	-0.41	6.52	-3.74	9.60	49053	0.074	0.131	0.266	-0.050	0.020	0.799
20.977	0.074	0.139	0.263	0.06	0.02	-0.32	8.29	-3.59	8.95	49228	0.074	0.132	0.264	-0.050	0.021	0.799
20.987	0.075	0.140	0.259	0.14	0.05	-0.23	11.47	-4.82	9.88	49554	0.074	0.134	0.261	-0.050	0.021	0.799
20.997	0.076	0.145	0.257	0.19	0.09	-0.13	16.03	-3.16	10.07	49700	0.074	0.135	0.259	-0.050	0.021	0.799
21.005	0.078	0.143	0.254	0.38	0.11	-0.03	19.26	-2.11	10.40	47736	0.075	0.137	0.257	-0.050	0.022	0.799
21.016	0.077	0.154	0.251	0.45	0.15	0.07	19.81	0.70	9.06	47892	0.075	0.139	0.254	-0.049	0.022	0.799
21.027	0.079	0.151	0.248	0.69	0.13	0.16	19.45	1.13	8.08	48016	0.076	0.141	0.252	-0.049	0.023	0.798
21.037	0.079	0.152	0.247	0.88	0.13	0.25	19.63	3.16	7.37	47877	0.076	0.143	0.250	-0.049	0.023	0.798
21.047	0.079	0.153	0.244	1.08	0.10	0.32	19.03	2.84	6.43	48020	0.077	0.144	0.247	-0.049	0.024	0.798
21.058	0.079	0.158	0.242	1.22	0.08	0.38	16.15	0.88	6.06	48180	0.077	0.146	0.245	-0.049	0.024	0.798
21.068	0.080	0.158	0.239	1.40	0.06	0.45	11.57	-2.03	6.23	48343	0.077	0.148	0.243	-0.049	0.025	0.797
21.073	0.080	0.158	0.236	1.54	0.06	0.51	6.27	-3.73	6.24	48522	0.078	0.150	0.241	-0.049	0.025	0.797
21.086	0.080	0.161	0.233	1.59	0.11	0.57	0.48	-7.03	5.42	48665	0.078	0.152	0.238	-0.049	0.026	0.797
21.098	0.080	0.161	0.231	1.61	0.17	0.62	-3.80	-9.42	4.59	48809	0.078	0.153	0.236	-0.049	0.026	0.796
21.107	0.081	0.162	0.228	1.58	0.26	0.67	-6.80	-11.09	3.83	48976	0.079	0.155	0.234	-0.048	0.027	0.796
21.114	0.080	0.164	0.225	1.51	0.38	0.70	-9.93	-13.06	2.63	49143	0.079	0.156	0.231	-0.048	0.027	0.795
21.124	0.081	0.165	0.222	1.41	0.50	0.73	-9.97	-13.25	1.45	49308	0.079	0.157	0.229	-0.048	0.027	0.795
21.136	0.081	0.166	0.220	1.31	0.63	0.74	-11.57	-13.74	-0.24	49441	0.080	0.159	0.226	-0.048	0.028	0.794
21.147	0.080	0.168	0.217	1.17	0.78	0.74	-11.96	-12.68	-2.63	49576	0.080	0.160	0.224	-0.048	0.028	0.794
21.157	0.082	0.171	0.214	1.01	0.88	0.71	-8.26	-9.45	-4.92	49716	0.080	0.162	0.222	-0.048	0.029	0.793
21.168	0.079	0.174	0.211	0.89	1.03	0.67	-2.22	-4.32	-6.70	49948	0.080	0.164	0.219	-0.048	0.029	0.793
21.174	0.080	0.174	0.208	0.87	1.07	0.61	4.87	2.17	-8.67	50058	0.080	0.165	0.217	-0.048	0.030	0.792
21.185	0.081	0.175	0.205	0.90	1.07	0.53	10.95	6.80	-10.31	50172	0.081	0.167	0.215	-0.048	0.030	0.791
21.196	0.082	0.175	0.203	1.00	1.00	0.43	17.70	11.31	-12.04	50294	0.081	0.168	0.213	-0.048	0.030	0.790
21.208	0.082	0.175	0.199	1.18	0.88	0.32	22.26	14.24	-14.52	50547	0.081	0.169	0.210	-0.048	0.031	0.790
21.214	0.083	0.177	0.197	1.36	0.74	0.18	26.28	15.55	-16.19	48550	0.082	0.171	0.208	-0.048	0.031	0.789
21.226	0.084	0.179	0.194	1.61	0.57	0.03	26.75	15.48	-18.06	48644	0.082	0.172	0.206	-0.048	0.031	0.788
21.237	0.084	0.180	0.191	1.87	0.41	-0.14	26.07	14.69	-18.96	48733	0.082	0.173	0.203	-0.048	0.032	0.787
21.248	0.085	0.179	0.188	2.17	0.24	-0.32	22.92	12.63	-20.49	48826	0.083	0.174	0.201	-0.048	0.032	0.786
21.256	0.085	0.179	0.185	2.41	0.10	-0.52	16.35	10.78	-21.58	49035	0.083	0.175	0.198	-0.048	0.032	0.785
21.268	0.086	0.182	0.183	2.56	-0.04	-0.72	10.05	7.03	-22.66	49164	0.084	0.176	0.196	-0.048	0.032	0.784
21.273	0.086	0.182	0.180	2.69	-0.13	-0.94	3.82	0.70	-24.18	49299	0.084	0.177	0.194	-0.047	0.033	0.783
21.284	0.087	0.182	0.177	2.74	-0.18	-1.18	-2.14	-5.03	-25.10	49413	0.085	0.178	0.191	-0.047	0.033	0.782
21.297	0.088	0.182	0.174	2.74	-0.17	-1.43	-9.69	-6.99	-25.30	49560	0.085	0.179	0.189	-0.047	0.033	0.781
21.307	0.088	0.183	0.172	2.65	-0.10	-1.68	-15.27	-8.94	-26.02	49666	0.086	0.179	0.186	-0.047	0.033	0.780
21.317	0.088	0.184	0.169	2.51	-0.03	-1.94	-17.70	-10.15	-26.38	49763	0.086	0.180	0.184	-0.047	0.033	0.779
21.328	0.089	0.181	0.166	2.41	0.04	-2.21	-20.55	-8.93	-26.57	49849	0.087	0.180	0.182	-0.047	0.034	0.777
21.334	0.090	0.182	0.164	2.21	0.10	-2.48	-24.00	-7.29	-26.02	49929	0.087	0.180	0.179	-0.047	0.034	0.776
21.347	0.089	0.186	0.161	1.86	0.19	-2.74	-24.84	-4.51	-26.28	49998	0.088	0.181	0.177	-0.047	0.034	0.775
21.358	0.090	0.187	0.159	1.62	0.23	-3.01	-26.25	-0.34	-28.25	50080	0.088	0.182	0.175	-0.047	0.034	0.774
21.367	0.090	0.188	0.156	1.34	0.24	-3.28	-23.57	1.69	-28.03	50146	0.089	0.182	0.173	-0.047	0.034	0.772
21.373	0.091	0.187	0.154	1.13	0.21	-3.57	-19.64	4.70	-27.99	50216	0.089	0.183	0.171	-0.046	0.035	0.771
21.384	0.092	0.187	0.150	0.92	0.15	-3.85	-15.66	5.36	-27.72	50461	0.090	0.183	0.168	-0.046	0.035	0.770
21.396	0.092	0.187	0.148	0.76	0.09	-4.12	-9.69	6.96	-27.50	50525	0.090	0.184	0.166	-0.046	0.035	0.768
21.407	0.092	0.186	0.146	0.69	0.03	-4.39	-4.80	6.83	-27.70	50579	0.090	0.184	0.164	-0.046	0.035	0.767
21.418	0.094	0.186	0.143	0.63	-0.11	-4.68	-3.43	6.86	-27.04	50638	0.091	0.184	0.162	-0.046	0.035	0.766
21.424	0.095	0.188	0.140	0.53	-0.20	-4.95	-3.62	5.49	-25.92	48787	0.092	0.184	0.160	-0.046	0.035	0.764
21.434	0.095	0.188	0.137	0.49	-0.26	-5.21	-4.95	6.95	-25.33	48819	0.092	0.185	0.158	-0.046	0.036	0.763
21.446	0.096	0.188	0.135	0.45	-0.34	-5.47	-6.66	5.47	-24.28	48848	0.093	0.185	0.155	-0.045	0.036	0.761
21.457	0.097	0.188	0.133	0.38	-0.40	-5.71	-6.32	3.54	-23.95	48874	0.093	0.185	0.153	-0.045	0.036	0.759
21.465	0.097	0.188	0.130	0.32	-0.45	-5.95	-6.53	1.40	-23.33	48909	0.094	0.185	0.151	-0.045	0.036	0.758
21.476	0.097	0.188	0.128	0.26	-0.46	-6.18	-5.52	-2.31	-22.60	48964	0.094	0.185	0.149	-0.045	0.036	0.756
21.486	0.097	0.188	0.126	0.19	-0.42	-6.41	-3.62	-4.47	-21.60	48997	0.095	0.186	0.147	-0.045	0.036	0.755
21.497	0.098	0.188	0.123	0.15	-0.43	-6.63	-3.20	-4.84	-20.92	49036	0.095	0.186	0.145	-0.045	0.036	0.753
21.507	0.096	0.190	0.121	0.07	-0.18	-6.81	-1.63	-4.13	-20.05	49042	0.096	0.186	0.143	-0.045	0.037	0.751
21.516	0.097	0.190	0.120	0.05	-0.15	-7.02	1.84	-2.02	-19.36	48880	0.096	0.187	0.141	-0.045	0.037	0.750
21.526	0.097	0.190	0.118	0.06	-0.12	-7.21	2.75	2.66	-18.94	48910	0.096	0.187	0.139	-0.045	0.037	0.748
21.537	0.097	0.190	0.116	0.07	-0.15	-7.40	4.23	5.75	-18.24	48951	0.096	0.187	0.137	-0.045	0.037	0.747
21.548	0.098	0.190	0.114	0.13	-0.22	-7.58	4.53	5.47	-18.05	48988	0.097	0.187	0.135	-0.045	0.037	0.745
21.557	0.098	0.190	0.115	0.18	-0.33	-7.77	3.89	4.23	-17.05	49025	0.097	0.188	0.134	-0.044	0.037	0.744
21.568	0.099	0.190	0.113	0.22	-0.36	-7.94	3.80	2.07	-15.93	48498	0.097	0.188	0.133	-0.044	0.037	0.742
21.574	0.099	0.190	0.112	0.25	-0.42	-8.11	1.45	-2.63	-14.27	48504	0.097	0.188	0.131	-0.044	0.037	0.741
21.586	0.099	0.190	0.110	0.27	-0.41	-8.25	-0.45	-7.04	-12.98	48514	0.098	0.188	0.130	-0.044	0.038	0.739
21.598	0.100	0.190	0.108	0.27	-0.39	-8.39	-2.03	-11.76	-11.77	48520	0.098	0.189	0.128	-0.044	0.038	0.738
21.607	0.100	0.191	0.108	0.27	-0.29	-8.51	-2.03	-15.24	-10.48	48199	0.098	0.189	0.127	-0.044	0.038	0.736
21.617	0.101	0.191	0.107	0.24	-0.20	-8.61	-3.18	-16.07	-8.71	48204	0.099	0.189	0.126	-0.044	0.038	0.735
21.627	0.101	0.191	0.105	0.21	-0.04	-8.71	-4.10	-17.27	-6.87	48213	0.099	0.189	0.125	-0.044	0.038	0.734
21.633	0.102	0.191	0.104	0.18	0.10	-8.78	-6.40	-16.89	-4.37	46131	0.100	0.189	0.123	-0.044	0.038	0.732
21.644	0.102	0.191	0.103	0.11	0.27	-8.83	-7.82	-16.28	-2.32	46108	0.100	0.189	0.122	-0.044	0.038	0.731
21.657	0.103	0.191	0.102	0.04	0.43	-8.86	-8.32	-11.66	-0.75	45913	0.101	0.189	0.121	-0.043	0.038	0.729
21.666	0.103	0.191	0.101	-0.03	0.51	-8.87	-6.96	-9.55	0.93	45914	0.101	0.190	0.119	-0.043	0.038	0.728
21.676	0.104	0.191	0.099	-0.10	0.63	-8.86	-5.22	-4.73	1.68	45899	0.101	0.190	0.118	-0.043	0.038	0.726
21.688	0.104	0.191	0.098	-0.15	0.66	-8.85	-2.26	-1.03	2.69	45903	0.102	0.190	0.117	-0.043	0.038	0.725
21.694	0.105	0.191	0.096	-0.18	0.68	-8.82	0.97	1.84	3.12	46056	0.102	0.190	0.115	-0.043	0.038	0.724
21.707	0.105	0.191	0.095	-0.17	0.63	-8.79	5.64	3.94	3.38	46079	0.103	0.190	0.113	-0.043	0.038	0.722
21.718	0.106	0.191	0.093	-0.11	0.59	-8.75	12.31	4.64	5.31	46112	0.103	0.190	0.112	-0.043	0.038	0.721
21.725	0.106	0.191	0.092	-0.02	0.55	-8.70	17.90	1.14	8.46	46134	0.104	0.190	0.110	-0.043	0.038	0.719
21.735	0.106	0.191	0.089	0.13	0.47	-8.63	19.51	-2.03	11.23	46451	0.104	0.190	0.108	-0.043	0.038	0.718
21.746	0.107	0.191	0.088	0.34	0.50	-8.52	19.21	-7.40	13.85	46485	0.105	0.191	0.106	-0.042	0.039	0.717
21.757	0.108	0.191	0.087	0.52	0.56	-8.39	14.82	-10.79	17.02	46539	0.105	0.191	0.105	-0.042	0.039	0.715
21.767	0.108	0.191	0.085	0.68	0.66	-8.23	9.48	-14.09	18.09	46613	0.106	0.191	0.103	-0.042	0.039	0.714
21.775	0.109	0.191	0.083	0.80	0.79	-8.05	6.38	-13.98	18.65	46682	0.106	0.191	0.101	-0.042	0.039	0.713
21.786	0.109	0.191	0.082	0.84	0.91	-7.87	1.75	-11.12	18.84	46904	0.107	0.191	0.099	-0.042	0.039	0.711
21.797	0.110	0.191	0.080	0.87	1.06	-7.69	0.28	-4.57	19.79	46969	0.108	0.191	0.097	-0.042	0.039	0.710
21.807	0.110	0.191	0.079	0.87	1.08	-7.49	-1.72	1.01	20.59	47042	0.108	0.191	0.096	-0.042	0.039	0.709
21.818	0.111	0.191	0.078	0.85	1.09	-7.29	-3.80	9.49	19.56	47102	0.109	0.191	0.094	-0.042	0.039	0.707
21.826	0.111	0.191	0.075	0.81	1.01	-7.09	-6.04	14.77	20.90	47425	0.109	0.191	0.092	-0.042	0.039	0.706
