# time(s)	x(m)	y(m)	z(m)	roll(deg)	pitch(deg)	yaw(deg)
48.280	-0.013	0.011	0.500	-0.18	-0.51	-0.37
48.288	-0.013	0.012	0.500	-0.18	-0.51	-0.37
48.296	-0.013	0.014	0.500	-0.18	-0.51	-0.37
48.304	-0.014	0.016	0.500	-0.17	-0.51	-0.37
48.312	-0.014	0.017	0.500	-0.17	-0.51	-0.37
48.320	-0.014	0.019	0.500	-0.17	-0.51	-0.37
48.328	-0.014	0.021	0.500	-0.17	-0.51	-0.37
48.336	-0.014	0.022	0.500	-0.17	-0.51	-0.37
48.344	-0.014	0.024	0.500	-0.17	-0.51	-0.37
48.352	-0.014	0.025	0.500	-0.16	-0.51	-0.37
48.360	-0.014	0.027	0.500	-0.16	-0.51	-0.37
48.368	-0.014	0.029	0.500	-0.16	-0.51	-0.37
48.376	-0.014	0.030	0.500	-0.16	-0.52	-0.37
48.384	-0.014	0.032	0.500	-0.16	-0.52	-0.37
48.392	-0.014	0.034	0.500	-0.15	-0.52	-0.37
48.400	-0.015	0.035	0.500	-0.15	-0.52	-0.37
48.408	-0.015	0.037	0.500	-0.15	-0.52	-0.37
48.416	-0.015	0.039	0.500	-0.15	-0.52	-0.37
48.424	-0.015	0.040	0.500	-0.15	-0.52	-0.37
48.432	-0.015	0.042	0.500	-0.15	-0.52	-0.37
48.440	-0.015	0.043	0.500	-0.14	-0.52	-0.37
48.448	-0.015	0.045	0.500	-0.14	-0.52	-0.37
48.456	-0.016	0.047	0.500	-0.14	-0.52	-0.37
48.464	-0.016	0.048	0.500	-0.14	-0.52	-0.37
48.472	-0.016	0.050	0.500	-0.14	-0.52	-0.37
48.480	-0.016	0.052	0.500	-0.14	-0.52	-0.37
48.488	-0.016	0.053	0.500	-0.13	-0.52	-0.37
48.496	-0.016	0.055	0.500	-0.13	-0.52	-0.37
48.504	-0.017	0.057	0.500	-0.13	-0.52	-0.37
48.512	-0.017	0.058	0.500	-0.13	-0.52	-0.37
48.520	-0.017	0.060	0.500	-0.13	-0.52	-0.37
48.528	-0.017	0.061	0.500	-0.13	-0.52	-0.37
48.536	-0.017	0.063	0.500	-0.12	-0.52	-0.37
48.544	-0.018	0.065	0.500	-0.12	-0.52	-0.37
48.552	-0.018	0.066	0.500	-0.12	-0.53	-0.37
48.560	-0.018	0.068	0.500	-0.12	-0.53	-0.37
48.568	-0.018	0.070	0.500	-0.12	-0.53	-0.37
48.576	-0.019	0.071	0.500	-0.11	-0.53	-0.37
48.584	-0.019	0.073	0.500	-0.11	-0.53	-0.37
48.592	-0.019	0.075	0.500	-0.11	-0.53	-0.37
48.600	-0.019	0.076	0.500	-0.11	-0.53	-0.37
48.608	-0.020	0.078	0.500	-0.11	-0.53	-0.37
48.616	-0.020	0.079	0.500	-0.11	-0.53	-0.37
48.624	-0.020	0.081	0.500	-0.10	-0.53	-0.37
48.632	-0.020	0.083	0.500	-0.10	-0.53	-0.37
48.640	-0.021	0.084	0.500	-0.10	-0.53	-0.37
48.648	-0.021	0.086	0.500	-0.10	-0.53	-0.37
48.656	-0.021	0.087	0.500	-0.10	-0.53	-0.37
48.664	-0.022	0.089	0.500	-0.10	-0.53	-0.37
48.672	-0.022	0.091	0.500	-0.09	-0.53	-0.37
48.680	-0.022	0.092	0.500	-0.09	-0.53	-0.37
48.688	-0.022	0.094	0.500	-0.09	-0.53	-0.37
48.696	-0.023	0.096	0.500	-0.09	-0.53	-0.37
48.704	-0.023	0.097	0.500	-0.09	-0.53	-0.37
48.712	-0.023	0.099	0.500	-0.08	-0.53	-0.37
48.720	-0.024	0.100	0.500	-0.08	-0.53	-0.37
48.728	-0.024	0.102	0.500	-0.08	-0.53	-0.37
48.736	-0.024	0.104	0.500	-0.08	-0.53	-0.37
48.744	-0.025	0.105	0.500	-0.08	-0.53	-0.37
48.752	-0.025	0.107	0.500	-0.08	-0.53	-0.37
48.760	-0.026	0.108	0.500	-0.07	-0.53	-0.37
48.768	-0.026	0.110	0.500	-0.07	-0.53	-0.37
48.776	-0.026	0.112	0.500	-0.07	-0.53	-0.37
48.784	-0.027	0.113	0.500	-0.07	-0.53	-0.37
48.792	-0.027	0.115	0.500	-0.07	-0.53	-0.37
48.800	-0.027	0.116	0.500	-0.06	-0.53	-0.37
48.808	-0.028	0.118	0.500	-0.06	-0.54	-0.37
48.816	-0.028	0.120	0.500	-0.06	-0.54	-0.37
48.824	-0.029	0.121	0.500	-0.06	-0.54	-0.37
48.832	-0.029	0.123	0.500	-0.06	-0.54	-0.37
48.840	-0.029	0.124	0.500	-0.06	-0.54	-0.37
48.848	-0.030	0.126	0.500	-0.05	-0.54	-0.37
48.856	-0.030	0.128	0.500	-0.05	-0.54	-0.37
48.864	-0.031	0.129	0.500	-0.05	-0.54	-0.37
48.872	-0.031	0.131	0.500	-0.05	-0.54	-0.37
48.880	-0.032	0.132	0.500	-0.05	-0.54	-0.37
48.888	-0.032	0.134	0.500	-0.05	-0.54	-0.37
48.896	-0.033	0.136	0.500	-0.04	-0.54	-0.37
48.904	-0.033	0.137	0.500	-0.04	-0.54	-0.37
48.912	-0.033	0.139	0.500	-0.04	-0.54	-0.37
48.920	-0.034	0.140	0.500	-0.04	-0.54	-0.37
48.928	-0.034	0.142	0.500	-0.04	-0.54	-0.37
48.936	-0.035	0.143	0.500	-0.03	-0.54	-0.37
48.944	-0.035	0.145	0.500	-0.03	-0.54	-0.37
48.952	-0.036	0.147	0.500	-0.03	-0.54	-0.37
48.960	-0.036	0.148	0.500	-0.03	-0.54	-0.37
48.968	-0.037	0.150	0.500	-0.03	-0.54	-0.37
48.976	-0.037	0.151	0.500	-0.03	-0.54	-0.37
48.984	-0.038	0.153	0.500	-0.02	-0.54	-0.37
48.992	-0.038	0.154	0.500	-0.02	-0.54	-0.37
49.000	-0.039	0.156	0.500	-0.02	-0.54	-0.37
49.008	-0.039	0.157	0.500	-0.02	-0.54	-0.37
49.016	-0.040	0.159	0.500	-0.02	-0.54	-0.37
49.024	-0.041	0.161	0.500	-0.01	-0.54	-0.37
49.032	-0.041	0.162	0.500	-0.01	-0.54	-0.37
49.040	-0.042	0.164	0.500	-0.01	-0.54	-0.37
49.048	-0.042	0.165	0.500	-0.01	-0.54	-0.37
49.056	-0.043	0.167	0.500	-0.01	-0.54	-0.37
49.064	-0.043	0.168	0.500	-0.01	-0.54	-0.37
49.072	-0.044	0.170	0.500	-0.00	-0.54	-0.37
49.080	-0.044	0.171	0.500	-0.00	-0.54	-0.37
49.088	-0.045	0.173	0.500	-0.00	-0.54	-0.37
49.096	-0.046	0.174	0.500	0.00	-0.54	-0.37
49.104	-0.046	0.176	0.500	0.00	-0.54	-0.37
49.112	-0.047	0.178	0.500	0.01	-0.54	-0.37
49.120	-0.047	0.179	0.500	0.01	-0.54	-0.37
49.128	-0.048	0.181	0.500	0.01	-0.54	-0.37
49.136	-0.049	0.182	0.500	0.01	-0.54	-0.37
49.144	-0.049	0.184	0.500	0.01	-0.54	-0.37
49.152	-0.050	0.185	0.500	0.01	-0.54	-0.37
49.160	-0.050	0.187	0.500	0.02	-0.54	-0.37
49.168	-0.051	0.188	0.500	0.02	-0.54	-0.37
49.176	-0.052	0.190	0.500	0.02	-0.54	-0.37
49.184	-0.052	0.191	0.500	0.02	-0.54	-0.37
49.192	-0.053	0.193	0.500	0.02	-0.54	-0.37
49.200	-0.054	0.194	0.500	0.03	-0.54	-0.37
49.208	-0.054	0.196	0.500	0.03	-0.54	-0.37
49.216	-0.055	0.197	0.500	0.03	-0.54	-0.37
49.224	-0.056	0.199	0.500	0.03	-0.54	-0.37
49.232	-0.056	0.200	0.500	0.03	-0.54	-0.37
49.240	-0.057	0.202	0.500	0.03	-0.54	-0.37
49.248	-0.058	0.203	0.500	0.04	-0.54	-0.37
49.256	-0.058	0.205	0.500	0.04	-0.54	-0.37
49.264	-0.059	0.206	0.500	0.04	-0.54	-0.37
49.272	-0.060	0.208	0.500	0.04	-0.54	-0.37
49.280	-0.060	0.209	0.500	0.04	-0.54	-0.37
49.288	-0.061	0.211	0.500	0.05	-0.54	-0.37
49.296	-0.062	0.212	0.500	0.05	-0.54	-0.37
49.304	-0.063	0.214	0.500	0.05	-0.54	-0.37
49.312	-0.063	0.215	0.500	0.05	-0.54	-0.37
49.320	-0.064	0.217	0.500	0.05	-0.54	-0.37
49.328	-0.065	0.218	0.500	0.05	-0.54	-0.37
49.336	-0.065	0.220	0.500	0.06	-0.54	-0.37
49.344	-0.066	0.221	0.500	0.06	-0.54	-0.37
49.352	-0.067	0.223	0.500	0.06	-0.54	-0.37
49.360	-0.068	0.224	0.500	0.06	-0.54	-0.37
49.368	-0.068	0.225	0.500	0.06	-0.54	-0.37
49.376	-0.069	0.227	0.500	0.06	-0.53	-0.37
49.384	-0.070	0.228	0.500	0.07	-0.53	-0.37
49.392	-0.071	0.230	0.500	0.07	-0.53	-0.37
49.400	-0.072	0.231	0.500	0.07	-0.53	-0.37
49.408	-0.072	0.233	0.500	0.07	-0.53	-0.37
49.416	-0.073	0.234	0.500	0.07	-0.53	-0.37
49.424	-0.074	0.236	0.500	0.08	-0.53	-0.37
49.432	-0.075	0.237	0.500	0.08	-0.53	-0.37
49.440	-0.075	0.238	0.500	0.08	-0.53	-0.37
49.448	-0.076	0.240	0.500	0.08	-0.53	-0.37
49.456	-0.077	0.241	0.500	0.08	-0.53	-0.37
49.464	-0.078	0.243	0.500	0.08	-0.53	-0.37
49.472	-0.079	0.244	0.500	0.09	-0.53	-0.37
49.480	-0.080	0.246	0.500	0.09	-0.53	-0.37
49.488	-0.080	0.247	0.500	0.09	-0.53	-0.37
49.496	-0.081	0.248	0.500	0.09	-0.53	-0.37
49.504	-0.082	0.250	0.500	0.09	-0.53	-0.37
49.512	-0.083	0.251	0.500	0.10	-0.53	-0.37
49.520	-0.084	0.253	0.500	0.10	-0.53	-0.37
49.528	-0.085	0.254	0.500	0.10	-0.53	-0.37
49.536	-0.085	0.255	0.500	0.10	-0.53	-0.37
49.544	-0.086	0.257	0.500	0.10	-0.53	-0.37
49.552	-0.087	0.258	0.500	0.10	-0.53	-0.37
49.560	-0.088	0.260	0.500	0.11	-0.53	-0.37
49.568	-0.089	0.261	0.500	0.11	-0.53	-0.37
49.576	-0.090	0.262	0.500	0.11	-0.53	-0.37
49.584	-0.091	0.264	0.500	0.11	-0.53	-0.37
49.592	-0.092	0.265	0.500	0.11	-0.53	-0.37
49.600	-0.092	0.267	0.500	0.11	-0.53	-0.37
49.608	-0.093	0.268	0.500	0.12	-0.53	-0.37
49.616	-0.094	0.269	0.500	0.12	-0.53	-0.37
49.624	-0.095	0.271	0.500	0.12	-0.53	-0.37
49.632	-0.096	0.272	0.500	0.12	-0.52	-0.37
49.640	-0.097	0.273	0.500	0.12	-0.52	-0.37
49.648	-0.098	0.275	0.500	0.13	-0.52	-0.37
49.656	-0.099	0.276	0.500	0.13	-0.52	-0.37
49.664	-0.100	0.278	0.500	0.13	-0.52	-0.37
49.672	-0.101	0.279	0.500	0.13	-0.52	-0.37
49.680	-0.102	0.280	0.500	0.13	-0.52	-0.37
49.688	-0.103	0.282	0.500	0.13	-0.52	-0.37
49.696	-0.104	0.283	0.500	0.14	-0.52	-0.37
49.704	-0.105	0.284	0.500	0.14	-0.52	-0.37
49.712	-0.105	0.286	0.500	0.14	-0.52	-0.37
49.720	-0.106	0.287	0.500	0.14	-0.52	-0.37
49.728	-0.107	0.288	0.500	0.14	-0.52	-0.37
49.736	-0.108	0.290	0.500	0.14	-0.52	-0.37
49.744	-0.109	0.291	0.500	0.15	-0.52	-0.37
49.752	-0.110	0.292	0.500	0.15	-0.52	-0.37
49.760	-0.111	0.294	0.500	0.15	-0.52	-0.37
49.768	-0.112	0.295	0.500	0.15	-0.52	-0.37
49.776	-0.113	0.296	0.500	0.15	-0.52	-0.37
49.784	-0.114	0.297	0.500	0.15	-0.52	-0.37
49.792	-0.115	0.299	0.500	0.16	-0.52	-0.37
49.800	-0.116	0.300	0.500	0.16	-0.52	-0.37
49.808	-0.117	0.301	0.500	0.16	-0.51	-0.37
49.816	-0.118	0.303	0.500	0.16	-0.51	-0.37
49.824	-0.119	0.304	0.500	0.16	-0.51	-0.37
49.832	-0.120	0.305	0.500	0.17	-0.51	-0.37
49.840	-0.121	0.307	0.500	0.17	-0.51	-0.37
49.848	-0.122	0.308	0.500	0.17	-0.51	-0.37
49.856	-0.123	0.309	0.500	0.17	-0.51	-0.37
49.864	-0.124	0.310	0.500	0.17	-0.51	-0.37
49.872	-0.126	0.312	0.500	0.17	-0.51	-0.37
49.880	-0.127	0.313	0.500	0.18	-0.51	-0.37
49.888	-0.128	0.314	0.500	0.18	-0.51	-0.37
49.896	-0.129	0.315	0.500	0.18	-0.51	-0.37
49.904	-0.130	0.317	0.500	0.18	-0.51	-0.37
49.912	-0.131	0.318	0.500	0.18	-0.51	-0.37
49.920	-0.132	0.319	0.500	0.18	-0.51	-0.37
49.928	-0.133	0.320	0.500	0.19	-0.51	-0.37
49.936	-0.134	0.322	0.500	0.19	-0.51	-0.37
49.944	-0.135	0.323	0.500	0.19	-0.50	-0.37
49.952	-0.136	0.324	0.500	0.19	-0.50	-0.37
49.960	-0.137	0.325	0.500	0.19	-0.50	-0.37
49.968	-0.138	0.327	0.500	0.19	-0.50	-0.37
49.976	-0.139	0.328	0.500	0.20	-0.50	-0.37
49.984	-0.141	0.329	0.500	0.20	-0.50	-0.37
49.992	-0.142	0.330	0.500	0.20	-0.50	-0.37
50.000	-0.143	0.331	0.500	0.20	-0.50	-0.37
50.008	-0.144	0.333	0.500	0.20	-0.50	-0.37
50.016	-0.145	0.334	0.500	0.20	-0.50	-0.37
50.024	-0.146	0.335	0.500	0.21	-0.50	-0.37
50.032	-0.147	0.336	0.500	0.21	-0.50	-0.37
50.040	-0.148	0.337	0.500	0.21	-0.50	-0.37
50.048	-0.150	0.339	0.500	0.21	-0.50	-0.37
50.056	-0.151	0.340	0.500	0.21	-0.50	-0.37
50.064	-0.152	0.341	0.500	0.21	-0.49	-0.37
50.072	-0.153	0.342	0.500	0.22	-0.49	-0.37
50.080	-0.154	0.343	0.500	0.22	-0.49	-0.37
50.088	-0.155	0.345	0.500	0.22	-0.49	-0.37
50.096	-0.156	0.346	0.500	0.22	-0.49	-0.37
50.104	-0.158	0.347	0.500	0.22	-0.49	-0.37
50.112	-0.159	0.348	0.500	0.22	-0.49	-0.37
50.120	-0.160	0.349	0.500	0.23	-0.49	-0.37
50.128	-0.161	0.350	0.500	0.23	-0.49	-0.37
50.136	-0.162	0.351	0.500	0.23	-0.49	-0.37
50.144	-0.163	0.353	0.500	0.23	-0.49	-0.37
50.152	-0.165	0.354	0.500	0.23	-0.49	-0.37
50.160	-0.166	0.355	0.500	0.23	-0.49	-0.37
50.168	-0.167	0.356	0.500	0.24	-0.48	-0.37
50.176	-0.168	0.357	0.500	0.24	-0.48	-0.37
50.184	-0.169	0.358	0.500	0.24	-0.48	-0.37
50.192	-0.171	0.359	0.500	0.24	-0.48	-0.37
50.200	-0.172	0.360	0.500	0.24	-0.48	-0.37
50.208	-0.173	0.362	0.500	0.24	-0.48	-0.37
50.216	-0.174	0.363	0.500	0.25	-0.48	-0.37
50.224	-0.175	0.364	0.500	0.25	-0.48	-0.37
50.232	-0.177	0.365	0.500	0.25	-0.48	-0.37
50.240	-0.178	0.366	0.500	0.25	-0.48	-0.37
50.248	-0.179	0.367	0.500	0.25	-0.48	-0.37
50.256	-0.180	0.368	0.500	0.25	-0.48	-0.37
50.264	-0.182	0.369	0.500	0.25	-0.47	-0.37
50.272	-0.183	0.370	0.500	0.26	-0.47	-0.37
50.280	-0.184	0.371	0.500	0.26	-0.47	-0.37
50.288	-0.185	0.372	0.500	0.26	-0.47	-0.37
50.296	-0.187	0.374	0.500	0.26	-0.47	-0.37
50.304	-0.188	0.375	0.500	0.26	-0.47	-0.37
50.312	-0.189	0.376	0.500	0.26	-0.47	-0.37
50.320	-0.190	0.377	0.500	0.27	-0.47	-0.37
50.328	-0.192	0.378	0.500	0.27	-0.47	-0.37
50.336	-0.193	0.379	0.500	0.27	-0.47	-0.37
50.344	-0.194	0.380	0.500	0.27	-0.47	-0.37
50.352	-0.195	0.381	0.500	0.27	-0.47	-0.37
50.360	-0.197	0.382	0.500	0.27	-0.46	-0.37
50.368	-0.198	0.383	0.500	0.28	-0.46	-0.37
50.376	-0.199	0.384	0.500	0.28	-0.46	-0.37
50.384	-0.201	0.385	0.500	0.28	-0.46	-0.37
50.392	-0.202	0.386	0.500	0.28	-0.46	-0.37
50.400	-0.203	0.387	0.500	0.28	-0.46	-0.37
50.408	-0.205	0.388	0.500	0.28	-0.46	-0.37
50.416	-0.206	0.389	0.500	0.28	-0.46	-0.37
50.424	-0.207	0.390	0.500	0.29	-0.46	-0.37
50.432	-0.208	0.391	0.500	0.29	-0.46	-0.37
50.440	-0.210	0.392	0.500	0.29	-0.45	-0.37
50.448	-0.211	0.393	0.500	0.29	-0.45	-0.37
50.456	-0.212	0.394	0.500	0.29	-0.45	-0.37
50.464	-0.214	0.395	0.500	0.29	-0.45	-0.37
50.472	-0.215	0.396	0.500	0.30	-0.45	-0.37
50.480	-0.216	0.397	0.500	0.30	-0.45	-0.37
50.488	-0.218	0.398	0.500	0.30	-0.45	-0.37
50.496	-0.219	0.399	0.500	0.30	-0.45	-0.37
50.504	-0.220	0.400	0.500	0.30	-0.45	-0.37
50.512	-0.222	0.401	0.500	0.30	-0.45	-0.37
50.520	-0.223	0.402	0.500	0.30	-0.44	-0.37
50.528	-0.224	0.402	0.500	0.31	-0.44	-0.37
50.536	-0.226	0.403	0.500	0.31	-0.44	-0.37
50.544	-0.227	0.404	0.500	0.31	-0.44	-0.37
50.552	-0.228	0.405	0.500	0.31	-0.44	-0.37
50.560	-0.230	0.406	0.500	0.31	-0.44	-0.37
50.568	-0.231	0.407	0.500	0.31	-0.44	-0.37
50.576	-0.233	0.408	0.500	0.31	-0.44	-0.37
50.584	-0.234	0.409	0.500	0.32	-0.44	-0.37
50.592	-0.235	0.410	0.500	0.32	-0.44	-0.37
50.600	-0.237	0.411	0.500	0.32	-0.43	-0.37
50.608	-0.238	0.412	0.500	0.32	-0.43	-0.37
50.616	-0.239	0.412	0.500	0.32	-0.43	-0.37
50.624	-0.241	0.413	0.500	0.32	-0.43	-0.37
50.632	-0.242	0.414	0.500	0.32	-0.43	-0.37
50.640	-0.244	0.415	0.500	0.33	-0.43	-0.37
50.648	-0.245	0.416	0.500	0.33	-0.43	-0.37
50.656	-0.246	0.417	0.500	0.33	-0.43	-0.37
50.664	-0.248	0.418	0.500	0.33	-0.43	-0.37
50.672	-0.249	0.419	0.500	0.33	-0.42	-0.37
50.680	-0.251	0.419	0.500	0.33	-0.42	-0.37
50.688	-0.252	0.420	0.500	0.33	-0.42	-0.37
50.696	-0.253	0.421	0.500	0.34	-0.42	-0.37
50.704	-0.255	0.422	0.500	0.34	-0.42	-0.37
50.712	-0.256	0.423	0.500	0.34	-0.42	-0.37
50.720	-0.258	0.424	0.500	0.34	-0.42	-0.37
50.728	-0.259	0.424	0.500	0.34	-0.42	-0.37
50.736	-0.261	0.425	0.500	0.34	-0.42	-0.37
50.744	-0.262	0.426	0.500	0.34	-0.41	-0.37
50.752	-0.263	0.427	0.500	0.35	-0.41	-0.37
50.760	-0.265	0.428	0.500	0.35	-0.41	-0.37
50.768	-0.266	0.428	0.500	0.35	-0.41	-0.37
50.776	-0.268	0.429	0.500	0.35	-0.41	-0.37
50.784	-0.269	0.430	0.500	0.35	-0.41	-0.37
50.792	-0.271	0.431	0.500	0.35	-0.41	-0.37
50.800	-0.272	0.432	0.500	0.35	-0.41	-0.37
50.808	-0.274	0.432	0.500	0.36	-0.40	-0.37
50.816	-0.275	0.433	0.500	0.36	-0.40	-0.37
50.824	-0.276	0.434	0.500	0.36	-0.40	-0.37
50.832	-0.278	0.435	0.500	0.36	-0.40	-0.37
50.840	-0.279	0.435	0.500	0.36	-0.40	-0.37
50.848	-0.281	0.436	0.500	0.36	-0.40	-0.37
50.856	-0.282	0.437	0.500	0.36	-0.40	-0.37
50.864	-0.284	0.438	0.500	0.36	-0.40	-0.37
50.872	-0.285	0.438	0.500	0.37	-0.40	-0.37
50.880	-0.287	0.439	0.500	0.37	-0.39	-0.37
50.888	-0.288	0.440	0.500	0.37	-0.39	-0.37
50.896	-0.290	0.441	0.500	0.37	-0.39	-0.37
50.904	-0.291	0.441	0.500	0.37	-0.39	-0.37
50.912	-0.293	0.442	0.500	0.37	-0.39	-0.37
50.920	-0.294	0.443	0.500	0.37	-0.39	-0.37
50.928	-0.296	0.443	0.500	0.38	-0.39	-0.37
50.936	-0.297	0.444	0.500	0.38	-0.39	-0.37
50.944	-0.299	0.445	0.500	0.38	-0.38	-0.37
50.952	-0.300	0.445	0.500	0.38	-0.38	-0.37
50.960	-0.302	0.446	0.500	0.38	-0.38	-0.37
50.968	-0.303	0.447	0.500	0.38	-0.38	-0.37
50.976	-0.305	0.447	0.500	0.38	-0.38	-0.37
50.984	-0.306	0.448	0.500	0.38	-0.38	-0.37
50.992	-0.308	0.449	0.500	0.39	-0.38	-0.37
51.000	-0.309	0.449	0.500	0.39	-0.38	-0.37
51.008	-0.311	0.450	0.500	0.39	-0.37	-0.37
51.016	-0.312	0.451	0.500	0.39	-0.37	-0.37
51.024	-0.314	0.451	0.500	0.39	-0.37	-0.37
51.032	-0.315	0.452	0.500	0.39	-0.37	-0.37
51.040	-0.317	0.453	0.500	0.39	-0.37	-0.37
51.048	-0.318	0.453	0.500	0.39	-0.37	-0.37
51.056	-0.320	0.454	0.500	0.40	-0.37	-0.37
51.064	-0.321	0.454	0.500	0.40	-0.36	-0.37
51.072	-0.323	0.455	0.500	0.40	-0.36	-0.37
51.080	-0.324	0.456	0.500	0.40	-0.36	-0.37
51.088	-0.326	0.456	0.500	0.40	-0.36	-0.37
51.096	-0.327	0.457	0.500	0.40	-0.36	-0.37
51.104	-0.329	0.457	0.500	0.40	-0.36	-0.37
51.112	-0.330	0.458	0.500	0.40	-0.36	-0.37
51.120	-0.332	0.459	0.500	0.41	-0.36	-0.37
51.128	-0.333	0.459	0.500	0.41	-0.35	-0.37
51.136	-0.335	0.460	0.500	0.41	-0.35	-0.37
51.144	-0.337	0.460	0.500	0.41	-0.35	-0.37
51.152	-0.338	0.461	0.500	0.41	-0.35	-0.37
51.160	-0.340	0.461	0.500	0.41	-0.35	-0.37
51.168	-0.341	0.462	0.500	0.41	-0.35	-0.37
51.176	-0.343	0.462	0.500	0.41	-0.35	-0.37
51.184	-0.344	0.463	0.500	0.41	-0.34	-0.37
51.192	-0.346	0.464	0.500	0.42	-0.34	-0.37
51.200	-0.347	0.464	0.500	0.42	-0.34	-0.37
51.208	-0.349	0.465	0.500	0.42	-0.34	-0.37
51.216	-0.350	0.465	0.500	0.42	-0.34	-0.37
51.224	-0.352	0.466	0.500	0.42	-0.34	-0.37
51.232	-0.354	0.466	0.500	0.42	-0.34	-0.37
51.240	-0.355	0.467	0.500	0.42	-0.33	-0.37
51.248	-0.357	0.467	0.500	0.42	-0.33	-0.37
51.256	-0.358	0.468	0.500	0.42	-0.33	-0.37
51.264	-0.360	0.468	0.500	0.43	-0.33	-0.37
51.272	-0.361	0.469	0.500	0.43	-0.33	-0.37
51.280	-0.363	0.469	0.500	0.43	-0.33	-0.37
51.288	-0.365	0.469	0.500	0.43	-0.33	-0.37
51.296	-0.366	0.470	0.500	0.43	-0.32	-0.36
51.304	-0.368	0.470	0.500	0.43	-0.32	-0.36
51.312	-0.369	0.471	0.500	0.43	-0.32	-0.36
51.320	-0.371	0.471	0.500	0.43	-0.32	-0.36
51.328	-0.372	0.472	0.500	0.43	-0.32	-0.36
51.336	-0.374	0.472	0.500	0.44	-0.32	-0.36
51.344	-0.376	0.473	0.500	0.44	-0.32	-0.36
51.352	-0.377	0.473	0.500	0.44	-0.31	-0.36
51.360	-0.379	0.473	0.500	0.44	-0.31	-0.36
51.368	-0.380	0.474	0.500	0.44	-0.31	-0.36
51.376	-0.382	0.474	0.500	0.44	-0.31	-0.36
51.384	-0.384	0.475	0.500	0.44	-0.31	-0.36
51.392	-0.385	0.475	0.500	0.44	-0.31	-0.36
51.400	-0.387	0.475	0.500	0.44	-0.31	-0.36
51.408	-0.388	0.476	0.500	0.45	-0.30	-0.36
51.416	-0.390	0.476	0.500	0.45	-0.30	-0.36
51.424	-0.392	0.477	0.500	0.45	-0.30	-0.36
51.432	-0.393	0.477	0.500	0.45	-0.30	-0.36
51.440	-0.395	0.477	0.500	0.45	-0.30	-0.36
51.448	-0.396	0.478	0.500	0.45	-0.30	-0.36
51.456	-0.398	0.478	0.500	0.45	-0.29	-0.36
51.464	-0.400	0.478	0.500	0.45	-0.29	-0.36
51.472	-0.401	0.479	0.500	0.45	-0.29	-0.36
51.480	-0.403	0.479	0.500	0.45	-0.29	-0.36
51.488	-0.404	0.479	0.500	0.46	-0.29	-0.36
51.496	-0.406	0.480	0.500	0.46	-0.29	-0.36
51.504	-0.408	0.480	0.500	0.46	-0.29	-0.36
51.512	-0.409	0.480	0.500	0.46	-0.28	-0.36
51.520	-0.411	0.481	0.500	0.46	-0.28	-0.36
51.528	-0.412	0.481	0.500	0.46	-0.28	-0.36
51.536	-0.414	0.481	0.500	0.46	-0.28	-0.36
51.544	-0.416	0.482	0.500	0.46	-0.28	-0.36
51.552	-0.417	0.482	0.500	0.46	-0.28	-0.36
51.560	-0.419	0.482	0.500	0.46	-0.27	-0.36
51.568	-0.421	0.482	0.500	0.46	-0.27	-0.36
51.576	-0.422	0.483	0.500	0.47	-0.27	-0.36
51.584	-0.424	0.483	0.500	0.47	-0.27	-0.36
51.592	-0.425	0.483	0.500	0.47	-0.27	-0.36
51.600	-0.427	0.484	0.500	0.47	-0.27	-0.36
51.608	-0.429	0.484	0.500	0.47	-0.27	-0.36
51.616	-0.430	0.484	0.500	0.47	-0.26	-0.36
51.624	-0.432	0.484	0.500	0.47	-0.26	-0.36
51.632	-0.434	0.485	0.500	0.47	-0.26	-0.36
51.640	-0.435	0.485	0.500	0.47	-0.26	-0.36
51.648	-0.437	0.485	0.500	0.47	-0.26	-0.36
51.656	-0.438	0.485	0.500	0.47	-0.26	-0.36
51.664	-0.440	0.485	0.500	0.48	-0.25	-0.36
51.672	-0.442	0.486	0.500	0.48	-0.25	-0.36
51.680	-0.443	0.486	0.500	0.48	-0.25	-0.36
51.688	-0.445	0.486	0.500	0.48	-0.25	-0.36
51.696	-0.447	0.486	0.500	0.48	-0.25	-0.36
51.704	-0.448	0.486	0.500	0.48	-0.25	-0.36
51.712	-0.450	0.487	0.500	0.48	-0.24	-0.36
51.720	-0.451	0.487	0.500	0.48	-0.24	-0.36
51.728	-0.453	0.487	0.500	0.48	-0.24	-0.36
51.736	-0.455	0.487	0.500	0.48	-0.24	-0.36
51.744	-0.456	0.487	0.500	0.48	-0.24	-0.36
51.752	-0.458	0.487	0.500	0.48	-0.24	-0.36
51.760	-0.460	0.488	0.500	0.48	-0.24	-0.36
51.768	-0.461	0.488	0.500	0.49	-0.23	-0.36
51.776	-0.463	0.488	0.500	0.49	-0.23	-0.36
51.784	-0.465	0.488	0.500	0.49	-0.23	-0.36
51.792	-0.466	0.488	0.500	0.49	-0.23	-0.36
51.800	-0.468	0.488	0.500	0.49	-0.23	-0.36
51.808	-0.469	0.488	0.500	0.49	-0.23	-0.36
51.816	-0.471	0.488	0.500	0.49	-0.22	-0.36
51.824	-0.473	0.489	0.500	0.49	-0.22	-0.36
51.832	-0.474	0.489	0.500	0.49	-0.22	-0.36
51.840	-0.476	0.489	0.500	0.49	-0.22	-0.36
51.848	-0.478	0.489	0.500	0.49	-0.22	-0.36
51.856	-0.479	0.489	0.500	0.49	-0.22	-0.36
51.864	-0.481	0.489	0.500	0.49	-0.21	-0.36
51.872	-0.483	0.489	0.500	0.50	-0.21	-0.36
51.880	-0.484	0.489	0.500	0.50	-0.21	-0.36
51.888	-0.486	0.489	0.500	0.50	-0.21	-0.36
51.896	-0.487	0.489	0.500	0.50	-0.21	-0.36
51.904	-0.489	0.489	0.500	0.50	-0.21	-0.36
51.912	-0.491	0.489	0.500	0.50	-0.20	-0.36
51.920	-0.492	0.489	0.500	0.50	-0.20	-0.36
51.928	-0.494	0.489	0.500	0.50	-0.20	-0.36
51.936	-0.496	0.489	0.500	0.50	-0.20	-0.36
51.944	-0.497	0.489	0.500	0.50	-0.20	-0.36
51.952	-0.499	0.489	0.500	0.50	-0.20	-0.36
51.960	-0.501	0.489	0.500	0.50	-0.19	-0.36
51.968	-0.502	0.489	0.500	0.50	-0.19	-0.36
51.976	-0.504	0.489	0.500	0.50	-0.19	-0.36
51.984	-0.506	0.489	0.500	0.50	-0.19	-0.36
51.992	-0.507	0.489	0.500	0.51	-0.19	-0.36
52.000	-0.509	0.489	0.500	0.51	-0.19	-0.36
52.008	-0.510	0.489	0.500	0.51	-0.18	-0.36
52.016	-0.512	0.489	0.500	0.51	-0.18	-0.36
52.024	-0.514	0.489	0.500	0.51	-0.18	-0.36
52.032	-0.515	0.489	0.500	0.51	-0.18	-0.36
52.040	-0.517	0.489	0.500	0.51	-0.18	-0.36
52.048	-0.519	0.489	0.500	0.51	-0.18	-0.36
52.056	-0.520	0.489	0.500	0.51	-0.17	-0.36
52.064	-0.522	0.489	0.500	0.51	-0.17	-0.36
52.072	-0.524	0.489	0.500	0.51	-0.17	-0.36
52.080	-0.525	0.489	0.500	0.51	-0.17	-0.36
52.088	-0.527	0.489	0.500	0.51	-0.17	-0.36
52.096	-0.529	0.489	0.500	0.51	-0.16	-0.36
52.104	-0.530	0.489	0.500	0.51	-0.16	-0.36
52.112	-0.532	0.489	0.500	0.51	-0.16	-0.36
52.120	-0.533	0.488	0.500	0.51	-0.16	-0.36
52.128	-0.535	0.488	0.500	0.52	-0.16	-0.36
52.136	-0.537	0.488	0.500	0.52	-0.16	-0.36
52.144	-0.538	0.488	0.500	0.52	-0.15	-0.36
52.152	-0.540	0.488	0.500	0.52	-0.15	-0.36
52.160	-0.542	0.488	0.500	0.52	-0.15	-0.36
52.168	-0.543	0.488	0.500	0.52	-0.15	-0.36
52.176	-0.545	0.488	0.500	0.52	-0.15	-0.36
52.184	-0.547	0.488	0.500	0.52	-0.15	-0.36
52.192	-0.548	0.487	0.500	0.52	-0.14	-0.36
52.200	-0.550	0.487	0.500	0.52	-0.14	-0.36
52.208	-0.551	0.487	0.500	0.52	-0.14	-0.36
52.216	-0.553	0.487	0.500	0.52	-0.14	-0.36
52.224	-0.555	0.487	0.500	0.52	-0.14	-0.36
52.232	-0.556	0.487	0.500	0.52	-0.14	-0.36
52.240	-0.558	0.486	0.500	0.52	-0.13	-0.36
52.248	-0.560	0.486	0.500	0.52	-0.13	-0.36
52.256	-0.561	0.486	0.500	0.52	-0.13	-0.36
52.264	-0.563	0.486	0.500	0.52	-0.13	-0.36
52.272	-0.564	0.486	0.500	0.52	-0.13	-0.36
52.280	-0.566	0.485	0.500	0.52	-0.12	-0.36
52.288	-0.568	0.485	0.500	0.52	-0.12	-0.36
52.296	-0.569	0.485	0.500	0.53	-0.12	-0.36
52.304	-0.571	0.485	0.500	0.53	-0.12	-0.36
52.312	-0.573	0.484	0.500	0.53	-0.12	-0.36
52.320	-0.574	0.484	0.500	0.53	-0.12	-0.36
52.328	-0.576	0.484	0.500	0.53	-0.11	-0.36
52.336	-0.577	0.484	0.500	0.53	-0.11	-0.36
52.344	-0.579	0.483	0.500	0.53	-0.11	-0.36
52.352	-0.581	0.483	0.500	0.53	-0.11	-0.36
52.360	-0.582	0.483	0.500	0.53	-0.11	-0.36
52.368	-0.584	0.483	0.500	0.53	-0.11	-0.36
52.376	-0.586	0.482	0.500	0.53	-0.10	-0.36
52.384	-0.587	0.482	0.500	0.53	-0.10	-0.36
52.392	-0.589	0.482	0.500	0.53	-0.10	-0.36
52.400	-0.590	0.482	0.500	0.53	-0.10	-0.36
52.408	-0.592	0.481	0.500	0.53	-0.10	-0.36
52.416	-0.594	0.481	0.500	0.53	-0.09	-0.36
52.424	-0.595	0.481	0.500	0.53	-0.09	-0.36
52.432	-0.597	0.480	0.500	0.53	-0.09	-0.36
52.440	-0.599	0.480	0.500	0.53	-0.09	-0.36
52.448	-0.600	0.480	0.500	0.53	-0.09	-0.36
52.456	-0.602	0.479	0.500	0.53	-0.09	-0.36
52.464	-0.603	0.479	0.500	0.53	-0.08	-0.36
52.472	-0.605	0.479	0.500	0.53	-0.08	-0.36
52.480	-0.607	0.478	0.500	0.53	-0.08	-0.36
52.488	-0.608	0.478	0.500	0.53	-0.08	-0.36
52.496	-0.610	0.478	0.500	0.53	-0.08	-0.36
52.504	-0.611	0.477	0.500	0.53	-0.08	-0.36
52.512	-0.613	0.477	0.500	0.53	-0.07	-0.36
52.520	-0.615	0.477	0.500	0.53	-0.07	-0.36
52.528	-0.616	0.476	0.500	0.53	-0.07	-0.36
52.536	-0.618	0.476	0.500	0.53	-0.07	-0.36
52.544	-0.619	0.475	0.500	0.53	-0.07	-0.36
52.552	-0.621	0.475	0.500	0.54	-0.06	-0.36
52.560	-0.623	0.475	0.500	0.54	-0.06	-0.36
52.568	-0.624	0.474	0.500	0.54	-0.06	-0.36
52.576	-0.626	0.474	0.500	0.54	-0.06	-0.36
52.584	-0.627	0.473	0.500	0.54	-0.06	-0.36
52.592	-0.629	0.473	0.500	0.54	-0.06	-0.36
52.600	-0.630	0.473	0.500	0.54	-0.05	-0.36
52.608	-0.632	0.472	0.500	0.54	-0.05	-0.36
52.616	-0.634	0.472	0.500	0.54	-0.05	-0.36
52.624	-0.635	0.471	0.500	0.54	-0.05	-0.36
52.632	-0.637	0.471	0.500	0.54	-0.05	-0.36
52.640	-0.638	0.470	0.500	0.54	-0.04	-0.36
52.648	-0.640	0.470	0.500	0.54	-0.04	-0.36
52.656	-0.642	0.469	0.500	0.54	-0.04	-0.36
52.664	-0.643	0.469	0.500	0.54	-0.04	-0.36
52.672	-0.645	0.468	0.500	0.54	-0.04	-0.36
52.680	-0.646	0.468	0.500	0.54	-0.04	-0.36
52.688	-0.648	0.467	0.500	0.54	-0.03	-0.36
52.696	-0.649	0.467	0.500	0.54	-0.03	-0.36
52.704	-0.651	0.467	0.500	0.54	-0.03	-0.36
52.712	-0.653	0.466	0.500	0.54	-0.03	-0.36
52.720	-0.654	0.466	0.500	0.54	-0.03	-0.36
52.728	-0.656	0.465	0.500	0.54	-0.02	-0.36
52.736	-0.657	0.464	0.500	0.54	-0.02	-0.36
52.744	-0.659	0.464	0.500	0.54	-0.02	-0.36
52.752	-0.660	0.463	0.500	0.54	-0.02	-0.36
52.760	-0.662	0.463	0.500	0.54	-0.02	-0.36
52.768	-0.663	0.462	0.500	0.54	-0.02	-0.36
52.776	-0.665	0.462	0.500	0.54	-0.01	-0.36
52.784	-0.667	0.461	0.500	0.54	-0.01	-0.36
52.792	-0.668	0.461	0.500	0.54	-0.01	-0.36
52.800	-0.670	0.460	0.500	0.54	-0.01	-0.36
52.808	-0.671	0.460	0.500	0.54	-0.01	-0.36
52.816	-0.673	0.459	0.500	0.54	-0.00	-0.36
52.824	-0.674	0.458	0.500	0.54	-0.00	-0.36
52.832	-0.676	0.458	0.500	0.54	-0.00	-0.36
52.840	-0.677	0.457	0.500	0.54	0.00	-0.36
52.848	-0.679	0.457	0.500	0.54	0.00	-0.36
52.856	-0.680	0.456	0.500	0.54	0.00	-0.36
52.864	-0.682	0.456	0.500	0.54	0.01	-0.36
52.872	-0.683	0.455	0.500	0.54	0.01	-0.36
52.880	-0.685	0.454	0.500	0.54	0.01	-0.36
52.888	-0.686	0.454	0.500	0.54	0.01	-0.36
52.896	-0.688	0.453	0.500	0.54	0.01	-0.36
52.904	-0.690	0.452	0.500	0.54	0.01	-0.36
52.912	-0.691	0.452	0.500	0.54	0.02	-0.36
52.920	-0.693	0.451	0.500	0.54	0.02	-0.36
52.928	-0.694	0.451	0.500	0.54	0.02	-0.36
52.936	-0.696	0.450	0.500	0.54	0.02	-0.36
52.944	-0.697	0.449	0.500	0.54	0.02	-0.36
52.952	-0.699	0.449	0.500	0.54	0.03	-0.36
52.960	-0.700	0.448	0.500	0.54	0.03	-0.36
52.968	-0.702	0.447	0.500	0.54	0.03	-0.36
52.976	-0.703	0.447	0.500	0.54	0.03	-0.36
52.984	-0.705	0.446	0.500	0.54	0.03	-0.36
52.992	-0.706	0.445	0.500	0.54	0.03	-0.36
53.000	-0.708	0.445	0.500	0.54	0.04	-0.36
53.008	-0.709	0.444	0.500	0.54	0.04	-0.36
53.016	-0.711	0.443	0.500	0.54	0.04	-0.36
53.024	-0.712	0.443	0.500	0.54	0.04	-0.36
53.032	-0.714	0.442	0.500	0.54	0.04	-0.36
53.040	-0.715	0.441	0.500	0.54	0.05	-0.36
53.048	-0.716	0.440	0.500	0.54	0.05	-0.36
53.056	-0.718	0.440	0.500	0.54	0.05	-0.36
53.064	-0.719	0.439	0.500	0.54	0.05	-0.36
53.072	-0.721	0.438	0.500	0.54	0.05	-0.36
53.080	-0.722	0.437	0.500	0.54	0.05	-0.36
53.088	-0.724	0.437	0.500	0.54	0.06	-0.36
53.096	-0.725	0.436	0.500	0.54	0.06	-0.36
53.104	-0.727	0.435	0.500	0.54	0.06	-0.36
53.112	-0.728	0.434	0.500	0.54	0.06	-0.36
53.120	-0.730	0.434	0.500	0.54	0.06	-0.36
53.128	-0.731	0.433	0.500	0.53	0.07	-0.36
53.136	-0.733	0.432	0.500	0.53	0.07	-0.36
53.144	-0.734	0.431	0.500	0.53	0.07	-0.36
53.152	-0.735	0.431	0.500	0.53	0.07	-0.36
53.160	-0.737	0.430	0.500	0.53	0.07	-0.36
53.168	-0.738	0.429	0.500	0.53	0.07	-0.36
53.176	-0.740	0.428	0.500	0.53	0.08	-0.36
53.184	-0.741	0.427	0.500	0.53	0.08	-0.36
53.192	-0.743	0.427	0.500	0.53	0.08	-0.36
53.200	-0.744	0.426	0.500	0.53	0.08	-0.36
53.208	-0.746	0.425	0.500	0.53	0.08	-0.36
53.216	-0.747	0.424	0.500	0.53	0.09	-0.36
53.224	-0.748	0.423	0.500	0.53	0.09	-0.36
53.232	-0.750	0.423	0.500	0.53	0.09	-0.36
53.240	-0.751	0.422	0.500	0.53	0.09	-0.36
53.248	-0.753	0.421	0.500	0.53	0.09	-0.36
53.256	-0.754	0.420	0.500	0.53	0.09	-0.36
53.264	-0.755	0.419	0.500	0.53	0.10	-0.36
53.272	-0.757	0.418	0.500	0.53	0.10	-0.36
53.280	-0.758	0.418	0.500	0.53	0.10	-0.36
53.288	-0.760	0.417	0.500	0.53	0.10	-0.36
53.296	-0.761	0.416	0.500	0.53	0.10	-0.36
53.304	-0.762	0.415	0.500	0.53	0.10	-0.36
53.312	-0.764	0.414	0.500	0.53	0.11	-0.36
53.320	-0.765	0.413	0.500	0.53	0.11	-0.36
53.328	-0.767	0.412	0.500	0.53	0.11	-0.36
53.336	-0.768	0.411	0.500	0.53	0.11	-0.36
53.344	-0.769	0.411	0.500	0.53	0.11	-0.36
53.352	-0.771	0.410	0.500	0.53	0.12	-0.36
53.360	-0.772	0.409	0.500	0.53	0.12	-0.36
53.368	-0.773	0.408	0.500	0.53	0.12	-0.36
53.376	-0.775	0.407	0.500	0.53	0.12	-0.36
53.384	-0.776	0.406	0.500	0.52	0.12	-0.36
53.392	-0.778	0.405	0.500	0.52	0.12	-0.36
53.400	-0.779	0.404	0.500	0.52	0.13	-0.36
53.408	-0.780	0.403	0.500	0.52	0.13	-0.36
53.416	-0.782	0.402	0.500	0.52	0.13	-0.36
53.424	-0.783	0.401	0.500	0.52	0.13	-0.36
53.432	-0.784	0.400	0.500	0.52	0.13	-0.36
53.440	-0.786	0.399	0.500	0.52	0.13	-0.36
53.448	-0.787	0.399	0.500	0.52	0.14	-0.36
53.456	-0.788	0.398	0.500	0.52	0.14	-0.36
53.464	-0.790	0.397	0.500	0.52	0.14	-0.36
53.472	-0.791	0.396	0.500	0.52	0.14	-0.36
53.480	-0.792	0.395	0.500	0.52	0.14	-0.36
53.488	-0.794	0.394	0.500	0.52	0.14	-0.36
53.496	-0.795	0.393	0.500	0.52	0.15	-0.36
53.504	-0.796	0.392	0.500	0.52	0.15	-0.36
53.512	-0.798	0.391	0.500	0.52	0.15	-0.36
53.520	-0.799	0.390	0.500	0.52	0.15	-0.36
53.528	-0.800	0.389	0.500	0.52	0.15	-0.36
53.536	-0.801	0.388	0.500	0.52	0.16	-0.36
53.544	-0.803	0.387	0.500	0.52	0.16	-0.36
53.552	-0.804	0.386	0.500	0.52	0.16	-0.36
53.560	-0.805	0.385	0.500	0.51	0.16	-0.36
53.568	-0.807	0.384	0.500	0.51	0.16	-0.36
53.576	-0.808	0.383	0.500	0.51	0.16	-0.36
53.584	-0.809	0.382	0.500	0.51	0.17	-0.36
53.592	-0.811	0.381	0.500	0.51	0.17	-0.36
53.600	-0.812	0.380	0.500	0.51	0.17	-0.36
53.608	-0.813	0.379	0.500	0.51	0.17	-0.36
53.616	-0.814	0.378	0.500	0.51	0.17	-0.36
53.624	-0.816	0.376	0.500	0.51	0.17	-0.36
53.632	-0.817	0.375	0.500	0.51	0.18	-0.36
53.640	-0.818	0.374	0.500	0.51	0.18	-0.36
53.648	-0.819	0.373	0.500	0.51	0.18	-0.36
53.656	-0.821	0.372	0.500	0.51	0.18	-0.36
53.664	-0.822	0.371	0.500	0.51	0.18	-0.36
53.672	-0.823	0.370	0.500	0.51	0.18	-0.36
53.680	-0.824	0.369	0.500	0.51	0.19	-0.36
53.688	-0.826	0.368	0.500	0.51	0.19	-0.36
53.696	-0.827	0.367	0.500	0.50	0.19	-0.36
53.704	-0.828	0.366	0.500	0.50	0.19	-0.36
53.712	-0.829	0.365	0.500	0.50	0.19	-0.36
53.720	-0.830	0.364	0.500	0.50	0.19	-0.36
53.728	-0.832	0.362	0.500	0.50	0.20	-0.36
53.736	-0.833	0.361	0.500	0.50	0.20	-0.36
53.744	-0.834	0.360	0.500	0.50	0.20	-0.36
53.752	-0.835	0.359	0.500	0.50	0.20	-0.36
53.760	-0.837	0.358	0.500	0.50	0.20	-0.36
53.768	-0.838	0.357	0.500	0.50	0.20	-0.36
53.776	-0.839	0.356	0.500	0.50	0.21	-0.36
53.784	-0.840	0.355	0.500	0.50	0.21	-0.36
53.792	-0.841	0.354	0.500	0.50	0.21	-0.36
53.800	-0.843	0.352	0.500	0.50	0.21	-0.36
53.808	-0.844	0.351	0.500	0.50	0.21	-0.36
53.816	-0.845	0.350	0.500	0.49	0.21	-0.36
53.824	-0.846	0.349	0.500	0.49	0.22	-0.36
53.832	-0.847	0.348	0.500	0.49	0.22	-0.36
53.840	-0.848	0.347	0.500	0.49	0.22	-0.36
53.848	-0.850	0.345	0.500	0.49	0.22	-0.36
53.856	-0.851	0.344	0.500	0.49	0.22	-0.36
53.864	-0.852	0.343	0.500	0.49	0.22	-0.36
53.872	-0.853	0.342	0.500	0.49	0.23	-0.36
53.880	-0.854	0.341	0.500	0.49	0.23	-0.36
53.888	-0.855	0.340	0.500	0.49	0.23	-0.36
53.896	-0.856	0.338	0.500	0.49	0.23	-0.36
53.904	-0.858	0.337	0.500	0.49	0.23	-0.36
53.912	-0.859	0.336	0.500	0.49	0.23	-0.36
53.920	-0.860	0.335	0.500	0.48	0.24	-0.36
53.928	-0.861	0.334	0.500	0.48	0.24	-0.36
53.936	-0.862	0.332	0.500	0.48	0.24	-0.36
53.944	-0.863	0.331	0.500	0.48	0.24	-0.36
53.952	-0.864	0.330	0.500	0.48	0.24	-0.36
53.960	-0.865	0.329	0.500	0.48	0.24	-0.36
53.968	-0.866	0.328	0.500	0.48	0.25	-0.36
53.976	-0.868	0.326	0.500	0.48	0.25	-0.36
53.984	-0.869	0.325	0.500	0.48	0.25	-0.36
53.992	-0.870	0.324	0.500	0.48	0.25	-0.36
54.000	-0.871	0.323	0.500	0.48	0.25	-0.36
54.008	-0.872	0.321	0.500	0.48	0.25	-0.36
54.016	-0.873	0.320	0.500	0.47	0.26	-0.36
54.024	-0.874	0.319	0.500	0.47	0.26	-0.36
54.032	-0.875	0.318	0.500	0.47	0.26	-0.36
54.040	-0.876	0.316	0.500	0.47	0.26	-0.36
54.048	-0.877	0.315	0.500	0.47	0.26	-0.36
54.056	-0.878	0.314	0.500	0.47	0.26	-0.36
54.064	-0.879	0.313	0.500	0.47	0.26	-0.36
54.072	-0.880	0.311	0.500	0.47	0.27	-0.36
54.080	-0.881	0.310	0.500	0.47	0.27	-0.36
54.088	-0.882	0.309	0.500	0.47	0.27	-0.36
54.096	-0.884	0.308	0.500	0.47	0.27	-0.36
54.104	-0.885	0.306	0.500	0.46	0.27	-0.36
54.112	-0.886	0.305	0.500	0.46	0.27	-0.36
54.120	-0.887	0.304	0.500	0.46	0.28	-0.36
54.128	-0.888	0.302	0.500	0.46	0.28	-0.36
54.136	-0.889	0.301	0.500	0.46	0.28	-0.36
54.144	-0.890	0.300	0.500	0.46	0.28	-0.36
54.152	-0.891	0.299	0.500	0.46	0.28	-0.36
54.160	-0.892	0.297	0.500	0.46	0.28	-0.36
54.168	-0.893	0.296	0.500	0.46	0.29	-0.36
54.176	-0.894	0.295	0.500	0.46	0.29	-0.36
54.184	-0.895	0.293	0.500	0.46	0.29	-0.36
54.192	-0.896	0.292	0.500	0.45	0.29	-0.36
54.200	-0.897	0.291	0.500	0.45	0.29	-0.36
54.208	-0.898	0.289	0.500	0.45	0.29	-0.36
54.216	-0.899	0.288	0.500	0.45	0.29	-0.36
54.224	-0.899	0.287	0.500	0.45	0.30	-0.36
54.232	-0.900	0.285	0.500	0.45	0.30	-0.36
54.240	-0.901	0.284	0.500	0.45	0.30	-0.36
54.248	-0.902	0.283	0.500	0.45	0.30	-0.36
54.256	-0.903	0.281	0.500	0.45	0.30	-0.36
54.264	-0.904	0.280	0.500	0.45	0.30	-0.36
54.272	-0.905	0.279	0.500	0.44	0.30	-0.36
54.280	-0.906	0.277	0.500	0.44	0.31	-0.36
54.288	-0.907	0.276	0.500	0.44	0.31	-0.36
54.296	-0.908	0.275	0.500	0.44	0.31	-0.36
54.304	-0.909	0.273	0.500	0.44	0.31	-0.36
54.312	-0.910	0.272	0.500	0.44	0.31	-0.36
54.320	-0.911	0.271	0.500	0.44	0.31	-0.36
54.328	-0.912	0.269	0.500	0.44	0.31	-0.36
54.336	-0.913	0.268	0.500	0.44	0.32	-0.36
54.344	-0.913	0.266	0.500	0.44	0.32	-0.36
54.352	-0.914	0.265	0.500	0.43	0.32	-0.36
54.360	-0.915	0.264	0.500	0.43	0.32	-0.36
54.368	-0.916	0.262	0.500	0.43	0.32	-0.36
54.376	-0.917	0.261	0.500	0.43	0.32	-0.36
54.384	-0.918	0.259	0.500	0.43	0.33	-0.36
54.392	-0.919	0.258	0.500	0.43	0.33	-0.36
54.400	-0.920	0.257	0.500	0.43	0.33	-0.36
54.408	-0.920	0.255	0.500	0.43	0.33	-0.36
54.416	-0.921	0.254	0.500	0.43	0.33	-0.36
54.424	-0.922	0.252	0.500	0.42	0.33	-0.36
54.432	-0.923	0.251	0.500	0.42	0.33	-0.36
54.440	-0.924	0.250	0.500	0.42	0.34	-0.36
54.448	-0.925	0.248	0.500	0.42	0.34	-0.36
54.456	-0.925	0.247	0.500	0.42	0.34	-0.36
54.464	-0.926	0.245	0.500	0.42	0.34	-0.36
54.472	-0.927	0.244	0.500	0.42	0.34	-0.36
54.480	-0.928	0.243	0.500	0.42	0.34	-0.36
54.488	-0.929	0.241	0.500	0.42	0.34	-0.36
54.496	-0.930	0.240	0.500	0.41	0.34	-0.36
54.504	-0.930	0.238	0.500	0.41	0.35	-0.36
54.512	-0.931	0.237	0.500	0.41	0.35	-0.36
54.520	-0.932	0.235	0.500	0.41	0.35	-0.36
54.528	-0.933	0.234	0.500	0.41	0.35	-0.36
54.536	-0.934	0.233	0.500	0.41	0.35	-0.36
54.544	-0.934	0.231	0.500	0.41	0.35	-0.36
54.552	-0.935	0.230	0.500	0.41	0.35	-0.36
54.560	-0.936	0.228	0.500	0.40	0.36	-0.36
54.568	-0.937	0.227	0.500	0.40	0.36	-0.36
54.576	-0.937	0.225	0.500	0.40	0.36	-0.36
54.584	-0.938	0.224	0.500	0.40	0.36	-0.36
54.592	-0.939	0.222	0.500	0.40	0.36	-0.36
54.600	-0.940	0.221	0.500	0.40	0.36	-0.36
54.608	-0.940	0.219	0.500	0.40	0.36	-0.36
54.616	-0.941	0.218	0.500	0.40	0.37	-0.36
54.624	-0.942	0.216	0.500	0.40	0.37	-0.36
54.632	-0.943	0.215	0.500	0.39	0.37	-0.36
54.640	-0.943	0.214	0.500	0.39	0.37	-0.36
54.648	-0.944	0.212	0.500	0.39	0.37	-0.36
54.656	-0.945	0.211	0.500	0.39	0.37	-0.36
54.664	-0.945	0.209	0.500	0.39	0.37	-0.36
54.672	-0.946	0.208	0.500	0.39	0.37	-0.36
54.680	-0.947	0.206	0.500	0.39	0.38	-0.36
54.688	-0.947	0.205	0.500	0.39	0.38	-0.36
54.696	-0.948	0.203	0.500	0.38	0.38	-0.36
54.704	-0.949	0.202	0.500	0.38	0.38	-0.36
54.712	-0.950	0.200	0.500	0.38	0.38	-0.36
54.720	-0.950	0.199	0.500	0.38	0.38	-0.36
54.728	-0.951	0.197	0.500	0.38	0.38	-0.36
54.736	-0.951	0.196	0.500	0.38	0.38	-0.36
54.744	-0.952	0.194	0.500	0.38	0.39	-0.36
54.752	-0.953	0.193	0.500	0.37	0.39	-0.36
54.760	-0.953	0.191	0.500	0.37	0.39	-0.36
54.768	-0.954	0.190	0.500	0.37	0.39	-0.36
54.776	-0.955	0.188	0.500	0.37	0.39	-0.36
54.784	-0.955	0.187	0.500	0.37	0.39	-0.36
54.792	-0.956	0.185	0.500	0.37	0.39	-0.36
54.800	-0.957	0.183	0.500	0.37	0.39	-0.36
54.808	-0.957	0.182	0.500	0.37	0.40	-0.36
54.816	-0.958	0.180	0.500	0.36	0.40	-0.36
54.824	-0.958	0.179	0.500	0.36	0.40	-0.36
54.832	-0.959	0.177	0.500	0.36	0.40	-0.36
54.840	-0.960	0.176	0.500	0.36	0.40	-0.36
54.848	-0.960	0.174	0.500	0.36	0.40	-0.36
54.856	-0.961	0.173	0.500	0.36	0.40	-0.36
54.864	-0.961	0.171	0.500	0.36	0.40	-0.36
54.872	-0.962	0.170	0.500	0.35	0.41	-0.36
54.880	-0.962	0.168	0.500	0.35	0.41	-0.36
54.888	-0.963	0.167	0.500	0.35	0.41	-0.36
54.896	-0.964	0.165	0.500	0.35	0.41	-0.36
54.904	-0.964	0.164	0.500	0.35	0.41	-0.36
54.912	-0.965	0.162	0.500	0.35	0.41	-0.36
54.920	-0.965	0.160	0.500	0.35	0.41	-0.36
54.928	-0.966	0.159	0.500	0.35	0.41	-0.36
54.936	-0.966	0.157	0.500	0.34	0.42	-0.36
54.944	-0.967	0.156	0.500	0.34	0.42	-0.36
54.952	-0.967	0.154	0.500	0.34	0.42	-0.36
54.960	-0.968	0.153	0.500	0.34	0.42	-0.36
54.968	-0.968	0.151	0.500	0.34	0.42	-0.36
54.976	-0.969	0.150	0.500	0.34	0.42	-0.36
54.984	-0.969	0.148	0.500	0.34	0.42	-0.36
54.992	-0.970	0.146	0.500	0.33	0.42	-0.36
55.000	-0.970	0.145	0.500	0.33	0.42	-0.36
55.008	-0.971	0.143	0.500	0.33	0.43	-0.36
55.016	-0.971	0.142	0.500	0.33	0.43	-0.36
55.024	-0.972	0.140	0.500	0.33	0.43	-0.36
55.032	-0.972	0.139	0.500	0.33	0.43	-0.36
55.040	-0.973	0.137	0.500	0.33	0.43	-0.36
55.048	-0.973	0.135	0.500	0.32	0.43	-0.36
55.056	-0.974	0.134	0.500	0.32	0.43	-0.36
55.064	-0.974	0.132	0.500	0.32	0.43	-0.36
55.072	-0.975	0.131	0.500	0.32	0.43	-0.36
55.080	-0.975	0.129	0.500	0.32	0.43	-0.36
55.088	-0.975	0.127	0.500	0.32	0.44	-0.36
55.096	-0.976	0.126	0.500	0.32	0.44	-0.36
55.104	-0.976	0.124	0.500	0.31	0.44	-0.36
55.112	-0.977	0.123	0.500	0.31	0.44	-0.36
55.120	-0.977	0.121	0.500	0.31	0.44	-0.36
55.128	-0.977	0.120	0.500	0.31	0.44	-0.36
55.136	-0.978	0.118	0.500	0.31	0.44	-0.36
55.144	-0.978	0.116	0.500	0.31	0.44	-0.36
55.152	-0.979	0.115	0.500	0.30	0.44	-0.36
55.160	-0.979	0.113	0.500	0.30	0.45	-0.36
55.168	-0.979	0.112	0.500	0.30	0.45	-0.36
55.176	-0.980	0.110	0.500	0.30	0.45	-0.36
55.184	-0.980	0.108	0.500	0.30	0.45	-0.36
55.192	-0.981	0.107	0.500	0.30	0.45	-0.36
55.200	-0.981	0.105	0.500	0.30	0.45	-0.36
55.208	-0.981	0.104	0.500	0.29	0.45	-0.36
55.216	-0.982	0.102	0.500	0.29	0.45	-0.36
55.224	-0.982	0.100	0.500	0.29	0.45	-0.36
55.232	-0.982	0.099	0.500	0.29	0.45	-0.36
55.240	-0.983	0.097	0.500	0.29	0.46	-0.36
55.248	-0.983	0.095	0.500	0.29	0.46	-0.36
55.256	-0.983	0.094	0.500	0.29	0.46	-0.36
55.264	-0.984	0.092	0.500	0.28	0.46	-0.36
55.272	-0.984	0.091	0.500	0.28	0.46	-0.36
55.280	-0.984	0.089	0.500	0.28	0.46	-0.36
55.288	-0.984	0.087	0.500	0.28	0.46	-0.36
55.296	-0.985	0.086	0.500	0.28	0.46	-0.36
55.304	-0.985	0.084	0.500	0.28	0.46	-0.36
55.312	-0.985	0.083	0.500	0.27	0.46	-0.36
55.320	-0.986	0.081	0.500	0.27	0.46	-0.36
55.328	-0.986	0.079	0.500	0.27	0.47	-0.36
55.336	-0.986	0.078	0.500	0.27	0.47	-0.36
55.344	-0.986	0.076	0.500	0.27	0.47	-0.36
55.352	-0.987	0.074	0.500	0.27	0.47	-0.36
55.360	-0.987	0.073	0.500	0.27	0.47	-0.36
55.368	-0.987	0.071	0.500	0.26	0.47	-0.36
55.376	-0.987	0.070	0.500	0.26	0.47	-0.36
55.384	-0.988	0.068	0.500	0.26	0.47	-0.36
55.392	-0.988	0.066	0.500	0.26	0.47	-0.36
55.400	-0.988	0.065	0.500	0.26	0.47	-0.36
55.408	-0.988	0.063	0.500	0.26	0.47	-0.36
55.416	-0.988	0.061	0.500	0.25	0.48	-0.36
55.424	-0.989	0.060	0.500	0.25	0.48	-0.36
55.432	-0.989	0.058	0.500	0.25	0.48	-0.36
55.440	-0.989	0.057	0.500	0.25	0.48	-0.36
55.448	-0.989	0.055	0.500	0.25	0.48	-0.36
55.456	-0.989	0.053	0.500	0.25	0.48	-0.36
55.464	-0.990	0.052	0.500	0.24	0.48	-0.36
55.472	-0.990	0.050	0.500	0.24	0.48	-0.36
55.480	-0.990	0.048	0.500	0.24	0.48	-0.36
55.488	-0.990	0.047	0.500	0.24	0.48	-0.36
55.496	-0.990	0.045	0.500	0.24	0.48	-0.36
55.504	-0.990	0.043	0.500	0.24	0.48	-0.36
55.512	-0.991	0.042	0.500	0.23	0.49	-0.36
55.520	-0.991	0.040	0.500	0.23	0.49	-0.36
55.528	-0.991	0.039	0.500	0.23	0.49	-0.36
55.536	-0.991	0.037	0.500	0.23	0.49	-0.36
55.544	-0.991	0.035	0.500	0.23	0.49	-0.36
55.552	-0.991	0.034	0.500	0.23	0.49	-0.36
55.560	-0.991	0.032	0.500	0.22	0.49	-0.36
55.568	-0.991	0.030	0.500	0.22	0.49	-0.36
55.576	-0.991	0.029	0.500	0.22	0.49	-0.36
55.584	-0.992	0.027	0.500	0.22	0.49	-0.36
55.592	-0.992	0.025	0.500	0.22	0.49	-0.36
55.600	-0.992	0.024	0.500	0.22	0.49	-0.36
55.608	-0.992	0.022	0.500	0.22	0.49	-0.36
55.616	-0.992	0.020	0.500	0.21	0.49	-0.36
55.624	-0.992	0.019	0.500	0.21	0.50	-0.36
55.632	-0.992	0.017	0.500	0.21	0.50	-0.36
55.640	-0.992	0.016	0.500	0.21	0.50	-0.36
55.648	-0.992	0.014	0.500	0.21	0.50	-0.36
55.656	-0.992	0.012	0.500	0.21	0.50	-0.36
55.664	-0.992	0.011	0.500	0.20	0.50	-0.36
55.672	-0.992	0.009	0.500	0.20	0.50	-0.36
55.680	-0.992	0.007	0.500	0.20	0.50	-0.36
55.688	-0.992	0.006	0.500	0.20	0.50	-0.36
55.696	-0.992	0.004	0.500	0.20	0.50	-0.36
55.704	-0.992	0.002	0.500	0.20	0.50	-0.36
55.712	-0.992	0.001	0.500	0.19	0.50	-0.36
55.720	-0.992	-0.001	0.500	0.19	0.50	-0.36
55.728	-0.992	-0.003	0.500	0.19	0.50	-0.36
55.736	-0.992	-0.004	0.500	0.19	0.51	-0.36
55.744	-0.992	-0.006	0.500	0.19	0.51	-0.36
55.752	-0.992	-0.007	0.500	0.18	0.51	-0.36
55.760	-0.992	-0.009	0.500	0.18	0.51	-0.36
55.768	-0.992	-0.011	0.500	0.18	0.51	-0.36
55.776	-0.992	-0.012	0.500	0.18	0.51	-0.36
55.784	-0.992	-0.014	0.500	0.18	0.51	-0.36
55.792	-0.992	-0.016	0.500	0.18	0.51	-0.36
55.800	-0.992	-0.017	0.500	0.17	0.51	-0.36
55.808	-0.992	-0.019	0.500	0.17	0.51	-0.36
55.816	-0.992	-0.021	0.500	0.17	0.51	-0.36
55.824	-0.992	-0.022	0.500	0.17	0.51	-0.36
55.832	-0.992	-0.024	0.500	0.17	0.51	-0.36
55.840	-0.992	-0.026	0.500	0.17	0.51	-0.36
55.848	-0.992	-0.027	0.500	0.16	0.51	-0.36
55.856	-0.992	-0.029	0.500	0.16	0.51	-0.36
55.864	-0.991	-0.030	0.500	0.16	0.51	-0.36
55.872	-0.991	-0.032	0.500	0.16	0.51	-0.36
55.880	-0.991	-0.034	0.500	0.16	0.52	-0.36
55.888	-0.991	-0.035	0.500	0.16	0.52	-0.36
55.896	-0.991	-0.037	0.500	0.15	0.52	-0.36
55.904	-0.991	-0.039	0.500	0.15	0.52	-0.36
55.912	-0.991	-0.040	0.500	0.15	0.52	-0.36
55.920	-0.991	-0.042	0.500	0.15	0.52	-0.36
55.928	-0.990	-0.044	0.500	0.15	0.52	-0.36
55.936	-0.990	-0.045	0.500	0.15	0.52	-0.36
55.944	-0.990	-0.047	0.500	0.14	0.52	-0.36
55.952	-0.990	-0.048	0.500	0.14	0.52	-0.36
55.960	-0.990	-0.050	0.500	0.14	0.52	-0.36
55.968	-0.990	-0.052	0.500	0.14	0.52	-0.36
55.976	-0.989	-0.053	0.500	0.14	0.52	-0.36
55.984	-0.989	-0.055	0.500	0.13	0.52	-0.36
55.992	-0.989	-0.057	0.500	0.13	0.52	-0.36
56.000	-0.989	-0.058	0.500	0.13	0.52	-0.36
56.008	-0.989	-0.060	0.500	0.13	0.52	-0.36
56.016	-0.989	-0.062	0.500	0.13	0.52	-0.36
56.024	-0.988	-0.063	0.500	0.13	0.52	-0.36
56.032	-0.988	-0.065	0.500	0.12	0.52	-0.36
56.040	-0.988	-0.066	0.500	0.12	0.52	-0.36
56.048	-0.988	-0.068	0.500	0.12	0.53	-0.36
56.056	-0.987	-0.070	0.500	0.12	0.53	-0.36
56.064	-0.987	-0.071	0.500	0.12	0.53	-0.36
56.072	-0.987	-0.073	0.500	0.12	0.53	-0.36
56.080	-0.987	-0.075	0.500	0.11	0.53	-0.36
56.088	-0.986	-0.076	0.500	0.11	0.53	-0.36
56.096	-0.986	-0.078	0.500	0.11	0.53	-0.36
56.104	-0.986	-0.079	0.500	0.11	0.53	-0.36
56.112	-0.986	-0.081	0.500	0.11	0.53	-0.36
56.120	-0.985	-0.083	0.500	0.11	0.53	-0.36
56.128	-0.985	-0.084	0.500	0.10	0.53	-0.36
56.136	-0.985	-0.086	0.500	0.10	0.53	-0.36
56.144	-0.985	-0.088	0.500	0.10	0.53	-0.36
56.152	-0.984	-0.089	0.500	0.10	0.53	-0.36
56.160	-0.984	-0.091	0.500	0.10	0.53	-0.36
56.168	-0.984	-0.092	0.500	0.09	0.53	-0.36
56.176	-0.983	-0.094	0.500	0.09	0.53	-0.36
56.184	-0.983	-0.096	0.500	0.09	0.53	-0.36
56.192	-0.983	-0.097	0.500	0.09	0.53	-0.36
56.200	-0.982	-0.099	0.500	0.09	0.53	-0.36
56.208	-0.982	-0.100	0.500	0.09	0.53	-0.36
56.216	-0.982	-0.102	0.500	0.08	0.53	-0.36
56.224	-0.981	-0.104	0.500	0.08	0.53	-0.36
56.232	-0.981	-0.105	0.500	0.08	0.53	-0.36
56.240	-0.981	-0.107	0.500	0.08	0.53	-0.36
56.248	-0.980	-0.108	0.500	0.08	0.53	-0.36
56.256	-0.980	-0.110	0.500	0.07	0.53	-0.36
56.264	-0.980	-0.112	0.500	0.07	0.53	-0.36
56.272	-0.979	-0.113	0.500	0.07	0.53	-0.36
56.280	-0.979	-0.115	0.500	0.07	0.53	-0.36
56.288	-0.978	-0.116	0.500	0.07	0.53	-0.36
56.296	-0.978	-0.118	0.500	0.07	0.53	-0.36
56.304	-0.978	-0.120	0.500	0.06	0.54	-0.36
56.312	-0.977	-0.121	0.500	0.06	0.54	-0.36
56.320	-0.977	-0.123	0.500	0.06	0.54	-0.36
56.328	-0.976	-0.124	0.500	0.06	0.54	-0.36
56.336	-0.976	-0.126	0.500	0.06	0.54	-0.36
56.344	-0.976	-0.128	0.500	0.06	0.54	-0.36
56.352	-0.975	-0.129	0.500	0.05	0.54	-0.36
56.360	-0.975	-0.131	0.500	0.05	0.54	-0.36
56.368	-0.974	-0.132	0.500	0.05	0.54	-0.36
56.376	-0.974	-0.134	0.500	0.05	0.54	-0.36
56.384	-0.973	-0.136	0.500	0.05	0.54	-0.36
56.392	-0.973	-0.137	0.500	0.04	0.54	-0.36
56.400	-0.972	-0.139	0.500	0.04	0.54	-0.36
56.408	-0.972	-0.140	0.500	0.04	0.54	-0.36
56.416	-0.972	-0.142	0.500	0.04	0.54	-0.36
56.424	-0.971	-0.143	0.500	0.04	0.54	-0.36
56.432	-0.971	-0.145	0.500	0.04	0.54	-0.36
56.440	-0.970	-0.147	0.500	0.03	0.54	-0.36
56.448	-0.970	-0.148	0.500	0.03	0.54	-0.36
56.456	-0.969	-0.150	0.500	0.03	0.54	-0.36
56.464	-0.969	-0.151	0.500	0.03	0.54	-0.36
56.472	-0.968	-0.153	0.500	0.03	0.54	-0.36
56.480	-0.968	-0.154	0.500	0.02	0.54	-0.36
56.488	-0.967	-0.156	0.500	0.02	0.54	-0.36
56.496	-0.967	-0.157	0.500	0.02	0.54	-0.36
56.504	-0.966	-0.159	0.500	0.02	0.54	-0.36
56.512	-0.965	-0.161	0.500	0.02	0.54	-0.36
56.520	-0.965	-0.162	0.500	0.02	0.54	-0.36
56.528	-0.964	-0.164	0.500	0.01	0.54	-0.36
56.536	-0.964	-0.165	0.500	0.01	0.54	-0.36
56.544	-0.963	-0.167	0.500	0.01	0.54	-0.36
56.552	-0.963	-0.168	0.500	0.01	0.54	-0.36
56.560	-0.962	-0.170	0.500	0.01	0.54	-0.36
56.568	-0.962	-0.171	0.500	0.00	0.54	-0.36
56.576	-0.961	-0.173	0.500	0.00	0.54	-0.36
56.584	-0.960	-0.175	0.500	0.00	0.54	-0.36
56.592	-0.960	-0.176	0.500	-0.00	0.54	-0.36
56.600	-0.959	-0.178	0.500	-0.00	0.54	-0.36
56.608	-0.959	-0.179	0.500	-0.00	0.54	-0.36
56.616	-0.958	-0.181	0.500	-0.01	0.54	-0.36
56.624	-0.957	-0.182	0.500	-0.01	0.54	-0.36
56.632	-0.957	-0.184	0.500	-0.01	0.54	-0.36
56.640	-0.956	-0.185	0.500	-0.01	0.54	-0.36
56.648	-0.956	-0.187	0.500	-0.01	0.54	-0.36
56.656	-0.955	-0.188	0.500	-0.02	0.54	-0.36
56.664	-0.954	-0.190	0.500	-0.02	0.54	-0.36
56.672	-0.954	-0.191	0.500	-0.02	0.54	-0.36
56.680	-0.953	-0.193	0.500	-0.02	0.54	-0.36
56.688	-0.952	-0.194	0.500	-0.02	0.54	-0.36
56.696	-0.952	-0.196	0.500	-0.02	0.54	-0.36
56.704	-0.951	-0.197	0.500	-0.03	0.54	-0.36
56.712	-0.950	-0.199	0.500	-0.03	0.54	-0.36
56.720	-0.950	-0.200	0.500	-0.03	0.54	-0.36
56.728	-0.949	-0.202	0.500	-0.03	0.54	-0.36
56.736	-0.948	-0.203	0.500	-0.03	0.54	-0.36
56.744	-0.948	-0.205	0.500	-0.04	0.54	-0.36
56.752	-0.947	-0.206	0.500	-0.04	0.54	-0.36
56.760	-0.946	-0.208	0.500	-0.04	0.54	-0.36
56.768	-0.946	-0.209	0.500	-0.04	0.54	-0.36
56.776	-0.945	-0.211	0.500	-0.04	0.54	-0.36
56.784	-0.944	-0.212	0.500	-0.04	0.54	-0.36
56.792	-0.943	-0.214	0.500	-0.05	0.54	-0.36
56.800	-0.943	-0.215	0.500	-0.05	0.54	-0.36
56.808	-0.942	-0.217	0.500	-0.05	0.54	-0.36
56.816	-0.941	-0.218	0.500	-0.05	0.54	-0.36
56.824	-0.941	-0.220	0.500	-0.05	0.54	-0.36
56.832	-0.940	-0.221	0.500	-0.05	0.54	-0.36
56.840	-0.939	-0.223	0.500	-0.06	0.54	-0.36
56.848	-0.938	-0.224	0.500	-0.06	0.54	-0.36
56.856	-0.938	-0.226	0.500	-0.06	0.54	-0.36
56.864	-0.937	-0.227	0.500	-0.06	0.54	-0.36
56.872	-0.936	-0.228	0.500	-0.06	0.54	-0.36
56.880	-0.935	-0.230	0.500	-0.07	0.53	-0.36
56.888	-0.935	-0.231	0.500	-0.07	0.53	-0.36
56.896	-0.934	-0.233	0.500	-0.07	0.53	-0.36
56.904	-0.933	-0.234	0.500	-0.07	0.53	-0.36
56.912	-0.932	-0.236	0.500	-0.07	0.53	-0.36
56.920	-0.931	-0.237	0.500	-0.07	0.53	-0.36
56.928	-0.931	-0.239	0.500	-0.08	0.53	-0.36
56.936	-0.930	-0.240	0.500	-0.08	0.53	-0.36
56.944	-0.929	-0.241	0.500	-0.08	0.53	-0.36
56.952	-0.928	-0.243	0.500	-0.08	0.53	-0.36
56.960	-0.927	-0.244	0.500	-0.08	0.53	-0.36
56.968	-0.927	-0.246	0.500	-0.09	0.53	-0.36
56.976	-0.926	-0.247	0.500	-0.09	0.53	-0.36
56.984	-0.925	-0.249	0.500	-0.09	0.53	-0.36
56.992	-0.924	-0.250	0.500	-0.09	0.53	-0.36
57.000	-0.923	-0.251	0.500	-0.09	0.53	-0.36
57.008	-0.922	-0.253	0.500	-0.09	0.53	-0.36
57.016	-0.922	-0.254	0.500	-0.10	0.53	-0.36
57.024	-0.921	-0.256	0.500	-0.10	0.53	-0.36
57.032	-0.920	-0.257	0.500	-0.10	0.53	-0.36
57.040	-0.919	-0.258	0.500	-0.10	0.53	-0.36
57.048	-0.918	-0.260	0.500	-0.10	0.53	-0.36
57.056	-0.917	-0.261	0.500	-0.10	0.53	-0.36
57.064	-0.916	-0.263	0.500	-0.11	0.53	-0.36
57.072	-0.915	-0.264	0.500	-0.11	0.53	-0.36
57.080	-0.915	-0.265	0.500	-0.11	0.53	-0.36
57.088	-0.914	-0.267	0.500	-0.11	0.53	-0.36
57.096	-0.913	-0.268	0.500	-0.11	0.53	-0.36
57.104	-0.912	-0.270	0.500	-0.12	0.53	-0.36
57.112	-0.911	-0.271	0.500	-0.12	0.53	-0.36
57.120	-0.910	-0.272	0.500	-0.12	0.53	-0.36
57.128	-0.909	-0.274	0.500	-0.12	0.53	-0.36
57.136	-0.908	-0.275	0.500	-0.12	0.52	-0.36
57.144	-0.907	-0.276	0.500	-0.12	0.52	-0.36
57.152	-0.906	-0.278	0.500	-0.13	0.52	-0.36
57.160	-0.905	-0.279	0.500	-0.13	0.52	-0.36
57.168	-0.905	-0.280	0.500	-0.13	0.52	-0.36
57.176	-0.904	-0.282	0.500	-0.13	0.52	-0.36
57.184	-0.903	-0.283	0.500	-0.13	0.52	-0.36
57.192	-0.902	-0.284	0.500	-0.13	0.52	-0.36
57.200	-0.901	-0.286	0.500	-0.14	0.52	-0.36
57.208	-0.900	-0.287	0.500	-0.14	0.52	-0.36
57.216	-0.899	-0.288	0.500	-0.14	0.52	-0.36
57.224	-0.898	-0.290	0.500	-0.14	0.52	-0.36
57.232	-0.897	-0.291	0.500	-0.14	0.52	-0.36
57.240	-0.896	-0.292	0.500	-0.15	0.52	-0.36
57.248	-0.895	-0.294	0.500	-0.15	0.52	-0.36
57.256	-0.894	-0.295	0.500	-0.15	0.52	-0.36
57.264	-0.893	-0.296	0.500	-0.15	0.52	-0.36
57.272	-0.892	-0.298	0.500	-0.15	0.52	-0.36
57.280	-0.891	-0.299	0.500	-0.15	0.52	-0.36
57.288	-0.890	-0.300	0.500	-0.16	0.52	-0.36
57.296	-0.889	-0.302	0.500	-0.16	0.52	-0.36
57.304	-0.888	-0.303	0.500	-0.16	0.51	-0.36
57.312	-0.887	-0.304	0.500	-0.16	0.51	-0.36
57.320	-0.886	-0.305	0.500	-0.16	0.51	-0.36
57.328	-0.885	-0.307	0.500	-0.16	0.51	-0.36
57.336	-0.884	-0.308	0.500	-0.17	0.51	-0.36
57.344	-0.883	-0.309	0.500	-0.17	0.51	-0.36
57.352	-0.882	-0.311	0.500	-0.17	0.51	-0.36
57.360	-0.881	-0.312	0.500	-0.17	0.51	-0.36
57.368	-0.880	-0.313	0.500	-0.17	0.51	-0.36
57.376	-0.879	-0.314	0.500	-0.17	0.51	-0.36
57.384	-0.878	-0.316	0.500	-0.18	0.51	-0.36
57.392	-0.877	-0.317	0.500	-0.18	0.51	-0.36
57.400	-0.875	-0.318	0.500	-0.18	0.51	-0.36
57.408	-0.874	-0.319	0.500	-0.18	0.51	-0.36
57.416	-0.873	-0.321	0.500	-0.18	0.51	-0.36
57.424	-0.872	-0.322	0.500	-0.18	0.51	-0.36
57.432	-0.871	-0.323	0.500	-0.19	0.51	-0.36
57.440	-0.870	-0.324	0.500	-0.19	0.51	-0.36
57.448	-0.869	-0.326	0.500	-0.19	0.50	-0.36
57.456	-0.868	-0.327	0.500	-0.19	0.50	-0.36
57.464	-0.867	-0.328	0.500	-0.19	0.50	-0.36
57.472	-0.866	-0.329	0.500	-0.20	0.50	-0.36
57.480	-0.865	-0.331	0.500	-0.20	0.50	-0.36
57.488	-0.863	-0.332	0.500	-0.20	0.50	-0.36
57.496	-0.862	-0.333	0.500	-0.20	0.50	-0.36
57.504	-0.861	-0.334	0.500	-0.20	0.50	-0.36
57.512	-0.860	-0.335	0.500	-0.20	0.50	-0.36
57.520	-0.859	-0.337	0.500	-0.21	0.50	-0.36
57.528	-0.858	-0.338	0.500	-0.21	0.50	-0.36
57.536	-0.857	-0.339	0.500	-0.21	0.50	-0.36
57.544	-0.856	-0.340	0.500	-0.21	0.50	-0.36
57.552	-0.854	-0.341	0.500	-0.21	0.50	-0.36
57.560	-0.853	-0.343	0.500	-0.21	0.49	-0.36
57.568	-0.852	-0.344	0.500	-0.22	0.49	-0.36
57.576	-0.851	-0.345	0.500	-0.22	0.49	-0.36
57.584	-0.850	-0.346	0.500	-0.22	0.49	-0.36
57.592	-0.849	-0.347	0.500	-0.22	0.49	-0.36
57.600	-0.848	-0.348	0.500	-0.22	0.49	-0.36
57.608	-0.846	-0.350	0.500	-0.22	0.49	-0.36
57.616	-0.845	-0.351	0.500	-0.22	0.49	-0.36
57.624	-0.844	-0.352	0.500	-0.23	0.49	-0.36
57.632	-0.843	-0.353	0.500	-0.23	0.49	-0.36
57.640	-0.842	-0.354	0.500	-0.23	0.49	-0.36
57.648	-0.840	-0.355	0.500	-0.23	0.49	-0.36
57.656	-0.839	-0.356	0.500	-0.23	0.49	-0.36
57.664	-0.838	-0.358	0.500	-0.23	0.49	-0.36
57.672	-0.837	-0.359	0.500	-0.24	0.48	-0.36
57.680	-0.836	-0.360	0.500	-0.24	0.48	-0.36
57.688	-0.834	-0.361	0.500	-0.24	0.48	-0.36
57.696	-0.833	-0.362	0.500	-0.24	0.48	-0.36
57.704	-0.832	-0.363	0.500	-0.24	0.48	-0.36
57.712	-0.831	-0.364	0.500	-0.24	0.48	-0.36
57.720	-0.830	-0.365	0.500	-0.25	0.48	-0.36
57.728	-0.828	-0.366	0.500	-0.25	0.48	-0.36
57.736	-0.827	-0.367	0.500	-0.25	0.48	-0.36
57.744	-0.826	-0.369	0.500	-0.25	0.48	-0.36
57.752	-0.825	-0.370	0.500	-0.25	0.48	-0.36
57.760	-0.823	-0.371	0.500	-0.25	0.48	-0.36
57.768	-0.822	-0.372	0.500	-0.26	0.47	-0.36
57.776	-0.821	-0.373	0.500	-0.26	0.47	-0.36
57.784	-0.820	-0.374	0.500	-0.26	0.47	-0.36
57.792	-0.818	-0.375	0.500	-0.26	0.47	-0.36
57.800	-0.817	-0.376	0.500	-0.26	0.47	-0.36
57.808	-0.816	-0.377	0.500	-0.26	0.47	-0.36
57.816	-0.815	-0.378	0.500	-0.27	0.47	-0.36
57.824	-0.813	-0.379	0.500	-0.27	0.47	-0.36
57.832	-0.812	-0.380	0.500	-0.27	0.47	-0.36
57.840	-0.811	-0.381	0.500	-0.27	0.47	-0.36
57.848	-0.810	-0.382	0.500	-0.27	0.47	-0.36
57.856	-0.808	-0.383	0.500	-0.27	0.46	-0.36
57.864	-0.807	-0.384	0.500	-0.27	0.46	-0.36
57.872	-0.806	-0.385	0.500	-0.28	0.46	-0.36
57.880	-0.804	-0.386	0.500	-0.28	0.46	-0.36
57.888	-0.803	-0.387	0.500	-0.28	0.46	-0.36
57.896	-0.802	-0.388	0.500	-0.28	0.46	-0.36
57.904	-0.801	-0.389	0.500	-0.28	0.46	-0.36
57.912	-0.799	-0.390	0.500	-0.28	0.46	-0.36
57.920	-0.798	-0.391	0.500	-0.29	0.46	-0.36
57.928	-0.797	-0.392	0.500	-0.29	0.46	-0.36
57.936	-0.795	-0.393	0.500	-0.29	0.46	-0.36
57.944	-0.794	-0.394	0.500	-0.29	0.45	-0.36
57.952	-0.793	-0.395	0.500	-0.29	0.45	-0.36
57.960	-0.791	-0.396	0.500	-0.29	0.45	-0.36
57.968	-0.790	-0.397	0.500	-0.29	0.45	-0.36
57.976	-0.789	-0.398	0.500	-0.30	0.45	-0.36
57.984	-0.787	-0.399	0.500	-0.30	0.45	-0.36
57.992	-0.786	-0.400	0.500	-0.30	0.45	-0.36
58.000	-0.785	-0.401	0.500	-0.30	0.45	-0.36
58.008	-0.783	-0.402	0.500	-0.30	0.45	-0.36
58.016	-0.782	-0.403	0.500	-0.30	0.45	-0.36
58.024	-0.781	-0.404	0.500	-0.30	0.44	-0.36
58.032	-0.779	-0.405	0.500	-0.31	0.44	-0.36
58.040	-0.778	-0.406	0.500	-0.31	0.44	-0.36
58.048	-0.777	-0.407	0.500	-0.31	0.44	-0.36
58.056	-0.775	-0.408	0.500	-0.31	0.44	-0.36
58.064	-0.774	-0.409	0.500	-0.31	0.44	-0.36
58.072	-0.772	-0.410	0.500	-0.31	0.44	-0.36
58.080	-0.771	-0.410	0.500	-0.32	0.44	-0.36
58.088	-0.770	-0.411	0.500	-0.32	0.44	-0.36
58.096	-0.768	-0.412	0.500	-0.32	0.44	-0.36
58.104	-0.767	-0.413	0.500	-0.32	0.43	-0.36
58.112	-0.766	-0.414	0.500	-0.32	0.43	-0.36
58.120	-0.764	-0.415	0.500	-0.32	0.43	-0.36
58.128	-0.763	-0.416	0.500	-0.32	0.43	-0.36
58.136	-0.761	-0.417	0.500	-0.33	0.43	-0.36
58.144	-0.760	-0.418	0.500	-0.33	0.43	-0.36
58.152	-0.759	-0.418	0.500	-0.33	0.43	-0.36
58.160	-0.757	-0.419	0.500	-0.33	0.43	-0.36
58.168	-0.756	-0.420	0.500	-0.33	0.43	-0.36
58.176	-0.754	-0.421	0.500	-0.33	0.42	-0.36
58.184	-0.753	-0.422	0.500	-0.33	0.42	-0.36
58.192	-0.752	-0.423	0.500	-0.34	0.42	-0.36
58.200	-0.750	-0.423	0.500	-0.34	0.42	-0.36
58.208	-0.749	-0.424	0.500	-0.34	0.42	-0.36
58.216	-0.747	-0.425	0.500	-0.34	0.42	-0.36
58.224	-0.746	-0.426	0.500	-0.34	0.42	-0.36
58.232	-0.744	-0.427	0.500	-0.34	0.42	-0.36
58.240	-0.743	-0.428	0.500	-0.34	0.42	-0.36
58.248	-0.742	-0.428	0.500	-0.35	0.41	-0.36
58.256	-0.740	-0.429	0.500	-0.35	0.41	-0.36
58.264	-0.739	-0.430	0.500	-0.35	0.41	-0.36
58.272	-0.737	-0.431	0.500	-0.35	0.41	-0.36
58.280	-0.736	-0.432	0.500	-0.35	0.41	-0.36
58.288	-0.734	-0.432	0.500	-0.35	0.41	-0.36
58.296	-0.733	-0.433	0.500	-0.35	0.41	-0.36
58.304	-0.731	-0.434	0.500	-0.35	0.41	-0.36
58.312	-0.730	-0.435	0.500	-0.36	0.40	-0.36
58.320	-0.729	-0.435	0.500	-0.36	0.40	-0.36
58.328	-0.727	-0.436	0.500	-0.36	0.40	-0.36
58.336	-0.726	-0.437	0.500	-0.36	0.40	-0.36
58.344	-0.724	-0.438	0.500	-0.36	0.40	-0.36
58.352	-0.723	-0.438	0.500	-0.36	0.40	-0.36
58.360	-0.721	-0.439	0.500	-0.36	0.40	-0.36
58.368	-0.720	-0.440	0.500	-0.37	0.40	-0.36
58.376	-0.718	-0.441	0.500	-0.37	0.39	-0.36
58.384	-0.717	-0.441	0.500	-0.37	0.39	-0.36
58.392	-0.715	-0.442	0.500	-0.37	0.39	-0.36
58.400	-0.714	-0.443	0.500	-0.37	0.39	-0.36
58.408	-0.712	-0.444	0.500	-0.37	0.39	-0.36
58.416	-0.711	-0.444	0.500	-0.37	0.39	-0.36
58.424	-0.709	-0.445	0.500	-0.37	0.39	-0.36
58.432	-0.708	-0.446	0.500	-0.38	0.39	-0.36
58.440	-0.706	-0.446	0.500	-0.38	0.38	-0.36
58.448	-0.705	-0.447	0.500	-0.38	0.38	-0.36
58.456	-0.703	-0.448	0.500	-0.38	0.38	-0.36
58.464	-0.702	-0.448	0.500	-0.38	0.38	-0.36
58.472	-0.700	-0.449	0.500	-0.38	0.38	-0.36
58.480	-0.699	-0.450	0.500	-0.38	0.38	-0.36
58.488	-0.697	-0.450	0.500	-0.39	0.38	-0.36
58.496	-0.696	-0.451	0.500	-0.39	0.38	-0.36
58.504	-0.694	-0.452	0.500	-0.39	0.37	-0.36
58.512	-0.693	-0.452	0.500	-0.39	0.37	-0.36
58.520	-0.691	-0.453	0.500	-0.39	0.37	-0.36
58.528	-0.690	-0.454	0.500	-0.39	0.37	-0.36
58.536	-0.688	-0.454	0.500	-0.39	0.37	-0.36
58.544	-0.687	-0.455	0.500	-0.39	0.37	-0.36
58.552	-0.685	-0.455	0.500	-0.40	0.37	-0.36
58.560	-0.684	-0.456	0.500	-0.40	0.37	-0.36
58.568	-0.682	-0.457	0.500	-0.40	0.36	-0.36
58.576	-0.681	-0.457	0.500	-0.40	0.36	-0.36
58.584	-0.679	-0.458	0.500	-0.40	0.36	-0.36
58.592	-0.678	-0.458	0.500	-0.40	0.36	-0.36
58.600	-0.676	-0.459	0.500	-0.40	0.36	-0.36
58.608	-0.675	-0.460	0.500	-0.40	0.36	-0.36
58.616	-0.673	-0.460	0.500	-0.40	0.36	-0.36
58.624	-0.671	-0.461	0.500	-0.41	0.35	-0.36
58.632	-0.670	-0.461	0.500	-0.41	0.35	-0.36
58.640	-0.668	-0.462	0.500	-0.41	0.35	-0.36
58.648	-0.667	-0.462	0.500	-0.41	0.35	-0.36
58.656	-0.665	-0.463	0.500	-0.41	0.35	-0.36
58.664	-0.664	-0.464	0.500	-0.41	0.35	-0.36
58.672	-0.662	-0.464	0.500	-0.41	0.35	-0.36
58.680	-0.661	-0.465	0.500	-0.41	0.35	-0.36
58.688	-0.659	-0.465	0.500	-0.42	0.34	-0.36
58.696	-0.657	-0.466	0.500	-0.42	0.34	-0.36
58.704	-0.656	-0.466	0.500	-0.42	0.34	-0.36
58.712	-0.654	-0.467	0.500	-0.42	0.34	-0.36
58.720	-0.653	-0.467	0.500	-0.42	0.34	-0.36
58.728	-0.651	-0.468	0.500	-0.42	0.34	-0.36
58.736	-0.650	-0.468	0.500	-0.42	0.34	-0.36
58.744	-0.648	-0.469	0.500	-0.42	0.33	-0.36
58.752	-0.647	-0.469	0.500	-0.42	0.33	-0.36
58.760	-0.645	-0.470	0.500	-0.43	0.33	-0.36
58.768	-0.643	-0.470	0.500	-0.43	0.33	-0.36
58.776	-0.642	-0.471	0.500	-0.43	0.33	-0.36
58.784	-0.640	-0.471	0.500	-0.43	0.33	-0.36
58.792	-0.639	-0.472	0.500	-0.43	0.33	-0.36
58.800	-0.637	-0.472	0.500	-0.43	0.32	-0.36
58.808	-0.635	-0.472	0.500	-0.43	0.32	-0.36
58.816	-0.634	-0.473	0.500	-0.43	0.32	-0.36
58.824	-0.632	-0.473	0.500	-0.43	0.32	-0.36
58.832	-0.631	-0.474	0.500	-0.44	0.32	-0.36
58.840	-0.629	-0.474	0.500	-0.44	0.32	-0.36
58.848	-0.628	-0.475	0.500	-0.44	0.32	-0.36
58.856	-0.626	-0.475	0.500	-0.44	0.31	-0.36
58.864	-0.624	-0.475	0.500	-0.44	0.31	-0.36
58.872	-0.623	-0.476	0.500	-0.44	0.31	-0.36
58.880	-0.621	-0.476	0.500	-0.44	0.31	-0.36
58.888	-0.620	-0.477	0.500	-0.44	0.31	-0.36
58.896	-0.618	-0.477	0.500	-0.44	0.31	-0.36
58.904	-0.616	-0.477	0.500	-0.44	0.30	-0.36
58.912	-0.615	-0.478	0.500	-0.45	0.30	-0.36
58.920	-0.613	-0.478	0.500	-0.45	0.30	-0.36
58.928	-0.612	-0.479	0.500	-0.45	0.30	-0.36
58.936	-0.610	-0.479	0.500	-0.45	0.30	-0.36
58.944	-0.608	-0.479	0.500	-0.45	0.30	-0.36
58.952	-0.607	-0.480	0.500	-0.45	0.30	-0.36
58.960	-0.605	-0.480	0.500	-0.45	0.29	-0.36
58.968	-0.604	-0.480	0.500	-0.45	0.29	-0.36
58.976	-0.602	-0.481	0.500	-0.45	0.29	-0.36
58.984	-0.600	-0.481	0.500	-0.45	0.29	-0.36
58.992	-0.599	-0.481	0.500	-0.46	0.29	-0.36
59.000	-0.597	-0.482	0.500	-0.46	0.29	-0.36
59.008	-0.596	-0.482	0.500	-0.46	0.37	-0.36
59.016	-0.595	-0.482	0.500	-0.46	0.61	-0.36
59.024	-0.594	-0.483	0.500	-0.46	1.10	-0.36
59.032	-0.593	-0.483	0.500	-0.46	1.92	-0.37
59.040	-0.592	-0.483	0.500	-0.46	2.99	-0.38
59.048	-0.592	-0.484	0.500	-0.46	4.22	-0.39
59.056	-0.591	-0.484	0.500	-0.47	5.53	-0.40
59.064	-0.591	-0.484	0.500	-0.47	6.83	-0.41
59.072	-0.591	-0.484	0.500	-0.47	8.06	-0.42
59.080	-0.591	-0.485	0.500	-0.47	9.11	-0.43
59.088	-0.591	-0.485	0.500	-0.48	9.94	-0.44
59.096	-0.591	-0.485	0.500	-0.49	10.59	-0.44
59.104	-0.591	-0.485	0.500	-0.50	11.14	-0.45
59.112	-0.591	-0.486	0.500	-0.51	11.64	-0.45
59.120	-0.591	-0.486	0.500	-0.52	12.11	-0.45
59.128	-0.591	-0.486	0.500	-0.53	12.55	-0.46
59.136	-0.591	-0.486	0.500	-0.54	12.97	-0.46
59.144	-0.591	-0.487	0.499	-0.55	13.35	-0.47
59.152	-0.591	-0.487	0.499	-0.56	13.71	-0.47
59.160	-0.592	-0.487	0.499	-0.57	14.03	-0.47
59.168	-0.592	-0.487	0.499	-0.58	14.32	-0.48
59.176	-0.592	-0.488	0.499	-0.58	14.58	-0.48
59.184	-0.592	-0.488	0.499	-0.59	14.82	-0.48
59.192	-0.593	-0.488	0.499	-0.59	15.04	-0.48
59.200	-0.593	-0.488	0.498	-0.60	15.23	-0.49
59.208	-0.593	-0.488	0.498	-0.60	15.41	-0.49
59.216	-0.593	-0.489	0.498	-0.60	15.58	-0.49
59.224	-0.593	-0.489	0.498	-0.61	15.72	-0.49
59.232	-0.594	-0.489	0.497	-0.61	15.86	-0.49
59.240	-0.594	-0.489	0.497	-0.61	15.97	-0.49
59.248	-0.594	-0.489	0.497	-0.62	16.08	-0.50
59.256	-0.594	-0.489	0.496	-0.62	16.18	-0.50
59.264	-0.594	-0.490	0.496	-0.62	16.26	-0.50
59.272	-0.594	-0.490	0.496	-0.62	16.34	-0.50
59.280	-0.595	-0.490	0.495	-0.62	16.32	-0.50
59.288	-0.595	-0.490	0.495	-0.63	16.13	-0.50
59.296	-0.595	-0.490	0.494	-0.63	15.84	-0.49
59.304	-0.595	-0.490	0.494	-0.63	15.55	-0.49
59.312	-0.595	-0.490	0.493	-0.63	15.33	-0.49
59.320	-0.595	-0.490	0.493	-0.63	15.26	-0.48
59.328	-0.595	-0.491	0.493	-0.63	15.31	-0.49
59.336	-0.595	-0.491	0.492	-0.64	15.41	-0.49
59.344	-0.595	-0.491	0.492	-0.64	15.54	-0.49
59.352	-0.595	-0.491	0.491	-0.64	15.65	-0.49
59.360	-0.595	-0.491	0.491	-0.65	15.75	-0.49
59.368	-0.595	-0.491	0.490	-0.65	15.83	-0.49
59.376	-0.595	-0.491	0.489	-0.64	15.90	-0.49
59.384	-0.595	-0.491	0.489	-0.64	15.96	-0.49
59.392	-0.595	-0.491	0.488	-0.64	16.01	-0.49
59.400	-0.595	-0.491	0.488	-0.64	16.06	-0.49
59.408	-0.595	-0.491	0.487	-0.64	16.11	-0.50
59.416	-0.595	-0.491	0.487	-0.64	16.15	-0.50
59.424	-0.595	-0.491	0.486	-0.64	16.18	-0.50
59.432	-0.595	-0.491	0.485	-0.64	16.21	-0.50
59.440	-0.595	-0.491	0.485	-0.64	16.24	-0.50
59.448	-0.595	-0.491	0.484	-0.64	16.26	-0.50
59.456	-0.595	-0.491	0.484	-0.64	16.27	-0.50
59.464	-0.595	-0.491	0.483	-0.64	16.29	-0.50
59.472	-0.595	-0.491	0.482	-0.64	16.30	-0.50
59.480	-0.594	-0.491	0.482	-0.64	16.31	-0.50
59.488	-0.594	-0.491	0.481	-0.64	16.31	-0.50
59.496	-0.594	-0.491	0.480	-0.64	16.31	-0.50
59.504	-0.594	-0.491	0.480	-0.64	16.31	-0.50
59.512	-0.594	-0.491	0.479	-0.64	16.31	-0.50
59.520	-0.593	-0.491	0.478	-0.64	16.30	-0.50
59.528	-0.593	-0.491	0.478	-0.64	16.30	-0.50
59.536	-0.593	-0.491	0.477	-0.64	16.29	-0.50
59.544	-0.592	-0.491	0.476	-0.64	16.28	-0.50
59.552	-0.592	-0.491	0.476	-0.64	16.27	-0.50
59.560	-0.592	-0.491	0.475	-0.64	16.25	-0.50
59.568	-0.591	-0.491	0.474	-0.64	16.24	-0.50
59.576	-0.591	-0.491	0.473	-0.64	16.23	-0.50
59.584	-0.590	-0.491	0.473	-0.64	16.21	-0.50
59.592	-0.590	-0.491	0.472	-0.64	16.19	-0.50
59.600	-0.590	-0.491	0.471	-0.64	16.17	-0.50
59.608	-0.589	-0.491	0.471	-0.64	16.15	-0.50
59.616	-0.589	-0.491	0.470	-0.64	16.13	-0.50
59.624	-0.588	-0.490	0.469	-0.64	16.11	-0.50
59.632	-0.588	-0.490	0.468	-0.64	16.09	-0.50
59.640	-0.587	-0.490	0.468	-0.64	16.07	-0.49
59.648	-0.587	-0.490	0.467	-0.64	16.05	-0.49
59.656	-0.586	-0.490	0.466	-0.64	16.03	-0.49
59.664	-0.585	-0.490	0.466	-0.64	16.01	-0.49
59.672	-0.585	-0.490	0.465	-0.64	15.98	-0.49
59.680	-0.584	-0.490	0.464	-0.64	15.96	-0.49
59.688	-0.584	-0.489	0.464	-0.64	15.94	-0.49
59.696	-0.583	-0.489	0.463	-0.64	15.91	-0.49
59.704	-0.582	-0.489	0.462	-0.64	15.89	-0.49
59.712	-0.582	-0.489	0.461	-0.64	15.87	-0.49
59.720	-0.581	-0.489	0.461	-0.64	15.84	-0.49
59.728	-0.580	-0.489	0.460	-0.64	15.82	-0.49
59.736	-0.579	-0.488	0.459	-0.64	15.80	-0.49
59.744	-0.579	-0.488	0.459	-0.64	15.77	-0.49
59.752	-0.578	-0.488	0.458	-0.64	15.75	-0.49
59.760	-0.577	-0.488	0.457	-0.64	15.73	-0.49
59.768	-0.577	-0.488	0.457	-0.64	15.71	-0.49
59.776	-0.576	-0.487	0.456	-0.64	15.68	-0.49
59.784	-0.575	-0.487	0.455	-0.64	15.66	-0.49
59.792	-0.574	-0.487	0.455	-0.64	15.64	-0.49
59.800	-0.573	-0.487	0.454	-0.64	15.62	-0.49
59.808	-0.572	-0.486	0.453	-0.64	15.60	-0.49
59.816	-0.572	-0.486	0.453	-0.64	15.57	-0.49
59.824	-0.571	-0.486	0.452	-0.64	15.55	-0.49
59.832	-0.570	-0.486	0.451	-0.64	15.53	-0.49
59.840	-0.569	-0.486	0.451	-0.64	15.51	-0.49
59.848	-0.568	-0.485	0.450	-0.64	15.49	-0.49
59.856	-0.567	-0.485	0.450	-0.64	15.47	-0.49
59.864	-0.566	-0.485	0.449	-0.64	15.45	-0.49
59.872	-0.565	-0.484	0.448	-0.64	15.43	-0.49
59.880	-0.564	-0.484	0.448	-0.64	15.41	-0.49
59.888	-0.564	-0.484	0.447	-0.64	15.39	-0.49
59.896	-0.563	-0.484	0.447	-0.64	15.37	-0.49
59.904	-0.562	-0.483	0.446	-0.64	15.36	-0.49
59.912	-0.561	-0.483	0.446	-0.64	15.34	-0.49
59.920	-0.560	-0.483	0.445	-0.64	15.32	-0.49
59.928	-0.559	-0.482	0.444	-0.64	15.30	-0.49
59.936	-0.558	-0.482	0.444	-0.64	15.29	-0.49
59.944	-0.557	-0.482	0.443	-0.64	15.27	-0.49
59.952	-0.556	-0.481	0.443	-0.64	15.25	-0.49
59.960	-0.555	-0.481	0.442	-0.64	15.24	-0.49
59.968	-0.554	-0.481	0.442	-0.64	15.22	-0.48
59.976	-0.553	-0.480	0.441	-0.64	15.20	-0.48
59.984	-0.551	-0.480	0.441	-0.64	15.19	-0.48
59.992	-0.550	-0.480	0.440	-0.64	15.17	-0.48
60.000	-0.549	-0.479	0.440	-0.64	15.16	-0.48
60.008	-0.548	-0.479	0.440	-0.64	15.15	-0.48
60.016	-0.547	-0.479	0.439	-0.64	15.13	-0.48
60.024	-0.546	-0.478	0.439	-0.64	15.12	-0.48
60.032	-0.545	-0.478	0.438	-0.64	15.11	-0.48
60.040	-0.544	-0.477	0.438	-0.64	15.09	-0.48
60.048	-0.543	-0.477	0.437	-0.64	15.08	-0.48
60.056	-0.542	-0.477	0.437	-0.64	15.07	-0.48
60.064	-0.541	-0.476	0.437	-0.64	15.06	-0.48
60.072	-0.539	-0.476	0.436	-0.64	15.04	-0.48
60.080	-0.538	-0.475	0.436	-0.64	15.03	-0.48
60.088	-0.537	-0.475	0.436	-0.64	15.02	-0.48
60.096	-0.536	-0.475	0.435	-0.64	15.01	-0.48
60.104	-0.535	-0.474	0.435	-0.64	15.00	-0.48
60.112	-0.534	-0.474	0.435	-0.64	14.92	-0.48
60.120	-0.533	-0.473	0.434	-0.63	14.85	-0.48
60.128	-0.531	-0.473	0.434	-0.63	14.81	-0.48
60.136	-0.530	-0.472	0.434	-0.63	14.80	-0.48
60.144	-0.529	-0.472	0.433	-0.64	14.80	-0.48
60.152	-0.528	-0.471	0.433	-0.64	14.80	-0.48
60.160	-0.527	-0.471	0.433	-0.64	14.80	-0.48
60.168	-0.526	-0.470	0.433	-0.64	14.80	-0.48
60.176	-0.524	-0.470	0.432	-0.64	14.79	-0.48
60.184	-0.523	-0.469	0.432	-0.64	14.78	-0.48
60.192	-0.522	-0.469	0.432	-0.64	14.78	-0.48
60.200	-0.521	-0.469	0.432	-0.64	14.77	-0.48
60.208	-0.520	-0.468	0.431	-0.64	14.76	-0.48
60.216	-0.518	-0.467	0.431	-0.64	14.75	-0.48
60.224	-0.517	-0.467	0.431	-0.64	14.75	-0.48
60.232	-0.516	-0.466	0.431	-0.64	14.74	-0.48
60.240	-0.515	-0.466	0.431	-0.64	14.74	-0.48
60.248	-0.514	-0.465	0.430	-0.64	14.73	-0.48
60.256	-0.512	-0.465	0.430	-0.64	14.72	-0.48
60.264	-0.511	-0.464	0.430	-0.64	14.72	-0.48
60.272	-0.510	-0.464	0.430	-0.64	14.71	-0.48
60.280	-0.509	-0.463	0.430	-0.64	14.71	-0.48
60.288	-0.507	-0.463	0.430	-0.64	14.70	-0.48
60.296	-0.506	-0.462	0.430	-0.64	14.69	-0.48
60.304	-0.505	-0.462	0.430	-0.64	14.69	-0.48
60.312	-0.504	-0.461	0.430	-0.64	14.68	-0.48
60.320	-0.503	-0.460	0.429	-0.64	14.68	-0.48
60.328	-0.501	-0.460	0.429	-0.64	14.67	-0.48
60.336	-0.500	-0.459	0.429	-0.64	14.67	-0.48
60.344	-0.499	-0.459	0.429	-0.64	14.66	-0.48
60.352	-0.498	-0.458	0.429	-0.64	14.66	-0.48
60.360	-0.496	-0.457	0.429	-0.64	14.65	-0.48
60.368	-0.495	-0.457	0.429	-0.64	14.65	-0.48
60.376	-0.494	-0.456	0.429	-0.64	14.64	-0.48
60.384	-0.493	-0.456	0.429	-0.64	14.64	-0.48
60.392	-0.491	-0.455	0.429	-0.64	14.64	-0.48
60.400	-0.490	-0.454	0.429	-0.64	14.63	-0.48
60.408	-0.489	-0.454	0.429	-0.64	14.63	-0.48
60.416	-0.488	-0.453	0.429	-0.64	14.62	-0.48
60.424	-0.486	-0.453	0.429	-0.64	14.62	-0.48
60.432	-0.485	-0.452	0.429	-0.64	14.62	-0.48
60.440	-0.484	-0.451	0.429	-0.64	14.61	-0.48
60.448	-0.483	-0.451	0.429	-0.64	14.61	-0.48
60.456	-0.481	-0.450	0.430	-0.64	14.61	-0.48
60.464	-0.480	-0.449	0.430	-0.64	14.60	-0.48
60.472	-0.479	-0.449	0.430	-0.64	14.60	-0.48
60.480	-0.478	-0.448	0.430	-0.63	14.60	-0.48
60.488	-0.477	-0.447	0.430	-0.63	14.59	-0.48
60.496	-0.475	-0.447	0.430	-0.63	14.59	-0.48
60.504	-0.474	-0.446	0.430	-0.63	14.59	-0.48
60.512	-0.473	-0.445	0.430	-0.63	14.59	-0.48
60.520	-0.472	-0.444	0.430	-0.63	14.58	-0.48
60.528	-0.470	-0.444	0.431	-0.63	14.58	-0.48
60.536	-0.469	-0.443	0.431	-0.63	14.58	-0.48
60.544	-0.468	-0.442	0.431	-0.63	14.58	-0.48
60.552	-0.467	-0.442	0.431	-0.63	14.57	-0.48
60.560	-0.465	-0.441	0.431	-0.63	14.57	-0.48
60.568	-0.464	-0.440	0.431	-0.63	14.57	-0.48
60.576	-0.463	-0.439	0.431	-0.63	14.57	-0.48
60.584	-0.462	-0.439	0.432	-0.63	14.56	-0.48
60.592	-0.460	-0.438	0.432	-0.63	14.56	-0.48
60.600	-0.459	-0.437	0.432	-0.63	14.56	-0.48
60.608	-0.458	-0.436	0.432	-0.63	14.56	-0.48
60.616	-0.457	-0.436	0.432	-0.63	14.56	-0.48
60.624	-0.455	-0.435	0.433	-0.63	14.55	-0.48
60.632	-0.454	-0.434	0.433	-0.63	14.55	-0.48
60.640	-0.453	-0.433	0.433	-0.63	14.55	-0.48
60.648	-0.452	-0.433	0.433	-0.63	14.55	-0.48
60.656	-0.450	-0.432	0.434	-0.63	14.55	-0.48
60.664	-0.449	-0.431	0.434	-0.63	14.55	-0.48
60.672	-0.448	-0.430	0.434	-0.63	14.54	-0.48
60.680	-0.447	-0.429	0.434	-0.63	14.54	-0.48
60.688	-0.445	-0.429	0.435	-0.63	14.54	-0.48
60.696	-0.444	-0.428	0.435	-0.63	14.54	-0.48
60.704	-0.443	-0.427	0.435	-0.63	14.54	-0.48
60.712	-0.442	-0.426	0.435	-0.63	14.54	-0.48
60.720	-0.440	-0.425	0.436	-0.63	14.54	-0.48
60.728	-0.439	-0.424	0.436	-0.63	14.54	-0.48
60.736	-0.438	-0.424	0.436	-0.63	14.53	-0.48
60.744	-0.437	-0.423	0.437	-0.63	14.53	-0.48
60.752	-0.435	-0.422	0.437	-0.63	14.53	-0.48
60.760	-0.434	-0.421	0.437	-0.63	14.53	-0.48
60.768	-0.433	-0.420	0.437	-0.63	14.53	-0.48
60.776	-0.432	-0.419	0.438	-0.63	14.53	-0.48
60.784	-0.431	-0.419	0.438	-0.63	14.53	-0.48
60.792	-0.429	-0.418	0.438	-0.63	14.53	-0.48
60.800	-0.428	-0.417	0.439	-0.63	14.53	-0.48
60.808	-0.427	-0.416	0.439	-0.63	14.53	-0.48
60.816	-0.426	-0.415	0.439	-0.63	14.52	-0.48
60.824	-0.424	-0.414	0.440	-0.63	14.52	-0.48
60.832	-0.423	-0.413	0.440	-0.63	14.52	-0.48
60.840	-0.422	-0.412	0.440	-0.63	14.52	-0.48
60.848	-0.421	-0.412	0.441	-0.63	14.52	-0.48
60.856	-0.420	-0.411	0.441	-0.63	14.52	-0.48
60.864	-0.418	-0.410	0.441	-0.63	14.52	-0.48
60.872	-0.417	-0.409	0.442	-0.63	14.52	-0.48
60.880	-0.416	-0.408	0.442	-0.63	14.52	-0.48
60.888	-0.415	-0.407	0.442	-0.63	14.52	-0.48
60.896	-0.414	-0.406	0.443	-0.62	14.52	-0.48
60.904	-0.412	-0.405	0.443	-0.62	14.52	-0.48
60.912	-0.411	-0.404	0.444	-0.62	14.52	-0.48
60.920	-0.410	-0.403	0.444	-0.62	14.51	-0.48
60.928	-0.409	-0.402	0.444	-0.62	14.51	-0.48
60.936	-0.408	-0.401	0.445	-0.62	14.51	-0.48
60.944	-0.406	-0.400	0.445	-0.62	14.51	-0.48
60.952	-0.405	-0.399	0.445	-0.62	14.51	-0.48
60.960	-0.404	-0.398	0.446	-0.62	14.51	-0.48
60.968	-0.403	-0.398	0.446	-0.62	14.51	-0.48
60.976	-0.402	-0.397	0.447	-0.62	14.51	-0.48
60.984	-0.400	-0.396	0.447	-0.62	14.51	-0.48
60.992	-0.399	-0.395	0.447	-0.62	14.51	-0.48
61.000	-0.398	-0.394	0.448	-0.62	14.51	-0.48
61.008	-0.397	-0.393	0.448	-0.62	14.51	-0.48
61.016	-0.396	-0.392	0.448	-0.62	14.51	-0.48
61.024	-0.395	-0.391	0.449	-0.62	14.51	-0.48
61.032	-0.393	-0.390	0.449	-0.62	14.51	-0.48
61.040	-0.392	-0.389	0.450	-0.62	14.51	-0.48
61.048	-0.391	-0.388	0.450	-0.62	14.51	-0.48
61.056	-0.390	-0.387	0.450	-0.62	14.50	-0.48
61.064	-0.389	-0.386	0.451	-0.62	14.50	-0.48
61.072	-0.388	-0.385	0.451	-0.62	14.50	-0.48
61.080	-0.386	-0.384	0.452	-0.62	14.50	-0.48
61.088	-0.385	-0.382	0.452	-0.62	14.50	-0.48
61.096	-0.384	-0.381	0.452	-0.61	14.50	-0.48
61.104	-0.383	-0.380	0.453	-0.61	14.50	-0.48
61.112	-0.382	-0.379	0.453	-0.61	14.50	-0.48
61.120	-0.381	-0.378	0.454	-0.61	14.50	-0.48
61.128	-0.380	-0.377	0.454	-0.61	14.50	-0.48
61.136	-0.378	-0.376	0.454	-0.61	14.50	-0.48
61.144	-0.377	-0.375	0.455	-0.61	14.50	-0.48
61.152	-0.376	-0.374	0.455	-0.61	14.50	-0.48
61.160	-0.375	-0.373	0.456	-0.61	14.50	-0.48
61.168	-0.374	-0.372	0.456	-0.61	14.50	-0.48
61.176	-0.373	-0.371	0.456	-0.61	14.50	-0.48
61.184	-0.372	-0.370	0.457	-0.61	14.50	-0.48
61.192	-0.371	-0.369	0.457	-0.61	14.49	-0.48
61.200	-0.369	-0.368	0.458	-0.61	14.49	-0.48
61.208	-0.368	-0.367	0.458	-0.61	14.49	-0.48
61.216	-0.367	-0.365	0.458	-0.61	14.49	-0.48
61.224	-0.366	-0.364	0.459	-0.61	14.49	-0.48
61.232	-0.365	-0.363	0.459	-0.61	14.49	-0.48
61.240	-0.364	-0.362	0.460	-0.60	14.49	-0.48
61.248	-0.363	-0.361	0.460	-0.60	14.49	-0.48
61.256	-0.362	-0.360	0.460	-0.60	14.49	-0.48
61.264	-0.361	-0.359	0.461	-0.60	14.49	-0.48
61.272	-0.360	-0.358	0.461	-0.60	14.49	-0.48
61.280	-0.358	-0.356	0.461	-0.60	14.49	-0.48
61.288	-0.357	-0.355	0.462	-0.60	14.49	-0.48
61.296	-0.356	-0.354	0.462	-0.60	14.49	-0.48
61.304	-0.355	-0.353	0.463	-0.60	14.48	-0.48
61.312	-0.354	-0.352	0.463	-0.60	14.48	-0.48
61.320	-0.353	-0.351	0.463	-0.60	14.48	-0.48
61.328	-0.352	-0.350	0.464	-0.60	14.48	-0.48
61.336	-0.351	-0.348	0.464	-0.60	14.48	-0.48
61.344	-0.350	-0.347	0.465	-0.60	14.48	-0.48
61.352	-0.349	-0.346	0.465	-0.60	14.48	-0.48
61.360	-0.348	-0.345	0.465	-0.60	14.48	-0.48
61.368	-0.347	-0.344	0.466	-0.59	14.48	-0.48
61.376	-0.346	-0.343	0.466	-0.59	14.48	-0.48
61.384	-0.345	-0.341	0.466	-0.59	14.48	-0.48
61.392	-0.344	-0.340	0.467	-0.59	14.48	-0.48
61.400	-0.342	-0.339	0.467	-0.59	14.48	-0.48
61.408	-0.341	-0.338	0.468	-0.59	14.47	-0.48
61.416	-0.340	-0.337	0.468	-0.59	14.47	-0.48
61.424	-0.339	-0.335	0.468	-0.59	14.47	-0.48
61.432	-0.338	-0.334	0.469	-0.59	14.47	-0.48
61.440	-0.337	-0.333	0.469	-0.59	14.47	-0.48
61.448	-0.336	-0.332	0.469	-0.59	14.47	-0.48
61.456	-0.335	-0.331	0.470	-0.59	14.47	-0.48
61.464	-0.334	-0.329	0.470	-0.59	14.47	-0.48
61.472	-0.333	-0.328	0.470	-0.59	14.47	-0.48
61.480	-0.332	-0.327	0.471	-0.58	14.47	-0.48
61.488	-0.331	-0.326	0.471	-0.58	14.46	-0.48
61.496	-0.330	-0.324	0.472	-0.58	14.46	-0.48
61.504	-0.329	-0.323	0.472	-0.58	14.46	-0.48
61.512	-0.328	-0.322	0.472	-0.58	14.46	-0.48
61.520	-0.327	-0.321	0.473	-0.58	14.46	-0.48
61.528	-0.326	-0.320	0.473	-0.58	14.46	-0.48
61.536	-0.325	-0.318	0.473	-0.58	14.46	-0.48
61.544	-0.324	-0.317	0.474	-0.58	14.46	-0.48
61.552	-0.323	-0.316	0.474	-0.58	14.46	-0.48
61.560	-0.322	-0.314	0.474	-0.58	14.46	-0.48
61.568	-0.321	-0.313	0.475	-0.58	14.45	-0.48
61.576	-0.320	-0.312	0.475	-0.57	14.45	-0.48
61.584	-0.319	-0.311	0.475	-0.57	14.45	-0.48
61.592	-0.318	-0.309	0.476	-0.57	14.45	-0.48
61.600	-0.317	-0.308	0.476	-0.57	14.45	-0.48
61.608	-0.317	-0.307	0.476	-0.57	14.45	-0.48
61.616	-0.316	-0.306	0.477	-0.57	14.45	-0.48
61.624	-0.315	-0.304	0.477	-0.57	14.45	-0.48
61.632	-0.314	-0.303	0.477	-0.57	14.45	-0.48
61.640	-0.313	-0.302	0.477	-0.57	14.44	-0.48
61.648	-0.312	-0.300	0.478	-0.57	14.44	-0.48
61.656	-0.311	-0.299	0.478	-0.57	14.44	-0.48
61.664	-0.310	-0.298	0.478	-0.56	14.44	-0.48
61.672	-0.309	-0.296	0.479	-0.56	14.44	-0.48
61.680	-0.308	-0.295	0.479	-0.56	14.44	-0.48
61.688	-0.307	-0.294	0.479	-0.56	14.44	-0.48
61.696	-0.306	-0.292	0.480	-0.56	14.44	-0.48
61.704	-0.305	-0.291	0.480	-0.56	14.43	-0.48
61.712	-0.304	-0.290	0.480	-0.56	14.43	-0.48
61.720	-0.304	-0.289	0.480	-0.56	14.43	-0.48
61.728	-0.303	-0.287	0.481	-0.56	14.43	-0.48
61.736	-0.302	-0.286	0.481	-0.56	14.43	-0.48
61.744	-0.301	-0.285	0.481	-0.56	14.43	-0.48
61.752	-0.300	-0.283	0.482	-0.55	14.43	-0.48
61.760	-0.299	-0.282	0.482	-0.55	14.43	-0.48
61.768	-0.298	-0.280	0.482	-0.55	14.42	-0.48
61.776	-0.297	-0.279	0.482	-0.55	14.42	-0.48
61.784	-0.296	-0.278	0.483	-0.55	14.42	-0.48
61.792	-0.296	-0.276	0.483	-0.55	14.42	-0.48
61.800	-0.295	-0.275	0.483	-0.55	14.42	-0.48
61.808	-0.294	-0.274	0.483	-0.55	14.42	-0.48
61.816	-0.293	-0.272	0.484	-0.55	14.42	-0.48
61.824	-0.292	-0.271	0.484	-0.55	14.41	-0.48
61.832	-0.291	-0.270	0.484	-0.54	14.41	-0.48
61.840	-0.290	-0.268	0.484	-0.54	14.41	-0.48
61.848	-0.290	-0.267	0.485	-0.54	14.41	-0.48
61.856	-0.289	-0.265	0.485	-0.54	14.41	-0.48
61.864	-0.288	-0.264	0.485	-0.54	14.41	-0.48
61.872	-0.287	-0.263	0.485	-0.54	14.41	-0.48
61.880	-0.286	-0.261	0.486	-0.54	14.40	-0.48
61.888	-0.285	-0.260	0.486	-0.54	14.40	-0.48
61.896	-0.285	-0.258	0.486	-0.54	14.40	-0.48
61.904	-0.284	-0.257	0.486	-0.54	14.40	-0.48
61.912	-0.283	-0.256	0.487	-0.53	14.40	-0.48
61.920	-0.282	-0.254	0.487	-0.53	14.40	-0.48
61.928	-0.281	-0.253	0.487	-0.53	14.40	-0.48
61.936	-0.281	-0.251	0.487	-0.53	14.39	-0.48
61.944	-0.280	-0.250	0.487	-0.53	14.39	-0.48
61.952	-0.279	-0.249	0.488	-0.53	14.39	-0.48
61.960	-0.278	-0.247	0.488	-0.53	14.39	-0.48
61.968	-0.277	-0.246	0.488	-0.53	14.39	-0.48
61.976	-0.277	-0.244	0.488	-0.53	14.39	-0.48
61.984	-0.276	-0.243	0.488	-0.52	14.39	-0.48
61.992	-0.275	-0.241	0.489	-0.52	14.38	-0.48
62.000	-0.274	-0.240	0.489	-0.52	14.38	-0.48
62.008	-0.274	-0.239	0.489	-0.52	14.38	-0.48
62.016	-0.273	-0.237	0.489	-0.52	14.38	-0.48
62.024	-0.272	-0.236	0.489	-0.52	14.38	-0.48
62.032	-0.271	-0.234	0.490	-0.52	14.38	-0.48
62.040	-0.271	-0.233	0.490	-0.52	14.37	-0.48
62.048	-0.270	-0.231	0.490	-0.51	14.37	-0.48
62.056	-0.269	-0.230	0.490	-0.51	14.37	-0.48
62.064	-0.268	-0.228	0.490	-0.51	14.37	-0.48
62.072	-0.268	-0.227	0.491	-0.51	14.37	-0.48
62.080	-0.267	-0.226	0.491	-0.51	14.37	-0.48
62.088	-0.266	-0.224	0.491	-0.51	14.37	-0.48
62.096	-0.265	-0.223	0.491	-0.51	14.36	-0.48
62.104	-0.265	-0.221	0.491	-0.51	14.36	-0.48
62.112	-0.264	-0.220	0.491	-0.51	14.36	-0.48
62.120	-0.263	-0.218	0.492	-0.50	14.36	-0.48
62.128	-0.263	-0.217	0.492	-0.50	14.36	-0.48
62.136	-0.262	-0.215	0.492	-0.50	14.36	-0.48
62.144	-0.261	-0.214	0.492	-0.50	14.35	-0.48
62.152	-0.261	-0.212	0.492	-0.50	14.35	-0.48
62.160	-0.260	-0.211	0.492	-0.50	14.35	-0.48
62.168	-0.259	-0.209	0.492	-0.50	14.35	-0.48
62.176	-0.259	-0.208	0.493	-0.50	14.35	-0.48
62.184	-0.258	-0.206	0.493	-0.49	14.35	-0.48
62.192	-0.257	-0.205	0.493	-0.49	14.35	-0.48
62.200	-0.257	-0.203	0.493	-0.49	14.34	-0.48
62.208	-0.256	-0.202	0.493	-0.49	14.34	-0.48
62.216	-0.255	-0.200	0.493	-0.49	14.34	-0.48
62.224	-0.255	-0.199	0.493	-0.49	14.34	-0.48
62.232	-0.254	-0.197	0.494	-0.49	14.34	-0.48
62.240	-0.253	-0.196	0.494	-0.49	14.34	-0.48
62.248	-0.253	-0.194	0.494	-0.48	14.33	-0.48
62.256	-0.252	-0.193	0.494	-0.48	14.33	-0.48
62.264	-0.251	-0.191	0.494	-0.48	14.33	-0.47
62.272	-0.251	-0.190	0.494	-0.48	14.33	-0.47
62.280	-0.250	-0.188	0.494	-0.48	14.33	-0.47
62.288	-0.250	-0.187	0.494	-0.48	14.33	-0.47
62.296	-0.249	-0.185	0.495	-0.48	14.32	-0.47
62.304	-0.248	-0.184	0.495	-0.48	14.32	-0.47
62.312	-0.248	-0.182	0.495	-0.47	14.32	-0.47
62.320	-0.247	-0.181	0.495	-0.47	14.32	-0.47
62.328	-0.247	-0.179	0.495	-0.47	14.32	-0.47
62.336	-0.246	-0.178	0.495	-0.47	14.32	-0.47
62.344	-0.245	-0.176	0.495	-0.47	14.32	-0.47
62.352	-0.245	-0.174	0.495	-0.47	14.31	-0.47
62.360	-0.244	-0.173	0.495	-0.47	14.31	-0.47
62.368	-0.244	-0.171	0.495	-0.46	14.31	-0.47
62.376	-0.243	-0.170	0.496	-0.46	14.31	-0.47
62.384	-0.243	-0.168	0.496	-0.46	14.31	-0.47
62.392	-0.242	-0.167	0.496	-0.46	14.31	-0.47
62.400	-0.242	-0.165	0.496	-0.46	14.30	-0.47
62.408	-0.241	-0.164	0.496	-0.46	14.30	-0.47
62.416	-0.240	-0.162	0.496	-0.46	14.30	-0.47
62.424	-0.240	-0.161	0.496	-0.46	14.30	-0.47
62.432	-0.239	-0.159	0.496	-0.45	14.30	-0.47
62.440	-0.239	-0.157	0.496	-0.45	14.30	-0.47
62.448	-0.238	-0.156	0.496	-0.45	14.30	-0.47
62.456	-0.238	-0.154	0.496	-0.45	14.29	-0.47
62.464	-0.237	-0.153	0.496	-0.45	14.29	-0.47
62.472	-0.237	-0.151	0.497	-0.45	14.29	-0.47
62.480	-0.236	-0.150	0.497	-0.45	14.29	-0.47
62.488	-0.236	-0.148	0.497	-0.44	14.29	-0.47
62.496	-0.235	-0.147	0.497	-0.44	14.29	-0.47
62.504	-0.235	-0.145	0.497	-0.44	14.28	-0.47
62.512	-0.234	-0.143	0.497	-0.44	14.28	-0.47
62.520	-0.234	-0.142	0.497	-0.44	14.28	-0.47
62.528	-0.233	-0.140	0.497	-0.44	14.28	-0.47
62.536	-0.233	-0.139	0.497	-0.44	14.28	-0.47
62.544	-0.232	-0.137	0.497	-0.43	14.28	-0.47
62.552	-0.232	-0.135	0.497	-0.43	14.28	-0.47
62.560	-0.232	-0.134	0.497	-0.43	14.27	-0.47
62.568	-0.231	-0.132	0.497	-0.43	14.27	-0.47
62.576	-0.231	-0.131	0.497	-0.43	14.27	-0.47
62.584	-0.230	-0.129	0.497	-0.43	14.27	-0.47
62.592	-0.230	-0.128	0.497	-0.43	14.27	-0.47
62.600	-0.229	-0.126	0.498	-0.42	14.27	-0.47
62.608	-0.229	-0.124	0.498	-0.42	14.27	-0.47
62.616	-0.229	-0.123	0.498	-0.42	14.26	-0.47
62.624	-0.228	-0.121	0.498	-0.42	14.26	-0.47
62.632	-0.228	-0.120	0.498	-0.42	14.26	-0.47
62.640	-0.227	-0.118	0.498	-0.42	14.26	-0.47
62.648	-0.227	-0.116	0.498	-0.42	14.26	-0.47
62.656	-0.227	-0.115	0.498	-0.41	14.26	-0.47
62.664	-0.226	-0.113	0.498	-0.41	14.26	-0.47
62.672	-0.226	-0.112	0.498	-0.41	14.25	-0.47
62.680	-0.225	-0.110	0.498	-0.41	14.25	-0.47
62.688	-0.225	-0.108	0.498	-0.41	14.25	-0.47
62.696	-0.225	-0.107	0.498	-0.41	14.25	-0.47
62.704	-0.224	-0.105	0.498	-0.41	14.25	-0.47
62.712	-0.224	-0.104	0.498	-0.40	14.25	-0.47
62.720	-0.224	-0.102	0.498	-0.40	14.25	-0.47
62.728	-0.223	-0.100	0.498	-0.40	14.24	-0.47
62.736	-0.223	-0.099	0.498	-0.40	14.24	-0.47
62.744	-0.223	-0.097	0.498	-0.40	14.24	-0.47
62.752	-0.222	-0.096	0.498	-0.40	14.24	-0.47
62.760	-0.222	-0.094	0.498	-0.40	14.24	-0.47
62.768	-0.222	-0.092	0.498	-0.39	14.24	-0.47
62.776	-0.221	-0.091	0.498	-0.39	14.24	-0.47
62.784	-0.221	-0.089	0.498	-0.39	14.24	-0.47
62.792	-0.221	-0.087	0.498	-0.39	14.23	-0.47
62.800	-0.220	-0.086	0.498	-0.39	14.23	-0.47
62.808	-0.220	-0.084	0.498	-0.39	14.23	-0.47
62.816	-0.220	-0.083	0.498	-0.38	14.23	-0.47
62.824	-0.219	-0.081	0.499	-0.38	14.23	-0.47
62.832	-0.219	-0.079	0.499	-0.38	14.23	-0.47
62.840	-0.219	-0.078	0.499	-0.38	14.23	-0.47
62.848	-0.219	-0.076	0.499	-0.38	14.23	-0.47
62.856	-0.218	-0.074	0.499	-0.38	14.22	-0.47
62.864	-0.218	-0.073	0.499	-0.38	14.22	-0.47
62.872	-0.218	-0.071	0.499	-0.37	14.22	-0.47
62.880	-0.218	-0.070	0.499	-0.37	14.22	-0.47
62.888	-0.217	-0.068	0.499	-0.37	14.22	-0.47
62.896	-0.217	-0.066	0.499	-0.37	14.22	-0.47
62.904	-0.217	-0.065	0.499	-0.37	14.22	-0.47
62.912	-0.217	-0.063	0.499	-0.37	14.22	-0.47
62.920	-0.216	-0.061	0.499	-0.36	14.21	-0.47
62.928	-0.216	-0.060	0.499	-0.36	14.21	-0.47
62.936	-0.216	-0.058	0.499	-0.36	14.21	-0.47
62.944	-0.216	-0.057	0.499	-0.36	14.21	-0.47
62.952	-0.215	-0.055	0.499	-0.36	14.21	-0.47
62.960	-0.215	-0.053	0.499	-0.36	14.21	-0.47
62.968	-0.215	-0.052	0.499	-0.36	14.21	-0.47
62.976	-0.215	-0.050	0.499	-0.35	14.21	-0.47
62.984	-0.215	-0.048	0.499	-0.35	14.21	-0.47
62.992	-0.215	-0.047	0.499	-0.35	14.20	-0.47
63.000	-0.214	-0.045	0.499	-0.35	14.20	-0.47
63.008	-0.214	-0.043	0.499	-0.35	14.20	-0.47
63.016	-0.214	-0.042	0.499	-0.35	14.20	-0.47
63.024	-0.214	-0.040	0.499	-0.34	14.20	-0.47
63.032	-0.214	-0.039	0.499	-0.34	14.20	-0.47
63.040	-0.214	-0.037	0.499	-0.34	14.20	-0.47
63.048	-0.213	-0.035	0.499	-0.34	14.20	-0.47
63.056	-0.213	-0.034	0.499	-0.34	14.20	-0.47
63.064	-0.213	-0.032	0.499	-0.34	14.19	-0.47
63.072	-0.213	-0.030	0.499	-0.33	14.19	-0.47
63.080	-0.213	-0.029	0.499	-0.33	14.19	-0.47
63.088	-0.213	-0.027	0.499	-0.33	14.19	-0.47
63.096	-0.213	-0.025	0.499	-0.33	14.19	-0.47
63.104	-0.212	-0.024	0.499	-0.33	14.19	-0.47
63.112	-0.212	-0.022	0.499	-0.33	14.19	-0.47
63.120	-0.212	-0.020	0.499	-0.33	14.19	-0.47
63.128	-0.212	-0.019	0.499	-0.32	14.19	-0.47
63.136	-0.212	-0.017	0.499	-0.32	14.19	-0.47
63.144	-0.212	-0.016	0.499	-0.32	14.18	-0.47
63.152	-0.212	-0.014	0.499	-0.32	14.18	-0.47
63.160	-0.212	-0.012	0.499	-0.32	14.18	-0.47
63.168	-0.212	-0.011	0.499	-0.32	14.18	-0.47
63.176	-0.212	-0.009	0.499	-0.31	14.18	-0.47
63.184	-0.212	-0.007	0.499	-0.31	14.18	-0.47
63.192	-0.212	-0.006	0.499	-0.31	14.18	-0.47
63.200	-0.211	-0.004	0.499	-0.31	14.18	-0.47
63.208	-0.211	-0.002	0.499	-0.31	14.18	-0.47
63.216	-0.211	-0.001	0.499	-0.31	14.18	-0.47
63.224	-0.211	0.001	0.499	-0.30	14.18	-0.47
63.232	-0.211	0.003	0.499	-0.30	14.17	-0.47
63.240	-0.211	0.004	0.499	-0.30	14.17	-0.47
63.248	-0.211	0.006	0.499	-0.30	14.17	-0.47
63.256	-0.211	0.007	0.499	-0.30	14.17	-0.47
63.264	-0.211	0.009	0.499	-0.30	14.17	-0.47
63.272	-0.211	0.011	0.499	-0.29	14.17	-0.47
63.280	-0.211	0.012	0.499	-0.29	14.17	-0.47
63.288	-0.211	0.014	0.499	-0.29	14.17	-0.47
63.296	-0.211	0.016	0.499	-0.29	14.17	-0.47
63.304	-0.211	0.017	0.499	-0.29	14.17	-0.47
63.312	-0.211	0.019	0.499	-0.29	14.17	-0.47
63.320	-0.211	0.021	0.499	-0.28	14.17	-0.47
63.328	-0.211	0.022	0.499	-0.28	14.16	-0.47
63.336	-0.211	0.024	0.499	-0.28	14.16	-0.47
63.344	-0.211	0.026	0.499	-0.28	14.16	-0.47
63.352	-0.211	0.027	0.499	-0.28	14.16	-0.47
63.360	-0.212	0.029	0.499	-0.28	14.16	-0.47
63.368	-0.212	0.030	0.499	-0.27	14.16	-0.47
63.376	-0.212	0.032	0.499	-0.27	14.16	-0.47
63.384	-0.212	0.034	0.499	-0.27	14.16	-0.47
63.392	-0.212	0.035	0.499	-0.27	14.16	-0.47
63.400	-0.212	0.037	0.499	-0.27	14.16	-0.47
63.408	-0.212	0.039	0.499	-0.27	14.16	-0.47
63.416	-0.212	0.040	0.499	-0.26	14.16	-0.47
63.424	-0.212	0.042	0.499	-0.26	14.16	-0.47
63.432	-0.212	0.044	0.499	-0.26	14.16	-0.47
63.440	-0.212	0.045	0.499	-0.26	14.15	-0.47
63.448	-0.212	0.047	0.499	-0.26	14.15	-0.47
63.456	-0.213	0.049	0.499	-0.26	14.15	-0.47
63.464	-0.213	0.050	0.499	-0.25	14.15	-0.47
63.472	-0.213	0.052	0.499	-0.25	14.15	-0.47
63.480	-0.213	0.053	0.499	-0.25	14.15	-0.47
63.488	-0.213	0.055	0.499	-0.25	14.15	-0.47
63.496	-0.213	0.057	0.499	-0.25	14.15	-0.47
63.504	-0.213	0.058	0.499	-0.25	14.15	-0.47
63.512	-0.213	0.060	0.499	-0.24	14.15	-0.47
63.520	-0.214	0.062	0.499	-0.24	14.15	-0.47
63.528	-0.214	0.063	0.499	-0.24	14.15	-0.47
63.536	-0.214	0.065	0.499	-0.24	14.15	-0.47
63.544	-0.214	0.066	0.499	-0.24	14.15	-0.47
63.552	-0.214	0.068	0.499	-0.24	14.15	-0.47
63.560	-0.215	0.070	0.499	-0.23	14.15	-0.47
63.568	-0.215	0.071	0.499	-0.23	14.15	-0.47
63.576	-0.215	0.073	0.499	-0.23	14.14	-0.47
63.584	-0.215	0.075	0.499	-0.23	14.14	-0.47
63.592	-0.215	0.076	0.499	-0.23	14.14	-0.47
63.600	-0.215	0.078	0.499	-0.22	14.14	-0.47
63.608	-0.216	0.079	0.499	-0.22	14.14	-0.47
63.616	-0.216	0.081	0.499	-0.22	14.14	-0.47
63.624	-0.216	0.083	0.499	-0.22	14.14	-0.47
63.632	-0.216	0.084	0.499	-0.22	14.14	-0.47
63.640	-0.217	0.086	0.499	-0.22	14.14	-0.47
63.648	-0.217	0.088	0.499	-0.21	14.14	-0.47
63.656	-0.217	0.089	0.499	-0.21	14.14	-0.47
63.664	-0.217	0.091	0.499	-0.21	14.14	-0.47
63.672	-0.218	0.092	0.499	-0.21	14.14	-0.47
63.680	-0.218	0.094	0.499	-0.21	14.14	-0.47
63.688	-0.218	0.096	0.499	-0.21	14.14	-0.47
63.696	-0.218	0.097	0.499	-0.20	14.14	-0.47
63.704	-0.219	0.099	0.499	-0.20	14.14	-0.47
63.712	-0.219	0.101	0.499	-0.20	14.14	-0.47
63.720	-0.219	0.102	0.499	-0.20	14.14	-0.47
63.728	-0.219	0.104	0.499	-0.20	14.14	-0.47
63.736	-0.220	0.105	0.499	-0.20	14.14	-0.47
63.744	-0.220	0.107	0.499	-0.19	14.14	-0.47
63.752	-0.220	0.109	0.499	-0.19	14.14	-0.47
63.760	-0.221	0.110	0.499	-0.19	14.14	-0.47
63.768	-0.221	0.112	0.499	-0.19	14.13	-0.47
63.776	-0.221	0.113	0.499	-0.19	14.13	-0.47
63.784	-0.222	0.115	0.499	-0.19	14.13	-0.47
63.792	-0.222	0.117	0.499	-0.18	14.13	-0.47
63.800	-0.222	0.118	0.499	-0.18	14.13	-0.47
63.808	-0.223	0.120	0.499	-0.18	14.13	-0.47
63.816	-0.223	0.121	0.499	-0.18	14.13	-0.47
63.824	-0.223	0.123	0.499	-0.18	14.13	-0.47
63.832	-0.224	0.125	0.499	-0.17	14.13	-0.47
63.840	-0.224	0.126	0.499	-0.17	14.13	-0.47
63.848	-0.224	0.128	0.499	-0.17	14.13	-0.47
63.856	-0.225	0.129	0.499	-0.17	14.13	-0.47
63.864	-0.225	0.131	0.499	-0.17	14.13	-0.47
63.872	-0.226	0.132	0.499	-0.17	14.13	-0.47
63.880	-0.226	0.134	0.499	-0.16	14.13	-0.47
63.888	-0.226	0.136	0.499	-0.16	14.13	-0.47
63.896	-0.227	0.137	0.499	-0.16	14.13	-0.47
63.904	-0.227	0.139	0.499	-0.16	14.13	-0.47
63.912	-0.227	0.140	0.499	-0.16	14.13	-0.47
63.920	-0.228	0.142	0.499	-0.16	14.13	-0.47
63.928	-0.228	0.143	0.499	-0.15	14.13	-0.47
63.936	-0.229	0.145	0.499	-0.15	14.13	-0.47
63.944	-0.229	0.147	0.499	-0.15	14.13	-0.47
63.952	-0.230	0.148	0.499	-0.15	14.13	-0.47
63.960	-0.230	0.150	0.499	-0.15	14.13	-0.47
63.968	-0.230	0.151	0.499	-0.14	14.13	-0.47
63.976	-0.231	0.153	0.499	-0.14	14.13	-0.47
63.984	-0.231	0.154	0.499	-0.14	14.13	-0.47
63.992	-0.232	0.156	0.499	-0.14	14.13	-0.47
64.000	-0.232	0.158	0.499	-0.14	14.13	-0.47
64.008	-0.233	0.159	0.499	-0.14	14.13	-0.47
64.016	-0.233	0.161	0.499	-0.13	14.13	-0.47
64.024	-0.234	0.162	0.499	-0.13	14.13	-0.47
64.032	-0.234	0.164	0.499	-0.13	14.13	-0.47
64.040	-0.235	0.165	0.499	-0.13	14.13	-0.47
64.048	-0.235	0.167	0.499	-0.13	14.13	-0.47
64.056	-0.236	0.168	0.499	-0.13	14.13	-0.47
64.064	-0.236	0.170	0.499	-0.12	14.13	-0.47
64.072	-0.237	0.172	0.499	-0.12	14.13	-0.47
64.080	-0.237	0.173	0.499	-0.12	14.13	-0.47
64.088	-0.237	0.175	0.499	-0.12	14.04	-0.47
64.096	-0.237	0.176	0.499	-0.12	13.79	-0.47
64.104	-0.237	0.178	0.499	-0.11	13.29	-0.47
64.112	-0.237	0.179	0.499	-0.11	12.46	-0.47
64.120	-0.236	0.181	0.499	-0.11	11.38	-0.47
64.128	-0.236	0.182	0.499	-0.11	10.13	-0.47
64.136	-0.235	0.184	0.499	-0.11	8.80	-0.46
64.144	-0.234	0.185	0.499	-0.10	7.47	-0.46
64.152	-0.234	0.187	0.499	-0.10	6.22	-0.46
64.160	-0.233	0.188	0.499	-0.10	5.15	-0.46
64.168	-0.232	0.190	0.499	-0.10	4.32	-0.45
64.176	-0.231	0.191	0.499	-0.09	3.70	-0.45
64.184	-0.230	0.193	0.499	-0.08	3.22	-0.46
64.192	-0.229	0.194	0.499	-0.06	2.79	-0.45
64.200	-0.227	0.196	0.499	-0.05	2.38	-0.45
64.208	-0.226	0.197	0.500	-0.04	1.99	-0.45
64.216	-0.225	0.199	0.500	-0.03	1.60	-0.45
64.224	-0.224	0.200	0.500	-0.02	1.25	-0.45
64.232	-0.223	0.202	0.500	-0.01	0.92	-0.45
64.240	-0.222	0.203	0.500	-0.00	0.62	-0.45
64.248	-0.220	0.205	0.501	0.01	0.35	-0.45
64.256	-0.219	0.207	0.501	0.01	0.10	-0.45
64.264	-0.218	0.208	0.501	0.02	-0.12	-0.45
64.272	-0.217	0.210	0.501	0.03	-0.33	-0.45
64.280	-0.216	0.211	0.502	0.03	-0.52	-0.45
64.288	-0.214	0.212	0.502	0.04	-0.69	-0.45
64.296	-0.213	0.214	0.502	0.04	-0.85	-0.45
64.304	-0.212	0.215	0.503	0.05	-1.00	-0.45
64.312	-0.211	0.217	0.503	0.05	-1.13	-0.45
64.320	-0.210	0.218	0.503	0.06	-1.25	-0.45
64.328	-0.209	0.220	0.504	0.06	-1.36	-0.45
64.336	-0.208	0.221	0.504	0.07	-1.46	-0.45
64.344	-0.206	0.223	0.505	0.07	-1.55	-0.45
64.352	-0.205	0.224	0.505	0.07	-1.63	-0.45
64.360	-0.204	0.226	0.505	0.08	-1.70	-0.46
64.368	-0.203	0.227	0.506	0.08	-1.77	-0.46
64.376	-0.202	0.229	0.506	0.08	-1.83	-0.46
64.384	-0.201	0.230	0.507	0.09	-1.88	-0.46
64.392	-0.200	0.232	0.507	0.09	-1.93	-0.46
64.400	-0.199	0.233	0.507	0.09	-1.97	-0.46
64.408	-0.198	0.235	0.508	0.09	-2.00	-0.46
64.416	-0.198	0.236	0.508	0.10	-2.04	-0.46
64.424	-0.197	0.238	0.509	0.10	-2.06	-0.46
64.432	-0.196	0.239	0.509	0.10	-2.09	-0.46
64.440	-0.195	0.240	0.510	0.10	-2.11	-0.46
64.448	-0.194	0.242	0.510	0.11	-2.12	-0.46
64.456	-0.193	0.243	0.511	0.11	-2.14	-0.46
64.464	-0.193	0.245	0.511	0.11	-2.15	-0.46
64.472	-0.192	0.246	0.512	0.11	-2.16	-0.46
64.480	-0.191	0.248	0.512	0.12	-2.16	-0.46
64.488	-0.191	0.249	0.513	0.12	-2.16	-0.46
64.496	-0.190	0.250	0.513	0.12	-2.16	-0.46
64.504	-0.189	0.252	0.514	0.12	-2.16	-0.46
64.512	-0.189	0.253	0.514	0.12	-2.16	-0.46
64.520	-0.188	0.255	0.515	0.12	-2.16	-0.46
64.528	-0.187	0.256	0.515	0.13	-2.15	-0.46
64.536	-0.187	0.257	0.516	0.13	-2.14	-0.46
64.544	-0.186	0.259	0.516	0.13	-2.13	-0.46
64.552	-0.186	0.260	0.517	0.13	-2.12	-0.46
64.560	-0.186	0.262	0.518	0.13	-2.11	-0.46
64.568	-0.185	0.263	0.518	0.13	-2.10	-0.46
64.576	-0.185	0.264	0.519	0.14	-2.08	-0.46
64.584	-0.184	0.266	0.519	0.14	-2.07	-0.46
64.592	-0.184	0.267	0.520	0.14	-2.06	-0.46
64.600	-0.184	0.269	0.520	0.14	-2.04	-0.46
64.608	-0.183	0.270	0.521	0.14	-2.02	-0.46
64.616	-0.183	0.271	0.521	0.14	-2.01	-0.46
64.624	-0.183	0.273	0.522	0.15	-1.99	-0.46
64.632	-0.182	0.274	0.522	0.15	-1.97	-0.46
64.640	-0.182	0.276	0.523	0.15	-1.95	-0.46
64.648	-0.182	0.277	0.524	0.15	-1.93	-0.46
64.656	-0.182	0.278	0.524	0.15	-1.92	-0.46
64.664	-0.182	0.280	0.525	0.15	-1.90	-0.46
64.672	-0.181	0.281	0.525	0.15	-1.88	-0.46
64.680	-0.181	0.282	0.526	0.16	-1.86	-0.46
64.688	-0.181	0.284	0.526	0.16	-1.84	-0.45
64.696	-0.181	0.285	0.527	0.16	-1.82	-0.45
64.704	-0.181	0.286	0.527	0.16	-1.80	-0.45
64.712	-0.181	0.288	0.528	0.16	-1.78	-0.45
64.720	-0.181	0.289	0.528	0.16	-1.76	-0.45
64.728	-0.181	0.290	0.529	0.16	-1.74	-0.45
64.736	-0.181	0.292	0.529	0.17	-1.72	-0.45
64.744	-0.181	0.293	0.530	0.17	-1.70	-0.45
64.752	-0.181	0.294	0.531	0.17	-1.68	-0.45
64.760	-0.181	0.296	0.531	0.17	-1.66	-0.45
64.768	-0.181	0.297	0.532	0.17	-1.64	-0.45
64.776	-0.181	0.298	0.532	0.17	-1.62	-0.45
64.784	-0.182	0.300	0.533	0.17	-1.60	-0.45
64.792	-0.182	0.301	0.533	0.18	-1.58	-0.45
64.800	-0.182	0.302	0.534	0.18	-1.56	-0.45
64.808	-0.182	0.303	0.534	0.18	-1.54	-0.45
64.816	-0.182	0.305	0.535	0.18	-1.52	-0.45
64.824	-0.182	0.306	0.535	0.18	-1.51	-0.45
64.832	-0.183	0.307	0.536	0.18	-1.49	-0.45
64.840	-0.183	0.309	0.536	0.18	-1.47	-0.45
64.848	-0.183	0.310	0.537	0.19	-1.45	-0.45
64.856	-0.183	0.311	0.537	0.19	-1.43	-0.45
64.864	-0.184	0.312	0.538	0.19	-1.42	-0.45
64.872	-0.184	0.314	0.538	0.19	-1.40	-0.45
64.880	-0.184	0.315	0.539	0.19	-1.38	-0.45
64.888	-0.185	0.316	0.539	0.19	-1.36	-0.45
64.896	-0.185	0.318	0.539	0.19	-1.35	-0.45
64.904	-0.185	0.319	0.540	0.20	-1.33	-0.45
64.912	-0.186	0.320	0.540	0.20	-1.31	-0.45
64.920	-0.186	0.321	0.541	0.20	-1.30	-0.45
64.928	-0.186	0.323	0.541	0.20	-1.28	-0.45
64.936	-0.187	0.324	0.542	0.20	-1.27	-0.45
64.944	-0.187	0.325	0.542	0.20	-1.25	-0.45
64.952	-0.188	0.326	0.543	0.20	-1.24	-0.45
64.960	-0.188	0.327	0.543	0.21	-1.22	-0.45
64.968	-0.189	0.329	0.543	0.21	-1.21	-0.45
64.976	-0.189	0.330	0.544	0.21	-1.19	-0.45
64.984	-0.190	0.331	0.544	0.21	-1.18	-0.45
64.992	-0.190	0.332	0.545	0.21	-1.16	-0.45
65.000	-0.191	0.334	0.545	0.21	-1.15	-0.45
65.008	-0.191	0.335	0.545	0.22	-1.14	-0.45
65.016	-0.192	0.336	0.546	0.22	-1.12	-0.45
65.024	-0.192	0.337	0.546	0.22	-1.11	-0.45
65.032	-0.193	0.338	0.547	0.22	-1.10	-0.45
65.040	-0.193	0.340	0.547	0.22	-1.08	-0.45
65.048	-0.194	0.341	0.547	0.22	-1.07	-0.45
65.056	-0.195	0.342	0.548	0.22	-1.06	-0.45
65.064	-0.195	0.343	0.548	0.23	-1.05	-0.45
65.072	-0.196	0.344	0.548	0.23	-1.04	-0.45
65.080	-0.196	0.345	0.549	0.23	-1.02	-0.45
65.088	-0.197	0.347	0.549	0.23	-1.01	-0.45
65.096	-0.198	0.348	0.549	0.23	-1.00	-0.45
65.104	-0.198	0.349	0.550	0.23	-0.99	-0.45
65.112	-0.199	0.350	0.550	0.23	-0.98	-0.45
65.120	-0.200	0.351	0.550	0.24	-0.97	-0.45
65.128	-0.200	0.352	0.551	0.24	-0.96	-0.45
65.136	-0.201	0.354	0.551	0.24	-0.95	-0.45
65.144	-0.202	0.355	0.551	0.24	-0.94	-0.45
65.152	-0.203	0.356	0.551	0.24	-0.93	-0.45
65.160	-0.203	0.357	0.552	0.24	-0.92	-0.45
65.168	-0.204	0.358	0.552	0.25	-0.91	-0.45
65.176	-0.205	0.359	0.552	0.25	-0.90	-0.45
65.184	-0.206	0.360	0.553	0.25	-0.89	-0.45
65.192	-0.206	0.361	0.553	0.25	-0.88	-0.45
65.200	-0.207	0.363	0.553	0.25	-0.87	-0.45
65.208	-0.208	0.364	0.553	0.25	-0.86	-0.45
65.216	-0.209	0.365	0.553	0.25	-0.86	-0.45
65.224	-0.209	0.366	0.554	0.26	-0.85	-0.45
65.232	-0.210	0.367	0.554	0.26	-0.84	-0.45
65.240	-0.211	0.368	0.554	0.26	-0.83	-0.45
65.248	-0.212	0.369	0.554	0.26	-0.82	-0.45
65.256	-0.213	0.370	0.555	0.26	-0.82	-0.45
65.264	-0.213	0.371	0.555	0.26	-0.81	-0.45
65.272	-0.214	0.372	0.555	0.26	-0.80	-0.45
65.280	-0.215	0.373	0.555	0.27	-0.79	-0.45
65.288	-0.216	0.374	0.555	0.27	-0.79	-0.45
65.296	-0.217	0.376	0.555	0.27	-0.78	-0.45
65.304	-0.218	0.377	0.556	0.27	-0.77	-0.45
65.312	-0.219	0.378	0.556	0.27	-0.76	-0.45
65.320	-0.220	0.379	0.556	0.27	-0.76	-0.45
65.328	-0.220	0.380	0.556	0.27	-0.75	-0.45
65.336	-0.221	0.381	0.556	0.28	-0.74	-0.45
65.344	-0.222	0.382	0.556	0.28	-0.74	-0.45
65.352	-0.223	0.383	0.556	0.28	-0.73	-0.45
65.360	-0.224	0.384	0.557	0.28	-0.73	-0.45
65.368	-0.225	0.385	0.557	0.28	-0.72	-0.45
65.376	-0.226	0.386	0.557	0.28	-0.71	-0.45
65.384	-0.227	0.387	0.557	0.29	-0.71	-0.45
65.392	-0.228	0.388	0.557	0.29	-0.70	-0.45
65.400	-0.229	0.389	0.557	0.29	-0.70	-0.45
65.408	-0.230	0.390	0.557	0.29	-0.69	-0.45
65.416	-0.231	0.391	0.557	0.29	-0.69	-0.45
65.424	-0.232	0.392	0.557	0.29	-0.68	-0.45
65.432	-0.233	0.393	0.557	0.29	-0.68	-0.45
65.440	-0.234	0.394	0.557	0.30	-0.67	-0.45
65.448	-0.235	0.395	0.557	0.30	-0.67	-0.45
65.456	-0.236	0.396	0.557	0.30	-0.66	-0.45
65.464	-0.237	0.397	0.558	0.30	-0.66	-0.45
65.472	-0.238	0.398	0.558	0.30	-0.65	-0.45
65.480	-0.239	0.399	0.558	0.30	-0.65	-0.45
65.488	-0.240	0.400	0.558	0.30	-0.64	-0.45
65.496	-0.241	0.401	0.558	0.31	-0.64	-0.45
65.504	-0.242	0.402	0.558	0.31	-0.63	-0.45
65.512	-0.243	0.403	0.558	0.31	-0.63	-0.45
65.520	-0.244	0.404	0.558	0.31	-0.62	-0.45
65.528	-0.245	0.404	0.558	0.31	-0.62	-0.45
65.536	-0.246	0.405	0.558	0.31	-0.62	-0.45
65.544	-0.247	0.406	0.558	0.31	-0.61	-0.45
65.552	-0.248	0.407	0.558	0.32	-0.61	-0.45
65.560	-0.249	0.408	0.558	0.32	-0.60	-0.45
65.568	-0.250	0.409	0.558	0.32	-0.60	-0.45
65.576	-0.251	0.410	0.557	0.32	-0.60	-0.45
65.584	-0.252	0.411	0.557	0.32	-0.59	-0.45
65.592	-0.253	0.412	0.557	0.32	-0.59	-0.45
65.600	-0.255	0.413	0.557	0.32	-0.58	-0.45
65.608	-0.256	0.414	0.557	0.33	-0.58	-0.45
65.616	-0.257	0.414	0.557	0.33	-0.58	-0.45
65.624	-0.258	0.415	0.557	0.33	-0.57	-0.45
65.632	-0.259	0.416	0.557	0.33	-0.57	-0.45
65.640	-0.260	0.417	0.557	0.33	-0.57	-0.45
65.648	-0.261	0.418	0.557	0.33	-0.56	-0.45
65.656	-0.262	0.419	0.557	0.33	-0.56	-0.45
65.664	-0.263	0.420	0.557	0.34	-0.56	-0.45
65.672	-0.265	0.420	0.557	0.34	-0.55	-0.45
65.680	-0.266	0.421	0.557	0.34	-0.55	-0.45
65.688	-0.267	0.422	0.556	0.34	-0.55	-0.45
65.696	-0.268	0.423	0.556	0.34	-0.54	-0.45
65.704	-0.269	0.424	0.556	0.34	-0.54	-0.45
65.712	-0.270	0.425	0.556	0.34	-0.54	-0.45
65.720	-0.271	0.425	0.556	0.34	-0.53	-0.45
65.728	-0.273	0.426	0.556	0.35	-0.53	-0.45
65.736	-0.274	0.427	0.556	0.35	-0.53	-0.45
65.744	-0.275	0.428	0.556	0.35	-0.53	-0.45
65.752	-0.276	0.429	0.555	0.35	-0.52	-0.45
65.760	-0.277	0.430	0.555	0.35	-0.52	-0.45
65.768	-0.279	0.430	0.555	0.35	-0.52	-0.45
65.776	-0.280	0.431	0.555	0.35	-0.51	-0.45
65.784	-0.281	0.432	0.555	0.36	-0.51	-0.45
65.792	-0.282	0.433	0.555	0.36	-0.51	-0.45
65.800	-0.283	0.433	0.554	0.36	-0.51	-0.45
65.808	-0.285	0.434	0.554	0.36	-0.50	-0.45
65.816	-0.286	0.435	0.554	0.36	-0.50	-0.45
65.824	-0.287	0.436	0.554	0.36	-0.50	-0.45
65.832	-0.288	0.436	0.554	0.36	-0.50	-0.45
65.840	-0.289	0.437	0.554	0.36	-0.49	-0.45
65.848	-0.291	0.438	0.553	0.37	-0.49	-0.45
65.856	-0.292	0.439	0.553	0.37	-0.49	-0.45
65.864	-0.293	0.439	0.553	0.37	-0.49	-0.45
65.872	-0.294	0.440	0.553	0.37	-0.48	-0.45
65.880	-0.296	0.441	0.553	0.37	-0.48	-0.45
65.888	-0.297	0.442	0.552	0.37	-0.48	-0.45
65.896	-0.298	0.442	0.552	0.37	-0.48	-0.45
65.904	-0.299	0.443	0.552	0.37	-0.47	-0.45
65.912	-0.301	0.444	0.552	0.38	-0.47	-0.45
65.920	-0.302	0.444	0.552	0.38	-0.47	-0.45
65.928	-0.303	0.445	0.551	0.38	-0.47	-0.45
65.936	-0.304	0.446	0.551	0.38	-0.46	-0.45
65.944	-0.306	0.447	0.551	0.38	-0.46	-0.45
65.952	-0.307	0.447	0.551	0.38	-0.46	-0.45
65.960	-0.308	0.448	0.550	0.38	-0.46	-0.45
65.968	-0.310	0.449	0.550	0.38	-0.45	-0.45
65.976	-0.311	0.449	0.550	0.39	-0.45	-0.45
65.984	-0.312	0.450	0.550	0.39	-0.45	-0.45
65.992	-0.313	0.451	0.550	0.39	-0.45	-0.45
66.000	-0.315	0.451	0.549	0.39	-0.45	-0.45
66.008	-0.316	0.452	0.549	0.39	-0.44	-0.45
66.016	-0.317	0.452	0.549	0.39	-0.44	-0.45
66.024	-0.319	0.453	0.549	0.39	-0.44	-0.45
66.032	-0.320	0.454	0.548	0.39	-0.44	-0.45
66.040	-0.321	0.454	0.548	0.40	-0.44	-0.45
66.048	-0.323	0.455	0.548	0.40	-0.43	-0.45
66.056	-0.324	0.456	0.548	0.40	-0.43	-0.45
66.064	-0.325	0.456	0.547	0.40	-0.43	-0.45
66.072	-0.327	0.457	0.547	0.40	-0.43	-0.45
66.080	-0.328	0.457	0.547	0.40	-0.43	-0.45
66.088	-0.329	0.458	0.547	0.40	-0.42	-0.45
66.096	-0.331	0.459	0.546	0.40	-0.42	-0.45
66.104	-0.332	0.459	0.546	0.41	-0.42	-0.45
66.112	-0.333	0.460	0.546	0.41	-0.42	-0.45
66.120	-0.335	0.460	0.546	0.41	-0.42	-0.45
66.128	-0.336	0.461	0.545	0.41	-0.41	-0.45
66.136	-0.337	0.461	0.545	0.41	-0.41	-0.45
66.144	-0.339	0.462	0.545	0.41	-0.41	-0.45
66.152	-0.340	0.463	0.544	0.41	-0.41	-0.45
66.160	-0.341	0.463	0.544	0.41	-0.41	-0.45
66.168	-0.343	0.464	0.544	0.41	-0.40	-0.45
66.176	-0.344	0.464	0.544	0.42	-0.40	-0.45
66.184	-0.345	0.465	0.543	0.42	-0.40	-0.45
66.192	-0.347	0.465	0.543	0.42	-0.40	-0.45
66.200	-0.348	0.466	0.543	0.42	-0.40	-0.45
66.208	-0.349	0.466	0.543	0.42	-0.39	-0.45
66.216	-0.351	0.467	0.542	0.42	-0.39	-0.45
66.224	-0.352	0.467	0.542	0.42	-0.39	-0.45
66.232	-0.354	0.468	0.542	0.42	-0.39	-0.45
66.240	-0.355	0.468	0.541	0.42	-0.39	-0.45
66.248	-0.356	0.469	0.541	0.43	-0.38	-0.45
66.256	-0.358	0.469	0.541	0.43	-0.38	-0.45
66.264	-0.359	0.470	0.541	0.43	-0.38	-0.45
66.272	-0.361	0.470	0.540	0.43	-0.38	-0.45
66.280	-0.362	0.471	0.540	0.43	-0.38	-0.45
66.288	-0.363	0.471	0.540	0.43	-0.37	-0.45
66.296	-0.365	0.472	0.540	0.43	-0.37	-0.45
66.304	-0.366	0.472	0.539	0.43	-0.37	-0.45
66.312	-0.367	0.473	0.539	0.43	-0.37	-0.45
66.320	-0.369	0.473	0.539	0.43	-0.37	-0.45
66.328	-0.370	0.473	0.538	0.44	-0.37	-0.45
66.336	-0.372	0.474	0.538	0.44	-0.36	-0.45
66.344	-0.373	0.474	0.538	0.44	-0.36	-0.45
66.352	-0.375	0.475	0.538	0.44	-0.36	-0.45
66.360	-0.376	0.475	0.537	0.44	-0.36	-0.45
66.368	-0.377	0.476	0.537	0.44	-0.36	-0.45
66.376	-0.379	0.476	0.537	0.44	-0.35	-0.45
66.384	-0.380	0.476	0.536	0.44	-0.35	-0.45
66.392	-0.382	0.477	0.536	0.44	-0.35	-0.45
66.400	-0.383	0.477	0.536	0.44	-0.35	-0.45
66.408	-0.384	0.478	0.536	0.45	-0.35	-0.45
66.416	-0.386	0.478	0.535	0.45	-0.35	-0.45
66.424	-0.387	0.478	0.535	0.45	-0.34	-0.45
66.432	-0.389	0.479	0.535	0.45	-0.34	-0.45
66.440	-0.390	0.479	0.534	0.45	-0.34	-0.45
66.448	-0.392	0.479	0.534	0.45	-0.34	-0.45
66.456	-0.393	0.480	0.534	0.45	-0.34	-0.45
66.464	-0.395	0.480	0.534	0.45	-0.33	-0.45
66.472	-0.396	0.480	0.533	0.45	-0.33	-0.45
66.480	-0.397	0.481	0.533	0.45	-0.33	-0.45
66.488	-0.399	0.481	0.533	0.46	-0.33	-0.45
66.496	-0.400	0.481	0.533	0.46	-0.33	-0.45
66.504	-0.402	0.482	0.532	0.46	-0.33	-0.45
66.512	-0.403	0.482	0.532	0.46	-0.32	-0.45
66.520	-0.405	0.482	0.532	0.46	-0.32	-0.45
66.528	-0.406	0.483	0.531	0.46	-0.32	-0.45
66.536	-0.408	0.483	0.531	0.46	-0.32	-0.45
66.544	-0.409	0.483	0.531	0.46	-0.32	-0.45
66.552	-0.411	0.484	0.531	0.46	-0.32	-0.45
66.560	-0.412	0.484	0.530	0.46	-0.31	-0.45
66.568	-0.413	0.484	0.530	0.46	-0.31	-0.45
66.576	-0.415	0.484	0.530	0.47	-0.31	-0.45
66.584	-0.416	0.485	0.530	0.47	-0.31	-0.45
66.592	-0.418	0.485	0.529	0.47	-0.31	-0.45
66.600	-0.419	0.485	0.529	0.47	-0.30	-0.45
66.608	-0.421	0.485	0.529	0.47	-0.30	-0.45
66.616	-0.422	0.486	0.529	0.47	-0.30	-0.45
66.624	-0.424	0.486	0.528	0.47	-0.30	-0.45
66.632	-0.425	0.486	0.528	0.47	-0.30	-0.45
66.640	-0.427	0.486	0.528	0.47	-0.30	-0.45
66.648	-0.428	0.487	0.527	0.47	-0.29	-0.45
66.656	-0.430	0.487	0.527	0.47	-0.29	-0.45
66.664	-0.431	0.487	0.527	0.47	-0.29	-0.45
66.672	-0.433	0.487	0.527	0.48	-0.29	-0.45
66.680	-0.434	0.487	0.526	0.48	-0.29	-0.45
66.688	-0.436	0.488	0.526	0.48	-0.29	-0.45
66.696	-0.437	0.488	0.526	0.48	-0.28	-0.45
66.704	-0.439	0.488	0.526	0.48	-0.28	-0.45
66.712	-0.440	0.488	0.525	0.48	-0.28	-0.45
66.720	-0.442	0.488	0.525	0.48	-0.28	-0.45
66.728	-0.443	0.488	0.525	0.48	-0.28	-0.45
66.736	-0.445	0.489	0.525	0.48	-0.27	-0.45
66.744	-0.446	0.489	0.524	0.48	-0.27	-0.45
66.752	-0.447	0.489	0.524	0.48	-0.27	-0.45
66.760	-0.449	0.489	0.524	0.48	-0.27	-0.45
66.768	-0.450	0.489	0.524	0.49	-0.27	-0.45
66.776	-0.452	0.489	0.524	0.49	-0.27	-0.45
66.784	-0.453	0.489	0.523	0.49	-0.26	-0.45
66.792	-0.455	0.490	0.523	0.49	-0.26	-0.45
66.800	-0.456	0.490	0.523	0.49	-0.26	-0.45
66.808	-0.458	0.490	0.523	0.49	-0.26	-0.45
66.816	-0.459	0.490	0.522	0.49	-0.26	-0.45
66.824	-0.461	0.490	0.522	0.49	-0.25	-0.45
66.832	-0.462	0.490	0.522	0.49	-0.25	-0.45
66.840	-0.464	0.490	0.522	0.49	-0.25	-0.45
66.848	-0.466	0.490	0.521	0.49	-0.25	-0.45
66.856	-0.467	0.490	0.521	0.49	-0.25	-0.45
66.864	-0.469	0.490	0.521	0.49	-0.25	-0.45
66.872	-0.470	0.491	0.521	0.49	-0.24	-0.45
66.880	-0.472	0.491	0.521	0.50	-0.24	-0.45
66.888	-0.473	0.491	0.520	0.50	-0.24	-0.45
66.896	-0.475	0.491	0.520	0.50	-0.24	-0.45
66.904	-0.476	0.491	0.520	0.50	-0.24	-0.45
66.912	-0.478	0.491	0.520	0.50	-0.24	-0.45
66.920	-0.479	0.491	0.520	0.50	-0.23	-0.45
66.928	-0.481	0.491	0.519	0.50	-0.23	-0.45
66.936	-0.482	0.491	0.519	0.50	-0.23	-0.45
66.944	-0.484	0.491	0.519	0.50	-0.23	-0.45
66.952	-0.485	0.491	0.519	0.50	-0.23	-0.45
66.960	-0.487	0.491	0.519	0.50	-0.22	-0.45
66.968	-0.488	0.491	0.518	0.50	-0.22	-0.45
66.976	-0.490	0.491	0.518	0.50	-0.22	-0.45
66.984	-0.491	0.491	0.518	0.50	-0.22	-0.45
66.992	-0.493	0.491	0.518	0.50	-0.22	-0.45
67.000	-0.494	0.491	0.518	0.51	-0.22	-0.45
67.008	-0.496	0.491	0.517	0.51	-0.21	-0.45
67.016	-0.497	0.491	0.517	0.51	-0.21	-0.45
67.024	-0.499	0.491	0.517	0.51	-0.21	-0.45
67.032	-0.500	0.491	0.517	0.51	-0.21	-0.45
67.040	-0.502	0.491	0.517	0.51	-0.21	-0.45
67.048	-0.503	0.491	0.516	0.51	-0.20	-0.45
67.056	-0.505	0.491	0.516	0.51	-0.20	-0.45
67.064	-0.506	0.491	0.516	0.51	-0.20	-0.45
67.072	-0.508	0.490	0.516	0.51	-0.20	-0.45
67.080	-0.509	0.490	0.516	0.51	-0.20	-0.45
67.088	-0.511	0.490	0.516	0.51	-0.20	-0.45
67.096	-0.512	0.490	0.515	0.51	-0.19	-0.45
67.104	-0.514	0.490	0.515	0.51	-0.19	-0.45
67.112	-0.516	0.490	0.515	0.51	-0.19	-0.45
67.120	-0.517	0.490	0.515	0.51	-0.19	-0.45
67.128	-0.519	0.490	0.515	0.51	-0.19	-0.45
67.136	-0.520	0.490	0.515	0.51	-0.18	-0.45
67.144	-0.522	0.490	0.514	0.52	-0.18	-0.45
67.152	-0.523	0.489	0.514	0.52	-0.18	-0.45
67.160	-0.525	0.489	0.514	0.52	-0.18	-0.45
67.168	-0.526	0.489	0.514	0.52	-0.18	-0.45
67.176	-0.528	0.489	0.514	0.52	-0.18	-0.45
67.184	-0.529	0.489	0.514	0.52	-0.17	-0.45
67.192	-0.531	0.489	0.513	0.52	-0.17	-0.45
67.200	-0.532	0.489	0.513	0.52	-0.17	-0.45
67.208	-0.534	0.488	0.513	0.52	-0.17	-0.45
67.216	-0.535	0.488	0.513	0.52	-0.17	-0.45
67.224	-0.537	0.488	0.513	0.52	-0.16	-0.45
67.232	-0.538	0.488	0.513	0.52	-0.16	-0.45
67.240	-0.540	0.488	0.513	0.52	-0.16	-0.45
67.248	-0.541	0.488	0.512	0.52	-0.16	-0.45
67.256	-0.543	0.487	0.512	0.52	-0.16	-0.45
67.264	-0.544	0.487	0.512	0.52	-0.16	-0.45
67.272	-0.546	0.487	0.512	0.52	-0.15	-0.45
67.280	-0.547	0.487	0.512	0.52	-0.15	-0.45
67.288	-0.549	0.487	0.512	0.52	-0.15	-0.45
67.296	-0.551	0.486	0.512	0.52	-0.15	-0.45
67.304	-0.552	0.486	0.512	0.52	-0.15	-0.45
67.312	-0.554	0.486	0.511	0.52	-0.14	-0.45
67.320	-0.555	0.486	0.511	0.53	-0.14	-0.45
67.328	-0.557	0.485	0.511	0.53	-0.14	-0.45
67.336	-0.558	0.485	0.511	0.53	-0.14	-0.45
67.344	-0.560	0.485	0.511	0.53	-0.14	-0.45
67.352	-0.561	0.485	0.511	0.53	-0.14	-0.45
67.360	-0.563	0.484	0.511	0.53	-0.13	-0.45
67.368	-0.564	0.484	0.511	0.53	-0.13	-0.45
67.376	-0.566	0.484	0.510	0.53	-0.13	-0.45
67.384	-0.567	0.484	0.510	0.53	-0.13	-0.45
67.392	-0.569	0.483	0.510	0.53	-0.13	-0.45
67.400	-0.570	0.483	0.510	0.53	-0.12	-0.45
67.408	-0.572	0.483	0.510	0.53	-0.12	-0.45
67.416	-0.573	0.482	0.510	0.53	-0.12	-0.45
67.424	-0.575	0.482	0.510	0.53	-0.12	-0.45
67.432	-0.576	0.482	0.510	0.53	-0.12	-0.45
67.440	-0.578	0.481	0.510	0.53	-0.11	-0.45
67.448	-0.579	0.481	0.509	0.53	-0.11	-0.45
67.456	-0.581	0.481	0.509	0.53	-0.11	-0.45
67.464	-0.582	0.480	0.509	0.53	-0.11	-0.45
67.472	-0.584	0.480	0.509	0.53	-0.11	-0.45
67.480	-0.585	0.480	0.509	0.53	-0.11	-0.45
67.488	-0.587	0.479	0.509	0.53	-0.10	-0.45
67.496	-0.588	0.479	0.509	0.53	-0.10	-0.45
67.504	-0.590	0.479	0.509	0.53	-0.10	-0.45
67.512	-0.591	0.478	0.509	0.53	-0.10	-0.45
67.520	-0.593	0.478	0.509	0.53	-0.10	-0.45
67.528	-0.594	0.478	0.509	0.53	-0.09	-0.45
67.536	-0.596	0.477	0.508	0.53	-0.09	-0.45
67.544	-0.597	0.477	0.508	0.53	-0.09	-0.45
67.552	-0.599	0.476	0.508	0.53	-0.09	-0.45
67.560	-0.600	0.476	0.508	0.53	-0.09	-0.45
67.568	-0.602	0.476	0.508	0.53	-0.09	-0.45
67.576	-0.603	0.475	0.508	0.53	-0.08	-0.45
67.584	-0.605	0.475	0.508	0.54	-0.08	-0.45
67.592	-0.606	0.474	0.508	0.54	-0.08	-0.45
67.600	-0.608	0.474	0.508	0.54	-0.08	-0.45
67.608	-0.609	0.473	0.508	0.54	-0.08	-0.45
67.616	-0.611	0.473	0.508	0.54	-0.07	-0.45
67.624	-0.612	0.473	0.508	0.54	-0.07	-0.45
67.632	-0.614	0.472	0.508	0.54	-0.07	-0.45
67.640	-0.615	0.472	0.507	0.54	-0.07	-0.45
67.648	-0.617	0.471	0.507	0.54	-0.07	-0.45
67.656	-0.618	0.471	0.507	0.54	-0.06	-0.45
67.664	-0.620	0.470	0.507	0.54	-0.06	-0.45
67.672	-0.621	0.470	0.507	0.54	-0.06	-0.45
67.680	-0.623	0.469	0.507	0.54	-0.06	-0.45
67.688	-0.624	0.469	0.507	0.54	-0.06	-0.45
67.696	-0.626	0.468	0.507	0.54	-0.06	-0.45
67.704	-0.627	0.468	0.507	0.54	-0.05	-0.45
67.712	-0.629	0.467	0.507	0.54	-0.05	-0.45
67.720	-0.630	0.467	0.507	0.54	-0.05	-0.45
67.728	-0.632	0.466	0.507	0.54	-0.05	-0.45
67.736	-0.633	0.466	0.507	0.54	-0.05	-0.45
67.744	-0.635	0.465	0.507	0.54	-0.04	-0.45
67.752	-0.636	0.465	0.507	0.54	-0.04	-0.45
67.760	-0.638	0.464	0.507	0.54	-0.04	-0.45
67.768	-0.639	0.464	0.506	0.54	-0.04	-0.45
67.776	-0.641	0.463	0.506	0.54	-0.04	-0.45
67.784	-0.642	0.463	0.506	0.54	-0.03	-0.45
67.792	-0.643	0.462	0.506	0.54	-0.03	-0.45
67.800	-0.645	0.461	0.506	0.54	-0.03	-0.45
67.808	-0.646	0.461	0.506	0.54	-0.03	-0.45
67.816	-0.648	0.460	0.506	0.54	-0.03	-0.45
67.824	-0.649	0.460	0.506	0.54	-0.03	-0.45
67.832	-0.651	0.459	0.506	0.54	-0.02	-0.45
67.840	-0.652	0.459	0.506	0.54	-0.02	-0.45
67.848	-0.654	0.458	0.506	0.54	-0.02	-0.45
67.856	-0.655	0.457	0.506	0.54	-0.02	-0.45
67.864	-0.657	0.457	0.506	0.54	-0.02	-0.45
67.872	-0.658	0.456	0.506	0.54	-0.01	-0.45
67.880	-0.659	0.456	0.506	0.54	-0.01	-0.45
67.888	-0.661	0.455	0.506	0.54	-0.01	-0.45
67.896	-0.662	0.454	0.506	0.54	-0.01	-0.45
67.904	-0.664	0.454	0.506	0.54	-0.01	-0.45
67.912	-0.665	0.453	0.506	0.54	-0.00	-0.45
67.920	-0.667	0.452	0.506	0.54	-0.00	-0.45
67.928	-0.668	0.452	0.506	0.54	-0.00	-0.45
67.936	-0.670	0.451	0.506	0.54	0.00	-0.45
67.944	-0.671	0.451	0.506	0.54	0.00	-0.45
67.952	-0.672	0.450	0.506	0.54	0.00	-0.45
67.960	-0.674	0.449	0.505	0.54	0.01	-0.45
67.968	-0.675	0.449	0.505	0.54	0.01	-0.45
67.976	-0.677	0.448	0.505	0.54	0.01	-0.45
67.984	-0.678	0.447	0.505	0.54	0.01	-0.45
67.992	-0.680	0.446	0.505	0.54	0.01	-0.45
68.000	-0.681	0.446	0.505	0.54	0.02	-0.45
68.008	-0.682	0.445	0.505	0.54	0.02	-0.45
68.016	-0.684	0.444	0.505	0.54	0.02	-0.45
68.024	-0.685	0.444	0.505	0.54	0.02	-0.45
68.032	-0.687	0.443	0.505	0.54	0.02	-0.45
68.040	-0.688	0.442	0.505	0.54	0.02	-0.45
68.048	-0.689	0.442	0.505	0.54	0.03	-0.45
68.056	-0.691	0.441	0.505	0.54	0.03	-0.45
68.064	-0.692	0.440	0.505	0.54	0.03	-0.45
68.072	-0.694	0.439	0.505	0.54	0.03	-0.45
68.080	-0.695	0.439	0.505	0.54	0.03	-0.45
68.088	-0.696	0.438	0.505	0.54	0.04	-0.45
68.096	-0.698	0.437	0.505	0.54	0.04	-0.45
68.104	-0.699	0.436	0.505	0.54	0.04	-0.45
68.112	-0.701	0.436	0.505	0.53	0.04	-0.45
68.120	-0.702	0.435	0.505	0.53	0.04	-0.45
68.128	-0.703	0.434	0.505	0.53	0.05	-0.45
68.136	-0.705	0.433	0.505	0.53	0.05	-0.45
68.144	-0.706	0.433	0.505	0.53	0.05	-0.45
68.152	-0.708	0.432	0.505	0.53	0.05	-0.45
68.160	-0.709	0.431	0.505	0.53	0.05	-0.45
68.168	-0.710	0.430	0.505	0.53	0.05	-0.45
68.176	-0.712	0.429	0.505	0.53	0.06	-0.45
68.184	-0.713	0.429	0.505	0.53	0.06	-0.44
68.192	-0.714	0.428	0.505	0.53	0.06	-0.44
68.200	-0.716	0.427	0.505	0.53	0.06	-0.44
68.208	-0.717	0.426	0.505	0.53	0.06	-0.44
68.216	-0.718	0.425	0.505	0.53	0.07	-0.44
68.224	-0.720	0.425	0.505	0.53	0.07	-0.44
68.232	-0.721	0.424	0.505	0.53	0.07	-0.44
68.240	-0.723	0.423	0.505	0.53	0.07	-0.44
68.248	-0.724	0.422	0.505	0.53	0.07	-0.44
68.256	-0.725	0.421	0.505	0.53	0.07	-0.44
68.264	-0.727	0.420	0.505	0.53	0.08	-0.44
68.272	-0.728	0.420	0.505	0.53	0.08	-0.44
68.280	-0.729	0.419	0.505	0.53	0.08	-0.44
68.288	-0.731	0.418	0.505	0.53	0.08	-0.44
68.296	-0.732	0.417	0.505	0.53	0.08	-0.44
68.304	-0.733	0.416	0.505	0.53	0.09	-0.44
68.312	-0.735	0.415	0.505	0.53	0.09	-0.44
68.320	-0.736	0.414	0.505	0.53	0.09	-0.44
68.328	-0.737	0.413	0.505	0.53	0.09	-0.44
68.336	-0.739	0.413	0.505	0.53	0.09	-0.44
68.344	-0.740	0.412	0.505	0.53	0.09	-0.44
68.352	-0.741	0.411	0.505	0.53	0.10	-0.44
68.360	-0.743	0.410	0.505	0.53	0.10	-0.44
68.368	-0.744	0.409	0.504	0.53	0.10	-0.44
68.376	-0.745	0.408	0.504	0.52	0.10	-0.44
68.384	-0.746	0.407	0.504	0.52	0.10	-0.44
68.392	-0.748	0.406	0.504	0.52	0.11	-0.44
68.400	-0.749	0.405	0.504	0.52	0.11	-0.44
68.408	-0.750	0.404	0.504	0.52	0.11	-0.44
68.416	-0.752	0.403	0.504	0.52	0.11	-0.44
68.424	-0.753	0.402	0.504	0.52	0.11	-0.44
68.432	-0.754	0.402	0.504	0.52	0.11	-0.44
68.440	-0.756	0.401	0.504	0.52	0.12	-0.44
68.448	-0.757	0.400	0.504	0.52	0.12	-0.44
68.456	-0.758	0.399	0.504	0.52	0.12	-0.44
68.464	-0.759	0.398	0.504	0.52	0.12	-0.44
68.472	-0.761	0.397	0.504	0.52	0.12	-0.44
68.480	-0.762	0.396	0.504	0.52	0.13	-0.44
68.488	-0.763	0.395	0.504	0.52	0.13	-0.44
68.496	-0.764	0.394	0.504	0.52	0.13	-0.44
68.504	-0.766	0.393	0.504	0.52	0.13	-0.44
68.512	-0.767	0.392	0.504	0.52	0.13	-0.44
68.520	-0.768	0.391	0.504	0.52	0.13	-0.44
68.528	-0.769	0.390	0.504	0.52	0.14	-0.44
68.536	-0.771	0.389	0.504	0.52	0.14	-0.44
68.544	-0.772	0.388	0.504	0.52	0.14	-0.44
68.552	-0.773	0.387	0.504	0.51	0.14	-0.44
68.560	-0.774	0.386	0.504	0.51	0.14	-0.44
68.568	-0.776	0.385	0.504	0.51	0.14	-0.44
68.576	-0.777	0.384	0.504	0.51	0.15	-0.44
68.584	-0.778	0.383	0.504	0.51	0.15	-0.44
68.592	-0.779	0.382	0.504	0.51	0.15	-0.44
68.600	-0.781	0.381	0.504	0.51	0.15	-0.44
68.608	-0.782	0.380	0.504	0.51	0.15	-0.44
68.616	-0.783	0.379	0.504	0.51	0.16	-0.44
68.624	-0.784	0.378	0.504	0.51	0.16	-0.44
68.632	-0.785	0.377	0.504	0.51	0.16	-0.44
68.640	-0.787	0.375	0.504	0.51	0.16	-0.44
68.648	-0.788	0.374	0.504	0.51	0.16	-0.44
68.656	-0.789	0.373	0.504	0.51	0.16	-0.44
68.664	-0.790	0.372	0.504	0.51	0.17	-0.44
68.672	-0.791	0.371	0.504	0.51	0.17	-0.44
68.680	-0.793	0.370	0.504	0.51	0.17	-0.44
68.688	-0.794	0.369	0.504	0.50	0.17	-0.44
68.696	-0.795	0.368	0.504	0.50	0.17	-0.44
68.704	-0.796	0.367	0.504	0.50	0.17	-0.44
68.712	-0.797	0.366	0.504	0.50	0.18	-0.44
68.720	-0.799	0.365	0.504	0.50	0.18	-0.44
68.728	-0.800	0.364	0.504	0.50	0.18	-0.44
68.736	-0.801	0.362	0.504	0.50	0.18	-0.44
68.744	-0.802	0.361	0.504	0.50	0.18	-0.44
68.752	-0.803	0.360	0.504	0.50	0.19	-0.44
68.760	-0.804	0.359	0.504	0.50	0.19	-0.44
68.768	-0.806	0.358	0.504	0.50	0.19	-0.44
68.776	-0.807	0.357	0.504	0.50	0.19	-0.44
68.784	-0.808	0.356	0.504	0.50	0.19	-0.44
68.792	-0.809	0.355	0.504	0.50	0.19	-0.44
68.800	-0.810	0.353	0.504	0.50	0.20	-0.44
68.808	-0.811	0.352	0.504	0.49	0.20	-0.44
68.816	-0.812	0.351	0.504	0.49	0.20	-0.44
68.824	-0.814	0.350	0.504	0.49	0.20	-0.44
68.832	-0.815	0.349	0.504	0.49	0.20	-0.44
68.840	-0.816	0.348	0.504	0.49	0.20	-0.44
68.848	-0.817	0.347	0.504	0.49	0.21	-0.44
68.856	-0.818	0.345	0.504	0.49	0.21	-0.44
68.864	-0.819	0.344	0.504	0.49	0.21	-0.44
68.872	-0.820	0.343	0.504	0.49	0.21	-0.44
68.880	-0.821	0.342	0.504	0.49	0.21	-0.44
68.888	-0.822	0.341	0.504	0.49	0.21	-0.44
68.896	-0.824	0.339	0.504	0.49	0.22	-0.44
68.904	-0.825	0.338	0.504	0.49	0.22	-0.44
68.912	-0.826	0.337	0.504	0.49	0.22	-0.44
68.920	-0.827	0.336	0.504	0.48	0.22	-0.44
68.928	-0.828	0.335	0.504	0.48	0.22	-0.44
68.936	-0.829	0.333	0.504	0.48	0.22	-0.44
68.944	-0.830	0.332	0.504	0.48	0.23	-0.44
68.952	-0.831	0.331	0.504	0.48	0.23	-0.44
68.960	-0.832	0.330	0.504	0.48	0.23	-0.44
68.968	-0.833	0.329	0.504	0.48	0.23	-0.44
68.976	-0.834	0.327	0.504	0.48	0.23	-0.44
68.984	-0.835	0.326	0.504	0.48	0.23	-0.44
68.992	-0.836	0.325	0.504	0.48	0.24	-0.44
69.000	-0.837	0.324	0.504	0.48	0.24	-0.44
69.008	-0.839	0.322	0.504	0.48	0.24	-0.44
69.016	-0.840	0.321	0.504	0.47	0.24	-0.44
69.024	-0.841	0.320	0.504	0.47	0.24	-0.44
69.032	-0.842	0.319	0.504	0.47	0.24	-0.44
69.040	-0.843	0.317	0.504	0.47	0.25	-0.44
69.048	-0.844	0.316	0.504	0.47	0.25	-0.44
69.056	-0.845	0.315	0.504	0.47	0.25	-0.44
69.064	-0.846	0.314	0.504	0.47	0.25	-0.44
69.072	-0.847	0.312	0.504	0.47	0.25	-0.44
69.080	-0.848	0.311	0.504	0.47	0.25	-0.44
69.088	-0.849	0.310	0.504	0.47	0.25	-0.44
69.096	-0.850	0.309	0.504	0.47	0.26	-0.44
69.104	-0.851	0.307	0.504	0.46	0.26	-0.44
69.112	-0.852	0.306	0.504	0.46	0.26	-0.44
69.120	-0.853	0.305	0.504	0.46	0.26	-0.44
69.128	-0.854	0.303	0.504	0.46	0.26	-0.44
69.136	-0.855	0.302	0.504	0.46	0.26	-0.44
69.144	-0.856	0.301	0.504	0.46	0.27	-0.44
69.152	-0.857	0.300	0.504	0.46	0.27	-0.44
69.160	-0.858	0.298	0.504	0.46	0.27	-0.44
69.168	-0.859	0.297	0.504	0.46	0.27	-0.44
69.176	-0.859	0.296	0.504	0.46	0.27	-0.44
69.184	-0.860	0.294	0.504	0.46	0.27	-0.44
69.192	-0.861	0.293	0.504	0.45	0.28	-0.44
69.200	-0.862	0.292	0.504	0.45	0.28	-0.44
69.208	-0.863	0.290	0.504	0.45	0.28	-0.44
69.216	-0.864	0.289	0.504	0.45	0.28	-0.44
69.224	-0.865	0.288	0.504	0.45	0.28	-0.44
69.232	-0.866	0.286	0.504	0.45	0.28	-0.44
69.240	-0.867	0.285	0.504	0.45	0.28	-0.44
69.248	-0.868	0.284	0.504	0.45	0.29	-0.44
69.256	-0.869	0.282	0.504	0.45	0.29	-0.44
69.264	-0.870	0.281	0.504	0.45	0.29	-0.44
69.272	-0.871	0.280	0.504	0.44	0.29	-0.44
69.280	-0.872	0.278	0.504	0.44	0.29	-0.44
69.288	-0.872	0.277	0.504	0.44	0.29	-0.44
69.296	-0.873	0.276	0.504	0.44	0.30	-0.44
69.304	-0.874	0.274	0.504	0.44	0.30	-0.44
69.312	-0.875	0.273	0.504	0.44	0.30	-0.44
69.320	-0.876	0.272	0.504	0.44	0.30	-0.44
69.328	-0.877	0.270	0.504	0.44	0.30	-0.44
69.336	-0.878	0.269	0.504	0.44	0.30	-0.44
69.344	-0.879	0.267	0.504	0.43	0.30	-0.44
69.352	-0.879	0.266	0.504	0.43	0.31	-0.44
69.360	-0.880	0.265	0.504	0.43	0.31	-0.44
69.368	-0.881	0.263	0.504	0.43	0.31	-0.44
69.376	-0.882	0.262	0.503	0.43	0.31	-0.44
69.384	-0.883	0.260	0.503	0.43	0.31	-0.44
69.392	-0.884	0.259	0.503	0.43	0.31	-0.44
69.400	-0.885	0.258	0.503	0.43	0.31	-0.44
69.408	-0.885	0.256	0.503	0.43	0.32	-0.44
69.416	-0.886	0.255	0.503	0.43	0.32	-0.44
69.424	-0.887	0.253	0.503	0.42	0.32	-0.44
69.432	-0.888	0.252	0.503	0.42	0.32	-0.44
69.440	-0.889	0.251	0.503	0.42	0.32	-0.44
69.448	-0.889	0.249	0.503	0.42	0.32	-0.44
69.456	-0.890	0.248	0.503	0.42	0.32	-0.44
69.464	-0.891	0.246	0.503	0.42	0.33	-0.44
69.472	-0.892	0.245	0.503	0.42	0.33	-0.44
69.480	-0.893	0.244	0.503	0.42	0.33	-0.44
69.488	-0.893	0.242	0.503	0.41	0.33	-0.44
69.496	-0.894	0.241	0.503	0.41	0.33	-0.44
69.504	-0.895	0.239	0.503	0.41	0.33	-0.44
69.512	-0.896	0.238	0.503	0.41	0.33	-0.44
69.520	-0.897	0.236	0.503	0.41	0.34	-0.44
69.528	-0.897	0.235	0.503	0.41	0.34	-0.44
69.536	-0.898	0.233	0.503	0.41	0.34	-0.44
69.544	-0.899	0.232	0.503	0.41	0.34	-0.44
69.552	-0.900	0.231	0.503	0.41	0.34	-0.44
69.560	-0.900	0.229	0.503	0.40	0.34	-0.44
69.568	-0.901	0.228	0.503	0.40	0.34	-0.44
69.576	-0.902	0.226	0.503	0.40	0.35	-0.44
69.584	-0.903	0.225	0.503	0.40	0.35	-0.44
69.592	-0.903	0.223	0.503	0.40	0.35	-0.44
69.600	-0.904	0.222	0.503	0.40	0.35	-0.44
69.608	-0.905	0.220	0.503	0.40	0.35	-0.44
69.616	-0.905	0.219	0.503	0.40	0.35	-0.44
69.624	-0.906	0.217	0.503	0.39	0.35	-0.44
69.632	-0.907	0.216	0.503	0.39	0.36	-0.44
69.640	-0.907	0.214	0.503	0.39	0.36	-0.44
69.648	-0.908	0.213	0.503	0.39	0.36	-0.44
69.656	-0.909	0.211	0.503	0.39	0.36	-0.44
69.664	-0.910	0.210	0.503	0.39	0.36	-0.44
69.672	-0.910	0.208	0.503	0.39	0.36	-0.44
69.680	-0.911	0.207	0.503	0.39	0.36	-0.44
69.688	-0.912	0.206	0.503	0.38	0.36	-0.44
69.696	-0.912	0.204	0.503	0.38	0.37	-0.44
69.704	-0.913	0.203	0.503	0.38	0.37	-0.44
69.712	-0.914	0.201	0.503	0.38	0.37	-0.44
69.720	-0.914	0.200	0.503	0.38	0.37	-0.44
69.728	-0.915	0.198	0.503	0.38	0.37	-0.44
69.736	-0.915	0.197	0.503	0.38	0.37	-0.44
69.744	-0.916	0.195	0.503	0.38	0.37	-0.44
69.752	-0.917	0.193	0.503	0.37	0.38	-0.44
69.760	-0.917	0.192	0.503	0.37	0.38	-0.44
69.768	-0.918	0.190	0.503	0.37	0.38	-0.44
69.776	-0.919	0.189	0.503	0.37	0.38	-0.44
69.784	-0.919	0.187	0.503	0.37	0.38	-0.44
69.792	-0.920	0.186	0.503	0.37	0.38	-0.44
69.800	-0.920	0.184	0.503	0.37	0.38	-0.44
69.808	-0.921	0.183	0.503	0.37	0.38	-0.44
69.816	-0.922	0.181	0.503	0.36	0.39	-0.44
69.824	-0.922	0.180	0.503	0.36	0.39	-0.44
69.832	-0.923	0.178	0.503	0.36	0.39	-0.44
69.840	-0.923	0.177	0.503	0.36	0.39	-0.44
69.848	-0.924	0.175	0.503	0.36	0.39	-0.44
69.856	-0.924	0.174	0.503	0.36	0.39	-0.44
69.864	-0.925	0.172	0.503	0.36	0.39	-0.44
69.872	-0.926	0.171	0.503	0.35	0.39	-0.44
69.880	-0.926	0.169	0.503	0.35	0.40	-0.44
69.888	-0.927	0.168	0.503	0.35	0.40	-0.44
69.896	-0.927	0.166	0.503	0.35	0.40	-0.44
69.904	-0.928	0.164	0.503	0.35	0.40	-0.44
69.912	-0.928	0.163	0.503	0.35	0.40	-0.44
69.920	-0.929	0.161	0.503	0.35	0.40	-0.44
69.928	-0.929	0.160	0.503	0.34	0.40	-0.44
69.936	-0.930	0.158	0.503	0.34	0.40	-0.44
69.944	-0.930	0.157	0.503	0.34	0.40	-0.44
69.952	-0.931	0.155	0.503	0.34	0.41	-0.44
69.960	-0.931	0.154	0.503	0.34	0.41	-0.44
69.968	-0.932	0.152	0.503	0.34	0.41	-0.44
69.976	-0.932	0.150	0.503	0.34	0.41	-0.44
69.984	-0.933	0.149	0.502	0.33	0.41	-0.44
69.992	-0.933	0.147	0.502	0.33	0.41	-0.44
70.000	-0.934	0.146	0.502	0.33	0.41	-0.44
70.008	-0.934	0.144	0.502	0.33	0.41	-0.44
70.016	-0.935	0.143	0.502	0.33	0.42	-0.44
70.024	-0.935	0.141	0.502	0.33	0.42	-0.44
70.032	-0.936	0.139	0.502	0.33	0.42	-0.44
70.040	-0.936	0.138	0.502	0.32	0.42	-0.44
70.048	-0.937	0.136	0.502	0.32	0.42	-0.44
70.056	-0.937	0.135	0.502	0.32	0.42	-0.44
70.064	-0.937	0.133	0.502	0.32	0.42	-0.44
70.072	-0.938	0.131	0.502	0.32	0.42	-0.44
70.080	-0.938	0.130	0.502	0.32	0.42	-0.44
70.088	-0.939	0.128	0.502	0.32	0.43	-0.44
70.096	-0.939	0.127	0.502	0.31	0.43	-0.44
70.104	-0.939	0.125	0.502	0.31	0.43	-0.44
70.112	-0.940	0.124	0.502	0.31	0.43	-0.44
70.120	-0.940	0.122	0.502	0.31	0.43	-0.44
70.128	-0.941	0.120	0.502	0.31	0.43	-0.44
70.136	-0.941	0.119	0.502	0.31	0.43	-0.44
70.144	-0.941	0.117	0.502	0.31	0.43	-0.44
70.152	-0.942	0.116	0.502	0.30	0.43	-0.44
70.160	-0.942	0.114	0.502	0.30	0.43	-0.44
70.168	-0.943	0.112	0.502	0.30	0.44	-0.44
70.176	-0.943	0.111	0.502	0.30	0.44	-0.44
70.184	-0.943	0.109	0.502	0.30	0.44	-0.44
70.192	-0.944	0.108	0.502	0.30	0.44	-0.44
70.200	-0.944	0.106	0.502	0.30	0.44	-0.44
70.208	-0.944	0.104	0.502	0.29	0.44	-0.44
70.216	-0.945	0.103	0.502	0.29	0.44	-0.44
70.224	-0.945	0.101	0.502	0.29	0.44	-0.44
70.232	-0.945	0.100	0.502	0.29	0.44	-0.44
70.240	-0.946	0.098	0.502	0.29	0.45	-0.44
70.248	-0.946	0.096	0.502	0.29	0.45	-0.44
70.256	-0.946	0.095	0.502	0.28	0.45	-0.44
70.264	-0.946	0.093	0.502	0.28	0.45	-0.44
70.272	-0.947	0.091	0.502	0.28	0.45	-0.44
70.280	-0.947	0.090	0.502	0.28	0.45	-0.44
70.288	-0.947	0.088	0.502	0.28	0.45	-0.44
70.296	-0.948	0.087	0.502	0.28	0.45	-0.44
70.304	-0.948	0.085	0.502	0.28	0.45	-0.44
70.312	-0.948	0.083	0.502	0.27	0.45	-0.44
70.320	-0.948	0.082	0.502	0.27	0.45	-0.44
70.328	-0.949	0.080	0.502	0.27	0.46	-0.44
70.336	-0.949	0.079	0.502	0.27	0.46	-0.44
70.344	-0.949	0.077	0.502	0.27	0.46	-0.44
70.352	-0.949	0.075	0.502	0.27	0.46	-0.44
70.360	-0.950	0.074	0.502	0.26	0.46	-0.44
70.368	-0.950	0.072	0.502	0.26	0.46	-0.44
70.376	-0.950	0.070	0.502	0.26	0.46	-0.44
70.384	-0.950	0.069	0.502	0.26	0.46	-0.44
70.392	-0.951	0.067	0.502	0.26	0.46	-0.44
70.400	-0.951	0.065	0.502	0.26	0.46	-0.44
70.408	-0.951	0.064	0.502	0.26	0.46	-0.44
70.416	-0.951	0.062	0.502	0.25	0.47	-0.44
70.424	-0.951	0.061	0.502	0.25	0.47	-0.44
70.432	-0.952	0.059	0.502	0.25	0.47	-0.44
70.440	-0.952	0.057	0.502	0.25	0.47	-0.44
70.448	-0.952	0.056	0.502	0.25	0.47	-0.44
70.456	-0.952	0.054	0.502	0.25	0.47	-0.44
70.464	-0.952	0.052	0.502	0.24	0.47	-0.44
70.472	-0.952	0.051	0.502	0.24	0.47	-0.44
70.480	-0.953	0.049	0.502	0.24	0.47	-0.44
70.488	-0.953	0.048	0.502	0.24	0.47	-0.44
70.496	-0.953	0.046	0.502	0.24	0.47	-0.44
70.504	-0.953	0.044	0.502	0.24	0.47	-0.44
70.512	-0.953	0.043	0.502	0.23	0.48	-0.44
70.520	-0.953	0.041	0.502	0.23	0.48	-0.44
70.528	-0.953	0.039	0.502	0.23	0.48	-0.44
70.536	-0.954	0.038	0.502	0.23	0.48	-0.44
70.544	-0.954	0.036	0.502	0.23	0.48	-0.44
70.552	-0.954	0.034	0.502	0.23	0.48	-0.44
70.560	-0.954	0.033	0.502	0.22	0.48	-0.44
70.568	-0.954	0.031	0.502	0.22	0.48	-0.44
70.576	-0.954	0.029	0.502	0.22	0.48	-0.44
70.584	-0.954	0.028	0.502	0.22	0.48	-0.44
70.592	-0.954	0.026	0.502	0.22	0.48	-0.44
70.600	-0.954	0.025	0.502	0.22	0.48	-0.44
70.608	-0.954	0.023	0.501	0.21	0.48	-0.44
70.616	-0.955	0.021	0.501	0.21	0.49	-0.44
70.624	-0.955	0.020	0.501	0.21	0.49	-0.44
70.632	-0.955	0.018	0.501	0.21	0.49	-0.44
70.640	-0.955	0.016	0.501	0.21	0.49	-0.44
70.648	-0.955	0.015	0.501	0.21	0.49	-0.44
70.656	-0.955	0.013	0.501	0.20	0.49	-0.44
70.664	-0.955	0.011	0.501	0.20	0.49	-0.44
70.672	-0.955	0.010	0.501	0.20	0.49	-0.44
70.680	-0.955	0.008	0.501	0.20	0.49	-0.44
70.688	-0.955	0.006	0.501	0.20	0.49	-0.44
70.696	-0.955	0.005	0.501	0.20	0.49	-0.44
70.704	-0.955	0.003	0.501	0.19	0.49	-0.44
70.712	-0.955	0.002	0.501	0.19	0.49	-0.44
70.720	-0.955	-0.000	0.501	0.19	0.49	-0.44
70.728	-0.955	-0.002	0.501	0.19	0.50	-0.44
70.736	-0.955	-0.003	0.501	0.19	0.50	-0.44
70.744	-0.955	-0.005	0.501	0.19	0.50	-0.44
70.752	-0.955	-0.007	0.501	0.18	0.50	-0.44
70.760	-0.955	-0.008	0.501	0.18	0.50	-0.44
70.768	-0.955	-0.010	0.501	0.18	0.50	-0.44
70.776	-0.955	-0.012	0.501	0.18	0.50	-0.44
70.784	-0.955	-0.013	0.501	0.18	0.50	-0.44
70.792	-0.955	-0.015	0.501	0.18	0.50	-0.44
70.800	-0.955	-0.017	0.501	0.17	0.50	-0.44
70.808	-0.955	-0.018	0.501	0.17	0.50	-0.44
70.816	-0.954	-0.020	0.501	0.17	0.50	-0.44
70.824	-0.954	-0.021	0.501	0.17	0.50	-0.44
70.832	-0.954	-0.023	0.501	0.17	0.50	-0.44
70.840	-0.954	-0.025	0.501	0.17	0.50	-0.44
70.848	-0.954	-0.026	0.501	0.16	0.50	-0.44
70.856	-0.954	-0.028	0.501	0.16	0.51	-0.44
70.864	-0.954	-0.030	0.501	0.16	0.51	-0.44
70.872	-0.954	-0.031	0.501	0.16	0.51	-0.44
70.880	-0.954	-0.033	0.501	0.16	0.51	-0.44
70.888	-0.954	-0.035	0.501	0.16	0.51	-0.44
70.896	-0.953	-0.036	0.501	0.15	0.51	-0.44
70.904	-0.953	-0.038	0.501	0.15	0.51	-0.44
70.912	-0.953	-0.040	0.501	0.15	0.51	-0.44
70.920	-0.953	-0.041	0.501	0.15	0.51	-0.44
70.928	-0.953	-0.043	0.501	0.15	0.51	-0.44
70.936	-0.953	-0.044	0.501	0.14	0.51	-0.44
70.944	-0.953	-0.046	0.501	0.14	0.51	-0.44
70.952	-0.952	-0.048	0.501	0.14	0.51	-0.44
70.960	-0.952	-0.049	0.501	0.14	0.51	-0.44
70.968	-0.952	-0.051	0.501	0.14	0.51	-0.44
70.976	-0.952	-0.053	0.501	0.14	0.51	-0.44
70.984	-0.952	-0.054	0.501	0.13	0.51	-0.44
70.992	-0.952	-0.056	0.501	0.13	0.51	-0.44
71.000	-0.951	-0.058	0.501	0.13	0.51	-0.44
71.008	-0.951	-0.059	0.501	0.13	0.51	-0.44
71.016	-0.951	-0.061	0.501	0.13	0.52	-0.44
71.024	-0.951	-0.062	0.501	0.13	0.52	-0.44
71.032	-0.951	-0.064	0.501	0.12	0.52	-0.44
71.040	-0.950	-0.066	0.501	0.12	0.52	-0.44
71.048	-0.950	-0.067	0.501	0.12	0.52	-0.44
71.056	-0.950	-0.069	0.501	0.12	0.52	-0.44
71.064	-0.950	-0.071	0.501	0.12	0.52	-0.44
71.072	-0.949	-0.072	0.501	0.11	0.52	-0.44
71.080	-0.949	-0.074	0.501	0.11	0.52	-0.44
71.088	-0.949	-0.075	0.501	0.11	0.52	-0.44
71.096	-0.949	-0.077	0.501	0.11	0.52	-0.44
71.104	-0.948	-0.079	0.501	0.11	0.52	-0.44
71.112	-0.948	-0.080	0.501	0.11	0.52	-0.44
71.120	-0.948	-0.082	0.501	0.10	0.52	-0.44
71.128	-0.948	-0.084	0.501	0.10	0.52	-0.44
71.136	-0.947	-0.085	0.501	0.10	0.52	-0.44
71.144	-0.947	-0.087	0.501	0.10	0.52	-0.44
71.152	-0.947	-0.088	0.501	0.10	0.52	-0.44
71.160	-0.946	-0.090	0.501	0.10	0.52	-0.44
71.168	-0.946	-0.092	0.501	0.09	0.52	-0.44
71.176	-0.946	-0.093	0.501	0.09	0.52	-0.44
71.184	-0.946	-0.095	0.501	0.09	0.52	-0.44
71.192	-0.945	-0.096	0.501	0.09	0.52	-0.44
71.200	-0.945	-0.098	0.501	0.09	0.52	-0.44
71.208	-0.945	-0.100	0.501	0.08	0.52	-0.44
71.216	-0.944	-0.101	0.501	0.08	0.52	-0.44
71.224	-0.944	-0.103	0.501	0.08	0.52	-0.44
71.232	-0.944	-0.105	0.501	0.08	0.53	-0.44
71.240	-0.943	-0.106	0.501	0.08	0.53	-0.44
71.248	-0.943	-0.108	0.501	0.08	0.53	-0.44
71.256	-0.942	-0.109	0.501	0.07	0.53	-0.44
71.264	-0.942	-0.111	0.501	0.07	0.53	-0.44
71.272	-0.942	-0.113	0.501	0.07	0.53	-0.44
71.280	-0.941	-0.114	0.501	0.07	0.53	-0.44
71.288	-0.941	-0.116	0.501	0.07	0.53	-0.44
71.296	-0.941	-0.117	0.501	0.07	0.53	-0.44
71.304	-0.940	-0.119	0.501	0.06	0.53	-0.44
71.312	-0.940	-0.121	0.501	0.06	0.53	-0.44
71.320	-0.939	-0.122	0.501	0.06	0.53	-0.44
71.328	-0.939	-0.124	0.501	0.06	0.53	-0.44
71.336	-0.939	-0.125	0.501	0.06	0.53	-0.44
71.344	-0.938	-0.127	0.501	0.05	0.53	-0.44
71.352	-0.938	-0.128	0.501	0.05	0.53	-0.44
71.360	-0.937	-0.130	0.501	0.05	0.53	-0.44
71.368	-0.937	-0.132	0.501	0.05	0.53	-0.44
71.376	-0.936	-0.133	0.501	0.05	0.53	-0.44
71.384	-0.936	-0.135	0.501	0.05	0.53	-0.44
71.392	-0.935	-0.136	0.501	0.04	0.53	-0.44
71.400	-0.935	-0.138	0.501	0.04	0.53	-0.44
71.408	-0.935	-0.140	0.501	0.04	0.53	-0.44
71.416	-0.934	-0.141	0.501	0.04	0.53	-0.44
71.424	-0.934	-0.143	0.501	0.04	0.53	-0.44
71.432	-0.933	-0.144	0.501	0.03	0.53	-0.44
71.440	-0.933	-0.146	0.501	0.03	0.53	-0.44
71.448	-0.932	-0.147	0.501	0.03	0.53	-0.44
71.456	-0.932	-0.149	0.501	0.03	0.53	-0.44
71.464	-0.931	-0.151	0.501	0.03	0.53	-0.44
71.472	-0.931	-0.152	0.501	0.03	0.53	-0.44
71.480	-0.930	-0.154	0.501	0.02	0.53	-0.44
71.488	-0.930	-0.155	0.501	0.02	0.53	-0.44
71.496	-0.929	-0.157	0.501	0.02	0.53	-0.44
71.504	-0.929	-0.158	0.501	0.02	0.53	-0.44
71.512	-0.928	-0.160	0.501	0.02	0.53	-0.44
71.520	-0.928	-0.161	0.501	0.01	0.53	-0.44
71.528	-0.927	-0.163	0.501	0.01	0.53	-0.44
71.536	-0.926	-0.165	0.501	0.01	0.53	-0.44
71.544	-0.926	-0.166	0.501	0.01	0.53	-0.44
71.552	-0.925	-0.168	0.501	0.01	0.53	-0.44
71.560	-0.925	-0.169	0.501	0.01	0.53	-0.44
71.568	-0.924	-0.171	0.501	0.00	0.53	-0.44
71.576	-0.924	-0.172	0.501	0.00	0.53	-0.44
71.584	-0.923	-0.174	0.501	0.00	0.53	-0.44
71.592	-0.922	-0.175	0.501	-0.00	0.53	-0.44
71.600	-0.922	-0.177	0.501	-0.00	0.53	-0.44
71.608	-0.921	-0.178	0.501	-0.01	0.53	-0.44
71.616	-0.921	-0.180	0.501	-0.01	0.53	-0.44
71.624	-0.920	-0.181	0.501	-0.01	0.53	-0.44
71.632	-0.920	-0.183	0.501	-0.01	0.53	-0.44
71.640	-0.919	-0.185	0.501	-0.01	0.53	-0.44
71.648	-0.918	-0.186	0.501	-0.01	0.53	-0.44
71.656	-0.918	-0.188	0.501	-0.02	0.53	-0.44
71.664	-0.917	-0.189	0.501	-0.02	0.53	-0.44
71.672	-0.916	-0.191	0.501	-0.02	0.53	-0.44
71.680	-0.916	-0.192	0.501	-0.02	0.53	-0.44
71.688	-0.915	-0.194	0.501	-0.02	0.53	-0.44
71.696	-0.914	-0.195	0.501	-0.03	0.53	-0.44
71.704	-0.914	-0.197	0.501	-0.03	0.53	-0.44
71.712	-0.913	-0.198	0.501	-0.03	0.53	-0.44
71.720	-0.913	-0.200	0.501	-0.03	0.53	-0.44
71.728	-0.912	-0.201	0.501	-0.03	0.53	-0.44
71.736	-0.911	-0.203	0.501	-0.03	0.53	-0.44
71.744	-0.910	-0.204	0.501	-0.04	0.53	-0.44
71.752	-0.910	-0.206	0.501	-0.04	0.53	-0.44
71.760	-0.909	-0.207	0.501	-0.04	0.53	-0.44
71.768	-0.908	-0.209	0.501	-0.04	0.53	-0.44
71.776	-0.908	-0.210	0.501	-0.04	0.53	-0.44
71.784	-0.907	-0.212	0.501	-0.04	0.53	-0.44
71.792	-0.906	-0.213	0.501	-0.05	0.53	-0.44
71.800	-0.906	-0.215	0.501	-0.05	0.53	-0.44
71.808	-0.905	-0.216	0.501	-0.05	0.53	-0.44
71.816	-0.904	-0.218	0.501	-0.05	0.53	-0.44
71.824	-0.903	-0.219	0.501	-0.05	0.53	-0.44
71.832	-0.903	-0.220	0.501	-0.06	0.53	-0.44
71.840	-0.902	-0.222	0.501	-0.06	0.53	-0.44
71.848	-0.901	-0.223	0.501	-0.06	0.53	-0.44
71.856	-0.901	-0.225	0.501	-0.06	0.53	-0.44
71.864	-0.900	-0.226	0.501	-0.06	0.53	-0.44
71.872	-0.899	-0.228	0.501	-0.06	0.53	-0.44
71.880	-0.898	-0.229	0.501	-0.07	0.53	-0.44
71.888	-0.897	-0.231	0.501	-0.07	0.53	-0.44
71.896	-0.897	-0.232	0.500	-0.07	0.53	-0.44
71.904	-0.896	-0.234	0.500	-0.07	0.53	-0.44
71.912	-0.895	-0.235	0.500	-0.07	0.53	-0.44
71.920	-0.894	-0.236	0.500	-0.08	0.53	-0.44
71.928	-0.894	-0.238	0.500	-0.08	0.53	-0.44
71.936	-0.893	-0.239	0.500	-0.08	0.53	-0.44
71.944	-0.892	-0.241	0.500	-0.08	0.53	-0.44
71.952	-0.891	-0.242	0.500	-0.08	0.53	-0.44
71.960	-0.890	-0.244	0.500	-0.08	0.53	-0.44
71.968	-0.890	-0.245	0.500	-0.09	0.53	-0.44
71.976	-0.889	-0.246	0.500	-0.09	0.53	-0.44
71.984	-0.888	-0.248	0.500	-0.09	0.53	-0.44
71.992	-0.887	-0.249	0.500	-0.09	0.52	-0.44
72.000	-0.886	-0.251	0.500	-0.09	0.52	-0.44
72.008	-0.885	-0.252	0.500	-0.10	0.52	-0.44
72.016	-0.885	-0.254	0.500	-0.10	0.52	-0.44
72.024	-0.884	-0.255	0.500	-0.10	0.52	-0.44
72.032	-0.883	-0.256	0.500	-0.10	0.52	-0.44
72.040	-0.882	-0.258	0.500	-0.10	0.52	-0.44
72.048	-0.881	-0.259	0.500	-0.10	0.52	-0.44
72.056	-0.880	-0.261	0.500	-0.11	0.52	-0.44
72.064	-0.879	-0.262	0.500	-0.11	0.52	-0.44
72.072	-0.879	-0.263	0.500	-0.11	0.52	-0.44
72.080	-0.878	-0.265	0.500	-0.11	0.52	-0.44
72.088	-0.877	-0.266	0.500	-0.11	0.52	-0.44
72.096	-0.876	-0.267	0.500	-0.11	0.52	-0.44
72.104	-0.875	-0.269	0.500	-0.12	0.52	-0.44
72.112	-0.874	-0.270	0.500	-0.12	0.52	-0.44
72.120	-0.873	-0.272	0.500	-0.12	0.52	-0.44
72.128	-0.872	-0.273	0.500	-0.12	0.52	-0.44
72.136	-0.871	-0.274	0.500	-0.12	0.52	-0.44
72.144	-0.871	-0.276	0.500	-0.13	0.52	-0.44
72.152	-0.870	-0.277	0.500	-0.13	0.52	-0.44
72.160	-0.869	-0.278	0.500	-0.13	0.52	-0.44
72.168	-0.868	-0.280	0.500	-0.13	0.52	-0.44
72.176	-0.867	-0.281	0.500	-0.13	0.52	-0.44
72.184	-0.866	-0.282	0.500	-0.13	0.52	-0.44
72.192	-0.865	-0.284	0.500	-0.14	0.52	-0.44
72.200	-0.864	-0.285	0.500	-0.14	0.52	-0.44
72.208	-0.863	-0.286	0.500	-0.14	0.51	-0.44
72.216	-0.862	-0.288	0.500	-0.14	0.51	-0.44
72.224	-0.861	-0.289	0.500	-0.14	0.51	-0.44
72.232	-0.860	-0.290	0.500	-0.14	0.51	-0.44
72.240	-0.859	-0.292	0.500	-0.15	0.51	-0.44
72.248	-0.858	-0.293	0.500	-0.15	0.51	-0.44
72.256	-0.857	-0.294	0.500	-0.15	0.51	-0.44
72.264	-0.856	-0.296	0.500	-0.15	0.51	-0.44
72.272	-0.855	-0.297	0.500	-0.15	0.51	-0.44
72.280	-0.854	-0.298	0.500	-0.15	0.51	-0.44
72.288	-0.853	-0.300	0.500	-0.16	0.51	-0.44
72.296	-0.852	-0.301	0.500	-0.16	0.51	-0.44
72.304	-0.851	-0.302	0.500	-0.16	0.51	-0.44
72.312	-0.850	-0.304	0.500	-0.16	0.51	-0.44
72.320	-0.849	-0.305	0.500	-0.16	0.51	-0.44
72.328	-0.848	-0.306	0.500	-0.17	0.51	-0.44
72.336	-0.847	-0.307	0.500	-0.17	0.51	-0.44
72.344	-0.846	-0.309	0.500	-0.17	0.51	-0.44
72.352	-0.845	-0.310	0.500	-0.17	0.51	-0.44
72.360	-0.844	-0.311	0.500	-0.17	0.51	-0.44
72.368	-0.843	-0.313	0.500	-0.17	0.50	-0.44
72.376	-0.842	-0.314	0.500	-0.18	0.50	-0.44
72.384	-0.841	-0.315	0.500	-0.18	0.50	-0.44
72.392	-0.840	-0.316	0.500	-0.18	0.50	-0.44
72.400	-0.839	-0.318	0.500	-0.18	0.50	-0.44
72.408	-0.838	-0.319	0.500	-0.18	0.50	-0.44
72.416	-0.837	-0.320	0.500	-0.18	0.50	-0.44
72.424	-0.836	-0.321	0.500	-0.19	0.50	-0.44
72.432	-0.835	-0.323	0.500	-0.19	0.50	-0.44
72.440	-0.834	-0.324	0.500	-0.19	0.50	-0.44
72.448	-0.833	-0.325	0.500	-0.19	0.50	-0.44
72.456	-0.832	-0.326	0.500	-0.19	0.50	-0.44
72.464	-0.830	-0.327	0.500	-0.19	0.50	-0.44
72.472	-0.829	-0.329	0.500	-0.20	0.50	-0.44
72.480	-0.828	-0.330	0.500	-0.20	0.50	-0.44
72.488	-0.827	-0.331	0.500	-0.20	0.50	-0.44
72.496	-0.826	-0.332	0.500	-0.20	0.49	-0.44
72.504	-0.825	-0.334	0.500	-0.20	0.49	-0.44
72.512	-0.824	-0.335	0.500	-0.20	0.49	-0.44
72.520	-0.823	-0.336	0.500	-0.21	0.49	-0.44
72.528	-0.822	-0.337	0.500	-0.21	0.49	-0.44
72.536	-0.821	-0.338	0.500	-0.21	0.49	-0.44
72.544	-0.819	-0.340	0.500	-0.21	0.49	-0.44
72.552	-0.818	-0.341	0.500	-0.21	0.49	-0.44
72.560	-0.817	-0.342	0.500	-0.21	0.49	-0.44
72.568	-0.816	-0.343	0.500	-0.22	0.49	-0.44
72.576	-0.815	-0.344	0.500	-0.22	0.49	-0.44
72.584	-0.814	-0.345	0.500	-0.22	0.49	-0.44
72.592	-0.813	-0.347	0.500	-0.22	0.49	-0.44
72.600	-0.811	-0.348	0.500	-0.22	0.49	-0.44
72.608	-0.810	-0.349	0.500	-0.22	0.48	-0.44
72.616	-0.809	-0.350	0.500	-0.23	0.48	-0.44
72.624	-0.808	-0.351	0.500	-0.23	0.48	-0.44
72.632	-0.807	-0.352	0.500	-0.23	0.48	-0.44
72.640	-0.806	-0.354	0.500	-0.23	0.48	-0.44
72.648	-0.804	-0.355	0.500	-0.23	0.48	-0.44
72.656	-0.803	-0.356	0.500	-0.23	0.48	-0.44
72.664	-0.802	-0.357	0.500	-0.24	0.48	-0.44
72.672	-0.801	-0.358	0.500	-0.24	0.48	-0.44
72.680	-0.800	-0.359	0.500	-0.24	0.48	-0.44
72.688	-0.798	-0.360	0.500	-0.24	0.48	-0.44
72.696	-0.797	-0.361	0.500	-0.24	0.48	-0.44
72.704	-0.796	-0.363	0.500	-0.24	0.48	-0.44
72.712	-0.795	-0.364	0.500	-0.25	0.47	-0.44
72.720	-0.794	-0.365	0.500	-0.25	0.47	-0.44
72.728	-0.792	-0.366	0.500	-0.25	0.47	-0.44
72.736	-0.791	-0.367	0.500	-0.25	0.47	-0.44
72.744	-0.790	-0.368	0.500	-0.25	0.47	-0.44
72.752	-0.789	-0.369	0.500	-0.25	0.47	-0.44
72.760	-0.788	-0.370	0.500	-0.25	0.47	-0.44
72.768	-0.786	-0.371	0.500	-0.26	0.47	-0.44
72.776	-0.785	-0.372	0.500	-0.26	0.47	-0.44
72.784	-0.784	-0.373	0.500	-0.26	0.47	-0.44
72.792	-0.783	-0.374	0.500	-0.26	0.47	-0.44
72.800	-0.781	-0.376	0.500	-0.26	0.47	-0.44
72.808	-0.780	-0.377	0.500	-0.26	0.46	-0.44
72.816	-0.779	-0.378	0.500	-0.27	0.46	-0.44
72.824	-0.778	-0.379	0.500	-0.27	0.46	-0.44
72.832	-0.776	-0.380	0.500	-0.27	0.46	-0.44
72.840	-0.775	-0.381	0.500	-0.27	0.46	-0.44
72.848	-0.774	-0.382	0.500	-0.27	0.46	-0.44
72.856	-0.773	-0.383	0.500	-0.27	0.46	-0.44
72.864	-0.771	-0.384	0.500	-0.28	0.46	-0.44
72.872	-0.770	-0.385	0.500	-0.28	0.46	-0.44
72.880	-0.769	-0.386	0.500	-0.28	0.46	-0.44
72.888	-0.767	-0.387	0.500	-0.28	0.46	-0.44
72.896	-0.766	-0.388	0.500	-0.28	0.45	-0.44
72.904	-0.765	-0.389	0.500	-0.28	0.45	-0.44
72.912	-0.764	-0.390	0.500	-0.28	0.45	-0.44
72.920	-0.762	-0.391	0.500	-0.29	0.45	-0.44
72.928	-0.761	-0.392	0.500	-0.29	0.45	-0.44
72.936	-0.760	-0.393	0.500	-0.29	0.45	-0.44
72.944	-0.758	-0.394	0.500	-0.29	0.45	-0.44
72.952	-0.757	-0.395	0.500	-0.29	0.45	-0.44
72.960	-0.756	-0.396	0.500	-0.29	0.45	-0.44
72.968	-0.754	-0.397	0.500	-0.30	0.45	-0.44
72.976	-0.753	-0.398	0.500	-0.30	0.45	-0.44
72.984	-0.752	-0.399	0.500	-0.30	0.44	-0.44
72.992	-0.751	-0.400	0.500	-0.30	0.44	-0.44
73.000	-0.749	-0.401	0.500	-0.30	0.44	-0.44
73.008	-0.748	-0.402	0.500	-0.30	0.44	-0.44
73.016	-0.747	-0.403	0.500	-0.30	0.44	-0.44
73.024	-0.745	-0.403	0.500	-0.31	0.44	-0.44
73.032	-0.744	-0.404	0.500	-0.31	0.44	-0.44
73.040	-0.743	-0.405	0.500	-0.31	0.44	-0.44
73.048	-0.741	-0.406	0.500	-0.31	0.44	-0.44
73.056	-0.740	-0.407	0.500	-0.31	0.44	-0.44
73.064	-0.738	-0.408	0.500	-0.31	0.43	-0.44
73.072	-0.737	-0.409	0.500	-0.31	0.43	-0.44
73.080	-0.736	-0.410	0.500	-0.32	0.43	-0.44
73.088	-0.734	-0.411	0.500	-0.32	0.43	-0.44
73.096	-0.733	-0.412	0.500	-0.32	0.43	-0.44
73.104	-0.732	-0.413	0.500	-0.32	0.43	-0.44
73.112	-0.730	-0.413	0.500	-0.32	0.43	-0.44
73.120	-0.729	-0.414	0.500	-0.32	0.43	-0.44
73.128	-0.728	-0.415	0.500	-0.32	0.43	-0.44
73.136	-0.726	-0.416	0.500	-0.33	0.42	-0.44
73.144	-0.725	-0.417	0.500	-0.33	0.42	-0.44
73.152	-0.723	-0.418	0.500	-0.33	0.42	-0.44
73.160	-0.722	-0.419	0.500	-0.33	0.42	-0.44
73.168	-0.721	-0.420	0.500	-0.33	0.42	-0.44
73.176	-0.719	-0.420	0.500	-0.33	0.42	-0.44
73.184	-0.718	-0.421	0.500	-0.33	0.42	-0.44
73.192	-0.716	-0.422	0.500	-0.34	0.42	-0.44
73.200	-0.715	-0.423	0.500	-0.34	0.42	-0.44
73.208	-0.714	-0.424	0.500	-0.34	0.41	-0.44
73.216	-0.712	-0.425	0.500	-0.34	0.41	-0.44
73.224	-0.711	-0.425	0.500	-0.34	0.41	-0.44
73.232	-0.709	-0.426	0.500	-0.34	0.41	-0.44
73.240	-0.708	-0.427	0.500	-0.34	0.41	-0.44
73.248	-0.707	-0.428	0.500	-0.35	0.41	-0.44
73.256	-0.705	-0.429	0.500	-0.35	0.41	-0.44
73.264	-0.704	-0.429	0.500	-0.35	0.41	-0.44
73.272	-0.702	-0.430	0.500	-0.35	0.41	-0.44
73.280	-0.701	-0.431	0.500	-0.35	0.40	-0.44
73.288	-0.699	-0.432	0.500	-0.35	0.40	-0.44
73.296	-0.698	-0.433	0.500	-0.35	0.40	-0.44
73.304	-0.697	-0.433	0.500	-0.36	0.40	-0.44
73.312	-0.695	-0.434	0.500	-0.36	0.40	-0.44
73.320	-0.694	-0.435	0.500	-0.36	0.40	-0.44
73.328	-0.692	-0.436	0.500	-0.36	0.40	-0.44
73.336	-0.691	-0.436	0.500	-0.36	0.40	-0.44
73.344	-0.689	-0.437	0.500	-0.36	0.39	-0.44
73.352	-0.688	-0.438	0.500	-0.36	0.39	-0.44
73.360	-0.686	-0.439	0.500	-0.36	0.39	-0.44
73.368	-0.685	-0.439	0.500	-0.37	0.39	-0.44
73.376	-0.684	-0.440	0.500	-0.37	0.39	-0.44
73.384	-0.682	-0.441	0.500	-0.37	0.39	-0.44
73.392	-0.681	-0.442	0.500	-0.37	0.39	-0.44
73.400	-0.679	-0.442	0.500	-0.37	0.39	-0.44
73.408	-0.678	-0.443	0.500	-0.37	0.39	-0.44
73.416	-0.676	-0.444	0.500	-0.37	0.38	-0.44
73.424	-0.675	-0.444	0.500	-0.38	0.38	-0.44
73.432	-0.673	-0.445	0.500	-0.38	0.38	-0.44
73.440	-0.672	-0.446	0.500	-0.38	0.38	-0.44
73.448	-0.670	-0.446	0.500	-0.38	0.38	-0.44
73.456	-0.669	-0.447	0.500	-0.38	0.38	-0.44
73.464	-0.667	-0.448	0.500	-0.38	0.38	-0.44
73.472	-0.666	-0.448	0.500	-0.38	0.37	-0.44
73.480	-0.664	-0.449	0.500	-0.38	0.37	-0.44
73.488	-0.663	-0.450	0.500	-0.39	0.37	-0.44
73.496	-0.661	-0.450	0.500	-0.39	0.37	-0.44
73.504	-0.660	-0.451	0.500	-0.39	0.37	-0.44
73.512	-0.658	-0.452	0.500	-0.39	0.37	-0.44
73.520	-0.657	-0.452	0.500	-0.39	0.37	-0.44
73.528	-0.655	-0.453	0.500	-0.39	0.37	-0.44
73.536	-0.654	-0.454	0.500	-0.39	0.36	-0.44
73.544	-0.652	-0.454	0.500	-0.39	0.36	-0.44
73.552	-0.651	-0.455	0.500	-0.40	0.36	-0.44
73.560	-0.649	-0.456	0.500	-0.40	0.36	-0.44
73.568	-0.648	-0.456	0.500	-0.40	0.36	-0.44
73.576	-0.646	-0.457	0.500	-0.40	0.36	-0.44
73.584	-0.645	-0.457	0.500	-0.40	0.36	-0.44
73.592	-0.643	-0.458	0.500	-0.40	0.36	-0.44
73.600	-0.642	-0.458	0.500	-0.40	0.35	-0.44
73.608	-0.640	-0.459	0.500	-0.40	0.35	-0.44
73.616	-0.639	-0.460	0.500	-0.41	0.35	-0.44
73.624	-0.637	-0.460	0.500	-0.41	0.35	-0.44
73.632	-0.636	-0.461	0.500	-0.41	0.35	-0.44
73.640	-0.634	-0.461	0.500	-0.41	0.35	-0.44
73.648	-0.633	-0.462	0.500	-0.41	0.35	-0.44
73.656	-0.631	-0.462	0.500	-0.41	0.34	-0.44
73.664	-0.630	-0.463	0.500	-0.41	0.34	-0.44
73.672	-0.628	-0.464	0.500	-0.41	0.34	-0.44
73.680	-0.626	-0.464	0.500	-0.41	0.34	-0.44
73.688	-0.625	-0.465	0.500	-0.42	0.34	-0.44
73.696	-0.623	-0.465	0.500	-0.42	0.34	-0.44
73.704	-0.622	-0.466	0.500	-0.42	0.34	-0.44
73.712	-0.620	-0.466	0.500	-0.42	0.33	-0.44
73.720	-0.619	-0.467	0.500	-0.42	0.33	-0.44
73.728	-0.617	-0.467	0.500	-0.42	0.33	-0.44
73.736	-0.616	-0.468	0.500	-0.42	0.33	-0.44
73.744	-0.614	-0.468	0.500	-0.42	0.33	-0.44
73.752	-0.613	-0.469	0.500	-0.42	0.33	-0.44
73.760	-0.611	-0.469	0.500	-0.43	0.33	-0.44
73.768	-0.609	-0.470	0.500	-0.43	0.33	-0.44
73.776	-0.608	-0.470	0.500	-0.43	0.32	-0.44
73.784	-0.606	-0.471	0.500	-0.43	0.32	-0.44
73.792	-0.605	-0.471	0.500	-0.43	0.32	-0.44
73.800	-0.603	-0.472	0.500	-0.43	0.32	-0.44
73.808	-0.602	-0.472	0.500	-0.43	0.32	-0.44
73.816	-0.600	-0.472	0.500	-0.43	0.32	-0.44
73.824	-0.598	-0.473	0.500	-0.43	0.31	-0.44
73.832	-0.597	-0.473	0.500	-0.44	0.31	-0.44
73.840	-0.596	-0.474	0.500	-0.44	0.39	-0.44
73.848	-0.595	-0.474	0.500	-0.44	0.64	-0.44
73.856	-0.594	-0.475	0.500	-0.44	1.13	-0.45
73.864	-0.593	-0.475	0.500	-0.44	1.95	-0.45
73.872	-0.592	-0.475	0.500	-0.44	3.02	-0.46
73.880	-0.592	-0.476	0.500	-0.44	4.24	-0.47
73.888	-0.592	-0.476	0.500	-0.45	5.55	-0.48
73.896	-0.591	-0.477	0.500	-0.45	6.86	-0.49
73.904	-0.591	-0.477	0.500	-0.45	8.08	-0.50
73.912	-0.591	-0.477	0.500	-0.45	9.14	-0.51
73.920	-0.591	-0.478	0.500	-0.46	9.97	-0.52
73.928	-0.591	-0.478	0.500	-0.47	10.62	-0.52
73.936	-0.591	-0.479	0.500	-0.48	11.17	-0.53
73.944	-0.591	-0.479	0.500	-0.50	11.67	-0.53
73.952	-0.591	-0.479	0.500	-0.51	12.14	-0.53
73.960	-0.591	-0.480	0.500	-0.53	12.58	-0.54
73.968	-0.592	-0.480	0.500	-0.54	13.00	-0.54
73.976	-0.592	-0.480	0.500	-0.55	13.38	-0.55
73.984	-0.592	-0.481	0.500	-0.56	13.73	-0.55
73.992	-0.592	-0.481	0.499	-0.57	14.05	-0.55
74.000	-0.593	-0.481	0.499	-0.57	14.34	-0.56
74.008	-0.593	-0.482	0.499	-0.58	14.61	-0.56
74.016	-0.593	-0.482	0.499	-0.59	14.85	-0.56
74.024	-0.593	-0.482	0.499	-0.59	15.06	-0.56
74.032	-0.594	-0.483	0.498	-0.60	15.26	-0.57
74.040	-0.594	-0.483	0.498	-0.60	15.44	-0.57
74.048	-0.594	-0.483	0.498	-0.61	15.60	-0.57
74.056	-0.594	-0.483	0.498	-0.61	15.75	-0.57
74.064	-0.595	-0.484	0.497	-0.61	15.88	-0.57
74.072	-0.595	-0.484	0.497	-0.62	16.00	-0.57
74.080	-0.595	-0.484	0.497	-0.62	16.11	-0.57
74.088	-0.595	-0.485	0.496	-0.62	16.21	-0.58
74.096	-0.595	-0.485	0.496	-0.63	16.29	-0.58
74.104	-0.596	-0.485	0.496	-0.63	16.37	-0.58
74.112	-0.596	-0.485	0.495	-0.63	16.43	-0.58
74.120	-0.596	-0.486	0.495	-0.63	16.49	-0.58
74.128	-0.596	-0.486	0.494	-0.63	16.53	-0.58
74.136	-0.596	-0.486	0.494	-0.64	16.48	-0.58
74.144	-0.596	-0.486	0.494	-0.64	16.42	-0.58
74.152	-0.596	-0.487	0.493	-0.64	16.39	-0.58
74.160	-0.596	-0.487	0.493	-0.64	16.40	-0.58
74.168	-0.596	-0.487	0.492	-0.64	16.42	-0.58
74.176	-0.596	-0.487	0.492	-0.64	16.45	-0.58
74.184	-0.596	-0.487	0.491	-0.65	16.48	-0.58
74.192	-0.596	-0.488	0.491	-0.65	16.51	-0.58
74.200	-0.596	-0.488	0.490	-0.65	16.52	-0.58
74.208	-0.596	-0.488	0.489	-0.65	16.54	-0.58
74.216	-0.596	-0.488	0.489	-0.65	16.54	-0.58
74.224	-0.596	-0.488	0.488	-0.65	16.54	-0.58
74.232	-0.596	-0.489	0.488	-0.65	16.55	-0.58
74.240	-0.596	-0.489	0.487	-0.65	16.54	-0.58
74.248	-0.596	-0.489	0.486	-0.65	16.54	-0.58
74.256	-0.596	-0.489	0.486	-0.65	16.53	-0.58
74.264	-0.595	-0.489	0.485	-0.65	16.52	-0.58
74.272	-0.595	-0.489	0.485	-0.65	16.51	-0.58
74.280	-0.595	-0.489	0.484	-0.65	16.50	-0.58
74.288	-0.595	-0.490	0.483	-0.65	16.49	-0.58
74.296	-0.594	-0.490	0.483	-0.65	16.47	-0.58
74.304	-0.594	-0.490	0.482	-0.65	16.46	-0.58
74.312	-0.594	-0.490	0.481	-0.65	16.44	-0.58
74.320	-0.594	-0.490	0.481	-0.65	16.42	-0.58
74.328	-0.593	-0.490	0.480	-0.65	16.40	-0.58
74.336	-0.593	-0.490	0.479	-0.65	16.38	-0.58
74.344	-0.592	-0.490	0.478	-0.65	16.36	-0.58
74.352	-0.592	-0.490	0.478	-0.65	16.33	-0.58
74.360	-0.592	-0.491	0.477	-0.65	16.31	-0.58
74.368	-0.591	-0.491	0.476	-0.65	16.29	-0.58
74.376	-0.591	-0.491	0.476	-0.65	16.26	-0.58
74.384	-0.590	-0.491	0.475	-0.65	16.24	-0.58
74.392	-0.590	-0.491	0.474	-0.65	16.21	-0.58
74.400	-0.589	-0.491	0.473	-0.65	16.19	-0.58
74.408	-0.589	-0.491	0.473	-0.65	16.16	-0.58
74.416	-0.588	-0.491	0.472	-0.65	16.14	-0.58
74.424	-0.588	-0.491	0.471	-0.65	16.11	-0.57
74.432	-0.587	-0.491	0.471	-0.65	16.08	-0.57
74.440	-0.587	-0.491	0.470	-0.65	16.06	-0.57
74.448	-0.586	-0.491	0.469	-0.65	16.03	-0.57
74.456	-0.585	-0.491	0.468	-0.65	16.00	-0.57
74.464	-0.585	-0.491	0.468	-0.65	15.98	-0.57
74.472	-0.584	-0.491	0.467	-0.65	15.95	-0.57
74.480	-0.583	-0.491	0.466	-0.65	15.93	-0.57
74.488	-0.583	-0.491	0.465	-0.65	15.90	-0.57
74.496	-0.582	-0.491	0.465	-0.65	15.87	-0.57
74.504	-0.581	-0.491	0.464	-0.65	15.85	-0.57
74.512	-0.580	-0.491	0.463	-0.65	15.82	-0.57
74.520	-0.580	-0.491	0.463	-0.65	15.80	-0.57
74.528	-0.579	-0.491	0.462	-0.65	15.77	-0.57
74.536	-0.578	-0.491	0.461	-0.65	15.75	-0.57
74.544	-0.577	-0.491	0.460	-0.65	15.72	-0.57
74.552	-0.577	-0.491	0.460	-0.65	15.70	-0.57
74.560	-0.576	-0.491	0.459	-0.65	15.68	-0.57
74.568	-0.575	-0.491	0.458	-0.65	15.65	-0.57
74.576	-0.574	-0.491	0.458	-0.65	15.63	-0.57
74.584	-0.573	-0.491	0.457	-0.65	15.60	-0.57
74.592	-0.572	-0.490	0.456	-0.65	15.58	-0.57
74.600	-0.572	-0.490	0.456	-0.65	15.56	-0.57
74.608	-0.571	-0.490	0.455	-0.65	15.54	-0.57
74.616	-0.570	-0.490	0.454	-0.65	15.52	-0.57
74.624	-0.569	-0.490	0.454	-0.65	15.49	-0.57
74.632	-0.568	-0.490	0.453	-0.65	15.47	-0.57
74.640	-0.567	-0.490	0.452	-0.65	15.45	-0.57
74.648	-0.566	-0.490	0.452	-0.65	15.43	-0.57
74.656	-0.565	-0.490	0.451	-0.65	15.41	-0.57
74.664	-0.564	-0.490	0.451	-0.65	15.39	-0.57
74.672	-0.563	-0.489	0.450	-0.65	15.37	-0.57
74.680	-0.562	-0.489	0.449	-0.65	15.35	-0.57
74.688	-0.561	-0.489	0.449	-0.65	15.34	-0.57
74.696	-0.560	-0.489	0.448	-0.65	15.32	-0.57
74.704	-0.559	-0.489	0.448	-0.65	15.30	-0.57
74.712	-0.558	-0.489	0.447	-0.65	15.28	-0.57
74.720	-0.557	-0.488	0.446	-0.65	15.26	-0.56
74.728	-0.556	-0.488	0.446	-0.65	15.25	-0.56
74.736	-0.555	-0.488	0.445	-0.65	15.23	-0.56
74.744	-0.554	-0.488	0.445	-0.65	15.21	-0.56
74.752	-0.553	-0.488	0.444	-0.65	15.20	-0.56
74.760	-0.552	-0.488	0.444	-0.65	15.18	-0.56
74.768	-0.551	-0.487	0.443	-0.65	15.17	-0.56
74.776	-0.550	-0.487	0.443	-0.65	15.15	-0.56
74.784	-0.549	-0.487	0.442	-0.65	15.14	-0.56
74.792	-0.548	-0.487	0.442	-0.65	15.12	-0.56
74.800	-0.547	-0.486	0.441	-0.65	15.11	-0.56
74.808	-0.546	-0.486	0.441	-0.65	15.07	-0.56
74.816	-0.545	-0.486	0.440	-0.65	15.03	-0.56
74.824	-0.543	-0.486	0.440	-0.65	14.99	-0.56
74.832	-0.542	-0.485	0.439	-0.65	14.97	-0.56
74.840	-0.541	-0.485	0.439	-0.65	14.96	-0.56
74.848	-0.540	-0.485	0.438	-0.65	14.96	-0.56
74.856	-0.539	-0.485	0.438	-0.65	14.95	-0.56
74.864	-0.538	-0.484	0.438	-0.65	14.94	-0.56
74.872	-0.537	-0.484	0.437	-0.65	14.93	-0.56
74.880	-0.535	-0.484	0.437	-0.65	14.92	-0.56
74.888	-0.534	-0.484	0.436	-0.65	14.91	-0.56
74.896	-0.533	-0.483	0.436	-0.65	14.90	-0.56
74.904	-0.532	-0.483	0.436	-0.65	14.89	-0.56
74.912	-0.531	-0.483	0.435	-0.65	14.88	-0.56
74.920	-0.530	-0.482	0.435	-0.65	14.87	-0.56
74.928	-0.528	-0.482	0.435	-0.65	14.86	-0.56
74.936	-0.527	-0.482	0.434	-0.65	14.86	-0.56
74.944	-0.526	-0.481	0.434	-0.65	14.85	-0.56
74.952	-0.525	-0.481	0.434	-0.65	14.84	-0.56
74.960	-0.524	-0.481	0.434	-0.65	14.83	-0.56
74.968	-0.523	-0.480	0.433	-0.65	14.82	-0.56
74.976	-0.521	-0.480	0.433	-0.65	14.81	-0.56
74.984	-0.520	-0.480	0.433	-0.65	14.81	-0.56
74.992	-0.519	-0.479	0.432	-0.65	14.80	-0.56
75.000	-0.518	-0.479	0.432	-0.65	14.79	-0.56
75.008	-0.516	-0.479	0.432	-0.65	14.78	-0.56
75.016	-0.515	-0.478	0.432	-0.65	14.78	-0.56
75.024	-0.514	-0.478	0.432	-0.65	14.77	-0.56
75.032	-0.513	-0.478	0.431	-0.65	14.76	-0.56
75.040	-0.512	-0.477	0.431	-0.65	14.76	-0.56
75.048	-0.510	-0.477	0.431	-0.65	14.75	-0.56
75.056	-0.509	-0.476	0.431	-0.65	14.74	-0.56
75.064	-0.508	-0.476	0.431	-0.65	14.74	-0.56
75.072	-0.507	-0.476	0.431	-0.65	14.73	-0.56
75.080	-0.505	-0.475	0.430	-0.65	14.73	-0.56
75.088	-0.504	-0.475	0.430	-0.65	14.72	-0.56
75.096	-0.503	-0.474	0.430	-0.65	14.71	-0.56
75.104	-0.502	-0.474	0.430	-0.65	14.71	-0.56
75.112	-0.500	-0.473	0.430	-0.65	14.70	-0.56
75.120	-0.499	-0.473	0.430	-0.65	14.70	-0.56
75.128	-0.498	-0.472	0.430	-0.65	14.69	-0.56
75.136	-0.497	-0.472	0.430	-0.65	14.69	-0.56
75.144	-0.495	-0.472	0.430	-0.65	14.68	-0.56
75.152	-0.494	-0.471	0.430	-0.66	14.68	-0.56
75.160	-0.493	-0.471	0.429	-0.66	14.67	-0.56
75.168	-0.492	-0.470	0.429	-0.66	14.67	-0.56
75.176	-0.490	-0.470	0.429	-0.66	14.67	-0.56
75.184	-0.489	-0.469	0.429	-0.66	14.66	-0.56
75.192	-0.488	-0.469	0.429	-0.66	14.66	-0.56
75.200	-0.487	-0.468	0.429	-0.66	14.65	-0.56
75.208	-0.485	-0.468	0.429	-0.66	14.65	-0.56
75.216	-0.484	-0.467	0.429	-0.66	14.65	-0.56
75.224	-0.483	-0.467	0.429	-0.66	14.64	-0.56
75.232	-0.482	-0.466	0.429	-0.66	14.64	-0.56
75.240	-0.480	-0.466	0.429	-0.66	14.64	-0.56
75.248	-0.479	-0.465	0.430	-0.66	14.63	-0.56
75.256	-0.478	-0.465	0.430	-0.66	14.63	-0.56
75.264	-0.477	-0.464	0.430	-0.66	14.63	-0.56
75.272	-0.475	-0.464	0.430	-0.66	14.62	-0.56
75.280	-0.474	-0.463	0.430	-0.66	14.62	-0.56
75.288	-0.473	-0.462	0.430	-0.66	14.62	-0.56
75.296	-0.471	-0.462	0.430	-0.66	14.62	-0.56
75.304	-0.470	-0.461	0.430	-0.66	14.61	-0.56
75.312	-0.469	-0.461	0.430	-0.66	14.61	-0.56
75.320	-0.468	-0.460	0.430	-0.66	14.61	-0.56
75.328	-0.466	-0.460	0.430	-0.66	14.61	-0.56
75.336	-0.465	-0.459	0.430	-0.66	14.60	-0.56
75.344	-0.464	-0.458	0.431	-0.66	14.60	-0.56
75.352	-0.463	-0.458	0.431	-0.66	14.60	-0.56
75.360	-0.461	-0.457	0.431	-0.66	14.60	-0.56
75.368	-0.460	-0.457	0.431	-0.66	14.59	-0.56
75.376	-0.459	-0.456	0.431	-0.66	14.59	-0.56
75.384	-0.457	-0.455	0.431	-0.66	14.59	-0.56
75.392	-0.456	-0.455	0.432	-0.66	14.59	-0.56
75.400	-0.455	-0.454	0.432	-0.66	14.59	-0.56
75.408	-0.454	-0.454	0.432	-0.66	14.59	-0.56
75.416	-0.452	-0.453	0.432	-0.66	14.58	-0.56
75.424	-0.451	-0.452	0.432	-0.66	14.58	-0.56
75.432	-0.450	-0.452	0.433	-0.66	14.58	-0.56
75.440	-0.449	-0.451	0.433	-0.66	14.58	-0.56
75.448	-0.447	-0.450	0.433	-0.66	14.58	-0.56
75.456	-0.446	-0.450	0.433	-0.66	14.58	-0.56
75.464	-0.445	-0.449	0.433	-0.66	14.57	-0.56
75.472	-0.443	-0.448	0.434	-0.66	14.57	-0.56
75.480	-0.442	-0.448	0.434	-0.66	14.57	-0.56
75.488	-0.441	-0.447	0.434	-0.66	14.57	-0.56
75.496	-0.440	-0.446	0.434	-0.66	14.57	-0.56
75.504	-0.438	-0.446	0.435	-0.66	14.57	-0.56
75.512	-0.437	-0.445	0.435	-0.66	14.57	-0.56
75.520	-0.436	-0.444	0.435	-0.66	14.57	-0.56
75.528	-0.435	-0.443	0.435	-0.66	14.57	-0.56
75.536	-0.433	-0.443	0.436	-0.66	14.56	-0.56
75.544	-0.432	-0.442	0.436	-0.66	14.56	-0.56
75.552	-0.431	-0.441	0.436	-0.66	14.56	-0.56
75.560	-0.430	-0.441	0.437	-0.66	14.56	-0.56
75.568	-0.428	-0.440	0.437	-0.66	14.56	-0.56
75.576	-0.427	-0.439	0.437	-0.66	14.56	-0.56
75.584	-0.426	-0.438	0.437	-0.66	14.56	-0.56
75.592	-0.424	-0.438	0.438	-0.66	14.56	-0.56
75.600	-0.423	-0.437	0.438	-0.65	14.56	-0.56
75.608	-0.422	-0.436	0.438	-0.65	14.56	-0.56
75.616	-0.421	-0.435	0.439	-0.65	14.56	-0.56
75.624	-0.419	-0.435	0.439	-0.65	14.55	-0.56
75.632	-0.418	-0.434	0.439	-0.65	14.55	-0.56
75.640	-0.417	-0.433	0.440	-0.65	14.55	-0.56
75.648	-0.416	-0.432	0.440	-0.65	14.55	-0.56
75.656	-0.414	-0.431	0.440	-0.65	14.55	-0.56
75.664	-0.413	-0.431	0.441	-0.65	14.55	-0.56
75.672	-0.412	-0.430	0.441	-0.65	14.55	-0.56
75.680	-0.411	-0.429	0.441	-0.65	14.55	-0.56
75.688	-0.409	-0.428	0.442	-0.65	14.55	-0.56
75.696	-0.408	-0.428	0.442	-0.65	14.55	-0.56
75.704	-0.407	-0.427	0.442	-0.65	14.55	-0.56
75.712	-0.406	-0.426	0.443	-0.65	14.55	-0.56
75.720	-0.404	-0.425	0.443	-0.65	14.55	-0.56
75.728	-0.403	-0.424	0.443	-0.65	14.55	-0.56
75.736	-0.402	-0.423	0.444	-0.65	14.54	-0.56
75.744	-0.401	-0.423	0.444	-0.65	14.54	-0.56
75.752	-0.400	-0.422	0.444	-0.65	14.54	-0.56
75.760	-0.398	-0.421	0.445	-0.65	14.54	-0.56
75.768	-0.397	-0.420	0.445	-0.65	14.54	-0.56
75.776	-0.396	-0.419	0.446	-0.65	14.54	-0.56
75.784	-0.395	-0.418	0.446	-0.65	14.54	-0.56
75.792	-0.393	-0.417	0.446	-0.65	14.54	-0.56
75.800	-0.392	-0.417	0.447	-0.65	14.54	-0.56
75.808	-0.391	-0.416	0.447	-0.65	14.54	-0.56
75.816	-0.390	-0.415	0.447	-0.65	14.54	-0.56
75.824	-0.388	-0.414	0.448	-0.65	14.54	-0.56
75.832	-0.387	-0.413	0.448	-0.65	14.54	-0.56
75.840	-0.386	-0.412	0.449	-0.65	14.54	-0.56
75.848	-0.385	-0.411	0.449	-0.65	14.54	-0.56
75.856	-0.384	-0.410	0.449	-0.65	14.54	-0.56
75.864	-0.382	-0.409	0.450	-0.65	14.54	-0.56
75.872	-0.381	-0.409	0.450	-0.65	14.54	-0.56
75.880	-0.380	-0.408	0.451	-0.65	14.53	-0.56
75.888	-0.379	-0.407	0.451	-0.65	14.53	-0.56
75.896	-0.378	-0.406	0.451	-0.65	14.53	-0.56
75.904	-0.376	-0.405	0.452	-0.65	14.53	-0.56
75.912	-0.375	-0.404	0.452	-0.65	14.53	-0.56
75.920	-0.374	-0.403	0.452	-0.65	14.53	-0.56
75.928	-0.373	-0.402	0.453	-0.64	14.53	-0.56
75.936	-0.372	-0.401	0.453	-0.64	14.53	-0.56
75.944	-0.370	-0.400	0.454	-0.64	14.53	-0.56
75.952	-0.369	-0.399	0.454	-0.64	14.53	-0.56
75.960	-0.368	-0.398	0.454	-0.64	14.53	-0.56
75.968	-0.367	-0.397	0.455	-0.64	14.53	-0.56
75.976	-0.366	-0.396	0.455	-0.64	14.53	-0.56
75.984	-0.365	-0.395	0.456	-0.64	14.53	-0.56
75.992	-0.363	-0.394	0.456	-0.64	14.53	-0.56
76.000	-0.362	-0.393	0.456	-0.64	14.53	-0.56
76.008	-0.361	-0.392	0.457	-0.64	14.53	-0.56
76.016	-0.360	-0.391	0.457	-0.64	14.52	-0.56
76.024	-0.359	-0.390	0.458	-0.64	14.52	-0.56
76.032	-0.358	-0.389	0.458	-0.64	14.52	-0.56
76.040	-0.356	-0.388	0.458	-0.64	14.52	-0.56
76.048	-0.355	-0.387	0.459	-0.64	14.52	-0.56
76.056	-0.354	-0.386	0.459	-0.64	14.52	-0.56
76.064	-0.353	-0.385	0.460	-0.64	14.52	-0.56
76.072	-0.352	-0.384	0.460	-0.64	14.52	-0.56
76.080	-0.351	-0.383	0.460	-0.64	14.52	-0.56
76.088	-0.349	-0.382	0.461	-0.64	14.52	-0.56
76.096	-0.348	-0.381	0.461	-0.64	14.52	-0.56
76.104	-0.347	-0.380	0.461	-0.64	14.52	-0.56
76.112	-0.346	-0.379	0.462	-0.63	14.52	-0.56
76.120	-0.345	-0.378	0.462	-0.63	14.52	-0.56
76.128	-0.344	-0.377	0.463	-0.63	14.52	-0.56
76.136	-0.343	-0.376	0.463	-0.63	14.51	-0.56
76.144	-0.342	-0.375	0.463	-0.63	14.51	-0.56
76.152	-0.340	-0.374	0.464	-0.63	14.51	-0.56
76.160	-0.339	-0.373	0.464	-0.63	14.51	-0.56
76.168	-0.338	-0.372	0.465	-0.63	14.51	-0.56
76.176	-0.337	-0.371	0.465	-0.63	14.51	-0.56
76.184	-0.336	-0.370	0.465	-0.63	14.51	-0.56
76.192	-0.335	-0.368	0.466	-0.63	14.51	-0.56
76.200	-0.334	-0.367	0.466	-0.63	14.51	-0.56
76.208	-0.333	-0.366	0.466	-0.63	14.51	-0.56
76.216	-0.332	-0.365	0.467	-0.63	14.51	-0.56
76.224	-0.330	-0.364	0.467	-0.63	14.50	-0.56
76.232	-0.329	-0.363	0.467	-0.63	14.50	-0.56
76.240	-0.328	-0.362	0.468	-0.63	14.50	-0.56
76.248	-0.327	-0.361	0.468	-0.63	14.50	-0.56
76.256	-0.326	-0.360	0.469	-0.62	14.50	-0.56
76.264	-0.325	-0.358	0.469	-0.62	14.50	-0.56
76.272	-0.324	-0.357	0.469	-0.62	14.50	-0.56
76.280	-0.323	-0.356	0.470	-0.62	14.50	-0.56
76.288	-0.322	-0.355	0.470	-0.62	14.50	-0.56
76.296	-0.321	-0.354	0.470	-0.62	14.50	-0.56
76.304	-0.320	-0.353	0.471	-0.62	14.50	-0.56
76.312	-0.319	-0.352	0.471	-0.62	14.49	-0.56
76.320	-0.317	-0.351	0.471	-0.62	14.49	-0.56
76.328	-0.316	-0.349	0.472	-0.62	14.49	-0.56
76.336	-0.315	-0.348	0.472	-0.62	14.49	-0.56
76.344	-0.314	-0.347	0.472	-0.62	14.49	-0.56
76.352	-0.313	-0.346	0.473	-0.62	14.49	-0.56
76.360	-0.312	-0.345	0.473	-0.62	14.49	-0.56
76.368	-0.311	-0.344	0.473	-0.62	14.49	-0.56
76.376	-0.310	-0.342	0.474	-0.61	14.49	-0.56
76.384	-0.309	-0.341	0.474	-0.61	14.48	-0.56
76.392	-0.308	-0.340	0.474	-0.61	14.48	-0.56
76.400	-0.307	-0.339	0.475	-0.61	14.48	-0.56
76.408	-0.306	-0.338	0.475	-0.61	14.48	-0.56
76.416	-0.305	-0.336	0.475	-0.61	14.48	-0.56
76.424	-0.304	-0.335	0.476	-0.61	14.48	-0.56
76.432	-0.303	-0.334	0.476	-0.61	14.48	-0.56
76.440	-0.302	-0.333	0.476	-0.61	14.48	-0.56
76.448	-0.301	-0.332	0.477	-0.61	14.47	-0.56
76.456	-0.300	-0.330	0.477	-0.61	14.47	-0.56
76.464	-0.299	-0.329	0.477	-0.61	14.47	-0.56
76.472	-0.298	-0.328	0.478	-0.61	14.47	-0.56
76.480	-0.297	-0.327	0.478	-0.60	14.47	-0.56
76.488	-0.296	-0.325	0.478	-0.60	14.47	-0.56
76.496	-0.295	-0.324	0.478	-0.60	14.47	-0.56
76.504	-0.294	-0.323	0.479	-0.60	14.47	-0.56
76.512	-0.293	-0.322	0.479	-0.60	14.46	-0.56
76.520	-0.292	-0.321	0.479	-0.60	14.46	-0.56
76.528	-0.291	-0.319	0.480	-0.60	14.46	-0.56
76.536	-0.290	-0.318	0.480	-0.60	14.46	-0.56
76.544	-0.289	-0.317	0.480	-0.60	14.46	-0.56
76.552	-0.288	-0.315	0.481	-0.60	14.46	-0.56
76.560	-0.287	-0.314	0.481	-0.60	14.46	-0.56
76.568	-0.286	-0.313	0.481	-0.60	14.46	-0.56
76.576	-0.285	-0.312	0.481	-0.59	14.45	-0.56
76.584	-0.284	-0.310	0.482	-0.59	14.45	-0.56
76.592	-0.283	-0.309	0.482	-0.59	14.45	-0.56
76.600	-0.282	-0.308	0.482	-0.59	14.45	-0.56
76.608	-0.281	-0.307	0.482	-0.59	14.45	-0.56
76.616	-0.280	-0.305	0.483	-0.59	14.45	-0.56
76.624	-0.279	-0.304	0.483	-0.59	14.45	-0.56
76.632	-0.279	-0.303	0.483	-0.59	14.44	-0.56
76.640	-0.278	-0.301	0.483	-0.59	14.44	-0.56
76.648	-0.277	-0.300	0.484	-0.59	14.44	-0.56
76.656	-0.276	-0.299	0.484	-0.59	14.44	-0.56
76.664	-0.275	-0.298	0.484	-0.58	14.44	-0.56
76.672	-0.274	-0.296	0.484	-0.58	14.44	-0.56
76.680	-0.273	-0.295	0.485	-0.58	14.44	-0.56
76.688	-0.272	-0.294	0.485	-0.58	14.43	-0.56
76.696	-0.271	-0.292	0.485	-0.58	14.43	-0.56
76.704	-0.270	-0.291	0.485	-0.58	14.43	-0.56
76.712	-0.269	-0.290	0.486	-0.58	14.43	-0.56
76.720	-0.269	-0.288	0.486	-0.58	14.43	-0.56
76.728	-0.268	-0.287	0.486	-0.58	14.43	-0.56
76.736	-0.267	-0.286	0.486	-0.58	14.43	-0.55
76.744	-0.266	-0.284	0.486	-0.58	14.42	-0.55
76.752	-0.265	-0.283	0.487	-0.57	14.42	-0.55
76.760	-0.264	-0.282	0.487	-0.57	14.42	-0.55
76.768	-0.263	-0.280	0.487	-0.57	14.42	-0.55
76.776	-0.262	-0.279	0.487	-0.57	14.42	-0.55
76.784	-0.262	-0.278	0.488	-0.57	14.42	-0.55
76.792	-0.261	-0.276	0.488	-0.57	14.41	-0.55
76.800	-0.260	-0.275	0.488	-0.57	14.41	-0.55
76.808	-0.259	-0.273	0.488	-0.57	14.41	-0.55
76.816	-0.258	-0.272	0.488	-0.57	14.41	-0.55
76.824	-0.257	-0.271	0.489	-0.57	14.41	-0.55
76.832	-0.256	-0.269	0.489	-0.56	14.41	-0.55
76.840	-0.256	-0.268	0.489	-0.56	14.40	-0.55
76.848	-0.255	-0.267	0.489	-0.56	14.40	-0.55
76.856	-0.254	-0.265	0.489	-0.56	14.40	-0.55
76.864	-0.253	-0.264	0.490	-0.56	14.40	-0.55
76.872	-0.252	-0.262	0.490	-0.56	14.40	-0.55
76.880	-0.252	-0.261	0.490	-0.56	14.40	-0.55
76.888	-0.251	-0.260	0.490	-0.56	14.40	-0.55
76.896	-0.250	-0.258	0.490	-0.56	14.39	-0.55
76.904	-0.249	-0.257	0.490	-0.55	14.39	-0.55
76.912	-0.248	-0.255	0.491	-0.55	14.39	-0.55
76.920	-0.248	-0.254	0.491	-0.55	14.39	-0.55
76.928	-0.247	-0.253	0.491	-0.55	14.39	-0.55
76.936	-0.246	-0.251	0.491	-0.55	14.39	-0.55
76.944	-0.245	-0.250	0.491	-0.55	14.38	-0.55
76.952	-0.244	-0.248	0.491	-0.55	14.38	-0.55
76.960	-0.244	-0.247	0.492	-0.55	14.38	-0.55
76.968	-0.243	-0.245	0.492	-0.55	14.38	-0.55
76.976	-0.242	-0.244	0.492	-0.54	14.38	-0.55
76.984	-0.241	-0.243	0.492	-0.54	14.38	-0.55
76.992	-0.241	-0.241	0.492	-0.54	14.37	-0.55
77.000	-0.240	-0.240	0.492	-0.54	14.37	-0.55
77.008	-0.239	-0.238	0.492	-0.54	14.37	-0.55
77.016	-0.238	-0.237	0.493	-0.54	14.37	-0.55
77.024	-0.238	-0.235	0.493	-0.54	14.37	-0.55
77.032	-0.237	-0.234	0.493	-0.54	14.37	-0.55
77.040	-0.236	-0.233	0.493	-0.54	14.36	-0.55
77.048	-0.235	-0.231	0.493	-0.53	14.36	-0.55
77.056	-0.235	-0.230	0.493	-0.53	14.36	-0.55
77.064	-0.234	-0.228	0.493	-0.53	14.36	-0.55
77.072	-0.233	-0.227	0.494	-0.53	14.36	-0.55
77.080	-0.233	-0.225	0.494	-0.53	14.36	-0.55
77.088	-0.232	-0.224	0.494	-0.53	14.35	-0.55
77.096	-0.231	-0.222	0.494	-0.53	14.35	-0.55
77.104	-0.230	-0.221	0.494	-0.53	14.35	-0.55
77.112	-0.230	-0.219	0.494	-0.52	14.35	-0.55
77.120	-0.229	-0.218	0.494	-0.52	14.35	-0.55
77.128	-0.228	-0.216	0.494	-0.52	14.35	-0.55
77.136	-0.228	-0.215	0.494	-0.52	14.34	-0.55
77.144	-0.227	-0.214	0.495	-0.52	14.34	-0.55
77.152	-0.226	-0.212	0.495	-0.52	14.34	-0.55
77.160	-0.226	-0.211	0.495	-0.52	14.34	-0.55
77.168	-0.225	-0.209	0.495	-0.52	14.34	-0.55
77.176	-0.224	-0.208	0.495	-0.52	14.34	-0.55
77.184	-0.224	-0.206	0.495	-0.51	14.33	-0.55
77.192	-0.223	-0.205	0.495	-0.51	14.33	-0.55
77.200	-0.222	-0.203	0.495	-0.51	14.33	-0.55
77.208	-0.222	-0.202	0.495	-0.51	14.33	-0.55
77.216	-0.221	-0.200	0.495	-0.51	14.33	-0.55
77.224	-0.221	-0.199	0.496	-0.51	14.33	-0.55
77.232	-0.220	-0.197	0.496	-0.51	14.33	-0.55
77.240	-0.219	-0.196	0.496	-0.51	14.32	-0.55
77.248	-0.219	-0.194	0.496	-0.50	14.32	-0.55
77.256	-0.218	-0.193	0.496	-0.50	14.32	-0.55
77.264	-0.217	-0.191	0.496	-0.50	14.32	-0.55
77.272	-0.217	-0.190	0.496	-0.50	14.32	-0.55
77.280	-0.216	-0.188	0.496	-0.50	14.32	-0.55
77.288	-0.216	-0.186	0.496	-0.50	14.31	-0.55
77.296	-0.215	-0.185	0.496	-0.50	14.31	-0.55
77.304	-0.214	-0.183	0.496	-0.49	14.31	-0.55
77.312	-0.214	-0.182	0.496	-0.49	14.31	-0.55
77.320	-0.213	-0.180	0.496	-0.49	14.31	-0.55
77.328	-0.213	-0.179	0.497	-0.49	14.31	-0.55
77.336	-0.212	-0.177	0.497	-0.49	14.30	-0.55
77.344	-0.212	-0.176	0.497	-0.49	14.30	-0.55
77.352	-0.211	-0.174	0.497	-0.49	14.30	-0.55
77.360	-0.210	-0.173	0.497	-0.49	14.30	-0.55
77.368	-0.210	-0.171	0.497	-0.48	14.30	-0.55
77.376	-0.209	-0.170	0.497	-0.48	14.30	-0.55
77.384	-0.209	-0.168	0.497	-0.48	14.29	-0.55
77.392	-0.208	-0.167	0.497	-0.48	14.29	-0.55
77.400	-0.208	-0.165	0.497	-0.48	14.29	-0.55
77.408	-0.207	-0.163	0.497	-0.48	14.29	-0.55
77.416	-0.207	-0.162	0.497	-0.48	14.29	-0.55
77.424	-0.206	-0.160	0.497	-0.47	14.29	-0.55
77.432	-0.206	-0.159	0.497	-0.47	14.29	-0.55
77.440	-0.205	-0.157	0.497	-0.47	14.28	-0.55
77.448	-0.205	-0.156	0.497	-0.47	14.28	-0.55
77.456	-0.204	-0.154	0.497	-0.47	14.28	-0.55
77.464	-0.204	-0.153	0.498	-0.47	14.28	-0.55
77.472	-0.203	-0.151	0.498	-0.47	14.28	-0.55
77.480	-0.203	-0.149	0.498	-0.47	14.28	-0.55
77.488	-0.202	-0.148	0.498	-0.46	14.28	-0.55
77.496	-0.202	-0.146	0.498	-0.46	14.27	-0.55
77.504	-0.201	-0.145	0.498	-0.46	14.27	-0.55
77.512	-0.201	-0.143	0.498	-0.46	14.27	-0.55
77.520	-0.200	-0.142	0.498	-0.46	14.27	-0.55
77.528	-0.200	-0.140	0.498	-0.46	14.27	-0.55
77.536	-0.199	-0.138	0.498	-0.46	14.27	-0.55
77.544	-0.199	-0.137	0.498	-0.45	14.26	-0.55
77.552	-0.199	-0.135	0.498	-0.45	14.26	-0.55
77.560	-0.198	-0.134	0.498	-0.45	14.26	-0.55
77.568	-0.198	-0.132	0.498	-0.45	14.26	-0.55
77.576	-0.197	-0.130	0.498	-0.45	14.26	-0.55
77.584	-0.197	-0.129	0.498	-0.45	14.26	-0.55
77.592	-0.196	-0.127	0.498	-0.45	14.26	-0.55
77.600	-0.196	-0.126	0.498	-0.44	14.26	-0.55
77.608	-0.196	-0.124	0.498	-0.44	14.25	-0.55
77.616	-0.195	-0.123	0.498	-0.44	14.25	-0.55
77.624	-0.195	-0.121	0.498	-0.44	14.25	-0.55
77.632	-0.194	-0.119	0.498	-0.44	14.25	-0.55
77.640	-0.194	-0.118	0.498	-0.44	14.25	-0.55
77.648	-0.194	-0.116	0.498	-0.44	14.25	-0.55
77.656	-0.193	-0.115	0.498	-0.43	14.25	-0.55
77.664	-0.193	-0.113	0.498	-0.43	14.24	-0.55
77.672	-0.193	-0.111	0.498	-0.43	14.24	-0.55
77.680	-0.192	-0.110	0.498	-0.43	14.24	-0.55
77.688	-0.192	-0.108	0.498	-0.43	14.24	-0.55
77.696	-0.192	-0.107	0.498	-0.43	14.24	-0.55
77.704	-0.191	-0.105	0.498	-0.42	14.24	-0.55
77.712	-0.191	-0.103	0.498	-0.42	14.24	-0.55
77.720	-0.190	-0.102	0.499	-0.42	14.23	-0.55
77.728	-0.190	-0.100	0.499	-0.42	14.23	-0.55
77.736	-0.190	-0.099	0.499	-0.42	14.23	-0.55
77.744	-0.190	-0.097	0.499	-0.42	14.23	-0.55
77.752	-0.189	-0.095	0.499	-0.42	14.23	-0.55
77.760	-0.189	-0.094	0.499	-0.41	14.23	-0.55
77.768	-0.189	-0.092	0.499	-0.41	14.23	-0.55
77.776	-0.188	-0.090	0.499	-0.41	14.23	-0.55
77.784	-0.188	-0.089	0.499	-0.41	14.22	-0.55
77.792	-0.188	-0.087	0.499	-0.41	14.22	-0.55
77.800	-0.187	-0.086	0.499	-0.41	14.22	-0.55
77.808	-0.187	-0.084	0.499	-0.41	14.22	-0.55
77.816	-0.187	-0.082	0.499	-0.40	14.22	-0.55
77.824	-0.187	-0.081	0.499	-0.40	14.22	-0.55
77.832	-0.186	-0.079	0.499	-0.40	14.22	-0.55
77.840	-0.186	-0.077	0.499	-0.40	14.22	-0.55
77.848	-0.186	-0.076	0.499	-0.40	14.21	-0.55
77.856	-0.186	-0.074	0.499	-0.40	14.21	-0.55
77.864	-0.185	-0.073	0.499	-0.39	14.21	-0.55
77.872	-0.185	-0.071	0.499	-0.39	14.21	-0.55
77.880	-0.185	-0.069	0.499	-0.39	14.21	-0.55
77.888	-0.185	-0.068	0.499	-0.39	14.21	-0.55
77.896	-0.184	-0.066	0.499	-0.39	14.21	-0.55
77.904	-0.184	-0.064	0.499	-0.39	14.21	-0.55
77.912	-0.184	-0.063	0.499	-0.39	14.21	-0.55
77.920	-0.184	-0.061	0.499	-0.38	14.20	-0.55
77.928	-0.183	-0.060	0.499	-0.38	14.20	-0.55
77.936	-0.183	-0.058	0.499	-0.38	14.20	-0.55
77.944	-0.183	-0.056	0.499	-0.38	14.20	-0.55
77.952	-0.183	-0.055	0.499	-0.38	14.20	-0.55
77.960	-0.183	-0.053	0.499	-0.38	14.20	-0.55
77.968	-0.183	-0.051	0.499	-0.37	14.20	-0.55
77.976	-0.182	-0.050	0.499	-0.37	14.20	-0.55
77.984	-0.182	-0.048	0.499	-0.37	14.20	-0.55
77.992	-0.182	-0.046	0.499	-0.37	14.20	-0.55
78.000	-0.182	-0.045	0.499	-0.37	14.19	-0.55
78.008	-0.182	-0.043	0.499	-0.37	14.19	-0.55
78.016	-0.182	-0.042	0.499	-0.37	14.19	-0.55
78.024	-0.181	-0.040	0.499	-0.36	14.19	-0.55
78.032	-0.181	-0.038	0.499	-0.36	14.19	-0.55
78.040	-0.181	-0.037	0.499	-0.36	14.19	-0.55
78.048	-0.181	-0.035	0.499	-0.36	14.19	-0.55
78.056	-0.181	-0.033	0.499	-0.36	14.19	-0.55
78.064	-0.181	-0.032	0.499	-0.36	14.19	-0.55
78.072	-0.181	-0.030	0.499	-0.35	14.19	-0.55
78.080	-0.180	-0.028	0.499	-0.35	14.18	-0.55
78.088	-0.180	-0.027	0.499	-0.35	14.18	-0.55
78.096	-0.180	-0.025	0.499	-0.35	14.18	-0.55
78.104	-0.180	-0.024	0.499	-0.35	14.18	-0.55
78.112	-0.180	-0.022	0.499	-0.35	14.18	-0.55
78.120	-0.180	-0.020	0.499	-0.34	14.18	-0.55
78.128	-0.180	-0.019	0.499	-0.34	14.18	-0.55
78.136	-0.180	-0.017	0.499	-0.34	14.18	-0.55
78.144	-0.180	-0.015	0.499	-0.34	14.18	-0.55
78.152	-0.180	-0.014	0.499	-0.34	14.18	-0.55
78.160	-0.180	-0.012	0.499	-0.34	14.18	-0.55
78.168	-0.180	-0.010	0.499	-0.33	14.17	-0.55
78.176	-0.180	-0.009	0.499	-0.33	14.17	-0.55
78.184	-0.180	-0.007	0.499	-0.33	14.17	-0.55
78.192	-0.179	-0.005	0.499	-0.33	14.17	-0.55
78.200	-0.179	-0.004	0.499	-0.33	14.17	-0.55
78.208	-0.179	-0.002	0.499	-0.33	14.17	-0.55
78.216	-0.179	-0.001	0.499	-0.32	14.17	-0.55
78.224	-0.179	0.001	0.499	-0.32	14.17	-0.55
78.232	-0.179	0.003	0.499	-0.32	14.17	-0.55
78.240	-0.179	0.004	0.499	-0.32	14.17	-0.55
78.248	-0.179	0.006	0.499	-0.32	14.17	-0.55
78.256	-0.179	0.008	0.499	-0.32	14.17	-0.55
78.264	-0.179	0.009	0.499	-0.31	14.16	-0.55
78.272	-0.179	0.011	0.499	-0.31	14.16	-0.55
78.280	-0.179	0.013	0.499	-0.31	14.16	-0.55
78.288	-0.179	0.014	0.499	-0.31	14.16	-0.55
78.296	-0.179	0.016	0.499	-0.31	14.16	-0.55
78.304	-0.179	0.018	0.499	-0.31	14.16	-0.55
78.312	-0.179	0.019	0.499	-0.30	14.16	-0.55
78.320	-0.180	0.021	0.499	-0.30	14.16	-0.55
78.328	-0.180	0.023	0.499	-0.30	14.16	-0.55
78.336	-0.180	0.024	0.499	-0.30	14.16	-0.55
78.344	-0.180	0.026	0.499	-0.30	14.16	-0.55
78.352	-0.180	0.027	0.499	-0.30	14.16	-0.55
78.360	-0.180	0.029	0.499	-0.29	14.16	-0.55
78.368	-0.180	0.031	0.499	-0.29	14.16	-0.55
78.376	-0.180	0.032	0.499	-0.29	14.15	-0.55
78.384	-0.180	0.034	0.499	-0.29	14.15	-0.55
78.392	-0.180	0.036	0.499	-0.29	14.15	-0.55
78.400	-0.180	0.037	0.499	-0.29	14.15	-0.55
78.408	-0.180	0.039	0.499	-0.28	14.15	-0.55
78.416	-0.180	0.041	0.499	-0.28	14.15	-0.55
78.424	-0.181	0.042	0.499	-0.28	14.15	-0.55
78.432	-0.181	0.044	0.499	-0.28	14.15	-0.55
78.440	-0.181	0.045	0.499	-0.28	14.15	-0.55
78.448	-0.181	0.047	0.499	-0.28	14.15	-0.55
78.456	-0.181	0.049	0.499	-0.27	14.15	-0.55
78.464	-0.181	0.050	0.499	-0.27	14.15	-0.55
78.472	-0.181	0.052	0.499	-0.27	14.15	-0.55
78.480	-0.181	0.054	0.499	-0.27	14.15	-0.55
78.488	-0.182	0.055	0.499	-0.27	14.15	-0.55
78.496	-0.182	0.057	0.499	-0.27	14.15	-0.55
78.504	-0.182	0.059	0.499	-0.26	14.15	-0.55
78.512	-0.182	0.060	0.499	-0.26	14.14	-0.55
78.520	-0.182	0.062	0.499	-0.26	14.14	-0.55
78.528	-0.182	0.063	0.499	-0.26	14.14	-0.55
78.536	-0.183	0.065	0.499	-0.26	14.14	-0.55
78.544	-0.183	0.067	0.499	-0.26	14.14	-0.55
78.552	-0.183	0.068	0.499	-0.25	14.14	-0.55
78.560	-0.183	0.070	0.499	-0.25	14.14	-0.55
78.568	-0.183	0.072	0.499	-0.25	14.14	-0.55
78.576	-0.184	0.073	0.499	-0.25	14.14	-0.55
78.584	-0.184	0.075	0.499	-0.25	14.14	-0.55
78.592	-0.184	0.076	0.499	-0.25	14.14	-0.55
78.600	-0.184	0.078	0.499	-0.24	14.14	-0.55
78.608	-0.185	0.080	0.499	-0.24	14.14	-0.55
78.616	-0.185	0.081	0.499	-0.24	14.14	-0.55
78.624	-0.185	0.083	0.499	-0.24	14.14	-0.55
78.632	-0.185	0.085	0.499	-0.24	14.14	-0.55
78.640	-0.186	0.086	0.499	-0.24	14.14	-0.55
78.648	-0.186	0.088	0.499	-0.23	14.14	-0.55
78.656	-0.186	0.089	0.499	-0.23	14.14	-0.55
78.664	-0.186	0.091	0.499	-0.23	14.14	-0.55
78.672	-0.187	0.093	0.499	-0.23	14.14	-0.55
78.680	-0.187	0.094	0.499	-0.23	14.14	-0.55
78.688	-0.187	0.096	0.499	-0.23	14.13	-0.55
78.696	-0.187	0.098	0.499	-0.22	14.13	-0.55
78.704	-0.188	0.099	0.499	-0.22	14.13	-0.55
78.712	-0.188	0.101	0.499	-0.22	14.13	-0.55
78.720	-0.188	0.102	0.499	-0.22	14.13	-0.55
78.728	-0.189	0.104	0.499	-0.22	14.13	-0.55
78.736	-0.189	0.106	0.499	-0.21	14.13	-0.55
78.744	-0.189	0.107	0.499	-0.21	14.13	-0.55
78.752	-0.190	0.109	0.499	-0.21	14.13	-0.55
78.760	-0.190	0.110	0.499	-0.21	14.13	-0.55
78.768	-0.190	0.112	0.499	-0.21	14.13	-0.55
78.776	-0.191	0.114	0.499	-0.21	14.13	-0.55
78.784	-0.191	0.115	0.499	-0.20	14.13	-0.55
78.792	-0.191	0.117	0.499	-0.20	14.13	-0.55
78.800	-0.192	0.118	0.499	-0.20	14.13	-0.55
78.808	-0.192	0.120	0.499	-0.20	14.13	-0.55
78.816	-0.192	0.122	0.499	-0.20	14.13	-0.55
78.824	-0.193	0.123	0.499	-0.20	14.13	-0.55
78.832	-0.193	0.125	0.499	-0.19	14.13	-0.55
78.840	-0.193	0.126	0.499	-0.19	14.13	-0.55
78.848	-0.194	0.128	0.499	-0.19	14.13	-0.55
78.856	-0.194	0.129	0.499	-0.19	14.13	-0.55
78.864	-0.195	0.131	0.499	-0.19	14.13	-0.55
78.872	-0.195	0.133	0.499	-0.19	14.13	-0.55
78.880	-0.195	0.134	0.499	-0.18	14.13	-0.55
78.888	-0.196	0.136	0.499	-0.18	14.13	-0.55
78.896	-0.196	0.137	0.499	-0.18	14.13	-0.55
78.904	-0.197	0.139	0.499	-0.18	14.13	-0.55
78.912	-0.197	0.141	0.499	-0.18	14.13	-0.55
78.920	-0.197	0.142	0.499	-0.17	14.13	-0.55
78.928	-0.198	0.144	0.499	-0.17	14.13	-0.55
78.936	-0.198	0.145	0.499	-0.17	14.13	-0.55
78.944	-0.199	0.147	0.499	-0.17	14.13	-0.55
78.952	-0.199	0.148	0.499	-0.17	14.13	-0.55
78.960	-0.200	0.150	0.499	-0.17	14.13	-0.55
78.968	-0.200	0.152	0.499	-0.16	14.13	-0.55
78.976	-0.201	0.153	0.499	-0.16	14.13	-0.55
78.984	-0.201	0.155	0.499	-0.16	14.13	-0.55
78.992	-0.202	0.156	0.499	-0.16	14.13	-0.55
79.000	-0.202	0.158	0.499	-0.16	14.13	-0.55
79.008	-0.203	0.159	0.499	-0.16	14.13	-0.55
79.016	-0.203	0.161	0.499	-0.15	14.13	-0.55
79.024	-0.203	0.162	0.499	-0.15	14.13	-0.55
79.032	-0.204	0.164	0.499	-0.15	14.13	-0.55
79.040	-0.204	0.166	0.499	-0.15	14.13	-0.55
79.048	-0.205	0.167	0.499	-0.15	14.13	-0.55
79.056	-0.206	0.169	0.499	-0.14	14.13	-0.55
79.064	-0.206	0.170	0.499	-0.14	14.13	-0.55
79.072	-0.207	0.172	0.499	-0.14	14.13	-0.55
79.080	-0.207	0.173	0.499	-0.14	14.13	-0.55
79.088	-0.208	0.175	0.499	-0.14	14.13	-0.55
79.096	-0.208	0.176	0.499	-0.14	14.13	-0.55
79.104	-0.209	0.178	0.499	-0.13	14.13	-0.55
79.112	-0.209	0.179	0.499	-0.13	14.13	-0.55
79.120	-0.210	0.181	0.499	-0.13	14.13	-0.55
79.128	-0.210	0.182	0.499	-0.13	14.13	-0.55
79.136	-0.211	0.184	0.499	-0.13	14.13	-0.55
79.144	-0.211	0.186	0.499	-0.13	14.13	-0.55
79.152	-0.212	0.187	0.499	-0.12	14.13	-0.55
79.160	-0.212	0.189	0.499	-0.12	14.13	-0.55
79.168	-0.213	0.190	0.499	-0.12	14.04	-0.55
79.176	-0.213	0.192	0.499	-0.12	13.79	-0.55
79.184	-0.213	0.193	0.499	-0.12	13.29	-0.55
79.192	-0.213	0.195	0.499	-0.11	12.46	-0.55
79.200	-0.212	0.196	0.499	-0.11	11.37	-0.55
79.208	-0.212	0.198	0.499	-0.11	10.13	-0.54
79.216	-0.211	0.199	0.499	-0.11	8.79	-0.54
79.224	-0.210	0.201	0.499	-0.11	7.47	-0.54
79.232	-0.210	0.202	0.499	-0.10	6.22	-0.54
79.240	-0.209	0.204	0.499	-0.10	5.15	-0.54
79.248	-0.208	0.205	0.499	-0.10	4.32	-0.53
79.256	-0.207	0.207	0.499	-0.09	3.70	-0.53
79.264	-0.206	0.208	0.499	-0.08	3.22	-0.54
79.272	-0.205	0.210	0.500	-0.06	2.79	-0.54
79.280	-0.204	0.211	0.500	-0.04	2.38	-0.53
79.288	-0.203	0.213	0.500	-0.03	1.99	-0.53
79.296	-0.202	0.214	0.500	-0.02	1.61	-0.53
79.304	-0.201	0.216	0.500	-0.01	1.25	-0.53
79.312	-0.200	0.217	0.501	-0.00	0.92	-0.53
79.320	-0.198	0.219	0.501	0.01	0.62	-0.53
79.328	-0.197	0.220	0.501	0.02	0.35	-0.53
79.336	-0.196	0.222	0.501	0.03	0.10	-0.53
79.344	-0.195	0.223	0.502	0.03	-0.12	-0.53
79.352	-0.194	0.224	0.502	0.04	-0.33	-0.53
79.360	-0.193	0.226	0.502	0.05	-0.52	-0.53
79.368	-0.192	0.227	0.502	0.06	-0.69	-0.53
79.376	-0.191	0.229	0.503	0.06	-0.85	-0.54
79.384	-0.189	0.230	0.503	0.07	-1.00	-0.54
79.392	-0.188	0.232	0.503	0.07	-1.13	-0.54
79.400	-0.187	0.233	0.504	0.08	-1.25	-0.54
79.408	-0.186	0.235	0.504	0.08	-1.36	-0.54
79.416	-0.185	0.236	0.505	0.09	-1.46	-0.54
79.424	-0.184	0.238	0.505	0.09	-1.55	-0.54
79.432	-0.183	0.239	0.505	0.09	-1.63	-0.54
79.440	-0.182	0.241	0.506	0.10	-1.70	-0.54
79.448	-0.181	0.242	0.506	0.10	-1.77	-0.54
79.456	-0.180	0.243	0.507	0.11	-1.83	-0.54
79.464	-0.179	0.245	0.507	0.11	-1.88	-0.54
79.472	-0.178	0.246	0.507	0.11	-1.93	-0.54
79.480	-0.177	0.248	0.508	0.11	-1.97	-0.54
79.488	-0.177	0.249	0.508	0.12	-2.01	-0.54
79.496	-0.176	0.251	0.509	0.12	-2.04	-0.54
79.504	-0.175	0.252	0.509	0.12	-2.06	-0.54
79.512	-0.174	0.253	0.510	0.13	-2.09	-0.54
79.520	-0.173	0.255	0.510	0.13	-2.11	-0.54
79.528	-0.173	0.256	0.511	0.13	-2.13	-0.54
79.536	-0.172	0.258	0.511	0.13	-2.14	-0.54
79.544	-0.171	0.259	0.512	0.13	-2.15	-0.54
79.552	-0.171	0.261	0.512	0.14	-2.16	-0.54
79.560	-0.170	0.262	0.513	0.14	-2.16	-0.54
79.568	-0.169	0.263	0.513	0.14	-2.16	-0.54
79.576	-0.169	0.265	0.514	0.14	-2.16	-0.54
79.584	-0.168	0.266	0.514	0.14	-2.16	-0.54
79.592	-0.168	0.267	0.515	0.15	-2.16	-0.54
79.600	-0.167	0.269	0.515	0.15	-2.16	-0.54
79.608	-0.167	0.270	0.516	0.15	-2.15	-0.54
79.616	-0.166	0.272	0.516	0.15	-2.14	-0.54
79.624	-0.166	0.273	0.517	0.15	-2.13	-0.54
79.632	-0.165	0.274	0.517	0.15	-2.12	-0.54
79.640	-0.165	0.276	0.518	0.16	-2.11	-0.54
79.648	-0.165	0.277	0.518	0.16	-2.10	-0.54
79.656	-0.164	0.278	0.519	0.16	-2.08	-0.54
79.664	-0.164	0.280	0.520	0.16	-2.07	-0.54
79.672	-0.164	0.281	0.520	0.16	-2.05	-0.54
79.680	-0.163	0.283	0.521	0.16	-2.04	-0.54
79.688	-0.163	0.284	0.521	0.17	-2.02	-0.54
79.696	-0.163	0.285	0.522	0.17	-2.01	-0.54
79.704	-0.163	0.287	0.522	0.17	-1.99	-0.54
79.712	-0.162	0.288	0.523	0.17	-1.97	-0.54
79.720	-0.162	0.289	0.523	0.17	-1.95	-0.54
79.728	-0.162	0.291	0.524	0.17	-1.93	-0.54
79.736	-0.162	0.292	0.524	0.17	-1.91	-0.54
79.744	-0.162	0.293	0.525	0.18	-1.89	-0.54
79.752	-0.162	0.295	0.526	0.18	-1.88	-0.54
79.760	-0.162	0.296	0.526	0.18	-1.86	-0.54
79.768	-0.162	0.297	0.527	0.18	-1.84	-0.54
79.776	-0.162	0.299	0.527	0.18	-1.82	-0.54
79.784	-0.162	0.300	0.528	0.18	-1.80	-0.54
79.792	-0.162	0.301	0.528	0.18	-1.78	-0.54
79.800	-0.162	0.302	0.529	0.18	-1.76	-0.54
79.808	-0.162	0.304	0.529	0.19	-1.74	-0.54
79.816	-0.162	0.305	0.530	0.19	-1.72	-0.54
79.824	-0.162	0.306	0.530	0.19	-1.70	-0.54
79.832	-0.162	0.308	0.531	0.19	-1.68	-0.54
79.840	-0.162	0.309	0.531	0.19	-1.66	-0.54
79.848	-0.162	0.310	0.532	0.19	-1.64	-0.54
79.856	-0.162	0.311	0.532	0.19	-1.62	-0.54
79.864	-0.163	0.313	0.533	0.20	-1.60	-0.54
79.872	-0.163	0.314	0.534	0.20	-1.58	-0.54
79.880	-0.163	0.315	0.534	0.20	-1.56	-0.54
79.888	-0.163	0.317	0.535	0.20	-1.54	-0.54
79.896	-0.164	0.318	0.535	0.20	-1.52	-0.54
79.904	-0.164	0.319	0.536	0.20	-1.50	-0.54
79.912	-0.164	0.320	0.536	0.20	-1.48	-0.54
79.920	-0.164	0.322	0.537	0.21	-1.47	-0.54
79.928	-0.165	0.323	0.537	0.21	-1.45	-0.53
79.936	-0.165	0.324	0.537	0.21	-1.43	-0.53
79.944	-0.165	0.325	0.538	0.21	-1.41	-0.53
79.952	-0.166	0.327	0.538	0.21	-1.40	-0.53
79.960	-0.166	0.328	0.539	0.21	-1.38	-0.53
79.968	-0.167	0.329	0.539	0.21	-1.36	-0.53
79.976	-0.167	0.330	0.540	0.22	-1.34	-0.53
79.984	-0.167	0.331	0.540	0.22	-1.33	-0.53
79.992	-0.168	0.333	0.541	0.22	-1.31	-0.53
80.000	-0.168	0.334	0.541	0.22	-1.29	-0.53
80.008	-0.169	0.335	0.542	0.22	-1.28	-0.53
80.016	-0.169	0.336	0.542	0.22	-1.26	-0.53
80.024	-0.170	0.337	0.543	0.22	-1.25	-0.53
80.032	-0.170	0.339	0.543	0.22	-1.23	-0.53
80.040	-0.171	0.340	0.543	0.23	-1.22	-0.53
80.048	-0.171	0.341	0.544	0.23	-1.20	-0.53
80.056	-0.172	0.342	0.544	0.23	-1.19	-0.53
80.064	-0.172	0.343	0.545	0.23	-1.17	-0.53
80.072	-0.173	0.345	0.545	0.23	-1.16	-0.53
80.080	-0.173	0.346	0.545	0.23	-1.15	-0.53
80.088	-0.174	0.347	0.546	0.23	-1.13	-0.53
80.096	-0.175	0.348	0.546	0.24	-1.12	-0.53
80.104	-0.175	0.349	0.547	0.24	-1.11	-0.53
80.112	-0.176	0.350	0.547	0.24	-1.09	-0.53
80.120	-0.176	0.352	0.547	0.24	-1.08	-0.53
80.128	-0.177	0.353	0.548	0.24	-1.07	-0.53
80.136	-0.178	0.354	0.548	0.24	-1.05	-0.53
80.144	-0.178	0.355	0.548	0.24	-1.04	-0.53
80.152	-0.179	0.356	0.549	0.25	-1.03	-0.53
80.160	-0.180	0.357	0.549	0.25	-1.02	-0.53
80.168	-0.180	0.358	0.549	0.25	-1.01	-0.53
80.176	-0.181	0.359	0.550	0.25	-1.00	-0.53
80.184	-0.182	0.361	0.550	0.25	-0.99	-0.53
80.192	-0.183	0.362	0.550	0.25	-0.97	-0.53
80.200	-0.183	0.363	0.551	0.25	-0.96	-0.53
80.208	-0.184	0.364	0.551	0.26	-0.95	-0.53
80.216	-0.185	0.365	0.551	0.26	-0.94	-0.53
80.224	-0.186	0.366	0.551	0.26	-0.93	-0.53
80.232	-0.186	0.367	0.552	0.26	-0.92	-0.53
80.240	-0.187	0.368	0.552	0.26	-0.91	-0.53
80.248	-0.188	0.369	0.552	0.26	-0.90	-0.53
80.256	-0.189	0.371	0.553	0.26	-0.89	-0.53
80.264	-0.190	0.372	0.553	0.27	-0.88	-0.53
80.272	-0.190	0.373	0.553	0.27	-0.88	-0.53
80.280	-0.191	0.374	0.553	0.27	-0.87	-0.53
80.288	-0.192	0.375	0.554	0.27	-0.86	-0.53
80.296	-0.193	0.376	0.554	0.27	-0.85	-0.53
80.304	-0.194	0.377	0.554	0.27	-0.84	-0.53
80.312	-0.195	0.378	0.554	0.27	-0.83	-0.53
80.320	-0.195	0.379	0.554	0.28	-0.82	-0.53
80.328	-0.196	0.380	0.555	0.28	-0.82	-0.53
80.336	-0.197	0.381	0.555	0.28	-0.81	-0.53
80.344	-0.198	0.382	0.555	0.28	-0.80	-0.53
80.352	-0.199	0.383	0.555	0.28	-0.79	-0.53
80.360	-0.200	0.384	0.555	0.28	-0.79	-0.53
80.368	-0.201	0.385	0.556	0.28	-0.78	-0.53
80.376	-0.202	0.386	0.556	0.29	-0.77	-0.53
80.384	-0.203	0.387	0.556	0.29	-0.76	-0.53
80.392	-0.204	0.388	0.556	0.29	-0.76	-0.53
80.400	-0.204	0.389	0.556	0.29	-0.75	-0.53
80.408	-0.205	0.390	0.556	0.29	-0.74	-0.53
80.416	-0.206	0.391	0.556	0.29	-0.74	-0.53
80.424	-0.207	0.392	0.557	0.29	-0.73	-0.53
80.432	-0.208	0.393	0.557	0.30	-0.72	-0.53
80.440	-0.209	0.394	0.557	0.30	-0.72	-0.53
80.448	-0.210	0.395	0.557	0.30	-0.71	-0.53
80.456	-0.211	0.396	0.557	0.30	-0.71	-0.53
80.464	-0.212	0.397	0.557	0.30	-0.70	-0.53
80.472	-0.213	0.398	0.557	0.30	-0.70	-0.53
80.480	-0.214	0.399	0.557	0.30	-0.69	-0.53
80.488	-0.215	0.400	0.557	0.31	-0.68	-0.53
80.496	-0.216	0.401	0.557	0.31	-0.68	-0.53
80.504	-0.217	0.402	0.558	0.31	-0.67	-0.53
80.512	-0.218	0.403	0.558	0.31	-0.67	-0.53
80.520	-0.219	0.404	0.558	0.31	-0.66	-0.53
80.528	-0.220	0.405	0.558	0.31	-0.66	-0.53
80.536	-0.221	0.406	0.558	0.31	-0.65	-0.53
80.544	-0.222	0.407	0.558	0.32	-0.65	-0.53
80.552	-0.224	0.408	0.558	0.32	-0.64	-0.53
80.560	-0.225	0.408	0.558	0.32	-0.64	-0.53
80.568	-0.226	0.409	0.558	0.32	-0.63	-0.53
80.576	-0.227	0.410	0.558	0.32	-0.63	-0.53
80.584	-0.228	0.411	0.558	0.32	-0.62	-0.53
80.592	-0.229	0.412	0.558	0.32	-0.62	-0.53
80.600	-0.230	0.413	0.558	0.33	-0.62	-0.53
80.608	-0.231	0.414	0.558	0.33	-0.61	-0.53
80.616	-0.232	0.415	0.558	0.33	-0.61	-0.53
80.624	-0.233	0.416	0.558	0.33	-0.60	-0.53
80.632	-0.234	0.416	0.558	0.33	-0.60	-0.53
80.640	-0.236	0.417	0.558	0.33	-0.59	-0.53
80.648	-0.237	0.418	0.558	0.33	-0.59	-0.53
80.656	-0.238	0.419	0.558	0.34	-0.59	-0.53
80.664	-0.239	0.420	0.558	0.34	-0.58	-0.53
80.672	-0.240	0.421	0.558	0.34	-0.58	-0.53
80.680	-0.241	0.422	0.558	0.34	-0.57	-0.53
80.688	-0.242	0.422	0.557	0.34	-0.57	-0.53
80.696	-0.243	0.423	0.557	0.34	-0.57	-0.53
80.704	-0.245	0.424	0.557	0.34	-0.56	-0.53
80.712	-0.246	0.425	0.557	0.34	-0.56	-0.53
80.720	-0.247	0.426	0.557	0.35	-0.56	-0.53
80.728	-0.248	0.427	0.557	0.35	-0.55	-0.53
80.736	-0.249	0.427	0.557	0.35	-0.55	-0.53
80.744	-0.250	0.428	0.557	0.35	-0.55	-0.53
80.752	-0.252	0.429	0.557	0.35	-0.54	-0.53
80.760	-0.253	0.430	0.557	0.35	-0.54	-0.53
80.768	-0.254	0.431	0.557	0.35	-0.54	-0.53
80.776	-0.255	0.431	0.556	0.36	-0.53	-0.53
80.784	-0.256	0.432	0.556	0.36	-0.53	-0.53
80.792	-0.258	0.433	0.556	0.36	-0.53	-0.53
80.800	-0.259	0.434	0.556	0.36	-0.52	-0.53
80.808	-0.260	0.435	0.556	0.36	-0.52	-0.53
80.816	-0.261	0.435	0.556	0.36	-0.52	-0.53
80.824	-0.263	0.436	0.556	0.36	-0.52	-0.53
80.832	-0.264	0.437	0.556	0.36	-0.51	-0.53
80.840	-0.265	0.438	0.555	0.37	-0.51	-0.53
80.848	-0.266	0.438	0.555	0.37	-0.51	-0.53
80.856	-0.267	0.439	0.555	0.37	-0.50	-0.53
80.864	-0.269	0.440	0.555	0.37	-0.50	-0.53
80.872	-0.270	0.440	0.555	0.37	-0.50	-0.53
80.880	-0.271	0.441	0.555	0.37	-0.50	-0.53
80.888	-0.272	0.442	0.554	0.37	-0.49	-0.53
80.896	-0.274	0.443	0.554	0.37	-0.49	-0.53
80.904	-0.275	0.443	0.554	0.38	-0.49	-0.53
80.912	-0.276	0.444	0.554	0.38	-0.48	-0.53
80.920	-0.277	0.445	0.554	0.38	-0.48	-0.53
80.928	-0.279	0.445	0.554	0.38	-0.48	-0.53
80.936	-0.280	0.446	0.553	0.38	-0.48	-0.53
80.944	-0.281	0.447	0.553	0.38	-0.47	-0.53
80.952	-0.283	0.448	0.553	0.38	-0.47	-0.53
80.960	-0.284	0.448	0.553	0.38	-0.47	-0.53
80.968	-0.285	0.449	0.553	0.39	-0.47	-0.53
80.976	-0.286	0.450	0.552	0.39	-0.46	-0.53
80.984	-0.288	0.450	0.552	0.39	-0.46	-0.53
80.992	-0.289	0.451	0.552	0.39	-0.46	-0.53
81.000	-0.290	0.451	0.552	0.39	-0.46	-0.53
81.008	-0.292	0.452	0.551	0.39	-0.45	-0.53
81.016	-0.293	0.453	0.551	0.39	-0.45	-0.53
81.024	-0.294	0.453	0.551	0.39	-0.45	-0.53
81.032	-0.296	0.454	0.551	0.40	-0.45	-0.53
81.040	-0.297	0.455	0.551	0.40	-0.45	-0.53
81.048	-0.298	0.455	0.550	0.40	-0.44	-0.53
81.056	-0.300	0.456	0.550	0.40	-0.44	-0.53
81.064	-0.301	0.457	0.550	0.40	-0.44	-0.53
81.072	-0.302	0.457	0.550	0.40	-0.44	-0.53
81.080	-0.304	0.458	0.549	0.40	-0.43	-0.53
81.088	-0.305	0.458	0.549	0.40	-0.43	-0.53
81.096	-0.306	0.459	0.549	0.41	-0.43	-0.53
81.104	-0.308	0.459	0.549	0.41	-0.43	-0.53
81.112	-0.309	0.460	0.548	0.41	-0.43	-0.53
81.120	-0.310	0.461	0.548	0.41	-0.42	-0.53
81.128	-0.312	0.461	0.548	0.41	-0.42	-0.53
81.136	-0.313	0.462	0.548	0.41	-0.42	-0.53
81.144	-0.314	0.462	0.547	0.41	-0.42	-0.53
81.152	-0.316	0.463	0.547	0.41	-0.42	-0.53
81.160	-0.317	0.463	0.547	0.41	-0.41	-0.53
81.168	-0.318	0.464	0.547	0.42	-0.41	-0.53
81.176	-0.320	0.464	0.546	0.42	-0.41	-0.53
81.184	-0.321	0.465	0.546	0.42	-0.41	-0.53
81.192	-0.323	0.466	0.546	0.42	-0.40	-0.53
81.200	-0.324	0.466	0.546	0.42	-0.40	-0.53
81.208	-0.325	0.467	0.545	0.42	-0.40	-0.53
81.216	-0.327	0.467	0.545	0.42	-0.40	-0.53
81.224	-0.328	0.468	0.545	0.42	-0.40	-0.53
81.232	-0.329	0.468	0.545	0.42	-0.39	-0.53
81.240	-0.331	0.469	0.544	0.43	-0.39	-0.53
81.248	-0.332	0.469	0.544	0.43	-0.39	-0.53
81.256	-0.334	0.470	0.544	0.43	-0.39	-0.53
81.264	-0.335	0.470	0.543	0.43	-0.39	-0.53
81.272	-0.336	0.471	0.543	0.43	-0.38	-0.53
81.280	-0.338	0.471	0.543	0.43	-0.38	-0.53
81.288	-0.339	0.471	0.543	0.43	-0.38	-0.53
81.296	-0.341	0.472	0.542	0.43	-0.38	-0.53
81.304	-0.342	0.472	0.542	0.43	-0.38	-0.53
81.312	-0.343	0.473	0.542	0.43	-0.37	-0.53
81.320	-0.345	0.473	0.542	0.44	-0.37	-0.53
81.328	-0.346	0.474	0.541	0.44	-0.37	-0.53
81.336	-0.348	0.474	0.541	0.44	-0.37	-0.53
81.344	-0.349	0.475	0.541	0.44	-0.37	-0.53
81.352	-0.351	0.475	0.540	0.44	-0.37	-0.53
81.360	-0.352	0.475	0.540	0.44	-0.36	-0.53
81.368	-0.353	0.476	0.540	0.44	-0.36	-0.53
81.376	-0.355	0.476	0.540	0.44	-0.36	-0.53
81.384	-0.356	0.477	0.539	0.44	-0.36	-0.53
81.392	-0.358	0.477	0.539	0.44	-0.36	-0.53
81.400	-0.359	0.477	0.539	0.45	-0.35	-0.53
81.408	-0.361	0.478	0.538	0.45	-0.35	-0.53
81.416	-0.362	0.478	0.538	0.45	-0.35	-0.53
81.424	-0.363	0.479	0.538	0.45	-0.35	-0.53
81.432	-0.365	0.479	0.538	0.45	-0.35	-0.53
81.440	-0.366	0.479	0.537	0.45	-0.34	-0.53
81.448	-0.368	0.480	0.537	0.45	-0.34	-0.53
81.456	-0.369	0.480	0.537	0.45	-0.34	-0.53
81.464	-0.371	0.480	0.536	0.45	-0.34	-0.53
81.472	-0.372	0.481	0.536	0.45	-0.34	-0.53
81.480	-0.374	0.481	0.536	0.46	-0.34	-0.53
81.488	-0.375	0.481	0.536	0.46	-0.33	-0.53
81.496	-0.377	0.482	0.535	0.46	-0.33	-0.53
81.504	-0.378	0.482	0.535	0.46	-0.33	-0.53
81.512	-0.379	0.482	0.535	0.46	-0.33	-0.53
81.520	-0.381	0.483	0.535	0.46	-0.33	-0.53
81.528	-0.382	0.483	0.534	0.46	-0.32	-0.53
81.536	-0.384	0.483	0.534	0.46	-0.32	-0.53
81.544	-0.385	0.483	0.534	0.46	-0.32	-0.53
81.552	-0.387	0.484	0.533	0.46	-0.32	-0.53
81.560	-0.388	0.484	0.533	0.46	-0.32	-0.53
81.568	-0.390	0.484	0.533	0.47	-0.32	-0.53
81.576	-0.391	0.485	0.533	0.47	-0.31	-0.53
81.584	-0.393	0.485	0.532	0.47	-0.31	-0.53
81.592	-0.394	0.485	0.532	0.47	-0.31	-0.53
81.600	-0.396	0.485	0.532	0.47	-0.31	-0.53
81.608	-0.397	0.486	0.531	0.47	-0.31	-0.53
81.616	-0.399	0.486	0.531	0.47	-0.30	-0.53
81.624	-0.400	0.486	0.531	0.47	-0.30	-0.53
81.632	-0.402	0.486	0.531	0.47	-0.30	-0.53
81.640	-0.403	0.487	0.530	0.47	-0.30	-0.53
81.648	-0.405	0.487	0.530	0.47	-0.30	-0.53
81.656	-0.406	0.487	0.530	0.47	-0.30	-0.53
81.664	-0.408	0.487	0.530	0.48	-0.29	-0.53
81.672	-0.409	0.487	0.529	0.48	-0.29	-0.53
81.680	-0.411	0.488	0.529	0.48	-0.29	-0.53
81.688	-0.412	0.488	0.529	0.48	-0.29	-0.53
81.696	-0.414	0.488	0.529	0.48	-0.29	-0.53
81.704	-0.415	0.488	0.528	0.48	-0.28	-0.53
81.712	-0.417	0.488	0.528	0.48	-0.28	-0.53
81.720	-0.418	0.489	0.528	0.48	-0.28	-0.53
81.728	-0.420	0.489	0.528	0.48	-0.28	-0.53
81.736	-0.421	0.489	0.527	0.48	-0.28	-0.53
81.744	-0.423	0.489	0.527	0.48	-0.28	-0.53
81.752	-0.424	0.489	0.527	0.48	-0.27	-0.53
81.760	-0.426	0.489	0.526	0.49	-0.27	-0.53
81.768	-0.427	0.489	0.526	0.49	-0.27	-0.53
81.776	-0.429	0.490	0.526	0.49	-0.27	-0.53
81.784	-0.430	0.490	0.526	0.49	-0.27	-0.53
81.792	-0.432	0.490	0.525	0.49	-0.26	-0.53
81.800	-0.433	0.490	0.525	0.49	-0.26	-0.53
81.808	-0.435	0.490	0.525	0.49	-0.26	-0.53
81.816	-0.436	0.490	0.525	0.49	-0.26	-0.53
81.824	-0.438	0.490	0.525	0.49	-0.26	-0.53
81.832	-0.439	0.490	0.524	0.49	-0.26	-0.53
81.840	-0.441	0.490	0.524	0.49	-0.25	-0.53
81.848	-0.442	0.491	0.524	0.49	-0.25	-0.53
81.856	-0.444	0.491	0.524	0.49	-0.25	-0.53
81.864	-0.445	0.491	0.523	0.49	-0.25	-0.53
81.872	-0.447	0.491	0.523	0.50	-0.25	-0.53
81.880	-0.448	0.491	0.523	0.50	-0.24	-0.53
81.888	-0.450	0.491	0.523	0.50	-0.24	-0.53
81.896	-0.451	0.491	0.522	0.50	-0.24	-0.53
81.904	-0.453	0.491	0.522	0.50	-0.24	-0.53
81.912	-0.454	0.491	0.522	0.50	-0.24	-0.53
81.920	-0.456	0.491	0.522	0.50	-0.24	-0.53
81.928	-0.457	0.491	0.521	0.50	-0.23	-0.53
81.936	-0.459	0.491	0.521	0.50	-0.23	-0.53
81.944	-0.461	0.491	0.521	0.50	-0.23	-0.53
81.952	-0.462	0.491	0.521	0.50	-0.23	-0.53
81.960	-0.464	0.491	0.521	0.50	-0.23	-0.53
81.968	-0.465	0.491	0.520	0.50	-0.22	-0.53
81.976	-0.467	0.491	0.520	0.50	-0.22	-0.53
81.984	-0.468	0.491	0.520	0.50	-0.22	-0.53
81.992	-0.470	0.491	0.520	0.51	-0.22	-0.53
82.000	-0.471	0.491	0.520	0.51	-0.22	-0.53
82.008	-0.473	0.491	0.519	0.51	-0.22	-0.53
82.016	-0.474	0.491	0.519	0.51	-0.21	-0.53
82.024	-0.476	0.491	0.519	0.51	-0.21	-0.53
82.032	-0.477	0.491	0.519	0.51	-0.21	-0.53
82.040	-0.479	0.491	0.519	0.51	-0.21	-0.53
82.048	-0.480	0.491	0.518	0.51	-0.21	-0.53
82.056	-0.482	0.491	0.518	0.51	-0.20	-0.53
82.064	-0.483	0.491	0.518	0.51	-0.20	-0.53
82.072	-0.485	0.491	0.518	0.51	-0.20	-0.53
82.080	-0.487	0.491	0.518	0.51	-0.20	-0.53
82.088	-0.488	0.491	0.517	0.51	-0.20	-0.53
82.096	-0.490	0.490	0.517	0.51	-0.20	-0.53
82.104	-0.491	0.490	0.517	0.51	-0.19	-0.53
82.112	-0.493	0.490	0.517	0.51	-0.19	-0.53
82.120	-0.494	0.490	0.517	0.51	-0.19	-0.53
82.128	-0.496	0.490	0.516	0.51	-0.19	-0.53
82.136	-0.497	0.490	0.516	0.52	-0.19	-0.53
82.144	-0.499	0.490	0.516	0.52	-0.18	-0.53
82.152	-0.500	0.490	0.516	0.52	-0.18	-0.53
82.160	-0.502	0.490	0.516	0.52	-0.18	-0.53
82.168	-0.503	0.489	0.516	0.52	-0.18	-0.53
82.176	-0.505	0.489	0.515	0.52	-0.18	-0.53
82.184	-0.506	0.489	0.515	0.52	-0.18	-0.53
82.192	-0.508	0.489	0.515	0.52	-0.17	-0.53
82.200	-0.510	0.489	0.515	0.52	-0.17	-0.53
82.208	-0.511	0.489	0.515	0.52	-0.17	-0.53
82.216	-0.513	0.489	0.515	0.52	-0.17	-0.53
82.224	-0.514	0.488	0.514	0.52	-0.17	-0.53
82.232	-0.516	0.488	0.514	0.52	-0.16	-0.53
82.240	-0.517	0.488	0.514	0.52	-0.16	-0.53
82.248	-0.519	0.488	0.514	0.52	-0.16	-0.53
82.256	-0.520	0.488	0.514	0.52	-0.16	-0.53
82.264	-0.522	0.487	0.514	0.52	-0.16	-0.53
82.272	-0.523	0.487	0.513	0.52	-0.16	-0.53
82.280	-0.525	0.487	0.513	0.52	-0.15	-0.53
82.288	-0.526	0.487	0.513	0.52	-0.15	-0.53
82.296	-0.528	0.487	0.513	0.52	-0.15	-0.53
82.304	-0.530	0.486	0.513	0.52	-0.15	-0.53
82.312	-0.531	0.486	0.513	0.53	-0.15	-0.53
82.320	-0.533	0.486	0.513	0.53	-0.14	-0.53
82.328	-0.534	0.486	0.512	0.53	-0.14	-0.53
82.336	-0.536	0.485	0.512	0.53	-0.14	-0.53
82.344	-0.537	0.485	0.512	0.53	-0.14	-0.53
82.352	-0.539	0.485	0.512	0.53	-0.14	-0.53
82.360	-0.540	0.485	0.512	0.53	-0.13	-0.53
82.368	-0.542	0.484	0.512	0.53	-0.13	-0.53
82.376	-0.543	0.484	0.512	0.53	-0.13	-0.53
82.384	-0.545	0.484	0.512	0.53	-0.13	-0.53
82.392	-0.546	0.483	0.511	0.53	-0.13	-0.53
82.400	-0.548	0.483	0.511	0.53	-0.13	-0.53
82.408	-0.549	0.483	0.511	0.53	-0.12	-0.53
82.416	-0.551	0.483	0.511	0.53	-0.12	-0.53
82.424	-0.552	0.482	0.511	0.53	-0.12	-0.53
82.432	-0.554	0.482	0.511	0.53	-0.12	-0.53
82.440	-0.555	0.482	0.511	0.53	-0.12	-0.53
82.448	-0.557	0.481	0.511	0.53	-0.11	-0.53
82.456	-0.559	0.481	0.510	0.53	-0.11	-0.53
82.464	-0.560	0.481	0.510	0.53	-0.11	-0.53
82.472	-0.562	0.480	0.510	0.53	-0.11	-0.53
82.480	-0.563	0.480	0.510	0.53	-0.11	-0.53
82.488	-0.565	0.480	0.510	0.53	-0.11	-0.53
82.496	-0.566	0.479	0.510	0.53	-0.10	-0.53
82.504	-0.568	0.479	0.510	0.53	-0.10	-0.53
82.512	-0.569	0.478	0.510	0.53	-0.10	-0.53
82.520	-0.571	0.478	0.510	0.53	-0.10	-0.53
82.528	-0.572	0.478	0.510	0.53	-0.10	-0.53
82.536	-0.574	0.477	0.509	0.53	-0.09	-0.53
82.544	-0.575	0.477	0.509	0.53	-0.09	-0.53
82.552	-0.577	0.477	0.509	0.53	-0.09	-0.53
82.560	-0.578	0.476	0.509	0.53	-0.09	-0.53
82.568	-0.580	0.476	0.509	0.53	-0.09	-0.53
82.576	-0.581	0.475	0.509	0.53	-0.08	-0.53
82.584	-0.583	0.475	0.509	0.54	-0.08	-0.53
82.592	-0.584	0.474	0.509	0.54	-0.08	-0.53
82.600	-0.586	0.474	0.509	0.54	-0.08	-0.53
82.608	-0.587	0.474	0.509	0.54	-0.08	-0.53
82.616	-0.589	0.473	0.508	0.54	-0.08	-0.53
82.624	-0.590	0.473	0.508	0.54	-0.07	-0.53
82.632	-0.592	0.472	0.508	0.54	-0.07	-0.53
82.640	-0.593	0.472	0.508	0.54	-0.07	-0.53
82.648	-0.595	0.471	0.508	0.54	-0.07	-0.53
82.656	-0.596	0.471	0.508	0.54	-0.07	-0.53
82.664	-0.598	0.470	0.508	0.54	-0.06	-0.53
82.672	-0.599	0.470	0.508	0.54	-0.06	-0.53
82.680	-0.601	0.469	0.508	0.54	-0.06	-0.53
82.688	-0.602	0.469	0.508	0.54	-0.06	-0.53
82.696	-0.604	0.468	0.508	0.54	-0.06	-0.53
82.704	-0.605	0.468	0.508	0.54	-0.05	-0.53
82.712	-0.607	0.468	0.508	0.54	-0.05	-0.53
82.720	-0.608	0.467	0.507	0.54	-0.05	-0.53
82.728	-0.610	0.466	0.507	0.54	-0.05	-0.53
82.736	-0.611	0.466	0.507	0.54	-0.05	-0.53
82.744	-0.613	0.465	0.507	0.54	-0.05	-0.53
82.752	-0.614	0.465	0.507	0.54	-0.04	-0.53
82.760	-0.616	0.464	0.507	0.54	-0.04	-0.53
82.768	-0.617	0.464	0.507	0.54	-0.04	-0.53
82.776	-0.619	0.463	0.507	0.54	-0.04	-0.53
82.784	-0.620	0.463	0.507	0.54	-0.04	-0.53
82.792	-0.622	0.462	0.507	0.54	-0.03	-0.53
82.800	-0.623	0.462	0.507	0.54	-0.03	-0.53
82.808	-0.625	0.461	0.507	0.54	-0.03	-0.53
82.816	-0.626	0.461	0.507	0.54	-0.03	-0.53
82.824	-0.628	0.460	0.507	0.54	-0.03	-0.53
82.832	-0.629	0.459	0.507	0.54	-0.02	-0.53
82.840	-0.631	0.459	0.507	0.54	-0.02	-0.53
82.848	-0.632	0.458	0.507	0.54	-0.02	-0.53
82.856	-0.633	0.458	0.506	0.54	-0.02	-0.53
82.864	-0.635	0.457	0.506	0.54	-0.02	-0.53
82.872	-0.636	0.456	0.506	0.54	-0.02	-0.53
82.880	-0.638	0.456	0.506	0.54	-0.01	-0.53
82.888	-0.639	0.455	0.506	0.54	-0.01	-0.53
82.896	-0.641	0.455	0.506	0.54	-0.01	-0.53
82.904	-0.642	0.454	0.506	0.54	-0.01	-0.53
82.912	-0.644	0.453	0.506	0.54	-0.01	-0.53
82.920	-0.645	0.453	0.506	0.54	-0.00	-0.53
82.928	-0.647	0.452	0.506	0.54	-0.00	-0.53
82.936	-0.648	0.451	0.506	0.54	-0.00	-0.53
82.944	-0.649	0.451	0.506	0.54	0.00	-0.53
82.952	-0.651	0.450	0.506	0.54	0.00	-0.53
82.960	-0.652	0.449	0.506	0.54	0.01	-0.53
82.968	-0.654	0.449	0.506	0.54	0.01	-0.53
82.976	-0.655	0.448	0.506	0.54	0.01	-0.53
82.984	-0.657	0.447	0.506	0.54	0.01	-0.53
82.992	-0.658	0.447	0.506	0.54	0.01	-0.53
83.000	-0.660	0.446	0.506	0.54	0.01	-0.53
83.008	-0.661	0.445	0.506	0.54	0.02	-0.53
83.016	-0.662	0.445	0.506	0.54	0.02	-0.53
83.024	-0.664	0.444	0.506	0.54	0.02	-0.53
83.032	-0.665	0.443	0.506	0.54	0.02	-0.53
83.040	-0.667	0.442	0.506	0.54	0.02	-0.53
83.048	-0.668	0.442	0.505	0.54	0.03	-0.53
83.056	-0.670	0.441	0.505	0.54	0.03	-0.53
83.064	-0.671	0.440	0.505	0.54	0.03	-0.53
83.072	-0.672	0.440	0.505	0.54	0.03	-0.53
83.080	-0.674	0.439	0.505	0.54	0.03	-0.53
83.088	-0.675	0.438	0.505	0.54	0.03	-0.53
83.096	-0.677	0.437	0.505	0.54	0.04	-0.53
83.104	-0.678	0.437	0.505	0.53	0.04	-0.53
83.112	-0.679	0.436	0.505	0.53	0.04	-0.53
83.120	-0.681	0.435	0.505	0.53	0.04	-0.53
83.128	-0.682	0.434	0.505	0.53	0.04	-0.53
83.136	-0.684	0.434	0.505	0.53	0.05	-0.53
83.144	-0.685	0.433	0.505	0.53	0.05	-0.53
83.152	-0.686	0.432	0.505	0.53	0.05	-0.53
83.160	-0.688	0.431	0.505	0.53	0.05	-0.53
83.168	-0.689	0.430	0.505	0.53	0.05	-0.53
83.176	-0.691	0.430	0.505	0.53	0.06	-0.53
83.184	-0.692	0.429	0.505	0.53	0.06	-0.53
83.192	-0.693	0.428	0.505	0.53	0.06	-0.53
83.200	-0.695	0.427	0.505	0.53	0.06	-0.53
83.208	-0.696	0.426	0.505	0.53	0.06	-0.53
83.216	-0.697	0.426	0.505	0.53	0.06	-0.53
83.224	-0.699	0.425	0.505	0.53	0.07	-0.53
83.232	-0.700	0.424	0.505	0.53	0.07	-0.53
83.240	-0.702	0.423	0.505	0.53	0.07	-0.53
83.248	-0.703	0.422	0.505	0.53	0.07	-0.53
83.256	-0.704	0.421	0.505	0.53	0.07	-0.53
83.264	-0.706	0.421	0.505	0.53	0.08	-0.53
83.272	-0.707	0.420	0.505	0.53	0.08	-0.53
83.280	-0.708	0.419	0.505	0.53	0.08	-0.53
83.288	-0.710	0.418	0.505	0.53	0.08	-0.53
83.296	-0.711	0.417	0.505	0.53	0.08	-0.53
83.304	-0.712	0.416	0.505	0.53	0.08	-0.53
83.312	-0.714	0.415	0.505	0.53	0.09	-0.53
83.320	-0.715	0.415	0.505	0.53	0.09	-0.53
83.328	-0.716	0.414	0.505	0.53	0.09	-0.53
83.336	-0.718	0.413	0.505	0.53	0.09	-0.53
83.344	-0.719	0.412	0.505	0.53	0.09	-0.53
83.352	-0.720	0.411	0.505	0.53	0.10	-0.53
83.360	-0.722	0.410	0.505	0.53	0.10	-0.53
83.368	-0.723	0.409	0.505	0.53	0.10	-0.53
83.376	-0.724	0.408	0.505	0.52	0.10	-0.53
83.384	-0.726	0.407	0.505	0.52	0.10	-0.53
83.392	-0.727	0.406	0.505	0.52	0.10	-0.53
83.400	-0.728	0.405	0.505	0.52	0.11	-0.53
83.408	-0.730	0.405	0.505	0.52	0.11	-0.53
83.416	-0.731	0.404	0.505	0.52	0.11	-0.53
83.424	-0.732	0.403	0.505	0.52	0.11	-0.53
83.432	-0.734	0.402	0.505	0.52	0.11	-0.53
83.440	-0.735	0.401	0.505	0.52	0.12	-0.53
83.448	-0.736	0.400	0.505	0.52	0.12	-0.53
83.456	-0.737	0.399	0.505	0.52	0.12	-0.53
83.464	-0.739	0.398	0.504	0.52	0.12	-0.53
83.472	-0.740	0.397	0.504	0.52	0.12	-0.53
83.480	-0.741	0.396	0.504	0.52	0.12	-0.53
83.488	-0.743	0.395	0.504	0.52	0.13	-0.53
83.496	-0.744	0.394	0.504	0.52	0.13	-0.53
83.504	-0.745	0.393	0.504	0.52	0.13	-0.53
83.512	-0.746	0.392	0.504	0.52	0.13	-0.53
83.520	-0.748	0.391	0.504	0.52	0.13	-0.53
83.528	-0.749	0.390	0.504	0.52	0.14	-0.53
83.536	-0.750	0.389	0.504	0.52	0.14	-0.53
83.544	-0.751	0.388	0.504	0.52	0.14	-0.53
83.552	-0.753	0.387	0.504	0.51	0.14	-0.53
83.560	-0.754	0.386	0.504	0.51	0.14	-0.53
83.568	-0.755	0.385	0.504	0.51	0.14	-0.53
83.576	-0.756	0.384	0.504	0.51	0.15	-0.53
83.584	-0.758	0.383	0.504	0.51	0.15	-0.53
83.592	-0.759	0.382	0.504	0.51	0.15	-0.53
83.600	-0.760	0.381	0.504	0.51	0.15	-0.53
83.608	-0.761	0.380	0.504	0.51	0.15	-0.53
83.616	-0.763	0.379	0.504	0.51	0.15	-0.52
83.624	-0.764	0.378	0.504	0.51	0.16	-0.52
83.632	-0.765	0.377	0.504	0.51	0.16	-0.52
83.640	-0.766	0.376	0.504	0.51	0.16	-0.52
83.648	-0.768	0.375	0.504	0.51	0.16	-0.52
83.656	-0.769	0.373	0.504	0.51	0.16	-0.52
83.664	-0.770	0.372	0.504	0.51	0.17	-0.52
83.672	-0.771	0.371	0.504	0.51	0.17	-0.52
83.680	-0.772	0.370	0.504	0.51	0.17	-0.52
83.688	-0.774	0.369	0.504	0.50	0.17	-0.52
83.696	-0.775	0.368	0.504	0.50	0.17	-0.52
83.704	-0.776	0.367	0.504	0.50	0.17	-0.52
83.712	-0.777	0.366	0.504	0.50	0.18	-0.52
83.720	-0.778	0.365	0.504	0.50	0.18	-0.52
83.728	-0.780	0.364	0.504	0.50	0.18	-0.52
83.736	-0.781	0.363	0.504	0.50	0.18	-0.52
83.744	-0.782	0.361	0.504	0.50	0.18	-0.52
83.752	-0.783	0.360	0.504	0.50	0.18	-0.52
83.760	-0.784	0.359	0.504	0.50	0.19	-0.52
83.768	-0.785	0.358	0.504	0.50	0.19	-0.52
83.776	-0.787	0.357	0.504	0.50	0.19	-0.52
83.784	-0.788	0.356	0.504	0.50	0.19	-0.52
83.792	-0.789	0.355	0.504	0.50	0.19	-0.52
83.800	-0.790	0.354	0.504	0.50	0.19	-0.52
83.808	-0.791	0.352	0.504	0.49	0.20	-0.52
83.816	-0.792	0.351	0.504	0.49	0.20	-0.52
83.824	-0.794	0.350	0.504	0.49	0.20	-0.52
83.832	-0.795	0.349	0.504	0.49	0.20	-0.52
83.840	-0.796	0.348	0.504	0.49	0.20	-0.52
83.848	-0.797	0.347	0.504	0.49	0.20	-0.52
83.856	-0.798	0.346	0.504	0.49	0.21	-0.52
83.864	-0.799	0.344	0.504	0.49	0.21	-0.52
83.872	-0.800	0.343	0.504	0.49	0.21	-0.52
83.880	-0.801	0.342	0.504	0.49	0.21	-0.52
83.888	-0.803	0.341	0.504	0.49	0.21	-0.52
83.896	-0.804	0.340	0.504	0.49	0.21	-0.52
83.904	-0.805	0.338	0.504	0.49	0.22	-0.52
83.912	-0.806	0.337	0.504	0.48	0.22	-0.52
83.920	-0.807	0.336	0.504	0.48	0.22	-0.52
83.928	-0.808	0.335	0.504	0.48	0.22	-0.52
83.936	-0.809	0.334	0.504	0.48	0.22	-0.52
83.944	-0.810	0.332	0.504	0.48	0.22	-0.52
83.952	-0.811	0.331	0.504	0.48	0.23	-0.52
83.960	-0.812	0.330	0.504	0.48	0.23	-0.52
83.968	-0.813	0.329	0.504	0.48	0.23	-0.52
83.976	-0.815	0.328	0.504	0.48	0.23	-0.52
83.984	-0.816	0.326	0.504	0.48	0.23	-0.52
83.992	-0.817	0.325	0.504	0.48	0.23	-0.52
84.000	-0.818	0.324	0.504	0.48	0.24	-0.52
84.008	-0.819	0.323	0.504	0.47	0.24	-0.52
84.016	-0.820	0.321	0.504	0.47	0.24	-0.52
84.024	-0.821	0.320	0.504	0.47	0.24	-0.52
84.032	-0.822	0.319	0.504	0.47	0.24	-0.52
84.040	-0.823	0.318	0.504	0.47	0.24	-0.52
84.048	-0.824	0.316	0.504	0.47	0.25	-0.52
84.056	-0.825	0.315	0.504	0.47	0.25	-0.52
84.064	-0.826	0.314	0.504	0.47	0.25	-0.52
84.072	-0.827	0.313	0.504	0.47	0.25	-0.52
84.080	-0.828	0.311	0.504	0.47	0.25	-0.52
84.088	-0.829	0.310	0.504	0.47	0.25	-0.52
84.096	-0.830	0.309	0.504	0.47	0.26	-0.52
84.104	-0.831	0.307	0.504	0.46	0.26	-0.52
84.112	-0.832	0.306	0.504	0.46	0.26	-0.52
84.120	-0.833	0.305	0.504	0.46	0.26	-0.52
84.128	-0.834	0.304	0.504	0.46	0.26	-0.52
84.136	-0.835	0.302	0.504	0.46	0.26	-0.52
84.144	-0.836	0.301	0.504	0.46	0.27	-0.52
84.152	-0.837	0.300	0.504	0.46	0.27	-0.52
84.160	-0.838	0.298	0.504	0.46	0.27	-0.52
84.168	-0.839	0.297	0.504	0.46	0.27	-0.52
84.176	-0.840	0.296	0.504	0.46	0.27	-0.52
84.184	-0.841	0.294	0.504	0.45	0.27	-0.52
84.192	-0.842	0.293	0.504	0.45	0.27	-0.52
84.200	-0.843	0.292	0.504	0.45	0.28	-0.52
84.208	-0.844	0.291	0.504	0.45	0.28	-0.52
84.216	-0.845	0.289	0.504	0.45	0.28	-0.52
84.224	-0.846	0.288	0.504	0.45	0.28	-0.52
84.232	-0.847	0.287	0.504	0.45	0.28	-0.52
84.240	-0.848	0.285	0.504	0.45	0.28	-0.52
84.248	-0.849	0.284	0.504	0.45	0.29	-0.52
84.256	-0.850	0.283	0.504	0.45	0.29	-0.52
84.264	-0.850	0.281	0.504	0.44	0.29	-0.52
84.272	-0.851	0.280	0.504	0.44	0.29	-0.52
84.280	-0.852	0.278	0.504	0.44	0.29	-0.52
84.288	-0.853	0.277	0.504	0.44	0.29	-0.52
84.296	-0.854	0.276	0.504	0.44	0.29	-0.52
84.304	-0.855	0.274	0.504	0.44	0.30	-0.52
84.312	-0.856	0.273	0.504	0.44	0.30	-0.52
84.320	-0.857	0.272	0.504	0.44	0.30	-0.52
84.328	-0.858	0.270	0.504	0.44	0.30	-0.52
84.336	-0.859	0.269	0.504	0.44	0.30	-0.52
84.344	-0.859	0.268	0.504	0.43	0.30	-0.52
84.352	-0.860	0.266	0.504	0.43	0.31	-0.52
84.360	-0.861	0.265	0.504	0.43	0.31	-0.52
84.368	-0.862	0.263	0.504	0.43	0.31	-0.52
84.376	-0.863	0.262	0.504	0.43	0.31	-0.52
84.384	-0.864	0.261	0.504	0.43	0.31	-0.52
84.392	-0.865	0.259	0.504	0.43	0.31	-0.52
84.400	-0.865	0.258	0.504	0.43	0.31	-0.52
84.408	-0.866	0.256	0.504	0.43	0.32	-0.52
84.416	-0.867	0.255	0.504	0.42	0.32	-0.52
84.424	-0.868	0.254	0.504	0.42	0.32	-0.52
84.432	-0.869	0.252	0.504	0.42	0.32	-0.52
84.440	-0.870	0.251	0.504	0.42	0.32	-0.52
84.448	-0.870	0.249	0.504	0.42	0.32	-0.52
84.456	-0.871	0.248	0.504	0.42	0.32	-0.52
84.464	-0.872	0.247	0.503	0.42	0.33	-0.52
84.472	-0.873	0.245	0.503	0.42	0.33	-0.52
84.480	-0.874	0.244	0.503	0.42	0.33	-0.52
84.488	-0.875	0.242	0.503	0.41	0.33	-0.52
84.496	-0.875	0.241	0.503	0.41	0.33	-0.52
84.504	-0.876	0.239	0.503	0.41	0.33	-0.52
84.512	-0.877	0.238	0.503	0.41	0.33	-0.52
84.520	-0.878	0.236	0.503	0.41	0.34	-0.52
84.528	-0.878	0.235	0.503	0.41	0.34	-0.52
84.536	-0.879	0.234	0.503	0.41	0.34	-0.52
84.544	-0.880	0.232	0.503	0.41	0.34	-0.52
84.552	-0.881	0.231	0.503	0.41	0.34	-0.52
84.560	-0.882	0.229	0.503	0.40	0.34	-0.52
84.568	-0.882	0.228	0.503	0.40	0.34	-0.52
84.576	-0.883	0.226	0.503	0.40	0.35	-0.52
84.584	-0.884	0.225	0.503	0.40	0.35	-0.52
84.592	-0.885	0.223	0.503	0.40	0.35	-0.52
84.600	-0.885	0.222	0.503	0.40	0.35	-0.52
84.608	-0.886	0.220	0.503	0.40	0.35	-0.52
84.616	-0.887	0.219	0.503	0.40	0.35	-0.52
84.624	-0.887	0.218	0.503	0.39	0.35	-0.52
84.632	-0.888	0.216	0.503	0.39	0.35	-0.52
84.640	-0.889	0.215	0.503	0.39	0.36	-0.52
84.648	-0.890	0.213	0.503	0.39	0.36	-0.52
84.656	-0.890	0.212	0.503	0.39	0.36	-0.52
84.664	-0.891	0.210	0.503	0.39	0.36	-0.52
84.672	-0.892	0.209	0.503	0.39	0.36	-0.52
84.680	-0.892	0.207	0.503	0.39	0.36	-0.52
84.688	-0.893	0.206	0.503	0.38	0.36	-0.52
84.696	-0.894	0.204	0.503	0.38	0.37	-0.52
84.704	-0.894	0.203	0.503	0.38	0.37	-0.52
84.712	-0.895	0.201	0.503	0.38	0.37	-0.52
84.720	-0.896	0.200	0.503	0.38	0.37	-0.52
84.728	-0.896	0.198	0.503	0.38	0.37	-0.52
84.736	-0.897	0.197	0.503	0.38	0.37	-0.52
84.744	-0.898	0.195	0.503	0.38	0.37	-0.52
84.752	-0.898	0.194	0.503	0.37	0.37	-0.52
84.760	-0.899	0.192	0.503	0.37	0.38	-0.52
84.768	-0.900	0.191	0.503	0.37	0.38	-0.52
84.776	-0.900	0.189	0.503	0.37	0.38	-0.52
84.784	-0.901	0.188	0.503	0.37	0.38	-0.52
84.792	-0.901	0.186	0.503	0.37	0.38	-0.52
84.800	-0.902	0.185	0.503	0.37	0.38	-0.52
84.808	-0.903	0.183	0.503	0.36	0.38	-0.52
84.816	-0.903	0.181	0.503	0.36	0.38	-0.52
84.824	-0.904	0.180	0.503	0.36	0.39	-0.52
84.832	-0.904	0.178	0.503	0.36	0.39	-0.52
84.840	-0.905	0.177	0.503	0.36	0.39	-0.52
84.848	-0.906	0.175	0.503	0.36	0.39	-0.52
84.856	-0.906	0.174	0.503	0.36	0.39	-0.52
84.864	-0.907	0.172	0.503	0.36	0.39	-0.52
84.872	-0.907	0.171	0.503	0.35	0.39	-0.52
84.880	-0.908	0.169	0.503	0.35	0.39	-0.52
84.888	-0.908	0.168	0.503	0.35	0.40	-0.52
84.896	-0.909	0.166	0.503	0.35	0.40	-0.52
84.904	-0.910	0.165	0.503	0.35	0.40	-0.52
84.912	-0.910	0.163	0.503	0.35	0.40	-0.52
84.920	-0.911	0.161	0.503	0.35	0.40	-0.52
84.928	-0.911	0.160	0.503	0.34	0.40	-0.52
84.936	-0.912	0.158	0.503	0.34	0.40	-0.52
84.944	-0.912	0.157	0.503	0.34	0.40	-0.52
84.952	-0.913	0.155	0.503	0.34	0.41	-0.52
84.960	-0.913	0.154	0.503	0.34	0.41	-0.52
84.968	-0.914	0.152	0.503	0.34	0.41	-0.52
84.976	-0.914	0.151	0.503	0.34	0.41	-0.52
84.984	-0.915	0.149	0.503	0.33	0.41	-0.52
84.992	-0.915	0.147	0.503	0.33	0.41	-0.52
85.000	-0.916	0.146	0.503	0.33	0.41	-0.52
85.008	-0.916	0.144	0.503	0.33	0.41	-0.52
85.016	-0.917	0.143	0.503	0.33	0.41	-0.52
85.024	-0.917	0.141	0.503	0.33	0.42	-0.52
85.032	-0.918	0.140	0.503	0.33	0.42	-0.52
85.040	-0.918	0.138	0.503	0.32	0.42	-0.52
85.048	-0.919	0.136	0.503	0.32	0.42	-0.52
85.056	-0.919	0.135	0.503	0.32	0.42	-0.52
85.064	-0.919	0.133	0.502	0.32	0.42	-0.52
85.072	-0.920	0.132	0.502	0.32	0.42	-0.52
85.080	-0.920	0.130	0.502	0.32	0.42	-0.52
85.088	-0.921	0.128	0.502	0.32	0.42	-0.52
85.096	-0.921	0.127	0.502	0.31	0.43	-0.52
85.104	-0.922	0.125	0.502	0.31	0.43	-0.52
85.112	-0.922	0.124	0.502	0.31	0.43	-0.52
85.120	-0.922	0.122	0.502	0.31	0.43	-0.52
85.128	-0.923	0.120	0.502	0.31	0.43	-0.52
85.136	-0.923	0.119	0.502	0.31	0.43	-0.52
85.144	-0.924	0.117	0.502	0.31	0.43	-0.52
85.152	-0.924	0.116	0.502	0.30	0.43	-0.52
85.160	-0.924	0.114	0.502	0.30	0.43	-0.52
85.168	-0.925	0.112	0.502	0.30	0.44	-0.52
85.176	-0.925	0.111	0.502	0.30	0.44	-0.52
85.184	-0.925	0.109	0.502	0.30	0.44	-0.52
85.192	-0.926	0.108	0.502	0.30	0.44	-0.52
85.200	-0.926	0.106	0.502	0.29	0.44	-0.52
85.208	-0.927	0.104	0.502	0.29	0.44	-0.52
85.216	-0.927	0.103	0.502	0.29	0.44	-0.52
85.224	-0.927	0.101	0.502	0.29	0.44	-0.52
85.232	-0.928	0.100	0.502	0.29	0.44	-0.52
85.240	-0.928	0.098	0.502	0.29	0.44	-0.52
85.248	-0.928	0.096	0.502	0.29	0.45	-0.52
85.256	-0.929	0.095	0.502	0.28	0.45	-0.52
85.264	-0.929	0.093	0.502	0.28	0.45	-0.52
85.272	-0.929	0.092	0.502	0.28	0.45	-0.52
85.280	-0.929	0.090	0.502	0.28	0.45	-0.52
85.288	-0.930	0.088	0.502	0.28	0.45	-0.52
85.296	-0.930	0.087	0.502	0.28	0.45	-0.52
85.304	-0.930	0.085	0.502	0.27	0.45	-0.52
85.312	-0.931	0.083	0.502	0.27	0.45	-0.52
85.320	-0.931	0.082	0.502	0.27	0.45	-0.52
85.328	-0.931	0.080	0.502	0.27	0.45	-0.52
85.336	-0.931	0.079	0.502	0.27	0.46	-0.52
85.344	-0.932	0.077	0.502	0.27	0.46	-0.52
85.352	-0.932	0.075	0.502	0.27	0.46	-0.52
85.360	-0.932	0.074	0.502	0.26	0.46	-0.52
85.368	-0.932	0.072	0.502	0.26	0.46	-0.52
85.376	-0.933	0.071	0.502	0.26	0.46	-0.52
85.384	-0.933	0.069	0.502	0.26	0.46	-0.52
85.392	-0.933	0.067	0.502	0.26	0.46	-0.52
85.400	-0.933	0.066	0.502	0.26	0.46	-0.52
85.408	-0.934	0.064	0.502	0.25	0.46	-0.52
85.416	-0.934	0.062	0.502	0.25	0.46	-0.52
85.424	-0.934	0.061	0.502	0.25	0.47	-0.52
85.432	-0.934	0.059	0.502	0.25	0.47	-0.52
85.440	-0.934	0.057	0.502	0.25	0.47	-0.52
85.448	-0.935	0.056	0.502	0.25	0.47	-0.52
85.456	-0.935	0.054	0.502	0.24	0.47	-0.52
85.464	-0.935	0.053	0.502	0.24	0.47	-0.52
85.472	-0.935	0.051	0.502	0.24	0.47	-0.52
85.480	-0.935	0.049	0.502	0.24	0.47	-0.52
85.488	-0.936	0.048	0.502	0.24	0.47	-0.52
85.496	-0.936	0.046	0.502	0.24	0.47	-0.52
85.504	-0.936	0.044	0.502	0.24	0.47	-0.52
85.512	-0.936	0.043	0.502	0.23	0.47	-0.52
85.520	-0.936	0.041	0.502	0.23	0.48	-0.52
85.528	-0.936	0.039	0.502	0.23	0.48	-0.52
85.536	-0.936	0.038	0.502	0.23	0.48	-0.52
85.544	-0.937	0.036	0.502	0.23	0.48	-0.52
85.552	-0.937	0.035	0.502	0.23	0.48	-0.52
85.560	-0.937	0.033	0.502	0.22	0.48	-0.52
85.568	-0.937	0.031	0.502	0.22	0.48	-0.52
85.576	-0.937	0.030	0.502	0.22	0.48	-0.52
85.584	-0.937	0.028	0.502	0.22	0.48	-0.52
85.592	-0.937	0.026	0.502	0.22	0.48	-0.52
85.600	-0.937	0.025	0.502	0.22	0.48	-0.52
85.608	-0.937	0.023	0.502	0.21	0.48	-0.52
85.616	-0.937	0.021	0.502	0.21	0.48	-0.52
85.624	-0.938	0.020	0.502	0.21	0.49	-0.52
85.632	-0.938	0.018	0.502	0.21	0.49	-0.52
85.640	-0.938	0.016	0.502	0.21	0.49	-0.52
85.648	-0.938	0.015	0.502	0.21	0.49	-0.52
85.656	-0.938	0.013	0.502	0.20	0.49	-0.52
85.664	-0.938	0.012	0.502	0.20	0.49	-0.52
85.672	-0.938	0.010	0.502	0.20	0.49	-0.52
85.680	-0.938	0.008	0.502	0.20	0.49	-0.52
85.688	-0.938	0.007	0.501	0.20	0.49	-0.52
85.696	-0.938	0.005	0.501	0.20	0.49	-0.52
85.704	-0.938	0.003	0.501	0.19	0.49	-0.52
85.712	-0.938	0.002	0.501	0.19	0.49	-0.52
85.720	-0.938	0.000	0.501	0.19	0.49	-0.52
85.728	-0.938	-0.002	0.501	0.19	0.49	-0.52
85.736	-0.938	-0.003	0.501	0.19	0.50	-0.52
85.744	-0.938	-0.005	0.501	0.19	0.50	-0.52
85.752	-0.938	-0.007	0.501	0.18	0.50	-0.52
85.760	-0.938	-0.008	0.501	0.18	0.50	-0.52
85.768	-0.938	-0.010	0.501	0.18	0.50	-0.52
85.776	-0.938	-0.011	0.501	0.18	0.50	-0.52
85.784	-0.938	-0.013	0.501	0.18	0.50	-0.52
85.792	-0.938	-0.015	0.501	0.17	0.50	-0.52
85.800	-0.938	-0.016	0.501	0.17	0.50	-0.52
85.808	-0.938	-0.018	0.501	0.17	0.50	-0.52
85.816	-0.938	-0.020	0.501	0.17	0.50	-0.52
85.824	-0.938	-0.021	0.501	0.17	0.50	-0.52
85.832	-0.938	-0.023	0.501	0.17	0.50	-0.52
85.840	-0.938	-0.025	0.501	0.16	0.50	-0.52
85.848	-0.937	-0.026	0.501	0.16	0.50	-0.52
85.856	-0.937	-0.028	0.501	0.16	0.50	-0.52
85.864	-0.937	-0.030	0.501	0.16	0.50	-0.52
85.872	-0.937	-0.031	0.501	0.16	0.51	-0.52
85.880	-0.937	-0.033	0.501	0.16	0.51	-0.52
85.888	-0.937	-0.034	0.501	0.15	0.51	-0.52
85.896	-0.937	-0.036	0.501	0.15	0.51	-0.52
85.904	-0.937	-0.038	0.501	0.15	0.51	-0.52
85.912	-0.937	-0.039	0.501	0.15	0.51	-0.52
85.920	-0.937	-0.041	0.501	0.15	0.51	-0.52
85.928	-0.936	-0.043	0.501	0.15	0.51	-0.52
85.936	-0.936	-0.044	0.501	0.14	0.51	-0.52
85.944	-0.936	-0.046	0.501	0.14	0.51	-0.52
85.952	-0.936	-0.048	0.501	0.14	0.51	-0.52
85.960	-0.936	-0.049	0.501	0.14	0.51	-0.52
85.968	-0.936	-0.051	0.501	0.14	0.51	-0.52
85.976	-0.935	-0.052	0.501	0.14	0.51	-0.52
85.984	-0.935	-0.054	0.501	0.13	0.51	-0.52
85.992	-0.935	-0.056	0.501	0.13	0.51	-0.52
86.000	-0.935	-0.057	0.501	0.13	0.51	-0.52
86.008	-0.935	-0.059	0.501	0.13	0.51	-0.52
86.016	-0.935	-0.061	0.501	0.13	0.51	-0.52
86.024	-0.934	-0.062	0.501	0.12	0.51	-0.52
86.032	-0.934	-0.064	0.501	0.12	0.52	-0.52
86.040	-0.934	-0.066	0.501	0.12	0.52	-0.52
86.048	-0.934	-0.067	0.501	0.12	0.52	-0.52
86.056	-0.934	-0.069	0.501	0.12	0.52	-0.52
86.064	-0.933	-0.070	0.501	0.12	0.52	-0.52
86.072	-0.933	-0.072	0.501	0.11	0.52	-0.52
86.080	-0.933	-0.074	0.501	0.11	0.52	-0.52
86.088	-0.933	-0.075	0.501	0.11	0.52	-0.52
86.096	-0.932	-0.077	0.501	0.11	0.52	-0.52
86.104	-0.932	-0.079	0.501	0.11	0.52	-0.52
86.112	-0.932	-0.080	0.501	0.11	0.52	-0.52
86.120	-0.932	-0.082	0.501	0.10	0.52	-0.52
86.128	-0.931	-0.083	0.501	0.10	0.52	-0.52
86.136	-0.931	-0.085	0.501	0.10	0.52	-0.52
86.144	-0.931	-0.087	0.501	0.10	0.52	-0.52
86.152	-0.931	-0.088	0.501	0.10	0.52	-0.52
86.160	-0.930	-0.090	0.501	0.09	0.52	-0.52
86.168	-0.930	-0.092	0.501	0.09	0.52	-0.52
86.176	-0.930	-0.093	0.501	0.09	0.52	-0.52
86.184	-0.929	-0.095	0.501	0.09	0.52	-0.52
86.192	-0.929	-0.096	0.501	0.09	0.52	-0.52
86.200	-0.929	-0.098	0.501	0.09	0.52	-0.52
86.208	-0.928	-0.100	0.501	0.08	0.52	-0.52
86.216	-0.928	-0.101	0.501	0.08	0.52	-0.52
86.224	-0.928	-0.103	0.501	0.08	0.52	-0.52
86.232	-0.927	-0.104	0.501	0.08	0.52	-0.52
86.240	-0.927	-0.106	0.501	0.08	0.52	-0.52
86.248	-0.927	-0.108	0.501	0.08	0.52	-0.52
86.256	-0.926	-0.109	0.501	0.07	0.53	-0.52
86.264	-0.926	-0.111	0.501	0.07	0.53	-0.52
86.272	-0.926	-0.112	0.501	0.07	0.53	-0.52
86.280	-0.925	-0.114	0.501	0.07	0.53	-0.52
86.288	-0.925	-0.116	0.501	0.07	0.53	-0.52
86.296	-0.925	-0.117	0.501	0.06	0.53	-0.52
86.304	-0.924	-0.119	0.501	0.06	0.53	-0.52
86.312	-0.924	-0.120	0.501	0.06	0.53	-0.52
86.320	-0.923	-0.122	0.501	0.06	0.53	-0.52
86.328	-0.923	-0.124	0.501	0.06	0.53	-0.52
86.336	-0.923	-0.125	0.501	0.06	0.53	-0.52
86.344	-0.922	-0.127	0.501	0.05	0.53	-0.52
86.352	-0.922	-0.128	0.501	0.05	0.53	-0.52
86.360	-0.921	-0.130	0.501	0.05	0.53	-0.52
86.368	-0.921	-0.132	0.501	0.05	0.53	-0.52
86.376	-0.920	-0.133	0.501	0.05	0.53	-0.52
86.384	-0.920	-0.135	0.501	0.04	0.53	-0.52
86.392	-0.920	-0.136	0.501	0.04	0.53	-0.52
86.400	-0.919	-0.138	0.501	0.04	0.53	-0.52
86.408	-0.919	-0.139	0.501	0.04	0.53	-0.52
86.416	-0.918	-0.141	0.501	0.04	0.53	-0.52
86.424	-0.918	-0.143	0.501	0.04	0.53	-0.52
86.432	-0.917	-0.144	0.501	0.03	0.53	-0.52
86.440	-0.917	-0.146	0.501	0.03	0.53	-0.52
86.448	-0.916	-0.147	0.501	0.03	0.53	-0.52
86.456	-0.916	-0.149	0.501	0.03	0.53	-0.52
86.464	-0.915	-0.150	0.501	0.03	0.53	-0.52
86.472	-0.915	-0.152	0.501	0.02	0.53	-0.52
86.480	-0.914	-0.154	0.501	0.02	0.53	-0.52
86.488	-0.914	-0.155	0.501	0.02	0.53	-0.52
86.496	-0.913	-0.157	0.501	0.02	0.53	-0.52
86.504	-0.913	-0.158	0.501	0.02	0.53	-0.52
86.512	-0.912	-0.160	0.501	0.02	0.53	-0.52
86.520	-0.912	-0.161	0.501	0.01	0.53	-0.52
86.528	-0.911	-0.163	0.501	0.01	0.53	-0.52
86.536	-0.911	-0.164	0.501	0.01	0.53	-0.52
86.544	-0.910	-0.166	0.501	0.01	0.53	-0.52
86.552	-0.910	-0.168	0.501	0.01	0.53	-0.52
86.560	-0.909	-0.169	0.501	0.00	0.53	-0.52
86.568	-0.909	-0.171	0.501	0.00	0.53	-0.52
86.576	-0.908	-0.172	0.501	0.00	0.53	-0.52
86.584	-0.908	-0.174	0.501	-0.00	0.53	-0.52
86.592	-0.907	-0.175	0.501	-0.00	0.53	-0.52
86.600	-0.906	-0.177	0.501	-0.00	0.53	-0.52
86.608	-0.906	-0.178	0.501	-0.01	0.53	-0.52
86.616	-0.905	-0.180	0.501	-0.01	0.53	-0.52
86.624	-0.905	-0.181	0.501	-0.01	0.53	-0.52
86.632	-0.904	-0.183	0.501	-0.01	0.53	-0.52
86.640	-0.903	-0.184	0.501	-0.01	0.53	-0.52
86.648	-0.903	-0.186	0.501	-0.02	0.53	-0.52
86.656	-0.902	-0.187	0.501	-0.02	0.53	-0.52
86.664	-0.902	-0.189	0.501	-0.02	0.53	-0.52
86.672	-0.901	-0.191	0.501	-0.02	0.53	-0.52
86.680	-0.900	-0.192	0.501	-0.02	0.53	-0.52
86.688	-0.900	-0.194	0.501	-0.02	0.53	-0.52
86.696	-0.899	-0.195	0.501	-0.03	0.53	-0.52
86.704	-0.898	-0.197	0.501	-0.03	0.53	-0.52
86.712	-0.898	-0.198	0.501	-0.03	0.53	-0.52
86.720	-0.897	-0.200	0.501	-0.03	0.53	-0.52
86.728	-0.897	-0.201	0.501	-0.03	0.53	-0.52
86.736	-0.896	-0.203	0.501	-0.03	0.53	-0.52
86.744	-0.895	-0.204	0.501	-0.04	0.53	-0.52
86.752	-0.895	-0.206	0.501	-0.04	0.53	-0.52
86.760	-0.894	-0.207	0.501	-0.04	0.53	-0.52
86.768	-0.893	-0.209	0.501	-0.04	0.53	-0.52
86.776	-0.892	-0.210	0.501	-0.04	0.53	-0.52
86.784	-0.892	-0.212	0.501	-0.05	0.53	-0.52
86.792	-0.891	-0.213	0.501	-0.05	0.53	-0.52
86.800	-0.890	-0.214	0.501	-0.05	0.53	-0.52
86.808	-0.890	-0.216	0.501	-0.05	0.53	-0.52
86.816	-0.889	-0.217	0.501	-0.05	0.53	-0.52
86.824	-0.888	-0.219	0.501	-0.05	0.53	-0.52
86.832	-0.888	-0.220	0.501	-0.06	0.53	-0.52
86.840	-0.887	-0.222	0.501	-0.06	0.53	-0.52
86.848	-0.886	-0.223	0.501	-0.06	0.53	-0.52
86.856	-0.885	-0.225	0.501	-0.06	0.53	-0.52
86.864	-0.885	-0.226	0.501	-0.06	0.53	-0.52
86.872	-0.884	-0.228	0.501	-0.07	0.53	-0.52
86.880	-0.883	-0.229	0.501	-0.07	0.53	-0.52
86.888	-0.882	-0.231	0.501	-0.07	0.53	-0.52
86.896	-0.882	-0.232	0.501	-0.07	0.53	-0.52
86.904	-0.881	-0.233	0.501	-0.07	0.53	-0.52
86.912	-0.880	-0.235	0.501	-0.07	0.53	-0.52
86.920	-0.879	-0.236	0.501	-0.08	0.53	-0.52
86.928	-0.879	-0.238	0.501	-0.08	0.53	-0.52
86.936	-0.878	-0.239	0.501	-0.08	0.53	-0.52
86.944	-0.877	-0.241	0.501	-0.08	0.53	-0.52
86.952	-0.876	-0.242	0.501	-0.08	0.53	-0.52
86.960	-0.875	-0.244	0.501	-0.09	0.52	-0.52
86.968	-0.875	-0.245	0.501	-0.09	0.52	-0.52
86.976	-0.874	-0.246	0.501	-0.09	0.52	-0.52
86.984	-0.873	-0.248	0.500	-0.09	0.52	-0.52
86.992	-0.872	-0.249	0.500	-0.09	0.52	-0.52
87.000	-0.871	-0.251	0.500	-0.09	0.52	-0.52
87.008	-0.871	-0.252	0.500	-0.10	0.52	-0.52
87.016	-0.870	-0.253	0.500	-0.10	0.52	-0.52
87.024	-0.869	-0.255	0.500	-0.10	0.52	-0.52
87.032	-0.868	-0.256	0.500	-0.10	0.52	-0.52
87.040	-0.867	-0.258	0.500	-0.10	0.52	-0.52
87.048	-0.866	-0.259	0.500	-0.10	0.52	-0.52
87.056	-0.866	-0.260	0.500	-0.11	0.52	-0.52
87.064	-0.865	-0.262	0.500	-0.11	0.52	-0.52
87.072	-0.864	-0.263	0.500	-0.11	0.52	-0.52
87.080	-0.863	-0.265	0.500	-0.11	0.52	-0.52
87.088	-0.862	-0.266	0.500	-0.11	0.52	-0.52
87.096	-0.861	-0.267	0.500	-0.12	0.52	-0.52
87.104	-0.860	-0.269	0.500	-0.12	0.52	-0.52
87.112	-0.859	-0.270	0.500	-0.12	0.52	-0.52
87.120	-0.859	-0.272	0.500	-0.12	0.52	-0.52
87.128	-0.858	-0.273	0.500	-0.12	0.52	-0.52
87.136	-0.857	-0.274	0.500	-0.12	0.52	-0.52
87.144	-0.856	-0.276	0.500	-0.13	0.52	-0.52
87.152	-0.855	-0.277	0.500	-0.13	0.52	-0.52
87.160	-0.854	-0.278	0.500	-0.13	0.52	-0.52
87.168	-0.853	-0.280	0.500	-0.13	0.52	-0.52
87.176	-0.852	-0.281	0.500	-0.13	0.52	-0.52
87.184	-0.851	-0.282	0.500	-0.13	0.52	-0.52
87.192	-0.850	-0.284	0.500	-0.14	0.51	-0.52
87.200	-0.849	-0.285	0.500	-0.14	0.51	-0.52
87.208	-0.848	-0.286	0.500	-0.14	0.51	-0.52
87.216	-0.848	-0.288	0.500	-0.14	0.51	-0.52
87.224	-0.847	-0.289	0.500	-0.14	0.51	-0.52
87.232	-0.846	-0.290	0.500	-0.15	0.51	-0.52
87.240	-0.845	-0.292	0.500	-0.15	0.51	-0.52
87.248	-0.844	-0.293	0.500	-0.15	0.51	-0.52
87.256	-0.843	-0.294	0.500	-0.15	0.51	-0.52
87.264	-0.842	-0.296	0.500	-0.15	0.51	-0.52
87.272	-0.841	-0.297	0.500	-0.15	0.51	-0.52
87.280	-0.840	-0.298	0.500	-0.16	0.51	-0.52
87.288	-0.839	-0.300	0.500	-0.16	0.51	-0.52
87.296	-0.838	-0.301	0.500	-0.16	0.51	-0.52
87.304	-0.837	-0.302	0.500	-0.16	0.51	-0.52
87.312	-0.836	-0.303	0.500	-0.16	0.51	-0.52
87.320	-0.835	-0.305	0.500	-0.16	0.51	-0.52
87.328	-0.834	-0.306	0.500	-0.17	0.51	-0.52
87.336	-0.833	-0.307	0.500	-0.17	0.51	-0.52
87.344	-0.832	-0.309	0.500	-0.17	0.51	-0.52
87.352	-0.831	-0.310	0.500	-0.17	0.50	-0.52
87.360	-0.830	-0.311	0.500	-0.17	0.50	-0.52
87.368	-0.829	-0.312	0.500	-0.17	0.50	-0.52
87.376	-0.828	-0.314	0.500	-0.18	0.50	-0.52
87.384	-0.827	-0.315	0.500	-0.18	0.50	-0.52
87.392	-0.826	-0.316	0.500	-0.18	0.50	-0.52
87.400	-0.825	-0.317	0.500	-0.18	0.50	-0.52
87.408	-0.824	-0.319	0.500	-0.18	0.50	-0.52
87.416	-0.823	-0.320	0.500	-0.18	0.50	-0.52
87.424	-0.822	-0.321	0.500	-0.19	0.50	-0.52
87.432	-0.820	-0.322	0.500	-0.19	0.50	-0.52
87.440	-0.819	-0.324	0.500	-0.19	0.50	-0.52
87.448	-0.818	-0.325	0.500	-0.19	0.50	-0.52
87.456	-0.817	-0.326	0.500	-0.19	0.50	-0.52
87.464	-0.816	-0.327	0.500	-0.19	0.50	-0.52
87.472	-0.815	-0.329	0.500	-0.20	0.50	-0.52
87.480	-0.814	-0.330	0.500	-0.20	0.49	-0.52
87.488	-0.813	-0.331	0.500	-0.20	0.49	-0.52
87.496	-0.812	-0.332	0.500	-0.20	0.49	-0.52
87.504	-0.811	-0.333	0.500	-0.20	0.49	-0.52
87.512	-0.810	-0.335	0.500	-0.20	0.49	-0.52
87.520	-0.809	-0.336	0.500	-0.21	0.49	-0.52
87.528	-0.807	-0.337	0.500	-0.21	0.49	-0.52
87.536	-0.806	-0.338	0.500	-0.21	0.49	-0.52
87.544	-0.805	-0.339	0.500	-0.21	0.49	-0.52
87.552	-0.804	-0.341	0.500	-0.21	0.49	-0.52
87.560	-0.803	-0.342	0.500	-0.21	0.49	-0.52
87.568	-0.802	-0.343	0.500	-0.22	0.49	-0.52
87.576	-0.801	-0.344	0.500	-0.22	0.49	-0.52
87.584	-0.800	-0.345	0.500	-0.22	0.49	-0.52
87.592	-0.798	-0.347	0.500	-0.22	0.49	-0.52
87.600	-0.797	-0.348	0.500	-0.22	0.48	-0.52
87.608	-0.796	-0.349	0.500	-0.22	0.48	-0.52
87.616	-0.795	-0.350	0.500	-0.23	0.48	-0.52
87.624	-0.794	-0.351	0.500	-0.23	0.48	-0.52
87.632	-0.793	-0.352	0.500	-0.23	0.48	-0.52
87.640	-0.792	-0.353	0.500	-0.23	0.48	-0.52
87.648	-0.790	-0.355	0.500	-0.23	0.48	-0.52
87.656	-0.789	-0.356	0.500	-0.23	0.48	-0.52
87.664	-0.788	-0.357	0.500	-0.24	0.48	-0.52
87.672	-0.787	-0.358	0.500	-0.24	0.48	-0.52
87.680	-0.786	-0.359	0.500	-0.24	0.48	-0.52
87.688	-0.785	-0.360	0.500	-0.24	0.48	-0.52
87.696	-0.783	-0.361	0.500	-0.24	0.48	-0.52
87.704	-0.782	-0.362	0.500	-0.24	0.47	-0.52
87.712	-0.781	-0.364	0.500	-0.25	0.47	-0.52
87.720	-0.780	-0.365	0.500	-0.25	0.47	-0.52
87.728	-0.779	-0.366	0.500	-0.25	0.47	-0.52
87.736	-0.777	-0.367	0.500	-0.25	0.47	-0.52
87.744	-0.776	-0.368	0.500	-0.25	0.47	-0.52
87.752	-0.775	-0.369	0.500	-0.25	0.47	-0.52
87.760	-0.774	-0.370	0.500	-0.26	0.47	-0.52
87.768	-0.773	-0.371	0.500	-0.26	0.47	-0.52
87.776	-0.771	-0.372	0.500	-0.26	0.47	-0.52
87.784	-0.770	-0.373	0.500	-0.26	0.47	-0.52
87.792	-0.769	-0.374	0.500	-0.26	0.47	-0.52
87.800	-0.768	-0.375	0.500	-0.26	0.46	-0.52
87.808	-0.766	-0.376	0.500	-0.26	0.46	-0.52
87.816	-0.765	-0.378	0.500	-0.27	0.46	-0.52
87.824	-0.764	-0.379	0.500	-0.27	0.46	-0.52
87.832	-0.763	-0.380	0.500	-0.27	0.46	-0.52
87.840	-0.761	-0.381	0.500	-0.27	0.46	-0.52
87.848	-0.760	-0.382	0.500	-0.27	0.46	-0.52
87.856	-0.759	-0.383	0.500	-0.27	0.46	-0.52
87.864	-0.758	-0.384	0.500	-0.28	0.46	-0.52
87.872	-0.756	-0.385	0.500	-0.28	0.46	-0.52
87.880	-0.755	-0.386	0.500	-0.28	0.46	-0.52
87.888	-0.754	-0.387	0.500	-0.28	0.45	-0.52
87.896	-0.753	-0.388	0.500	-0.28	0.45	-0.52
87.904	-0.751	-0.389	0.500	-0.28	0.45	-0.52
87.912	-0.750	-0.390	0.500	-0.29	0.45	-0.52
87.920	-0.749	-0.391	0.500	-0.29	0.45	-0.52
87.928	-0.747	-0.392	0.500	-0.29	0.45	-0.52
87.936	-0.746	-0.393	0.500	-0.29	0.45	-0.52
87.944	-0.745	-0.394	0.500	-0.29	0.45	-0.52
87.952	-0.744	-0.395	0.500	-0.29	0.45	-0.52
87.960	-0.742	-0.396	0.500	-0.29	0.45	-0.52
87.968	-0.741	-0.397	0.500	-0.30	0.45	-0.52
87.976	-0.740	-0.398	0.500	-0.30	0.44	-0.52
87.984	-0.738	-0.399	0.500	-0.30	0.44	-0.52
87.992	-0.737	-0.400	0.500	-0.30	0.44	-0.52
88.000	-0.736	-0.401	0.500	-0.30	0.44	-0.52
88.008	-0.734	-0.401	0.500	-0.30	0.44	-0.52
88.016	-0.733	-0.402	0.500	-0.30	0.44	-0.52
88.024	-0.732	-0.403	0.500	-0.31	0.44	-0.52
88.032	-0.730	-0.404	0.500	-0.31	0.44	-0.52
88.040	-0.729	-0.405	0.500	-0.31	0.44	-0.52
88.048	-0.728	-0.406	0.500	-0.31	0.44	-0.52
88.056	-0.726	-0.407	0.500	-0.31	0.43	-0.52
88.064	-0.725	-0.408	0.500	-0.31	0.43	-0.52
88.072	-0.724	-0.409	0.500	-0.32	0.43	-0.52
88.080	-0.722	-0.410	0.500	-0.32	0.43	-0.52
88.088	-0.721	-0.411	0.500	-0.32	0.43	-0.52
88.096	-0.720	-0.412	0.500	-0.32	0.43	-0.52
88.104	-0.718	-0.413	0.500	-0.32	0.43	-0.52
88.112	-0.717	-0.413	0.500	-0.32	0.43	-0.52
88.120	-0.716	-0.414	0.500	-0.32	0.43	-0.52
88.128	-0.714	-0.415	0.500	-0.33	0.42	-0.52
88.136	-0.713	-0.416	0.500	-0.33	0.42	-0.52
88.144	-0.711	-0.417	0.500	-0.33	0.42	-0.52
88.152	-0.710	-0.418	0.500	-0.33	0.42	-0.52
88.160	-0.709	-0.419	0.500	-0.33	0.42	-0.52
88.168	-0.707	-0.419	0.500	-0.33	0.42	-0.52
88.176	-0.706	-0.420	0.500	-0.33	0.42	-0.52
88.184	-0.705	-0.421	0.500	-0.34	0.42	-0.52
88.192	-0.703	-0.422	0.500	-0.34	0.42	-0.52
88.200	-0.702	-0.423	0.500	-0.34	0.41	-0.52
88.208	-0.700	-0.424	0.500	-0.34	0.41	-0.52
88.216	-0.699	-0.425	0.500	-0.34	0.41	-0.52
88.224	-0.698	-0.425	0.500	-0.34	0.41	-0.52
88.232	-0.696	-0.426	0.500	-0.34	0.41	-0.52
88.240	-0.695	-0.427	0.500	-0.35	0.41	-0.52
88.248	-0.693	-0.428	0.500	-0.35	0.41	-0.52
88.256	-0.692	-0.429	0.500	-0.35	0.41	-0.52
88.264	-0.691	-0.429	0.500	-0.35	0.41	-0.52
88.272	-0.689	-0.430	0.500	-0.35	0.40	-0.52
88.280	-0.688	-0.431	0.500	-0.35	0.40	-0.52
88.288	-0.686	-0.432	0.500	-0.35	0.40	-0.52
88.296	-0.685	-0.433	0.500	-0.35	0.40	-0.52
88.304	-0.683	-0.433	0.500	-0.36	0.40	-0.52
88.312	-0.682	-0.434	0.500	-0.36	0.40	-0.52
88.320	-0.681	-0.435	0.500	-0.36	0.40	-0.52
88.328	-0.679	-0.436	0.500	-0.36	0.40	-0.52
88.336	-0.678	-0.436	0.500	-0.36	0.39	-0.52
88.344	-0.676	-0.437	0.500	-0.36	0.39	-0.52
88.352	-0.675	-0.438	0.500	-0.36	0.39	-0.52
88.360	-0.673	-0.439	0.500	-0.37	0.39	-0.52
88.368	-0.672	-0.439	0.500	-0.37	0.39	-0.52
88.376	-0.671	-0.440	0.500	-0.37	0.39	-0.52
88.384	-0.669	-0.441	0.500	-0.37	0.39	-0.52
88.392	-0.668	-0.441	0.500	-0.37	0.39	-0.52
88.400	-0.666	-0.442	0.500	-0.37	0.39	-0.52
88.408	-0.665	-0.443	0.500	-0.37	0.38	-0.52
88.416	-0.663	-0.444	0.500	-0.37	0.38	-0.52
88.424	-0.662	-0.444	0.500	-0.38	0.38	-0.52
88.432	-0.660	-0.445	0.500	-0.38	0.38	-0.52
88.440	-0.659	-0.446	0.500	-0.38	0.38	-0.52
88.448	-0.657	-0.446	0.500	-0.38	0.38	-0.52
88.456	-0.656	-0.447	0.500	-0.38	0.38	-0.52
88.464	-0.654	-0.448	0.500	-0.38	0.38	-0.52
88.472	-0.653	-0.448	0.500	-0.38	0.37	-0.52
88.480	-0.651	-0.449	0.500	-0.38	0.37	-0.52
88.488	-0.650	-0.450	0.500	-0.39	0.37	-0.52
88.496	-0.649	-0.450	0.500	-0.39	0.37	-0.52
88.504	-0.647	-0.451	0.500	-0.39	0.37	-0.52
88.512	-0.646	-0.452	0.500	-0.39	0.37	-0.52
88.520	-0.644	-0.452	0.500	-0.39	0.37	-0.52
88.528	-0.643	-0.453	0.500	-0.39	0.36	-0.52
88.536	-0.641	-0.454	0.500	-0.39	0.36	-0.52
88.544	-0.640	-0.454	0.500	-0.39	0.36	-0.52
88.552	-0.638	-0.455	0.500	-0.40	0.36	-0.52
88.560	-0.637	-0.455	0.500	-0.40	0.36	-0.52
88.568	-0.635	-0.456	0.500	-0.40	0.36	-0.52
88.576	-0.634	-0.457	0.500	-0.40	0.36	-0.52
88.584	-0.632	-0.457	0.500	-0.40	0.36	-0.52
88.592	-0.631	-0.458	0.500	-0.40	0.35	-0.52
88.600	-0.629	-0.458	0.500	-0.40	0.35	-0.52
88.608	-0.628	-0.459	0.500	-0.40	0.35	-0.52
88.616	-0.626	-0.460	0.500	-0.41	0.35	-0.52
88.624	-0.625	-0.460	0.500	-0.41	0.35	-0.52
88.632	-0.623	-0.461	0.500	-0.41	0.35	-0.52
88.640	-0.621	-0.461	0.500	-0.41	0.35	-0.52
88.648	-0.620	-0.462	0.500	-0.41	0.34	-0.52
88.656	-0.618	-0.462	0.500	-0.41	0.34	-0.52
88.664	-0.617	-0.463	0.500	-0.41	0.34	-0.52
88.672	-0.615	-0.463	0.500	-0.41	0.34	-0.52
88.680	-0.614	-0.464	0.500	-0.42	0.34	-0.52
88.688	-0.612	-0.465	0.500	-0.42	0.34	-0.52
88.696	-0.611	-0.465	0.500	-0.42	0.34	-0.52
88.704	-0.609	-0.466	0.500	-0.42	0.34	-0.52
88.712	-0.608	-0.466	0.500	-0.42	0.33	-0.52
88.720	-0.606	-0.467	0.500	-0.42	0.33	-0.52
88.728	-0.605	-0.467	0.500	-0.42	0.33	-0.52
88.736	-0.603	-0.468	0.500	-0.42	0.33	-0.52
88.744	-0.602	-0.468	0.500	-0.42	0.33	-0.52
88.752	-0.600	-0.469	0.500	-0.43	0.33	-0.52
88.760	-0.598	-0.469	0.500	-0.43	0.33	-0.52
88.768	-0.597	-0.470	0.500	-0.43	0.32	-0.52
88.776	-0.596	-0.470	0.500	-0.43	0.40	-0.52
88.784	-0.595	-0.471	0.500	-0.43	0.65	-0.52
88.792	-0.594	-0.471	0.500	-0.43	1.14	-0.53
88.800	-0.593	-0.471	0.500	-0.43	1.96	-0.53
88.808	-0.593	-0.472	0.500	-0.43	3.03	-0.54
88.816	-0.592	-0.472	0.500	-0.44	4.25	-0.55
88.824	-0.592	-0.473	0.500	-0.44	5.56	-0.56
88.832	-0.591	-0.473	0.500	-0.44	6.87	-0.57
88.840	-0.591	-0.474	0.500	-0.44	8.09	-0.58
88.848	-0.591	-0.474	0.500	-0.44	9.15	-0.59
88.856	-0.591	-0.475	0.500	-0.45	9.98	-0.60
88.864	-0.591	-0.475	0.500	-0.47	10.63	-0.60
88.872	-0.591	-0.475	0.500	-0.48	11.18	-0.61
88.880	-0.591	-0.476	0.500	-0.50	11.68	-0.61
88.888	-0.592	-0.476	0.500	-0.51	12.15	-0.61
88.896	-0.592	-0.477	0.500	-0.53	12.59	-0.62
88.904	-0.592	-0.477	0.500	-0.54	13.01	-0.62
88.912	-0.592	-0.477	0.500	-0.55	13.39	-0.63
88.920	-0.592	-0.478	0.500	-0.57	13.74	-0.63
88.928	-0.593	-0.478	0.499	-0.57	14.06	-0.63
88.936	-0.593	-0.479	0.499	-0.58	14.35	-0.64
88.944	-0.593	-0.479	0.499	-0.59	14.62	-0.64
88.952	-0.594	-0.479	0.499	-0.60	14.86	-0.64
88.960	-0.594	-0.480	0.499	-0.60	15.08	-0.64
88.968	-0.594	-0.480	0.498	-0.61	15.27	-0.65
88.976	-0.594	-0.480	0.498	-0.62	15.45	-0.65
88.984	-0.595	-0.481	0.498	-0.62	15.62	-0.65
88.992	-0.595	-0.481	0.498	-0.62	15.76	-0.65
89.000	-0.595	-0.481	0.497	-0.63	15.89	-0.65
89.008	-0.595	-0.482	0.497	-0.63	16.01	-0.65
89.016	-0.596	-0.482	0.497	-0.64	16.12	-0.66
89.024	-0.596	-0.482	0.496	-0.64	16.22	-0.66
89.032	-0.596	-0.483	0.496	-0.64	16.30	-0.66
89.040	-0.596	-0.483	0.496	-0.65	16.38	-0.66
89.048	-0.596	-0.483	0.495	-0.65	16.44	-0.66
89.056	-0.597	-0.484	0.495	-0.65	16.50	-0.66
89.064	-0.597	-0.484	0.494	-0.65	16.55	-0.66
89.072	-0.597	-0.484	0.494	-0.65	16.60	-0.66
89.080	-0.597	-0.484	0.494	-0.66	16.55	-0.66
89.088	-0.597	-0.485	0.493	-0.65	16.37	-0.66
89.096	-0.597	-0.485	0.493	-0.65	16.14	-0.66
89.104	-0.597	-0.485	0.492	-0.65	15.94	-0.65
89.112	-0.597	-0.485	0.492	-0.65	15.86	-0.65
89.120	-0.597	-0.486	0.491	-0.64	15.88	-0.65
89.128	-0.597	-0.486	0.491	-0.65	15.94	-0.65
89.136	-0.597	-0.486	0.490	-0.66	16.02	-0.65
89.144	-0.597	-0.486	0.489	-0.66	16.09	-0.65
89.152	-0.597	-0.487	0.489	-0.67	16.15	-0.65
89.160	-0.597	-0.487	0.488	-0.67	16.19	-0.65
89.168	-0.597	-0.487	0.488	-0.67	16.22	-0.65
89.176	-0.597	-0.487	0.487	-0.67	16.25	-0.65
89.184	-0.597	-0.488	0.487	-0.67	16.27	-0.65
89.192	-0.597	-0.488	0.486	-0.67	16.29	-0.65
89.200	-0.597	-0.488	0.485	-0.67	16.31	-0.66
89.208	-0.597	-0.488	0.485	-0.67	16.32	-0.66
89.216	-0.597	-0.488	0.484	-0.67	16.33	-0.66
89.224	-0.596	-0.488	0.483	-0.67	16.34	-0.66
89.232	-0.596	-0.489	0.483	-0.67	16.34	-0.66
89.240	-0.596	-0.489	0.482	-0.67	16.34	-0.66
89.248	-0.596	-0.489	0.481	-0.67	16.34	-0.66
89.256	-0.596	-0.489	0.481	-0.67	16.34	-0.66
89.264	-0.595	-0.489	0.480	-0.67	16.33	-0.66
89.272	-0.595	-0.489	0.479	-0.67	16.33	-0.66
89.280	-0.595	-0.490	0.479	-0.67	16.32	-0.66
89.288	-0.594	-0.490	0.478	-0.67	16.31	-0.66
89.296	-0.594	-0.490	0.477	-0.67	16.29	-0.65
89.304	-0.594	-0.490	0.477	-0.67	16.28	-0.65
89.312	-0.593	-0.490	0.476	-0.67	16.26	-0.65
89.320	-0.593	-0.490	0.475	-0.67	16.25	-0.65
89.328	-0.593	-0.490	0.475	-0.67	16.23	-0.65
89.336	-0.592	-0.490	0.474	-0.67	16.21	-0.65
89.344	-0.592	-0.490	0.473	-0.67	16.20	-0.65
89.352	-0.591	-0.491	0.472	-0.67	16.18	-0.65
89.360	-0.591	-0.491	0.472	-0.67	16.16	-0.65
89.368	-0.590	-0.491	0.471	-0.67	16.13	-0.65
89.376	-0.590	-0.491	0.470	-0.67	16.11	-0.65
89.384	-0.589	-0.491	0.469	-0.67	16.09	-0.65
89.392	-0.589	-0.491	0.469	-0.67	16.07	-0.65
89.400	-0.588	-0.491	0.468	-0.67	16.05	-0.65
89.408	-0.588	-0.491	0.467	-0.67	16.02	-0.65
89.416	-0.587	-0.491	0.467	-0.67	16.00	-0.65
89.424	-0.586	-0.491	0.466	-0.67	15.98	-0.65
89.432	-0.586	-0.491	0.465	-0.67	15.95	-0.65
89.440	-0.585	-0.491	0.464	-0.67	15.93	-0.65
89.448	-0.584	-0.491	0.464	-0.67	15.91	-0.65
89.456	-0.584	-0.491	0.463	-0.67	15.88	-0.65
89.464	-0.583	-0.491	0.462	-0.67	15.86	-0.65
89.472	-0.582	-0.491	0.462	-0.67	15.84	-0.65
89.480	-0.582	-0.491	0.461	-0.67	15.81	-0.65
89.488	-0.581	-0.491	0.460	-0.67	15.79	-0.65
89.496	-0.580	-0.491	0.460	-0.67	15.77	-0.65
89.504	-0.579	-0.491	0.459	-0.67	15.74	-0.65
89.512	-0.579	-0.491	0.458	-0.67	15.72	-0.65
89.520	-0.578	-0.491	0.457	-0.67	15.70	-0.65
89.528	-0.577	-0.491	0.457	-0.67	15.67	-0.65
89.536	-0.576	-0.491	0.456	-0.67	15.65	-0.65
89.544	-0.576	-0.491	0.455	-0.67	15.63	-0.65
89.552	-0.575	-0.491	0.455	-0.67	15.61	-0.65
89.560	-0.574	-0.491	0.454	-0.67	15.58	-0.65
89.568	-0.573	-0.491	0.453	-0.67	15.56	-0.65
89.576	-0.572	-0.491	0.453	-0.67	15.54	-0.65
89.584	-0.571	-0.491	0.452	-0.67	15.52	-0.65
89.592	-0.570	-0.491	0.452	-0.67	15.50	-0.65
89.600	-0.569	-0.490	0.451	-0.67	15.48	-0.65
89.608	-0.569	-0.490	0.450	-0.67	15.46	-0.64
89.616	-0.568	-0.490	0.450	-0.67	15.44	-0.64
89.624	-0.567	-0.490	0.449	-0.67	15.42	-0.64
89.632	-0.566	-0.490	0.449	-0.67	15.40	-0.64
89.640	-0.565	-0.490	0.448	-0.67	15.38	-0.64
89.648	-0.564	-0.490	0.447	-0.67	15.36	-0.64
89.656	-0.563	-0.490	0.447	-0.67	15.35	-0.64
89.664	-0.562	-0.490	0.446	-0.67	15.33	-0.64
89.672	-0.561	-0.489	0.446	-0.67	15.31	-0.64
89.680	-0.560	-0.489	0.445	-0.67	15.29	-0.64
89.688	-0.559	-0.489	0.445	-0.67	15.28	-0.64
89.696	-0.558	-0.489	0.444	-0.67	15.26	-0.64
89.704	-0.557	-0.489	0.444	-0.67	15.24	-0.64
89.712	-0.556	-0.489	0.443	-0.67	15.23	-0.64
89.720	-0.555	-0.488	0.442	-0.67	15.21	-0.64
89.728	-0.554	-0.488	0.442	-0.67	15.20	-0.64
89.736	-0.553	-0.488	0.441	-0.67	15.18	-0.64
89.744	-0.552	-0.488	0.441	-0.67	15.17	-0.64
89.752	-0.551	-0.488	0.441	-0.67	15.15	-0.64
89.760	-0.550	-0.488	0.440	-0.67	15.14	-0.64
89.768	-0.548	-0.487	0.440	-0.67	15.12	-0.64
89.776	-0.547	-0.487	0.439	-0.67	15.11	-0.64
89.784	-0.546	-0.487	0.439	-0.67	15.10	-0.64
89.792	-0.545	-0.487	0.438	-0.67	15.08	-0.64
89.800	-0.544	-0.486	0.438	-0.67	15.07	-0.64
89.808	-0.543	-0.486	0.437	-0.67	15.06	-0.64
89.816	-0.542	-0.486	0.437	-0.67	15.05	-0.64
89.824	-0.541	-0.486	0.437	-0.67	15.03	-0.64
89.832	-0.540	-0.485	0.436	-0.67	15.02	-0.64
89.840	-0.538	-0.485	0.436	-0.67	15.01	-0.64
89.848	-0.537	-0.485	0.436	-0.67	15.00	-0.64
89.856	-0.536	-0.485	0.435	-0.67	14.99	-0.64
89.864	-0.535	-0.484	0.435	-0.67	14.95	-0.64
89.872	-0.534	-0.484	0.435	-0.67	14.91	-0.64
89.880	-0.533	-0.484	0.434	-0.67	14.88	-0.64
89.888	-0.531	-0.484	0.434	-0.67	14.87	-0.64
89.896	-0.530	-0.483	0.434	-0.67	14.86	-0.64
89.904	-0.529	-0.483	0.433	-0.67	14.85	-0.64
89.912	-0.528	-0.483	0.433	-0.67	14.85	-0.64
89.920	-0.527	-0.482	0.433	-0.67	14.85	-0.64
89.928	-0.525	-0.482	0.433	-0.67	14.84	-0.64
89.936	-0.524	-0.482	0.432	-0.67	14.83	-0.64
89.944	-0.523	-0.481	0.432	-0.67	14.82	-0.64
89.952	-0.522	-0.481	0.432	-0.67	14.81	-0.64
89.960	-0.521	-0.481	0.432	-0.67	14.81	-0.64
89.968	-0.519	-0.480	0.431	-0.67	14.80	-0.64
89.976	-0.518	-0.480	0.431	-0.67	14.79	-0.64
89.984	-0.517	-0.480	0.431	-0.67	14.79	-0.64
89.992	-0.516	-0.479	0.431	-0.67	14.78	-0.64
90.000	-0.515	-0.479	0.431	-0.67	14.77	-0.64
90.008	-0.513	-0.479	0.430	-0.67	14.77	-0.64
90.016	-0.512	-0.478	0.430	-0.67	14.76	-0.64
90.024	-0.511	-0.478	0.430	-0.67	14.75	-0.64
90.032	-0.510	-0.477	0.430	-0.67	14.75	-0.64
90.040	-0.508	-0.477	0.430	-0.67	14.74	-0.64
90.048	-0.507	-0.477	0.430	-0.67	14.74	-0.64
90.056	-0.506	-0.476	0.430	-0.67	14.73	-0.64
90.064	-0.505	-0.476	0.430	-0.67	14.73	-0.64
90.072	-0.503	-0.475	0.430	-0.67	14.72	-0.64
90.080	-0.502	-0.475	0.429	-0.67	14.72	-0.64
90.088	-0.501	-0.475	0.429	-0.67	14.71	-0.64
90.096	-0.500	-0.474	0.429	-0.67	14.71	-0.64
90.104	-0.498	-0.474	0.429	-0.67	14.70	-0.64
90.112	-0.497	-0.473	0.429	-0.67	14.70	-0.64
90.120	-0.496	-0.473	0.429	-0.67	14.69	-0.64
90.128	-0.495	-0.472	0.429	-0.67	14.69	-0.64
90.136	-0.493	-0.472	0.429	-0.67	14.68	-0.64
90.144	-0.492	-0.472	0.429	-0.67	14.68	-0.64
90.152	-0.491	-0.471	0.429	-0.67	14.67	-0.64
90.160	-0.490	-0.471	0.429	-0.67	14.67	-0.64
90.168	-0.488	-0.470	0.429	-0.67	14.67	-0.64
90.176	-0.487	-0.470	0.429	-0.67	14.66	-0.64
90.184	-0.486	-0.469	0.429	-0.68	14.66	-0.64
90.192	-0.485	-0.469	0.429	-0.68	14.66	-0.64
90.200	-0.483	-0.468	0.429	-0.68	14.65	-0.63
90.208	-0.482	-0.468	0.429	-0.68	14.65	-0.63
90.216	-0.481	-0.467	0.429	-0.68	14.65	-0.63
90.224	-0.479	-0.467	0.430	-0.68	14.64	-0.63
90.232	-0.478	-0.466	0.430	-0.68	14.64	-0.63
90.240	-0.477	-0.466	0.430	-0.68	14.64	-0.63
90.248	-0.476	-0.465	0.430	-0.68	14.63	-0.63
90.256	-0.474	-0.465	0.430	-0.68	14.63	-0.63
90.264	-0.473	-0.464	0.430	-0.68	14.63	-0.63
90.272	-0.472	-0.463	0.430	-0.68	14.63	-0.63
90.280	-0.471	-0.463	0.430	-0.68	14.62	-0.63
90.288	-0.469	-0.462	0.430	-0.68	14.62	-0.63
90.296	-0.468	-0.462	0.431	-0.68	14.62	-0.63
90.304	-0.467	-0.461	0.431	-0.68	14.62	-0.63
90.312	-0.465	-0.461	0.431	-0.68	14.61	-0.63
90.320	-0.464	-0.460	0.431	-0.68	14.61	-0.63
90.328	-0.463	-0.460	0.431	-0.68	14.61	-0.63
90.336	-0.462	-0.459	0.431	-0.68	14.61	-0.63
90.344	-0.460	-0.458	0.432	-0.68	14.61	-0.63
90.352	-0.459	-0.458	0.432	-0.68	14.60	-0.63
90.360	-0.458	-0.457	0.432	-0.68	14.60	-0.63
90.368	-0.456	-0.457	0.432	-0.68	14.60	-0.63
90.376	-0.455	-0.456	0.432	-0.68	14.60	-0.63
90.384	-0.454	-0.455	0.433	-0.68	14.60	-0.63
90.392	-0.453	-0.455	0.433	-0.68	14.59	-0.63
90.400	-0.451	-0.454	0.433	-0.68	14.59	-0.63
90.408	-0.450	-0.453	0.433	-0.68	14.59	-0.63
90.416	-0.449	-0.453	0.433	-0.68	14.59	-0.63
90.424	-0.447	-0.452	0.434	-0.68	14.59	-0.63
90.432	-0.446	-0.452	0.434	-0.68	14.59	-0.63
90.440	-0.445	-0.451	0.434	-0.68	14.59	-0.63
90.448	-0.444	-0.450	0.434	-0.68	14.58	-0.63
90.456	-0.442	-0.450	0.435	-0.68	14.58	-0.63
90.464	-0.441	-0.449	0.435	-0.68	14.58	-0.63
90.472	-0.440	-0.448	0.435	-0.68	14.58	-0.63
90.480	-0.438	-0.448	0.435	-0.68	14.58	-0.63
90.488	-0.437	-0.447	0.436	-0.68	14.58	-0.63
90.496	-0.436	-0.446	0.436	-0.68	14.58	-0.63
90.504	-0.435	-0.446	0.436	-0.68	14.58	-0.63
90.512	-0.433	-0.445	0.437	-0.68	14.57	-0.63
90.520	-0.432	-0.444	0.437	-0.68	14.57	-0.63
90.528	-0.431	-0.443	0.437	-0.68	14.57	-0.63
90.536	-0.430	-0.443	0.438	-0.68	14.57	-0.63
90.544	-0.428	-0.442	0.438	-0.68	14.57	-0.63
90.552	-0.427	-0.441	0.438	-0.68	14.57	-0.63
90.560	-0.426	-0.441	0.438	-0.68	14.57	-0.63
90.568	-0.424	-0.440	0.439	-0.68	14.57	-0.63
90.576	-0.423	-0.439	0.439	-0.68	14.57	-0.63
90.584	-0.422	-0.438	0.439	-0.68	14.57	-0.63
90.592	-0.421	-0.438	0.440	-0.67	14.57	-0.63
90.600	-0.419	-0.437	0.440	-0.67	14.56	-0.63
90.608	-0.418	-0.436	0.440	-0.67	14.56	-0.63
90.616	-0.417	-0.435	0.441	-0.67	14.56	-0.63
90.624	-0.416	-0.435	0.441	-0.67	14.56	-0.63
90.632	-0.414	-0.434	0.441	-0.67	14.56	-0.63
90.640	-0.413	-0.433	0.442	-0.67	14.56	-0.63
90.648	-0.412	-0.432	0.442	-0.67	14.56	-0.63
90.656	-0.411	-0.431	0.443	-0.67	14.56	-0.63
90.664	-0.409	-0.431	0.443	-0.67	14.56	-0.63
90.672	-0.408	-0.430	0.443	-0.67	14.56	-0.63
90.680	-0.407	-0.429	0.444	-0.67	14.56	-0.63
90.688	-0.406	-0.428	0.444	-0.67	14.56	-0.63
90.696	-0.404	-0.427	0.444	-0.67	14.56	-0.63
90.704	-0.403	-0.427	0.445	-0.67	14.56	-0.63
90.712	-0.402	-0.426	0.445	-0.67	14.56	-0.63
90.720	-0.401	-0.425	0.445	-0.67	14.55	-0.63
90.728	-0.399	-0.424	0.446	-0.67	14.55	-0.63
90.736	-0.398	-0.423	0.446	-0.67	14.55	-0.63
90.744	-0.397	-0.423	0.447	-0.67	14.55	-0.63
90.752	-0.396	-0.422	0.447	-0.67	14.55	-0.63
90.760	-0.394	-0.421	0.447	-0.67	14.55	-0.63
90.768	-0.393	-0.420	0.448	-0.67	14.55	-0.63
90.776	-0.392	-0.419	0.448	-0.67	14.55	-0.63
90.784	-0.391	-0.418	0.448	-0.67	14.55	-0.63
90.792	-0.389	-0.417	0.449	-0.67	14.55	-0.63
90.800	-0.388	-0.417	0.449	-0.67	14.55	-0.63
90.808	-0.387	-0.416	0.450	-0.67	14.55	-0.63
90.816	-0.386	-0.415	0.450	-0.67	14.55	-0.63
90.824	-0.385	-0.414	0.450	-0.67	14.55	-0.63
90.832	-0.383	-0.413	0.451	-0.67	14.55	-0.63
90.840	-0.382	-0.412	0.451	-0.67	14.55	-0.63
90.848	-0.381	-0.411	0.452	-0.67	14.55	-0.63
90.856	-0.380	-0.410	0.452	-0.67	14.54	-0.63
90.864	-0.379	-0.409	0.452	-0.67	14.54	-0.63
90.872	-0.377	-0.408	0.453	-0.67	14.54	-0.63
90.880	-0.376	-0.408	0.453	-0.67	14.54	-0.63
90.888	-0.375	-0.407	0.454	-0.67	14.54	-0.63
90.896	-0.374	-0.406	0.454	-0.67	14.54	-0.63
90.904	-0.372	-0.405	0.454	-0.67	14.54	-0.63
90.912	-0.371	-0.404	0.455	-0.67	14.54	-0.63
90.920	-0.370	-0.403	0.455	-0.67	14.54	-0.63
90.928	-0.369	-0.402	0.456	-0.66	14.54	-0.63
90.936	-0.368	-0.401	0.456	-0.66	14.54	-0.63
90.944	-0.366	-0.400	0.456	-0.66	14.54	-0.63
90.952	-0.365	-0.399	0.457	-0.66	14.54	-0.63
90.960	-0.364	-0.398	0.457	-0.66	14.54	-0.63
90.968	-0.363	-0.397	0.458	-0.66	14.54	-0.63
90.976	-0.362	-0.396	0.458	-0.66	14.53	-0.63
90.984	-0.361	-0.395	0.458	-0.66	14.53	-0.63
90.992	-0.359	-0.394	0.459	-0.66	14.53	-0.63
91.000	-0.358	-0.393	0.459	-0.66	14.53	-0.63
91.008	-0.357	-0.392	0.460	-0.66	14.53	-0.63
91.016	-0.356	-0.391	0.460	-0.66	14.53	-0.63
91.024	-0.355	-0.390	0.460	-0.66	14.53	-0.63
91.032	-0.354	-0.389	0.461	-0.66	14.53	-0.63
91.040	-0.352	-0.388	0.461	-0.66	14.53	-0.63
91.048	-0.351	-0.387	0.461	-0.66	14.53	-0.63
91.056	-0.350	-0.386	0.462	-0.66	14.53	-0.63
91.064	-0.349	-0.385	0.462	-0.66	14.53	-0.63
91.072	-0.348	-0.384	0.463	-0.66	14.53	-0.63
91.080	-0.347	-0.383	0.463	-0.66	14.53	-0.63
91.088	-0.345	-0.382	0.463	-0.66	14.52	-0.63
91.096	-0.344	-0.381	0.464	-0.66	14.52	-0.63
91.104	-0.343	-0.380	0.464	-0.65	14.52	-0.63
91.112	-0.342	-0.379	0.465	-0.65	14.52	-0.63
91.120	-0.341	-0.378	0.465	-0.65	14.52	-0.63
91.128	-0.340	-0.377	0.465	-0.65	14.52	-0.63
91.136	-0.339	-0.376	0.466	-0.65	14.52	-0.63
91.144	-0.337	-0.375	0.466	-0.65	14.52	-0.63
91.152	-0.336	-0.374	0.466	-0.65	14.52	-0.63
91.160	-0.335	-0.373	0.467	-0.65	14.52	-0.63
91.168	-0.334	-0.372	0.467	-0.65	14.52	-0.63
91.176	-0.333	-0.371	0.468	-0.65	14.51	-0.63
91.184	-0.332	-0.369	0.468	-0.65	14.51	-0.63
91.192	-0.331	-0.368	0.468	-0.65	14.51	-0.63
91.200	-0.330	-0.367	0.469	-0.65	14.51	-0.63
91.208	-0.329	-0.366	0.469	-0.65	14.51	-0.63
91.216	-0.327	-0.365	0.469	-0.65	14.51	-0.63
91.224	-0.326	-0.364	0.470	-0.65	14.51	-0.63
91.232	-0.325	-0.363	0.470	-0.65	14.51	-0.63
91.240	-0.324	-0.362	0.470	-0.65	14.51	-0.63
91.248	-0.323	-0.361	0.471	-0.64	14.51	-0.63
91.256	-0.322	-0.360	0.471	-0.64	14.50	-0.63
91.264	-0.321	-0.358	0.471	-0.64	14.50	-0.63
91.272	-0.320	-0.357	0.472	-0.64	14.50	-0.63
91.280	-0.319	-0.356	0.472	-0.64	14.50	-0.63
91.288	-0.318	-0.355	0.473	-0.64	14.50	-0.63
91.296	-0.317	-0.354	0.473	-0.64	14.50	-0.63
91.304	-0.315	-0.353	0.473	-0.64	14.50	-0.63
91.312	-0.314	-0.352	0.474	-0.64	14.50	-0.63
91.320	-0.313	-0.350	0.474	-0.64	14.50	-0.63
91.328	-0.312	-0.349	0.474	-0.64	14.49	-0.63
91.336	-0.311	-0.348	0.475	-0.64	14.49	-0.63
91.344	-0.310	-0.347	0.475	-0.64	14.49	-0.63
91.352	-0.309	-0.346	0.475	-0.64	14.49	-0.63
91.360	-0.308	-0.345	0.475	-0.64	14.49	-0.63
91.368	-0.307	-0.343	0.476	-0.63	14.49	-0.63
91.376	-0.306	-0.342	0.476	-0.63	14.49	-0.63
91.384	-0.305	-0.341	0.476	-0.63	14.49	-0.63
91.392	-0.304	-0.340	0.477	-0.63	14.49	-0.63
91.400	-0.303	-0.339	0.477	-0.63	14.48	-0.63
91.408	-0.302	-0.338	0.477	-0.63	14.48	-0.63
91.416	-0.301	-0.336	0.478	-0.63	14.48	-0.63
91.424	-0.300	-0.335	0.478	-0.63	14.48	-0.63
91.432	-0.299	-0.334	0.478	-0.63	14.48	-0.63
91.440	-0.298	-0.333	0.479	-0.63	14.48	-0.63
91.448	-0.297	-0.332	0.479	-0.63	14.48	-0.63
91.456	-0.296	-0.330	0.479	-0.63	14.47	-0.63
91.464	-0.295	-0.329	0.479	-0.63	14.47	-0.63
91.472	-0.294	-0.328	0.480	-0.62	14.47	-0.63
91.480	-0.293	-0.327	0.480	-0.62	14.47	-0.63
91.488	-0.292	-0.325	0.480	-0.62	14.47	-0.63
91.496	-0.291	-0.324	0.481	-0.62	14.47	-0.63
91.504	-0.290	-0.323	0.481	-0.62	14.47	-0.63
91.512	-0.289	-0.322	0.481	-0.62	14.47	-0.63
91.520	-0.288	-0.320	0.481	-0.62	14.46	-0.63
91.528	-0.287	-0.319	0.482	-0.62	14.46	-0.63
91.536	-0.286	-0.318	0.482	-0.62	14.46	-0.63
91.544	-0.285	-0.317	0.482	-0.62	14.46	-0.63
91.552	-0.284	-0.315	0.483	-0.62	14.46	-0.63
91.560	-0.283	-0.314	0.483	-0.62	14.46	-0.63
91.568	-0.282	-0.313	0.483	-0.61	14.46	-0.63
91.576	-0.281	-0.312	0.483	-0.61	14.45	-0.63
91.584	-0.280	-0.310	0.484	-0.61	14.45	-0.63
91.592	-0.279	-0.309	0.484	-0.61	14.45	-0.63
91.600	-0.278	-0.308	0.484	-0.61	14.45	-0.63
91.608	-0.277	-0.307	0.484	-0.61	14.45	-0.63
91.616	-0.276	-0.305	0.485	-0.61	14.45	-0.63
91.624	-0.275	-0.304	0.485	-0.61	14.45	-0.63
91.632	-0.274	-0.303	0.485	-0.61	14.44	-0.63
91.640	-0.273	-0.301	0.485	-0.61	14.44	-0.63
91.648	-0.272	-0.300	0.486	-0.61	14.44	-0.63
91.656	-0.272	-0.299	0.486	-0.60	14.44	-0.63
91.664	-0.271	-0.297	0.486	-0.60	14.44	-0.63
91.672	-0.270	-0.296	0.486	-0.60	14.44	-0.63
91.680	-0.269	-0.295	0.486	-0.60	14.43	-0.63
91.688	-0.268	-0.293	0.487	-0.60	14.43	-0.63
91.696	-0.267	-0.292	0.487	-0.60	14.43	-0.63
91.704	-0.266	-0.291	0.487	-0.60	14.43	-0.63
91.712	-0.265	-0.290	0.487	-0.60	14.43	-0.63
91.720	-0.264	-0.288	0.488	-0.60	14.43	-0.63
91.728	-0.263	-0.287	0.488	-0.60	14.43	-0.63
91.736	-0.263	-0.286	0.488	-0.60	14.42	-0.63
91.744	-0.262	-0.284	0.488	-0.59	14.42	-0.63
91.752	-0.261	-0.283	0.488	-0.59	14.42	-0.63
91.760	-0.260	-0.281	0.489	-0.59	14.42	-0.63
91.768	-0.259	-0.280	0.489	-0.59	14.42	-0.63
91.776	-0.258	-0.279	0.489	-0.59	14.42	-0.63
91.784	-0.257	-0.277	0.489	-0.59	14.41	-0.63
91.792	-0.256	-0.276	0.489	-0.59	14.41	-0.63
91.800	-0.256	-0.275	0.489	-0.59	14.41	-0.63
91.808	-0.255	-0.273	0.490	-0.59	14.41	-0.63
91.816	-0.254	-0.272	0.490	-0.59	14.41	-0.63
91.824	-0.253	-0.271	0.490	-0.58	14.41	-0.63
91.832	-0.252	-0.269	0.490	-0.58	14.40	-0.63
91.840	-0.251	-0.268	0.490	-0.58	14.40	-0.63
91.848	-0.251	-0.266	0.491	-0.58	14.40	-0.63
91.856	-0.250	-0.265	0.491	-0.58	14.40	-0.63
91.864	-0.249	-0.264	0.491	-0.58	14.40	-0.63
91.872	-0.248	-0.262	0.491	-0.58	14.40	-0.63
91.880	-0.247	-0.261	0.491	-0.58	14.39	-0.63
91.888	-0.246	-0.260	0.491	-0.58	14.39	-0.63
91.896	-0.246	-0.258	0.492	-0.57	14.39	-0.63
91.904	-0.245	-0.257	0.492	-0.57	14.39	-0.63
91.912	-0.244	-0.255	0.492	-0.57	14.39	-0.63
91.920	-0.243	-0.254	0.492	-0.57	14.39	-0.63
91.928	-0.242	-0.253	0.492	-0.57	14.38	-0.63
91.936	-0.242	-0.251	0.492	-0.57	14.38	-0.63
91.944	-0.241	-0.250	0.492	-0.57	14.38	-0.63
91.952	-0.240	-0.248	0.493	-0.57	14.38	-0.63
91.960	-0.239	-0.247	0.493	-0.57	14.38	-0.63
91.968	-0.239	-0.245	0.493	-0.56	14.38	-0.63
91.976	-0.238	-0.244	0.493	-0.56	14.37	-0.63
91.984	-0.237	-0.243	0.493	-0.56	14.37	-0.63
91.992	-0.236	-0.241	0.493	-0.56	14.37	-0.63
92.000	-0.236	-0.240	0.493	-0.56	14.37	-0.63
92.008	-0.235	-0.238	0.494	-0.56	14.37	-0.63
92.016	-0.234	-0.237	0.494	-0.56	14.37	-0.63
92.024	-0.233	-0.235	0.494	-0.56	14.36	-0.63
92.032	-0.233	-0.234	0.494	-0.56	14.36	-0.63
92.040	-0.232	-0.232	0.494	-0.55	14.36	-0.63
92.048	-0.231	-0.231	0.494	-0.55	14.36	-0.63
92.056	-0.230	-0.230	0.494	-0.55	14.36	-0.63
92.064	-0.230	-0.228	0.494	-0.55	14.36	-0.63
92.072	-0.229	-0.227	0.495	-0.55	14.35	-0.63
92.080	-0.228	-0.225	0.495	-0.55	14.35	-0.63
92.088	-0.228	-0.224	0.495	-0.55	14.35	-0.63
92.096	-0.227	-0.222	0.495	-0.55	14.35	-0.63
92.104	-0.226	-0.221	0.495	-0.55	14.35	-0.63
92.112	-0.225	-0.219	0.495	-0.54	14.35	-0.63
92.120	-0.225	-0.218	0.495	-0.54	14.34	-0.63
92.128	-0.224	-0.216	0.495	-0.54	14.34	-0.63
92.136	-0.223	-0.215	0.495	-0.54	14.34	-0.63
92.144	-0.223	-0.213	0.495	-0.54	14.34	-0.63
92.152	-0.222	-0.212	0.496	-0.54	14.34	-0.63
92.160	-0.221	-0.210	0.496	-0.54	14.34	-0.63
92.168	-0.221	-0.209	0.496	-0.54	14.33	-0.63
92.176	-0.220	-0.207	0.496	-0.53	14.33	-0.63
92.184	-0.219	-0.206	0.496	-0.53	14.33	-0.63
92.192	-0.219	-0.205	0.496	-0.53	14.33	-0.63
92.200	-0.218	-0.203	0.496	-0.53	14.33	-0.63
92.208	-0.217	-0.202	0.496	-0.53	14.33	-0.63
92.216	-0.217	-0.200	0.496	-0.53	14.32	-0.63
92.224	-0.216	-0.199	0.496	-0.53	14.32	-0.63
92.232	-0.216	-0.197	0.496	-0.53	14.32	-0.63
92.240	-0.215	-0.195	0.496	-0.52	14.32	-0.63
92.248	-0.214	-0.194	0.497	-0.52	14.32	-0.63
92.256	-0.214	-0.192	0.497	-0.52	14.32	-0.63
92.264	-0.213	-0.191	0.497	-0.52	14.31	-0.63
92.272	-0.212	-0.189	0.497	-0.52	14.31	-0.63
92.280	-0.212	-0.188	0.497	-0.52	14.31	-0.63
92.288	-0.211	-0.186	0.497	-0.52	14.31	-0.63
92.296	-0.211	-0.185	0.497	-0.51	14.31	-0.63
92.304	-0.210	-0.183	0.497	-0.51	14.31	-0.63
92.312	-0.210	-0.182	0.497	-0.51	14.31	-0.63
92.320	-0.209	-0.180	0.497	-0.51	14.30	-0.63
92.328	-0.208	-0.179	0.497	-0.51	14.30	-0.63
92.336	-0.208	-0.177	0.497	-0.51	14.30	-0.63
92.344	-0.207	-0.176	0.497	-0.51	14.30	-0.63
92.352	-0.207	-0.174	0.497	-0.51	14.30	-0.63
92.360	-0.206	-0.173	0.497	-0.50	14.30	-0.63
92.368	-0.206	-0.171	0.497	-0.50	14.29	-0.63
92.376	-0.205	-0.170	0.497	-0.50	14.29	-0.63
92.384	-0.204	-0.168	0.498	-0.50	14.29	-0.63
92.392	-0.204	-0.166	0.498	-0.50	14.29	-0.63
92.400	-0.203	-0.165	0.498	-0.50	14.29	-0.63
92.408	-0.203	-0.163	0.498	-0.50	14.29	-0.63
92.416	-0.202	-0.162	0.498	-0.50	14.28	-0.63
92.424	-0.202	-0.160	0.498	-0.49	14.28	-0.63
92.432	-0.201	-0.159	0.498	-0.49	14.28	-0.63
92.440	-0.201	-0.157	0.498	-0.49	14.28	-0.63
92.448	-0.200	-0.156	0.498	-0.49	14.28	-0.63
92.456	-0.200	-0.154	0.498	-0.49	14.28	-0.63
92.464	-0.199	-0.152	0.498	-0.49	14.28	-0.63
92.472	-0.199	-0.151	0.498	-0.49	14.27	-0.63
92.480	-0.198	-0.149	0.498	-0.48	14.27	-0.63
92.488	-0.198	-0.148	0.498	-0.48	14.27	-0.63
92.496	-0.197	-0.146	0.498	-0.48	14.27	-0.63
92.504	-0.197	-0.145	0.498	-0.48	14.27	-0.63
92.512	-0.196	-0.143	0.498	-0.48	14.27	-0.63
92.520	-0.196	-0.141	0.498	-0.48	14.27	-0.63
92.528	-0.196	-0.140	0.498	-0.48	14.26	-0.63
92.536	-0.195	-0.138	0.498	-0.47	14.26	-0.63
92.544	-0.195	-0.137	0.498	-0.47	14.26	-0.63
92.552	-0.194	-0.135	0.498	-0.47	14.26	-0.63
92.560	-0.194	-0.134	0.498	-0.47	14.26	-0.63
92.568	-0.193	-0.132	0.498	-0.47	14.26	-0.63
92.576	-0.193	-0.130	0.498	-0.47	14.26	-0.63
92.584	-0.193	-0.129	0.498	-0.47	14.25	-0.63
92.592	-0.192	-0.127	0.498	-0.46	14.25	-0.63
92.600	-0.192	-0.126	0.498	-0.46	14.25	-0.63
92.608	-0.191	-0.124	0.499	-0.46	14.25	-0.63
92.616	-0.191	-0.122	0.499	-0.46	14.25	-0.63
92.624	-0.190	-0.121	0.499	-0.46	14.25	-0.63
92.632	-0.190	-0.119	0.499	-0.46	14.25	-0.63
92.640	-0.190	-0.118	0.499	-0.46	14.24	-0.63
92.648	-0.189	-0.116	0.499	-0.45	14.24	-0.63
92.656	-0.189	-0.114	0.499	-0.45	14.24	-0.63
92.664	-0.189	-0.113	0.499	-0.45	14.24	-0.63
92.672	-0.188	-0.111	0.499	-0.45	14.24	-0.63
92.680	-0.188	-0.110	0.499	-0.45	14.24	-0.63
92.688	-0.187	-0.108	0.499	-0.45	14.24	-0.63
92.696	-0.187	-0.106	0.499	-0.45	14.24	-0.63
92.704	-0.187	-0.105	0.499	-0.44	14.23	-0.63
92.712	-0.186	-0.103	0.499	-0.44	14.23	-0.63
92.720	-0.186	-0.102	0.499	-0.44	14.23	-0.63
92.728	-0.186	-0.100	0.499	-0.44	14.23	-0.63
92.736	-0.185	-0.098	0.499	-0.44	14.23	-0.63
92.744	-0.185	-0.097	0.499	-0.44	14.23	-0.63
92.752	-0.185	-0.095	0.499	-0.43	14.23	-0.63
92.760	-0.184	-0.094	0.499	-0.43	14.22	-0.63
92.768	-0.184	-0.092	0.499	-0.43	14.22	-0.63
92.776	-0.184	-0.090	0.499	-0.43	14.22	-0.63
92.784	-0.184	-0.089	0.499	-0.43	14.22	-0.63
92.792	-0.183	-0.087	0.499	-0.43	14.22	-0.63
92.800	-0.183	-0.085	0.499	-0.43	14.22	-0.63
92.808	-0.183	-0.084	0.499	-0.42	14.22	-0.63
92.816	-0.182	-0.082	0.499	-0.42	14.22	-0.63
92.824	-0.182	-0.081	0.499	-0.42	14.22	-0.63
92.832	-0.182	-0.079	0.499	-0.42	14.21	-0.63
92.840	-0.182	-0.077	0.499	-0.42	14.21	-0.63
92.848	-0.181	-0.076	0.499	-0.42	14.21	-0.63
92.856	-0.181	-0.074	0.499	-0.42	14.21	-0.63
92.864	-0.181	-0.073	0.499	-0.41	14.21	-0.63
92.872	-0.181	-0.071	0.499	-0.41	14.21	-0.63
92.880	-0.180	-0.069	0.499	-0.41	14.21	-0.63
92.888	-0.180	-0.068	0.499	-0.41	14.21	-0.63
92.896	-0.180	-0.066	0.499	-0.41	14.20	-0.63
92.904	-0.180	-0.064	0.499	-0.41	14.20	-0.63
92.912	-0.179	-0.063	0.499	-0.40	14.20	-0.63
92.920	-0.179	-0.061	0.499	-0.40	14.20	-0.63
92.928	-0.179	-0.059	0.499	-0.40	14.20	-0.63
92.936	-0.179	-0.058	0.499	-0.40	14.20	-0.63
92.944	-0.179	-0.056	0.499	-0.40	14.20	-0.63
92.952	-0.178	-0.055	0.499	-0.40	14.20	-0.63
92.960	-0.178	-0.053	0.499	-0.40	14.20	-0.63
92.968	-0.178	-0.051	0.499	-0.39	14.20	-0.63
92.976	-0.178	-0.050	0.499	-0.39	14.19	-0.63
92.984	-0.178	-0.048	0.499	-0.39	14.19	-0.63
92.992	-0.178	-0.046	0.499	-0.39	14.19	-0.63
93.000	-0.177	-0.045	0.499	-0.39	14.19	-0.63
93.008	-0.177	-0.043	0.499	-0.39	14.19	-0.63
93.016	-0.177	-0.041	0.499	-0.38	14.19	-0.63
93.024	-0.177	-0.040	0.499	-0.38	14.19	-0.63
93.032	-0.177	-0.038	0.499	-0.38	14.19	-0.63
93.040	-0.177	-0.037	0.499	-0.38	14.19	-0.63
93.048	-0.177	-0.035	0.499	-0.38	14.19	-0.63
93.056	-0.176	-0.033	0.499	-0.38	14.18	-0.63
93.064	-0.176	-0.032	0.499	-0.37	14.18	-0.63
93.072	-0.176	-0.030	0.499	-0.37	14.18	-0.63
93.080	-0.176	-0.028	0.499	-0.37	14.18	-0.63
93.088	-0.176	-0.027	0.499	-0.37	14.18	-0.63
93.096	-0.176	-0.025	0.499	-0.37	14.18	-0.63
93.104	-0.176	-0.023	0.499	-0.37	14.18	-0.63
93.112	-0.176	-0.022	0.499	-0.36	14.18	-0.63
93.120	-0.176	-0.020	0.499	-0.36	14.18	-0.63
93.128	-0.176	-0.019	0.499	-0.36	14.18	-0.63
93.136	-0.175	-0.017	0.499	-0.36	14.18	-0.63
93.144	-0.175	-0.015	0.499	-0.36	14.17	-0.63
93.152	-0.175	-0.014	0.499	-0.36	14.17	-0.63
93.160	-0.175	-0.012	0.499	-0.36	14.17	-0.63
93.168	-0.175	-0.010	0.499	-0.35	14.17	-0.63
93.176	-0.175	-0.009	0.499	-0.35	14.17	-0.63
93.184	-0.175	-0.007	0.499	-0.35	14.17	-0.63
93.192	-0.175	-0.005	0.499	-0.35	14.17	-0.63
93.200	-0.175	-0.004	0.499	-0.35	14.17	-0.63
93.208	-0.175	-0.002	0.499	-0.35	14.17	-0.63
93.216	-0.175	-0.000	0.499	-0.34	14.17	-0.63
93.224	-0.175	0.001	0.499	-0.34	14.17	-0.63
93.232	-0.175	0.003	0.499	-0.34	14.17	-0.63
93.240	-0.175	0.005	0.499	-0.34	14.16	-0.63
93.248	-0.175	0.006	0.499	-0.34	14.16	-0.63
93.256	-0.175	0.008	0.499	-0.34	14.16	-0.63
93.264	-0.175	0.009	0.499	-0.33	14.16	-0.63
93.272	-0.175	0.011	0.499	-0.33	14.16	-0.63
93.280	-0.175	0.013	0.499	-0.33	14.16	-0.63
93.288	-0.175	0.014	0.499	-0.33	14.16	-0.63
93.296	-0.175	0.016	0.499	-0.33	14.16	-0.63
93.304	-0.175	0.018	0.499	-0.33	14.16	-0.63
93.312	-0.175	0.019	0.499	-0.32	14.16	-0.63
93.320	-0.175	0.021	0.499	-0.32	14.16	-0.63
93.328	-0.175	0.023	0.499	-0.32	14.16	-0.63
93.336	-0.175	0.024	0.499	-0.32	14.16	-0.63
93.344	-0.175	0.026	0.499	-0.32	14.16	-0.63
93.352	-0.175	0.028	0.499	-0.32	14.15	-0.63
93.360	-0.175	0.029	0.499	-0.31	14.15	-0.63
93.368	-0.176	0.031	0.499	-0.31	14.15	-0.63
93.376	-0.176	0.032	0.499	-0.31	14.15	-0.63
93.384	-0.176	0.034	0.499	-0.31	14.15	-0.63
93.392	-0.176	0.036	0.499	-0.31	14.15	-0.63
93.400	-0.176	0.037	0.499	-0.31	14.15	-0.63
93.408	-0.176	0.039	0.499	-0.30	14.15	-0.63
93.416	-0.176	0.041	0.499	-0.30	14.15	-0.63
93.424	-0.176	0.042	0.499	-0.30	14.15	-0.63
93.432	-0.176	0.044	0.499	-0.30	14.15	-0.63
93.440	-0.176	0.046	0.499	-0.30	14.15	-0.63
93.448	-0.177	0.047	0.499	-0.30	14.15	-0.63
93.456	-0.177	0.049	0.499	-0.29	14.15	-0.63
93.464	-0.177	0.050	0.499	-0.29	14.15	-0.63
93.472	-0.177	0.052	0.499	-0.29	14.15	-0.63
93.480	-0.177	0.054	0.499	-0.29	14.15	-0.63
93.488	-0.177	0.055	0.499	-0.29	14.14	-0.63
93.496	-0.177	0.057	0.499	-0.29	14.14	-0.63
93.504	-0.178	0.059	0.499	-0.28	14.14	-0.63
93.512	-0.178	0.060	0.499	-0.28	14.14	-0.63
93.520	-0.178	0.062	0.499	-0.28	14.14	-0.63
93.528	-0.178	0.064	0.499	-0.28	14.14	-0.63
93.536	-0.178	0.065	0.499	-0.28	14.14	-0.63
93.544	-0.178	0.067	0.499	-0.27	14.14	-0.63
93.552	-0.179	0.068	0.499	-0.27	14.14	-0.63
93.560	-0.179	0.070	0.499	-0.27	14.14	-0.63
93.568	-0.179	0.072	0.499	-0.27	14.14	-0.63
93.576	-0.179	0.073	0.499	-0.27	14.14	-0.63
93.584	-0.180	0.075	0.499	-0.27	14.14	-0.63
93.592	-0.180	0.077	0.499	-0.26	14.14	-0.63
93.600	-0.180	0.078	0.499	-0.26	14.14	-0.63
93.608	-0.180	0.080	0.499	-0.26	14.14	-0.63
93.616	-0.180	0.081	0.499	-0.26	14.14	-0.63
93.624	-0.181	0.083	0.499	-0.26	14.14	-0.63
93.632	-0.181	0.085	0.499	-0.26	14.14	-0.63
93.640	-0.181	0.086	0.499	-0.25	14.14	-0.63
93.648	-0.181	0.088	0.499	-0.25	14.14	-0.63
93.656	-0.182	0.090	0.499	-0.25	14.14	-0.63
93.664	-0.182	0.091	0.499	-0.25	14.13	-0.63
93.672	-0.182	0.093	0.499	-0.25	14.13	-0.63
93.680	-0.182	0.094	0.499	-0.25	14.13	-0.63
93.688	-0.183	0.096	0.499	-0.24	14.13	-0.63
93.696	-0.183	0.098	0.499	-0.24	14.13	-0.63
93.704	-0.183	0.099	0.499	-0.24	14.13	-0.63
93.712	-0.184	0.101	0.499	-0.24	14.13	-0.63
93.720	-0.184	0.102	0.499	-0.24	14.13	-0.63
93.728	-0.184	0.104	0.499	-0.24	14.13	-0.63
93.736	-0.185	0.106	0.499	-0.23	14.13	-0.63
93.744	-0.185	0.107	0.499	-0.23	14.13	-0.63
93.752	-0.185	0.109	0.499	-0.23	14.13	-0.63
93.760	-0.186	0.110	0.499	-0.23	14.13	-0.63
93.768	-0.186	0.112	0.499	-0.23	14.13	-0.63
93.776	-0.186	0.114	0.499	-0.22	14.13	-0.63
93.784	-0.187	0.115	0.499	-0.22	14.13	-0.63
93.792	-0.187	0.117	0.499	-0.22	14.13	-0.63
93.800	-0.187	0.118	0.499	-0.22	14.13	-0.63
93.808	-0.188	0.120	0.499	-0.22	14.13	-0.63
93.816	-0.188	0.122	0.499	-0.22	14.13	-0.63
93.824	-0.188	0.123	0.499	-0.21	14.13	-0.63
93.832	-0.189	0.125	0.499	-0.21	14.13	-0.63
93.840	-0.189	0.126	0.499	-0.21	14.13	-0.63
93.848	-0.189	0.128	0.499	-0.21	14.13	-0.63
93.856	-0.190	0.130	0.499	-0.21	14.13	-0.63
93.864	-0.190	0.131	0.499	-0.21	14.13	-0.63
93.872	-0.191	0.133	0.499	-0.20	14.13	-0.63
93.880	-0.191	0.134	0.499	-0.20	14.13	-0.63
93.888	-0.191	0.136	0.499	-0.20	14.13	-0.63
93.896	-0.192	0.138	0.499	-0.20	14.13	-0.63
93.904	-0.192	0.139	0.499	-0.20	14.13	-0.63
93.912	-0.193	0.141	0.499	-0.20	14.13	-0.63
93.920	-0.193	0.142	0.499	-0.19	14.13	-0.63
93.928	-0.194	0.144	0.499	-0.19	14.13	-0.63
93.936	-0.194	0.145	0.499	-0.19	14.13	-0.63
93.944	-0.194	0.147	0.499	-0.19	14.13	-0.63
93.952	-0.195	0.149	0.499	-0.19	14.13	-0.63
93.960	-0.195	0.150	0.499	-0.18	14.13	-0.63
93.968	-0.196	0.152	0.499	-0.18	14.13	-0.63
93.976	-0.196	0.153	0.499	-0.18	14.13	-0.63
93.984	-0.197	0.155	0.499	-0.18	14.13	-0.63
93.992	-0.197	0.156	0.499	-0.18	14.13	-0.63
94.000	-0.198	0.158	0.499	-0.18	14.13	-0.63
94.008	-0.198	0.159	0.499	-0.17	14.13	-0.63
94.016	-0.199	0.161	0.499	-0.17	14.13	-0.63
94.024	-0.199	0.163	0.499	-0.17	14.13	-0.63
94.032	-0.200	0.164	0.499	-0.17	14.13	-0.63
94.040	-0.200	0.166	0.499	-0.17	14.13	-0.63
94.048	-0.201	0.167	0.499	-0.17	14.13	-0.63
94.056	-0.201	0.169	0.499	-0.16	14.12	-0.63
94.064	-0.202	0.170	0.499	-0.16	14.12	-0.63
94.072	-0.202	0.172	0.499	-0.16	14.12	-0.63
94.080	-0.203	0.173	0.499	-0.16	14.12	-0.63
94.088	-0.203	0.175	0.499	-0.16	14.12	-0.63
94.096	-0.204	0.176	0.499	-0.15	14.12	-0.63
94.104	-0.204	0.178	0.499	-0.15	14.12	-0.63
94.112	-0.205	0.180	0.499	-0.15	14.12	-0.63
94.120	-0.205	0.181	0.499	-0.15	14.12	-0.63
94.128	-0.206	0.183	0.499	-0.15	14.12	-0.63
94.136	-0.207	0.184	0.499	-0.15	14.12	-0.63
94.144	-0.207	0.186	0.499	-0.14	14.12	-0.63
94.152	-0.208	0.187	0.499	-0.14	14.12	-0.63
94.160	-0.208	0.189	0.499	-0.14	14.12	-0.63
94.168	-0.209	0.190	0.499	-0.14	14.13	-0.63
94.176	-0.209	0.192	0.499	-0.14	14.04	-0.63
94.184	-0.209	0.193	0.499	-0.14	13.79	-0.63
94.192	-0.209	0.195	0.499	-0.13	13.29	-0.63
94.200	-0.209	0.196	0.499	-0.13	12.46	-0.63
94.208	-0.209	0.198	0.499	-0.13	11.37	-0.62
94.216	-0.208	0.199	0.499	-0.13	10.12	-0.62
94.224	-0.207	0.201	0.499	-0.12	8.79	-0.62
94.232	-0.207	0.202	0.499	-0.12	7.47	-0.61
94.240	-0.206	0.204	0.499	-0.12	6.22	-0.61
94.248	-0.205	0.205	0.499	-0.12	5.15	-0.61
94.256	-0.204	0.207	0.499	-0.11	4.32	-0.60
94.264	-0.203	0.208	0.499	-0.11	3.70	-0.60
94.272	-0.202	0.210	0.500	-0.09	3.22	-0.61
94.280	-0.201	0.211	0.500	-0.07	2.79	-0.61
94.288	-0.200	0.213	0.500	-0.05	2.38	-0.61
94.296	-0.199	0.214	0.500	-0.04	1.99	-0.61
94.304	-0.198	0.216	0.500	-0.03	1.61	-0.61
94.312	-0.197	0.217	0.500	-0.02	1.25	-0.61
94.320	-0.196	0.219	0.501	-0.01	0.92	-0.61
94.328	-0.195	0.220	0.501	0.00	0.62	-0.61
94.336	-0.194	0.222	0.501	0.01	0.35	-0.61
94.344	-0.193	0.223	0.501	0.02	0.10	-0.61
94.352	-0.191	0.225	0.502	0.03	-0.12	-0.61
94.360	-0.190	0.226	0.502	0.04	-0.33	-0.61
94.368	-0.189	0.228	0.502	0.05	-0.52	-0.61
94.376	-0.188	0.229	0.503	0.06	-0.69	-0.61
94.384	-0.187	0.230	0.503	0.06	-0.85	-0.61
94.392	-0.186	0.232	0.503	0.07	-1.00	-0.61
94.400	-0.185	0.233	0.504	0.08	-1.13	-0.61
94.408	-0.184	0.235	0.504	0.08	-1.25	-0.61
94.416	-0.183	0.236	0.504	0.09	-1.36	-0.61
94.424	-0.182	0.238	0.505	0.09	-1.46	-0.61
94.432	-0.181	0.239	0.505	0.10	-1.55	-0.61
94.440	-0.180	0.241	0.505	0.10	-1.63	-0.61
94.448	-0.179	0.242	0.506	0.10	-1.70	-0.61
94.456	-0.178	0.244	0.506	0.11	-1.77	-0.61
94.464	-0.177	0.245	0.507	0.11	-1.83	-0.61
94.472	-0.176	0.246	0.507	0.11	-1.88	-0.61
94.480	-0.175	0.248	0.508	0.12	-1.93	-0.61
94.488	-0.174	0.249	0.508	0.12	-1.97	-0.61
94.496	-0.173	0.251	0.508	0.12	-2.01	-0.61
94.504	-0.172	0.252	0.509	0.13	-2.04	-0.61
94.512	-0.172	0.254	0.509	0.13	-2.07	-0.61
94.520	-0.171	0.255	0.510	0.13	-2.09	-0.61
94.528	-0.170	0.256	0.510	0.13	-2.11	-0.61
94.536	-0.169	0.258	0.511	0.14	-2.13	-0.61
94.544	-0.169	0.259	0.511	0.14	-2.14	-0.61
94.552	-0.168	0.261	0.512	0.14	-2.15	-0.61
94.560	-0.167	0.262	0.512	0.14	-2.16	-0.61
94.568	-0.167	0.263	0.513	0.15	-2.16	-0.61
94.576	-0.166	0.265	0.513	0.15	-2.16	-0.61
94.584	-0.165	0.266	0.514	0.15	-2.17	-0.61
94.592	-0.165	0.268	0.514	0.15	-2.16	-0.61
94.600	-0.164	0.269	0.515	0.15	-2.16	-0.61
94.608	-0.164	0.270	0.515	0.15	-2.16	-0.61
94.616	-0.163	0.272	0.516	0.16	-2.15	-0.61
94.624	-0.163	0.273	0.516	0.16	-2.14	-0.61
94.632	-0.162	0.275	0.517	0.16	-2.13	-0.61
94.640	-0.162	0.276	0.518	0.16	-2.12	-0.61
94.648	-0.162	0.277	0.518	0.16	-2.11	-0.61
94.656	-0.161	0.279	0.519	0.16	-2.10	-0.61
94.664	-0.161	0.280	0.519	0.17	-2.08	-0.61
94.672	-0.161	0.281	0.520	0.17	-2.07	-0.61
94.680	-0.160	0.283	0.520	0.17	-2.05	-0.61
94.688	-0.160	0.284	0.521	0.17	-2.04	-0.61
94.696	-0.160	0.285	0.521	0.17	-2.02	-0.61
94.704	-0.159	0.287	0.522	0.17	-2.01	-0.61
94.712	-0.159	0.288	0.522	0.17	-1.99	-0.61
94.720	-0.159	0.289	0.523	0.18	-1.97	-0.61
94.728	-0.159	0.291	0.524	0.18	-1.95	-0.61
94.736	-0.159	0.292	0.524	0.18	-1.93	-0.61
94.744	-0.159	0.293	0.525	0.18	-1.91	-0.61
94.752	-0.159	0.295	0.525	0.18	-1.89	-0.61
94.760	-0.159	0.296	0.526	0.18	-1.88	-0.61
94.768	-0.158	0.297	0.526	0.18	-1.86	-0.61
94.776	-0.158	0.299	0.527	0.19	-1.84	-0.61
94.784	-0.158	0.300	0.527	0.19	-1.82	-0.61
94.792	-0.158	0.301	0.528	0.19	-1.80	-0.61
94.800	-0.158	0.303	0.528	0.19	-1.78	-0.61
94.808	-0.158	0.304	0.529	0.19	-1.76	-0.61
94.816	-0.159	0.305	0.529	0.19	-1.74	-0.61
94.824	-0.159	0.307	0.530	0.19	-1.72	-0.61
94.832	-0.159	0.308	0.531	0.19	-1.70	-0.61
94.840	-0.159	0.309	0.531	0.20	-1.68	-0.61
94.848	-0.159	0.310	0.532	0.20	-1.66	-0.61
94.856	-0.159	0.312	0.532	0.20	-1.64	-0.61
94.864	-0.159	0.313	0.533	0.20	-1.62	-0.61
94.872	-0.159	0.314	0.533	0.20	-1.60	-0.61
94.880	-0.160	0.315	0.534	0.20	-1.58	-0.61
94.888	-0.160	0.317	0.534	0.20	-1.56	-0.61
94.896	-0.160	0.318	0.535	0.21	-1.54	-0.61
94.904	-0.160	0.319	0.535	0.21	-1.52	-0.61
94.912	-0.161	0.321	0.536	0.21	-1.50	-0.61
94.920	-0.161	0.322	0.536	0.21	-1.48	-0.61
94.928	-0.161	0.323	0.537	0.21	-1.47	-0.61
94.936	-0.162	0.324	0.537	0.21	-1.45	-0.61
94.944	-0.162	0.325	0.538	0.21	-1.43	-0.61
94.952	-0.162	0.327	0.538	0.21	-1.41	-0.61
94.960	-0.163	0.328	0.539	0.22	-1.39	-0.61
94.968	-0.163	0.329	0.539	0.22	-1.38	-0.61
94.976	-0.163	0.330	0.539	0.22	-1.36	-0.61
94.984	-0.164	0.332	0.540	0.22	-1.34	-0.61
94.992	-0.164	0.333	0.540	0.22	-1.33	-0.61
95.000	-0.165	0.334	0.541	0.22	-1.31	-0.61
95.008	-0.165	0.335	0.541	0.22	-1.29	-0.61
95.016	-0.166	0.336	0.542	0.23	-1.28	-0.61
95.024	-0.166	0.338	0.542	0.23	-1.26	-0.61
95.032	-0.167	0.339	0.543	0.23	-1.25	-0.61
95.040	-0.167	0.340	0.543	0.23	-1.23	-0.61
95.048	-0.168	0.341	0.543	0.23	-1.22	-0.61
95.056	-0.168	0.342	0.544	0.23	-1.20	-0.61
95.064	-0.169	0.344	0.544	0.23	-1.19	-0.61
95.072	-0.169	0.345	0.545	0.23	-1.17	-0.61
95.080	-0.170	0.346	0.545	0.24	-1.16	-0.61
95.088	-0.170	0.347	0.545	0.24	-1.15	-0.61
95.096	-0.171	0.348	0.546	0.24	-1.13	-0.61
95.104	-0.172	0.349	0.546	0.24	-1.12	-0.61
95.112	-0.172	0.351	0.547	0.24	-1.11	-0.61
95.120	-0.173	0.352	0.547	0.24	-1.09	-0.61
95.128	-0.173	0.353	0.547	0.24	-1.08	-0.61
95.136	-0.174	0.354	0.548	0.25	-1.07	-0.61
95.144	-0.175	0.355	0.548	0.25	-1.05	-0.61
95.152	-0.175	0.356	0.548	0.25	-1.04	-0.61
95.160	-0.176	0.357	0.549	0.25	-1.03	-0.61
95.168	-0.177	0.359	0.549	0.25	-1.02	-0.61
95.176	-0.178	0.360	0.549	0.25	-1.01	-0.61
95.184	-0.178	0.361	0.550	0.25	-1.00	-0.61
95.192	-0.179	0.362	0.550	0.26	-0.98	-0.61
95.200	-0.180	0.363	0.550	0.26	-0.97	-0.61
95.208	-0.180	0.364	0.551	0.26	-0.96	-0.61
95.216	-0.181	0.365	0.551	0.26	-0.95	-0.61
95.224	-0.182	0.366	0.551	0.26	-0.94	-0.61
95.232	-0.183	0.367	0.552	0.26	-0.93	-0.61
95.240	-0.183	0.369	0.552	0.26	-0.92	-0.61
95.248	-0.184	0.370	0.552	0.27	-0.91	-0.61
95.256	-0.185	0.371	0.552	0.27	-0.90	-0.61
95.264	-0.186	0.372	0.553	0.27	-0.89	-0.61
95.272	-0.187	0.373	0.553	0.27	-0.88	-0.61
95.280	-0.187	0.374	0.553	0.27	-0.87	-0.61
95.288	-0.188	0.375	0.553	0.27	-0.87	-0.61
95.296	-0.189	0.376	0.554	0.27	-0.86	-0.61
95.304	-0.190	0.377	0.554	0.28	-0.85	-0.61
95.312	-0.191	0.378	0.554	0.28	-0.84	-0.61
95.320	-0.192	0.379	0.554	0.28	-0.83	-0.61
95.328	-0.193	0.380	0.555	0.28	-0.82	-0.61
95.336	-0.193	0.381	0.555	0.28	-0.82	-0.61
95.344	-0.194	0.382	0.555	0.28	-0.81	-0.61
95.352	-0.195	0.383	0.555	0.28	-0.80	-0.61
95.360	-0.196	0.384	0.555	0.28	-0.79	-0.61
95.368	-0.197	0.385	0.555	0.29	-0.79	-0.61
95.376	-0.198	0.386	0.556	0.29	-0.78	-0.61
95.384	-0.199	0.387	0.556	0.29	-0.77	-0.61
95.392	-0.200	0.388	0.556	0.29	-0.76	-0.61
95.400	-0.201	0.389	0.556	0.29	-0.76	-0.61
95.408	-0.202	0.390	0.556	0.29	-0.75	-0.61
95.416	-0.203	0.391	0.556	0.29	-0.74	-0.61
95.424	-0.204	0.392	0.557	0.30	-0.74	-0.61
95.432	-0.205	0.393	0.557	0.30	-0.73	-0.61
95.440	-0.206	0.394	0.557	0.30	-0.72	-0.61
95.448	-0.206	0.395	0.557	0.30	-0.72	-0.61
95.456	-0.207	0.396	0.557	0.30	-0.71	-0.61
95.464	-0.208	0.397	0.557	0.30	-0.71	-0.61
95.472	-0.209	0.398	0.557	0.30	-0.70	-0.61
95.480	-0.210	0.399	0.557	0.31	-0.69	-0.61
95.488	-0.211	0.400	0.557	0.31	-0.69	-0.61
95.496	-0.212	0.401	0.557	0.31	-0.68	-0.61
95.504	-0.214	0.402	0.558	0.31	-0.68	-0.61
95.512	-0.215	0.403	0.558	0.31	-0.67	-0.61
95.520	-0.216	0.404	0.558	0.31	-0.67	-0.61
95.528	-0.217	0.405	0.558	0.31	-0.66	-0.61
95.536	-0.218	0.406	0.558	0.32	-0.66	-0.61
95.544	-0.219	0.407	0.558	0.32	-0.65	-0.61
95.552	-0.220	0.408	0.558	0.32	-0.65	-0.61
95.560	-0.221	0.409	0.558	0.32	-0.64	-0.61
95.568	-0.222	0.410	0.558	0.32	-0.64	-0.61
95.576	-0.223	0.410	0.558	0.32	-0.63	-0.61
95.584	-0.224	0.411	0.558	0.32	-0.63	-0.61
95.592	-0.225	0.412	0.558	0.33	-0.62	-0.61
95.600	-0.226	0.413	0.558	0.33	-0.62	-0.61
95.608	-0.227	0.414	0.558	0.33	-0.61	-0.61
95.616	-0.228	0.415	0.558	0.33	-0.61	-0.61
95.624	-0.230	0.416	0.558	0.33	-0.61	-0.61
95.632	-0.231	0.417	0.558	0.33	-0.60	-0.61
95.640	-0.232	0.418	0.558	0.33	-0.60	-0.61
95.648	-0.233	0.418	0.558	0.34	-0.59	-0.61
95.656	-0.234	0.419	0.558	0.34	-0.59	-0.61
95.664	-0.235	0.420	0.558	0.34	-0.59	-0.61
95.672	-0.236	0.421	0.558	0.34	-0.58	-0.61
95.680	-0.237	0.422	0.558	0.34	-0.58	-0.61
95.688	-0.239	0.423	0.558	0.34	-0.57	-0.61
95.696	-0.240	0.423	0.558	0.34	-0.57	-0.61
95.704	-0.241	0.424	0.557	0.34	-0.57	-0.61
95.712	-0.242	0.425	0.557	0.35	-0.56	-0.61
95.720	-0.243	0.426	0.557	0.35	-0.56	-0.61
95.728	-0.244	0.427	0.557	0.35	-0.56	-0.61
95.736	-0.246	0.428	0.557	0.35	-0.55	-0.61
95.744	-0.247	0.428	0.557	0.35	-0.55	-0.61
95.752	-0.248	0.429	0.557	0.35	-0.55	-0.61
95.760	-0.249	0.430	0.557	0.35	-0.54	-0.61
95.768	-0.250	0.431	0.557	0.36	-0.54	-0.61
95.776	-0.251	0.432	0.557	0.36	-0.54	-0.61
95.784	-0.253	0.432	0.557	0.36	-0.53	-0.61
95.792	-0.254	0.433	0.556	0.36	-0.53	-0.61
95.800	-0.255	0.434	0.556	0.36	-0.53	-0.61
95.808	-0.256	0.435	0.556	0.36	-0.52	-0.61
95.816	-0.258	0.435	0.556	0.36	-0.52	-0.60
95.824	-0.259	0.436	0.556	0.36	-0.52	-0.60
95.832	-0.260	0.437	0.556	0.37	-0.51	-0.60
95.840	-0.261	0.438	0.556	0.37	-0.51	-0.60
95.848	-0.262	0.438	0.555	0.37	-0.51	-0.60
95.856	-0.264	0.439	0.555	0.37	-0.51	-0.60
95.864	-0.265	0.440	0.555	0.37	-0.50	-0.60
95.872	-0.266	0.441	0.555	0.37	-0.50	-0.60
95.880	-0.267	0.441	0.555	0.37	-0.50	-0.60
95.888	-0.269	0.442	0.555	0.37	-0.49	-0.60
95.896	-0.270	0.443	0.554	0.38	-0.49	-0.60
95.904	-0.271	0.444	0.554	0.38	-0.49	-0.60
95.912	-0.272	0.444	0.554	0.38	-0.49	-0.60
95.920	-0.274	0.445	0.554	0.38	-0.48	-0.60
95.928	-0.275	0.446	0.554	0.38	-0.48	-0.60
95.936	-0.276	0.446	0.554	0.38	-0.48	-0.60
95.944	-0.278	0.447	0.553	0.38	-0.48	-0.60
95.952	-0.279	0.448	0.553	0.38	-0.47	-0.60
95.960	-0.280	0.448	0.553	0.39	-0.47	-0.60
95.968	-0.281	0.449	0.553	0.39	-0.47	-0.60
95.976	-0.283	0.450	0.553	0.39	-0.47	-0.60
95.984	-0.284	0.450	0.552	0.39	-0.46	-0.60
95.992	-0.285	0.451	0.552	0.39	-0.46	-0.60
96.000	-0.287	0.452	0.552	0.39	-0.46	-0.60
96.008	-0.288	0.452	0.552	0.39	-0.46	-0.60
96.016	-0.289	0.453	0.552	0.39	-0.45	-0.60
96.024	-0.291	0.454	0.551	0.40	-0.45	-0.60
96.032	-0.292	0.454	0.551	0.40	-0.45	-0.60
96.040	-0.293	0.455	0.551	0.40	-0.45	-0.60
96.048	-0.294	0.455	0.551	0.40	-0.44	-0.60
96.056	-0.296	0.456	0.550	0.40	-0.44	-0.60
96.064	-0.297	0.457	0.550	0.40	-0.44	-0.60
96.072	-0.298	0.457	0.550	0.40	-0.44	-0.60
96.080	-0.300	0.458	0.550	0.40	-0.44	-0.60
96.088	-0.301	0.458	0.549	0.40	-0.43	-0.60
96.096	-0.302	0.459	0.549	0.41	-0.43	-0.60
96.104	-0.304	0.460	0.549	0.41	-0.43	-0.60
96.112	-0.305	0.460	0.549	0.41	-0.43	-0.60
96.120	-0.307	0.461	0.548	0.41	-0.42	-0.60
96.128	-0.308	0.461	0.548	0.41	-0.42	-0.60
96.136	-0.309	0.462	0.548	0.41	-0.42	-0.60
96.144	-0.311	0.462	0.548	0.41	-0.42	-0.60
96.152	-0.312	0.463	0.547	0.41	-0.42	-0.60
96.160	-0.313	0.464	0.547	0.41	-0.41	-0.60
96.168	-0.315	0.464	0.547	0.42	-0.41	-0.60
96.176	-0.316	0.465	0.547	0.42	-0.41	-0.60
96.184	-0.317	0.465	0.546	0.42	-0.41	-0.60
96.192	-0.319	0.466	0.546	0.42	-0.41	-0.60
96.200	-0.320	0.466	0.546	0.42	-0.40	-0.60
96.208	-0.322	0.467	0.546	0.42	-0.40	-0.60
96.216	-0.323	0.467	0.545	0.42	-0.40	-0.60
96.224	-0.324	0.468	0.545	0.42	-0.40	-0.60
96.232	-0.326	0.468	0.545	0.42	-0.40	-0.60
96.240	-0.327	0.469	0.545	0.43	-0.39	-0.60
96.248	-0.329	0.469	0.544	0.43	-0.39	-0.60
96.256	-0.330	0.470	0.544	0.43	-0.39	-0.60
96.264	-0.331	0.470	0.544	0.43	-0.39	-0.60
96.272	-0.333	0.471	0.544	0.43	-0.39	-0.60
96.280	-0.334	0.471	0.543	0.43	-0.38	-0.60
96.288	-0.336	0.472	0.543	0.43	-0.38	-0.60
96.296	-0.337	0.472	0.543	0.43	-0.38	-0.60
96.304	-0.338	0.473	0.542	0.43	-0.38	-0.60
96.312	-0.340	0.473	0.542	0.44	-0.38	-0.60
96.320	-0.341	0.473	0.542	0.44	-0.37	-0.60
96.328	-0.343	0.474	0.542	0.44	-0.37	-0.60
96.336	-0.344	0.474	0.541	0.44	-0.37	-0.60
96.344	-0.345	0.475	0.541	0.44	-0.37	-0.60
96.352	-0.347	0.475	0.541	0.44	-0.37	-0.60
96.360	-0.348	0.476	0.540	0.44	-0.36	-0.60
96.368	-0.350	0.476	0.540	0.44	-0.36	-0.60
96.376	-0.351	0.476	0.540	0.44	-0.36	-0.60
96.384	-0.353	0.477	0.540	0.44	-0.36	-0.60
96.392	-0.354	0.477	0.539	0.45	-0.36	-0.60
96.400	-0.355	0.478	0.539	0.45	-0.35	-0.60
96.408	-0.357	0.478	0.539	0.45	-0.35	-0.60
96.416	-0.358	0.478	0.538	0.45	-0.35	-0.60
96.424	-0.360	0.479	0.538	0.45	-0.35	-0.60
96.432	-0.361	0.479	0.538	0.45	-0.35	-0.60
96.440	-0.363	0.479	0.538	0.45	-0.34	-0.60
96.448	-0.364	0.480	0.537	0.45	-0.34	-0.60
96.456	-0.366	0.480	0.537	0.45	-0.34	-0.60
96.464	-0.367	0.480	0.537	0.45	-0.34	-0.60
96.472	-0.368	0.481	0.537	0.45	-0.34	-0.60
96.480	-0.370	0.481	0.536	0.46	-0.34	-0.60
96.488	-0.371	0.481	0.536	0.46	-0.33	-0.60
96.496	-0.373	0.482	0.536	0.46	-0.33	-0.60
96.504	-0.374	0.482	0.535	0.46	-0.33	-0.60
96.512	-0.376	0.482	0.535	0.46	-0.33	-0.60
96.520	-0.377	0.483	0.535	0.46	-0.33	-0.60
96.528	-0.379	0.483	0.535	0.46	-0.32	-0.60
96.536	-0.380	0.483	0.534	0.46	-0.32	-0.60
96.544	-0.382	0.484	0.534	0.46	-0.32	-0.60
96.552	-0.383	0.484	0.534	0.46	-0.32	-0.60
96.560	-0.385	0.484	0.533	0.46	-0.32	-0.60
96.568	-0.386	0.484	0.533	0.47	-0.32	-0.60
96.576	-0.388	0.485	0.533	0.47	-0.31	-0.60
96.584	-0.389	0.485	0.533	0.47	-0.31	-0.60
96.592	-0.391	0.485	0.532	0.47	-0.31	-0.60
96.600	-0.392	0.486	0.532	0.47	-0.31	-0.60
96.608	-0.393	0.486	0.532	0.47	-0.31	-0.60
96.616	-0.395	0.486	0.531	0.47	-0.30	-0.60
96.624	-0.396	0.486	0.531	0.47	-0.30	-0.60
96.632	-0.398	0.486	0.531	0.47	-0.30	-0.60
96.640	-0.399	0.487	0.531	0.47	-0.30	-0.60
96.648	-0.401	0.487	0.530	0.47	-0.30	-0.60
96.656	-0.402	0.487	0.530	0.48	-0.30	-0.60
96.664	-0.404	0.487	0.530	0.48	-0.29	-0.60
96.672	-0.405	0.488	0.530	0.48	-0.29	-0.60
96.680	-0.407	0.488	0.529	0.48	-0.29	-0.60
96.688	-0.408	0.488	0.529	0.48	-0.29	-0.60
96.696	-0.410	0.488	0.529	0.48	-0.29	-0.60
96.704	-0.411	0.488	0.529	0.48	-0.28	-0.60
96.712	-0.413	0.489	0.528	0.48	-0.28	-0.60
96.720	-0.414	0.489	0.528	0.48	-0.28	-0.60
96.728	-0.416	0.489	0.528	0.48	-0.28	-0.60
96.736	-0.417	0.489	0.528	0.48	-0.28	-0.60
96.744	-0.419	0.489	0.527	0.48	-0.28	-0.60
96.752	-0.420	0.489	0.527	0.48	-0.27	-0.60
96.760	-0.422	0.489	0.527	0.49	-0.27	-0.60
96.768	-0.423	0.490	0.527	0.49	-0.27	-0.60
96.776	-0.425	0.490	0.526	0.49	-0.27	-0.60
96.784	-0.426	0.490	0.526	0.49	-0.27	-0.60
96.792	-0.428	0.490	0.526	0.49	-0.26	-0.60
96.800	-0.430	0.490	0.526	0.49	-0.26	-0.60
96.808	-0.431	0.490	0.525	0.49	-0.26	-0.60
96.816	-0.433	0.490	0.525	0.49	-0.26	-0.60
96.824	-0.434	0.490	0.525	0.49	-0.26	-0.60
96.832	-0.436	0.491	0.525	0.49	-0.26	-0.60
96.840	-0.437	0.491	0.524	0.49	-0.25	-0.60
96.848	-0.439	0.491	0.524	0.49	-0.25	-0.60
96.856	-0.440	0.491	0.524	0.49	-0.25	-0.60
96.864	-0.442	0.491	0.524	0.49	-0.25	-0.60
96.872	-0.443	0.491	0.523	0.50	-0.25	-0.60
96.880	-0.445	0.491	0.523	0.50	-0.24	-0.60
96.888	-0.446	0.491	0.523	0.50	-0.24	-0.60
96.896	-0.448	0.491	0.523	0.50	-0.24	-0.60
96.904	-0.449	0.491	0.522	0.50	-0.24	-0.60
96.912	-0.451	0.491	0.522	0.50	-0.24	-0.60
96.920	-0.452	0.491	0.522	0.50	-0.24	-0.60
96.928	-0.454	0.491	0.522	0.50	-0.23	-0.60
96.936	-0.455	0.491	0.522	0.50	-0.23	-0.60
96.944	-0.457	0.491	0.521	0.50	-0.23	-0.60
96.952	-0.458	0.491	0.521	0.50	-0.23	-0.60
96.960	-0.460	0.491	0.521	0.50	-0.23	-0.60
96.968	-0.461	0.491	0.521	0.50	-0.22	-0.60
96.976	-0.463	0.491	0.520	0.50	-0.22	-0.60
96.984	-0.465	0.491	0.520	0.50	-0.22	-0.60
96.992	-0.466	0.491	0.520	0.51	-0.22	-0.60
97.000	-0.468	0.491	0.520	0.51	-0.22	-0.60
97.008	-0.469	0.491	0.520	0.51	-0.22	-0.60
97.016	-0.471	0.491	0.519	0.51	-0.21	-0.60
97.024	-0.472	0.491	0.519	0.51	-0.21	-0.60
97.032	-0.474	0.491	0.519	0.51	-0.21	-0.60
97.040	-0.475	0.491	0.519	0.51	-0.21	-0.60
97.048	-0.477	0.491	0.519	0.51	-0.21	-0.60
97.056	-0.478	0.491	0.518	0.51	-0.20	-0.60
97.064	-0.480	0.491	0.518	0.51	-0.20	-0.60
97.072	-0.481	0.491	0.518	0.51	-0.20	-0.60
97.080	-0.483	0.491	0.518	0.51	-0.20	-0.60
97.088	-0.484	0.491	0.518	0.51	-0.20	-0.60
97.096	-0.486	0.491	0.517	0.51	-0.20	-0.60
97.104	-0.488	0.491	0.517	0.51	-0.19	-0.60
97.112	-0.489	0.490	0.517	0.51	-0.19	-0.60
97.120	-0.491	0.490	0.517	0.51	-0.19	-0.60
97.128	-0.492	0.490	0.517	0.51	-0.19	-0.60
97.136	-0.494	0.490	0.516	0.52	-0.19	-0.60
97.144	-0.495	0.490	0.516	0.52	-0.18	-0.60
97.152	-0.497	0.490	0.516	0.52	-0.18	-0.60
97.160	-0.498	0.490	0.516	0.52	-0.18	-0.60
97.168	-0.500	0.490	0.516	0.52	-0.18	-0.60
97.176	-0.501	0.489	0.516	0.52	-0.18	-0.60
97.184	-0.503	0.489	0.515	0.52	-0.18	-0.60
97.192	-0.504	0.489	0.515	0.52	-0.17	-0.60
97.200	-0.506	0.489	0.515	0.52	-0.17	-0.60
97.208	-0.508	0.489	0.515	0.52	-0.17	-0.60
97.216	-0.509	0.489	0.515	0.52	-0.17	-0.60
97.224	-0.511	0.488	0.515	0.52	-0.17	-0.60
97.232	-0.512	0.488	0.514	0.52	-0.16	-0.60
97.240	-0.514	0.488	0.514	0.52	-0.16	-0.60
97.248	-0.515	0.488	0.514	0.52	-0.16	-0.60
97.256	-0.517	0.488	0.514	0.52	-0.16	-0.60
97.264	-0.518	0.488	0.514	0.52	-0.16	-0.60
97.272	-0.520	0.487	0.514	0.52	-0.15	-0.60
97.280	-0.521	0.487	0.514	0.52	-0.15	-0.60
97.288	-0.523	0.487	0.513	0.52	-0.15	-0.60
97.296	-0.524	0.487	0.513	0.52	-0.15	-0.60
97.304	-0.526	0.486	0.513	0.52	-0.15	-0.60
97.312	-0.528	0.486	0.513	0.53	-0.15	-0.60
97.320	-0.529	0.486	0.513	0.53	-0.14	-0.60
97.328	-0.531	0.486	0.513	0.53	-0.14	-0.60
97.336	-0.532	0.485	0.512	0.53	-0.14	-0.60
97.344	-0.534	0.485	0.512	0.53	-0.14	-0.60
97.352	-0.535	0.485	0.512	0.53	-0.14	-0.60
97.360	-0.537	0.485	0.512	0.53	-0.13	-0.60
97.368	-0.538	0.484	0.512	0.53	-0.13	-0.60
97.376	-0.540	0.484	0.512	0.53	-0.13	-0.60
97.384	-0.541	0.484	0.512	0.53	-0.13	-0.60
97.392	-0.543	0.484	0.512	0.53	-0.13	-0.60
97.400	-0.544	0.483	0.511	0.53	-0.13	-0.60
97.408	-0.546	0.483	0.511	0.53	-0.12	-0.60
97.416	-0.547	0.483	0.511	0.53	-0.12	-0.60
97.424	-0.549	0.482	0.511	0.53	-0.12	-0.60
97.432	-0.550	0.482	0.511	0.53	-0.12	-0.60
97.440	-0.552	0.482	0.511	0.53	-0.12	-0.60
97.448	-0.554	0.481	0.511	0.53	-0.11	-0.60
97.456	-0.555	0.481	0.511	0.53	-0.11	-0.60
97.464	-0.557	0.481	0.510	0.53	-0.11	-0.60
97.472	-0.558	0.480	0.510	0.53	-0.11	-0.60
97.480	-0.560	0.480	0.510	0.53	-0.11	-0.60
97.488	-0.561	0.480	0.510	0.53	-0.10	-0.60
97.496	-0.563	0.479	0.510	0.53	-0.10	-0.60
97.504	-0.564	0.479	0.510	0.53	-0.10	-0.60
97.512	-0.566	0.479	0.510	0.53	-0.10	-0.60
97.520	-0.567	0.478	0.510	0.53	-0.10	-0.60
97.528	-0.569	0.478	0.510	0.53	-0.10	-0.60
97.536	-0.570	0.477	0.510	0.53	-0.09	-0.60
97.544	-0.572	0.477	0.509	0.53	-0.09	-0.60
97.552	-0.573	0.477	0.509	0.53	-0.09	-0.60
97.560	-0.575	0.476	0.509	0.53	-0.09	-0.60
97.568	-0.576	0.476	0.509	0.53	-0.09	-0.60
97.576	-0.578	0.475	0.509	0.53	-0.08	-0.60
97.584	-0.579	0.475	0.509	0.54	-0.08	-0.60
97.592	-0.581	0.475	0.509	0.54	-0.08	-0.60
97.600	-0.582	0.474	0.509	0.54	-0.08	-0.60
97.608	-0.584	0.474	0.509	0.54	-0.08	-0.60
97.616	-0.585	0.473	0.509	0.54	-0.07	-0.60
97.624	-0.587	0.473	0.508	0.54	-0.07	-0.60
97.632	-0.588	0.472	0.508	0.54	-0.07	-0.60
97.640	-0.590	0.472	0.508	0.54	-0.07	-0.60
97.648	-0.591	0.471	0.508	0.54	-0.07	-0.60
97.656	-0.593	0.471	0.508	0.54	-0.07	-0.60
97.664	-0.594	0.471	0.508	0.54	-0.06	-0.60
97.672	-0.596	0.470	0.508	0.54	-0.06	-0.60
97.680	-0.597	0.470	0.508	0.54	-0.06	-0.60
97.688	-0.599	0.469	0.508	0.54	-0.06	-0.60
97.696	-0.600	0.469	0.508	0.54	-0.06	-0.60
97.704	-0.602	0.468	0.508	0.54	-0.05	-0.60
97.712	-0.603	0.468	0.508	0.54	-0.05	-0.60
97.720	-0.605	0.467	0.508	0.54	-0.05	-0.60
97.728	-0.606	0.467	0.507	0.54	-0.05	-0.60
97.736	-0.608	0.466	0.507	0.54	-0.05	-0.60
97.744	-0.609	0.466	0.507	0.54	-0.04	-0.60
97.752	-0.611	0.465	0.507	0.54	-0.04	-0.60
97.760	-0.612	0.464	0.507	0.54	-0.04	-0.60
97.768	-0.614	0.464	0.507	0.54	-0.04	-0.60
97.776	-0.615	0.463	0.507	0.54	-0.04	-0.60
97.784	-0.617	0.463	0.507	0.54	-0.04	-0.60
97.792	-0.618	0.462	0.507	0.54	-0.03	-0.60
97.800	-0.620	0.462	0.507	0.54	-0.03	-0.60
97.808	-0.621	0.461	0.507	0.54	-0.03	-0.60
97.816	-0.623	0.461	0.507	0.54	-0.03	-0.60
97.824	-0.624	0.460	0.507	0.54	-0.03	-0.60
97.832	-0.626	0.459	0.507	0.54	-0.02	-0.60
97.840	-0.627	0.459	0.507	0.54	-0.02	-0.60
97.848	-0.629	0.458	0.507	0.54	-0.02	-0.60
97.856	-0.630	0.458	0.507	0.54	-0.02	-0.60
97.864	-0.632	0.457	0.506	0.54	-0.02	-0.60
97.872	-0.633	0.456	0.506	0.54	-0.02	-0.60
97.880	-0.634	0.456	0.506	0.54	-0.01	-0.60
97.888	-0.636	0.455	0.506	0.54	-0.01	-0.60
97.896	-0.637	0.455	0.506	0.54	-0.01	-0.60
97.904	-0.639	0.454	0.506	0.54	-0.01	-0.60
97.912	-0.640	0.453	0.506	0.54	-0.01	-0.60
97.920	-0.642	0.453	0.506	0.54	-0.00	-0.60
97.928	-0.643	0.452	0.506	0.54	-0.00	-0.60
97.936	-0.645	0.451	0.506	0.54	-0.00	-0.60
97.944	-0.646	0.451	0.506	0.54	0.00	-0.60
97.952	-0.648	0.450	0.506	0.54	0.00	-0.60
97.960	-0.649	0.449	0.506	0.54	0.01	-0.60
97.968	-0.650	0.449	0.506	0.54	0.01	-0.60
97.976	-0.652	0.448	0.506	0.54	0.01	-0.60
97.984	-0.653	0.447	0.506	0.54	0.01	-0.60
97.992	-0.655	0.447	0.506	0.54	0.01	-0.60
98.000	-0.656	0.446	0.506	0.54	0.01	-0.60
98.008	-0.658	0.445	0.506	0.54	0.02	-0.60
98.016	-0.659	0.445	0.506	0.54	0.02	-0.60
98.024	-0.660	0.444	0.506	0.54	0.02	-0.60
98.032	-0.662	0.443	0.506	0.54	0.02	-0.60
98.040	-0.663	0.443	0.506	0.54	0.02	-0.60
98.048	-0.665	0.442	0.506	0.54	0.03	-0.60
98.056	-0.666	0.441	0.505	0.54	0.03	-0.60
98.064	-0.668	0.440	0.505	0.54	0.03	-0.60
98.072	-0.669	0.440	0.505	0.54	0.03	-0.60
98.080	-0.670	0.439	0.505	0.54	0.03	-0.60
98.088	-0.672	0.438	0.505	0.54	0.04	-0.60
98.096	-0.673	0.437	0.505	0.54	0.04	-0.60
98.104	-0.675	0.437	0.505	0.53	0.04	-0.60
98.112	-0.676	0.436	0.505	0.53	0.04	-0.60
98.120	-0.677	0.435	0.505	0.53	0.04	-0.60
98.128	-0.679	0.434	0.505	0.53	0.04	-0.60
98.136	-0.680	0.434	0.505	0.53	0.05	-0.60
98.144	-0.682	0.433	0.505	0.53	0.05	-0.60
98.152	-0.683	0.432	0.505	0.53	0.05	-0.60
98.160	-0.684	0.431	0.505	0.53	0.05	-0.60
98.168	-0.686	0.431	0.505	0.53	0.05	-0.60
98.176	-0.687	0.430	0.505	0.53	0.06	-0.60
98.184	-0.689	0.429	0.505	0.53	0.06	-0.60
98.192	-0.690	0.428	0.505	0.53	0.06	-0.60
98.200	-0.691	0.427	0.505	0.53	0.06	-0.60
98.208	-0.693	0.427	0.505	0.53	0.06	-0.60
98.216	-0.694	0.426	0.505	0.53	0.06	-0.60
98.224	-0.696	0.425	0.505	0.53	0.07	-0.60
98.232	-0.697	0.424	0.505	0.53	0.07	-0.60
98.240	-0.698	0.423	0.505	0.53	0.07	-0.60
98.248	-0.700	0.422	0.505	0.53	0.07	-0.60
98.256	-0.701	0.422	0.505	0.53	0.07	-0.60
98.264	-0.702	0.421	0.505	0.53	0.08	-0.60
98.272	-0.704	0.420	0.505	0.53	0.08	-0.60
98.280	-0.705	0.419	0.505	0.53	0.08	-0.60
98.288	-0.706	0.418	0.505	0.53	0.08	-0.60
98.296	-0.708	0.417	0.505	0.53	0.08	-0.60
98.304	-0.709	0.416	0.505	0.53	0.08	-0.60
98.312	-0.710	0.416	0.505	0.53	0.09	-0.60
98.320	-0.712	0.415	0.505	0.53	0.09	-0.60
98.328	-0.713	0.414	0.505	0.53	0.09	-0.60
98.336	-0.714	0.413	0.505	0.53	0.09	-0.60
98.344	-0.716	0.412	0.505	0.53	0.09	-0.60
98.352	-0.717	0.411	0.505	0.53	0.10	-0.60
98.360	-0.718	0.410	0.505	0.53	0.10	-0.60
98.368	-0.720	0.409	0.505	0.53	0.10	-0.60
98.376	-0.721	0.408	0.505	0.52	0.10	-0.60
98.384	-0.722	0.407	0.505	0.52	0.10	-0.60
98.392	-0.724	0.406	0.505	0.52	0.10	-0.60
98.400	-0.725	0.406	0.505	0.52	0.11	-0.60
98.408	-0.726	0.405	0.505	0.52	0.11	-0.60
98.416	-0.728	0.404	0.505	0.52	0.11	-0.60
98.424	-0.729	0.403	0.505	0.52	0.11	-0.60
98.432	-0.730	0.402	0.505	0.52	0.11	-0.60
98.440	-0.732	0.401	0.505	0.52	0.12	-0.60
98.448	-0.733	0.400	0.505	0.52	0.12	-0.60
98.456	-0.734	0.399	0.505	0.52	0.12	-0.60
98.464	-0.736	0.398	0.505	0.52	0.12	-0.60
98.472	-0.737	0.397	0.504	0.52	0.12	-0.60
98.480	-0.738	0.396	0.504	0.52	0.12	-0.60
98.488	-0.739	0.395	0.504	0.52	0.13	-0.60
98.496	-0.741	0.394	0.504	0.52	0.13	-0.60
98.504	-0.742	0.393	0.504	0.52	0.13	-0.60
98.512	-0.743	0.392	0.504	0.52	0.13	-0.60
98.520	-0.744	0.391	0.504	0.52	0.13	-0.60
