t,mode,dist_enabled,px,py,pz,vx,vy,vz,roll,pitch,yaw,ref_px,ref_py,ref_pz,u_lqr_0,u_lqr_1,u_lqr_2,du_dist_0,du_dist_1,du_dist_2,u_total_0,u_total_1,u_total_2,m1,m2,m3,m4,d_fx_raw,d_fy_raw,d_fz_raw,d_fx_filt,d_fy_filt,d_fz_filt,pos_error
0.16,HOVER,True,0.0,0.0,0.019932076625453654,0.0,0.0,0.0027102813754065268,0.0,0.0,0.0,0.0,0.0,0.5,0.07946790712247043,8.943131284833304e-17,-3.1044389314863995e-16,0.0,-0.0,-0.0,0.07946790712247043,8.943131284833304e-17,-3.1044389314863995e-16,52.81256244209669,52.81256244209669,52.81256244209669,52.81256244209669,0.0,0.0,-0.010039384282099842,0.0,0.0,-0.0013931500456618904,0.48006792337454635
0.24,HOVER,True,0.0,0.0,0.019983351031635167,0.0,0.0,0.0003079581960635536,0.0,0.0,0.0,0.0,0.0,0.5,0.0808655823158126,8.940495343373726e-17,-3.108125437945805e-16,0.0,-0.0,-0.0,0.0808655823158126,8.940495343373726e-17,-3.108125437945805e-16,53.02692980303874,53.02692980303874,53.02692980303874,53.02692980303874,0.0,0.0,-0.057826222742771535,0.0,0.0,-0.014382110700079009,0.4800166489683648
0.32,HOVER,True,0.0,0.0,0.019988984586273843,0.0,0.0,3.508778134009722e-05,0.0,0.0,0.0,0.0,0.0,0.5,0.08089279214559214,8.94019948528494e-17,-3.108545407392123e-16,0.0,-0.0,-0.0,0.08089279214559214,8.94019948528494e-17,-3.108545407392123e-16,53.03110308981475,53.03110308981475,53.03110308981475,53.03110308981475,0.0,0.0,-0.14598858284468486,0.0,0.0,-0.05020088400296362,0.48001101541372615
0.4,HOVER,True,0.0,0.0,0.01998979359982502,0.0,0.0,6.574374654632727e-06,0.0,0.0,0.0,0.0,0.0,0.5,0.08089560057940304,8.940164465994683e-17,-3.1085878648707426e-16,0.0,-0.0,-0.0,0.08089560057940304,8.940164465994683e-17,-3.1085878648707426e-16,53.03153383119679,53.03153383119679,53.03153383119679,53.03153383119679,0.0,0.0,-0.270316327269282,0.0,0.0,-0.11473012953859363,0.480010206400175
0.48,HOVER,True,0.0,0.0,0.019990151496998454,0.0,0.0,4.341449192391717e-06,0.0,0.0,0.0,0.0,0.0,0.5,0.08089577394064584,8.940156237754837e-17,-3.1085892822888493e-16,0.0,-0.0,-0.0,0.08089577394064584,8.940156237754837e-17,-3.1085892822888493e-16,53.031560420344455,53.031560420344455,53.031560420344455,53.031560420344455,0.0,0.0,-0.42624713002263687,0.0,0.0,-0.2098080838635371,0.48000984850300155
0.56,HOVER,True,0.0,0.0,0.019990526885649167,0.0,0.0,4.9250415082406925e-06,0.0,0.0,0.0,0.0,0.0,0.5,0.08089565448734422,8.94014965451736e-17,-3.1085858750074325e-16,0.0,-0.0,-0.0,0.08089565448734422,8.94014965451736e-17,-3.1085858750074325e-16,53.03154209928592,53.03154209928592,53.03154209928592,53.03154209928592,0.0,0.0,-0.6095563347723826,0.0,0.0,-0.3348647849934308,0.4800094731143508
0.64,HOVER,True,0.0,0.0,0.019990969976615654,0.0,0.0,5.810424318824558e-06,0.0,0.0,0.0,0.0,0.0,0.5,0.08089549325056372,8.940142021498026e-17,-3.1085815244483947e-16,0.0,-0.0,-0.0,0.08089549325056372,8.940142021498026e-17,-3.1085815244483947e-16,53.031517369718365,53.031517369718365,53.031517369718365,53.031517369718365,0.0,0.0,-0.8164002837109331,0.0,0.0,-0.48800118323874014,0.48000903002338435
0.72,HOVER,True,0.0,0.0,0.01999148614993642,0.0,0.0,6.728143684996837e-06,0.0,0.0,0.0,0.0,0.0,0.5,0.08089531712838516,8.940133049951051e-17,-3.10857664650796e-16,0.0,-0.0,-0.0,0.08089531712838516,8.940133049951051e-17,-3.10857664650796e-16,53.031490357114286,53.031490357114286,53.031490357114286,53.031490357114286,0.0,0.0,-1.0432933653536716,0.0,0.0,-0.666647223660412,0.4800085138500636
0.8,HOVER,True,0.0,0.0,0.019992075982076925,0.0,0.0,7.649327879231958e-06,0.0,0.0,0.0,0.0,0.0,0.5,0.0808951290029118,8.940122708937615e-17,-3.108571285749006e-16,0.0,-0.0,-0.0,0.0808951290029118,8.940122708937615e-17,-3.108571285749006e-16,53.03146150351408,53.03146150351408,53.03146150351408,53.03146150351408,0.0,0.0,-1.287080078546432,0.0,0.0,-0.867954338109484,0.4800079240179231
0.88,HOVER,True,0.0,0.0,0.019992739534804838,0.0,0.0,8.570883326122265e-06,0.0,0.0,0.0,0.0,0.0,0.5,0.08089492918295799,8.940110995142655e-17,-3.108565446946399e-16,0.0,-0.0,-0.0,0.08089492918295799,8.940110995142655e-17,-3.108565446946399e-16,53.0314308562819,53.0314308562819,53.0314308562819,53.0314308562819,0.0,0.0,-1.5449084523649104,0.0,0.0,-1.0890252301828194,0.48000726046519515
0.96,HOVER,True,0.0,0.0,0.0199934768147385,0.0,0.0,9.492478552155043e-06,0.0,0.0,0.0,0.0,0.0,0.5,0.08089471770161288,8.940097908210964e-17,-3.1085591306117616e-16,0.0,-0.0,-0.0,0.08089471770161288,8.940097908210964e-17,-3.1085591306117616e-16,53.03139842049278,53.03139842049278,53.03139842049278,53.03139842049278,0.0,0.0,-1.8142053604347514,0.0,0.0,-1.327044716426317,0.4800065231852615
1.04,HOVER,True,0.0,0.0,0.019994287822587057,0.0,0.0,1.0414078040635219e-05,0.0,0.0,0.0,0.0,0.0,0.5,0.08089449456242194,8.940083448104484e-17,-3.108552336799912e-16,0.0,-0.0,-0.0,0.08089449456242194,8.940083448104484e-17,-3.108552336799912e-16,53.03136419669048,53.03136419669048,53.03136419669048,53.03136419669048,0.0,0.0,-2.092653663979125,0.0,0.0,-1.5793507016464696,0.48000571217741295
1.12,HOVER,True,0.0,0.0,0.019995172558426498,0.0,0.0,1.1335677985975046e-05,0.0,0.0,0.0,0.0,0.0,0.5,0.080894259765765,8.940067614819137e-17,-3.1085450655167253e-16,0.0,-0.0,-0.0,0.080894259765765,8.940067614819137e-17,-3.1085450655167253e-16,53.03132818493328,53.03132818493328,53.03132818493328,53.03132818493328,0.0,0.0,-2.3781710623094683,0.0,0.0,-1.843469175890859,0.4800048274415735
1.2,HOVER,True,0.0,0.0,0.01999613102226496,0.0,0.0,1.2257277980006665e-05,0.0,0.0,0.0,0.0,0.0,0.5,0.08089401331168283,8.940050408354485e-17,-3.1085373167628306e-16,0.0,-0.0,-0.0,0.08089401331168283,8.940050408354485e-17,-3.1085373167628306e-16,53.03129038522743,53.03129038522743,53.03129038522743,53.03129038522743,0.0,0.0,-2.668890531295782,0.0,0.0,-2.1171278139461687,0.48000386897773506
1.28,HOVER,True,0.0,0.0,0.01999716321410332,0.0,0.0,1.3178877979478689e-05,0.0,0.0,0.0,0.0,0.0,0.5,0.08089375520017976,8.94003182871048e-17,-3.108529090538294e-16,0.0,-0.0,-0.0,0.08089375520017976,8.94003182871048e-17,-3.108529090538294e-16,53.031250797573584,53.031250797573584,53.031250797573584,53.031250797573584,0.0,0.0,-2.9631422377343437,0.0,0.0,-2.398257061480249,0.48000283678589667
1.36,HOVER,True,0.0,0.0,0.019998269133941666,0.0,0.0,1.4100477979348163e-05,0.0,0.0,0.0,0.0,0.0,0.5,0.08089348543125628,8.940011875887122e-17,-3.1085203868431253e-16,0.0,-0.0,-0.0,0.08089348543125628,8.940011875887122e-17,-3.1085203868431253e-16,53.03120942197182,53.03120942197182,53.03120942197182,53.03120942197182,0.0,0.0,-3.0,0.0,0.0,-2.6312901640119053,0.48000173086605835
1.44,HOVER,True,0.0,0.0,0.01999944878178001,0.0,0.0,1.5022077979292351e-05,0.0,0.0,0.0,0.0,0.0,0.5,0.08089320400491243,8.939990549884405e-17,-3.1085112056773235e-16,0.0,-0.0,-0.0,0.08089320400491243,8.939990549884405e-17,-3.1085112056773235e-16,53.031166258422154,53.031166258422154,53.031166258422154,53.031166258422154,0.0,0.0,-3.0,0.0,0.0,-2.7742156690305015,0.48000055121822
1.52,HOVER,True,0.0,0.0,0.021432195196204127,0.0,0.0,0.035455912089034675,0.0,0.0,0.0,0.0,0.0,0.5,0.07701691500012929,8.938104515866628e-17,-3.0399476674002015e-16,0.0,-0.0,-0.0,0.07701691500012929,8.938104515866628e-17,-3.0399476674002015e-16,52.43664340492781,52.43664340492781,52.43664340492781,52.43664340492781,0.0,0.0,-3.0,0.0,0.0,-2.8617379870685355,0.47856780480379585
1.6,HOVER,True,0.0,0.0,0.030838951970581594,0.0,0.0,0.16436424452132894,0.0,0.0,0.0,0.0,0.0,0.5,0.062254417668634376,8.853104286010376e-17,-2.7633928214844483e-16,0.0,-0.0,-0.0,0.062254417668634376,8.853104286010376e-17,-2.7633928214844483e-16,50.17245669764331,50.17245669764331,50.17245669764331,50.17245669764331,0.0,0.0,-3.0,0.0,0.0,-2.915333432848168,0.4691610480294184
1.68,HOVER,True,0.0,0.0,0.05608402542694237,0.0,0.0,0.39057416413773066,0.0,0.0,0.0,0.0,0.0,0.5,0.03496741046629827,8.541200486549059e-17,-2.2215028638745617e-16,0.0,-0.0,-0.0,0.03496741046629827,8.541200486549059e-17,-2.2215028638745617e-16,45.98733289360403,45.98733289360403,45.98733289360403,45.98733289360403,0.0,0.0,-3.0,0.0,0.0,-2.9481533109399396,0.44391597457305765
1.76,HOVER,True,0.0,0.0,0.0993953341842856,0.0,0.0,0.5941709632983461,0.0,0.0,0.0,0.0,0.0,0.5,0.007152611091744362,7.876991289801553e-17,-1.6004408218624767e-16,0.0,-0.0,-0.0,0.007152611091744362,7.876991289801553e-17,-1.6004408218624767e-16,41.72125936989944,41.72125936989944,41.72125936989944,41.72125936989944,0.0,0.0,-3.0,0.0,0.0,-2.9682509961497545,0.4006046658157144
1.84,HOVER,True,0.0,0.0,0.1532848816662578,0.0,0.0,0.6958598067022017,0.0,0.0,0.0,0.0,0.0,0.5,-0.011840132351889857,6.944455803405517e-17,-1.081342829467548e-16,0.0,-0.0,-0.0,-0.011840132351889857,6.944455803405517e-17,-1.081342829467548e-16,38.80826190921935,38.80826190921935,38.80826190921935,38.80826190921935,0.0,0.0,-3.0,0.0,0.0,-2.9805580787557098,0.3467151183337422
1.92,HOVER,True,0.0,0.0,0.20984142973469846,0.0,0.0,0.7006918219770368,0.0,0.0,0.0,0.0,0.0,0.5,-0.021280115397368803,5.894474725641299e-17,-7.069934945711691e-17,0.0,-0.0,-0.0,-0.021280115397368803,5.894474725641299e-17,-7.069934945711691e-17,37.360411748869815,37.360411748869815,37.360411748869815,37.360411748869815,0.0,0.0,-3.0,0.0,0.0,-2.988094483107184,0.29015857026530156
2.0,HOVER,True,0.0,0.0,0.26169513038372244,0.0,0.0,0.6155792512816103,0.0,0.0,0.0,0.0,0.0,0.5,-0.02071389502380124,4.869147660833815e-17,-5.135580824706406e-17,0.0,-0.0,-0.0,-0.02071389502380124,4.869147660833815e-17,-5.135580824706406e-17,37.44725536444766,37.44725536444766,37.44725536444766,37.44725536444766,0.0,0.0,-3.0,0.0,0.0,-2.9927094997092043,0.23830486961627756
2.08,HOVER,True,0.0,0.0,0.30427568983582737,0.0,0.0,0.49931540037798344,0.0,0.0,0.0,0.0,0.0,0.5,-0.0154734603366679,3.994735024354544e-17,-4.322858811702375e-17,0.0,-0.0,-0.0,-0.0154734603366679,3.994735024354544e-17,-4.322858811702375e-17,38.25100301584848,38.25100301584848,38.25100301584848,38.25100301584848,0.0,0.0,-3.0,0.0,0.0,-2.995535565992757,0.19572431016417263
2.16,HOVER,True,0.0,0.0,0.33900282804281184,0.0,0.0,0.4089684664656187,0.0,0.0,0.0,0.0,0.0,0.5,-0.011660250704024346,3.284726506317181e-17,-3.5851992341883325e-17,0.0,-0.0,-0.0,-0.011660250704024346,3.284726506317181e-17,-3.5851992341883325e-17,38.83585111901468,38.83585111901468,38.83585111901468,38.83585111901468,0.0,0.0,-3.0,0.0,0.0,-2.997266144954388,0.16099717195718816
2.24,HOVER,True,0.0,0.0,0.3676914834105994,0.0,0.0,0.33904219750437603,0.0,0.0,0.0,0.0,0.0,0.5,-0.008995221442388835,2.7014731436067582e-17,-2.897005050527253e-17,0.0,-0.0,-0.0,-0.008995221442388835,2.7014731436067582e-17,-2.897005050527253e-17,39.24459793828392,39.24459793828392,39.24459793828392,39.24459793828392,0.0,0.0,-3.0,0.0,0.0,-2.9983258878060925,0.13230851658940063
2.32,HOVER,True,0.0,0.0,0.39163603482199255,0.0,0.0,0.2837362338210987,0.0,0.0,0.0,0.0,0.0,0.5,-0.007085702755789167,2.2168085705807205e-17,-2.271478286533413e-17,0.0,-0.0,-0.0,-0.007085702755789167,2.2168085705807205e-17,-2.271478286533413e-17,39.537468902486324,39.537468902486324,39.537468902486324,39.537468902486324,0.0,0.0,-3.0,0.0,0.0,-2.998974835318249,0.10836396517800745
2.4,HOVER,True,0.0,0.0,0.41177639889202483,0.0,0.0,0.2391311860864192,0.0,0.0,0.0,0.0,0.0,0.5,-0.00567668437210476,1.810484415729079e-17,-1.7133117837420837e-17,0.0,-0.0,-0.0,-0.00567668437210476,1.810484415729079e-17,-1.7133117837420837e-17,39.75357601654835,39.75357601654835,39.75357601654835,39.75357601654835,0.0,0.0,-3.0,0.0,0.0,-2.9993722268862655,0.08822360110797517
2.48,HOVER,True,0.0,0.0,0.428813422670937,0.0,0.0,0.20257441640234766,0.0,0.0,0.0,0.0,0.0,0.5,-0.0046058076176860325,1.4675913372362166e-17,-1.2214907900930879e-17,0.0,-0.0,-0.0,-0.0046058076176860325,1.4675913372362166e-17,-1.2214907900930879e-17,39.917820917532815,39.917820917532815,39.917820917532815,39.917820917532815,0.0,0.0,-3.0,0.0,0.0,-2.9996155748541256,0.07118657732906303
2.56,HOVER,True,0.0,0.0,0.44328420481623426,0.0,0.0,0.17223666326290588,0.0,0.0,0.0,0.0,0.0,0.5,-0.003769615365127389,1.1768459315342204e-17,-7.918317799007245e-18,0.0,-0.0,-0.0,-0.003769615365127389,1.1768459315342204e-17,-7.918317799007245e-18,40.046071263017275,40.046071263017275,40.046071263017275,40.046071263017275,0.0,0.0,-3.0,0.0,0.0,-2.9997645921917533,0.05671579518376574
2.64,HOVER,True,0.0,0.0,0.4556109184305016,0.0,0.0,0.14682269241748647,0.0,0.0,0.0,0.0,0.0,0.5,-0.003101474027164361,9.294789470071185e-18,-4.1866081610551995e-18,0.0,-0.0,-0.0,-0.003101474027164361,9.294789470071185e-18,-4.1866081610551995e-18,40.14854692834902,40.14854692834902,40.14854692834902,40.14854692834902,0.0,0.0,-3.0,0.0,0.0,-2.999855844923834,0.04438908156949839
2.72,HOVER,True,0.0,0.0,0.4661326619543776,0.0,0.0,0.12538709023181488,0.0,0.0,0.0,0.0,0.0,0.5,-0.00255763977039695,7.185131696392948e-18,-9.583222860315817e-19,0.0,-0.0,-0.0,-0.00255763977039695,7.185131696392948e-18,-9.583222860315817e-19,40.231957090429916,40.231957090429916,40.231957090429916,40.231957090429916,0.0,0.0,-3.0,0.0,0.0,-2.9999117247378533,0.03386733804562242
2.8000000000000003,HOVER,True,0.0,0.0,0.47512658637028005,0.0,0.0,0.10721809544305819,0.0,0.0,0.0,0.0,0.0,0.5,-0.0021086358528644867,5.382886446760498e-18,1.8269636414983778e-18,0.0,-0.0,-0.0,-0.0021086358528644867,5.382886446760498e-18,1.8269636414983778e-18,40.3008227219533,40.3008227219533,40.3008227219533,40.3008227219533,0.0,0.0,-3.0,0.0,0.0,-2.9999459434789655,0.024873413629719954
2.88,HOVER,True,0.0,0.0,0.4828222595587547,0.0,0.0,0.09176424412250644,0.0,0.0,0.0,0.0,0.0,0.5,-0.0017339696249336189,3.841438132426988e-18,4.225672361181303e-18,0.0,-0.0,-0.0,-0.0017339696249336189,3.841438132426988e-18,4.225672361181303e-18,40.35828686734147,40.35828686734147,40.35828686734147,40.35828686734147,0.0,0.0,-3.0,0.0,0.0,-2.9999668977763947,0.017177740441245315
2.96,HOVER,True,0.0,0.0,0.4894117334954307,0.0,0.0,0.07858757083945819,0.0,0.0,0.0,0.0,0.0,0.5,-0.0014189048839842802,2.521952652504279e-18,6.2889167349795564e-18,0.0,-0.0,-0.0,-0.0014189048839842802,2.521952652504279e-18,6.2889167349795564e-18,40.40660968037051,40.40660968037051,40.40660968037051,40.40660968037051,0.0,0.0,-3.0,0.0,0.0,-2.9999797294167916,0.010588266504569288
3.04,HOVER,True,0.0,0.0,0.4950568373918613,0.0,0.0,0.06733320012141547,0.0,0.0,0.0,0.0,0.0,0.5,-0.001152483507710791,1.391806275768847e-18,8.062136176790613e-18,0.0,-0.0,-0.0,-0.001152483507710791,1.391806275768847e-18,8.062136176790613e-18,40.447471854645585,40.447471854645585,40.447471854645585,40.447471854645585,0.0,0.0,-3.0,0.0,0.0,-2.999987587041024,0.004943162608138707
3.12,HOVER,True,0.0,0.0,0.4998946378571981,0.0,0.0,0.057709079760314974,0.0,0.0,0.0,0.0,0.0,0.5,-0.0009263016893113372,4.2342687843177896e-19,9.585242535278275e-18,0.0,-0.0,-0.0,-0.0009263016893113372,4.2342687843177896e-19,9.585242535278275e-18,40.48216231759029,40.48216231759029,40.48216231759029,40.48216231759029,0.0,0.0,-3.0,0.0,0.0,-2.999992398760857,0.00010536214280187917
3.2,HOVER,True,0.0,0.0,0.5040409531986492,0.0,0.0,0.049451949764098294,0.0,0.0,0.0,0.0,0.0,0.5,-0.0007493847809262304,-4.065987149110017e-19,1.0889203337870225e-17,0.0,-0.0,-0.0,-0.0007493847809262304,-4.065987149110017e-19,1.0889203337870225e-17,40.509296812741376,40.509296812741376,40.509296812741376,40.509296812741376,0.0,0.0,-3.0,0.0,0.0,-2.9999953452809582,0.0040409531986491665
3.2800000000000002,HOVER,True,0.0,0.0,0.5075878409275572,0.0,0.0,0.04225161406425039,0.0,0.0,0.0,0.0,0.0,0.5,-0.0006170006693503828,-1.1175866685463011e-18,1.19817469727589e-17,0.0,-0.0,-0.0,-0.0006170006693503828,-1.1175866685463011e-18,1.19817469727589e-17,40.529601124332764,40.529601124332764,40.529601124332764,40.529601124332764,0.0,0.0,-3.0,0.0,0.0,-2.9999971496214037,0.0075878409275571546
3.36,HOVER,True,0.0,0.0,0.5106057516561956,0.0,0.0,0.03586973612690166,0.0,0.0,0.0,0.0,0.0,0.5,-0.0005112702741432561,-1.7243260582954394e-18,1.28686295029052e-17,0.0,-0.0,-0.0,-0.0005112702741432561,-1.7243260582954394e-18,1.28686295029052e-17,40.54581744261606,40.54581744261606,40.54581744261606,40.54581744261606,0.0,0.0,-3.0,0.0,0.0,-2.999998254533073,0.010605751656195594
3.44,HOVER,True,0.0,0.0,0.5131514653663288,0.0,0.0,0.030159149150351557,0.0,0.0,0.0,0.0,0.0,0.5,-0.0004220408823060089,-2.238421878795724e-18,1.356200445763222e-17,0.0,-0.0,-0.0,-0.0004220408823060089,-2.238421878795724e-18,1.356200445763222e-17,40.55950293216166,40.55950293216166,40.55950293216166,40.55950293216166,0.0,0.0,-3.0,0.0,0.0,-2.999998931140307,0.01315146536632883
3.52,HOVER,True,0.0,0.0,0.5152731413005212,0.0,0.0,0.025025421286005184,0.0,0.0,0.0,0.0,0.0,0.5,-0.0003436412985398183,-2.669504519260376e-18,1.4077263893605452e-17,0.0,-0.0,-0.0,-0.0003436412985398183,-2.669504519260376e-18,1.4077263893605452e-17,40.571527408199415,40.571527408199415,40.571527408199415,40.571527408199415,0.0,0.0,-3.0,0.0,0.0,-2.9999993454696696,0.015273141300521154
3.6,HOVER,True,0.0,0.0,0.5170131561740436,0.0,0.0,0.020403769215751363,0.0,0.0,0.0,0.0,0.0,0.5,-0.00027289772885436946,-3.0259199194843706e-18,1.443101459474968e-17,0.0,-0.0,-0.0,-0.00027289772885436946,-3.0259199194843706e-18,1.443101459474968e-17,40.58237764894872,40.58237764894872,40.58237764894872,40.58237764894872,0.0,0.0,-3.0,0.0,0.0,-2.9999995991897195,0.017013156174043642
3.68,HOVER,True,0.0,0.0,0.5184097052470732,0.0,0.0,0.016246179469546592,0.0,0.0,0.0,0.0,0.0,0.5,-0.00020802204922381728,-3.3151178835338843e-18,1.4639960620224708e-17,0.0,-0.0,-0.0,-0.00020802204922381728,-3.3151178835338843e-18,1.4639960620224708e-17,40.59232790656076,40.59232790656076,40.59232790656076,40.59232790656076,0.0,0.0,-3.0,0.0,0.0,-2.9999997545585377,0.018409705247073194
3.7600000000000002,HOVER,True,0.0,0.0,0.5194977159824323,0.0,0.0,0.012514261957825132,0.0,0.0,0.0,0.0,0.0,0.5,-0.0001479912137941613,-3.5438722533455985e-18,1.472029955033855e-17,0.0,-0.0,-0.0,-0.0001479912137941613,-3.5438722533455985e-18,1.472029955033855e-17,40.60153508990887,40.60153508990887,40.60153508990887,40.60153508990887,0.0,0.0,-3.0,0.0,0.0,-2.999999849700684,0.01949771598243233
3.84,HOVER,True,0.0,0.0,0.5203093814816211,0.0,0.0,0.009175303966400188,0.0,0.0,0.0,0.0,0.0,0.5,-9.220162065870768e-05,-3.718407871925617e-18,1.4687407864597733e-17,0.0,-0.0,-0.0,-9.220162065870768e-05,-3.718407871925617e-18,1.4687407864597733e-17,40.61009177597259,40.61009177597259,40.61009177597259,40.61009177597259,0.0,0.0,-3.0,0.0,0.0,-2.9999999079622315,0.02030938148162109
3.92,HOVER,True,0.0,0.0,0.5208744848970666,0.0,0.0,0.00620010610976595,0.0,0.0,0.0,0.0,0.0,0.5,-4.0277201807067606e-05,-3.844476147241929e-18,1.455568903661369e-17,0.0,-0.0,-0.0,-4.0277201807067606e-05,-3.844476147241929e-18,1.455568903661369e-17,40.61805564389463,40.61805564389463,40.61805564389463,40.61805564389463,0.0,0.0,-3.0,0.0,0.0,-2.9999999436394584,0.02087448489706656
4.0,HOVER,True,0.0,0.0,0.5212206099190078,0.0,0.0,0.003561806871297867,0.0,0.0,0.0,0.0,0.0,0.5,8.036645806073876e-06,-3.927402480227398e-18,1.4338513218817236e-17,0.0,-0.0,-0.0,8.036645806073876e-06,-3.927402480227398e-18,1.4338513218817236e-17,40.62546574322179,40.62546574322179,40.62546574322179,40.62546574322179,0.0,0.0,-3.0,0.0,0.0,-2.9999999654868796,0.02122060991900776
4.08,HOVER,True,0.0,0.0,0.5213732899155641,0.0,0.0,0.0012352526573464436,0.0,0.0,0.0,0.0,0.0,0.5,5.2931262448156075e-05,-3.972118449894982e-18,1.4048208450931904e-17,0.0,-0.0,-0.0,5.2931262448156075e-05,-3.972118449894982e-18,1.4048208450931904e-17,40.632351420620886,40.632351420620886,40.632351420620886,40.632351420620886,0.0,0.0,-3.0,0.0,0.0,-2.9999999788654357,0.021373289915564087
4.16,HOVER,True,0.0,0.0,0.5213561245853787,0.0,0.0,-0.0008033336497098811,0.0,0.0,0.0,0.0,0.0,0.5,9.456628826074853e-05,-3.983185859026992e-18,1.369608076162941e-17,0.0,-0.0,-0.0,9.456628826074853e-05,-3.983185859026992e-18,1.369608076162941e-17,40.638737160776195,40.638737160776195,40.638737160776195,40.638737160776195,0.0,0.0,-3.0,0.0,0.0,-2.9999999870579708,0.021356124585378722
4.24,HOVER,True,0.0,0.0,0.5211908797789211,0.0,0.0,-0.0025765230233245912,0.0,0.0,0.0,0.0,0.0,0.5,0.00013308644356015012,-3.9648165176796605e-18,1.329245032108004e-17,0.0,-0.0,-0.0,0.00013308644356015012,-3.9648165176796605e-18,1.329245032108004e-17,40.644645160055234,40.644645160055234,40.644645160055234,40.644645160055234,0.0,0.0,-3.0,0.0,0.0,-2.9999999920747777,0.02119087977892109
4.32,HOVER,True,0.0,0.0,0.5208975788179669,0.0,0.0,-0.004105765644336264,0.0,0.0,0.0,0.0,0.0,0.5,0.00016863014471590236,-3.9208898486025715e-18,1.2846696302989884e-17,0.0,-0.0,-0.0,0.00016863014471590236,-3.9208898486025715e-18,1.2846696302989884e-17,40.65009664796256,40.65009664796256,40.65009664796256,40.65009664796256,0.0,0.0,-3.0,0.0,0.0,-2.9999999951468848,0.020897578817966944
4.4,HOVER,True,0.0,0.0,0.5204945895973816,0.0,0.0,-0.0054114332207918295,0.0,0.0,0.0,0.0,0.0,0.5,0.0002013336453761676,-3.8549694060121306e-18,1.2367306213485448e-17,0.0,-0.0,-0.0,0.0002013336453761676,-3.8549694060121306e-18,1.2367306213485448e-17,40.65511252229696,40.65511252229696,40.65511252229696,40.65511252229696,0.0,0.0,-3.0,0.0,0.0,-2.9999999970281315,0.020494589597381596
4.48,HOVER,True,0.0,0.0,0.5199987095377553,0.0,0.0,-0.0065128411689352635,0.0,0.0,0.0,0.0,0.0,0.5,0.0002313327571009903,-3.770318853171712e-18,1.1861927196976279e-17,0.0,-0.0,-0.0,0.0002313327571009903,-3.770318853171712e-18,1.1861927196976279e-17,40.6597136130523,40.6597136130523,40.6597136130523,40.6597136130523,0.0,0.0,-3.0,0.0,0.0,-2.999999998180137,0.019998709537755288
4.5600000000000005,HOVER,True,0.0,0.0,0.5194252492605996,0.0,0.0,-0.00742826294635037,0.0,0.0,0.0,0.0,0.0,0.5,0.00025876329011147777,-3.6699176471364856e-18,1.1337417827508388e-17,0.0,-0.0,-0.0,0.00025876329011147777,-3.6699176471364856e-18,1.1337417827508388e-17,40.6639207500171,40.6639207500171,40.6639207500171,40.6639207500171,0.0,0.0,-3.0,0.0,0.0,-2.999999998885583,0.01942524926059963
4.64,HOVER,True,0.0,0.0,0.5187881152266397,0.0,0.0,-0.008174942948245008,0.0,0.0,0.0,0.0,0.0,0.5,0.00028376084520545086,-3.556476520321437e-18,1.079989946896222e-17,0.0,-0.0,-0.0,0.00028376084520545086,-3.556476520321437e-18,1.079989946896222e-17,40.66775473085973,40.66775473085973,40.66775473085973,40.66775473085973,0.0,0.0,-3.0,0.0,0.0,-2.999999999317572,0.0187881152266397
4.72,HOVER,True,0.0,0.0,0.518099891259347,0.0,0.0,-0.0087691111322673,0.0,0.0,0.0,0.0,0.0,0.5,0.0003064603036225218,-3.432452766541127e-18,1.0254806624174496e-17,0.0,-0.0,-0.0,0.0003064603036225218,-3.432452766541127e-18,1.0254806624174496e-17,40.67123624288689,40.67123624288689,40.67123624288689,40.67123624288689,0.0,0.0,-3.0,0.0,0.0,-2.999999999582106,0.018099891259346967
4.8,HOVER,True,0.0,0.0,0.5173719187291541,0.0,0.0,-0.009226000761594372,0.0,0.0,0.0,0.0,0.0,0.5,0.0003269952033288239,-3.300065299421539e-18,9.706935895083601e-18,0.0,-0.0,-0.0,0.0003269952033288239,-3.300065299421539e-18,9.706935895083601e-18,40.67438576738173,40.67438576738173,40.67438576738173,40.67438576738173,0.0,0.0,-3.0,0.0,0.0,-2.9999999997440967,0.017371918729154112
4.88,HOVER,True,0.0,0.0,0.5166143751202108,0.0,0.0,-0.009559869698130101,0.0,0.0,0.0,0.0,0.0,0.5,0.0003454971020935922,-3.1613094344020926e-18,9.16049330153456e-18,0.0,-0.0,-0.0,0.0003454971020935922,-3.1613094344020926e-18,9.16049330153456e-18,40.677223481916194,40.677223481916194,40.677223481916194,40.677223481916194,0.0,0.0,-3.0,0.0,0.0,-2.9999999998432942,0.0166143751202108
4.96,HOVER,True,0.0,0.0,0.5158363506973307,0.0,0.0,-0.009784025174908737,0.0,0.0,0.0,0.0,0.0,0.5,0.0003620949788889576,-3.017971341244257e-18,8.619139787751351e-18,0.0,-0.0,-0.0,0.0003620949788889576,-3.017971341244257e-18,8.619139787751351e-18,40.67976916854125,40.67976916854125,40.67976916854125,40.67976916854125,0.0,0.0,-3.0,0.0,0.0,-2.9999999999040394,0.015836350697330692
5.04,HOVER,True,-0.0010647371035553978,3.32246813391831e-20,0.5150459230381573,-0.032075491878847597,1.2978929530393487e-18,-0.009910850640330492,4.609139294099248e-19,0.0001399164127943127,1.0313602004724276e-21,0.0,0.0,0.5,0.00037691458216788866,-2.1964926496135027e-16,0.006947517347268161,0.0,-6.036205147887125e-19,5.314266502370309e-05,0.00037691458216788866,-2.2025288547613897e-16,0.007000660012291863,40.67544006772543,40.688644159933425,40.688644159933425,40.67544006772543,-0.0001263222269127573,1.4880776337896501e-18,-3.0,-1.4058906090926746e-05,1.6021477379020506e-19,-2.9999999999412377,0.015083549488427482
5.12,HOVER,True,-0.008453687276810753,-2.24643497816288e-18,0.5142502115734638,-0.11827725160197042,-6.498689203853204e-17,-0.00995243296194696,2.678920475085754e-16,0.0038422711190014345,5.162802737467942e-17,0.0,0.0,0.5,0.0003901422082532263,-4.514751645276318e-16,0.010886625240824668,0.0,-1.2871548835645336e-17,0.0007991714246070938,0.0003901422082532263,-4.643467133632772e-16,0.011685796665431762,40.67305047730228,40.69509130437049,40.69509130437049,40.67305047730228,-0.0008946196596489685,1.647067410078001e-17,-3.0,-0.0002114210118008185,3.4119180291636145e-18,-2.9999999999640163,0.01656904820629703
5.2,HOVER,True,-0.022543905110659672,-1.617045019671265e-17,0.5134547444367118,-0.1999940189082813,-1.9439563116760909e-16,-0.00993591488367036,-1.464304145645661e-16,0.013653014628492666,1.87818100138442e-16,0.0,0.0,0.5,0.0004037151710617802,2.1381290047187353e-15,0.004545961716608939,0.0,-6.320760253468241e-17,0.002975314019212351,0.0004037151710617802,2.074921402184053e-15,0.00752127573582129,40.67905961535707,40.6932456518398,40.6932456518398,40.67905961535707,-0.0023456969306466873,5.607952010581469e-17,-3.0,-0.0007871201109027385,1.672225638765514e-17,-2.9999999999779647,0.026253719841113073
5.28,HOVER,True,-0.042647739701012245,-2.2370166311874704e-17,0.5126601812596455,-0.27194369427146,8.928976031269508e-19,-0.009939069066385121,-2.619354673477821e-16,0.027578003732115764,3.7607115151516495e-16,0.0,0.0,0.5,0.0004255287362696714,1.1060690279548016e-16,-0.0034446701483884547,0.0,-1.7404200679384716e-16,0.007005616605117093,0.0004255287362696714,-6.343510399836701e-17,0.003560946456728638,40.686140084400314,40.69285646046768,40.69285646046768,40.686140084400314,-0.004452820932352505,1.201221549101132e-16,-3.0,-0.001853337726221453,4.5909442202262255e-17,-2.9999999999865063,0.04448718794363582
5.36,HOVER,True,-0.06782962840243958,-1.541289568190716e-17,0.5118589549387784,-0.3315957930009106,7.798613644158295e-17,-0.010068557829581552,2.794131097945542e-16,0.04342100160530417,8.370222896509918e-16,0.0,0.0,0.5,0.00046778400896046557,-1.0943781982928016e-15,-0.011393779388478003,0.0,-3.5576933519498234e-16,0.013104515148632914,0.00046778400896046557,-1.450147533487784e-15,0.001710735760154911,40.69436581511511,40.69759246984209,40.69759246984209,40.69436581511511,-0.007183467481214001,2.0362379550218094e-16,-3.0,-0.0034668029493737868,9.329622627859025e-17,-2.999999999991737,0.0688585020273678
5.44,HOVER,True,-0.09704016444531224,-2.016365998747234e-17,0.5110362144238398,-0.37790149425691333,-1.230282740967231e-16,-0.010403991090730109,1.5399542495467915e-16,0.06007598830972622,9.46201952713883e-16,0.0,0.0,0.5,0.00054114238074974,2.0592381260388843e-15,-0.020233025797747817,0.0,-6.043111164705511e-16,0.021356366357991718,0.00054114238074974,1.4549270095683332e-15,0.0011233405602439003,40.70617104835727,40.70828980463345,40.70828980463345,40.70617104835727,-0.01050644392106721,2.982636626514263e-16,-3.0,-0.005649832369839079,1.5748017607375986e-16,-2.9999999999949405,0.09766571324872518
5.5200000000000005,HOVER,True,-0.1291883485676497,-2.80725801888552e-17,0.510173125874606,-0.41048914357528155,-2.868071027437279e-17,-0.010983163687144805,-4.459862876992434e-16,0.07715871864212819,1.200189575426778e-15,0.0,0.0,0.5,0.0006527272956105979,3.423452852480309e-15,-0.030919991227221826,0.0,-9.07235184559543e-16,0.03176973904571334,0.0006527272956105979,2.5162176679207663e-15,0.0008497478184915155,40.72354331361738,40.72514604086441,40.72514604086441,40.72354331361738,-0.014393497952095729,3.9909960649233264e-16,-3.0,-0.008404692869236334,2.349229650229642e-16,-2.9999999999969016,0.12958827838850678
5.6000000000000005,HOVER,True,-0.16316814053689024,-2.2336875115106545e-18,0.509249558221473,-0.4292219905551208,5.207974117315092e-16,-0.01181465296934819,-9.10010874476225e-16,0.0944923644937756,1.4637240124510834e-15,0.0,0.0,0.5,0.000807016220190554,5.037015781071036e-15,-0.04382437305573515,0.0,-1.2570212528004906e-15,0.04431025340536108,0.000807016220190554,3.779994528270546e-15,0.00048588034962592647,40.74755040815119,40.74846683730605,40.74846683730605,40.74755040815119,-0.01881820996873675,5.063648017125127e-16,-3.0,-0.011722289260677535,3.2289802242767126e-16,-2.999999999998103,0.1634300964129887
5.68,HOVER,True,-0.19787009281610965,8.958013903557965e-17,0.5082458873575468,-0.43409790635567946,1.4549862133375349e-15,-0.012886032973895838,-1.21713615734802e-15,0.11186861588280886,1.8858367409176425e-15,0.0,0.0,0.5,0.0010064034041606443,5.266161420765537e-15,-0.058921682057285575,0.0,-1.649892776520354e-15,0.05891880064358359,0.0010064034041606443,3.6162686442451825e-15,-2.88141370198558e-06,40.778592196513266,40.77858676181822,40.77858676181822,40.778592196513266,-0.023754784541486624,6.197792741593364e-16,-3.0,-0.015586984297244337,4.197588457253142e-16,-2.9999999999988383,0.19804183469501893
5.76,HOVER,True,-0.23219368033899243,2.7027492840634187e-16,0.5071446830863034,-0.42528295878542133,2.627935585681157e-15,-0.014163123896401023,-1.3549692740173437e-15,0.12901630937472516,2.150850900165815e-15,0.0,0.0,0.5,0.0012508444859907443,5.214717365032199e-15,-0.07606026879508228,0.0,-2.0840021191943024e-15,0.07552147299604052,0.0012508444859907443,3.1307152458378967e-15,-0.000538795799041758,40.81658855968553,40.8155723255877,40.8155723255877,40.81658855968553,-0.02917747837987662,7.389816811456147e-16,-3.0,-0.01997922566032818,5.243984227130412e-16,-2.999999999999289,0.23230357656689213
5.84,HOVER,True,-0.26506310446640724,5.497730044363115e-16,0.505932573107252,-0.40315047826806477,3.859529160019176e-15,-0.015588063226565033,-1.2005986937119456e-15,0.1456400123065335,2.487881796642737e-15,0.0,0.0,0.5,0.0015373374619203665,5.294712041335359e-15,-0.09509241508717885,0.0,-2.556912660112098e-15,0.09403524172877097,0.0015373374619203665,2.7377993812232615e-15,-0.0010571733584078813,40.86101806157863,40.85902410465461,40.85902410465461,40.86101806157863,-0.035060486532893,8.634228950740773e-16,-3.0,-0.024877048076394438,6.359076218858282e-16,-2.9999999999995643,0.26512948680416976
5.92,HOVER,True,-0.2954446244905188,9.239058331981802e-16,0.5046020645525466,-0.3682910891180046,5.0210647916293436e-15,-0.017081130825491776,-1.1429490304648343e-15,0.1614556559728146,2.7688229054653476e-15,0.0,0.0,0.5,0.0018597820034791388,6.753432494263667e-15,-0.11590012163452984,0.0,-3.068681512440599e-15,0.114371441510219,0.0018597820034791388,3.684750981823068e-15,-0.0015286801243108439,40.91091740528481,40.908034129524744,40.908034129524744,40.91091740528481,-0.04137799884902366,9.918109410932146e-16,-3.0,-0.030256995108523543,7.533891751957799e-16,-2.9999999999997335,0.29548046490164026
6.0,HOVER,True,-0.322363383858218,1.3933102215493744e-15,0.503152998783509,-0.32150105073583146,6.241727672193088e-15,-0.018546335984832525,-1.280310254972856e-15,0.17620756354356829,2.4526235710462786e-15,0.0,0.0,0.5,0.002209271033196924,7.593049229095895e-15,-0.13838302733695235,0.0,-3.6003598940953485e-15,0.1364380196730009,0.002209271033196924,3.9926893350005466e-15,-0.001945007663951448,40.96491263927267,40.961244119376694,40.961244119376694,40.96491263927267,-0.048104284822042105,1.122477278247776e-15,-3.0,-0.036094714199206596,8.756457098264883e-16,-2.9999999999998366,0.32237880304674127
6.08,HOVER,True,-0.34491873953849034,1.965422208202579e-15,0.5015934405739592,-0.2637617315752093,7.55180714830731e-15,-0.019878898229920797,-1.4270192525665927e-15,0.18967347640060345,1.869274536881949e-15,0.0,0.0,0.5,0.002574657522969155,7.750642180492006e-15,-0.16244539348781623,0.0,-4.124313135306091e-15,0.16014104148505787,0.002574657522969155,3.626329045185915e-15,-0.0023043520027583586,41.02129239539781,41.01694610858046,41.01694610858046,41.02129239539781,-0.05521378344560879,1.254530627091883e-15,-3.0,-0.042365354890226956,1.0015092903214526e-15,-2.9999999999998996,0.3449224201725421
6.16,HOVER,True,-0.36229780558176833,2.6426049735453104e-15,0.4999399404061966,-0.19621692277100278,8.845458148738905e-15,-0.020973108032121664,-1.3531803880901387e-15,0.2016655258269003,1.1680832137592485e-15,0.0,0.0,0.5,0.00294325517253436,7.91437451507513e-15,-0.18799092336096263,0.0,-4.625638067591155e-15,0.1853857606863014,0.00294325517253436,3.2887364474839744e-15,-0.0026051626746612377,41.07810945990302,41.073195807745556,41.073195807745556,41.07810945990302,-0.06268121520134351,1.3872312463944687e-15,-3.0,-0.04904385203341307,1.12995018762205e-15,-2.9999999999999383,0.36229781055993093
6.24,HOVER,True,-0.3737872594070594,3.4101044360134164e-15,0.4982172098568737,-0.12015464938430936,9.867029775208784e-15,-0.021728721265418874,-9.68864462519324e-16,0.21182967110933515,4.889909355262624e-16,0.0,0.0,0.5,0.0033014814817133096,7.226824647676402e-15,-0.2118040486593912,0.0,-5.095948753602438e-15,0.2,0.0033014814817133096,2.1308758940739644e-15,-0.011804048659391192,41.14172725160275,41.119463386959616,41.119463386959616,41.14172725160275,-0.07048159001880747,1.51947131058595e-15,-3.0,-0.05610514035208587,1.2600088684630372e-15,-2.999999999999962,0.3737915109198372
6.32,HOVER,True,-0.378819337098613,4.232785447399999e-15,0.49646448567129425,-0.037907091490611944,1.0383637167270323e-14,-0.021874500133145642,-2.6652982282411425e-16,0.21603580108668705,-2.3683004889557376e-16,0.0,0.0,0.5,0.003615599877659463,5.486003023053099e-15,-0.21366343499690219,0.0,-5.5176433909880274e-15,0.2,0.003615599877659463,-3.164036793492839e-17,-0.013663434996902174,41.191658433547616,41.16588754119456,41.16588754119456,41.191658433547616,-0.07858437064063156,1.6422705007030684e-15,-3.0,-0.06352325772797231,1.3892484065570804e-15,-2.999999999999977,0.3788358351864315
6.4,HOVER,True,-0.3771914447576604,5.058620581268886e-15,0.4947696017827478,0.04503705116161054,1.0219067116684951e-14,-0.020704072717117133,3.401298202211955e-16,0.21278366879085792,-1.1760618585231474e-15,0.0,0.0,0.5,0.0037988722869219727,4.525250315966382e-15,-0.20737707951920575,0.0,-5.855963314259606e-15,0.2,0.0037988722869219727,-1.3307129982932238e-15,-0.0073770795192057426,41.21383928507707,41.19992522011373,41.19992522011373,41.21383928507707,-0.08695718322550298,1.7427206533220289e-15,-3.0,-0.07126932809307386,1.511053070307637e-15,-2.999999999999986,0.377227707179473
6.48,HOVER,True,-0.36915722669545037,5.835528102743487e-15,0.49325556713845736,0.12341226764386075,9.420890943935895e-15,-0.01800043520729551,9.084551905370784e-16,0.20529208171989394,-1.9847172609615088e-15,0.0,0.0,0.5,0.003808500570263383,3.731744624817243e-15,-0.202730789040388,0.0,-6.084674922689251e-15,0.2,0.003808500570263383,-2.3529302978720076e-15,-0.002730789040387982,41.21093428251434,41.20578368382413,41.20578368382413,41.21093428251434,-0.09558317360563627,1.823418021044366e-15,-3.0,-0.07931661232180162,1.6197923702801111e-15,-2.9999999999999907,0.36921883131294914
6.5600000000000005,HOVER,True,-0.35525373716198605,6.519784445681151e-15,0.4920220248663529,0.19443478338593007,8.14317115353333e-15,-0.01422504470559706,1.0532133238965323e-15,0.19621035533107856,-2.9345445280616892e-15,0.0,0.0,0.5,0.0036743366205896676,4.625103033940781e-15,-0.20093069999622032,0.0,-6.201762757590742e-15,0.2,0.0036743366205896676,-1.5766597236499607e-15,-0.0009306999962203077,41.18865939670121,41.18690398384778,41.18690398384778,41.18865939670121,-0.10445322506244652,1.8928981822714634e-15,-3.0,-0.08764433871944934,1.714865191444417e-15,-2.999999999999995,0.3553433070353099
6.640000000000001,HOVER,True,-0.3361330558273421,7.0949904259036296e-15,0.49111940876554105,0.25710343597562274,6.81186756716463e-15,-0.010000867979223447,4.0756391286711323e-16,0.1866506106596086,-4.150809307625107e-15,0.0,0.0,0.5,0.0034500617985023818,7.697979118804812e-15,-0.2006019460563717,0.0,-6.185284811295219e-15,0.2,0.0034500617985023818,1.5126943075095927e-15,-0.0006019460563716772,41.15395138299047,41.15281603986302,41.15281603986302,41.15395138299047,-0.11355765447981299,1.9561773503901716e-15,-3.0,-0.09623626015928113,1.79851722119984e-15,-2.9999999999999956,0.33625034739089954
6.72,HOVER,True,-0.31248121590229594,7.589603198722845e-15,0.49055623518917635,0.3111433975569148,5.994563854848778e-15,-0.005791658920308187,-6.777344203360306e-16,0.17685959123395623,-5.27330206613582e-15,0.0,0.0,0.5,0.003179380452677661,1.090754136584835e-14,-0.20060131522083507,0.0,-6.038141520420086e-15,0.2,0.003179380452677661,4.869399845428264e-15,-0.0006013152208350636,41.11243524423623,41.111301090940955,41.11130109094098,41.112435244236245,-0.12288460290092433,2.015301058689795e-15,-3.0,-0.10507815831546248,1.8732644706637424e-15,-2.9999999999999956,0.31262388741997854
6.8,HOVER,True,-0.28499405519486587,8.057547377286949e-15,0.4903153456433622,0.3564640742448331,5.8382102497202705e-15,-0.0018623179824617832,-1.0705011940701217e-15,0.16686018809398956,-5.5911298970482535e-15,0.0,0.0,0.5,0.0028896332337965402,9.287593085544233e-15,-0.2004975384940655,0.0,-5.831076860403551e-15,0.2,0.0028896332337965402,3.4565162251406818e-15,-0.0004975384940655025,41.06789761900474,41.06695920117825,41.06695920117825,41.06789761900474,-0.13242121406165927,2.0727293920392056e-15,-3.0,-0.11415645701632902,1.9414551245852764e-15,-2.9999999999999956,0.28515855944793556
6.88,HOVER,True,-0.2543714077253649,8.52806514341085e-15,0.4903662833047725,0.39303167919694615,5.910931141149075e-15,0.0016543514359285783,-1.0544859380637658e-15,0.1567146905923609,-5.823935665358395e-15,0.0,0.0,0.5,0.0025968618548244705,8.187854666878112e-15,-0.2002652667407396,0.0,-5.638235787789285e-15,0.2,0.0025968618548244705,2.549618879088827e-15,-0.0002652667407395948,41.022774986951276,41.022274661767895,41.022274661767895,41.022774986951276,-0.14215475038277722,2.130164077582883e-15,-3.0,-0.12345786337994386,2.0054781453167008e-15,-2.9999999999999956,0.25455376949781694
6.96,HOVER,True,-0.22131145308356368,9.001590124842997e-15,0.4906721794833224,0.4208954672308479,5.9107696159262565e-15,0.004695187206054633,-9.811983946526767e-16,0.1465526382089956,-6.12050888645433e-15,0.0,0.0,0.5,0.002311225095773952,8.954033514579737e-15,-0.19998410057233806,0.0,-5.442517230974767e-15,0.2,0.002311225095773952,3.5115162836049703e-15,1.5899427661947296e-05,40.97870051136421,40.9787304996094,40.9787304996094,40.97870051136421,-0.15207299399868318,2.1875269540550078e-15,-3.0,-0.13296941545366414,2.066966259893754e-15,-2.9999999999999956,0.22150794004177313
7.04,HOVER,True,-0.18650199452774663,9.474581367713785e-15,0.4911933000166175,0.4402220560055615,5.921314925646818e-15,0.007233686061013392,-1.0485789792852533e-15,0.13653045582346723,-6.242434995935583e-15,0.0,0.0,0.5,0.002039868888437468,9.225013470496704e-15,-0.1997119914697178,0.0,-5.254507183040946e-15,0.2,0.002039868888437468,3.970506287455758e-15,0.0002880085302822133,40.93682484580616,40.93736806475749,40.93736806475749,40.93682484580616,-0.16216421090703204,2.244202966598759e-15,-3.0,-0.1426785546022139,2.1266785393160745e-15,-2.9999999999999956,0.1867098067253698
7.12,HOVER,True,-0.1506105343509152,9.953337129285721e-15,0.49188915795548455,0.4513018426428973,6.013033885971455e-15,0.009266870020458078,-9.514300810263606e-16,0.12679889133412933,-6.315404662371739e-15,0.0,0.0,0.5,0.001787957865843738,8.456003045755611e-15,-0.19946967912232022,0.0,-5.081477467299863e-15,0.2,0.001787957865843738,3.374525578455748e-15,0.0005303208776797907,40.89795967068968,40.89895992005994,40.89895992005994,40.89795967068968,-0.17241700980429792,2.301281899832001e-15,-3.0,-0.1525731243202037,2.1852461656183084e-15,-2.9999999999999956,0.1508287731705701
7.2,HOVER,True,-0.11427500876908733,1.0437410044600809e-14,0.4927200679806133,0.45453627606554914,6.0689249835016975e-15,0.010809853799397477,-9.510843952765203e-16,0.11749054956254877,-6.3100045113943436e-15,0.0,0.0,0.5,0.0015589879814689156,8.649658231638316e-15,-0.19925848803304708,0.0,-4.9361426630772e-15,0.2,0.0015589879814689156,3.713515568561116e-15,0.0007415119669529346,40.862642424284644,40.8640410056138,40.8640410056138,40.862642424284644,-0.18282024467040026,2.359715441120526e-15,-3.0,-0.16264132279719348,2.243557678269304e-15,-2.9999999999999956,0.1145066593669638
7.28,HOVER,True,-0.07809592871656591,1.0926953501388463e-14,0.4936483786456914,0.4504194317511574,6.134718538075185e-15,0.011892039150019549,-8.269180526202542e-16,0.10871876455435527,-6.418855784572367e-15,0.0,0.0,0.5,0.0013549715549337324,8.327807466345426e-15,-0.19907525114371524,0.0,-4.811405118733553e-15,0.2,0.0013549715549337324,3.516402347611873e-15,0.0009247488562847683,40.83117875784214,40.83292294612527,40.83292294612527,40.83117875784214,-0.1933629794865374,2.4200943712999787e-15,-3.0,-0.17287165083309494,2.302322903510638e-15,-2.9999999999999956,0.07835379490446812
7.36,HOVER,True,-0.04262996236327443,1.1419011676113804e-14,0.49463940485591223,0.43952055032026865,6.152937983639278e-15,0.012553352483881827,-7.0455796229677575e-16,0.10057945671694689,-6.412243726689155e-15,0.0,0.0,0.5,0.0011766567160127542,7.956194644643231e-15,-0.19891801960652278,0.0,-4.69883293189995e-15,0.2,0.0011766567160127542,3.2573617127432806e-15,0.0010819803934772332,40.80368157731118,40.80572232330623,40.80572232330623,40.80368157731118,-0.2040344900570839,2.483013597423752e-15,-3.0,-0.18325287563629264,2.362281205966645e-15,-2.9999999999999956,0.04296568015745837
7.44,HOVER,True,-0.008384786906674763,1.1908120362971089e-14,0.4956620641088567,0.4224688317482505,6.0826254765326566e-15,0.01284060468446049,-4.70068878522221e-16,0.09315251130334071,-6.204006551860199e-15,0.0,0.0,0.5,0.0010237749579373966,6.984451205972656e-15,-0.19878644539731305,0.0,-4.639863283443366e-15,0.2,0.0010237749579373966,2.34458792252929e-15,0.0012135546026869615,40.780109372464224,40.78239828334479,40.78239828334479,40.780109372464224,-0.2148242795682466,2.549176366766561e-15,-3.0,-0.19377401304533953,2.4241120992654217e-15,-2.9999999999999956,0.00944046287350433
7.5200000000000005,HOVER,True,0.02418493862610539,1.2383747724110371e-14,0.49668924267490605,0.39993983238020064,5.869024535612733e-15,0.012804253158959302,-2.845783982953356e-16,0.0865022859326912,-5.914498923521522e-15,0.0,0.0,0.5,0.0008952860897895509,7.485249058234141e-15,-0.19868075854610368,0.0,-4.657115072825879e-15,0.2,0.0008952860897895509,2.828133985408262e-15,0.001319241453896336,40.76030282174911,40.76279107082438,40.76279107082438,40.76030282174911,-0.2257220959513149,2.6189577778005026e-15,-3.0,-0.20442432330371474,2.488452567759743e-15,-2.9999999999999956,0.024410497135743624
7.6000000000000005,HOVER,True,0.054680565712884134,1.2842076473206262e-14,0.4976979316892977,0.3726427547857604,5.692737466862035e-15,0.012495685889728584,-5.158909503834497e-16,0.08067775989496692,-5.6649693666196564e-15,0.0,0.0,0.5,0.0007896039238765125,8.195900350742992e-15,-0.19860102074629207,0.0,-4.745605156861055e-15,0.2,0.0007896039238765125,3.4502951938819373e-15,0.0013989792537079382,40.744018703025475,40.74665734724339,40.74665734724339,40.744018703025475,-0.23671794682212974,2.6917113047855354e-15,-3.0,-0.21519331471188174,2.5555877074922544e-15,-2.9999999999999956,0.05472900314447706
7.68,HOVER,True,0.08276146541263837,1.3297503037229195e-14,0.4986691755567364,0.3413083213499769,5.712285209851403e-15,0.011965030986070692,-6.487141697733649e-16,0.07571274207983132,-5.409613215573926e-15,0.0,0.0,0.5,0.0007047972869409014,7.998675577012596e-15,-0.19854687458240414,0.0,-4.881340484173612e-15,0.2,0.0007047972869409014,3.1173350928389838e-15,0.001453125417595874,40.73096048701152,40.73370125744888,40.73370125744888,40.73096048701152,-0.24780211081641848,2.7683286680107725e-15,-3.0,-0.22607075084819628,2.6257497349198984e-15,-2.9999999999999956,0.08277216471100732
7.76,HOVER,True,0.10814609802653571,1.3756994261890626e-14,0.4995878730473477,0.3066772012940926,5.729976890832853e-15,0.011259461026182927,-2.566300957933641e-16,0.07162628980337028,-5.067691605866441e-15,0.0,0.0,0.5,0.000638764455434995,6.1160122611410575e-15,-0.19851755570698668,0.0,-5.092282196322497e-15,0.2,0.000638764455434995,1.0237300648185602e-15,0.0014824442930133352,40.720805102643936,40.72360117202937,40.72360117202937,40.720805102643936,-0.2589651449133675,2.8502764615333997e-15,-3.0,-0.23704665847549333,2.6995962285766956e-15,-2.9999999999999956,0.10814688329762524
7.84,HOVER,True,0.13061219121553663,1.4204336269957887e-14,0.5004424688748473,0.2694890596781456,5.5113916699808026e-15,0.010421960501181875,-1.6015158025447382e-16,0.06842333927878072,-4.828113461256345e-15,0.0,0.0,0.5,0.0005893793134239263,8.055791949300013e-15,-0.19851196782971703,0.0,-5.355445799638787e-15,0.2,0.0005893793134239263,2.7003461496612265e-15,0.0014880321702829824,40.713225424653565,40.71603203345193,40.71603203345193,40.713225424653565,-0.2701978875696843,2.9369671043697015e-15,-3.0,-0.2481113342648371,2.7777327485906773e-15,-2.9999999999999956,0.1306129406790503
7.92,HOVER,True,0.14999608074564474,1.4638245967120323e-14,0.5012245710591399,0.23047230615518277,5.427794998892783e-15,0.0094905248161468,-5.772035254395256e-16,0.06609550778173143,-4.690722421821955e-15,0.0,0.0,0.5,0.0005546076190220096,8.239828529892932e-15,-0.19852874253002417,0.0,-5.6425483221133304e-15,0.2,0.0005546076190220096,2.5972802077796013e-15,0.0014712574699758396,40.70790816224775,40.71068313193078,40.71068313193078,40.70790816224775,-0.2814914577612556,3.0265208253385203e-15,-3.0,-0.25925534918318927,2.85984415658568e-15,-2.9999999999999956,0.1500010793738927
8.0,HOVER,True,0.16619127367541373,1.507793426096031e-14,0.501928526544299,0.19033461085215023,5.505879496411423e-15,0.008497753159758033,-2.192602336598572e-16,0.06462203349885468,-4.810731327857815e-15,0.0,0.0,0.5,0.0005325925752340248,5.572852244589626e-15,-0.19856627789774667,0.0,-5.891252122888312e-15,0.2,0.0005325925752340248,-3.183998782986856e-16,0.001433722102253343,40.70456701991305,40.70727119334892,40.70727119334892,40.70456701991305,-0.29283725034981817,3.120959966279345e-15,-3.0,-0.2704695499502999,2.9458727058317235e-15,-2.9999999999999956,0.16620246285927393
8.08,HOVER,True,0.17914629882168134,1.5506530110733798e-14,0.5025509840054968,0.14975424895320077,5.2511670066028425e-15,0.00747078809531828,1.594528081672961e-16,0.06397083050441059,-5.0683492173725904e-15,0.0,0.0,0.5,0.0005217101897442384,5.5700997481686014e-15,-0.19862276920911703,0.0,-6.061273255133101e-15,0.2,0.0005217101897442384,-4.911735069644993e-16,0.0013772307908829773,40.702951217109685,40.70554884109407,40.70554884109407,40.702951217109685,-0.30422692844100885,3.2203690491377223e-15,-3.0,-0.281745057423006,3.0363791898033496e-15,-2.9999999999999956,0.1791644604850623
8.16,HOVER,True,0.18886191416418302,1.5899103264253034e-14,0.5030904684950144,0.10937233387973518,4.72531754703804e-15,0.00643154581911239,5.856698421576199e-16,0.06409964108547467,-5.498452957727315e-15,0.0,0.0,0.5,0.0005205962896315769,3.2881718970878967e-15,-0.1986962409779544,0.0,-6.121103477132087e-15,0.2,0.0005205962896315769,-2.83293158004419e-15,0.001303759022045603,40.70284966185899,40.705308709193645,40.705308709193645,40.70284966185899,-0.31565241352120105,3.3230392618378627e-15,-3.0,-0.29307326211018453,3.1310782484537024e-15,-2.9999999999999956,0.18888719812967186
8.24,HOVER,True,0.1953877454808205,1.622680434022884e-14,0.5035469877234052,0.0697859956323181,3.763982194194033e-15,0.005397174810442615,1.2141386069998493e-15,0.06495726715067783,-6.22845339335856e-15,0.0,0.0,0.5,0.0005281482890564717,1.8768611419423752e-15,-0.19878458277844602,0.0,-5.998994300829202e-15,0.2,0.0005281482890564717,-4.1221331588868266e-15,0.0012154172215539938,40.70409125564408,40.706383679649306,40.706383679649306,40.70409125564408,-0.3271058741645381,3.429061113563505e-15,-3.0,-0.30444581725203035,3.2296653104828672e-15,-2.9999999999999956,0.19541993809739036
8.32,HOVER,True,0.19881843460594817,1.645220534531943e-14,0.5039216846092675,0.03154255264111121,2.3808757408684046e-15,0.004380677786345098,1.4363537784650097e-15,0.06648486046248803,-6.987184372145396e-15,0.0,0.0,0.5,0.0005435057779965221,2.3333083942749685e-15,-0.19888558757025687,0.0,-5.687402117915522e-15,0.2,0.0005435057779965221,-3.3540937236405538e-15,0.001114412429743139,40.70654195236501,40.70864386910631,40.70864386910631,40.70654195236501,-0.3385797140287829,3.536518692459522e-15,-3.0,-0.3158546300210393,3.3315294544738448e-15,-2.9999999999999956,0.19885710837014162
8.4,HOVER,True,0.19928937886047302,1.6557201150638818e-14,0.5042165455375754,-0.0048652877489259675,8.508077660441184e-16,0.0033916325093615108,1.4131682553545661e-15,0.06861725007318123,-7.751403934548958e-15,0.0,0.0,0.5,0.0005660146616951202,1.2210977441085577e-15,-0.19899699048762842,0.0,-5.193798110184514e-15,0.2,0.0005660146616951202,-3.9727003660759566e-15,0.0010030095123715888,40.71009929483457,40.711991092188484,40.711991092188484,40.71009929483457,-0.350066559750134,3.644106333714481e-15,-3.0,-0.3272918514403172,3.4356168494837637e-15,-2.9999999999999956,0.19933398050223047
8.48,HOVER,True,0.19697214509404162,1.6538944988303236e-14,0.5044341688043839,-0.03900318173271166,-6.863383859668521e-16,0.0024369508131261257,1.3823482936413616e-15,0.07128428515047766,-8.18786801500049e-15,0.0,0.0,0.5,0.0005951799186006586,7.032222882620605e-16,-0.19911650648322035,0.0,-4.6635796910649985e-15,0.2,0.0005951799186006586,-3.960357402802938e-15,0.0008834935167796598,40.71468520456397,40.716351580282854,40.716351580282854,40.71468520456397,-0.36155924923357907,3.751545949583253e-15,-3.0,-0.33874986559427794,3.541037454502926e-15,-2.9999999999999956,0.19702204900958156
8.56,HOVER,True,0.19206964223481274,1.6398419403088118e-14,0.5045775932257158,-0.07049785428385316,-2.2119093464523006e-15,0.0015216217661992324,1.3619473502445458e-15,0.07441217215143736,-8.604562022428469e-15,0.0,0.0,0.5,0.0006306120653246902,-9.390552767811966e-17,-0.19924186580311587,0.0,-4.105199029013115e-15,0.2,0.0006306120653246902,-4.199104556691235e-15,0.0007581341968841415,40.72023780432186,40.721667737188774,40.721667737188774,40.72023780432186,-0.3730508207350977,3.858383120096066e-15,-3.0,-0.3502212786528339,3.647116794871032e-15,-2.9999999999999956,0.19212418335011622
8.64,HOVER,True,0.1848111352337872,1.613481488516898e-14,0.5046501830377933,-0.09903877515030303,-3.7601389301980575e-15,0.000649393604648703,1.2827652935248869e-15,0.07792478671189873,-8.880461169026413e-15,0.0,0.0,0.5,0.0006719721466142998,5.105063104630846e-16,-0.19937084669561062,0.0,-3.584290184150797e-15,0.2,0.0006719721466142998,-3.0737838736877126e-15,0.000629153304389396,40.72670301185995,40.72788967115058,40.72788967115058,40.72670301185995,-0.38453450305319653,3.964021764781872e-15,-3.0,-0.3616989081630632,3.753250455025205e-15,-2.9999999999999956,0.18486962949247818
8.72,HOVER,True,0.1754471809061335,1.5750989948431517e-14,0.5046555621489937,-0.12437884025233417,-5.236266835972631e-15,-0.0001766407558950018,1.1860050102393004e-15,0.0817449424005941,-9.064892087836786e-15,0.0,0.0,0.5,0.0007189195498862548,-4.758746188121494e-16,-0.1995013050305437,0.0,-3.1101951212973772e-15,0.2,0.0007189195498862548,-3.5860697401095266e-15,0.0004986949694563148,40.734026563939956,40.734967163019014,40.734967163019014,40.734026563939956,-0.3960037070899687,4.067384843009838e-15,-3.0,-0.3731757729957093,3.85866851031773e-15,-2.9999999999999956,0.17550893865223127
8.8,HOVER,True,0.16424456258005532,1.5250214258220908e-14,0.5045975885977556,-0.14633410746468112,-6.698920507596484e-15,-0.0009535788991650051,1.1730071611391266e-15,0.08579560046106553,-8.907997725465936e-15,0.0,0.0,0.5,0.0007710662340651869,-1.3174809799721422e-15,-0.19963120069632187,0.0,-2.756460160354621e-15,0.2,0.0007710662340651869,-4.0739411403267634e-15,0.0003687993036781412,40.74214702111083,40.742842621240456,40.742842621240456,40.74214702111083,-0.4074520190007038,4.168329874229104e-15,-3.0,-0.38464508427477734,3.962766536076307e-15,-2.9999999999999956,0.16430889859660042
8.88,HOVER,True,0.15148129587950254,1.4635881782017532e-14,0.5044803587441496,-0.16478264731181197,-8.070588775844191e-15,-0.0016783781005112817,7.557689724245835e-16,0.09000100669784242,-8.520987406338722e-15,0.0,0.0,0.5,0.0008279401243341037,2.4450228200876913e-16,-0.19975862077570813,0.0,-2.6362335316903128e-15,0.2,0.0008279401243341037,-2.3917312496815436e-15,0.00024137922429187664,40.75099017526279,40.75144544569859,40.75144544569859,40.75099017526279,-0.41887319511747406,4.265614190274141e-15,-3.0,-0.3961002375683727,4.0648608806720765e-15,-2.9999999999999956,0.151547539128188
8.96,HOVER,True,0.13744177261954713,1.3934867038662473e-14,0.5043082302419345,-0.17966257779882422,-8.997618329723985e-15,-0.0023476615153064564,1.781729663377503e-16,0.09428774366132009,-8.194487674007962e-15,0.0,0.0,0.5,0.0008889595220945689,-2.117454035291211e-16,-0.1998817995868249,0.0,-2.7200925687610623e-15,0.2,0.0008889595220945689,-2.9318379722901834e-15,0.00011820041317511798,40.76046514367452,40.760688083961846,40.760688083961846,40.76046514367452,-0.43026115879679966,4.3583503104173e-15,-3.0,-0.40753480657509444,4.1640175096408315e-15,-2.9999999999999956,0.13750927862737414
9.040000000000001,HOVER,True,0.12241210389839886,1.3179148309310393e-14,0.5040858531240461,-0.19096935869415083,-9.628639669519217e-15,-0.0029576551346079307,1.3579148540606168e-16,0.0985856881866054,-7.84889978706311e-15,0.0,0.0,0.5,0.0009534194723966707,-1.6263809118907245e-15,-0.19999913570902916,0.0,-2.9112288835248277e-15,0.2,0.0009534194723966707,-4.537609795415552e-15,8.642909708478363e-07,40.77046229418461,40.770463924342,40.77046392434198,40.77046229418459,-0.4416099992965151,4.448202593821466e-15,-3.0,-0.41894253849776125,4.260001580799523e-15,-2.9999999999999956,0.12248027341814548
9.120000000000001,HOVER,True,0.10667571721048583,1.238165577031132e-14,0.5038181992748324,-0.19875242454545877,-1.0069367369382123e-14,-0.0035042415810321546,-3.839387765886477e-16,0.10282886612044836,-7.287670389445525e-15,0.0,0.0,0.5,0.0010204901712358317,1.321651798097457e-16,-0.20010920610142519,0.0,-3.269071863927159e-15,0.2,0.0010204901712358317,-3.1369066841174135e-15,-0.0001092061014251744,40.780853014226466,40.78064703829987,40.78064703829987,40.780853014226466,-0.4529139727272507,4.533780760224065e-15,-3.0,-0.4303173512494952,4.352689213417077e-15,-2.9999999999999956,0.10674402694330898
9.200000000000001,HOVER,True,0.09050925591909878,1.157118271481448e-14,0.5035105820212695,-0.20311123812298837,-1.0109488804757495e-14,-0.00398311087798613,-8.669779125964026e-16,0.10695619773479986,-6.502505255386912e-15,0.0,0.0,0.5,0.001089226724436349,8.041849005075652e-16,-0.20021077737898646,0.0,-3.8535249529461575e-15,0.2,0.001089226724436349,-3.0493400524385923e-15,-0.00021077737898644866,40.79149121822382,40.79109366657261,40.79109366657261,40.79149121822382,-0.4641675050481611,4.614931422553764e-15,-3.0,-0.44165333258171646,4.4415888732623704e-15,-2.9999999999999956,0.09057731279496525
9.28,HOVER,True,0.07417882280664212,1.0779978747283821e-14,0.5031686594050495,-0.20419084741631915,-9.760012508923252e-15,-0.004389984257160782,-1.2183139135123461e-15,0.11091212890577626,-5.447700217564129e-15,0.0,0.0,0.5,0.0011585889198810202,1.4145155522453569e-15,-0.20030281425283933,0.0,-4.759793749097868e-15,0.2,0.0011585889198810202,-3.3452781968525114e-15,-0.0003028142528393174,40.802216388100824,40.80164524376452,40.80164524376452,40.802216388100824,-0.47536519698716717,4.692345525490646e-15,-3.0,-0.4529447411570137,4.526603759624093e-15,-2.9999999999999956,0.07424646897600193
9.36,HOVER,True,0.05793660271646793,1.0039457211525391e-14,0.5027984167473293,-0.20217703023771116,-8.970221322716105e-15,-0.004720884873726128,-1.973281116962704e-15,0.11464714467790062,-4.223888134865393e-15,0.0,0.0,0.5,0.001227469167218585,3.838741478208797e-15,-0.200384485088921,0.0,-6.020479467048322e-15,0.2,0.001227469167218585,-2.181737988839525e-15,-0.0003844850889209994,40.812857863755475,40.81213267833613,40.81213267833613,40.812857863755475,-0.48650183066883296,4.765721687122614e-15,-3.0,-0.4641860095124362,4.6077773167168995e-15,-2.9999999999999956,0.05800414701224019
9.44,HOVER,True,0.04201789253391462,9.404149277291884e-15,0.5024061262430047,-0.19729111122731716,-7.39045257925133e-15,-0.00497242888146986,-3.0519191827920677e-15,0.11811816337711789,-2.929286892686561e-15,0.0,0.0,0.5,0.0012947264059723664,6.375673895806628e-15,-0.20045516450186326,0.0,-7.615170931358695e-15,0.2,0.0012947264059723664,-1.2394970355520664e-15,-0.0004551645018632533,40.82324004613595,40.8223815507881,40.8223815507881,40.82324004613595,-0.49757237763622914,4.835048330169903e-15,-3.0,-0.47537174877349175,4.6849683629943886e-15,-2.9999999999999956,0.04208672874539995
9.52,HOVER,True,0.026638559931667964,8.947448736433026e-15,0.5019982833883095,-0.18978453674410398,-4.8794651876030584e-15,-0.005142111513426757,-4.099614094154687e-15,0.1212888110185688,-1.461813604762239e-15,0.0,0.0,0.5,0.0013592235879820959,9.259485106216097e-15,-0.20051443289447993,0.0,-9.575891697124952e-15,0.2,0.0013592235879820959,-3.164065909088551e-16,-0.0005144328944799159,40.83318814564709,40.83221786293637,40.83221786293637,40.83318814564709,-0.5085720078659454,4.9019865278449665e-15,-3.0,-0.48649675489131794,4.758512927959929e-15,-2.9999999999999956,0.026713405094316595
9.6,HOVER,True,0.011992945431959594,8.744828868578891e-15,0.5015815219378285,-0.17993329370977806,-1.4024072223789453e-15,-0.005228565391518326,-5.338662418159246e-15,0.12412957739118055,3.5412193806532063e-17,0.0,0.0,0.5,0.001419866299490552,1.3056663629247071e-14,-0.20056207287659486,0.0,-1.1850701953184995e-14,0.2,0.001419866299490552,1.2059616760620758e-15,-0.0005620728765948491,40.84253410240608,40.84147396492231,40.84147396492231,40.84253410240608,-0.5194960993067639,4.967477270059963e-15,-3.0,-0.49755601609190125,4.829151192191081e-15,-2.9999999999999956,0.012096774436757642
9.68,HOVER,True,-0.0017477845652571237,8.88068366603972e-15,0.501162510708706,-0.16803225874008948,3.1538840114283904e-15,-0.005231771981975945,-6.598304233344578e-15,0.12661785688738064,1.569513932999196e-15,0.0,0.0,0.5,0.0014756401912015375,1.7581984221147665e-14,-0.20059806255338564,0.0,-1.440884969431147e-14,0.2,0.0014756401912015375,3.173134526836194e-15,-0.0005980625533856254,40.85112232071934,40.84999430234862,40.84999430234862,40.85112232071934,-0.5303402474298485,5.032683584095784e-15,-3.0,-0.5085447211541666,4.8976790970256786e-15,-2.9999999999999956,0.002099090763737274
9.76,HOVER,True,-0.014436833030655547,9.44057859095316e-15,0.5007478368283368,-0.1543895635323222,8.757691955543782e-15,-0.005153211622384718,-7.666559086381348e-15,0.12873787885546623,2.936336361134577e-15,0.0,0.0,0.5,0.0015256451144228795,2.0927387977613386e-14,-0.20062256575505097,0.0,-1.7204862909728694e-14,0.2,0.0015256451144228795,3.722525067884692e-15,-0.0006225657550509578,40.858814895473294,40.85764066109814,40.85764066109814,40.858814895473294,-0.5411002742666232,5.0992749140109905e-15,-3.0,-0.5194582680800823,4.9651755290039605e-15,-2.9999999999999956,0.014456189258474857
9.84,HOVER,True,-0.025952521881871683,1.0499425213372365e-14,0.5003438809096478,-0.13932106111473652,1.525088086452503e-14,-0.004995942551658078,-8.40936419535545e-15,0.13048053393930747,4.133369287997653e-15,0.0,0.0,0.5,0.0015691241955566484,2.1624592221230286e-14,-0.20063591937930342,0.0,-2.0013530518945438e-14,0.2,0.0015691241955566484,1.6110617022848475e-15,-0.0006359193793034068,40.865496059475234,40.86429663854829,40.86429663854829,40.865496059475234,-0.5517722364317668,5.1685943928407795e-15,-3.0,-0.5302922726900583,5.032893771636594e-15,-2.9999999999999956,0.02595480005912295
9.92,HOVER,True,-0.03619860856600433,1.2099499393953517e-14,0.4999566901136791,-0.12314497485575276,2.2001415358074812e-14,-0.0047646045524949955,-7.738277845346853e-15,0.13184310447509506,5.944347286113567e-15,0.0,0.0,0.5,0.0016054864930234378,2.0965514072467664e-14,-0.20063861812363484,0.0,-2.3108334452603715e-14,0.2,0.0016054864930234378,-2.1428203801360512e-15,-0.0006386181236348321,40.871075644043245,40.86987113295781,40.86987113295781,40.871075644043245,-0.5623524316816157,5.2443599224623385e-15,-3.0,-0.5410425766741755,5.102608337881305e-15,-2.9999999999999956,0.03619863447508835
10.0,HOVER,True,-0.04510418864738094,1.421580356759582e-14,0.49959185512651105,-0.10617680780480407,2.830880112019359e-14,-0.0044653478507084956,-7.058986111951568e-15,0.1328289084724348,7.759822927811405e-15,0.0,0.0,0.5,0.0016343223403177745,2.2819932417075283e-14,-0.2006312969858599,0.0,-2.663336128361485e-14,0.2,0.0016343223403177745,-3.813428866539568e-15,-0.0006312969858598971,40.875491415732604,40.87430071319924,40.87430071319924,40.875491415732604,-0.5728374036384392,5.326473277906271e-15,-3.0,-0.5517052546550472,5.176179151746412e-15,-2.9999999999999956,0.04510603524780562
10.08,HOVER,True,-0.05262320927591942,1.6815669233047294e-14,0.49925439676457856,-0.08872458383999277,3.4278576952286074e-14,-0.004105692517902742,-6.9142933653778896e-15,0.13344686795085905,9.64974226775015e-15,0.0,0.0,0.5,0.00165541095523518,2.75385747888059e-14,-0.20061471199615108,0.0,-3.0460772194555904e-14,0.2,0.00165541095523518,-2.9221974057500045e-15,-0.0006147119961510683,40.87871022522422,40.87755080398904,40.87755080398904,40.87871022522422,-0.5832239444117534,5.413784315245404e-15,-3.0,-0.5622766198695672,5.2542812970757285e-15,-2.9999999999999956,0.05262849113058328
10.16,HOVER,True,-0.05873362369992934,1.9899015394885884e-14,0.49894866727794873,-0.0710844842241428,4.0403237345444034e-14,-0.003694327544335466,-7.114288795451008e-15,0.13371101337686725,1.1673288967467279e-14,0.0,0.0,0.5,0.0016687203578591562,3.0975071743120095e-14,-0.2005897197059693,0.0,-3.4700760772546525e-14,0.2,0.0016687203578591562,-3.7256890294264305e-15,-0.0005897197059692993,40.88072797540278,40.87961569265217,40.87961569265217,40.88072797540278,-0.5935090949607329,5.506631513664664e-15,-3.0,-0.5727532281504499,5.337139161854482e-15,-2.9999999999999956,0.058743032381869405
10.24,HOVER,True,-0.063436221553166,2.3487920306962693e-14,0.49867827051087416,-0.05353693366898071,4.679938538865685e-14,-0.0032408617963200583,-7.357754258379033e-15,0.13363993660730727,1.3421912490686895e-14,0.0,0.0,0.5,0.0016744000609565486,3.6075036507255536e-14,-0.20055725599089266,0.0,-3.918585517442141e-14,0.2,0.0016744000609565486,-3.1108186671658734e-15,-0.0005572559908926522,40.88156848026157,40.88051742800731,40.88051742800731,40.88156848026157,-0.6036901431577996,5.6075724576106445e-15,-3.0,-0.5831318799782806,5.4256665199962445e-15,-2.9999999999999956,0.06344998954913064
10.32,HOVER,True,-0.06675317337450197,2.7610439110703595e-14,0.4984460039800998,-0.036343179167071984,5.3640394277796154e-14,-0.002755541123517658,-8.210355124609855e-15,0.13325620506899985,1.5424369719649766e-14,0.0,0.0,0.5,0.0016727673528481972,4.343655885508137e-14,-0.20051831472515178,0.0,-4.3913975144054404e-14,0.2,0.0016727673528481972,-4.774162889730337e-16,-0.0005183147251517639,40.881281340937036,40.880303736623766,40.880303736623766,40.881281340937036,-0.6137646196239277,5.717032839737085e-15,-3.0,-0.5934096204737946,5.520954201288496e-15,-2.9999999999999956,0.06677125923027201
10.4,HOVER,True,-0.06872633062456415,3.232713234681046e-14,0.4982538247269081,-0.019742393075077934,6.135079034160577e-14,-0.002248946888130269,-9.287221789199162e-15,0.13258574988807767,1.7600226382151967e-14,0.0,0.0,0.5,0.0016642882677100875,4.9966846441131574e-14,-0.20047392685624055,0.0,-4.900225218934498e-14,0.2,0.0016642882677100875,9.645942517865942e-16,-0.0004739268562405363,40.879939007309396,40.879045123890016,40.879045123890016,40.879939007309396,-0.6237302915035449,5.83630324239228e-15,-3.0,-0.6035837373007183,5.623901967940728e-15,-2.9999999999999956,0.06874851015986647
10.48,HOVER,True,-0.06941532429841661,3.7715827959039214e-14,0.4981028395713165,-0.0039493196932350195,7.005837940193597e-14,-0.0017316911758872475,-1.0503568498168272e-14,0.13165724034216797,2.009897773793722e-14,0.0,0.0,0.5,0.001649554521672586,5.806951113959143e-14,-0.20042514035239772,0.0,-5.4601972582143294e-14,0.2,0.001649554521672586,3.467538557448134e-15,-0.00042514035239771264,40.877633221683865,40.876831355516316,40.876831355516316,40.877633221683865,-0.6335851544253545,5.967645667451501e-15,-3.0,-0.6136517565446977,5.73589058894197e-15,-2.9999999999999956,0.06944124469756076
10.56,HOVER,True,-0.06889550608773541,4.3862396583249056e-14,0.49799331922276935,0.010847527616938728,7.985767004753661e-14,-0.001214123013423134,-1.158975377320146e-14,0.13050145637882196,2.2504699334743537e-14,0.0,0.0,0.5,0.0016292577826018402,6.508394805831849e-14,-0.2003730014217705,0.0,-6.068463825610404e-14,0.2,0.0016292577826018402,4.399309802214443e-15,-0.00037300142177049134,40.874471054726605,40.8737675288936,40.8737675288936,40.874471054726605,-0.6433274229513771,6.1129914413661956e-15,-3.0,-0.6236114367174583,5.8584989107810546e-15,-2.9999999999999956,0.06892472362532108
10.64,HOVER,True,-0.06725577594978922,5.08412642761303e-14,0.49792473464688686,0.024487123424636083,9.046774622211931e-14,-0.0007060582077096898,-1.2130358172419753e-14,0.12915067007098352,2.5064416641734663e-14,0.0,0.0,0.5,0.0016041626413379302,7.053250978342505e-14,-0.2003185373154285,0.0,-6.721549521553364e-14,0.2,0.0016041626413379302,3.317014567891411e-15,-0.0003185373154284965,40.87057074373129,40.86996994379569,40.86996994379569,40.87057074373129,-0.6529555198486907,6.275202483696003e-15,-3.0,-0.6334607611028151,5.993715382064925e-15,-2.9999999999999956,0.06728778585221896
10.72,HOVER,True,-0.06459633895884874,5.869116557635801e-14,0.49789581320376164,0.03683665673844108,1.0139062251197166e-13,-0.00021654313121838048,-1.1592147120750814e-14,0.12763804582125401,2.7742086491731536e-14,0.0,0.0,0.5,0.0015750795727363421,7.268498958599128e-14,-0.20026274093649485,0.0,-7.419874769956373e-14,0.2,0.0015750795727363421,-1.5137581135724465e-15,-0.00026274093649483743,40.8660575310251,40.86556196981427,40.86556196981427,40.8660575310251,-0.6624680645275367,6.456762792020798e-15,-3.0,-0.6431979287096189,6.14371205478516e-15,-2.9999999999999956,0.06463060118055489
10.8,HOVER,True,-0.061026432541953016,6.738917882353729e-14,0.497904611394888,0.04779175193769042,1.1177590557126909e-13,0.0002463398885392228,-1.0503634799328212e-14,0.12599706793964063,3.0889590840320454e-14,0.0,0.0,0.5,0.001542839030680877,7.783680717784618e-14,-0.20020655739144833,0.0,-8.185164340071064e-14,0.2,0.001542839030680877,-4.014836222864465e-15,-0.0002065573914483143,40.861059678128214,40.86067008588432,40.86067008588432,40.861059678128214,-0.6718638609782293,6.659567695940009e-15,-3.0,-0.6528213441252011,6.310835154224498e-15,-2.9999999999999956,0.06106239531990188
10.88,HOVER,True,-0.05666206274937725,7.688493744022677e-14,0.4979486006009856,0.057276217046643735,1.216422892221307e-13,0.0006756207423417398,-1.0274341818247838e-14,0.12426100296062888,3.4195690992504845e-14,0.0,0.0,0.5,0.0015082676295899897,8.691365486510733e-14,-0.20015087254111621,0.0,-9.028096890537836e-14,0.2,0.0015082676295899897,-3.3673140402710273e-15,-0.00015087254111620374,40.85570480181355,40.855420237937984,40.855420237937984,40.85570480181355,-0.6811418855114786,6.881402426150093e-15,-3.0,-0.6623296065720211,6.4962080588665365e-15,-2.9999999999999956,0.05669918513090502
10.96,HOVER,True,-0.05162378520669454,8.717364360182691e-14,0.49802476196339857,0.0652413586841391,1.3163362130401393e-13,0.0010655412320222032,-1.0637559398359389e-14,0.12246240278659178,3.767961465222712e-14,0.0,0.0,0.5,0.0014721671440890136,9.651076418015932e-14,-0.2000965035440167,0.0,-9.947798404421605e-14,0.2,0.0014721671440890136,-2.9672198640567308e-15,-9.650354401669059e-05,40.85011664427932,40.84993462691362,40.84993462691362,40.85011664427932,-0.6903012745669058,7.12240604981807e-15,-3.0,-0.6717214984621516,6.7000379864742046e-15,-2.9999999999999956,0.05166155983289869
11.040000000000001,HOVER,True,-0.04603456296965937,9.829434374031319e-14,0.4981296865448083,0.07166490781624388,1.4228993723635169e-13,0.0014116068229360888,-1.183440212337865e-14,0.12063265348778979,4.094094251875758e-14,0.0,0.0,0.5,0.0014352968261126336,1.0762651992288716e-13,-0.200044191333972,0.0,-1.0923663224580796e-13,0.2,0.0014352968261126336,-1.6101123229208025e-15,-4.4191333971987934e-05,40.84441235395423,40.84432900374904,40.84432900374904,40.84441235395423,-0.6993413128074277,7.383621165881296e-15,-3.0,-0.6809959737220267,6.9228765162566515e-15,-2.9999999999999956,0.04607254128250583
11.120000000000001,HOVER,True,-0.04001772978131822,1.1032491355883473e-13,0.4982596770765541,0.07654960368535625,1.5396749164824879e-13,0.0017105932420030047,-1.3055670543356269e-14,0.11880157338738634,4.390141688375244e-14,0.0,0.0,0.5,0.001398359310595446,1.1906544609542858e-13,-0.19999459493751365,0.0,-1.1932755650933403e-13,0.2,0.001398359310595446,-2.6211041390544894e-16,5.405062486363299e-06,40.838700318434434,40.83871051303657,40.83871051303657,40.838700318434434,-0.7082614216673601,7.66772471114168e-15,-3.0,-0.6901521461272851,7.165747025156056e-15,-2.9999999999999956,0.04005555418076842
11.200000000000001,HOVER,True,-0.03369508332959503,1.2334872028518334e-13,0.4984108479274977,0.07992148511910596,1.6670707013913594e-13,0.0019605125237236167,-1.4375400606291095e-14,0.11699706293602552,4.66599748817375e-14,0.0,0.0,0.5,0.0013619901702256539,1.310612565781969e-13,-0.19994828751371807,0.0,-1.29441623526121e-13,0.2,0.0013619901702256539,1.619633052075908e-15,5.1712486281940695e-05,40.83307855871728,40.83317609472617,40.83317609472617,40.83307855871728,-0.7170611484733862,7.97611607553117e-15,-3.0,-0.6991892778483915,7.4301151044918e-15,-2.9999999999999956,0.03373253688796459
11.28,HOVER,True,-0.027185129126826954,1.3744889564365692e-13,0.4985792203757074,0.08182793901059371,1.8045270181604545e-13,0.0021605444441443406,-1.5499295838479345e-14,0.11524480784812972,4.9648272000386545e-14,0.0,0.0,0.5,0.0013267509964418871,1.4245875347572263e-13,-0.1999057539872835,0.0,-1.3977369950948428e-13,0.2,0.0013267509964418871,2.6850539662383497e-15,9.424601271651456e-05,40.827633665772346,40.82781142516074,40.82781142516074,40.827633665772346,-0.7257401562130537,8.310323870194094e-15,-3.0,-0.7081067683657761,7.717420895584436e-15,-2.9999999999999956,0.02722223099569652
11.36,HOVER,True,-0.02060149166886041,1.5269912843545448e-13,0.4987608107900703,0.08233555530225234,1.9508851563292686e-13,0.0023109401297709197,-1.6495952555660784e-14,0.1135680360371835,5.2791552936837485e-14,0.0,0.0,0.5,0.0012931257345590093,1.54393005290038e-13,-0.19986739014151003,0.0,-1.5046230727580356e-13,0.2,0.0012931257345590093,3.930698014234436e-15,0.0001326098584899793,40.822440237588786,40.822690355834226,40.822690355834226,40.822440237588786,-0.7342982139872936,8.671215694274143e-15,-3.0,-0.7169041438716812,8.028991286516255e-15,-2.9999999999999956,0.02063872692004357
11.44,HOVER,True,-0.014051505653146125,1.6916179721397008e-13,0.4989517098960087,0.08152783649486796,2.104247100134325e-13,0.0024129050058114077,-1.6996597601044007e-14,0.11198732805050156,5.5885880079477306e-14,0.0,0.0,0.5,0.0012615198890476033,1.6549004143251807e-13,-0.1998335030401185,0.0,-1.6153916102628763e-13,0.2,0.0012615198890476033,3.95088040623044e-15,0.00016649695988152358,40.81756075768347,40.81787479110414,40.81787479110414,40.81756075768347,-0.7427351881527927,9.060142296789294e-15,-3.0,-0.7255810472373605,8.366036657813534e-15,-2.9999999999999956,0.014090554398692895
11.52,HOVER,True,-0.007634996300549036,1.868699258203251e-13,0.4991481518726636,0.07950280772376439,2.2604743387095601e-13,0.0024684682023909566,-1.7053139920807096e-14,0.11052047996121038,5.897714973581658e-14,0.0,0.0,0.5,0.001232262141151357,1.7577360389155576e-13,-0.19980431265094606,0.0,-1.7291335702396778e-13,0.2,0.001232262141151357,2.86024686758798e-15,0.00019568734905395235,40.81304584473308,40.8134149347612,40.8134149347612,40.81304584473308,-0.7510510341372575,9.478137001394422e-15,-3.0,-0.7341372285906017,8.72983248498846e-15,-2.9999999999999956,0.00768237032050942
11.6,HOVER,True,-0.0014432542785921614,2.0582663050268974e-13,0.49934657257788845,0.07637057095790756,2.416067956239799e-13,0.002480345133192577,-1.66383004598432e-14,0.10918241702136686,6.21187640305542e-14,0.0,0.0,0.5,0.0012056078834295975,1.854488295084706e-13,-0.19977995455065445,0.0,-1.846034117367376e-13,0.2,0.0012056078834295975,8.454177717329829e-16,0.0002200454493455628,40.80893479723254,40.80934982958636,40.80934982958636,40.80893479723254,-0.7592457888953419,9.925659115764143e-15,-3.0,-0.7425725365208125,9.121377291859897e-15,-2.9999999999999956,0.001584282269244319
11.68,HOVER,True,0.004441792602574914,2.2600535646041834e-13,0.499543656697681,0.07225084401870795,2.5670718248941747e-13,0.002451799273868404,-1.5634947808345146e-14,0.10798515580815658,6.53854407118593e-14,0.0,0.0,0.5,0.0011817441708589368,1.9408358454360564e-13,-0.19976048359429624,0.0,-1.967237413888678e-13,0.2,0.0011817441708589368,-2.640156845262162e-15,0.0002395164057037713,40.805256356327085,40.80570811326154,40.80570811326154,40.805256356327085,-0.7673195639644523,1.0403454506703408e-14,-3.0,-0.7508869099075841,9.54152273987215e-15,-2.9999999999999956,0.004465173091142226
11.76,HOVER,True,0.009948211832460807,2.4734757736335605e-13,0.49973637405010124,0.06727052199169822,2.709963903121037e-13,0.0023865082775524427,-1.4620306214389035e-14,0.10693781209979737,6.856094999383176e-14,0.0,0.0,0.5,0.001160795610924298,2.0495158227314164e-13,-0.1997458784378358,0.0,-2.0917465522084413e-13,0.2,0.001160795610924298,-4.223072947702487e-15,0.0002541215621642001,40.80202961346546,40.80250891749292,40.80250891749292,40.80202961346546,-0.7752725390766367,1.0911241768002183e-14,-3.0,-0.7590803703535868,9.990926024704856e-15,-2.9999999999999956,0.009951704241232918
11.84,HOVER,True,0.015014506513441467,2.6979664505291347e-13,0.4999220056285021,0.0615612952982065,2.8470642767762425e-13,0.002288438550983282,-1.4362259820789778e-14,0.10604665129312428,7.18067275398484e-14,0.0,0.0,0.5,0.0011428307599829126,2.183990840369412e-13,-0.19973604680371082,0.0,-2.2199428393765243e-13,0.2,0.0011428307599829126,-3.595199900711226e-15,0.00026395319628919056,40.799264996403004,40.79976284408255,40.79976284408255,40.799264996403004,-0.783104956284007,1.1447130990010847e-14,-3.0,-0.7671530151932624,1.0469442761337418e-14,-2.9999999999999956,0.015014709086897475
11.92,HOVER,True,0.019589869827657057,2.9333508787451095e-13,0.5000981602392897,0.05525735526720103,2.983108895304092e-13,0.002161731350524755,-1.4267812749024687e-14,0.10531517781781245,7.542825327963801e-14,0.0,0.0,0.5,0.0011278686541028634,2.31110972618647e-13,-0.19973083138071432,0.0,-2.353091442008786e-13,0.2,0.0011278686541028634,-4.198171582231607e-15,0.00026916861928569236,40.79696527642811,40.79747296102675,40.79747296102675,40.79696527642811,-0.7908171145593385,1.2011568213115596e-14,-3.0,-0.7751050110442371,1.09766731000077e-14,-2.9999999999999956,0.019590115755072142
12.0,HOVER,True,0.0236342622118175,3.1796391722051516e-13,0.5002627827751178,0.04849321454517093,3.119747873249008e-13,0.0020106024080128702,-1.4454406123235393e-14,0.10474425970967319,7.938199651043233e-14,0.0,0.0,0.5,0.0011158851735683763,2.45652169582736e-13,-0.19973001624920383,0.0,-2.4943132221917356e-13,0.2,0.0011158851735683763,-3.779152636437541e-15,0.00026998375079617665,40.79512655057257,40.795635772607916,40.795635772607916,40.79512655057257,-0.7984093648394253,1.2605812151254959e-14,-3.0,-0.7829365878676551,1.1512887789198114e-14,-2.9999999999999956,0.023635723070890877
12.08,HOVER,True,0.02711832178292465,3.437033139179755e-13,0.5004141552697002,0.041401666138821534,3.2599328577395294e-13,0.0018392561158978278,-1.5151636638979122e-14,0.10433228427590026,8.34872862137735e-14,0.0,0.0,0.5,0.0011068190157260903,2.6219983169207557e-13,-0.19973333372233443,0.0,-2.643486249501598e-13,0.2,0.0011068190157260903,-2.1487932580842183e-15,0.0002666662776655837,40.793739164144036,40.79424212902347,40.79424212902347,40.793739164144036,-0.8058821054854037,1.3230257089464897e-14,-3.0,-0.790648033505674,1.2078503364666936e-14,-2.9999999999999956,0.027121484120705232
12.16,HOVER,True,0.030023120262384597,3.706059473996659e-13,0.5005508919132653,0.034111901329760906,3.4078864347149553e-13,0.0016518144321128181,-1.591049797278331e-14,0.1040753406174373,8.799191341920297e-14,0.0,0.0,0.5,0.0011005771257897442,2.7661868697721023e-13,-0.19974047149353613,0.0,-2.8022890339935354e-13,0.2,0.0011005771257897442,-3.610216422143309e-15,0.0002595285064638797,40.792788550412034,40.793278052590956,40.793278052590956,40.792788550412034,-0.8132357781407523,1.388606826101794e-14,-3.0,-0.7982396886681821,1.26739944192552e-14,-2.9999999999999956,0.03002817397361534
12.24,HOVER,True,0.03233977806655846,3.9873213558800476e-13,0.5006719291787564,0.02674780315763137,3.562818226157985e-13,0.001452259937337952,-1.6657687401662182e-14,0.10396742466703654,9.268098215057667e-14,0.0,0.0,0.5,0.0010970395053981603,2.9377022804230713e-13,-0.19975107998105776,0.0,-2.9716645207114707e-13,0.2,0.0010970395053981603,-3.3962240288399357e-15,0.00024892001894225024,40.792255975043176,40.79272546833049,40.79272546833049,40.792255975043176,-0.820470863973426,1.4576012396526514e-14,-3.0,-0.8057119423454966,1.3300658358187067e-14,-2.9999999999999956,0.03234675770792986
12.32,HOVER,True,0.03406895337139469,4.281437312600778e-13,0.5007765121351969,0.019426428687472526,3.7262554792611755e-13,0.0012443921403847565,-1.7769304281118373e-14,0.10400066145235065,9.748863605503966e-14,0.0,0.0,0.5,0.0010960633561823154,3.1219263784938133e-13,-0.19976475474210242,0.0,-3.149919335954209e-13,0.2,0.0010960633561823154,-2.7992957460395715e-15,0.0002352452578975872,40.792119155033106,40.79256285606577,40.79256285606577,40.792119155033106,-0.8275878802926743,1.5300507863104393e-14,-3.0,-0.8130652276286235,1.3959723559436277e-14,-2.9999999999999956,0.03407780149772537
12.4,HOVER,True,0.03522022058805835,4.589261454899921e-13,0.5008641778566665,0.012256684399975935,3.901435979394646e-13,0.001031793920635874,-1.920320960142847e-14,0.1041655345778812,1.0246692436052276e-13,0.0,0.0,0.5,0.001097486761457604,3.309548678340044e-13,-0.1997811417171616,0.0,-3.337656699235632e-13,0.2,0.001097486761457604,-2.81080208955877e-15,0.0002188582828384078,40.79235292263493,40.792765715848994,40.792765715848994,40.79235292263493,-0.8345873775121416,1.6060695004624076e-14,-3.0,-0.8203000179172981,1.4652259261396015e-14,-2.9999999999999956,0.035230820904989454
12.48,HOVER,True,0.0358113550046226,4.911863808189614e-13,0.5009347369886533,0.005338225054589457,4.090427470223568e-13,0.000817811560130006,-2.080843351658863e-14,0.10445117707271502,1.0746302946565422e-13,0.0,0.0,0.5,0.001101131401044178,3.506211157190105e-13,-0.19979983137939172,0.0,-3.53362832579639e-13,0.2,0.001101131401044178,-2.741716860628482e-15,0.00020016862060828755,40.79292954191922,40.79330708416795,40.79330708416795,40.79292954191922,-0.8414699366010426,1.685872090860861e-14,-3.0,-0.8274168235321149,1.537961247712098e-14,-2.9999999999999956,0.035823552036405665
12.56,HOVER,True,0.035867540803878765,5.250372001352485e-13,0.5009882535096926,-0.0012394553086818535,4.2932927047583554e-13,0.0006055350217148796,-2.216713236585465e-14,0.10484554372946012,1.1254509687926212e-13,0.0,0.0,0.5,0.0011068056821021523,3.696858802758391e-13,-0.1998203464932128,0.0,-3.7372872675859975e-13,0.2,0.0011068056821021523,-4.042846482760666e-15,0.00017965350678719738,40.793819177419046,40.79415802567978,40.79415802567978,40.793819177419046,-0.8482361666641288,1.7697229849442712e-14,-3.0,-0.8344161886860019,1.6143541997216196e-14,-2.9999999999999956,0.035881152828711176
12.64,HOVER,True,0.03542051672304762,5.605811129328252e-13,0.5010250240996109,-0.007397735001862755,4.50858914131863e-13,0.00039779404185484574,-2.3560375316132308e-14,0.10533571929090256,1.1767078631577528e-13,0.0,0.0,0.5,0.001114306467367702,3.9153055759963515e-13,-0.19984227447100866,0.0,-3.947623902644399e-13,0.2,0.001114306467367702,-3.2318326648047662e-15,0.00015772552899134817,40.79499028401726,40.7952877734575,40.7952877734575,40.79499028401726,-0.8548867030543016,1.8578185761409284e-14,-3.0,-0.8412986888045796,1.6946057731304225e-14,-2.9999999999999956,0.03543534505733618
12.72,HOVER,True,0.03450767771682303,5.97923768682224e-13,0.5010455568876102,-0.013069350711393382,4.737984075706608e-13,0.00019715133959093226,-2.5408791824701768e-14,0.10590816158504046,1.2270456711159233e-13,0.0,0.0,0.5,0.0011234213663637385,4.143298871114512e-13,-0.19986520213423972,0.0,-4.16410531377864e-13,0.2,0.0011234213663637385,-2.08064426641283e-15,0.00013479786576028885,40.79640989683494,40.79666414192695,40.79666414192695,40.79640989683494,-0.8614222058206445,1.9502168395732338e-14,-3.0,-0.8480649282382992,1.7788798527510695e-14,-2.9999999999999956,0.034523513879866775
12.8,HOVER,True,0.03317114877083755,6.371935447518694e-13,0.5010505499627705,-0.018198687646745735,4.983872581040124e-13,5.900675786066747e-06,-2.7337315431346847e-14,0.10654894119955372,1.2754674177535434e-13,0.0,0.0,0.5,0.0011339307359384708,4.382251030973648e-13,-0.1998887215952903,0.0,-4.38371936446602e-13,0.2,0.0011339307359384708,-1.4683334923716702e-16,0.00011127840470970263,40.79804394360941,40.79825382815087,40.79825382815087,40.79804394360941,-0.867843358456042,2.0471233326473827e-14,-3.0,-0.8547155383266991,1.8673267510145117e-14,-2.9999999999999956,0.03318778037171686
12.88,HOVER,True,0.031456846135396795,6.78523266217637e-13,0.5010408698562492,-0.022741880597750334,5.246267088465184e-13,-0.00017393301060672907,-2.91645623851845e-14,0.10724397501063782,1.3243532581521966e-13,0.0,0.0,0.5,0.0011456096435169547,4.625237284344769e-13,-0.1999124390606527,0.0,-4.606578188593022e-13,0.2,0.0011456096435169547,1.865909575174712e-15,8.756093934730869e-05,40.79985755410837,40.80002270463916,40.80002270463916,40.79985755410837,-0.8741508669673393,2.148779956849926e-14,-3.0,-0.861251175801438,1.9601321942368506e-14,-2.9999999999999956,0.03147406200101405
12.96,HOVER,True,0.029413540672219945,7.220399879338431e-13,0.501017530088004,-0.026666734053027056,5.524290037511415e-13,-0.00034059261089560984,-3.095202130007131e-14,0.10797924892133187,1.3727375916216632e-13,0.0,0.0,0.5,0.001158229903956134,4.869921367375944e-13,-0.19993598191113193,0.0,-4.832804067928081e-13,0.2,0.001158229903956134,3.7117299447863205e-15,6.401808886807858e-05,40.801815379208044,40.801936125072984,40.801936125072984,40.801815379208044,-0.8803454592539035,2.2553871328267565e-14,-3.0,-0.8676725215192214,2.0574970232480874e-14,-2.9999999999999956,0.02943113559406654
13.040000000000001,HOVER,True,0.027091937171011594,7.678617827014706e-13,0.5009816698094618,-0.029952472768226227,5.816206856190413e-13,-0.000492587601673472,-3.210033609944755e-14,0.10874102599320759,1.4166765677927304e-13,0.0,0.0,0.5,0.0011715622463548238,5.101669773080113e-13,-0.1999590036567746,0.0,-5.059687602056841e-13,0.2,0.0011715622463548238,4.198217102327209e-15,4.0996343225407905e-05,40.80388192789878,40.80395925196467,40.80395925196467,40.80388192789878,-0.8864278847675588,2.367202969734097e-14,-3.0,-0.8739802795103147,2.159625541904188e-14,-2.9999999999999956,0.02710971662140437
13.120000000000001,HOVER,True,0.024543782436786666,8.16068278629169e-13,0.5009345325491057,-0.03258933664729137,6.116272021408335e-13,-0.000628692746362387,-3.259220991664454e-14,0.10951603734374256,1.4578016584242433e-13,0.0,0.0,0.5,0.0011853786294913416,5.329124680229737e-13,-0.19998118753281013,0.0,-5.284363254580668e-13,0.2,0.0011853786294913416,4.476142564906851e-15,1.8812467189877058e-05,40.80602192580473,40.80605740839508,40.80605740839508,40.80602192580473,-0.8923989144224019,2.484461953375221e-14,-3.0,-0.8801751763222687,2.266750499631383e-14,-2.9999999999999956,0.02456156768998379
13.200000000000001,HOVER,True,0.021821013743386356,8.666949497828265e-13,0.5008774450674541,-0.03457803544110154,6.419175582043264e-13,-0.0007479466782511338,-3.229721907612525e-14,0.11029165398516531,1.4959253404428572e-13,0.0,0.0,0.5,0.0011994546973226215,5.536430438369767e-13,-0.20000224931401944,0.0,-5.505724639587121e-13,0.2,0.0011994546973226215,3.070579878264679e-15,-2.249314019431292e-06,40.80820069444825,40.808196451969735,40.808196451969735,40.80820069444825,-0.8982593407201278,2.607293171748173e-14,-3.0,-0.8862579606335103,2.379072969353934e-14,-2.9999999999999956,0.021838648095416892
13.280000000000001,HOVER,True,0.018974957943528794,9.197290092267564e-13,0.5008117963440967,-0.03592907987723938,6.718772207325784e-13,-0.0008496501103195761,-3.168570092350391e-14,0.11105603825649789,1.5351969301462716e-13,0.0,0.0,0.5,0.0012135723437715661,5.758453910226248e-13,-0.20002193954586917,0.0,-5.724602552951145e-13,0.2,0.0012135723437715661,3.3851357275102434e-15,-2.193954586915403e-05,40.81038454672632,40.810343166087044,40.810343166087044,40.81038454672632,-0.9040099780534971,2.7357703510420284e-14,-3.0,-0.8922294031072708,2.4967650967302754e-14,-2.9999999999999956,0.018992315347607706
13.36,HOVER,True,0.016055590150798743,9.751339458087564e-13,0.5007390167479387,-0.03666200662162923,7.013611921730738e-13,-0.0009333632781944126,-3.084365496863841e-14,0.111798273850543,1.5742254025329223e-13,0.0,0.0,0.5,0.0012275223369160495,5.979343819912268e-13,-0.20004004519350108,0.0,-5.943855320401152e-13,0.2,0.0012275223369160495,3.5488499511115887e-15,-4.0045193501064835e-05,40.812541190948565,40.812465660866174,40.812465660866174,40.812541190948565,-0.9096516631476879,2.869858521077644e-14,-3.0,-0.8980902964526163,2.6199193675739108e-14,-2.9999999999999956,0.016072589114519153
13.44,HOVER,True,0.013110859485395704,1.0328611691775926e-12,0.5006605574785103,-0.03680451500661017,7.301649476151863e-13,-0.0009989021359436343,-2.970625354996504e-14,0.11250847377562424,1.6100331937629916e-13,0.0,0.0,0.5,0.001241106937401083,6.197733568754326e-13,-0.20005639067205658,0.0,-6.161833708037694e-13,0.2,0.001241106937401083,3.5899860716631315e-15,-5.639067205656656e-05,40.814640133405895,40.814533773772354,40.814533773772354,40.814640133405895,-0.9151852555971017,3.0096450578453496e-14,-3.0,-0.9038414556560872,2.7486133529299563e-14,-2.9999999999999956,0.013127489197413435
13.52,HOVER,True,0.010186087923232487,1.092843322694471e-12,0.5005778704067029,-0.036391533741348334,7.580700987971357e-13,-0.0010463327939828923,-2.843685918121748e-14,0.11317786594428919,1.6438929199111396e-13,0.0,0.0,0.5,0.0012541424354763377,6.417211221505162e-13,-0.20007083824734317,0.0,-6.377153027801318e-13,0.2,0.0012541424354763377,4.0058193703844594e-15,-7.083824734316346e-05,40.81665306786458,40.81651945835516,40.81651945835516,40.81665306786458,-0.9206116384541124,3.1551586785098575e-14,-3.0,-0.9094837183448746,2.882917823510961e-14,-2.9999999999999956,0.010202466436443968
13.6,HOVER,True,0.007323446827941219,1.1550019244647874e-12,0.5004923884830743,-0.03546423583844738,7.849551045445887e-13,-0.0010759637138941928,-2.690590903391421e-14,0.11379885643628875,1.6823685747577143e-13,0.0,0.0,0.5,0.001266461526197087,6.628112658381986e-13,-0.20008328782572618,0.0,-6.593241563720649e-13,0.2,0.001266461526197087,3.487109466133721e-15,-8.328782572616933e-05,40.81855423966263,40.81839714874138,40.81839714874138,40.81855423966263,-0.9259317188264135,3.3064322246615215e-14,-3.0,-0.9150179452407357,3.022882643074636e-14,-2.9999999999999956,0.007339980916865283
13.68,HOVER,True,0.004561514298693532,1.219247186985669e-12,0.5004055069167795,-0.034069019744550566,8.106894871332467e-13,-0.0010883352501086926,-2.531789367204858e-14,0.11436507082443169,1.7235067278665139e-13,0.0,0.0,0.5,0.0012779154430417874,6.847266840763537e-13,-0.20009367617025206,0.0,-6.814879258126188e-13,0.2,0.0012779154430417874,3.2387582637349346e-15,-9.367617025204944e-05,40.820320772212646,40.82014408761613,40.82014408761613,40.820320772212646,-0.9311464284410484,3.4635019105586885e-14,-3.0,-0.9204450206631534,3.1685579063597634e-14,-2.9999999999999956,0.004579503090591991
13.76,HOVER,True,0.0019349150541269795,1.2854873118015157e-12,0.5003185653547579,-0.03225647416199305,8.352767878675507e-13,-0.001084206243442255,-2.350071733146615e-14,0.11487137426959416,1.767346721944706e-13,0.0,0.0,0.5,0.0012883757760964256,7.039175443298569e-13,-0.20010197558926177,0.0,-7.043764723125491e-13,0.2,0.0012883757760964256,-4.58927982692186e-16,-0.00010197558926175465,40.82193294462762,40.8217406063222,40.8217406063222,40.82193294462762,-0.9362567241358256,3.626405207702086e-14,-3.0,-0.9257658530406438,3.3199801362502e-14,-2.9999999999999956,0.001960964087366024
13.84,HOVER,True,-0.0005259567864205267,1.3536218631916467e-12,0.5002328313065602,-0.030080343309536305,8.585620330478651e-13,-0.0010645375144271068,-2.1782819234083133e-14,0.11531387137974024,1.808492473433573e-13,0.0,0.0,0.5,0.0012977359112730255,7.253162817516557e-13,-0.2001081921492473,0.0,-7.278865308558679e-13,0.2,0.0012977359112730255,-2.5702491042121682e-15,-0.00010819214924728815,40.82337441077464,40.823170347284574,40.823170347284574,40.82337441077464,-0.9412635882425405,3.7952130650540015e-14,-3.0,-0.9309813753906331,3.477207129016735e-14,-2.9999999999999956,0.0005751877593415184
13.92,HOVER,True,-0.002795132950759607,1.4235542127408476e-12,0.5001494850635261,-0.02759650841272222,8.807174090782696e-13,-0.001030472263151109,-2.043725502216443e-14,0.11568988708429305,1.848071605169994e-13,0.0,0.0,0.5,0.0013059120408671489,7.479787261878109e-13,-0.20011236346795974,0.0,-7.516648215274491e-13,0.2,0.0013059120408671489,-3.686095339638204e-15,-0.00011236346795973073,40.82463235218711,40.82442042108503,40.82442042108503,40.82463235218711,-0.9461680288310906,3.9698406294404304e-14,-3.0,-0.9360925457309142,3.640255405363497e-14,-2.9999999999999956,0.002799127363418732
14.0,HOVER,True,-0.004851186417043048,1.4952153433130504e-12,0.5000696063513869,-0.024862000061082416,9.021798567422809e-13,-0.0009833135446240067,-2.0065463760564246e-14,0.11599792999761607,1.88553119070424e-13,0.0,0.0,0.5,0.001312843712042125,7.718806080427275e-13,-0.2001145561478117,0.0,-7.754892067218692e-13,0.2,0.001312843712042125,-3.608598679141722e-15,-0.00011455614781169521,40.825697559767676,40.825481493005974,40.825481493005974,40.825697559767676,-0.9509710797889769,4.1501595388197905e-14,-3.0,-0.9411003473892727,3.809099920161108e-14,-2.9999999999999956,0.004851685758275814
14.08,HOVER,True,-0.0066772701964496394,1.5685821962132231e-12,0.4999941629330897,-0.02193405474567702,9.234544318440336e-13,-0.0009244991435735068,-1.9765831753436327e-14,0.11623763993134414,1.9201252674441882e-13,0.0,0.0,0.5,0.0013184938974771284,7.950179497601721e-13,-0.20011486291232405,0.0,-7.992255700170157e-13,0.2,0.0013184938974771284,-4.207620256843658e-15,-0.000114862912324043,40.82656444192332,40.8263477965666,40.8263477965666,40.82656444192332,-0.9556738007166377,4.3362434801979726e-14,-3.0,-0.9460057891822742,3.983706386408844e-14,-2.9999999999999956,0.006677272747742504
14.16,HOVER,True,-0.008261083703311828,1.6436458936418918e-12,0.49992400134486825,-0.01886922742412387,9.446663962310038e-13,-0.0008555743103672972,-1.9766748836013585e-14,0.11640972136393217,1.9553416067831129e-13,0.0,0.0,0.5,0.0013228485903538866,8.182025783744252e-13,-0.20011339951030857,0.0,-8.22786575342916e-13,0.2,0.0013228485903538866,-4.5839969684907475e-15,-0.00011339951030855944,40.82723095952713,40.82701707432377,40.82701707432375,40.827230959527114,-0.9602772766252972,4.528105856080366e-14,-3.0,-0.9508099054393011,4.1640854646587194e-14,-2.9999999999999956,0.008261433274481257
14.24,HOVER,True,-0.0095947717806456,1.7204137390089799e-12,0.4998598399051528,-0.01572257038159639,9.660352437207547e-13,-0.0007781629324730283,-2.015152168819735e-14,0.11651586478603534,1.9927207475754453e-13,0.0,0.0,0.5,0.0013259159430525104,8.440129811899986e-13,-0.20011030145280867,0.0,-8.465508830801304e-13,0.2,0.0013259159430525104,-2.5379018901318393e-15,-0.00011030145280865877,40.82769849073929,40.82749044884738,40.82749044884738,40.82769849073929,-0.9647826174302842,4.7257108127050475e-14,-3.0,-0.9555137558534674,4.3502322793631894e-14,-2.9999999999999956,0.009595795452950251
14.32,HOVER,True,-0.010674762178026345,1.7989128211998538e-12,0.4998022640851173,-0.01254688699703056,9.878032890716775e-13,-0.0006939377984864529,-2.0542798057383006e-14,0.11655865791239914,2.028962305639004e-13,0.0,0.0,0.5,0.0013277249845693136,8.665545774202786e-13,-0.2001057206469569,0.0,-8.705539586890769e-13,0.2,0.0013277249845693136,-3.999381268798295e-15,-0.00010572064695688055,40.82797163111745,40.827772229179885,40.827772229179885,40.82797163111745,-0.969190957238876,4.929043072840714e-14,-3.0,-0.9601184251468359,4.5421286171846614e-14,-2.9999999999999956,0.010676593419694142
14.4,HOVER,True,-0.01150154787210203,1.879172351669252e-12,0.4997517242741592,-0.009392067316649329,1.0099096096922722e-12,-0.0006045906601961019,-2.109674360789499e-14,0.11654148878555792,2.064418266586461e-13,0.0,0.0,0.5,0.0013283239649650518,8.922528451117977e-13,-0.20009982198842277,0.0,-8.946568042520822e-13,0.2,0.0013283239649650518,-2.4039591402845057e-15,-9.982198842276024e-05,40.8280579364843,40.82786966013076,40.82786966013076,40.8280579364843,-0.9735034534374072,5.138117931918234e-14,-3.0,-0.9646250225431867,4.73977761754972e-14,-2.9999999999999956,0.011504227235685869
14.48,HOVER,True,-0.012079421074289227,1.961228166893288e-12,0.4997085359473824,-0.006304510832684687,1.032516400889613e-12,-0.000511802327401492,-2.1579505856111722e-14,0.11646844059798676,2.1002492427127666e-13,0.0,0.0,0.5,0.0013277783307047016,9.152292257557881e-13,-0.20009277150428809,0.0,-9.189819944795007e-13,0.2,0.0013277783307047016,-3.752768723712622e-15,-9.277150428807501e-05,40.82796760121477,40.82779262292777,40.82779262292777,40.82796760121477,-0.9777212855838431,5.3528433857833303e-14,-3.0,-0.9690346810468285,4.943145312791114e-14,-2.9999999999999956,0.012082936927086518
14.56,HOVER,True,-0.012416166211035124,2.045116157476935e-12,0.49967288199951654,-0.003326640326570443,1.055547948551575e-12,-0.00041721651503521986,-2.21848089894556e-14,0.11634419388843403,2.1327869480468967e-13,0.0,0.0,0.5,0.0013261687327409018,9.388671373759907e-13,-0.200084774231659,0.0,-9.432770300153785e-13,0.2,0.0013261687327409018,-4.409892639387766e-15,-8.477423165897946e-05,40.82771318844931,40.82755329398654,40.82755329398654,40.82771318844931,-0.9818456541391545,5.573183043679245e-14,-3.0,-0.9733485565319249,5.152205122829561e-14,-2.9999999999999956,0.012420474611152772
14.64,HOVER,True,-0.012522718748782122,2.1308731274282674e-12,0.4996448174052444,-0.0004965027093290858,1.0790704504111807e-12,-0.00032241031138940463,-2.3096021398215427e-14,0.11617390354725415,2.1659492121023767e-13,0.0,0.0,0.5,0.0013235882901654783,9.64616854517643e-13,-0.20007599320981512,0.0,-9.675060703054268e-13,0.2,0.0013235882901654783,-2.8892157877837852e-15,-7.599320981510616e-05,40.827309134013106,40.82716580162048,40.82716580162048,40.827309134013106,-0.9858777790202148,5.798998970864965e-14,-3.0,-0.9775678266569536,5.366896939317694e-14,-2.9999999999999956,0.012527754768381947
14.72,HOVER,True,-0.012412797919572342,2.218551337461581e-12,0.4996242757666285,0.0021525278649483347,1.1033124132189775e-12,-0.00022887244343282727,-2.4161911169746466e-14,0.1159630962845938,2.1986213620529188e-13,0.0,0.0,0.5,0.001320140312334449,9.898107846819413e-13,-0.2000666149010441,0.0,-9.917509088545323e-13,0.2,0.001320140312334449,-1.9401241725909447e-15,-6.661490104409307e-05,40.82677145874464,40.82664581497759,40.82664581497759,40.82677145874464,-0.9898188980122987,6.030164563849151e-14,-3.0,-0.9816936896001343,5.587126033944521e-14,-2.9999999999999956,0.012418483035044258
14.8,HOVER,True,-0.012102520440027395,2.3082151176090944e-12,0.49961107761588236,0.004591962107508137,1.1283977081802415e-12,-0.00013798172256318194,-2.5437512514815376e-14,0.11571756349967037,2.2313795442837628e-13,0.0,0.0,0.5,0.0013159357019593624,1.0150175483388465e-12,-0.2000568224149131,0.0,-1.0160884489626065e-12,0.2,0.0013159357019593624,-1.0709006237600463e-15,-5.682241491308804e-05,40.82611734494565,40.82601017099281,40.82601017099281,40.82611734494565,-0.9936702650882455,6.266591654192836e-14,-3.0,-0.9857273626510323,5.812801584092786e-14,-2.9999999999999956,0.012108767964667118
14.88,HOVER,True,-0.01161000224497273,2.399937957610677e-12,0.4996049402159282,0.006798318760627941,1.154415455036596e-12,-5.09894456059017e-05,-2.659793576231798e-14,0.11544325492930713,2.2661310157765757e-13,0.0,0.0,0.5,0.001311090455464439,1.0389696652244989e-12,-0.20004679220044272,0.0,-1.0406638211263323e-12,0.2,0.001311090455464439,-1.694155901833442e-15,-4.679220044270793e-05,40.825364749880855,40.82527649412665,40.82527649412665,40.825364749880855,-0.9974331486224839,6.508224478917002e-14,-3.0,-0.9896700806711554,6.043835876673516e-14,-2.9999999999999956,0.01161672175621258
14.96,HOVER,True,-0.01095495518649263,2.493785594461523e-12,0.49960548857880677,0.008753162298128314,1.1811751705027566e-12,3.09947792022893e-05,-2.7487337667070555e-14,0.11514617736072023,2.3020135052358936e-13,0.0,0.0,0.5,0.001305723239547475,1.0628898894646592e-12,-0.20003669228176713,0.0,-1.0656094342212477e-12,0.2,0.001305723239547475,-2.7195447565884858e-15,-3.6692281767114476e-05,40.82453203242094,40.82446282633595,40.82446282633595,40.82453203242094,-1.001108829535204,6.755063221617133e-14,-3.0,-0.993523094442087,6.280172780567353e-14,-2.9999999999999956,0.010962056485874977
15.040000000000001,HOVER,True,-0.010158285238275538,2.5898098114603238e-12,0.49961226741506176,0.010443060572317545,1.2085783247725757e-12,0.00010701356661248497,-2.8446733608006354e-14,0.1148322993985673,2.338486360501655e-13,0.0,0.0,0.5,0.0012999531029162699,1.0873094597154627e-12,-0.20002668072527602,0.0,-1.091046560704205e-12,0.2,0.0012999531029162699,-3.737100988742238e-15,-2.6680725276007067e-05,40.82363760063636,40.82358727755881,40.82358727755881,40.82363760063636,-1.0046985993925923,7.006961853067633e-14,-3.0,-0.9972876689237741,6.521742967647398e-14,-2.9999999999999956,0.010165682246636946
15.120000000000001,HOVER,True,-0.009241698271162961,2.688065625754517e-12,0.49962475371936743,0.011859468520471003,1.2367004411951495e-12,0.0001762686055333832,-2.967906714075024e-14,0.11450746308308357,2.3728916694907485e-13,0.0,0.0,0.5,0.0012938973681415257,1.1129061470584619e-12,-0.20001690407904607,0.0,-1.1167038546886755e-12,0.2,0.0012938973681415257,-3.79770763021359e-15,-1.6904079046059506e-05,40.82269958699013,40.82266770385082,40.82266770385082,40.82269958699013,-1.0082037584854666,7.263767591962139e-14,-3.0,-1.0009650814459374,6.7684448408965e-14,-2.9999999999999956,0.009249313309989292
15.200000000000001,HOVER,True,-0.008227318944191006,2.7886210008169976e-12,0.4996423697025464,0.01299854462090905,1.2657284156379052e-12,0.00023812392676049492,-3.105763472104481e-14,0.11417730314281346,2.4083294261653287e-13,0.0,0.0,0.5,0.0012876697353715017,1.1385587482197559e-12,-0.20000749591344938,0.0,-1.1426003018399907e-12,0.2,0.0012876697353715017,-4.041553620234849e-15,-7.4959134493679525e-06,40.82173555612023,40.821721417920095,40.821721417920095,40.82173555612023,-1.0116256139070459,7.52536244230233e-14,-3.0,-1.004556619854948,7.020160212235457e-14,-2.9999999999999956,0.008235088125764106
15.280000000000001,HOVER,True,-0.007137327689926304,2.8915563327335132e-12,0.49966449579396793,0.013860907322299016,1.2958210317238188e-12,0.00029210578781607135,-3.285136179672511e-14,0.11384717459718155,2.4434566756404523e-13,0.0,0.0,0.5,0.0012813786193512197,1.1651761415456985e-12,-0.19999857560465598,0.0,-1.1687615467920618e-12,0.2,0.0012813786193512197,-3.585405246363306e-15,1.4243953440351564e-06,40.82076224863402,40.820764935216054,40.820764935216054,40.82076224863402,-1.014965477649222,7.791632016008838e-14,-3.0,-1.0080635806375684,7.276779906957425e-14,-2.9999999999999956,0.007145208858084833
15.36,HOVER,True,-0.005993620169456312,2.9969688331883954e-12,0.4996904834587042,0.014451339111973783,1.327156087625409e-12,0.00033789945064648547,-3.460416092663995e-14,0.11352208928112498,2.474191102841065e-13,0.0,0.0,0.5,0.001275125732343898,1.190941141720179e-12,-0.19999024742144395,0.0,-1.194867721747084e-12,0.2,0.001275125732343898,-3.926580026905028e-15,9.752578556065927e-06,40.8197953629036,40.81981375744729,40.81981375744729,40.8197953629036,-1.0182246647350577,8.062526864410445e-14,-3.0,-1.011487267041815,7.538198745901411e-14,-2.9999999999999956,0.006001606720291593
15.44,HOVER,True,-0.004817492941045395,3.104955696594022e-12,0.4997196675992271,0.014778446194429834,1.3596987942819093e-12,0.00037534318585212074,-3.6397662366896935e-14,0.11320666168785506,2.502295262251845e-13,0.0,0.0,0.5,0.0012690049175058402,1.2163778205913275e-12,-0.19998259991787026,0.0,-1.2205190602624007e-12,0.2,0.0012690049175058402,-4.141239671073174e-15,1.7400082129748196e-05,40.818849375562955,40.81888219422412,40.81888219422412,40.818849375562955,-1.021404491403301,8.337961282030298e-14,-3.0,-1.0148289872137728,7.804332844474103e-14,-2.9999999999999956,0.004825642391635057
15.52,HOVER,True,-0.0036293584391269844,3.2156085647681396e-12,0.4997513783405856,0.014854281905836118,1.3933301763337257e-12,0.00040441987917896655,-3.787700065097348e-14,0.11290506434887437,2.528326115580215e-13,0.0,0.0,0.5,0.0012631012300406681,1.2407991119509278e-12,-0.199975705612701,0.0,-1.2456778089801273e-12,0.2,0.0012631012300406681,-4.878697029199543e-15,2.429438729900646e-05,40.81793740027831,40.81798322243356,40.81798322243355,40.81793740027829,-1.0245062733586747,8.617876189287313e-14,-3.0,-1.0180900523675593,8.075099652069913e-14,-2.9999999999999956,0.0036378641273681787
15.6,HOVER,True,-0.002448491708729882,3.3290064534871917e-12,0.4997849520296146,0.014693942001065052,1.4279624209126965e-12,0.0004252466418290593,-3.9906877282282015e-14,0.11262099280610686,2.5553035418841734e-13,0.0,0.0,0.5,0.0012574902572713427,1.270460013509261e-12,-0.19996962093432447,0.0,-1.2704809174084661e-12,0.2,0.0012574902572713427,-2.0903899205157254e-17,3.037906567554538e-05,40.81707108341271,40.817128382007944,40.817128382007944,40.81707108341271,-1.0275313240996606,8.902047120980916e-14,-3.0,-1.02127177500382,8.350397907461981e-14,-2.9999999999999956,0.0024579172641254346
15.68,HOVER,True,-0.0012928106953773537,3.445251351543068e-12,0.49981974131148765,0.014315139830666644,1.4639939584965064e-12,0.00043806283559407963,-4.216733902832819e-14,0.11235764008061604,2.584080846785732e-13,0.0,0.0,0.5,0.0012522376638272965,1.2982675243469668e-12,-0.1999643864108435,0.0,-1.2952137628954528e-12,0.2,0.0012522376638272965,3.0537614515140638e-15,3.561358915651902e-05,40.816260534448844,40.81632770598899,40.81632770598899,40.816260534448844,-1.030480953333546,9.19025926079549e-14,-3.0,-1.024375467190287,8.63006067025187e-14,-2.9999999999999956,0.0013053170836491294
15.76,HOVER,True,-0.00017869126152441906,3.564463286137673e-12,0.49985512417959826,0.013737769190634373,1.50153032134945e-12,0.0004432169185068631,-4.425512104258822e-14,0.11211768040588745,2.6137960764244837e-13,0.0,0.0,0.5,0.0012473989444741385,1.324182542883912e-12,-0.1999600270857615,0.0,-1.3201777965641677e-12,0.2,0.0012473989444741385,4.0047463197443074e-15,3.9972914238517454e-05,40.81551428847132,40.81558968222626,40.81558968222626,40.81551428847132,-1.0333564654866692,9.482514338118202e-14,-3.0,-1.0274024389160314,8.913961447714866e-14,-2.9999999999999956,0.0002300425401578243
15.84,HOVER,True,0.0008791825038265727,3.686749944358321e-12,0.4998905119262652,0.012983462291547045,1.5402905770804574e-12,0.00044115249849186757,-4.5720732258911975e-14,0.11190326187006827,2.643414887287366e-13,0.0,0.0,0.5,0.0012430193646992024,1.349001865964363e-12,-0.19995655313850597,0.0,-1.3453296751224658e-12,0.2,0.0012430193646992024,3.672190841897092e-15,4.344686149404531e-05,40.8148392976394,40.814921243679386,40.814921243679386,40.8148392976394,-1.036159158316084,9.778873035334882e-14,-3.0,-1.030353996529224,9.202038146124003e-14,-2.9999999999999956,0.0008859737655963159
15.92,HOVER,True,0.001867932688162978,3.8121831577056295e-12,0.49992535595123755,0.012075149868701777,1.5798379087090067e-12,0.0004323939542953976,-4.699589826610931e-14,0.1117160075013792,2.672210467569596e-13,0.0,0.0,0.5,0.0012391340678577954,1.3745947693333455e-12,-0.1999539606871801,0.0,-1.3705795288311875e-12,0.2,0.0012391340678577954,4.0152405021580206e-15,4.6039312819906586e-05,40.81424094837735,40.81432778409437,40.81432778409437,40.81424094837735,-1.038890321627298,1.0079243069301101e-13,-3.0,-1.0332314412664596,9.49425018513998e-14,-2.9999999999999956,0.001869423510476805
16.0,HOVER,True,0.0027765672111308426,3.940818050096101e-12,0.4999591534117554,0.0110366299541847,1.6200453371526866e-12,0.00041753194727638966,-4.8072762839966216e-14,0.11155702423508233,2.699044495104174e-13,0.0,0.0,0.5,0.0012357683273514805,1.3991909179812133e-12,-0.19995223274999224,0.0,-1.3958381515813322e-12,0.2,0.0012357683273514805,3.3527663998810904e-15,4.77672500077686e-05,40.81372310095894,40.81381319577465,40.81381319577465,40.81372310095894,-1.0415512361012926,1.0383469447512182e-13,-3.0,-1.0360360678800435,9.790509443308295e-14,-2.9999999999999956,0.002776867645693278
16.080000000000002,HOVER,True,0.003596025763312207,4.072698550905267e-12,0.49999145172157705,0.00989215126842921,1.6607621633303168e-12,0.00039720910736029365,-4.9055685333726384e-14,0.11142691911894409,2.726905780102542e-13,0.0,0.0,0.5,0.0012329379227412711,1.4237009101884127e-12,-0.1999513403408062,0.0,-1.4210140557141531e-12,0.2,0.0012329379227412711,2.6868544742595766e-15,4.8659659193817095e-05,40.81328814822653,40.81337992623398,40.81337992623398,40.81328814822653,-1.044143172232728,1.0691444659254704e-13,-3.0,-1.0387691633681053,1.0090718996383637e-13,-2.9999999999999956,0.003596035923550978
16.16,HOVER,True,0.004319193501133591,4.2078599966182124e-12,0.500021851926651,0.008666016575511588,1.7018774750801715e-12,0.00037210613350531594,-4.97400064353591e-14,0.11132582204764647,2.75868254795362e-13,0.0,0.0,0.5,0.0012306496197665778,1.447755659564615e-12,-0.19995124367398778,0.0,-1.4465695492556204e-12,0.2,0.0012306496197665778,1.1861103089945437e-15,4.8756326012228124e-05,40.81293709034996,40.81302905068274,40.81302905068274,40.81293709034996,-1.0466673893800325,1.1003113735120469e-13,-3.0,-1.0414320058109732,1.0394784434023538e-13,-2.9999999999999956,0.0043192487780785455
16.240000000000002,HOVER,True,0.004940884362233013,4.346327921690955e-12,0.5000500110019444,0.007382210695656612,1.7433186193600787e-12,0.0003429285063881794,-5.070960997481623e-14,0.11125341426481548,2.787805481534034e-13,0.0,0.0,0.5,0.0012289017356728934,1.4724916666131003e-12,-0.19995189345377956,0.0,-1.4724165889076794e-12,0.2,0.0012289017356728934,7.507770542093623e-17,4.8106546220449964e-05,40.81266962274916,40.812760357518606,40.812760357518606,40.81266962274916,-1.049125134926978,1.1318343230036451e-13,-3.0,-1.0440258633159314,1.0702618300286908e-13,-2.9999999999999956,0.004941137458245238
16.32,HOVER,True,0.0054577962033566935,4.488136471562865e-12,0.500075643127417,0.006064057192331353,1.7852201449980635e-12,0.00031039396952259134,-5.186010343404973e-14,0.11120896183417177,2.8158309384558017e-13,0.0,0.0,0.5,0.001227684772975504,1.4986277995670804e-12,-0.19995323222385955,0.0,-1.4982612257843555e-12,0.2,0.001227684772975504,3.6657378272493784e-16,4.676777614046057e-05,40.81248423456992,40.81257244425692,40.81257244425692,40.81248423456992,-1.0515176435543536,1.1637035979154604e-13,-3.0,-1.0465519930712752,1.1014114636122414e-13,-2.9999999999999956,0.005458320371698621
16.4,HOVER,True,0.005868440245648847,4.63333232767116e-12,0.5000985200114778,0.004733907061008794,1.8277664586624563e-12,0.00027522089705692105,-5.305163941899063e-14,0.11119135325817196,2.841255697248431e-13,0.0,0.0,0.5,0.001226982106549448,1.5228310820692926e-12,-0.19995519575333995,0.0,-1.5239662069873716e-12,0.2,0.001226982106549448,-1.1351249180789747e-15,4.4804246660062885e-05,40.81237831537282,40.812462821605536,40.812462821605536,40.81237831537282,-1.0538461366193996,1.1959111782252474e-13,-3.0,-1.0490116405094678,1.132917315552345e-13,-2.9999999999999956,0.0058692671697080446
16.48,HOVER,True,0.006173047541877465,4.781966439258948e-12,0.5001184703588543,0.003412862171079384,1.870928917214626e-12,0.00023811868666317364,-5.434053500798189e-14,0.11119914193951433,2.8641869839243533e-13,0.0,0.0,0.5,0.0012267705987575204,1.5478304330241347e-12,-0.19995775681122402,0.0,-1.5492330620256323e-12,0.2,0.0012267705987575204,-1.4026290014975979e-15,4.22431887759922e-05,40.81234829076003,40.81242796652756,40.81242796652756,40.81234829076003,-1.056111821640009,1.2284552293104165e-13,-3.0,-1.0514060385781827,1.1647725394866957e-13,-2.9999999999999956,0.00617418425220745
16.56,HOVER,True,0.006373455520696659,4.93408937621062e-12,0.5001353784395094,0.00212053879007446,1.9147258650315413e-12,0.0001997723898009524,-5.5568173196207035e-14,0.11123059185234441,2.885844834598257e-13,0.0,0.0,0.5,0.001227021957926125,1.571972422047838e-12,-0.1999607380123879,0.0,-1.5740846177029403e-12,0.2,0.001227021957926125,-2.1121956551022994e-15,3.9261987612115856e-05,40.81238965423288,40.81246370709415,40.81246370709415,40.81238965423288,-1.0583158918993996,1.2613287865031019e-13,-3.0,-1.0537364071217283,1.1969703024094117e-13,-2.9999999999999956,0.006374893143903097
16.64,HOVER,True,0.006472977264814554,5.089748414656496e-12,0.5001491820809713,0.0008748563943998381,1.959088003208981e-12,0.00016084611921191023,-5.673651206339786e-14,0.1112836937670491,2.9002375396850557e-13,0.0,0.0,0.5,0.0012277022696685113,1.5956480450555215e-12,-0.19996411999747948,0.0,-1.5981275885782594e-12,0.2,0.0012277022696685113,-2.4795435227379274e-15,3.5880002520527476e-05,40.81249718594129,40.81256485996929,40.81256485996929,40.81249718594129,-1.0604595260449061,1.2945247911057332e-13,-3.0,-1.056003952348944,1.2295040859790095e-13,-2.9999999999999956,0.006474696129092779
16.72,HOVER,True,0.006476255998130228,5.248984778697322e-12,0.5001598701076658,-0.0003081261147241957,2.003964955182428e-12,0.00012196405653185697,-5.805412638243192e-14,0.11135626847146421,2.9127389801666243e-13,0.0,0.0,0.5,0.0012287739390937104,1.6200589197634399e-12,-0.19996784827578948,0.0,-1.6209718429261505e-12,0.2,0.0012287739390937104,-9.12923162710605e-16,3.215172421053292e-05,40.81266506840965,40.812725710453456,40.812725710453456,40.81266506840965,-1.0625438879657083,1.3280277684560126e-13,-3.0,-1.0582098664108444,1.2623653930476898e-13,-2.9999999999999956,0.006478228940431392
16.8,HOVER,True,0.0063891098794931975,5.4118432969059454e-12,0.5001674789484613,-0.0014143232233531878,2.049411761464701e-12,8.370822457470313e-05,-5.941226257667252e-14,0.11144597189065879,2.9227135844838066e-13,0.0,0.0,0.5,0.0012301960636646146,1.6442348117462358e-12,-0.19997183397144735,0.0,-1.642828445613035e-12,0.2,0.0012301960636646146,1.4063661332008188e-15,2.8166028552656375e-05,40.81288694442736,40.81294006896669,40.81294006896669,40.81288694442736,-1.064570126616617,1.3618243739512674e-13,-3.0,-1.0603553270910853,1.295543014885946e-13,-2.9999999999999956,0.0063913045812584515
16.88,HOVER,True,0.00621836867506963,5.578372356665042e-12,0.5001720889603009,-0.0024317157516101163,2.0954919025007656e-12,4.661308869763905e-05,-6.077202859821104e-14,0.11155034522849869,2.932026793181974e-13,0.0,0.0,0.5,0.0012319252054652128,1.6663114934832022e-12,-0.19997599401061966,0.0,-1.6638054179977353e-12,0.2,0.0012319252054652128,2.5060754854668817e-15,2.4005989380349035e-05,40.81315607339373,40.8132013515956,40.8132013515956,40.81315607339373,-1.0665393759245918,1.3958995060747206e-13,-3.0,-1.062441497560417,1.3290245510917056e-13,-2.9999999999999956,0.006220749439524522
16.96,HOVER,True,0.005971705233107728,5.7486159620583864e-12,0.5001738203834711,-0.003350403660671151,2.1420362926367923e-12,1.1161329087058694e-05,-6.178546620821393e-14,0.11166686311245796,2.941964672450134e-13,0.0,0.0,0.5,0.001233916132258949,1.6883482392350743e-12,-0.1999802524154216,0.0,-1.6842424362428092e-12,0.2,0.001233916132258949,4.105802992265149e-15,1.974758457840009e-05,40.81346544619739,40.813502692532346,40.813502692532346,40.81346544619739,-1.0684527547990326,1.4302512763140222e-13,-3.0,-1.0644695262158457,1.3627998211164756e-13,-2.9999999999999956,0.005974234420981175
17.04,HOVER,True,0.005657464865190087,5.922598282059104e-12,0.5001728289952052,-0.004162621278054563,2.188820580689479e-12,-2.2219691373336143e-05,-6.239676689269564e-14,0.11179297725572442,2.947988200546239e-13,0.0,0.0,0.5,0.0012361225683381178,1.7071497545920337e-12,-0.19998453852109446,0.0,-1.7040560080068892e-12,0.2,0.0012361225683381178,3.093746585144465e-15,1.5461478905548498e-05,40.81380789869605,40.81383706091687,40.81383706091687,40.81380789869605,-1.0703113672058777,1.4648671696807465e-13,-3.0,-1.0664405466013673,1.3968591628095299e-13,-2.9999999999999956,0.005660104112332558
17.12,HOVER,True,0.0052844954261316345,6.100316805672824e-12,0.5001693015334955,-0.004862718698636423,2.235440401890799e-12,-5.3160501763048136e-05,-6.264403179729149e-14,0.11192615652456758,2.953443911606231e-13,0.0,0.0,0.5,0.0012384979189390103,1.7268023342526634e-12,-0.19998878601117218,0.0,-1.7231329580772794e-12,0.2,0.0012384979189390103,3.6693761753840344e-15,1.1213988827835086e-05,40.814176221913094,40.814197372853464,40.814197372853464,40.814176221913094,-1.0721163022929125,1.4997378665701133e-13,-3.0,-1.0683556774000875,1.4311931760365042e-13,-2.9999999999999956,0.005287206721705714
17.2,HOVER,True,0.0048619806216997664,6.281747132612003e-12,0.5001634509704628,-0.005447112449493898,2.2817489404455977e-12,-8.135111161929799e-05,-6.29463886679578e-14,0.11206392399057459,2.9597895003668263e-13,0.0,0.0,0.5,0.0012409959542106432,1.7451821531019298e-12,-0.19999293310497035,0.0,-1.7417573277823112e-12,0.2,0.0012409959542106432,3.4248253196186285e-15,7.066895029661513e-06,40.81456326711766,40.81457659613713,40.81457659613713,40.81456326711766,-1.073868634560468,1.534837222251425e-13,-3.0,-1.0702160224885242,1.4657882886164447e-13,-2.9999999999999956,0.0048647273084448705
17.28,HOVER,True,0.0043992788480207165,6.46686731821855e-12,0.500155511710507,-0.005914208176757418,2.3277978585446766e-12,-0.00010654168290910648,-6.32467692540527e-14,0.11220389093392266,2.9700057070342253e-13,0.0,0.0,0.5,0.0012435714488833681,1.7629565626613673e-12,-0.1999969232377142,0.0,-1.7604698914100874e-12,0.2,0.0012435714488833681,2.4866712512798878e-15,3.076762285808554e-06,40.814962044574706,40.81496784772081,40.81496784772081,40.814962044574706,-1.0755694240714304,1.5701486857340117e-13,-3.0,-1.072022671045236,1.5006277895804316e-13,-2.9999999999999956,0.004402026609954476
17.36,HOVER,True,0.0039057696436612483,6.65565244628512e-12,0.5001457347822248,-0.006264298185209358,2.3734592981474832e-12,-0.00012854236139541142,-6.2925371738761e-14,0.11234378747804956,2.9820593243387405e-13,0.0,0.0,0.5,0.0012461807748420908,1.776607344544836e-12,-0.20000070573098952,0.0,-1.779529216591315e-12,0.2,0.0012461807748420908,-2.9218720464789453e-15,-7.057309895086572e-07,40.8153658150627,40.815364483968615,40.815364483968615,40.8153658150627,-1.0772197166932216,1.6056715311503722e-13,-3.0,-1.073776697706311,1.5356984221245808e-13,-2.9999999999999956,0.003908487576556413
17.44,HOVER,True,0.0033907095967072322,6.848052694400477e-12,0.5001343830878938,-0.006499436883600616,2.4184602937060622e-12,-0.00014722232716760236,-6.302848521930641e-14,0.11248148952983231,2.9970687343229165e-13,0.0,0.0,0.5,0.0012487824424379456,1.7945339620100957e-12,-0.20000423627546537,0.0,-1.7991105757917354e-12,0.2,0.0012487824424379456,-4.576613781639649e-15,-4.236275465363537e-06,40.8157681733522,40.81576018322387,40.81576018322385,40.81576817335218,-1.078820544363801,1.641389608831484e-13,-3.0,-1.0754791627601217,1.570990280687578e-13,-2.9999999999999956,0.003393371536321126
17.52,HOVER,True,0.00286309929349739,7.044048227914657e-12,0.5001217267701257,-0.006623297384154775,2.463510104534042e-12,-0.0001625081150980563,-6.460711592386347e-14,0.11261504180105202,3.007536401588738e-13,0.0,0.0,0.5,0.001251337585616504,1.815420532158948e-12,-0.2000074772250759,0.0,-1.818979985813354e-12,0.2,0.001251337585616504,-3.559453654406118e-15,-7.477225075880334e-06,40.816163122889385,40.81614901993777,40.81614901993777,40.816163122889385,-1.080372925373814,1.6772596987686693e-13,-3.0,-1.077131112373639,1.606483078412806e-13,-2.9999999999999956,0.002865685776736606
17.6,HOVER,True,0.002331562628964155,7.24369911345642e-12,0.5001080387512838,-0.006641012616375153,2.5095630238176287e-12,-0.00017438125574734218,-6.69554809318301e-14,0.11274267679393664,3.0204292985015774e-13,0.0,0.0,0.5,0.0012538103860902827,1.834385104204755e-12,-0.20001039774407833,0.0,-1.8389223040357784e-12,0.2,0.0012538103860902827,-4.537199831023215e-15,-1.0397744078322058e-05,40.81654514099191,40.81652552958795,40.816525529587935,40.8165451409919,-1.0818778646574112,1.7132729169884774e-13,-3.0,-1.0787335788425925,1.6421546440589016e-13,-2.9999999999999956,0.002334064408828774
17.68,HOVER,True,0.0018042395274503597,7.447116593501283e-12,0.5000935904969479,-0.006559004347576616,2.5571319614619808e-12,-0.00018287529251960163,-6.977572289707597e-14,0.11286282971832744,3.03641747322557e-13,0.0,0.0,0.5,0.0012561684325829606,1.854485451463332e-12,-0.2000129738372019,0.0,-1.8593069584067775e-12,0.2,0.0012561684325829606,-4.821506943445374e-15,-1.2973837201890603e-05,40.81690923397614,40.81688476374871,40.816884763748696,40.816909233976126,-1.0833363540847747,1.74943662364294e-13,-3.0,-1.080287580857995,1.6779929723353824e-13,-2.9999999999999956,0.0018066652854176538
17.76,HOVER,True,0.0012886928528038843,7.654442171453631e-12,0.5000786480499092,-0.0063848034723727135,2.6065704126080098e-12,-0.00018807223672752415,-7.316396556744346e-14,0.11297414937497988,3.047555166549485e-13,0.0,0.0,0.5,0.0012583830121449104,1.876076722479022e-12,-0.2000151882772485,0.0,-1.8798000438357436e-12,0.2,0.0012583830121449104,-3.7233213567215734e-15,-1.5188277248501247e-05,40.81725098176915,40.81722233483973,40.81722233483973,40.81725098176915,-1.0847493727499387,1.7857499843436336e-13,-3.0,-1.0817941237818554,1.7139918827533674e-13,-2.9999999999999956,0.0012910905408306322
17.84,HOVER,True,0.0007918300217492184,7.865845918980033e-12,0.5000634683759079,-0.006126864853406624,2.658239900883907e-12,-0.0001900985283328957,-7.680025066056265e-14,0.11307550509694478,3.0571925805228187e-13,0.0,0.0,0.5,0.0012604293316536299,1.8952478972413285e-12,-0.20001703043704575,0.0,-1.9000303244104494e-12,0.2,0.0012604293316536299,-4.7824271691209025e-15,-1.7030437045734148e-05,40.81756657172273,40.817534450256936,40.817534450256915,40.817566571722715,-1.0861178872481185,1.82220907617622e-13,-3.0,-1.0832541999253569,1.7501458627102744e-13,-2.9999999999999956,0.0007943695727328373
17.92,HOVER,True,0.00031983957860018815,8.081515339743177e-12,0.5000482960566179,-0.005794379872002823,2.7122908355900222e-12,-0.00018912057507190834,-8.087018350411506e-14,0.11316598989372652,3.0630981931260674e-13,0.0,0.0,0.5,0.0012622866687185797,1.9172856302601644e-12,-0.20001849603249733,0.0,-1.9196923892776124e-12,0.2,0.0012622866687185797,-2.4067590174479836e-15,-1.8496032497317128e-05,40.81785282151593,40.81781793575971,40.81781793575971,40.81785282151593,-1.0874428519374164,1.8588115691345297e-13,-3.0,-1.0846687888232776,1.786451356909547e-13,-2.9999999999999956,0.00032346540019604703
18.0,HOVER,True,-0.00012185725444885287,8.30165456819153e-12,0.5000333603593037,-0.00539708968469389,2.7689722487982053e-12,-0.0001853399473339293,-8.52153865908806e-14,0.11324491999097082,3.068674311676758e-13,0.0,0.0,0.5,0.001263938452394194,1.938272276926664e-12,-0.20001958678510945,0.0,-1.938848680223686e-12,0.2,0.001263938452394194,-5.76403297021889e-16,-1.9586785109437788e-05,40.81810719121621,40.81807024816852,40.81807024816852,40.81810719121621,-1.088725209180495,1.8955482942633493e-13,-3.0,-1.0860388574990252,1.8229028897568404e-13,-2.9999999999999956,0.00012634122064743235
18.080000000000002,HOVER,True,-0.0005286402660121066,8.526482924225392e-12,0.5000188727061737,-0.004945101983364574,2.8284156460879467e-12,-0.00017898830974792342,-8.960481428386317e-14,0.11331183100117727,3.072662694251501e-13,0.0,0.0,0.5,0.0012653722752780329,1.959176847877867e-12,-0.2000203100137243,0.0,-1.957394010098109e-12,0.2,0.0012653722752780329,1.7828377797579365e-15,-2.0310013724295084e-05,40.81832778474981,40.81828947760541,40.81828947760541,40.81832778474981,-1.0899658895625763,1.932416512447961e-13,-3.0,-1.087365360715298,1.859495081723471e-13,-2.9999999999999956,0.0005289770409835109
18.16,HOVER,True,-0.0008967096089433947,8.756219510731288e-12,0.5000050245598225,-0.004448713828182935,2.890581506319919e-12,-0.00017032217322917917,-9.404113511419752e-14,0.11336647099788874,3.076478269813328e-13,0.0,0.0,0.5,0.001266579839753466,1.980618648274306e-12,-0.2000206781664971,0.0,-1.9754939469968157e-12,0.2,0.001266579839753466,5.124701277490154e-15,-2.067816649709009e-05,40.81851334121552,40.81847433969044,40.818474339690454,40.818513341215535,-1.091165812082882,1.9694122856651832e-13,-3.0,-1.0886492412060866,1.8962237602114973e-13,-2.9999999999999956,0.0008967236859662101
18.240000000000002,HOVER,True,-0.0012230914357245172,8.991077370955512e-12,0.49999198573436837,-0.003918242868373493,2.9553385226454362e-12,-0.0001596175523984373,-9.778403450768506e-14,0.11340879079581909,3.081980716196073e-13,0.0,0.0,0.5,0.001267556842226444,1.9972831197161325e-12,-0.2000207083040033,0.0,-1.993401152033078e-12,0.2,0.001267556842226444,3.881967683054448e-15,-2.070830400327517e-05,40.818663216642086,40.818624158274005,40.818624158274005,40.818663216642086,-1.0923258843174342,2.0065378124526196e-13,-3.0,-1.0898914298864517,1.9330851169927966e-13,-2.9999999999999956,0.0012231176920461395
18.32,HOVER,True,-0.0015056306030106776,9.23123565860641e-12,0.49997990313510265,-0.0033638689921050994,3.0222010490133217e-12,-0.00014716461322107762,-1.0126037092940623e-13,0.1134389317631719,3.084978901391012e-13,0.0,0.0,0.5,0.001268302800226593,2.014663826911947e-12,-0.20002042154474786,0.0,-2.0110202839940663e-12,0.2,0.001268302800226593,3.643542917880536e-15,-2.042154474785063e-05,40.81877735694697,40.81873883944156,40.81873883944156,40.81877735694697,-1.0934470025518883,2.04379007167638e-13,-3.0,-1.0910928460372615,1.9700784202598668e-13,-2.9999999999999956,0.0015057647215621036
18.400000000000002,HOVER,True,-0.0017429713797647906,9.47684474664793e-12,0.499968899922753,-0.0027954881584117035,3.0908324694094973e-12,-0.0001332623941003004,-1.0432880258424307e-13,0.11345721150937899,3.0877064714946203e-13,0.0,0.0,0.5,0.0012688208281451555,2.0317380589568345e-12,-0.20001984248401106,0.0,-2.028364613026423e-12,0.2,0.0012688208281451555,3.3734459304117274e-15,-1.9842484011045602e-05,40.8188562629924,40.81881883766563,40.81881883766563,40.8188562629924,-1.094530051883804,2.0811607300847067e-13,-3.0,-1.0922543974628267,2.007199499120051e-13,-2.9999999999999956,0.0017432488191546113
18.48,HOVER,True,-0.0019345272170444466,9.728032002385359e-12,0.49995907509200294,-0.0022225798668786666,3.1610265384630353e-12,-0.00011821367997395365,-1.0735656843565989e-13,0.11346410780210754,3.089253758008635e-13,0.0,0.0,0.5,0.001269117368083983,2.047288658271062e-12,-0.20001899859650413,0.0,-2.045338326281006e-12,0.2,0.001269117368083983,1.9503319900560335e-15,-1.8998596504116172e-05,40.81890094874112,40.818865115088336,40.818865115088336,40.81890094874112,-1.095575906294475,2.118632198379988e-13,-3.0,-1.0933769806200926,2.044440847876176e-13,-2.9999999999999956,0.0019349600516755635
18.56,HOVER,True,-0.0020804407476525716,9.984915961239777e-12,0.499950503368778,-0.0016540897917403424,3.2326489263253705e-12,-0.00010232276466156315,-1.1020524593578277e-13,0.1134602388292202,3.0956722814966787e-13,0.0,0.0,0.5,0.0012692021694707884,2.0637696724923345e-12,-0.20001788683699062,0.0,-2.062326426279139e-12,0.2,0.0012692021694707884,1.4432462131957314e-15,-1.7886836990610444e-05,40.818912906632264,40.81887916989252,40.81887916989252,40.818912906632264,-1.0965854286906416,2.1561976167018882e-13,-3.0,-1.0944614807187487,2.0817931929470425e-13,-2.9999999999999956,0.002081029461827852
18.64,HOVER,True,-0.002181535519718711,1.0247605843715197e-11,0.499943235800551,-0.001098333054004037,3.3056180561858597e-12,-8.587760257876837e-05,-1.1284372588760933e-13,0.1134463410666821,3.103604294636614e-13,0.0,0.0,0.5,0.0012690865505723713,2.077696769223937e-12,-0.20001660633969703,0.0,-2.07977678848674e-12,0.2,0.0012690865505723713,-2.0800192628032476e-15,-1.6606339697022854e-05,40.81889396608594,40.81886264451909,40.81886264451909,40.81889396608594,-1.097559470888546,2.1938498483411288e-13,-3.0,-1.0955087717848977,2.11924793952276e-13,-2.9999999999999956,0.0021822739053871014
18.72,HOVER,True,-0.0022392600567198353,1.0516199889220859e-11,0.49993730035979284,-0.0005628929053546306,3.379767426616889e-12,-6.917086437198069e-05,-1.1549680235896505e-13,0.11342329440494658,3.114829042529411e-13,0.0,0.0,0.5,0.0012687856563106616,2.0929251374727524e-12,-0.2000151852885579,0.0,-2.0978251189569256e-12,0.2,0.0012687856563106616,-4.899981484173194e-15,-1.5185288557900689e-05,40.818846476522076,40.81881783522969,40.818817835229666,40.818846476522054,-1.0984988737270187,2.2315857728564994e-13,-3.0,-1.096519716723718,2.1567987659997097e-13,-2.9999999999999956,0.002240137684720077
18.8,HOVER,True,-0.002255625029283228,1.079080271466698e-11,0.49993270262753614,-5.4555457265535056e-05,3.4553690585359747e-12,-5.247428043622707e-05,-1.1921834723316603e-13,0.11339201330631693,3.123506638631253e-13,0.0,0.0,0.5,0.0012683158917408226,2.1124440427881864e-12,-0.20001359970625737,0.0,-2.1163297165493528e-12,0.2,0.0012683158917408226,-3.885673761166396e-15,-1.3599706257361177e-05,40.81877293144134,40.8187472807491,40.8187472807491,40.81877293144134,-1.09940446685674,2.2693817576852515e-13,-3.0,-1.0974951673310551,2.1944360398791726e-13,-2.9999999999999956,0.002256628726456681
18.88,HOVER,True,-0.002233137651977308,1.1071570898117834e-11,0.4999294274408956,0.0004207271741562262,3.533122447304114e-12,-3.6041885960231105e-05,-1.234867638060181e-13,0.11335349366508288,3.1324278205649885e-13,0.0,0.0,0.5,0.0012676951670541454,2.130947573016699e-12,-0.20001189954073573,0.0,-2.134925587656445e-12,0.2,0.0012676951670541454,-3.978014639746015e-15,-1.1899540735715863e-05,40.818676124909544,40.81865368093529,40.81865368093529,40.818676124909544,-1.1002770687467107,2.307229439270235e-13,-3.0,-1.098435964259239,2.2321463295511743e-13,-2.9999999999999956,0.002234252505599417
18.96,HOVER,True,-0.002174732291963234,1.1358698110688354e-11,0.4999274404145519,0.0008578822389860511,3.6133897549629804e-12,-2.0107818728100164e-05,-1.2816036907251142e-13,0.11330878334602393,3.144159592701687e-13,0.0,0.0,0.5,0.001266942589667605,2.1499517859380144e-12,-0.20001012659886042,0.0,-2.1538994068471535e-12,0.2,0.001266942589667605,-3.9476209091391436e-15,-1.01265988604049e-05,40.818559026938516,40.818539926947246,40.818539926947246,40.818559026938516,-1.1011174866397557,2.3451369574784413e-13,-3.0,-1.0993429369955183,2.2699234280929878e-13,-2.9999999999999956,0.0021759424245940107
19.04,HOVER,True,-0.002083698639240611,1.1652401227816951e-11,0.4999266896564527,0.0012527403882151892,3.696438730929784e-12,-4.884084612925499e-06,-1.3309263815108222e-13,0.11325895796450054,3.152056878061776e-13,0.0,0.0,0.5,0.001266078109185939,2.1688775181896012e-12,-0.20000831464588312,0.0,-2.1729848455476804e-12,0.2,0.001266078109185939,-4.1073273580792145e-15,-8.314645883106264e-06,40.818424729126264,40.818409046697646,40.818409046697646,40.818424729126264,-1.101926516449184,2.383109458268504e-13,-3.0,-1.1002169038154483,2.3077657730687086e-13,-2.9999999999999956,0.0020849878718218473
19.12,HOVER,True,-0.0019636090047246823,1.1952910217263605e-11,0.49992710765908543,0.001602041428506677,3.782392435593976e-12,9.441548781790684e-06,-1.3828838678975007e-13,0.1132051013527688,3.1582081528334884e-13,0.0,0.0,0.5,0.0012651221332888414,2.1887992713780387e-12,-0.20000649318684038,0.0,-2.1917951763817802e-12,0.2,0.0012651221332888414,-2.995905003741484e-15,-6.493186840372811e-06,40.81827638931003,40.81826414237366,40.81826414237366,40.81827638931003,-1.102704942644253,2.4211503808981845e-13,-3.0,-1.1010586717111184,2.345674269142354e-13,-2.9999999999999956,0.001964961479724186
19.2,HOVER,True,-0.0018182460083354416,1.2260466987485713e-11,0.49992861332986166,0.0019034252028285845,3.871428417320956e-12,2.2707108794163346e-05,-1.4367625260089983e-13,0.11314828875681784,3.16399664017106e-13,0.0,0.0,0.5,0.001264095162456343,2.2084079664920426e-12,-0.20000468969113203,0.0,-2.2102288719969314e-12,0.2,0.001264095162456343,-1.820905504888795e-15,-4.689691132014895e-06,40.818117177640545,40.81810833231539,40.81810833231539,40.818117177640545,-1.103453538133245,2.4592579573789004e-13,-3.0,-1.1018690363022139,2.383649178668622e-13,-2.9999999999999956,0.001819646834828453
19.28,HOVER,True,-0.001651531727457916,1.2575321850166012e-11,0.4999311141111854,0.0021554095927456985,3.963596304843742e-12,3.477735643917101e-05,-1.4914320900971117e-13,0.1130895714808851,3.1680096000817634e-13,0.0,0.0,0.5,0.001263017457479884,2.227996529212786e-12,-0.20000293001240227,0.0,-2.2283448464518764e-12,0.2,0.001263017457479884,-3.4831723909052523e-16,-2.9300124022579865e-06,40.8179502259827,40.817944699624626,40.817944699624626,40.8179502259827,-1.1041730641440137,2.497436391461139e-13,-3.0,-1.1026487817356705,2.42169175119449e-13,-2.9999999999999956,0.0016529677288071613
19.36,HOVER,True,-0.0014674592649190899,1.2897721189879592e-11,0.4999345081443255,0.0023573568676868743,4.058776847490279e-12,4.5544176229238365e-05,-1.5414943723875937e-13,0.11302996267518466,3.174972150322835e-13,0.0,0.0,0.5,0.0012619087393939718,2.2455329233015406e-12,-0.20000123801872177,0.0,-2.246300805150499e-12,0.2,0.0012619087393939718,-7.678818489583256e-16,-1.2380187217608807e-06,40.81777858154406,40.8177762464909,40.8177762464909,40.81777858154406,-1.1048642701024043,2.5356950943861593e-13,-3.0,-1.1033986805773894,2.4598049111725467e-13,-2.9999999999999956,0.0014689199696908495
19.44,HOVER,True,-0.0012700276076283057,1.3227889744587794e-11,0.49993868643751294,0.0025094294802410237,4.156717417769682e-12,5.492649201517355e-05,-1.5918379970091166e-13,0.11297042442712397,3.182250900784434e-13,0.0,0.0,0.5,0.0012607879201969817,2.264595287785825e-12,-0.19999963514641697,0.0,-2.2643805988645573e-12,0.2,0.0012607879201969817,2.1468892126747992e-16,3.6485358304028104e-07,40.81760516515365,40.81760585331167,40.81760585331167,40.81760516515365,-1.1055278935107617,2.5740335473376654e-13,-3.0,-1.1041194936987309,2.4979930395121586e-13,-2.9999999999999956,0.00127150677429691
19.52,HOVER,True,-0.001063180552312192,1.3566047759174924e-11,0.49994353500340616,0.0026125365390005833,4.25741080421344e-12,6.286976108327926e-05,-1.6423578728224355e-13,0.11291185637980776,3.1935686741209945e-13,0.0,0.0,0.5,0.0012596728646152794,2.2839514724548224e-12,-0.19999814011159023,0.0,-2.2827536042673902e-12,0.2,0.0012596728646152794,1.1978681874321799e-15,1.859888409783128e-06,40.81743273445059,40.81743624242526,40.81743624242526,40.81743273445059,-1.1061646598295598,2.612449161614398e-13,-3.0,-1.1048119701605288,2.536256992391854e-13,-2.9999999999999956,0.001064678910590043
19.6,HOVER,True,-0.0008507503680226063,1.3912416436958263e-11,0.49994893693440956,0.002668272331133305,4.360883781818324e-12,6.934508560645154e-05,-1.6941288047828803e-13,0.11285508602106858,3.207333028386613e-13,0.0,0.0,0.5,0.001258580184252933,2.303088496237689e-12,-0.19999676877040964,0.0,-2.30185186355617e-12,0.2,0.001258580184252933,1.2366326815188255e-15,3.231229590366924e-06,40.817263852180226,40.81726994667037,40.81726994667037,40.817263852180226,-1.1067752823651777,2.650944749305064e-13,-3.0,-1.105476847097498,2.574597970451036e-13,-2.9999999999999956,0.000852281423802076
19.68,HOVER,True,-0.000636406750731124,1.4267221948454686e-11,0.4999547743873525,0.0026788483405983457,4.467191706127415e-12,7.434797957545506e-05,-1.74540727167002e-13,0.11280086070275358,3.22025906571226e-13,0.0,0.0,0.5,0.001257525065330417,2.321930287623765e-12,-0.19999553406877799,0.0,-2.3215105525370346e-12,0.2,0.001257525065330417,4.1973508673041303e-16,4.46593122202521e-06,40.81710085972626,40.81710928301314,40.81710928301314,40.81710085972626,-1.10736046216652,2.689527993796033e-13,-3.0,-1.106114849605893,2.6130185058473426e-13,-2.9999999999999956,0.00063801168360422
19.76,HOVER,True,-0.0004236115085078849,1.4630686362695044e-11,0.49996093045230183,0.0026470202228482957,4.5762470607201124e-12,7.789683342208509e-05,-1.7962468655758781e-13,0.112749841397866,3.2319757857090174e-13,0.0,0.0,0.5,0.001256521130492379,2.3402588127306175e-12,-0.19999444604345237,0.0,-2.341373550855585e-12,0.2,0.001256521130492379,-1.1147381249673561e-15,5.553956547638128e-06,40.81694585591663,40.81695633135099,40.81695633135099,40.81694585591663,-1.107920887932799,2.728208376668834e-13,-3.0,-1.1067266906371303,2.6515241365304556e-13,-2.9999999999999956,0.0004254093789488725
19.84,HOVER,True,-0.00021557929989886584,1.5003021727940697e-11,0.499967290883859,0.0025760111761869535,4.687877407722597e-12,8.003112194177587e-05,-1.842720014035069e-13,0.11270259817287667,3.2416612427262193e-13,0.0,0.0,0.5,0.0012555803344354542,2.356788232618964e-12,-0.19999351186144235,0.0,-2.361194903091746e-12,0.2,0.0012555803344354542,-4.406670472782021e-15,6.48813855766428e-06,40.81680068105268,40.8168129184674,40.8168129184674,40.81680068105268,-1.1084572359344926,2.766999102306948e-13,-3.0,-1.1073130708998529,2.6901222097125757e-13,-2.9999999999999956,0.00021804660241244562
19.92,HOVER,True,-1.5244635148556506e-05,1.538441701730469e-11,0.4999737456770666,0.002469433107732696,4.801827313378036e-12,8.080940313154809e-05,-1.8927335628341292e-13,0.11265960733088404,3.2524187565890975e-13,0.0,0.0,0.5,0.0012547128924600308,2.377818583314087e-12,-0.19999273589596192,0.0,-2.3809846149240355e-12,0.2,0.0012547128924600308,-3.1660316099485793e-15,7.264104038090524e-06,40.81666690602251,40.81668060700204,40.81668060700204,40.81666690602251,-1.1089701699491976,2.8059004169046714e-13,-3.0,-1.1078746787726794,2.728820837585666e-13,-2.9999999999999956,3.0359321031676366e-05
20.0,HOVER,True,0.00017476475874810555,1.577507526207615e-11,0.4999801904738609,0.0023312069334831195,4.918454445463167e-12,8.030715542761879e-05,-1.9484081728031184e-13,0.11262125016117475,3.261951191624905e-13,0.0,0.0,0.5,0.001253927240587261,2.3982431533026477e-12,-0.1999921198381058,0.0,-2.400662996619622e-12,0.2,0.001253927240587261,-2.419843316974195e-15,7.880161894208149e-06,40.81654582628917,40.816560689228396,40.816560689228396,40.81654582628917,-1.1094603412138098,2.844900738029979e-13,-3.0,-1.1084121902296076,2.767620628914008e-13,-2.9999999999999956,0.00017588387710685714
20.080000000000002,HOVER,True,0.004244485799184541,1.6175229971444677e-11,0.4999869150221421,0.0772944706525534,5.03806142572612e-12,9.144298499723586e-05,-2.0065400559802883e-13,0.11137297640695508,3.273453439599885e-13,0.0,0.0,0.5,0.0012518470378399783,2.418169797242826e-12,-0.21111332818995182,0.0,-2.4202549353948746e-12,0.2,0.0012518470378399783,-2.0851381520486088e-15,-0.01111332818995181,40.82671474937095,40.80575366714439,40.80575366714439,40.82671474937095,-1.1095068522267044,2.8839475029455315e-13,-3.0,-1.1088509803305147,2.806512421900325e-13,-2.9999999999999956,0.004244505968440234
20.16,HOVER,True,0.015212106174868739,1.6585094986645967e-11,0.5000038275879022,0.16211461828782944,5.160043823410326e-12,0.0003067790250403193,-2.06377556025932e-13,0.10462141742628607,3.295142601465412e-13,0.0,0.0,0.5,0.00122704263980119,2.4374862723887013e-12,-0.2091806852735651,0.0,-2.440249988136536e-12,0.2,0.00122704263980119,-2.763715747834609e-15,-0.009180685273565081,40.821087794600864,40.80377191085962,40.80377191085962,40.821087794600864,-1.1088405784006055,2.922882914774296e-13,-3.0,-1.1089742641628886,2.84544481072784e-13,-2.9999999999999956,0.015212106656407216
20.240000000000002,HOVER,True,0.03256988110287967,1.7004776815983437e-11,0.5000624907666461,0.23934730319173597,5.282879903462333e-12,0.000971315641105886,-2.1198083039968612e-13,0.09292142901435403,3.329906483154755e-13,0.0,0.0,0.5,0.0011490836700648053,2.4577357138856292e-12,-0.20404983979198754,0.0,-2.461803728550044e-12,0.2,0.0011490836700648053,-4.06801466441467e-15,-0.004049839791987531,40.80429219957035,40.79665371149249,40.79665371149249,40.80429219957035,-1.1074838678673116,2.961527711364662e-13,-3.0,-1.1086327122433017,2.884316843704656e-13,-2.9999999999999956,0.032569941052320535
20.32,HOVER,True,0.055515221458010994,1.7434285399533877e-11,0.5001962400648905,0.30578536724904504,5.405723671259858e-12,0.0019995810982774706,-2.188621841743589e-13,0.07899398758583272,3.369267624017384e-13,0.0,0.0,0.5,0.0010210124399211002,2.480498625183568e-12,-0.20091736939205251,0.0,-2.4851951923006917e-12,0.2,0.0010210124399211002,-4.696567117123669e-15,-0.0009173693920525028,40.781695263682415,40.7799649939621,40.77996499396209,40.7816952636824,-1.1054693115944823,2.9997020294464095e-13,-3.0,-1.1077461154160326,2.922999237862311e-13,-2.9999999999999956,0.055515568300208123
20.400000000000002,HOVER,True,0.08310955855065481,1.7873642054068012e-11,0.5004188943841393,0.3602837457800905,5.5290098847993636e-12,0.0031124197963347264,-2.2697405822281118e-13,0.06463592721437393,3.411719252117246e-13,0.0,0.0,0.5,0.0008687148095888036,2.5059295533265332e-12,-0.1998169683109588,0.0,-2.509880558601521e-12,0.2,0.0008687148095888036,-3.9510052749876854e-15,0.00018303168904121314,40.75729898660201,40.75764420652339,40.75764420652339,40.75729898660201,-1.1028309835285242,3.037211347912813e-13,-3.0,-1.1062785862250888,2.9613389089181143e-13,-2.9999999999999956,0.08311061421376804
20.48,HOVER,True,0.11439361952314461,1.832292449088516e-11,0.5007229843020895,0.40285100601071133,5.653514520028971e-12,0.004067633428423345,-2.36103780598067e-13,0.05052680361227908,3.453720066682987e-13,0.0,0.0,0.5,0.000717623574894278,2.530467486860782e-12,-0.19960052330847525,0.0,-2.5353158147311902e-12,0.2,0.000717623574894278,-4.848327870408175e-15,0.00039947669152476384,40.73392136361066,40.73467482500724,40.734674825007225,40.73392136361064,-1.0995997367588224,3.073837937119063e-13,-3.0,-1.104220677130257,2.99916174047771e-13,-2.9999999999999956,0.11439590418326628
20.56,HOVER,True,0.1484346359110233,1.878227170390587e-11,0.5010878558743292,0.43389517950009665,5.77996038957745e-12,0.004734335470008254,-2.460862627352748e-13,0.0368193714772932,3.49600631934213e-13,0.0,0.0,0.5,0.0005839169383105264,2.556990002185057e-12,-0.19951661660126727,0.0,-2.5608111664775757e-12,0.2,0.0005839169383105264,-3.821164292518707e-15,0.00048338339873274516,40.71333508165706,40.71424680126028,40.71424680126028,40.71333508165706,-1.0958032503992985,3.109350947308151e-13,-3.0,-1.1015778030955905,3.0362733281840246e-13,-2.9999999999999956,0.14843862222629714
20.64,HOVER,True,0.18433817449528067,1.925187314610763e-11,0.5014876167921942,0.4539099789505191,5.90894175196924e-12,0.005070367426871597,-2.566891661420866e-13,0.0235652624466036,3.5374420436681506e-13,0.0,0.0,0.5,0.0004756565750510094,2.5832184482215365e-12,-0.1993361849726244,0.0,-2.585942832929783e-12,0.2,0.0004756565750510094,-2.7243847082463696e-15,0.0006638150273756138,40.696560573517516,40.69781260901347,40.69781260901347,40.696560573517516,-1.0914673931963517,3.1435200111871847e-13,-3.0,-1.098363558863487,3.0724648086808774e-13,-2.9999999999999956,0.18434417696247682
20.72,HOVER,True,0.2212514671809024,1.9731960890401067e-11,0.5018960734264779,0.46343007555449256,6.0409691102387e-12,0.005084622770114089,-2.675623423230322e-13,0.010858275220177384,3.578599820323702e-13,0.0,0.0,0.5,0.00039590520728521026,2.6069693666583704e-12,-0.1990805005342117,0.0,-2.6102743773846188e-12,0.2,0.00039590520728521026,-3.3050107262483616e-15,0.0009194994657883149,40.68408764274483,40.68582193004205,40.68582193004205,40.68408764274483,-1.0866171718929871,3.176127880488098e-13,-3.0,-1.0945960836808533,3.10752128911114e-13,-2.9999999999999956,0.22125959148507107
20.8,HOVER,True,0.2583683457623294,2.02227911652449e-11,0.502289355412505,0.46306232689743226,6.176234326115735e-12,0.0048127825841193855,-2.7856313110929904e-13,-0.0011686293433421585,3.617222332733537e-13,0.0,0.0,0.5,0.0003448001432625696,2.6318688543725764e-12,-0.19881601732960022,0.0,-2.633438116355385e-12,0.2,0.0003448001432625696,-1.5692619828084933e-15,0.0011839826703997913,40.67600001907165,40.67823315370827,40.67823315370827,40.67600001907165,-1.0812770712544053,3.206983088144096e-13,-3.0,-1.0902960573306104,3.141233553503986e-13,-2.9999999999999956,0.25837848834639343
20.88,HOVER,True,0.2949363327361537,2.0724635457552e-11,0.5026473198075636,0.45350628582886576,6.3149695467247895e-12,0.004305120175681699,-2.896275275411851e-13,-0.012377903639169012,3.651128403580152e-13,0.0,0.0,0.5,0.00032056184606312095,2.6553097595449847e-12,-0.19858198275907007,0.0,-2.654821208969553e-12,0.2,0.00032056184606312095,4.885505754318504e-16,0.0014180172409299363,40.67206178006147,40.67473633222783,40.67473633222783,40.67206178006147,-1.0754710827555853,3.235905975607692e-13,-3.0,-1.0854855239771573,3.173401250571256e-13,-2.9999999999999956,0.29494821353928335
20.96,HOVER,True,0.3302640086966538,2.1237783122728e-11,0.5029543217610101,0.43555107292100936,6.457378893086342e-12,0.0036197660257284775,-3.0064580027906853e-13,-0.02264950172209385,3.682467492812847e-13,0.0,0.0,0.5,0.0003200321328805948,2.678138780328316e-12,-0.19838950313420206,0.0,-2.6740410953281817e-12,0.2,0.0003200321328805948,4.097685000134406e-15,0.0016104968657979502,40.67179901577232,40.67483660781069,40.67483660781069,40.67179901577232,-1.0692226626905563,3.262745058761527e-13,-3.0,-1.0801871621793544,3.203838578494151e-13,-2.9999999999999956,0.3302772221293061
21.04,HOVER,True,0.36372733647540406,2.1762533471547762e-11,0.5031995591123278,0.4100595794900676,6.603512852234031e-12,0.002817749940072935,-3.1087760497074975e-13,-0.03188760486408705,3.7150437810597756e-13,0.0,0.0,0.5,0.00033909250352510446,2.6949105453814372e-12,-0.19823725258547334,0.0,-2.6912542557798057e-12,0.2,0.00033909250352510446,3.656289601631559e-15,0.001762747414526672,40.67457880402071,40.677903559023804,40.677903559023804,40.67457880402071,-1.0625547087350937,3.287385045731905e-13,-3.0,-1.0744238250248364,3.2323806138929423e-13,-2.9999999999999956,0.36374140880301914
21.12,HOVER,True,0.39477452384753653,2.2299159453623834e-11,0.5033770655901315,0.377949940013947,6.752884363049943e-12,0.0019588212193619144,-3.2017846380883614e-13,-0.040020029945239996,3.745360860127531e-13,0.0,0.0,0.5,0.00037305673556884246,2.711307518091658e-12,-0.1981219008118335,0.0,-2.7065389832104406e-12,0.2,0.00037305673556884246,4.768534881217421e-15,0.0018780991881665043,40.67967925836006,40.68322158077148,40.683221580771495,40.679679258360075,-1.0554895580908552,3.309744637121003e-13,-3.0,-1.0682182549448735,3.258890852272681e-13,-2.9999999999999956,0.39478896799562324
21.2,HOVER,True,0.4229294622204909,2.2847894466037147e-11,0.5034854115516048,0.3401782256078862,6.905048999964684e-12,0.0010980299697526492,-3.2849880094937123e-13,-0.046996200562090744,3.7699863584946214e-13,0.0,0.0,0.5,0.0004170327206071019,2.7235292367533113e-12,-0.19804134279576477,0.0,-2.719419063041325e-12,0.2,0.0004170327206071019,4.1101737119862536e-15,0.0019586572042352424,40.68634807025649,40.69004233483771,40.69004233483771,40.68634807025649,-1.0480489895092668,3.3297559712841423e-13,-3.0,-1.0615929098066799,3.283256397409066e-13,-2.9999999999999956,0.42294382382037177
21.28,HOVER,True,0.44779387145105126,2.34089413529279e-11,0.5035271777932907,0.2977226981258261,7.059661640049435e-12,0.0002831430501009232,-3.3610646330699117e-13,-0.05278568678218897,3.7896604827129025e-13,0.0,0.0,0.5,0.0004662376660740298,2.732745132433976e-12,-0.19799444192171683,0.0,-2.729522842029567e-12,0.2,0.0004662376660740298,3.222290404409015e-15,0.002005558078283176,40.69385061067074,40.697633335977734,40.697633335977734,40.69385061067074,-1.040254218061528,3.3473774479964106e-13,-3.0,-1.0545698557569754,3.3053879760642853e-13,-2.9999999999999956,0.4478077626530229
21.36,HOVER,True,0.46904824164680003,2.3982481810812493e-11,0.503508268780981,0.25156900518576075,7.216483191118356e-12,-0.0004471218651667294,-3.4316633912588095e-13,-0.05737728915452447,3.8065441777421175e-13,0.0,0.0,0.5,0.0005162593952165885,2.7406259053742064e-12,-0.19798014083408333,0.0,-2.736775154368014e-12,0.2,0.0005162593952165885,3.85075100619237e-15,0.002019859165916682,40.70150916822656,40.705318867115956,40.705318867115956,40.70150916822656,-1.0321258809846892,3.362598571631146e-13,-3.0,-1.0471706975060646,3.3252220960810827e-13,-2.9999999999999956,0.4690613615954682
21.44,HOVER,True,0.4864516222703963,2.4568686681837893e-11,0.5034371274611468,0.20269591981154894,7.375401784454581e-12,-0.0010641047461634543,-3.495176089179401e-13,-0.06077820153053844,3.819409838461298e-13,0.0,0.0,0.5,0.0005632611688590377,2.7449345568985654e-12,-0.19799695912982987,0.0,-2.7412789636782465e-12,0.2,0.0005632611688590377,3.655593220318941e-15,0.002003040870170142,40.708733889885465,40.71251186743326,40.71251186743326,40.708733889885465,-1.0236840178256017,3.375440436465473e-13,-3.0,-1.0394165287316548,3.3427222888376966e-13,-2.9999999999999956,0.4864637649966177
21.52,HOVER,True,0.49984029946236447,2.5167706778692005e-11,0.5033239085257707,0.1520616145779495,7.536075356307748e-12,-0.0015495208687394877,-3.548773590427642e-13,-0.06301296495785452,3.826750000397281e-13,0.0,0.0,0.5,0.0006041284369122094,2.745989851757572e-12,-0.198042894154134,0.0,-2.7427257242441354e-12,0.2,0.0006041284369122094,3.2641275134364423e-15,0.001957105845866003,40.71504519529131,40.71873653382286,40.71873653382286,40.71504519529131,-1.0149480491158953,3.3859637954196667e-13,-3.0,-1.0313278935622525,3.3578840311933965e-13,-2.9999999999999956,0.49985135123805946
21.6,HOVER,True,0.5091254150329313,2.577967003656785e-11,0.5031796614319721,0.10059067530685406,7.698383378242887e-12,-0.0018951596811933981,-3.6018215976724903e-13,-0.06412214554659476,3.832942813367672e-13,0.0,0.0,0.5,0.0006365569260236622,2.7443792004157225e-12,-0.19811550333938066,0.0,-2.741373354598614e-12,0.2,0.0006365569260236622,3.0058458171084253e-15,0.0018844966606193503,40.72008736479664,40.723641753615524,40.723641753615524,40.72008736479664,-1.005936757123547,3.394230031093372e-13,-3.0,-1.0229247551150267,3.370728994113549e-13,-2.9999999999999956,0.5091353439698294
21.68,HOVER,True,0.514289600867498,2.6404709272308234e-11,0.5030155679271118,0.049162115135319165,7.86226004926134e-12,-0.0021020519188146088,-3.6448820633901145e-13,-0.06416077694956643,3.8370832456527285e-13,0.0,0.0,0.5,0.0006590836716735871,2.739403680840203e-12,-0.19821201848949652,0.0,-2.7375070852646026e-12,0.2,0.0006590836716735871,1.896595575600208e-15,0.0017879815105034946,40.723633406763696,40.72700575632637,40.72700575632637,40.723633406763696,-0.9966682711669829,3.4003529157225907e-13,-3.0,-1.0142264697574122,3.381304606822746e-13,-2.9999999999999956,0.5142984417732309
21.76,HOVER,True,0.5153827224738291,2.704293008616037e-11,0.5028422708262922,-0.00140137096326219,8.02741273990307e-12,-0.002179210473867021,-3.684860521565352e-13,-0.06319663157626386,3.8390729409325196e-13,0.0,0.0,0.5,0.0006710654463491792,2.7321102926947964e-12,-0.1983294427627499,0.0,-2.731305591390711e-12,0.2,0.0006710654463491792,8.047013040854187e-16,0.0016705572372500976,40.72558184046283,40.72873271363202,40.72873271363202,40.72558184046283,-0.9871600589874068,3.4044508794873985e-13,-3.0,-1.0052517670114416,3.3896870973524986e-13,-2.9999999999999956,0.5153905597971172
21.84,HOVER,True,0.5125168421743654,2.769443637728922e-11,0.5026693215027941,-0.05034271575915136,8.193880837599025e-12,-0.0021420648351857174,-3.7229039955999893e-13,-0.06130837756384275,3.838080917908881e-13,0.0,0.0,0.5,0.0006726117232425655,2.7228077118729435e-12,-0.19846462995938233,0.0,-2.7228609517630956e-12,0.2,0.0006726117232425655,-5.3239890152148464e-17,0.001535370040617684,40.725946489204134,40.72884238295617,40.72884238295617,40.725946489204134,-0.9774289248099781,3.406659207611338e-13,-3.0,-0.996018735429921,3.395971846172904e-13,-2.9999999999999956,0.5125237933888228
21.92,HOVER,True,0.5058605252700016,2.835934118778568e-11,0.502504763550906,-0.09697820863693112,8.36180995083765e-12,-0.0020107153224642564,-3.7580730552851817e-13,-0.0585836691914994,3.8350860191306287e-13,0.0,0.0,0.5,0.0006644813805038964,2.7086385286411016e-12,-0.19861435491870916,0.0,-2.712304565638696e-12,0.2,0.0006644813805038964,-3.6660369975942634e-15,0.0013856450812908538,40.72484070382021,40.727454198174854,40.727454198174854,40.72484070382021,-0.967491013978776,3.4071329829101543e-13,-3.0,-0.9865448147162753,3.4002740284448867e-13,-2.9999999999999956,0.5058667263883718
22.0,HOVER,True,0.4956326210939665,2.903775855735625e-11,0.5023548600494221,-0.14070355272671115,8.531143564055981e-12,-0.0018081311587257775,-3.793717807948076e-13,-0.055117213188536046,3.8293908661415834e-13,0.0,0.0,0.5,0.0006479536171538132,2.695103013264492e-12,-0.1987753791168297,0.0,-2.6997286669690968e-12,0.2,0.0006479536171538132,-4.625653704604775e-15,0.0012246208831703242,40.72245762635582,40.72476740958095,40.724767409580934,40.722457626355805,-0.9573618234488446,3.406046936424448e-13,-3.0,-0.9768467940674161,3.402730341840073e-13,-2.9999999999999956,0.4956382152924931
22.080000000000002,HOVER,True,0.48209565503603635,2.9729821769728774e-11,0.5022239624452526,-0.18099821509524217,8.702323380577489e-12,-0.0015584063775571965,-3.836268424344489e-13,-0.051008850172752356,3.822748760816464e-13,0.0,0.0,0.5,0.0006246839873621969,2.6817117803859354e-12,-0.19894451090115117,0.0,-2.6853673472243724e-12,0.2,0.0006246839873621969,-3.655566838436973e-15,0.0010554890988488386,40.71904816624059,40.72103894644721,40.72103894644721,40.71904816624059,-0.9470562170003219,3.4035643464186474e-13,-3.0,-0.9669408163474167,3.403488478688878e-13,-2.9999999999999956,0.48210078470542117
22.16,HOVER,True,0.4655489673459633,3.0435715399145835e-11,0.5021145108458596,-0.2174280895588378,8.876016197596002e-12,-0.0012851710192670093,-3.8866094853145934e-13,-0.04636168679203628,3.8156437677130635e-13,0.0,0.0,0.5,0.0005965561106263325,2.6669391086303237e-12,-0.19911865836844345,0.0,-2.6695162768760513e-12,0.2,0.0005965561106263325,-2.5771682457275518e-15,0.0008813416315565648,40.714898306318545,40.71656062332143,40.71656062332143,40.714898306318545,-0.9365884438275799,3.399868193505028e-13,-3.0,-0.9568423873569895,3.4027069683761145e-13,-2.9999999999999956,0.4655537693467964
22.240000000000002,HOVER,True,0.44632173014041443,3.115568032634775e-11,0.5020271488780287,-0.249646541168004,9.052904952962378e-12,-0.001010233828493943,-3.940130228313778e-13,-0.041280309242712074,3.8071554127940187e-13,0.0,0.0,0.5,0.0005655385884038829,2.648222599145629e-12,-0.19929487351729663,0.0,-2.6523514096855253e-12,0.2,0.0005655385884038829,-4.128810539896205e-15,0.0007051264827033776,40.710307199184854,40.71163715308627,40.71163715308627,40.710307199184854,-0.9259721591432668,3.3951573069002166e-13,-3.0,-0.9465663892178328,3.4005567125053053e-13,-2.9999999999999956,0.4463263336708989
22.32,HOVER,True,0.4247659661727031,3.188998781239186e-11,0.5019609314998753,-0.27739394200885603,9.233248155959496e-12,-0.0007525087977723221,-3.9981209630235397e-13,-0.03586910309035105,3.7934510037286993e-13,0.0,0.0,0.5,0.0005335551111031974,2.630174884200087e-12,-0.19947038745119566,0.0,-2.6338006038718066e-12,0.2,0.0005335551111031974,-3.625719671719731e-15,0.0005296125488043479,40.70556727814365,40.70656619151991,40.70656619151991,40.70556727814365,-0.9152204455887631,3.3896401303598976e-13,-3.0,-0.9361270967743288,3.397223502237488e-13,-2.9999999999999956,0.4247704924673761
22.400000000000002,HOVER,True,0.40124968241983794,3.263894120126229e-11,0.5019136013337069,-0.3004958375591674,9.417556576706847e-12,-0.0005272535277465988,-4.0622697679172283e-13,-0.030230698441166284,3.7794615674286123e-13,0.0,0.0,0.5,0.0005023738616440898,2.6113333574936976e-12,-0.1996426373082394,0.0,-2.6138629167590673e-12,0.2,0.0005023738616440898,-2.529559265369729e-15,0.00035736269176062097,40.70094731996041,40.70162134925557,40.70162134925557,40.70094731996041,-0.9043458345073669,3.383508594026098e-13,-3.0,-0.9255381959300684,3.3928968425843264e-13,-2.9999999999999956,0.40125424547546557
22.48,HOVER,True,0.37615021931058157,3.340288442005535e-11,0.5018819081508822,-0.31885990102116823,9.606290987823657e-12,-0.000345624403484567,-4.13120291262044e-13,-0.024464554090798157,3.7662166775917285e-13,0.0,0.0,0.5,0.0004735203050325213,2.5893946513469364e-12,-0.19980928608279241,0.0,-2.5929865977645003e-12,0.2,0.0004735203050325213,-3.5919464175638715e-15,0.00019071391720759667,40.696679087722835,40.69703879725647,40.69703879725647,40.696679087722835,-0.8933603264574626,3.3769617470797266e-13,-3.0,-0.9148128029631167,3.387769184960055e-13,-2.9999999999999956,0.3761549269459154
22.56,HOVER,True,0.349847903327756,3.4182184828800794e-11,0.501861946887009,-0.3324718407885298,9.799648236412389e-12,-0.0002145335121662063,-4.2027097581489124e-13,-0.018665689654288033,3.751537998315172e-13,0.0,0.0,0.5,0.0004482154686708364,2.5672159434692775e-12,-0.19996823665826705,0.0,-2.5714215131800495e-12,0.2,0.0004482154686708364,-4.205569710772004e-15,3.1763341732965467e-05,40.69294787786451,40.69300778737195,40.69300778737195,40.69294787786451,-0.8822754106665597,3.3702019225168523e-13,-3.0,-0.9039634840678922,3.3820367581696906e-13,-2.9999999999999956,0.34985285808327615
22.64,HOVER,True,0.32272007750064086,3.4977225952776065e-11,0.5018494917063688,-0.34139042542172315,9.997927169153385e-12,-0.00013677603466852954,-4.282314047667927e-13,-0.012923570977943359,3.7370433182393873e-13,0.0,0.0,0.5,0.0004273400004883554,2.5453427849533586e-12,-0.20011764129576287,0.0,-2.5492533687494765e-12,0.2,0.0004273400004883554,-3.9105837961179286e-15,-0.00011764129576286031,40.689887016556625,40.68966513083243,40.68966513083243,40.689887016556625,-0.8711020834102102,3.3634064918109834e-13,-3.0,-0.8930022746137396,3.375892664430224e-13,-2.9999999999999956,0.32272537712673227
22.72,HOVER,True,0.2951355715092829,3.578843149475857e-11,0.5018403068280286,-0.34574178357301855,1.0201650648275017e-11,-0.00011138500717684348,-4.3686657884956743e-13,-0.007321151320698424,3.7210872224925357e-13,0.0,0.0,0.5,0.0004114227344764267,2.5238264965862e-12,-0.2002559076100392,0.0,-2.526691422229172e-12,0.2,0.0004114227344764267,-2.8649256429720396e-15,-0.0002559076100391855,40.68757611159143,40.68709343886146,40.68709343886146,40.68757611159143,-0.8598508655130388,3.356750669152252e-13,-3.0,-0.8819406978530355,3.3695224511499127e-13,-2.9999999999999956,0.2951413090357436
22.8,HOVER,True,0.2674496611054353,3.66162632190615e-11,0.5018304187197034,-0.34571312567871304,1.0411303732127914e-11,-0.0001341629033735492,-4.463820964944529e-13,-0.0019340687336958254,3.7065785830483805e-13,0.0,0.0,0.5,0.0004006512483393494,2.5002037333003292e-12,-0.20038170178319203,0.0,-2.503895596629184e-12,0.2,0.0004006512483393494,-3.691863328854585e-15,-0.0003817017831920233,40.68604267468442,40.685322738916604,40.685322738916604,40.68604267468442,-0.848531819297916,3.350400576407407e-13,-3.0,-0.870789783023862,3.3631063729120114e-13,-2.9999999999999956,0.26745592470181256
22.88,HOVER,True,0.2399995554850956,3.746121992331025e-11,0.5018163385224823,-0.34154602210795504,1.0627291511850965e-11,-0.00019833613848407004,-4.565142958508502e-13,0.0031700014204903686,3.6944417711401664e-13,0.0,0.0,0.5,0.0003949009845172406,2.4768953806997747e-12,-0.20049394946069132,0.0,-2.4811965556980397e-12,0.2,0.0003949009845172406,-4.301174998265025e-15,-0.000493949460691312,40.68526658873405,40.684334940258964,40.684334940258964,40.68526658873405,-0.8371545653528816,3.344520568472221e-13,-3.0,-0.8595600829524933,3.356818732102076e-13,-2.9999999999999956,0.24000642849447124
22.96,HOVER,True,0.21310044114541069,3.832383321220279e-11,0.5017952278899013,-0.3335293605462494,1.085009760234021e-11,-0.00029527883276300965,-4.676919380010113e-13,0.00793184099401421,3.6839461326454253e-13,0.0,0.0,0.5,0.0003937789170991853,2.4552682123601294e-12,-0.20059183450344956,0.0,-2.4588732882812065e-12,0.2,0.0003937789170991853,-3.605075921077129e-15,-0.0005918345034495454,40.68518680402407,40.68407053250942,40.68407053250942,40.68518680402407,-0.8257282994541824,3.339251000479562e-13,-3.0,-0.8482616913583404,3.350824542906527e-13,-2.9999999999999956,0.21310800280502215
23.04,HOVER,True,0.1870421015379207,3.920467840291388e-11,0.5017650055559894,-0.3219920948604113,1.108022344769091e-11,-0.00041525537283438495,-4.795799945339493e-13,0.012301033771282482,3.6761951565113543e-13,0.0,0.0,0.5,0.00039667745973717824,2.43237026793245e-12,-0.20067479556881862,0.0,-2.437070856538983e-12,0.2,0.00039667745973717824,-4.700588606533103e-15,-0.0006747955688186091,40.685709603084206,40.6844368569579,40.68443685695789,40.685709603084184,-0.8142618098957936,3.334730708555013e-13,-3.0,-0.836904260097901,3.3452786014260807e-13,-2.9999999999999956,0.18705042900868873
23.12,HOVER,True,0.16208612334507538,4.010436502812635e-11,0.5017243956883918,-0.3072958890995167,1.1318110059616549e-11,-0.00054813681916347,-4.924775713748492e-13,0.01623616446257566,3.673629542949836e-13,0.0,0.0,0.5,0.0004028342902139114,2.4122221449035654e-12,-0.2007425203454471,0.0,-2.4162451997343187e-12,0.2,0.0004028342902139114,-4.023054830753317e-15,-0.0007425203454470841,40.68671777080044,40.68531728754739,40.68531728754739,40.68671777080044,-0.8027634953531672,3.331081460794349e-13,-3.0,-0.8254970165622854,3.340326035860889e-13,-2.9999999999999956,0.16209529580319454
23.2,HOVER,True,0.13846369229583705,4.102354348220835e-11,0.5016729222856647,-0.2898277537015647,1.1564289104032207e-11,-0.0006840533891071747,-5.062408388839256e-13,0.019704877096827257,3.6724847570491354e-13,0.0,0.0,0.5,0.0004113939774703393,2.3915428922774933e-12,-0.20079493723653527,0.0,-2.3964275231694532e-12,0.2,0.0004113939774703393,-4.884630891959964e-15,-0.0007949372365352592,40.68808003857004,40.68658069071536,40.686580690715346,40.68808003857003,-0.7912413832742501,3.328412467671473e-13,-3.0,-0.814048781378432,3.336099713367343e-13,-2.9999999999999956,0.13847379807447371
23.28,HOVER,True,0.11637397395664006,4.196290482532999e-11,0.501610856442287,-0.2699927660283247,1.1819246066121327e-11,-0.000813953503140162,-5.209439677152895e-13,0.022683799114679687,3.673625197179007e-13,0.0,0.0,0.5,0.00042146769605845227,2.373867518052474e-12,-0.20083220431077575,0.0,-2.3775686407233067e-12,0.2,0.00042146769605845227,-3.7011226708325835e-15,-0.0008322043107757415,40.68966023253982,40.68809059447197,40.68809059447197,40.68966023253982,-0.7797031486643691,3.3268232303730067e-13,-3.0,-0.8025679864737822,3.332721175604822e-13,-2.9999999999999956,0.11638512221473325
23.36,HOVER,True,0.09598306778798493,4.2923177807842174e-11,0.5015391251753103,-0.24820696343277793,1.2083459479426073e-11,-0.0009300486760990343,-5.365492788213093e-13,0.025158338778088367,3.6763899871319435e-13,0.0,0.0,0.5,0.0004321878596098942,2.355406699997861e-12,-0.20085469543071424,0.0,-2.3597536503304284e-12,0.2,0.0004321878596098942,-4.346950332567332e-15,-0.0008546954307142307,40.69132563989092,40.68971358084832,40.68971358084832,40.69132563989092,-0.7681561330291902,3.3263990273196206e-13,-3.0,-0.7910626934649253,3.33030025282336e-13,-2.9999999999999956,0.09599540722502398
23.44,HOVER,True,0.07742351590425818,4.390512508559852e-11,0.5014591916676487,-0.22489049341296485,1.2357310045347902e-11,-0.001026132378257741,-5.529768543783037e-13,0.027122364923514563,3.6825954107763635e-13,0.0,0.0,0.5,0.0004427551568643557,2.339103008287029e-12,-0.20086298360185303,0.0,-2.343022998454886e-12,0.2,0.0004427551568643557,-3.919990167856839e-15,-0.0008629836018530235,40.69295420725058,40.69132651571395,40.69132651571395,40.69295420725058,-0.7566073631719287,3.327217109145578e-13,-3.0,-0.7795406122378964,3.328935660444521e-13,-2.9999999999999956,0.0774372652881018
23.52,HOVER,True,0.060794341435053134,4.4909537352339444e-11,0.501372917255448,-0.20046110129368444,1.2641122801654959e-11,-0.0010977694502559234,-5.699099273367112e-13,0.028577779513645832,3.688503212884339e-13,0.0,0.0,0.5,0.0004524761888836138,2.323731098742999e-12,-0.2008578217359426,0.0,-2.327262355601119e-12,0.2,0.0004524761888836138,-3.531256858120128e-15,-0.0008578217359425933,40.69444029512978,40.6928223394971,40.6928223394971,40.69444029512978,-0.7450635695116453,3.3293436611152964e-13,-3.0,-0.7680091195133988,3.328714516574696e-13,-2.9999999999999956,0.06080984173891694
23.6,HOVER,True,0.04616158523379425,4.593722060160404e-11,0.5012824153231391,-0.17532803066704825,1.2935067411907247e-11,-0.0011423603515293007,-5.874481467044551e-13,0.029533994793438007,3.696314651874717e-13,0.0,0.0,0.5,0.0004607906421929464,2.308109053846944e-12,-0.2008401211665308,0.0,-2.312481056575186e-12,0.2,0.0004607906421929464,-4.3720027282418455e-15,-0.0008401211665307884,40.695698825321706,40.69411425510558,40.69411425510558,40.695698825321706,-0.7335312035977302,3.3328299569779535e-13,-3.0,-0.7564752771420032,3.3297131497693923e-13,-2.9999999999999956,0.04617939519263839
23.68,HOVER,True,0.03355930402683657,4.69889949018247e-11,0.5011899065488897,-0.14988640509421064,1.323930477028135e-11,-0.001159091137697243,-6.055401203919206e-13,0.030007328039724515,3.7048253287675655e-13,0.0,0.0,0.5,0.00046728764940593076,2.29505925043713e-12,-0.2008109283828912,0.0,-2.298549523191355e-12,0.2,0.00046728764940593076,-3.490272754225009e-15,-0.0008109283828911795,40.69666776825878,40.69513825916636,40.69513825916636,40.69666776825878,-0.7220164545359974,3.337715787453231e-13,-3.0,-0.7449458498556086,3.331995337518954e-13,-2.9999999999999956,0.033580392558169116
23.76,HOVER,True,0.022990988077862092,4.806569489959141e-11,0.5010975837658992,-0.12451215111776981,1.3554052478709736e-11,-0.001148785352213876,-6.24194377752978e-13,0.030020327820613778,3.7194645732214923e-13,0.0,0.0,0.5,0.0004717116491607035,2.28131673150365e-12,-0.20077140053749937,0.0,-2.2856863782223645e-12,0.2,0.0004717116491607035,-4.36964671871437e-15,-0.000771400537499356,40.69730901867792,40.69585406388671,40.69585406388671,40.69730901867792,-0.7105252641055885,3.344025709834125e-13,-3.0,-0.7334273222112636,3.335611860497524e-13,-2.9999999999999956,0.023017172348478478
23.84,HOVER,True,0.014431352194818982,4.916816559933239e-11,0.5010074931871842,-0.09955751251377098,1.3879337835022217e-11,-0.0011136778174469489,-6.43173857628997e-13,0.029601046292263764,3.739399733005331e-13,0.0,0.0,0.5,0.0004739586288661909,2.270504018131924e-12,-0.20072278033290647,0.0,-2.2742415818065788e-12,0.2,0.0004739586288661909,-3.737563674654579e-15,-0.0007227803329064586,40.697607795671445,40.696244544471554,40.696244544471554,40.697607795671445,-0.6990633404230319,3.3517870917763306e-13,-3.0,-0.721925914497553,3.3406042198883405e-13,-2.9999999999999956,0.014466477411351016
23.92,HOVER,True,0.00782845055282252,5.029725229299116e-11,0.5009214370347385,-0.07534719405742513,1.4215224021536842e-11,-0.0010571314431684188,-6.625099312175928e-13,0.02878227734317759,3.7640040674425973e-13,0.0,0.0,0.5,0.0004740639737945074,2.2596128982536214e-12,-0.20066644089541846,0.0,-2.264255926957963e-12,0.2,0.0004740639737945074,-4.643028704341771e-15,-0.000666440895418452,40.69757082136958,40.69631383316863,40.69631383316862,40.69757082136957,-0.6876361700933856,3.3610063586425025e-13,-3.0,-0.7104475974257902,3.3470032662971293e-13,-2.9999999999999956,0.007882492262411351
24.0,HOVER,True,0.003106063736513144,5.145380672323699e-11,0.5008409006836382,-0.052175154894838996,1.4561787854543327e-11,-0.000983326902103795,-6.82432223003952e-13,0.027600751392530244,3.791818094770585e-13,0.0,0.0,0.5,0.00047218431793161577,2.2515701201552415e-12,-0.2006035314432276,0.0,-2.2557650735799354e-12,0.2,0.00047218431793161577,-4.194953424693975e-15,-0.000603531443227584,40.697223203172065,40.6960848698131,40.6960848698131,40.697223203172065,-0.676249028865427,3.371683547121886e-13,-3.0,-0.6989981054960585,3.3548293882204023e-13,-2.9999999999999956,0.003217879098882547
24.080000000000002,HOVER,True,0.0001663038153820856,5.263869441679685e-11,0.500767005600535,-0.03030209435813131,1.491923843845182e-11,-0.0008969296863577709,-7.029598236272203e-13,0.026096332252496034,3.8209642646430316e-13,0.0,0.0,0.5,0.0004685734578630791,2.2449438604484214e-12,-0.20053555002936094,0.0,-2.2485753833405613e-12,0.2,0.0004685734578630791,-3.63152289213996e-15,-0.0005355500293609261,40.69660527969029,40.69559516750697,40.69559516750697,40.69660527969029,-0.6649069907594014,3.3838095303252275e-13,-3.0,-0.6875829489526205,3.364092529855064e-13,-2.9999999999999956,0.0007848277201161376
24.16,HOVER,True,-0.0011076158286546435,5.385279727807727e-11,0.5007004884505469,-0.009953576593875052,1.528776133073812e-11,-0.0008027774906686456,-7.239797413074163e-13,0.02431125629531282,3.8502595136755115e-13,0.0,0.0,0.5,0.0004635564816892469,2.2399351250844668e-12,-0.20046383098054274,0.0,-2.242442547735553e-12,0.2,0.0004635564816892469,-2.507422651086036e-15,-0.00046383098054272875,40.69576816941319,40.69489332803749,40.69489332803749,40.69576816941319,-0.6536149361043961,3.3973742454631203e-13,-3.0,-0.6762074243960343,3.374795086543833e-13,-2.9999999999999956,0.0013105330569031662
24.240000000000002,HOVER,True,-0.0008484971298535441,5.509700678778079e-11,0.5006417035907315,0.00868118440744614,1.5667417367165093e-11,-0.0007055915148534561,-7.448535029470551e-13,0.022289311242799183,3.882609231723198e-13,0.0,0.0,0.5,0.0004575027268510247,2.232888747724003e-12,-0.20038967358611046,0.0,-2.2372739075684466e-12,0.2,0.0004575027268510247,-4.385159844443453e-15,-0.000389673586110445,40.69476974449604,40.69403477294293,40.69403477294293,40.69476974449604,-0.6423775582100052,3.412370030661532e-13,-3.0,-0.664876624079808,3.3869344111649973e-13,-2.9999999999999956,0.0010638284061479796
24.32,HOVER,True,0.0007977865383177007,5.637219609732176e-11,0.5005906467355975,0.025449892853930005,1.6057902437185554e-11,-0.0006097261261791629,-7.659499737915835e-13,0.020075086906350476,3.914615399469979e-13,0.0,0.0,0.5,0.0004507992251967708,2.2291132472057373e-12,-0.20031433557481554,0.0,-2.232999312729992e-12,0.2,0.0004507992251967708,-3.8860655242547604e-15,-0.00031433557481552743,40.69367055176608,40.693077676821886,40.693077676821886,40.69367055176608,-0.6311993690769646,3.4287822000783236e-13,-3.0,-0.6535954439609524,3.4005061614988104e-13,-2.9999999999999956,0.0009926363518393462
24.400000000000002,HOVER,True,0.0036752460789739325,5.767923034848673e-11,0.50054699580831,0.04023714347442278,1.6459216694429964e-11,-0.0005189697547699997,-7.873755266328281e-13,0.01771325961899501,3.945809733100643e-13,0.0,0.0,0.5,0.0004438264391177808,2.226614936689159e-12,-0.20023901617836196,0.0,-2.2293584246831717e-12,0.2,0.0004438264391177808,-2.743487994012659e-15,-0.0002390161783619449,40.69253007529891,40.692079261853785,40.692079261853785,40.69253007529891,-0.6200847042801678,3.446579066235292e-13,-3.0,-0.6423685906512155,3.4154966682329395e-13,-2.9999999999999956,0.003715728482454274
24.48,HOVER,True,0.007620698719561165,5.90189808030387e-11,0.5005101646248351,0.05296383712050351,1.6871466650260143e-11,-0.000436401459703606,-8.092348120725148e-13,0.015247919002591695,3.97520320174724e-13,0.0,0.0,0.5,0.00043693731540976285,2.2245147177757285e-12,-0.2001648391978116,0.0,-2.2262042893949876e-12,0.2,0.00043693731540976285,-1.6895716192590404e-15,-0.0001648391978116004,40.69140350785107,40.69109260117033,40.69109260117033,40.69140350785107,-0.6090377271328612,3.4657298178769795e-13,-3.0,-0.6312005873984579,3.4318857525963743e-13,-2.9999999999999956,0.007637756013303537
24.560000000000002,HOVER,True,0.012466614359319927,6.039232456142879e-11,0.5004793648477527,0.06358608519055622,1.7294633691007657e-11,-0.000364304696994571,-8.308579137041234e-13,0.01272194587543767,4.0062840428762837e-13,0.0,0.0,0.5,0.0004304404534346031,2.221671498677201e-12,-0.20009283964325425,0.0,-2.223490273843262e-12,0.2,0.0004304404534346031,-1.8187751660607347e-15,-9.283964325423888e-05,40.69033915669019,40.69016404988484,40.69016404988484,40.69033915669019,-0.5980624322460041,3.4862182544951317e-13,-3.0,-0.6200957792218894,3.449651793317728e-13,-2.9999999999999956,0.012475827196673684
24.64,HOVER,True,0.018043848171365662,6.180011461065064e-11,0.5004536717195851,0.07209365432932875,1.7728332211106864e-11,-0.00030413637169897313,-8.520314175548913e-13,0.010176448111058518,4.038929142609361e-13,0.0,0.0,0.5,0.00042458785377845677,2.218217223514617e-12,-0.20002395391450006,0.0,-2.22131359566768e-12,0.2,0.00042458785377845677,-3.096372153063026e-15,-2.3953914500052242e-05,40.68937655529462,40.68933137531227,40.68933137531227,40.68937655529462,-0.5871626485794957,3.5080289021629193e-13,-3.0,-0.6090583373175176,3.4687761440261665e-13,-2.9999999999999956,0.01804955054455504
24.72,HOVER,True,0.024184225758077545,6.324316695591554e-11,0.5004320894085337,0.07850800667271213,1.8172113905364146e-11,-0.0002565462959680692,-8.731160324954988e-13,0.007650259190717913,4.0706446423205535e-13,0.0,0.0,0.5,0.00041956739230853877,2.21537922600097e-12,-0.19995901264734856,0.0,-2.2196288255076143e-12,0.2,0.00041956739230853877,-4.249599506644399e-15,4.098735265145592e-05,40.68854530232125,40.688622609429835,40.688622609429835,40.68854530232125,-0.5763420420597397,3.531135677614793e-13,-3.0,-0.5980922628374307,3.48923952062402e-13,-2.9999999999999956,0.024188085430116794
24.8,HOVER,True,0.030722951700666256,6.472227987300566e-11,0.5004136123242994,0.08287999287396612,1.8625865507012255e-11,-0.00022143985357330013,-8.944617638621694e-13,0.005179502604788071,4.1020536597248965e-13,0.0,0.0,0.5,0.0004154998736467316,2.213972708478802e-12,-0.19989873561074403,0.0,-2.2183507257614926e-12,0.2,0.0004154998736467316,-4.378017282690539e-15,0.00010126438925597836,40.687864604872,40.68805560176811,40.68805560176811,40.687864604872,-0.5656041178192628,3.5555046058847365e-13,-3.0,-0.587201390130779,3.511017437624644e-13,-2.9999999999999956,0.030725735733360137
24.88,HOVER,True,0.03750081696506107,6.623825480620622e-11,0.500397279432571,0.08528725577317937,1.908965559571667e-11,-0.00019807506127395832,-9.159937341034352e-13,0.002797224044390453,4.130480852064604e-13,0.0,0.0,0.5,0.0004124402724470519,2.2129271809117035e-12,-0.1998437283958685,0.0,-2.2173539277899387e-12,0.2,0.0004124402724470519,-4.426746878235266e-15,0.0001562716041315082,40.6873434657514,40.68763821291335,40.68763821291335,40.6873434657514,-0.5549522221017669,3.5811115284057486e-13,-3.0,-0.5763893895188119,3.5340836008143543e-13,-2.9999999999999956,0.03750292127280962
24.96,HOVER,True,0.04436618524243183,6.779189994869949e-11,0.5003822193562912,0.085831402248297,1.9563595986939002e-11,-0.0001851843222162893,-9.379680517401085e-13,0.0005330922911272913,4.1544227580492266e-13,0.0,0.0,0.5,0.0004103825790542198,2.213553146684462e-12,-0.19979448080993018,0.0,-2.2164077556581648e-12,0.2,0.0004103825790542198,-2.854608973702765e-15,0.0002055191900698361,40.68698142515102,40.687369059221446,40.687369059221446,40.68698142515102,-0.5443895438702597,3.607936296171431e-13,-3.0,-0.565659769663596,3.5584139297756676e-13,-2.9999999999999956,0.044367831641878776
25.04,HOVER,True,0.051176742851839374,6.938403979556694e-11,0.5003676848448432,0.08463499974978622,2.0047896194501816e-11,-0.00018111094461931252,-9.600714471968679e-13,-0.0015868312425136365,4.1767459372016915e-13,0.0,0.0,0.5,0.00040926753208703735,2.212523971431367e-12,-0.19975136692596374,0.0,-2.2154236172644827e-12,0.2,0.00040926753208703735,-2.8996458331157494e-15,0.0002486330740362752,40.686769746675495,40.68723869874997,40.68723869874997,40.686769746675495,-0.5339191161557989,3.635968437354222e-13,-3.0,-0.5550158795813356,3.583987364020461e-13,-2.9999999999999956,0.05117806367056515
25.12,HOVER,True,0.05780100126160852,7.101549937812439e-11,0.5003530759354816,0.08183845220396119,2.054244647226439e-11,-0.0001839519958447526,-9.82013544780535e-13,-0.0035402610435868484,4.1953958885098073e-13,0.0,0.0,0.5,0.0004089925650883553,2.2116194634789346e-12,-0.1997145909523382,0.0,-2.214387696855231e-12,0.2,0.0004089925650883553,-2.7682333762964272e-15,0.0002854090476618054,40.68669289185395,40.687231207866404,40.687231207866404,40.68669289185395,-0.5235438171837025,3.665214201236015e-13,-3.0,-0.5444609103464862,3.610791477290851e-13,-2.9999999999999956,0.05780207962920266
25.2,HOVER,True,0.06411954528559057,7.268708981504175e-11,0.500337951993845,0.07759680362758703,2.1047116466387646e-11,-0.00019169188555903088,-1.0040046686485088e-12,-0.005308763649742715,4.210898816694067e-13,0.0,0.0,0.5,0.00040942242124044324,2.2092183815721148e-12,-0.1996844588707485,0.0,-2.2132636645025323e-12,0.2,0.00040942242124044324,-4.045282930417485e-15,0.0003155411292515009,40.68673040433496,40.687325553100756,40.687325553100756,40.68673040433496,-0.5132663713357636,3.695671834365866e-13,-3.0,-0.5339978965283659,3.6388193686952895e-13,-2.9999999999999956,0.06412043589356706
25.28,HOVER,True,0.07002602539408394,7.439961808533119e-11,0.5003220333400238,0.07207654605417518,2.1561856984763912e-11,-0.0002023366260344359,-1.0260699894741486e-12,-0.0068778112611948775,4.2217324914759044e-13,0.0,0.0,0.5,0.0004104014335306699,2.2076024500931954e-12,-0.19966088050446526,0.0,-2.2119783047658216e-12,0.2,0.0004104014335306699,-4.375854672626206e-15,0.00033911949553475096,40.68685832376772,40.68749794418647,40.68749794418647,40.68685832376772,-0.5030893500471155,3.727347288841353e-13,-3.0,-0.523629717437619,3.668067626654968e-13,-2.9999999999999956,0.07002676586823765
25.36,HOVER,True,0.07542789459789527,7.615389349531103e-11,0.5003051932103298,0.0654524261955767,2.208676287532843e-11,-0.00021402075348562062,-1.0485272104446844e-12,-0.008236763660057128,4.233189849186477e-13,0.0,0.0,0.5,0.00041176454919544087,2.2064839488726037e-12,-0.19964381663465827,0.0,-2.210611984154067e-12,0.2,0.00041176454919544087,-4.128035281463208e-15,0.000356183365341739,40.68705129832546,40.68772310326824,40.68772310326824,40.68705129832546,-0.4930151724979507,3.7602461651183373e-13,-3.0,-0.513359098175984,3.698536381109259e-13,-2.9999999999999956,0.07542851202540608
25.44,HOVER,True,0.08024689409352097,7.795074409910808e-11,0.5002874424218695,0.057904339701009694,2.262211764807347e-11,-0.00022509641579639882,-1.0715422467348253e-12,-0.009378764668013621,4.2419059799974715e-13,0.0,0.0,0.5,0.0004133477683812656,2.2052500071693966e-12,-0.19963312464724528,0.0,-2.209359709748097e-12,0.2,0.0004133477683812656,-4.109702578700318e-15,0.0003668753527547308,40.687284040162695,40.687976011488,40.687976011488,40.687284040162695,-0.48304610648136787,3.7943812414307065e-13,-3.0,-0.5031886105914684,3.7302294639011347e-13,-2.9999999999999956,0.08024740889774984
25.52,HOVER,True,0.08441929719226347,7.979102946431348e-11,0.5002689080522291,0.04961434669609173,2.3168375243199263e-11,-0.00023420008972098834,-1.0955517864122693e-12,-0.010300614299294669,4.2497276655014243e-13,0.0,0.0,0.5,0.000414997375735314,2.2066985524150833e-12,-0.19962857106106902,0.0,-2.2082164735347514e-12,0.2,0.000414997375735314,-1.5179211196680708e-15,0.0003714289389309955,40.68753275311822,40.688233313058255,40.688233313058255,40.68753275311822,-0.4731842692949144,3.8297698066170755e-13,-3.0,-0.4931206742034088,3.7631555505221487e-13,-2.9999999999999956,0.08441972547915716
25.6,HOVER,True,0.08789592256586601,8.167565553650109e-11,0.5002498082085771,0.04076383586141034,2.372607486690819e-11,-0.00024029407217111953,-1.11954689148172e-12,-0.011002591244650178,4.2579180904388994e-13,0.0,0.0,0.5,0.0004165773815906165,2.2040369752128805e-12,-0.19962984184473018,0.0,-2.2073879374064296e-12,0.2,0.0004165773815906165,-3.3509621935491025e-15,0.0003701581552698341,40.68777628373053,40.688474446818745,40.688474446818745,40.68777628373053,-0.4634316287629939,3.8664518003228595e-13,-3.0,-0.4831575571415636,3.797329966237489e-13,-2.9999999999999956,0.08789627755397714
25.68,HOVER,True,0.09064193066976607,8.360553325295267e-11,0.5002304248198306,0.031530871800509536,2.42951352264322e-11,-0.00024268415783959736,-1.143968279521223e-12,-0.011488232551716894,4.2600954397044566e-13,0.0,0.0,0.5,0.0004179750351580852,2.2028735464910634e-12,-0.19963655420798126,0.0,-2.206753227748239e-12,0.2,0.0004179750351580852,-3.879681257175426e-15,0.00036344579201874616,40.68799697793942,40.68868248069802,40.68868248069802,40.68799697793942,-0.4537900044651521,3.9044768119690296e-13,-3.0,-0.473301377162757,3.8327829282182594e-13,-2.9999999999999956,0.09064222355580358
25.76,HOVER,True,0.09263641969381331,8.558159088964579e-11,0.5002110762579578,0.022087755155503534,2.4875968032873202e-11,-0.0002410154035580176,-1.1692695068273659e-12,-0.011764077547646084,4.2554477082114676e-13,0.0,0.0,0.5,0.00041910432762251696,2.202059141067345e-12,-0.1996482676922552,0.0,-2.2061311443500404e-12,0.2,0.00041910432762251696,-4.072003282695286e-15,0.0003517323077448231,40.68818122882977,40.68884463853911,40.68884463853911,40.68818122882977,-0.44426106922111713,3.943873519484859e-13,-3.0,-0.4635541028069733,3.8695457178210894e-13,-2.9999999999999956,0.0926366601668853
25.84,HOVER,True,0.09387183943481021,8.76048039092014e-11,0.5001920913838283,0.012598819376833112,2.5469155945882776e-11,-0.00023524889962674687,-1.195223141118154e-12,-0.01183938267409598,4.2479584867176215e-13,0.0,0.0,0.5,0.0004199075277992346,2.2008872214867833e-12,-0.1996644946065768,0.0,-2.2054907275018414e-12,0.2,0.0004199075277992346,-4.603506015058093e-15,0.0003355053934232244,40.68831972200326,40.68895252578794,40.68895252578792,40.68831972200324,-0.4348463508702006,3.9846907371575105e-13,-3.0,-0.45391755474732154,3.9076526879019485e-13,-2.9999999999999956,0.09387203597437593
25.92,HOVER,True,0.09435324310178554,8.967618462959537e-11,0.5001737863358805,0.00321848280821468,2.607512139132582e-11,-0.00022562320998992182,-1.2219310527108114e-12,-0.011725813473839676,4.239160758870942e-13,0.0,0.0,0.5,0.00042035490162272733,2.2005888697202945e-12,-0.199684710225316,0.0,-2.204989372493318e-12,0.2,0.00042035490162272733,-4.40050277302339e-15,0.00031528977468400776,40.688407402172366,40.689002076853015,40.689002076853015,40.688407402172366,-0.4255472343719099,4.0269861990697683e-13,-3.0,-0.44439340737929994,3.9471467230759114e-13,-2.9999999999999956,0.09435340314750273
26.0,HOVER,True,0.09409739820035104,9.179678063528146e-11,0.5001564449608233,-0.005910432688751041,2.6694319334449955e-11,-0.00021260629188069244,-1.24938115523027e-12,-0.011437133019634754,4.2369423297346236e-13,0.0,0.0,0.5,0.00042044304543094476,2.2004080544225058e-12,-0.1997083080211219,0.0,-2.204999390968615e-12,0.2,0.00042044304543094476,-4.591336546109341e-15,0.0002916919788781003,40.68844317531105,40.68899334169232,40.6889933416923,40.688443175311036,-0.4163649642233551,4.0708195192609e-13,-3.0,-0.43498319068209174,3.9880767057626733e-13,-2.9999999999999956,0.09409752825181537
26.080000000000002,HOVER,True,0.09313177831205509,9.396768090063356e-11,0.5001403040521973,-0.014658101879577508,2.7327319365828498e-11,-0.00019683050045259348,-1.2778853564824449e-12,-0.010988812629176782,4.242730076417346e-13,0.0,0.0,0.5,0.00042019085364089346,2.201905766891344e-12,-0.19973485073941893,0.0,-2.2059971611935826e-12,0.2,0.00042019085364089346,-4.091394302238411e-15,0.0002651492605810768,40.68842952697849,40.68892963058006,40.68892963058006,40.68842952697849,-0.4073006473064564,4.1162481622672666e-13,-3.0,-0.42568829238521805,4.0304952364549166e-13,-2.9999999999999956,0.09313188399679691
26.16,HOVER,True,0.09149345983324748,9.619002653455122e-11,0.5001255427778712,-0.022908803435855975,2.7974790475223977e-11,-0.00017904842317594406,-1.3075778907177723e-12,-0.010397766034379145,4.250369572500135e-13,0.0,0.0,0.5,0.000419637066885338,2.2042917866763615e-12,-0.19976369778509157,0.0,-2.208163952431639e-12,0.2,0.000419637066885338,-3.872165755277716e-15,0.00023630221490844594,40.68837179486957,40.6888174894511,40.6888174894511,40.68837179486957,-0.3983552559423162,4.1633352658153987e-13,-3.0,-0.41650996046410427,4.074458275002453e-13,-2.9999999999999956,0.09149354596498677
26.240000000000002,HOVER,True,0.08922794403804442,9.846501823045392e-11,0.5001122769516401,-0.030561769702420107,2.8637488063461052e-11,-0.0001600602366093736,-1.3382971312831923e-12,-0.009681970432557332,4.2546669281920407e-13,0.0,0.0,0.5,0.0004188341875820823,2.206925841785404e-12,-0.19979423773466107,0.0,-2.2112962288183783e-12,0.2,0.0004188341875820823,-4.370387032974283e-15,0.00020576226533894348,40.688277454893,40.6886655474328,40.6886655474328,40.688277454893,-0.3895296313306755,4.212150265640315e-13,-3.0,-0.4074493059251043,4.1200253920337043e-13,-2.9999999999999956,0.08922801467796006
26.32,HOVER,True,0.08638792733680756,1.007939125841107e-10,0.5001005581385551,-0.03753175297220811,2.93160997183325e-11,-0.00014066502016001127,-1.3700672319326573e-12,-0.008860134955293222,4.258814375491239e-13,0.0,0.0,0.5,0.00041784412045988047,2.211924512731855e-12,-0.19982592235791533,0.0,-2.215274705056654e-12,0.2,0.00041784412045988047,-3.350192324799199e-15,0.00017407764208468568,40.68815548462481,40.688483816129754,40.688483816129754,40.68815548462481,-0.38082448728303914,4.2627672973446326e-13,-3.0,-0.39850730591620015,4.167261352250368e-13,-2.9999999999999956,0.08638798586313245
26.400000000000002,HOVER,True,0.08303204163408387,1.031780189757502e-10,0.5000903764462157,-0.04374931563169762,3.0011277061487846e-11,-0.00012161257440520202,-1.402916134128667e-12,-0.007951368964959323,4.263012881366115e-13,0.0,0.0,0.5,0.00041673327369038066,2.215460349906533e-12,-0.19985821550221589,0.0,-2.220140676223603e-12,0.2,0.00041673327369038066,-4.680326317069972e-15,0.00014178449778412539,40.688015563743036,40.688282986468764,40.68828298646875,40.688015563743015,-0.37224041427153776,4.3152616589001555e-13,-3.0,-0.38968480715490433,4.216235116916161e-13,-2.9999999999999956,0.08303209081931075
26.48,HOVER,True,0.07922358592522392,1.056186995070098e-10,0.5000816667168233,-0.04916086571253795,3.072367362437492e-11,-0.0001035644318562291,-1.436937044038747e-12,-0.006974876571580745,4.269910780981806e-13,0.0,0.0,0.5,0.00041556803103924144,2.2221200916113925e-12,-0.19989059943167162,0.0,-2.225946847422607e-12,0.2,0.00041556803103924144,-3.826755811214552e-15,0.00010940056832839384,40.6878673855505,40.68807372826522,40.68807372826522,40.6878673855505,-0.3637778836812333,4.369710832188131e-13,-3.0,-0.38098252964342405,4.267018570054403e-13,-2.9999999999999956,0.07922362801780776
26.560000000000002,HOVER,True,0.07502926837558946,1.0811736818197397e-10,0.5000743172729218,-0.053728456127545086,3.145393382471066e-11,-8.706499635187076e-05,-1.4718857395848678e-12,-0.005949665592395708,4.275190174530389e-13,0.0,0.0,0.5,0.0004144108019951763,2.2278026158565545e-12,-0.19992258475659455,0.0,-2.232718871358269e-12,0.2,0.0004144108019951763,-4.916255501714569e-15,7.74152434054598e-05,40.687720060530616,40.68786607505074,40.68786607505072,40.6877200605306,-0.3554372522723327,4.426194839468242e-13,-3.0,-0.37240107064043715,4.319686084578353e-13,-2.9999999999999956,0.07502930518159742
26.64,HOVER,True,0.0705179769249137,1.1067548478710581e-10,0.5000681803901962,-0.05742936342139247,3.220259439810264e-11,-7.252308106334864e-05,-1.507811510305084e-12,-0.004894276085379857,4.2773075219254674e-13,0.0,0.0,0.5,0.00041331679157500335,2.2360245653143227e-12,-0.1999537183301475,0.0,-2.240347663129602e-12,0.2,0.00041331679157500335,-4.323097815279382e-15,4.6281669852515916e-05,40.68758162836559,40.6876689211973,40.6876689211973,40.68758162836559,-0.3472187668278145,4.4847964585393896e-13,-3.0,-0.3639409088664501,4.37431505128082e-13,-2.9999999999999956,0.07051800988505183
26.72,HOVER,True,0.0657595949905864,1.1329455194077634e-10,0.500063083673603,-0.06025546543523645,3.2970214948685636e-11,-6.0203630440510526e-05,-1.54479929179889e-12,-0.0038265326095444406,4.281523635389204e-13,0.0,0.0,0.5,0.0004123315877658366,2.2453429962291408e-12,-0.19998358850226955,0.0,-2.248845320622183e-12,0.2,0.0004123315877658366,-3.502324393042356e-15,1.641149773046191e-05,40.68745869286707,40.687489646938396,40.687489646938396,40.68745869286707,-0.3391225689507227,4.545593929444741e-13,-3.0,-0.3556024089159808,4.430983934487787e-13,-2.9999999999999956,0.06575962524890049
26.8,HOVER,True,0.06082387713747414,1.1597611904918539e-10,0.5000588415615876,-0.062212439893208585,3.375737327944937e-11,-5.0228861440950976e-05,-1.5828575473496669e-12,-0.002763322889079862,4.284827617393171e-13,0.0,0.0,0.5,0.00041148960666618665,2.2545258528907173e-12,-0.20001182860440783,0.0,-2.2583321232424344e-12,0.2,0.00041148960666618665,-3.8062703517171445e-15,-1.1828604407820853e-05,40.68735618678715,40.68733387660739,40.68733387660739,40.68735618678715,-0.3311486999754695,4.60866719446693e-13,-3.0,-0.34738582584618505,4.4897715302075075e-13,-2.9999999999999956,0.0608239055993934
26.88,HOVER,True,0.055779397731132115,1.1872177781147622e-10,0.5000552662703978,-0.06331880741796173,3.4564547939000816e-11,-4.258760711333702e-05,-1.6215724541831743e-12,-0.0017204045210788802,4.2852922367636213e-13,0.0,0.0,0.5,0.000410813380856708,2.2643474251972877e-12,-0.20003811937778523,0.0,-2.2687301136347155e-12,0.2,0.000410813380856708,-4.382688437427838e-15,-3.8119377785222897e-05,40.687277264962724,40.687205367201905,40.687205367201905,40.687277264962724,-0.3232971059597083,4.674103517311541e-13,-3.0,-0.3392913099100077,4.550758331276996e-13,-2.9999999999999956,0.05577942511005712
26.96,HOVER,True,0.05069258366441144,1.2153314858925023e-10,0.5000521776070919,-0.06360484324177801,3.5392105512391486e-11,-3.7151317582091834e-05,-1.6613388165991488e-12,-0.0007122407327853556,4.2870409045631626e-13,0.0,0.0,0.5,0.0004103136293234628,2.276123672713831e-12,-0.20006219061802719,0.0,-2.280083421755573e-12,0.2,0.0004103136293234628,-3.9597490417421306e-15,-6.219061802717474e-05,40.687223316591016,40.68710601755729,40.68710601755729,40.687223316591016,-0.3155676427249269,4.741980961676653e-13,-3.0,-0.3313189114017471,4.614026201844639e-13,-2.9999999999999956,0.05069261051747124
27.04,HOVER,True,0.04562684028705733,1.2441188904375898e-10,0.5000494112153373,-0.06311138217579589,3.624051463130693e-11,-3.369497616424265e-05,-1.7019399190625423e-12,0.00024813427237734356,4.2928595875809575e-13,0.0,0.0,0.5,0.0004099900094972121,2.2883102845357645e-12,-0.20008382209323086,0.0,-2.2925514115073865e-12,0.2,0.0004099900094972121,-4.24112697162198e-15,-8.382209323085088e-05,40.68719408143869,40.687035982824256,40.687035982824256,40.68719408143869,-0.30796008091471644,4.812378942212639e-13,-3.0,-0.32346858558322067,4.679655147669783e-13,-2.9999999999999956,0.045626867041786236
27.12,HOVER,True,0.04064177763484149,1.2735969147841283e-10,0.5000468251520713,-0.06188854380140063,3.711022448654403e-11,-3.191575489180031e-05,-1.743723071140428e-12,0.0011491901104953236,4.3044881098693835e-13,0.0,0.0,0.5,0.0004098318420783009,2.3032414180676778e-12,-0.20010255033680804,0.0,-2.3063122071538087e-12,0.2,0.0004098318420783009,-3.0707890861308973e-15,-0.00010255033680803272,40.687187484499326,40.68699406215047,40.68699406215047,40.687187484499326,-0.30047411100953414,4.885372384029971e-13,-3.0,-0.3157401976557882,4.7477244649921e-13,-2.9999999999999956,0.04064180460947531
27.2,HOVER,True,0.03579254065730607,1.3037829769076585e-10,0.5000443039914868,-0.05999442199657305,3.8001929141950836e-11,-3.1480054331503425e-05,-1.7865730010686392e-12,0.001981075506051534,4.3426605530445054e-13,0.0,0.0,0.5,0.000409822105684471,2.3168165825280995e-12,-0.20011912544917831,0.0,-2.321994017110604e-12,0.2,0.000409822105684471,-5.1774345825044134e-15,-0.00011912544917830337,40.68720162252156,40.68697693750436,40.68697693750435,40.68720162252155,-0.2931093483408005,4.961032041152723e-13,-3.0,-0.3081335277275509,4.818309889359889e-13,-2.9999999999999956,0.0357925680770264
27.28,HOVER,True,0.031129252879646723,1.334694928121888e-10,0.5000417609073297,-0.057493611194007324,3.891606541896747e-11,-3.201524373220301e-05,-1.830743042204936e-12,0.0027356364447813104,4.3822285777702893e-13,0.0,0.0,0.5,0.0004099360378352539,2.335113114278121e-12,-0.2001327065900447,0.0,-2.3397953454420764e-12,0.2,0.0004099360378352539,-4.682231163955255e-15,-0.00013270659004469,40.68723190461565,40.68698160392278,40.68698160392277,40.687231904615636,-0.285865338395352,5.039439484979336e-13,-3.0,-0.30064827591554827,4.891489387552612e-13,-2.9999999999999956,0.031129280891443265
27.36,HOVER,True,0.026696570473137886,1.366351124568428e-10,0.5000391383382512,-0.05445592503824932,3.9853367617027754e-11,-3.316070315275941e-05,-1.8759615274861524e-12,0.0034061600019523533,4.4162215297716915e-13,0.0,0.0,0.5,0.00041014605022138224,2.354351773364521e-12,-0.20014330357004434,0.0,-2.3591609083279804e-12,0.2,0.00041014605022138224,-4.809134963459299e-15,-0.0001433035700443286,40.687274108697835,40.68700382081794,40.68700382081793,40.68727410869782,-0.27874156074186546,5.120664673305707e-13,-3.0,-0.2932840671721922,4.967337466946795e-13,-2.9999999999999956,0.026696599162379066
27.44,HOVER,True,0.02253333711875553,1.3987704022316132e-10,0.5000364074420638,-0.05095505797645624,4.081438557755686e-11,-3.456607428469281e-05,-1.9224616990811906e-12,0.003987806442105429,4.4462211322407075e-13,0.0,0.0,0.5,0.00041042140360398634,2.3760423620573794e-12,-0.20015112617477837,0.0,-2.3798856113904044e-12,0.2,0.00041042140360398634,-3.843249333025016e-15,-0.00015112617477835988,40.687323718001444,40.6870386757421,40.6870386757421,40.687323718001444,-0.27173743446529447,5.204782754611325e-13,-3.0,-0.2860404560854338,5.045929654947621e-13,-2.9999999999999956,0.02253336653075442
27.52,HOVER,True,0.018672355219521517,1.4319720614609406e-10,0.5000335647116695,-0.047067152281927656,4.179968375892423e-11,-3.59277011604189e-05,-1.9699159042448694e-12,0.004477337894533425,4.476682198001181e-13,0.0,0.0,0.5,0.00041073227924284073,2.3974921026374873e-12,-0.20015621974396766,0.0,-2.401807622907149e-12,0.2,0.00041073227924284073,-4.315520269661813e-15,-0.00015621974396765048,40.687376201858186,40.68708155251078,40.68708155251078,40.687376201858186,-0.26485232266310177,5.291869725454641e-13,-3.0,-0.27891693177995774,5.127340810351449e-13,-2.9999999999999956,0.018672385386818202
27.6,HOVER,True,0.015140261888005309,1.4659757745990206e-10,0.5000306282194189,-0.042869522144022745,4.280971356366447e-11,-3.699191208541503e-05,-2.0184544865723766e-12,0.004873086534697621,4.5076118537294905e-13,0.0,0.0,0.5,0.0004110505241548957,2.420095798489129e-12,-0.20015866405166344,0.0,-2.4249700918900127e-12,0.2,0.0004110505241548957,-4.8742934008837506e-15,-0.00015866405166342634,40.68742731755763,40.68712805795003,40.68712805795001,40.68742731755761,-0.2580855366664246,5.381997977556998e-13,-3.0,-0.2719129225498311,5.211645938604634e-13,-2.9999999999999956,0.015140292867881084
27.68,HOVER,True,0.011957504199508502,1.5008016027052066e-10,0.5000276330709579,-0.03843942876412941,4.3844952909316264e-11,-3.75639621199594e-05,-2.0680133234556357e-12,0.005174889249636672,4.5387908992351915e-13,0.0,0.0,0.5,0.00041135113781180403,2.4455954539358972e-12,-0.20015858124328875,0.0,-2.4493662699258075e-12,0.2,0.00041135113781180403,-3.7708159899103025e-15,-0.00015858124328874124,40.68747334585341,40.68717424243243,40.68717424243243,40.68747334585341,-0.2514363402289903,5.47523866116212e-13,-3.0,-0.26502780033594325,5.298918258055078e-13,-2.9999999999999956,0.011957536128645986
27.76,HOVER,True,0.009138408546067093,1.536469945230872e-10,0.5000246264502611,-0.03385292704332296,4.490581662105598e-11,-3.751182481708453e-05,-2.118506785326025e-12,0.005384000036097405,4.574338609411598e-13,0.0,0.0,0.5,0.00041161333144855547,2.471114009095926e-12,-0.20015612946049313,0.0,-2.4750963027826947e-12,0.2,0.00041161333144855547,-3.982293686768808e-15,-0.0001561294604931207,40.6875112474218,40.68721676835997,40.68721676835997,40.6875112474218,-0.24490395351606797,5.571661737177275e-13,-3.0,-0.25826088504753075,5.389230150704945e-13,-2.9999999999999956,0.009138441728045574
27.84,HOVER,True,0.006691337438676543,1.5730015199745337e-10,0.5000216625936863,-0.029183799992227144,4.5992699066597166e-11,-3.67658880435906e-05,-2.1700419726374173e-12,0.005502983427492391,4.612315236478669e-13,0.0,0.0,0.5,0.00041182121695536875,2.497466150301718e-12,-0.20015149441727692,0.0,-2.502233230875677e-12,0.2,0.00041182121695536875,-4.767080573959099e-15,-0.0001514944172769095,40.68753876057572,40.68725302376644,40.687253023766424,40.687538760575706,-0.2384875568596769,5.671334569901343e-13,-3.0,-0.2516114487018277,5.482652624510862e-13,-2.9999999999999956,0.00669137250391873
27.92,HOVER,True,0.004618926011942227,1.610417398626453e-10,0.500018797992561,-0.02450259340142301,4.7106057886683925e-11,-3.5315073479427685e-05,-2.222689293423581e-12,0.005535593745792445,4.649667254917078e-13,0.0,0.0,0.5,0.00041196413072547804,2.5267708857429963e-12,-0.20014488285198487,0.0,-2.530741629264901e-12,0.2,0.00041196413072547804,-3.970743521904802e-15,-0.00014488285198485662,40.687554444759364,40.68728117816256,40.68728117816256,40.687554444759364,-0.23218629427052626,5.774321904046899e-13,-3.0,-0.24507871935915365,5.57925437745373e-13,-2.9999999999999956,0.004618964263589932
28.0,HOVER,True,0.0029183899269563064,1.6487390334262628e-10,0.500016086764095,-0.019875752867593705,4.824639105219398e-11,-3.32069071857643e-05,-2.2765363983718366e-12,0.005486687977423083,4.696044829788201e-13,0.0,0.0,0.5,0.0004120373750940722,2.5574555574730616e-12,-0.20013685107482604,0.0,-2.5606860969739656e-12,0.2,0.0004120373750940722,-3.230539500903943e-15,-0.00013685107482602765,40.68755810410625,40.68729998641341,40.68729998641341,40.68755810410625,-0.22599927676127554,5.880686334887386e-13,-3.0,-0.23866188484628398,5.679102311125426e-13,-2.9999999999999956,0.002918434263391778
28.080000000000002,HOVER,True,0.0015818970255593414,1.687988351270878e-10,0.5000135776639617,-0.015364866055884616,4.941432584070344e-11,-3.0510438875517394e-05,-2.331498605844727e-12,0.0053619084434534175,4.769089638544892e-13,0.0,0.0,0.5,0.0004120389068199586,2.587967541451307e-12,-0.20012654489684842,0.0,-2.5926250402651525e-12,0.2,0.0004120389068199586,-4.657498813845492e-15,-0.0001265448968484073,40.68754861968393,40.687309940690305,40.68730994069029,40.687548619683916,-0.2199255852378773,5.990490441429393e-13,-3.0,-0.23236009625683657,5.782261014056543e-13,-2.9999999999999956,0.0015819552940687601
28.16,HOVER,True,0.0005969848130700445,1.7281876864989103e-10,0.5000113111809094,-0.01102616438391616,5.0610297595778016e-11,-2.7348443062528638e-05,-2.3876749954359766e-12,0.005167741896962013,4.837200912622138e-13,0.0,0.0,0.5,0.0004119731651185531,2.621745069339002e-12,-0.20011538796876702,0.0,-2.626520981948187e-12,0.2,0.0004119731651185531,-4.775912609184982e-15,-0.00011538796876700563,40.687528014942444,40.68731037926572,40.687310379265696,40.68752801494242,-0.21396427305063956,6.103803903319109e-13,-3.0,-0.2261724710552372,5.888796960668396e-13,-2.9999999999999956,0.0005970919609657042
28.240000000000002,HOVER,True,-5.29745037143082e-05,1.7693597958626927e-10,0.5000093174772335,-0.006909846912071257,5.183491193548009e-11,-2.3851462659640965e-05,-2.445269635537552e-12,0.004911507810997972,4.906753176662138e-13,0.0,0.0,0.5,0.0004118467437576458,2.657058278867647e-12,-0.20010342523541588,0.0,-2.6620850013715034e-12,0.2,0.0004118467437576458,-5.026722503856241e-15,-0.00010342523541587156,40.687497343581576,40.687302271068035,40.68730227106801,40.68749734358156,-0.2081143695138675,6.220684778575546e-13,-3.0,-0.22009809628765487,5.998774598914494e-13,-2.9999999999999956,5.378766983060411e-05
28.32,HOVER,True,-0.000388267192705712,1.8115280072155105e-10,0.5000076141017034,-0.003059720423232516,5.308892391269439e-11,-2.0183321416568704e-05,-2.5043749273305727e-12,0.004600704637126639,4.977004085874321e-13,0.0,0.0,0.5,0.0004116714707213432,2.6958662292429536e-12,-0.20009035372777345,0.0,-2.699206199086247e-12,0.2,0.0004116714707213432,-3.3399698432933055e-15,-9.035372777344008e-05,40.68745813399118,40.68728771592335,40.68728771592335,40.68745813399118,-0.20237488109545518,6.341192735370914e-13,-3.0,-0.2141360313546582,6.112256149987966e-13,-2.9999999999999956,0.0003883418435816006
28.400000000000002,HOVER,True,-0.0004323203776765475,1.8547162575643468e-10,0.500006206864444,0.0004869320339881734,5.4373068611872965e-11,-1.648395963067627e-05,-2.564760891048018e-12,0.004243292409273037,5.049384480996976e-13,0.0,0.0,0.5,0.00041145848312436345,2.7334352239677575e-12,-0.20007679453341634,0.0,-2.737869787683583e-12,0.2,0.00041145848312436345,-4.4345637158254666e-15,-7.679453341633002e-05,40.68741268004088,40.68726783625493,40.68726783625493,40.68741268004088,-0.1967447937290625,6.465394500309968e-13,-3.0,-0.2082853103486141,6.229304383876294e-13,-2.9999999999999956,0.0004323649316499349
28.48,HOVER,True,-0.0002111662823141569,1.8989489715443558e-10,0.500005090430835,0.003699586524506462,5.568789685938403e-11,-1.2892138825914744e-05,-2.6264464382165484e-12,0.0038474649130512397,5.121105152179534e-13,0.0,0.0,0.5,0.0004112205614191763,2.774066652827136e-12,-0.20006296984249555,0.0,-2.777998439561895e-12,0.2,0.0004112205614191763,-3.931786734759167e-15,-6.29698424955416e-05,40.68736315146153,40.68724438271613,40.68724438271613,40.68736315146153,-0.19122307502242278,6.593360724369346e-13,-3.0,-0.20254494445365295,6.349985054498603e-13,-2.9999999999999956,0.0002112276290462586
28.560000000000002,HOVER,True,0.0002471020810155788,1.94425105325271e-10,0.5000042491449999,0.006554520928732283,5.703406560774511e-11,-9.531539504303913e-06,-2.6895328829562272e-12,0.0034214596931951722,5.194361730147644e-13,0.0,0.0,0.5,0.0004109706539302951,2.8162620912361833e-12,-0.2000490797062743,0.0,-2.8195980692929283e-12,0.2,0.0004109706539302951,-3.335978056744942e-15,-4.9079706274296475e-05,40.68731172285292,40.687219152585826,40.687219152585826,40.68731172285292,-0.1858086756822279,6.725153363267653e-13,-3.0,-0.19691392405031077,6.474363334685042e-13,-2.9999999999999956,0.0002471386122715293
28.64,HOVER,True,0.0009128711624192741,1.9906479461099714e-10,0.5000036586378319,0.009034734705483351,5.84122309301332e-11,-6.504198430294541e-06,-2.753962152076384e-12,0.00297344443508164,5.266240502007425e-13,0.0,0.0,0.5,0.0004107210225420319,2.8576850401759088e-12,-0.20003532320818054,0.0,-2.862619563816885e-12,0.2,0.0004107210225420319,-4.9345236409764304e-15,-3.532320818053214e-05,40.687260462619875,40.6871938387734,40.68719383877339,40.687260462619854,-0.1805005309191094,6.860839870713834e-13,-3.0,-0.19139122055210103,6.602504561251093e-13,-2.9999999999999956,0.0009128784939999087
28.72,HOVER,True,0.001755535782487809,2.038165601547192e-10,0.5000032877763952,0.0111297814037317,5.982302811757361e-11,-3.886854023031448e-06,-2.819784766102257e-12,0.00251140648409164,5.342403992552788e-13,0.0,0.0,0.5,0.0004104826194146072,2.902505247583949e-12,-0.20002189457231168,0.0,-2.907105628565703e-12,0.2,0.0004104826194146072,-4.6003809817541914e-15,-2.1894572311664806e-05,40.68721123370665,40.687169937892946,40.68716993789293,40.687211233706634,-0.17529756172579783,7.000488777767069e-13,-3.0,-0.18597578804853215,6.73447519567794e-13,-2.9999999999999956,0.0017555388611673484
28.8,HOVER,True,0.002744009955165559,2.0868305051340287e-10,0.5000031007969796,0.012835517960134043,6.126714646765825e-11,-1.7292144089337459e-06,-2.887135229754878e-12,0.002043046695869295,5.417574629987578e-13,0.0,0.0,0.5,0.0004102646161572168,2.948418524880483e-12,-0.20000897482050473,0.0,-2.953082473967391e-12,0.2,0.0004102646161572168,-4.663949086908078e-15,-8.974820504714653e-06,40.687165613516314,40.68714868591844,40.68714868591842,40.68716561351629,-0.17019867598665994,7.144167212627755e-13,-3.0,-0.18066656476825207,6.870342117456609e-13,-2.9999999999999956,0.0027440117071524397
28.88,HOVER,True,0.0038472132566191833,2.1366697084498208e-10,0.5000030594768599,0.014153776309840832,6.274527832333018e-11,-5.398712595207776e-08,-2.955905194151377e-12,0.0015756819128337734,5.49305827289294e-13,0.0,0.0,0.5,0.00041007409097282315,2.9953776699322626e-12,-0.1999967263786004,0.0,-3.000549955907477e-12,0.2,0.00041007409097282315,-5.17228597521429e-15,3.2736213996242824e-06,40.68712484084021,40.68713101528644,40.687131015286425,40.68712484084019,-0.1652027694287939,7.291947816864153e-13,-3.0,-0.17546247436823129,7.010173528880098e-13,-2.9999999999999956,0.0038472144731357366
28.96,HOVER,True,0.005034526985389568,2.187710821333869e-10,0.5000031252153405,0.015091965819422928,6.425815013569903e-11,1.141542454993632e-06,-3.0262474964601526e-12,0.0011161589785938682,5.566190926877536e-13,0.0,0.0,0.5,0.000409915872581037,3.044911054588823e-12,-0.19998529082732033,0.0,-3.0494736942852847e-12,0.2,0.000409915872581037,-4.562639696461835e-15,1.4709172679677751e-05,40.68708978979872,40.68711753307892,40.687117533078904,40.687089789798705,-0.1603087264368273,7.443901963552758e-13,-3.0,-0.17036242706000707,7.154039057449726e-13,-2.9999999999999956,0.005034527955388344
29.04,HOVER,True,0.006276215216604237,2.2399820712695957e-10,0.5000032610710802,0.015662619261169127,6.580655208553547e-11,1.8864658879572388e-06,-3.0983280326771294e-12,0.0006708051944543882,5.636355838211766e-13,0.0,0.0,0.5,0.0004097921139804154,3.096513276179235e-12,-0.19997495541907226,0.0,-3.099858243272047e-12,0.2,0.0004097921139804154,-3.344967092811603e-15,2.504458092775219e-05,40.68706106150272,40.68710829861397,40.68710829861397,40.68706106150272,-0.15551542077975247,7.600102520528115e-13,-3.0,-0.16536532059142278,7.302009547648655e-13,-2.9999999999999956,0.00627621606381737
29.12,HOVER,True,0.007543807820487156,2.293512398232241e-10,0.5000034332326689,0.01588290716346687,6.739139428554621e-11,2.220230806467361e-06,-3.1719217434843765e-12,0.00024531229507815486,5.694564543503678e-13,0.0,0.0,0.5,0.0004097036886644102,3.1470599708854066e-12,-0.1999655354388276,0.0,-3.151547161760406e-12,0.2,0.0004097036886644102,-4.487190874999192e-15,3.4464561172398156e-05,40.68703861572617,40.68710362006045,40.68710362006045,40.68703861572617,-0.15082171621056956,7.760627706990442e-13,-3.0,-0.16047004111481186,7.454156958399963e-13,-2.9999999999999956,0.007543808601729619
29.2,HOVER,True,0.008810439019439596,2.3483313212137943e-10,0.500003611815227,0.015774047950571565,6.901332568520504e-11,2.198955079903331e-06,-3.2470576428406124e-12,-0.00015531611771299006,5.748834631716196e-13,0.0,0.0,0.5,0.0004096493870168688,3.199678179999265e-12,-0.1999571003721261,0.0,-3.204605065391574e-12,0.2,0.0004096493870168688,-4.926885392308944e-15,4.2899627873904667e-05,40.6870223324742,40.687103246365346,40.68710324636533,40.687022332474186,-0.14622646679258927,7.925565928671193e-13,-3.0,-0.15567546386256204,7.610559373709309e-13,-2.9999999999999956,0.008810439759766423
29.28,HOVER,True,0.010051138559343913,2.4044689618742584e-10,0.5000037717935784,0.015360727577778182,7.067316734996098e-11,1.8857379496502324e-06,-3.3239729262139644e-12,-0.0005267869884328046,5.777187269225456e-13,0.0,0.0,0.5,0.00040962673009944413,3.2539724114070992e-12,-0.19994934188541655,0.0,-3.2587610429665405e-12,0.2,0.00040962673009944413,-4.7886315594413204e-15,5.065811458346281e-05,40.68701154076432,40.687107088100554,40.68710708810053,40.6870115407643,-0.14172851747178242,8.094996078641212e-13,-3.0,-0.15098045376394117,7.771295888501477e-13,-2.9999999999999956,0.010051139267046143
29.36,HOVER,True,0.011243076267206664,2.461956165327139e-10,0.5000038948264813,0.01467052088571308,7.23718383228528e-11,1.36837641512799e-06,-3.40244887250848e-12,-0.0008653665292086257,5.802508777650443e-13,0.0,0.0,0.5,0.00040962981059969696,3.308629579350906e-12,-0.1999432642255295,0.0,-3.3141025418566593e-12,0.2,0.00040962981059969696,-5.472962505753176e-15,5.67357744705177e-05,40.68700628163256,40.68711329217105,40.687113292171034,40.68700628163255,-0.1373267046781307,8.269006314327445e-13,-3.0,-0.14638386602296555,7.936447149590979e-13,-2.9999999999999956,0.011243076941829543
29.44,HOVER,True,0.012365766348375764,2.5208243791179705e-10,0.5000039682087998,0.013733412058558783,7.411000758840247e-11,7.110054839263865e-07,-3.4824569915607794e-12,-0.0011680274058936014,5.813958825219832e-13,0.0,0.0,0.5,0.00040965438738357424,3.3641744152515896e-12,-0.19993852650142843,0.0,-3.3707135706640593e-12,0.2,0.00040965438738357424,-6.5391554124697424e-15,6.147349857157924e-05,40.68700558311737,40.68712152957699,40.68712152957698,40.68700558311735,-0.13301985686466183,8.447695670129853e-13,-3.0,-0.1418845467479479,8.106100236631542e-13,-2.9999999999999956,0.012365766985080368
29.52,HOVER,True,0.013401226032143337,2.5811055813726915e-10,0.5000039841946478,0.012581172053792408,7.588836110175761e-11,-2.3906650965428636e-08,-3.5643283578136804e-12,-0.0014325032210189105,5.782720782630213e-13,0.0,0.0,0.5,0.0004096956867268468,3.4229525110530405e-12,-0.19993532073026313,0.0,-3.428319687405504e-12,0.2,0.0004096956867268468,-5.367176352463315e-15,6.467926973688365e-05,40.687008894136234,40.687130887068335,40.687130887068314,40.68700889413622,-0.12880679441073506,8.631158013629048e-13,-3.0,-0.13748133334368906,8.28034577715258e-13,-2.9999999999999956,0.01340122662439537
29.6,HOVER,True,0.014334083814112284,2.642832598874526e-10,0.5000039408314324,0.011246736378537434,7.77082185124525e-11,-7.605728281574815e-07,-3.648675213699096e-12,-0.0016573774769640416,5.746313072850456e-13,0.0,0.0,0.5,0.00040974668457652644,3.4815015467691292e-12,-0.19993300571363615,0.0,-3.486890013785229e-12,0.2,0.00040974668457652644,-5.38846701609975e-15,6.699428636386395e-05,40.68701453269153,40.687140892025226,40.687140892025205,40.68701453269151,-0.12468632982129245,8.819469254827514e-13,-3.0,-0.13317305481805242,8.459270414923558e-13,-2.9999999999999956,0.014334084355833413
29.68,HOVER,True,0.015151635343104907,2.7060392857085504e-10,0.500003841207922,0.009763550269283078,7.95706167876068e-11,-1.4447580577006037e-06,-3.734527499415662e-12,-0.0018418887625278504,5.714032665393133e-13,0.0,0.0,0.5,0.0004098017710520664,3.5411268612014255e-12,-0.19993173902116412,0.0,-3.5468834063177045e-12,0.2,0.0004098017710520664,-5.756545116279009e-15,6.826097883588789e-05,40.687021786969794,40.687150535438825,40.6871505354388,40.68702178696978,-0.12065726808285587,9.012754016212448e-13,-3.0,-0.12895853203052696,8.642967885300519e-13,-2.9999999999999956,0.015151635830012024
29.76,HOVER,True,0.015843857022531764,2.770760080284038e-10,0.5000036917392087,0.008165101414520193,8.147633006335053e-11,-2.0373424448271863e-06,-3.822575189104808e-12,-0.0019858220490592796,5.679807080243971e-13,0.0,0.0,0.5,0.0004098563271007647,3.602646321739016e-12,-0.1999316216166691,0.0,-3.608564495549286e-12,0.2,0.0004098563271007647,-5.918173810270119e-15,6.837838333090263e-05,40.68703004374239,40.68715901365051,40.687159013650486,40.687030043742375,-0.11671840749322755,9.211118433647477e-13,-3.0,-0.12483657814410386,8.831541254030054e-13,-2.9999999999999956,0.01584385745263342
29.84,HOVER,True,0.016403384192918546,2.8370303222066615e-10,0.500003501531239,0.00648446080604838,8.34266211724856e-11,-2.5079913293734045e-06,-3.9129906798486196e-12,-0.0020896006695832236,5.641346859768605e-13,0.0,0.0,0.5,0.0004099061492124704,3.668015382771828e-12,-0.19993255615126776,0.0,-3.672059874135107e-12,0.2,0.0004099061492124704,-4.044491363279011e-15,6.744384873225151e-05,40.68703856649325,40.687165773755986,40.687165773755986,40.68703856649325,-0.11286853984231605,9.414663448130498e-13,-3.0,-0.12080599906641871,9.025091937147603e-13,-2.9999999999999956,0.016403384566643895
29.92,HOVER,True,0.016825450621306345,2.904886373554622e-10,0.5000032813818921,0.004753801203479454,8.542271317352637e-11,-2.8400583446440997e-06,-4.005417168097456e-12,-0.0021542439278537523,5.601490791451436e-13,0.0,0.0,0.5,0.0004099480949371662,3.731234811121183e-12,-0.19993434682654695,0.0,-3.737479351086264e-12,0.2,0.0004099480949371662,-6.244539965080596e-15,6.565317345305632e-05,40.68704668860178,40.68717051843418,40.68717051843416,40.68704668860176,-0.10910645067156492,9.623509451244732e-13,-3.0,-0.11686559379196093,9.22372573644728e-13,-2.9999999999999956,0.01682545094128194
30.0,HOVER,True,0.017107791534179375,2.97436550115724e-10,0.5000030427106079,0.0030039536937373117,8.74657599672273e-11,-3.0279301925419674e-06,-4.100424296027727e-12,-0.00218130227842948,5.564582258398443e-13,0.0,0.0,0.5,0.00040997997016447896,3.7986776616319495e-12,-0.19993698778505095,0.0,-3.804972289663184e-12,0.2,0.00040997997016447896,-6.2946280312342635e-15,6.301221494905973e-05,40.68705406802403,40.68717291668901,40.68717291668899,40.68705406802402,-0.10543091966752424,9.837773968257998e-13,-3.0,-0.1130141547449473,9.427554524819345e-13,-2.9999999999999956,0.01710779180476041
30.080000000000002,HOVER,True,0.017250515362397485,3.045506045777001e-10,0.5000027972758597,0.0012640486870960524,8.955716416657142e-11,-3.0687109701368353e-06,-4.198347781071382e-12,-0.002172717562469342,5.515915518334905e-13,0.0,0.0,0.5,0.00040999971400428373,3.870505405039336e-12,-0.1999405989258338,0.0,-3.874644479004028e-12,0.2,0.00040999971400428373,-4.139073964692073e-15,5.940107416621543e-05,40.68706050174464,40.68717253936097,40.68717253936097,40.68706050174464,-0.10184072131090564,1.0057574261252345e-12,-3.0,-0.10925046819974635,9.636691941121038e-13,-2.9999999999999956,0.017250515589195124
30.16,HOVER,True,0.017255951597278073,3.118347618684411e-10,0.5000025563341616,-0.0004387711595382637,9.169854766551577e-11,-2.9736544290925093e-06,-4.298413621331004e-12,-0.0021308443579738305,5.428513247463499e-13,0.0,0.0,0.5,0.0004100067094036986,3.9398384829364355e-12,-0.1999450951377555,0.0,-3.9461287232940744e-12,0.2,0.0004100067094036986,-6.290240357638913e-15,5.490486224452029e-05,40.68706581485865,40.687169372075026,40.68716937207501,40.68706581485863,-0.09833462534477436,1.0283040841089534e-12,-3.0,-0.10557331476515959,9.851254074132464e-13,-2.9999999999999956,0.017255951786628525
30.240000000000002,HOVER,True,0.017128474785294837,3.192930776556539e-10,0.5000023289720659,-0.002079657815959604,9.389093855137446e-11,-2.7739562463824116e-06,-4.401241471658983e-12,-0.002058499099016652,5.347764988457176e-13,0.0,0.0,0.5,0.0004100026546546642,4.013742406199702e-12,-0.19994983336903394,0.0,-4.019576913426038e-12,0.2,0.0004100026546546642,-5.83450722633582e-15,5.016663096607532e-05,40.68706966140349,40.687164281742135,40.68716428174212,40.68706966140348,-0.09491139704102967,1.0514316423766736e-12,-3.0,-0.10198146980796474,1.0071369151143751e-12,-2.9999999999999956,0.017128474943630914
30.32,HOVER,True,0.016874303442128355,3.2692971597399726e-10,0.5000021224194808,-0.003636360384584803,9.613581517929374e-11,-2.490317440000529e-06,-4.5063167978789545e-12,-0.0019587765933662803,5.259842519306703e-13,0.0,0.0,0.5,0.0004099883968607677,4.088299796813251e-12,-0.199954953010037,0.0,-4.0952111967602354e-12,0.2,0.0004099883968607677,-6.9113999469845266e-15,4.5046989963021256e-05,40.68707230275662,40.6871572668326,40.68715726683258,40.687072302756604,-0.09156979775543138,1.0751534603893714e-12,-3.0,-0.09847370385470959,1.0297165331172726e-12,-2.9999999999999956,0.016874303575605407
30.400000000000002,HOVER,True,0.016501283986031755,3.347489473086107e-10,0.5000019422226026,-0.005089350156084503,9.843452473335713e-11,-2.144293439838947e-06,-4.614617119297461e-12,-0.001834870471197774,5.17396216243319e-13,0.0,0.0,0.5,0.0004099650868115774,4.1675476781463275e-12,-0.19996046347643498,0.0,-4.173113186941821e-12,0.2,0.0004099650868115774,-5.565508795493215e-15,3.9536523565031345e-05,40.687073924299035,40.68714849496834,40.68714849496832,40.687073924299014,-0.08830858600528593,1.0994828893612934e-12,-3.0,-0.09504878319969359,1.0528775618030745e-12,-2.9999999999999956,0.01650128410033282
30.48,HOVER,True,0.016018669637924435,3.4275517484844694e-10,0.5000017918628549,-0.006421887367176511,1.0078874923856826e-10,-1.762718864487254e-06,-4.725387920118008e-12,-0.0016901647875544096,5.08306602181598e-13,0.0,0.0,0.5,0.00040993470989607854,4.244616192604487e-12,-0.19996623337165906,0.0,-4.253477384415273e-12,0.2,0.00040993470989607854,-8.861191810786234e-15,3.376662834095323e-05,40.687074706623335,40.687138394571804,40.68713839457179,40.687074706623314,-0.08512651798532186,1.1244345383460332e-12,-3.0,-0.0917054705803525,1.076633355763312e-12,-2.9999999999999956,0.016018669738144135
30.560000000000002,HOVER,True,0.015436890938928952,3.509528910917243e-10,0.5000016726984098,-0.007620138697569966,1.0319924921428407e-10,-1.3731910827766876e-06,-4.837324138998508e-12,-0.001528255553089864,4.955360695531944e-13,0.0,0.0,0.5,0.00040989964725394844,4.321460744474371e-12,-0.19997166029409563,0.0,-4.336170163623965e-12,0.2,0.00040989964725394844,-1.470941914959358e-14,2.8339705904378842e-05,40.68707444683381,40.68712789894965,40.68712789894962,40.687074446833776,-0.08202234796335668,1.1500270808818172e-12,-3.0,-0.08844252574494448,1.1009988016453925e-12,-2.9999999999999956,0.015436891029553422
30.64,HOVER,True,0.014767318278088856,3.593466261822346e-10,0.5000015841906553,-0.008673240270927168,1.0566666682363776e-10,-9.94128999226296e-07,-4.951987914217208e-12,-0.001352621685493195,4.743285211802811e-13,0.0,0.0,0.5,0.0004098616329053577,4.401370753100651e-12,-0.1999773211468284,0.0,-4.420753905262553e-12,0.2,0.0004098616329053577,-1.9383152161901624e-14,2.2678853171614888e-05,40.68707395493899,40.687116730001335,40.6871167300013,40.68707395493896,-0.07899482929202457,1.1762743602092718e-12,-3.0,-0.08525870605748992,1.1259893494877886e-12,-2.9999999999999956,0.014767318363062313
30.72,HOVER,True,0.014022031385063154,3.6794101906482265e-10,0.500001524363269,-0.009573171490019225,1.0819262927756055e-10,-6.496690416906632e-07,-5.0710522585614696e-12,-0.0011667037892410448,4.450343987912259e-13,0.0,0.0,0.5,0.0004098232267870753,4.495688576397419e-12,-0.19998332729495727,0.0,-4.5067597291795355e-12,0.2,0.0004098232267870753,-1.1071152782116704e-14,1.6672705042741764e-05,40.68707372859125,40.68710517533118,40.68710517533116,40.68707372859124,-0.07604271537434812,1.2031885115421208e-12,-3.0,-0.08215276732746331,1.1516193494608862e-12,-2.9999999999999956,0.01402203146792146
30.8,HOVER,True,0.013213596673522211,3.7674093211291525e-10,0.5000014886030859,-0.010314662079616784,1.1078060467438862e-10,-3.670827442434754e-07,-5.196658395007062e-12,-0.0009738269467119627,4.197202275254379e-13,0.0,0.0,0.5,0.0004097877565850605,4.598118942494839e-12,-0.1999895903688576,0.0,-4.594652533118571e-12,0.2,0.0004097877565850605,3.466409376267662e-15,1.0409631142405118e-05,40.687074194833976,40.68709382865838,40.68709382865838,40.687074194833976,-0.07316476036825413,1.2307780320658394e-12,-3.0,-0.0791234645797685,1.1779012993387784e-12,-2.9999999999999956,0.013213596757372935
30.88,HOVER,True,0.012354851430952368,3.857515374778792e-10,0.5000014721589705,-0.0108951406552153,1.1343406467738431e-10,-1.4072645681867526e-07,-5.324529776077842e-12,-0.0007774325634899316,4.0488069127777877e-13,0.0,0.0,0.5,0.0004097552211324514,4.685025469254782e-12,-0.19999546966328938,0.0,-4.685647829750083e-12,0.2,0.0004097552211324514,-6.223604953013323e-16,4.530336710634186e-06,40.68707474926437,40.6870832940278,40.6870832940278,40.68707474926437,-0.07035971943937937,1.2590634644373518e-12,-3.0,-0.07616955272755972,1.2048484434853662e-12,-2.9999999999999956,0.012354851518660915
30.96,HOVER,True,0.011458687102144247,3.949780661010243e-10,0.5000014710985727,-0.011314730037476527,1.1615227831030318e-10,3.223807125274994e-08,-5.449458014692857e-12,-0.0005808177406021648,3.8660966281923574e-13,0.0,0.0,0.5,0.000409725812395916,4.7609935903997385e-12,-0.2000008711503256,0.0,-4.780114631142041e-12,0.2,0.000409725812395916,-1.9121040742302247e-14,-8.711503255987019e-07,40.68707533265117,40.6870736895562,40.687073689556165,40.68707533265113,-0.06762634963616604,1.2880777509866367e-12,-3.0,-0.07328978717113536,1.2324802139294113e-12,-2.9999999999999956,0.011458687196576146
31.04,HOVER,True,0.010537844279303002,4.044255671696233e-10,0.5000014796421729,-0.011576035854117296,1.189333189651065e-10,1.3175106593853654e-07,-5.577903780654306e-12,-0.0003869474095833189,3.598275123724816e-13,0.0,0.0,0.5,0.00040970241182764616,4.863697102539252e-12,-0.20000580890626535,0.0,-4.877278545482643e-12,0.2,0.00040970241182764616,-1.3581442943390511e-14,-5.808906265336589e-06,40.68707640020966,40.687065443909276,40.68706544390925,40.687076400209634,-0.06496341129782089,1.3178349741742868e-12,-3.0,-0.07048292466662313,1.2608179443413058e-12,-2.9999999999999956,0.010537844383182936
31.12,HOVER,True,0.009604728188264054,4.140992371983918e-10,0.5000014924628,-0.011683910352965976,1.2178082422076187e-10,1.6527018074497915e-07,-5.713895747195589e-12,-0.00019859164787660514,3.359376356733597e-13,0.0,0.0,0.5,0.00040968504047299,4.970129088058184e-12,-0.20001032176618205,0.0,-4.97729944859256e-12,0.2,0.00040968504047299,-7.170360534375381e-15,-1.0321766182042058e-05,40.6870779917915,40.687058523691036,40.68705852369102,40.68707799179148,-0.062369668705318224,1.3483345587795185e-12,-3.0,-0.06774772424114352,1.2898754422841432e-12,-2.9999999999999956,0.009604728304219724
31.2,HOVER,True,0.008671240922042647,4.2400462326303203e-10,0.50000150463981,-0.011645225686468908,1.2469849545677972e-10,1.3992989450854227e-07,-5.8533417959880185e-12,-1.8214412914681748e-05,3.1275254890946057e-13,0.0,0.0,0.5,0.00040967372946167373,5.075997523666933e-12,-0.20001445315895183,0.0,-5.0804926005684615e-12,0.2,0.00040967372946167373,-4.495076901528503e-15,-1.4453158951821532e-05,40.68708015312723,40.687052892719905,40.687052892719905,40.68708015312723,-0.05984389100562868,1.3795980236951688e-12,-3.0,-0.06508294804447322,1.3196659707659907e-12,-2.9999999999999956,0.008671241052585734
31.28,HOVER,True,0.007748634189398867,4.3414742399657103e-10,0.5000015121067668,-0.01146862351604889,1.2768765217271254e-10,6.830873494109271e-08,-5.994127096094892e-12,0.00015199414949363144,2.899594128045152e-13,0.0,0.0,0.5,0.00040966785026702953,5.175440673463707e-12,-0.2000181377459911,0.0,-5.186985931769574e-12,0.2,0.00040966785026702953,-1.1545258305867116e-14,-1.813774599107587e-05,40.68708272619886,40.687048516214354,40.68704851621434,40.687082726198845,-0.05738485294720156,1.4116515512306576e-12,-3.0,-0.062487362198243294,1.3502075141700372e-12,-2.9999999999999956,0.007748634336938872
31.36,HOVER,True,0.006847380728691287,4.44533377740609e-10,0.500001511635664,-0.011164284804769817,1.307487451464754e-10,-4.140265751645849e-08,-6.137962891632891e-12,0.0003100896073593938,2.6841974242904167e-13,0.0,0.0,0.5,0.00040966712205717525,5.2815219626037266e-12,-0.2000213778359871,0.0,-5.296937436327692e-12,0.2,0.00040966712205717525,-1.5415473723965824e-14,-2.1377835987101967e-05,40.68708567011121,40.68704534892478,40.68704534892474,40.68708567011118,-0.054991335583557406,1.4445133007532168e-12,-3.0,-0.05995973759074181,1.3815195682712814e-12,-2.9999999999999956,0.0068473808955465156
31.44,HOVER,True,0.005977063585900708,4.551683367584422e-10,0.500001500685149,-0.010743703307521151,1.3388369439532495e-10,-1.8015383530403466e-07,-6.286811640154018e-12,0.000454441999683675,2.471341573195148e-13,0.0,0.0,0.5,0.0004096710898441548,5.4002501602338586e-12,-0.2000240166735952,0.0,-5.4104276205712615e-12,0.2,0.0004096710898441548,-1.0177460337402944e-14,-2.4016673595195215e-05,40.68708876725106,40.687043468897464,40.68704346889744,40.68708876725105,-0.052662127092598494,1.4781975310488835e-12,-3.0,-0.05749885065124106,1.4136201495622157e-12,-2.9999999999999956,0.005977063774292219
31.52,HOVER,True,0.0051462856641753055,4.660583652948973e-10,0.5000014777536982,-0.010219426539061986,1.3709519990836906e-10,-3.3380231488037726e-07,-6.439354767674644e-12,0.000583722667427853,2.275045986770269e-13,0.0,0.0,0.5,0.0004096786256574965,5.518333441980009e-12,-0.20002615226875878,0.0,-5.5275517680982065e-12,0.2,0.0004096786256574965,-9.218326118197613e-15,-2.615226875876675e-05,40.687091937046155,40.68704261070156,40.687042610701546,40.68709193704614,-0.050396023576081264,1.512722620093949e-12,-3.0,-0.05510348415393383,1.446526294759001e-12,-2.9999999999999956,0.0051462858763434895
31.6,HOVER,True,0.004362599610554195,4.772096951637021e-10,0.5000014424702877,-0.009604799004558769,1.4038516987894513e-10,-4.86012298870444e-07,-6.595767755604434e-12,0.0006969557411172856,2.0740389688362492e-13,0.0,0.0,0.5,0.000409688204531728,5.640202816475648e-12,-0.20002799656896428,0.0,-5.6483376272649316e-12,0.19947977786929386,0.000409688204531728,-8.134810789283701e-15,-0.0005482186996704219,40.687585746440874,40.68655173961182,40.68655173961181,40.68758574644086,-0.04819182986332298,1.5481095697934794e-12,-3.0,-0.0527724280077497,1.4802565965284284e-12,-2.9999999999999956,0.004362599849026767
31.68,HOVER,True,0.0036297535343188365,4.886287090994471e-10,0.500001396909818,-0.008997883143400656,1.4375543393868308e-10,-5.841953380063529e-07,-6.755326786298138e-12,0.000120443699489545,1.9288993283223254e-13,0.0,0.0,0.5,0.00040969417630934825,5.7617378407318496e-12,-0.19462074772663385,0.0,-5.772914115744246e-12,0.1909065291939301,0.00040969417630934825,-1.1176275012396228e-14,-0.0037142185327037336,40.690572391821235,40.68356692606509,40.683566926065076,40.69057239182122,-0.0460475537725532,1.584378699845142e-12,-3.0,-0.050504372802627026,1.5148303368884303e-12,-2.9999999999999956,0.0036297538031190716
31.76,HOVER,True,0.0029035365391718955,5.003218995904561e-10,0.5000013441281996,-0.009305110931645311,1.4720716507223969e-10,-8.173173867703678e-07,-6.918072900480762e-12,-0.0023096841830413765,1.9170870074832406e-13,0.0,0.0,0.5,0.0004097155658468518,5.888844988449448e-12,-0.18440122243495066,0.0,-5.901872558593754e-12,0.18256300382757054,0.0004097155658468518,-1.3027570144306633e-14,-0.001838218607380121,40.68880649095134,40.68533938814279,40.68533938814278,40.68880649095133,-0.04395866809948389,1.6215471827700622e-12,-3.0,-0.04829709095967474,1.5502665839838657e-12,-2.9999999999999956,0.0029035368502891737
31.84,HOVER,True,0.0020371787069990276,5.122958654631595e-10,0.5000010959151215,-0.011787144843650166,1.507419688664737e-10,-4.902908364771419e-06,-7.0855340292105e-12,-0.005743201347590235,1.9847114733174069e-13,0.0,0.0,0.5,0.00041016560677492565,6.022247757892404e-12,-0.17432365607437697,0.0,-6.035522214599786e-12,0.17443972701301638,0.00041016560677492565,-1.3274456707381553e-14,0.00011607093863941209,40.687032502309,40.68725142614958,40.687251426149565,40.68703250230899,-0.04192400854643341,1.6596304145258981e-12,-3.0,-0.046148075929369425,1.5865831085185805e-12,-2.9999999999999956,0.002037179001776831
31.92,HOVER,True,0.0008237610628797659,5.245573885145101e-10,0.5000000308401716,-0.01692743570573791,1.5436228860700235e-10,-1.8160945449615294e-05,-7.2574417273083735e-12,-0.009120274411284116,2.0567363371726923e-13,0.0,0.0,0.5,0.0004116944486930767,6.1599062266496e-12,-0.16555623454027094,0.0,-6.173646309277871e-12,0.1665322774230689,0.0004116944486930767,-1.3740082628271668e-14,0.0009760428827979561,40.68645598167296,40.688296916699194,40.68829691669916,40.68645598167293,-0.03994543165085453,1.6986481650455706e-12,-3.0,-0.04405615804843093,1.6237976359666697e-12,-2.9999999999999956,0.0008237610634572339
32.0,HOVER,True,-0.0009404863640383878,5.371134481638582e-10,0.49999735553330843,-0.024510846891318376,1.5807060244699786e-10,-4.089337699675603e-05,-7.433864426990294e-12,-0.011940288633746927,2.1023903310195255e-13,0.0,0.0,0.5,0.0004144687080726202,6.303293576775439e-12,-0.15773987710974635,0.0,-6.315863120989802e-12,0.15884059172389223,0.0004144687080726202,-1.2569544214363116e-14,0.0011007146141458757,40.686763908589406,40.688839989592395,40.688839989592374,40.68676390858939,-0.03802440485233605,1.7386219307868023e-12,-3.0,-0.04202132056187625,1.6619292303828905e-12,-2.9999999999999956,0.0009404900818969428
32.08,HOVER,True,-0.003424067313185739,5.499712192957647e-10,0.49999255793632746,-0.0340434876050871,1.6186929310685486e-10,-6.834021580207834e-05,-7.614338294512424e-12,-0.014117109627192566,2.108808872846384e-13,0.0,0.0,0.5,0.00041809458153833353,6.448445606376808e-12,-0.15037841061344134,0.0,-6.461875279166139e-12,0.15136559346094225,0.00041809458153833353,-1.3429672789330822e-14,0.000987182847500906,40.68742709147905,40.68928903782721,40.689289037827194,40.68742709147904,-0.03616103293954616,1.7795743127078089e-12,-3.0,-0.04004380779390007,1.7009981306431688e-12,-2.9999999999999956,0.0034240754006795784
32.160000000000004,HOVER,True,-0.006753888477533978,5.631380538779092e-10,0.49998559499062856,-0.04501206036481166,1.6576052724327512e-10,-9.459976588252505e-05,-7.798848574015964e-12,-0.015711815981967355,2.0808595761800258e-13,0.0,0.0,0.5,0.0004219885881050491,6.59797466285621e-12,-0.1432301144742535,0.0,-6.611530492142595e-12,0.14410714942566194,0.0004219885881050491,-1.355582928638552e-14,0.0008770349514084508,40.688128207882706,40.68978240196551,40.68978240196547,40.68812820788267,-0.03435452901824458,1.821528566195738e-12,-3.0,-0.03812358450414338,1.7410256579742257e-12,-2.9999999999999956,0.006753903839355543
32.24,HOVER,True,-0.011018897606334142,5.766214739556115e-10,0.49997683092700634,-0.05696083506112773,1.6974640606211135e-10,-0.00011507259151549258,-7.987363980324995e-12,-0.016791877305037912,2.0110036006816304e-13,0.0,0.0,0.5,0.00042563542613048035,6.750817069910361e-12,-0.13624811549617816,0.0,-6.764767998514813e-12,0.13706371853723118,0.00042563542613048035,-1.3950928604452126e-14,0.0008156030410530202,40.68874547287781,40.690283798941394,40.69028379894136,40.68874547287778,-0.03260381414431294,1.8645090755160807e-12,-3.0,-0.0362602429992675,1.782034096002517e-12,-2.9999999999999956,0.01101892196473049
32.32,HOVER,True,-0.01627463687146911,5.904291651167038e-10,0.499966899503391,-0.06948630681326703,1.7382897588804373e-10,-0.00012690097915411304,-8.180077873395812e-12,-0.017399627387738897,1.912061150815382e-13,0.0,0.0,0.5,0.0004286523521329288,6.9094014514782174e-12,-0.12945409187128482,0.0,-6.92161651543298e-12,0.13023276341548992,0.0004286523521329288,-1.2215063954762402e-14,0.0007786715442051062,40.68924302022663,40.69071168901662,40.6907116890166,40.689243020226606,-0.0309078145008788,1.90854147770839e-12,-3.0,-0.034453112014679876,1.824046875895751e-12,-2.9999999999999956,0.01627467053248876
32.4,HOVER,True,-0.022546376387048053,6.045689841698433e-10,0.49995657878593464,-0.08221917384403638,1.7801041514281984e-10,-0.00012869488870421948,-8.376995838046447e-12,-0.017563046532718986,1.7857542272645813e-13,0.0,0.0,0.5,0.00043077916949230436,7.0693372113295825e-12,-0.12287001419359707,0.0,-7.082182769232332e-12,0.12361121303373779,0.00043077916949230436,-1.2845557902749223e-14,0.0007411988401407194,40.689604558236084,40.69100254897016,40.69100254897015,40.68960455823606,-0.02926551990971514,1.9536524465759174e-12,-3.0,-0.03270137910945444,1.8670884588272387e-12,-2.9999999999999956,0.022546418198646747
32.480000000000004,HOVER,True,-0.029831319462463052,6.190489504200134e-10,0.4999466891566879,-0.094816205942782,1.822926267945794e-10,-0.00012027075547678188,-8.577758806367938e-12,-0.017309326667423196,1.6305519448608325e-13,0.0,0.0,0.5,0.00043186676314638597,7.2325049471794795e-12,-0.11650249184072882,0.0,-7.2465769347942674e-12,0.11719573988780103,0.00043186676314638597,-1.4071987614787967e-14,0.0006932480470722147,40.68981658757881,40.691124137312755,40.69112413731272,40.689816587578775,-0.02767595302465238,1.9998713724679158e-12,-3.0,-0.03100416399148176,1.9111848359622174e-12,-2.9999999999999956,0.029831367097696713
32.56,HOVER,True,-0.03810068946240703,6.338772318267642e-10,0.49993800679439687,-0.10696094865175512,1.8667755787044048e-10,-0.00010247689360989408,-8.783032573960206e-12,-0.01667073055658381,1.452140087938612e-13,0.0,0.0,0.5,0.00043187285020164495,7.402240233104714e-12,-0.11034805174190312,0.0,-7.414933341443734e-12,0.11098287535865901,0.00043187285020164495,-1.2693108339019995e-14,0.000634823616755889,40.68987261895013,40.69106997313628,40.69106997313626,40.68987261895011,-0.0261381341687203,2.0472265242600166e-12,-3.0,-0.029360549036682282,1.9563630960868316e-12,-2.9999999999999956,0.038100739896599324
32.64,HOVER,True,-0.0473020787518608,6.490621683683346e-10,0.4999311915006593,-0.11836750700406429,1.9116740542358698e-10,-7.700267960017417e-05,-8.992789143051685e-12,-0.015684831886783292,1.254184402239424e-13,0.0,0.0,0.5,0.0004308544227970462,7.57295333616227e-12,-0.10440007198190465,0.0,-7.587415256739463e-12,0.10496904386872181,0.0004308544227970462,-1.4461920577192716e-14,0.0005689718868171628,40.68977852059495,40.69085167044713,40.690851670447096,40.68977852059491,-0.024651063875787273,2.095746970313157e-12,-3.0,-0.027769588325058683,2.0026509135413524e-12,-2.9999999999999956,0.04730212879836195
32.72,HOVER,True,-0.05736209168450673,6.646122755466907e-10,0.4999267325495451,-0.12878394831350187,1.9576435883309883e-10,-4.613758228746829e-05,-9.207338715534768e-12,-0.014392923860583004,1.0268958846075028e-13,0.0,0.0,0.5,0.0004289526772104,7.75007187699756e-12,-0.0986521432915492,0.0,-7.76415082869651e-12,0.09915057039016104,0.0004289526772104,-1.40789516989507e-14,0.0004984270986118366,40.689553369828964,40.69049346367119,40.69049346367115,40.68955336982893,-0.02321371828478065,2.145462618635559e-12,-3.0,-0.026230309627026733,2.0500767520671282e-12,-2.9999999999999956,0.057362138476010925
32.8,HOVER,True,-0.06818918700931972,6.805362531435725e-10,0.4999249161645831,-0.13799438373981998,2.0047077309718078e-10,-1.2493269294932415e-05,-9.426757159680705e-12,-0.012838431023270097,7.704147325797376e-14,0.0,0.0,0.5,0.0004263710604980656,7.930998418685441e-12,-0.0930986505511171,0.0,-7.945268898001331e-12,0.09352368335788039,0.0004263710604980656,-1.427047931588994e-14,0.0004250328067632869,40.68922663160486,40.69002829492833,40.6900282949283,40.689226631604825,-0.021825049553031314,2.1964034372129976e-12,-3.0,-0.024741715174042434,2.098669599236176e-12,-2.9999999999999956,0.06818922834711007
32.88,HOVER,True,-0.07967662016714784,6.968429909127948e-10,0.49992581494525823,-0.14581990836024009,2.0528903372647274e-10,2.1264653479966257e-05,-9.651375605755795e-12,-0.011065838269760637,4.960791775160562e-14,0.0,0.0,0.5,0.00042335100129205347,8.117607017685989e-12,-0.08773442108701367,0.0,-8.130919591614897e-12,0.0880845179728458,0.00042335100129205347,-1.3312573928908082e-14,0.00035009688583213794,40.688834101449025,40.68949442655468,40.68949442655467,40.68883410144901,-0.020483987019575284,2.24859974244984e-12,-3.0,-0.023302782532498897,2.1484589628652408e-12,-2.9999999999999956,0.07967665470313308
32.96,HOVER,True,-0.09170541548533367,7.135415787035097e-10,0.49992929684037424,-0.1521187660151621,2.1022168735712995e-10,5.26487537637898e-05,-9.881141795705681e-12,-0.009119926886109242,2.0177887471553812e-14,0.0,0.0,0.5,0.0004201482690969236,8.30629544342752e-12,-0.08255437534095432,0.0,-8.321260359443587e-12,0.08282911978368558,0.0004201482690969236,-1.4964916016066678e-14,0.00027474444273126175,40.68841394676922,40.68893214804582,40.68893214804579,40.68841394676918,-0.01918943820632922,2.302081879590519e-12,-3.0,-0.021912465551239574,2.1994746134927068e-12,-2.9999999999999956,0.09170544274073628
33.04,HOVER,True,-0.10414731873572679,7.306413081193333e-10,0.4999350499947567,-0.15678594318508754,2.152712277100022e-10,7.953270384816042e-05,-1.0116307062127168e-11,-0.00704513329320925,-1.1150875646109234e-14,0.0,0.0,0.5,0.00041701174418386374,8.50200942867026e-12,-0.07755338853213978,0.0,-8.51643291993698e-12,0.07775344840381748,0.00041701174418386374,-1.442349126671863e-14,0.00020005987167770467,40.68800331673675,40.68838065387183,40.688380653871796,40.68800331673671,-0.017940289940170207,2.3568807159853033e-12,-3.0,-0.020569695344925264,2.2517467108503733e-12,-2.9999999999999956,0.10414733898830181
33.12,HOVER,True,-0.1168676894770007,7.481516813188385e-10,0.49994261922118305,-0.15975227309089204,2.2044041218315373e-10,0.000100280285897172,-1.0357291346698913e-11,-0.004884945335374001,-4.3944349724263483e-14,0.0,0.0,0.5,0.0004141656499187224,8.702830472081357e-12,-0.07272628893305516,0.0,-8.716583746336759e-12,0.0728533817931225,0.0004141656499187224,-1.3753274255401224e-14,0.00012709286006733211,40.68763561151967,40.68787532403825,40.68787532403822,40.68763561151963,-0.016735409921861573,2.4130258562142783e-12,-3.0,-0.019273381426751984,2.3053053871326043e-12,-2.9999999999999956,0.11686770356367254
33.2,HOVER,True,-0.12972829603175084,7.660824329147359e-10,0.49995144977370537,-0.16098308450708093,2.2573214667561925e-10,0.00011382070435107415,-1.06041278997265e-11,-0.002681327717000137,-7.727215930355657e-14,0.0,0.0,0.5,0.0004117958332887273,8.907941429607824e-12,-0.06806789683232767,0.0,-8.921865362891879e-12,0.06812472165354694,0.0004117958332887273,-1.3923933284054951e-14,5.682482121927013e-05,40.687338409724966,40.68744558821639,40.687445588216356,40.68733840972493,-0.015573648844044781,2.470547887023585e-12,-3.0,-0.01802241313585898,2.360180773745827e-12,-2.9999999999999956,0.12972830511660152
33.28,HOVER,True,-0.1425899785415808,7.844435294143457e-10,0.49996093428657024,-0.16047642986076796,2.3114933798759926e-10,0.00011967335478297861,-1.0856967643231995e-11,-0.0004741929490788356,-1.1130647170524136e-13,0.0,0.0,0.5,0.0004100403832091845,9.118162798273366e-12,-0.06357305888927288,0.0,-9.132423205343338e-12,0.06356320027844443,0.0004100403832091845,-1.4260407069971473e-14,-9.858610828444858e-06,40.68713205542763,40.68711346089424,40.6871134608942,40.6871320554276,-0.014453843008262251,2.529477610187337e-12,-3.0,-0.016815661449323924,2.4164032569753277e-12,-2.9999999999999956,0.1425899838930436
33.36,HOVER,True,-0.15531514896903312,8.032451751599811e-10,0.499970459128538,-0.15826093905009458,2.3669499681048713e-10,0.00011792754041878264,-1.1115965530118044e-11,0.0016990677180696255,-1.4472457416771313e-13,0.0,0.0,0.5,0.00040898460556523726,9.334082574013688e-12,-0.059236670138753555,0.0,-9.348399286205888e-12,0.05916448894403202,0.00040898460556523726,-1.4316712192200363e-14,-7.218119472153506e-05,40.6870289003098,40.686892757839075,40.68689275783904,40.68702890030977,-0.013374817348761555,2.5898458206917505e-12,-3.0,-0.015651981202124875,2.474003369094879e-12,-2.9999999999999956,0.15531515177836333
33.44,HOVER,True,-0.1677701011237723,8.224978214930108e-10,0.49997944692797724,-0.15439335325217252,2.423722286031264e-10,0.00010918333662367929,-1.1381068544799359e-11,0.0038039934051018816,-1.7802992686460973e-13,0.0,0.0,0.5,0.00040866024874753476,9.553551631829991e-12,-0.055053739306219235,0.0,-9.569932123848008e-12,0.054924207771146004,0.00040866024874753476,-1.6380492018017143e-14,-0.00012953153507323095,40.68703323717369,40.68678892501884,40.68678892501881,40.68703323717365,-0.012335388789025162,2.651683856012255e-12,-3.0,-0.014530213696070372,2.533011821243584e-12,-2.9999999999999956,0.16777010238272358
33.52,HOVER,True,-0.1798271080301822,8.422121634269585e-10,0.4999873929833855,-0.14895579161516811,2.481840575735815e-10,9.447103658139066e-05,-1.165242811231297e-11,0.0058093672860801025,-2.1092853815929484e-13,0.0,0.0,0.5,0.00040904758765255254,9.777896496168384e-12,-0.05101919409457023,0.0,-9.7971438410281e-12,0.050837936926626394,0.00040904758765255254,-1.924734485971593e-14,-0.00018125716794383656,40.68714142538368,40.68679955242388,40.68679955242385,40.68714142538364,-0.011334369852489371,2.7150237676018776e-12,-3.0,-0.013449189663128676,2.593459798105354e-12,-2.9999999999999956,0.17982710847209799
33.6,HOVER,True,-0.19136628990153376,8.623991423283107e-10,0.49999389325620874,-0.1420528355703297,2.541335871935956e-10,7.513161982298058e-05,-1.1930197790432476e-11,0.007687479576220076,-2.433252303272014e-13,0.0,0.0,0.5,0.00041008259571689544,1.0008007104048923e-11,-0.04712817373223749,0.0,-1.0030152884636265e-11,0.04690122887356113,0.00041008259571689544,-2.214578058734235e-14,-0.00022694485867635894,40.68734325520942,40.68691520973445,40.686915209734416,40.687343255209385,-0.010370572414759898,2.7798979147219823e-12,-3.0,-0.012407732506233103,2.6553788610079387e-12,-2.9999999999999956,0.19136628999897076
33.68,HOVER,True,-0.20227723947611312,8.830699611265232e-10,0.49999866336172333,-0.13380844392951893,2.602242302075548e-10,5.271398941384424e-05,-1.2215372224151002e-11,0.0094143675267461,-2.750101275717945e-13,0.0,0.0,0.5,0.00041166363092405144,1.0247838589620179e-11,-0.04337597170682303,0.0,-1.0269075536447747e-11,0.043109621666793364,0.00041166363092405144,-2.1236946827568758e-14,-0.0002663500400296656,40.68762290674287,40.68712053832589,40.68712053832586,40.68762290674283,-0.009442811783510432,2.8463378610462e-12,-3.0,-0.011404661816612002,2.7188007535698285e-12,-2.9999999999999956,0.20227723948052934
33.76,HOVER,True,-0.2124603937157223,9.042361335834932e-10,0.5000015482430924,-0.12436276036354353,2.6646003176582594e-10,2.884980047060826e-05,-1.2507931012585335e-11,0.010969906595518211,-3.052886888560369e-13,0.0,0.0,0.5,0.0004136617899196723,1.0490788038088304e-11,-0.03975790385177219,0.0,-1.0514029128347099e-11,0.039458653089615096,0.0004136617899196723,-2.32410902587952e-14,-0.0002992507621570953,40.68796040021877,40.68739597705726,40.68739597705721,40.68796040021872,-0.008549910752096978,2.9143762019118464e-12,-3.0,-0.01043879711365479,2.783757199008682e-12,-2.9999999999999956,0.2124603937213635
33.84,HOVER,True,-0.22182814878267632,9.259094906060005e-10,0.5000025225311329,-0.11386890129373302,2.7284487414331366e-10,5.143150286731998e-06,-1.2807968949435093e-11,0.012337872916798566,-3.3337814407003416e-13,0.0,0.0,0.5,0.00041593116912050826,1.0742866941939405e-11,-0.03626941614480414,0.0,-1.076513659061207e-11,0.03594387521657739,0.00041593116912050826,-2.2269648672664574e-14,-0.00032554092822675157,40.68833325773118,40.687719248134044,40.68771924813401,40.68833325773115,-0.007690703644953975,2.984048629318974e-12,-3.0,-0.009508961697507246,2.8502811052800648e-12,-2.9999999999999956,0.22182814879701884
33.92,HOVER,True,-0.23030571802579355,9.48102175804291e-10,0.5000016827114813,-0.10248974737008892,2.793826942155305e-10,-1.6928156052123803e-05,-1.3115506438653793e-11,0.013505952611271807,-3.5885598564680923e-13,0.0,0.0,0.5,0.00041831926290101026,1.1000219763644939e-11,-0.03290609638292041,0.0,-1.1022523405252544e-11,0.03256086929182345,0.00041831926290101026,-2.2303641607605343e-14,-0.0003452270910969668,40.68871809502649,40.68806695494319,40.68806695494315,40.68871809502645,-0.006864040381909807,3.0553916539193107e-12,-3.0,-0.008613986585138478,2.9184065967904515e-12,-2.9999999999999956,0.23030571803194086
34.0,HOVER,True,-0.23783173566507942,9.70826646851742e-10,0.4999992323395819,-0.09039478317046268,2.860774099021723e-10,-3.609391393489659e-05,-1.343058114690848e-11,0.014465688214875295,-3.820614323922762e-13,0.0,0.0,0.5,0.00042067676067189725,1.1264197270325087e-11,-0.029663678381288416,0.0,-1.1286308246331564e-11,0.02930526071302312,0.00042067676067189725,-2.2110976006476808e-14,-0.00035841766826529703,40.68909211395183,40.68841609484328,40.68841609484324,40.689092113951794,-0.006068790433814793,3.1284433910870096e-12,-3.0,-0.007752714474344741,2.988169109572928e-12,-2.9999999999999956,0.23783173566631832
34.08,HOVER,True,-0.24435861265133707,9.940956758419613e-10,0.499995461897641,-0.07775703130288658,2.9293296091296306e-10,-5.1352070406227295e-05,-1.3753331285182979e-11,0.015212368714488956,-4.027106505144543e-13,0.0,0.0,0.5,0.0004228661965229197,1.1533858677910807e-11,-0.026538046103952218,0.0,-1.1556610554791305e-11,0.026172733845650394,0.0004228661965229197,-2.2751876880498138e-14,-0.00036531225830182396,40.689434419012166,40.688745395872225,40.688745395872175,40.689434419012116,-0.005303846586712433,3.2032432450760477e-12,-3.0,-0.006924003662870475,3.059605407545467e-12,-2.9999999999999956,0.24435861269347672
34.160000000000004,HOVER,True,-0.24985265457348718,1.0179223545162168e-09,0.49999072505254144,-0.06475012170093246,2.9995337611600884e-10,-6.2006953041012e-05,-1.4083932233503454e-11,0.01574486983420288,-4.2084002180313734e-13,0.0,0.0,0.5,0.00042476904730982264,1.1811023785179701e-11,-0.023525238614692953,0.0,-1.1833554302567268e-11,0.02315904639583255,0.00042476904730982264,-2.2530517387566487e-14,-0.0003661922188604033,40.68972709714841,40.689036414296346,40.68903641429632,40.68972709714838,-0.004568128449958664,3.2798319692080972e-12,-3.0,-0.006126731850749352,3.132753575868796e-12,-2.9999999999999956,0.24985265474563795
34.24,HOVER,True,-0.2542939544541873,1.0423200981438108e-09,0.4999854131106111,-0.05154553169732823,3.0714269027481786e-10,-6.768516967711809e-05,-1.442238667434909e-11,0.01606545051601157,-4.3610206454820114e-13,0.0,0.0,0.5,0.00042629101540088535,1.2094075123367746e-11,-0.02062145471708267,0.0,-1.211726528406328e-11,0.020260043087404304,0.00042629101540088535,-2.319016069553429e-14,-0.000361411629678364,40.689956019452296,40.68927435337011,40.68927435337006,40.68995601945225,-0.003860585650989413,3.358252259441403e-12,-3.0,-0.005359799758572568,3.207653184678774e-12,-2.9999999999999956,0.2542939548725561
34.32,HOVER,True,-0.2576760758548501,1.0673026471524163e-09,0.4999799293877471,-0.038310027742775574,3.14505001994186e-10,-6.833053756397489e-05,-1.4768968570597384e-11,0.016179511239786924,-4.48605583969157e-13,0.0,0.0,0.5,0.0004273653710488523,1.2385278801865651e-11,-0.017823056317674432,0.0,-1.240787718270145e-11,0.017471668409470544,0.0004273653710488523,-2.2598380835798193e-14,-0.0003513879082038887,40.690111344949884,40.68944858481976,40.68944858481971,40.690111344949834,-0.003180200666732378,3.438548062689877e-12,-3.0,-0.004622134499859933,3.2843453071506084e-12,-2.9999999999999956,0.25767607663650877
34.4,HOVER,True,-0.26000554392344755,1.0928840780349731e-09,0.4999746650402838,-0.02520333504016386,3.2204455124430294e-10,-6.418051973981772e-05,-1.5123943320783676e-11,0.01609531993154176,-4.578375981540818e-13,0.0,0.0,0.5,0.00042795435894545,1.2682723778423747e-11,-0.015126570135818238,0.0,-1.2705527510293536e-11,0.014789978226496237,0.00042795435894545,-2.2803731869789103e-14,-0.0003365919093220003,40.690187726994374,40.689552873909186,40.689552873909136,40.690187726994324,-0.0025259912517359147,3.5207647976005647e-12,-3.0,-0.003912692652512232,3.362872456122565e-12,-2.9999999999999956,0.26000554515776775
34.480000000000004,HOVER,True,-0.2613011637767093,1.1190788105867993e-09,0.499969977490457,-0.012376053825606092,3.297656239232532e-10,-5.573128011425728e-05,-1.548715856703942e-11,0.015823731112463265,-4.648471046180579e-13,0.0,0.0,0.5,0.00042804920485940093,1.2987692134358027e-11,-0.01252873895692988,0.0,-1.3010359926201337e-11,0.012211150088994613,0.00042804920485940093,-2.2667791843309997e-14,-0.00031758886793526765,40.690184352895514,40.68958534184669,40.68958534184664,40.69018435289546,-0.0018970124632271192,3.6049501801266877e-12,-3.0,-0.003230462986506512,3.4432787660841525e-12,-2.9999999999999956,0.2613011655014454
34.56,HOVER,True,-0.261593186758088,1.1459016042890765e-09,0.4999661731184303,3.2154891388239755e-05,3.37672506179809e-10,-4.367147433688062e-05,-1.585924588116085e-11,0.015377775103414138,-4.7030102639142e-13,0.0,0.0,0.5,0.0004276663842129042,1.3299239239583587e-11,-0.010026266873580145,0.0,-1.332252028142425e-11,0.00973149207263007,0.0004276663842129042,-2.328104184066386e-14,-0.00029477480095007474,40.690104123026444,40.68954814206958,40.68954814206953,40.690104123026394,-0.001292358106339648,3.69115265175484e-12,-3.0,-0.0025744688022830875,3.5256100342529505e-12,-2.9999999999999956,0.26159318894518224
34.64,HOVER,True,-0.2609223490956936,1.1733675774576954e-09,0.4999634941976202,0.011894085579125404,3.45769701263792e-10,-2.88499564751907e-05,-1.623987371243113e-11,0.01477247779058562,-4.730223867546903e-13,0.0,0.0,0.5,0.0004268468283664047,1.3618141647516499e-11,-0.0076163070605323735,0.0,-1.3642167769979727e-11,0.007347449986336335,0.0004268468283664047,-2.402612246322814e-14,-0.00026885707419603815,40.689953982291996,40.68944688530512,40.68944688530507,40.68995398229195,-0.000711161959605323,3.779422869471483e-12,-3.0,-0.0019437698376551155,3.609913436581094e-12,-2.9999999999999956,0.260922351649468
34.72,HOVER,True,-0.25933880116748975,1.2014921974060712e-09,0.4999621096715821,0.023096274346866952,3.540615646446315e-10,-1.2200557107772232e-05,-1.6629734092286715e-11,0.014024398103977088,-4.734351420209605e-13,0.0,0.0,0.5,0.0004256501954348936,1.3947190423770968e-11,-0.005296004479653713,0.0,-1.3969469791604956e-11,0.005055613232391898,0.0004256501954348936,-2.2279367833987562e-14,-0.0002403912472618147,40.6897436046361,40.68929019764458,40.689290197644546,40.689743604636064,-0.00015259842082116076,3.869812672489109e-12,-3.0,-0.0013374638180930947,3.69623794731398e-12,-2.9999999999999956,0.2593388039354461
34.800000000000004,HOVER,True,-0.2569009529103659,1.2302913011057975e-09,0.499962112021584,0.033539953189228464,3.6255279717133825e-10,5.317000239838548e-06,-1.7028534226904694e-11,0.013151315224439812,-4.707172915487203e-13,0.0,0.0,0.5,0.00042414988371410474,1.4280691810910273e-11,-0.003062670750115501,0.0,-1.430459940167669e-11,0.002852718851244962,0.00042414988371410474,-2.3907590766416147e-14,-0.0002099518988705391,40.68948478932861,40.689088794632816,40.68908879463277,40.68948478932856,0.0003841173045332797,3.962375204276833e-12,-3.0,-0.0007546875267843815,3.7846337593623524e-12,-2.9999999999999956,0.2569009557042421
34.88,HOVER,True,-0.25367425820689565,1.2597810910881022e-09,0.4999635181411302,0.04314173038223116,3.7124793383364317e-10,2.2770428872028318e-05,-1.7436838167256227e-11,0.012171884708523949,-4.661057907423241e-13,0.0,0.0,0.5,0.000422428012236843,1.4625285325181518e-11,-0.0009137686984707627,0.0,-1.4647736740492118e-11,0.000735653994627134,0.000422428012236843,-2.2451415310599554e-14,-0.00017811470384362872,40.689190674209385,40.68885472831729,40.68885472831725,40.68919067420936,0.0008997293597080485,4.05716549308211e-12,-3.0,-0.0001946174588960672,3.8751528194856494e-12,-2.9999999999999956,0.253674260830193
34.96,HOVER,True,-0.2497299602305641,1.2899781487952236e-09,0.4999662743011448,0.051833997154156486,3.8015178665543663e-10,3.93033812027783e-05,-1.7854490709775336e-11,0.011105304883470541,-4.597400376193905e-13,0.0,0.0,0.5,0.00042057022620784715,1.4974411057187695e-11,0.0011530986481924216,0.0,-1.4999068146667415e-11,-0.001298543109689952,0.00042057022620784715,-2.465708947972023e-14,-0.0001454444614975305,40.688874927685994,40.68860060182567,40.68860060182562,40.68887492768594,0.0013949417614160019,4.15423950610635e-12,-3.0,0.0003435299231984001,3.967848331966088e-12,-2.9999999999999956,0.24972996250786947
35.04,HOVER,True,-0.2451438191367115,1.320899436954534e-09,0.49997026449955584,0.05956506992594939,3.892691161060065e-10,5.417490787489454e-05,-1.828196495712649e-11,0.009970993595264429,-4.5129709721200264e-13,0.0,0.0,0.5,0.00041866084348734985,1.5332470256583805e-11,0.003140198976214162,0.0,-1.5358788369871246e-11,-0.0032526836380565513,0.00041866084348734985,-2.631811328744116e-14,-0.00011248466184238942,40.68855099448954,40.688338834801115,40.688338834801066,40.68855099448948,0.0018704192693244966,4.253654779189988e-12,-3.0,0.0008604983169461777,4.06277504167717e-12,-2.9999999999999956,0.2451438209401426
35.12,HOVER,True,-0.23999484254773693,1.352562306226386e-09,0.4999753213955774,0.0662990812622809,3.9860478048290426e-10,6.67885918590979e-05,-1.8719359199182548e-11,0.008788280989669592,-4.4052310574494444e-13,0.0,0.0,0.5,0.000416778576957833,1.5699305671914845e-11,0.005049680331614875,0.0,-1.5727098578866113e-11,-0.005129430010261605,0.000416778576957833,-2.7792906951268302e-14,-7.974967864672958e-05,40.6882314322336,40.68808101468603,40.68808101468598,40.68823143223355,0.0023267885639534293,4.355470310985963e-12,-3.0,0.0013569920662067738,4.159989080043218e-12,-2.9999999999999956,0.239994843816584
35.2,HOVER,True,-0.23436403800032213,1.384984501507226e-09,0.499981238965647,0.07201563662996852,4.08163747205853e-10,7.671077988861677e-05,-1.9166600278566195e-11,0.007576122535961831,-4.2841387742136233e-13,0.0,0.0,0.5,0.00041499301181654395,1.607287053068278e-11,0.0068835801608949365,0.0,-1.6104206362375286e-11,-0.0069312989802420445,0.00041499301181654395,-3.133583169250524e-14,-4.7718819347107935e-05,40.687927365510376,40.68783736204075,40.6878373620407,40.687927365510326,0.0027646396952366913,4.459746347606384e-12,-3.0,0.001833676978900012,4.259547909030582e-12,-2.9999999999999956,0.23436403875124026
35.28,HOVER,True,-0.22833320499113133,1.4181841659542738e-09,0.49998778601065225,0.07670925686114617,4.1795108847035185e-10,8.367802170607008e-05,-1.962505769124751e-11,0.00635283539969686,-4.15964917474367e-13,0.0,0.0,0.5,0.00041336195410286773,1.6458642832393083e-11,0.008643834353814328,0.0,-1.6490328651763672e-11,-0.008660665858415496,0.00041336195410286773,-3.168581937058867e-14,-1.683150460116828e-05,40.68764807467711,40.687616328421996,40.687616328421925,40.68764807467704,0.003184527765856877,4.566542989719536e-12,-3.0,0.0022911814440252642,4.361510252253479e-12,-2.9999999999999956,0.2283332053178064
35.36,HOVER,True,-0.2219837825510779,1.4521798985861246e-09,0.4999947196877361,0.08038862818654309,4.2797272045684616e-10,8.75944376972889e-05,-2.0094955978962962e-11,0.00513586057248003,-4.033640648143904e-13,0.0,0.0,0.5,0.0004119297038403871,1.685436518747625e-11,0.010332286456353479,0.0,-1.688568767210034e-11,-0.010319769741224468,0.0004119297038403871,-3.132248462408863e-14,1.2516715129010439e-05,40.687400727243954,40.68742433528383,40.68742433528378,40.687400727243904,0.003586974815121793,4.6759209910307105e-12,-3.0,0.0027300978151387485,4.465935243397208e-12,-2.9999999999999956,0.2219837826138791
35.44,HOVER,True,-0.21539576644647826,1.4869907694426016e-09,0.5000017983263656,0.08307568312388351,4.3823445086008246e-10,8.852023448304e-05,-2.057616672704354e-11,0.003941552652800263,-3.913529266960672e-13,0.0,0.0,0.5,0.0004107262473846422,1.725917085413742e-11,0.011950696956931017,0.0,-1.729051486458115e-11,-0.011910719622459489,0.0004107262473846422,-3.134401044372961e-14,3.9977334471528667e-05,40.68719025100687,40.687265653098905,40.68726565309885,40.68719025100682,0.003972471870128459,4.7879449101355005e-12,-3.0,0.0031509840271056857,4.572883625364237e-12,-2.9999999999999956,0.2153957664539853
35.52,HOVER,True,-0.20864670818452483,1.5226363093729505e-09,0.500008792907556,0.08480453649580952,4.487420571562786e-10,8.665295890903098e-05,-2.1068996786210796e-11,0.002784998690080332,-3.797756460313508e-13,0.0,0.0,0.5,0.0004097673119425618,1.767439045650745e-11,0.013500752481395761,0.0,-1.77050512733035e-11,-0.013435501261363985,0.0004097673119425618,-3.066081679605001e-14,6.525122003177633e-05,40.687019340215045,40.687142411914635,40.687142411914586,40.687019340214995,0.0043414811315529885,4.902680124719219e-12,-3.0,0.0035543654130592555,4.68241782978673e-12,-2.9999999999999956,0.20864670836980267
35.6,HOVER,True,-0.20181080602278878,1.5591365193745053e-09,0.5000154967265134,0.0856203014441424,4.595014708132497e-10,8.230331734900104e-05,-2.1573632548274955e-11,0.0016798670126770142,-3.6824774193300134e-13,0.0,0.0,0.5,0.00040905518288249427,1.8098071121291767e-11,0.014984074756691126,0.0,-1.812954085512142e-11,-0.014895984683513153,0.00040905518288249427,-3.1469733829652115e-14,8.80900731779731e-05,40.68688857954572,40.68705472808699,40.687054728086935,40.68688857954567,0.004694438261849208,5.0201930135933344e-12,-3.0,0.003940736688760094,4.794601642345899e-12,-2.9999999999999956,0.2018108066177731
35.68,HOVER,True,-0.19495809617924809,1.5965118808042927e-09,0.5000217329118504,0.08557781050953009,4.705187073940772e-10,7.586749262230197e-05,-2.209023038991138e-11,0.0006382864666481021,-3.5803010999516695e-13,0.0,0.0,0.5,0.0004085801525958861,1.853134031913632e-11,0.01640222924157221,0.0,-1.856423646289887e-11,-0.016293932191672297,0.0004085801525958861,-3.2896143762549463e-14,0.00010829704989991432,40.686796665737745,40.68700092708314,40.687000927083076,40.68679666573768,0.0050317547440427626,5.14055164898899e-12,-3.0,0.004310564071870978,4.909500222738658e-12,-2.9999999999999956,0.19495809739058392
35.76,HOVER,True,-0.1881537504408705,1.6347833572448596e-09,0.5000273596288924,0.08474026667756801,4.817998230624581e-10,6.779787305725102e-05,-2.261930836539589e-11,-0.0003292439877873697,-3.4885083791585546e-13,0.0,0.0,0.5,0.00040832244902805624,1.8976847744882e-11,0.01775673335592423,0.0,-1.900939992439412e-11,-0.017631006765183616,0.00040832244902805624,-3.255217951211791e-14,0.00012572659074061576,40.68674070353873,40.686977839107975,40.68697783910791,40.68674070353867,0.005353820279730822,5.263825218136257e-12,-3.0,0.0046642875040168305,5.027180185082195e-12,-2.9999999999999956,0.18815375243006627
35.84,HOVER,True,-0.18145748423807231,1.673972413131219e-09,0.5000322730367714,0.08317785315898976,4.933511326245341e-10,5.85742984714473e-05,-2.3160718514881456e-11,-0.0012139066666487673,-3.4077470045679864e-13,0.0,0.0,0.5,0.00040825443435936606,1.9431692877880967e-11,0.019049099109022194,0.0,-1.9465294071930462e-11,-0.018908780708968436,0.00040825443435936606,-3.360119404949538e-14,0.00014031840005375787,40.68671651088173,40.686981168369684,40.68698116836961,40.686716510881666,0.005661005171230444,5.390084509977196e-12,-3.0,0.005002322938880539,5.1477093664154684e-12,-2.9999999999999956,0.1814574871080253
35.92,HOVER,True,-0.1749230781029391,1.7141010156395791e-09,0.500036407644135,0.08096629691067336,5.051789839466213e-10,4.8676358189452755e-05,-2.37155180722298e-11,-0.0020086627857338326,-3.34967069271316e-13,0.0,0.0,0.5,0.0004083430949011302,1.9899129441872243e-11,0.020280715048349315,0.0,-1.9932192654209545e-11,-0.020128744558829,0.0004083430949011302,-3.306321233730159e-14,0.00015197048952031444,40.68671912049873,40.687005755237884,40.68700575523781,40.68671912049866,0.0059536628573127305,5.519401034134339e-12,-3.0,0.005325064698102911,5.271157111123152e-12,-2.9999999999999956,0.17492308189179462
36.0,HOVER,True,-0.16859801357323137,1.7551916736442015e-09,0.500039735076928,0.07818547362781907,5.172902788263618e-10,3.855674853281567e-05,-2.4283712298229084e-11,-0.002708075315054115,-3.3103549164040125e-13,0.0,0.0,0.5,0.0004085526764374905,2.03777181211627e-11,0.02145295666170005,0.0,-2.0410375978305765e-11,-0.02129231584760943,0.0004085526764374905,-3.2657857143063204e-14,0.0001606408140906214,40.6867430882653,40.68704607628614,40.687046076286066,40.68674308826523,0.006232131900551917,5.65184783703137e-12,-3.0,0.005632887790372866,5.397593748458352e-12,-2.9999999999999956,0.16859801825560064
36.08,HOVER,True,-0.1625232171648788,1.797267442540427e-09,0.500042261132754,0.07491803129934399,5.296917666413779e-10,2.8628407970058765e-05,-2.4864950155112508e-11,-0.0033085227455866588,-3.2892747862505946e-13,0.0,0.0,0.5,0.000408846190415573,2.0862809849020694e-11,0.022567320355201516,0.0,-2.090012495081359e-11,-0.022400847767189824,0.000408846190415573,-3.731510179289629e-14,0.00016647258801169226,40.68678260603084,40.68709659348322,40.68709659348315,40.68678260603077,0.006496738574733666,5.7875014614605435e-12,-3.0,0.005926150202960271,5.527091496076365e-12,-2.9999999999999956,0.16252322265948857
36.160000000000004,HOVER,True,-0.1567329179279251,1.8403518917976669e-09,0.5000440211494466,0.07124799245350723,5.423897096023673e-10,1.924146734486703e-05,-2.5459195360357003e-11,-0.003808012826038897,-3.2883293052196615e-13,0.0,0.0,0.5,0.00040918826581644096,2.1361688704721082e-11,0.023625166036869538,0.0,-2.14017328056509e-11,-0.02345563799514712,0.00040918826581644096,-4.004410092981911e-14,0.0001695280417224193,40.686832190105335,40.68715194051327,40.6871519405132,40.68683219010527,0.006747798948956237,5.926441055541443e-12,-3.0,0.006205195236811408,5.659724958594114e-12,-2.9999999999999956,0.15673292410997539
36.24,HOVER,True,-0.15125460949989572,1.884469110627727e-09,0.500045074612841,0.06725947518967786,5.553909541860622e-10,1.0676031533967777e-05,-2.606846534262856e-11,-0.004206133267644952,-3.3100537586094086e-13,0.0,0.0,0.5,0.0004095465321046201,2.1873909795026602e-11,0.024627851468033493,0.0,-2.191549431397826e-11,-0.024457936934686647,0.0004095465321046201,-4.158451895165869e-14,0.00016991453334684603,40.68688677443756,40.68720725381548,40.687207253815394,40.686886774437475,0.0069856208344835965,6.068742169451484e-12,-3.0,0.006470353686425039,5.7955697590074794e-12,-2.9999999999999956,0.15125461621612304
36.32,HOVER,True,-0.14610911101208215,1.929643803914868e-09,0.5000454991942817,0.06303547781058785,5.687034064466498e-10,3.1364399935026974e-06,-2.6693076787240486e-11,-0.004503971307537155,-3.352912634803012e-13,0.0,0.0,0.5,0.0004098929858516776,2.2400351266355773e-11,0.02557673744040148,0.0,-2.2441707246936473e-11,-0.025408955592214177,0.0004098929858516776,-4.1355980580699045e-14,0.0001677818481873039,40.686941922766515,40.68725837964207,40.68725837964198,40.68694192276643,0.007210505675467558,6.214483060755903e-12,-3.0,0.006721945923866186,5.934701844929997e-12,-2.9999999999999956,0.14610911809643376
36.4,HOVER,True,-0.14131072066087697,1.9759013117381344e-09,0.5000453846181256,0.058656747039271304,5.82334968099928e-10,-3.24947587615663e-06,-2.7333043342081566e-11,-0.004704010820882899,-3.4129179348992226e-13,0.0,0.0,0.5,0.00041020491835434673,2.294012926719396e-11,0.026473185673095194,0.0,-2.2980671263691777e-11,-0.026309873032823856,0.00041020491835434673,-4.0541996497817544e-14,0.0001633126402713382,40.68699397990845,40.68730200731689,40.687302007316816,40.68699397990838,0.007422750273833964,6.363746224698414e-12,-3.0,0.006960283871117422,6.0771991202916996e-12,-2.9999999999999956,0.14131072794894226
36.480000000000004,HOVER,True,-0.13686745436821818,2.023267602963363e-09,0.500044826708896,0.054200745162694366,5.962934965701532e-10,-8.426939416112686e-06,-2.7988436524316836e-11,-0.004810012254728968,-3.4949737193207665e-13,0.0,0.0,0.5,0.00041046543122741,2.3491016043468244e-11,0.027318557563485814,0.0,-2.3532695348526192e-11,-0.027161843311601912,0.00041046543122741,-4.167930505794841e-14,0.0001567142518839014,40.687040158550204,40.687335740599394,40.68733574059931,40.68704015855012,0.007622648326037964,6.516616188076362e-12,-3.0,0.0071856728337571195,6.223141753625672e-12,-2.9999999999999956,0.13686746170902023
36.56,HOVER,True,-0.13278136097496845,2.0717692764805147e-09,0.500043921915997,0.049740727088177825,6.105869016455852e-10,-1.2407270338420596e-05,-2.8659650540545133e-11,-0.004826880158115993,-3.603659516885511e-13,0.0,0.0,0.5,0.0004106635612305805,2.4055702124157515e-11,0.02811421475809145,0.0,-2.4098100228010253e-11,-0.027966001802716172,0.0004106635612305805,-4.239810385273791e-14,0.00014821295537527715,40.68707856382464,40.687358111399554,40.68735811139947,40.68707856382456,0.0078104917662084735,6.673178915090228e-12,-3.0,0.007398413175321739,6.372611961522713e-12,-2.9999999999999956,0.13278136823929623
36.64,HOVER,True,-0.12904890475453729,2.121433569323371e-09,0.5000427624715479,0.045344934032837014,6.252231562080512e-10,-1.52606593520828e-05,-2.934694279710206e-11,-0.004760534961485016,-3.736359805389635e-13,0.0,0.0,0.5,0.0004107943184359296,2.4635479385286266e-11,0.028861640413342896,0.0,-2.4677212837070706e-11,-0.028723470878339756,0.0004107943184359296,-4.173345178443986e-14,0.0001381695350031395,40.687108090164024,40.68736869463236,40.687368694632276,40.68710809016394,0.007986571925859635,6.83352251398377e-12,-3.0,0.0075988018196666025,6.525693898470361e-12,-2.9999999999999956,0.12904891183956033
36.72,HOVER,True,-0.12566140649643795,2.17228836718823e-09,0.5000414324988128,0.04107589234976845,6.402104610435305e-10,-1.7094997582840562e-05,-3.0050559272855434e-11,-0.0046177344760051,-3.887960156542818e-13,0.0,0.0,0.5,0.0004108571738751822,2.5227160300213715e-11,0.02956183932597456,0.0,-2.5270360597854702e-11,-0.029435364968235997,0.0004108571738751822,-4.320029764098735e-14,0.00012647435773856242,40.687128759828816,40.68736730577715,40.687367305777066,40.68712875982873,0.008151180516313007,6.997736303063386e-12,-3.0,0.007787133589480423,6.682473468149392e-12,-2.9999999999999956,0.1256614133269039
36.800000000000004,HOVER,True,-0.12260552996605387,2.224362215829699e-09,0.5000400060443494,0.03698992142960557,6.555570703377428e-10,-1.805489564609756e-05,-3.0770607063641075e-11,-0.004405859472713316,-4.059776734730188e-13,0.0,0.0,0.5,0.00041085634180463806,2.5830204776121175e-11,0.030216379030178195,0.0,-2.5877878562956935e-11,-0.030102794545073724,0.00041085634180463806,-4.767378683576034e-14,0.00011358448510447039,40.687140788140695,40.68735502222892,40.687355022228836,40.68714078814061,0.0083046100513209,7.165912217861123e-12,-3.0,0.007963702260601516,6.843038520636346e-12,-2.9999999999999956,0.12260553649301699
36.88,HOVER,True,-0.11986380407135122,2.277684317259541e-09,0.5000385428575399,0.03313665852350059,6.712711578362356e-10,-1.8317288727574456e-05,-3.1507608911996034e-11,-0.004133003997055722,-4.254912804294927e-13,0.0,0.0,0.5,0.00041080109610515896,2.6449324932884053e-11,0.030826717468267484,0.0,-2.65001085309005e-11,-0.03072686985317715,0.00041080109610515896,-5.07835980164459e-14,9.984761509033296e-05,40.68714526957375,40.68733359426229,40.68733359426219,40.68714526957364,0.008447155015064139,7.338144339592248e-12,-3.0,0.008128801548459564,7.0074790678448875e-12,-2.9999999999999956,0.11986381026818373
36.96,HOVER,True,-0.11741517960196465,2.332284551764861e-09,0.5000370902033152,0.029558699631217995,6.873614171290698e-10,-1.8035544411616688e-05,-3.2262652202691296e-11,-0.0038076562763189026,-4.4946067992057704e-13,0.0,0.0,0.5,0.00041069983520799217,2.708744745333875e-11,0.03139466859225213,0.0,-2.713741423639624e-11,-0.03130870406073622,0.00041069983520799217,-4.9966783057488995e-14,8.596453151590855e-05,40.68714283134938,40.68730497086176,40.68730497086166,40.68714283134928,0.008579111995231757,7.514526592184183e-12,-3.0,0.00828272594199371,7.1758866176116956e-12,-2.9999999999999956,0.11741518546016441
37.04,HOVER,True,-0.11523560398174111,2.388193546258341e-09,0.5000356817249025,0.026291407909482256,7.038375087728192e-10,-1.7389022426527675e-05,-3.3037027192533286e-11,-0.0034384660387889896,-4.753930304348873e-13,0.0,0.0,0.5,0.00041056546834993034,2.774035263589049e-11,0.031920898169854946,0.0,-2.7790153889602198e-11,-0.03184941536462494,0.00041056546834993034,-4.98012537117072e-14,7.148280523000539e-05,40.687135880079964,40.68727070530356,40.68727070530346,40.68713588007986,0.008700779784463993,7.695153463295837e-12,-3.0,0.008425771260482788,7.348353682820792e-12,-2.9999999999999956,0.11523560950601236
37.12,HOVER,True,-0.11329859950238498,2.4454427207849914e-09,0.5000343373353443,0.023362944660871833,7.207092243928365e-10,-1.653942270481709e-05,-3.383002394640405e-11,-0.003034115991717337,-5.024967935186628e-13,0.0,0.0,0.5,0.00041041104992079575,2.8409391223871288e-11,0.03240680114768372,0.0,-2.8458675072019888e-11,-0.03235012793552277,0.00041041104992079575,-4.9283848148599515e-14,5.667321216094867e-05,40.68712616261441,40.68723305515279,40.6872330551527,40.68712616261433,0.008812459077384382,7.88012621410304e-12,-3.0,0.008558234903577454,7.524975018330455e-12,-2.9999999999999956,0.1132986047056822
37.2,HOVER,True,-0.11157583626426355,2.504064252720938e-09,0.5000330650319408,0.020794323648546872,7.379859887109622e-10,-1.5630748686032557e-05,-3.464194283179558e-11,-0.002603284229627213,-5.30810444812151e-13,0.0,0.0,0.5,0.000410249589815992,2.9093394033513773e-11,0.03285368197804869,0.0,-2.9143338901978054e-11,-0.0328119726264778,0.000410249589815992,-4.994486846428167e-14,4.170935157089134e-05,40.687115510620885,40.687194179506825,40.687194179506726,40.687115510620785,0.008914452695821926,8.069548198071353e-12,-3.0,0.008680416038750742,7.705848535430266e-12,-2.9999999999999956,0.11157584116360537
37.28,HOVER,True,-0.11003769812973777,2.5640910882777732e-09,0.5000318635684791,0.018599520451705594,7.556775394514377e-10,-1.4766719185877376e-05,-3.547340815234978e-11,-0.002154621242831355,-5.596398529442568e-13,0.0,0.0,0.5,0.000410091389816292,2.979338539298094e-11,0.03326330960649291,0.0,-2.984451208156446e-11,-0.033236087442176376,0.000410091389816292,-5.112668858352149e-14,2.722216431653296e-05,40.68710490911166,40.68715625340878,40.68715625340867,40.68710490911156,0.009007065548918693,8.263523501515675e-12,-3.0,0.008792615725443485,7.891074358583519e-12,-2.9999999999999956,0.11003770274309756
37.36,HOVER,True,-0.10865383758275882,2.6255569569880343e-09,0.5000307246428989,0.016785636372552534,7.737935818166128e-10,-1.4028207735374228e-05,-3.632399057618833e-11,-0.0016965113777415632,-5.891144834436238e-13,0.0,0.0,0.5,0.0004099455569571738,3.050739187570099e-11,0.03363713888320988,0.0,-3.056257169491365e-11,-0.033623617586521805,0.0004099455569571738,-5.5179819212659595e-14,1.3521296688072393e-05,40.68709546285614,40.68712096565843,40.68712096565833,40.68709546285604,0.00909060424384667,8.462160609842605e-12,-3.0,0.008895136927651271,8.080755106878266e-12,-2.9999999999999956,0.10865384192684684
37.44,HOVER,True,-0.10739370745314696,2.688496349169457e-09,0.5000296344237936,0.015353245045047446,7.923436120730053e-10,-1.3481502282186402e-05,-3.7194291606234336e-11,-0.0012368381741267283,-6.190737988953254e-13,0.0,0.0,0.5,0.00040982066168188076,3.1239752843527975e-11,0.03397600690439753,0.0,-3.129790694057809e-11,-0.03397571446228117,0.00040982066168188076,-5.815409705011405e-14,2.9244211636331174e-07,40.687088782749605,40.68708933433083,40.68708933433073,40.687088782749505,0.009165376244242107,8.665569798801806e-12,-3.0,0.008988284249280734,8.274996202622002e-12,-2.9999999999999956,0.10739371154183652
37.52,HOVER,True,-0.10622705566776407,2.7529445502383203e-09,0.5000285756618875,0.014296888525318876,8.113379156422501e-10,-1.3155051971661565e-05,-3.8086264963549656e-11,-0.0007830011262902481,-6.492341673859363e-13,0.0,0.0,0.5,0.00040972204639070666,3.199260501063975e-11,0.03428141832489671,0.0,-3.2050915489131645e-11,-0.03429353381779001,0.00040972204639070666,-5.831047849189676e-14,-1.2115492893302604e-05,40.68708535913864,40.68706250785248,40.687062507852374,40.68708535913854,0.009231689174438399,8.87386002406129e-12,-3.0,0.009072363443859793,8.473904666898062e-12,-2.9999999999999956,0.10622705951126908
37.6,HOVER,True,-0.10512438323429162,2.8189377297651115e-09,0.5000275305487364,0.01360550803428836,8.307877211469278e-10,-1.3050010837157569e-05,-3.899987490633584e-11,-0.00034191866437076633,-6.801894635303612e-13,0.0,0.0,0.5,0.00040965247252353916,3.2761086682157775e-11,0.03455479295890543,0.0,-3.282199812748372e-11,-0.034578234143077424,0.00040965247252353916,-6.091144532594367e-14,-2.3441184171996143e-05,40.687085369112495,40.6870411562016,40.68704115620148,40.687085369112374,0.009289850573766687,9.087144668140183e-12,-3.0,0.009147680990232122,8.677589020181884e-12,-2.9999999999999956,0.10512438683921697
37.68,HOVER,True,-0.10405736486749531,2.886512938863792e-09,0.5000264813768787,0.01326295729100744,8.507038762640552e-10,-1.316680542015685e-05,-3.9934984760603074e-11,8.025653646223322e-05,-7.137347992183241e-13,0.0,0.0,0.5,0.0004096147523235168,3.3548369071468804e-11,0.0347965873594305,0.0,-3.3611593154925e-11,-0.03483097470341836,0.0004096147523235168,-6.322408345619484e-14,-3.438734398785587e-05,40.68708990669696,40.68702504800363,40.68702504800351,40.68708990669684,0.009340166895358566,9.305543400438158e-12,-3.0,0.0092145435723329,8.88616127300673e-12,-2.9999999999999956,0.10405736823709495
37.76,HOVER,True,-0.1029992193198109,2.955708100878833e-09,0.5000254130749094,0.013248648746834877,8.710974785965801e-10,-1.3450243104439533e-05,-4.089293121824099e-11,0.00047790071894316413,-7.470285518943592e-13,0.0,0.0,0.5,0.0004096056875217489,3.435664258889189e-11,0.035009027174877014,0.0,-3.442013252694612e-11,-0.03505291284008205,0.0004096056875217489,-6.348993805423012e-14,-4.388566520503734e-05,40.68709747388172,40.68701470020482,40.6870147002047,40.68709747388161,0.009382942808123492,9.529175512867016e-12,-3.0,0.009273257365101073,9.099736418877334e-12,-2.9999999999999956,0.10299922245490445
37.84,HOVER,True,-0.10192503868851358,3.026562067242849e-09,0.5000243152006544,0.013538016319416972,8.919802464878307e-10,-1.3851070204925349e-05,-4.1873824614094095e-11,0.0008460932847166193,-7.78678276654336e-13,0.0,0.0,0.5,0.0004096220582642624,3.5182709651275287e-11,0.035193314297243566,0.0,-3.524803622158898e-11,-0.03524520199987012,0.0004096220582642624,-6.532657031369278e-14,-5.188770262655462e-05,40.687107531137414,40.687009664649295,40.687009664649175,40.6871075311373,0.009418480820583015,9.7581641570226e-12,-3.0,0.009324127513193154,9.318431774144884e-12,-2.9999999999999956,0.10192504158882634
37.92,HOVER,True,-0.10081207200960643,3.0991146175358045e-09,0.500023181209741,0.014103144401551797,9.133636946917134e-10,-1.4319522469114779e-05,-4.287776217615492e-11,0.0011806470417106074,-8.0788183265293e-13,0.0,0.0,0.5,0.00040966004245969326,3.60273379750702e-11,0.03535063740534656,0.0,-3.609572955434971e-11,-0.03540898900007614,0.00040966004245969326,-6.839157927950854e-14,-5.835159472958318e-05,40.68711945277575,40.687009394604665,40.68700939460453,40.687119452775605,0.009447080155604809,9.992637368126682e-12,-3.0,0.009367457407427551,9.542368177164445e-12,-2.9999999999999956,0.10081207467480553
38.0,HOVER,True,-0.09963995754605771,3.1734064679053577e-09,0.5000220078360813,0.014913415986911677,9.352597559375581e-10,-1.4815531629187854e-05,-4.390624536479024e-11,0.0014782347924400146,-8.324207091086913e-13,0.0,0.0,0.5,0.0004097163357857728,3.689673953280064e-11,0.03548214654239118,0.0,-3.696364360055697e-11,-0.0355454109853845,0.0004097163357857728,-6.690406775633089e-14,-6.326444299332296e-05,40.68713271983472,40.68701339543712,40.687013395437,40.6871327198346,0.009469035764557689,1.023272360042349e-11,-3.0,0.009403547879731352,9.771669386141652e-12,-2.9999999999999956,0.09963995997653273
38.08,HOVER,True,-0.098390899393166,3.2494793333795803e-09,0.5000207967891107,0.015936217475909446,9.57681068641819e-10,-1.5268130788712017e-05,-4.4959619041449186e-11,0.0017364185268040457,-8.54291930552672e-13,0.0,0.0,0.5,0.000409783671142854,3.778510243599378e-11,0.03558823071278793,0.0,-3.7852229404400825e-11,-0.035655592114794694,0.000409783671142854,-6.71269684070468e-14,-6.73614020067631e-05,40.68714691102379,40.68701985926555,40.68701985926543,40.687146911023675,0.009484637416926484,1.0478555209434089e-11,-3.0,0.009432696326665265,1.0006461722938595e-11,-2.9999999999999956,0.09839090159106462
38.160000000000004,HOVER,True,-0.09704978786049029,3.327375947230268e-09,0.5000195543319397,0.017137629564313375,9.806403861667536e-10,-1.563024678840255e-05,-4.603831925074234e-11,0.0019534448143527982,-8.74734403317784e-13,0.0,0.0,0.5,0.0004098564865877862,3.8694512320592786e-11,0.0356704245612541,0.0,-3.876197437600344e-11,-0.035740640382091425,0.0004098564865877862,-6.746205541065278e-14,-7.021582083732714e-05,40.68716077092654,40.68702833538887,40.687028335388746,40.68716077092642,0.00949416911210901,1.0730269283703731e-11,-3.0,0.009455195868278156,1.0246875013625184e-11,-2.9999999999999956,0.09704978983046834
38.24,HOVER,True,-0.09560427401632282,3.407140070307578e-09,0.500018289962507,0.018482949566359347,1.0041505637674362e-09,-1.5862118586026115e-05,-4.714242017948302e-11,0.0021282207166368524,-8.947649603524187e-13,0.0,0.0,0.5,0.0004099293972726402,3.962423633085364e-11,0.03572983116841687,0.0,-3.969339994511598e-11,-0.035801645263556475,0.0004099293972726402,-6.916361426233995e-14,-7.18140951396079e-05,40.68717346081632,40.68703801073984,40.687038010739705,40.68717346081618,0.009497908782887879,1.0988007082204694e-11,-3.0,0.009471334725808593,1.0493042800280469e-11,-2.9999999999999956,0.09560427576584052
38.32,HOVER,True,-0.09404480191617064,3.488816492568529e-09,0.5000170158490811,0.01993724317399031,1.0282245303056342e-09,-1.5934480342495465e-05,-4.827280255600614e-11,0.0022603867672601322,-9.13362617320469e-13,0.0,0.0,0.5,0.00040999758854165963,4.057635534414423e-11,0.035767378131114906,0.0,-4.064702757455121e-11,-0.0358396752512506,0.00040999758854165963,-7.067223040698463e-14,-7.2297120135692e-05,40.68718437512172,40.687048014001626,40.68704801400149,40.68718437512158,0.009496127418636932,1.1251912721603877e-11,-3.0,0.009481395569113914,1.0745102376128052e-11,-2.9999999999999956,0.0940448034555387
38.4,HOVER,True,-0.0923645947401232,3.5724510591689546e-09,0.5000157455906336,0.021465923410855,1.0528755171914944e-09,-1.5831795820926043e-05,-4.9429187466129445e-11,0.002350307061807974,-9.303016475127797e-13,0.0,0.0,0.5,0.00041005732920080385,4.15455515039785e-11,0.03578402685973355,0.0,-4.1623388301126706e-11,-0.035855775120366466,0.00041005732920080385,-7.783679714820413e-14,-7.17482606329145e-05,40.68719302019178,40.687057694287155,40.687057694287,40.68719302019162,0.009489088289104514,1.1522134757968441e-11,-3.0,0.009485654793747744,1.100319451785084e-11,-2.9999999999999956,0.09236459608221555
38.480000000000004,HOVER,True,-0.09055959783064395,3.6580906642969516e-09,0.5000144942251276,0.023035250324677216,1.0781166876439499e-09,-1.5538895250222214e-05,-5.061348662416452e-11,0.002398853843359349,-9.441865973007278e-13,0.0,0.0,0.5,0.0004101045828953044,4.254692959085558e-11,0.03578096272001775,0.0,-4.262301818573468e-11,-0.03585096353761162,0.0004101045828953044,-7.608859487909803e-14,-7.000081759386823e-05,40.68719861974638,40.68706658973085,40.68706658973071,40.68719861974624,0.009477046700056717,1.1798824371200473e-11,-3.0,0.009484381888257043,1.1267463938994275e-11,-2.9999999999999956,0.09055959899055731
38.56,HOVER,True,-0.088628387616847,3.745783327325569e-09,0.5000132765483682,0.024612758683075754,1.1039625249648936e-09,-1.5063688782709553e-05,-5.182643613501501e-11,0.0024075646111432958,-9.549913742621461e-13,0.0,0.0,0.5,0.00041013760802307826,4.356806580789536e-11,0.0357589994095101,0.0,-4.364645780118647e-11,-0.03582623105509178,0.00041013760802307826,-7.839199329111002e-14,-6.723164558167932e-05,40.68720107345322,40.68707426643131,40.68707426643116,40.68720107345306,0.009460249354679196,1.2082134012268258e-11,-3.0,0.009477838903463433,1.1538057787071002e-11,-2.9999999999999956,0.08862838861126174
38.64,HOVER,True,-0.0865720426999946,3.835578245232288e-09,0.5000121063973152,0.026167728498131284,1.1304277560437677e-09,-1.4420955996307183e-05,-5.306855362931636e-11,0.0023784981957193953,-9.6361876789428e-13,0.0,0.0,0.5,0.0004101554075087566,4.46131320375514e-11,0.03571887924543929,0.0,-4.4694273711397164e-11,-0.035782537907812696,0.0004101554075087566,-8.11416738457619e-14,-6.365866237340728e-05,40.68720043389627,40.68708036595319,40.687080365953044,40.68720043389612,0.00943893388615888,1.2372223099668713e-11,-3.0,0.009466279869791719,1.1815126995950672e-11,-2.9999999999999956,0.08657204354648537
38.72,HOVER,True,-0.08439398399118207,3.927525795746543e-09,0.5000109965249819,0.027671530845667015,1.1575271137174433e-09,-1.3624257297080672e-05,-5.434004695121057e-11,0.0023140622593609598,-9.701907008782103e-13,0.0,0.0,0.5,0.00041015692428346683,4.568319475990882e-11,0.035661977806132276,0.0,-4.5767056374616594e-11,-0.03572081240614411,0.00041015692428346683,-8.386161470777629e-14,-5.883460001183255e-05,40.68719611714765,40.68708514797014,40.68708514796999,40.687196117147494,0.00941332881094022,1.2669256240881654e-11,-3.0,0.009449950371995797,1.2098826985937437e-11,-2.9999999999999956,0.08439398470760504
38.800000000000004,HOVER,True,-0.08209979222749839,4.0216775466592865e-09,0.5000099566101552,0.029097911644530888,1.1852756356642946e-09,-1.2719858603621216e-05,-5.564203469985857e-11,0.002217249382165556,-9.755220121912191e-13,0.0,0.0,0.5,0.0004101448652051141,4.6779778622208236e-11,0.03558808664632157,0.0,-4.68654145078513e-11,-0.035641949685905096,0.0004101448652051141,-8.563588564306644e-14,-5.3863039583525174e-05,40.68718957911337,40.68708798690063,40.68708798690047,40.687189579113216,0.009383653051559472,1.2973400358880842e-11,-3.0,0.009429087218493414,1.2389317303822775e-11,-2.9999999999999956,0.08209979283123987
38.88,HOVER,True,-0.07969699595512256,4.118086307934856e-09,0.5000089936865365,0.030423369374233178,1.2136890677329986e-09,-1.1736433573646096e-05,-5.697573097269206e-11,0.00209130278980449,-9.803369629156804e-13,0.0,0.0,0.5,0.00041012047894127735,4.790314780344296e-11,0.03549852367561154,0.0,-4.798998010065229e-11,-0.035546810072687444,0.00041012047894127735,-8.683229720933178e-14,-4.828639707590149e-05,40.68718057977745,40.68708950578753,40.68708950578736,40.68718057977728,0.00935011569293966,1.3284825569771202e-11,-3.0,0.009403918008647472,1.2686761048702079e-11,-2.9999999999999956,0.07969699646258468
38.96,HOVER,True,-0.07719484311219717,4.21680616802393e-09,0.5000081123912351,0.03162728763375025,1.2427832895229667e-09,-1.0705369330101641e-05,-5.833957545430234e-11,0.001939734320243,-9.814666770524372e-13,0.0,0.0,0.5,0.00041008562639392526,4.904329416730495e-11,0.03539345668337102,0.0,-4.9141387700179434e-11,-0.035436218591282174,0.00041008562639392526,-9.809353287448362e-14,-4.276190791115131e-05,40.687170024367084,40.68708937023247,40.687089370232286,40.6871700243669,0.009312916316173701,1.3603710366358219e-11,-3.0,0.009374661002984702,1.2991325690215156e-11,-2.9999999999999956,0.07719484353846211
39.04,HOVER,True,-0.07460406049425404,4.317892424024075e-09,0.5000073145001052,0.032692111159997296,1.2725732087569365e-09,-9.659883072985331e-06,-5.973508963150716e-11,0.0017662116165492214,-9.712723262016924e-13,0.0,0.0,0.5,0.0004100427853192125,5.02167805250992e-11,0.035274006163190624,0.0,-5.0320220286337136e-11,-0.03531096445949104,0.0004100427853192125,-1.0343976123793532e-13,-3.695829630041836e-05,40.68715798049309,40.68708827267249,40.687088272672305,40.687157980492906,0.009272244804026424,1.393023747324538e-11,-3.0,0.009341524989283347,1.3303184485820056e-11,-2.9999999999999956,0.07460406085282655
39.12,HOVER,True,-0.07193660682295613,4.421401670461975e-09,0.5000065992475042,0.033603355332542155,1.3030761487220662e-09,-8.63657378843782e-06,-6.11688077072229e-11,0.0015743606597011894,-9.587673367939424e-13,0.0,0.0,0.5,0.0004099951797291299,5.1435868481085864e-11,0.03514121745654532,0.0,-5.152710138321735e-11,-0.03517180126194087,0.0004099951797291299,-9.123290213148355e-14,-3.058380539554956e-05,40.687144667491474,40.68708698273235,40.68708698273218,40.6871446674913,0.009228281909037973,1.4264580287300379e-11,-3.0,0.009304709328555786,1.362251237317108e-11,-2.9999999999999956,0.0719366071256538
39.2,HOVER,True,-0.06920542899185066,4.5273920754807676e-09,0.500005963191142,0.03434958981126629,1.3343119734500781e-09,-7.664419418924196e-06,-6.263634382750417e-11,0.001367968349148653,-9.455239345010351e-13,0.0,0.0,0.5,0.00040994569063024407,5.2667704347323475e-11,0.03499543549136562,0.0,-5.276275251417694e-11,-0.03501944729525181,0.00040994569063024407,-9.504816685346674e-14,-2.401180388619112e-05,40.6871308793437,40.687085590174966,40.68708559017478,40.68713087934351,0.009181199053760426,1.4606927651117912e-11,-3.0,0.009264404046362912,1.3949485804126852e-11,-2.9999999999999956,0.06920542924876454
39.28,HOVER,True,-0.06642421361185037,4.635923213959604e-09,0.5000054009921231,0.03492250848863666,1.3662974138945946e-09,-6.764684871134978e-06,-6.413832145834516e-11,0.0011508968469460025,-9.2953149627739e-13,0.0,0.0,0.5,0.0004098967409125077,5.3933624399679e-11,0.03483706228656336,0.0,-5.402788678224196e-11,-0.03485458544366859,0.0004098967409125077,-9.426238256295657e-14,-1.752315710523006e-05,40.68711725253164,40.68708420173618,40.687084201736006,40.68711725253147,0.009131158272379874,1.4957481116711778e-11,-3.0,0.009220789799912326,1.428429040610592e-11,-2.9999999999999956,0.06642421383142948
39.36,HOVER,True,-0.0636071374214152,4.747056034120034e-09,0.5000049057212113,0.03531690939843708,1.3990500523422418e-09,-5.956199996532844e-06,-6.567503747718746e-11,0.0009269301710575692,-9.120880405095459e-13,0.0,0.0,0.5,0.0004098508041107809,5.521814637047165e-11,0.03466670683754361,0.0,-5.53232448670979e-11,-0.03467786351497867,0.0004098508041107809,-1.0509849662625135e-13,-1.1156677435057716e-05,40.68710420303426,40.687083160190106,40.6870831601899,40.68710420303405,0.00907831266658876,1.531643854463734e-11,-3.0,0.009174037966925574,1.4627116481765296e-11,-2.9999999999999956,0.06360713761059306
39.44,HOVER,True,-0.06076862474963787,4.860852873899727e-09,0.5000044693884983,0.03553058580409894,1.4325870790182017e-09,-5.252386466752516e-06,-6.724836041369295e-11,0.0006997194921156932,-8.908904904775382e-13,0.0,0.0,0.5,0.0004098100246853864,5.654595190259123e-11,0.03448503186852433,0.0,-5.664955204960469e-11,-0.03448989515353892,0.0004098100246853864,-1.0360014701346174e-13,-4.863285014589103e-06,40.687092013471194,40.687082840726966,40.687082840726774,40.687092013471,0.009022806861706756,1.5684004382847666e-11,-3.0,0.00912431088717961,1.4978159286544133e-11,-2.9999999999999956,0.06076862491399453
39.52,HOVER,True,-0.05792311680110527,4.977377549186819e-09,0.5000040833090474,0.03556416019583906,1.4669277675489299e-09,-4.656184716677573e-06,-6.88603772662802e-11,0.0004727456655875254,-8.732648166481867e-13,0.0,0.0,0.5,0.00040977564549920614,5.7903849008817145e-11,0.03429232008235504,0.0,-5.800759993741369e-11,-0.03429126108434038,0.00040977564549920614,-1.0375092859654694e-13,1.0589980146621936e-06,40.68708115551854,40.68708315291699,40.6870831529168,40.68708115551836,0.008964777468774481,1.6060380233721488e-11,-3.0,0.00907176219162444,1.533761643895326e-11,-2.9999999999999956,0.057923116945032584
39.6,HOVER,True,-0.05508485461739459,5.096695458436458e-09,0.5000037388110311,0.035420916196635566,1.5020918205714287e-09,-4.167553965099585e-06,-7.051094684612534e-11,0.0002492292174675609,-8.574659842341143e-13,0.0,0.0,0.5,0.0004097486696283691,5.928993367251649e-11,0.034089540998087656,0.0,-5.939820266172481e-11,-0.034082510386206945,0.0004097486696283691,-1.0826898920831994e-13,7.030611880710913e-06,40.687071386521744,40.68708464710681,40.6870846471066,40.68707138652154,0.00890435345410493,1.6445779286125443e-11,-3.0,0.009016537139208186,1.5705689872347694e-11,-2.9999999999999956,0.05508485474427823
39.68,HOVER,True,-0.05226767984425639,5.218873554869011e-09,0.5000034276823757,0.03510655651282277,1.5380985061814587e-09,-3.7812017107112794e-06,-7.219983430386086e-11,3.2253135711685275e-05,-8.392456987243138e-13,0.0,0.0,0.5,0.00040972955415911156,6.070974971064789e-11,0.03387642539002458,0.0,-6.082214125076213e-11,-0.03386416206264834,0.00040972955415911156,-1.1239154011424108e-13,1.22633273762357e-05,40.68706351993388,40.687086650053786,40.68708665005358,40.68706351993368,0.008841656573305622,1.6840422231500887e-11,-3.0,0.008958773032446653,1.6082587633768232e-11,-2.9999999999999956,0.052267679956649306
39.76,HOVER,True,-0.04948484796195546,5.343980346329125e-09,0.5000031422683054,0.03462908703447082,1.574967671687622e-09,-3.486602590032122e-06,-7.393003429752056e-11,-0.0001753169433603665,-8.218104048584849e-13,0.0,0.0,0.5,0.00040971819283140893,6.216503723328747e-11,0.033653447770055814,0.0,-6.228022005337373e-11,-0.03363670609779594,0.00040971819283140893,-1.1518282008625225e-13,1.674167225987344e-05,40.68705755404869,40.68708913086915,40.68708913086893,40.68705755404847,0.008776801499290223,1.7244528649266086e-11,-3.0,0.008898599496771414,1.6468522652476143e-11,-2.9999999999999956,0.049484848061722146
39.84,HOVER,True,-0.046748858461551836,5.472086014964424e-09,0.5000028760129664,0.033998531778271064,1.612720512524036e-09,-3.268673964751017e-06,-7.570260470154705e-11,-0.00037107189762042867,-8.043034958226777e-13,0.0,0.0,0.5,0.00040971389304870294,6.365913203804256e-11,0.033421408522028614,0.0,-6.377326754025877e-11,-0.03340060528343241,0.00040971389304870294,-1.141355022162103e-13,2.0803238596205087e-05,40.68705306426994,40.68709230169615,40.68709230169593,40.68705306426972,0.008709896915573254,1.7658324276634085e-11,-3.0,0.00883613896387101,1.686371159212474e-11,-2.9999999999999956,0.04674885855001903
39.92,HOVER,True,-0.04407131324833696,5.6032624718139736e-09,0.5000026234379882,0.03322659027440243,1.6513787773771005e-09,-3.115584621628529e-06,-7.75177131340596e-11,-0.000552901529974046,-7.872501587421547e-13,0.0,0.0,0.5,0.00040971617407673715,6.51863982531467e-11,0.033180660822129435,0.0,-6.530212937600993e-11,-0.03315629744826238,0.00040971617407673715,-1.1573112286323637e-13,2.436337386705484e-05,40.68705005669783,40.687096008970116,40.687096008969895,40.68705005669761,0.008641045945391022,1.8082042146006742e-11,-3.0,0.008771507261445073,1.7268376190321152e-11,-2.9999999999999956,0.04407131332642016
40.0,HOVER,True,-0.04146279641354871,5.737583356379992e-09,0.5000023802805971,0.03232639494769578,1.690963938988052e-09,-3.0119175828317393e-06,-7.937493808738623e-11,-0.0007189914069318094,-7.723000912169234e-13,0.0,0.0,0.5,0.0004097240322858662,6.674175701251159e-11,0.0329314376387337,0.0,-6.68676836275498e-11,-0.03290419715046671,0.0004097240322858662,-1.2592661503820625e-13,2.7240488266987162e-05,40.68704854865162,40.68709992750993,40.687099927509685,40.687048548651376,0.008570346406840157,1.8515923753266344e-11,-3.0,0.00870481406097003,1.7682744560689086e-11,-2.9999999999999956,0.04146279648187223
40.08,HOVER,True,-0.03893277488685557,5.875123997597949e-09,0.5000021435626174,0.03131223108702552,1.7314970629001496e-09,-2.9388612928039945e-06,-8.127596905700719e-11,-0.0008679101971888841,-7.628510415744887e-13,0.0,0.0,0.5,0.00040973594023348584,6.833944275133029e-11,0.03267446108726825,0.0,-6.847085191784115e-11,-0.03264469746966031,0.00040973594023348584,-1.314091665108591e-13,2.9763617607939108e-05,40.68704799556028,40.687104133345954,40.6871041333457,40.68704799556002,0.008497891445944032,1.8960214979788572e-11,-3.0,0.008636163351761988,1.8107051342377122e-11,-2.9999999999999956,0.0389327749458662
40.160000000000004,HOVER,True,-0.0364895221100137,6.015961490143024e-09,0.5000019108766378,0.030199266017052032,1.7730008891700492e-09,-2.8975010925831355e-06,-8.322415059725104e-11,-0.000998402505943794,-7.578175989426418e-13,0.0,0.0,0.5,0.0004097523490545872,6.998275027119638e-11,0.032409296368317506,0.0,-7.011257343521485e-11,-0.03237817180539772,0.0004097523490545872,-1.2982316401846263e-13,3.11245629197876e-05,40.68704922879683,40.6871079334901,40.68710793348986,40.68704922879659,0.008423769803473664,1.941516026469584e-11,-3.0,0.008565653916771884,1.8541535058805923e-11,-2.9999999999999956,0.03648952216004842
40.24,HOVER,True,-0.03414005780296106,6.160174854278654e-09,0.5000016814682451,0.0290033465128122,1.8154998025765445e-09,-2.8538911968454153e-06,-8.521944374454321e-11,-0.001109755694986073,-7.560009337644419e-13,0.0,0.0,0.5,0.0004097698554023616,7.166116206576192e-11,0.03213724068826153,0.0,-7.179377447298127e-11,-0.03210497540836599,0.0004097698554023616,-1.326124072193476e-13,3.2265279895540844e-05,40.68705083805435,40.687111694277924,40.68711169427767,40.68705083805409,0.008348066489426808,1.9881013300316587e-11,-3.0,0.008493379737662959,1.8986438200317575e-11,-2.9999999999999956,0.0341400578443695
40.32,HOVER,True,-0.03189011752016475,6.307845050287851e-09,0.5000014562106695,0.0277405722458847,1.8590180348895272e-09,-2.7976027375653566e-06,-8.726320014179527e-11,-0.0012015845340564687,-7.56757899263589e-13,0.0,0.0,0.5,0.00040978721761311936,7.338027381424661e-11,0.0318585083379026,0.0,-7.351539394809526e-11,-0.031825447921528076,0.00040978721761311936,-1.351201338486406e-13,3.306041637452656e-05,40.68705275110828,40.68711510705551,40.687115107055256,40.68705275110803,0.008270863616961253,2.035803659073782e-11,-3.0,0.00841943066707092,1.9442010050934622e-11,-2.9999999999999956,0.03189011755341312
40.4,HOVER,True,-0.02974414528651905,6.459054999065287e-09,0.5000012364926639,0.02642708819778942,1.903580117312213e-09,-2.7214438679051783e-06,-8.935555842053242e-11,-0.0012737167199507893,-7.600293510842549e-13,0.0,0.0,0.5,0.0004098034364770373,7.513895223304384e-11,0.031573190138263846,0.0,-7.527839627650442e-11,-0.0315399149671807,0.0004098034364770373,-1.394440434605746e-13,3.3275171083146926e-05,40.68705503613741,40.687117797138015,40.68711779713776,40.68705503613716,0.00819224023225599,2.0846499876674686e-11,-3.0,0.008343892848460504,1.990850652383951e-11,-2.9999999999999956,0.029744145312220846
40.480000000000004,HOVER,True,-0.027705299884870877,6.613889585322246e-09,0.500001024314515,0.025078900224778364,1.949210677215926e-09,-2.619459360000769e-06,-9.149788564182267e-11,-0.0013262759281828073,-7.658911312316492e-13,0.0,0.0,0.5,0.0004098175295820578,7.694406005427363e-11,0.03128169878557471,0.0,-7.708376829440083e-11,-0.03124868944088881,0.0004098175295820578,-1.397082401271957e-13,3.300934468590186e-05,40.68705744834697,40.68711970796681,40.68711970796655,40.687057448346714,0.008112272777613614,2.1346678362352863e-11,-3.0,0.008266849058436195,2.038619025827999e-11,-2.9999999999999956,0.027705299903807035
40.56,HOVER,True,-0.025775478794606503,6.77243572712361e-09,0.500000821911504,0.02371164578542042,1.9959356297923485e-09,-2.4880301808287044e-06,-9.369198406090286e-11,-0.0013596555111355891,-7.742527588269757e-13,0.0,0.0,0.5,0.00040982870080493654,7.878790375699028e-11,0.03098422751265852,0.0,-7.893251864201703e-11,-0.03095207309871129,0.00040982870080493654,-1.4461488502674867e-13,3.2154413947230176e-05,40.68705996797614,40.68712061509312,40.68712061509285,40.68705996797587,0.008031035593990725,2.1858849888790246e-11,-3.0,0.008188379126643199,2.087532919205633e-11,-2.9999999999999956,0.02577547880771168
40.64,HOVER,True,-0.023955359336411533,6.934782444943905e-09,0.5000006318771952,0.022340388684446565,2.0437811598678678e-09,-2.3241854855453726e-06,-9.593799784328354e-11,-0.0013745202984745872,-7.830443581561407e-13,0.0,0.0,0.5,0.00040983614467556104,8.067364140923904e-11,0.030681189823119074,0.0,-8.082567327975802e-11,-0.030650358096572364,0.00040983614467556104,-1.5203187051898004e-13,3.083172654671021e-05,40.68706235704838,40.6871205094168,40.68712050941651,40.68706235704809,0.007948601268973607,2.2383303903262263e-11,-3.0,0.008108560343008563,2.1376197799518323e-11,-2.9999999999999956,0.02395535934474614
40.72,HOVER,True,-0.022244455973333896,7.101020847356911e-09,0.5000004567272063,0.02097941318779441,2.0927734034215233e-09,-2.1275546402993105e-06,-9.823705607884663e-11,-0.0013717900937946581,-7.879761186991074e-13,0.0,0.0,0.5,0.00040983931540254285,8.260684244192606e-11,0.03037276683096759,0.0,-8.276425783250851e-11,-0.03034382848995183,0.00040983931540254285,-1.5741539058244868e-13,2.8938341015759955e-05,40.687064628933356,40.68711921014748,40.68711921014719,40.687064628933065,0.007865041029993894,2.2920336236234482e-11,-3.0,0.008027467854484611,2.188907793364919e-11,-2.9999999999999956,0.022244455978023832
40.800000000000004,HOVER,True,-0.020641192446666606,7.271244202677588e-09,0.5000002985681464,0.01964205757258969,2.1429400974672446e-09,-1.9103424534924094e-06,-1.005943963844291e-10,-0.0013526273161249928,-7.922462138611193e-13,0.0,0.0,0.5,0.00040983900745840396,8.460330082639284e-11,0.03005975300505221,0.0,-8.474932122899377e-11,-0.030032761527093665,0.00040983900745840396,-1.460204026009249e-13,2.6991477958544785e-05,40.68706641771234,40.68711732690707,40.6871173269068,40.68706641771207,0.00778042493676869,2.3470241365428672e-11,-3.0,0.007945175007167639,2.241425681612639e-11,-2.9999999999999956,0.02064119244882723
40.88,HOVER,True,-0.019142987715861395,7.4455481586473e-09,0.5000001587344222,0.01834052851301512,2.19431134544589e-09,-1.6770484903985872e-06,-1.0300697360018533e-10,-0.001318348242608631,-7.994123173502803e-13,0.0,0.0,0.5,0.00040983533131793126,8.662198659957282e-11,0.02974220573500778,0.0,-8.678198518051577e-11,-0.029717428936021525,0.00040983533131793126,-1.5999858094294304e-13,2.4776798986256288e-05,40.68706794246345,40.68711467450555,40.68711467450524,40.687067942463145,0.007694822209682058,2.403332715365445e-11,-3.0,0.007861753686778182,2.2952026334033492e-11,-2.9999999999999956,0.01914298771652096
40.96,HOVER,True,-0.01774635158993444,7.62403059919613e-09,0.50000003807291,0.017085824467680356,2.246914029299073e-09,-1.4346951425981539e-06,-1.0547481356897229e-10,-0.0012703794847925892,-8.111984383262142e-13,0.0,0.0,0.5,0.0004098287256042158,8.869478583845069e-11,0.02942046387156455,0.0,-8.88634285864612e-11,-0.029398097708352982,0.0004098287256042158,-1.6864274801051223e-13,2.2366163211568618e-05,40.68706920269262,40.68711138798384,40.687111387983514,40.68706920269229,0.007608301132257351,2.4609920223845254e-11,-3.0,0.007777274526019308,2.3502690221574387e-11,-2.9999999999999956,0.017746351589976915
41.04,HOVER,True,-0.016446985015313775,7.806791611284275e-09,0.49999993704565854,0.015887665054886813,2.300776643528829e-09,-1.188226402702105e-06,-1.0800282956845861e-10,-0.001210271869762195,-8.24100317087137e-13,0.0,0.0,0.5,0.0004098194707112458,9.08265008604431e-11,0.029094808560057528,0.0,-9.099483252300284e-11,-0.02907503076920392,0.0004098194707112458,-1.6833166255973846e-13,1.9777790853606897e-05,40.6870702242223,40.68710752752993,40.68710752752961,40.687070224221976,0.007520929312917492,2.5200337885382244e-11,-3.0,0.00769180708179998,2.4066558682244912e-11,-2.9999999999999956,0.016446985015436115
41.12,HOVER,True,-0.01523988724080551,7.993933736718709e-09,0.4999998557085607,0.014754409292906494,2.3559306308443325e-09,-9.431009266534111e-07,-1.1059312405870966e-10,-0.001139642882173387,-8.378319002809032e-13,0.0,0.0,0.5,0.0004098079622985774,9.300648319900222e-11,0.028765517995981232,0.0,-9.317737415593943e-11,-0.028748487745795255,0.0004098079622985774,-1.7089095693721163e-13,1.7030250185977314e-05,40.68707105022548,40.687103171338826,40.6871031713385,40.68707105022515,0.007432773830353082,2.5804904465460377e-11,-3.0,0.007605420038570174,2.4643945788224274e-11,-2.9999999999999956,0.015239887241490684
41.2,HOVER,True,-0.014119466097804817,8.185562051048273e-09,0.49999979371414993,0.013693031263054451,2.4124072823134565e-09,-7.057291005792545e-07,-1.1324372664812762e-10,-0.0010601815508726198,-8.544458818340962e-13,0.0,0.0,0.5,0.0004097947590011132,9.52308388474631e-11,0.02843274431851075,0.0,-9.541226990244365e-11,-0.028418725464279048,0.0004097947590011132,-1.8143105498054834e-13,1.4018854231700323e-05,40.68707186510851,40.68709830636456,40.68709830636422,40.68707186510817,0.0073439012805547686,2.6423964011499408e-11,-3.0,0.007518181339756363,2.5235174055083228e-11,-2.9999999999999956,0.014119466099314111
41.28,HOVER,True,-0.013079650195269207,8.381784073087162e-09,0.4999997500004715,0.012709101627339925,2.4702372549178368e-09,-4.789048546244914e-07,-1.1595833687900597e-10,-0.0009736069181681895,-8.751584106723523e-13,0.0,0.0,0.5,0.00040978016664907133,9.752003151284946e-11,0.028097250392865765,0.0,-9.770080117181066e-11,-0.028085998375098113,0.00040978016664907133,-1.8076965896119942e-13,1.1252017767651723e-05,40.687072236311955,40.68709345897951,40.68709345897917,40.687072236311614,0.007254377806805611,2.705786407638852e-11,-3.0,0.007430158300290508,2.584057587440438e-11,-2.9999999999999956,0.01307965019766109
41.36,HOVER,True,-0.012114003033550851,8.582709918901934e-09,0.4999997232658249,0.011806747439083458,2.5294538618727117e-09,-2.75874355962207e-07,-1.1873952700079038e-10,-0.000881643503082172,-8.964008619851794e-13,0.0,0.0,0.5,0.0004097656134409209,9.98628506101741e-11,0.027758784321914816,0.0,-1.000442346524488e-10,-0.027750559038032117,0.0004097656134409209,-1.8138404227469742e-13,8.225283882699191e-06,40.68707285861806,40.687088372499126,40.687088372498785,40.687072858617725,0.007164269294864152,2.7706954042772333e-11,-3.0,0.007341417734929133,2.64604893078925e-11,-2.9999999999999956,0.012114003036714772
41.44,HOVER,True,-0.011215834663002109,8.788452417118218e-09,0.49999971139246513,0.010988738977524101,2.590090878303733e-09,-9.446416267230544e-08,-1.2158636396030933e-10,-0.0007859748357305286,-9.186943443095815e-13,0.0,0.0,0.5,0.00040975108459894794,1.0225407913573865e-10,0.027418145376922626,0.0,-1.0244386553662845e-10,-0.027412658029544203,0.00040975108459894794,-1.897864008897952e-13,5.487347378423102e-06,40.68707321230791,40.68708356210931,40.68708356210895,40.68707321230755,0.007073640977581927,2.8371600584103024e-11,-3.0,0.0072520259337418526,2.709526068563997e-11,-2.9999999999999956,0.0112158346667188
41.52,HOVER,True,-0.010378310470862954,8.999127050118753e-09,0.49999971273378235,0.010256467520972869,2.652181326131516e-09,6.020635888593356e-08,-1.2449985182724196e-10,-0.0006882716171570569,-9.46228011582571e-13,0.0,0.0,0.5,0.00040973725509725265,1.0470039874383151e-10,0.02707521814557555,0.0,-1.0490105348644606e-10,-0.027072544224656374,0.00040973725509725265,-2.006547426145517e-13,2.6739209191758984e-06,40.68707374445013,40.687078787788664,40.68707878778829,40.687073744449755,0.006982557844453961,2.9052180212687982e-11,-3.0,0.00716204873668158,2.7745246836652092e-11,-2.9999999999999956,0.010378310474842545
41.6,HOVER,True,-0.009594556234575911,9.214851979192685e-09,0.4999997247392663,0.009610065453015107,2.7157591429995364e-09,1.8696378074416792e-07,-1.2748407966437458e-10,-0.0005900651610525005,-9.799061182224936e-13,0.0,0.0,0.5,0.00040972455509264317,1.0721888301335646e-10,0.026730588615515444,0.0,-1.0741721509783546e-10,-0.026730464523795308,0.00040972455509264317,-1.9833208447900273e-13,1.2409172013561065e-07,40.68707420123992,40.68707443529193,40.68707443529156,40.687074201239554,0.006891084067777925,2.9749071849465124e-11,-3.0,0.007071551461321511,2.84108129663823e-11,-2.9999999999999956,0.00959455623852885
41.68,HOVER,True,-0.00885775561251734,9.435748262547666e-09,0.49999974545615694,0.009048437542363001,2.7808617097233344e-09,2.8528445910511896e-07,-1.305432455191332e-10,-0.000492885327807471,-1.0091449728351047e-12,0.0,0.0,0.5,0.0004097132699732723,1.0980160379336454e-10,0.026384182361446774,0.0,-1.099937135926049e-10,-0.026386663838494827,0.0004097132699732723,-1.921097992403618e-13,-2.4814770480524606e-06,40.687074927602445,40.68707024723635,40.687070247235994,40.68707492760209,0.00679928343214347,3.0462656237863474e-11,-3.0,0.006980598899072706,2.909232953442304e-11,-2.9999999999999956,0.008857755616179758
41.76,HOVER,True,-0.00816124315982804,9.661940024852979e-09,0.49999977238300675,0.008569384440196465,2.847527009533942e-09,3.570654572285293e-07,-1.3367345094614467e-10,-0.0003980711045438874,-1.0353695938610244e-12,0.0,0.0,0.5,0.0004097035419499157,1.1242435429083653e-10,0.02603676004256369,0.0,-1.1263192862319281e-10,-0.026041384757450315,0.0004097035419499157,-2.0757433235628497e-13,-4.624714886623804e-06,40.687075456777336,40.68706673400524,40.68706673400485,40.687075456776945,0.006707218738307291,3.119333916009522e-11,-3.0,0.006889255226838709,2.979017620040085e-11,-2.9999999999999956,0.008161243163007877
41.84,HOVER,True,-0.0074985871507486776,9.893554241094615e-09,0.49999980358622853,0.008169676182945826,2.9157897099911377e-09,4.007993156403336e-07,-1.3687416491368896e-10,-0.0003068923783032541,-1.070568280065377e-12,0.0,0.0,0.5,0.0004096957901089077,1.151077661306557e-10,0.02568807808655738,0.0,-1.1533338084817533e-10,-0.025694867304869546,0.0004096957901089077,-2.2561471751962133e-13,-6.789218312167056e-06,40.68707630910242,40.68706350381485,40.68706350381442,40.687076309102,0.0066149521073303585,3.194154281372003e-11,-3.0,0.0067975839430871815,3.0504747490492226e-11,-2.9999999999999956,0.00749858715332758
41.92,HOVER,True,-0.00686366539635363,1.0130720716563905e-08,0.49999983736295706,0.007845189162692574,2.9856865683184304e-09,4.278562190410566e-07,-1.4015619469139222e-10,-0.0002204774381264676,-1.108906460527294e-12,0.0,0.0,0.5,0.00040968908699388917,1.178883163963416e-10,0.025338631439289626,0.0,-1.1809963351633624e-10,-0.025347348496318776,0.00040968908699388917,-2.1131711999464157e-13,-8.717057029150599e-06,40.68707709908587,40.687060657661114,40.68706065766072,40.68707709908548,0.006522544546977944,3.270767475865981e-11,-3.0,0.006705647750348884,3.123644591687357e-11,-2.9999999999999956,0.006863665398287979
42.0,HOVER,True,-0.0062507307268240995,1.0373572568471832e-08,0.4999998719894911,0.007591009118056838,3.0572602928744246e-09,4.341895365232002e-07,-1.4351775978776971e-10,-0.00013978208659855368,-1.1441287706882282e-12,0.0,0.0,0.5,0.0004096841089116671,1.2070887442013165e-10,0.02498872739856639,0.0,-1.209321771311583e-10,-0.024999061949152034,0.0004096841089116671,-2.233027110266508e-13,-1.0334550585643781e-05,40.68707786097067,40.68705836875727,40.687058368756844,40.68707786097024,0.006430055947590491,3.3492155152805044e-11,-3.0,0.0066135084521566235,3.198567662965808e-11,-2.9999999999999956,0.006250730728143489
42.08,HOVER,True,-0.005654467137163934,1.0622246168129146e-08,0.49999990605064876,0.007401551687926556,3.1305501048873215e-09,4.2165993949885484e-07,-1.4695744076920034e-10,-6.567448737016352e-05,-1.1843284649397734e-12,0.0,0.0,0.5,0.0004096808871517231,1.2360601647437405e-10,0.024638637639415505,0.0,-1.2383260032122722e-10,-0.02465023745605733,0.0004096808871517231,-2.2658384685317173e-13,-1.1599816641824634e-05,40.687078560058175,40.68705668139983,40.687056681399405,40.68707856005775,0.006337545019686083,3.4295437750390816e-11,-3.0,0.006521226840226807,3.275285983380096e-11,-2.9999999999999956,0.005654467137954399
42.160000000000004,HOVER,True,-0.005070037784288432,1.0876881057591675e-08,0.4999999385998548,0.00727066882237548,3.205596935714764e-09,3.9762571075253107e-07,-1.5051207586040344e-10,1.163436241900539e-06,-1.2227526685707306e-12,0.0,0.0,0.5,0.00040967882257207227,1.266473652697005e-10,0.024288208666318107,0.0,-1.2680252638233933e-10,-0.024301100587918196,0.00040967882257207227,-1.551611126388328e-13,-1.2891921600088896e-05,40.68707946193796,40.687055146213275,40.687055146212984,40.68707946193768,0.006245069085818141,3.511795227068056e-11,-3.0,0.006428862589396348,3.353842555819377e-11,-2.9999999999999956,0.005070037784671889
42.24,HOVER,True,-0.004493121326479762,1.1137620168430058e-08,0.49999996870701335,0.0071918110534782975,3.2824422009526407e-09,3.676767313785682e-07,-1.5407827042132946e-10,6.0201576436208555e-05,-1.2802341517428583e-12,0.0,0.0,0.5,0.00040967750360779956,1.2952369613379972e-10,0.02393820108397819,0.0,-1.2984363296342451e-10,-0.023951872028707254,0.00040967750360779956,-3.19936829624796e-13,-1.367094472906269e-05,40.68707999430895,40.68705420925233,40.687054209251734,40.687079994308355,0.0061526838102282265,3.596019439693279e-11,-3.0,0.006336474081668586,3.434280956434176e-11,-2.9999999999999956,0.0044931213266025385
42.32,HOVER,True,-0.003919937699558664,1.1404609126264145e-08,0.4999999956452963,0.00715813199193419,3.3611165906343156e-09,3.239051406285118e-07,-1.5775101278546637e-10,0.00011109214927427832,-1.3969009468442958e-12,0.0,0.0,0.5,0.0004096778813782548,1.3261930952101396e-10,0.023588484126699637,0.0,-1.3295798298867882e-10,-0.02360276713775222,0.0004096778813782548,-3.386734676648594e-13,-1.4283011052582811e-05,40.68708062946481,40.68705368997702,40.68705368997637,40.68708062946416,0.006060443243668468,3.6822653525963835e-11,-3.0,0.006244118290410641,3.516648066981628e-11,-2.9999999999999956,0.003919937699577673
42.4,HOVER,True,-0.003347264380807273,1.1677996781141117e-08,0.5000000197004855,0.0071626182252862,3.4416699229021903e-09,2.9057773765488595e-07,-1.6155562166148192e-10,0.0001535602770594982,-1.5066049270329364e-12,0.0,0.0,0.5,0.0004096774372511738,1.3598542450892877e-10,0.023239238665499522,0.0,-1.3614736409769457e-10,-0.02325399546522227,0.0004096774372511738,-1.6193958876579937e-13,-1.4756799722747543e-05,40.68708100815839,40.68705317504781,40.6870531750475,40.687081008158074,0.00596839971220393,3.77057180692766e-11,-3.0,0.006151850652175204,3.600989172716709e-11,-2.9999999999999956,0.003347264380885618
42.480000000000004,HOVER,True,-0.002772445096028107,1.1957937841072866e-08,0.5000000400442286,0.007198180484735686,3.524180888807019e-09,2.369921725034952e-07,-1.6547909170583436e-10,0.0001874767885166701,-1.538516565880006e-12,0.0,0.0,0.5,0.0004096794887949174,1.3937718434293173e-10,0.022891285913371705,0.0,-1.3941292130993427e-10,-0.022905760402674228,0.0004096794887949174,-3.573696700254589e-14,-1.4474489302522542e-05,40.6870810565764,40.687053755937455,40.687053755937384,40.68708105657633,0.005876603667216457,3.860982842303692e-11,-3.0,0.006059724974252441,3.6873472588929447e-11,-2.9999999999999956,0.0027724450963430877
42.56,HOVER,True,-0.002193391123526437,1.2244592444410525e-08,0.5000000559078659,0.007257728231578861,3.60870956439758e-09,1.8440093766621957e-07,-1.6949211257810653e-10,0.00021286299543718518,-1.4402738878073694e-12,0.0,0.0,0.5,0.0004096820037215443,1.4277271788963564e-10,0.022543996098266315,0.0,-1.427557056531555e-10,-0.022558258878235763,0.0004096820037215443,1.7012236480155598e-14,-1.4262779969447664e-05,40.68708124264658,40.68705434131705,40.687054341317086,40.68708124264661,0.005785103704128157,3.9535566915199996e-11,-3.0,0.005967793354030626,3.775769460339044e-11,-2.9999999999999956,0.0021933911242731394
42.64,HOVER,True,-0.0016085710242570393,1.2538124084818636e-08,0.5000000682902076,0.0073343863094858025,3.695288948193299e-09,1.418764970752463e-07,-1.7355197969457236e-10,0.00023007228442162642,-1.1330944024501248e-12,0.0,0.0,0.5,0.00040968392112039555,1.4606967572362462e-10,0.022197435390276687,0.0,-1.4617679476884016e-10,-0.022211680426801376,0.00040968392112039555,-1.0711904521553837e-13,-1.4245036524689059e-05,40.68708151999313,40.687054652129895,40.68705465212969,40.68708151999292,0.005693945780369294,4.048357555819264e-11,-3.0,0.005876105933016238,3.8663085388790555e-11,-2.9999999999999956,0.001608571025755499
42.72,HOVER,True,-0.00101698506846792,1.283869733717012e-08,0.5000000772655095,0.00742158980933308,3.783927269520894e-09,1.0128763465517633e-07,-1.776575864794926e-10,0.0002392616325165914,-6.187243667328414e-13,0.0,0.0,0.5,0.00040968609403027844,1.493896041987625e-10,0.02185248763742804,0.0,-1.4967751338368183e-10,-0.02186620677577623,0.00040968609403027844,-2.879091849193355e-13,-1.3719138348189386e-05,40.68708135730788,40.68705548135226,40.68705548135172,40.68708135730734,0.005603174057221225,4.1454463470749476e-11,-3.0,0.0057847107872423895,3.959021435220664e-11,-2.9999999999999956,0.0010169850714840858
42.800000000000004,HOVER,True,-0.00041814558003180457,1.3146477926556775e-08,0.500000083953407,0.00751302033762858,3.874647605637522e-09,7.68303710903533e-08,-1.8187220147258538e-10,0.00024076896948843865,-2.150871257299189e-14,0.0,0.0,0.5,0.00040968690642920495,1.5295354230325715e-10,0.021509268076193543,0.0,-1.5325992073725158e-10,-0.02152201232136117,0.00040968690642920495,-3.063784339944349e-13,-1.2744245167627816e-05,40.68708056252569,40.687056525336615,40.68705652533604,40.68708056252511,0.005512830720528973,4.244868641979177e-11,-3.0,0.0056936540532701516,4.053963380868381e-11,-2.9999999999999956,0.0004181455886663624
42.88,HOVER,True,0.00018794925954883964,1.346163589745105e-08,0.5000000897278094,0.007602714935096946,3.967515061702233e-09,7.036231360475938e-08,-1.8621575751712223e-10,0.0002349973802674532,6.086404575843809e-13,0.0,0.0,0.5,0.0004096859621841153,1.5664167567432147e-10,0.021167816004687538,0.0,-1.5692652707132862e-10,-0.021179263713654677,0.0004096859621841153,-2.848513970071575e-13,-1.1447708967139703e-05,40.68707919499069,40.68705760322584,40.6870576032253,40.68707919499014,0.005422955716011248,4.346668175425963e-11,-3.0,0.005602979818427164,4.151184460248342e-11,-2.9999999999999956,0.00018794928144915188
42.96,HOVER,True,0.0008008488559188534,1.3784346943823408e-08,0.5000000950454423,0.007685176613917147,4.062598087398659e-09,6.266262954080506e-08,-1.9066757482803484e-10,0.00022264595427950784,1.238795023849739e-12,0.0,0.0,0.5,0.00040968517256774576,1.6036313526469248e-10,0.020827793140549885,0.0,-1.606799047143376e-10,-0.020838119307740894,0.00040968517256774576,-3.167694496451134e-13,-1.0326167191009039e-05,40.687078016202136,40.68705853980083,40.68705853980024,40.68707801620154,0.005333586328202473,4.450902789397838e-11,-3.0,0.00551272997559283,4.2507355363633795e-11,-2.9999999999999956,0.0008008488616775207
43.04,HOVER,True,0.001419697259441766,1.4114791437511379e-08,0.5000000996898044,0.007755524138334451,4.1599521170551376e-09,5.499976961789885e-08,-1.95231001322476e-10,0.00020439131467534397,1.8646652983689296e-12,0.0,0.0,0.5,0.0004096844461598786,1.6421054247087381e-10,0.020489333657849416,0.0,-1.6452268253435798e-10,-0.02049872851339664,0.0004096844461598786,-3.1214006348416475e-13,-9.394855547222719e-06,40.687077026506635,40.687059306671834,40.68705930667124,40.68707702650604,0.005244757411323029,4.5576340063800776e-11,-3.0,0.005422944051163133,4.35267157446529e-11,-2.9999999999999956,0.0014196972630119934
43.12,HOVER,True,0.0020432808646394266,1.445315435981376e-08,0.5000001035822295,0.007809458107022851,4.259636687523731e-09,4.632015042547447e-08,-1.9991070616363048e-10,0.00018087172360617746,2.4847147521515014e-12,0.0,0.0,0.5,0.00040968390960627137,1.6814877427499036e-10,0.020152908925508334,0.0,-1.684574037116077e-10,-0.02016123210691468,0.00040968390960627137,-3.086294366173346e-13,-8.323181406345859e-06,40.687075933559555,40.68706023503191,40.687060235031325,40.68707593355898,0.00515650176524738,4.66692107390214e-11,-3.0,0.005333659287543566,4.4570493447126975e-11,-2.9999999999999956,0.0020432808673160464
43.2,HOVER,True,0.002670073610193117,1.4799625507524834e-08,0.5000001067601799,0.00784324368915774,4.361711237134377e-09,3.7479297340011016e-08,-2.0470300317539425e-10,0.00015277564910096573,3.0978102240006005e-12,0.0,0.0,0.5,0.0004096834745858508,1.7217208979803418e-10,0.01981859269009413,0.0,-1.724865452984201e-10,-0.019825762524725943,0.0004096834745858508,-3.144555003859186e-13,-7.169834631812894e-06,40.68707477916283,40.68706125598681,40.687061255986215,40.68707477916223,0.0050688500411324115,4.7788264633969255e-11,-3.0,0.0052449107208269695,4.563927291603501e-11,-2.9999999999999956,0.0026700736123684812
43.28,HOVER,True,0.0032982837355667967,1.515439930149803e-08,0.5000001093436376,0.007853740177836063,4.466233422899771e-09,3.0209010866552774e-08,-2.0961043724318562e-10,0.00012082684452000873,3.703323688884209e-12,0.0,0.0,0.5,0.00040968294902498314,1.7628679554742555e-10,0.019486518723977043,0.0,-1.7661258313123768e-10,-0.019492443826874057,0.00040968294902498314,-3.257875838121257e-13,-5.9251028970142006e-06,40.68707352469797,40.68706234923668,40.68706234923607,40.68707352469736,0.004981830634582298,4.8934136605509206e-11,-3.0,0.005156731171130704,4.673365730333802e-11,-2.9999999999999956,0.0032982837374140733
43.36,HOVER,True,0.003925902239204456,1.551767481004176e-08,0.5000001113609475,0.007838414507268139,4.573261378462464e-09,2.3306082135153722e-08,-2.14634524147395e-10,8.576520704956185e-05,4.301745952521495e-12,0.0,0.0,0.5,0.0004096824569628097,1.8050382438874116e-10,0.019156740386891358,0.0,-1.8083798001219586e-10,-0.019161391681508492,0.0004096824569628097,-3.3415562345470157e-13,-4.651294617134122e-06,40.68707224795002,40.68706347504534,40.68706347504472,40.68707224794939,0.004895469740800369,5.0107474132976726e-11,-3.0,0.00506915123849431,4.785426466716727e-11,-2.9999999999999956,0.003925902240814539
43.44,HOVER,True,0.004550752023237101,1.5889655851577184e-08,0.500000112814803,0.007795352204044337,4.682855591830711e-09,1.653374220370491e-08,-2.197814345144613e-10,4.834540233384732e-05,4.89210673761616e-12,0.0,0.0,0.5,0.00040968202689312393,1.8482391081312644e-10,0.018829419920190237,0.0,-1.8516520591042767e-10,-0.01883271339814706,0.00040968202689312393,-3.412950973012297e-13,-3.2934779568248584e-06,40.68707090148513,40.687064689587025,40.68706468958638,40.68707090148448,0.004809791366955026,5.1308927964151495e-11,-3.0,0.004982199311679117,4.9001725285136336e-11,-2.9999999999999956,0.004550752024663202
43.52,HOVER,True,0.00517053695427669,1.6270551233185033e-08,0.5000001137227128,0.007723245200788929,4.795078646321654e-09,9.630190150154022e-09,-2.2505221756294265e-10,9.310638542498022e-06,5.4751694101262845e-12,0.0,0.0,0.5,0.0004096816874320902,1.8924609022639447e-10,0.01850453663579376,0.0,-1.8959674911485682e-10,-0.01850650808787235,0.0004096816874320902,-3.506588884623489e-13,-1.9714520785897582e-06,40.68706960267015,40.68706588427288,40.687065884272215,40.68706960266948,0.0047248174684226514,5.253917194756721e-11,-3.0,0.004895901610548241,5.0176682229652065e-11,-2.9999999999999956,0.00517053695555292
43.6,HOVER,True,0.005782889910458579,1.6660574789783816e-08,0.5000001139773568,0.007621385902925096,4.909993728659026e-09,6.610865062825162e-10,-2.3044906054898004e-10,-3.0598931310980124e-05,6.052333439596172e-12,0.0,0.0,0.5,0.0004096816595206446,1.9377359635745284e-10,0.018182089858674262,0.0,-1.9413514051652505e-10,-0.018182866831780473,0.0004096816595206446,-3.6154415907220724e-13,-7.769731062111374e-07,40.68706847192329,40.687067006457966,40.68706700645728,40.68706847192261,0.004640567959716173,5.379890531068455e-11,-3.0,0.004810282230629755,5.1379797562339605e-11,-2.9999999999999956,0.005782889911605791
43.68,HOVER,True,0.006385419302663581,1.705994550571188e-08,0.5000001134581945,0.007489634118325821,5.027665713639121e-09,-8.632966254770832e-09,-2.359765268489928e-10,-7.070863989768505e-05,6.623308438432701e-12,0.0,0.0,0.5,0.0004096817888654454,1.9841448398302317e-10,0.017862327079878237,0.0,-1.9878293454487712e-10,-0.017861872973187278,0.0004096817888654454,-3.684505618539441e-13,4.541066909585778e-07,40.6870673307787,40.68706818727889,40.687068187278186,40.68706733077801,0.00455706091152853,5.508882135349303e-11,-3.0,0.004725363220419916,5.26117437202632e-11,-2.9999999999999956,0.006385419303694351
43.76,HOVER,True,0.006975752187132179,1.7468887674679424e-08,0.5000001122079227,0.007328382230593067,5.1481617613083e-09,-1.8479064083843993e-08,-2.4163903648008864e-10,-0.00011033482271580381,7.186516646234402e-12,0.0,0.0,0.5,0.0004096820978591463,2.031752388559687e-10,0.017545151802585174,0.0,-2.035427487650524e-10,-0.01754360243772228,0.0004096820978591463,-3.675099090837177e-13,1.5493648628933654e-06,40.687066345275625,40.6870692675653,40.6870692675646,40.68706634527493,0.004474312547704647,5.640964037284986e-11,-3.0,0.004641164666064095,5.3873209784470164e-11,-2.9999999999999956,0.006975752188056508
43.84,HOVER,True,0.007551575801850299,1.7887631084594745e-08,0.5000001100859512,0.007138529491380394,5.271550808718359e-09,-3.03925923691962e-08,-2.4743582120374473e-10,-0.000148869169256196,7.742084205185536e-12,0.0,0.0,0.5,0.00040968277125141004,2.0802829673826806e-10,0.017230526322292498,0.0,-2.084172554888187e-10,-0.017228124002203034,0.00040968277125141004,-3.8895875055064347e-13,2.402320089463922e-06,40.68706564416826,40.68707017523475,40.68707017523402,40.687065644167525,0.00439233740302749,5.776210356467987e-11,-3.0,0.004557704762487576,5.5164900405798295e-11,-2.9999999999999956,0.007551575802673895
43.92,HOVER,True,0.008110674574311636,1.8316410943742717e-08,0.5000001070866299,0.006921417061962061,5.3979000034330826e-09,-4.1938549109000615e-08,-2.5336857453520363e-10,-0.00018580345556470576,8.29008934894473e-12,0.0,0.0,0.5,0.0004096835663145847,2.1300343828671581e-10,0.016918827139276393,0.0,-2.1340919807515895e-10,-0.016915499753055376,0.0004096835663145847,-4.0575978844313974e-13,3.3273862210178584e-06,40.687064893717135,40.687071169570316,40.687071169569556,40.68706489371637,0.004311148509818469,5.914697803723949e-11,-3.0,0.004474999934670734,5.648754125492353e-11,-2.9999999999999956,0.008110674575039261
44.0,HOVER,True,0.008650962004331858,1.8755467949760982e-08,0.5000001031620146,0.00667877448056124,5.527279417632495e-09,-5.166213972598415e-08,-2.5944562934377026e-10,-0.00022062594259488952,8.832764786460443e-12,0.0,0.0,0.5,0.00040968434843841826,2.1811028250829595e-10,0.016610004347054903,0.0,-2.185213686339683e-10,-0.016605785492532072,0.00040968434843841826,-4.110861256723567e-13,4.218854522831245e-06,40.68706417296622,40.68707213023654,40.687072130235755,40.68706417296543,0.004230757369790292,6.056503018281443e-11,-3.0,0.004393064945114306,5.7841873831207825e-11,-2.9999999999999956,0.008650962004967289
44.08,HOVER,True,0.009170510393636592,1.920504868818773e-08,0.500000098140487,0.0064126915872080885,5.659763944398266e-09,-6.507984766259674e-08,-2.656726094234234e-10,-0.00025285333952334866,9.37295626605045e-12,0.0,0.0,0.5,0.0004096857204855877,2.2334938576483902e-10,0.016303869179929462,0.0,-2.2375659867588475e-10,-0.016299031003353632,0.0004096857204855877,-4.072129110457356e-13,4.838176575830411e-06,40.68706379934471,40.68707292473139,40.68707292473063,40.687063799343946,0.004151174044058429,6.201704361325915e-11,-3.0,0.004311912963850167,5.922865273501116e-11,-2.9999999999999956,0.009170510394181838
44.160000000000004,HOVER,True,0.009667577775696897,1.9665405874315956e-08,0.5000000925051182,0.006125577117310743,5.795430407045463e-09,-7.329385638180174e-08,-2.7204919259848043e-10,-0.00028217058253151374,9.909484917202825e-12,0.0,0.0,0.5,0.0004096866965925686,2.2870559234473333e-10,0.01600080298579948,0.0,-2.2911778589192522e-10,-0.0159952804042646,0.0004096866965925686,-4.121935471918863e-13,5.522581534880139e-06,40.687063303619084,40.68707371987636,40.68707371987558,40.6870633036183,0.004072407403485893,6.350383375660118e-11,-3.0,0.004231555662503863,6.064865069494218e-11,-2.9999999999999956,0.009667577776159472
44.24,HOVER,True,0.010140627758634196,2.0136798311666046e-08,0.5000000859353043,0.005820076644481542,5.934354621553068e-09,-8.658658782287058e-08,-2.785762500031668e-10,-0.0003081101352655084,1.0441049755711128e-11,0.0,0.0,0.5,0.00040968839237885473,2.34178171011723e-10,0.015699974860698806,0.0,-2.346079280648615e-10,-0.015694572694375367,0.00040968839237885473,-4.297570531384968e-13,5.402166323439234e-06,40.68706367726785,40.68707386640747,40.68707386640665,40.687063677267034,0.003994465010271707,6.502624212268015e-11,-3.0,0.004152003358300361,6.210266350217143e-11,-2.9999999999999956,0.010140627759018313
44.32,HOVER,True,0.01058835177557992,2.061949083171892e-08,0.5000000779829058,0.0054991017447664735,6.076611564551356e-09,-1.055440684799044e-07,-2.852520526642126e-10,-0.00033057661361476275,1.096744750043329e-11,0.0,0.0,0.5,0.0004096909484799649,2.397502875785834e-10,0.015402742677335476,0.0,-2.4023011276757353e-10,-0.015396941830027254,0.0004096909484799649,-4.798251889901199e-13,5.8008473082220985e-06,40.687063693327644,40.68707463442785,40.68707463442695,40.68706369332674,0.003917353510550288,6.658513412617996e-11,-3.0,0.0040732650343987455,6.359150983956893e-11,-2.9999999999999956,0.010588351775887168
44.4,HOVER,True,0.01100967528574786,2.1113754177991173e-08,0.5000000689273841,0.005165570196520274,6.222275163338202e-09,-1.1492517297984906e-07,-2.9208409169430827e-10,-0.00034947769985268975,1.1471650636500674e-11,0.0,0.0,0.5,0.0004096927620535573,2.45480539405527e-10,0.015108458677657359,0.0,-2.4598754137605046e-10,-0.015102418059915773,0.0004096927620535573,-5.070019705234654e-13,6.040617741585874e-06,40.687063745365094,40.68707513870137,40.687075138700415,40.68706374536414,0.00384107906152418,6.818138792572176e-11,-3.0,0.003995348693099411,6.51160306677252e-11,-2.9999999999999956,0.011009675285983869
44.480000000000004,HOVER,True,0.011403760487120123,2.1619865368862613e-08,0.5000000592614682,0.0048224696733849964,6.371426501073834e-09,-1.2331279179886237e-07,-2.9908172350525914e-10,-0.00036468928309963224,1.1932523122073822e-11,0.0,0.0,0.5,0.000409694644776996,2.5134485182247904e-10,0.014817507443538144,0.0,-2.5188356261960604e-10,-0.014811027836466836,0.000409694644776996,-5.387107971269928e-13,6.47960707130836e-06,40.68706362013288,40.68707584145617,40.68707584145515,40.68706362013186,0.003765646612647212,6.981587846612842e-11,-3.0,0.003918261332398635,6.667707930915884e-11,-2.9999999999999956,0.011403760487294598
44.56,HOVER,True,0.01177001098558385,2.2138108178358537e-08,0.5000000496984883,0.004472825909439032,6.524150878948753e-09,-1.1752887806049024e-07,-3.062522451725717e-10,-0.00037605690553617593,1.233079004672729e-11,0.0,0.0,0.5,0.0004096951295316725,2.5737868350786174e-10,0.014528946360646302,0.0,-2.5792160105582835e-10,-0.014522793934727544,0.0004096951295316725,-5.429175479666007e-13,6.152425918757448e-06,40.68706400303339,40.68707560725341,40.68707560725239,40.68706400303237,0.0036910602741309978,7.148951293699606e-11,-3.0,0.0038420089774411493,6.827552537368498e-11,-2.9999999999999956,0.011770010985709595
44.64,HOVER,True,0.012108076970681171,2.266877349919493e-08,0.5000000410004153,0.004119742073820131,6.680539290859086e-09,-1.0228006636789295e-07,-3.136083351348132e-10,-0.0003835988945818588,1.2674833501486385e-11,0.0,0.0,0.5,0.0004096945762351654,2.6363349511207616e-10,0.014243917767381625,0.0,-2.641051434239848e-10,-0.014237735480998062,0.0004096945762351654,-4.716483119086327e-13,6.182286383563107e-06,40.68706389001167,40.68707555055215,40.68707555055127,40.68706389001079,0.0036173233446939873,7.320321141801725e-11,-3.0,0.003766596688094726,6.991225620291357e-11,-2.9999999999999956,0.01210807697077181
44.72,HOVER,True,0.012417850448896102,2.321216015421361e-08,0.5000000340367567,0.00376617420186677,6.8406955673460366e-09,-8.068113428828498e-08,-3.2117088256104106e-10,-0.00038756995193867273,1.3010194043538756e-11,0.0,0.0,0.5,0.00040969315676099956,2.701185966475824e-10,0.013962417190728165,0.0,-2.7043749053672047e-10,-0.01395586915629221,0.00040969315676099956,-3.1889388913804893e-13,6.5480344359561404e-06,40.68706332737821,40.68707567776379,40.68707567776319,40.687063327377615,0.003544439242474669,7.495788862962605e-11,-3.0,0.003692028877325982,7.15881701991409e-11,-2.9999999999999956,0.012417850448964443
44.800000000000004,HOVER,True,0.012699449255655191,2.3768575781204673e-08,0.5000000282993615,0.003414910888511262,7.004729383882524e-09,-7.094298492539104e-08,-3.289163642805396e-10,-0.0003879405515359466,1.3296921030046604e-11,0.0,0.0,0.5,0.0004096928142296671,2.766201455906677e-10,0.013683252963834042,0.0,-2.769220347260144e-10,-0.013677209538837458,0.0004096928142296671,-3.018891353466909e-13,6.043424996583779e-06,40.68706375071995,40.68707514935105,40.68707514935049,40.68706375071939,0.003472410503755964,7.67545460770547e-11,-3.0,0.0036183094018088515,7.330418765857152e-11,-2.9999999999999956,0.012699449255708966
44.88,HOVER,True,0.012953215029464202,2.4338335170078618e-08,0.5000000226702919,0.0030687651230642274,7.17271647521873e-09,-7.021786188035524e-08,-3.367804875487435e-10,-0.000384723652904247,1.3474928838194081e-11,0.0,0.0,0.5,0.0004096934279878909,2.8300130900760846e-10,0.013407378462741978,0.0,-2.8356278748638384e-10,-0.0134017682592445,0.0004096934279878909,-5.614784787753788e-13,5.6102034974771925e-06,40.687064253409,40.687074834931906,40.687074834930854,40.68706425340794,0.0034012386595015766,7.859435641002449e-11,-3.0,0.0035454413384244715,7.506130094217348e-11,-2.9999999999999956,0.012953215029506906
44.96,HOVER,True,0.013179705381106434,2.4921756672870276e-08,0.500000017122163,0.002730333770941496,7.344690951975495e-09,-6.878190449708602e-08,-3.44736640503308e-10,-0.0003783832875066213,1.3645103517827734e-11,0.0,0.0,0.5,0.00040969400048942957,2.892742010225589e-10,0.01313485999876502,0.0,-2.903637131757478e-10,-0.013129555205226934,0.00040969400048942957,-1.089512153188908e-12,5.304793538087049e-06,40.68706462923655,40.68707463471931,40.68707463471725,40.68706462923449,0.0033309258895155157,8.04785000474376e-11,-3.0,0.0034734273029700885,7.686057947348734e-11,-2.9999999999999956,0.013179705381141119
45.04,HOVER,True,0.013379668358965926,2.5519160452395536e-08,0.5000000119568949,0.002401941011409949,7.520674104815765e-09,-6.001257747991138e-08,-3.528163161176428e-10,-0.00036900824410416775,1.3877529113289805e-11,0.0,0.0,0.5,0.0004096938005097516,2.9584604798434236e-10,0.012865107855255672,0.0,-2.973286754760451e-10,-0.012860579137328474,0.0004096938005097516,-1.4826274917027571e-12,4.528717927198764e-06,40.68706533045147,40.68707387216168,40.68707387215889,40.687065330448675,0.0032614736374297227,8.240806527499399e-11,-3.0,0.0034022696130498607,7.870311808572446e-11,-2.9999999999999956,0.013379668358995605
45.12,HOVER,True,0.013554029914182331,2.6130872254703323e-08,0.5000000079327466,0.0020857480941110593,7.700783573729122e-09,-4.8539021790562206e-08,-3.6137991008491284e-10,-0.00035697967102438346,1.4447719684755958e-11,0.0,0.0,0.5,0.0004096931776016809,3.043173503360686e-10,0.012599109023963623,0.0,-3.044602592578974e-10,-0.012594847181136508,0.0004096931776016809,-1.429089218288e-13,4.261842827115586e-06,40.687065486591536,40.687073524942996,40.687073524942726,40.687065486591266,0.0031928831392902305,8.438353791651782e-11,-3.0,0.003331970153739817,8.058989668620816e-11,-2.9999999999999956,0.013554029914209842
45.2,HOVER,True,0.013703870222903385,2.6757243033724297e-08,0.5000000044743905,0.0017835797880374074,7.88541968802704e-09,-4.053393180293334e-08,-3.706634993608404e-10,-0.00034258222426970255,1.5077796038756877e-11,0.0,0.0,0.5,0.00040969285225455444,3.143084605925592e-10,0.012335831470794045,0.0,-3.1176061509225025e-10,-0.012332365676652385,0.00040969285225455444,2.547845500308946e-12,3.4657941416597893e-06,40.687066187411226,40.687072724318504,40.68707272432331,40.68706618741603,0.00312515565323607,8.640506547504188e-11,-3.0,0.0032625306022889913,8.252157796089272e-11,-2.9999999999999956,0.013703870222930238
45.28,HOVER,True,0.013830403139894048,2.7398657001787828e-08,0.5000000020099299,0.0014970515081818773,8.074907985180748e-09,-2.703867643912765e-08,-3.795237961804762e-10,-0.0003261508093701503,1.551439041150248e-11,0.0,0.0,0.5,0.000409691827857132,3.176462730073675e-10,0.01207657485709678,0.0,-3.1923362005870515e-10,-0.012073139773580764,0.000409691827857132,-1.5873470513376637e-12,3.4350835160165683e-06,40.68706605926093,40.687072538244244,40.68707253824125,40.68706605925793,0.003058291916606613,8.847500500409772e-11,-3.0,0.0031939523210531124,8.449900640665052e-11,-2.9999999999999956,0.013830403139921331
45.36,HOVER,True,0.013934953794244503,2.8055467043426465e-08,0.5000000006970242,0.0012274429875504147,8.268484627438783e-09,-1.1357849647224896e-08,-3.868376158101625e-10,-0.0003080120903051693,1.595216238005947e-11,0.0,0.0,0.5,0.00040969041118222216,3.168071168081696e-10,0.011819941603442585,0.0,-3.268882633689662e-10,-0.011817173984145779,0.00040969041118222216,-1.0081146560796617e-11,2.7676192968055513e-06,40.68706647144667,40.68707169151168,40.68707169149266,40.68706647142765,0.002992292854627453,9.059853006629942e-11,-3.0,0.0031262365037422702,8.652444104474919e-11,-2.9999999999999956,0.013934953794272764
45.44,HOVER,True,0.014018937641542557,2.8727938795954784e-08,0.5000000001291809,0.0009758451766208626,8.465152027914572e-09,-6.53467234311853e-09,-3.943965435757799e-10,-0.0002883397010505518,1.3102484583452195e-11,0.0,0.0,0.5,0.00040969000122889615,3.255525987053519e-10,0.011566315298227681,0.0,-3.347385254893873e-10,-0.011564471718199973,0.00040969000122889615,-9.185926784035424e-12,1.8435800277077918e-06,40.6870672799945,40.68707075720959,40.687070757192274,40.68706727997718,0.0029271586401354234,9.277589500344605e-11,-3.0,0.0030593840524338555,8.86003695300876e-11,-2.9999999999999956,0.014018937641571994
45.52,HOVER,True,0.014083845782363467,2.9416366439588478e-08,0.500000000285715,0.0007431137147421078,8.666121087549886e-09,3.7107858602617807e-09,-4.06093212037374e-10,-0.0002676206437214013,8.38968356212995e-12,0.0,0.0,0.5,0.0004096889200256847,3.4910864565837157e-10,0.011316552779583832,0.0,-3.4279377130364813e-10,-0.011315035523639844,0.0004096889200256847,6.31487435472344e-12,1.5172559439877165e-06,40.68706742189454,40.68707028362291,40.68707028363482,40.68706742190644,0.002862889790690898,9.49987263420685e-11,-3.0,0.0029933956411745625,9.072629707754663e-11,-2.9999999999999956,0.01408384578239419
45.6,HOVER,True,0.014131216064407188,3.012127071558014e-08,0.5000000009630329,0.0005297174035123383,8.874593903457332e-09,1.0974995793728237e-08,-4.2190659796332215e-10,-0.00024619992557024486,6.85399326793399e-12,0.0,0.0,0.5,0.00040968806001290774,3.808087678730996e-10,0.011069574810885992,0.0,-3.510312292728463e-10,-0.011068867982389614,0.00040968806001290774,2.977753860025332e-11,7.068284963787641e-07,40.687068054250744,40.687069387414844,40.687069387471006,40.687068054306906,0.0027994869580216003,9.72631040471027e-11,-3.0,0.0029282719530131255,9.289928286630493e-11,-2.9999999999999956,0.014131216064439324
45.68,HOVER,True,0.014162610834075167,3.084338689007152e-08,0.500000001967981,0.0003359143286636786,9.092479472877342e-09,1.5349908127109608e-08,-4.3323601516075586e-10,-0.00022435697211275194,1.26432535109159e-11,0.0,0.0,0.5,0.00040968743886753557,3.5839948410506503e-10,0.01082641896911631,0.0,-3.594293423472792e-10,-0.01082597099937934,0.00040968743886753557,-1.029858242214152e-12,4.479697369701857e-07,40.687068203131574,40.68706904805673,40.68706904805479,40.687068203129634,0.0027369501682413086,9.9580819937267e-11,-3.0,0.002864013491899297,9.511889645115264e-11,-2.9999999999999956,0.01416261083410889
45.76,HOVER,True,0.014179597876330456,3.158313000988295e-08,0.5000000039175897,0.00016167050694497958,9.312409407942968e-09,2.812690595219317e-08,-4.2826728165291303e-10,-0.00020245060902887238,1.8323842109209237e-11,0.0,0.0,0.5,0.0004096857911915931,2.968478526377909e-10,0.010586190856646941,0.0,-3.680256933249517e-10,-0.01058634607151139,0.0004096857911915931,-7.11778406871608e-11,-1.5521486444909638e-07,40.68706851932629,40.68706822657226,40.68706822643801,40.68706851919204,0.0026752797225474746,1.0199023594283128e-10,-3.0,0.0028006206538389923,9.739661104169746e-11,-2.9999999999999956,0.014179597876366171
45.84,HOVER,True,0.01418372936486306,3.234006946766252e-08,0.5000000060508777,6.744359485341663e-06,9.524885346859013e-09,2.5592908507483783e-08,-4.243840817649743e-10,-0.0001807010336057751,-1.0664790169642499e-11,0.0,0.0,0.5,0.00040968567391659556,2.97774148801869e-10,0.010349223401174494,0.0,-3.769289651566946e-10,-0.01034999407751742,0.00040968567391659556,-7.91548163548256e-11,-7.706763429267405e-07,40.687069081764264,40.6870676281754,40.6870676280261,40.687069081614965,0.0026144753995711034,1.0448168017079328e-10,-3.0,0.0027380936713009047,9.974572247648036e-11,-2.9999999999999956,0.014183729364901221
45.92,HOVER,True,0.014176528002465556,3.311381647911864e-08,0.5000000083421213,-0.00012929270422267392,9.735512350321022e-09,3.000995207399837e-08,-4.4160325521622153e-10,-0.00015938806112520502,-7.020054817768569e-11,0.0,0.0,0.5,0.00040968479861921986,3.9757962693040636e-10,0.010115859526951163,0.0,-3.8621981289922185e-10,-0.010116915180932275,0.00040968479861921986,1.1359814031184511e-11,-1.0556539811121257e-06,40.68706921618201,40.68706722509082,40.687067225112244,40.687069216203426,0.0025545369361599916,1.0699971439968281e-10,-3.0,0.0026764325875482213,1.0215802128278168e-10,-2.9999999999999956,0.014176528002506685
46.0,HOVER,True,0.0141594677114437,3.390531740234538e-08,0.5000000107864098,-0.0002471476722053531,9.965458988522044e-09,3.099376300103537e-08,-4.942733049867129e-10,-0.00013894582624118714,-1.1422373636767613e-10,0.0,0.0,0.5,0.0004096842334055188,5.875888695913928e-10,0.009886093613779335,0.0,-3.9573688058289466e-10,-0.009887109364023282,0.0004096842334055188,1.9185198900849814e-10,-1.0157502439468724e-06,40.68706909169093,40.68706717586302,40.68706717622488,40.68706909205279,0.0024954643902895864,1.0948779425458222e-10,-3.0,0.0026156373978897572,1.0460549709908756e-10,-2.9999999999999956,0.014159467711488401
46.08,HOVER,True,0.01413395177998326,3.471763020636191e-08,0.5000000134226252,-0.00034774139875621,1.02416996215306e-08,3.403006759137137e-08,-5.816418854153145e-10,-0.00011939833970645276,-1.411970237371421e-10,0.0,0.0,0.5,0.00040968340619174895,8.668342528639422e-10,0.009658983825019743,0.0,-4.0528349257369106e-10,-0.009660576201136126,0.00040968340619174895,4.615507602902511e-10,-1.5923761163827432e-06,40.687069508356416,40.687066504942294,40.68706650581284,40.68706950922695,0.0024372570892272766,1.1193158910963951e-10,-3.0,0.002555707989718552,1.0705861037037255e-10,-2.9999999999999956,0.014133951780032274
46.160000000000004,HOVER,True,0.014101309302024575,3.5555804014281506e-08,0.5000000159507505,-0.00043200070540137776,1.0585926677585637e-08,2.7624805214025153e-08,-6.553125736732114e-10,-0.00010082226532149217,-5.852013615170232e-11,0.0,0.0,0.5,0.000409683546941702,8.286658803462264e-10,0.009434867883597426,0.0,-4.1467099823400727e-10,-0.009437313848277179,0.000409683546941702,4.1399488211221914e-10,-2.445964679752971e-06,40.68707033497435,40.68706572158888,40.68706572236973,40.6870703357552,0.0023799138114724123,1.1438751637608163e-10,-3.0,0.002496643875205603,1.0950476918218244e-10,-2.9999999999999956,0.014101309302078422
46.24,HOVER,True,0.014062789484658254,3.6422924622216503e-08,0.5000000182570444,-0.000500983314585718,1.0939351450402255e-08,3.0758124884612665e-08,-5.217522396681895e-10,-8.359095617515441e-05,2.1296035569656333e-10,0.0,0.0,0.5,0.00040968272218920495,-1.5374048579552309e-10,0.009214711261396334,0.0,-4.2374724472675287e-10,-0.009217319705320854,0.00040968272218920495,-5.774877305222759e-10,-2.6084439245198376e-06,40.687070362641364,40.68706544280037,40.687065441711155,40.68707036155216,0.00232343377944731,1.1726575440552128e-10,-3.0,0.0024384443664869984,1.120344966432395e-10,-2.9999999999999956,0.014062789484717272
46.32,HOVER,True,0.014019543127827676,3.731004759260835e-08,0.5000000209529072,-0.0005559802031218921,1.1121743733687901e-08,3.26224399894483e-08,-1.741684516397197e-10,-6.786444923788635e-05,4.4929165961751934e-10,0.0,0.0,0.5,0.00040968194597884204,-1.0756539961058766e-09,0.008997911074466281,0.0,-4.333797848191976e-10,-0.009000591090576372,0.00040968194597884204,-1.5090337809250741e-09,-2.6800161100903885e-06,40.6870703119661,40.6870652571313,40.68706525428507,40.68707030911988,0.0022678160980408027,1.2090762129687444e-10,-3.0,0.0023811087541207336,1.148749659610382e-10,-2.9999999999999956,0.01401954312789298
46.4,HOVER,True,0.013972611451318116,3.819800999491672e-08,0.5000000229510185,-0.0005983938912321473,1.107269037994172e-08,2.163729951216745e-08,-4.53822451544945e-11,-5.384743615915941e-05,-1.8153667220146632e-10,0.0,0.0,0.5,0.0004096825843092335,-7.000965455243009e-10,0.008784916724333052,0.0,-4.4527793889728244e-10,-0.0087871246463649,0.0004096825843092335,-1.1453744844215834e-09,-2.2079220318473036e-06,40.687069964313295,40.68706579990508,40.68706579774476,40.687069962152975,0.0022130595000848627,1.2456889934251963e-10,-3.0,0.0023246361498319838,1.1806774819024974e-10,-2.9999999999999956,0.013972611451389179
46.480000000000004,HOVER,True,0.013922916939675367,3.907886752862291e-08,0.5000000242447449,-0.0006297298369874626,1.0994168560771323e-08,1.6451076908939803e-08,-1.9390108833586695e-10,-4.15312765127767e-05,-1.7870072233832573e-09,0.0,0.0,0.5,0.0004096827244345243,2.2515752960654703e-11,0.008574847899391874,0.0,-4.6043624949958727e-10,-0.008576916159562983,0.0004096827244345243,-4.3792049653893257e-10,-2.0682601711095178e-06,40.68706985342814,40.6870659524391,40.68706595161313,40.687069852602164,0.002159162256604583,1.2752775956019587e-10,-3.0,0.0022690254390378265,1.2128843521518303e-10,-2.9999999999999956,0.013922916939751319
46.56,HOVER,True,0.01387126554521715,3.996080575092475e-08,0.5000000260342838,-0.0006513970637575825,1.1058168326657678e-08,2.3849057743898294e-08,-4.2924477258930983e-10,-3.067038331569907e-05,-3.992728557940582e-09,0.0,0.0,0.5,0.00040968147815951725,5.023703166052048e-10,0.008367102184319557,0.0,-4.786385926973552e-10,-0.008369959670835203,0.00040968147815951725,2.3731723907849668e-11,-2.8574865156456852e-06,40.68707040613451,40.68706501656904,40.68706501661381,40.687070406179274,0.002106121659108,1.2998218498233157e-10,-3.0,0.0022142750451944987,1.242770417975469e-10,-2.9999999999999956,0.013871265545299142
46.64,HOVER,True,0.013818359146382016,4.085768862876298e-08,0.5000000274521285,-0.0006646792063892449,1.1293535619065746e-08,1.4656899759766759e-08,-5.941924706805906e-10,-2.1417566082516422e-05,-6.488781405513134e-09,0.0,0.0,0.5,0.0004096819855472309,5.080957168486527e-10,0.008162946355606177,0.0,-4.994560905254367e-10,-0.008166247432081037,0.0004096819855472309,8.639626323215977e-12,-3.3010764748601235e-06,40.68707090230113,40.6870646760713,40.6870646760876,40.68707090231742,0.002053935087310484,1.324318917414016e-10,-3.0,0.0021603829185399574,1.2704135078728698e-10,-2.9999999999999956,0.01381835914646969
46.72,HOVER,True,0.013764791246784026,4.177948388144501e-08,0.5000000281126427,-0.0006709654089442933,1.1626585187555576e-08,6.7878142620150636e-09,-6.461883074162813e-10,-1.3849678392835384e-05,-9.167979717321597e-09,0.0,0.0,0.5,0.00040968246859486395,3.712193853796928e-10,0.007962107166697048,0.0,-5.226793043893699e-10,-0.007965771205041054,0.00040968246859486395,-1.514599190096771e-10,-3.664038344005499e-06,40.687071318834185,40.68706440801433,40.687064407728656,40.687071318548504,0.002002600131399812,1.352281994637774e-10,-3.0,0.002107346879640491,1.2975827623171176e-10,-2.9999999999999956,0.01376479124687614
46.800000000000004,HOVER,True,0.013711041385320418,4.272984010500605e-08,0.5000000291560661,-0.0006716988217512341,1.199153460991221e-08,1.6195095657295043e-08,-7.009417829862383e-10,-8.162292052357684e-06,-1.180681372326448e-08,0.0,0.0,0.5,0.0004096811059020441,5.898133023795594e-10,0.007765619511886945,0.0,-5.479056485051739e-10,-0.00776852214117519,0.0004096811059020441,4.190765387438556e-11,-2.902629288245584e-06,40.687070391595036,40.687064916884836,40.68706491696388,40.687070391674084,0.0019521141628728806,1.3827365968163997e-10,-3.0,0.002055164587612485,1.3257309796131618e-10,-2.9999999999999956,0.013711041385418002
46.88,HOVER,True,0.013657467587751044,4.3711744464203005e-08,0.5000000301873321,-0.0006684165772395849,1.2400736085214454e-08,1.0229215413900583e-08,-7.708963430479455e-10,-4.254720334883323e-06,-1.4381513716794562e-08,0.0,0.0,0.5,0.0004096813189672028,7.002681836649423e-10,0.007572048725406928,0.0,-5.741345695727725e-10,-0.0075744907469104455,0.0004096813189672028,1.2613361409216972e-10,-2.4420215035177856e-06,40.68706998981329,40.68706538386513,40.68706538410303,40.687069990051185,0.0019024740870885485,1.4136793714557512e-10,-3.0,0.0020038335309286903,1.3548877512138473e-10,-2.9999999999999956,0.013657467587854357
46.96,HOVER,True,0.01360431209763985,4.4729027621267765e-08,0.5000000305337073,-0.0006625086874151311,1.2856022236485425e-08,2.3193324200909995e-09,-8.279396011185849e-10,-1.9673316178024477e-06,-1.6946183543045164e-08,0.0,0.0,0.5,0.0004096818353464519,7.845588798367944e-10,0.0073819464576059465,0.0,-6.007874623668625e-10,-0.007383665683008533,0.0004096818353464519,1.8377141746993192e-10,-1.7192254025862053e-06,40.68706938731773,40.687066144650515,40.68706614499714,40.68706938766435,0.001853675806676166,1.4455490953013392e-10,-3.0,0.0019533507097906186,1.384935244336788e-10,-2.9999999999999956,0.013604312097747645
47.04,HOVER,True,0.013551714408634723,4.5784455451579077e-08,0.5000000303536568,-0.000655207280862126,1.3337188396490825e-08,-4.682950190170367e-09,-8.163397160805606e-10,-9.212591351966146e-07,-1.94809811081915e-08,0.0,0.0,0.5,0.00040968234101494054,5.005208650654299e-10,0.007193307727617769,0.0,-6.275866456331584e-10,-0.007196033627249624,0.00040968234101494054,-1.2706578056772856e-10,-2.7258996318545517e-06,40.687070414522125,40.68706527314545,40.687065272905784,40.68707041428245,0.0018057146553010109,1.4793910738021333e-10,-3.0,0.00190371259980149,1.4160793850378536e-10,-2.9999999999999956,0.013551714408746059
47.12,HOVER,True,0.013499732449410981,4.6876997978367e-08,0.5000000299526232,-0.0006474485442614312,1.3788573376909443e-08,-6.94129977464346e-09,-7.770082349513369e-10,-1.1104945812899929e-06,-2.193185191333119e-08,0.0,0.0,0.5,0.0004096823956533887,5.654146471290011e-10,0.007009132060234498,0.0,-6.544577033523862e-10,-0.007011578936467191,0.0004096823956533887,-8.904305622338513e-11,-2.4468762326928725e-06,40.68707015973043,40.68706554462566,40.68706554445772,40.68707015956249,0.0017585855616993815,1.5158912593393788e-10,-3.0,0.0018549150625574611,1.4489367879589527e-10,-2.9999999999999956,0.013499732449525598
47.2,HOVER,True,0.013448344529822203,4.8004370308361626e-08,0.5000000291493961,-0.0006403065502868894,1.4223962601508422e-08,-9.511481483320678e-09,-8.121257817077298e-10,-2.8114397543376514e-06,-2.4367672402974305e-08,0.0,0.0,0.5,0.00040968255129692627,7.644396686813892e-10,0.006828663953321298,0.0,-6.811390030313114e-10,-0.0068302857572375714,0.00040968255129692627,8.330066565007781e-11,-1.621803916273222e-06,40.68706940534648,40.687066346427976,40.68706634658509,40.6870694055036,0.0017122846014786474,1.5522100009854623e-10,-3.0,0.0018069539040311067,1.4832282695575237e-10,-2.9999999999999956,0.01344834452993947
47.28,HOVER,True,0.013397439672542269,4.91677467095269e-08,0.5000000280769468,-0.0006348440885271471,1.4680585050630317e-08,-1.5416289501786917e-08,-8.345156780463298e-10,-5.566671115906979e-06,-2.6777866672214757e-08,0.0,0.0,0.5,0.0004096831001216409,7.386509142828354e-10,0.006650518912865208,0.0,-7.073062187268699e-10,-0.006652137535945156,0.0004096831001216409,3.134469555596551e-11,-1.6186230799479853e-06,40.687069486571325,40.68706643365226,40.68706643371139,40.68706948663045,0.0016668063362393999,1.5887199202922124e-10,-3.0,0.0017598247449590397,1.51828400176336e-10,-2.9999999999999956,0.013397439672661911
