t,mode,px,py,pz,ref_px,ref_py,ref_pz,pos_error,yaw
0.016,TAKEOFF,0.0,0.0,0.01679415406518603,0.0,0.0,0.5,0.48320584593481397,0.0
0.024,TAKEOFF,0.0,0.0,0.017433741003173645,0.0,0.0,0.5,0.48256625899682637,0.0
0.032,TAKEOFF,0.0,0.0,0.017945303415533985,0.0,0.0,0.5,0.48205469658446604,0.0
0.04,TAKEOFF,0.0,0.0,0.018354467786087365,0.0,0.0,0.5,0.48164553221391265,0.0
0.048,TAKEOFF,0.0,0.0,0.018681731070432698,0.0,0.0,0.5,0.4813182689295673,0.0
0.056,TAKEOFF,0.0,0.0,0.018943487390448974,0.0,0.0,0.5,0.481056512609551,0.0
0.064,TAKEOFF,0.0,0.0,0.01915284928989332,0.0,0.0,0.5,0.4808471507101067,0.0
0.07200000000000001,TAKEOFF,0.0,0.0,0.019320304601236116,0.0,0.0,0.5,0.4806796953987639,0.0
0.08,TAKEOFF,0.0,0.0,0.019454241828795363,0.0,0.0,0.5,0.48054575817120465,0.0
0.088,TAKEOFF,0.0,0.0,0.019561370366994735,0.0,0.0,0.5,0.48043862963300527,0.0
0.096,TAKEOFF,0.0,0.0,0.01964705660438526,0.0,0.0,0.5,0.48035294339561474,0.0
0.10400000000000001,TAKEOFF,0.0,0.0,0.019715592750406737,0.0,0.0,0.5,0.48028440724959326,0.0
0.112,TAKEOFF,0.0,0.0,0.019770411851641592,0.0,0.0,0.5,0.4802295881483584,0.0
0.12,TAKEOFF,0.0,0.0,0.019814259768701346,0.0,0.0,0.5,0.4801857402312987,0.0
0.128,TAKEOFF,0.0,0.0,0.019849332728848534,0.0,0.0,0.5,0.48015066727115147,0.0
0.136,TAKEOFF,0.0,0.0,0.019877387344989315,0.0,0.0,0.5,0.48012261265501066,0.0
0.14400000000000002,TAKEOFF,0.0,0.0,0.019899828612387482,0.0,0.0,0.5,0.4801001713876125,0.0
0.152,TAKEOFF,0.0,0.0,0.019917780291254735,0.0,0.0,0.5,0.48008221970874526,0.0
0.16,TAKEOFF,0.0,0.0,0.01993214120100059,0.0,0.0,0.5,0.4800678587989994,0.0
0.168,TAKEOFF,0.0,0.0,0.019943630246176514,0.0,0.0,0.5,0.4800563697538235,0.0
0.176,TAKEOFF,0.0,0.0,0.019952822429668098,0.0,0.0,0.5,0.4800471775703319,0.0
0.184,TAKEOFF,0.0,0.0,0.01996017765719965,0.0,0.0,0.5,0.48003982234280035,0.0
0.192,TAKEOFF,0.0,0.0,0.019966063776099507,0.0,0.0,0.5,0.4800339362239005,0.0
0.2,TAKEOFF,0.0,0.0,0.019970775002442414,0.0,0.0,0.5,0.48002922499755757,0.0
0.20800000000000002,TAKEOFF,0.0,0.0,0.019974546659668222,0.0,0.0,0.5,0.48002545334033175,0.0
0.216,TAKEOFF,0.0,0.0,0.019977566967001148,0.0,0.0,0.5,0.48002243303299885,0.0
0.224,TAKEOFF,0.0,0.0,0.019979986468205074,0.0,0.0,0.5,0.4800200135317949,0.0
0.232,TAKEOFF,0.0,0.0,0.019981925573004027,0.0,0.0,0.5,0.48001807442699596,0.0
0.24,TAKEOFF,0.0,0.0,0.01998348058895181,0.0,0.0,0.5,0.48001651941104817,0.0
0.248,TAKEOFF,0.0,0.0,0.01998472854591453,0.0,0.0,0.5,0.48001527145408546,0.0
0.256,TAKEOFF,0.0,0.0,0.01998573105484624,0.0,0.0,0.5,0.48001426894515375,0.0
0.264,TAKEOFF,0.0,0.0,0.019986537394161286,0.0,0.0,0.5,0.4800134626058387,0.0
0.272,TAKEOFF,0.0,0.0,0.019987186978313774,0.0,0.0,0.5,0.48001281302168625,0.0
0.28,TAKEOFF,0.0,0.0,0.019987711332246482,0.0,0.0,0.5,0.48001228866775353,0.0
0.28800000000000003,TAKEOFF,0.0,0.0,0.01998813567061833,0.0,0.0,0.5,0.4800118643293817,0.0
0.296,TAKEOFF,0.0,0.0,0.019988480160921106,0.0,0.0,0.5,0.4800115198390789,0.0
0.304,TAKEOFF,0.0,0.0,0.019988760933760678,0.0,0.0,0.5,0.4800112390662393,0.0
0.312,TAKEOFF,0.0,0.0,0.019988990890912255,0.0,0.0,0.5,0.4800110091090877,0.0
0.32,TAKEOFF,0.0,0.0,0.019989180351628874,0.0,0.0,0.5,0.4800108196483711,0.0
0.328,TAKEOFF,0.0,0.0,0.01998933756957962,0.0,0.0,0.5,0.4800106624304204,0.0
0.336,TAKEOFF,0.0,0.0,0.019989469146313377,0.0,0.0,0.5,0.4800105308536866,0.0
0.34400000000000003,TAKEOFF,0.0,0.0,0.019989580361960385,0.0,0.0,0.5,0.4800104196380396,0.0
0.352,TAKEOFF,0.0,0.0,0.019989675439737918,0.0,0.0,0.5,0.4800103245602621,0.0
0.36,TAKEOFF,0.0,0.0,0.01998975775751042,0.0,0.0,0.5,0.48001024224248956,0.0
0.368,TAKEOFF,0.0,0.0,0.019989830017002056,0.0,0.0,0.5,0.48001016998299795,0.0
0.376,TAKEOFF,0.0,0.0,0.01998989437913835,0.0,0.0,0.5,0.48001010562086166,0.0
0.384,TAKEOFF,0.0,0.0,0.019989952572296743,0.0,0.0,0.5,0.48001004742770326,0.0
0.392,TAKEOFF,0.0,0.0,0.01999000597888887,0.0,0.0,0.5,0.4800099940211111,0.0
0.4,TAKEOFF,0.0,0.0,0.019990055704611834,0.0,0.0,0.5,0.4800099442953882,0.0
0.40800000000000003,TAKEOFF,0.0,0.0,0.01999010263383759,0.0,0.0,0.5,0.4800098973661624,0.0
0.41600000000000004,TAKEOFF,0.0,0.0,0.019990147473915153,0.0,0.0,0.5,0.48000985252608486,0.0
0.424,TAKEOFF,0.0,0.0,0.019990190790604927,0.0,0.0,0.5,0.48000980920939507,0.0
0.432,TAKEOFF,0.0,0.0,0.019990233036420193,0.0,0.0,0.5,0.48000976696357983,0.0
0.44,TAKEOFF,0.0,0.0,0.019990274573295573,0.0,0.0,0.5,0.48000972542670445,0.0
0.448,TAKEOFF,0.0,0.0,0.019990315690717967,0.0,0.0,0.5,0.48000968430928204,0.0
0.456,TAKEOFF,0.0,0.0,0.019990356620228272,0.0,0.0,0.5,0.4800096433797717,0.0
0.464,TAKEOFF,0.0,0.0,0.01999039754702031,0.0,0.0,0.5,0.4800096024529797,0.0
0.47200000000000003,TAKEOFF,0.0,0.0,0.019990438619218034,0.0,0.0,0.5,0.480009561380782,0.0
0.48,TAKEOFF,0.0,0.0,0.019990479955295723,0.0,0.0,0.5,0.48000952004470426,0.0
0.488,TAKEOFF,0.0,0.0,0.019990521650012905,0.0,0.0,0.5,0.4800094783499871,0.0
0.496,TAKEOFF,0.0,0.0,0.01999056377916128,0.0,0.0,0.5,0.4800094362208387,0.0
0.504,TAKEOFF,0.0,0.0,0.01999060640336148,0.0,0.0,0.5,0.4800093935966385,0.0
0.512,TAKEOFF,0.0,0.0,0.01999064957109983,0.0,0.0,0.5,0.4800093504289002,0.0
0.52,TAKEOFF,0.0,0.0,0.01999069332115724,0.0,0.0,0.5,0.4800093066788428,0.0
0.528,TAKEOFF,0.0,0.0,0.019990737684551927,0.0,0.0,0.5,0.48000926231544805,0.0
0.536,TAKEOFF,0.0,0.0,0.019990782686093257,0.0,0.0,0.5,0.4800092173139067,0.0
0.544,TAKEOFF,0.0,0.0,0.019990828345624552,0.0,0.0,0.5,0.48000917165437545,0.0
0.552,TAKEOFF,0.0,0.0,0.019990874679017136,0.0,0.0,0.5,0.4800091253209829,0.0
0.56,TAKEOFF,0.0,0.0,0.019990921698965405,0.0,0.0,0.5,0.4800090783010346,0.0
0.5680000000000001,TAKEOFF,0.0,0.0,0.019990969415622742,0.0,0.0,0.5,0.48000903058437727,0.0
0.5760000000000001,TAKEOFF,0.0,0.0,0.01999101783711015,0.0,0.0,0.5,0.48000898216288984,0.0
0.584,TAKEOFF,0.0,0.0,0.01999106696992306,0.0,0.0,0.5,0.48000893303007697,0.0
0.592,TAKEOFF,0.0,0.0,0.019991116819256735,0.0,0.0,0.5,0.48000888318074325,0.0
0.6,TAKEOFF,0.0,0.0,0.01999116738926651,0.0,0.0,0.5,0.4800088326107335,0.0
0.608,TAKEOFF,0.0,0.0,0.01999121868327595,0.0,0.0,0.5,0.48000878131672403,0.0
0.616,TAKEOFF,0.0,0.0,0.019991270703943357,0.0,0.0,0.5,0.48000872929605665,0.0
0.624,TAKEOFF,0.0,0.0,0.01999132345339492,0.0,0.0,0.5,0.48000867654660506,0.0
0.632,TAKEOFF,0.0,0.0,0.019991376933331237,0.0,0.0,0.5,0.48000862306666875,0.0
0.64,TAKEOFF,0.0,0.0,0.019991431145112495,0.0,0.0,0.5,0.4800085688548875,0.0
0.648,TAKEOFF,0.0,0.0,0.01999148608982662,0.0,0.0,0.5,0.4800085139101734,0.0
0.656,TAKEOFF,0.0,0.0,0.019991541768343772,0.0,0.0,0.5,0.4800084582316562,0.0
0.664,TAKEOFF,0.0,0.0,0.019991598181359923,0.0,0.0,0.5,0.4800084018186401,0.0
0.672,TAKEOFF,0.0,0.0,0.019991655329431746,0.0,0.0,0.5,0.48000834467056824,0.0
0.68,TAKEOFF,0.0,0.0,0.019991713213004476,0.0,0.0,0.5,0.48000828678699553,0.0
0.6880000000000001,TAKEOFF,0.0,0.0,0.019991771832434235,0.0,0.0,0.5,0.4800082281675658,0.0
0.6960000000000001,TAKEOFF,0.0,0.0,0.019991831188005852,0.0,0.0,0.5,0.48000816881199415,0.0
0.704,TAKEOFF,0.0,0.0,0.01999189127994715,0.0,0.0,0.5,0.48000810872005284,0.0
0.712,TAKEOFF,0.0,0.0,0.019991952108440344,0.0,0.0,0.5,0.48000804789155965,0.0
0.72,TAKEOFF,0.0,0.0,0.019992013673631178,0.0,0.0,0.5,0.4800079863263688,0.0
0.728,TAKEOFF,0.0,0.0,0.019992075975636223,0.0,0.0,0.5,0.48000792402436376,0.0
0.736,TAKEOFF,0.0,0.0,0.019992139014548712,0.0,0.0,0.5,0.4800078609854513,0.0
0.744,TAKEOFF,0.0,0.0,0.01999220279044322,0.0,0.0,0.5,0.4800077972095568,0.0
0.752,TAKEOFF,0.0,0.0,0.019992267303379392,0.0,0.0,0.5,0.4800077326966206,0.0
0.76,TAKEOFF,0.0,0.0,0.019992332553404938,0.0,0.0,0.5,0.48000766744659507,0.0
0.768,TAKEOFF,0.0,0.0,0.019992398540558013,0.0,0.0,0.5,0.480007601459442,0.0
0.776,TAKEOFF,0.0,0.0,0.019992465264869138,0.0,0.0,0.5,0.48000753473513086,0.0
0.784,TAKEOFF,0.0,0.0,0.019992532726362724,0.0,0.0,0.5,0.4800074672736373,0.0
0.792,TAKEOFF,0.0,0.0,0.019992600925058293,0.0,0.0,0.5,0.4800073990749417,0.0
0.8,TAKEOFF,0.0,0.0,0.019992669860971462,0.0,0.0,0.5,0.4800073301390285,0.0
0.808,TAKEOFF,0.0,0.0,0.019992739534114724,0.0,0.0,0.5,0.48000726046588527,0.0
0.8160000000000001,TAKEOFF,0.0,0.0,0.019992809944498067,0.0,0.0,0.5,0.4800071900555019,0.0
0.8240000000000001,TAKEOFF,0.0,0.0,0.01999288109212948,0.0,0.0,0.5,0.4800071189078705,0.0
0.8320000000000001,TAKEOFF,0.0,0.0,0.01999295297701536,0.0,0.0,0.5,0.48000704702298463,0.0
0.84,TAKEOFF,0.0,0.0,0.01999302559916081,0.0,0.0,0.5,0.48000697440083917,0.0
0.848,TAKEOFF,0.0,0.0,0.019993098958569922,0.0,0.0,0.5,0.48000690104143007,0.0
0.856,TAKEOFF,0.0,0.0,0.01999317305524597,0.0,0.0,0.5,0.48000682694475405,0.0
0.864,TAKEOFF,0.0,0.0,0.019993247889191566,0.0,0.0,0.5,0.48000675211080845,0.0
0.872,TAKEOFF,0.0,0.0,0.0199933234604088,0.0,0.0,0.5,0.48000667653959117,0.0
0.88,TAKEOFF,0.0,0.0,0.019993399768899352,0.0,0.0,0.5,0.48000660023110064,0.0
0.888,TAKEOFF,0.0,0.0,0.019993476814664554,0.0,0.0,0.5,0.48000652318533543,0.0
0.896,TAKEOFF,0.0,0.0,0.01999355459770548,0.0,0.0,0.5,0.48000644540229453,0.0
0.904,TAKEOFF,0.0,0.0,0.019993633118022984,0.0,0.0,0.5,0.480006366881977,0.0
0.912,TAKEOFF,0.0,0.0,0.019993712375617752,0.0,0.0,0.5,0.48000628762438224,0.0
0.92,TAKEOFF,0.0,0.0,0.019993792370490333,0.0,0.0,0.5,0.4800062076295097,0.0
0.928,TAKEOFF,0.0,0.0,0.019993873102641162,0.0,0.0,0.5,0.48000612689735883,0.0
0.936,TAKEOFF,0.0,0.0,0.01999395457207059,0.0,0.0,0.5,0.4800060454279294,0.0
0.9440000000000001,TAKEOFF,0.0,0.0,0.0199940367787789,0.0,0.0,0.5,0.4800059632212211,0.0
0.9520000000000001,TAKEOFF,0.0,0.0,0.019994119722766313,0.0,0.0,0.5,0.4800058802772337,0.0
0.96,TAKEOFF,0.0,0.0,0.01999420340403301,0.0,0.0,0.5,0.480005796595967,0.0
0.968,TAKEOFF,0.0,0.0,0.019994287822579136,0.0,0.0,0.5,0.4800057121774209,0.0
0.976,TAKEOFF,0.0,0.0,0.0199943729784048,0.0,0.0,0.5,0.4800056270215952,0.0
0.984,TAKEOFF,0.0,0.0,0.0199944588715101,0.0,0.0,0.5,0.4800055411284899,0.0
0.992,TAKEOFF,0.0,0.0,0.019994545501895104,0.0,0.0,0.5,0.4800054544981049,0.0
1.0,TAKEOFF,0.0,0.0,0.019994632869559877,0.0,0.0,0.5,0.4800053671304401,0.0
1.008,TAKEOFF,0.0,0.0,0.01999472097450446,0.0,0.0,0.5,0.48000527902549556,0.0
1.016,TAKEOFF,0.0,0.0,0.019994809816728895,0.0,0.0,0.5,0.4800051901832711,0.0
1.024,TAKEOFF,0.0,0.0,0.01999489939623321,0.0,0.0,0.5,0.4800051006037668,0.0
1.032,TAKEOFF,0.0,0.0,0.019994989713017428,0.0,0.0,0.5,0.48000501028698256,0.0
1.04,TAKEOFF,0.0,0.0,0.01999508076708157,0.0,0.0,0.5,0.48000491923291844,0.0
1.048,TAKEOFF,0.0,0.0,0.01999517255842565,0.0,0.0,0.5,0.48000482744157436,0.0
1.056,TAKEOFF,0.0,0.0,0.01999526508704968,0.0,0.0,0.5,0.4800047349129503,0.0
1.064,TAKEOFF,0.0,0.0,0.01999535835295367,0.0,0.0,0.5,0.4800046416470463,0.0
1.072,TAKEOFF,0.0,0.0,0.01999545235613763,0.0,0.0,0.5,0.48000454764386236,0.0
1.08,TAKEOFF,0.0,0.0,0.019995547096601566,0.0,0.0,0.5,0.48000445290339844,0.0
1.088,TAKEOFF,0.0,0.0,0.019995642574345482,0.0,0.0,0.5,0.4800043574256545,0.0
1.096,TAKEOFF,0.0,0.0,0.01999573878936938,0.0,0.0,0.5,0.4800042612106306,0.0
1.104,TAKEOFF,0.0,0.0,0.019995835741673268,0.0,0.0,0.5,0.4800041642583267,0.0
1.112,TAKEOFF,0.0,0.0,0.01999593343125714,0.0,0.0,0.5,0.48000406656874284,0.0
1.12,TAKEOFF,0.0,0.0,0.01999603185812101,0.0,0.0,0.5,0.480003968141879,0.0
1.1280000000000001,TAKEOFF,0.0,0.0,0.01999613102226487,0.0,0.0,0.5,0.4800038689777351,0.0
1.1360000000000001,TAKEOFF,0.0,0.0,0.019996230923688726,0.0,0.0,0.5,0.48000376907631126,0.0
1.1440000000000001,TAKEOFF,0.0,0.0,0.019996331562392576,0.0,0.0,0.5,0.48000366843760744,0.0
1.1520000000000001,TAKEOFF,0.0,0.0,0.019996432938376423,0.0,0.0,0.5,0.48000356706162356,0.0
1.16,TAKEOFF,0.0,0.0,0.019996535051640268,0.0,0.0,0.5,0.4800034649483597,0.0
1.168,TAKEOFF,0.0,0.0,0.01999663790218411,0.0,0.0,0.5,0.4800033620978159,0.0
1.176,TAKEOFF,0.0,0.0,0.019996741490007953,0.0,0.0,0.5,0.48000325850999204,0.0
1.184,TAKEOFF,0.0,0.0,0.019996845815111793,0.0,0.0,0.5,0.4800031541848882,0.0
1.192,TAKEOFF,0.0,0.0,0.01999695087749563,0.0,0.0,0.5,0.48000304912250435,0.0
1.2,TAKEOFF,0.0,0.0,0.01999705667715947,0.0,0.0,0.5,0.48000294332284055,0.0
1.208,TAKEOFF,0.0,0.0,0.019997163214103306,0.0,0.0,0.5,0.48000283678589667,0.0
1.216,TAKEOFF,0.0,0.0,0.019997270488327144,0.0,0.0,0.5,0.48000272951167283,0.0
1.224,TAKEOFF,0.0,0.0,0.019997378499830982,0.0,0.0,0.5,0.48000262150016904,0.0
1.232,TAKEOFF,0.0,0.0,0.019997487248614818,0.0,0.0,0.5,0.48000251275138517,0.0
1.24,TAKEOFF,0.0,0.0,0.019997596734678654,0.0,0.0,0.5,0.48000240326532134,0.0
1.248,TAKEOFF,0.0,0.0,0.019997706958022488,0.0,0.0,0.5,0.4800022930419775,0.0
1.256,TAKEOFF,0.0,0.0,0.019997817918646323,0.0,0.0,0.5,0.4800021820813537,0.0
1.264,TAKEOFF,0.0,0.0,0.01999792961655016,0.0,0.0,0.5,0.48000207038344983,0.0
1.272,TAKEOFF,0.0,0.0,0.019998042051733993,0.0,0.0,0.5,0.480001957948266,0.0
1.28,TAKEOFF,0.0,0.0,0.019998155224197827,0.0,0.0,0.5,0.48000184477580216,0.0
1.288,TAKEOFF,0.0,0.0,0.019998269133941662,0.0,0.0,0.5,0.48000173086605835,0.0
1.296,TAKEOFF,0.0,0.0,0.0199983837809655,0.0,0.0,0.5,0.4800016162190345,0.0
1.304,TAKEOFF,0.0,0.0,0.019998499165269332,0.0,0.0,0.5,0.48000150083473064,0.0
1.312,TAKEOFF,0.0,0.0,0.019998615286853167,0.0,0.0,0.5,0.48000138471314685,0.0
1.32,TAKEOFF,0.0,0.0,0.019998732145717003,0.0,0.0,0.5,0.480001267854283,0.0
1.328,TAKEOFF,0.0,0.0,0.019998849741860836,0.0,0.0,0.5,0.48000115025813916,0.0
1.336,TAKEOFF,0.0,0.0,0.01999896807528467,0.0,0.0,0.5,0.4800010319247153,0.0
1.344,TAKEOFF,0.0,0.0,0.019999087145988505,0.0,0.0,0.5,0.4800009128540115,0.0
1.352,TAKEOFF,0.0,0.0,0.01999920695397234,0.0,0.0,0.5,0.48000079304602766,0.0
1.36,TAKEOFF,0.0,0.0,0.019999327499236174,0.0,0.0,0.5,0.48000067250076384,0.0
1.368,TAKEOFF,0.0,0.0,0.01999944878178001,0.0,0.0,0.5,0.48000055121822,0.0
1.3760000000000001,TAKEOFF,0.0,0.0,0.020003060040073965,0.0,0.0,0.5,0.47999693995992604,0.0
1.3840000000000001,TAKEOFF,0.0,0.0,0.020017605998236168,0.0,0.0,0.5,0.47998239400176385,0.0
1.3920000000000001,TAKEOFF,0.0,0.0,0.020050565398072182,0.0,0.0,0.5,0.4799494346019278,0.0
1.4000000000000001,TAKEOFF,0.0,0.0,0.020109450954875617,0.0,0.0,0.5,0.4798905490451244,0.0
1.408,TAKEOFF,0.0,0.0,0.02020180931328614,0.0,0.0,0.5,0.47979819068671387,0.0
1.416,TAKEOFF,0.0,0.0,0.020335221003204864,0.0,0.0,0.5,0.47966477899679516,0.0
1.424,TAKEOFF,0.0,0.0,0.020517300395766987,0.0,0.0,0.5,0.479482699604233,0.0
1.432,TAKEOFF,0.0,0.0,0.02075569565937167,0.0,0.0,0.5,0.4792443043406283,0.0
1.44,TAKEOFF,0.0,0.0,0.021058088715769016,0.0,0.0,0.5,0.47894191128423097,0.0
1.448,TAKEOFF,0.0,0.0,0.021432195196204127,0.0,0.0,0.5,0.47856780480379585,0.0
1.456,TAKEOFF,0.0,0.0,0.02188576439761813,0.0,0.0,0.5,0.47811423560238187,0.0
1.464,TAKEOFF,0.0,0.0,0.022426579238906123,0.0,0.0,0.5,0.4775734207610939,0.0
1.472,TAKEOFF,0.0,0.0,0.02306245621723193,0.0,0.0,0.5,0.4769375437827681,0.0
1.48,TAKEOFF,0.0,0.0,0.02380124536439965,0.0,0.0,0.5,0.47619875463560035,0.0
1.488,TAKEOFF,0.0,0.0,0.024650830203281883,0.0,0.0,0.5,0.4753491697967181,0.0
1.496,TAKEOFF,0.0,0.0,0.025619127704304544,0.0,0.0,0.5,0.4743808722956955,0.0
1.504,TAKEOFF,0.0,0.0,0.026705864662111025,0.0,0.0,0.5,0.473294135337889,0.0
1.512,TAKEOFF,0.0,0.0,0.02790712527415387,0.0,0.0,0.5,0.47209287472584616,0.0
1.52,TAKEOFF,0.0,0.0,0.02921908452181756,0.0,0.0,0.5,0.47078091547818246,0.0
1.528,TAKEOFF,0.0,0.0,0.030638006087948984,0.0,0.0,0.5,0.469361993912051,0.0
1.536,TAKEOFF,0.0,0.0,0.03216024033407589,0.0,0.0,0.5,0.4678397596659241,0.0
1.544,TAKEOFF,0.0,0.0,0.03378222233508027,0.0,0.0,0.5,0.46621777766491973,0.0
1.552,TAKEOFF,0.0,0.0,0.03550046996919374,0.0,0.0,0.5,0.46449953003080624,0.0
1.56,TAKEOFF,0.0,0.0,0.037311582061277104,0.0,0.0,0.5,0.4626884179387229,0.0
1.568,TAKEOFF,0.0,0.0,0.03921223657743638,0.0,0.0,0.5,0.4607877634225636,0.0
1.576,TAKEOFF,0.0,0.0,0.041199188869113126,0.0,0.0,0.5,0.4588008111308869,0.0
1.584,TAKEOFF,0.0,0.0,0.043269269964868344,0.0,0.0,0.5,0.45673073003513165,0.0
1.592,TAKEOFF,0.0,0.0,0.04541938490815633,0.0,0.0,0.5,0.45458061509184366,0.0
1.6,TAKEOFF,0.0,0.0,0.04764651113945821,0.0,0.0,0.5,0.4523534888605418,0.0
1.608,TAKEOFF,0.0,0.0,0.04994769692121483,0.0,0.0,0.5,0.4500523030787852,0.0
1.616,TAKEOFF,0.0,0.0,0.05232005980406478,0.0,0.0,0.5,0.4476799401959352,0.0
1.624,TAKEOFF,0.0,0.0,0.05476078513295667,0.0,0.0,0.5,0.4452392148670433,0.0
1.6320000000000001,TAKEOFF,0.0,0.0,0.05726712459176475,0.0,0.0,0.5,0.44273287540823525,0.0
1.6400000000000001,TAKEOFF,0.0,0.0,0.0598363947850941,0.0,0.0,0.5,0.4401636052149059,0.0
1.6480000000000001,TAKEOFF,0.0,0.0,0.06246597585601618,0.0,0.0,0.5,0.4375340241439838,0.0
1.6560000000000001,TAKEOFF,0.0,0.0,0.06515331013852736,0.0,0.0,0.5,0.4348466898614726,0.0
1.6640000000000001,TAKEOFF,0.0,0.0,0.06789590084357244,0.0,0.0,0.5,0.43210409915642756,0.0
1.672,TAKEOFF,0.0,0.0,0.07069131077752246,0.0,0.0,0.5,0.42930868922247756,0.0
1.68,TAKEOFF,0.0,0.0,0.0735371610920407,0.0,0.0,0.5,0.42646283890795933,0.0
1.688,TAKEOFF,0.0,0.0,0.07643113006431418,0.0,0.0,0.5,0.4235688699356858,0.0
1.696,TAKEOFF,0.0,0.0,0.07937095190666817,0.0,0.0,0.5,0.42062904809333185,0.0
1.704,TAKEOFF,0.0,0.0,0.0823544156046209,0.0,0.0,0.5,0.41764558439537913,0.0
1.712,TAKEOFF,0.0,0.0,0.08537936378247254,0.0,0.0,0.5,0.4146206362175274,0.0
1.72,TAKEOFF,0.0,0.0,0.08844369159555822,0.0,0.0,0.5,0.4115563084044418,0.0
1.728,TAKEOFF,0.0,0.0,0.09154534564832877,0.0,0.0,0.5,0.4084546543516712,0.0
1.736,TAKEOFF,0.0,0.0,0.09468232293745557,0.0,0.0,0.5,0.4053176770625444,0.0
1.744,TAKEOFF,0.0,0.0,0.09785266981918674,0.0,0.0,0.5,0.4021473301808133,0.0
1.752,TAKEOFF,0.0,0.0,0.10105448100021153,0.0,0.0,0.5,0.3989455189997885,0.0
1.76,TAKEOFF,0.0,0.0,0.10428589855131844,0.0,0.0,0.5,0.3957141014486816,0.0
1.768,TAKEOFF,0.0,0.0,0.1075451109431595,0.0,0.0,0.5,0.3924548890568405,0.0
1.776,TAKEOFF,0.0,0.0,0.11083035210345914,0.0,0.0,0.5,0.38916964789654085,0.0
1.784,TAKEOFF,0.0,0.0,0.1141399004950312,0.0,0.0,0.5,0.3858600995049688,0.0
1.792,TAKEOFF,0.0,0.0,0.11747207821399105,0.0,0.0,0.5,0.3825279217860089,0.0
1.8,TAKEOFF,0.0,0.0,0.12082525010757296,0.0,0.0,0.5,0.37917474989242705,0.0
1.808,TAKEOFF,0.0,0.0,0.1241978229109843,0.0,0.0,0.5,0.3758021770890157,0.0
1.816,TAKEOFF,0.0,0.0,0.12758824440274957,0.0,0.0,0.5,0.3724117555972504,0.0
1.824,TAKEOFF,0.0,0.0,0.13099500257801683,0.0,0.0,0.5,0.36900499742198317,0.0
1.832,TAKEOFF,0.0,0.0,0.13441662483931852,0.0,0.0,0.5,0.3655833751606815,0.0
1.84,TAKEOFF,0.0,0.0,0.13785167720429709,0.0,0.0,0.5,0.3621483227957029,0.0
1.848,TAKEOFF,0.0,0.0,0.14129876352992363,0.0,0.0,0.5,0.35870123647007635,0.0
1.856,TAKEOFF,0.0,0.0,0.14475652475275413,0.0,0.0,0.5,0.35524347524724587,0.0
1.864,TAKEOFF,0.0,0.0,0.14822363814478504,0.0,0.0,0.5,0.351776361855215,0.0
1.872,TAKEOFF,0.0,0.0,0.1516988165844847,0.0,0.0,0.5,0.3483011834155153,0.0
1.8800000000000001,TAKEOFF,0.0,0.0,0.15518080784259247,0.0,0.0,0.5,0.34481919215740753,0.0
1.8880000000000001,TAKEOFF,0.0,0.0,0.15866839388229179,0.0,0.0,0.5,0.3413316061177082,0.0
1.8960000000000001,TAKEOFF,0.0,0.0,0.16216039017337697,0.0,0.0,0.5,0.33783960982662303,0.0
1.9040000000000001,TAKEOFF,0.0,0.0,0.16565564502004723,0.0,0.0,0.5,0.33434435497995274,0.0
1.9120000000000001,TAKEOFF,0.0,0.0,0.1691530389019734,0.0,0.0,0.5,0.3308469610980266,0.0
1.92,TAKEOFF,0.0,0.0,0.17265148382829584,0.0,0.0,0.5,0.32734851617170413,0.0
1.928,TAKEOFF,0.0,0.0,0.17614992270422328,0.0,0.0,0.5,0.32385007729577675,0.0
1.936,TAKEOFF,0.0,0.0,0.1796473287099135,0.0,0.0,0.5,0.3203526712900865,0.0
1.944,TAKEOFF,0.0,0.0,0.1831427046913284,0.0,0.0,0.5,0.31685729530867157,0.0
1.952,TAKEOFF,0.0,0.0,0.18663508256276498,0.0,0.0,0.5,0.31336491743723505,0.0
1.96,TAKEOFF,0.0,0.0,0.19012352272077562,0.0,0.0,0.5,0.3098764772792244,0.0
1.968,TAKEOFF,0.0,0.0,0.19360711346919904,0.0,0.0,0.5,0.306392886530801,0.0
1.976,TAKEOFF,0.0,0.0,0.19708497045503326,0.0,0.0,0.5,0.30291502954496674,0.0
1.984,TAKEOFF,0.0,0.0,0.20055623611489126,0.0,0.0,0.5,0.29944376388510874,0.0
1.992,TAKEOFF,0.0,0.0,0.20402007913178757,0.0,0.0,0.5,0.29597992086821245,0.0
2.0,TAKEOFF,0.0,0.0,0.20747569390201312,0.0,0.0,0.5,0.29252430609798685,0.0
2.008,TAKEOFF,0.0,0.0,0.2109223000118632,0.0,0.0,0.5,0.2890776999881368,0.0
2.016,TAKEOFF,0.0,0.0,0.21435914172399126,0.0,0.0,0.5,0.2856408582760087,0.0
2.024,TAKEOFF,0.0,0.0,0.2177854874731682,0.0,0.0,0.5,0.28221451252683183,0.0
2.032,TAKEOFF,0.0,0.0,0.22120062937123453,0.0,0.0,0.5,0.2787993706287655,0.0
2.04,TAKEOFF,0.0,0.0,0.22460388272103876,0.0,0.0,0.5,0.27539611727896124,0.0
2.048,TAKEOFF,0.0,0.0,0.22799458553916294,0.0,0.0,0.5,0.27200541446083704,0.0
2.056,TAKEOFF,0.0,0.0,0.23137209808724138,0.0,0.0,0.5,0.26862790191275865,0.0
2.064,TAKEOFF,0.0,0.0,0.23473580241168596,0.0,0.0,0.5,0.26526419758831404,0.0
2.072,TAKEOFF,0.0,0.0,0.23808510189163595,0.0,0.0,0.5,0.26191489810836405,0.0
2.08,TAKEOFF,0.0,0.0,0.24141942079495726,0.0,0.0,0.5,0.25858057920504274,0.0
2.088,TAKEOFF,0.0,0.0,0.2447382038421201,0.0,0.0,0.5,0.2552617961578799,0.0
2.096,TAKEOFF,0.0,0.0,0.2480409157777905,0.0,0.0,0.5,0.2519590842222095,0.0
2.104,TAKEOFF,0.0,0.0,0.2513270409499752,0.0,0.0,0.5,0.2486729590500248,0.0
2.112,TAKEOFF,0.0,0.0,0.254596082896565,0.0,0.0,0.5,0.245403917103435,0.0
2.12,TAKEOFF,0.0,0.0,0.25784756393912545,0.0,0.0,0.5,0.24215243606087455,0.0
2.128,TAKEOFF,0.0,0.0,0.2610810247837898,0.0,0.0,0.5,0.2389189752162102,0.0
2.136,TAKEOFF,0.0,0.0,0.2642960241291114,0.0,0.0,0.5,0.2357039758708886,0.0
2.144,TAKEOFF,0.0,0.0,0.26749213828073864,0.0,0.0,0.5,0.23250786171926136,0.0
2.152,TAKEOFF,0.0,0.0,0.2706689607727788,0.0,0.0,0.5,0.2293310392272212,0.0
2.16,TAKEOFF,0.0,0.0,0.2738261019957211,0.0,0.0,0.5,0.2261738980042789,0.0
2.168,TAKEOFF,0.0,0.0,0.27696318883079313,0.0,0.0,0.5,0.22303681116920687,0.0
2.176,TAKEOFF,0.0,0.0,0.28007986429062826,0.0,0.0,0.5,0.21992013570937174,0.0
2.184,TAKEOFF,0.0,0.0,0.2831757871661254,0.0,0.0,0.5,0.2168242128338746,0.0
2.192,TAKEOFF,0.0,0.0,0.28625063167938536,0.0,0.0,0.5,0.21374936832061464,0.0
2.2,TAKEOFF,0.0,0.0,0.28930408714261185,0.0,0.0,0.5,0.21069591285738815,0.0
2.208,TAKEOFF,0.0,0.0,0.29233585762286796,0.0,0.0,0.5,0.20766414237713204,0.0
2.216,TAKEOFF,0.0,0.0,0.29534566161258163,0.0,0.0,0.5,0.20465433838741837,0.0
2.224,TAKEOFF,0.0,0.0,0.29833323170569753,0.0,0.0,0.5,0.20166676829430247,0.0
2.232,TAKEOFF,0.0,0.0,0.30129831427937415,0.0,0.0,0.5,0.19870168572062585,0.0
2.24,TAKEOFF,0.0,0.0,0.3042406691811291,0.0,0.0,0.5,0.19575933081887092,0.0
2.248,TAKEOFF,0.0,0.0,0.30716006942133667,0.0,0.0,0.5,0.19283993057866333,0.0
2.2560000000000002,TAKEOFF,0.0,0.0,0.31005630087098585,0.0,0.0,0.5,0.18994369912901415,0.0
2.2640000000000002,TAKEOFF,0.0,0.0,0.31292916196460746,0.0,0.0,0.5,0.18707083803539254,0.0
2.2720000000000002,TAKEOFF,0.0,0.0,0.31577846340828364,0.0,0.0,0.5,0.18422153659171636,0.0
2.2800000000000002,TAKEOFF,0.0,0.0,0.31860402789265313,0.0,0.0,0.5,0.18139597210734687,0.0
2.2880000000000003,TAKEOFF,0.0,0.0,0.32140568981082906,0.0,0.0,0.5,0.17859431018917094,0.0
2.2960000000000003,TAKEOFF,0.0,0.0,0.324183294981148,0.0,0.0,0.5,0.175816705018852,0.0
2.3040000000000003,TAKEOFF,0.0,0.0,0.3269367003746704,0.0,0.0,0.5,0.17306329962532963,0.0
2.312,TAKEOFF,0.0,0.0,0.3296657738473552,0.0,0.0,0.5,0.17033422615264482,0.0
2.32,TAKEOFF,0.0,0.0,0.33237039387683315,0.0,0.0,0.5,0.16762960612316685,0.0
2.328,TAKEOFF,0.0,0.0,0.3350504493037042,0.0,0.0,0.5,0.1649495506962958,0.0
2.336,TAKEOFF,0.0,0.0,0.3377058390772878,0.0,0.0,0.5,0.1622941609227122,0.0
2.344,TAKEOFF,0.0,0.0,0.34033647200575506,0.0,0.0,0.5,0.15966352799424494,0.0
2.352,TAKEOFF,0.0,0.0,0.34294226651057413,0.0,0.0,0.5,0.15705773348942587,0.0
2.36,TAKEOFF,0.0,0.0,0.3455231503852016,0.0,0.0,0.5,0.1544768496147984,0.0
2.368,TAKEOFF,0.0,0.0,0.34807906055795385,0.0,0.0,0.5,0.15192093944204615,0.0
2.376,TAKEOFF,0.0,0.0,0.35060994285899444,0.0,0.0,0.5,0.14939005714100556,0.0
2.384,TAKEOFF,0.0,0.0,0.3531157517913746,0.0,0.0,0.5,0.1468842482086254,0.0
2.392,TAKEOFF,0.0,0.0,0.3555964503060646,0.0,0.0,0.5,0.14440354969393537,0.0
2.4,TAKEOFF,0.0,0.0,0.3580520095809167,0.0,0.0,0.5,0.1419479904190833,0.0
2.408,TAKEOFF,0.0,0.0,0.36048240880349985,0.0,0.0,0.5,0.13951759119650015,0.0
2.416,TAKEOFF,0.0,0.0,0.36288763495774906,0.0,0.0,0.5,0.13711236504225094,0.0
2.424,TAKEOFF,0.0,0.0,0.365267682614372,0.0,0.0,0.5,0.13473231738562802,0.0
2.432,TAKEOFF,0.0,0.0,0.367622553724958,0.0,0.0,0.5,0.132377446275042,0.0
2.44,TAKEOFF,0.0,0.0,0.36995225741973503,0.0,0.0,0.5,0.13004774258026497,0.0
2.448,TAKEOFF,0.0,0.0,0.3722568098089205,0.0,0.0,0.5,0.1277431901910795,0.0
2.456,TAKEOFF,0.0,0.0,0.3745362337876147,0.0,0.0,0.5,0.1254637662123853,0.0
2.464,TAKEOFF,0.0,0.0,0.3767905588441847,0.0,0.0,0.5,0.12320944115581528,0.0
2.472,TAKEOFF,0.0,0.0,0.3790198208720886,0.0,0.0,0.5,0.12098017912791142,0.0
2.48,TAKEOFF,0.0,0.0,0.3812240619850904,0.0,0.0,0.5,0.1187759380149096,0.0
2.488,TAKEOFF,0.0,0.0,0.3834033303358176,0.0,0.0,0.5,0.11659666966418242,0.0
2.496,TAKEOFF,0.0,0.0,0.3855576799376125,0.0,0.0,0.5,0.11444232006238753,0.0
2.504,TAKEOFF,0.0,0.0,0.3876871704896317,0.0,0.0,0.5,0.1123128295103683,0.0
2.512,TAKEOFF,0.0,0.0,0.3897918672051467,0.0,0.0,0.5,0.11020813279485331,0.0
2.52,TAKEOFF,0.0,0.0,0.3918718406430005,0.0,0.0,0.5,0.10812815935699949,0.0
2.528,TAKEOFF,0.0,0.0,0.39392716654217586,0.0,0.0,0.5,0.10607283345782414,0.0
2.536,TAKEOFF,0.0,0.0,0.39595792565943083,0.0,0.0,0.5,0.10404207434056917,0.0
2.544,TAKEOFF,0.0,0.0,0.397964203609959,0.0,0.0,0.5,0.10203579639004101,0.0
2.552,TAKEOFF,0.0,0.0,0.39994609071103127,0.0,0.0,0.5,0.10005390928896873,0.0
2.56,TAKEOFF,0.0,0.0,0.40190368182857805,0.0,0.0,0.5,0.09809631817142195,0.0
2.568,TAKEOFF,0.0,0.0,0.40383707622666987,0.0,0.0,0.5,0.09616292377333013,0.0
2.576,TAKEOFF,0.0,0.0,0.40574637741985653,0.0,0.0,0.5,0.09425362258014347,0.0
2.584,TAKEOFF,0.0,0.0,0.40763169302832436,0.0,0.0,0.5,0.09236830697167564,0.0
2.592,TAKEOFF,0.0,0.0,0.4094931346358322,0.0,0.0,0.5,0.0905068653641678,0.0
2.6,TAKEOFF,0.0,0.0,0.4113308176503873,0.0,0.0,0.5,0.08866918234961269,0.0
2.608,TAKEOFF,0.0,0.0,0.4131448611676232,0.0,0.0,0.5,0.08685513883237678,0.0
2.616,TAKEOFF,0.0,0.0,0.41493538783684103,0.0,0.0,0.5,0.08506461216315897,0.0
2.624,TAKEOFF,0.0,0.0,0.41670252372967737,0.0,0.0,0.5,0.08329747627032263,0.0
2.632,TAKEOFF,0.0,0.0,0.41844639821136237,0.0,0.0,0.5,0.08155360178863763,0.0
2.64,TAKEOFF,0.0,0.0,0.42016714381453096,0.0,0.0,0.5,0.07983285618546904,0.0
2.648,TAKEOFF,0.0,0.0,0.4218648961155518,0.0,0.0,0.5,0.07813510388444822,0.0
2.656,TAKEOFF,0.0,0.0,0.4235397936133385,0.0,0.0,0.5,0.07646020638666151,0.0
2.664,TAKEOFF,0.0,0.0,0.4251919776106088,0.0,0.0,0.5,0.07480802238939122,0.0
2.672,TAKEOFF,0.0,0.0,0.4268215920975557,0.0,0.0,0.5,0.07317840790244429,0.0
2.68,TAKEOFF,0.0,0.0,0.42842878363789855,0.0,0.0,0.5,0.07157121636210145,0.0
2.688,TAKEOFF,0.0,0.0,0.4300137012572784,0.0,0.0,0.5,0.06998629874272161,0.0
2.696,TAKEOFF,0.0,0.0,0.43157649633396616,0.0,0.0,0.5,0.06842350366603384,0.0
2.704,TAKEOFF,0.0,0.0,0.43311732249184953,0.0,0.0,0.5,0.06688267750815047,0.0
2.712,TAKEOFF,0.0,0.0,0.4346363354956666,0.0,0.0,0.5,0.0653636645043334,0.0
2.72,TAKEOFF,0.0,0.0,0.4361336931484542,0.0,0.0,0.5,0.06386630685154582,0.0
2.728,TAKEOFF,0.0,0.0,0.4376095551911791,0.0,0.0,0.5,0.06239044480882089,0.0
2.736,TAKEOFF,0.0,0.0,0.4390640832045209,0.0,0.0,0.5,0.060935916795479106,0.0
2.744,TAKEOFF,0.0,0.0,0.4404974405127751,0.0,0.0,0.5,0.05950255948722488,0.0
2.7520000000000002,TAKEOFF,0.0,0.0,0.44190979208984654,0.0,0.0,0.5,0.05809020791015346,0.0
2.7600000000000002,TAKEOFF,0.0,0.0,0.4433013044673018,0.0,0.0,0.5,0.056698695532698185,0.0
2.7680000000000002,TAKEOFF,0.0,0.0,0.44467214564445184,0.0,0.0,0.5,0.055327854355548156,0.0
2.7760000000000002,TAKEOFF,0.0,0.0,0.4460224850004339,0.0,0.0,0.5,0.0539775149995661,0.0
2.7840000000000003,TAKEOFF,0.0,0.0,0.4473524932082642,0.0,0.0,0.5,0.0526475067917358,0.0
2.7920000000000003,TAKEOFF,0.0,0.0,0.44866234215083234,0.0,0.0,0.5,0.05133765784916766,0.0
2.8000000000000003,TAKEOFF,0.0,0.0,0.449952204838808,0.0,0.0,0.5,0.05004779516119201,0.0
2.8080000000000003,TAKEOFF,0.0,0.0,0.4512222553304323,0.0,0.0,0.5,0.04877774466956769,0.0
2.816,TAKEOFF,0.0,0.0,0.4524726686531654,0.0,0.0,0.5,0.04752733134683462,0.0
2.824,TAKEOFF,0.0,0.0,0.4537036207271621,0.0,0.0,0.5,0.04629637927283792,0.0
2.832,TAKEOFF,0.0,0.0,0.45491528829054884,0.0,0.0,0.5,0.045084711709451164,0.0
2.84,TAKEOFF,0.0,0.0,0.4561078488264736,0.0,0.0,0.5,0.043892151173526406,0.0
2.848,TAKEOFF,0.0,0.0,0.45728148049190287,0.0,0.0,0.5,0.04271851950809713,0.0
2.856,TAKEOFF,0.0,0.0,0.45843636204813815,0.0,0.0,0.5,0.041563637951861854,0.0
2.864,TAKEOFF,0.0,0.0,0.45957267279302616,0.0,0.0,0.5,0.04042732720697384,0.0
2.872,TAKEOFF,0.0,0.0,0.46069059249483607,0.0,0.0,0.5,0.03930940750516393,0.0
2.88,TAKEOFF,0.0,0.0,0.46179030132777826,0.0,0.0,0.5,0.03820969867222174,0.0
2.888,TAKEOFF,0.0,0.0,0.46287197980913874,0.0,0.0,0.5,0.037128020190861255,0.0
2.896,TAKEOFF,0.0,0.0,0.46393580873800394,0.0,0.0,0.5,0.03606419126199606,0.0
2.904,TAKEOFF,0.0,0.0,0.4649819691355508,0.0,0.0,0.5,0.03501803086444921,0.0
2.912,TAKEOFF,0.0,0.0,0.46601064218687716,0.0,0.0,0.5,0.033989357813122845,0.0
2.92,TAKEOFF,0.0,0.0,0.4670220091843481,0.0,0.0,0.5,0.03297799081565189,0.0
2.928,TAKEOFF,0.0,0.0,0.4680162514724337,0.0,0.0,0.5,0.0319837485275663,0.0
2.936,TAKEOFF,0.0,0.0,0.46899355039401386,0.0,0.0,0.5,0.03100644960598614,0.0
2.944,TAKEOFF,0.0,0.0,0.469954087238127,0.0,0.0,0.5,0.030045912761873017,0.0
2.952,TAKEOFF,0.0,0.0,0.47089804318913847,0.0,0.0,0.5,0.02910195681086153,0.0
2.96,TAKEOFF,0.0,0.0,0.47182559927730544,0.0,0.0,0.5,0.02817440072269456,0.0
2.968,TAKEOFF,0.0,0.0,0.4727369363307153,0.0,0.0,0.5,0.027263063669284715,0.0
2.976,TAKEOFF,0.0,0.0,0.4736322349285742,0.0,0.0,0.5,0.026367765071425797,0.0
2.984,TAKEOFF,0.0,0.0,0.4745116753558241,0.0,0.0,0.5,0.025488324644175886,0.0
2.992,CIRCLE,0.0,0.0,0.47537543755906464,0.0,0.0,0.5,0.02462456244093536,0.0
3.0,CIRCLE,0.0,0.0,0.47622370110375856,0.002513263539409461,6.316533517125578e-06,0.5,0.02390876246735771,0.0
3.008,CIRCLE,0.0,0.0,0.47705650797274857,0.005026463578365355,2.5265974474109054e-05,0.5,0.023487652093784294,0.0
3.016,CIRCLE,8.7072678302835e-07,0.0,0.4778742059774948,0.007539536618018588,5.6847844091822974e-05,0.5,0.023374889865481353,-1.9069259122402083e-06
3.024,CIRCLE,4.476495147096838e-06,7.956812722576944e-08,0.4786769487048717,0.010052419162728815,0.00010106134441850712,0.5,0.023572099306273603,-3.2252083186924553e-06
3.032,CIRCLE,1.3275594073297346e-05,3.9696404937434473e-07,0.47946488793477576,0.012565047721668766,0.00015790535835003006,0.5,0.02406787526909419,-5.616049943348742e-06
3.04,CIRCLE,2.987277458084616e-05,1.1574164531998701e-06,0.48023817337686975,0.015077358810428402,0.00022737844965775578,0.5,0.02483964177353512,-9.174470730835807e-06
3.048,CIRCLE,5.672595713134618e-05,2.5814381333993537e-06,0.4809969476626838,0.017589288952618937,0.00030947886302540306,0.5,0.02585731906743088,-1.3734722389465452e-05
3.056,CIRCLE,9.602741336102855e-05,4.885172641457868e-06,0.4817413478493932,0.020100774681476623,0.0004042045240927883,0.5,0.0270874093918647,-1.8827766031707763e-05
3.064,CIRCLE,0.00014970125843284066,8.272899202265204e-06,0.4824715090787348,0.02261175254146633,0.0005115530395087275,0.5,0.028496403855892576,-2.4246458953008533e-05
3.072,CIRCLE,0.00021945044632833914,1.2937155042248186e-05,0.4831875666596789,0.0251221590898848,0.0006315216969912663,0.5,0.030053044096133442,-2.9896715375649282e-05
3.08,CIRCLE,0.000306808352226741,1.9061823137866044e-05,0.48388965656758814,0.027631930898463615,0.0007641074653961244,0.5,0.03172949070953025,-3.574790178594448e-05
3.088,CIRCLE,0.00041317555748073096,2.6825249966877067e-05,0.48457791544035483,0.030141004554971776,0.000909306994793635,0.5,0.033501690749854214,-4.175179234190671e-05
3.096,CIRCLE,0.0005398397348434015,3.64022358734234e-05,0.4852524806834821,0.03264931666481789,0.001067116616552899,0.5,0.035349260343636224,-4.783894301046695e-05
3.104,CIRCLE,0.0006879840621655526,4.7964873293107943e-05,0.4859134907762139,0.035156803852651915,0.0012375323434348773,0.5,0.037255125159189245,-5.392432452156103e-05
3.112,CIRCLE,0.0008586904792873415,6.168265841385547e-05,0.48656108566697404,0.037663402763966375,0.001420549869693033,0.5,0.03920507345875408,-5.992370244846071e-05
3.12,CIRCLE,0.0010529420660213696,7.772231629424789e-05,0.4871954071359315,0.040169050066697125,0.001616164571181966,0.5,0.04118730760934377,-6.576324222511464e-05
3.128,CIRCLE,0.0012716264129705814,9.62476177321738e-05,0.4878165990546169,0.04267368245282349,0.0018243715054743759,0.5,0.04319203532011971,-7.13836509313035e-05
3.136,CIRCLE,0.0015155402167411256,0.000117419297423871,0.48842480752632417,0.045177236639967804,0.0020451654119860163,0.5,0.04521111611582771,-7.673892571990336e-05
3.144,CIRCLE,0.0017853946102026497,0.00014139507552373405,0.48902018092489963,0.04767964937299433,0.0022785407121084233,0.5,0.04723776496221998,-8.179320595414989e-05
3.152,CIRCLE,0.0020818206488398,0.00016832974222320685,0.4896028698610876,0.050180857425607454,0.002524491509349913,0.5,0.0492663084901964,-8.651761687077537e-05
3.16,CIRCLE,0.0024053745646033004,0.00019837526394399853,0.49017302710230337,0.05268079760194919,0.0027830115894847407,0.5,0.05129198673137412,-9.088819854709915e-05
3.168,CIRCLE,0.002756542625863447,0.00023168088525342534,0.49073080746292747,0.055179406738195894,0.003054094420709863,0.5,0.053310792811536035,-9.488489067152146e-05
3.176,CIRCLE,0.003135745597225803,0.00026839321659457953,0.49127636767431304,0.05767662170415412,0.0033377331538101407,0.5,0.05531934358897673,-9.849119819113966e-05
3.184,CIRCLE,0.003543342860873229,0.00030865630797287396,0.4918098662390038,0.06017237940485576,0.0036339206223313103,0.5,0.05731477517781138,-0.00010169410503464345
3.192,CIRCLE,0.003979636268886073,0.00035261171263889594,0.49233146327183935,0.06266661678215213,0.003942649342761062,0.5,0.059294658338684365,-0.00010448397451274065
3.2,CIRCLE,0.004444873777073386,0.0004003985448385151,0.4928413203304241,0.06515927081630726,0.004263911514718222,0.5,0.06125692968895649,-0.00010685433981794024
3.208,CIRCLE,0.004939252888428802,0.0004521535342315408,0.4933396002377242,0.06765027852759015,0.004597699021149593,0.5,0.06319983551476206,-0.0001088016001627478
3.216,CIRCLE,0.005462923918825697,0.0005080110780988649,0.4938264668997197,0.07013957697786599,0.0049440034285353485,0.5,0.06512188564524873,-0.00011032467684457398
3.224,CIRCLE,0.006015993090453183,0.0005681032915397424,0.4943020851209037,0.0726271032721864,0.0053028159871019165,0.5,0.06702181538814021,-0.00011142467881837381
3.232,CIRCLE,0.0065985254571706104,0.0006325600555076985,0.4947666204200569,0.07511279456037853,0.005674127631042969,0.5,0.06889855394849187,-0.00011210460484289488
3.24,CIRCLE,0.007210547667219245,0.0007015090625274149,0.4952202388482777,0.07759658803863304,0.0060579289787489055,0.5,0.07075119808280775,-0.0001123690885978983
3.248,CIRCLE,0.007852050570348363,0.0007750758600586451,0.49566310681081616,0.0800784209510909,0.006454210333043275,0.5,0.07257898999898547,-0.0001122241811379056
3.2560000000000002,CIRCLE,0.008522991677389392,0.000853383891594295,0.4960953908939062,0.08255823059142903,0.006862961681428303,0.5,0.07438129871508285,-0.00011167716147799326
3.2640000000000002,CIRCLE,0.009223297480506574,0.000936554535649468,0.4965172576975088,0.08503595430444458,0.007284172696337632,0.5,0.07615760424910735,-0.00011073636748537429
3.2720000000000002,CIRCLE,0.009952865642016877,0.0010247071428182675,0.4969288736746654,0.08751152948763802,0.007717832735397334,0.5,0.07790748413741942,-0.00010941104224422372
3.2800000000000002,CIRCLE,0.010711567059113343,0.0011179590710654508,0.4973304049779865,0.08998489359279489,0.008163930841694589,0.5,0.07963060187823373,-0.00010771119362371352
3.2880000000000003,CIRCLE,0.011499247811258256,0.0012164257193996682,0.49772201731365834,0.09245598412756612,0.008622455744054958,0.5,0.08132669697481613,-0.00010564746621981613
3.2960000000000003,CIRCLE,0.012315730996529536,0.0013202205600552548,0.4981038758032237,0.09492473865704694,0.009093395857326714,0.5,0.0829955763148081,-0.00010323102531362952
3.3040000000000003,CIRCLE,0.013160818462817137,0.0014294551692943672,0.4984761448532865,0.09739109480535443,0.00957673928267383,0.5,0.08463710667120238,-0.00010047345240168163
3.3120000000000003,CIRCLE,0.014034292439450024,0.0015442392569305079,0.4988389880331962,0.0998549902572035,0.01007247380787657,0.5,0.08625120814962055,-9.738665161760447e-05
3.3200000000000003,CIRCLE,0.014935917074557485,0.0016646806946665365,0.49919256796068734,0.10231636275948132,0.01058058690763991,0.5,0.0878378484378606,-9.398276617504825e-05
3.3280000000000003,CIRCLE,0.015865439883209348,0.001790885543333653,0.49953704619538575,0.10477515012282027,0.011101065743910121,0.5,0.08939703773886463,-9.027410390260882e-05
3.336,CIRCLE,0.01682259311112837,0.0019229580791116836,0.4998725831400384,0.10723129022316905,0.011633897166199225,0.5,0.0909288242885942,-8.627307098202898e-05
3.344,CIRCLE,0.017807095018522744,0.0020610008188050167,0.5001993379492797,0.10968472100336282,0.012179067711917013,0.5,0.09243329037679916,-8.199211308740397e-05
3.352,CIRCLE,0.018818651088349066,0.002205114544242698,0.5005174684457148,0.11213538047469047,0.012736563606711382,0.5,0.09391054880209868,-7.744366323002351e-05
3.36,CIRCLE,0.019856955163088788,0.0023553983258656386,0.5008271310430715,0.11458320671846121,0.013306370764816389,0.5,0.0953607397037836,-7.264009568351036e-05
3.368,CIRCLE,0.02092169051390482,0.0025119495455586042,0.501128480676156,0.11702813788756902,0.013888474789407912,0.5,0.09678402772176452,-6.759368545383437e-05
3.376,CIRCLE,0.02201253084584113,0.0026748639187798443,0.5014216707373281,0.11947011220805517,0.014482860972967582,0.5,0.09818059944352374,-6.231657278251362e-05
3.384,CIRCLE,0.02312914124253487,0.0028442355160366905,0.5017068530192078,0.12190906798066911,0.015089514297654538,0.5,0.099550661103078,-5.68207322295647e-05
3.392,CIRCLE,0.02427117905372818,0.0030201567837513403,0.5019841776633133,0.12434494358242727,0.015708419435684406,0.5,0.10089443650206657,-5.111794590960824e-05
3.4,CIRCLE,0.025438294728693817,0.0032027185645572475,0.5022537931143329,0.12677767746817015,0.01633956074971704,0.5,0.10221216512733738,-4.52197804913089e-05
3.408,CIRCLE,0.02663013259852504,0.0033920101170630615,0.5025158460797322,0.1292072081721172,0.016982922293251435,0.5,0.10350410044296895,-3.913756760018476e-05
3.416,CIRCLE,0.027846331610084565,0.003588119135117874,0.5027704814943981,0.13163347430942,0.017638487811028558,0.5,0.10477050833766165,-3.288238729394648e-05
3.424,CIRCLE,0.029086526014260143,0.0037911317666086174,0.5030178424900309,0.13405641457771297,0.018306240739442037,0.5,0.10601166571095641,-2.6465054312975702e-05
3.432,CIRCLE,0.03035034601103433,0.004001132631817788,0.5032580703689981,0.1364759677586625,0.018986164206957035,0.5,0.1072278591838796,-1.9896106827877687e-05
3.44,CIRCLE,0.03163741835374358,0.0042182048413672455,0.5034913045823719,0.13889207271951348,0.019678241034535915,0.5,0.1084193839214268,-1.318579743539387e-05
3.448,CIRCLE,0.03294736691477606,0.004442430013771596,0.5037176827118834,0.1413046684146341,0.020382453736072836,0.5,0.10958654255584897,-6.3440861739543695e-06
3.456,CIRCLE,0.03427981321483853,0.004673888292622666,0.5039373404555317,0.14371369388705807,0.02109878451883529,0.5,0.11072964420102778,6.193646517106022e-07
3.464,CIRCLE,0.03563437691780963,0.0049126583634247194,0.5041504116165995,0.1461190882700248,0.021827215283913626,0.5,0.11184900354936544,7.695194024637756e-06
3.472,CIRCLE,0.03701067629309011,0.0051588174700983825,0.5043570280958356,0.14852079078851732,0.02256772762667847,0.5,0.11294494004359411,1.4874344326259964e-05
3.48,CIRCLE,0.03840832864725896,0.0054124414311697375,0.5045573198865757,0.15091874076079784,0.023320302837245732,0.5,0.11401777711675562,2.214806215848731e-05
3.488,CIRCLE,0.039826950726748404,0.00567360465565964,0.504751415072582,0.15331287759994083,0.02408492190094924,0.5,0.11506784149433862,2.9507898024262182e-05
3.496,CIRCLE,0.04126615909315957,0.00594238015868708,0.5049394398283952,0.155703140815364,0.024861565498821236,0.5,0.11609546255319729,3.6945704996991605e-05
3.504,CIRCLE,0.042725570472754416,0.006218839576799238,0.5051215184220011,0.1580894700143564,0.02565021400808043,0.5,0.1171009717324343,4.4453636499803374e-05
3.512,CIRCLE,0.04420480208157771,0.006503053183039893,0.5052977732196265,0.1604718049036046,0.026450847502627828,0.5,0.1180847019919193,5.202414330112768e-05
3.52,CIRCLE,0.045703471927585185,0.006795089901766856,0.5054683246924851,0.16285008529071593,0.02726344575355022,0.5,0.11904698731454115,5.964996982976967e-05
3.528,CIRCLE,0.047221199091080863,0.007095017323228305,0.5056332914253102,0.1652242510857392,0.028087988229631322,0.5,0.11998816224867184,6.732414989397505e-05
3.536,CIRCLE,0.04875760398469666,0.007402901717907082,0.5057927901265152,0.16759424230268322,0.02892445409787031,0.5,0.12090856148765192,7.504000189063378e-05
3.544,CIRCLE,0.0503123085940816,0.007718808050641359,0.5059469356398362,0.16995999906103207,0.029772822224008455,0.5,0.12180851948340321,8.279112357534814e-05
3.552,CIRCLE,0.05188493670040552,0.008042799994529417,0.5060958409573161,0.1723214615872584,0.03063307117306291,0.5,0.12268837009153763,9.057138646143371e-05
3.56,CIRCLE,0.05347511408572282,0.008374939944625733,0.5062396172335034,0.17467857021633337,0.03150517920986845,0.5,0.1235484462455633,9.837492990777181e-05
3.568,CIRCLE,0.05508246872218597,0.00871528903143505,0.506378373800742,0.17703126539323435,0.032389124299626426,0.5,0.12438907965799954,0.00010619615495054365
3.576,CIRCLE,0.05670663094604507,0.009063907134210623,0.50651221818544,0.1793794876744496,0.033284884108461754,0.5,0.12521060054639802,0.00011402971792638703
3.584,CIRCLE,0.05834723361731967,0.009420852894062448,0.5066412561252114,0.18172317772948016,0.03419243600398697,0.5,0.12601333738243545,0.0001218705239335865
3.592,CIRCLE,0.06000391226598129,0.00978618372688085,0.5067655915867921,0.18406227634233885,0.035111757055874215,0.5,0.12679761666239464,0.00012971372016835098
3.6,CIRCLE,0.06167630522543981,0.010159955836080491,0.506885326784639,0.1863967244130465,0.036042824036434606,0.5,0.1275637626974859,0.00013755468917293955
3.608,CIRCLE,0.06336405375408433,0.010542224225169554,0.5070005622001266,0.1887264629591252,0.03698561342120488,0.5,0.12831209742258506,0.00014538904202856577
3.616,CIRCLE,0.06506680214558831,0.010933042710148515,0.5071113966012619,0.19105143311708853,0.03794010138954207,0.5,0.12904294022207388,0.00015321261151884268
3.624,CIRCLE,0.06678419782865067,0.011332463931742734,0.5072179270628467,0.19337157614392875,0.038906263825225273,0.5,0.12975660777157258,0.00016102144529139814
3.632,CIRCLE,0.06851589145680775,0.0117405393674728,0.5073202489870158,0.19568683341860107,0.039884076317064754,0.5,0.13045341389444265,0.00016881179903826133
3.64,CIRCLE,0.07026153698891724,0.012157319343566382,0.5074184561240926,0.1979971464435048,0.04087351415951912,0.5,0.13113366943202556,0.00017658012971648936
3.648,CIRCLE,0.07202079176088168,0.012582853046715121,0.5075126405937026,0.20030245684596132,0.04187455235331905,0.5,0.13179768212665652,0.0001843230888257184
3.656,CIRCLE,0.07379331654914903,0.013017188535679944,0.5076028929060913,0.2026027063796889,0.04288716560609945,0.5,0.1324457565165637,0.00019203751575682147
3.664,CIRCLE,0.07557877562649805,0.013460372752747978,0.5076893019835998,0.20489783692627447,0.04391132833303801,0.5,0.13307819384182792,0.0001997204312272812
3.672,CIRCLE,0.07737683681058856,0.013912451535044152,0.5077719551822519,0.20718779049664193,0.044947014657502116,0.5,0.1336952919606351,0.00020736903081318246
3.68,CIRCLE,0.07918717150573056,0.01437346962570037,0.5078509383134123,0.2094725092325173,0.04599419841170205,0.5,0.1342973452751087,0.00021498067858816597
3.688,CIRCLE,0.08100945473830112,0.014843470684885075,0.5079263356654788,0.2117519354078908,0.04705285313735286,0.5,0.13488464466605982,0.00022255290087825857
3.696,CIRCLE,0.0828433651862145,0.015322497300695855,0.5079982300255743,0.214026011430475,0.04812295208634221,0.5,0.13545747743603537,0.00023008338013973998
3.704,CIRCLE,0.08468858520282853,0.01581059099991766,0.5080667027012074,0.21629467984316025,0.049204468221406616,0.5,0.13601612726009185,0.00023756994896501632
3.712,CIRCLE,0.08654480083564933,0.01630779225864912,0.508131833541874,0.2185578833254663,0.050297374216814406,0.5,0.13656087414375614,0.00024501058422324946
3.72,CIRCLE,0.08841170184017624,0.016814140512799326,0.5081937009605743,0.22081556469499053,0.05140164245905621,0.5,0.13709199438767428,0.00025240340133832195
3.728,CIRCLE,0.09028898168920993,0.01732967416845734,0.5082523819552217,0.22306766690885274,0.052517245047542516,0.5,0.13760976055848112,0.00025974664870697566
3.736,CIRCLE,0.09217633757792884,0.01785443061213671,0.5083079521299242,0.2253141330651365,0.05364415379530879,0.5,0.1381144414654555,0.00026703870226148306
3.744,CIRCLE,0.0940734704250219,0.01838844622089705,0.5083604857161177,0.2275549064043267,0.0547823402297275,0.5,0.13860630214255282,0.00027427806017584074
3.7520000000000002,CIRCLE,0.09598008487014952,0.018931756372344823,0.5084100555935374,0.22978993031074377,0.05593177559322765,0.5,0.1390856038354359,0.0002814633377178583
3.7600000000000002,CIRCLE,0.09789588926798957,0.019484395454515285,0.5084567333110097,0.23201914831397402,0.057092430844021214,0.5,0.13955260399314703,0.00028859326224827444
3.7680000000000002,CIRCLE,0.09982059567911071,0.02004639687563756,0.5085005891070544,0.2342425040902965,0.05826427665683703,0.5,0.14000755626409028,0.00029566666836455715
3.7760000000000002,CIRCLE,0.10175391985790139,0.02061779307378471,0.5085416919302828,0.2364599414641061,0.05944728342366162,0.5,0.14045071049601113,0.00030268249319185674
3.7840000000000003,CIRCLE,0.10369558123777067,0.021198615526410655,0.5085801094595841,0.23867140440933285,0.060641421254487515,0.5,0.14088231273968382,0.00030963977181641813
3.7920000000000003,CIRCLE,0.1056453029138239,0.021788894759775707,0.5086159081240903,0.2408768370508575,0.0618466599780681,0.5,0.141302605256033,0.0003165376328643095
3.8000000000000003,CIRCLE,0.1076028116232053,0.022388660358262463,0.5086491531229123,0.24307618366592318,0.06306296914268028,0.5,0.141711826526435,0.0003233752942216874
3.8080000000000003,CIRCLE,0.10956783772328825,0.02299794097358372,0.5086799084446403,0.24526938868554354,0.06429031801689356,0.5,0.14211021126595993,0.0003301520588927809
3.8160000000000003,CIRCLE,0.11154011516788381,0.023616764333884092,0.5087082368866045,0.24745639669590647,0.06552867559034675,0.5,0.1424979904393305,0.0003368673109992326
3.8240000000000003,CIRCLE,0.11351938148162807,0.0242451572527369,0.5087342000738899,0.24963715243977436,0.06677801057453137,0.5,0.1428753912793886,0.0003435205119119551
3.8320000000000003,CIRCLE,0.11550537773269971,0.024883145638037903,0.5087578584781035,0.25181160081788023,0.06803829140358225,0.5,0.1432426373078731,0.00035011119651796353
3.84,CIRCLE,0.1174978485040103,0.0255307545007974,0.5087792714358895,0.2539796868903198,0.06930948623507494,0.5,0.14359994835832487,0.00035663896961759346
3.848,CIRCLE,0.11949654186300145,0.026188007963832194,0.508798497167192,0.2561413558779398,0.07059156295083047,0.5,0.14394754060094792,0.00036310350244984376
3.856,CIRCLE,0.12150120933017525,0.026854929270358836,0.5088155927932625,0.25829655316372163,0.0718844891577266,0.5,0.14428562656926308,0.00036950452933680664
3.864,CIRCLE,0.12351160584647687,0.027531540792489664,0.5088306143544115,0.2604452242941619,0.0731882321885165,0.5,0.1446144151884056,0.0003758418444679439
3.872,CIRCLE,0.12552748973964079,0.028217864039632872,0.5088436168275055,0.2625873149806476,0.07450275910265391,0.5,0.14493411180492302,0.00038211529878074384
3.88,CIRCLE,0.12754862268960607,0.02891391966679808,0.5088546541432077,0.2647227711008283,0.07582803668712562,0.5,0.1452449182179426,0.00038832479697210626
3.888,CIRCLE,0.12957476969309933,0.029619727482808715,0.5088637792029642,0.26685153869998346,0.0771640314572905,0.5,0.14554703271158176,0.0003944702946213808
3.896,CIRCLE,0.13160569902747826,0.030335306458422494,0.5088710438957357,0.26897356399238537,0.0785107096577255,0.5,0.1458406500884868,0.00040055179541939807
3.904,CIRCLE,0.13364118221392274,0.03106067473436124,0.5088764991144775,0.2710887933626586,0.07986803726307878,0.5,0.1461259617043908,0.0004065693485108237
3.912,CIRCLE,0.13568099398005534,0.031795849629251326,0.5088801947723688,0.2731971733671343,0.08123597997892895,0.5,0.1464031555035874,0.00041252304593556707
3.92,CIRCLE,0.13772491222206798,0.032540847647475966,0.5088821798187922,0.27529865073520055,0.08261450324265213,0.5,0.14667241605522646,0.00041841302017366636
3.928,CIRCLE,0.13977271796642668,0.033295684486940494,0.5088825022550686,0.2773931723706484,0.08400357222429455,0.5,0.14693392459034052,0.0004242394417888918
3.936,CIRCLE,0.1418241953312218,0.03406037504675186,0.5088812091499455,0.2794806853530135,0.08540315182745317,0.5,0.1471878590395201,0.0004300025171678654
3.944,CIRCLE,0.14387913148722678,0.03483493343481349,0.5088783466548462,0.28156113693891294,0.08681320669016207,0.5,0.14743439407115777,0.0004357024863490156
3.952,CIRCLE,0.14593731661872486,0.03561937297533653,0.5088739600188787,0.283634474563378,0.0882337011857861,0.5,0.14767370113018877,0.00044133962094463936
3.96,CIRCLE,0.14799854388415848,0.03641370621626878,0.5088680936036101,0.28570064584118227,0.08966459942392085,0.5,0.14790594847725946,0.0004469142221482526
3.968,CIRCLE,0.15006260937665358,0.037217944936642176,0.5088607908976068,0.2877595985681653,0.0911058652512996,0.5,0.1481313012282592,0.0004524266188247764
3.976,CIRCLE,0.15212931208446664,0.03803210015384008,0.508852094530747,0.28981128072255136,0.09255746225270672,0.5,0.1483499213941563,0.00045787716568282784
3.984,CIRCLE,0.15419845385139974,0.03885618213078525,0.5088420462883051,0.29185564046626417,0.09401935375189774,0.5,0.1485619679210815,0.00046326624152557877
3.992,CIRCLE,0.1562698393372254,0.03969020038304966,0.5088306871248146,0.2938926261462363,0.09549150281252611,0.5,0.14876759673060772,0.0004685942475773807
4.0,CIRCLE,0.15834327597816053,0.04053416368588711,0.5088180571777103,0.2959221862957145,0.09697387223907622,0.5,0.14896696076017613,0.00047386160588328675
4.008,CIRCLE,0.16041857394742565,0.04138808008118956,0.5088041957807548,0.2979442696355599,0.09846642457780347,0.5,0.14916021000362434,0.00047906875777779963
4.016,CIRCLE,0.1624955461159234,0.042251956884368315,0.5087891414772517,0.2999588250755437,0.09996912211768033,0.5,0.14934749155177326,0.0004842161624255586
4.024,CIRCLE,0.16457400801306762,0.04312580069116085,0.5087729320330505,0.3019658017156382,0.10148192689134927,0.5,0.14952894963303445,0.0004893042954248625
4.032,CIRCLE,0.16665377778779208,0.044009617384364354,0.5087556044493436,0.30396514884730247,0.10300480067608214,0.5,0.14970472565399962,0.0004943336474732368
4.04,CIRCLE,0.1687346761697659,0.044903412140496785,0.5087371949752629,0.30595681595476376,0.10453770499474563,0.5,0.1498749582399794,0.0004993047230994319
4.048,CIRCLE,0.17081652643084053,0.045807189436386495,0.508717739120276,0.30794075271629395,0.10608060111677375,0.5,0.15003978327545955,0.0005042180394479286
4.056,CIRCLE,0.17289915434675138,0.046720953055691176,0.5086972716663867,0.3099169090054809,0.10763345005914626,0.5,0.15019933394444415,0.0005090741251257897
4.064,CIRCLE,0.17498238815909511,0.047644706095347135,0.5086758266801444,0.31188523489249487,0.10919621258737355,0.5,0.1503537407706593,0.0005138735190989942
4.072,CIRCLE,0.17706605853760227,0.04857845097194967,0.5086534375244633,0.31384568064535,0.11076884921648811,0.5,0.1505031316575916,0.0005186167696483452
4.08,CIRCLE,0.17914999854272293,0.049522189428065466,0.5086301368702566,0.31579819673116116,0.11235132021204192,0.5,0.15064763192833824,0.0005233044333644473
4.088,CIRCLE,0.181234043588542,0.050475922538477824,0.5086059567078884,0.3177427338173951,0.11394358559111079,0.5,0.15078736436524637,0.00052793707420592
4.096,CIRCLE,0.1833180314060388,0.051439650716365554,0.5085809283584467,0.31967924277311716,0.11554560512330408,0.5,0.1509224492493224,0.0005325152625918486
4.104,CIRCLE,0.1854018020067047,0.05241337371941638,0.50855508248484,0.3216076746702324,0.11715733833178155,0.5,0.15105300439939195,0.0005370395745470497
4.112,CIRCLE,0.1874851976465311,0.05339709065587563,0.5085284491027223,0.3235279807847219,0.11877874449427583,0.5,0.15117914521099438,0.0005415105908862511
4.12,CIRCLE,0.18956806279037886,0.05439079999053103,0.5085010575912475,0.32544011259787403,0.12040978264412155,0.5,0.15130098469499542,0.0005459288964419633
4.128,CIRCLE,0.19165024407673928,0.05539449955063435,0.5084729367036578,0.32734402179751004,0.12205041157128999,0.5,0.15141863351590357,0.0005502950793316814
4.136,CIRCLE,0.19373159028289538,0.05640818653176077,0.5084441145777086,0.32923966027920476,0.12370058982343085,0.5,0.15153220002987788,0.0005546097302631119
4.144,CIRCLE,0.19581195229049173,0.05743185750360663,0.5084146187459331,0.3311269801475022,0.1253602757069191,0.5,0.1516417903224142,0.0005588734418766091
4.152,CIRCLE,0.19789118305151962,0.05846550841572634,0.5083844761457488,0.33300593371712556,0.12702942728790872,0.5,0.15174750824569969,0.000563086808122051
4.16,CIRCLE,0.1999691375547239,0.05950913460320926,0.5083537131294095,0.33487647351418204,0.12870800239339208,0.5,0.1518494554556248,0.0005672504236710214
4.168,CIRCLE,0.20204567279243674,0.060562730792297195,0.5083223554738052,0.33673855227736227,0.1303959586122655,0.5,0.15194773144844462,0.0005713648833602913
4.176,CIRCLE,0.2041206477278429,0.06162629110594332,0.5082904283901134,0.33859212295913466,0.13209325329640093,0.5,0.15204243359708133,0.0005754307816666775
4.184,CIRCLE,0.2061939232626805,0.0626998090693132,0.5082579565333023,0.3404371387269339,0.1337998435617232,0.5,0.15213365718705957,0.0005794487122115746
4.192,CIRCLE,0.20826536220538003,0.06378327761522862,0.5082249640114916,0.3422735529643441,0.135515686289294,0.5,0.15222149545206934,0.0005834192672949971
4.2,CIRCLE,0.21033482923964494,0.0648766890895549,0.5081914743951712,0.344101319272277,0.13724073812640086,0.5,0.15230603960915023,0.0005873430374539458
4.208,CIRCLE,0.21240219089347478,0.06598003525653255,0.5081575107262805,0.3459203914701441,0.13897495548765276,0.5,0.15238737889349196,0.0005912206110541107
4.216,CIRCLE,0.21446731550863304,0.06709330730405363,0.5081230955271522,0.3477307235970232,0.14071829455608148,0.5,0.1524656005928462,0.0005950525738992166
4.224,CIRCLE,0.21653007321056023,0.06821649584888387,0.5080882508093214,0.3495322699128202,0.1424707112842482,0.5,0.1525407900815472,0.0005988395088624018
4.232,CIRCLE,0.2185903358787327,0.06934959094183088,0.5080529980822031,0.3513249848994244,0.1442321613953571,0.5,0.15261303085413608,0.0006025819955551828
4.24,CIRCLE,0.22064797711746698,0.07049258207285944,0.5080173583616397,0.35310882326185844,0.1460026003843734,0.5,0.1526824045585878,0.0006062806100013948
4.248,CIRCLE,0.22270287222716936,0.07164545817615418,0.5079813521783227,0.3548837399294232,0.14778198351914829,0.5,0.1527489910291375,0.0006099359243402337
4.256,CIRCLE,0.2247548981760298,0.07280820763513063,0.5079449995860874,0.35664969005683617,0.14957026584154892,0.5,0.15281286831870444,0.0006135485065515778
4.264,CIRCLE,0.2268039335721587,0.07398081828739497,0.507908320170086,0.3584066290253647,0.15136740216859434,0.5,0.15287411273091261,0.0006171189201969523
4.272,CIRCLE,0.22884985863616514,0.07516327742965345,0.5078713330548394,0.3601545124439532,0.15317334709359726,0.5,0.1529327988517069,0.0006206477241742673
4.28,CIRCLE,0.23089255517417484,0.07635557182257177,0.5078340569121702,0.36189329615034493,0.15498805498731105,0.5,0.15298899958056375,0.0006241354725031787
4.288,CIRCLE,0.2329319065512853,0.0775576876955853,0.5077965099690184,0.3636229362121977,0.15681147999908274,0.5,0.15304278616129674,0.0006275827141135261
4.296,CIRCLE,0.23496779766545584,0.0787696107516606,0.5077587100151426,0.36534338892819374,0.1586435760580115,0.5,0.15309422821245652,0.0006309899926590891
4.304,CIRCLE,0.23700011492182999,0.07999132617200899,0.5077206744107082,0.36705461082914403,0.16048429687411275,0.5,0.15314339375732625,0.0006343578463405696
4.312,CIRCLE,0.23902874620748685,0.08122281862075258,0.507682420093764,0.36875655867908674,0.16233359593948754,0.5,0.15319034925351227,0.0006376868077473199
4.32,CIRCLE,0.24105358086661877,0.08246407224954352,0.507643963587609,0.37044918947637917,0.1641914265294977,0.5,0.15323515962213155,0.0006409774037102404
4.328,CIRCLE,0.24307450967613164,0.0837150707021371,0.5076053210080526,0.37213246045478476,0.16605774170394655,0.5,0.1532778882765972,0.0006442301551701596
4.336,CIRCLE,0.2450914248216644,0.084975797118919,0.5075665080705676,0.37380632908455325,0.16793249430826462,0.5,0.1533185971510025,0.0006474455770587722
4.344,CIRCLE,0.24710421987402412,0.08624623414138767,0.5075275400973397,0.3754707530734954,0.1698156369747013,0.5,0.1533573467281065,0.0006506241781850144
4.352,CIRCLE,0.24911278976603263,0.08752636391659205,0.5074884320242136,0.37712569036805166,0.17170712212352152,0.5,0.15339419606692162,0.000653766461147065
4.36,CIRCLE,0.2511170307697809,0.08881616810152547,0.5074491984075383,0.3787710991543544,0.17360690196420786,0.5,0.1534292028299061,0.0006568729222394121
4.368,CIRCLE,0.2531168404742871,0.09011562786747615,0.5074098534309132,0.38040693785928464,0.17551492849666822,0.5,0.15346242330976304,0.0006599440513781965
4.376,CIRCLE,0.2551121177635537,0.09142472390433483,0.5073704109118349,0.38203316515152236,0.17743115351244837,0.5,0.15349391245584845,0.0006629803320410839
4.384,CIRCLE,0.25710276279502,0.09274343642486024,0.5073308843082491,0.3836497399425907,0.17935552859595022,0.5,0.1535237239001911,0.0006659822412043822
4.392,CIRCLE,0.25908867697840504,0.0940717451689028,0.5072912867250059,0.3852566213878944,0.18128800512565485,0.5,0.1535519099831259,0.0006689502492993335
4.4,CIRCLE,0.26106976295493695,0.09540962940758717,0.5072516309202217,0.3868537688877513,0.18322853427535124,0.5,0.15357852177854425,0.0006718848201741049
4.408,CIRCLE,0.2630459245769634,0.09675706794745416,0.5072119293115496,0.38844114208841857,0.18517706701536968,0.5,0.15360360911876425,0.0006747864110571037
4.416,CIRCLE,0.2650170668879396,0.09811403913456257,0.5071721939823571,0.39001870088311213,0.18713355411382077,0.5,0.15362722061902315,0.0006776554725420591
4.424,CIRCLE,0.26698309610278814,0.09948052085855141,0.507132436687816,0.3915864054130199,0.18909794613783915,0.5,0.15364940370159502,0.0006804924485645355
4.432,CIRCLE,0.268943919588627,0.10085649055666315,0.5070926688609024,0.39314421606830924,0.19107019345483256,0.5,0.15367020461953762,0.00068329777639881
4.44,CIRCLE,0.27089944584585984,0.10224192521772835,0.5070529016183098,0.3946920934891271,0.19305024623373584,0.5,0.1536896684800704,0.0006860718866488621
4.448,CIRCLE,0.2728495844896246,0.1036368013861123,0.5070131457662772,0.396229998566595,0.19503805444627015,0.5,0.15370783926758827,0.0006888152032561757
4.456,CIRCLE,0.2747942462315954,0.10504109516562415,0.5069734118063312,0.3977578924437973,0.19703356786820658,0.5,0.15372475986631304,0.0006915281435078988
4.464,CIRCLE,0.2767333428621328,0.10645478222338912,0.5069337099409453,0.39927573651676224,0.1990367360806355,0.5,0.1537404720825867,0.0006942111180486989
4.472,CIRCLE,0.2786667872327779,0.107877837793684,0.5068940500791168,0.40078349243543804,0.20104750847124025,0.5,0.15375501666681013,0.0006968645309055764
4.48,CIRCLE,0.28059449323908464,0.1093102366817368,0.5068544418418619,0.4022811221046616,0.20306583423557611,0.5,0.15376843333503015,0.0006994887795044857
4.488,CIRCLE,0.28251637580378675,0.11075195326749078,0.5068148945676311,0.4037685876851208,0.2050916623783537,0.5,0.15378076079017847,0.000702084254707767
4.496,CIRCLE,0.28443235086029306,0.11220296150933351,0.5067754173176454,0.4052458515943109,0.20712494171472756,0.5,0.15379203674296665,0.0007046513408428019
4.5040000000000004,CIRCLE,0.28634233533650744,0.11366323494779125,0.5067360188811545,0.40671287650748394,0.20916562087158935,0.5,0.15380229793244016,0.0007071904157402553
4.5120000000000005,CIRCLE,0.288246247138968,0.11513274670918934,0.5066967077806179,0.40816962535859175,0.2112136482888659,0.5,0.15381158014619514,0.0007097018507722528
4.5200000000000005,CIRCLE,0.2901440051373009,0.1166114695092789,0.5066574922768102,0.4096160613412226,0.21326897222082197,0.5,0.15381991824026162,0.0007121860109028891
4.5280000000000005,CIRCLE,0.2920355291489838,0.11809937565683039,0.5066183803738513,0.411052147909531,0.2153315407373675,0.5,0.15382734615865684,0.0007146432547336371
4.5360000000000005,CIRCLE,0.29392073992441464,0.11959643705719442,0.5065793798241627,0.4124778487791611,0.21740130172536976,0.5,0.15383389695261215,0.0007170739345521159
4.5440000000000005,CIRCLE,0.2957995591322802,0.12110262521583046,0.5065404981333506,0.41389312792816374,0.21947820288997028,0.5,0.153839602799478,0.0007194783963880907
4.5520000000000005,CIRCLE,0.29767190934522025,0.12261791124180357,0.5065017425650173,0.4152979495979061,0.2215621917559057,0.5,0.15384449502130898,0.0007218569800702439
4.5600000000000005,CIRCLE,0.299537714025783,0.12414226585124992,0.5064631201455017,0.41669227829397554,0.22365321566883395,0.5,0.15384860410313436,0.000724210019284656
4.5680000000000005,CIRCLE,0.3013968975126661,0.12567565937081132,0.506424637668548,0.41807607878707637,0.22575122179666446,0.5,0.15385195971091709,0.0007265378416403421
4.5760000000000005,CIRCLE,0.3032493850072392,0.12721806174103933,0.5063863016999074,0.41944931611391967,0.2278561571308932,0.5,0.15385459070920454,0.0007288407687251175
4.5840000000000005,CIRCLE,0.3050951025603439,0.12876944251976935,0.5063481185818697,0.42081195557810713,0.22996796848794182,0.5,0.15385652517847587,0.0007311191161773561
4.5920000000000005,CIRCLE,0.30693397705936537,0.13032977088546505,0.5063100944377277,0.4221639627510073,0.23208660251050134,0.5,0.15385779043218784,0.0007333731937524624
4.6000000000000005,CIRCLE,0.30876593621557225,0.13189901564053366,0.506272235176175,0.42350530347262577,0.23421200566888062,0.5,0.15385841303352535,0.0007356033053900899
4.6080000000000005,CIRCLE,0.3105909085517197,0.1334771452146125,0.5062345464956381,0.424835943852468,0.23634412426235846,0.5,0.15385841881185733,0.000737809749287347
4.616,CIRCLE,0.3124088233899114,0.13506412766782722,0.5061970338885433,0.42615585027039554,0.23848290442054038,0.5,0.15385783287890437,0.0007399928179701966
4.624,CIRCLE,0.3142196108397157,0.13665993069402188,0.5061597026455188,0.4274649893774763,0.2406282921047207,0.5,0.15385667964462116,0.0007421527983694754
4.632,CIRCLE,0.3160232017865326,0.13826452162396183,0.5061225578595342,0.42876332809682577,0.24278023310924618,0.5,0.15385498283279422,0.000744289971882514
4.64,CIRCLE,0.3178195278802058,0.13987786742850936,0.506085604429977,0.43005083362444396,0.24493867306288708,0.5,0.15385276549636448,0.000746404614473134
4.648,CIRCLE,0.31960852152387675,0.14149993472177247,0.5060488470666669,0.4313274734300435,0.24710355743021,0.5,0.15385005003247268,0.0007484969967266246
4.656,CIRCLE,0.32139011586307586,0.14313068976422744,0.5060122902938096,0.432593215257872,0.24927483151295632,0.5,0.15384685819723518,0.0007505673839366055
4.664,CIRCLE,0.3231642447750469,0.14477009846581548,0.5059759384538896,0.4338480271275266,0.251452440451424,0.5,0.15384321112025096,0.0007526160361792736
4.672,CIRCLE,0.3249308428583005,0.14641812638901383,0.5059397957115036,0.4350918773347625,0.25363632922585366,0.5,0.15383912931884522,0.0007546432083975637
4.68,CIRCLE,0.32668984542239243,0.14807473875188157,0.5059038660571353,0.43632473445229353,0.2558264426578186,0.5,0.15383463271205236,0.0007566491504748611
4.688,CIRCLE,0.32844118847792325,0.14973990043108085,0.5058681533108716,0.4375465673305865,0.2580227254116194,0.5,0.1538297406343423,0.000758634107318972
4.696,CIRCLE,0.3301848087267545,0.15141357596487354,0.5058326611260616,0.4387573450986481,0.2602251219956815,0.5,0.15382447184909256,0.0007605983189391927
4.704,CIRCLE,0.3319206435524381,0.15309572955609388,0.5057973929929184,0.4399570371648049,0.2624335767639575,0.5,0.15381884456181147,0.0007625420205289704
4.712,CIRCLE,0.333648631010855,0.15478632507509746,0.5057623522420653,0.4411456132174763,0.26464803391733316,0.5,0.1538128764331142,0.0007644654425461481
4.72,CIRCLE,0.335368709821059,0.15648532606268686,0.5057275420480268,0.44232304322594046,0.2668684375050371,0.5,0.15380658459145619,0.0007663688107908498
4.728,CIRCLE,0.33708081935632234,0.15819269573301437,0.5056929654326642,0.4434892974410929,0.26909473142605467,0.5,0.15379998564562672,0.0007682523464901773
4.736,CIRCLE,0.3387848996353792,0.15990839697646195,0.5056586252685572,0.4446443463961982,0.2713268594305451,0.5,0.15379309569700636,0.000770116266378831
4.744,CIRCLE,0.3404808913138632,0.1616323923624992,0.5056245242823332,0.44578816090763473,0.27356476512126304,0.5,0.15378593035159194,0.0007719607827751702
4.752,CIRCLE,0.3421687356759355,0.16336464414251922,0.5055906650579421,0.44692071207563155,0.27580839195498325,0.5,0.1537785047317914,0.0007737861036673845
4.76,CIRCLE,0.3438483746260999,0.16510511425265284,0.5055570500398809,0.4480419712849992,0.2780576832439294,0.5,0.15377083348799345,0.0007755924327911177
4.768,CIRCLE,0.3455197506812019,0.1668537643165618,0.5055236815363652,0.44915191020585193,0.2803125821572061,0.5,0.15376293080991338,0.0007773799697107043
4.776,CIRCLE,0.3471828069626068,0.1686105556482109,0.5054905617224504,0.4502505007943244,0.28257303172223525,0.5,0.15375481043772027,0.0007791489098993881
4.784,CIRCLE,0.34883748718855545,0.17037544925461962,0.5054576926431038,0.4513377152932793,0.28483897482619497,0.5,0.15374648567294702,0.0007808994448146901
4.792,CIRCLE,0.3504837356666926,0.17214840583859345,0.5054250762162249,0.45241352623300946,0.28711035421746306,0.5,0.1537379693891881,0.0007826317619886075
4.8,CIRCLE,0.35212149728676534,0.17392938580143535,0.5053927142356189,0.4534779064319315,0.2893871125070633,0.5,0.15372927404258707,0.0007843460450923195
4.808,CIRCLE,0.3537507175134882,0.1757183492456376,0.5053606083739205,0.45453082899727243,0.29166919217011544,0.5,0.15372041168211678,0.0007860424740249007
4.816,CIRCLE,0.35537134237957174,0.17751525597755416,0.5053287601854698,0.4555722673257497,0.29395653554728884,0.5,0.15371139395965722,0.0007877212249882077
4.824,CIRCLE,0.35698331847891135,0.1793200655100544,0.5052971711091419,0.4566021951042428,0.296249084846259,0.5,0.15370223213987186,0.0007893824705629194
4.832,CIRCLE,0.358586592959933,0.18113273706515776,0.5052658424711293,0.4576205863104585,0.29854678214316804,0.5,0.15369293710988707,0.0007910263797898933
4.84,CIRCLE,0.3601811135190936,0.18295322957665036,0.5052347754876781,0.45862741521358796,0.30084956938408797,0.5,0.153683519388777,0.0007926531182390016
4.848,CIRCLE,0.3617668283945319,0.18478150169268331,0.505203971267779,0.45962265637495714,0.30315738838648765,0.5,0.153673989136857,0.0007942628480925379
4.856,CIRCLE,0.3633436863598676,0.18661751177835334,0.5051734308158135,0.46060628464866943,0.3054701808407027,0.5,0.1536643561647892,0.0007958557282183229
4.864,CIRCLE,0.3649116367181457,0.1884612179182658,0.5051431550341546,0.46157827518224104,0.307787888311409,0.5,0.15365462994250226,0.0007974319142392285
4.872,CIRCLE,0.3664706292959231,0.19031257791908068,0.5051131447257259,0.46253860341722874,0.31011045223909883,0.5,0.15364481960792864,0.0007989915586142446
4.88,CIRCLE,0.3680206144374946,0.19217154931204147,0.5050834005965147,0.4634872450898507,0.31243781394156056,0.5,0.15363493397556277,0.0008005348107065709
4.888,CIRCLE,0.36956154299925553,0.1940380893554875,0.5050539232580449,0.46442417623159915,0.3147699146153614,0.5,0.1536249815448421,0.0008020618168596622
4.896,CIRCLE,0.3710933663441981,0.19591215503734985,0.5050247132298057,0.4653493731698463,0.31710669533733304,0.5,0.15361497050835468,0.0008035727204652001
4.904,CIRCLE,0.3726160363365394,0.19779370307763122,0.5049957709416399,0.4662628125284423,0.3194480970660606,0.5,0.15360490875987554,0.0008050676620372719
4.912,CIRCLE,0.3741295053364774,0.19968268993087,0.5049670967360904,0.4671644712283058,0.321794060643374,0.5,0.15359480390223473,0.0008065467792825576
4.92,CIRCLE,0.3756337261950733,0.20157907178858853,0.5049386908707061,0.46805432648800716,0.32414452679584294,0.5,0.15358466325502018,0.000808010207163715
4.928,CIRCLE,0.37712865224925707,0.2034828045817264,0.5049105535203082,0.46893235582434417,0.3264994361362746,0.5,0.15357449386211802,0.0008094580779784275
4.936,CIRCLE,0.37861423731695365,0.20539384398305852,0.5048826847792164,0.46979853705290986,0.32885872916521375,0.5,0.15356430249909211,0.000810890521419458
4.944,CIRCLE,0.38009043569232787,0.20731214540959833,0.5048550846634359,0.4706528482886532,0.33122234627244646,0.5,0.15355409568040693,0.000812307664641643
4.952,CIRCLE,0.38155720214114497,0.2092376640249866,0.5048277531128061,0.471495267946432,0.333590227738506,0.5,0.1535438796664955,0.0008137096323369658
4.96,CIRCLE,0.38301449189624476,0.211170354741866,0.5048006899931116,0.4723257747415582,0.3359623137361818,0.5,0.15353366047067507,0.0008150965467846898
4.968,CIRCLE,0.384462260653127,0.2131101722242413,0.5047738950981541,0.47314434769033575,0.3383385443320311,0.5,0.15352344386591354,0.0008164685279304225
4.976,CIRCLE,0.3859004645656455,0.2150570708898262,0.504747368151789,0.47395096611059084,0.34071885948789293,0.5,0.15351323539144845,0.0008178256934417522
4.984,CIRCLE,0.3873290602418087,0.2170110049123762,0.5047211088099242,0.47474560962219425,0.3431031990624056,0.5,0.15350304035926207,0.0008191681587755087
4.992,CIRCLE,0.3887480047397629,0.218971928223913,0.5046951166561915,0.47552825814757654,0.3454915028125256,0.5,0.15349286386025607,0.000820493696240063
5.0,CIRCLE,0.39015725556281317,0.22093979451806514,0.5046693912215767,0.4762988919122352,0.3478837103950503,0.5,0.15348271077069,0.0008218023526457875
5.008,CIRCLE,0.39155677065846345,0.22291455725064488,0.5046439319758673,0.477057491445234,0.35027976136814215,0.5,0.1534725857576705,0.0008231051891511954
5.016,CIRCLE,0.3929465084143234,0.22489616964146195,0.5046187383233873,0.4778040375796957,0.352679595192856,0.5,0.15346249328549505,0.0008243904986265863
5.024,CIRCLE,0.3943264276450179,0.22688458468303463,0.5045938096030337,0.47853851145328535,0.3550831512346688,0.5,0.15345243762121658,0.0008256610141481528
5.032,CIRCLE,0.39569648759769566,0.22887975513617803,0.5045691451029402,0.47926089450868775,0.3574903687650113,0.5,0.15344242284108592,0.0008269176891725213
5.04,CIRCLE,0.3970566479495898,0.23088163353157534,0.5045447440563657,0.4799711684940757,0.3599011869628025,0.5,0.15343245283594054,0.0008281602646920188
5.048,CIRCLE,0.39840686880335113,0.2328901721730687,0.5045206056433844,0.48066931546357144,0.36231554491598683,0.5,0.15342253131646563,0.0008293890319052081
5.056,CIRCLE,0.39974711068298635,0.23490532314054632,0.5044967289925548,0.48135531777770013,0.36473338162307245,0.5,0.15341266181834015,0.0008306040269940347
5.064,CIRCLE,0.4010773345299365,0.2369270382927009,0.5044731131825614,0.48202915810383523,0.367154635994673,0.5,0.15340284770730406,0.0008318053855300143
5.072,CIRCLE,0.40239750169972793,0.2389552692693748,0.5044497572438363,0.4826908194166368,0.36957924685505084,0.5,0.15339309218416824,0.0008329931868974317
5.08,CIRCLE,0.40370757395889306,0.24098996749372886,0.5044266601601551,0.4833402849984813,0.37200715294366293,0.5,0.15338339828974476,0.0008341675286645708
5.088,CIRCLE,0.4050075134820886,0.24303108417431152,0.5044038208702043,0.48397753843988434,0.3744382929167086,0.5,0.15337376890967913,0.000835328497311052
5.096,CIRCLE,0.40629728284927613,0.2450785703071339,0.5043812382691184,0.48460256363991505,0.3768726053486793,0.5,0.15336420677916893,0.0008364761833010213
5.104,CIRCLE,0.4075768450429394,0.24713237667777146,0.5043589112099857,0.4852153448066029,0.37931002873391073,0.5,0.1533547144875655,0.0008376106747906288
5.112,CIRCLE,0.40884616344533026,0.24919245386349398,0.5043368385053231,0.4858158664573368,0.38175050148813694,0.5,0.15334529448285936,0.0008387320600772252
5.12,CIRCLE,0.41010520183576316,0.25125875223540617,0.5043150189285215,0.48640411341925616,0.38419396195004607,0.5,0.1533359490760548,0.0008398404259824936
5.128,CIRCLE,0.4113539243879724,0.253331221960585,0.5042934512152623,0.48698007082963446,0.3866403483828385,0.5,0.1533266804454395,0.0008409358582197352
5.136,CIRCLE,0.4125922956675423,0.255409813004205,0.5042721340649047,0.48754372413625446,0.38908959897578665,0.5,0.15331749064075134,0.0008420184411087971
5.144,CIRCLE,0.41382028062941145,0.25749447513164914,0.504251066141847,0.4880950590977762,0.39154165184579665,0.5,0.15330838158724688,0.0008430882577525996
5.152,CIRCLE,0.4150378446154493,0.2595851579106059,0.5042302460768587,0.4886340617840966,0.39399644503897197,0.5,0.15329935508967266,0.0008441453900864136
5.16,CIRCLE,0.41624495335210093,0.26168181071315555,0.5042096724683867,0.4891607185767015,0.39645391653217865,0.5,0.15329041283613964,0.0008451899189928615
5.168,CIRCLE,0.4174415729480964,0.2637843827178467,0.5041893438838342,0.4896750161690099,0.39891400423461254,0.5,0.15328155640190483,0.0008462219243558253
5.176,CIRCLE,0.4186276698922223,0.2658928229117646,0.5041692588608139,0.4901769415667097,0.40137664598936784,0.5,0.15327278725305868,0.0008472414851174887
5.184,CIRCLE,0.41980321105115315,0.2680070800925912,0.504149415908374,0.4906664820880866,0.4038417795750079,0.5,0.1532641067501227,0.0008482486793151357
5.192,CIRCLE,0.42096816366734263,0.2701271028706579,0.5041298135082,0.4911436253643442,0.406309342707137,0.5,0.15325551615155703,0.0008492435841088225
5.2,CIRCLE,0.4221224953569718,0.27225283967098907,0.5041104501157898,0.4916083593399164,0.4087792730399742,0.5,0.15324701661718118,0.0008502262758261069
5.208,CIRCLE,0.4232661741079549,0.2743842387353388,0.5040913241616056,0.49206067227277245,0.41125150816792855,0.5,0.1532386092115089,0.0008511968299879161
5.216,CIRCLE,0.42439916827800045,0.2765212481242184,0.5040724340521998,0.49250055273471294,0.413725985627176,0.5,0.1532302949069993,0.0008521553213596795
5.224,CIRCLE,0.4255214465927266,0.2786638157189168,0.5040537781713172,0.49292798961165923,0.41620264289723713,0.5,0.15322207458722562,0.0008531018239723386
5.232,CIRCLE,0.42663297814382983,0.28081188922351247,0.5040353548809743,0.4933429721039339,0.4186814174025575,0.5,0.15321394904996416,0.0008540364111764056
5.24,CIRCLE,0.4277337323873048,0.2829654161668785,0.5040171625225136,0.49374548972653365,0.42116224651408796,0.5,0.1532059190102031,0.000854959155671638
5.248,CIRCLE,0.42882367914171504,0.2851243439046796,0.5039991994176365,0.4941355323093943,0.42364506755086767,0.5,0.15319798510307542,0.0008558701295381192
5.256,CIRCLE,0.4299027885865129,0.2872886196213622,0.503981463869412,0.49451308999764754,0.4261298177816074,0.5,0.1531901478867149,0.0008567694042822753
5.264,CIRCLE,0.4309710312604069,0.2894581903321372,0.5039639541632641,0.49487815325187035,0.4286164344262748,0.5,0.15318240784503886,0.0008576570508589466
5.272,CIRCLE,0.43202837805977684,0.2916330028849558,0.5039466685679366,0.4952307128483255,0.4311048546576802,0.5,0.15317476539045763,0.0008585331397121563
5.28,CIRCLE,0.43307480023713374,0.29381300396247834,0.5039296053364362,0.495570759879195,0.43359501560306457,0.5,0.15316722086651335,0.0008593977408026091
5.288,CIRCLE,0.4341102693996249,0.2959981400840364,0.5039127627069546,0.495898285752805,0.43608685434568745,0.5,0.1531597745504488,0.0008602509236441758
5.296,CIRCLE,0.4351347575075821,0.2981883576075884,0.5038961389037693,0.4962132821938428,0.4385803079264172,0.5,0.15315242665570836,0.0008610927573311101
5.304,CIRCLE,0.4361482368731126,0.30038360273166825,0.5038797321381233,0.4965157412435661,0.44107531334532135,0.5,0.15314517733437188,0.0008619233105697473
5.312,CIRCLE,0.4371506801587309,0.30258382149732826,0.5038635406090856,0.49680565526000414,0.4435718075632584,0.5,0.15313802667952367,0.0008627426517072383
5.32,CIRCLE,0.43814206037603104,0.30478895979007503,0.50384756250439,0.4970830169181503,0.44606972750347085,0.5,0.15313097472755696,0.0008635508487629715
5.328,CIRCLE,0.43912235088439855,0.3069989633417996,0.5038317960012557,0.49734781921014787,0.4485690100531785,0.5,0.15312402146041648,0.0008643479694520485
5.336,CIRCLE,0.4400915253897598,0.3092137777327015,0.5038162392671872,0.49760005544546665,0.4510695920651735,0.5,0.15311716680777937,0.0008651340812198505
5.344,CIRCLE,0.44104955794336953,0.31143334839320663,0.503800890460756,0.497839719251072,0.45357141035941534,0.5,0.15311041064917605,0.0008659092512606183
5.352,CIRCLE,0.4419964229406338,0.3136576206058797,0.5037857477323631,0.49806680457158614,0.45607440172462765,0.5,0.15310375281605312,0.0008666735465504134
5.36,CIRCLE,0.44293209511996917,0.3158865395073306,0.5037708092249824,0.49828130566944095,0.45857850291989505,0.5,0.1530971930937782,0.000867427033869258
5.368,CIRCLE,0.4438565495616957,0.3181200500901152,0.5037560730748876,0.4984832171250229,0.461083650676261,0.5,0.1530907312235891,0.0008681697798289514
5.376,CIRCLE,0.44476976168696364,0.32035809720463065,0.5037415374123587,0.49867253383681004,0.4635897816983264,0.5,0.1530843669044881,0.0008689018508945007
5.384,CIRCLE,0.445671707256713,0.3226006255610055,0.5037272003623733,0.498849251021501,0.46609683266584884,0.5,0.15307809979508274,0.0008696233134064748
5.392,CIRCLE,0.4465623623706644,0.324847579730984,0.5037130600452786,0.4990133642141357,0.46860474023534254,0.5,0.15307192951537385,0.0008703342336097532
5.4,CIRCLE,0.44744170346634127,0.3270989041498056,0.5036991145774481,0.49916486926820824,0.47111344104167857,0.5,0.15306585564849254,0.0008710346776710351
5.408,CIRCLE,0.448309707318122,0.3293545431180791,0.5036853620719197,0.4993037623557715,0.473622871699686,0.5,0.15305987774238702,0.0008717247117027586
5.416,CIRCLE,0.4491663510363211,0.33161444080365193,0.503671800639019,0.49943003996753427,0.4761329688057534,0.5,0.15305399531146074,0.0008724044017843275
5.424,CIRCLE,0.45001161206629925,0.3338785412434743,0.503658428386965,0.4995436989129493,0.4786436689394308,0.5,0.15304820783816195,0.0008730738139809161
5.432,CIRCLE,0.45084546818760063,0.33614678834545875,0.503645243422461,0.4996447363202946,0.48115490866503197,0.5,0.1530425147745272,0.00087373301436712
5.44,CIRCLE,0.45166789751311714,0.33841912589033446,0.5036322438512691,0.49973314963674537,0.48366662453323733,0.5,0.15303691554367888,0.0008743820690449108
5.448,CIRCLE,0.45247887848827906,0.3406954975334975,0.5036194277787696,0.499808936628439,0.4861787530826971,0.5,0.15303140954127806,0.0008750210441581796
5.456,CIRCLE,0.45327838989027075,0.34297584680685594,0.5036067933105047,0.4998720953805311,0.48869123084163435,0.5,0.15302599613693346,0.0008756500059203554
5.464,CIRCLE,0.4540664108272711,0.3452601171206709,0.5035943385527087,0.49992262429724427,0.4912039943294494,0.5,0.15302067467556876,0.0008762690206240228
5.472,CIRCLE,0.4548429207377181,0.3475482517653926,0.5035820616128219,0.49996052210190806,0.49371698005832293,0.5,0.15301544447874696,0.0008768781546614682
5.48,CIRCLE,0.4556078993895963,0.3498401939134927,0.5035699605999912,0.49998578783699144,0.49623012453482074,0.5,0.15301030484595532,0.0008774774745420401
5.488,CIRCLE,0.4563613268797471,0.35213588662129186,0.5035580336255562,0.49999842086412705,0.4987433642614974,0.5,0.1530052550558495,0.0008780670469105889
5.496,CIRCLE,0.4571031836332009,0.35443527283078335,0.5035462788035219,0.49999842086412705,0.5012566357385011,0.5,0.15300029436746027,0.0008786469385538578
5.5040000000000004,CIRCLE,0.45783345040253026,0.3567382953714525,0.5035346942510169,0.4999857878369915,0.5037698754651778,0.5,0.15299542202136118,0.000879217216428443
5.5120000000000005,CIRCLE,0.4585521082672238,0.3590448969620919,0.5035232780887394,0.49996052210190806,0.5062830199416756,0.5,0.1529906372408,0.0008797779476655735
5.5200000000000005,CIRCLE,0.4592591386330801,0.3613550202126129,0.5035120284413888,0.49992262429724427,0.5087960056705492,0.5,0.15298593923279413,0.000880329199591008
5.5280000000000005,CIRCLE,0.4599545232316207,0.36366860762585296,0.5035009434380853,0.4998720953805311,0.5113087691583642,0.5,0.1529813271891905,0.0008808710397363658
5.5360000000000005,CIRCLE,0.4606382441195222,0.36598560159937926,0.5034900212127765,0.49980893662843906,0.5138212469173015,0.5,0.15297680028769148,0.000881403535853224
5.5440000000000005,CIRCLE,0.4613102836780659,0.3683059444272884,0.503479259904632,0.4997331496367454,0.5163333754667612,0.5,0.15297235769284753,0.0008819267559267031
5.5520000000000005,CIRCLE,0.4619706246126058,0.3706295783020026,0.503468657658425,0.49964473632029466,0.5188450913349666,0.5,0.15296799855701676,0.000882440768184853
5.5600000000000005,CIRCLE,0.46261924995205256,0.372956445316062,0.5034582126249022,0.49954369891294936,0.5213563310605678,0.5,0.15296372202129263,0.0008829456411145438
5.5680000000000005,CIRCLE,0.46325614304837476,0.3752864874639134,0.503447922961143,0.4994300399675343,0.5238670311942452,0.5,0.15295952721640121,0.0008834414434686047
5.5760000000000005,CIRCLE,0.46388128757611563,0.37761964664369574,0.5034377868309053,0.4993037623557716,0.5263771283003125,0.5,0.15295541326356768,0.0008839282442821673
5.5840000000000005,CIRCLE,0.4644946675319252,0.3799558646590215,0.5034278024049617,0.4991648692682083,0.5288865589583199,0.5,0.15295137927535374,0.0008844061128767255
5.5920000000000005,CIRCLE,0.4650962672341071,0.3822950832207553,0.5034179678614232,0.49901336421413583,0.531395259764656,0.5,0.15294742435646552,0.0008848751188756342
5.6000000000000005,CIRCLE,0.4656860713221799,0.38463724394878873,0.5034082813860534,0.4988492510215011,0.5339031673341497,0.5,0.15294354760453424,0.0008853353322110024
5.6080000000000005,CIRCLE,0.4662640647564521,0.38698228837381193,0.5033987411725707,0.49867253383681015,0.5364102183016721,0.5,0.1529397481108693,0.0008857868231347267
5.6160000000000005,CIRCLE,0.4668302328176105,0.3893301579390821,0.5033893454229408,0.498483217125023,0.5389163493237376,0.5,0.15293602496118464,0.0008862296622260317
5.6240000000000006,CIRCLE,0.4673845611063212,0.39168079400218847,0.503380092347659,0.49828130566944107,0.5414214970801035,0.5,0.15293237723629904,0.0008866639204007496
5.632,CIRCLE,0.4679270355428432,0.39403413783681424,0.503370980166022,0.4980668045715863,0.5439255982753706,0.5,0.15292880401281178,0.0008870896689170374
5.64,CIRCLE,0.4684576423666537,0.3963901306344955,0.5033620071063899,0.4978397192510722,0.5464285896405829,0.5,0.15292530436375357,0.0008875069793840019
5.648,CIRCLE,0.46897636813608495,0.39874871350637686,0.5033531714064386,0.4976000554454668,0.5489304079348248,0.5,0.15292187735921223,0.0008879159237754478
5.656,CIRCLE,0.46948319972797203,0.4011098274849643,0.5033444713134033,0.4973478192101481,0.5514309899468197,0.5,0.15291852206693657,0.0008883165744264125
5.664,CIRCLE,0.46997812433731123,0.40347341352587496,0.5033359050843113,0.4970830169181505,0.5539302724965274,0.5,0.15291523755291742,0.0008887090040437725
5.672,CIRCLE,0.47046112947692836,0.40583941250958344,0.5033274709862071,0.4968056552600043,0.5564281924367398,0.5,0.15291202288194586,0.0008890932857168417
5.68,CIRCLE,0.47093220297715715,0.40820776524316615,0.503319167296368,0.49651574124356634,0.558924686654677,0.5,0.15290887711815043,0.0008894694929159751
5.688,CIRCLE,0.47139133298552655,0.41057841246204196,0.5033109923025109,0.49621328219384303,0.5614196920735811,0.5,0.15290579932551304,0.000889837699501703
5.696,CIRCLE,0.4718385079664572,0.4129512948317106,0.5033029443029903,0.4958982857528052,0.5639131456543108,0.5,0.15290278856836492,0.0008901979797317766
5.704,CIRCLE,0.47227371670096646,0.41532635294948783,0.5032950216069889,0.49557075987919524,0.5664049843969338,0.5,0.1528998439118627,0.0008905504082614204
5.712,CIRCLE,0.47269694828638126,0.41770352734623817,0.5032872225346988,0.49523071284832576,0.568895145342318,0.5,0.15289696442244466,0.0008908950601503221
5.72,CIRCLE,0.47310819213605904,0.42008275848810467,0.5032795454174954,0.4948781532518706,0.5713835655737235,0.5,0.15289414916826938,0.0008912320108639528
5.728,CIRCLE,0.473507437979116,0.4224639867782362,0.5032719885981032,0.4945130899976478,0.5738701822183908,0.5,0.1528913972196345,0.000891561336285196
5.736,CIRCLE,0.47389467586016226,0.42484715255851196,0.5032645504307537,0.49413553230939455,0.5763549324491306,0.5,0.15288870764937976,0.0008918831127061233
5.744,CIRCLE,0.4742698961390439,0.42723219611126323,0.5032572292813364,0.4937454897265339,0.5788377534859104,0.5,0.15288607953327113,0.0008921974168392457
5.752,CIRCLE,0.4746330894905912,0.4296190576609928,0.5032500235275419,0.4933429721039342,0.5813185825974408,0.5,0.1528835119503692,0.0008925043258190781
5.76,CIRCLE,0.47498424690437285,0.43200767737609175,0.5032429315589976,0.4929279896116595,0.5837973571027611,0.5,0.15288100398338086,0.0008928039172018987
5.768,CIRCLE,0.4753233596844562,0.4343979953705536,0.503235951777397,0.4925005527347132,0.5862740143728223,0.5,0.15287855471899556,0.00089309626897052
5.776,CIRCLE,0.4756504194491724,0.43678995170568596,0.5032290825966216,0.4920606722727727,0.5887484918320697,0.5,0.15287616324820577,0.0008933814595334693
5.784,CIRCLE,0.4759654181308869,0.4391834863918197,0.5032223224428563,0.49160835933991676,0.5912207269600241,0.5,0.1528738286666131,0.000893659567731856
5.792,CIRCLE,0.4762683479757745,0.4415785393900158,0.5032156697546979,0.4911436253643445,0.5936906572928613,0.5,0.15287155007471911,0.000893930672831884
5.8,CIRCLE,0.47655920154359915,0.4439750506137696,0.5032091229832576,0.49066648208808694,0.5961582204249904,0.5,0.1528693265782035,0.0008941948545367474
5.808,CIRCLE,0.47683797170749753,0.4463729599307126,0.503202680592257,0.49017694156671004,0.5986233540106305,0.5,0.152867157288187,0.0008944521929764797
5.816,CIRCLE,0.4771046516537667,0.4487722071643121,0.5031963410581177,0.4896750161690102,0.6010859957653858,0.5,0.15286504132148224,0.0008947027687163968
5.824,CIRCLE,0.47735923488165527,0.45117273209556824,0.5031901028700452,0.4891607185767019,0.6035460834678197,0.5,0.15286297780083155,0.0008949466627542211
5.832,CIRCLE,0.4776017152031579,0.4535744744647087,0.5031839645301067,0.48863406178409696,0.6060035549610263,0.5,0.1528609658551319,0.00089518395651951
5.84,CIRCLE,0.47783208674281297,0.45597737397288124,0.5031779245533038,0.48809505909777656,0.6084583481542016,0.5,0.15285900461964855,0.0008954147318736642
5.848,CIRCLE,0.4780503439375027,0.4583813702838437,0.5031719814676383,0.48754372413625485,0.6109104010242117,0.5,0.152857093236216,0.0008956390711119684
5.856,CIRCLE,0.478256481536256,0.4607864030256519,0.5031661338141741,0.48698007082963485,0.6133596516171598,0.5,0.15285523085342836,0.000895857056957185
5.864,CIRCLE,0.4784504946000538,0.4631924117923452,0.5031603801470922,0.4864041134192566,0.6158060380499523,0.5,0.1528534166268189,0.0008960687725651066
5.872,CIRCLE,0.47863237850163587,0.46559933614562976,0.5031547190337421,0.4858158664573372,0.6182494985118614,0.5,0.15285164971902804,0.0008962743015188716
5.88,CIRCLE,0.47880212892530993,0.46800711561655933,0.5031491490546867,0.48521534480660333,0.6206899712660875,0.5,0.1528499292999619,0.00089647372782533
5.888,CIRCLE,0.47895974186676193,0.4704156897072143,0.503143668803743,0.4846025636399155,0.6231273946513189,0.5,0.152848254546941,0.0008966671359223854
5.896,CIRCLE,0.479105213632868,0.47282499789237803,0.503138276888018,0.4839775384398848,0.6255617070832897,0.5,0.15284662464483822,0.0008968546106665182
5.904,CIRCLE,0.4792385408415072,0.4752349796212113,0.5031329719279396,0.48334028499848175,0.6279928470563354,0.5,0.15284503878620817,0.0008970362373368262
5.912,CIRCLE,0.47935972042137526,0.47764557431892446,0.5031277525572828,0.4826908194166372,0.6304207531449475,0.5,0.15284349617140777,0.000897212101630436
5.92,CIRCLE,0.479468749611799,0.4800567213884472,0.5031226174231919,0.4820291581038357,0.6328453640053253,0.5,0.1528419960087077,0.000897382289660011
5.928,CIRCLE,0.4795656259625513,0.4824683602120963,0.503117565186198,0.4813553177777006,0.6352666183769259,0.5,0.1528405375143954,0.0008975468879533715
5.936,CIRCLE,0.479650347333666,0.48488043015324145,0.5031125945202324,0.48066931546357194,0.6376844550840115,0.5,0.1528391199128696,0.0008977059834458716
5.944,CIRCLE,0.4797229118952531,0.4872928705579682,0.5031077041126356,0.4799711684940762,0.6400988130371958,0.5,0.1528377424367279,0.0008978596634812122
5.952,CIRCLE,0.47978331812731384,0.4897056207567395,0.5031028926641627,0.47926089450868825,0.642509631234987,0.5,0.1528364043268455,0.000898008015804623
5.96,CIRCLE,0.4798315648195552,0.4921186200660547,0.5030981588889847,0.47853851145328585,0.6449168487653295,0.5,0.15283510483244778,0.000898151128561579
5.968,CIRCLE,0.47986765107120427,0.4945318077901064,0.5030935015146855,0.4778040375796962,0.6473204048071424,0.5,0.1528338432111746,0.0008982890902956108
5.976,CIRCLE,0.47989157629082146,0.4969451232224353,0.5030889192822562,0.47705749144523457,0.6497202386318561,0.5,0.15283261872913825,0.0008984219899381504
5.984,CIRCLE,0.47990334019611325,0.4993585056475826,0.5030844109460849,0.4762988919122357,0.652116289604948,0.5,0.15283143066097565,0.0008985499168114443
5.992,CIRCLE,0.4799029428137434,0.5017718943427409,0.5030799752739435,0.4755282581475771,0.6545084971874727,0.5,0.15283027828989196,0.0008986729606199026
6.0,CIRCLE,0.47989038447914356,0.5041852285794022,0.503075611046971,0.4747456096221948,0.6568968009375927,0.5,0.1528291609077005,0.0008987912114434581
6.008,CIRCLE,0.4798656658363218,0.506598447625004,0.5030713170596528,0.4739509661105914,0.6592811405121054,0.5,0.15282807781485513,0.0008989047597450428
6.016,CIRCLE,0.4798287878376701,0.5090114907445737,0.5030670921197984,0.4731443476903363,0.6616614556679672,0.5,0.15282702832047695,0.000899013696346114
6.024,CIRCLE,0.47977975174376997,0.5114242972023707,0.5030629350485143,0.47232577474155873,0.6640376862638165,0.5,0.15282601174237698,0.0008991181124392224
6.032,CIRCLE,0.47971855912319616,0.5138368062635255,0.5030588446801747,0.4714952679464326,0.6664097722614923,0.5,0.1528250274070711,0.00089921809957161
6.04,CIRCLE,0.4796452118523184,0.5162489571956778,0.5030548198623892,0.47065284828865384,0.6687776537275519,0.5,0.15282407464979245,0.0008993137496465706
6.048,CIRCLE,0.4795597121151009,0.5186606892706122,0.5030508594559676,0.46979853705291047,0.6711412708347846,0.5,0.1528231528144968,0.0008994051549156298
6.056,CIRCLE,0.4794620624028996,0.5210719417658912,0.5030469623348818,0.4689323558243448,0.6735005638637238,0.5,0.1528222612538648,0.000899492407971035
6.064,CIRCLE,0.4793522655142572,0.523482653966487,0.5030431273862251,0.46805432648800777,0.6758554732041554,0.5,0.1528213993292982,0.0008995756017438504
6.072,CIRCLE,0.47923032455469505,0.5258927651664096,0.5030393535101693,0.4671644712283064,0.6782059393566244,0.5,0.15282056641091352,0.0008996548294931126
6.08,CIRCLE,0.47909624293650294,0.528302214670335,0.5030356396199185,0.4662628125284429,0.6805519029339377,0.5,0.1528197618775293,0.0008997301848052339
6.088,CIRCLE,0.4789500243785257,0.530710941795229,0.5030319846416612,0.465349373169847,0.6828933046626653,0.5,0.1528189851166518,0.0008998017615825504
6.096,CIRCLE,0.4787916729059469,0.5331188858719706,0.5030283875145196,0.4644241762315998,0.685230085384637,0.5,0.1528182355244546,0.0008998696540409993
6.104,CIRCLE,0.47862119285006943,0.5355259862469719,0.503024847190497,0.46348724508985134,0.6875621860584379,0.5,0.15281751250575595,0.0008999339567021176
6.112,CIRCLE,0.47843858884809304,0.5379321822837966,0.5030213626344227,0.4625386034172294,0.6898895477608996,0.5,0.15281681547399234,0.0008999947643857625
6.12,CIRCLE,0.47824386584288825,0.5403374133647761,0.5030179328238945,0.4615782751822417,0.6922121116885893,0.5,0.15281614385118814,0.0009000521722051856
6.128,CIRCLE,0.47803702908276713,0.5427416188926238,0.5030145567492204,0.4606062846486701,0.6945298191592957,0.5,0.15281549706792288,0.0009001062755581396
6.136,CIRCLE,0.4778180841212503,0.5451447382920465,0.5030112334133564,0.4596226563749578,0.6968426116135108,0.5,0.1528148745632941,0.0009001571701200729
6.144,CIRCLE,0.4775870368168304,0.5475467110113537,0.5030079618318445,0.45862741521358863,0.6991504306159104,0.5,0.15281427578487886,0.0009002049518402297
6.152,CIRCLE,0.47734389333273175,0.5499474765240655,0.5030047410327471,0.4576205863104592,0.7014532178568303,0.5,0.1528137001886917,0.0009002497169307531
6.16,CIRCLE,0.47708866013666607,0.5523469743305176,0.5030015700565805,0.45660219510424355,0.7037509151537394,0.5,0.15281314723913939,0.0009002915618616009
6.168,CIRCLE,0.47682134400058435,0.554745143959464,0.5029984479562469,0.4555722673257504,0.7060434644527096,0.5,0.1528126164089738,0.0009003305833504337
6.176,CIRCLE,0.47654195200042454,0.5571419249696777,0.502995373796964,0.45453082899727315,0.708330807829883,0.5,0.1528121071792424,0.000900366878360311
6.184,CIRCLE,0.4762504915158552,0.5595372569515495,0.5029923466561936,0.4534779064319322,0.7106128874929352,0.5,0.15281161903923599,0.0009004005440850488
6.192,CIRCLE,0.4759469702300148,0.5619310795286835,0.5029893656235688,0.45241352623301023,0.7128896457825353,0.5,0.15281115148643473,0.0009004316779482349
6.2,CIRCLE,0.4756313961292468,0.5643233323594914,0.502986429800819,0.45133771529328004,0.7151610251738034,0.5,0.15281070402645164,0.0009004603775902062
6.208,CIRCLE,0.47530377750283004,0.5667139551387842,0.5029835383016945,0.4502505007943251,0.7174269682777632,0.5,0.1528102761729742,0.0009004867408668014
6.216,CIRCLE,0.47496412294270474,0.5691028875993612,0.5029806902518892,0.4491519102058527,0.7196874178427923,0.5,0.15280986744770453,0.0009005108658317049
6.224,CIRCLE,0.47461244134319414,0.5714900695135973,0.5029778847889617,0.44804197128499995,0.721942316756069,0.5,0.15280947738029724,0.0009005328507390218
6.232,CIRCLE,0.4742487419007212,0.5738754406950273,0.5029751210622561,0.4469207120756324,0.7241916080450151,0.5,0.15280910550829616,0.0009005527940244881
6.24,CIRCLE,0.47387303411352044,0.5762589409999286,0.502972398232821,0.4457881609076355,0.7264352348787354,0.5,0.1528087513770689,0.0009005707943064988
6.248,CIRCLE,0.4734853277813452,0.578640510328901,0.5029697154733276,0.44464434639619904,0.7286731405694533,0.5,0.1528084145397405,0.0009005869503740403
6.256,CIRCLE,0.47308563300517004,0.5810200886284445,0.5029670719679864,0.44348929744109367,0.7309052685739438,0.5,0.15280809455712527,0.00090060136117769
6.264,CIRCLE,0.4726739601868877,0.5833976158925344,0.5029644669124637,0.4423230432259413,0.7331315624949614,0.5,0.15280779099765762,0.0009006141258203899
6.272,CIRCLE,0.47225032002900147,0.5857730321641941,0.5029618995137961,0.44114561321747714,0.7353519660826653,0.5,0.15280750343732172,0.0009006253435528981
6.28,CIRCLE,0.4718147235343124,0.5881462775370657,0.5029593689903051,0.4399570371648057,0.7375664232360409,0.5,0.15280723145957986,0.0009006351137611382
6.288,CIRCLE,0.47136718200560107,0.5905172921569779,0.5029568745715103,0.43875734509864894,0.739774878004317,0.5,0.15280697465529985,0.000900643535959724
6.296,CIRCLE,0.4709077070453042,0.5928860162235117,0.5029544154980417,0.43754656733058733,0.741977274588379,0.5,0.15280673262268113,0.0009006507097824327
6.304,CIRCLE,0.4704363105551862,0.5952523899915634,0.5029519910215516,0.43632473445229436,0.7441735573421798,0.5,0.15280650496718068,0.00090065673497245
6.312,CIRCLE,0.46995300473600504,0.5976163537729053,0.5029496004046259,0.43509187733476334,0.7463636707741449,0.5,0.15280629130143766,0.000900661711378735
6.32,CIRCLE,0.46945780208717286,0.5999778479377439,0.5029472429206938,0.43384802712752746,0.7485475595485744,0.5,0.15280609124519717,0.0009006657389392086
6.328,CIRCLE,0.468950715406411,0.6023368129162752,0.5029449178539382,0.4325932152578728,0.7507251684870422,0.5,0.1528059044252341,0.0009006689176767002
6.336,CIRCLE,0.4684317577893994,0.6046931892002383,0.5029426244992047,0.4313274734300444,0.7528964425697886,0.5,0.15280573047527476,0.0009006713476893769
6.344,CIRCLE,0.4679009426294208,0.6070469173444658,0.5029403621619097,0.43005083362444485,0.7550613269371115,0.5,0.15280556903591974,0.0009006731291418897
6.352,CIRCLE,0.4673582836169989,0.6093979379684316,0.5029381301579495,0.42876332809682666,0.7572197668907523,0.5,0.15280541975456563,0.0009006743622561146
6.36,CIRCLE,0.46680379473953093,0.6117461917577963,0.5029359278136072,0.4274649893774772,0.7593717078952779,0.5,0.15280528228532575,0.000900675147299198
6.368,CIRCLE,0.46623749028091466,0.6140916194659504,0.5029337544654602,0.42615585027039643,0.7615170955794581,0.5,0.15280515628895128,0.0009006755845804561
6.376,CIRCLE,0.46565938482116925,0.616434161915554,0.5029316094602871,0.42483594385246876,0.7636558757376404,0.5,0.15280504143275156,0.0009006757744339333
6.384,CIRCLE,0.4650694932360506,0.6187737600000747,0.5029294921549742,0.42350530347262655,0.7657879943311181,0.5,0.1528049373905141,0.0009006758172204962
6.392,CIRCLE,0.4644678306966608,0.621110354685322,0.5029274019164216,0.4221639627510081,0.7679133974894974,0.5,0.15280484384242543,0.000900675813302209
6.4,CIRCLE,0.4638544126690514,0.6234438870109803,0.5029253381214492,0.4208119555781079,0.770032031512057,0.5,0.15280476047499,0.000900675863054353
6.408,CIRCLE,0.4632292549138211,0.6257742980921372,0.5029233001567027,0.41944931611392045,0.7721438428691056,0.5,0.15280468698095023,0.0009006760668335714
6.416,CIRCLE,0.46259237348570703,0.6281015291208115,0.5029212874185583,0.41807607878707714,0.7742487782033343,0.5,0.15280462305920603,0.0009006765249845508
6.424,CIRCLE,0.4619437847331703,0.6304255213674762,0.502919299313029,0.41669227829397637,0.7763467843311649,0.5,0.15280456841473505,0.0009006773378253686
6.432,CIRCLE,0.4612835052979754,0.6327462161825803,0.5029173352556688,0.4152979495979069,0.7784378082440931,0.5,0.1528045227585111,0.0009006786056344745
6.44,CIRCLE,0.4606115521147634,0.6350635549980671,0.5029153946714785,0.4138931279281646,0.7805217971100286,0.5,0.15280448580742473,0.0009006804286496898
6.448,CIRCLE,0.4599279424106192,0.6373774793288899,0.5029134769948103,0.41247784877916194,0.782598698274629,0.5,0.15280445728420247,0.0009006829070494978
6.456,CIRCLE,0.45923269370463227,0.6396879307745245,0.5029115816692725,0.41105214790953176,0.7846684592626314,0.5,0.15280443691732715,0.0009006861409483255
6.464,CIRCLE,0.4585258238074517,0.6419948510204794,0.502909708147635,0.4096160613412234,0.7867310277791768,0.5,0.15280442444095718,0.0009006902303877866
6.472,CIRCLE,0.4578073508208346,0.6442981818398028,0.5029078558917336,0.4081696253585926,0.7887863517111329,0.5,0.1528044195948479,0.0009006952753241243
6.48,CIRCLE,0.45707729313718826,0.6465978650945868,0.502906024372375,0.4067128765074848,0.7908343791284095,0.5,0.1528044221242707,0.0009007013756215986
6.488,CIRCLE,0.4563356694391061,0.6488938427374684,0.502904213069242,0.40524585159431176,0.7928750582852713,0.5,0.1528044317799346,0.000900708631038776
6.496,CIRCLE,0.45558249869889755,0.6511860568131281,0.5029024214707984,0.40376858768512164,0.7949083376216451,0.5,0.15280444831790682,0.0009007171412235048
6.5040000000000004,CIRCLE,0.45481780017811124,0.6534744494597852,0.5029006490741942,0.40228112210466244,0.7969341657644227,0.5,0.152804471499534,0.0009007270057027104
6.5120000000000005,CIRCLE,0.45404159342705197,0.6557589629106895,0.5028988953851704,0.4007834924354389,0.7989524915287586,0.5,0.15280450109136443,0.0009007383238673404
6.5200000000000005,CIRCLE,0.45325389828429125,0.6580395394956112,0.5028971599179652,0.39927573651676307,0.8009632639193633,0.5,0.15280453686506937,0.0009007511949689629
6.5280000000000005,CIRCLE,0.4524547348761714,0.6603161216423271,0.5028954421952192,0.3977578924437981,0.8029664321317923,0.5,0.15280457859736582,0.0009007657181101467
6.5360000000000005,CIRCLE,0.45164412361630346,0.6625886518781037,0.5028937417478808,0.3962299985665959,0.8049619455537287,0.5,0.1528046260699388,0.0009007819922282671
6.5440000000000005,CIRCLE,0.45082208520505834,0.6648570728311769,0.502892058115113,0.3946920934891279,0.806949753766263,0.5,0.15280467906936548,0.0009008001160920352
6.5520000000000005,CIRCLE,0.4499886406290516,0.6671213272322295,0.5028903908441986,0.3931442160683101,0.8089298065451663,0.5,0.15280473738703812,0.0009008201882883266
6.5600000000000005,CIRCLE,0.44914381116062185,0.6693813579158648,0.502888739490448,0.39158640541302087,0.8109020538621597,0.5,0.15280480081908845,0.0009008423072180412
6.5680000000000005,CIRCLE,0.44828761835730263,0.6716371078220772,0.5028871036171048,0.390018700883113,0.8128664458861781,0.5,0.1528048691663126,0.0009008665710780562
6.5760000000000005,CIRCLE,0.44742008406128764,0.6738885199977196,0.5028854827952532,0.38844114208841946,0.8148229329846293,0.5,0.15280494223409616,0.0009008930778580808
6.5840000000000005,CIRCLE,0.4465412303988895,0.6761355375979679,0.5028838766037259,0.3868537688877522,0.8167714657246476,0.5,0.1528050198323395,0.0009009219253276273
6.5920000000000005,CIRCLE,0.445651079779992,0.6783781038877816,0.5028822846290111,0.3852566213878953,0.818711994874344,0.5,0.15280510177538478,0.0009009532110284613
6.6000000000000005,CIRCLE,0.44474965489749596,0.6806161622433622,0.5028807064651608,0.38364973994259166,0.8206444714040486,0.5,0.15280518788194247,0.0009009870322652258
6.6080000000000005,CIRCLE,0.4438369787267579,0.6828496561536067,0.5028791417136994,0.3820331651515233,0.8225688464875505,0.5,0.15280527797501867,0.0009010234860925382
6.6160000000000005,CIRCLE,0.44291307452502315,0.6850785292215594,0.5028775899835323,0.3804069378592856,0.8244850715033307,0.5,0.15280537188184345,0.0009010626693070845
6.6240000000000006,CIRCLE,0.44197796583085125,0.6873027251658596,0.502876050890855,0.37877109915435536,0.826393098035791,0.5,0.15280546943379897,0.0009011046784416807
6.632000000000001,CIRCLE,0.4410316764635356,0.6895221878221856,0.502874524059063,0.3771256903680526,0.8282928778764773,0.5,0.15280557046634952,0.0009011496097480905
6.640000000000001,CIRCLE,0.4400742305225161,0.691736861144696,0.5028730091186615,0.37547075307349637,0.8301843630252976,0.5,0.15280567481897098,0.0009011975591946317
6.648000000000001,CIRCLE,0.4391056523867853,0.6939466892074675,0.5028715057071763,0.3738063290845542,0.8320675056917343,0.5,0.152805782335081,0.0009012486224538212
6.656000000000001,CIRCLE,0.4381259667142878,0.6961516162059285,0.5028700134690641,0.3721324604547857,0.8339422582960523,0.5,0.15280589286197097,0.0009013028948896832
6.664,CIRCLE,0.43713519844131316,0.69835158645829,0.5028685320556245,0.37044918947638034,0.835808573470501,0.5,0.15280600625073737,0.0009013604715551548
6.672,CIRCLE,0.43613337278188213,0.700546544406973,0.5028670611249114,0.36875655867908785,0.8376664040605113,0.5,0.15280612235621494,0.0009014214471737229
6.68,CIRCLE,0.4351205152271263,0.7027364346200312,0.5028656003416456,0.3670546108291452,0.839515703125886,0.5,0.15280624103690874,0.0009014859161413342
6.688,CIRCLE,0.4340966515446608,0.7049212017925724,0.5028641493771276,0.3653433889281949,0.8413564239419873,0.5,0.1528063621549293,0.0009015539725050111
6.696,CIRCLE,0.4330618077779509,0.707100790748174,0.502862707909151,0.3636229362121989,0.843188520000916,0.5,0.1528064855759262,0.0009016257099611929
6.704,CIRCLE,0.43201601024567143,0.7092751464402959,0.5028612756219161,0.36189329615034616,0.8450119450126877,0.5,0.15280661116902428,0.0009017012218424033
6.712,CIRCLE,0.43095928554105994,0.7114442139536901,0.5028598522059446,0.3601545124439544,0.8468266529064015,0.5,0.15280673880675905,0.0009017806011104303
6.72,CIRCLE,0.4298916605312629,0.713607938505806,0.5028584373579947,0.35840662902536585,0.8486325978314044,0.5,0.15280686836501362,0.0009018639403466635
6.728,CIRCLE,0.4288131623566754,0.7157662654481923,0.5028570307809762,0.35664969005683733,0.8504297341584499,0.5,0.15280699972295594,0.0009019513317407413
6.736,CIRCLE,0.4277238184302744,0.7179191402678953,0.5028556321838669,0.3548837399294244,0.8522180164808505,0.5,0.1528071327629774,0.0009020428670820892
6.744,CIRCLE,0.4266236564369449,0.7200665085888529,0.5028542412816289,0.35310882326185966,0.8539973996156254,0.5,0.1528072673706312,0.0009021386377536055
6.752,CIRCLE,0.4255127043327996,0.7222083161732856,0.5028528577951263,0.3513249848994256,0.8557678386046417,0.5,0.15280740343457228,0.0009022387347159212
6.76,CIRCLE,0.4243909903444923,0.7243445089230832,0.5028514814510425,0.34953226991282144,0.8575292887157506,0.5,0.1528075408464975,0.0009023432485062231
6.768,CIRCLE,0.42325854296852417,0.7264750328811875,0.502850111981799,0.34773072359702445,0.8592817054439174,0.5,0.15280767950108665,0.0009024522692226993
6.776,CIRCLE,0.4221153909705435,0.7285998342329719,0.502848749125474,0.3459203914701453,0.861025044512346,0.5,0.15280781929594442,0.0009025658865171955
6.784,CIRCLE,0.4209615633846391,0.7307188593076163,0.5028473926257222,0.34410131927227827,0.862759261873598,0.5,0.15280796013154296,0.0009026841895894446
6.792,CIRCLE,0.4197970895126264,0.7328320545794783,0.5028460422316952,0.34227355296434536,0.8644843137107048,0.5,0.1528081019111646,0.0009028072671717057
6.8,CIRCLE,0.41862199892332785,0.734939366669461,0.5028446976979619,0.34043713872693515,0.8662001564382755,0.5,0.1528082445408466,0.0009029352075273789
6.808,CIRCLE,0.41743632145184595,0.7370407423463762,0.5028433587844304,0.33859212295913593,0.8679067467035979,0.5,0.1528083879293255,0.0009030680984326207
6.816,CIRCLE,0.41624008719883004,0.7391361285283037,0.5028420252562698,0.33673855227736355,0.8696040413877333,0.5,0.15280853198798208,0.0009032060271780745
6.824,CIRCLE,0.41503332652973624,0.7412254722839468,0.5028406968838327,0.3348764735141833,0.8712919976066068,0.5,0.15280867663078868,0.0009033490805504766
6.832,CIRCLE,0.41381607007408105,0.7433087208339834,0.5028393734425791,0.33300593371712683,0.8729705727120902,0.5,0.15280882177425517,0.0009034973448333737
6.84,CIRCLE,0.4125883487246881,0.7453858215524136,0.5028380547129999,0.3311269801475035,0.8746397242930798,0.5,0.15280896733737678,0.0009036509057857393
6.848,CIRCLE,0.4113501936369285,0.7474567219679028,0.5028367404805418,0.32923966027920604,0.876299410176568,0.5,0.1528091132415829,0.0009038098486458021
6.856,CIRCLE,0.4101016362279546,0.7495213697651205,0.5028354305355327,0.3273440217975113,0.8779495884287088,0.5,0.1528092594106856,0.0009039742581146722
6.864,CIRCLE,0.40884270817592705,0.7515797127860752,0.5028341246731072,0.32544011259787536,0.8795902173558774,0.5,0.15280940577082983,0.0009041442183504417
6.872,CIRCLE,0.40757344141923546,0.753631699031445,0.5028328226931335,0.3235279807847232,0.8812212555057231,0.5,0.15280955225044365,0.0009043198129607131
6.88,CIRCLE,0.4062938681557124,0.7556772766619041,0.5028315244001406,0.32160767467023366,0.8828426616682173,0.5,0.15280969878019005,0.0009045011249894142
6.888,CIRCLE,0.40500402084184095,0.757716393999445,0.5028302296032464,0.31967924277311843,0.8844543948766947,0.5,0.15280984529291822,0.0009046882369174376
6.896,CIRCLE,0.40370393219195566,0.7597489995286962,0.502828938116086,0.3177427338173964,0.886056414408888,0.5,0.15280999172361692,0.0009048812306377134
6.904,CIRCLE,0.402393635177437,0.7617750418982361,0.502827649756741,0.3157981967311625,0.887648679787957,0.5,0.15281013800936738,0.0009050801874701035
6.912,CIRCLE,0.40107316302589924,0.7637944699219018,0.5028263643476696,0.31384568064535134,0.8892311507835109,0.5,0.15281028408929728,0.0009052851881289065
6.92,CIRCLE,0.3997425492203723,0.7658072325800945,0.502825081715637,0.3118852348924962,0.8908037874126253,0.5,0.15281042990453605,0.0009054963127340368
6.928,CIRCLE,0.39840182749847625,0.7678132790210795,0.5028238016916468,0.30991690900548224,0.8923665499408526,0.5,0.15281057539817042,0.0009057136407901584
6.936,CIRCLE,0.39705103185159024,0.7698125585622827,0.5028225241108727,0.30794075271629534,0.8939193988832251,0.5,0.1528107205151999,0.000905937251184664
6.944,CIRCLE,0.3956901965240144,0.7718050206915817,0.5028212488125915,0.3059568159547651,0.8954622950052533,0.5,0.15281086520249434,0.0009061672221794938
6.952,CIRCLE,0.39431935601212564,0.7737906150685936,0.502819975640116,0.3039651488473038,0.8969951993239168,0.5,0.15281100940875114,0.0009064036313993233
6.96,CIRCLE,0.3929385450635268,0.7757692915259571,0.5028187044407293,0.3019658017156396,0.8985180731086497,0.5,0.15281115308445367,0.0009066465558266115
6.968,CIRCLE,0.39154779867618955,0.7777410000706109,0.502817435065619,0.2999588250755451,0.9000308778823186,0.5,0.15281129618182987,0.0009068960717942678
6.976,CIRCLE,0.3901471520975907,0.7797056908850671,0.502816167369813,0.29794426963556125,0.9015335754221955,0.5,0.1528114386548124,0.0009071522549761341
6.984,CIRCLE,0.3887366408238425,0.7816633143286803,0.5028149012121151,0.29592218629571587,0.9030261277609227,0.5,0.1528115804589984,0.0009074151803779811
6.992,CIRCLE,0.38731630059881633,0.7836138209389116,0.5028136364550418,0.2938926261462377,0.9045084971874728,0.5,0.1528117215516106,0.0009076849223342813
7.0,CIRCLE,0.3858861674132599,0.7855571614325888,0.5028123729647597,0.29185564046626555,0.9059806462481013,0.5,0.15281186189145884,0.0009079615544952763
7.008,CIRCLE,0.38444627750390836,0.787493286707161,0.5028111106110233,0.2898112807225528,0.9074425377472923,0.5,0.15281200143890214,0.0009082451498241943
7.016,CIRCLE,0.38299666735258936,0.7894221478419493,0.5028098492671143,0.2877595985681667,0.9088941347486994,0.5,0.15281214015581165,0.0009085357805865121
7.024,CIRCLE,0.3815373736853211,0.7913436960993919,0.5028085888097797,0.2857006458411837,0.9103354005760782,0.5,0.15281227800553437,0.0009088335183420932
7.032,CIRCLE,0.3800684334714048,0.7932578829262854,0.5028073291191735,0.2836344745633794,0.9117662988142129,0.5,0.15281241495285672,0.0009091384339432765
7.04,CIRCLE,0.37858988392251053,0.7951646599550206,0.5028060700787957,0.2815611369389144,0.913186793309837,0.5,0.15281255096396987,0.0009094505975176688
7.048,CIRCLE,0.3771017624917571,0.7970639790048137,0.5028048115754351,0.27948068535301496,0.9145968481725459,0.5,0.15281268600643466,0.0009097700784723891
7.056,CIRCLE,0.3756041068727852,0.7989557920829329,0.5028035534991104,0.27739317237064987,0.9159964277757044,0.5,0.15281282004914762,0.000910096945477442
7.064,CIRCLE,0.37409695499882517,0.8008400513859194,0.5028022957430133,0.275298650735202,0.9173854967573469,0.5,0.15281295306230808,0.0009104312664654976
7.072,CIRCLE,0.37258034504175763,0.8027167093008049,0.5028010382034516,0.2731971733671357,0.91876402002107,0.5,0.15281308501738436,0.0009107731086206119
7.08,CIRCLE,0.37105431541116896,0.8045857184063224,0.5027997807797936,0.27108879336266006,0.9201319627369203,0.5,0.15281321588708238,0.0009111225383727033
7.088,CIRCLE,0.36951890475339977,0.8064470314741137,0.5027985233744124,0.2689735639923868,0.9214892903422736,0.5,0.15281334564531351,0.0009114796213895491
7.096,CIRCLE,0.3679741519505878,0.8083006014699304,0.5027972658926316,0.26685153869998485,0.9228359685427087,0.5,0.15281347426716385,0.00091184442257276
7.104,CIRCLE,0.36642009611970455,0.8101463815548314,0.502796008242671,0.26472277110082976,0.9241719633128735,0.5,0.1528136017288634,0.0009122170060498245
7.112,CIRCLE,0.3648567766115857,0.811984325086374,0.5027947503355933,0.262587314980649,0.9254972408973452,0.5,0.15281372800775647,0.0009125974351652039
7.12,CIRCLE,0.3632842330099559,0.8138143856198008,0.5027934920852515,0.2604452242941633,0.9268117678114827,0.5,0.15281385308227213,0.000912985772477226
7.128,CIRCLE,0.36170250513044694,0.8156365169092216,0.5027922334082368,0.2582965531637231,0.9281155108422725,0.5,0.15281397693189516,0.0009133820797496278
7.136,CIRCLE,0.3601116330196104,0.817450672908789,0.5027909742238271,0.2561413558779412,0.9294084370491686,0.5,0.15281409953713843,0.0009137864179448742
7.144,CIRCLE,0.3585116569539242,0.8192568077738706,0.5027897144539364,0.25397968689032124,0.9306905137649242,0.5,0.15281422087951457,0.0009141988472200878
7.152,CIRCLE,0.35690261743879287,0.8210548758622144,0.5027884540230644,0.2518116008178816,0.9319617085964169,0.5,0.15281434094150906,0.0009146194269200607
7.16,CIRCLE,0.35528455520754254,0.8228448317351104,0.5027871928582474,0.24963715243977572,0.9332219894254679,0.5,0.15281445970655347,0.0009150482155663854
7.168,CIRCLE,0.35365751122040917,0.8246266301585456,0.5027859308890089,0.24745639669590783,0.9344713244096525,0.5,0.15281457715899924,0.000915485270861778
7.176,CIRCLE,0.35202152666352166,0.826400226104355,0.5027846680473119,0.2452693886855449,0.9357096819831057,0.5,0.1528146932840924,0.0009159306496724776
7.184,CIRCLE,0.3503766429478786,0.8281655747513663,0.5027834042675109,0.24307618366592454,0.936937030857319,0.5,0.15281480806794834,0.0009163844080295211
7.192,CIRCLE,0.3487229017083195,0.82992263148654,0.5027821394863051,0.24087683705085883,0.9381533400219311,0.5,0.1528149214975266,0.0009168466011224034
7.2,CIRCLE,0.3470603448024897,0.8316713519061039,0.5027808736426919,0.2386714044093342,0.9393585787455118,0.5,0.15281503356060794,0.0009173172832901502
7.208,CIRCLE,0.3453890143098003,0.8334116918166822,0.5027796066779211,0.23645994146410748,0.9405527165763377,0.5,0.15281514424576936,0.0009177965080200978
7.216,CIRCLE,0.3437089525303814,0.8351436072364191,0.5027783385354502,0.23424250409029787,0.9417357233431622,0.5,0.15281525354236222,0.0009182843279367972
7.224,CIRCLE,0.3420202019840304,0.8368670543960974,0.502777069160899,0.23201914831397538,0.9429075691559781,0.5,0.15281536144048868,0.0009187807948030204
7.232,CIRCLE,0.34032280540915383,0.8385819897402513,0.5027757985020066,0.22978993031074516,0.9440682244067716,0.5,0.1528154679309799,0.0009192859595077834
7.24,CIRCLE,0.3386168057617043,0.8402883699282737,0.5027745265085872,0.2275549064043281,0.9452176597702717,0.5,0.15281557300537413,0.0009197998720677429
7.248,CIRCLE,0.33690224621411086,0.8419861518355183,0.502773253132488,0.2253141330651379,0.9463558462046906,0.5,0.15281567665589577,0.0009203225816172149
7.256,CIRCLE,0.3351791701542046,0.8436752925543957,0.5027719783275467,0.22306766690885413,0.9474827549524568,0.5,0.15281577887543388,0.0009208541364032239
7.264,CIRCLE,0.33344762118400867,0.8453557493953862,0.5027707020571336,0.22081556469499192,0.9485983575409431,0.5,0.1528158796576177,0.0009213974131171578
7.272,CIRCLE,0.33170764311806494,0.8470274798892503,0.5027694242743975,0.2185578833254677,0.9497026257831849,0.5,0.1528159789952439,0.0009219442561019052
7.28,CIRCLE,0.32995927998085445,0.8486904417846519,0.5027681449381084,0.21629467984316167,0.9507955317785928,0.5,0.15281607688175589,0.0009225047342365319
7.288,CIRCLE,0.3282025760116324,0.8503445930552392,0.5027668640069975,0.21402601143047642,0.9518770479136571,0.5,0.15281617331148153,0.0009230711802774434
7.296,CIRCLE,0.3264375756578644,0.8519898918944238,0.5027655814417394,0.21175193540789222,0.9529471468626465,0.5,0.1528162682798388,0.0009236506887765018
7.304,CIRCLE,0.32466432357679514,0.8536262967199759,0.5027642972098323,0.20947250923251873,0.9540058015882973,0.5,0.15281636178302338,0.0009242348875529265
7.312,CIRCLE,0.32288286463145416,0.8552537661716765,0.5027630112776227,0.20718779049664332,0.9550529853424973,0.5,0.15281645381792228,0.0009248301670506895
7.32,CIRCLE,0.3210932438945919,0.856872259117824,0.5027617236148757,0.2048978369262759,0.9560886716669613,0.5,0.15281654438240036,0.0009254379889483561
7.328,CIRCLE,0.3192955066441868,0.8584817346543465,0.5027604341837177,0.20260270637969033,0.9571128343938999,0.5,0.15281663347386645,0.0009260519310744675
7.336,CIRCLE,0.3174896983607473,0.8600821521027874,0.5027591429632422,0.20030245684596273,0.9581254476466803,0.5,0.15281672109047226,0.0009266743271998877
7.344,CIRCLE,0.31567586472967596,0.861673471014884,0.5027578499362376,0.19799714644350622,0.9591264858404802,0.5,0.15281680723122174,0.0009273046072439242
7.352,CIRCLE,0.3138540516383609,0.8632556511723449,0.5027565550782334,0.1956868334186025,0.9601159236829346,0.5,0.1528168918952386,0.0009279454235146322
7.36,CIRCLE,0.3120243051764711,0.86482865258973,0.5027552583537349,0.19337157614393016,0.9610937361747741,0.5,0.15281697508163467,0.0009285960613586388
7.368,CIRCLE,0.3101866716321602,0.8663924355115424,0.5027539597552481,0.19105143311708997,0.9620598986104574,0.5,0.15281705679065555,0.0009292525220063549
7.376,CIRCLE,0.3083411974911222,0.8679469604136673,0.5027526592448363,0.18872646295912665,0.9630143865787946,0.5,0.1528171370224553,0.0009299241008841615
7.384,CIRCLE,0.3064879294381555,0.8694921880072674,0.5027513568045374,0.18639672441304794,0.9639571759635648,0.5,0.15281721577830068,0.0009306020042823618
7.392,CIRCLE,0.30462691435129774,0.8710280792341221,0.5027500524119289,0.1840622763423403,0.9648882429441252,0.5,0.15281729305994102,0.000931289302872878
7.4,CIRCLE,0.3027581993056273,0.8725545952727408,0.5027487460605551,0.1817231777294816,0.9658075639960124,0.5,0.15281736887064554,0.0009319823860696888
7.408,CIRCLE,0.3008818315718056,0.8740716975392167,0.5027474377405373,0.17937948767445108,0.9667151158915377,0.5,0.1528174432147466,0.000932693381460321
7.416,CIRCLE,0.29899785861729555,0.8755793476907456,0.5027461274253046,0.17703126539323583,0.967610875700373,0.5,0.15281751609781544,0.000933409081092339
7.424,CIRCLE,0.29710632809516074,0.8770775076173953,0.5027448151017314,0.17467857021633482,0.968494820790131,0.5,0.1528175875248041,0.0009341365816676182
7.432,CIRCLE,0.29520728784948913,0.8785661394517402,0.5027435007552572,0.17232146158725986,0.9693669288269365,0.5,0.1528176574997263,0.0009348764427670129
7.44,CIRCLE,0.29330078591234965,0.8800452055678822,0.5027421843887271,0.16995999906103354,0.970227177775991,0.5,0.15281772602570576,0.0009356225482146823
7.448,CIRCLE,0.29138687050177126,0.8815146685813425,0.5027408659887596,0.16759424230268466,0.9710755459021292,0.5,0.1528177931043196,0.0009363812412646756
7.456,CIRCLE,0.2894655900250169,0.8829744913524235,0.5027395455470365,0.16522425108574068,0.9719120117703681,0.5,0.15281785873817472,0.0009371485151537305
7.464,CIRCLE,0.2875369930734294,0.884424636983718,0.5027382230538927,0.1628500852907174,0.9727365542464492,0.5,0.15281792292963178,0.0009379292762175253
7.472,CIRCLE,0.28560112842330526,0.8858650688210078,0.5027368985069398,0.16047180490360607,0.9735491524973716,0.5,0.15281798568263621,0.0009387136556714107
7.48,CIRCLE,0.2836580450324603,0.8872957504536308,0.5027355718903982,0.15808947001435786,0.974349785991919,0.5,0.15281804700082346,0.0009395089384415595
7.488,CIRCLE,0.2817077920461678,0.8887166457204781,0.5027342431946469,0.15570314081536546,0.9751384345011782,0.5,0.15281810689083786,0.0009403116069768269
7.496,CIRCLE,0.2797504187912852,0.8901277187068215,0.5027329124297611,0.15331287759994233,0.9759150780990502,0.5,0.15281816536116602,0.000941130335228373
7.5040000000000004,CIRCLE,0.2777859747754035,0.8915289337469768,0.5027315795910658,0.1509187407607993,0.9766796971627538,0.5,0.15281822242084972,0.0009419550700031066
7.5120000000000005,CIRCLE,0.2758145096786613,0.8929202554203041,0.5027302446721216,0.14852079078851882,0.9774322723733211,0.5,0.1528182780766728,0.0009427895883472932
7.5200000000000005,CIRCLE,0.27383607335972887,0.8943016485571843,0.5027289076745677,0.1461190882700263,0.9781727847160859,0.5,0.15281833233642045,0.0009436332904085573
7.5280000000000005,CIRCLE,0.27185071585325066,0.8956730782406149,0.5027275686016255,0.14371369388705954,0.9789012154811643,0.5,0.15281838520731866,0.0009444862076600882
7.5360000000000005,CIRCLE,0.26985848736932194,0.8970345098056286,0.5027262274568689,0.1413046684146356,0.9796175462639267,0.5,0.15281843669745301,0.0009453484563387797
7.5440000000000005,CIRCLE,0.2678594382907779,0.8983859088408831,0.5027248842435139,0.13889207271951498,0.9803217589654636,0.5,0.15281848681416146,0.0009462200661450279
7.5520000000000005,CIRCLE,0.2658536191726334,0.8997272411880386,0.5027235389661564,0.13647596775866397,0.9810138357930426,0.5,0.15281853556546413,0.0009471015450010004
7.5600000000000005,CIRCLE,0.2638410807394554,0.9010584729433276,0.5027221916279649,0.13405641457771447,0.9816937592605575,0.5,0.15281858295847248,0.0009479929203431056
7.5680000000000005,CIRCLE,0.2618218738849396,0.9023795704570454,0.5027208422237154,0.1316334743094215,0.982361512188971,0.5,0.15281862900068913,0.0009488980095016252
7.5760000000000005,CIRCLE,0.2597960496699826,0.9036905003357946,0.5027194907683592,0.12920720817211873,0.9830170777067482,0.5,0.1528186736992024,0.0009498123673642206
7.5840000000000005,CIRCLE,0.25776365932143086,0.9049912294410811,0.5027181372489671,0.12677767746817165,0.9836604392502826,0.5,0.15281871706100247,0.0009507337111574538
7.5920000000000005,CIRCLE,0.2557247542321663,0.9062817248920899,0.5027167816830697,0.12434494358242877,0.9842915805643152,0.5,0.15281875909414974,0.0009516705111760887
7.6000000000000005,CIRCLE,0.2536793859612361,0.9075619540701825,0.5027154240862196,0.12190906798067061,0.9849104857023451,0.5,0.15281879980656513,0.0009526180035719921
7.6080000000000005,CIRCLE,0.2516276062283223,0.9088318846132355,0.5027140644519706,0.11947011220805669,0.9855171390270321,0.5,0.15281883920536335,0.0009535699381275196
7.6160000000000005,CIRCLE,0.24956946691343784,0.9100914844184593,0.5027127027934912,0.11702813788757054,0.9861115252105918,0.5,0.15281887729736307,0.000954536192478199
7.6240000000000006,CIRCLE,0.2475050200599461,0.9113407216497099,0.5027113391250145,0.11458320671846273,0.9866936292351833,0.5,0.15281891408927065,0.0009555124707081012
7.632000000000001,CIRCLE,0.24543431786851422,0.9125795647313012,0.5027099734495388,0.11213538047469199,0.9872634363932882,0.5,0.1528189495869,0.0009564987933126391
7.640000000000001,CIRCLE,0.2433574126962693,0.9138079823470432,0.5027086057831772,0.10968472100336435,0.9878209322880827,0.5,0.1528189837968107,0.0009574898321238505
7.648000000000001,CIRCLE,0.2412743570561515,0.915025943443742,0.5027072361325431,0.10723129022317057,0.9883661028338004,0.5,0.15281901672510367,0.0009584968720816019
7.656000000000001,CIRCLE,0.2391852036196052,0.9162334172378485,0.5027058645161505,0.10477515012282168,0.9888989342560895,0.5,0.15281904837851942,0.0009595139478585829
7.664000000000001,CIRCLE,0.23709000520965526,0.9174303732083774,0.5027044909336309,0.10231636275948273,0.9894194130923598,0.5,0.15281907876281237,0.0009605365399987754
7.672000000000001,CIRCLE,0.23498881480143705,0.9186167810991679,0.5027031154010353,0.09985499025720491,0.9899275261921232,0.5,0.1528191078842403,0.0009615725971078412
7.68,CIRCLE,0.23288168552401395,0.9197926109247224,0.50270173793278,0.09739109480535607,0.9904232607173258,0.5,0.15281913574966213,0.0009626177197193203
7.688,CIRCLE,0.23076867065514198,0.9209578329647946,0.5027003585495909,0.09492473865704858,0.990906604142673,0.5,0.152819162366158,0.000963671923455118
7.696,CIRCLE,0.22864982362099803,0.9221124177661408,0.5026989772634706,0.09245598412756775,0.9913775442559447,0.5,0.15281918774119796,0.0009647386436100034
7.704,CIRCLE,0.22652519799471796,0.9232563361431407,0.5026975940677828,0.08998489359279653,0.9918360691583051,0.5,0.15281921188239106,0.0009658143373976327
7.712,CIRCLE,0.22439484749394323,0.9243895591773965,0.5026962089988058,0.08751152948763966,0.9922821672646024,0.5,0.15281923479805481,0.0009668983244058864
7.72,CIRCLE,0.22225882598159705,0.9255120582222696,0.5026948220604885,0.08503595430444622,0.992715827303662,0.5,0.1528192564960536,0.0009679983543565058
7.728,CIRCLE,0.22011718746443668,0.9266238049038353,0.5026934332857007,0.08255823059143066,0.9931370383185714,0.5,0.15281927698473516,0.0009691030424253207
7.736,CIRCLE,0.21796998608975968,0.9277247711174732,0.5026920426738086,0.08007842095109255,0.9935457896669564,0.5,0.15281929627190508,0.0009702178352007691
7.744,CIRCLE,0.2158172761472226,0.9288149290363502,0.5026906502416322,0.07759658803863469,0.9939420710212509,0.5,0.15281931436521934,0.0009713374168118211
7.752,CIRCLE,0.21365911206695726,0.9298942511093548,0.5026892560015211,0.07511279456038017,0.9943258723689568,0.5,0.1528193312726364,0.0009724729134690599
7.76,CIRCLE,0.2114955484177722,0.9309627100638457,0.5026878599743394,0.07262710327218805,0.9946971840128979,0.5,0.1528193470014716,0.0009736172092946103
7.768,CIRCLE,0.20932663990096892,0.932020278895392,0.5026864621804552,0.07013957697786764,0.9950559965714645,0.5,0.15281936155848805,0.0009747730753492013
7.776,CIRCLE,0.2071524413522289,0.9330669308725296,0.5026850626224358,0.0676502785275918,0.9954023009788502,0.5,0.1528193749507239,0.0009759405168355116
7.784,CIRCLE,0.20497300774066696,0.9341026395355067,0.5026836613241031,0.06515927081630891,0.9957360884852815,0.5,0.1528193871872957,0.0009771157339571077
7.792,CIRCLE,0.20278839416737016,0.9351273787007186,0.5026822583212314,0.06266661678215378,0.9960573506572388,0.5,0.15281939827756252,0.0009782993517964288
7.8,CIRCLE,0.20059865586520603,0.9361411224646303,0.5026808536262412,0.06017237940485741,0.9963660793776685,0.5,0.15281940823030593,0.0009794950839840573
7.808,CIRCLE,0.19840384819681722,0.9371438452038791,0.5026794472560515,0.05767662170415577,0.9966622668461896,0.5,0.152819417053942,0.000980697472415351
7.816,CIRCLE,0.1962040266524753,0.9381355215728789,0.5026780392289166,0.055179406738197545,0.99694590557929,0.5,0.15281942475699758,0.000981913695419176
7.824,CIRCLE,0.19399924685014047,0.9391161265078848,0.5026766295631966,0.05268079760195085,0.9972169884105151,0.5,0.15281943134811174,0.0009831376850026668
7.832,CIRCLE,0.1917895645308386,0.9400856352220887,0.502675218279848,0.05018085742560911,0.9974755084906499,0.5,0.15281943683524368,0.0009843730587995884
7.84,CIRCLE,0.18957503555988958,0.9410440232100504,0.5026738053917129,0.047679649372995986,0.9977214592878914,0.5,0.1528194412264296,0.0009856158495773859
7.848,CIRCLE,0.1873557159248423,0.9419912662452542,0.5026723909338469,0.04517723663996946,0.9979548345880138,0.5,0.15281944453084836,0.0009868687822279963
7.856,CIRCLE,0.18513166173474516,0.9429273403841525,0.502670974916319,0.04267368245282515,0.9981756284945255,0.5,0.15281944675733627,0.0009881347565816121
7.864,CIRCLE,0.1829029292183623,0.9438522219658741,0.5026695573589043,0.04016905006669879,0.9983838354288179,0.5,0.15281944791500218,0.0009894071469307097
7.872,CIRCLE,0.1806695747218234,0.9447658876096393,0.5026681382758067,0.03766340276396804,0.9985794501303069,0.5,0.15281944801321698,0.0009906889744864971
7.88,CIRCLE,0.17843165470804265,0.9456683142220758,0.502666717685983,0.03515680385265358,0.998762467656565,0.5,0.152819447060169,0.000991979894156796
7.888,CIRCLE,0.17618922575453796,0.94655947899676,0.5026652955916607,0.03264931666481956,0.998932883383447,0.5,0.15281944506222694,0.000993279903159799
7.896,CIRCLE,0.17394234455243965,0.947439359412697,0.5026638720289872,0.030141004554973438,0.9990906930052064,0.5,0.15281944202600134,0.0009945927077836816
7.904,CIRCLE,0.17169106790450336,0.9483079332337215,0.5026624470172493,0.027631930898465277,0.9992358925346038,0.5,0.15281943795733718,0.0009959118270168011
7.912,CIRCLE,0.16943545272233435,0.9491651785052857,0.5026610205852492,0.02512215908988646,0.9993684783030087,0.5,0.15281943286172833,0.000997242662391249
7.92,CIRCLE,0.1671755560284618,0.9500110735613164,0.5026595927500679,0.022611752541467994,0.9994884469604912,0.5,0.15281942674510904,0.000998579524944234
7.928,CIRCLE,0.16491143495390095,0.950845597021354,0.5026581635367477,0.02010077468147829,0.9995957954759072,0.5,0.1528194196143979,0.0009999300502140933
7.936,CIRCLE,0.16264314673796182,0.9516687277953838,0.5026567329648599,0.017589288952620602,0.9996905211369745,0.5,0.1528194114770732,0.001001287539518679
7.944,CIRCLE,0.16037074872332605,0.9524804450785184,0.5026553010576669,0.015077358810430068,0.9997726215503422,0.5,0.1528194023399182,0.0010026563195059965
7.952,CIRCLE,0.15809429835705824,0.9532807283557237,0.5026538678305688,0.01256504772167043,0.99984209464165,0.5,0.15281939220979723,0.0010040312926435904
7.96,CIRCLE,0.1558138531883848,0.9540695573991421,0.5026524333105988,0.01005241916273048,0.9998989386555814,0.5,0.15281938109425267,0.0010054193323022266
7.968,CIRCLE,0.153529470868557,0.9548469122729699,0.5026509975234662,0.0075395366180202525,0.9999431521559081,0.5,0.15281936900120013,0.0010068114244082289
7.976,CIRCLE,0.15124120914766484,0.9556127733299411,0.5026495604871793,0.00502646357836702,0.9999747340255258,0.5,0.15281935593839652,0.001008219161557904
7.984,CIRCLE,0.1489491258752289,0.9563671212172683,0.5026481222158716,0.0025132635394111264,0.9999936834664829,0.5,0.15281934191387347,0.001009630476833535
7.992,CIRCLE,0.1466532789942655,0.957109936867834,0.502646682738125,1.6959507069164186e-15,1.0,0.5,0.15281932693467423,0.0010110561271180715
8.0,CIRCLE,0.14435372654404185,0.9578412015094494,0.5026452420754172,-0.002513263539407734,0.9999936834664829,0.5,0.1528193110079602,0.0010124885816650189
8.008000000000001,CIRCLE,0.14205052665487214,0.9585608966592246,0.502643800247332,-0.005026463578363962,0.9999747340255258,0.5,0.15281929413924691,0.0010139304961637712
8.016,CIRCLE,0.1397437375500664,0.9592690041282693,0.5026423572555614,-0.007539536618016972,0.9999431521559081,0.5,0.15281927633420828,0.0010153818561083935
8.024000000000001,CIRCLE,0.13743341754508367,0.959965506020142,0.5026409131322193,-0.010052419162727533,0.9998989386555814,0.5,0.15281925760068416,0.0010168426601067978
8.032,CIRCLE,0.13511962504390126,0.9606503847308107,0.5026394679009724,-0.012565047721667262,0.99984209464165,0.5,0.15281923794604102,0.0010183127836400718
8.040000000000001,CIRCLE,0.1328024185386524,0.9613236229504997,0.5026380215833056,-0.015077358810427231,0.9997726215503422,0.5,0.15281921737797916,0.0010197920752251393
8.048,CIRCLE,0.13048185660684103,0.9619852036628643,0.5026365742023378,-0.017589288952617545,0.9996905211369747,0.5,0.1528191959036503,0.001021279754273331
8.056000000000001,CIRCLE,0.12815799791138788,0.9626351101470864,0.502635125770923,-0.020100774681475565,0.9995957954759073,0.5,0.1528191735305066,0.0010227800060800482
8.064,CIRCLE,0.12583090119867033,0.963273325978062,0.5026336763176663,-0.02261175254146505,0.9994884469604913,0.5,0.1528191502663588,0.0010242825705290652
8.072000000000001,CIRCLE,0.1235006252951253,0.9638998350227217,0.5026322258661808,-0.025122159089883852,0.9993684783030088,0.5,0.1528191261181262,0.0010257940295738271
8.08,CIRCLE,0.12116722910848705,0.9645146214506443,0.5026307744350129,-0.027631930898462446,0.9992358925346039,0.5,0.1528191010920673,0.0010273079214338874
8.088000000000001,CIRCLE,0.11883077162531168,0.9651176697310573,0.5026293220472655,-0.03014100455497094,0.9990906930052064,0.5,0.15281907519391136,0.0010288395325917649
8.096,CIRCLE,0.11649131191039436,0.9657089646348566,0.5026278687250344,-0.03264931666481684,0.9989328833834472,0.5,0.1528190484293698,0.0010303751750017321
8.104000000000001,CIRCLE,0.1141489091016321,0.9662884912196363,0.502626414489293,-0.03515680385265119,0.9987624676565652,0.5,0.15281902080396476,0.001031921225784997
8.112,CIRCLE,0.1118036224115313,0.9668562348408326,0.5026249593529802,-0.03766340276396543,0.998579450130307,0.5,0.15281899232333562,0.0010334732792743845
8.120000000000001,CIRCLE,0.10945551112518419,0.9674121811489629,0.5026235033551918,-0.040169050066696514,0.9983838354288181,0.5,0.1528189629939571,0.0010350346993231504
8.128,CIRCLE,0.10710463459946615,0.9679563160946084,0.5026220464971985,-0.04267368245282265,0.9981756284945257,0.5,0.1528189328217326,0.0010366054617841857
8.136000000000001,CIRCLE,0.10475105226215146,0.968488625926531,0.5026205888065352,-0.0451772366399673,0.997954834588014,0.5,0.15281890181418065,0.0010381859740388264
8.144,CIRCLE,0.10239482360868689,0.969009097191566,0.5026191303097756,-0.047679649372993606,0.9977214592878916,0.5,0.15281886997834804,0.0010397732468674383
8.152000000000001,CIRCLE,0.10003600820088948,0.969517716734958,0.5026176710350228,-0.050180857425607066,0.9974755084906501,0.5,0.15281883732102913,0.0010413688449453387
8.16,CIRCLE,0.09767466566640384,0.9700144717033932,0.5026162109834329,-0.05268079760194858,0.9972169884105153,0.5,0.1528188038487148,0.0010429727428422774
8.168000000000001,CIRCLE,0.09531085569794513,0.9704993495432734,0.5026147501834468,-0.05517940673819561,0.9969459055792902,0.5,0.1528187695696655,0.0010445869172069256
8.176,CIRCLE,0.09294463805008177,0.9709723380013826,0.5026132886489054,-0.05767662170415362,0.99666226684619,0.5,0.15281873449144454,0.0010462065260904696
8.184000000000001,CIRCLE,0.09057607253718614,0.9714334251220853,0.5026118264065851,-0.060172379404855585,0.9963660793776687,0.5,0.15281869862136852,0.0010478329183658053
8.192,CIRCLE,0.08820521903262088,0.9718825992548179,0.5026103634676572,-0.06266661678215174,0.996057350657239,0.5,0.15281866196548718,0.0010494698167807085
8.2,CIRCLE,0.08583213746692978,0.9723198490538596,0.5026088998656556,-0.06515927081630665,0.995736088485282,0.5,0.1528186245291251,0.0010511112899286533
8.208,CIRCLE,0.08345688782601707,0.9727451634742963,0.5026074356186332,-0.06765027852758987,0.9954023009788504,0.5,0.15281858631665923,0.0010527624687313671
8.216,CIRCLE,0.08107953015120671,0.9731585317751503,0.5026059707454495,-0.07013957697786549,0.9950559965714647,0.5,0.15281854733292616,0.0010544165942006326
8.224,CIRCLE,0.07870012453684017,0.9735599435164523,0.5026045052652945,-0.07262710327218623,0.9946971840128982,0.5,0.15281850758283996,0.0010560835673851722
8.232,CIRCLE,0.07631873112972298,0.9739493885636126,0.502603039196545,-0.07511279456037814,0.9943258723689571,0.5,0.15281846707175142,0.0010577551450462548
8.24,CIRCLE,0.07393541012584906,0.9743268570788337,0.5026015725586209,-0.07759658803863298,0.9939420710212511,0.5,0.15281842580495705,0.0010594353798447963
8.248,CIRCLE,0.07155022176996927,0.9746923395279954,0.5026001053626765,-0.08007842095109062,0.9935457896669568,0.5,0.1528183837876522,0.001061120369762977
8.256,CIRCLE,0.06916322635386907,0.975045826678054,0.5025986376434408,-0.08255823059142908,0.9931370383185717,0.5,0.15281834102563693,0.0010628146543693595
8.264,CIRCLE,0.06677448421501189,0.9753873096012529,0.5025971694122571,-0.0850359543044444,0.9927158273036624,0.5,0.1528182975241784,0.0010645142355508045
8.272,CIRCLE,0.06438405573480854,0.9757167796725151,0.5025957006873478,-0.08751152948763818,0.9922821672646027,0.5,0.15281825328868265,0.0010662255374279132
8.28,CIRCLE,0.06199200133632324,0.9760342285708763,0.5025942314888163,-0.08998489359279484,0.9918360691583055,0.5,0.15281820832369514,0.0010679412219605645
8.288,CIRCLE,0.059598381481710934,0.9763396482763369,0.502592761839828,-0.09245598412756638,0.9913775442559449,0.5,0.15281816263223216,0.0010696657175668495
8.296,CIRCLE,0.05720325667405904,0.9766330310754496,0.5025912917539392,-0.09492473865704698,0.9909066041426733,0.5,0.1528181162183346,0.001071394140099702
8.304,CIRCLE,0.054806687455494434,0.9769143695586578,0.5025898212523143,-0.09739109480535481,0.990423260717326,0.5,0.15281806908731885,0.0010731340458687549
8.312,CIRCLE,0.052408734404541524,0.9771836566221276,0.5025883503569277,-0.09985499025720365,0.9899275261921234,0.5,0.1528180212444037,0.0010748773512968747
8.32,CIRCLE,0.05000945813342372,0.9774408854645906,0.502586879079129,-0.1023163627594818,0.9894194130923599,0.5,0.15281797269364883,0.0010766271332359827
8.328,CIRCLE,0.047608919288316884,0.9776860495932503,0.5025854074287998,-0.10477515012282053,0.9888989342560899,0.5,0.15281792343941,0.0010783798824575874
8.336,CIRCLE,0.04520717854795183,0.9779191428216273,0.5025839354275458,-0.10723129022316975,0.9883661028338007,0.5,0.1528178734869514,0.0010801433202031498
8.344,CIRCLE,0.04280429662095936,0.9781401592715113,0.5025824630979828,-0.10968472100336331,0.9878209322880829,0.5,0.15281782284106069,0.0010819125269290876
8.352,CIRCLE,0.04040033424440346,0.9783490933652803,0.5025809904668683,-0.11213538047469128,0.9872634363932884,0.5,0.15281777150670703,0.001083689086197089
8.36,CIRCLE,0.037995352183265496,0.9785459398288602,0.5025795175356839,-0.11458320671846181,0.9866936292351836,0.5,0.1528177194892879,0.0010854732423669427
8.368,CIRCLE,0.03558941122793166,0.9787306936921736,0.5025780443240969,-0.11702813788756994,0.9861115252105919,0.5,0.15281766679432987,0.001087264742439604
8.376,CIRCLE,0.0331825721941973,0.9789033502909833,0.5025765708541621,-0.11947011220805587,0.9855171390270323,0.5,0.15281761342864084,0.0010890624537044683
8.384,CIRCLE,0.030774895920554355,0.9790639052660014,0.5025750971382782,-0.12190906798067012,0.9849104857023452,0.5,0.15281755939897948,0.0010908629349564067
8.392,CIRCLE,0.028366443266472974,0.9792123545657746,0.5025736231959042,-0.12434494358242806,0.9842915805643153,0.5,0.152817504712037,0.0010926731929868025
8.4,CIRCLE,0.025957275110009597,0.979348694448427,0.5025721490414102,-0.12677767746817126,0.9836604392502826,0.5,0.15281744937338376,0.001094481043155987
8.408,CIRCLE,0.023547452345873677,0.9794729214766225,0.5025706747006643,-0.12920720817211812,0.9830170777067483,0.5,0.15281739338755618,0.001096303239686175
8.416,CIRCLE,0.021137035886250915,0.9795850325266353,0.5025692001843988,-0.1316334743094212,0.982361512188971,0.5,0.15281733675976963,0.0010981252463917318
8.424,CIRCLE,0.018726086657961747,0.9796850247733715,0.5025677255088129,-0.13405641457771397,0.9816937592605577,0.5,0.1528172794953433,0.0010999555258897453
8.432,CIRCLE,0.01631466560125333,0.9797728957013374,0.5025662506931134,-0.13647596775866383,0.9810138357930426,0.5,0.15281722159971284,0.0011017869357893336
8.44,CIRCLE,0.013902833667457861,0.9798486431018065,0.5025647757464041,-0.1388920727195146,0.9803217589654638,0.5,0.15281716307749424,0.0011036306555143565
8.448,CIRCLE,0.011490651817684723,0.9799122650752827,0.5025633006882957,-0.14130466841463554,0.9796175462639267,0.5,0.1528171039330797,0.0011054750258593382
8.456,CIRCLE,0.009078181021709545,0.9799637600215602,0.5025618255343349,-0.1437136938870593,0.9789012154811644,0.5,0.1528170441708174,0.0011073268182667996
8.464,CIRCLE,0.006665482256963211,0.98000312664967,0.5025603502997943,-0.14611908827002631,0.9781727847160859,0.5,0.15281698379554587,0.0011091803350300265
8.472,CIRCLE,0.004252616506566625,0.9800303639751601,0.5025588750049234,-0.14852079078851865,0.9774322723733211,0.5,0.1528169228122736,0.001111042933536066
8.48,CIRCLE,0.001839644756880917,0.9800454713220723,0.5025573996567424,-0.15091874076079947,0.9766796971627537,0.5,0.15281686122501048,0.001112904876319683
8.488,CIRCLE,-0.0005733720035668135,0.9800484483184441,0.5025559242782349,-0.15331287759994225,0.9759150780990502,0.5,0.15281679903764459,0.0011147801336184528
8.496,CIRCLE,-0.002986372784061131,0.9800392949033779,0.5025544488794229,-0.1557031408153657,0.9751384345011782,0.5,0.15281673625518485,0.0011166547795031427
8.504,CIRCLE,-0.005399296593919968,0.9800180113150017,0.5025529734748866,-0.1580894700143579,0.974349785991919,0.5,0.1528166728830337,0.0011185366503539986
8.512,CIRCLE,-0.0078120824444650695,0.9799845981019958,0.5025514980818759,-0.16047180490360644,0.9735491524973716,0.5,0.15281660892682433,0.0011204192521213174
8.52,CIRCLE,-0.010224669351144786,0.9799390561208926,0.5025500227110014,-0.16285008529071754,0.9727365542464492,0.5,0.15281654439165143,0.001122312318111686
8.528,CIRCLE,-0.012636996334947323,0.979881386538241,0.5025485473774826,-0.16522425108574115,0.971912011770368,0.5,0.15281647928253594,0.0011242059830928568
8.536,CIRCLE,-0.01504900242350136,0.9798115908213194,0.5025470720953156,-0.16759424230268494,0.9710755459021291,0.5,0.1528164136043197,0.001126105805549105
8.544,CIRCLE,-0.017460626652646232,0.9797296707461128,0.5025455968773621,-0.1699599990610341,0.9702271777759908,0.5,0.1528163473619934,0.001128006930159347
8.552,CIRCLE,-0.019871808068087724,0.9796356283948227,0.5025441217424806,-0.1723214615872602,0.9693669288269364,0.5,0.15281628056058624,0.0011299162597415014
8.56,CIRCLE,-0.022282485727676646,0.9795294661576994,0.5025426466971842,-0.17467857021633548,0.9684948207901307,0.5,0.1528162132042577,0.0011318240591998428
8.568,CIRCLE,-0.02469259870237512,0.9794111867285318,0.5025411717649706,-0.17703126539323627,0.9676108757003729,0.5,0.15281614529705187,0.0011337446199522713
8.576,CIRCLE,-0.027102086076468426,0.9792807931117529,0.5025396969517631,-0.17937948767445183,0.9667151158915375,0.5,0.15281607684416898,0.0011356625927839122
8.584,CIRCLE,-0.029510886949492394,0.9791382886102901,0.5025382222705649,-0.18172317772948218,0.9658075639960122,0.5,0.15281600785103855,0.0011375873438834948
8.592,CIRCLE,-0.03191894043894043,0.9789836768382011,0.5025367477491929,-0.18406227634234115,0.9648882429441248,0.5,0.15281593832326631,0.0011395145624743305
8.6,CIRCLE,-0.03432618568152318,0.9788169617173146,0.5025352733877069,-0.1863967244130486,0.9639571759635646,0.5,0.15281586826600876,0.0011414442026093671
8.608,CIRCLE,-0.03673256183337755,0.9786381474756224,0.5025337991994437,-0.18872646295912762,0.9630143865787941,0.5,0.15281579768586964,0.0011433811416132012
8.616,CIRCLE,-0.039138008071685555,0.9784472386483475,0.5025323251978281,-0.19105143311709075,0.9620598986104569,0.5,0.15281572659072415,0.0011453201977907788
8.624,CIRCLE,-0.041542463598760564,0.9782442400732381,0.5025308513872778,-0.19337157614393125,0.9610937361747737,0.5,0.15281565498655506,0.0011472628949816153
8.632,CIRCLE,-0.043945867644946374,0.9780291568922834,0.5025293777781974,-0.19568683341860335,0.9601159236829342,0.5,0.15281558287648386,0.001149205306789936
8.64,CIRCLE,-0.046348159467396025,0.9778019945520644,0.5025279043932166,-0.19799714644350738,0.9591264858404798,0.5,0.15281551026364604,0.0011511565403466981
8.648,CIRCLE,-0.04874927835077611,0.9775627588085999,0.5025264312324507,-0.20030245684596368,0.9581254476466798,0.5,0.15281543715204884,0.0011531040150315542
8.656,CIRCLE,-0.051149163609610165,0.9773114557195127,0.5025249583143031,-0.20260270637969158,0.9571128343938994,0.5,0.15281536354553285,0.0011550599914705324
8.664,CIRCLE,-0.05354775459030377,0.9770480916537759,0.5025234856504212,-0.20489783692627694,0.9560886716669609,0.5,0.15281528944813555,0.0011570164357517772
8.672,CIRCLE,-0.05594499067158732,0.9767726732810013,0.5025220132591679,-0.20718779049664468,0.9550529853424967,0.5,0.1528152148640567,0.0011589741592213073
8.68,CIRCLE,-0.05834081126741281,0.976485207575779,0.502520541151184,-0.20947250923251978,0.9540058015882968,0.5,0.15281513979662217,0.001160937103885358
8.688,CIRCLE,-0.06073515582828963,0.9761857018180853,0.5025190693342613,-0.21175193540789355,0.9529471468626458,0.5,0.15281506424866126,0.001162902224799058
8.696,CIRCLE,-0.06312796384226042,0.9758741635914601,0.5025175978161338,-0.21402601143047745,0.9518770479136567,0.5,0.1528149882228621,0.0011648723926774135
8.704,CIRCLE,-0.06551917483587132,0.9755506007831073,0.5025161266072258,-0.216294679843163,0.9507955317785921,0.5,0.15281491172240275,0.0011668435494334775
8.712,CIRCLE,-0.06790872837546195,0.9752150215817791,0.5025146557219425,-0.21855788332546874,0.9497026257831844,0.5,0.15281483475086838,0.0011688144170288696
8.72,CIRCLE,-0.0702965640695594,0.9748674344816018,0.5025131851749458,-0.22081556469499325,0.9485983575409425,0.5,0.15281475731197297,0.001170790461736271
8.728,CIRCLE,-0.07268262157065639,0.974507848283305,0.5025117149695443,-0.22306766690885516,0.9474827549524563,0.5,0.15281467940941215,0.0011727633305040558
8.736,CIRCLE,-0.07506684057565313,0.9741362720904061,0.502510245113544,-0.22531413306513923,0.9463558462046898,0.5,0.15281460104761924,0.0011747447000883277
8.744,CIRCLE,-0.07744916082870881,0.9737527153141408,0.5025087756186893,-0.22755490640432913,0.9452176597702713,0.5,0.15281452223139497,0.001176724578822474
8.752,CIRCLE,-0.07982952212122071,0.9733571876626358,0.502507306494943,-0.2297899303107465,0.944068224406771,0.5,0.15281444296542188,0.0011787078190464372
8.76,CIRCLE,-0.08220786429455712,0.9729496991481424,0.5025058377522114,-0.2320191483139764,0.9429075691559775,0.5,0.15281436325441944,0.0011806905405363438
8.768,CIRCLE,-0.08458412724126733,0.9725302600848806,0.5025043694062687,-0.2342425040902992,0.9417357233431616,0.5,0.1528142831032066,0.0011826786299360438
8.776,CIRCLE,-0.0869582509069716,0.9720988810905171,0.5025029014618427,-0.2364599414641085,0.9405527165763371,0.5,0.1528142025164066,0.0011846628064293176
8.784,CIRCLE,-0.08933017529094003,0.9716555730821754,0.5025014339224734,-0.23867140440933554,0.939358578745511,0.5,0.1528141214987808,0.0011866550587971967
8.792,CIRCLE,-0.09169984044977363,0.971200347282445,0.5024999668084712,-0.24087683705085985,0.9381533400219306,0.5,0.15281404005470323,0.0011886416427552024
8.8,CIRCLE,-0.09406718649573415,0.9707332152108687,0.5024985001161972,-0.24307618366592584,0.9369370308573183,0.5,0.1528139581888906,0.0011906372610412139
8.808,CIRCLE,-0.09643215360169442,0.9702541886923192,0.502497033867856,-0.2452693886855459,0.9357096819831051,0.5,0.1528138759057103,0.0011926257034514632
8.816,CIRCLE,-0.0987946819989936,0.9697632798472547,0.502495568057549,-0.2474563966959091,0.9344713244096517,0.5,0.15281379320979738,0.0011946242852636903
8.824,CIRCLE,-0.10115471198310574,0.9692605011017849,0.5024941027092412,-0.24963715243977672,0.9332219894254672,0.5,0.15281371010526892,0.0011966141672145173
8.832,CIRCLE,-0.10351218391070442,0.968745865176036,0.5024926378240047,-0.2518116008178829,0.9319617085964162,0.5,0.15281362659659894,0.0011986118810614961
8.84,CIRCLE,-0.10586703820487439,0.9682193850976881,0.5024911734104129,-0.25397968689032224,0.9306905137649237,0.5,0.15281354268876443,0.0012006072035119339
8.848,CIRCLE,-0.10821921535423071,0.967681074188794,0.5024897094698257,-0.25614135587794246,0.929408437049168,0.5,0.15281345838630295,0.001202607129301882
8.856,CIRCLE,-0.11056865591670274,0.9671309460707155,0.5024882460079632,-0.2582965531637241,0.928115510842272,0.5,0.15281337369251263,0.0012046023891753225
8.864,CIRCLE,-0.1129153005201891,0.9665690146601816,0.5024867830427927,-0.26044522429416456,0.9268117678114819,0.5,0.15281328860948373,0.0012066011260765477
8.872,CIRCLE,-0.1152590898641728,0.9659952941774242,0.5024853205885803,-0.26258731498065,0.9254972408973445,0.5,0.15281320313989752,0.0012085965275030702
8.88,CIRCLE,-0.117599964718486,0.9654097991402366,0.5024838586561688,-0.264722771100831,0.9241719633128727,0.5,0.15281311728829244,0.0012105926232087883
8.888,CIRCLE,-0.11993786592693995,0.9648125443672694,0.502482397233519,-0.26685153869998585,0.922835968542708,0.5,0.15281303105967678,0.0012125937194290288
8.896,CIRCLE,-0.12227273440866783,0.9642035449746432,0.5024809363434517,-0.26897356399238803,0.9214892903422728,0.5,0.15281294445985577,0.0012145893917856938
8.904,CIRCLE,-0.12460451115797366,0.9635828163701022,0.5024794759848858,-0.271088793362661,0.9201319627369198,0.5,0.15281285749449997,0.0012165905239521313
8.912,CIRCLE,-0.1269331372493616,0.9629503742602246,0.5024780161728597,-0.27319717336713695,0.9187640200210693,0.5,0.15281277016847436,0.0012185861749846568
8.92,CIRCLE,-0.12925855383615148,0.9623062346435848,0.5024765569056232,-0.2752986507352029,0.9173854967573463,0.5,0.15281268248622315,0.0012205871602711197
8.928,CIRCLE,-0.13158070215500137,0.9616504138176549,0.5024750981979813,-0.27739317237065103,0.9159964277757038,0.5,0.15281259445149814,0.0012225824366932144
8.936,CIRCLE,-0.1338995235241613,0.9609829283715877,0.5024736400487341,-0.27948068535301585,0.9145968481725453,0.5,0.15281250606793229,0.0012245825826917298
8.944,CIRCLE,-0.1362149593479404,0.9603037951929537,0.5024721824727915,-0.28156113693891555,0.9131867933098361,0.5,0.15281241733883988,0.001226576823915412
8.952,CIRCLE,-0.13852695111495675,0.9596130314605678,0.502470725469955,-0.2836344745633803,0.9117662988142123,0.5,0.15281232826776278,0.0012285752837912407
8.96,CIRCLE,-0.1408354404025755,0.9589106546509771,0.5024692690551622,-0.2857006458411849,0.9103354005760773,0.5,0.15281223885827452,0.001230567742182262
8.968,CIRCLE,-0.14314036887526038,0.9581966825315267,0.502467813229411,-0.2877595985681676,0.9088941347486987,0.5,0.15281214911447039,0.0012325636402434395
8.976,CIRCLE,-0.14544167828890028,0.9574711331664298,0.5024663580075079,-0.28981128072255397,0.9074425377472914,0.5,0.15281205904078468,0.0012345535415906564
8.984,CIRCLE,-0.14773931048933153,0.9567340249102267,0.502464903391738,-0.29185564046626644,0.9059806462481006,0.5,0.15281196864242197,0.0012365460119566965
8.992,CIRCLE,-0.1500332074164933,0.9559853764135269,0.5024634493852149,-0.29389262614623884,0.9045084971874721,0.5,0.15281187792507364,0.0012385368075994133
9.0,CIRCLE,-0.1523233111045488,0.9552252066151459,0.5024619959917082,-0.29592218629571676,0.9030261277609222,0.5,0.15281178689375138,0.001240527388097709
9.008000000000001,CIRCLE,-0.15460956368423293,0.9544535347439046,0.5024605432107284,-0.2979442696355624,0.9015335754221947,0.5,0.15281169555258975,0.0012425177033366396
9.016,CIRCLE,-0.15689190738266623,0.9536703803173777,0.5024590910609513,-0.299958825075546,0.900030877882318,0.5,0.1528116039064706,0.0012445073087276439
9.024000000000001,CIRCLE,-0.15917028452560228,0.9528757631418715,0.502457639536559,-0.30196580171564075,0.8985180731086488,0.5,0.152811511959702,0.0012464941066433431
9.032,CIRCLE,-0.16144463753989885,0.9520697033134764,0.5024561886501782,-0.3039651488473047,0.8969951993239161,0.5,0.15281141971628215,0.0012484829462802124
9.040000000000001,CIRCLE,-0.16371490895500035,0.9512522212193876,0.5024547384075038,-0.30595681595476626,0.8954622950052524,0.5,0.15281132718014714,0.0012504633407484705
9.048,CIRCLE,-0.16598104140352296,0.9504233375337002,0.5024532888090674,-0.3079407527162962,0.8939193988832245,0.5,0.15281123435468785,0.001252445666904297
9.056000000000001,CIRCLE,-0.16824297762631313,0.9495830732248048,0.5024518398689808,-0.3099169090054834,0.8923665499408517,0.5,0.15281114124263362,0.0012544210685782424
9.064,CIRCLE,-0.1705006604695872,0.9487314495476972,0.5024503915907723,-0.31188523489249703,0.8908037874126247,0.5,0.15281104784710617,0.001256397188008022
9.072000000000001,CIRCLE,-0.17275403288810276,0.9478684880483851,0.5024489439779537,-0.31384568064535245,0.88923115078351,0.5,0.15281095417206741,0.0012583705257335014
9.08,CIRCLE,-0.17500303794462393,0.9469942105564281,0.5024474970404985,-0.3157981967311633,0.8876486797879563,0.5,0.15281086022165352,0.0012603449163597386
9.088000000000001,CIRCLE,-0.17724761881101964,0.946108639185518,0.5024460507906493,-0.31774273381739754,0.8860564144088872,0.5,0.1528107660007919,0.0012623154693552896
9.096,CIRCLE,-0.17948771876967817,0.9452117963315396,0.502444605223081,-0.3196792427731193,0.8844543948766941,0.5,0.15281067151429378,0.0012642802278198095
9.104000000000001,CIRCLE,-0.18172328121796397,0.9443037046758949,0.5024431603461096,-0.32160767467023477,0.8828426616682165,0.5,0.1528105767660675,0.0012662423948243923
9.112,CIRCLE,-0.18395424967108714,0.9433843871881759,0.5024417161592156,-0.32352798078472406,0.8812212555057224,0.5,0.1528104817587918,0.0012682019237524012
9.120000000000001,CIRCLE,-0.18618056776186348,0.9424538671251452,0.502440272664815,-0.3254401125978764,0.8795902173558764,0.5,0.15281038649556986,0.001270166199550643
9.128,CIRCLE,-0.1884021792401392,0.9415121680274507,0.5024388298729446,-0.32734402179751215,0.8779495884287081,0.5,0.15281029098078927,0.00127211745230905
9.136000000000001,CIRCLE,-0.1906190279705866,0.9405593137101408,0.5024373877822969,-0.32923966027920715,0.8762994101765671,0.5,0.1528101952193873,0.001274072301458495
9.144,CIRCLE,-0.19283105794156769,0.9395953282762284,0.5024359463982556,-0.3311269801475043,0.874639724293079,0.5,0.15281009921618852,0.0012760207958201516
9.152000000000001,CIRCLE,-0.19503821326199725,0.9386202361047777,0.5024345057290449,-0.3330059337171279,0.8729705727120891,0.5,0.15281000297527367,0.0012779660380084464
9.16,CIRCLE,-0.19724043816640915,0.9376340618556104,0.502433065774066,-0.3348764735141841,0.871291997606606,0.5,0.15280990649867535,0.0012799079837991618
9.168000000000001,CIRCLE,-0.19943767701469772,0.9366368304683609,0.50243162653272,-0.3367385522773646,0.8696040413877324,0.5,0.15280980978790942,0.0012818465891432204
9.176,CIRCLE,-0.2016298742918531,0.9356285671615185,0.5024301880140549,-0.33859212295913677,0.8679067467035972,0.5,0.15280971284547795,0.00128378539425357
9.184000000000001,CIRCLE,-0.20381697460891904,0.9346092974329145,0.5024287502326894,-0.34043713872693615,0.8662001564382746,0.5,0.15280961567568727,0.0012857185821894092
9.192,CIRCLE,-0.20599892270468953,0.9335790470575285,0.5024273131868302,-0.34227355296434614,0.8644843137107041,0.5,0.152809518283325,0.00128764556478603
9.200000000000001,CIRCLE,-0.20817566344931315,0.9325378420902479,0.5024258768775645,-0.34410131927227927,0.862759261873597,0.5,0.1528094206735309,0.0012895732709045018
9.208,CIRCLE,-0.21034714184632067,0.9314857088652557,0.5024244413111445,-0.3459203914701461,0.8610250445123453,0.5,0.1528093228513521,0.0012914917679160717
9.216000000000001,CIRCLE,-0.21251330303060487,0.9304226739895854,0.5024230064902828,-0.34773072359702545,0.8592817054439164,0.5,0.15280922482201162,0.0012934089735249467
9.224,CIRCLE,-0.21467409227337797,0.9293487643497979,0.5024215724132873,-0.3495322699128222,0.8575292887157497,0.5,0.15280912659109835,0.001295322891031656
9.232,CIRCLE,-0.21682945498164186,0.928264007104909,0.5024201390795716,-0.3513249848994261,0.8557678386046412,0.5,0.1528090281634213,0.0012972334783828846
9.24,CIRCLE,-0.21897933669789074,0.9271684296854673,0.5024187064983449,-0.35310882326186044,0.8539973996156246,0.5,0.15280892954445133,0.0012991378510812564
9.248,CIRCLE,-0.22112368310326197,0.9260620597943321,0.5024172746747413,-0.35488373992942496,0.8522180164808499,0.5,0.15280883073917859,0.0013010380396705186
9.256,CIRCLE,-0.22326244002079626,0.924944925409463,0.5024158436081348,-0.3566496900568381,0.850429734158449,0.5,0.15280873175212112,0.0013029340034529237
9.264,CIRCLE,-0.2253955534151349,0.9238170547830385,0.5024144132983214,-0.3584066290253664,0.8486325978314039,0.5,0.15280863258886274,0.0013048254854966872
9.272,CIRCLE,-0.22752296939469385,0.9226784764382576,0.5024129837447215,-0.3601545124439552,0.8468266529064007,0.5,0.15280853325416194,0.001306712446377907
9.28,CIRCLE,-0.2296446342113348,0.9215292191683956,0.502411554956341,-0.36189329615034665,0.8450119450126872,0.5,0.1528084337534625,0.0013085912139974253
9.288,CIRCLE,-0.23176049426131057,0.920369312035139,0.5024101269386118,-0.36362293621219965,0.8431885200009153,0.5,0.15280833409255504,0.0013104709184715451
9.296,CIRCLE,-0.23387049609032184,0.9191987843708319,0.5024086996967455,-0.3653433889281954,0.8413564239419866,0.5,0.1528082342759131,0.0013123423864526446
9.304,CIRCLE,-0.2359745863904246,0.9180176657712039,0.5024072732383548,-0.367054610829146,0.8395157031258852,0.5,0.15280813430726425,0.0013142085230796476
9.312,CIRCLE,-0.23807271200567076,0.9168259861007053,0.5024058475627577,-0.3687565586790884,0.8376664040605106,0.5,0.15280803418876535,0.0013160692914535202
9.32,CIRCLE,-0.24016481993176286,0.9156237754915977,0.5024044226692977,-0.37044918947638106,0.8358085734705002,0.5,0.1528079339225548,0.0013179246549065659
9.328,CIRCLE,-0.2422508573158058,0.9144110643434074,0.5024029985469445,-0.3721324604547864,0.8339422582960516,0.5,0.15280783351207888,0.0013197784348836447
9.336,CIRCLE,-0.2443307714570688,0.9131878833202054,0.5024015752112007,-0.37380632908455513,0.8320675056917333,0.5,0.15280773296214267,0.0013216244783643004
9.344,CIRCLE,-0.2464045098088263,0.9119542633485718,0.502400152669185,-0.3754707530734971,0.8301843630252967,0.5,0.15280763227721614,0.001323465559743065
9.352,CIRCLE,-0.2484720199822327,0.9107102356211468,0.502398730911257,-0.37712569036805355,0.8282928778764764,0.5,0.15280753146144677,0.0013253049763702308
9.36,CIRCLE,-0.2505332497468943,0.9094558315941155,0.5023973099464977,-0.37877109915435603,0.8263930980357903,0.5,0.15280743051897616,0.0013271351734199448
9.368,CIRCLE,-0.2525881470297357,0.9081910829823054,0.5023958897828354,-0.3804069378592865,0.8244850715033296,0.5,0.1528073294534604,0.0013289591989218866
9.376,CIRCLE,-0.25463665992010337,0.90691602176397,0.502394470419597,-0.38203316515152397,0.8225688464875498,0.5,0.15280722826777812,0.001330777019676969
9.384,CIRCLE,-0.2566787366694477,0.9056306801800913,0.5023930518452986,-0.38364973994259255,0.8206444714040476,0.5,0.15280712696549376,0.001332592633112748
9.392,CIRCLE,-0.25871432569209196,0.9043350907316343,0.5023916340737765,-0.38525662138789596,0.8187119948743432,0.5,0.15280702555083653,0.0013343999974609418
9.4,CIRCLE,-0.26074337556405963,0.9030292861747113,0.502390217110376,-0.3868537688877531,0.8167714657246465,0.5,0.15280692402796092,0.0013362012130149056
9.408,CIRCLE,-0.2627658350274068,0.9017132995245966,0.5023888009454307,-0.3884411420884201,0.8148229329846284,0.5,0.15280682240098736,0.0013379995808755398
9.416,CIRCLE,-0.26478165299073925,0.9003871640532114,0.502387385590877,-0.3900187008831139,0.812866445886177,0.5,0.15280672067428824,0.0013397902875243713
9.424,CIRCLE,-0.26679077853060934,0.8990509132874915,0.502385971047034,-0.3915864054130215,0.810902053862159,0.5,0.15280661885140498,0.0013415736146545174
9.432,CIRCLE,-0.26879316089382976,0.8977045810111908,0.502384557313205,-0.39314421606831096,0.8089298065451652,0.5,0.15280651693589684,0.0013433495333870814
9.44,CIRCLE,-0.2707887494971401,0.8963482012642184,0.5023831443843899,-0.3946920934891286,0.8069497537662622,0.5,0.15280641493274658,0.0013451256059318333
9.448,CIRCLE,-0.27277749392921347,0.8949818083410381,0.5023817322698706,-0.39622999856659674,0.8049619455537276,0.5,0.15280631284765267,0.0013468887877031526
9.456,CIRCLE,-0.27475934394881635,0.893605436783264,0.5023803209743302,-0.3977578924437988,0.8029664321317915,0.5,0.1528062106853744,0.0013486470946022446
9.464,CIRCLE,-0.27673424949264236,0.8922191213892033,0.5023789104930633,-0.39927573651676396,0.8009632639193622,0.5,0.15280610845045733,0.0013504003291933946
9.472,CIRCLE,-0.27870216067414266,0.8908228972078204,0.5023775008253902,-0.40078349243543954,0.7989524915287578,0.5,0.1528060061464277,0.0013521484620568412
9.48,CIRCLE,-0.28066302778309976,0.889416799537893,0.5023760919817749,-0.40228112210466327,0.7969341657644216,0.5,0.15280590377728412,0.001353887242338989
9.488,CIRCLE,-0.2826168012867499,0.8880008639263166,0.5023746839639147,-0.40376858768512225,0.7949083376216444,0.5,0.1528058013467794,0.001355617457813796
9.496,CIRCLE,-0.2845634318328378,0.8865751261708872,0.5023732767586557,-0.4052458515943126,0.7928750582852702,0.5,0.1528056988591303,0.0013573437154396001
9.504,CIRCLE,-0.2865028702504534,0.8851396223173263,0.5023718703781236,-0.4067128765074854,0.7908343791284087,0.5,0.15280559631874477,0.0013590610419595315
9.512,CIRCLE,-0.2884350675489389,0.8836943886550825,0.5023704648264622,-0.4081696253585934,0.7887863517111318,0.5,0.15280549372951654,0.0013607711332536616
9.52,CIRCLE,-0.29035997492132515,0.8822394617205216,0.5023690600928056,-0.409616061341224,0.786731027779176,0.5,0.1528053910954783,0.0013624777349749593
9.528,CIRCLE,-0.29227754374494785,0.8807748782944426,0.5023676561808301,-0.41105214790953254,0.7846684592626303,0.5,0.15280528842079613,0.0013641721200369759
9.536,CIRCLE,-0.29418772558160344,0.8793006753986259,0.5023662531053135,-0.41247784877916255,0.7825986982746282,0.5,0.15280518570893556,0.0013658599280854556
9.544,CIRCLE,-0.2960904721833832,0.8778168903017559,0.5023648508546456,-0.41389312792816535,0.7805217971100273,0.5,0.152805082962824,0.001367544755116135
9.552,CIRCLE,-0.29798573549085133,0.8763235605143832,0.5023634494323717,-0.4152979495979075,0.7784378082440923,0.5,0.15280498018533276,0.001369219469956549
9.56,CIRCLE,-0.29987346763090994,0.8748207237838166,0.5023620488440244,-0.41669227829397715,0.7763467843311638,0.5,0.15280487737896273,0.001370886266755952
9.568,CIRCLE,-0.3017536209218719,0.8733084180990686,0.5023606490810603,-0.4180760787870777,0.7742487782033334,0.5,0.15280477454634464,0.001372548019146714
9.576,CIRCLE,-0.3036261478737304,0.8717866816886296,0.5023592501530156,-0.4194493161139212,0.7721438428691044,0.5,0.1528046716906716,0.0013742008179403328
9.584,CIRCLE,-0.30549100118915024,0.8702555530188927,0.5023578520675739,-0.42081195557810847,0.7700320315120561,0.5,0.15280456881515053,0.0013758477778094197
9.592,CIRCLE,-0.3073481337641365,0.868715070794624,0.5023564548234345,-0.42216396275100887,0.7679133974894963,0.5,0.15280446592423697,0.0013774890196081827
9.6,CIRCLE,-0.3091974986898185,0.8671652739558148,0.5023550584198346,-0.4235053034726271,0.7657879943311172,0.5,0.1528043630219034,0.001379124522616593
9.608,CIRCLE,-0.31103904925201153,0.8656062016769817,0.502353662857856,-0.4248359438524695,0.763655875737639,0.5,0.15280426011304257,0.0013807448544002632
9.616,CIRCLE,-0.3128727389338841,0.8640378933663995,0.5023522681326107,-0.426155850270397,0.7615170955794572,0.5,0.15280415720234697,0.0013823587788434467
9.624,CIRCLE,-0.31469852142396,0.8624603886703524,0.5023508742409039,-0.42746498937747784,0.7593717078952766,0.5,0.15280405429292046,0.0013839654717703565
9.632,CIRCLE,-0.3165163506104955,0.8608737274672861,0.5023494811820851,-0.4287633280968272,0.7572197668907514,0.5,0.15280395138818836,0.0013855649164837235
9.64,CIRCLE,-0.31832618058102696,0.8592779498671145,0.5023480889593448,-0.4300508336244455,0.7550613269371103,0.5,0.1528038484933149,0.001387155577899191
9.648,CIRCLE,-0.3201279656246477,0.8576730962080338,0.5023466975719773,-0.4313274734300449,0.7528964425697876,0.5,0.1528037456127497,0.0013887374426559994
9.656,CIRCLE,-0.3219216602315168,0.856059207055771,0.5023453070204522,-0.43259321525787353,0.750725168487041,0.5,0.1528036427516399,0.001390312010017133
9.664,CIRCLE,-0.32370721909710815,0.8544363232033446,0.5023439173040051,-0.433848027127528,0.7485475595485735,0.5,0.15280353991402748,0.0013918792659032746
9.672,CIRCLE,-0.3254845971216478,0.8528044856702038,0.502342528432041,-0.435091877334764,0.7463636707741437,0.5,0.15280343710436897,0.001393435341873188
9.68,CIRCLE,-0.32725374941116236,0.8511637357008313,0.502341140395661,-0.4363247344522949,0.7441735573421789,0.5,0.15280333432687715,0.0013949859971516727
9.688,CIRCLE,-0.32901463128276803,0.8495141147666637,0.5023397531982507,-0.437546567330588,0.7419772745883778,0.5,0.1528032315850912,0.0013965257992343755
9.696,CIRCLE,-0.3307671982625349,0.8478556645615921,0.5023383668442911,-0.43875734509864944,0.7397748780043161,0.5,0.1528031288816545,0.0013980566251674648
9.704,CIRCLE,-0.33251140608839264,0.8461884270048023,0.502336981323282,-0.4399570371648064,0.7375664232360397,0.5,0.15280302621955907,0.0013995820946340377
9.712,CIRCLE,-0.3342472107105275,0.8445124442383609,0.5023355966423547,-0.44114561321747764,0.7353519660826644,0.5,0.15280292360224657,0.0014010961908356048
9.72,CIRCLE,-0.33597456828950917,0.8428277586224725,0.5023342127988495,-0.4423230432259419,0.7331315624949601,0.5,0.15280282103266624,0.0014026039888818463
9.728,CIRCLE,-0.33769343520097506,0.8411344127380463,0.5023328297820013,-0.44348929744109417,0.7309052685739429,0.5,0.15280271851335878,0.0014041017508418722
9.736,CIRCLE,-0.3394037680335191,0.839432449384132,0.5023314476135013,-0.44464434639619965,0.7286731405694522,0.5,0.15280261604825882,0.0014055899406385667
9.744,CIRCLE,-0.34110552359161217,0.8377219115786098,0.5023300662803851,-0.44578816090763596,0.7264352348787345,0.5,0.15280251364166664,0.001407073091321288
9.752,CIRCLE,-0.34279865889609934,0.8360028425552041,0.5023286857849004,-0.446920712075633,0.7241916080450139,0.5,0.1528024112980524,0.0014085419697197929
9.76,CIRCLE,-0.34448313118421253,0.8342752857601016,0.5023273061304098,-0.4480419712850004,0.7219423167560681,0.5,0.1528023090208598,0.0014100057780910677
9.768,CIRCLE,-0.34615889791697196,0.8325392848567374,0.5023259273090547,-0.4491519102058533,0.7196874178427911,0.5,0.15280220681233012,0.0014114619631109245
9.776,CIRCLE,-0.347825916773567,0.8307948837198695,0.5023245493301679,-0.45025050079432555,0.7174269682777623,0.5,0.15280210467497687,0.0014129067011184144
9.784,CIRCLE,-0.3494841456523359,0.8290421264341324,0.5023231721963283,-0.45133771529328065,0.7151610251738022,0.5,0.15280200261096766,0.0014143411486992566
9.792,CIRCLE,-0.3511335426749376,0.8272810572981278,0.5023217958945796,-0.4524135262330106,0.7128896457825344,0.5,0.15280190062374702,0.0014157698319949687
9.8,CIRCLE,-0.3527740661869089,0.8255117208216508,0.5023204204355025,-0.45347790643193275,0.7106128874929339,0.5,0.1528017987177934,0.0014171862082528472
9.808,CIRCLE,-0.3544056747565143,0.8237341617211686,0.5023190458144468,-0.4545308289972736,0.708330807829882,0.5,0.1528016968969353,0.001418596548346853
9.816,CIRCLE,-0.35602832717977256,0.8219484249220416,0.5023176720339727,-0.45557226732575096,0.7060434644527084,0.5,0.15280159516458222,0.0014199953929778285
9.824,CIRCLE,-0.3576419824780516,0.8201545555538747,0.5023162990981691,-0.45660219510424394,0.7037509151537384,0.5,0.1528014935232559,0.0014213844853514445
9.832,CIRCLE,-0.35924659990114455,0.8183525989535839,0.502314926996498,-0.45762058631045976,0.7014532178568291,0.5,0.15280139197619755,0.0014227674641708148
9.84,CIRCLE,-0.36084213892757205,0.8165426006630434,0.5023135557366614,-0.4586274152135891,0.6991504306159095,0.5,0.1528012905274511,0.001424137918430165
9.848,CIRCLE,-0.36242855926327805,0.8147246064247556,0.5023121853143951,-0.45962265637495836,0.6968426116135096,0.5,0.15280118918045596,0.0014255019849701408
9.856,CIRCLE,-0.3640058208466841,0.8128986621842561,0.5023108157323296,-0.46060628464867054,0.6945298191592948,0.5,0.15280108793845548,0.0014268543762107895
9.864,CIRCLE,-0.36557388384647854,0.8110648140857292,0.5023094469944795,-0.4615782751822422,0.6922121116885881,0.5,0.15280098680399334,0.0014281968166144571
9.872,CIRCLE,-0.3671327086646558,0.8092231084750562,0.502308079089401,-0.4625386034172298,0.6898895477608986,0.5,0.15280088578061873,0.0014295332832911546
9.88,CIRCLE,-0.36868225593687426,0.8073735918973397,0.5023067120252963,-0.46348724508985184,0.6875621860584367,0.5,0.15280078487284735,0.001430856675965757
9.888,CIRCLE,-0.3702224865310735,0.8055163110922258,0.5023053457976281,-0.4644241762316002,0.685230085384636,0.5,0.15280068408439207,0.0014321737292664928
9.896,CIRCLE,-0.37175336155305483,0.8036513129966452,0.5023039804085716,-0.4653493731698475,0.6828933046626641,0.5,0.15280058341866276,0.001433478970015426
9.904,CIRCLE,-0.3732748423439198,0.8017786447400921,0.5023026158620328,-0.4662628125284433,0.6805519029339369,0.5,0.1528004828781053,0.001434774090208033
9.912,CIRCLE,-0.37478689048308766,0.7998983536476667,0.5023012521474456,-0.4671644712283069,0.6782059393566231,0.5,0.1528003824660417,0.0014360627411205422
9.92,CIRCLE,-0.3762894677885418,0.7980104872377654,0.5022998892727606,-0.46805432648800815,0.6758554732041544,0.5,0.1528002821867541,0.0014373383444624924
9.928,CIRCLE,-0.3777825363155854,0.796115093217743,0.5022985272328087,-0.4689323558243452,0.6735005638637225,0.5,0.15280018204382945,0.0014386075853286624
9.936,CIRCLE,-0.3792660583620263,0.79421221948624,0.5022971660299187,-0.4697985370529108,0.6711412708347837,0.5,0.15280008204073015,0.0014398647346698294
9.944,CIRCLE,-0.3807399964655758,0.7923019141283469,0.5022958056682187,-0.4706528482886543,0.6687776537275506,0.5,0.15279998217993623,0.0014411115720664724
9.952,CIRCLE,-0.38220431340705063,0.79038422541885,0.5022944461365774,-0.4714952679464329,0.6664097722614913,0.5,0.15279988246492146,0.0014423519606168646
9.96,CIRCLE,-0.3836589722106409,0.7884592018198537,0.5022930874430561,-0.4723257747415592,0.6640376862638152,0.5,0.15279978290017268,0.0014435790797863875
9.968,CIRCLE,-0.38510393614252136,0.7865268919762141,0.5022917295822454,-0.47314434769033664,0.6616614556679663,0.5,0.15279968348931847,0.0014447998128526748
9.976,CIRCLE,-0.38653916871615246,0.7845873447179319,0.5022903725562611,-0.4739509661105918,0.6592811405121041,0.5,0.15279958423584014,0.0014460083417320892
9.984,CIRCLE,-0.38796463368956174,0.7826406090552196,0.5022890163691788,-0.47474560962219514,0.6568968009375917,0.5,0.15279948514206937,0.0014472064347094203
9.992,CIRCLE,-0.3893802950685468,0.780686734181763,0.5022876610103042,-0.47552825814757754,0.6545084971874715,0.5,0.15279938621130554,0.0014483977933706928
10.0,CIRCLE,-0.3907861171068735,0.7787257694724391,0.5022863064876862,-0.476298891912236,0.652116289604947,0.5,0.1527992874478973,0.0014495758198300162
10.008000000000001,CIRCLE,-0.39218206430495867,0.7767577644788974,0.5022849527954308,-0.47705749144523496,0.6497202386318549,0.5,0.1527991888553722,0.00145074749667778
10.016,CIRCLE,-0.39356810141498316,0.7747827689317198,0.502283599935581,-0.4778040375796965,0.6473204048071413,0.5,0.15279909043720807,0.0014519068222536584
10.024000000000001,CIRCLE,-0.39494419343805515,0.7728008327353412,0.5022822479122837,-0.47853851145328624,0.6449168487653283,0.5,0.152798992195653,0.001453055597935652
10.032,CIRCLE,-0.39631030562750325,0.7708120059714191,0.5022808967147352,-0.47926089450868853,0.6425096312349861,0.5,0.1527988941339786,0.0014541975673092412
10.040000000000001,CIRCLE,-0.3976664034890548,0.7688163388965578,0.502279546351129,-0.47997116849407656,0.6400988130371945,0.5,0.15279879625656298,0.0014553260562763983
10.048,CIRCLE,-0.3990124527795197,0.7668138819378533,0.5022781968152316,-0.4806693154635722,0.6376844550840105,0.5,0.15279869856688266,0.0014564482531718654
10.056000000000001,CIRCLE,-0.4003484195119266,0.7648046856950139,0.5022768481088649,-0.48135531777770096,0.6352666183769246,0.5,0.15279860106839396,0.0014575580326984788
10.064,CIRCLE,-0.40167426995253164,0.7627888009351352,0.5022755002361409,-0.48202915810383595,0.6328453640053243,0.5,0.15279850376317516,0.0014586571911899254
10.072000000000001,CIRCLE,-0.4029899706241238,0.7607662785960986,0.5022741531866043,-0.48269081941663755,0.6304207531449462,0.5,0.15279840665432445,0.0014597493437890723
10.08,CIRCLE,-0.4042954883061417,0.7587371697843734,0.5022728069686009,-0.483340284998482,0.6279928470563344,0.5,0.15279830974609487,0.001460827936405548
10.088000000000001,CIRCLE,-0.4055907900334543,0.7567015257706835,0.5022714615754533,-0.4839775384398851,0.6255617070832884,0.5,0.15279821304185698,0.0014619003415926033
10.096,CIRCLE,-0.40687584310139213,0.7546593979919551,0.5022701170087491,-0.4846025636399157,0.6231273946513181,0.5,0.15279811654502984,0.0014629602887892474
10.104000000000001,CIRCLE,-0.4081506150625779,0.7526108380459183,0.5022687732725716,-0.48521534480660367,0.6206899712660863,0.5,0.15279802025754216,0.0014640095711013438
10.112,CIRCLE,-0.4094150737302648,0.7505558976945543,0.5022674303566482,-0.48581586645733743,0.6182494985118604,0.5,0.1527979241823583,0.0014650517367469289
10.120000000000001,CIRCLE,-0.41066918717840695,0.7484946288619507,0.5022660882695895,-0.4864041134192569,0.6158060380499509,0.5,0.15279782832366062,0.0014660802233046387
10.128,CIRCLE,-0.41191292374055655,0.746427083630052,0.5022647470042975,-0.48698007082963507,0.6133596516171588,0.5,0.1527977326847253,0.001467102673049623
10.136000000000001,CIRCLE,-0.4131462520148971,0.7443533142405179,0.5022634065620122,-0.48754372413625513,0.6109104010242103,0.5,0.15279763726893222,0.001468112683220338
10.144,CIRCLE,-0.4143691408608468,0.7422733730891201,0.5022620669467265,-0.4880950590977768,0.6084583481542006,0.5,0.15279754207801602,0.0014691120213225853
10.152000000000001,CIRCLE,-0.4155815594023913,0.7401873127291998,0.5022607281486325,-0.48863406178409724,0.606003554961025,0.5,0.15279744711473223,0.0014701040636715618
10.16,CIRCLE,-0.4167834770280805,0.7380951858696172,0.5022593901766943,-0.48916071857670207,0.6035460834678186,0.5,0.1527973523831082,0.0014710823299208327
10.168000000000001,CIRCLE,-0.4179748633901209,0.7359970453706819,0.5022580530233142,-0.4896750161690105,0.6010859957653845,0.5,0.15279725788630905,0.001472054767103117
10.176,CIRCLE,-0.41915568840936157,0.7338929442458538,0.5022567166892763,-0.4901769415667102,0.5986233540106294,0.5,0.1527971636276714,0.001473014838036605
10.184000000000001,CIRCLE,-0.4203259222716168,0.7317829356558928,0.5022553811784323,-0.4906664820880872,0.5961582204249891,0.5,0.1527970696087402,0.0014739642654690121
10.192,CIRCLE,-0.421485535430868,0.7296670729122091,0.5022540464895023,-0.4911436253643447,0.5936906572928603,0.5,0.1527969758321252,0.0014749032080116561
10.200000000000001,CIRCLE,-0.42263449861054064,0.7275454094742957,0.5022527126216721,-0.49160835933991703,0.5912207269600228,0.5,0.1527968823002896,0.0014758317024741337
10.208,CIRCLE,-0.42377278280288366,0.7254179989492796,0.5022513795726096,-0.4920606722727729,0.5887484918320687,0.5,0.1527967890169592,0.001476750310407039
10.216000000000001,CIRCLE,-0.42490035927059433,0.7232848950890813,0.502250047341523,-0.4925005527347135,0.586274014372821,0.5,0.15279669598545234,0.0014776590693337734
10.224,CIRCLE,-0.42601719954617684,0.7211461517899588,0.502248715928344,-0.4929279896116597,0.5837973571027602,0.5,0.15279660321008368,0.0014785576962554343
10.232000000000001,CIRCLE,-0.4271232754336253,0.7190018230897404,0.502247385332273,-0.4933429721039344,0.5813185825974395,0.5,0.1527965106944534,0.0014794462304934049
10.24,CIRCLE,-0.4282185590077614,0.7168519631673606,0.5022460555521522,-0.4937454897265341,0.5788377534859093,0.5,0.15279641844284764,0.0014803247891984235
10.248,CIRCLE,-0.42930302261601466,0.7146966263399392,0.5022447265871495,-0.49413553230939466,0.5763549324491299,0.5,0.1527963264583663,0.0014811934130102738
10.256,CIRCLE,-0.4303766388777646,0.7125358670623333,0.5022433984365695,-0.494513089997648,0.5738701822183898,0.5,0.15279623474430987,0.0014820520343998664
10.264,CIRCLE,-0.4314393806858329,0.7103697399243118,0.5022420711075614,-0.4948781532518707,0.5713835655737228,0.5,0.1527961433026016,0.001482903690336346
10.272,CIRCLE,-0.4324912212070143,0.7081982996512773,0.5022407446007936,-0.49523071284832587,0.568895145342317,0.5,0.15279605213552544,0.0014837419963614367
10.28,CIRCLE,-0.43353213388161793,0.7060216011017496,0.502239418909399,-0.49557075987919535,0.566404984396933,0.5,0.15279596124511519,0.0014845724657717673
10.288,CIRCLE,-0.4345620924304774,0.7038396992682914,0.5022380940284045,-0.49589828575280537,0.5639131456543098,0.5,0.1527958706328166,0.0014853936556637867
10.296,CIRCLE,-0.4355810708514568,0.701652649274271,0.5022367699569537,-0.4962132821938431,0.5614196920735803,0.5,0.15279578029958438,0.0014862056103308843
10.304,CIRCLE,-0.43658904341866595,0.6994605063733411,0.5022354467053776,-0.49651574124356646,0.558924686654676,0.5,0.1527956902473583,0.0014870041479003557
10.312,CIRCLE,-0.4375859846836955,0.6972633259480912,0.502234124259611,-0.4968056552600044,0.5564281924367391,0.5,0.15279560047833277,0.0014877976863827223
10.32,CIRCLE,-0.4385718694796273,0.6950611635100491,0.5022328026183787,-0.4970830169181506,0.5539302724965264,0.5,0.1527955109955004,0.0014885795597456028
10.328,CIRCLE,-0.4395466729162692,0.6928540746930487,0.5022314817927077,-0.49734781921014815,0.551430989946819,0.5,0.15279542179992447,0.0014893481224313649
10.336,CIRCLE,-0.44051037038429847,0.6906421152555797,0.502230161781133,-0.4976000554454669,0.5489304079348237,0.5,0.15279533289245792,0.0014901133533823073
10.344,CIRCLE,-0.4414629375577187,0.6884253410802137,0.5022288425760322,-0.49783971925107223,0.5464285896405823,0.5,0.1527952442739539,0.0014908638924826705
10.352,CIRCLE,-0.4424043503858878,0.6862038081688957,0.5022275241794911,-0.4980668045715864,0.5439255982753696,0.5,0.15279515594563686,0.0014916058404169973
10.36,CIRCLE,-0.4433345851036322,0.6839775726453395,0.5022262065807488,-0.4982813056694412,0.5414214970801026,0.5,0.1527950679087477,0.0014923355546988622
10.368,CIRCLE,-0.4442536182291298,0.6817466907532501,0.5022248897694728,-0.49848321712502314,0.5389163493237362,0.5,0.15279498016547302,0.0014930566401238935
10.376,CIRCLE,-0.4451614265638333,0.679511218854354,0.5022235737694497,-0.49867253383681026,0.5364102183016712,0.5,0.15279489271918462,0.0014937710585915048
10.384,CIRCLE,-0.44605798719228407,0.6772712134258578,0.5022222585676086,-0.49884925102150124,0.5339031673341483,0.5,0.15279480557264327,0.001494474294111121
10.392,CIRCLE,-0.4469432774790078,0.6750267310578814,0.5022209441714259,-0.4990133642141359,0.5313952597646551,0.5,0.15279471872899678,0.0014951676953063114
10.4,CIRCLE,-0.4478172750741101,0.6727778284530118,0.5022196305800108,-0.4991648692682084,0.5288865589583187,0.5,0.15279463219049258,0.001495851317069097
10.408,CIRCLE,-0.44867995791245396,0.670524562425827,0.502218317791567,-0.4993037623557717,0.5263771283003116,0.5,0.1527945459599572,0.0014965255117423027
10.416,CIRCLE,-0.44953130421517573,0.6682669899002343,0.5022170058052015,-0.4994300399675344,0.5238670311942438,0.5,0.1527944600393475,0.0014971903351212795
10.424,CIRCLE,-0.4503712924889866,0.6660051679090948,0.5022156946204461,-0.4995436989129494,0.5213563310605668,0.5,0.1527943744311502,0.0014978456408682808
10.432,CIRCLE,-0.45119990152766276,0.6637391535916676,0.5022143842363922,-0.4996447363202947,0.5188450913349653,0.5,0.1527942891369992,0.0014984914862952098
10.44,CIRCLE,-0.4520171104113323,0.6614690041932327,0.5022130746519179,-0.4997331496367455,0.5163333754667603,0.5,0.15279420415907333,0.001499127960291922
10.448,CIRCLE,-0.4528228985081593,0.6591947770623098,0.5022117658660894,-0.49980893662843906,0.5138212469173002,0.5,0.15279411949845706,0.0014997551214448574
10.456,CIRCLE,-0.45361724547363275,0.6569165296502933,0.5022104578780568,-0.4998720953805312,0.5113087691583632,0.5,0.1527940351565324,0.0015003729486416837
10.464,CIRCLE,-0.45440013125205475,0.6546343195086455,0.5022091506956143,-0.4999226242972443,0.5087960056705478,0.5,0.1527939511334946,0.00150098476939607
10.472,CIRCLE,-0.45517153607719757,0.6523482042898062,0.5022078443168176,-0.49996052210190806,0.5062830199416747,0.5,0.15279386743028225,0.0015015837407391438
10.48,CIRCLE,-0.45593144047139955,0.6500582417445492,0.5022065387339395,-0.4999857878369915,0.5037698754651766,0.5,0.1527937840479137,0.001502174488839144
10.488,CIRCLE,-0.4566798252528758,0.6477644897223575,0.5022052339441191,-0.49999842086412705,0.5012566357385002,0.5,0.152793700987425,0.001502756374414025
10.496,CIRCLE,-0.45741667153256504,0.6454670061686429,0.5022039299465144,-0.49999842086412705,0.4987433642614961,0.5,0.15279361824972199,0.0015033294600767418
10.504,CIRCLE,-0.4581419607134347,0.6431658491244204,0.5022026267403096,-0.49998578783699144,0.4962301245348198,0.5,0.15279353583700522,0.0015038938086673725
10.512,CIRCLE,-0.4588556744897122,0.6408610767259345,0.5022013243272158,-0.49996052210190806,0.4937169800583217,0.5,0.15279345375422082,0.001504447368388163
10.52,CIRCLE,-0.45955779484703924,0.6385527471995133,0.5022000227029813,-0.49992262429724427,0.4912039943294485,0.5,0.15279337200546755,0.0015049914487310434
10.528,CIRCLE,-0.4602483040639848,0.6362409188587335,0.5021987218667556,-0.49987209538053107,0.48869123084163313,0.5,0.15279329059251326,0.001505526115758761
10.536,CIRCLE,-0.46092718471137256,0.6339256501041306,0.502197421817658,-0.49980893662843895,0.48617875308269615,0.5,0.15279320951615413,0.0015060514357299781
10.544,CIRCLE,-0.46159441965143555,0.6316069994228054,0.5021961225615433,-0.49973314963674537,0.4836666245332361,0.5,0.1527931287776515,0.0015065719665307618
10.552,CIRCLE,-0.46224999204116934,0.6292850253870316,0.5021948240846926,-0.49964473632029455,0.4811549086650311,0.5,0.1527930483776582,0.0015070829965163066
10.56,CIRCLE,-0.4628938853291776,0.6269597866518755,0.5021935264038174,-0.49954369891294925,0.47864366893942956,0.5,0.15279296831694045,0.0015075808723237238
10.568,CIRCLE,-0.46352608326007755,0.6246313419562238,0.5021922295034691,-0.4994300399675342,0.4761329688057525,0.5,0.15279288859689585,0.0015080773593120853
10.576,CIRCLE,-0.46414656987859076,0.6222997501220713,0.5021909333866869,-0.49930376235577145,0.4736228716996848,0.5,0.15279280922022317,0.0015085606822588772
10.584,CIRCLE,-0.464755329519503,0.6199650700491627,0.502189638056308,-0.4991648692682082,0.4711134410416777,0.5,0.15279273018935588,0.0015090360922710862
10.592,CIRCLE,-0.4653523468175136,0.6176273607151932,0.5021883435114393,-0.49901336421413567,0.4686047402353413,0.5,0.15279265150582905,0.0015095036597026058
10.6,CIRCLE,-0.46593760670646384,0.6152866811754938,0.5021870497485849,-0.49884925102150096,0.466096832665848,0.5,0.15279257317177874,0.0015099624977308744
10.608,CIRCLE,-0.4665110944157289,0.6129430905599893,0.5021857567753385,-0.49867253383681,0.46358978169832515,0.5,0.15279249518953622,0.001510409492227324
10.616,CIRCLE,-0.4670727954709964,0.610596648072142,0.5021844645821749,-0.4984832171250228,0.4610836506762601,0.5,0.15279241756152523,0.0015108561070543108
10.624,CIRCLE,-0.46762269569679155,0.6082474129873658,0.5021831731676624,-0.49828130566944084,0.4585785029198938,0.5,0.15279234029008149,0.001511288504263226
10.632,CIRCLE,-0.46816078120755106,0.6058954446490352,0.5021818825349532,-0.4980668045715861,0.45607440172462677,0.5,0.1527922633767953,0.0015117137974773511
10.64,CIRCLE,-0.4686870384211689,0.6035408024697856,0.502180592673571,-0.4978397192510719,0.4535714103594141,0.5,0.15279218682227366,0.001512128499525102
10.648,CIRCLE,-0.46920145405665864,0.6011835459298603,0.5021793035826372,-0.49760005544546654,0.4510695920651726,0.5,0.15279211062694073,0.0015125326885987286
10.656,CIRCLE,-0.4697040151335557,0.5988237345769186,0.5021780152617034,-0.49734781921014776,0.4485690100531773,0.5,0.1527920347924283,0.0015129348728521205
10.664,CIRCLE,-0.4701947089709843,0.596461428022964,0.5021767277176403,-0.4970830169181502,0.44606972750346996,0.5,0.15279195932038947,0.0015133277072705506
10.672,CIRCLE,-0.47067352318065003,0.5940966859411015,0.5021754409523627,-0.496805655260004,0.4435718075632572,0.5,0.15279188421187442,0.0015137122231425953
10.68,CIRCLE,-0.4711404456743716,0.5917295680653192,0.5021741549571331,-0.49651574124356607,0.44107531334532046,0.5,0.15279180946713036,0.0015140913870149424
10.688,CIRCLE,-0.4715954646637639,0.5893601341890433,0.5021728697403884,-0.49621328219384264,0.438580307926416,0.5,0.15279173508616567,0.0015144617184943811
10.696,CIRCLE,-0.4720385686610893,0.5869884441639578,0.5021715853018857,-0.49589828575280487,0.43608685434568656,0.5,0.1527916610685997,0.0015148229795935361
10.704,CIRCLE,-0.4724697464804316,0.5846145578975994,0.5021703016406182,-0.49557075987919486,0.43359501560306335,0.5,0.1527915874127639,0.001515175250643734
10.712,CIRCLE,-0.47288898723694817,0.5822385353531189,0.5021690187539033,-0.49523071284832537,0.43110485465767934,0.5,0.15279151411711295,0.0015155259487569413
10.72,CIRCLE,-0.4732962803486261,0.5798604365488853,0.5021677366302831,-0.4948781532518702,0.4286164344262736,0.5,0.152791441181025,0.0015158619137008856
10.728,CIRCLE,-0.47369161553065253,0.5774803215567229,0.5021664552797175,-0.4945130899976474,0.4261298177816066,0.5,0.1527913686058222,0.001516193695226226
10.736,CIRCLE,-0.47407498280790766,0.5750982505009364,0.5021651747056782,-0.4941355323093941,0.42364506755086645,0.5,0.15279129639320121,0.0015165149509525897
10.744,CIRCLE,-0.4744463725076,0.5727142835541352,0.5021638949037425,-0.49374548972653354,0.42116224651408707,0.5,0.15279122454373062,0.0015168338983122475
10.752,CIRCLE,-0.47480577526090934,0.5703284809364685,0.5021626158746338,-0.49334297210393374,0.41868141740255627,0.5,0.15279115305761867,0.0015171404629651327
10.76,CIRCLE,-0.4751531819965755,0.5679409029131935,0.5021613376153818,-0.49292798961165907,0.4162026428972363,0.5,0.1527910819344871,0.0015174428546601217
10.768,CIRCLE,-0.4754885839495754,0.5655516097950007,0.5021600601277886,-0.4925005527347127,0.4137259856271748,0.5,0.15279101117425753,0.001517735790024218
10.776,CIRCLE,-0.4758119726561297,0.5631606619355639,0.502158783407785,-0.4920606722727723,0.4112515081679277,0.5,0.15279094077671276,0.001518028129603509
10.784,CIRCLE,-0.4761233399558049,0.5607681197309458,0.5021575074448524,-0.4916083593399162,0.40877927303997297,0.5,0.15279087074217795,0.0015183052980036259
10.792,CIRCLE,-0.47642267798546967,0.5583740436180266,0.5021562322488741,-0.491143625364344,0.4063093427071361,0.5,0.15279080107245083,0.0015185799717240738
10.8,CIRCLE,-0.47670997919342856,0.5559784940734306,0.502154957825709,-0.4906664820880864,0.40384177957500667,0.5,0.1527907317694831,0.0015188433090675064
10.808,CIRCLE,-0.47698523633100304,0.5535815316094002,0.5021536841719733,-0.4901769415667095,0.40137664598936695,0.5,0.15279066283364884,0.0015191081728277661
10.816,CIRCLE,-0.477248442455653,0.5511832167731946,0.5021524112892535,-0.4896750161690096,0.3989140042346113,0.5,0.15279059426460725,0.0015193563693344117
10.824,CIRCLE,-0.47749959092176714,0.5487836101445855,0.502151139169969,-0.48916071857670135,0.39645391653217776,0.5,0.15279052606088925,0.001519604772352674
10.832,CIRCLE,-0.4777386753961257,0.5463827723373472,0.5021498678134367,-0.4886340617840963,0.3939964450389708,0.5,0.15279045822186124,0.001519843576021579
10.84,CIRCLE,-0.47796568984512666,0.5439807639966168,0.5021485972188845,-0.488095059097776,0.3915416518457958,0.5,0.15279039074757314,0.0015200772630174038
10.848,CIRCLE,-0.47818062854127186,0.5415776457978931,0.502147327377466,-0.4875437241362542,0.38908959897578543,0.5,0.15279032363866538,0.001520302970409334
10.856,CIRCLE,-0.47838348606112246,0.5391734784457888,0.5021460582881737,-0.48698007082963424,0.3866403483828376,0.5,0.15279025689702738,0.001520520780206719
10.864,CIRCLE,-0.47857425728725356,0.536768322671307,0.5021447899500696,-0.4864041134192559,0.38419396195004485,0.5,0.1527901905243907,0.0015207307827711895
10.872,CIRCLE,-0.4787529374075302,0.5343622392316915,0.5021435223589971,-0.4858158664573366,0.3817505014881361,0.5,0.1527901245237199,0.0015209417578972617
10.88,CIRCLE,-0.47891952191443077,0.5319552889073387,0.5021422555224756,-0.4852153448066026,0.37931002873390957,0.5,0.15279005889791075,0.0015211443965423407
10.888,CIRCLE,-0.4790740065981812,0.5295475324994754,0.5021409894446347,-0.48460256363991483,0.37687260534867845,0.5,0.1527899936490178,0.0015213402095508532
10.896,CIRCLE,-0.47921638755687734,0.5271390308288737,0.5021397241162815,-0.48397753843988406,0.37443829291670744,0.5,0.15278992877786363,0.0015215323239385328
10.904,CIRCLE,-0.4793466611962723,0.5247298447345736,0.5021384595363889,-0.4833402849984811,0.3720071529436621,0.5,0.15278986428465763,0.001521720827589552
10.912,CIRCLE,-0.47946482422915654,0.5223200350737892,0.5021371957029652,-0.48269081941663644,0.36957924685504967,0.5,0.15278980017037871,0.0015218976786438992
10.92,CIRCLE,-0.4795708736741405,0.5199096627190273,0.5021359326288508,-0.48202915810383495,0.36715463599467213,0.5,0.15278973643570018,0.001522072276280304
10.928,CIRCLE,-0.4796648068617669,0.5174987885565361,0.5021346703102676,-0.4813553177776998,0.3647333816230713,0.5,0.15278967308047203,0.001522238608766646
10.936,CIRCLE,-0.47974662142558055,0.515087473484752,0.5021334087505809,-0.4806693154635712,0.362315544915986,0.5,0.1527896101042376,0.0015224021557200256
10.944,CIRCLE,-0.4798163153054882,0.5126757784128771,0.5021321479369707,-0.47997116849407534,0.3599011869628014,0.5,0.1527895475059492,0.0015225585715200327
10.952,CIRCLE,-0.4798738867446247,0.5102637642590451,0.5021308878873333,-0.4792608945086875,0.3574903687650104,0.5,0.15278948528431674,0.0015227079467654873
10.96,CIRCLE,-0.479919334292112,0.5078514919505559,0.5021296285852689,-0.478538511453285,0.3550831512346676,0.5,0.15278942343863058,0.0015228561255656286
10.968,CIRCLE,-0.4799526568032709,0.5054390224216272,0.5021283700252497,-0.4778040375796954,0.3526795951928552,0.5,0.15278936196867499,0.0015229945247471246
10.976,CIRCLE,-0.4799738534358399,0.503026416612684,0.5021271122212214,-0.4770574914452337,0.350279761368141,0.5,0.15278930087560844,0.0015231325839587119
10.984,CIRCLE,-0.4799829236579534,0.5006137354671755,0.5021258551724247,-0.4762988919122349,0.34788371039504945,0.5,0.15278924015993348,0.0015232599593495342
10.992,CIRCLE,-0.47997986724170466,0.49820103992940457,0.5021245988731502,-0.4755282581475762,0.34549150281252444,0.5,0.15278917982092352,0.0015233867255467484
11.0,CIRCLE,-0.4799646842705675,0.4957883909438584,0.5021233433227398,-0.474745609622194,0.3431031990624047,0.5,0.15278911985782184,0.0015235067538918493
11.008000000000001,CIRCLE,-0.4799373751307146,0.49337584945404256,0.5021220885253297,-0.47395096611059045,0.3407188594878918,0.5,0.1527890602700043,0.0015236247338747961
11.016,CIRCLE,-0.47989794051464657,0.49096347640056526,0.5021208344698894,-0.4731443476903355,0.33833854433203026,0.5,0.1527890010563921,0.001523737012746615
11.024000000000001,CIRCLE,-0.47984638141862346,0.488551332719689,0.5021195811587887,-0.4723257747415578,0.3359623137361807,0.5,0.1527889422158203,0.001523842384173714
11.032,CIRCLE,-0.47978269914455857,0.4861394793409088,0.5021183285928041,-0.4714952679464317,0.33359022773850516,0.5,0.15278888374598534,0.0015239499659869006
11.040000000000001,CIRCLE,-0.47970689530222654,0.4837279771871031,0.5021170767675045,-0.47065284828865284,0.3312223462724453,0.5,0.15278882564520657,0.0015240434269971285
11.048,CIRCLE,-0.4796189718028582,0.48131688717398224,0.5021158256868179,-0.4697985370529096,0.32885872916521286,0.5,0.1527887679132268,0.0015241389227773027
11.056000000000001,CIRCLE,-0.47951893087356123,0.4789062702073321,0.5021145753501395,-0.4689323558243437,0.3264994361362734,0.5,0.1527887105507058,0.0015242273983765795
11.064,CIRCLE,-0.4794067750435522,0.4764961871812014,0.5021133257613589,-0.4680543264880068,0.32414452679584216,0.5,0.152788653558292,0.0015243147524272758
11.072000000000001,CIRCLE,-0.4792825071487362,0.4740866989754462,0.5021120769073191,-0.46716447122830534,0.32179406064337285,0.5,0.15278859693568425,0.0015243965301622719
11.08,CIRCLE,-0.4791461303285031,0.47167786645399606,0.5021108288050765,-0.466262812528442,0.3194480970660598,0.5,0.15278854068183897,0.0015244723993447543
11.088000000000001,CIRCLE,-0.4789976480283738,0.46926975046490604,0.5021095814384394,-0.46534937316984587,0.31710669533733193,0.5,0.15278848479586574,0.0015245481258528764
11.096,CIRCLE,-0.47883706400012693,0.4668624118382659,0.5021083348047045,-0.4644241762315989,0.3147699146153605,0.5,0.15278842927714253,0.0015246152787837994
11.104000000000001,CIRCLE,-0.478664382298249,0.4644559113859509,0.5021070889134196,-0.46348724508985023,0.3124378139415594,0.5,0.15278837412625387,0.0015246834697869222
11.112,CIRCLE,-0.4784796072871602,0.46205030989833284,0.5021058437687949,-0.4625386034172284,0.31011045223909794,0.5,0.15278831934368647,0.001524742399537452
11.120000000000001,CIRCLE,-0.47828274363449,0.45964566814223273,0.5021045993626434,-0.46157827518224054,0.3077878883114079,0.5,0.1527882649286152,0.0015248031488629384
11.128,CIRCLE,-0.47807379631769353,0.45724204685973646,0.5021033556943842,-0.4606062846486691,0.3054701808407019,0.5,0.15278821088023903,0.0015248582073831762
11.136000000000001,CIRCLE,-0.47785277061431936,0.45483950676780566,0.5021021127696786,-0.45962265637495664,0.30315738838648654,0.5,0.15278815719787042,0.0015249134383635537
11.144,CIRCLE,-0.47761967210698203,0.45243810855572236,0.5021008705760299,-0.4586274152135876,0.30084956938408713,0.5,0.15278810388008715,0.0015249646553326874
11.152000000000001,CIRCLE,-0.47737450668034603,0.450037912883536,0.5020996291245573,-0.457620586310458,0.29854678214316693,0.5,0.1527880509249207,0.0015250073665146434
11.16,CIRCLE,-0.477117280522643,0.4476389803806782,0.5020983884079582,-0.4566021951042425,0.2962490848462582,0.5,0.15278799832957268,0.0015250522865517175
11.168000000000001,CIRCLE,-0.4768480001331861,0.4452413716449915,0.5020971484256318,-0.4555722673257492,0.29395653554728773,0.5,0.15278794609235924,0.0015250920189264039
11.176,CIRCLE,-0.47656667231261374,0.4428451472423401,0.5020959091803147,-0.45453082899727204,0.29166919217011467,0.5,0.15278789421256495,0.0015251312769181417
11.184000000000001,CIRCLE,-0.4762733041671502,0.44045036770388657,0.5020946706604148,-0.4534779064319309,0.28938711250706217,0.5,0.15278784268960452,0.0015251662069962048
11.192,CIRCLE,-0.47596790310598974,0.43805709352472594,0.5020934328666284,-0.4524135262330091,0.2871103542174622,0.5,0.152787791523199,0.0015251962464856138
11.200000000000001,CIRCLE,-0.4756504768433333,0.4356653851615489,0.5020921957888937,-0.45133771529327876,0.28483897482619386,0.5,0.15278774071259046,0.0015252248809322995
11.208,CIRCLE,-0.47532103339807136,0.43327530303146294,0.502090959437191,-0.450250500794324,0.28257303172223447,0.5,0.15278769025731045,0.0015252563318662944
11.216000000000001,CIRCLE,-0.4749795810922466,0.430886907510734,0.5020897238109229,-0.44915191020585143,0.280312582157205,0.5,0.15278764015682778,0.0015252785108860554
11.224,CIRCLE,-0.47462612854583286,0.4285002589347935,0.5020884889223063,-0.4480419712849988,0.27805768324392854,0.5,0.15278759041148918,0.00152530543589095
11.232000000000001,CIRCLE,-0.47426068468749716,0.42611541759353255,0.5020872547638355,-0.44692071207563105,0.2758083919549822,0.5,0.1527875410207736,0.0015253246594855966
11.24,CIRCLE,-0.4738832587436747,0.4237324437317815,0.5020860213348224,-0.4457881609076343,0.27356476512126227,0.5,0.15278749198379496,0.0015253443819590162
11.248000000000001,CIRCLE,-0.47349386024791906,0.42135139754666084,0.502084788641361,-0.44464434639619765,0.271326859430544,0.5,0.15278744329987987,0.0015253585809474823
11.256,CIRCLE,-0.47309249903624523,0.41897233918622045,0.502083556673766,-0.4434892974410925,0.26909473142605383,0.5,0.15278739496766874,0.0015253767961935702
11.264,CIRCLE,-0.4726791852488506,0.416595328748359,0.5020823254337758,-0.4423230432259402,0.2668684375050366,0.5,0.15278734698631607,0.0015253890398897
11.272,CIRCLE,-0.4722539293217684,0.41422042628067646,0.502081094920733,-0.4411456132174759,0.2646480339173324,0.5,0.152787299355044,0.0015254015924619578
11.28,CIRCLE,-0.47181674199541485,0.4118476917774092,0.5020798651235855,-0.4399570371648046,0.262433576763957,0.5,0.1527872520731983,0.0015254108080745804
11.288,CIRCLE,-0.47136763431215734,0.40947718517822174,0.5020786360413009,-0.43875734509864767,0.2602251219956807,0.5,0.1527872051404376,0.0015254167903042133
11.296,CIRCLE,-0.4709066176155188,0.40710896636825,0.5020774076824738,-0.4375465673305862,0.25802272541161897,0.5,0.15278715855814284,0.0015254250426714748
11.304,CIRCLE,-0.4704337035507335,0.40474309517413026,0.5020761800522923,-0.4363247344522931,0.25582644265781784,0.5,0.15278711232702855,0.0015254301424670353
11.312,CIRCLE,-0.46994890406007106,0.4023796313627034,0.5020749531510178,-0.43509187733476223,0.25363632922585316,0.5,0.15278706644635248,0.0015254378861370636
11.32,CIRCLE,-0.4694522313863008,0.4000186346387574,0.5020737269768372,-0.4338480271275262,0.25145244045142323,0.5,0.15278702091402824,0.0015254403739274186
11.328,CIRCLE,-0.4689436980691586,0.3976601646449978,0.5020725015327391,-0.4325932152578717,0.24927483151295587,0.5,0.15278697572739613,0.0015254474564361268
11.336,CIRCLE,-0.4684233169515313,0.39530428095915554,0.5020712768086485,-0.4313274734300431,0.24710355743020923,0.5,0.1527869308831484,0.0015254478107822177
11.344,CIRCLE,-0.46789110117178156,0.3929510430955185,0.5020700528110813,-0.4300508336244437,0.24493867306288658,0.5,0.15278688637894133,0.0015254527757732539
11.352,CIRCLE,-0.46734706417246136,0.3906005105007967,0.5020688295270432,-0.4287633280968253,0.24278023310924546,0.5,0.1527868422125461,0.0015254501599534873
11.36,CIRCLE,-0.4667912196917753,0.3882527425557286,0.5020676069612262,-0.42746498937747596,0.2406282921047202,0.5,0.15278679838337364,0.0015254520650468434
11.368,CIRCLE,-0.4662235817722627,0.3859077985706741,0.5020663851156314,-0.4261558502703951,0.23848290442053965,0.5,0.15278675489167964,0.0015254522409983812
11.376,CIRCLE,-0.4656441647501409,0.3835657377854592,0.5020651639868683,-0.42483594385246753,0.2363441242623578,0.5,0.15278671173721686,0.00152545165850542
11.384,CIRCLE,-0.4650529832576409,0.3812266193661714,0.502063943573841,-0.42350530347262516,0.23421200566887967,0.5,0.15278666891832587,0.0015254504186609536
11.392,CIRCLE,-0.46445005222228364,0.37889050240525135,0.5020627238742273,-0.42216396275100687,0.23208660251050067,0.5,0.15278662643327823,0.0015254490683203653
11.4,CIRCLE,-0.4638353868686967,0.3765574459189192,0.5020615048869032,-0.4208119555781065,0.22996796848794082,0.5,0.152786584279845,0.0015254477084658546
11.408,CIRCLE,-0.46320900271782856,0.3742275088472727,0.5020602866113498,-0.4194493161139192,0.22785615713089252,0.5,0.15278654245670178,0.0015254462129590499
11.416,CIRCLE,-0.4625709155881071,0.3719007500522696,0.5020590690555209,-0.4180760787870757,0.22575122179666351,0.5,0.15278650096347524,0.0015254480766280878
11.424,CIRCLE,-0.4619211415941668,0.3695772283167234,0.5020578522042556,-0.4166922782939751,0.22365321566883323,0.5,0.15278645980054514,0.0015254481209559844
11.432,CIRCLE,-0.46125969714354936,0.3672570023427113,0.5020566360589317,-0.41529794959790545,0.22156219175590475,0.5,0.15278641896861722,0.0015254455135493721
11.44,CIRCLE,-0.460586598940576,0.3649401307472818,0.5020554206236879,-0.4138931279281633,0.2194782028899696,0.5,0.15278637846710422,0.0015254510095381436
11.448,CIRCLE,-0.45990186398699195,0.3626266720611775,0.5020542059042842,-0.41247784877916044,0.2174013017253688,0.5,0.1527863382947003,0.0015254514421958608
11.456,CIRCLE,-0.459205509571916,0.36031668473013295,0.5020529919000826,-0.4110521479095305,0.21533154073736677,0.5,0.15278629844895597,0.0015254551235852811
11.464,CIRCLE,-0.45849755328219877,0.3580102271106167,0.5020517786110229,-0.4096160613412219,0.21326897222082097,0.5,0.15278625892702932,0.0015254532443593678
11.472,CIRCLE,-0.45777801299902976,0.3557073574700792,0.5020505660226062,-0.40816962535859125,0.21121364828886524,0.5,0.1527862197262643,0.0015254607371864262
11.48,CIRCLE,-0.45704690690110455,0.3534081339854827,0.5020493541482836,-0.4067128765074833,0.2091656208715884,0.5,0.15278618084598833,0.001525465107608177
11.488,CIRCLE,-0.4563042534509438,0.3511126147442007,0.5020481429931255,-0.4052458515943104,0.20712494171472684,0.5,0.15278614228494813,0.0015254745581541657
11.496,CIRCLE,-0.4555500714032356,0.34882085773836136,0.5020469325555939,-0.4037685876851201,0.20509166237835275,0.5,0.15278610404016504,0.0015254806070410171
11.504,CIRCLE,-0.45478437980108866,0.34653292086496085,0.5020457228363879,-0.4022811221046611,0.20306583423557545,0.5,0.1527860661074313,0.0015254931288577443
11.512,CIRCLE,-0.45400719798234235,0.344248861922502,0.5020445138274785,-0.40078349243543737,0.2010475084712393,0.5,0.1527860284816902,0.0015255020187284472
11.52,CIRCLE,-0.45321854557188146,0.34196873861354243,0.5020433055317753,-0.39927573651676174,0.19903673608063482,0.5,0.15278599115861505,0.0015255159862162327
11.528,CIRCLE,-0.45241844248881247,0.3396926085405815,0.5020420979398699,-0.39775789244379656,0.19703356786820564,0.5,0.15278595413447627,0.0015255266661851812
11.536,CIRCLE,-0.4516069089401175,0.3374205292076449,0.5020408910508217,-0.3962299985665945,0.19503805444626948,0.5,0.1527859174072409,0.0015255410361736882
11.544,CIRCLE,-0.45078396542600935,0.3351525580165514,0.5020396848713591,-0.39469209348912637,0.19305024623373496,0.5,0.15278588097654477,0.001525558951410554
11.552,CIRCLE,-0.44994963273311867,0.3328887522658002,0.5020384794004321,-0.39314421606830874,0.1910701934548319,0.5,0.15278584484155833,0.0015255805073761577
11.56,CIRCLE,-0.44910393193358483,0.33062916915075335,0.5020372746357938,-0.39158640541301926,0.1890979461378382,0.5,0.15278580900239766,0.0015255979591905608
11.568,CIRCLE,-0.44824688438412297,0.32837386576126426,0.5020360705746015,-0.3900187008831116,0.1871335541138201,0.5,0.15278577345904742,0.001525621346292644
11.576,CIRCLE,-0.44737851173346904,0.32612289907648534,0.5020348672211937,-0.38844114208841785,0.1851770670153688,0.5,0.15278573821101812,0.001525646982930384
11.584,CIRCLE,-0.44649883591360034,0.32387632596571475,0.5020336645744738,-0.38685376888775075,0.18322853427535057,0.5,0.1527857032562132,0.001525674965585393
11.592,CIRCLE,-0.445607879138841,0.3216342031885986,0.5020324626340658,-0.3852566213878936,0.18128800512565396,0.5,0.15278566859232393,0.0015257051078561646
11.6,CIRCLE,-0.4447056639082446,0.3193965873921858,0.502031261398632,-0.3836497399425902,0.17935552859594955,0.5,0.15278563421650687,0.00152573757874001
11.608,CIRCLE,-0.4437922130067404,0.31716353510917505,0.5020300608670366,-0.3820331651515216,0.17743115351244748,0.5,0.15278560012579906,0.0015257724756634115
11.616,CIRCLE,-0.44286754950417373,0.31493510275814046,0.502028861047357,-0.3804069378592841,0.17551492849666755,0.5,0.15278556631862408,0.0015258133387703629
11.624,CIRCLE,-0.4419316967541292,0.3127113466425145,0.5020276619203037,-0.37877109915435364,0.17360690196420697,0.5,0.1527855327944506,0.0015258534377867521
11.632,CIRCLE,-0.4409846783900418,0.3104923229487103,0.5020264634847976,-0.3771256903680511,0.1717071221235209,0.5,0.15278549955259538,0.001525892868984613
11.64,CIRCLE,-0.4400265183301446,0.30827808774073945,0.5020252657499096,-0.37547075307349465,0.16981563697470042,0.5,0.15278546659079598,0.0015259429828266735
11.648,CIRCLE,-0.4390572407779681,0.3060686969587792,0.5020240687117529,-0.3738063290845527,0.167932494308264,0.5,0.15278543390544788,0.0015259887622291522
11.656,CIRCLE,-0.43807687021169966,0.3038642064236979,0.5020228723743811,-0.372132460454784,0.16605774170394572,0.5,0.1527854014930331,0.0015260426979933483
11.664,CIRCLE,-0.43708543139488487,0.30166467183058143,0.5020216767400947,-0.3704491894763786,0.1641914265294971,0.5,0.15278536935019413,0.0015260986840889463
11.672,CIRCLE,-0.4360829493671426,0.29947014875058664,0.5020204818057447,-0.3687565586790859,0.16233359593948665,0.5,0.15278533747293882,0.001526157591857115
11.68,CIRCLE,-0.43506944944656784,0.2972806926278751,0.5020192875701993,-0.3670546108291435,0.16048429687411214,0.5,0.15278530585650432,0.0015262195158870008
11.688,CIRCLE,-0.43404495722902564,0.2950963587798383,0.5020180940312832,-0.3653433889281929,0.15864357605801066,0.5,0.1527852744967374,0.0015262849493487545
11.696,CIRCLE,-0.4330094985893989,0.29291720239512764,0.5020169011974948,-0.3636229362121971,0.15681147999908213,0.5,0.15278524339056826,0.0015263575865095064
11.704,CIRCLE,-0.4319630996803451,0.2907432785325935,0.5020157090523888,-0.36189329615034416,0.15498805498731016,0.5,0.15278521253559413,0.0015264317584659424
11.712,CIRCLE,-0.43090578692880643,0.28857464211983225,0.5020145175983999,-0.36015451244395263,0.15317334709359665,0.5,0.15278518192929275,0.001526506242021706
11.72,CIRCLE,-0.4298375870396134,0.28641134794944323,0.5020133268326187,-0.35840662902536385,0.1513674021685935,0.5,0.1527851515685654,0.0015265898012367315
11.728,CIRCLE,-0.42875852699466405,0.28425345067653024,0.5020121367605893,-0.35664969005683556,0.1495702658415483,0.5,0.1527851214489276,0.0015266726422349301
11.736,CIRCLE,-0.42766863404659256,0.2821010048223557,0.5020109473833588,-0.35488373992942235,0.14778198351914745,0.5,0.1527850915661539,0.001526762258280741
11.744,CIRCLE,-0.4265679357253743,0.27995406476974605,0.5020097587056758,-0.35310882326185783,0.1460026003843728,0.5,0.15278506191695745,0.0015268567985714872
11.752,CIRCLE,-0.4254564598322783,0.27781268476328236,0.5020085707264316,-0.35132498489942354,0.14423216139535627,0.5,0.15278503249773062,0.001526956352668189
11.76,CIRCLE,-0.42433423443893625,0.2756769189096073,0.5020073834478833,-0.3495322699128196,0.14247071128424765,0.5,0.1527850033059648,0.0015270597482140017
11.768,CIRCLE,-0.4232012878893136,0.273546821175088,0.5020061968672868,-0.3477307235970224,0.14071829455608065,0.5,0.15278497434055324,0.0015271670766748005
11.776,CIRCLE,-0.42205764879913016,0.27142244538144933,0.5020050109835158,-0.3459203914701435,0.1389749554876522,0.5,0.15278494559933528,0.0015272784288522122
11.784,CIRCLE,-0.42090334605495794,0.26930384520609546,0.5020038258047124,-0.34410131927227616,0.13724073812640009,0.5,0.15278491708060218,0.0015273973569954514
11.792,CIRCLE,-0.4197384088130073,0.26719107418110344,0.5020026413138275,-0.3422735529643435,0.13551568628929345,0.5,0.1527848887827089,0.001527517959014443
11.8,CIRCLE,-0.4185628664956655,0.26508418569176717,0.502001457508545,-0.34043713872693304,0.13379984356172242,0.5,0.15278486070311825,0.001527640800120224
11.808,CIRCLE,-0.41737674879540765,0.26298323297226217,0.5020002743988129,-0.3385921229591341,0.13209325329640037,0.5,0.15278483283814423,0.0015277701030226105
11.816,CIRCLE,-0.41618008567314757,0.260888269104489,0.5019990919835581,-0.33673855227736144,0.13039595861226472,0.5,0.1527848051824251,0.0015279059537244653
11.824,CIRCLE,-0.414972907357117,0.2587993470184776,0.5019979102700827,-0.33487647351418137,0.12870800239339153,0.5,0.15278477773052518,0.0015280452966484578
11.832,CIRCLE,-0.413755244341482,0.25671651949360685,0.5019967292544558,-0.3330059337171247,0.12702942728790795,0.5,0.15278475047855394,0.0015281957602725617
11.84,CIRCLE,-0.41252712738567987,0.25463983915653277,0.501995548935351,-0.3311269801475016,0.12536027570691854,0.5,0.15278472342375501,0.001528341225318862
11.848,CIRCLE,-0.41128858750852354,0.252569358481448,0.501994369309557,-0.32923966027920387,0.12370058982343007,0.5,0.15278469656303553,0.001528501361505863
11.856,CIRCLE,-0.41003965599905223,0.250505129780929,0.5019931903702325,-0.32734402179750943,0.12205041157128943,0.5,0.1527846698925166,0.0015286603295619663
11.864,CIRCLE,-0.40878036440217774,0.24844720521393335,0.5019920121165767,-0.3254401125978733,0.12040978264412094,0.5,0.15278464340828943,0.0015288276126573497
11.872,CIRCLE,-0.4075107445282517,0.24639563677883924,0.5019908345553372,-0.32352798078472145,0.11877874449427545,0.5,0.15278461710721503,0.00152900188477981
11.88,CIRCLE,-0.4062308284466454,0.24435047631414097,0.501989657685395,-0.3216076746702318,0.1171573383317811,0.5,0.15278459098538447,0.0015291832276537107
11.888,CIRCLE,-0.4049406484848263,0.24231177549883628,0.5019884815080868,-0.3196792427731168,0.11554560512330381,0.5,0.152784565039546,0.0015293641992218726
11.896,CIRCLE,-0.4036402372281753,0.24027958585023348,0.5019873060145258,-0.3177427338173947,0.11394358559111045,0.5,0.15278453926648983,0.0015295546668758146
11.904,CIRCLE,-0.4023296275249199,0.23825395871605978,0.5019861312109601,-0.315798196731161,0.1123513202120418,0.5,0.15278451366115503,0.001529751908828389
11.912,CIRCLE,-0.40100885248072493,0.23623494527978867,0.501984957096282,-0.3138456806453498,0.11076884921648789,0.5,0.15278448821933013,0.0015299560061102387
11.92,CIRCLE,-0.39967794545768437,0.23422259656107391,0.5019837836770388,-0.31188523489249487,0.10919621258737361,0.5,0.15278446293913386,0.001530162739300453
11.928,CIRCLE,-0.39833694007247405,0.23221696341195378,0.5019826109399801,-0.30991690900548086,0.10763345005914621,0.5,0.15278443781798118,0.001530376773319052
11.936,CIRCLE,-0.39698587019968096,0.2302180965124937,0.5019814389042995,-0.3079407527162942,0.10608060111677398,0.5,0.1527844128531571,0.001530599069695514
11.944,CIRCLE,-0.3956247699699826,0.22822604637037444,0.5019802675484777,-0.30595681595476387,0.10453770499474574,0.5,0.1527843880410986,0.0015308282086971235
11.952,CIRCLE,-0.3942536737657881,0.2262408633211854,0.5019790968714336,-0.30396514884730286,0.10300480067608248,0.5,0.15278436337744183,0.0015310642688330044
11.96,CIRCLE,-0.39287261622072145,0.22426259752872035,0.5019779268821545,-0.3019658017156385,0.10148192689134955,0.5,0.1527843388583242,0.0015313035527855343
11.968,CIRCLE,-0.39148163222042026,0.2222912989840045,0.5019767575845859,-0.29995882507554433,0.09996912211768078,0.5,0.15278431448137125,0.0015315536313583577
11.976,CIRCLE,-0.390080756904466,0.22032701750006564,0.5019755889686349,-0.2979442696355604,0.09846642457780386,0.5,0.15278429024409343,0.0015318048748591323
11.984,CIRCLE,-0.3886700256591957,0.21836980271429893,0.5019744210334869,-0.29592218629571526,0.09697387223907677,0.5,0.1527842661433317,0.001532065118904696
11.992,CIRCLE,-0.38724947412194327,0.21641970408139996,0.5019732537828231,-0.293892626146237,0.09549150281252661,0.5,0.15278424217364728,0.0015323326183712305
12.0,CIRCLE,-0.3858191381770026,0.2144767708771957,0.5019720872155478,-0.2918556404662651,0.0940193537518984,0.5,0.15278421832937902,0.0015326074486096378
12.008000000000001,CIRCLE,-0.38437905395467337,0.21254105219912536,0.5019709213393863,-0.28981128072255224,0.09255746225270733,0.5,0.1527841946061114,0.0015328863742788339
12.016,CIRCLE,-0.38292925783192294,0.21061259696542642,0.5019697561554641,-0.2877595985681664,0.09110586525130038,0.5,0.15278417100172256,0.0015331790574437858
12.024000000000001,CIRCLE,-0.3814697864345989,0.20869145390927984,0.5019685916517438,-0.2857006458411833,0.08966459942392158,0.5,0.1527841475146272,0.0015334715099922177
12.032,CIRCLE,-0.38000067662824843,0.20677767158160737,0.5019674278241629,-0.2836344745633793,0.08823370118578705,0.5,0.1527841241420574,0.001533773037856406
12.040000000000001,CIRCLE,-0.37852196552519274,0.2048712983410768,0.5019662646756957,-0.28156113693891416,0.08681320669016296,0.5,0.15278410087822675,0.0015340821453445185
12.048,CIRCLE,-0.3770336904799825,0.20297238235848977,0.5019651022052666,-0.27948068535301507,0.08540315182745417,0.5,0.1527840777163611,0.0015343989046077333
12.056000000000001,CIRCLE,-0.3755358890886314,0.20108097161721888,0.5019639404117897,-0.27739317237064987,0.0840035722242955,0.5,0.15278405465014053,0.0015347233873795301
12.064,CIRCLE,-0.3740285991877376,0.19919711391369663,0.501962779304484,-0.27529865073520227,0.08261450324265324,0.5,0.15278403167515406,0.001535059521086322
12.072000000000001,CIRCLE,-0.37251185885323035,0.19732085685625544,0.501961618864746,-0.2731971733671359,0.08123597997893006,0.5,0.15278400878821116,0.0015354007991178905
12.08,CIRCLE,-0.37098570639643347,0.19545224786392093,0.5019604591080052,-0.2710887933626605,0.07986803726308,0.5,0.15278398598613308,0.0015357478038423122
12.088000000000001,CIRCLE,-0.36945018036915167,0.19359133415945368,0.5019593000251692,-0.2689735639923872,0.07851070965772666,0.5,0.15278396326453772,0.001536103595217016
12.096,CIRCLE,-0.3679053195629931,0.1917381627692508,0.5019581416352074,-0.26685153869998557,0.07716403145729184,0.5,0.1527839406196289,0.001536467241158653
12.104000000000001,CIRCLE,-0.36635116300732024,0.18989278052359004,0.5019569839254049,-0.26472277110083037,0.0758280366871269,0.5,0.1527839180478801,0.0015368344231134381
12.112,CIRCLE,-0.3647877499664594,0.1880552340559659,0.5019558268894895,-0.2625873149806499,0.07450275910265536,0.5,0.1527838955457431,0.00153721644224026
12.120000000000001,CIRCLE,-0.3632151199395391,0.18622556979993865,0.5019546705340688,-0.2604452242941641,0.07318823218851789,0.5,0.15278387310883418,0.0015376011382051212
12.128,CIRCLE,-0.3616333126527293,0.1844038339939526,0.5019535148484262,-0.2582965531637242,0.0718844891577281,0.5,0.15278385073143272,0.0015379922836215516
12.136000000000001,CIRCLE,-0.36004236806618767,0.18259007267380453,0.5019523598409501,-0.2561413558779422,0.07059156295083191,0.5,0.15278382840751598,0.0015383934831780261
12.144,CIRCLE,-0.35844232637270784,0.18078433167170488,0.5019512055123255,-0.2539796868903225,0.06930948623507655,0.5,0.1527838061304218,0.0015388041136869103
12.152000000000001,CIRCLE,-0.3568332279944006,0.17898665661932894,0.5019500518614755,-0.2518116008178828,0.06803829140358375,0.5,0.1527837838944707,0.0015392242380271933
12.16,CIRCLE,-0.3552151135819099,0.17719709294832192,0.5019488988923322,-0.24963715243977722,0.06677801057453303,0.5,0.15278376169636546,0.0015396490002561405
12.168000000000001,CIRCLE,-0.35358802401248446,0.1754156858869995,0.5019477466033615,-0.24745639669590921,0.0655286755903483,0.5,0.15278373953281693,0.0015400856286093031
12.176,CIRCLE,-0.35195200039327734,0.17364248045454478,0.5019465949900788,-0.2452693886855466,0.06429031801689528,0.5,0.1527837174002123,0.0015405274477514807
12.184000000000001,CIRCLE,-0.3503070840555921,0.1718775214639264,0.5019454440537386,-0.24307618366592615,0.06306296914268195,0.5,0.1527836952944179,0.0015409796599827564
12.192,CIRCLE,-0.3486533165571034,0.17012085351750614,0.5019442938050318,-0.24087683705086074,0.06184665997806993,0.5,0.15278367321076922,0.001541437896799316
12.200000000000001,CIRCLE,-0.34699073968037647,0.16837252100861086,0.5019431442294828,-0.23867140440933604,0.060641421254489236,0.5,0.15278365114530135,0.0015419072789536973
12.208,CIRCLE,-0.34531939543310086,0.16663256812077037,0.5019419953298874,-0.2364599414641096,0.05944728342366351,0.5,0.15278362909647122,0.001542384070400038
12.216000000000001,CIRCLE,-0.3436393260418959,0.1649010388276309,0.501940847103429,-0.2342425040902999,0.05826427665683881,0.5,0.15278360706194288,0.001542869029775184
12.224,CIRCLE,-0.34195057395427714,0.163177976890726,0.5019396995526821,-0.2320191483139777,0.057092430844023156,0.5,0.1527835850400509,0.0015433635442461452
12.232000000000001,CIRCLE,-0.3402531818357724,0.16146342585747658,0.5019385526765522,-0.22978993031074738,0.05593177559322954,0.5,0.15278356302775525,0.0015438676701576997
12.24,CIRCLE,-0.3385471925692228,0.15975742906170717,0.5019374064737758,-0.22755490640433063,0.0547823402297295,0.5,0.15278354102204705,0.0015443747293694724
12.248000000000001,CIRCLE,-0.33683264925411455,0.1580600296219485,0.5019362609435376,-0.2253141330651403,0.053644153795310734,0.5,0.1527835190198073,0.0015448968846553876
12.256,CIRCLE,-0.3351095952101564,0.15637127043372545,0.5019351160887976,-0.22306766690885688,0.05251724504754457,0.5,0.15278349701673988,0.0015454262509083294
12.264000000000001,CIRCLE,-0.3333780739684922,0.15469119417625435,0.5019339719057542,-0.22081556469499455,0.051401642459058206,0.5,0.15278347500701056,0.0015459639615243762
12.272,CIRCLE,-0.3316381292748685,0.15301984330906432,0.5019328283933225,-0.21855788332547066,0.050297374216816515,0.5,0.1527834529848771,0.0015465100718302669
12.280000000000001,CIRCLE,-0.32988980508886934,0.15135726007257946,0.5019316855610563,-0.21629467984316453,0.04920446822140867,0.5,0.15278343094616897,0.0015470686026559201
12.288,CIRCLE,-0.32813314558260653,0.1497034864869418,0.5019305433927228,-0.21402601143047958,0.04812295208634437,0.5,0.15278340888759367,0.0015476338955550332
12.296,CIRCLE,-0.32636819513734666,0.1480585643512361,0.5019294018997007,-0.2117519354078957,0.04705285313735513,0.5,0.15278338680590065,0.001548209526714183
12.304,CIRCLE,-0.3245949983462345,0.14642253523829346,0.5019282610725161,-0.2094725092325221,0.04599419841170427,0.5,0.1527833646973893,0.0015487923756046793
12.312,CIRCLE,-0.3228136000119998,0.14479544049459583,0.5019271209191017,-0.20718779049664704,0.04494701465750445,0.5,0.15278334255822074,0.0015493858320494232
12.32,CIRCLE,-0.3210240451455343,0.14317732123952462,0.5019259814476766,-0.2048978369262795,0.04391132833304029,0.5,0.1527833203842249,0.0015499864697768619
12.328,CIRCLE,-0.31922637896451095,0.14156821836676803,0.501924842645356,-0.20260270637969424,0.042887165606101785,0.5,0.15278329817206232,0.0015505984647237712
12.336,CIRCLE,-0.31742064689133087,0.139968172541836,0.501923704522306,-0.20030245684596654,0.041874552353321326,0.5,0.15278327591814422,0.0015512176549499223
12.344,CIRCLE,-0.31560689455197216,0.13837722420340126,0.5019225670626668,-0.19799714644351035,0.04087351415952151,0.5,0.15278325361952227,0.001551850000042005
12.352,CIRCLE,-0.3137851677741806,0.1367954135602555,0.5019214302735939,-0.19568683341860654,0.039884076317067085,0.5,0.1527832312726768,0.001552486489743845
12.36,CIRCLE,-0.3119555125844834,0.13522278059247753,0.5019202941528651,-0.19337157614393452,0.03890626382522766,0.5,0.15278320887304858,0.0015531358388811039
12.368,CIRCLE,-0.31011797521243506,0.13365936504436374,0.5019191587064102,-0.19105143311709424,0.037940101389544456,0.5,0.15278318641559602,0.0015537954050183322
12.376,CIRCLE,-0.3082726020860597,0.1321052064290572,0.501918023924187,-0.18872646295913123,0.03698561342120732,0.5,0.15278316389546232,0.0015544618432462426
12.384,CIRCLE,-0.3064194398296367,0.13056034402835934,0.5019168898124565,-0.18639672441305244,0.03604282403643699,0.5,0.15278314130802167,0.0015551400403374922
12.392,CIRCLE,-0.3045585352665908,0.12902481688742964,0.5019157563715956,-0.1840622763423451,0.03511175705587671,0.5,0.15278311864908053,0.0015558229393358078
12.4,CIRCLE,-0.3026899354165618,0.1274986638155429,0.5019146235988522,-0.18172317772948632,0.03419243600398936,0.5,0.15278309591466735,0.0015565208877238162
12.408,CIRCLE,-0.3008136874968463,0.1259819233814399,0.5019134914955445,-0.1793794876744561,0.03328488410846425,0.5,0.15278307310099276,0.001557226529297771
12.416,CIRCLE,-0.2989298389143794,0.12447463391929788,0.5019123600574198,-0.17703126539324074,0.03238912429962887,0.5,0.15278305020319438,0.001557941185590816
12.424,CIRCLE,-0.29703843726895257,0.12297683352539927,0.5019112292922201,-0.1746785702163401,0.03150517920987095,0.5,0.15278302721755435,0.0015586681717469602
12.432,CIRCLE,-0.2951395303521108,0.12148856005720428,0.501910099185155,-0.17232146158726502,0.03063307117306535,0.5,0.15278300414116555,0.0015594023408235787
12.44,CIRCLE,-0.2932331661441274,0.1200098511328236,0.5019089697475723,-0.16995999906103904,0.029772822224010953,0.5,0.15278298097131782,0.0015601482415293422
12.448,CIRCLE,-0.29131939281579633,0.11854074412638282,0.5019078409794548,-0.16759424230269007,0.028924454097872754,0.5,0.15278295770526149,0.0015608982165928828
12.456,CIRCLE,-0.28939825872537983,0.11708127616871107,0.5019067128690341,-0.1652242510857464,0.02808798822963382,0.5,0.1527829343397364,0.0015616666363354903
12.464,CIRCLE,-0.28746981241887665,0.11563148414363177,0.5019055854224342,-0.162850085290723,0.027263445753552662,0.5,0.15278291087097456,0.0015624377162629342
12.472,CIRCLE,-0.28553410262164397,0.11419140469680893,0.5019044586408214,-0.16047180490361201,0.026450847502630326,0.5,0.15278288729426862,0.0015632223694048643
12.48,CIRCLE,-0.2835911782457802,0.11276107422455779,0.5019033325306754,-0.15808947001436371,0.025650214008082872,0.5,0.1527828636051182,0.0015640177319198808
12.488,CIRCLE,-0.2816410883854438,0.11134052887862847,0.5019022070795657,-0.15570314081537162,0.024861565498823734,0.5,0.1527828397994402,0.0015648195375443177
12.496,CIRCLE,-0.2796838823143173,0.10992980456587795,0.5019010822944892,-0.1533128775999484,0.024084921900951684,0.5,0.1527828158732664,0.0015656340087521732
12.504,CIRCLE,-0.2777196094887726,0.10852893694223184,0.5018999581712669,-0.15091874076080572,0.02332030283724823,0.5,0.15278279182308666,0.0015664557044114706
12.512,CIRCLE,-0.2757483195430377,0.10713796141537642,0.5018988347134334,-0.14852079078852512,0.02256772762668091,0.5,0.15278276764518922,0.0015672899602722586
12.52,CIRCLE,-0.27377006229068895,0.10575691314106975,0.5018977119169423,-0.14611908827003292,0.021827215283916068,0.5,0.1527827433361995,0.0015681315578461234
12.528,CIRCLE,-0.27178488772003945,0.10438582702572188,0.5018965897852454,-0.1437136938870661,0.021098784518837677,0.5,0.15278271889241946,0.0015689856640353152
12.536,CIRCLE,-0.26979284599571335,0.1030247377226834,0.5018954683215423,-0.14130466841464248,0.020382453736075334,0.5,0.1527826943105336,0.0015698443163681705
12.544,CIRCLE,-0.2677939874556496,0.10167367963324969,0.5018943475207062,-0.13889207271952175,0.019678241034538302,0.5,0.15278266958711065,0.0015707192544255901
12.552,CIRCLE,-0.26578836261269084,0.10033268690179668,0.5018932273942229,-0.1364759677586711,0.018986164206959477,0.5,0.15278264471918862,0.001571605702936816
12.56,CIRCLE,-0.26377602214744966,0.09900179342307765,0.5018921079291536,-0.13405641457772147,0.018306240739444424,0.5,0.15278261970321388,0.0015724967876067006
12.568,CIRCLE,-0.2617570169077465,0.09768103283909173,0.501890989126295,-0.13163347430942884,0.017638487811030945,0.5,0.15278259453478688,0.0015734007711323903
12.576,CIRCLE,-0.25973139791330835,0.09637043853159685,0.501889870990426,-0.12920720817212597,0.016982922293253766,0.5,0.15278256921012234,0.0015743154316966153
12.584,CIRCLE,-0.25769921635148163,0.09507004362652252,0.5018887535084621,-0.12677767746817922,0.01633956074971943,0.5,0.15278254372605,0.0015752362275134942
12.592,CIRCLE,-0.25566052357467006,0.09377988099363026,0.501887636688096,-0.12434494358243625,0.015708419435686738,0.5,0.15278251807964305,0.0015761706419029412
12.6,CIRCLE,-0.25361537110238896,0.09249998324111254,0.5018865205270021,-0.12190906798067842,0.01508951429765687,0.5,0.15278249226836307,0.0015771127197515332
12.608,CIRCLE,-0.25156381061552213,0.09123038271937195,0.5018854050200393,-0.1194701122080644,0.014482860972969858,0.5,0.1527824662887219,0.0015780641143474225
12.616,CIRCLE,-0.24950589395883543,0.08997111151859723,0.5018842901704006,-0.11702813788757858,0.013888474789410188,0.5,0.15278244013886916,0.0015790263506349326
12.624,CIRCLE,-0.24744167313822696,0.0887222014668055,0.5018831759771509,-0.11458320671847068,0.01330637076481861,0.5,0.15278241381664703,0.0015799994491832107
12.632,CIRCLE,-0.245371200320195,0.0874836841304921,0.5018820624369619,-0.11213538047470027,0.012736563606713658,0.5,0.15278238732103255,0.001580982477392739
12.64,CIRCLE,-0.24329452782901526,0.08625559081308168,0.5018809495489186,-0.10968472100337252,0.012179067711919178,0.5,0.15278236065052864,0.0015819754554296198
12.648,CIRCLE,-0.24121170814626036,0.08503795255554117,0.5018798373132748,-0.10723129022317908,0.01163389716620139,0.5,0.15278233380456382,0.0015829787845408913
12.656,CIRCLE,-0.23912279390774405,0.08383080013439256,0.5018787257290972,-0.10477515012283009,0.01110106574391223,0.5,0.15278230678135843,0.001583992482643236
12.664,CIRCLE,-0.23702783790302204,0.08263416406235613,0.5018776147949099,-0.10231636275949149,0.01058058690764202,0.5,0.1527822795793231,0.0015850163210421688
12.672,CIRCLE,-0.23492689307255774,0.0814480745868961,0.5018765045175878,-0.09985499025721357,0.010072473807878624,0.5,0.15278225219549546,0.0015860473912320142
12.68,CIRCLE,-0.23282001250843984,0.08027256168964851,0.5018753948947283,-0.09739109480536484,0.009576739282675883,0.5,0.1527822246271982,0.0015870906335476113
12.688,CIRCLE,-0.2307072494539015,0.07910765508160092,0.5018742859297899,-0.09492473865705724,0.009093395857328712,0.5,0.15278219687111888,0.0015881443489762317
12.696,CIRCLE,-0.22858865730017724,0.0779533842064078,0.5018731776218128,-0.09245598412757676,0.008622455744056956,0.5,0.1527821689235119,0.0015892085516736427
12.704,CIRCLE,-0.22646428958603473,0.07680977824102557,0.5018720699648713,-0.08998489359280544,0.008163930841696532,0.5,0.15278214078157837,0.0015902813447044508
12.712,CIRCLE,-0.2243341999945181,0.07567686609412147,0.5018709629672508,-0.0875115294876489,0.0077178327353992215,0.5,0.15278211244156836,0.00159136627601536
12.72,CIRCLE,-0.222198442354814,0.07455467640208881,0.5018698566262852,-0.08503595430445536,0.007284172696339519,0.5,0.15278208389988945,0.001592456707970213
12.728,CIRCLE,-0.22005707063945062,0.07344323752970888,0.50186875094236,-0.08255823059144014,0.006862961681430191,0.5,0.1527820551526449,0.0015935622709871526
12.736,CIRCLE,-0.2179101389655975,0.07234257756575951,0.501867645916218,-0.08007842095110192,0.006454210333045052,0.5,0.15278202619643722,0.001594675929848416
12.744,CIRCLE,-0.21575770158966126,0.07125272433067781,0.5018665415414151,-0.07759658803864439,0.006057928978750682,0.5,0.15278199702832287,0.0015957981429554793
12.752,CIRCLE,-0.2135998129069879,0.07017370537116166,0.5018654378249334,-0.07511279456038979,0.00567412763104469,0.5,0.15278196764495175,0.0015969318662415232
12.76,CIRCLE,-0.21143652745072644,0.06910554795955404,0.5018643347658385,-0.072627103272198,0.005302815987103582,0.5,0.15278193804256476,0.0015980771064136713
12.768,CIRCLE,-0.2092678998914474,0.06804827909442514,0.5018632323498663,-0.07013957697787748,0.004944003428537014,0.5,0.15278190821837698,0.0015992288319869128
12.776,CIRCLE,-0.20709398503453091,0.06700192550024492,0.5018621305908604,-0.06765027852760198,0.0045976990211512025,0.5,0.15278187817009573,0.0016003942545224528
12.784,CIRCLE,-0.20491483782104325,0.06596651362249582,0.5018610294859279,-0.06515927081631899,0.004263911514719776,0.5,0.15278184789571694,0.0016015669223238818
12.792,CIRCLE,-0.20273051332185826,0.0649420696315302,0.5018599290294053,-0.06266661678216419,0.003942649342762616,0.5,0.1527818173914758,0.0016027487009466382
12.8,CIRCLE,-0.2005410667404011,0.0639286194200812,0.5018588292230968,-0.06017237940486772,0.0036339206223327536,0.5,0.15278178665499553,0.001603940550228112
12.808,CIRCLE,-0.1983465534100115,0.06292618860146451,0.5018577300661379,-0.057676621704166424,0.003337733153811584,0.5,0.15278175568359814,0.0016051424741486894
12.816,CIRCLE,-0.19614702879348014,0.061934802510299196,0.5018566315575419,-0.05517940673820809,0.003054094420711251,0.5,0.15278172447576888,0.001606354370699907
12.824,CIRCLE,-0.1939425484805271,0.06095448620111215,0.5018555336964848,-0.05268079760196173,0.002783011589486073,0.5,0.1527816930298513,0.0016075762425089295
12.832,CIRCLE,-0.19173316818737876,0.05998526444902193,0.5018544364822483,-0.05018085742561989,0.00252449150935119,0.5,0.15278166134547902,0.0016088080670233025
12.84,CIRCLE,-0.18951894375382924,0.059027161748137706,0.5018533399221797,-0.047679649373007095,0.0022785407121096446,0.5,0.15278162942188894,0.001610046763395416
12.848,CIRCLE,-0.18729993114209686,0.05808020231290624,0.5018522440103302,-0.04517723663998047,0.002045165411987182,0.5,0.15278159725864587,0.0016112985240000026
12.856,CIRCLE,-0.1850761864342153,0.05714441007465341,0.5018511487520385,-0.042673682452836495,0.0018243715054755416,0.5,0.15278156485376143,0.0016125609462409032
12.864,CIRCLE,-0.18284776582834708,0.056219808685508445,0.5018500541463495,-0.040169050066710024,0.0016161645711830208,0.5,0.1527815322030066,0.0016138280749603711
12.872,CIRCLE,-0.18061472563829908,0.05530642151726041,0.5018489601925802,-0.037663402763979614,0.0014205498696940322,0.5,0.1527814993005687,0.001615111319025195
12.88,CIRCLE,-0.1783771222972158,0.05440427165422778,0.5018478668890418,-0.03515680385266504,0.001237532343435821,0.5,0.1527814661414789,0.001616400842762061
12.888,CIRCLE,-0.1761350123529144,0.05351338190148546,0.5018467742309631,-0.03264931666483136,0.001067116616553787,0.5,0.15278143272168496,0.0016176998725606758
12.896,CIRCLE,-0.17388845246848955,0.052633774776757965,0.5018456822174361,-0.030141004554985137,0.0009093069947944121,0.5,0.15278139903738547,0.0016190084048681903
12.904,CIRCLE,-0.17163749942186063,0.05176547251120898,0.5018445908564136,-0.02763193089847731,0.0007641074653969016,0.5,0.1527813650865399,0.0016203297108878677
12.912,CIRCLE,-0.1693822101045809,0.050908497048692825,0.5018435001409004,-0.02512215908989839,0.0006315216969919324,0.5,0.15278133086880688,0.0016216564680882715
12.92,CIRCLE,-0.16712264151546788,0.05006287004947188,0.5018424100696156,-0.022611752541480255,0.0005115530395093937,0.5,0.15278129638256965,0.0016229940898072211
12.928,CIRCLE,-0.16485885076081597,0.04922861288400508,0.5018413206523107,-0.020100774681490442,0.0004042045240933434,0.5,0.15278126162467648,0.001624338566217278
12.936,CIRCLE,-0.16259089505310503,0.04840574663442316,0.5018402318772905,-0.01758928895263309,0.00030947886302590266,0.5,0.152781226590889,0.0016256939994634893
12.944,CIRCLE,-0.16031883171155858,0.047594292094475237,0.5018391437455307,-0.015077358810442447,0.00022737844965819987,0.5,0.15278119127837017,0.0016270596463744992
12.952,CIRCLE,-0.1580427181592808,0.046794269772660754,0.5018380562549071,-0.012565047721683143,0.00015790535835036312,0.5,0.1527811556852835,0.0016284349526409481
12.96,CIRCLE,-0.15576261192040308,0.046005699890354836,0.5018369693964836,-0.010052419162743085,0.00010106134441884018,0.5,0.1527811198089315,0.001629816866457234
12.968,CIRCLE,-0.15347857061838516,0.045228602382081706,0.5018358831870035,-0.007539536618033191,5.684784409204502e-05,0.5,0.1527810836460869,0.0016312133168504344
12.976,CIRCLE,-0.1511906519777366,0.044462996889190934,0.5018347976270305,-0.0050264635783798485,2.5265974474220076e-05,0.5,0.15278104719376542,0.0016326170169577978
12.984,CIRCLE,-0.14889891382079312,0.04370890276565941,0.5018337127087776,-0.0025132635394242877,6.316533517181089e-06,0.5,0.15278101044951684,0.0016340280611421745
12.992,CIRCLE,-0.14660341406677938,0.04296633907175132,0.5018326284401886,-1.4746792434988118e-14,0.0,0.5,0.15278097341049945,0.0016354497209613691
13.0,CIRCLE,-0.14430421073064773,0.04223532457326606,0.5018315448204251,0.0025132635393943508,6.3165335170700665e-06,0.5,0.1527809360734672,0.0016368819816911925
13.008000000000001,CIRCLE,-0.14200136192270293,0.041515877742311094,0.5018304618423537,0.005026463578350356,2.526597447394252e-05,0.5,0.15278089843627007,0.0016383202577901518
13.016,CIRCLE,-0.13969492584442147,0.04080801675973845,0.5018293795059592,0.007539536618003257,5.684784409160093e-05,0.5,0.15278086049622694,0.0016397733676071587
13.024000000000001,CIRCLE,-0.1373849607880405,0.04011175951296632,0.5018282978160323,0.010052419162713598,0.00010106134441822956,0.5,0.15278082225064044,0.0016412302783071877
13.032,CIRCLE,-0.13507152513381307,0.039427123601895216,0.5018272167655747,0.012565047721653216,0.00015790535834964148,0.5,0.15278078369701803,0.0016426959726551838
13.040000000000001,CIRCLE,-0.13275467735064336,0.03875412632810948,0.5018261363537692,0.015077358810412965,0.0002273784496573117,0.5,0.1527807448325745,0.0016441704345807051
13.048,CIRCLE,-0.13043447599582028,0.03809278469551915,0.5018250565798926,0.017589288952603168,0.00030947886302484795,0.5,0.15278070565571336,0.0016456535686900718
13.056000000000001,CIRCLE,-0.12811097971186816,0.03744311541399452,0.5018239774517238,0.020100774681460973,0.00040420452409217766,0.5,0.15278066616559516,0.0016471485225757736
13.064,CIRCLE,-0.12578424722540962,0.03680513489868785,0.5018228989635032,0.02261175254145035,0.0005115530395080059,0.5,0.1527806263621341,0.0016486487386558925
13.072000000000001,CIRCLE,-0.12345433734238477,0.03617885927267661,0.5018218211135338,0.025122159089868933,0.0006315216969904336,0.5,0.15278058624371424,0.0016501585776396567
13.08,CIRCLE,-0.12112130894821754,0.0355643043605559,0.5018207439010346,0.02763193089844742,0.0007641074653952362,0.5,0.15278054580729358,0.0016516780188657748
13.088000000000001,CIRCLE,-0.11878522100742353,0.03496148568934107,0.5018196673350037,0.0301410045549557,0.0009093069947926358,0.5,0.15278050504993165,0.0016532033526160804
13.096,CIRCLE,-0.11644613256238516,0.03437041848992708,0.5018185914068887,0.03264931666480149,0.0010671166165517887,0.5,0.1527804639691573,0.0016547389869739242
13.104000000000001,CIRCLE,-0.11410410273149257,0.033791117694661144,0.501817516119123,0.03515680385263562,0.001237532343433767,0.5,0.15278042256250884,0.0016562836391454297
13.112,CIRCLE,-0.11175919070633594,0.03322359794050121,0.5018164414709281,0.037663402763949756,0.0014205498696917562,0.5,0.15278038082685155,0.0016578372871311428
13.120000000000001,CIRCLE,-0.10941145575143196,0.03266787356972386,0.5018153674564083,0.040169050066680624,0.0016161645711806338,0.5,0.15278033875971872,0.0016593979395863178
13.128,CIRCLE,-0.10706095720130596,0.03212395862840994,0.5018142940780773,0.042673682452806665,0.001824371505472988,0.5,0.15278029635777368,0.0016609664190791
13.136000000000001,CIRCLE,-0.10470775446072429,0.0315918668616531,0.5018132213351097,0.045177236639951095,0.0020451654119845175,0.5,0.15278025361746028,0.0016625427027612389
13.144,CIRCLE,-0.10235190700430313,0.03107161171452679,0.5018121492351433,0.0476796493729773,0.002278540712106758,0.5,0.1527802105365414,0.001664129897546451
13.152000000000001,CIRCLE,-0.09999347437539849,0.030563206331428398,0.5018110777723562,0.050180857425590544,0.0025244915093481923,0.5,0.152780167114207,0.0016657228844578012
13.16,CIRCLE,-0.09763251618178982,0.030066663558737078,0.5018100069375719,0.052680797601931964,0.002783011589482909,0.5,0.15278012334900457,0.0016673267416313954
13.168000000000001,CIRCLE,-0.09526909209373634,0.029581995941866484,0.5018089367428361,0.055179406738178775,0.0030540944207079757,0.5,0.1527800792382064,0.0016689365935837748
13.176,CIRCLE,-0.09290326184256094,0.029109215726772164,0.5018078671758164,0.057676621704136684,0.0033377331538081423,0.5,0.1527800347776862,0.0016705508672433386
13.184000000000001,CIRCLE,-0.09053508522175151,0.02864833485782616,0.5018067982448794,0.06017237940483844,0.003633920622329201,0.5,0.15277998996471231,0.001672178961041225
13.192,CIRCLE,-0.08816462208585839,0.028199364974948644,0.5018057299475104,0.06266661678213449,0.003942649342758842,0.5,0.15277994479760026,0.0016738101571625317
13.200000000000001,CIRCLE,-0.08579193234630658,0.027762317422107212,0.5018046622839711,0.06515927081628975,0.00426391151471589,0.5,0.15277989927468583,0.0016754513809151958
13.208,CIRCLE,-0.08341707597125758,0.0273372032385664,0.5018035952581901,0.06765027852757231,0.00459769902114715,0.5,0.15277985339430242,0.0016771007799679283
13.216000000000001,CIRCLE,-0.0810401129826464,0.026924033162303247,0.5018025288694336,0.07013957697784828,0.0049440034285328505,0.5,0.15277980715387054,0.001678758324797913
13.224,CIRCLE,-0.0786611034559794,0.026522817630680432,0.5018014631073535,0.07262710327216837,0.005302815987099252,0.5,0.1527797605512573,0.0016804203546666346
13.232000000000001,CIRCLE,-0.07628010751871082,0.026133566780516936,0.501800397978032,0.07511279456036063,0.005674127631040249,0.5,0.15277971358499715,0.0016820917254057389
13.24,CIRCLE,-0.07389718534923463,0.025756290442684345,0.501799333484572,0.07759658803861481,0.006057928978746019,0.5,0.15277966625386297,0.0016837709028917184
13.248000000000001,CIRCLE,-0.07151239717412333,0.025390998145410407,0.5017982696262611,0.08007842095107282,0.006454210333040333,0.5,0.15277961855616004,0.0016854578556572183
13.256,CIRCLE,-0.06912580326794818,0.02503769911493419,0.5017972063923695,0.08255823059141063,0.00686296168142525,0.5,0.1527795704910865,0.0016871487645409172
13.264000000000001,CIRCLE,-0.06673746395165209,0.024696402275481272,0.5017961437851973,0.08503595430442629,0.007284172696334523,0.5,0.15277952205890852,0.001688851526590051
13.272,CIRCLE,-0.0643474395898108,0.024367116244966677,0.5017950818073177,0.08751152948761942,0.0077178327353940035,0.5,0.1527794732591293,0.0016905564600375512
13.280000000000001,CIRCLE,-0.06195579058808735,0.024049849340823732,0.5017940204609328,0.08998489359277642,0.008163930841691203,0.5,0.15277942409017095,0.001692271553849613
13.288,CIRCLE,-0.059562577393591325,0.02374460957204559,0.501792959741399,0.09245598412754734,0.008622455744051405,0.5,0.15277937455032345,0.0016939905610041859
13.296000000000001,CIRCLE,-0.05716786049223642,0.02345140464504501,0.5017918996508992,0.09492473865702829,0.009093395857323106,0.5,0.15277932463748525,0.0016957232776482172
13.304,CIRCLE,-0.05477170040818713,0.023170241961229156,0.5017908401980713,0.09739109480533548,0.009576739282670055,0.5,0.15277927434989158,0.0016974529247460052
13.312000000000001,CIRCLE,-0.052374157702694914,0.022901128622787554,0.5017897813756833,0.09985499025718467,0.01007247380787274,0.5,0.1527792236867431,0.0016991968975763544
13.32,CIRCLE,-0.04997529297337142,0.022644071418493873,0.5017887231835725,0.10231636275946218,0.010580586907635914,0.5,0.15277917264803823,0.0017009441698237005
13.328,CIRCLE,-0.047575166850468885,0.022399076837862707,0.5017876656214624,0.10477515012280082,0.011101065743905958,0.5,0.15277912123359355,0.0017026995422423814
13.336,CIRCLE,-0.045173839995949545,0.022166151064208474,0.5017866086964632,0.10723129022314984,0.011633897166195006,0.5,0.15277906944312475,0.0017044600309450322
13.344,CIRCLE,-0.04277137310245911,0.02194529997609803,0.5017855524080533,0.10968472100334332,0.012179067711912628,0.5,0.15277901727670987,0.001706225597347455
13.352,CIRCLE,-0.04036782689092079,0.02173652914610763,0.5017844967555606,0.11213538047467109,0.012736563606706941,0.5,0.1527789647339375,0.0017079962059867195
13.36,CIRCLE,-0.03796326211027783,0.021539843841838678,0.5017834417504211,0.11458320671844154,0.013306370764811726,0.5,0.15277891181540312,0.0017097763162904494
13.368,CIRCLE,-0.035557739536092106,0.021355249024516226,0.5017823873782196,0.11702813788754948,0.013888474789403193,0.5,0.15277885852233208,0.0017115709905926324
13.376,CIRCLE,-0.033151319968441124,0.021182749352196592,0.5017813336383393,0.11947011220803533,0.014482860972962697,0.5,0.15277880485664258,0.0017133584837794086
13.384,CIRCLE,-0.030744064229153142,0.02102234918449088,0.5017802805250344,0.12190906798064939,0.015089514297649542,0.5,0.15277875081962736,0.001715159901758936
13.392,CIRCLE,-0.028336033160974737,0.020874052561715647,0.5017792280381433,0.12434494358240726,0.015708419435679244,0.5,0.15277869641189398,0.0017169637419598245
13.4,CIRCLE,-0.02592728762489696,0.02073786322191621,0.5017781761774207,0.12677767746815027,0.01633956074971188,0.5,0.15277864163299698,0.0017187750290851248
13.408,CIRCLE,-0.023517888499423222,0.02061378459536339,0.5017771249514189,0.12920720817209705,0.01698292229324605,0.5,0.1527785864821216,0.0017205902493285634
13.416,CIRCLE,-0.021107896679415754,0.02050181980612359,0.50177607435951,0.13163347430939995,0.017638487811023063,0.5,0.15277853095833757,0.0017224093647661362
13.424,CIRCLE,-0.018697373075867177,0.02040197167310887,0.5017750244056013,0.13405641457769263,0.01830624073943643,0.5,0.1527784750620835,0.0017242339579807764
13.432,CIRCLE,-0.016286378613110948,0.020314242707749036,0.501773975078808,0.1364759677586423,0.01898616420695126,0.5,0.15277841879365037,0.0017260677973615587
13.44,CIRCLE,-0.013874974227233635,0.02023863511671006,0.5017729263887722,0.138892072719493,0.019678241034529975,0.5,0.1527783621535809,0.001727906945467832
13.448,CIRCLE,-0.011463220864949327,0.020175150803070297,0.5017718783203998,0.14130466841461375,0.02038245373606684,0.5,0.15277830514252072,0.0017297519990107442
13.456,CIRCLE,-0.009051179480999236,0.02012379136363436,0.5017708308730016,0.14371369388703742,0.021098784518829072,0.5,0.15277824776055562,0.001731602915045498
13.464,CIRCLE,-0.0066389110381170745,0.020084558089419727,0.5017697840442698,0.14611908827000428,0.021827215283907353,0.5,0.1527781900085246,0.0017334589678009511
13.472,CIRCLE,-0.0042264765043047905,0.020057451963937045,0.501768737833527,0.14852079078849653,0.02256772762667203,0.5,0.15277813188688086,0.0017353201143043295
13.48,CIRCLE,-0.0018139368527201327,0.02004247366397092,0.5017676922408867,0.1509187407607772,0.023320302837239237,0.5,0.1527780733971211,0.0017371865209037708
13.488,CIRCLE,0.0005986469411431903,0.02003962355764402,0.5017666472657202,0.1533128775999199,0.024084921900942524,0.5,0.1527780145405412,0.0017390581434297272
13.496,CIRCLE,0.0030112138995800996,0.02004890170527515,0.5017656029096297,0.15570314081534317,0.02486156549881441,0.5,0.1527779553197151,0.00174092802275216
13.504,CIRCLE,0.0054237030450040215,0.02007030786045001,0.5017645591764192,0.15808947001433532,0.02565021400807338,0.5,0.15277789573769346,0.0017428098682988069
13.512,CIRCLE,0.007836053403438778,0.020103841463322683,0.5017635160652749,0.16047180490358368,0.026450847502620722,0.5,0.15277783579626122,0.0017446933758830789
13.52,CIRCLE,0.010248204006276223,0.020149501654034674,0.5017624735759326,0.1628500852906947,0.027263445753542892,0.5,0.152777775495327,0.001746582778679918
13.528,CIRCLE,0.012660093891203057,0.020207287265672058,0.5017614317077905,0.16522425108571814,0.02808798822962394,0.5,0.15277771483373204,0.0017484780297594407
13.536,CIRCLE,0.015071662102289593,0.0202771968250711,0.501760390460245,0.16759424230266184,0.028924454097862706,0.5,0.15277765381067138,0.0017503790820749593
13.544,CIRCLE,0.017482847690068335,0.020359228553578735,0.5017593498307837,0.16995999906101086,0.029772822224000794,0.5,0.15277759242708405,0.0017522777917542563
13.552,CIRCLE,0.019893589714230737,0.020453380367657738,0.5017583098167984,0.1723214615872369,0.030633071173055026,0.5,0.15277753068445282,0.0017541879318758939
13.56,CIRCLE,0.022303827247561817,0.020559649871275922,0.5017572704235373,0.17467857021631203,0.03150517920986046,0.5,0.1527774685830209,0.0017560969733810597
13.568,CIRCLE,0.02471349937651346,0.020678034367590362,0.5017562316506745,0.17703126539321276,0.032389124299618266,0.5,0.15277740612186355,0.0017580123848447095
13.576,CIRCLE,0.027122545202437467,0.02080853084957382,0.5017551934930845,0.17937948767442816,0.03328488410845348,0.5,0.15277734329984144,0.0017599288790381723
13.584,CIRCLE,0.029530903843146147,0.020951136004811383,0.5017541559563082,0.18172317772945842,0.03419243600397848,0.5,0.15277728011544547,0.0017618547353336303
13.592,CIRCLE,0.03193851443366806,0.02110584621333428,0.501753119043354,0.18406227634231725,0.03511175705586572,0.5,0.1527772165676168,0.0017637753572002854
13.6,CIRCLE,0.03434531612668682,0.021272657552903234,0.5017520827425725,0.18639672441302466,0.036042824036425836,0.5,0.15277715265623457,0.0017657105693270074
13.608,CIRCLE,0.03675124809650411,0.021451565788873334,0.5017510470610974,0.1887264629591035,0.03698561342119605,0.5,0.1527770883810354,0.0017676418376576756
13.616,CIRCLE,0.0391562495388745,0.02164256639030654,0.501750011998539,0.19105143311706657,0.03794010138953302,0.5,0.15277702374146027,0.0017695799680133954
13.624,CIRCLE,0.0415602596732703,0.021845654515093172,0.5017489775478032,0.19337157614390693,0.038906263825216114,0.5,0.15277695873738015,0.0017715174271232031
13.632,CIRCLE,0.04396321774484635,0.022060825016255777,0.5017479437165129,0.19568683341857898,0.03988407631705537,0.5,0.15277689336833,0.0017734655770292205
13.64,CIRCLE,0.04636506302539943,0.022288072438577555,0.501746910503474,0.19799714644348287,0.04087351415950963,0.5,0.15277682763422573,0.0017754106524447612
13.648,CIRCLE,0.048765734813928284,0.022527391028456575,0.5017458779083,0.20030245684593911,0.041874552353309336,0.5,0.15277676153527892,0.0017773616570739414
13.656,CIRCLE,0.051165172439304525,0.022778774722019883,0.5017448459249972,0.20260270637966687,0.04288716560608968,0.5,0.15277669507220962,0.0017793122679703244
13.664,CIRCLE,0.053563315262201816,0.023042217150859513,0.5017438145614422,0.20489783692625219,0.04391132833302802,0.5,0.15277662824543986,0.0017812717658578963
13.672,CIRCLE,0.055960102676058325,0.023317711639208226,0.5017427838094125,0.20718779049661978,0.04494701465749201,0.5,0.15277656105573353,0.0017832270240123744
13.68,CIRCLE,0.05835547410856062,0.02360525121189687,0.5017417536743042,0.20947250923249494,0.04599419841169172,0.5,0.15277649350350186,0.0017851902468551388
13.688,CIRCLE,0.06074936902376823,0.023904828583515163,0.5017407241558651,0.21175193540786857,0.047052853137342476,0.5,0.15277642558953927,0.0017871537796793258
13.696,CIRCLE,0.06314172692240866,0.02421643616817633,0.5017396952491014,0.21402601143045252,0.04812295208633155,0.5,0.152776357314897,0.0017891226248808074
13.704,CIRCLE,0.065532487344679,0.024540066075765747,0.5017386669641515,0.21629467984313794,0.0492044682213959,0.5,0.15277628868039697,0.0017910926804378907
13.712,CIRCLE,0.06792158987147373,0.024875710113480543,0.5017376392975986,0.21855788332544374,0.050297374216803414,0.5,0.15277621968638083,0.0017930627650873116
13.72,CIRCLE,0.07030897412675406,0.025223359784629706,0.5017366122488959,0.2208155646949681,0.05140164245904516,0.5,0.15277615033228395,0.0017950402595724234
13.728,CIRCLE,0.07269457977754218,0.025583006286986818,0.5017355858183533,0.22306766690883006,0.05251724504753119,0.5,0.15277608061845538,0.0017970114477192988
13.736,CIRCLE,0.07507834653398829,0.025954640517847016,0.501734559997857,0.225314133065114,0.05364415379529741,0.5,0.1527760105466635,0.0017989931525849519
13.744,CIRCLE,0.0774602141539921,0.026338253064236063,0.5017335347915989,0.22755490640430395,0.0547823402297159,0.5,0.15277594011907414,0.001800971424369572
13.752,CIRCLE,0.079840122442563,0.026733834217105415,0.5017325101992184,0.22978993031072117,0.05593177559321594,0.5,0.15277586933770246,0.0018029539341685122
13.76,CIRCLE,0.08221801125491003,0.027141373961373866,0.5017314862160307,0.23201914831395118,0.05709243084400928,0.5,0.15277579820470516,0.0018049354525947682
13.768,CIRCLE,0.08459382049783504,0.02756086198077491,0.5017304628566851,0.23424250409027383,0.05826427665682499,0.5,0.1527757267219427,0.0018069215591578207
13.776,CIRCLE,0.0869674901314752,0.027992287655920534,0.5017294401101279,0.2364599414640832,0.059447283423649355,0.5,0.15277565489067466,0.0018089082889978314
13.784,CIRCLE,0.08933896016804269,0.028435640067133266,0.501728417977255,0.23867140440931012,0.06064142125447519,0.5,0.1527755827141965,0.0018108960324806072
13.792,CIRCLE,0.09170817067469499,0.02889090799206518,0.5017273964575674,0.2408768370508345,0.061846659978055496,0.5,0.152775510196889,0.00181288473940636
13.8,CIRCLE,0.0940750617734951,0.02935807990651297,0.5017263755496855,0.2430761836659004,0.06306296914266757,0.5,0.15277543734565258,0.0018148759672299585
13.808,CIRCLE,0.09643957364661775,0.029837143985508796,0.5017253552616884,0.2452693886855205,0.06429031801688057,0.5,0.15277536416624582,0.0018168664209082324
13.816,CIRCLE,0.09880164653731469,0.03032808810482943,0.5017243355942301,0.2474563966958836,0.06552867559033371,0.5,0.15277529066335535,0.0018188563945115723
13.824,CIRCLE,0.101161220752968,0.030830899838826635,0.5017233165468099,0.24963715243975126,0.06677801057451804,0.5,0.15277521683971812,0.0018208458391097333
13.832,CIRCLE,0.1035182366650252,0.03134556646122922,0.5017222981176879,0.2518116008178573,0.06803829140356887,0.5,0.1527751426975765,0.0018228412647211451
13.84,CIRCLE,0.10587263471108227,0.03187207494602963,0.5017212803002834,0.2539796868902967,0.06930948623506133,0.5,0.15277506823795828,0.0018248320513139075
13.848,CIRCLE,0.10822435539407027,0.03241041197184484,0.5017202630894998,0.25614135587791687,0.07059156295081681,0.5,0.1527749934620009,0.0018268309393120784
13.856,CIRCLE,0.11057333928594534,0.03296056391434178,0.5017192464873212,0.25829655316369854,0.07188448915771267,0.5,0.15277491837081147,0.0018288262376700165
13.864,CIRCLE,0.11291952702662983,0.03352251685647369,0.5017182304933419,0.2604452242941389,0.07318823218850251,0.5,0.1527748429653735,0.0018308238190717584
13.872,CIRCLE,0.11526285932747109,0.034096256579819254,0.5017172151163021,0.26258731498062443,0.07450275910263959,0.5,0.15277476724701722,0.001832820123228035
13.88,CIRCLE,0.11760327697227453,0.034681768566152016,0.5017162003557102,0.26472277110080533,0.07582803668711124,0.5,0.15277469121741866,0.0018348151013773983
13.888,CIRCLE,0.11994072081721951,0.035279037998365737,0.5017151862079948,0.26685153869996026,0.07716403145727585,0.5,0.15277461488008032,0.0018368167873906787
13.896,CIRCLE,0.12227513179342224,0.035888049761624886,0.5017141726648321,0.26897356399236233,0.07851070965771079,0.5,0.15277453823909692,0.001838812209970912
13.904,CIRCLE,0.12460645090828842,0.036508788451048324,0.5017131597276244,0.27108879336263536,0.07986803726306374,0.5,0.15277446129738828,0.0018408109661329968
13.912,CIRCLE,0.12693461924995192,0.03714123836055768,0.5017121474037687,0.2731971733671112,0.08123597997891391,0.5,0.1527743840570034,0.0018428051368593603
13.92,CIRCLE,0.12925957798575194,0.037785383488300094,0.5017111356908308,0.27529865073517723,0.08261450324263675,0.5,0.1527743065204782,0.0018448017122020116
13.928,CIRCLE,0.13158126836498416,0.03844120753217293,0.501710124582627,0.27739317237062533,0.08400357222427912,0.5,0.1527742286911471,0.0018467988939805538
13.936,CIRCLE,0.133899631719633,0.039108693897639185,0.5017091140787222,0.2794806853529902,0.08540315182743746,0.5,0.15277415057183716,0.0018487966312449261
13.944,CIRCLE,0.13621460946426053,0.039787825698328,0.5017081041750389,0.28156113693888984,0.08681320669014636,0.5,0.15277407216616187,0.001850793449253465
13.952,CIRCLE,0.1385261430984068,0.04047858575447043,0.5017070948719223,0.28363447456335467,0.08823370118577006,0.5,0.1527739934782739,0.0018527895312984942
13.96,CIRCLE,0.14083417420918445,0.04118095659104887,0.5017060861775878,0.2857006458411591,0.08966459942390476,0.5,0.152773914512547,0.0018547815353779351
13.968,CIRCLE,0.14313864447221963,0.04189492043929738,0.501705078090249,0.2877595985681419,0.09110586525128317,0.5,0.15277383527357366,0.0018567747106972936
13.976,CIRCLE,0.14543949565631129,0.042620459234656335,0.5017040705986237,0.2898112807225282,0.09255746225269024,0.5,0.15277375576398639,0.0018587646771971982
13.984,CIRCLE,0.14773666962382684,0.043357554621505354,0.5017030637138905,0.2918556404662408,0.09401935375188097,0.5,0.15277367598449892,0.0018607556959073905
13.992,CIRCLE,0.15003010833201783,0.044106187951679705,0.5017020574264176,0.29389262614621314,0.09549150281250923,0.5,0.15277359593420936,0.0018627443022012629
14.0,CIRCLE,0.15231975383170365,0.044866340287203106,0.5017010517472337,0.2959221862956911,0.09697387223905907,0.5,0.1527735156129312,0.0018647347092740339
14.008000000000001,CIRCLE,0.15460554826855308,0.04563799239921221,0.5017000466845957,0.2979442696355367,0.09846642457778626,0.5,0.15277343502159588,0.001866723557769761
14.016,CIRCLE,0.1568874338840294,0.046421124769379124,0.501699042222389,0.2999588250755204,0.09996912211766279,0.5,0.15277335416215063,0.0018687048894929584
14.024000000000001,CIRCLE,0.15916535301707355,0.047215717589741364,0.5016980383674686,0.30196580171561505,0.10148192689133173,0.5,0.15277327303807492,0.0018706891031864197
14.032,CIRCLE,0.1614392481086039,0.04802175075563203,0.5016970351125613,0.3039651488472791,0.10300480067606427,0.5,0.15277319165382616,0.0018726722089574405
14.040000000000001,CIRCLE,0.16370906170121055,0.048839203876791394,0.5016960324572426,0.30595681595474056,0.1045377049947277,0.5,0.15277311001303023,0.0018746541583801013
14.048,CIRCLE,0.16597473643900362,0.04966805627796557,0.501695030398989,0.3079407527162706,0.10608060111675549,0.5,0.15277302811975418,0.0018766340369058888
14.056000000000001,CIRCLE,0.16823621507081815,0.05050828699640513,0.5016940289377761,0.3099169090054577,0.10763345005912794,0.5,0.15277294597796334,0.0018786118976277973
14.064,CIRCLE,0.17049344045257062,0.05135987478007188,0.5016930280731354,0.3118852348924715,0.1091962125873549,0.5,0.15277286359150882,0.0018805876927509126
14.072000000000001,CIRCLE,0.17274635554707252,0.0522227980884766,0.5016920278067046,0.3138456806453268,0.1107688492164694,0.5,0.15277278096559957,0.001882560518035343
14.08,CIRCLE,0.1749949034263155,0.0530970350958888,0.5016910281398761,0.3157981967311378,0.11235132021202293,0.5,0.15277269810498792,0.0018845309337220569
14.088000000000001,CIRCLE,0.17723902727415125,0.053982563689230365,0.5016900290722144,0.31774273381737195,0.11394358559109175,0.5,0.15277261501382997,0.0018864988928914395
14.096,CIRCLE,0.17947867038609797,0.05487936146886008,0.501689030601501,0.31967924277309384,0.11554560512328471,0.5,0.15277253169713492,0.0018884649488713605
14.104000000000001,CIRCLE,0.18171377617160084,0.05578740575189853,0.5016880327273,0.32160767467020923,0.11715733833176212,0.5,0.1527724481589674,0.0018904290547556775
14.112,CIRCLE,0.183944288153841,0.05670667357293385,0.5016870354475061,0.32352798078469863,0.11877874449425607,0.5,0.1527723644038035,0.0018923904642397743
14.120000000000001,CIRCLE,0.1861701499722628,0.057637141682300934,0.5016860387714969,0.32544011259785094,0.12040978264410174,0.5,0.15277228043657284,0.0018943454081772587
14.128,CIRCLE,0.18839130538363005,0.05857878654756407,0.5016850426951153,0.3273440217974868,0.12205041157126989,0.5,0.1527721962623565,0.0018963004856011776
14.136000000000001,CIRCLE,0.1906076982681522,0.0595315843509892,0.5016840472211861,0.32923966027918167,0.12370058982341064,0.5,0.15277211188364961,0.0018982499917754307
14.144,CIRCLE,0.19281927262723156,0.06049551099449983,0.5016830523542504,0.331126980147479,0.12536027570689856,0.5,0.15277202730188633,0.0019001956550794151
14.152000000000001,CIRCLE,0.19502597258624305,0.061470542097189676,0.5016820580843729,0.3330059337171025,0.12702942728788813,0.5,0.1527719425173349,0.0019021409720603932
14.16,CIRCLE,0.19722774239542792,0.06245665299751295,0.5016810643999388,0.33487647351415883,0.12870800239337116,0.5,0.15277185752907996,0.0019040817234109858
14.168000000000001,CIRCLE,0.19942452642820344,0.06345381875594928,0.5016800713145813,0.3367385522773393,0.13039595861224457,0.5,0.15277177233723194,0.001906023073978216
14.176,CIRCLE,0.2016162691827685,0.06446201415334091,0.5016790788303794,0.33859212295911156,0.13209325329637966,0.5,0.15277168694329338,0.001907956002971274
14.184000000000001,CIRCLE,0.20380291528214398,0.06548121369474288,0.5016780869466173,0.34043713872691095,0.13379984356170188,0.5,0.15277160135003318,0.0019098869704024866
14.192,CIRCLE,0.20598440947973465,0.06651139160203216,0.5016770956479392,0.342273552964321,0.13551568628927235,0.5,0.15277151556117385,0.0019118136939477379
14.200000000000001,CIRCLE,0.20816069666098092,0.06755252181981168,0.5016761049339933,0.3441013192722541,0.13724073812637916,0.5,0.15277142957922893,0.0019137361315978258
14.208,CIRCLE,0.21033172184316312,0.06860457801588109,0.5016751148044315,0.34592039147012105,0.13897495548763078,0.5,0.15277134340684742,0.0019156542415352227
14.216000000000001,CIRCLE,0.21249743017512046,0.06966753358215823,0.5016741252669984,0.34773072359700036,0.1407182945560594,0.5,0.15277125704826908,0.0019175730697975465
14.224,CIRCLE,0.21465776694075644,0.07074136163616003,0.5016731363217608,0.3495322699127973,0.14247071128422578,0.5,0.15277117050687516,0.0019194827085411996
14.232000000000001,CIRCLE,0.21681267755879266,0.07182603502514498,0.5016721479705633,0.3513249848994016,0.14423216139533462,0.5,0.15277108378507293,0.0019213927056831582
14.24,CIRCLE,0.2189621075877464,0.07292152631878006,0.5016711602177748,0.3531088232618355,0.1460026003843506,0.5,0.15277099688486617,0.001923294778210406
14.248000000000001,CIRCLE,0.22110600272312778,0.07402780781557734,0.5016701730619794,0.3548837399294005,0.14778198351912541,0.5,0.15277090980876354,0.0019251945153267679
14.256,CIRCLE,0.22324430880307847,0.07514485153971205,0.5016691864924708,0.35664969005681335,0.14957026584152572,0.5,0.15277082255783536,0.0019270880500571307
14.264000000000001,CIRCLE,0.2253769718066985,0.07627262924363686,0.5016682005203169,0.35840662902534204,0.15136740216857114,0.5,0.15277073513383782,0.001928979597235538
14.272,CIRCLE,0.22750393785536988,0.07741111240657862,0.5016672151337549,0.3601545124439305,0.15317334709357366,0.5,0.15277064753984915,0.0019308660340964312
14.280000000000001,CIRCLE,0.22962515321378665,0.07856027224006067,0.5016662303430373,0.3618932961503224,0.1549880549872874,0.5,0.1527705597786864,0.0019327512789781443
14.288,CIRCLE,0.23174056429107445,0.07972007968692287,0.5016652461582716,0.36362293621217506,0.15681147999905876,0.5,0.1527704718536574,0.0019346312927410834
14.296000000000001,CIRCLE,0.2338501176418974,0.08089050542292806,0.5016642625673109,0.36534338892817125,0.15864357605798746,0.5,0.152770383768056,0.001936501564600549
14.304,CIRCLE,0.23595375996954088,0.08207151985462399,0.5016632795686561,0.3670546108291215,0.16048429687408838,0.5,0.15277029552545138,0.0019383693512527698
14.312000000000001,CIRCLE,0.2380514381312977,0.08326309311676608,0.5016622971570062,0.3687565586790644,0.16233359593946312,0.5,0.152770207127825,0.001940232888290437
14.32,CIRCLE,0.2401430991338977,0.08446519507745269,0.5016613153327052,0.37044918947635674,0.16419142652947294,0.5,0.1527701185785783,0.0019420918073869058
14.328000000000001,CIRCLE,0.24222869013540368,0.0856777953409156,0.5016603340953479,0.3721324604547625,0.16605774170392174,0.5,0.15277002988090513,0.0019439460715560376
14.336,CIRCLE,0.24430815844487824,0.08690086324836355,0.5016593534493455,0.3738063290845309,0.16793249430823948,0.5,0.15276994103916613,0.0019457915266634406
14.344,CIRCLE,0.24638145152606042,0.08813436787645304,0.5016583733904256,0.375470753073473,0.16981563697467578,0.5,0.15276985205791477,0.0019476345247358385
14.352,CIRCLE,0.24844851700266551,0.08937827803523393,0.5016573939210683,0.37712569036802945,0.17170712212349598,0.5,0.15276976294024575,0.0019494697124953528
14.36,CIRCLE,0.25050930265574883,0.09063256227321811,0.5016564150454578,0.37877109915433205,0.17360690196418194,0.5,0.15276967368885178,0.0019512986924883574
14.368,CIRCLE,0.25256375642638695,0.09189718887488521,0.5016554367516929,0.3804069378592625,0.17551492849664224,0.5,0.15276958430646442,0.0019531257109154597
14.376,CIRCLE,0.2546118264165629,0.09317212586344722,0.5016544590443143,0.38203316515150015,0.17743115351242206,0.5,0.15276949479553711,0.001954944616313513
14.384,CIRCLE,0.25665346088751934,0.09445734100525997,0.5016534819277201,0.38364973994256873,0.17935552859592385,0.5,0.15276940515853568,0.0019567570516394292
14.392,CIRCLE,0.2586886082641259,0.09575280180569029,0.5016525053923097,0.3852566213878723,0.18128800512562815,0.5,0.1527693153979148,0.0019585663959784953
14.4,CIRCLE,0.2607172171354669,0.09705847551156416,0.5016515294458688,0.3868537688877294,0.18322853427532454,0.5,0.15276922551617414,0.001960369514049236
14.408,CIRCLE,0.26273923625570594,0.0983743291122473,0.5016505540795521,0.3884411420883966,0.1851770670153426,0.5,0.15276913551569768,0.0019621631863493906
14.416,CIRCLE,0.2647546145446057,0.09970032933984845,0.5016495792943922,0.3900187008830904,0.18713355411379362,0.5,0.15276904540002548,0.0019639555188027524
14.424,CIRCLE,0.266763301092132,0.10103644266743128,0.5016486050943265,0.3915864054129981,0.1890979461378116,0.5,0.15276895517256991,0.001965738034672774
14.432,CIRCLE,0.2687652451552865,0.1023826353158248,0.5016476314860796,0.3931442160682876,0.19107019345480503,0.5,0.15276886483687077,0.0019675132317206563
14.44,CIRCLE,0.270760396163221,0.10373887324861253,0.5016466584560579,0.3946920934891054,0.19305024623370798,0.5,0.1527687743965643,0.0019692859873042213
14.448,CIRCLE,0.2727487037182292,0.10510512217518321,0.5016456860083844,0.3962299985665736,0.19503805444624223,0.5,0.15276868385481643,0.001971050444312755
14.456,CIRCLE,0.27473011759346866,0.10648134755557853,0.5016447141464252,0.39775789244377574,0.19703356786817827,0.5,0.15276859321464903,0.0019728078735346682
14.464,CIRCLE,0.2767045877368974,0.10786751459677656,0.5016437428605409,0.3992757365167409,0.19903673608060718,0.5,0.15276850247930654,0.00197456167411542
14.472,CIRCLE,0.27867206427180347,0.1092635882551301,0.5016427721600778,0.40078349243541667,0.2010475084712116,0.5,0.15276841165227584,0.0019763081231998826
14.48,CIRCLE,0.2806324974978418,0.11066953323767001,0.5016418020414168,0.4022811221046404,0.20306583423554742,0.5,0.1527683207368575,0.0019780459310606386
14.488,CIRCLE,0.28258583789297465,0.11208531400067825,0.5016408325026855,0.40376858768509954,0.20509166237832466,0.5,0.15276822973716345,0.0019797825019148797
14.496,CIRCLE,0.28453203611558653,0.113510894750429,0.5016398635355026,0.4052458515942899,0.20712494171469847,0.5,0.1527681386574765,0.0019815028966249726
14.504,CIRCLE,0.28647104300297277,0.11494623944910377,0.501638895144407,0.4067128765074629,0.20916562087155988,0.5,0.15276804750158376,0.001983224329870758
14.512,CIRCLE,0.2884028095799589,0.1163913118059499,0.5016379273312351,0.40816962535857093,0.21121364828883643,0.5,0.15276795627278697,0.001984934486814236
14.52,CIRCLE,0.2903272870507788,0.11784607529009355,0.5016369601040447,0.4096160613412017,0.2132689722207921,0.5,0.15276786497408548,0.0019866363332525843
14.528,CIRCLE,0.29224442680536444,0.11931049312430674,0.5016359934520953,0.4110521479095103,0.21533154073733762,0.5,0.15276777360830962,0.001988333693603832
14.536,CIRCLE,0.29415418042005637,0.1207845282873341,0.5016350273655135,0.4124778487791404,0.21740130172533956,0.5,0.15276768217789835,0.001990023007409423
14.544,CIRCLE,0.2960564996558772,0.12226814351612672,0.501634061856132,0.41389312792814326,0.21947820288994002,0.5,0.15276759068659224,0.001991708787703
14.552,CIRCLE,0.29795133645990685,0.12376130130438297,0.5016330969210684,0.4152979495978856,0.22156219175587505,0.5,0.15276749914040225,0.00199338397118031
14.56,CIRCLE,0.29983864296660057,0.12526396390815442,0.5016321325660071,0.4166922782939553,0.2236532156688033,0.5,0.1527674075447763,0.001995050683370222
14.568,CIRCLE,0.3017183715031268,0.12677609334053386,0.5016311687785309,0.418076078787056,0.22575122179663343,0.5,0.15276731590513073,0.001996713369492414
14.576,CIRCLE,0.30359047459009536,0.12829765137451524,0.5016302055665782,0.4194493161138995,0.2278561571308622,0.5,0.15276722422648073,0.0019983653481850817
14.584,CIRCLE,0.30545490493976796,0.12982859954799267,0.5016292429358801,0.420811955578087,0.2299679684879104,0.5,0.1527671325128569,0.0020000087792458095
14.592,CIRCLE,0.3073116154603017,0.1313688991596483,0.5016282808749108,0.4221639627509874,0.23208660251046997,0.5,0.1527670407681316,0.002001647786427639
14.6,CIRCLE,0.3091605592563993,0.13291851127159174,0.5016273193877471,0.42350530347260584,0.23421200566884887,0.5,0.15276694899573862,0.00200327723788243
14.608,CIRCLE,0.31100168962715424,0.13447739671380565,0.5016263584775769,0.4248359438524482,0.23634412426232665,0.5,0.15276685719870997,0.002004898363825788
14.616,CIRCLE,0.31283496006943434,0.13604551608090423,0.5016253981341058,0.42615585027037595,0.23848290442050846,0.5,0.15276676538065176,0.002006514823567764
14.624,CIRCLE,0.3146603242784109,0.13762282973451004,0.5016244383610281,0.42746498937745686,0.24062829210468872,0.5,0.15276667354561005,0.0020081190933934033
14.632,CIRCLE,0.31647773614775543,0.1392092978060654,0.5016234791597125,0.4287633280968064,0.24278023310921387,0.5,0.15276658169737178,0.0020097186484980957
14.64,CIRCLE,0.3182871497757926,0.1408048801931454,0.5016225205232904,0.43005083362442476,0.24493867306285472,0.5,0.15276648983889438,0.0020113111387477065
14.648,CIRCLE,0.3200885194610466,0.14240953656434405,0.5016215624621617,0.43132747343002437,0.24710355743017726,0.5,0.15276639797411787,0.002012892463972707
14.656,CIRCLE,0.3218817997034249,0.14402322636063195,0.5016206049690152,0.432593215257853,0.24927483151292362,0.5,0.15276630610728523,0.0020144681858446293
14.664,CIRCLE,0.323666945209889,0.1456459087928023,0.5016196480398804,0.43384802712750764,0.2514524404513909,0.5,0.15276621424231865,0.00201603012216001
14.672,CIRCLE,0.3254439108934773,0.14727754284493044,0.501618691682059,0.43509187733474375,0.2536363292258205,0.5,0.15276612238281911,0.0020175890474157326
14.68,CIRCLE,0.32721265187857473,0.1489180872716897,0.5016177358848435,0.4363247344522748,0.25582644265778515,0.5,0.15276603053140686,0.0020191412259345587
14.688,CIRCLE,0.32897312349334257,0.1505675006064161,0.5016167806594504,0.437546567330568,0.258022725411586,0.5,0.152765938691534,0.002020682257941206
14.696,CIRCLE,0.33072528127103756,0.15222574116248944,0.5016158260003725,0.43875734509862957,0.2602251219956476,0.5,0.1527658468665622,0.0020222158627032083
14.704,CIRCLE,0.3324690809569821,0.1538927670286353,0.5016148719071639,0.4399570371647866,0.26243357676392365,0.5,0.1527657550598285,0.0020237420290212956
14.712,CIRCLE,0.3342044785080162,0.15556853606970508,0.5016139183917022,0.44114561321745804,0.26464803391729885,0.5,0.15276566327614746,0.0020252560991766253
14.72,CIRCLE,0.33593143009388454,0.15725300592816935,0.5016129654403402,0.4423230432259224,0.26686843750500283,0.5,0.15276557152095627,0.002026764860343573
14.728,CIRCLE,0.33764989210086055,0.15894613402485858,0.5016120130572597,0.44348929744107485,0.26909473142602003,0.5,0.15276547979929925,0.002028261842056754
14.736,CIRCLE,0.3393598211283569,0.1606478775649814,0.5016110612397772,0.44464434639618045,0.2713268594305105,0.5,0.1527653881151729,0.0020297523255409303
14.744,CIRCLE,0.34106117399338143,0.16235819353586395,0.5016101099764889,0.4457881609076169,0.27356476512122807,0.5,0.15276529647155324,0.002031232195748336
14.752,CIRCLE,0.34275390772836356,0.16407703870949783,0.5016091592803308,0.446920712075614,0.2758083919549483,0.5,0.15276520487194542,0.002032706393557522
14.76,CIRCLE,0.34443797958264954,0.1658043696409459,0.5016082091529647,0.44804197128498163,0.278057683243894,0.5,0.152765113321656,0.0020341648125866115
14.768,CIRCLE,0.3461133470222014,0.16754014267234474,0.5016072595900192,0.44915191020583467,0.28031258215717075,0.5,0.15276502182664733,0.002035621478532107
14.776,CIRCLE,0.3477799677383028,0.1692843139295258,0.5016063105888271,0.45025050079430706,0.2825730317221995,0.5,0.15276493039175418,0.0020370669171762587
14.784,CIRCLE,0.3494377996401733,0.17103683933236702,0.5016053621535428,0.4513377152932623,0.2848389748261592,0.5,0.15276483901964522,0.0020385027101059113
14.792,CIRCLE,0.35108680085981475,0.17279767459000814,0.5016044142837254,0.45241352623299247,0.2871103542174269,0.5,0.1527647477124421,0.0020399288560196786
14.8,CIRCLE,0.35272692975146613,0.1745667752015344,0.5016034669779498,0.45347790643191466,0.28938711250702714,0.5,0.1527646564731541,0.0020413519963299997
14.808,CIRCLE,0.3543581448933146,0.17634409645665433,0.5016025202298533,0.4545308289972557,0.2916691921700789,0.5,0.1527645653055237,0.002042758348011449
14.816,CIRCLE,0.35598040508607304,0.17812959344107468,0.5016015740448924,0.4555722673257332,0.2939565355472523,0.5,0.15276447421260136,0.0020441593538258257
14.824,CIRCLE,0.35759366936350945,0.17992322102903194,0.5016006284150016,0.4566021951042264,0.29624908484622214,0.5,0.15276438319676677,0.002045552283008442
14.832,CIRCLE,0.35919789698558235,0.1817249338904,0.5015996833494003,0.4576205863104423,0.2985467821431312,0.5,0.15276429226079108,0.0020469335037236734
14.84,CIRCLE,0.3607930474394441,0.18353468649193164,0.5015987388422438,0.4586274152135718,0.3008495693840507,0.5,0.15276420140739974,0.0020483070156264286
14.848,CIRCLE,0.36237908044299016,0.18535243309590713,0.5015977948923922,0.4596226563749412,0.30315738838645045,0.5,0.15276411063976444,0.0020496664138374386
14.856,CIRCLE,0.3639559559441729,0.18717812776290502,0.5015968515084755,0.46060628464865355,0.30547018084066513,0.5,0.15276401996142905,0.0020510244448186023
14.864,CIRCLE,0.36552363412497924,0.1890117243508267,0.5015959086791503,0.4615782751822254,0.30778788831137144,0.5,0.15276392937578814,0.002052368853611786
14.872,CIRCLE,0.36708207539459314,0.19085317652465356,0.501594966412416,0.46253860341721315,0.31011045223906086,0.5,0.15276383888477055,0.0020537026299697176
14.88,CIRCLE,0.36863124039707357,0.19270243774867685,0.5015940246991348,0.46348724508983535,0.3124378139415226,0.5,0.15276374849111615,0.0020550290136972446
14.888,CIRCLE,0.37017109001145204,0.19455946128874407,0.5015930835491214,0.4644241762315839,0.31476991461532305,0.5,0.15276365819852478,0.002056344145764646
14.896,CIRCLE,0.3717015853528846,0.19642420021346263,0.5015921429518392,0.46534937316983127,0.31710669533729474,0.5,0.15276356801116134,0.0020576518086695365
14.904,CIRCLE,0.3732226877728599,0.19829660739668878,0.5015912029173146,0.46626281252842733,0.31944809706602195,0.5,0.15276347793354983,0.0020589480755836822
14.912,CIRCLE,0.37473435886038736,0.20017663551873266,0.5015902634358057,0.467164471228291,0.3217940606433354,0.5,0.15276338797001363,0.0020602364355451278
14.92,CIRCLE,0.37623656044213327,0.20206423706868912,0.5015893245157329,0.4680543264879925,0.3241445267958039,0.5,0.15276329812466322,0.0020615135607319392
14.928,CIRCLE,0.37772925458334655,0.20395936434554385,0.5015883861494516,0.46893235582432974,0.32649943613623555,0.5,0.15276320840110905,0.002062782977788445
14.936,CIRCLE,0.3792124035905276,0.2058619694576729,0.5015874483366587,0.46979853705289554,0.32885872916517433,0.5,0.15276311880302895,0.0020640383324369103
14.944,CIRCLE,0.38068597001094434,0.20777200432538964,0.5015865110784893,0.4706528482886391,0.3312223462724071,0.5,0.15276302933390415,0.002065288856534729
14.952,CIRCLE,0.3821499166372596,0.2096894206791665,0.5015855743731391,0.471495267946418,0.33359022773846625,0.5,0.15276293999722415,0.0020665280932225323
14.96,CIRCLE,0.38360420650227794,0.21161417006685088,0.501584638223374,0.4723257747415444,0.33596231373614216,0.5,0.15276285079538315,0.002067757170442213
14.968,CIRCLE,0.38504880288220117,0.2135462038503685,0.5015837026209513,0.47314434769032204,0.338338544331991,0.5,0.15276276173175335,0.0020689790031465753
14.976,CIRCLE,0.3864836692965894,0.21548547320776132,0.501582767580153,0.47395096611057735,0.3407188594878529,0.5,0.15276267281092487,0.002070188034297953
14.984,CIRCLE,0.3879087695101857,0.2174319291347887,0.5015818330891506,0.4747456096221809,0.34310319906236514,0.5,0.15276258403734838,0.002071389848230607
14.992,CIRCLE,0.3893240675372171,0.21938552244397946,0.5015808991528468,0.47552825814756344,0.3454915028124852,0.5,0.1527624954156561,0.002072578715363216
15.0,CIRCLE,0.39072952763923696,0.22134620376920153,0.5015799657675947,0.47629889191222213,0.34788371039500954,0.5,0.15276240694943902,0.002073760268695852
15.008000000000001,CIRCLE,0.3921251143288685,0.22331392356416324,0.5015790329280471,0.47705749144522125,0.3502797613681014,0.5,0.15276231864199416,0.002074932737682963
15.016,CIRCLE,0.393510792365942,0.22528863210626882,0.5015781006458997,0.477804037579683,0.3526795951928149,0.5,0.15276223049703813,0.002076091556757899
15.024000000000001,CIRCLE,0.39488652675885677,0.2272702794980804,0.5015771689131788,0.4785385114532729,0.35508315123462775,0.5,0.15276214251783274,0.002077243892437453
15.032,CIRCLE,0.3962522827702271,0.22925881566499048,0.5015762377314356,0.47926089450867543,0.35749036876496976,0.5,0.1527620547078471,0.002078384081034203
15.040000000000001,CIRCLE,0.3976080259136677,0.23125419036045164,0.5015753071045825,0.47997116849406357,0.3599011869627611,0.5,0.15276196706964396,0.0020795137122131923
15.048,CIRCLE,0.3989537219565448,0.2332563531631446,0.501574377021508,0.48066931546355945,0.3623155449159451,0.5,0.15276187960710494,0.0020806367833921535
15.056000000000001,CIRCLE,0.40028933692021545,0.23526525347934002,0.5015734474908649,0.48135531777768836,0.3647333816230307,0.5,0.15276179232524664,0.0020817459965889002
15.064,CIRCLE,0.40161483707859,0.23728084054768026,0.5015725185063853,0.4820291581038236,0.36715463599463083,0.5,0.15276170522810553,0.0020828491115178743
15.072000000000001,CIRCLE,0.4029301889637801,0.23930306343677446,0.5015715900696519,0.4826908194166254,0.36957924685500876,0.5,0.1527616183195367,0.002083939835752602
15.08,CIRCLE,0.4042353593627956,0.24133187105070214,0.5015706621849522,0.48334028499847004,0.3720071529436205,0.5,0.15276153160176978,0.0020850198966495914
15.088000000000001,CIRCLE,0.405530315320867,0.24336721212559628,0.5015697348429266,0.48397753843987334,0.3744382929166662,0.5,0.1527614450779366,0.002086092637552464
15.096,CIRCLE,0.4068150241414878,0.2454090352317119,0.5015688080519787,0.48460256363990417,0.37687260534863654,0.5,0.15276135875217003,0.00208715193490601
15.104000000000001,CIRCLE,0.40808945338538716,0.24745728877738846,0.5015678818053867,0.4852153448065923,0.37931002873386804,0.5,0.1527612726279217,0.002088205057878727
15.112,CIRCLE,0.4093535708752697,0.24951192100739286,0.5015669561049186,0.48581586645732633,0.38175050148809386,0.5,0.15276118670874278,0.0020892457088639
15.120000000000001,CIRCLE,0.41060734469260424,0.2515728800083326,0.50156603095495,0.48640411341924594,0.384193961950003,0.5,0.15276110099672338,0.002090275656692771
15.128,CIRCLE,0.4118507431809824,0.2536401137051865,0.5015651063450005,0.4869800708296243,0.38664034838279504,0.5,0.15276101549514223,0.002091298663005198
15.136000000000001,CIRCLE,0.41308373494623374,0.25571356986352284,0.5015641822839457,0.4875437241362446,0.38908959897574324,0.5,0.15276093020840706,0.0020923078781250938
15.144,CIRCLE,0.4143062888552634,0.2577931960938855,0.5015632587648936,0.48809505909776646,0.3915416518457529,0.5,0.1527608451399643,0.0020933111074030544
15.152000000000001,CIRCLE,0.4155183740412926,0.2598789398497877,0.5015623357891842,0.4886340617840871,0.3939964450389283,0.5,0.15276076029327407,0.0020943019205486076
15.16,CIRCLE,0.41671995990037974,0.261970748433361,0.5015614133610636,0.4891607185766922,0.3964539165321346,0.5,0.15276067567003898,0.0020952820483508944
15.168000000000001,CIRCLE,0.41791101609471476,0.2640685689919326,0.5015604914714182,0.4896750161690008,0.3989140042345685,0.5,0.15276059127297986,0.002096254744017317
15.176,CIRCLE,0.4190915125525788,0.2661723485200117,0.5015595701294313,0.4901769415667008,0.4013766459893235,0.5,0.15276050710599431,0.002097213720978462
15.184000000000001,CIRCLE,0.420261419467473,0.26828203386323846,0.5015586493276118,0.49066648208807795,0.4038417795749636,0.5,0.1527604231722515,0.0020981669115165123
15.192,CIRCLE,0.4214207073029504,0.2703975717168476,0.5015577290669204,0.4911436253643357,0.4063093427070923,0.5,0.15276033947509185,0.002099107766695366
15.200000000000001,CIRCLE,0.42256934678889196,0.27251890863153283,0.5015568093514876,0.49160835933990815,0.40877927303992956,0.5,0.1527602560160375,0.0021000379817854705
15.208,CIRCLE,0.4237073089247072,0.2746459910100928,0.5015558901804433,0.4920606722727643,0.4112515081678836,0.5,0.15276017279773085,0.002100957696109402
15.216000000000001,CIRCLE,0.42483456498065797,0.27677876511004057,0.5015549715533278,0.49250055273470505,0.4137259856271311,0.5,0.15276008982263373,0.002101866947931988
15.224,CIRCLE,0.42595108649723534,0.27891717704404345,0.5015540534679572,0.4929279896116515,0.4162026428971919,0.5,0.15276000709444587,0.002102766377324549
15.232000000000001,CIRCLE,0.42705684528679044,0.2810611727827816,0.5015531359238928,0.49334297210392647,0.41868141740251225,0.5,0.15275992461640595,0.0021036560231557774
15.24,CIRCLE,0.42815181343288944,0.2832106981553958,0.5015522189215237,0.4937454897265264,0.4211622465140424,0.5,0.15275984239270074,0.0021045355654727106
15.248000000000001,CIRCLE,0.4292359632919621,0.2853656988522144,0.501551302460402,0.4941355323093872,0.4236450675508222,0.5,0.15275976042681097,0.0021054050449805213
15.256,CIRCLE,0.43030926749263365,0.28752612042521175,0.50155038653968,0.4945130899976407,0.42612981778156156,0.5,0.15275967872291263,0.0021062645963455915
15.264000000000001,CIRCLE,0.4313716989375039,0.2896919082909306,0.5015494711588778,0.49487815325186374,0.428616434426229,0.5,0.15275959728400462,0.002107114261565477
15.272,CIRCLE,0.43242323080248485,0.2918630077309238,0.5015485563176806,0.4952307128483191,0.4311048546576341,0.5,0.1527595161132957,0.0021079539645084116
15.280000000000001,CIRCLE,0.43346383653841486,0.29403936389447366,0.5015476420155528,0.49557075987918886,0.4335950156030185,0.5,0.15275943521256471,0.002108783748676497
15.288,CIRCLE,0.43449348987022696,0.29622092179916526,0.5015467282623822,0.495898285752799,0.43608685434564104,0.5,0.1527593545835845,0.0021096075693867867
15.296000000000001,CIRCLE,0.43551216480029403,0.2984076263318886,0.5015458150468342,0.4962132821938371,0.43858030792637087,0.5,0.1527592742270394,0.002110421463159412
15.304,CIRCLE,0.43651983560581625,0.30059942225109804,0.5015449023772822,0.4965157412435606,0.4410753133452746,0.5,0.15275919414343417,0.002111219327617724
15.312000000000001,CIRCLE,0.43751647684346284,0.30279625418510653,0.5015439902423244,0.4968056552599988,0.4435718075632118,0.5,0.15275911433393424,0.0021120139902869183
15.32,CIRCLE,0.4385020633557576,0.30499806663088824,0.5015430786424462,0.4970830169181452,0.4460697275034239,0.5,0.15275903480092787,0.002112795656435565
15.328000000000001,CIRCLE,0.4394765702602096,0.3072048039613017,0.5015421675821913,0.49734781921014304,0.44856901005313166,0.5,0.15275895554713026,0.0021135671464913536
15.336,CIRCLE,0.4404399729562806,0.3094164104247971,0.501541257061083,0.497600055445462,0.4510695920651262,0.5,0.1527588765745756,0.002114328509948215
15.344000000000001,CIRCLE,0.44139224712474273,0.31163283014579907,0.501540347070651,0.4978397192510676,0.45357141035936815,0.5,0.1527587978860598,0.0021150827848109635
15.352,CIRCLE,0.4423333687275871,0.3138540071263931,0.5015394376183454,0.498066804571582,0.45607440172458014,0.5,0.15275871948540776,0.0021158244543129268
15.36,CIRCLE,0.44326331400594887,0.31607988525096636,0.5015385287043324,0.49828130566943696,0.4585785029198472,0.5,0.15275864137520853,0.002116557497090695
15.368,CIRCLE,0.44418205948525824,0.3183104082858786,0.5015376203281287,0.49848321712501914,0.4610836506762132,0.5,0.15275856355681303,0.002117281963705144
15.376,CIRCLE,0.445089581974676,0.3205455198797645,0.5015367124802319,0.49867253383680654,0.46358978169827825,0.5,0.15275848603174166,0.0021179945368326914
15.384,CIRCLE,0.4459858585648472,0.32278516356536624,0.5015358051701385,0.49884925102149774,0.4660968326658008,0.5,0.15275840880258912,0.0021186989136930943
15.392,CIRCLE,0.44687086663176484,0.3250292827610254,0.5015348983885752,0.49901336421413267,0.4686047402352942,0.5,0.15275833187141072,0.0021193918672359293
15.4,CIRCLE,0.44774458383441634,0.3272778207725699,0.5015339921435948,0.49916486926820547,0.4711134410416303,0.5,0.152758255240672,0.0021200771128907525
15.408,CIRCLE,0.44860698811812705,0.3295307207945317,0.5015330864255906,0.49930376235576895,0.47362287169963735,0.5,0.1527581789121306,0.0021207513054399287
15.416,CIRCLE,0.44945805771214475,0.3317879259120693,0.5015321812443012,0.49943003996753194,0.4761329688057049,0.5,0.1527581028877474,0.002121417732834046
15.424,CIRCLE,0.4502977711327401,0.3340493791020198,0.5015312765992065,0.49954369891294725,0.4786436689393819,0.5,0.1527580271688782,0.002122076449345732
15.432,CIRCLE,0.45112610718234086,0.3363150232333898,0.5015303724892483,0.49964473632029277,0.48115490866498317,0.5,0.15275795175773685,0.0021227205227567847
15.44,CIRCLE,0.45194304494873516,0.33858480107001315,0.501529468914044,0.49973314963674376,0.4836666245331882,0.5,0.15275787665665475,0.002123359302155709
15.448,CIRCLE,0.45274856381203166,0.3408586552705668,0.5015285658741393,0.4998089366284376,0.486178753082648,0.5,0.15275780186741217,0.002123986592153087
15.456,CIRCLE,0.45354264343785183,0.3431365283928628,0.5015276633622268,0.49987209538053,0.488691230841585,0.5,0.15275772739077154,0.0021246081267657837
15.464,CIRCLE,0.45432526378063837,0.3454183628928408,0.5015267613725791,0.4999226242972434,0.4912039943294001,0.5,0.1527576532280015,0.0021252158931600587
15.472,CIRCLE,0.45509640508204785,0.34770410112771694,0.5015258599163329,0.49996052210190745,0.49371698005827336,0.5,0.15275757938002701,0.0021258171568226234
15.48,CIRCLE,0.45585604787777567,0.34999368535495656,0.5015249589876515,0.4999857878369911,0.4962301245347712,0.5,0.1527575058475806,0.0021264100450847597
15.488,CIRCLE,0.45660417299279255,0.3522870577365226,0.5015240585859886,0.49999842086412694,0.49874336426144755,0.5,0.15275743263034736,0.002126994618499239
15.496,CIRCLE,0.45734076154055026,0.35458416033926804,0.5015231587205292,0.49999842086412716,0.5012566357384514,0.5,0.15275735972835583,0.0021275672517564034
15.504,CIRCLE,0.4580657949238452,0.3568849351362225,0.5015222593867559,0.4999857878369918,0.5037698754651277,0.5,0.1527572871417429,0.002128131431172953
15.512,CIRCLE,0.4587792548401704,0.35918932400633136,0.5015213605840948,0.4999605221019087,0.5062830199416256,0.5,0.15275721487122748,0.002128687220364198
15.52,CIRCLE,0.45948112328108737,0.3614972687347326,0.5015204623096361,0.49992262429724516,0.5087960056704989,0.5,0.15275714291956038,0.0021292338282768663
15.528,CIRCLE,0.46017138252881473,0.3638087110157214,0.5015195645650683,0.4998720953805323,0.511308769158314,0.5,0.15275707129121766,0.002129770435776824
15.536,CIRCLE,0.4608500151587593,0.3661235924559068,0.5015186673403842,0.49980893662844045,0.513821246917251,0.5,0.1527569999900304,0.002130300638107854
15.544,CIRCLE,0.4615170040394051,0.36844185457600914,0.5015177706448005,0.4997331496367471,0.5163333754667108,0.5,0.1527569290193158,0.0021308208152728478
15.552,CIRCLE,0.46217233233312555,0.3707634388121563,0.501516874485734,0.49964473632029655,0.5188450913349159,0.5,0.15275685838172545,0.002131328022362444
15.56,CIRCLE,0.4628159834966153,0.37308828651706466,0.5015159788574627,0.49954369891295153,0.5213563310605172,0.5,0.15275678807941356,0.0021318355563178268
15.568,CIRCLE,0.4634479412841869,0.3754163389611517,0.5015150837574103,0.49943003996753677,0.5238670311941942,0.5,0.15275671811386826,0.002132326353621051
15.576,CIRCLE,0.46406818973752667,0.37774753733697053,0.5015141891850889,0.4993037623557743,0.5263771283002617,0.5,0.15275664848555462,0.0021328120369726337
15.584,CIRCLE,0.4646767132006997,0.38008182275628083,0.5015132951436102,0.4991648692682113,0.5288865589582689,0.5,0.15275657919471738,0.0021332862038100477
15.592,CIRCLE,0.46527349631357756,0.3824191362536332,0.501512401632047,0.49901336421413905,0.531395259764605,0.5,0.1527565102409723,0.0021337577252563103
15.6,CIRCLE,0.4658585240139532,0.3847594187867236,0.501511508646148,0.4988492510215046,0.5339031673340984,0.5,0.15275644162403337,0.0021342151937844777
15.608,CIRCLE,0.46643178153080594,0.3871026112392999,0.5015106161859788,0.4986725338368139,0.536410218301621,0.5,0.15275637334394648,0.0021346664970871734
15.616,CIRCLE,0.4669932543948975,0.3894486544200734,0.5015097242465769,0.498483217125027,0.538916349323686,0.5,0.15275630540126675,0.0021351101103914793
15.624,CIRCLE,0.4675429284345583,0.3917974890663785,0.5015088328273639,0.49828130566944534,0.5414214970800522,0.5,0.15275623779607506,0.0021355461053784784
15.632,CIRCLE,0.4680807897748427,0.3941490558445075,0.5015079419375573,0.49806680457159086,0.5439255982753192,0.5,0.1527561705293982,0.0021359708570205817
15.64,CIRCLE,0.46860682483830296,0.3965032953510188,0.5015070515774583,0.49783971925107695,0.5464285896405316,0.5,0.152756103603105,0.0021363908622279567
15.648,CIRCLE,0.46912102034865716,0.3988601481149524,0.5015061617279177,0.49760005544547187,0.5489304079347732,0.5,0.15275603701845886,0.002136799258152356
15.656,CIRCLE,0.4696233633267844,0.4012195546008602,0.5015052724055667,0.49734781921015336,0.5514309899467683,0.5,0.1527559707760118,0.002137202348487975
15.664,CIRCLE,0.47011384109548454,0.4035814552086433,0.5015043835949943,0.4970830169181561,0.5539302724964756,0.5,0.15275590487573648,0.0021375946655387995
15.672,CIRCLE,0.47059244127584476,0.4059457902761537,0.501503495308348,0.4968056552600102,0.5564281924366883,0.5,0.15275583931728023,0.002137981040022732
15.68,CIRCLE,0.4710591517889631,0.40831250007745445,0.5015026075335149,0.4965157412435725,0.558924686654625,0.5,0.15275577410237803,0.0021383572389983892
15.688,CIRCLE,0.4715139608529715,0.4106815248248835,0.5015017202794979,0.4962132821938494,0.5614196920735293,0.5,0.1527557092352967,0.002138726870719477
15.696,CIRCLE,0.4719568569884356,0.41305280467230854,0.5015008335449195,0.4958982857528119,0.5639131456542588,0.5,0.1527556447199237,0.002139089741513888
15.704,CIRCLE,0.4723878290151815,0.4154262797175849,0.5014999473386378,0.4955707598792022,0.5664049843968818,0.5,0.15275558055960836,0.002139442358726504
15.712,CIRCLE,0.4728068660530472,0.4178018900037898,0.5014990616598123,0.49523071284833303,0.5688951453422658,0.5,0.15275551675712493,0.002139792056382461
15.72,CIRCLE,0.4732139575255423,0.420179575521573,0.5014981764987743,0.4948781532518781,0.5713835655736714,0.5,0.1527554533133451,0.002140127362096248
15.728,CIRCLE,0.4736090931549377,0.42255927621065714,0.5014972918577059,0.49451308999765564,0.5738701822183385,0.5,0.1527553902282106,0.0021404604704629874
15.736,CIRCLE,0.47399226297186475,0.42494093195906374,0.5014964077362483,0.4941355323094026,0.5763549324490784,0.5,0.15275532750155676,0.0021407837943949537
15.744,CIRCLE,0.474363457305232,0.4273244826060491,0.501495524133969,0.4937454897265423,0.5788377534858579,0.5,0.15275526513320029,0.0021411008177151135
15.752,CIRCLE,0.47472266678708047,0.4297098679427087,0.501494641050245,0.49334297210394285,0.5813185825973884,0.5,0.15275520312318777,0.0021414116206028198
15.76,CIRCLE,0.4750698823518111,0.4320970277122053,0.5014937584843568,0.4929279896116685,0.5837973571027085,0.5,0.15275514147321304,0.0021417099367732075
15.768,CIRCLE,0.4754050952353363,0.4344859016120802,0.5014928764388293,0.49250055273472243,0.5862740143727698,0.5,0.15275508018598513,0.002142007547669575
15.776,CIRCLE,0.4757282969810214,0.4368764292969447,0.5014919949174311,0.4920606722727823,0.5887484918320169,0.5,0.15275501926339918,0.0021422918709564994
15.784,CIRCLE,0.4760394794306946,0.4392685503823413,0.5014911139129561,0.4916083593399265,0.5912207269599715,0.5,0.1527549587051393,0.0021425743905184678
15.792,CIRCLE,0.4763386347337107,0.4416622044437403,0.5014902334325712,0.49114362536435463,0.5936906572928085,0.5,0.15275489851045151,0.0021428448425018895
15.8,CIRCLE,0.47662575533982715,0.44405733101913186,0.5014893534623106,0.49066648208809727,0.5961582204249377,0.5,0.1527548386775112,0.0021431156966804136
15.808,CIRCLE,0.4769008340050759,0.4464538696077955,0.5014884740092844,0.4901769415667207,0.5986233540105774,0.5,0.15275477920599792,0.00214337383433459
15.816,CIRCLE,0.47716386378301434,0.4488517596735331,0.5014875950714236,0.4896750161690211,0.601085995765333,0.5,0.1527547200958984,0.0021436284526308406
15.824,CIRCLE,0.477414838035986,0.45125094064515525,0.5014867166508815,0.4891607185767131,0.6035460834677665,0.5,0.15275466134765447,0.002143874032600113
15.832,CIRCLE,0.4776537504297444,0.4536513519192001,0.5014858387427662,0.48863406178410845,0.6060035549609734,0.5,0.15275460296138377,0.002144119152649486
15.84,CIRCLE,0.47788059493538626,0.4560529328606604,0.5014849613380428,0.4880950590977884,0.6084583481541485,0.5,0.15275454493756,0.0021443493110772506
15.848,CIRCLE,0.4780953658233782,0.4584556228043387,0.5014840844470703,0.4875437241362669,0.6109104010241586,0.5,0.1527544872778186,0.0021445784864120255
15.856,CIRCLE,0.47829805767717104,0.46085936105635555,0.5014832080695166,0.4869800708296472,0.6133596516171065,0.5,0.1527544299837838,0.002144798898373017
15.864,CIRCLE,0.47848866538192,0.46326408689735027,0.5014823322112213,0.4864041134192692,0.6158060380498991,0.5,0.15275437305636452,0.0021450164879480743
15.872,CIRCLE,0.4786671841285611,0.46566973958415986,0.5014814568585781,0.4858158664573502,0.618249498511808,0.5,0.1527543164950863,0.002145226504133445
15.88,CIRCLE,0.4788336094106007,0.468076258351846,0.50148058202355,0.48521534480661654,0.6206899712660343,0.5,0.15275426029819103,0.002145426561361367
15.888,CIRCLE,0.47898793702771375,0.4704835824123959,0.5014797076975172,0.4846025636399291,0.6231273946512655,0.5,0.1527542044648198,0.0021456282030516472
15.896,CIRCLE,0.4791301630880537,0.47289165095606583,0.5014788338845055,0.4839775384398986,0.6255617070832364,0.5,0.15275414899547918,0.0021458160503522406
15.904,CIRCLE,0.47926028399903436,0.47530040315456756,0.5014779605823106,0.4833402849984959,0.6279928470562818,0.5,0.1527540938905292,0.0021460021403066527
15.912,CIRCLE,0.47937829648054736,0.47770977816200827,0.501477087790596,0.48269081941665165,0.6304207531448941,0.5,0.15275403915041635,0.002146180617761648
15.92,CIRCLE,0.47948419755623944,0.48011971511700996,0.5014762155052584,0.48202915810385044,0.6328453640052717,0.5,0.1527539847753487,0.0021463528396093935
15.928,CIRCLE,0.47957798455507006,0.48253015314538367,0.5014753437256144,0.4813553177777156,0.6352666183768725,0.5,0.15275393076416338,0.0021465188976767056
15.936,CIRCLE,0.47965965511075376,0.48494103136019623,0.5014744724423114,0.4806693154635873,0.6376844550839578,0.5,0.15275387711566532,0.002146682116857339
15.944,CIRCLE,0.47972920716151457,0.487352288863112,0.5014736016639417,0.47997116849409177,0.6400988130371423,0.5,0.15275382382905534,0.0021468390827579556
15.952,CIRCLE,0.47978663895091817,0.4897638647455154,0.501472731391431,0.47926089450870424,0.6425096312349333,0.5,0.15275377090405856,0.0021469892398152794
15.96,CIRCLE,0.47983194902961107,0.49217569809132605,0.5014718616238897,0.47853851145330206,0.644916848765276,0.5,0.15275371833970514,0.0021471387373973145
15.968,CIRCLE,0.4798651362565606,0.4945877279771277,0.5014709923552624,0.47780403757971274,0.6473204048070885,0.5,0.15275366613574354,0.002147276149181634
15.976,CIRCLE,0.4798861997940252,0.49699989347306917,0.501470123599482,0.4770574914452514,0.6497202386318026,0.5,0.15275361429348522,0.002147415278203184
15.984,CIRCLE,0.4798951391170781,0.4994121336461171,0.5014692553516784,0.4762988919122529,0.6521162896048942,0.5,0.15275356281386426,0.0021475447097793216
15.992,CIRCLE,0.47989195400174783,0.5018243875619215,0.5014683876114515,0.47552825814759453,0.6545084971874191,0.5,0.15275351169716522,0.002147671304708723
16.0,CIRCLE,0.47987664453346734,0.5042365942860709,0.5014675203742395,0.4747456096222126,0.6568968009375389,0.5,0.15275346094337183,0.0021477937095716057
16.008,CIRCLE,0.4798492111036521,0.5066486928866882,0.5014666536393824,0.47395096611060955,0.6592811405120513,0.5,0.15275341055113983,0.002147912018142846
16.016000000000002,CIRCLE,0.47980965440898055,0.509060622434508,0.5014657874062032,0.47314434769035446,0.6616614556679142,0.5,0.1527533605191827,0.002148026324197869
16.024,CIRCLE,0.4797579754503638,0.5114723220030294,0.5014649216862143,0.4723257747415773,0.6640376862637632,0.5,0.15275331084769597,0.0021481321283300494
16.032,CIRCLE,0.4796941755341747,0.513883730669973,0.5014640564753591,0.47149526794645147,0.6664097722614388,0.5,0.15275326153819643,0.0021482365958370173
16.04,CIRCLE,0.4796182562764484,0.5162947875209842,0.5014631917747409,0.4706528482886731,0.6687776537274982,0.5,0.1527532125917834,0.0021483323233062864
16.048000000000002,CIRCLE,0.47953021959753866,0.5187054316517662,0.5014623275782607,0.4697985370529297,0.671141270834732,0.5,0.15275316400818084,0.0021484323689544135
16.056,CIRCLE,0.47943006772515784,0.5211156021689062,0.5014614638921056,0.4689323558243643,0.6735005638636709,0.5,0.1527531157867979,0.0021485174050145453
16.064,CIRCLE,0.4793178031854966,0.5235252381912314,0.5014606007100523,0.46805432648802775,0.6758554732041023,0.5,0.15275306792606527,0.0021486052052259253
16.072,CIRCLE,0.47919342882000165,0.5259342788511361,0.5014597380318147,0.4671644712283267,0.6782059393565711,0.5,0.15275302042495367,0.002148685917644545
16.080000000000002,CIRCLE,0.47905694777135177,0.5283426632953514,0.5014588758634768,0.4662628125284632,0.6805519029338855,0.5,0.15275297328281057,0.0021487665019829074
16.088,CIRCLE,0.47890836348868104,0.5307503306875365,0.5014580141988606,0.4653493731698676,0.6828933046626129,0.5,0.1527529264984816,0.0021488381892068135
16.096,CIRCLE,0.47874767972355997,0.5331572202090634,0.5014571530367112,0.46442417623162086,0.6852300853845843,0.5,0.15275288007087834,0.0021489093376887676
16.104,CIRCLE,0.47857490053762736,0.5355632710607595,0.5014562923832655,0.46348724508987277,0.6875621860583849,0.5,0.1527528339994747,0.002148972945480298
16.112000000000002,CIRCLE,0.47839003029707877,0.5379684224648438,0.5014554322300648,0.4625386034172507,0.6898895477608478,0.5,0.15275278828324867,0.0021490404586177523
16.12,CIRCLE,0.4781930736749555,0.540372613666034,0.5014545725844938,0.46157827518226335,0.6922121116885374,0.5,0.15275274292163182,0.00214909559707795
16.128,CIRCLE,0.4779840356430508,0.5427757839330389,0.5014537134396821,0.4606062846486922,0.6945298191592434,0.5,0.15275269791340101,0.002149153675626709
16.136,CIRCLE,0.47776292148549576,0.5451778725605789,0.5014528547953531,0.4596226563749803,0.6968426116134583,0.5,0.15275265325785395,0.0021492056780564807
16.144000000000002,CIRCLE,0.4775297367866914,0.547578818869862,0.5014519966572296,0.45862741521361094,0.699150430615859,0.5,0.15275260895455764,0.002149258050781401
16.152,CIRCLE,0.4772844874365345,0.5499785622113986,0.5014511390196864,0.4576205863104819,0.7014532178567787,0.5,0.1527525650024775,0.0021493029809886628
16.16,CIRCLE,0.4770271796265895,0.5523770419656874,0.501450281888821,0.45660219510426664,0.7037509151536876,0.5,0.15275252140056786,0.0021493501981694656
16.168,CIRCLE,0.4767578198566366,0.5547741975459582,0.5014494252528633,0.45557226732577394,0.7060434644526576,0.5,0.1527524781471379,0.002149387976388791
16.176000000000002,CIRCLE,0.47647641492720627,0.5571699683975938,0.5014485691213881,0.4545308289972965,0.708330807829832,0.5,0.15275243524135843,0.002149429570144638
16.184,CIRCLE,0.47618297194862536,0.5595642940016272,0.5014477134877859,0.45347790643195596,0.710612887492884,0.5,0.15275239268222904,0.002149463228420558
16.192,CIRCLE,0.475877498330132,0.5619571138746408,0.5014468583516822,0.4524135262330344,0.712889645782484,0.5,0.1527523504689055,0.002149496624715176
16.2,CIRCLE,0.47556000178868796,0.5643483675712809,0.5014460037176668,0.4513377152933046,0.7151610251737519,0.5,0.1527523086010031,0.0021495246465212336
16.208000000000002,CIRCLE,0.4752304903446807,0.5667379946858332,0.5014451495700745,0.4502505007943495,0.7174269682777127,0.5,0.1527522670777383,0.002149552992343582
16.216,CIRCLE,0.47488897232203037,0.5691259348541515,0.5014442959187617,0.44915191020587747,0.7196874178427417,0.5,0.15275222589800513,0.002149577802184821
16.224,CIRCLE,0.47453545634686783,0.5715121277522748,0.5014434427605164,0.4480419712850251,0.7219423167560183,0.5,0.1527521850626922,0.0021496000956717476
16.232,CIRCLE,0.474169951349217,0.5738965130994725,0.501442590104247,0.4469207120756579,0.7241916080449642,0.5,0.15275214457372077,0.0021496235862122114
16.240000000000002,CIRCLE,0.4737924665618059,0.5762790306593216,0.5014417379311801,0.4457881609076609,0.7264352348786854,0.5,0.15275210443394968,0.0021496416092114125
16.248,CIRCLE,0.4734030115159368,0.578659620241998,0.5014408862518017,0.4446443463962248,0.7286731405694032,0.5,0.1527520646462076,0.0021496585816229573
16.256,CIRCLE,0.4730015960481077,0.5810382217082043,0.5014400350731949,0.44348929744111987,0.7309052685738935,0.5,0.1527520252118535,0.00214967754175677
16.264,CIRCLE,0.47258823029844976,0.5834147749700748,0.5014391843889636,0.4423230432259679,0.7331315624949108,0.5,0.15275198613109642,0.002149686837789734
16.272000000000002,CIRCLE,0.4721629247056144,0.5857892199918683,0.5014383342039591,0.4411456132175035,0.7353519660826159,0.5,0.152751947403096,0.0021497026048305033
16.28,CIRCLE,0.47172569001577425,0.5881614967934143,0.5014374845133996,0.43995703716483253,0.7375664232359913,0.5,0.1527519090257197,0.0021497116091513495
16.288,CIRCLE,0.4712765372688689,0.5905315454482604,0.5014366353169083,0.43875734509867614,0.7397748780042672,0.5,0.1527518709962617,0.0021497215491878057
16.296,CIRCLE,0.4708154778086217,0.5928993060863837,0.5014357866113218,0.437546567330615,0.7419772745883291,0.5,0.15275183331225153,0.002149725208418714
16.304000000000002,CIRCLE,0.4703425232792773,0.5952647188944389,0.5014349383946466,0.4363247344523218,0.7441735573421309,0.5,0.15275179597213448,0.002149732062925576
16.312,CIRCLE,0.46985768563011915,0.5976277241182637,0.5014340906713903,0.43509187733479116,0.7463636707740958,0.5,0.1527517589754298,0.0021497375721006022
16.32,CIRCLE,0.46936097710607827,0.5999882620636693,0.5014332434405414,0.43384802712755566,0.7485475595485253,0.5,0.1527517223213239,0.002149741923507919
16.328,CIRCLE,0.4688524102495128,0.6023462730990833,0.5014323967012286,0.43259321525790145,0.7507251684869928,0.5,0.15275168600799657,0.0021497452360720926
16.336000000000002,CIRCLE,0.4683319979014092,0.6047016976574893,0.5014315504526191,0.43132747343007277,0.7528964425697402,0.5,0.15275165003251276,0.002149747610728706
16.344,CIRCLE,0.46779975320058653,0.6070544762363603,0.5014307046938501,0.4300508336244736,0.755061326937063,0.5,0.1527516143922051,0.0021497491469141677
16.352,CIRCLE,0.46725568958541647,0.6094045494001197,0.5014298594240763,0.42876332809685586,0.7572197668907037,0.5,0.152751579084235,0.0021497499460576244
16.36,CIRCLE,0.46669982079302236,0.611751857780068,0.5014290146424963,0.42746498937750677,0.7593717078952291,0.5,0.1527515441070074,0.002149750093176903
16.368000000000002,CIRCLE,0.4661321608606594,0.6140963420766639,0.5014281703564684,0.4261558502704258,0.7615170955794104,0.5,0.15275150945994434,0.002149752750362623
16.376,CIRCLE,0.4655527241245612,0.6164379430604247,0.5014273265491549,0.4248359438524985,0.7636558757375924,0.5,0.15275147514358237,0.002149751997389311
16.384,CIRCLE,0.4649615252163775,0.6187766015738068,0.5014264832199704,0.4235053034726567,0.7657879943310701,0.5,0.15275144115873918,0.0021497478538479377
16.392,CIRCLE,0.46435857906724,0.6211122585358603,0.5014256403779429,0.4221639627510387,0.7679133974894492,0.5,0.1527514075045778,0.0021497511486957737
16.4,CIRCLE,0.46374390090836504,0.6234448549433109,0.5014247980266153,0.42081195557813894,0.7700320315120086,0.5,0.152751374179209,0.0021497496960816757
16.408,CIRCLE,0.4631175062602367,0.6257743318690302,0.5014239561656058,0.41944931611395114,0.7721438428690582,0.5,0.15275134117971287,0.002149750458621641
16.416,CIRCLE,0.4624794109421756,0.6281006304655838,0.5014231147929851,0.4180760787871083,0.7742487782032869,0.5,0.15275130850290192,0.0021497471431717076
16.424,CIRCLE,0.4618296310694619,0.6304236919652589,0.5014222739053,0.4166922782940079,0.7763467843311174,0.5,0.15275127614606804,0.002149747570808665
16.432,CIRCLE,0.4611681830568638,0.6327434576823063,0.5014214335072652,0.41529794959793886,0.7784378082440455,0.5,0.1527512441075319,0.002149748661141189
16.44,CIRCLE,0.4604950836103998,0.6350598690132565,0.5014205936062313,0.4138931279281962,0.7805217971099818,0.5,0.15275121238542436,0.002149747467832816
16.448,CIRCLE,0.4598103497280069,0.6373728674378095,0.501419754188767,0.412477848779194,0.7825986982745823,0.5,0.1527511809782721,0.0021497488235233593
16.456,CIRCLE,0.45911399870264846,0.6396823945232791,0.5014189152540816,0.4110521479095643,0.7846684592625844,0.5,0.15275114988354418,0.0021497528263436177
16.464,CIRCLE,0.4584060481219484,0.6419883919244784,0.501418076792462,0.40961606134125633,0.7867310277791298,0.5,0.1527511190990156,0.002149756218015129
16.472,CIRCLE,0.4576865158655699,0.6442908013846458,0.5014172388222099,0.40816962535862517,0.7887863517110869,0.5,0.15275108862295225,0.0021497581760900547
16.48,CIRCLE,0.45695542010595125,0.6465895647376915,0.5014164013278413,0.4067128765075178,0.7908343791283634,0.5,0.15275105845316225,0.0021497643148012243
16.488,CIRCLE,0.45621277930805143,0.6488846239097898,0.5014155643227806,0.4052458515943452,0.7928750582852251,0.5,0.15275102858754375,0.002149770295680987
16.496,CIRCLE,0.45545861222555023,0.651175920920045,0.5014147278030066,0.4037685876851555,0.7949083376215988,0.5,0.15275099902328737,0.0021497774171341725
16.504,CIRCLE,0.4546929379029681,0.6534633978836497,0.5014138917676754,0.40228112210469597,0.7969341657643774,0.5,0.15275096975629435,0.002149785778557274
16.512,CIRCLE,0.4539157756749422,0.6557469970117389,0.5014130562159315,0.40078349243547284,0.7989524915287132,0.5,0.15275094078256846,0.00214979547911454
16.52,CIRCLE,0.4531271451654301,0.6580266606112368,0.5014122211474006,0.39927573651679743,0.8009632639193178,0.5,0.15275091209961042,0.0021498064371211893
16.528,CIRCLE,0.4523270662897672,0.6603023310876998,0.5014113865698131,0.3977578924438329,0.8029664321317467,0.5,0.1527508837060633,0.0021498219649502214
16.536,CIRCLE,0.4515155592534645,0.662573950946251,0.5014105524670714,0.3962299985666303,0.804961945553684,0.5,0.15275085560168347,0.0021498364301347807
16.544,CIRCLE,0.45069264454876945,0.6648414627932066,0.5014097188391261,0.3946920934891628,0.8069497537662182,0.5,0.15275082778648094,0.0021498496454455543
16.552,CIRCLE,0.44985834295916255,0.6671048093409316,0.5014088856869148,0.3931442160683454,0.8089298065451215,0.5,0.15275080025922927,0.002149869580543961
16.56,CIRCLE,0.4490126755581756,0.6693639334101964,0.5014080530211161,0.39158640541305656,0.8109020538621148,0.5,0.15275077301654555,0.00214989024496014
16.568,CIRCLE,0.44815566370243276,0.6716187779277836,0.5014072208387146,0.39001870088314833,0.8128664458861341,0.5,0.15275074605386454,0.002149912565165371
16.576,CIRCLE,0.44728732903402946,0.6738692859297574,0.501406389138856,0.3884411420884552,0.8148229329845851,0.5,0.1527507193649192,0.0021499366390685323
16.584,CIRCLE,0.44640769347981973,0.6761154005612836,0.5014055579195449,0.38685376888778833,0.8167714657246035,0.5,0.15275069294313082,0.00214996299117901
16.592,CIRCLE,0.445516779252826,0.678357065078678,0.5014047271799181,0.3852566213879319,0.8187119948742998,0.5,0.15275066678180457,0.0021499917189661587
16.6,CIRCLE,0.4446146088514804,0.6805942228492168,0.50140389691912,0.38364973994262785,0.8206444714040054,0.5,0.15275064087554976,0.0021500229196162817
16.608,CIRCLE,0.4437012050586655,0.6828268173509205,0.5014030671454184,0.3820331651515599,0.8225688464875072,0.5,0.15275061522170558,0.002150059472154273
16.616,CIRCLE,0.44277659094341876,0.6850547921763294,0.5014022378447539,0.3804069378593226,0.8244850715032872,0.5,0.15275058981881953,0.002150096501326766
16.624,CIRCLE,0.4418407898576349,0.6872780910337841,0.501401409026469,0.37877109915439283,0.8263930980357476,0.5,0.15275056466611972,0.0021501366689219603
16.632,CIRCLE,0.4408938254382232,0.6894966577516615,0.5014005806897835,0.3771256903680897,0.8282928778764349,0.5,0.15275053976178266,0.0021501800710816625
16.64,CIRCLE,0.43993572160610034,0.6917104362781256,0.5013997528353094,0.37547075307353384,0.830184363025255,0.5,0.15275051510444773,0.002150227300343038
16.648,CIRCLE,0.43896650256337355,0.693919370683004,0.501398925462303,0.3738063290845921,0.8320675056916916,0.5,0.15275049069188795,0.0021502784508827784
16.656,CIRCLE,0.437986192792712,0.6961234051575907,0.501398098561424,0.37213246045482407,0.8339422582960097,0.5,0.15275046652238652,0.0021503303899409647
16.664,CIRCLE,0.4369948170549889,0.6983224840153791,0.5013972721422232,0.37044918947641803,0.8358085734704594,0.5,0.15275044259482734,0.0021503859249730082
16.672,CIRCLE,0.43599240039126186,0.7005165516962507,0.5013964462039207,0.368756558679126,0.8376664040604695,0.5,0.1527504189070094,0.0021504451501302858
16.68,CIRCLE,0.4349789681218001,0.7027055527662079,0.5013956207457408,0.3670546108291838,0.8395157031258442,0.5,0.15275039545712224,0.0021505081592525007
16.688,CIRCLE,0.4339545458452959,0.7048894319171372,0.5013947957679621,0.3653433889282339,0.8413564239419455,0.5,0.15275037224514754,0.002150575427271645
16.696,CIRCLE,0.43291915943524656,0.707068133969199,0.5013939712811877,0.3636229362122374,0.8431885200008752,0.5,0.15275034927069214,0.00215064276256116
16.704,CIRCLE,0.43187283504128177,0.7092416038721168,0.5013931472707914,0.3618932961503851,0.8450119450126469,0.5,0.15275032653358403,0.0021507154501388603
16.712,CIRCLE,0.4308155990926086,0.7114097867099889,0.501392323749317,0.36015451244399377,0.8468266529063606,0.5,0.1527503040331901,0.0021507909384791326
16.72,CIRCLE,0.42974747829404863,0.7135726277026864,0.501391500715967,0.3584066290254057,0.8486325978313635,0.5,0.15275028176659092,0.002150869321249121
16.728,CIRCLE,0.42866849962519354,0.7157300722055802,0.5013906781608828,0.3566496900568767,0.8504297341584098,0.5,0.15275025973002873,0.0021509540965083404
16.736,CIRCLE,0.4275786903402284,0.7178820657102776,0.5013898560916885,0.35488373992946415,0.8522180164808104,0.5,0.15275023791995251,0.002151042195326539
16.744,CIRCLE,0.42647807796492637,0.7200285538454517,0.501389034495664,0.35310882326189985,0.8539973996155853,0.5,0.15275021633205488,0.002151138176755328
16.752,CIRCLE,0.4253666902966906,0.7221694823778864,0.5013882133731437,0.35132498489946623,0.8557678386046015,0.5,0.15275019496216366,0.0021512352311106814
16.76,CIRCLE,0.42424455540189365,0.7243047972121316,0.501387392720846,0.34953226991286157,0.8575292887157113,0.5,0.1527501738065914,0.0021513343806249382
16.768,CIRCLE,0.4231117016210977,0.7264344443963445,0.5013865725395341,0.34773072359706503,0.859281705443878,0.5,0.15275015286113006,0.002151442116882897
16.776,CIRCLE,0.42196815756796996,0.7285583701240529,0.5013857528403461,0.34592039147018633,0.8610250445123067,0.5,0.15275013212066751,0.0021515540181189304
16.784,CIRCLE,0.42081395212525546,0.7306765207302466,0.5013849336219061,0.3441013192723197,0.8627592618735587,0.5,0.15275011158194812,0.0021516703906889235
16.792,CIRCLE,0.41964911444657943,0.7327888426938506,0.5013841148829942,0.3422735529643863,0.8644843137106664,0.5,0.15275009124394964,0.0021517911585924743
16.8,CIRCLE,0.4184736739529737,0.7348952826401587,0.5013832966222274,0.34043713872697645,0.8662001564382371,0.5,0.15275007110555686,0.00215191662641908
16.808,CIRCLE,0.4172876603346387,0.7369957873430918,0.5013824788402287,0.33859212295917773,0.8679067467035595,0.5,0.15275005116606108,0.0021520474118379308
16.816,CIRCLE,0.416091103548018,0.739090303727153,0.5013816615361466,0.3367385522774058,0.8696040413876949,0.5,0.15275003142350035,0.0021521836018133936
16.824,CIRCLE,0.41488403381498773,0.7411787788671085,0.5013808447111994,0.334876473514225,0.8712919976065692,0.5,0.15275001187606949,0.0021523245167935417
16.832,CIRCLE,0.4136664816244216,0.7432611599899434,0.5013800283644936,0.33300593371716897,0.8729705727120525,0.5,0.1527499925227476,0.002152470209015381
16.84,CIRCLE,0.412438477729042,0.7453373944769209,0.5013792124941738,0.33112698014754605,0.8746397242930422,0.5,0.15274997336145987,0.0021526211551406924
16.848,CIRCLE,0.4112000531468556,0.7474074298655881,0.50137839710728,0.32923966027924906,0.8762994101765305,0.5,0.1527499543897612,0.002152780387896058
16.856,CIRCLE,0.4099512391600542,0.7494712138505911,0.5013775821882,0.3273440217975538,0.8779495884286721,0.5,0.15274993560485164,0.0021529424296470065
16.864,CIRCLE,0.40869206731173174,0.7515286942849342,0.5013767677375024,0.3254401125979182,0.8795902173558405,0.5,0.15274991700264248,0.002153106869195402
16.872,CIRCLE,0.40742256940853355,0.7535798191828352,0.5013759537560777,0.3235279807847665,0.8812212555056863,0.5,0.1527498985782001,0.002153280519792233
16.88,CIRCLE,0.4061427775195608,0.7556245367215308,0.501375140252913,0.3216076746702774,0.8828426616681806,0.5,0.15274988032530662,0.002153459771180925
16.888,CIRCLE,0.40485272397186944,0.7576627952369257,0.5013743272273002,0.3196792427731616,0.884454394876659,0.5,0.15274986223901071,0.0021536446868208143
16.896,CIRCLE,0.4035524413519223,0.7596945432255695,0.5013735146775544,0.31774273381744,0.8860564144088523,0.5,0.15274984431633112,0.0021538350078338453
16.904,CIRCLE,0.4022419625024959,0.76171972934665,0.5013727026022717,0.3157981967312065,0.8876486797879211,0.5,0.152749826554389,0.002154031045463005
16.912,CIRCLE,0.40092132052528096,0.7637383024250202,0.5013718910024243,0.3138456806453958,0.8892311507834749,0.5,0.15274980895088575,0.002154233547846127
16.92,CIRCLE,0.3995905487781225,0.7657502114529833,0.5013710798771414,0.31188523489254005,0.8908037874125904,0.5,0.15274979150258525,0.002154442595841584
16.928,CIRCLE,0.39824968087437557,0.7677554055899724,0.5013702692195742,0.3099169090055266,0.8923665499408177,0.5,0.15274977420669214,0.0021546544540671556
16.936,CIRCLE,0.39689875068325337,0.7697538341654729,0.5013694590351016,0.3079407527163401,0.8939193988831902,0.5,0.1527497570603626,0.002154876175054055
16.944,CIRCLE,0.3955377923315253,0.7717454466838648,0.5013686493208899,0.3059568159548103,0.8954622950052183,0.5,0.15274974005915018,0.0021551016290269607
16.952,CIRCLE,0.394166840197433,0.7737301928209925,0.5013678400714733,0.3039651488473484,0.8969951993238827,0.5,0.1527497231978985,0.0021553326775919563
16.96,CIRCLE,0.3927859289129842,0.7757080224270384,0.5013670312967158,0.3019658017156846,0.8985180731086155,0.5,0.15274970647144112,0.002155573378850877
16.968,CIRCLE,0.3913950933623405,0.7776788855275933,0.501366223000268,0.2999588250755906,0.9000308778822845,0.5,0.1527496898741709,0.00215581629694446
16.976,CIRCLE,0.3899943686789268,0.779642732322839,0.5013654151661133,0.29794426963560716,0.9015335754221614,0.5,0.1527496734003855,0.002156067263283119
16.984,CIRCLE,0.3885837902482918,0.7815995131913384,0.5013646078081105,0.2959221862957611,0.9030261277608895,0.5,0.15274965704494378,0.0021563294861245454
16.992,CIRCLE,0.3871633937042487,0.7835491786888006,0.5013638009259086,0.29389262614628336,0.9045084971874398,0.5,0.15274964080308906,0.002156593430450021
17.0,CIRCLE,0.385733214925059,0.785491679547647,0.501362994505188,0.2918556404663117,0.9059806462480681,0.5,0.15274962466996117,0.00215686429834092
17.008,CIRCLE,0.38429329003896234,0.7874269666833241,0.5013621885566302,0.2898112807225993,0.9074425377472592,0.5,0.1527496086408197,0.0021571464541094384
17.016000000000002,CIRCLE,0.38284365542274795,0.7893549911955772,0.5013613830790229,0.2877595985682126,0.9088941347486671,0.5,0.15274959271045735,0.0021574329268947688
17.024,CIRCLE,0.3813843476951163,0.7912757043645042,0.5013605780667042,0.28570064584123,0.9103354005760459,0.5,0.1527495768737956,0.002157725657068205
17.032,CIRCLE,0.37991540372012994,0.7931890576545415,0.5013597735291777,0.28363447456342616,0.9117662988141807,0.5,0.15274956112657115,0.002158028575036517
17.04,CIRCLE,0.37843686060590703,0.7950950027155936,0.5013589694556152,0.28156113693896156,0.9131867933098048,0.5,0.15274954546486447,0.0021583379839304083
17.048000000000002,CIRCLE,0.3769487557019742,0.796993491383538,0.5013581658547388,0.2794806853530615,0.9145968481725145,0.5,0.15274952988492269,0.0021586503859679917
17.056,CIRCLE,0.3754511266002644,0.7988844756812155,0.5013573627260107,0.2773931723706968,0.9159964277756731,0.5,0.15274951438427714,0.0021589763748721025
17.064,CIRCLE,0.3739440111368576,0.80076790782398,0.5013565600655217,0.2752986507352494,0.9173854967573156,0.5,0.15274949896022239,0.0021593056094696204
17.072,CIRCLE,0.372427447383068,0.8026437402148308,0.5013557578726402,0.2731971733671836,0.9187640200210389,0.5,0.15274948360943413,0.002159644060152011
17.080000000000002,CIRCLE,0.3709014736500506,0.8045119254512869,0.5013549561556397,0.27108879336270725,0.9201319627368898,0.5,0.15274946832722963,0.0021599883689633623
17.088,CIRCLE,0.36936612848752526,0.8063724163240908,0.5013541549031731,0.26897356399243444,0.9214892903422431,0.5,0.15274945310905014,0.0021603425718381185
17.096,CIRCLE,0.3678214506836206,0.8082251658177241,0.5013533541257048,0.2668515387000329,0.9228359685426784,0.5,0.15274943795190016,0.0021607025376089626
17.104,CIRCLE,0.36626747926133735,0.810070127111385,0.5013525538073764,0.2647227711008783,0.9241719633128432,0.5,0.15274942285239262,0.0021610739997728863
17.112000000000002,CIRCLE,0.36470425347873453,0.8119072535799409,0.5013517539595151,0.2625873149806968,0.9254972408973157,0.5,0.15274940780814977,0.002161450273827439
17.12,CIRCLE,0.3631318128249109,0.8137364987943841,0.5013509545753256,0.2604452242942116,0.9268117678114531,0.5,0.15274939281588085,0.002161833717995254
17.128,CIRCLE,0.3615501970240023,0.8155578165264097,0.5013501556645416,0.25829655316377176,0.9281155108422432,0.5,0.15274937787248247,0.002162228343233981
17.136,CIRCLE,0.3599594460337981,0.8173711607495401,0.5013493572208514,0.2561413558779903,0.9294084370491393,0.5,0.1527493629745854,0.002162628116231137
17.144000000000002,CIRCLE,0.3583596000407257,0.819176485637106,0.5013485592382486,0.2539796868903696,0.9306905137648958,0.5,0.15274934811834856,0.0021630350997758193
17.152,CIRCLE,0.3567506994629328,0.8209737455657181,0.5013477617285893,0.2518116008179304,0.9319617085963885,0.5,0.15274933330067286,0.0021634540824155314
17.16,CIRCLE,0.355132784948714,0.8227628951166791,0.5013469646855054,0.24963715243982498,0.9332219894254394,0.5,0.15274931851836906,0.0021638782493816604
17.168,CIRCLE,0.3535058973709211,0.8245438890737078,0.5013461681106427,0.2474563966959575,0.9344713244096242,0.5,0.1527493037677203,0.0021643127198959803
17.176000000000002,CIRCLE,0.3518700778301576,0.8263166824282666,0.501345372012071,0.24526938868559386,0.9357096819830781,0.5,0.1527492890443218,0.002164754203753283
17.184,CIRCLE,0.3502253676534932,0.8280812303782579,0.5013445763783785,0.24307618366597394,0.9369370308572915,0.5,0.15274927434446203,0.002165206752944373
17.192,CIRCLE,0.3485718083944685,0.8298374883285216,0.5013437812141082,0.24087683705090868,0.9381533400219038,0.5,0.15274925966663253,0.0021656640165849815
17.2,CIRCLE,0.3469094418283372,0.8315854118923168,0.5013429865187803,0.23867140440938447,0.9393585787454845,0.5,0.15274924500846787,0.0021661329759729074
17.208000000000002,CIRCLE,0.3452383099547872,0.833324956896535,0.5013421922892608,0.23645994146415697,0.940552716576311,0.5,0.15274923036653407,0.0021666079361450405
17.216,CIRCLE,0.34355845499273985,0.8350560793787913,0.5013413985202065,0.2342425040903478,0.9417357233431358,0.5,0.1527492157362633,0.0021670907063829747
17.224,CIRCLE,0.3418699193829061,0.8367787355902887,0.501340605220587,0.23201914831402576,0.9429075691559516,0.5,0.15274920111343696,0.002167584987851297
17.232,CIRCLE,0.3401727457863236,0.8384928819967332,0.5013398123920507,0.22978993031079595,0.9440682244067453,0.5,0.1527491864938782,0.0021680830763429414
17.240000000000002,CIRCLE,0.33846697708121976,0.8401984752775599,0.5013390200282009,0.22755490640437812,0.9452176597702462,0.5,0.15274917187326917,0.0021685950594138234
17.248,CIRCLE,0.3367526563653983,0.8418954723311635,0.5013382281303701,0.22531413306518835,0.9463558462046651,0.5,0.15274915724694552,0.0021691140416034735
17.256,CIRCLE,0.33502982694913436,0.8435838302697911,0.5013374366946667,0.223067666908905,0.9474827549524314,0.5,0.15274914260968908,0.002169641294865528
17.264,CIRCLE,0.333298532358468,0.8452635064231158,0.5013366457292631,0.2208155646950432,0.9485983575409178,0.5,0.15274912795729784,0.0021701802322099356
17.272000000000002,CIRCLE,0.3315588163340441,0.846934458339182,0.5013358552208735,0.21855788332551823,0.9497026257831603,0.5,0.15274911328633647,0.0021707262120649077
17.28,CIRCLE,0.3298107228281888,0.8485966437849497,0.5013350651803073,0.21629467984321263,0.9507955317785683,0.5,0.15274909859352637,0.002171282519734844
17.288,CIRCLE,0.3280542960071172,0.8502500207508091,0.5013342755979099,0.2140260114305278,0.9518770479136328,0.5,0.1527490838754987,0.0021718458740924594
17.296,CIRCLE,0.32628958024856775,0.8518945474507353,0.5013334864824822,0.21175193540794401,0.9529471468626223,0.5,0.1527490691288661,0.002172419901616714
17.304000000000002,CIRCLE,0.32451662014048216,0.8535301823232373,0.5013326978332582,0.20947250923256977,0.9540058015882737,0.5,0.15274905434993494,0.002173004651971571
17.312,CIRCLE,0.32273546048030277,0.8551568840307963,0.5013319096446998,0.20718779049669478,0.9550529853424738,0.5,0.15274903953614694,0.0021735921923158544
17.32,CIRCLE,0.3209461462715567,0.8567746114597886,0.5013311219195933,0.20489783692632774,0.956088671666938,0.5,0.15274902468520077,0.0021741945879165513
17.328,CIRCLE,0.3191487227267479,0.8583833237277568,0.5013303346596151,0.2026027063797426,0.9571128343938768,0.5,0.15274900979395742,0.0021748043092293698
17.336000000000002,CIRCLE,0.31734323525879304,0.8599829801770011,0.5013295478606958,0.20030245684601422,0.9581254476466579,0.5,0.1527489948576281,0.002175422704118714
17.344,CIRCLE,0.31552972948444935,0.8615735403781587,0.5013287615220303,0.19799714644355812,0.9591264858404579,0.5,0.15274897987160746,0.0021760498215018347
17.352,CIRCLE,0.31370825122382595,0.8631549641297593,0.5013279756389108,0.1956868334186548,0.9601159236829124,0.5,0.1527489648328541,0.0021766905367306263
17.36,CIRCLE,0.31187884649812303,0.86472721146104,0.5013271902155244,0.19337157614398293,0.961093736174752,0.5,0.15274894973797987,0.0021773360725254147
17.368000000000002,CIRCLE,0.3100415615263516,0.8662902426309088,0.5013264052550259,0.1910514331171419,0.9620598986104358,0.5,0.15274893458279087,0.002177993554317982
17.376,CIRCLE,0.3081964427300105,0.8678440181354816,0.501325620761644,0.188726462959179,0.9630143865787733,0.5,0.15274891936271912,0.002178661081546484
17.384,CIRCLE,0.30634353672943027,0.8693884987043922,0.5013248367246532,0.1863967244131007,0.9639571759635437,0.5,0.1527489040737816,0.002179334949505402
17.392,CIRCLE,0.304482890341426,0.870923645301074,0.5013240531516459,0.18406227634239344,0.9648882429441041,0.5,0.15274888871238612,0.0021800216703757656
17.400000000000002,CIRCLE,0.30261455058083103,0.8724494191273302,0.501323270039324,0.18172317772953395,0.965807563995992,0.5,0.15274887327501419,0.0021807152961961355
17.408,CIRCLE,0.30073856465493737,0.8739657816201,0.501322487390449,0.17937948767450382,0.9667151158915175,0.5,0.15274885775753558,0.0021814208092029953
17.416,CIRCLE,0.29885497996539595,0.8754726944554306,0.5013217052152741,0.17703126539328898,0.9676108757003529,0.5,0.1527488421558226,0.002182134096019552
17.424,CIRCLE,0.29696384410685,0.8769701195469946,0.5013209234967809,0.1746785702163884,0.9684948207901111,0.5,0.15274882646682197,0.0021828587524863334
17.432,CIRCLE,0.2950652048647617,0.878458019048776,0.5013201422436524,0.17232146158731385,0.9693669288269167,0.5,0.15274881068719856,0.002183591262147177
17.44,CIRCLE,0.2931591102144421,0.87993635535393,0.5013193614430287,0.1699599990610867,0.9702271777759719,0.5,0.1527487948143712,0.002184336684913336
17.448,CIRCLE,0.2912456083188674,0.8814050910976027,0.5013185811080338,0.16759424230273823,0.9710755459021101,0.5,0.15274877884500557,0.0021850898175871584
17.456,CIRCLE,0.28932474752714943,0.8828641891552322,0.5013178012318085,0.16522425108579467,0.9719120117703492,0.5,0.15274876277590796,0.0021858516045772294
17.464,CIRCLE,0.28739657637528665,0.8843136126478772,0.5013170218135811,0.16285008529077177,0.9727365542464306,0.5,0.15274874660324964,0.0021866220842867994
17.472,CIRCLE,0.28546114358552205,0.8857533249415791,0.5013162428635197,0.16047180490365962,0.9735491524973536,0.5,0.15274873032404682,0.002187405358733079
17.48,CIRCLE,0.2835184980649467,0.8871832896485132,0.5013154643705661,0.15808947001441181,0.9743497859919011,0.5,0.15274871393564649,0.0021881958735195744
17.488,CIRCLE,0.2815686889005753,0.8886034706251977,0.50131468633958,0.1557031408154198,0.9751384345011604,0.5,0.15274869743458447,0.002188999268230195
17.496,CIRCLE,0.27961176536155186,0.8900138319771275,0.501313908774117,0.15331287759999707,0.9759150780990327,0.5,0.15274868081711426,0.002189807305204373
17.504,CIRCLE,0.27764777689606424,0.8914143380577729,0.5013131316676176,0.1509187407608532,0.9766796971627367,0.5,0.15274866407872298,0.0021906305814514034
17.512,CIRCLE,0.2756767731334605,0.8928049534734489,0.5013123550298979,0.14852079078857308,0.9774322723733042,0.5,0.1527486472149447,0.002191465061834708
17.52,CIRCLE,0.273698803877734,0.8941856430766539,0.5013115788568034,0.14611908827008097,0.9781727847160693,0.5,0.1527486302209825,0.002192302746184785
17.528,CIRCLE,0.2717139191063906,0.8955563719679458,0.5013108031417516,0.14371369388711464,0.9789012154811477,0.5,0.15274861309125498,0.002193155815584143
17.536,CIRCLE,0.2697221689758267,0.8969171055045417,0.5013100278946422,0.1413046684146898,0.9796175462639107,0.5,0.15274859582087238,0.002194020181619303
17.544,CIRCLE,0.267723603814779,0.8982678092936011,0.5013092531018302,0.1388920727195696,0.9803217589654478,0.5,0.1527485784050723,0.0021948910099722943
17.552,CIRCLE,0.26571827412159194,0.8996084491926482,0.5013084787681037,0.136475967758719,0.9810138357930269,0.5,0.15274856083851793,0.0021957731981939784
17.56,CIRCLE,0.2637062305687253,0.9009389913162267,0.5013077048932021,0.13405641457776987,0.9816937592605421,0.5,0.15274854311683808,0.002196660605090094
17.568,CIRCLE,0.26168752400021644,0.9022594020352162,0.5013069314725852,0.13163347430947603,0.9823615121889562,0.5,0.15274852523647325,0.002197565171842072
17.576,CIRCLE,0.2596622054314794,0.903569647979971,0.5013061585060112,0.12920720817217363,0.9830170777067335,0.5,0.15274850719452931,0.002198474061056219
17.584,CIRCLE,0.2576303260410252,0.9048696960320135,0.5013053859988166,0.12677767746822696,0.983660439250268,0.5,0.15274848898763962,0.002199397574679429
17.592,CIRCLE,0.2555919371756702,0.9061595133332107,0.5013046139493955,0.12434494358248449,0.9842915805643009,0.5,0.15274847061299923,0.0022003285123590325
17.6,CIRCLE,0.2535470903442699,0.9074390672818106,0.5013038423523348,0.12190906798072543,0.9849104857023313,0.5,0.15274845206663204,0.0022012687388660215
17.608,CIRCLE,0.2514958372211389,0.9087083255357886,0.5013030712096086,0.11947011220811189,0.9855171390270184,0.5,0.15274843334621557,0.0022022192319223325
17.616,CIRCLE,0.2494382296433226,0.9099672560147104,0.501302300520539,0.11702813788762613,0.9861115252105783,0.5,0.15274841444928505,0.0022031800137335186
17.624,CIRCLE,0.24737431961005327,0.9112158268990749,0.5013015302841282,0.11458320671851872,0.98669362923517,0.5,0.15274839537467955,0.002204150925727357
17.632,CIRCLE,0.2453041592798844,0.9124540066320174,0.5013007604997328,0.11213538047474707,0.9872634363932755,0.5,0.15274837612077544,0.0022051319886561608
17.64,CIRCLE,0.2432278009701909,0.9136817639186836,0.5012999911668998,0.10968472100341982,0.9878209322880702,0.5,0.15274835668690412,0.0022061232379684535
17.648,CIRCLE,0.24114529715423466,0.9148990677280351,0.501299222284985,0.10723129022322643,0.9883661028337882,0.5,0.1527483370714519,0.002207124692690853
17.656,CIRCLE,0.23905670046066907,0.9161058872922153,0.5012984538532668,0.10477515012287791,0.9888989342560774,0.5,0.1527483172732611,0.0022081362954948923
17.664,CIRCLE,0.2369620636707577,0.9173021921081934,0.5012976858710669,0.10231636275953807,0.9894194130923483,0.5,0.152748297289924,0.0022091580638634416
17.672,CIRCLE,0.23486143971788867,0.9184879519371285,0.5012969183377337,0.09985499025726062,0.9899275261921118,0.5,0.1527482771191647,0.002210189985216401
17.68,CIRCLE,0.2327548816847521,0.9196631368058014,0.5012961512619091,0.09739109480541194,0.9904232607173147,0.5,0.15274825675726023,0.00221122858121663
17.688,CIRCLE,0.23064244280432894,0.9208277170074608,0.5012953846378408,0.09492473865710482,0.9909066041426621,0.5,0.15274823620082062,0.0022122807558270954
17.696,CIRCLE,0.22852417646003428,0.9219816631074932,0.5012946184718676,0.09245598412762308,0.9913775442559343,0.5,0.15274821544609385,0.002213343795660006
17.704,CIRCLE,0.22640013618155086,0.9231249459390845,0.5012938527546403,0.08998489359285224,0.9918360691582949,0.5,0.1527481944886083,0.002214414450729276
17.712,CIRCLE,0.22427037564287228,0.9242575366031598,0.5012930874929579,0.08751152948769575,0.9922821672645925,0.5,0.15274817332323165,0.00221549744276526
17.72,CIRCLE,0.2221349486645357,0.9253794064728886,0.5012923226970201,0.08503595430450268,0.9927158273036523,0.5,0.1527481519455581,0.0022165886639392324
17.728,CIRCLE,0.21999390921222423,0.9264905271921355,0.5012915583507297,0.0825582305914862,0.993137038318562,0.5,0.15274813035268556,0.0022176900146200643
17.736,CIRCLE,0.21784731139426897,0.927590870678146,0.5012907944534518,0.08007842095114845,0.9935457896669474,0.5,0.1527481085417065,0.002218801505729625
17.744,CIRCLE,0.21569520946139212,0.9286804091211098,0.5012900310046845,0.07759658803869096,0.993942071021242,0.5,0.152748086511127,0.0022199231339976033
17.752,CIRCLE,0.21353765780399478,0.9297591149854944,0.5012892680127768,0.07511279456043682,0.9943258723689481,0.5,0.15274806425948667,0.0022210515371418743
17.76,CIRCLE,0.2113747109509158,0.9308269610086303,0.5012885054722981,0.07262710327224375,0.9946971840128898,0.5,0.15274804178620646,0.002222193223887571
17.768,CIRCLE,0.20920642356689165,0.9318839202041701,0.5012877433876521,0.07013957697792371,0.9950559965714565,0.5,0.15274801908956545,0.0022233462371820454
17.776,CIRCLE,0.20703285044832725,0.9329299658576641,0.5012869817493711,0.06765027852764824,0.9954023009788424,0.5,0.1527479961660358,0.002224507254257664
17.784,CIRCLE,0.20485404652137995,0.9339650715264903,0.5012862205656656,0.06515927081636573,0.9957360884852742,0.5,0.1527479730102502,0.0022256798947019184
17.792,CIRCLE,0.20267006684585345,0.9349892110458565,0.5012854598272448,0.06266661678220964,0.9960573506572317,0.5,0.15274794961728644,0.002226860927571464
17.8,CIRCLE,0.2004809666132638,0.9360023585286239,0.5012846995425416,0.06017237940491363,0.9963660793776616,0.5,0.15274792598283737,0.002228053756740224
17.808,CIRCLE,0.1982868011457522,0.937004488366297,0.501283939701312,0.05767662170421236,0.9966622668461831,0.5,0.1527479021030855,0.0022292547710745436
17.816,CIRCLE,0.19608762589400194,0.937995575228913,0.5012831803130183,0.0551794067382545,0.9969459055792836,0.5,0.15274787797471262,0.002230467741840585
17.824,CIRCLE,0.19388349643607455,0.9389755940662046,0.5012824213670812,0.05268079760200684,0.9972169884105091,0.5,0.15274785359459545,0.0022316889189799623
17.832,CIRCLE,0.19167446847528233,0.9399445201075076,0.5012816628723908,0.05018085742566546,0.9974755084906441,0.5,0.15274782895975744,0.0022329218525019715
17.84,CIRCLE,0.1894605978390865,0.9409023288628391,0.5012809048185087,0.04767964937305269,0.997721459287886,0.5,0.15274780406716396,0.0022341628406270836
17.848,CIRCLE,0.18724194047690532,0.9418489961226573,0.5012801472229504,0.04517723664002653,0.9979548345880087,0.5,0.15274777891371327,0.0022354123047380425
17.856,CIRCLE,0.18501855246024215,0.9427844979602596,0.5012793900754394,0.042673682452881244,0.9981756284945207,0.5,0.1527477534965446,0.0022366666032892254
17.864,CIRCLE,0.18279048998063774,0.9437088107316662,0.5012786333756359,0.04016905006675524,0.9983838354288134,0.5,0.15274772781305826,0.0022379399380004186
17.872,CIRCLE,0.1805578093493162,0.9446219110796557,0.5012778771252602,0.03766340276402484,0.9985794501303025,0.5,0.15274770186065614,0.002239217046639016
17.88,CIRCLE,0.1783205669906954,0.9455237759223395,0.50127712132164,0.035156803852710736,0.998762467656561,0.5,0.152747675636229,0.002240505500934251
17.888,CIRCLE,0.1760788194455376,0.9464143824656195,0.5012763659752442,0.032649316664875735,0.9989328833834433,0.5,0.15274764913629968,0.0022418011020407967
17.896,CIRCLE,0.17383262336950708,0.9472937082015349,0.5012756110841338,0.03014100455502997,0.9990906930052028,0.5,0.15274762235764708,0.00224311037759954
17.904,CIRCLE,0.1715820355327117,0.9481617309093736,0.5012748566527946,0.027631930898522155,0.9992358925346005,0.5,0.1527475952982537,0.0022444313102220194
17.912,CIRCLE,0.16932711281483412,0.9490184286505919,0.5012741026646351,0.02512215908994369,0.9993684783030058,0.5,0.1527475679557562,0.002245757854302776
17.92,CIRCLE,0.16706791220234365,0.9498637797694155,0.5012733491216406,0.022611752541524234,0.9994884469604887,0.5,0.1527475403263912,0.0022470932388640842
17.928,CIRCLE,0.1648044907909092,0.950697762900848,0.5012725960231986,0.020100774681534875,0.9995957954759049,0.5,0.15274751240597012,0.002248437458105462
17.936,CIRCLE,0.16253690578498795,0.951520356969909,0.5012718433687658,0.017589288952677532,0.9996905211369725,0.5,0.15274748419140266,0.002249790505847863
17.944,CIRCLE,0.16026521449736053,0.9523315411907918,0.501271091165461,0.01507735881048734,0.9997726215503404,0.5,0.15274745568219586,0.002251157423064601
17.952,CIRCLE,0.15798947434509153,0.9531312950651599,0.501270339410784,0.012565047721726712,0.9998420946416485,0.5,0.15274742687858248,0.0022525307087420125
17.96,CIRCLE,0.15570974284391645,0.9539195983787613,0.5012695881005588,0.010052419162787101,0.9998989386555803,0.5,0.1527473977787703,0.002253913075322372
17.968,CIRCLE,0.1534260776095405,0.9546964312084303,0.5012688372341855,0.007539536618077212,0.9999431521559072,0.5,0.1527473683795554,0.002255304512963714
17.976,CIRCLE,0.15113853635732089,0.9554617739214248,0.5012680868110762,0.005026463578424316,0.9999747340255253,0.5,0.1527473386777499,0.0022567050114624372
17.984,CIRCLE,0.14884717690189117,0.9562156071746765,0.501267336832395,0.002513263539467425,0.9999936834664827,0.5,0.15274730867160732,0.002258115151766014
17.992,CIRCLE,0.1465520571544279,0.9569579119165335,0.5012665872975638,5.832876734025163e-14,1.0,0.5,0.15274727835920626,0.002259534921448283
18.0,CIRCLE,0.14425323512229746,0.9576886693860313,0.5012658382046168,-0.0025132635393507693,0.9999936834664831,0.5,0.1527472477398761,0.0022609637201283558
18.008,CIRCLE,0.14195076890617833,0.9584078611146107,0.5012650895529854,-0.005026463578306333,0.9999747340255265,0.5,0.15274721681250872,0.0022624015346902116
18.016000000000002,CIRCLE,0.13964471669972808,0.9591154689254027,0.5012643413427755,-0.0075395366179605685,0.999943152155909,0.5,0.15274718557697606,0.002263848529829495
18.024,CIRCLE,0.13733513678647574,0.9598114749352922,0.5012635935734249,-0.010052419162670467,0.9998989386555827,0.5,0.15274715403210337,0.0022653046906706037
18.032,CIRCLE,0.13502208753948564,0.9604958615541807,0.50126284624407,-0.01256504772161009,0.9998420946416515,0.5,0.15274712217710262,0.0022667698272137472
18.04,CIRCLE,0.13270562741875216,0.9611686114865009,0.5012620993541569,-0.015077358810369404,0.999772621550344,0.5,0.1527470900102054,0.002268243923458362
18.048000000000002,CIRCLE,0.13038581497087637,0.9618297077304847,0.5012613529032915,-0.017589288952560945,0.9996905211369767,0.5,0.1527470575300877,0.002269726962980763
18.056,CIRCLE,0.12806270882653317,0.9624791335796355,0.501260606890925,-0.020100774681418312,0.9995957954759096,0.5,0.15274702473458127,0.0022712189284504465
18.064,CIRCLE,0.12573636770015256,0.9631168726219889,0.5012598613164482,-0.0226117525414077,0.9994884469604939,0.5,0.152746991622102,0.002272719719398328
18.072,CIRCLE,0.12340685038738201,0.9637429087415817,0.5012591161793161,-0.02512215908982585,0.9993684783030117,0.5,0.15274695819036727,0.0022742293172964105
18.080000000000002,CIRCLE,0.12107421576477596,0.9643572261177125,0.5012583714790271,-0.027631930898405675,0.999235892534607,0.5,0.15274692443781615,0.002275747655734568
18.088,CIRCLE,0.11873852278714554,0.9649598092265321,0.5012576272150404,-0.030141004554913524,0.9990906930052099,0.5,0.15274689036219535,0.0022772747149195603
18.096,CIRCLE,0.11639983048725486,0.9655506428403,0.5012568833868106,-0.03264931666475933,0.998932883383451,0.5,0.1527468559619857,0.0022788104076842514
18.104,CIRCLE,0.11405819797315042,0.966129712028997,0.5012561399938041,-0.03515680385259304,0.9987624676565693,0.5,0.15274682123497532,0.002280354712999368
18.112000000000002,CIRCLE,0.11171368442786518,0.966697002159578,0.501255397035508,-0.03766340276390852,0.9985794501303114,0.5,0.15274678617968382,0.00228190755128539
18.12,CIRCLE,0.1093663491067708,0.9672524988975679,0.5012546545113999,-0.040169050066638956,0.9983838354288227,0.5,0.15274675079397337,0.002283468900280099
18.128,CIRCLE,0.10701625133728905,0.967796188206311,0.5012539124209696,-0.04267368245276501,0.9981756284945307,0.5,0.15274671507648124,0.0022850386756127846
18.136,CIRCLE,0.10466345051628514,0.9683280563485289,0.5012531707637113,-0.04517723663990902,0.9979548345880194,0.5,0.15274667902529146,0.0022866168538292066
18.144000000000002,CIRCLE,0.1023080061097158,0.9688480898854293,0.5012524295469207,-0.04767964937293657,0.9977214592878971,0.5,0.15274664263938564,0.0022882004059099894
18.152,CIRCLE,0.09994997764920327,0.9693562756775166,0.5012516887736391,-0.05018085742554939,0.9974755084906559,0.5,0.15274660591655767,0.002289797482907647
18.16,CIRCLE,0.09758942473122786,0.9698526008863021,0.501250948453398,-0.05268079760189083,0.9972169884105214,0.5,0.15274656885394722,0.002291394145909221
18.168,CIRCLE,0.09522640701588028,0.9703370529695055,0.501250208576053,-0.055179406738137225,0.9969459055792966,0.5,0.15274653144900355,0.00229300321768429
18.176000000000002,CIRCLE,0.09286098422686645,0.9708096196929599,0.5012494691415048,-0.05767662170409648,0.9966622668461965,0.5,0.15274649369917206,0.002294618230084565
18.184,CIRCLE,0.0904932161476325,0.9712702891204726,0.5012487301512778,-0.06017237940479782,0.9963660793776756,0.5,0.15274645560140748,0.002296246527529348
18.192,CIRCLE,0.08812316262081517,0.9717190496153671,0.5012479916139531,-0.0626666167820939,0.9960573506572463,0.5,0.15274641715291265,0.002297876793279419
18.2,CIRCLE,0.08575088354711935,0.9721558898365514,0.5012472535184551,-0.06515927081624874,0.9957360884852895,0.5,0.15274637835192306,0.0022995162911993144
18.208000000000002,CIRCLE,0.08337643888430234,0.9725807987496345,0.5012465158672923,-0.06765027852753266,0.9954023009788582,0.5,0.15274633919672226,0.0023011637820546773
18.216,CIRCLE,0.08099988864391192,0.9729937656232791,0.5012457786600077,-0.0701395769778082,0.9950559965714728,0.5,0.15274629968447775,0.002302819236382136
18.224,CIRCLE,0.07862129289101973,0.9733947800283793,0.5012450418961553,-0.07262710327212833,0.9946971840129066,0.5,0.15274625981269646,0.0023044826244482948
18.232,CIRCLE,0.0762407117440639,0.9737838318374822,0.5012443055649607,-0.07511279456032018,0.9943258723689659,0.5,0.15274621958060808,0.002306150005613177
18.240000000000002,CIRCLE,0.0738582053730763,0.974160911224662,0.5012435696790206,-0.07759658803857528,0.9939420710212602,0.5,0.15274617898923426,0.0023078261250086747
18.248,CIRCLE,0.07147383399588067,0.9745260086692957,0.5012428342364553,-0.08007842095103286,0.9935457896669662,0.5,0.15274613803835738,0.0023095114338338146
18.256,CIRCLE,0.0690876578753679,0.9748791149526151,0.5012420992368293,-0.0825582305913707,0.9931370383185815,0.5,0.15274609672596598,0.00231120589822855
18.264,CIRCLE,0.06669973731935197,0.9752202211571165,0.5012413646714551,-0.08503595430438597,0.9927158273036725,0.5,0.15274605504960528,0.002312906375488156
18.272000000000002,CIRCLE,0.064310132679139,0.975549318666289,0.5012406305507056,-0.08751152948758001,0.9922821672646129,0.5,0.15274601300670054,0.002314609454445427
18.28,CIRCLE,0.061918904348351816,0.9758663991680372,0.5012398968721081,-0.08998489359273662,0.9918360691583161,0.5,0.15274597059424808,0.002316327936532717
18.288,CIRCLE,0.05952611276286347,0.976171454657869,0.5012391636311251,-0.09245598412750757,0.991377544255956,0.5,0.15274592781008559,0.0023180442338800408
18.296,CIRCLE,0.05713181839712614,0.9764644774283664,0.5012384308295751,-0.09492473865698811,0.9909066041426846,0.5,0.15274588465193806,0.0023197723249856303
18.304000000000002,CIRCLE,0.054736081764750075,0.9767454600843327,0.5012376984673196,-0.09739109480529622,0.9904232607173378,0.5,0.15274584111793774,0.002321505082381704
18.312,CIRCLE,0.05233896341564144,0.9770143955325117,0.5012369665388937,-0.099854990257145,0.9899275261921354,0.5,0.15274579720635562,0.0023232475325899037
18.32,CIRCLE,0.0499405239340791,0.9772712769842107,0.5012362350562767,-0.10231636275942257,0.9894194130923724,0.5,0.15274575291514522,0.0023249949382851843
18.328,CIRCLE,0.04754082393732384,0.9775160979538181,0.5012355040053829,-0.10477515012276124,0.9888989342561025,0.5,0.15274570824185021,0.0023267507260220357
18.336000000000002,CIRCLE,0.04513992407406336,0.9777488522609419,0.501234773393941,-0.10723129022311075,0.9883661028338135,0.5,0.15274566318379348,0.0023285117583284423
18.344,CIRCLE,0.04273788502344759,0.9779695340292007,0.5012340432208491,-0.10968472100330426,0.9878209322880962,0.5,0.1527456177384893,0.002330277703420413
18.352,CIRCLE,0.040334767492688516,0.9781781376876545,0.5012333134760353,-0.11213538047463165,0.9872634363933022,0.5,0.1527455719026824,0.0023320521554054466
18.36,CIRCLE,0.03793063221785597,0.9783746579706508,0.5012325841692024,-0.11458320671840215,0.9866936292351975,0.5,0.15274552567492578,0.0023338312278801494
18.368000000000002,CIRCLE,0.035525539962648345,0.9785590899163119,0.5012318553026237,-0.11702813788751056,0.9861115252106062,0.5,0.15274547905575198,0.0023356157950937505
18.376,CIRCLE,0.0331195515139738,0.978731428869859,0.5012311268758293,-0.11947011220799646,0.9855171390270469,0.5,0.1527454320446465,0.0023374058193772504
18.384,CIRCLE,0.03071272768170208,0.978891670482572,0.5012303988989051,-0.12190906798061013,0.9849104857023603,0.5,0.15274538464153006,0.002339205177387673
18.392,CIRCLE,0.028305129297355024,0.9790398107126961,0.5012296713705485,-0.12434494358236806,0.9842915805643309,0.5,0.1527453368467884,0.0023410075817169827
18.400000000000002,CIRCLE,0.025896817211941134,0.9791758458247649,0.501228944277424,-0.12677767746811153,0.9836604392502983,0.5,0.15274528866069415,0.0023428179691341866
18.408,CIRCLE,0.02348785229414403,0.9792997723928983,0.5012282176242255,-0.12920720817205836,0.9830170777067643,0.5,0.15274524008330392,0.002344634321183762
18.416,CIRCLE,0.021078295427568606,0.9794115872976815,0.5012274914105924,-0.1316334743093609,0.9823615121889876,0.5,0.15274519111321444,0.002346456597177365
18.424,CIRCLE,0.01866820751056812,0.979511287725279,0.5012267656361533,-0.13405641457765363,0.9816937592605745,0.5,0.15274514174898843,0.002348284756242067
18.432000000000002,CIRCLE,0.016257649456162072,0.9795988711668444,0.5012260402901383,-0.13647596775860377,0.9810138357930596,0.5,0.15274509199052222,0.0023501148262797854
18.44,CIRCLE,0.013846682190486643,0.9796743354185234,0.501225315376027,-0.13889207271945456,0.9803217589654811,0.5,0.15274504183920004,0.0023519548646945758
18.448,CIRCLE,0.011435366649704003,0.9797376785862485,0.5012245908928759,-0.14130466841457492,0.9796175462639446,0.5,0.15274499129616964,0.0023537954195065533
18.456,CIRCLE,0.00902376377751379,0.9797888990793272,0.5012238668448478,-0.14371369388699864,0.9789012154811825,0.5,0.15274494036151595,0.0023556450352875177
18.464,CIRCLE,0.006611934524642078,0.979827995617807,0.5012231432251644,-0.14611908826996517,0.9781727847161046,0.5,0.15274488903516614,0.00235749568525633
18.472,CIRCLE,0.004199939846595505,0.979854967225867,0.5012224200382356,-0.1485207907884583,0.97743227237334,0.5,0.15274483731636562,0.002359360529070632
18.48,CIRCLE,0.0017878407030570073,0.9798698132356836,0.50122169728062,-0.1509187407607386,0.9766796971627729,0.5,0.15274478520448076,0.002361219584027489
18.488,CIRCLE,-0.0006243019439917613,0.9798725332777793,0.5012209749577552,-0.15331287759988138,0.97591507809907,0.5,0.1527447326985886,0.0023630905625567134
18.496,CIRCLE,-0.0030364271308028156,0.9798631272989747,0.5012202530695086,-0.1557031408153043,0.9751384345011983,0.5,0.1527446797987169,0.0023649633450142766
18.504,CIRCLE,-0.005448473893478417,0.9798415955486911,0.5012195316087028,-0.15808947001429735,0.9743497859919392,0.5,0.1527446265055112,0.002366844896396031
18.512,CIRCLE,-0.007860381270714452,0.979807938583408,0.5012188105819665,-0.16047180490354535,0.9735491524973923,0.5,0.15274457281928086,0.002368725647664172
18.52,CIRCLE,-0.010272088304640036,0.9797621572631744,0.5012180899893774,-0.16285008529065645,0.9727365542464703,0.5,0.1527445187403966,0.0023706145895264373
18.528,CIRCLE,-0.01268353404219731,0.979704252760064,0.5012173698234444,-0.1652242510856795,0.9719120117703897,0.5,0.15274446426979899,0.0023725036937128794
18.536,CIRCLE,-0.015094657537682538,0.9796342265511312,0.5012166500908508,-0.16759424230262415,0.9710755459021507,0.5,0.15274440940792042,0.002374405385138459
18.544,CIRCLE,-0.01750539785356723,0.979552080422207,0.5012159307846872,-0.1699599990609728,0.970227177776013,0.5,0.15274435415537693,0.00237630151049639
18.552,CIRCLE,-0.019915694062458182,0.9794578164581128,0.5012152119122978,-0.1723214615871989,0.9693669288269589,0.5,0.15274429851219218,0.0023782090945186265
18.56,CIRCLE,-0.022325485248093135,0.9793514370583591,0.501214493473537,-0.1746785702162737,0.9684948207901538,0.5,0.1527442424790996,0.0023801176452397294
18.568,CIRCLE,-0.024734710506300224,0.9792329449235677,0.5012137754681576,-0.17703126539317532,0.967610875700396,0.5,0.15274418605736279,0.002382031706323902
18.576,CIRCLE,-0.0271433089470144,0.9791023430618712,0.5012130579039467,-0.17937948767439038,0.966715115891561,0.5,0.15274412924875627,0.002383948153304578
18.584,CIRCLE,-0.02955121969526621,0.9789596347874275,0.5012123407809067,-0.18172317772942073,0.9658075639960362,0.5,0.15274407205590435,0.002385866995151045
18.592,CIRCLE,-0.03195838189369659,0.9788048237220756,0.5012116240904813,-0.1840622763422792,0.9648882429441494,0.5,0.15274401448145436,0.0023877912457719707
18.6,CIRCLE,-0.03436473470367952,0.9786379137931961,0.5012109078323633,-0.1863967244129875,0.9639571759635891,0.5,0.15274395652847042,0.0023897208557669062
18.608,CIRCLE,-0.0367702173053495,0.9784589092330465,0.5012101920075948,-0.18872646295906603,0.9630143865788192,0.5,0.15274389820180978,0.002391648254154245
18.616,CIRCLE,-0.03917476890006441,0.978267814577831,0.5012094766164756,-0.19105143311702916,0.9620598986104825,0.5,0.152743839507075,0.0023935859336848826
18.624,CIRCLE,-0.04157832871469126,0.9780646346751863,0.5012087616567154,-0.19337157614386918,0.9610937361747998,0.5,0.15274378044866116,0.0023955247048532925
18.632,CIRCLE,-0.04398083600293007,0.9778493746724545,0.5012080471280499,-0.19568683341854215,0.9601159236829603,0.5,0.1527437210288072,0.002397467753786719
18.64,CIRCLE,-0.04638223004675127,0.977622040022979,0.5012073330301279,-0.1979971464434457,0.9591264858405064,0.5,0.15274366124831193,0.0023994150306755847
18.648,CIRCLE,-0.04878245015642576,0.9773826364853002,0.5012066193625987,-0.20030245684590203,0.9581254476467069,0.5,0.15274360110796908,0.0024013664856639442
18.656,CIRCLE,-0.05118143567052067,0.9771311701225742,0.5012059061138686,-0.20260270637962946,0.9571128343939269,0.5,0.15274354060994366,0.002403317812535191
18.664,CIRCLE,-0.053579125957402635,0.9768676473024582,0.5012051932955144,-0.20489783692621566,0.9560886716669883,0.5,0.15274347975806424,0.0024052732957494825
18.672,CIRCLE,-0.05597546041957985,0.9765920747013431,0.5012044809097331,-0.20718779049658295,0.9550529853425247,0.5,0.15274341855538529,0.0024072318757653952
18.68,CIRCLE,-0.058370378496248224,0.976304459300882,0.5012037689562474,-0.2094725092324582,0.9540058015883253,0.5,0.1527433570028644,0.0024091935028137676
18.688,CIRCLE,-0.06076381966330615,0.9760048083871372,0.5012030574347794,-0.2117519354078315,0.9529471468626749,0.5,0.1527432951008005,0.002411158127105913
18.696,CIRCLE,-0.06315572343336193,0.9756931295497772,0.5012023463450426,-0.21402601143041633,0.9518770479136855,0.5,0.15274323285024627,0.002413125698803505
18.704,CIRCLE,-0.06554602935573048,0.9753694306813641,0.5012016356822799,-0.21629467984310144,0.9507955317786216,0.5,0.15274317025438047,0.002415088373766862
18.712,CIRCLE,-0.06793467701897843,0.9750337199768202,0.5012009254508868,-0.21855788332540732,0.9497026257832142,0.5,0.15274310731752502,0.0024170605610816976
18.72,CIRCLE,-0.07032160605570845,0.9746860059419054,0.5012002156481357,-0.22081556469493138,0.9485983575409729,0.5,0.15274304404324554,0.0024190326865712744
18.728,CIRCLE,-0.07270675614309136,0.9743262973795247,0.5011995062661219,-0.22306766690879426,0.9474827549524867,0.5,0.15274298043316534,0.002421010771604778
18.736,CIRCLE,-0.07509006700575119,0.9739546033944401,0.5011987973055784,-0.22531413306507786,0.9463558462047208,0.5,0.15274291648647373,0.002422987947423869
18.744,CIRCLE,-0.07747147841586062,0.9735709333903132,0.5011980887731714,-0.22755490640426793,0.9452176597703026,0.5,0.15274285220078557,0.0024249667160081484
18.752,CIRCLE,-0.07985093019373378,0.9731752970772771,0.5011973806685558,-0.22978993031068484,0.9440682244068028,0.5,0.15274278757434262,0.0024269470270055545
18.76,CIRCLE,-0.08222836220780373,0.9727677044711456,0.5011966729833188,-0.23201914831391574,0.9429075691560094,0.5,0.15274272260750837,0.002428931848531025
18.768,CIRCLE,-0.08460371437563487,0.9723481658910473,0.5011959657293306,-0.23424250409023809,0.941735723343194,0.5,0.15274265730313386,0.00243091647598582
18.776,CIRCLE,-0.08697692666735339,0.9719166919557375,0.5011952589062022,-0.23645994146404753,0.9405527165763699,0.5,0.15274259166375012,0.0024329007193336937
18.784,CIRCLE,-0.08934793910909447,0.9714732935858227,0.5011945525220172,-0.23867140440927415,0.9393585787455443,0.5,0.1527425256903074,0.0024348876399454384
18.792,CIRCLE,-0.09171669178395613,0.9710179820043109,0.5011938465764861,-0.24087683705079943,0.9381533400219637,0.5,0.15274245938278538,0.0024368771855182696
18.8,CIRCLE,-0.09408312483196571,0.9705507687356407,0.5011931410693282,-0.243076183665865,0.9369370308573521,0.5,0.1527423927416465,0.0024388693037532654
18.808,CIRCLE,-0.09644717845002125,0.9700716656051039,0.5011924359889929,-0.24526938868548523,0.9357096819831393,0.5,0.15274232576922694,0.002440859945410176
18.816,CIRCLE,-0.09880879289512981,0.9695806847368994,0.5011917313385678,-0.24745639669584804,0.9344713244096865,0.5,0.15274225846786704,0.002442850222506128
18.824,CIRCLE,-0.10116790848774337,0.9690778385570887,0.5011910271177882,-0.2496371524397166,0.9332219894255019,0.5,0.15274219083872326,0.002444840085941118
18.832,CIRCLE,-0.10352446561169276,0.9685631397928838,0.5011903233184078,-0.25181160081782233,0.9319617085964516,0.5,0.15274212288321273,0.0024468324574865416
18.84,CIRCLE,-0.10587840471510969,0.9680366014705486,0.5011896199401901,-0.25397968689026185,0.9306905137649593,0.5,0.15274205460330734,0.0024488272843768365
18.848,CIRCLE,-0.10822966631036048,0.9674982369145372,0.5011889169940634,-0.2561413558778817,0.9294084370492042,0.5,0.15274198600292807,0.0024508202785976678
18.856,CIRCLE,-0.11057819097532459,0.9669480597457033,0.5011882144834936,-0.2582965531636643,0.928115510842308,0.5,0.15274191708761178,0.0024528126308889274
18.864,CIRCLE,-0.11292391935901057,0.9663860838863372,0.5011875123959901,-0.2604452242941044,0.9268117678115186,0.5,0.1527418478617867,0.002454808827145386
18.872,CIRCLE,-0.11526679218297226,0.9658123235570925,0.5011868107420576,-0.26258731498059,0.9254972408973816,0.5,0.15274177832852476,0.002456804740834759
18.88,CIRCLE,-0.11760675024251005,0.9652267932757214,0.5011861095127439,-0.26472277110077064,0.9241719633129104,0.5,0.15274170848926533,0.0024587970359315012
18.888,CIRCLE,-0.1199437344076469,0.9646295078567847,0.5011854087071199,-0.2668515386999264,0.9228359685427455,0.5,0.1527416383445449,0.0024607951876760414
18.896,CIRCLE,-0.12227768562485397,0.9640204824160366,0.5011847083229086,-0.26897356399232825,0.921489290342311,0.5,0.15274156789501447,0.0024627916311824516
18.904,CIRCLE,-0.12460854491623079,0.9633997323610552,0.5011840083632917,-0.2710887933626014,0.9201319627369582,0.5,0.15274149714127702,0.002464787482406273
18.912,CIRCLE,-0.1269362533836929,0.962767273394901,0.5011833088279649,-0.27319717336707694,0.9187640200211085,0.5,0.15274142608227276,0.0024667826918616247
18.92,CIRCLE,-0.12926075220886651,0.9621231215153714,0.5011826097106519,-0.27529865073514387,0.9173854967573853,0.5,0.15274135471667577,0.002468780754399709
18.928,CIRCLE,-0.13158198265449614,0.961467293017184,0.5011819110204597,-0.27739317237059163,0.9159964277757433,0.5,0.1527412830438737,0.002470778057244573
18.936,CIRCLE,-0.13389988606548667,0.9607998044907305,0.501181212746766,-0.27948068535295667,0.9145968481725851,0.5,0.15274121106390443,0.0024727706370474096
18.944,CIRCLE,-0.1362144038700299,0.9601206728216679,0.50118051490277,-0.281561136938856,0.9131867933098767,0.5,0.15274113877814183,0.002474763370001402
18.952,CIRCLE,-0.13852547758347197,0.9594299151952147,0.5011798174672619,-0.2836344745633217,0.9117662988142526,0.5,0.15274106618806094,0.002476757735554347
18.96,CIRCLE,-0.14083304880863512,0.9587275490913474,0.501179120456769,-0.2857006458411259,0.9103354005761184,0.5,0.1527409932956431,0.0024787493951450566
18.968,CIRCLE,-0.14313705923522904,0.9580135922811074,0.5011784238748852,-0.28775959856810884,0.9088941347487401,0.5,0.15274092010392398,0.002480739618135039
18.976,CIRCLE,-0.14543745064297695,0.9572880628290692,0.5011777277111881,-0.28981128072249485,0.9074425377473334,0.5,0.15274084661630352,0.002482732154290378
18.984,CIRCLE,-0.14773416490268898,0.9565509790906038,0.5011770319761845,-0.2918556404662083,0.9059806462481423,0.5,0.15274077283645124,0.0024847228943515134
18.992,CIRCLE,-0.15002714397746034,0.9558023597104951,0.5011763366656531,-0.2938926261461804,0.9045084971875146,0.5,0.1527406987679305,0.0024867102000088177
19.0,CIRCLE,-0.15231632992593586,0.9550422236251159,0.5011756417835662,-0.29592218629565853,0.9030261277609648,0.5,0.15274062441352412,0.002488695529914511
19.008,CIRCLE,-0.15460166490476618,0.954270590064625,0.5011749473209859,-0.29794426963550386,0.9015335754222381,0.5,0.15274054977507093,0.002490682074902157
19.016000000000002,CIRCLE,-0.1568830911694985,0.9534874785508897,0.5011742532669775,-0.2999588250754883,0.9000308778823611,0.5,0.15274047485361283,0.0024926657889333924
19.024,CIRCLE,-0.15916055107306504,0.952692908894882,0.5011735596341389,-0.30196580171558274,0.8985180731086927,0.5,0.15274039965165653,0.0024946513640408457
19.032,CIRCLE,-0.1614339870672468,0.9518869011982445,0.5011728664182955,-0.30396514884724696,0.8969951993239604,0.5,0.15274032417356925,0.0024966333935184243
19.04,CIRCLE,-0.16370334170449832,0.9510694758477892,0.5011721736222529,-0.3059568159547082,0.8954622950052973,0.5,0.1527402484236078,0.0024986128377077975
19.048000000000002,CIRCLE,-0.1659685576421586,0.9502406535192586,0.5011714812457742,-0.30794075271623905,0.8939193988832692,0.5,0.1527401724047538,0.0025005896496426098
19.056,CIRCLE,-0.16822957764225194,0.9494004551762915,0.501170789298121,-0.30991690900542596,0.8923665499408971,0.5,0.15274009612016884,0.0025025673068895964
19.064,CIRCLE,-0.17048634457251227,0.9485489020712017,0.5011700977774304,-0.31188523489243986,0.8908037874126703,0.5,0.1527400195739237,0.002504546298370257
19.072,CIRCLE,-0.17273880140851772,0.9476860157418316,0.5011694066725556,-0.31384568064529494,0.8892311507835563,0.5,0.15273994276939631,0.0025065164598522755
19.080000000000002,CIRCLE,-0.17498689123453176,0.946811818009558,0.5011687159797414,-0.31579819673110676,0.8876486797880023,0.5,0.15273986570936215,0.0025084885268019824
19.088,CIRCLE,-0.17723055724869222,0.9459263309877396,0.5011680257079961,-0.3177427338173407,0.886056414408934,0.5,0.15273978839603886,0.0025104529592607544
19.096,CIRCLE,-0.17946974275989117,0.9450295770741849,0.5011673358570212,-0.3196792427730627,0.8844543948767412,0.5,0.15273971083251447,0.002512417256215262
19.104,CIRCLE,-0.18170439119120324,0.9441215789564344,0.501166646419104,-0.3216076746701779,0.8828426616682642,0.5,0.15273963302324636,0.0025143807546155993
19.112000000000002,CIRCLE,-0.18393444608011492,0.943202359603462,0.5011659573941151,-0.3235279807846681,0.8812212555057698,0.5,0.15273955497226363,0.002516343406384763
19.12,CIRCLE,-0.1861598510783407,0.9422719422650432,0.5011652687825056,-0.32544011259782024,0.8795902173559247,0.5,0.1527394766844921,0.0025182973462180443
19.128,CIRCLE,-0.18838054995412698,0.941330350470862,0.5011645805873791,-0.3273440217974562,0.8779495884287567,0.5,0.15273939816476373,0.002520252236905133
19.136,CIRCLE,-0.190596486597819,0.9403776080384516,0.501163892804419,-0.32923966027915086,0.8762994101766163,0.5,0.15273931941747237,0.002522203964359104
19.144000000000002,CIRCLE,-0.19280760502068456,0.9394137390644377,0.5011632054334414,-0.331126980147449,0.874639724293128,0.5,0.15273924044571133,0.002524152484195196
19.152,CIRCLE,-0.19501384935470464,0.9384387679238395,0.5011625184750103,-0.3330059337170723,0.8729705727121388,0.5,0.15273916125261683,0.002526097953976762
19.16,CIRCLE,-0.19721516385554602,0.9374527192725068,0.5011618319288916,-0.3348764735141288,0.871291997606656,0.5,0.15273908184120197,0.0025280403290544313
19.168,CIRCLE,-0.1994114929023336,0.9364556180463414,0.5011611457944649,-0.33673855227730903,0.869604041387783,0.5,0.15273900221577047,0.002529979345492675
19.176000000000002,CIRCLE,-0.20160278099981432,0.935447489462903,0.5011604600708572,-0.3385921229590821,0.8679067467036474,0.5,0.1527389223822179,0.0025319151279829207
19.184,CIRCLE,-0.20378897278092795,0.9344283590177973,0.5011597747578722,-0.3404371387268813,0.8662001564383257,0.5,0.15273884234570856,0.002533847632834364
19.192,CIRCLE,-0.20597001300657045,0.9333982524839232,0.5011590898553339,-0.3422735529642915,0.8644843137107554,0.5,0.1527387621120805,0.0025357761274546
19.2,CIRCLE,-0.20814584657003757,0.9323571959113333,0.5011584053630337,-0.3441013192722244,0.862759261873649,0.5,0.15273868168533478,0.002537700569601574
19.208000000000002,CIRCLE,-0.21031641849676957,0.9313052156264444,0.5011577212820513,-0.3459203914700921,0.8610250445123969,0.5,0.15273860106906934,0.002539621333248889
19.216,CIRCLE,-0.2124816739463357,0.9302423382336679,0.5011570376039316,-0.3477307235969713,0.8592817054439688,0.5,0.1527385202669305,0.0025415414501277615
19.224,CIRCLE,-0.21464155821307637,0.929168590613101,0.5011563543378904,-0.3495322699127683,0.8575292887158026,0.5,0.15273843928277003,0.0025434513229544305
19.232,CIRCLE,-0.21679601672707566,0.9280839999171568,0.5011556714860661,-0.35132498489937247,0.8557678386046941,0.5,0.15273835811955258,0.0025453600400730737
19.240000000000002,CIRCLE,-0.21894499505912862,0.9269885935777339,0.5011549890433802,-0.3531088232618072,0.8539973996156778,0.5,0.15273827677990437,0.0025472650482361676
19.248,CIRCLE,-0.22108843891885674,0.9258823992976923,0.5011543070097084,-0.35488373992937194,0.8522180164809033,0.5,0.15273819526544585,0.002549166306420943
19.256,CIRCLE,-0.22322629415449896,0.9247654450503683,0.5011536253762654,-0.356649690056785,0.8504297341585032,0.5,0.1527381135781304,0.0025510605115954465
19.264,CIRCLE,-0.2253585067535625,0.9236377590792976,0.5011529441550879,-0.3584066290253135,0.8486325978314582,0.5,0.15273803172123812,0.0025529520756925957
19.272000000000002,CIRCLE,-0.22748502284717775,0.922499369902563,0.5011522633459199,-0.36015451244390273,0.8468266529064552,0.5,0.1527379496989759,0.0025548409073173324
19.28,CIRCLE,-0.229605788712759,0.9213503063090112,0.5011515829390438,-0.36189329615029453,0.8450119450127419,0.5,0.15273786751392482,0.0025567234055765505
19.288,CIRCLE,-0.23172075077239745,0.9201905973557326,0.5011509029464991,-0.36362293621214725,0.8431885200009708,0.5,0.15273778516897227,0.002558604055271784
19.296,CIRCLE,-0.23382985559424363,0.9190202723695272,0.5011502233641686,-0.36534338892814333,0.8413564239420424,0.5,0.15273770266807593,0.0025604771319986228
19.304000000000002,CIRCLE,-0.2359330498937088,0.9178393609417856,0.5011495441946829,-0.3670546108290943,0.839515703125941,0.5,0.1527376200143274,0.0025623435218395723
19.312,CIRCLE,-0.23803028053801112,0.9166478929327042,0.501148865437861,-0.368756558679037,0.8376664040605668,0.5,0.1527375372096157,0.002564203189552221
19.32,CIRCLE,-0.2401214945458733,0.9154458984705387,0.5011481870905683,-0.37044918947632954,0.835808573470557,0.5,0.1527374542560983,0.0025660632614469235
19.328,CIRCLE,-0.24220663908952994,0.9142334079503569,0.5011475091535497,-0.37213246045473514,0.8339422582961087,0.5,0.1527373711554627,0.0025679141811183834
19.336000000000002,CIRCLE,-0.24428566149197126,0.9130104520277178,0.5011468316265885,-0.3738063290845043,0.8320675056917904,0.5,0.15273728790945582,0.0025697615955750834
19.344,CIRCLE,-0.2463585092322574,0.9117770616255273,0.5011461545009367,-0.3754707530734466,0.8301843630253543,0.5,0.15273720452039635,0.0025716028369450607
19.352,CIRCLE,-0.2484251299461626,0.9105332679300112,0.5011454777764426,-0.37712569036800286,0.8282928778765346,0.5,0.15273712099021658,0.0025734378710690737
19.36,CIRCLE,-0.25048547142583827,0.9092791023899255,0.5011448014643644,-0.3787710991543056,0.8263930980358487,0.5,0.15273703732187474,0.0025752709028538105
19.368000000000002,CIRCLE,-0.25253948162105955,0.9080145967177781,0.5011441255574567,-0.3804069378592365,0.8244850715033882,0.5,0.15273695352027522,0.002577096691565565
19.376,CIRCLE,-0.25458710864076883,0.906739782883969,0.5011434500585382,-0.3820331651514743,0.8225688464876085,0.5,0.15273686958952135,0.002578916217326412
19.384,CIRCLE,-0.25662830075690574,0.9054546931203743,0.5011427749674258,-0.38364973994254276,0.8206444714041072,0.5,0.15273678553308315,0.002580729447452569
19.392,CIRCLE,-0.2586630064041232,0.9041593599197704,0.5011421002726395,-0.3852566213878465,0.818711994874403,0.5,0.1527367013552283,0.0025825405522233937
19.400000000000002,CIRCLE,-0.26069117418058607,0.902853816032975,0.5011414259907035,-0.386853768887704,0.8167714657247065,0.5,0.15273661706061256,0.0025843431791595225
19.408,CIRCLE,-0.2627127528499326,0.9015380944669384,0.5011407521211975,-0.3884411420883714,0.8148229329846886,0.5,0.15273653265275816,0.0025861370999500513
19.416,CIRCLE,-0.264727691344969,0.9002122284879545,0.501140078653088,-0.39001870088306506,0.8128664458862379,0.5,0.15273644813441498,0.002587926324942913
19.424,CIRCLE,-0.2667359387684495,0.8988762516190499,0.501139405594083,-0.39158640541297296,0.81090205386222,0.5,0.1527363635072569,0.0025897137836157088
19.432000000000002,CIRCLE,-0.26873744439197134,0.8975301976389123,0.5011387329387574,-0.3931442160682629,0.8089298065452264,0.5,0.15273627877350177,0.002591488473699629
19.44,CIRCLE,-0.27073215765485903,0.8961741005772843,0.5011380606855613,-0.3946920934890808,0.8069497537663236,0.5,0.15273619393578913,0.0025932625377339514
19.448,CIRCLE,-0.27272002817147395,0.8948079947216528,0.501137388838465,-0.3962299985665489,0.8049619455537899,0.5,0.15273610899664888,0.002595026172804634
19.456,CIRCLE,-0.27470100572658884,0.8934319146086124,0.5011367174051395,-0.3977578924437512,0.8029664321318539,0.5,0.1527360239587648,0.0025967821325291384
19.464,CIRCLE,-0.2766750402809196,0.8920458950293108,0.5011360463723052,-0.3992757365167163,0.8009632639194255,0.5,0.15273593882502426,0.0025985352678798094
19.472,CIRCLE,-0.278642081972087,0.89064997102642,0.5011353757435792,-0.40078349243539274,0.7989524915288204,0.5,0.15273585359782924,0.002600280321516779
19.48,CIRCLE,-0.28060208111216006,0.8892441778893986,0.5011347055216668,-0.40228112210461636,0.7969341657644851,0.5,0.15273576827962218,0.0026020182406434693
19.488,CIRCLE,-0.2825549881911732,0.8878285511577866,0.50113403569698,-0.4037685876850757,0.7949083376217081,0.5,0.1527356828734551,0.002603752492931031
19.496,CIRCLE,-0.28450075387765256,0.8864031266187379,0.5011333662805311,-0.4052458515942659,0.7928750582853348,0.5,0.15273559738285658,0.002605478810446264
19.504,CIRCLE,-0.2864393290198485,0.884967940305599,0.5011326972689607,-0.4067128765074396,0.7908343791284727,0.5,0.1527355118112377,0.0026071958992377408
19.512,CIRCLE,-0.28837066464852007,0.8835230285001824,0.5011320286603039,-0.40816962535854756,0.7887863517111966,0.5,0.15273542616273153,0.002608911917385351
19.52,CIRCLE,-0.29029471197923257,0.8820684277318585,0.5011313604528227,-0.4096160613411785,0.786731027779241,0.5,0.15273534044141557,0.002610614486637993
19.528,CIRCLE,-0.29221142240928205,0.8806041747702963,0.5011306926508148,-0.411052147909487,0.784668459262696,0.5,0.15273525465078744,0.002612310925504236
19.536,CIRCLE,-0.29412074752654077,0.8791303066321937,0.5011300252518166,-0.41247784877911775,0.7825986982746935,0.5,0.1527351687924831,0.0026140004218336847
19.544,CIRCLE,-0.29602263910610094,0.8776468605775458,0.5011293582557058,-0.41389312792812055,0.7805217971100935,0.5,0.15273508286824025,0.002615682952617603
19.552,CIRCLE,-0.2979170491099673,0.8761538741091738,0.5011286916524712,-0.41529794959786304,0.7784378082441585,0.5,0.152734996881303,0.0026173621708673414
19.56,CIRCLE,-0.29980392968766406,0.8746513849703856,0.501128025446182,-0.4166922782939326,0.7763467843312308,0.5,0.15273491083616578,0.002619027387202342
19.568,CIRCLE,-0.30168323317643364,0.873139431141073,0.5011273596417478,-0.41807607878703407,0.7742487782034,0.5,0.15273482473730146,0.0026206884631062083
19.576,CIRCLE,-0.3035549121100444,0.8716180508436658,0.5011266942322701,-0.41944931611387754,0.7721438428691718,0.5,0.15273473858768874,0.0026223429683776703
19.584,CIRCLE,-0.30541891921335435,0.8700872825371946,0.501126029225373,-0.4208119555780651,0.7700320315121236,0.5,0.1527346523909156,0.0026239879430315833
19.592,CIRCLE,-0.3072752074030893,0.8685471649162108,0.5011253646129145,-0.42216396275096546,0.7679133974895647,0.5,0.1527345661511383,0.002625627655201056
19.6,CIRCLE,-0.3091237297922526,0.8669977369122764,0.501124700395564,-0.4235053034725846,0.765787994331185,0.5,0.15273447987242364,0.0026272553077942217
19.608,CIRCLE,-0.31096443968984927,0.8654390376912126,0.5011240365757259,-0.4248359438524269,0.7636558757377077,0.5,0.15273439355863797,0.0026288789379450245
19.616,CIRCLE,-0.31279729060598477,0.8638711066556928,0.501123373145768,-0.4261558502703548,0.7615170955795261,0.5,0.15273430721283687,0.002630495832569749
19.624,CIRCLE,-0.3146222362466043,0.8622939834395031,0.5011227101166541,-0.42746498937743566,0.7593717078953462,0.5,0.15273422083913987,0.0026321017664245007
19.632,CIRCLE,-0.31643923051473144,0.8607077079061719,0.5011220474813745,-0.4287633280967858,0.7572197668908205,0.5,0.15273413444207612,0.0026337020118407674
19.64,CIRCLE,-0.3182482275167929,0.8591123201522213,0.5011213852381534,-0.4300508336244041,0.7550613269371801,0.5,0.15273404802578422,0.002635289497945096
19.648,CIRCLE,-0.3200491815619578,0.8575078605041893,0.501120723391326,-0.4313274734300039,0.7528964425698577,0.5,0.15273396159407807,0.0026368734012599884
19.656,CIRCLE,-0.321842047166855,0.8558943695208016,0.5011200619318156,-0.4325932152578325,0.7507251684871118,0.5,0.15273387514992118,0.0026384504911864813
19.664,CIRCLE,-0.32362677904909526,0.8542718879860222,0.5011194008710198,-0.43384802712748777,0.7485475595486438,0.5,0.15273378869720752,0.002640016383334437
19.672,CIRCLE,-0.3254033321285771,0.8526404569076634,0.5011187402027216,-0.4350918773347238,0.7463636707742147,0.5,0.15273370223999966,0.0026415756925887266
19.68,CIRCLE,-0.3271716615341565,0.8510001175213306,0.5011180799267269,-0.43632473445225506,0.7441735573422501,0.5,0.15273361578212247,0.002643128404824345
19.688,CIRCLE,-0.3289317226032014,0.849350911289803,0.501117420046484,-0.4375465673305482,0.7419772745884499,0.5,0.15273352932863205,0.002644665758324348
19.696,CIRCLE,-0.3306834708816327,0.8476928798996783,0.5011167605610264,-0.4387573450986104,0.7397748780043875,0.5,0.1527334428849484,0.0026462001536693975
19.704,CIRCLE,-0.3324268621310067,0.8460260652640228,0.5011161014684169,-0.43995703716476736,0.737566423236112,0.5,0.15273335645529945,0.0026477242708528473
19.712,CIRCLE,-0.3341618523213431,0.844350509512816,0.5011154427720362,-0.441145613217439,0.7353519660827368,0.5,0.1527332700426779,0.002649239326030653
19.72,CIRCLE,-0.33588839763440914,0.8426662549961168,0.5011147844717111,-0.4423230432259033,0.7331315624950334,0.5,0.15273318365015584,0.0026507453112390453
19.728,CIRCLE,-0.33760645446331433,0.8409733442835396,0.5011141265567703,-0.44348929744105636,0.7309052685740155,0.5,0.15273309728225645,0.0026522474325094366
19.736,CIRCLE,-0.3393159794154191,0.839271820163817,0.5011134690290879,-0.4446443463961619,0.7286731405695255,0.5,0.15273301094429298,0.002653733669286949
19.744,CIRCLE,-0.34101692931216904,0.8375617256404017,0.5011128118950481,-0.4457881609075986,0.726435234878808,0.5,0.15273292464077107,0.0026552160817182235
19.752,CIRCLE,-0.3427092611982502,0.8358431039373915,0.5011121551446314,-0.4469207120755957,0.7241916080450883,0.5,0.1527328383747782,0.0026566911283178694
19.76,CIRCLE,-0.3443929323339544,0.8341159984915393,0.501111498787322,-0.44804197128496387,0.7219423167561418,0.5,0.1527327521492896,0.002658155151921493
19.768,CIRCLE,-0.34606790019614425,0.8323804529509219,0.5011108428245034,-0.44915191020581685,0.7196874178428656,0.5,0.1527326659667821,0.0026596086347048273
19.776,CIRCLE,-0.3477341224826052,0.8306365111791636,0.5011101872446632,-0.45025050079428947,0.7174269682778369,0.5,0.1527325798308596,0.002661055777261545
19.784,CIRCLE,-0.3493915571126194,0.8288842172529397,0.501109532051848,-0.4513377152932446,0.7151610251738777,0.5,0.15273249374581158,0.0026624890246720796
19.792,CIRCLE,-0.35104016222714685,0.8271236154591949,0.50110887724842,-0.4524135262329754,0.7128896457826093,0.5,0.1527324077158524,0.002663918852705641
19.8,CIRCLE,-0.35267989619441564,0.8253547502974667,0.5011082228326781,-0.4534779064318976,0.7106128874930095,0.5,0.15273232174467613,0.0026653376974549044
19.808,CIRCLE,-0.3543107176040683,0.8235776664715971,0.5011075688082222,-0.45453082899723884,0.7083308078299578,0.5,0.15273223583477868,0.002666746872723946
19.816,CIRCLE,-0.3559325852709653,0.8217924088934674,0.5011069151748564,-0.4555722673257163,0.7060434644527849,0.5,0.15273214998915063,0.0026681463789232514
19.824,CIRCLE,-0.3575454582346739,0.8199990226823854,0.5011062619283414,-0.4566021951042101,0.7037509151538144,0.5,0.15273206421268867,0.002669537662118364
19.832,CIRCLE,-0.3591492957615294,0.8181975531616593,0.5011056090684598,-0.45762058631042596,0.7014532178569058,0.5,0.15273197850982675,0.002670920722319564
19.84,CIRCLE,-0.36074405734422316,0.8163880458581524,0.5011049565892586,-0.45862741521355566,0.6991504306159864,0.5,0.1527318928859003,0.002672290566637375
19.848,CIRCLE,-0.36232970270478043,0.8145705464999907,0.5011043044956751,-0.4596226563749251,0.6968426116135872,0.5,0.15273180734508893,0.0026736565296933365
19.856,CIRCLE,-0.363906191800769,0.8127451010203159,0.5011036527862422,-0.460606284648638,0.6945298191593717,0.5,0.15273172189077666,0.0026750111575612884
19.864,CIRCLE,-0.3654734848202654,0.8109117555498566,0.5011030014646052,-0.46157827518220984,0.6922121116886659,0.5,0.15273163652471516,0.002676355808779007
19.872,CIRCLE,-0.3670315421852215,0.8090705564202604,0.5011023505305761,-0.4625386034171978,0.6898895477609766,0.5,0.15273155124893162,0.0026776904890418902
19.88,CIRCLE,-0.36858032455090634,0.8072215501634663,0.5011016999817596,-0.46348724508982,0.6875621860585154,0.5,0.15273146606718177,0.0026790159865516896
19.888,CIRCLE,-0.3701197928075354,0.8053647835088029,0.5011010498180138,-0.46442417623156906,0.6852300853847142,0.5,0.1527313809832637,0.002680332307351943
19.896,CIRCLE,-0.3716499080797397,0.8035003033824153,0.501100400040284,-0.46534937316981645,0.6828933046627429,0.5,0.1527312960024311,0.0026816389862188155
19.904,CIRCLE,-0.37317063172859005,0.8016281569041551,0.5010997506484138,-0.46626281252841273,0.6805519029340158,0.5,0.15273121112921628,0.002682936031258374
19.912,CIRCLE,-0.3746819253510425,0.7997483913869889,0.501099101641704,-0.4671644712282764,0.6782059393567029,0.5,0.152731126368818,0.00268422358415101
19.92,CIRCLE,-0.3761837507816827,0.7978610543338429,0.5010984530285448,-0.4680543264879784,0.6758554732042336,0.5,0.15273104172510518,0.0026855048579375413
19.928,CIRCLE,-0.3776760700933071,0.7959661934381879,0.5010978048193835,-0.4689323558243157,0.6735005638638024,0.5,0.15273095720217147,0.0026867758112096396
19.936,CIRCLE,-0.37915884559820023,0.7940638565828539,0.5010971569827457,-0.46979853705288166,0.6711412708348636,0.5,0.15273087280382008,0.0026880331033233775
19.944,CIRCLE,-0.38063203985043,0.7921540918392656,0.5010965095234865,-0.4706528482886253,0.6687776537276314,0.5,0.15273078853366548,0.002689285744565159
19.952,CIRCLE,-0.38209561565069583,0.7902369474700693,0.5010958624449868,-0.4714952679464047,0.6664097722615715,0.5,0.15273070439570424,0.0026905251173855865
19.96,CIRCLE,-0.38354953604155884,0.7883124719211163,0.5010952157539424,-0.4723257747415311,0.6640376862638961,0.5,0.15273062039227808,0.002691753715511784
19.968,CIRCLE,-0.3849937643116265,0.7863807138256937,0.5010945694408209,-0.47314434769030894,0.6616614556680473,0.5,0.15273053652644733,0.0026929750418377943
19.976,CIRCLE,-0.3864282639957053,0.7844417220022973,0.5010939235128931,-0.4739509661105643,0.6592811405121859,0.5,0.15273045280192563,0.0026941841257907438
19.984,CIRCLE,-0.38785299887246905,0.7824955454498909,0.5010932779648803,-0.47474560962216833,0.6568968009376729,0.5,0.15273036922188282,0.002695386367806075
19.992,CIRCLE,-0.3892679329680555,0.7805422333490615,0.5010926327928221,-0.47552825814755095,0.6545084971875532,0.5,0.15273028578942988,0.0026965735414492126
20.0,CIRCLE,-0.3906730305549125,0.7785818350586664,0.5010919880020571,-0.4762988919122098,0.652116289605029,0.5,0.15273020250710653,0.002697756469703717
20.008,CIRCLE,-0.3920682561576803,0.7766144001189107,0.501091343581491,-0.477057491445209,0.6497202386319376,0.5,0.15273011937746192,0.00269893119910774
20.016000000000002,CIRCLE,-0.39345357454593477,0.7746399782440796,0.5010906995362231,-0.4778040375796712,0.6473204048072234,0.5,0.1527300364028866,0.0027000891396556045
20.024,CIRCLE,-0.3948289507365778,0.7726586193215876,0.5010900558719472,-0.4785385114532612,0.644916848765411,0.5,0.1527299535847862,0.0027012423357431364
20.032,CIRCLE,-0.39619435000351677,0.7706703734184492,0.5010894125782729,-0.4792608945086639,0.642509631235069,0.5,0.15272987092506216,0.0027023871250518396
20.04,CIRCLE,-0.39754973787010534,0.76867529077373,0.5010887696677808,-0.47997116849405214,0.6400988130372782,0.5,0.15272978842583337,0.002703518689226242
20.048000000000002,CIRCLE,-0.3988950801106311,0.766673421797056,0.501088127135899,-0.48066931546354846,0.6376844550840934,0.5,0.1527297060885536,0.0027046412937188685
20.056,CIRCLE,-0.40023034275561503,0.764664817071967,0.5010874849821715,-0.4813553177776774,0.6352666183770083,0.5,0.1527296239156527,0.002705749029163051
20.064,CIRCLE,-0.4015554920911728,0.7626495273534589,0.5010868432099526,-0.48202915810381286,0.6328453640054081,0.5,0.15272954191041238,0.0027068537626763977
20.072,CIRCLE,-0.4028704946623649,0.7606276035679685,0.501086201820027,-0.48269081941661474,0.6304207531450308,0.5,0.15272946007672858,0.0027079434712063096
20.080000000000002,CIRCLE,-0.40417531726497297,0.7585990968051332,0.5010855608065627,-0.4833402849984598,0.6279928470564182,0.5,0.15272937841794704,0.0027090275154219006
20.088,CIRCLE,-0.4054699269536387,0.756564058322185,0.5010849201713214,-0.4839775384398632,0.625561707083373,0.5,0.15272929693790635,0.0027100989519282005
20.096,CIRCLE,-0.40675429103863575,0.7545225395383275,0.5010842799191628,-0.48460256363989423,0.6231273946514027,0.5,0.15272921563931022,0.002711159634324342
20.104,CIRCLE,-0.4080283770896891,0.7524745920386426,0.5010836400468062,-0.4852153448065824,0.6206899712661716,0.5,0.15272913452653286,0.0027122106756585305
20.112000000000002,CIRCLE,-0.40929215293763743,0.7504202675709634,0.5010830005540458,-0.48581586645731684,0.6182494985119451,0.5,0.15272905360374092,0.0027132521031614596
20.12,CIRCLE,-0.4105455866738309,0.748359618045386,0.5010823614421964,-0.48640411341923656,0.6158060380500363,0.5,0.15272897287632936,0.002714283328788704
20.128,CIRCLE,-0.411788646651852,0.74629269553149,0.5010817227110795,-0.48698007082961514,0.6133596516172444,0.5,0.15272889234919088,0.0027153043819639023
20.136,CIRCLE,-0.41302130148687816,0.7442195522578247,0.5010810843598029,-0.4875437241362355,0.6109104010242966,0.5,0.15272881202813732,0.0027163155051437046
20.144000000000002,CIRCLE,-0.4142435200574882,0.7421402406089214,0.5010804463881827,-0.48809505909775774,0.6084583481542862,0.5,0.15272873191795586,0.0027173167289231055
20.152,CIRCLE,-0.4154552715050368,0.7400548131248059,0.5010798087963534,-0.48863406178407853,0.6060035549611112,0.5,0.15272865202381042,0.0027183079099515096
20.16,CIRCLE,-0.4166565252352234,0.7379633224983139,0.5010791715840913,-0.4891607185766838,0.603546083467905,0.5,0.15272857234964868,0.002719289080396718
20.168,CIRCLE,-0.4178472509174556,0.7358658215746021,0.5010785347509796,-0.4896750161689925,0.6010859957654715,0.5,0.1527284928995849,0.0027202602850941717
20.176000000000002,CIRCLE,-0.4190274184863899,0.7337623633484693,0.5010778982967238,-0.4901769415666929,0.5986233540107158,0.5,0.15272841367631007,0.0027212215575395417
20.184,CIRCLE,-0.42019699814130407,0.7316530009638873,0.5010772622204478,-0.4906664820880702,0.5961582204250762,0.5,0.15272833468245414,0.002722172575396214
20.192,CIRCLE,-0.42135596034994816,0.7295377877136104,0.5010766265218216,-0.4911436253643281,0.5936906572929475,0.5,0.15272825591996858,0.002723113374241373
20.2,CIRCLE,-0.4225042758479183,0.7274167770387191,0.5010759911996208,-0.4916083593399007,0.5912207269601106,0.5,0.15272817739154543,0.00272404427623376
20.208000000000002,CIRCLE,-0.4236419156402988,0.7252900225257929,0.5010753562535154,-0.4920606722727572,0.5887484918321558,0.5,0.15272809909890508,0.002724965317959995
20.216,CIRCLE,-0.42476885100101847,0.7231575779064492,0.5010747216835935,-0.49250055273469806,0.5862740143729088,0.5,0.15272802104420163,0.002725876328400856
20.224,CIRCLE,-0.42588505347439504,0.7210194970546868,0.501074087489741,-0.49292798961164475,0.5837973571028481,0.5,0.15272794322847727,0.00272677738795819
20.232,CIRCLE,-0.4269904948768231,0.7188758339887544,0.501073453671615,-0.4933429721039198,0.5813185825975281,0.5,0.1527278656541318,0.0027276684959113306
20.240000000000002,CIRCLE,-0.42808514729839103,0.7167266428683882,0.5010728202289311,-0.4937454897265201,0.5788377534859972,0.5,0.15272778832331732,0.0027285496921482127
20.248,CIRCLE,-0.4291689831022155,0.7145719779943503,0.501072187161621,-0.49413553230938106,0.5763549324492179,0.5,0.15272771123938783,0.0027294208980192317
20.256,CIRCLE,-0.43024197492606275,0.7124118938056869,0.5010715544694496,-0.4945130899976347,0.5738701822184784,0.5,0.1527276344052952,0.00273028215493213
20.264,CIRCLE,-0.43130409568168054,0.7102464448792745,0.5010709221521069,-0.4948781532518579,0.5713835655738115,0.5,0.15272755782502273,0.002731133490503658
20.272000000000002,CIRCLE,-0.4323553185564142,0.7080756859270714,0.5010702902093821,-0.49523071284831355,0.5688951453424056,0.5,0.15272748150196777,0.0027319749475239845
20.28,CIRCLE,-0.4333956170125375,0.705899671795675,0.5010696586411079,-0.4955707598791835,0.5664049843970216,0.5,0.1527274054403609,0.0027328065075477603
20.288,CIRCLE,-0.43442496478883563,0.7037184574636179,0.5010690274470747,-0.4958982857527938,0.5639131456543991,0.5,0.1527273296436932,0.0027336282147829316
20.296,CIRCLE,-0.4354433358999317,0.7015320980409314,0.5010683966270431,-0.49621328219383204,0.5614196920736697,0.5,0.15272725411612348,0.002734440075770184
20.304000000000002,CIRCLE,-0.43645070463787994,0.6993406487664326,0.5010677661807829,-0.4965157412435559,0.5589246866547651,0.5,0.1527271788608801,0.002735242136098221
20.312,CIRCLE,-0.43744704557148895,0.6971441650072968,0.5010671361080534,-0.49680565525999426,0.5564281924368284,0.5,0.15272710388165633,0.0027360343928048525
20.32,CIRCLE,-0.4384323335479231,0.6949427022563418,0.5010665064085837,-0.49708301691814083,0.5539302724966164,0.5,0.15272702918100178,0.00273681689288206
20.328,CIRCLE,-0.4394065436920223,0.692736316131608,0.5010658770820698,-0.4973478192101388,0.5514309899469091,0.5,0.1527269547617071,0.0027375896397840763
20.336000000000002,CIRCLE,-0.44036965140791073,0.6905250623736393,0.5010652481281809,-0.49760005544545804,0.5489304079349137,0.5,0.15272688062517886,0.0027383526818989565
20.344,CIRCLE,-0.44132163237844374,0.6883089968451718,0.5010646195382586,-0.49783971925106385,0.5464285896406721,0.5,0.1527268067728024,0.0027391028904982127
20.352,CIRCLE,-0.44226246256753987,0.6860881755292041,0.5010639913135814,-0.4980668045715784,0.5439255982754602,0.5,0.15272673320491664,0.0027398495148154155
20.36,CIRCLE,-0.4431921182245948,0.683862654530821,0.5010633634535775,-0.4982813056694336,0.5414214970801932,0.5,0.15272665992236434,0.0027405839303891334
20.368000000000002,CIRCLE,-0.4441105758768048,0.6816324900726853,0.5010627359641252,-0.49848321712501603,0.5389163493238267,0.5,0.15272658692671737,0.0027413075181791932
20.376,CIRCLE,-0.4450178123367651,0.6793977384954257,0.5010621088448964,-0.49867253383680366,0.5364102183017616,0.5,0.15272651421930186,0.002742020332236494
20.384,CIRCLE,-0.44591380470185843,0.6771584562572984,0.5010614820838047,-0.498849251021495,0.5339031673342396,0.5,0.1527264418026637,0.0027427268249896
20.392,CIRCLE,-0.44679853035445927,0.6749146999319573,0.5010608556899482,-0.4990133642141302,0.5313952597647462,0.5,0.15272636968021472,0.0027434221579285783
20.400000000000002,CIRCLE,-0.4476719669594795,0.6726665262034738,0.5010602296657989,-0.49916486926820314,0.5288865589584096,0.5,0.1527262978537479,0.0027441076284921654
20.408,CIRCLE,-0.44853409246835063,0.6704139918665547,0.5010596040110494,-0.49930376235576684,0.5263771283004026,0.5,0.15272622632381042,0.0027447832923334424
20.416,CIRCLE,-0.4493848851182728,0.6681571538261262,0.5010589787253957,-0.49943003996753,0.5238670311943355,0.5,0.15272615509114396,0.0027454492053375096
20.424,CIRCLE,-0.4502243234315381,0.6658960690969704,0.5010583538067909,-0.4995436989129455,0.5213563310606585,0.5,0.15272608415808372,0.002746106027153272
20.432000000000002,CIRCLE,-0.4510523862174117,0.6636307948006487,0.5010577292549266,-0.49964473632029127,0.5188450913350569,0.5,0.15272601352658896,0.002746753814311659
20.44,CIRCLE,-0.4518690525714279,0.661361388165131,0.5010571050708932,-0.4997331496367425,0.5163333754668518,0.5,0.15272594319964442,0.002747392050396767
20.448,CIRCLE,-0.4526743018772377,0.6590879065219325,0.5010564812543659,-0.4998089366284365,0.5138212469173924,0.5,0.15272587317946842,0.0027480207940278585
20.456,CIRCLE,-0.45346811380588364,0.6568104073057383,0.5010558578043465,-0.49987209538052907,0.5113087691584555,0.5,0.15272580346891565,0.002748640305211897
20.464000000000002,CIRCLE,-0.45425046831770427,0.654528948051372,0.501055234720491,-0.4999226242972427,0.5087960056706399,0.5,0.1527257340695418,0.00274925064373207
20.472,CIRCLE,-0.4550213456616224,0.6522435863934418,0.5010546120027604,-0.49996052210190695,0.5062830199417667,0.5,0.15272566498300558,0.0027498517115359038
20.48,CIRCLE,-0.45578072637661643,0.6499543800638029,0.5010539896507841,-0.49998578783699077,0.5037698754652693,0.5,0.15272559620973208,0.002750443569829004
20.488,CIRCLE,-0.4565285912909977,0.6476613868912047,0.5010533676640295,-0.4999984208641268,0.5012566357385929,0.5,0.15272552775030993,0.002751026295986155
20.496,CIRCLE,-0.45726492152388043,0.6453646647987328,0.5010527460420932,-0.49999842086412727,0.49874336426158955,0.5,0.15272545960413836,0.0027515999524083605
20.504,CIRCLE,-0.45798969848444265,0.6430642718034562,0.50105212478564,-0.49998578783699216,0.4962301245349123,0.5,0.15272539177082609,0.0027521648788388876
20.512,CIRCLE,-0.4587029038755893,0.6407602660159591,0.501051503894284,-0.4999605221019092,0.49371698005841486,0.5,0.15272532425023885,0.002752721138936993
20.52,CIRCLE,-0.4594045196931785,0.6384527056399737,0.5010508833690817,-0.4999226242972459,0.49120399432954165,0.5,0.1527252570439628,0.0027532682308207667
20.528,CIRCLE,-0.46009452822756247,0.6361416489698332,0.5010502632097166,-0.49987209538053323,0.48869123084172694,0.5,0.15272519015398914,0.0027538062201003907
20.536,CIRCLE,-0.4607729120628407,0.6338271543901297,0.5010496434152426,-0.49980893662844156,0.4861787530827891,0.5,0.1527251235841663,0.0027543353780179964
20.544,CIRCLE,-0.46143965407869253,0.6315092803727886,0.5010490239845825,-0.4997331496367484,0.48366662453332965,0.5,0.15272505733847277,0.0027548554956026133
20.552,CIRCLE,-0.46209473744739665,0.6291880854745167,0.5010484049171886,-0.4996447363202981,0.4811549086651246,0.5,0.15272499142087392,0.002755366704437349
20.56,CIRCLE,-0.46273814563543336,0.6268636283341451,0.5010477862127645,-0.4995436989129533,0.47864366893952376,0.5,0.15272492583385078,0.002755869072248694
20.568,CIRCLE,-0.4633698624027611,0.6245359676723242,0.5010471678705292,-0.49943003996753865,0.4761329688058458,0.5,0.15272486057979015,0.0027563628033830316
20.576,CIRCLE,-0.46398987180423373,0.6222051622890233,0.5010465498901352,-0.49930376235577645,0.4736228716997787,0.5,0.15272479565972782,0.002756847966554966
20.584,CIRCLE,-0.4645981581888658,0.6198712710632275,0.5010459322714285,-0.49916486926821363,0.47111344104177155,0.5,0.1527247310747408,0.002757324513086449
20.592,CIRCLE,-0.46519470620128567,0.6175343529504427,0.5010453150140098,-0.4990133642141416,0.46860474023543586,0.5,0.15272466682468466,0.0027577925129911077
20.6,CIRCLE,-0.46577950078099195,0.6151944669823957,0.5010446981173557,-0.49884925102150734,0.4660968326659416,0.5,0.15272460290958212,0.0027582520357496247
20.608,CIRCLE,-0.4663525271638451,0.6128516722642555,0.5010440815895655,-0.49867253383681687,0.4635897816984194,0.5,0.15272453932814542,0.002758706342895083
20.616,CIRCLE,-0.4669137708826815,0.6105060279755514,0.5010434654293311,-0.4984832171250302,0.4610836506763543,0.5,0.1527244760799472,0.0027591489586192893
20.624,CIRCLE,-0.46746321776639577,0.6081575933677201,0.5010428496295461,-0.4982813056694487,0.4585785029199887,0.5,0.15272441316476146,0.002759583877938958
20.632,CIRCLE,-0.46800085394700086,0.6058064277639138,0.5010422341885525,-0.49806680457159436,0.4560744017247207,0.5,0.1527243505825639,0.0027600107225074356
20.64,CIRCLE,-0.4685266658568568,0.6034525905566834,0.5010416191060215,-0.4978397192510807,0.45357141035950865,0.5,0.15272428833342988,0.002760429566253912
20.648,CIRCLE,-0.4690406402280793,0.6010961412077823,0.5010410043736406,-0.4976000554454758,0.4510695920652671,0.5,0.15272422641898414,0.0027608374901124996
20.656,CIRCLE,-0.46954276409057377,0.5987371392467935,0.501040389988184,-0.4973478192101576,0.44856901005327243,0.5,0.1527241648430681,0.002761235621170163
20.664,CIRCLE,-0.4700330247748388,0.5963756442670191,0.5010397759612383,-0.4970830169181604,0.4460697275035641,0.5,0.152724103608782,0.0027616285022301493
20.672,CIRCLE,-0.47051140991024865,0.5940117159240188,0.5010391622918221,-0.49680565526001474,0.44357180756335196,0.5,0.15272404271871629,0.002762015980881849
20.68,CIRCLE,-0.4709779074216699,0.5916454139329468,0.5010385489901633,-0.4965157412435773,0.44107531334541517,0.5,0.1527239821745744,0.0027623941280108403
20.688,CIRCLE,-0.47143250553054605,0.5892767980672613,0.501037936047455,-0.49621328219385447,0.4385803079265113,0.5,0.1527239219769337,0.0027627646011855567
20.696,CIRCLE,-0.47187519276086326,0.5869059281583465,0.501037323463251,-0.495898285752817,0.436086854345781,0.5,0.15272386212556163,0.0027631274784158904
20.704,CIRCLE,-0.4723059579385335,0.5845328640953323,0.5010367112371328,-0.49557075987920757,0.43359501560315833,0.5,0.1527238026208569,0.0027634828378706833
20.712,CIRCLE,-0.47272479019060804,0.5821576658248327,0.5010360993699132,-0.4952307128483386,0.43110485465777426,0.5,0.15272374346528805,0.0027638302666147326
20.72,CIRCLE,-0.4731316789472936,0.5797803933479639,0.5010354878612272,-0.49487815325188395,0.4286164344263691,0.5,0.152723684661681,0.0027641698446979348
20.728,CIRCLE,-0.4735266139411757,0.577401106720097,0.5010348767099729,-0.4945130899976616,0.4261298177817011,0.5,0.15272362621466912,0.0027645020813603987
20.736,CIRCLE,-0.47390958520690946,0.5750198660457412,0.5010342659158037,-0.4941355323094088,0.4236450675509616,0.5,0.1527235681272305,0.002764827056818596
20.744,CIRCLE,-0.4742805830803132,0.5726367314782532,0.5010336554867265,-0.4937454897265487,0.42116224651418216,0.5,0.15272351040210702,0.002765141697820601
20.752,CIRCLE,-0.4746395981993052,0.5702517632188843,0.5010330454015643,-0.4933429721039495,0.4186814174026519,0.5,0.15272345304199644,0.00276545385433577
20.76,CIRCLE,-0.47498662150458987,0.5678650215135561,0.5010324356684047,-0.49292798961167517,0.41620264289733094,0.5,0.15272339604819743,0.002765757554990667
20.768,CIRCLE,-0.4753216442345547,0.5654765666509972,0.5010318262915218,-0.4925005527347294,0.41372598562727003,0.5,0.1527233394206401,0.002766052961815627
20.776,CIRCLE,-0.47564465793180594,0.5630864589622833,0.501031217262454,-0.49206067227278943,0.41125150816802286,0.5,0.15272328315807396,0.0027663431401680418
20.784,CIRCLE,-0.4759556544429803,0.5606947588194934,0.5010306085807391,-0.49160835933993396,0.4087792730400687,0.5,0.15272322725845072,0.0027666281712255174
20.792,CIRCLE,-0.476254625917914,0.5583015266354813,0.501030000256858,-0.4911436253643621,0.40630934270723085,0.5,0.15272317172035343,0.002766904016800984
20.8,CIRCLE,-0.47654156481063364,0.5559068228625076,0.5010293922885657,-0.4906664820881051,0.40384177957510203,0.5,0.1527231165429114,0.002767171402110513
20.808,CIRCLE,-0.47681646388090965,0.5535107079893147,0.5010287846754318,-0.4901769415667287,0.4013766459894622,0.5,0.15272306172440567,0.0027674304145486658
20.816,CIRCLE,-0.4770793161936785,0.5511132425410076,0.5010281774078685,-0.48967501616902936,0.39891400423470713,0.5,0.1527230072637032,0.002767684572484363
20.824,CIRCLE,-0.4773301151189899,0.5487144870775884,0.5010275704879236,-0.4891607185767214,0.39645391653227263,0.5,0.15272295316050832,0.0027679348936937263
20.832,CIRCLE,-0.4775688543288515,0.5463145021913467,0.5010269639241623,-0.488634061784117,0.39399644503906617,0.5,0.15272289941451148,0.0027681780781181288
20.84,CIRCLE,-0.4777955277977882,0.5439133485056672,0.5010263577186777,-0.48809505909779716,0.39154165184589107,0.5,0.15272284602555503,0.002768413224652776
20.848,CIRCLE,-0.4780101298046123,0.5415110866724273,0.5010257518615902,-0.48754372413627595,0.38908959897588125,0.5,0.15272279299237107,0.0027686439311245307
20.856,CIRCLE,-0.4782126549323829,0.5391077773705298,0.5010251463524054,-0.48698007082965633,0.3866403483829325,0.5,0.15272274031278923,0.002768870282335041
20.864,CIRCLE,-0.47840309806756326,0.536703481305711,0.5010245412032329,-0.4864041134192786,0.3841939619501403,0.5,0.15272268798512784,0.0027690876105047027
20.872,CIRCLE,-0.47858145440137456,0.5342982592090368,0.501023936406859,-0.48581586645735975,0.38175050148823136,0.5,0.1527226360079168,0.0027692961765374974
20.88,CIRCLE,-0.47874771943447364,0.5318921718358827,0.5010233319628348,-0.4852153448066264,0.3793100287340054,0.5,0.15272258438038047,0.0027694960737465325
20.888,CIRCLE,-0.4789018889762777,0.529485279965809,0.5010227278710507,-0.4846025636399389,0.37687260534877326,0.5,0.15272253310394096,0.002769696363241592
20.896,CIRCLE,-0.4790439591440575,0.5270776443994629,0.5010221241355749,-0.48397753843990876,0.37443829291680275,0.5,0.15272248218079762,0.0027698846906128783
20.904,CIRCLE,-0.4791739263538065,0.5246693259545495,0.5010215207518414,-0.4833402849985063,0.3720071529437573,0.5,0.1527224316116652,0.0027700713958579036
20.912,CIRCLE,-0.4792917873302275,0.5222603854652305,0.5010209177256073,-0.4826908194166623,0.36957924685514537,0.5,0.15272238139643807,0.002770248195778239
20.92,CIRCLE,-0.47939753910096,0.5198508837801273,0.5010203150439532,-0.4820291581038611,0.36715463599476683,0.5,0.1527223315337137,0.0027704258018921035
20.928,CIRCLE,-0.47949117900102517,0.517440881762921,0.501019712714186,-0.48135531777772655,0.36473338162316654,0.5,0.152722282023061,0.0027705921726357105
20.936,CIRCLE,-0.4795727046653254,0.5150304402900467,0.5010191107349918,-0.4806693154635984,0.3623155449160811,0.5,0.15272223286415879,0.0027707558472131327
20.944,CIRCLE,-0.47964211403920276,0.512619620249416,0.50101850910963,-0.47997116849410326,0.35990118696289697,0.5,0.1527221840569655,0.0027709114713622873
20.952,CIRCLE,-0.47969940537343636,0.5102084825381493,0.5010179078323171,-0.4792608945087156,0.357490368765105,0.5,0.15272213560099954,0.0027710673783026374
20.96,CIRCLE,-0.47974457722581254,0.5077970880617041,0.5010173069048818,-0.47853851145331383,0.35508315123476275,0.5,0.15272208749610958,0.002771212301903075
20.968,CIRCLE,-0.4797776284547866,0.5053854977320669,0.5010167063267857,-0.47780403757972467,0.3526795951929501,0.5,0.15272203974208595,0.0027713546238146932
20.976,CIRCLE,-0.4797985582297358,0.5029737724663811,0.5010161061021271,-0.4770574914452636,0.35027976136823646,0.5,0.15272199233891637,0.0027714890348432644
20.984,CIRCLE,-0.4798073660259617,0.5005619731847695,0.5010155062249074,-0.47629889191226504,0.3478837103951439,0.5,0.15272194528605665,0.0027716237074707968
20.992,CIRCLE,-0.4798040516261484,0.49815016080944413,0.501014906698458,-0.475528258147607,0.3454915028126194,0.5,0.15272189858323923,0.0027717478715269615
21.0,CIRCLE,-0.47978861511409754,0.49573839626293037,0.5010143075200979,-0.4747456096222253,0.34310319906249953,0.5,0.15272185222996346,0.002771870522885055
21.008,CIRCLE,-0.4797610568839607,0.493326740466755,0.5010137086951503,-0.47395096611062243,0.3407188594879871,0.5,0.15272180622603587,0.002771984843580254
21.016000000000002,CIRCLE,-0.4797213776347264,0.49091525433933003,0.5010131102171369,-0.4731443476903677,0.3383385443321245,0.5,0.15272176057073186,0.0027721021029019125
21.024,CIRCLE,-0.47966957837262597,0.4885039987950133,0.501012512090153,-0.47232577474159065,0.3359623137362754,0.5,0.15272171526362285,0.0027722060779991503
21.032,CIRCLE,-0.47960566040312963,0.48609303474242194,0.5010119143098821,-0.47149526794646507,0.3335902277385997,0.5,0.15272167030391173,0.00277231086029234
21.04,CIRCLE,-0.4795296253452274,0.48368242308304205,0.5010113168761078,-0.47065284828868686,0.3312223462725403,0.5,0.15272162569131953,0.0027724088835465645
21.048000000000002,CIRCLE,-0.4794414751206898,0.4812722247099096,0.5010107197931264,-0.46979853705294383,0.3288587291653069,0.5,0.15272158142581954,0.00277250537752732
21.056,CIRCLE,-0.47934121195816337,0.47886250050538104,0.501010123048941,-0.4689323558243787,0.3264994361363679,0.5,0.1527215375070061,0.0027725961354208013
21.064,CIRCLE,-0.4792288383902283,0.4764533113395016,0.5010095266533087,-0.4680543264880423,0.3241445267959364,0.5,0.1527214939340694,0.0027726773888967424
21.072,CIRCLE,-0.4791043572544216,0.47404471806880305,0.5010089306084741,-0.4671644712283415,0.3217940606434676,0.5,0.1527214507059678,0.002772763677864987
21.080000000000002,CIRCLE,-0.4789677716992782,0.47163678153442623,0.501008334908637,-0.4662628125284783,0.3194480970661535,0.5,0.15272140782157276,0.0027728399780252103
21.088,CIRCLE,-0.47881908517125477,0.4692295625619052,0.5010077395534516,-0.4653493731698829,0.3171066953374261,0.5,0.152721365280055,0.0027729151271320964
21.096,CIRCLE,-0.4786583014269642,0.46682312195910114,0.5010071445464415,-0.46442417623163634,0.3147699146154545,0.5,0.15272132308130285,0.0027729838966021984
21.104,CIRCLE,-0.47848542452867754,0.4644175205143485,0.5010065498727215,-0.4634872450898884,0.3124378139416538,0.5,0.15272128122513498,0.0027730517643172014
21.112000000000002,CIRCLE,-0.4783004588444403,0.4620128189944953,0.501005955541227,-0.46253860341726677,0.3101104522391913,0.5,0.152721239711184,0.002773115294920827
21.12,CIRCLE,-0.47810340904676873,0.459609078146126,0.5010053615518814,-0.4615782751822796,0.30778788831150167,0.5,0.15272119854129723,0.002773174406224093
21.128,CIRCLE,-0.4778942801146194,0.4572063586925297,0.5010047679041286,-0.4606062846487086,0.30547018084079547,0.5,0.1527211577183189,0.0027732353466068276
21.136,CIRCLE,-0.4776730773325872,0.4548047213316629,0.5010041745969493,-0.45962265637499694,0.3031573883865805,0.5,0.15272111724553364,0.0027732877418794417
21.144000000000002,CIRCLE,-0.47743980628422483,0.45240422673366715,0.5010035816331568,-0.458627415213628,0.30084956938418017,0.5,0.1527210771249597,0.002773338151781688
21.152,CIRCLE,-0.47719447286230754,0.45000493553798543,0.5010029890030679,-0.4576205863104991,0.2985467821432603,0.5,0.15272103735708262,0.002773383244640876
21.16,CIRCLE,-0.4769370832664755,0.4476069083521596,0.5010023967062124,-0.45660219510428407,0.2962490848463514,0.5,0.15272099794115035,0.0027734231232302686
21.168,CIRCLE,-0.4766676440023657,0.4452102057518042,0.5010018047543724,-0.45557226732579154,0.2939565355473813,0.5,0.15272095887664128,0.0027734624805570503
21.176000000000002,CIRCLE,-0.4763861618798103,0.44281488827917653,0.5010012131464521,-0.4545308289973145,0.29166919217020715,0.5,0.15272092016300273,0.0027735011836907695
21.184,CIRCLE,-0.47609264400957196,0.440421016440935,0.501000621881928,-0.4534779064319741,0.2893871125071551,0.5,0.15272088179856894,0.0027735393284199026
21.192,CIRCLE,-0.47578709780235723,0.4380286507081039,0.5010000309706452,-0.45241352623305275,0.287110354217555,0.5,0.15272084378190448,0.0027735730880174745
21.2,CIRCLE,-0.47546953097002226,0.43563785151488277,0.500999440395871,-0.45133771529332317,0.28483897482628695,0.5,0.15272080611200756,0.0027736012035289256
21.208000000000002,CIRCLE,-0.4751399515296323,0.4332486792552676,0.500998850153918,-0.45025050079436846,0.2825730317223265,0.5,0.15272076878736635,0.002773632588646488
21.216,CIRCLE,-0.47479836780545487,0.4308611942826675,0.5009982602571775,-0.4491519102058966,0.2803125821572975,0.5,0.15272073180751233,0.0027736555101051477
21.224,CIRCLE,-0.4744447884216317,0.4284754569082679,0.5009976707017106,-0.44804197128504447,0.2780576832440208,0.5,0.15272069517156403,0.0027736802727779215
21.232,CIRCLE,-0.47407922231074207,0.4260915273982541,0.5009970814873208,-0.44692071207567746,0.2758083919550748,0.5,0.15272065887859917,0.002773701111894364
21.240000000000002,CIRCLE,-0.47370167870536023,0.4237094659735421,0.5009964926101015,-0.4457881609076808,0.27356476512135386,0.5,0.15272062292747646,0.0027737193755463315
21.248,CIRCLE,-0.4733121671400279,0.4213293328068568,0.5009959040694852,-0.44464434639624495,0.27132685943063595,0.5,0.15272058731584665,0.0027737351648338205
21.256,CIRCLE,-0.47291069745069664,0.4189511880227781,0.5009953158560104,-0.44348929744114024,0.26909473142614554,0.5,0.15272055204154406,0.0027737519068856535
21.264,CIRCLE,-0.4724972797744933,0.4165750916966349,0.5009947279771606,-0.4423230432259884,0.266868437505128,0.5,0.15272051710313553,0.002773766669308129
21.272000000000002,CIRCLE,-0.4720719245501558,0.41420110385357195,0.5009941404444328,-0.44114561321752443,0.26464803391742336,0.5,0.15272048250052334,0.0027737750133969446
21.28,CIRCLE,-0.47163464251935266,0.41182928446715167,0.5009935532404741,-0.4399570371648536,0.26243357676404777,0.5,0.15272044823516037,0.002773783323245502
21.288,CIRCLE,-0.4711854447295627,0.409459693454445,0.5009929663767422,-0.43875734509869746,0.26022512199577186,0.5,0.15272041430780786,0.0027737937845680113
21.296,CIRCLE,-0.47072434252835055,0.4070923906752318,0.5009923798511093,-0.43754656733063646,0.2580227254117098,0.5,0.15272038071789054,0.002773798864559216
21.304000000000002,CIRCLE,-0.4702513475596866,0.40472743593183036,0.5009917936682484,-0.4363247344523437,0.25582644265790827,0.5,0.15272034746416832,0.0027738081198634096
21.312,CIRCLE,-0.46976647177029024,0.4023648889661206,0.5009912078195234,-0.43509187733481325,0.2536363292259433,0.5,0.15272031454457452,0.002773810729680065
21.32,CIRCLE,-0.46926972740259626,0.4000048094606899,0.5009906223128947,-0.43384802712757803,0.2514524404515137,0.5,0.1527202819575006,0.0027738178232663735
21.328,CIRCLE,-0.46876112700320705,0.397647257034813,0.5009900371453181,-0.432593215257924,0.24927483151304608,0.5,0.15272024970113154,0.0027738205135970605
21.336000000000002,CIRCLE,-0.468240683413961,0.39529229124484333,0.500989452321859,-0.4313274734300957,0.247103557430299,0.5,0.1527202177734436,0.0027738259500185015
21.344,CIRCLE,-0.46770840977789657,0.3929399715807968,0.5009888678402761,-0.43005083362449675,0.24493867306297606,0.5,0.15272018617169023,0.0027738248889645754
21.352,CIRCLE,-0.4671643195352219,0.3905903574662242,0.5009882837007662,-0.4287633280968792,0.24278023310933522,0.5,0.1527201548929278,0.0027738295008709903
21.36,CIRCLE,-0.46660842642970785,0.3882435082552289,0.500987699898922,-0.4274649893775303,0.24062829210480974,0.5,0.1527201239342186,0.0027738292463705084
21.368000000000002,CIRCLE,-0.4660407444979837,0.3858994832339397,0.5009871164404448,-0.4261558502704497,0.2384829044206287,0.5,0.1527200932930232,0.002773832756577463
21.376,CIRCLE,-0.4654612880766614,0.3835583416165464,0.5009865333233666,-0.42483594385252266,0.23634412426244655,0.5,0.15272006296655335,0.0027738288601944204
21.384,CIRCLE,-0.46487007179769974,0.3812201425452256,0.5009859505468782,-0.42350530347268106,0.23421200566896871,0.5,0.1527200329521037,0.002773832388506923
21.392,CIRCLE,-0.4642671105961353,0.37888494508651976,0.5009853681067362,-0.4221639627510632,0.23208660251058943,0.5,0.15272000324715151,0.0027738308959950335
21.400000000000002,CIRCLE,-0.46365241969709536,0.3765528082334538,0.5009847860096472,-0.4208119555781632,0.22996796848802914,0.5,0.15271997384953329,0.0027738341933420813
21.408,CIRCLE,-0.4630260146241339,0.3742237909008877,0.500984204254684,-0.41944931611397634,0.22785615713098056,0.5,0.1527199447566092,0.002773829809842679
21.416,CIRCLE,-0.4623879111942045,0.3718979519255911,0.5009836228407746,-0.41807607878713365,0.22575122179675178,0.5,0.15271991596552503,0.0027738342800879313
21.424,CIRCLE,-0.46173812552631044,0.3695753500622443,0.5009830417617821,-0.4166922782940335,0.2236532156689212,0.5,0.15271988747338075,0.002773832977631231
21.432000000000002,CIRCLE,-0.46107667402747704,0.36725604398654255,0.500982461017442,-0.4152979495979641,0.22156219175599223,0.5,0.1527198592777688,0.002773834769115555
21.44,CIRCLE,-0.46040357340326793,0.3649400922908155,0.5009818806140142,-0.4138931279282224,0.21947820289005682,0.5,0.15271983137715253,0.0027738334272326888
21.448,CIRCLE,-0.4597188406535062,0.36262755348290165,0.5009813005317969,-0.4124778487792204,0.2174013017254563,0.5,0.1527198037699006,0.0027738362262761736
21.456,CIRCLE,-0.4590224930725585,0.36031848598397576,0.5009807207875462,-0.4110521479095909,0.21533154073745397,0.5,0.15271977645424734,0.002773837240282374
21.464000000000002,CIRCLE,-0.4583145482453872,0.35801294812847606,0.5009801413801573,-0.4096160613412826,0.21326897222090768,0.5,0.1527197494281767,0.0027738426038772966
21.472,CIRCLE,-0.4575950240511448,0.35571099816139296,0.5009795623081311,-0.4081696253586524,0.21121364828895162,0.5,0.15271972268959258,0.002773843612439505
21.48,CIRCLE,-0.4568639386595198,0.35341269423830135,0.5009789835698549,-0.4067128765075452,0.209165620871675,0.5,0.15271969623672693,0.0027738506593462456
21.488,CIRCLE,-0.4561213105368286,0.35111809442178055,0.5009784051648525,-0.4052458515943728,0.20712494171481316,0.5,0.1527196700682795,0.0027738564196133487
21.496000000000002,CIRCLE,-0.45536715843709225,0.34882725668245923,0.5009778270881321,-0.40376858768518276,0.20509166237843857,0.5,0.15271964418300651,0.0027738626395311583
21.504,CIRCLE,-0.45460150140534267,0.34654023889488167,0.5009772493390712,-0.40228112210472416,0.20306583423566094,0.5,0.15271961857845615,0.0027738694194366417
21.512,CIRCLE,-0.4538243587770951,0.3442570988376412,0.5009766719083074,-0.4007834924355013,0.20104750847132502,0.5,0.1527195932523767,0.0027738801379413084
21.52,CIRCLE,-0.45303575017809466,0.34197789419250396,0.5009760948042454,-0.3992757365168261,0.1990367360807202,0.5,0.1527195682035037,0.00277389827039847
21.528,CIRCLE,-0.4522356955230192,0.3397026825434246,0.5009755180233367,-0.3977578924438618,0.19703356786829124,0.5,0.15271954343151914,0.002773910940850265
21.536,CIRCLE,-0.4514242150099248,0.33743152137640725,0.5009749415785956,-0.39622999856665964,0.19503805444635403,0.5,0.1527195189366043,0.002773927621140659
21.544,CIRCLE,-0.4506013291328172,0.3351644680716816,0.5009743654602204,-0.39469209348919226,0.19305024623381972,0.5,0.15271949471788293,0.0027739415073655214
21.552,CIRCLE,-0.44976705867549877,0.3329015799053115,0.5009737896678743,-0.3931442160683751,0.19107019345491633,0.5,0.15271947077458625,0.0027739592120487456
21.56,CIRCLE,-0.44892142471258145,0.33064291404534507,0.500973214214627,-0.3915864054130864,0.18909794613792286,0.5,0.15271944710446736,0.0027739829140947876
21.568,CIRCLE,-0.44806444860468664,0.3283885275542688,0.5009726390946412,-0.39001870088317864,0.1871335541139037,0.5,0.15271942370568198,0.002774002873855191
21.576,CIRCLE,-0.44719615199398866,0.32613847738860036,0.5009720643078923,-0.38844114208848574,0.18517706701545256,0.5,0.15271940057635575,0.0027740296628345155
21.584,CIRCLE,-0.44631655681242755,0.32389282039375655,0.500971489846173,-0.3868537688878191,0.183228534275434,0.5,0.15271937771437352,0.0027740536488313275
21.592,CIRCLE,-0.44542568527441107,0.32165161330639336,0.500970915710598,-0.3852566213879628,0.18128800512573756,0.5,0.15271935511840418,0.0027740827207908326
21.6,CIRCLE,-0.4445235598832857,0.3194149127501272,0.5009703419071008,-0.3836497399426592,0.17935552859603215,0.5,0.15271933278797695,0.002774115275674263
21.608,CIRCLE,-0.44361020342444357,0.3171827752351834,0.5009697684350829,-0.38203316515159147,0.1774311535125302,0.5,0.1527193107219435,0.0027741514081676038
21.616,CIRCLE,-0.4426856389643389,0.3149552571586223,0.5009691952982084,-0.38040693785935437,0.17551492849674993,0.5,0.15271928891983835,0.0027741896033003205
21.624,CIRCLE,-0.44174988985237834,0.31273241480202785,0.5009686224947943,-0.37877109915442475,0.17360690196428952,0.5,0.1527192673819442,0.002774230350697825
21.632,CIRCLE,-0.44080297972286303,0.3105143043288963,0.5009680500227173,-0.37712569036812205,0.1717071221236024,0.5,0.15271924610928236,0.002774273172422643
21.64,CIRCLE,-0.4398449324917335,0.3083009817822507,0.5009674778733955,-0.3754707530735664,0.16981563697478208,0.5,0.15271922510162678,0.0027743211534910525
21.648,CIRCLE,-0.43887577235652164,0.3060925030839239,0.5009669060440632,-0.37380632908462486,0.16793249430834528,0.5,0.15271920435845845,0.0027743735665027463
21.656,CIRCLE,-0.43789552379316365,0.3038889240325433,0.5009663345449632,-0.372132460454857,0.1660577417040271,0.5,0.15271918387736233,0.002774426426189415
21.664,CIRCLE,-0.4369042115570651,0.3016903003023448,0.5009657633734963,-0.37044918947645145,0.16419142652957747,0.5,0.152719163654755,0.002774480569550246
21.672,CIRCLE,-0.43590186068533476,0.29949668744013763,0.5009651925290413,-0.36875655867915963,0.16233359593956714,0.5,0.15271914368576212,0.0027745360942764644
21.68,CIRCLE,-0.4348884964958703,0.29730814086556695,0.5009646220200956,-0.3670546108292176,0.16048429687419224,0.5,0.15271912396571102,0.0027745964959472
21.688,CIRCLE,-0.43386414458599065,0.29512471587015654,0.5009640518381588,-0.3653433889282679,0.15864357605809087,0.5,0.1527191044900821,0.0027746648358745307
21.696,CIRCLE,-0.43282883083011786,0.2929464676186217,0.5009634819876994,-0.3636229362122719,0.15681147999916134,0.5,0.15271908525638714,0.0027747328289610927
21.704,CIRCLE,-0.43178258137470504,0.2907734511475146,0.5009629124594456,-0.36189329615041976,0.15498805498738955,0.5,0.1527190662619706,0.0027748038305947125
21.712,CIRCLE,-0.4307254226436123,0.2886057213589474,0.5009623432527514,-0.36015451244402863,0.15317334709367558,0.5,0.1527190475024726,0.002774877934899736
21.72,CIRCLE,-0.42965738133735043,0.28644333302084857,0.5009617743751489,-0.35840662902544074,0.15136740216867256,0.5,0.15271902897328685,0.0027749582873403318
21.728,CIRCLE,-0.42857848443164115,0.28428634076616466,0.5009612058260109,-0.3566496900569122,0.14957026584162636,0.5,0.1527190106696472,0.0027750449770561846
21.736,CIRCLE,-0.4274887591767003,0.28213479909310574,0.5009606375943059,-0.3548837399294999,0.14778198351922556,0.5,0.15271899258803076,0.0027751341833407947
21.744,CIRCLE,-0.42638823309456225,0.27998876236428144,0.5009600696918798,-0.3531088232619357,0.1460026003844505,0.5,0.15271897472585652,0.002775227192242195
21.752,CIRCLE,-0.42527693398129124,0.2778482848026146,0.5009595021180838,-0.3513249848995023,0.14423216139543404,0.5,0.1527189570802296,0.0027753240955708074
21.76,CIRCLE,-0.42415488990580386,0.2757134204917051,0.5009589348813439,-0.34953226991289815,0.14247071128432442,0.5,0.1527189396493928,0.002775428376684652
21.768,CIRCLE,-0.4230221292086871,0.27358422337484156,0.5009583679640961,-0.3477307235971018,0.14071829455615747,0.5,0.1527189224326,0.0027755337660990394
21.776,CIRCLE,-0.4218786804985747,0.2714607472534108,0.5009578013644251,-0.34592039147022324,0.13897495548772865,0.5,0.15271890542872538,0.0027756408559180498
21.784,CIRCLE,-0.4207245726568999,0.2693430457817885,0.5009572350867945,-0.3441013192723568,0.13724073812647658,0.5,0.15271888863563005,0.002775757474440261
21.792,CIRCLE,-0.4195598348366746,0.26723117246508193,0.5009566691336299,-0.34227355296442386,0.13551568628936894,0.5,0.15271887204917625,0.0027758755467161035
21.8,CIRCLE,-0.41838449645585063,0.26512518066317026,0.5009561034983016,-0.34043713872701425,0.13379984356179797,0.5,0.15271885566489726,0.0027759974444146436
21.808,CIRCLE,-0.4171985872010393,0.26302512358617014,0.5009555381886649,-0.3385921229592157,0.13209325329647548,0.5,0.15271883947761167,0.002776126428658126
21.816,CIRCLE,-0.4160021370261712,0.2609310542935908,0.500954973204094,-0.3367385522774439,0.13039595861233988,0.5,0.15271882348143123,0.002776262584408641
21.824,CIRCLE,-0.4147951761515883,0.2588430256946772,0.50095440854396,-0.3348764735142636,0.12870800239346564,0.5,0.1527188076711863,0.0027764059962651095
21.832,CIRCLE,-0.41357773506354806,0.2567610905486409,0.5009538441947522,-0.33300593371720777,0.1270294272879821,0.5,0.15271879204380495,0.0027765519066918925
21.84,CIRCLE,-0.41234984451106355,0.2546853014636364,0.5009532801742573,-0.331126980147585,0.12536027570699232,0.5,0.15271877659755959,0.0027767019831721534
21.848,CIRCLE,-0.41111153550929186,0.2526157108908524,0.5009527164818287,-0.3292396602792882,0.12370058982350385,0.5,0.15271876133003817,0.002776856313643651
21.856,CIRCLE,-0.4098628393382204,0.2505523711249934,0.5009521531281875,-0.3273440217975934,0.1220504115713622,0.5,0.15271874623963447,0.002777019224687387
21.864,CIRCLE,-0.4086037875412963,0.24849533430299797,0.5009515900959555,-0.3254401125979581,0.12040978264419355,0.5,0.15271873132504798,0.0027771844918451265
21.872,CIRCLE,-0.40733441192170167,0.24644465240260735,0.5009510273890414,-0.32352798078480655,0.11877874449434767,0.5,0.1527187165839148,0.002777356479944888
21.88,CIRCLE,-0.40605474454412993,0.244400377238475,0.5009504650148687,-0.3216076746703176,0.11715733833185316,0.5,0.15271870201193144,0.0027775322518252816
21.888,CIRCLE,-0.4047648177334898,0.24236256046335145,0.5009499029627061,-0.3196792427732023,0.11554560512337492,0.5,0.15271868760457205,0.0027777157001262773
21.896,CIRCLE,-0.4034646640746574,0.24033125356741847,0.5009493412429412,-0.31774273381748086,0.1139435855911814,0.5,0.1527186733581828,0.0027779039932401823
21.904,CIRCLE,-0.40215431640930155,0.23830650787736837,0.5009487798434341,-0.31579819673124754,0.1123513202121123,0.5,0.15271865926870748,0.0027781015417281934
21.912,CIRCLE,-0.40083380783591904,0.23628837455554502,0.5009482187632162,-0.313845680645437,0.11076884921655822,0.5,0.1527186453326998,0.0027783010220553835
21.92,CIRCLE,-0.3995031717068367,0.23427690460021425,0.5009476580062313,-0.31188523489258174,0.10919621258744294,0.5,0.15271863154729123,0.0027785080576555495
21.928,CIRCLE,-0.39816244163269127,0.23227214883833813,0.5009470975804962,-0.30991690900556845,0.10763345005921537,0.5,0.15271861790831032,0.0027787194640827057
21.936,CIRCLE,-0.3968116514809001,0.23027415792690478,0.5009465374847581,-0.3079407527163821,0.1060806011168427,0.5,0.1527186044120276,0.0027789417944327423
21.944,CIRCLE,-0.3954508353749332,0.22828298235120803,0.5009459777123692,-0.30595681595485247,0.1045377049948143,0.5,0.1527185910549364,0.0027791659354937286
21.952,CIRCLE,-0.3940800276877351,0.22629867242734986,0.5009454182543007,-0.30396514884739106,0.10300480067615003,0.5,0.15271857783349987,0.002779395170892852
21.96,CIRCLE,-0.3926992630468231,0.2243212782964681,0.5009448591234117,-0.30196580171572746,0.10148192689141694,0.5,0.152718564744101,0.0027796346172460342
21.968,CIRCLE,-0.39130857633263166,0.2223508499232124,0.5009443003165711,-0.2999588250756336,0.09996912211774772,0.5,0.15271855178220536,0.0027798794551327447
21.976,CIRCLE,-0.3899080026731767,0.22038743709867953,0.5009437418311853,-0.29794426963565035,0.09846642457787058,0.5,0.15271853894318332,0.002780130522923182
21.984,CIRCLE,-0.38849757744650737,0.21843108943749406,0.5009431836751089,-0.29592218629580486,0.09697387223914261,0.5,0.15271852622297688,0.002780391082380987
21.992,CIRCLE,-0.38707733627950525,0.21648185637693682,0.5009426258371269,-0.2938926261463273,0.09549150281259217,0.5,0.15271851361802322,0.002780657244386479
22.0,CIRCLE,-0.38564731504528676,0.21453978717628006,0.5009420683196618,-0.2918556404663557,0.09401935375196357,0.5,0.15271850112486082,0.0027809279517094798
22.008,CIRCLE,-0.3842075498665051,0.2126049309133144,0.500941511123666,-0.2898112807226435,0.09255746225277228,0.5,0.15271848874082072,0.0027812121236108433
22.016000000000002,CIRCLE,-0.3827580771143898,0.21067733648188675,0.5009409542510691,-0.28775959856825734,0.09110586525136433,0.5,0.15271847646311248,0.0027814960168636707
22.024,CIRCLE,-0.38129893340111176,0.20875705259511193,0.5009403977043114,-0.2857006458412749,0.08966459942398536,0.5,0.1527184642881551,0.0027817912693135225
22.032,CIRCLE,-0.3798301555883356,0.20684412777667435,0.5009398414803604,-0.28363447456347124,0.08823370118585033,0.5,0.15271845221158742,0.0027820906870215764
22.04,CIRCLE,-0.37835178077954373,0.20493861036558184,0.5009392855731346,-0.28156113693900675,0.08681320669022602,0.5,0.15271844022880585,0.0027823964336414057
22.048000000000002,CIRCLE,-0.37686384632252384,0.20304054851314876,0.500938729994268,-0.2794806853531072,0.08540315182751634,0.5,0.1527184283358439,0.002782713148622598
22.056,CIRCLE,-0.37536638980781956,0.2011499901816434,0.5009381747381088,-0.2773931723707427,0.08400357222435739,0.5,0.15271841652870524,0.0027830345711654892
22.064,CIRCLE,-0.3738594490633697,0.1992669831465456,0.500937619799235,-0.2752986507352954,0.08261450324271469,0.5,0.15271840480331414,0.0027833626224594114
22.072,CIRCLE,-0.3723430621580319,0.19739157499255364,0.5009370651892698,-0.27319717336722976,0.08123597997899124,0.5,0.15271839315629854,0.002783701947389275
22.080000000000002,CIRCLE,-0.3708172673999436,0.19552381311226968,0.500936510906887,-0.27108879336275393,0.07986803726314023,0.5,0.1527183815843044,0.002784043858581805
22.088,CIRCLE,-0.3692821033328624,0.19366374470660405,0.5009359569457565,-0.2689735639924813,0.07851070965778673,0.5,0.15271837008349468,0.0027843971844885647
22.096,CIRCLE,-0.36773760873978956,0.19181141677855282,0.500935403312783,-0.26685153870007994,0.07716403145735135,0.5,0.15271835864886318,0.0027847591176977187
22.104,CIRCLE,-0.36618382263831967,0.18996687613790098,0.500934849998829,-0.2647227711009254,0.07582803668718618,0.5,0.15271834727612177,0.002785126526649048
22.112000000000002,CIRCLE,-0.3646207842783548,0.18813016940088623,0.5009342970106295,-0.2625873149807445,0.0745027591027137,0.5,0.15271833596159862,0.002785503872479823
22.12,CIRCLE,-0.36304853314582086,0.18630134298419596,0.5009337443387047,-0.26044522429425937,0.07318823218857601,0.5,0.15271832470152746,0.0027858878983916175
22.128,CIRCLE,-0.3614671089603154,0.18448044310462636,0.5009331919906519,-0.2582965531638197,0.07188448915778578,0.5,0.15271831349202458,0.00278628174251713
22.136,CIRCLE,-0.35987655167403027,0.1826675157782307,0.5009326399575728,-0.25614135587803843,0.07059156295088931,0.5,0.15271830232909112,0.002786682349676964
22.144000000000002,CIRCLE,-0.35827690146947916,0.18086260682005212,0.5009320882471985,-0.2539796868904183,0.069309486235133,0.5,0.1527182912086327,0.0027870866700929553
22.152,CIRCLE,-0.3566681987602391,0.17906576184335174,0.5009315368617182,-0.2518116008179792,0.06803829140363993,0.5,0.15271828012779137,0.002787505260978358
22.16,CIRCLE,-0.35505048419184426,0.1772770262547314,0.5009309857982794,-0.2496371524398739,0.06677801057458871,0.5,0.1527182690835906,0.002787928223288287
22.168,CIRCLE,-0.35342379863285345,0.17549644525941432,0.5009304350492627,-0.24745639669600658,0.06552867559040376,0.5,0.1527182580721857,0.002788358328534425
22.176000000000002,CIRCLE,-0.3517881831798573,0.1737240638558018,0.5009298846263237,-0.24526938868564344,0.06429031801694979,0.5,0.15271824708999673,0.0027888002171936425
22.184,CIRCLE,-0.3501436791558093,0.1719599268341892,0.5009293345326247,-0.24307618366602368,0.06306296914273618,0.5,0.15271823613302668,0.0027892458624626288
22.192,CIRCLE,-0.3484903281068096,0.17020407877766536,0.5009287847598981,-0.24087683705095853,0.061846659978123664,0.5,0.1527182251967892,0.002789704701463687
22.2,CIRCLE,-0.3468281718046173,0.16845656405706436,0.5009282353169654,-0.23867140440943446,0.06064142125454275,0.5,0.15271821427618734,0.0027901731886594287
22.208000000000002,CIRCLE,-0.3451572522412909,0.16671742683639465,0.5009276862017847,-0.2364599414642075,0.05944728342371608,0.5,0.1527182033669708,0.0027906435991599415
22.216,CIRCLE,-0.3434776116282779,0.16498671107082546,0.5009271374066496,-0.23424250409039848,0.0582642766568911,0.5,0.15271819246513954,0.0027911282579680652
22.224,CIRCLE,-0.3417892924018878,0.16326446049778606,0.5009265889334044,-0.23201914831407655,0.05709243084407495,0.5,0.1527181815662394,0.0027916197213362177
22.232,CIRCLE,-0.3400923372151666,0.1615507186429819,0.500926040778196,-0.22978993031084688,0.055931775593281,0.5,0.15271817066526483,0.0027921193100220345
22.240000000000002,CIRCLE,-0.3383867889407057,0.1598455288172735,0.5009254929495637,-0.2275549064044296,0.05478234022978007,0.5,0.15271815975811717,0.0027926305003977163
22.248,CIRCLE,-0.3366726906694606,0.15814893411571054,0.5009249454347451,-0.22531413306523992,0.05364415379536097,0.5,0.15271814884143375,0.0027931487679283776
22.256,CIRCLE,-0.3349500857078617,0.15646097741699844,0.5009243982444284,-0.22306766690895674,0.05251724504759436,0.5,0.1527181379119395,0.002793677007467559
22.264,CIRCLE,-0.3332190175788935,0.15478170138027147,0.5009238513695337,-0.22081556469509506,0.051401642459107666,0.5,0.15271812696630543,0.0027942120743106487
22.272000000000002,CIRCLE,-0.33147953001977687,0.15311114844495058,0.5009233048191112,-0.2185578833255706,0.05029737421686509,0.5,0.15271811600116036,0.002794757614741406
22.28,CIRCLE,-0.329731666980637,0.151449360829788,0.5009227585925805,-0.21629467984326511,0.04920446822145691,0.5,0.15271810501284258,0.0027953136805865552
22.288,CIRCLE,-0.3279754726239314,0.14979638053333028,0.500922212676381,-0.21402601143058042,0.04812295208639211,0.5,0.1527180939988125,0.0027958754302203313
22.296,CIRCLE,-0.32621099132157383,0.14815224933326254,0.5009216670834663,-0.21175193540799678,0.04705285313740237,0.5,0.15271808295682474,0.0027964487743893872
22.304000000000002,CIRCLE,-0.32443826765664446,0.14651700878129925,0.5009211218092219,-0.20947250923262303,0.04599419841175084,0.5,0.15271807188407688,0.0027970284016223482
22.312,CIRCLE,-0.32265734641839444,0.14489070020572428,0.5009205768564418,-0.20718779049674818,0.044947014657550466,0.5,0.1527180607768546,0.002797619513812103
22.32,CIRCLE,-0.32086827260390516,0.14327336470753813,0.5009200322362202,-0.20489783692638128,0.04391132833308603,0.5,0.15271804963077654,0.0027982177549418247
22.328,CIRCLE,-0.31907109141675727,0.14166504316194095,0.5009194879257761,-0.20260270637979624,0.042887165606147026,0.5,0.15271803844206117,0.002798825533556133
22.336000000000002,CIRCLE,-0.31726584826604726,0.1400657762168893,0.5009189439360258,-0.2003024568460684,0.041874552353365846,0.5,0.15271802720778355,0.002799447179400101
22.344,CIRCLE,-0.31545258876504617,0.1384756042917823,0.5009184002712217,-0.1979971464436124,0.04087351415956553,0.5,0.15271801592529677,0.002800070409032687
22.352,CIRCLE,-0.3136313587266868,0.13689456757853616,0.500917856924677,-0.1956868334187092,0.03988407631711077,0.5,0.15271800459095003,0.0028007081538022043
22.36,CIRCLE,-0.3118022041688514,0.13532270603262805,0.5009173139059463,-0.19337157614403744,0.03890626382527085,0.5,0.15271799320014176,0.002801356545361732
22.368000000000002,CIRCLE,-0.3099651713072625,0.13376005938036417,0.5009167712050494,-0.19105143311719694,0.03794010138958692,0.5,0.15271798174783535,0.0028020120941750003
22.376,CIRCLE,-0.3081203065532975,0.13220666711858206,0.50091622881996,-0.18872646295923415,0.036985613421249286,0.5,0.15271797022827574,0.0028026754449886416
22.384,CIRCLE,-0.30626765651865956,0.13066256850987268,0.5009156867613078,-0.18639672441315597,0.03604282403647857,0.5,0.15271795863714746,0.002803350848475289
22.392,CIRCLE,-0.3044072680139905,0.129127802581334,0.5009151450160906,-0.18406227634244884,0.03511175705591779,0.5,0.15271794697107813,0.0028040336747810783
22.400000000000002,CIRCLE,-0.3025391880460002,0.12760240812416293,0.5009146035949044,-0.18172317772958987,0.03419243600402977,0.5,0.1527179352269891,0.002804728140485473
22.408,CIRCLE,-0.30066346381623194,0.12608642369232295,0.5009140624873182,-0.17937948767455986,0.03328488410850411,0.5,0.1527179234015821,0.002805430575468132
22.416,CIRCLE,-0.2987801427186517,0.12457988760235944,0.5009135217007653,-0.1770312653933451,0.03238912429966834,0.5,0.152717911491099,0.0028061443220115056
22.424,CIRCLE,-0.2968892723405439,0.12308283793053167,0.5009129812346548,-0.17467857021644465,0.03150517920990992,0.5,0.15271789949167983,0.002806863412836082
22.432000000000002,CIRCLE,-0.29499090045999765,0.12159531251336783,0.5009124410799133,-0.17232146158736936,0.030633071173103654,0.5,0.15271788739926398,0.0028075996806058248
22.44,CIRCLE,-0.2930850750458791,0.12011734894476427,0.5009119012489738,-0.16995999906114356,0.0297728222240487,0.5,0.15271787520956698,0.002808341306660098
22.448,CIRCLE,-0.2911718442503584,0.11864898458142217,0.5009113617331638,-0.16759424230279518,0.028924454097910113,0.5,0.15271786291657483,0.0028090914863714562
22.456,CIRCLE,-0.2892512564155016,0.11719025653606925,0.5009108225406319,-0.1652242510858517,0.02808798822967068,0.5,0.15271785051554046,0.002809853517689291
22.464000000000002,CIRCLE,-0.2873233600721646,0.11574120167655064,0.5009102836621767,-0.1628500852908281,0.027263445753588855,0.5,0.15271783800296193,0.0028106226073336166
22.472,CIRCLE,-0.28538820393527975,0.11430185662785015,0.5009097451045874,-0.1604718049037173,0.02645084750266602,0.5,0.15271782537569425,0.0028114052800535857
22.48,CIRCLE,-0.28344583690502173,0.112872257768011,0.500909206864036,-0.15808947001446957,0.025650214008118122,0.5,0.15271781263092069,0.002812194669109962
22.488,CIRCLE,-0.2814963080612164,0.11145244123110043,0.5009086689434147,-0.15570314081547768,0.024861565498858484,0.5,0.15271779976492486,0.0028129964185678725
22.496000000000002,CIRCLE,-0.279539666666128,0.11004244290221762,0.5009081313461504,-0.1533128776000542,0.024084921900985767,0.5,0.15271778677400408,0.0028138029012787454
22.504,CIRCLE,-0.2775759621615831,0.10864229841844686,0.5009075940665006,-0.1509187407609117,0.023320302837281814,0.5,0.15271777365415132,0.0028146249089065663
22.512,CIRCLE,-0.27560524417053467,0.10725204316439785,0.5009070571149823,-0.14852079078863167,0.02256772762671405,0.5,0.15271776040157511,0.0028154582113996667
22.52,CIRCLE,-0.2736275624903128,0.10587171227911184,0.5009065204870649,-0.14611908827013964,0.02182721528394871,0.5,0.1527177470123234,0.0028162939461358586
22.528,CIRCLE,-0.2716429670914042,0.10450134065392055,0.500905984175888,-0.1437136938871734,0.021098784518869873,0.5,0.1527177334815769,0.0028171458322305025
22.536,CIRCLE,-0.269651508123405,0.10314096292281351,0.5009054481929627,-0.1413046684147491,0.020382453736106698,0.5,0.15271771980499113,0.0028180092286023153
22.544,CIRCLE,-0.26765323590751927,0.1017906134701146,0.5009049125324032,-0.13889207271962895,0.019678241034569333,0.5,0.15271770597800216,0.002818876294672033
22.552,CIRCLE,-0.26564820093511865,0.10045032642874792,0.5009043771880677,-0.13647596775877843,0.018986164206989897,0.5,0.15271769199524335,0.0028197575492028434
22.56,CIRCLE,-0.26363645387278223,0.09912013567250941,0.5009038421676081,-0.1340564145778294,0.018306240739474455,0.5,0.152717677852281,0.0028206498342779208
22.568,CIRCLE,-0.2616180455565196,0.09780007482200528,0.5009033074581126,-0.13163347430953606,0.0176384878110602,0.5,0.15271766354531272,0.0028215485074628466
22.576,CIRCLE,-0.2595930269891446,0.09649017724428527,0.5009027730660814,-0.12920720817223375,0.016982922293282632,0.5,0.1527176490704623,0.0028224596759977975
22.584,CIRCLE,-0.25756144934339453,0.09519047604700963,0.5009022389869469,-0.12677767746828716,0.01633956074974774,0.5,0.1527176344247306,0.002823378101338673
22.592,CIRCLE,-0.255523363957166,0.09390100408112269,0.5009017052251025,-0.12434494358254476,0.015708419435714605,0.5,0.15271761960501848,0.0028243094739119077
22.6,CIRCLE,-0.2534788223347771,0.09262179393726176,0.5009011717766974,-0.12190906798078621,0.015089514297683959,0.5,0.15271760460880177,0.0028252481520471763
22.608,CIRCLE,-0.25142787614204265,0.09135287794856975,0.5009006386455882,-0.11947011220817276,0.014482860972996559,0.5,0.15271758943298497,0.0028261995635136196
22.616,CIRCLE,-0.24937057720806333,0.09009428818672999,0.5009001058352107,-0.11702813788768707,0.013888474789436334,0.5,0.1527175740749086,0.0028271553953356614
22.624,CIRCLE,-0.24730697752214256,0.0888460564629686,0.500899573340737,-0.11458320671857973,0.013306370764844255,0.5,0.1527175585317008,0.0028281278787523866
22.632,CIRCLE,-0.24523712923557325,0.08760821432293674,0.5008990411652233,-0.11213538047480859,0.012736563606738582,0.5,0.1527175428009463,0.00282910858587499
22.64,CIRCLE,-0.2431610846550482,0.08638079305574617,0.500898509300991,-0.1096847210034814,0.012179067711943659,0.5,0.1527175268808606,0.002830097330589239
22.648,CIRCLE,-0.24107889624333342,0.08516382368710015,0.5008979777463639,-0.10723129022328808,0.011633897166225371,0.5,0.15271751076905193,0.0028311016783430444
22.656,CIRCLE,-0.23899061661877707,0.08395733697760928,0.5008974465148678,-0.10477515012293964,0.011101065743935712,0.5,0.1527174944628706,0.0028321090400839403
22.664,CIRCLE,-0.23689629855126004,0.08276136342464645,0.5008969155996946,-0.10231636275960028,0.01058058690766478,0.5,0.15271747795807358,0.002833131562574093
22.672,CIRCLE,-0.2347959949672738,0.08157593325424393,0.5008963850010197,-0.0998549902573229,0.010072473807900884,0.5,0.15271746125114793,0.0028341619794412186
22.68,CIRCLE,-0.23268975894396735,0.08040107642948055,0.5008958547126428,-0.0973910948054743,0.009576739282697644,0.5,0.15271744433956483,0.0028352011432673987
22.688,CIRCLE,-0.23057764370882208,0.0792368226453601,0.5008953247340754,-0.09492473865716723,0.009093395857349973,0.5,0.15271742722066028,0.0028362490714520694
22.696,CIRCLE,-0.22845970263917573,0.07808320132945452,0.5008947950702738,-0.09245598412768599,0.008622455744077495,0.5,0.1527174098930662,0.00283730775746433
22.704,CIRCLE,-0.22633598925924284,0.07694024163975799,0.5008942657207598,-0.0899848935929152,0.008163930841716627,0.5,0.15271739235455842,0.002838377214355296
22.712,CIRCLE,-0.2242065572396963,0.07580797246527664,0.500893736675577,-0.08751152948775877,0.0077178327354187615,0.5,0.1527173746034806,0.0028394538739132725
22.72,CIRCLE,-0.22207146039570327,0.07468642242589266,0.5008932079401823,-0.08503595430456576,0.00728417269635856,0.5,0.15271735663859912,0.0028405491475531016
22.728,CIRCLE,-0.2199307526860044,0.07357561986901186,0.5008926795148144,-0.08255823059154976,0.0068629616814485095,0.5,0.15271733845820604,0.0028416461957312773
22.736,CIRCLE,-0.2177844882065354,0.07247559287662066,0.5008921513992902,-0.08007842095121206,0.006454210333062926,0.5,0.15271732005902172,0.0028427569061023695
22.744,CIRCLE,-0.21563272119639382,0.07138636925111573,0.5008916236003238,-0.07759658803875463,0.006057928978768001,0.5,0.15271730143692253,0.002843878465862713
22.752,CIRCLE,-0.21347550603233276,0.07030797652103275,0.5008910961174289,-0.07511279456050055,0.00567412763106151,0.5,0.15271728258602438,0.002845010883157062
22.76,CIRCLE,-0.211312897228216,0.06924044194181715,0.5008905689501026,-0.07262710327230797,0.0053028159871197356,0.5,0.15271726350009765,0.002846154165721747
22.768,CIRCLE,-0.20914494943472173,0.06818379249630933,0.5008900420860907,-0.07013957697798796,0.004944003428552612,0.5,0.15271724417394603,0.0028473038881940034
22.776,CIRCLE,-0.2069717174369889,0.06713805489453704,0.5008895155379794,-0.06765027852771255,0.004597699021166302,0.5,0.152717224602896,0.002848465608620103
22.784,CIRCLE,-0.20479325615743688,0.06610325556761816,0.5008889892992333,-0.06515927081643007,0.004263911514734375,0.5,0.15271720478412898,0.002849633978175812
22.792,CIRCLE,-0.20260962065100113,0.065079420670385,0.5008884633696739,-0.06266661678227446,0.00394264934277655,0.5,0.15271718471516552,0.002850818351139843
22.8,CIRCLE,-0.2004208661047372,0.06406657607892542,0.5008879377489172,-0.0601723794049785,0.0036339206223461873,0.5,0.152717164394026,0.00285200497296524
22.808,CIRCLE,-0.198227047832464,0.06306474739624919,0.5008874124368592,-0.057676621704277266,0.0033377331538244626,0.5,0.15271714381811485,0.002853204865467998
22.816,CIRCLE,-0.19602822127839475,0.06207395994053562,0.5008868874398045,-0.05517940673831944,0.0030540944207235743,0.5,0.1527171229844647,0.002854415384739279
22.824,CIRCLE,-0.1938244420115345,0.061094238750993006,0.5008863627573278,-0.05268079760207226,0.002783011589497786,0.5,0.15271710188843227,0.002855636532431305
22.832,CIRCLE,-0.19161576572517774,0.06012560858864357,0.50088583838897,-0.05018085742573091,0.002524491509362403,0.5,0.1527170805250852,0.0028568683097906574
22.84,CIRCLE,-0.18940224823654914,0.0591680939369295,0.5008853143295159,-0.04767964937311818,0.0022785407121203027,0.5,0.15271705889056864,0.0028581026381400516
22.848,CIRCLE,-0.1871839454856946,0.05822171899991794,0.5008847905780119,-0.045177236640092044,0.002045165411997285,0.5,0.1527170369819399,0.0028593520291711203
22.856,CIRCLE,-0.18496091353727231,0.05728650769278102,0.500884267133153,-0.04267368245294723,0.0018243715054849785,0.5,0.15271701479686234,0.0028606082397047068
22.864,CIRCLE,-0.18273320857394842,0.05636248365150773,0.5008837440020526,-0.040169050066821255,0.0016161645711919581,0.5,0.15271699233271388,0.0028618780867935554
22.872,CIRCLE,-0.18050088689775823,0.05544967022863073,0.500883221183607,-0.037663402764090886,0.0014205498697024144,0.5,0.15271696958771283,0.002863155425044298
22.88,CIRCLE,-0.17826400492541283,0.054548090496201,0.5008826986728382,-0.0351568038527768,0.0012375323434437036,0.5,0.15271694655914722,0.0028644415462047604
22.888,CIRCLE,-0.17602261918921344,0.05365776724084633,0.5008821764693148,-0.03264931666494227,0.0010671166165610035,0.5,0.15271692324403616,0.002865736448538153
22.896,CIRCLE,-0.1737767863365933,0.0527787229645611,0.5008816545825044,-0.030141004555096523,0.000909306994801129,0.5,0.1527168996405722,0.0028670438035897612
22.904,CIRCLE,-0.17152656312884307,0.05191097988376049,0.500881133003956,-0.027631930898588727,0.0007641074654030633,0.5,0.15271687574800155,0.0028683584699952663
22.912,CIRCLE,-0.1692720064367753,0.05105455993143841,0.5008806117326906,-0.02512215909001028,0.000631521696997539,0.5,0.15271685156495107,0.002869683277820369
22.92,CIRCLE,-0.167013173240745,0.05020948475226979,0.5008800907683006,-0.022611752541591285,0.0005115530395143897,0.5,0.15271682708929007,0.002871018220440187
22.928,CIRCLE,-0.1647501206302747,0.04937577570331359,0.5008795701104055,-0.02010077468160194,0.0004042045240978398,0.5,0.15271680231958412,0.0028723632908417476
22.936,CIRCLE,-0.16248290580360766,0.04855345385481986,0.500879049764534,-0.017589288952744607,0.00030947886302978844,0.5,0.1527167772565336,0.002873713846708218
22.944,CIRCLE,-0.16021158606389427,0.04774253998919937,0.5008785297236972,-0.015077358810554428,0.00022737844966158605,0.5,0.15271675190046402,0.0028750780619388977
22.952,CIRCLE,-0.15793621881736075,0.04694305459739512,0.5008780099890677,-0.012565047721794254,0.00015790535835313868,0.5,0.15271672625012886,0.002876448408637714
22.96,CIRCLE,-0.1556568615695249,0.04615501788526918,0.5008774905678289,-0.010052419162854652,0.00010106134442106063,0.5,0.15271670030262016,0.002877832158797969
22.968,CIRCLE,-0.1533735719274498,0.04537844976838088,0.5008769714675617,-0.0075395366181447675,5.6847844093710354e-05,0.5,0.1527166740553699,0.002879226224284859
22.976,CIRCLE,-0.15108640759658476,0.044613369875425926,0.5008764526796056,-0.005026463578491876,2.526597447538581e-05,0.5,0.15271664750560096,0.0028806216025722056
22.984,CIRCLE,-0.14879542637920115,0.043859797546353295,0.5008759341978528,-0.002513263539535431,6.3165335177362e-06,0.5,0.1527166206498578,0.0028820318856883124
22.992,CIRCLE,-0.14650068617689518,0.04311775182176333,0.5008754160161808,-1.2633564878726856e-13,0.0,0.5,0.15271659348488845,0.0028834464216806782
23.0,CIRCLE,-0.14420224498455114,0.042387251453576226,0.5008748981429272,0.002513263539282763,6.316533516459444e-06,0.5,0.15271656600665828,0.0028848753153191383
23.008,CIRCLE,-0.14190016089231317,0.04166831489893607,0.5008743805758996,0.005026463578238329,2.5265974472832298e-05,0.5,0.15271653821190162,0.0028863100823577205
23.016000000000002,CIRCLE,-0.1395944920814371,0.0409609603277986,0.5008738633151557,0.007539536617892125,5.6847844089935595e-05,0.5,0.1527165100978558,0.0028877553229625192
23.024,CIRCLE,-0.13728529682470333,0.04026520561591925,0.5008733463603154,0.01005241916260203,0.00010106134441600911,0.5,0.15271648166220653,0.002889211020866332
23.032,CIRCLE,-0.13497263348605362,0.03958106834563071,0.5008728297131528,0.012565047721541663,0.0001579053583468104,0.5,0.1527164529045385,0.0028906693584729863
23.04,CIRCLE,-0.13265656051786062,0.03890856580665187,0.5008723133664807,0.015077358810300983,0.0002273784496539255,0.5,0.1527164238253904,0.0028921450340288935
23.048000000000002,CIRCLE,-0.13033713645869555,0.03824771498978653,0.5008717973210995,0.017589288952492094,0.00030947886302090666,0.5,0.15271639442414478,0.0028936216059095585
23.056,CIRCLE,-0.12801441992774906,0.03759853259809936,0.5008712815821028,0.02010077468134947,0.00040420452408768126,0.5,0.1527163646979709,0.002895112355213303
23.064,CIRCLE,-0.12568846962860156,0.03696103503376913,0.5008707661437708,0.022611752541338872,0.0005115530395029544,0.5,0.15271633464361684,0.00289660723568566
23.072,CIRCLE,-0.12335934434492206,0.03633523840692402,0.5008702510157915,0.02512215908975704,0.000631521696984827,0.5,0.15271630425713129,0.002898116463688551
23.080000000000002,CIRCLE,-0.12102710294265605,0.03572115852912217,0.5008697361956949,0.027631930898336442,0.00076410746538913,0.5,0.15271627353579542,0.0028996309086034024
23.088,CIRCLE,-0.11869180436618558,0.035118810920934544,0.5008692216817361,0.030141004554844312,0.0009093069947859189,0.5,0.1527162424777698,0.002901154861688693
23.096,CIRCLE,-0.11635350763814163,0.03452821080406184,0.500868707473544,0.032649316664690134,0.0010671166165445167,0.5,0.15271621108160405,0.0029026883015331865
23.104,CIRCLE,-0.11401227185908802,0.033949373102108826,0.5008681935734873,0.03515680385252387,0.0012375323434258845,0.5,0.15271617934770068,0.0029042239334438505
23.112000000000002,CIRCLE,-0.11166815620496032,0.03338231244152194,0.5008676799782951,0.03766340276383893,0.0014205498696834296,0.5,0.15271614727753996,0.002905775730198178
23.12,CIRCLE,-0.1093212199246498,0.032827043145417546,0.5008671666824266,0.0401690500665694,0.0016161645711716965,0.5,0.15271611487161085,0.002907329369662412
23.128,CIRCLE,-0.10697152233399923,0.032283579245527265,0.5008666537001677,0.04267368245269548,0.0018243715054634402,0.5,0.1527160821277189,0.002908899489521393
23.136,CIRCLE,-0.1046191228196883,0.03175193447188553,0.5008661410248514,0.045177236639839524,0.0020451654119744145,0.5,0.1527160490439099,0.002910471746978163
23.144000000000002,CIRCLE,-0.10226408083515628,0.031232122263022247,0.5008656286551909,0.04767964937286666,0.002278540712096211,0.5,0.15271601561817666,0.0029120545046034505
23.152,CIRCLE,-0.09990645590170023,0.030724155753459728,0.5008651165953919,0.050180857425479515,0.0025244915093370346,0.5,0.1527159818485803,0.0029136459371176563
23.16,CIRCLE,-0.0975463076051998,0.030228047777408985,0.5008646048451029,0.052680797601821,0.0027830115894711405,0.5,0.1527159477323069,0.002915246018819315
23.168,CIRCLE,-0.09518369559587694,0.029743810869466675,0.5008640933960538,0.05517940673806743,0.0030540944206955967,0.5,0.15271591326708928,0.002916851726376125
23.176000000000002,CIRCLE,-0.09281867958680026,0.029271457264941483,0.5008635822617339,0.057676621704026286,0.003337733153795319,0.5,0.15271587845149728,0.002918468175418823
23.184,CIRCLE,-0.09045131935224755,0.02881099889829145,0.5008630714415059,0.060172379404727666,0.003633920622315767,0.5,0.1527158432843815,0.0029200889435965177
23.192,CIRCLE,-0.08808167472538678,0.028362447403853353,0.5008625609205839,0.06266661678202379,0.003942649342744853,0.5,0.15271580776425953,0.00292172125220009
23.2,CIRCLE,-0.08570980559677323,0.02792581411228394,0.5008620507087422,0.06515927081617867,0.004263911514701291,0.5,0.15271577188901952,0.0029233539672688094
23.208000000000002,CIRCLE,-0.08333577191321637,0.027501110054222396,0.5008615408012855,0.0676502785274622,0.004597699021132107,0.5,0.15271573565673607,0.0029250013931721927
23.216,CIRCLE,-0.08095963367763105,0.02708834595232887,0.5008610311982676,0.0701395769777378,0.004944003428517196,0.5,0.15271569906598279,0.0029266532777137183
23.224,CIRCLE,-0.07858145094505753,0.026687532233862152,0.5008605218996109,0.07262710327205797,0.005302815987083043,0.5,0.15271566211533552,0.002928314103761554
23.232,CIRCLE,-0.07620128382236875,0.026298679023356735,0.5008600129050086,0.07511279456024987,0.005674127631023429,0.5,0.1527156248034661,0.002929983839718164
23.240000000000002,CIRCLE,-0.07381919246803308,0.025921796143392874,0.5008595042140006,0.07759658803850503,0.006057928978728755,0.5,0.15271558713056577,0.002931655672362556
23.248,CIRCLE,-0.0714352370897312,0.025556893115274502,0.5008589958217717,0.08007842095096267,0.006454210333022459,0.5,0.15271554909757384,0.002933341922723878
23.256,CIRCLE,-0.06904947794163292,0.025203979152956194,0.5008584877268943,0.08255823059130056,0.006862961681406821,0.5,0.15271551070430214,0.0029350275751526492
23.264,CIRCLE,-0.06666197532062224,0.02486306317244071,0.5008579799363776,0.08503595430431589,0.007284172696315427,0.5,0.15271547194844245,0.00293672652639688
23.272000000000002,CIRCLE,-0.06427278956824777,0.02453415377983708,0.5008574724502033,0.08751152948751,0.007717832735374575,0.5,0.15271543282750882,0.0029384298873181658
23.28,CIRCLE,-0.06188198106830968,0.024217259282365622,0.5008569652682617,0.08998489359266666,0.008163930841671108,0.5,0.1527153933393373,0.00294014154035186
23.288,CIRCLE,-0.059489610246340044,0.023912387682386075,0.5008564583902634,0.09245598412743768,0.008622455744030755,0.5,0.1527153534824,0.0029418614505730438
23.296,CIRCLE,-0.057095737569377344,0.023619546678211988,0.50085595181771,0.09492473865691829,0.009093395857301845,0.5,0.1527153132572362,0.0029435824503241813
23.304000000000002,CIRCLE,-0.05470042354351285,0.02333874366498642,0.5008554455472255,0.09739109480522645,0.009576739282648405,0.5,0.15271527266560034,0.002945317172034693
23.312,CIRCLE,-0.05230372871083967,0.023069985728391047,0.5008549395807581,0.09985499025707532,0.010072473807850424,0.5,0.15271523170845885,0.002947054817321371
23.32,CIRCLE,-0.04990571364630311,0.022813279655676408,0.5008544339181794,0.10231636275935296,0.010580586907613043,0.5,0.15271519038536557,0.002948800824762448
23.328,CIRCLE,-0.04750643895751182,0.02256863192750086,0.5008539285669623,0.10477515012269172,0.011101065743882588,0.5,0.15271514869509542,0.002950552221332414
23.336000000000002,CIRCLE,-0.04510596528371711,0.022336048719375723,0.5008534235268214,0.10723129022304129,0.011633897166171137,0.5,0.15271510663623059,0.002952308972511103
23.344,CIRCLE,-0.04270435329556297,0.022115535902619637,0.5008529187989779,0.10968472100323488,0.012179067711888258,0.5,0.1527150642085698,0.002954071530597522
23.352,CIRCLE,-0.04030166369224128,0.02190709904241736,0.5008524143831571,0.11213538047456234,0.012736563606681905,0.5,0.15271502141168278,0.0029558398593233213
23.36,CIRCLE,-0.037897957201342085,0.021710743398525464,0.5008519102733618,0.11458320671833293,0.01330637076478619,0.5,0.1527149782463377,0.002957617797976049
23.368000000000002,CIRCLE,-0.035493294575214815,0.021526473925133738,0.5008514064790678,0.11702813788744142,0.013888474789377159,0.5,0.1527149347125258,0.00295940162036334
23.376,CIRCLE,-0.033087736589861444,0.021354295272141666,0.500850902988222,0.1194701122079274,0.014482860972936162,0.5,0.15271489080974607,0.0029611868382125
23.384,CIRCLE,-0.030681344043166622,0.021194211785005877,0.5008503997933887,0.12190906798054117,0.015089514297622342,0.5,0.15271484653689035,0.0029629873851850464
23.392,CIRCLE,-0.028274177753355903,0.021046227498966744,0.5008498969003132,0.12434494358229917,0.015708419435651544,0.5,0.15271480189205422,0.00296478765350683
23.400000000000002,CIRCLE,-0.02586629855766563,0.02091034615064214,0.5008493943088025,0.12677767746804275,0.01633956074968368,0.5,0.1527147568731014,0.002966596643158642
23.408,CIRCLE,-0.02345776731212123,0.02078657116492295,0.5008488920151042,0.12920720817198966,0.01698292229321735,0.5,0.15271471147848434,0.0029684088361362914
23.416,CIRCLE,-0.02104864488906358,0.020674905660562626,0.5008483900320748,0.1316334743092923,0.017638487810993697,0.5,0.15271466570668532,0.00297022905632874
23.424,CIRCLE,-0.01863899217558311,0.02057535244881464,0.5008478883594848,0.13405641457758513,0.01830624073940651,0.5,0.15271461955600524,0.0029720572599413815
23.432000000000002,CIRCLE,-0.016228870073240774,0.020487914034669628,0.5008473870073537,0.13647596775853538,0.018986164206920952,0.5,0.15271457302600308,0.002973889526820298
23.44,CIRCLE,-0.013818339496862045,0.0204125926183071,0.5008468859650782,0.13889207271938622,0.01967824103449911,0.5,0.1527145261176649,0.002975721835844698
23.448,CIRCLE,-0.01140746137092829,0.020349390092978696,0.5008463852234482,0.14130466841450673,0.02038245373603531,0.5,0.1527144788314275,0.0029775652935279695
23.456,CIRCLE,-0.008996296628217382,0.020298308040046453,0.5008458847817623,0.14371369388693053,0.021098784518796987,0.5,0.15271443116743622,0.0029794117612688973
23.464000000000002,CIRCLE,-0.006584906208098165,0.020259347739776383,0.5008453846399604,0.146119088269898,0.02182721528387488,0.5,0.15271438312536642,0.002981264482876172
23.472,CIRCLE,-0.004173351055406575,0.020232510165771708,0.5008448847978323,0.1485207907883904,0.022567727626639,0.5,0.15271433470478382,0.0029831234141888263
23.48,CIRCLE,-0.0017616921203709216,0.02021779598560676,0.500844385246677,0.1509187407606708,0.023320302837205542,0.5,0.15271428590656247,0.002984985296446286
23.488,CIRCLE,0.0006500096426756367,0.020215205561091704,0.5008438859953472,0.15331287759981369,0.02408492190090833,0.5,0.15271423673326057,0.0029868533738734897
23.496000000000002,CIRCLE,0.003061693278883347,0.020224738945027586,0.5008433870462383,0.15570314081523756,0.024861565498779825,0.5,0.15271418718702243,0.0029887265716412354
23.504,CIRCLE,0.005473297835217409,0.020246395884302458,0.5008428883991616,0.15808947001422988,0.02565021400803824,0.5,0.15271413726876054,0.0029906048453484605
23.512,CIRCLE,0.00788476236052136,0.020280175820539096,0.5008423900437674,0.16047180490347798,0.026450847502584918,0.5,0.15271408697955632,0.002992484311475004
23.52,CIRCLE,0.010296025906974154,0.020326077890149178,0.500841891984915,0.1628500852905892,0.027263445753506588,0.5,0.15271403632084823,0.0029943732837190468
23.528000000000002,CIRCLE,0.01270702753315552,0.020384100919506265,0.5008413942198091,0.16522425108561323,0.02808798822958719,0.5,0.15271398529299768,0.0029962610684189923
23.536,CIRCLE,0.015117706305975611,0.020454243431619064,0.5008408967545487,0.16759424230255715,0.02892445409782546,0.5,0.15271393389471227,0.0029981580764804677
23.544,CIRCLE,0.017528001301025036,0.02053650363795986,0.5008403995891042,0.16995999906090592,0.029772822223962825,0.5,0.15271388212457912,0.0030000573057764692
23.552,CIRCLE,0.019937851603244496,0.02063087944728992,0.5008399027174105,0.17232146158713216,0.030633071173016557,0.5,0.15271382998148694,0.003001963975102918
23.56,CIRCLE,0.022347196309265745,0.02073736846232538,0.5008394061510444,0.17467857021620706,0.03150517920982132,0.5,0.15271377746410655,0.0030038735775702024
23.568,CIRCLE,0.024755974528736433,0.02085596798115859,0.5008389098774115,0.17703126539310882,0.03238912429957891,0.5,0.15271372457076918,0.0030057878859840316
23.576,CIRCLE,0.027164125386018763,0.02098667499519547,0.5008384138962998,0.179379487674324,0.03328488410841346,0.5,0.15271367129963825,0.0030077068527895653
23.584,CIRCLE,0.029571588020203043,0.021129486189716277,0.5008379182075047,0.18172317772935448,0.034192436003937954,0.5,0.1527136176501405,0.0030096304303373245
23.592,CIRCLE,0.03197830158519747,0.021284397944803458,0.5008374228173402,0.1840622763422131,0.03511175705582448,0.5,0.1527135636243641,0.0030115535373569104
23.6,CIRCLE,0.034384205253815116,0.02145140633417205,0.5008369277236907,0.18639672441292152,0.03604282403638437,0.5,0.1527135092245372,0.003013482956979382
23.608,CIRCLE,0.0367892382209417,0.021630507120550296,0.5008364329221985,0.18872646295900017,0.03698561342115392,0.5,0.1527134544519227,0.0030154108320013255
23.616,CIRCLE,0.03919333970529137,0.0218216957614517,0.5008359384183538,0.19105143311696343,0.03794010138949039,0.5,0.15271339930620817,0.0030173499319978135
23.624,CIRCLE,0.04159644895009472,0.0220249674055536,0.5008354442142733,0.1933715761438036,0.03890626382517276,0.5,0.15271334378668003,0.0030192863464449876
23.632,CIRCLE,0.04399850522279093,0.022240316903934753,0.5008349503097846,0.1956868334184767,0.03988407631701191,0.5,0.15271328789286295,0.0030212288324168203
23.64,CIRCLE,0.04639944781722808,0.02246773879830848,0.5008344567005001,0.1979971464433804,0.04087351415946544,0.5,0.15271323162508246,0.003023171717290022
23.648,CIRCLE,0.04879921605553011,0.022707227326412147,0.5008339634021416,0.20030245684583686,0.04187455235326465,0.5,0.1527131749837151,0.00302512084384009
23.656,CIRCLE,0.05119774928991881,0.02295877641997756,0.5008334704045665,0.20260270637956446,0.042887165606044275,0.5,0.15271311796890294,0.003027072450422844
23.664,CIRCLE,0.0535949869016276,0.023222379707432978,0.5008329777066218,0.2048978369261508,0.0439113283329825,0.5,0.1527130605830219,0.00302902602040117
23.672,CIRCLE,0.055990868303966344,0.02349803051171614,0.5008324853177277,0.20718779049651823,0.04494701465744577,0.5,0.1527130028294532,0.0030309850515914867
23.68,CIRCLE,0.05838533294345545,0.023785721849566458,0.5008319932399452,0.2094725092323936,0.04599419841164498,0.5,0.1527129447130281,0.0030329485686580193
23.688,CIRCLE,0.060778320303249526,0.024085446435587667,0.5008315014580681,0.21175193540776707,0.047052853137295014,0.5,0.1527128862375517,0.003034910822590792
23.696,CIRCLE,0.06316976990505842,0.024397196681791446,0.5008310099686115,0.21402601143035208,0.04812295208628398,0.5,0.15271282740562256,0.0030368776216173634
23.704,CIRCLE,0.06555962131219338,0.024720964692893907,0.5008305187731564,0.21629467984303732,0.04920446822134761,0.5,0.15271276821784524,0.003038840815263729
23.712,CIRCLE,0.0679478141297562,0.025056742269739238,0.5008300278775888,0.21855788332534337,0.050297374216754676,0.5,0.15271270867371134,0.003040815194611223
23.72,CIRCLE,0.0703342880053491,0.025404520905039665,0.5008295372798084,0.22081556469486757,0.0514016424589957,0.5,0.15271264877310317,0.003042784857905636
23.728,CIRCLE,0.07271898262849366,0.025764291796794504,0.5008290469796237,0.2230676669087306,0.05251724504748162,0.5,0.15271258851622624,0.003044759810377659
23.736,CIRCLE,0.07510183773401811,0.02613604583520265,0.5008285569704337,0.22531413306501438,0.05364415379524712,0.5,0.15271252790390566,0.003046732977966406
23.744,CIRCLE,0.07748279310374327,0.026519773608656268,0.5008280672619718,0.22755490640420462,0.054782340229665105,0.5,0.15271246693660545,0.003048715132316878
23.752,CIRCLE,0.0798617885676008,0.026915465400302638,0.5008275778440602,0.22978993031062167,0.05593177559316448,0.5,0.15271240561529936,0.0030506905932714927
23.76,CIRCLE,0.08223876400474593,0.027323111196966225,0.5008270887235277,0.23201914831385273,0.05709243084395771,0.5,0.15271234394044594,0.0030526741749476415
23.768,CIRCLE,0.08461365934650822,0.027742700676159523,0.5008265999003085,0.23424250409017525,0.058264276656772696,0.5,0.15271228191294878,0.0030546566059226152
23.776,CIRCLE,0.08698641457582078,0.028174223217986325,0.5008261113692835,0.23645994146398489,0.059447283423596564,0.5,0.15271221953401407,0.003056643716642857
23.784,CIRCLE,0.08935696973043535,0.028617667900627582,0.5008256231419936,0.23867140440921167,0.06064142125442168,0.5,0.15271215680449213,0.003058631037507399
23.792,CIRCLE,0.09172526490423981,0.029073023501793655,0.5008251352077154,0.24087683705073712,0.06184665997800193,0.5,0.1527120937246211,0.0030606145150152077
23.8,CIRCLE,0.09409124024855103,0.029540278498898332,0.5008246475665753,0.24307618366580286,0.06306296914261333,0.5,0.1527120302944238,0.003062606633173088
23.808,CIRCLE,0.09645483597430726,0.030019421063430116,0.5008241602221454,0.24526938868542325,0.06429031801682583,0.5,0.1527119665143225,0.00306459534024083
23.816,CIRCLE,0.09881599235080771,0.030510439072100104,0.5008236731742192,0.24745639669578623,0.06552867559027825,0.5,0.15271190238543852,0.003066587184441523
23.824,CIRCLE,0.10117464970910062,0.0310133200982863,0.5008231864341398,0.24963715243965498,0.06677801057446259,0.5,0.1527118379097767,0.0030685777796178714
23.832,CIRCLE,0.103530748443283,0.03152805141361539,0.5008226999934765,0.25181160081776094,0.0680382914035127,0.5,0.15271177309003023,0.0030705701786908914
23.84,CIRCLE,0.10588422901147186,0.03205461999018974,0.5008222138442592,0.2539796868902006,0.06930948623500466,0.5,0.15271170792979516,0.0030725672644955388
23.848,CIRCLE,0.10823503193671329,0.0325930125028465,0.5008217280037772,0.25614135587782066,0.07059156295075941,0.5,0.15271164243379273,0.0030745624013586124
23.856,CIRCLE,0.11058309780898541,0.03314321533092973,0.5008212424571439,0.2582965531636034,0.07188448915765522,0.5,0.15271157660665896,0.003076557688751092
23.864,CIRCLE,0.11292836728956052,0.033705214553110235,0.5008207572042462,0.26044522429404365,0.07318823218844439,0.5,0.15271151045177164,0.003078553076174151
23.872,CIRCLE,0.1152707811109118,0.03427899594789712,0.5008202722450121,0.26258731498052945,0.07450275910258103,0.5,0.15271144397273653,0.0030805485131746753
23.88,CIRCLE,0.11761028007662899,0.03486454499442516,0.5008197875785985,0.2647227711007103,0.07582803668705196,0.5,0.1527113771748403,0.0030825441725742153
23.888,CIRCLE,0.11994680506378941,0.03546184687579926,0.5008193032070198,0.2668515386998662,0.07716403145721651,0.5,0.15271131006344718,0.003084540708476094
23.896,CIRCLE,0.12228029702524616,0.03607088647759935,0.5008188191389766,0.2689735639922683,0.07851070965765078,0.5,0.15271124264373728,0.0030865347523583732
23.904,CIRCLE,0.12461069699059384,0.03669164838934329,0.500818335369552,0.2710887933625416,0.07986803726300329,0.5,0.1527111749208164,0.003088530406016153
23.912,CIRCLE,0.12693794607077427,0.03732411690295029,0.5008178518986984,0.2731971733670174,0.08123597997885273,0.5,0.1527111068973672,0.0030905276167492363
23.92,CIRCLE,0.12926198545796555,0.037968276013429926,0.5008173687256904,0.27529865073508447,0.08261450324257558,0.5,0.1527110385751191,0.0030925199783800724
23.928,CIRCLE,0.1315827564253791,0.03862410942176752,0.5008168858503486,0.27739317237053246,0.08400357222421723,0.5,0.15271096995576333,0.0030945154263854057
23.936,CIRCLE,0.13390020032978067,0.03929160053038323,0.500816403268329,0.2794806853528977,0.08540315182737507,0.5,0.15271090104140456,0.0030965104681682618
23.944,CIRCLE,0.1362142586115792,0.0399707324510807,0.5008159209794962,0.28156113693879725,0.08681320669008324,0.5,0.15271083183370956,0.003098504956118999
23.952,CIRCLE,0.13852487279683687,0.040661488003633416,0.5008154389837305,0.28363447456326313,0.088233701185707,0.5,0.1527107623338567,0.003100498770106597
23.96,CIRCLE,0.14083198449908393,0.041363849714645705,0.5008149572809262,0.2857006458410675,0.08966459942384097,0.5,0.15271069254265857,0.003102491860498922
23.968,CIRCLE,0.14313553541919086,0.04207779981834253,0.500814475870939,0.28775959856805067,0.09110586525121894,0.5,0.15271062246196282,0.0031044840881229497
23.976,CIRCLE,0.14543546734783522,0.04280332025478129,0.500813994753671,0.2898112807224369,0.09255746225262529,0.5,0.1527105520944065,0.003106475403258257
23.984,CIRCLE,0.14773172216536784,0.04354039267063712,0.5008135139286128,0.2918556404661506,0.09401935375181608,0.5,0.15271048144485017,0.003108465769000494
23.992,CIRCLE,0.150024241846382,0.044288998420049824,0.5008130333956987,0.2938926261461228,0.09549150281244367,0.5,0.15271041051733686,0.003110455135889687
24.0,CIRCLE,0.15231296845956754,0.04504911856540939,0.5008125531550194,0.2959221862956012,0.09697387223899306,0.5,0.15271033931652903,0.0031124375109887414
24.008,CIRCLE,0.15459784416947508,0.04582073387815481,0.5008120732060548,0.29794426963544673,0.09846642457771954,0.5,0.1527102678473114,0.0031144264765110403
24.016000000000002,CIRCLE,0.15687881124184422,0.04660382483412149,0.5008115935487478,0.2999588250754315,0.09996912211759612,0.5,0.1527101961129692,0.0031164104082271665
24.024,CIRCLE,0.15915581204102114,0.047398371626244266,0.5008111141758285,0.30196580171552606,0.10148192689126434,0.5,0.15271012411475185,0.003118396966309537
24.032,CIRCLE,0.16142878903423263,0.04820435415772269,0.5008106350843359,0.30396514884719045,0.10300480067599643,0.5,0.15271005185177272,0.0031203771557015945
24.04,CIRCLE,0.16369768479103963,0.04902175204588525,0.5008101562843338,0.30595681595465196,0.10453770499465914,0.5,0.15270997932172403,0.0031223578250084267
24.048000000000002,CIRCLE,0.16596244198527885,0.049850544614476036,0.500809677781706,0.30794075271618304,0.10608060111668705,0.5,0.15270990652329408,0.0031243334431026787
24.056,CIRCLE,0.16822300339339757,0.05069071089835747,0.5008091995733739,0.30991690900537017,0.10763345005905878,0.5,0.15270983345759961,0.003126309597807964
24.064,CIRCLE,0.17047931189844556,0.051542229642425365,0.5008087216488998,0.3118852348923843,0.10919621258728535,0.5,0.1527097601264547,0.003128281220357931
24.072,CIRCLE,0.17273131049086207,0.05240507930701377,0.5008082440243208,0.3138456806452396,0.11076884921639907,0.5,0.15270968653135658,0.003130254218540475
24.080000000000002,CIRCLE,0.17497894227035204,0.053279238065787785,0.5008077666948074,0.31579819673105164,0.11235132021195271,0.5,0.1527096126738057,0.003132220967885309
24.088,CIRCLE,0.17722215044505157,0.054164683809488176,0.500807289660004,0.3177427338172858,0.1139435855910208,0.5,0.15270953855628763,0.0031341881731286967
24.096,CIRCLE,0.1794608783355412,0.055061394140001385,0.5008068129085267,0.319679242773008,0.11554560512321332,0.5,0.1527094641823136,0.003136150919551847
24.104,CIRCLE,0.1816950693760936,0.05596934637637633,0.5008063364547055,0.32160767467012347,0.11715733833169006,0.5,0.15270938955468563,0.0031381144862848744
24.112000000000002,CIRCLE,0.18392466711633407,0.05688851755300064,0.500805860295197,0.32352798078461387,0.11877874449418419,0.5,0.15270931467599053,0.003140071221055588
24.12,CIRCLE,0.1861496152205714,0.05781888442326605,0.5008053844301267,0.32544011259776623,0.12040978264402907,0.5,0.1527092395493754,0.0031420278666783093
24.128,CIRCLE,0.18836985747176482,0.05876042345369649,0.5008049088462883,0.3273440217974024,0.12205041157119678,0.5,0.15270916417875346,0.003143979537614541
24.136,CIRCLE,0.1905853377726229,0.05971311083013656,0.5008044335574132,0.32923966027909735,0.12370058982333687,0.5,0.1527090885670626,0.0031459312861878736
24.144000000000002,CIRCLE,0.19279600014719284,0.06067692245597902,0.5008039585596642,0.3311269801473957,0.12536027570682495,0.5,0.1527090127168528,0.0031478758344037436
24.152,CIRCLE,0.1950017887400925,0.06165183395577597,0.5008034838564023,0.3330059337170193,0.1270294272878138,0.5,0.15270893663112664,0.003149820553213103
24.16,CIRCLE,0.19720264781994243,0.06263782067007599,0.5008030094413022,0.33487647351407596,0.12870800239329644,0.5,0.15270886031386932,0.003151762874673685
24.168,CIRCLE,0.19939852177923836,0.0636348576627916,0.500802535314333,0.33673855227725646,0.13039595861216913,0.5,0.1527087837686499,0.0031537027539358057
24.176000000000002,CIRCLE,0.20158935513415538,0.06464291972177234,0.5008020614722063,0.33859212295902974,0.1320932532963044,0.5,0.1527087069999523,0.0031556388439705945
24.184,CIRCLE,0.20377509252773346,0.065661981356289,0.5008015879155753,0.3404371387268292,0.13379984356162594,0.5,0.1527086300129225,0.003157571295654022
24.192,CIRCLE,0.20595567873246792,0.06669201679494449,0.5008011146461615,0.34227355296423967,0.13551568628919597,0.5,0.15270855281351925,0.0031594993264352127
24.2,CIRCLE,0.20813105865255296,0.06773299998888235,0.5008006416639278,0.34410131927217286,0.13724073812630205,0.5,0.15270847540664362,0.0031614228944926927
24.208000000000002,CIRCLE,0.2103011773236481,0.06878490461247916,0.5008001689633764,0.3459203914700408,0.13897495548755384,0.5,0.15270839779756923,0.0031633462104311604
24.216,CIRCLE,0.21246597991590738,0.06984770406317976,0.5007996965499715,0.3477307235969202,0.14071829455598178,0.5,0.1527083199909572,0.0031652589174404893
24.224,CIRCLE,0.21462541173442493,0.07092137146536173,0.5007992244277603,0.34953226991271746,0.1424707112841478,0.5,0.1527082419901689,0.003167172026706689
24.232,CIRCLE,0.21677941822384242,0.07200587966301905,0.5007987525921376,0.35132498489932185,0.1442321613952559,0.5,0.15270816379812108,0.0031690807461200823
24.240000000000002,CIRCLE,0.21892794496542725,0.07310120122995037,0.5007982810437027,0.35310882326175685,0.1460026003842721,0.5,0.15270808541677447,0.0031709851971081053
24.248,CIRCLE,0.22107093767880762,0.07420730846843204,0.500797809782427,0.3548837399293219,0.1477819835190462,0.5,0.15270800684766872,0.0031728853392644905
24.256,CIRCLE,0.22320834222170163,0.07532417340998737,0.5007973388085415,0.35664969005673514,0.14957026584144612,0.5,0.15270792809329423,0.0031747811555110834
24.264,CIRCLE,0.22534010459259654,0.0764517678130768,0.5007968681136329,0.35840662902526393,0.15136740216849082,0.5,0.1527078491573183,0.003176675709957702
24.272000000000002,CIRCLE,0.22746617093133134,0.07759006316554316,0.50079639771508,0.3601545124438534,0.15317334709349362,0.5,0.15270777004460984,0.0031785623593226565
24.28,CIRCLE,0.22958648752113173,0.07873903068665694,0.5007959276130394,0.36189329615024546,0.15498805498720664,0.5,0.15270769075973856,0.0031804409914724698
24.288,CIRCLE,0.23170100079406503,0.07989864132235297,0.5007954578032588,0.36362293621209846,0.1568114799989776,0.5,0.1527076113062248,0.0031823194982534483
24.296,CIRCLE,0.2338096573333129,0.08106886574662742,0.5007949882830638,0.3653433889280948,0.15864357605790563,0.5,0.1527075316855625,0.0031841902483257167
24.304000000000002,CIRCLE,0.23591240386847945,0.08224967436891942,0.5007945190581231,0.36705461082904606,0.16048429687400678,0.5,0.1527074518991635,0.003186055207595453
24.312,CIRCLE,0.23800918727964368,0.0834410373301996,0.5007940501191123,0.368756558678989,0.1623335959393808,0.5,0.15270737194822354,0.003187917803217391
24.32,CIRCLE,0.2400999545980677,0.08464292450532501,0.5007935814660441,0.37044918947628175,0.16419142652939028,0.5,0.15270729183359835,0.0031897779947457007
24.328,CIRCLE,0.2421846530058891,0.08585530550378924,0.50079311310871,0.3721324604546877,0.16605774170383836,0.5,0.15270721155720246,0.0031916320341955637
24.336000000000002,CIRCLE,0.24426322983714782,0.08707814967114828,0.5007926450400972,0.37380632908445705,0.16793249430815638,0.5,0.1527071311217583,0.0031934771869285856
24.344,CIRCLE,0.2463356325802747,0.08831142608723605,0.5007921772546124,0.3754707530733996,0.16981563697459234,0.5,0.1527070505312288,0.0031953205722470702
24.352,CIRCLE,0.24840180888232605,0.0895551035655534,0.5007917097576997,0.3771256903679561,0.17170712212341177,0.5,0.15270696978919357,0.003197154922497125
24.36,CIRCLE,0.25046170654617744,0.09080915065924124,0.5007912425470049,0.3787710991542592,0.1736069019640974,0.5,0.1527068888994988,0.003198986137871341
24.368000000000002,CIRCLE,0.2525152735357925,0.09207353565849778,0.5007907756106504,0.3804069378591904,0.1755149284965577,0.5,0.1527068078647135,0.0032008097587691454
24.376,CIRCLE,0.2545624579742323,0.09334822659343522,0.5007903089626781,0.38203316515142843,0.17743115351233713,0.5,0.15270672668798962,0.0032026309556834488
24.384,CIRCLE,0.2566032081453354,0.09463319123215265,0.5007898425927534,0.3836497399424972,0.17935552859583825,0.5,0.1527066453739808,0.0032044443361425095
24.392,CIRCLE,0.25863747249447616,0.09592839708660625,0.5007893765079687,0.38525662138780115,0.18128800512554216,0.5,0.15270656392670914,0.0032062524258429518
24.400000000000002,CIRCLE,0.26066519963204826,0.09723381140921845,0.5007889107083165,0.386853768887659,0.18322853427523855,0.5,0.15270648234992307,0.0032080551915743497
24.408,CIRCLE,0.26268633833309546,0.09854940119369807,0.5007884451914674,0.38844114208832664,0.18517706701525627,0.5,0.15270640064852625,0.003209853405617791
24.416,CIRCLE,0.2647008375392544,0.09987513317818265,0.5007879799574008,0.39001870088302054,0.18713355411370658,0.5,0.15270631882676367,0.0032116470348297578
24.424,CIRCLE,0.2667086463584235,0.10121097384591303,0.5007875150059995,0.3915864054129287,0.18909794613772424,0.5,0.1527062368895957,0.0032134279083435103
24.432000000000002,CIRCLE,0.2687097140670072,0.10255688942602742,0.5007870503410213,0.3931442160682189,0.19107019345471765,0.5,0.1527061548419192,0.003215205854735619
24.44,CIRCLE,0.27070399011811663,0.10391284588840495,0.5007865859556532,0.39469209348903717,0.19305024623362027,0.5,0.15270607268634376,0.003216978431509262
24.448,CIRCLE,0.2726914241356648,0.10527880895010726,0.500786121849926,0.3962299985665055,0.1950380544461538,0.5,0.15270599042600408,0.00321874560802401
24.456,CIRCLE,0.2746719659140342,0.10665474407601808,0.5007856580267234,0.3977578924437081,0.1970335678680895,0.5,0.15270590806593418,0.0032205061956300796
24.464000000000002,CIRCLE,0.27664556542041313,0.10804061648203268,0.5007851944826034,0.39927573651667403,0.19903673608051842,0.5,0.15270582561073318,0.0032222587999183165
24.472,CIRCLE,0.2786121727977939,0.1094363911324686,0.5007847312116002,0.4007834924353502,0.20104750847112252,0.5,0.15270574306519397,0.0032240075455792897
24.48,CIRCLE,0.2805717383680551,0.11084203273956486,0.500784268216026,0.4022811221045741,0.20306583423545765,0.5,0.15270566043376305,0.0032257426680991023
24.488,CIRCLE,0.2825242126318514,0.11225750576734753,0.5007838055061585,0.40376858768503376,0.2050916623782345,0.5,0.15270557771988202,0.003227474882023199
24.496000000000002,CIRCLE,0.28446954627508486,0.11368277442751745,0.5007833430741808,0.40524585159422477,0.20712494171460838,0.5,0.1527054949247821,0.0032292013782642495
24.504,CIRCLE,0.2864076901618996,0.11511780268702905,0.5007828809201362,0.40671287650739824,0.20916562087146945,0.5,0.1527054120501753,0.0032309221298851033
24.512,CIRCLE,0.2883385953343681,0.11656255426861842,0.5007824190428332,0.4081696253585065,0.21121364828874534,0.5,0.15270532909958134,0.0032326289736011355
24.52,CIRCLE,0.29026221301466887,0.11801699265151096,0.5007819574477284,0.4096160613411377,0.21326897222070068,0.5,0.15270524607765484,0.003234334984732512
24.528000000000002,CIRCLE,0.2921784946149043,0.11948108106548616,0.5007814961333623,0.411052147909447,0.21533154073724625,0.5,0.15270516298765183,0.0032360315411542563
24.536,CIRCLE,0.2940873917308284,0.12095478250020382,0.5007810351041764,0.4124778487790776,0.21740130172524785,0.5,0.15270507983218534,0.0032377201762681168
24.544,CIRCLE,0.2959888561459409,0.12243805970121653,0.5007805743504231,0.41389312792808064,0.21947820288984765,0.5,0.1527049966139394,0.0032394044830011464
24.552,CIRCLE,0.2978828398320791,0.1239308751722846,0.5007801138716511,0.41529794959782346,0.2215621917557824,0.5,0.15270491333543174,0.0032410783127343585
24.560000000000002,CIRCLE,0.29976929494893756,0.12543319117807317,0.500779653677739,0.4166922782938938,0.22365321566871066,0.5,0.1527048299991967,0.003242745245351058
24.568,CIRCLE,0.3016481738480916,0.12694496974011035,0.5007791937570616,0.41807607878699504,0.2257512217965405,0.5,0.1527047466086506,0.003244409582840787
24.576,CIRCLE,0.30351942907368823,0.12846617263958648,0.5007787341140351,0.4194493161138388,0.22785615713076857,0.5,0.15270466316756617,0.003246061709991237
24.584,CIRCLE,0.30538301335955226,0.12999676142396024,0.5007782747497562,0.4208119555780267,0.22996796848781648,0.5,0.15270457967941378,0.003247707783266568
24.592,CIRCLE,0.30723887963640445,0.1315366974019016,0.5007778156541698,0.4221639627509274,0.23208660251037538,0.5,0.15270449614662615,0.003249344042745879
24.6,CIRCLE,0.30908698102993143,0.1330859416457771,0.5007773568381273,0.4235053034725467,0.23421200566875472,0.5,0.15270441257218284,0.003250974491755862
24.608,CIRCLE,0.3109272708620464,0.13464445499023775,0.5007768982901246,0.42483594385238943,0.23634412426223184,0.5,0.15270432896092723,0.003252595508927616
24.616,CIRCLE,0.31275970265144537,0.13621219803767895,0.5007764400218971,0.4261558502703176,0.23848290442041337,0.5,0.15270424531731966,0.003254211423498349
24.624,CIRCLE,0.3145842301149748,0.13778913115671906,0.500775982025319,0.42746498937739874,0.24062829210459297,0.5,0.15270416164672015,0.0032558177027856568
24.632,CIRCLE,0.316400807168046,0.13937521448709853,0.5007755243067312,0.4287633280967492,0.24278023310911856,0.5,0.15270407795348462,0.0032574166291241503
24.64,CIRCLE,0.31820938792767406,0.14097040793662272,0.5007750668577722,0.43005083362436786,0.24493867306275874,0.5,0.1527039942421253,0.0032590112867834117
24.648,CIRCLE,0.32000992671281453,0.14257467118331063,0.5007746096812103,0.4313274734299679,0.247103557430081,0.5,0.15270391051729523,0.003260591762174608
24.656,CIRCLE,0.3218023780443199,0.14418796367911577,0.5007741527823458,0.4325932152577968,0.2492748315128267,0.5,0.15270382678274108,0.003262166983347259
24.664,CIRCLE,0.32358669665272694,0.14581024464459216,0.5007736961551972,0.4338480271274524,0.25145244045129445,0.5,0.15270374304076118,0.0032637348115791267
24.672,CIRCLE,0.3253628374730636,0.14744147307440916,0.500773239799764,0.4350918773346888,0.25363632922572343,0.5,0.15270365929387678,0.003265295233067819
24.68,CIRCLE,0.32713075564434096,0.14908160773810317,0.5007727837275093,0.4363247344522203,0.2558264426576878,0.5,0.15270357554620154,0.0032668438828751365
24.688,CIRCLE,0.32889040651082513,0.1507306071815199,0.5007723279262394,0.4375465673305138,0.2580227254114879,0.5,0.15270349180281742,0.0032683876352131366
24.696,CIRCLE,0.3306417456287606,0.1523884297244193,0.5007718724003781,0.4387573450985763,0.26022512199555015,0.5,0.15270340806838154,0.00326991965900137
24.704,CIRCLE,0.33238472876418457,0.15405503346540297,0.5007714171472805,0.4399570371647336,0.26243357676382545,0.5,0.15270332434667552,0.003271445456562519
24.712,CIRCLE,0.3341193118976088,0.15573037627962455,0.5007709621623313,0.44114561321740553,0.26464803391720043,0.5,0.1527032406404915,0.0032729633593068666
24.72,CIRCLE,0.33584545122060355,0.1574144158224741,0.500770507454413,0.4423230432258702,0.26686843750490374,0.5,0.15270315695307385,0.0032744699928680737
24.728,CIRCLE,0.33756310313669036,0.1591071095307984,0.5007700530165735,0.44348929744102356,0.26909473142592144,0.5,0.15270307328797358,0.003275970694025001
24.736,CIRCLE,0.3392722242658921,0.16080841462135506,0.5007695988525455,0.4446443463961294,0.27132685943041124,0.5,0.15270298964865056,0.003277460041969042
24.744,CIRCLE,0.3409727714429626,0.1625182880948145,0.5007691449587957,0.4457881609075664,0.27356476512112854,0.5,0.15270290603829353,0.0032789430099608337
24.752,CIRCLE,0.3426647017214391,0.1642366867339525,0.5007686913231603,0.4469207120755638,0.27580839195484813,0.5,0.15270282245986183,0.003280415064965694
24.76,CIRCLE,0.34434797237129317,0.16596356710638077,0.5007682379608002,0.4480419712849323,0.27805768324379443,0.5,0.15270273891746078,0.003281880569854291
24.768,CIRCLE,0.3460225408827151,0.16769888556471318,0.5007677848607183,0.4491519102057856,0.2803125821570705,0.5,0.15270265541490144,0.003283335423226753
24.776,CIRCLE,0.3476883649637403,0.16944259824940694,0.5007673320370316,0.45025050079425855,0.282573031722099,0.5,0.15270257195703005,0.0032847841435769253
24.784,CIRCLE,0.3493454025441831,0.17119466108924733,0.5007668794791433,0.45133771529321404,0.28483897482605813,0.5,0.15270248854796817,0.0032862227931030937
24.792,CIRCLE,0.3509936117733409,0.17295502980406252,0.5007664271994771,0.4524135262329452,0.28711035421732634,0.5,0.15270240519239722,0.0032876481113134045
24.8,CIRCLE,0.3526329510243161,0.17472365990279842,0.5007659751889917,0.4534779064318677,0.28938711250692595,0.5,0.1527023218953799,0.0032890693801583275
24.808,CIRCLE,0.354263378898831,0.1765005066831829,0.5007655234478059,0.4545308289972092,0.2916691921699775,0.5,0.15270223866118043,0.003290479214853602
24.816,CIRCLE,0.3558848542218251,0.1782855252396041,0.5007650719803777,0.455572267325687,0.2939565355471503,0.5,0.1527021554924607,0.003291879197124611
24.824,CIRCLE,0.3574973360451917,0.18007867045939588,0.5007646207785952,0.4566021951041811,0.29624908484612067,0.5,0.15270207239202935,0.0032932723331097194
24.832,CIRCLE,0.35910078364791276,0.18187989702493476,0.5007641698516005,0.4576205863103973,0.29854678214302904,0.5,0.15270198936286197,0.003294655155529049
24.84,CIRCLE,0.3606951565369393,0.18368915941492833,0.5007637191993488,0.45862741521352735,0.30084956938394836,0.5,0.15270190640795045,0.003296027667625193
24.848,CIRCLE,0.3622804144467137,0.18550641190495926,0.5007632688087648,0.4596226563748971,0.3031573883863474,0.5,0.15270182353169057,0.0032973950274447997
24.856,CIRCLE,0.36385651734234237,0.1873316085678468,0.5007628186813926,0.4606062846486103,0.30547018084056277,0.5,0.15270174073923784,0.003298745358501759
24.864,CIRCLE,0.36542342541935513,0.18916470327793428,0.5007623688231454,0.4615782751821825,0.3077878883112684,0.5,0.15270165803483285,0.0033000925819071064
24.872,CIRCLE,0.3669810991126241,0.19100564970602982,0.5007619192215641,0.4625386034171708,0.3101104522389576,0.5,0.1527015754215436,0.0033014322156568287
24.88,CIRCLE,0.36852949908699095,0.19285440132898313,0.5007614698877162,0.46348724508979333,0.31243781394141873,0.5,0.15270149290153862,0.0033027600689694877
24.888,CIRCLE,0.37006858623846434,0.19471091143107724,0.5007610208227339,0.4644241762315427,0.31476991461521986,0.5,0.15270141047549138,0.0033040764734754086
24.896,CIRCLE,0.37159832169963025,0.1965751330987847,0.500760572035426,0.46534937316979047,0.31710669533719094,0.5,0.15270132814488716,0.003305384753048719
24.904,CIRCLE,0.37311866684053757,0.19844701921980437,0.5007601235127721,0.466262812528387,0.31944809706591787,0.5,0.1527012459136965,0.0033066813047239203
24.912,CIRCLE,0.37462958326882934,0.200326522488051,0.5007596752542338,0.4671644712282511,0.3217940606432307,0.5,0.15270116378611748,0.003307973259087817
24.92,CIRCLE,0.37613103283164556,0.20221359540413622,0.5007592272609934,0.4680543264879534,0.3241445267956999,0.5,0.15270108176654104,0.0033092513647959908
24.928,CIRCLE,0.3776229776124686,0.20410819028167407,0.5007587795325144,0.468932355824291,0.3264994361361309,0.5,0.1527009998579403,0.003310521813968436
24.936,CIRCLE,0.3791053799378299,0.20601025924274335,0.5007583320647674,0.46979853705285735,0.32885872916506953,0.5,0.15270091806295136,0.0033117831732670544
24.944,CIRCLE,0.3805782023741485,0.20791975422111197,0.5007578848684314,0.47065284828860127,0.3312223462723016,0.5,0.15270083638484083,0.0033130314018295433
24.952,CIRCLE,0.3820414077288755,0.20983662696359168,0.5007574379356604,0.47149526794638097,0.33359022773836144,0.5,0.1527007548270816,0.0033142734084833166
24.96,CIRCLE,0.3834949590551101,0.2117608290287798,0.5007569912687606,0.4723257747415078,0.3359623137360367,0.5,0.1527006733933374,0.0033155032265255627
24.968,CIRCLE,0.38493881964829735,0.2136923117925461,0.5007565448723877,0.47314434769028596,0.33833854433188537,0.5,0.1527005920864782,0.003316722555384552
24.976,CIRCLE,0.3863729530493621,0.21563102644485266,0.5007560987344365,0.47395096611054166,0.3407188594877467,0.5,0.15270051091076053,0.0033179359022372005
24.984,CIRCLE,0.38779732304513603,0.21757692399236833,0.5007556528630976,0.474745609622146,0.3431031990622596,0.5,0.15270042987120033,0.003319135674480997
24.992,CIRCLE,0.38921189366674835,0.21952995526341523,0.5007552072534139,0.47552825814752897,0.34549150281237906,0.5,0.15270034897178345,0.0033203290175029196
25.0,CIRCLE,0.3906166291955464,0.22149007090507017,0.5007547619074115,0.47629889191218816,0.3478837103949032,0.5,0.15270026821609178,0.0033215102007470407
25.008,CIRCLE,0.39201149416028247,0.22345722138803928,0.5007543168294538,0.4770574914451877,0.35027976136799455,0.5,0.15270018760640294,0.0033226808290435766
25.016000000000002,CIRCLE,0.39339645334017487,0.2254313570035403,0.500753872009959,0.47780403757965023,0.3526795951927087,0.5,0.15270010714599666,0.0033238444676735486
25.024,CIRCLE,0.3947714717650716,0.22741242786549176,0.5007534274566678,0.47853851145324056,0.35508315123452094,0.5,0.15270002683897246,0.0033249949312676805
25.032,CIRCLE,0.3961365147140968,0.22940038391469814,0.5007529831637314,0.4792608945086436,0.35749036876486284,0.5,0.15269994668888512,0.0033261389998810293
25.04,CIRCLE,0.39749154772044,0.23139517491701825,0.5007525391336473,0.4799711684940322,0.3599011869626536,0.5,0.1526998666992746,0.0033272706187119326
25.048000000000002,CIRCLE,0.3988365365685655,0.23339675046835348,0.5007520953711923,0.48066931546352887,0.3623155449158382,0.5,0.15269978687251706,0.0033283915501581603
25.056,CIRCLE,0.4001714472975902,0.2354050599911962,0.500751651865132,0.48135531777765816,0.3647333816229233,0.5,0.15269970721232656,0.0033295059751855156
25.064,CIRCLE,0.40149624620156593,0.23742005273705755,0.500751208623706,0.48202915810379393,0.36715463599452325,0.5,0.1526996277233073,0.0033306068205549008
25.072,CIRCLE,0.4028108998279063,0.23944167779121092,0.5007507656411277,0.48269081941659614,0.3695792468549006,0.5,0.15269954840912286,0.0033317013297281596
25.080000000000002,CIRCLE,0.40411537498277494,0.24146988407036363,0.5007503229195075,0.4833402849984416,0.37200715294351305,0.5,0.15269946927325886,0.0033327834147699937
25.088,CIRCLE,0.4054096387280938,0.24350462032778786,0.5007498804634534,0.4839775384398453,0.37443829291655817,0.5,0.15269939031773705,0.003333854787228795
25.096,CIRCLE,0.40669365838479127,0.24554583514998327,0.5007494382631754,0.4846025636398767,0.3768726053485284,0.5,0.15269931154572267,0.003334919090394241
25.104,CIRCLE,0.40796740153292177,0.2475934769588553,0.5007489963269685,0.48521534480656525,0.3793100287337593,0.5,0.1526992329613244,0.0033359699366870468
25.112000000000002,CIRCLE,0.4092308360103211,0.2496474940160148,0.5007485546484416,0.4858158664573,0.38175050148798584,0.5,0.15269915456794783,0.003337014562635067
25.12,CIRCLE,0.4104839299174708,0.2517078344209923,0.500748113229642,0.4864041134192201,0.38419396194989447,0.5,0.15269907636900812,0.003338046699597146
25.128,CIRCLE,0.4117266516143742,0.25377444611652944,0.5007476720752495,0.48698007082959904,0.38664034838268635,0.5,0.15269899836644127,0.003339068092999117
25.136,CIRCLE,0.4129589697239227,0.25584727688510783,0.5007472311750033,0.4875437241362197,0.389089598975634,0.5,0.15269892056346396,0.003340082561353354
25.144000000000002,CIRCLE,0.414180853132026,0.25792627435117815,0.5007467905376749,0.48809505909774237,0.3915416518456444,0.5,0.15269884296430739,0.0033410833237180787
25.152,CIRCLE,0.415392270986341,0.2600113859855683,0.5007463501566032,0.48863406178406343,0.39399644503881925,0.5,0.152698765572341,0.003342078051024666
25.16,CIRCLE,0.4165931927014276,0.2621025591035352,0.5007459100334238,0.4891607185766691,0.39645391653202544,0.5,0.15269868839092807,0.0033430603469385475
25.168,CIRCLE,0.4177835879553477,0.2641997408703016,0.5007454701726927,0.48967501616897813,0.39891400423445883,0.5,0.15269861142172006,0.00334403192101854
25.176000000000002,CIRCLE,0.41896342669296815,0.26630287829763155,0.5007450305651868,0.49017694156667885,0.4013766459892145,0.5,0.15269853466753044,0.0033449962052108247
25.184,CIRCLE,0.42013267912596536,0.26841191824587696,0.500744591220054,0.49066648208805647,0.40384177957485407,0.5,0.15269845813224847,0.003345946784374492
25.192,CIRCLE,0.4212913157318141,0.27052680742805296,0.5007441521300792,0.4911436253643148,0.40630934270698266,0.5,0.1526983818190659,0.003346891547437314
25.2,CIRCLE,0.422439307258685,0.27264749240823455,0.5007437132964819,0.4916083593398877,0.4087792730398194,0.5,0.1526983057312865,0.0033478239686806363
25.208000000000002,CIRCLE,0.4235766247217707,0.27477391960733427,0.500743274723691,0.4920606722727446,0.4112515081677742,0.5,0.15269822987039391,0.0033487457186830937
25.216,CIRCLE,0.42470323940647897,0.2769060352997609,0.5007428364108581,0.4925005527346858,0.4137259856270211,0.5,0.15269815423904215,0.0033496570670231455
25.224,CIRCLE,0.42581912286975454,0.27904378561604837,0.5007423983578929,0.49292798961163287,0.41620264289708186,0.5,0.15269807883971526,0.003350558052425981
25.232,CIRCLE,0.42692424693945696,0.2811871165432897,0.5007419605631082,0.49334297210390826,0.4186814174024017,0.5,0.15269800367615857,0.0033514492686087887
25.240000000000002,CIRCLE,0.42801858371595713,0.2833359739279581,0.5007415230264357,0.4937454897265089,0.42116224651393264,0.5,0.15269792875170898,0.003352330754949519
25.248,CIRCLE,0.4291021055714895,0.28549030347635257,0.5007410857485642,0.4941355323093702,0.4236450675507119,0.5,0.1526978540707102,0.0033532022188538305
25.256,CIRCLE,0.4301747851518054,0.28765005075733835,0.5007406487294189,0.4945130899976242,0.4261298177814512,0.5,0.15269777963685813,0.0033540637014969027
25.264,CIRCLE,0.43123659537550396,0.2898151612028016,0.5007402119685478,0.49487815325184775,0.42861643442611813,0.5,0.15269770545460126,0.0033549153297694457
25.272000000000002,CIRCLE,0.43228750943581534,0.29198558011057996,0.5007397754658464,0.4952307128483038,0.431104854657524,0.5,0.15269763152725638,0.0033557571461588416
25.28,CIRCLE,0.4333275007999365,0.29416125264490073,0.5007393392213539,0.49557075987917404,0.43359501560290786,0.5,0.15269755785839878,0.003356589083591677
25.288,CIRCLE,0.4343565432106472,0.29634212383910885,0.5007389032349134,0.4958982857527847,0.43608685434553035,0.5,0.15269748445022163,0.003357411186043531
25.296,CIRCLE,0.43537461068563826,0.298528138596101,0.5007384675062506,0.4962132821938233,0.4385803079262597,0.5,0.152697411304914,0.0033582234829593396
25.304000000000002,CIRCLE,0.4363816775190614,0.3007192416910265,0.5007380320361926,0.4965157412435475,0.44107531334516425,0.5,0.15269733842306638,0.0033590263678966214
25.312,CIRCLE,0.437377718283287,0.3029153777693002,0.5007375968253185,0.4968056552599862,0.4435718075631009,0.5,0.15269726580630588,0.0033598195470408102
25.32,CIRCLE,0.43836270783038195,0.3051164913491897,0.5007371618734354,0.49708301691813317,0.4460697275033129,0.5,0.15269719345590052,0.0033606030673356663
25.328,CIRCLE,0.439336621291408,0.30732252682225386,0.5007367271807379,0.4973478192101315,0.4485690100530202,0.5,0.15269712137418734,0.003361376787849258
25.336000000000002,CIRCLE,0.44029943407812633,0.30953342845614734,0.5007362927470532,0.4976000554454511,0.4510695920650156,0.5,0.15269704956287536,0.0033621407571560887
25.344,CIRCLE,0.44125112188230736,0.3117491403950393,0.5007358585720318,0.49783971925105724,0.4535714103592571,0.5,0.15269697802446514,0.0033628950449258598
25.352,CIRCLE,0.442191660677402,0.3139696066624109,0.5007354246555042,0.49806680457157215,0.456074401724469,0.5,0.1526969067605748,0.0033636397010588124
25.36,CIRCLE,0.4431210267178526,0.31619477116146255,0.5007349909973778,0.49828130566942774,0.458578502919736,0.5,0.1526968357733512,0.0033643747011852763
25.368000000000002,CIRCLE,0.4440391965406445,0.3184245776777721,0.5007345575974697,0.49848321712501054,0.4610836506761024,0.5,0.15269676506395874,0.0033651000966068417
25.376,CIRCLE,0.4449461469646119,0.3206589698796963,0.5007341244555417,0.49867253383679844,0.4635897816981674,0.5,0.15269669463398114,0.0033658159111449007
25.384,CIRCLE,0.4458418550921255,0.32289789132094027,0.500733691563219,0.4988492510214902,0.4660968326656895,0.5,0.152696624483907,0.0033665191168438494
25.392,CIRCLE,0.4467262983089437,0.3251412854402919,0.5007332589319751,0.4990133642141257,0.4686047402351828,0.5,0.15269655461509227,0.0033672183758751612
25.400000000000002,CIRCLE,0.44759945428935416,0.3273890955625335,0.5007328265536956,0.49916486926819903,0.4711134410415193,0.5,0.1526964850285073,0.0033679039297489725
25.408,CIRCLE,0.4484613009893696,0.3296412649025263,0.5007323944297489,0.4993037623557631,0.4736228716995264,0.5,0.15269641572492748,0.0033685811820815138
25.416,CIRCLE,0.4493118166547014,0.3318977365637088,0.5007319625575041,0.4994300399675266,0.4761329688055934,0.5,0.15269634670511995,0.003369249289062329
25.424,CIRCLE,0.4501509798176187,0.33415845354086243,0.5007315309368496,0.4995436989129425,0.47864366893927046,0.5,0.15269627796991483,0.0033699083064601953
25.432000000000002,CIRCLE,0.4509787692961175,0.3364233587205753,0.5007310995777039,0.49964473632028855,0.48115490866487215,0.5,0.1526962095216142,0.003370554505818112
25.44,CIRCLE,0.45179516419494276,0.33869239488249053,0.500730668468764,0.49973314963674015,0.4836666245330771,0.5,0.15269614136385454,0.00337119910711953
25.448,CIRCLE,0.4526001439079323,0.3409655047014563,0.500730237613209,0.49980893662843456,0.4861787530825365,0.5,0.15269607350054676,0.003371826612541371
25.456,CIRCLE,0.4533936881104745,0.34324263075336225,0.5007298070107196,0.49987209538052746,0.4886912308414734,0.5,0.15269600593409477,0.0033724482187877133
25.464000000000002,CIRCLE,0.4541757767732414,0.3455237155118449,0.5007293766638483,0.49992262429724144,0.491203994329289,0.5,0.15269593866580122,0.0033730579730523406
25.472,CIRCLE,0.4549463901556608,0.34780870135212644,0.5007289465742993,0.49996052210190606,0.4937169800581622,0.5,0.15269587169580054,0.003373663813857311
25.48,CIRCLE,0.45570550880799,0.35009753055100756,0.500728516729799,0.49998578783699027,0.49623012453465964,0.5,0.1526958050239188,0.00337425327225636
25.488,CIRCLE,0.4564531135659462,0.352390145289046,0.5007280871374437,0.49999842086412666,0.498743364261336,0.5,0.1526957386508338,0.003374838511642035
25.496000000000002,CIRCLE,0.4571891855617869,0.3546864876488694,0.5007276577991538,0.49999842086412744,0.5012566357383402,0.5,0.1526956725778869,0.00337541168337999
25.504,CIRCLE,0.4579137062160151,0.35698649962022805,0.5007272287059926,0.4999857878369927,0.5037698754650166,0.5,0.1526956068061733,0.003375980380680386
25.512,CIRCLE,0.45862665724125223,0.35929012309918534,0.5007267998569256,0.4999605221019101,0.506283019941514,0.5,0.15269554133782243,0.003376538453171955
25.52,CIRCLE,0.4593280206386278,0.3615972998931865,0.5007263712661622,0.49992262429724715,0.5087960056703873,0.5,0.15269547617365625,0.003377082939273413
25.528000000000002,CIRCLE,0.46001777870255633,0.3639079717189022,0.5007259429212275,0.4998720953805348,0.5113087691582029,0.5,0.15269541131525605,0.0033776249870941066
25.536,CIRCLE,0.46069591402484394,0.3662220802025831,0.5007255148248636,0.4998089366284435,0.5138212469171398,0.5,0.15269534676532318,0.0033781542835049885
25.544,CIRCLE,0.4613624094853384,0.36853956688529804,0.500725086979387,0.49973314963675075,0.5163333754665993,0.5,0.15269528252654435,0.003378675528699541
25.552,CIRCLE,0.46201724826041923,0.3708603732227487,0.5007246593846079,0.49964473632030076,0.5188450913348043,0.5,0.15269521860105764,0.003379188789120791
25.560000000000002,CIRCLE,0.46266041382238876,0.3731844405855146,0.500724232030183,0.4995436989129563,0.5213563310604061,0.5,0.1526951549919279,0.0033796903295205674
25.568,CIRCLE,0.4632918899370217,0.37551171026088054,0.5007238049226788,0.49943003996754204,0.5238670311940832,0.5,0.15269509170365642,0.0033801845856414473
25.576,CIRCLE,0.4639116606678739,0.3778421234553431,0.5007233780628452,0.49930376235578017,0.5263771283001503,0.5,0.15269502874015178,0.0033806719980260893
25.584,CIRCLE,0.46451971037240253,0.380175621297999,0.5007229514505142,0.49916486926821774,0.5288865589581574,0.5,0.15269496610392763,0.0033811526333217953
25.592000000000002,CIRCLE,0.4651160237010047,0.38251214484097024,0.5007225250974957,0.499013364214146,0.5313952597644941,0.5,0.15269490379744693,0.003381622020896714
25.6,CIRCLE,0.46570058559832755,0.3848516350608503,0.5007220989940215,0.4988492510215122,0.5339031673339875,0.5,0.15269484182271992,0.003382082496715942
25.608,CIRCLE,0.46627338130860546,0.38719403285953397,0.5007216731398576,0.49867253383682203,0.5364102183015097,0.5,0.1526947801809922,0.0033825341332906146
25.616,CIRCLE,0.46683439637507246,0.3895392790644202,0.5007212475348121,0.49848321712503574,0.5389163493235748,0.5,0.15269471887422362,0.003382977003308008
25.624,CIRCLE,0.467383616639212,0.3918873144287053,0.5007208221786356,0.4982813056694546,0.5414214970799405,0.5,0.15269465790654155,0.0033834128714655544
25.632,CIRCLE,0.46792102824016496,0.39423807963612945,0.5007203970630735,0.49806680457160063,0.5439255982752085,0.5,0.15269459728123344,0.003383838792467718
25.64,CIRCLE,0.4684466176125608,0.39659151530246345,0.5007199721963619,0.49783971925108733,0.5464285896404205,0.5,0.1526945370013438,0.0033842585049867866
25.648,CIRCLE,0.46896037149040926,0.3989475619773231,0.5007195475703735,0.4976000554454828,0.5489304079346622,0.5,0.15269447706847628,0.003384669132415802
25.656,CIRCLE,0.46946227690465436,0.40130616014577025,0.5007191232016104,0.4973478192101649,0.5514309899466568,0.5,0.15269441748340598,0.0033850702451232125
25.664,CIRCLE,0.4699523211854594,0.4036672502282412,0.5007186990752347,0.4970830169181681,0.5539302724963652,0.5,0.15269435824696434,0.003385467351927527
25.672,CIRCLE,0.4704304919626114,0.4060307725828981,0.5007182751791689,0.4968056552600228,0.5564281924365774,0.5,0.15269429935934742,0.0033858561165016044
25.68,CIRCLE,0.47089677716268974,0.4083966675076287,0.5007178515393751,0.49651574124358566,0.5589246866545142,0.5,0.15269424082032682,0.0033862347150898833
25.688,CIRCLE,0.4713511650129445,0.4107648752402203,0.5007174281397967,0.4962132821938632,0.5614196920734181,0.5,0.15269418262952222,0.0033866086745209523
25.696,CIRCLE,0.4717936440438735,0.41313533595851815,0.5007170049740363,0.49589828575282613,0.5639131456541485,0.5,0.15269412478763386,0.0033869758128242207
25.704,CIRCLE,0.4722242030849314,0.4155079897840744,0.5007165820561948,0.495570759879217,0.5664049843967712,0.5,0.15269406729515173,0.003387330786412236
25.712,CIRCLE,0.47264283126615986,0.41788277678385105,0.500716159385217,0.4952307128483484,0.5688951453421554,0.5,0.15269401015175788,0.0033876791047885097
25.72,CIRCLE,0.47304951802413414,0.4202596369702369,0.50071573695885,0.4948781532518941,0.5713835655735605,0.5,0.15269395335704464,0.003388020124802863
25.728,CIRCLE,0.47344425309818144,0.42263851030424254,0.5007153147768869,0.4945130899976721,0.5738701822182286,0.5,0.15269389690955854,0.0033883539261542243
25.736,CIRCLE,0.47382702652964914,0.42501933669571923,0.5007148928391273,0.49413553230941965,0.5763549324489681,0.5,0.15269384080823023,0.0033886805886704013
25.744,CIRCLE,0.4741978286611377,0.42740205600359343,0.5007144711453683,0.4937454897265599,0.5788377534857476,0.5,0.15269378505378897,0.0033890001923009725
25.752,CIRCLE,0.4745566501358246,0.4297866080360629,0.5007140496905089,0.49334297210396105,0.581318582597278,0.5,0.15269372965014555,0.003389307643158417
25.76,CIRCLE,0.47490348189814696,0.4321729325549508,0.5007136284793835,0.4929279896116871,0.583797357102599,0.5,0.15269367460156133,0.003389611800515325
25.768,CIRCLE,0.47523831519901744,0.43456096927824794,0.5007132075189544,0.4925005527347417,0.5862740143726599,0.5,0.15269361991099675,0.0033899061734243034
25.776,CIRCLE,0.47556114158883295,0.43695065788367743,0.5007127867999963,0.49206067227280204,0.5887484918319071,0.5,0.15269356557886715,0.003390197957029579
25.784,CIRCLE,0.4758719529208842,0.43934193800794186,0.500712366317736,0.49160835933994695,0.5912207269598614,0.5,0.15269351160497383,0.0033904773459096415
25.792,CIRCLE,0.4761707413471952,0.4417347492475341,0.5007119460808371,0.49114362536437545,0.5936906572926993,0.5,0.15269345798967507,0.0033907540198190107
25.8,CIRCLE,0.47645749932785025,0.4441290311596943,0.5007115260925525,0.49066648208811875,0.5961582204248281,0.5,0.15269340473339335,0.003391020614415272
25.808,CIRCLE,0.47673221962453644,0.44652472326549264,0.5007111063417242,0.4901769415667427,0.5986233540104681,0.5,0.1526933518357262,0.003391285861767014
25.816,CIRCLE,0.4769948953041048,0.44892176504952425,0.5007106868318048,0.48967501616904374,0.6010859957652233,0.5,0.15269329929706424,0.0033915406796214045
25.824,CIRCLE,0.47724551973217927,0.45132009596240386,0.5007102675662672,0.48916071857673615,0.6035460834676578,0.5,0.15269324711810525,0.0033917890815386184
25.832,CIRCLE,0.4774840865820823,0.4537196554220503,0.5007098485447704,0.4886340617841321,0.6060035549608643,0.5,0.15269319529930092,0.003392031154211547
25.84,CIRCLE,0.47771058983399434,0.4561203828138948,0.5007094297660022,0.4880950590978126,0.6084583481540395,0.5,0.15269314384234553,0.0033922666241890348
25.848,CIRCLE,0.4779250237719172,0.45852221749326855,0.5007090112306094,0.48754372413629177,0.6109104010240494,0.5,0.1526930927495926,0.0033924952000252005
25.856,CIRCLE,0.4781273829851552,0.46092509878778487,0.5007085929382992,0.48698007082967243,0.6133596516169982,0.5,0.15269304202309583,0.003392716969853084
25.864,CIRCLE,0.47831766236754647,0.4633289659975093,0.5007081748870618,0.48640411341929507,0.6158060380497905,0.5,0.152692991666021,0.003392932637906527
25.872,CIRCLE,0.4784958571190675,0.46573375839785286,0.5007077570856074,0.48581586645737657,0.6182494985116995,0.5,0.1526929416812695,0.003393145672826952
25.88,CIRCLE,0.4786619627446917,0.4681394152405756,0.5007073395140051,0.48521534480664363,0.6206899712659256,0.5,0.15269289207190176,0.003393348816970777
25.888,CIRCLE,0.47881597504995804,0.4705458757567552,0.5007069221899318,0.48460256363995646,0.6231273946511579,0.5,0.15269284284017856,0.0033935488230584683
25.896,CIRCLE,0.47895789014868895,0.47295307915936624,0.5007065051002612,0.48397753843992664,0.6255617070831284,0.5,0.15269279398582536,0.003393740999748232
25.904,CIRCLE,0.47908770445961874,0.4753609646453153,0.5007060882548903,0.4833402849985245,0.627992847056174,0.5,0.1526927455059531,0.003393929271902357
25.912,CIRCLE,0.47920541470764155,0.47776947139408993,0.5007056716454459,0.48269081941668085,0.630420753144786,0.5,0.15269269739770583,0.0033941107305486885
25.92,CIRCLE,0.4793110179213233,0.48017853856910714,0.500705255283236,0.48202915810388,0.6328453640051646,0.5,0.1526926496586859,0.003394281070035054
25.928,CIRCLE,0.4794045114342384,0.482588105319066,0.5007048391622471,0.48135531777774576,0.635266618376765,0.5,0.1526926022868969,0.0033944518168214834
25.936,CIRCLE,0.4794858928917361,0.48499811077935867,0.5007044232822888,0.480669315463618,0.6376844550838505,0.5,0.15269255528091114,0.003394614350425844
25.944,CIRCLE,0.4795551602404657,0.4874084940742385,0.5007040076430863,0.4799711684941232,0.6400988130370348,0.5,0.15269250863938644,0.0033947726290038784
25.952,CIRCLE,0.4796123117343233,0.4898191943182168,0.5007035922442938,0.4792608945087359,0.6425096312348269,0.5,0.15269246236110656,0.0033949267435224233
25.96,CIRCLE,0.4796573459338554,0.4922301506161359,0.5007031770751662,0.4785385114533344,0.6449168487651692,0.5,0.15269241644642292,0.0033950728881554874
25.968,CIRCLE,0.479690261703799,0.49464130206467294,0.5007027621351376,0.47780403757974566,0.6473204048069818,0.5,0.1526923708973741,0.003395211208300346
25.976,CIRCLE,0.4797110582165963,0.4970525877567185,0.5007023474307419,0.4770574914452849,0.6497202386316957,0.5,0.15269232571484134,0.0033953515946160044
25.984,CIRCLE,0.4797197349529248,0.49946394678256556,0.5007019329715096,0.4762988919122867,0.6521162896047883,0.5,0.15269228089893278,0.0033954802068215393
25.992,CIRCLE,0.479716291693221,0.5018753182321803,0.500701518752244,0.475528258147629,0.654508497187313,0.5,0.15269223644798807,0.003395608654333271
26.0,CIRCLE,0.47970072852906526,0.5042866411957,0.5007011047727346,0.4747456096222476,0.656896800937433,0.5,0.1526921923599249,0.0033957301292883886
26.008,CIRCLE,0.4796730458546294,0.5066978547643891,0.5007006910391778,0.4739509661106451,0.6592811405119455,0.5,0.1526921486326306,0.003395850224470945
26.016000000000002,CIRCLE,0.4796332443709036,0.5091088980325688,0.5007002775388991,0.47314434769039065,0.6616614556678082,0.5,0.1526921052635496,0.0033959644344624877
26.024,CIRCLE,0.47958132508242,0.5115197100994406,0.5006998642909667,0.472325774741614,0.6640376862636574,0.5,0.15269206224949072,0.0033960719512881915
26.032,CIRCLE,0.47951728930030324,0.5139302300691209,0.5006994512702508,0.4714952679464887,0.6664097722613332,0.5,0.15269201958788542,0.0033961761653015965
26.04,CIRCLE,0.47944113864298815,0.5163403970521674,0.5006990384841187,0.4706528482887109,0.6687776537273927,0.5,0.15269197727720307,0.00339628008032164
26.048000000000002,CIRCLE,0.4793528750352738,0.5187501501664173,0.5006986259311441,0.46979853705296815,0.6711412708346263,0.5,0.15269193531743713,0.003396371021206324
26.056,CIRCLE,0.47925250070484604,0.5211594285392037,0.5006982136236596,0.4689323558244034,0.6735005638635654,0.5,0.15269189370930292,0.003396466237393476
26.064,CIRCLE,0.4791400181932571,0.5235681713113125,0.5006978015538809,0.4680543264880673,0.675855473203997,0.5,0.1526918524523975,0.0033965507621397583
26.072,CIRCLE,0.47901543034110344,0.525976317637437,0.5006973897215492,0.4671644712283668,0.678205939356466,0.5,0.15269181154545958,0.003396634166305204
26.080000000000002,CIRCLE,0.4788787402990863,0.5283838066876405,0.5006969781333954,0.46626281252850393,0.6805519029337802,0.5,0.15269177098719308,0.003396709728328465
26.088,CIRCLE,0.47872995152275394,0.5307905776490828,0.5006965667826572,0.4653493731699089,0.6828933046625077,0.5,0.15269173077563766,0.003396788576827221
26.096,CIRCLE,0.4785690677747563,0.5331965697269758,0.5006961556762648,0.46442417623166266,0.6852300853844795,0.5,0.15269169090907303,0.0033968548367853883
26.104,CIRCLE,0.47839609311699277,0.5356017221460343,0.5006957448061161,0.4634872450899151,0.6875621860582803,0.5,0.15269165138525015,0.0033969242018721747
26.112000000000002,CIRCLE,0.47821103192359754,0.5380059741520049,0.5006953341720869,0.46253860341729375,0.6898895477607428,0.5,0.15269161220269106,0.0033969869854856382
26.12,CIRCLE,0.4780138888684097,0.5404092650122779,0.5006949237814646,0.46157827518230693,0.6922121116884327,0.5,0.15269157336043465,0.003397050464164236
26.128,CIRCLE,0.4778046689308871,0.5428115340189154,0.5006945136284287,0.4606062846487363,0.6945298191591389,0.5,0.15269153485700113,0.0033971057145689835
26.136,CIRCLE,0.47758337739204937,0.5452127204893956,0.5006941037105164,0.4596226563750249,0.6968426116133541,0.5,0.1526914966907976,0.0033971600014220406
26.144000000000002,CIRCLE,0.4773500198425417,0.5476127637683794,0.500693694032915,0.4586274152136563,0.6991504306157547,0.5,0.1526914588608248,0.003397208034559078
26.152,CIRCLE,0.477104602178203,0.5500116032293703,0.5006932845805536,0.45762058631052777,0.7014532178566746,0.5,0.15269142136599034,0.003397255419458925
26.16,CIRCLE,0.4768471305999893,0.552409178276701,0.5006928753717943,0.45660219510431305,0.7037509151535837,0.5,0.15269138420492664,0.003397301663702848
26.168,CIRCLE,0.4765776116121183,0.5548054283451673,0.5006924663962858,0.45557226732582085,0.706043464452554,0.5,0.1526913473773647,0.003397343133378999
26.176000000000002,CIRCLE,0.47629605201932856,0.5572002929013695,0.5006920576518973,0.4545308289973441,0.7083308078297281,0.5,0.1526913108840876,0.003397380541080107
26.184,CIRCLE,0.4760024589308699,0.5595937114482062,0.5006916491296812,0.4534779064320041,0.7106128874927804,0.5,0.15269127472444138,0.003397417173776105
26.192,CIRCLE,0.47569683976042976,0.561985623525962,0.5006912408292158,0.452413526233083,0.7128896457823807,0.5,0.1526912388968745,0.003397453128851849
26.2,CIRCLE,0.47537920222531116,0.5643759687123132,0.5006908327595345,0.45133771529335376,0.7151610251736489,0.5,0.15269120340035738,0.0033974849528423797
26.208000000000002,CIRCLE,0.47504955434711427,0.5667646866234444,0.5006904249220819,0.4502505007943994,0.7174269682776094,0.5,0.1526911682348472,0.0033975120401545135
26.216,CIRCLE,0.4747079044534073,0.56915171691649,0.5006900173082978,0.4491519102059279,0.7196874178426387,0.5,0.15269113340069823,0.003397537562643371
26.224,CIRCLE,0.4743542611774464,0.571536999290584,0.5006896099231274,0.448041971285076,0.7219423167559155,0.5,0.15269109889929197,0.003397563600674658
26.232,CIRCLE,0.4739886334546752,0.573920473489858,0.500689202765909,0.4469207120757094,0.7241916080448616,0.5,0.15269106473097374,0.0033975826126533062
26.240000000000002,CIRCLE,0.47361103051916315,0.5763020793034882,0.5006887958445733,0.44578816090771306,0.7264352348785827,0.5,0.15269103089594618,0.0033976039849252073
26.248,CIRCLE,0.47322146191042536,0.5786817565688929,0.5006883891572879,0.4446443463962775,0.7286731405693008,0.5,0.15269099739375155,0.00339762086546244
26.256,CIRCLE,0.4728199374658869,0.5810594451719491,0.5006879827091445,0.44348929744117305,0.7309052685737913,0.5,0.15269096422330802,0.003397639059722648
26.264,CIRCLE,0.47240646732562785,0.5834350850496722,0.5006875764969247,0.44232304322602156,0.733131562494809,0.5,0.15269093138257508,0.0033976516488008882
26.272000000000002,CIRCLE,0.47198106192900197,0.5858086161905408,0.5006871705241718,0.4411456132175579,0.7353519660825139,0.5,0.152690898869181,0.003397667189626385
26.28,CIRCLE,0.4715437320201284,0.5881799786371176,0.5006867647813582,0.43995703716488743,0.7375664232358896,0.5,0.15269086668037812,0.0033976757218052043
26.288,CIRCLE,0.4710944886412268,0.5905491124851249,0.5006863592747719,0.43875734509873154,0.7397748780041657,0.5,0.1526908348142932,0.003397687675759664
26.296,CIRCLE,0.47063334314013944,0.5929159578870308,0.5006859540005479,0.4375465673306709,0.7419772745882279,0.5,0.1526908032693898,0.003397694777784754
26.304000000000002,CIRCLE,0.47016030716166446,0.5952804550519422,0.5006855489625962,0.4363247344523784,0.7441735573420296,0.5,0.15269077204439024,0.0033977037629373407
26.312,CIRCLE,0.46967539265301045,0.597642544248829,0.5006851441574496,0.43509187733484833,0.7463636707739948,0.5,0.15269074113774028,0.003397705941428088
26.32,CIRCLE,0.46917861185991866,0.6000021658068437,0.5006847395852551,0.43384802712761333,0.7485475595484246,0.5,0.15269071054804711,0.0033977128422976316
26.328,CIRCLE,0.46866997733268995,0.6023592601182307,0.5006843352445834,0.43259321525795963,0.7507251684868924,0.5,0.15269068027414706,0.003397715760973912
26.336000000000002,CIRCLE,0.4681495019157645,0.6047137676377043,0.5006839311401725,0.43132747343013167,0.7528964425696396,0.5,0.15269065031489273,0.0033977210619755434
26.344,CIRCLE,0.4676171987533641,0.6070656288858812,0.5006835272684275,0.43005083362453306,0.7550613269369628,0.5,0.15269062066854747,0.0033977215071397345
26.352,CIRCLE,0.4670730812860246,0.6094147844495952,0.5006831236317454,0.42876332809691575,0.7572197668906038,0.5,0.15269059133323684,0.0033977256247847806
26.36,CIRCLE,0.466517163256318,0.6117611749849228,0.5006827202208283,0.42746498937756716,0.7593717078951294,0.5,0.15269056230688036,0.0033977239071787007
26.368000000000002,CIRCLE,0.46594945870225096,0.6141047412159997,0.5006823170398965,0.4261558502704869,0.7615170955793107,0.5,0.1526905335883593,0.003397725730122887
26.376,CIRCLE,0.46536998196414864,0.6164454239387228,0.5006819140892953,0.4248359438525601,0.763655875737493,0.5,0.1526905051771555,0.0033977256164489217
26.384,CIRCLE,0.4647787476766328,0.6187831640209499,0.5006815113656198,0.42350530347271886,0.7657879943309711,0.5,0.15269047707264916,0.003397724777108019
26.392,CIRCLE,0.46417577077085415,0.6211179024055901,0.5006811088684189,0.42216396275110135,0.7679133974893505,0.5,0.15269044927324543,0.0033977233134426933
26.400000000000002,CIRCLE,0.46356106647378664,0.6234495801105088,0.5006807065956896,0.42081195557820156,0.770032031511911,0.5,0.15269042177778178,0.0033977219027352752
26.408,CIRCLE,0.4629346503094694,0.6257781382305447,0.5006803045469835,0.41944931611401504,0.7721438428689598,0.5,0.1526903945854707,0.003397720645869657
26.416,CIRCLE,0.4622965380978636,0.6281035179374056,0.5006799027407384,0.4180760787871726,0.7742487782031888,0.5,0.15269036769730715,0.0033977206439753573
26.424,CIRCLE,0.4616467459549025,0.6304256604818788,0.5006795011551198,0.4166922782940728,0.7763467843310194,0.5,0.1526903411152279,0.0033977212066415657
26.432000000000002,CIRCLE,0.46098529028998086,0.6327445071963047,0.5006790998009079,0.41529794959800376,0.7784378082439487,0.5,0.15269031484086934,0.0033977182170054046
26.44,CIRCLE,0.46031218780767025,0.6350599994958591,0.5006786986640996,0.41389312792826227,0.7805217971098843,0.5,0.15269028887610483,0.003397716858433428
26.448,CIRCLE,0.45962745551018824,0.6373720788829833,0.500678297770568,0.4124778487792606,0.782598698274485,0.5,0.152690263221434,0.0033977197263173955
26.456,CIRCLE,0.45893111069505094,0.6396806869481068,0.5006778971030299,0.41105214790963135,0.7846684592624875,0.5,0.15269023787582692,0.0033977207841749154
26.464000000000002,CIRCLE,0.45822317094830084,0.6419857653687931,0.5006774966647892,0.4096160613413234,0.786731027779034,0.5,0.152690212837251,0.003397724995636083
26.472,CIRCLE,0.457503654149102,0.6442872559125126,0.5006770964553844,0.4081696253586935,0.7887863517109903,0.5,0.15269018810283913,0.0033977324575943375
26.48,CIRCLE,0.4567725784691136,0.6465851004365168,0.5006766964623037,0.4067128765075866,0.7908343791282672,0.5,0.15269016367032048,0.003397738745492027
26.488,CIRCLE,0.45602996236963844,0.6488792408891356,0.5006762966906834,0.40524585159441445,0.7928750582851292,0.5,0.1526901395375103,0.0033977418563861275
26.496000000000002,CIRCLE,0.45527582460475635,0.6511696193131855,0.5006758971424558,0.4037685876852247,0.794908337621504,0.5,0.15269011570154137,0.0033977487679281906
26.504,CIRCLE,0.4545101842244973,0.6534561778474168,0.500675497823282,0.40228112210476646,0.7969341657642819,0.5,0.15269009216019236,0.003397757882548744
26.512,CIRCLE,0.4537330605670652,0.6557388587262589,0.5006750987327268,0.40078349243554384,0.7989524915286179,0.5,0.15269006891105416,0.003397769297477903
26.52,CIRCLE,0.4529444732578599,0.6580176042796562,0.5006746998741759,0.39927573651686893,0.800963263919223,0.5,0.15269004595285476,0.0033977816595798043
26.528000000000002,CIRCLE,0.45214444221123495,0.6602923569353122,0.5006743012462008,0.3977578924439043,0.802966432131653,0.5,0.15269002328540024,0.003397795417420375
26.536,CIRCLE,0.4513329876324637,0.6625630592213791,0.500673902846695,0.396229998566703,0.8049619455535896,0.5,0.1526900009092996,0.003397810054151431
26.544,CIRCLE,0.4505101300145172,0.6648296537686956,0.500673504673549,0.3946920934892359,0.8069497537661241,0.5,0.15268997882428956,0.003397826280662453
26.552,CIRCLE,0.449675890139483,0.6670920833128631,0.5006731067262915,0.393144216068419,0.8089298065450278,0.5,0.15268995702935456,0.0033978441958406186
26.560000000000002,CIRCLE,0.4488302890777558,0.6693502906940678,0.5006727090072786,0.39158640541313006,0.8109020538620222,0.5,0.15268993552416715,0.0033978649460281226
26.568,CIRCLE,0.44797334818509704,0.6716042188591704,0.5006723115160163,0.39001870088322316,0.8128664458860408,0.5,0.15268991430756074,0.003397888627463129
26.576,CIRCLE,0.44710508910189445,0.6738538108615305,0.500671914247317,0.3884411420885305,0.8148229329844923,0.5,0.15268989337890385,0.0033979111327829695
26.584,CIRCLE,0.446225533754122,0.6760990098645694,0.5006715171944305,0.3868537688878641,0.816771465724511,0.5,0.15268987273668103,0.003397934910020601
26.592000000000002,CIRCLE,0.44533470435629624,0.6783397591456852,0.5006711203687539,0.38525662138800754,0.8187119948742083,0.5,0.1526898523776809,0.00339796449815557
26.6,CIRCLE,0.4444326234099056,0.6805760020975705,0.5006707237662698,0.3836497399427048,0.8206444714039133,0.5,0.1526898322966524,0.00339799475089721
26.608,CIRCLE,0.44351931369749736,0.6828076822252583,0.5006703273832711,0.3820331651516373,0.8225688464874155,0.5,0.15268981248831895,0.0033980269883320422
26.616,CIRCLE,0.4425947982849244,0.6850347431490119,0.5006699312192731,0.3804069378594005,0.8244850715031959,0.5,0.15268979294711463,0.0033980613075839335
26.624000000000002,CIRCLE,0.4416591005206397,0.6872571286041299,0.5006695352734837,0.3787710991544706,0.8263930980356573,0.5,0.15268977366858807,0.0033981045944728168
26.632,CIRCLE,0.440712244034874,0.6894747824429344,0.5006691395487481,0.37712569036816873,0.828292877876344,0.5,0.152689754648777,0.003398144731477256
26.64,CIRCLE,0.4397542527349279,0.6916876486341413,0.5006687440506967,0.3754707530736134,0.8301843630251645,0.5,0.15268973588430956,0.003398191279302547
26.648,CIRCLE,0.438785150815501,0.693895671269864,0.500668348780136,0.3738063290846721,0.8320675056916016,0.5,0.15268971737182185,0.0033982397005708907
26.656,CIRCLE,0.43780496275169345,0.696098794564779,0.5006679537271135,0.3721324604549045,0.83394225829592,0.5,0.1526896991073782,0.0033982936381617614
26.664,CIRCLE,0.43681371329898455,0.6982969628569919,0.5006675588911044,0.37044918947649924,0.8358085734703699,0.5,0.1526896810873072,0.0033983473292378504
26.672,CIRCLE,0.4358114274907898,0.7004901206078443,0.5006671642696243,0.36875655867920765,0.8376664040603804,0.5,0.1526896633087901,0.0033984016330651213
26.68,CIRCLE,0.4347981306424225,0.7026782124067383,0.5006667698762519,0.3670546108292659,0.8395157031257555,0.5,0.15268964576886193,0.003398461903714997
26.688,CIRCLE,0.4337738483491921,0.704861182972704,0.5006663757106413,0.36534338892831647,0.8413564239418572,0.5,0.15268962846364859,0.0033985281845360896
26.696,CIRCLE,0.4327386064831761,0.707038977151831,0.5006659817675742,0.3636229362123207,0.8431885200007869,0.5,0.15268961139083445,0.003398598766956709
26.704,CIRCLE,0.4316924311896572,0.709211539919441,0.5006655880530642,0.36189329615046884,0.845011945012559,0.5,0.1526895945476646,0.00339867130396531
26.712,CIRCLE,0.4306353488895007,0.7113788163826624,0.5006651945633294,0.360154512444078,0.8468266529062731,0.5,0.15268957793110924,0.0033987471216145103
26.72,CIRCLE,0.4295673862815234,0.7135407517835399,0.5006648012978714,0.3584066290254903,0.8486325978312765,0.5,0.15268956153779173,0.003398826313818324
26.728,CIRCLE,0.42848857034155907,0.7156972914987404,0.5006644082680747,0.35664969005696207,0.8504297341583229,0.5,0.15268954536545398,0.0033989134055108913
26.736,CIRCLE,0.4273989283208726,0.7178483810408636,0.5006640154651385,0.35488373992954997,0.852218016480724,0.5,0.15268952941249103,0.003398996778465394
26.744,CIRCLE,0.4262984877411845,0.7199939660590968,0.5006636228816977,0.35310882326198606,0.8539973996154993,0.5,0.1526895136766501,0.0033990892709808585
26.752,CIRCLE,0.42518727640266113,0.7221339923446614,0.5006632305249713,0.3513249848995529,0.855767838604516,0.5,0.15268949815564217,0.00339918645780296
26.76,CIRCLE,0.4240653223729135,0.7242684058280066,0.5006628384031185,0.349532269912949,0.8575292887156258,0.5,0.15268948284586023,0.0033992851960663803
26.768,CIRCLE,0.4229326539877394,0.7263971525796987,0.5006624465026928,0.34773072359715285,0.8592817054437931,0.5,0.15268946774329212,0.0033993904477889227
26.776,CIRCLE,0.42178929985471486,0.7285201788150312,0.5006620548231797,0.3459203914702746,0.8610250445122221,0.5,0.15268945284290622,0.003399502300523532
26.784,CIRCLE,0.42063528885267465,0.7306374308937944,0.5006616633648799,0.3441013192724084,0.8627592618734745,0.5,0.1526894381401173,0.0033996142578196207
26.792,CIRCLE,0.4194706501288619,0.7327488553198968,0.5006612721271656,0.3422735529644757,0.8644843137105824,0.5,0.15268942363123233,0.003399733314479687
26.8,CIRCLE,0.41829541310162066,0.7348543987468513,0.5006608811143807,0.3404371387270663,0.8662001564381536,0.5,0.15268940931162525,0.0033998577334057034
26.808,CIRCLE,0.41710960745667885,0.7369540079743583,0.500660490326362,0.338592122959268,0.8679067467034763,0.5,0.15268939517834573,0.003399987703100501
26.816,CIRCLE,0.4159132631441908,0.7390476299500469,0.50066009976533,0.3367385522774965,0.8696040413876123,0.5,0.1526893812286227,0.0034001222945331607
26.824,CIRCLE,0.41470641038041506,0.7411352117715326,0.5006597094302006,0.33487647351431643,0.8712919976064868,0.5,0.15268936746042178,0.0034002618151068435
26.832,CIRCLE,0.41348907964923387,0.7432167006884529,0.500659319320691,0.33300593371726084,0.8729705727119705,0.5,0.15268935387304935,0.0034004064150463097
26.84,CIRCLE,0.41226130169861597,0.7452920441049582,0.5006589294362784,0.3311269801476383,0.8746397242929607,0.5,0.1526893404647397,0.0034005561807258287
26.848,CIRCLE,0.4110231075397196,0.747361189579354,0.50065853978451,0.3292396602793417,0.8762994101764494,0.5,0.15268932723404088,0.0034007142852844376
26.856,CIRCLE,0.40977452844807627,0.7494240848272712,0.5006581503487593,0.32734402179764716,0.8779495884285913,0.5,0.15268931417915582,0.0034008747560302795
26.864,CIRCLE,0.4085155959601109,0.7514806777230706,0.5006577611288094,0.32544011259801203,0.8795902173557602,0.5,0.1526893012966154,0.003401037594824307
26.872,CIRCLE,0.4072463418759057,0.753530916302943,0.500657372134108,0.3235279807848607,0.8812212555056063,0.5,0.15268928858169617,0.0034012066009316533
26.88,CIRCLE,0.40596679825779125,0.7555747487659468,0.5006569833553209,0.32160767467037205,0.8828426616681011,0.5,0.15268927602826918,0.0034013851802802263
26.888,CIRCLE,0.404676997427831,0.7576121234723695,0.5006565948013182,0.319679242773257,0.8844543948765796,0.5,0.1526892636305237,0.0034015637348629025
26.896,CIRCLE,0.40337697196447725,0.7596429889424138,0.500656206472222,0.31774273381753576,0.8860564144087735,0.5,0.15268925138358674,0.0034017547914908645
26.904,CIRCLE,0.4020667547082325,0.7616672938625096,0.5006558183630162,0.31579819673130266,0.8876486797878428,0.5,0.15268923928296946,0.003401946906405599
26.912,CIRCLE,0.4007463787525432,0.763684987080833,0.5006554304641314,0.31384568064549234,0.8892311507833971,0.5,0.15268922732471055,0.0034021436212742623
26.92,CIRCLE,0.3994158774497597,0.7656960176140407,0.5006550427892138,0.31188523489263736,0.8908037874125128,0.5,0.15268921550478243,0.0034023503027616974
26.928,CIRCLE,0.39807528440928597,0.7677003346488357,0.5006546553430994,0.30991690900562424,0.8923665499407405,0.5,0.1526892038182096,0.0034025650026573233
26.936,CIRCLE,0.39672463349354037,0.7696978875382858,0.5006542681225545,0.3079407527164381,0.8939193988831136,0.5,0.15268919226131253,0.003402780802306677
26.944,CIRCLE,0.39536395881679687,0.7716886258037094,0.5006538811220399,0.30595681595490876,0.8954622950051422,0.5,0.15268918083097288,0.003403006417576641
26.952,CIRCLE,0.3939932947500242,0.7736724991422708,0.5006534943479727,0.3039651488474476,0.8969951993238068,0.5,0.15268916952286918,0.00340323928814543
26.96,CIRCLE,0.39261267591670634,0.7756494574227848,0.5006531077900687,0.30196580171578413,0.8985180731085401,0.5,0.15268915833390762,0.0034034758163587766
26.968,CIRCLE,0.3912221371902731,0.7776194506862975,0.5006527214568155,0.2999588250756905,0.9000308778822096,0.5,0.15268914726189287,0.0034037219641020492
26.976,CIRCLE,0.3898217136969616,0.779582429152023,0.5006523353502538,0.29794426963570747,0.901533575422087,0.5,0.15268913630386616,0.0034039691189912255
26.984,CIRCLE,0.3884114408123778,0.7815383432166809,0.5006519494614069,0.2959221862958622,0.9030261277608154,0.5,0.1526891254561472,0.003404227295382209
26.992,CIRCLE,0.38699135416386926,0.783487143459731,0.5006515637983843,0.2938926261463848,0.904508497187366,0.5,0.15268911471328359,0.003404493298838468
27.0,CIRCLE,0.385561489624429,0.7854287806372684,0.5006511783606893,0.2918556404664135,0.9059806462479949,0.5,0.15268910407068623,0.0034047672037936312
27.008,CIRCLE,0.38412188331198355,0.7873632056816458,0.5006507931398716,0.28981128072270146,0.9074425377471865,0.5,0.15268909352593202,0.003405042780850468
27.016000000000002,CIRCLE,0.3826725715901209,0.7892903697057885,0.5006504081405312,0.28775959856831546,0.9088941347485947,0.5,0.1526890830773505,0.0034053294776804424
27.024,CIRCLE,0.3812135910721529,0.791210224011045,0.5006500233602953,0.28570064584133326,0.9103354005759741,0.5,0.15268907272185525,0.0034056205246180906
27.032,CIRCLE,0.3797449786140047,0.7931227200828151,0.5006496387937187,0.2836344745635298,0.9117662988141093,0.5,0.15268906245559125,0.0034059178934130784
27.04,CIRCLE,0.37826677131650177,0.7950278095933695,0.5006492544524489,0.28156113693906554,0.913186793309734,0.5,0.15268905227477994,0.003406226180937673
27.048000000000002,CIRCLE,0.37677900652379015,0.7969254444031675,0.5006488703326438,0.27948068535316617,0.9145968481724439,0.5,0.15268904217514287,0.0034065396261831788
27.056,CIRCLE,0.37528172181823644,0.7988155765584711,0.5006484864299868,0.27739317237080185,0.9159964277756032,0.5,0.1526890321520978,0.0034068597774385436
27.064,CIRCLE,0.3737749550236502,0.8006981582950197,0.5006481027537837,0.27529865073535476,0.9173854967572461,0.5,0.15268902220152766,0.0034071903715167393
27.072,CIRCLE,0.37225874420401067,0.8025731420390819,0.5006477192931357,0.2731971733672893,0.9187640200209699,0.5,0.15268901231956228,0.003407527563853729
27.080000000000002,CIRCLE,0.37073312766076716,0.8044404804079679,0.5006473360578597,0.27108879336281366,0.9201319627368212,0.5,0.15268900250214973,0.0034078675641757003
27.088,CIRCLE,0.3691981439340075,0.8063001262111456,0.5006469530456098,0.26897356399254124,0.921489290342175,0.5,0.15268899274633985,0.003408221612048809
27.096,CIRCLE,0.3676538318043702,0.8081520324559595,0.5006465702540484,0.26685153870014006,0.9228359685426106,0.5,0.15268898304884881,0.0034085795769054255
27.104,CIRCLE,0.3661002302838893,0.8099961523421384,0.5006461876757266,0.26472277110098574,0.9241719633127761,0.5,0.15268897340573198,0.0034089442069756394
27.112000000000002,CIRCLE,0.36453737862089214,0.8118324392672062,0.5006458053220353,0.262587314980805,0.9254972408972489,0.5,0.1526889638131347,0.0034093200051714054
27.12,CIRCLE,0.36296531629847717,0.8136608468277771,0.50064542318936,0.26044522429432004,0.926811767811387,0.5,0.1526889542667489,0.0034097022029667533
27.128,CIRCLE,0.36138408303008424,0.8154813288174272,0.5006450412746123,0.2582965531638806,0.9281155108421775,0.5,0.15268894476204214,0.003410091876556245
27.136,CIRCLE,0.35979371876203636,0.817293839229602,0.500644659587528,0.2561413558780995,0.9294084370490743,0.5,0.15268893529535515,0.003410492916440662
27.144000000000002,CIRCLE,0.35819426367212304,0.8190983322586693,0.5006442781222467,0.2539796868904795,0.9306905137648309,0.5,0.15268892586360017,0.0034108974899002558
27.152,CIRCLE,0.35658575816600896,0.8208947622999322,0.5006438968781319,0.25181160081804066,0.9319617085963243,0.5,0.15268891646341637,0.003411313449215212
27.16,CIRCLE,0.354968242880913,0.822683083956066,0.5006435158611375,0.2496371524399355,0.9332219894253757,0.5,0.15268890709053456,0.003411738389053359
27.168,CIRCLE,0.3533417586814352,0.8244632520329299,0.5006431350604676,0.24745639669606836,0.934471324409561,0.5,0.15268889774145428,0.003412168492113381
27.176000000000002,CIRCLE,0.35170634665702943,0.8262352215400445,0.5006427544831897,0.24526938868570541,0.9357096819830153,0.5,0.15268888841299041,0.0034126096588190332
27.184,CIRCLE,0.3500620481249707,0.8279989476964151,0.5006423741328758,0.2430761836660858,0.9369370308572292,0.5,0.15268887910157025,0.003413053670233537
27.192,CIRCLE,0.34840890462716234,0.8297543859296385,0.5006419940015746,0.24087683705102084,0.938153340021842,0.5,0.15268886980320986,0.0034135113679549063
27.2,CIRCLE,0.3467469579319299,0.8315014918807196,0.5006416140992107,0.23867140440949697,0.9393585787454233,0.5,0.15268886051304723,0.0034139788359558044
27.208000000000002,CIRCLE,0.34507625002716474,0.8332402213971131,0.500641234423609,0.23645994146427018,0.9405527165762503,0.5,0.1526888512268931,0.003414448633431282
27.216,CIRCLE,0.3433968231193506,0.8349705305346289,0.5006408549672889,0.2342425040904613,0.9417357233430756,0.5,0.15268884194064233,0.0034149319449094714
27.224,CIRCLE,0.34170871963913496,0.8366923755660725,0.5006404757316728,0.23201914831413956,0.9429075691558921,0.5,0.15268883264976188,0.003415422195862458
27.232,CIRCLE,0.3400119822342866,0.8384057129761114,0.5006400967132831,0.22978993031091005,0.9440682244066863,0.5,0.15268882334938014,0.003415920612310556
27.240000000000002,CIRCLE,0.33830665377219127,0.8401104994640828,0.5006397179213136,0.2275549064044929,0.9452176597701876,0.5,0.15268881403570642,0.003416430863869981
27.248,CIRCLE,0.336592777338491,0.8418066919449524,0.5006393393506513,0.22531413306530343,0.9463558462046069,0.5,0.15268880470582297,0.0034169448043104827
27.256,CIRCLE,0.33487039623347326,0.8434942475491942,0.5006389610006415,0.22306766690902038,0.9474827549523739,0.5,0.15268879535675944,0.0034174721064688563
27.264,CIRCLE,0.33313955397545897,0.8451731236294123,0.500638582871169,0.22081556469515887,0.948598357540861,0.5,0.15268878598496416,0.0034180061928429976
27.272000000000002,CIRCLE,0.33140029429389384,0.846843277755579,0.5006382049580164,0.21855788332563458,0.9497026257831038,0.5,0.15268877658605243,0.0034185485771902613
27.28,CIRCLE,0.32965266113205,0.8485046677180046,0.5006378272701677,0.21629467984332926,0.9507955317785123,0.5,0.1526887671563491,0.0034191028396394754
27.288,CIRCLE,0.3278966986456759,0.8501572515282503,0.5006374498042228,0.2140260114306447,0.9518770479135774,0.5,0.15268875769272858,0.003419661420948328
27.296,CIRCLE,0.3261324511996666,0.8518009874188206,0.5006370725589508,0.2117519354080612,0.9529471468625674,0.5,0.152688748191931,0.0034202336709493277
27.304000000000002,CIRCLE,0.3243599633710092,0.8534358338491594,0.5006366955343735,0.20947250923268762,0.9540058015882193,0.5,0.15268873865031432,0.003420812944313139
27.312,CIRCLE,0.32257927994207436,0.8550617495010641,0.5006363187262977,0.2071877904968129,0.9550529853424201,0.5,0.15268872906340863,0.00342140074717927
27.32,CIRCLE,0.3207904459035386,0.856678693281837,0.5006359421436821,0.20489783692644614,0.9560886716668848,0.5,0.1526887194276088,0.003422000646803457
27.328,CIRCLE,0.31899350645305946,0.8582866243252029,0.500635565782019,0.20260270637986127,0.9571128343938242,0.5,0.15268870974001233,0.0034226049142602843
27.336000000000002,CIRCLE,0.3171885069918561,0.8598855019910792,0.5006351896410604,0.20030245684613354,0.9581254476466057,0.5,0.1526886999975744,0.003423223249405403
27.344,CIRCLE,0.31537549312771823,0.8614752858718258,0.5006348137209438,0.19799714644367772,0.9591264858404063,0.5,0.15268869019689313,0.0034238487694464733
27.352,CIRCLE,0.313554510667997,0.8630559357873938,0.5006344380174008,0.19568683341877466,0.9601159236828614,0.5,0.15268868033352398,0.0034244830103130016
27.36,CIRCLE,0.31172560562258667,0.8646274117884964,0.5006340625388938,0.19337157614410302,0.9610937361747016,0.5,0.15268867040380424,0.003425129347556551
27.368000000000002,CIRCLE,0.3098888242026545,0.866189674157451,0.5006336872807787,0.19105143311726266,0.9620598986103859,0.5,0.15268866040478682,0.003425780300375067
27.376,CIRCLE,0.308044212817316,0.8677426834079409,0.5006333122433387,0.1887264629593,0.963014386578724,0.5,0.15268865033341353,0.003426445668595352
27.384,CIRCLE,0.3061918180764007,0.8692864002910885,0.5006329374268328,0.18639672441322197,0.9639571759634948,0.5,0.1526886401863974,0.0034271183699845515
27.392,CIRCLE,0.3043316867832937,0.8708207857904761,0.5006325628269398,0.18406227634251496,0.964888242944056,0.5,0.15268862995928384,0.0034277999633614887
27.400000000000002,CIRCLE,0.3024638659380555,0.872345801125416,0.5006321884519405,0.18172317772965613,0.9658075639959444,0.5,0.15268861964843206,0.00342849375052794
27.408,CIRCLE,0.30058840273630744,0.8738614077518597,0.5006318142890075,0.17937948767462622,0.9667151158914704,0.5,0.15268860925099045,0.003429195102843723
27.416,CIRCLE,0.29870534456641734,0.8753675673628225,0.500631440348802,0.17703126539341163,0.9676108757003065,0.5,0.15268859876414184,0.0034299077764491574
27.424,CIRCLE,0.2968147390101529,0.8768642418914864,0.5006310666305235,0.17467857021651126,0.9684948207900652,0.5,0.15268858818513503,0.0034306247852875396
27.432000000000002,CIRCLE,0.294916633839681,0.8783513935105668,0.5006306931313825,0.1723214615874361,0.9693669288268718,0.5,0.1526885775108837,0.0034313571415240914
27.44,CIRCLE,0.29301107701893636,0.8798289846370405,0.5006303198620898,0.16995999906121043,0.970227177775927,0.5,0.1526885667378613,0.003432100598919855
27.448,CIRCLE,0.29109811669670516,0.8812969779250893,0.5006299468196612,0.16759424230286218,0.971075545902066,0.5,0.1526885558621941,0.0034328464519429187
27.456,CIRCLE,0.2891778012056245,0.8827553362682895,0.500629573995174,0.16522425108591884,0.9719120117703057,0.5,0.15268854487899736,0.0034336077825575803
27.464000000000002,CIRCLE,0.28725017906843436,0.8842040228091769,0.5006292013993043,0.16285008529089534,0.9727365542463879,0.5,0.15268853378345787,0.003434380324892744
27.472,CIRCLE,0.28531529899109165,0.8856430009321647,0.5006288290198381,0.16047180490378465,0.9735491524973112,0.5,0.15268852257081456,0.0034351596864308893
27.48,CIRCLE,0.2833732098602793,0.8870722342640037,0.5006284568537471,0.15808947001453705,0.9743497859918594,0.5,0.15268851123565638,0.0034359469499118237
27.488,CIRCLE,0.28142396074843157,0.8884916866788468,0.5006280849139968,0.15570314081554526,0.9751384345011194,0.5,0.15268849977464874,0.0034367471596526123
27.496000000000002,CIRCLE,0.27946760091215256,0.8899013222998082,0.5006277131890186,0.15331287760012188,0.9759150780989925,0.5,0.1526884881857974,0.003437554259172783
27.504,CIRCLE,0.27750417978643144,0.8913011054965527,0.5006273416853219,0.1509187407609795,0.9766796971626968,0.5,0.15268847646679404,0.003438375000948584
27.512,CIRCLE,0.2755337469864735,0.8926910008900565,0.5006269703995804,0.14852079078869956,0.9774322723732648,0.5,0.15268846461527602,0.003439202702244258
27.52,CIRCLE,0.27355635230229414,0.8940709733496588,0.5006265993259899,0.14611908827020764,0.9781727847160305,0.5,0.15268845262757702,0.0034400394887678207
27.528000000000002,CIRCLE,0.2715720457019259,0.8954409879962929,0.5006262284758108,0.14371369388724067,0.9789012154811099,0.5,0.1526884405012021,0.003440889736041852
27.536,CIRCLE,0.26958087732998987,0.8968010102037703,0.5006258578414781,0.1413046684148173,0.9796175462638732,0.5,0.15268842823436574,0.003441746570000913
27.544,CIRCLE,0.2675828975018353,0.8981510055959885,0.5006254874278722,0.13889207271969728,0.980321758965411,0.5,0.15268841582427864,0.00344261668073053
27.552,CIRCLE,0.2655781567062398,0.8994909400523466,0.5006251172321929,0.13647596775884685,0.9810138357929907,0.5,0.1526884032679046,0.0034434942223436874
27.560000000000002,CIRCLE,0.26356670560069917,0.9008207797051261,0.5006247472493919,0.13405641457789708,0.9816937592605067,0.5,0.15268839056097727,0.0034443810287416573
27.568,CIRCLE,0.2615485950142247,0.902140490942263,0.5006243774898006,0.13163347430960468,0.9823615121889211,0.5,0.15268837770047378,0.0034452811243773536
27.576,CIRCLE,0.2595238759460008,0.9034500404084934,0.5006240079453467,0.12920720817230247,0.983017077706699,0.5,0.15268836468431496,0.0034461876488406412
27.584,CIRCLE,0.25749259955991954,0.9047493950029675,0.5006236386217876,0.12677767746835594,0.9836604392502342,0.5,0.1526883515096296,0.0034471079402199384
27.592000000000002,CIRCLE,0.25545481718718654,0.9060385218848735,0.5006232695166338,0.12434494358261279,0.984291580564268,0.5,0.15268833817347816,0.0034480356366244154
27.6,CIRCLE,0.2534105803210496,0.9073173884703459,0.5006229006246917,0.12190906798085518,0.9849104857022988,0.5,0.15268832467151455,0.0034489726304832665
27.608,CIRCLE,0.2513599406197909,0.9085859624353936,0.5006225319559882,0.11947011220824182,0.9855171390269865,0.5,0.15268831100064906,0.003449922826219997
27.616,CIRCLE,0.24930294990542584,0.9098442117170064,0.5006221635019826,0.1170281378877562,0.986111525210547,0.5,0.1526882971588034,0.0034508794052587398
27.624000000000002,CIRCLE,0.24723966015831073,0.9110921045108342,0.500621795268788,0.11458320671864809,0.9866936292351396,0.5,0.1526882831430933,0.0034518499516998334
27.632,CIRCLE,0.24517012351961165,0.9123296092767845,0.5006214272542611,0.11213538047487788,0.9872634363932455,0.5,0.15268826895059867,0.0034528279796128577
27.64,CIRCLE,0.24309439228584295,0.9135566947357013,0.5006210594533121,0.10968472100355078,0.9878209322880407,0.5,0.15268825457684718,0.0034538153441326554
27.648,CIRCLE,0.24101251891188671,0.91477332987228,0.5006206918754204,0.10723129022335753,0.9883661028337594,0.5,0.15268824001859674,0.0034548157387189462
27.656,CIRCLE,0.23892455600975296,0.9159794839360954,0.5006203245116266,0.10477515012300917,0.9888989342560494,0.5,0.15268822527369388,0.0034558224420170695
27.664,CIRCLE,0.23683055634339606,0.9171751264394595,0.500619957368521,0.10231636275966989,0.9894194130923206,0.5,0.15268821033923904,0.0034568433358128834
27.672,CIRCLE,0.23473057283102894,0.9183602271630062,0.500619590444359,0.0998549902573926,0.9899275261920849,0.5,0.15268819521238078,0.0034578717604441932
27.68,CIRCLE,0.23262465853942305,0.9195347561521037,0.500619223734152,0.09739109480554405,0.9904232607172885,0.5,0.15268817988857644,0.003458909535521902
27.688,CIRCLE,0.23051286668696924,0.9206986837197704,0.500618857246894,0.09492473865723706,0.9909066041426365,0.5,0.1526881643645066,0.0034599601665753076
27.696,CIRCLE,0.22839525064249533,0.9218519804476354,0.5006184909730707,0.09245598412775588,0.9913775442559094,0.5,0.15268814863802468,0.0034610169461740553
27.704,CIRCLE,0.22627186392025203,0.9229946171839765,0.5006181249197732,0.08998489359298516,0.9918360691582706,0.5,0.1526881327062808,0.003462088149287923
27.712,CIRCLE,0.22414276018210325,0.9241265650493594,0.5006177590858303,0.08751152948782878,0.9922821672645687,0.5,0.15268811656654235,0.0034631669553534103
27.72,CIRCLE,0.22200799323155246,0.925247795432723,0.5006173934664478,0.08503595430463584,0.9927158273036294,0.5,0.15268810021420406,0.003464255113160442
27.728,CIRCLE,0.21986761701693044,0.9263582799943934,0.500617028061666,0.0825582305916199,0.9931370383185397,0.5,0.15268808364583952,0.00346535274136771
27.736,CIRCLE,0.2177216856289533,0.9274579906675344,0.5006166628711414,0.08007842095128227,0.9935457896669257,0.5,0.15268806685791786,0.0034664598519097917
27.744,CIRCLE,0.21557025330022406,0.9285468996574454,0.5006162978969307,0.07759658803882488,0.993942071021221,0.5,0.1526880498482444,0.003467577293699606
27.752,CIRCLE,0.21341337440248406,0.929624979443307,0.50061593313872,0.07511279456057085,0.9943258723689278,0.5,0.15268803261426034,0.0034687050759601534
27.76,CIRCLE,0.2112511034461425,0.9306922027774985,0.5006155685950843,0.07262710327237833,0.99469718401287,0.5,0.15268801515446875,0.003469842734790548
27.768,CIRCLE,0.20908349507753754,0.9317485426871426,0.5006152042657175,0.07013957697805838,0.9950559965714374,0.5,0.15268799746684558,0.0034709902784568155
27.776,CIRCLE,0.20691060407849823,0.9327939724734463,0.5006148401508463,0.067650278527783,0.995402300978824,0.5,0.15268797955025654,0.0034721478558496013
27.784,CIRCLE,0.20473248536337557,0.9338284657135716,0.5006144762501473,0.06515927081650058,0.9957360884852564,0.5,0.15268796140249966,0.0034733154733780284
27.792,CIRCLE,0.2025491939786012,0.9348519962599595,0.500614112563035,0.06266661678234502,0.9960573506572146,0.5,0.15268794302170763,0.003474492989055105
27.8,CIRCLE,0.20036078509992714,0.9358645382419536,0.5006137490891478,0.060172379405049096,0.9963660793776452,0.5,0.15268792440468215,0.0034756804079171593
27.808,CIRCLE,0.19816731403199786,0.9368660660651268,0.5006133858282243,0.05767662170434791,0.9966622668461673,0.5,0.15268790554828884,0.003476877727063057
27.816,CIRCLE,0.19596883620564146,0.9378565544128576,0.5006130227806131,0.05517940673839012,0.9969459055792685,0.5,0.15268788644784864,0.0034780847130683424
27.824,CIRCLE,0.19376540717954593,0.9388359782477677,0.5006126599464128,0.052680797602142976,0.9972169884104947,0.5,0.15268786709964416,0.0034793015001790984
27.832,CIRCLE,0.19155708263753385,0.9398043128133278,0.5006122973252397,0.05018085742580167,0.9974755084906305,0.5,0.15268784749934308,0.003480528090654761
27.84,CIRCLE,0.18934391838813258,0.9407615336331588,0.5006119349170447,0.04767964937318897,0.9977214592878729,0.5,0.15268782764343583,0.003481764552344989
27.848,CIRCLE,0.18712597036193862,0.9417076165125653,0.5006115727214637,0.04517723664016287,0.9979548345879963,0.5,0.15268780752776012,0.003483010885911537
27.856,CIRCLE,0.1849032946112034,0.9426425375378422,0.5006112107379952,0.042673682453018086,0.9981756284945089,0.5,0.15268778714892514,0.0034842669823728235
27.864,CIRCLE,0.1826759473071409,0.9435662730778437,0.5006108489662773,0.04016905006689214,0.9983838354288024,0.5,0.15268776650276755,0.0034855328410068128
27.872,CIRCLE,0.1804439847395244,0.9444787997832903,0.5006104874060213,0.037663402764161795,0.9985794501302923,0.5,0.1526877455857696,0.0034868084306118575
27.88,CIRCLE,0.17820746331381257,0.9453800945883094,0.5006101260649428,0.035156803852847744,0.9987624676565513,0.5,0.15268772439338077,0.0034880907394275384
27.888,CIRCLE,0.1759664395520716,0.9462701347111815,0.5006097649303412,0.03264931666501323,0.9989328833834343,0.5,0.1526877029220472,0.0034893886527624937
27.896,CIRCLE,0.17372097009113277,0.947148897658308,0.5006094040102699,0.030141004555167508,0.9990906930051946,0.5,0.15268768116784848,0.0034906915940043624
27.904,CIRCLE,0.1714711116788915,0.948016361217905,0.5006090433031647,0.027631930898659736,0.999235892534593,0.5,0.15268765912664492,0.0034920055692094416
27.912,CIRCLE,0.16921692117594722,0.9488725034683833,0.5006086828117208,0.025122159090081305,0.9993684783029988,0.5,0.15268763679435773,0.0034933293926728707
27.92,CIRCLE,0.16695845555258387,0.949717302775015,0.5006083225356869,0.02261175254166233,0.9994884469604823,0.5,0.15268761416683801,0.0034946630584431005
27.928,CIRCLE,0.16469577188845846,0.9505507377893279,0.5006079624656595,0.020100774681672998,0.9995957954758994,0.5,0.15268759124129597,0.003496003096664874
27.936,CIRCLE,0.16242892737077158,0.9513727874490341,0.5006076026121086,0.01758928895281568,0.9996905211369678,0.5,0.15268756801624855,0.0034973594618510086
27.944,CIRCLE,0.16015797929295858,0.9521834309811095,0.5006072429717908,0.01507735881062551,0.9997726215503363,0.5,0.1526875444907008,0.003498717957173184
27.952,CIRCLE,0.157882985049031,0.952982647894928,0.5006068835446502,0.012565047721865346,0.9998420946416451,0.5,0.1526875206625192,0.0035000890023821354
27.96,CIRCLE,0.15560400213645104,0.9537704179949406,0.5006065243283884,0.010052419162925753,0.9998989386555774,0.5,0.15268749652869007,0.003501466997388558
27.968,CIRCLE,0.15332108815226128,0.9545467213743538,0.5006061653216745,0.007539536618215875,0.9999431521559052,0.5,0.1526874720852203,0.0035028592847977944
27.976,CIRCLE,0.15103430079272256,0.9553115384166001,0.5006058065360618,0.0050264635785629876,0.9999747340255238,0.5,0.15268744732792097,0.003504254264261024
27.984,CIRCLE,0.14874369785188937,0.9560648497914036,0.5006054479636569,0.002513263539606546,0.9999936834664819,0.5,0.15268742225359708,0.003505662515926804
27.992,CIRCLE,0.14644933722253703,0.9568066364646931,0.5006050896032408,1.9745115470323596e-13,1.0,0.5,0.15268739685967425,0.003507077586179049
28.0,CIRCLE,0.14415127689136517,0.9575368796911917,0.5006047314625407,-0.0025132635392116484,0.9999936834664839,0.5,0.1526873711433521,0.0035085056711017704
28.008,CIRCLE,0.1418495749397566,0.958255561017902,0.5006043735404784,-0.005026463578167217,0.9999747340255278,0.5,0.1526873451027795,0.0035099406664355526
28.016000000000002,CIRCLE,0.1395442895393945,0.9589626622813371,0.5006040158313974,-0.007539536617821018,0.9999431521559112,0.5,0.15268731873515445,0.0035113835529166806
28.024,CIRCLE,0.13723547895277088,0.9596581656124052,0.5006036583350374,-0.01005241916253093,0.9998989386555854,0.5,0.1526872920374244,0.003512834317567931
28.032,CIRCLE,0.13492320153280232,0.96034205343559,0.5006033010614814,-0.012565047721470568,0.999842094641655,0.5,0.1526872650077345,0.0035142967824231893
28.04,CIRCLE,0.13260751572152865,0.9610143084699535,0.5006029440027285,-0.015077358810229901,0.9997726215503482,0.5,0.15268723764535655,0.003515766972294961
28.048000000000002,CIRCLE,0.13028848004588206,0.9616749137265654,0.5006025871499554,-0.017589288952421022,0.9996905211369815,0.5,0.15268720994887444,0.0035172481806117623
28.056,CIRCLE,0.12796615311610302,0.962323852510892,0.5006022305029022,-0.020100774681278414,0.9995957954759151,0.5,0.15268718191558037,0.0035187403874815185
28.064,CIRCLE,0.12564059362551389,0.9629611084222103,0.5006018740610981,-0.02261175254126783,0.9994884469605003,0.5,0.15268715354289483,0.0035202371333748826
28.072,CIRCLE,0.12331186034804788,0.9635866653527407,0.5006015178324118,-0.025122159089686014,0.9993684783030188,0.5,0.15268712482771085,0.0035217418478975023
28.080000000000002,CIRCLE,0.12098001213955813,0.9642005074956929,0.5006011618166115,-0.027631930898265437,0.9992358925346148,0.5,0.1526870957672343,0.0035232545128009614
28.088,CIRCLE,0.11864510793744913,0.964802619344415,0.5006008060109279,-0.030141004554773324,0.9990906930052184,0.5,0.15268706636051307,0.0035247760180507977
28.096,CIRCLE,0.11630720675736628,0.9653929856885177,0.500600450423456,-0.03264931666461918,0.9989328833834601,0.5,0.15268703660777075,0.0035263032347135747
28.104,CIRCLE,0.11396636769208804,0.9659715916124728,0.5006000950532672,-0.03515680385245293,0.9987624676565792,0.5,0.15268700651108297,0.0035278425516325875
28.112000000000002,CIRCLE,0.11162264990825291,0.9665384224996667,0.5005997399033351,-0.03766340276376802,0.998579450130322,0.5,0.1526869760718755,0.0035293926634424226
28.12,CIRCLE,0.10927611264208571,0.9670934640277683,0.5005993849644828,-0.04016905006649851,0.998383835428834,0.5,0.1526869452892011,0.003530950157989421
28.128,CIRCLE,0.10692681519787575,0.9676367021688013,0.5005990302310095,-0.04267368245262463,0.9981756284945427,0.5,0.15268691415974092,0.0035325106425274366
28.136,CIRCLE,0.10457481695022558,0.9681681231929143,0.5005986757171448,-0.0451772366397687,0.997954834588032,0.5,0.1526868826807688,0.003534087105629258
28.144000000000002,CIRCLE,0.1022201773449356,0.9686877136751473,0.5005983214167462,-0.04767964937279587,0.9977214592879107,0.5,0.15268685085111394,0.003535666051569956
28.152,CIRCLE,0.09986295589348916,0.96919546048411,0.5005979673291807,-0.05018085742540876,0.9974755084906701,0.5,0.1526868186696429,0.0035372554594452488
28.16,CIRCLE,0.09750321217322311,0.9696913507924587,0.5005976134588402,-0.052680797601750276,0.9972169884105364,0.5,0.15268678613494102,0.0035388534902006624
28.168,CIRCLE,0.09514100582382293,0.9701753720729559,0.5005972598055278,-0.05517940673799675,0.9969459055793122,0.5,0.15268675324416953,0.003540460117592617
28.176000000000002,CIRCLE,0.09277639654701854,0.9706475120976316,0.5005969063690323,-0.05767662170395564,0.9966622668462128,0.5,0.15268671999447167,0.003542075315105776
28.184,CIRCLE,0.09040944410643216,0.9711077589372563,0.500596553136342,-0.06017237940465706,0.9963660793776927,0.5,0.15268668638437694,0.003543694219278779
28.192,CIRCLE,0.08804020832545738,0.9715561009615157,0.5005962001162041,-0.06266661678195323,0.9960573506572641,0.5,0.15268665241332532,0.00354532333396199
28.2,CIRCLE,0.0856687490859445,0.9719925268457505,0.5005958473131343,-0.06515927081610816,0.9957360884853079,0.5,0.15268661808071468,0.0035469607751059777
28.208000000000002,CIRCLE,0.08329512632443392,0.9724170255666501,0.5005954947269603,-0.06765027852739174,0.9954023009788775,0.5,0.15268658338448515,0.003548606513711653
28.216,CIRCLE,0.08091940003187259,0.9728295864014042,0.5005951423574901,-0.07013957697766739,0.9950559965714928,0.5,0.15268654832251405,0.0035502605205091063
28.224,CIRCLE,0.07854163025348199,0.9732301989271883,0.5005947901909207,-0.07262710327198761,0.9946971840129273,0.5,0.15268651289402413,0.0035519176237469407
28.232,CIRCLE,0.07616187708655534,0.9736188530213816,0.5005944382366448,-0.07511279456017955,0.9943258723689872,0.5,0.15268647709901081,0.0035535849147820815
28.240000000000002,CIRCLE,0.07378020067899932,0.9739955388687532,0.5005940864997854,-0.07759658803843476,0.9939420710212823,0.5,0.1526864409372482,0.0035552602767388655
28.248,CIRCLE,0.07139666122534398,0.9743602469569087,0.5005937349801859,-0.08007842095089246,0.9935457896669889,0.5,0.1526864044065633,0.0035569436777908065
28.256,CIRCLE,0.0690113189664771,0.9747129680754246,0.5005933836776705,-0.08255823059123042,0.9931370383186049,0.5,0.15268636750424355,0.0035586350858669994
28.264,CIRCLE,0.06662423418950922,0.975053693315289,0.5005930325806668,-0.0850359543042458,0.9927158273036967,0.5,0.1526863302284376,0.0035603301644472505
28.272000000000002,CIRCLE,0.06423546722593625,0.9753824140689741,0.5005926816955555,-0.08751152948743998,0.9922821672646379,0.5,0.15268629257793906,0.003562033241978042
28.28,CIRCLE,0.06184507845063938,0.9756991220363487,0.5005923310238769,-0.0899848935925967,0.9918360691583417,0.5,0.15268625455197235,0.0035637435880864032
28.288,CIRCLE,0.059453128279404126,0.9760038092215786,0.5005919805654998,-0.09245598412736779,0.9913775442559825,0.5,0.15268621614969458,0.003565461169216462
28.296,CIRCLE,0.05705967716875777,0.9762964679324686,0.5005916303122593,-0.09492473865684847,0.9909066041427117,0.5,0.15268617737162402,0.0035671829086081556
28.304000000000002,CIRCLE,0.05466478561457837,0.9765770907801533,0.5005912802753977,-0.0973910948051567,0.9904232607173654,0.5,0.15268613821992813,0.0035689129317757334
28.312,CIRCLE,0.05226851414865417,0.9768456706823675,0.5005909304532424,-0.09985499025700564,0.9899275261921638,0.5,0.15268609869611102,0.003570651721329565
28.32,CIRCLE,0.049870923335902595,0.9771022008598969,0.5005905808456673,-0.10231636275928335,0.9894194130924014,0.5,0.15268605880018582,0.0035723992395906867
28.328,CIRCLE,0.047472073774266856,0.9773466748360303,0.5005902314418926,-0.10477515012262217,0.9888989342561323,0.5,0.15268601853206398,0.003574151431597965
28.336000000000002,CIRCLE,0.04507202609298679,0.9775790864364149,0.5005898822556961,-0.10723129022297183,0.9883661028338441,0.5,0.15268597789146499,0.0035759058681626875
28.344,CIRCLE,0.042670840950726575,0.9777994297934466,0.5005895332847347,-0.1096847210031655,0.9878209322881273,0.5,0.15268593687707768,0.003577674277223818
28.352,CIRCLE,0.04026857903556958,0.9780076993491051,0.5005891845209915,-0.11213538047449305,0.987263436393334,0.5,0.15268589548801323,0.003579440709010659
28.36,CIRCLE,0.03786530106162358,0.9782038898445876,0.5005888359687145,-0.1145832067182637,0.9866936292352302,0.5,0.1526858537227121,0.0035812187841399675
28.368000000000002,CIRCLE,0.03546106776929738,0.9783879963335111,0.5005884876279241,-0.11702813788737228,0.9861115252106395,0.5,0.15268581157987846,0.00358300072293095
28.376,CIRCLE,0.033055939923076844,0.9785600141714913,0.5005881394916167,-0.11947011220785834,0.9855171390270808,0.5,0.15268576905843786,0.0035847924660081707
28.384,CIRCLE,0.03064997830935364,0.9787199390194365,0.5005877915736657,-0.1219090679804722,0.9849104857023949,0.5,0.15268572615679954,0.0035865886670111676
28.392,CIRCLE,0.02824324373483252,0.9788677668418416,0.5005874438669823,-0.12434494358223029,0.9842915805643662,0.5,0.1526856828726929,0.003588388946326955
28.400000000000002,CIRCLE,0.025835797026300112,0.9790034939105466,0.5005870963797607,-0.12677767746797397,0.9836604392503343,0.5,0.15268563920444955,0.0035901963660393264
28.408,CIRCLE,0.023427699029643714,0.9791271168055532,0.5005867491040127,-0.12920720817192097,0.983017077706801,0.5,0.15268559515145677,0.003592013807255353
28.416,CIRCLE,0.021019010608525204,0.9792386324125821,0.5005864020517651,-0.1316334743092237,0.982361512189025,0.5,0.15268555071462392,0.0035938303768263897
28.424,CIRCLE,0.01860979264308148,0.9793380379197747,0.5005860552023566,-0.13405641457751663,0.9816937592606125,0.5,0.15268550589646188,0.003595658208555318
28.432000000000002,CIRCLE,0.01620010602542839,0.9794253308261684,0.5005857085635972,-0.13647596775846696,0.9810138357930984,0.5,0.15268546069818464,0.0035974862221762514
28.44,CIRCLE,0.013790011658116639,0.9795005089333008,0.5005853621353991,-0.13889207271931792,0.9803217589655207,0.5,0.15268541511972591,0.0035993221146257194
28.448,CIRCLE,0.011379570453564919,0.9795635703538424,0.5005850159121032,-0.1413046684144385,0.9796175462639848,0.5,0.15268536916062986,0.0036011602063921165
28.456,CIRCLE,0.008968843331974292,0.9796145135061122,0.5005846698979638,-0.14371369388686242,0.9789012154812234,0.5,0.15268532281965858,0.0036030092146015803
28.464000000000002,CIRCLE,0.006557891220764264,0.979653337116464,0.5005843240897143,-0.14611908826982997,0.9781727847161459,0.5,0.15268527609571014,0.0036048571003415584
28.472,CIRCLE,0.004146775052702098,0.97968004021223,0.5005839784922549,-0.1485207907883225,0.9774322723733821,0.5,0.15268522898748377,0.0036067148245019576
28.48,CIRCLE,0.0017355557653050344,0.9796946221321123,0.5005836331055771,-0.150918740760603,0.976679697162816,0.5,0.15268518149444715,0.0036085755558546897
28.488,CIRCLE,-0.0006757057007988577,0.9796970825178564,0.5005832879239632,-0.153312877599746,0.9759150780991135,0.5,0.15268513361665031,0.0036104443046215125
28.496000000000002,CIRCLE,-0.003086948404385318,0.9796874213176255,0.5005829429590897,-0.15570314081516998,0.9751384345012424,0.5,0.15268508535385775,0.003612316564007198
28.504,CIRCLE,-0.005498111404959491,0.9796656387845694,0.5005825981984564,-0.1580894700141624,0.9743497859919843,0.5,0.1526850367055516,0.003614194484092457
28.512,CIRCLE,-0.00790913376457391,0.9796317354790726,0.5005822536419496,-0.16047180490341065,0.9735491524974379,0.5,0.15268498767085414,0.003616078019229084
28.52,CIRCLE,-0.010319954547864139,0.9795857122681949,0.5005819092894667,-0.16285008529052197,0.9727365542465166,0.5,0.1526849382499773,0.0036179671236507387
28.528000000000002,CIRCLE,-0.01273051282217503,0.9795275703247485,0.5005815651473697,-0.16522425108554611,0.9719120117704363,0.5,0.15268488844562295,0.0036198556803807846
28.536,CIRCLE,-0.015140747661528503,0.9794573111280374,0.5005812212117704,-0.16759424230249015,0.9710755459021985,0.5,0.15268483826051563,0.003621752331676302
28.544,CIRCLE,-0.017550598149835898,0.9793749364690193,0.5005808774869682,-0.16995999906083903,0.9702271777760614,0.5,0.15268478769612362,0.0036236500951498754
28.552,CIRCLE,-0.01996000338167235,0.9792804484428032,0.5005805339673336,-0.1723214615870654,0.9693669288270079,0.5,0.15268473675300265,0.0036255556153238356
28.560000000000002,CIRCLE,-0.02236890246412182,0.9791738494520099,0.5005801906565935,-0.17467857021614125,0.9684948207902032,0.5,0.15268468543075378,0.0036274589514115065
28.568,CIRCLE,-0.024777234517244798,0.9790551422029793,0.5005798475566721,-0.1770312653930423,0.9676108757004462,0.5,0.1526846337288015,0.0036293719104326994
28.576,CIRCLE,-0.027184938675279612,0.9789243297136402,0.5005795046675796,-0.17937948767425763,0.9667151158916121,0.5,0.15268458164731,0.003631286414565543
28.584,CIRCLE,-0.029591954087670427,0.9787814153031694,0.5005791619828728,-0.18172317772928823,0.9658075639960879,0.5,0.15268452918693692,0.0036332082873400625
28.592000000000002,CIRCLE,-0.03199821992192898,0.9786264025960904,0.5005788195148969,-0.18406227634214778,0.9648882429442014,0.5,0.15268447634786944,0.003635132778895592
28.6,CIRCLE,-0.03440367536502368,0.9784592955208371,0.5005784772498224,-0.1863967244128555,0.963957175963642,0.5,0.15268442312965771,0.0036370615728702664
28.608,CIRCLE,-0.03680825962512777,0.9782800983119497,0.5005781351875562,-0.18872646295893433,0.963014386578873,0.5,0.1526843695313449,0.0036389946208781466
28.616,CIRCLE,-0.03921191193161565,0.9780888155095407,0.5005777933280086,-0.19105143311689773,0.9620598986105369,0.5,0.15268431555291065,0.0036409318744672816
28.624000000000002,CIRCLE,-0.04161457153512836,0.977885451958393,0.5005774516762123,-0.19337157614373884,0.9610937361748544,0.5,0.15268426119666467,0.0036428688042458644
28.632,CIRCLE,-0.04401617771147304,0.9776700128092226,0.500577110230604,-0.19568683341841125,0.9601159236830159,0.5,0.15268420646498337,0.003644811260873345
28.64,CIRCLE,-0.046416669764687064,0.9774425035227065,0.5005767689956065,-0.1979971464433151,0.9591264858405627,0.5,0.15268415135935684,0.003646749642469501
28.648,CIRCLE,-0.04881598702758297,0.9772029298656353,0.5005764279783604,-0.20030245684577172,0.9581254476467638,0.5,0.15268409588101378,0.003648700993584074
28.656000000000002,CIRCLE,-0.05121406886261237,0.9769512979159953,0.5005760871716973,-0.20260270637950023,0.9571128343939842,0.5,0.15268404003222874,0.0036506490798402873
28.664,CIRCLE,-0.053610854662691554,0.9766876140464104,0.5005757465754865,-0.20489783692608593,0.9560886716670467,0.5,0.15268398381504242,0.0036526029247125574
28.672,CIRCLE,-0.05600628385429086,0.976411884936893,0.5005754061939601,-0.2071877904964535,0.9550529853425838,0.5,0.1526839272312646,0.003654554307191392
28.68,CIRCLE,-0.05840029589792653,0.9761241175715971,0.5005750660250717,-0.20947250923232905,0.9540058015883848,0.5,0.15268387028308408,0.0036565139440014795
28.688,CIRCLE,-0.060792830290576805,0.97582431924402,0.5005747260662803,-0.21175193540770265,0.9529471468627351,0.5,0.15268381297301212,0.0036584747136852026
28.696,CIRCLE,-0.06318382656653901,0.9755124975464328,0.500574386312389,-0.2140260114302878,0.9518770479137464,0.5,0.15268375530305925,0.0036604406067941592
28.704,CIRCLE,-0.06557322430016904,0.9751886603735935,0.5005740467633579,-0.2162946798429732,0.9507955317786831,0.5,0.1526836972740569,0.0036624115705837564
28.712,CIRCLE,-0.06796096310586584,0.9748528159220564,0.5005737074188321,-0.2185578833252794,0.9497026257832764,0.5,0.15268363888705178,0.003664380337055632
28.72,CIRCLE,-0.07034698264040129,0.9745049726892795,0.5005733682842143,-0.22081556469480376,0.9485983575410357,0.5,0.15268358014236832,0.0036663511280630072
28.728,CIRCLE,-0.07273122260476951,0.9741451394819244,0.5005730293594868,-0.22306766690866695,0.9474827549525502,0.5,0.15268352104067387,0.003668323893062942
28.736,CIRCLE,-0.0751136227441852,0.9737733254149493,0.5005726906437695,-0.22531413306495088,0.946355846204785,0.5,0.1526834615845203,0.003670298838865271
28.744,CIRCLE,-0.07749412285142357,0.9733895399073818,0.5005723521371763,-0.22755490640414128,0.9452176597703672,0.5,0.15268340177595874,0.0036722759149771123
28.752,CIRCLE,-0.07987266276679779,0.9729937926815238,0.5005720138402793,-0.22978993031055853,0.9440682244068682,0.5,0.15268334161797995,0.00367425482448372
28.76,CIRCLE,-0.08224918238067919,0.9725860937596044,0.5005716757531595,-0.23201914831378975,0.9429075691560753,0.5,0.1526832811129435,0.0036762355175307473
28.768,CIRCLE,-0.08462362163347033,0.9721664534629728,0.5005713378759696,-0.2342425040901124,0.9417357233432606,0.5,0.15268322026392342,0.0036782179269613862
28.776,CIRCLE,-0.08699592051762761,0.9717348824135111,0.5005710002009188,-0.2364599414639222,0.9405527165764371,0.5,0.1526831590744527,0.003680199051892953
28.784,CIRCLE,-0.08936601907862243,0.971291391533204,0.500570662741301,-0.23867140440914916,0.9393585787456122,0.5,0.15268309754910253,0.0036821837056945183
28.792,CIRCLE,-0.09173385741894365,0.9708359920481232,0.5005703254952089,-0.2408768370506748,0.9381533400220323,0.5,0.15268303569178865,0.0036841724757846975
28.8,CIRCLE,-0.09409937570064551,0.9703686954848829,0.5005699884524154,-0.2430761836657407,0.9369370308574212,0.5,0.15268297350414622,0.0036861615095162524
28.808,CIRCLE,-0.09646251414407027,0.9698895136681802,0.5005696516153986,-0.2452693886853613,0.935709681983209,0.5,0.152682910987849,0.0036881516100305046
28.816,CIRCLE,-0.0988232130305057,0.9693984587230103,0.5005693149841278,-0.24745639669572445,0.9344713244097569,0.5,0.15268284814394134,0.0036901427268648287
28.824,CIRCLE,-0.10118141270213162,0.9688955430738109,0.5005689785588505,-0.24963715243959336,0.9332219894255729,0.5,0.15268278497424365,0.003692134847815572
28.832,CIRCLE,-0.10353705356417747,0.9683807794458734,0.5005686423395468,-0.2518116008176995,0.9319617085965232,0.5,0.15268272148110687,0.00369412792203515
28.84,CIRCLE,-0.10589007608486689,0.9678541808643456,0.5005683063357036,-0.25397968689013933,0.9306905137650314,0.5,0.15268265766882927,0.0036961181192367277
28.848,CIRCLE,-0.1082404207988112,0.9673157606549613,0.5005679705451311,-0.2561413558777596,0.929408437049277,0.5,0.15268259354200633,0.003698111219573007
28.856,CIRCLE,-0.11058802831150397,0.9667655324453905,0.5005676349627469,-0.2582965531635425,0.9281155108423815,0.5,0.15268252910313374,0.0037001056418761212
28.864,CIRCLE,-0.11293283929896614,0.9662035101593517,0.5005672995885817,-0.260445224293983,0.9268117678115927,0.5,0.15268246435309296,0.0037021013349458906
28.872,CIRCLE,-0.11527479450765767,0.9656297080161108,0.5005669644131111,-0.26258731498046894,0.9254972408974563,0.5,0.15268239929254473,0.0037040946476125276
28.88,CIRCLE,-0.11761383475556493,0.9650441405302302,0.5005666294479978,-0.26472277110064996,0.9241719633129857,0.5,0.15268233392240066,0.0037060897828265623
28.888,CIRCLE,-0.11994990093659556,0.964446822515889,0.5005662946932186,-0.2668515386998061,0.9228359685428215,0.5,0.1526822682421277,0.0037080866877546186
28.896,CIRCLE,-0.1222829340204852,0.9638377690858464,0.5005659601487833,-0.26897356399220834,0.9214892903423875,0.5,0.15268220225119955,0.0037100853096068455
28.904,CIRCLE,-0.12461287505269986,0.9632169956504218,0.5005656258257618,-0.2710887933624819,0.9201319627370352,0.5,0.15268213595053062,0.0037120814149444823
28.912,CIRCLE,-0.12693966515567928,0.9625845179158895,0.5005652917190662,-0.2731971733669578,0.9187640200211862,0.5,0.1526820693422759,0.0037140729434086096
28.92,CIRCLE,-0.12926324553194804,0.9619403518865287,0.5005649578246796,-0.27529865073502513,0.9173854967574636,0.5,0.15268200242904387,0.003716072064689788
28.928,CIRCLE,-0.1315835574661079,0.961284513865275,0.5005646241364042,-0.27739317237047334,0.9159964277758222,0.5,0.15268193521376536,0.003718065147925082
28.936,CIRCLE,-0.13390054232393903,0.9606170204417981,0.5005642906540531,-0.2794806853528387,0.9145968481726647,0.5,0.15268186769861655,0.0037200603173434517
28.944,CIRCLE,-0.13621414155698588,0.9599378885033699,0.5005639573782628,-0.28156113693873847,0.9131867933099568,0.5,0.1526817998852885,0.003722049677724111
28.952,CIRCLE,-0.1385242967024951,0.9592471352314758,0.5005636243126511,-0.28363447456320456,0.9117662988143334,0.5,0.15268173177562527,0.00372404315773446
28.96,CIRCLE,-0.14083094938591698,0.9585447781066609,0.5005632914525412,-0.2857006458410092,0.9103354005761997,0.5,0.15268166337227795,0.0037260354962902874
28.968,CIRCLE,-0.1431340413203135,0.9578308348980229,0.5005629587987495,-0.28775959856799255,0.908894134748822,0.5,0.15268159467762835,0.003728026840835362
28.976,CIRCLE,-0.1454335143090207,0.9571053236653192,0.5005626263514866,-0.28981128072237894,0.907442537747416,0.5,0.15268152569335,0.003730017152284644
28.984,CIRCLE,-0.14772931024751126,0.956368262760158,0.5005622941107597,-0.2918556404660928,0.9059806462482254,0.5,0.1526814564205365,0.003732006381469406
28.992,CIRCLE,-0.15002137112325334,0.9556196708252037,0.500561962076651,-0.2938926261460653,0.9045084971875981,0.5,0.15268138686109733,0.0037339944369081295
29.0,CIRCLE,-0.15230963901800224,0.9548595667958066,0.5005616302491764,-0.29592218629554384,0.9030261277610491,0.5,0.15268131701767196,0.003735981269349712
29.008,CIRCLE,-0.15459405610765697,0.9540879698992548,0.5005612986260466,-0.2979442696353896,0.9015335754223228,0.5,0.1526812468950628,0.0037379675182683198
29.016000000000002,CIRCLE,-0.15687456466651573,0.9533048996539123,0.5005609672073126,-0.2999588250753746,0.9000308778824465,0.5,0.15268117649751206,0.0037399531338255876
29.024,CIRCLE,-0.15915110706710475,0.9525103758682703,0.5005606360033912,-0.3019658017154694,0.8985180731087786,0.5,0.1526811058301142,0.0037419341420047714
29.032,CIRCLE,-0.16142362578132133,0.9517044186394484,0.5005603050071695,-0.303965148847134,0.8969951993240468,0.5,0.15268103489865195,0.003743914888696539
29.04,CIRCLE,-0.16369206338633213,0.9508870483556281,0.500559974218728,-0.3059568159545957,0.8954622950053843,0.5,0.15268096370658082,0.0037458953236119133
29.048000000000002,CIRCLE,-0.16595636256441038,0.950058285695419,0.5005596436374147,-0.30794075271612703,0.8939193988833567,0.5,0.1526808922565405,0.0037478683244676686
29.056,CIRCLE,-0.16821646610266272,0.9492181516248268,0.5005593132591639,-0.3099169090053144,0.8923665499409853,0.5,0.15268082055106885,0.003749846140516547
29.064,CIRCLE,-0.17047231689652415,0.9483666674005491,0.5005589830839823,-0.31188523489232867,0.890803787412759,0.5,0.15268074859216874,0.0037518189419270425
29.072,CIRCLE,-0.1727238579471443,0.9475038545587605,0.5005586531070547,-0.31384568064518426,0.8892311507836456,0.5,0.15268067638104485,0.003753792688780477
29.080000000000002,CIRCLE,-0.17497103236569464,0.9466297349210662,0.5005583233365595,-0.3157981967309965,0.8876486797880923,0.5,0.15268060391784807,0.0037557642475179176
29.088,CIRCLE,-0.17721378337423763,0.9457443305933544,0.5005579937620611,-0.3177427338172309,0.8860564144090244,0.5,0.15268053120183778,0.0037577296191492757
29.096,CIRCLE,-0.17945205430673683,0.9448476639656657,0.5005576643858951,-0.31967924277295334,0.8844543948768322,0.5,0.15268045823203227,0.003759696488384336
29.104,CIRCLE,-0.18168578861187068,0.9439397577167946,0.5005573352148779,-0.321607674670069,0.8828426616683557,0.5,0.15268038500795494,0.003761656578028011
29.112000000000002,CIRCLE,-0.18391492985094138,0.943020634808319,0.5005570062493442,-0.32352798078455963,0.8812212555058618,0.5,0.15268031153074013,0.0037636157613700405
29.12,CIRCLE,-0.18613942170164238,0.9420903184897446,0.500556677479128,-0.3254401125977122,0.8795902173560172,0.5,0.15268023780327405,0.003765570056813801
29.128,CIRCLE,-0.1883592079594092,0.9411488322928947,0.5005563489160707,-0.32734402179734867,0.8779495884288497,0.5,0.15268016382841004,0.003767523764517822
29.136,CIRCLE,-0.1905742325387606,0.9401962000334044,0.5005560205509385,-0.32923966027904383,0.87629941017671,0.5,0.15268008960974364,0.0037694733278199936
29.144000000000002,CIRCLE,-0.1927844394741953,0.9392324458055795,0.5005556923961788,-0.33112698014734243,0.8746397242932221,0.5,0.15268001515035784,0.0037714232829275224
29.152,CIRCLE,-0.19498977292158448,0.9382575939837973,0.5005553644518854,-0.33300593371696624,0.8729705727122336,0.5,0.1526799404535013,0.0037733672484156493
29.16,CIRCLE,-0.19719017715790566,0.9372716692194152,0.5005550367194133,-0.33487647351402317,0.8712919976067512,0.5,0.15267986552305934,0.0037753055154046127
29.168,CIRCLE,-0.19938559658673125,0.9362746964457092,0.5005547091993966,-0.3367385522772039,0.8696040413878787,0.5,0.15267979036219906,0.0037772449414229027
29.176000000000002,CIRCLE,-0.20157597574030484,0.9352667008774354,0.5005543818778839,-0.33859212295897745,0.8679067467037438,0.5,0.15267971497287164,0.0037791744582079327
29.184,CIRCLE,-0.20376125927745833,0.9342477080057849,0.5005540547612201,-0.3404371387267771,0.8662001564384225,0.5,0.15267963935717166,0.003781106693247289
29.192,CIRCLE,-0.20594139198764724,0.9332177436057435,0.5005537278447162,-0.3422735529641878,0.8644843137108527,0.5,0.15267956351842005,0.0037830343358537678
29.2,CIRCLE,-0.20811631878822637,0.9321768337242822,0.5005534011304449,-0.34410131927212123,0.862759261873747,0.5,0.15267948745997376,0.0037849579686177266
29.208000000000002,CIRCLE,-0.21028598472818744,0.9311250046836865,0.5005530746189798,-0.34592039146998943,0.8610250445124954,0.5,0.1526794111848003,0.0037868776823970487
29.216,CIRCLE,-0.2124503349898905,0.9300622830827465,0.5005527483103888,-0.3477307235968691,0.8592817054440677,0.5,0.15267933469600534,0.0037887934350327767
29.224,CIRCLE,-0.2146093148888475,0.9289886957961683,0.5005524221952602,-0.3495322699126666,0.857529288715902,0.5,0.1526792579982774,0.0037907087054798658
29.232,CIRCLE,-0.21676286987447116,0.9279042699719485,0.5005520962908787,-0.3513249848992713,0.855767838604794,0.5,0.15267918109765372,0.003792616924708545
29.240000000000002,CIRCLE,-0.21891094553209062,0.9268090330293862,0.5005517705964974,-0.3531088232617065,0.8539973996157781,0.5,0.15267910400012746,0.0037945175865656943
29.248,CIRCLE,-0.22105348758898333,0.9257030126643018,0.5005514451112165,-0.3548837399292718,0.8522180164810043,0.5,0.1526790267104006,0.003796419075327409
29.256,CIRCLE,-0.22319044191687867,0.9245862368482323,0.500551119829525,-0.3566496900566853,0.8504297341586047,0.5,0.15267894923094577,0.003798312357996747
29.264,CIRCLE,-0.22532175452746853,0.9234587338211007,0.5005507947499354,-0.35840662902521436,0.8486325978315602,0.5,0.15267887156402,0.003800203409278809
29.272000000000002,CIRCLE,-0.22744737157615796,0.9223205320968384,0.5005504698613982,-0.36015451244380403,0.8468266529065576,0.5,0.15267879371258566,0.0038020881755862525
29.28,CIRCLE,-0.22956723936253726,0.9211716604584111,0.500550145176136,-0.36189329615019633,0.8450119450128448,0.5,0.15267871567915167,0.0038039711047812633
29.288,CIRCLE,-0.23168130433174738,0.920012147959253,0.5005498206925774,-0.36362293621204966,0.8431885200010741,0.5,0.15267863746669952,0.0038058450643145255
29.296,CIRCLE,-0.23378951307389864,0.9188420239198946,0.5005494964118061,-0.36534338892804624,0.8413564239421463,0.5,0.15267855907908842,0.003807717612766464
29.304000000000002,CIRCLE,-0.23589181232986664,0.9176613179310106,0.5005491723271702,-0.36705461082899776,0.8395157031260454,0.5,0.1526784805190784,0.0038095862615458087
29.312,CIRCLE,-0.2379881489874504,0.9164700598488148,0.5005488484480581,-0.36875655867894097,0.8376664040606716,0.5,0.15267840179094297,0.0038114474608797536
29.32,CIRCLE,-0.24007847008237582,0.9152682797938319,0.5005485247663737,-0.370449189476234,0.8358085734706624,0.5,0.15267832290032457,0.003813306258193714
29.328,CIRCLE,-0.2421627228047137,0.9140560081537548,0.5005482012828357,-0.37213246045464016,0.8339422582962146,0.5,0.15267824385181317,0.0038151558065136985
29.336000000000002,CIRCLE,-0.24424085449862437,0.9128332755804567,0.5005478780087593,-0.37380632908440986,0.8320675056918968,0.5,0.15267816464918654,0.003817000163629953
29.344,CIRCLE,-0.2463128126663374,0.9116001129940939,0.500547554923708,-0.3754707530733526,0.8301843630254611,0.5,0.15267808529560328,0.003818841136042466
29.352,CIRCLE,-0.24837854496811976,0.9103565515787789,0.500547232031402,-0.3771256903679095,0.8282928778766419,0.5,0.15267800579317775,0.0038206800903245854
29.36,CIRCLE,-0.25043799921917564,0.9091026227792829,0.5005469093454922,-0.3787710991542128,0.8263930980359564,0.5,0.1526779261453186,0.003822511875689029
29.368000000000002,CIRCLE,-0.2524911233911217,0.9078383582991661,0.5005465868628268,-0.38040693785914426,0.8244850715034964,0.5,0.1526778463558396,0.0038243351251516567
29.376,CIRCLE,-0.25453786561594166,0.906563790104107,0.500546264577227,-0.3820331651513826,0.8225688464877172,0.5,0.152677766428975,0.003826156180504362
29.384,CIRCLE,-0.2565781741897461,0.905278950422205,0.5005459424916474,-0.38364973994245155,0.8206444714042163,0.5,0.15267768636803056,0.0038279688436073786
29.392,CIRCLE,-0.2586119975699675,0.9039838717385326,0.5005456206112471,-0.38525662138775585,0.8187119948745126,0.5,0.15267760617625992,0.003829774869767073
29.400000000000002,CIRCLE,-0.2606392843789864,0.9026785867985881,0.5005452989241455,-0.3868537688876139,0.8167714657248165,0.5,0.1526775258572096,0.003831578682936035
29.408,CIRCLE,-0.2626599834050818,0.901363128605592,0.500544977428149,-0.38844114208828184,0.814822932984799,0.5,0.1526774454140842,0.003833371673992064
29.416,CIRCLE,-0.2646740436017338,0.9000375304168132,0.5005446561394739,-0.3900187008829761,0.8128664458863488,0.5,0.15267736484980254,0.0038351597047164166
29.424,CIRCLE,-0.2666814140929993,0.8987018257491344,0.5005443350444408,-0.39158640541288453,0.8109020538623315,0.5,0.15267728416708176,0.0038369460711754335
29.432000000000002,CIRCLE,-0.26868204417198255,0.8973560483739255,0.5005440141384303,-0.393144216068175,0.8089298065453383,0.5,0.1526772033685054,0.003838721014637524
29.44,CIRCLE,-0.2706758832998049,0.8960002323129332,0.5005436934383497,-0.3946920934889935,0.8069497537664359,0.5,0.15267712245652293,0.003840490635045838
29.448,CIRCLE,-0.2726628811121081,0.894634411845075,0.5005433729251592,-0.3962299985664621,0.8049619455539025,0.5,0.15267704143339747,0.003842254962639848
29.456,CIRCLE,-0.27464298741826926,0.8932586215021814,0.5005430526078972,-0.39775789244366505,0.8029664321319671,0.5,0.15267696030119873,0.003844017328572152
29.464000000000002,CIRCLE,-0.27661615220020686,0.8918728960679178,0.500542732485598,-0.3992757365166312,0.8009632639195383,0.5,0.15267687906353927,0.0038457667300442313
29.472,CIRCLE,-0.278582325611763,0.8904772705732179,0.5005424125629431,-0.4007834924353077,0.7989524915289345,0.5,0.15267679772489706,0.0038475125897857606
29.48,CIRCLE,-0.28054145798773794,0.8890717803025222,0.5005420928337634,-0.40228112210453193,0.7969341657645996,0.5,0.15267671628853247,0.0038492526370906477
29.488,CIRCLE,-0.282493499839208,0.8876564607885072,0.5005417733059375,-0.4037685876849918,0.7949083376218229,0.5,0.1526766347587608,0.0038509839031659896
29.496000000000002,CIRCLE,-0.28443840185432606,0.8862313478110307,0.5005414539691375,-0.40524585159418314,0.7928750582854492,0.5,0.1526765531410537,0.0038527117380524585
29.504,CIRCLE,-0.28637611490321335,0.8847964773982925,0.5005411348227434,-0.4067128765073569,0.7908343791285883,0.5,0.15267647144047572,0.0038544270525856807
29.512,CIRCLE,-0.28830659003748066,0.8833518858232181,0.5005408158742274,-0.4081696253584654,0.7887863517113127,0.5,0.15267638966139918,0.0038561392697105744
29.52,CIRCLE,-0.29022977849662823,0.881897609607538,0.5005404971158522,-0.4096160613410969,0.7867310277793576,0.5,0.15267630780645533,0.003857845553426997
29.528000000000002,CIRCLE,-0.29214563170224245,0.8804336855154682,0.5005401785477311,-0.41105214790940653,0.7846684592628123,0.5,0.1526762258788525,0.003859545878384279
29.536,CIRCLE,-0.2940541012576016,0.8789601505530149,0.5005398601780174,-0.41247784877903737,0.7825986982748108,0.5,0.152676143883703,0.0038612339465960827
29.544,CIRCLE,-0.2959551389514849,0.8774770419687086,0.5005395420013115,-0.4138931279280407,0.7805217971102112,0.5,0.15267606182691695,0.0038629187991958158
29.552,CIRCLE,-0.2978486967654408,0.8759843972566381,0.5005392240198728,-0.4152979495977838,0.7784378082442767,0.5,0.15267597971313562,0.0038645936045558853
29.560000000000002,CIRCLE,-0.29973472686952746,0.8744822541494951,0.5005389062389342,-0.4166922782938545,0.7763467843313486,0.5,0.15267589754619687,0.0038662601710214638
29.568,CIRCLE,-0.3016131816255715,0.8729706506217328,0.5005385886466519,-0.418076078786956,0.774248778203519,0.5,0.1526758153301027,0.0038679229248715055
29.576,CIRCLE,-0.303484013587934,0.8714496248868112,0.500538271247194,-0.4194493161138001,0.772143842869291,0.5,0.15267573306836432,0.0038695760395941726
29.584,CIRCLE,-0.3053471755013917,0.8699192153926085,0.5005379540447117,-0.4208119555779883,0.7700320315122433,0.5,0.1526756507640984,0.003871220905356848
29.592000000000002,CIRCLE,-0.3072026203051661,0.868379460825295,0.5005376370291346,-0.42216396275088974,0.7679133974896839,0.5,0.1526755684209267,0.0038728612768130543
29.6,CIRCLE,-0.30905030113350207,0.8668304001069177,0.5005373202033377,-0.423505303472509,0.7657879943313055,0.5,0.15267548604260758,0.0038744900413416345
29.608,CIRCLE,-0.31089017131568647,0.8652720723926747,0.5005370035691588,-0.4248359438523519,0.7636558757378286,0.5,0.15267540363269763,0.0038761141859105157
29.616,CIRCLE,-0.31272218438178145,0.8637045170743204,0.500536687120332,-0.42615585027028036,0.7615170955796473,0.5,0.15267532119402502,0.0038777313935442303
29.624000000000002,CIRCLE,-0.3145462940584919,0.8621277737755909,0.5005363708673949,-0.4274649893773623,0.7593717078954672,0.5,0.15267523873039668,0.0038793376952706024
29.632,CIRCLE,-0.31636245427030363,0.8605418823508821,0.5005360548028325,-0.42876332809671264,0.7572197668909424,0.5,0.15267515624622455,0.0038809387579441025
29.64,CIRCLE,-0.31817061914522116,0.8589468828876979,0.5005357389230862,-0.43005083362433155,0.7550613269373024,0.5,0.15267507374554698,0.0038825260698064235
29.648,CIRCLE,-0.3199707430137908,0.8573428157030852,0.5005354232360595,-0.43132747342993194,0.7528964425699803,0.5,0.15267499123194544,0.003884110532636108
29.656000000000002,CIRCLE,-0.321762780414619,0.8557297213465168,0.5005351077314623,-0.4325932152577616,0.750725168487234,0.5,0.1526749087079546,0.003885688383122928
29.664,CIRCLE,-0.3235466860867806,0.854107640591803,0.5005347924202266,-0.43384802712741705,0.7485475595487673,0.5,0.1526748261767728,0.003887255513916304
29.672,CIRCLE,-0.3253224149709601,0.8524766144356496,0.5005344773044933,-0.4350918773346537,0.7463636707743384,0.5,0.15267474364174308,0.0038888125399053636
29.68,CIRCLE,-0.3270899222154391,0.8508366841033803,0.5005341623790589,-0.43632473445218556,0.7441735573423742,0.5,0.15267466110746378,0.00389036793354297
29.688000000000002,CIRCLE,-0.3288491631783057,0.8491878910474303,0.5005338476424409,-0.4375465673304798,0.7419772745885735,0.5,0.15267457857880107,0.0038919084201917754
29.696,CIRCLE,-0.330600093423887,0.8475302769394857,0.5005335330976974,-0.4387573450985422,0.7397748780045124,0.5,0.15267449605948039,0.0038934420492523353
29.704,CIRCLE,-0.3323426687322315,0.8458638836774773,0.5005332187414719,-0.4399570371646998,0.7375664232362371,0.5,0.15267441355173852,0.0038949676017335563
29.712,CIRCLE,-0.33407684509507923,0.8441887533813256,0.5005329045738979,-0.44114561321737206,0.7353519660828624,0.5,0.15267433105784717,0.003896485067694207
29.72,CIRCLE,-0.3358025787154117,0.8425049283923378,0.5005325905960043,-0.44232304322583704,0.7331315624951592,0.5,0.15267424858153994,0.0038979940473682843
29.728,CIRCLE,-0.3375198260090015,0.8408124512705712,0.5005322768079062,-0.4434892974409907,0.7309052685741416,0.5,0.15267416612656434,0.003899494532558029
29.736,CIRCLE,-0.33922854360400295,0.8391113647943106,0.5005319632019596,-0.44464434639609685,0.728673140569652,0.5,0.15267408369807178,0.0039009834948010866
29.744,CIRCLE,-0.340928688343686,0.837401711957603,0.5005316497806118,-0.4457881609075342,0.7264352348789349,0.5,0.15267400130051037,0.0039024680088289706
29.752,CIRCLE,-0.34262021729081676,0.8356835359724893,0.5005313365460744,-0.4469207120755319,0.7241916080452154,0.5,0.15267391893772173,0.0039039409900459535
29.76,CIRCLE,-0.34430308772456436,0.833956880263202,0.5005310235036626,-0.44804197128490075,0.7219423167562693,0.5,0.15267383661241746,0.0039054042906223217
29.768,CIRCLE,-0.3459772571445992,0.8322217884702132,0.5005307106442213,-0.44915191020575435,0.7196874178429934,0.5,0.1526737543277891,0.003906861345321005
29.776,CIRCLE,-0.34764268327140574,0.8304783044479614,0.5005303979739517,-0.4502505007942276,0.717426968277965,0.5,0.15267367208732824,0.003908307053067835
29.784,CIRCLE,-0.3492993240448014,0.8287264722610297,0.5005300854884924,-0.45133771529318345,0.7151610251740061,0.5,0.15267358989444949,0.003909746414853772
29.792,CIRCLE,-0.35094713762798313,0.8269663361857603,0.5005297731848969,-0.45241352623291486,0.7128896457827381,0.5,0.15267350775252872,0.0039111718380938605
29.8,CIRCLE,-0.35258608240656336,0.8251979407070524,0.5005294610683992,-0.4534779064318377,0.7106128874931386,0.5,0.15267342566473496,0.00391259319093229
29.808,CIRCLE,-0.3542161169938361,0.8234213305209563,0.5005291491370162,-0.45453082899717956,0.7083308078300872,0.5,0.15267334363398352,0.00391400397376263
29.816,CIRCLE,-0.3558372002252328,0.8216365505271096,0.5005288373937141,-0.4555722673256577,0.7060434644529145,0.5,0.15267326166251743,0.003915405175386862
29.824,CIRCLE,-0.3574492911616379,0.8198436458320196,0.5005285258303883,-0.4566021951041521,0.7037509151539443,0.5,0.15267317975361283,0.003916799835600006
29.832,CIRCLE,-0.3590523490895051,0.8180426617469075,0.5005282144605965,-0.45762058631036867,0.7014532178570361,0.5,0.15267309791149947,0.003918182846931753
29.84,CIRCLE,-0.3606463335224863,0.8162336437862187,0.5005279032732546,-0.45862741521349903,0.6991504306161168,0.5,0.15267301614051623,0.0039195584154034565
29.848,CIRCLE,-0.36223120420593996,0.814416637669062,0.5005275922679523,-0.4596226563748691,0.696842611613718,0.5,0.15267293444496552,0.003920919180958566
29.856,CIRCLE,-0.3638069211163177,0.8125916893162024,0.5005272814556154,-0.46060628464858266,0.6945298191595027,0.5,0.1526728528287935,0.003922278759808804
29.864,CIRCLE,-0.3653734444654969,0.8107588448513509,0.5005269708224988,-0.46157827518215516,0.6922121116887973,0.5,0.15267277129528475,0.00392362532491671
29.872,CIRCLE,-0.36693073469283305,0.8089181505907832,0.5005266603758399,-0.4625386034171438,0.6898895477611082,0.5,0.1526726898457646,0.003924961408259576
29.88,CIRCLE,-0.36847875247208134,0.8070696530502935,0.5005263501156794,-0.46348724508976663,0.6875621860586472,0.5,0.15267260848196865,0.003926287016677069
29.888,CIRCLE,-0.3700174587109067,0.8052133989446655,0.5005260400305964,-0.4644241762315164,0.6852300853848462,0.5,0.15267252720749697,0.003927606428331106
29.896,CIRCLE,-0.3715468145513824,0.8033494351851819,0.5005257301280809,-0.46534937316976444,0.6828933046628752,0.5,0.1526724460272041,0.003928910981981001
29.904,CIRCLE,-0.373066781370642,0.8014778088766524,0.5005254204082608,-0.4662628125283613,0.6805519029341485,0.5,0.152672364945891,0.003930212198340297
29.912,CIRCLE,-0.37457732078774636,0.79959856732039,0.5005251108694063,-0.46716447122822574,0.6782059393568358,0.5,0.15267228396801763,0.00393150173029918
29.92,CIRCLE,-0.37607839465741383,0.7977117580054062,0.5005248015156993,-0.4680543264879284,0.6758554732043667,0.5,0.1526722030961576,0.003932781028019711
29.928,CIRCLE,-0.37756996507408525,0.7958174286124624,0.5005244923471929,-0.46893235582426634,0.6735005638639358,0.5,0.15267212233318958,0.003934050102201535
29.936,CIRCLE,-0.3790519943713469,0.7939156270134644,0.5005241833614775,-0.469798537052833,0.6711412708349973,0.5,0.1526720416837226,0.003935309825356438
29.944,CIRCLE,-0.3805244451238746,0.7920064012682265,0.5005238745586053,-0.4706528482885773,0.6687776537277653,0.5,0.15267196115188625,0.003936560208531438
29.952,CIRCLE,-0.3819872801468889,0.7900897996239252,0.5005235659396129,-0.4714952679463573,0.6664097722617056,0.5,0.15267188074272978,0.003937800823530135
29.96,CIRCLE,-0.38344046249811403,0.7881658705120238,0.5005232575053464,-0.47232577474148446,0.6640376862640305,0.5,0.15267180046007886,0.003939031938960717
29.968,CIRCLE,-0.38488395547978643,0.7862346625502684,0.500522949255945,-0.473144347690263,0.6616614556681819,0.5,0.15267172030850562,0.003940253466979008
29.976,CIRCLE,-0.38631772264033987,0.78429622453983,0.5005226411914393,-0.473950966110519,0.6592811405123207,0.5,0.15267164029158753,0.0039414654220295805
29.984,CIRCLE,-0.38774172777382,0.7823506054647346,0.5005223333124005,-0.4747456096221237,0.6568968009378079,0.5,0.15267156041333685,0.003942667566559256
29.992,CIRCLE,-0.3891559349213784,0.7803978544892504,0.5005220256188502,-0.475528258147507,0.6545084971876886,0.5,0.15267148067673236,0.003943859916658033
30.0,CIRCLE,-0.39056030837080885,0.778438020957476,0.5005217181011011,-0.47629889191216657,0.6521162896051645,0.5,0.15267140108514415,0.003945038974622545
30.008,CIRCLE,-0.3919548126588838,0.7764711543914884,0.5005214107634391,-0.4770574914451664,0.6497202386320733,0.5,0.15267132164108546,0.00394621365376868
30.016000000000002,CIRCLE,-0.39333941257611,0.7744973044937563,0.5005211036033334,-0.4778040375796293,0.6473204048073593,0.5,0.15267124234705906,0.003947376948562987
30.024,CIRCLE,-0.394714073161399,0.7725165211398793,0.5005207966237794,-0.47853851145321996,0.6449168487655471,0.5,0.1526711632041217,0.003948529903372481
30.032,CIRCLE,-0.3960787597051491,0.7705288543817127,0.5005204898248334,-0.47926089450862336,0.6425096312352053,0.5,0.15267108421425574,0.003949672538349908
30.04,CIRCLE,-0.3974334377486009,0.7685343544467659,0.5005201832074792,-0.4799711684940123,0.6400988130374147,0.5,0.1526710053817834,0.00395080446111826
30.048000000000002,CIRCLE,-0.3987780730862977,0.7665330717348627,0.5005198767637912,-0.4806693154635093,0.6376844550842302,0.5,0.1526709267107343,0.003951928668474073
30.056,CIRCLE,-0.40011263176608325,0.7645250568162117,0.5005195705050947,-0.48135531777763896,0.6352666183771452,0.5,0.15267084820484872,0.00395304092429313
30.064,CIRCLE,-0.40143708009035595,0.7625103604300537,0.5005192644249177,-0.48202915810377506,0.6328453640055453,0.5,0.15267076986716158,0.00395414543426304
30.072,CIRCLE,-0.4027513846190101,0.7604890334854494,0.5005189585199018,-0.4826908194165776,0.630420753145168,0.5,0.15267069170072545,0.00395523475195824
30.080000000000002,CIRCLE,-0.40405551216824265,0.758461127058162,0.5005186528010779,-0.4833402849984234,0.6279928470565557,0.5,0.15267061370820187,0.00395632226532066
30.088,CIRCLE,-0.4053494298148024,0.7564266923919832,0.5005183472577721,-0.4839775384398275,0.6255617070835107,0.5,0.1526705358922118,0.003957395639279822
30.096,CIRCLE,-0.4066331048858095,0.7543857808914234,0.5005180418971946,-0.4846025636398592,0.6231273946515405,0.5,0.152670458256026,0.0039584581793357405
30.104,CIRCLE,-0.4079065049693078,0.7523384441254207,0.5005177367193695,-0.4852153448065481,0.6206899712663096,0.5,0.15267038080265197,0.003959509913421062
30.112000000000002,CIRCLE,-0.4091695979135895,0.7502847338267684,0.5005174317210866,-0.4858158664572832,0.6182494985120832,0.5,0.15267030353628794,0.003960552041425809
30.12,CIRCLE,-0.4104223518287939,0.7482247018891801,0.5005171269024268,-0.4864041134192036,0.6158060380501748,0.5,0.1526702264605728,0.00396158459116183
30.128,CIRCLE,-0.4116647350861995,0.7461584003667014,0.5005168222726118,-0.4869800708295829,0.6133596516173829,0.5,0.15267014958001665,0.003962604141839035
30.136,CIRCLE,-0.4128967163191014,0.7440858814724943,0.5005165178215949,-0.48754372413620395,0.6109104010244353,0.5,0.1526700728999562,0.003963620595893804
30.144000000000002,CIRCLE,-0.4141182644249543,0.7420071975766295,0.5005162135524726,-0.48809505909772694,0.608458348154425,0.5,0.15266999642524381,0.003964621639535378
30.152,CIRCLE,-0.415329348559162,0.739922401199447,0.5005159094587677,-0.4886340617840484,0.6060035549612502,0.5,0.15266992015889136,0.003965617387207811
30.16,CIRCLE,-0.4165299381443587,0.7378315450167873,0.500515605540188,-0.48916071857665433,0.6035460834680442,0.5,0.15266984410366174,0.0039666011101595145
30.168,CIRCLE,-0.4177200028666865,0.7357346818542764,0.5005153018005982,-0.48967501616896375,0.6010859957656108,0.5,0.15266976826038806,0.00396757422229319
30.176000000000002,CIRCLE,-0.4188995126791238,0.7336318646907765,0.5005149982399891,-0.4901769415666648,0.5986233540108552,0.5,0.15266969263090846,0.00396853675771945
30.184,CIRCLE,-0.42006843780078573,0.731523146657841,0.5005146948585595,-0.4906664820880428,0.5961582204252157,0.5,0.15266961721949468,0.003969488615200524
30.192,CIRCLE,-0.42122674871935023,0.7294085810361485,0.5005143916563438,-0.49114362536430145,0.5936906572930871,0.5,0.15266954203012748,0.00397042983067534
30.2,CIRCLE,-0.4223744161904464,0.7272882212550578,0.500514088630766,-0.49160835933987473,0.5912207269602505,0.5,0.15266946706793064,0.003971361363639152
30.208000000000002,CIRCLE,-0.4235114112396865,0.7251621208892848,0.5005137857818783,-0.492060672272732,0.5887484918322958,0.5,0.15266939233685334,0.003972283250386067
30.216,CIRCLE,-0.4246377051619234,0.723030333658352,0.5005134831184974,-0.4925005527346735,0.5862740143730489,0.5,0.1526693178410746,0.003973192216009116
30.224,CIRCLE,-0.4257532695220255,0.720892913425382,0.5005131806335088,-0.49292798961162093,0.5837973571029882,0.5,0.15266924358502845,0.003974099163582286
30.232,CIRCLE,-0.42685807615740096,0.7187499141954139,0.5005128783289792,-0.49334297210389666,0.5813185825976684,0.5,0.15266916957239982,0.003974989938939309
30.240000000000002,CIRCLE,-0.42795209717073474,0.7166013901090463,0.5005125762045806,-0.4937454897264977,0.5788377534861376,0.5,0.15266909580504842,0.003975873480497578
30.248,CIRCLE,-0.4290353049420466,0.7144473954475048,0.500512274254733,-0.49413553230935936,0.5763549324493584,0.5,0.15266902228377013,0.003976747810659018
30.256,CIRCLE,-0.43010767212462797,0.7122879846288382,0.5005119724794042,-0.49451308999761373,0.5738701822186191,0.5,0.15266894900826447,0.003977612969469995
30.264,CIRCLE,-0.43116917164432894,0.7101232122074304,0.5005116708873144,-0.4948781532518376,0.5713835655739523,0.5,0.1526688759785214,0.003978465684429416
30.272000000000002,CIRCLE,-0.43221977670036893,0.7079531328728338,0.5005113694688333,-0.49523071284829395,0.5688951453425465,0.5,0.15266880319484094,0.0039793108643342645
30.28,CIRCLE,-0.4332594607689389,0.7057778014508652,0.5005110682285902,-0.49557075987916455,0.5664049843971626,0.5,0.15266873065897663,0.003980143334267811
30.288,CIRCLE,-0.4342881976013357,0.7035972728996633,0.5005107671604844,-0.49589828575277567,0.5639131456545402,0.5,0.15266865837280483,0.0039809693650217064
30.296,CIRCLE,-0.4353059612270453,0.7014116023102497,0.5005104662676915,-0.49621328219381455,0.5614196920738109,0.5,0.15266858633918973,0.003981782838953886
30.304000000000002,CIRCLE,-0.4363127259508728,0.6992208449014863,0.5005101655463039,-0.49651574124353914,0.5589246866549064,0.5,0.15266851456002004,0.003982589083581797
30.312,CIRCLE,-0.4373084663566415,0.6970250560218028,0.5005098649935673,-0.4968056552599782,0.5564281924369697,0.5,0.1526684430378562,0.0039833796779768695
30.32,CIRCLE,-0.43829315730598006,0.69482429114587,0.5005095646198457,-0.4970830169181255,0.5539302724967577,0.5,0.15266837177494869,0.003984170105178435
30.328,CIRCLE,-0.43926677394315106,0.6926186058757955,0.5005092644187363,-0.4973478192101242,0.5514309899470505,0.5,0.15266830077391697,0.0039849436851369
30.336000000000002,CIRCLE,-0.44022929168310576,0.6904080559343097,0.500508964396263,-0.49760005544544417,0.5489304079350552,0.5,0.15266823003765928,0.003985708322392344
30.344,CIRCLE,-0.441180686226303,0.6881926971686066,0.5005086645505276,-0.49783971925105064,0.5464285896408138,0.5,0.152668159568641,0.003986463416332471
30.352,CIRCLE,-0.44212093355549803,0.6859725855474661,0.5005083648815123,-0.49806680457156594,0.5439255982756018,0.5,0.15266808936910303,0.00398720901665361
30.36,CIRCLE,-0.4430500099349345,0.6837477771607549,0.5005080653983573,-0.49828130566942186,0.5414214970803349,0.5,0.15266801944248032,0.003987941722699163
30.368000000000002,CIRCLE,-0.44396789191136043,0.681518328218355,0.5005077660816242,-0.498483217125005,0.5389163493239685,0.5,0.15266794979345905,0.00398866883455552
30.376,CIRCLE,-0.444874556314839,0.6792842950467363,0.5005074669370276,-0.4986725338367933,0.5364102183019035,0.5,0.1526678804262155,0.003989386236173875
30.384,CIRCLE,-0.44576998025562453,0.6770457340839832,0.500507167964753,-0.49884925102148536,0.5339031673343815,0.5,0.15266781134228727,0.00399009402664537
30.392,CIRCLE,-0.4466541411258986,0.6748027018818845,0.500506869176444,-0.49901336421412124,0.5313952597648882,0.5,0.1526677425434199,0.00399078782310709
30.400000000000002,CIRCLE,-0.4475270166010875,0.672555255104534,0.5005065705587342,-0.4991648692681949,0.5288865589585516,0.5,0.15266767403116963,0.003991478850161332
30.408,CIRCLE,-0.4483885846461238,0.6703034505297545,0.5005062721117474,-0.49930376235575935,0.5263771283005446,0.5,0.15266760580778507,0.0039921573344516475
30.416,CIRCLE,-0.4492388235067193,0.6680473450439703,0.5005059738416554,-0.4994300399675232,0.5238670311944776,0.5,0.1526675378758757,0.003992825313888061
30.424,CIRCLE,-0.45007771171782013,0.6657869956425979,0.5005056757483675,-0.4995436989129394,0.5213563310608006,0.5,0.15266747023740793,0.003993482846539645
30.432000000000002,CIRCLE,-0.45090522810295586,0.6635224594297078,0.5005053778217288,-0.4996447363202859,0.518845091335199,0.5,0.15266740289519526,0.003994133759942592
30.44,CIRCLE,-0.45172135177430034,0.6612537936160979,0.5005050800690988,-0.4997331496367378,0.516333375466994,0.5,0.15266733585273207,0.0039947740400821845
30.448,CIRCLE,-0.4525260621296905,0.6589810555143776,0.500504782500005,-0.49980893662843257,0.5138212469175346,0.5,0.15266726911197498,0.003995407322950784
30.456,CIRCLE,-0.4533193388531138,0.6567043025397842,0.5005044851247565,-0.49987209538052585,0.5113087691585977,0.5,0.15266720267543163,0.003996029732001064
30.464000000000002,CIRCLE,-0.4541011619158572,0.6544235922089404,0.5005041879186737,-0.4999226242972402,0.5087960056707821,0.5,0.15266713654599876,0.003996639255798602
30.472,CIRCLE,-0.45487151157998845,0.6521389821371422,0.5005038908857572,-0.4999605221019051,0.5062830199419089,0.5,0.15266707072505048,0.003997246318666103
30.48,CIRCLE,-0.45563036840155513,0.6498505300388515,0.5005035940261504,-0.4999857878369897,0.5037698754654115,0.5,0.15266700521344223,0.003997838796558616
30.488,CIRCLE,-0.4563777132218314,0.6475582937234108,0.5005032973411516,-0.49999842086412644,0.5012566357387351,0.5,0.15266694001155978,0.003998423924864457
30.496000000000002,CIRCLE,-0.4571135271773469,0.6452623310968981,0.5005030008270285,-0.49999842086412766,0.4987433642617309,0.5,0.15266687511966479,0.003999000438089903
30.504,CIRCLE,-0.4578377916960665,0.6429627001587679,0.5005027044837204,-0.4999857878369932,0.4962301245350545,0.5,0.1526668105373997,0.003999568398511844
30.512,CIRCLE,-0.45855048849658747,0.6406594590014627,0.5005024083193939,-0.499960522101911,0.4937169800585571,0.5,0.15266674626518928,0.004000124761716634
30.52,CIRCLE,-0.45925159958881145,0.6383526658093136,0.5005021123269712,-0.4999226242972484,0.4912039943296838,0.5,0.1526666823044347,0.004000678382047093
30.528000000000002,CIRCLE,-0.4599411072756739,0.6360423788570888,0.5005018165082582,-0.4998720953805364,0.4886912308418682,0.5,0.15266661865726272,0.004001215652709102
30.536,CIRCLE,-0.46061899414768787,0.6337286565055995,0.5005015208629455,-0.49980893662844544,0.48617875308293124,0.5,0.15266655532519163,0.004001747286788377
30.544,CIRCLE,-0.46128524309550106,0.6314115572036585,0.500501225394134,-0.499733149636753,0.4836666245334718,0.5,0.1526664923092771,0.004002267371553456
30.552,CIRCLE,-0.4619398373032043,0.6290911394841581,0.5005009301015659,-0.49964473632030343,0.4811549086652667,0.5,0.1526664296096447,0.004002783860679083
30.560000000000002,CIRCLE,-0.4625827602503075,0.6267674619638007,0.5005006349736656,-0.49954369891295936,0.478643668939665,0.5,0.1526663672262433,0.004003284061283036
30.568,CIRCLE,-0.46321399570630384,0.6244405833410889,0.5005003400184062,-0.4994300399675455,0.4761329688059879,0.5,0.15266630515984309,0.004003781430457061
30.576,CIRCLE,-0.46383352774177544,0.6221105623973084,0.500500045239896,-0.49930376235578394,0.47362287169992073,0.5,0.15266624341175697,0.00400426598505469
30.584,CIRCLE,-0.4644413407190244,0.6197774579913728,0.5004997506270051,-0.49916486926822184,0.47111344104191355,0.5,0.15266618198260296,0.00400474787598156
30.592000000000002,CIRCLE,-0.4650374192974499,0.6174413290611641,0.5004994561812484,-0.4990133642141505,0.4686047402355769,0.5,0.15266612087394035,0.0040052181156852015
30.6,CIRCLE,-0.4656217484265148,0.6151022346200713,0.5004991619075172,-0.498849251021517,0.4660968326660835,0.5,0.15266606008795888,0.004005679385244317
30.608,CIRCLE,-0.46619431335477435,0.6127602337566701,0.5004988678056557,-0.4986725338368272,0.46358978169856124,0.5,0.1526659996265996,0.004006131756918281
30.616,CIRCLE,-0.4667550996290686,0.6104153856343962,0.5004985738736883,-0.49848321712504123,0.4610836506764961,0.5,0.15266593949300644,0.0040065759657141415
30.624000000000002,CIRCLE,-0.4673040930957241,0.608067749488957,0.5004982801198916,-0.49828130566946044,0.4585785029201295,0.5,0.15266587969036183,0.004007015233125335
30.632,CIRCLE,-0.46784127989946933,0.6057173846273934,0.500497986523658,-0.49806680457160685,0.45607440172486235,0.5,0.15266582022263842,0.004007441964959727
30.64,CIRCLE,-0.46836664647896886,0.6033643504246753,0.5004976931038674,-0.49783971925109394,0.45357141035965026,0.5,0.15266576109390342,0.004007864310268812
30.648,CIRCLE,-0.4688801795744664,0.6010087063218239,0.5004973998498039,-0.49760005544548974,0.45106959206540864,0.5,0.15266570230623486,0.0040082723130191325
30.656000000000002,CIRCLE,-0.46938186622294764,0.5986505118239497,0.5004971067665583,-0.4973478192101721,0.448569010053413,0.5,0.15266564386043316,0.004008677499642891
30.664,CIRCLE,-0.46987169376585364,0.5962898265008209,0.5004968138609784,-0.4970830169181758,0.44606972750370555,0.5,0.15266558575663242,0.004009069713256364
30.672,CIRCLE,-0.47034964984069894,0.5939267099830449,0.5004965211220218,-0.4968056552600308,0.4435718075634933,0.5,0.15266552799360175,0.00400946015069543
30.68,CIRCLE,-0.470815722386795,0.5915612219635867,0.500496228554541,-0.49651574124359404,0.4410753133455564,0.5,0.152665470570828,0.004009838157007648
30.688000000000002,CIRCLE,-0.4712698996375026,0.5891934221944745,0.5004959361569337,-0.49621328219387184,0.4385803079266516,0.5,0.1526654134880504,0.004010210828520937
30.696,CIRCLE,-0.47171217012948746,0.5868233704871153,0.5004956439241164,-0.49589828575283523,0.43608685434592204,0.5,0.1526653567454964,0.004010576429693489
30.704,CIRCLE,-0.4721425226990845,0.5844511267092735,0.5004953518559151,-0.49557075987922644,0.43359501560329927,0.5,0.15266530034309753,0.004010935037302633
30.712,CIRCLE,-0.4725609464813911,0.582076750784756,0.5004950599651683,-0.4952307128483582,0.43110485465791515,0.5,0.15266524428184564,0.004011281814951122
30.72,CIRCLE,-0.47296743091171234,0.5797003026918581,0.5004947682433484,-0.49487815325190426,0.4286164344265099,0.5,0.15266518856342043,0.004011623892791223
30.728,CIRCLE,-0.4733619657317274,0.577321842461737,0.5004944766925138,-0.49451308999768256,0.4261298177818418,0.5,0.15266513318934144,0.004011956315659165
30.736,CIRCLE,-0.4737445409840359,0.5749414301752964,0.5004941853098106,-0.4941355323094305,0.42364506755110215,0.5,0.15266507816021463,0.004012286449296205
30.744,CIRCLE,-0.47411514701377905,0.5725591259626234,0.5004938940867718,-0.4937454897265711,0.4211622465143226,0.5,0.15266502347647914,0.004012602277583737
30.752,CIRCLE,-0.47447377446351263,0.5701749900015828,0.5004936030320192,-0.4933429721039726,0.41868141740279224,0.5,0.15266496913926578,0.004012915151190708
30.76,CIRCLE,-0.4748204142844688,0.5677890825172075,0.5004933121507956,-0.49292798961169904,0.41620264289747116,0.5,0.1526649151498058,0.004013216807429707
30.768,CIRCLE,-0.4751550577289101,0.565401463777913,0.5004930214329291,-0.49250055273475396,0.41372598562741014,0.5,0.15266486150818973,0.004013516736405874
30.776,CIRCLE,-0.47547769635389475,0.5630121940958311,0.5004927308835354,-0.4920606722728147,0.41125150816816286,0.5,0.15266480821488443,0.00401380526422865
30.784,CIRCLE,-0.47578832201429183,0.5606213338240208,0.5004924405016388,-0.49160835933995994,0.40877927304020856,0.5,0.15266475527019363,0.004014088940599845
30.792,CIRCLE,-0.47608692687127246,0.5582289433561362,0.5004921502827929,-0.49114362536438877,0.40630934270737057,0.5,0.15266470267450127,0.004014366275489764
30.8,CIRCLE,-0.4763735033889101,0.5558350831237054,0.5004918602268078,-0.4906664820881324,0.4038417795752416,0.5,0.15266465042751257,0.004014637352055252
30.808,CIRCLE,-0.4766480443332882,0.5534398135958859,0.5004915703440934,-0.49017694156675673,0.40137664598960165,0.5,0.1526645985296324,0.004014898252841145
30.816,CIRCLE,-0.47691054277339634,0.5510431952781134,0.5004912806351639,-0.4896750161690581,0.39891400423484646,0.5,0.1526645469819691,0.004015157180154504
30.824,CIRCLE,-0.47716099208548185,0.5486452887095186,0.5004909910896421,-0.48916071857675086,0.3964539165324118,0.5,0.15266449578492702,0.004015401102109172
30.832,CIRCLE,-0.4773993859475414,0.546246154461345,0.5004907017102916,-0.48863406178414714,0.39399644503920517,0.5,0.15266444493872205,0.004015645658891506
30.84,CIRCLE,-0.47762571834964246,0.5438458531366598,0.5004904124970384,-0.488095059097828,0.3915416518460299,0.5,0.15266439444381122,0.0040158805144356845
30.848,CIRCLE,-0.4778399835802208,0.5414444453673919,0.500490123449688,-0.48754372413630753,0.38908959897601997,0.5,0.15266434430054163,0.0040161103849588025
30.856,CIRCLE,-0.4780421762330313,0.5390419918135086,0.5004898345680419,-0.4869800708296886,0.386640348383071,0.5,0.15266429450930322,0.004016335356034632
30.864,CIRCLE,-0.47823229120640165,0.5366385531628532,0.5004895458499337,-0.48640411341931156,0.3841939619502786,0.5,0.1526642450719473,0.0040165487218791875
30.872,CIRCLE,-0.47841032370203923,0.5342341901287101,0.5004892572998361,-0.4858158664573934,0.38175050148836953,0.5,0.15266419599097605,0.004016761795012479
30.88,CIRCLE,-0.4785762692313476,0.5318289634470882,0.5004889689149621,-0.4852153448066608,0.37931002873414343,0.5,0.1526641472680014,0.004016965172085162
30.888,CIRCLE,-0.4787301236056314,0.5294229338743833,0.5004886806950912,-0.48460256363997395,0.3768726053489111,0.5,0.15266409890346916,0.004017164110719393
30.896,CIRCLE,-0.478871882943572,0.5270161621868714,0.5004883926320389,-0.4839775384399445,0.3744382929169404,0.5,0.15266405089726537,0.004017355721004728
30.904,CIRCLE,-0.4790015436691618,0.5246087091794894,0.5004881047255939,-0.4833402849985427,0.3720071529438948,0.5,0.15266400324920007,0.004017540094520392
30.912,CIRCLE,-0.47911910251110346,0.5222006356657448,0.5004878169736667,-0.4826908194166994,0.36957924685528265,0.5,0.15266395596042892,0.004017717997765814
30.92,CIRCLE,-0.47922455650453605,0.5197920024747222,0.5004875293846628,-0.4820291581038989,0.36715463599490394,0.5,0.15266390903198573,0.0040178927603580685
30.928,CIRCLE,-0.47931790298955634,0.5173828704500102,0.5004872419583551,-0.481355317777765,0.3647333816233035,0.5,0.15266386246522146,0.004018064469622298
30.936,CIRCLE,-0.4793991396102289,0.514973300449497,0.5004869546965596,-0.4806693154636376,0.36231554491621787,0.5,0.15266381626316528,0.0040182240486595945
30.944,CIRCLE,-0.4794682643139924,0.5125633533422436,0.5004866676056341,-0.4799711684941431,0.3599011869630335,0.5,0.15266377042889515,0.004018386828795112
30.952,CIRCLE,-0.47952527536062906,0.5101530900047607,0.5004863806788995,-0.47926089450875614,0.3574903687652413,0.5,0.15266372496325004,0.004018538013733194
30.96,CIRCLE,-0.4795701713091894,0.5077425713196773,0.5004860939160832,-0.478538511453355,0.35508315123489886,0.5,0.15266367986516713,0.004018686661692189
30.968,CIRCLE,-0.4796029510296165,0.5053318581755216,0.5004858073229711,-0.47780403757976636,0.3526795951930852,0.5,0.1526636351329747,0.004018826619639957
30.976,CIRCLE,-0.4796236136978451,0.5029210114650787,0.5004855208952754,-0.4770574914453057,0.35027976136837047,0.5,0.1526635907642702,0.004018967716627798
30.984,CIRCLE,-0.47963215879781673,0.5005100920846746,0.5004852346371903,-0.4762988919123078,0.3478837103952777,0.5,0.15266354675684898,0.004019096136665078
30.992,CIRCLE,-0.4796285861141876,0.4980991609323945,0.5004849485419032,-0.47552825814765015,0.3454915028127521,0.5,0.1526635031082515,0.0040192253923995395
31.0,CIRCLE,-0.4796128957435684,0.49568827890740086,0.5004846626093113,-0.4747456096222688,0.3431031990626312,0.5,0.15266345981689985,0.0040193472248343165
31.008,CIRCLE,-0.47958508808377315,0.4932775069083746,0.5004843768463375,-0.47395096611066634,0.34071885948811764,0.5,0.15266341688182988,0.0040194681148294255
31.016000000000002,CIRCLE,-0.47954516383905865,0.4908669058310003,0.5004840912387577,-0.4731443476904122,0.33833854433225485,0.5,0.15266337430172366,0.004019582936628621
31.024,CIRCLE,-0.47949312401681193,0.4884565365659812,0.5004838057932617,-0.4723257747416356,0.3359623137364047,0.5,0.15266333207445226,0.004019690811254537
31.032,CIRCLE,-0.47942896993219203,0.4860464599987835,0.5004835204991477,-0.47149526794651037,0.333590227738728,0.5,0.1526632901984059,0.004019795731024146
31.04,CIRCLE,-0.47935270320789014,0.48363673700811094,0.5004832353644422,-0.4706528482887325,0.3312223462726675,0.5,0.15266324867265293,0.004019900899884371
31.048000000000002,CIRCLE,-0.4792643257729851,0.4812274284649708,0.5004829503814799,-0.4697985370529901,0.32885872916543385,0.5,0.15266320749740347,0.004019993962749667
31.056,CIRCLE,-0.47916383985744077,0.4788185952315567,0.5004826655605517,-0.4689323558244253,0.3264994361364938,0.5,0.15266316667417937,0.004020086093157263
31.064,CIRCLE,-0.4790512480042663,0.4764102981576468,0.5004823809015648,-0.4680543264880892,0.3241445267960612,0.5,0.1526631262044172,0.004020172601756944
31.072,CIRCLE,-0.4789265530607894,0.47400259807875916,0.5004820963950606,-0.46716447122838867,0.32179406064359134,0.5,0.15266308608867799,0.004020257039424239
31.080000000000002,CIRCLE,-0.4787897581786175,0.47159555581488294,0.5004818120407893,-0.4662628125285261,0.319448097066277,0.5,0.152663046326941,0.004020339500138477
31.088,CIRCLE,-0.47864086681275525,0.469189232170401,0.5004815278521304,-0.465349373169931,0.31710669533754854,0.5,0.15266300691996582,0.004020414942029098
31.096,CIRCLE,-0.4784798827231058,0.4667836879324842,0.50048124382337,-0.46442417623168475,0.3147699146155759,0.5,0.1526629678692082,0.004020485465266257
31.104,CIRCLE,-0.47830680997734937,0.4643789838667507,0.5004809599542376,-0.4634872450899371,0.31243781394177406,0.5,0.15266292917437563,0.004020551169756215
31.112000000000002,CIRCLE,-0.4781216529502424,0.4619751807172393,0.5004806762444952,-0.46253860341731606,0.31011045223931144,0.5,0.15266289083491252,0.004020612155371245
31.12,CIRCLE,-0.47792441632276045,0.4595723392063533,0.5004803926966065,-0.4615782751823292,0.3077878883116207,0.5,0.15266285285144307,0.004020675793047621
31.128,CIRCLE,-0.47771510508101434,0.4571705200324667,0.5004801093129586,-0.4606062846487584,0.30547018084091343,0.5,0.15266281522482114,0.004020730600352387
31.136,CIRCLE,-0.4774937245091765,0.4547697838676386,0.5004798260904157,-0.45962265637504696,0.30315738838669737,0.5,0.15266277795455274,0.004020785592693293
31.144000000000002,CIRCLE,-0.4772602801996437,0.4523701913554793,0.5004795430347321,-0.4586274152136786,0.30084956938429674,0.5,0.15266274103932947,0.004020833608635669
31.152,CIRCLE,-0.4770147780482599,0.44997180310992085,0.5004792601391772,-0.45762058631054997,0.2985467821433758,0.5,0.15266270447676034,0.004020886872833088
31.16,CIRCLE,-0.47675722425708467,0.4475746797143379,0.5004789774033362,-0.45660219510433514,0.29624908484646584,0.5,0.1526626682644334,0.004020923643163513
31.168,CIRCLE,-0.4764876253265995,0.4451788817215533,0.5004786948277199,-0.45557226732584283,0.2939565355474947,0.5,0.15266263240041658,0.004020968788869577
31.176000000000002,CIRCLE,-0.47620598807370834,0.4427844696502191,0.5004784124123162,-0.45453082899736635,0.29166919217032033,0.5,0.1526625968836106,0.00402100609315659
31.184,CIRCLE,-0.4759123196103915,0.44039150398524685,0.5004781301569393,-0.4534779064320262,0.28938711250726723,0.5,0.152662561712882,0.004021042927540535
31.192,CIRCLE,-0.475606627354331,0.43800004517497315,0.5004778480510451,-0.452413526233105,0.287110354217666,0.5,0.1526625268871538,0.004021075552999054
31.2,CIRCLE,-0.4752889190262804,0.43561015362983696,0.5004775661027421,-0.4513377152933756,0.2848389748263969,0.5,0.15266249240535965,0.004021100914330545
31.208000000000002,CIRCLE,-0.4749592026510187,0.4332218897214415,0.5004772843015312,-0.4502505007944214,0.2825730317224362,0.5,0.15266245826707744,0.004021132776735056
31.216,CIRCLE,-0.4746174865601449,0.4308353137811935,0.5004770026605643,-0.44915191020594974,0.2803125821574061,0.5,0.15266242447333347,0.004021157534169324
31.224,CIRCLE,-0.4742637793797305,0.4284504860986536,0.5004767211795951,-0.44804197128509776,0.2780576832441284,0.5,0.15266239102436105,0.004021182191653968
31.232,CIRCLE,-0.47389809004155975,0.4260674669179658,0.5004764398491712,-0.4469207120757309,0.27580839195518125,0.5,0.15266235791940586,0.004021203436833084
31.240000000000002,CIRCLE,-0.47352042778084563,0.42368631643673144,0.5004761586689704,-0.44578816090773477,0.27356476512146005,0.5,0.15266232515687403,0.004021221372006895
31.248,CIRCLE,-0.4731308021356117,0.4213070948060477,0.500475877638412,-0.444644346396299,0.2713268594307411,0.5,0.1526622927357864,0.0040212361939296086
31.256,CIRCLE,-0.4727292229475616,0.4189298621285728,0.500475596769009,-0.4434892974411944,0.2690947314262496,0.5,0.15266226065562788,0.0040212524327291705
31.264,CIRCLE,-0.47231570036055653,0.4165546784571843,0.5004753160478673,-0.4423230432260427,0.26686843750523104,0.5,0.15266222891619285,0.0040212654633828586
31.272000000000002,CIRCLE,-0.47189024481750785,0.4141816037934123,0.5004750354763715,-0.4411456132175793,0.2646480339175261,0.5,0.15266219751708562,0.004021274737753029
31.28,CIRCLE,-0.4714528670628991,0.41181069808448656,0.5004747550536569,-0.4399570371649086,0.26243357676414947,0.5,0.15266216645677091,0.004021287620467241
31.288,CIRCLE,-0.4710035781440095,0.409442021223278,0.5004744747933583,-0.43875734509875247,0.26022512199587244,0.5,0.15266213573437346,0.004021295784703802
31.296,CIRCLE,-0.4705423894045345,0.40707563304678596,0.5004741946997231,-0.4375465673306916,0.2580227254118094,0.5,0.15266210534832408,0.0040213072230155435
31.304000000000002,CIRCLE,-0.47006931249041417,0.4047115933325702,0.5004739147714901,-0.4363247344523993,0.2558264426580076,0.5,0.1526620752956068,0.004021310894904521
31.312,CIRCLE,-0.4695843593453979,0.40234996179870786,0.5004736350026503,-0.4350918773348689,0.25363632922604157,0.5,0.15266204557230456,0.004021318362887867
31.32,CIRCLE,-0.46908754221956184,0.3999907981017161,0.500473355393093,-0.4338480271276337,0.2514524404516109,0.5,0.1526620161750557,0.0040213225847175295
31.328,CIRCLE,-0.46857887365943635,0.39763416183731315,0.5004730759382996,-0.4325932152579797,0.24927483151314223,0.5,0.152661987101132,0.004021325219712109
31.336000000000002,CIRCLE,-0.4680583665105998,0.395280112536884,0.5004727966379147,-0.43132747343015193,0.24710355743039486,0.5,0.15266195834710927,0.004021326369578014
31.344,CIRCLE,-0.467526033917153,0.39292870966755655,0.5004725174820235,-0.430050833624553,0.24493867306307088,0.5,0.15266192991030317,0.004021329715876146
31.352,CIRCLE,-0.4669818893215249,0.3905800126310828,0.5004722384790323,-0.42876332809693546,0.24278023310942903,0.5,0.1526619017892422,0.004021338643658493
31.36,CIRCLE,-0.46642594646305263,0.38823408076286153,0.5004719596331033,-0.42746498937758654,0.24062829210490244,0.5,0.1526618739838107,0.004021335832578302
31.368000000000002,CIRCLE,-0.4658582193742954,0.3858909733297683,0.5004716809461273,-0.42615585027050645,0.23848290442072118,0.5,0.1526618464936895,0.004021338374628024
31.376,CIRCLE,-0.46527872239711965,0.38355074952390467,0.5004714024180275,-0.4248359438525794,0.23634412426253798,0.5,0.152661819318004,0.004021337990229639
31.384,CIRCLE,-0.4646874701684789,0.3812134684643177,0.5004711240435977,-0.4235053034727378,0.2342120056690591,0.5,0.15266179245497566,0.004021336615163814
31.392,CIRCLE,-0.46408447762217275,0.3788791891943161,0.5004708458225247,-0.42216396275111995,0.2320866025106788,0.5,0.15266176590134126,0.004021334351188677
31.400000000000002,CIRCLE,-0.463469759988148,0.376547970681568,0.500470567754487,-0.4208119555782203,0.22996796848811818,0.5,0.15266173965378146,0.004021331299891702
31.408,CIRCLE,-0.46284333279175977,0.37421987181819644,0.500470289836342,-0.41944931611403347,0.22785615713106855,0.5,0.15266171371032075,0.004021334473935524
31.416,CIRCLE,-0.46220521185319924,0.3718949514186333,0.5004700120677417,-0.41807607878719066,0.22575122179683876,0.5,0.15266168806963162,0.004021331695899041
31.424,CIRCLE,-0.4615554132825519,0.3695732682197411,0.5004697344595974,-0.4166922782940905,0.2236532156690072,0.5,0.15266166273123188,0.004021334108134113
31.432000000000002,CIRCLE,-0.46089395349076984,0.36725488087452346,0.500469457010169,-0.4152979495980216,0.22156219175607794,0.5,0.15266163769407143,0.004021334110368833
31.44,CIRCLE,-0.4602208491811243,0.36493984795260903,0.5004691797216341,-0.41389312792827976,0.21947820289014147,0.5,0.15266161295614478,0.004021336709125877
31.448,CIRCLE,-0.45953611735335553,0.3626282279374432,0.5004689025929451,-0.4124778487792777,0.21740130172553995,0.5,0.15266158851456152,0.00402133545809875
31.456,CIRCLE,-0.45883977530072934,0.3603200792263369,0.5004686256209228,-0.41105214790964806,0.21533154073753658,0.5,0.15266156436627965,0.004021338883556198
31.464000000000002,CIRCLE,-0.45813184061377055,0.35801546012829766,0.5004683488069914,-0.4096160613413402,0.21326897222099,0.5,0.15266154050878875,0.004021341828231383
31.472,CIRCLE,-0.45741233117213204,0.3557144288646844,0.500468072148506,-0.40816962535870993,0.21121364828903288,0.5,0.15266151693971874,0.004021345255227117
31.48,CIRCLE,-0.45668126514678437,0.35341704356622045,0.5004677956450919,-0.4067128765076026,0.20916562087175528,0.5,0.15266149365619064,0.004021349264507315
31.488,CIRCLE,-0.4559386609992978,0.3511233622731267,0.5004675192951594,-0.4052458515944301,0.20712494171489243,0.5,0.15266147065620614,0.004021354405652054
31.496000000000002,CIRCLE,-0.4551845374836717,0.3488334429325764,0.5004672430983256,-0.4037685876852405,0.20509166237851756,0.5,0.15266144793836767,0.00402136077840549
31.504,CIRCLE,-0.4544189136453319,0.34654734339885285,0.5004669670660629,-0.4022811221047818,0.20306583423573893,0.5,0.15266142550327305,0.004021372489197161
31.512,CIRCLE,-0.4536418088218038,0.3442651214299321,0.5004666911860642,-0.4007834924355587,0.20104750847140201,0.5,0.1526614033519634,0.004021378621318082
31.52,CIRCLE,-0.4528532426375942,0.3419868346862477,0.5004664154601215,-0.39927573651688336,0.1990367360807962,0.5,0.15266138148465888,0.004021390651559534
31.528000000000002,CIRCLE,-0.45205323501275096,0.3397125407256327,0.500466139891558,-0.3977578924439189,0.19703356786836623,0.5,0.15266135990049973,0.0040214035039489665
31.536,CIRCLE,-0.4512418061529555,0.33744229700482303,0.50046586447871,-0.3962299985667171,0.19503805444642874,0.5,0.15266133859706535,0.0040214177720796105
31.544,CIRCLE,-0.4504189765507978,0.3351761608774404,0.5004655892211896,-0.3946920934892496,0.19305024623389344,0.5,0.15266131757044138,0.0040214335542530675
31.552,CIRCLE,-0.4495847669850361,0.3329141895941588,0.5004653141179006,-0.3931442160684322,0.19107019345498905,0.5,0.15266129681660273,0.004021451206958623
31.560000000000002,CIRCLE,-0.4487391985221266,0.330656440300523,0.5004650391684227,-0.3915864054131434,0.18909794613799458,0.5,0.15266127633145546,0.0040214708283458625
31.568,CIRCLE,-0.4478822925154481,0.328402970037124,0.5004647643726715,-0.390018700883236,0.18713355411397514,0.5,0.1526612561122472,0.004021492396068941
31.576,CIRCLE,-0.44701407060652404,0.3261538357375902,0.5004644897401882,-0.38844114208854286,0.18517706701552306,0.5,0.1526612361577309,0.004021519729696174
31.584,CIRCLE,-0.44613455472379443,0.3239090942274768,0.5004642152512346,-0.386853768887876,0.1832285342755035,0.5,0.15266121646811368,0.004021545657580991
31.592000000000002,CIRCLE,-0.4452437670785059,0.32166880222221594,0.500463940905554,-0.38525662138801947,0.18128800512580606,0.5,0.1526611970432529,0.004021570241404425
31.6,CIRCLE,-0.44434173016935163,0.31943301632200566,0.5004636667138089,-0.38364973994271623,0.17935552859610038,0.5,0.15266117788125652,0.004021605067394932
31.608,CIRCLE,-0.44342846678296205,0.3172017930104941,0.5004633926789912,-0.38203316515164826,0.17743115351259747,0.5,0.15266115897904722,0.004021637843269928
31.616,CIRCLE,-0.4425039999822675,0.314975188658287,0.5004631188065362,-0.38040693785941093,0.17551492849681627,0.5,0.15266114033251546,0.004021677429380946
31.624000000000002,CIRCLE,-0.4415683531148098,0.31275325951764976,0.500462845099323,-0.3787710991544811,0.17360690196435485,0.5,0.15266112193644255,0.004021713817571826
31.632,CIRCLE,-0.44062154980879803,0.31053606172311726,0.5004625715523348,-0.3771256903681787,0.17170712212366745,0.5,0.15266110378499037,0.004021759289225598
31.64,CIRCLE,-0.43966361397948733,0.30832365128782324,0.5004622981569928,-0.3754707530736228,0.1698156369748462,0.5,0.15266108587256114,0.004021801765643333
31.648,CIRCLE,-0.43869456981936467,0.3061160841076404,0.500462024914531,-0.373806329084681,0.16793249430840845,0.5,0.1526610681950913,0.00402185041976887
31.656000000000002,CIRCLE,-0.437714441806118,0.30391341595587107,0.500461751827836,-0.37213246045491283,0.16605774170408932,0.5,0.15266105075006425,0.004021901881661136
31.664,CIRCLE,-0.4367232546953679,0.30171570248349816,0.5004614788960551,-0.3704491894765076,0.16419142652963942,0.5,0.15266103353520943,0.004021956433748856
31.672,CIRCLE,-0.43572103352187086,0.2995229992173555,0.5004612061187992,-0.36875655867921553,0.16233359593962815,0.5,0.15266101654887385,0.004022014170643352
31.68,CIRCLE,-0.4347078035987356,0.2973353615603587,0.5004609334970005,-0.36705461082927315,0.16048429687425236,0.5,0.1526609997914057,0.00402207586480565
31.688000000000002,CIRCLE,-0.433683590517004,0.2951528447868008,0.5004606610302489,-0.3653433889283232,0.15864357605815005,0.5,0.1526609832622511,0.004022141609300786
31.696,CIRCLE,-0.43264842014486243,0.29297550404259615,0.5004603887179879,-0.36362293621232744,0.15681147999922018,0.5,0.15266096696135972,0.004022204910551914
31.704,CIRCLE,-0.43160231862682835,0.29080339434338853,0.5004601165607864,-0.361893296150475,0.15498805498744744,0.5,0.1526609508886529,0.004022279673863209
31.712,CIRCLE,-0.4305453123888236,0.28863657056842673,0.5004598445586138,-0.3601545124440836,0.15317334709373265,0.5,0.15266093504244432,0.004022354744655103
31.720000000000002,CIRCLE,-0.4294774281257402,0.2864750874647578,0.5004595727147249,-0.3584066290254953,0.15136740216872868,0.5,0.15266091941907836,0.004022436528747092
31.728,CIRCLE,-0.4283986928079289,0.2843189996426414,0.5004593010382166,-0.35664969005696706,0.14957026584168215,0.5,0.15266090401331645,0.004022521533460502
31.736,CIRCLE,-0.4273091336798021,0.28216836157686553,0.5004590295173975,-0.3548837399295544,0.14778198351928046,0.5,0.15266088882032766,0.004022614075905793
31.744,CIRCLE,-0.42620877825992143,0.2800232276057412,0.5004587581463397,-0.3531088232619899,0.14600260038450452,0.5,0.15266087383645535,0.004022704520365975
31.752,CIRCLE,-0.42509765433708396,0.2778836519307111,0.5004584869251355,-0.3513249848995561,0.14423216139548717,0.5,0.1526608590585233,0.004022800333709977
31.76,CIRCLE,-0.4239757899782366,0.2757496886103622,0.5004582158578977,-0.3495322699129522,0.14247071128437727,0.5,0.15266084448391876,0.0040229015373186095
31.768,CIRCLE,-0.42284321352212356,0.27362139156091575,0.5004579449442816,-0.34773072359715546,0.1407182945562095,0.5,0.15266083010956935,0.0040230082202218345
31.776,CIRCLE,-0.4216999535786604,0.27149881455647246,0.5004576741728888,-0.34592039147027653,0.13897495548777972,0.5,0.15266081593338113,0.004023116313788938
31.784,CIRCLE,-0.4205460390262025,0.2693820112281031,0.5004574035537211,-0.3441013192724097,0.13724073812652676,0.5,0.15266080195371784,0.004023230834631475
31.792,CIRCLE,-0.4193814990129763,0.2672710350594043,0.5004571330956591,-0.34227355296447703,0.13551568628941885,0.5,0.15266078816770837,0.004023348398626308
31.8,CIRCLE,-0.41820636295559643,0.2651659393878177,0.5004568627864332,-0.34043713872706705,0.13379984356184704,0.5,0.1526607745731398,0.004023473569654925
31.808,CIRCLE,-0.4170206605389856,0.26306677740366435,0.5004565926328576,-0.33859212295926805,0.13209325329652366,0.5,0.15266076116923208,0.004023601255493338
31.816,CIRCLE,-0.415824421711619,0.2609736021482103,0.5004563226284819,-0.3367385522774959,0.13039595861238723,0.5,0.1526607479539548,0.004023733836571479
31.824,CIRCLE,-0.4146176766884885,0.2588864665099583,0.5004560527728967,-0.3348764735143158,0.1287080023935127,0.5,0.15266073492392554,0.0040238714004767195
31.832,CIRCLE,-0.4134004559503111,0.2568054232249702,0.5004557830742652,-0.3330059337172595,0.12702942728802835,0.5,0.152660722075839,0.004024017238503845
31.84,CIRCLE,-0.4121727902422984,0.2547305248759782,0.5004555135202231,-0.33112698014763636,0.12536027570703767,0.5,0.15266070940651655,0.004024166942285218
31.848,CIRCLE,-0.410934710571262,0.2526618238914438,0.5004552441142719,-0.3292396602793391,0.12370058982354837,0.5,0.15266069691219777,0.004024319141906181
31.856,CIRCLE,-0.4096862482083886,0.2505993725426596,0.5004549748522216,-0.32734402179764455,0.1220504115714065,0.5,0.15266068458900328,0.004024481778577373
31.864,CIRCLE,-0.40842743468847337,0.24854322294166187,0.5004547057470141,-0.3254401125980087,0.12040978264423702,0.5,0.15266067243241344,0.00402464180502721
31.872,CIRCLE,-0.4071583018056968,0.24649342704296853,0.5004544367891285,-0.32352798078485673,0.1187787444943903,0.5,0.15266066043787505,0.004024812868897147
31.88,CIRCLE,-0.40587888162165403,0.24445003663783485,0.5004541679852171,-0.3216076746703673,0.1171573383318949,0.5,0.15266064860202985,0.004024989568923704
31.888,CIRCLE,-0.40458920645397844,0.2424131033581268,0.5004538993350617,-0.31967924277325227,0.11554560512341644,0.5,0.15266063692125367,0.004025171940903095
31.896,CIRCLE,-0.4032893088779573,0.240382678674204,0.5004536308382725,-0.3177427338175303,0.11394358559122209,0.5,0.15266062539225253,0.004025360067109677
31.904,CIRCLE,-0.4019792217278187,0.23835881389321384,0.5004533624950902,-0.3157981967312965,0.11235132021215222,0.5,0.15266061401286818,0.004025554264874866
31.912,CIRCLE,-0.40065897809391543,0.23634156015733715,0.5004530943055719,-0.31384568064548546,0.11076884921659735,0.5,0.1526606027805665,0.0040257544397610725
31.92,CIRCLE,-0.39932861132418,0.23433096844193976,0.5004528262692574,-0.3118852348926304,0.1091962125874818,0.5,0.15266059169325466,0.004025960652025867
31.928,CIRCLE,-0.397988155021451,0.23232708955400588,0.5004525583859264,-0.30991690900561664,0.10763345005925345,0.5,0.1526605807480162,0.00402617290897421
31.936,CIRCLE,-0.39663764304473437,0.23032997413049852,0.5004522906551333,-0.3079407527164298,0.10608060111687995,0.5,0.15266056994202967,0.004026391291800269
31.944,CIRCLE,-0.3952771095084583,0.22833967263872296,0.500452023077414,-0.30595681595489965,0.10453770499485082,0.5,0.152660559274001,0.004026616213395646
31.952,CIRCLE,-0.39390658877898993,0.2263562353739064,0.5004517556528576,-0.3039651488474384,0.10300480067618628,0.5,0.1526605487416991,0.004026847570177666
31.96,CIRCLE,-0.39252611547590854,0.2243797124575615,0.500451488380781,-0.3019658017157743,0.10148192689145241,0.5,0.15266053834290402,0.004027085327707407
31.968,CIRCLE,-0.3911357244692764,0.22241015383588172,0.5004512212607324,-0.2999588250756799,0.09996912211778242,0.5,0.15266052807405311,0.004027329564333044
31.976,CIRCLE,-0.38973545087892647,0.22044760928011295,0.5004509542926491,-0.2979442696356961,0.09846642457790455,0.5,0.1526605179316378,0.004027580233213581
31.984,CIRCLE,-0.3883253300763735,0.21849212838427898,0.5004506874771798,-0.29592218629585076,0.0969738722391763,0.5,0.15266050791305794,0.004027837793121773
31.992,CIRCLE,-0.3869053976817404,0.2165437605631709,0.5004504208138865,-0.2938926261463726,0.09549150281262514,0.5,0.15266049801472767,0.004028102320659345
32.0,CIRCLE,-0.3854756895628862,0.21460255505279446,0.5004501543102243,-0.29185564046640056,0.09401935375199577,0.5,0.15266048823346642,0.004028370573060798
32.008,CIRCLE,-0.3840362418342966,0.21266856090757286,0.5004498879523858,-0.2898112807226878,0.09255746225280376,0.5,0.15266047856504827,0.004028647682584772
32.016,CIRCLE,-0.38258709085955855,0.21074182699700317,0.5004496217527057,-0.2877595985683032,0.09110586525139663,0.5,0.1526604690047978,0.004028935492618119
32.024,CIRCLE,-0.38112827324762094,0.2088224020074387,0.5004493557071157,-0.2857006458413202,0.08966459942401689,0.5,0.15266045954816526,0.004029224826845003
32.032000000000004,CIRCLE,-0.3796598258489866,0.20691033444209084,0.5004490898015507,-0.2836344745635159,0.08823370118588114,0.5,0.1526604501898799,0.004029520953760369
32.04,CIRCLE,-0.37818178576077355,0.20500567261525063,0.5004488240467742,-0.2815611369390524,0.0868132066902571,0.5,0.1526604409242489,0.00402982836478482
32.048,CIRCLE,-0.37669419032328416,0.20310846465302235,0.5004485584427032,-0.27948068535315296,0.08540315182754715,0.5,0.1526604317450898,0.004030141125229362
32.056,CIRCLE,-0.3751970771146832,0.20121875849641077,0.5004482929855046,-0.27739317237078936,0.08400357222438853,0.5,0.15266042264627194,0.0040304606435572965
32.064,CIRCLE,-0.37369048395428955,0.1993366018975511,0.500448027683475,-0.2752986507353415,0.08261450324274505,0.5,0.15266041362243432,0.004030790242727319
32.072,CIRCLE,-0.37217444890139123,0.19746204241881085,0.5004477625257848,-0.2731971733672752,0.08123597997902093,0.5,0.15266040466897027,0.004031126070334918
32.08,CIRCLE,-0.3706490102525643,0.19559512743226504,0.5004474975222345,-0.27108879336280106,0.07986803726317065,0.5,0.15266039578153467,0.004031470340922553
32.088,CIRCLE,-0.3691142065435763,0.19373590411587485,0.5004472326724048,-0.2689735639925278,0.07851070965781637,0.5,0.15266038695580958,0.004031823123576158
32.096000000000004,CIRCLE,-0.3675700765487427,0.19188441945388812,0.5004469679632336,-0.26685153870012585,0.07716403145738038,0.5,0.1526603781889482,0.004032179714550424
32.104,CIRCLE,-0.3660166592780123,0.1900407202360478,0.5004467034068402,-0.2647227711009722,0.07582803668721544,0.5,0.15266036947872919,0.0040325474611142016
32.112,CIRCLE,-0.36445399397853956,0.18820485305225726,0.5004464389993273,-0.26258731498079146,0.07450275910274268,0.5,0.1526603608220373,0.004032919996245624
32.12,CIRCLE,-0.3628821201284653,0.18637686429595846,0.5004461747347986,-0.2604452242943072,0.0731882321886052,0.5,0.15266035221486257,0.004033299510554114
32.128,CIRCLE,-0.3613010774396932,0.18455680016091125,0.5004459106249766,-0.25829655316386696,0.07188448915781426,0.5,0.15266034365333178,0.004033690579051492
32.136,CIRCLE,-0.3597109058563359,0.1827447066398783,0.5004456466658557,-0.25614135587808506,0.07059156295091712,0.5,0.15266033513314767,0.004034087577324552
32.144,CIRCLE,-0.3581116455498919,0.18094062952682985,0.5004453828533271,-0.25397968689046657,0.06930948623516148,0.5,0.15266032664952378,0.004034492012682142
32.152,CIRCLE,-0.35650333692250047,0.17914461441331458,0.5004451191970652,-0.2518116008180269,0.06803829140366774,0.5,0.1526603181982545,0.004034907713572667
32.160000000000004,CIRCLE,-0.35488602060566654,0.1773567066873668,0.5004448556853343,-0.24963715243992096,0.06677801057461585,0.5,0.15266030977548614,0.004035330472745929
32.168,CIRCLE,-0.35325973745745365,0.17557695153297792,0.5004445923279106,-0.24745639669605451,0.06552867559043107,0.5,0.1526603013770696,0.004035756549769956
32.176,CIRCLE,-0.3516245285636353,0.17380539392900557,0.5004443291235836,-0.24526938868569154,0.06429031801697688,0.5,0.15266029299999545,0.004036197862878113
32.184,CIRCLE,-0.3499804352393664,0.17204207864343507,0.5004440660708758,-0.24307618366607267,0.06306296914276344,0.5,0.15266028464103149,0.0040366438093964565
32.192,CIRCLE,-0.3483274990194334,0.17028705023948554,0.5004438031625338,-0.2408768370510069,0.061846659978150254,0.5,0.15266027629586823,0.004037097105684393
32.2,CIRCLE,-0.346665761663446,0.1685403530699986,0.500443540408816,-0.2386714044094822,0.06064142125456862,0.5,0.15266026796027124,0.004037561788533602
32.208,CIRCLE,-0.34499526515432827,0.16680203127637505,0.500443277811895,-0.23645994146425692,0.059447283423742614,0.5,0.15266025962977192,0.004038030977371494
32.216,CIRCLE,-0.34331605169542545,0.16507212878936842,0.5004430153660276,-0.23424250409044722,0.05826427665691697,0.5,0.1526602512997329,0.004038513325101446
32.224000000000004,CIRCLE,-0.34162816371256133,0.16335068932459168,0.5004427530718519,-0.23201914831412465,0.05709243084410015,0.5,0.15266024296523412,0.004039002425928134
32.232,CIRCLE,-0.33993164384778574,0.16163775638677774,0.5004424909256353,-0.2297899303108959,0.055931775593306365,0.5,0.1526602346211066,0.004039499643898948
32.24,CIRCLE,-0.3382265349624383,0.1599333732663965,0.5004422289367528,-0.22755490640447873,0.054782340229805215,0.5,0.15266022626331258,0.004040008686289727
32.248,CIRCLE,-0.33651288013593333,0.1582375830385889,0.5004419670915087,-0.22531413306529,0.053644153795386285,0.5,0.15266021788876014,0.004040524597808844
32.256,CIRCLE,-0.3347907226626748,0.15655042856252813,0.5004417054011061,-0.22306766690900612,0.052517245047618955,0.5,0.15266020949430634,0.004041050420126074
32.264,CIRCLE,-0.33306010605374675,0.15487195247750046,0.5004414438567679,-0.2208155646951438,0.05140164245913165,0.5,0.15266020107670225,0.00404158304485977
32.272,CIRCLE,-0.33132107403460764,0.15320219720277567,0.5004411824675412,-0.21855788332562104,0.05029737421688962,0.5,0.15266019263251795,0.004042126037396562
32.28,CIRCLE,-0.3295736705437735,0.1515412049366858,0.5004409212330677,-0.21629467984331488,0.04920446822148078,0.5,0.15266018415803628,0.004042679449823014
32.288000000000004,CIRCLE,-0.3278179397322417,0.14988901765709167,0.5004406601404758,-0.2140260114306295,0.04812295208641537,0.5,0.15266017565067141,0.0040432386140022624
32.296,CIRCLE,-0.3260539259606996,0.14824567712076595,0.5004403992020519,-0.21175193540804677,0.04705285313742574,0.5,0.1526601671081202,0.004043809544687343
32.304,CIRCLE,-0.3242816738006618,0.14661122485891145,0.5004401384135073,-0.20947250923267316,0.04599419841177399,0.5,0.15266015852764764,0.00404438672472213
32.312,CIRCLE,-0.32250122802928094,0.1449857021798584,0.5004398777776312,-0.20718779049679922,0.044947014657573725,0.5,0.152660149905593,0.004044975333754923
32.32,CIRCLE,-0.32071263363127733,0.14336915016496823,0.5004396173048384,-0.20489783692643163,0.043911328333108623,0.5,0.1526601412376439,0.00404557135215295
32.328,CIRCLE,-0.31891593579768585,0.14176160967003013,0.5004393569729373,-0.2026027063798459,0.04288716560616901,0.5,0.1526601325202305,0.0040461767132805105
32.336,CIRCLE,-0.3171111799247445,0.1401631213238447,0.500439096793048,-0.20030245684611978,0.04187455235338833,0.5,0.1526601237504826,0.004046795747495897
32.344,CIRCLE,-0.3152984116125825,0.13857372552689093,0.5004388367673994,-0.1979971464436631,0.04087351415958734,0.5,0.15266011492578327,0.004047417161340482
32.352000000000004,CIRCLE,-0.31347767666090726,0.13699346245221397,0.5004385768922937,-0.1956868334187592,0.03988407631713203,0.5,0.1526601060425388,0.004048052182078172
32.36,CIRCLE,-0.3116490210742309,0.13542237203677643,0.5004383171757002,-0.19337157614408834,0.038906263825292164,0.5,0.15266009709626274,0.004048697630095745
32.368,CIRCLE,-0.309812491055804,0.13386049398765745,0.5004380576078474,-0.19105143311724795,0.037940101389608016,0.5,0.15266008808236944,0.00404935001201063
32.376,CIRCLE,-0.3079681330054695,0.1323078677817263,0.5004377981860093,-0.18872646295928608,0.036985613421270436,0.5,0.15266007899583306,0.004050010313271794
32.384,CIRCLE,-0.3061159935234835,0.1307645326616894,0.5004375389230098,-0.18639672441320718,0.036042824036499166,0.5,0.15266006983321914,0.004050683509417801
32.392,CIRCLE,-0.30425611940892416,0.12923052763458504,0.5004372798087204,-0.18406227634249933,0.035111757055937776,0.5,0.15266006059196857,0.00405136303135928
32.4,CIRCLE,-0.3023885576543535,0.12770589147361,0.5004370208483518,-0.1817231777296421,0.03419243600405014,0.5,0.15266005126900162,0.004052055477308591
32.408,CIRCLE,-0.3005133554485149,0.12619066271265922,0.5004367620388965,-0.17937948767461137,0.03328488410852393,0.5,0.15266004186094265,0.0040527548617354595
32.416000000000004,CIRCLE,-0.29863056017139217,0.12468487964898031,0.5004365033751367,-0.1770312653933959,0.0323891242996876,0.5,0.15266003236341538,0.004053463104657053
32.424,CIRCLE,-0.2967402193969632,0.12318858034029072,0.5004362448678568,-0.17467857021649635,0.03150517920992918,0.5,0.15266002277305896,0.004054184397246709
32.432,CIRCLE,-0.294842380891796,0.12170180260358031,0.5004359865098562,-0.17232146158742115,0.03063307117312264,0.5,0.15266001308718252,0.0040549120754499405
32.44,CIRCLE,-0.29293709260938805,0.12022458401768052,0.5004357283055546,-0.1699599990611963,0.029772822224067796,0.5,0.15266000330238902,0.0040556525509799785
32.448,CIRCLE,-0.2910244026929167,0.11875696191790582,0.5004354702520168,-0.1675942423028472,0.028924454097928654,0.5,0.15265999341505596,0.004056400243517004
32.456,CIRCLE,-0.2891043594707173,0.1172989733984596,0.5004352123443045,-0.16522425108590297,0.02808798822968861,0.5,0.15265998342067463,0.004057156969690454
32.464,CIRCLE,-0.28717701145896585,0.11585065530966364,0.5004349545935076,-0.1628500852908811,0.02726344575360712,0.5,0.1526599733159661,0.004057927027614705
32.472,CIRCLE,-0.28524240736025747,0.1144120442567128,0.5004346969918362,-0.16047180490376955,0.026450847502683728,0.5,0.15265996309848456,0.004058703262268126
32.480000000000004,CIRCLE,-0.2833005960579638,0.11298317660203837,0.5004344395441146,-0.1580894700145211,0.02565021400813533,0.5,0.15265995276500138,0.004059492724255532
32.488,CIRCLE,-0.28135162661924934,0.11156408845944363,0.5004341822477099,-0.1557031408155301,0.024861565498875693,0.5,0.1526599423120534,0.004060289496714064
32.496,CIRCLE,-0.2793955482901245,0.11015481569690333,0.5004339250976414,-0.15331287760010673,0.024084921901002698,0.5,0.1526599317350674,0.004061095413725955
32.504,CIRCLE,-0.2774324104982034,0.10875539393376014,0.5004336681042096,-0.15091874076096515,0.023320302837298745,0.5,0.15265992103059747,0.004061914472187835
32.512,CIRCLE,-0.2754622628513609,0.10736585853959534,0.5004334112595522,-0.14852079078868438,0.022567727626730427,0.5,0.15265991019607786,0.004062739927285958
32.52,CIRCLE,-0.27348515513232136,0.10598624463653482,0.5004331545689545,-0.14611908827019157,0.021827215283964585,0.5,0.1526598992282384,0.004063578823419261
32.528,CIRCLE,-0.2715011373013315,0.10461658709369212,0.5004328980297509,-0.14371369388722627,0.02109878451888575,0.5,0.15265988812370343,0.004064425053685182
32.536,CIRCLE,-0.26951025949109736,0.10325692053005141,0.5004326416368396,-0.14130466841480202,0.020382453736122297,0.5,0.1526598768779349,0.00406528050175971
32.544000000000004,CIRCLE,-0.2675125720096673,0.10190727931157748,0.5004323854007536,-0.13889207271968113,0.019678241034584376,0.5,0.15265986548762356,0.004066149243148225
32.552,CIRCLE,-0.26550812533907914,0.10056769755004843,0.5004321293133285,-0.13647596775883153,0.018986164207004996,0.5,0.15265985395040635,0.004067024340687462
32.56,CIRCLE,-0.26349697012984824,0.09923820910541437,0.5004318733801038,-0.13405641457788173,0.018306240739489,0.5,0.1526598422631221,0.00406791309858322
32.568,CIRCLE,-0.26147915720366854,0.09791884758011118,0.5004316175986174,-0.13163347430959016,0.017638487811074965,0.5,0.1526598304225014,0.004068809265861932
32.576,CIRCLE,-0.2594547375481885,0.09660964632211948,0.5004313619637909,-0.12920720817228706,0.016982922293296898,0.5,0.1526598184239467,0.004069714719651072
32.584,CIRCLE,-0.25742376231993697,0.09531063842207325,0.5004311064856157,-0.12677767746833968,0.016339560749761506,0.5,0.15265980626405562,0.004070633326221209
32.592,CIRCLE,-0.25538628284302817,0.09402185671217185,0.5004308511557114,-0.12434494358259822,0.015708419435728316,0.5,0.1526597939404378,0.004071558348194985
32.6,CIRCLE,-0.2533423506038208,0.09274333376845602,0.5004305959800504,-0.12190906798083974,0.015089514297697393,0.5,0.1526597814499537,0.004072497233937672
32.608000000000004,CIRCLE,-0.25129201725340344,0.0914751019052527,0.5004303409563472,-0.11947011220822548,0.014482860973009493,0.5,0.15265976878944632,0.004073443562823596
32.616,CIRCLE,-0.24923533460220845,0.0902171931783971,0.5004300860795179,-0.11702813788774073,0.013888474789449212,0.5,0.15265975595432174,0.004074399217462619
32.624,CIRCLE,-0.24717235462301465,0.08896963938230563,0.5004298313594107,-0.11458320671863259,0.013306370764856745,0.5,0.15265974294123472,0.004075368002878872
32.632,CIRCLE,-0.24510312944967605,0.08773247204890519,0.5004295767872505,-0.11213538047486322,0.012736563606751128,0.5,0.1526597297479232,0.004076343112720825
32.64,CIRCLE,-0.24302771137182258,0.08650572244984904,0.5004293223693916,-0.10968472100353524,0.01217906771195576,0.5,0.1526597163713467,0.0040773323024214025
32.648,CIRCLE,-0.24094615283728518,0.08528942159088831,0.5004290681039107,-0.10723129022334112,0.011633897166236973,0.5,0.1526597028084823,0.004078328996393876
32.656,CIRCLE,-0.2388585064465007,0.0840836002153338,0.5004288139858184,-0.1047751501229936,0.011101065743947314,0.5,0.1526596890547014,0.004079335044181972
32.664,CIRCLE,-0.23676482495554949,0.08288828880113447,0.5004285600243475,-0.1023163627596543,0.010580586907676048,0.5,0.15265967510658723,0.004080354014005362
32.672000000000004,CIRCLE,-0.23466516127495243,0.08170351755989534,0.5004283062102812,-0.09985499025737611,0.010072473807911764,0.5,0.15265966096188122,0.004081379228584404
32.68,CIRCLE,-0.23255956846458348,0.0805293164389201,0.5004280525504714,-0.09739109480552842,0.009576739282708413,0.5,0.15265964661760748,0.004082418739965266
32.688,CIRCLE,-0.23044809973590866,0.07936571511562342,0.5004277990434571,-0.09492473865722055,0.009093395857360298,0.5,0.15265963207089592,0.004083465815449651
32.696,CIRCLE,-0.22833080844615636,0.07821274300126893,0.5004275456843915,-0.0924559841277411,0.008622455744087876,0.5,0.15265961731711966,0.004084522253964253
32.704,CIRCLE,-0.22620774810149558,0.07707042923793912,0.5004272924740651,-0.08998489359296949,0.008163930841726563,0.5,0.15265960235287102,0.0040855884285946895
32.712,CIRCLE,-0.22407897235458307,0.0759388026970387,0.5004270394122142,-0.08751152948781223,0.007717832735428254,0.5,0.1526595871746392,0.00408666435330009
32.72,CIRCLE,-0.22194453500405864,0.07481789197998438,0.5004267864999833,-0.08503595430462015,0.007284172696367941,0.5,0.15265957178025077,0.00408775050873098
32.728,CIRCLE,-0.21980448999181018,0.0737077254165335,0.5004265337371401,-0.08255823059160419,0.006862961681457669,0.5,0.15265955616723004,0.00408884690662134
32.736000000000004,CIRCLE,-0.21765889140250003,0.07260833106545186,0.5004262811228094,-0.08007842095126567,0.006454210333071642,0.5,0.15265954033421222,0.0040899532595501855
32.744,CIRCLE,-0.21550779346073154,0.07151973671285457,0.5004260286567658,-0.07759658803880914,0.00605792897877655,0.5,0.15265952427921903,0.004091069578014682
32.752,CIRCLE,-0.21335125053059822,0.07044196987286183,0.5004257763390914,-0.07511279456055422,0.00567412763106967,0.5,0.1526595080010754,0.004092195931435117
32.76,CIRCLE,-0.21118931711275726,0.06937505778578915,0.5004255241695407,-0.07262710327236345,0.005302815987127896,0.5,0.15265949149750235,0.0040933323285682706
32.768,CIRCLE,-0.2090220478439801,0.06831902741881443,0.5004252721477079,-0.07013957697804261,0.004944003428560384,0.5,0.15265947476653016,0.004094478669904328
32.776,CIRCLE,-0.20684949749440282,0.06727390546436489,0.5004250202733043,-0.06765027852776635,0.0045976990211736846,0.5,0.1526594578048273,0.004095634962776218
32.784,CIRCLE,-0.2046717209670879,0.066239718340784,0.5004247685460869,-0.06515927081648479,0.004263911514741536,0.5,0.152659440609093,0.00409680118853806
32.792,CIRCLE,-0.20248877329532033,0.06521649219077313,0.5004245169666268,-0.06266661678232922,0.003942649342783433,0.5,0.15265942317445877,0.004097977062936598
32.8,CIRCLE,-0.20030070964453897,0.06420425287967742,0.5004242655352253,-0.06017237940503417,0.0036339206223529597,0.5,0.15265940549706977,0.004099162773100546
32.808,CIRCLE,-0.19810758530958428,0.06320302599385604,0.5004240142515701,-0.05767662170433209,0.003337733153830791,0.5,0.15265938757248826,0.004100358323607758
32.816,CIRCLE,-0.19590945571425578,0.06221283684137844,0.5004237631157314,-0.05517940673837341,0.0030540944207295695,0.5,0.15265936939711622,0.004101563802797439
32.824,CIRCLE,-0.19370637640867722,0.06123371045049567,0.5004235121274202,-0.05268079760212802,0.00278301158950367,0.5,0.15265935096672809,0.004102779213599317
32.832,CIRCLE,-0.19149840306887161,0.060265671570327396,0.5004232612861872,-0.050180857425785826,0.002524491509367899,0.5,0.15265933227789963,0.004104004441354745
32.84,CIRCLE,-0.18928559149407112,0.059308744669303685,0.5004230105917475,-0.047679649373172234,0.0022785407121254653,0.5,0.15265931332645724,0.004105239487612189
32.848,CIRCLE,-0.1870679976063033,0.058362953935850996,0.5004227600438985,-0.04517723664014701,0.002045165412002281,0.5,0.15265929410889653,0.00410648432746746
32.856,CIRCLE,-0.18484567744750585,0.05742832327684284,0.5004225096502696,-0.042673682453002224,0.001824371505489697,0.5,0.15265927462068166,0.004107736011630139
32.864,CIRCLE,-0.18261868718042726,0.05650487631686823,0.5004222593976864,-0.04016905006687715,0.0016161645711964545,0.5,0.15265925485826431,0.004109003544730705
32.872,CIRCLE,-0.1803870830868419,0.055592636394263456,0.5004220092946426,-0.03766340276414592,0.0014205498697065777,0.5,0.1526592348176944,0.004110276258705759
32.88,CIRCLE,-0.1781509215637942,0.05469162656745499,0.5004217593391962,-0.035156803852830966,0.0012375323434475338,0.5,0.15265921449485478,0.00411155992039241
32.888,CIRCLE,-0.17591025912534675,0.05380186960646646,0.5004215095337499,-0.03264931666499823,0.0010671166165646673,0.5,0.15265919388566246,0.004112853488589996
32.896,CIRCLE,-0.17366515239973007,0.05292338799607207,0.5004212598781294,-0.03014100455515161,0.0009093069948044596,0.5,0.1526591729861123,0.004114156959600156
32.904,CIRCLE,-0.17141565812903006,0.052056203936386575,0.5004210103626696,-0.027631930898642947,0.0007641074654060609,0.5,0.152659151793714,0.004115466736509456
32.912,CIRCLE,-0.1691618331672768,0.05120033934291396,0.5004207609990414,-0.025122159090065398,0.0006315216970003146,0.5,0.15265913030733952,0.004116793123106064
32.92,CIRCLE,-0.1669037344790319,0.05035581584330462,0.5004205117834634,-0.022611752541646418,0.0005115530395168877,0.5,0.15265910852625816,0.004118121910634336
32.928,CIRCLE,-0.16464141913333816,0.04952265478463064,0.5004202627159139,-0.02010077468165797,0.00040420452410006025,0.5,0.15265908644837892,0.004119463272115322
32.936,CIRCLE,-0.16237494430680208,0.0487008772208484,0.5004200137945338,-0.017589288952799764,0.00030947886303173133,0.5,0.1526590640705636,0.0041208118833544385
32.944,CIRCLE,-0.1601043672799043,0.04789050391878688,0.5004197650177051,-0.015077358810608704,0.00022737844966319587,0.5,0.15265904138867323,0.004122174769177998
32.952,CIRCLE,-0.15782974543665623,0.04709155535678896,0.5004195163968601,-0.012565047721850313,0.00015790535835458197,0.5,0.1526590183983793,0.004123540968227035
32.96,CIRCLE,-0.1555511362631974,0.04630405172843919,0.5004192679241589,-0.01005241916290983,0.00010106134442217085,0.5,0.15265899509641517,0.004124919777441256
32.968,CIRCLE,-0.1532685973486114,0.04552801293311705,0.5004190196058554,-0.007539536618199063,5.684784409454302e-05,0.5,0.15265897148006544,0.004126308661268832
32.976,CIRCLE,-0.1509821863800268,0.04476345858118908,0.5004187714417798,-0.005026463578547063,2.5265974475940922e-05,0.5,0.15265894754562606,0.004127707608343467
32.984,CIRCLE,-0.14869196114231117,0.04401040799465002,0.5004185234208828,-0.00251326353959062,6.316533518013756e-06,0.5,0.15265892328980027,0.004129112505430859
32.992,CIRCLE,-0.14639797951610428,0.043268880206973045,0.5004182755480541,-1.824133539082912e-13,0.0,0.5,0.1526588987093244,0.004130527280229779
33.0,CIRCLE,-0.14410029947839015,0.04253889395702255,0.5004180278310788,0.0025132635392275744,6.316533516181888e-06,0.5,0.15265887380127982,0.00413194891213463
33.008,LANDING,-0.14179897910119862,0.04182046769073868,0.5004177802794013,0.0025132635392275744,6.316533516181888e-06,0.5,0.15024853128490193,0.0041333809530982105
33.016,LANDING,-0.13949415384961555,0.04111349436413798,0.5004101486151575,-0.13949415384961555,0.04111349436413798,0.0,0.5004101486151575,0.004134823342229899
33.024,LANDING,-0.13718588102334428,0.04041799198560117,0.5003951642852534,-0.13718588102334428,0.04041799198560117,0.0,0.5003951642852534,0.004160508604358178
33.032000000000004,LANDING,-0.13487510383144335,0.03973397385972066,0.5003728235381155,-0.13487510383144335,0.03973397385972066,0.0,0.5003728235381155,0.004186246267110641
33.04,LANDING,-0.13256281707782058,0.03906132784882906,0.5003358022751659,-0.13256281707782058,0.03906132784882906,0.0,0.5003358022751659,0.004212035631129745
33.048,LANDING,-0.13024999088243738,0.03839994176537882,0.5002768280437354,-0.13024999088243738,0.03839994176537882,0.0,0.5002768280437354,0.004237876003271857
33.056,LANDING,-0.12793757094340297,0.03774970338946171,0.5001886800255203,-0.12793757094340297,0.03774970338946171,0.0,0.5001886800255203,0.004263766696543242
33.064,LANDING,-0.12562647879843442,0.03711050048610814,0.500064189024248,-0.12562647879843442,0.03711050048610814,0.0,0.500064189024248,0.0042897070301201245
33.072,LANDING,-0.12331761208568172,0.036482220822367885,0.4998962374525532,-0.12331761208568172,0.036482220822367885,0.0,0.4998962374525532,0.004315696329225393
33.08,LANDING,-0.12101184480391551,0.035864752184173655,0.49967775931807035,-0.12101184480391551,0.035864752184173655,0.0,0.49967775931807035,0.004341733925148537
33.088,LANDING,-0.1187100275720765,0.03525798239298908,0.4994017402087457,-0.1187100275720765,0.03525798239298908,0.0,0.4994017402087457,0.004367819155197783
33.096000000000004,LANDING,-0.11641298788818473,0.034661799322242594,0.4990612172773738,-0.11641298788818473,0.034661799322242594,0.0,0.4990612172773738,0.004393951362656962
33.104,LANDING,-0.11412153038760725,0.03407609091354879,0.4986492792253622,-0.11412153038760725,0.03407609091354879,0.0,0.4986492792253622,0.0044201298967484585
33.112,LANDING,-0.11183643710068272,0.03350074519271864,0.4981590662857287,-0.11183643710068272,0.03350074519271864,0.0,0.4981590662857287,0.004446354112591295
33.12,LANDING,-0.10955846770970142,0.032935650285560204,0.4975837702053357,-0.10955846770970142,0.032935650285560204,0.0,0.4975837702053357,0.004472623371185793
33.128,LANDING,-0.10728835980523917,0.032380694433471274,0.4969166342263647,-0.10728835980523917,0.032380694433471274,0.0,0.4969166342263647,0.004498937039354483
33.136,LANDING,-0.10502682914184383,0.031835766008825435,0.4961509530670368,-0.10502682914184383,0.031835766008825435,0.0,0.4961509530670368,0.004525294489703259
33.144,LANDING,-0.10277456989307285,0.03130075353015309,0.49528007290158194,-0.10277456989307285,0.03130075353015309,0.0,0.49528007290158194,0.004551695100628868
33.152,LANDING,-0.10053225490588037,0.03077554567711889,0.4942973913394614,-0.10053225490588037,0.03077554567711889,0.0,0.4942973913394614,0.004578138256216306
33.160000000000004,LANDING,-0.09830054985248336,0.030260047606732735,0.4931972767798187,-0.09830054985248336,0.030260047606732735,0.0,0.4931972767798187,0.004603659682017935
33.168,LANDING,-0.09608030006100868,0.02975427763810964,0.4919805856695111,-0.09608030006100868,0.02975427763810964,0.0,0.4919805856695111,0.004645070965112005
33.176,LANDING,-0.09387269956162703,0.029258286101264467,0.49065054904586103,-0.09387269956162703,0.029258286101264467,0.0,0.49065054904586103,0.004691992303251641
33.184,LANDING,-0.09167916404116969,0.028772089109450578,0.4892103497104966,-0.09167916404116969,0.028772089109450578,0.0,0.4892103497104966,0.004741794445405558
33.192,LANDING,-0.08950119388139233,0.02829565084499518,0.48766312522326793,-0.08950119388139233,0.02829565084499518,0.0,0.48766312522326793,0.004790029084236214
33.2,LANDING,-0.08734027191576381,0.027828890447906072,0.4860119687187812,-0.08734027191576381,0.027828890447906072,0.0,0.4860119687187812,0.004834610120121863
33.208,LANDING,-0.08519780196422587,0.02737169347076208,0.4842599300060521,-0.08519780196422587,0.02737169347076208,0.0,0.4842599300060521,0.004874481076509418
33.216,LANDING,-0.08307507859402267,0.026923923352726344,0.48241001673671774,-0.08307507859402267,0.026923923352726344,0.0,0.48241001673671774,0.004909474437668968
33.224000000000004,LANDING,-0.08097327695590174,0.02648543054380758,0.48046519530978143,-0.08097327695590174,0.02648543054380758,0.0,0.48046519530978143,0.004939818159818748
33.232,LANDING,-0.07889345371957703,0.026056059034937254,0.47842839143518295,-0.07889345371957703,0.026056059034937254,0.0,0.47842839143518295,0.004965923609504781
33.24,LANDING,-0.0768365532120323,0.025635650559413574,0.4763024904266402,-0.0768365532120323,0.025635650559413574,0.0,0.4763024904266402,0.004988239460322163
33.248,LANDING,-0.07480341536198333,0.025224047029997,0.4740903373216451,-0.07480341536198333,0.025224047029997,0.0,0.4740903373216451,0.005007193859379169
33.256,LANDING,-0.07279478376086716,0.02482109177437582,0.47179473690441853,-0.07279478376086716,0.02482109177437582,0.0,0.47179473690441853,0.005023171446537119
33.264,LANDING,-0.0708113131544303,0.02442663004377683,0.4694184536778904,-0.0708113131544303,0.02442663004377683,0.0,0.4694184536778904,0.005036511249936899
33.272,LANDING,-0.06885357619624705,0.02404050913660985,0.46696421180929265,-0.06885357619624705,0.02404050913660985,0.0,0.46696421180929265,0.005047511285785899
33.28,LANDING,-0.06692206951528862,0.023662578355631892,0.46443469506186386,-0.06692206951528862,0.023662578355631892,0.0,0.46443469506186386,0.0050564349665388345
33.288000000000004,LANDING,-0.06501721921400781,0.023292688919814706,0.4618325467196593,-0.06501721921400781,0.023292688919814706,0.0,0.4618325467196593,0.005063516745370392
33.296,LANDING,-0.06313938590813946,0.022930693886615654,0.4591603695104566,-0.06313938590813946,0.022930693886615654,0.0,0.4591603695104566,0.005068966520968548
33.304,LANDING,-0.06128886939210723,0.022576448101974265,0.4564207255311899,-0.06128886939210723,0.022576448101974265,0.0,0.4564207255311899,0.005072972896734705
33.312,LANDING,-0.05946591298642522,0.022229808176655444,0.45361613618013463,-0.05946591298642522,0.022229808176655444,0.0,0.45361613618013463,0.005075705629802111
33.32,LANDING,-0.05767070760330024,0.021890632480985987,0.45074908209975717,-0.05767070760330024,0.021890632480985987,0.0,0.45074908209975717,0.005077317561288417
33.328,LANDING,-0.055903395554313756,0.021558781149747457,0.44782200313365383,-0.055903395554313756,0.021558781149747457,0.0,0.44782200313365383,0.0050779462340272054
33.336,LANDING,-0.0541640741175864,0.021234116091145405,0.4448372983003963,-0.0541640741175864,0.021234116091145405,0.0,0.4448372983003963,0.0050777153168691455
33.344,LANDING,-0.05245279887893158,0.020916500996273596,0.4417973257864601,-0.05245279887893158,0.020916500996273596,0.0,0.4417973257864601,0.005076735894519873
33.352000000000004,LANDING,-0.0507695868603411,0.0206058013474226,0.4387044029598154,-0.0507695868603411,0.0206058013474226,0.0,0.4387044029598154,0.00507510764863901
33.36,LANDING,-0.049114419448645315,0.020301884424760712,0.43556080640523953,-0.049114419448645315,0.020301884424760712,0.0,0.43556080640523953,0.0050729199402959006
33.368,LANDING,-0.047487245136788384,0.020004619311474875,0.43236877198197493,-0.047487245136788384,0.020004619311474875,0.0,0.43236877198197493,0.005070252798423291
33.376,LANDING,-0.04588798208963729,0.019713876897622867,0.42913049490401023,-0.04588798208963729,0.019713876897622867,0.0,0.42913049490401023,0.0050671778190873465
33.384,LANDING,-0.04431652054561082,0.019429529882919277,0.42584812984298187,-0.04431652054561082,0.019429529882919277,0.0,0.42584812984298187,0.005063758981276826
33.392,LANDING,-0.0427727250647127,0.019151452778587784,0.4225237910534716,-0.0427727250647127,0.019151452778587784,0.0,0.4225237910534716,0.005060053385345291
33.4,LANDING,-0.041256436632818236,0.01887952190832546,0.41915955252030207,-0.041256436632818236,0.01887952190832546,0.0,0.41915955252030207,0.00505611192146262
33.408,LANDING,-0.03976747463138089,0.01861361540837351,0.4157574481272913,-0.03976747463138089,0.01861361540837351,0.0,0.4157574481272913,0.005051979874322916
33.416000000000004,LANDING,-0.038305638681067754,0.018353613226664067,0.4123194718468201,-0.038305638681067754,0.018353613226664067,0.0,0.4123194718468201,0.005047697470573227
33.424,LANDING,-0.036870710367243195,0.018099397121011145,0.40884757794948123,-0.036870710367243195,0.018099397121011145,0.0,0.40884757794948123,0.005043300374578705
33.432,LANDING,-0.035462454854684536,0.017850850656323507,0.40534368123301545,-0.035462454854684536,0.017850850656323507,0.0,0.40534368123301545,0.00503882013730176
33.44,LANDING,-0.034080622398411003,0.017607859200827768,0.4018096572696935,-0.034080622398411003,0.017607859200827768,0.0,0.4018096572696935,0.005034284602946978
33.448,LANDING,-0.03272494975705537,0.017370309921301563,0.39824734267127254,-0.03272494975705537,0.017370309921301563,0.0,0.39824734267127254,0.005029718277389649
33.456,LANDING,-0.03139516151479332,0.017138091777326545,0.3946585353706341,-0.03139516151479332,0.017138091777326545,0.0,0.3946585353706341,0.0050251426617105325
33.464,LANDING,-0.030090971317444946,0.016911095514575633,0.3910449949192043,-0.030090971317444946,0.016911095514575633,0.0,0.3910449949192043,0.005020576554431553
33.472,LANDING,-0.028812083028012813,0.016689213657155883,0.3874084427992538,-0.028812083028012813,0.016689213657155883,0.0,0.3874084427992538,0.005016036325062349
33.480000000000004,LANDING,-0.027558191806574848,0.01647234049903056,0.38375056275018277,-0.027558191806574848,0.01647234049903056,0.0,0.38375056275018277,0.0050115361617971135
33.488,LANDING,-0.026328985119140048,0.0162603720945476,0.38007300110790804,-0.026328985119140048,0.0162603720945476,0.0,0.38007300110790804,0.005007088295766076
33.496,LANDING,-0.025124143679787905,0.016053206248105117,0.3763773671564838,-0.025124143679787905,0.016053206248105117,0.0,0.3763773671564838,0.0050027032039184835
33.504,LANDING,-0.023943342330133736,0.015850742502985665,0.3726652334911088,-0.023943342330133736,0.015850742502985665,0.0,0.3726652334911088,0.0049983897925828975
33.512,LANDING,-0.022786250859911598,0.015652882129393392,0.3689381363916954,-0.022786250859911598,0.015652882129393392,0.0,0.3689381363916954,0.004994155563584778
33.52,LANDING,-0.021652534772235863,0.015459528111730615,0.3651975762061976,-0.021652534772235863,0.015459528111730615,0.0,0.3651975762061976,0.004990006764336736
33.528,LANDING,-0.02054185599687306,0.01527058513514994,0.36144501774292487,-0.02054185599687306,0.01527058513514994,0.0,0.36144501774292487,0.004985948523615648
33.536,LANDING,-0.019453873554660814,0.015085959571420712,0.3576818906710927,-0.019453873554660814,0.015085959571420712,0.0,0.3576818906710927,0.004981984974188223
33.544000000000004,LANDING,-0.01838824417601142,0.014905559464147757,0.3539095899288883,-0.01838824417601142,0.014905559464147757,0.0,0.3539095899288883,0.004978119363577372
33.552,LANDING,-0.017344622876260977,0.01472929451338106,0.35012947613836143,-0.017344622876260977,0.01472929451338106,0.0,0.35012947613836143,0.004974354154111291
33.56,LANDING,-0.01632266349046214,0.014557076059655737,0.34634287602647273,-0.01632266349046214,0.014557076059655737,0.0,0.34634287602647273,0.004970691113143968
33.568,LANDING,-0.015322019170055778,0.01438881706750039,0.3425510828516647,-0.015322019170055778,0.01438881706750039,0.0,0.3425510828516647,0.004967131394439362
33.576,LANDING,-0.014342342843712788,0.014224432108451892,0.33875535683534586,-0.014342342843712788,0.014224432108451892,0.0,0.33875535683534586,0.004963675611576132
33.584,LANDING,-0.013383287644504808,0.014063837343614813,0.3349569255977058,-0.013383287644504808,0.014063837343614813,0.0,0.3349569255977058,0.004960323903967815
33.592,LANDING,-0.01244450730542594,0.01390695050580165,0.331156984597306,-0.01244450730542594,0.01390695050580165,0.0,0.331156984597306,0.00495707599640489
33.6,LANDING,-0.011525656525176481,0.013753690881290612,0.3273566975739176,-0.011525656525176481,0.013753690881290612,0.0,0.3273566975739176,0.004953931252520638
33.608000000000004,LANDING,-0.010626391306000202,0.013603979291235744,0.3235571969941006,-0.010626391306000202,0.013603979291235744,0.0,0.3235571969941006,0.004950888722856279
33.616,LANDING,-0.009746369265263167,0.013457738072763467,0.31975958449904746,-0.009746369265263167,0.013457738072763467,0.0,0.31975958449904746,0.004947947188054515
33.624,LANDING,-0.008885249922366719,0.013314891059789141,0.31596493135423315,-0.008885249922366719,0.013314891059789141,0.0,0.31596493135423315,0.004945105197560635
33.632,LANDING,-0.00804269496248877,0.013175363563585275,0.3121742789004403,-0.00804269496248877,0.013175363563585275,0.0,0.3121742789004403,0.004942361104296971
33.64,LANDING,-0.007218368478562172,0.013039082353132123,0.308388639005749,-0.007218368478562172,0.013039082353132123,0.0,0.308388639005749,0.004939713095726459
33.648,LANDING,-0.006411937192820738,0.012905975635280878,0.30460899451810103,-0.006411937192820738,0.012905975635280878,0.0,0.30460899451810103,0.004937159221562576
33.656,LANDING,-0.00562307065915933,0.012775973034757263,0.3008362997180718,-0.00562307065915933,0.012775973034757263,0.0,0.3008362997180718,0.004934697418538252
33.664,LANDING,-0.00485144144748966,0.012649005574033393,0.29707148077149975,-0.00485144144748966,0.012649005574033393,0.0,0.29707148077149975,0.004932325532449624
33.672000000000004,LANDING,-0.00409672531119961,0.012525005653093614,0.2933154361816435,-0.00409672531119961,0.012525005653093614,0.0,0.2933154361816435,0.004930041337755043
33.68,LANDING,-0.0033586013387615597,0.01240390702911907,0.2895690372405566,-0.0033586013387615597,0.01240390702911907,0.0,0.2895690372405566,0.0049278425549986946
33.688,LANDING,-0.0026367520904781493,0.012285644796115111,0.28583312847938397,-0.0026367520904781493,0.012285644796115111,0.0,0.28583312847938397,0.004925726866206039
33.696,LANDING,-0.001930863721292537,0.01217015536450368,0.2821085281173034,-0.001930863721292537,0.01217015536450368,0.0,0.2821085281173034,0.004923691928498392
33.704,LANDING,-0.0012406260905384369,0.012057376440701918,0.278396028508851,-0.0012406260905384369,0.012057376440701918,0.0,0.278396028508851,0.0049217353861072365
33.712,LANDING,-0.000565732859458248,0.01194724700670765,0.27469639658938316,-0.000565732859458248,0.01194724700670765,0.0,0.27469639658938316,0.004919854880854258
33.72,LANDING,9.411842273586457e-05,0.01183970729971024,0.2710103743184456,9.411842273586457e-05,0.01183970729971024,0.0,0.2710103743184456,0.0049180480614383825
33.728,LANDING,0.0007392262435211284,0.01173469879174537,0.26733867912082954,0.0007392262435211284,0.01173469879174537,0.0,0.26733867912082954,0.004916312591398598
33.736000000000004,LANDING,0.001369885061753721,0.011632164169410352,0.26368200432511235,0.001369885061753721,0.011632164169410352,0.0,0.26368200432511235,0.004914646156133132
33.744,LANDING,0.0019863852517370416,0.011532047313655867,0.26004101959949105,0.0019863852517370416,0.011532047313655867,0.0,0.26004101959949105,0.004913046468849939
33.752,LANDING,0.002589013056051651,0.011434293279669445,0.256416371384729,0.002589013056051651,0.011434293279669445,0.0,0.256416371384729,0.00491151127576778
33.76,LANDING,0.003178050546569032,0.011338848276864372,0.25280868332404827,0.003178050546569032,0.011338848276864372,0.0,0.25280868332404827,0.004910038360462129
33.768,LANDING,0.003753775593103203,0.011245659648987058,0.24921855668981158,0.003753775593103203,0.011245659648987058,0.0,0.24921855668981158,0.00490862554757501
33.776,LANDING,0.004316461839182773,0.011154675854355426,0.2456465708068472,0.004316461839182773,0.011154675854355426,0.0,0.2456465708068472,0.004907270705860848
33.784,LANDING,0.00486637868446078,0.011065846446239196,0.24209328347228198,0.00486637868446078,0.011065846446239196,0.0,0.24209328347228198,0.004905971750723227
33.792,LANDING,0.005403791273302022,0.010979122053393022,0.23855923137175533,0.005403791273302022,0.010979122053393022,0.0,0.23855923137175533,0.004904726646256851
33.8,LANDING,0.005928960489118126,0.010894454360751971,0.23504493049189767,0.005928960489118126,0.010894454360751971,0.0,0.23504493049189767,0.00490353340680409
33.808,LANDING,0.006442142954044213,0.010811796090298274,0.23155087652896567,0.006442142954044213,0.010811796090298274,0.0,0.23155087652896567,0.004902390098190636
33.816,LANDING,0.0069435910335720556,0.010731100982107973,0.2280775452935332,0.0069435910335720556,0.010731100982107973,0.0,0.2280775452935332,0.004901294838588307
33.824,LANDING,0.007433552845781401,0.01065232377558464,0.2246253931111476,0.007433552845781401,0.01065232377558464,0.0,0.2246253931111476,0.004900245799045283
33.832,LANDING,0.007912272274827176,0.01057542019088749,0.22119485721886606,0.007912272274827176,0.01057542019088749,0.0,0.22119485721886606,0.004899241203798239
33.84,LANDING,0.008379988988363741,0.010500346910559987,0.21778635615759495,0.008379988988363741,0.010500346910559987,0.0,0.21778635615759495,0.004898279330314384
33.848,LANDING,0.008836938458604983,0.010427061561364607,0.21440029016016324,0.008836938458604983,0.010427061561364607,0.0,0.21440029016016324,0.00489735850913467
33.856,LANDING,0.009283351986734616,0.010355522696329207,0.21103704153506506,0.009283351986734616,0.010355522696329207,0.0,0.21103704153506506,0.0048964771235756365
33.864,LANDING,0.009719456730400743,0.010285689777009421,0.20769697504581466,0.009719456730400743,0.010285689777009421,0.0,0.20769697504581466,0.004895633609185285
33.872,LANDING,0.010145475734043462,0.010217523155971159,0.2043804382858631,0.010145475734043462,0.010217523155971159,0.0,0.2043804382858631,0.004894826453164349
33.88,LANDING,0.010561627961817125,0.01015098405949712,0.2010877620490297,0.010561627961817125,0.01015098405949712,0.0,0.2010877620490297,0.004894054193596623
33.888,LANDING,0.010968128332886748,0.010086034570520184,0.1978192606954093,0.010968128332886748,0.010086034570520184,0.0,0.1978192606954093,0.004893315418639507
33.896,LANDING,0.011365187758887318,0.010022637611786714,0.19457523251271966,0.011365187758887318,0.010022637611786714,0.0,0.19457523251271966,0.004892608765582235
33.904,LANDING,0.011753013183350307,0.009960756929251986,0.19135596007305822,0.011753013183350307,0.009960756929251986,0.0,0.19135596007305822,0.004891932919872425
33.912,LANDING,0.012131807622912775,0.009900357075709618,0.18816171058504422,0.012131807622912775,0.009900357075709618,0.0,0.18816171058504422,0.004891286614043166
33.92,LANDING,0.012501770210133866,0.009841403394656873,0.18499273624132334,0.012501770210133866,0.009841403394656873,0.0,0.18499273624132334,0.004890668626641095
33.928,LANDING,0.012863096237756645,0.009783862004396881,0.1818492745614189,0.012863096237756645,0.009783862004396881,0.0,0.1818492745614189,0.00489007778112032
33.936,LANDING,0.013215977204262421,0.00972769978237869,0.17873154872991656,0.013215977204262421,0.00972769978237869,0.0,0.17873154872991656,0.0048895129446157315
33.944,LANDING,0.013560600860572376,0.009672884349776036,0.1756397679299731,0.013560600860572376,0.009672884349776036,0.0,0.1756397679299731,0.004888973026839922
33.952,LANDING,0.013897151257763548,0.009619384056304857,0.17257412767214395,0.013897151257763548,0.009619384056304857,0.0,0.17257412767214395,0.004888456978876676
33.96,LANDING,0.01422580879567122,0.009567167965279936,0.16953481011852745,0.01422580879567122,0.009567167965279936,0.0,0.16953481011852745,0.004887963791933219
33.968,LANDING,0.014546750272260336,0.009516205838910323,0.1665219844022262,0.014546750272260336,0.009516205838910323,0.0,0.1665219844022262,0.004887492496206528
33.976,LANDING,0.014860148933655387,0.009466468123833118,0.163535806942131,0.014860148933655387,0.009466468123833118,0.0,0.163535806942131,0.0048870421596631155
33.984,LANDING,0.015166174524723864,0.00941792593688518,0.16057642175303305,0.015166174524723864,0.00941792593688518,0.0,0.16057642175303305,0.00488661188685974
33.992,LANDING,0.015464993340117276,0.009370551051111793,0.15764396075107517,0.015464993340117276,0.009370551051111793,0.0,0.15764396075107517,0.004886200817757078
34.0,LANDING,0.015756768275679345,0.00932431588201125,0.15473854405455426,0.015756768275679345,0.00932431588201125,0.0,0.15473854405455426,0.0048858081265502765
34.008,LANDING,0.016041658880135572,0.00927919347401435,0.15186028028008944,0.016041658880135572,0.00927919347401435,0.0,0.15186028028008944,0.004885433020560922
34.016,LANDING,0.016319821406986727,0.009235157487197217,0.14900926683417415,0.016319821406986727,0.009235157487197217,0.0,0.14900926683417415,0.004885074739059381
34.024,LANDING,0.016591408866531345,0.009192182184226155,0.14618559020013047,0.016591408866531345,0.009192182184226155,0.0,0.14618559020013047,0.004884732552159425
34.032000000000004,LANDING,0.016856571077949512,0.009150242417532766,0.14338932622048778,0.016856571077949512,0.009150242417532766,0.0,0.14338932622048778,0.004884405759811518
34.04,LANDING,0.017115454721384368,0.009109313616717513,0.14062054037480934,0.017115454721384368,0.009109313616717513,0.0,0.14062054037480934,0.0048840936906164
34.048,LANDING,0.017368203389961104,0.00906937177618,0.13787928805299177,0.017368203389961104,0.00906937177618,0.0,0.13787928805299177,0.004883795700944954
34.056,LANDING,0.017614957641689234,0.009030393442973838,0.1351656148240644,0.017614957641689234,0.009030393442973838,0.0,0.1351656148240644,0.004883511173718116
34.064,LANDING,0.017855855051197318,0.008992355704883942,0.13247955670051775,0.017855855051197318,0.008992355704883942,0.0,0.13247955670051775,0.0048832395176156545
34.072,LANDING,0.01809103026125195,0.008955236178724242,0.1298211403981904,0.01809103026125195,0.008955236178724242,0.0,0.1298211403981904,0.004882980165994355
34.08,LANDING,0.01832061503401861,0.00891901299885331,0.12719038359174675,0.01832061503401861,0.00891901299885331,0.0,0.12719038359174675,0.004882732576033819
34.088,LANDING,0.01854473830202295,0.00888366480590571,0.12458729516577818,0.01854473830202295,0.00888366480590571,0.0,0.12458729516577818,0.004882496227744785
34.096000000000004,LANDING,0.01876352621877618,0.00884917073573657,0.12201187546156152,0.01876352621877618,0.00884917073573657,0.0,0.12201187546156152,0.00488227062318903
34.104,LANDING,0.018977102209030473,0.008815510408576826,0.119464116519511,0.018977102209030473,0.008815510408576826,0.0,0.119464116519511,0.004882055285534657
34.112,LANDING,0.01918558701863239,0.008782663918396714,0.11694400231735955,0.01918558701863239,0.008782663918396714,0.0,0.11694400231735955,0.0048818497582655395
34.12,LANDING,0.019389098763946278,0.008750611822474857,0.11445150900410664,0.019389098763946278,0.008750611822474857,0.0,0.11445150900410664,0.004881653604387909
34.128,LANDING,0.01958775298082162,0.008719335131170222,0.11198660512977208,0.01958775298082162,0.008719335131170222,0.0,0.11198660512977208,0.004881466405743851
34.136,LANDING,0.01978166267307976,0.008688815297894443,0.10954925187099376,0.01978166267307976,0.008688815297894443,0.0,0.10954925187099376,0.004881287761967808
34.144,LANDING,0.019970938360499475,0.008659034209281631,0.10713940325251041,0.019970938360499475,0.008659034209281631,0.0,0.10713940325251041,0.004881117290113688
34.152,LANDING,0.020155688126280852,0.008629974175553064,0.10475700636456962,0.020155688126280852,0.008629974175553064,0.0,0.10475700636456962,0.004880954623796672
34.160000000000004,LANDING,0.020336017663970616,0.008601617921073907,0.1024020015763025,0.020336017663970616,0.008601617921073907,0.0,0.1024020015763025,0.004880799412473415
34.168,LANDING,0.020512030323833245,0.008573948575099202,0.10007432274510739,0.020512030323833245,0.008573948575099202,0.0,0.10007432274510739,0.004880651320925402
34.176,LANDING,0.020683827158653266,0.008546949662706384,0.09777389742208507,0.020683827158653266,0.008546949662706384,0.0,0.09777389742208507,0.004880510028452575
34.184,LANDING,0.020851506968956875,0.008520605095911475,0.0955006470535682,0.020851506968956875,0.008520605095911475,0.0,0.0955006470535682,0.004880375228513299
34.192,LANDING,0.021015166347642198,0.008494899164966109,0.09325448717878923,0.021015166347642198,0.008494899164966109,0.0,0.09325448717878923,0.004880246627889054
34.2,LANDING,0.021174899724008087,0.008469816529832676,0.09103532762372997,0.021174899724008087,0.008469816529832676,0.0,0.09103532762372997,0.004880123946276554
34.208,LANDING,0.02133079940717422,0.008445342211834662,0.08884307269119772,0.02133079940717422,0.008445342211834662,0.0,0.08884307269119772,0.004880006915709824
34.216,LANDING,0.02148295562888494,0.008421461585479453,0.0866776213471722,0.02148295562888494,0.008421461585479453,0.0,0.0866776213471722,0.004879895280037075
34.224000000000004,LANDING,0.021631456585691634,0.008398160370450748,0.08453886740346801,0.021631456585691634,0.008398160370450748,0.0,0.08453886740346801,0.004879788794411289
34.232,LANDING,0.021776388480509213,0.008375424623767768,0.08242669969675816,0.021776388480509213,0.008375424623767768,0.0,0.08242669969675816,0.0048796872248932305
34.24,LANDING,0.021917835563542622,0.008353240732108538,0.0803410022640035,0.021917835563542622,0.008353240732108538,0.0,0.0803410022640035,0.004879590347865789
34.248,LANDING,0.022055880172581244,0.008331595404294422,0.07828165451433339,0.022055880172581244,0.008331595404294422,0.0,0.07828165451433339,0.00487949794965865
34.256,LANDING,0.02219060277265964,0.008310475663933099,0.07624853139742362,0.02219060277265964,0.008310475663933099,0.0,0.07624853139742362,0.004879409826137619
34.264,LANDING,0.022322081995083214,0.008289868842217359,0.07424150356841637,0.022322081995083214,0.008289868842217359,0.0,0.07424150356841637,0.004879325782250599
34.272,LANDING,0.022450394675819437,0.008269762570876842,0.07226043754942867,0.022450394675819437,0.008269762570876842,0.0,0.07226043754942867,0.004879245631641601
34.28,LANDING,0.022575615893254682,0.008250144775280145,0.07030519588769424,0.022575615893254682,0.008250144775280145,0.0,0.07030519588769424,0.004879169196319393
34.288000000000004,LANDING,0.02269781900531834,0.008231003667684521,0.06837563731038465,0.02269781900531834,0.008231003667684521,0.0,0.06837563731038465,0.004879096306331397
34.296,LANDING,0.0228170756859763,0.008212327740630522,0.06647161687615549,0.0228170756859763,0.008212327740630522,0.0,0.06647161687615549,0.004879026799231509
34.304,LANDING,0.022933455961095823,0.00819410576047899,0.06459298612346273,0.022933455961095823,0.00819410576047899,0.0,0.06459298612346273,0.004878960519956532
34.312,LANDING,0.023047028243685288,0.008176326761087739,0.06273959321569467,0.023047028243685288,0.008176326761087739,0.0,0.06273959321569467,0.0048788973204073275
34.32,LANDING,0.023157859368512394,0.008158980037625312,0.06091128308316515,0.023157859368512394,0.008158980037625312,0.0,0.06091128308316515,0.004878837059147593
34.328,LANDING,0.023266014626104402,0.008142055140519347,0.05910789756201249,0.023266014626104402,0.008142055140519347,0.0,0.05910789756201249,0.0048787796010904645
34.336,LANDING,0.023371557796135412,0.0081255418695369,0.057329275530049774,0.023371557796135412,0.0081255418695369,0.0,0.057329275530049774,0.004878724817384863
34.344,LANDING,0.023474551180204962,0.008109430267994325,0.055575253039610806,0.023474551180204962,0.008109430267994325,0.0,0.055575253039610806,0.004878672584893252
34.352000000000004,LANDING,0.023575055634013447,0.00809371061709417,0.053845663447436326,0.023575055634013447,0.00809371061709417,0.0,0.053845663447436326,0.004878622785967453
34.36,LANDING,0.02367313059893992,0.008078373430386641,0.0521403375416452,0.02367313059893992,0.008078373430386641,0.0,0.0521403375416452,0.004878575308555043
34.368,LANDING,0.023768834133027637,0.008063409448353275,0.05045910366583434,0.023768834133027637,0.008063409448353275,0.0,0.05045910366583434,0.004878530045456535
34.376,STOP,0.023862222941383772,0.008048809633110394,0.04880178784035111,0.023862222941383772,0.008048809633110394,0.0,0.04880178784035111,0.004878486894495995
34.384,STOP,0.02395335240599958,0.00803456516322998,0.04716821388078243,0.023862222941383772,0.008048809633110394,0.0,0.04716830406308328,0.004878445758083034
