t	x	y	z	roll	pitch	yaw	g_x	g_y	g_z	thrust	eso_x	eso_y	eso_z	dist_x	dist_y	dist_z
0.016	-0.061	0.086	0.001	-2.01	2.49	3.19	-0.13	-0.15	0.25	0	-0.061	0.086	0.001	-0.000	0.000	0.000
0.030	-0.060	0.080	0.001	-1.73	2.48	3.19	0.17	-0.20	-0.22	0	-0.061	0.085	-0.000	0.000	-0.000	0.000
0.038	-0.059	0.077	0.000	-1.61	2.45	3.18	0.19	-0.14	0.08	0	-0.061	0.084	-0.002	0.000	-0.001	0.000
0.050	-0.059	0.078	0.000	-1.70	2.40	3.17	-0.18	0.03	0.12	0	-0.060	0.083	-0.004	0.000	-0.001	0.001
0.059	-0.060	0.077	0.000	-1.68	2.48	3.18	-0.07	0.11	0.18	0	-0.060	0.083	-0.006	0.000	-0.001	0.001
0.066	-0.060	0.077	0.000	-1.68	2.47	3.17	-0.04	-0.01	0.11	0	-0.060	0.082	-0.009	0.000	-0.001	0.002
0.077	-0.060	0.077	0.001	-1.73	2.47	3.17	0.25	0.12	-0.15	0	-0.060	0.081	-0.013	0.000	-0.002	0.003
0.089	-0.059	0.077	0.000	-1.71	2.41	3.16	-0.04	-0.07	0.26	0	-0.060	0.081	-0.016	0.000	-0.002	0.004
0.100	-0.060	0.077	0.000	-1.77	2.47	3.17	-0.26	-0.06	0.06	0	-0.060	0.080	-0.020	0.000	-0.002	0.006
0.108	-0.059	0.077	0.000	-1.76	2.43	3.16	0.06	0.11	-0.00	0	-0.060	0.080	-0.024	0.000	-0.002	0.007
0.120	-0.059	0.077	0.000	-1.76	2.43	3.16	0.17	0.15	0.06	0	-0.060	0.079	-0.028	0.000	-0.002	0.010
0.129	-0.060	0.077	0.000	-1.78	2.47	3.16	-0.04	-0.14	-0.04	0	-0.060	0.079	-0.032	0.000	-0.002	0.012
0.136	-0.058	0.076	0.000	-1.78	2.39	3.15	0.04	0.13	0.16	0	-0.060	0.078	-0.036	0.000	-0.002	0.015
0.149	-0.060	0.077	0.000	-1.84	2.48	3.15	0.04	0.21	0.40	0	-0.060	0.078	-0.040	0.000	-0.003	0.018
0.159	-0.060	0.077	0.000	-1.83	2.48	3.15	-0.06	-0.27	0.15	0	-0.060	0.078	-0.044	0.000	-0.003	0.021
0.170	-0.059	0.076	0.000	-1.81	2.44	3.14	0.13	0.35	-0.17	0	-0.060	0.078	-0.049	0.000	-0.003	0.025
0.180	-0.059	0.080	0.000	-2.01	2.40	3.13	0.14	-0.05	0.16	0	-0.060	0.078	-0.053	0.000	-0.003	0.029
0.189	-0.060	0.086	0.000	-2.25	2.43	3.12	0.03	0.05	0.05	0	-0.060	0.079	-0.057	0.000	-0.002	0.033
0.198	-0.060	0.086	0.000	-2.25	2.43	3.12	0.08	0.14	-0.09	0	-0.060	0.080	-0.062	0.000	-0.002	0.038
0.210	-0.061	0.087	0.000	-2.29	2.47	3.12	0.19	-0.05	0.11	0	-0.060	0.080	-0.066	0.000	-0.002	0.043
0.217	-0.061	0.086	0.000	-2.25	2.47	3.12	0.15	0.25	-0.05	0	-0.060	0.081	-0.070	0.000	-0.001	0.048
0.229	-0.060	0.086	0.000	-2.22	2.44	3.12	0.18	-0.20	-0.05	0	-0.060	0.082	-0.075	0.000	-0.001	0.054
0.239	-0.060	0.086	0.000	-2.21	2.43	3.11	-0.04	0.04	-0.12	0	-0.060	0.082	-0.079	0.000	-0.001	0.060
0.248	-0.061	0.087	0.000	-2.25	2.47	3.11	0.14	0.00	-0.06	0	-0.060	0.083	-0.083	0.000	-0.001	0.066
0.259	-0.061	0.086	0.000	-2.19	2.47	3.11	0.14	-0.17	0.15	0	-0.060	0.083	-0.087	0.000	-0.001	0.073
0.269	-0.059	0.089	0.000	-2.32	2.40	3.10	0.10	0.08	0.04	0	-0.060	0.084	-0.091	0.000	-0.000	0.080
0.280	-0.059	0.088	0.000	-2.25	2.39	3.10	0.01	0.07	0.12	0	-0.060	0.084	-0.095	0.000	-0.000	0.087
0.289	-0.058	0.089	0.000	-2.28	2.36	3.09	0.24	0.03	-0.20	0	-0.060	0.085	-0.099	0.000	0.000	0.095
0.296	-0.059	0.089	0.000	-2.26	2.40	3.09	0.12	0.04	0.07	0	-0.060	0.085	-0.103	0.000	0.000	0.103
0.309	-0.059	0.090	0.000	-2.28	2.40	3.08	0.14	0.21	0.15	0	-0.059	0.086	-0.107	0.000	0.001	0.111
0.320	-0.058	0.090	0.000	-2.26	2.37	3.08	-0.13	-0.22	-0.17	0	-0.059	0.086	-0.111	0.000	0.001	0.119
0.329	-0.059	0.089	0.000	-2.21	2.39	3.08	-0.10	0.09	0.05	0	-0.059	0.087	-0.115	0.001	0.001	0.128
0.340	-0.060	0.089	0.000	-2.20	2.46	3.08	-0.03	0.05	0.01	0	-0.059	0.087	-0.119	0.000	0.001	0.137
0.350	-0.059	0.093	0.000	-2.39	2.40	3.06	0.14	-0.07	0.07	0	-0.059	0.088	-0.123	0.000	0.001	0.146
0.359	-0.059	0.091	0.000	-2.28	2.41	3.07	0.12	0.02	-0.05	0	-0.059	0.088	-0.127	0.000	0.001	0.156
0.369	-0.061	0.094	0.000	-2.39	2.48	3.05	0.20	0.32	0.16	0	-0.059	0.089	-0.130	0.000	0.002	0.166
0.376	-0.061	0.094	0.000	-2.35	2.47	3.05	0.06	0.01	0.10	0	-0.060	0.090	-0.134	0.000	0.002	0.176
0.386	-0.060	0.094	0.000	-2.32	2.44	3.05	-0.01	-0.07	-0.17	0	-0.060	0.090	-0.137	0.000	0.002	0.187
0.399	-0.059	0.093	0.000	-2.24	2.40	3.06	-0.06	0.04	0.15	0	-0.060	0.091	-0.141	0.000	0.002	0.197
0.411	-0.060	0.094	0.000	-2.28	2.45	3.05	-0.02	0.05	-0.02	0	-0.060	0.091	-0.145	0.000	0.002	0.208
0.419	-0.060	0.094	0.000	-2.27	2.44	3.04	-0.03	-0.23	-0.11	0	-0.060	0.092	-0.148	0.000	0.002	0.219
0.426	-0.060	0.094	0.000	-2.27	2.45	3.04	-0.13	-0.20	-0.03	0	-0.060	0.092	-0.151	0.000	0.002	0.231
0.437	-0.061	0.094	0.000	-2.23	2.48	3.04	0.01	-0.12	0.17	0	-0.060	0.092	-0.155	0.000	0.002	0.243
0.449	-0.060	0.094	0.000	-2.20	2.44	3.04	-0.02	0.35	0.24	0	-0.060	0.093	-0.158	0.000	0.003	0.255
0.460	-0.061	0.094	0.000	-2.22	2.47	3.03	0.04	0.21	0.30	0	-0.060	0.093	-0.161	0.000	0.003	0.267
0.468	-0.061	0.095	0.000	-2.22	2.47	3.03	0.07	-0.20	-0.02	0	-0.060	0.093	-0.165	0.000	0.003	0.279
0.477	-0.060	0.093	0.000	-2.13	2.44	3.04	-0.07	0.08	-0.16	0	-0.060	0.093	-0.168	0.000	0.003	0.292
0.488	-0.061	0.092	0.000	-2.06	2.47	3.03	0.05	-0.12	0.09	0	-0.060	0.093	-0.171	0.000	0.003	0.305
0.499	-0.060	0.094	0.000	-2.15	2.43	3.03	-0.08	0.15	0.28	0	-0.060	0.093	-0.174	0.000	0.003	0.318
0.512	-0.061	0.095	0.000	-2.16	2.47	3.02	0.35	0.18	-0.06	0	-0.060	0.094	-0.177	0.000	0.003	0.332
0.518	-0.060	0.095	0.000	-2.15	2.42	3.02	-0.04	0.19	0.06	0	-0.060	0.094	-0.180	0.000	0.003	0.346
0.529	-0.059	0.096	0.000	-2.19	2.40	3.02	0.02	0.00	0.06	0	-0.060	0.094	-0.183	0.000	0.003	0.360
0.540	-0.061	0.094	0.000	-2.10	2.47	3.01	0.11	0.26	0.13	0	-0.060	0.094	-0.186	0.000	0.003	0.374
0.549	-0.060	0.095	0.000	-2.10	2.42	3.02	0.22	0.24	0.04	0	-0.060	0.094	-0.189	0.000	0.003	0.388
0.559	-0.061	0.095	0.000	-2.09	2.47	3.01	0.18	-0.02	0.04	0	-0.060	0.095	-0.192	0.000	0.003	0.403
0.568	-0.061	0.095	0.000	-2.09	2.47	3.01	-0.03	-0.02	-0.05	0	-0.060	0.095	-0.195	0.000	0.003	0.417
0.579	-0.060	0.093	0.000	-2.00	2.41	3.01	-0.05	-0.09	0.11	0	-0.060	0.095	-0.198	0.000	0.003	0.432
0.589	-0.061	0.095	0.000	-2.06	2.47	3.00	0.00	-0.12	-0.06	0	-0.060	0.095	-0.200	0.000	0.003	0.448
0.600	-0.060	0.095	0.000	-2.06	2.42	3.00	-0.12	0.03	-0.08	0	-0.060	0.095	-0.203	0.000	0.003	0.463
0.610	-0.061	0.094	0.000	-2.00	2.47	3.00	-0.04	-0.08	0.02	0	-0.060	0.095	-0.206	0.000	0.003	0.479
0.618	-0.060	0.101	0.000	-2.29	2.42	2.98	-0.08	-0.09	0.02	0	-0.060	0.096	-0.208	0.000	0.003	0.494
0.629	-0.060	0.102	0.000	-2.31	2.41	2.97	0.06	-0.07	0.20	0	-0.060	0.096	-0.211	0.000	0.003	0.510
0.639	-0.061	0.103	0.000	-2.35	2.45	2.97	0.23	0.25	0.06	0	-0.060	0.097	-0.213	0.000	0.004	0.527
0.650	-0.061	0.103	0.000	-2.33	2.47	2.96	0.21	-0.02	-0.23	0	-0.061	0.098	-0.216	0.000	0.004	0.543
0.659	-0.061	0.104	0.000	-2.35	2.46	2.96	-0.02	0.12	-0.01	0	-0.061	0.099	-0.218	0.000	0.004	0.560
0.668	-0.062	0.105	0.000	-2.34	2.46	2.96	-0.04	-0.06	-0.11	0	-0.061	0.100	-0.221	-0.000	0.004	0.576
0.678	-0.061	0.104	0.000	-2.27	2.46	2.96	-0.35	-0.14	0.14	0	-0.061	0.101	-0.223	-0.000	0.004	0.593
0.690	-0.061	0.103	0.000	-2.20	2.43	2.96	0.13	-0.05	0.17	0	-0.061	0.101	-0.226	-0.000	0.005	0.610
0.699	-0.060	0.103	0.000	-2.19	2.42	2.96	-0.02	0.00	0.20	0	-0.061	0.101	-0.228	-0.000	0.005	0.628
0.710	-0.060	0.103	0.000	-2.15	2.41	2.96	0.15	0.04	0.19	0	-0.061	0.102	-0.230	-0.000	0.005	0.645
0.719	-0.060	0.103	0.000	-2.13	2.42	2.96	0.03	-0.02	-0.15	0	-0.061	0.102	-0.233	0.000	0.005	0.663
0.728	-0.061	0.103	0.000	-2.13	2.45	2.95	-0.03	0.12	0.12	0	-0.061	0.102	-0.235	0.000	0.005	0.681
0.738	-0.060	0.103	0.000	-2.11	2.40	2.95	0.02	0.05	-0.02	0	-0.061	0.103	-0.237	0.000	0.005	0.699
0.749	-0.061	0.104	0.000	-2.13	2.43	2.95	-0.05	-0.08	0.12	0	-0.061	0.103	-0.239	0.000	0.005	0.717
0.759	-0.061	0.104	0.000	-2.13	2.43	2.94	0.05	0.02	-0.04	0	-0.061	0.103	-0.241	0.000	0.005	0.735
0.769	-0.061	0.104	0.000	-2.09	2.47	2.94	0.21	0.11	-0.13	0	-0.061	0.104	-0.243	0.000	0.005	0.754
0.778	-0.062	0.104	0.000	-2.07	2.47	2.94	0.17	-0.15	0.23	0	-0.061	0.104	-0.245	-0.000	0.005	0.772
0.790	-0.061	0.104	0.000	-2.06	2.44	2.94	0.12	0.06	0.02	0	-0.061	0.104	-0.247	-0.000	0.005	0.791
0.798	-0.060	0.112	0.000	-2.39	2.36	2.91	-0.08	-0.11	0.02	0	-0.061	0.105	-0.249	0.000	0.005	0.810
0.807	-0.060	0.113	0.000	-2.38	2.37	2.91	-0.06	0.19	-0.09	0	-0.061	0.106	-0.251	0.000	0.006	0.829
0.819	-0.058	0.112	0.000	-2.31	2.33	2.92	0.07	0.00	0.04	0	-0.060	0.107	-0.253	0.000	0.006	0.848
0.828	-0.059	0.113	0.000	-2.34	2.33	2.91	-0.23	-0.22	0.09	0	-0.060	0.108	-0.255	0.000	0.006	0.868
0.840	-0.062	0.122	-0.000	-2.70	2.47	2.87	0.17	0.08	0.12	0	-0.060	0.110	-0.257	0.000	0.007	0.887
0.847	-0.062	0.123	-0.000	-2.69	2.48	2.87	0.15	-0.28	-0.15	0	-0.061	0.112	-0.259	0.000	0.007	0.907
0.857	-0.063	0.124	-0.001	-2.70	2.52	2.86	0.23	0.03	0.06	0	-0.061	0.114	-0.261	0.000	0.008	0.927
0.869	-0.063	0.123	-0.000	-2.58	2.52	2.86	0.03	-0.07	0.04	0	-0.061	0.115	-0.263	-0.000	0.008	0.947
0.879	-0.064	0.125	-0.000	-2.61	2.56	2.86	-0.06	-0.03	0.05	0	-0.062	0.116	-0.265	-0.000	0.009	0.967
0.887	-0.062	0.123	0.000	-2.48	2.47	2.87	-0.07	0.05	0.01	0	-0.062	0.118	-0.266	-0.000	0.009	0.987
0.897	-0.064	0.124	0.000	-2.51	2.52	2.86	-0.04	-0.10	-0.03	0	-0.062	0.119	-0.268	-0.000	0.009	1.007
0.909	-0.064	0.124	0.000	-2.44	2.51	2.86	0.01	-0.00	0.04	0	-0.062	0.120	-0.269	-0.000	0.009	1.028
0.923	-0.064	0.124	0.000	-2.42	2.51	2.86	-0.02	0.10	-0.04	0	-0.062	0.121	-0.271	-0.000	0.010	1.048
0.929	-0.062	0.122	0.001	-2.26	2.45	2.88	-0.16	-0.46	-0.09	0	-0.062	0.121	-0.272	-0.000	0.010	1.069
0.939	-0.063	0.125	0.000	-2.35	2.48	2.86	0.05	-0.07	-0.02	0	-0.063	0.122	-0.274	-0.000	0.010	1.090
0.948	-0.064	0.124	0.001	-2.27	2.50	2.86	0.13	-0.19	-0.08	0	-0.063	0.122	-0.275	-0.001	0.010	1.111
0.959	-0.063	0.124	0.001	-2.23	2.46	2.87	0.08	0.15	-0.12	0	-0.063	0.123	-0.277	-0.001	0.010	1.132
0.965	-0.064	0.125	0.000	-2.24	2.53	2.86	-0.01	0.08	0.15	0	-0.063	0.123	-0.278	-0.001	0.010	1.153
0.979	-0.064	0.128	0.000	-2.36	2.50	2.85	-0.06	-0.03	-0.00	0	-0.063	0.124	-0.280	-0.001	0.010	1.174
0.987	-0.064	0.125	0.001	-2.19	2.49	2.86	0.09	-0.08	0.03	0	-0.063	0.125	-0.281	-0.001	0.010	1.195
0.999	-0.064	0.125	0.001	-2.16	2.52	2.85	-0.03	-0.04	-0.05	0	-0.063	0.125	-0.282	-0.001	0.010	1.217
1.009	-0.064	0.126	0.001	-2.16	2.51	2.85	0.07	-0.02	0.07	0	-0.063	0.126	-0.284	-0.001	0.010	1.239
1.019	-0.064	0.125	0.001	-2.12	2.51	2.85	-0.27	-0.12	-0.07	0	-0.064	0.126	-0.285	-0.001	0.010	1.260
1.030	-0.064	0.125	0.001	-2.05	2.50	2.85	0.06	0.04	0.01	0	-0.064	0.126	-0.286	-0.001	0.010	1.282
1.037	-0.064	0.125	0.001	-2.03	2.47	2.85	-0.01	0.12	0.19	0	-0.064	0.126	-0.288	-0.001	0.010	1.304
1.048	-0.063	0.124	0.001	-1.97	2.45	2.85	0.07	0.09	0.05	0	-0.064	0.126	-0.289	-0.001	0.010	1.326
1.059	-0.063	0.126	0.001	-2.03	2.44	2.85	0.10	0.18	0.06	0	-0.064	0.126	-0.290	-0.001	0.010	1.348
1.069	-0.063	0.124	0.001	-1.93	2.45	2.85	0.12	-0.02	-0.07	0	-0.064	0.126	-0.291	-0.001	0.010	1.370
1.079	-0.063	0.124	0.001	-1.92	2.46	2.85	-0.22	-0.08	-0.01	0	-0.064	0.127	-0.292	-0.001	0.010	1.392
1.089	-0.064	0.125	0.001	-1.97	2.50	2.84	0.16	-0.03	0.27	0	-0.064	0.127	-0.294	-0.001	0.010	1.415
1.099	-0.064	0.124	0.001	-1.88	2.49	2.84	0.17	-0.08	-0.09	0	-0.064	0.127	-0.295	-0.001	0.009	1.437
1.109	-0.064	0.125	0.001	-1.93	2.49	2.84	-0.01	0.07	0.09	0	-0.064	0.127	-0.296	-0.001	0.009	1.459
1.117	-0.064	0.125	0.001	-1.89	2.48	2.84	-0.06	0.34	0.13	0	-0.064	0.127	-0.297	-0.001	0.009	1.482
1.129	-0.064	0.124	0.001	-1.83	2.47	2.84	-0.14	-0.02	0.07	0	-0.064	0.127	-0.298	-0.001	0.009	1.505
1.139	-0.064	0.124	0.001	-1.84	2.45	2.83	0.10	0.01	0.04	0	-0.064	0.127	-0.299	-0.001	0.009	1.527
1.149	-0.063	0.125	0.000	-1.85	2.40	2.83	0.01	-0.09	0.04	0	-0.064	0.127	-0.300	-0.001	0.009	1.550
1.160	-0.063	0.124	0.000	-1.80	2.44	2.83	0.10	0.06	-0.01	0	-0.064	0.127	-0.301	-0.001	0.009	1.573
1.165	-0.063	0.125	0.000	-1.81	2.44	2.83	0.16	-0.14	-0.12	0	-0.064	0.127	-0.302	-0.001	0.009	1.596
1.180	-0.063	0.124	0.001	-1.79	2.44	2.83	-0.02	0.18	-0.15	0	-0.064	0.127	-0.303	-0.001	0.008	1.619
1.188	-0.064	0.124	0.000	-1.78	2.48	2.83	-0.17	0.31	-0.10	0	-0.064	0.127	-0.304	-0.001	0.008	1.642
1.198	-0.064	0.125	0.000	-1.79	2.47	2.82	-0.22	0.10	0.09	0	-0.064	0.127	-0.305	-0.001	0.008	1.665
1.207	-0.064	0.125	0.000	-1.78	2.47	2.82	0.06	-0.05	0.16	0	-0.064	0.127	-0.306	-0.001	0.008	1.689
1.219	-0.064	0.124	0.000	-1.74	2.47	2.82	0.26	-0.41	-0.10	0	-0.064	0.127	-0.307	-0.001	0.008	1.712
1.230	-0.064	0.126	0.000	-1.80	2.47	2.81	0.55	-0.38	0.13	0	-0.064	0.127	-0.307	-0.001	0.008	1.735
1.238	0.000	0.000	0.000	0.00	0.00	0.00	0.05	0.00	0.18	0	-0.057	0.112	-0.308	0.002	0.002	1.759
1.248	0.000	0.000	3.579	-0.08	-0.02	0.00	-0.16	-0.42	-0.11	0	-0.050	0.098	0.286	0.005	-0.003	2.008
1.259	0.000	0.000	3.579	-0.08	-0.02	0.00	-0.35	0.47	-0.07	0	-0.044	0.086	0.786	0.007	-0.007	2.220
1.269	0.000	0.000	3.578	-0.08	-0.02	-0.00	0.09	0.07	0.20	0	-0.038	0.075	1.208	0.009	-0.011	2.400
1.279	0.000	0.001	0.000	-0.16	0.11	0.00	0.15	0.28	0.03	0	-0.034	0.066	0.969	0.011	-0.014	2.327
1.288	0.000	0.001	0.000	-0.20	0.13	0.00	0.35	0.02	0.01	0	-0.029	0.058	0.766	0.012	-0.017	2.268
1.298	0.000	0.001	0.000	-0.01	0.19	-0.00	-0.00	-0.29	-0.04	0	-0.026	0.050	0.596	0.014	-0.020	2.223
1.308	-0.000	0.001	0.000	-0.13	0.37	-0.00	0.08	-0.30	0.09	0	-0.022	0.043	0.452	0.015	-0.022	2.189
1.319	0.001	0.000	0.000	0.16	0.08	-0.00	0.15	0.01	-0.13	0	-0.019	0.038	0.331	0.016	-0.024	2.164
1.331	0.001	0.000	0.000	0.22	0.10	-0.00	0.13	0.23	-0.05	0	-0.016	0.032	0.228	0.017	-0.025	2.146
1.339	0.000	0.001	0.000	-0.01	0.44	-0.00	-0.12	0.25	0.19	0	-0.014	0.028	0.142	0.017	-0.027	2.136
1.348	0.001	0.001	0.000	-0.14	0.50	-0.00	-0.30	0.05	-0.03	0	-0.012	0.023	0.069	0.018	-0.028	2.131
1.360	0.001	0.001	0.000	-0.22	0.27	-0.00	-0.14	0.00	0.10	0	-0.010	0.020	0.007	0.019	-0.029	2.130
1.365	0.001	0.001	0.000	-0.21	0.61	-0.00	-0.01	-0.33	0.18	0	-0.008	0.017	-0.045	0.019	-0.030	2.133
1.375	0.001	0.000	0.000	-0.21	0.61	-0.00	0.06	-0.39	-0.06	0	-0.007	0.014	-0.089	0.019	-0.030	2.140
1.389	0.002	0.000	0.000	-0.26	0.48	-0.00	0.18	-0.03	0.11	0	-0.005	0.011	-0.126	0.020	-0.031	2.150
1.398	0.002	-0.000	0.000	-0.10	0.54	-0.00	-0.03	0.02	0.18	0	-0.004	0.009	-0.157	0.020	-0.031	2.162
1.408	0.001	0.001	0.000	-0.56	0.92	0.00	-0.15	-0.23	-0.13	0	-0.003	0.007	-0.184	0.020	-0.032	2.176
1.418	0.002	0.001	0.000	-0.56	0.92	0.00	-0.23	0.05	-0.10	0	-0.002	0.005	-0.206	0.021	-0.032	2.191
1.429	0.001	0.002	0.000	-0.94	1.24	0.01	0.24	0.04	-0.09	0	-0.001	0.004	-0.225	0.021	-0.032	2.208
1.439	0.001	0.001	0.000	-0.79	1.30	0.01	0.17	0.12	0.04	0	-0.000	0.003	-0.241	0.021	-0.032	2.227
1.448	0.002	0.001	0.000	-0.78	1.05	0.01	0.09	-0.13	-0.07	0	0.000	0.002	-0.255	0.021	-0.032	2.246
1.458	0.002	0.000	0.000	-0.56	1.03	0.00	0.14	0.11	0.05	0	0.001	0.000	-0.266	0.021	-0.032	2.266
1.468	0.003	-0.001	0.000	-0.48	1.08	0.00	0.06	-0.11	0.11	0	0.002	-0.001	-0.276	0.021	-0.032	2.287
1.479	0.001	0.000	0.000	-0.75	1.59	0.01	-0.07	0.07	-0.01	0	0.002	-0.002	-0.284	0.021	-0.032	2.309
1.489	0.001	0.002	0.000	-1.03	1.45	0.01	-0.00	0.07	0.04	0	0.002	-0.002	-0.291	0.021	-0.032	2.331
1.498	0.002	0.006	0.000	-1.97	1.29	0.03	0.11	0.05	0.23	0	0.003	-0.002	-0.297	0.021	-0.031	2.353
1.508	0.001	0.004	0.000	-1.53	1.58	0.03	0.11	0.19	0.12	0	0.003	-0.002	-0.302	0.021	-0.031	2.376
1.515	-0.002	0.002	0.001	-1.07	2.19	0.01	-0.02	-0.17	0.08	0	0.003	-0.003	-0.306	0.020	-0.031	2.399
1.529	-0.002	0.001	0.001	-0.90	2.18	0.01	0.15	-0.28	-0.01	0	0.003	-0.003	-0.310	0.020	-0.031	2.423
1.539	-0.002	0.001	0.000	-1.06	2.26	0.01	0.04	-0.24	-0.02	0	0.003	-0.003	-0.313	0.020	-0.030	2.447
1.548	-0.003	0.001	0.000	-1.06	2.36	0.01	0.07	0.04	-0.10	0	0.003	-0.004	-0.315	0.019	-0.030	2.471
1.556	-0.003	0.002	0.000	-1.20	2.34	0.02	-0.01	-0.18	0.09	0	0.003	-0.004	-0.317	0.019	-0.030	2.495
1.568	-0.002	0.002	0.000	-1.19	2.22	0.02	-0.20	0.03	0.07	0	0.003	-0.004	-0.319	0.019	-0.030	2.519
1.578	-0.002	0.001	0.000	-1.15	2.21	0.02	0.22	-0.01	-0.04	0	0.002	-0.004	-0.321	0.019	-0.029	2.543
1.589	-0.002	0.002	0.000	-1.25	2.12	0.02	-0.01	-0.04	-0.04	0	0.002	-0.005	-0.322	0.018	-0.029	2.568
1.599	-0.003	0.002	0.000	-1.30	2.28	0.02	-0.01	-0.08	0.12	0	0.002	-0.005	-0.323	0.018	-0.029	2.592
1.608	-0.002	0.002	0.000	-1.33	2.21	0.03	0.01	0.02	0.06	0	0.002	-0.005	-0.324	0.018	-0.028	2.617
1.615	-0.003	0.002	0.000	-1.31	2.27	0.02	0.05	-0.34	-0.06	0	0.002	-0.005	-0.325	0.018	-0.028	2.642
1.626	-0.003	0.001	0.000	-1.20	2.29	0.02	0.11	0.04	0.15	0	0.002	-0.005	-0.326	0.017	-0.028	2.666
1.636	-0.003	-0.002	0.000	-0.90	2.28	0.00	-0.14	0.03	-0.11	0	0.002	-0.005	-0.327	0.017	-0.027	2.691
1.648	-0.003	0.004	0.000	-1.59	2.28	0.04	0.10	-0.29	0.18	0	0.002	-0.005	-0.327	0.017	-0.027	2.716
1.656	-0.003	0.003	0.000	-1.57	2.27	0.04	-0.00	0.07	-0.02	0	0.002	-0.005	-0.327	0.017	-0.027	2.741
1.668	-0.001	0.002	0.000	-1.40	2.07	0.03	-0.04	0.04	0.02	0	0.002	-0.005	-0.328	0.017	-0.026	2.766
1.679	-0.001	0.000	0.000	-1.25	2.06	0.02	-0.12	0.07	-0.02	0	0.002	-0.005	-0.328	0.016	-0.026	2.791
1.689	-0.003	0.003	0.000	-1.59	2.26	0.04	0.07	-0.09	-0.09	0	0.002	-0.005	-0.328	0.016	-0.026	2.816
1.699	-0.002	0.004	0.000	-1.64	2.19	0.04	0.07	0.08	0.01	0	0.002	-0.005	-0.328	0.016	-0.025	2.841
1.707	-0.001	0.002	0.000	-1.53	2.11	0.04	0.25	-0.15	0.08	0	0.002	-0.005	-0.328	0.016	-0.025	2.865
1.717	-0.003	0.003	0.000	-1.54	2.28	0.04	0.18	-0.14	0.08	0	0.002	-0.004	-0.329	0.016	-0.024	2.890
1.728	-0.001	0.011	0.000	-2.36	2.10	0.09	-0.08	0.26	-0.09	0	0.002	-0.003	-0.329	0.015	-0.024	2.915
1.737	-0.001	0.012	0.000	-2.35	2.12	0.09	-0.17	-0.03	0.02	0	0.002	-0.002	-0.329	0.015	-0.023	2.940
1.748	-0.002	0.011	0.001	-2.20	2.21	0.08	0.22	-0.26	-0.17	0	0.002	-0.001	-0.329	0.015	-0.022	2.965
1.758	-0.000	0.011	0.000	-2.16	2.06	0.08	0.19	0.02	0.02	0	0.002	-0.000	-0.329	0.015	-0.022	2.990
1.768	-0.002	0.008	0.001	-1.89	2.19	0.06	0.02	-0.12	0.12	0	0.002	-0.000	-0.328	0.015	-0.021	3.015
1.778	-0.002	0.008	0.001	-1.88	2.25	0.06	0.17	-0.11	-0.17	0	0.002	0.000	-0.328	0.015	-0.021	3.040
1.787	-0.002	0.000	0.001	-1.29	2.22	0.02	0.02	-0.02	-0.02	0	0.002	-0.000	-0.328	0.014	-0.021	3.065
1.799	-0.001	0.000	0.001	-1.29	2.16	0.02	-0.15	-0.02	0.05	0	0.002	-0.001	-0.328	0.014	-0.021	3.090
1.808	0.000	-0.001	0.000	-1.19	2.06	0.02	-0.16	-0.19	0.07	0	0.002	-0.002	-0.328	0.014	-0.021	3.115
1.818	-0.002	-0.000	0.001	-1.33	2.24	0.02	0.05	0.04	-0.05	0	0.002	-0.002	-0.328	0.014	-0.021	3.140
1.828	-0.002	0.000	0.001	-1.38	2.28	0.02	0.36	0.09	0.10	0	0.002	-0.003	-0.328	0.014	-0.021	3.165
1.835	-0.002	-0.000	0.001	-1.37	2.25	0.02	-0.12	-0.22	0.16	0	0.002	-0.003	-0.327	0.014	-0.021	3.190
1.848	-0.002	0.003	0.001	-1.61	2.24	0.04	0.14	-0.23	-0.15	0	0.002	-0.003	-0.327	0.013	-0.020	3.214
1.858	-0.002	0.002	0.001	-1.57	2.26	0.04	0.14	0.29	0.04	0	0.002	-0.003	-0.327	0.013	-0.020	3.239
1.868	-0.003	0.001	0.001	-1.51	2.33	0.03	0.09	0.14	0.17	0	0.002	-0.003	-0.327	0.013	-0.020	3.264
1.878	-0.003	0.001	0.001	-1.51	2.32	0.03	-0.12	-0.14	-0.21	0	0.002	-0.003	-0.327	0.013	-0.020	3.289
1.887	-0.002	0.000	0.001	-1.48	2.28	0.03	0.11	-0.10	-0.07	0	0.002	-0.003	-0.326	0.013	-0.019	3.314
1.898	-0.001	0.004	0.000	-1.75	2.22	0.06	0.04	0.01	-0.21	0	0.002	-0.003	-0.326	0.012	-0.019	3.339
1.909	-0.002	0.001	0.000	-1.52	2.31	0.04	-0.07	0.36	-0.12	0	0.002	-0.003	-0.326	0.012	-0.019	3.363
1.917	-0.002	-0.000	0.000	-1.48	2.31	0.03	-0.01	0.37	0.01	0	0.001	-0.003	-0.326	0.012	-0.019	3.388
1.928	-0.002	-0.000	0.001	-1.50	2.27	0.04	0.13	-0.05	0.07	0	0.001	-0.004	-0.325	0.012	-0.018	3.413
1.938	-0.003	0.002	0.000	-1.62	2.38	0.04	0.14	0.15	0.09	0	0.001	-0.004	-0.325	0.012	-0.018	3.437
1.949	-0.002	0.001	0.000	-1.57	2.33	0.04	-0.07	-0.12	-0.03	0	0.001	-0.004	-0.325	0.011	-0.018	3.462
1.958	-0.003	0.002	0.000	-1.67	2.38	0.05	0.16	-0.12	0.04	0	0.001	-0.004	-0.325	0.011	-0.018	3.487
1.968	-0.002	-0.000	0.000	-1.55	2.31	0.04	-0.11	0.15	0.10	0	0.001	-0.004	-0.324	0.011	-0.018	3.511
1.978	-0.002	0.001	0.000	-1.61	2.32	0.04	0.03	-0.25	-0.04	0	0.001	-0.004	-0.324	0.011	-0.017	3.536
1.988	-0.003	0.001	0.000	-1.63	2.39	0.04	-0.06	0.11	0.06	0	0.001	-0.004	-0.324	0.011	-0.017	3.561
1.994	-0.003	0.000	0.000	-1.59	2.34	0.04	0.06	-0.05	-0.02	0	0.001	-0.004	-0.323	0.011	-0.017	3.585
2.008	-0.003	0.002	0.000	-1.72	2.39	0.05	0.07	-0.06	0.07	0	0.001	-0.004	-0.323	0.010	-0.017	3.610
2.019	-0.002	0.001	0.000	-1.64	2.29	0.05	-0.08	0.13	0.00	0	0.001	-0.004	-0.323	0.010	-0.016	3.634
2.025	-0.003	0.001	0.000	-1.67	2.40	0.05	0.01	-0.04	0.06	0	0.000	-0.004	-0.322	0.010	-0.016	3.659
2.036	-0.003	0.001	0.000	-1.66	2.36	0.05	-0.02	0.02	0.03	0	0.000	-0.004	-0.322	0.010	-0.016	3.683
2.047	-0.003	-0.000	0.000	-1.63	2.36	0.05	-0.04	-0.11	0.22	0	0.000	-0.004	-0.321	0.010	-0.016	3.707
2.059	-0.003	-0.000	0.000	-1.63	2.36	0.05	-0.16	-0.10	0.09	0	0.000	-0.004	-0.321	0.010	-0.015	3.732
2.067	-0.002	-0.000	0.000	-1.64	2.30	0.05	0.01	0.04	-0.02	0	0.000	-0.004	-0.321	0.009	-0.015	3.756
2.079	-0.003	0.001	0.000	-1.72	2.39	0.05	0.01	-0.10	0.12	0	0.000	-0.004	-0.320	0.009	-0.015	3.781
2.087	-0.003	0.001	0.000	-1.73	2.36	0.06	-0.02	-0.18	-0.12	0	0.000	-0.004	-0.320	0.009	-0.015	3.805
2.097	-0.003	0.001	0.000	-1.74	2.39	0.06	0.02	-0.36	-0.07	0	0.000	-0.004	-0.319	0.009	-0.015	3.829
2.109	-0.003	0.001	0.000	-1.74	2.40	0.06	-0.10	0.01	-0.02	0	-0.000	-0.004	-0.319	0.009	-0.014	3.853
2.119	-0.003	0.001	0.000	-1.72	2.35	0.06	-0.07	0.23	0.05	0	-0.000	-0.004	-0.319	0.009	-0.014	3.877
2.128	-0.003	0.002	0.000	-1.80	2.40	0.06	0.00	0.10	-0.03	0	-0.000	-0.003	-0.318	0.009	-0.014	3.902
2.138	-0.002	0.000	0.000	-1.71	2.31	0.06	0.06	-0.08	-0.02	0	-0.000	-0.003	-0.318	0.008	-0.014	3.926
2.144	-0.002	0.002	0.000	-1.77	2.35	0.06	-0.03	-0.25	-0.19	0	-0.000	-0.003	-0.317	0.008	-0.013	3.950
2.159	-0.002	0.002	0.000	-1.79	2.35	0.06	0.05	0.23	-0.08	0	-0.000	-0.003	-0.317	0.008	-0.013	3.974
2.168	-0.002	0.000	0.000	-1.71	2.36	0.06	-0.29	-0.08	0.11	0	-0.000	-0.003	-0.316	0.008	-0.013	3.998
2.178	-0.003	0.001	0.000	-1.77	2.40	0.06	0.07	0.10	0.15	0	-0.000	-0.003	-0.316	0.008	-0.013	4.022
2.184	-0.003	0.001	0.000	-1.76	2.37	0.06	-0.10	0.26	-0.04	0	-0.000	-0.003	-0.315	0.008	-0.012	4.046
2.195	-0.004	0.001	0.000	-1.77	2.41	0.06	-0.04	0.07	-0.02	0	-0.000	-0.003	-0.315	0.008	-0.012	4.070
2.209	-0.003	0.001	0.000	-1.76	2.38	0.06	0.22	0.17	-0.10	0	-0.000	-0.003	-0.314	0.008	-0.012	4.093
2.218	-0.003	0.001	0.000	-1.78	2.40	0.06	0.04	0.08	-0.12	0	-0.000	-0.003	-0.314	0.007	-0.012	4.117
2.226	-0.004	0.002	0.000	-1.80	2.41	0.06	0.01	-0.17	-0.06	0	-0.001	-0.003	-0.313	0.007	-0.012	4.141
2.239	-0.003	0.000	0.000	-1.74	2.38	0.06	-0.01	0.04	0.12	0	-0.001	-0.003	-0.313	0.007	-0.011	4.165
2.247	-0.003	0.005	0.000	-1.94	2.40	0.07	-0.10	0.08	0.01	0	-0.001	-0.002	-0.312	0.007	-0.011	4.188
2.258	-0.004	0.004	0.000	-1.90	2.41	0.07	-0.20	0.26	0.20	0	-0.001	-0.002	-0.311	0.007	-0.011	4.212
2.267	-0.003	0.003	0.000	-1.88	2.37	0.07	-0.08	-0.08	-0.10	0	-0.001	-0.002	-0.311	0.007	-0.011	4.236
2.277	-0.004	0.003	0.000	-1.88	2.41	0.07	0.05	0.15	0.13	0	-0.001	-0.002	-0.310	0.007	-0.010	4.259
2.288	-0.004	0.005	0.000	-1.96	2.41	0.08	0.05	0.16	0.11	0	-0.001	-0.001	-0.310	0.006	-0.010	4.283
2.299	-0.004	0.002	0.000	-1.82	2.41	0.07	0.04	-0.09	-0.01	0	-0.001	-0.001	-0.309	0.006	-0.010	4.306
2.309	-0.003	-0.000	0.000	-1.71	2.38	0.06	-0.10	-0.04	0.13	0	-0.001	-0.001	-0.309	0.006	-0.010	4.330
2.318	-0.004	-0.001	0.000	-1.69	2.41	0.06	0.02	0.15	0.14	0	-0.001	-0.002	-0.308	0.006	-0.010	4.353
2.327	-0.004	-0.000	0.000	-1.72	2.41	0.06	-0.00	-0.09	-0.19	0	-0.001	-0.002	-0.307	0.006	-0.010	4.376
2.335	-0.002	-0.000	0.000	-1.72	2.32	0.06	0.01	-0.03	-0.08	0	-0.001	-0.002	-0.307	0.006	-0.010	4.400
2.349	-0.004	-0.000	0.000	-1.73	2.41	0.06	0.26	-0.07	-0.24	0	-0.001	-0.002	-0.306	0.006	-0.009	4.423
2.360	-0.002	-0.000	0.000	-1.74	2.36	0.06	0.13	-0.00	0.09	0	-0.001	-0.002	-0.306	0.006	-0.009	4.446
2.367	-0.002	-0.001	0.000	-1.70	2.33	0.06	-0.13	-0.07	0.01	0	-0.001	-0.003	-0.305	0.006	-0.009	4.469
2.376	-0.002	-0.000	0.000	-1.76	2.37	0.06	-0.05	0.06	0.07	0	-0.001	-0.003	-0.304	0.006	-0.009	4.492
2.387	-0.002	-0.002	0.000	-1.70	2.34	0.06	0.02	0.01	-0.03	0	-0.001	-0.003	-0.304	0.006	-0.009	4.515
2.399	-0.002	-0.001	0.000	-1.73	2.37	0.06	0.00	-0.08	0.14	0	-0.001	-0.003	-0.303	0.005	-0.009	4.539
2.408	-0.002	-0.002	0.000	-1.72	2.34	0.06	0.16	0.03	-0.11	0	-0.001	-0.003	-0.302	0.005	-0.009	4.561
2.418	-0.004	-0.001	0.000	-1.74	2.43	0.06	0.24	-0.05	-0.05	0	-0.001	-0.003	-0.302	0.005	-0.009	4.584
2.429	-0.002	0.000	0.000	-1.82	2.36	0.07	0.03	-0.08	-0.04	0	-0.001	-0.003	-0.301	0.005	-0.009	4.607
2.438	-0.002	0.005	0.000	-2.06	2.37	0.09	0.16	-0.15	0.12	0	-0.001	-0.003	-0.301	0.005	-0.008	4.630
2.446	-0.003	0.005	0.000	-2.04	2.41	0.08	-0.05	0.22	0.15	0	-0.001	-0.002	-0.300	0.005	-0.008	4.653
2.457	-0.001	0.005	0.000	-2.03	2.33	0.08	-0.21	-0.13	0.07	0	-0.001	-0.001	-0.299	0.005	-0.008	4.676
2.468	-0.003	0.005	0.000	-2.01	2.42	0.08	0.05	0.15	0.27	0	-0.001	-0.001	-0.299	0.005	-0.007	4.698
2.478	-0.001	0.005	0.000	-2.03	2.33	0.08	0.04	0.04	0.08	0	-0.001	-0.000	-0.298	0.005	-0.007	4.721
2.485	-0.001	0.006	0.000	-2.02	2.33	0.09	-0.27	-0.08	-0.13	0	-0.001	-0.000	-0.297	0.005	-0.007	4.743
2.497	-0.003	0.006	0.000	-2.03	2.42	0.08	0.18	0.18	0.17	0	-0.001	0.000	-0.297	0.005	-0.006	4.766
2.506	-0.001	0.004	0.000	-1.95	2.34	0.08	-0.01	-0.06	-0.02	0	-0.001	0.001	-0.296	0.005	-0.006	4.788
2.518	-0.002	0.006	0.000	-2.00	2.38	0.08	0.03	0.09	0.07	0	-0.001	0.001	-0.295	0.005	-0.006	4.811
2.527	-0.001	0.005	0.000	-1.95	2.35	0.08	-0.17	-0.08	0.02	0	-0.000	0.001	-0.294	0.005	-0.006	4.833
2.538	-0.003	0.005	0.000	-1.95	2.44	0.08	0.02	0.08	-0.08	0	-0.001	0.001	-0.294	0.004	-0.006	4.855
2.547	-0.003	0.005	0.000	-1.97	2.42	0.08	0.04	-0.07	0.05	0	-0.001	0.002	-0.293	0.004	-0.005	4.878
2.558	-0.001	0.006	0.000	-2.02	2.34	0.09	-0.02	0.13	-0.07	0	-0.001	0.002	-0.292	0.004	-0.005	4.900
2.563	-0.003	0.006	0.000	-2.01	2.44	0.08	-0.18	-0.04	-0.02	0	-0.001	0.002	-0.292	0.004	-0.005	4.922
2.577	-0.001	0.005	0.000	-1.96	2.36	0.08	0.07	-0.06	0.01	0	-0.001	0.002	-0.291	0.004	-0.005	4.944
2.587	-0.001	0.005	0.000	-1.94	2.36	0.08	0.14	-0.19	-0.14	0	-0.000	0.002	-0.290	0.004	-0.005	4.966
2.596	-0.002	0.007	0.000	-2.00	2.39	0.08	-0.15	-0.17	0.13	0	-0.000	0.003	-0.290	0.004	-0.004	4.988
2.604	-0.001	0.005	0.000	-1.90	2.37	0.08	0.02	0.02	0.12	0	-0.000	0.003	-0.289	0.004	-0.004	5.010
2.617	-0.001	0.004	0.000	-1.89	2.38	0.08	0.18	-0.26	0.14	0	-0.000	0.003	-0.288	0.004	-0.004	5.032
2.629	-0.001	0.004	0.000	-1.88	2.38	0.08	0.07	-0.19	-0.03	0	-0.000	0.003	-0.287	0.004	-0.004	5.054
2.637	-0.001	0.006	0.000	-1.97	2.38	0.08	-0.08	0.15	0.09	0	-0.000	0.003	-0.287	0.004	-0.004	5.076
2.644	-0.001	0.006	0.000	-1.97	2.38	0.08	-0.15	-0.36	0.12	0	-0.000	0.003	-0.286	0.004	-0.004	5.097
2.654	-0.003	0.006	0.000	-1.95	2.47	0.08	-0.02	-0.17	-0.09	0	-0.000	0.003	-0.285	0.004	-0.004	5.119
2.667	-0.003	0.005	0.000	-1.91	2.47	0.08	0.09	0.12	0.02	0	-0.001	0.003	-0.285	0.003	-0.004	5.141
2.677	-0.001	0.004	0.000	-1.86	2.39	0.08	0.10	-0.05	0.28	0	-0.000	0.003	-0.284	0.003	-0.004	5.162
2.688	-0.002	0.006	0.000	-1.93	2.42	0.08	-0.04	0.22	0.14	0	-0.001	0.003	-0.283	0.003	-0.003	5.184
2.695	-0.003	0.006	0.000	-1.95	2.47	0.08	-0.04	-0.08	0.15	0	-0.001	0.003	-0.282	0.003	-0.003	5.205
2.708	-0.003	0.006	0.000	-1.94	2.47	0.08	-0.04	0.27	-0.08	0	-0.001	0.004	-0.282	0.003	-0.003	5.226
2.719	-0.001	0.005	0.000	-1.90	2.38	0.08	0.16	-0.04	0.09	0	-0.001	0.004	-0.281	0.003	-0.003	5.248
2.727	-0.001	0.008	0.000	-2.01	2.39	0.09	0.02	0.03	-0.15	0	-0.001	0.004	-0.280	0.003	-0.003	5.269
2.737	-0.001	0.005	0.000	-1.89	2.39	0.08	-0.05	0.11	0.07	0	-0.001	0.004	-0.279	0.003	-0.003	5.290
2.748	-0.001	0.005	0.000	-1.89	2.39	0.08	-0.01	0.00	-0.06	0	-0.001	0.004	-0.279	0.003	-0.003	5.311
2.758	-0.003	0.007	0.000	-1.94	2.47	0.09	0.06	-0.03	0.06	0	-0.001	0.004	-0.278	0.003	-0.003	5.332
2.764	-0.003	-0.001	0.000	-1.61	2.47	0.07	0.26	0.17	0.17	0	-0.001	0.003	-0.277	0.003	-0.003	5.353
2.777	-0.002	0.001	0.000	-1.67	2.44	0.07	-0.00	-0.05	-0.01	0	-0.001	0.003	-0.276	0.003	-0.003	5.374
2.788	-0.004	-0.002	0.000	-1.58	2.51	0.06	0.10	-0.14	0.15	0	-0.001	0.002	-0.275	0.002	-0.003	5.395
2.798	-0.002	-0.002	0.000	-1.60	2.43	0.07	0.06	0.04	-0.01	0	-0.001	0.001	-0.275	0.002	-0.003	5.416
2.808	-0.005	-0.002	0.000	-1.61	2.57	0.06	0.07	-0.06	0.00	0	-0.002	0.001	-0.274	0.002	-0.003	5.437
2.818	-0.004	0.000	0.000	-1.71	2.52	0.07	-0.28	-0.36	0.15	0	-0.002	0.000	-0.273	0.002	-0.003	5.458
2.828	-0.004	-0.005	0.000	-1.48	2.51	0.06	0.11	0.07	-0.00	0	-0.002	-0.000	-0.272	0.002	-0.004	5.478
2.837	-0.004	-0.006	0.000	-1.48	2.48	0.06	-0.15	-0.09	0.35	0	-0.002	-0.001	-0.271	0.002	-0.004	5.499
2.847	-0.005	-0.006	0.000	-1.51	2.55	0.06	-0.18	0.26	0.15	0	-0.002	-0.002	-0.271	0.002	-0.004	5.519
2.855	-0.005	-0.006	0.000	-1.52	2.55	0.06	0.15	-0.32	-0.05	0	-0.003	-0.003	-0.270	0.002	-0.004	5.540
2.868	-0.005	-0.006	0.000	-1.52	2.54	0.06	0.15	0.24	-0.04	0	-0.003	-0.003	-0.269	0.001	-0.004	5.560
2.878	-0.005	-0.005	0.000	-1.61	2.54	0.07	-0.16	-0.35	0.07	0	-0.003	-0.004	-0.268	0.001	-0.004	5.581
2.888	-0.005	-0.004	0.000	-1.64	2.53	0.07	0.12	0.00	0.17	0	-0.003	-0.004	-0.267	0.001	-0.004	5.601
2.895	-0.005	-0.005	0.000	-1.63	2.53	0.07	0.09	-0.07	-0.15	0	-0.003	-0.005	-0.267	0.001	-0.004	5.621
2.908	-0.005	-0.008	0.000	-1.52	2.52	0.06	0.20	0.09	0.08	0	-0.004	-0.005	-0.266	0.001	-0.004	5.641
2.918	-0.008	-0.009	0.000	-1.48	2.65	0.06	-0.00	0.18	0.25	0	-0.004	-0.006	-0.265	0.001	-0.005	5.662
2.928	-0.009	-0.008	0.000	-1.55	2.66	0.07	0.13	0.08	-0.03	0	-0.005	-0.006	-0.264	0.001	-0.005	5.682
2.938	-0.009	-0.008	0.000	-1.57	2.63	0.07	-0.00	0.03	0.02	0	-0.005	-0.007	-0.263	0.000	-0.005	5.702
2.948	-0.010	-0.010	0.000	-1.52	2.66	0.07	0.15	-0.01	0.06	0	-0.005	-0.007	-0.263	0.000	-0.005	5.722
2.958	-0.009	-0.009	0.000	-1.57	2.60	0.07	0.22	0.28	-0.07	0	-0.006	-0.008	-0.262	0.000	-0.005	5.741
2.965	-0.009	-0.008	0.000	-1.62	2.62	0.07	0.19	0.01	-0.02	0	-0.006	-0.008	-0.261	-0.000	-0.005	5.761
2.977	-0.008	-0.010	0.000	-1.57	2.54	0.07	-0.15	0.04	0.05	0	-0.006	-0.009	-0.260	-0.000	-0.005	5.781
2.988	-0.009	-0.009	0.000	-1.64	2.57	0.07	0.11	0.15	0.07	0	-0.006	-0.009	-0.259	-0.000	-0.005	5.801
2.998	-0.008	-0.008	0.000	-1.71	2.54	0.08	0.10	0.09	0.07	0	-0.007	-0.009	-0.259	-0.000	-0.005	5.820
3.005	-0.008	-0.009	0.000	-1.65	2.51	0.07	-0.01	-0.25	0.01	0	-0.007	-0.009	-0.258	-0.000	-0.005	5.840
3.017	-0.008	-0.009	0.000	-1.68	2.50	0.08	0.07	0.08	0.20	0	-0.007	-0.009	-0.257	-0.001	-0.005	5.859
3.027	-0.008	-0.009	0.000	-1.68	2.50	0.08	0.17	0.02	-0.08	0	-0.007	-0.010	-0.256	-0.001	-0.005	5.879
3.038	-0.005	-0.006	0.000	-1.85	2.38	0.08	0.00	-0.16	-0.05	0	-0.007	-0.009	-0.255	-0.001	-0.005	5.898
3.048	-0.005	-0.008	0.000	-1.75	2.39	0.08	0.04	-0.13	0.01	0	-0.006	-0.010	-0.255	-0.000	-0.005	5.918
3.054	-0.005	-0.012	0.000	-1.57	2.39	0.07	0.01	0.05	0.07	0	-0.006	-0.010	-0.254	-0.000	-0.005	5.937
3.065	-0.006	-0.012	0.000	-1.63	2.44	0.07	0.05	0.15	-0.23	0	-0.006	-0.011	-0.253	-0.000	-0.005	5.956
3.077	-0.006	-0.013	0.000	-1.57	2.43	0.07	-0.19	0.15	0.20	0	-0.006	-0.011	-0.252	-0.000	-0.005	5.975
3.088	-0.005	-0.014	0.000	-1.57	2.35	0.07	0.03	-0.13	0.01	0	-0.006	-0.012	-0.251	-0.000	-0.005	5.994
3.096	-0.006	-0.013	0.000	-1.65	2.42	0.07	-0.07	0.03	-0.04	0	-0.006	-0.012	-0.250	-0.000	-0.005	6.013
3.108	-0.005	-0.013	0.000	-1.66	2.35	0.07	0.08	-0.16	0.07	0	-0.006	-0.012	-0.250	-0.000	-0.005	6.032
3.118	-0.005	-0.013	0.000	-1.68	2.38	0.08	0.12	0.05	-0.01	0	-0.006	-0.013	-0.249	-0.000	-0.005	6.051
3.126	-0.005	-0.012	0.000	-1.74	2.37	0.08	-0.12	-0.04	0.09	0	-0.006	-0.013	-0.248	-0.000	-0.005	6.070
3.138	-0.005	-0.013	0.000	-1.68	2.35	0.08	0.17	0.24	0.11	0	-0.005	-0.013	-0.247	-0.000	-0.005	6.089
3.148	-0.005	-0.013	0.000	-1.70	2.37	0.08	-0.19	-0.03	0.21	0	-0.005	-0.013	-0.246	-0.000	-0.005	6.108
3.158	-0.005	-0.013	0.000	-1.73	2.39	0.08	0.13	0.07	0.11	0	-0.005	-0.014	-0.245	-0.000	-0.005	6.126
3.168	-0.006	-0.013	0.000	-1.72	2.41	0.08	-0.09	0.04	0.21	0	-0.005	-0.014	-0.245	-0.000	-0.005	6.145
3.177	-0.006	-0.017	0.000	-1.57	2.40	0.07	0.02	-0.15	-0.10	0	-0.005	-0.015	-0.244	-0.000	-0.005	6.163
3.187	-0.007	-0.014	0.000	-1.75	2.45	0.08	0.01	-0.03	0.19	0	-0.005	-0.015	-0.243	-0.000	-0.005	6.182
3.197	-0.008	-0.015	0.000	-1.73	2.50	0.08	0.18	-0.21	0.01	0	-0.006	-0.015	-0.242	-0.000	-0.005	6.200
3.208	-0.008	-0.017	0.000	-1.64	2.48	0.08	0.03	-0.02	-0.10	0	-0.006	-0.015	-0.241	-0.001	-0.005	6.218
3.217	-0.008	-0.016	0.000	-1.72	2.49	0.08	0.01	0.15	-0.01	0	-0.006	-0.016	-0.240	-0.001	-0.005	6.237
3.229	-0.008	-0.019	0.000	-1.59	2.49	0.08	0.14	0.23	0.08	0	-0.006	-0.016	-0.240	-0.001	-0.005	6.255
3.238	-0.008	-0.020	0.000	-1.58	2.49	0.07	0.08	-0.18	-0.09	0	-0.006	-0.017	-0.239	-0.001	-0.005	6.273
3.248	-0.008	-0.019	0.000	-1.64	2.48	0.08	0.07	-0.10	0.08	0	-0.007	-0.018	-0.238	-0.001	-0.005	6.291
3.256	-0.007	-0.019	0.000	-1.66	2.44	0.08	0.02	-0.01	0.21	0	-0.007	-0.018	-0.237	-0.001	-0.005	6.309
3.268	-0.009	-0.019	0.000	-1.68	2.50	0.08	0.13	-0.01	-0.07	0	-0.007	-0.018	-0.236	-0.001	-0.005	6.327
3.277	-0.008	-0.020	0.000	-1.66	2.48	0.08	-0.09	-0.02	-0.31	0	-0.007	-0.019	-0.235	-0.001	-0.005	6.345
3.287	-0.009	-0.020	0.000	-1.69	2.51	0.08	-0.07	-0.17	0.16	0	-0.007	-0.019	-0.235	-0.001	-0.005	6.363
3.298	-0.006	-0.020	0.000	-1.68	2.37	0.08	0.19	-0.13	-0.00	0	-0.007	-0.020	-0.234	-0.001	-0.005	6.381
3.307	-0.007	-0.019	0.000	-1.77	2.41	0.08	-0.04	0.12	0.01	0	-0.007	-0.020	-0.233	-0.001	-0.005	6.398
3.314	-0.009	-0.019	0.000	-1.75	2.49	0.08	-0.00	-0.05	0.06	0	-0.007	-0.020	-0.232	-0.001	-0.005	6.416
3.325	-0.008	-0.019	0.000	-1.76	2.45	0.08	0.11	0.02	0.04	0	-0.007	-0.020	-0.231	-0.001	-0.005	6.433
3.338	-0.007	-0.020	0.001	-1.77	2.41	0.08	0.20	0.05	0.12	0	-0.007	-0.020	-0.230	-0.001	-0.005	6.451
3.348	-0.007	-0.018	0.000	-1.87	2.41	0.09	-0.10	0.11	-0.00	0	-0.007	-0.020	-0.230	-0.001	-0.005	6.468
3.356	-0.008	-0.019	0.000	-1.81	2.43	0.09	0.52	0.04	0.22	35900	-0.007	-0.020	-0.229	-0.001	-0.005	6.486
3.366	-0.008	-0.019	0.000	-1.85	2.45	0.09	0.04	0.29	-0.06	35903	-0.007	-0.020	-0.227	-0.001	-0.005	6.503
3.377	-0.007	-0.020	0.001	-1.81	2.40	0.09	0.15	-0.30	0.00	35896	-0.007	-0.021	-0.226	-0.001	-0.005	6.520
3.387	-0.009	-0.018	0.000	-1.89	2.48	0.09	0.36	0.47	0.40	35890	-0.008	-0.021	-0.224	-0.001	-0.005	6.537
3.398	-0.007	-0.012	0.000	-2.17	2.37	0.10	0.27	-0.46	0.27	35927	-0.007	-0.020	-0.222	-0.001	-0.004	6.554
3.407	-0.008	-0.013	0.001	-2.12	2.41	0.10	-0.30	-0.96	0.16	35902	-0.007	-0.019	-0.219	-0.001	-0.004	6.571
3.417	-0.007	-0.016	0.001	-1.95	2.35	0.10	0.22	0.74	-0.04	35893	-0.007	-0.019	-0.217	-0.001	-0.004	6.587
3.427	-0.007	-0.016	0.001	-1.96	2.37	0.09	-0.15	-0.75	0.28	35860	-0.007	-0.019	-0.214	-0.001	-0.004	6.604
3.437	-0.007	-0.015	0.001	-2.01	2.37	0.09	0.31	-0.32	0.18	35922	-0.007	-0.018	-0.211	-0.001	-0.004	6.620
3.448	-0.007	-0.014	0.001	-2.05	2.36	0.10	0.50	-0.06	0.39	35921	-0.007	-0.018	-0.208	-0.001	-0.003	6.635
3.458	-0.007	-0.014	0.001	-2.04	2.32	0.10	0.21	0.60	0.47	35915	-0.006	-0.017	-0.205	-0.001	-0.003	6.651
3.465	-0.007	-0.014	0.001	-2.03	2.31	0.10	0.34	-0.12	-0.36	35908	-0.006	-0.017	-0.202	-0.001	-0.003	6.666
3.476	-0.007	-0.014	0.000	-2.03	2.32	0.09	0.45	-0.13	-2.22	35918	-0.006	-0.017	-0.199	-0.001	-0.003	6.682
3.486	-0.007	-0.014	0.000	-1.99	2.30	0.06	-0.03	0.33	-4.27	35958	-0.006	-0.016	-0.196	-0.002	-0.003	6.696
3.498	-0.007	-0.014	0.000	-1.96	2.29	-0.01	0.15	-0.73	-8.74	35968	-0.006	-0.016	-0.193	-0.002	-0.003	6.711
3.508	-0.009	-0.014	0.000	-1.94	2.36	-0.11	0.27	0.12	-11.20	35960	-0.006	-0.016	-0.189	-0.002	-0.003	6.725
3.517	-0.013	-0.016	0.000	-1.86	2.54	-0.23	0.22	0.64	-11.20	35984	-0.006	-0.016	-0.186	-0.002	-0.003	6.740
3.528	-0.014	-0.016	0.000	-1.86	2.56	-0.35	-0.47	0.29	-12.85	36046	-0.007	-0.016	-0.183	-0.002	-0.003	6.753
3.533	-0.013	-0.019	0.000	-1.69	2.48	-0.49	-0.77	0.49	-13.32	36053	-0.007	-0.016	-0.180	-0.003	-0.003	6.767
3.548	-0.013	-0.019	0.000	-1.71	2.43	-0.60	0.64	0.16	-8.79	35973	-0.008	-0.016	-0.177	-0.003	-0.003	6.781
3.558	-0.012	-0.019	0.001	-1.68	2.37	-0.66	-1.01	-0.16	-5.38	38053	-0.008	-0.017	-0.174	-0.003	-0.003	6.794
3.564	-0.014	-0.015	0.000	-1.85	2.42	-0.73	0.21	0.43	-9.13	38034	-0.008	-0.016	-0.170	-0.003	-0.003	6.807
3.576	-0.014	-0.011	0.000	-2.00	2.38	-0.82	3.03	3.15	-9.87	38129	-0.009	-0.015	-0.167	-0.004	-0.003	6.819
3.588	-0.014	-0.011	0.000	-1.93	2.31	-0.94	1.77	1.42	-13.52	38186	-0.009	-0.015	-0.164	-0.004	-0.003	6.832
3.598	-0.014	-0.010	0.000	-1.91	2.27	-1.07	-0.54	0.69	-12.29	38167	-0.009	-0.014	-0.161	-0.004	-0.002	6.844
3.608	-0.014	-0.009	0.000	-1.93	2.28	-1.19	-3.03	-1.99	-12.97	38220	-0.009	-0.013	-0.158	-0.005	-0.002	6.856
3.615	-0.016	-0.010	0.000	-1.89	2.32	-1.34	-0.09	-0.74	-15.76	38316	-0.010	-0.012	-0.154	-0.005	-0.002	6.868
3.628	-0.016	-0.010	0.000	-1.80	2.29	-1.51	4.09	4.35	-17.27	38307	-0.010	-0.012	-0.151	-0.005	-0.002	6.879
3.637	-0.015	-0.010	0.001	-1.76	2.17	-1.67	0.78	1.88	-14.52	38257	-0.010	-0.011	-0.148	-0.005	-0.002	6.891
3.648	-0.015	-0.009	0.000	-1.76	2.17	-1.81	0.64	0.38	-13.48	38225	-0.010	-0.011	-0.145	-0.006	-0.002	6.902
3.657	-0.011	-0.008	0.001	-1.75	1.94	-1.93	2.21	2.26	-11.44	38305	-0.010	-0.010	-0.141	-0.006	-0.002	6.912
3.665	-0.016	-0.011	0.001	-1.60	2.10	-2.03	-2.71	-0.50	-8.41	38222	-0.010	-0.010	-0.138	-0.006	-0.002	6.923
3.676	-0.016	-0.011	0.001	-1.63	2.13	-2.11	-1.77	-2.42	-7.51	38292	-0.010	-0.010	-0.135	-0.006	-0.002	6.933
3.687	-0.015	-0.012	0.001	-1.52	2.03	-2.18	2.36	1.60	-4.91	38373	-0.011	-0.010	-0.131	-0.007	-0.002	6.943
3.697	-0.021	-0.016	0.001	-1.33	2.21	-2.20	2.25	0.81	-0.59	38234	-0.011	-0.010	-0.128	-0.007	-0.002	6.953
3.708	-0.021	-0.017	0.001	-1.28	2.15	-2.19	-2.97	-0.19	0.34	38358	-0.012	-0.011	-0.125	-0.007	-0.003	6.962
3.717	-0.020	-0.017	0.001	-1.29	2.07	-2.20	0.94	3.52	-1.19	38388	-0.012	-0.011	-0.122	-0.008	-0.003	6.972
3.727	-0.021	-0.017	0.001	-1.27	2.04	-2.22	2.02	1.98	-1.64	38342	-0.013	-0.011	-0.119	-0.008	-0.003	6.981
3.737	-0.020	-0.018	0.001	-1.20	1.95	-2.23	1.70	-0.38	-0.36	38323	-0.013	-0.012	-0.116	-0.009	-0.003	6.990
3.747	-0.022	-0.017	0.001	-1.20	1.97	-2.24	0.20	3.84	-2.63	38393	-0.014	-0.012	-0.113	-0.009	-0.004	6.998
3.758	-0.020	-0.017	0.001	-1.22	1.83	-2.27	-1.70	0.31	-3.18	38461	-0.014	-0.012	-0.110	-0.009	-0.004	7.007
3.766	-0.020	-0.019	0.001	-1.12	1.75	-2.30	3.61	1.89	-3.25	40501	-0.014	-0.013	-0.107	-0.010	-0.004	7.015
3.777	-0.021	-0.018	0.001	-1.15	1.77	-2.33	-0.31	5.59	-1.43	40460	-0.014	-0.013	-0.104	-0.010	-0.005	7.023
3.787	-0.024	-0.021	0.001	-1.05	1.76	-2.34	-3.98	2.36	-1.39	40513	-0.015	-0.014	-0.101	-0.010	-0.005	7.030
3.797	-0.024	-0.018	0.001	-1.09	1.69	-2.35	9.28	4.55	-1.35	40609	-0.015	-0.014	-0.098	-0.011	-0.005	7.038
3.808	-0.024	-0.018	0.001	-1.03	1.65	-2.37	8.71	2.48	-1.44	40564	-0.016	-0.014	-0.094	-0.011	-0.005	7.045
3.816	-0.024	-0.019	0.001	-0.85	1.55	-2.38	11.48	1.88	-1.69	40489	-0.016	-0.014	-0.091	-0.012	-0.006	7.052
3.828	-0.025	-0.022	0.001	-0.60	1.55	-2.39	14.37	0.13	-1.11	40457	-0.017	-0.015	-0.088	-0.012	-0.006	7.059
3.837	-0.024	-0.022	0.001	-0.43	1.47	-2.41	18.63	-0.24	-2.33	40535	-0.017	-0.015	-0.085	-0.012	-0.006	7.065
3.848	-0.025	-0.024	0.001	-0.11	1.46	-2.43	25.28	1.66	-1.42	40466	-0.017	-0.016	-0.082	-0.013	-0.007	7.072
3.857	-0.030	-0.020	0.001	-0.02	1.67	-2.44	20.16	-3.35	-0.99	40420	-0.018	-0.016	-0.079	-0.013	-0.007	7.078
3.867	-0.028	-0.021	0.001	0.16	1.53	-2.45	16.01	2.93	0.40	40548	-0.019	-0.016	-0.076	-0.014	-0.007	7.084
3.877	-0.029	-0.017	0.001	0.20	1.52	-2.44	16.27	-2.29	1.38	40645	-0.020	-0.016	-0.073	-0.014	-0.007	7.089
3.887	-0.031	-0.018	0.001	0.41	1.57	-2.43	19.70	-2.10	1.23	40665	-0.020	-0.016	-0.070	-0.015	-0.007	7.095
3.897	-0.032	-0.019	0.001	0.70	1.57	-2.41	24.65	7.02	0.92	40683	-0.021	-0.016	-0.067	-0.015	-0.007	7.100
3.908	-0.033	-0.020	0.001	0.97	1.43	-2.41	17.03	8.79	-0.05	40676	-0.022	-0.016	-0.064	-0.016	-0.008	7.105
3.917	-0.043	-0.013	0.000	0.88	1.66	-2.39	20.13	20.85	-1.20	40574	-0.024	-0.015	-0.061	-0.017	-0.007	7.109
3.928	-0.048	-0.012	-0.000	1.01	1.52	-2.37	8.08	30.27	1.01	40815	-0.026	-0.015	-0.059	-0.018	-0.007	7.114
3.938	-0.046	-0.008	0.001	0.92	0.98	-2.38	2.97	45.49	1.68	40888	-0.028	-0.014	-0.056	-0.019	-0.007	7.118
3.944	-0.041	-0.005	0.002	0.78	0.23	-2.39	-13.42	54.27	3.65	40728	-0.029	-0.012	-0.053	-0.020	-0.007	7.122
3.958	-0.033	-0.003	0.002	0.50	-0.77	-2.40	-20.85	64.91	5.56	40589	-0.029	-0.011	-0.050	-0.020	-0.006	7.126
3.967	-0.034	0.001	0.002	0.15	-1.40	-2.33	-26.24	67.09	9.37	42673	-0.030	-0.009	-0.047	-0.020	-0.006	7.130
3.977	-0.028	0.004	0.002	-0.19	-2.27	-2.29	-22.95	51.03	9.73	42770	-0.029	-0.007	-0.044	-0.020	-0.005	7.133
3.984	-0.026	0.006	0.002	-0.37	-2.83	-2.23	-4.50	40.00	9.55	42782	-0.029	-0.005	-0.041	-0.020	-0.005	7.137
3.995	-0.025	0.007	0.002	-0.33	-3.25	-2.15	9.54	30.94	9.16	42802	-0.028	-0.003	-0.038	-0.019	-0.004	7.140
4.007	-0.026	0.012	0.001	-0.36	-3.50	-2.09	18.15	29.06	10.25	42780	-0.028	-0.001	-0.035	-0.019	-0.004	7.142
4.018	-0.027	0.016	0.001	-0.26	-3.75	-2.00	22.02	34.32	10.84	42973	-0.028	0.001	-0.032	-0.019	-0.003	7.145
4.025	-0.027	0.017	0.001	-0.03	-4.16	-1.90	16.69	39.25	10.11	43057	-0.028	0.004	-0.029	-0.019	-0.002	7.147
4.037	-0.027	0.022	0.001	-0.07	-4.56	-1.84	8.07	43.80	11.51	43153	-0.028	0.007	-0.027	-0.019	-0.001	7.149
4.047	-0.031	0.026	0.001	-0.04	-4.83	-1.72	8.82	39.24	12.39	43421	-0.028	0.009	-0.024	-0.019	-0.000	7.151
4.057	-0.028	0.028	0.000	0.06	-5.25	-1.62	13.88	23.78	12.10	43488	-0.028	0.012	-0.021	-0.019	0.000	7.153
4.067	-0.029	0.027	0.001	0.38	-5.37	-1.44	27.48	9.55	13.53	43469	-0.029	0.014	-0.018	-0.019	0.001	7.154
4.077	-0.024	0.033	-0.000	0.56	-5.56	-1.43	42.42	-3.56	12.86	43239	-0.028	0.017	-0.016	-0.019	0.002	7.156
4.084	-0.024	0.033	0.000	1.12	-5.51	-1.27	51.24	-8.82	13.30	43432	-0.028	0.020	-0.013	-0.019	0.002	7.157
4.095	-0.024	0.039	0.000	1.51	-5.31	-1.23	58.62	-21.85	12.47	43372	-0.028	0.023	-0.010	-0.019	0.003	7.157
4.106	-0.024	0.039	0.001	2.23	-4.98	-1.07	63.34	-37.26	10.56	43429	-0.028	0.025	-0.007	-0.018	0.004	7.158
4.117	-0.024	0.039	0.001	2.97	-4.51	-0.93	65.90	-51.94	11.98	43316	-0.028	0.027	-0.004	-0.018	0.005	7.158
4.126	-0.025	0.035	0.003	3.84	-3.83	-0.69	66.12	-64.69	13.16	43220	-0.028	0.029	-0.001	-0.018	0.005	7.159
4.134	-0.029	0.043	0.002	4.21	-2.94	-0.74	56.33	-68.99	11.11	42975	-0.028	0.031	0.001	-0.018	0.005	7.159
4.148	-0.029	0.043	0.003	4.71	-2.23	-0.66	35.17	-62.39	7.49	43149	-0.029	0.033	0.004	-0.018	0.006	7.159
4.155	-0.025	0.043	0.003	5.02	-1.77	-0.63	14.43	-59.37	7.03	43151	-0.029	0.035	0.007	-0.018	0.006	7.158
4.167	-0.025	0.044	0.004	5.11	-1.16	-0.59	0.86	-56.63	6.99	45206	-0.029	0.036	0.010	-0.018	0.007	7.158
4.176	-0.021	0.042	0.002	5.12	-0.77	-0.56	-15.38	-52.21	6.91	45234	-0.028	0.037	0.013	-0.017	0.007	7.157
4.187	-0.020	0.041	0.003	5.00	-0.27	-0.48	-22.00	-43.17	8.07	45596	-0.027	0.038	0.016	-0.017	0.007	7.156
4.197	-0.016	0.038	0.003	4.90	-0.02	-0.41	-28.05	-36.10	6.08	45612	-0.026	0.039	0.018	-0.017	0.007	7.155
4.203	-0.016	0.037	0.003	4.67	0.36	-0.31	-32.98	-27.53	5.61	45611	-0.025	0.039	0.021	-0.016	0.007	7.153
4.217	-0.015	0.034	0.003	4.48	0.64	-0.18	-32.24	-24.23	6.37	45555	-0.024	0.038	0.024	-0.016	0.007	7.152
4.227	-0.015	0.034	0.002	4.17	0.93	-0.12	-30.50	-27.37	7.46	45548	-0.024	0.038	0.027	-0.015	0.007	7.150
4.234	-0.016	0.036	0.003	3.76	1.29	-0.09	-33.86	-31.17	6.25	45787	-0.023	0.037	0.030	-0.015	0.007	7.148
4.245	-0.016	0.037	0.004	3.36	1.66	-0.04	-38.71	-31.65	4.75	45764	-0.022	0.037	0.033	-0.015	0.007	7.146
4.257	-0.015	0.034	0.004	3.09	1.97	0.03	-37.13	-30.61	3.59	45737	-0.022	0.037	0.035	-0.014	0.006	7.143
4.267	-0.016	0.033	0.003	2.74	2.33	0.09	-36.98	-29.29	3.98	45702	-0.021	0.036	0.038	-0.014	0.006	7.141
4.277	-0.019	0.028	0.003	2.58	2.77	0.28	-37.33	-29.82	5.28	45913	-0.021	0.035	0.041	-0.014	0.006	7.138
4.285	-0.019	0.027	0.003	2.23	3.10	0.34	-31.72	-24.99	4.58	45885	-0.021	0.034	0.044	-0.014	0.006	7.135
4.298	-0.019	0.029	0.004	1.83	3.28	0.34	-29.73	-14.96	4.35	45805	-0.020	0.033	0.046	-0.014	0.005	7.132
4.307	-0.018	0.028	0.005	1.53	3.38	0.37	-30.54	-6.10	2.82	45676	-0.020	0.032	0.049	-0.014	0.005	7.128
4.312	-0.016	0.028	0.003	1.21	3.30	0.35	-31.07	4.20	2.66	45611	-0.020	0.031	0.052	-0.014	0.005	7.124
4.327	-0.016	0.027	0.004	0.93	3.20	0.38	-24.03	15.28	2.74	45889	-0.019	0.030	0.055	-0.014	0.005	7.121
4.337	-0.015	0.032	0.005	0.51	2.93	0.35	-16.36	27.18	2.26	45820	-0.019	0.030	0.058	-0.013	0.005	7.117
4.347	-0.014	0.031	0.006	0.38	2.58	0.36	-11.11	37.74	2.14	45673	-0.018	0.030	0.060	-0.013	0.005	7.113
4.357	-0.018	0.028	0.008	0.41	2.36	0.49	-7.12	41.98	2.01	45562	-0.018	0.029	0.064	-0.013	0.005	7.108
4.364	-0.019	0.026	0.008	0.44	1.97	0.53	0.03	41.71	2.04	45212	-0.018	0.028	0.067	-0.013	0.005	7.104
4.377	-0.020	0.025	0.009	0.47	1.59	0.56	2.46	37.05	1.33	47176	-0.018	0.027	0.070	-0.013	0.005	7.099
4.387	-0.020	0.024	0.010	0.52	1.26	0.58	5.30	28.76	2.15	47086	-0.018	0.026	0.073	-0.013	0.005	7.095
4.394	-0.023	0.019	0.016	0.73	1.14	0.67	5.55	21.62	2.58	46974	-0.019	0.025	0.077	-0.014	0.004	7.090
4.406	-0.023	0.018	0.017	0.76	0.94	0.69	3.96	16.11	3.10	45936	-0.019	0.024	0.081	-0.014	0.004	7.085
4.416	-0.024	0.022	0.019	0.60	0.80	0.72	1.45	14.54	2.91	45766	-0.020	0.023	0.085	-0.014	0.004	7.080
4.427	-0.024	0.021	0.021	0.60	0.63	0.75	-1.59	17.11	2.74	45552	-0.020	0.022	0.089	-0.014	0.004	7.075
4.436	-0.023	0.021	0.022	0.54	0.39	0.76	-4.61	18.44	3.08	45399	-0.020	0.022	0.093	-0.014	0.004	7.069
4.446	-0.027	0.019	0.028	0.51	0.37	0.84	-10.64	18.40	2.65	45249	-0.021	0.021	0.098	-0.015	0.004	7.064
4.452	-0.028	0.017	0.030	0.42	0.18	0.88	-15.70	20.37	3.28	44351	-0.022	0.020	0.102	-0.015	0.004	7.059
4.464	-0.030	0.016	0.032	0.24	0.01	0.93	-20.69	20.78	3.45	44275	-0.023	0.019	0.107	-0.015	0.003	7.053
4.477	-0.030	0.015	0.034	0.02	-0.23	0.96	-21.97	21.71	4.30	44188	-0.023	0.018	0.111	-0.015	0.003	7.047
4.487	-0.032	0.013	0.039	-0.15	-0.36	1.02	-20.53	20.82	3.95	44069	-0.024	0.017	0.116	-0.016	0.003	7.041
4.494	-0.033	0.011	0.041	-0.30	-0.55	1.06	-18.22	18.51	3.95	43370	-0.026	0.015	0.120	-0.016	0.003	7.035
4.504	-0.033	0.010	0.043	-0.48	-0.75	1.10	-16.71	15.14	4.43	43312	-0.026	0.014	0.125	-0.017	0.003	7.029
4.517	-0.033	0.010	0.046	-0.69	-0.93	1.13	-14.89	13.09	5.42	43223	-0.027	0.013	0.129	-0.017	0.002	7.023
4.527	-0.032	0.011	0.048	-0.88	-1.14	1.16	-9.71	12.13	6.98	43112	-0.028	0.012	0.134	-0.017	0.002	7.016
4.536	-0.030	0.013	0.051	-1.07	-1.37	1.20	-6.88	12.53	7.31	43001	-0.028	0.012	0.138	-0.017	0.002	7.010
4.544	-0.031	0.011	0.054	-1.07	-1.46	1.28	-4.64	9.65	7.82	42706	-0.029	0.011	0.142	-0.017	0.002	7.003
4.557	-0.033	0.010	0.056	-1.10	-1.44	1.37	-5.23	3.96	7.14	42675	-0.029	0.010	0.147	-0.017	0.002	6.996
4.568	-0.028	0.011	0.058	-1.22	-1.68	1.40	-4.10	-0.77	6.95	42682	-0.029	0.010	0.151	-0.017	0.002	6.989
4.578	-0.029	0.009	0.061	-1.21	-1.64	1.48	-1.83	-1.70	6.21	42668	-0.029	0.009	0.155	-0.017	0.002	6.982
4.586	-0.029	0.010	0.063	-1.26	-1.63	1.53	-1.21	-2.60	6.38	44595	-0.030	0.009	0.159	-0.017	0.002	6.975
4.598	-0.030	0.006	0.065	-1.13	-1.59	1.61	0.85	-1.58	4.76	44642	-0.030	0.008	0.163	-0.017	0.002	6.967
4.608	-0.030	0.006	0.068	-1.12	-1.58	1.66	3.78	0.03	5.18	44732	-0.030	0.007	0.167	-0.017	0.002	6.960
4.617	-0.030	0.004	0.068	-1.01	-1.59	1.71	5.16	3.12	3.99	44764	-0.030	0.007	0.171	-0.017	0.002	6.952
4.627	-0.030	0.003	0.070	-0.93	-1.64	1.75	6.98	3.58	3.38	45011	-0.030	0.006	0.174	-0.017	0.002	6.944
4.636	-0.030	0.002	0.072	-0.83	-1.66	1.78	10.24	5.15	2.47	45074	-0.031	0.005	0.178	-0.017	0.002	6.936
4.647	-0.030	0.001	0.074	-0.73	-1.71	1.80	12.57	4.84	1.87	45139	-0.031	0.004	0.182	-0.017	0.002	6.928
4.653	-0.031	-0.000	0.076	-0.54	-1.74	1.83	12.99	2.09	1.42	45216	-0.031	0.003	0.185	-0.017	0.002	6.920
4.667	-0.030	-0.002	0.078	-0.40	-1.75	1.84	11.77	-1.48	0.34	45313	-0.031	0.002	0.189	-0.017	0.001	6.911
4.676	-0.031	-0.002	0.080	-0.31	-1.69	1.84	9.00	-4.75	-0.24	45226	-0.032	0.001	0.193	-0.017	0.001	6.903
4.687	-0.031	-0.002	0.082	-0.27	-1.64	1.83	4.91	-6.48	-0.56	45301	-0.032	0.000	0.196	-0.017	0.001	6.894
4.696	-0.031	-0.005	0.083	-0.16	-1.57	1.84	-1.35	-6.07	-1.22	45343	-0.032	-0.001	0.200	-0.017	0.001	6.885
4.703	-0.031	-0.005	0.083	-0.22	-1.52	1.82	-5.85	-3.93	-1.85	45417	-0.032	-0.002	0.203	-0.017	0.001	6.876
4.714	-0.032	-0.007	0.085	-0.27	-1.44	1.81	-9.90	-3.00	-2.21	45747	-0.033	-0.003	0.206	-0.017	0.000	6.867
4.724	-0.032	-0.008	0.086	-0.38	-1.41	1.79	-12.72	-3.64	-2.62	45819	-0.033	-0.004	0.209	-0.017	0.000	6.858
4.737	-0.032	-0.008	0.088	-0.54	-1.34	1.76	-12.77	-4.24	-2.58	45894	-0.033	-0.005	0.212	-0.017	0.000	6.848
4.745	-0.031	-0.008	0.089	-0.70	-1.35	1.72	-11.36	-4.17	-2.56	45942	-0.034	-0.006	0.215	-0.017	-0.000	6.839
4.757	-0.031	-0.011	0.090	-0.71	-1.29	1.72	-10.33	-5.24	-2.68	45968	-0.034	-0.007	0.218	-0.016	-0.000	6.829
4.767	-0.031	-0.012	0.092	-0.82	-1.22	1.69	-10.12	-7.17	-3.25	46053	-0.034	-0.008	0.221	-0.016	-0.000	6.819
4.774	-0.031	-0.013	0.093	-0.86	-1.13	1.67	-7.62	-8.83	-3.65	46096	-0.034	-0.009	0.224	-0.016	-0.001	6.809
4.786	-0.031	-0.014	0.094	-0.94	-1.02	1.63	-6.35	-9.07	-3.80	46166	-0.034	-0.010	0.227	-0.016	-0.001	6.799
4.796	-0.030	-0.014	0.094	-1.02	-0.96	1.59	-4.80	-8.49	-4.22	48352	-0.034	-0.011	0.230	-0.016	-0.001	6.789
4.803	-0.030	-0.015	0.095	-1.06	-0.88	1.54	-4.04	-6.01	-4.53	48791	-0.034	-0.012	0.232	-0.016	-0.001	6.778
4.814	-0.031	-0.016	0.096	-1.09	-0.81	1.50	-2.99	-4.64	-4.35	48855	-0.034	-0.013	0.235	-0.015	-0.001	6.768
4.826	-0.030	-0.017	0.097	-1.11	-0.77	1.46	-0.93	-3.00	-3.77	48896	-0.034	-0.013	0.238	-0.015	-0.002	6.757
4.837	-0.030	-0.017	0.095	-1.12	-0.74	1.42	0.34	-2.39	-4.37	48916	-0.034	-0.014	0.240	-0.015	-0.002	6.746
4.847	-0.030	-0.017	0.096	-1.11	-0.72	1.37	2.93	-3.09	-4.21	49461	-0.034	-0.015	0.243	-0.015	-0.002	6.735
4.854	-0.030	-0.018	0.097	-1.08	-0.69	1.33	2.76	-3.28	-4.66	49474	-0.034	-0.016	0.245	-0.014	-0.002	6.724
4.865	-0.030	-0.018	0.098	-1.07	-0.63	1.28	3.42	-3.84	-4.37	49453	-0.034	-0.016	0.248	-0.014	-0.002	6.713
4.877	-0.030	-0.019	0.100	-1.01	-0.58	1.24	4.14	-3.44	-4.82	49392	-0.034	-0.017	0.250	-0.014	-0.002	6.701
4.887	-0.030	-0.021	0.102	-0.93	-0.54	1.21	4.19	-5.09	-4.67	49331	-0.034	-0.018	0.253	-0.014	-0.002	6.690
4.896	-0.030	-0.020	0.104	-0.93	-0.46	1.15	3.88	-6.64	-4.73	48938	-0.034	-0.018	0.257	-0.014	-0.002	6.678
4.907	-0.030	-0.020	0.105	-0.92	-0.38	1.10	2.87	-7.69	-4.25	48828	-0.034	-0.019	0.260	-0.013	-0.002	6.666
4.916	-0.029	-0.021	0.106	-0.89	-0.30	1.06	1.92	-7.97	-4.31	48720	-0.034	-0.019	0.263	-0.013	-0.002	6.655
4.927	-0.029	-0.022	0.109	-0.85	-0.21	1.03	1.40	-8.59	-4.23	48643	-0.034	-0.020	0.266	-0.013	-0.003	6.643
4.937	-0.029	-0.023	0.110	-0.83	-0.12	0.98	1.36	-7.77	-5.07	48386	-0.034	-0.020	0.269	-0.013	-0.003	6.631
4.946	-0.029	-0.023	0.112	-0.83	-0.03	0.93	1.27	-6.86	-5.08	48308	-0.034	-0.021	0.272	-0.012	-0.003	6.618
4.957	-0.029	-0.024	0.113	-0.80	0.04	0.88	1.77	-5.18	-5.16	48198	-0.034	-0.022	0.275	-0.012	-0.003	6.606
4.966	-0.029	-0.024	0.115	-0.80	0.07	0.82	0.86	-1.38	-5.32	48089	-0.034	-0.022	0.278	-0.012	-0.003	6.594
4.976	-0.028	-0.024	0.118	-0.80	0.06	0.77	0.99	2.60	-5.24	47980	-0.034	-0.022	0.282	-0.011	-0.003	6.581
4.987	-0.028	-0.024	0.120	-0.78	0.01	0.72	1.33	6.68	-5.34	47560	-0.034	-0.023	0.285	-0.011	-0.003	6.569
4.996	-0.028	-0.024	0.122	-0.79	-0.04	0.66	1.57	7.01	-5.97	47446	-0.034	-0.023	0.288	-0.011	-0.003	6.556
5.006	-0.028	-0.025	0.123	-0.74	-0.12	0.61	2.54	5.59	-5.34	49441	-0.033	-0.024	0.292	-0.011	-0.003	6.543
5.017	-0.028	-0.027	0.123	-0.67	-0.16	0.56	2.98	2.83	-5.26	49370	-0.033	-0.024	0.295	-0.010	-0.003	6.530
5.027	-0.028	-0.028	0.125	-0.62	-0.16	0.51	3.62	-0.25	-5.14	49604	-0.033	-0.025	0.298	-0.010	-0.004	6.517
5.037	-0.027	-0.028	0.127	-0.58	-0.14	0.46	4.89	-3.26	-5.03	49508	-0.033	-0.025	0.301	-0.010	-0.004	6.504
5.046	-0.028	-0.028	0.129	-0.53	-0.06	0.40	5.43	-5.71	-4.96	49398	-0.033	-0.026	0.304	-0.010	-0.004	6.491
5.057	-0.027	-0.029	0.127	-0.48	-0.01	0.36	5.68	-7.81	-4.62	49279	-0.033	-0.026	0.307	-0.009	-0.004	6.477
5.067	-0.027	-0.029	0.129	-0.43	0.07	0.32	4.49	-8.71	-4.17	49869	-0.033	-0.027	0.309	-0.009	-0.004	6.463
5.072	-0.027	-0.029	0.130	-0.40	0.16	0.28	2.72	-8.91	-3.22	49757	-0.032	-0.027	0.312	-0.009	-0.004	6.450
5.083	-0.027	-0.031	0.132	-0.34	0.24	0.25	2.66	-6.16	-3.15	49648	-0.032	-0.028	0.315	-0.008	-0.004	6.436
5.097	-0.027	-0.031	0.134	-0.33	0.29	0.23	0.29	-3.64	-2.34	49534	-0.032	-0.028	0.318	-0.008	-0.004	6.422
5.108	-0.026	-0.032	0.134	-0.32	0.31	0.21	0.26	-0.44	-1.79	49416	-0.032	-0.029	0.320	-0.008	-0.005	6.408
5.113	-0.026	-0.032	0.136	-0.32	0.31	0.19	-0.07	1.97	-1.57	49572	-0.031	-0.029	0.323	-0.008	-0.005	6.393
5.124	-0.026	-0.033	0.138	-0.30	0.28	0.18	-1.56	3.29	-1.34	49445	-0.031	-0.030	0.326	-0.007	-0.005	6.379
5.135	-0.026	-0.033	0.140	-0.33	0.22	0.17	-1.14	5.27	-1.25	49322	-0.031	-0.031	0.329	-0.007	-0.005	6.365
5.146	-0.026	-0.033	0.143	-0.35	0.19	0.16	-0.84	6.13	-0.90	49188	-0.031	-0.031	0.332	-0.007	-0.005	6.350
5.155	-0.026	-0.033	0.145	-0.37	0.12	0.15	-0.48	6.31	-0.71	48824	-0.031	-0.031	0.335	-0.007	-0.005	6.336
5.164	-0.026	-0.034	0.147	-0.37	0.06	0.14	-0.28	6.00	0.04	48695	-0.030	-0.032	0.339	-0.006	-0.005	6.322
5.177	-0.026	-0.034	0.149	-0.39	0.03	0.14	-0.78	5.12	0.83	48560	-0.030	-0.032	0.342	-0.006	-0.005	6.307
5.182	-0.026	-0.034	0.151	-0.40	0.00	0.15	-1.51	3.30	1.29	48415	-0.030	-0.033	0.345	-0.006	-0.005	6.292
5.197	-0.026	-0.036	0.152	-0.34	-0.03	0.17	-0.88	2.60	1.53	48272	-0.030	-0.033	0.348	-0.006	-0.006	6.277
5.208	-0.026	-0.037	0.154	-0.35	-0.05	0.19	-0.05	2.45	1.89	48393	-0.030	-0.034	0.351	-0.006	-0.006	6.262
5.214	-0.026	-0.037	0.157	-0.36	-0.06	0.20	1.08	1.59	2.13	50319	-0.030	-0.034	0.354	-0.005	-0.006	6.247
5.225	-0.026	-0.037	0.159	-0.34	-0.07	0.22	0.64	0.43	2.33	50199	-0.030	-0.035	0.357	-0.005	-0.006	6.232
5.237	-0.026	-0.038	0.161	-0.33	-0.08	0.25	0.90	1.10	3.06	50079	-0.030	-0.035	0.360	-0.005	-0.006	6.217
5.247	-0.026	-0.038	0.163	-0.32	-0.08	0.28	0.98	1.04	3.43	50011	-0.030	-0.036	0.363	-0.005	-0.006	6.202
5.257	-0.027	-0.038	0.165	-0.33	-0.09	0.32	-0.14	1.96	4.17	49876	-0.030	-0.036	0.367	-0.005	-0.006	6.187
5.264	-0.026	-0.039	0.168	-0.33	-0.12	0.36	-0.35	2.64	4.47	49727	-0.030	-0.037	0.370	-0.004	-0.006	6.171
5.277	-0.028	-0.039	0.168	-0.34	-0.11	0.40	-0.24	3.19	4.56	49568	-0.030	-0.037	0.373	-0.004	-0.007	6.156
5.286	-0.027	-0.039	0.171	-0.33	-0.15	0.45	0.21	3.30	4.90	49689	-0.030	-0.037	0.376	-0.004	-0.007	6.140
5.297	-0.027	-0.041	0.173	-0.29	-0.19	0.50	-0.09	3.81	5.07	49520	-0.030	-0.038	0.379	-0.004	-0.007	6.125
5.306	-0.027	-0.041	0.176	-0.29	-0.23	0.55	-0.55	4.61	5.33	49369	-0.030	-0.038	0.383	-0.004	-0.007	6.109
5.317	-0.027	-0.041	0.178	-0.32	-0.27	0.61	-0.30	4.13	5.62	49203	-0.030	-0.039	0.386	-0.004	-0.007	6.093
5.326	-0.027	-0.041	0.182	-0.32	-0.31	0.66	-0.09	4.02	5.19	49033	-0.030	-0.039	0.389	-0.004	-0.007	6.078
5.336	-0.030	-0.043	0.185	-0.29	-0.27	0.71	0.05	4.05	5.19	48668	-0.030	-0.040	0.393	-0.004	-0.007	6.062
5.347	-0.030	-0.043	0.187	-0.29	-0.31	0.76	-0.75	3.10	5.18	48487	-0.031	-0.040	0.396	-0.004	-0.007	6.046
5.356	-0.030	-0.044	0.190	-0.30	-0.35	0.81	-1.90	3.59	5.37	48311	-0.031	-0.041	0.400	-0.003	-0.008	6.030
5.365	-0.030	-0.045	0.193	-0.30	-0.39	0.87	-2.59	4.18	5.61	48137	-0.031	-0.041	0.403	-0.003	-0.008	6.014
5.373	-0.030	-0.045	0.196	-0.33	-0.43	0.93	-4.45	4.18	5.56	47894	-0.031	-0.042	0.407	-0.003	-0.008	5.998
5.386	-0.030	-0.045	0.199	-0.38	-0.47	0.98	-4.61	4.05	5.91	47738	-0.032	-0.043	0.410	-0.003	-0.008	5.982
5.396	-0.030	-0.046	0.202	-0.43	-0.52	1.04	-6.11	4.44	5.30	47585	-0.032	-0.043	0.414	-0.003	-0.008	5.966
5.407	-0.029	-0.046	0.204	-0.50	-0.58	1.09	-5.83	4.76	4.88	47427	-0.032	-0.044	0.417	-0.003	-0.008	5.950
5.415	-0.029	-0.045	0.206	-0.58	-0.63	1.13	-5.98	4.85	4.74	47264	-0.032	-0.044	0.421	-0.003	-0.008	5.933
5.428	-0.030	-0.046	0.208	-0.62	-0.65	1.18	-4.60	3.79	4.74	49576	-0.032	-0.044	0.424	-0.003	-0.009	5.917
5.436	-0.029	-0.046	0.211	-0.67	-0.71	1.22	-2.65	2.98	4.15	49453	-0.032	-0.045	0.427	-0.002	-0.009	5.901
5.447	-0.031	-0.045	0.214	-0.71	-0.69	1.26	-0.91	2.27	3.92	49339	-0.032	-0.045	0.430	-0.002	-0.009	5.884
5.456	-0.027	-0.049	0.218	-0.63	-0.78	1.31	0.49	0.69	3.83	49207	-0.032	-0.045	0.434	-0.002	-0.009	5.868
5.465	-0.027	-0.049	0.221	-0.63	-0.79	1.35	1.92	-0.43	3.67	48866	-0.032	-0.046	0.437	-0.002	-0.009	5.852
5.477	-0.027	-0.049	0.224	-0.61	-0.78	1.38	2.97	-1.10	3.60	48706	-0.032	-0.046	0.441	-0.002	-0.009	5.835
5.486	-0.027	-0.049	0.227	-0.59	-0.76	1.42	2.78	-1.29	3.66	48557	-0.032	-0.047	0.445	-0.001	-0.009	5.819
5.498	-0.025	-0.049	0.231	-0.57	-0.77	1.46	2.82	-2.90	4.10	48403	-0.031	-0.047	0.448	-0.001	-0.009	5.802
5.506	-0.025	-0.049	0.234	-0.55	-0.74	1.49	2.25	-3.47	3.28	48055	-0.031	-0.048	0.452	-0.001	-0.009	5.786
5.517	-0.025	-0.050	0.238	-0.52	-0.70	1.53	1.45	-3.18	4.00	47901	-0.031	-0.048	0.456	-0.001	-0.010	5.769
5.528	-0.025	-0.049	0.241	-0.53	-0.67	1.57	1.76	-3.48	4.26	47727	-0.030	-0.048	0.459	-0.000	-0.010	5.752
5.537	-0.025	-0.051	0.244	-0.48	-0.63	1.61	0.33	-2.85	4.51	47553	-0.030	-0.048	0.463	0.000	-0.010	5.736
5.547	-0.025	-0.049	0.246	-0.52	-0.59	1.66	1.10	-4.00	4.81	47393	-0.030	-0.049	0.467	0.000	-0.010	5.719
5.558	-0.025	-0.049	0.249	-0.53	-0.54	1.71	-0.47	-4.15	4.72	47447	-0.030	-0.049	0.470	0.001	-0.010	5.702
5.567	-0.025	-0.052	0.252	-0.48	-0.50	1.75	-0.40	-3.57	4.08	47287	-0.030	-0.049	0.473	0.001	-0.010	5.686
5.574	-0.025	-0.051	0.256	-0.49	-0.45	1.79	0.91	-4.69	3.40	47122	-0.029	-0.049	0.477	0.001	-0.010	5.669
5.586	-0.024	-0.046	0.259	-0.58	-0.43	1.82	1.09	-3.57	2.93	46968	-0.029	-0.049	0.480	0.001	-0.010	5.652
5.596	-0.024	-0.048	0.263	-0.54	-0.38	1.85	1.01	-3.54	2.74	46723	-0.029	-0.049	0.484	0.002	-0.010	5.635
5.607	-0.020	-0.048	0.266	-0.53	-0.41	1.88	1.86	-3.31	2.39	46586	-0.028	-0.049	0.487	0.002	-0.010	5.618
5.616	-0.020	-0.048	0.269	-0.51	-0.38	1.91	1.85	-2.72	2.21	46448	-0.028	-0.049	0.491	0.002	-0.010	5.602
5.630	-0.019	-0.048	0.272	-0.49	-0.36	1.93	2.96	-3.06	1.77	48362	-0.027	-0.049	0.494	0.003	-0.010	5.585
5.637	-0.019	-0.048	0.275	-0.46	-0.32	1.94	2.23	-3.61	1.24	48262	-0.026	-0.049	0.497	0.003	-0.010	5.568
5.647	-0.018	-0.048	0.278	-0.44	-0.29	1.95	3.29	-3.75	0.67	48329	-0.026	-0.048	0.501	0.004	-0.010	5.551
5.657	-0.018	-0.048	0.281	-0.41	-0.25	1.96	2.68	-3.89	0.57	48219	-0.025	-0.048	0.504	0.004	-0.010	5.534
5.666	-0.017	-0.048	0.284	-0.39	-0.21	1.97	2.79	-3.73	0.42	48087	-0.025	-0.048	0.507	0.004	-0.009	5.517
5.676	-0.016	-0.046	0.290	-0.38	-0.19	1.97	3.06	-4.70	-0.03	47964	-0.024	-0.048	0.511	0.005	-0.009	5.500
5.686	-0.013	-0.046	0.293	-0.35	-0.18	1.97	3.65	-5.37	-0.04	47437	-0.023	-0.048	0.515	0.005	-0.009	5.484
5.698	-0.013	-0.046	0.296	-0.31	-0.13	1.97	4.29	-5.63	-0.07	47302	-0.022	-0.048	0.518	0.006	-0.009	5.467
5.702	-0.012	-0.046	0.300	-0.26	-0.07	1.97	4.54	-5.37	-0.44	47144	-0.021	-0.047	0.522	0.006	-0.009	5.450
5.717	-0.011	-0.047	0.303	-0.22	-0.01	1.96	4.50	-6.37	-0.63	47003	-0.020	-0.047	0.526	0.007	-0.009	5.433
5.727	-0.010	-0.046	0.306	-0.17	0.05	1.95	4.35	-6.82	-1.12	46887	-0.019	-0.047	0.529	0.007	-0.009	5.416
5.733	-0.011	-0.046	0.310	-0.13	0.13	1.94	4.35	-6.78	-1.09	46756	-0.019	-0.047	0.533	0.008	-0.009	5.399
5.743	-0.011	-0.046	0.313	-0.09	0.22	1.93	4.91	-7.32	-1.15	46614	-0.018	-0.047	0.536	0.008	-0.009	5.382
5.756	-0.010	-0.045	0.317	-0.04	0.29	1.92	4.16	-7.03	-0.92	46481	-0.017	-0.046	0.540	0.008	-0.009	5.365
5.767	-0.009	-0.045	0.318	-0.01	0.34	1.91	3.76	-5.42	-1.35	46360	-0.016	-0.046	0.543	0.009	-0.009	5.348
5.776	-0.010	-0.045	0.322	0.03	0.41	1.90	3.79	-4.54	-1.47	46503	-0.016	-0.046	0.546	0.009	-0.009	5.331
5.783	-0.009	-0.046	0.325	0.09	0.44	1.88	3.09	-3.34	-1.81	46382	-0.015	-0.046	0.549	0.009	-0.009	5.314
5.794	-0.008	-0.046	0.329	0.12	0.46	1.85	3.30	-1.79	-2.39	46249	-0.014	-0.046	0.552	0.010	-0.009	5.297
5.805	-0.008	-0.046	0.334	0.15	0.50	1.83	2.87	-1.76	-2.05	46281	-0.014	-0.046	0.556	0.010	-0.009	5.281
5.821	-0.005	-0.046	0.337	0.18	0.47	1.81	2.42	-0.38	-2.47	45852	-0.013	-0.046	0.559	0.010	-0.009	5.264
5.827	-0.005	-0.046	0.340	0.20	0.47	1.78	2.58	-0.24	-2.81	45752	-0.012	-0.046	0.562	0.011	-0.009	5.247
5.838	-0.004	-0.046	0.344	0.22	0.48	1.75	1.95	-1.35	-2.95	47719	-0.011	-0.046	0.566	0.011	-0.009	5.230
5.847	-0.004	-0.045	0.347	0.24	0.49	1.72	2.73	-0.64	-3.70	47620	-0.011	-0.046	0.569	0.011	-0.009	5.213
5.856	-0.004	-0.046	0.351	0.27	0.51	1.68	2.19	-2.13	-3.49	47759	-0.010	-0.046	0.572	0.012	-0.009	5.196
5.867	-0.004	-0.046	0.351	0.28	0.51	1.68	2.01	-2.36	-3.55	47596	-0.009	-0.046	0.575	0.012	-0.009	5.179
5.875	-0.003	-0.045	0.354	0.29	0.53	1.65	1.31	-2.34	-3.44	47492	-0.009	-0.045	0.578	0.012	-0.009	5.162
5.887	-0.003	-0.045	0.357	0.30	0.55	1.61	1.21	-1.53	-3.75	47386	-0.008	-0.045	0.581	0.012	-0.009	5.146
5.892	-0.003	-0.045	0.359	0.31	0.57	1.58	1.61	-0.70	-3.98	47285	-0.007	-0.045	0.584	0.013	-0.009	5.128
5.904	-0.002	-0.045	0.362	0.33	0.58	1.54	0.26	-2.12	-3.89	47558	-0.007	-0.045	0.586	0.013	-0.009	5.111
5.916	-0.001	-0.044	0.365	0.32	0.59	1.50	0.64	-1.64	-4.04	47465	-0.006	-0.045	0.589	0.013	-0.009	5.094
5.926	-0.000	-0.044	0.368	0.32	0.61	1.46	0.02	-1.49	-3.73	47355	-0.005	-0.045	0.592	0.013	-0.009	5.077
5.937	-0.001	-0.044	0.372	0.32	0.64	1.42	-0.45	-0.89	-4.34	47237	-0.005	-0.045	0.595	0.014	-0.009	5.061
5.946	-0.001	-0.044	0.375	0.33	0.66	1.38	-0.46	-0.73	-4.21	47070	-0.004	-0.045	0.598	0.014	-0.009	5.044
5.955	-0.001	-0.045	0.378	0.33	0.67	1.33	-0.45	-1.01	-4.03	46968	-0.004	-0.045	0.601	0.014	-0.009	5.027
5.966	-0.000	-0.044	0.381	0.32	0.67	1.29	-0.09	-0.58	-4.21	46851	-0.003	-0.044	0.603	0.014	-0.009	5.010
5.976	0.001	-0.043	0.387	0.31	0.69	1.21	0.44	-0.71	-4.16	46725	-0.003	-0.044	0.607	0.014	-0.009	4.993
5.984	-0.000	-0.046	0.387	0.35	0.70	1.21	0.95	0.01	-4.17	46605	-0.002	-0.045	0.610	0.014	-0.009	4.976
5.996	-0.000	-0.044	0.390	0.32	0.70	1.17	0.61	1.06	-3.63	46596	-0.002	-0.045	0.612	0.014	-0.009	4.959
6.007	0.000	-0.044	0.393	0.33	0.70	1.13	0.15	1.37	-3.50	46487	-0.001	-0.044	0.615	0.015	-0.009	4.943
6.015	0.001	-0.044	0.396	0.33	0.68	1.09	-0.26	2.47	-3.00	46382	-0.001	-0.044	0.618	0.015	-0.009	4.926
6.026	-0.000	-0.045	0.399	0.36	0.68	1.06	-0.86	2.93	-3.44	46269	-0.001	-0.045	0.621	0.015	-0.009	4.909
6.036	-0.001	-0.053	0.402	0.45	0.66	1.02	-0.89	3.19	-2.98	46160	-0.001	-0.046	0.623	0.015	-0.009	4.892
6.046	0.000	-0.051	0.405	0.41	0.61	0.99	-0.27	4.03	-3.20	46069	-0.000	-0.046	0.626	0.015	-0.009	4.875
6.056	0.000	-0.040	0.408	0.26	0.58	0.97	-1.39	3.42	-3.63	45975	-0.000	-0.046	0.629	0.015	-0.009	4.859
6.061	0.001	-0.053	0.411	0.41	0.54	0.93	-1.64	3.29	-3.55	45869	0.000	-0.047	0.631	0.015	-0.009	4.842
6.075	0.001	-0.042	0.414	0.25	0.51	0.90	-3.15	3.85	-4.28	45759	0.001	-0.046	0.634	0.015	-0.009	4.825
6.086	-0.002	-0.044	0.417	0.24	0.50	0.86	-4.69	3.49	-4.13	45764	0.000	-0.046	0.636	0.015	-0.009	4.809
6.092	0.009	-0.043	0.420	0.19	0.33	0.82	-5.06	3.90	-3.82	45688	0.002	-0.046	0.639	0.015	-0.009	4.792
6.103	0.009	-0.043	0.423	0.14	0.29	0.78	-4.94	1.69	-3.43	45608	0.003	-0.045	0.641	0.015	-0.009	4.775
6.117	0.009	-0.043	0.426	0.09	0.27	0.74	-6.15	1.10	-3.66	45527	0.004	-0.045	0.644	0.016	-0.009	4.759
6.126	0.009	-0.042	0.429	0.02	0.26	0.71	-4.87	0.54	-3.57	45396	0.005	-0.045	0.646	0.016	-0.008	4.742
6.135	0.009	-0.042	0.431	-0.04	0.25	0.67	-4.64	-1.06	-3.73	45309	0.006	-0.045	0.649	0.016	-0.008	4.726
6.143	0.010	-0.042	0.434	-0.10	0.25	0.64	-3.35	-2.45	-3.68	45229	0.006	-0.044	0.651	0.016	-0.008	4.709
6.154	0.011	-0.044	0.439	-0.10	0.27	0.60	-1.08	-4.10	-3.95	45151	0.007	-0.044	0.654	0.016	-0.008	4.693
6.166	0.011	-0.044	0.442	-0.12	0.31	0.56	-0.11	-5.40	-4.38	44717	0.008	-0.044	0.656	0.016	-0.008	4.677
6.176	0.011	-0.045	0.445	-0.12	0.37	0.51	0.76	-5.25	-4.75	44635	0.009	-0.045	0.659	0.017	-0.008	4.661
6.186	0.011	-0.045	0.448	-0.12	0.42	0.47	3.06	-4.57	-5.20	44560	0.009	-0.045	0.661	0.017	-0.008	4.644
6.193	0.012	-0.045	0.451	-0.09	0.46	0.42	3.09	-4.55	-5.03	44483	0.010	-0.045	0.664	0.017	-0.008	4.628
6.203	0.013	-0.045	0.454	-0.05	0.51	0.37	3.92	-4.40	-5.02	44408	0.011	-0.045	0.666	0.017	-0.008	4.612
6.215	0.013	-0.046	0.457	-0.01	0.55	0.32	3.54	-2.92	-4.66	44230	0.011	-0.045	0.669	0.017	-0.008	4.596
6.225	0.014	-0.046	0.460	0.02	0.59	0.27	2.61	-1.91	-4.41	44180	0.012	-0.045	0.671	0.017	-0.008	4.580
6.235	0.014	-0.046	0.462	0.05	0.61	0.23	2.10	-0.97	-4.08	44132	0.013	-0.045	0.673	0.017	-0.008	4.564
6.248	0.014	-0.045	0.466	0.07	0.63	0.19	0.32	0.02	-4.07	44081	0.013	-0.045	0.675	0.017	-0.008	4.548
6.256	0.014	-0.045	0.469	0.08	0.63	0.15	-1.17	0.55	-4.08	43917	0.014	-0.045	0.678	0.017	-0.008	4.532
6.267	0.014	-0.044	0.471	0.06	0.63	0.11	-0.88	0.83	-3.56	43889	0.014	-0.045	0.680	0.017	-0.008	4.517
6.278	0.014	-0.043	0.474	0.05	0.62	0.07	-1.75	0.45	-2.84	43851	0.015	-0.045	0.682	0.017	-0.008	4.501
6.285	0.014	-0.044	0.476	0.03	0.62	0.04	-0.88	0.46	-2.40	43834	0.015	-0.045	0.684	0.017	-0.008	4.485
6.296	0.014	-0.043	0.477	0.01	0.62	0.02	-0.93	1.17	-2.46	43831	0.015	-0.045	0.685	0.017	-0.008	4.469
6.306	0.015	-0.043	0.479	0.00	0.61	-0.01	-2.34	2.64	-3.91	44293	0.016	-0.045	0.687	0.017	-0.008	4.453
6.317	0.015	-0.043	0.481	-0.01	0.59	-0.04	-0.89	2.22	-2.17	44291	0.016	-0.045	0.688	0.017	-0.008	4.438
6.326	0.015	-0.043	0.484	-0.02	0.56	-0.07	-0.13	2.23	-2.14	44302	0.016	-0.045	0.690	0.017	-0.008	4.422
6.336	0.015	-0.046	0.487	0.00	0.54	-0.09	-0.21	2.12	-1.49	44336	0.017	-0.045	0.691	0.017	-0.008	4.407
6.348	0.015	-0.046	0.489	-0.00	0.52	-0.11	-0.30	2.91	-1.45	44185	0.017	-0.045	0.693	0.017	-0.008	4.391
6.353	0.016	-0.040	0.491	-0.06	0.49	-0.11	-0.05	1.77	-1.24	44190	0.017	-0.044	0.695	0.017	-0.008	4.376
6.363	0.017	-0.045	0.493	-0.01	0.45	-0.13	-0.02	1.70	-0.51	44202	0.018	-0.045	0.696	0.017	-0.008	4.360
6.377	0.017	-0.045	0.497	-0.01	0.44	-0.14	0.22	2.84	-1.84	44230	0.018	-0.045	0.698	0.016	-0.008	4.345
6.386	0.017	-0.045	0.499	-0.01	0.41	-0.16	0.92	1.16	-0.31	43977	0.018	-0.045	0.699	0.016	-0.008	4.330
6.396	0.017	-0.042	0.501	-0.03	0.39	-0.16	-0.27	1.59	-1.14	43999	0.019	-0.045	0.701	0.016	-0.007	4.315
6.403	0.016	-0.042	0.503	-0.03	0.39	-0.17	0.26	1.54	-0.95	44031	0.019	-0.044	0.702	0.016	-0.007	4.299
6.416	0.024	-0.042	0.505	-0.03	0.30	-0.18	-1.32	1.99	-1.32	44061	0.020	-0.044	0.704	0.016	-0.007	4.284
6.426	0.024	-0.037	0.507	-0.09	0.29	-0.19	-0.94	0.41	0.43	44092	0.021	-0.043	0.705	0.016	-0.007	4.269
6.436	0.025	-0.036	0.509	-0.11	0.27	-0.19	-1.93	1.45	-0.73	44027	0.022	-0.043	0.706	0.017	-0.007	4.254
6.450	0.024	-0.036	0.511	-0.13	0.26	-0.20	-1.80	2.10	-0.66	44076	0.023	-0.042	0.708	0.017	-0.006	4.239
6.456	0.025	-0.036	0.512	-0.14	0.24	-0.20	0.17	1.08	-0.10	44104	0.024	-0.041	0.709	0.017	-0.006	4.225
6.466	0.025	-0.036	0.514	-0.14	0.23	-0.20	0.33	0.06	0.21	44139	0.024	-0.041	0.710	0.017	-0.006	4.210
6.476	0.026	-0.036	0.516	-0.14	0.22	-0.20	1.66	-0.30	0.04	44207	0.025	-0.040	0.711	0.017	-0.006	4.195
6.485	0.026	-0.036	0.517	-0.13	0.22	-0.20	1.74	-0.42	-0.52	44257	0.026	-0.039	0.712	0.017	-0.005	4.180
6.495	0.026	-0.037	0.519	-0.10	0.23	-0.21	2.35	-2.33	-0.96	44303	0.026	-0.039	0.713	0.017	-0.005	4.165
6.505	0.026	-0.036	0.520	-0.07	0.25	-0.21	4.55	-2.94	-0.01	44367	0.027	-0.039	0.714	0.017	-0.005	4.151
6.516	0.025	-0.038	0.521	-0.02	0.28	-0.22	3.76	-2.69	-1.10	44436	0.027	-0.039	0.714	0.017	-0.005	4.136
6.524	0.026	-0.037	0.522	0.02	0.30	-0.23	4.56	-2.44	-1.41	44699	0.028	-0.038	0.715	0.017	-0.005	4.121
6.536	0.026	-0.038	0.523	0.07	0.33	-0.24	4.35	-2.22	-0.91	44759	0.028	-0.038	0.716	0.017	-0.005	4.107
6.545	0.026	-0.036	0.524	0.10	0.35	-0.25	3.62	-2.58	-0.46	44840	0.028	-0.038	0.716	0.016	-0.005	4.092
6.555	0.026	-0.036	0.527	0.13	0.38	-0.25	1.91	-0.87	-1.73	44911	0.029	-0.038	0.717	0.016	-0.005	4.078
6.565	0.025	-0.036	0.528	0.16	0.41	-0.26	0.23	-1.35	-0.66	44643	0.029	-0.038	0.718	0.016	-0.005	4.063
6.576	0.025	-0.036	0.530	0.16	0.42	-0.27	1.66	-1.03	-0.02	44697	0.029	-0.037	0.718	0.016	-0.005	4.049
6.586	0.025	-0.037	0.531	0.19	0.43	-0.28	-0.04	-0.79	0.02	44761	0.029	-0.037	0.719	0.016	-0.005	4.035
6.595	0.025	-0.042	0.531	0.23	0.44	-0.28	0.13	0.42	-0.97	44816	0.029	-0.038	0.720	0.015	-0.005	4.021
6.605	0.026	-0.039	0.532	0.22	0.43	-0.28	0.14	0.66	-0.73	44924	0.030	-0.038	0.720	0.015	-0.005	4.006
6.619	0.025	-0.042	0.533	0.24	0.43	-0.29	1.05	1.49	-0.84	44991	0.030	-0.038	0.721	0.015	-0.005	3.992
6.625	0.024	-0.043	0.534	0.25	0.43	-0.30	-0.02	1.53	-0.87	45052	0.030	-0.039	0.721	0.015	-0.005	3.978
6.636	0.026	-0.043	0.535	0.25	0.41	-0.31	0.59	1.22	-1.17	45101	0.030	-0.040	0.721	0.015	-0.005	3.964
6.645	0.026	-0.043	0.536	0.26	0.40	-0.32	0.46	-0.41	-0.01	45156	0.030	-0.040	0.722	0.014	-0.006	3.950
6.657	0.026	-0.043	0.536	0.27	0.40	-0.32	0.65	0.27	-0.69	45309	0.030	-0.040	0.722	0.014	-0.006	3.936
6.665	0.026	-0.043	0.537	0.27	0.40	-0.33	-1.02	0.76	0.32	45372	0.030	-0.041	0.722	0.014	-0.006	3.922
6.675	0.026	-0.043	0.538	0.27	0.39	-0.33	-2.70	1.20	0.00	45433	0.030	-0.041	0.722	0.014	-0.006	3.908
6.686	0.026	-0.043	0.539	0.24	0.38	-0.33	-2.14	1.06	-0.06	45500	0.030	-0.041	0.722	0.014	-0.006	3.894
6.695	0.026	-0.043	0.539	0.22	0.38	-0.32	-2.15	1.60	0.11	45527	0.030	-0.042	0.722	0.013	-0.006	3.880
6.707	0.026	-0.043	0.540	0.19	0.36	-0.32	-1.83	2.48	-0.32	45581	0.030	-0.042	0.722	0.013	-0.006	3.866
6.712	0.026	-0.044	0.540	0.17	0.34	-0.33	-2.50	2.73	-0.66	45619	0.031	-0.042	0.723	0.013	-0.006	3.852
6.725	0.028	-0.044	0.541	0.15	0.30	-0.33	-2.74	2.77	-0.89	45666	0.031	-0.043	0.723	0.013	-0.006	3.838
6.733	0.027	-0.044	0.541	0.13	0.28	-0.34	-1.38	2.57	-0.75	45714	0.031	-0.043	0.723	0.013	-0.006	3.825
6.746	0.026	-0.044	0.542	0.11	0.27	-0.34	-0.80	1.95	-0.74	45792	0.031	-0.043	0.722	0.012	-0.006	3.811
6.758	0.026	-0.044	0.542	0.10	0.24	-0.35	-1.20	2.50	-0.57	45845	0.031	-0.043	0.722	0.012	-0.006	3.797
6.764	0.026	-0.044	0.543	0.09	0.22	-0.36	-1.23	2.74	-0.43	45907	0.031	-0.043	0.722	0.012	-0.006	3.784
6.776	0.026	-0.044	0.542	0.08	0.20	-0.36	-1.73	3.00	-0.21	45960	0.031	-0.044	0.722	0.012	-0.006	3.770
6.786	0.026	-0.044	0.542	0.06	0.17	-0.36	-1.42	3.69	-0.10	46295	0.031	-0.044	0.722	0.011	-0.006	3.756
6.796	0.026	-0.044	0.542	0.05	0.13	-0.36	-1.84	3.94	0.09	46337	0.031	-0.044	0.721	0.011	-0.006	3.743
6.804	0.022	-0.050	0.542	0.08	0.12	-0.36	-1.49	4.82	-0.32	46386	0.030	-0.045	0.721	0.011	-0.007	3.729
6.815	0.022	-0.050	0.543	0.06	0.08	-0.36	-1.36	4.81	-0.67	46440	0.030	-0.046	0.721	0.010	-0.007	3.716
6.823	0.022	-0.053	0.543	0.07	0.03	-0.37	-0.59	3.14	-0.15	46448	0.029	-0.047	0.720	0.010	-0.007	3.702
6.834	0.023	-0.057	0.543	0.09	-0.01	-0.37	-1.36	2.40	-0.05	46472	0.029	-0.048	0.720	0.010	-0.008	3.689
6.846	0.023	-0.058	0.543	0.08	-0.04	-0.37	-2.48	2.73	-0.27	46500	0.029	-0.049	0.720	0.009	-0.008	3.675
6.857	0.023	-0.058	0.543	0.06	-0.06	-0.37	-3.62	3.21	-0.38	46541	0.029	-0.051	0.720	0.009	-0.008	3.662
6.866	0.023	-0.059	0.543	0.03	-0.09	-0.37	-4.22	2.79	-0.12	46580	0.028	-0.052	0.719	0.009	-0.009	3.649
6.876	0.022	-0.058	0.543	-0.02	-0.11	-0.38	-6.12	3.62	0.37	46809	0.028	-0.053	0.719	0.008	-0.009	3.635
6.884	0.022	-0.058	0.543	-0.07	-0.15	-0.37	-6.33	4.51	0.72	46845	0.028	-0.054	0.718	0.008	-0.009	3.622
6.896	0.022	-0.059	0.543	-0.13	-0.19	-0.37	-7.18	5.08	0.95	46875	0.028	-0.055	0.718	0.008	-0.010	3.609
6.905	0.023	-0.061	0.544	-0.19	-0.24	-0.36	-7.35	4.77	1.14	46910	0.028	-0.056	0.717	0.008	-0.010	3.596
6.917	0.022	-0.062	0.544	-0.26	-0.29	-0.35	-6.64	3.65	0.43	46722	0.027	-0.057	0.717	0.007	-0.010	3.583
6.926	0.023	-0.062	0.544	-0.33	-0.33	-0.34	-5.66	3.38	0.31	46731	0.027	-0.057	0.717	0.007	-0.010	3.569
6.936	0.020	-0.063	0.544	-0.38	-0.34	-0.34	-4.41	1.91	0.60	46739	0.027	-0.058	0.717	0.007	-0.011	3.556
6.946	0.020	-0.063	0.544	-0.43	-0.36	-0.33	-3.73	0.80	0.94	46755	0.026	-0.059	0.716	0.006	-0.011	3.543
6.955	0.020	-0.065	0.546	-0.46	-0.37	-0.33	-2.33	-0.49	0.35	46758	0.026	-0.060	0.716	0.006	-0.011	3.530
6.965	0.020	-0.066	0.547	-0.48	-0.37	-0.32	-1.35	-0.17	0.92	46425	0.026	-0.061	0.716	0.006	-0.011	3.518
6.973	0.019	-0.067	0.547	-0.49	-0.36	-0.31	-1.36	-1.51	0.17	46415	0.025	-0.062	0.716	0.005	-0.012	3.505
6.985	0.019	-0.067	0.547	-0.50	-0.35	-0.31	-1.70	-1.44	0.21	46420	0.025	-0.063	0.716	0.005	-0.012	3.492
6.992	0.019	-0.068	0.549	-0.52	-0.33	-0.30	-1.74	-0.75	0.37	46424	0.025	-0.064	0.716	0.005	-0.012	3.479
7.005	0.019	-0.068	0.549	-0.53	-0.32	-0.30	-1.94	0.24	0.43	46144	0.024	-0.065	0.716	0.005	-0.012	3.466
7.015	0.019	-0.068	0.549	-0.55	-0.32	-0.30	-3.33	1.40	1.06	46136	0.024	-0.065	0.716	0.004	-0.012	3.454
7.025	0.020	-0.069	0.549	-0.58	-0.33	-0.29	-3.47	2.37	1.57	46119	0.024	-0.066	0.716	0.004	-0.012	3.441
7.036	0.018	-0.069	0.549	-0.63	-0.34	-0.28	-3.99	2.61	1.28	46111	0.023	-0.067	0.716	0.004	-0.013	3.428
7.042	0.018	-0.069	0.549	-0.67	-0.36	-0.26	-4.03	2.79	1.52	46302	0.023	-0.067	0.715	0.004	-0.013	3.416
7.056	0.018	-0.069	0.549	-0.71	-0.39	-0.25	-3.52	2.64	1.44	46289	0.023	-0.068	0.715	0.003	-0.013	3.403
7.067	0.018	-0.070	0.549	-0.74	-0.42	-0.23	-2.75	1.42	1.36	46277	0.023	-0.068	0.715	0.003	-0.013	3.391
7.071	0.017	-0.076	0.550	-0.74	-0.43	-0.22	-1.75	0.89	1.07	46287	0.022	-0.069	0.715	0.003	-0.013	3.378
7.086	0.017	-0.077	0.550	-0.75	-0.44	-0.21	-0.64	0.05	1.44	46295	0.022	-0.071	0.714	0.003	-0.013	3.366
7.097	0.017	-0.077	0.550	-0.76	-0.44	-0.20	-0.13	-1.08	0.98	46195	0.021	-0.072	0.714	0.002	-0.014	3.353
7.105	0.017	-0.078	0.551	-0.76	-0.43	-0.18	0.55	-1.27	1.23	46180	0.021	-0.073	0.714	0.002	-0.014	3.341
7.114	0.017	-0.078	0.551	-0.76	-0.42	-0.17	0.89	-2.17	1.33	46187	0.021	-0.073	0.713	0.002	-0.014	3.329
7.124	0.017	-0.078	0.550	-0.75	-0.40	-0.16	0.42	-1.80	0.72	46198	0.021	-0.074	0.713	0.002	-0.014	3.316
7.137	0.017	-0.078	0.551	-0.75	-0.38	-0.15	-0.72	-1.84	0.85	46336	0.020	-0.075	0.713	0.002	-0.015	3.304
7.146	0.014	-0.078	0.551	-0.76	-0.35	-0.14	-1.20	-2.12	0.61	46336	0.020	-0.076	0.712	0.001	-0.015	3.292
7.165	0.014	-0.078	0.551	-0.77	-0.33	-0.13	-0.85	-1.03	0.84	46339	0.019	-0.076	0.712	0.001	-0.015	3.280
7.170	0.016	-0.078	0.551	-0.78	-0.33	-0.13	-1.31	0.08	0.92	46343	0.019	-0.077	0.711	0.001	-0.015	3.267
7.176	0.017	-0.078	0.551	-0.80	-0.32	-0.12	-1.37	-0.18	0.92	46349	0.019	-0.077	0.711	0.001	-0.015	3.255
7.185	0.017	-0.078	0.552	-0.82	-0.32	-0.11	-1.24	-0.03	1.06	46285	0.019	-0.077	0.711	0.001	-0.015	3.243
7.191	0.017	-0.079	0.552	-0.83	-0.32	-0.10	0.36	0.27	0.83	46290	0.019	-0.078	0.710	0.001	-0.015	3.231
7.206	0.017	-0.079	0.552	-0.83	-0.33	-0.09	0.66	-0.56	0.67	46297	0.019	-0.078	0.710	0.001	-0.015	3.219
7.215	0.017	-0.081	0.552	-0.81	-0.32	-0.08	1.52	-0.49	0.64	46295	0.019	-0.079	0.710	0.000	-0.015	3.207
7.223	0.017	-0.081	0.553	-0.80	-0.32	-0.07	2.46	-1.06	0.32	46221	0.018	-0.079	0.709	0.000	-0.015	3.195
7.234	0.014	-0.082	0.553	-0.77	-0.29	-0.07	2.69	-2.47	-0.19	46206	0.018	-0.079	0.709	0.000	-0.016	3.184
7.245	0.014	-0.082	0.553	-0.75	-0.27	-0.07	3.90	-3.19	-0.48	46212	0.018	-0.080	0.709	0.000	-0.016	3.172
7.256	0.013	-0.078	0.553	-0.73	-0.24	-0.07	4.26	-3.34	-0.53	46219	0.017	-0.080	0.708	-0.000	-0.016	3.160
7.269	0.015	-0.081	0.553	-0.68	-0.21	-0.08	2.88	-3.56	-0.47	46299	0.017	-0.080	0.708	-0.000	-0.016	3.148
7.275	0.015	-0.081	0.553	-0.65	-0.18	-0.08	3.23	-2.92	-0.51	46302	0.017	-0.080	0.707	-0.000	-0.016	3.137
7.285	0.015	-0.081	0.553	-0.61	-0.15	-0.09	2.60	-2.01	-0.14	46307	0.017	-0.080	0.707	-0.001	-0.016	3.125
7.294	0.015	-0.081	0.553	-0.59	-0.12	-0.09	3.14	-0.71	-0.31	46313	0.017	-0.081	0.706	-0.001	-0.016	3.113
7.306	0.015	-0.081	0.553	-0.56	-0.11	-0.10	2.05	-0.57	0.30	46316	0.017	-0.081	0.706	-0.001	-0.016	3.102
7.316	0.017	-0.081	0.553	-0.54	-0.12	-0.09	2.13	-0.34	-0.15	46424	0.017	-0.081	0.705	-0.001	-0.016	3.090
7.326	0.015	-0.082	0.553	-0.51	-0.10	-0.10	2.07	0.23	-0.71	46426	0.017	-0.081	0.705	-0.001	-0.016	3.079
7.336	0.017	-0.084	0.553	-0.48	-0.11	-0.10	2.15	0.04	-0.55	46445	0.017	-0.082	0.704	-0.001	-0.016	3.067
7.342	0.015	-0.082	0.553	-0.47	-0.09	-0.11	2.30	-0.03	-0.46	46467	0.017	-0.082	0.704	-0.001	-0.016	3.056
7.355	0.015	-0.083	0.553	-0.44	-0.09	-0.11	2.22	-0.72	-0.68	46562	0.016	-0.082	0.703	-0.001	-0.016	3.044
7.365	0.015	-0.083	0.553	-0.42	-0.09	-0.12	1.45	-1.07	-0.76	46568	0.016	-0.082	0.703	-0.001	-0.016	3.033
7.376	0.015	-0.083	0.553	-0.40	-0.08	-0.12	2.11	-0.95	-0.76	46582	0.016	-0.082	0.702	-0.001	-0.016	3.022
7.386	0.017	-0.081	0.553	-0.39	-0.09	-0.13	1.93	-1.35	-0.25	46600	0.016	-0.082	0.702	-0.001	-0.016	3.010
7.396	0.014	-0.081	0.552	-0.37	-0.06	-0.14	1.57	-1.58	-0.23	46609	0.016	-0.082	0.701	-0.001	-0.016	2.999
7.406	0.014	-0.074	0.552	-0.39	-0.04	-0.14	1.86	-1.51	-0.31	46839	0.016	-0.081	0.700	-0.001	-0.015	2.988
7.415	0.016	-0.082	0.552	-0.33	-0.03	-0.14	1.95	-1.41	-0.36	46847	0.016	-0.081	0.700	-0.001	-0.015	2.976
7.425	0.015	-0.080	0.552	-0.32	-0.01	-0.14	3.09	-1.27	-0.16	46865	0.016	-0.081	0.699	-0.001	-0.015	2.965
7.435	0.015	-0.076	0.551	-0.32	0.01	-0.14	3.31	-1.44	-0.32	46879	0.016	-0.081	0.698	-0.001	-0.015	2.954
7.446	0.015	-0.076	0.551	-0.28	0.02	-0.15	4.16	-1.07	-0.20	46930	0.016	-0.080	0.698	-0.001	-0.015	2.943
7.456	0.015	-0.075	0.551	-0.25	0.03	-0.15	4.38	-0.79	-0.39	46930	0.016	-0.079	0.697	-0.001	-0.015	2.932
7.465	0.015	-0.073	0.551	-0.21	0.04	-0.15	4.45	-1.06	-0.30	46934	0.016	-0.079	0.697	-0.001	-0.014	2.921
7.475	0.015	-0.073	0.550	-0.16	0.05	-0.15	4.70	-0.51	-0.18	46936	0.016	-0.078	0.696	-0.001	-0.014	2.910
7.485	0.012	-0.074	0.550	-0.11	0.07	-0.16	3.89	-0.48	-0.11	47078	0.015	-0.078	0.695	-0.002	-0.014	2.899
7.495	0.012	-0.074	0.550	-0.07	0.08	-0.16	3.34	-1.10	-0.10	47071	0.015	-0.077	0.695	-0.002	-0.014	2.888
7.502	0.012	-0.074	0.550	-0.04	0.09	-0.16	2.45	-0.53	0.33	47084	0.015	-0.077	0.694	-0.002	-0.014	2.877
7.515	0.019	-0.068	0.550	-0.04	0.06	-0.15	2.32	-0.63	0.63	47097	0.015	-0.076	0.693	-0.002	-0.013	2.866
7.527	0.019	-0.063	0.548	-0.03	0.07	-0.15	1.68	-0.01	0.21	47107	0.016	-0.074	0.692	-0.002	-0.013	2.855
7.534	0.019	-0.063	0.548	-0.01	0.07	-0.15	2.43	-0.07	0.50	47473	0.016	-0.073	0.692	-0.001	-0.012	2.844
7.544	0.019	-0.063	0.548	0.01	0.07	-0.14	3.00	0.19	0.72	47475	0.017	-0.071	0.691	-0.001	-0.012	2.834
7.556	0.017	-0.066	0.548	0.06	0.08	-0.13	3.56	-0.67	0.85	47477	0.017	-0.071	0.690	-0.001	-0.012	2.823
7.565	0.019	-0.067	0.547	0.10	0.08	-0.13	4.83	-0.83	0.51	47476	0.017	-0.070	0.689	-0.001	-0.011	2.812
7.577	0.019	-0.067	0.547	0.14	0.09	-0.12	5.28	-0.40	0.34	47574	0.017	-0.070	0.688	-0.001	-0.011	2.801
7.586	0.019	-0.067	0.547	0.19	0.09	-0.12	5.11	-0.42	-0.30	47573	0.018	-0.069	0.688	-0.001	-0.011	2.790
7.591	0.019	-0.067	0.546	0.25	0.10	-0.12	5.06	-0.98	0.63	47558	0.018	-0.069	0.687	-0.001	-0.011	2.780
7.604	0.012	-0.075	0.546	0.35	0.15	-0.11	4.12	0.40	-0.60	47544	0.017	-0.070	0.686	-0.001	-0.011	2.769
7.615	0.019	-0.069	0.545	0.36	0.11	-0.12	3.37	-0.26	0.19	47528	0.017	-0.069	0.686	-0.001	-0.011	2.759
7.625	0.012	-0.067	0.545	0.38	0.15	-0.12	2.48	0.18	0.34	47665	0.017	-0.069	0.685	-0.001	-0.011	2.748
7.633	0.019	-0.065	0.545	0.40	0.11	-0.12	0.54	0.19	0.14	47654	0.017	-0.068	0.684	-0.001	-0.011	2.737
7.643	0.019	-0.065	0.545	0.41	0.11	-0.11	-0.59	0.43	-0.25	47634	0.017	-0.068	0.683	-0.001	-0.011	2.727
7.656	0.019	-0.065	0.544	0.41	0.10	-0.11	-2.16	0.23	-0.05	47612	0.018	-0.067	0.683	-0.001	-0.011	2.716
7.665	0.019	-0.059	0.544	0.36	0.10	-0.12	-2.00	0.62	-0.20	47642	0.018	-0.066	0.682	-0.001	-0.010	2.706
7.676	0.017	-0.059	0.544	0.34	0.10	-0.12	-1.04	0.05	0.38	47626	0.018	-0.066	0.682	-0.001	-0.010	2.695
7.686	0.017	-0.059	0.544	0.33	0.10	-0.12	-0.71	0.62	0.48	47608	0.018	-0.065	0.681	-0.001	-0.010	2.685
7.693	0.017	-0.059	0.543	0.32	0.10	-0.11	-1.71	1.12	-0.23	47584	0.018	-0.064	0.680	-0.001	-0.010	2.675
7.706	0.017	-0.059	0.543	0.30	0.09	-0.11	-0.19	0.61	-0.10	47558	0.018	-0.063	0.680	-0.001	-0.009	2.664
7.716	0.017	-0.058	0.543	0.30	0.08	-0.12	1.20	0.57	0.48	47732	0.018	-0.063	0.679	-0.001	-0.009	2.654
7.725	0.017	-0.058	0.543	0.31	0.07	-0.11	1.40	0.90	-0.11	47704	0.018	-0.062	0.678	-0.002	-0.009	2.644
7.733	0.017	-0.054	0.542	0.30	0.06	-0.11	1.33	-0.44	-0.00	47670	0.018	-0.061	0.678	-0.002	-0.009	2.633
7.744	0.017	-0.057	0.544	0.34	0.07	-0.11	1.41	0.01	-0.13	47641	0.018	-0.060	0.677	-0.002	-0.008	2.623
7.755	0.017	-0.057	0.544	0.35	0.07	-0.11	1.99	-0.24	-0.56	47340	0.017	-0.060	0.677	-0.002	-0.008	2.613
7.761	0.017	-0.056	0.544	0.37	0.07	-0.12	2.86	-1.22	-0.61	47295	0.017	-0.059	0.677	-0.002	-0.008	2.603
7.775	0.017	-0.056	0.544	0.40	0.08	-0.12	3.01	-1.19	-0.65	47252	0.017	-0.059	0.676	-0.002	-0.008	2.593
7.786	0.017	-0.056	0.546	0.43	0.09	-0.13	1.85	-1.35	0.11	47203	0.017	-0.059	0.676	-0.002	-0.008	2.583
7.792	0.017	-0.056	0.546	0.45	0.10	-0.13	1.61	-0.44	-0.42	46812	0.017	-0.058	0.676	-0.002	-0.008	2.573
7.804	0.014	-0.056	0.546	0.47	0.13	-0.14	1.32	-0.45	-0.34	46765	0.017	-0.058	0.676	-0.002	-0.008	2.563
7.815	0.017	-0.057	0.547	0.49	0.12	-0.14	0.22	1.01	-0.71	46717	0.017	-0.058	0.676	-0.002	-0.008	2.554
7.825	0.017	-0.057	0.547	0.49	0.11	-0.15	-0.78	1.42	-0.53	46666	0.017	-0.058	0.676	-0.002	-0.008	2.544
7.835	0.017	-0.056	0.547	0.49	0.10	-0.15	-1.55	1.98	-0.50	46623	0.017	-0.057	0.676	-0.002	-0.007	2.534
7.845	0.017	-0.056	0.547	0.47	0.08	-0.16	-2.59	1.96	-0.09	46595	0.017	-0.057	0.676	-0.002	-0.007	2.524
7.855	0.017	-0.056	0.548	0.45	0.07	-0.16	-2.72	2.15	0.15	46550	0.017	-0.057	0.676	-0.002	-0.007	2.514
7.865	0.014	-0.055	0.548	0.42	0.06	-0.16	-6.12	2.19	-0.32	46506	0.017	-0.057	0.675	-0.002	-0.007	2.505
7.875	0.014	-0.055	0.548	0.37	0.04	-0.16	-14.28	0.96	-0.52	46472	0.017	-0.057	0.675	-0.002	-0.007	2.495
7.884	0.011	-0.050	0.548	0.22	0.04	-0.16	-26.54	0.21	-0.37	46463	0.016	-0.056	0.675	-0.003	-0.007	2.486
7.895	0.011	-0.052	0.549	0.00	0.03	-0.17	-39.56	-0.40	-0.32	46443	0.016	-0.055	0.675	-0.003	-0.007	2.476
7.901	0.014	-0.057	0.549	-0.34	0.02	-0.17	-51.60	-0.33	-0.72	46426	0.015	-0.056	0.674	-0.003	-0.007	2.467
7.912	0.014	-0.046	0.549	-0.87	0.02	-0.18	-60.05	0.06	-0.99	46414	0.015	-0.054	0.674	-0.003	-0.006	2.457
7.926	0.014	-0.056	0.550	-1.40	0.03	-0.19	-65.11	0.71	-0.81	46409	0.015	-0.055	0.674	-0.003	-0.007	2.448
7.934	0.014	-0.047	0.550	-2.10	0.02	-0.20	-67.18	-0.20	-0.60	46421	0.015	-0.054	0.674	-0.003	-0.006	2.438
7.945	0.014	-0.056	0.550	-2.72	0.02	-0.21	-64.63	-0.56	-0.81	46402	0.015	-0.054	0.673	-0.003	-0.006	2.429
7.951	0.014	-0.048	0.550	-3.41	0.02	-0.21	-58.43	-0.76	-0.08	46374	0.015	-0.053	0.673	-0.003	-0.006	2.420
7.964	0.014	-0.055	0.553	-3.98	0.03	-0.22	-49.87	0.04	-0.44	46347	0.015	-0.053	0.673	-0.003	-0.006	2.410
7.975	0.014	-0.050	0.554	-4.53	0.03	-0.22	-39.75	-0.41	-0.40	45852	0.015	-0.053	0.673	-0.003	-0.006	2.401
7.988	0.014	-0.058	0.554	-4.91	0.03	-0.22	-28.96	0.17	0.23	45828	0.015	-0.053	0.673	-0.003	-0.006	2.392
7.996	0.014	-0.053	0.554	-5.25	0.03	-0.22	-18.38	0.30	0.61	45788	0.015	-0.053	0.673	-0.003	-0.006	2.383
8.002	0.015	-0.053	0.558	-5.45	0.03	-0.22	-8.29	1.89	0.77	45736	0.015	-0.053	0.674	-0.003	-0.006	2.374
8.028	0.015	-0.053	0.559	-5.56	0.01	-0.21	-1.39	1.97	0.98	45133	0.015	-0.052	0.674	-0.003	-0.006	2.366
8.034	0.015	-0.052	0.559	-5.59	-0.01	-0.21	2.97	2.22	0.99	45105	0.015	-0.052	0.675	-0.003	-0.006	2.357
8.037	0.015	-0.052	0.560	-5.57	-0.03	-0.20	6.45	1.22	1.17	45072	0.015	-0.051	0.675	-0.003	-0.006	2.348
8.052	0.015	-0.051	0.560	-5.51	-0.05	-0.19	7.75	-0.33	1.45	45036	0.015	-0.050	0.675	-0.003	-0.006	2.340
8.052	0.017	-0.054	0.560	-5.42	-0.06	-0.17	8.82	-0.85	1.47	45023	0.016	-0.050	0.675	-0.003	-0.007	2.331
8.062	0.017	-0.049	0.560	-5.35	-0.05	-0.16	6.94	-3.39	1.34	45246	0.016	-0.049	0.675	-0.003	-0.007	2.322
8.074	0.017	-0.048	0.561	-5.28	-0.03	-0.14	5.91	-5.32	1.14	45258	0.016	-0.048	0.675	-0.003	-0.007	2.313
8.087	0.018	-0.048	0.561	-5.22	0.02	-0.12	3.97	-6.68	1.16	45265	0.016	-0.047	0.674	-0.003	-0.007	2.305
8.095	0.014	-0.050	0.559	-5.16	0.10	-0.11	2.44	-7.41	1.07	45276	0.016	-0.047	0.674	-0.003	-0.007	2.296
8.103	0.012	-0.044	0.559	-5.15	0.18	-0.09	0.68	-8.83	1.27	45778	0.016	-0.045	0.673	-0.003	-0.007	2.288
8.115	0.011	-0.044	0.560	-5.14	0.27	-0.07	-0.54	-8.67	1.64	45830	0.015	-0.044	0.673	-0.004	-0.007	2.279
8.125	0.012	-0.045	0.560	-5.13	0.35	-0.05	-0.41	-6.69	1.45	45875	0.015	-0.043	0.672	-0.004	-0.007	2.271
8.135	0.008	-0.042	0.558	-5.14	0.44	-0.03	0.54	-5.90	1.59	45912	0.014	-0.042	0.671	-0.004	-0.007	2.262
8.145	0.012	-0.036	0.558	-5.16	0.48	-0.01	2.42	-4.67	1.69	45969	0.014	-0.040	0.670	-0.004	-0.007	2.253
8.155	0.012	-0.034	0.558	-5.14	0.52	0.01	5.45	-2.91	1.43	46528	0.014	-0.037	0.669	-0.004	-0.006	2.245
8.165	0.012	-0.028	0.558	-5.11	0.55	0.03	8.26	-1.23	2.32	46576	0.014	-0.035	0.669	-0.004	-0.006	2.236
8.171	0.012	-0.030	0.558	-5.02	0.56	0.05	11.44	0.59	2.26	46619	0.013	-0.033	0.668	-0.004	-0.006	2.228
8.185	0.015	-0.026	0.557	-4.93	0.55	0.07	13.50	1.80	2.37	46654	0.014	-0.030	0.667	-0.004	-0.006	2.220
8.194	0.015	-0.028	0.556	-4.77	0.53	0.10	15.10	3.13	2.59	46877	0.014	-0.028	0.666	-0.004	-0.006	2.211
8.202	0.014	-0.023	0.556	-4.64	0.50	0.12	17.17	3.69	3.14	46920	0.014	-0.026	0.665	-0.004	-0.006	2.203
8.213	0.014	-0.020	0.556	-4.47	0.46	0.14	18.40	3.15	3.21	46957	0.014	-0.023	0.665	-0.004	-0.005	2.195
8.224	0.014	-0.013	0.556	-4.31	0.43	0.17	18.89	1.10	2.97	46992	0.014	-0.020	0.664	-0.004	-0.005	2.187
8.235	0.014	-0.014	0.556	-4.10	0.41	0.20	19.18	-1.23	2.88	47040	0.014	-0.017	0.663	-0.004	-0.005	2.179
8.245	0.013	-0.007	0.556	-3.94	0.42	0.23	17.85	-4.82	2.74	47067	0.014	-0.014	0.662	-0.004	-0.005	2.170
8.252	0.008	-0.004	0.556	-3.75	0.48	0.26	18.33	-6.83	3.09	47071	0.014	-0.011	0.662	-0.005	-0.004	2.162
8.264	0.006	-0.006	0.555	-3.55	0.55	0.29	17.37	-8.14	3.19	47069	0.013	-0.008	0.661	-0.005	-0.004	2.154
8.275	0.007	-0.001	0.553	-3.40	0.62	0.33	16.02	-8.64	3.15	47080	0.012	-0.005	0.660	-0.005	-0.004	2.146
8.285	0.006	0.003	0.552	-3.23	0.70	0.37	15.44	-7.69	3.57	47557	0.012	-0.002	0.659	-0.006	-0.004	2.138
8.294	0.005	0.001	0.552	-3.06	0.78	0.40	15.51	-6.53	3.65	47575	0.011	0.001	0.658	-0.006	-0.004	2.130
8.304	0.004	0.006	0.552	-2.91	0.85	0.44	16.08	-4.52	4.29	47594	0.010	0.004	0.657	-0.006	-0.003	2.122
8.314	0.004	0.007	0.554	-2.73	0.90	0.49	17.76	-2.79	3.94	47604	0.010	0.007	0.657	-0.006	-0.003	2.114
8.324	0.004	0.014	0.554	-2.58	0.93	0.53	18.16	0.15	3.19	47232	0.009	0.010	0.656	-0.007	-0.003	2.106
8.336	0.005	0.012	0.553	-2.38	0.93	0.57	19.31	1.94	2.84	47239	0.009	0.013	0.656	-0.007	-0.003	2.099
8.344	0.006	0.014	0.553	-2.19	0.91	0.60	19.79	4.38	2.72	47233	0.009	0.016	0.656	-0.007	-0.003	2.091
8.356	0.008	0.017	0.555	-1.99	0.85	0.63	20.13	4.54	3.01	47223	0.009	0.018	0.655	-0.007	-0.003	2.083
8.365	0.007	0.023	0.555	-1.80	0.81	0.66	18.95	4.60	3.57	47207	0.009	0.022	0.655	-0.007	-0.003	2.076
8.371	0.008	0.020	0.555	-1.58	0.75	0.69	19.01	3.95	3.89	46841	0.009	0.024	0.655	-0.007	-0.004	2.068
8.382	0.009	0.024	0.555	-1.39	0.71	0.73	17.20	0.58	3.93	46815	0.009	0.027	0.655	-0.007	-0.004	2.061
8.416	0.009	0.021	0.555	-1.19	0.69	0.77	16.90	-2.01	3.55	46800	0.009	0.029	0.654	-0.007	-0.004	2.053
8.424	0.008	0.032	0.556	-1.06	0.71	0.80	14.90	-4.97	3.67	46765	0.009	0.032	0.654	-0.007	-0.004	2.045
8.436	0.007	0.030	0.556	-0.87	0.75	0.84	13.72	-6.77	3.82	46564	0.009	0.034	0.654	-0.007	-0.004	2.038
8.438	0.004	0.035	0.556	-0.74	0.82	0.87	12.54	-7.95	3.38	46529	0.009	0.037	0.654	-0.008	-0.004	2.031
8.444	0.005	0.038	0.556	-0.61	0.90	0.91	11.80	-8.97	3.79	46512	0.008	0.040	0.654	-0.008	-0.004	2.023
8.446	0.004	0.042	0.557	-0.49	0.99	0.95	10.18	-7.76	3.40	46490	0.008	0.043	0.653	-0.008	-0.005	2.016
8.453	0.003	0.050	0.557	-0.41	1.07	0.99	8.49	-7.05	3.97	46247	0.008	0.046	0.653	-0.008	-0.004	2.009
8.464	0.003	0.050	0.557	-0.31	1.15	1.03	8.79	-5.35	4.19	46212	0.007	0.050	0.653	-0.009	-0.004	2.001
8.474	0.002	0.054	0.558	-0.22	1.21	1.07	9.07	-3.11	3.59	46198	0.007	0.053	0.653	-0.009	-0.004	1.994
8.484	0.002	0.052	0.558	-0.11	1.24	1.10	8.90	-1.59	3.68	46185	0.007	0.056	0.653	-0.009	-0.004	1.987
8.499	0.002	0.056	0.559	-0.02	1.26	1.14	9.14	0.14	3.42	46164	0.007	0.058	0.653	-0.009	-0.005	1.980
8.504	0.001	0.060	0.559	0.07	1.26	1.17	8.76	2.31	3.57	45994	0.006	0.061	0.653	-0.009	-0.005	1.973
8.514	0.004	0.066	0.559	0.15	1.23	1.21	7.58	3.04	3.63	45975	0.006	0.065	0.652	-0.010	-0.005	1.966
8.524	0.001	0.065	0.559	0.25	1.21	1.24	6.61	3.57	3.73	45965	0.006	0.068	0.652	-0.010	-0.005	1.959
8.535	-0.000	0.064	0.560	0.34	1.18	1.28	5.64	4.08	3.92	45954	0.005	0.070	0.652	-0.010	-0.005	1.952
8.544	0.002	0.069	0.560	0.39	1.12	1.32	5.66	3.30	3.69	45892	0.005	0.073	0.652	-0.010	-0.005	1.945
8.555	0.001	0.075	0.560	0.43	1.09	1.36	3.92	0.76	3.22	45873	0.005	0.076	0.652	-0.011	-0.005	1.938
8.562	0.000	0.079	0.560	0.47	1.08	1.39	4.21	-0.90	3.56	45879	0.005	0.079	0.651	-0.011	-0.005	1.931
8.575	-0.002	0.085	0.561	0.50	1.09	1.43	5.39	-1.98	3.43	45873	0.004	0.082	0.651	-0.011	-0.005	1.924
8.581	-0.002	0.084	0.561	0.57	1.10	1.46	4.12	-2.47	2.87	45861	0.004	0.085	0.651	-0.011	-0.005	1.917
8.596	-0.002	0.088	0.562	0.61	1.13	1.49	3.70	-4.51	3.65	45761	0.004	0.088	0.651	-0.012	-0.005	1.910
8.605	-0.002	0.087	0.562	0.67	1.17	1.53	4.65	-3.74	3.64	45776	0.003	0.091	0.650	-0.012	-0.005	1.904
8.617	-0.003	0.090	0.562	0.71	1.21	1.56	4.10	-3.84	3.14	45784	0.003	0.093	0.650	-0.012	-0.005	1.897
8.625	-0.005	0.091	0.561	0.76	1.25	1.59	2.89	-3.40	2.41	45768	0.002	0.096	0.650	-0.013	-0.006	1.890
8.633	-0.005	0.096	0.561	0.78	1.29	1.62	2.33	-2.69	2.43	45912	0.002	0.098	0.649	-0.013	-0.006	1.884
8.645	-0.005	0.096	0.562	0.82	1.31	1.64	3.17	-0.73	2.37	45924	0.001	0.101	0.649	-0.013	-0.006	1.877
8.655	-0.004	0.098	0.562	0.86	1.32	1.67	2.62	0.47	1.37	45947	0.001	0.103	0.648	-0.014	-0.006	1.870
8.662	-0.004	0.102	0.563	0.89	1.31	1.68	0.96	1.51	1.14	45966	0.001	0.105	0.648	-0.014	-0.006	1.864
8.670	-0.007	0.108	0.563	0.88	1.31	1.69	-0.26	2.41	1.32	45768	0.000	0.108	0.648	-0.014	-0.006	1.858
8.681	-0.008	0.112	0.563	0.88	1.28	1.71	-0.26	3.71	1.03	45793	-0.000	0.111	0.648	-0.015	-0.006	1.851
8.695	-0.007	0.112	0.563	0.89	1.24	1.72	0.36	3.99	0.91	45809	-0.000	0.114	0.647	-0.015	-0.006	1.845
8.706	-0.008	0.116	0.564	0.89	1.20	1.73	-0.38	3.42	0.64	45812	-0.001	0.117	0.647	-0.015	-0.007	1.838
8.712	-0.009	0.119	0.564	0.89	1.17	1.73	-0.30	2.71	0.19	45831	-0.001	0.120	0.647	-0.016	-0.007	1.832
8.724	-0.010	0.122	0.564	0.88	1.14	1.74	-0.62	0.52	-0.48	45765	-0.002	0.122	0.647	-0.016	-0.007	1.826
8.734	-0.013	0.124	0.564	0.88	1.14	1.73	-0.39	-0.24	-0.75	45787	-0.003	0.125	0.646	-0.016	-0.007	1.820
8.746	-0.014	0.127	0.565	0.88	1.14	1.73	0.07	-2.00	-1.17	45814	-0.004	0.128	0.646	-0.017	-0.007	1.814
8.755	-0.016	0.131	0.565	0.87	1.16	1.72	-0.61	-3.55	-1.56	45848	-0.005	0.131	0.646	-0.017	-0.007	1.807
8.763	-0.017	0.136	0.565	0.86	1.19	1.70	0.35	-3.19	-1.70	45783	-0.006	0.134	0.645	-0.018	-0.006	1.801
8.774	-0.017	0.137	0.565	0.88	1.22	1.69	1.00	-3.64	-1.16	45807	-0.007	0.137	0.645	-0.019	-0.006	1.795
8.785	-0.018	0.137	0.565	0.90	1.25	1.67	-0.03	-3.78	-2.06	45836	-0.008	0.139	0.645	-0.019	-0.007	1.789
8.791	-0.018	0.142	0.564	0.89	1.28	1.65	0.91	-2.73	-2.33	45881	-0.008	0.142	0.644	-0.020	-0.007	1.783
8.805	-0.019	0.145	0.564	0.90	1.30	1.63	0.44	-1.79	-2.80	45909	-0.009	0.145	0.643	-0.020	-0.007	1.777
8.814	-0.020	0.152	0.564	0.88	1.32	1.61	0.45	-0.59	-3.25	46233	-0.010	0.148	0.643	-0.021	-0.006	1.771
8.825	-0.021	0.155	0.563	0.89	1.33	1.58	0.18	0.97	-3.14	46276	-0.011	0.151	0.642	-0.021	-0.006	1.765
8.835	-0.022	0.158	0.563	0.89	1.32	1.54	-2.55	1.86	-3.53	46323	-0.012	0.155	0.642	-0.022	-0.006	1.759
8.844	-0.025	0.157	0.561	0.90	1.31	1.51	-2.80	2.49	-3.49	46366	-0.013	0.157	0.641	-0.022	-0.006	1.753
8.855	-0.024	0.159	0.561	0.87	1.28	1.47	-3.15	4.19	-3.57	46788	-0.014	0.160	0.640	-0.023	-0.006	1.747
8.862	-0.023	0.160	0.561	0.85	1.22	1.43	-4.10	4.35	-3.51	46835	-0.015	0.162	0.639	-0.023	-0.006	1.741
8.874	-0.023	0.163	0.560	0.80	1.18	1.40	-4.85	3.73	-4.11	46884	-0.015	0.165	0.638	-0.024	-0.006	1.735
8.885	-0.026	0.166	0.563	0.76	1.14	1.36	-3.73	2.99	-3.81	46918	-0.016	0.167	0.638	-0.024	-0.006	1.730
8.895	-0.030	0.169	0.563	0.72	1.12	1.32	-3.83	0.86	-4.20	46299	-0.017	0.170	0.638	-0.025	-0.006	1.724
8.908	-0.030	0.171	0.563	0.68	1.09	1.28	-2.85	-0.20	-4.48	46313	-0.018	0.172	0.637	-0.025	-0.006	1.718
8.914	-0.032	0.177	0.563	0.63	1.11	1.19	-1.47	-1.78	-4.88	46329	-0.020	0.175	0.637	-0.026	-0.006	1.713
8.923	-0.034	0.173	0.563	0.65	1.12	1.19	-2.17	-2.46	-5.21	46332	-0.021	0.177	0.637	-0.027	-0.006	1.707
8.934	-0.034	0.176	0.568	0.63	1.13	1.14	-1.30	-2.84	-5.36	46339	-0.022	0.179	0.637	-0.027	-0.007	1.702
8.945	-0.033	0.175	0.568	0.64	1.14	1.08	-0.96	-3.02	-5.21	45453	-0.023	0.181	0.637	-0.028	-0.007	1.697
8.955	-0.034	0.185	0.568	0.58	1.17	1.04	-0.75	-2.08	-4.89	45447	-0.024	0.184	0.638	-0.028	-0.007	1.691
8.965	-0.036	0.188	0.568	0.57	1.19	0.98	-1.68	-0.89	-5.39	45449	-0.025	0.186	0.638	-0.029	-0.007	1.686
8.981	-0.037	0.192	0.571	0.55	1.20	0.93	-2.06	-0.82	-5.30	45439	-0.026	0.189	0.638	-0.029	-0.007	1.681
9.039	-0.040	0.194	0.572	0.54	1.21	0.82	-1.58	0.03	-5.50	44883	-0.027	0.192	0.639	-0.030	-0.007	1.676
9.046	-0.042	0.196	0.572	0.53	1.23	0.82	-2.23	1.63	-5.84	44886	-0.029	0.195	0.639	-0.031	-0.007	1.671
9.049	-0.043	0.195	0.572	0.53	1.19	0.70	-2.11	2.15	-6.12	44883	-0.030	0.197	0.639	-0.031	-0.007	1.666
9.052	-0.045	0.199	0.574	0.50	1.16	0.64	-2.03	3.13	-6.26	44881	-0.031	0.199	0.639	-0.032	-0.007	1.661
9.052	-0.047	0.201	0.575	0.48	1.12	0.58	-2.08	3.92	-6.41	44891	-0.033	0.202	0.640	-0.033	-0.007	1.656
9.055	-0.046	0.204	0.575	0.46	1.06	0.52	-1.90	4.89	-6.09	44563	-0.034	0.204	0.640	-0.033	-0.007	1.651
9.058	-0.048	0.205	0.575	0.45	1.01	0.46	-2.44	5.33	-6.03	44571	-0.035	0.206	0.640	-0.034	-0.007	1.646
9.062	-0.050	0.205	0.575	0.45	1.02	0.46	-2.96	4.93	-5.57	44571	-0.037	0.208	0.640	-0.035	-0.007	1.641
9.065	-0.052	0.207	0.577	0.39	0.92	0.35	-4.43	4.52	-5.09	44584	-0.038	0.211	0.640	-0.035	-0.007	1.636
9.074	-0.056	0.207	0.577	0.37	0.90	0.30	-4.68	2.89	-5.32	44423	-0.040	0.212	0.640	-0.036	-0.007	1.632
9.080	-0.055	0.209	0.577	0.33	0.88	0.25	-3.86	1.15	-5.00	44449	-0.042	0.214	0.640	-0.037	-0.008	1.627
9.093	-0.056	0.211	0.577	0.30	0.88	0.20	-3.00	-0.84	-4.97	44467	-0.043	0.216	0.640	-0.038	-0.008	1.622
9.104	-0.059	0.216	0.577	0.26	0.91	0.15	-2.14	-2.22	-5.02	44512	-0.045	0.218	0.640	-0.038	-0.008	1.617
9.116	-0.059	0.217	0.577	0.25	0.92	0.10	-1.61	-3.11	-4.48	44721	-0.046	0.220	0.639	-0.039	-0.008	1.613
9.123	-0.061	0.221	0.577	0.23	0.95	0.06	-0.74	-3.07	-4.33	44752	-0.048	0.222	0.639	-0.040	-0.008	1.608
9.133	-0.062	0.220	0.577	0.23	0.98	0.01	-2.10	-2.62	-4.52	44796	-0.049	0.224	0.638	-0.040	-0.008	1.603
9.145	-0.064	0.223	0.577	0.22	1.00	-0.03	-1.68	-1.53	-4.35	44853	-0.051	0.226	0.638	-0.041	-0.009	1.598
9.155	-0.065	0.225	0.575	0.20	1.01	-0.07	-3.27	-1.03	-4.03	44902	-0.052	0.228	0.637	-0.042	-0.009	1.594
9.165	-0.068	0.228	0.575	0.18	1.02	-0.11	-0.91	0.41	-3.78	45237	-0.054	0.230	0.636	-0.042	-0.009	1.589
9.175	-0.073	0.227	0.575	0.17	1.03	-0.15	-2.71	1.37	-4.08	45295	-0.056	0.232	0.636	-0.043	-0.009	1.585
9.181	-0.073	0.228	0.575	0.16	1.00	-0.19	-1.81	1.03	-3.48	45373	-0.058	0.233	0.635	-0.044	-0.009	1.580
9.193	-0.073	0.231	0.573	0.13	0.97	-0.22	-3.08	3.38	-3.57	45437	-0.059	0.235	0.634	-0.045	-0.009	1.575
9.202	-0.075	0.232	0.573	0.11	0.94	-0.26	-1.92	2.38	-3.05	45762	-0.061	0.237	0.633	-0.045	-0.010	1.571
9.216	-0.078	0.233	0.573	0.08	0.92	-0.29	-2.88	2.56	-3.91	45825	-0.063	0.238	0.632	-0.046	-0.010	1.566
9.224	-0.081	0.238	0.572	0.05	0.91	-0.33	-1.02	2.16	-3.68	45900	-0.065	0.240	0.631	-0.047	-0.010	1.562
9.233	-0.082	0.238	0.571	0.06	0.89	-0.36	0.38	0.63	-3.19	45972	-0.067	0.242	0.630	-0.048	-0.010	1.557
9.242	-0.082	0.239	0.571	0.06	0.87	-0.39	-0.28	0.12	-2.66	46118	-0.069	0.244	0.629	-0.048	-0.010	1.553
9.254	-0.081	0.240	0.570	0.08	0.86	-0.43	0.56	-0.63	-2.64	46191	-0.070	0.245	0.629	-0.049	-0.011	1.548
9.265	-0.081	0.242	0.570	0.09	0.86	-0.45	2.12	-0.70	-2.36	46266	-0.071	0.247	0.628	-0.050	-0.011	1.544
9.274	-0.086	0.243	0.568	0.12	0.89	-0.48	1.48	-0.73	-2.62	46320	-0.073	0.248	0.627	-0.050	-0.011	1.540
9.282	-0.088	0.242	0.568	0.16	0.90	-0.51	1.71	-1.88	-2.75	46367	-0.075	0.250	0.626	-0.051	-0.012	1.535
9.293	-0.089	0.241	0.567	0.18	0.92	-0.53	0.98	-2.31	-2.31	46675	-0.076	0.250	0.625	-0.052	-0.012	1.531
9.305	-0.093	0.247	0.567	0.19	0.95	-0.56	2.50	-1.43	-2.59	46727	-0.078	0.252	0.624	-0.052	-0.012	1.527
9.315	-0.096	0.250	0.566	0.19	0.99	-0.58	1.08	-3.38	-2.25	46773	-0.080	0.254	0.623	-0.053	-0.013	1.522
9.323	-0.093	0.250	0.563	0.19	0.97	-0.58	0.61	-1.66	-2.34	46809	-0.082	0.255	0.621	-0.054	-0.013	1.518
9.334	-0.096	0.254	0.563	0.19	1.00	-0.61	0.63	-0.53	-2.77	47333	-0.083	0.257	0.620	-0.054	-0.013	1.513
9.344	-0.097	0.254	0.562	0.21	1.00	-0.63	-0.46	0.07	-2.49	47391	-0.085	0.258	0.619	-0.055	-0.013	1.509
9.355	-0.099	0.256	0.561	0.21	0.99	-0.66	-2.19	2.04	-2.42	47437	-0.087	0.260	0.618	-0.056	-0.013	1.505
9.365	-0.098	0.253	0.559	0.23	0.96	-0.69	-2.66	2.61	-2.58	47483	-0.088	0.261	0.617	-0.056	-0.014	1.500
9.374	-0.101	0.256	0.558	0.20	0.95	-0.71	-2.86	2.72	-2.00	47757	-0.090	0.262	0.615	-0.057	-0.014	1.496
9.383	-0.106	0.260	0.558	0.16	0.94	-0.73	-1.90	2.77	-2.14	47785	-0.092	0.264	0.614	-0.057	-0.014	1.492
9.394	-0.108	0.262	0.557	0.14	0.91	-0.75	-1.45	1.03	-2.17	47816	-0.094	0.265	0.613	-0.058	-0.014	1.488
9.405	-0.107	0.264	0.555	0.13	0.88	-0.77	0.11	-0.16	-1.80	47843	-0.095	0.267	0.612	-0.059	-0.015	1.483
9.415	-0.109	0.263	0.554	0.14	0.87	-0.79	1.48	-2.85	-2.29	47844	-0.097	0.268	0.611	-0.059	-0.015	1.479
9.424	-0.114	0.269	0.553	0.13	0.92	-0.81	2.39	-3.13	-1.43	48124	-0.099	0.270	0.610	-0.060	-0.015	1.475
9.434	-0.117	0.272	0.552	0.14	0.95	-0.83	2.19	-5.05	-1.99	48121	-0.101	0.272	0.608	-0.061	-0.015	1.470
9.445	-0.120	0.274	0.551	0.17	1.00	-0.85	2.71	-4.42	-2.15	48119	-0.104	0.274	0.607	-0.062	-0.015	1.466
9.454	-0.122	0.276	0.550	0.19	1.05	-0.87	2.59	-4.15	-2.17	48106	-0.106	0.276	0.606	-0.063	-0.015	1.462
9.463	-0.122	0.277	0.549	0.23	1.08	-0.89	1.36	-4.25	-1.72	48293	-0.108	0.278	0.605	-0.063	-0.015	1.457
9.474	-0.124	0.279	0.548	0.25	1.12	-0.91	0.34	-2.08	-1.80	48279	-0.110	0.280	0.604	-0.064	-0.015	1.453
9.484	-0.128	0.283	0.547	0.24	1.16	-0.93	0.12	-0.61	-2.07	48264	-0.112	0.282	0.603	-0.065	-0.015	1.449
9.493	-0.130	0.285	0.547	0.25	1.16	-0.95	-0.62	2.00	-1.65	48233	-0.114	0.284	0.602	-0.066	-0.015	1.445
9.505	-0.130	0.284	0.547	0.27	1.14	-0.97	-0.36	2.76	-1.61	48082	-0.116	0.286	0.602	-0.066	-0.015	1.441
9.510	-0.129	0.282	0.546	0.29	1.09	-0.99	-0.57	3.70	-1.48	48052	-0.118	0.287	0.601	-0.067	-0.015	1.436
9.525	-0.135	0.292	0.545	0.23	1.08	-1.00	-1.13	3.99	-1.53	48018	-0.120	0.290	0.600	-0.068	-0.015	1.432
9.535	-0.137	0.292	0.542	0.24	1.03	-1.01	-1.94	4.23	-1.42	47979	-0.123	0.292	0.599	-0.068	-0.015	1.428
9.544	-0.137	0.297	0.542	0.19	0.98	-1.03	-1.87	3.30	-1.45	48390	-0.124	0.294	0.598	-0.069	-0.015	1.424
9.554	-0.137	0.297	0.541	0.19	0.93	-1.04	-0.82	3.44	-1.54	48341	-0.126	0.296	0.597	-0.070	-0.015	1.420
9.560	-0.144	0.298	0.541	0.19	0.92	-1.06	-0.13	2.99	-1.60	48287	-0.128	0.298	0.596	-0.070	-0.015	1.415
9.574	-0.146	0.300	0.540	0.19	0.88	-1.07	1.75	1.34	-0.85	48230	-0.131	0.300	0.595	-0.071	-0.015	1.411
9.586	-0.146	0.297	0.540	0.23	0.86	-1.08	1.87	1.51	-1.34	48171	-0.133	0.301	0.595	-0.072	-0.015	1.407
9.597	-0.147	0.295	0.539	0.28	0.83	-1.10	3.76	0.56	-0.97	48077	-0.135	0.302	0.594	-0.072	-0.016	1.403
9.602	-0.152	0.304	0.539	0.27	0.84	-1.11	4.94	-0.16	-1.82	48017	-0.137	0.304	0.593	-0.073	-0.016	1.399
9.614	-0.154	0.312	0.539	0.28	0.84	-1.12	5.24	-0.08	-1.22	47952	-0.139	0.307	0.593	-0.074	-0.015	1.395
9.624	-0.156	0.311	0.538	0.36	0.84	-1.13	5.26	-1.16	-1.45	47881	-0.142	0.309	0.592	-0.075	-0.015	1.390
9.634	-0.157	0.308	0.538	0.44	0.84	-1.15	5.60	-0.59	-1.46	47819	-0.144	0.311	0.592	-0.075	-0.015	1.386
9.642	-0.156	0.304	0.538	0.54	0.82	-1.17	5.28	0.20	-1.62	47744	-0.146	0.311	0.591	-0.076	-0.016	1.382
9.652	-0.153	0.301	0.537	0.62	0.78	-1.19	5.17	-0.98	-1.02	47673	-0.147	0.312	0.591	-0.076	-0.016	1.378
9.665	-0.162	0.312	0.535	0.62	0.83	-1.19	4.63	-0.05	-1.13	47601	-0.149	0.313	0.590	-0.077	-0.016	1.374
9.674	-0.164	0.314	0.535	0.66	0.83	-1.21	1.55	-0.14	-1.18	47547	-0.151	0.315	0.589	-0.077	-0.017	1.370
9.684	-0.166	0.312	0.535	0.71	0.83	-1.22	-0.58	0.35	-0.99	47883	-0.153	0.316	0.589	-0.078	-0.017	1.366
9.694	-0.167	0.311	0.534	0.72	0.81	-1.23	-2.80	0.85	-0.85	47825	-0.155	0.317	0.588	-0.079	-0.017	1.362
9.700	-0.175	0.326	0.534	0.60	0.85	-1.23	-3.84	0.37	-0.81	47765	-0.158	0.320	0.588	-0.080	-0.017	1.358
9.711	-0.175	0.326	0.533	0.58	0.83	-1.24	-4.78	-0.22	-0.60	47714	-0.161	0.322	0.587	-0.080	-0.017	1.354
9.725	-0.177	0.329	0.533	0.52	0.82	-1.25	-3.40	0.91	-0.67	47802	-0.163	0.324	0.586	-0.081	-0.016	1.350
9.734	-0.180	0.331	0.533	0.49	0.81	-1.25	-2.53	-0.25	-0.52	47739	-0.165	0.327	0.586	-0.082	-0.016	1.346
9.744	-0.185	0.330	0.533	0.48	0.83	-1.26	-0.13	-1.67	-0.76	47675	-0.168	0.329	0.585	-0.083	-0.016	1.342
9.755	-0.183	0.329	0.532	0.49	0.81	-1.27	2.64	-1.20	-1.39	47616	-0.170	0.330	0.585	-0.083	-0.016	1.338
9.761	-0.182	0.326	0.532	0.56	0.80	-1.28	5.19	-1.91	-0.36	47677	-0.172	0.331	0.584	-0.084	-0.016	1.334
9.773	-0.182	0.323	0.532	0.63	0.80	-1.29	7.36	-1.89	-0.98	47618	-0.174	0.332	0.584	-0.084	-0.017	1.330
9.784	-0.191	0.340	0.532	0.59	0.87	-1.29	8.11	-1.21	-0.84	47549	-0.176	0.334	0.584	-0.085	-0.017	1.326
9.795	-0.193	0.342	0.532	0.67	0.88	-1.30	6.12	-2.78	-1.13	47485	-0.179	0.337	0.583	-0.086	-0.016	1.322
9.801	-0.194	0.339	0.532	0.77	0.89	-1.32	5.86	-2.39	-1.27	47434	-0.181	0.338	0.583	-0.086	-0.016	1.318
9.811	-0.194	0.337	0.532	0.85	0.89	-1.34	3.78	-1.21	-1.27	47289	-0.183	0.340	0.583	-0.087	-0.016	1.314
9.823	-0.193	0.335	0.532	0.92	0.88	-1.35	0.73	-0.19	-1.82	47231	-0.185	0.341	0.583	-0.087	-0.017	1.310
9.834	-0.196	0.337	0.532	0.93	0.89	-1.37	-1.20	0.45	-1.36	47174	-0.187	0.342	0.583	-0.088	-0.017	1.306
9.842	-0.203	0.340	0.533	0.92	0.92	-1.38	-4.23	1.99	-1.48	47121	-0.189	0.343	0.583	-0.088	-0.017	1.303
9.853	-0.206	0.341	0.534	0.88	0.90	-1.40	-7.16	3.25	-1.34	46886	-0.192	0.344	0.583	-0.089	-0.017	1.299
9.864	-0.209	0.342	0.534	0.81	0.87	-1.41	-8.37	3.72	-1.05	46822	-0.195	0.345	0.583	-0.090	-0.017	1.295
9.874	-0.210	0.343	0.534	0.74	0.83	-1.42	-8.68	4.41	-1.23	46758	-0.197	0.346	0.583	-0.090	-0.018	1.292
9.885	-0.211	0.343	0.535	0.66	0.77	-1.43	-7.22	3.39	-1.15	46703	-0.199	0.347	0.583	-0.091	-0.018	1.288
9.893	-0.213	0.344	0.535	0.59	0.73	-1.44	-4.96	2.31	-0.90	46648	-0.202	0.348	0.583	-0.092	-0.018	1.284
9.904	-0.212	0.342	0.535	0.56	0.68	-1.45	-2.55	0.68	-0.86	46543	-0.204	0.349	0.583	-0.092	-0.018	1.281
9.913	-0.210	0.340	0.535	0.55	0.64	-1.46	0.75	-1.12	-0.32	46480	-0.205	0.349	0.583	-0.092	-0.019	1.277
9.923	-0.221	0.358	0.536	0.44	0.71	-1.46	3.43	-2.43	-0.41	46419	-0.208	0.351	0.583	-0.093	-0.018	1.274
9.935	-0.224	0.359	0.537	0.47	0.74	-1.46	4.50	-4.22	-0.64	46366	-0.210	0.353	0.583	-0.094	-0.018	1.270
9.944	-0.227	0.361	0.538	0.51	0.77	-1.47	5.27	-4.45	-0.59	46099	-0.213	0.356	0.583	-0.094	-0.018	1.267
9.954	-0.227	0.358	0.538	0.59	0.80	-1.48	5.23	-4.56	-0.58	46052	-0.215	0.357	0.583	-0.095	-0.018	1.263
9.964	-0.227	0.362	0.538	0.63	0.82	-1.49	6.21	-4.02	-0.66	45998	-0.217	0.359	0.584	-0.095	-0.018	1.260
9.972	-0.237	0.373	0.538	0.61	0.93	-1.49	4.54	-2.89	-0.73	45948	-0.221	0.362	0.584	-0.096	-0.017	1.256
9.985	-0.239	0.372	0.539	0.68	0.95	-1.49	5.85	-1.82	-0.08	46056	-0.224	0.364	0.584	-0.097	-0.017	1.253
9.993	-0.239	0.370	0.539	0.77	0.94	-1.50	3.30	1.14	-0.41	46032	-0.226	0.366	0.584	-0.098	-0.017	1.249
10.004	-0.241	0.372	0.539	0.80	0.94	-1.50	2.02	1.88	0.26	45997	-0.229	0.368	0.584	-0.098	-0.016	1.246
10.014	-0.241	0.370	0.540	0.85	0.89	-1.51	0.32	3.61	0.93	45971	-0.231	0.370	0.584	-0.099	-0.016	1.243
10.024	-0.241	0.370	0.541	0.87	0.84	-1.50	-1.89	5.77	1.08	45945	-0.233	0.371	0.584	-0.099	-0.016	1.239
10.035	-0.245	0.370	0.541	0.86	0.79	-1.49	-1.07	6.38	1.15	45827	-0.235	0.372	0.584	-0.100	-0.017	1.236
10.044	-0.245	0.370	0.541	0.86	0.71	-1.48	-1.84	5.98	1.00	45812	-0.237	0.373	0.584	-0.100	-0.017	1.233
10.054	-0.251	0.370	0.542	0.86	0.67	-1.46	1.28	5.29	1.21	45800	-0.240	0.374	0.584	-0.101	-0.017	1.230
10.060	-0.253	0.371	0.543	0.87	0.61	-1.45	2.07	1.85	1.55	45788	-0.242	0.375	0.584	-0.101	-0.017	1.227
10.073	-0.258	0.377	0.543	0.85	0.61	-1.44	2.47	0.76	1.92	45712	-0.245	0.376	0.584	-0.102	-0.017	1.224
10.084	-0.257	0.378	0.543	0.88	0.57	-1.42	4.99	-2.01	1.69	45704	-0.247	0.377	0.584	-0.102	-0.017	1.220
10.094	-0.260	0.382	0.544	0.90	0.59	-1.40	5.10	-4.47	1.51	45702	-0.250	0.379	0.584	-0.103	-0.017	1.217
10.103	-0.265	0.382	0.545	0.96	0.65	-1.38	5.06	-4.30	1.84	45712	-0.253	0.381	0.584	-0.104	-0.017	1.214
10.114	-0.264	0.381	0.545	1.03	0.66	-1.37	5.36	-6.06	1.97	45579	-0.255	0.382	0.585	-0.104	-0.017	1.211
10.123	-0.267	0.382	0.546	1.08	0.72	-1.35	4.60	-4.64	1.90	45569	-0.257	0.383	0.585	-0.105	-0.017	1.208
10.136	-0.267	0.384	0.546	1.12	0.75	-1.33	2.95	-3.73	1.87	45568	-0.260	0.384	0.585	-0.105	-0.017	1.205
10.145	-0.276	0.391	0.546	1.11	0.84	-1.31	2.15	-2.97	2.19	45587	-0.263	0.386	0.585	-0.106	-0.017	1.203
10.154	-0.282	0.397	0.547	1.10	0.90	-1.28	1.15	-1.18	2.04	45610	-0.266	0.388	0.585	-0.106	-0.016	1.200
10.162	-0.279	0.397	0.547	1.12	0.86	-1.27	0.08	-0.64	2.12	45647	-0.269	0.390	0.585	-0.107	-0.016	1.197
10.172	-0.278	0.395	0.547	1.14	0.84	-1.25	-1.56	1.90	2.71	45660	-0.271	0.392	0.585	-0.107	-0.016	1.194
10.184	-0.279	0.395	0.547	1.13	0.80	-1.22	-1.83	3.68	2.63	45682	-0.273	0.393	0.585	-0.108	-0.016	1.191
10.194	-0.283	0.396	0.547	1.13	0.78	-1.19	-3.02	4.64	2.91	45704	-0.275	0.395	0.585	-0.108	-0.016	1.188
10.203	-0.286	0.397	0.547	1.10	0.74	-1.17	-2.59	5.82	3.46	45933	-0.277	0.396	0.584	-0.109	-0.016	1.185
10.213	-0.291	0.397	0.547	1.08	0.70	-1.13	-2.45	5.54	3.46	45955	-0.280	0.397	0.584	-0.109	-0.016	1.182
10.224	-0.293	0.397	0.547	1.07	0.63	-1.10	-1.32	5.51	3.61	45988	-0.283	0.398	0.584	-0.110	-0.016	1.180
10.235	-0.293	0.397	0.547	1.06	0.56	-1.06	1.01	3.87	4.02	46027	-0.285	0.399	0.584	-0.110	-0.016	1.177
10.245	-0.296	0.398	0.547	1.07	0.51	-1.02	2.54	3.06	3.80	46065	-0.288	0.400	0.584	-0.110	-0.016	1.174
10.253	-0.305	0.408	0.547	1.02	0.53	-0.98	3.83	1.00	3.59	46077	-0.291	0.401	0.583	-0.111	-0.015	1.171
10.263	-0.308	0.409	0.547	1.06	0.52	-0.94	5.38	-0.21	3.42	46110	-0.294	0.403	0.583	-0.112	-0.015	1.169
10.274	-0.309	0.407	0.547	1.13	0.50	-0.91	4.57	-1.33	3.08	46151	-0.297	0.405	0.583	-0.112	-0.015	1.166
10.284	-0.312	0.408	0.547	1.18	0.52	-0.87	4.01	-2.66	3.26	46181	-0.300	0.406	0.583	-0.113	-0.015	1.163
10.294	-0.318	0.409	0.547	1.22	0.57	-0.84	5.06	-3.85	3.13	46235	-0.304	0.407	0.582	-0.114	-0.015	1.161
10.304	-0.319	0.411	0.547	1.27	0.59	-0.81	5.78	-3.08	3.03	46262	-0.307	0.408	0.582	-0.114	-0.015	1.158
10.314	-0.323	0.418	0.547	1.27	0.63	-0.78	4.69	-1.96	2.98	46301	-0.310	0.410	0.582	-0.115	-0.014	1.155
10.324	-0.324	0.420	0.548	1.31	0.64	-0.75	4.07	-1.44	2.84	46334	-0.313	0.412	0.582	-0.116	-0.014	1.153
10.333	-0.322	0.421	0.548	1.36	0.61	-0.73	2.70	-0.57	3.01	46149	-0.315	0.414	0.582	-0.116	-0.014	1.150
10.346	-0.330	0.420	0.548	1.40	0.66	-0.69	2.65	0.91	3.14	46169	-0.318	0.416	0.581	-0.117	-0.013	1.148
10.354	-0.328	0.420	0.548	1.44	0.61	-0.67	2.37	1.13	3.19	46207	-0.321	0.417	0.581	-0.117	-0.013	1.145
10.363	-0.327	0.419	0.547	1.48	0.58	-0.64	2.17	1.41	3.64	46217	-0.323	0.418	0.581	-0.117	-0.013	1.143
10.370	-0.334	0.418	0.547	1.51	0.59	-0.60	1.09	1.34	3.03	46467	-0.326	0.419	0.581	-0.118	-0.013	1.140
10.381	-0.337	0.419	0.547	1.53	0.58	-0.57	3.35	1.13	3.31	46502	-0.329	0.420	0.580	-0.118	-0.013	1.138
10.394	-0.341	0.421	0.547	1.55	0.57	-0.54	2.24	1.05	3.24	46544	-0.331	0.421	0.580	-0.118	-0.013	1.135
10.403	-0.340	0.424	0.548	1.56	0.53	-0.51	3.91	0.51	3.54	46564	-0.334	0.422	0.580	-0.119	-0.013	1.133
10.414	-0.342	0.427	0.547	1.57	0.52	-0.48	2.60	1.01	3.39	46431	-0.336	0.423	0.579	-0.119	-0.013	1.130
10.424	-0.348	0.431	0.547	1.58	0.53	-0.44	2.98	1.49	3.33	46461	-0.339	0.425	0.579	-0.120	-0.013	1.128
10.433	-0.347	0.429	0.547	1.63	0.49	-0.41	0.77	1.70	3.33	46483	-0.342	0.426	0.579	-0.120	-0.012	1.126
10.446	-0.352	0.429	0.547	1.65	0.49	-0.37	1.80	2.04	3.53	46505	-0.344	0.427	0.579	-0.120	-0.012	1.123
10.454	-0.354	0.430	0.547	1.67	0.46	-0.34	0.06	1.87	3.97	46543	-0.347	0.428	0.578	-0.121	-0.012	1.121
10.462	-0.356	0.430	0.547	1.68	0.43	-0.30	0.45	2.08	3.85	46517	-0.350	0.429	0.578	-0.121	-0.012	1.119
10.471	-0.359	0.431	0.547	1.68	0.41	-0.26	-0.46	1.92	4.11	46543	-0.352	0.429	0.578	-0.121	-0.012	1.116
10.484	-0.357	0.431	0.547	1.68	0.35	-0.22	-0.77	2.01	4.16	46573	-0.354	0.430	0.578	-0.121	-0.012	1.114
10.494	-0.355	0.428	0.547	1.69	0.29	-0.18	-2.33	0.94	4.50	46585	-0.356	0.430	0.577	-0.121	-0.012	1.112
10.504	-0.351	0.425	0.546	1.71	0.23	-0.15	-3.01	1.14	4.34	46664	-0.357	0.430	0.577	-0.121	-0.013	1.109
10.513	-0.373	0.434	0.546	1.61	0.38	-0.08	-3.90	0.35	4.56	46686	-0.360	0.431	0.577	-0.122	-0.012	1.107
10.520	-0.377	0.435	0.546	1.57	0.38	-0.04	-4.89	-1.15	5.18	46709	-0.364	0.432	0.576	-0.122	-0.012	1.105
10.531	-0.381	0.435	0.545	1.52	0.40	0.02	-5.72	-2.46	5.43	46721	-0.368	0.433	0.576	-0.123	-0.012	1.102
10.546	-0.382	0.436	0.545	1.46	0.41	0.07	-4.88	-1.67	5.80	46799	-0.371	0.433	0.576	-0.124	-0.012	1.100
10.553	-0.386	0.436	0.545	1.41	0.43	0.12	-2.42	-0.55	5.61	46816	-0.374	0.434	0.575	-0.124	-0.012	1.098
10.564	-0.389	0.436	0.545	1.38	0.44	0.18	-0.42	-1.08	6.34	46821	-0.378	0.435	0.575	-0.125	-0.012	1.095
10.570	-0.392	0.437	0.544	1.37	0.45	0.24	0.93	1.59	6.24	46815	-0.381	0.435	0.574	-0.125	-0.012	1.093
10.582	-0.390	0.435	0.544	1.40	0.40	0.30	4.91	2.02	7.21	46814	-0.384	0.436	0.574	-0.126	-0.012	1.091
10.593	-0.389	0.433	0.544	1.46	0.35	0.36	5.45	3.01	6.92	46934	-0.386	0.436	0.574	-0.126	-0.012	1.089
10.604	-0.402	0.432	0.543	1.52	0.40	0.44	6.09	3.15	7.48	46929	-0.390	0.435	0.573	-0.126	-0.012	1.086
10.613	-0.401	0.430	0.543	1.60	0.34	0.51	6.61	3.16	8.20	46925	-0.393	0.435	0.573	-0.127	-0.012	1.084
10.622	-0.401	0.429	0.543	1.67	0.29	0.59	6.44	2.42	8.19	46922	-0.396	0.435	0.572	-0.127	-0.013	1.082
10.634	-0.406	0.429	0.543	1.74	0.28	0.68	4.50	1.49	8.16	46915	-0.399	0.434	0.572	-0.127	-0.013	1.080
10.648	-0.409	0.430	0.543	1.78	0.27	0.76	2.43	0.63	8.49	46906	-0.402	0.434	0.572	-0.128	-0.013	1.077
10.654	-0.412	0.430	0.542	1.81	0.26	0.85	-0.00	-0.68	8.52	46897	-0.405	0.433	0.571	-0.128	-0.013	1.075
10.663	-0.412	0.429	0.542	1.82	0.24	0.93	-3.28	-3.10	8.00	46894	-0.407	0.433	0.571	-0.128	-0.013	1.073
10.674	-0.410	0.428	0.542	1.79	0.24	1.00	-5.43	-3.64	7.90	46891	-0.410	0.432	0.571	-0.128	-0.014	1.071
10.684	-0.409	0.429	0.542	1.74	0.24	1.08	-5.59	-4.03	7.64	46871	-0.411	0.432	0.570	-0.128	-0.014	1.069
10.690	-0.407	0.428	0.542	1.69	0.25	1.15	-5.49	-3.93	7.75	46870	-0.413	0.432	0.570	-0.128	-0.014	1.067
10.704	-0.429	0.430	0.541	1.62	0.43	1.24	-5.67	-4.89	7.88	46869	-0.416	0.431	0.570	-0.129	-0.014	1.064
10.713	-0.432	0.430	0.541	1.56	0.48	1.32	-4.09	-5.44	7.86	46860	-0.420	0.431	0.569	-0.129	-0.014	1.062
10.722	-0.432	0.431	0.541	1.50	0.51	1.39	-0.75	-5.11	7.88	46869	-0.423	0.431	0.569	-0.130	-0.014	1.060
10.731	-0.437	0.431	0.541	1.49	0.58	1.48	1.33	-3.95	8.26	46857	-0.427	0.431	0.569	-0.130	-0.014	1.058
10.743	-0.438	0.430	0.541	1.50	0.61	1.55	4.34	-1.56	7.88	46825	-0.430	0.431	0.568	-0.131	-0.014	1.056
10.755	-0.441	0.430	0.540	1.54	0.63	1.63	6.45	0.95	7.81	46783	-0.433	0.430	0.568	-0.131	-0.014	1.054
10.763	-0.444	0.429	0.539	1.60	0.63	1.71	6.32	3.65	6.69	46951	-0.437	0.430	0.567	-0.131	-0.014	1.052
10.774	-0.447	0.429	0.539	1.67	0.60	1.78	7.17	4.83	6.60	46936	-0.440	0.430	0.567	-0.132	-0.014	1.050
10.782	-0.445	0.427	0.539	1.75	0.51	1.84	5.62	6.39	6.09	46918	-0.442	0.429	0.567	-0.132	-0.014	1.048
10.791	-0.458	0.426	0.540	1.81	0.53	1.92	4.30	7.72	6.38	46903	-0.446	0.429	0.566	-0.132	-0.014	1.046
10.804	-0.458	0.426	0.540	1.85	0.43	1.98	1.73	5.88	6.31	46757	-0.450	0.428	0.566	-0.133	-0.015	1.044
10.814	-0.461	0.425	0.540	1.88	0.37	2.04	-1.79	6.12	5.44	46741	-0.453	0.427	0.566	-0.133	-0.015	1.042
10.822	-0.466	0.425	0.539	1.86	0.33	2.10	-3.77	5.49	5.43	46716	-0.457	0.427	0.566	-0.134	-0.015	1.040
10.833	-0.469	0.425	0.541	1.82	0.27	2.15	-6.05	3.99	5.30	46697	-0.460	0.426	0.566	-0.134	-0.015	1.038
10.843	-0.470	0.426	0.541	1.76	0.21	2.20	-7.00	4.62	4.56	46446	-0.464	0.426	0.566	-0.134	-0.015	1.036
10.853	-0.470	0.428	0.541	1.67	0.14	2.25	-8.31	2.45	4.22	46420	-0.466	0.426	0.566	-0.135	-0.015	1.034
10.864	-0.476	0.429	0.541	1.58	0.14	2.29	-7.81	2.36	3.64	46384	-0.470	0.425	0.566	-0.135	-0.015	1.032
10.874	-0.476	0.431	0.541	1.48	0.09	2.33	-6.81	2.58	3.05	46367	-0.473	0.426	0.565	-0.135	-0.014	1.030
10.880	-0.480	0.432	0.540	1.40	0.07	2.36	-5.04	1.14	2.69	46341	-0.476	0.426	0.565	-0.135	-0.014	1.028
10.891	-0.482	0.432	0.540	1.34	0.05	2.39	-1.82	1.25	2.19	46512	-0.479	0.426	0.565	-0.135	-0.014	1.026
10.904	-0.485	0.432	0.540	1.32	0.04	2.41	1.32	1.15	2.50	46512	-0.481	0.426	0.565	-0.136	-0.013	1.024
10.913	-0.486	0.431	0.540	1.33	0.01	2.43	4.31	0.70	2.30	46522	-0.484	0.426	0.564	-0.136	-0.013	1.023
10.923	-0.489	0.431	0.539	1.37	0.00	2.45	6.89	1.53	1.78	46509	-0.487	0.426	0.564	-0.136	-0.013	1.021
10.930	-0.491	0.430	0.539	1.43	-0.02	2.47	7.49	0.76	1.95	46696	-0.490	0.426	0.564	-0.136	-0.013	1.019
10.943	-0.494	0.429	0.539	1.51	-0.03	2.49	7.45	0.29	0.98	46693	-0.492	0.426	0.563	-0.136	-0.013	1.017
10.957	-0.495	0.428	0.538	1.58	-0.05	2.50	7.02	-0.17	0.73	46696	-0.495	0.426	0.563	-0.136	-0.012	1.015
10.963	-0.495	0.428	0.539	1.65	-0.07	2.51	5.19	-0.64	0.81	46691	-0.497	0.426	0.563	-0.136	-0.012	1.013
10.973	-0.500	0.427	0.539	1.70	-0.05	2.52	2.76	-0.43	0.70	46500	-0.500	0.425	0.563	-0.136	-0.012	1.012
10.983	-0.504	0.427	0.539	1.73	-0.05	2.53	0.72	-0.39	0.54	46484	-0.503	0.425	0.563	-0.136	-0.012	1.010
10.993	-0.507	0.426	0.539	1.74	-0.04	2.53	-1.77	-0.77	0.30	46479	-0.505	0.424	0.562	-0.136	-0.012	1.008
11.000	-0.510	0.426	0.539	1.73	-0.04	2.53	-3.99	-1.05	-0.43	46483	-0.508	0.424	0.562	-0.136	-0.012	1.006
11.014	-0.509	0.428	0.540	1.67	-0.05	2.52	-4.53	-2.04	-0.26	46475	-0.511	0.424	0.562	-0.136	-0.012	1.005
11.023	-0.512	0.430	0.540	1.61	-0.04	2.52	-5.32	-2.99	-0.93	46281	-0.513	0.424	0.562	-0.136	-0.011	1.003
11.033	-0.517	0.430	0.540	1.54	0.01	2.51	-5.64	-3.03	-1.65	46289	-0.516	0.424	0.562	-0.136	-0.011	1.001
11.042	-0.520	0.429	0.541	1.49	0.04	2.50	-3.71	-3.29	-1.42	46285	-0.519	0.424	0.562	-0.136	-0.011	1.000
11.057	-0.524	0.430	0.541	1.44	0.07	2.48	-2.79	-2.86	-1.43	46271	-0.522	0.424	0.562	-0.136	-0.010	0.998
11.062	-0.525	0.430	0.541	1.40	0.08	2.47	0.42	-1.50	-1.52	46241	-0.524	0.424	0.562	-0.136	-0.010	0.996
11.073	-0.528	0.430	0.541	1.40	0.10	2.45	1.09	-1.51	-1.91	46247	-0.527	0.424	0.562	-0.136	-0.010	0.995
11.083	-0.530	0.429	0.541	1.40	0.11	2.43	3.94	0.87	-2.45	46240	-0.530	0.424	0.562	-0.136	-0.010	0.993
11.089	-0.531	0.426	0.541	1.46	0.09	2.40	5.75	1.07	-2.73	46240	-0.532	0.423	0.562	-0.136	-0.009	0.992
11.101	-0.530	0.427	0.541	1.50	0.05	2.37	6.40	1.91	-2.94	46322	-0.535	0.423	0.562	-0.136	-0.009	0.990
11.114	-0.529	0.425	0.541	1.58	0.00	2.34	7.03	2.79	-2.96	46331	-0.536	0.422	0.561	-0.136	-0.009	0.988
11.123	-0.535	0.424	0.541	1.64	-0.00	2.31	5.62	1.89	-2.73	46339	-0.539	0.422	0.561	-0.135	-0.009	0.987
11.133	-0.533	0.425	0.541	1.69	-0.06	2.28	3.95	0.82	-2.91	46356	-0.540	0.421	0.561	-0.135	-0.009	0.985
11.140	-0.539	0.425	0.541	1.72	-0.04	2.26	1.74	-0.20	-3.51	46361	-0.543	0.421	0.561	-0.135	-0.008	0.984
11.150	-0.540	0.425	0.541	1.73	-0.06	2.22	-0.39	-1.80	-3.69	46334	-0.545	0.420	0.561	-0.135	-0.008	0.982
11.161	-0.546	0.426	0.541	1.72	-0.02	2.18	-2.80	-3.92	-3.77	46351	-0.547	0.420	0.561	-0.135	-0.008	0.981
11.174	-0.548	0.425	0.541	1.70	0.01	2.15	-4.42	-5.44	-4.11	46379	-0.550	0.420	0.560	-0.134	-0.008	0.979
11.182	-0.546	0.424	0.540	1.65	0.02	2.10	-5.62	-5.75	-4.64	46385	-0.552	0.419	0.560	-0.134	-0.007	0.978
11.193	-0.546	0.420	0.540	1.63	0.06	2.05	-5.02	-5.05	-5.16	46512	-0.554	0.418	0.560	-0.134	-0.007	0.976
11.203	-0.543	0.413	0.540	1.62	0.07	2.00	-4.27	-4.80	-4.89	46534	-0.555	0.417	0.560	-0.133	-0.008	0.975
11.213	-0.546	0.412	0.540	1.58	0.11	1.95	-3.27	-4.31	-5.07	46552	-0.556	0.415	0.559	-0.133	-0.008	0.973
11.223	-0.547	0.411	0.541	1.54	0.15	1.89	-2.12	-3.45	-5.00	46577	-0.557	0.414	0.559	-0.132	-0.008	0.972
11.234	-0.561	0.410	0.540	1.51	0.27	1.86	-0.80	-2.43	-4.72	46432	-0.560	0.412	0.559	-0.132	-0.008	0.970
11.244	-0.564	0.409	0.540	1.50	0.30	1.81	-1.10	-0.87	-4.10	46451	-0.563	0.411	0.559	-0.132	-0.008	0.969
11.250	-0.568	0.411	0.540	1.47	0.31	1.77	0.34	-0.95	-3.98	46465	-0.566	0.409	0.559	-0.132	-0.008	0.968
11.264	-0.570	0.409	0.539	1.47	0.32	1.73	0.42	0.01	-3.98	46482	-0.569	0.408	0.558	-0.132	-0.008	0.966
11.274	-0.572	0.407	0.539	1.48	0.32	1.69	-0.11	0.94	-3.79	46739	-0.572	0.407	0.558	-0.132	-0.008	0.965
11.282	-0.574	0.402	0.539	1.51	0.30	1.65	-0.38	1.32	-4.24	46763	-0.575	0.405	0.558	-0.132	-0.008	0.963
11.293	-0.573	0.401	0.539	1.50	0.26	1.60	-1.31	2.01	-4.69	46776	-0.577	0.403	0.557	-0.132	-0.008	0.962
11.303	-0.570	0.395	0.538	1.53	0.19	1.55	-3.26	1.77	-5.00	46805	-0.578	0.401	0.557	-0.132	-0.009	0.960
11.313	-0.573	0.396	0.539	1.49	0.17	1.50	-3.95	1.88	-5.00	46838	-0.580	0.399	0.557	-0.131	-0.009	0.959
11.323	-0.580	0.396	0.538	1.43	0.19	1.46	-5.02	1.47	-4.77	46779	-0.583	0.398	0.557	-0.131	-0.009	0.958
11.332	-0.583	0.395	0.538	1.38	0.17	1.41	-6.41	-0.51	-4.85	46783	-0.585	0.396	0.556	-0.131	-0.009	0.956
11.344	-0.588	0.394	0.538	1.31	0.19	1.36	-6.89	-0.16	-4.43	46803	-0.588	0.394	0.556	-0.131	-0.009	0.955
11.352	-0.589	0.396	0.538	1.22	0.18	1.31	-8.05	0.07	-4.18	46819	-0.591	0.393	0.556	-0.131	-0.009	0.954
11.367	-0.592	0.386	0.538	1.20	0.18	1.27	-8.85	0.21	-4.33	46813	-0.593	0.391	0.556	-0.131	-0.009	0.952
11.374	-0.591	0.385	0.538	1.12	0.15	1.23	-7.81	1.27	-4.50	46834	-0.595	0.389	0.555	-0.131	-0.009	0.951
11.384	-0.594	0.383	0.537	1.03	0.14	1.18	-8.04	0.87	-4.48	46862	-0.598	0.387	0.555	-0.131	-0.009	0.949
11.394	-0.601	0.385	0.537	0.93	0.17	1.14	-5.63	2.01	-4.44	46886	-0.601	0.385	0.555	-0.131	-0.009	0.948
11.399	-0.604	0.383	0.537	0.87	0.15	1.09	-4.11	3.35	-4.57	46838	-0.604	0.383	0.555	-0.131	-0.009	0.947
11.415	-0.608	0.387	0.537	0.79	0.12	1.05	-2.38	4.43	-4.62	46836	-0.607	0.382	0.555	-0.131	-0.009	0.945
11.441	-0.611	0.385	0.537	0.76	0.08	1.00	-0.54	5.41	-4.55	46837	-0.610	0.381	0.554	-0.131	-0.009	0.944
11.446	-0.614	0.377	0.537	0.80	0.03	0.96	0.46	5.22	-4.77	46845	-0.613	0.379	0.554	-0.131	-0.009	0.943
11.449	-0.614	0.373	0.537	0.82	-0.04	0.91	1.54	6.02	-4.63	46840	-0.615	0.377	0.554	-0.131	-0.009	0.942
11.454	-0.611	0.373	0.537	0.82	-0.14	0.86	3.05	5.50	-5.24	46808	-0.618	0.375	0.554	-0.130	-0.009	0.940
11.467	-0.614	0.372	0.536	0.85	-0.20	0.81	3.35	5.21	-5.06	46802	-0.620	0.373	0.553	-0.130	-0.009	0.939
11.474	-0.610	0.372	0.536	0.87	-0.31	0.75	1.75	4.12	-4.79	46809	-0.621	0.371	0.553	-0.129	-0.009	0.938
11.483	-0.631	0.370	0.536	0.88	-0.21	0.72	0.35	2.81	-4.70	46801	-0.625	0.370	0.553	-0.130	-0.009	0.936
11.493	-0.634	0.369	0.535	0.89	-0.24	0.67	-0.42	0.83	-4.43	46887	-0.629	0.368	0.553	-0.130	-0.009	0.935
11.502	-0.639	0.368	0.535	0.88	-0.23	0.63	-2.42	-1.40	-4.20	46898	-0.633	0.366	0.552	-0.130	-0.009	0.934
11.511	-0.638	0.366	0.535	0.86	-0.25	0.58	-3.96	-1.97	-4.10	46910	-0.636	0.365	0.552	-0.130	-0.009	0.932
11.522	-0.641	0.356	0.535	0.88	-0.23	0.55	-5.31	-2.53	-3.99	46912	-0.639	0.362	0.552	-0.131	-0.009	0.931
11.533	-0.642	0.354	0.535	0.83	-0.22	0.50	-6.01	-2.34	-3.79	46909	-0.642	0.360	0.552	-0.131	-0.010	0.930
11.542	-0.642	0.357	0.535	0.74	-0.21	0.46	-7.01	-0.77	-3.66	46913	-0.645	0.358	0.551	-0.130	-0.010	0.929
11.550	-0.645	0.355	0.535	0.67	-0.20	0.43	-7.01	-0.09	-3.07	46919	-0.648	0.356	0.551	-0.130	-0.010	0.927
11.561	-0.652	0.356	0.533	0.58	-0.16	0.40	-6.88	2.58	-3.23	46922	-0.651	0.354	0.551	-0.130	-0.010	0.926
11.572	-0.653	0.359	0.533	0.47	-0.20	0.36	-5.14	4.78	-2.50	46924	-0.654	0.353	0.550	-0.130	-0.009	0.925
11.584	-0.651	0.361	0.533	0.39	-0.28	0.33	-3.48	5.87	-1.83	47089	-0.656	0.352	0.550	-0.130	-0.009	0.923
11.593	-0.669	0.364	0.533	0.31	-0.22	0.32	-1.75	7.04	-1.65	47093	-0.661	0.352	0.550	-0.130	-0.008	0.922
11.603	-0.668	0.366	0.533	0.26	-0.32	0.30	0.76	7.09	-1.20	47106	-0.664	0.352	0.549	-0.131	-0.008	0.921
11.609	-0.671	0.368	0.532	0.24	-0.38	0.29	1.87	7.74	-0.94	47088	-0.668	0.352	0.549	-0.131	-0.007	0.920
11.621	-0.673	0.367	0.532	0.25	-0.47	0.27	5.64	7.21	-0.64	47104	-0.671	0.353	0.549	-0.131	-0.006	0.918
11.634	-0.678	0.368	0.532	0.28	-0.53	0.27	7.34	7.17	-0.74	47101	-0.675	0.353	0.549	-0.131	-0.005	0.917
11.642	-0.677	0.369	0.532	0.34	-0.63	0.26	9.03	5.38	-1.02	47104	-0.678	0.353	0.548	-0.131	-0.004	0.916
11.653	-0.676	0.369	0.533	0.41	-0.72	0.24	10.99	5.52	-1.48	47082	-0.681	0.354	0.548	-0.131	-0.004	0.915
11.659	-0.675	0.363	0.533	0.55	-0.80	0.23	11.85	3.96	-1.23	46822	-0.683	0.353	0.548	-0.130	-0.003	0.913
11.674	-0.679	0.362	0.533	0.66	-0.83	0.22	12.00	3.07	-1.48	46815	-0.685	0.353	0.548	-0.130	-0.003	0.912
11.683	-0.682	0.360	0.533	0.79	-0.86	0.21	11.58	1.67	-1.65	46812	-0.688	0.352	0.548	-0.130	-0.002	0.911
11.693	-0.681	0.361	0.532	0.89	-0.91	0.19	10.54	-0.35	-1.75	46791	-0.690	0.352	0.548	-0.129	-0.002	0.910
11.702	-0.687	0.359	0.531	1.00	-0.88	0.17	8.75	-1.97	-2.03	46772	-0.693	0.351	0.548	-0.129	-0.001	0.909
11.712	-0.688	0.360	0.531	1.07	-0.87	0.15	7.17	-1.60	-2.00	46952	-0.695	0.351	0.547	-0.128	-0.001	0.907
11.723	-0.689	0.360	0.531	1.13	-0.86	0.13	5.81	-2.03	-2.14	46953	-0.698	0.350	0.547	-0.128	-0.000	0.906
11.733	-0.692	0.359	0.531	1.19	-0.85	0.11	5.57	-1.30	-2.16	46943	-0.700	0.350	0.547	-0.128	0.000	0.905
11.742	-0.691	0.358	0.532	1.24	-0.86	0.09	4.86	-0.33	-1.55	46938	-0.702	0.349	0.547	-0.127	0.000	0.904
11.753	-0.691	0.352	0.532	1.32	-0.87	0.07	5.03	1.01	-1.93	46725	-0.704	0.348	0.547	-0.126	0.001	0.903
11.763	-0.686	0.348	0.532	1.39	-0.94	0.05	5.28	2.02	-1.91	46731	-0.704	0.346	0.547	-0.126	0.001	0.902
11.777	-0.686	0.345	0.532	1.45	-0.97	0.04	5.27	2.40	-1.46	46734	-0.705	0.345	0.547	-0.125	0.001	0.901
11.783	-0.685	0.344	0.532	1.50	-1.02	0.02	3.95	1.67	-1.49	46734	-0.706	0.343	0.547	-0.124	0.001	0.899
11.792	-0.705	0.344	0.532	1.53	-0.90	0.01	3.40	0.20	-1.29	46731	-0.709	0.341	0.547	-0.123	0.001	0.898
11.802	-0.708	0.342	0.532	1.57	-0.91	-0.00	1.87	-2.30	-1.18	46737	-0.712	0.340	0.547	-0.123	0.001	0.897
11.817	-0.710	0.340	0.532	1.59	-0.89	-0.02	0.29	-4.48	-1.49	46742	-0.715	0.338	0.546	-0.123	0.001	0.896
11.824	-0.714	0.341	0.532	1.58	-0.84	-0.03	-1.32	-5.61	-1.49	46726	-0.718	0.337	0.546	-0.123	0.001	0.895
11.839	-0.716	0.329	0.532	1.64	-0.79	-0.04	-2.72	-6.14	-1.28	46701	-0.720	0.334	0.546	-0.122	0.001	0.894
11.850	-0.716	0.325	0.532	1.63	-0.75	-0.05	-3.84	-6.31	-1.64	46723	-0.723	0.331	0.546	-0.122	0.001	0.893
11.872	-0.718	0.323	0.532	1.59	-0.68	-0.07	-4.65	-5.88	-1.92	46742	-0.725	0.329	0.546	-0.122	0.000	0.892
11.895	-0.722	0.326	0.532	1.50	-0.61	-0.10	-5.09	-5.70	-1.65	46740	-0.728	0.327	0.546	-0.121	0.000	0.891
11.897	-0.724	0.329	0.531	1.42	-0.55	-0.12	-5.12	-5.26	-0.97	46739	-0.731	0.325	0.546	-0.121	0.001	0.890
11.899	-0.725	0.321	0.530	1.41	-0.51	-0.12	-6.51	-4.28	-1.41	46944	-0.733	0.323	0.545	-0.121	0.001	0.888
11.903	-0.726	0.323	0.530	1.32	-0.47	-0.14	-4.67	-3.07	-0.12	46963	-0.736	0.321	0.545	-0.120	0.001	0.887
11.905	-0.727	0.324	0.530	1.25	-0.45	-0.15	-4.49	-0.94	-0.29	46959	-0.738	0.319	0.545	-0.120	0.001	0.886
11.910	-0.726	0.310	0.530	1.29	-0.46	-0.14	-3.01	1.23	0.25	46966	-0.739	0.316	0.545	-0.119	0.001	0.885
11.918	-0.725	0.308	0.530	1.25	-0.49	-0.14	-2.35	2.30	0.85	46932	-0.741	0.314	0.545	-0.118	0.000	0.884
11.933	-0.730	0.310	0.530	1.20	-0.49	-0.14	-0.84	3.99	0.47	46953	-0.743	0.311	0.544	-0.118	0.000	0.883
11.943	-0.730	0.312	0.530	1.16	-0.55	-0.13	-0.08	4.86	0.85	46953	-0.744	0.309	0.544	-0.117	0.000	0.882
11.951	-0.735	0.314	0.529	1.13	-0.57	-0.13	-1.08	5.31	0.80	46960	-0.746	0.308	0.544	-0.116	0.001	0.881
11.962	-0.735	0.317	0.529	1.08	-0.64	-0.12	-0.67	4.62	0.76	46979	-0.748	0.307	0.544	-0.116	0.001	0.880
11.973	-0.729	0.297	0.528	1.21	-0.75	-0.10	-1.02	3.42	0.82	47209	-0.749	0.304	0.543	-0.115	0.001	0.878
11.984	-0.731	0.295	0.528	1.21	-0.78	-0.09	-0.46	2.35	0.73	47231	-0.750	0.301	0.543	-0.114	0.001	0.877
11.993	-0.730	0.299	0.528	1.15	-0.83	-0.09	-0.03	0.06	0.92	47232	-0.751	0.299	0.543	-0.113	0.001	0.876
12.004	-0.733	0.289	0.529	1.21	-0.83	-0.08	-0.56	-2.08	0.47	47225	-0.751	0.295	0.543	-0.112	0.000	0.875
12.010	-0.733	0.288	0.529	1.19	-0.83	-0.07	-0.58	-4.90	-0.07	47020	-0.752	0.292	0.543	-0.111	0.000	0.874
12.020	-0.736	0.284	0.529	1.20	-0.77	-0.07	-0.67	-7.15	-0.38	47035	-0.753	0.289	0.542	-0.110	-0.000	0.873
12.033	-0.738	0.284	0.529	1.17	-0.70	-0.08	-1.73	-9.19	-0.90	47027	-0.755	0.287	0.542	-0.109	-0.000	0.872
12.043	-0.740	0.286	0.528	1.13	-0.61	-0.09	-2.61	-9.71	-1.36	47010	-0.756	0.284	0.542	-0.108	-0.000	0.871
12.052	-0.745	0.287	0.528	1.08	-0.50	-0.11	-2.33	-9.48	-1.60	47058	-0.758	0.283	0.542	-0.107	-0.000	0.870
12.063	-0.743	0.271	0.528	1.16	-0.43	-0.12	-2.25	-7.91	-1.56	47064	-0.759	0.279	0.542	-0.107	-0.001	0.869
12.073	-0.744	0.268	0.528	1.14	-0.35	-0.13	-0.36	-6.55	-1.73	47059	-0.760	0.276	0.542	-0.106	-0.001	0.868
12.083	-0.745	0.270	0.528	1.09	-0.29	-0.16	0.68	-3.91	-1.53	47050	-0.761	0.273	0.542	-0.105	-0.001	0.867
12.093	-0.744	0.268	0.528	1.09	-0.26	-0.17	0.72	-0.65	-1.79	47060	-0.762	0.270	0.541	-0.104	-0.001	0.866
12.103	-0.743	0.261	0.528	1.13	-0.27	-0.19	0.06	0.17	-1.84	47076	-0.763	0.266	0.541	-0.103	-0.001	0.865
12.113	-0.746	0.256	0.528	1.14	-0.26	-0.21	-1.04	2.27	-1.85	47088	-0.764	0.263	0.541	-0.102	-0.002	0.864
12.123	-0.747	0.257	0.527	1.11	-0.29	-0.23	-2.05	3.60	-1.83	47097	-0.765	0.260	0.541	-0.101	-0.002	0.863
12.133	-0.753	0.260	0.527	1.04	-0.30	-0.25	-3.74	3.45	-1.53	47104	-0.766	0.258	0.541	-0.101	-0.002	0.862
12.137	-0.752	0.262	0.527	0.97	-0.35	-0.27	-5.20	3.19	-1.44	47211	-0.768	0.256	0.541	-0.100	-0.001	0.861
12.153	-0.752	0.256	0.527	0.95	-0.40	-0.28	-5.91	1.51	-1.50	47211	-0.769	0.254	0.540	-0.099	-0.001	0.860
12.163	-0.754	0.256	0.526	0.87	-0.41	-0.29	-5.45	0.13	-1.23	47190	-0.770	0.251	0.540	-0.098	-0.001	0.859
12.170	-0.753	0.240	0.526	0.91	-0.43	-0.30	-5.77	-0.56	-0.91	47190	-0.771	0.248	0.540	-0.097	-0.002	0.858
12.181	-0.754	0.238	0.526	0.86	-0.43	-0.31	-4.37	-2.77	-0.84	47209	-0.772	0.244	0.540	-0.096	-0.002	0.856
12.191	-0.756	0.240	0.526	0.77	-0.41	-0.32	-2.24	-4.33	-0.47	47210	-0.773	0.241	0.540	-0.095	-0.002	0.855
12.202	-0.755	0.230	0.526	0.80	-0.39	-0.32	-1.88	-4.67	-0.39	47171	-0.773	0.237	0.539	-0.094	-0.002	0.854
12.211	-0.754	0.224	0.526	0.80	-0.36	-0.32	-0.72	-4.32	-0.76	47171	-0.774	0.233	0.539	-0.093	-0.003	0.853
12.222	-0.755	0.226	0.527	0.76	-0.31	-0.33	-0.73	-5.00	-0.69	46959	-0.775	0.230	0.539	-0.092	-0.003	0.852
12.232	-0.757	0.223	0.526	0.75	-0.26	-0.34	-1.61	-4.00	-1.06	46959	-0.775	0.227	0.539	-0.091	-0.003	0.851
12.239	-0.756	0.207	0.526	0.84	-0.24	-0.34	-3.16	-2.51	-1.48	46919	-0.776	0.222	0.539	-0.090	-0.004	0.850
12.253	-0.757	0.204	0.526	0.81	-0.21	-0.36	-4.28	-1.76	-1.41	46919	-0.776	0.217	0.539	-0.089	-0.005	0.849
12.263	-0.757	0.198	0.525	0.79	-0.20	-0.37	-6.93	-0.56	-1.31	47060	-0.777	0.212	0.539	-0.088	-0.005	0.848
12.270	-0.757	0.192	0.525	0.75	-0.21	-0.38	-8.90	0.09	-1.78	47060	-0.777	0.207	0.539	-0.087	-0.006	0.847
12.286	-0.759	0.193	0.525	0.63	-0.20	-0.40	-11.59	-0.02	-1.42	47050	-0.778	0.203	0.539	-0.086	-0.007	0.846
12.291	-0.759	0.188	0.525	0.54	-0.21	-0.41	-13.33	0.34	-1.83	47050	-0.778	0.198	0.539	-0.086	-0.007	0.845
12.303	-0.759	0.182	0.526	0.42	-0.22	-0.43	-14.49	0.07	-2.66	47018	-0.779	0.194	0.539	-0.084	-0.008	0.844
12.313	-0.759	0.186	0.526	0.23	-0.23	-0.46	-14.75	-0.73	-2.74	47018	-0.779	0.190	0.539	-0.083	-0.008	0.843
12.320	-0.759	0.178	0.526	0.12	-0.23	-0.48	-14.33	-1.91	-3.18	46858	-0.779	0.186	0.538	-0.082	-0.008	0.843
12.333	-0.763	0.177	0.526	-0.04	-0.19	-0.52	-12.64	-3.09	-2.60	46858	-0.780	0.182	0.538	-0.082	-0.009	0.842
12.343	-0.764	0.174	0.526	-0.17	-0.16	-0.55	-10.43	-5.28	-2.25	46825	-0.781	0.178	0.538	-0.081	-0.009	0.841
12.353	-0.764	0.165	0.526	-0.23	-0.12	-0.56	-9.02	-4.75	-2.41	46789	-0.781	0.174	0.538	-0.080	-0.009	0.840
12.362	-0.765	0.162	0.526	-0.33	-0.07	-0.59	-6.76	-4.65	-3.12	46836	-0.782	0.170	0.538	-0.079	-0.010	0.839
12.373	-0.767	0.163	0.526	-0.44	-0.02	-0.62	-6.10	-3.92	-3.01	46827	-0.783	0.166	0.538	-0.078	-0.010	0.838
12.383	-0.767	0.150	0.526	-0.42	0.01	-0.64	-4.47	-3.51	-2.25	46808	-0.784	0.161	0.538	-0.077	-0.010	0.837
12.393	-0.769	0.147	0.526	-0.47	0.05	-0.67	-4.35	-1.54	-1.93	46791	-0.784	0.157	0.538	-0.077	-0.011	0.836
12.403	-0.773	0.148	0.526	-0.55	0.09	-0.69	-4.13	0.62	-1.46	46753	-0.786	0.153	0.538	-0.076	-0.011	0.835
12.412	-0.775	0.144	0.526	-0.59	0.09	-0.71	-5.25	1.78	-0.81	46751	-0.787	0.149	0.538	-0.075	-0.011	0.834
12.424	-0.775	0.139	0.526	-0.63	0.07	-0.72	-6.43	3.11	-0.53	46753	-0.788	0.145	0.538	-0.075	-0.012	0.833
12.432	-0.776	0.141	0.526	-0.73	0.04	-0.72	-6.91	4.95	0.27	46754	-0.789	0.142	0.538	-0.074	-0.012	0.832
12.443	-0.775	0.141	0.526	-0.82	-0.03	-0.72	-7.50	5.53	0.94	46664	-0.790	0.139	0.538	-0.073	-0.012	0.831
12.453	-0.776	0.134	0.526	-0.87	-0.09	-0.71	-6.98	6.17	0.91	46664	-0.791	0.136	0.538	-0.072	-0.012	0.830
12.462	-0.779	0.129	0.526	-0.93	-0.13	-0.70	-6.31	6.37	0.73	46676	-0.792	0.132	0.538	-0.072	-0.012	0.830
12.473	-0.780	0.132	0.527	-1.04	-0.20	-0.70	-5.45	5.20	0.91	46676	-0.793	0.129	0.538	-0.071	-0.012	0.829
12.483	-0.782	0.134	0.526	-1.14	-0.24	-0.70	-2.67	3.44	1.11	46691	-0.794	0.127	0.538	-0.071	-0.011	0.828
12.494	-0.784	0.135	0.526	-1.20	-0.27	-0.69	-1.12	1.87	0.71	46687	-0.796	0.125	0.538	-0.070	-0.011	0.827
12.503	-0.784	0.127	0.526	-1.18	-0.31	-0.68	1.74	0.06	1.17	46698	-0.797	0.123	0.538	-0.069	-0.011	0.826
12.512	-0.786	0.124	0.526	-1.17	-0.31	-0.67	4.06	-0.52	1.22	46706	-0.798	0.120	0.538	-0.069	-0.011	0.825
12.522	-0.787	0.121	0.526	-1.13	-0.30	-0.65	6.22	-1.32	1.30	46697	-0.799	0.118	0.538	-0.068	-0.010	0.824
12.533	-0.788	0.114	0.526	-1.04	-0.29	-0.63	8.47	-1.09	1.26	46802	-0.800	0.115	0.537	-0.068	-0.010	0.824
12.543	-0.789	0.114	0.526	-0.98	-0.28	-0.62	10.54	0.01	1.75	46816	-0.801	0.112	0.537	-0.067	-0.010	0.823
12.552	-0.790	0.111	0.526	-0.88	-0.28	-0.60	11.42	0.18	1.68	46822	-0.802	0.109	0.537	-0.066	-0.010	0.822
12.563	-0.793	0.108	0.526	-0.76	-0.27	-0.59	12.05	1.86	1.94	46810	-0.804	0.107	0.537	-0.066	-0.010	0.821
12.573	-0.793	0.106	0.527	-0.65	-0.29	-0.57	11.51	3.66	1.59	46579	-0.805	0.104	0.537	-0.065	-0.010	0.820
12.579	-0.795	0.106	0.527	-0.56	-0.32	-0.56	10.93	5.21	1.76	46587	-0.806	0.102	0.537	-0.065	-0.010	0.819
12.596	-0.796	0.106	0.527	-0.46	-0.37	-0.54	9.89	6.13	1.55	46588	-0.807	0.100	0.537	-0.064	-0.010	0.819
12.603	-0.796	0.103	0.527	-0.36	-0.44	-0.52	9.26	7.00	2.05	46574	-0.808	0.098	0.537	-0.063	-0.009	0.818
12.614	-0.795	0.101	0.526	-0.28	-0.52	-0.50	7.49	7.18	2.53	46807	-0.809	0.095	0.537	-0.063	-0.009	0.817
12.621	-0.802	0.101	0.526	-0.22	-0.55	-0.48	6.20	7.84	1.96	46819	-0.811	0.094	0.537	-0.062	-0.009	0.816
12.632	-0.802	0.102	0.526	-0.18	-0.63	-0.46	4.86	6.42	1.73	46827	-0.812	0.092	0.537	-0.062	-0.008	0.815
12.643	-0.805	0.102	0.526	-0.15	-0.69	-0.45	6.26	5.19	2.37	46836	-0.814	0.091	0.537	-0.061	-0.008	0.815
12.653	-0.806	0.099	0.526	-0.09	-0.74	-0.42	6.33	4.35	1.52	46839	-0.815	0.089	0.537	-0.061	-0.007	0.814
12.662	-0.807	0.099	0.526	-0.04	-0.78	-0.41	6.16	3.89	1.94	46829	-0.817	0.088	0.536	-0.060	-0.007	0.813
12.671	-0.808	0.092	0.526	0.05	-0.83	-0.39	7.65	2.83	2.25	46829	-0.818	0.086	0.536	-0.060	-0.006	0.812
12.683	-0.810	0.092	0.526	0.11	-0.85	-0.37	9.73	2.22	2.23	46828	-0.820	0.085	0.536	-0.059	-0.006	0.811
12.697	-0.810	0.089	0.526	0.21	-0.89	-0.34	10.85	1.28	1.62	46822	-0.821	0.083	0.536	-0.059	-0.006	0.811
12.703	-0.811	0.086	0.526	0.32	-0.90	-0.33	10.60	1.87	1.11	46880	-0.822	0.081	0.536	-0.058	-0.005	0.810
12.713	-0.813	0.085	0.525	0.41	-0.91	-0.32	11.52	0.72	0.65	46889	-0.823	0.079	0.536	-0.058	-0.005	0.809
12.723	-0.814	0.083	0.525	0.53	-0.92	-0.31	10.44	1.31	0.84	46901	-0.825	0.077	0.536	-0.057	-0.005	0.808
12.732	-0.819	0.079	0.525	0.64	-0.91	-0.30	10.42	2.17	-0.32	46898	-0.826	0.075	0.535	-0.057	-0.004	0.808
12.738	-0.821	0.079	0.525	0.73	-0.92	-0.30	9.45	3.13	0.60	46987	-0.828	0.073	0.535	-0.056	-0.004	0.807
12.749	-0.820	0.077	0.525	0.81	-0.96	-0.30	6.42	4.01	-0.10	46987	-0.830	0.071	0.535	-0.056	-0.004	0.806
12.763	-0.824	0.077	0.525	0.87	-0.98	-0.30	6.50	4.49	-0.16	46995	-0.832	0.070	0.535	-0.055	-0.003	0.805
12.772	-0.823	0.079	0.525	0.91	-1.04	-0.30	3.53	6.70	-0.09	46989	-0.833	0.068	0.535	-0.055	-0.003	0.804
12.782	-0.826	0.079	0.524	0.93	-1.09	-0.31	3.39	6.72	0.07	47155	-0.835	0.067	0.534	-0.054	-0.002	0.804
12.793	-0.826	0.071	0.523	1.00	-1.16	-0.30	1.27	8.36	-0.30	47154	-0.836	0.065	0.534	-0.054	-0.002	0.803
12.799	-0.825	0.065	0.523	1.05	-1.25	-0.30	2.24	6.83	0.16	47159	-0.837	0.063	0.534	-0.053	-0.002	0.802
12.812	-0.826	0.065	0.523	1.05	-1.33	-0.30	3.28	6.15	-0.82	47163	-0.838	0.061	0.534	-0.053	-0.002	0.801
12.822	-0.827	0.063	0.523	1.08	-1.39	-0.30	3.95	4.75	-0.66	47153	-0.839	0.059	0.533	-0.052	-0.001	0.800
12.833	-0.827	0.063	0.523	1.09	-1.45	-0.31	4.72	3.43	-0.70	47077	-0.841	0.057	0.533	-0.051	-0.001	0.800
12.839	-0.832	0.063	0.523	1.12	-1.45	-0.32	5.03	1.63	-1.39	47076	-0.842	0.055	0.533	-0.051	-0.001	0.799
12.852	-0.835	0.065	0.523	1.13	-1.46	-0.34	5.10	-1.20	-1.61	47078	-0.844	0.054	0.533	-0.050	-0.000	0.798
12.862	-0.836	0.063	0.523	1.18	-1.45	-0.35	4.67	-2.30	-1.71	47066	-0.845	0.053	0.533	-0.050	0.000	0.797
12.873	-0.836	0.065	0.524	1.19	-1.43	-0.38	5.45	-3.86	-1.66	46906	-0.847	0.052	0.533	-0.049	0.001	0.797
12.882	-0.836	0.061	0.524	1.25	-1.40	-0.39	4.37	-3.02	-2.39	46896	-0.848	0.050	0.533	-0.049	0.002	0.796
12.889	-0.837	0.054	0.524	1.34	-1.37	-0.41	3.92	-1.06	-2.29	46890	-0.849	0.048	0.533	-0.048	0.002	0.795
12.900	-0.840	0.051	0.524	1.37	-1.34	-0.43	3.97	0.50	-1.80	46875	-0.851	0.046	0.533	-0.048	0.002	0.795
12.912	-0.839	0.047	0.524	1.42	-1.35	-0.45	1.98	3.44	-2.37	46841	-0.852	0.044	0.533	-0.047	0.002	0.794
12.923	-0.840	0.048	0.524	1.42	-1.38	-0.47	0.89	5.19	-1.74	46832	-0.853	0.042	0.533	-0.046	0.003	0.793
12.931	-0.841	0.045	0.524	1.44	-1.43	-0.49	-1.02	7.88	-2.24	46828	-0.854	0.040	0.533	-0.046	0.003	0.793
13.007	-0.842	0.047	0.524	1.39	-1.50	-0.52	-1.64	8.53	-2.31	46817	-0.855	0.038	0.533	-0.045	0.003	0.792
13.019	-0.843	0.044	0.525	1.38	-1.58	-0.54	-1.25	8.32	-2.00	46812	-0.856	0.037	0.533	-0.044	0.004	0.791
13.036	-0.845	0.037	0.525	1.40	-1.67	-0.55	-1.92	7.53	-2.05	46520	-0.858	0.034	0.533	-0.044	0.004	0.791
13.039	-0.844	0.039	0.526	1.34	-1.76	-0.57	-1.72	5.61	-2.43	46501	-0.859	0.032	0.533	-0.043	0.004	0.790
13.039	-0.843	0.039	0.526	1.31	-1.83	-0.60	-2.00	3.80	-2.92	46479	-0.859	0.031	0.534	-0.042	0.005	0.790
13.045	-0.842	0.037	0.526	1.28	-1.89	-0.63	-2.44	1.31	-2.77	46470	-0.860	0.029	0.534	-0.041	0.005	0.789
13.050	-0.845	0.032	0.526	1.27	-1.89	-0.65	-1.83	-1.13	-2.80	46456	-0.861	0.027	0.534	-0.040	0.005	0.788
13.051	-0.845	0.029	0.526	1.25	-1.87	-0.68	-0.19	-3.52	-2.05	46439	-0.862	0.024	0.534	-0.039	0.005	0.788
13.057	-0.845	0.026	0.526	1.25	-1.84	-0.70	-0.16	-5.57	-1.90	46419	-0.862	0.022	0.534	-0.039	0.006	0.787
13.057	-0.846	0.028	0.526	1.21	-1.79	-0.73	0.44	-5.98	-2.25	46410	-0.863	0.020	0.534	-0.038	0.006	0.787
13.061	-0.850	0.025	0.527	1.21	-1.70	-0.75	-0.35	-6.19	-2.34	46373	-0.864	0.018	0.534	-0.037	0.006	0.786
13.068	-0.848	0.018	0.527	1.24	-1.66	-0.77	-1.24	-4.68	-2.22	46387	-0.865	0.016	0.534	-0.036	0.006	0.785
13.070	-0.849	0.015	0.527	1.23	-1.61	-0.79	-1.88	-2.71	-2.73	46396	-0.866	0.013	0.534	-0.035	0.007	0.785
13.073	-0.849	0.012	0.527	1.21	-1.58	-0.82	-2.90	-0.73	-2.62	46402	-0.866	0.010	0.534	-0.034	0.007	0.784
13.081	-0.849	0.005	0.525	1.22	-1.58	-0.84	-3.74	2.07	-2.41	46407	-0.867	0.007	0.534	-0.034	0.007	0.784
13.093	-0.848	-0.001	0.525	1.20	-1.62	-0.86	-4.58	4.05	-2.15	46741	-0.867	0.003	0.534	-0.033	0.006	0.783
13.106	-0.848	0.001	0.525	1.11	-1.65	-0.88	-5.31	5.40	-1.85	46756	-0.867	0.000	0.534	-0.032	0.006	0.782
13.113	-0.850	0.002	0.525	1.03	-1.69	-0.91	-5.97	4.78	-2.15	46757	-0.868	-0.002	0.533	-0.031	0.007	0.782
13.120	-0.852	0.004	0.525	0.93	-1.72	-0.93	-6.25	4.33	-2.05	46763	-0.869	-0.004	0.533	-0.030	0.007	0.781
13.132	-0.849	-0.003	0.525	0.90	-1.79	-0.95	-5.39	4.46	-2.32	46822	-0.869	-0.007	0.533	-0.029	0.007	0.781
13.140	-0.850	-0.006	0.525	0.84	-1.84	-0.97	-5.34	1.72	-2.19	46849	-0.869	-0.009	0.533	-0.028	0.007	0.780
13.151	-0.850	-0.006	0.525	0.77	-1.86	-0.99	-3.42	0.00	-2.06	46857	-0.870	-0.012	0.533	-0.027	0.008	0.780
13.162	-0.850	-0.012	0.525	0.75	-1.85	-1.01	-2.11	-2.32	-2.04	46866	-0.870	-0.014	0.532	-0.026	0.008	0.779
13.171	-0.850	-0.017	0.526	0.74	-1.83	-1.03	-1.09	-4.67	-2.26	46699	-0.870	-0.017	0.532	-0.025	0.008	0.778
13.183	-0.850	-0.020	0.526	0.72	-1.78	-1.05	-0.57	-7.16	-2.34	46711	-0.871	-0.020	0.532	-0.024	0.008	0.778
13.190	-0.850	-0.023	0.526	0.72	-1.71	-1.08	-0.69	-9.60	-2.25	46717	-0.871	-0.023	0.532	-0.023	0.008	0.777
13.201	-0.850	-0.026	0.526	0.71	-1.62	-1.10	-0.87	-10.07	-2.34	46729	-0.871	-0.026	0.532	-0.022	0.008	0.777
13.213	-0.852	-0.033	0.525	0.74	-1.51	-1.12	-1.70	-9.75	-2.02	46801	-0.871	-0.030	0.532	-0.021	0.008	0.776
13.223	-0.853	-0.033	0.525	0.69	-1.40	-1.15	-4.28	-9.59	-1.59	46824	-0.872	-0.033	0.532	-0.020	0.008	0.776
13.233	-0.853	-0.039	0.525	0.67	-1.31	-1.16	-6.14	-7.77	-0.96	46848	-0.872	-0.036	0.532	-0.019	0.007	0.775
13.241	-0.853	-0.042	0.525	0.62	-1.22	-1.17	-7.86	-5.51	-0.51	46878	-0.872	-0.040	0.532	-0.018	0.007	0.775
13.254	-0.853	-0.046	0.525	0.54	-1.17	-1.17	-8.25	-2.29	0.43	46906	-0.873	-0.043	0.532	-0.017	0.007	0.774
13.261	-0.853	-0.049	0.525	0.46	-1.14	-1.17	-10.83	0.08	0.52	46920	-0.873	-0.047	0.532	-0.016	0.007	0.774
13.269	-0.850	-0.054	0.525	0.36	-1.16	-1.16	-11.40	1.85	0.48	46930	-0.873	-0.050	0.532	-0.015	0.007	0.773
13.283	-0.852	-0.053	0.525	0.22	-1.16	-1.16	-8.87	2.18	0.79	46944	-0.873	-0.053	0.532	-0.014	0.007	0.773
13.291	-0.852	-0.057	0.525	0.13	-1.18	-1.16	-8.21	2.97	0.68	46960	-0.873	-0.057	0.531	-0.012	0.007	0.772
13.299	-0.851	-0.060	0.523	0.05	-1.21	-1.15	-5.41	2.12	0.75	47327	-0.873	-0.060	0.531	-0.011	0.007	0.772
13.313	-0.852	-0.062	0.522	-0.03	-1.23	-1.15	-3.47	0.06	0.87	47339	-0.873	-0.063	0.531	-0.010	0.007	0.771
13.322	-0.851	-0.065	0.522	-0.06	-1.24	-1.14	-1.89	-1.17	1.31	47345	-0.873	-0.066	0.530	-0.009	0.007	0.770
13.336	-0.852	-0.068	0.522	-0.08	-1.22	-1.12	-0.31	-3.95	1.74	47361	-0.873	-0.069	0.530	-0.008	0.007	0.770
13.341	-0.852	-0.071	0.521	-0.09	-1.18	-1.11	0.98	-5.12	2.09	47605	-0.873	-0.072	0.529	-0.007	0.007	0.769
13.353	-0.853	-0.078	0.520	-0.05	-1.12	-1.08	2.13	-6.86	2.59	47628	-0.873	-0.076	0.529	-0.006	0.007	0.768
13.362	-0.852	-0.081	0.520	-0.03	-1.06	-1.06	1.59	-8.07	3.32	47644	-0.873	-0.079	0.529	-0.005	0.007	0.768
13.372	-0.852	-0.081	0.520	-0.03	-0.98	-1.03	1.64	-7.18	3.35	47658	-0.873	-0.082	0.528	-0.004	0.007	0.767
13.382	-0.850	-0.086	0.520	-0.01	-0.92	-0.99	0.65	-4.75	3.59	47674	-0.872	-0.085	0.528	-0.003	0.007	0.766
13.391	-0.850	-0.089	0.520	0.00	-0.87	-0.96	-1.52	-3.11	3.62	47567	-0.872	-0.089	0.528	-0.002	0.007	0.766
13.402	-0.849	-0.093	0.520	-0.01	-0.84	-0.92	-3.39	-0.29	4.04	47579	-0.872	-0.092	0.528	-0.001	0.007	0.765
13.414	-0.849	-0.097	0.519	-0.04	-0.84	-0.88	-5.41	1.93	4.64	47596	-0.871	-0.095	0.527	0.000	0.007	0.765
13.422	-0.849	-0.096	0.519	-0.12	-0.85	-0.84	-7.24	3.76	5.02	47603	-0.871	-0.098	0.527	0.002	0.007	0.764
13.432	-0.849	-0.099	0.520	-0.19	-0.89	-0.79	-7.83	5.53	4.57	47463	-0.871	-0.101	0.527	0.003	0.007	0.763
13.442	-0.845	-0.105	0.519	-0.25	-0.97	-0.74	-7.40	5.10	4.56	47467	-0.870	-0.104	0.527	0.004	0.007	0.763
13.452	-0.845	-0.107	0.519	-0.33	-1.02	-0.70	-7.82	4.37	4.93	47463	-0.869	-0.107	0.527	0.005	0.007	0.762
13.462	-0.846	-0.106	0.519	-0.43	-1.05	-0.65	-5.71	2.99	5.47	47443	-0.869	-0.110	0.527	0.006	0.007	0.762
13.472	-0.846	-0.103	0.519	-0.54	-1.07	-0.60	-3.70	0.39	5.85	47335	-0.868	-0.112	0.527	0.007	0.008	0.761
13.483	-0.847	-0.111	0.519	-0.54	-1.07	-0.54	-2.69	-0.52	5.22	47327	-0.868	-0.115	0.527	0.009	0.008	0.760
13.492	-0.847	-0.111	0.519	-0.59	-1.06	-0.49	0.50	-4.00	6.17	47316	-0.868	-0.117	0.527	0.010	0.008	0.760
13.503	-0.848	-0.111	0.519	-0.60	-1.02	-0.44	1.11	-4.50	4.97	47294	-0.867	-0.119	0.527	0.011	0.009	0.759
13.516	-0.849	-0.115	0.518	-0.59	-0.96	-0.38	3.16	-5.74	5.78	47270	-0.867	-0.121	0.527	0.012	0.009	0.759
13.518	-0.850	-0.116	0.518	-0.57	-0.89	-0.33	5.45	-5.91	5.12	47472	-0.867	-0.123	0.526	0.012	0.009	0.758
13.531	-0.849	-0.116	0.517	-0.54	-0.83	-0.28	6.05	-4.74	5.07	47467	-0.867	-0.125	0.526	0.013	0.010	0.757
13.542	-0.847	-0.117	0.517	-0.49	-0.80	-0.23	6.58	-3.47	5.06	47446	-0.867	-0.127	0.526	0.014	0.010	0.757
13.550	-0.847	-0.120	0.517	-0.43	-0.76	-0.18	5.26	0.66	4.54	47431	-0.867	-0.128	0.526	0.015	0.011	0.756
13.562	-0.847	-0.124	0.517	-0.37	-0.76	-0.13	5.42	2.80	4.76	47423	-0.866	-0.130	0.526	0.016	0.011	0.755
13.571	-0.847	-0.122	0.517	-0.35	-0.79	-0.09	4.39	5.93	5.03	47414	-0.866	-0.132	0.526	0.017	0.012	0.755
13.583	-0.847	-0.122	0.517	-0.33	-0.83	-0.05	4.02	8.32	5.01	47408	-0.866	-0.133	0.525	0.018	0.012	0.754
13.592	-0.846	-0.127	0.517	-0.26	-0.92	0.00	3.41	9.64	5.10	47395	-0.866	-0.135	0.525	0.019	0.013	0.753
13.600	-0.847	-0.126	0.517	-0.25	-1.00	0.05	2.72	9.36	5.47	47373	-0.865	-0.136	0.525	0.020	0.013	0.753
13.612	-0.846	-0.127	0.517	-0.24	-1.10	0.10	2.05	8.87	5.46	47326	-0.865	-0.138	0.525	0.021	0.014	0.752
13.621	-0.845	-0.132	0.517	-0.20	-1.19	0.16	2.41	8.19	5.33	47319	-0.865	-0.140	0.525	0.022	0.014	0.751
13.630	-0.846	-0.132	0.516	-0.20	-1.26	0.21	2.54	5.97	5.28	47299	-0.865	-0.141	0.525	0.023	0.014	0.751
13.643	-0.846	-0.133	0.516	-0.18	-1.32	0.26	3.72	4.18	4.95	47274	-0.864	-0.142	0.525	0.024	0.015	0.750
13.653	-0.845	-0.134	0.517	-0.15	-1.36	0.31	4.64	2.54	4.55	47211	-0.864	-0.144	0.525	0.025	0.015	0.749
13.662	-0.845	-0.137	0.517	-0.10	-1.38	0.35	6.26	0.23	4.32	47193	-0.864	-0.145	0.525	0.026	0.016	0.749
13.670	-0.846	-0.138	0.517	-0.05	-1.38	0.40	8.02	-1.56	4.21	47167	-0.864	-0.147	0.525	0.027	0.016	0.748
13.683	-0.845	-0.141	0.517	0.03	-1.37	0.44	9.13	-2.36	4.09	47140	-0.863	-0.149	0.525	0.028	0.017	0.748
13.692	-0.844	-0.144	0.517	0.12	-1.34	0.48	9.02	-4.60	4.88	47012	-0.863	-0.150	0.525	0.029	0.017	0.747
13.701	-0.844	-0.146	0.517	0.21	-1.29	0.53	8.70	-5.80	4.93	46994	-0.863	-0.152	0.525	0.030	0.017	0.746
13.712	-0.843	-0.146	0.517	0.28	-1.23	0.57	6.59	-6.76	5.15	46973	-0.862	-0.154	0.525	0.031	0.018	0.746
13.723	-0.844	-0.147	0.517	0.34	-1.15	0.62	5.82	-6.17	5.29	46956	-0.862	-0.155	0.525	0.032	0.018	0.745
13.731	-0.842	-0.153	0.518	0.42	-1.10	0.68	3.88	-3.24	5.32	46947	-0.861	-0.157	0.525	0.033	0.018	0.745
13.742	-0.841	-0.155	0.518	0.46	-1.07	0.73	1.52	0.08	5.18	46891	-0.861	-0.159	0.525	0.034	0.019	0.744
13.753	-0.843	-0.156	0.518	0.47	-1.05	0.78	-0.89	3.00	4.94	46874	-0.860	-0.161	0.525	0.035	0.019	0.743
13.762	-0.842	-0.158	0.518	0.46	-1.07	0.83	-2.03	5.28	4.25	46844	-0.860	-0.163	0.525	0.036	0.019	0.743
13.772	-0.840	-0.163	0.518	0.46	-1.13	0.88	-2.61	7.37	3.79	46823	-0.859	-0.165	0.526	0.037	0.019	0.742
13.781	-0.839	-0.164	0.518	0.42	-1.21	0.91	-4.12	8.50	3.48	46724	-0.859	-0.168	0.526	0.038	0.019	0.742
13.790	-0.837	-0.166	0.519	0.38	-1.30	0.95	-4.90	8.93	2.85	46700	-0.858	-0.170	0.526	0.039	0.020	0.741
13.802	-0.839	-0.168	0.519	0.33	-1.37	0.98	-2.99	9.28	3.12	46680	-0.857	-0.172	0.526	0.040	0.020	0.741
13.812	-0.838	-0.165	0.519	0.26	-1.46	1.00	-2.39	8.49	3.13	46657	-0.857	-0.173	0.526	0.041	0.020	0.740
13.824	-0.837	-0.171	0.520	0.26	-1.55	1.04	-0.40	8.27	2.92	46639	-0.856	-0.175	0.526	0.042	0.020	0.740
13.828	-0.836	-0.174	0.520	0.26	-1.63	1.07	0.48	4.90	2.48	46469	-0.856	-0.177	0.526	0.043	0.021	0.739
13.840	-0.837	-0.174	0.520	0.24	-1.66	1.09	4.78	3.43	2.61	46446	-0.855	-0.179	0.526	0.044	0.021	0.739
13.852	-0.837	-0.175	0.520	0.28	-1.69	1.11	6.39	0.01	2.63	46434	-0.855	-0.181	0.527	0.044	0.021	0.738
13.862	-0.836	-0.180	0.520	0.37	-1.69	1.14	7.74	-3.10	2.35	46442	-0.854	-0.183	0.527	0.045	0.021	0.738
13.868	-0.837	-0.182	0.520	0.45	-1.65	1.16	10.51	-5.24	2.49	46613	-0.854	-0.185	0.527	0.046	0.022	0.737
13.880	-0.834	-0.183	0.520	0.53	-1.61	1.19	10.28	-6.67	2.23	46605	-0.853	-0.187	0.527	0.047	0.022	0.737
13.891	-0.834	-0.191	0.520	0.68	-1.53	1.21	8.91	-8.48	2.20	46623	-0.853	-0.190	0.527	0.048	0.022	0.736
13.902	-0.834	-0.191	0.520	0.75	-1.44	1.23	7.24	-6.87	2.52	46650	-0.852	-0.193	0.527	0.049	0.022	0.736
13.910	-0.833	-0.194	0.519	0.83	-1.38	1.26	4.21	-5.23	2.33	46821	-0.852	-0.195	0.527	0.050	0.022	0.735
13.921	-0.833	-0.192	0.519	0.84	-1.31	1.28	1.82	-3.47	2.44	46836	-0.851	-0.197	0.526	0.051	0.022	0.734
13.932	-0.832	-0.190	0.519	0.82	-1.27	1.30	-1.25	-1.29	1.68	46857	-0.850	-0.198	0.526	0.052	0.023	0.734
13.942	-0.831	-0.193	0.519	0.81	-1.26	1.31	-3.96	1.25	1.41	46885	-0.850	-0.200	0.526	0.053	0.023	0.733
13.952	-0.830	-0.197	0.519	0.78	-1.28	1.33	-6.31	4.89	0.18	46926	-0.849	-0.202	0.526	0.054	0.023	0.733
13.961	-0.829	-0.196	0.519	0.70	-1.32	1.33	-8.39	7.90	0.00	47058	-0.848	-0.204	0.526	0.055	0.024	0.732
13.972	-0.828	-0.201	0.519	0.64	-1.39	1.34	-10.28	9.73	0.51	47087	-0.847	-0.206	0.526	0.056	0.024	0.732
13.982	-0.827	-0.206	0.519	0.55	-1.49	1.34	-11.33	12.41	0.11	47103	-0.847	-0.208	0.526	0.057	0.024	0.731
13.988	-0.826	-0.209	0.519	0.44	-1.61	1.35	-13.78	12.82	0.25	47112	-0.846	-0.210	0.525	0.058	0.024	0.731
14.002	-0.825	-0.213	0.518	0.32	-1.73	1.35	-13.00	12.01	0.67	47305	-0.845	-0.213	0.525	0.059	0.024	0.730
14.011	-0.824	-0.216	0.517	0.19	-1.85	1.36	-14.58	10.21	0.16	47314	-0.844	-0.216	0.525	0.060	0.024	0.730
14.019	-0.824	-0.221	0.517	0.06	-1.94	1.36	-11.58	7.80	0.28	47306	-0.843	-0.219	0.525	0.061	0.024	0.729
14.031	-0.823	-0.224	0.517	-0.05	-2.02	1.37	-8.74	4.09	-0.16	47306	-0.842	-0.222	0.524	0.062	0.024	0.729
14.042	-0.821	-0.227	0.518	-0.14	-2.06	1.36	-5.74	1.88	-0.74	47304	-0.841	-0.225	0.524	0.063	0.024	0.728
14.052	-0.820	-0.230	0.518	-0.20	-2.08	1.36	-2.92	-0.40	-0.70	47072	-0.840	-0.228	0.524	0.064	0.023	0.728
14.061	-0.818	-0.232	0.518	-0.23	-2.08	1.35	-1.03	-1.67	-0.67	47054	-0.839	-0.230	0.524	0.065	0.023	0.727
14.069	-0.821	-0.228	0.518	-0.29	-2.04	1.34	-0.70	-3.66	-1.12	47040	-0.839	-0.233	0.524	0.066	0.024	0.727
14.080	-0.816	-0.242	0.518	-0.21	-2.03	1.34	0.67	-4.47	-0.97	47024	-0.837	-0.236	0.524	0.067	0.023	0.726
14.090	-0.817	-0.239	0.518	-0.25	-1.97	1.32	-0.40	-4.25	-1.34	47066	-0.837	-0.239	0.524	0.068	0.023	0.726
14.102	-0.816	-0.239	0.518	-0.28	-1.92	1.31	0.47	-3.37	-1.64	47065	-0.836	-0.241	0.524	0.069	0.023	0.725
14.111	-0.816	-0.245	0.518	-0.25	-1.88	1.29	-0.21	-3.49	-1.96	47072	-0.835	-0.244	0.524	0.070	0.023	0.725
14.121	-0.814	-0.251	0.518	-0.23	-1.84	1.28	0.39	-4.29	-1.34	47073	-0.834	-0.247	0.524	0.071	0.023	0.724
14.128	-0.812	-0.250	0.517	-0.25	-1.80	1.26	-0.29	-4.95	-0.79	47257	-0.833	-0.250	0.524	0.072	0.023	0.724
14.139	-0.810	-0.253	0.516	-0.26	-1.75	1.25	-1.81	-6.39	-0.62	47270	-0.831	-0.252	0.524	0.073	0.023	0.723
14.152	-0.809	-0.255	0.516	-0.28	-1.69	1.25	-4.24	-8.55	-0.35	47286	-0.830	-0.255	0.523	0.074	0.023	0.723
14.162	-0.808	-0.254	0.516	-0.35	-1.59	1.24	-6.40	-11.04	-0.30	47277	-0.829	-0.257	0.523	0.075	0.023	0.722
14.170	-0.812	-0.248	0.516	-0.48	-1.44	1.23	-7.79	-13.24	0.09	47255	-0.828	-0.258	0.523	0.076	0.024	0.721
14.182	-0.804	-0.260	0.516	-0.48	-1.36	1.24	-10.47	-14.60	-0.08	47265	-0.827	-0.261	0.523	0.077	0.024	0.721
14.192	-0.802	-0.262	0.516	-0.58	-1.22	1.24	-12.70	-15.47	-0.87	47256	-0.825	-0.263	0.523	0.078	0.024	0.720
14.200	-0.797	-0.276	0.516	-0.63	-1.09	1.25	-13.91	-13.47	-0.69	47242	-0.823	-0.267	0.523	0.080	0.023	0.720
14.212	-0.796	-0.273	0.516	-0.81	-0.95	1.24	-10.97	-7.85	-1.81	47215	-0.821	-0.270	0.523	0.081	0.023	0.719
14.221	-0.796	-0.270	0.517	-0.97	-0.85	1.21	-10.15	-0.07	-2.89	46885	-0.819	-0.272	0.523	0.082	0.023	0.719
14.235	-0.797	-0.265	0.518	-1.12	-0.83	1.17	-6.95	5.86	-4.82	46853	-0.818	-0.273	0.523	0.083	0.024	0.719
14.242	-0.796	-0.266	0.518	-1.21	-0.88	1.13	0.19	8.99	-5.31	46841	-0.817	-0.275	0.523	0.084	0.024	0.718
14.249	-0.792	-0.277	0.518	-1.14	-0.98	1.08	3.98	10.52	-6.28	46822	-0.815	-0.277	0.523	0.085	0.024	0.718
14.262	-0.790	-0.276	0.517	-1.12	-1.09	1.01	6.74	11.87	-8.74	46788	-0.813	-0.279	0.523	0.087	0.024	0.717
14.270	-0.790	-0.277	0.517	-1.07	-1.19	0.92	10.39	13.75	-10.46	46889	-0.812	-0.281	0.523	0.088	0.025	0.717
14.281	-0.789	-0.279	0.517	-0.97	-1.32	0.81	10.91	15.51	-12.27	46899	-0.810	-0.283	0.523	0.089	0.025	0.716
14.292	-0.787	-0.281	0.517	-0.86	-1.47	0.69	11.32	14.17	-12.86	46907	-0.808	-0.285	0.523	0.090	0.025	0.716
14.300	-0.785	-0.284	0.517	-0.75	-1.61	0.56	12.55	8.39	-13.25	46903	-0.807	-0.287	0.523	0.091	0.025	0.715
14.311	-0.783	-0.286	0.518	-0.63	-1.69	0.43	14.29	0.52	-14.40	46860	-0.805	-0.289	0.523	0.092	0.025	0.715
14.322	-0.781	-0.288	0.518	-0.49	-1.70	0.28	16.12	-7.68	-14.54	46888	-0.803	-0.291	0.523	0.093	0.025	0.715
14.336	-0.782	-0.289	0.518	-0.35	-1.61	0.13	17.47	-13.28	-14.70	46913	-0.802	-0.292	0.523	0.094	0.026	0.714
14.342	-0.779	-0.291	0.518	-0.18	-1.49	-0.01	15.95	-20.58	-14.18	46956	-0.800	-0.294	0.523	0.095	0.026	0.714
14.352	-0.780	-0.289	0.519	-0.05	-1.26	-0.16	5.64	-32.25	-13.07	46808	-0.799	-0.296	0.523	0.096	0.026	0.713
14.361	-0.778	-0.292	0.519	0.01	-0.94	-0.29	-6.04	-44.18	-11.79	46808	-0.797	-0.297	0.524	0.097	0.026	0.713
14.372	-0.771	-0.300	0.519	-0.00	-0.55	-0.40	-16.12	-52.34	-11.70	46792	-0.795	-0.299	0.524	0.099	0.026	0.713
14.382	-0.769	-0.294	0.519	-0.22	-0.03	-0.52	-24.62	-49.13	-12.06	46760	-0.793	-0.301	0.524	0.100	0.027	0.712
14.392	-0.770	-0.300	0.518	-0.43	0.49	-0.64	-29.41	-34.61	-12.28	46728	-0.791	-0.303	0.524	0.101	0.027	0.712
14.402	-0.764	-0.299	0.518	-0.74	0.81	-0.76	-29.14	-13.58	-11.55	46809	-0.788	-0.304	0.524	0.102	0.027	0.711
14.412	-0.759	-0.307	0.518	-0.99	0.94	-0.87	-25.29	8.39	-10.16	46762	-0.786	-0.306	0.524	0.103	0.027	0.711
14.421	-0.757	-0.314	0.518	-1.21	0.87	-0.97	-15.96	27.29	-8.51	46715	-0.783	-0.309	0.524	0.105	0.027	0.711
14.431	-0.757	-0.311	0.518	-1.41	0.62	-1.07	-4.51	43.47	-7.65	46666	-0.780	-0.311	0.524	0.106	0.027	0.710
14.441	-0.753	-0.315	0.519	-1.45	0.19	-1.15	6.94	52.57	-6.26	46595	-0.778	-0.314	0.524	0.107	0.027	0.710
14.451	-0.751	-0.319	0.519	-1.38	-0.33	-1.23	14.98	55.12	-5.18	46582	-0.775	-0.316	0.524	0.108	0.027	0.709
14.462	-0.749	-0.321	0.519	-1.23	-0.88	-1.30	18.64	51.33	-5.34	46572	-0.773	-0.318	0.524	0.110	0.026	0.709
14.471	-0.753	-0.318	0.519	-1.09	-1.35	-1.36	20.32	40.72	-4.09	46566	-0.771	-0.320	0.524	0.110	0.027	0.709
14.481	-0.750	-0.321	0.519	-0.88	-1.76	-1.41	18.54	20.88	-3.06	46568	-0.769	-0.322	0.524	0.111	0.027	0.708
14.492	-0.748	-0.323	0.520	-0.69	-1.97	-1.45	16.62	-2.55	-1.97	46501	-0.767	-0.324	0.524	0.112	0.027	0.708
14.502	-0.750	-0.323	0.520	-0.54	-1.93	-1.47	16.81	-26.25	-2.42	46507	-0.766	-0.326	0.524	0.113	0.027	0.708
14.507	-0.756	-0.325	0.520	-0.37	-1.63	-1.50	10.55	-46.33	-4.04	46519	-0.765	-0.327	0.524	0.114	0.027	0.707
14.522	-0.754	-0.325	0.520	-0.29	-1.18	-1.54	-0.93	-60.04	-8.43	46518	-0.764	-0.329	0.524	0.114	0.027	0.707
14.532	-0.758	-0.323	0.520	-0.31	-0.53	-1.62	-6.22	-66.45	-11.62	46503	-0.764	-0.330	0.524	0.115	0.027	0.707
14.541	-0.756	-0.318	0.520	-0.42	0.13	-1.73	-0.24	-58.47	-13.41	46510	-0.763	-0.330	0.524	0.115	0.028	0.706
14.552	-0.757	-0.319	0.520	-0.43	0.74	-1.86	7.57	-40.94	-15.46	46548	-0.763	-0.330	0.524	0.115	0.029	0.706
14.562	-0.755	-0.317	0.520	-0.39	1.16	-2.01	8.83	-20.58	-17.11	46596	-0.762	-0.330	0.524	0.116	0.029	0.706
14.571	-0.758	-0.317	0.519	-0.30	1.41	-2.19	10.73	-2.06	-18.09	46886	-0.762	-0.330	0.524	0.116	0.030	0.706
14.580	-0.747	-0.320	0.519	-0.18	1.37	-2.36	14.11	16.21	-18.79	46936	-0.760	-0.331	0.524	0.116	0.031	0.705
14.589	-0.745	-0.322	0.519	-0.04	1.22	-2.55	21.26	33.58	-18.26	46986	-0.759	-0.331	0.524	0.117	0.031	0.705
14.599	-0.743	-0.324	0.519	0.17	0.90	-2.73	21.81	38.30	-16.96	47048	-0.757	-0.332	0.523	0.118	0.031	0.705
14.611	-0.744	-0.326	0.518	0.40	0.53	-2.90	18.65	34.65	-16.02	47095	-0.756	-0.333	0.523	0.118	0.032	0.704
14.622	-0.742	-0.327	0.518	0.59	0.18	-3.06	13.36	27.21	-15.20	47342	-0.754	-0.333	0.523	0.119	0.032	0.704
14.632	-0.740	-0.329	0.517	0.72	-0.10	-3.21	2.69	22.29	-15.92	47370	-0.753	-0.334	0.522	0.120	0.032	0.703
14.644	-0.739	-0.328	0.517	0.74	-0.32	-3.37	-3.22	22.05	-15.28	47395	-0.751	-0.335	0.522	0.120	0.033	0.703
14.650	-0.740	-0.327	0.517	0.69	-0.53	-3.52	-6.00	24.91	-13.40	47431	-0.750	-0.336	0.522	0.121	0.033	0.703
14.662	-0.738	-0.324	0.518	0.59	-0.77	-3.65	-4.60	25.71	-10.66	47316	-0.749	-0.336	0.522	0.121	0.034	0.702
14.672	-0.744	-0.323	0.517	0.52	-0.98	-3.76	-0.75	24.30	-9.45	47366	-0.748	-0.336	0.522	0.122	0.034	0.702
14.680	-0.742	-0.324	0.517	0.51	-1.22	-3.86	1.39	20.41	-9.00	47421	-0.748	-0.336	0.522	0.122	0.035	0.702
14.691	-0.742	-0.324	0.517	0.50	-1.41	-3.95	1.36	16.93	-10.21	47466	-0.747	-0.336	0.522	0.122	0.036	0.701
14.702	-0.743	-0.323	0.517	0.50	-1.56	-4.05	0.61	14.90	-11.59	47493	-0.747	-0.336	0.521	0.122	0.036	0.701
14.712	-0.743	-0.330	0.516	0.54	-1.71	-4.16	0.04	14.03	-12.15	47583	-0.747	-0.336	0.521	0.123	0.037	0.700
14.721	-0.740	-0.340	0.516	0.61	-1.87	-4.28	-0.75	13.61	-12.52	47612	-0.746	-0.338	0.521	0.123	0.036	0.700
14.731	-0.738	-0.342	0.516	0.60	-2.00	-4.40	-2.28	13.74	-12.74	47644	-0.745	-0.340	0.521	0.123	0.036	0.700
14.742	-0.740	-0.340	0.515	0.54	-2.12	-4.53	-2.30	13.62	-13.82	47680	-0.745	-0.342	0.521	0.124	0.036	0.699
14.752	-0.740	-0.338	0.516	0.49	-2.24	-4.67	0.20	13.20	-13.74	47593	-0.745	-0.343	0.521	0.124	0.037	0.699
14.762	-0.739	-0.337	0.516	0.46	-2.36	-4.80	2.15	11.37	-13.07	47637	-0.744	-0.343	0.521	0.124	0.037	0.699
14.771	-0.737	-0.338	0.515	0.47	-2.48	-4.93	2.15	5.92	-12.23	47689	-0.743	-0.344	0.521	0.125	0.037	0.698
14.781	-0.735	-0.340	0.515	0.49	-2.54	-5.05	4.31	-0.45	-10.28	47746	-0.743	-0.345	0.520	0.125	0.038	0.698
14.789	-0.733	-0.341	0.515	0.53	-2.54	-5.16	6.86	-4.70	-8.05	47707	-0.742	-0.346	0.520	0.125	0.038	0.697
14.802	-0.732	-0.345	0.515	0.61	-2.50	-5.24	8.26	-3.52	-5.02	47761	-0.741	-0.347	0.520	0.126	0.038	0.697
14.810	-0.732	-0.347	0.515	0.69	-2.46	-5.29	4.94	1.12	-1.65	47814	-0.740	-0.349	0.520	0.126	0.038	0.697
14.827	-0.730	-0.346	0.514	0.72	-2.46	-5.31	-2.01	7.61	-0.01	47873	-0.739	-0.350	0.520	0.127	0.038	0.696
14.832	-0.729	-0.342	0.514	0.66	-2.53	-5.32	-7.17	13.16	1.36	47935	-0.738	-0.350	0.520	0.127	0.039	0.696
14.850	-0.727	-0.344	0.514	0.60	-2.66	-5.30	-9.39	16.79	2.78	48008	-0.737	-0.351	0.520	0.128	0.039	0.695
14.859	-0.726	-0.365	0.513	0.66	-2.82	-5.26	-10.99	16.03	5.33	48092	-0.736	-0.354	0.520	0.128	0.038	0.695
14.864	-0.724	-0.367	0.513	0.55	-2.98	-5.21	-9.90	14.78	6.78	48169	-0.735	-0.357	0.520	0.129	0.038	0.694
14.873	-0.725	-0.362	0.513	0.40	-3.11	-5.14	-10.84	7.74	7.63	48234	-0.734	-0.359	0.520	0.129	0.038	0.694
14.881	-0.723	-0.386	0.513	0.47	-3.20	-5.05	-7.48	0.84	9.37	48090	-0.733	-0.364	0.520	0.130	0.037	0.693
14.892	-0.721	-0.388	0.513	0.40	-3.21	-4.96	-7.79	-8.41	11.52	48145	-0.732	-0.368	0.520	0.130	0.036	0.693
14.898	-0.725	-0.380	0.512	0.25	-3.08	-4.86	-16.33	-21.12	11.86	48174	-0.732	-0.371	0.519	0.131	0.035	0.692
14.911	-0.723	-0.382	0.512	0.09	-2.87	-4.74	-29.76	-32.28	11.17	48195	-0.731	-0.374	0.519	0.131	0.035	0.692
14.922	-0.720	-0.394	0.510	-0.11	-2.57	-4.62	-41.15	-43.25	12.22	48207	-0.730	-0.378	0.519	0.132	0.034	0.691
14.931	-0.718	-0.410	0.510	-0.41	-2.15	-4.49	-53.40	-49.98	11.30	48454	-0.729	-0.384	0.519	0.132	0.033	0.690
14.940	-0.716	-0.419	0.509	-0.88	-1.66	-4.36	-60.75	-54.62	10.00	48397	-0.728	-0.390	0.518	0.133	0.031	0.690
14.951	-0.721	-0.408	0.509	-1.59	-1.05	-4.26	-64.46	-50.88	8.54	48275	-0.727	-0.393	0.518	0.133	0.031	0.689
14.961	-0.716	-0.418	0.509	-2.17	-0.57	-4.15	-64.18	-43.29	7.11	48165	-0.726	-0.398	0.518	0.134	0.030	0.688
14.971	-0.713	-0.427	0.508	-2.75	-0.14	-4.06	-55.27	-31.47	6.72	48058	-0.725	-0.403	0.518	0.134	0.028	0.687
14.981	-0.716	-0.420	0.508	-3.38	0.21	-3.98	-38.28	-14.46	5.81	47881	-0.724	-0.407	0.517	0.135	0.028	0.687
14.990	-0.714	-0.433	0.508	-3.70	0.36	-3.91	-15.20	6.57	5.12	47693	-0.723	-0.412	0.517	0.135	0.027	0.686
15.002	-0.711	-0.432	0.508	-3.89	0.30	-3.87	1.18	21.45	1.92	47504	-0.722	-0.416	0.517	0.136	0.026	0.685
15.012	-0.708	-0.432	0.508	-3.91	0.08	-3.86	15.13	31.12	-3.60	47267	-0.720	-0.419	0.517	0.136	0.025	0.685
15.018	-0.706	-0.434	0.508	-3.76	-0.22	-3.91	27.29	35.17	-6.90	47155	-0.719	-0.422	0.517	0.137	0.025	0.684
15.031	-0.706	-0.441	0.509	-3.45	-0.55	-4.00	41.77	38.65	-9.31	47078	-0.717	-0.426	0.517	0.137	0.024	0.683
15.041	-0.702	-0.449	0.509	-3.00	-0.94	-4.11	51.98	37.64	-10.04	47018	-0.716	-0.430	0.517	0.138	0.023	0.683
15.051	-0.701	-0.459	0.509	-2.43	-1.31	-4.23	55.34	33.26	-8.75	46994	-0.714	-0.435	0.517	0.139	0.022	0.682
15.062	-0.702	-0.445	0.509	-2.00	-1.61	-4.33	48.83	27.66	-6.96	46974	-0.713	-0.438	0.517	0.139	0.021	0.682
15.070	-0.699	-0.450	0.509	-1.49	-1.89	-4.41	30.87	20.80	-5.07	46997	-0.712	-0.441	0.517	0.140	0.021	0.681
15.082	-0.699	-0.453	0.509	-1.17	-2.08	-4.47	5.25	9.12	-3.58	47040	-0.710	-0.443	0.517	0.141	0.020	0.680
15.091	-0.697	-0.455	0.510	-1.10	-2.18	-4.51	-19.28	-3.39	-2.96	47073	-0.709	-0.446	0.517	0.141	0.020	0.680
15.099	-0.698	-0.445	0.510	-1.37	-2.12	-4.55	-36.11	-11.69	-3.05	47046	-0.708	-0.447	0.517	0.142	0.020	0.679
15.111	-0.695	-0.447	0.510	-1.73	-2.01	-4.58	-46.79	-14.83	-2.82	47024	-0.706	-0.449	0.517	0.142	0.020	0.679
15.120	-0.692	-0.456	0.510	-2.13	-1.88	-4.60	-49.40	-14.08	-1.53	46987	-0.705	-0.451	0.517	0.143	0.020	0.678
15.130	-0.693	-0.449	0.510	-2.69	-1.71	-4.61	-46.25	-8.68	-0.41	46932	-0.704	-0.452	0.517	0.144	0.020	0.678
15.141	-0.693	-0.441	0.510	-3.22	-1.59	-4.62	-37.08	-1.24	0.93	46879	-0.702	-0.452	0.517	0.144	0.020	0.677
15.154	-0.690	-0.457	0.510	-3.49	-1.59	-4.61	-24.55	6.69	1.90	46841	-0.701	-0.454	0.518	0.145	0.020	0.677
15.157	-0.689	-0.455	0.511	-3.77	-1.64	-4.60	-7.16	14.03	2.40	46781	-0.700	-0.455	0.518	0.145	0.020	0.676
15.168	-0.687	-0.456	0.511	-3.85	-1.78	-4.58	9.07	20.67	3.78	46736	-0.698	-0.456	0.518	0.146	0.020	0.676
15.181	-0.686	-0.458	0.511	-3.77	-1.97	-4.56	19.28	27.51	4.52	46724	-0.697	-0.457	0.518	0.146	0.020	0.675
15.191	-0.684	-0.462	0.512	-3.56	-2.24	-4.53	26.97	29.83	3.35	46690	-0.696	-0.459	0.518	0.147	0.020	0.675
15.199	-0.682	-0.464	0.512	-3.29	-2.54	-4.51	29.69	22.96	0.41	46723	-0.694	-0.460	0.518	0.148	0.020	0.674
15.210	-0.683	-0.453	0.512	-3.09	-2.74	-4.53	32.98	10.37	-2.85	46737	-0.693	-0.460	0.518	0.148	0.020	0.674
15.222	-0.683	-0.459	0.512	-2.72	-2.83	-4.56	46.51	-4.98	-2.82	46733	-0.692	-0.461	0.518	0.149	0.020	0.673
15.232	-0.683	-0.467	0.512	-2.22	-2.77	-4.59	61.40	-22.41	0.28	46763	-0.691	-0.462	0.518	0.149	0.020	0.673
15.241	-0.687	-0.458	0.512	-1.68	-2.50	-4.60	69.65	-38.43	2.78	46770	-0.691	-0.462	0.518	0.149	0.020	0.672
15.250	-0.690	-0.449	0.513	-1.06	-2.09	-4.58	70.01	-46.80	1.92	46778	-0.691	-0.461	0.519	0.149	0.021	0.672
15.261	-0.688	-0.442	0.513	-0.42	-1.61	-4.56	61.40	-45.40	-1.62	46794	-0.690	-0.460	0.519	0.149	0.022	0.671
15.271	-0.687	-0.449	0.513	0.24	-1.15	-4.57	46.39	-36.50	-3.24	46846	-0.690	-0.459	0.519	0.149	0.022	0.671
15.282	-0.684	-0.434	0.513	0.59	-0.78	-4.61	19.11	-24.81	-3.61	47004	-0.689	-0.456	0.519	0.150	0.024	0.671
15.291	-0.681	-0.435	0.513	0.80	-0.52	-4.65	-6.50	-14.15	-5.68	47074	-0.688	-0.454	0.519	0.150	0.025	0.670
15.299	-0.680	-0.429	0.513	0.70	-0.36	-4.72	-27.34	-9.00	-6.80	47141	-0.687	-0.452	0.519	0.150	0.026	0.670
15.310	-0.679	-0.423	0.513	0.39	-0.25	-4.79	-37.68	-4.02	-5.99	47199	-0.686	-0.449	0.519	0.151	0.027	0.669
15.321	-0.680	-0.416	0.511	-0.03	-0.19	-4.85	-37.11	-0.02	-4.20	47530	-0.686	-0.445	0.518	0.151	0.028	0.669
15.331	-0.681	-0.397	0.511	-0.54	-0.15	-4.91	-25.63	4.71	-1.66	47592	-0.685	-0.440	0.518	0.151	0.031	0.668
15.341	-0.683	-0.394	0.511	-0.83	-0.16	-4.93	-4.13	7.81	1.37	47656	-0.685	-0.434	0.518	0.151	0.033	0.668
15.350	-0.681	-0.397	0.511	-0.85	-0.23	-4.92	18.30	10.49	4.17	47740	-0.684	-0.430	0.518	0.152	0.034	0.667
15.359	-0.679	-0.402	0.511	-0.64	-0.34	-4.88	34.86	13.88	6.53	47826	-0.684	-0.427	0.518	0.152	0.036	0.667
15.371	-0.675	-0.414	0.511	-0.21	-0.49	-4.81	45.24	15.62	7.78	47804	-0.683	-0.425	0.518	0.152	0.036	0.666
15.381	-0.676	-0.396	0.511	0.11	-0.61	-4.75	50.00	13.03	8.46	47880	-0.682	-0.422	0.518	0.152	0.038	0.666
15.391	-0.675	-0.403	0.511	0.65	-0.73	-4.66	43.95	9.19	9.67	47932	-0.681	-0.420	0.518	0.153	0.038	0.665
15.400	-0.675	-0.388	0.510	0.98	-0.81	-4.57	32.78	10.02	12.21	47970	-0.680	-0.416	0.517	0.153	0.040	0.665
15.411	-0.674	-0.391	0.509	1.35	-0.90	-4.45	16.01	18.20	12.54	48209	-0.680	-0.413	0.517	0.153	0.041	0.664
15.421	-0.670	-0.394	0.509	1.54	-1.09	-4.31	-4.68	30.18	12.74	48221	-0.678	-0.410	0.517	0.154	0.042	0.663
15.430	-0.668	-0.392	0.508	1.50	-1.38	-4.18	-21.41	43.82	13.12	48239	-0.677	-0.408	0.517	0.154	0.043	0.663
15.441	-0.668	-0.385	0.508	1.25	-1.79	-4.04	-32.67	53.27	14.49	48273	-0.676	-0.405	0.516	0.155	0.044	0.662
15.450	-0.670	-0.378	0.508	0.89	-2.27	-3.89	-39.28	54.96	17.03	48289	-0.676	-0.402	0.516	0.155	0.045	0.661
15.464	-0.664	-0.395	0.508	0.64	-2.85	-3.70	-44.92	49.13	18.01	48106	-0.674	-0.401	0.516	0.156	0.045	0.661
15.471	-0.663	-0.386	0.508	0.13	-3.32	-3.53	-50.78	30.26	16.95	48080	-0.673	-0.399	0.516	0.156	0.046	0.660
15.482	-0.662	-0.397	0.508	-0.27	-3.63	-3.35	-55.47	6.80	13.67	47996	-0.672	-0.399	0.516	0.157	0.046	0.660
15.491	-0.657	-0.413	0.508	-0.69	-3.74	-3.20	-53.32	-9.55	11.26	47872	-0.670	-0.401	0.516	0.157	0.045	0.659
15.502	-0.660	-0.404	0.508	-1.28	-3.61	-3.10	-45.70	-22.72	6.67	47591	-0.669	-0.401	0.516	0.158	0.045	0.658
15.511	-0.656	-0.418	0.508	-1.64	-3.41	-3.01	-38.98	-36.06	2.18	47456	-0.668	-0.403	0.516	0.158	0.044	0.658
15.521	-0.661	-0.413	0.509	-2.06	-3.00	-2.99	-32.49	-44.98	-3.55	47287	-0.667	-0.404	0.516	0.159	0.044	0.657
15.529	-0.650	-0.431	0.509	-2.25	-2.62	-2.98	-17.76	-46.58	-9.62	47120	-0.665	-0.407	0.516	0.159	0.043	0.657
15.541	-0.654	-0.428	0.509	-2.47	-2.09	-3.06	-10.77	-45.63	-15.29	46860	-0.664	-0.410	0.516	0.160	0.042	0.656
15.552	-0.650	-0.428	0.510	-2.58	-1.65	-3.19	4.83	-43.19	-20.00	46643	-0.662	-0.412	0.517	0.160	0.041	0.655
15.563	-0.647	-0.431	0.510	-2.53	-1.21	-3.36	21.89	-37.77	-20.83	46469	-0.660	-0.414	0.517	0.161	0.040	0.655
15.568	-0.643	-0.438	0.510	-2.26	-0.83	-3.55	42.29	-24.49	-19.83	46338	-0.658	-0.417	0.517	0.162	0.039	0.654
15.581	-0.643	-0.429	0.509	-1.92	-0.55	-3.75	59.43	-10.12	-17.38	46258	-0.656	-0.418	0.517	0.163	0.039	0.654
15.590	-0.641	-0.436	0.510	-1.28	-0.43	-3.92	76.43	1.26	-14.75	46477	-0.654	-0.420	0.517	0.163	0.038	0.653
15.601	-0.640	-0.432	0.510	-0.57	-0.42	-4.07	85.87	14.60	-12.94	46456	-0.652	-0.421	0.517	0.164	0.037	0.653
15.610	-0.636	-0.444	0.510	0.38	-0.57	-4.19	85.84	28.37	-12.51	46465	-0.650	-0.424	0.517	0.164	0.036	0.652
15.622	-0.633	-0.442	0.511	1.22	-0.86	-4.31	83.12	35.47	-12.44	46492	-0.648	-0.426	0.517	0.165	0.035	0.652
15.631	-0.630	-0.431	0.510	1.96	-1.21	-4.43	71.63	34.04	-11.50	46676	-0.646	-0.426	0.517	0.166	0.035	0.651
15.637	-0.629	-0.419	0.511	2.58	-1.54	-4.54	51.07	32.05	-8.93	46718	-0.644	-0.425	0.517	0.167	0.035	0.651
15.651	-0.626	-0.423	0.511	3.12	-1.87	-4.62	21.84	28.81	-6.06	46773	-0.642	-0.425	0.517	0.168	0.035	0.650
15.660	-0.624	-0.425	0.511	3.36	-2.16	-4.67	-11.60	28.48	-4.66	46815	-0.639	-0.425	0.517	0.168	0.035	0.650
15.671	-0.622	-0.417	0.513	3.20	-2.43	-4.70	-43.96	30.16	-5.15	46574	-0.637	-0.424	0.517	0.169	0.036	0.650
15.681	-0.620	-0.409	0.513	2.71	-2.72	-4.74	-69.95	27.15	-4.90	46611	-0.635	-0.422	0.518	0.170	0.036	0.649
15.686	-0.619	-0.419	0.513	2.11	-2.99	-4.77	-85.32	20.77	-3.23	46634	-0.633	-0.422	0.518	0.171	0.037	0.649
15.699	-0.617	-0.422	0.513	1.28	-3.19	-4.80	-95.13	16.89	-1.64	46623	-0.631	-0.422	0.518	0.172	0.037	0.648
15.712	-0.613	-0.433	0.513	0.43	-3.37	-4.80	-91.78	17.57	0.59	46622	-0.629	-0.423	0.518	0.172	0.036	0.648
15.722	-0.613	-0.429	0.515	-0.53	-3.52	-4.80	-82.98	14.43	2.26	46465	-0.627	-0.424	0.518	0.173	0.036	0.648
15.731	-0.609	-0.433	0.515	-1.34	-3.68	-4.78	-77.56	5.38	1.95	46457	-0.625	-0.425	0.519	0.174	0.035	0.648
15.737	-0.611	-0.442	0.515	-2.04	-3.71	-4.75	-67.56	-6.91	1.38	46411	-0.623	-0.427	0.519	0.175	0.035	0.647
15.751	-0.607	-0.449	0.515	-2.66	-3.65	-4.73	-52.46	-20.91	-0.27	46336	-0.621	-0.430	0.519	0.175	0.034	0.647
15.760	-0.609	-0.444	0.517	-3.24	-3.41	-4.73	-29.43	-31.30	-2.37	46066	-0.620	-0.432	0.520	0.176	0.033	0.647
15.771	-0.612	-0.440	0.517	-3.58	-3.06	-4.74	-2.18	-34.00	-3.56	45955	-0.619	-0.433	0.520	0.176	0.033	0.647
15.781	-0.609	-0.441	0.517	-3.61	-2.71	-4.75	25.14	-35.00	-4.59	45870	-0.618	-0.434	0.520	0.177	0.032	0.646
15.788	-0.609	-0.449	0.518	-3.31	-2.33	-4.77	51.50	-39.52	-4.09	45808	-0.617	-0.436	0.521	0.177	0.032	0.646
15.801	-0.600	-0.466	0.517	-2.68	-2.00	-4.77	67.74	-39.36	-2.35	45750	-0.614	-0.439	0.521	0.178	0.030	0.646
15.811	-0.600	-0.457	0.518	-2.09	-1.58	-4.79	75.46	-37.21	-1.26	45879	-0.613	-0.441	0.521	0.178	0.030	0.646
15.821	-0.601	-0.439	0.518	-1.49	-1.16	-4.81	66.26	-30.45	-0.60	45860	-0.611	-0.441	0.521	0.179	0.030	0.645
15.831	-0.604	-0.449	0.519	-0.74	-0.81	-4.81	48.38	-19.57	-0.19	45857	-0.610	-0.442	0.521	0.179	0.029	0.645
15.841	-0.600	-0.433	0.519	-0.38	-0.61	-4.82	25.27	-12.36	-0.02	45855	-0.609	-0.441	0.521	0.179	0.030	0.645
15.851	-0.598	-0.434	0.518	-0.11	-0.47	-4.82	2.95	-4.99	0.05	46169	-0.607	-0.440	0.521	0.180	0.030	0.645
15.861	-0.596	-0.432	0.518	-0.08	-0.41	-4.82	-15.67	1.06	0.82	46182	-0.606	-0.439	0.521	0.180	0.030	0.645
15.874	-0.595	-0.428	0.518	-0.26	-0.40	-4.82	-34.01	-0.77	1.13	46186	-0.604	-0.437	0.521	0.181	0.031	0.644
15.877	-0.594	-0.419	0.518	-0.66	-0.37	-4.81	-47.95	-3.98	1.84	46159	-0.603	-0.435	0.521	0.181	0.032	0.644
15.888	-0.587	-0.429	0.518	-1.05	-0.37	-4.79	-55.96	-4.53	2.30	46101	-0.600	-0.434	0.520	0.182	0.032	0.644
15.901	-0.586	-0.419	0.518	-1.68	-0.31	-4.77	-56.89	2.73	1.94	46233	-0.598	-0.432	0.520	0.183	0.032	0.644
15.911	-0.582	-0.431	0.518	-2.15	-0.35	-4.74	-51.78	8.16	2.52	46216	-0.596	-0.431	0.520	0.183	0.032	0.644
15.919	-0.580	-0.424	0.518	-2.73	-0.41	-4.73	-42.45	12.42	1.05	46183	-0.594	-0.430	0.520	0.184	0.033	0.644
15.931	-0.576	-0.436	0.519	-3.06	-0.55	-4.71	-24.78	13.30	-0.59	46140	-0.591	-0.430	0.520	0.185	0.033	0.643
15.940	-0.574	-0.436	0.520	-3.31	-0.67	-4.73	-2.19	5.69	-1.70	45897	-0.589	-0.431	0.520	0.185	0.032	0.643
15.951	-0.575	-0.436	0.520	-3.34	-0.70	-4.75	23.14	-11.95	-1.27	45830	-0.587	-0.431	0.520	0.186	0.032	0.643
15.961	-0.572	-0.448	0.520	-3.02	-0.59	-4.75	50.33	-24.10	0.97	45752	-0.585	-0.432	0.520	0.187	0.031	0.643
15.975	-0.573	-0.439	0.521	-2.61	-0.33	-4.74	74.41	-22.14	2.23	45717	-0.583	-0.433	0.520	0.187	0.031	0.644
15.981	-0.581	-0.467	0.520	-1.63	-0.04	-4.70	89.09	-15.02	4.41	45875	-0.582	-0.436	0.520	0.187	0.029	0.644
15.991	-0.582	-0.489	0.521	-0.57	0.15	-4.65	93.05	-7.86	5.62	45883	-0.581	-0.442	0.520	0.187	0.027	0.644
16.002	-0.581	-0.488	0.521	0.35	0.24	-4.60	82.19	0.34	7.44	45929	-0.581	-0.447	0.520	0.187	0.025	0.644
16.011	-0.585	-0.507	0.521	1.34	0.29	-4.52	65.75	4.31	10.73	45961	-0.581	-0.454	0.520	0.187	0.022	0.644
16.022	-0.588	-0.523	0.521	2.14	0.30	-4.42	40.28	12.86	13.27	46026	-0.581	-0.462	0.520	0.187	0.019	0.644
16.028	-0.588	-0.525	0.521	2.56	0.20	-4.28	9.36	20.16	15.20	46221	-0.581	-0.469	0.520	0.186	0.016	0.644
16.037	-0.586	-0.525	0.521	2.66	0.01	-4.12	-24.97	22.48	15.73	46310	-0.581	-0.476	0.520	0.186	0.014	0.644
16.051	-0.583	-0.517	0.521	2.35	-0.20	-3.96	-59.22	17.53	17.17	46369	-0.581	-0.481	0.520	0.186	0.012	0.644
16.062	-0.582	-0.504	0.521	1.68	-0.36	-3.79	-90.48	5.16	17.65	46403	-0.580	-0.484	0.520	0.186	0.011	0.644
16.075	-0.577	-0.501	0.522	0.79	-0.45	-3.61	-120.59	-9.30	15.87	46361	-0.579	-0.486	0.520	0.186	0.010	0.644
16.080	-0.576	-0.506	0.522	-0.36	-0.36	-3.45	-142.29	-21.50	10.79	46327	-0.578	-0.489	0.520	0.186	0.009	0.644
16.091	-0.576	-0.519	0.522	-1.66	-0.15	-3.34	-142.21	-17.79	7.07	46247	-0.577	-0.493	0.520	0.186	0.008	0.644
16.101	-0.576	-0.520	0.522	-3.09	0.06	-3.25	-125.99	-1.40	3.85	46196	-0.577	-0.496	0.520	0.186	0.007	0.644
16.111	-0.575	-0.519	0.523	-4.40	0.11	-3.20	-103.91	14.18	2.87	46153	-0.576	-0.499	0.520	0.186	0.006	0.645
16.120	-0.572	-0.526	0.523	-5.41	-0.02	-3.19	-72.22	24.30	1.33	45937	-0.575	-0.503	0.520	0.186	0.005	0.645
16.130	-0.569	-0.521	0.523	-6.24	-0.26	-3.19	-34.09	29.02	0.57	45849	-0.573	-0.505	0.520	0.187	0.004	0.645
16.140	-0.569	-0.535	0.523	-6.53	-0.53	-3.22	-1.69	28.42	-1.07	45738	-0.572	-0.509	0.520	0.187	0.002	0.645
16.151	-0.566	-0.538	0.525	-6.58	-0.83	-3.26	29.22	28.98	-1.43	45653	-0.571	-0.512	0.521	0.187	0.001	0.646
16.161	-0.564	-0.549	0.526	-6.25	-1.12	-3.31	55.67	31.30	-1.12	45300	-0.569	-0.517	0.521	0.187	-0.000	0.646
16.171	-0.561	-0.540	0.526	-5.82	-1.43	-3.35	78.32	31.37	0.14	45287	-0.567	-0.520	0.521	0.188	-0.002	0.646
16.181	-0.558	-0.535	0.526	-5.12	-1.73	-3.38	95.11	23.41	1.75	45298	-0.566	-0.521	0.521	0.188	-0.002	0.647
16.187	-0.555	-0.522	0.527	-4.31	-1.98	-3.38	93.43	12.60	2.82	45317	-0.564	-0.521	0.522	0.188	-0.002	0.647
16.197	-0.552	-0.501	0.527	-3.55	-2.11	-3.36	78.82	3.76	1.93	45403	-0.561	-0.518	0.522	0.189	-0.001	0.647
16.207	-0.552	-0.510	0.527	-2.65	-2.14	-3.35	57.48	-3.20	1.89	45452	-0.560	-0.517	0.522	0.189	-0.001	0.648
16.221	-0.550	-0.496	0.527	-2.17	-2.11	-3.33	31.34	-4.19	3.93	45507	-0.558	-0.514	0.522	0.190	-0.000	0.648
16.229	-0.551	-0.502	0.527	-1.76	-2.04	-3.30	2.17	-3.32	4.29	45567	-0.556	-0.512	0.522	0.190	0.000	0.649
16.241	-0.554	-0.509	0.528	-1.62	-1.97	-3.26	-25.46	-1.09	4.44	45633	-0.555	-0.511	0.522	0.190	0.001	0.649
16.251	-0.542	-0.494	0.528	-1.96	-2.04	-3.21	-49.62	-5.19	5.87	45577	-0.553	-0.509	0.522	0.191	0.001	0.650
16.262	-0.542	-0.487	0.528	-2.48	-1.97	-3.15	-67.20	-18.15	6.70	45634	-0.551	-0.506	0.522	0.191	0.002	0.650
16.270	-0.538	-0.489	0.528	-3.09	-1.82	-3.08	-74.98	-29.55	6.72	45635	-0.548	-0.503	0.522	0.192	0.003	0.650
16.281	-0.538	-0.478	0.529	-3.92	-1.52	-2.99	-74.62	-31.02	5.57	45595	-0.546	-0.500	0.523	0.192	0.004	0.651
16.291	-0.535	-0.488	0.530	-4.57	-1.21	-2.91	-61.66	-24.60	6.49	45384	-0.544	-0.497	0.523	0.192	0.005	0.651
16.299	-0.536	-0.480	0.530	-5.27	-0.93	-2.83	-42.58	-16.01	6.50	45328	-0.542	-0.494	0.523	0.193	0.005	0.652
16.309	-0.539	-0.473	0.530	-5.76	-0.71	-2.76	-16.95	-5.51	6.35	45314	-0.541	-0.491	0.523	0.193	0.006	0.653
16.320	-0.547	-0.473	0.530	-5.96	-0.56	-2.71	10.70	5.10	7.01	45309	-0.541	-0.488	0.523	0.192	0.007	0.653
16.331	-0.536	-0.480	0.531	-5.82	-0.68	-2.63	34.87	12.45	7.86	45096	-0.539	-0.486	0.523	0.193	0.007	0.654
16.337	-0.522	-0.496	0.532	-5.36	-0.91	-2.54	55.29	19.66	9.13	45045	-0.536	-0.486	0.523	0.193	0.007	0.654
16.351	-0.518	-0.487	0.532	-4.90	-1.11	-2.47	71.38	29.18	9.53	45008	-0.533	-0.485	0.523	0.194	0.007	0.655
16.360	-0.515	-0.481	0.532	-4.26	-1.39	-2.40	79.15	35.21	7.70	45051	-0.530	-0.483	0.524	0.195	0.007	0.656
16.370	-0.512	-0.482	0.531	-3.46	-1.74	-2.34	78.97	31.69	7.15	45093	-0.527	-0.482	0.524	0.196	0.007	0.656
16.384	-0.510	-0.485	0.532	-2.62	-2.07	-2.29	67.27	19.93	7.24	45297	-0.524	-0.481	0.523	0.196	0.007	0.657
16.391	-0.509	-0.477	0.532	-1.98	-2.27	-2.23	44.31	2.38	8.60	45336	-0.521	-0.479	0.523	0.197	0.007	0.657
16.401	-0.508	-0.460	0.532	-1.63	-2.30	-2.16	20.46	-11.94	10.37	45379	-0.519	-0.475	0.523	0.198	0.007	0.658
16.410	-0.514	-0.469	0.531	-1.28	-2.14	-2.07	2.31	-17.92	10.25	45429	-0.517	-0.473	0.523	0.198	0.008	0.659
16.421	-0.520	-0.476	0.531	-1.16	-1.90	-1.98	-8.84	-21.55	8.43	45658	-0.516	-0.472	0.523	0.198	0.007	0.659
16.430	-0.515	-0.476	0.531	-1.21	-1.71	-1.89	-14.03	-25.07	6.84	45699	-0.515	-0.471	0.522	0.198	0.007	0.660
16.441	-0.516	-0.475	0.531	-1.34	-1.43	-1.82	-17.29	-26.92	5.39	45748	-0.514	-0.470	0.522	0.197	0.007	0.661
16.451	-0.511	-0.474	0.531	-1.50	-1.19	-1.75	-16.79	-26.01	4.92	45776	-0.513	-0.469	0.522	0.198	0.007	0.661
16.458	-0.511	-0.474	0.529	-1.65	-0.91	-1.70	-12.07	-22.43	5.29	46078	-0.512	-0.468	0.522	0.198	0.006	0.662
16.471	-0.508	-0.475	0.529	-1.77	-0.68	-1.64	-7.45	-18.42	5.82	46131	-0.510	-0.467	0.521	0.198	0.006	0.662
16.480	-0.506	-0.475	0.529	-1.83	-0.49	-1.57	-7.05	-17.37	7.20	46177	-0.509	-0.467	0.521	0.198	0.005	0.663
16.488	-0.509	-0.477	0.529	-1.86	-0.28	-1.51	-6.17	-12.95	8.01	46207	-0.507	-0.466	0.520	0.198	0.005	0.664
16.499	-0.499	-0.478	0.529	-1.90	-0.21	-1.41	-4.81	-6.51	6.82	46190	-0.505	-0.466	0.520	0.198	0.004	0.664
16.511	-0.492	-0.478	0.528	-1.94	-0.17	-1.33	-0.07	3.02	5.44	46207	-0.503	-0.466	0.520	0.199	0.004	0.665
16.520	-0.488	-0.483	0.528	-1.90	-0.20	-1.27	9.99	10.58	3.82	46237	-0.500	-0.466	0.519	0.199	0.003	0.666
16.530	-0.486	-0.469	0.528	-1.93	-0.29	-1.24	17.49	14.86	3.33	46274	-0.497	-0.465	0.519	0.200	0.003	0.666
16.540	-0.482	-0.467	0.528	-1.74	-0.44	-1.20	21.01	14.19	3.84	46324	-0.494	-0.464	0.519	0.200	0.002	0.667
16.548	-0.481	-0.474	0.528	-1.46	-0.57	-1.17	20.68	10.66	4.44	46341	-0.491	-0.463	0.518	0.201	0.002	0.668
16.560	-0.480	-0.457	0.527	-1.39	-0.66	-1.13	17.68	7.89	3.70	46370	-0.489	-0.461	0.518	0.201	0.002	0.669
16.571	-0.480	-0.465	0.527	-1.12	-0.72	-1.10	14.18	1.95	3.41	46414	-0.486	-0.459	0.518	0.202	0.002	0.669
16.580	-0.476	-0.448	0.527	-1.11	-0.76	-1.06	8.66	-4.74	4.10	46458	-0.484	-0.456	0.518	0.202	0.002	0.670
16.590	-0.471	-0.452	0.525	-0.97	-0.73	-1.02	4.15	-7.63	3.18	46717	-0.481	-0.454	0.517	0.202	0.002	0.671
16.601	-0.469	-0.454	0.525	-0.89	-0.64	-0.99	0.53	-10.76	2.06	46767	-0.478	-0.452	0.517	0.203	0.002	0.671
16.610	-0.469	-0.433	0.525	-1.05	-0.50	-0.97	-4.04	-12.74	1.25	46811	-0.476	-0.448	0.516	0.203	0.003	0.672
16.622	-0.468	-0.434	0.524	-1.07	-0.36	-0.96	-4.71	-11.92	0.65	46866	-0.473	-0.445	0.516	0.204	0.004	0.672
16.630	-0.462	-0.435	0.524	-1.07	-0.27	-0.94	-1.51	-11.35	0.68	46897	-0.471	-0.442	0.515	0.204	0.004	0.673
16.641	-0.460	-0.439	0.523	-1.04	-0.15	-0.94	0.49	-7.86	0.29	46908	-0.468	-0.439	0.515	0.204	0.004	0.674
16.650	-0.466	-0.447	0.523	-0.94	-0.00	-0.95	2.35	-4.75	-0.79	46924	-0.466	-0.438	0.515	0.204	0.003	0.674
16.660	-0.465	-0.452	0.523	-0.85	0.06	-0.97	6.72	-2.45	-0.98	46935	-0.465	-0.438	0.514	0.204	0.003	0.675
16.667	-0.461	-0.454	0.522	-0.74	0.07	-0.97	12.24	-2.12	0.26	46966	-0.463	-0.438	0.514	0.204	0.002	0.676
16.681	-0.459	-0.438	0.522	-0.74	0.10	-0.97	14.87	-2.64	0.52	47026	-0.461	-0.436	0.514	0.205	0.002	0.676
16.693	-0.455	-0.441	0.521	-0.55	0.11	-0.96	16.84	-3.29	2.53	47061	-0.459	-0.435	0.513	0.205	0.002	0.677
16.697	-0.449	-0.448	0.521	-0.31	0.11	-0.94	13.72	-1.53	2.46	47097	-0.456	-0.435	0.513	0.205	0.001	0.677
16.709	-0.449	-0.453	0.520	-0.11	0.14	-0.93	10.26	0.80	1.79	47129	-0.453	-0.435	0.513	0.205	-0.000	0.678
16.720	-0.443	-0.435	0.519	-0.17	0.11	-0.89	6.24	1.47	1.05	47275	-0.451	-0.433	0.512	0.206	-0.000	0.678
16.730	-0.442	-0.436	0.519	-0.08	0.12	-0.89	1.31	-0.18	1.32	47310	-0.448	-0.432	0.512	0.206	-0.000	0.679
16.740	-0.438	-0.437	0.518	-0.05	0.10	-0.87	-1.36	-1.86	1.35	47344	-0.445	-0.430	0.511	0.206	-0.001	0.680
16.748	-0.434	-0.429	0.518	-0.12	0.12	-0.85	-3.44	-4.65	1.71	47381	-0.442	-0.428	0.511	0.207	-0.001	0.680
16.761	-0.432	-0.421	0.518	-0.22	0.17	-0.83	-5.93	-5.67	1.65	47419	-0.439	-0.426	0.511	0.207	-0.000	0.681
16.771	-0.427	-0.420	0.518	-0.27	0.22	-0.82	-8.44	-7.58	2.19	47234	-0.436	-0.423	0.511	0.207	-0.000	0.681
16.780	-0.424	-0.419	0.518	-0.35	0.29	-0.79	-10.60	-8.04	2.23	47251	-0.433	-0.421	0.510	0.208	-0.000	0.682
16.794	-0.418	-0.419	0.517	-0.43	0.35	-0.77	-9.51	-9.57	2.20	47260	-0.429	-0.419	0.510	0.208	-0.000	0.682
16.801	-0.417	-0.419	0.516	-0.50	0.46	-0.75	-8.11	-9.97	2.85	47266	-0.426	-0.417	0.510	0.209	-0.000	0.683
16.807	-0.411	-0.421	0.516	-0.55	0.52	-0.72	-4.73	-9.95	3.20	47333	-0.422	-0.416	0.510	0.210	-0.001	0.683
16.816	-0.411	-0.423	0.516	-0.56	0.65	-0.69	-2.14	-9.65	3.36	47338	-0.419	-0.415	0.509	0.210	-0.001	0.684
16.830	-0.406	-0.407	0.515	-0.70	0.72	-0.64	0.61	-9.19	3.59	47335	-0.415	-0.412	0.509	0.210	-0.001	0.684
16.840	-0.404	-0.408	0.515	-0.67	0.82	-0.61	2.85	-8.23	4.37	47356	-0.412	-0.409	0.509	0.211	-0.001	0.685
16.849	-0.397	-0.409	0.515	-0.61	0.86	-0.56	4.79	-7.02	4.77	47255	-0.408	-0.407	0.509	0.211	-0.001	0.685
16.858	-0.397	-0.406	0.515	-0.57	0.95	-0.51	4.34	-5.89	5.65	47243	-0.404	-0.405	0.508	0.212	-0.001	0.686
16.869	-0.394	-0.397	0.514	-0.59	1.01	-0.45	4.17	-4.08	5.51	47241	-0.401	-0.403	0.508	0.212	-0.001	0.686
16.880	-0.391	-0.397	0.514	-0.53	1.05	-0.39	4.16	-3.87	6.42	47252	-0.398	-0.400	0.508	0.212	-0.000	0.687
16.895	-0.387	-0.379	0.514	-0.63	1.08	-0.31	2.41	-4.78	6.00	47244	-0.394	-0.395	0.508	0.213	0.000	0.687
16.898	-0.388	-0.380	0.514	-0.57	1.16	-0.26	1.19	-5.35	6.20	47041	-0.391	-0.392	0.508	0.213	0.001	0.688
16.909	-0.382	-0.384	0.514	-0.50	1.19	-0.20	-0.56	-6.45	6.58	47021	-0.387	-0.389	0.508	0.213	0.001	0.688
16.920	-0.382	-0.384	0.514	-0.49	1.27	-0.14	-1.65	-7.23	7.12	47002	-0.384	-0.386	0.508	0.213	0.001	0.688
16.930	-0.370	-0.364	0.513	-0.68	1.28	-0.03	-2.51	-6.82	7.33	46991	-0.380	-0.381	0.508	0.214	0.002	0.689
16.940	-0.368	-0.363	0.513	-0.68	1.35	0.04	-2.63	-6.70	7.41	47122	-0.376	-0.377	0.507	0.214	0.003	0.689
16.949	-0.363	-0.363	0.512	-0.70	1.39	0.11	-4.78	-5.25	7.39	47112	-0.372	-0.373	0.507	0.215	0.003	0.690
16.960	-0.363	-0.362	0.512	-0.73	1.47	0.18	-4.99	-5.34	7.74	47113	-0.368	-0.370	0.507	0.215	0.004	0.690
16.970	-0.356	-0.355	0.512	-0.83	1.48	0.27	-3.93	-3.40	8.07	47110	-0.364	-0.366	0.507	0.215	0.004	0.690
16.985	-0.355	-0.354	0.512	-0.84	1.53	0.35	-0.95	-1.77	6.97	46991	-0.360	-0.362	0.507	0.216	0.005	0.691
16.990	-0.350	-0.354	0.512	-0.83	1.52	0.41	1.24	-0.09	6.64	46972	-0.356	-0.359	0.507	0.216	0.005	0.691
17.001	-0.348	-0.353	0.512	-0.81	1.53	0.48	1.92	1.15	6.07	46963	-0.353	-0.356	0.507	0.216	0.005	0.692
17.010	-0.340	-0.343	0.512	-0.85	1.46	0.56	4.41	1.21	5.80	46955	-0.348	-0.353	0.506	0.217	0.006	0.692
17.017	-0.339	-0.343	0.511	-0.78	1.46	0.61	6.36	1.60	5.30	46964	-0.344	-0.349	0.506	0.217	0.006	0.692
17.027	-0.334	-0.344	0.511	-0.68	1.43	0.65	7.73	0.05	5.15	47056	-0.340	-0.346	0.506	0.217	0.006	0.693
17.040	-0.330	-0.340	0.510	-0.62	1.42	0.71	8.87	-1.54	5.55	47054	-0.336	-0.343	0.506	0.217	0.006	0.693
17.050	-0.329	-0.333	0.510	-0.57	1.45	0.77	7.96	-3.24	5.26	47053	-0.332	-0.340	0.506	0.218	0.007	0.693
17.059	-0.327	-0.333	0.510	-0.47	1.50	0.82	7.69	-6.60	5.24	47044	-0.328	-0.337	0.506	0.218	0.007	0.694
17.068	-0.324	-0.326	0.510	-0.44	1.56	0.88	5.02	-8.15	4.13	46952	-0.325	-0.333	0.506	0.218	0.007	0.694
17.080	-0.322	-0.322	0.510	-0.40	1.66	0.93	4.53	-10.81	4.75	46927	-0.321	-0.329	0.505	0.218	0.007	0.694
17.091	-0.316	-0.322	0.510	-0.34	1.73	0.97	1.88	-11.45	4.13	46900	-0.317	-0.326	0.505	0.218	0.008	0.695
17.102	-0.315	-0.321	0.510	-0.30	1.86	1.00	0.41	-11.67	3.69	46887	-0.314	-0.323	0.505	0.218	0.008	0.695
17.107	-0.308	-0.317	0.509	-0.32	1.93	1.05	-0.38	-10.94	3.38	46879	-0.310	-0.320	0.505	0.218	0.008	0.695
17.118	-0.305	-0.317	0.509	-0.30	2.04	1.07	-0.26	-10.50	3.13	46999	-0.306	-0.317	0.505	0.218	0.008	0.696
17.130	-0.301	-0.318	0.509	-0.27	2.13	1.09	-0.40	-9.75	2.54	46983	-0.302	-0.315	0.505	0.218	0.008	0.696
17.141	-0.300	-0.316	0.509	-0.27	2.24	1.12	1.01	-7.00	2.49	46960	-0.298	-0.313	0.505	0.218	0.008	0.696
17.175	-0.296	-0.313	0.509	-0.26	2.30	1.15	0.73	-5.74	2.50	46930	-0.294	-0.310	0.505	0.218	0.007	0.697
17.186	-0.292	-0.311	0.507	-0.25	2.34	1.17	0.74	-3.65	2.49	47158	-0.291	-0.308	0.504	0.218	0.007	0.697
17.193	-0.287	-0.312	0.507	-0.20	2.36	1.18	0.22	-2.60	2.01	47129	-0.287	-0.306	0.504	0.217	0.007	0.697
17.199	-0.288	-0.306	0.507	-0.24	2.41	1.21	-1.41	-1.40	1.52	47105	-0.283	-0.304	0.504	0.217	0.007	0.697
17.207	-0.281	-0.306	0.507	-0.23	2.38	1.22	-1.59	0.35	1.40	47081	-0.279	-0.302	0.503	0.217	0.007	0.697
17.210	-0.278	-0.306	0.505	-0.23	2.37	1.23	-2.65	1.56	0.81	47380	-0.275	-0.300	0.503	0.217	0.006	0.698
17.210	-0.275	-0.305	0.504	-0.24	2.34	1.23	-4.32	2.43	0.22	47356	-0.271	-0.298	0.503	0.217	0.006	0.698
17.221	-0.274	-0.301	0.504	-0.29	2.33	1.24	-4.64	2.03	0.61	47328	-0.268	-0.296	0.502	0.216	0.006	0.698
17.229	-0.269	-0.299	0.504	-0.34	2.29	1.24	-4.74	2.04	0.41	47290	-0.264	-0.294	0.502	0.216	0.005	0.698
17.241	-0.268	-0.298	0.501	-0.38	2.28	1.24	-4.69	1.67	0.31	47259	-0.261	-0.292	0.501	0.216	0.005	0.698
17.250	-0.262	-0.294	0.501	-0.44	2.23	1.25	-4.85	0.58	0.48	47811	-0.257	-0.290	0.500	0.216	0.005	0.698
17.260	-0.260	-0.293	0.500	-0.47	2.23	1.25	-6.25	-0.40	0.70	47782	-0.253	-0.288	0.500	0.215	0.005	0.698
17.270	-0.258	-0.293	0.500	-0.52	2.23	1.25	-6.81	-0.97	1.40	47766	-0.250	-0.286	0.499	0.215	0.004	0.698
17.281	-0.254	-0.292	0.500	-0.57	2.23	1.26	-7.80	-2.02	1.50	47736	-0.246	-0.284	0.499	0.214	0.004	0.698
17.290	-0.249	-0.289	0.498	-0.65	2.22	1.28	-7.37	-1.50	2.12	47897	-0.242	-0.283	0.498	0.214	0.004	0.698
17.305	-0.246	-0.287	0.498	-0.73	2.23	1.30	-6.38	-1.39	2.35	47872	-0.239	-0.281	0.498	0.214	0.003	0.698
17.310	-0.242	-0.286	0.498	-0.77	2.23	1.32	-5.67	-0.61	2.93	47848	-0.235	-0.279	0.497	0.213	0.003	0.698
17.320	-0.239	-0.286	0.498	-0.81	2.22	1.34	-4.34	-0.15	2.92	47811	-0.231	-0.277	0.497	0.213	0.003	0.698
17.325	-0.238	-0.281	0.497	-0.87	2.23	1.37	-3.12	1.01	2.86	47769	-0.228	-0.276	0.497	0.212	0.002	0.698
17.336	-0.238	-0.280	0.496	-0.89	2.24	1.40	-1.54	1.60	2.92	47911	-0.225	-0.274	0.496	0.212	0.002	0.698
17.350	-0.230	-0.275	0.496	-0.93	2.17	1.44	-0.54	1.74	3.04	47865	-0.221	-0.271	0.496	0.211	0.002	0.698
17.361	-0.228	-0.275	0.496	-0.91	2.15	1.46	0.49	3.40	2.72	47823	-0.218	-0.269	0.496	0.211	0.002	0.698
17.370	-0.223	-0.276	0.496	-0.87	2.09	1.48	1.46	4.20	3.13	47772	-0.214	-0.268	0.495	0.210	0.001	0.698
17.376	-0.223	-0.274	0.495	-0.85	2.06	1.51	1.53	3.72	3.38	47782	-0.210	-0.266	0.495	0.210	0.001	0.698
17.387	-0.223	-0.263	0.495	-0.91	2.04	1.57	0.56	3.16	4.18	47736	-0.207	-0.263	0.495	0.209	0.001	0.698
17.401	-0.221	-0.262	0.495	-0.90	2.02	1.60	-0.96	2.13	4.43	47703	-0.205	-0.261	0.495	0.208	0.001	0.698
17.410	-0.216	-0.262	0.495	-0.89	1.96	1.64	-3.63	0.70	4.16	47674	-0.202	-0.259	0.495	0.207	0.001	0.698
17.417	-0.213	-0.261	0.495	-0.91	1.95	1.67	-5.43	-0.72	4.04	47630	-0.198	-0.256	0.495	0.207	0.000	0.698
17.429	-0.210	-0.262	0.495	-0.94	1.95	1.70	-7.36	-1.54	3.94	47596	-0.195	-0.255	0.495	0.206	-0.000	0.698
17.440	-0.209	-0.261	0.495	-1.00	1.97	1.73	-8.59	-1.71	4.12	47556	-0.192	-0.253	0.495	0.205	-0.001	0.698
17.450	-0.207	-0.260	0.495	-1.08	1.99	1.77	-9.51	-1.62	4.20	47514	-0.190	-0.251	0.495	0.204	-0.001	0.698
17.459	-0.204	-0.260	0.492	-1.17	1.99	1.81	-10.40	-1.52	3.83	47477	-0.187	-0.250	0.494	0.203	-0.001	0.698
17.467	-0.202	-0.254	0.492	-1.30	2.00	1.86	-8.95	-0.36	4.27	48017	-0.184	-0.248	0.494	0.202	-0.002	0.698
17.483	-0.199	-0.253	0.492	-1.38	1.99	1.89	-9.39	0.20	4.29	47996	-0.181	-0.246	0.494	0.201	-0.002	0.698
17.490	-0.195	-0.252	0.491	-1.46	1.96	1.93	-8.75	1.52	4.14	47979	-0.178	-0.244	0.493	0.200	-0.002	0.698
17.497	-0.193	-0.249	0.491	-1.55	1.94	1.97	-8.31	1.55	4.38	47953	-0.175	-0.242	0.493	0.200	-0.003	0.698
17.510	-0.191	-0.247	0.491	-1.63	1.92	2.01	-5.69	2.25	4.19	47947	-0.173	-0.240	0.493	0.199	-0.003	0.698
17.520	-0.190	-0.246	0.491	-1.67	1.90	2.04	-3.09	3.80	3.52	47909	-0.170	-0.239	0.493	0.198	-0.004	0.697
17.530	-0.187	-0.241	0.491	-1.72	1.85	2.08	-1.79	3.34	3.24	47882	-0.167	-0.236	0.493	0.197	-0.004	0.697
17.540	-0.186	-0.240	0.491	-1.72	1.82	2.11	-0.34	4.11	3.45	47856	-0.165	-0.234	0.493	0.195	-0.004	0.697
17.550	-0.183	-0.237	0.494	-1.72	1.76	2.14	2.57	3.08	3.19	47829	-0.162	-0.232	0.493	0.194	-0.004	0.697
17.560	-0.180	-0.237	0.495	-1.67	1.72	2.16	1.82	0.62	3.52	47105	-0.160	-0.230	0.494	0.193	-0.005	0.697
17.570	-0.178	-0.237	0.495	-1.63	1.71	2.19	3.13	-0.74	3.81	47046	-0.157	-0.228	0.494	0.192	-0.005	0.697
17.578	-0.175	-0.236	0.495	-1.58	1.71	2.22	2.49	-1.35	3.49	46976	-0.154	-0.227	0.495	0.191	-0.006	0.697
17.588	-0.175	-0.229	0.495	-1.60	1.73	2.27	4.33	-3.30	3.38	46914	-0.152	-0.224	0.495	0.190	-0.006	0.697
17.599	-0.173	-0.228	0.500	-1.54	1.76	2.30	1.97	-3.69	3.66	46094	-0.150	-0.222	0.496	0.189	-0.006	0.698
17.613	-0.170	-0.226	0.500	-1.52	1.79	2.34	1.61	-4.15	4.07	46037	-0.147	-0.220	0.497	0.188	-0.006	0.698
17.618	-0.169	-0.223	0.501	-1.50	1.83	2.38	-0.05	-4.08	3.77	45996	-0.145	-0.218	0.498	0.186	-0.007	0.698
17.629	-0.163	-0.222	0.501	-1.49	1.83	2.41	-1.07	-4.30	3.63	45942	-0.142	-0.215	0.499	0.185	-0.007	0.698
17.640	-0.160	-0.221	0.505	-1.48	1.85	2.44	-0.72	-3.63	3.88	45283	-0.140	-0.213	0.500	0.184	-0.007	0.699
17.648	-0.160	-0.217	0.506	-1.50	1.90	2.49	-1.68	-2.65	3.29	45214	-0.137	-0.211	0.501	0.183	-0.008	0.699
17.661	-0.159	-0.214	0.507	-1.51	1.93	2.52	-0.51	-1.86	3.53	45153	-0.135	-0.209	0.502	0.182	-0.008	0.699
17.670	-0.156	-0.210	0.507	-1.53	1.93	2.56	0.52	0.12	3.65	45112	-0.133	-0.206	0.503	0.181	-0.008	0.700
17.677	-0.153	-0.210	0.509	-1.50	1.92	2.59	1.05	0.11	4.07	45087	-0.130	-0.204	0.504	0.180	-0.008	0.700
17.687	-0.152	-0.211	0.510	-1.46	1.92	2.62	1.20	0.51	3.55	44760	-0.128	-0.202	0.505	0.178	-0.009	0.700
17.699	-0.149	-0.212	0.511	-1.41	1.90	2.64	1.85	1.00	3.64	44729	-0.126	-0.200	0.506	0.177	-0.009	0.701
17.711	-0.146	-0.206	0.512	-1.42	1.87	2.69	2.66	1.02	3.53	44703	-0.123	-0.198	0.507	0.176	-0.010	0.701
17.719	-0.146	-0.201	0.513	-1.42	1.87	2.73	3.23	0.85	3.61	44694	-0.121	-0.196	0.508	0.175	-0.010	0.701
17.727	-0.143	-0.201	0.514	-1.35	1.85	2.75	2.78	0.51	3.11	44530	-0.119	-0.194	0.509	0.174	-0.010	0.702
17.740	-0.143	-0.199	0.515	-1.32	1.86	2.78	3.47	-1.27	3.44	44530	-0.117	-0.192	0.510	0.172	-0.011	0.702
17.750	-0.141	-0.198	0.516	-1.27	1.86	2.81	1.44	-2.07	3.24	44541	-0.115	-0.190	0.510	0.171	-0.011	0.703
17.760	-0.137	-0.195	0.516	-1.25	1.86	2.84	2.33	-3.11	3.60	44558	-0.113	-0.188	0.511	0.170	-0.012	0.703
17.769	-0.136	-0.191	0.517	-1.25	1.89	2.88	0.13	-4.10	3.84	44594	-0.111	-0.185	0.512	0.168	-0.012	0.703
17.779	-0.134	-0.192	0.518	-1.21	1.93	2.91	0.25	-5.69	3.72	44559	-0.108	-0.183	0.512	0.167	-0.012	0.704
17.790	-0.133	-0.184	0.519	-1.26	1.98	2.96	-0.49	-5.36	4.05	44584	-0.107	-0.180	0.513	0.166	-0.013	0.704
17.796	-0.132	-0.184	0.519	-1.24	2.04	3.00	-1.42	-5.36	4.04	44628	-0.105	-0.178	0.513	0.164	-0.013	0.705
17.810	-0.130	-0.183	0.520	-1.24	2.08	3.03	-3.43	-4.34	4.28	44677	-0.103	-0.176	0.514	0.163	-0.013	0.705
17.820	-0.128	-0.183	0.523	-1.25	2.11	3.07	-1.29	-3.18	4.15	44214	-0.101	-0.174	0.514	0.161	-0.014	0.706
17.830	-0.124	-0.179	0.524	-1.28	2.12	3.11	-2.04	-1.49	3.90	44241	-0.099	-0.172	0.515	0.160	-0.014	0.707
17.840	-0.123	-0.179	0.525	-1.27	2.13	3.14	-2.55	-0.06	3.35	44286	-0.097	-0.170	0.516	0.159	-0.015	0.707
17.848	-0.122	-0.174	0.525	-1.31	2.12	3.18	-1.83	1.78	2.98	44326	-0.095	-0.167	0.516	0.157	-0.015	0.708
17.860	-0.120	-0.174	0.526	-1.31	2.10	3.20	-2.05	2.35	2.65	44260	-0.093	-0.165	0.517	0.156	-0.015	0.709
17.870	-0.120	-0.172	0.527	-1.32	2.08	3.22	-1.10	3.19	2.24	44303	-0.091	-0.163	0.518	0.155	-0.016	0.709
17.879	-0.119	-0.169	0.527	-1.33	2.05	3.24	0.57	2.55	2.54	44364	-0.090	-0.161	0.518	0.153	-0.016	0.710
17.890	-0.118	-0.169	0.528	-1.29	2.02	3.26	6.46	1.58	3.06	44414	-0.088	-0.159	0.518	0.152	-0.017	0.711
17.900	-0.118	-0.164	0.529	-1.23	2.02	3.29	16.00	0.07	3.69	44451	-0.087	-0.157	0.519	0.150	-0.017	0.712
17.906	-0.117	-0.161	0.529	-1.05	2.02	3.33	27.43	-1.47	2.63	44360	-0.086	-0.155	0.519	0.148	-0.017	0.712
17.921	-0.115	-0.157	0.530	-0.77	2.02	3.36	39.80	-1.48	2.17	44389	-0.084	-0.152	0.520	0.147	-0.018	0.713
17.931	-0.113	-0.159	0.530	-0.30	2.03	3.37	51.83	-2.61	3.19	44434	-0.083	-0.150	0.520	0.145	-0.018	0.714
17.936	-0.112	-0.152	0.530	0.20	2.05	3.41	60.63	-1.84	2.94	44483	-0.082	-0.147	0.520	0.144	-0.018	0.715
17.946	-0.113	-0.149	0.531	0.81	2.08	3.44	65.25	-1.57	2.78	44427	-0.080	-0.145	0.520	0.142	-0.018	0.715
17.961	-0.113	-0.147	0.532	1.47	2.11	3.47	66.90	-3.02	2.11	44489	-0.079	-0.142	0.521	0.140	-0.019	0.716
17.970	-0.113	-0.148	0.532	2.18	2.14	3.48	63.95	-2.54	1.89	44547	-0.079	-0.140	0.521	0.139	-0.019	0.717
17.979	-0.111	-0.143	0.532	2.79	2.15	3.50	57.67	-1.72	1.90	44612	-0.078	-0.137	0.521	0.137	-0.019	0.718
17.986	-0.110	-0.141	0.533	3.37	2.16	3.52	48.77	-1.51	1.62	44696	-0.077	-0.135	0.521	0.135	-0.020	0.719
17.996	-0.109	-0.144	0.533	3.89	2.19	3.51	39.80	-0.87	1.29	44740	-0.076	-0.133	0.521	0.133	-0.020	0.720
18.009	-0.108	-0.137	0.533	4.23	2.19	3.54	28.39	-0.76	1.32	44832	-0.075	-0.131	0.521	0.132	-0.021	0.720
18.023	-0.108	-0.132	0.533	4.47	2.20	3.56	16.86	-0.80	0.42	44914	-0.074	-0.129	0.521	0.130	-0.021	0.721
18.028	-0.107	-0.132	0.533	4.65	2.20	3.56	8.52	0.36	0.80	45000	-0.073	-0.126	0.521	0.128	-0.021	0.722
18.040	-0.106	-0.131	0.533	4.74	2.19	3.56	-0.55	1.75	0.31	45168	-0.072	-0.125	0.521	0.127	-0.021	0.723
18.050	-0.104	-0.126	0.533	4.70	2.16	3.57	-6.01	2.59	0.20	45268	-0.071	-0.122	0.521	0.125	-0.022	0.724
18.060	-0.104	-0.123	0.532	4.64	2.13	3.58	-10.15	4.32	-0.02	45350	-0.070	-0.120	0.521	0.123	-0.022	0.725
18.069	-0.103	-0.121	0.532	4.54	2.08	3.58	-10.02	6.00	0.14	45433	-0.070	-0.118	0.521	0.122	-0.022	0.726
18.079	-0.103	-0.119	0.532	4.43	2.02	3.59	-9.12	7.43	0.15	45529	-0.069	-0.116	0.521	0.120	-0.022	0.727
18.090	-0.101	-0.118	0.532	4.36	1.93	3.59	-5.97	7.63	0.50	45606	-0.068	-0.114	0.520	0.118	-0.022	0.727
18.100	-0.101	-0.116	0.532	4.30	1.85	3.60	-3.36	8.45	0.54	45670	-0.067	-0.112	0.520	0.116	-0.022	0.728
18.110	-0.099	-0.115	0.531	4.28	1.75	3.60	-0.24	9.59	0.33	45745	-0.066	-0.110	0.520	0.115	-0.023	0.729
18.124	-0.098	-0.117	0.530	4.32	1.66	3.60	4.70	8.59	0.53	45816	-0.065	-0.109	0.519	0.113	-0.023	0.730
18.129	-0.097	-0.115	0.530	4.37	1.57	3.62	5.60	7.95	0.59	46107	-0.064	-0.108	0.519	0.111	-0.023	0.731
18.140	-0.097	-0.109	0.529	4.39	1.48	3.64	6.60	7.79	1.09	46192	-0.064	-0.106	0.518	0.110	-0.024	0.732
18.149	-0.096	-0.109	0.529	4.47	1.40	3.66	6.35	6.68	0.54	46274	-0.063	-0.105	0.518	0.108	-0.024	0.732
18.160	-0.096	-0.107	0.528	4.53	1.34	3.67	4.68	5.32	0.63	46355	-0.062	-0.103	0.517	0.106	-0.024	0.733
18.170	-0.095	-0.106	0.526	4.57	1.29	3.68	1.15	3.82	0.96	46658	-0.062	-0.102	0.517	0.105	-0.024	0.734
18.179	-0.095	-0.105	0.526	4.57	1.26	3.69	-2.11	1.28	2.29	46745	-0.061	-0.101	0.516	0.103	-0.024	0.735
18.189	-0.094	-0.105	0.525	4.56	1.24	3.71	-6.59	-0.15	2.16	46811	-0.060	-0.100	0.515	0.101	-0.025	0.735
18.196	-0.093	-0.104	0.525	4.49	1.24	3.73	-11.00	-1.77	2.48	46880	-0.060	-0.099	0.515	0.100	-0.025	0.736
18.209	-0.092	-0.103	0.522	4.37	1.26	3.76	-13.18	-1.29	3.53	46950	-0.059	-0.098	0.514	0.098	-0.025	0.737
18.218	-0.091	-0.099	0.522	4.21	1.27	3.79	-15.67	-0.67	3.08	47305	-0.058	-0.097	0.513	0.096	-0.025	0.738
18.229	-0.090	-0.095	0.521	4.02	1.27	3.83	-18.15	0.46	3.96	47359	-0.058	-0.095	0.512	0.095	-0.025	0.738
18.239	-0.090	-0.094	0.520	3.84	1.27	3.87	-19.08	3.08	3.06	47409	-0.057	-0.094	0.512	0.093	-0.025	0.739
18.248	-0.090	-0.093	0.520	3.65	1.24	3.91	-17.81	3.87	3.67	47461	-0.056	-0.093	0.511	0.091	-0.025	0.739
18.256	-0.088	-0.095	0.517	3.50	1.18	3.93	-17.22	6.07	3.85	47746	-0.056	-0.092	0.510	0.090	-0.025	0.740
18.268	-0.088	-0.094	0.517	3.33	1.12	3.98	-14.61	6.82	3.93	47777	-0.055	-0.091	0.509	0.088	-0.025	0.741
18.280	-0.087	-0.093	0.516	3.18	1.05	4.02	-13.38	6.84	4.31	47815	-0.055	-0.091	0.509	0.086	-0.026	0.741
18.290	-0.087	-0.093	0.515	3.05	0.99	4.06	-12.23	5.88	4.09	47834	-0.054	-0.090	0.508	0.084	-0.026	0.742
18.296	-0.087	-0.092	0.515	2.92	0.93	4.11	-12.52	5.25	4.35	47719	-0.054	-0.089	0.507	0.083	-0.026	0.742
18.308	-0.087	-0.094	0.514	2.81	0.88	4.15	-11.88	3.68	4.42	47745	-0.053	-0.089	0.507	0.081	-0.026	0.743
18.320	-0.086	-0.096	0.513	2.71	0.85	4.19	-13.55	1.75	4.55	47768	-0.053	-0.089	0.506	0.079	-0.026	0.743
18.330	-0.086	-0.096	0.513	2.57	0.83	4.23	-13.84	0.75	4.91	47773	-0.053	-0.089	0.506	0.078	-0.027	0.744
18.340	-0.086	-0.099	0.510	2.47	0.83	4.28	-14.65	-1.34	4.93	47776	-0.052	-0.090	0.505	0.076	-0.027	0.744
18.346	-0.086	-0.095	0.509	2.28	0.85	4.33	-15.23	-2.04	4.80	48152	-0.052	-0.090	0.504	0.074	-0.027	0.745
18.360	-0.082	-0.093	0.509	2.11	0.83	4.37	-15.36	-2.30	5.44	48154	-0.051	-0.090	0.503	0.073	-0.028	0.745
18.369	-0.077	-0.089	0.508	1.93	0.81	4.41	-17.78	-2.05	5.22	48141	-0.050	-0.089	0.503	0.071	-0.028	0.746
18.379	-0.077	-0.089	0.507	1.75	0.83	4.46	-17.62	-0.93	5.05	48135	-0.049	-0.089	0.502	0.070	-0.028	0.746
18.388	-0.077	-0.093	0.505	1.61	0.84	4.51	-16.89	0.57	4.61	48354	-0.048	-0.089	0.501	0.068	-0.028	0.746
18.400	-0.074	-0.092	0.504	1.44	0.82	4.54	-16.16	1.38	4.28	48343	-0.047	-0.089	0.500	0.067	-0.028	0.747
18.409	-0.073	-0.098	0.504	1.33	0.80	4.58	-14.64	3.42	4.41	48345	-0.046	-0.090	0.500	0.066	-0.028	0.747
18.418	-0.073	-0.100	0.503	1.21	0.76	4.62	-13.78	3.06	4.23	48356	-0.045	-0.091	0.499	0.064	-0.029	0.747
18.430	-0.072	-0.100	0.503	1.07	0.73	4.66	-12.26	3.20	4.40	48348	-0.044	-0.091	0.499	0.063	-0.029	0.747
18.439	-0.071	-0.099	0.502	0.94	0.70	4.71	-11.77	1.67	4.18	48192	-0.043	-0.092	0.498	0.061	-0.030	0.748
18.450	-0.071	-0.099	0.502	0.82	0.68	4.75	-11.72	1.26	3.64	48172	-0.043	-0.093	0.498	0.060	-0.030	0.748
18.460	-0.070	-0.098	0.501	0.69	0.66	4.78	-10.72	0.72	2.92	48139	-0.042	-0.093	0.498	0.059	-0.030	0.748
18.469	-0.069	-0.098	0.501	0.58	0.65	4.81	-10.61	0.36	2.87	48083	-0.041	-0.093	0.497	0.057	-0.031	0.749
18.480	-0.065	-0.104	0.499	0.53	0.62	4.81	-10.89	-1.28	2.59	48145	-0.040	-0.095	0.497	0.056	-0.031	0.749
18.490	-0.065	-0.108	0.499	0.45	0.63	4.84	-10.91	-1.25	2.53	48111	-0.039	-0.096	0.496	0.055	-0.032	0.749
18.497	-0.063	-0.110	0.498	0.35	0.64	4.86	-10.02	-1.78	2.79	48075	-0.038	-0.098	0.496	0.053	-0.032	0.749
18.507	-0.063	-0.110	0.498	0.25	0.66	4.88	-10.28	-3.14	2.99	48030	-0.037	-0.099	0.496	0.052	-0.033	0.749
18.518	-0.064	-0.107	0.498	0.12	0.69	4.92	-9.72	-1.81	2.86	47890	-0.036	-0.100	0.495	0.051	-0.033	0.749
18.532	-0.063	-0.106	0.498	0.01	0.70	4.95	-9.80	-2.53	3.49	47846	-0.036	-0.101	0.495	0.049	-0.033	0.750
18.539	-0.063	-0.106	0.497	-0.09	0.72	4.98	-9.98	-2.38	3.51	47791	-0.035	-0.101	0.495	0.048	-0.034	0.750
18.550	-0.062	-0.107	0.497	-0.20	0.75	5.02	-9.96	-1.63	3.57	47746	-0.034	-0.102	0.495	0.046	-0.034	0.750
18.559	-0.062	-0.107	0.496	-0.30	0.76	5.05	-9.71	-0.95	3.57	47712	-0.034	-0.103	0.495	0.045	-0.034	0.750
18.569	-0.062	-0.107	0.496	-0.40	0.77	5.09	-9.58	-0.01	3.53	47727	-0.033	-0.103	0.495	0.044	-0.034	0.750
18.580	-0.060	-0.100	0.496	-0.55	0.76	5.13	-7.58	-0.95	3.21	47685	-0.033	-0.103	0.494	0.042	-0.034	0.750
18.590	-0.060	-0.104	0.496	-0.60	0.76	5.16	-7.19	-0.14	2.54	47638	-0.032	-0.103	0.494	0.041	-0.034	0.750
18.600	-0.059	-0.104	0.495	-0.67	0.76	5.18	-5.58	0.59	2.99	47584	-0.032	-0.103	0.494	0.039	-0.034	0.751
18.606	-0.060	-0.106	0.496	-0.70	0.77	5.22	-3.79	1.32	3.45	47497	-0.032	-0.103	0.494	0.038	-0.034	0.751
18.617	-0.056	-0.101	0.495	-0.78	0.72	5.24	-3.09	1.72	3.07	47449	-0.031	-0.103	0.494	0.037	-0.034	0.751
18.629	-0.056	-0.101	0.495	-0.81	0.70	5.28	-2.70	2.71	2.84	47408	-0.030	-0.103	0.494	0.035	-0.034	0.751
18.640	-0.056	-0.101	0.495	-0.84	0.68	5.31	-0.75	2.42	3.14	47367	-0.030	-0.102	0.494	0.034	-0.034	0.751
18.648	-0.052	-0.102	0.496	-0.84	0.62	5.33	-0.58	3.82	2.67	47321	-0.029	-0.102	0.494	0.033	-0.034	0.751
18.659	-0.049	-0.100	0.496	-0.86	0.56	5.35	0.00	4.09	2.23	47144	-0.028	-0.102	0.494	0.032	-0.034	0.751
18.669	-0.049	-0.099	0.496	-0.86	0.52	5.37	1.48	4.00	1.93	47114	-0.027	-0.102	0.494	0.031	-0.034	0.751
18.680	-0.049	-0.099	0.496	-0.85	0.47	5.39	2.93	3.85	1.65	47070	-0.026	-0.101	0.495	0.029	-0.034	0.751
18.690	-0.048	-0.099	0.496	-0.82	0.44	5.41	3.51	2.25	1.72	47040	-0.025	-0.101	0.495	0.028	-0.034	0.751
18.700	-0.048	-0.106	0.495	-0.73	0.42	5.42	4.55	0.97	1.12	47147	-0.024	-0.101	0.495	0.027	-0.034	0.751
18.707	-0.048	-0.106	0.495	-0.69	0.41	5.43	3.77	-0.41	1.01	47115	-0.024	-0.102	0.495	0.026	-0.034	0.752
18.719	-0.045	-0.105	0.495	-0.66	0.39	5.43	4.43	-1.63	0.13	47093	-0.023	-0.102	0.495	0.025	-0.034	0.752
18.725	-0.044	-0.102	0.495	-0.63	0.40	5.44	3.91	-1.93	0.56	47085	-0.022	-0.102	0.495	0.024	-0.034	0.752
18.740	-0.043	-0.098	0.496	-0.63	0.42	5.45	4.20	-2.75	0.33	47013	-0.021	-0.101	0.495	0.022	-0.034	0.752
18.749	-0.045	-0.089	0.496	-0.65	0.45	5.46	3.81	-2.79	0.25	46999	-0.021	-0.100	0.495	0.021	-0.034	0.752
18.759	-0.045	-0.088	0.496	-0.61	0.48	5.46	3.64	-2.70	-0.46	46991	-0.020	-0.098	0.495	0.020	-0.033	0.752
18.770	-0.046	-0.086	0.496	-0.60	0.51	5.46	3.33	-2.69	-0.73	46961	-0.020	-0.096	0.495	0.019	-0.033	0.752
18.776	-0.044	-0.090	0.496	-0.53	0.52	5.45	3.94	-2.22	-0.95	46933	-0.020	-0.095	0.495	0.017	-0.032	0.752
18.789	-0.044	-0.089	0.496	-0.49	0.54	5.44	5.56	-1.61	-1.46	46827	-0.019	-0.094	0.496	0.016	-0.032	0.752
18.799	-0.044	-0.092	0.496	-0.42	0.57	5.42	6.65	-1.61	-1.54	46807	-0.019	-0.094	0.496	0.015	-0.032	0.752
18.807	-0.044	-0.096	0.497	-0.32	0.58	5.41	7.25	-1.57	-1.16	46796	-0.019	-0.094	0.496	0.014	-0.032	0.752
18.817	-0.043	-0.097	0.497	-0.24	0.59	5.39	8.19	-0.42	-2.02	46797	-0.019	-0.094	0.496	0.012	-0.032	0.752
18.829	-0.043	-0.097	0.496	-0.15	0.60	5.37	8.66	0.73	-1.96	46908	-0.018	-0.094	0.496	0.011	-0.032	0.752
18.842	-0.044	-0.077	0.496	-0.21	0.59	5.36	9.21	2.01	-1.92	46906	-0.018	-0.092	0.496	0.010	-0.032	0.752
18.849	-0.042	-0.082	0.496	-0.07	0.56	5.34	8.20	1.84	-2.10	46914	-0.018	-0.090	0.496	0.009	-0.031	0.752
18.859	-0.042	-0.081	0.496	-0.01	0.54	5.31	7.11	2.77	-2.41	46898	-0.018	-0.089	0.496	0.007	-0.031	0.752
18.867	-0.037	-0.080	0.496	0.06	0.48	5.28	5.65	1.65	-2.37	46886	-0.017	-0.087	0.496	0.006	-0.031	0.752
18.876	-0.043	-0.066	0.496	0.02	0.50	5.27	4.95	2.58	-3.28	47076	-0.017	-0.084	0.496	0.005	-0.030	0.752
18.890	-0.043	-0.065	0.496	0.07	0.47	5.24	5.80	2.69	-3.44	47073	-0.017	-0.082	0.496	0.004	-0.029	0.752
18.900	-0.042	-0.071	0.496	0.17	0.44	5.20	5.63	1.19	-3.36	47072	-0.017	-0.080	0.496	0.002	-0.028	0.752
18.910	-0.041	-0.072	0.496	0.24	0.42	5.16	6.20	1.04	-4.22	47072	-0.017	-0.079	0.496	0.001	-0.028	0.752
18.916	-0.040	-0.071	0.496	0.31	0.41	5.12	7.83	0.96	-4.56	46974	-0.017	-0.077	0.496	0.000	-0.028	0.752
18.926	-0.040	-0.071	0.496	0.39	0.40	5.07	8.62	0.12	-4.37	46958	-0.017	-0.076	0.496	-0.001	-0.027	0.752
18.941	-0.037	-0.070	0.496	0.48	0.38	5.03	9.70	0.42	-4.14	46955	-0.017	-0.075	0.497	-0.002	-0.027	0.752
18.949	-0.038	-0.060	0.496	0.50	0.38	4.99	10.39	0.47	-4.33	46938	-0.017	-0.073	0.497	-0.003	-0.026	0.752
18.959	-0.037	-0.063	0.496	0.64	0.36	4.94	11.35	-0.58	-4.42	47022	-0.016	-0.071	0.497	-0.004	-0.026	0.752
18.968	-0.032	-0.063	0.496	0.75	0.34	4.89	10.86	-0.63	-4.85	47015	-0.015	-0.070	0.497	-0.005	-0.026	0.752
18.977	-0.038	-0.048	0.496	0.76	0.38	4.86	10.37	-1.87	-5.27	47022	-0.015	-0.067	0.497	-0.006	-0.025	0.752
18.988	-0.038	-0.048	0.496	0.86	0.40	4.80	9.73	-2.76	-5.60	47011	-0.015	-0.064	0.497	-0.007	-0.024	0.752
18.999	-0.037	-0.049	0.496	0.97	0.42	4.74	8.69	-2.83	-5.84	46997	-0.015	-0.062	0.497	-0.009	-0.023	0.751
19.010	-0.034	-0.052	0.496	1.09	0.43	4.68	7.68	-2.30	-5.90	47002	-0.015	-0.060	0.497	-0.010	-0.023	0.751
19.016	-0.035	-0.059	0.496	1.22	0.46	4.62	7.28	-1.50	-5.92	46987	-0.015	-0.060	0.497	-0.011	-0.023	0.751
19.026	-0.035	-0.058	0.496	1.30	0.47	4.56	5.90	0.05	-5.83	46964	-0.015	-0.059	0.497	-0.012	-0.023	0.751
19.039	-0.034	-0.058	0.496	1.36	0.46	4.50	6.05	2.05	-6.63	46955	-0.014	-0.058	0.497	-0.013	-0.023	0.751
19.049	-0.033	-0.060	0.496	1.43	0.43	4.44	4.64	3.27	-6.68	47118	-0.014	-0.058	0.497	-0.014	-0.023	0.751
19.060	-0.031	-0.047	0.496	1.38	0.38	4.37	2.32	2.74	-6.28	47098	-0.013	-0.056	0.497	-0.014	-0.022	0.751
19.068	-0.031	-0.046	0.496	1.40	0.34	4.31	-0.10	2.68	-6.22	47086	-0.013	-0.055	0.497	-0.015	-0.022	0.751
19.077	-0.032	-0.049	0.496	1.42	0.33	4.24	-1.30	1.87	-6.07	47095	-0.013	-0.054	0.497	-0.016	-0.022	0.751
19.090	-0.031	-0.051	0.496	1.42	0.31	4.18	-2.28	2.15	-6.04	47103	-0.012	-0.053	0.497	-0.017	-0.021	0.751
19.098	-0.031	-0.050	0.496	1.40	0.29	4.12	-2.97	1.87	-6.45	46997	-0.012	-0.053	0.497	-0.018	-0.021	0.751
19.109	-0.031	-0.050	0.496	1.37	0.27	4.06	-2.80	1.12	-6.34	46988	-0.012	-0.052	0.497	-0.019	-0.021	0.751
19.117	-0.030	-0.045	0.496	1.31	0.25	3.99	-1.75	0.75	-6.68	46985	-0.012	-0.051	0.498	-0.020	-0.021	0.750
19.130	-0.027	-0.045	0.496	1.29	0.22	3.92	-1.15	-0.30	-6.64	46965	-0.011	-0.050	0.498	-0.021	-0.021	0.750
19.139	-0.027	-0.045	0.495	1.28	0.22	3.86	-0.90	-0.85	-6.37	47198	-0.011	-0.049	0.498	-0.022	-0.020	0.750
19.151	-0.028	-0.039	0.495	1.24	0.23	3.79	-0.69	-1.36	-6.27	47203	-0.010	-0.048	0.497	-0.023	-0.020	0.750
19.160	-0.029	-0.019	0.495	1.10	0.24	3.73	-1.40	-0.80	-6.36	47217	-0.010	-0.044	0.497	-0.024	-0.019	0.750
19.169	-0.029	-0.018	0.495	1.08	0.25	3.67	-0.32	-0.79	-5.75	47212	-0.010	-0.040	0.497	-0.025	-0.018	0.750
19.177	-0.028	-0.018	0.495	1.08	0.25	3.61	-0.95	-1.33	-5.63	47223	-0.010	-0.038	0.497	-0.025	-0.017	0.749
19.189	-0.027	-0.018	0.495	1.07	0.26	3.55	-0.95	-0.33	-5.56	47234	-0.010	-0.035	0.497	-0.026	-0.016	0.749
19.199	-0.023	-0.018	0.495	1.08	0.24	3.49	1.21	-1.62	-5.72	47223	-0.009	-0.033	0.497	-0.027	-0.015	0.749
19.210	-0.024	-0.025	0.495	1.15	0.27	3.43	5.01	-0.53	-5.36	47198	-0.009	-0.031	0.497	-0.028	-0.015	0.749
19.217	-0.024	-0.026	0.495	1.21	0.28	3.38	5.65	-0.56	-5.48	47194	-0.008	-0.030	0.497	-0.029	-0.015	0.749
19.228	-0.024	-0.023	0.495	1.25	0.28	3.32	7.55	-2.47	-4.84	47208	-0.008	-0.029	0.497	-0.029	-0.014	0.749
19.239	-0.024	-0.015	0.495	1.27	0.30	3.27	5.89	-2.09	-5.11	47193	-0.008	-0.027	0.497	-0.030	-0.014	0.748
19.252	-0.025	-0.008	0.495	1.28	0.32	3.22	6.54	-1.38	-4.79	47181	-0.008	-0.025	0.498	-0.031	-0.013	0.748
19.259	-0.026	-0.012	0.495	1.38	0.35	3.17	3.62	-0.87	-4.83	47187	-0.008	-0.023	0.498	-0.032	-0.012	0.748
19.267	-0.024	-0.008	0.496	1.39	0.33	3.12	2.83	-0.44	-4.49	46999	-0.008	-0.021	0.498	-0.033	-0.011	0.748
19.275	-0.024	-0.007	0.496	1.41	0.34	3.07	0.92	-1.29	-4.74	46994	-0.007	-0.019	0.498	-0.034	-0.011	0.748
19.288	-0.023	-0.007	0.497	1.42	0.35	3.03	-0.89	-1.98	-4.95	46986	-0.007	-0.017	0.498	-0.035	-0.010	0.748
19.298	-0.022	-0.007	0.497	1.42	0.36	2.97	-0.97	-1.91	-4.45	46986	-0.007	-0.016	0.498	-0.035	-0.010	0.748
19.309	-0.023	-0.010	0.498	1.43	0.38	2.93	-3.46	-2.25	-4.23	46981	-0.007	-0.015	0.499	-0.036	-0.010	0.748
19.319	-0.022	-0.009	0.499	1.39	0.40	2.89	-3.47	-1.58	-4.33	46654	-0.007	-0.014	0.499	-0.037	-0.009	0.747
19.329	-0.022	-0.009	0.499	1.36	0.42	2.84	-3.54	0.56	-4.67	46652	-0.007	-0.013	0.500	-0.038	-0.009	0.747
19.339	-0.022	-0.009	0.499	1.32	0.41	2.80	-3.35	2.26	-4.39	46646	-0.007	-0.012	0.500	-0.039	-0.009	0.747
19.351	-0.022	-0.008	0.499	1.28	0.38	2.76	-3.98	3.38	-3.97	46642	-0.006	-0.012	0.500	-0.039	-0.009	0.747
19.359	-0.022	-0.007	0.499	1.24	0.34	2.72	-3.04	3.73	-3.57	46724	-0.006	-0.011	0.501	-0.040	-0.009	0.747
19.368	-0.022	-0.006	0.499	1.21	0.30	2.68	-3.63	4.27	-2.99	46728	-0.006	-0.010	0.501	-0.041	-0.008	0.747
19.379	-0.021	-0.006	0.499	1.17	0.26	2.65	-4.90	5.03	-3.33	46744	-0.006	-0.010	0.501	-0.042	-0.008	0.747
19.387	-0.021	-0.006	0.499	1.12	0.21	2.62	-5.06	4.25	-3.38	46745	-0.006	-0.009	0.501	-0.042	-0.008	0.747
19.398	-0.021	-0.005	0.499	1.07	0.16	2.59	-5.11	3.59	-3.42	46769	-0.006	-0.008	0.501	-0.043	-0.008	0.747
19.409	-0.021	-0.005	0.499	1.02	0.13	2.56	-5.05	2.33	-3.30	46785	-0.006	-0.008	0.501	-0.044	-0.008	0.746
19.418	-0.021	-0.006	0.499	0.98	0.11	2.52	-4.70	0.96	-2.92	46815	-0.006	-0.008	0.502	-0.045	-0.008	0.746
19.429	-0.021	-0.004	0.500	0.92	0.10	2.49	-4.49	0.01	-2.88	46818	-0.006	-0.007	0.502	-0.046	-0.008	0.746
19.439	-0.021	-0.004	0.499	0.87	0.10	2.47	-4.42	-1.03	-2.85	46824	-0.006	-0.007	0.502	-0.046	-0.007	0.746
19.449	-0.021	-0.004	0.499	0.83	0.11	2.44	-4.35	-1.77	-3.07	46902	-0.006	-0.006	0.502	-0.047	-0.007	0.746
19.459	-0.021	-0.004	0.500	0.79	0.13	2.40	-3.92	-2.02	-2.84	46926	-0.006	-0.006	0.502	-0.048	-0.007	0.746
19.468	-0.019	-0.005	0.500	0.77	0.14	2.37	-3.98	-2.42	-3.04	46948	-0.006	-0.006	0.502	-0.048	-0.007	0.745
19.481	-0.019	-0.005	0.500	0.73	0.17	2.35	-3.26	-2.42	-2.54	46981	-0.006	-0.006	0.502	-0.049	-0.007	0.745
19.489	-0.019	-0.005	0.498	0.69	0.19	2.32	-3.85	-2.07	-2.27	47337	-0.006	-0.005	0.502	-0.050	-0.007	0.745
19.500	-0.020	-0.006	0.498	0.67	0.21	2.30	-3.74	-1.79	-2.10	47361	-0.006	-0.006	0.502	-0.050	-0.007	0.745
19.510	-0.019	-0.006	0.498	0.63	0.23	2.28	-5.44	-0.42	-1.93	47377	-0.006	-0.006	0.501	-0.051	-0.007	0.744
19.519	-0.018	-0.005	0.498	0.57	0.23	2.26	-5.41	-1.03	-1.71	47399	-0.006	-0.005	0.501	-0.052	-0.007	0.744
19.529	-0.018	-0.005	0.498	0.51	0.24	2.24	-6.91	0.06	-1.73	47418	-0.006	-0.005	0.501	-0.052	-0.007	0.744
19.539	-0.018	-0.005	0.498	0.45	0.24	2.22	-6.73	0.97	-1.93	47390	-0.006	-0.005	0.501	-0.053	-0.007	0.743
19.545	-0.004	-0.007	0.498	0.40	0.14	2.20	-5.19	0.70	-1.46	47399	-0.004	-0.006	0.501	-0.053	-0.007	0.743
19.559	-0.005	-0.004	0.497	0.33	0.14	2.18	-5.95	0.01	-1.44	47412	-0.002	-0.006	0.501	-0.053	-0.007	0.743
19.569	-0.004	-0.004	0.497	0.27	0.14	2.16	-5.81	-0.64	-1.59	47404	-0.001	-0.005	0.501	-0.053	-0.007	0.743
19.577	-0.005	-0.006	0.497	0.22	0.15	2.15	-4.62	-2.33	-1.16	45362	-0.000	-0.006	0.501	-0.054	-0.007	0.742
19.586	-0.004	-0.005	0.497	0.17	0.17	2.13	-4.42	-3.10	-1.18	45350	0.001	-0.006	0.501	-0.054	-0.007	0.742
19.599	-0.003	-0.005	0.497	0.13	0.20	2.12	-3.55	-3.80	-1.48	45334	0.002	-0.006	0.501	-0.054	-0.007	0.742
19.609	-0.003	-0.004	0.496	0.10	0.24	2.11	-2.95	-5.14	-1.41	45321	0.003	-0.005	0.500	-0.054	-0.007	0.741
19.619	-0.002	-0.004	0.496	0.07	0.29	2.09	-2.46	-6.30	-1.74	45347	0.004	-0.005	0.500	-0.055	-0.007	0.741
19.627	-0.002	-0.004	0.496	0.05	0.35	2.07	-2.14	-6.81	-1.87	45362	0.005	-0.005	0.500	-0.055	-0.007	0.741
19.640	0.003	-0.004	0.496	0.02	0.39	2.05	-1.29	-6.13	-1.77	45378	0.006	-0.005	0.499	-0.055	-0.007	0.741
19.648	0.001	-0.002	0.496	0.00	0.46	2.04	0.24	-5.06	-1.84	45401	0.007	-0.005	0.499	-0.055	-0.007	0.740
19.660	0.002	-0.004	0.497	0.01	0.51	2.02	0.32	-5.07	-1.89	45433	0.008	-0.005	0.499	-0.056	-0.007	0.740
19.669	0.002	-0.004	0.497	0.02	0.55	2.00	0.62	-4.04	-2.03	45156	0.009	-0.005	0.499	-0.056	-0.006	0.740
19.680	0.003	-0.004	0.497	0.03	0.59	1.98	0.42	-2.69	-1.89	45194	0.009	-0.005	0.499	-0.056	-0.006	0.740
19.689	0.003	-0.004	0.497	0.03	0.61	1.96	-1.34	-2.16	-1.72	45248	0.010	-0.005	0.498	-0.057	-0.006	0.740
19.699	0.003	-0.004	0.497	0.02	0.63	1.95	-2.63	-0.05	-1.72	45305	0.011	-0.005	0.498	-0.057	-0.006	0.740
19.710	0.004	-0.004	0.496	-0.01	0.63	1.93	-1.10	0.86	-1.43	45502	0.011	-0.005	0.498	-0.058	-0.006	0.740
19.719	0.004	-0.004	0.496	-0.02	0.62	1.92	-3.40	0.97	-1.48	45569	0.012	-0.005	0.497	-0.058	-0.006	0.740
19.729	0.004	-0.004	0.496	-0.06	0.62	1.90	-4.09	0.53	-1.51	45626	0.012	-0.005	0.497	-0.058	-0.006	0.739
19.739	0.004	-0.004	0.495	-0.10	0.61	1.89	-4.53	-0.18	-1.59	45677	0.013	-0.005	0.496	-0.059	-0.006	0.739
19.749	0.005	-0.004	0.497	-0.15	0.61	1.87	-3.69	-0.25	-1.79	45739	0.013	-0.005	0.496	-0.059	-0.006	0.739
19.755	0.006	-0.006	0.496	-0.17	0.61	1.85	-2.08	-2.19	-1.77	45514	0.014	-0.005	0.496	-0.060	-0.006	0.739
19.769	0.006	-0.007	0.496	-0.18	0.64	1.84	-2.16	-1.99	-1.82	45573	0.014	-0.005	0.496	-0.060	-0.006	0.739
19.778	0.005	-0.005	0.496	-0.21	0.67	1.82	-0.29	-2.11	-2.14	43614	0.014	-0.005	0.495	-0.061	-0.006	0.739
19.788	0.011	-0.005	0.495	-0.21	0.65	1.79	0.51	-1.11	-2.08	43684	0.015	-0.005	0.495	-0.061	-0.006	0.739
19.799	0.005	-0.006	0.495	-0.21	0.70	1.77	2.06	0.77	-1.96	43780	0.015	-0.005	0.494	-0.061	-0.006	0.740
19.809	0.005	-0.006	0.495	-0.19	0.69	1.75	2.62	2.01	-1.77	43864	0.016	-0.005	0.494	-0.062	-0.006	0.740
19.819	0.005	-0.012	0.494	-0.12	0.68	1.74	2.58	1.36	-1.92	43956	0.016	-0.006	0.493	-0.062	-0.007	0.740
19.828	0.009	-0.006	0.494	-0.14	0.64	1.71	2.20	1.38	-1.69	44053	0.016	-0.006	0.492	-0.063	-0.007	0.740
19.839	0.005	-0.013	0.493	-0.08	0.65	1.70	0.40	0.40	-2.22	44098	0.016	-0.007	0.492	-0.063	-0.007	0.740
19.849	0.004	0.015	0.493	-0.25	0.65	1.67	-0.87	-0.57	-2.81	44217	0.016	-0.005	0.491	-0.064	-0.006	0.740
19.855	0.004	0.019	0.492	-0.28	0.67	1.64	-2.51	-2.82	-1.34	44344	0.016	-0.002	0.490	-0.065	-0.005	0.740
19.870	0.004	0.019	0.492	-0.31	0.69	1.62	-3.81	-4.03	-1.44	44476	0.016	0.001	0.489	-0.065	-0.004	0.740
19.878	0.003	0.022	0.492	-0.36	0.74	1.61	-4.82	-3.12	-2.25	44607	0.015	0.003	0.489	-0.066	-0.003	0.741
19.888	0.003	0.022	0.491	-0.40	0.77	1.59	-3.10	-3.14	-2.14	44592	0.015	0.006	0.488	-0.066	-0.002	0.741
19.895	0.003	0.023	0.490	-0.43	0.80	1.56	-1.05	-2.30	-2.37	44716	0.015	0.008	0.487	-0.067	-0.001	0.741
19.906	0.005	0.018	0.490	-0.41	0.82	1.54	1.47	-1.78	-2.45	44839	0.015	0.009	0.486	-0.068	-0.001	0.741
19.919	0.004	0.019	0.489	-0.40	0.83	1.52	4.09	-1.66	-1.67	44955	0.015	0.011	0.485	-0.068	-0.001	0.742
19.929	0.007	0.012	0.486	-0.31	0.83	1.51	6.25	0.14	-1.63	45494	0.015	0.011	0.484	-0.069	-0.001	0.742
19.939	0.009	0.012	0.485	-0.25	0.82	1.49	8.85	1.98	-1.72	45632	0.016	0.011	0.482	-0.069	-0.000	0.742
19.947	0.010	0.006	0.484	-0.11	0.80	1.47	11.15	3.93	-2.15	45768	0.016	0.011	0.481	-0.069	-0.001	0.742
19.957	0.008	0.033	0.483	-0.17	0.77	1.44	11.46	4.36	-1.90	45921	0.016	0.014	0.480	-0.070	0.000	0.742
19.969	0.007	0.032	0.480	-0.04	0.73	1.43	10.95	4.12	-2.12	46070	0.016	0.016	0.478	-0.070	0.001	0.742
19.980	0.005	0.030	0.479	0.08	0.70	1.41	9.78	3.06	-1.60	46385	0.016	0.018	0.477	-0.071	0.002	0.743
19.987	0.006	0.025	0.478	0.22	0.67	1.40	9.93	2.65	-1.26	44401	0.016	0.019	0.476	-0.071	0.002	0.743
19.998	0.006	0.030	0.477	0.28	0.64	1.38	8.44	1.20	-1.37	44530	0.016	0.021	0.474	-0.072	0.003	0.743
20.008	0.002	0.049	0.475	0.25	0.65	1.36	7.12	0.71	-2.03	44638	0.015	0.024	0.473	-0.072	0.004	0.743
20.015	0.002	0.054	0.474	0.29	0.64	1.34	5.71	0.60	-2.15	44797	0.015	0.028	0.471	-0.073	0.005	0.743
20.028	0.004	0.051	0.472	0.38	0.62	1.32	5.99	-0.51	-1.50	44939	0.015	0.032	0.469	-0.073	0.006	0.744
20.038	0.004	0.052	0.471	0.44	0.63	1.30	5.82	-1.36	-1.60	45068	0.015	0.034	0.468	-0.074	0.007	0.744
20.048	0.004	0.043	0.470	0.56	0.64	1.29	5.72	-0.97	-1.20	45213	0.014	0.036	0.466	-0.075	0.007	0.744
20.059	0.004	0.044	0.470	0.61	0.65	1.28	6.60	-0.25	-0.89	45065	0.014	0.037	0.465	-0.075	0.008	0.745
20.071	0.004	0.069	0.468	0.53	0.65	1.26	8.50	1.42	-1.03	45196	0.014	0.041	0.463	-0.076	0.009	0.745
20.079	0.004	0.070	0.467	0.61	0.63	1.25	10.93	4.05	-0.89	45342	0.014	0.045	0.462	-0.076	0.010	0.745
20.088	0.003	0.075	0.465	0.70	0.60	1.25	11.28	6.03	-0.21	45488	0.014	0.049	0.460	-0.077	0.012	0.746
20.096	0.003	0.076	0.464	0.81	0.54	1.25	11.93	7.24	0.58	45625	0.013	0.053	0.459	-0.077	0.013	0.746
20.109	0.002	0.073	0.462	0.96	0.47	1.26	13.27	6.98	1.41	45738	0.013	0.056	0.457	-0.078	0.014	0.746
20.117	0.002	0.074	0.461	1.09	0.40	1.27	13.02	7.15	0.76	45886	0.012	0.059	0.456	-0.078	0.014	0.747
20.129	-0.003	0.088	0.459	1.14	0.35	1.28	13.35	5.05	2.36	46020	0.012	0.063	0.454	-0.079	0.016	0.747
20.138	-0.002	0.087	0.457	1.30	0.29	1.31	12.81	3.82	2.57	46179	0.011	0.066	0.452	-0.080	0.017	0.748
20.146	-0.001	0.088	0.456	1.43	0.26	1.34	11.03	1.94	3.56	46264	0.010	0.069	0.451	-0.080	0.018	0.748
20.156	-0.001	0.084	0.454	1.57	0.24	1.38	8.46	0.95	4.31	46397	0.010	0.072	0.449	-0.081	0.018	0.748
20.172	-0.001	0.085	0.452	1.66	0.23	1.43	6.79	0.92	4.79	46386	0.009	0.074	0.447	-0.081	0.019	0.749
20.178	-0.001	0.086	0.450	1.72	0.22	1.48	5.52	0.42	4.36	46539	0.009	0.076	0.446	-0.082	0.019	0.749
20.189	-0.002	0.086	0.450	1.77	0.22	1.52	4.44	0.12	4.70	46684	0.008	0.078	0.444	-0.082	0.020	0.749
20.196	-0.002	0.089	0.448	1.80	0.22	1.57	2.83	-0.95	4.19	44423	0.008	0.080	0.443	-0.083	0.020	0.750
20.207	-0.001	0.090	0.447	1.82	0.23	1.61	2.37	-0.94	4.56	44533	0.008	0.081	0.441	-0.083	0.021	0.750
20.219	-0.002	0.090	0.445	1.85	0.24	1.66	3.73	-2.05	4.20	44638	0.007	0.083	0.439	-0.084	0.021	0.751
20.228	0.000	0.089	0.441	1.90	0.25	1.70	3.59	-1.67	4.63	44723	0.007	0.084	0.437	-0.084	0.021	0.751
20.238	-0.002	0.092	0.440	1.92	0.29	1.74	3.78	-3.82	5.22	45150	0.007	0.086	0.435	-0.084	0.022	0.751
20.246	-0.002	0.093	0.438	1.95	0.32	1.79	4.20	-3.68	5.81	45270	0.006	0.087	0.433	-0.085	0.022	0.752
20.259	-0.003	0.093	0.436	1.99	0.36	1.85	3.66	-2.91	4.97	45383	0.006	0.088	0.431	-0.085	0.022	0.752
20.269	-0.003	0.094	0.434	2.03	0.38	1.90	2.93	-0.69	4.73	45502	0.006	0.090	0.429	-0.086	0.022	0.752
20.279	-0.003	0.095	0.430	2.06	0.39	1.95	3.28	0.16	5.67	45939	0.005	0.091	0.427	-0.086	0.023	0.753
20.288	-0.003	0.100	0.428	2.05	0.37	2.00	0.78	2.07	5.17	46060	0.005	0.092	0.424	-0.087	0.023	0.753
20.298	-0.002	0.102	0.426	2.04	0.34	2.05	-2.43	3.88	4.33	46192	0.005	0.094	0.422	-0.087	0.023	0.753
20.309	-0.005	0.102	0.424	2.00	0.31	2.10	-4.83	4.50	3.95	46330	0.004	0.095	0.420	-0.087	0.024	0.754
20.319	-0.005	0.102	0.423	1.95	0.27	2.14	-6.85	4.49	3.53	46455	0.004	0.096	0.418	-0.088	0.024	0.754
20.326	-0.005	0.103	0.421	1.87	0.23	2.17	-8.25	3.44	3.03	46345	0.003	0.098	0.416	-0.088	0.024	0.755
20.338	-0.007	0.104	0.419	1.78	0.21	2.20	-9.53	0.51	2.54	46476	0.003	0.099	0.414	-0.089	0.024	0.755
20.349	-0.010	0.103	0.417	1.69	0.23	2.23	-9.18	-1.30	2.00	46589	0.002	0.100	0.412	-0.089	0.025	0.755
20.356	-0.010	0.100	0.415	1.62	0.25	2.25	-8.46	-2.66	1.47	46708	0.001	0.100	0.410	-0.090	0.025	0.756
20.368	-0.010	0.098	0.413	1.56	0.27	2.26	-7.96	-2.17	0.29	46762	0.000	0.100	0.408	-0.090	0.025	0.756
20.380	-0.010	0.098	0.411	1.49	0.29	2.26	-6.20	-2.41	-1.33	46879	-0.000	0.100	0.406	-0.091	0.024	0.757
20.388	-0.008	0.093	0.409	1.47	0.31	2.24	-4.82	-2.13	-2.12	46997	-0.001	0.099	0.404	-0.091	0.024	0.757
20.399	-0.008	0.097	0.407	1.40	0.31	2.22	-3.66	-0.66	-2.41	47111	-0.001	0.099	0.402	-0.092	0.024	0.758
20.408	-0.007	0.094	0.403	1.38	0.31	2.18	-3.86	0.92	-4.12	45152	-0.001	0.099	0.399	-0.092	0.024	0.758
20.418	-0.008	0.098	0.401	1.32	0.30	2.14	-3.04	2.69	-4.98	45676	-0.002	0.099	0.397	-0.092	0.024	0.758
20.429	-0.009	0.098	0.398	1.29	0.27	2.09	-2.99	2.56	-4.27	45783	-0.002	0.099	0.395	-0.093	0.024	0.758
20.439	-0.009	0.098	0.396	1.26	0.24	2.04	-3.79	4.29	-6.38	45883	-0.003	0.099	0.392	-0.093	0.024	0.759
20.449	-0.009	0.098	0.395	1.22	0.19	1.97	-4.36	4.60	-7.38	45999	-0.003	0.099	0.390	-0.093	0.024	0.759
20.459	-0.010	0.099	0.393	1.17	0.15	1.90	-5.58	4.80	-7.59	45954	-0.003	0.099	0.388	-0.094	0.024	0.759
20.465	-0.009	0.107	0.390	1.06	0.09	1.82	-5.53	4.13	-6.48	46052	-0.004	0.100	0.386	-0.094	0.024	0.760
20.483	-0.008	0.098	0.388	1.07	0.03	1.76	-6.65	6.02	-8.13	46162	-0.004	0.100	0.383	-0.094	0.024	0.760
20.500	-0.006	0.097	0.386	1.01	-0.04	1.68	-5.72	6.68	-7.78	46288	-0.004	0.100	0.381	-0.094	0.024	0.760
20.502	-0.005	0.113	0.383	0.84	-0.14	1.58	-5.31	7.73	-8.51	46467	-0.004	0.102	0.379	-0.094	0.024	0.761
20.510	-0.006	0.114	0.381	0.78	-0.22	1.50	-4.53	8.80	-9.56	46593	-0.004	0.103	0.376	-0.094	0.025	0.761
20.518	-0.004	0.100	0.379	0.84	-0.30	1.41	-2.36	6.53	-9.42	46730	-0.003	0.103	0.374	-0.094	0.025	0.762
20.528	-0.003	0.099	0.377	0.82	-0.38	1.31	-2.67	6.43	-10.86	46850	-0.003	0.102	0.372	-0.094	0.025	0.762
20.539	-0.002	0.101	0.374	0.80	-0.44	1.21	1.06	3.87	-9.65	46961	-0.003	0.102	0.370	-0.094	0.024	0.762
20.548	-0.002	0.114	0.372	0.72	-0.48	1.10	1.78	3.03	-9.88	47185	-0.002	0.104	0.367	-0.094	0.025	0.763
20.556	-0.005	0.143	0.369	0.53	-0.49	0.99	0.65	1.92	-9.68	47313	-0.002	0.109	0.365	-0.094	0.027	0.763
20.566	-0.006	0.143	0.367	0.53	-0.50	0.88	-1.24	1.77	-10.36	47442	-0.002	0.113	0.363	-0.095	0.028	0.763
20.582	-0.006	0.143	0.365	0.53	-0.52	0.79	-0.97	0.81	-10.40	47561	-0.003	0.117	0.360	-0.095	0.030	0.763
20.589	-0.006	0.141	0.365	0.53	-0.53	0.68	-0.36	0.74	-10.24	47288	-0.003	0.120	0.359	-0.095	0.031	0.764
20.598	-0.007	0.140	0.362	0.55	-0.53	0.59	2.11	-0.44	-9.18	47391	-0.003	0.122	0.357	-0.095	0.032	0.764
20.608	-0.008	0.141	0.360	0.59	-0.52	0.50	5.07	-0.42	-9.34	47478	-0.004	0.125	0.355	-0.095	0.032	0.765
20.619	-0.008	0.141	0.358	0.64	-0.52	0.40	6.43	0.48	-9.35	45455	-0.004	0.127	0.353	-0.096	0.033	0.765
20.625	-0.008	0.142	0.355	0.71	-0.53	0.31	7.70	0.43	-8.99	45539	-0.004	0.129	0.351	-0.096	0.034	0.765
20.636	-0.008	0.142	0.352	0.79	-0.54	0.21	7.71	1.57	-9.89	45845	-0.005	0.131	0.349	-0.096	0.034	0.766
20.648	-0.008	0.142	0.350	0.86	-0.55	0.12	7.10	0.47	-8.86	45931	-0.005	0.133	0.346	-0.096	0.035	0.766
20.659	-0.009	0.136	0.348	0.98	-0.54	0.04	4.52	1.13	-8.94	46032	-0.005	0.133	0.344	-0.096	0.035	0.766
20.665	-0.011	0.140	0.345	0.98	-0.54	-0.05	1.78	1.13	-8.20	46148	-0.006	0.134	0.342	-0.097	0.035	0.767
20.676	-0.007	0.135	0.343	1.03	-0.59	-0.12	-0.93	2.07	-7.82	46326	-0.006	0.135	0.339	-0.097	0.035	0.767
20.689	-0.010	0.140	0.341	0.97	-0.59	-0.20	-3.61	3.44	-7.13	46450	-0.007	0.136	0.337	-0.097	0.035	0.767
20.698	-0.011	0.136	0.339	0.96	-0.62	-0.26	-5.81	3.63	-6.51	46570	-0.007	0.136	0.335	-0.097	0.035	0.767
20.709	-0.010	0.138	0.336	0.88	-0.67	-0.32	-6.86	4.97	-6.26	46692	-0.008	0.136	0.333	-0.097	0.036	0.768
20.715	-0.009	0.137	0.334	0.82	-0.72	-0.39	-6.19	4.39	-6.63	46769	-0.008	0.137	0.330	-0.097	0.036	0.768
20.726	-0.007	0.136	0.332	0.78	-0.78	-0.45	-3.47	3.18	-5.90	46898	-0.008	0.137	0.328	-0.097	0.036	0.768
20.736	-0.009	0.137	0.330	0.75	-0.80	-0.51	-1.12	3.39	-6.52	47012	-0.008	0.137	0.326	-0.097	0.036	0.769
20.748	-0.008	0.140	0.327	0.73	-0.83	-0.58	1.87	2.61	-6.91	47110	-0.008	0.138	0.324	-0.097	0.036	0.769
20.756	-0.008	0.136	0.325	0.80	-0.85	-0.63	6.03	0.62	-5.58	47222	-0.008	0.138	0.321	-0.097	0.036	0.769
20.767	-0.008	0.137	0.323	0.86	-0.85	-0.69	7.71	-0.36	-5.96	47355	-0.009	0.138	0.319	-0.097	0.036	0.769
20.778	-0.008	0.133	0.321	0.96	-0.84	-0.75	7.03	-0.67	-6.96	47473	-0.009	0.137	0.317	-0.097	0.035	0.770
20.784	-0.008	0.133	0.318	1.04	-0.83	-0.81	7.70	-1.94	-6.45	47584	-0.009	0.137	0.315	-0.097	0.035	0.770
20.798	-0.009	0.148	0.316	0.99	-0.79	-0.89	5.75	-4.28	-5.86	47710	-0.009	0.138	0.313	-0.097	0.036	0.770
20.808	-0.009	0.161	0.314	0.92	-0.75	-0.97	2.81	-4.48	-6.26	47826	-0.009	0.141	0.311	-0.097	0.037	0.770
20.818	-0.009	0.161	0.311	0.93	-0.70	-1.04	-1.14	-5.42	-6.20	47930	-0.010	0.144	0.308	-0.097	0.037	0.771
20.829	-0.008	0.161	0.309	0.90	-0.65	-1.10	-4.66	-5.71	-6.20	45888	-0.010	0.146	0.306	-0.097	0.038	0.771
20.834	-0.009	0.159	0.307	0.87	-0.59	-1.16	-6.54	-4.16	-6.96	45975	-0.010	0.148	0.304	-0.097	0.039	0.771
20.848	-0.007	0.158	0.304	0.82	-0.57	-1.22	-5.50	-4.47	-6.48	46062	-0.010	0.149	0.302	-0.097	0.039	0.771
20.903	-0.008	0.157	0.301	0.79	-0.51	-1.29	-4.56	-3.82	-7.46	46281	-0.010	0.150	0.300	-0.097	0.039	0.771
20.907	-0.007	0.154	0.299	0.78	-0.48	-1.37	-0.69	-4.10	-7.77	46371	-0.010	0.151	0.297	-0.097	0.040	0.772
20.907	-0.007	0.154	0.297	0.79	-0.45	-1.45	2.55	-3.41	-8.18	46464	-0.010	0.152	0.295	-0.096	0.040	0.772
20.915	-0.006	0.154	0.296	0.84	-0.42	-1.53	4.50	-3.68	-7.99	46565	-0.010	0.152	0.293	-0.096	0.040	0.772
20.919	-0.006	0.154	0.293	0.89	-0.39	-1.61	5.36	-2.68	-8.08	46480	-0.010	0.152	0.291	-0.096	0.040	0.772
20.919	-0.006	0.154	0.291	0.94	-0.36	-1.69	5.40	-2.29	-8.10	46578	-0.009	0.153	0.288	-0.096	0.040	0.772
20.925	-0.002	0.153	0.289	1.00	-0.38	-1.77	5.86	-0.70	-8.54	46668	-0.009	0.153	0.286	-0.096	0.040	0.773
20.928	-0.005	0.150	0.287	1.09	-0.35	-1.85	4.77	0.89	-8.07	46774	-0.009	0.153	0.284	-0.095	0.040	0.773
20.941	-0.005	0.153	0.285	1.09	-0.37	-1.93	2.85	2.38	-7.36	46710	-0.009	0.153	0.282	-0.095	0.040	0.773
20.947	-0.005	0.153	0.283	1.11	-0.40	-2.00	-0.13	4.95	-7.56	46802	-0.009	0.153	0.280	-0.095	0.040	0.773
20.958	0.003	0.135	0.281	1.29	-0.54	-2.04	-2.47	7.00	-7.02	46898	-0.008	0.151	0.278	-0.094	0.039	0.774
20.967	0.004	0.135	0.279	1.25	-0.62	-2.11	-4.31	8.07	-6.77	46992	-0.007	0.149	0.276	-0.094	0.038	0.774
20.978	0.004	0.137	0.276	1.18	-0.71	-2.18	-3.27	8.39	-6.67	47088	-0.006	0.148	0.274	-0.093	0.038	0.774
20.992	0.008	0.130	0.274	1.20	-0.84	-2.24	-5.82	8.87	-6.85	47305	-0.005	0.146	0.271	-0.093	0.037	0.774
20.998	0.008	0.129	0.272	1.14	-0.92	-2.30	-6.72	6.90	-6.27	47393	-0.003	0.144	0.269	-0.092	0.036	0.774
21.008	0.009	0.129	0.269	1.07	-0.98	-2.36	-7.38	4.21	-5.84	47480	-0.002	0.142	0.267	-0.092	0.036	0.774
21.018	0.009	0.126	0.267	1.03	-1.01	-2.41	-7.90	0.97	-5.74	47571	-0.002	0.140	0.265	-0.091	0.035	0.775
21.028	0.008	0.123	0.265	0.97	-0.99	-2.46	-7.78	-2.16	-5.18	47679	-0.001	0.138	0.263	-0.091	0.034	0.775
21.036	0.008	0.124	0.263	0.87	-0.94	-2.52	-9.28	-5.74	-4.78	45621	-0.000	0.136	0.261	-0.090	0.033	0.775
21.047	0.009	0.119	0.261	0.82	-0.86	-2.56	-9.96	-10.33	-4.52	45672	0.000	0.134	0.259	-0.090	0.033	0.775
21.057	0.010	0.116	0.258	0.75	-0.76	-2.60	-10.63	-12.53	-4.51	45728	0.001	0.131	0.257	-0.089	0.032	0.775
21.067	0.009	0.118	0.255	0.61	-0.61	-2.65	-10.84	-14.90	-4.74	45803	0.002	0.129	0.254	-0.089	0.031	0.775
21.078	0.009	0.118	0.253	0.49	-0.45	-2.69	-10.75	-15.43	-4.21	46136	0.002	0.128	0.252	-0.089	0.031	0.775
21.087	0.012	0.119	0.251	0.36	-0.33	-2.73	-11.07	-15.12	-2.66	46227	0.003	0.126	0.249	-0.088	0.030	0.775
21.100	0.013	0.120	0.248	0.22	-0.18	-2.76	-12.23	-13.73	-2.66	46317	0.004	0.125	0.247	-0.088	0.030	0.776
21.108	0.015	0.110	0.246	0.22	-0.08	-2.77	-12.53	-9.61	-3.65	46410	0.005	0.123	0.245	-0.087	0.030	0.776
21.117	0.015	0.111	0.245	0.05	0.01	-2.81	-13.35	-7.69	-2.45	46323	0.006	0.121	0.243	-0.087	0.029	0.776
21.127	0.015	0.112	0.243	-0.11	0.08	-2.84	-14.77	-4.78	-3.36	46437	0.006	0.120	0.240	-0.086	0.029	0.776
21.138	0.017	0.110	0.241	-0.23	0.12	-2.87	-13.18	-4.21	-2.26	46545	0.007	0.118	0.238	-0.086	0.028	0.776
21.147	0.017	0.111	0.239	-0.40	0.16	-2.90	-13.79	-4.20	-1.86	46663	0.008	0.117	0.236	-0.085	0.028	0.776
21.158	0.018	0.108	0.237	-0.50	0.19	-2.91	-14.21	-2.05	-2.46	46757	0.009	0.116	0.234	-0.085	0.027	0.777
21.168	0.019	0.107	0.234	-0.64	0.22	-2.93	-14.87	-3.17	-1.67	46890	0.010	0.114	0.232	-0.084	0.027	0.777
21.176	0.020	0.107	0.232	-0.80	0.25	-2.94	-13.76	-4.79	0.10	47021	0.011	0.113	0.230	-0.084	0.027	0.777
21.188	0.019	0.107	0.230	-0.94	0.32	-2.95	-13.38	-4.99	0.34	47139	0.011	0.112	0.228	-0.083	0.027	0.777
21.200	0.020	0.107	0.228	-1.09	0.36	-2.94	-12.85	-5.38	2.05	47243	0.012	0.111	0.226	-0.083	0.026	0.777
21.205	0.020	0.107	0.225	-1.23	0.41	-2.92	-12.03	-4.33	2.69	47419	0.013	0.110	0.223	-0.083	0.026	0.777
21.218	0.021	0.104	0.223	-1.31	0.45	-2.88	-11.34	-3.73	3.33	47539	0.013	0.109	0.221	-0.082	0.026	0.778
21.226	0.022	0.104	0.221	-1.42	0.50	-2.84	-7.34	-4.85	4.46	47646	0.014	0.108	0.219	-0.082	0.026	0.778
21.238	0.021	0.104	0.219	-1.49	0.56	-2.79	-4.81	-4.36	4.55	47735	0.015	0.107	0.217	-0.081	0.026	0.778
21.247	0.021	0.102	0.217	-1.49	0.61	-2.74	-0.61	-4.06	6.19	45776	0.015	0.106	0.215	-0.081	0.025	0.778
21.258	0.022	0.102	0.214	-1.51	0.66	-2.67	2.05	-5.04	7.13	45863	0.016	0.106	0.213	-0.081	0.025	0.778
21.268	0.024	0.100	0.212	-1.46	0.68	-2.59	4.12	-4.59	7.19	45943	0.016	0.105	0.211	-0.080	0.025	0.778
21.276	0.024	0.100	0.210	-1.42	0.71	-2.52	5.57	-4.36	6.76	46029	0.017	0.104	0.209	-0.080	0.025	0.778
21.288	0.026	0.099	0.206	-1.35	0.74	-2.45	5.75	-3.57	6.66	46109	0.018	0.103	0.206	-0.080	0.024	0.778
21.300	0.026	0.098	0.204	-1.30	0.77	-2.38	6.16	-2.58	6.87	46556	0.019	0.102	0.204	-0.079	0.024	0.778
21.304	0.027	0.098	0.201	-1.24	0.79	-2.31	5.44	-0.93	6.91	46676	0.019	0.102	0.201	-0.079	0.024	0.778
21.318	0.027	0.098	0.199	-1.19	0.79	-2.24	5.22	0.84	7.64	46807	0.020	0.101	0.199	-0.079	0.024	0.778
21.328	0.028	0.097	0.197	-1.13	0.77	-2.16	3.84	2.21	8.29	46922	0.021	0.100	0.196	-0.078	0.024	0.778
21.339	0.029	0.095	0.195	-1.09	0.72	-2.07	1.72	3.11	8.81	47023	0.022	0.100	0.194	-0.078	0.024	0.778
21.348	0.027	0.096	0.192	-1.09	0.77	-2.00	2.00	3.33	9.63	47160	0.022	0.099	0.192	-0.078	0.023	0.778
21.363	0.024	0.095	0.190	-1.08	0.81	-1.92	-0.74	2.30	9.61	47291	0.022	0.098	0.189	-0.078	0.023	0.778
21.371	0.024	0.092	0.188	-1.02	0.79	-1.82	0.54	2.38	9.67	47415	0.022	0.098	0.187	-0.077	0.023	0.779
21.393	0.024	0.092	0.184	-1.04	0.77	-1.72	0.12	1.38	9.03	47799	0.022	0.097	0.185	-0.077	0.023	0.778
21.408	0.025	0.092	0.181	-1.05	0.75	-1.64	-0.32	0.73	8.64	47925	0.022	0.096	0.182	-0.077	0.022	0.778
21.413	0.025	0.092	0.179	-1.05	0.74	-1.55	1.64	0.58	8.06	48045	0.023	0.096	0.180	-0.077	0.022	0.778
21.418	0.026	0.091	0.177	-1.02	0.73	-1.47	0.79	-0.64	7.50	48154	0.023	0.095	0.177	-0.077	0.022	0.778
21.423	0.026	0.090	0.175	-1.01	0.74	-1.40	1.61	-1.02	6.25	48263	0.023	0.094	0.175	-0.077	0.022	0.778
21.428	0.026	0.091	0.173	-1.02	0.75	-1.35	2.77	-2.97	4.95	48184	0.023	0.094	0.173	-0.077	0.022	0.778
21.441	0.026	0.090	0.171	-0.98	0.79	-1.30	4.11	-4.35	4.21	48288	0.024	0.093	0.171	-0.077	0.021	0.778
21.451	0.026	0.091	0.168	-0.97	0.83	-1.26	4.70	-3.70	3.19	48373	0.024	0.093	0.169	-0.076	0.021	0.778
21.459	0.026	0.088	0.166	-0.84	0.88	-1.24	4.84	-2.30	2.86	46322	0.024	0.093	0.167	-0.076	0.021	0.778
21.468	0.026	0.086	0.164	-0.71	0.88	-1.21	5.68	-1.91	3.15	46323	0.024	0.092	0.165	-0.076	0.021	0.778
21.477	0.027	0.086	0.162	-0.68	0.88	-1.17	5.31	1.15	2.90	46379	0.024	0.091	0.163	-0.076	0.021	0.778
21.486	0.027	0.085	0.160	-0.62	0.83	-1.13	5.51	3.06	3.57	46422	0.025	0.090	0.161	-0.076	0.020	0.778
21.498	0.028	0.085	0.158	-0.59	0.79	-1.09	3.98	5.86	3.20	46479	0.025	0.090	0.158	-0.076	0.020	0.778
21.507	0.028	0.086	0.156	-0.60	0.72	-1.06	4.33	8.37	3.18	46553	0.025	0.089	0.156	-0.076	0.020	0.778
21.518	0.028	0.086	0.153	-0.57	0.61	-1.03	4.40	9.22	2.75	46606	0.026	0.089	0.154	-0.076	0.020	0.778
21.529	0.029	0.086	0.151	-0.55	0.52	-1.00	3.78	8.91	1.67	46682	0.026	0.089	0.152	-0.075	0.020	0.778
21.539	0.029	0.086	0.149	-0.55	0.43	-0.98	1.83	8.65	0.56	46752	0.026	0.088	0.150	-0.075	0.020	0.778
21.550	0.031	0.085	0.146	-0.48	0.24	-0.96	-0.18	8.39	-1.13	46832	0.027	0.088	0.148	-0.075	0.019	0.778
21.557	0.031	0.085	0.144	-0.49	0.15	-0.96	-1.94	4.11	-1.32	47075	0.027	0.088	0.145	-0.075	0.019	0.778
21.587	0.032	0.085	0.142	-0.51	0.12	-0.98	-2.18	0.01	-1.12	47165	0.028	0.087	0.143	-0.075	0.019	0.777
21.613	0.032	0.085	0.140	-0.56	0.12	-0.97	-1.99	-3.63	-0.63	47251	0.028	0.087	0.141	-0.075	0.019	0.777
21.624	0.033	0.085	0.138	-0.61	0.18	-0.98	-1.33	-7.26	-0.33	47345	0.029	0.087	0.139	-0.074	0.019	0.777
21.628	0.034	0.084	0.135	-0.52	0.19	-0.96	-1.42	-10.89	0.50	47543	0.029	0.087	0.137	-0.074	0.019	0.777
21.629	0.034	0.084	0.133	-0.54	0.31	-0.95	0.44	-13.11	1.65	47624	0.030	0.086	0.134	-0.074	0.019	0.777
21.635	0.035	0.084	0.130	-0.54	0.42	-0.92	1.68	-13.81	2.85	47690	0.030	0.086	0.132	-0.074	0.019	0.777
21.638	0.035	0.083	0.128	-0.51	0.56	-0.89	3.69	-13.13	3.16	47763	0.031	0.086	0.130	-0.073	0.018	0.777
21.641	0.036	0.083	0.126	-0.49	0.69	-0.85	6.31	-12.68	3.79	47831	0.032	0.086	0.128	-0.073	0.018	0.777
21.644	0.036	0.083	0.124	-0.42	0.80	-0.82	8.13	-9.92	3.59	47978	0.032	0.086	0.126	-0.073	0.018	0.776
21.655	0.037	0.083	0.122	-0.36	0.86	-0.77	9.76	-8.36	4.08	48029	0.033	0.085	0.124	-0.073	0.018	0.776
21.667	0.037	0.083	0.119	-0.29	0.94	-0.73	9.65	-4.99	4.38	45977	0.033	0.085	0.122	-0.073	0.018	0.776
21.678	0.038	0.083	0.117	-0.20	0.99	-0.67	7.93	-5.33	6.52	46003	0.034	0.085	0.120	-0.073	0.018	0.776
21.688	0.038	0.083	0.120	-0.15	1.01	-0.60	5.17	-2.97	6.13	45147	0.035	0.085	0.118	-0.072	0.018	0.776
21.694	0.038	0.083	0.119	-0.13	1.01	-0.52	4.49	-2.46	8.26	45145	0.035	0.085	0.117	-0.072	0.018	0.776
21.705	0.039	0.083	0.117	-0.09	1.03	-0.43	2.51	-1.33	9.07	45150	0.036	0.085	0.115	-0.072	0.018	0.776
21.717	0.039	0.083	0.115	-0.11	1.01	-0.32	1.10	1.61	9.72	45189	0.036	0.085	0.114	-0.072	0.017	0.776
21.728	0.040	0.083	0.115	-0.15	1.00	-0.22	-1.95	3.51	10.80	45250	0.037	0.085	0.113	-0.072	0.017	0.777
21.736	0.041	0.083	0.114	-0.22	0.99	-0.10	-0.59	5.60	12.52	44968	0.037	0.085	0.111	-0.072	0.017	0.777
21.748	0.041	0.083	0.112	-0.23	0.92	0.02	0.38	6.98	13.87	45005	0.038	0.084	0.110	-0.071	0.017	0.777
21.757	0.041	0.083	0.111	-0.23	0.85	0.17	1.52	6.14	14.80	45031	0.039	0.084	0.108	-0.071	0.017	0.777
21.768	0.042	0.083	0.109	-0.22	0.79	0.32	0.87	4.07	15.74	45075	0.039	0.084	0.107	-0.071	0.017	0.777
21.779	0.042	0.083	0.105	-0.22	0.76	0.49	1.36	-0.83	16.46	45495	0.040	0.084	0.105	-0.071	0.017	0.777
21.789	0.042	0.084	0.104	-0.20	0.79	0.65	2.12	-3.64	17.05	45576	0.040	0.084	0.103	-0.071	0.017	0.778
21.798	0.044	0.085	0.102	-0.05	0.97	0.78	3.28	-4.64	16.82	45663	0.041	0.085	0.101	-0.071	0.017	0.778
21.812	0.044	0.085	0.100	-0.01	1.00	0.95	5.34	-6.58	17.67	45723	0.041	0.085	0.099	-0.071	0.017	0.778
21.814	0.044	0.085	0.098	0.06	1.05	1.13	7.37	-6.70	17.74	45920	0.042	0.085	0.097	-0.071	0.017	0.778
21.827	0.044	0.085	0.096	0.14	1.10	1.31	8.71	-3.57	17.88	46013	0.042	0.085	0.095	-0.070	0.017	0.778
21.836	0.044	0.085	0.095	0.19	1.09	1.50	8.17	1.73	17.61	46105	0.043	0.085	0.093	-0.070	0.017	0.778
21.847	0.044	0.085	0.093	0.26	1.03	1.67	5.85	6.07	16.97	46210	0.043	0.086	0.091	-0.070	0.017	0.778
