t	x	y	z	roll	pitch	yaw	g_x	g_y	g_z	thrust	eso_x	eso_y	eso_z	dist_x	dist_y	dist_z
0.025	-0.196	0.007	0.000	-0.03	1.84	-5.69	0.13	0.10	-0.02	0	-0.196	0.007	0.000	0.000	-0.000	-0.000
0.032	-0.196	0.008	0.000	-0.06	1.85	-5.70	-0.04	0.02	-0.01	0	-0.196	0.007	-0.001	-0.000	0.000	0.000
0.032	-0.197	0.009	0.000	-0.11	1.87	-5.70	0.11	-0.21	0.25	0	-0.196	0.008	-0.002	-0.000	0.000	0.000
0.054	-0.197	0.009	0.000	-0.11	1.87	-5.70	-0.02	0.04	-0.04	0	-0.196	0.008	-0.004	-0.000	0.000	0.001
0.063	-0.197	0.009	0.000	-0.11	1.91	-5.70	0.08	-0.07	-0.02	0	-0.196	0.008	-0.007	-0.000	0.000	0.001
0.075	-0.197	0.008	0.000	-0.07	1.90	-5.68	0.02	0.07	-0.07	0	-0.196	0.008	-0.010	-0.000	0.000	0.002
0.087	-0.197	0.009	0.000	-0.10	1.90	-5.68	-0.01	-0.01	0.19	0	-0.197	0.008	-0.013	-0.000	0.000	0.003
0.096	-0.196	0.008	0.000	-0.07	1.86	-5.67	0.17	0.03	0.06	0	-0.197	0.008	-0.016	-0.000	0.000	0.004
0.101	-0.197	0.009	0.000	-0.09	1.87	-5.67	0.10	0.13	-0.00	0	-0.197	0.008	-0.020	-0.000	0.000	0.006
0.110	-0.197	0.009	0.000	-0.10	1.89	-5.67	-0.03	-0.06	0.04	0	-0.197	0.008	-0.024	-0.000	0.000	0.007
0.124	-0.197	0.008	0.000	-0.07	1.89	-5.65	0.14	0.04	0.03	0	-0.197	0.008	-0.028	-0.000	0.000	0.010
0.152	-0.197	0.009	0.000	-0.10	1.90	-5.66	0.08	0.13	0.04	0	-0.197	0.009	-0.032	-0.000	0.001	0.012
0.160	-0.196	0.008	0.000	-0.06	1.86	-5.64	0.24	-0.14	-0.03	0	-0.197	0.008	-0.036	-0.000	0.000	0.015
0.160	-0.196	0.010	0.000	-0.16	1.88	-5.65	0.22	-0.01	-0.13	0	-0.197	0.009	-0.041	-0.000	0.001	0.018
0.169	-0.197	0.009	0.000	-0.09	1.88	-5.63	-0.00	0.02	-0.14	0	-0.197	0.009	-0.045	-0.000	0.001	0.021
0.175	-0.197	0.008	0.000	-0.06	1.88	-5.62	0.14	-0.26	-0.18	0	-0.197	0.009	-0.049	-0.000	0.001	0.025
0.187	-0.198	0.008	0.000	-0.05	1.93	-5.62	0.23	-0.02	0.13	0	-0.197	0.009	-0.053	-0.000	0.001	0.029
0.194	-0.198	0.008	0.000	-0.05	1.93	-5.62	0.14	-0.12	-0.03	0	-0.197	0.009	-0.058	-0.000	0.001	0.033
0.205	-0.200	0.004	0.000	0.13	2.01	-5.59	-0.11	0.20	-0.01	0	-0.197	0.008	-0.062	-0.001	0.000	0.038
0.214	-0.199	0.003	0.000	0.17	1.98	-5.57	0.18	-0.24	-0.01	0	-0.198	0.007	-0.066	-0.001	-0.000	0.043
0.219	-0.197	0.006	0.000	0.02	1.86	-5.58	0.44	0.02	0.08	0	-0.197	0.007	-0.071	-0.001	-0.000	0.049
0.235	-0.197	0.006	0.000	-0.00	1.89	-5.58	-0.01	-0.20	0.18	0	-0.197	0.007	-0.075	-0.001	-0.000	0.054
0.244	-0.197	0.007	0.000	-0.04	1.88	-5.58	0.02	-0.13	-0.09	0	-0.197	0.007	-0.079	-0.001	-0.000	0.060
0.253	-0.196	0.006	0.000	0.00	1.83	-5.57	0.03	-0.04	0.17	0	-0.197	0.007	-0.083	-0.001	-0.000	0.067
0.267	-0.197	0.006	0.000	-0.01	1.90	-5.57	0.00	-0.03	0.02	0	-0.197	0.007	-0.087	-0.001	-0.000	0.073
0.274	-0.197	0.007	0.000	-0.04	1.90	-5.57	0.09	-0.14	0.27	0	-0.197	0.007	-0.091	-0.001	-0.000	0.080
0.284	-0.197	0.006	0.000	0.01	1.86	-5.55	0.22	-0.45	-0.07	0	-0.197	0.007	-0.095	-0.001	-0.000	0.087
0.294	-0.198	0.006	0.000	0.00	1.95	-5.56	0.09	-0.40	0.16	0	-0.197	0.007	-0.099	-0.001	-0.000	0.095
0.303	-0.199	0.006	0.000	-0.01	1.96	-5.55	0.18	-0.17	-0.02	0	-0.198	0.007	-0.103	-0.001	-0.000	0.103
0.312	-0.199	0.008	0.000	-0.08	1.96	-5.56	0.10	0.16	-0.14	0	-0.198	0.007	-0.107	-0.001	-0.000	0.111
0.326	-0.197	0.008	0.000	-0.08	1.87	-5.55	0.30	0.11	-0.03	0	-0.198	0.007	-0.111	-0.001	-0.000	0.119
0.335	-0.198	0.008	0.000	-0.08	1.91	-5.55	0.10	-0.13	0.29	0	-0.198	0.007	-0.115	-0.001	-0.000	0.128
0.344	-0.197	0.008	0.000	-0.10	1.87	-5.54	0.17	-0.31	-0.11	0	-0.197	0.007	-0.119	-0.001	-0.000	0.137
0.354	-0.196	0.008	0.000	-0.10	1.87	-5.53	0.19	0.01	0.19	0	-0.197	0.007	-0.123	-0.001	-0.000	0.147
0.368	-0.196	0.008	0.000	-0.08	1.87	-5.53	0.12	-0.01	-0.09	0	-0.197	0.007	-0.127	-0.000	-0.000	0.156
0.374	-0.196	0.010	0.000	-0.17	1.87	-5.53	-0.09	0.03	-0.08	0	-0.197	0.008	-0.130	-0.000	0.000	0.166
0.384	-0.197	0.007	0.000	-0.04	1.89	-5.51	0.07	-0.07	0.05	0	-0.197	0.008	-0.134	-0.000	0.000	0.176
0.396	-0.196	0.009	0.000	-0.11	1.88	-5.52	0.22	0.10	0.19	0	-0.197	0.008	-0.137	-0.000	0.000	0.187
0.404	-0.196	0.008	0.000	-0.07	1.88	-5.50	0.22	0.02	-0.11	0	-0.197	0.008	-0.141	-0.000	0.000	0.197
0.414	-0.196	0.007	0.000	-0.03	1.86	-5.49	0.12	0.12	0.01	0	-0.197	0.008	-0.145	-0.000	0.000	0.208
0.420	-0.198	0.008	0.000	-0.06	1.93	-5.50	0.03	-0.32	-0.20	0	-0.197	0.008	-0.148	-0.000	0.000	0.220
0.436	-0.196	0.008	0.000	-0.08	1.89	-5.49	0.03	0.01	-0.12	0	-0.197	0.008	-0.151	-0.000	0.000	0.231
0.445	-0.197	0.008	0.000	-0.06	1.93	-5.49	-0.05	0.16	0.05	0	-0.197	0.008	-0.155	-0.000	0.000	0.243
0.454	-0.198	0.008	0.000	-0.06	1.94	-5.48	0.29	-0.13	-0.08	0	-0.197	0.008	-0.158	-0.000	0.000	0.255
0.469	-0.197	0.007	0.000	-0.04	1.90	-5.47	-0.08	-0.06	-0.10	0	-0.197	0.008	-0.161	-0.000	0.000	0.267
0.475	-0.197	0.008	0.000	-0.06	1.90	-5.47	-0.05	0.11	0.04	0	-0.197	0.008	-0.165	-0.000	0.000	0.280
0.484	-0.196	0.007	0.000	-0.03	1.88	-5.46	-0.02	-0.39	-0.07	0	-0.197	0.008	-0.168	-0.000	-0.000	0.292
0.493	-0.196	0.007	0.000	-0.03	1.88	-5.45	0.04	0.05	-0.10	0	-0.197	0.008	-0.171	-0.000	-0.000	0.305
0.501	-0.197	0.007	0.000	-0.03	1.92	-5.45	0.33	0.08	0.16	0	-0.197	0.008	-0.174	-0.000	-0.000	0.319
0.511	-0.197	0.009	0.000	-0.09	1.92	-5.45	0.03	0.17	0.03	0	-0.197	0.008	-0.177	-0.000	-0.000	0.332
0.520	-0.196	0.009	0.000	-0.10	1.90	-5.45	0.11	-0.12	0.09	0	-0.197	0.008	-0.180	-0.000	0.000	0.346
0.535	-0.196	0.008	0.000	-0.07	1.90	-5.44	0.02	-0.01	-0.14	0	-0.197	0.008	-0.183	-0.000	0.000	0.360
0.543	-0.197	0.009	0.000	-0.08	1.95	-5.43	0.21	0.06	0.21	0	-0.197	0.008	-0.186	-0.000	0.000	0.374
0.552	-0.197	0.008	0.000	-0.07	1.92	-5.43	0.31	0.10	-0.11	0	-0.197	0.008	-0.189	-0.000	0.000	0.388
0.569	-0.196	0.008	0.000	-0.05	1.90	-5.42	0.04	-0.04	-0.20	0	-0.197	0.008	-0.192	-0.000	0.000	0.403
0.569	-0.196	0.009	0.000	-0.09	1.90	-5.42	0.00	0.23	-0.02	0	-0.197	0.008	-0.195	-0.000	0.000	0.417
0.583	-0.196	0.008	0.000	-0.04	1.90	-5.41	0.07	-0.25	-0.14	0	-0.197	0.008	-0.198	-0.000	0.000	0.432
0.595	-0.198	0.007	0.000	-0.00	1.95	-5.40	-0.05	0.01	0.08	0	-0.197	0.008	-0.200	-0.000	0.000	0.448
0.602	-0.196	0.008	0.000	-0.03	1.90	-5.40	0.23	-0.01	-0.14	0	-0.197	0.008	-0.203	-0.000	0.000	0.463
0.606	-0.196	0.008	0.000	-0.03	1.87	-5.39	0.31	-0.00	0.15	0	-0.197	0.008	-0.206	-0.000	0.000	0.479
0.622	-0.196	0.007	0.000	-0.00	1.88	-5.38	-0.13	-0.08	0.09	0	-0.197	0.008	-0.208	-0.000	-0.000	0.495
0.631	-0.199	0.009	0.000	-0.08	2.05	-5.39	0.32	-0.08	0.04	0	-0.197	0.008	-0.211	-0.000	0.000	0.511
0.644	-0.199	0.009	0.000	-0.08	2.00	-5.39	-0.04	-0.34	0.07	0	-0.197	0.008	-0.214	-0.000	0.000	0.527
0.652	-0.201	0.010	0.000	-0.12	2.11	-5.39	0.05	-0.00	0.06	0	-0.198	0.009	-0.216	-0.001	0.000	0.543
0.652	-0.198	0.010	0.000	-0.13	1.94	-5.38	0.20	0.00	0.03	0	-0.198	0.009	-0.219	-0.001	0.000	0.560
0.670	-0.200	0.011	0.000	-0.13	2.06	-5.38	0.14	-0.00	-0.01	0	-0.198	0.009	-0.221	-0.001	0.000	0.576
0.685	-0.201	0.007	0.000	0.04	2.06	-5.36	0.27	-0.03	-0.30	0	-0.198	0.009	-0.223	-0.001	0.000	0.593
0.685	-0.200	0.008	0.000	-0.00	2.04	-5.36	-0.14	-0.13	-0.05	0	-0.199	0.009	-0.226	-0.001	0.000	0.611
0.703	-0.200	0.008	0.000	-0.00	2.03	-5.35	0.22	-0.20	-0.01	0	-0.199	0.009	-0.228	-0.001	0.000	0.628
0.708	-0.199	0.009	0.000	-0.03	1.98	-5.35	-0.09	0.23	0.10	0	-0.199	0.009	-0.230	-0.001	0.000	0.645
0.724	-0.199	0.010	0.000	-0.08	1.99	-5.34	0.04	0.17	-0.01	0	-0.199	0.009	-0.233	-0.001	0.000	0.663
0.728	-0.199	0.010	0.000	-0.10	1.94	-5.34	0.01	-0.08	0.01	0	-0.199	0.009	-0.235	-0.001	0.000	0.681
0.745	-0.197	0.009	0.000	-0.03	1.84	-5.32	0.16	-0.12	-0.13	0	-0.199	0.009	-0.237	-0.001	0.000	0.699
0.755	-0.196	0.007	0.000	0.02	1.81	-5.31	0.05	-0.30	-0.20	0	-0.198	0.009	-0.239	-0.001	0.000	0.717
0.763	-0.196	0.008	0.000	-0.01	1.83	-5.31	0.15	0.03	0.06	0	-0.198	0.009	-0.241	-0.001	0.000	0.735
0.774	-0.196	0.008	0.000	-0.01	1.82	-5.30	0.04	-0.20	0.02	0	-0.198	0.009	-0.243	-0.000	0.000	0.754
0.781	-0.197	0.008	0.000	-0.02	1.90	-5.30	0.16	0.13	0.10	0	-0.198	0.009	-0.245	-0.000	0.000	0.772
0.789	-0.197	0.008	0.000	0.01	1.89	-5.29	-0.15	-0.08	0.06	0	-0.198	0.009	-0.247	-0.000	0.000	0.791
0.804	-0.196	0.008	0.000	-0.01	1.82	-5.29	0.15	-0.18	0.01	0	-0.198	0.009	-0.249	-0.000	0.000	0.810
0.814	-0.196	0.008	0.000	-0.03	1.82	-5.29	0.08	-0.09	0.07	0	-0.197	0.009	-0.251	-0.000	0.000	0.829
0.822	-0.196	0.009	0.000	-0.03	1.86	-5.28	0.17	-0.21	0.01	0	-0.197	0.009	-0.253	-0.000	-0.000	0.848
0.831	-0.196	0.008	0.000	-0.01	1.86	-5.27	0.02	-0.11	0.19	0	-0.197	0.009	-0.255	-0.000	-0.000	0.868
0.838	-0.196	0.009	0.000	-0.02	1.87	-5.27	0.26	-0.13	-0.07	0	-0.197	0.009	-0.257	0.000	-0.000	0.887
0.854	-0.197	0.008	0.000	0.02	1.89	-5.26	0.12	0.02	-0.19	0	-0.197	0.009	-0.259	0.000	-0.000	0.907
0.865	-0.196	0.007	0.000	0.03	1.84	-5.25	0.15	0.01	0.06	0	-0.197	0.008	-0.261	0.000	-0.000	0.927
0.878	-0.196	0.008	0.000	-0.00	1.88	-5.25	0.20	-0.22	0.11	0	-0.197	0.008	-0.262	0.000	-0.000	0.947
0.884	-0.196	0.008	0.000	0.02	1.85	-5.24	0.09	-0.16	0.11	0	-0.197	0.008	-0.264	0.000	-0.000	0.967
0.895	-0.197	0.010	0.000	-0.07	1.90	-5.25	0.23	-0.25	-0.05	0	-0.197	0.008	-0.266	0.000	-0.000	0.987
0.904	-0.196	0.008	0.000	0.02	1.86	-5.23	-0.12	0.10	0.14	0	-0.197	0.008	-0.268	0.000	-0.000	1.007
0.905	-0.197	0.008	0.000	-0.01	1.94	-5.23	0.08	-0.16	-0.06	0	-0.197	0.008	-0.269	0.000	-0.000	1.028
0.924	-0.196	0.008	0.000	-0.01	1.90	-5.23	0.09	0.08	0.01	0	-0.197	0.008	-0.271	0.000	-0.000	1.048
0.934	-0.197	0.009	0.000	-0.04	1.95	-5.23	-0.06	-0.16	0.01	0	-0.197	0.009	-0.272	0.000	-0.000	1.069
0.939	-0.196	0.004	0.000	0.19	1.86	-5.19	0.18	0.01	-0.05	0	-0.197	0.008	-0.274	0.000	-0.000	1.090
0.953	-0.195	0.005	0.000	0.14	1.82	-5.19	0.33	0.05	-0.04	0	-0.196	0.008	-0.276	0.000	-0.001	1.111
0.964	-0.197	0.005	0.000	0.15	1.91	-5.18	-0.06	-0.05	-0.11	0	-0.196	0.007	-0.277	0.000	-0.001	1.132
0.978	-0.195	0.005	0.000	0.12	1.84	-5.19	0.16	-0.14	0.09	0	-0.196	0.007	-0.278	0.001	-0.001	1.153
0.982	-0.196	0.009	0.000	-0.09	1.92	-5.21	0.24	-0.22	-0.10	0	-0.196	0.007	-0.280	0.001	-0.001	1.174
0.990	-0.196	0.009	0.000	-0.07	1.90	-5.20	0.05	-0.13	0.01	0	-0.196	0.007	-0.281	0.001	-0.001	1.195
0.999	-0.196	0.009	0.000	-0.04	1.91	-5.19	0.18	0.09	-0.06	0	-0.196	0.008	-0.283	0.001	-0.001	1.217
1.014	-0.196	0.009	0.000	-0.05	1.89	-5.19	0.11	-0.22	0.01	0	-0.196	0.008	-0.284	0.001	-0.001	1.239
1.021	-0.196	0.009	0.000	-0.04	1.88	-5.18	0.13	0.27	0.12	0	-0.196	0.008	-0.285	0.001	-0.001	1.260
1.031	-0.197	0.009	0.000	-0.05	1.97	-5.17	-0.09	0.20	-0.04	0	-0.196	0.008	-0.287	0.001	-0.000	1.282
1.031	-0.196	0.009	0.000	-0.04	1.88	-5.17	0.24	-0.01	0.09	0	-0.196	0.008	-0.288	0.001	-0.000	1.304
1.054	-0.196	0.010	0.000	-0.10	1.90	-5.17	0.04	-0.25	-0.13	0	-0.196	0.008	-0.289	0.001	-0.000	1.326
1.064	-0.196	0.009	0.000	-0.05	1.88	-5.16	0.19	0.19	-0.05	0	-0.196	0.009	-0.290	0.001	-0.000	1.348
1.071	-0.197	0.009	0.000	-0.05	1.96	-5.16	0.15	0.30	0.13	0	-0.196	0.009	-0.292	0.001	-0.000	1.370
1.081	-0.196	0.009	0.000	-0.03	1.89	-5.15	-0.07	-0.10	-0.17	0	-0.196	0.009	-0.293	0.001	-0.000	1.392
1.089	-0.197	0.010	0.000	-0.05	1.96	-5.15	0.01	-0.09	0.01	0	-0.196	0.009	-0.294	0.001	-0.000	1.415
1.104	-0.197	0.010	0.000	-0.06	1.97	-5.14	-0.05	-0.42	-0.03	0	-0.196	0.009	-0.295	0.001	-0.000	1.437
1.114	-0.196	0.010	0.000	-0.05	1.88	-5.14	0.17	0.21	-0.09	0	-0.196	0.009	-0.296	0.001	-0.000	1.459
1.124	-0.196	0.008	0.000	0.01	1.88	-5.12	0.12	0.15	0.01	0	-0.196	0.009	-0.297	0.001	-0.000	1.482
1.132	-0.196	0.009	0.000	-0.00	1.88	-5.12	0.01	-0.02	-0.12	0	-0.196	0.009	-0.298	0.001	-0.000	1.505
1.139	-0.196	0.010	0.000	-0.07	1.91	-5.12	0.19	0.13	-0.04	0	-0.196	0.009	-0.299	0.001	-0.000	1.527
1.154	-0.196	0.009	0.000	0.00	1.88	-5.11	0.34	0.15	0.10	0	-0.196	0.009	-0.300	0.001	-0.000	1.550
1.164	-0.195	0.010	0.000	-0.06	1.89	-5.11	-0.03	0.02	-0.12	0	-0.196	0.009	-0.301	0.001	-0.000	1.573
1.173	-0.196	0.010	0.000	-0.04	1.91	-5.11	0.07	0.07	0.19	0	-0.196	0.009	-0.302	0.001	-0.000	1.596
1.182	-0.196	0.008	0.000	0.02	1.88	-5.09	-0.01	-0.07	-0.10	0	-0.196	0.009	-0.303	0.001	-0.000	1.619
1.190	-0.196	0.010	0.000	-0.05	1.90	-5.10	0.03	0.00	0.05	0	-0.196	0.009	-0.304	0.001	-0.000	1.642
1.201	-0.196	0.010	0.000	-0.05	1.91	-5.09	0.24	-0.42	-0.07	0	-0.196	0.010	-0.305	0.001	-0.000	1.665
1.213	-0.196	0.007	0.000	0.09	1.89	-5.07	-0.08	-0.32	-0.03	0	-0.196	0.009	-0.306	0.001	-0.000	1.689
1.213	-0.196	0.009	0.000	0.02	1.93	-5.07	-0.13	-0.07	-0.08	0	-0.196	0.009	-0.307	0.001	-0.000	1.712
1.233	-0.196	0.010	0.000	-0.06	1.92	-5.08	0.20	0.26	-0.13	0	-0.196	0.009	-0.308	0.001	-0.000	1.735
1.241	-0.195	0.009	0.000	-0.02	1.89	-5.07	0.09	-0.06	0.05	0	-0.196	0.009	-0.309	0.001	-0.000	1.759
1.254	-0.197	0.007	0.000	0.11	1.97	-5.05	0.17	-0.09	0.20	0	-0.196	0.009	-0.309	0.001	-0.000	1.782
1.264	-0.195	0.008	0.000	0.03	1.88	-5.05	0.14	-0.11	-0.09	0	-0.196	0.009	-0.310	0.001	-0.000	1.806
1.273	-0.196	0.008	0.000	0.06	1.92	-5.04	0.19	0.05	0.02	0	-0.196	0.009	-0.311	0.001	-0.000	1.829
1.288	-0.195	0.007	0.000	0.09	1.86	-5.03	0.21	0.09	0.02	0	-0.196	0.009	-0.312	0.001	-0.001	1.853
1.290	-0.196	0.008	0.000	0.06	1.89	-5.03	0.14	-0.03	-0.13	0	-0.196	0.009	-0.312	0.001	-0.001	1.877
1.300	-0.196	0.010	0.000	-0.04	1.92	-5.04	0.16	0.30	0.03	0	-0.196	0.009	-0.313	0.001	-0.001	1.900
1.314	-0.197	0.010	0.000	-0.05	1.95	-5.03	0.01	-0.10	-0.21	0	-0.196	0.009	-0.314	0.001	-0.001	1.924
1.326	-0.197	0.011	0.000	-0.08	1.97	-5.03	0.17	-0.13	0.18	0	-0.196	0.009	-0.314	0.001	-0.000	1.948
1.334	-0.197	0.010	0.000	-0.04	1.96	-5.02	0.10	0.00	-0.02	0	-0.196	0.009	-0.315	0.001	-0.000	1.972
1.343	-0.198	0.007	0.000	0.09	1.97	-5.00	0.05	-0.15	-0.06	0	-0.196	0.009	-0.315	0.001	-0.000	1.996
1.354	-0.198	0.009	0.000	0.01	1.98	-5.01	0.25	-0.04	-0.19	0	-0.197	0.009	-0.316	0.001	-0.000	2.020
1.363	-0.196	0.010	0.000	-0.02	1.88	-5.01	0.11	-0.15	-0.29	0	-0.197	0.009	-0.317	0.001	-0.000	2.044
1.373	-0.196	0.009	0.000	0.02	1.88	-5.00	-0.04	0.21	0.24	0	-0.196	0.009	-0.317	0.001	-0.000	2.068
1.389	-0.196	0.009	0.000	0.02	1.89	-4.99	-0.18	-0.18	-0.12	0	-0.196	0.009	-0.318	0.001	-0.000	2.092
1.391	-0.196	0.010	0.000	-0.02	1.89	-4.99	0.12	-0.07	-0.02	0	-0.196	0.009	-0.318	0.001	-0.000	2.116
1.400	-0.195	0.010	0.000	-0.02	1.88	-4.99	0.02	-0.11	-0.04	0	-0.196	0.010	-0.319	0.001	-0.000	2.140
1.400	-0.196	0.010	0.000	-0.01	1.93	-4.98	0.14	0.07	0.06	0	-0.196	0.010	-0.319	0.001	-0.000	2.165
1.424	-0.196	0.011	0.000	-0.08	1.92	-4.98	-0.12	-0.09	-0.03	0	-0.196	0.010	-0.320	0.001	-0.000	2.189
1.434	-0.196	0.011	0.000	-0.04	1.92	-4.97	0.00	-0.15	0.17	0	-0.196	0.010	-0.320	0.001	-0.000	2.213
1.442	-0.196	0.011	0.000	-0.03	1.92	-4.97	0.05	-0.23	0.04	0	-0.196	0.010	-0.320	0.001	-0.000	2.237
1.452	-0.195	0.010	0.000	-0.02	1.87	-4.96	-0.09	0.05	-0.16	0	-0.196	0.010	-0.321	0.001	-0.000	2.262
1.464	-0.195	0.009	0.000	0.02	1.84	-4.95	0.04	-0.00	0.09	0	-0.196	0.010	-0.321	0.001	-0.000	2.286
1.473	-0.196	0.010	0.000	-0.01	1.93	-4.95	0.30	-0.10	0.06	0	-0.196	0.010	-0.322	0.001	-0.000	2.310
1.484	-0.195	0.010	0.000	-0.00	1.88	-4.94	-0.02	0.09	0.17	0	-0.196	0.010	-0.322	0.001	-0.000	2.335
1.493	-0.195	0.010	0.000	-0.00	1.87	-4.94	0.11	-0.03	0.10	0	-0.196	0.010	-0.322	0.001	-0.000	2.359
1.500	-0.196	0.009	0.000	0.05	1.89	-4.93	0.11	-0.14	-0.06	0	-0.196	0.010	-0.323	0.001	-0.000	2.384
1.509	-0.196	0.010	0.000	-0.01	1.93	-4.93	0.13	0.06	-0.20	0	-0.196	0.010	-0.323	0.001	-0.000	2.408
1.525	-0.196	0.010	0.000	0.01	1.90	-4.92	0.33	-0.07	-0.13	0	-0.196	0.010	-0.323	0.001	-0.000	2.433
1.534	-0.196	0.009	0.000	0.03	1.92	-4.92	0.08	0.20	-0.05	0	-0.196	0.010	-0.323	0.001	-0.000	2.457
1.544	-0.196	0.009	0.000	0.05	1.89	-4.91	0.03	-0.16	-0.00	0	-0.196	0.010	-0.324	0.001	-0.001	2.482
1.563	-0.195	0.009	0.000	0.05	1.87	-4.90	0.02	-0.04	0.37	0	-0.196	0.010	-0.324	0.001	-0.001	2.507
1.563	-0.196	0.011	0.000	-0.02	1.90	-4.91	0.25	-0.12	0.18	0	-0.196	0.010	-0.324	0.001	-0.001	2.531
1.574	-0.196	0.009	0.000	0.05	1.89	-4.89	-0.09	-0.06	0.17	0	-0.196	0.010	-0.324	0.001	-0.001	2.556
1.584	-0.196	0.009	0.000	0.05	1.89	-4.89	-0.08	-0.10	0.06	0	-0.196	0.010	-0.324	0.001	-0.001	2.580
1.591	-0.195	0.010	0.000	0.02	1.85	-4.89	0.07	-0.06	0.12	0	-0.196	0.010	-0.325	0.001	-0.001	2.605
1.604	-0.195	0.011	0.000	-0.03	1.86	-4.89	0.07	0.14	0.01	0	-0.196	0.010	-0.325	0.001	-0.001	2.630
1.612	-0.195	0.010	0.000	0.02	1.87	-4.88	0.16	-0.36	0.01	0	-0.196	0.010	-0.325	0.001	-0.001	2.654
1.622	-0.195	0.009	0.000	0.05	1.88	-4.87	0.07	-0.22	0.09	0	-0.196	0.010	-0.325	0.001	-0.001	2.679
1.633	-0.197	0.009	0.000	0.05	1.94	-4.86	0.02	-0.04	-0.24	0	-0.196	0.010	-0.325	0.001	-0.001	2.704
1.639	-0.196	0.009	0.000	0.05	1.91	-4.86	0.18	0.03	-0.10	0	-0.196	0.010	-0.325	0.001	-0.001	2.728
1.649	-0.196	0.010	0.000	0.01	1.94	-4.86	-0.10	-0.00	0.24	0	-0.196	0.010	-0.325	0.001	-0.001	2.753
1.655	-0.196	0.010	0.000	0.02	1.93	-4.85	0.21	0.26	0.07	0	-0.196	0.010	-0.325	0.001	-0.001	2.778
1.673	-0.196	0.011	0.000	-0.02	1.90	-4.85	0.05	-0.24	0.01	0	-0.196	0.010	-0.325	0.001	-0.001	2.802
1.680	-0.196	0.010	0.000	0.00	1.89	-4.84	0.19	0.08	0.06	0	-0.196	0.010	-0.325	0.001	-0.001	2.827
1.699	-0.195	0.009	0.000	0.07	1.88	-4.83	0.03	-0.21	0.06	0	-0.196	0.010	-0.325	0.001	-0.001	2.852
1.700	-0.195	0.009	0.000	0.06	1.88	-4.83	0.14	0.01	-0.13	0	-0.196	0.010	-0.326	0.001	-0.001	2.876
1.708	-0.195	0.009	0.000	0.06	1.88	-4.82	0.16	-0.07	0.03	0	-0.196	0.010	-0.326	0.001	-0.001	2.901
1.724	-0.196	0.010	0.000	0.00	1.92	-4.82	0.05	-0.31	-0.05	0	-0.196	0.010	-0.325	0.001	-0.001	2.926
1.732	-0.197	0.010	0.000	0.00	1.94	-4.82	0.16	-0.22	-0.06	0	-0.196	0.010	-0.325	0.001	-0.001	2.951
1.742	-0.199	0.009	0.000	0.05	2.02	-4.80	0.21	-0.07	-0.01	0	-0.196	0.010	-0.325	0.001	-0.001	2.975
1.750	-0.200	0.009	0.000	0.05	2.07	-4.80	0.19	-0.05	0.07	0	-0.197	0.010	-0.325	0.001	-0.001	3.000
1.757	-0.198	0.015	0.000	-0.18	1.97	-4.82	0.14	0.27	-0.08	0	-0.197	0.011	-0.325	0.001	-0.001	3.025
1.766	-0.197	0.015	0.000	-0.17	1.96	-4.82	-0.04	-0.09	-0.28	0	-0.197	0.011	-0.325	0.001	-0.000	3.049
1.783	-0.198	0.015	0.000	-0.16	1.96	-4.82	0.15	-0.14	0.10	0	-0.197	0.012	-0.325	0.001	-0.000	3.074
1.800	-0.198	0.015	0.000	-0.16	1.96	-4.81	0.21	-0.04	-0.02	0	-0.197	0.012	-0.325	0.001	0.000	3.099
1.801	-0.197	0.015	0.000	-0.13	1.95	-4.80	0.04	-0.03	0.12	0	-0.197	0.013	-0.325	0.001	0.000	3.123
1.808	-0.197	0.014	0.000	-0.08	1.92	-4.79	-0.14	-0.06	0.02	0	-0.197	0.013	-0.325	0.001	0.000	3.148
1.824	-0.198	0.015	0.000	-0.13	1.95	-4.79	0.10	0.15	-0.02	0	-0.197	0.013	-0.325	0.001	0.000	3.173
1.833	-0.198	0.014	0.000	-0.09	1.95	-4.78	0.07	-0.14	-0.19	0	-0.197	0.013	-0.324	0.001	0.000	3.197
1.842	-0.198	0.014	0.000	-0.08	1.95	-4.78	0.13	-0.15	-0.06	0	-0.197	0.014	-0.324	0.001	0.001	3.222
1.850	-0.000	0.000	0.000	0.00	0.00	-0.00	0.10	-0.12	0.10	0	-0.173	0.012	-0.324	0.013	-0.000	3.246
1.858	-0.000	-0.000	0.000	0.06	0.02	-0.00	0.12	-0.15	0.02	0	-0.152	0.011	-0.324	0.024	-0.001	3.271
1.873	-0.000	-0.001	-0.000	0.10	0.05	-0.00	0.09	-0.07	0.25	0	-0.133	0.009	-0.324	0.034	-0.002	3.296
1.883	-0.000	-0.001	0.000	0.03	-0.07	0.00	-0.04	-0.18	0.04	0	-0.116	0.008	-0.324	0.042	-0.002	3.320
1.893	0.000	-0.001	0.000	-0.03	-0.09	0.00	0.31	-0.00	-0.09	0	-0.101	0.007	-0.323	0.049	-0.003	3.345
1.901	0.000	-0.001	0.000	0.08	-0.07	-0.00	0.03	-0.12	0.04	0	-0.087	0.006	-0.323	0.056	-0.004	3.369
1.913	-0.000	-0.001	0.000	-0.16	0.13	0.00	0.01	-0.06	-0.07	0	-0.075	0.005	-0.323	0.061	-0.004	3.394
1.924	0.000	-0.001	0.000	-0.25	-0.03	0.00	-0.15	-0.26	-0.09	0	-0.065	0.004	-0.323	0.066	-0.004	3.418
1.935	0.001	-0.001	0.000	-0.30	-0.03	-0.00	0.24	-0.17	-0.13	0	-0.056	0.004	-0.322	0.070	-0.005	3.443
1.944	0.001	-0.002	0.000	0.11	0.05	-0.00	-0.17	-0.20	-0.22	0	-0.047	0.003	-0.322	0.073	-0.005	3.467
1.955	0.000	-0.001	0.000	-0.25	0.28	-0.00	0.12	0.05	0.07	0	-0.040	0.002	-0.322	0.076	-0.005	3.491
1.960	-0.000	0.001	0.000	-0.92	0.50	0.00	0.32	-0.17	0.19	0	-0.033	0.002	-0.322	0.078	-0.005	3.516
1.968	-0.001	0.001	0.000	-0.97	0.73	0.00	0.09	-0.09	-0.19	0	-0.028	0.002	-0.321	0.080	-0.006	3.540
1.983	-0.000	0.001	0.000	-0.97	0.73	0.00	0.22	-0.11	0.11	0	-0.023	0.002	-0.321	0.082	-0.006	3.565
1.993	0.000	0.001	0.000	-0.86	0.53	0.00	0.05	0.28	0.14	0	-0.018	0.002	-0.321	0.083	-0.006	3.589
2.002	-0.000	0.002	0.000	-0.97	0.69	0.01	0.14	-0.05	-0.12	0	-0.014	0.002	-0.320	0.084	-0.006	3.613
2.012	0.000	0.001	0.000	-0.74	0.62	0.00	0.09	-0.13	-0.07	0	-0.010	0.002	-0.320	0.085	-0.006	3.637
2.019	-0.000	0.001	0.000	-0.75	0.88	0.00	0.11	0.14	0.04	0	-0.007	0.002	-0.320	0.086	-0.006	3.662
2.033	0.001	0.001	0.000	-0.69	0.54	0.00	0.37	-0.02	-0.15	0	-0.005	0.002	-0.319	0.086	-0.006	3.686
2.044	-0.000	0.001	0.000	-0.70	0.97	0.00	0.09	-0.18	-0.10	0	-0.002	0.002	-0.319	0.086	-0.006	3.710
2.054	-0.000	0.002	0.000	-0.69	0.95	0.00	0.20	-0.02	0.06	0	0.000	0.002	-0.318	0.086	-0.006	3.734
2.064	-0.000	0.002	0.000	-0.64	1.04	0.00	0.17	0.04	-0.01	0	0.002	0.002	-0.318	0.086	-0.006	3.758
2.072	0.000	-0.000	0.000	-0.21	0.93	-0.01	-0.13	0.00	0.13	0	0.004	0.001	-0.318	0.086	-0.006	3.783
2.083	0.000	0.002	0.000	-0.57	0.97	0.00	0.08	-0.02	-0.13	0	0.005	0.001	-0.317	0.085	-0.006	3.807
2.093	-0.000	0.002	0.000	-0.53	1.15	-0.00	0.16	-0.22	0.20	0	0.006	0.001	-0.317	0.085	-0.006	3.831
2.099	0.000	0.002	0.000	-0.49	1.00	-0.00	-0.00	-0.07	0.06	0	0.008	0.001	-0.316	0.084	-0.006	3.855
2.110	-0.000	0.001	0.000	-0.32	1.22	-0.00	-0.09	-0.01	0.11	0	0.008	0.001	-0.316	0.084	-0.006	3.879
2.122	0.001	0.001	0.000	-0.38	0.96	-0.00	0.26	0.21	-0.15	0	0.009	0.001	-0.316	0.083	-0.006	3.903
2.134	0.000	-0.000	0.000	-0.07	1.13	-0.01	-0.02	-0.21	0.13	0	0.010	0.001	-0.315	0.082	-0.006	3.927
2.143	-0.001	0.000	0.000	-0.19	1.32	-0.01	0.11	-0.12	-0.27	0	0.011	0.001	-0.315	0.082	-0.006	3.950
2.154	-0.000	0.001	0.000	-0.19	1.32	-0.01	0.04	0.12	0.01	0	0.011	0.001	-0.314	0.081	-0.006	3.974
2.163	0.000	0.001	0.000	-0.21	1.22	-0.01	0.23	0.06	-0.06	0	0.012	0.001	-0.314	0.080	-0.006	3.998
2.170	0.002	0.000	0.000	-0.12	1.07	-0.01	0.05	0.17	0.04	0	0.012	0.001	-0.313	0.079	-0.006	4.022
2.177	-0.001	0.001	0.000	-0.19	1.41	-0.01	0.04	-0.33	-0.04	0	0.013	0.001	-0.313	0.078	-0.006	4.046
2.193	-0.000	0.002	0.000	-0.31	1.36	-0.00	0.08	-0.01	-0.09	0	0.013	0.001	-0.312	0.077	-0.006	4.069
2.207	0.000	0.000	0.000	-0.12	1.36	-0.01	-0.08	0.18	0.04	0	0.013	0.001	-0.312	0.076	-0.006	4.093
2.212	0.000	0.001	0.000	-0.15	1.38	-0.01	-0.06	-0.23	-0.09	0	0.013	0.001	-0.311	0.075	-0.006	4.117
2.222	-0.001	-0.003	0.000	0.32	1.53	-0.02	0.04	0.02	0.14	0	0.013	0.000	-0.311	0.074	-0.006	4.140
2.227	-0.001	-0.002	0.000	0.17	1.54	-0.02	-0.09	0.08	-0.19	0	0.014	-0.000	-0.310	0.073	-0.006	4.164
2.244	-0.001	-0.003	0.000	0.27	1.55	-0.02	0.07	-0.01	-0.03	0	0.014	-0.001	-0.310	0.072	-0.006	4.187
2.253	-0.000	-0.004	0.000	0.38	1.48	-0.02	0.06	-0.09	-0.07	0	0.014	-0.001	-0.309	0.071	-0.007	4.211
2.262	-0.002	-0.004	0.000	0.26	1.71	-0.02	0.20	-0.15	-0.06	0	0.013	-0.002	-0.309	0.070	-0.007	4.234
2.270	-0.001	-0.002	0.000	0.08	1.56	-0.01	0.25	-0.12	0.01	0	0.013	-0.002	-0.308	0.069	-0.007	4.258
2.280	-0.001	-0.002	0.000	0.08	1.56	-0.02	-0.06	0.01	-0.03	0	0.013	-0.002	-0.308	0.068	-0.007	4.281
2.292	-0.001	-0.002	0.000	0.07	1.60	-0.01	0.09	0.34	0.12	0	0.013	-0.002	-0.307	0.067	-0.007	4.304
2.301	-0.001	-0.004	0.000	0.29	1.63	-0.02	0.18	0.21	-0.06	0	0.013	-0.002	-0.307	0.066	-0.007	4.328
2.312	-0.002	-0.004	0.000	0.21	1.67	-0.02	0.02	-0.23	-0.10	0	0.013	-0.003	-0.306	0.065	-0.007	4.351
2.321	-0.001	-0.004	0.000	0.24	1.58	-0.02	0.14	0.28	0.13	0	0.013	-0.003	-0.306	0.064	-0.007	4.374
2.329	-0.002	-0.004	0.000	0.22	1.73	-0.02	0.04	-0.17	-0.03	0	0.013	-0.003	-0.305	0.063	-0.007	4.397
2.342	-0.000	-0.002	0.000	-0.03	1.58	-0.01	0.22	0.22	0.08	0	0.013	-0.003	-0.304	0.062	-0.007	4.420
2.351	-0.000	-0.002	0.000	-0.01	1.59	-0.01	0.03	-0.22	-0.09	0	0.013	-0.003	-0.304	0.061	-0.007	4.443
2.362	-0.002	-0.002	0.000	0.03	1.75	-0.01	-0.03	-0.08	0.18	0	0.013	-0.003	-0.303	0.060	-0.007	4.466
2.371	-0.000	-0.004	0.000	0.17	1.61	-0.02	0.04	-0.05	-0.08	0	0.012	-0.003	-0.303	0.059	-0.007	4.489
2.378	-0.000	-0.004	0.000	0.11	1.62	-0.01	0.11	-0.04	0.07	0	0.012	-0.003	-0.302	0.058	-0.007	4.512
2.392	-0.000	-0.003	0.000	0.06	1.63	-0.01	-0.09	0.01	-0.07	0	0.012	-0.003	-0.301	0.057	-0.007	4.535
2.401	-0.002	-0.003	0.000	0.05	1.78	-0.01	0.06	0.02	0.07	0	0.012	-0.004	-0.301	0.056	-0.007	4.558
2.413	-0.002	-0.002	0.000	-0.01	1.72	-0.01	0.17	0.09	-0.14	0	0.012	-0.003	-0.300	0.055	-0.007	4.581
2.421	-0.001	-0.004	0.000	0.11	1.65	-0.01	0.28	0.02	-0.02	0	0.012	-0.004	-0.300	0.054	-0.007	4.603
2.429	-0.000	-0.004	0.000	0.12	1.65	-0.01	0.19	-0.17	0.02	0	0.012	-0.004	-0.299	0.053	-0.007	4.626
2.443	-0.001	-0.003	0.000	0.03	1.70	-0.01	0.04	-0.04	-0.10	0	0.012	-0.004	-0.298	0.052	-0.007	4.649
2.451	-0.002	-0.002	0.000	-0.03	1.80	-0.00	0.02	-0.25	0.00	0	0.011	-0.004	-0.298	0.051	-0.007	4.671
2.464	-0.002	-0.002	0.000	-0.04	1.75	-0.00	0.01	-0.25	-0.29	0	0.011	-0.004	-0.297	0.050	-0.007	4.694
2.471	-0.001	-0.003	0.000	0.01	1.73	-0.01	0.14	-0.07	0.04	0	0.011	-0.004	-0.296	0.050	-0.007	4.716
2.480	-0.001	-0.002	0.000	-0.03	1.72	-0.01	0.00	-0.17	0.25	0	0.011	-0.003	-0.296	0.049	-0.007	4.739
2.491	-0.001	-0.002	0.000	-0.04	1.75	-0.00	-0.18	0.11	-0.06	0	0.011	-0.003	-0.295	0.048	-0.006	4.761
2.502	-0.001	-0.003	0.000	0.03	1.72	-0.01	0.08	0.14	0.02	0	0.011	-0.003	-0.294	0.047	-0.006	4.783
2.513	-0.002	-0.003	0.000	0.03	1.82	-0.01	0.08	-0.06	0.18	0	0.011	-0.003	-0.294	0.046	-0.006	4.806
2.522	-0.000	-0.004	0.000	0.06	1.70	-0.01	0.14	-0.02	0.09	0	0.011	-0.004	-0.293	0.045	-0.006	4.828
2.531	-0.001	-0.004	0.000	0.05	1.75	-0.01	-0.00	-0.24	0.06	0	0.010	-0.004	-0.292	0.044	-0.006	4.850
2.540	-0.003	-0.004	0.000	0.06	1.85	-0.01	0.01	-0.13	-0.02	0	0.010	-0.004	-0.292	0.044	-0.006	4.872
2.552	-0.003	-0.002	0.000	-0.03	1.85	-0.00	0.00	-0.10	0.01	0	0.010	-0.004	-0.291	0.043	-0.006	4.894
2.563	-0.003	-0.003	0.000	-0.01	1.84	-0.01	0.18	0.08	0.04	0	0.010	-0.004	-0.290	0.042	-0.006	4.916
2.568	-0.001	-0.003	0.000	0.01	1.73	-0.01	-0.05	-0.01	0.08	0	0.010	-0.004	-0.290	0.041	-0.006	4.938
2.580	-0.001	-0.003	0.000	-0.01	1.77	-0.01	0.20	0.21	-0.02	0	0.009	-0.004	-0.289	0.040	-0.006	4.960
2.593	-0.001	0.001	0.000	-0.24	1.75	0.01	0.13	-0.14	0.11	0	0.009	-0.003	-0.288	0.039	-0.006	4.982
2.602	-0.001	0.002	0.000	-0.24	1.75	0.01	0.11	0.10	0.09	0	0.009	-0.003	-0.288	0.039	-0.006	5.004
2.610	-0.002	0.000	0.000	-0.16	1.79	0.00	-0.08	-0.12	0.03	0	0.009	-0.002	-0.287	0.038	-0.005	5.026
2.618	-0.001	0.000	0.000	-0.15	1.74	0.00	0.04	-0.06	-0.04	0	0.009	-0.002	-0.286	0.037	-0.005	5.048
2.630	0.000	0.000	0.000	-0.15	1.71	0.00	0.12	0.03	0.02	0	0.009	-0.002	-0.285	0.037	-0.005	5.069
2.643	-0.000	0.001	0.000	-0.15	1.74	0.00	0.24	-0.14	-0.12	0	0.009	-0.002	-0.285	0.036	-0.005	5.091
2.651	-0.000	0.001	0.000	-0.16	1.75	0.00	0.22	0.12	0.11	0	0.009	-0.001	-0.284	0.035	-0.005	5.112
2.662	-0.000	0.000	0.000	-0.12	1.75	-0.00	0.00	-0.01	-0.15	0	0.009	-0.001	-0.283	0.035	-0.005	5.134
2.674	-0.002	0.001	0.000	-0.16	1.82	0.00	0.08	0.00	-0.12	0	0.009	-0.001	-0.283	0.034	-0.004	5.155
2.681	-0.002	0.002	0.000	-0.19	1.82	0.00	-0.02	-0.27	-0.04	0	0.009	-0.001	-0.282	0.033	-0.004	5.177
2.689	0.000	0.001	0.000	-0.14	1.73	0.00	0.23	-0.24	0.03	0	0.009	-0.000	-0.281	0.032	-0.004	5.198
2.702	0.000	-0.002	0.000	0.01	1.74	-0.01	0.08	-0.18	-0.03	0	0.009	-0.001	-0.280	0.032	-0.004	5.219
2.713	0.001	0.007	0.000	-0.41	1.69	0.02	0.04	0.08	-0.04	0	0.009	0.000	-0.280	0.031	-0.004	5.241
2.722	0.001	0.007	0.000	-0.37	1.70	0.02	-0.00	-0.14	-0.02	0	0.009	0.001	-0.279	0.031	-0.003	5.262
2.732	0.003	0.007	0.000	-0.36	1.65	0.01	0.16	-0.20	-0.06	0	0.009	0.002	-0.278	0.030	-0.003	5.283
2.742	0.000	0.007	0.000	-0.34	1.77	0.01	0.25	0.04	-0.04	0	0.009	0.002	-0.277	0.029	-0.003	5.304
2.752	0.002	0.006	0.000	-0.31	1.67	0.01	-0.06	0.01	-0.26	0	0.010	0.003	-0.277	0.029	-0.003	5.325
2.763	0.001	0.007	0.000	-0.30	1.74	0.01	0.01	-0.16	0.12	0	0.010	0.003	-0.276	0.028	-0.002	5.346
2.770	0.000	0.005	0.000	-0.22	1.79	0.01	0.06	-0.32	0.03	0	0.009	0.004	-0.275	0.028	-0.002	5.367
2.781	0.001	0.007	0.000	-0.26	1.76	0.01	0.15	-0.05	-0.11	0	0.009	0.004	-0.274	0.027	-0.002	5.388
2.793	0.001	0.004	0.000	-0.15	1.77	-0.00	0.09	0.07	-0.08	0	0.009	0.004	-0.273	0.027	-0.002	5.408
2.798	0.002	0.006	0.000	-0.21	1.73	0.00	0.01	0.04	0.28	0	0.009	0.004	-0.273	0.026	-0.002	5.429
2.814	0.002	0.006	0.000	-0.21	1.76	0.00	0.11	-0.07	-0.14	0	0.009	0.005	-0.272	0.025	-0.002	5.450
2.823	0.002	0.006	0.000	-0.21	1.73	0.00	0.23	-0.07	0.06	0	0.010	0.005	-0.271	0.025	-0.002	5.470
2.833	0.002	0.006	0.000	-0.16	1.74	-0.00	0.22	-0.15	-0.23	0	0.010	0.005	-0.270	0.024	-0.002	5.491
2.842	0.000	0.006	0.000	-0.18	1.83	-0.00	-0.06	0.05	-0.18	0	0.009	0.005	-0.270	0.024	-0.002	5.511
2.852	0.001	0.006	0.000	-0.17	1.80	-0.00	0.16	-0.07	-0.00	0	0.009	0.005	-0.269	0.023	-0.001	5.532
2.856	0.001	0.007	0.000	-0.17	1.81	-0.00	-0.00	0.03	-0.03	0	0.009	0.006	-0.268	0.023	-0.001	5.552
2.871	0.002	0.006	0.000	-0.11	1.78	-0.00	0.07	-0.06	0.14	0	0.009	0.006	-0.267	0.022	-0.001	5.572
2.882	0.003	0.006	0.000	-0.10	1.73	-0.00	0.07	0.03	0.03	0	0.009	0.006	-0.266	0.022	-0.001	5.593
2.889	0.001	0.006	0.000	-0.10	1.83	-0.00	0.15	0.02	-0.12	0	0.009	0.006	-0.266	0.021	-0.001	5.613
2.902	0.001	0.005	0.000	-0.09	1.83	-0.01	0.17	-0.11	-0.11	0	0.009	0.006	-0.265	0.020	-0.001	5.633
2.908	0.001	0.005	0.000	-0.07	1.83	-0.01	-0.15	-0.01	0.03	0	0.009	0.006	-0.264	0.020	-0.001	5.653
2.924	0.002	0.005	0.000	-0.06	1.80	-0.01	0.19	-0.20	0.11	0	0.009	0.006	-0.263	0.019	-0.001	5.673
2.932	0.000	0.006	0.000	-0.09	1.88	-0.00	0.01	-0.30	-0.01	0	0.009	0.006	-0.263	0.019	-0.001	5.693
2.942	0.001	0.006	0.000	-0.08	1.84	-0.01	0.04	0.11	0.30	0	0.009	0.006	-0.262	0.018	-0.001	5.713
2.953	0.001	0.006	0.000	-0.09	1.85	-0.00	-0.07	-0.14	-0.01	0	0.009	0.006	-0.261	0.018	-0.001	5.732
2.961	0.001	0.006	0.000	-0.05	1.86	-0.01	0.25	0.10	0.14	0	0.009	0.006	-0.260	0.017	-0.001	5.752
2.973	0.002	0.006	0.000	-0.04	1.82	-0.01	0.32	-0.12	0.00	0	0.009	0.006	-0.259	0.017	-0.001	5.772
2.983	0.001	0.007	0.000	-0.11	1.88	-0.00	0.15	-0.02	-0.02	0	0.008	0.006	-0.259	0.016	-0.001	5.792
2.991	0.001	0.006	0.000	-0.04	1.87	-0.01	0.14	0.14	-0.15	0	0.008	0.006	-0.258	0.016	-0.001	5.811
2.998	0.001	0.006	0.000	-0.04	1.86	-0.01	-0.07	0.06	-0.03	0	0.008	0.006	-0.257	0.015	-0.001	5.831
3.012	-0.001	0.002	0.000	0.16	1.96	-0.02	0.03	-0.24	-0.27	0	0.008	0.006	-0.256	0.014	-0.002	5.850
3.026	-0.001	0.005	0.000	-0.00	1.94	-0.01	-0.13	0.01	0.12	0	0.007	0.006	-0.255	0.014	-0.002	5.870
3.031	0.001	0.002	0.000	0.15	1.87	-0.02	0.14	-0.15	-0.14	0	0.007	0.005	-0.255	0.013	-0.002	5.889
3.041	0.001	0.003	0.000	0.10	1.87	-0.02	-0.06	-0.21	-0.07	0	0.007	0.005	-0.254	0.013	-0.002	5.908
3.049	0.001	0.002	0.000	0.13	1.88	-0.02	0.28	-0.10	0.25	0	0.007	0.004	-0.253	0.012	-0.002	5.927
3.062	0.003	0.004	0.000	0.05	1.79	-0.01	0.11	-0.29	-0.05	0	0.007	0.004	-0.252	0.012	-0.002	5.947
3.071	0.003	0.003	0.000	0.08	1.80	-0.02	0.15	-0.11	-0.04	0	0.008	0.004	-0.251	0.012	-0.002	5.966
3.083	0.002	0.004	0.000	0.04	1.84	-0.01	0.04	0.08	0.15	0	0.008	0.004	-0.251	0.011	-0.002	5.985
3.090	0.002	0.003	0.000	0.07	1.84	-0.02	0.00	-0.25	-0.09	0	0.008	0.004	-0.250	0.011	-0.003	6.004
3.100	0.003	0.005	0.000	-0.01	1.80	-0.01	0.16	-0.15	-0.04	0	0.008	0.004	-0.249	0.011	-0.002	6.022
3.113	0.002	0.003	0.000	0.07	1.86	-0.02	0.02	-0.16	-0.11	0	0.008	0.004	-0.248	0.010	-0.003	6.041
3.121	0.002	0.004	0.000	0.02	1.86	-0.01	0.21	-0.01	-0.08	0	0.008	0.004	-0.247	0.010	-0.003	6.060
3.131	0.004	0.004	0.000	0.07	1.80	-0.02	0.00	-0.08	-0.12	0	0.008	0.004	-0.247	0.009	-0.003	6.079
3.139	0.002	0.001	0.000	0.16	1.87	-0.02	0.02	0.07	-0.13	0	0.008	0.004	-0.246	0.009	-0.003	6.097
3.152	0.004	0.006	0.000	-0.03	1.79	-0.01	-0.16	-0.30	0.06	0	0.008	0.004	-0.245	0.009	-0.003	6.116
3.162	0.003	0.006	0.000	-0.04	1.83	-0.01	0.01	-0.32	0.02	0	0.008	0.004	-0.244	0.008	-0.002	6.135
3.173	0.004	0.006	0.000	-0.04	1.83	-0.01	0.23	0.06	-0.16	0	0.008	0.004	-0.243	0.008	-0.002	6.153
3.183	0.004	0.007	0.000	-0.07	1.82	-0.01	0.30	0.04	0.07	0	0.008	0.005	-0.242	0.008	-0.002	6.172
3.191	0.005	0.005	0.000	0.01	1.76	-0.01	0.05	-0.23	-0.02	0	0.009	0.005	-0.242	0.008	-0.002	6.190
3.200	0.004	0.006	0.000	-0.04	1.85	-0.01	0.17	-0.15	-0.13	0	0.009	0.005	-0.241	0.007	-0.002	6.208
3.212	0.003	0.007	0.000	-0.05	1.87	-0.01	-0.01	-0.05	0.15	0	0.009	0.005	-0.240	0.007	-0.002	6.226
3.224	0.003	0.006	0.000	0.00	1.87	-0.01	-0.06	-0.21	0.03	0	0.008	0.005	-0.239	0.006	-0.002	6.245
3.230	0.004	0.005	0.000	0.04	1.84	-0.01	0.30	0.02	-0.08	0	0.009	0.005	-0.238	0.006	-0.002	6.263
3.240	0.005	0.005	0.000	0.05	1.82	-0.01	0.18	0.10	-0.03	0	0.009	0.005	-0.238	0.006	-0.002	6.281
3.250	0.004	0.006	0.000	0.02	1.84	-0.01	0.04	-0.07	0.01	0	0.009	0.005	-0.237	0.005	-0.002	6.299
3.263	0.005	0.005	0.000	0.05	1.83	-0.02	0.17	-0.14	0.05	0	0.009	0.005	-0.236	0.005	-0.002	6.317
3.271	0.003	0.005	0.000	0.05	1.90	-0.01	0.21	-0.20	0.07	0	0.009	0.005	-0.235	0.005	-0.002	6.334
3.282	0.004	0.005	0.000	0.05	1.86	-0.01	-0.08	-0.01	0.04	0	0.009	0.005	-0.234	0.004	-0.002	6.352
3.291	0.004	0.005	0.000	0.05	1.85	-0.01	0.03	-0.05	-0.18	0	0.009	0.005	-0.234	0.004	-0.002	6.370
3.300	0.003	0.006	0.000	0.01	1.91	-0.01	0.04	-0.07	0.15	0	0.009	0.005	-0.233	0.004	-0.002	6.388
3.308	0.003	0.006	0.000	0.01	1.91	-0.01	-0.05	0.04	-0.06	0	0.009	0.005	-0.232	0.003	-0.002	6.405
3.321	0.004	0.005	0.000	0.06	1.90	-0.01	0.03	-0.11	0.16	0	0.008	0.005	-0.231	0.003	-0.002	6.423
3.333	0.004	0.006	0.000	0.00	1.90	-0.01	0.09	0.12	0.19	0	0.008	0.006	-0.230	0.003	-0.002	6.440
3.342	0.005	0.005	0.000	0.06	1.85	-0.01	0.10	0.15	0.01	0	0.008	0.005	-0.229	0.002	-0.002	6.458
3.349	0.004	0.006	0.000	0.04	1.87	-0.01	-0.00	-0.20	-0.11	0	0.008	0.005	-0.229	0.002	-0.002	6.475
3.362	0.003	0.002	0.000	0.17	1.92	-0.02	0.02	-0.15	0.11	0	0.008	0.005	-0.228	0.002	-0.002	6.492
3.372	0.004	0.007	0.000	-0.01	1.88	-0.01	0.01	-0.24	-0.09	0	0.008	0.005	-0.227	0.002	-0.002	6.510
3.382	0.005	0.006	0.000	0.02	1.84	-0.01	0.03	-0.02	-0.08	0	0.009	0.005	-0.226	0.001	-0.002	6.527
3.391	0.006	0.006	0.000	0.02	1.84	-0.01	0.05	-0.29	-0.19	0	0.009	0.005	-0.225	0.001	-0.002	6.544
3.398	0.005	0.007	0.000	-0.01	1.88	-0.01	0.07	-0.17	0.08	0	0.009	0.006	-0.225	0.001	-0.002	6.561
3.406	0.008	0.004	0.000	0.09	1.74	-0.02	0.16	0.03	0.12	0	0.009	0.006	-0.224	0.001	-0.002	6.578
3.419	0.009	0.004	0.000	0.09	1.73	-0.02	0.23	-0.12	-0.04	0	0.010	0.005	-0.223	0.001	-0.002	6.595
3.434	0.009	0.007	0.000	-0.02	1.75	-0.01	0.26	-0.13	-0.01	0	0.010	0.006	-0.222	0.001	-0.002	6.612
3.439	0.010	0.007	0.000	0.01	1.72	-0.01	0.08	-0.20	-0.02	0	0.010	0.006	-0.221	0.001	-0.002	6.628
3.450	0.009	0.006	0.000	0.03	1.77	-0.01	-0.02	0.02	-0.05	0	0.011	0.006	-0.220	0.000	-0.002	6.645
3.462	0.010	0.007	0.000	-0.01	1.74	-0.01	0.20	0.18	0.05	0	0.011	0.006	-0.220	0.000	-0.002	6.662
3.467	0.010	0.007	0.000	0.02	1.75	-0.01	-0.09	0.02	-0.19	0	0.011	0.006	-0.219	0.000	-0.002	6.678
3.482	0.010	0.007	0.000	0.02	1.75	-0.02	-0.02	-0.08	-0.08	0	0.012	0.006	-0.218	0.000	-0.002	6.695
3.492	0.010	0.006	0.000	0.05	1.74	-0.02	0.01	-0.21	0.10	0	0.012	0.006	-0.217	0.000	-0.002	6.711
3.500	0.010	0.007	0.000	0.01	1.78	-0.01	0.26	-0.06	0.14	0	0.012	0.006	-0.216	-0.000	-0.002	6.728
3.512	0.009	0.007	0.000	0.02	1.83	-0.01	0.12	-0.12	-0.07	0	0.012	0.006	-0.216	-0.000	-0.002	6.744
3.517	0.009	0.007	0.000	0.02	1.82	-0.01	0.04	0.10	0.26	0	0.012	0.006	-0.215	-0.001	-0.002	6.761
3.531	0.009	0.006	0.000	0.07	1.83	-0.01	-0.09	-0.04	-0.24	0	0.012	0.006	-0.214	-0.001	-0.002	6.777
3.544	0.010	0.004	0.000	0.12	1.81	-0.02	0.17	0.05	0.00	0	0.012	0.006	-0.213	-0.001	-0.002	6.793
3.553	0.009	0.008	0.000	-0.03	1.85	-0.01	0.16	0.14	0.06	0	0.012	0.006	-0.212	-0.001	-0.002	6.809
3.560	0.009	0.006	0.000	0.04	1.85	-0.01	-0.05	-0.03	0.01	0	0.012	0.006	-0.211	-0.002	-0.002	6.825
3.573	0.009	0.007	0.000	0.02	1.84	-0.01	-0.18	-0.06	0.02	0	0.012	0.006	-0.211	-0.002	-0.002	6.841
3.581	0.008	0.002	0.000	0.22	1.89	-0.02	0.08	0.18	-0.09	0	0.012	0.006	-0.210	-0.002	-0.002	6.857
3.593	0.008	-0.002	0.000	0.34	1.90	-0.02	0.05	-0.13	0.01	0	0.012	0.005	-0.209	-0.002	-0.003	6.873
3.599	0.007	-0.002	0.000	0.33	1.95	-0.02	0.05	-0.22	0.18	0	0.012	0.004	-0.208	-0.003	-0.003	6.889
3.609	0.007	-0.002	0.000	0.33	1.95	-0.02	0.03	0.04	0.10	0	0.012	0.003	-0.207	-0.003	-0.003	6.904
3.620	0.007	-0.005	-0.000	0.42	1.94	-0.03	0.05	-0.19	0.14	0	0.011	0.002	-0.207	-0.003	-0.004	6.920
3.626	0.007	-0.001	0.000	0.24	1.95	-0.02	-0.01	0.01	-0.17	0	0.011	0.002	-0.206	-0.004	-0.004	6.936
3.643	0.007	-0.002	0.000	0.28	1.95	-0.02	0.13	-0.11	-0.01	0	0.011	0.001	-0.205	-0.004	-0.004	6.951
3.653	0.008	-0.002	0.000	0.27	1.91	-0.02	-0.29	0.01	-0.05	0	0.011	0.001	-0.204	-0.004	-0.005	6.967
3.660	0.009	-0.002	0.000	0.26	1.88	-0.02	0.07	0.01	-0.03	0	0.011	0.001	-0.203	-0.004	-0.005	6.982
3.667	0.008	-0.001	0.000	0.20	1.92	-0.02	0.07	-0.13	0.14	0	0.011	0.000	-0.203	-0.005	-0.005	6.998
3.680	0.008	-0.003	0.000	0.27	1.93	-0.02	0.21	-0.31	-0.03	0	0.011	-0.000	-0.202	-0.005	-0.005	7.013
3.692	0.008	-0.003	0.000	0.27	1.93	-0.02	-0.03	-0.16	0.09	0	0.011	-0.001	-0.201	-0.005	-0.005	7.028
3.701	0.007	-0.003	0.000	0.26	1.97	-0.02	0.05	-0.22	-0.05	0	0.011	-0.001	-0.200	-0.005	-0.005	7.043
3.711	0.007	-0.002	0.000	0.22	1.97	-0.02	-0.01	0.09	0.22	0	0.011	-0.001	-0.199	-0.006	-0.006	7.059
3.720	0.009	-0.002	0.000	0.19	1.89	-0.02	0.05	-0.20	-0.08	0	0.011	-0.001	-0.199	-0.006	-0.006	7.074
3.733	0.007	-0.002	0.000	0.20	1.97	-0.02	-0.03	-0.28	0.06	0	0.011	-0.002	-0.198	-0.006	-0.006	7.089
3.744	0.007	-0.002	0.000	0.16	1.98	-0.01	0.16	0.09	0.15	0	0.010	-0.002	-0.197	-0.006	-0.006	7.104
3.751	0.007	-0.003	0.000	0.20	1.95	-0.02	0.07	-0.03	-0.03	0	0.010	-0.002	-0.196	-0.007	-0.006	7.119
3.761	0.008	-0.003	0.000	0.19	1.93	-0.02	0.16	-0.01	-0.00	0	0.010	-0.002	-0.195	-0.007	-0.006	7.133
3.768	0.008	-0.003	0.000	0.19	1.93	-0.02	0.16	-0.06	0.00	0	0.010	-0.002	-0.195	-0.007	-0.006	7.148
3.781	0.008	-0.003	0.000	0.19	1.93	-0.02	0.02	-0.27	-0.09	0	0.010	-0.002	-0.194	-0.007	-0.006	7.163
3.790	0.007	-0.003	0.000	0.16	1.98	-0.01	-0.06	-0.02	-0.19	0	0.010	-0.003	-0.193	-0.007	-0.006	7.177
3.802	0.009	-0.003	0.000	0.16	1.90	-0.02	0.16	-0.16	-0.04	0	0.010	-0.003	-0.192	-0.008	-0.006	7.192
3.812	0.008	-0.003	0.000	0.16	1.96	-0.01	-0.13	-0.08	0.11	0	0.010	-0.003	-0.191	-0.008	-0.006	7.207
3.819	0.007	-0.002	0.000	0.12	1.99	-0.01	0.26	0.05	0.19	0	0.010	-0.003	-0.191	-0.008	-0.006	7.221
3.832	0.007	-0.001	0.000	0.06	1.99	-0.01	0.12	-0.13	0.11	0	0.010	-0.003	-0.190	-0.008	-0.006	7.235
3.845	0.007	-0.004	0.000	0.16	1.99	-0.01	0.04	-0.32	0.11	0	0.010	-0.003	-0.189	-0.008	-0.006	7.250
3.853	0.007	-0.004	0.000	0.16	1.99	-0.01	-0.21	-0.10	-0.20	0	0.010	-0.003	-0.188	-0.009	-0.006	7.264
3.861	0.008	-0.004	0.000	0.14	1.94	-0.01	0.19	-0.02	0.42	0	0.010	-0.003	-0.188	-0.009	-0.006	7.278
3.872	0.008	-0.003	0.000	0.13	1.95	-0.01	0.15	-0.09	0.07	0	0.010	-0.003	-0.187	-0.009	-0.006	7.293
3.882	0.009	-0.003	0.000	0.10	1.91	-0.01	0.05	-0.15	-0.12	0	0.010	-0.003	-0.186	-0.009	-0.006	7.307
3.891	0.009	-0.002	0.000	0.05	1.92	-0.01	0.16	-0.23	-0.19	0	0.010	-0.003	-0.185	-0.009	-0.006	7.321
3.903	0.007	-0.002	0.000	0.04	1.99	-0.01	0.04	0.02	0.05	0	0.010	-0.003	-0.184	-0.009	-0.006	7.335
3.911	0.008	-0.003	0.000	0.09	1.95	-0.01	0.14	-0.17	-0.05	0	0.010	-0.003	-0.184	-0.009	-0.006	7.349
3.921	0.008	-0.003	0.000	0.07	1.95	-0.01	0.25	0.08	0.04	0	0.010	-0.003	-0.183	-0.010	-0.006	7.363
3.928	0.001	-0.003	0.000	0.09	2.20	-0.01	0.12	-0.01	-0.01	0	0.009	-0.003	-0.182	-0.010	-0.006	7.376
3.942	0.003	-0.005	0.000	0.14	2.14	-0.01	0.07	-0.31	0.02	0	0.009	-0.003	-0.181	-0.011	-0.006	7.390
3.953	0.002	-0.004	0.000	0.11	2.16	-0.01	0.18	-0.36	0.04	35976	0.008	-0.004	-0.181	-0.011	-0.006	7.404
3.962	0.002	-0.004	0.000	0.12	2.15	-0.01	-0.21	-0.28	-0.31	35973	0.007	-0.004	-0.179	-0.011	-0.006	7.417
3.971	0.002	-0.004	0.000	0.11	2.12	-0.01	-0.05	-0.36	-0.02	35963	0.007	-0.004	-0.178	-0.012	-0.006	7.431
3.982	0.002	-0.002	0.000	0.03	2.12	-0.01	-1.02	-0.66	0.60	35962	0.007	-0.004	-0.176	-0.012	-0.006	7.444
3.992	0.003	-0.003	0.000	0.04	2.11	-0.00	1.03	-0.45	-1.56	35961	0.006	-0.004	-0.174	-0.012	-0.006	7.457
4.003	0.003	0.000	0.000	-0.09	2.10	-0.00	-0.54	-0.45	-0.29	35961	0.006	-0.003	-0.171	-0.013	-0.005	7.471
4.013	0.003	0.002	0.000	-0.14	2.10	-0.00	-0.37	-0.16	0.05	35955	0.006	-0.003	-0.169	-0.013	-0.005	7.483
4.022	0.004	-0.001	0.000	-0.04	2.05	-0.01	1.47	0.95	-0.82	35950	0.006	-0.003	-0.166	-0.013	-0.005	7.496
4.027	0.004	-0.001	0.000	-0.06	2.04	-0.01	-0.30	-0.32	0.23	35956	0.006	-0.002	-0.163	-0.013	-0.005	7.508
4.042	0.004	-0.000	0.000	-0.08	2.03	-0.01	0.42	0.77	0.38	35955	0.006	-0.002	-0.160	-0.013	-0.005	7.521
4.051	0.003	0.001	0.000	-0.11	2.05	-0.00	-0.64	-0.71	0.34	35972	0.006	-0.002	-0.157	-0.014	-0.005	7.533
4.063	0.002	-0.001	0.000	-0.05	2.07	0.00	0.00	-0.11	0.80	35946	0.006	-0.002	-0.154	-0.014	-0.004	7.544
4.072	0.002	0.001	0.000	-0.12	2.06	0.01	1.74	0.97	-0.99	35955	0.006	-0.001	-0.151	-0.014	-0.004	7.556
4.080	0.004	0.001	0.000	-0.09	1.96	0.00	2.75	1.77	-1.70	35938	0.006	-0.001	-0.148	-0.014	-0.004	7.567
4.091	0.004	0.000	0.000	-0.03	1.92	-0.01	2.16	2.54	0.16	35931	0.006	-0.001	-0.145	-0.014	-0.004	7.578
4.101	0.003	0.000	0.000	-0.01	1.91	-0.01	3.90	3.85	-0.62	35943	0.006	-0.001	-0.142	-0.015	-0.004	7.589
4.111	0.003	0.001	0.000	0.00	1.85	-0.02	4.11	3.52	-0.75	35972	0.006	-0.001	-0.139	-0.015	-0.004	7.599
4.123	0.002	0.001	0.000	0.04	1.83	-0.03	3.78	3.49	-4.19	35964	0.006	-0.000	-0.136	-0.015	-0.004	7.610
4.128	0.003	-0.001	0.000	0.16	1.77	-0.07	6.87	7.40	-7.95	35933	0.006	-0.001	-0.133	-0.015	-0.004	7.620
4.142	0.004	-0.000	0.000	0.20	1.63	-0.15	7.01	6.57	-9.16	35946	0.006	-0.001	-0.130	-0.015	-0.004	7.630
4.153	0.003	0.000	0.000	0.26	1.60	-0.24	7.75	7.51	-11.38	35970	0.006	-0.000	-0.127	-0.016	-0.004	7.639
4.159	0.004	-0.000	0.000	0.37	1.46	-0.36	9.23	7.40	-12.74	37984	0.006	-0.000	-0.124	-0.016	-0.004	7.649
4.175	0.004	-0.001	0.000	0.47	1.36	-0.49	7.12	5.83	-10.79	37988	0.006	-0.001	-0.120	-0.016	-0.004	7.658
4.182	0.005	-0.000	0.000	0.52	1.24	-0.59	-1.23	0.66	-5.94	38023	0.006	-0.001	-0.117	-0.016	-0.004	7.667
4.192	0.005	-0.001	0.000	0.51	1.24	-0.65	-8.04	-7.34	-4.11	38076	0.006	-0.001	-0.114	-0.016	-0.004	7.676
4.200	0.004	-0.001	0.000	0.43	1.30	-0.69	-14.31	-11.24	-6.98	38110	0.007	-0.001	-0.111	-0.016	-0.004	7.684
4.209	0.004	-0.000	0.000	0.27	1.40	-0.77	-9.36	-8.44	-7.89	38167	0.007	-0.001	-0.108	-0.017	-0.004	7.692
4.217	0.003	-0.001	0.000	0.21	1.51	-0.85	-2.64	-2.23	-7.25	38211	0.007	-0.001	-0.105	-0.017	-0.004	7.700
4.228	0.004	-0.000	0.000	0.15	1.46	-0.92	-1.02	3.01	-6.58	38173	0.007	-0.001	-0.102	-0.017	-0.004	7.708
4.237	0.003	-0.001	0.000	0.18	1.48	-0.98	0.01	1.95	-5.21	38182	0.007	-0.001	-0.099	-0.017	-0.004	7.715
4.254	0.004	0.001	0.000	0.11	1.40	-1.04	0.25	1.23	-7.93	38228	0.007	-0.001	-0.095	-0.017	-0.004	7.723
4.260	0.004	-0.001	0.000	0.19	1.37	-1.12	4.43	6.94	-8.96	38209	0.007	-0.001	-0.092	-0.018	-0.004	7.730
4.271	0.004	0.001	0.000	0.17	1.29	-1.21	4.27	3.01	-9.05	38180	0.007	-0.001	-0.089	-0.018	-0.003	7.736
4.278	0.005	-0.005	0.000	0.43	1.22	-1.29	-1.03	-4.19	-8.08	38256	0.007	-0.001	-0.086	-0.018	-0.004	7.743
4.288	0.005	-0.004	0.000	0.39	1.20	-1.38	-7.97	-3.63	-8.06	38261	0.007	-0.002	-0.083	-0.018	-0.004	7.749
4.301	0.003	-0.004	0.000	0.27	1.31	-1.46	-11.14	-7.90	-8.54	38264	0.007	-0.002	-0.080	-0.019	-0.004	7.755
4.311	0.003	-0.004	0.000	0.19	1.38	-1.55	-11.20	-7.54	-8.24	38293	0.007	-0.002	-0.077	-0.019	-0.004	7.761
4.321	0.011	-0.005	0.001	0.08	1.12	-1.64	-16.88	-9.69	-9.36	38163	0.008	-0.003	-0.074	-0.019	-0.004	7.767
4.330	0.009	-0.009	0.000	0.07	1.30	-1.72	-19.64	-8.67	-7.02	38267	0.009	-0.004	-0.071	-0.019	-0.005	7.772
4.339	0.007	-0.010	0.000	-0.10	1.44	-1.79	-17.63	-9.09	-7.04	38249	0.009	-0.005	-0.068	-0.019	-0.005	7.778
4.351	0.009	-0.010	0.001	-0.25	1.39	-1.87	0.56	12.55	-7.63	38255	0.010	-0.005	-0.065	-0.019	-0.005	7.783
4.362	0.011	-0.013	0.001	-0.16	1.20	-1.94	7.29	20.39	-5.63	38233	0.010	-0.006	-0.062	-0.019	-0.006	7.787
4.371	0.009	-0.012	0.000	-0.12	1.07	-2.00	16.53	19.03	-5.43	40330	0.011	-0.007	-0.059	-0.019	-0.006	7.792
4.379	0.011	-0.013	0.001	0.05	0.77	-2.05	3.10	19.88	-3.63	40368	0.011	-0.008	-0.056	-0.019	-0.007	7.796
4.388	0.011	-0.013	0.001	0.08	0.58	-2.09	0.56	14.27	-5.52	40406	0.012	-0.009	-0.054	-0.019	-0.007	7.800
4.401	0.011	-0.017	0.000	0.22	0.41	-2.13	-3.21	11.55	-3.74	40514	0.012	-0.010	-0.051	-0.019	-0.007	7.804
4.410	0.011	-0.018	0.000	0.18	0.30	-2.17	-9.43	6.36	-1.20	40485	0.013	-0.011	-0.048	-0.019	-0.008	7.808
4.419	0.013	-0.017	0.000	-0.00	0.19	-2.18	-11.55	4.15	-0.25	40544	0.013	-0.012	-0.045	-0.019	-0.008	7.811
4.430	0.011	-0.019	0.000	-0.07	0.22	-2.18	-9.66	3.14	1.39	40644	0.013	-0.013	-0.042	-0.019	-0.009	7.814
4.439	0.007	-0.022	0.000	-0.06	0.33	-2.15	-17.21	8.36	1.89	40718	0.013	-0.014	-0.039	-0.020	-0.009	7.817
4.450	0.006	-0.022	0.000	-0.26	0.28	-2.13	-11.64	6.29	1.38	40655	0.013	-0.016	-0.036	-0.020	-0.010	7.820
4.462	0.002	-0.029	-0.000	-0.10	0.35	-2.10	-12.47	4.84	0.89	40805	0.012	-0.017	-0.033	-0.021	-0.010	7.823
4.471	0.001	-0.029	-0.000	-0.26	0.33	-2.09	-21.80	9.25	0.44	40832	0.011	-0.019	-0.031	-0.022	-0.011	7.825
4.481	-0.002	-0.033	-0.001	-0.37	0.36	-2.08	-18.35	8.53	-0.80	41002	0.010	-0.021	-0.028	-0.023	-0.012	7.827
4.488	-0.004	-0.032	-0.001	-0.64	0.31	-2.09	-23.63	18.24	0.28	40941	0.008	-0.023	-0.025	-0.023	-0.013	7.829
4.501	-0.010	-0.037	-0.001	-0.70	0.31	-2.07	-23.62	23.72	1.96	40948	0.007	-0.025	-0.022	-0.025	-0.013	7.831
4.513	-0.011	-0.040	-0.001	-0.88	0.06	-2.05	-26.58	28.49	2.86	40859	0.005	-0.027	-0.020	-0.026	-0.014	7.832
4.521	-0.014	-0.043	-0.001	-1.08	-0.14	-2.02	-35.58	30.07	2.49	40884	0.003	-0.029	-0.017	-0.027	-0.015	7.833
4.531	-0.015	-0.043	-0.001	-1.47	-0.46	-2.00	-38.50	30.36	3.44	40762	0.001	-0.032	-0.014	-0.028	-0.016	7.834
4.539	-0.016	-0.046	-0.001	-1.79	-0.75	-1.97	-33.09	35.33	5.07	40699	-0.001	-0.034	-0.012	-0.029	-0.017	7.835
4.552	-0.017	-0.049	-0.000	-2.07	-1.14	-1.92	-27.80	38.62	7.13	40578	-0.003	-0.036	-0.009	-0.030	-0.018	7.836
4.567	-0.020	-0.051	-0.000	-2.29	-1.46	-1.85	-18.08	47.22	9.04	40658	-0.005	-0.038	-0.006	-0.031	-0.019	7.836
4.572	-0.020	-0.052	-0.000	-2.49	-2.02	-1.79	-16.09	60.77	9.33	40671	-0.007	-0.040	-0.003	-0.032	-0.020	7.836
4.582	-0.021	-0.051	0.000	-2.72	-2.58	-1.74	-2.98	44.76	6.94	42801	-0.009	-0.042	-0.001	-0.033	-0.020	7.836
4.588	-0.021	-0.053	0.000	-2.75	-3.08	-1.69	-2.04	34.17	7.87	42878	-0.010	-0.044	0.002	-0.034	-0.021	7.836
4.603	-0.022	-0.051	0.001	-2.90	-3.43	-1.65	-9.90	26.21	10.07	42807	-0.012	-0.045	0.005	-0.034	-0.021	7.836
4.613	-0.022	-0.052	0.001	-3.01	-3.70	-1.56	-5.57	16.31	13.29	42825	-0.014	-0.046	0.008	-0.035	-0.022	7.835
4.619	-0.021	-0.051	0.002	-3.13	-3.93	-1.45	0.54	5.34	12.46	42806	-0.015	-0.047	0.011	-0.035	-0.022	7.835
4.630	-0.025	-0.051	0.001	-3.13	-3.83	-1.35	9.83	-12.01	12.56	42795	-0.016	-0.048	0.014	-0.036	-0.022	7.834
4.641	-0.024	-0.050	0.002	-3.09	-3.79	-1.23	6.50	-18.77	10.52	42909	-0.018	-0.048	0.017	-0.036	-0.023	7.833
4.652	-0.024	-0.050	0.002	-3.07	-3.62	-1.13	-0.59	-8.27	10.33	42822	-0.019	-0.049	0.020	-0.037	-0.023	7.831
4.664	-0.027	-0.052	0.002	-2.99	-3.46	-1.01	0.38	0.88	10.41	42791	-0.020	-0.049	0.023	-0.037	-0.023	7.830
4.672	-0.026	-0.050	0.002	-3.09	-3.50	-0.94	2.38	-3.07	11.30	42764	-0.022	-0.049	0.025	-0.037	-0.023	7.828
4.680	-0.022	-0.050	0.002	-3.07	-3.70	-0.79	1.72	-13.44	11.01	42915	-0.022	-0.050	0.028	-0.037	-0.023	7.826
4.690	-0.021	-0.048	0.002	-3.13	-3.60	-0.70	-3.01	-20.68	10.37	42890	-0.023	-0.050	0.031	-0.037	-0.023	7.824
4.697	-0.017	-0.045	0.002	-3.30	-3.56	-0.61	-0.36	-28.33	9.36	42898	-0.023	-0.049	0.034	-0.037	-0.023	7.821
4.714	-0.013	-0.045	0.002	-3.28	-3.44	-0.47	6.64	-21.93	8.78	42895	-0.022	-0.049	0.036	-0.036	-0.022	7.819
4.721	-0.008	-0.045	0.001	-3.20	-3.45	-0.34	20.99	-10.48	8.01	43100	-0.021	-0.048	0.039	-0.035	-0.022	7.816
4.728	-0.006	-0.046	0.002	-2.89	-3.43	-0.20	31.72	-1.08	6.43	43078	-0.020	-0.048	0.041	-0.034	-0.022	7.813
4.735	-0.004	-0.046	0.002	-2.54	-3.48	-0.11	39.98	-2.03	4.36	43066	-0.019	-0.047	0.044	-0.033	-0.022	7.810
4.746	-0.003	-0.047	0.003	-2.07	-3.43	-0.05	44.90	-6.20	2.95	42978	-0.017	-0.047	0.047	-0.032	-0.022	7.806
4.761	-0.005	-0.050	0.002	-1.46	-3.21	0.02	47.74	-18.48	1.87	42754	-0.017	-0.047	0.049	-0.031	-0.022	7.803
4.770	-0.005	-0.046	0.003	-1.18	-2.98	-0.06	42.80	-31.75	-0.27	42962	-0.016	-0.047	0.052	-0.031	-0.022	7.799
4.782	-0.004	-0.045	0.004	-0.82	-2.64	-0.08	28.22	-42.51	-1.01	42882	-0.015	-0.046	0.054	-0.030	-0.022	7.795
4.790	-0.002	-0.045	0.004	-0.52	-2.22	-0.06	14.56	-52.24	-0.35	44902	-0.014	-0.046	0.057	-0.029	-0.022	7.791
4.798	-0.001	-0.045	0.005	-0.38	-1.68	-0.06	-0.30	-57.66	-1.10	44824	-0.013	-0.046	0.060	-0.028	-0.022	7.787
4.808	-0.001	-0.042	0.004	-0.52	-1.06	-0.13	-11.08	-56.76	-1.84	45091	-0.012	-0.045	0.062	-0.027	-0.021	7.783
4.821	-0.001	-0.042	0.004	-0.61	-0.45	-0.14	-20.29	-53.01	-2.90	44977	-0.012	-0.044	0.065	-0.027	-0.021	7.778
4.831	-0.002	-0.042	0.005	-0.81	0.19	-0.18	-24.38	-44.50	-2.89	44810	-0.011	-0.044	0.068	-0.026	-0.021	7.773
4.839	-0.004	-0.045	0.007	-0.89	0.76	-0.16	-24.00	-35.69	-3.08	44627	-0.011	-0.044	0.071	-0.026	-0.021	7.768
4.849	-0.004	-0.044	0.004	-1.16	1.12	-0.20	-16.67	-23.65	-4.63	44494	-0.011	-0.044	0.073	-0.025	-0.021	7.763
4.862	-0.006	-0.045	0.005	-1.28	1.44	-0.25	-8.99	-12.46	-4.87	44892	-0.010	-0.043	0.076	-0.025	-0.021	7.758
4.872	-0.005	-0.045	0.006	-1.31	1.56	-0.28	-2.81	-10.88	-4.99	44772	-0.010	-0.043	0.079	-0.025	-0.022	7.752
4.881	0.000	-0.042	0.007	-1.44	1.44	-0.33	6.39	-10.50	-2.67	44638	-0.010	-0.043	0.081	-0.024	-0.022	7.747
4.891	0.000	-0.042	0.007	-1.37	1.60	-0.36	12.82	-14.00	-1.75	44521	-0.009	-0.042	0.084	-0.023	-0.022	7.741
4.899	-0.000	-0.042	0.008	-1.22	1.78	-0.38	14.24	-17.35	-2.86	44639	-0.008	-0.042	0.087	-0.023	-0.022	7.735
4.912	-0.001	-0.042	0.009	-1.05	2.02	-0.40	13.33	-18.20	-2.66	44536	-0.008	-0.042	0.090	-0.022	-0.022	7.729
4.921	-0.009	-0.047	0.010	-0.68	2.59	-0.43	14.08	-18.73	-1.90	44389	-0.008	-0.042	0.093	-0.022	-0.022	7.722
4.931	-0.008	-0.047	0.011	-0.51	2.76	-0.45	15.02	-17.47	-2.07	44300	-0.009	-0.042	0.096	-0.022	-0.022	7.716
4.941	-0.009	-0.046	0.015	-0.38	2.96	-0.48	13.44	-10.96	-2.69	43646	-0.009	-0.042	0.099	-0.022	-0.022	7.710
4.947	-0.011	-0.048	0.016	-0.15	3.13	-0.50	11.02	-4.22	-2.49	43559	-0.009	-0.043	0.103	-0.022	-0.023	7.703
4.960	-0.009	-0.048	0.018	-0.03	3.07	-0.51	9.51	0.36	-2.51	43445	-0.009	-0.043	0.106	-0.022	-0.023	7.696
4.974	-0.011	-0.049	0.019	0.09	3.13	-0.55	9.57	6.45	-1.83	43373	-0.010	-0.043	0.110	-0.022	-0.024	7.690
4.980	-0.006	-0.053	0.026	0.39	2.85	-0.54	7.39	14.40	-1.32	43185	-0.010	-0.044	0.114	-0.022	-0.024	7.683
4.988	-0.005	-0.052	0.028	0.43	2.62	-0.55	2.77	24.34	-1.41	44209	-0.009	-0.045	0.118	-0.022	-0.025	7.676
4.999	-0.002	-0.049	0.029	0.29	2.24	-0.55	-1.26	33.62	-1.26	44074	-0.008	-0.045	0.122	-0.021	-0.025	7.669
5.011	-0.001	-0.049	0.031	0.27	1.86	-0.56	-3.99	38.38	-2.27	44009	-0.008	-0.045	0.126	-0.021	-0.025	7.662
5.022	-0.000	-0.049	0.033	0.23	1.45	-0.58	-5.29	38.17	-1.63	43968	-0.007	-0.045	0.130	-0.020	-0.026	7.654
5.030	0.003	-0.046	0.040	0.07	0.95	-0.59	-8.84	33.59	-1.07	43071	-0.006	-0.045	0.135	-0.020	-0.026	7.647
5.041	0.003	-0.045	0.042	-0.06	0.62	-0.59	-10.45	26.82	0.05	43002	-0.005	-0.045	0.140	-0.019	-0.026	7.640
5.050	0.005	-0.044	0.044	-0.20	0.30	-0.59	-11.54	17.86	1.29	42920	-0.004	-0.045	0.144	-0.018	-0.026	7.632
5.057	0.003	-0.043	0.046	-0.35	0.22	-0.57	-11.81	9.28	2.23	42804	-0.003	-0.044	0.148	-0.018	-0.026	7.624
5.073	0.005	-0.045	0.052	-0.36	0.07	-0.56	-9.81	1.47	2.60	42739	-0.003	-0.044	0.153	-0.017	-0.026	7.617
5.079	0.008	-0.041	0.054	-0.64	-0.05	-0.52	-8.45	-5.63	2.41	41980	-0.001	-0.043	0.158	-0.017	-0.025	7.609
5.090	0.008	-0.041	0.056	-0.72	0.01	-0.49	-4.29	-10.50	3.62	41935	-0.000	-0.043	0.162	-0.016	-0.025	7.601
5.100	0.010	-0.039	0.058	-0.79	0.05	-0.46	-0.74	-13.56	3.82	41928	0.001	-0.042	0.167	-0.015	-0.025	7.592
5.109	0.011	-0.039	0.067	-0.78	0.19	-0.42	3.74	-15.24	2.44	41926	0.002	-0.041	0.172	-0.015	-0.025	7.584
5.121	0.013	-0.038	0.069	-0.76	0.28	-0.39	9.09	-13.27	0.88	40740	0.003	-0.041	0.177	-0.014	-0.025	7.576
5.129	0.013	-0.037	0.072	-0.66	0.42	-0.38	14.33	-9.25	-0.24	40702	0.005	-0.040	0.182	-0.014	-0.024	7.568
5.137	0.014	-0.036	0.074	-0.54	0.51	-0.39	19.94	-7.88	-0.77	40691	0.006	-0.039	0.186	-0.013	-0.024	7.559
5.152	0.015	-0.036	0.076	-0.33	0.55	-0.39	24.30	-7.02	-1.20	40679	0.007	-0.038	0.191	-0.013	-0.024	7.551
5.162	0.016	-0.035	0.081	-0.08	0.59	-0.41	26.01	-9.59	-1.51	40254	0.008	-0.038	0.195	-0.012	-0.024	7.542
5.171	0.016	-0.035	0.083	0.22	0.71	-0.43	23.12	-11.99	-2.45	40216	0.009	-0.037	0.200	-0.011	-0.024	7.533
5.179	0.018	-0.033	0.086	0.36	0.78	-0.45	18.98	-11.14	-2.27	40260	0.011	-0.036	0.204	-0.011	-0.023	7.524
5.191	0.018	-0.033	0.088	0.57	0.90	-0.47	12.32	-10.90	-2.16	40280	0.012	-0.035	0.208	-0.010	-0.023	7.515
5.199	0.019	-0.031	0.090	0.64	1.01	-0.49	5.74	-10.96	-2.31	40352	0.013	-0.034	0.212	-0.010	-0.023	7.506
5.212	0.019	-0.030	0.092	0.68	1.13	-0.51	0.30	-10.04	-2.22	42681	0.014	-0.034	0.216	-0.010	-0.023	7.496
5.222	0.020	-0.030	0.094	0.71	1.23	-0.54	-3.33	-9.87	-2.59	42775	0.015	-0.033	0.219	-0.009	-0.023	7.487
5.230	0.021	-0.030	0.097	0.69	1.28	-0.57	-3.77	-6.96	-2.76	42878	0.016	-0.032	0.223	-0.009	-0.022	7.477
5.241	0.022	-0.030	0.099	0.66	1.34	-0.60	-4.66	-4.24	-3.12	42990	0.017	-0.032	0.227	-0.009	-0.022	7.468
5.247	0.022	-0.029	0.102	0.61	1.40	-0.63	-4.02	-1.08	-3.37	42854	0.018	-0.031	0.230	-0.008	-0.022	7.458
5.260	0.022	-0.029	0.104	0.58	1.42	-0.66	-1.89	2.74	-3.49	42953	0.019	-0.030	0.234	-0.008	-0.022	7.448
5.272	0.023	-0.029	0.106	0.59	1.35	-0.70	-0.19	5.01	-3.16	43061	0.020	-0.030	0.238	-0.008	-0.022	7.438
5.281	0.024	-0.028	0.107	0.58	1.28	-0.73	0.10	7.53	-2.74	43165	0.021	-0.029	0.241	-0.007	-0.022	7.428
5.288	0.025	-0.027	0.106	0.56	1.21	-0.75	2.90	8.83	-2.52	43262	0.022	-0.029	0.244	-0.007	-0.022	7.417
5.299	0.025	-0.027	0.108	0.62	1.12	-0.78	3.54	8.12	-2.18	43876	0.022	-0.028	0.247	-0.007	-0.022	7.407
5.310	0.026	-0.027	0.109	0.65	1.03	-0.80	4.00	6.83	-2.44	43990	0.023	-0.028	0.250	-0.007	-0.022	7.396
5.317	0.026	-0.026	0.111	0.69	0.97	-0.82	5.81	4.91	-2.08	44086	0.024	-0.027	0.253	-0.007	-0.021	7.385
5.333	0.027	-0.025	0.111	0.73	0.90	-0.85	7.53	3.24	-2.16	44171	0.025	-0.027	0.255	-0.007	-0.021	7.374
5.342	0.027	-0.025	0.112	0.81	0.89	-0.86	8.39	1.65	-2.41	44557	0.025	-0.026	0.258	-0.006	-0.021	7.363
5.351	0.027	-0.024	0.113	0.90	0.87	-0.89	8.34	0.79	-2.22	44659	0.026	-0.026	0.260	-0.006	-0.021	7.352
5.361	0.027	-0.024	0.114	0.98	0.87	-0.91	8.46	-1.20	-2.04	44739	0.027	-0.025	0.263	-0.006	-0.021	7.341
5.369	0.028	-0.024	0.116	1.07	0.89	-0.93	6.87	-1.91	-2.66	44819	0.027	-0.025	0.265	-0.006	-0.021	7.330
5.384	0.028	-0.023	0.115	1.13	0.91	-0.96	5.37	-2.50	-2.60	45228	0.028	-0.025	0.268	-0.006	-0.021	7.318
5.390	0.029	-0.022	0.116	1.16	0.92	-0.99	3.53	-3.37	-2.35	45310	0.029	-0.024	0.270	-0.006	-0.021	7.306
5.400	0.029	-0.022	0.117	1.20	0.95	-1.01	0.19	-1.05	-2.71	45365	0.029	-0.024	0.272	-0.006	-0.021	7.295
5.410	0.029	-0.022	0.118	1.21	0.96	-1.04	-0.84	-0.28	-1.40	45420	0.030	-0.023	0.274	-0.006	-0.021	7.283
5.419	0.029	-0.022	0.118	1.19	0.95	-1.05	-3.57	3.10	-1.39	47569	0.030	-0.023	0.276	-0.006	-0.020	7.271
5.427	0.030	-0.021	0.119	1.14	0.92	-1.06	-5.69	6.92	-2.14	47856	0.031	-0.023	0.279	-0.006	-0.020	7.259
5.439	0.030	-0.021	0.119	1.08	0.85	-1.08	-7.39	6.83	-1.97	47915	0.031	-0.022	0.281	-0.007	-0.020	7.246
5.450	0.030	-0.021	0.120	1.02	0.77	-1.11	-7.47	7.41	-2.19	47953	0.032	-0.022	0.283	-0.007	-0.020	7.234
5.461	0.031	-0.020	0.121	0.93	0.68	-1.13	-7.05	8.05	-2.85	47976	0.032	-0.022	0.286	-0.007	-0.020	7.221
5.471	0.031	-0.020	0.121	0.86	0.60	-1.16	-6.19	8.05	-2.84	48135	0.033	-0.021	0.288	-0.007	-0.020	7.209
5.484	0.031	-0.020	0.122	0.81	0.51	-1.19	-4.81	7.83	-3.09	48115	0.033	-0.021	0.290	-0.007	-0.020	7.196
5.490	0.032	-0.019	0.123	0.73	0.44	-1.21	-4.15	6.65	-3.10	48081	0.033	-0.021	0.292	-0.007	-0.020	7.183
5.501	0.032	-0.019	0.124	0.69	0.37	-1.24	-1.69	5.65	-2.47	48047	0.034	-0.021	0.295	-0.007	-0.020	7.170
5.510	0.032	-0.019	0.122	0.68	0.31	-1.27	-0.87	4.31	-2.52	47992	0.034	-0.020	0.297	-0.007	-0.019	7.157
5.517	0.032	-0.018	0.122	0.67	0.27	-1.29	1.72	2.74	-2.77	48489	0.034	-0.020	0.299	-0.007	-0.019	7.144
5.532	0.033	-0.018	0.123	0.70	0.23	-1.32	1.25	1.13	-3.06	48416	0.035	-0.020	0.301	-0.008	-0.019	7.130
5.540	0.033	-0.017	0.124	0.69	0.23	-1.35	1.90	-1.30	-2.77	48330	0.035	-0.019	0.303	-0.008	-0.019	7.117
5.550	0.033	-0.017	0.125	0.71	0.25	-1.38	0.63	-1.20	-3.03	48222	0.035	-0.019	0.305	-0.008	-0.019	7.103
5.559	0.033	-0.017	0.127	0.72	0.26	-1.41	-0.33	-1.57	-2.34	48057	0.036	-0.019	0.307	-0.008	-0.019	7.089
5.568	0.033	-0.017	0.128	0.72	0.27	-1.43	-0.81	-1.76	-2.23	47937	0.036	-0.019	0.310	-0.008	-0.019	7.075
5.581	0.034	-0.017	0.129	0.71	0.29	-1.46	-3.04	-0.82	-2.56	47803	0.036	-0.019	0.312	-0.009	-0.018	7.062
5.590	0.034	-0.017	0.130	0.68	0.30	-1.48	-4.27	-0.51	-2.20	47652	0.037	-0.018	0.315	-0.009	-0.018	7.048
5.601	0.034	-0.016	0.131	0.62	0.30	-1.50	-5.36	1.09	-2.20	47510	0.037	-0.018	0.317	-0.009	-0.018	7.033
5.611	0.034	-0.016	0.133	0.57	0.29	-1.53	-6.56	1.94	-2.32	47366	0.037	-0.018	0.319	-0.009	-0.018	7.019
5.619	0.034	-0.015	0.134	0.48	0.27	-1.55	-5.63	3.07	-1.55	47212	0.037	-0.018	0.322	-0.009	-0.018	7.005
5.631	0.034	-0.016	0.135	0.45	0.23	-1.57	-4.74	4.26	-1.71	49215	0.037	-0.018	0.325	-0.010	-0.018	6.991
5.640	0.034	-0.016	0.137	0.41	0.19	-1.58	-4.48	5.07	-1.82	49070	0.038	-0.018	0.327	-0.010	-0.018	6.976
5.652	0.034	-0.013	0.138	0.26	0.16	-1.59	-4.52	5.35	-1.68	48994	0.038	-0.017	0.330	-0.010	-0.017	6.962
5.660	0.034	-0.013	0.140	0.23	0.09	-1.61	-1.20	4.47	-0.82	48843	0.038	-0.017	0.332	-0.010	-0.017	6.947
5.669	0.034	-0.013	0.141	0.22	0.05	-1.62	-0.46	3.91	-1.23	48672	0.038	-0.016	0.335	-0.011	-0.017	6.932
5.681	0.034	-0.013	0.143	0.22	0.01	-1.63	0.62	3.72	-1.13	48497	0.038	-0.016	0.338	-0.011	-0.017	6.918
5.690	0.035	-0.013	0.146	0.24	-0.04	-1.64	1.91	1.47	-0.91	48107	0.038	-0.016	0.341	-0.011	-0.016	6.903
5.702	0.034	-0.012	0.148	0.24	-0.03	-1.65	2.10	0.92	-0.90	47902	0.038	-0.015	0.344	-0.012	-0.016	6.888
5.710	0.035	-0.012	0.150	0.27	-0.07	-1.66	2.46	0.55	-0.81	47692	0.038	-0.015	0.347	-0.012	-0.016	6.873
5.718	0.035	-0.012	0.152	0.29	-0.06	-1.67	2.09	0.09	-0.74	47470	0.039	-0.015	0.350	-0.012	-0.016	6.858
5.729	0.035	-0.012	0.154	0.31	-0.06	-1.68	2.27	0.18	-1.07	47239	0.039	-0.015	0.354	-0.012	-0.015	6.843
5.743	0.036	-0.013	0.156	0.38	-0.09	-1.69	1.19	0.44	-1.36	47029	0.039	-0.014	0.357	-0.013	-0.015	6.828
5.752	0.036	-0.011	0.159	0.34	-0.09	-1.70	0.34	-0.88	-0.38	46814	0.039	-0.014	0.360	-0.013	-0.015	6.812
5.761	0.035	-0.009	0.161	0.26	-0.04	-1.70	-0.82	0.74	-1.08	46601	0.039	-0.014	0.363	-0.013	-0.015	6.797
5.772	0.035	-0.008	0.163	0.26	-0.05	-1.71	-0.03	0.57	-0.88	46390	0.039	-0.013	0.366	-0.013	-0.015	6.782
5.782	0.035	-0.009	0.166	0.27	-0.05	-1.72	0.60	2.31	-0.93	46128	0.039	-0.013	0.369	-0.014	-0.014	6.766
5.791	0.035	-0.009	0.169	0.28	-0.08	-1.73	1.27	1.47	-0.72	45925	0.039	-0.012	0.373	-0.014	-0.014	6.751
5.799	0.036	-0.009	0.171	0.30	-0.11	-1.74	1.85	1.10	-0.51	45724	0.039	-0.012	0.376	-0.014	-0.014	6.735
5.811	0.036	-0.009	0.174	0.32	-0.12	-1.74	1.58	0.30	-0.27	45523	0.039	-0.012	0.379	-0.014	-0.013	6.720
5.822	0.036	-0.010	0.173	0.37	-0.12	-1.74	2.21	-0.31	-0.42	45945	0.039	-0.011	0.382	-0.015	-0.013	6.704
5.828	0.036	-0.010	0.176	0.40	-0.12	-1.75	2.22	-0.67	-0.62	47833	0.039	-0.011	0.384	-0.015	-0.013	6.688
5.841	0.036	-0.010	0.178	0.43	-0.11	-1.76	2.48	-1.06	-0.12	47687	0.039	-0.011	0.387	-0.015	-0.013	6.672
5.850	0.036	-0.010	0.181	0.45	-0.10	-1.76	1.71	-1.60	-0.11	47536	0.039	-0.011	0.390	-0.015	-0.013	6.656
5.858	0.036	-0.010	0.180	0.46	-0.09	-1.76	0.75	-0.65	-0.00	47379	0.039	-0.011	0.393	-0.016	-0.013	6.640
5.869	0.034	-0.002	0.183	0.28	-0.01	-1.76	0.36	-0.23	-0.25	47831	0.039	-0.010	0.395	-0.016	-0.012	6.624
5.877	0.034	-0.002	0.185	0.28	-0.01	-1.76	-0.47	-0.16	-0.11	47677	0.039	-0.009	0.398	-0.016	-0.012	6.608
5.894	0.035	-0.002	0.188	0.29	-0.03	-1.77	-1.20	1.08	-0.02	47521	0.039	-0.009	0.401	-0.017	-0.011	6.592
5.900	0.035	-0.002	0.190	0.28	-0.04	-1.77	-0.49	2.08	0.15	47365	0.039	-0.008	0.404	-0.017	-0.011	6.575
5.911	0.035	-0.003	0.191	0.30	-0.06	-1.76	1.01	3.05	0.58	47479	0.039	-0.007	0.406	-0.017	-0.011	6.559
5.920	0.035	-0.003	0.194	0.32	-0.10	-1.76	1.73	2.67	0.79	47295	0.039	-0.007	0.409	-0.017	-0.010	6.543
5.928	0.035	-0.003	0.196	0.36	-0.12	-1.75	3.72	3.34	0.97	47121	0.038	-0.007	0.412	-0.018	-0.010	6.526
5.941	0.035	-0.004	0.199	0.41	-0.15	-1.73	3.84	1.18	1.52	46942	0.038	-0.006	0.415	-0.018	-0.010	6.510
5.950	0.035	-0.007	0.201	0.55	-0.16	-1.71	4.53	1.01	1.51	46747	0.038	-0.007	0.418	-0.018	-0.010	6.493
5.961	0.035	-0.007	0.203	0.59	-0.17	-1.69	5.22	-1.00	2.43	46752	0.038	-0.007	0.421	-0.018	-0.010	6.477
5.969	0.036	-0.008	0.206	0.65	-0.16	-1.67	3.48	-2.01	2.48	46564	0.038	-0.007	0.424	-0.018	-0.010	6.460
5.978	0.036	-0.008	0.209	0.68	-0.15	-1.64	1.42	-1.47	1.86	46366	0.038	-0.007	0.427	-0.019	-0.010	6.444
5.987	0.036	-0.009	0.212	0.72	-0.14	-1.62	0.47	-1.63	2.31	46172	0.038	-0.008	0.430	-0.019	-0.010	6.427
6.000	0.037	-0.010	0.214	0.74	-0.13	-1.60	-3.07	-1.18	2.22	46118	0.039	-0.008	0.433	-0.019	-0.010	6.411
6.008	0.037	-0.010	0.217	0.71	-0.14	-1.58	-4.23	-0.53	2.59	45942	0.039	-0.008	0.436	-0.019	-0.010	6.394
6.019	0.037	-0.010	0.220	0.65	-0.12	-1.56	-6.55	-0.74	2.57	45760	0.039	-0.009	0.439	-0.019	-0.010	6.378
6.028	0.037	-0.005	0.223	0.49	-0.12	-1.54	-8.15	0.49	2.98	45574	0.039	-0.009	0.442	-0.019	-0.010	6.361
6.039	0.037	-0.011	0.227	0.53	-0.13	-1.50	-8.77	0.05	2.26	47243	0.039	-0.009	0.445	-0.019	-0.010	6.344
6.051	0.038	-0.005	0.230	0.31	-0.12	-1.49	-8.55	-1.30	2.50	47077	0.039	-0.009	0.449	-0.019	-0.010	6.328
6.058	0.038	-0.004	0.233	0.21	-0.11	-1.46	-7.86	-1.25	2.84	46908	0.039	-0.008	0.452	-0.020	-0.010	6.311
6.070	0.037	-0.006	0.236	0.18	-0.09	-1.43	-6.29	-2.59	2.89	46734	0.039	-0.008	0.455	-0.020	-0.010	6.294
6.079	0.037	-0.005	0.239	0.10	-0.06	-1.40	-3.87	-3.60	2.84	46557	0.039	-0.008	0.459	-0.020	-0.009	6.278
6.088	0.034	-0.008	0.242	0.13	0.06	-1.36	-1.84	-3.82	2.52	46472	0.039	-0.008	0.462	-0.020	-0.009	6.261
6.100	0.033	-0.020	0.245	0.36	0.10	-1.32	0.10	-3.77	2.74	46297	0.038	-0.010	0.466	-0.021	-0.010	6.244
6.110	0.034	-0.021	0.248	0.36	0.13	-1.30	1.40	-3.12	2.38	46113	0.038	-0.012	0.469	-0.021	-0.011	6.228
6.121	0.033	-0.021	0.251	0.38	0.16	-1.27	0.91	-1.08	2.17	45935	0.038	-0.013	0.472	-0.021	-0.011	6.211
6.130	0.033	-0.022	0.256	0.39	0.17	-1.25	-1.25	0.40	2.26	45426	0.037	-0.015	0.476	-0.022	-0.012	6.194
6.137	0.034	-0.023	0.260	0.38	0.16	-1.23	-4.09	2.09	2.51	45231	0.037	-0.016	0.480	-0.022	-0.012	6.178
6.151	0.034	-0.023	0.263	0.34	0.13	-1.20	-6.88	3.85	2.63	45049	0.037	-0.017	0.483	-0.022	-0.013	6.161
6.159	0.034	-0.024	0.267	0.26	0.09	-1.18	-9.70	4.12	2.54	44862	0.037	-0.018	0.487	-0.022	-0.013	6.144
6.172	0.034	-0.025	0.270	0.16	0.05	-1.15	-11.57	4.02	2.21	44672	0.037	-0.019	0.491	-0.022	-0.014	6.127
6.179	0.034	-0.024	0.274	0.03	0.02	-1.13	-12.60	2.43	2.21	44421	0.036	-0.020	0.494	-0.023	-0.014	6.111
6.188	0.033	-0.023	0.277	-0.14	0.01	-1.11	-13.13	1.40	2.05	44253	0.036	-0.021	0.498	-0.023	-0.014	6.094
6.201	0.031	-0.031	0.281	-0.12	0.04	-1.08	-12.44	-0.05	1.98	44104	0.036	-0.023	0.501	-0.023	-0.015	6.077
6.209	0.031	-0.031	0.284	-0.26	0.03	-1.06	-11.12	-1.08	1.87	43939	0.035	-0.024	0.505	-0.024	-0.015	6.061
6.222	0.031	-0.032	0.288	-0.36	0.04	-1.05	-10.81	-1.71	2.11	43650	0.035	-0.025	0.508	-0.024	-0.016	6.044
6.230	0.031	-0.032	0.292	-0.47	0.06	-1.03	-10.21	-1.23	1.59	43490	0.035	-0.027	0.512	-0.024	-0.016	6.027
6.237	0.031	-0.033	0.295	-0.58	0.07	-1.01	-9.73	-0.12	1.81	43340	0.034	-0.028	0.515	-0.024	-0.016	6.011
6.247	0.031	-0.032	0.299	-0.69	0.06	-0.99	-9.38	-0.30	2.29	45309	0.034	-0.029	0.518	-0.025	-0.017	5.994
6.260	0.032	-0.033	0.303	-0.78	0.04	-0.97	-8.95	0.73	2.14	45198	0.034	-0.030	0.522	-0.025	-0.017	5.977
6.271	0.031	-0.035	0.307	-0.85	0.05	-0.95	-7.93	1.49	2.00	44948	0.034	-0.031	0.525	-0.025	-0.017	5.961
6.279	0.029	-0.037	0.310	-0.91	0.06	-0.93	-7.50	2.09	2.27	44831	0.033	-0.032	0.529	-0.025	-0.017	5.944
6.288	0.029	-0.037	0.314	-0.98	0.04	-0.91	-5.75	2.49	1.88	44703	0.033	-0.033	0.532	-0.026	-0.018	5.928
6.302	0.029	-0.039	0.318	-1.03	0.01	-0.89	-5.35	2.96	1.65	44583	0.033	-0.034	0.536	-0.026	-0.018	5.911
6.310	0.029	-0.040	0.321	-1.08	-0.03	-0.88	-4.50	2.46	1.37	44418	0.032	-0.035	0.539	-0.026	-0.018	5.895
6.318	0.029	-0.040	0.325	-1.12	-0.05	-0.86	-4.37	2.26	1.15	44301	0.032	-0.036	0.543	-0.026	-0.019	5.878
6.331	0.029	-0.041	0.328	-1.16	-0.08	-0.85	-3.49	2.28	1.04	44176	0.032	-0.037	0.546	-0.026	-0.019	5.861
6.338	0.028	-0.041	0.331	-1.20	-0.10	-0.84	-3.32	2.60	1.72	44053	0.031	-0.038	0.549	-0.027	-0.019	5.845
6.348	0.027	-0.043	0.335	-1.21	-0.12	-0.82	-3.25	2.67	1.98	43895	0.031	-0.039	0.553	-0.027	-0.019	5.828
6.362	0.027	-0.045	0.339	-1.23	-0.14	-0.80	-2.50	2.89	1.00	43782	0.030	-0.040	0.556	-0.027	-0.020	5.812
6.372	0.028	-0.046	0.342	-1.25	-0.18	-0.79	-2.18	3.05	1.06	43663	0.030	-0.041	0.559	-0.027	-0.020	5.795
6.380	0.028	-0.047	0.345	-1.26	-0.21	-0.78	-1.45	2.87	2.02	43544	0.030	-0.042	0.563	-0.027	-0.020	5.779
6.388	0.027	-0.047	0.349	-1.28	-0.24	-0.76	-2.68	3.19	1.36	43448	0.030	-0.043	0.566	-0.028	-0.021	5.762
6.398	0.027	-0.048	0.353	-1.30	-0.28	-0.75	-1.85	3.30	1.70	43283	0.029	-0.044	0.569	-0.028	-0.021	5.746
6.411	0.027	-0.048	0.356	-1.32	-0.30	-0.74	-1.75	0.97	2.30	43178	0.029	-0.045	0.572	-0.028	-0.021	5.730
6.419	0.027	-0.049	0.359	-1.33	-0.31	-0.72	-1.12	0.76	1.57	43051	0.029	-0.046	0.575	-0.028	-0.021	5.713
6.430	0.027	-0.049	0.363	-1.35	-0.31	-0.70	-0.68	0.41	1.47	42940	0.029	-0.047	0.578	-0.028	-0.022	5.697
6.441	0.027	-0.050	0.366	-1.35	-0.32	-0.69	0.40	0.90	1.11	42918	0.028	-0.047	0.581	-0.028	-0.022	5.681
6.448	0.027	-0.050	0.369	-1.35	-0.32	-0.68	1.26	-0.83	1.38	44884	0.028	-0.048	0.584	-0.028	-0.022	5.664
6.460	0.027	-0.049	0.372	-1.35	-0.33	-0.67	1.57	-0.25	1.64	44844	0.028	-0.048	0.587	-0.028	-0.022	5.648
6.468	0.027	-0.050	0.376	-1.33	-0.32	-0.65	1.73	-2.28	0.54	44799	0.028	-0.049	0.590	-0.028	-0.022	5.632
6.480	0.027	-0.050	0.380	-1.31	-0.30	-0.64	1.63	-1.05	1.25	44754	0.028	-0.049	0.593	-0.029	-0.022	5.615
6.480	0.027	-0.051	0.383	-1.30	-0.29	-0.63	1.53	0.50	0.63	44524	0.028	-0.050	0.596	-0.029	-0.022	5.599
6.498	0.026	-0.052	0.386	-1.26	-0.28	-0.62	2.38	0.17	2.19	44443	0.027	-0.050	0.599	-0.029	-0.022	5.583
6.511	0.025	-0.053	0.389	-1.23	-0.27	-0.60	2.94	0.95	2.14	44363	0.027	-0.051	0.602	-0.029	-0.022	5.567
6.522	0.025	-0.053	0.391	-1.20	-0.28	-0.58	3.92	1.05	2.06	44293	0.027	-0.051	0.605	-0.029	-0.023	5.551
6.531	0.025	-0.039	0.394	-1.36	-0.30	-0.57	4.53	1.07	1.42	44470	0.026	-0.050	0.608	-0.029	-0.022	5.535
6.542	0.025	-0.038	0.397	-1.31	-0.31	-0.56	5.22	1.23	1.70	44393	0.026	-0.049	0.610	-0.029	-0.021	5.518
6.547	0.025	-0.038	0.400	-1.25	-0.32	-0.54	8.05	0.68	1.34	44310	0.026	-0.048	0.613	-0.029	-0.020	5.502
6.556	0.025	-0.038	0.403	-1.17	-0.32	-0.53	9.73	0.36	2.10	44237	0.026	-0.046	0.616	-0.029	-0.020	5.486
6.570	0.025	-0.038	0.407	-1.07	-0.32	-0.51	12.26	-0.39	1.58	44033	0.025	-0.045	0.619	-0.029	-0.019	5.470
6.581	0.025	-0.036	0.410	-0.96	-0.33	-0.49	14.06	-1.18	2.52	43945	0.025	-0.044	0.621	-0.029	-0.019	5.454
6.590	0.025	-0.036	0.413	-0.82	-0.32	-0.47	14.77	-0.22	1.40	43861	0.025	-0.043	0.624	-0.029	-0.018	5.438
6.602	0.025	-0.036	0.416	-0.67	-0.31	-0.45	14.96	-1.97	1.87	43802	0.025	-0.043	0.627	-0.029	-0.018	5.422
6.616	0.025	-0.036	0.417	-0.52	-0.29	-0.43	14.73	-1.19	2.23	43734	0.025	-0.042	0.629	-0.029	-0.017	5.406
6.621	0.024	-0.036	0.420	-0.36	-0.27	-0.41	14.01	-0.90	2.67	43922	0.025	-0.041	0.632	-0.029	-0.017	5.390
6.630	0.024	-0.034	0.423	-0.24	-0.26	-0.38	12.72	-0.22	2.66	43850	0.025	-0.040	0.634	-0.029	-0.016	5.374
6.641	0.025	-0.032	0.426	-0.13	-0.26	-0.36	11.94	-0.41	2.85	43786	0.024	-0.039	0.636	-0.029	-0.016	5.358
6.649	0.025	-0.032	0.428	-0.02	-0.26	-0.33	9.34	-0.52	2.81	43734	0.024	-0.038	0.639	-0.029	-0.015	5.342
6.656	0.025	-0.031	0.430	0.07	-0.26	-0.30	8.50	-0.38	2.18	43758	0.024	-0.037	0.641	-0.029	-0.015	5.326
6.669	0.025	-0.031	0.433	0.15	-0.25	-0.28	7.47	-2.01	2.68	43688	0.024	-0.036	0.643	-0.029	-0.014	5.310
6.680	0.025	-0.028	0.436	0.20	-0.23	-0.25	6.43	-1.44	2.28	43619	0.024	-0.035	0.645	-0.029	-0.014	5.294
6.690	0.026	-0.028	0.438	0.28	-0.22	-0.23	5.62	-2.77	1.99	43563	0.024	-0.034	0.647	-0.029	-0.014	5.278
6.698	0.026	-0.028	0.441	0.34	-0.19	-0.21	6.58	-2.50	1.91	43517	0.024	-0.033	0.649	-0.029	-0.013	5.262
6.714	0.026	-0.028	0.444	0.39	-0.16	-0.19	4.86	-3.73	1.97	43437	0.024	-0.033	0.652	-0.029	-0.013	5.247
6.720	0.026	-0.027	0.446	0.44	-0.13	-0.18	4.96	-2.95	1.99	43394	0.024	-0.032	0.654	-0.029	-0.012	5.231
6.728	0.026	-0.027	0.449	0.49	-0.10	-0.16	3.53	-1.58	1.64	43354	0.024	-0.031	0.656	-0.028	-0.012	5.215
6.740	0.026	-0.027	0.453	0.54	-0.09	-0.14	5.59	-1.68	2.59	43312	0.024	-0.031	0.658	-0.028	-0.012	5.200
6.748	0.028	-0.028	0.456	0.60	-0.09	-0.12	5.34	-1.42	1.16	42922	0.025	-0.030	0.660	-0.028	-0.012	5.184
6.757	0.027	-0.028	0.458	0.66	-0.08	-0.10	4.79	0.04	2.20	42883	0.025	-0.030	0.662	-0.028	-0.012	5.169
6.770	0.027	-0.027	0.461	0.70	-0.07	-0.08	4.52	-0.78	2.84	42853	0.025	-0.029	0.665	-0.028	-0.011	5.153
6.778	0.027	-0.029	0.463	0.77	-0.06	-0.05	5.49	-0.47	2.21	42802	0.025	-0.029	0.667	-0.028	-0.011	5.138
6.790	0.028	-0.029	0.466	0.84	-0.06	-0.03	5.20	-2.40	1.07	42702	0.025	-0.029	0.669	-0.027	-0.011	5.122
6.798	0.027	-0.029	0.468	0.89	-0.03	-0.02	2.43	-1.06	1.05	42685	0.025	-0.029	0.671	-0.027	-0.011	5.107
6.807	0.027	-0.029	0.471	0.91	-0.02	-0.01	1.33	-0.57	1.44	42666	0.025	-0.029	0.673	-0.027	-0.011	5.092
6.820	0.028	-0.026	0.473	0.89	-0.02	0.01	-0.11	-0.52	1.76	42641	0.025	-0.029	0.674	-0.027	-0.011	5.076
6.829	0.028	-0.027	0.474	0.90	-0.01	0.03	-1.30	-0.41	1.79	42623	0.026	-0.028	0.676	-0.027	-0.011	5.061
6.841	0.028	-0.028	0.477	0.90	-0.01	0.04	-1.39	-0.85	2.89	42784	0.026	-0.028	0.678	-0.027	-0.011	5.046
6.844	0.028	-0.029	0.479	0.89	-0.00	0.07	-2.68	-0.24	1.96	42775	0.026	-0.028	0.679	-0.027	-0.011	5.031
6.861	0.028	-0.029	0.481	0.87	0.00	0.09	-2.20	-0.26	1.84	42761	0.026	-0.028	0.681	-0.026	-0.011	5.016
6.869	0.028	-0.030	0.483	0.86	0.01	0.11	-2.69	-0.45	2.35	42760	0.026	-0.029	0.682	-0.026	-0.011	5.000
6.879	0.028	-0.028	0.486	0.82	0.02	0.14	-1.81	-0.93	2.20	42608	0.026	-0.029	0.684	-0.026	-0.011	4.985
6.889	0.028	-0.029	0.488	0.81	0.03	0.16	-2.14	-1.78	1.91	42605	0.026	-0.029	0.685	-0.026	-0.011	4.970
6.900	0.027	-0.030	0.490	0.79	0.05	0.17	-2.18	-1.20	1.59	42615	0.026	-0.029	0.687	-0.026	-0.011	4.956
6.906	0.027	-0.029	0.492	0.76	0.07	0.19	-2.55	-1.86	1.18	42616	0.026	-0.029	0.688	-0.026	-0.011	4.941
6.921	0.027	-0.029	0.494	0.74	0.09	0.20	-2.69	-0.61	1.53	42622	0.026	-0.029	0.690	-0.026	-0.011	4.926
6.931	0.027	-0.029	0.496	0.71	0.09	0.22	-3.11	-0.38	1.98	42616	0.026	-0.029	0.691	-0.026	-0.011	4.911
6.940	0.027	-0.029	0.498	0.68	0.09	0.24	-3.26	0.66	2.23	42638	0.026	-0.029	0.692	-0.026	-0.011	4.896
6.949	0.027	-0.029	0.499	0.64	0.09	0.26	-3.69	0.73	2.02	42642	0.026	-0.029	0.693	-0.026	-0.011	4.881
6.959	0.028	-0.030	0.500	0.61	0.08	0.28	-3.75	0.52	2.33	42650	0.026	-0.029	0.695	-0.025	-0.011	4.867
6.968	0.028	-0.030	0.502	0.57	0.07	0.31	-4.54	1.18	1.92	42830	0.026	-0.030	0.696	-0.025	-0.011	4.852
6.982	0.028	-0.030	0.504	0.53	0.06	0.33	-4.36	0.97	1.58	42854	0.026	-0.030	0.697	-0.025	-0.011	4.837
6.990	0.028	-0.030	0.505	0.48	0.06	0.34	-3.50	0.44	1.56	42875	0.026	-0.030	0.698	-0.025	-0.011	4.823
7.001	0.028	-0.031	0.507	0.45	0.05	0.35	-4.03	0.50	1.00	42920	0.026	-0.030	0.698	-0.025	-0.011	4.808
7.006	0.028	-0.031	0.510	0.41	0.05	0.36	-3.71	0.49	0.46	42649	0.026	-0.031	0.700	-0.025	-0.011	4.794
7.023	0.028	-0.032	0.511	0.38	0.04	0.37	-4.12	0.04	1.07	42674	0.026	-0.031	0.701	-0.025	-0.012	4.779
7.031	0.028	-0.031	0.513	0.32	0.04	0.38	-4.86	0.70	0.98	42707	0.026	-0.031	0.702	-0.025	-0.012	4.765
7.038	0.028	-0.026	0.514	0.23	0.04	0.39	-4.64	0.77	1.41	42741	0.026	-0.031	0.703	-0.025	-0.011	4.751
7.048	0.028	-0.037	0.515	0.28	0.03	0.40	-5.34	1.77	1.24	42758	0.027	-0.032	0.704	-0.024	-0.012	4.737
7.060	0.028	-0.037	0.516	0.22	0.01	0.42	-5.16	2.19	0.95	42971	0.027	-0.032	0.704	-0.024	-0.012	4.722
7.068	0.028	-0.026	0.517	0.08	-0.01	0.42	-4.78	1.83	0.68	43015	0.027	-0.032	0.705	-0.024	-0.012	4.708
7.082	0.028	-0.009	0.519	-0.12	-0.03	0.42	-4.49	2.34	0.46	43052	0.027	-0.029	0.706	-0.024	-0.010	4.694
7.090	0.028	-0.008	0.520	-0.16	-0.05	0.43	-3.78	2.25	0.38	43073	0.027	-0.027	0.706	-0.024	-0.009	4.680
7.099	0.028	-0.007	0.520	-0.21	-0.07	0.43	-1.53	0.91	0.29	43302	0.027	-0.024	0.707	-0.024	-0.007	4.666
7.108	0.028	-0.007	0.521	-0.22	-0.07	0.44	-0.34	-0.76	0.19	43335	0.027	-0.022	0.707	-0.024	-0.006	4.651
7.123	0.030	-0.007	0.522	-0.21	-0.07	0.44	3.14	-1.93	0.39	43352	0.027	-0.020	0.707	-0.024	-0.005	4.637
7.127	0.030	-0.007	0.523	-0.17	-0.05	0.44	5.14	-2.37	0.26	43392	0.027	-0.019	0.708	-0.023	-0.004	4.623
7.140	0.029	-0.008	0.523	-0.10	-0.03	0.44	7.17	-3.25	-0.23	43445	0.027	-0.018	0.708	-0.023	-0.004	4.609
7.150	0.033	-0.009	0.524	-0.02	-0.02	0.44	8.72	-2.57	-0.19	43619	0.028	-0.017	0.708	-0.023	-0.003	4.595
7.158	0.032	-0.012	0.525	0.09	0.01	0.44	9.45	-3.62	-0.63	43658	0.028	-0.016	0.708	-0.023	-0.003	4.581
7.170	0.032	-0.011	0.526	0.18	0.05	0.43	8.46	-2.45	-0.77	43712	0.029	-0.015	0.709	-0.022	-0.003	4.568
7.176	0.032	-0.011	0.528	0.26	0.07	0.42	6.30	-1.65	-0.47	43762	0.029	-0.015	0.709	-0.022	-0.002	4.554
7.190	0.032	-0.004	0.529	0.27	0.09	0.41	4.99	-1.25	-0.18	43547	0.029	-0.013	0.709	-0.022	-0.002	4.540
7.200	0.032	-0.004	0.530	0.31	0.10	0.41	4.00	-1.01	-0.22	43593	0.029	-0.012	0.710	-0.022	-0.001	4.526
7.210	0.032	-0.002	0.530	0.34	0.11	0.41	2.62	0.02	-0.48	43638	0.030	-0.011	0.710	-0.022	-0.000	4.513
7.219	0.033	0.001	0.531	0.35	0.11	0.40	1.61	-0.14	0.11	43659	0.030	-0.009	0.710	-0.021	0.000	4.499
7.227	0.033	0.001	0.533	0.36	0.11	0.40	-0.99	0.35	-0.95	43548	0.030	-0.008	0.711	-0.021	0.001	4.486
7.239	0.033	0.001	0.533	0.35	0.11	0.40	-1.01	0.69	-0.88	43586	0.031	-0.007	0.711	-0.021	0.002	4.472
7.249	0.033	0.002	0.534	0.35	0.10	0.39	1.35	0.61	-1.00	43618	0.031	-0.006	0.711	-0.021	0.002	4.459
7.259	0.033	0.000	0.535	0.37	0.10	0.38	0.33	0.60	-1.03	43633	0.031	-0.005	0.712	-0.021	0.002	4.445
7.269	0.035	0.000	0.535	0.38	0.08	0.37	0.98	0.33	-0.58	43653	0.031	-0.004	0.712	-0.020	0.003	4.432
7.278	0.035	0.000	0.535	0.39	0.08	0.36	2.41	0.50	-0.32	43775	0.032	-0.003	0.712	-0.020	0.003	4.418
7.290	0.035	0.001	0.536	0.41	0.07	0.35	2.44	0.84	-1.07	43805	0.032	-0.003	0.712	-0.020	0.003	4.405
7.298	0.035	0.001	0.537	0.43	0.07	0.35	2.95	1.88	-0.87	43817	0.032	-0.002	0.712	-0.020	0.004	4.392
7.310	0.035	0.002	0.537	0.46	0.05	0.34	2.16	0.40	-1.58	43838	0.033	-0.002	0.712	-0.020	0.004	4.379
7.320	0.035	0.000	0.538	0.50	0.05	0.32	1.82	-1.28	-1.61	43741	0.033	-0.001	0.712	-0.019	0.004	4.365
7.331	0.035	0.000	0.539	0.52	0.06	0.31	3.40	-1.21	-0.80	43745	0.033	-0.001	0.712	-0.019	0.004	4.352
7.341	0.035	0.001	0.540	0.55	0.07	0.30	2.50	-0.86	-0.49	43747	0.033	-0.001	0.712	-0.019	0.004	4.339
7.349	0.035	0.001	0.540	0.58	0.08	0.29	2.74	-1.39	-1.05	43781	0.034	-0.000	0.712	-0.019	0.004	4.326
7.361	0.036	0.001	0.542	0.60	0.09	0.28	0.49	-1.47	-1.50	43808	0.034	-0.000	0.713	-0.019	0.004	4.313
7.369	0.036	0.001	0.543	0.61	0.11	0.27	-0.23	-1.50	-0.51	43548	0.034	0.000	0.713	-0.019	0.004	4.300
7.380	0.035	0.003	0.543	0.60	0.12	0.26	-1.38	-0.04	-1.61	43562	0.034	0.001	0.713	-0.019	0.005	4.287
7.388	0.036	0.003	0.544	0.59	0.12	0.24	-0.64	-0.41	-1.35	43585	0.034	0.001	0.713	-0.019	0.005	4.275
7.398	0.036	0.002	0.544	0.58	0.12	0.23	-2.52	1.62	-1.56	43614	0.034	0.001	0.713	-0.019	0.005	4.262
7.408	0.036	0.002	0.545	0.56	0.11	0.22	-1.47	1.98	-0.79	43633	0.034	0.001	0.713	-0.018	0.005	4.249
7.420	0.036	0.004	0.545	0.53	0.08	0.21	-1.82	2.21	-1.07	43650	0.035	0.002	0.713	-0.018	0.005	4.236
7.431	0.040	-0.001	0.546	0.55	0.03	0.20	-0.50	3.45	-1.78	43681	0.035	0.001	0.713	-0.018	0.005	4.224
7.435	0.037	0.000	0.546	0.53	0.02	0.18	-0.76	0.28	-1.12	43697	0.035	0.001	0.713	-0.018	0.005	4.211
7.450	0.040	-0.001	0.546	0.54	-0.00	0.17	1.57	1.23	-0.53	43853	0.036	0.001	0.713	-0.018	0.005	4.198
7.459	0.037	-0.001	0.546	0.55	0.01	0.17	-1.60	0.28	-1.17	43882	0.036	0.001	0.712	-0.018	0.004	4.186
7.469	0.036	0.000	0.546	0.52	0.01	0.16	-0.35	-0.37	-1.33	43923	0.036	0.001	0.712	-0.018	0.004	4.173
7.480	0.038	-0.001	0.547	0.53	0.00	0.14	-1.85	-1.59	-1.29	43963	0.036	0.000	0.712	-0.017	0.004	4.160
7.490	0.038	-0.001	0.546	0.51	0.01	0.13	-2.51	-0.70	-1.35	43988	0.036	0.000	0.712	-0.017	0.004	4.148
7.499	0.040	-0.001	0.546	0.49	0.01	0.12	-2.15	-1.48	-1.11	44164	0.037	0.000	0.711	-0.017	0.004	4.135
7.510	0.048	-0.001	0.547	0.46	-0.02	0.11	-3.93	-0.77	-1.30	44205	0.038	-0.000	0.711	-0.016	0.004	4.123
7.520	0.044	-0.000	0.547	0.42	0.01	0.09	-3.82	-0.58	-1.29	44229	0.039	-0.000	0.710	-0.016	0.004	4.111
7.527	0.041	0.000	0.547	0.38	0.03	0.08	-1.76	-0.11	-0.70	44244	0.039	-0.000	0.710	-0.016	0.004	4.098
7.539	0.041	0.000	0.547	0.36	0.04	0.08	-1.51	-0.22	-0.83	44337	0.039	-0.000	0.710	-0.016	0.004	4.086
7.550	0.041	0.000	0.547	0.34	0.04	0.07	-3.09	-0.54	-2.18	44365	0.040	-0.000	0.709	-0.016	0.004	4.074
7.558	0.041	0.000	0.547	0.32	0.05	0.05	-0.37	-2.66	-0.55	44380	0.040	0.000	0.709	-0.015	0.004	4.061
7.570	0.051	-0.001	0.547	0.32	0.01	0.04	-2.00	-2.61	-2.35	44396	0.041	-0.000	0.708	-0.015	0.004	4.049
7.577	0.053	-0.001	0.548	0.30	0.03	0.02	0.53	-2.59	-1.01	44426	0.043	-0.000	0.708	-0.014	0.004	4.037
7.590	0.053	-0.001	0.548	0.31	0.05	0.01	-1.94	-3.15	-2.34	44413	0.044	-0.001	0.707	-0.013	0.004	4.025
7.601	0.053	-0.001	0.548	0.29	0.08	-0.01	-0.09	-2.90	-1.60	44443	0.045	-0.001	0.707	-0.013	0.004	4.013
7.610	0.054	-0.001	0.548	0.29	0.11	-0.03	-1.81	-3.30	-1.27	44484	0.046	-0.001	0.707	-0.012	0.004	4.001
7.619	0.055	-0.001	0.547	0.27	0.14	-0.04	-2.05	-0.95	-1.77	44527	0.047	-0.001	0.706	-0.012	0.004	3.989
7.627	0.055	-0.001	0.547	0.25	0.16	-0.06	-2.23	-2.47	-1.55	44704	0.048	-0.001	0.706	-0.011	0.004	3.977
7.640	0.060	-0.001	0.547	0.23	0.15	-0.07	-2.42	-2.09	-1.17	44734	0.050	-0.001	0.705	-0.011	0.004	3.965
7.650	0.061	-0.001	0.547	0.20	0.17	-0.09	-2.77	-1.55	-0.98	44747	0.051	-0.001	0.705	-0.010	0.004	3.953
7.658	0.061	-0.001	0.547	0.18	0.19	-0.09	-2.44	-2.07	-0.99	44769	0.053	-0.001	0.704	-0.009	0.004	3.941
7.669	0.060	0.001	0.548	0.14	0.22	-0.10	-0.80	-3.22	-0.73	44746	0.054	-0.001	0.704	-0.009	0.004	3.929
7.678	0.061	0.002	0.548	0.13	0.25	-0.11	-0.22	-4.13	-0.89	44767	0.055	-0.001	0.703	-0.008	0.004	3.917
7.690	0.062	0.002	0.548	0.13	0.29	-0.12	0.24	-4.60	-1.46	44765	0.056	-0.000	0.703	-0.008	0.004	3.905
7.694	0.062	0.002	0.548	0.13	0.34	-0.14	2.03	-5.74	-1.33	44771	0.057	-0.000	0.702	-0.008	0.005	3.894
7.709	0.062	0.002	0.548	0.15	0.39	-0.15	2.40	-6.30	-1.25	44789	0.058	-0.000	0.702	-0.007	0.005	3.882
7.720	0.063	0.001	0.548	0.18	0.46	-0.16	2.25	-6.29	-1.09	44784	0.059	-0.000	0.701	-0.007	0.005	3.870
7.729	0.063	0.001	0.548	0.20	0.52	-0.18	1.78	-5.80	-1.24	44799	0.060	0.000	0.701	-0.007	0.005	3.859
7.745	0.064	0.001	0.548	0.22	0.58	-0.19	0.33	-5.95	-1.33	44797	0.060	0.000	0.700	-0.006	0.005	3.847
7.752	0.064	0.001	0.549	0.22	0.63	-0.20	-0.12	-3.97	-1.01	44811	0.061	0.000	0.700	-0.006	0.005	3.836
7.759	0.064	0.001	0.549	0.22	0.67	-0.22	-1.60	-1.80	-1.13	44593	0.062	0.000	0.700	-0.006	0.005	3.824
7.770	0.064	-0.003	0.549	0.23	0.70	-0.22	-2.52	-0.18	-0.81	44601	0.062	-0.000	0.700	-0.006	0.005	3.813
7.778	0.068	0.008	0.549	0.13	0.68	-0.23	-3.72	0.16	-0.49	44602	0.063	0.001	0.699	-0.006	0.005	3.801
7.783	0.063	-0.006	0.549	0.18	0.70	-0.24	-3.75	1.83	-1.10	44597	0.064	-0.000	0.699	-0.006	0.005	3.790
7.799	0.064	-0.011	0.550	0.17	0.68	-0.25	-3.46	2.79	-1.23	44601	0.064	-0.002	0.699	-0.006	0.004	3.779
7.810	0.064	-0.012	0.550	0.13	0.65	-0.26	-2.98	2.35	-1.22	44409	0.064	-0.003	0.698	-0.006	0.004	3.768
7.819	0.064	-0.013	0.551	0.11	0.63	-0.27	-2.91	2.12	-1.48	44402	0.065	-0.004	0.698	-0.006	0.003	3.756
7.830	0.064	-0.017	0.551	0.10	0.60	-0.29	-3.30	1.72	-1.14	44390	0.065	-0.006	0.698	-0.006	0.002	3.745
7.837	0.064	-0.017	0.550	0.07	0.59	-0.30	-3.51	1.39	-0.76	44386	0.065	-0.008	0.697	-0.006	0.002	3.734
7.851	0.067	-0.018	0.550	0.04	0.57	-0.30	-3.43	-0.83	-0.72	44588	0.066	-0.009	0.697	-0.006	0.001	3.723
7.859	0.064	-0.017	0.550	-0.01	0.58	-0.31	-4.26	0.67	-0.01	44608	0.066	-0.010	0.696	-0.006	0.000	3.712
7.869	0.064	-0.017	0.550	-0.05	0.58	-0.32	-5.01	0.00	-0.32	44628	0.066	-0.011	0.696	-0.006	0.000	3.701
7.879	0.065	-0.018	0.550	-0.11	0.58	-0.32	-5.72	0.88	-0.04	44625	0.066	-0.012	0.695	-0.006	-0.000	3.690
7.886	0.065	-0.018	0.551	-0.17	0.56	-0.33	-6.01	1.97	0.02	44484	0.066	-0.013	0.695	-0.006	-0.001	3.679
7.900	0.065	-0.018	0.551	-0.23	0.54	-0.33	-6.20	2.82	-0.07	44496	0.067	-0.014	0.695	-0.006	-0.001	3.668
7.908	0.065	-0.015	0.551	-0.31	0.51	-0.33	-6.68	3.52	0.03	44482	0.067	-0.014	0.694	-0.007	-0.001	3.657
7.919	0.065	-0.015	0.551	-0.37	0.48	-0.33	-5.63	3.52	-0.39	44460	0.067	-0.015	0.694	-0.007	-0.001	3.646
7.930	0.065	-0.015	0.550	-0.43	0.44	-0.33	-4.20	3.89	-0.37	44453	0.067	-0.015	0.694	-0.007	-0.001	3.635
7.940	0.066	-0.015	0.550	-0.47	0.41	-0.34	-3.15	2.90	0.03	44606	0.067	-0.015	0.693	-0.007	-0.001	3.624
7.945	0.066	-0.016	0.550	-0.50	0.38	-0.33	-1.71	2.23	-0.04	44603	0.068	-0.015	0.692	-0.007	-0.001	3.613
7.961	0.066	-0.016	0.550	-0.52	0.35	-0.34	-0.64	2.70	0.13	44591	0.068	-0.016	0.692	-0.007	-0.001	3.603
7.969	0.066	-0.016	0.551	-0.53	0.33	-0.34	-0.11	2.91	-0.01	44583	0.068	-0.016	0.691	-0.007	-0.001	3.592
7.980	0.066	-0.016	0.551	-0.53	0.30	-0.34	0.31	3.11	0.19	44540	0.068	-0.016	0.691	-0.008	-0.001	3.581
7.987	0.066	-0.016	0.551	-0.53	0.26	-0.34	0.44	3.65	0.54	44537	0.068	-0.016	0.691	-0.008	-0.001	3.571
7.995	0.067	-0.019	0.551	-0.52	0.22	-0.34	0.54	3.95	0.43	44539	0.068	-0.017	0.690	-0.008	-0.001	3.560
8.009	0.067	-0.019	0.551	-0.51	0.18	-0.33	0.80	3.71	0.85	44524	0.069	-0.017	0.690	-0.008	-0.001	3.550
8.023	0.067	-0.019	0.550	-0.50	0.15	-0.33	1.10	3.36	0.34	44508	0.069	-0.018	0.689	-0.008	-0.001	3.539
8.032	0.067	-0.019	0.550	-0.49	0.12	-0.32	2.06	2.65	0.47	44711	0.069	-0.018	0.688	-0.008	-0.002	3.529
8.038	0.067	-0.020	0.550	-0.47	0.09	-0.32	2.57	1.52	0.60	44713	0.069	-0.018	0.688	-0.008	-0.002	3.518
8.047	0.067	-0.020	0.550	-0.44	0.08	-0.31	2.91	-0.54	0.44	44694	0.069	-0.019	0.687	-0.008	-0.002	3.508
8.060	0.067	-0.020	0.551	-0.41	0.08	-0.31	4.10	-1.91	0.55	44686	0.069	-0.019	0.687	-0.009	-0.002	3.497
8.070	0.067	-0.020	0.551	-0.37	0.10	-0.30	4.35	-2.61	0.31	44454	0.069	-0.019	0.686	-0.009	-0.002	3.487
8.079	0.067	-0.020	0.551	-0.33	0.13	-0.30	3.59	-3.74	0.04	44459	0.069	-0.020	0.686	-0.009	-0.002	3.477
8.088	0.067	-0.020	0.551	-0.29	0.17	-0.30	3.06	-4.03	-0.24	44455	0.069	-0.020	0.686	-0.009	-0.002	3.467
8.099	0.069	-0.021	0.551	-0.26	0.20	-0.30	2.44	-3.60	-0.19	44443	0.070	-0.020	0.685	-0.009	-0.002	3.457
8.111	0.065	-0.021	0.552	-0.24	0.25	-0.30	1.21	-2.50	-0.28	44332	0.070	-0.020	0.685	-0.009	-0.002	3.447
8.119	0.065	-0.021	0.552	-0.22	0.27	-0.30	1.37	-0.94	0.25	44328	0.069	-0.021	0.685	-0.010	-0.002	3.437
8.129	0.065	-0.021	0.552	-0.21	0.27	-0.30	-0.27	1.53	0.39	44327	0.069	-0.021	0.684	-0.010	-0.002	3.427
8.137	0.075	-0.021	0.552	-0.22	0.21	-0.30	-1.71	2.42	0.20	44335	0.070	-0.021	0.684	-0.010	-0.002	3.417
8.149	0.075	-0.021	0.552	-0.24	0.18	-0.29	-2.36	3.32	0.54	44343	0.071	-0.021	0.683	-0.009	-0.002	3.407
8.160	0.075	-0.021	0.552	-0.26	0.15	-0.29	-1.98	2.98	-0.04	44451	0.072	-0.021	0.683	-0.009	-0.002	3.397
8.170	0.075	-0.021	0.552	-0.28	0.11	-0.29	-2.26	3.25	0.05	44460	0.073	-0.021	0.683	-0.009	-0.002	3.387
8.180	0.066	-0.020	0.552	-0.31	0.13	-0.29	-2.55	2.73	-0.08	44458	0.072	-0.021	0.682	-0.010	-0.002	3.377
8.187	0.066	-0.020	0.553	-0.33	0.11	-0.29	-1.73	0.85	0.10	44446	0.072	-0.021	0.682	-0.010	-0.002	3.367
8.197	0.070	-0.020	0.553	-0.35	0.08	-0.29	-2.02	-0.21	0.50	44374	0.072	-0.021	0.681	-0.010	-0.002	3.357
8.210	0.066	-0.019	0.553	-0.36	0.11	-0.28	-0.93	-0.98	0.49	44369	0.072	-0.021	0.681	-0.011	-0.002	3.348
8.219	0.069	-0.019	0.553	-0.37	0.11	-0.28	-0.04	-0.85	0.50	44379	0.072	-0.021	0.680	-0.011	-0.002	3.338
8.232	0.066	-0.019	0.553	-0.38	0.13	-0.27	0.02	-1.14	0.78	44380	0.071	-0.021	0.680	-0.011	-0.001	3.328
8.239	0.068	-0.019	0.552	-0.36	0.13	-0.26	1.96	-0.86	1.55	44536	0.071	-0.021	0.679	-0.011	-0.001	3.319
8.247	0.068	-0.019	0.552	-0.34	0.13	-0.25	1.64	1.56	0.27	44559	0.071	-0.021	0.679	-0.012	-0.001	3.309
8.255	0.069	-0.019	0.552	-0.32	0.12	-0.25	3.29	1.47	1.15	44574	0.071	-0.021	0.678	-0.012	-0.001	3.299
8.271	0.069	-0.019	0.552	-0.29	0.10	-0.24	3.45	2.23	0.84	44568	0.071	-0.021	0.678	-0.012	-0.001	3.290
8.279	0.069	-0.023	0.553	-0.23	0.07	-0.23	3.97	2.62	0.51	44559	0.071	-0.021	0.677	-0.012	-0.001	3.281
8.287	0.067	-0.021	0.553	-0.20	0.06	-0.23	4.06	2.01	0.27	44332	0.071	-0.021	0.677	-0.012	-0.001	3.271
8.300	0.067	-0.025	0.554	-0.14	0.03	-0.23	4.37	3.64	0.26	44344	0.071	-0.022	0.677	-0.013	-0.001	3.262
8.307	0.068	-0.023	0.554	-0.11	-0.01	-0.22	4.05	3.64	0.08	44344	0.071	-0.022	0.676	-0.013	-0.002	3.253
8.314	0.068	-0.023	0.553	-0.08	-0.05	-0.23	2.61	4.38	0.01	44343	0.071	-0.022	0.676	-0.013	-0.002	3.243
8.330	0.068	-0.023	0.553	-0.05	-0.09	-0.23	1.49	3.72	-0.12	44404	0.071	-0.022	0.675	-0.013	-0.002	3.234
8.340	0.069	-0.021	0.553	-0.05	-0.13	-0.23	1.31	2.51	0.50	44416	0.071	-0.022	0.675	-0.013	-0.002	3.225
8.346	0.070	-0.024	0.554	-0.03	-0.16	-0.22	1.27	3.11	0.51	44428	0.071	-0.022	0.674	-0.013	-0.002	3.216
8.356	0.073	-0.015	0.554	-0.06	-0.21	-0.22	-0.06	2.84	0.38	44436	0.072	-0.022	0.674	-0.013	-0.001	3.206
8.372	0.074	-0.015	0.553	-0.06	-0.23	-0.22	0.26	0.49	0.03	44433	0.072	-0.021	0.673	-0.013	-0.001	3.197
8.379	0.070	-0.016	0.553	-0.05	-0.21	-0.21	1.28	-1.19	0.20	44557	0.072	-0.020	0.673	-0.013	-0.000	3.188
8.389	0.073	-0.013	0.553	-0.04	-0.21	-0.21	1.84	-1.18	0.27	44566	0.073	-0.019	0.672	-0.013	-0.000	3.179
8.398	0.073	-0.008	0.553	-0.05	-0.20	-0.21	1.96	-1.08	0.30	44566	0.073	-0.018	0.672	-0.013	0.001	3.170
8.406	0.069	0.002	0.552	-0.07	-0.16	-0.21	2.67	-2.12	-0.05	44562	0.073	-0.016	0.671	-0.014	0.002	3.161
8.421	0.069	0.002	0.552	-0.04	-0.14	-0.21	2.91	-2.68	-0.08	44806	0.072	-0.013	0.670	-0.014	0.003	3.152
8.429	0.069	0.003	0.551	-0.01	-0.11	-0.21	3.05	-2.70	-0.16	44816	0.072	-0.011	0.670	-0.014	0.004	3.143
8.441	0.069	0.004	0.551	0.01	-0.08	-0.21	2.66	-2.87	0.04	44825	0.072	-0.009	0.669	-0.014	0.005	3.134
8.443	0.069	0.005	0.551	0.04	-0.06	-0.21	3.19	0.96	-0.13	44843	0.072	-0.008	0.668	-0.014	0.006	3.125
8.459	0.069	0.005	0.553	0.07	-0.08	-0.22	3.08	3.21	-0.29	44563	0.072	-0.006	0.668	-0.015	0.007	3.117
8.470	0.076	0.004	0.553	0.10	-0.15	-0.22	3.15	5.98	-0.78	44561	0.072	-0.005	0.668	-0.014	0.007	3.108
8.478	0.074	0.003	0.553	0.14	-0.22	-0.23	2.21	8.69	-0.58	44556	0.073	-0.004	0.667	-0.014	0.008	3.099
8.490	0.076	-0.001	0.553	0.18	-0.32	-0.24	1.67	10.85	-1.03	44527	0.074	-0.003	0.667	-0.014	0.008	3.091
8.495	0.077	-0.001	0.553	0.19	-0.43	-0.24	-0.04	13.24	-1.24	44481	0.074	-0.003	0.666	-0.014	0.008	3.082
8.510	0.077	-0.001	0.553	0.18	-0.57	-0.26	-1.47	15.85	-1.71	44423	0.075	-0.002	0.666	-0.014	0.008	3.073
8.512	0.077	-0.001	0.553	0.16	-0.73	-0.28	-3.92	17.14	-1.92	44379	0.075	-0.002	0.666	-0.014	0.008	3.065
8.529	0.077	-0.001	0.553	0.11	-0.91	-0.30	-4.74	17.52	-2.08	44322	0.075	-0.002	0.665	-0.013	0.008	3.056
8.537	0.077	-0.001	0.553	0.07	-1.07	-0.32	-4.80	13.53	-2.69	44255	0.076	-0.001	0.665	-0.013	0.008	3.048
8.547	0.077	-0.000	0.553	0.02	-1.19	-0.35	-5.52	10.51	-1.91	44301	0.076	-0.001	0.664	-0.013	0.008	3.039
8.558	0.074	0.001	0.553	-0.04	-1.27	-0.36	-6.18	10.74	0.11	44259	0.076	-0.001	0.664	-0.013	0.009	3.031
8.569	0.074	0.001	0.553	-0.10	-1.39	-0.35	-5.45	10.93	0.08	44190	0.076	-0.000	0.663	-0.013	0.009	3.023
8.578	0.074	0.001	0.553	-0.14	-1.50	-0.35	-1.01	13.92	1.08	44087	0.076	-0.000	0.663	-0.014	0.009	3.014
8.586	0.072	0.001	0.553	-0.13	-1.65	-0.34	5.02	20.41	1.33	44006	0.075	0.000	0.662	-0.014	0.009	3.006
8.598	0.072	0.001	0.553	-0.05	-1.88	-0.32	13.24	25.80	1.90	44016	0.075	0.000	0.662	-0.014	0.009	2.998
8.604	0.072	-0.007	0.553	0.14	-2.13	-0.30	18.68	21.00	1.87	43895	0.074	-0.000	0.661	-0.014	0.008	2.990
8.615	0.076	-0.000	0.554	0.31	-2.32	-0.29	19.87	9.68	-1.72	43826	0.074	-0.000	0.661	-0.014	0.008	2.981
8.629	0.080	-0.002	0.553	0.50	-2.41	-0.31	11.29	3.42	-2.67	43827	0.075	-0.000	0.660	-0.014	0.008	2.973
8.638	0.071	0.010	0.553	0.51	-2.37	-0.33	-3.52	-5.30	0.98	43973	0.074	0.001	0.660	-0.014	0.009	2.965
8.650	0.071	0.012	0.554	0.41	-2.27	-0.31	-18.58	-19.12	6.35	43975	0.074	0.003	0.659	-0.014	0.009	2.957
8.655	0.070	0.008	0.554	0.22	-2.00	-0.23	-26.33	-40.17	10.10	43993	0.073	0.004	0.659	-0.014	0.010	2.949
8.668	0.069	-0.005	0.554	0.01	-1.53	-0.11	-27.47	-57.16	13.15	44025	0.073	0.003	0.658	-0.014	0.009	2.941
8.679	0.070	-0.005	0.555	-0.25	-0.91	0.03	-26.83	-68.73	17.79	43839	0.072	0.002	0.658	-0.015	0.009	2.933
8.688	0.085	0.002	0.555	-0.55	-0.28	0.24	-26.10	-70.22	24.01	43855	0.074	0.002	0.658	-0.014	0.009	2.926
8.698	0.085	0.009	0.556	-0.83	0.39	0.50	-20.48	-58.39	27.71	43858	0.075	0.003	0.658	-0.013	0.009	2.918
8.705	0.086	0.010	0.556	-1.01	0.91	0.79	-14.37	-43.86	30.09	43877	0.076	0.004	0.657	-0.012	0.010	2.910
8.718	0.100	0.012	0.556	-1.16	1.24	1.11	-10.11	-31.43	31.26	43882	0.079	0.005	0.657	-0.011	0.010	2.903
8.730	0.107	0.011	0.557	-1.24	1.46	1.43	-2.65	-13.93	30.99	43824	0.083	0.006	0.657	-0.009	0.011	2.895
8.738	0.107	0.010	0.557	-1.23	1.54	1.74	10.77	3.02	30.11	43855	0.086	0.007	0.656	-0.008	0.011	2.887
8.748	0.113	0.007	0.557	-1.07	1.41	2.03	23.34	20.14	28.66	43871	0.090	0.007	0.656	-0.006	0.011	2.880
8.758	0.115	0.008	0.559	-0.80	1.15	2.31	35.05	34.83	26.63	43885	0.093	0.008	0.656	-0.005	0.011	2.873
8.771	0.122	0.013	0.559	-0.44	0.74	2.56	43.98	42.74	25.47	43599	0.097	0.009	0.656	-0.003	0.011	2.865
8.779	0.130	0.005	0.559	0.05	0.28	2.82	47.54	38.87	24.59	43576	0.101	0.009	0.656	-0.001	0.011	2.858
8.794	0.134	0.008	0.559	0.51	-0.07	3.06	45.12	24.82	23.97	43592	0.105	0.009	0.656	0.001	0.011	2.851
8.799	0.134	0.004	0.559	0.97	-0.25	3.30	38.84	6.08	21.97	43623	0.109	0.008	0.655	0.003	0.010	2.843
8.807	0.128	0.010	0.558	1.30	-0.21	3.51	30.76	-12.81	20.33	43885	0.112	0.009	0.655	0.004	0.011	2.836
8.815	0.122	0.018	0.558	1.54	0.01	3.70	22.73	-30.30	17.26	43909	0.113	0.010	0.654	0.005	0.011	2.829
8.828	0.124	0.014	0.558	1.76	0.37	3.85	14.73	-44.75	14.44	43939	0.115	0.011	0.654	0.006	0.011	2.821
8.839	0.134	0.010	0.558	1.90	0.81	3.98	6.52	-51.34	11.98	43986	0.118	0.011	0.653	0.007	0.011	2.814
8.850	0.135	0.009	0.557	1.94	1.33	4.07	0.13	-49.92	9.17	44017	0.120	0.011	0.653	0.008	0.011	2.807
8.859	0.134	0.009	0.557	1.92	1.80	4.14	-5.65	-37.81	6.26	44196	0.123	0.011	0.652	0.009	0.011	2.800
8.866	0.141	0.011	0.557	1.84	2.10	4.18	-9.99	-21.26	4.37	44171	0.126	0.011	0.652	0.010	0.011	2.793
8.879	0.142	0.011	0.557	1.73	2.25	4.21	-11.78	-4.39	0.66	44111	0.128	0.012	0.651	0.011	0.011	2.785
8.889	0.150	0.014	0.558	1.60	2.22	4.20	-12.30	6.49	-2.48	44031	0.132	0.012	0.650	0.012	0.011	2.778
8.898	0.151	0.014	0.558	1.48	2.13	4.16	-11.40	13.21	-6.82	43918	0.135	0.012	0.650	0.013	0.011	2.771
8.910	0.152	0.014	0.558	1.38	1.98	4.09	-8.49	15.78	-9.92	43866	0.138	0.013	0.649	0.014	0.011	2.764
8.916	0.147	0.018	0.558	1.28	1.83	3.99	-11.28	18.64	-10.42	43840	0.140	0.013	0.649	0.015	0.012	2.758
8.931	0.155	0.010	0.558	1.19	1.60	3.89	-17.57	20.71	-10.66	43809	0.143	0.013	0.649	0.016	0.011	2.751
8.940	0.162	0.000	0.558	1.04	1.35	3.79	-22.63	24.94	-10.59	43786	0.146	0.012	0.648	0.017	0.011	2.744
8.947	0.161	0.003	0.558	0.81	1.11	3.69	-20.36	23.23	-10.63	43743	0.149	0.011	0.648	0.018	0.010	2.737
8.958	0.162	0.006	0.558	0.61	0.90	3.58	-14.83	17.44	-12.75	43678	0.151	0.010	0.647	0.018	0.010	2.730
8.964	0.161	0.009	0.559	0.46	0.75	3.44	-10.74	9.57	-14.11	43627	0.153	0.010	0.647	0.019	0.010	2.724
8.972	0.162	0.009	0.559	0.38	0.69	3.30	-5.38	-3.10	-15.48	43585	0.155	0.010	0.646	0.020	0.010	2.717
8.989	0.163	0.008	0.559	0.35	0.77	3.14	0.98	-16.09	-15.71	43604	0.157	0.010	0.646	0.020	0.009	2.710
9.000	0.167	0.008	0.559	0.38	0.95	2.98	6.28	-27.27	-15.26	43611	0.160	0.009	0.645	0.020	0.009	2.704
9.009	0.165	0.009	0.559	0.44	1.27	2.83	5.52	-36.02	-14.69	43642	0.161	0.009	0.645	0.021	0.009	2.697
9.017	0.166	0.009	0.559	0.50	1.66	2.68	6.53	-44.83	-14.25	43684	0.163	0.009	0.644	0.021	0.009	2.691
9.025	0.178	0.006	0.559	0.60	2.07	2.54	7.81	-51.23	-12.77	43794	0.166	0.009	0.644	0.022	0.009	2.684
9.039	0.181	0.003	0.559	0.68	2.57	2.40	4.22	-49.67	-13.32	43833	0.169	0.008	0.643	0.023	0.009	2.678
9.049	0.179	0.003	0.559	0.71	3.05	2.26	-1.30	-39.18	-15.61	43893	0.172	0.007	0.643	0.023	0.008	2.672
9.058	0.174	0.003	0.559	0.69	3.42	2.09	-3.05	-23.05	-18.67	43951	0.174	0.007	0.642	0.023	0.008	2.665
9.066	0.183	0.005	0.558	0.67	3.54	1.89	-2.86	-6.58	-21.10	43996	0.176	0.007	0.642	0.024	0.008	2.659
9.079	0.187	0.006	0.558	0.64	3.53	1.66	-5.83	10.80	-23.35	44139	0.179	0.006	0.641	0.024	0.008	2.653
9.090	0.189	0.009	0.558	0.57	3.35	1.43	-8.94	26.13	-24.71	44149	0.182	0.007	0.641	0.025	0.008	2.646
9.099	0.192	0.009	0.558	0.49	3.04	1.19	-9.51	35.34	-24.33	44179	0.185	0.007	0.640	0.025	0.008	2.640
9.109	0.194	0.009	0.558	0.40	2.68	0.95	-11.19	37.20	-24.06	44213	0.188	0.007	0.639	0.026	0.009	2.634
9.123	0.198	0.009	0.558	0.30	2.29	0.71	-8.32	34.63	-24.40	44255	0.190	0.007	0.639	0.026	0.009	2.628
9.129	0.201	0.002	0.557	0.28	1.95	0.47	-1.39	26.41	-23.67	44300	0.193	0.006	0.638	0.027	0.008	2.621
9.139	0.202	0.002	0.557	0.32	1.72	0.23	9.81	16.40	-23.27	44329	0.196	0.006	0.638	0.027	0.008	2.615
9.149	0.204	0.002	0.558	0.46	1.60	0.00	19.96	4.69	-22.22	44351	0.199	0.005	0.637	0.028	0.008	2.609
9.160	0.201	-0.002	0.558	0.71	1.59	-0.22	28.58	-3.40	-20.93	44188	0.201	0.004	0.637	0.028	0.007	2.603
9.172	0.200	-0.003	0.558	1.03	1.65	-0.42	35.80	-7.66	-19.90	44260	0.203	0.003	0.637	0.027	0.007	2.597
9.176	0.198	-0.005	0.558	1.42	1.76	-0.62	38.46	-12.08	-19.31	44345	0.204	0.002	0.636	0.027	0.006	2.591
9.180	0.196	-0.001	0.558	1.77	1.91	-0.81	33.09	-14.76	-19.29	44430	0.205	0.001	0.636	0.026	0.006	2.586
9.199	0.195	-0.004	0.557	2.08	2.04	-1.02	20.29	-8.59	-20.52	44494	0.205	0.001	0.635	0.026	0.006	2.580
9.206	0.198	-0.005	0.557	2.24	2.06	-1.22	0.47	4.61	-20.09	44600	0.206	-0.000	0.635	0.025	0.006	2.574
9.206	0.198	-0.002	0.557	2.14	1.96	-1.43	-25.15	16.82	-21.08	44729	0.207	-0.001	0.634	0.024	0.006	2.568
9.228	0.198	-0.002	0.557	1.82	1.75	-1.63	-47.23	27.78	-21.22	44841	0.208	-0.001	0.634	0.024	0.005	2.562
9.231	0.199	0.003	0.555	1.25	1.42	-1.83	-67.70	40.13	-21.25	44925	0.209	-0.001	0.633	0.023	0.006	2.556
9.249	0.206	-0.000	0.554	0.53	0.95	-2.03	-81.41	47.99	-19.36	45236	0.210	-0.001	0.632	0.023	0.006	2.550
9.257	0.214	0.008	0.554	-0.35	0.41	-2.22	-87.07	51.41	-16.29	45283	0.212	-0.001	0.631	0.023	0.007	2.544
9.274	0.201	-0.002	0.553	-1.16	-0.04	-2.37	-84.43	52.39	-12.70	45317	0.213	-0.001	0.630	0.022	0.006	2.539
9.274	0.200	0.002	0.553	-2.01	-0.53	-2.49	-75.48	45.85	-7.64	45341	0.213	-0.001	0.630	0.021	0.007	2.533
9.283	0.199	-0.009	0.553	-2.66	-0.94	-2.57	-60.44	34.84	-1.80	45244	0.213	-0.003	0.629	0.020	0.006	2.527
9.299	0.202	-0.003	0.552	-3.23	-1.28	-2.59	-37.69	25.61	1.60	45184	0.213	-0.003	0.628	0.019	0.006	2.521
9.308	0.203	-0.013	0.552	-3.46	-1.50	-2.58	-12.15	13.55	4.60	45146	0.213	-0.004	0.628	0.019	0.006	2.515
9.316	0.200	-0.012	0.552	-3.51	-1.58	-2.53	12.13	2.05	5.90	45097	0.213	-0.006	0.627	0.018	0.005	2.510
9.325	0.200	-0.012	0.553	-3.29	-1.57	-2.46	39.74	-8.78	8.20	44721	0.213	-0.007	0.627	0.017	0.005	2.504
9.333	0.204	-0.016	0.553	-2.78	-1.47	-2.36	61.71	-17.11	11.65	44662	0.214	-0.008	0.626	0.016	0.004	2.499
9.350	0.202	-0.015	0.553	-2.11	-1.28	-2.23	77.25	-22.92	14.57	44600	0.214	-0.009	0.626	0.015	0.004	2.493
9.359	0.199	-0.017	0.553	-1.30	-1.03	-2.07	83.87	-22.96	16.30	44552	0.214	-0.010	0.626	0.014	0.003	2.487
9.368	0.202	-0.013	0.552	-0.50	-0.83	-1.90	78.91	-22.02	16.60	44530	0.214	-0.010	0.625	0.013	0.003	2.482
9.375	0.200	-0.015	0.551	0.28	-0.58	-1.74	70.57	-26.28	16.22	44680	0.214	-0.011	0.625	0.012	0.003	2.476
9.383	0.203	-0.016	0.551	0.95	-0.32	-1.58	56.92	-29.58	15.55	44637	0.214	-0.012	0.624	0.012	0.002	2.471
9.399	0.206	-0.012	0.551	1.44	-0.04	-1.43	41.58	-27.91	14.22	44619	0.214	-0.012	0.623	0.011	0.002	2.465
9.408	0.205	-0.008	0.551	1.77	0.25	-1.30	24.36	-26.36	12.84	44622	0.215	-0.012	0.623	0.010	0.003	2.460
9.416	0.208	-0.004	0.550	1.92	0.49	-1.18	6.17	-24.03	11.38	44769	0.216	-0.011	0.622	0.010	0.003	2.454
9.425	0.208	0.000	0.550	1.88	0.73	-1.08	-14.97	-20.05	8.92	44797	0.216	-0.010	0.622	0.009	0.004	2.449
9.433	0.206	-0.001	0.550	1.67	0.93	-1.01	-34.77	-16.85	5.76	44822	0.216	-0.009	0.621	0.008	0.004	2.443
9.449	0.213	-0.009	0.549	1.31	1.05	-0.97	-50.14	-14.38	2.43	44854	0.218	-0.009	0.620	0.008	0.004	2.438
9.459	0.213	-0.009	0.549	0.77	1.19	-0.96	-58.80	-8.21	-1.59	44903	0.219	-0.009	0.620	0.008	0.004	2.433
9.468	0.214	-0.017	0.549	0.21	1.23	-0.99	-63.66	0.51	-4.89	44894	0.220	-0.010	0.619	0.007	0.004	2.427
9.477	0.218	-0.008	0.549	-0.47	1.19	-1.05	-60.47	3.86	-8.21	44900	0.221	-0.010	0.619	0.007	0.004	2.422
9.486	0.220	-0.015	0.549	-1.01	1.14	-1.15	-53.45	5.40	-11.55	44880	0.222	-0.011	0.618	0.007	0.004	2.417
9.500	0.222	-0.021	0.548	-1.48	1.07	-1.28	-45.06	7.58	-14.30	44856	0.224	-0.013	0.618	0.007	0.003	2.412
9.509	0.223	-0.020	0.547	-1.93	0.98	-1.43	-43.54	12.12	-14.63	45029	0.225	-0.014	0.617	0.006	0.003	2.406
9.518	0.223	-0.015	0.547	-2.37	0.86	-1.57	-36.76	13.31	-13.72	45011	0.226	-0.014	0.616	0.006	0.003	2.401
9.526	0.225	-0.020	0.547	-2.69	0.72	-1.71	-28.56	14.76	-12.84	44964	0.228	-0.015	0.616	0.006	0.002	2.396
9.535	0.226	-0.019	0.547	-2.94	0.58	-1.85	-15.09	11.17	-11.68	44900	0.229	-0.016	0.615	0.006	0.002	2.391
9.544	0.229	-0.024	0.549	-2.99	0.49	-1.96	3.70	1.09	-10.68	44477	0.231	-0.017	0.615	0.006	0.002	2.386
9.559	0.229	-0.024	0.549	-2.88	0.53	-2.07	23.31	-10.94	-9.40	44439	0.232	-0.018	0.615	0.005	0.001	2.380
9.569	0.227	-0.020	0.549	-2.59	0.69	-2.13	44.17	-16.44	-4.91	44423	0.233	-0.018	0.615	0.005	0.001	2.375
9.577	0.226	-0.027	0.549	-2.06	0.87	-2.16	55.46	-18.76	0.36	44443	0.234	-0.019	0.614	0.004	0.000	2.370
9.584	0.228	-0.020	0.550	-1.53	1.04	-2.13	62.17	-17.51	4.37	44478	0.235	-0.019	0.614	0.004	0.000	2.366
9.594	0.229	-0.029	0.550	-0.84	1.20	-2.08	65.88	-11.82	6.26	44296	0.235	-0.021	0.614	0.003	-0.000	2.361
9.610	0.231	-0.019	0.550	-0.23	1.29	-2.01	69.32	-5.52	5.96	44364	0.237	-0.020	0.614	0.003	-0.000	2.356
9.619	0.229	-0.030	0.550	0.53	1.33	-1.96	69.48	0.06	4.13	44454	0.237	-0.022	0.614	0.002	-0.001	2.351
9.628	0.229	-0.018	0.550	1.14	1.31	-1.92	63.99	5.34	1.50	44548	0.238	-0.021	0.614	0.002	-0.001	2.346
9.635	0.231	-0.013	0.549	1.72	1.25	-1.92	56.30	2.78	-2.51	44749	0.239	-0.020	0.613	0.001	0.000	2.341
9.644	0.231	-0.021	0.549	2.29	1.25	-1.96	42.14	-4.93	-5.71	44818	0.239	-0.020	0.613	0.001	-0.000	2.336
9.659	0.230	-0.012	0.548	2.59	1.33	-2.03	20.94	-13.92	-9.61	44855	0.240	-0.019	0.612	-0.000	0.001	2.332
9.668	0.231	-0.013	0.548	2.71	1.48	-2.14	-8.20	-16.85	-12.22	44885	0.240	-0.019	0.612	-0.001	0.001	2.327
9.677	0.232	-0.010	0.547	2.49	1.61	-2.28	-45.29	-5.85	-13.18	44922	0.241	-0.018	0.611	-0.001	0.001	2.322
9.688	0.233	-0.001	0.547	1.86	1.60	-2.40	-78.35	10.92	-11.82	45012	0.242	-0.016	0.611	-0.002	0.002	2.317
9.697	0.238	-0.003	0.547	1.01	1.40	-2.52	-96.32	25.88	-11.79	44967	0.243	-0.014	0.610	-0.002	0.003	2.312
9.708	0.238	-0.006	0.547	0.04	1.11	-2.63	-105.92	33.75	-9.46	44886	0.244	-0.013	0.610	-0.003	0.004	2.307
9.717	0.240	-0.003	0.548	-1.07	0.76	-2.71	-110.87	33.74	-5.86	44783	0.245	-0.012	0.610	-0.003	0.005	2.303
9.728	0.241	-0.009	0.548	-2.12	0.42	-2.77	-102.11	31.25	-6.01	44431	0.246	-0.012	0.609	-0.003	0.005	2.298
9.735	0.243	-0.008	0.548	-3.07	0.12	-2.85	-77.45	20.32	-5.78	44312	0.247	-0.012	0.609	-0.004	0.005	2.293
9.745	0.241	-0.007	0.548	-3.72	0.01	-2.91	-39.88	-1.30	-5.86	44173	0.248	-0.011	0.609	-0.004	0.005	2.289
9.760	0.241	-0.010	0.548	-3.95	0.11	-2.97	2.52	-24.50	-6.46	44032	0.249	-0.011	0.609	-0.005	0.005	2.284
9.772	0.243	-0.012	0.548	-3.78	0.41	-3.01	37.46	-41.32	-6.25	43957	0.250	-0.011	0.608	-0.005	0.005	2.280
9.775	0.240	-0.014	0.549	-3.29	0.89	-3.05	64.42	-53.05	-5.07	43913	0.250	-0.011	0.608	-0.006	0.005	2.275
9.788	0.242	-0.014	0.549	-2.58	1.44	-3.06	81.05	-60.93	-3.79	43885	0.251	-0.011	0.608	-0.007	0.005	2.271
9.795	0.241	-0.018	0.549	-1.70	2.06	-3.08	89.72	-61.34	-3.16	43855	0.251	-0.012	0.608	-0.007	0.005	2.266
9.811	0.243	-0.014	0.549	-0.83	2.65	-3.09	87.88	-53.45	-1.95	43836	0.252	-0.012	0.607	-0.008	0.004	2.262
9.820	0.241	-0.017	0.549	0.04	3.14	-3.10	78.04	-36.54	-1.11	43909	0.253	-0.012	0.607	-0.009	0.004	2.257
9.828	0.243	-0.013	0.549	0.75	3.43	-3.11	62.19	-17.95	-0.51	43969	0.253	-0.012	0.607	-0.010	0.004	2.253
9.839	0.243	-0.019	0.549	1.34	3.54	-3.12	40.47	2.30	0.32	44058	0.254	-0.013	0.606	-0.010	0.004	2.249
9.848	0.249	-0.015	0.549	1.63	3.40	-3.11	18.83	22.59	0.99	44155	0.255	-0.013	0.606	-0.011	0.003	2.244
9.860	0.251	-0.016	0.549	1.76	3.10	-3.09	-1.03	41.26	0.56	44229	0.256	-0.013	0.606	-0.011	0.003	2.240
9.868	0.256	-0.016	0.549	1.69	2.59	-3.06	-16.50	56.49	-0.01	44293	0.258	-0.013	0.605	-0.012	0.003	2.236
9.880	0.255	-0.013	0.549	1.47	2.00	-3.04	-25.97	65.31	0.29	44334	0.260	-0.013	0.605	-0.012	0.003	2.232
9.889	0.261	-0.009	0.549	1.16	1.29	-3.02	-32.98	70.30	0.22	44339	0.261	-0.013	0.605	-0.012	0.003	2.227
9.897	0.260	-0.004	0.548	0.77	0.60	-3.00	-37.69	67.30	-0.97	44324	0.263	-0.011	0.604	-0.012	0.004	2.223
9.909	0.261	0.001	0.548	0.35	-0.05	-3.01	-42.50	57.10	-2.84	44351	0.264	-0.010	0.604	-0.012	0.005	2.219
9.916	0.261	-0.008	0.548	-0.02	-0.56	-3.05	-43.94	39.81	-5.75	44309	0.266	-0.010	0.603	-0.012	0.005	2.215
9.930	0.258	-0.002	0.548	-0.49	-0.87	-3.12	-39.72	20.10	-9.00	44279	0.266	-0.009	0.603	-0.013	0.005	2.211
9.937	0.260	-0.000	0.546	-0.87	-1.02	-3.22	-31.04	3.23	-12.65	44246	0.267	-0.007	0.602	-0.013	0.006	2.206
9.946	0.259	-0.004	0.546	-1.13	-1.00	-3.36	-21.47	-11.02	-16.12	44661	0.268	-0.007	0.602	-0.014	0.006	2.202
9.959	0.257	-0.007	0.546	-1.28	-0.82	-3.54	-10.61	-25.22	-19.32	44615	0.268	-0.007	0.601	-0.015	0.006	2.198
9.969	0.254	-0.005	0.546	-1.38	-0.50	-3.73	-3.56	-34.33	-20.14	44580	0.268	-0.006	0.600	-0.016	0.006	2.194
9.979	0.256	-0.005	0.546	-1.40	-0.15	-3.92	-1.83	-37.37	-18.56	44552	0.268	-0.006	0.600	-0.017	0.006	2.190
9.989	0.253	-0.004	0.544	-1.43	0.25	-4.08	-4.60	-37.70	-16.31	44713	0.268	-0.006	0.599	-0.018	0.006	2.185
9.998	0.251	-0.004	0.544	-1.49	0.64	-4.23	-9.25	-36.13	-13.75	44726	0.268	-0.005	0.598	-0.019	0.006	2.181
10.009	0.257	-0.003	0.544	-1.59	0.94	-4.35	-11.73	-28.52	-11.43	44755	0.268	-0.005	0.598	-0.020	0.007	2.177
10.019	0.258	-0.002	0.544	-1.70	1.19	-4.45	-6.30	-23.03	-9.36	44769	0.268	-0.004	0.597	-0.021	0.007	2.173
10.026	0.259	-0.002	0.543	-1.73	1.39	-4.53	0.98	-12.20	-9.45	44777	0.269	-0.004	0.597	-0.021	0.007	2.169
10.038	0.259	-0.001	0.543	-1.70	1.47	-4.63	7.44	-0.47	-9.23	44851	0.269	-0.003	0.596	-0.022	0.007	2.165
10.045	0.259	-0.003	0.543	-1.57	1.43	-4.72	13.56	12.36	-9.04	44840	0.270	-0.003	0.595	-0.023	0.007	2.161
10.058	0.259	-0.003	0.543	-1.43	1.26	-4.82	14.11	26.24	-9.52	44843	0.270	-0.002	0.595	-0.024	0.007	2.157
10.066	0.263	0.000	0.543	-1.30	0.93	-4.92	14.50	37.36	-7.47	44841	0.271	-0.002	0.594	-0.024	0.007	2.153
10.076	0.263	0.007	0.544	-1.20	0.56	-4.99	18.50	38.16	-6.23	44532	0.271	-0.000	0.594	-0.025	0.008	2.150
10.089	0.264	0.005	0.544	-0.97	0.18	-5.06	25.53	33.13	-4.68	44505	0.272	0.001	0.594	-0.025	0.008	2.146
10.096	0.264	0.001	0.544	-0.67	-0.13	-5.11	27.76	27.17	-4.07	44494	0.272	0.001	0.594	-0.026	0.008	2.142
10.106	0.268	-0.001	0.544	-0.37	-0.43	-5.15	28.46	25.10	-3.77	44454	0.273	0.001	0.594	-0.026	0.008	2.138
10.118	0.266	0.005	0.545	-0.13	-0.66	-5.19	26.63	25.35	-2.31	44413	0.274	0.002	0.594	-0.027	0.008	2.135
10.129	0.268	0.004	0.545	0.14	-0.93	-5.21	24.59	25.89	0.34	44168	0.275	0.003	0.593	-0.027	0.008	2.131
10.138	0.269	0.014	0.546	0.29	-1.19	-5.19	15.02	27.34	3.16	44106	0.275	0.005	0.593	-0.028	0.009	2.127
10.147	0.270	0.013	0.546	0.43	-1.47	-5.14	7.27	24.77	7.75	44040	0.276	0.006	0.593	-0.028	0.009	2.124
10.155	0.269	0.012	0.545	0.48	-1.70	-5.04	0.30	20.45	13.37	43954	0.276	0.007	0.593	-0.029	0.009	2.120
10.168	0.269	0.011	0.545	0.48	-1.89	-4.89	-3.97	15.05	17.73	43989	0.277	0.008	0.593	-0.029	0.010	2.117
10.177	0.268	0.012	0.545	0.43	-2.00	-4.70	-7.77	7.42	22.44	43874	0.277	0.009	0.593	-0.030	0.010	2.113
10.194	0.271	0.012	0.546	0.39	-2.06	-4.45	-1.93	-4.39	26.73	43749	0.277	0.010	0.592	-0.030	0.010	2.110
10.201	0.271	0.019	0.546	0.35	-1.96	-4.18	4.04	-15.70	29.50	43658	0.278	0.012	0.592	-0.031	0.011	2.106
10.205	0.271	0.020	0.545	0.41	-1.76	-3.87	4.45	-24.98	33.65	43789	0.278	0.013	0.592	-0.031	0.011	2.103
10.218	0.275	0.019	0.545	0.46	-1.53	-3.52	2.40	-26.28	39.44	43701	0.279	0.014	0.591	-0.032	0.011	2.099
10.230	0.273	0.019	0.546	0.50	-1.24	-3.10	3.63	-25.06	44.69	43616	0.279	0.016	0.591	-0.032	0.012	2.096
10.240	0.276	0.023	0.546	0.53	-1.02	-2.64	6.77	-21.68	49.55	43543	0.280	0.017	0.591	-0.032	0.012	2.092
10.248	0.274	0.025	0.545	0.61	-0.78	-2.14	10.70	-20.53	52.55	43483	0.280	0.018	0.590	-0.033	0.013	2.089
10.253	0.277	0.024	0.545	0.75	-0.60	-1.61	14.07	-17.31	55.06	43645	0.281	0.020	0.590	-0.033	0.013	2.085
10.271	0.277	0.021	0.546	0.92	-0.43	-1.05	12.37	-13.51	57.64	43618	0.282	0.020	0.590	-0.033	0.013	2.082
10.278	0.279	0.021	0.546	1.04	-0.32	-0.46	8.22	-8.65	60.23	43604	0.282	0.021	0.589	-0.034	0.013	2.079
10.288	0.279	0.026	0.546	1.07	-0.23	0.15	-0.06	-1.96	64.37	43596	0.283	0.022	0.589	-0.034	0.013	2.075
10.299	0.280	0.027	0.547	1.04	-0.24	0.81	-6.60	7.97	68.36	43410	0.284	0.023	0.589	-0.034	0.014	2.072
10.305	0.281	0.027	0.547	0.98	-0.32	1.50	-3.88	9.99	69.61	43351	0.284	0.024	0.589	-0.035	0.014	2.069
10.316	0.281	0.028	0.548	0.98	-0.42	2.20	6.18	12.70	69.63	43298	0.285	0.025	0.589	-0.035	0.014	2.066
10.327	0.282	0.029	0.548	1.08	-0.53	2.90	14.45	11.36	70.17	43262	0.286	0.026	0.589	-0.035	0.014	2.063
10.338	0.285	0.037	0.548	1.19	-0.62	3.60	21.68	2.37	70.09	43215	0.286	0.028	0.588	-0.035	0.015	2.060
10.349	0.286	0.034	0.548	1.46	-0.60	4.30	27.49	-9.90	70.87	43221	0.287	0.029	0.588	-0.035	0.015	2.057
10.356	0.286	0.038	0.549	1.74	-0.44	5.01	34.40	-20.22	72.45	43128	0.288	0.031	0.588	-0.036	0.016	2.054
10.369	0.286	0.038	0.549	2.12	-0.18	5.73	40.03	-26.81	71.87	43042	0.289	0.032	0.588	-0.036	0.016	2.051
10.377	0.287	0.037	0.550	2.54	0.15	6.44	40.83	-37.18	72.10	42981	0.290	0.033	0.588	-0.036	0.017	2.048
10.389	0.284	0.040	0.551	2.91	0.62	7.13	37.86	-47.24	71.14	42723	0.290	0.034	0.588	-0.036	0.017	2.045
10.398	0.290	0.043	0.551	3.25	1.11	7.81	37.05	-50.88	70.00	42664	0.291	0.036	0.588	-0.037	0.017	2.042
10.407	0.290	0.039	0.552	3.64	1.65	8.48	32.84	-44.32	67.02	42630	0.292	0.037	0.588	-0.037	0.018	2.040
10.420	0.292	0.044	0.552	3.87	2.09	9.11	19.95	-37.52	64.42	42607	0.293	0.038	0.588	-0.037	0.018	2.037
10.428	0.290	0.043	0.553	4.00	2.50	9.72	3.31	-30.29	61.64	42458	0.294	0.039	0.588	-0.037	0.018	2.034
10.437	0.292	0.046	0.554	3.93	2.82	10.31	-11.78	-23.15	57.57	42448	0.295	0.040	0.588	-0.037	0.019	2.032
10.446	0.294	0.048	0.554	3.73	3.03	10.85	-22.58	-10.55	52.18	42448	0.296	0.041	0.588	-0.038	0.019	2.029
10.456	0.296	0.050	0.555	3.44	3.10	11.35	-25.42	7.01	44.72	42462	0.297	0.042	0.588	-0.038	0.020	2.027
10.464	0.300	0.048	0.556	3.19	2.97	11.78	-25.53	21.59	38.74	42490	0.299	0.043	0.588	-0.038	0.020	2.024
10.478	0.301	0.048	0.557	2.91	2.74	12.16	-24.68	29.32	33.55	42296	0.301	0.044	0.589	-0.038	0.020	2.022
10.486	0.302	0.048	0.557	2.66	2.45	12.48	-21.19	32.39	28.16	42353	0.302	0.045	0.589	-0.038	0.021	2.019
10.498	0.305	0.044	0.557	2.50	2.12	12.76	-14.91	31.86	23.05	42457	0.304	0.045	0.589	-0.037	0.021	2.017
10.506	0.306	0.044	0.557	2.36	1.81	12.99	-11.54	33.94	18.81	42598	0.305	0.045	0.589	-0.037	0.021	2.015
10.514	0.307	0.043	0.557	2.24	1.47	13.18	-16.02	33.53	17.11	42859	0.307	0.045	0.588	-0.037	0.020	2.012
10.528	0.311	0.041	0.557	2.08	1.12	13.35	-19.48	30.19	13.88	42968	0.309	0.044	0.588	-0.037	0.020	2.010
10.539	0.311	0.037	0.557	1.90	0.84	13.48	-21.61	26.36	8.89	43041	0.310	0.043	0.588	-0.037	0.020	2.008
10.548	0.311	0.036	0.557	1.66	0.59	13.56	-26.90	21.70	4.76	43123	0.312	0.042	0.588	-0.037	0.019	2.005
10.557	0.308	0.039	0.556	1.35	0.43	13.61	-31.58	15.50	2.15	43358	0.312	0.042	0.587	-0.037	0.019	2.003
10.569	0.311	0.036	0.556	1.04	0.30	13.62	-38.13	3.23	0.42	43427	0.314	0.041	0.587	-0.038	0.019	2.001
10.578	0.311	0.033	0.556	0.65	0.32	13.63	-48.31	-10.80	0.37	43514	0.315	0.040	0.587	-0.038	0.018	1.998
10.589	0.313	0.034	0.556	0.11	0.46	13.63	-60.23	-22.25	0.47	43572	0.316	0.039	0.586	-0.038	0.018	1.996
10.596	0.314	0.033	0.556	-0.52	0.72	13.64	-67.98	-32.28	2.27	43618	0.317	0.038	0.586	-0.038	0.017	1.994
10.606	0.312	0.035	0.556	-1.23	1.09	13.68	-69.35	-38.54	2.67	43642	0.318	0.038	0.585	-0.039	0.017	1.992
10.616	0.313	0.036	0.556	-1.91	1.47	13.71	-60.18	-38.86	1.84	43619	0.319	0.038	0.585	-0.039	0.017	1.989
10.629	0.320	0.029	0.556	-2.39	1.80	13.74	-41.78	-32.58	1.11	43567	0.320	0.036	0.585	-0.039	0.017	1.987
10.637	0.323	0.025	0.556	-2.70	2.08	13.75	-16.79	-22.86	0.89	43494	0.322	0.035	0.584	-0.039	0.016	1.985
10.649	0.327	0.023	0.556	-2.75	2.25	13.77	11.81	-13.53	1.30	43391	0.324	0.033	0.584	-0.039	0.015	1.983
10.655	0.327	0.022	0.556	-2.56	2.34	13.79	30.69	-2.16	0.65	43341	0.326	0.032	0.583	-0.039	0.014	1.981
10.665	0.324	0.025	0.556	-2.23	2.35	13.80	42.25	8.06	1.21	43311	0.327	0.031	0.583	-0.039	0.014	1.979
10.677	0.327	0.022	0.556	-1.78	2.22	13.80	46.20	14.26	2.02	43295	0.329	0.030	0.583	-0.039	0.013	1.977
10.686	0.332	0.019	0.556	-1.29	2.02	13.82	44.15	21.24	3.49	43257	0.331	0.029	0.582	-0.039	0.013	1.975
10.699	0.330	0.021	0.556	-0.91	1.81	13.86	33.17	24.72	5.44	43275	0.332	0.028	0.582	-0.039	0.012	1.973
10.708	0.332	0.021	0.556	-0.63	1.56	13.92	16.65	24.22	8.62	43306	0.334	0.027	0.582	-0.039	0.012	1.971
10.716	0.332	0.022	0.556	-0.55	1.32	14.02	-2.78	19.21	11.97	43310	0.335	0.027	0.581	-0.040	0.011	1.969
10.728	0.333	0.022	0.555	-0.63	1.16	14.14	-17.16	10.77	14.21	43289	0.336	0.026	0.581	-0.040	0.011	1.967
10.736	0.334	0.019	0.555	-0.81	1.07	14.29	-20.87	3.38	15.63	43388	0.338	0.025	0.580	-0.040	0.011	1.965
10.749	0.336	0.018	0.555	-0.99	1.05	14.45	-13.03	-4.28	16.45	43393	0.339	0.025	0.580	-0.040	0.010	1.963
10.758	0.338	0.017	0.555	-1.07	1.10	14.62	-0.77	-9.52	17.19	43425	0.340	0.024	0.580	-0.040	0.010	1.961
10.765	0.339	0.017	0.554	-1.03	1.20	14.79	15.42	-13.18	16.34	43479	0.342	0.023	0.579	-0.041	0.009	1.959
10.775	0.339	0.016	0.554	-0.81	1.33	14.95	34.29	-12.97	13.58	43588	0.343	0.022	0.579	-0.041	0.009	1.957
10.789	0.338	0.014	0.554	-0.40	1.46	15.08	49.62	-12.90	11.94	43681	0.344	0.021	0.578	-0.041	0.008	1.955
10.797	0.342	0.012	0.554	0.14	1.58	15.19	56.42	-17.45	9.64	43766	0.345	0.020	0.578	-0.042	0.008	1.954
10.809	0.343	0.009	0.553	0.72	1.77	15.27	57.45	-23.06	7.13	43843	0.346	0.019	0.577	-0.042	0.007	1.952
10.816	0.341	0.013	0.551	1.24	2.04	15.33	51.33	-27.99	4.15	44234	0.347	0.019	0.576	-0.042	0.007	1.950
10.829	0.343	0.009	0.551	1.76	2.32	15.35	42.11	-29.23	1.69	44311	0.348	0.017	0.576	-0.043	0.006	1.948
10.839	0.341	0.012	0.551	2.10	2.61	15.35	30.15	-27.23	-1.09	44388	0.349	0.017	0.575	-0.043	0.006	1.946
10.847	0.341	0.009	0.550	2.37	2.87	15.31	14.46	-22.74	-4.39	44481	0.350	0.016	0.574	-0.044	0.005	1.944
10.858	0.340	0.008	0.551	2.46	3.09	15.25	-1.20	-14.88	-8.28	44583	0.351	0.015	0.574	-0.045	0.005	1.942
10.867	0.342	0.010	0.550	2.38	3.15	15.14	-17.79	2.16	-13.90	44467	0.351	0.014	0.573	-0.045	0.004	1.941
10.874	0.342	0.009	0.550	2.16	3.05	14.99	-31.71	22.11	-18.43	44535	0.352	0.014	0.573	-0.046	0.004	1.939
10.889	0.344	0.010	0.549	1.79	2.73	14.80	-45.85	43.89	-22.34	44596	0.353	0.013	0.572	-0.047	0.004	1.937
10.898	0.348	0.012	0.550	1.29	2.19	14.58	-55.55	58.23	-25.75	44614	0.354	0.013	0.572	-0.047	0.004	1.936
10.909	0.350	0.007	0.550	0.75	1.56	14.32	-61.70	67.78	-28.44	44294	0.355	0.012	0.572	-0.048	0.003	1.934
10.919	0.349	0.013	0.550	0.08	0.87	14.04	-62.26	67.33	-30.34	44273	0.356	0.012	0.572	-0.048	0.004	1.932
10.923	0.351	0.008	0.549	-0.49	0.20	13.72	-60.54	63.55	-31.49	44232	0.357	0.011	0.571	-0.048	0.003	1.931
10.933	0.361	0.005	0.549	-1.05	-0.49	13.38	-55.01	55.43	-32.45	44188	0.359	0.010	0.571	-0.048	0.003	1.929
10.948	0.363	-0.000	0.548	-1.54	-0.99	13.05	-46.66	41.47	-30.45	44271	0.361	0.009	0.570	-0.048	0.002	1.927
10.959	0.361	0.002	0.548	-2.00	-1.32	12.74	-36.16	24.87	-29.54	44205	0.362	0.008	0.570	-0.048	0.002	1.925
10.969	0.357	0.001	0.547	-2.33	-1.47	12.45	-21.75	9.89	-28.94	44146	0.363	0.007	0.570	-0.049	0.001	1.924
10.974	0.361	-0.003	0.547	-2.47	-1.55	12.15	-4.66	2.60	-30.32	44103	0.364	0.006	0.569	-0.049	0.001	1.922
10.984	0.362	-0.005	0.547	-2.44	-1.55	11.84	13.42	-4.15	-32.24	44054	0.366	0.004	0.569	-0.049	-0.000	1.920
10.998	0.361	-0.008	0.547	-2.25	-1.47	11.51	28.83	-6.31	-33.73	43924	0.366	0.003	0.568	-0.049	-0.001	1.919
11.007	0.360	-0.009	0.547	-1.94	-1.38	11.17	35.04	-9.30	-34.67	43849	0.367	0.001	0.568	-0.050	-0.002	1.917
11.016	0.358	-0.009	0.547	-1.60	-1.25	10.83	30.68	-9.65	-34.47	43767	0.368	-0.000	0.568	-0.051	-0.002	1.916
11.023	0.358	-0.007	0.546	-1.37	-1.15	10.49	18.56	-12.13	-34.02	43712	0.368	-0.001	0.567	-0.051	-0.003	1.914
11.039	0.356	-0.006	0.546	-1.24	-0.97	10.16	6.89	-21.41	-33.15	43723	0.368	-0.002	0.567	-0.052	-0.003	1.913
11.048	0.356	-0.005	0.546	-1.25	-0.72	9.83	-8.33	-30.39	-31.81	43688	0.368	-0.002	0.566	-0.053	-0.003	1.911
11.055	0.356	-0.006	0.546	-1.37	-0.37	9.53	-18.66	-40.10	-28.76	43659	0.368	-0.002	0.566	-0.054	-0.003	1.910
11.064	0.354	-0.004	0.546	-1.61	0.08	9.26	-25.33	-45.35	-27.30	43603	0.367	-0.003	0.566	-0.055	-0.003	1.908
11.076	0.360	-0.012	0.546	-1.80	0.50	9.01	-29.44	-46.24	-24.25	43567	0.368	-0.004	0.565	-0.055	-0.004	1.907
11.080	0.362	-0.008	0.546	-2.13	0.94	8.80	-28.71	-43.17	-21.76	43536	0.369	-0.004	0.565	-0.056	-0.004	1.905
11.097	0.361	-0.013	0.546	-2.37	1.39	8.60	-24.63	-39.05	-19.66	43513	0.369	-0.005	0.565	-0.056	-0.005	1.904
11.105	0.364	-0.015	0.546	-2.57	1.74	8.43	-17.77	-31.31	-16.24	43486	0.370	-0.006	0.565	-0.057	-0.006	1.902
11.116	0.365	-0.014	0.546	-2.72	2.01	8.29	-7.82	-19.61	-13.96	43461	0.371	-0.007	0.564	-0.057	-0.006	1.901
11.125	0.364	-0.011	0.546	-2.78	2.18	8.17	3.10	-8.57	-11.38	43360	0.371	-0.008	0.564	-0.058	-0.006	1.900
11.136	0.365	-0.012	0.546	-2.71	2.22	8.07	12.64	4.88	-8.57	43325	0.372	-0.008	0.564	-0.058	-0.006	1.898
11.148	0.368	-0.013	0.546	-2.55	2.11	7.98	17.58	16.50	-6.53	43291	0.373	-0.009	0.564	-0.059	-0.007	1.897
11.156	0.369	-0.013	0.547	-2.36	1.91	7.92	20.10	25.99	-4.89	43225	0.374	-0.009	0.563	-0.059	-0.007	1.896
11.164	0.371	-0.015	0.548	-2.14	1.61	7.86	20.41	32.54	-4.37	43000	0.375	-0.009	0.563	-0.059	-0.007	1.894
11.177	0.371	-0.015	0.548	-1.94	1.27	7.80	18.35	36.40	-4.43	42945	0.375	-0.010	0.563	-0.060	-0.008	1.893
11.185	0.369	-0.013	0.548	-1.79	0.91	7.75	15.03	37.79	-3.95	42921	0.376	-0.010	0.563	-0.060	-0.008	1.892
11.198	0.371	-0.013	0.548	-1.65	0.54	7.70	9.69	35.16	-3.64	42906	0.377	-0.010	0.563	-0.061	-0.008	1.891
11.206	0.368	-0.008	0.549	-1.60	0.22	7.67	7.67	28.79	-2.72	42912	0.377	-0.010	0.563	-0.061	-0.008	1.890
11.218	0.370	-0.008	0.549	-1.54	-0.04	7.63	3.30	17.46	-3.84	42856	0.377	-0.009	0.563	-0.062	-0.008	1.889
11.226	0.370	-0.009	0.549	-1.51	-0.17	7.58	3.42	4.48	-4.37	42889	0.377	-0.009	0.563	-0.062	-0.008	1.888
11.235	0.370	-0.009	0.549	-1.47	-0.17	7.54	7.69	-8.27	-4.91	42937	0.378	-0.008	0.563	-0.063	-0.008	1.887
11.248	0.370	-0.008	0.549	-1.38	-0.05	7.48	11.33	-19.54	-6.32	43004	0.378	-0.008	0.563	-0.063	-0.008	1.886
11.257	0.368	-0.008	0.549	-1.25	0.20	7.42	18.92	-30.21	-7.20	43153	0.378	-0.008	0.562	-0.064	-0.008	1.885
11.265	0.374	-0.010	0.548	-1.01	0.48	7.35	21.04	-37.48	-7.91	43255	0.378	-0.008	0.562	-0.064	-0.008	1.883
11.275	0.371	-0.013	0.548	-0.78	0.90	7.28	20.85	-40.77	-7.90	43350	0.379	-0.008	0.562	-0.065	-0.009	1.882
11.285	0.369	-0.010	0.548	-0.59	1.33	7.20	19.25	-40.68	-8.21	43428	0.379	-0.008	0.562	-0.066	-0.009	1.881
11.293	0.370	-0.011	0.548	-0.40	1.71	7.12	17.46	-34.83	-8.44	43487	0.379	-0.008	0.562	-0.066	-0.009	1.880
11.307	0.373	-0.012	0.548	-0.22	2.00	7.04	13.83	-24.72	-9.57	43488	0.379	-0.008	0.561	-0.067	-0.009	1.879
11.315	0.372	-0.009	0.548	-0.13	2.21	6.94	9.51	-14.07	-9.72	43542	0.380	-0.008	0.561	-0.067	-0.009	1.878
11.326	0.369	-0.005	0.548	-0.06	2.34	6.84	8.21	-6.42	-11.58	43638	0.380	-0.007	0.561	-0.068	-0.009	1.877
11.336	0.370	-0.003	0.547	0.01	2.36	6.72	5.28	4.66	-14.08	43765	0.380	-0.006	0.560	-0.069	-0.009	1.876
11.345	0.370	-0.004	0.546	0.07	2.29	6.57	4.10	13.63	-15.73	44056	0.380	-0.005	0.560	-0.070	-0.009	1.875
11.353	0.373	-0.003	0.546	0.11	2.09	6.40	2.11	27.28	-19.46	44175	0.380	-0.005	0.559	-0.070	-0.009	1.874
11.369	0.375	-0.002	0.545	0.12	1.75	6.20	-3.90	40.61	-23.13	44259	0.381	-0.004	0.559	-0.071	-0.009	1.873
11.379	0.376	-0.002	0.545	0.06	1.29	5.97	-11.60	52.20	-23.80	44336	0.381	-0.003	0.558	-0.071	-0.009	1.872
11.389	0.376	-0.002	0.545	-0.06	0.72	5.73	-17.14	62.34	-22.84	44247	0.382	-0.003	0.558	-0.071	-0.009	1.871
11.399	0.381	-0.004	0.545	-0.23	0.08	5.51	-21.54	55.73	-19.85	44273	0.383	-0.002	0.558	-0.072	-0.009	1.870
11.402	0.379	-0.003	0.544	-0.47	-0.42	5.32	-26.38	41.34	-15.84	44300	0.383	-0.002	0.557	-0.072	-0.009	1.869
11.417	0.379	-0.001	0.544	-0.74	-0.81	5.16	-25.23	31.85	-12.65	44354	0.384	-0.002	0.557	-0.072	-0.009	1.868
11.427	0.377	-0.001	0.543	-0.98	-1.09	5.04	-21.15	28.30	-10.46	44395	0.384	-0.001	0.556	-0.073	-0.009	1.867
11.435	0.377	0.000	0.543	-1.18	-1.36	4.94	-11.71	24.98	-8.28	44466	0.384	-0.000	0.556	-0.073	-0.009	1.866
11.446	0.375	0.001	0.542	-1.27	-1.59	4.85	0.02	22.52	-8.18	44437	0.384	0.000	0.555	-0.074	-0.009	1.865
11.457	0.375	0.001	0.542	-1.21	-1.79	4.77	18.88	16.68	-7.23	44414	0.383	0.001	0.555	-0.074	-0.009	1.864
11.466	0.374	0.002	0.540	-0.97	-1.93	4.70	33.02	5.74	-5.85	44381	0.383	0.001	0.554	-0.075	-0.008	1.863
11.477	0.374	0.002	0.539	-0.61	-1.94	4.64	44.03	-8.69	-5.54	44662	0.383	0.002	0.554	-0.076	-0.008	1.862
11.488	0.372	0.009	0.539	-0.21	-1.81	4.59	50.96	-23.96	-4.61	44619	0.382	0.003	0.553	-0.076	-0.008	1.861
11.492	0.371	0.002	0.538	0.37	-1.51	4.54	52.26	-40.64	-5.69	44602	0.382	0.004	0.552	-0.077	-0.008	1.860
11.507	0.371	0.002	0.538	0.89	-1.07	4.47	49.77	-50.60	-8.70	44583	0.381	0.004	0.552	-0.078	-0.008	1.859
11.516	0.369	0.005	0.538	1.36	-0.55	4.37	46.96	-49.40	-9.67	44528	0.380	0.005	0.551	-0.079	-0.008	1.858
11.528	0.368	0.004	0.537	1.83	-0.06	4.26	41.13	-41.69	-9.89	44445	0.380	0.005	0.551	-0.079	-0.008	1.857
11.535	0.373	0.002	0.537	2.24	0.27	4.15	27.56	-25.17	-10.97	44379	0.380	0.005	0.550	-0.080	-0.009	1.856
11.547	0.375	0.001	0.537	2.47	0.46	4.03	7.34	-6.97	-12.12	44315	0.380	0.005	0.550	-0.080	-0.009	1.855
11.557	0.373	0.005	0.537	2.46	0.50	3.90	-10.61	7.71	-14.62	44250	0.380	0.006	0.549	-0.081	-0.009	1.854
11.566	0.377	0.002	0.537	2.36	0.35	3.75	-23.20	21.75	-18.03	44198	0.380	0.005	0.549	-0.081	-0.009	1.853
11.577	0.379	0.006	0.536	2.06	0.08	3.57	-35.78	31.63	-21.41	44158	0.381	0.006	0.549	-0.081	-0.009	1.852
11.585	0.378	0.010	0.536	1.65	-0.26	3.36	-47.63	40.27	-19.97	44086	0.381	0.007	0.548	-0.081	-0.009	1.851
11.595	0.383	0.010	0.536	1.15	-0.71	3.18	-60.43	44.75	-16.71	44016	0.382	0.007	0.548	-0.081	-0.009	1.851
11.608	0.382	0.010	0.536	0.50	-1.17	3.03	-73.27	46.64	-12.45	43948	0.382	0.008	0.548	-0.081	-0.009	1.850
11.618	0.382	0.015	0.536	-0.28	-1.62	2.92	-75.46	38.47	-6.98	43876	0.383	0.009	0.547	-0.081	-0.008	1.849
11.628	0.383	0.013	0.536	-1.01	-1.97	2.86	-67.68	23.73	-2.26	43826	0.383	0.010	0.547	-0.081	-0.008	1.848
11.638	0.385	0.005	0.536	-1.56	-2.17	2.84	-45.91	5.32	-1.74	43772	0.384	0.009	0.547	-0.081	-0.008	1.847
11.647	0.386	0.003	0.536	-1.93	-2.20	2.82	-18.10	-6.88	-4.25	43732	0.384	0.009	0.547	-0.081	-0.009	1.846
11.659	0.387	0.003	0.536	-2.06	-2.09	2.77	1.02	-19.62	-6.77	43694	0.385	0.008	0.547	-0.081	-0.009	1.845
11.669	0.387	0.002	0.536	-2.02	-1.86	2.71	9.41	-35.71	-5.90	43699	0.386	0.008	0.546	-0.081	-0.010	1.845
11.675	0.385	0.003	0.536	-1.93	-1.44	2.67	14.78	-50.23	-4.25	43685	0.386	0.008	0.546	-0.081	-0.010	1.844
11.687	0.386	0.005	0.537	-1.79	-0.93	2.65	16.16	-59.58	-1.31	43648	0.386	0.008	0.546	-0.081	-0.010	1.843
11.694	0.387	0.004	0.537	-1.60	-0.33	2.66	22.59	-58.54	1.93	43339	0.387	0.008	0.546	-0.081	-0.010	1.842
11.707	0.391	0.001	0.537	-1.31	0.21	2.70	37.20	-49.64	4.08	43214	0.388	0.007	0.546	-0.081	-0.011	1.842
11.717	0.388	0.003	0.538	-0.93	0.70	2.76	46.15	-35.54	6.68	43091	0.388	0.007	0.546	-0.081	-0.011	1.841
11.727	0.394	0.005	0.538	-0.47	0.97	2.84	48.75	-20.46	8.80	42998	0.390	0.007	0.546	-0.081	-0.011	1.840
11.736	0.393	0.008	0.538	-0.01	1.16	2.93	44.11	-10.18	10.15	42960	0.391	0.008	0.546	-0.080	-0.011	1.840
11.748	0.394	0.008	0.539	0.41	1.24	3.04	36.25	-7.27	12.17	42815	0.392	0.008	0.546	-0.080	-0.011	1.839
11.753	0.398	0.005	0.539	0.77	1.28	3.16	25.58	-6.76	13.17	42785	0.393	0.008	0.546	-0.080	-0.011	1.839
11.767	0.397	0.008	0.539	0.98	1.37	3.29	16.00	-9.33	13.94	42797	0.394	0.008	0.546	-0.080	-0.012	1.838
11.777	0.399	0.007	0.538	1.12	1.47	3.44	4.81	-13.62	15.60	42814	0.395	0.009	0.546	-0.079	-0.012	1.838
11.789	0.400	0.012	0.539	1.11	1.61	3.59	-1.64	-18.50	16.86	43014	0.396	0.009	0.546	-0.079	-0.011	1.837
11.796	0.402	0.008	0.539	1.11	1.81	3.76	-5.21	-25.45	16.83	43019	0.398	0.010	0.546	-0.079	-0.012	1.836
11.804	0.401	0.013	0.539	1.02	2.08	3.92	-6.24	-28.42	16.81	43011	0.399	0.010	0.546	-0.079	-0.011	1.836
11.812	0.399	0.015	0.539	0.93	2.39	4.08	-8.68	-30.81	16.13	43016	0.399	0.011	0.546	-0.079	-0.011	1.835
11.826	0.402	0.015	0.540	0.85	2.69	4.24	-6.09	-30.50	17.05	42904	0.401	0.012	0.546	-0.079	-0.011	1.835
11.836	0.405	0.015	0.540	0.78	2.96	4.40	-4.57	-21.59	17.56	42963	0.402	0.013	0.546	-0.078	-0.011	1.834
11.849	0.405	0.016	0.540	0.74	3.15	4.58	-2.14	-9.21	17.61	43036	0.403	0.013	0.546	-0.078	-0.011	1.834
11.853	0.410	0.015	0.540	0.72	3.19	4.75	-2.19	2.36	16.16	43139	0.405	0.014	0.546	-0.078	-0.010	1.834
11.867	0.410	0.015	0.541	0.68	3.14	4.91	-5.48	13.59	16.14	43238	0.406	0.014	0.546	-0.078	-0.010	1.833
11.877	0.410	0.015	0.541	0.61	2.98	5.08	-9.04	22.90	16.05	43221	0.407	0.015	0.546	-0.077	-0.010	1.833
11.886	0.410	0.016	0.541	0.50	2.72	5.24	-13.70	35.33	16.16	43325	0.409	0.015	0.546	-0.077	-0.010	1.832
11.898	0.411	0.018	0.541	0.32	2.34	5.41	-17.68	45.29	16.37	43444	0.410	0.016	0.546	-0.077	-0.010	1.832
11.908	0.414	0.020	0.540	0.13	1.84	5.57	-21.33	52.84	15.45	43568	0.411	0.016	0.546	-0.077	-0.010	1.832
11.918	0.418	0.017	0.540	-0.06	1.27	5.73	-20.68	59.41	15.73	43726	0.413	0.017	0.545	-0.077	-0.010	1.831
11.930	0.419	0.019	0.540	-0.28	0.66	5.88	-16.73	60.38	14.12	43835	0.414	0.017	0.545	-0.076	-0.010	1.831
11.938	0.420	0.016	0.539	-0.40	0.06	6.02	-8.08	55.60	11.55	43935	0.416	0.018	0.545	-0.076	-0.010	1.830
11.947	0.425	0.013	0.539	-0.44	-0.51	6.12	-1.94	46.33	8.58	44041	0.418	0.017	0.545	-0.075	-0.010	1.830
11.954	0.419	0.015	0.538	-0.46	-0.89	6.20	6.53	30.99	5.73	44294	0.418	0.017	0.544	-0.075	-0.010	1.830
11.968	0.420	0.014	0.537	-0.36	-1.16	6.24	14.96	13.15	2.85	44378	0.419	0.017	0.544	-0.075	-0.010	1.829
11.976	0.421	0.014	0.537	-0.19	-1.25	6.26	20.58	-2.50	-0.06	44484	0.420	0.017	0.543	-0.075	-0.011	1.829
11.987	0.421	0.014	0.536	0.02	-1.19	6.26	22.00	-11.65	-2.21	44603	0.421	0.017	0.543	-0.075	-0.011	1.828
11.996	0.419	0.019	0.536	0.20	-1.05	6.23	22.61	-18.09	-4.92	44731	0.421	0.018	0.543	-0.075	-0.011	1.828
12.008	0.416	0.024	0.535	0.39	-0.83	6.17	21.96	-25.81	-7.58	44870	0.421	0.019	0.542	-0.075	-0.010	1.827
12.013	0.419	0.023	0.534	0.61	-0.58	6.09	16.65	-32.24	-9.88	44982	0.422	0.020	0.542	-0.076	-0.010	1.826
12.027	0.420	0.020	0.534	0.79	-0.24	5.98	12.10	-38.69	-12.50	45098	0.422	0.020	0.541	-0.076	-0.010	1.826
12.040	0.419	0.019	0.532	0.91	0.16	5.84	6.58	-44.49	-15.30	45210	0.423	0.020	0.540	-0.076	-0.010	1.825
12.048	0.421	0.018	0.532	0.96	0.61	5.67	3.11	-49.24	-17.04	45480	0.423	0.020	0.540	-0.076	-0.010	1.825
12.055	0.422	0.018	0.531	0.98	1.11	5.49	0.04	-51.54	-17.91	45565	0.424	0.020	0.539	-0.077	-0.011	1.824
12.068	0.421	0.018	0.530	0.98	1.62	5.29	-3.04	-49.04	-18.84	45635	0.424	0.020	0.539	-0.077	-0.011	1.823
12.077	0.424	0.020	0.529	0.94	2.07	5.09	-3.69	-41.14	-19.31	45690	0.425	0.020	0.538	-0.077	-0.011	1.823
12.086	0.422	0.020	0.527	0.91	2.45	4.89	-4.39	-28.97	-21.23	45757	0.426	0.021	0.537	-0.077	-0.011	1.822
12.097	0.425	0.022	0.526	0.86	2.66	4.66	-5.36	-15.13	-22.90	46047	0.427	0.021	0.536	-0.077	-0.011	1.821
12.107	0.426	0.023	0.525	0.81	2.76	4.43	-6.03	-2.81	-24.51	46080	0.427	0.021	0.536	-0.078	-0.010	1.820
12.111	0.426	0.025	0.525	0.75	2.75	4.18	-5.05	8.57	-25.77	46119	0.428	0.022	0.535	-0.078	-0.010	1.820
12.128	0.428	0.025	0.525	0.71	2.60	3.91	-3.57	17.26	-27.11	46145	0.429	0.023	0.535	-0.078	-0.010	1.819
12.138	0.427	0.026	0.524	0.70	2.42	3.64	0.47	22.87	-27.91	45916	0.430	0.023	0.534	-0.078	-0.010	1.818
12.143	0.429	0.024	0.524	0.74	2.16	3.36	4.67	25.83	-28.91	45962	0.431	0.023	0.534	-0.078	-0.010	1.817
12.151	0.429	0.024	0.523	0.81	1.90	3.07	7.09	26.29	-29.96	45990	0.431	0.024	0.533	-0.078	-0.010	1.817
12.168	0.430	0.024	0.522	0.90	1.63	2.77	7.40	24.37	-30.32	46009	0.432	0.024	0.533	-0.078	-0.010	1.816
12.178	0.430	0.024	0.522	0.99	1.39	2.47	7.65	21.74	-30.75	45981	0.433	0.024	0.532	-0.079	-0.010	1.815
12.186	0.425	0.025	0.521	1.05	1.23	2.17	5.08	14.52	-29.55	46021	0.433	0.024	0.532	-0.079	-0.010	1.814
12.196	0.425	0.026	0.520	1.09	1.11	1.87	2.03	6.16	-29.18	46046	0.433	0.025	0.532	-0.080	-0.010	1.813
12.203	0.425	0.026	0.520	1.11	1.07	1.59	0.69	-1.90	-27.55	46075	0.433	0.025	0.531	-0.080	-0.009	1.812
12.213	0.425	0.026	0.519	1.13	1.11	1.32	0.22	-9.03	-26.58	46084	0.433	0.025	0.531	-0.081	-0.009	1.812
12.227	0.425	0.026	0.518	1.13	1.21	1.05	-1.04	-14.28	-25.58	46126	0.433	0.025	0.530	-0.081	-0.009	1.811
12.237	0.426	0.019	0.517	1.18	1.36	0.79	-2.87	-18.70	-24.21	46133	0.433	0.025	0.530	-0.082	-0.010	1.810
12.245	0.428	0.015	0.517	1.18	1.53	0.55	-4.41	-19.73	-23.23	46149	0.433	0.023	0.529	-0.082	-0.010	1.809
12.255	0.428	0.015	0.517	1.13	1.72	0.32	-6.20	-19.19	-21.64	46147	0.433	0.022	0.529	-0.082	-0.011	1.808
12.262	0.428	0.014	0.516	1.06	1.90	0.10	-9.99	-16.33	-20.87	46064	0.434	0.021	0.529	-0.083	-0.011	1.807
12.278	0.428	0.014	0.515	0.96	2.04	-0.11	-13.79	-9.54	-19.01	46038	0.434	0.020	0.528	-0.083	-0.012	1.806
12.288	0.428	0.014	0.515	0.81	2.11	-0.30	-18.83	-3.27	-18.61	46002	0.434	0.019	0.528	-0.084	-0.012	1.805
12.297	0.422	0.017	0.514	0.58	2.14	-0.47	-22.97	7.57	-17.43	45964	0.434	0.019	0.528	-0.085	-0.012	1.804
12.304	0.428	0.009	0.515	0.40	1.99	-0.65	-26.21	14.31	-17.07	45909	0.434	0.018	0.528	-0.085	-0.013	1.803
12.317	0.427	0.009	0.514	0.15	1.82	-0.82	-24.88	20.89	-16.30	45710	0.434	0.016	0.527	-0.086	-0.014	1.802
12.328	0.427	0.012	0.514	-0.11	1.59	-0.98	-22.70	25.21	-15.36	45622	0.434	0.016	0.527	-0.086	-0.014	1.801
12.337	0.426	-0.001	0.514	-0.23	1.35	-1.14	-19.18	25.79	-14.03	45527	0.434	0.013	0.527	-0.087	-0.015	1.800
12.346	0.426	-0.000	0.513	-0.41	1.09	-1.27	-13.51	23.95	-12.65	45443	0.434	0.012	0.527	-0.087	-0.016	1.799
12.358	0.425	0.002	0.513	-0.55	0.87	-1.39	-9.98	21.11	-10.99	45392	0.434	0.010	0.527	-0.088	-0.016	1.798
12.370	0.423	0.003	0.513	-0.64	0.67	-1.50	-7.41	18.98	-9.00	45298	0.434	0.009	0.527	-0.089	-0.017	1.797
12.379	0.423	0.005	0.513	-0.74	0.50	-1.58	-6.30	14.99	-7.61	45197	0.433	0.008	0.527	-0.089	-0.017	1.796
12.386	0.423	0.006	0.513	-0.80	0.35	-1.65	-4.80	11.46	-5.89	45103	0.433	0.008	0.526	-0.090	-0.017	1.795
12.396	0.423	0.006	0.513	-0.85	0.24	-1.71	-1.41	9.51	-4.94	44990	0.433	0.007	0.526	-0.091	-0.017	1.794
12.405	0.420	0.007	0.513	-0.86	0.18	-1.76	1.72	7.44	-4.55	44898	0.432	0.007	0.526	-0.092	-0.017	1.793
12.416	0.420	0.006	0.513	-0.83	0.11	-1.80	4.22	6.14	-3.84	44820	0.431	0.007	0.526	-0.092	-0.017	1.791
12.429	0.419	0.007	0.513	-0.79	0.05	-1.84	5.20	4.84	-4.37	44771	0.431	0.007	0.526	-0.093	-0.017	1.790
12.437	0.419	0.007	0.512	-0.75	0.00	-1.89	4.25	4.28	-4.07	44729	0.430	0.006	0.526	-0.094	-0.017	1.789
12.448	0.418	0.005	0.512	-0.70	-0.04	-1.93	2.24	4.47	-4.36	44804	0.429	0.006	0.526	-0.095	-0.017	1.788
12.457	0.417	0.005	0.512	-0.69	-0.09	-1.97	-0.81	6.25	-4.48	44751	0.428	0.006	0.526	-0.096	-0.017	1.787
12.462	0.417	0.005	0.512	-0.70	-0.15	-2.02	-2.71	7.36	-4.52	44716	0.428	0.006	0.526	-0.096	-0.017	1.786
12.475	0.415	0.006	0.512	-0.73	-0.22	-2.07	-2.43	6.91	-4.03	44666	0.427	0.005	0.526	-0.097	-0.017	1.785
12.487	0.414	0.007	0.512	-0.76	-0.27	-2.10	-2.02	5.29	-3.52	44638	0.426	0.005	0.526	-0.098	-0.017	1.784
12.498	0.412	0.008	0.513	-0.79	-0.31	-2.14	-2.08	3.70	-3.43	44598	0.425	0.006	0.526	-0.099	-0.017	1.783
12.507	0.411	0.008	0.513	-0.81	-0.33	-2.17	-2.93	-0.83	-2.53	44551	0.424	0.006	0.526	-0.100	-0.017	1.782
12.515	0.408	0.010	0.513	-0.85	-0.29	-2.19	-3.03	-4.20	-1.30	44479	0.422	0.006	0.526	-0.101	-0.017	1.781
12.525	0.407	0.010	0.514	-0.88	-0.24	-2.20	-1.76	-6.72	-0.54	44419	0.421	0.006	0.526	-0.102	-0.016	1.780
12.537	0.407	0.010	0.514	-0.89	-0.16	-2.20	0.45	-8.43	1.36	44266	0.420	0.007	0.526	-0.103	-0.016	1.779
12.545	0.406	0.010	0.514	-0.88	-0.08	-2.18	2.96	-8.46	2.64	44190	0.418	0.007	0.526	-0.104	-0.016	1.778
12.557	0.404	0.009	0.514	-0.83	0.01	-2.15	6.52	-7.33	4.34	44134	0.417	0.007	0.527	-0.105	-0.016	1.777
12.567	0.403	0.009	0.514	-0.76	0.08	-2.10	9.06	-4.01	5.71	44078	0.416	0.007	0.527	-0.106	-0.016	1.776
12.575	0.403	0.007	0.514	-0.65	0.11	-2.03	10.05	-2.58	7.44	44222	0.415	0.007	0.527	-0.106	-0.016	1.775
12.582	0.402	0.007	0.514	-0.55	0.12	-1.95	10.24	0.94	8.77	44178	0.413	0.007	0.527	-0.107	-0.016	1.774
12.596	0.403	0.004	0.514	-0.43	0.10	-1.86	8.88	3.58	9.52	44141	0.412	0.007	0.527	-0.108	-0.016	1.774
12.607	0.402	0.003	0.515	-0.34	0.05	-1.77	7.38	7.51	10.64	44108	0.411	0.006	0.527	-0.109	-0.016	1.773
12.615	0.402	0.003	0.515	-0.27	-0.04	-1.66	4.73	10.55	11.39	44132	0.411	0.006	0.527	-0.109	-0.016	1.772
12.628	0.401	0.010	0.515	-0.30	-0.15	-1.54	1.89	11.75	11.25	44127	0.410	0.006	0.527	-0.110	-0.016	1.771
12.637	0.400	0.010	0.515	-0.29	-0.27	-1.43	0.42	11.86	11.05	44096	0.409	0.007	0.527	-0.111	-0.016	1.770
12.645	0.396	0.012	0.515	-0.29	-0.36	-1.32	0.25	10.56	10.29	44073	0.407	0.007	0.527	-0.111	-0.016	1.769
12.657	0.394	0.013	0.515	-0.29	-0.45	-1.22	1.54	8.04	9.83	44076	0.406	0.008	0.527	-0.112	-0.015	1.768
12.666	0.393	0.013	0.515	-0.27	-0.51	-1.13	5.02	4.62	8.85	44248	0.404	0.009	0.527	-0.113	-0.015	1.767
12.671	0.392	0.013	0.515	-0.20	-0.54	-1.04	8.81	1.62	7.95	44261	0.403	0.009	0.527	-0.114	-0.015	1.766
12.687	0.388	0.012	0.515	-0.09	-0.53	-0.97	12.25	-0.74	7.33	44287	0.401	0.010	0.527	-0.115	-0.014	1.765
12.696	0.387	0.012	0.516	0.04	-0.51	-0.89	14.62	-2.73	6.58	44299	0.399	0.010	0.527	-0.116	-0.014	1.765
12.704	0.387	0.017	0.516	0.15	-0.49	-0.83	16.07	-3.39	5.12	44284	0.398	0.011	0.527	-0.116	-0.014	1.764
12.716	0.387	0.021	0.516	0.29	-0.46	-0.79	15.89	-2.59	3.93	44317	0.396	0.012	0.527	-0.117	-0.013	1.763
12.726	0.384	0.023	0.516	0.42	-0.42	-0.76	13.33	-0.51	1.58	44335	0.395	0.014	0.527	-0.118	-0.013	1.762
12.735	0.383	0.022	0.516	0.56	-0.43	-0.75	10.47	3.48	-0.34	44379	0.393	0.015	0.527	-0.119	-0.012	1.761
12.745	0.383	0.021	0.517	0.67	-0.47	-0.76	6.84	6.86	-1.57	44427	0.392	0.015	0.527	-0.119	-0.012	1.760
12.758	0.384	0.017	0.517	0.75	-0.57	-0.77	2.91	10.79	-1.98	44387	0.391	0.016	0.527	-0.120	-0.012	1.760
12.767	0.381	0.016	0.517	0.78	-0.67	-0.79	-0.73	13.58	-1.93	44415	0.389	0.016	0.528	-0.120	-0.012	1.759
12.773	0.379	0.016	0.517	0.76	-0.81	-0.81	-4.41	15.72	-2.09	44450	0.388	0.016	0.528	-0.121	-0.012	1.758
12.783	0.378	0.016	0.516	0.70	-0.96	-0.83	-8.91	15.22	-2.81	44466	0.386	0.016	0.528	-0.121	-0.012	1.757
12.795	0.378	0.019	0.516	0.58	-1.11	-0.85	-11.10	13.70	-3.04	44634	0.385	0.016	0.528	-0.122	-0.011	1.756
12.806	0.377	0.020	0.516	0.45	-1.23	-0.89	-12.25	10.40	-3.47	44660	0.383	0.017	0.527	-0.122	-0.011	1.755
12.816	0.375	0.023	0.516	0.31	-1.32	-0.92	-11.66	6.90	-4.00	44671	0.382	0.018	0.527	-0.123	-0.011	1.754
12.826	0.373	0.022	0.516	0.21	-1.37	-0.96	-8.98	3.66	-4.23	44684	0.380	0.018	0.527	-0.123	-0.010	1.754
12.833	0.372	0.022	0.516	0.13	-1.40	-1.01	-4.83	2.03	-5.14	44712	0.379	0.019	0.527	-0.124	-0.010	1.753
12.848	0.373	0.019	0.516	0.13	-1.42	-1.06	-0.78	0.76	-5.19	44718	0.378	0.019	0.527	-0.124	-0.010	1.752
12.858	0.372	0.019	0.516	0.13	-1.43	-1.11	3.63	0.59	-5.54	44745	0.376	0.019	0.527	-0.125	-0.010	1.751
12.864	0.369	0.023	0.516	0.15	-1.41	-1.17	7.48	-1.27	-5.69	44772	0.375	0.019	0.527	-0.125	-0.010	1.750
12.878	0.368	0.022	0.517	0.24	-1.39	-1.23	10.51	-2.59	-5.90	44781	0.373	0.020	0.527	-0.125	-0.010	1.749
12.884	0.368	0.020	0.517	0.37	-1.36	-1.29	12.02	-4.92	-5.66	44586	0.372	0.020	0.528	-0.126	-0.010	1.749
12.897	0.367	0.020	0.517	0.49	-1.31	-1.35	11.12	-6.26	-5.80	44600	0.371	0.020	0.528	-0.126	-0.010	1.748
12.905	0.365	0.019	0.517	0.60	-1.23	-1.41	9.66	-6.83	-6.02	44615	0.369	0.020	0.528	-0.126	-0.010	1.747
12.914	0.365	0.026	0.517	0.63	-1.16	-1.47	7.57	-5.89	-5.87	44653	0.368	0.020	0.528	-0.126	-0.009	1.746
12.925	0.363	0.025	0.517	0.70	-1.09	-1.53	3.19	-4.45	-6.47	44622	0.366	0.021	0.528	-0.127	-0.009	1.745
12.935	0.362	0.025	0.517	0.71	-1.05	-1.59	-0.38	-3.18	-6.41	44641	0.365	0.021	0.528	-0.127	-0.009	1.745
12.947	0.362	0.026	0.517	0.69	-1.04	-1.66	-3.61	-1.00	-6.23	44673	0.364	0.022	0.528	-0.127	-0.009	1.744
12.957	0.361	0.027	0.517	0.64	-1.04	-1.72	-7.11	1.85	-6.08	44715	0.363	0.023	0.528	-0.127	-0.008	1.743
12.967	0.361	0.027	0.517	0.56	-1.07	-1.78	-9.13	4.15	-5.52	44753	0.362	0.023	0.528	-0.127	-0.008	1.742
12.975	0.358	0.020	0.517	0.52	-1.10	-1.83	-10.69	4.66	-5.70	44880	0.360	0.023	0.528	-0.127	-0.008	1.741
12.986	0.359	0.020	0.517	0.42	-1.15	-1.89	-10.24	4.04	-5.72	44910	0.359	0.022	0.528	-0.127	-0.008	1.740
12.997	0.357	0.023	0.516	0.29	-1.18	-1.94	-8.88	4.14	-5.38	44943	0.358	0.022	0.528	-0.128	-0.008	1.740
13.006	0.356	0.023	0.517	0.20	-1.21	-2.00	-7.05	1.89	-5.04	44962	0.357	0.023	0.528	-0.128	-0.008	1.739
13.014	0.355	0.026	0.517	0.11	-1.23	-2.05	-6.08	0.51	-4.45	44758	0.355	0.023	0.528	-0.128	-0.008	1.738
13.026	0.355	0.025	0.517	0.06	-1.22	-2.09	-5.20	-1.44	-4.59	44762	0.354	0.023	0.528	-0.127	-0.008	1.737
13.034	0.354	0.026	0.517	-0.00	-1.20	-2.14	-4.06	-2.57	-4.67	44775	0.353	0.023	0.528	-0.127	-0.008	1.736
13.043	0.354	0.026	0.517	-0.04	-1.16	-2.19	-2.80	-4.01	-4.07	44767	0.352	0.024	0.528	-0.127	-0.008	1.735
13.055	0.350	0.026	0.517	-0.06	-1.09	-2.23	-1.38	-5.91	-4.36	44848	0.351	0.024	0.528	-0.127	-0.007	1.735
13.067	0.350	0.026	0.517	-0.09	-1.03	-2.27	-1.50	-6.72	-3.81	44864	0.349	0.024	0.528	-0.127	-0.007	1.734
13.076	0.347	0.026	0.516	-0.10	-0.93	-2.31	-0.93	-7.67	-4.28	44871	0.348	0.024	0.528	-0.127	-0.007	1.733
13.086	0.346	0.026	0.516	-0.11	-0.86	-2.35	-0.40	-8.28	-3.60	44864	0.347	0.025	0.528	-0.127	-0.007	1.732
13.094	0.346	0.026	0.517	-0.12	-0.78	-2.38	-1.56	-7.33	-3.66	44870	0.345	0.025	0.528	-0.127	-0.007	1.731
13.106	0.345	0.026	0.516	-0.14	-0.71	-2.42	-1.35	-6.43	-3.81	44849	0.344	0.025	0.528	-0.127	-0.007	1.730
13.119	0.345	0.026	0.516	-0.15	-0.65	-2.46	-1.20	-5.22	-3.43	44851	0.343	0.025	0.528	-0.127	-0.007	1.729
13.126	0.345	0.026	0.516	-0.16	-0.60	-2.49	-1.12	-4.32	-3.89	44844	0.342	0.025	0.528	-0.127	-0.007	1.729
13.135	0.344	0.026	0.517	-0.17	-0.56	-2.53	-0.82	-3.33	-3.30	44858	0.341	0.025	0.528	-0.127	-0.007	1.728
13.146	0.344	0.027	0.517	-0.18	-0.53	-2.57	0.74	-2.15	-3.51	44746	0.340	0.026	0.528	-0.126	-0.007	1.727
13.157	0.344	0.027	0.517	-0.17	-0.51	-2.60	1.02	-1.37	-3.31	44747	0.339	0.026	0.528	-0.126	-0.007	1.726
13.165	0.341	0.027	0.517	-0.17	-0.47	-2.63	-0.05	-1.82	-3.26	44747	0.338	0.026	0.528	-0.126	-0.006	1.725
13.177	0.341	0.025	0.517	-0.15	-0.46	-2.66	1.68	-1.21	-3.35	44759	0.337	0.026	0.528	-0.126	-0.006	1.724
13.184	0.338	0.025	0.515	-0.13	-0.43	-2.69	1.89	-0.47	-3.39	44771	0.336	0.026	0.528	-0.125	-0.007	1.723
13.195	0.336	0.025	0.515	-0.12	-0.42	-2.73	2.44	-0.44	-3.25	45051	0.334	0.026	0.528	-0.125	-0.007	1.722
13.207	0.336	0.025	0.515	-0.10	-0.42	-2.76	1.40	0.07	-3.11	45050	0.333	0.026	0.527	-0.125	-0.007	1.722
13.215	0.334	0.025	0.515	-0.08	-0.42	-2.79	1.02	1.87	-2.59	45047	0.332	0.026	0.527	-0.125	-0.007	1.721
13.223	0.334	0.025	0.515	-0.07	-0.44	-2.82	0.34	2.69	-2.54	45060	0.331	0.025	0.527	-0.125	-0.007	1.720
13.233	0.332	0.027	0.515	-0.09	-0.45	-2.84	-1.58	4.13	-2.49	44979	0.330	0.026	0.527	-0.125	-0.007	1.719
13.242	0.331	0.027	0.515	-0.10	-0.50	-2.86	-2.08	4.73	-1.79	44972	0.328	0.026	0.527	-0.124	-0.007	1.718
13.258	0.329	0.027	0.515	-0.13	-0.53	-2.88	-2.42	4.90	-1.94	44975	0.327	0.026	0.527	-0.124	-0.007	1.717
13.268	0.328	0.026	0.515	-0.15	-0.58	-2.90	-2.96	5.31	-1.92	44980	0.326	0.026	0.527	-0.124	-0.007	1.716
13.278	0.328	0.026	0.514	-0.18	-0.63	-2.92	-3.02	4.64	-1.93	45030	0.324	0.026	0.527	-0.124	-0.006	1.715
13.286	0.325	0.028	0.514	-0.22	-0.66	-2.94	-2.77	4.02	-1.87	45015	0.323	0.026	0.526	-0.124	-0.006	1.714
13.293	0.325	0.028	0.514	-0.25	-0.69	-2.96	-1.35	2.37	-1.95	45021	0.322	0.027	0.526	-0.123	-0.006	1.713
13.307	0.324	0.029	0.514	-0.26	-0.71	-2.98	-1.50	1.03	-2.38	45016	0.320	0.027	0.526	-0.123	-0.006	1.712
13.318	0.322	0.029	0.515	-0.27	-0.70	-3.00	0.95	0.24	-2.50	44994	0.319	0.027	0.526	-0.123	-0.006	1.712
13.325	0.319	0.029	0.515	-0.25	-0.68	-3.02	1.17	-1.96	-1.98	44854	0.318	0.027	0.526	-0.123	-0.006	1.711
13.337	0.319	0.030	0.515	-0.25	-0.66	-3.05	2.85	-2.66	-2.28	44850	0.316	0.028	0.526	-0.123	-0.006	1.710
13.345	0.318	0.028	0.515	-0.21	-0.61	-3.07	2.70	-4.14	-1.69	44839	0.315	0.028	0.526	-0.122	-0.006	1.709
13.358	0.316	0.028	0.515	-0.17	-0.57	-3.08	3.97	-3.87	-1.79	44811	0.313	0.028	0.526	-0.122	-0.006	1.708
13.367	0.315	0.028	0.517	-0.13	-0.53	-3.10	4.65	-3.20	-2.35	44496	0.312	0.028	0.527	-0.122	-0.006	1.707
13.377	0.315	0.028	0.517	-0.09	-0.50	-3.13	4.58	-2.85	-2.25	44493	0.311	0.028	0.527	-0.122	-0.006	1.707
13.387	0.314	0.028	0.517	-0.04	-0.47	-3.15	4.31	-2.42	-2.36	44470	0.310	0.028	0.527	-0.121	-0.006	1.706
13.394	0.313	0.025	0.517	0.03	-0.44	-3.17	3.33	-0.75	-2.02	44453	0.308	0.028	0.527	-0.121	-0.006	1.705
13.403	0.312	0.029	0.516	0.03	-0.44	-3.19	3.40	2.06	-1.73	44446	0.307	0.028	0.527	-0.121	-0.006	1.704
13.416	0.309	0.035	0.516	0.01	-0.45	-3.22	1.31	3.40	-1.98	44568	0.306	0.029	0.527	-0.120	-0.005	1.703
13.427	0.310	0.036	0.516	0.01	-0.51	-3.23	0.48	5.97	-1.42	44572	0.305	0.030	0.527	-0.120	-0.005	1.702
13.436	0.312	0.037	0.516	0.01	-0.58	-3.25	-0.38	5.77	-0.49	44564	0.304	0.031	0.527	-0.119	-0.005	1.702
13.446	0.305	0.042	0.514	-0.03	-0.59	-3.25	-0.32	6.45	-0.71	44552	0.302	0.032	0.527	-0.119	-0.004	1.701
13.452	0.305	0.042	0.514	-0.03	-0.65	-3.26	-0.18	4.66	-0.65	44959	0.301	0.034	0.527	-0.119	-0.003	1.700
13.466	0.304	0.042	0.514	-0.02	-0.70	-3.27	2.02	3.40	-0.87	44967	0.299	0.035	0.527	-0.119	-0.003	1.699
13.477	0.301	0.042	0.514	0.02	-0.70	-3.27	4.99	1.56	-1.06	44966	0.298	0.036	0.526	-0.118	-0.002	1.698
13.489	0.299	0.041	0.514	0.08	-0.70	-3.28	6.94	-1.15	-0.85	44969	0.296	0.037	0.526	-0.118	-0.002	1.697
13.494	0.298	0.038	0.514	0.17	-0.69	-3.29	7.86	-0.89	-0.86	45053	0.295	0.037	0.526	-0.118	-0.002	1.696
13.505	0.298	0.036	0.513	0.27	-0.68	-3.30	8.69	-1.98	-1.20	45056	0.293	0.037	0.526	-0.118	-0.002	1.695
13.517	0.298	0.036	0.513	0.36	-0.66	-3.31	8.83	-0.71	-1.16	45052	0.292	0.037	0.526	-0.117	-0.002	1.694
13.527	0.295	0.035	0.513	0.45	-0.64	-3.31	7.79	0.25	-0.90	45053	0.291	0.037	0.525	-0.117	-0.002	1.693
13.533	0.295	0.056	0.513	0.37	-0.64	-3.34	6.28	0.47	-0.69	45062	0.290	0.040	0.525	-0.116	-0.001	1.692
13.544	0.294	0.055	0.513	0.43	-0.65	-3.35	2.92	2.24	-0.69	45084	0.288	0.042	0.525	-0.116	-0.000	1.691
13.555	0.294	0.056	0.513	0.45	-0.67	-3.35	0.16	3.24	-0.19	45068	0.287	0.044	0.525	-0.115	0.001	1.690
13.566	0.293	0.053	0.513	0.47	-0.70	-3.35	-1.61	4.40	0.14	45072	0.286	0.045	0.525	-0.115	0.001	1.689
13.578	0.289	0.055	0.513	0.45	-0.73	-3.35	-2.17	5.12	0.26	45086	0.285	0.046	0.525	-0.115	0.002	1.689
13.584	0.289	0.055	0.512	0.42	-0.79	-3.34	-2.42	6.31	0.38	45229	0.283	0.048	0.524	-0.114	0.003	1.688
13.595	0.288	0.055	0.512	0.40	-0.85	-3.34	-1.22	5.81	0.89	45225	0.282	0.049	0.524	-0.114	0.003	1.687
13.605	0.288	0.055	0.512	0.39	-0.90	-3.33	0.12	4.62	1.03	45204	0.281	0.050	0.524	-0.113	0.003	1.686
13.612	0.286	0.055	0.512	0.40	-0.93	-3.31	2.36	3.90	0.89	45200	0.280	0.051	0.524	-0.113	0.004	1.685
13.625	0.285	0.053	0.513	0.45	-0.96	-3.30	4.06	2.79	1.01	45197	0.278	0.051	0.524	-0.112	0.004	1.684
13.633	0.284	0.053	0.513	0.50	-0.98	-3.29	5.26	2.22	1.07	45022	0.277	0.052	0.524	-0.112	0.004	1.683
13.646	0.283	0.053	0.512	0.56	-1.00	-3.28	6.53	1.01	1.34	45000	0.276	0.052	0.524	-0.111	0.004	1.682
13.655	0.278	0.062	0.512	0.56	-0.97	-3.27	6.71	0.71	1.37	44981	0.274	0.054	0.524	-0.111	0.005	1.681
13.662	0.278	0.063	0.511	0.62	-0.97	-3.26	6.12	-0.12	1.65	44967	0.273	0.055	0.524	-0.111	0.005	1.680
13.678	0.277	0.063	0.511	0.68	-0.97	-3.24	4.28	0.46	1.85	45118	0.271	0.056	0.524	-0.110	0.006	1.679
13.686	0.274	0.061	0.511	0.74	-0.95	-3.22	3.41	-0.77	1.98	45100	0.270	0.057	0.524	-0.110	0.006	1.679
13.696	0.274	0.059	0.511	0.78	-0.95	-3.20	2.28	-0.15	1.13	45103	0.268	0.058	0.524	-0.110	0.006	1.678
13.708	0.274	0.060	0.511	0.80	-0.95	-3.19	1.24	0.28	1.27	45105	0.267	0.058	0.523	-0.109	0.006	1.677
13.712	0.271	0.060	0.512	0.82	-0.95	-3.18	-0.57	1.79	1.59	45106	0.265	0.058	0.524	-0.109	0.006	1.676
13.726	0.271	0.060	0.512	0.80	-0.97	-3.16	-2.14	3.95	2.00	44991	0.264	0.059	0.524	-0.108	0.006	1.675
13.735	0.270	0.060	0.512	0.78	-1.01	-3.14	-3.55	4.12	2.31	44989	0.263	0.059	0.524	-0.108	0.006	1.674
13.742	0.269	0.061	0.512	0.74	-1.06	-3.11	-4.60	5.47	2.22	44982	0.261	0.060	0.524	-0.107	0.007	1.673
13.754	0.269	0.061	0.512	0.69	-1.12	-3.09	-5.09	6.05	2.57	44977	0.260	0.060	0.524	-0.106	0.007	1.672
13.765	0.268	0.062	0.512	0.64	-1.18	-3.06	-5.11	6.14	2.62	45023	0.259	0.060	0.524	-0.106	0.007	1.671
13.780	0.268	0.062	0.512	0.59	-1.24	-3.03	-4.21	6.66	2.98	44996	0.258	0.061	0.524	-0.105	0.007	1.670
13.787	0.266	0.063	0.512	0.54	-1.29	-3.00	-4.79	4.95	3.29	44991	0.257	0.061	0.524	-0.104	0.007	1.670
13.794	0.265	0.063	0.512	0.50	-1.34	-2.97	-3.42	3.09	3.52	44974	0.256	0.062	0.524	-0.104	0.007	1.669
13.807	0.262	0.065	0.513	0.46	-1.34	-2.94	-2.07	1.44	3.22	44619	0.254	0.062	0.524	-0.103	0.007	1.668
13.817	0.260	0.065	0.514	0.44	-1.34	-2.91	-1.94	-0.49	2.65	44594	0.253	0.063	0.524	-0.103	0.007	1.667
13.821	0.260	0.065	0.514	0.42	-1.33	-2.88	-3.00	-1.14	3.04	44578	0.252	0.063	0.524	-0.102	0.008	1.666
13.836	0.260	0.066	0.514	0.39	-1.32	-2.85	-1.60	-0.71	3.19	44548	0.250	0.064	0.525	-0.101	0.008	1.665
13.846	0.254	0.068	0.513	0.36	-1.27	-2.81	-2.19	-1.81	2.86	44514	0.249	0.064	0.525	-0.101	0.008	1.665
13.856	0.255	0.068	0.513	0.34	-1.26	-2.79	-2.23	-2.04	2.55	44699	0.247	0.065	0.525	-0.100	0.008	1.664
13.868	0.255	0.068	0.513	0.32	-1.24	-2.76	-2.53	-1.97	1.75	44685	0.246	0.065	0.525	-0.100	0.008	1.663
13.879	0.253	0.068	0.513	0.29	-1.22	-2.75	-2.81	-0.92	1.58	44659	0.245	0.066	0.525	-0.099	0.008	1.662
13.887	0.252	0.069	0.513	0.26	-1.20	-2.73	-2.99	-1.20	0.99	44651	0.243	0.067	0.525	-0.098	0.009	1.661
13.893	0.252	0.069	0.513	0.23	-1.19	-2.72	-2.78	-0.73	0.71	44666	0.242	0.067	0.525	-0.098	0.009	1.660
13.906	0.250	0.069	0.513	0.21	-1.18	-2.72	-2.22	-0.70	0.79	44649	0.241	0.067	0.525	-0.097	0.009	1.659
13.913	0.250	0.069	0.513	0.19	-1.17	-2.71	-1.05	-0.90	0.37	44649	0.240	0.068	0.525	-0.096	0.009	1.659
13.926	0.247	0.071	0.514	0.17	-1.14	-2.71	-0.20	-0.52	0.07	44669	0.238	0.068	0.525	-0.096	0.009	1.658
13.937	0.248	0.069	0.513	0.18	-1.15	-2.70	-0.03	-0.31	0.34	44677	0.237	0.069	0.525	-0.095	0.009	1.657
13.945	0.248	0.069	0.514	0.18	-1.15	-2.70	0.25	-0.16	0.02	44714	0.236	0.069	0.525	-0.094	0.009	1.656
13.955	0.247	0.069	0.514	0.18	-1.14	-2.70	-0.70	0.16	-0.04	44728	0.235	0.069	0.525	-0.093	0.009	1.655
13.963	0.247	0.070	0.514	0.17	-1.15	-2.70	-1.06	0.72	0.01	44735	0.234	0.069	0.525	-0.092	0.009	1.654
13.977	0.246	0.070	0.513	0.15	-1.15	-2.71	-1.90	0.88	-0.45	44730	0.234	0.070	0.524	-0.091	0.009	1.653
13.987	0.245	0.070	0.513	0.13	-1.15	-2.71	-2.16	0.66	-0.02	44831	0.233	0.070	0.524	-0.091	0.009	1.653
13.996	0.242	0.070	0.513	0.11	-1.13	-2.71	-2.85	-0.65	-0.07	44833	0.231	0.070	0.524	-0.090	0.009	1.652
14.005	0.242	0.072	0.513	0.06	-1.13	-2.72	-3.25	-0.23	-0.78	44845	0.230	0.071	0.524	-0.089	0.009	1.651
14.014	0.242	0.071	0.513	0.04	-1.13	-2.72	-3.21	-0.69	-0.74	44839	0.230	0.071	0.524	-0.088	0.009	1.650
14.026	0.242	0.071	0.514	0.02	-1.12	-2.73	-2.64	-2.74	-0.57	44623	0.229	0.071	0.524	-0.087	0.009	1.649
14.035	0.237	0.072	0.514	-0.01	-1.06	-2.73	-0.61	-1.65	-0.20	44613	0.227	0.071	0.524	-0.086	0.009	1.649
14.046	0.237	0.072	0.515	-0.02	-1.04	-2.73	-0.97	-2.66	-0.03	44606	0.226	0.072	0.525	-0.086	0.009	1.648
14.056	0.235	0.072	0.515	-0.02	-1.00	-2.73	1.02	-2.85	0.24	44599	0.225	0.072	0.525	-0.085	0.009	1.647
14.063	0.235	0.072	0.514	-0.01	-0.98	-2.73	1.14	-3.05	0.62	44579	0.224	0.072	0.525	-0.084	0.009	1.646
14.077	0.235	0.072	0.514	0.01	-0.94	-2.72	3.18	-3.40	1.04	44768	0.223	0.072	0.525	-0.083	0.009	1.645
14.089	0.233	0.070	0.514	0.06	-0.90	-2.71	4.19	-3.74	1.35	44774	0.222	0.072	0.524	-0.083	0.009	1.645
14.095	0.232	0.070	0.514	0.10	-0.86	-2.69	4.36	-3.62	1.34	44756	0.221	0.072	0.524	-0.082	0.009	1.644
14.108	0.232	0.070	0.515	0.14	-0.82	-2.68	2.74	-3.89	1.27	44738	0.220	0.072	0.525	-0.081	0.009	1.643
14.113	0.232	0.070	0.515	0.18	-0.78	-2.66	4.48	-3.59	2.23	44578	0.219	0.072	0.525	-0.080	0.009	1.642
14.126	0.232	0.068	0.515	0.23	-0.75	-2.64	2.74	-2.54	1.90	44555	0.218	0.072	0.525	-0.079	0.009	1.642
14.136	0.231	0.066	0.515	0.27	-0.72	-2.62	1.75	-2.26	1.96	44520	0.218	0.071	0.525	-0.078	0.008	1.641
14.146	0.231	0.066	0.515	0.28	-0.71	-2.60	0.81	-1.94	2.11	44502	0.217	0.071	0.525	-0.077	0.008	1.640
14.156	0.231	0.066	0.515	0.29	-0.69	-2.58	-0.56	-1.37	2.84	44490	0.216	0.070	0.525	-0.076	0.008	1.639
14.166	0.231	0.066	0.515	0.27	-0.68	-2.55	-2.23	-1.48	2.30	44485	0.216	0.070	0.525	-0.075	0.007	1.639
14.174	0.231	0.066	0.515	0.25	-0.66	-2.53	-2.56	-2.24	2.56	44459	0.215	0.070	0.525	-0.074	0.007	1.638
14.189	0.229	0.067	0.516	0.22	-0.62	-2.50	-3.57	-2.99	2.73	44445	0.215	0.070	0.525	-0.073	0.007	1.637
14.198	0.228	0.067	0.516	0.18	-0.59	-2.48	-5.96	-3.18	1.95	44445	0.214	0.069	0.525	-0.072	0.007	1.636
14.207	0.226	0.070	0.516	0.10	-0.54	-2.46	-5.57	-2.72	2.17	44338	0.213	0.069	0.525	-0.071	0.007	1.636
14.217	0.224	0.071	0.517	0.04	-0.50	-2.44	-5.92	-2.43	2.13	44318	0.213	0.070	0.525	-0.070	0.007	1.635
14.223	0.224	0.071	0.517	-0.02	-0.47	-2.42	-4.25	-1.71	1.99	44323	0.212	0.070	0.526	-0.069	0.007	1.634
14.236	0.224	0.071	0.517	-0.06	-0.46	-2.40	-3.37	-1.26	2.32	44345	0.211	0.070	0.526	-0.068	0.007	1.634
14.245	0.222	0.073	0.517	-0.09	-0.44	-2.38	-0.82	0.46	2.05	44407	0.210	0.071	0.526	-0.067	0.007	1.633
14.257	0.222	0.073	0.517	-0.10	-0.44	-2.36	0.11	-0.28	2.43	44396	0.209	0.071	0.526	-0.066	0.007	1.632
14.265	0.222	0.073	0.517	-0.09	-0.45	-2.33	2.46	0.97	2.91	44397	0.209	0.071	0.526	-0.065	0.007	1.632
14.269	0.220	0.072	0.517	-0.06	-0.45	-2.30	3.68	1.66	3.51	44396	0.208	0.072	0.526	-0.065	0.007	1.631
14.286	0.220	0.073	0.518	-0.01	-0.47	-2.26	4.93	1.88	3.69	44389	0.207	0.072	0.526	-0.064	0.007	1.631
14.296	0.218	0.072	0.518	0.05	-0.47	-2.23	5.72	0.95	3.54	44262	0.206	0.072	0.526	-0.063	0.007	1.630
14.306	0.221	0.071	0.518	0.11	-0.50	-2.19	5.17	0.64	3.18	44267	0.206	0.072	0.526	-0.062	0.007	1.629
14.314	0.221	0.068	0.518	0.19	-0.51	-2.15	5.41	-0.08	3.44	44254	0.206	0.072	0.526	-0.061	0.007	1.629
14.326	0.219	0.105	0.519	-0.01	-0.50	-2.15	4.26	-0.11	3.59	44250	0.205	0.076	0.526	-0.060	0.009	1.628
14.331	0.219	0.106	0.519	0.02	-0.49	-2.11	3.08	-0.30	3.78	44146	0.205	0.080	0.527	-0.059	0.011	1.628
14.345	0.217	0.105	0.519	0.06	-0.47	-2.07	1.02	-2.18	3.85	44152	0.204	0.083	0.527	-0.058	0.013	1.627
14.356	0.217	0.105	0.519	0.06	-0.45	-2.03	1.14	-3.24	3.55	44153	0.204	0.086	0.527	-0.057	0.014	1.626
14.365	0.217	0.106	0.520	0.07	-0.42	-2.00	1.72	-2.94	3.09	44173	0.203	0.089	0.527	-0.056	0.015	1.626
14.377	0.216	0.103	0.520	0.12	-0.38	-1.96	3.49	-2.10	2.89	44198	0.203	0.091	0.527	-0.055	0.016	1.625
14.384	0.216	0.104	0.520	0.16	-0.37	-1.94	6.03	-1.47	2.34	44184	0.202	0.093	0.527	-0.054	0.017	1.625
14.396	0.216	0.099	0.520	0.27	-0.35	-1.91	7.97	-0.41	2.45	44192	0.202	0.094	0.527	-0.053	0.017	1.624
14.406	0.215	0.099	0.520	0.36	-0.34	-1.88	10.70	-0.60	2.79	44210	0.201	0.095	0.527	-0.052	0.017	1.624
14.416	0.215	0.093	0.519	0.51	-0.35	-1.85	10.65	0.62	3.32	44232	0.201	0.095	0.527	-0.051	0.017	1.623
14.425	0.213	0.123	0.519	0.43	-0.33	-1.84	11.65	1.89	2.98	44549	0.200	0.099	0.527	-0.050	0.019	1.622
14.431	0.213	0.125	0.519	0.54	-0.36	-1.81	10.21	2.89	2.89	44584	0.200	0.103	0.527	-0.049	0.021	1.622
14.448	0.212	0.121	0.519	0.66	-0.38	-1.78	8.07	3.77	2.56	44601	0.200	0.105	0.527	-0.048	0.022	1.621
14.455	0.213	0.117	0.519	0.77	-0.43	-1.75	7.41	4.83	2.60	44600	0.199	0.107	0.526	-0.047	0.023	1.621
14.465	0.212	0.114	0.519	0.87	-0.46	-1.72	6.15	3.48	2.11	44581	0.199	0.109	0.526	-0.046	0.023	1.620
14.477	0.211	0.115	0.519	0.93	-0.50	-1.70	5.07	3.55	2.17	44607	0.198	0.110	0.526	-0.045	0.023	1.619
14.483	0.208	0.114	0.519	0.99	-0.51	-1.68	4.71	2.74	1.82	44608	0.198	0.111	0.526	-0.044	0.023	1.619
14.498	0.208	0.114	0.519	1.03	-0.53	-1.66	3.83	1.14	2.04	44620	0.197	0.112	0.526	-0.044	0.024	1.618
14.505	0.206	0.110	0.519	1.10	-0.53	-1.63	3.79	-0.58	2.00	44648	0.196	0.112	0.526	-0.043	0.024	1.618
14.517	0.206	0.110	0.519	1.14	-0.52	-1.61	3.32	-1.09	1.77	44616	0.195	0.112	0.526	-0.042	0.023	1.617
14.523	0.208	0.109	0.519	1.17	-0.52	-1.59	2.76	-2.16	2.05	44628	0.195	0.112	0.526	-0.041	0.023	1.617
14.534	0.208	0.105	0.519	1.23	-0.49	-1.57	1.96	-2.30	1.55	44653	0.195	0.112	0.526	-0.040	0.023	1.616
14.546	0.206	0.105	0.518	1.25	-0.46	-1.56	0.64	-1.58	1.62	44657	0.194	0.111	0.525	-0.039	0.022	1.616
14.557	0.205	0.105	0.518	1.25	-0.45	-1.54	-1.27	-0.88	1.76	44697	0.194	0.111	0.525	-0.038	0.022	1.615
14.565	0.207	0.105	0.518	1.24	-0.45	-1.52	-3.10	-0.55	1.74	44718	0.193	0.110	0.525	-0.037	0.021	1.615
14.574	0.205	0.105	0.518	1.20	-0.44	-1.51	-4.37	0.59	1.13	44735	0.193	0.110	0.525	-0.037	0.021	1.614
14.584	0.206	0.110	0.518	1.12	-0.45	-1.50	-6.61	1.90	0.97	44738	0.193	0.110	0.525	-0.036	0.021	1.614
14.601	0.201	0.111	0.516	1.04	-0.43	-1.49	-6.96	2.18	0.99	44746	0.192	0.111	0.525	-0.035	0.021	1.613
14.606	0.201	0.111	0.516	0.97	-0.46	-1.48	-7.19	3.10	0.71	45047	0.191	0.111	0.524	-0.034	0.021	1.612
14.616	0.196	0.114	0.516	0.88	-0.46	-1.47	-6.84	3.04	1.11	45051	0.190	0.112	0.524	-0.034	0.021	1.612
14.624	0.197	0.118	0.516	0.79	-0.49	-1.46	-5.41	2.57	1.20	45052	0.189	0.113	0.524	-0.033	0.022	1.611
14.637	0.196	0.118	0.516	0.74	-0.52	-1.44	-4.54	2.69	1.64	45078	0.188	0.114	0.523	-0.033	0.022	1.610
14.640	0.195	0.119	0.516	0.71	-0.54	-1.43	-2.22	2.15	1.53	45065	0.187	0.114	0.523	-0.032	0.022	1.610
14.657	0.196	0.121	0.515	0.68	-0.56	-1.41	-0.63	1.50	1.52	45050	0.186	0.115	0.523	-0.031	0.023	1.609
14.666	0.196	0.121	0.515	0.68	-0.58	-1.40	0.55	1.48	0.92	45056	0.185	0.116	0.523	-0.031	0.023	1.609
14.674	0.190	0.121	0.515	0.69	-0.56	-1.39	1.15	1.08	0.98	45069	0.184	0.117	0.523	-0.030	0.023	1.608
14.686	0.193	0.120	0.516	0.71	-0.58	-1.38	1.11	0.17	1.05	44908	0.183	0.118	0.523	-0.029	0.023	1.608
14.692	0.191	0.120	0.516	0.73	-0.57	-1.37	1.77	-0.42	0.91	44890	0.182	0.118	0.523	-0.029	0.023	1.607
14.706	0.189	0.120	0.516	0.74	-0.56	-1.36	1.35	-0.88	0.66	44887	0.181	0.119	0.523	-0.028	0.024	1.607
14.717	0.189	0.120	0.515	0.76	-0.55	-1.35	1.72	-1.38	0.91	44874	0.181	0.119	0.522	-0.028	0.024	1.606
14.726	0.189	0.120	0.516	0.78	-0.53	-1.35	0.51	-2.55	0.73	44853	0.180	0.119	0.522	-0.027	0.024	1.605
14.733	0.189	0.120	0.516	0.78	-0.50	-1.34	-0.03	-2.55	0.62	44815	0.179	0.120	0.522	-0.026	0.024	1.605
14.744	0.187	0.120	0.515	0.78	-0.46	-1.33	-1.20	-2.18	0.19	44836	0.178	0.120	0.522	-0.026	0.024	1.604
14.756	0.186	0.120	0.515	0.76	-0.45	-1.33	-1.81	-0.76	0.33	44841	0.177	0.120	0.522	-0.025	0.024	1.604
14.767	0.186	0.120	0.516	0.73	-0.45	-1.33	-4.20	0.72	-0.00	44828	0.177	0.120	0.522	-0.024	0.024	1.603
14.777	0.187	0.123	0.516	0.68	-0.46	-1.33	-5.64	1.60	-0.20	44711	0.176	0.121	0.522	-0.024	0.024	1.603
14.785	0.185	0.122	0.516	0.62	-0.48	-1.34	-6.74	4.03	-0.35	44721	0.176	0.121	0.522	-0.023	0.024	1.602
14.795	0.185	0.096	0.516	0.72	-0.52	-1.33	-6.42	3.23	-0.28	44725	0.175	0.118	0.522	-0.022	0.022	1.602
14.805	0.185	0.095	0.516	0.65	-0.56	-1.33	-5.96	4.03	-0.00	44718	0.174	0.115	0.522	-0.021	0.021	1.601
14.816	0.186	0.098	0.516	0.57	-0.60	-1.33	-5.79	3.63	0.49	44638	0.174	0.113	0.523	-0.020	0.020	1.601
14.826	0.185	0.099	0.516	0.51	-0.63	-1.33	-5.71	2.52	0.41	44635	0.174	0.112	0.523	-0.020	0.019	1.600
14.837	0.185	0.099	0.516	0.45	-0.65	-1.32	-6.49	1.47	0.62	44610	0.173	0.110	0.523	-0.019	0.018	1.600
14.842	0.185	0.102	0.516	0.36	-0.66	-1.32	-6.75	-0.26	0.27	44607	0.173	0.109	0.523	-0.018	0.017	1.600
14.856	0.185	0.102	0.517	0.29	-0.65	-1.31	-7.68	-1.69	0.53	44607	0.173	0.108	0.523	-0.017	0.017	1.599
14.865	0.181	0.101	0.517	0.21	-0.61	-1.31	-8.27	-2.63	0.32	44544	0.172	0.107	0.523	-0.016	0.016	1.599
14.875	0.180	0.088	0.517	0.21	-0.59	-1.30	-8.42	-2.44	0.43	44534	0.171	0.105	0.523	-0.016	0.015	1.598
14.886	0.182	0.081	0.517	0.16	-0.57	-1.29	-9.39	-3.38	0.06	44540	0.171	0.102	0.523	-0.015	0.014	1.598
14.894	0.181	0.081	0.516	0.07	-0.53	-1.29	-8.14	-4.03	-0.25	44530	0.170	0.099	0.523	-0.014	0.012	1.597
14.906	0.181	0.081	0.516	-0.02	-0.49	-1.30	-9.31	-4.29	-0.29	44634	0.170	0.097	0.523	-0.013	0.011	1.597
14.917	0.179	0.082	0.516	-0.12	-0.44	-1.30	-9.13	-3.99	-0.78	44640	0.169	0.095	0.523	-0.013	0.010	1.596
14.922	0.178	0.086	0.516	-0.24	-0.40	-1.31	-8.83	-3.67	-0.17	44647	0.169	0.094	0.522	-0.012	0.010	1.596
14.935	0.176	0.079	0.516	-0.28	-0.35	-1.31	-7.89	-2.78	-0.35	44648	0.168	0.092	0.522	-0.012	0.009	1.595
14.948	0.178	0.075	0.514	-0.34	-0.34	-1.31	-7.94	-0.41	-0.27	44671	0.168	0.090	0.522	-0.011	0.008	1.595
14.958	0.178	0.066	0.514	-0.37	-0.34	-1.31	-8.03	1.33	-0.43	44964	0.167	0.086	0.522	-0.010	0.006	1.594
14.967	0.177	0.066	0.514	-0.46	-0.36	-1.32	-8.74	2.55	-0.80	44972	0.167	0.084	0.521	-0.009	0.005	1.593
14.977	0.176	0.069	0.514	-0.57	-0.38	-1.33	-9.83	3.56	-0.98	44955	0.166	0.082	0.521	-0.009	0.004	1.593
14.984	0.176	0.069	0.514	-0.67	-0.42	-1.33	-9.23	3.60	-0.51	44947	0.166	0.080	0.521	-0.008	0.003	1.592
14.993	0.175	0.072	0.514	-0.80	-0.45	-1.34	-9.79	3.67	-0.63	44876	0.166	0.079	0.521	-0.007	0.003	1.592
15.010	0.176	0.078	0.514	-0.93	-0.50	-1.35	-9.30	4.17	-0.58	44875	0.165	0.078	0.521	-0.006	0.003	1.591
15.016	0.176	0.045	0.514	-0.82	-0.54	-1.35	-8.43	2.30	0.11	44869	0.165	0.074	0.521	-0.006	0.001	1.591
15.026	0.176	0.044	0.514	-0.90	-0.55	-1.34	-7.02	1.05	0.18	44876	0.165	0.070	0.521	-0.005	-0.001	1.590
15.035	0.174	0.046	0.514	-0.98	-0.55	-1.34	-4.71	-0.94	0.24	44803	0.164	0.067	0.521	-0.004	-0.003	1.590
15.043	0.174	0.045	0.514	-1.02	-0.53	-1.34	-4.21	-2.44	0.57	44776	0.164	0.063	0.521	-0.003	-0.004	1.589
15.057	0.174	0.048	0.514	-1.09	-0.50	-1.33	-5.18	-3.36	0.32	44770	0.164	0.061	0.521	-0.003	-0.005	1.589
15.065	0.174	0.047	0.514	-1.14	-0.47	-1.33	-4.34	-3.49	0.54	44767	0.163	0.059	0.520	-0.002	-0.006	1.588
15.076	0.173	0.046	0.514	-1.18	-0.43	-1.32	-4.09	-4.43	0.40	44742	0.163	0.057	0.520	-0.001	-0.007	1.588
15.086	0.171	0.047	0.514	-1.24	-0.38	-1.32	-5.22	-3.49	0.05	44736	0.162	0.055	0.520	-0.001	-0.007	1.588
15.093	0.171	0.047	0.514	-1.29	-0.34	-1.32	-4.96	-3.48	-0.51	44732	0.162	0.054	0.520	0.000	-0.008	1.587
15.105	0.171	0.046	0.514	-1.34	-0.31	-1.33	-5.92	-2.63	-0.89	44723	0.162	0.053	0.520	0.001	-0.008	1.587
15.115	0.173	0.047	0.515	-1.42	-0.31	-1.34	-5.02	-0.85	-0.93	44706	0.162	0.051	0.520	0.002	-0.008	1.586
15.126	0.173	0.054	0.515	-1.51	-0.30	-1.35	-4.47	0.11	-0.93	44573	0.161	0.051	0.520	0.002	-0.008	1.586
15.134	0.173	0.050	0.515	-1.53	-0.30	-1.36	-3.62	0.45	-1.05	44583	0.161	0.051	0.520	0.003	-0.008	1.585
15.144	0.171	0.050	0.515	-1.57	-0.30	-1.37	-2.79	1.04	-0.81	44575	0.161	0.050	0.520	0.004	-0.008	1.585
15.155	0.171	0.044	0.515	-1.55	-0.31	-1.37	-0.51	1.34	-0.62	44563	0.161	0.049	0.521	0.005	-0.009	1.584
15.168	0.172	0.051	0.516	-1.60	-0.33	-1.38	1.99	1.50	-0.18	44563	0.161	0.049	0.521	0.005	-0.009	1.584
15.176	0.170	0.051	0.516	-1.58	-0.33	-1.38	3.67	1.64	-0.05	44416	0.161	0.049	0.521	0.006	-0.009	1.584
15.184	0.170	0.051	0.516	-1.54	-0.35	-1.39	3.36	1.91	-0.08	44399	0.160	0.049	0.521	0.007	-0.008	1.583
15.194	0.170	0.050	0.516	-1.50	-0.37	-1.39	4.19	0.87	-0.03	44395	0.160	0.049	0.521	0.008	-0.008	1.583
15.203	0.168	0.050	0.516	-1.44	-0.37	-1.39	5.94	1.06	0.19	44391	0.160	0.049	0.521	0.008	-0.008	1.583
15.216	0.167	0.049	0.516	-1.38	-0.37	-1.39	5.92	0.52	0.03	44382	0.159	0.049	0.521	0.009	-0.008	1.582
15.224	0.167	0.047	0.516	-1.30	-0.37	-1.39	7.09	-0.61	-0.06	44370	0.159	0.048	0.521	0.009	-0.008	1.582
15.235	0.167	0.044	0.516	-1.21	-0.36	-1.39	7.71	-1.18	-0.19	44381	0.159	0.048	0.521	0.010	-0.009	1.581
15.246	0.166	0.041	0.516	-1.12	-0.34	-1.39	7.76	-3.31	-0.16	44388	0.158	0.047	0.521	0.010	-0.009	1.581
15.256	0.169	0.037	0.516	-1.01	-0.33	-1.38	8.38	-2.85	-0.13	44413	0.158	0.045	0.521	0.011	-0.010	1.581
15.266	0.169	0.059	0.516	-1.08	-0.29	-1.39	6.51	-3.94	-0.08	44421	0.158	0.047	0.521	0.012	-0.009	1.580
15.277	0.164	0.062	0.516	-1.03	-0.22	-1.39	5.98	-2.89	0.13	44432	0.158	0.049	0.521	0.012	-0.008	1.580
15.287	0.164	0.063	0.516	-0.97	-0.19	-1.39	3.95	-3.34	0.42	44440	0.157	0.050	0.521	0.013	-0.007	1.580
15.295	0.163	0.059	0.516	-0.91	-0.16	-1.39	2.75	-1.95	0.42	44457	0.157	0.051	0.521	0.013	-0.006	1.579
15.303	0.163	0.059	0.516	-0.89	-0.15	-1.38	3.23	0.57	0.99	44518	0.156	0.052	0.521	0.014	-0.006	1.579
15.320	0.165	0.057	0.516	-0.85	-0.17	-1.37	2.69	0.78	0.30	44551	0.156	0.053	0.521	0.014	-0.006	1.579
15.326	0.165	0.057	0.516	-0.82	-0.17	-1.37	3.95	1.41	0.07	44557	0.156	0.053	0.521	0.015	-0.005	1.578
15.336	0.165	0.055	0.516	-0.76	-0.20	-1.36	6.04	2.70	0.15	44552	0.156	0.054	0.521	0.016	-0.005	1.578
15.344	0.165	0.055	0.516	-0.70	-0.22	-1.36	6.93	3.27	0.00	44659	0.156	0.054	0.521	0.016	-0.005	1.577
15.355	0.165	0.055	0.516	-0.63	-0.25	-1.36	7.99	3.68	0.16	44680	0.156	0.054	0.521	0.017	-0.005	1.577
15.366	0.165	0.075	0.516	-0.67	-0.28	-1.36	8.37	3.34	0.21	44678	0.156	0.057	0.521	0.018	-0.004	1.577
15.377	0.162	0.072	0.516	-0.56	-0.29	-1.36	8.94	1.32	0.29	44679	0.155	0.059	0.520	0.018	-0.003	1.576
15.383	0.164	0.068	0.515	-0.44	-0.32	-1.36	9.65	0.30	-0.07	44700	0.155	0.060	0.520	0.019	-0.002	1.576
15.395	0.162	0.060	0.515	-0.28	-0.31	-1.36	11.13	-1.28	0.21	44759	0.155	0.060	0.520	0.019	-0.002	1.575
15.403	0.164	0.086	0.515	-0.34	-0.30	-1.35	10.16	-3.06	-0.23	44765	0.155	0.063	0.520	0.020	-0.001	1.575
15.418	0.163	0.085	0.515	-0.23	-0.27	-1.35	10.84	-2.53	-0.42	44806	0.155	0.066	0.520	0.021	0.001	1.575
15.426	0.163	0.082	0.515	-0.11	-0.24	-1.36	9.80	-1.87	-0.18	44838	0.155	0.069	0.520	0.021	0.002	1.574
15.436	0.163	0.078	0.515	0.03	-0.22	-1.36	10.59	-1.36	-0.43	44764	0.155	0.070	0.520	0.022	0.002	1.574
15.446	0.162	0.073	0.515	0.17	-0.21	-1.36	9.77	-0.43	-0.76	44780	0.154	0.071	0.520	0.022	0.003	1.574
15.454	0.161	0.070	0.515	0.29	-0.20	-1.37	8.64	1.12	-0.58	44807	0.154	0.071	0.520	0.023	0.003	1.573
15.464	0.162	0.093	0.515	0.21	-0.21	-1.38	7.23	1.74	-0.28	44829	0.154	0.074	0.520	0.023	0.004	1.573
15.476	0.162	0.091	0.515	0.31	-0.23	-1.38	5.74	2.07	0.25	44841	0.154	0.076	0.520	0.024	0.005	1.573
15.486	0.163	0.088	0.515	0.38	-0.26	-1.38	5.34	1.91	-0.11	44834	0.154	0.078	0.519	0.025	0.006	1.572
15.496	0.163	0.089	0.515	0.43	-0.28	-1.38	5.37	1.74	0.24	44836	0.154	0.080	0.519	0.025	0.006	1.572
15.503	0.164	0.099	0.515	0.42	-0.29	-1.38	5.15	0.82	-0.21	44837	0.154	0.082	0.519	0.026	0.008	1.572
15.520	0.163	0.111	0.514	0.39	-0.28	-1.38	5.35	0.01	-0.72	44841	0.154	0.086	0.519	0.027	0.009	1.571
15.525	0.163	0.109	0.514	0.47	-0.29	-1.39	6.28	-1.09	-1.05	44957	0.154	0.089	0.519	0.027	0.011	1.571
15.535	0.163	0.109	0.514	0.54	-0.28	-1.40	8.03	-2.19	-0.96	44969	0.154	0.092	0.519	0.028	0.012	1.570
15.545	0.162	0.116	0.513	0.59	-0.25	-1.41	10.51	-1.68	-1.07	44976	0.154	0.096	0.519	0.028	0.013	1.570
15.554	0.161	0.117	0.513	0.69	-0.22	-1.42	12.38	-3.49	-0.61	44990	0.154	0.099	0.518	0.029	0.015	1.570
15.562	0.161	0.122	0.513	0.78	-0.19	-1.42	11.82	-1.89	-0.70	45044	0.154	0.102	0.518	0.029	0.016	1.569
15.577	0.162	0.121	0.513	0.92	-0.17	-1.43	12.82	-2.03	-0.38	45075	0.154	0.105	0.518	0.030	0.017	1.569
15.585	0.162	0.127	0.513	1.01	-0.16	-1.44	13.27	-1.44	-0.33	45073	0.154	0.108	0.518	0.030	0.019	1.568
15.595	0.163	0.128	0.513	1.14	-0.16	-1.44	11.91	1.22	-0.27	45077	0.154	0.111	0.518	0.031	0.020	1.568
15.605	0.163	0.134	0.513	1.23	-0.18	-1.44	10.62	2.90	-0.28	45090	0.155	0.115	0.518	0.032	0.021	1.568
15.613	0.162	0.132	0.512	1.35	-0.19	-1.45	9.87	2.85	-0.51	45068	0.155	0.117	0.518	0.032	0.022	1.567
15.626	0.162	0.133	0.512	1.44	-0.22	-1.45	8.79	2.91	-0.33	45058	0.155	0.120	0.517	0.033	0.023	1.567
15.634	0.163	0.146	0.512	1.45	-0.25	-1.45	7.84	2.01	-0.48	45057	0.155	0.124	0.517	0.033	0.025	1.566
15.646	0.163	0.149	0.512	1.50	-0.27	-1.45	6.48	0.87	-0.39	45074	0.155	0.128	0.517	0.034	0.026	1.566
15.656	0.163	0.151	0.511	1.57	-0.28	-1.46	4.78	1.02	-0.42	45146	0.155	0.131	0.517	0.035	0.028	1.566
15.663	0.163	0.152	0.511	1.61	-0.29	-1.46	4.30	-2.05	-0.55	45134	0.155	0.134	0.517	0.035	0.029	1.565
15.676	0.163	0.149	0.511	1.68	-0.26	-1.47	5.28	-3.60	-0.64	45133	0.156	0.137	0.517	0.036	0.030	1.565
15.684	0.163	0.146	0.511	1.76	-0.22	-1.48	6.00	-4.76	-1.10	45141	0.156	0.139	0.517	0.036	0.031	1.564
15.695	0.162	0.144	0.512	1.85	-0.16	-1.49	5.97	-5.92	-1.37	45136	0.156	0.140	0.517	0.037	0.031	1.564
15.705	0.162	0.145	0.512	1.91	-0.11	-1.50	6.36	-4.78	-0.95	44995	0.156	0.141	0.517	0.037	0.031	1.564
15.717	0.161	0.139	0.512	2.02	-0.06	-1.51	5.66	-3.88	-0.78	45004	0.156	0.142	0.517	0.037	0.031	1.563
15.728	0.161	0.140	0.511	2.08	-0.02	-1.52	4.65	-2.40	-0.86	45004	0.156	0.142	0.517	0.038	0.031	1.563
15.735	0.161	0.137	0.513	2.14	-0.00	-1.53	2.84	-0.31	-0.37	45000	0.155	0.142	0.517	0.038	0.030	1.563
15.747	0.161	0.160	0.513	2.00	0.00	-1.53	-0.06	0.72	-0.26	44738	0.155	0.145	0.517	0.039	0.032	1.562
15.755	0.162	0.161	0.513	1.99	-0.01	-1.53	-3.23	2.98	-0.07	44728	0.156	0.147	0.517	0.039	0.033	1.562
15.763	0.162	0.162	0.513	1.95	-0.04	-1.53	-4.94	3.61	0.07	44723	0.156	0.150	0.517	0.040	0.033	1.562
15.776	0.159	0.161	0.512	1.92	-0.06	-1.53	-5.83	3.70	0.15	44716	0.155	0.152	0.517	0.040	0.034	1.561
15.785	0.161	0.163	0.512	1.85	-0.12	-1.53	-6.62	3.55	0.13	44824	0.155	0.154	0.517	0.040	0.035	1.561
15.794	0.161	0.163	0.512	1.79	-0.15	-1.53	-5.57	3.63	0.36	44811	0.155	0.155	0.517	0.041	0.035	1.560
15.804	0.161	0.164	0.512	1.74	-0.18	-1.52	-4.34	2.86	0.35	44816	0.155	0.157	0.517	0.041	0.036	1.560
15.815	0.160	0.164	0.512	1.70	-0.20	-1.52	-1.72	2.76	0.17	44824	0.155	0.158	0.517	0.041	0.036	1.560
15.829	0.160	0.165	0.511	1.69	-0.23	-1.52	-1.44	1.49	-0.19	44805	0.155	0.160	0.517	0.042	0.037	1.559
15.834	0.160	0.165	0.511	1.68	-0.24	-1.52	0.47	1.45	-0.33	45000	0.155	0.161	0.517	0.042	0.037	1.559
15.843	0.157	0.165	0.511	1.69	-0.24	-1.52	0.30	-0.20	-0.66	45017	0.155	0.162	0.516	0.042	0.037	1.558
15.852	0.157	0.166	0.510	1.69	-0.23	-1.52	0.98	-0.79	-0.48	45026	0.154	0.163	0.516	0.043	0.037	1.558
15.864	0.157	0.166	0.510	1.70	-0.22	-1.53	0.02	-1.73	-0.17	45024	0.154	0.164	0.516	0.043	0.038	1.557
15.873	0.155	0.166	0.510	1.70	-0.19	-1.53	-0.26	-2.07	0.25	45130	0.154	0.164	0.516	0.043	0.038	1.557
15.886	0.155	0.166	0.510	1.70	-0.17	-1.52	-0.29	-1.33	1.26	45135	0.153	0.165	0.516	0.043	0.038	1.556
15.893	0.155	0.167	0.510	1.69	-0.15	-1.51	-1.28	-2.39	1.40	45134	0.153	0.166	0.515	0.043	0.038	1.556
15.904	0.155	0.168	0.510	1.65	-0.13	-1.50	-2.44	-1.78	1.31	45138	0.153	0.166	0.515	0.043	0.038	1.556
15.914	0.155	0.169	0.510	1.63	-0.11	-1.49	-2.89	-1.50	1.10	44949	0.152	0.167	0.515	0.044	0.038	1.555
15.929	0.155	0.169	0.510	1.59	-0.10	-1.48	-4.26	-0.30	1.51	44952	0.152	0.168	0.515	0.044	0.038	1.555
15.935	0.158	0.171	0.510	1.54	-0.12	-1.46	-4.88	-0.03	1.50	44939	0.152	0.168	0.515	0.044	0.038	1.554
15.943	0.157	0.172	0.510	1.48	-0.10	-1.45	-5.43	-0.26	1.06	44921	0.152	0.169	0.515	0.045	0.039	1.554
15.956	0.157	0.176	0.510	1.40	-0.10	-1.44	-6.55	0.33	1.13	44919	0.152	0.170	0.515	0.045	0.039	1.554
15.964	0.157	0.178	0.510	1.32	-0.10	-1.42	-7.60	0.80	1.41	45018	0.152	0.172	0.515	0.045	0.039	1.553
15.973	0.157	0.178	0.510	1.24	-0.11	-1.41	-7.80	2.03	1.14	45016	0.152	0.173	0.515	0.046	0.040	1.553
15.985	0.155	0.154	0.510	1.33	-0.13	-1.40	-7.27	1.98	1.04	45012	0.152	0.171	0.515	0.046	0.039	1.552
15.995	0.155	0.152	0.509	1.28	-0.15	-1.39	-5.97	3.02	1.53	45023	0.152	0.169	0.515	0.046	0.037	1.552
16.006	0.152	0.153	0.509	1.21	-0.16	-1.37	-5.90	2.19	1.43	45162	0.151	0.167	0.515	0.046	0.036	1.551
16.014	0.152	0.153	0.509	1.15	-0.19	-1.36	-7.53	2.33	1.17	45165	0.151	0.165	0.515	0.046	0.036	1.551
16.022	0.151	0.154	0.509	1.07	-0.20	-1.34	-6.54	1.44	1.84	45165	0.150	0.164	0.515	0.046	0.035	1.550
16.040	0.153	0.157	0.508	0.98	-0.22	-1.33	-7.18	0.33	1.94	45170	0.150	0.163	0.514	0.046	0.034	1.550
16.044	0.155	0.158	0.508	0.89	-0.23	-1.31	-8.65	-0.52	1.95	45167	0.150	0.163	0.514	0.047	0.034	1.550
16.056	0.156	0.162	0.508	0.78	-0.24	-1.29	-7.68	-0.98	1.47	45279	0.150	0.163	0.514	0.047	0.034	1.549
16.065	0.154	0.135	0.508	0.89	-0.21	-1.28	-8.56	-2.21	1.56	45280	0.150	0.159	0.514	0.047	0.032	1.549
16.073	0.154	0.134	0.507	0.80	-0.19	-1.27	-8.79	-2.55	1.02	45299	0.150	0.156	0.514	0.048	0.030	1.548
16.082	0.152	0.137	0.508	0.70	-0.14	-1.26	-7.98	-2.13	1.23	45291	0.150	0.154	0.514	0.048	0.029	1.548
16.094	0.151	0.140	0.507	0.58	-0.11	-1.25	-9.69	-3.23	0.67	45234	0.150	0.152	0.514	0.048	0.028	1.547
16.106	0.152	0.112	0.507	0.67	-0.09	-1.25	-12.01	-3.37	1.10	45231	0.149	0.147	0.513	0.048	0.026	1.547
16.115	0.152	0.111	0.507	0.54	-0.06	-1.24	-13.48	-2.38	0.88	45244	0.149	0.143	0.513	0.048	0.024	1.546
16.127	0.152	0.117	0.508	0.35	-0.03	-1.23	-15.68	-1.51	0.45	45240	0.149	0.139	0.513	0.048	0.022	1.546
16.136	0.152	0.116	0.508	0.19	-0.02	-1.23	-17.83	-0.37	0.48	45081	0.149	0.136	0.513	0.049	0.020	1.545
16.144	0.151	0.098	0.508	0.12	-0.03	-1.23	-19.57	0.83	0.66	45070	0.149	0.131	0.514	0.049	0.018	1.545
16.155	0.152	0.099	0.508	-0.10	-0.04	-1.22	-20.13	1.40	0.56	45086	0.149	0.127	0.514	0.049	0.016	1.545
16.164	0.152	0.098	0.508	-0.29	-0.06	-1.21	-19.99	1.62	-0.06	45076	0.149	0.123	0.514	0.049	0.014	1.544
16.174	0.154	0.108	0.507	-0.56	-0.10	-1.21	-20.24	2.31	0.23	45054	0.149	0.121	0.514	0.049	0.013	1.544
16.185	0.153	0.081	0.507	-0.58	-0.12	-1.22	-18.54	0.51	0.01	45097	0.149	0.115	0.514	0.050	0.011	1.543
16.195	0.154	0.085	0.507	-0.80	-0.12	-1.22	-16.51	0.82	-0.24	45106	0.149	0.111	0.514	0.050	0.009	1.543
16.202	0.154	0.091	0.507	-1.01	-0.13	-1.22	-15.88	-0.79	-0.36	45068	0.149	0.108	0.513	0.050	0.008	1.542
16.216	0.152	0.066	0.508	-0.99	-0.11	-1.23	-14.50	-0.29	-0.03	45038	0.149	0.103	0.514	0.051	0.005	1.542
16.223	0.152	0.065	0.508	-1.13	-0.11	-1.22	-12.62	-0.37	0.03	44918	0.149	0.097	0.514	0.051	0.003	1.541
16.237	0.152	0.068	0.508	-1.30	-0.10	-1.22	-13.13	-0.34	0.25	44911	0.149	0.093	0.514	0.051	0.001	1.541
16.245	0.149	0.074	0.508	-1.48	-0.07	-1.22	-13.83	-0.43	-0.03	44887	0.149	0.090	0.514	0.051	-0.000	1.541
16.253	0.151	0.052	0.508	-1.46	-0.10	-1.22	-14.45	0.15	0.44	44857	0.149	0.085	0.514	0.051	-0.002	1.540
16.265	0.151	0.050	0.508	-1.61	-0.10	-1.22	-14.36	-0.18	0.15	44870	0.149	0.080	0.514	0.051	-0.005	1.540
16.275	0.151	0.056	0.508	-1.80	-0.10	-1.21	-13.86	0.35	0.61	44957	0.149	0.076	0.514	0.051	-0.006	1.539
16.281	0.151	0.061	0.508	-1.99	-0.10	-1.21	-13.62	-0.32	0.72	44942	0.149	0.074	0.514	0.052	-0.007	1.539
16.291	0.153	0.064	0.508	-2.15	-0.11	-1.20	-13.01	0.05	0.60	44928	0.149	0.072	0.514	0.052	-0.008	1.538
16.305	0.152	0.037	0.507	-2.10	-0.10	-1.20	-11.61	-1.20	0.47	44933	0.149	0.067	0.514	0.052	-0.010	1.538
16.313	0.152	0.036	0.507	-2.21	-0.09	-1.20	-9.17	-3.09	0.24	45004	0.149	0.062	0.514	0.052	-0.012	1.537
16.325	0.152	0.034	0.507	-2.29	-0.06	-1.20	-8.41	-3.86	-0.30	44996	0.149	0.058	0.514	0.053	-0.013	1.537
16.340	0.152	0.033	0.508	-2.37	-0.02	-1.19	-6.81	-2.75	0.01	44999	0.149	0.054	0.514	0.053	-0.015	1.536
16.345	0.152	0.036	0.508	-2.47	0.01	-1.19	-7.37	-2.84	0.13	44994	0.149	0.051	0.514	0.053	-0.016	1.536
16.355	0.152	0.035	0.508	-2.55	0.04	-1.19	-7.18	-1.87	0.84	44875	0.150	0.048	0.514	0.053	-0.017	1.535
16.365	0.152	0.038	0.508	-2.65	0.05	-1.18	-8.19	-0.55	0.39	44872	0.150	0.046	0.514	0.053	-0.018	1.535
16.375	0.152	0.038	0.508	-2.74	0.05	-1.17	-7.69	-0.51	0.21	44877	0.150	0.045	0.514	0.054	-0.018	1.535
16.379	0.152	0.037	0.508	-2.81	0.06	-1.17	-7.08	0.29	-0.11	44898	0.150	0.043	0.514	0.054	-0.018	1.534
16.391	0.152	0.040	0.510	-2.90	0.05	-1.17	-5.44	1.07	-0.12	44899	0.150	0.042	0.514	0.054	-0.019	1.534
16.404	0.152	0.039	0.510	-2.95	0.04	-1.18	-3.04	1.33	-0.27	44613	0.150	0.041	0.514	0.054	-0.019	1.534
16.415	0.152	0.038	0.510	-2.97	0.03	-1.18	-0.00	1.41	-0.30	44610	0.150	0.040	0.515	0.054	-0.019	1.533
16.424	0.152	0.037	0.510	-2.97	0.01	-1.18	2.14	0.95	-0.72	44613	0.150	0.039	0.515	0.054	-0.019	1.533
16.434	0.152	0.036	0.510	-2.93	0.00	-1.19	5.80	-0.28	-0.19	44595	0.150	0.038	0.515	0.055	-0.019	1.532
16.445	0.152	0.035	0.510	-2.87	0.01	-1.19	7.15	-0.37	-1.09	44612	0.150	0.037	0.515	0.055	-0.019	1.532
16.453	0.152	0.031	0.510	-2.76	0.02	-1.20	10.20	-1.97	-0.75	44626	0.150	0.036	0.515	0.055	-0.020	1.532
16.464	0.152	0.030	0.510	-2.66	0.04	-1.21	11.07	-1.84	-0.75	44637	0.150	0.035	0.515	0.055	-0.020	1.531
16.472	0.152	0.028	0.511	-2.53	0.05	-1.22	9.74	-0.72	-1.28	44629	0.150	0.034	0.516	0.055	-0.020	1.531
16.487	0.152	0.036	0.509	-2.50	0.07	-1.22	10.55	-0.50	-1.04	44622	0.150	0.034	0.515	0.055	-0.020	1.530
16.490	0.150	0.047	0.509	-2.48	0.08	-1.23	8.68	0.41	-0.75	44971	0.150	0.035	0.515	0.055	-0.019	1.530
16.506	0.150	0.044	0.509	-2.38	0.07	-1.24	7.37	1.03	-0.78	44999	0.150	0.036	0.515	0.055	-0.019	1.529
16.515	0.150	0.044	0.509	-2.31	0.06	-1.25	7.34	1.93	-0.69	45002	0.150	0.036	0.515	0.055	-0.018	1.529
16.523	0.151	0.058	0.509	-2.34	0.03	-1.25	6.75	1.62	-0.52	44992	0.150	0.039	0.515	0.055	-0.017	1.529
16.533	0.151	0.067	0.509	-2.34	0.02	-1.25	6.74	1.22	-1.40	44975	0.150	0.042	0.515	0.055	-0.015	1.528
16.547	0.150	0.061	0.509	-2.21	0.02	-1.27	8.51	0.20	-1.23	44997	0.150	0.044	0.514	0.055	-0.014	1.528
16.556	0.150	0.058	0.509	-2.09	0.02	-1.29	12.33	0.78	-1.60	45007	0.150	0.046	0.514	0.055	-0.013	1.527
16.564	0.152	0.081	0.509	-2.13	-0.00	-1.30	15.14	1.26	-1.70	45014	0.150	0.050	0.514	0.055	-0.011	1.527
16.598	0.152	0.077	0.509	-1.94	-0.01	-1.32	16.87	-0.30	-2.39	45015	0.150	0.054	0.514	0.056	-0.009	1.526
16.598	0.154	0.098	0.509	-1.91	-0.03	-1.33	20.36	0.56	-2.36	45024	0.151	0.059	0.514	0.056	-0.006	1.526
16.607	0.154	0.093	0.509	-1.66	-0.04	-1.36	23.29	1.34	-2.18	45040	0.151	0.064	0.514	0.056	-0.004	1.526
16.612	0.155	0.111	0.509	-1.54	-0.05	-1.37	25.56	1.48	-1.88	45025	0.151	0.070	0.514	0.056	-0.001	1.525
16.613	0.155	0.106	0.508	-1.23	-0.07	-1.39	27.11	1.23	-1.63	45045	0.152	0.075	0.514	0.057	0.001	1.525
16.638	0.155	0.121	0.508	-1.06	-0.08	-1.40	29.77	0.49	-1.24	45171	0.152	0.081	0.514	0.057	0.004	1.524
16.647	0.155	0.123	0.508	-0.75	-0.08	-1.41	31.17	0.75	-1.09	45186	0.153	0.087	0.514	0.057	0.006	1.524
16.647	0.156	0.141	0.508	-0.56	-0.09	-1.42	31.18	-0.04	-1.86	45182	0.153	0.094	0.514	0.057	0.010	1.523
16.655	0.156	0.145	0.507	-0.26	-0.09	-1.44	32.24	0.02	-1.80	45209	0.153	0.101	0.513	0.057	0.013	1.523
16.670	0.156	0.149	0.507	0.04	-0.09	-1.45	31.23	-1.10	-1.05	43196	0.154	0.108	0.513	0.058	0.016	1.522
16.707	0.156	0.176	0.507	0.17	-0.07	-1.45	30.68	-0.37	-0.94	43171	0.154	0.117	0.513	0.058	0.020	1.522
16.708	0.156	0.170	0.507	0.53	-0.06	-1.47	29.34	-1.01	-1.04	43183	0.154	0.124	0.513	0.058	0.024	1.522
16.717	0.156	0.185	0.507	0.73	-0.05	-1.48	28.20	-0.88	-1.28	43160	0.155	0.133	0.513	0.058	0.027	1.521
16.723	0.156	0.179	0.507	1.08	-0.04	-1.49	28.07	-0.35	-1.22	43187	0.155	0.140	0.512	0.058	0.030	1.521
16.725	0.156	0.193	0.507	1.28	-0.04	-1.50	29.00	0.09	-1.07	43094	0.155	0.147	0.512	0.058	0.033	1.520
16.725	0.156	0.186	0.507	1.63	-0.04	-1.51	27.84	0.26	-1.00	43102	0.155	0.153	0.512	0.058	0.036	1.520
16.736	0.157	0.203	0.507	1.80	-0.04	-1.52	27.89	0.60	-1.28	43117	0.156	0.161	0.512	0.058	0.039	1.520
16.748	0.157	0.198	0.507	2.13	-0.05	-1.54	27.80	0.46	-1.05	43183	0.156	0.167	0.511	0.058	0.041	1.519
16.756	0.157	0.195	0.507	2.44	-0.05	-1.55	28.30	-0.10	-1.15	43203	0.156	0.172	0.511	0.058	0.043	1.519
16.765	0.157	0.207	0.506	2.65	-0.05	-1.56	26.07	-0.50	-0.91	43244	0.156	0.177	0.510	0.059	0.045	1.519
16.775	0.157	0.211	0.506	2.89	-0.04	-1.57	24.96	-2.35	-0.56	43314	0.156	0.183	0.510	0.059	0.047	1.518
16.784	0.157	0.216	0.507	3.11	-0.02	-1.57	22.53	-1.47	-0.49	43379	0.156	0.188	0.510	0.059	0.049	1.518
16.792	0.157	0.218	0.507	3.33	-0.00	-1.58	20.13	-1.98	-1.30	43296	0.157	0.193	0.509	0.059	0.051	1.518
16.801	0.156	0.235	0.506	3.41	0.03	-1.59	17.90	-1.59	-0.29	43375	0.157	0.200	0.509	0.059	0.053	1.518
16.814	0.156	0.237	0.506	3.59	0.04	-1.59	16.11	-1.42	0.38	43476	0.157	0.206	0.509	0.059	0.055	1.518
16.825	0.157	0.230	0.506	3.81	0.04	-1.59	13.40	-0.55	0.05	43563	0.157	0.210	0.508	0.059	0.057	1.517
16.835	0.156	0.250	0.506	3.80	0.06	-1.58	11.83	0.45	-0.13	43631	0.157	0.217	0.508	0.058	0.059	1.517
16.850	0.156	0.247	0.506	3.96	0.05	-1.59	9.85	1.05	-0.95	43574	0.157	0.222	0.508	0.058	0.061	1.517
16.856	0.156	0.242	0.506	4.10	0.03	-1.60	9.16	2.35	-1.53	43663	0.157	0.226	0.507	0.058	0.062	1.517
16.859	0.155	0.242	0.505	4.21	0.02	-1.62	7.26	1.21	-1.31	43735	0.157	0.229	0.507	0.058	0.063	1.517
16.876	0.161	0.265	0.505	4.12	-0.04	-1.62	8.19	0.83	-0.59	41767	0.157	0.235	0.506	0.059	0.065	1.517
16.885	0.161	0.262	0.504	4.24	-0.05	-1.62	6.32	1.18	0.14	41839	0.158	0.240	0.506	0.059	0.067	1.517
16.892	0.161	0.260	0.504	4.33	-0.06	-1.63	6.04	0.35	-0.29	41935	0.159	0.244	0.505	0.059	0.068	1.517
16.905	0.160	0.257	0.503	4.42	-0.05	-1.63	5.12	-0.31	-0.12	42018	0.159	0.247	0.504	0.059	0.069	1.516
16.914	0.160	0.259	0.503	4.46	-0.04	-1.63	4.60	-1.09	-0.16	42113	0.159	0.250	0.504	0.059	0.070	1.516
16.925	0.160	0.261	0.501	4.51	-0.03	-1.63	3.09	-0.61	-0.10	42234	0.159	0.252	0.503	0.059	0.070	1.516
16.935	0.158	0.259	0.501	4.56	-0.01	-1.63	1.34	-0.92	0.24	42470	0.159	0.255	0.502	0.059	0.070	1.516
16.945	0.158	0.260	0.500	4.57	0.01	-1.64	-0.26	-2.00	0.38	42599	0.159	0.256	0.501	0.059	0.071	1.516
16.956	0.159	0.261	0.499	4.56	0.03	-1.63	-2.72	-2.25	0.35	42742	0.160	0.258	0.500	0.059	0.071	1.516
16.965	0.159	0.263	0.498	4.53	0.05	-1.64	-4.59	-1.82	0.09	42866	0.160	0.260	0.499	0.059	0.071	1.516
16.976	0.159	0.264	0.497	4.48	0.07	-1.64	-7.48	-1.03	0.57	43010	0.160	0.262	0.498	0.059	0.071	1.516
16.985	0.159	0.267	0.496	4.37	0.09	-1.63	-9.86	-2.00	0.43	43160	0.160	0.263	0.496	0.059	0.072	1.516
16.993	0.158	0.271	0.495	4.25	0.11	-1.62	-11.05	-2.12	0.84	43309	0.160	0.266	0.495	0.059	0.072	1.516
17.004	0.161	0.272	0.494	4.13	0.10	-1.62	-12.60	-1.25	0.61	43446	0.160	0.267	0.494	0.059	0.072	1.516
17.016	0.161	0.276	0.493	3.98	0.11	-1.62	-12.71	0.17	0.13	43708	0.160	0.269	0.493	0.059	0.073	1.516
17.026	0.160	0.278	0.492	3.85	0.12	-1.61	-13.19	1.06	0.27	43866	0.161	0.271	0.491	0.059	0.073	1.516
17.035	0.157	0.272	0.490	3.78	0.13	-1.61	-12.33	1.10	0.40	44003	0.160	0.272	0.490	0.058	0.073	1.516
17.043	0.157	0.270	0.489	3.67	0.12	-1.61	-10.93	0.91	0.07	44159	0.160	0.273	0.489	0.058	0.073	1.516
17.053	0.159	0.264	0.488	3.61	0.09	-1.61	-10.97	2.36	0.80	44305	0.160	0.273	0.488	0.058	0.072	1.516
17.066	0.159	0.265	0.487	3.51	0.07	-1.60	-10.62	2.24	0.82	44380	0.160	0.273	0.486	0.058	0.072	1.516
17.074	0.160	0.267	0.486	3.39	0.04	-1.59	-9.94	2.37	1.12	44514	0.160	0.273	0.485	0.058	0.071	1.516
17.085	0.159	0.267	0.484	3.30	0.03	-1.58	-9.25	1.69	1.44	42489	0.160	0.273	0.484	0.058	0.071	1.516
17.094	0.158	0.264	0.483	3.22	0.02	-1.56	-12.03	1.06	1.14	42595	0.160	0.272	0.482	0.058	0.070	1.516
17.103	0.159	0.265	0.482	3.09	0.00	-1.56	-13.16	0.11	-0.15	42616	0.160	0.272	0.481	0.058	0.070	1.517
17.112	0.159	0.271	0.481	2.91	0.01	-1.55	-13.10	-1.17	1.07	42731	0.160	0.272	0.479	0.058	0.070	1.517
17.125	0.159	0.252	0.479	2.92	0.02	-1.55	-15.47	-1.06	0.12	42850	0.160	0.270	0.478	0.057	0.068	1.517
17.135	0.159	0.251	0.478	2.76	0.03	-1.55	-16.47	-0.60	0.49	42980	0.160	0.268	0.476	0.057	0.067	1.517
17.144	0.159	0.259	0.476	2.53	0.03	-1.53	-17.85	0.02	1.37	43117	0.160	0.268	0.475	0.057	0.067	1.517
17.158	0.159	0.263	0.474	2.32	0.03	-1.52	-19.10	0.02	1.82	43381	0.160	0.268	0.473	0.057	0.066	1.517
17.160	0.156	0.246	0.472	2.26	0.05	-1.50	-19.72	0.01	1.32	43511	0.160	0.265	0.471	0.057	0.065	1.517
17.175	0.156	0.246	0.471	2.06	0.04	-1.49	-20.81	1.65	1.21	43656	0.160	0.263	0.470	0.057	0.064	1.517
17.185	0.155	0.227	0.469	2.00	0.03	-1.48	-20.32	1.43	1.08	43811	0.159	0.259	0.468	0.056	0.061	1.517
17.193	0.154	0.234	0.467	1.73	0.03	-1.46	-21.08	2.12	0.93	44015	0.159	0.256	0.466	0.056	0.060	1.517
17.193	0.157	0.213	0.465	1.68	-0.02	-1.46	-21.99	2.09	0.69	44147	0.159	0.251	0.464	0.056	0.057	1.517
17.216	0.155	0.222	0.464	1.38	-0.03	-1.45	-22.56	2.42	0.69	44313	0.159	0.247	0.462	0.055	0.055	1.518
17.225	0.156	0.204	0.462	1.28	-0.07	-1.45	-24.08	1.95	1.31	44438	0.159	0.242	0.460	0.055	0.053	1.518
17.234	0.158	0.202	0.461	1.03	-0.10	-1.44	-26.32	1.36	0.66	44354	0.159	0.237	0.459	0.055	0.050	1.518
17.245	0.157	0.196	0.460	0.80	-0.11	-1.44	-28.13	1.41	-0.11	44491	0.159	0.232	0.457	0.055	0.047	1.518
17.252	0.158	0.192	0.458	0.54	-0.13	-1.44	-29.03	2.38	0.46	44633	0.159	0.227	0.455	0.055	0.045	1.518
17.260	0.159	0.189	0.456	0.26	-0.16	-1.44	-29.20	0.67	0.84	44762	0.159	0.222	0.454	0.055	0.043	1.518
17.275	0.159	0.184	0.455	-0.01	-0.17	-1.44	-31.13	1.19	-0.63	44896	0.159	0.217	0.452	0.055	0.040	1.519
17.285	0.159	0.182	0.453	-0.31	-0.17	-1.44	-30.15	0.28	-0.27	42859	0.159	0.212	0.451	0.055	0.038	1.519
17.295	0.159	0.188	0.451	-0.67	-0.18	-1.44	-29.53	0.63	-0.26	42957	0.160	0.209	0.449	0.055	0.037	1.519
17.303	0.159	0.176	0.449	-0.88	-0.19	-1.44	-28.31	0.03	-0.13	43043	0.160	0.204	0.447	0.055	0.035	1.519
17.310	0.156	0.180	0.448	-1.20	-0.17	-1.44	-26.52	0.01	-0.37	43160	0.160	0.201	0.445	0.055	0.033	1.519
17.318	0.159	0.170	0.446	-1.39	-0.18	-1.45	-23.84	-0.40	-0.48	43228	0.160	0.196	0.443	0.055	0.031	1.520
17.334	0.159	0.168	0.444	-1.61	-0.17	-1.45	-20.73	-1.08	-0.05	43331	0.160	0.192	0.442	0.055	0.029	1.520
17.344	0.157	0.166	0.442	-1.80	-0.14	-1.44	-17.06	-1.71	-0.49	43447	0.160	0.188	0.440	0.054	0.028	1.520
17.351	0.157	0.164	0.440	-1.96	-0.12	-1.44	-14.93	-1.79	-0.15	43558	0.160	0.185	0.438	0.054	0.026	1.520
17.360	0.157	0.160	0.436	-2.07	-0.10	-1.45	-13.11	-1.49	-0.66	43659	0.159	0.181	0.435	0.054	0.025	1.520
17.369	0.156	0.156	0.434	-2.18	-0.09	-1.45	-12.23	-1.06	-0.80	44237	0.159	0.178	0.433	0.054	0.023	1.520
17.385	0.156	0.157	0.432	-2.31	-0.07	-1.45	-11.31	-0.09	-0.78	44368	0.159	0.174	0.431	0.054	0.022	1.520
17.394	0.156	0.155	0.430	-2.43	-0.07	-1.47	-10.90	-0.67	-0.93	44479	0.159	0.171	0.428	0.053	0.021	1.520
17.402	0.154	0.155	0.427	-2.54	-0.04	-1.47	-10.53	-0.27	-0.71	44609	0.159	0.169	0.426	0.053	0.020	1.520
17.412	0.155	0.151	0.425	-2.62	-0.05	-1.48	-10.22	-0.20	-0.99	44868	0.158	0.166	0.424	0.053	0.019	1.521
17.421	0.155	0.151	0.423	-2.73	-0.05	-1.49	-9.29	-0.13	-2.08	44987	0.158	0.164	0.421	0.053	0.018	1.521
17.434	0.155	0.150	0.421	-2.83	-0.05	-1.52	-9.43	1.37	-3.31	45121	0.158	0.161	0.419	0.052	0.017	1.521
17.442	0.156	0.145	0.418	-2.88	-0.08	-1.56	-8.43	1.67	-2.86	45274	0.158	0.159	0.417	0.052	0.016	1.521
17.451	0.155	0.146	0.417	-2.98	-0.08	-1.58	-5.37	0.78	-3.22	45291	0.158	0.157	0.415	0.052	0.015	1.521
17.467	0.158	0.143	0.415	-3.01	-0.11	-1.62	-4.11	1.35	-2.89	45420	0.158	0.155	0.413	0.052	0.014	1.521
17.470	0.158	0.143	0.413	-3.05	-0.12	-1.65	-2.29	0.56	-3.06	45550	0.158	0.153	0.411	0.052	0.014	1.521
17.485	0.156	0.142	0.410	-3.08	-0.11	-1.68	-1.50	0.58	-3.08	45664	0.158	0.151	0.409	0.052	0.013	1.521
17.494	0.156	0.141	0.408	-3.09	-0.12	-1.71	0.09	0.68	-2.87	43672	0.158	0.149	0.407	0.052	0.012	1.522
17.503	0.156	0.140	0.406	-3.08	-0.12	-1.74	2.30	0.53	-2.59	43723	0.158	0.148	0.405	0.052	0.012	1.522
17.511	0.156	0.139	0.404	-3.05	-0.12	-1.76	3.39	0.28	-2.39	43810	0.158	0.146	0.402	0.051	0.011	1.522
17.520	0.156	0.138	0.402	-3.02	-0.12	-1.78	3.68	-0.55	-1.90	43899	0.158	0.145	0.400	0.051	0.011	1.522
17.535	0.155	0.138	0.401	-2.99	-0.10	-1.80	6.12	-0.89	-1.12	43985	0.158	0.144	0.398	0.051	0.010	1.522
17.543	0.156	0.138	0.399	-2.93	-0.10	-1.81	3.96	-0.80	-2.50	43924	0.158	0.143	0.396	0.051	0.010	1.522
17.559	0.156	0.137	0.396	-2.88	-0.09	-1.83	6.35	-1.67	-0.51	44025	0.158	0.142	0.394	0.051	0.010	1.523
17.569	0.160	0.138	0.394	-2.84	-0.11	-1.84	5.67	-1.75	-2.11	44110	0.158	0.141	0.392	0.051	0.010	1.523
17.577	0.160	0.137	0.392	-2.79	-0.09	-1.86	5.26	-2.48	-0.75	44203	0.159	0.140	0.390	0.051	0.009	1.523
17.586	0.160	0.138	0.391	-2.74	-0.06	-1.86	6.41	-3.84	-0.22	44317	0.159	0.140	0.388	0.051	0.009	1.523
17.586	0.158	0.142	0.389	-2.70	-0.00	-1.86	7.73	-3.54	-0.82	44231	0.159	0.140	0.386	0.051	0.009	1.523
17.609	0.160	0.141	0.387	-2.63	0.02	-1.87	7.71	-3.36	-1.37	44326	0.160	0.140	0.384	0.051	0.009	1.524
17.611	0.160	0.139	0.385	-2.53	0.07	-1.88	7.31	-4.08	-1.04	44423	0.160	0.140	0.382	0.051	0.009	1.524
17.619	0.155	0.141	0.382	-2.47	0.15	-1.90	8.75	-4.46	-1.68	44541	0.160	0.140	0.380	0.051	0.009	1.524
17.619	0.157	0.140	0.380	-2.37	0.17	-1.92	10.03	-3.99	-2.01	44871	0.160	0.140	0.378	0.050	0.009	1.524
17.645	0.156	0.144	0.377	-2.31	0.21	-1.93	9.65	-1.56	-1.86	44978	0.160	0.140	0.375	0.050	0.010	1.524
17.654	0.156	0.144	0.375	-2.22	0.22	-1.95	10.16	-1.37	-1.73	45094	0.159	0.141	0.373	0.050	0.010	1.524
17.663	0.156	0.144	0.373	-2.11	0.24	-1.96	11.60	-0.34	-0.58	45218	0.159	0.141	0.371	0.050	0.010	1.525
17.670	0.159	0.146	0.369	-2.01	0.21	-1.97	11.88	1.26	-1.59	45645	0.159	0.142	0.369	0.050	0.010	1.525
17.679	0.159	0.142	0.367	-1.85	0.19	-1.99	12.49	1.74	-0.86	45765	0.160	0.142	0.366	0.050	0.010	1.525
17.695	0.159	0.147	0.365	-1.76	0.17	-1.99	14.53	1.85	-0.36	43847	0.160	0.143	0.364	0.050	0.010	1.525
17.704	0.149	0.152	0.362	-1.66	0.25	-2.00	15.38	1.53	0.10	43959	0.159	0.144	0.362	0.049	0.011	1.525
17.712	0.158	0.149	0.360	-1.49	0.15	-2.00	15.47	1.09	-0.22	44051	0.159	0.145	0.359	0.049	0.011	1.525
17.722	0.158	0.145	0.358	-1.29	0.14	-2.00	15.29	0.83	-0.74	44079	0.159	0.145	0.357	0.049	0.011	1.525
17.735	0.160	0.141	0.356	-1.10	0.12	-2.00	15.71	0.00	0.21	44163	0.160	0.145	0.355	0.049	0.011	1.525
17.744	0.140	0.121	0.354	-0.75	0.30	-2.04	15.03	-0.16	-0.92	44270	0.158	0.142	0.352	0.047	0.009	1.525
17.755	0.146	0.117	0.350	-0.58	0.24	-2.04	13.05	-1.14	0.19	44386	0.157	0.140	0.350	0.047	0.008	1.525
17.763	0.147	0.116	0.348	-0.45	0.24	-2.03	11.28	1.40	1.27	44746	0.156	0.137	0.347	0.046	0.006	1.525
17.773	0.148	0.119	0.345	-0.37	0.21	-2.02	6.64	3.23	-0.50	44869	0.155	0.135	0.345	0.046	0.005	1.525
17.783	0.148	0.120	0.343	-0.33	0.17	-2.02	4.04	3.98	0.06	44982	0.154	0.133	0.342	0.045	0.004	1.525
17.795	0.149	0.121	0.341	-0.31	0.12	-2.02	0.17	5.92	-0.09	45104	0.154	0.132	0.340	0.045	0.003	1.525
17.805	0.150	0.122	0.340	-0.33	0.06	-2.02	-2.65	6.40	-0.45	45229	0.154	0.131	0.338	0.044	0.003	1.526
17.815	0.150	0.123	0.337	-0.38	-0.01	-2.02	-4.08	4.92	-0.19	45109	0.154	0.130	0.336	0.044	0.002	1.526
17.824	0.150	0.124	0.335	-0.42	-0.06	-2.02	-4.77	5.04	-0.75	45214	0.153	0.130	0.333	0.044	0.002	1.526
17.831	0.150	0.124	0.333	-0.47	-0.11	-2.03	-4.20	4.24	-0.45	45322	0.153	0.129	0.331	0.044	0.001	1.526
17.845	0.149	0.124	0.331	-0.51	-0.15	-2.04	-4.19	2.58	-0.65	45430	0.153	0.129	0.329	0.043	0.001	1.526
17.854	0.150	0.127	0.328	-0.58	-0.18	-2.04	-1.70	2.46	-0.06	45515	0.153	0.129	0.327	0.043	0.001	1.526
17.863	0.150	0.127	0.326	-0.59	-0.20	-2.04	0.61	1.58	0.15	45599	0.153	0.129	0.325	0.043	0.001	1.526
17.875	0.150	0.131	0.324	-0.61	-0.22	-2.04	2.37	0.76	0.17	45681	0.153	0.129	0.323	0.043	0.001	1.526
17.884	0.150	0.131	0.322	-0.58	-0.23	-2.03	5.32	-0.40	0.30	45772	0.153	0.130	0.321	0.043	0.001	1.526
17.896	0.150	0.133	0.322	-0.54	-0.22	-2.03	7.90	-1.89	0.79	45465	0.152	0.130	0.319	0.043	0.001	1.527
17.906	0.150	0.134	0.320	-0.46	-0.20	-2.02	9.43	-1.86	1.10	43412	0.152	0.131	0.317	0.042	0.002	1.527
17.913	0.149	0.134	0.318	-0.36	-0.17	-2.01	10.30	-1.95	1.42	43436	0.152	0.132	0.315	0.042	0.002	1.527
17.924	0.150	0.136	0.315	-0.28	-0.16	-1.99	10.78	-2.79	1.33	43478	0.152	0.132	0.313	0.042	0.002	1.527
17.934	0.152	0.137	0.312	-0.18	-0.15	-1.97	10.41	-2.53	0.97	43558	0.152	0.133	0.311	0.042	0.002	1.527
17.944	0.152	0.139	0.310	-0.09	-0.13	-1.96	10.19	-2.08	1.15	43802	0.153	0.134	0.309	0.042	0.003	1.527
17.953	0.153	0.140	0.308	0.00	-0.12	-1.95	9.38	-2.33	1.41	43859	0.153	0.135	0.307	0.042	0.003	1.527
17.965	0.152	0.140	0.306	0.09	-0.10	-1.94	7.52	-1.97	1.33	43942	0.153	0.136	0.305	0.042	0.003	1.528
17.977	0.153	0.144	0.303	0.11	-0.09	-1.93	5.82	-0.07	2.09	44044	0.153	0.138	0.302	0.042	0.004	1.528
17.985	0.153	0.145	0.301	0.16	-0.09	-1.91	3.78	0.44	1.52	44311	0.153	0.139	0.300	0.042	0.004	1.528
17.994	0.154	0.146	0.299	0.19	-0.10	-1.88	4.06	0.24	2.66	44420	0.154	0.140	0.298	0.042	0.005	1.528
18.004	0.154	0.147	0.297	0.22	-0.10	-1.86	2.42	0.29	1.71	44518	0.154	0.141	0.296	0.042	0.005	1.528
18.012	0.154	0.148	0.295	0.25	-0.10	-1.84	4.09	-0.45	2.43	44631	0.154	0.142	0.293	0.042	0.006	1.528
18.025	0.154	0.148	0.294	0.29	-0.10	-1.82	5.15	-0.23	2.25	44740	0.154	0.143	0.291	0.042	0.006	1.528
18.034	0.153	0.150	0.292	0.33	-0.08	-1.79	5.90	-1.85	1.87	44595	0.154	0.145	0.289	0.042	0.006	1.528
18.044	0.153	0.151	0.290	0.40	-0.06	-1.77	6.69	-2.51	2.16	44687	0.155	0.146	0.287	0.042	0.007	1.528
18.054	0.155	0.154	0.288	0.43	-0.06	-1.74	7.33	-2.56	3.15	44788	0.155	0.147	0.285	0.042	0.007	1.529
18.063	0.155	0.154	0.285	0.49	-0.03	-1.71	6.49	-1.92	3.28	44896	0.155	0.148	0.283	0.041	0.008	1.529
18.079	0.155	0.155	0.283	0.55	-0.01	-1.69	5.86	-2.86	2.40	45040	0.155	0.150	0.281	0.041	0.008	1.529
18.083	0.155	0.155	0.281	0.62	0.01	-1.66	5.61	-1.79	2.55	45132	0.156	0.151	0.279	0.041	0.008	1.529
18.094	0.156	0.157	0.279	0.66	0.02	-1.63	5.77	-1.79	2.49	45247	0.156	0.152	0.277	0.041	0.009	1.529
18.105	0.156	0.157	0.277	0.72	0.04	-1.61	5.62	-1.19	2.16	45372	0.156	0.153	0.275	0.041	0.009	1.529
18.113	0.156	0.158	0.275	0.77	0.04	-1.59	5.41	-0.95	1.92	45386	0.156	0.154	0.273	0.041	0.009	1.530
18.122	0.156	0.160	0.273	0.80	0.06	-1.57	5.27	-2.28	2.04	43288	0.157	0.155	0.271	0.041	0.010	1.530
18.133	0.157	0.164	0.271	0.81	0.07	-1.55	4.23	-1.88	1.90	43362	0.157	0.156	0.269	0.041	0.010	1.530
18.142	0.157	0.165	0.269	0.84	0.10	-1.53	3.62	-2.37	2.13	43438	0.157	0.158	0.267	0.041	0.011	1.530
18.154	0.157	0.165	0.265	0.87	0.13	-1.51	2.19	-3.02	1.88	43510	0.158	0.159	0.265	0.041	0.011	1.530
18.163	0.157	0.166	0.263	0.89	0.15	-1.49	2.21	-1.50	2.05	43958	0.158	0.160	0.262	0.041	0.012	1.530
18.173	0.157	0.166	0.261	0.91	0.17	-1.47	2.16	-1.74	2.09	44075	0.158	0.161	0.260	0.041	0.012	1.530
18.183	0.157	0.167	0.258	0.93	0.19	-1.46	1.75	-0.15	1.25	44201	0.158	0.162	0.258	0.041	0.012	1.530
18.195	0.157	0.169	0.258	0.92	0.18	-1.44	2.92	0.56	1.32	44315	0.158	0.164	0.256	0.041	0.013	1.530
18.204	0.157	0.171	0.256	0.94	0.18	-1.43	3.90	-0.10	2.57	44000	0.159	0.165	0.254	0.041	0.013	1.531
18.214	0.158	0.172	0.254	0.98	0.18	-1.40	4.64	-0.38	3.12	44115	0.159	0.166	0.252	0.041	0.013	1.531
18.222	0.158	0.173	0.252	1.01	0.18	-1.37	5.41	-0.22	1.90	44218	0.159	0.167	0.249	0.041	0.014	1.531
18.231	0.157	0.178	0.250	1.00	0.20	-1.35	6.52	-0.58	3.17	44319	0.159	0.169	0.247	0.041	0.015	1.531
18.242	0.157	0.179	0.247	1.07	0.21	-1.32	6.84	-0.85	2.27	44432	0.159	0.171	0.245	0.040	0.015	1.531
18.254	0.157	0.180	0.245	1.14	0.22	-1.29	7.62	-1.44	2.06	44708	0.159	0.172	0.243	0.040	0.016	1.532
18.264	0.157	0.180	0.243	1.21	0.24	-1.27	6.75	-1.71	2.46	44816	0.159	0.173	0.241	0.040	0.016	1.532
18.274	0.157	0.182	0.241	1.26	0.25	-1.25	5.68	-0.91	2.48	44920	0.159	0.175	0.239	0.040	0.017	1.532
18.282	0.157	0.183	0.238	1.30	0.26	-1.22	5.74	-0.44	2.65	45056	0.159	0.176	0.236	0.040	0.017	1.532
18.290	0.157	0.184	0.236	1.36	0.26	-1.19	5.40	0.73	3.22	45302	0.159	0.178	0.234	0.040	0.018	1.532
18.305	0.157	0.185	0.233	1.40	0.26	-1.16	3.11	1.81	2.84	45402	0.159	0.179	0.232	0.039	0.018	1.532
18.314	0.157	0.186	0.231	1.43	0.25	-1.13	2.66	2.65	3.04	45508	0.159	0.180	0.230	0.039	0.018	1.532
18.325	0.157	0.186	0.229	1.45	0.22	-1.10	1.44	3.09	2.82	45619	0.159	0.181	0.227	0.039	0.019	1.532
18.333	0.155	0.187	0.228	1.45	0.20	-1.07	-0.87	3.77	2.97	43449	0.159	0.182	0.225	0.039	0.019	1.533
18.339	0.156	0.185	0.225	1.49	0.16	-1.04	-1.17	3.35	3.13	43509	0.159	0.183	0.223	0.038	0.019	1.533
18.353	0.156	0.186	0.223	1.47	0.14	-1.01	-3.07	2.00	2.94	43575	0.159	0.184	0.221	0.038	0.020	1.533
18.364	0.156	0.186	0.221	1.44	0.11	-0.98	-2.51	1.78	2.60	43657	0.159	0.184	0.219	0.038	0.020	1.533
18.373	0.155	0.186	0.218	1.41	0.10	-0.95	-4.18	2.76	2.70	43749	0.159	0.185	0.217	0.038	0.020	1.533
18.387	0.155	0.187	0.216	1.38	0.08	-0.93	-2.88	2.12	2.70	44014	0.159	0.185	0.215	0.037	0.020	1.533
18.394	0.155	0.187	0.214	1.35	0.06	-0.90	-2.93	2.25	2.52	44114	0.159	0.186	0.212	0.037	0.020	1.533
18.404	0.155	0.187	0.212	1.32	0.03	-0.87	-3.51	2.02	2.80	44226	0.158	0.186	0.210	0.037	0.020	1.534
18.414	0.155	0.188	0.209	1.28	0.01	-0.85	-3.70	1.96	2.51	44337	0.158	0.187	0.208	0.037	0.020	1.534
18.423	0.154	0.188	0.207	1.26	0.00	-0.82	-2.25	1.60	3.08	44533	0.158	0.187	0.205	0.036	0.020	1.534
18.434	0.155	0.188	0.204	1.24	-0.03	-0.79	-1.74	1.33	2.26	44651	0.158	0.187	0.203	0.036	0.020	1.534
18.439	0.155	0.188	0.202	1.21	-0.04	-0.77	-2.04	1.13	2.73	44769	0.158	0.188	0.200	0.036	0.020	1.534
18.450	0.155	0.190	0.200	1.17	-0.05	-0.74	-1.56	0.66	2.48	44857	0.158	0.188	0.198	0.036	0.020	1.534
18.463	0.156	0.190	0.196	1.15	-0.09	-0.72	-2.30	0.46	2.37	44965	0.158	0.188	0.196	0.036	0.021	1.534
18.471	0.158	0.194	0.194	1.04	-0.13	-0.70	-2.55	0.13	1.89	45368	0.158	0.189	0.193	0.036	0.021	1.534
18.483	0.162	0.194	0.191	1.01	-0.20	-0.68	-3.95	0.60	1.96	45471	0.159	0.190	0.191	0.036	0.021	1.534
18.493	0.160	0.196	0.189	0.95	-0.17	-0.66	-3.63	-0.10	2.40	45571	0.160	0.191	0.188	0.036	0.022	1.534
18.504	0.159	0.196	0.187	0.91	-0.15	-0.63	-5.14	-1.00	1.69	45677	0.160	0.192	0.186	0.036	0.022	1.534
18.514	0.159	0.196	0.185	0.87	-0.13	-0.62	-3.66	-1.31	1.77	45730	0.160	0.192	0.184	0.036	0.022	1.535
18.524	0.160	0.196	0.183	0.84	-0.11	-0.60	-1.71	-2.26	2.11	45833	0.160	0.193	0.181	0.036	0.022	1.535
18.534	0.160	0.195	0.180	0.85	-0.09	-0.58	-0.50	-3.21	2.79	45933	0.161	0.193	0.179	0.036	0.023	1.535
18.543	0.160	0.196	0.178	0.85	-0.06	-0.56	0.87	-3.16	2.51	43932	0.161	0.194	0.177	0.036	0.023	1.535
18.554	0.160	0.194	0.177	0.89	-0.01	-0.53	0.59	-4.45	2.64	43780	0.161	0.194	0.175	0.036	0.023	1.535
18.564	0.159	0.194	0.175	0.91	0.05	-0.50	2.22	-4.02	2.96	43820	0.161	0.194	0.173	0.035	0.023	1.535
18.573	0.159	0.194	0.173	0.93	0.09	-0.47	1.80	-3.88	3.22	43883	0.161	0.194	0.171	0.035	0.023	1.535
18.583	0.160	0.194	0.171	0.95	0.12	-0.44	0.81	-2.97	3.31	43959	0.161	0.194	0.169	0.035	0.023	1.535
18.595	0.157	0.193	0.167	0.99	0.22	-0.40	-1.08	-2.61	2.54	44022	0.161	0.194	0.167	0.035	0.023	1.535
18.604	0.157	0.193	0.165	0.97	0.24	-0.37	-2.55	-0.98	2.16	44279	0.161	0.194	0.164	0.034	0.023	1.535
18.613	0.157	0.193	0.163	0.95	0.24	-0.35	-4.35	-0.41	2.19	44368	0.161	0.194	0.162	0.034	0.022	1.536
18.624	0.156	0.193	0.161	0.90	0.27	-0.33	-6.02	0.35	2.02	44457	0.161	0.194	0.160	0.034	0.022	1.536
18.633	0.156	0.192	0.160	0.85	0.25	-0.31	-6.78	2.69	1.94	44560	0.160	0.194	0.158	0.034	0.022	1.536
18.644	0.156	0.192	0.157	0.78	0.22	-0.29	-7.43	2.69	2.16	44504	0.160	0.194	0.155	0.033	0.022	1.536
18.652	0.156	0.193	0.155	0.69	0.21	-0.26	-8.37	3.89	2.79	44602	0.160	0.194	0.153	0.033	0.022	1.536
18.664	0.156	0.193	0.153	0.60	0.14	-0.24	-7.91	4.92	2.60	44676	0.160	0.194	0.151	0.033	0.022	1.536
18.674	0.156	0.192	0.151	0.52	0.11	-0.21	-8.02	4.30	2.93	44768	0.160	0.193	0.149	0.032	0.022	1.536
18.684	0.156	0.192	0.149	0.45	0.07	-0.18	-8.56	4.98	2.36	44865	0.160	0.193	0.147	0.032	0.022	1.537
18.693	0.157	0.193	0.146	0.33	-0.03	-0.16	-8.74	5.28	2.38	45026	0.159	0.193	0.145	0.032	0.022	1.537
18.704	0.157	0.193	0.144	0.25	-0.07	-0.13	-7.35	4.37	2.41	45111	0.159	0.193	0.143	0.032	0.022	1.537
18.712	0.156	0.193	0.142	0.18	-0.11	-0.11	-5.98	3.19	2.04	45200	0.159	0.193	0.141	0.032	0.022	1.537
18.724	0.156	0.192	0.138	0.13	-0.14	-0.09	-5.04	1.32	1.89	45269	0.159	0.193	0.138	0.031	0.022	1.537
18.734	0.156	0.192	0.136	0.09	-0.13	-0.07	-3.32	-0.59	1.59	45644	0.159	0.193	0.136	0.031	0.022	1.537
18.743	0.155	0.192	0.134	0.05	-0.09	-0.05	-2.37	-3.13	1.11	43661	0.159	0.193	0.134	0.031	0.022	1.537
18.753	0.155	0.192	0.132	0.03	-0.05	-0.04	-1.74	-3.36	0.94	43710	0.159	0.193	0.131	0.031	0.022	1.537
18.763	0.155	0.192	0.131	0.03	-0.02	-0.03	-0.13	-3.62	0.49	43758	0.159	0.193	0.129	0.030	0.022	1.537
18.773	0.155	0.191	0.129	0.06	-0.00	-0.03	0.97	-3.61	0.53	43535	0.159	0.192	0.127	0.030	0.022	1.537
18.783	0.155	0.191	0.127	0.07	0.05	-0.02	3.16	-2.41	0.99	43620	0.158	0.192	0.125	0.030	0.021	1.538
18.794	0.155	0.192	0.125	0.06	0.07	-0.01	4.16	-2.10	1.19	43713	0.158	0.192	0.123	0.030	0.021	1.538
18.804	0.154	0.193	0.123	0.01	0.16	0.01	5.33	-0.55	1.67	43811	0.158	0.192	0.121	0.029	0.021	1.538
18.813	0.154	0.193	0.120	0.05	0.12	0.02	5.15	-0.06	1.48	43910	0.158	0.192	0.119	0.029	0.022	1.538
18.824	0.154	0.193	0.118	0.10	0.11	0.03	3.82	1.91	1.47	44167	0.158	0.192	0.117	0.029	0.022	1.538
18.835	0.154	0.193	0.116	0.15	0.08	0.05	1.64	1.86	0.94	44283	0.157	0.192	0.114	0.029	0.022	1.538
18.843	0.154	0.193	0.114	0.18	0.07	0.06	0.50	1.71	0.73	44396	0.157	0.192	0.112	0.028	0.022	1.538
18.851	0.154	0.193	0.116	0.19	0.05	0.06	-1.95	1.70	0.25	44483	0.157	0.192	0.111	0.028	0.022	1.539
18.864	0.153	0.193	0.114	0.17	0.03	0.06	-2.82	1.11	0.03	43757	0.157	0.192	0.109	0.028	0.022	1.539
18.874	0.153	0.192	0.113	0.15	0.01	0.06	-4.37	2.42	-0.21	43835	0.157	0.192	0.107	0.027	0.022	1.540
18.884	0.153	0.192	0.111	0.11	-0.02	0.06	-5.80	3.10	0.04	43905	0.157	0.192	0.106	0.027	0.022	1.540
18.894	0.153	0.192	0.109	0.18	-0.08	0.06	-7.37	3.69	-0.30	43972	0.156	0.192	0.104	0.027	0.022	1.540
18.903	0.153	0.192	0.107	0.10	-0.13	0.06	-8.44	3.81	-0.22	44053	0.156	0.192	0.102	0.027	0.022	1.541
18.913	0.153	0.191	0.105	0.02	-0.17	0.05	-6.33	2.88	-0.41	44136	0.156	0.192	0.101	0.027	0.022	1.541
18.923	0.153	0.191	0.103	-0.06	-0.18	0.05	-5.75	1.32	-0.39	44221	0.156	0.192	0.099	0.026	0.022	1.541
18.934	0.153	0.191	0.101	-0.13	-0.18	0.05	-5.95	0.78	0.17	44281	0.156	0.192	0.097	0.026	0.021	1.542
18.944	0.153	0.191	0.100	-0.19	-0.19	0.05	-5.34	-0.20	0.70	44357	0.156	0.192	0.095	0.026	0.021	1.542
