t	x	y	z	roll	pitch	yaw	g_x	g_y	g_z	thrust	eso_x	eso_y	eso_z	dist_x	dist_y	dist_z
0.021	-0.099	-0.288	0.000	1.00	2.04	0.29	-0.01	-0.14	0.00	0	-0.099	-0.288	0.000	-0.000	0.000	0.000
0.031	-0.099	-0.287	0.000	0.97	2.05	0.29	0.00	-0.13	-0.06	0	-0.099	-0.288	-0.001	-0.000	0.000	0.000
0.042	-0.102	-0.283	0.000	0.77	2.19	0.27	-0.03	-0.14	0.03	0	-0.099	-0.287	-0.002	-0.000	0.000	0.000
0.052	-0.102	-0.282	-0.000	0.76	2.16	0.26	0.16	-0.18	-0.12	0	-0.099	-0.287	-0.004	-0.000	0.000	0.001
0.065	-0.101	-0.286	0.000	0.95	2.14	0.29	0.05	-0.24	-0.02	0	-0.100	-0.287	-0.007	-0.000	0.000	0.001
0.073	-0.101	-0.282	0.000	0.77	2.14	0.27	0.08	-0.04	0.08	0	-0.100	-0.286	-0.010	-0.000	0.001	0.002
0.083	-0.102	-0.282	0.000	0.74	2.14	0.26	-0.08	-0.05	0.01	0	-0.100	-0.285	-0.013	-0.001	0.001	0.003
0.094	-0.101	-0.283	0.000	0.82	2.09	0.27	-0.05	-0.11	0.02	0	-0.100	-0.285	-0.016	-0.001	0.001	0.004
0.104	-0.100	-0.278	0.000	0.61	2.04	0.24	-0.11	0.20	0.10	0	-0.100	-0.284	-0.020	-0.001	0.001	0.006
0.115	-0.102	-0.280	0.000	0.71	2.13	0.25	-0.18	-0.18	-0.03	0	-0.100	-0.284	-0.024	-0.001	0.001	0.007
0.125	-0.101	-0.282	0.000	0.82	2.08	0.27	-0.20	-0.10	-0.08	0	-0.100	-0.283	-0.028	-0.001	0.001	0.010
0.130	-0.101	-0.282	0.000	0.80	2.11	0.27	-0.07	0.12	-0.07	0	-0.101	-0.283	-0.032	-0.001	0.002	0.012
0.147	-0.101	-0.281	0.000	0.79	2.11	0.27	-0.08	-0.03	0.21	0	-0.101	-0.283	-0.036	-0.001	0.002	0.015
0.150	-0.100	-0.282	0.000	0.85	2.04	0.28	-0.01	-0.12	-0.13	0	-0.101	-0.283	-0.040	-0.001	0.002	0.018
0.160	-0.101	-0.282	0.000	0.85	2.10	0.28	0.00	-0.31	0.02	0	-0.101	-0.283	-0.045	-0.001	0.002	0.021
0.176	-0.100	-0.282	0.000	0.86	2.03	0.28	-0.17	-0.16	0.05	0	-0.101	-0.283	-0.049	-0.001	0.002	0.025
0.184	-0.100	-0.282	0.000	0.86	2.07	0.28	-0.16	-0.05	-0.17	0	-0.101	-0.282	-0.053	-0.001	0.002	0.029
0.195	-0.100	-0.281	0.000	0.82	2.06	0.27	0.03	0.16	0.27	0	-0.101	-0.282	-0.058	-0.001	0.002	0.033
0.202	-0.100	-0.283	0.000	0.90	2.07	0.29	0.10	0.12	-0.02	0	-0.101	-0.282	-0.062	-0.001	0.002	0.038
0.213	-0.101	-0.281	0.000	0.84	2.07	0.28	-0.03	-0.18	-0.21	0	-0.101	-0.282	-0.066	-0.001	0.002	0.043
0.222	-0.100	-0.282	0.000	0.86	2.06	0.28	0.17	-0.16	-0.17	0	-0.101	-0.282	-0.070	-0.001	0.002	0.049
0.233	-0.101	-0.281	0.000	0.86	2.11	0.27	-0.04	-0.21	0.16	0	-0.101	-0.282	-0.075	-0.001	0.002	0.054
0.243	-0.104	-0.277	0.000	0.67	2.21	0.23	0.02	-0.29	0.01	0	-0.101	-0.281	-0.079	-0.001	0.002	0.060
0.255	-0.104	-0.276	-0.000	0.65	2.22	0.23	0.24	-0.06	-0.20	0	-0.101	-0.281	-0.083	-0.001	0.002	0.067
0.261	-0.105	-0.276	-0.000	0.65	2.23	0.23	-0.07	-0.11	0.03	0	-0.102	-0.280	-0.087	-0.001	0.002	0.073
0.272	-0.104	-0.276	-0.000	0.67	2.18	0.23	0.07	0.13	-0.22	0	-0.102	-0.279	-0.091	-0.001	0.003	0.080
0.283	-0.105	-0.277	-0.000	0.71	2.22	0.23	0.14	0.02	0.12	0	-0.102	-0.279	-0.096	-0.001	0.003	0.087
0.292	-0.104	-0.277	0.000	0.74	2.16	0.25	0.08	-0.23	0.07	0	-0.103	-0.279	-0.100	-0.001	0.003	0.095
0.302	-0.104	-0.278	0.000	0.80	2.15	0.26	-0.11	0.05	-0.07	0	-0.103	-0.278	-0.104	-0.001	0.003	0.103
0.314	-0.104	-0.276	0.000	0.75	2.16	0.25	-0.06	-0.02	0.00	0	-0.103	-0.278	-0.108	-0.001	0.003	0.111
0.323	-0.104	-0.276	0.000	0.76	2.17	0.25	0.18	0.08	-0.03	0	-0.103	-0.278	-0.111	-0.001	0.003	0.119
0.333	-0.103	-0.276	0.000	0.77	2.12	0.26	0.01	-0.00	0.07	0	-0.103	-0.277	-0.115	-0.001	0.003	0.128
0.344	-0.103	-0.278	0.000	0.85	2.11	0.27	-0.00	0.00	0.00	0	-0.103	-0.277	-0.119	-0.001	0.003	0.137
0.354	-0.105	-0.276	0.000	0.79	2.18	0.25	0.05	-0.09	0.22	0	-0.103	-0.277	-0.123	-0.002	0.003	0.147
0.365	-0.105	-0.277	0.000	0.83	2.19	0.26	0.02	0.04	0.07	0	-0.104	-0.277	-0.127	-0.002	0.003	0.156
0.372	-0.107	-0.273	-0.000	0.65	2.27	0.22	-0.29	-0.04	0.00	0	-0.104	-0.276	-0.130	-0.002	0.003	0.166
0.383	-0.103	-0.271	-0.000	0.58	2.07	0.24	-0.01	-0.21	0.12	0	-0.104	-0.276	-0.134	-0.002	0.003	0.176
0.391	-0.102	-0.271	-0.000	0.60	2.05	0.24	0.14	-0.29	-0.25	0	-0.104	-0.275	-0.138	-0.002	0.004	0.187
0.401	-0.103	-0.269	-0.000	0.55	2.07	0.23	-0.04	-0.11	0.16	0	-0.104	-0.274	-0.141	-0.002	0.004	0.197
0.418	-0.102	-0.270	-0.000	0.62	2.05	0.25	-0.19	-0.23	0.02	0	-0.104	-0.273	-0.145	-0.001	0.004	0.208
0.424	-0.103	-0.269	-0.000	0.60	2.07	0.24	0.25	0.20	0.04	0	-0.104	-0.273	-0.148	-0.001	0.004	0.220
0.434	-0.103	-0.269	-0.000	0.61	2.07	0.24	-0.21	0.13	-0.04	0	-0.104	-0.272	-0.152	-0.001	0.004	0.231
0.445	-0.103	-0.270	0.000	0.66	2.07	0.25	0.15	0.13	0.14	0	-0.103	-0.272	-0.155	-0.001	0.005	0.243
0.454	-0.103	-0.269	0.000	0.66	2.07	0.25	-0.03	0.07	-0.00	0	-0.103	-0.271	-0.158	-0.001	0.005	0.255
0.466	-0.103	-0.270	0.000	0.71	2.07	0.26	0.14	-0.02	0.12	0	-0.103	-0.271	-0.162	-0.001	0.005	0.267
0.476	-0.103	-0.270	0.000	0.73	2.08	0.26	-0.11	-0.10	0.04	0	-0.103	-0.271	-0.165	-0.001	0.005	0.280
0.483	-0.103	-0.270	0.000	0.74	2.07	0.26	-0.09	0.14	-0.05	0	-0.103	-0.270	-0.168	-0.001	0.005	0.292
0.492	-0.103	-0.269	0.000	0.72	2.06	0.26	-0.10	-0.34	-0.12	0	-0.103	-0.270	-0.171	-0.001	0.005	0.305
0.502	-0.103	-0.268	0.000	0.72	2.06	0.26	-0.01	-0.08	-0.17	0	-0.103	-0.270	-0.174	-0.001	0.005	0.319
0.512	-0.103	-0.269	0.000	0.78	2.06	0.27	0.08	-0.10	0.10	0	-0.103	-0.269	-0.177	-0.001	0.005	0.332
0.522	-0.102	-0.270	0.000	0.83	2.05	0.28	0.21	-0.17	0.17	0	-0.103	-0.269	-0.180	-0.001	0.005	0.346
0.533	-0.103	-0.269	0.000	0.81	2.07	0.27	-0.20	0.11	-0.07	0	-0.103	-0.269	-0.183	-0.001	0.005	0.360
0.543	-0.109	-0.274	0.000	1.01	2.37	0.25	0.06	-0.14	0.13	0	-0.104	-0.269	-0.186	-0.001	0.005	0.374
0.554	-0.112	-0.277	-0.000	1.18	2.47	0.26	-0.07	-0.01	-0.02	0	-0.105	-0.270	-0.189	-0.002	0.004	0.388
0.564	-0.112	-0.277	-0.000	1.17	2.46	0.26	0.11	-0.06	-0.10	0	-0.106	-0.271	-0.192	-0.002	0.004	0.403
0.580	-0.113	-0.276	-0.000	1.13	2.47	0.25	-0.05	0.19	0.01	0	-0.107	-0.272	-0.195	-0.002	0.004	0.417
0.587	-0.110	-0.276	0.000	1.12	2.29	0.27	-0.01	-0.18	-0.09	0	-0.107	-0.272	-0.198	-0.003	0.004	0.432
0.595	-0.114	-0.276	0.000	1.11	2.48	0.25	-0.03	-0.18	0.01	0	-0.108	-0.272	-0.200	-0.003	0.003	0.448
0.604	-0.112	-0.280	0.000	1.28	2.37	0.27	0.15	-0.15	-0.12	0	-0.109	-0.273	-0.203	-0.003	0.003	0.463
0.617	-0.112	-0.279	0.000	1.20	2.36	0.27	-0.14	-0.08	-0.11	0	-0.109	-0.274	-0.206	-0.003	0.003	0.479
0.625	-0.113	-0.278	0.000	1.18	2.38	0.26	-0.06	-0.22	-0.18	0	-0.110	-0.274	-0.208	-0.003	0.003	0.495
0.635	-0.111	-0.278	0.000	1.17	2.28	0.27	0.11	0.06	0.14	0	-0.110	-0.275	-0.211	-0.003	0.002	0.511
0.641	-0.112	-0.280	0.000	1.24	2.29	0.27	-0.04	-0.48	0.19	0	-0.110	-0.275	-0.214	-0.003	0.002	0.527
0.654	-0.112	-0.280	0.000	1.23	2.30	0.27	-0.11	-0.06	0.06	0	-0.111	-0.276	-0.216	-0.004	0.002	0.543
0.663	-0.112	-0.279	0.000	1.14	2.28	0.27	-0.07	-0.09	-0.13	0	-0.111	-0.276	-0.218	-0.004	0.002	0.560
0.673	-0.114	-0.279	0.000	1.13	2.35	0.27	0.07	0.10	0.03	0	-0.111	-0.276	-0.221	-0.004	0.002	0.577
0.685	-0.112	-0.278	0.000	1.11	2.22	0.26	-0.01	0.07	0.09	0	-0.112	-0.277	-0.223	-0.004	0.002	0.593
0.693	-0.113	-0.279	0.000	1.15	2.27	0.27	0.04	-0.14	-0.05	0	-0.112	-0.277	-0.226	-0.004	0.001	0.611
0.704	-0.112	-0.279	0.000	1.14	2.22	0.26	0.04	-0.14	-0.22	0	-0.112	-0.277	-0.228	-0.004	0.001	0.628
0.713	-0.112	-0.280	0.000	1.14	2.22	0.26	-0.12	-0.34	0.14	0	-0.112	-0.277	-0.230	-0.004	0.001	0.645
0.718	-0.113	-0.276	0.000	0.98	2.22	0.25	0.01	-0.03	-0.07	0	-0.112	-0.277	-0.233	-0.004	0.001	0.663
0.734	-0.112	-0.277	0.000	1.02	2.20	0.25	-0.17	0.08	0.20	0	-0.112	-0.277	-0.235	-0.004	0.001	0.681
0.744	-0.113	-0.277	0.000	1.02	2.19	0.25	0.12	-0.26	-0.08	0	-0.113	-0.277	-0.237	-0.004	0.001	0.699
0.755	-0.113	-0.280	0.000	1.16	2.21	0.26	-0.01	-0.28	-0.11	0	-0.113	-0.277	-0.239	-0.004	0.001	0.717
0.765	-0.114	-0.280	0.000	1.12	2.24	0.26	-0.03	0.06	-0.08	0	-0.113	-0.278	-0.241	-0.004	0.001	0.735
0.774	-0.113	-0.281	0.000	1.17	2.20	0.26	-0.19	-0.28	-0.06	0	-0.113	-0.278	-0.243	-0.004	0.001	0.754
0.787	-0.113	-0.280	0.000	1.10	2.19	0.26	-0.08	-0.13	-0.01	0	-0.113	-0.278	-0.245	-0.004	0.001	0.772
0.792	-0.113	-0.281	0.000	1.13	2.18	0.26	0.17	-0.00	-0.12	0	-0.113	-0.278	-0.248	-0.004	0.001	0.791
0.803	-0.114	-0.280	0.000	1.07	2.20	0.25	-0.04	-0.04	-0.07	0	-0.114	-0.279	-0.250	-0.004	0.001	0.810
0.813	-0.114	-0.278	0.000	1.00	2.20	0.25	-0.01	-0.27	-0.10	0	-0.114	-0.278	-0.252	-0.004	0.001	0.829
0.825	-0.113	-0.278	0.000	1.00	2.15	0.24	0.02	-0.07	-0.04	0	-0.114	-0.278	-0.253	-0.004	0.001	0.848
0.833	-0.118	-0.279	-0.000	1.03	2.34	0.26	-0.13	-0.09	-0.10	0	-0.115	-0.278	-0.255	-0.004	0.001	0.868
0.844	-0.117	-0.278	-0.000	1.00	2.29	0.26	0.19	0.26	0.19	0	-0.115	-0.278	-0.257	-0.004	0.001	0.887
0.854	-0.117	-0.281	-0.000	1.11	2.27	0.26	-0.02	-0.14	-0.10	0	-0.115	-0.279	-0.259	-0.004	0.000	0.907
0.863	-0.118	-0.279	-0.000	1.01	2.31	0.26	0.01	-0.15	-0.04	0	-0.116	-0.279	-0.261	-0.004	0.000	0.927
0.875	-0.118	-0.280	0.000	1.05	2.26	0.26	-0.04	-0.20	-0.02	0	-0.116	-0.279	-0.263	-0.005	0.000	0.947
0.884	-0.118	-0.278	0.000	0.97	2.26	0.26	0.03	-0.16	0.05	0	-0.116	-0.279	-0.264	-0.005	0.000	0.967
0.891	-0.120	-0.278	-0.000	0.96	2.36	0.26	0.01	-0.01	0.01	0	-0.117	-0.278	-0.266	-0.005	0.000	0.987
0.902	-0.121	-0.278	-0.000	0.96	2.37	0.26	-0.11	-0.13	-0.09	0	-0.118	-0.278	-0.268	-0.005	0.000	1.007
0.912	-0.117	-0.279	0.000	0.99	2.18	0.25	-0.11	-0.17	-0.03	0	-0.118	-0.278	-0.269	-0.005	0.000	1.028
0.924	-0.117	-0.279	0.000	0.99	2.15	0.25	-0.10	0.00	0.22	0	-0.118	-0.278	-0.271	-0.005	0.000	1.048
0.933	-0.118	-0.278	0.000	0.96	2.20	0.25	-0.03	-0.10	-0.09	0	-0.118	-0.278	-0.273	-0.005	0.000	1.069
0.943	-0.118	-0.278	0.000	0.96	2.19	0.25	-0.20	0.06	0.02	0	-0.118	-0.278	-0.274	-0.005	0.000	1.090
0.954	-0.117	-0.278	0.000	0.95	2.16	0.25	0.05	-0.06	0.07	0	-0.118	-0.278	-0.276	-0.005	0.000	1.111
0.964	-0.119	-0.278	-0.000	0.96	2.21	0.25	0.25	0.06	0.03	0	-0.118	-0.278	-0.277	-0.005	0.000	1.132
0.974	-0.124	-0.276	-0.000	0.87	2.44	0.26	0.18	-0.12	-0.15	0	-0.119	-0.278	-0.279	-0.005	0.000	1.153
0.984	-0.125	-0.274	-0.000	0.79	2.45	0.25	-0.17	-0.29	0.06	0	-0.120	-0.277	-0.280	-0.005	0.001	1.174
0.995	-0.125	-0.275	-0.000	0.82	2.44	0.25	0.03	0.09	-0.23	0	-0.121	-0.277	-0.282	-0.006	0.001	1.195
1.005	-0.124	-0.275	-0.000	0.84	2.35	0.25	0.04	0.10	0.22	0	-0.121	-0.277	-0.283	-0.006	0.001	1.217
1.015	-0.124	-0.276	-0.000	0.88	2.33	0.25	0.04	0.01	-0.02	0	-0.122	-0.277	-0.284	-0.006	0.001	1.238
1.021	-0.124	-0.275	-0.000	0.83	2.31	0.25	-0.07	-0.20	-0.03	0	-0.122	-0.276	-0.286	-0.006	0.001	1.260
1.031	-0.122	-0.282	0.000	1.14	2.23	0.26	0.07	0.15	-0.04	0	-0.123	-0.277	-0.287	-0.006	0.001	1.282
1.042	-0.123	-0.281	0.000	1.10	2.24	0.26	-0.06	-0.24	-0.02	0	-0.123	-0.277	-0.288	-0.006	0.000	1.304
1.054	-0.122	-0.281	0.000	1.10	2.20	0.26	0.01	-0.26	0.18	0	-0.123	-0.278	-0.289	-0.006	0.000	1.326
1.062	-0.122	-0.281	0.000	1.08	2.20	0.26	0.01	-0.04	-0.14	0	-0.123	-0.278	-0.291	-0.006	0.000	1.348
1.075	-0.124	-0.283	0.000	1.15	2.25	0.26	0.05	0.10	-0.11	0	-0.123	-0.279	-0.292	-0.006	-0.000	1.370
1.085	-0.121	-0.282	0.000	1.08	2.12	0.25	0.07	-0.09	0.12	0	-0.123	-0.279	-0.293	-0.006	-0.000	1.392
1.096	-0.123	-0.282	0.000	1.07	2.20	0.26	0.17	-0.12	-0.06	0	-0.123	-0.279	-0.294	-0.006	-0.000	1.414
1.104	-0.123	-0.281	0.000	1.05	2.18	0.25	0.05	0.00	0.06	0	-0.124	-0.279	-0.295	-0.006	-0.000	1.437
1.115	-0.123	-0.281	0.000	1.03	2.15	0.25	0.02	0.08	-0.02	0	-0.124	-0.280	-0.296	-0.006	-0.000	1.459
1.125	-0.123	-0.282	0.000	1.05	2.16	0.25	-0.01	0.06	0.05	0	-0.124	-0.280	-0.297	-0.006	-0.001	1.482
1.130	-0.122	-0.282	0.000	1.05	2.08	0.25	0.13	-0.17	-0.03	0	-0.124	-0.280	-0.299	-0.005	-0.001	1.505
1.145	-0.122	-0.281	0.000	1.03	2.10	0.25	0.00	-0.21	0.22	0	-0.124	-0.280	-0.300	-0.005	-0.001	1.527
1.152	-0.122	-0.281	0.000	0.99	2.09	0.25	-0.24	0.29	-0.08	0	-0.124	-0.280	-0.301	-0.005	-0.001	1.550
1.162	-0.123	-0.281	0.000	1.01	2.13	0.25	0.09	-0.34	0.26	0	-0.124	-0.280	-0.302	-0.005	-0.001	1.573
1.172	-0.122	-0.283	0.000	1.06	2.05	0.25	0.05	-0.20	-0.13	0	-0.124	-0.281	-0.303	-0.005	-0.001	1.596
1.185	-0.122	-0.282	0.000	1.02	2.04	0.25	-0.01	-0.04	-0.09	0	-0.124	-0.281	-0.303	-0.005	-0.001	1.619
1.193	-0.123	-0.281	0.000	0.98	2.12	0.24	-0.13	-0.21	-0.08	0	-0.124	-0.281	-0.304	-0.005	-0.001	1.642
1.204	-0.122	-0.283	0.000	1.04	2.08	0.25	-0.04	0.04	0.08	0	-0.124	-0.281	-0.305	-0.005	-0.001	1.665
1.209	-0.123	-0.282	0.000	0.99	2.07	0.24	0.01	0.23	-0.19	0	-0.124	-0.281	-0.306	-0.005	-0.001	1.689
1.224	-0.123	-0.281	0.000	0.96	2.07	0.24	0.17	-0.02	0.02	0	-0.124	-0.281	-0.307	-0.005	-0.001	1.712
1.235	-0.123	-0.281	0.000	0.95	2.08	0.24	0.09	-0.22	-0.21	0	-0.124	-0.281	-0.308	-0.005	-0.001	1.735
1.240	-0.123	-0.281	0.000	0.95	2.08	0.24	-0.16	0.05	-0.14	0	-0.124	-0.281	-0.309	-0.005	-0.001	1.759
1.255	-0.123	-0.281	0.000	0.96	2.05	0.24	-0.02	-0.14	0.13	0	-0.124	-0.281	-0.309	-0.005	-0.001	1.782
1.261	-0.123	-0.281	0.000	0.96	2.08	0.24	0.25	-0.00	0.04	0	-0.124	-0.281	-0.310	-0.005	-0.001	1.806
1.276	-0.122	-0.283	0.000	1.02	2.02	0.25	-0.10	-0.06	0.02	0	-0.124	-0.281	-0.311	-0.004	-0.001	1.829
1.281	-0.122	-0.281	0.000	0.94	2.03	0.23	0.08	-0.07	-0.04	0	-0.124	-0.281	-0.312	-0.004	-0.001	1.853
1.291	-0.123	-0.284	0.000	1.06	2.06	0.25	-0.02	-0.02	0.15	0	-0.124	-0.281	-0.312	-0.004	-0.001	1.877
1.302	-0.122	-0.283	0.000	1.00	2.01	0.24	-0.09	-0.08	-0.09	0	-0.124	-0.282	-0.313	-0.004	-0.001	1.900
1.311	-0.122	-0.281	0.000	0.92	2.02	0.22	0.22	-0.02	-0.20	0	-0.124	-0.282	-0.314	-0.004	-0.001	1.924
1.322	-0.123	-0.281	0.000	0.91	2.07	0.22	0.08	-0.01	0.18	0	-0.124	-0.281	-0.314	-0.004	-0.001	1.948
1.332	-0.122	-0.280	0.000	0.86	1.98	0.21	0.03	-0.27	0.09	0	-0.124	-0.281	-0.315	-0.004	-0.001	1.972
1.347	-0.122	-0.282	0.000	0.95	1.98	0.23	0.17	-0.19	-0.04	0	-0.124	-0.281	-0.316	-0.004	-0.001	1.996
1.352	-0.123	-0.282	0.000	0.94	2.06	0.23	0.13	0.03	-0.06	0	-0.124	-0.281	-0.316	-0.004	-0.001	2.020
1.362	-0.123	-0.281	0.000	0.90	2.06	0.22	0.05	-0.09	-0.12	0	-0.124	-0.281	-0.317	-0.004	-0.001	2.044
1.373	-0.123	-0.281	0.000	0.90	2.04	0.22	0.13	-0.05	-0.04	0	-0.124	-0.281	-0.317	-0.004	-0.001	2.068
1.383	-0.121	-0.281	0.000	0.91	1.95	0.22	-0.03	-0.26	-0.03	0	-0.124	-0.281	-0.318	-0.004	-0.001	2.092
1.394	-0.122	-0.281	0.000	0.92	2.00	0.22	-0.10	-0.05	-0.24	0	-0.124	-0.281	-0.318	-0.004	-0.001	2.116
1.403	-0.122	-0.281	0.000	0.92	2.01	0.22	-0.08	0.13	0.15	0	-0.124	-0.281	-0.319	-0.003	-0.001	2.140
1.413	-0.123	-0.282	0.000	0.94	2.02	0.22	-0.01	-0.07	0.00	0	-0.124	-0.281	-0.319	-0.003	-0.001	2.165
1.424	-0.123	-0.286	0.000	1.13	2.02	0.27	-0.06	-0.12	0.02	0	-0.124	-0.282	-0.320	-0.003	-0.001	2.189
1.429	-0.122	-0.288	-0.000	1.21	1.99	0.29	-0.19	0.13	0.02	0	-0.124	-0.282	-0.320	-0.003	-0.002	2.213
1.445	-0.122	-0.288	-0.000	1.19	2.01	0.28	0.09	0.03	0.03	0	-0.124	-0.283	-0.321	-0.003	-0.002	2.237
1.450	-0.122	-0.288	-0.000	1.17	1.98	0.28	0.02	0.08	0.01	0	-0.124	-0.284	-0.321	-0.003	-0.002	2.262
1.463	-0.122	-0.288	-0.000	1.15	2.00	0.28	0.15	-0.18	0.02	0	-0.124	-0.284	-0.321	-0.003	-0.002	2.286
1.474	-0.122	-0.287	0.000	1.12	2.02	0.27	0.17	0.04	-0.03	0	-0.124	-0.285	-0.322	-0.003	-0.002	2.310
1.481	-0.122	-0.288	0.000	1.11	2.00	0.27	0.02	-0.21	-0.01	0	-0.124	-0.285	-0.322	-0.003	-0.003	2.335
1.492	-0.123	-0.288	-0.000	1.13	2.03	0.27	-0.12	-0.24	0.04	0	-0.124	-0.285	-0.322	-0.003	-0.003	2.359
1.503	-0.122	-0.287	0.000	1.08	2.00	0.26	-0.07	0.20	-0.01	0	-0.123	-0.286	-0.323	-0.003	-0.003	2.384
1.513	-0.121	-0.287	0.000	1.07	1.98	0.25	0.09	-0.07	0.06	0	-0.123	-0.286	-0.323	-0.003	-0.003	2.408
1.523	-0.122	-0.289	-0.000	1.12	2.00	0.27	-0.00	0.08	-0.09	0	-0.123	-0.286	-0.323	-0.003	-0.003	2.433
1.534	-0.122	-0.288	0.000	1.08	2.00	0.26	0.01	-0.17	0.09	0	-0.123	-0.287	-0.323	-0.002	-0.003	2.457
1.542	-0.122	-0.288	0.000	1.08	2.00	0.26	-0.10	0.05	0.06	0	-0.123	-0.287	-0.324	-0.002	-0.003	2.482
1.552	-0.121	-0.290	-0.000	1.14	1.97	0.27	0.06	-0.01	0.14	0	-0.123	-0.287	-0.324	-0.002	-0.003	2.507
1.565	-0.123	-0.288	0.000	1.02	2.04	0.24	-0.14	-0.12	-0.08	0	-0.123	-0.287	-0.324	-0.002	-0.003	2.531
1.572	-0.123	-0.288	0.000	1.03	2.04	0.25	-0.02	-0.23	0.21	0	-0.123	-0.288	-0.324	-0.002	-0.003	2.556
1.585	-0.122	-0.288	0.000	0.99	2.03	0.23	-0.11	-0.37	0.01	0	-0.123	-0.288	-0.325	-0.002	-0.003	2.580
1.595	-0.122	-0.288	0.000	0.99	2.04	0.23	0.01	-0.07	0.13	0	-0.123	-0.288	-0.325	-0.002	-0.003	2.605
1.601	-0.128	-0.284	0.000	0.82	2.29	0.19	-0.28	-0.17	-0.02	0	-0.124	-0.287	-0.325	-0.002	-0.003	2.630
1.612	-0.131	-0.281	-0.000	0.66	2.41	0.15	0.03	-0.04	-0.03	0	-0.125	-0.287	-0.325	-0.003	-0.003	2.654
1.622	-0.130	-0.280	-0.000	0.65	2.37	0.15	0.11	0.08	0.11	0	-0.126	-0.286	-0.325	-0.003	-0.003	2.679
1.634	-0.131	-0.280	-0.000	0.65	2.37	0.15	-0.11	-0.01	-0.18	0	-0.126	-0.285	-0.325	-0.003	-0.002	2.704
1.643	-0.127	-0.280	0.000	0.66	2.19	0.16	0.06	0.15	-0.11	0	-0.127	-0.284	-0.325	-0.003	-0.002	2.728
1.653	-0.127	-0.280	0.000	0.67	2.18	0.17	-0.15	-0.09	-0.10	0	-0.127	-0.284	-0.325	-0.003	-0.002	2.753
1.664	-0.125	-0.283	0.000	0.82	2.06	0.21	0.05	-0.10	-0.02	0	-0.127	-0.284	-0.325	-0.003	-0.002	2.778
1.674	-0.124	-0.283	0.000	0.84	2.02	0.21	0.02	-0.05	-0.07	0	-0.127	-0.284	-0.325	-0.003	-0.002	2.802
1.685	-0.124	-0.283	0.000	0.84	2.02	0.21	-0.06	-0.05	0.32	0	-0.126	-0.284	-0.325	-0.003	-0.002	2.827
1.690	-0.124	-0.280	0.000	0.69	2.02	0.19	-0.04	0.01	-0.25	0	-0.126	-0.283	-0.325	-0.003	-0.002	2.852
1.707	-0.126	-0.279	0.000	0.65	2.10	0.17	0.06	0.21	0.18	0	-0.126	-0.283	-0.325	-0.003	-0.002	2.877
1.714	-0.125	-0.281	0.000	0.77	2.06	0.19	0.07	-0.07	0.00	0	-0.126	-0.282	-0.325	-0.003	-0.001	2.901
1.720	-0.125	-0.285	0.000	0.95	2.06	0.23	-0.05	-0.24	0.04	0	-0.126	-0.283	-0.325	-0.002	-0.002	2.926
1.733	-0.124	-0.284	0.000	0.91	2.01	0.23	-0.14	-0.12	0.04	0	-0.126	-0.283	-0.325	-0.002	-0.002	2.951
1.741	-0.125	-0.286	0.000	0.98	2.05	0.24	0.07	-0.07	-0.07	0	-0.126	-0.283	-0.325	-0.002	-0.002	2.975
1.752	-0.125	-0.286	0.000	0.99	2.08	0.23	-0.12	-0.02	0.01	0	-0.126	-0.284	-0.325	-0.002	-0.002	3.000
1.762	-0.124	-0.286	0.000	0.97	2.04	0.24	-0.06	-0.06	-0.14	0	-0.126	-0.284	-0.325	-0.002	-0.002	3.025
1.773	-0.125	-0.284	0.000	0.89	2.05	0.22	-0.18	-0.09	-0.07	0	-0.126	-0.284	-0.325	-0.002	-0.002	3.049
1.785	-0.128	-0.278	0.000	0.62	2.20	0.15	-0.16	0.03	-0.02	0	-0.126	-0.283	-0.325	-0.002	-0.002	3.074
1.794	-0.128	-0.279	0.000	0.67	2.19	0.16	-0.10	0.07	-0.15	0	-0.127	-0.283	-0.325	-0.002	-0.002	3.099
1.804	-0.128	-0.279	0.000	0.69	2.19	0.16	0.05	-0.07	0.08	0	-0.127	-0.282	-0.325	-0.002	-0.001	3.123
1.809	-0.128	-0.279	0.000	0.70	2.17	0.16	0.05	-0.25	-0.14	0	-0.127	-0.282	-0.325	-0.002	-0.001	3.148
1.825	-0.129	-0.279	0.000	0.71	2.21	0.16	0.10	-0.11	-0.13	0	-0.128	-0.281	-0.324	-0.002	-0.001	3.173
1.830	-0.128	-0.279	0.000	0.72	2.15	0.17	0.10	-0.22	0.01	0	-0.128	-0.281	-0.324	-0.002	-0.001	3.197
1.848	-0.129	-0.279	0.000	0.70	2.19	0.16	-0.05	-0.10	-0.05	0	-0.128	-0.281	-0.324	-0.002	-0.001	3.222
1.851	-0.129	-0.278	0.000	0.70	2.19	0.16	0.08	-0.10	-0.13	0	-0.128	-0.280	-0.324	-0.002	-0.001	3.246
1.861	-0.129	-0.279	0.000	0.74	2.21	0.16	-0.08	0.16	-0.06	0	-0.129	-0.280	-0.324	-0.002	-0.001	3.271
1.873	-0.129	-0.279	0.000	0.75	2.19	0.16	-0.10	-0.24	0.07	0	-0.129	-0.280	-0.324	-0.002	-0.001	3.296
1.885	-0.128	-0.278	0.000	0.73	2.12	0.17	0.20	-0.23	-0.01	0	-0.129	-0.280	-0.323	-0.002	-0.001	3.320
1.892	-0.129	-0.279	0.000	0.77	2.15	0.17	-0.19	-0.17	-0.18	0	-0.129	-0.280	-0.323	-0.002	-0.001	3.345
1.903	-0.129	-0.277	0.000	0.69	2.16	0.16	-0.24	-0.08	-0.11	0	-0.129	-0.279	-0.323	-0.002	-0.000	3.369
1.913	-0.129	-0.281	0.000	0.89	2.16	0.18	-0.06	-0.11	-0.08	0	-0.129	-0.279	-0.323	-0.002	-0.001	3.394
1.923	-0.129	-0.282	0.000	0.93	2.16	0.19	-0.08	-0.10	-0.08	0	-0.129	-0.280	-0.322	-0.002	-0.001	3.418
1.934	-0.130	-0.279	0.000	0.80	2.19	0.16	-0.15	-0.23	-0.09	0	-0.130	-0.280	-0.322	-0.002	-0.001	3.443
1.944	-0.129	-0.280	0.000	0.86	2.15	0.18	0.26	-0.09	-0.08	0	-0.130	-0.280	-0.322	-0.002	-0.001	3.467
1.948	-0.130	-0.282	0.000	0.93	2.18	0.18	0.05	-0.10	0.02	0	-0.130	-0.280	-0.322	-0.002	-0.001	3.491
1.964	-0.129	-0.282	0.000	0.93	2.15	0.19	0.10	0.03	0.03	0	-0.130	-0.280	-0.321	-0.002	-0.001	3.516
1.971	-0.129	-0.281	0.000	0.87	2.12	0.18	0.08	0.04	-0.06	0	-0.130	-0.280	-0.321	-0.002	-0.001	3.540
1.985	-0.129	-0.282	0.000	0.94	2.12	0.19	-0.15	-0.06	-0.30	0	-0.130	-0.280	-0.321	-0.002	-0.001	3.565
1.995	-0.128	-0.282	0.000	0.95	2.10	0.20	0.05	0.04	0.02	0	-0.130	-0.281	-0.321	-0.002	-0.001	3.589
2.000	-0.129	-0.282	0.000	0.95	2.12	0.19	-0.17	-0.19	-0.16	0	-0.130	-0.281	-0.320	-0.002	-0.001	3.613
2.012	-0.130	-0.281	0.000	0.88	2.16	0.18	0.01	-0.10	-0.05	0	-0.130	-0.281	-0.320	-0.002	-0.001	3.637
2.024	-0.127	-0.283	0.000	0.98	2.03	0.21	0.02	0.03	0.11	0	-0.130	-0.281	-0.320	-0.002	-0.001	3.662
2.032	-0.129	-0.282	0.000	0.94	2.10	0.19	0.20	-0.10	-0.09	0	-0.130	-0.281	-0.319	-0.002	-0.001	3.686
2.042	-0.129	-0.278	0.000	0.76	2.12	0.17	0.01	-0.08	0.17	0	-0.130	-0.281	-0.319	-0.002	-0.001	3.710
2.052	-0.129	-0.282	0.000	0.94	2.11	0.19	0.13	0.11	-0.05	0	-0.130	-0.281	-0.318	-0.002	-0.001	3.734
2.063	-0.129	-0.282	0.000	0.92	2.12	0.19	0.13	0.14	0.06	0	-0.130	-0.281	-0.318	-0.002	-0.001	3.758
2.074	-0.130	-0.282	0.000	0.93	2.14	0.18	-0.03	-0.15	0.09	0	-0.130	-0.281	-0.318	-0.002	-0.001	3.783
2.085	-0.130	-0.278	0.000	0.77	2.14	0.16	0.32	0.00	0.01	0	-0.130	-0.281	-0.317	-0.002	-0.001	3.807
2.092	-0.131	-0.278	0.000	0.77	2.17	0.16	0.04	-0.07	-0.05	0	-0.130	-0.280	-0.317	-0.002	-0.001	3.831
2.103	-0.133	-0.282	0.000	0.96	2.27	0.17	-0.28	0.01	-0.09	0	-0.131	-0.281	-0.316	-0.002	-0.001	3.855
2.113	-0.134	-0.282	0.000	0.95	2.30	0.16	0.18	-0.03	-0.06	0	-0.131	-0.281	-0.316	-0.002	-0.001	3.879
2.123	-0.134	-0.283	0.000	0.99	2.28	0.17	0.04	0.10	0.05	0	-0.132	-0.281	-0.316	-0.002	-0.001	3.903
2.134	-0.137	-0.284	-0.000	1.05	2.42	0.15	0.06	-0.06	0.02	0	-0.133	-0.281	-0.315	-0.002	-0.002	3.927
2.143	-0.138	-0.285	-0.000	1.06	2.45	0.15	-0.04	-0.03	0.03	0	-0.134	-0.282	-0.315	-0.003	-0.002	3.950
2.153	-0.138	-0.285	-0.000	1.05	2.40	0.16	0.07	0.08	0.19	0	-0.134	-0.282	-0.314	-0.003	-0.002	3.974
2.163	0.000	0.000	0.000	0.00	0.00	0.00	-0.01	0.05	0.06	0	-0.118	-0.248	-0.314	0.003	0.011	3.998
2.171	0.000	0.000	-0.000	-0.08	-0.02	-0.00	-0.02	-0.11	-0.06	0	-0.104	-0.217	-0.313	0.009	0.022	4.022
2.182	-0.000	0.000	0.000	-0.14	0.19	0.00	-0.03	0.03	-0.00	0	-0.091	-0.190	-0.313	0.013	0.031	4.046
2.194	-0.000	0.001	0.000	-0.10	0.19	0.00	-0.17	-0.22	0.04	0	-0.080	-0.166	-0.312	0.017	0.040	4.069
2.203	-0.000	0.001	0.000	-0.02	0.19	0.00	-0.04	0.01	0.01	0	-0.070	-0.144	-0.312	0.021	0.047	4.093
2.208	-0.000	0.002	-0.000	-0.47	0.20	0.00	-0.09	0.12	-0.18	0	-0.061	-0.125	-0.312	0.024	0.054	4.117
2.224	-0.000	0.002	0.000	-0.30	0.34	0.00	0.01	-0.10	-0.06	0	-0.053	-0.108	-0.311	0.027	0.059	4.140
2.229	-0.001	0.002	0.000	-0.29	0.50	0.00	-0.09	0.04	-0.09	0	-0.046	-0.092	-0.310	0.029	0.064	4.164
2.239	-0.001	0.003	-0.000	-0.32	0.54	0.00	-0.04	-0.12	-0.15	0	-0.040	-0.079	-0.310	0.031	0.068	4.187
2.249	-0.001	0.003	0.000	-0.12	0.54	0.00	0.04	-0.06	0.07	0	-0.035	-0.067	-0.309	0.033	0.072	4.211
2.263	0.001	0.005	-0.000	-0.87	-0.24	0.00	-0.03	0.11	-0.02	0	-0.029	-0.056	-0.309	0.034	0.075	4.234
2.271	0.001	0.004	0.000	-0.25	-0.09	0.00	0.05	-0.01	0.22	0	-0.025	-0.046	-0.308	0.036	0.078	4.258
2.282	0.001	0.005	0.000	-0.28	0.05	0.01	0.17	-0.16	0.13	0	-0.021	-0.037	-0.308	0.037	0.080	4.281
2.291	0.001	0.004	0.000	0.32	0.45	0.00	-0.00	-0.17	0.12	0	-0.018	-0.030	-0.307	0.038	0.081	4.304
2.305	-0.001	0.006	0.000	-0.30	1.07	0.01	0.14	-0.13	0.30	0	-0.015	-0.023	-0.307	0.038	0.083	4.328
2.311	-0.000	0.005	0.000	0.11	0.87	0.00	0.14	-0.07	0.05	0	-0.012	-0.017	-0.306	0.039	0.084	4.351
2.323	0.001	0.003	0.000	0.97	0.51	-0.00	0.05	-0.14	-0.01	0	-0.009	-0.012	-0.305	0.039	0.085	4.374
2.331	0.000	0.004	0.001	0.80	0.74	-0.00	0.05	-0.24	-0.04	0	-0.007	-0.008	-0.305	0.040	0.085	4.397
2.342	0.002	0.007	0.000	0.07	0.30	0.00	-0.07	-0.15	0.12	0	-0.005	-0.003	-0.304	0.040	0.086	4.420
2.352	0.002	0.008	0.000	-0.06	0.42	0.00	-0.18	-0.06	-0.05	0	-0.003	0.001	-0.304	0.040	0.086	4.443
2.363	0.001	0.008	0.000	-0.02	0.76	0.00	0.10	0.13	0.05	0	-0.002	0.004	-0.303	0.041	0.086	4.466
2.372	0.002	0.008	0.000	0.01	0.73	0.00	0.02	0.33	0.07	0	-0.000	0.007	-0.302	0.041	0.086	4.489
2.382	0.003	0.008	0.000	0.32	0.53	0.00	0.23	-0.01	0.26	0	0.001	0.010	-0.302	0.041	0.086	4.512
2.393	0.004	0.012	0.000	-0.47	0.37	0.01	0.16	-0.30	0.05	0	0.002	0.013	-0.301	0.041	0.086	4.535
2.403	0.005	0.015	-0.000	-1.04	0.32	0.01	0.01	-0.23	-0.20	0	0.004	0.016	-0.301	0.041	0.086	4.558
2.413	0.006	0.017	-0.000	-1.04	0.32	0.01	-0.05	0.00	0.02	0	0.005	0.019	-0.300	0.041	0.086	4.581
2.418	0.006	0.018	-0.000	-1.04	0.32	0.01	-0.10	0.01	-0.07	0	0.006	0.022	-0.300	0.041	0.086	4.603
2.428	0.006	0.020	-0.000	-1.28	0.56	0.02	0.04	-0.06	0.07	0	0.007	0.024	-0.299	0.041	0.086	4.626
2.440	0.006	0.018	0.000	-0.57	0.55	0.01	-0.10	-0.09	-0.06	0	0.008	0.026	-0.298	0.041	0.085	4.649
2.454	0.004	0.021	-0.000	-1.00	1.02	0.02	0.03	0.01	-0.00	0	0.009	0.028	-0.298	0.041	0.085	4.671
2.460	0.006	0.020	0.000	-0.56	0.78	0.01	-0.04	-0.10	0.06	0	0.009	0.030	-0.297	0.040	0.084	4.694
2.470	0.002	0.020	0.000	-0.51	1.43	0.01	0.12	0.07	-0.12	0	0.010	0.032	-0.296	0.040	0.084	4.716
2.483	0.001	0.019	0.001	-0.10	1.70	-0.00	-0.03	-0.43	-0.18	0	0.010	0.033	-0.296	0.040	0.083	4.739
2.491	0.002	0.017	0.001	0.35	1.53	-0.01	-0.08	-0.10	-0.09	0	0.010	0.033	-0.295	0.039	0.082	4.761
2.502	0.002	0.016	0.001	0.49	1.57	-0.01	-0.03	0.02	-0.18	0	0.010	0.034	-0.294	0.039	0.081	4.784
2.513	0.003	0.016	0.001	0.58	1.46	-0.02	-0.02	-0.09	0.01	0	0.010	0.034	-0.293	0.038	0.080	4.806
2.522	0.000	0.016	0.001	0.59	1.83	-0.02	-0.01	-0.22	-0.11	0	0.010	0.035	-0.293	0.038	0.079	4.828
2.533	0.003	0.016	0.001	0.67	1.52	-0.02	-0.02	-0.38	-0.11	0	0.010	0.035	-0.292	0.038	0.079	4.850
2.542	0.002	0.017	0.001	0.68	1.68	-0.02	0.04	0.14	-0.03	0	0.010	0.035	-0.291	0.037	0.078	4.872
2.553	0.001	0.015	0.001	0.93	1.79	-0.03	-0.13	-0.35	0.04	0	0.010	0.035	-0.291	0.037	0.077	4.895
2.563	0.003	0.017	0.000	0.74	1.56	-0.02	0.02	-0.21	-0.18	0	0.010	0.036	-0.290	0.036	0.076	4.917
2.572	-0.001	0.015	0.000	1.06	2.04	-0.04	0.15	0.13	-0.12	0	0.010	0.036	-0.289	0.036	0.075	4.939
2.582	0.002	0.014	0.001	1.09	1.77	-0.04	-0.16	-0.03	-0.04	0	0.010	0.035	-0.289	0.035	0.073	4.960
2.594	0.002	0.014	0.001	1.14	1.71	-0.04	0.14	0.03	-0.07	0	0.010	0.035	-0.288	0.035	0.072	4.982
2.602	0.003	0.015	0.000	1.09	1.71	-0.04	-0.04	0.08	0.04	0	0.010	0.035	-0.287	0.035	0.071	5.004
2.609	0.001	0.014	0.000	1.22	1.85	-0.04	0.01	-0.02	-0.15	0	0.010	0.035	-0.286	0.034	0.070	5.026
2.620	0.002	0.014	0.000	1.21	1.82	-0.04	0.13	-0.03	0.13	0	0.010	0.035	-0.286	0.034	0.069	5.048
2.630	0.002	0.015	0.000	1.13	1.84	-0.04	-0.14	-0.16	0.05	0	0.010	0.035	-0.285	0.033	0.068	5.069
2.643	0.002	0.016	0.000	1.05	1.83	-0.04	-0.21	-0.40	0.06	0	0.010	0.035	-0.284	0.033	0.067	5.091
2.653	0.001	0.012	0.000	1.39	1.96	-0.05	-0.05	0.16	0.05	0	0.010	0.034	-0.284	0.033	0.066	5.112
2.661	0.002	0.015	0.000	1.13	1.81	-0.04	-0.03	-0.11	-0.04	0	0.010	0.034	-0.283	0.032	0.065	5.134
2.674	0.001	0.015	0.000	1.17	1.94	-0.04	0.03	-0.27	0.07	0	0.010	0.034	-0.282	0.032	0.064	5.155
2.682	0.001	0.016	0.000	1.12	1.93	-0.04	0.14	-0.27	-0.23	0	0.010	0.034	-0.282	0.031	0.063	5.177
2.693	0.002	0.015	0.000	1.24	1.86	-0.05	0.03	0.04	-0.00	0	0.010	0.034	-0.281	0.031	0.062	5.198
2.703	-0.001	0.010	0.000	1.62	2.15	-0.07	0.03	-0.21	-0.03	0	0.009	0.033	-0.280	0.030	0.061	5.219
2.708	-0.001	0.005	-0.000	2.01	2.10	-0.09	-0.16	0.02	0.03	0	0.009	0.032	-0.280	0.030	0.060	5.240
2.718	0.001	0.005	-0.000	1.90	2.01	-0.09	-0.09	-0.22	-0.04	0	0.009	0.031	-0.279	0.030	0.059	5.262
2.731	0.001	0.007	0.000	1.76	2.01	-0.08	0.10	0.17	-0.03	0	0.009	0.030	-0.278	0.029	0.057	5.283
2.739	-0.001	0.006	0.000	1.78	2.16	-0.07	-0.06	0.20	0.10	0	0.008	0.029	-0.277	0.029	0.056	5.304
2.750	-0.001	0.006	-0.000	1.78	2.12	-0.07	-0.22	-0.19	-0.06	0	0.008	0.028	-0.277	0.028	0.055	5.325
2.760	-0.001	0.006	0.000	1.72	2.10	-0.07	0.20	-0.16	-0.20	0	0.008	0.027	-0.276	0.028	0.054	5.346
2.771	-0.001	0.006	-0.000	1.70	2.10	-0.07	-0.10	0.03	-0.04	0	0.008	0.027	-0.275	0.027	0.053	5.367
2.783	-0.001	0.005	-0.000	1.70	2.15	-0.07	-0.05	-0.04	0.09	0	0.007	0.026	-0.274	0.027	0.052	5.387
2.791	-0.002	0.002	-0.000	1.92	2.23	-0.08	-0.18	-0.22	0.16	0	0.007	0.025	-0.274	0.026	0.051	5.408
2.802	-0.002	0.002	-0.000	1.86	2.17	-0.08	0.11	0.13	0.03	0	0.007	0.024	-0.273	0.026	0.050	5.429
2.812	-0.002	-0.001	-0.000	2.04	2.20	-0.09	0.01	-0.18	-0.03	0	0.007	0.023	-0.272	0.025	0.048	5.449
2.822	-0.002	-0.000	-0.000	1.93	2.19	-0.08	-0.00	-0.02	0.18	0	0.006	0.022	-0.272	0.025	0.047	5.470
2.832	-0.008	-0.000	-0.000	1.89	2.53	-0.06	-0.16	-0.04	0.20	0	0.005	0.021	-0.271	0.024	0.046	5.491
2.839	-0.008	-0.001	-0.000	1.89	2.53	-0.06	-0.31	-0.18	0.12	0	0.005	0.020	-0.270	0.024	0.045	5.511
2.853	-0.008	-0.000	-0.000	1.79	2.51	-0.05	-0.06	-0.03	-0.09	0	0.004	0.019	-0.269	0.023	0.044	5.531
2.859	-0.008	0.000	-0.000	1.72	2.48	-0.05	-0.05	0.14	-0.05	0	0.003	0.018	-0.268	0.023	0.043	5.552
2.870	-0.008	-0.001	-0.000	1.76	2.44	-0.05	0.10	-0.00	0.24	0	0.003	0.018	-0.268	0.022	0.042	5.572
2.879	-0.013	0.004	0.000	1.40	2.73	0.00	-0.09	-0.11	-0.01	0	0.001	0.018	-0.267	0.021	0.042	5.592
2.895	-0.006	-0.004	0.001	1.90	2.30	-0.08	-0.18	-0.24	0.22	0	0.001	0.017	-0.266	0.021	0.041	5.613
2.901	-0.006	-0.004	0.001	1.80	2.28	-0.07	0.28	0.10	0.14	0	0.001	0.016	-0.265	0.021	0.040	5.633
2.910	-0.006	-0.005	0.000	1.85	2.24	-0.07	0.26	-0.05	0.14	0	0.001	0.015	-0.264	0.020	0.039	5.653
2.921	-0.006	-0.004	0.001	1.71	2.26	-0.06	0.20	-0.10	0.04	0	0.001	0.014	-0.263	0.020	0.038	5.673
2.931	-0.006	-0.003	0.001	1.66	2.23	-0.06	0.01	-0.04	-0.15	0	0.001	0.014	-0.263	0.020	0.037	5.693
2.942	-0.005	-0.004	0.001	1.64	2.18	-0.06	-0.12	-0.10	-0.01	0	0.001	0.013	-0.262	0.019	0.036	5.713
2.952	-0.006	-0.005	0.000	1.67	2.20	-0.06	0.04	-0.01	0.15	0	0.000	0.012	-0.261	0.019	0.035	5.733
2.962	-0.007	-0.003	0.001	1.55	2.28	-0.04	0.05	-0.14	-0.06	0	0.000	0.012	-0.260	0.019	0.034	5.752
2.972	-0.006	-0.003	0.001	1.49	2.20	-0.04	-0.14	-0.34	-0.23	0	0.000	0.012	-0.259	0.018	0.034	5.772
2.982	-0.006	-0.004	0.001	1.53	2.21	-0.05	0.14	0.14	-0.17	0	-0.000	0.011	-0.258	0.018	0.033	5.792
2.993	-0.005	-0.004	0.001	1.50	2.15	-0.05	0.07	-0.27	-0.09	0	-0.000	0.011	-0.258	0.018	0.032	5.811
3.003	-0.006	-0.003	0.000	1.43	2.19	-0.04	0.18	-0.32	-0.22	0	-0.000	0.010	-0.257	0.017	0.031	5.831
3.009	-0.006	-0.004	0.000	1.46	2.18	-0.04	0.02	-0.16	-0.16	0	-0.000	0.010	-0.256	0.017	0.031	5.850
3.024	-0.006	-0.003	0.000	1.40	2.17	-0.04	-0.13	0.03	-0.05	0	-0.000	0.010	-0.255	0.017	0.030	5.870
3.032	-0.006	-0.002	0.001	1.31	2.19	-0.03	-0.03	-0.09	0.02	0	-0.000	0.010	-0.254	0.017	0.029	5.889
3.044	-0.006	-0.003	0.000	1.31	2.19	-0.03	0.01	-0.26	-0.20	0	-0.001	0.010	-0.254	0.016	0.029	5.908
3.052	-0.007	-0.004	0.000	1.37	2.25	-0.03	-0.13	-0.18	0.24	0	-0.001	0.009	-0.253	0.016	0.028	5.927
3.063	-0.005	-0.004	0.000	1.32	2.10	-0.04	0.05	-0.09	-0.11	0	-0.001	0.009	-0.252	0.016	0.027	5.947
3.070	-0.005	-0.004	0.000	1.33	2.14	-0.03	-0.15	0.08	0.06	0	-0.001	0.009	-0.251	0.016	0.027	5.966
3.080	-0.005	-0.003	0.000	1.26	2.13	-0.03	0.06	-0.08	-0.03	0	-0.001	0.009	-0.250	0.015	0.026	5.985
3.091	-0.005	-0.006	0.000	1.37	2.09	-0.04	0.11	0.01	0.00	0	-0.001	0.008	-0.250	0.015	0.025	6.004
3.101	-0.006	-0.004	0.000	1.27	2.15	-0.03	-0.08	-0.18	-0.15	0	-0.001	0.008	-0.249	0.015	0.025	6.023
3.113	-0.007	-0.004	0.000	1.22	2.19	-0.02	0.06	0.04	-0.15	0	-0.001	0.008	-0.248	0.015	0.024	6.041
3.124	-0.006	-0.004	0.000	1.19	2.14	-0.02	0.12	-0.08	-0.08	0	-0.001	0.008	-0.247	0.014	0.024	6.060
3.129	-0.007	-0.003	0.000	1.18	2.19	-0.01	-0.12	-0.09	-0.06	0	-0.001	0.007	-0.246	0.014	0.023	6.079
3.140	-0.005	-0.003	0.000	1.12	2.11	-0.01	0.06	-0.11	-0.26	0	-0.001	0.007	-0.246	0.014	0.023	6.098
3.151	-0.007	-0.002	0.000	1.08	2.17	-0.01	0.00	0.04	0.08	0	-0.001	0.007	-0.245	0.013	0.022	6.116
3.157	-0.005	-0.002	0.000	1.07	2.11	-0.01	0.17	-0.09	0.22	0	-0.001	0.008	-0.244	0.013	0.022	6.135
3.168	-0.005	-0.003	0.000	1.13	2.08	-0.01	-0.00	0.06	-0.13	0	-0.001	0.007	-0.243	0.013	0.021	6.153
3.179	-0.005	-0.002	0.000	1.04	2.07	-0.01	0.01	-0.10	0.04	0	-0.001	0.007	-0.242	0.013	0.021	6.172
3.190	-0.005	-0.004	0.000	1.13	2.11	-0.01	-0.10	0.10	0.01	0	-0.001	0.007	-0.242	0.013	0.020	6.190
3.201	-0.005	-0.003	0.000	1.07	2.10	-0.01	-0.10	-0.01	-0.01	0	-0.001	0.007	-0.241	0.013	0.020	6.208
3.208	-0.005	-0.004	0.000	1.10	2.10	-0.01	-0.09	-0.08	0.27	0	-0.001	0.007	-0.240	0.012	0.019	6.226
3.218	-0.006	-0.003	0.000	1.06	2.11	-0.01	0.03	-0.08	-0.04	0	-0.001	0.007	-0.239	0.012	0.018	6.245
3.230	-0.006	-0.003	0.000	1.06	2.11	-0.01	-0.21	-0.33	0.01	0	-0.001	0.007	-0.238	0.012	0.018	6.263
3.241	-0.006	-0.004	0.000	1.07	2.12	-0.01	0.04	0.04	-0.03	0	-0.001	0.007	-0.238	0.012	0.017	6.281
3.251	-0.007	-0.003	0.000	1.04	2.17	-0.00	-0.09	-0.18	-0.20	0	-0.002	0.007	-0.237	0.011	0.017	6.299
3.257	-0.005	-0.003	0.000	1.01	2.06	-0.01	-0.03	0.04	-0.01	0	-0.002	0.007	-0.236	0.011	0.016	6.317
3.268	0.000	0.001	0.000	0.85	1.85	0.00	0.08	0.08	0.04	0	-0.001	0.007	-0.235	0.011	0.016	6.334
3.280	0.001	-0.000	0.000	0.90	1.82	-0.00	-0.09	-0.21	0.03	0	-0.000	0.007	-0.234	0.011	0.016	6.352
3.292	-0.001	-0.000	0.000	0.90	1.92	-0.00	-0.05	-0.17	0.05	0	0.000	0.007	-0.234	0.011	0.015	6.370
3.298	-0.001	-0.000	0.000	0.90	1.94	-0.00	0.09	-0.00	0.21	0	0.000	0.007	-0.233	0.011	0.015	6.388
3.309	-0.001	0.001	0.000	0.83	1.94	0.00	0.18	-0.04	-0.01	0	0.001	0.008	-0.232	0.011	0.015	6.405
3.320	-0.001	0.002	0.000	0.80	1.96	0.01	-0.09	-0.47	-0.19	0	0.001	0.008	-0.231	0.011	0.014	6.423
3.332	-0.001	-0.003	0.000	1.03	1.96	-0.01	0.14	-0.16	-0.17	0	0.001	0.008	-0.230	0.011	0.014	6.440
3.337	-0.001	-0.002	0.000	0.97	1.97	-0.01	-0.07	-0.00	-0.07	0	0.001	0.008	-0.229	0.011	0.013	6.458
3.348	-0.001	-0.002	0.000	0.98	1.99	-0.01	-0.28	-0.21	-0.12	0	0.001	0.007	-0.229	0.011	0.013	6.475
3.359	-0.000	-0.008	0.000	1.22	1.96	-0.02	-0.14	-0.01	0.05	0	0.002	0.006	-0.228	0.011	0.012	6.492
3.371	0.000	-0.015	-0.000	1.51	1.95	-0.04	-0.09	-0.11	0.02	0	0.002	0.005	-0.227	0.010	0.011	6.509
3.379	0.001	-0.014	-0.000	1.45	1.92	-0.04	0.10	-0.24	0.03	0	0.002	0.003	-0.226	0.010	0.010	6.527
3.391	0.001	-0.014	-0.000	1.41	1.91	-0.03	0.06	-0.24	0.14	0	0.003	0.002	-0.226	0.010	0.009	6.544
3.400	0.000	-0.015	-0.000	1.42	1.98	-0.03	0.02	0.07	0.17	0	0.003	0.001	-0.225	0.010	0.009	6.561
3.411	0.001	-0.015	-0.000	1.39	1.95	-0.03	0.11	-0.03	-0.04	0	0.003	-0.000	-0.224	0.010	0.008	6.578
3.417	0.001	-0.014	-0.000	1.35	1.97	-0.03	-0.03	-0.11	-0.09	0	0.003	-0.001	-0.223	0.010	0.007	6.595
3.428	0.001	-0.014	0.000	1.30	1.98	-0.03	0.03	-0.02	-0.10	0	0.003	-0.002	-0.222	0.010	0.007	6.612
3.440	0.000	-0.014	0.000	1.28	2.02	-0.03	-0.12	-0.27	-0.01	0	0.003	-0.002	-0.221	0.010	0.006	6.628
3.451	0.001	-0.014	0.000	1.24	2.01	-0.03	-0.07	-0.01	-0.03	0	0.003	-0.003	-0.221	0.010	0.005	6.645
3.456	0.000	-0.014	0.000	1.25	2.03	-0.03	0.01	-0.13	0.14	0	0.003	-0.004	-0.220	0.009	0.005	6.662
3.468	0.000	-0.014	0.000	1.20	2.03	-0.02	0.20	0.02	0.12	0	0.003	-0.004	-0.219	0.009	0.004	6.678
3.479	0.001	-0.014	0.000	1.18	2.03	-0.02	-0.10	-0.17	0.01	0	0.003	-0.005	-0.218	0.009	0.004	6.695
3.491	0.001	-0.014	0.000	1.19	2.03	-0.02	0.00	-0.17	-0.09	0	0.004	-0.005	-0.217	0.009	0.003	6.711
3.501	0.001	-0.015	-0.000	1.21	2.02	-0.03	-0.16	-0.01	0.03	0	0.004	-0.006	-0.216	0.009	0.003	6.728
3.507	0.001	-0.014	0.000	1.11	2.04	-0.02	-0.19	-0.03	-0.01	0	0.004	-0.006	-0.216	0.009	0.003	6.744
3.518	0.000	-0.014	0.000	1.10	2.08	-0.02	0.06	0.02	-0.09	0	0.004	-0.006	-0.215	0.008	0.002	6.760
3.529	0.000	-0.013	0.000	1.06	2.08	-0.02	-0.09	-0.02	0.04	0	0.004	-0.006	-0.214	0.008	0.002	6.777
3.540	0.001	-0.014	0.000	1.08	2.07	-0.02	-0.02	-0.04	-0.03	0	0.004	-0.006	-0.213	0.008	0.001	6.793
3.552	0.001	-0.015	-0.000	1.13	2.05	-0.02	-0.16	-0.08	0.07	0	0.004	-0.007	-0.212	0.008	0.001	6.809
3.557	0.000	-0.013	0.000	1.03	2.09	-0.01	0.19	-0.18	-0.15	0	0.004	-0.007	-0.212	0.008	0.001	6.825
3.569	0.000	-0.017	-0.000	1.15	2.09	-0.02	-0.01	0.23	0.03	0	0.004	-0.008	-0.211	0.008	0.000	6.841
3.581	0.000	-0.012	0.000	0.94	2.09	-0.01	0.05	0.12	-0.05	0	0.004	-0.007	-0.210	0.008	0.000	6.857
3.591	-0.000	-0.014	0.000	1.00	2.11	-0.01	0.06	-0.17	-0.10	0	0.003	-0.008	-0.209	0.007	-0.000	6.873
3.601	0.001	-0.014	0.000	0.99	2.09	-0.01	-0.08	0.01	-0.06	0	0.003	-0.008	-0.208	0.007	-0.001	6.889
3.606	0.000	-0.013	0.000	0.97	2.10	-0.01	0.10	-0.31	-0.02	0	0.003	-0.008	-0.208	0.007	-0.001	6.904
3.618	0.000	-0.015	0.000	1.03	2.11	-0.02	-0.03	-0.23	-0.07	0	0.003	-0.008	-0.207	0.007	-0.001	6.920
3.629	0.001	-0.015	0.000	1.02	2.08	-0.02	0.21	-0.01	0.23	0	0.003	-0.008	-0.206	0.007	-0.002	6.936
3.640	0.001	-0.014	0.000	0.97	2.09	-0.01	-0.12	-0.16	0.02	0	0.004	-0.008	-0.205	0.007	-0.002	6.951
3.651	0.001	-0.013	0.000	0.92	2.09	-0.01	0.09	0.03	0.07	0	0.004	-0.008	-0.204	0.006	-0.002	6.967
3.657	0.001	-0.015	0.000	0.99	2.10	-0.01	-0.14	-0.15	0.02	0	0.004	-0.009	-0.204	0.006	-0.002	6.982
3.668	0.001	-0.010	0.000	0.77	2.08	-0.00	-0.02	-0.07	0.00	0	0.004	-0.008	-0.203	0.006	-0.003	6.998
3.679	0.001	-0.011	0.000	0.81	2.08	-0.01	0.07	-0.12	-0.10	0	0.004	-0.008	-0.202	0.006	-0.003	7.013
3.691	0.002	-0.009	0.000	0.71	2.06	-0.00	-0.14	-0.17	0.14	0	0.004	-0.008	-0.201	0.006	-0.003	7.028
3.701	0.001	-0.011	0.000	0.82	2.12	-0.01	-0.25	0.05	-0.08	0	0.004	-0.007	-0.200	0.006	-0.003	7.043
3.708	0.002	-0.011	0.000	0.81	2.07	-0.01	0.16	0.09	-0.04	0	0.004	-0.007	-0.199	0.006	-0.003	7.059
3.718	0.001	-0.011	0.000	0.80	2.11	-0.01	0.02	0.08	0.18	0	0.004	-0.007	-0.199	0.006	-0.003	7.074
3.729	0.001	-0.010	0.000	0.78	2.13	-0.01	-0.02	0.07	-0.12	0	0.004	-0.007	-0.198	0.005	-0.004	7.089
3.741	0.001	-0.012	0.000	0.84	2.12	-0.01	0.00	-0.05	-0.06	0	0.004	-0.007	-0.197	0.005	-0.004	7.104
3.746	0.002	-0.016	0.000	1.02	2.09	-0.02	0.05	0.11	-0.06	0	0.004	-0.008	-0.196	0.005	-0.004	7.118
3.758	0.003	-0.016	0.000	1.00	2.06	-0.02	0.00	-0.20	0.05	0	0.004	-0.008	-0.195	0.005	-0.005	7.133
3.769	0.001	-0.016	0.000	1.00	2.15	-0.02	0.09	0.03	-0.09	0	0.004	-0.009	-0.195	0.005	-0.005	7.148
3.781	0.002	-0.015	0.000	0.96	2.11	-0.02	0.25	0.21	0.27	0	0.004	-0.009	-0.194	0.005	-0.005	7.163
3.786	0.002	-0.017	0.000	1.00	2.11	-0.02	0.22	-0.30	0.02	0	0.004	-0.009	-0.193	0.005	-0.006	7.177
3.798	0.001	-0.014	0.000	0.89	2.16	-0.01	-0.02	-0.02	-0.25	0	0.004	-0.009	-0.192	0.005	-0.006	7.192
3.809	0.002	-0.017	0.000	0.98	2.11	-0.02	-0.09	-0.17	-0.18	0	0.004	-0.010	-0.192	0.004	-0.006	7.207
3.821	0.002	-0.017	0.000	0.99	2.10	-0.02	0.02	-0.02	0.17	0	0.004	-0.010	-0.191	0.004	-0.007	7.221
3.832	0.001	-0.016	0.000	0.94	2.14	-0.02	0.04	0.10	-0.09	0	0.004	-0.010	-0.190	0.004	-0.007	7.235
3.837	0.001	-0.015	0.000	0.89	2.14	-0.01	0.09	0.05	0.18	0	0.004	-0.011	-0.189	0.004	-0.007	7.250
3.849	0.002	-0.017	0.000	0.97	2.12	-0.02	-0.00	-0.07	-0.06	0	0.004	-0.011	-0.188	0.004	-0.007	7.264
3.860	0.002	-0.016	0.000	0.93	2.11	-0.02	0.08	-0.26	-0.08	0	0.004	-0.011	-0.188	0.004	-0.008	7.278
3.871	0.002	-0.015	0.000	0.87	2.12	-0.01	-0.03	-0.10	0.08	0	0.004	-0.011	-0.187	0.004	-0.008	7.293
3.877	0.000	-0.013	0.000	0.79	2.18	-0.01	-0.03	-0.15	-0.14	0	0.004	-0.011	-0.186	0.004	-0.008	7.307
3.889	0.001	-0.009	-0.000	0.63	2.15	-0.00	0.06	-0.24	0.20	0	0.004	-0.010	-0.185	0.003	-0.008	7.321
3.899	0.000	-0.009	-0.000	0.62	2.19	-0.00	0.09	-0.26	0.03	0	0.004	-0.010	-0.185	0.003	-0.008	7.335
3.910	0.002	-0.010	-0.000	0.67	2.12	-0.00	-0.07	-0.24	0.09	0	0.004	-0.009	-0.184	0.003	-0.008	7.349
3.922	0.002	-0.013	0.000	0.81	2.11	-0.01	0.09	-0.14	0.09	0	0.004	-0.009	-0.183	0.003	-0.008	7.363
3.930	0.007	-0.012	0.000	0.77	1.93	-0.00	-0.05	-0.27	-0.06	0	0.004	-0.009	-0.182	0.003	-0.008	7.376
3.939	0.005	-0.012	0.000	0.77	2.01	-0.00	0.16	-0.35	-0.08	0	0.005	-0.009	-0.181	0.003	-0.008	7.390
3.950	0.007	-0.013	0.000	0.82	1.96	-0.00	-0.10	0.06	0.00	0	0.005	-0.009	-0.181	0.003	-0.009	7.404
3.961	0.008	-0.017	-0.000	0.99	1.91	-0.01	-0.15	-0.15	0.12	0	0.006	-0.010	-0.180	0.003	-0.009	7.417
3.972	0.007	-0.016	0.000	0.96	1.96	-0.01	0.07	-0.20	-0.12	0	0.006	-0.010	-0.179	0.003	-0.009	7.431
3.979	0.009	-0.017	-0.000	0.97	1.91	-0.01	-0.09	-0.08	-0.15	0	0.007	-0.011	-0.178	0.004	-0.010	7.445
3.990	0.007	-0.017	0.000	0.95	1.98	-0.01	0.15	0.13	0.06	0	0.007	-0.011	-0.178	0.004	-0.010	7.458
4.002	0.008	-0.017	0.000	0.97	1.97	-0.01	-0.12	-0.26	0.02	0	0.007	-0.011	-0.177	0.004	-0.010	7.471
4.011	0.008	-0.017	0.000	0.95	1.97	-0.01	0.13	0.23	0.05	0	0.008	-0.012	-0.176	0.004	-0.010	7.485
4.022	0.007	-0.017	0.000	0.95	2.02	-0.01	0.03	-0.02	0.17	0	0.008	-0.012	-0.175	0.004	-0.011	7.498
4.031	0.009	-0.018	-0.000	0.98	1.97	-0.01	0.00	0.00	-0.13	0	0.008	-0.013	-0.175	0.004	-0.011	7.511
4.041	0.009	-0.018	-0.000	0.97	1.97	-0.01	-0.17	-0.18	0.05	0	0.009	-0.013	-0.174	0.004	-0.011	7.525
4.051	0.008	-0.016	0.000	0.88	2.03	-0.01	-0.18	0.07	0.24	0	0.009	-0.013	-0.173	0.004	-0.011	7.538
4.061	0.007	-0.016	0.000	0.88	2.07	-0.01	-0.07	0.16	-0.11	0	0.009	-0.013	-0.172	0.003	-0.012	7.551
4.070	0.008	-0.018	0.000	0.94	2.03	-0.01	-0.02	-0.19	-0.12	0	0.009	-0.013	-0.172	0.003	-0.012	7.564
4.081	0.009	-0.018	0.000	0.94	2.01	-0.01	-0.08	-0.09	-0.14	0	0.009	-0.014	-0.171	0.003	-0.012	7.577
4.090	0.007	-0.015	0.000	0.81	2.10	-0.01	-0.16	-0.34	-0.08	0	0.009	-0.013	-0.170	0.003	-0.012	7.590
4.101	0.010	-0.018	0.000	0.93	1.98	-0.01	-0.02	-0.16	-0.10	0	0.010	-0.014	-0.169	0.003	-0.012	7.602
4.111	0.008	-0.015	0.000	0.80	2.07	-0.01	-0.03	0.12	-0.16	0	0.010	-0.014	-0.169	0.003	-0.012	7.615
4.122	0.009	-0.018	0.000	0.92	2.05	-0.01	0.08	0.02	0.06	0	0.010	-0.014	-0.168	0.003	-0.013	7.628
4.129	0.009	-0.018	0.000	0.93	2.05	-0.01	-0.05	-0.26	-0.09	0	0.010	-0.014	-0.167	0.003	-0.013	7.641
4.138	0.008	-0.017	0.000	0.88	2.10	-0.01	-0.04	-0.03	0.14	0	0.010	-0.014	-0.166	0.003	-0.013	7.653
4.151	0.007	-0.020	0.000	1.00	2.16	-0.02	-0.02	0.12	0.29	0	0.010	-0.015	-0.166	0.003	-0.013	7.666
4.161	0.008	-0.018	0.000	0.91	2.12	-0.01	-0.08	-0.11	-0.06	0	0.010	-0.015	-0.165	0.003	-0.013	7.678
4.170	0.008	-0.019	0.000	0.94	2.13	-0.02	0.22	0.11	-0.05	0	0.010	-0.015	-0.164	0.003	-0.014	7.691
4.181	0.007	-0.019	0.000	0.94	2.16	-0.02	0.04	-0.06	-0.11	0	0.010	-0.015	-0.163	0.002	-0.014	7.703
4.191	0.004	-0.019	0.000	0.90	2.28	-0.02	0.09	-0.13	-0.07	0	0.009	-0.016	-0.163	0.002	-0.014	7.716
4.201	0.006	-0.017	0.000	0.86	2.19	-0.02	0.06	0.17	0.16	0	0.009	-0.016	-0.162	0.002	-0.014	7.728
4.211	0.005	-0.017	0.000	0.83	2.22	-0.02	-0.06	-0.28	-0.22	0	0.009	-0.015	-0.161	0.002	-0.014	7.740
4.220	0.006	-0.019	0.000	0.92	2.18	-0.02	0.11	0.00	0.18	0	0.009	-0.016	-0.160	0.002	-0.014	7.752
4.231	0.006	-0.020	0.000	0.93	2.19	-0.02	-0.20	-0.27	0.07	0	0.009	-0.016	-0.160	0.002	-0.014	7.764
4.241	0.005	-0.016	0.000	0.78	2.23	-0.02	-0.05	-0.06	-0.21	0	0.009	-0.016	-0.159	0.001	-0.014	7.776
4.252	0.007	-0.019	0.000	0.90	2.15	-0.02	0.16	-0.37	0.13	0	0.009	-0.016	-0.158	0.001	-0.015	7.788
4.259	0.007	-0.019	0.000	0.90	2.15	-0.02	0.25	0.12	-0.00	0	0.009	-0.016	-0.157	0.001	-0.015	7.800
4.269	0.007	-0.019	0.000	0.90	2.15	-0.02	-0.09	0.00	-0.13	36022	0.009	-0.016	-0.157	0.001	-0.015	7.812
4.279	0.007	-0.019	0.000	0.90	2.15	-0.02	0.16	0.01	-0.20	36034	0.009	-0.017	-0.156	0.001	-0.015	7.824
4.291	0.007	-0.018	0.000	0.84	2.17	-0.02	-0.27	-0.25	-0.68	36026	0.009	-0.017	-0.154	0.001	-0.015	7.836
4.301	0.007	-0.020	0.000	0.93	2.15	-0.03	-0.13	0.38	-0.18	36034	0.009	-0.017	-0.152	0.001	-0.015	7.847
4.312	0.006	-0.019	0.000	0.86	2.19	-0.02	-0.04	0.59	0.32	36036	0.009	-0.017	-0.150	0.001	-0.015	7.859
4.320	0.013	-0.020	0.000	0.93	1.90	-0.01	0.04	0.42	0.63	36034	0.010	-0.017	-0.148	0.001	-0.016	7.870
4.332	0.013	-0.022	0.000	0.96	1.92	-0.01	0.54	-0.09	0.14	36040	0.010	-0.018	-0.145	0.001	-0.016	7.881
4.340	0.015	-0.024	-0.000	1.05	1.85	-0.02	-2.60	-2.71	-0.95	36078	0.011	-0.018	-0.143	0.001	-0.016	7.892
4.349	0.015	-0.024	-0.000	1.01	1.86	-0.02	-2.65	-2.09	0.11	36083	0.012	-0.019	-0.140	0.002	-0.016	7.902
4.361	0.015	-0.024	-0.000	0.96	1.89	-0.02	-2.60	-1.24	0.07	36096	0.013	-0.019	-0.137	0.002	-0.017	7.913
4.370	0.015	-0.023	-0.000	0.88	1.92	-0.02	-2.50	-1.94	-0.33	36083	0.014	-0.020	-0.134	0.002	-0.017	7.923
4.379	0.013	-0.022	-0.000	0.84	2.02	-0.02	-2.44	-1.24	0.44	36072	0.014	-0.020	-0.131	0.002	-0.017	7.933
4.390	0.014	-0.024	-0.000	0.87	2.01	-0.02	-0.97	-0.77	0.64	36083	0.014	-0.020	-0.128	0.002	-0.017	7.943
4.400	0.015	-0.024	-0.000	0.86	1.97	-0.02	-0.62	-0.95	-1.57	36099	0.015	-0.021	-0.125	0.002	-0.017	7.952
4.411	0.013	-0.025	-0.000	0.86	2.06	-0.03	-3.36	-2.46	-2.47	36105	0.015	-0.021	-0.122	0.002	-0.017	7.962
4.421	0.014	-0.024	-0.000	0.76	2.05	-0.05	-3.01	-1.15	-3.40	36070	0.016	-0.022	-0.119	0.002	-0.017	7.971
4.431	0.013	-0.023	-0.000	0.69	2.09	-0.08	-2.34	-0.54	-2.97	36069	0.016	-0.022	-0.116	0.001	-0.017	7.979
4.442	0.013	-0.024	-0.000	0.68	2.09	-0.11	-2.36	-1.08	-5.82	36081	0.016	-0.022	-0.113	0.001	-0.018	7.988
4.452	0.014	-0.023	-0.000	0.64	2.06	-0.16	-2.05	-0.99	-12.65	36080	0.016	-0.022	-0.110	0.001	-0.018	7.996
4.459	0.015	-0.022	0.000	0.54	2.03	-0.27	-1.98	-1.20	-13.66	36078	0.017	-0.022	-0.107	0.001	-0.018	8.004
4.471	0.016	-0.022	-0.000	0.52	2.00	-0.41	-1.23	-1.97	-13.16	38152	0.017	-0.022	-0.104	0.001	-0.018	8.012
4.478	0.015	-0.022	-0.000	0.50	2.04	-0.55	-2.32	-0.52	-12.56	38166	0.017	-0.022	-0.101	0.001	-0.018	8.020
4.491	0.015	-0.021	-0.000	0.46	2.03	-0.67	-2.17	-0.32	-9.45	38179	0.018	-0.022	-0.098	0.001	-0.017	8.027
4.500	0.014	-0.021	-0.000	0.39	2.08	-0.77	-0.82	0.59	-5.74	38195	0.018	-0.022	-0.095	0.001	-0.017	8.035
4.511	0.016	-0.022	-0.000	0.44	1.98	-0.83	-1.20	-0.39	-4.60	38219	0.018	-0.022	-0.092	0.000	-0.017	8.042
4.519	0.016	-0.022	-0.000	0.40	1.96	-0.88	-3.99	-3.26	-8.96	38256	0.018	-0.022	-0.089	0.000	-0.017	8.048
4.531	0.015	-0.022	-0.000	0.37	1.99	-0.96	-3.22	-0.62	-10.11	38279	0.019	-0.022	-0.085	0.000	-0.017	8.055
4.540	0.012	-0.017	-0.000	0.13	2.12	-1.07	0.07	-0.37	-9.61	38299	0.019	-0.022	-0.082	-0.000	-0.017	8.061
4.551	0.012	-0.017	-0.000	0.15	2.11	-1.16	-3.70	-1.48	-13.26	38339	0.019	-0.021	-0.079	-0.000	-0.017	8.067
4.561	0.013	-0.018	-0.000	0.13	2.06	-1.29	3.15	3.39	-13.18	38342	0.019	-0.021	-0.076	-0.001	-0.017	8.073
4.569	0.012	-0.021	-0.000	0.31	2.06	-1.42	5.42	4.81	-12.52	38352	0.018	-0.021	-0.073	-0.001	-0.017	8.078
4.581	0.011	-0.021	-0.000	0.32	2.02	-1.55	1.44	1.32	-12.16	38347	0.018	-0.021	-0.070	-0.001	-0.017	8.084
4.589	0.009	-0.021	-0.000	0.33	2.07	-1.68	-7.53	-3.37	-10.94	38411	0.018	-0.021	-0.067	-0.002	-0.017	8.089
4.601	0.004	-0.016	-0.001	0.08	2.26	-1.79	-6.37	-1.24	-9.58	38494	0.017	-0.020	-0.064	-0.003	-0.016	8.093
4.609	0.005	-0.015	-0.000	0.00	2.21	-1.88	1.17	0.05	-8.33	38452	0.016	-0.020	-0.061	-0.003	-0.016	8.098
4.620	0.005	-0.016	-0.000	0.03	2.17	-1.97	0.33	0.33	-9.51	38469	0.016	-0.019	-0.058	-0.004	-0.016	8.102
4.630	-0.000	-0.016	-0.001	0.06	2.34	-2.07	3.35	1.20	-8.43	38564	0.014	-0.019	-0.055	-0.004	-0.016	8.107
4.641	-0.000	-0.017	-0.001	0.14	2.28	-2.16	4.07	6.20	-8.87	38559	0.013	-0.019	-0.052	-0.005	-0.016	8.110
4.650	-0.000	-0.015	-0.000	0.10	2.19	-2.24	1.69	4.97	-10.30	38523	0.012	-0.019	-0.049	-0.006	-0.016	8.114
4.662	-0.002	-0.017	-0.001	0.20	2.17	-2.35	0.98	4.88	-8.50	38529	0.011	-0.018	-0.046	-0.006	-0.016	8.118
4.671	-0.003	-0.017	-0.000	0.22	2.12	-2.44	1.50	4.18	-11.14	40629	0.010	-0.018	-0.044	-0.007	-0.015	8.121
4.681	-0.004	-0.017	-0.000	0.25	2.05	-2.54	1.58	7.29	-9.49	40566	0.009	-0.018	-0.041	-0.008	-0.015	8.124
4.690	-0.004	-0.017	-0.000	0.27	1.93	-2.63	4.51	12.61	-8.28	40564	0.008	-0.018	-0.038	-0.008	-0.015	8.127
4.699	-0.005	-0.016	-0.000	0.27	1.80	-2.72	11.54	15.98	-8.73	40598	0.007	-0.018	-0.035	-0.009	-0.015	8.129
4.708	-0.002	-0.017	0.000	0.40	1.49	-2.79	11.23	16.59	-9.44	40536	0.007	-0.018	-0.032	-0.009	-0.015	8.132
4.722	-0.006	-0.012	0.000	0.31	1.43	-2.89	16.50	20.12	-6.75	40651	0.006	-0.017	-0.029	-0.010	-0.015	8.134
4.734	-0.002	-0.012	0.001	0.50	1.04	-2.94	12.87	17.62	-5.82	40600	0.006	-0.017	-0.026	-0.010	-0.015	8.136
4.740	-0.003	-0.010	0.001	0.56	0.84	-3.00	13.24	17.52	-4.96	40604	0.005	-0.016	-0.023	-0.011	-0.014	8.138
4.749	-0.004	-0.010	0.001	0.69	0.65	-3.05	8.88	17.88	-3.27	40588	0.005	-0.015	-0.020	-0.011	-0.014	8.139
4.759	-0.002	-0.007	0.001	0.68	0.39	-3.07	-5.14	14.46	-1.16	40639	0.005	-0.014	-0.017	-0.012	-0.014	8.141
4.772	-0.003	-0.008	0.001	0.69	0.24	-3.09	-8.50	10.10	-1.17	40586	0.004	-0.014	-0.014	-0.012	-0.013	8.142
4.779	-0.003	-0.008	0.001	0.61	0.06	-3.09	-18.91	1.84	0.03	40552	0.004	-0.013	-0.011	-0.012	-0.013	8.143
4.790	-0.006	-0.011	0.001	0.58	0.14	-3.09	-19.42	3.77	1.11	40625	0.003	-0.013	-0.008	-0.013	-0.013	8.143
4.802	-0.007	-0.008	0.001	0.28	0.11	-3.09	-14.89	7.78	0.51	40661	0.002	-0.012	-0.005	-0.013	-0.013	8.144
4.811	-0.009	-0.009	0.001	0.18	0.06	-3.08	-9.25	13.34	2.48	40742	0.002	-0.012	-0.002	-0.014	-0.013	8.144
4.821	-0.005	-0.007	0.001	0.02	-0.25	-3.05	-4.80	19.02	3.37	40646	0.001	-0.011	0.001	-0.014	-0.012	8.144
4.830	-0.002	-0.007	0.001	-0.05	-0.61	-3.01	-12.80	19.01	3.72	40558	0.001	-0.011	0.004	-0.014	-0.012	8.144
4.836	-0.001	-0.005	0.002	-0.25	-0.86	-2.99	-24.83	11.13	6.46	40547	0.002	-0.010	0.006	-0.014	-0.012	8.143
4.851	-0.002	-0.008	0.001	-0.31	-0.96	-2.90	-27.99	9.82	6.89	40625	0.002	-0.010	0.009	-0.015	-0.012	8.143
4.860	-0.001	-0.004	0.001	-0.78	-1.13	-2.86	-27.01	18.14	4.28	40630	0.002	-0.009	0.012	-0.015	-0.012	8.142
4.868	0.001	-0.002	0.001	-1.09	-1.37	-2.82	-14.29	27.27	5.91	40608	0.002	-0.009	0.015	-0.015	-0.011	8.141
4.880	0.001	-0.002	0.002	-1.23	-1.64	-2.76	0.65	37.51	9.90	40618	0.002	-0.008	0.017	-0.015	-0.011	8.140
4.886	0.001	-0.003	0.001	-1.20	-2.03	-2.66	6.61	37.99	10.81	42809	0.002	-0.007	0.020	-0.015	-0.011	8.138
4.901	-0.004	-0.002	0.002	-1.17	-2.21	-2.59	7.47	39.92	10.78	42994	0.002	-0.007	0.023	-0.015	-0.010	8.137
4.909	-0.004	-0.001	0.002	-1.11	-2.61	-2.49	6.26	37.32	8.35	43062	0.001	-0.006	0.025	-0.015	-0.010	8.135
4.918	-0.003	0.001	0.002	-1.09	-3.02	-2.43	1.54	28.74	6.80	43160	0.001	-0.005	0.028	-0.015	-0.010	8.133
4.927	-0.002	0.000	0.002	-1.01	-3.41	-2.33	-0.87	21.12	6.32	43131	0.001	-0.004	0.031	-0.016	-0.010	8.131
4.941	-0.006	-0.004	0.002	-0.80	-3.46	-2.22	-1.80	10.03	4.74	43160	-0.000	-0.004	0.033	-0.016	-0.010	8.129
4.950	-0.004	-0.002	0.002	-0.87	-3.68	-2.18	-2.47	-5.37	4.85	43181	-0.001	-0.004	0.036	-0.016	-0.010	8.126
4.958	-0.004	0.002	0.002	-1.06	-3.65	-2.20	-5.80	-17.10	4.55	43196	-0.001	-0.003	0.039	-0.016	-0.009	8.123
4.968	-0.004	0.003	0.002	-1.09	-3.46	-2.15	1.85	-19.92	6.91	43174	-0.001	-0.002	0.042	-0.016	-0.009	8.120
4.978	-0.002	0.003	0.001	-1.06	-3.35	-2.06	10.12	-19.57	8.16	43360	-0.002	-0.001	0.044	-0.016	-0.009	8.117
4.990	-0.004	0.006	0.002	-1.08	-3.08	-2.04	11.27	-17.85	8.19	43340	-0.002	-0.000	0.047	-0.016	-0.008	8.113
4.999	-0.002	0.006	0.002	-0.91	-2.95	-1.92	0.64	-12.16	7.69	43298	-0.002	0.001	0.050	-0.016	-0.008	8.110
5.010	-0.003	0.005	0.002	-0.82	-2.77	-1.82	-5.66	-10.70	7.72	43223	-0.002	0.001	0.052	-0.017	-0.008	8.106
5.020	-0.001	0.004	0.002	-0.80	-2.76	-1.70	-9.40	-7.98	9.42	43210	-0.002	0.002	0.055	-0.016	-0.008	8.102
5.031	-0.000	0.005	0.002	-0.89	-2.68	-1.61	-7.29	-0.45	10.86	43410	-0.002	0.002	0.057	-0.016	-0.008	8.098
5.041	-0.001	0.005	0.002	-0.95	-2.60	-1.51	-6.88	8.71	10.02	43412	-0.002	0.003	0.060	-0.016	-0.008	8.093
5.051	0.001	0.006	0.002	-1.02	-2.75	-1.40	-8.87	9.78	9.95	43465	-0.002	0.003	0.063	-0.016	-0.008	8.089
5.060	0.001	0.006	0.003	-1.09	-2.85	-1.30	-10.76	5.57	10.75	43506	-0.002	0.004	0.065	-0.016	-0.008	8.084
5.069	0.002	0.007	0.002	-1.19	-2.92	-1.19	-8.64	2.94	8.62	43705	-0.002	0.005	0.068	-0.016	-0.007	8.079
5.080	0.002	0.004	0.002	-1.12	-2.92	-1.03	4.32	5.67	8.53	43686	-0.002	0.005	0.070	-0.016	-0.007	8.074
5.090	0.001	0.003	0.003	-1.05	-2.91	-0.93	13.43	7.49	9.41	43720	-0.002	0.005	0.073	-0.015	-0.008	8.069
5.100	0.003	0.002	0.003	-0.87	-3.03	-0.80	23.51	2.06	9.58	45904	-0.002	0.005	0.075	-0.015	-0.008	8.063
5.110	0.001	0.003	0.002	-0.64	-2.95	-0.73	26.52	-8.45	9.84	45863	-0.002	0.005	0.078	-0.015	-0.008	8.057
5.119	0.002	0.003	0.002	-0.37	-2.88	-0.63	23.48	-14.59	11.00	46147	-0.002	0.005	0.080	-0.015	-0.008	8.051
5.130	0.002	0.004	0.003	-0.14	-2.74	-0.53	21.78	-21.68	11.48	46140	-0.002	0.005	0.083	-0.015	-0.008	8.045
5.143	-0.001	0.003	0.003	0.13	-2.39	-0.42	18.34	-32.12	12.40	45969	-0.002	0.005	0.086	-0.014	-0.008	8.039
5.152	0.001	0.003	0.003	0.35	-2.11	-0.27	7.90	-38.13	11.48	45922	-0.003	0.005	0.088	-0.014	-0.008	8.033
5.161	0.004	-0.002	0.002	0.65	-1.86	-0.02	-5.15	-43.52	10.71	46169	-0.002	0.005	0.091	-0.014	-0.009	8.026
5.171	0.005	-0.002	0.003	0.63	-1.43	0.08	-12.46	-46.89	9.33	46081	-0.002	0.004	0.094	-0.014	-0.009	8.019
5.182	0.005	-0.003	0.003	0.54	-0.93	0.18	-18.55	-44.62	9.37	45977	-0.001	0.004	0.096	-0.013	-0.009	8.012
5.187	0.004	-0.003	0.004	0.36	-0.39	0.25	-28.19	-43.59	9.61	45874	-0.001	0.003	0.099	-0.013	-0.009	8.005
5.201	0.006	-0.001	0.003	0.03	0.01	0.32	-35.71	-46.87	9.26	46119	-0.001	0.003	0.101	-0.013	-0.010	7.997
5.211	0.005	-0.002	0.003	-0.27	0.52	0.43	-36.73	-50.98	8.78	46021	-0.000	0.003	0.104	-0.012	-0.010	7.990
5.220	0.005	-0.002	0.004	-0.65	1.09	0.51	-38.28	-48.36	5.91	45933	-0.000	0.002	0.107	-0.012	-0.010	7.982
5.233	0.005	-0.000	0.004	-1.08	1.60	0.55	-30.17	-41.44	4.55	45858	-0.000	0.002	0.109	-0.012	-0.010	7.974
5.242	0.006	-0.002	0.003	-1.33	2.00	0.64	-21.16	-31.20	3.39	45787	0.000	0.002	0.112	-0.012	-0.010	7.966
5.251	0.008	-0.002	0.004	-1.58	2.25	0.69	-11.31	-19.89	3.72	46035	0.001	0.002	0.114	-0.011	-0.011	7.957
5.260	0.014	-0.009	0.004	-1.43	2.27	0.85	1.37	-8.22	4.50	45881	0.002	0.001	0.117	-0.011	-0.011	7.949
5.271	0.016	-0.010	0.005	-1.40	2.33	0.91	12.36	-2.57	2.82	45799	0.004	-0.000	0.119	-0.010	-0.012	7.940
5.281	0.017	-0.011	0.005	-1.27	2.36	0.95	18.11	1.63	1.70	45728	0.005	-0.001	0.122	-0.010	-0.012	7.931
5.290	0.015	-0.018	0.005	-0.83	2.44	1.02	22.21	4.51	1.31	45824	0.006	-0.003	0.124	-0.009	-0.013	7.922
5.299	0.019	-0.021	0.006	-0.51	2.27	1.07	19.26	4.78	-0.23	45768	0.008	-0.005	0.127	-0.009	-0.014	7.913
5.312	0.020	-0.022	0.006	-0.32	2.22	1.07	15.97	8.81	-0.90	47801	0.009	-0.007	0.129	-0.008	-0.014	7.904
5.378	0.020	-0.023	0.007	-0.15	2.18	1.06	10.12	10.63	-0.97	47781	0.010	-0.009	0.132	-0.008	-0.015	7.894
5.387	0.021	-0.023	0.012	-0.07	2.09	1.04	1.29	8.98	-1.20	47777	0.012	-0.010	0.136	-0.007	-0.016	7.885
5.390	0.018	-0.030	0.013	0.23	2.13	1.04	-10.22	7.22	-2.90	47124	0.012	-0.012	0.139	-0.007	-0.017	7.875
5.396	0.019	-0.032	0.014	0.16	2.06	1.01	-22.25	2.78	-4.13	47096	0.013	-0.015	0.142	-0.007	-0.018	7.865
5.401	0.020	-0.035	0.014	0.04	2.00	0.98	-36.49	0.28	-5.42	47137	0.014	-0.017	0.146	-0.006	-0.018	7.855
5.405	0.020	-0.035	0.016	-0.33	1.99	0.93	-47.53	-1.41	-5.92	47105	0.015	-0.019	0.149	-0.006	-0.019	7.845
5.409	0.022	-0.040	0.020	-0.64	1.98	0.88	-51.89	-4.27	-6.17	46501	0.016	-0.022	0.153	-0.006	-0.020	7.835
5.412	0.022	-0.041	0.021	-1.18	2.03	0.81	-50.14	-6.75	-6.93	46412	0.017	-0.024	0.157	-0.005	-0.021	7.825
5.412	0.022	-0.042	0.023	-1.70	2.08	0.75	-43.64	-8.38	-7.25	46350	0.018	-0.026	0.160	-0.005	-0.022	7.815
5.419	0.023	-0.042	0.024	-2.18	2.18	0.68	-33.42	-9.16	-7.76	46284	0.018	-0.028	0.164	-0.005	-0.022	7.804
5.423	0.023	-0.042	0.026	-2.57	2.26	0.61	-20.47	-5.82	-8.90	46145	0.019	-0.030	0.168	-0.005	-0.023	7.793
5.432	0.023	-0.048	0.027	-2.59	2.35	0.52	-12.75	-1.71	-8.33	46195	0.020	-0.032	0.171	-0.005	-0.024	7.782
5.443	0.023	-0.049	0.029	-2.74	2.39	0.43	-6.16	5.71	-7.36	46192	0.021	-0.034	0.175	-0.004	-0.025	7.771
5.450	0.023	-0.051	0.030	-2.79	2.37	0.35	-1.74	12.80	-6.24	46224	0.021	-0.036	0.178	-0.004	-0.025	7.760
5.458	0.024	-0.051	0.034	-2.87	2.25	0.29	1.96	20.60	-6.09	46198	0.022	-0.038	0.182	-0.004	-0.026	7.749
5.471	0.023	-0.055	0.035	-2.75	2.10	0.21	6.23	26.39	-4.66	45777	0.023	-0.040	0.186	-0.004	-0.027	7.737
5.481	0.023	-0.055	0.037	-2.72	1.85	0.15	10.51	31.82	-5.51	45793	0.023	-0.041	0.190	-0.004	-0.028	7.726
5.488	0.023	-0.057	0.038	-2.58	1.54	0.08	11.45	33.68	-6.55	45859	0.023	-0.043	0.193	-0.004	-0.028	7.714
5.499	0.023	-0.058	0.040	-2.49	1.21	0.00	10.30	31.27	-6.51	45914	0.024	-0.045	0.197	-0.004	-0.029	7.702
5.512	0.022	-0.060	0.043	-2.33	0.91	-0.09	8.37	29.96	-6.83	45637	0.024	-0.047	0.200	-0.004	-0.030	7.690
5.521	0.022	-0.061	0.045	-2.25	0.60	-0.16	4.05	23.93	-7.11	47772	0.024	-0.048	0.204	-0.004	-0.030	7.678
5.534	0.022	-0.061	0.046	-2.23	0.35	-0.24	-2.94	12.40	-6.02	47839	0.024	-0.050	0.208	-0.005	-0.031	7.666
5.544	0.022	-0.061	0.048	-2.27	0.21	-0.31	-13.57	-0.33	-4.44	47906	0.024	-0.051	0.211	-0.005	-0.031	7.653
5.553	0.021	-0.063	0.053	-2.35	0.19	-0.36	-19.85	-10.46	-3.54	47952	0.025	-0.052	0.215	-0.005	-0.032	7.641
5.563	0.021	-0.063	0.054	-2.57	0.28	-0.39	-19.95	-13.68	-2.90	47204	0.025	-0.053	0.219	-0.005	-0.032	7.628
5.578	0.021	-0.063	0.056	-2.78	0.41	-0.42	-14.78	-15.06	-3.45	47226	0.025	-0.054	0.223	-0.005	-0.033	7.616
5.657	0.021	-0.065	0.058	-2.90	0.57	-0.44	-10.05	-13.68	-2.73	47277	0.025	-0.055	0.227	-0.005	-0.033	7.603
5.672	0.020	-0.066	0.061	-3.01	0.71	-0.46	-7.00	-10.32	-2.29	47321	0.025	-0.056	0.231	-0.006	-0.034	7.590
5.678	0.020	-0.066	0.063	-3.11	0.81	-0.48	-1.94	-5.74	-3.20	47000	0.025	-0.057	0.235	-0.006	-0.034	7.577
5.690	0.020	-0.067	0.064	-3.14	0.88	-0.51	5.21	-0.02	-2.59	47013	0.025	-0.058	0.239	-0.006	-0.035	7.564
5.695	0.020	-0.067	0.066	-3.11	0.90	-0.54	11.35	5.64	-2.45	47028	0.025	-0.059	0.243	-0.006	-0.035	7.550
5.704	0.020	-0.067	0.067	-3.03	0.86	-0.56	15.73	11.09	-1.97	47050	0.024	-0.059	0.246	-0.007	-0.036	7.537
5.715	0.019	-0.068	0.069	-2.86	0.78	-0.59	17.36	16.12	-2.49	47165	0.024	-0.060	0.250	-0.007	-0.036	7.523
5.720	0.019	-0.068	0.070	-2.70	0.60	-0.61	18.70	20.39	-2.95	47195	0.024	-0.061	0.253	-0.007	-0.036	7.509
5.725	0.020	-0.069	0.072	-2.50	0.37	-0.64	18.96	23.34	-3.35	47232	0.024	-0.061	0.256	-0.007	-0.037	7.495
5.730	0.018	-0.069	0.073	-2.34	0.21	-0.70	20.03	24.22	-4.36	47269	0.024	-0.062	0.260	-0.008	-0.037	7.481
5.740	0.018	-0.068	0.079	-2.18	-0.04	-0.74	19.56	23.62	-5.12	47292	0.024	-0.062	0.263	-0.008	-0.037	7.467
5.741	0.017	-0.068	0.080	-1.97	-0.27	-0.80	18.43	22.69	-5.71	46580	0.023	-0.062	0.267	-0.008	-0.038	7.453
5.746	0.018	-0.068	0.082	-1.79	-0.52	-0.86	15.45	20.43	-6.36	46599	0.023	-0.062	0.271	-0.008	-0.038	7.439
5.751	0.017	-0.067	0.084	-1.65	-0.69	-0.94	12.84	17.39	-6.95	46613	0.023	-0.062	0.274	-0.009	-0.038	7.424
5.757	0.016	-0.067	0.085	-1.53	-0.86	-1.01	7.83	13.63	-7.21	46628	0.022	-0.062	0.278	-0.009	-0.039	7.409
5.762	0.016	-0.066	0.089	-1.47	-1.00	-1.09	3.71	8.23	-7.62	48334	0.022	-0.062	0.281	-0.009	-0.039	7.395
5.765	0.015	-0.066	0.091	-1.42	-1.09	-1.17	-1.20	1.85	-8.14	48376	0.021	-0.062	0.285	-0.010	-0.039	7.380
5.767	0.015	-0.066	0.092	-1.43	-1.12	-1.25	-3.53	-3.12	-9.06	48430	0.021	-0.062	0.289	-0.010	-0.039	7.365
5.772	0.015	-0.065	0.094	-1.49	-1.12	-1.33	-5.58	-8.32	-9.59	48471	0.020	-0.062	0.292	-0.010	-0.039	7.350
5.777	0.014	-0.064	0.097	-1.59	-1.01	-1.43	-7.23	-11.42	-9.95	48501	0.020	-0.061	0.296	-0.010	-0.040	7.335
5.782	0.014	-0.063	0.099	-1.67	-0.89	-1.53	-7.59	-12.05	-10.24	48275	0.020	-0.061	0.299	-0.011	-0.040	7.320
5.788	0.013	-0.062	0.100	-1.77	-0.77	-1.63	-2.35	-13.39	-9.84	48278	0.019	-0.060	0.303	-0.011	-0.040	7.305
5.799	0.013	-0.062	0.102	-1.79	-0.64	-1.72	4.58	-11.77	-9.81	48258	0.019	-0.060	0.306	-0.011	-0.040	7.289
5.810	0.014	-0.062	0.102	-1.76	-0.54	-1.81	10.94	-7.73	-9.29	48251	0.018	-0.059	0.309	-0.012	-0.040	7.273
5.822	0.013	-0.060	0.103	-1.73	-0.43	-1.91	16.17	-4.09	-8.80	48668	0.018	-0.059	0.312	-0.012	-0.040	7.258
5.829	0.014	-0.059	0.105	-1.59	-0.40	-2.00	21.28	-0.91	-8.20	48657	0.018	-0.058	0.315	-0.012	-0.040	7.242
5.840	0.013	-0.059	0.106	-1.39	-0.38	-2.08	25.74	3.33	-8.95	48648	0.017	-0.057	0.318	-0.012	-0.040	7.226
5.850	0.013	-0.057	0.108	-1.18	-0.42	-2.17	27.51	5.68	-7.89	48636	0.017	-0.057	0.321	-0.012	-0.040	7.209
5.861	0.013	-0.057	0.106	-0.88	-0.46	-2.24	29.63	7.47	-9.19	49152	0.017	-0.056	0.323	-0.013	-0.040	7.193
5.873	0.013	-0.055	0.108	-0.65	-0.51	-2.34	31.43	7.73	-8.93	49172	0.017	-0.055	0.326	-0.013	-0.040	7.176
5.882	0.013	-0.055	0.109	-0.31	-0.58	-2.43	27.95	6.33	-8.86	49156	0.016	-0.054	0.328	-0.013	-0.040	7.160
5.887	0.013	-0.053	0.111	-0.08	-0.66	-2.52	22.40	3.79	-8.15	49149	0.016	-0.053	0.331	-0.013	-0.040	7.143
5.899	0.013	-0.054	0.104	0.19	-0.72	-2.60	18.48	-0.21	-7.66	49102	0.016	-0.052	0.332	-0.013	-0.040	7.126
5.911	0.013	-0.052	0.105	0.32	-0.73	-2.68	13.22	-3.26	-6.34	50654	0.015	-0.051	0.333	-0.013	-0.040	7.108
5.918	0.013	-0.051	0.106	0.49	-0.70	-2.75	11.93	-5.72	-5.54	50642	0.015	-0.051	0.335	-0.013	-0.040	7.091
5.928	0.013	-0.051	0.107	0.61	-0.65	-2.80	9.34	-6.71	-5.03	50638	0.015	-0.050	0.337	-0.014	-0.041	7.074
5.940	0.012	-0.049	0.108	0.67	-0.57	-2.86	6.76	-6.57	-4.39	52817	0.015	-0.049	0.339	-0.014	-0.041	7.056
5.949	0.012	-0.048	0.112	0.73	-0.51	-2.91	6.55	-6.42	-4.38	52287	0.014	-0.048	0.341	-0.014	-0.041	7.039
5.959	0.012	-0.048	0.113	0.82	-0.45	-2.95	8.40	-3.73	-4.49	52243	0.014	-0.047	0.344	-0.014	-0.041	7.021
5.970	0.012	-0.048	0.114	0.93	-0.39	-2.99	10.59	-1.88	-4.00	52194	0.014	-0.046	0.346	-0.014	-0.041	7.004
5.980	0.012	-0.046	0.115	1.01	-0.37	-3.04	10.19	-0.41	-3.84	52143	0.014	-0.046	0.349	-0.014	-0.041	6.986
5.990	0.012	-0.046	0.112	1.10	-0.36	-3.08	7.29	1.04	-4.36	52069	0.014	-0.045	0.351	-0.014	-0.041	6.968
6.001	0.012	-0.046	0.113	1.20	-0.37	-3.12	6.33	3.00	-4.27	52873	0.013	-0.044	0.353	-0.014	-0.041	6.949
6.011	0.012	-0.045	0.114	1.26	-0.40	-3.16	4.92	4.86	-4.02	52800	0.013	-0.044	0.355	-0.014	-0.041	6.931
6.022	0.013	-0.043	0.115	1.27	-0.46	-3.20	2.03	3.60	-3.39	52723	0.013	-0.043	0.358	-0.014	-0.041	6.913
6.027	0.013	-0.042	0.116	1.28	-0.50	-3.24	2.66	3.78	-3.60	52612	0.013	-0.042	0.360	-0.014	-0.041	6.894
6.039	0.013	-0.042	0.117	1.32	-0.54	-3.27	-0.96	2.16	-2.37	52686	0.013	-0.042	0.362	-0.014	-0.041	6.876
6.050	0.013	-0.042	0.118	1.31	-0.57	-3.29	-2.62	0.58	-2.22	52556	0.013	-0.041	0.365	-0.014	-0.041	6.857
6.061	0.013	-0.042	0.120	1.31	-0.57	-3.31	-4.15	-1.92	-1.92	52400	0.013	-0.041	0.367	-0.014	-0.041	6.838
6.068	0.013	-0.041	0.121	1.29	-0.56	-3.33	-4.99	-4.43	-1.03	52224	0.013	-0.040	0.370	-0.014	-0.041	6.819
6.079	0.014	-0.040	0.122	1.19	-0.55	-3.36	-2.81	-6.82	-0.16	52149	0.013	-0.040	0.373	-0.014	-0.041	6.800
6.090	0.014	-0.039	0.124	1.14	-0.49	-3.36	0.01	-7.66	0.36	51996	0.013	-0.039	0.375	-0.014	-0.041	6.781
6.101	0.014	-0.039	0.125	1.16	-0.44	-3.36	3.36	-8.82	0.86	51819	0.013	-0.039	0.378	-0.014	-0.041	6.762
6.111	0.015	-0.039	0.127	1.19	-0.35	-3.36	5.29	-8.61	0.47	51634	0.013	-0.038	0.381	-0.014	-0.041	6.743
6.121	0.014	-0.039	0.128	1.26	-0.24	-3.35	5.98	-8.11	0.49	51449	0.013	-0.038	0.384	-0.014	-0.041	6.723
6.131	0.014	-0.039	0.130	1.33	-0.14	-3.34	5.47	-5.98	-0.41	51425	0.013	-0.038	0.386	-0.014	-0.041	6.704
6.137	0.014	-0.038	0.132	1.38	-0.09	-3.34	3.61	-4.56	0.62	51243	0.013	-0.037	0.389	-0.014	-0.041	6.684
6.147	0.014	-0.038	0.134	1.42	-0.04	-3.34	0.49	-2.76	0.63	53137	0.013	-0.037	0.392	-0.014	-0.041	6.665
6.157	0.014	-0.038	0.136	1.46	0.01	-3.33	-1.13	-0.62	0.60	52967	0.013	-0.037	0.395	-0.014	-0.041	6.645
6.170	0.014	-0.038	0.139	1.44	0.01	-3.33	-3.83	0.74	0.91	52594	0.013	-0.037	0.398	-0.014	-0.041	6.625
6.181	0.014	-0.038	0.141	1.42	0.02	-3.31	-6.27	2.01	1.40	52399	0.013	-0.037	0.401	-0.014	-0.041	6.606
6.189	0.014	-0.038	0.143	1.36	-0.01	-3.30	-7.49	1.99	1.32	52195	0.013	-0.037	0.405	-0.014	-0.041	6.586
6.199	0.015	-0.038	0.145	1.30	-0.02	-3.29	-8.15	2.54	1.54	51981	0.013	-0.037	0.408	-0.014	-0.041	6.566
6.212	0.013	-0.038	0.148	1.22	0.02	-3.26	-8.66	1.72	1.95	51762	0.013	-0.037	0.411	-0.014	-0.042	6.546
6.220	0.014	-0.038	0.151	1.14	-0.05	-3.25	-8.02	1.38	1.93	51431	0.013	-0.037	0.415	-0.014	-0.042	6.526
6.231	0.012	-0.039	0.153	1.11	-0.00	-3.21	-6.51	0.50	2.52	51207	0.013	-0.037	0.418	-0.014	-0.042	6.506
6.241	0.012	-0.042	0.156	1.15	0.01	-3.18	-5.85	0.72	2.11	50973	0.012	-0.038	0.422	-0.014	-0.042	6.486
6.250	0.012	-0.042	0.158	1.08	-0.01	-3.16	-4.89	0.40	2.51	50738	0.012	-0.038	0.425	-0.014	-0.042	6.465
6.261	0.012	-0.042	0.161	1.03	-0.01	-3.13	-3.87	1.31	2.31	50641	0.012	-0.039	0.429	-0.014	-0.042	6.445
6.271	0.013	-0.043	0.163	0.99	-0.04	-3.11	-3.97	1.05	2.54	50396	0.012	-0.039	0.432	-0.014	-0.043	6.425
6.278	0.013	-0.043	0.166	0.95	-0.06	-3.09	-5.55	-0.26	2.90	50158	0.012	-0.040	0.435	-0.014	-0.043	6.404
6.286	0.013	-0.043	0.169	0.89	-0.07	-3.06	-6.21	-0.18	3.19	49920	0.012	-0.040	0.439	-0.013	-0.043	6.384
6.301	0.013	-0.044	0.173	0.84	-0.07	-3.03	-7.13	0.55	3.20	49465	0.012	-0.041	0.443	-0.013	-0.043	6.363
6.312	0.013	-0.044	0.176	0.78	-0.08	-2.99	-8.59	-0.06	3.92	49229	0.012	-0.041	0.446	-0.013	-0.043	6.343
6.333	0.013	-0.044	0.180	0.69	-0.09	-2.96	-9.01	-0.09	3.26	48995	0.012	-0.042	0.450	-0.013	-0.043	6.322
6.338	0.014	-0.044	0.183	0.59	-0.09	-2.93	-10.11	-0.55	3.32	48760	0.012	-0.042	0.453	-0.013	-0.043	6.302
6.349	0.015	-0.044	0.185	0.47	-0.14	-2.91	-10.58	-0.01	2.99	48531	0.012	-0.043	0.457	-0.013	-0.043	6.281
6.354	0.015	-0.045	0.189	0.39	-0.14	-2.87	-10.29	-0.79	3.04	48478	0.012	-0.043	0.460	-0.013	-0.044	6.261
6.359	0.016	-0.045	0.192	0.28	-0.14	-2.85	-9.46	-1.15	2.84	50376	0.013	-0.044	0.464	-0.013	-0.044	6.240
6.370	0.016	-0.045	0.195	0.18	-0.12	-2.82	-9.36	-1.38	3.24	50186	0.013	-0.044	0.467	-0.013	-0.044	6.219
6.380	0.017	-0.045	0.199	0.07	-0.12	-2.79	-8.66	-1.95	3.52	49999	0.013	-0.044	0.471	-0.012	-0.044	6.199
6.390	0.017	-0.046	0.201	-0.02	-0.10	-2.76	-8.18	-1.70	3.66	49988	0.013	-0.045	0.474	-0.012	-0.044	6.178
6.400	0.017	-0.046	0.204	-0.11	-0.09	-2.72	-6.38	-2.29	3.79	49794	0.014	-0.045	0.478	-0.012	-0.044	6.157
6.411	0.017	-0.046	0.208	-0.18	-0.07	-2.69	-5.11	-2.68	3.78	49601	0.014	-0.045	0.481	-0.012	-0.044	6.137
6.421	0.017	-0.047	0.211	-0.19	-0.02	-2.64	-3.85	-2.72	3.50	49404	0.014	-0.046	0.485	-0.012	-0.044	6.116
6.426	0.016	-0.048	0.216	-0.22	0.01	-2.61	-2.21	-1.87	3.43	49212	0.014	-0.047	0.489	-0.012	-0.044	6.095
6.436	0.017	-0.049	0.220	-0.24	0.03	-2.57	-1.32	-1.58	2.86	48675	0.014	-0.047	0.493	-0.011	-0.044	6.075
6.449	0.017	-0.049	0.224	-0.27	0.03	-2.54	-1.14	-0.95	2.96	48471	0.015	-0.048	0.497	-0.011	-0.044	6.054
6.457	0.017	-0.049	0.227	-0.27	0.05	-2.51	-1.18	0.19	2.65	48268	0.015	-0.048	0.500	-0.011	-0.044	6.033
6.468	0.017	-0.049	0.234	-0.29	0.07	-2.48	-1.65	1.23	2.96	48073	0.015	-0.048	0.505	-0.011	-0.044	6.013
6.478	0.017	-0.050	0.238	-0.30	0.06	-2.45	-2.34	1.47	2.81	47358	0.015	-0.049	0.509	-0.011	-0.044	5.992
6.489	0.015	-0.050	0.242	-0.31	0.09	-2.42	-1.86	1.82	3.16	47158	0.015	-0.049	0.513	-0.011	-0.044	5.971
6.499	0.015	-0.052	0.245	-0.30	0.08	-2.38	-3.00	2.81	2.61	46967	0.015	-0.050	0.517	-0.011	-0.044	5.951
6.510	0.015	-0.052	0.249	-0.34	0.05	-2.36	-2.71	2.96	2.73	46770	0.015	-0.050	0.521	-0.011	-0.044	5.930
6.520	0.014	-0.053	0.252	-0.36	0.06	-2.32	-2.03	1.85	2.75	46890	0.015	-0.051	0.525	-0.011	-0.045	5.910
6.531	0.014	-0.053	0.255	-0.38	0.03	-2.30	-2.66	2.31	2.70	46719	0.014	-0.052	0.528	-0.011	-0.045	5.889
6.536	0.014	-0.053	0.259	-0.42	0.01	-2.27	-2.28	0.87	2.79	46555	0.014	-0.052	0.532	-0.011	-0.045	5.868
6.556	0.014	-0.053	0.263	-0.45	-0.00	-2.25	-2.56	1.07	2.54	46399	0.014	-0.052	0.535	-0.011	-0.045	5.848
6.562	0.014	-0.053	0.266	-0.47	-0.01	-2.22	-2.52	1.54	2.55	46250	0.014	-0.053	0.539	-0.011	-0.045	5.827
6.567	0.014	-0.053	0.270	-0.52	-0.03	-2.20	-1.88	1.75	2.86	48392	0.014	-0.053	0.542	-0.011	-0.045	5.806
6.578	0.014	-0.053	0.274	-0.54	-0.04	-2.17	-2.50	2.06	2.59	48284	0.014	-0.053	0.545	-0.011	-0.045	5.786
6.588	0.015	-0.053	0.278	-0.57	-0.09	-2.15	-1.27	2.86	2.70	48180	0.014	-0.054	0.549	-0.011	-0.045	5.765
6.601	0.016	-0.054	0.281	-0.58	-0.13	-2.13	-1.18	2.84	3.04	48055	0.014	-0.054	0.552	-0.011	-0.045	5.744
6.609	0.013	-0.054	0.283	-0.59	-0.09	-2.09	-0.06	2.87	3.25	48240	0.014	-0.054	0.556	-0.011	-0.045	5.724
6.619	0.015	-0.055	0.287	-0.57	-0.17	-2.06	1.12	2.26	3.41	48122	0.014	-0.055	0.559	-0.011	-0.045	5.703
6.630	0.016	-0.055	0.291	-0.57	-0.21	-2.03	1.05	1.60	3.61	48009	0.014	-0.055	0.562	-0.011	-0.045	5.683
6.640	0.020	-0.054	0.294	-0.60	-0.33	-2.01	1.55	0.88	3.59	47892	0.014	-0.055	0.565	-0.010	-0.045	5.662
6.652	0.021	-0.054	0.296	-0.58	-0.34	-1.97	2.27	0.57	3.80	47772	0.015	-0.055	0.568	-0.010	-0.045	5.641
6.661	0.021	-0.055	0.299	-0.56	-0.35	-1.94	2.37	-0.63	3.54	48020	0.016	-0.055	0.572	-0.010	-0.045	5.621
6.670	0.021	-0.054	0.303	-0.55	-0.35	-1.90	1.74	-1.39	3.40	47888	0.016	-0.056	0.575	-0.010	-0.045	5.600
6.682	0.021	-0.055	0.306	-0.53	-0.34	-1.87	1.31	-1.81	3.52	47766	0.017	-0.056	0.578	-0.009	-0.044	5.580
6.687	0.022	-0.055	0.309	-0.52	-0.32	-1.83	1.12	-1.60	4.10	47636	0.017	-0.056	0.581	-0.009	-0.044	5.559
6.699	0.022	-0.055	0.313	-0.51	-0.31	-1.79	0.87	-1.85	4.45	47660	0.018	-0.056	0.584	-0.009	-0.044	5.538
6.725	0.023	-0.054	0.316	-0.52	-0.30	-1.75	0.85	-2.25	4.59	47544	0.018	-0.056	0.587	-0.009	-0.044	5.518
6.731	0.023	-0.054	0.320	-0.52	-0.28	-1.71	0.77	-2.35	4.98	47424	0.019	-0.056	0.590	-0.008	-0.044	5.497
6.740	0.023	-0.054	0.323	-0.52	-0.25	-1.66	1.61	-3.26	4.87	47297	0.019	-0.056	0.593	-0.008	-0.044	5.477
6.743	0.024	-0.054	0.328	-0.50	-0.21	-1.61	2.46	-3.90	4.70	46880	0.020	-0.056	0.596	-0.008	-0.044	5.457
6.751	0.024	-0.054	0.332	-0.48	-0.17	-1.56	3.36	-4.39	4.81	46748	0.020	-0.056	0.599	-0.008	-0.044	5.436
6.764	0.024	-0.056	0.335	-0.41	-0.11	-1.51	4.55	-5.58	4.97	46628	0.020	-0.056	0.602	-0.008	-0.044	5.416
6.769	0.023	-0.057	0.339	-0.33	-0.04	-1.46	5.08	-6.13	5.23	48540	0.021	-0.056	0.606	-0.007	-0.044	5.396
6.779	0.024	-0.057	0.342	-0.30	0.02	-1.41	4.79	-6.69	5.21	48432	0.021	-0.057	0.609	-0.007	-0.044	5.376
6.785	0.023	-0.054	0.346	-0.30	0.09	-1.36	4.67	-4.54	5.48	48323	0.021	-0.056	0.612	-0.007	-0.044	5.355
6.797	0.023	-0.055	0.349	-0.24	0.14	-1.30	5.25	-3.62	5.38	48209	0.021	-0.056	0.615	-0.007	-0.044	5.335
6.811	0.022	-0.054	0.352	-0.20	0.21	-1.25	3.10	-1.31	5.39	48089	0.021	-0.056	0.618	-0.007	-0.044	5.315
6.816	0.022	-0.054	0.356	-0.18	0.23	-1.19	3.18	0.41	6.13	47976	0.021	-0.056	0.621	-0.007	-0.044	5.295
6.829	0.019	-0.059	0.359	-0.06	0.28	-1.13	2.93	0.62	6.56	47926	0.021	-0.057	0.624	-0.007	-0.044	5.275
6.837	0.019	-0.057	0.362	-0.06	0.29	-1.07	2.88	1.75	6.73	47802	0.021	-0.057	0.628	-0.007	-0.044	5.255
6.848	0.019	-0.060	0.366	0.01	0.28	-1.00	1.61	4.01	6.76	47679	0.020	-0.057	0.631	-0.007	-0.044	5.235
6.860	0.018	-0.060	0.369	0.03	0.26	-0.93	0.81	3.36	6.58	47547	0.020	-0.058	0.634	-0.007	-0.044	5.214
6.868	0.017	-0.060	0.374	0.04	0.24	-0.86	0.26	2.98	7.04	47417	0.019	-0.058	0.637	-0.008	-0.044	5.195
6.879	0.019	-0.063	0.377	0.09	0.17	-0.80	0.32	5.37	6.94	47032	0.019	-0.059	0.640	-0.008	-0.044	5.175
6.889	0.019	-0.063	0.381	0.09	0.12	-0.72	-0.59	4.76	7.28	46901	0.019	-0.060	0.643	-0.008	-0.044	5.155
6.899	0.019	-0.063	0.384	0.09	0.07	-0.65	-0.97	4.37	7.41	46759	0.019	-0.060	0.646	-0.008	-0.044	5.135
6.910	0.019	-0.064	0.389	0.08	0.02	-0.58	-1.51	3.74	7.46	46628	0.019	-0.061	0.650	-0.008	-0.045	5.115
6.920	0.019	-0.063	0.392	0.05	-0.02	-0.51	-2.74	3.80	7.01	46355	0.019	-0.062	0.653	-0.008	-0.045	5.095
6.931	0.020	-0.062	0.396	0.01	-0.06	-0.43	-3.27	2.94	7.70	46234	0.019	-0.062	0.656	-0.008	-0.045	5.076
6.936	0.020	-0.062	0.399	-0.03	-0.10	-0.36	-2.74	1.54	7.65	46122	0.019	-0.062	0.659	-0.007	-0.045	5.056
6.947	0.021	-0.062	0.403	-0.06	-0.13	-0.29	-2.96	1.50	7.79	46018	0.019	-0.062	0.662	-0.007	-0.045	5.036
6.957	0.021	-0.061	0.409	-0.11	-0.13	-0.21	-2.60	-0.98	7.27	45370	0.019	-0.062	0.665	-0.007	-0.045	5.017
6.970	0.021	-0.061	0.413	-0.14	-0.14	-0.14	-1.99	-0.57	7.12	45249	0.019	-0.063	0.668	-0.007	-0.044	4.997
6.978	0.021	-0.061	0.416	-0.16	-0.12	-0.06	-2.61	-1.89	6.95	45154	0.020	-0.063	0.672	-0.007	-0.044	4.978
6.990	0.021	-0.061	0.420	-0.18	-0.10	0.01	-1.04	-2.09	6.63	45055	0.020	-0.063	0.675	-0.007	-0.044	4.959
6.999	0.021	-0.061	0.425	-0.19	-0.09	0.07	2.15	-4.30	6.92	44947	0.020	-0.063	0.678	-0.007	-0.044	4.939
7.010	0.021	-0.061	0.429	-0.18	-0.05	0.14	2.76	-3.22	6.91	44417	0.020	-0.063	0.681	-0.007	-0.044	4.920
7.020	0.021	-0.061	0.433	-0.16	-0.02	0.21	3.08	-3.53	7.01	44334	0.020	-0.063	0.684	-0.007	-0.044	4.901
7.029	0.022	-0.062	0.436	-0.13	0.02	0.28	3.53	-3.51	6.48	44247	0.020	-0.063	0.687	-0.007	-0.044	4.882
7.038	0.023	-0.062	0.440	-0.09	0.04	0.34	2.23	-2.95	6.63	44163	0.020	-0.063	0.690	-0.007	-0.044	4.863
7.051	0.023	-0.062	0.445	-0.07	0.07	0.41	2.33	-1.52	6.59	43782	0.021	-0.063	0.693	-0.007	-0.044	4.844
7.056	0.023	-0.062	0.448	-0.05	0.09	0.48	1.67	-0.73	6.93	43723	0.021	-0.063	0.696	-0.006	-0.044	4.826
7.072	0.023	-0.062	0.452	-0.03	0.10	0.55	0.87	0.48	6.38	43668	0.021	-0.063	0.699	-0.006	-0.044	4.807
7.080	0.023	-0.062	0.455	-0.02	0.09	0.61	0.34	1.09	6.38	43611	0.021	-0.064	0.702	-0.006	-0.044	4.788
7.088	0.024	-0.059	0.458	-0.06	0.09	0.68	-0.18	1.22	6.40	43572	0.022	-0.063	0.704	-0.006	-0.043	4.769
7.098	0.024	-0.061	0.461	-0.04	0.07	0.74	-0.87	2.51	5.78	43738	0.022	-0.063	0.707	-0.006	-0.043	4.751
7.109	0.024	-0.061	0.464	-0.04	0.05	0.79	-0.55	2.82	4.93	43701	0.022	-0.063	0.709	-0.006	-0.043	4.732
7.119	0.024	-0.061	0.467	-0.05	0.03	0.84	-0.69	2.18	4.95	43683	0.022	-0.063	0.711	-0.006	-0.043	4.714
7.129	0.024	-0.055	0.472	-0.14	0.00	0.89	0.72	0.93	5.73	43671	0.022	-0.063	0.714	-0.006	-0.043	4.695
7.140	0.024	-0.055	0.475	-0.13	-0.01	0.95	0.89	-0.02	5.85	43306	0.023	-0.062	0.716	-0.006	-0.042	4.677
7.150	0.024	-0.055	0.478	-0.12	-0.01	1.00	2.04	0.33	4.88	43300	0.023	-0.061	0.718	-0.006	-0.042	4.659
7.160	0.025	-0.055	0.481	-0.10	-0.02	1.05	1.43	0.94	4.41	43304	0.023	-0.061	0.721	-0.005	-0.042	4.641
7.170	0.025	-0.055	0.484	-0.09	-0.02	1.10	2.72	-0.51	4.88	43292	0.023	-0.060	0.723	-0.005	-0.041	4.623
7.180	0.025	-0.055	0.487	-0.06	-0.02	1.15	3.29	-1.59	4.36	43323	0.023	-0.060	0.725	-0.005	-0.041	4.605
7.191	0.025	-0.054	0.490	-0.03	0.00	1.19	4.76	-2.99	5.17	43346	0.023	-0.059	0.727	-0.005	-0.041	4.587
7.198	0.025	-0.052	0.493	-0.01	0.02	1.24	5.15	-3.89	5.00	43356	0.024	-0.059	0.728	-0.005	-0.041	4.569
7.210	0.025	-0.052	0.495	0.04	0.05	1.28	6.41	-3.94	4.66	43380	0.024	-0.058	0.730	-0.005	-0.040	4.551
7.222	0.026	-0.051	0.497	0.09	0.08	1.33	6.41	-2.99	4.00	43402	0.024	-0.057	0.732	-0.005	-0.040	4.533
7.229	0.027	-0.051	0.499	0.16	0.11	1.37	6.17	-3.12	3.56	43642	0.024	-0.057	0.733	-0.005	-0.040	4.515
7.240	0.027	-0.051	0.502	0.22	0.14	1.40	5.82	-2.44	3.09	43689	0.025	-0.056	0.735	-0.005	-0.039	4.498
7.248	0.028	-0.050	0.504	0.28	0.15	1.43	5.73	-2.00	3.02	43729	0.025	-0.056	0.736	-0.005	-0.039	4.480
7.260	0.028	-0.049	0.506	0.33	0.17	1.47	5.01	-1.74	3.26	43774	0.026	-0.055	0.737	-0.004	-0.039	4.463
7.269	0.028	-0.047	0.509	0.36	0.20	1.50	4.32	-1.74	2.72	43779	0.026	-0.054	0.739	-0.004	-0.038	4.445
7.279	0.028	-0.045	0.511	0.38	0.21	1.52	2.67	-0.57	1.81	43828	0.026	-0.053	0.740	-0.004	-0.038	4.428
7.290	0.027	-0.045	0.513	0.42	0.24	1.54	2.09	-0.35	1.81	43873	0.026	-0.053	0.741	-0.004	-0.038	4.410
7.300	0.027	-0.045	0.515	0.44	0.24	1.56	1.69	-0.64	2.18	43934	0.026	-0.052	0.742	-0.004	-0.037	4.393
7.305	0.027	-0.045	0.516	0.46	0.25	1.58	1.56	-0.05	2.07	43985	0.027	-0.051	0.743	-0.004	-0.037	4.376
7.320	0.028	-0.045	0.518	0.48	0.24	1.60	1.86	-0.41	1.51	44277	0.027	-0.051	0.744	-0.004	-0.037	4.359
7.331	0.028	-0.041	0.520	0.46	0.24	1.61	1.68	0.11	0.56	44349	0.027	-0.050	0.745	-0.004	-0.036	4.342
7.338	0.028	-0.041	0.521	0.47	0.24	1.62	1.77	1.13	0.17	44413	0.027	-0.049	0.746	-0.004	-0.036	4.325
7.350	0.028	-0.041	0.523	0.50	0.24	1.62	2.07	0.69	1.41	44469	0.027	-0.048	0.746	-0.004	-0.036	4.308
7.357	0.028	-0.040	0.525	0.51	0.23	1.63	2.25	1.15	0.51	44464	0.028	-0.047	0.747	-0.004	-0.035	4.291
7.367	0.029	-0.040	0.526	0.53	0.22	1.64	3.07	0.28	1.04	44523	0.028	-0.046	0.748	-0.004	-0.035	4.274
7.379	0.031	-0.039	0.528	0.56	0.20	1.65	2.42	1.35	0.19	44593	0.028	-0.046	0.749	-0.004	-0.034	4.257
7.389	0.031	-0.039	0.529	0.58	0.18	1.65	2.98	0.85	1.30	44667	0.029	-0.045	0.749	-0.004	-0.034	4.241
7.399	0.032	-0.036	0.530	0.59	0.16	1.66	2.24	0.08	1.42	44823	0.029	-0.044	0.750	-0.003	-0.034	4.224
7.408	0.033	-0.037	0.532	0.62	0.15	1.68	1.61	0.76	-0.18	44900	0.030	-0.043	0.750	-0.003	-0.033	4.208
7.420	0.033	-0.037	0.533	0.64	0.15	1.68	0.56	-0.39	0.25	44970	0.030	-0.043	0.751	-0.003	-0.033	4.191
7.431	0.033	-0.034	0.534	0.62	0.16	1.68	1.81	-1.78	0.43	45030	0.031	-0.042	0.751	-0.003	-0.033	4.175
7.439	0.033	-0.035	0.535	0.65	0.18	1.69	0.21	-1.32	-0.21	45108	0.031	-0.041	0.751	-0.003	-0.032	4.158
7.449	0.033	-0.034	0.536	0.64	0.20	1.68	1.11	-0.67	-1.58	45258	0.031	-0.040	0.751	-0.003	-0.032	4.142
7.460	0.033	-0.035	0.537	0.67	0.21	1.67	1.43	-1.83	-0.91	45311	0.032	-0.040	0.752	-0.003	-0.032	4.126
7.469	0.032	-0.033	0.538	0.66	0.23	1.66	1.21	-1.12	-1.92	45379	0.032	-0.039	0.752	-0.003	-0.031	4.109
7.480	0.032	-0.033	0.539	0.68	0.24	1.64	1.26	-0.73	-2.22	45447	0.032	-0.039	0.752	-0.003	-0.031	4.093
7.490	0.034	-0.032	0.539	0.68	0.24	1.62	1.13	-1.16	-1.93	45628	0.032	-0.038	0.752	-0.003	-0.031	4.077
7.501	0.034	-0.032	0.540	0.70	0.26	1.60	0.99	-0.62	-1.45	45706	0.033	-0.037	0.752	-0.003	-0.031	4.061
7.511	0.034	-0.030	0.540	0.69	0.26	1.59	0.78	-1.30	-1.37	45780	0.033	-0.037	0.752	-0.003	-0.030	4.045
7.521	0.033	-0.029	0.541	0.69	0.28	1.57	0.96	-0.62	-1.50	45831	0.033	-0.036	0.752	-0.003	-0.030	4.029
7.528	0.033	-0.029	0.542	0.70	0.28	1.55	1.57	-0.54	-1.76	45882	0.033	-0.035	0.752	-0.003	-0.030	4.013
7.536	0.034	-0.029	0.543	0.71	0.29	1.53	1.98	0.34	-1.91	45860	0.033	-0.035	0.752	-0.003	-0.029	3.997
7.547	0.034	-0.029	0.544	0.73	0.28	1.51	1.81	0.98	-1.91	45916	0.034	-0.034	0.752	-0.003	-0.029	3.981
7.557	0.034	-0.029	0.544	0.75	0.28	1.50	1.67	1.64	-1.46	45970	0.034	-0.034	0.752	-0.003	-0.029	3.965
7.570	0.034	-0.029	0.545	0.76	0.26	1.48	1.16	1.50	-1.34	46038	0.034	-0.033	0.752	-0.003	-0.028	3.950
7.578	0.034	-0.028	0.546	0.77	0.25	1.47	1.30	2.00	-0.89	46014	0.034	-0.033	0.752	-0.003	-0.028	3.934
7.588	0.034	-0.028	0.546	0.79	0.23	1.46	0.49	2.36	-1.11	46056	0.034	-0.033	0.752	-0.003	-0.028	3.918
7.600	0.034	-0.023	0.547	0.75	0.21	1.45	-0.29	1.32	-0.95	46115	0.034	-0.032	0.752	-0.003	-0.028	3.903
7.611	0.033	-0.023	0.547	0.75	0.21	1.44	-0.57	0.44	-1.40	46184	0.034	-0.031	0.752	-0.003	-0.027	3.887
7.618	0.034	-0.023	0.547	0.75	0.19	1.42	-0.48	-0.83	-1.13	46395	0.035	-0.030	0.751	-0.003	-0.027	3.872
7.628	0.036	-0.023	0.547	0.74	0.18	1.41	0.07	-0.30	-1.11	46445	0.035	-0.029	0.751	-0.003	-0.026	3.856
7.639	0.036	-0.023	0.548	0.74	0.19	1.40	-0.79	-1.09	-1.42	46499	0.035	-0.029	0.751	-0.003	-0.026	3.841
7.649	0.036	-0.022	0.548	0.74	0.20	1.39	-0.81	-0.44	-1.64	46542	0.035	-0.028	0.750	-0.003	-0.026	3.826
7.659	0.036	-0.022	0.547	0.73	0.21	1.37	-0.77	0.34	-1.97	46585	0.036	-0.028	0.750	-0.003	-0.025	3.810
7.669	0.037	-0.022	0.548	0.72	0.20	1.35	-0.73	-0.49	-1.45	46789	0.036	-0.027	0.749	-0.003	-0.025	3.795
7.678	0.038	-0.022	0.548	0.71	0.19	1.34	-1.67	1.65	-1.50	46841	0.036	-0.027	0.749	-0.002	-0.025	3.780
7.685	0.038	-0.022	0.548	0.70	0.18	1.32	-0.79	1.02	-1.09	46896	0.037	-0.027	0.748	-0.002	-0.025	3.765
7.700	0.038	-0.022	0.548	0.69	0.17	1.31	-1.19	1.13	-1.07	46933	0.037	-0.026	0.748	-0.002	-0.024	3.749
7.710	0.038	-0.022	0.548	0.67	0.16	1.30	-1.37	1.69	-1.39	46974	0.037	-0.026	0.747	-0.002	-0.024	3.734
7.715	0.038	-0.022	0.548	0.66	0.15	1.29	-1.33	1.77	-1.45	47020	0.038	-0.026	0.747	-0.002	-0.024	3.719
7.731	0.038	-0.022	0.548	0.64	0.13	1.27	-2.43	1.83	-1.39	47065	0.038	-0.026	0.746	-0.002	-0.024	3.704
7.736	0.038	-0.022	0.549	0.61	0.11	1.26	-1.17	1.18	-1.55	47093	0.038	-0.025	0.746	-0.002	-0.024	3.689
7.750	0.038	-0.022	0.548	0.60	0.10	1.24	-2.28	0.71	-2.04	47117	0.038	-0.025	0.745	-0.002	-0.023	3.674
7.762	0.038	-0.022	0.548	0.57	0.09	1.22	-1.47	1.10	-2.16	47268	0.039	-0.025	0.745	-0.002	-0.023	3.659
7.767	0.038	-0.022	0.548	0.56	0.08	1.20	-1.30	-0.67	-1.84	47301	0.039	-0.025	0.744	-0.002	-0.023	3.644
7.778	0.038	-0.022	0.548	0.54	0.09	1.19	-1.91	-0.27	-1.24	47327	0.039	-0.025	0.744	-0.002	-0.023	3.630
7.789	0.042	-0.027	0.547	0.56	0.07	1.17	-2.51	-0.49	-0.87	47342	0.040	-0.025	0.743	-0.002	-0.023	3.615
7.800	0.042	-0.028	0.547	0.55	0.08	1.16	-1.75	-1.04	-0.91	47519	0.040	-0.026	0.742	-0.002	-0.023	3.600
7.808	0.042	-0.029	0.547	0.53	0.08	1.15	-3.20	-1.16	-0.70	47553	0.041	-0.027	0.742	-0.002	-0.023	3.585
7.818	0.042	-0.029	0.547	0.50	0.10	1.14	-3.13	-1.38	-0.58	47572	0.041	-0.027	0.741	-0.002	-0.023	3.571
7.828	0.042	-0.026	0.547	0.45	0.11	1.14	-3.14	-1.72	-0.66	47587	0.041	-0.028	0.740	-0.002	-0.023	3.556
7.838	0.044	-0.025	0.548	0.41	0.12	1.13	-4.20	-2.45	-0.85	47396	0.042	-0.028	0.740	-0.002	-0.023	3.541
7.849	0.044	-0.026	0.548	0.37	0.14	1.12	-3.17	-1.76	-1.01	47411	0.042	-0.028	0.739	-0.002	-0.023	3.527
7.859	0.044	-0.026	0.548	0.33	0.16	1.11	-4.08	-0.06	-1.17	47416	0.043	-0.028	0.739	-0.002	-0.023	3.512
7.870	0.046	-0.023	0.548	0.27	0.15	1.10	-3.71	-0.18	-0.59	47415	0.043	-0.028	0.738	-0.002	-0.023	3.498
7.880	0.046	-0.023	0.549	0.24	0.15	1.09	-3.05	-0.09	-0.94	47418	0.044	-0.028	0.738	-0.002	-0.022	3.484
7.890	0.046	-0.024	0.549	0.21	0.16	1.09	-2.21	0.12	-0.78	47310	0.044	-0.028	0.738	-0.002	-0.022	3.469
7.900	0.046	-0.024	0.549	0.19	0.16	1.08	-2.51	0.65	-0.46	47320	0.045	-0.028	0.737	-0.001	-0.022	3.455
7.910	0.046	-0.025	0.549	0.17	0.15	1.07	-2.14	1.04	-0.23	47317	0.045	-0.028	0.737	-0.001	-0.022	3.441
7.921	0.046	-0.025	0.549	0.15	0.14	1.07	-1.14	0.66	-0.25	47309	0.046	-0.028	0.736	-0.001	-0.022	3.427
7.926	0.046	-0.027	0.549	0.14	0.13	1.07	-1.36	-0.33	-0.50	47318	0.046	-0.028	0.736	-0.001	-0.022	3.413
7.936	0.050	-0.035	0.549	0.18	0.11	1.06	-0.05	-0.37	-0.60	47319	0.047	-0.029	0.735	-0.001	-0.022	3.398
7.946	0.048	-0.028	0.549	0.13	0.13	1.06	-0.01	-1.41	-0.74	47312	0.047	-0.029	0.735	-0.001	-0.022	3.384
7.957	0.050	-0.032	0.549	0.16	0.13	1.05	-0.42	-1.40	-0.41	47312	0.048	-0.030	0.734	-0.001	-0.022	3.370
7.967	0.050	-0.032	0.548	0.15	0.15	1.05	-2.04	-1.74	0.06	47315	0.048	-0.031	0.734	-0.001	-0.022	3.356
7.978	0.049	-0.034	0.548	0.15	0.17	1.04	-2.28	-2.14	0.13	47569	0.049	-0.032	0.733	-0.001	-0.022	3.342
7.990	0.051	-0.033	0.548	0.12	0.19	1.04	-3.91	-1.31	0.11	47581	0.049	-0.032	0.732	-0.001	-0.022	3.328
8.000	0.050	-0.035	0.548	0.09	0.20	1.05	-4.20	-1.24	0.38	47584	0.050	-0.033	0.732	-0.001	-0.022	3.314
8.009	0.051	-0.035	0.548	0.05	0.22	1.05	-5.01	-0.17	0.87	47585	0.050	-0.034	0.731	-0.001	-0.022	3.300
8.020	0.051	-0.035	0.548	0.00	0.22	1.06	-6.14	-0.18	1.15	47599	0.051	-0.034	0.730	-0.001	-0.022	3.287
8.026	0.051	-0.035	0.548	-0.06	0.22	1.07	-6.42	-0.44	1.07	47606	0.051	-0.035	0.730	-0.001	-0.022	3.273
8.036	0.051	-0.036	0.548	-0.12	0.22	1.08	-5.46	0.67	1.01	47596	0.051	-0.036	0.729	-0.001	-0.022	3.259
8.047	0.051	-0.037	0.548	-0.18	0.22	1.09	-4.95	0.15	0.66	47591	0.052	-0.036	0.729	-0.001	-0.022	3.245
8.058	0.049	-0.036	0.549	-0.24	0.23	1.10	-4.96	0.18	1.08	47451	0.052	-0.037	0.728	-0.001	-0.022	3.232
8.068	0.049	-0.036	0.549	-0.29	0.23	1.11	-4.77	0.13	1.06	47461	0.052	-0.037	0.728	-0.001	-0.022	3.218
8.079	0.051	-0.035	0.549	-0.35	0.22	1.12	-4.24	1.32	0.95	47451	0.052	-0.037	0.727	-0.001	-0.022	3.205
8.089	0.051	-0.035	0.549	-0.40	0.21	1.12	-3.29	2.51	1.15	47440	0.052	-0.037	0.727	-0.001	-0.022	3.191
8.100	0.051	-0.035	0.550	-0.43	0.18	1.13	-2.60	2.16	1.12	47434	0.052	-0.037	0.726	-0.001	-0.022	3.178
8.110	0.054	-0.039	0.550	-0.44	0.15	1.14	-2.00	2.53	1.10	47277	0.053	-0.038	0.726	-0.001	-0.022	3.164
8.120	0.052	-0.034	0.550	-0.49	0.14	1.16	-0.33	2.84	1.20	47254	0.053	-0.038	0.726	-0.001	-0.022	3.151
8.127	0.055	-0.038	0.550	-0.47	0.10	1.17	0.68	1.30	1.47	47231	0.054	-0.038	0.725	-0.001	-0.022	3.138
8.139	0.053	-0.036	0.550	-0.48	0.09	1.18	0.71	1.09	1.23	47219	0.054	-0.039	0.725	-0.001	-0.022	3.125
8.147	0.052	-0.034	0.550	-0.48	0.08	1.19	1.54	0.57	1.63	47217	0.054	-0.038	0.724	-0.001	-0.021	3.111
8.160	0.053	-0.034	0.550	-0.47	0.07	1.21	2.76	-0.19	0.88	47199	0.054	-0.038	0.724	-0.001	-0.021	3.098
8.169	0.052	-0.039	0.550	-0.42	0.08	1.22	2.24	-1.22	1.04	47188	0.054	-0.039	0.723	-0.002	-0.021	3.085
8.179	0.054	-0.037	0.551	-0.41	0.08	1.23	3.36	-1.47	0.28	47195	0.055	-0.039	0.723	-0.002	-0.021	3.072
8.189	0.054	-0.037	0.550	-0.38	0.09	1.23	2.89	-1.56	0.41	47200	0.055	-0.039	0.722	-0.002	-0.021	3.059
8.200	0.052	-0.035	0.550	-0.36	0.12	1.24	3.25	-2.11	0.59	47310	0.055	-0.039	0.722	-0.002	-0.021	3.046
8.210	0.054	-0.035	0.550	-0.32	0.13	1.24	2.62	-1.73	0.23	47293	0.055	-0.039	0.721	-0.002	-0.021	3.033
8.217	0.054	-0.035	0.550	-0.30	0.14	1.25	2.41	-1.76	1.06	47284	0.055	-0.039	0.721	-0.002	-0.020	3.020
8.228	0.051	-0.036	0.550	-0.27	0.17	1.25	1.45	-1.32	0.30	47291	0.055	-0.039	0.720	-0.002	-0.020	3.007
8.240	0.051	-0.036	0.550	-0.25	0.18	1.26	1.02	-1.12	1.55	47332	0.055	-0.039	0.720	-0.002	-0.020	2.994
8.246	0.053	-0.036	0.550	-0.24	0.18	1.27	0.95	-0.22	0.71	47322	0.055	-0.039	0.719	-0.002	-0.020	2.982
8.257	0.054	-0.036	0.551	-0.23	0.18	1.28	-0.14	0.99	0.69	47323	0.055	-0.039	0.718	-0.002	-0.020	2.969
8.268	0.054	-0.036	0.551	-0.23	0.18	1.29	0.89	0.54	1.44	47329	0.055	-0.039	0.718	-0.003	-0.020	2.956
8.280	0.054	-0.036	0.550	-0.23	0.17	1.30	0.08	0.84	0.72	47380	0.055	-0.039	0.717	-0.003	-0.020	2.944
8.289	0.054	-0.036	0.551	-0.23	0.16	1.31	-0.60	1.92	0.55	47374	0.056	-0.039	0.717	-0.003	-0.020	2.931
8.300	0.054	-0.036	0.551	-0.23	0.15	1.31	-0.41	0.86	1.59	47380	0.056	-0.039	0.716	-0.003	-0.019	2.918
8.310	0.054	-0.036	0.551	-0.24	0.14	1.33	-0.22	1.13	1.31	47394	0.056	-0.039	0.716	-0.003	-0.019	2.906
8.315	0.054	-0.036	0.552	-0.24	0.12	1.34	-0.62	1.94	0.89	47393	0.056	-0.039	0.715	-0.003	-0.019	2.893
8.328	0.054	-0.036	0.552	-0.25	0.10	1.35	-0.19	1.60	1.56	47216	0.056	-0.039	0.715	-0.003	-0.019	2.881
8.339	0.054	-0.037	0.552	-0.24	0.09	1.37	0.54	1.90	1.09	47210	0.056	-0.039	0.714	-0.003	-0.019	2.869
8.349	0.054	-0.037	0.552	-0.24	0.07	1.38	1.86	2.09	0.66	47218	0.056	-0.039	0.714	-0.003	-0.019	2.856
8.359	0.054	-0.037	0.552	-0.23	0.05	1.39	1.89	0.96	0.48	47218	0.056	-0.039	0.714	-0.003	-0.019	2.844
8.368	0.054	-0.037	0.552	-0.21	0.04	1.39	1.54	0.74	0.25	47282	0.056	-0.039	0.713	-0.003	-0.019	2.832
8.380	0.060	-0.037	0.552	-0.19	0.00	1.39	1.65	0.59	-0.14	47278	0.057	-0.039	0.712	-0.003	-0.019	2.820
8.390	0.054	-0.037	0.552	-0.17	0.02	1.39	1.37	0.19	-0.15	47284	0.057	-0.039	0.712	-0.003	-0.018	2.808
8.395	0.057	-0.038	0.552	-0.15	0.01	1.39	1.17	-1.32	-0.50	47282	0.057	-0.039	0.711	-0.003	-0.018	2.796
8.411	0.054	-0.038	0.553	-0.14	0.03	1.38	0.47	-1.35	-0.14	47285	0.057	-0.039	0.711	-0.004	-0.018	2.784
8.416	0.054	-0.038	0.553	-0.13	0.05	1.38	0.94	-2.51	0.06	47235	0.057	-0.039	0.711	-0.004	-0.018	2.772
8.428	0.054	-0.038	0.553	-0.12	0.07	1.38	1.44	-3.28	0.42	47246	0.057	-0.039	0.710	-0.004	-0.018	2.760
8.439	0.056	-0.038	0.553	-0.11	0.08	1.38	0.67	-2.35	0.60	47250	0.057	-0.040	0.710	-0.004	-0.018	2.748
8.447	0.056	-0.038	0.553	-0.10	0.11	1.39	1.26	-1.97	0.84	47243	0.057	-0.040	0.709	-0.004	-0.018	2.736
8.458	0.058	-0.039	0.553	-0.09	0.11	1.40	1.90	-1.30	0.83	47162	0.058	-0.040	0.709	-0.004	-0.018	2.724
8.468	0.061	-0.039	0.554	-0.07	0.12	1.40	2.41	-1.33	0.54	47154	0.058	-0.040	0.708	-0.004	-0.018	2.712
8.478	0.058	-0.040	0.554	-0.04	0.14	1.41	2.67	0.18	0.67	47147	0.059	-0.040	0.708	-0.004	-0.018	2.701
8.489	0.058	-0.040	0.554	-0.01	0.15	1.42	2.68	-0.49	0.34	47143	0.059	-0.040	0.707	-0.004	-0.018	2.689
8.501	0.060	-0.040	0.554	0.02	0.14	1.42	2.88	-0.30	0.77	47199	0.059	-0.041	0.707	-0.004	-0.018	2.677
8.509	0.060	-0.040	0.554	0.05	0.14	1.43	1.98	0.83	0.34	47205	0.060	-0.041	0.706	-0.004	-0.018	2.666
8.519	0.066	-0.041	0.554	0.07	0.11	1.43	0.86	0.85	0.47	47213	0.061	-0.041	0.706	-0.004	-0.018	2.654
8.529	0.066	-0.043	0.554	0.10	0.10	1.43	-0.05	2.24	0.15	47225	0.062	-0.042	0.705	-0.004	-0.018	2.643
8.539	0.066	-0.044	0.553	0.10	0.08	1.44	-1.31	1.14	0.36	47230	0.063	-0.042	0.705	-0.003	-0.018	2.631
8.550	0.066	-0.044	0.553	0.09	0.07	1.44	-2.79	1.83	0.88	47468	0.063	-0.043	0.704	-0.003	-0.018	2.620
8.560	0.066	-0.044	0.553	0.06	0.05	1.45	-2.86	0.31	0.90	47486	0.064	-0.043	0.703	-0.003	-0.018	2.608
8.570	0.067	-0.044	0.553	0.03	0.05	1.46	-2.95	-0.55	0.81	47488	0.065	-0.043	0.703	-0.003	-0.018	2.597
8.577	0.067	-0.044	0.553	-0.00	0.05	1.47	-2.39	-1.36	-0.04	47484	0.065	-0.044	0.702	-0.003	-0.018	2.586
8.586	0.066	-0.040	0.552	-0.04	0.07	1.47	-2.25	-1.42	-0.28	47636	0.066	-0.044	0.701	-0.003	-0.018	2.574
8.597	0.066	-0.040	0.552	-0.07	0.08	1.46	-2.03	-1.39	-0.33	47654	0.066	-0.043	0.701	-0.003	-0.018	2.563
8.607	0.066	-0.043	0.552	-0.07	0.10	1.46	-1.49	-2.41	-0.54	47663	0.066	-0.044	0.700	-0.003	-0.018	2.552
8.617	0.066	-0.043	0.552	-0.08	0.12	1.45	-0.19	-2.23	-0.17	47663	0.067	-0.044	0.699	-0.003	-0.018	2.541
8.629	0.066	-0.043	0.553	-0.09	0.14	1.45	0.42	-1.93	0.14	47666	0.067	-0.044	0.699	-0.003	-0.018	2.530
8.638	0.066	-0.043	0.553	-0.08	0.16	1.45	1.33	-2.06	0.27	47543	0.067	-0.044	0.698	-0.003	-0.018	2.519
8.649	0.066	-0.043	0.553	-0.07	0.18	1.46	1.34	-1.93	0.44	47551	0.067	-0.044	0.698	-0.003	-0.018	2.508
8.661	0.066	-0.043	0.553	-0.06	0.20	1.46	1.78	-1.34	0.72	47542	0.068	-0.044	0.697	-0.003	-0.018	2.497
8.669	0.067	-0.043	0.554	-0.04	0.21	1.46	1.47	-0.45	-0.21	47540	0.068	-0.045	0.697	-0.003	-0.017	2.486
8.679	0.067	-0.043	0.554	-0.02	0.22	1.46	1.09	0.59	-0.35	47321	0.068	-0.045	0.697	-0.003	-0.017	2.475
8.689	0.067	-0.043	0.554	-0.01	0.22	1.46	1.79	-0.49	0.09	47311	0.068	-0.045	0.696	-0.003	-0.017	2.464
8.700	0.067	-0.044	0.554	0.00	0.22	1.46	1.02	-0.47	-0.37	47292	0.069	-0.045	0.696	-0.004	-0.017	2.454
8.710	0.067	-0.044	0.554	0.01	0.23	1.46	0.01	0.25	-1.35	47291	0.069	-0.045	0.695	-0.004	-0.017	2.443
8.718	0.067	-0.044	0.554	0.01	0.23	1.45	-1.12	0.39	-0.72	47329	0.069	-0.045	0.695	-0.004	-0.017	2.432
8.730	0.067	-0.044	0.554	0.00	0.22	1.44	-1.66	0.42	0.12	47334	0.069	-0.045	0.695	-0.004	-0.017	2.422
8.740	0.067	-0.044	0.554	-0.01	0.22	1.44	-2.17	1.12	-0.16	47332	0.069	-0.045	0.694	-0.004	-0.017	2.411
8.745	0.068	-0.046	0.554	-0.02	0.21	1.44	-2.55	1.80	-0.43	47321	0.069	-0.046	0.694	-0.004	-0.017	2.400
8.759	0.068	-0.042	0.555	-0.07	0.19	1.43	-2.43	2.06	-0.68	47314	0.070	-0.046	0.693	-0.004	-0.017	2.390
8.766	0.068	-0.042	0.555	-0.10	0.17	1.43	-1.98	2.46	-0.17	47284	0.070	-0.045	0.693	-0.004	-0.017	2.379
8.779	0.068	-0.042	0.555	-0.12	0.15	1.42	-3.51	1.70	-0.42	47277	0.070	-0.045	0.692	-0.004	-0.017	2.369
8.787	0.068	-0.042	0.555	-0.15	0.13	1.42	-10.02	0.36	-0.81	47266	0.070	-0.045	0.692	-0.004	-0.016	2.359
8.797	0.068	-0.042	0.555	-0.24	0.12	1.41	-20.77	0.56	-0.70	47272	0.070	-0.045	0.691	-0.004	-0.016	2.348
8.810	0.068	-0.031	0.556	-0.48	0.12	1.41	-33.19	-0.51	-1.00	47148	0.070	-0.044	0.691	-0.005	-0.016	2.338
8.818	0.068	-0.042	0.556	-0.74	0.12	1.40	-44.56	-0.28	-1.18	47163	0.070	-0.044	0.691	-0.005	-0.015	2.328
8.828	0.067	-0.031	0.556	-1.22	0.12	1.39	-55.20	-1.03	-1.32	47177	0.070	-0.042	0.690	-0.005	-0.015	2.318
8.839	0.067	-0.032	0.556	-1.76	0.13	1.38	-61.94	-1.58	-1.59	47178	0.070	-0.041	0.690	-0.005	-0.014	2.308
8.849	0.066	-0.031	0.557	-2.37	0.15	1.36	-65.09	-1.45	-1.14	47172	0.070	-0.040	0.690	-0.005	-0.014	2.297
8.860	0.063	-0.033	0.557	-3.01	0.18	1.35	-64.46	-1.57	-1.46	46958	0.070	-0.040	0.689	-0.006	-0.014	2.287
8.869	0.062	-0.026	0.558	-3.68	0.19	1.33	-59.38	-1.11	-1.79	46934	0.069	-0.038	0.689	-0.006	-0.013	2.278
8.880	0.062	-0.043	0.558	-4.21	0.21	1.31	-53.22	-0.74	-2.00	46911	0.068	-0.039	0.689	-0.006	-0.013	2.268
8.885	0.062	-0.033	0.559	-4.79	0.22	1.30	-42.02	-0.27	-1.53	46889	0.068	-0.038	0.688	-0.007	-0.013	2.258
8.895	0.062	-0.042	0.559	-5.19	0.23	1.28	-31.22	0.84	-1.64	46630	0.068	-0.038	0.688	-0.007	-0.013	2.248
8.911	0.062	-0.042	0.560	-5.52	0.23	1.26	-21.89	2.65	-1.25	46603	0.067	-0.039	0.688	-0.007	-0.013	2.238
8.918	0.062	-0.041	0.560	-5.76	0.20	1.25	-10.33	4.12	-1.67	46575	0.067	-0.039	0.688	-0.007	-0.013	2.229
8.925	0.060	-0.040	0.560	-5.88	0.17	1.23	-0.46	4.77	-1.15	46532	0.066	-0.039	0.687	-0.008	-0.014	2.219
8.938	0.061	-0.030	0.561	-5.94	0.12	1.21	4.95	3.76	-1.00	46394	0.066	-0.037	0.687	-0.008	-0.013	2.209
8.946	0.061	-0.029	0.561	-5.89	0.08	1.20	10.16	4.11	-0.69	46397	0.066	-0.036	0.687	-0.008	-0.013	2.200
8.960	0.061	-0.028	0.562	-5.79	0.04	1.19	14.09	2.98	-0.92	46382	0.065	-0.034	0.687	-0.008	-0.013	2.190
8.969	0.065	-0.034	0.562	-5.62	-0.01	1.18	15.22	0.69	-0.33	46362	0.066	-0.034	0.686	-0.008	-0.013	2.181
8.979	0.065	-0.036	0.562	-5.46	-0.02	1.17	14.76	-1.02	-0.95	46368	0.066	-0.033	0.686	-0.008	-0.013	2.171
8.987	0.062	-0.041	0.563	-5.28	-0.00	1.16	13.36	-3.17	-0.77	46314	0.066	-0.033	0.686	-0.009	-0.013	2.162
8.999	0.064	-0.032	0.563	-5.18	0.02	1.15	10.80	-5.19	-1.12	46310	0.066	-0.032	0.685	-0.009	-0.013	2.153
9.008	0.063	-0.033	0.563	-5.06	0.07	1.15	7.90	-6.88	-1.25	46309	0.065	-0.032	0.685	-0.009	-0.013	2.144
9.019	0.061	-0.028	0.564	-4.99	0.15	1.14	4.73	-7.84	-1.82	46330	0.065	-0.030	0.685	-0.009	-0.013	2.134
9.029	0.059	-0.029	0.563	-4.93	0.23	1.13	3.22	-8.25	-1.77	46535	0.065	-0.029	0.684	-0.009	-0.013	2.125
9.039	0.057	-0.029	0.563	-4.89	0.32	1.12	0.98	-9.10	-1.87	46554	0.064	-0.028	0.684	-0.010	-0.013	2.116
9.050	0.055	-0.018	0.563	-4.92	0.42	1.11	0.87	-7.48	-2.22	46571	0.063	-0.025	0.683	-0.010	-0.013	2.107
9.060	0.054	-0.023	0.563	-4.88	0.50	1.09	1.20	-7.24	-2.46	46586	0.062	-0.024	0.683	-0.010	-0.013	2.098
9.065	0.055	-0.023	0.563	-4.86	0.57	1.07	2.68	-4.72	-2.10	46611	0.062	-0.022	0.682	-0.011	-0.013	2.089
9.077	0.054	-0.015	0.563	-4.86	0.62	1.05	3.79	-3.23	-2.68	46664	0.061	-0.020	0.681	-0.011	-0.012	2.080
9.088	0.054	-0.011	0.563	-4.83	0.66	1.03	6.92	-1.62	-2.49	46686	0.060	-0.018	0.681	-0.011	-0.012	2.071
9.097	0.054	-0.011	0.564	-4.76	0.67	1.01	10.02	0.59	-2.57	46702	0.060	-0.015	0.680	-0.012	-0.012	2.062
9.107	0.054	-0.008	0.563	-4.66	0.67	0.99	12.65	2.63	-2.30	46725	0.059	-0.013	0.680	-0.012	-0.012	2.053
9.119	0.055	0.001	0.563	-4.57	0.64	0.96	15.66	4.38	-2.47	46867	0.059	-0.009	0.679	-0.012	-0.011	2.044
9.127	0.056	0.005	0.563	-4.42	0.60	0.93	17.98	5.01	-2.47	46878	0.059	-0.006	0.678	-0.012	-0.011	2.036
9.138	0.057	0.008	0.563	-4.25	0.55	0.91	20.53	4.51	-2.62	46889	0.059	-0.002	0.678	-0.012	-0.010	2.027
9.148	0.061	0.003	0.563	-4.02	0.49	0.88	21.97	2.59	-2.66	46913	0.059	0.000	0.677	-0.012	-0.010	2.018
9.160	0.059	0.017	0.561	-3.85	0.47	0.85	23.15	-0.29	-3.10	46910	0.059	0.004	0.676	-0.012	-0.009	2.010
9.170	0.058	0.020	0.561	-3.62	0.47	0.82	23.30	-2.42	-2.85	47345	0.059	0.008	0.675	-0.012	-0.009	2.001
9.177	0.058	0.027	0.561	-3.40	0.49	0.80	23.51	-4.56	-3.01	47362	0.059	0.013	0.674	-0.013	-0.008	1.992
9.189	0.057	0.026	0.561	-3.15	0.54	0.77	22.41	-6.32	-2.76	47381	0.059	0.017	0.674	-0.013	-0.007	1.984
9.195	0.054	0.033	0.559	-2.94	0.61	0.74	21.95	-7.35	-3.11	47408	0.059	0.021	0.673	-0.013	-0.007	1.975
9.205	0.052	0.037	0.559	-2.72	0.69	0.72	20.29	-7.84	-3.09	47678	0.058	0.025	0.672	-0.013	-0.006	1.967
9.219	0.051	0.032	0.559	-2.48	0.77	0.69	19.33	-7.72	-3.08	47687	0.058	0.028	0.671	-0.014	-0.006	1.958
9.228	0.050	0.037	0.559	-2.29	0.85	0.66	18.22	-6.71	-3.09	47701	0.057	0.032	0.670	-0.014	-0.006	1.950
9.236	0.049	0.051	0.558	-2.15	0.92	0.63	17.47	-5.09	-3.06	47725	0.056	0.037	0.669	-0.014	-0.005	1.941
9.246	0.048	0.046	0.557	-1.94	0.98	0.60	17.25	-3.18	-3.35	47963	0.056	0.040	0.668	-0.015	-0.005	1.933
9.260	0.050	0.053	0.556	-1.79	1.01	0.58	17.35	-1.53	-3.00	47981	0.055	0.044	0.667	-0.015	-0.004	1.924
9.267	0.051	0.040	0.556	-1.54	1.02	0.55	17.16	1.15	-3.15	47974	0.055	0.046	0.666	-0.015	-0.005	1.916
9.278	0.051	0.058	0.556	-1.43	1.01	0.52	17.56	1.60	-3.22	47982	0.055	0.051	0.665	-0.015	-0.004	1.908
9.288	0.050	0.054	0.556	-1.22	1.00	0.48	16.88	3.70	-3.06	47980	0.054	0.054	0.664	-0.016	-0.004	1.900
9.301	0.051	0.050	0.556	-1.02	0.96	0.45	16.64	2.86	-2.94	47953	0.054	0.056	0.664	-0.016	-0.005	1.891
9.309	0.052	0.061	0.555	-0.89	0.93	0.42	16.51	1.88	-3.33	47950	0.054	0.059	0.663	-0.016	-0.004	1.883
9.319	0.050	0.066	0.555	-0.73	0.91	0.39	15.74	1.88	-3.31	47944	0.054	0.063	0.662	-0.016	-0.004	1.875
9.330	0.053	0.063	0.555	-0.54	0.88	0.35	15.36	-0.99	-4.03	47923	0.054	0.065	0.662	-0.016	-0.004	1.867
9.340	0.051	0.068	0.555	-0.39	0.89	0.32	14.50	-2.32	-3.78	47818	0.054	0.068	0.661	-0.016	-0.004	1.859
9.348	0.051	0.073	0.555	-0.25	0.91	0.28	12.94	-4.84	-3.61	47810	0.054	0.072	0.660	-0.016	-0.004	1.851
9.356	0.050	0.076	0.555	-0.11	0.95	0.24	11.24	-4.10	-4.24	47808	0.054	0.075	0.660	-0.017	-0.004	1.843
9.367	0.050	0.084	0.555	-0.02	0.99	0.20	10.90	-6.15	-4.07	47794	0.054	0.079	0.659	-0.017	-0.004	1.835
9.379	0.049	0.088	0.555	0.09	1.05	0.16	9.39	-7.34	-4.08	47730	0.053	0.083	0.659	-0.017	-0.004	1.827
9.387	0.050	0.086	0.554	0.22	1.11	0.12	8.04	-6.83	-3.89	47717	0.053	0.086	0.658	-0.017	-0.004	1.819
9.398	0.048	0.092	0.554	0.28	1.19	0.08	7.29	-7.17	-3.51	47700	0.053	0.089	0.658	-0.017	-0.004	1.811
9.408	0.047	0.096	0.554	0.36	1.26	0.05	6.91	-6.20	-3.04	47674	0.053	0.093	0.657	-0.018	-0.003	1.804
9.419	0.046	0.095	0.557	0.45	1.33	0.01	7.45	-3.66	-2.64	47650	0.052	0.096	0.657	-0.018	-0.004	1.796
9.429	0.044	0.097	0.557	0.53	1.38	-0.02	6.05	-0.89	-2.44	47138	0.052	0.099	0.657	-0.018	-0.004	1.789
9.439	0.045	0.095	0.557	0.62	1.39	-0.04	6.04	0.87	-2.43	47100	0.051	0.101	0.657	-0.019	-0.004	1.781
9.448	0.045	0.106	0.557	0.65	1.38	-0.06	6.03	2.70	-2.01	47066	0.051	0.104	0.656	-0.019	-0.004	1.773
9.455	0.045	0.109	0.557	0.71	1.36	-0.08	4.91	3.05	-2.35	47038	0.051	0.108	0.656	-0.019	-0.004	1.766
9.465	0.046	0.114	0.559	0.76	1.32	-0.11	5.65	3.87	-2.43	46652	0.050	0.111	0.656	-0.020	-0.004	1.758
9.476	0.045	0.115	0.559	0.83	1.28	-0.13	4.96	3.47	-2.88	46616	0.050	0.114	0.656	-0.020	-0.004	1.751
9.487	0.044	0.118	0.559	0.88	1.24	-0.16	4.42	2.28	-3.34	46586	0.050	0.117	0.656	-0.020	-0.003	1.744
9.497	0.039	0.123	0.560	0.92	1.24	-0.19	3.26	3.11	-3.49	46571	0.049	0.121	0.656	-0.021	-0.003	1.737
9.507	0.038	0.130	0.561	0.93	1.21	-0.22	1.42	1.86	-3.38	46560	0.048	0.125	0.656	-0.021	-0.003	1.729
9.517	0.039	0.130	0.561	0.97	1.18	-0.25	-1.11	2.18	-3.71	46314	0.047	0.128	0.656	-0.022	-0.003	1.722
9.529	0.040	0.134	0.562	0.96	1.15	-0.29	-2.15	1.88	-3.93	46310	0.047	0.131	0.656	-0.022	-0.003	1.715
9.538	0.039	0.136	0.562	0.95	1.13	-0.33	-2.31	1.44	-4.05	46312	0.046	0.134	0.656	-0.022	-0.003	1.708
9.549	0.038	0.139	0.564	0.93	1.12	-0.37	-3.38	1.75	-3.69	46325	0.046	0.138	0.656	-0.023	-0.003	1.701
9.559	0.037	0.138	0.564	0.92	1.10	-0.40	-5.04	3.42	-3.46	46064	0.045	0.140	0.656	-0.023	-0.003	1.694
9.569	0.032	0.144	0.564	0.86	1.09	-0.44	-5.92	3.23	-3.08	46070	0.044	0.143	0.656	-0.024	-0.003	1.687
9.579	0.035	0.138	0.564	0.85	1.04	-0.47	-5.72	3.89	-2.61	46073	0.043	0.145	0.656	-0.024	-0.003	1.680
9.585	0.033	0.148	0.565	0.76	1.01	-0.50	-4.58	3.18	-2.44	46098	0.043	0.148	0.656	-0.025	-0.003	1.673
9.595	0.032	0.152	0.566	0.71	0.97	-0.52	-4.31	3.93	-2.17	45980	0.042	0.151	0.655	-0.025	-0.003	1.666
9.606	0.030	0.151	0.566	0.69	0.94	-0.55	-2.43	4.49	-2.50	45997	0.041	0.154	0.655	-0.026	-0.003	1.660
9.616	0.031	0.152	0.566	0.67	0.88	-0.57	-1.41	3.75	-2.38	46016	0.040	0.156	0.655	-0.026	-0.004	1.653
9.629	0.032	0.158	0.567	0.64	0.83	-0.60	-0.62	2.86	-2.46	46005	0.039	0.159	0.655	-0.027	-0.004	1.646
9.637	0.033	0.158	0.568	0.65	0.79	-0.62	0.59	1.92	-2.45	46025	0.039	0.161	0.655	-0.027	-0.004	1.639
9.647	0.029	0.165	0.568	0.64	0.78	-0.65	2.00	1.56	-1.97	45906	0.038	0.164	0.655	-0.027	-0.004	1.633
9.658	0.027	0.168	0.568	0.65	0.77	-0.67	1.67	0.67	-1.86	45938	0.037	0.167	0.655	-0.028	-0.004	1.626
9.668	0.023	0.174	0.568	0.66	0.78	-0.68	2.85	-1.02	-1.79	45954	0.036	0.170	0.654	-0.028	-0.003	1.620
9.680	0.022	0.177	0.569	0.69	0.79	-0.70	2.00	-1.76	-1.71	45972	0.035	0.174	0.654	-0.029	-0.003	1.613
9.685	0.020	0.175	0.569	0.73	0.81	-0.72	2.36	-2.04	-1.79	45889	0.033	0.176	0.654	-0.030	-0.003	1.607
9.707	0.021	0.180	0.569	0.74	0.82	-0.74	1.57	-2.87	-1.08	45925	0.032	0.179	0.654	-0.030	-0.003	1.601
9.713	0.021	0.182	0.570	0.77	0.84	-0.75	1.54	-2.94	-1.07	45963	0.031	0.182	0.653	-0.031	-0.003	1.594
9.715	0.020	0.185	0.570	0.78	0.87	-0.76	0.17	-2.72	-1.39	45978	0.030	0.185	0.653	-0.031	-0.003	1.588
9.726	0.018	0.184	0.570	0.80	0.89	-0.78	-1.31	-2.96	-1.49	45996	0.029	0.187	0.653	-0.032	-0.003	1.582
9.739	0.015	0.191	0.570	0.77	0.93	-0.79	-1.88	-2.75	-0.89	46109	0.027	0.190	0.652	-0.033	-0.003	1.575
9.747	0.015	0.192	0.570	0.76	0.94	-0.81	-2.73	-1.47	-0.73	46149	0.026	0.193	0.652	-0.033	-0.003	1.569
9.759	0.012	0.198	0.570	0.71	0.96	-0.82	-4.46	-0.59	-0.42	46198	0.025	0.196	0.651	-0.034	-0.003	1.563
9.767	0.011	0.196	0.567	0.70	0.97	-0.83	-4.19	1.45	-0.62	46230	0.024	0.198	0.650	-0.034	-0.003	1.557
9.785	0.010	0.198	0.567	0.65	0.95	-0.84	-5.35	2.27	-0.79	46714	0.022	0.200	0.650	-0.035	-0.004	1.550
9.788	0.011	0.206	0.567	0.57	0.91	-0.84	-5.25	3.09	-1.09	46763	0.021	0.204	0.649	-0.036	-0.003	1.544
9.806	0.010	0.206	0.567	0.54	0.87	-0.86	-4.37	3.43	-1.36	46820	0.020	0.206	0.648	-0.036	-0.003	1.538
9.814	0.010	0.207	0.567	0.51	0.84	-0.87	-2.90	3.33	-1.32	46868	0.019	0.209	0.647	-0.037	-0.004	1.532
9.853	0.008	0.213	0.567	0.46	0.81	-0.88	-2.13	1.69	-1.07	46905	0.018	0.211	0.646	-0.037	-0.003	1.526
9.859	0.007	0.212	0.566	0.46	0.79	-0.89	-0.27	0.67	-0.96	46936	0.017	0.214	0.646	-0.038	-0.004	1.520
9.863	0.005	0.215	0.566	0.45	0.78	-0.90	0.73	-0.80	-1.00	46978	0.016	0.216	0.645	-0.038	-0.004	1.514
9.868	0.002	0.213	0.566	0.48	0.80	-0.92	1.17	-1.89	-0.91	47034	0.014	0.218	0.644	-0.039	-0.004	1.508
9.873	0.001	0.220	0.563	0.47	0.82	-0.93	1.76	-3.18	-0.67	47559	0.013	0.221	0.643	-0.039	-0.004	1.502
9.878	-0.000	0.219	0.563	0.51	0.85	-0.94	1.40	-4.75	-0.97	47598	0.012	0.223	0.642	-0.040	-0.004	1.496
9.878	0.001	0.221	0.562	0.53	0.88	-0.95	0.82	-4.37	-1.06	47651	0.011	0.225	0.641	-0.040	-0.004	1.490
9.888	-0.000	0.227	0.562	0.51	0.92	-0.96	-0.68	-3.80	-1.12	47706	0.010	0.227	0.640	-0.041	-0.004	1.484
9.899	-0.000	0.227	0.560	0.52	0.95	-0.97	-2.52	-2.72	-1.54	47750	0.009	0.229	0.639	-0.041	-0.004	1.478
9.909	-0.001	0.230	0.560	0.49	0.98	-0.98	-3.57	-1.49	-0.98	48005	0.008	0.232	0.638	-0.042	-0.005	1.472
9.916	-0.006	0.234	0.559	0.45	1.02	-0.99	-4.10	-0.39	-0.89	48050	0.006	0.234	0.637	-0.043	-0.005	1.466
9.930	-0.007	0.237	0.559	0.41	1.02	-1.00	-4.56	0.91	-0.47	48088	0.005	0.237	0.636	-0.043	-0.005	1.460
9.941	-0.008	0.236	0.557	0.39	1.01	-1.01	-4.53	1.46	-0.44	48134	0.004	0.239	0.635	-0.044	-0.005	1.454
9.951	-0.009	0.236	0.556	0.36	0.99	-1.01	-3.94	2.39	-0.58	48438	0.002	0.241	0.634	-0.044	-0.005	1.448
9.956	-0.011	0.235	0.556	0.33	0.97	-1.02	-4.49	2.64	-0.59	48467	0.001	0.242	0.633	-0.045	-0.005	1.443
9.968	-0.012	0.243	0.555	0.25	0.94	-1.03	-4.09	1.98	-1.20	48491	-0.000	0.245	0.632	-0.045	-0.005	1.437
9.977	-0.014	0.241	0.555	0.24	0.92	-1.04	-2.44	1.91	-1.42	48502	-0.002	0.246	0.631	-0.046	-0.006	1.431
9.990	-0.015	0.242	0.553	0.23	0.90	-1.05	-1.14	0.68	-1.16	48640	-0.003	0.248	0.630	-0.047	-0.006	1.425
9.997	-0.014	0.248	0.553	0.20	0.87	-1.06	-0.95	0.37	-1.23	48661	-0.004	0.250	0.629	-0.047	-0.006	1.419
10.008	-0.015	0.250	0.552	0.18	0.87	-1.08	-0.52	-0.92	-1.16	48671	-0.005	0.252	0.628	-0.048	-0.006	1.414
10.018	-0.016	0.254	0.552	0.17	0.88	-1.09	-0.82	-2.47	-1.25	48684	-0.007	0.254	0.627	-0.048	-0.006	1.408
10.029	-0.015	0.255	0.551	0.17	0.89	-1.10	-0.84	-2.88	-1.09	48688	-0.007	0.257	0.626	-0.048	-0.006	1.402
10.039	-0.018	0.257	0.550	0.16	0.92	-1.11	-0.48	-2.89	-0.62	48679	-0.009	0.259	0.625	-0.049	-0.006	1.397
10.049	-0.021	0.256	0.550	0.18	0.96	-1.12	-1.35	-3.27	-0.54	48676	-0.010	0.260	0.625	-0.050	-0.007	1.391
10.058	-0.023	0.259	0.549	0.17	0.99	-1.13	-1.00	-3.46	-0.55	48679	-0.011	0.262	0.624	-0.050	-0.007	1.385
10.070	-0.024	0.261	0.549	0.16	1.02	-1.13	-0.76	-3.38	-0.31	48672	-0.013	0.264	0.623	-0.051	-0.007	1.380
10.080	-0.027	0.265	0.548	0.14	1.06	-1.13	-1.58	-2.59	-0.46	48720	-0.014	0.266	0.622	-0.051	-0.007	1.374
10.088	-0.029	0.267	0.547	0.12	1.09	-1.14	-2.80	-1.58	-0.43	48701	-0.016	0.269	0.622	-0.052	-0.007	1.368
10.095	-0.031	0.270	0.547	0.10	1.10	-1.14	-2.86	0.50	-0.61	48684	-0.018	0.271	0.621	-0.053	-0.007	1.363
10.111	-0.031	0.269	0.547	0.09	1.09	-1.15	-3.08	1.94	-0.60	48664	-0.019	0.273	0.620	-0.053	-0.007	1.357
10.116	-0.032	0.277	0.548	0.02	1.06	-1.16	-2.84	3.08	-0.47	48389	-0.021	0.275	0.620	-0.054	-0.007	1.352
10.126	-0.034	0.283	0.547	-0.03	1.04	-1.16	-2.15	3.23	-0.36	48354	-0.022	0.278	0.619	-0.054	-0.007	1.346
10.140	-0.036	0.287	0.547	-0.06	1.00	-1.16	0.34	3.94	-0.55	48324	-0.024	0.281	0.619	-0.055	-0.007	1.341
10.147	-0.037	0.289	0.547	-0.06	0.96	-1.16	2.35	2.47	-0.70	48298	-0.025	0.284	0.618	-0.056	-0.006	1.335
10.157	-0.041	0.286	0.548	0.00	0.95	-1.17	4.87	1.06	-0.66	48265	-0.027	0.287	0.618	-0.056	-0.006	1.330
10.169	-0.042	0.285	0.548	0.08	0.94	-1.18	6.21	-0.79	-0.50	47898	-0.029	0.289	0.618	-0.057	-0.007	1.325
10.177	-0.041	0.288	0.548	0.13	0.92	-1.19	7.15	-2.01	-0.35	47843	-0.030	0.290	0.618	-0.058	-0.007	1.319
10.188	-0.043	0.286	0.548	0.23	0.94	-1.19	6.62	-3.64	-0.27	47791	-0.032	0.292	0.618	-0.058	-0.007	1.314
10.199	-0.043	0.279	0.549	0.36	0.96	-1.20	4.96	-3.61	-0.32	47749	-0.033	0.292	0.618	-0.059	-0.008	1.309
10.209	-0.042	0.292	0.549	0.34	0.98	-1.20	3.00	-3.83	-0.40	47528	-0.034	0.294	0.617	-0.059	-0.008	1.303
10.219	-0.043	0.294	0.548	0.37	1.02	-1.20	0.68	-2.76	-0.20	47492	-0.035	0.296	0.617	-0.060	-0.008	1.298
10.224	-0.046	0.296	0.548	0.38	1.05	-1.21	-1.82	-2.02	-0.40	47456	-0.036	0.298	0.617	-0.060	-0.008	1.293
10.240	-0.049	0.296	0.548	0.38	1.07	-1.21	-3.14	-0.96	-0.31	47425	-0.038	0.300	0.617	-0.061	-0.008	1.288
10.248	-0.048	0.297	0.548	0.36	1.07	-1.22	-3.48	-1.34	-0.17	47426	-0.039	0.302	0.617	-0.061	-0.009	1.283
10.256	-0.052	0.295	0.548	0.35	1.09	-1.22	-4.49	-0.46	-0.26	47389	-0.041	0.303	0.616	-0.062	-0.009	1.278
10.266	-0.054	0.297	0.548	0.31	1.10	-1.22	-4.79	0.32	-0.27	47354	-0.042	0.304	0.616	-0.062	-0.009	1.272
10.277	-0.055	0.297	0.548	0.27	1.08	-1.23	-4.10	0.63	-0.92	47328	-0.044	0.305	0.616	-0.063	-0.010	1.267
10.287	-0.054	0.295	0.547	0.26	1.06	-1.24	-3.21	0.44	-0.21	47563	-0.045	0.306	0.615	-0.063	-0.010	1.262
10.299	-0.055	0.304	0.547	0.18	1.04	-1.24	-3.27	0.05	-0.29	47551	-0.046	0.307	0.615	-0.064	-0.011	1.257
10.307	-0.056	0.304	0.547	0.16	1.04	-1.24	-2.79	-0.16	-0.87	47527	-0.047	0.309	0.614	-0.064	-0.011	1.252
10.317	-0.056	0.303	0.547	0.15	1.03	-1.25	-1.60	-1.75	0.08	47508	-0.048	0.310	0.614	-0.065	-0.011	1.247
10.331	-0.059	0.307	0.547	0.12	1.05	-1.25	-0.04	-2.09	0.01	47484	-0.050	0.312	0.613	-0.065	-0.011	1.242
10.338	-0.060	0.313	0.547	0.10	1.07	-1.25	-0.37	-2.56	0.80	47469	-0.051	0.314	0.613	-0.065	-0.011	1.237
10.348	-0.061	0.315	0.547	0.09	1.09	-1.24	1.25	-3.52	0.67	47453	-0.052	0.316	0.613	-0.066	-0.011	1.232
10.358	-0.064	0.320	0.547	0.09	1.14	-1.23	2.11	-3.95	0.69	47450	-0.054	0.318	0.612	-0.066	-0.011	1.227
10.370	-0.066	0.323	0.547	0.11	1.18	-1.22	3.58	-4.98	0.78	47437	-0.055	0.320	0.612	-0.067	-0.011	1.222
10.374	-0.069	0.320	0.548	0.17	1.23	-1.22	4.50	-4.11	0.53	47351	-0.057	0.322	0.612	-0.068	-0.011	1.217
10.389	-0.069	0.317	0.548	0.25	1.26	-1.22	4.73	-5.57	0.51	47334	-0.058	0.323	0.611	-0.068	-0.012	1.212
10.400	-0.069	0.321	0.548	0.29	1.30	-1.21	4.92	-2.87	0.66	47321	-0.060	0.325	0.611	-0.069	-0.012	1.207
10.407	-0.069	0.324	0.548	0.34	1.31	-1.20	3.34	-2.08	0.87	47311	-0.061	0.327	0.611	-0.069	-0.012	1.203
10.415	-0.070	0.323	0.548	0.39	1.33	-1.20	2.67	-0.43	0.70	47274	-0.062	0.328	0.611	-0.070	-0.012	1.198
10.429	-0.071	0.320	0.548	0.45	1.33	-1.19	1.68	0.86	1.27	47264	-0.063	0.329	0.610	-0.070	-0.013	1.193
10.440	-0.070	0.330	0.548	0.42	1.31	-1.18	-0.61	1.43	1.31	47262	-0.064	0.331	0.610	-0.070	-0.013	1.189
10.447	-0.069	0.336	0.548	0.38	1.28	-1.16	-0.77	1.67	1.46	47257	-0.064	0.333	0.610	-0.070	-0.013	1.184
10.458	-0.074	0.336	0.548	0.39	1.29	-1.15	-1.68	3.19	1.44	47246	-0.066	0.335	0.609	-0.071	-0.012	1.179
10.468	-0.076	0.336	0.549	0.39	1.25	-1.13	-1.30	1.62	1.15	47182	-0.067	0.337	0.609	-0.071	-0.013	1.175
10.478	-0.078	0.336	0.549	0.40	1.24	-1.12	-0.46	-1.56	1.95	47179	-0.068	0.339	0.609	-0.072	-0.013	1.170
10.488	-0.079	0.334	0.549	0.42	1.25	-1.11	0.98	-2.81	1.64	47154	-0.070	0.340	0.609	-0.072	-0.013	1.165
10.499	-0.081	0.332	0.547	0.45	1.26	-1.09	2.51	-3.62	1.49	47134	-0.071	0.341	0.608	-0.073	-0.013	1.161
10.509	-0.081	0.328	0.547	0.51	1.28	-1.08	3.44	-6.70	1.99	47413	-0.072	0.341	0.608	-0.073	-0.014	1.156
10.516	-0.085	0.336	0.547	0.50	1.36	-1.06	3.25	-5.86	2.44	47425	-0.074	0.342	0.607	-0.074	-0.014	1.152
10.528	-0.087	0.338	0.547	0.53	1.42	-1.04	2.22	-5.37	2.27	47439	-0.075	0.343	0.607	-0.074	-0.015	1.147
10.538	-0.089	0.337	0.547	0.57	1.47	-1.01	1.69	-3.68	2.14	47439	-0.077	0.344	0.607	-0.075	-0.015	1.143
10.551	-0.090	0.339	0.548	0.59	1.50	-0.99	1.49	-2.24	2.42	47386	-0.079	0.345	0.606	-0.076	-0.015	1.138
10.561	-0.091	0.344	0.548	0.58	1.52	-0.97	-0.05	0.01	2.29	47388	-0.080	0.347	0.606	-0.076	-0.015	1.134
10.567	-0.093	0.348	0.548	0.57	1.52	-0.94	-0.71	0.73	2.99	47402	-0.082	0.348	0.606	-0.077	-0.015	1.129
10.577	-0.097	0.353	0.548	0.53	1.52	-0.91	-0.68	2.67	2.98	47424	-0.083	0.351	0.605	-0.077	-0.015	1.125
10.587	-0.099	0.355	0.548	0.52	1.50	-0.88	-1.21	2.53	3.19	47434	-0.085	0.353	0.605	-0.078	-0.015	1.121
10.598	-0.101	0.352	0.548	0.55	1.47	-0.85	-1.13	4.75	2.95	47402	-0.087	0.354	0.605	-0.079	-0.015	1.116
10.609	-0.103	0.354	0.548	0.54	1.43	-0.82	0.19	3.96	2.77	47394	-0.089	0.356	0.604	-0.080	-0.015	1.112
10.618	-0.109	0.355	0.548	0.54	1.41	-0.79	0.00	3.02	2.95	47400	-0.092	0.357	0.604	-0.080	-0.015	1.108
10.626	-0.109	0.353	0.547	0.57	1.37	-0.76	1.18	2.85	2.63	47418	-0.094	0.358	0.603	-0.081	-0.016	1.104
10.639	-0.110	0.353	0.547	0.60	1.32	-0.74	1.61	1.91	3.59	47628	-0.096	0.359	0.603	-0.082	-0.016	1.099
10.650	-0.112	0.351	0.546	0.64	1.30	-0.71	1.71	2.21	3.50	47628	-0.098	0.360	0.603	-0.083	-0.016	1.095
10.663	-0.118	0.359	0.546	0.61	1.31	-0.66	2.41	1.19	3.66	47633	-0.101	0.361	0.602	-0.084	-0.016	1.091
10.665	-0.118	0.361	0.547	0.62	1.27	-0.63	1.98	0.08	4.18	47626	-0.103	0.363	0.602	-0.084	-0.017	1.087
10.676	-0.117	0.366	0.547	0.62	1.25	-0.59	2.38	-0.55	3.94	47430	-0.105	0.364	0.602	-0.085	-0.016	1.083
10.686	-0.119	0.367	0.547	0.65	1.25	-0.55	2.81	-0.76	3.91	47433	-0.107	0.366	0.601	-0.086	-0.016	1.078
10.697	-0.127	0.367	0.547	0.69	1.30	-0.51	3.39	-1.01	4.17	47429	-0.109	0.368	0.601	-0.086	-0.016	1.074
10.707	-0.127	0.365	0.547	0.75	1.28	-0.47	4.16	-1.06	3.95	47413	-0.111	0.369	0.601	-0.087	-0.017	1.070
10.718	-0.129	0.364	0.546	0.81	1.29	-0.43	3.83	-0.46	3.70	47570	-0.114	0.370	0.600	-0.088	-0.017	1.066
10.728	-0.131	0.366	0.546	0.85	1.30	-0.39	3.03	-0.21	3.76	47585	-0.116	0.370	0.600	-0.089	-0.017	1.062
10.739	-0.136	0.383	0.546	0.76	1.32	-0.34	2.86	1.47	3.78	47595	-0.119	0.373	0.600	-0.090	-0.017	1.058
10.749	-0.137	0.382	0.546	0.81	1.29	-0.31	2.18	1.05	3.59	47596	-0.121	0.376	0.599	-0.091	-0.016	1.054
10.755	-0.139	0.380	0.546	0.86	1.28	-0.27	1.46	2.58	3.37	47598	-0.123	0.378	0.599	-0.091	-0.016	1.050
10.765	-0.140	0.380	0.546	0.89	1.24	-0.24	2.17	2.28	3.55	47518	-0.126	0.379	0.599	-0.092	-0.016	1.046
10.776	-0.146	0.387	0.546	0.86	1.24	-0.20	1.48	3.15	3.46	47515	-0.128	0.382	0.598	-0.093	-0.016	1.042
10.786	-0.145	0.388	0.546	0.88	1.19	-0.16	2.08	2.87	3.59	47521	-0.131	0.384	0.598	-0.094	-0.016	1.038
10.799	-0.144	0.393	0.547	0.88	1.13	-0.13	2.64	3.53	3.19	47521	-0.132	0.386	0.598	-0.094	-0.015	1.034
10.807	-0.143	0.394	0.547	0.91	1.07	-0.10	3.84	2.49	3.44	47385	-0.134	0.388	0.598	-0.095	-0.015	1.031
10.818	-0.150	0.393	0.547	0.97	1.08	-0.06	5.80	1.75	3.13	47371	-0.136	0.390	0.597	-0.095	-0.015	1.027
10.823	-0.153	0.391	0.547	1.05	1.05	-0.04	6.68	1.51	3.04	47357	-0.139	0.392	0.597	-0.096	-0.015	1.023
10.838	-0.155	0.392	0.547	1.12	1.04	-0.00	6.43	1.11	3.29	47348	-0.141	0.393	0.597	-0.097	-0.015	1.019
10.848	-0.161	0.399	0.546	1.14	1.06	0.04	7.17	0.98	3.20	47490	-0.144	0.395	0.597	-0.098	-0.015	1.015
10.860	-0.161	0.401	0.546	1.21	1.02	0.07	6.59	0.86	3.24	47496	-0.146	0.397	0.596	-0.098	-0.015	1.011
10.866	-0.163	0.405	0.546	1.25	1.01	0.10	6.45	1.09	3.04	47500	-0.148	0.399	0.596	-0.099	-0.014	1.008
10.876	-0.166	0.407	0.546	1.32	0.99	0.13	5.89	2.30	2.70	47516	-0.151	0.401	0.595	-0.100	-0.014	1.004
10.886	-0.171	0.406	0.547	1.39	0.99	0.16	4.05	4.65	1.93	47535	-0.154	0.403	0.595	-0.101	-0.014	1.000
10.897	-0.174	0.407	0.547	1.43	0.95	0.18	2.87	3.77	2.94	47394	-0.157	0.405	0.595	-0.102	-0.014	0.997
10.908	-0.176	0.405	0.547	1.49	0.91	0.20	1.56	4.34	1.68	47391	-0.159	0.406	0.595	-0.103	-0.014	0.993
10.918	-0.180	0.406	0.547	1.51	0.88	0.22	0.97	4.82	2.39	47393	-0.162	0.407	0.595	-0.103	-0.014	0.989
10.923	-0.185	0.411	0.546	1.49	0.84	0.25	-1.09	6.68	1.52	47404	-0.166	0.409	0.594	-0.104	-0.014	0.986
10.939	-0.185	0.411	0.546	1.49	0.75	0.27	-1.24	6.18	1.48	47465	-0.168	0.410	0.594	-0.105	-0.014	0.982
10.950	-0.184	0.414	0.546	1.47	0.66	0.28	-2.50	5.57	1.88	47467	-0.171	0.412	0.594	-0.106	-0.014	0.978
10.960	-0.189	0.417	0.546	1.42	0.62	0.30	-4.13	5.45	1.53	47474	-0.174	0.413	0.593	-0.107	-0.013	0.975
10.966	-0.191	0.418	0.546	1.39	0.56	0.32	-3.49	3.33	1.42	47488	-0.176	0.415	0.593	-0.107	-0.013	0.971
10.976	-0.192	0.418	0.545	1.37	0.52	0.34	-2.46	1.83	1.44	47726	-0.179	0.416	0.593	-0.108	-0.013	0.968
10.988	-0.198	0.419	0.545	1.35	0.52	0.35	-1.56	-0.53	1.50	47736	-0.182	0.418	0.592	-0.109	-0.013	0.964
10.997	-0.199	0.418	0.545	1.35	0.51	0.37	-0.94	-2.82	1.48	47734	-0.185	0.419	0.592	-0.110	-0.013	0.961
11.008	-0.202	0.419	0.545	1.34	0.54	0.38	-0.44	-3.76	1.66	47737	-0.187	0.420	0.591	-0.110	-0.013	0.957
11.018	-0.205	0.420	0.546	1.34	0.57	0.40	1.24	-3.61	1.41	47745	-0.190	0.421	0.591	-0.111	-0.013	0.954
11.023	-0.205	0.421	0.546	1.36	0.59	0.41	1.09	-3.84	1.68	47515	-0.193	0.422	0.591	-0.112	-0.013	0.950
11.039	-0.212	0.423	0.546	1.36	0.65	0.42	1.73	-2.42	1.69	47516	-0.196	0.423	0.591	-0.113	-0.013	0.947
11.044	-0.215	0.424	0.546	1.37	0.68	0.44	-0.46	-1.67	1.45	47504	-0.199	0.424	0.590	-0.113	-0.013	0.943
11.059	-0.216	0.423	0.546	1.39	0.68	0.45	0.31	-0.15	1.56	47503	-0.202	0.425	0.590	-0.114	-0.013	0.940
11.064	-0.222	0.424	0.546	1.40	0.71	0.47	-0.90	0.16	1.97	47483	-0.205	0.425	0.590	-0.115	-0.013	0.937
11.078	-0.224	0.424	0.546	1.39	0.70	0.49	-2.50	1.28	1.37	47484	-0.208	0.426	0.590	-0.116	-0.014	0.933
11.085	-0.226	0.424	0.546	1.38	0.68	0.50	-2.51	2.80	0.77	47471	-0.211	0.427	0.589	-0.117	-0.014	0.930
11.098	-0.224	0.424	0.546	1.36	0.61	0.51	-3.34	3.54	0.22	47468	-0.213	0.427	0.589	-0.117	-0.014	0.927
11.108	-0.227	0.425	0.546	1.32	0.57	0.51	-4.57	3.01	0.45	47303	-0.216	0.428	0.589	-0.118	-0.014	0.923
11.116	-0.234	0.427	0.546	1.27	0.58	0.52	-5.74	3.80	0.43	47302	-0.219	0.428	0.589	-0.118	-0.014	0.920
11.128	-0.237	0.428	0.546	1.22	0.54	0.53	-5.32	3.65	0.73	47299	-0.222	0.429	0.589	-0.119	-0.014	0.917
11.137	-0.239	0.428	0.546	1.17	0.50	0.54	-4.54	2.63	0.41	47300	-0.225	0.430	0.589	-0.120	-0.014	0.914
11.147	-0.246	0.428	0.545	1.13	0.51	0.54	-3.29	1.89	0.14	47540	-0.228	0.430	0.588	-0.121	-0.014	0.910
11.157	-0.249	0.429	0.545	1.09	0.49	0.55	-1.67	1.28	0.29	47543	-0.232	0.431	0.588	-0.122	-0.014	0.907
11.169	-0.252	0.430	0.545	1.08	0.47	0.55	-0.47	1.00	0.03	47562	-0.235	0.431	0.588	-0.123	-0.014	0.904
11.178	-0.251	0.428	0.545	1.09	0.43	0.55	0.60	0.65	0.35	47567	-0.238	0.431	0.587	-0.123	-0.015	0.901
11.188	-0.260	0.428	0.545	1.10	0.48	0.55	1.77	-0.41	0.22	47568	-0.242	0.432	0.587	-0.124	-0.015	0.898
11.199	-0.259	0.426	0.545	1.13	0.45	0.55	2.21	-0.73	0.59	47486	-0.245	0.431	0.587	-0.125	-0.015	0.894
11.208	-0.266	0.426	0.545	1.16	0.48	0.56	1.66	0.43	0.49	47507	-0.249	0.431	0.586	-0.126	-0.015	0.891
11.214	-0.266	0.427	0.545	1.17	0.45	0.56	0.13	-0.40	0.66	47520	-0.252	0.431	0.586	-0.126	-0.015	0.888
11.224	-0.270	0.427	0.545	1.17	0.46	0.57	-1.64	0.69	0.82	47532	-0.255	0.431	0.586	-0.127	-0.016	0.885
11.239	-0.272	0.427	0.545	1.16	0.44	0.58	-3.92	2.68	1.40	47616	-0.259	0.431	0.585	-0.128	-0.016	0.882
11.247	-0.275	0.427	0.544	1.12	0.42	0.59	-4.55	3.22	0.72	47631	-0.262	0.431	0.585	-0.128	-0.016	0.879
11.259	-0.278	0.428	0.544	1.08	0.39	0.60	-6.07	3.73	0.60	47653	-0.265	0.431	0.585	-0.129	-0.016	0.876
11.265	-0.285	0.427	0.544	1.03	0.38	0.61	-5.55	4.24	0.38	47666	-0.269	0.431	0.584	-0.130	-0.016	0.873
11.278	-0.283	0.428	0.545	0.97	0.29	0.61	-5.63	3.07	0.20	47470	-0.272	0.431	0.584	-0.131	-0.017	0.870
11.287	-0.289	0.428	0.545	0.91	0.28	0.61	-5.28	3.23	-0.09	47479	-0.275	0.431	0.584	-0.131	-0.017	0.867
11.296	-0.289	0.429	0.545	0.86	0.23	0.61	-4.82	2.56	-0.01	47490	-0.278	0.431	0.584	-0.132	-0.017	0.864
11.309	-0.291	0.429	0.545	0.81	0.19	0.61	-3.69	2.91	0.04	47492	-0.281	0.431	0.584	-0.132	-0.017	0.861
11.316	-0.294	0.429	0.546	0.77	0.16	0.61	-2.19	1.32	-0.17	47490	-0.284	0.431	0.584	-0.133	-0.017	0.858
11.328	-0.290	0.427	0.546	0.77	0.09	0.60	-0.17	1.18	-0.13	47336	-0.286	0.431	0.584	-0.133	-0.017	0.855
11.336	-0.303	0.431	0.546	0.74	0.16	0.61	1.37	0.13	-0.17	47349	-0.290	0.431	0.583	-0.134	-0.017	0.852
11.347	-0.306	0.431	0.546	0.75	0.15	0.60	2.31	-0.17	-0.34	47349	-0.293	0.431	0.583	-0.134	-0.017	0.849
11.361	-0.311	0.431	0.546	0.78	0.17	0.61	2.85	-0.45	0.41	47338	-0.297	0.432	0.583	-0.135	-0.017	0.847
11.368	-0.313	0.430	0.546	0.81	0.16	0.61	2.49	-0.01	0.68	47230	-0.300	0.432	0.583	-0.136	-0.018	0.844
11.378	-0.317	0.430	0.546	0.84	0.16	0.61	2.62	-0.15	0.85	47236	-0.304	0.432	0.583	-0.136	-0.018	0.841
11.383	-0.318	0.429	0.546	0.87	0.14	0.62	1.95	0.90	0.63	47245	-0.307	0.432	0.583	-0.137	-0.018	0.838
11.399	-0.317	0.428	0.546	0.90	0.11	0.62	1.77	1.43	0.55	47244	-0.310	0.431	0.583	-0.137	-0.018	0.836
11.405	-0.322	0.428	0.546	0.92	0.11	0.63	0.30	1.25	0.68	47318	-0.313	0.431	0.582	-0.138	-0.018	0.833
11.414	-0.325	0.428	0.546	0.92	0.09	0.64	-0.41	1.26	0.30	47328	-0.316	0.431	0.582	-0.138	-0.018	0.830
11.424	-0.328	0.428	0.546	0.92	0.08	0.64	-1.62	1.60	0.13	47341	-0.319	0.431	0.582	-0.139	-0.018	0.827
11.434	-0.334	0.428	0.546	0.90	0.09	0.64	-2.65	0.27	-0.26	47337	-0.323	0.430	0.582	-0.139	-0.018	0.825
11.446	-0.339	0.430	0.545	0.87	0.09	0.64	-3.56	1.07	-0.35	47338	-0.326	0.430	0.581	-0.140	-0.018	0.822
11.457	-0.338	0.429	0.545	0.84	0.05	0.63	-4.01	1.64	-0.92	47463	-0.329	0.430	0.581	-0.140	-0.019	0.819
11.463	-0.341	0.429	0.545	0.80	0.03	0.62	-4.73	0.10	-0.10	47477	-0.333	0.430	0.581	-0.141	-0.019	0.816
11.474	-0.344	0.429	0.545	0.75	0.03	0.62	-3.44	0.90	-0.35	47487	-0.336	0.430	0.580	-0.141	-0.019	0.814
11.486	-0.353	0.429	0.544	0.71	0.07	0.62	-2.51	0.56	-0.32	47506	-0.340	0.430	0.580	-0.142	-0.019	0.811
11.497	-0.353	0.429	0.544	0.68	0.04	0.62	-1.63	0.66	-0.03	47625	-0.343	0.430	0.579	-0.142	-0.019	0.808
11.503	-0.353	0.428	0.544	0.67	-0.00	0.61	-0.16	0.89	0.05	47633	-0.346	0.430	0.579	-0.143	-0.019	0.806
11.518	-0.357	0.428	0.544	0.67	-0.00	0.62	0.84	1.63	0.53	47648	-0.349	0.429	0.579	-0.143	-0.019	0.803
11.527	-0.362	0.429	0.543	0.67	-0.01	0.62	1.94	1.65	0.66	47645	-0.353	0.429	0.578	-0.143	-0.019	0.800
11.535	-0.362	0.429	0.544	0.69	-0.04	0.63	2.11	1.11	0.54	47630	-0.356	0.429	0.578	-0.144	-0.019	0.798
11.546	-0.366	0.429	0.544	0.71	-0.06	0.63	2.43	0.89	0.42	47462	-0.359	0.429	0.578	-0.144	-0.019	0.795
11.558	-0.365	0.427	0.544	0.75	-0.10	0.63	2.86	0.42	0.38	47477	-0.362	0.429	0.578	-0.144	-0.019	0.793
11.569	-0.372	0.427	0.544	0.78	-0.07	0.64	2.58	0.44	0.43	47481	-0.365	0.429	0.577	-0.145	-0.019	0.790
11.577	-0.375	0.427	0.544	0.80	-0.08	0.64	2.23	0.54	0.21	47487	-0.368	0.428	0.577	-0.145	-0.019	0.788
11.591	-0.376	0.425	0.543	0.84	-0.10	0.64	0.69	-0.64	-0.06	47573	-0.371	0.428	0.577	-0.145	-0.019	0.785
11.596	-0.381	0.425	0.543	0.85	-0.08	0.64	0.27	-1.54	0.08	47594	-0.375	0.427	0.576	-0.145	-0.019	0.783
11.608	-0.383	0.425	0.543	0.84	-0.07	0.64	-2.22	-1.40	-0.78	47593	-0.378	0.427	0.576	-0.146	-0.019	0.780
11.620	-0.385	0.427	0.543	0.81	-0.06	0.63	-2.82	-1.88	-0.40	47593	-0.381	0.427	0.576	-0.146	-0.019	0.778
11.628	-0.385	0.426	0.543	0.79	-0.07	0.62	-3.82	-1.87	-0.26	47617	-0.383	0.426	0.576	-0.146	-0.020	0.775
11.640	-0.388	0.426	0.543	0.75	-0.05	0.62	-4.20	-1.61	-0.16	47635	-0.386	0.426	0.575	-0.146	-0.020	0.773
11.648	-0.391	0.425	0.543	0.71	-0.03	0.61	-3.07	-1.58	-0.66	47646	-0.389	0.426	0.575	-0.146	-0.020	0.770
11.659	-0.399	0.427	0.543	0.66	0.02	0.61	-1.42	-2.27	-0.10	47649	-0.392	0.426	0.575	-0.147	-0.019	0.768
11.668	-0.402	0.427	0.542	0.64	0.04	0.61	-0.12	-2.03	-0.43	47648	-0.396	0.426	0.574	-0.147	-0.019	0.765
11.677	-0.405	0.427	0.542	0.64	0.06	0.61	0.90	-1.73	-0.41	47689	-0.399	0.426	0.574	-0.147	-0.019	0.763
11.687	-0.406	0.425	0.542	0.66	0.06	0.60	2.49	-0.83	-0.43	47690	-0.402	0.425	0.574	-0.147	-0.019	0.760
11.698	-0.414	0.426	0.542	0.67	0.11	0.60	3.84	-1.46	-0.46	47682	-0.406	0.425	0.573	-0.148	-0.019	0.758
11.706	-0.414	0.426	0.541	0.71	0.10	0.59	4.30	-0.68	-0.12	47676	-0.409	0.425	0.573	-0.148	-0.019	0.756
11.715	-0.416	0.425	0.540	0.76	0.10	0.59	4.97	0.54	-0.43	47880	-0.412	0.425	0.572	-0.148	-0.019	0.753
11.724	-0.419	0.425	0.540	0.81	0.10	0.58	4.07	0.96	-0.29	47894	-0.415	0.424	0.572	-0.149	-0.019	0.751
11.737	-0.417	0.423	0.540	0.86	0.04	0.58	3.79	1.66	-0.10	47892	-0.418	0.424	0.572	-0.148	-0.019	0.748
11.746	-0.413	0.421	0.540	0.91	-0.03	0.57	2.66	2.19	-0.71	47891	-0.420	0.423	0.571	-0.148	-0.019	0.746
11.757	-0.426	0.422	0.540	0.93	0.03	0.57	0.96	2.27	-0.41	47825	-0.423	0.423	0.571	-0.148	-0.019	0.744
11.767	-0.429	0.422	0.540	0.94	0.01	0.57	-0.32	0.44	0.35	47832	-0.426	0.422	0.571	-0.148	-0.019	0.741
11.779	-0.435	0.422	0.540	0.93	0.03	0.57	-2.00	0.28	-0.52	47831	-0.429	0.422	0.570	-0.149	-0.019	0.739
11.787	-0.436	0.423	0.540	0.90	0.00	0.56	-3.90	-0.20	-0.10	47824	-0.433	0.422	0.570	-0.149	-0.019	0.737
11.794	-0.439	0.425	0.540	0.85	0.01	0.56	-3.76	-0.92	-0.01	47824	-0.436	0.422	0.570	-0.149	-0.019	0.734
11.807	-0.440	0.424	0.540	0.82	0.00	0.56	-2.93	-1.42	-0.22	47793	-0.439	0.422	0.569	-0.149	-0.019	0.732
11.818	-0.438	0.426	0.539	0.77	-0.02	0.56	-2.03	-1.70	-0.11	47794	-0.441	0.422	0.569	-0.149	-0.019	0.730
11.827	-0.436	0.423	0.539	0.77	-0.04	0.55	-0.12	-2.15	-0.20	47784	-0.443	0.421	0.569	-0.149	-0.019	0.728
11.838	-0.434	0.423	0.540	0.76	-0.05	0.55	1.88	-1.93	0.05	47771	-0.444	0.421	0.569	-0.148	-0.019	0.725
11.848	-0.446	0.426	0.539	0.75	0.04	0.55	3.46	-2.24	0.10	47716	-0.447	0.421	0.569	-0.148	-0.018	0.723
11.858	-0.446	0.424	0.539	0.80	0.04	0.55	4.66	-3.19	-0.09	47716	-0.450	0.421	0.568	-0.148	-0.018	0.721
11.865	-0.447	0.423	0.539	0.84	0.06	0.55	5.14	-3.43	0.12	47703	-0.452	0.421	0.568	-0.148	-0.018	0.719
11.876	-0.452	0.423	0.539	0.90	0.11	0.55	5.85	-2.77	0.06	47689	-0.454	0.421	0.568	-0.148	-0.018	0.717
11.887	-0.452	0.424	0.539	0.95	0.11	0.55	6.47	-2.35	-0.13	47687	-0.456	0.421	0.568	-0.147	-0.018	0.714
11.893	-0.458	0.424	0.538	1.01	0.16	0.55	6.47	-3.16	-0.12	47769	-0.459	0.421	0.567	-0.147	-0.018	0.712
11.908	-0.458	0.422	0.538	1.08	0.17	0.55	4.89	-2.06	0.17	47758	-0.462	0.420	0.567	-0.147	-0.018	0.710
11.915	-0.461	0.422	0.538	1.13	0.19	0.55	4.14	-1.94	-0.19	47745	-0.464	0.420	0.567	-0.147	-0.018	0.708
11.925	-0.464	0.421	0.538	1.17	0.21	0.55	1.72	-0.27	-0.03	47742	-0.466	0.420	0.566	-0.147	-0.017	0.706
11.934	-0.463	0.420	0.538	1.20	0.19	0.54	0.91	-0.24	0.05	47835	-0.469	0.419	0.566	-0.147	-0.017	0.704
11.949	-0.469	0.423	0.537	1.18	0.22	0.54	-1.17	-0.59	0.33	47850	-0.471	0.419	0.566	-0.146	-0.017	0.701
11.958	-0.471	0.423	0.537	1.16	0.21	0.55	-2.50	-0.14	0.26	47851	-0.474	0.419	0.566	-0.146	-0.017	0.699
11.966	-0.474	0.423	0.537	1.14	0.22	0.55	-3.12	-0.79	0.26	47850	-0.476	0.419	0.565	-0.146	-0.017	0.697
11.978	-0.479	0.423	0.539	1.10	0.24	0.55	-3.01	-1.40	-0.07	47450	-0.479	0.419	0.565	-0.146	-0.017	0.695
11.987	-0.482	0.422	0.539	1.07	0.26	0.55	-2.08	-1.97	-0.09	47444	-0.482	0.419	0.565	-0.146	-0.016	0.693
11.997	-0.485	0.424	0.539	1.03	0.27	0.55	-1.07	-2.18	0.29	47429	-0.485	0.419	0.565	-0.146	-0.016	0.691
12.005	-0.487	0.424	0.539	1.02	0.29	0.55	-0.24	-1.55	0.34	47413	-0.488	0.419	0.565	-0.146	-0.016	0.689
12.016	-0.486	0.423	0.539	1.02	0.28	0.55	1.50	-1.56	-0.20	47397	-0.490	0.419	0.565	-0.146	-0.016	0.687
12.026	-0.489	0.423	0.539	1.04	0.30	0.55	3.97	-0.64	-0.10	47497	-0.493	0.418	0.565	-0.146	-0.015	0.685
12.037	-0.494	0.422	0.539	1.08	0.32	0.55	5.93	0.58	0.56	47494	-0.495	0.418	0.565	-0.146	-0.015	0.683
12.046	-0.495	0.422	0.539	1.14	0.30	0.56	7.14	0.97	-0.19	47475	-0.498	0.418	0.565	-0.146	-0.015	0.681
12.057	-0.497	0.421	0.538	1.21	0.29	0.56	7.96	2.02	0.44	47473	-0.500	0.418	0.565	-0.145	-0.015	0.679
12.067	-0.504	0.421	0.538	1.28	0.29	0.56	7.62	3.05	0.33	47678	-0.503	0.417	0.564	-0.145	-0.015	0.677
12.077	-0.508	0.421	0.538	1.35	0.28	0.57	6.82	3.08	0.72	47693	-0.507	0.417	0.564	-0.145	-0.014	0.675
12.087	-0.511	0.420	0.537	1.42	0.25	0.57	5.40	2.91	1.19	47707	-0.510	0.417	0.564	-0.146	-0.014	0.673
12.100	-0.514	0.419	0.537	1.47	0.22	0.59	3.86	2.54	1.35	47721	-0.513	0.416	0.563	-0.146	-0.014	0.671
12.109	-0.516	0.418	0.538	1.52	0.19	0.60	1.92	2.36	1.04	47620	-0.516	0.416	0.563	-0.146	-0.014	0.669
12.118	-0.519	0.418	0.538	1.53	0.16	0.61	0.26	1.19	1.05	47637	-0.519	0.415	0.563	-0.146	-0.014	0.667
12.129	-0.522	0.417	0.538	1.53	0.15	0.62	-1.03	0.86	1.33	47643	-0.522	0.415	0.563	-0.146	-0.014	0.666
12.136	-0.528	0.419	0.538	1.50	0.17	0.64	-1.26	0.58	0.66	47636	-0.525	0.414	0.563	-0.146	-0.014	0.664
12.144	-0.529	0.419	0.537	1.48	0.14	0.64	-0.68	0.22	0.72	47628	-0.528	0.414	0.562	-0.146	-0.013	0.662
12.156	-0.531	0.419	0.536	1.47	0.13	0.65	0.29	0.51	0.67	47824	-0.531	0.414	0.562	-0.146	-0.013	0.660
12.165	-0.529	0.418	0.536	1.47	0.10	0.65	1.53	0.84	0.82	47833	-0.534	0.414	0.562	-0.145	-0.013	0.658
12.177	-0.532	0.417	0.536	1.49	0.09	0.66	2.95	1.32	0.60	47831	-0.536	0.413	0.561	-0.145	-0.013	0.656
12.187	-0.530	0.416	0.536	1.52	0.03	0.67	4.57	2.21	0.94	47825	-0.538	0.413	0.561	-0.145	-0.012	0.654
12.196	-0.521	0.416	0.536	1.56	-0.08	0.67	5.42	2.57	0.99	47835	-0.539	0.412	0.561	-0.144	-0.012	0.652
12.207	-0.548	0.415	0.536	1.61	0.07	0.69	5.47	3.19	1.40	47856	-0.543	0.411	0.560	-0.144	-0.012	0.650
12.216	-0.551	0.414	0.536	1.66	0.05	0.71	5.03	2.28	1.61	47852	-0.546	0.411	0.560	-0.144	-0.012	0.648
12.226	-0.554	0.413	0.536	1.71	0.02	0.72	4.51	2.21	2.01	47842	-0.550	0.410	0.560	-0.145	-0.012	0.647
12.234	-0.561	0.412	0.536	1.76	0.03	0.75	3.35	3.21	1.93	47856	-0.554	0.409	0.560	-0.145	-0.012	0.645
12.243	-0.563	0.412	0.536	1.78	-0.01	0.77	2.05	3.87	1.84	47823	-0.558	0.409	0.560	-0.145	-0.011	0.643
12.257	-0.566	0.411	0.535	1.80	-0.05	0.79	0.40	3.65	1.94	47815	-0.562	0.408	0.559	-0.145	-0.011	0.641
12.264	-0.569	0.410	0.535	1.80	-0.09	0.81	-1.63	5.50	1.90	47813	-0.566	0.407	0.559	-0.146	-0.011	0.639
12.277	-0.566	0.414	0.536	1.75	-0.19	0.82	-4.29	6.01	1.69	47811	-0.568	0.407	0.559	-0.145	-0.011	0.638
12.287	-0.570	0.413	0.536	1.71	-0.24	0.84	-5.51	5.18	1.85	47693	-0.572	0.407	0.559	-0.145	-0.010	0.636
12.295	-0.576	0.411	0.536	1.67	-0.27	0.86	-5.13	5.18	1.80	47683	-0.575	0.406	0.559	-0.145	-0.010	0.634
12.307	-0.575	0.414	0.536	1.59	-0.34	0.88	-4.53	4.97	1.39	47671	-0.578	0.406	0.559	-0.145	-0.010	0.632
12.316	-0.580	0.415	0.536	1.52	-0.38	0.90	-4.42	4.09	1.06	47676	-0.581	0.406	0.559	-0.145	-0.009	0.631
12.326	-0.580	0.416	0.536	1.47	-0.44	0.90	-1.78	3.96	1.00	47680	-0.584	0.406	0.558	-0.145	-0.009	0.629
12.337	-0.581	0.409	0.536	1.49	-0.49	0.92	0.82	3.49	0.55	47572	-0.586	0.405	0.558	-0.145	-0.009	0.627
12.347	-0.580	0.407	0.536	1.50	-0.56	0.92	2.05	2.55	0.71	47547	-0.589	0.404	0.558	-0.144	-0.008	0.626
12.358	-0.579	0.402	0.536	1.55	-0.61	0.93	3.05	2.09	0.22	47538	-0.590	0.403	0.558	-0.144	-0.009	0.624
12.366	-0.579	0.402	0.537	1.57	-0.65	0.93	2.67	1.27	0.28	47537	-0.592	0.401	0.558	-0.143	-0.008	0.622
12.375	-0.588	0.402	0.537	1.59	-0.61	0.93	3.17	-0.56	0.25	47382	-0.594	0.400	0.558	-0.143	-0.008	0.621
12.384	-0.591	0.400	0.537	1.62	-0.61	0.94	3.51	-1.53	-0.09	47372	-0.597	0.399	0.558	-0.142	-0.008	0.619
12.394	-0.595	0.400	0.537	1.64	-0.58	0.94	1.58	-3.20	0.39	47386	-0.600	0.398	0.558	-0.142	-0.008	0.617
12.407	-0.598	0.399	0.537	1.66	-0.55	0.94	0.74	-3.69	0.71	47400	-0.603	0.397	0.558	-0.142	-0.008	0.616
12.415	-0.600	0.399	0.537	1.65	-0.52	0.94	0.62	-2.56	0.68	47468	-0.605	0.396	0.558	-0.142	-0.008	0.614
12.425	-0.602	0.400	0.537	1.64	-0.49	0.95	-1.58	-3.79	1.09	47472	-0.608	0.395	0.558	-0.141	-0.008	0.613
12.437	-0.603	0.396	0.537	1.64	-0.47	0.96	-3.44	-3.20	1.10	47473	-0.610	0.394	0.558	-0.141	-0.008	0.611
12.447	-0.601	0.394	0.537	1.61	-0.47	0.96	-5.20	-3.81	1.02	47480	-0.612	0.392	0.558	-0.140	-0.007	0.609
12.461	-0.604	0.391	0.536	1.57	-0.43	0.98	-6.37	-3.00	1.13	47482	-0.614	0.391	0.557	-0.140	-0.007	0.608
12.468	-0.606	0.389	0.535	1.51	-0.40	0.99	-6.23	-1.66	1.03	47674	-0.616	0.389	0.557	-0.139	-0.007	0.606
12.477	-0.606	0.389	0.535	1.44	-0.40	0.99	-5.45	-1.04	0.88	47686	-0.618	0.388	0.557	-0.139	-0.007	0.604
12.489	-0.611	0.390	0.535	1.36	-0.37	1.00	-6.64	-0.79	0.75	47686	-0.620	0.386	0.556	-0.138	-0.007	0.603
12.496	-0.612	0.391	0.536	1.27	-0.37	1.01	-4.63	0.55	1.21	47681	-0.622	0.385	0.556	-0.138	-0.007	0.601
12.506	-0.611	0.391	0.536	1.22	-0.40	1.02	-3.95	1.27	1.03	47477	-0.624	0.385	0.556	-0.137	-0.007	0.600
12.518	-0.614	0.386	0.536	1.21	-0.41	1.03	-1.42	1.97	1.00	47481	-0.626	0.383	0.556	-0.136	-0.006	0.598
12.525	-0.615	0.386	0.536	1.18	-0.44	1.04	0.67	1.34	0.68	47477	-0.628	0.382	0.556	-0.136	-0.006	0.597
12.535	-0.618	0.381	0.536	1.21	-0.45	1.05	2.72	0.78	0.98	47472	-0.629	0.380	0.556	-0.135	-0.006	0.595
12.545	-0.618	0.380	0.535	1.23	-0.48	1.06	3.23	0.15	1.32	47475	-0.631	0.379	0.556	-0.135	-0.006	0.594
12.556	-0.619	0.378	0.535	1.27	-0.49	1.07	5.24	-1.90	1.11	47644	-0.633	0.377	0.555	-0.134	-0.006	0.592
12.566	-0.621	0.376	0.535	1.31	-0.48	1.08	2.65	-1.49	1.72	47643	-0.634	0.375	0.555	-0.133	-0.006	0.591
12.576	-0.622	0.377	0.535	1.33	-0.48	1.09	1.46	-2.15	1.39	47642	-0.636	0.374	0.555	-0.133	-0.006	0.589
12.587	-0.628	0.377	0.536	1.33	-0.44	1.10	-0.42	-2.12	1.54	47665	-0.638	0.373	0.555	-0.132	-0.006	0.588
12.598	-0.630	0.375	0.536	1.33	-0.41	1.12	-2.37	-3.82	1.86	47467	-0.640	0.371	0.555	-0.131	-0.006	0.586
12.607	-0.632	0.373	0.536	1.31	-0.38	1.13	-3.11	-4.35	1.28	47466	-0.642	0.370	0.555	-0.131	-0.005	0.585
12.614	-0.635	0.372	0.536	1.28	-0.33	1.15	-2.64	-4.92	1.62	47473	-0.644	0.368	0.555	-0.130	-0.005	0.584
12.626	-0.636	0.369	0.536	1.26	-0.29	1.16	-3.70	-4.31	1.75	47489	-0.646	0.367	0.554	-0.130	-0.005	0.582
12.637	-0.643	0.362	0.535	1.26	-0.21	1.18	-5.04	-3.06	1.04	47709	-0.649	0.365	0.554	-0.130	-0.005	0.581
12.645	-0.642	0.361	0.535	1.20	-0.20	1.19	-4.19	-2.16	0.66	47708	-0.651	0.362	0.554	-0.129	-0.005	0.579
12.656	-0.646	0.359	0.535	1.16	-0.17	1.20	-3.85	-1.63	0.39	47714	-0.654	0.360	0.554	-0.129	-0.005	0.578
12.666	-0.648	0.358	0.534	1.12	-0.15	1.20	-3.30	-0.02	0.43	47730	-0.656	0.358	0.553	-0.128	-0.005	0.576
12.677	-0.651	0.356	0.535	1.09	-0.15	1.20	-1.71	1.89	-0.17	47727	-0.658	0.356	0.553	-0.128	-0.005	0.575
12.686	-0.653	0.354	0.535	1.07	-0.17	1.20	0.84	3.14	0.24	47677	-0.661	0.354	0.553	-0.128	-0.005	0.574
12.695	-0.650	0.354	0.534	1.06	-0.24	1.20	2.13	3.68	-0.31	47687	-0.663	0.352	0.553	-0.127	-0.005	0.572
12.705	-0.661	0.347	0.534	1.12	-0.21	1.21	1.42	3.28	-0.01	47693	-0.666	0.350	0.552	-0.127	-0.005	0.571
12.716	-0.663	0.345	0.534	1.13	-0.25	1.21	0.83	4.33	-0.36	47686	-0.668	0.347	0.552	-0.127	-0.006	0.570
12.727	-0.665	0.345	0.534	1.12	-0.29	1.21	2.45	4.50	-0.46	47704	-0.671	0.345	0.552	-0.126	-0.006	0.568
12.737	-0.667	0.343	0.534	1.15	-0.34	1.20	1.89	3.64	-1.19	47716	-0.674	0.343	0.552	-0.126	-0.006	0.567
12.747	-0.671	0.342	0.534	1.15	-0.37	1.19	-0.31	2.46	-1.33	47712	-0.676	0.341	0.552	-0.126	-0.006	0.565
12.755	-0.669	0.340	0.534	1.15	-0.42	1.18	-2.81	1.32	-1.17	47702	-0.679	0.339	0.551	-0.125	-0.005	0.564
12.767	-0.674	0.331	0.533	1.18	-0.42	1.17	-5.30	0.64	-1.57	47700	-0.681	0.336	0.551	-0.125	-0.006	0.563
12.778	-0.673	0.331	0.533	1.11	-0.45	1.15	-5.79	0.58	-1.17	47837	-0.683	0.333	0.551	-0.124	-0.006	0.561
12.786	-0.674	0.332	0.533	1.03	-0.47	1.13	-6.22	-0.71	-1.83	47829	-0.685	0.331	0.551	-0.124	-0.006	0.560
12.797	-0.676	0.330	0.533	0.96	-0.46	1.11	-5.89	-1.47	-1.25	47829	-0.687	0.329	0.550	-0.123	-0.006	0.559
12.804	-0.675	0.333	0.532	0.87	-0.47	1.10	-5.35	-1.41	-1.45	47843	-0.689	0.328	0.550	-0.122	-0.006	0.557
12.817	-0.682	0.328	0.532	0.84	-0.43	1.08	-4.57	-0.82	-1.24	47961	-0.691	0.326	0.550	-0.122	-0.005	0.556
12.827	-0.684	0.326	0.532	0.79	-0.42	1.07	-2.80	0.02	-1.04	47970	-0.694	0.324	0.549	-0.121	-0.005	0.555
12.836	-0.687	0.324	0.531	0.76	-0.42	1.06	-0.55	1.73	-1.03	47971	-0.696	0.322	0.549	-0.121	-0.005	0.553
12.846	-0.690	0.319	0.532	0.77	-0.42	1.05	-0.30	2.42	-0.97	47965	-0.698	0.319	0.549	-0.121	-0.005	0.552
12.858	-0.695	0.318	0.531	0.76	-0.43	1.04	0.53	3.85	-0.71	47910	-0.701	0.317	0.549	-0.120	-0.005	0.551
12.866	-0.696	0.312	0.531	0.79	-0.47	1.04	2.00	5.25	-1.00	47899	-0.704	0.314	0.548	-0.120	-0.005	0.549
12.876	-0.695	0.310	0.531	0.81	-0.55	1.03	3.59	5.76	-1.26	47894	-0.706	0.312	0.548	-0.119	-0.005	0.548
12.887	-0.693	0.312	0.531	0.81	-0.63	1.01	2.88	5.73	-1.04	47897	-0.707	0.310	0.548	-0.119	-0.005	0.547
12.895	-0.695	0.310	0.531	0.84	-0.69	1.00	2.76	5.36	-1.17	47887	-0.709	0.308	0.548	-0.118	-0.005	0.546
12.905	-0.695	0.311	0.530	0.85	-0.76	0.99	3.25	5.38	-0.73	47944	-0.710	0.306	0.547	-0.117	-0.005	0.544
12.916	-0.701	0.309	0.530	0.87	-0.78	0.98	1.72	3.05	-0.57	47928	-0.713	0.304	0.547	-0.117	-0.005	0.543
12.926	-0.704	0.307	0.530	0.89	-0.82	0.98	0.85	2.42	-0.64	47927	-0.715	0.302	0.547	-0.116	-0.004	0.542
12.936	-0.704	0.310	0.531	0.86	-0.85	0.97	0.76	-0.10	-0.73	47927	-0.717	0.301	0.547	-0.115	-0.004	0.541
12.945	-0.705	0.309	0.531	0.86	-0.86	0.96	-0.80	-1.47	-0.48	47783	-0.718	0.300	0.547	-0.115	-0.004	0.539
12.957	-0.709	0.307	0.531	0.85	-0.83	0.95	-1.05	-2.82	0.14	47755	-0.720	0.299	0.547	-0.114	-0.003	0.538
12.967	-0.711	0.299	0.531	0.88	-0.80	0.96	-3.24	-4.36	-0.15	47737	-0.722	0.297	0.547	-0.113	-0.003	0.537
12.977	-0.714	0.298	0.531	0.84	-0.76	0.95	-1.32	-3.88	-0.49	47737	-0.725	0.295	0.547	-0.113	-0.003	0.536
12.986	-0.716	0.296	0.530	0.82	-0.72	0.95	-0.34	-2.91	-0.20	47762	-0.727	0.293	0.546	-0.112	-0.003	0.534
12.998	-0.716	0.295	0.530	0.80	-0.71	0.94	-0.19	-2.44	-0.68	47746	-0.729	0.291	0.546	-0.112	-0.002	0.533
13.010	-0.715	0.298	0.530	0.77	-0.70	0.93	1.83	-0.99	-0.67	47746	-0.730	0.290	0.546	-0.111	-0.002	0.532
13.015	-0.714	0.297	0.530	0.77	-0.71	0.92	3.04	1.08	-0.80	47736	-0.731	0.288	0.546	-0.110	-0.002	0.531
13.028	-0.714	0.296	0.531	0.79	-0.73	0.91	2.43	1.42	-0.46	47712	-0.732	0.287	0.546	-0.109	-0.001	0.530
13.040	-0.713	0.298	0.531	0.79	-0.76	0.90	3.69	1.91	-0.62	47491	-0.733	0.286	0.546	-0.108	-0.001	0.529
13.047	-0.715	0.291	0.531	0.86	-0.78	0.90	4.35	3.07	-0.26	47487	-0.734	0.285	0.546	-0.107	-0.000	0.528
13.060	-0.714	0.289	0.531	0.90	-0.83	0.90	6.24	2.87	-0.38	47476	-0.735	0.283	0.546	-0.106	0.000	0.526
13.081	-0.716	0.289	0.531	0.94	-0.86	0.89	6.71	2.01	-0.39	47459	-0.736	0.282	0.546	-0.105	0.000	0.525
13.089	-0.717	0.287	0.531	1.00	-0.88	0.89	4.40	1.18	-0.68	47553	-0.737	0.280	0.546	-0.104	0.001	0.524
13.094	-0.718	0.287	0.531	1.04	-0.90	0.88	3.53	-0.14	-0.36	47557	-0.738	0.279	0.546	-0.103	0.001	0.523
13.097	-0.722	0.282	0.531	1.10	-0.88	0.88	1.60	-2.09	-0.48	47551	-0.739	0.277	0.546	-0.102	0.001	0.522
13.111	-0.725	0.276	0.531	1.14	-0.85	0.88	0.95	-3.52	-0.28	47548	-0.740	0.275	0.545	-0.101	0.002	0.521
13.117	-0.726	0.275	0.531	1.13	-0.82	0.87	0.33	-5.55	0.07	47555	-0.742	0.273	0.545	-0.101	0.002	0.520
13.126	-0.728	0.273	0.531	1.14	-0.77	0.87	-0.28	-6.84	-0.07	47625	-0.743	0.270	0.545	-0.100	0.002	0.519
13.136	-0.729	0.271	0.530	1.13	-0.70	0.87	-0.50	-7.22	-0.01	47623	-0.745	0.268	0.545	-0.099	0.002	0.517
13.147	-0.730	0.273	0.530	1.10	-0.64	0.86	-0.35	-7.11	-0.26	47622	-0.746	0.267	0.545	-0.098	0.002	0.516
13.154	-0.730	0.273	0.530	1.08	-0.58	0.86	0.31	-5.88	0.27	47636	-0.747	0.265	0.545	-0.097	0.003	0.515
13.167	-0.730	0.267	0.530	1.10	-0.53	0.86	0.83	-4.39	-0.02	47740	-0.748	0.263	0.544	-0.097	0.003	0.514
13.177	-0.732	0.265	0.530	1.11	-0.48	0.86	0.95	-2.87	0.12	47727	-0.749	0.261	0.544	-0.096	0.003	0.513
13.188	-0.733	0.263	0.530	1.12	-0.45	0.86	1.59	-1.04	-0.10	47724	-0.750	0.259	0.544	-0.095	0.003	0.512
13.196	-0.734	0.260	0.530	1.13	-0.44	0.86	1.68	1.04	0.20	47732	-0.751	0.257	0.544	-0.094	0.003	0.511
13.204	-0.735	0.255	0.530	1.17	-0.46	0.87	1.79	2.83	0.34	47724	-0.752	0.254	0.544	-0.093	0.003	0.510
13.214	-0.737	0.252	0.530	1.19	-0.48	0.87	2.72	4.04	0.42	47620	-0.754	0.252	0.544	-0.092	0.003	0.509
13.225	-0.739	0.244	0.530	1.26	-0.52	0.88	1.17	3.27	0.22	47611	-0.755	0.248	0.544	-0.091	0.003	0.508
13.234	-0.741	0.246	0.530	1.24	-0.55	0.88	1.75	3.20	0.04	47612	-0.756	0.246	0.543	-0.091	0.003	0.507
13.246	-0.743	0.243	0.531	1.25	-0.58	0.88	1.09	2.68	0.19	47604	-0.758	0.243	0.544	-0.090	0.003	0.506
13.256	-0.743	0.244	0.531	1.24	-0.61	0.88	-0.65	1.70	0.06	47381	-0.759	0.241	0.544	-0.089	0.003	0.505
13.267	-0.743	0.247	0.531	1.20	-0.64	0.87	-2.12	0.18	-0.01	47377	-0.760	0.239	0.544	-0.088	0.004	0.504
13.278	-0.742	0.246	0.531	1.17	-0.66	0.87	-3.80	-1.14	0.10	47384	-0.761	0.238	0.544	-0.087	0.004	0.503
13.286	-0.745	0.239	0.530	1.16	-0.64	0.87	-2.70	-2.04	0.52	47389	-0.762	0.235	0.544	-0.086	0.004	0.502
13.296	-0.743	0.240	0.530	1.11	-0.64	0.87	-4.11	-2.21	0.46	47562	-0.763	0.234	0.543	-0.085	0.005	0.501
13.305	-0.743	0.240	0.530	1.05	-0.63	0.87	-3.29	-2.05	0.06	47574	-0.763	0.232	0.543	-0.084	0.005	0.500
13.317	-0.743	0.240	0.530	1.01	-0.62	0.87	-3.47	-1.18	0.47	47589	-0.764	0.230	0.543	-0.083	0.006	0.499
13.326	-0.750	0.230	0.530	1.02	-0.56	0.88	-1.92	-0.37	0.22	47587	-0.765	0.228	0.543	-0.082	0.006	0.498
13.335	-0.751	0.230	0.530	0.99	-0.56	0.89	-0.82	1.37	0.30	47585	-0.766	0.226	0.543	-0.082	0.006	0.497
13.343	-0.752	0.227	0.530	0.98	-0.57	0.89	0.66	2.22	0.06	47614	-0.767	0.224	0.543	-0.081	0.006	0.496
13.354	-0.753	0.230	0.530	0.96	-0.60	0.89	1.35	4.02	0.63	47616	-0.768	0.222	0.543	-0.080	0.007	0.495
13.368	-0.754	0.227	0.530	0.97	-0.64	0.89	2.27	4.34	0.62	47608	-0.770	0.220	0.542	-0.079	0.007	0.494
13.374	-0.759	0.220	0.530	1.02	-0.65	0.90	2.18	4.44	1.11	47613	-0.771	0.218	0.542	-0.079	0.007	0.493
13.384	-0.760	0.218	0.530	1.05	-0.69	0.91	2.88	3.16	1.01	47718	-0.773	0.215	0.542	-0.078	0.007	0.493
13.394	-0.761	0.215	0.529	1.07	-0.73	0.93	1.22	2.77	1.17	47721	-0.774	0.213	0.542	-0.077	0.007	0.492
13.405	-0.762	0.216	0.529	1.06	-0.76	0.93	1.29	2.64	1.57	47725	-0.776	0.211	0.542	-0.077	0.008	0.491
13.421	-0.765	0.204	0.529	1.13	-0.77	0.96	1.26	1.49	1.54	47742	-0.777	0.207	0.541	-0.076	0.007	0.490
13.427	-0.766	0.201	0.530	1.15	-0.79	0.97	0.50	0.56	1.36	47550	-0.779	0.204	0.541	-0.075	0.007	0.489
13.436	-0.767	0.200	0.530	1.14	-0.80	0.98	-1.29	0.51	1.13	47540	-0.780	0.201	0.541	-0.075	0.007	0.488
13.445	-0.767	0.203	0.530	1.09	-0.82	0.99	-3.14	-0.14	1.08	47542	-0.782	0.199	0.541	-0.074	0.007	0.487
13.456	-0.769	0.207	0.530	1.01	-0.81	1.00	-3.32	-0.93	1.17	47551	-0.783	0.197	0.541	-0.073	0.008	0.486
13.466	-0.769	0.207	0.530	0.96	-0.81	1.01	-3.24	-1.26	0.46	47539	-0.784	0.196	0.541	-0.072	0.008	0.486
13.476	-0.770	0.199	0.530	0.96	-0.80	1.02	-4.59	-0.94	0.28	47546	-0.786	0.194	0.541	-0.072	0.009	0.485
13.487	-0.771	0.197	0.530	0.91	-0.79	1.02	-3.08	0.18	0.57	47558	-0.787	0.191	0.541	-0.071	0.009	0.484
13.492	-0.772	0.194	0.530	0.88	-0.79	1.03	-2.02	1.30	0.39	47557	-0.788	0.189	0.541	-0.070	0.009	0.483
13.502	-0.773	0.180	0.530	0.94	-0.81	1.04	-0.40	2.33	0.50	47536	-0.789	0.185	0.541	-0.069	0.009	0.482
13.517	-0.774	0.178	0.530	0.93	-0.83	1.04	0.89	2.81	0.57	47619	-0.790	0.182	0.541	-0.068	0.009	0.481
13.525	-0.775	0.175	0.529	0.94	-0.86	1.05	1.05	3.30	0.48	47632	-0.791	0.178	0.541	-0.068	0.009	0.480
13.535	-0.777	0.179	0.529	0.91	-0.88	1.05	1.78	3.46	0.59	47637	-0.792	0.176	0.540	-0.067	0.009	0.480
13.544	-0.778	0.180	0.529	0.90	-0.92	1.05	1.45	3.82	0.25	47635	-0.793	0.174	0.540	-0.066	0.009	0.479
13.553	-0.778	0.175	0.529	0.93	-0.96	1.05	0.11	2.96	0.28	47647	-0.794	0.171	0.540	-0.065	0.009	0.478
13.564	-0.779	0.172	0.529	0.93	-0.99	1.05	-1.64	2.81	0.10	47766	-0.795	0.169	0.540	-0.064	0.009	0.477
13.577	-0.780	0.173	0.529	0.89	-1.02	1.05	-2.41	1.12	-0.52	47755	-0.796	0.167	0.540	-0.064	0.010	0.476
13.586	-0.780	0.173	0.528	0.84	-1.04	1.04	-2.51	0.86	-0.10	47753	-0.797	0.165	0.539	-0.063	0.010	0.475
13.596	-0.783	0.159	0.528	0.89	-1.02	1.05	-3.32	-0.86	-0.13	47765	-0.798	0.161	0.539	-0.062	0.010	0.475
13.607	-0.784	0.156	0.528	0.86	-1.01	1.05	-3.21	-2.30	0.31	47809	-0.800	0.158	0.539	-0.061	0.010	0.474
13.616	-0.786	0.158	0.528	0.80	-0.98	1.05	-3.79	-2.78	-0.13	47808	-0.801	0.155	0.539	-0.060	0.010	0.473
13.625	-0.783	0.161	0.528	0.72	-0.97	1.04	-3.80	-2.97	0.33	47811	-0.801	0.153	0.539	-0.059	0.011	0.472
13.635	-0.786	0.155	0.528	0.70	-0.93	1.05	-3.96	-3.74	0.37	47810	-0.802	0.151	0.538	-0.059	0.011	0.471
13.646	-0.787	0.152	0.529	0.67	-0.89	1.05	-2.78	-1.16	0.18	47564	-0.803	0.148	0.538	-0.058	0.011	0.471
13.655	-0.788	0.149	0.529	0.64	-0.88	1.05	-3.32	-0.71	0.23	47571	-0.804	0.146	0.538	-0.057	0.011	0.470
13.666	-0.789	0.141	0.529	0.64	-0.87	1.06	-1.80	1.28	0.02	47585	-0.805	0.142	0.538	-0.056	0.011	0.469
13.674	-0.788	0.138	0.529	0.62	-0.89	1.06	-2.06	1.93	0.35	47586	-0.806	0.139	0.538	-0.055	0.011	0.469
13.686	-0.787	0.136	0.529	0.59	-0.92	1.06	-0.76	3.36	-0.16	47588	-0.806	0.136	0.538	-0.054	0.011	0.468
13.695	-0.787	0.139	0.529	0.54	-0.97	1.06	-1.11	4.05	0.57	47508	-0.807	0.134	0.538	-0.053	0.011	0.467
13.704	-0.786	0.143	0.529	0.48	-1.02	1.06	-0.88	3.37	0.53	47502	-0.807	0.132	0.538	-0.052	0.012	0.466
13.714	-0.785	0.143	0.529	0.45	-1.07	1.06	-2.51	3.58	0.29	47488	-0.807	0.131	0.538	-0.051	0.012	0.466
13.726	-0.787	0.137	0.528	0.46	-1.09	1.07	-1.98	3.04	0.20	47476	-0.808	0.129	0.538	-0.050	0.013	0.465
13.735	-0.788	0.134	0.528	0.44	-1.12	1.07	-1.48	1.66	0.17	47732	-0.808	0.127	0.538	-0.049	0.013	0.464
13.746	-0.787	0.126	0.528	0.46	-1.15	1.08	-1.02	0.36	0.16	47736	-0.808	0.124	0.538	-0.048	0.013	0.464
13.755	-0.787	0.111	0.528	0.54	-1.16	1.09	-0.19	-0.82	0.33	47729	-0.808	0.120	0.538	-0.047	0.013	0.463
13.767	-0.788	0.114	0.528	0.50	-1.14	1.09	0.83	-2.35	-0.43	47730	-0.809	0.116	0.537	-0.046	0.013	0.462
13.777	-0.788	0.116	0.526	0.46	-1.12	1.08	2.34	-3.63	0.10	47734	-0.809	0.113	0.537	-0.045	0.013	0.461
13.786	-0.789	0.108	0.526	0.52	-1.09	1.08	2.73	-4.88	0.14	47925	-0.809	0.110	0.537	-0.044	0.013	0.460
13.796	-0.792	0.094	0.526	0.63	-1.02	1.09	1.34	-5.11	0.55	47922	-0.810	0.105	0.536	-0.043	0.012	0.460
13.806	-0.792	0.091	0.526	0.64	-0.97	1.10	0.80	-5.61	0.62	47934	-0.810	0.101	0.536	-0.042	0.012	0.459
13.815	-0.793	0.096	0.527	0.59	-0.91	1.10	0.89	-4.30	0.73	47949	-0.811	0.097	0.536	-0.041	0.012	0.458
13.824	-0.793	0.093	0.527	0.59	-0.87	1.10	-0.49	-2.29	0.37	47783	-0.811	0.094	0.536	-0.040	0.012	0.458
13.836	-0.793	0.073	0.527	0.70	-0.85	1.12	-2.44	-0.82	0.14	47772	-0.812	0.089	0.536	-0.039	0.011	0.457
13.846	-0.794	0.075	0.526	0.63	-0.84	1.12	-5.29	0.64	0.04	47780	-0.812	0.084	0.536	-0.038	0.010	0.456
13.857	-0.793	0.080	0.526	0.52	-0.86	1.11	-6.29	2.55	-0.31	47779	-0.812	0.081	0.535	-0.037	0.010	0.455
13.866	-0.793	0.060	0.527	0.57	-0.88	1.12	-7.34	3.05	-0.52	47731	-0.813	0.075	0.535	-0.036	0.010	0.455
13.875	-0.793	0.065	0.527	0.43	-0.92	1.11	-8.89	4.47	-0.43	47734	-0.813	0.071	0.535	-0.035	0.009	0.454
13.885	-0.796	0.041	0.526	0.49	-0.94	1.12	-8.98	4.28	-0.34	47729	-0.813	0.065	0.535	-0.034	0.008	0.453
13.895	-0.796	0.037	0.526	0.40	-0.98	1.12	-10.65	3.24	-0.31	47759	-0.814	0.058	0.535	-0.033	0.007	0.453
13.906	-0.797	0.019	0.527	0.40	-1.02	1.12	-9.30	3.56	0.02	47760	-0.815	0.051	0.535	-0.032	0.005	0.452
13.918	-0.796	0.025	0.527	0.24	-1.06	1.11	-10.82	1.95	-0.35	47654	-0.815	0.044	0.535	-0.031	0.004	0.452
13.928	-0.796	0.019	0.527	0.15	-1.08	1.12	-10.80	1.58	-0.22	47655	-0.815	0.038	0.535	-0.030	0.003	0.451
13.934	-0.798	0.011	0.527	0.06	-1.08	1.12	-10.66	0.85	0.13	47658	-0.816	0.032	0.535	-0.030	0.002	0.450
13.945	-0.799	0.007	0.526	-0.04	-1.09	1.12	-11.85	-0.80	-0.31	47654	-0.816	0.025	0.535	-0.029	0.001	0.450
13.956	-0.800	-0.006	0.526	-0.10	-1.07	1.12	-13.49	-1.88	0.00	47701	-0.817	0.018	0.535	-0.028	0.000	0.449
13.965	-0.801	-0.005	0.526	-0.28	-1.04	1.12	-14.16	-2.03	-0.48	47723	-0.817	0.012	0.535	-0.027	-0.001	0.448
13.975	-0.800	0.000	0.526	-0.49	-1.04	1.11	-14.27	-1.23	-0.21	47728	-0.818	0.008	0.535	-0.026	-0.001	0.448
13.985	-0.802	-0.009	0.526	-0.60	-1.01	1.11	-13.47	-0.82	-0.16	47716	-0.818	0.002	0.535	-0.025	-0.002	0.447
13.995	-0.802	-0.011	0.525	-0.74	-1.01	1.11	-14.01	0.25	0.33	47723	-0.819	-0.003	0.534	-0.024	-0.002	0.446
14.006	-0.801	-0.011	0.525	-0.90	-1.01	1.11	-12.87	0.35	0.76	47899	-0.819	-0.007	0.534	-0.023	-0.002	0.446
14.016	-0.805	-0.024	0.525	-0.97	-0.99	1.12	-10.73	1.06	0.51	47903	-0.820	-0.012	0.534	-0.023	-0.003	0.445
14.024	-0.805	-0.028	0.525	-1.08	-1.00	1.13	-7.96	2.25	0.04	47900	-0.821	-0.017	0.534	-0.022	-0.003	0.444
14.035	-0.805	-0.032	0.524	-1.16	-1.02	1.13	-5.37	3.41	0.39	47912	-0.821	-0.023	0.533	-0.021	-0.004	0.444
14.047	-0.804	-0.033	0.524	-1.23	-1.06	1.13	-3.32	3.72	0.47	48051	-0.822	-0.027	0.533	-0.020	-0.004	0.443
14.056	-0.804	-0.038	0.524	-1.25	-1.10	1.13	-1.57	3.29	0.50	48042	-0.822	-0.032	0.533	-0.019	-0.005	0.442
14.065	-0.805	-0.037	0.524	-1.30	-1.13	1.13	-0.99	3.36	0.39	48031	-0.823	-0.036	0.532	-0.018	-0.005	0.442
14.075	-0.805	-0.041	0.523	-1.32	-1.16	1.14	-0.60	2.38	0.35	48032	-0.823	-0.039	0.532	-0.017	-0.005	0.441
14.090	-0.802	-0.038	0.524	-1.37	-1.21	1.14	0.43	1.54	0.27	47849	-0.823	-0.043	0.532	-0.016	-0.004	0.440
14.098	-0.805	-0.037	0.524	-1.40	-1.21	1.13	1.48	-0.29	0.23	47830	-0.823	-0.045	0.532	-0.015	-0.004	0.440
14.105	-0.803	-0.042	0.524	-1.37	-1.21	1.14	2.28	-1.61	0.57	47822	-0.823	-0.048	0.532	-0.014	-0.004	0.439
14.116	-0.802	-0.041	0.524	-1.38	-1.21	1.14	3.28	-2.67	0.51	47826	-0.823	-0.050	0.532	-0.013	-0.003	0.439
14.127	-0.802	-0.045	0.525	-1.35	-1.19	1.14	4.89	-3.84	0.08	47815	-0.823	-0.053	0.532	-0.012	-0.003	0.438
14.137	-0.802	-0.048	0.525	-1.30	-1.15	1.14	4.16	-3.73	-0.01	47595	-0.823	-0.055	0.532	-0.011	-0.003	0.438
14.146	-0.802	-0.051	0.525	-1.26	-1.11	1.14	3.52	-3.57	-0.52	47586	-0.822	-0.058	0.532	-0.010	-0.002	0.437
14.153	-0.803	-0.060	0.525	-1.19	-1.05	1.14	4.86	-2.37	-0.87	47575	-0.822	-0.061	0.532	-0.009	-0.002	0.436
14.166	-0.805	-0.060	0.527	-1.16	-1.01	1.13	3.87	-2.05	-1.24	47558	-0.823	-0.064	0.533	-0.008	-0.002	0.436
14.175	-0.808	-0.066	0.527	-1.11	-0.97	1.12	4.78	0.05	-1.02	47263	-0.823	-0.067	0.533	-0.007	-0.002	0.436
14.186	-0.808	-0.069	0.527	-1.06	-0.97	1.11	4.49	1.87	-0.95	47252	-0.824	-0.070	0.533	-0.007	-0.002	0.435
14.194	-0.803	-0.068	0.527	-1.05	-1.02	1.10	3.86	1.87	-0.82	47237	-0.824	-0.073	0.533	-0.006	-0.002	0.435
14.205	-0.803	-0.069	0.527	-1.03	-1.05	1.09	3.59	3.29	-0.86	47218	-0.823	-0.075	0.533	-0.005	-0.001	0.434
14.216	-0.803	-0.072	0.526	-0.99	-1.09	1.08	3.91	6.07	-0.52	47193	-0.823	-0.078	0.533	-0.004	-0.001	0.434
14.225	-0.802	-0.070	0.526	-0.99	-1.15	1.07	5.06	6.40	-0.51	47340	-0.823	-0.080	0.533	-0.002	-0.001	0.433
14.237	-0.799	-0.070	0.527	-0.97	-1.24	1.06	3.03	5.10	-0.35	47345	-0.822	-0.082	0.533	-0.001	0.000	0.433
14.244	-0.800	-0.068	0.527	-0.97	-1.28	1.05	3.70	5.17	-0.83	47342	-0.822	-0.083	0.533	-0.000	0.001	0.432
14.252	-0.799	-0.071	0.526	-0.94	-1.33	1.04	5.43	3.93	-0.67	47330	-0.821	-0.084	0.533	0.001	0.001	0.431
14.266	-0.799	-0.073	0.526	-0.88	-1.37	1.03	7.06	1.20	-0.95	47457	-0.821	-0.085	0.533	0.002	0.002	0.431
14.277	-0.797	-0.073	0.526	-0.83	-1.39	1.02	9.20	-0.20	-1.10	47460	-0.820	-0.087	0.533	0.003	0.003	0.430
14.285	-0.797	-0.076	0.526	-0.74	-1.39	1.01	10.89	-2.10	-1.15	47442	-0.820	-0.088	0.533	0.004	0.003	0.430
14.296	-0.797	-0.079	0.526	-0.63	-1.37	1.00	13.34	-4.07	-0.52	47434	-0.819	-0.090	0.533	0.006	0.004	0.429
14.303	-0.796	-0.082	0.526	-0.50	-1.33	1.00	13.83	-4.26	-0.55	47378	-0.819	-0.091	0.533	0.007	0.004	0.429
14.315	-0.796	-0.084	0.526	-0.36	-1.28	0.99	14.31	-5.59	-0.37	47377	-0.818	-0.093	0.533	0.008	0.005	0.428
14.324	-0.794	-0.085	0.526	-0.24	-1.24	0.99	13.61	-5.20	-0.76	47369	-0.817	-0.095	0.532	0.009	0.005	0.428
14.336	-0.793	-0.088	0.527	-0.11	-1.19	0.98	12.50	-5.36	-0.74	47380	-0.816	-0.096	0.532	0.010	0.006	0.428
14.344	-0.793	-0.090	0.526	0.02	-1.14	0.98	11.00	-3.50	-1.11	47384	-0.816	-0.098	0.532	0.011	0.006	0.427
14.356	-0.791	-0.092	0.526	0.13	-1.11	0.97	9.42	-1.44	-1.53	47558	-0.815	-0.100	0.532	0.013	0.007	0.427
14.365	-0.792	-0.090	0.525	0.19	-1.09	0.95	7.47	-0.69	-1.79	47560	-0.814	-0.101	0.532	0.014	0.007	0.426
14.376	-0.791	-0.090	0.525	0.24	-1.09	0.93	6.31	1.01	-1.34	47574	-0.813	-0.102	0.532	0.015	0.008	0.426
14.386	-0.790	-0.093	0.525	0.30	-1.11	0.92	4.83	1.43	-1.14	47577	-0.813	-0.104	0.531	0.016	0.008	0.425
14.391	-0.789	-0.095	0.525	0.35	-1.12	0.90	4.35	1.59	-1.10	47603	-0.812	-0.105	0.531	0.017	0.009	0.425
14.405	-0.786	-0.094	0.525	0.36	-1.16	0.89	4.71	2.30	-1.53	47603	-0.811	-0.106	0.531	0.018	0.009	0.424
14.416	-0.785	-0.097	0.525	0.40	-1.18	0.88	5.32	1.29	-1.84	47612	-0.810	-0.108	0.531	0.020	0.010	0.424
14.427	-0.784	-0.096	0.525	0.44	-1.20	0.86	7.19	0.30	-1.65	47624	-0.808	-0.109	0.531	0.021	0.011	0.423
14.438	-0.783	-0.095	0.526	0.48	-1.20	0.84	7.89	-1.34	-1.83	47621	-0.807	-0.109	0.531	0.022	0.011	0.423
14.447	-0.783	-0.093	0.526	0.52	-1.18	0.81	7.59	-3.10	-1.79	47473	-0.806	-0.110	0.531	0.023	0.012	0.423
14.454	-0.784	-0.096	0.526	0.60	-1.13	0.79	9.20	-4.94	-1.25	47477	-0.806	-0.110	0.531	0.024	0.013	0.422
14.465	-0.785	-0.093	0.526	0.66	-1.07	0.77	9.79	-5.89	-1.28	47473	-0.805	-0.111	0.531	0.025	0.014	0.422
14.476	-0.784	-0.095	0.525	0.76	-1.02	0.76	10.86	-5.71	-1.37	47472	-0.804	-0.111	0.531	0.026	0.015	0.421
14.485	-0.784	-0.097	0.525	0.86	-0.96	0.74	9.54	-6.13	-1.51	47527	-0.804	-0.112	0.530	0.028	0.015	0.421
14.498	-0.783	-0.097	0.525	0.94	-0.90	0.72	8.97	-4.19	-1.72	47536	-0.803	-0.112	0.530	0.029	0.016	0.421
14.506	-0.778	-0.099	0.525	1.03	-0.90	0.71	8.31	-2.69	-1.63	47533	-0.802	-0.113	0.530	0.030	0.017	0.420
14.516	-0.777	-0.098	0.525	1.08	-0.87	0.69	6.41	-1.25	-2.01	47525	-0.801	-0.113	0.530	0.031	0.018	0.420
14.525	-0.776	-0.100	0.524	1.15	-0.86	0.67	5.45	2.06	-1.79	47681	-0.799	-0.114	0.530	0.032	0.018	0.420
14.535	-0.775	-0.102	0.524	1.20	-0.88	0.65	4.49	1.40	-1.70	47697	-0.798	-0.115	0.530	0.033	0.019	0.419
14.545	-0.774	-0.104	0.524	1.24	-0.90	0.64	2.79	2.74	-1.83	47714	-0.797	-0.116	0.530	0.035	0.020	0.419
14.556	-0.769	-0.103	0.524	1.25	-0.95	0.62	2.83	3.19	-1.66	47713	-0.795	-0.117	0.529	0.036	0.020	0.418
14.564	-0.771	-0.099	0.523	1.23	-0.96	0.60	2.55	2.62	-1.81	47721	-0.794	-0.117	0.529	0.037	0.021	0.418
14.576	-0.769	-0.100	0.523	1.25	-0.99	0.58	3.21	1.86	-1.88	47959	-0.793	-0.117	0.529	0.038	0.022	0.417
14.585	-0.768	-0.102	0.522	1.28	-1.01	0.56	3.71	-0.20	-1.86	47979	-0.791	-0.117	0.528	0.039	0.023	0.417
14.593	-0.769	-0.103	0.522	1.31	-0.99	0.54	4.41	-2.12	-1.48	47981	-0.790	-0.118	0.528	0.041	0.024	0.416
14.605	-0.770	-0.109	0.522	1.39	-0.96	0.53	5.12	-3.18	-0.96	47990	-0.789	-0.119	0.528	0.042	0.024	0.416
14.617	-0.767	-0.114	0.522	1.45	-0.94	0.52	5.47	-3.93	-0.86	48014	-0.788	-0.121	0.527	0.043	0.025	0.416
14.628	-0.768	-0.118	0.522	1.53	-0.88	0.51	5.50	-4.72	-0.48	48027	-0.787	-0.123	0.527	0.044	0.025	0.415
14.636	-0.770	-0.119	0.522	1.57	-0.81	0.50	4.68	-4.73	-0.87	48034	-0.787	-0.125	0.527	0.044	0.025	0.415
14.649	-0.768	-0.119	0.521	1.60	-0.77	0.49	3.39	-2.89	-0.69	48031	-0.786	-0.126	0.527	0.045	0.025	0.414
14.654	-0.766	-0.121	0.522	1.63	-0.74	0.49	1.01	-1.47	-0.81	48028	-0.785	-0.128	0.527	0.046	0.026	0.414
14.666	-0.764	-0.120	0.522	1.62	-0.74	0.48	-0.99	1.11	-0.80	47844	-0.784	-0.129	0.527	0.047	0.026	0.414
14.676	-0.764	-0.120	0.522	1.60	-0.74	0.47	-3.70	4.24	-0.79	47845	-0.783	-0.131	0.527	0.048	0.027	0.413
14.685	-0.763	-0.117	0.522	1.52	-0.79	0.46	-6.19	6.02	-0.93	47842	-0.782	-0.131	0.527	0.049	0.027	0.413
14.695	-0.761	-0.110	0.522	1.39	-0.86	0.44	-6.54	7.04	-1.02	47833	-0.781	-0.131	0.527	0.050	0.029	0.413
14.705	-0.760	-0.111	0.521	1.32	-0.92	0.43	-7.62	7.68	-0.67	47897	-0.780	-0.131	0.526	0.051	0.030	0.412
14.716	-0.758	-0.119	0.521	1.28	-1.01	0.43	-7.69	7.41	-0.72	47902	-0.779	-0.132	0.526	0.052	0.030	0.412
14.723	-0.757	-0.121	0.521	1.21	-1.08	0.43	-6.10	6.05	-1.38	47902	-0.777	-0.133	0.526	0.053	0.031	0.411
14.736	-0.757	-0.129	0.521	1.19	-1.13	0.42	-4.27	4.20	-1.10	47899	-0.776	-0.135	0.526	0.054	0.031	0.411
14.747	-0.758	-0.137	0.521	1.19	-1.15	0.41	-2.81	2.55	-1.16	47832	-0.775	-0.137	0.526	0.055	0.031	0.411
14.753	-0.759	-0.134	0.521	1.12	-1.16	0.40	-0.35	0.87	-0.91	47836	-0.775	-0.139	0.526	0.056	0.031	0.410
14.765	-0.756	-0.133	0.521	1.10	-1.17	0.39	1.19	-1.44	-0.99	47831	-0.774	-0.141	0.526	0.057	0.032	0.410
14.777	-0.755	-0.135	0.521	1.11	-1.16	0.38	1.90	-3.00	-0.74	47824	-0.773	-0.142	0.526	0.058	0.032	0.410
14.786	-0.751	-0.134	0.521	1.11	-1.15	0.37	1.87	-3.94	-0.49	47819	-0.771	-0.144	0.526	0.059	0.033	0.409
14.796	-0.751	-0.133	0.520	1.10	-1.10	0.36	1.47	-4.90	-0.24	47900	-0.770	-0.145	0.526	0.060	0.033	0.409
14.805	-0.750	-0.134	0.520	1.10	-1.05	0.35	1.39	-4.51	-0.25	47907	-0.769	-0.146	0.526	0.061	0.034	0.408
14.814	-0.751	-0.139	0.520	1.13	-0.99	0.35	-0.34	-2.78	0.18	47901	-0.768	-0.147	0.525	0.062	0.034	0.408
14.824	-0.751	-0.138	0.520	1.10	-0.95	0.35	-2.97	-1.94	0.43	47903	-0.767	-0.149	0.525	0.063	0.035	0.408
14.835	-0.750	-0.135	0.520	1.04	-0.93	0.35	-4.29	0.20	0.24	47998	-0.766	-0.149	0.525	0.063	0.035	0.407
14.846	-0.751	-0.141	0.519	1.02	-0.92	0.35	-5.47	2.15	0.27	48003	-0.766	-0.151	0.525	0.064	0.036	0.407
14.851	-0.749	-0.143	0.519	0.96	-0.94	0.36	-5.65	3.71	0.29	47994	-0.765	-0.152	0.525	0.065	0.036	0.406
14.866	-0.751	-0.147	0.519	0.91	-0.96	0.36	-6.16	4.90	0.36	47987	-0.764	-0.154	0.525	0.066	0.037	0.406
14.872	-0.748	-0.145	0.519	0.82	-1.02	0.36	-6.09	5.16	0.43	47983	-0.763	-0.155	0.524	0.066	0.037	0.406
14.886	-0.746	-0.142	0.519	0.72	-1.08	0.37	-6.37	5.38	0.29	47996	-0.762	-0.156	0.524	0.067	0.038	0.405
14.896	-0.746	-0.143	0.519	0.65	-1.13	0.37	-5.56	5.80	0.09	47985	-0.761	-0.157	0.524	0.068	0.039	0.405
14.905	-0.745	-0.152	0.519	0.64	-1.18	0.37	-4.90	5.40	0.13	47963	-0.761	-0.158	0.524	0.069	0.039	0.404
14.918	-0.742	-0.151	0.518	0.57	-1.24	0.37	-3.56	4.17	0.13	47939	-0.760	-0.160	0.524	0.070	0.039	0.404
14.961	-0.744	-0.149	0.517	0.52	-1.27	0.37	-1.86	2.76	0.55	48130	-0.759	-0.161	0.523	0.070	0.040	0.404
14.968	-0.745	-0.159	0.517	0.55	-1.27	0.38	0.17	0.85	0.63	48132	-0.758	-0.163	0.523	0.071	0.040	0.403
14.971	-0.744	-0.161	0.517	0.55	-1.28	0.39	1.25	-1.06	0.71	48127	-0.758	-0.165	0.523	0.072	0.040	0.403
14.972	-0.743	-0.166	0.517	0.58	-1.26	0.40	1.12	-2.16	0.95	48125	-0.757	-0.167	0.523	0.073	0.040	0.402
14.978	-0.740	-0.165	0.517	0.57	-1.25	0.41	1.25	-3.25	0.79	48127	-0.756	-0.169	0.523	0.073	0.041	0.402
14.979	-0.740	-0.163	0.517	0.55	-1.20	0.41	0.95	-3.56	1.07	48113	-0.755	-0.171	0.523	0.074	0.041	0.401
14.985	-0.736	-0.163	0.517	0.54	-1.19	0.42	-0.33	-4.03	1.02	48096	-0.754	-0.172	0.522	0.075	0.042	0.401
14.996	-0.734	-0.162	0.517	0.51	-1.15	0.43	-1.49	-3.76	0.92	48068	-0.752	-0.173	0.522	0.076	0.042	0.400
15.005	-0.736	-0.171	0.517	0.55	-1.09	0.44	-1.96	-2.36	1.09	48048	-0.751	-0.175	0.522	0.077	0.042	0.400
15.013	-0.735	-0.168	0.517	0.49	-1.06	0.45	-3.57	-0.95	1.18	48011	-0.750	-0.177	0.522	0.078	0.043	0.400
15.023	-0.734	-0.168	0.517	0.44	-1.05	0.46	-4.82	0.72	1.11	47988	-0.749	-0.178	0.522	0.078	0.043	0.399
15.035	-0.735	-0.175	0.517	0.42	-1.04	0.47	-5.08	2.37	1.01	47960	-0.749	-0.180	0.522	0.079	0.043	0.399
15.044	-0.733	-0.181	0.517	0.40	-1.06	0.48	-5.72	2.92	0.34	47941	-0.748	-0.182	0.522	0.080	0.043	0.399
15.057	-0.732	-0.180	0.518	0.31	-1.09	0.48	-5.55	3.82	0.58	47756	-0.747	-0.184	0.522	0.080	0.044	0.398
15.065	-0.732	-0.177	0.518	0.22	-1.12	0.49	-4.14	3.90	0.80	47755	-0.746	-0.186	0.522	0.081	0.044	0.398
15.075	-0.731	-0.176	0.518	0.16	-1.16	0.49	-3.87	4.32	0.67	47739	-0.745	-0.187	0.522	0.082	0.045	0.397
15.086	-0.729	-0.182	0.518	0.14	-1.21	0.50	-3.04	4.33	1.40	47710	-0.744	-0.188	0.522	0.083	0.045	0.397
15.094	-0.729	-0.180	0.518	0.07	-1.24	0.51	-2.32	3.60	1.61	47696	-0.743	-0.189	0.522	0.083	0.045	0.397
15.105	-0.729	-0.180	0.518	0.03	-1.27	0.53	-1.53	3.32	1.42	47586	-0.742	-0.190	0.523	0.084	0.046	0.396
15.116	-0.729	-0.189	0.518	0.07	-1.29	0.54	0.04	2.65	1.62	47559	-0.741	-0.192	0.523	0.085	0.046	0.396
15.124	-0.729	-0.195	0.518	0.09	-1.31	0.56	1.46	2.48	1.49	47531	-0.741	-0.195	0.523	0.085	0.046	0.396
15.135	-0.726	-0.193	0.520	0.07	-1.34	0.57	1.39	1.63	1.22	47515	-0.740	-0.197	0.523	0.086	0.046	0.396
15.145	-0.724	-0.194	0.520	0.07	-1.36	0.58	2.14	0.48	1.28	47183	-0.739	-0.199	0.524	0.087	0.047	0.395
15.155	-0.722	-0.197	0.521	0.09	-1.36	0.60	1.13	0.04	1.05	47165	-0.738	-0.200	0.524	0.088	0.047	0.395
15.166	-0.720	-0.194	0.521	0.07	-1.37	0.60	0.37	0.58	0.60	47145	-0.736	-0.202	0.524	0.088	0.047	0.395
15.177	-0.718	-0.196	0.520	0.07	-1.37	0.61	-1.14	0.88	0.33	47125	-0.735	-0.203	0.524	0.089	0.048	0.395
15.185	-0.714	-0.202	0.520	0.10	-1.40	0.62	-1.24	1.67	0.48	47341	-0.733	-0.205	0.524	0.090	0.048	0.394
15.193	-0.713	-0.201	0.520	0.06	-1.40	0.62	-1.24	1.92	0.58	47338	-0.732	-0.207	0.524	0.091	0.048	0.394
15.205	-0.712	-0.209	0.520	0.09	-1.42	0.63	-2.64	2.05	0.34	47321	-0.730	-0.209	0.524	0.092	0.048	0.394
15.215	-0.709	-0.214	0.520	0.07	-1.44	0.64	-2.53	2.73	1.03	47312	-0.728	-0.212	0.524	0.093	0.048	0.393
15.226	-0.709	-0.216	0.522	0.04	-1.44	0.64	-2.97	1.57	0.55	47060	-0.727	-0.214	0.524	0.094	0.048	0.393
15.236	-0.708	-0.212	0.522	-0.04	-1.45	0.65	-3.20	0.92	1.11	47062	-0.725	-0.216	0.525	0.095	0.048	0.393
15.245	-0.707	-0.214	0.522	-0.08	-1.46	0.66	-5.03	1.11	0.32	47046	-0.724	-0.218	0.525	0.096	0.048	0.393
15.255	-0.703	-0.220	0.522	-0.11	-1.49	0.66	-5.71	-0.01	0.64	47040	-0.722	-0.220	0.525	0.097	0.048	0.393
15.265	-0.703	-0.220	0.522	-0.18	-1.47	0.67	-3.72	1.10	0.89	47053	-0.720	-0.222	0.525	0.098	0.048	0.392
15.275	-0.700	-0.223	0.523	-0.21	-1.50	0.68	-5.48	0.03	0.12	47076	-0.719	-0.224	0.525	0.099	0.048	0.392
15.285	-0.700	-0.223	0.523	-0.28	-1.48	0.68	-4.89	-1.54	0.12	47063	-0.717	-0.226	0.525	0.099	0.049	0.392
15.290	-0.698	-0.230	0.523	-0.30	-1.47	0.68	-3.78	-1.84	-0.43	47060	-0.715	-0.229	0.525	0.100	0.049	0.392
15.305	-0.698	-0.231	0.523	-0.35	-1.43	0.68	-1.68	-2.00	-0.86	47067	-0.714	-0.231	0.525	0.101	0.049	0.392
15.314	-0.694	-0.230	0.524	-0.39	-1.42	0.67	-1.18	-2.82	-0.91	46988	-0.712	-0.233	0.526	0.102	0.049	0.391
15.325	-0.692	-0.232	0.524	-0.40	-1.39	0.66	0.08	-3.76	-0.95	46981	-0.710	-0.235	0.526	0.103	0.049	0.391
15.334	-0.690	-0.236	0.524	-0.39	-1.35	0.65	-1.68	-2.64	-0.67	46981	-0.708	-0.237	0.526	0.104	0.049	0.391
15.346	-0.685	-0.235	0.524	-0.43	-1.34	0.64	-1.55	-2.09	-1.06	46980	-0.706	-0.239	0.526	0.105	0.049	0.391
15.353	-0.685	-0.234	0.523	-0.47	-1.31	0.63	-3.63	-1.91	-0.69	47123	-0.704	-0.240	0.526	0.106	0.049	0.391
15.364	-0.685	-0.244	0.523	-0.45	-1.27	0.63	-3.41	-0.65	-0.58	47133	-0.702	-0.242	0.526	0.107	0.049	0.391
15.376	-0.685	-0.246	0.523	-0.50	-1.25	0.62	-3.82	0.56	-0.56	47159	-0.701	-0.245	0.526	0.108	0.049	0.391
15.385	-0.684	-0.245	0.524	-0.56	-1.25	0.62	-5.35	1.42	-0.55	47183	-0.699	-0.247	0.525	0.108	0.049	0.390
15.395	-0.681	-0.244	0.523	-0.63	-1.28	0.61	-5.40	1.79	-0.04	47183	-0.698	-0.248	0.525	0.109	0.050	0.390
15.405	-0.678	-0.243	0.523	-0.71	-1.29	0.61	-4.20	1.15	-0.63	47225	-0.696	-0.249	0.525	0.110	0.050	0.390
15.416	-0.679	-0.250	0.523	-0.72	-1.29	0.60	-3.24	0.73	-1.13	47241	-0.694	-0.251	0.525	0.111	0.050	0.390
15.424	-0.676	-0.252	0.523	-0.75	-1.30	0.59	-3.68	0.20	-1.07	47254	-0.692	-0.253	0.525	0.112	0.050	0.390
15.433	-0.674	-0.247	0.523	-0.83	-1.30	0.57	-1.21	-0.76	-1.54	47254	-0.691	-0.254	0.525	0.113	0.050	0.390
15.445	-0.672	-0.252	0.523	-0.82	-1.30	0.56	0.87	-1.81	-0.79	47305	-0.689	-0.256	0.525	0.113	0.051	0.390
15.456	-0.670	-0.260	0.523	-0.77	-1.28	0.55	1.69	-3.31	-0.60	47328	-0.687	-0.258	0.525	0.114	0.050	0.389
15.468	-0.668	-0.262	0.523	-0.75	-1.24	0.55	3.94	-3.59	-0.54	47339	-0.685	-0.260	0.525	0.115	0.050	0.389
15.475	-0.664	-0.264	0.522	-0.72	-1.22	0.54	3.88	-3.65	-0.51	47354	-0.683	-0.263	0.524	0.116	0.050	0.389
15.484	-0.663	-0.264	0.522	-0.70	-1.17	0.54	4.28	-4.42	-0.02	47612	-0.681	-0.264	0.524	0.117	0.050	0.389
15.495	-0.659	-0.264	0.522	-0.68	-1.14	0.53	1.48	-3.07	-0.12	47648	-0.678	-0.266	0.524	0.118	0.050	0.389
15.504	-0.658	-0.264	0.522	-0.68	-1.10	0.53	0.21	-1.29	-0.44	47672	-0.676	-0.268	0.524	0.119	0.051	0.389
15.514	-0.659	-0.264	0.522	-0.69	-1.06	0.53	-1.35	-0.50	-0.34	47680	-0.674	-0.269	0.523	0.120	0.051	0.389
15.525	-0.655	-0.269	0.521	-0.68	-1.07	0.53	-3.20	0.21	-0.50	47700	-0.672	-0.271	0.523	0.121	0.051	0.388
15.536	-0.654	-0.271	0.521	-0.72	-1.06	0.52	-4.00	0.73	-0.95	47848	-0.671	-0.272	0.523	0.121	0.051	0.388
15.545	-0.653	-0.272	0.520	-0.76	-1.05	0.51	-4.23	0.94	-1.24	47864	-0.669	-0.274	0.522	0.122	0.051	0.388
15.552	-0.651	-0.274	0.520	-0.80	-1.06	0.50	-4.23	1.39	-0.68	47873	-0.667	-0.276	0.522	0.123	0.051	0.388
15.564	-0.650	-0.272	0.520	-0.88	-1.06	0.49	-2.87	-0.20	-0.99	47894	-0.665	-0.277	0.522	0.124	0.051	0.388
15.575	-0.648	-0.272	0.520	-0.92	-1.05	0.48	-1.63	0.17	-1.13	47912	-0.663	-0.278	0.522	0.125	0.052	0.388
15.583	-0.646	-0.277	0.520	-0.91	-1.05	0.47	-0.38	-0.70	-0.76	47917	-0.661	-0.279	0.522	0.125	0.052	0.388
15.594	-0.644	-0.279	0.520	-0.92	-1.04	0.46	-0.30	-2.78	-0.63	47925	-0.659	-0.281	0.521	0.126	0.052	0.387
15.604	-0.641	-0.280	0.520	-0.93	-1.02	0.46	0.80	-1.79	-0.21	47930	-0.657	-0.282	0.521	0.127	0.052	0.387
15.615	-0.639	-0.285	0.519	-0.89	-0.99	0.46	3.76	-3.47	0.05	47889	-0.655	-0.284	0.521	0.128	0.052	0.387
15.625	-0.639	-0.291	0.519	-0.82	-0.94	0.46	3.28	-2.84	-0.18	47886	-0.653	-0.286	0.521	0.129	0.052	0.387
15.635	-0.637	-0.293	0.519	-0.78	-0.91	0.46	3.70	-1.32	-0.43	47874	-0.651	-0.289	0.521	0.129	0.051	0.387
15.642	-0.634	-0.295	0.519	-0.75	-0.90	0.45	3.73	-1.34	-0.31	47876	-0.649	-0.291	0.521	0.130	0.051	0.387
15.653	-0.630	-0.296	0.519	-0.71	-0.90	0.45	4.43	0.42	-0.14	47891	-0.647	-0.293	0.520	0.131	0.051	0.387
15.664	-0.625	-0.296	0.519	-0.69	-0.92	0.45	2.01	1.25	-0.36	47891	-0.644	-0.295	0.520	0.132	0.051	0.387
15.676	-0.623	-0.296	0.519	-0.68	-0.93	0.45	-0.31	2.16	-0.54	47888	-0.642	-0.296	0.520	0.133	0.051	0.386
15.685	-0.621	-0.296	0.518	-0.70	-0.95	0.44	-3.19	2.73	-0.51	47892	-0.639	-0.298	0.520	0.134	0.051	0.386
15.695	-0.621	-0.297	0.518	-0.73	-0.95	0.43	-4.37	3.14	-0.19	47897	-0.637	-0.299	0.520	0.135	0.051	0.386
15.705	-0.618	-0.306	0.518	-0.72	-0.98	0.43	-5.99	2.68	0.27	47915	-0.635	-0.301	0.520	0.135	0.051	0.386
15.715	-0.619	-0.307	0.518	-0.80	-0.98	0.43	-5.98	1.84	0.19	47923	-0.633	-0.303	0.520	0.136	0.051	0.386
15.725	-0.615	-0.306	0.518	-0.87	-1.01	0.43	-6.05	0.60	0.03	47925	-0.630	-0.305	0.520	0.137	0.051	0.386
15.734	-0.614	-0.306	0.518	-0.94	-1.00	0.43	-3.36	-0.15	-0.05	47927	-0.628	-0.306	0.519	0.138	0.051	0.386
15.744	-0.612	-0.300	0.519	-1.04	-0.99	0.42	-2.54	-1.53	0.40	47689	-0.626	-0.307	0.520	0.138	0.051	0.386
15.754	-0.608	-0.307	0.519	-1.02	-0.99	0.43	-0.80	-2.18	0.01	47672	-0.624	-0.308	0.520	0.139	0.051	0.386
15.765	-0.607	-0.306	0.519	-1.05	-0.95	0.43	-0.24	-2.80	-0.27	47650	-0.622	-0.309	0.520	0.140	0.051	0.385
15.772	-0.605	-0.306	0.519	-1.06	-0.92	0.42	2.10	-2.88	-0.01	47621	-0.619	-0.310	0.520	0.141	0.052	0.385
15.784	-0.605	-0.307	0.518	-1.04	-0.87	0.42	4.83	-4.85	0.24	47614	-0.617	-0.311	0.520	0.141	0.052	0.385
15.796	-0.604	-0.312	0.518	-0.96	-0.81	0.42	5.20	-3.78	-0.49	47728	-0.616	-0.312	0.520	0.142	0.052	0.385
15.801	-0.602	-0.313	0.518	-0.92	-0.77	0.42	5.32	-2.71	-0.15	47712	-0.614	-0.314	0.519	0.142	0.052	0.385
15.815	-0.603	-0.320	0.518	-0.82	-0.72	0.42	6.05	-1.23	0.27	47701	-0.612	-0.316	0.519	0.143	0.052	0.385
15.822	-0.603	-0.322	0.518	-0.76	-0.68	0.42	5.39	0.44	0.23	47693	-0.611	-0.317	0.519	0.143	0.051	0.385
15.832	-0.594	-0.322	0.518	-0.71	-0.75	0.43	2.39	1.88	0.09	47669	-0.608	-0.319	0.519	0.144	0.051	0.385
15.842	-0.593	-0.322	0.518	-0.70	-0.76	0.43	0.50	3.06	-0.17	47666	-0.606	-0.321	0.519	0.145	0.051	0.385
15.852	-0.589	-0.320	0.518	-0.73	-0.80	0.43	-0.74	3.75	-0.17	47655	-0.604	-0.322	0.519	0.145	0.051	0.384
15.862	-0.586	-0.321	0.518	-0.74	-0.84	0.42	-2.76	4.97	-0.17	47640	-0.601	-0.323	0.519	0.146	0.051	0.384
15.877	-0.584	-0.322	0.518	-0.76	-0.89	0.42	-4.09	4.01	0.25	47632	-0.599	-0.324	0.519	0.147	0.051	0.384
15.882	-0.581	-0.334	0.518	-0.72	-0.92	0.42	-3.63	3.05	0.73	47601	-0.596	-0.326	0.519	0.148	0.051	0.384
15.893	-0.581	-0.336	0.518	-0.75	-0.93	0.43	-3.39	2.18	0.74	47592	-0.594	-0.328	0.519	0.148	0.051	0.384
15.905	-0.578	-0.335	0.518	-0.80	-0.96	0.43	-1.99	1.95	0.39	47569	-0.592	-0.330	0.519	0.149	0.050	0.384
15.913	-0.576	-0.335	0.520	-0.84	-0.98	0.44	-2.02	1.06	0.33	47548	-0.589	-0.332	0.519	0.150	0.050	0.384
15.923	-0.571	-0.332	0.520	-0.89	-0.99	0.44	-1.99	-0.95	0.47	47149	-0.587	-0.333	0.520	0.150	0.050	0.384
15.934	-0.571	-0.331	0.520	-0.93	-0.96	0.44	-1.36	-2.01	0.34	47136	-0.584	-0.334	0.520	0.151	0.050	0.384
15.944	-0.567	-0.329	0.520	-0.96	-0.96	0.45	0.14	-2.26	0.98	47116	-0.582	-0.334	0.520	0.152	0.051	0.384
15.955	-0.567	-0.329	0.520	-0.97	-0.92	0.46	0.50	-1.64	0.87	47102	-0.579	-0.334	0.520	0.153	0.051	0.384
15.965	-0.567	-0.334	0.521	-0.93	-0.87	0.46	1.54	-1.11	0.82	47035	-0.577	-0.335	0.520	0.153	0.051	0.384
15.977	-0.566	-0.345	0.521	-0.84	-0.85	0.47	1.40	-0.05	1.05	47036	-0.575	-0.337	0.520	0.154	0.051	0.384
15.983	-0.565	-0.345	0.521	-0.84	-0.83	0.48	0.45	0.98	0.82	47032	-0.573	-0.339	0.521	0.154	0.050	0.384
15.995	-0.562	-0.345	0.521	-0.84	-0.85	0.49	-0.36	1.86	0.91	47012	-0.571	-0.341	0.521	0.154	0.050	0.384
16.004	-0.560	-0.344	0.520	-0.86	-0.85	0.50	-1.19	2.17	0.65	47008	-0.569	-0.342	0.521	0.155	0.050	0.384
16.015	-0.558	-0.344	0.520	-0.89	-0.88	0.50	-1.25	3.76	0.48	47152	-0.567	-0.343	0.521	0.155	0.050	0.384
16.024	-0.557	-0.352	0.520	-0.85	-0.90	0.51	-3.44	4.15	0.69	47152	-0.565	-0.345	0.521	0.156	0.050	0.384
16.033	-0.556	-0.361	0.521	-0.81	-0.92	0.51	-2.71	3.67	0.58	47161	-0.564	-0.348	0.521	0.156	0.049	0.384
16.045	-0.554	-0.361	0.520	-0.85	-0.96	0.52	-4.85	3.08	0.67	47176	-0.562	-0.350	0.520	0.157	0.048	0.384
16.054	-0.551	-0.360	0.520	-0.92	-0.99	0.52	-4.85	4.83	0.99	47385	-0.560	-0.353	0.520	0.157	0.048	0.384
16.064	-0.550	-0.363	0.520	-0.95	-1.03	0.53	-5.20	3.75	0.94	47405	-0.558	-0.355	0.520	0.157	0.048	0.384
16.075	-0.550	-0.372	0.520	-0.95	-1.05	0.54	-6.71	5.18	1.00	47405	-0.556	-0.358	0.520	0.158	0.047	0.384
16.085	-0.548	-0.372	0.519	-1.03	-1.09	0.55	-7.50	4.71	0.29	47427	-0.555	-0.360	0.520	0.158	0.046	0.384
16.091	-0.546	-0.371	0.519	-1.12	-1.14	0.55	-6.54	4.70	0.35	47455	-0.553	-0.362	0.519	0.158	0.046	0.384
16.104	-0.542	-0.369	0.519	-1.21	-1.19	0.55	-5.64	3.86	0.02	47570	-0.551	-0.364	0.519	0.159	0.046	0.384
16.115	-0.540	-0.384	0.519	-1.16	-1.22	0.55	-6.81	3.36	-0.01	47575	-0.549	-0.367	0.519	0.159	0.045	0.384
16.124	-0.539	-0.383	0.519	-1.25	-1.24	0.55	-5.59	3.57	0.46	47599	-0.547	-0.370	0.519	0.160	0.044	0.384
16.134	-0.536	-0.381	0.518	-1.33	-1.28	0.55	-4.70	2.33	0.09	47616	-0.545	-0.372	0.519	0.160	0.044	0.384
16.146	-0.533	-0.387	0.518	-1.34	-1.31	0.56	-5.32	1.18	0.29	47659	-0.543	-0.375	0.518	0.161	0.043	0.384
16.153	-0.533	-0.396	0.518	-1.33	-1.30	0.56	-3.83	0.52	1.32	47664	-0.541	-0.378	0.518	0.161	0.042	0.384
16.164	-0.532	-0.395	0.518	-1.38	-1.29	0.57	-4.92	-0.55	1.08	47679	-0.539	-0.381	0.518	0.161	0.041	0.384
16.172	-0.529	-0.393	0.518	-1.46	-1.29	0.58	-6.04	-0.52	0.92	47696	-0.537	-0.384	0.518	0.162	0.041	0.384
16.188	-0.527	-0.392	0.518	-1.54	-1.28	0.59	-6.64	-0.68	0.92	47631	-0.535	-0.385	0.518	0.162	0.041	0.384
16.195	-0.527	-0.404	0.518	-1.52	-1.25	0.60	-8.15	-0.53	0.95	47640	-0.533	-0.388	0.518	0.163	0.040	0.384
16.207	-0.526	-0.400	0.518	-1.65	-1.22	0.60	-9.34	-0.80	0.99	47656	-0.532	-0.391	0.518	0.163	0.039	0.384
16.217	-0.526	-0.403	0.518	-1.72	-1.20	0.61	-11.02	0.11	0.48	47663	-0.530	-0.393	0.518	0.163	0.039	0.384
16.223	-0.522	-0.401	0.517	-1.86	-1.21	0.62	-9.88	1.00	0.58	47660	-0.528	-0.395	0.517	0.163	0.038	0.384
16.235	-0.514	-0.397	0.517	-2.01	-1.27	0.63	-11.04	1.63	0.49	47718	-0.526	-0.396	0.517	0.164	0.038	0.384
16.249	-0.513	-0.396	0.517	-2.14	-1.27	0.63	-8.46	2.51	0.53	47725	-0.523	-0.397	0.517	0.165	0.038	0.384
16.256	-0.510	-0.393	0.517	-2.26	-1.29	0.63	-5.62	2.80	0.28	47739	-0.521	-0.397	0.517	0.165	0.039	0.384
16.266	-0.509	-0.393	0.517	-2.32	-1.31	0.63	-2.55	3.06	0.25	47735	-0.519	-0.397	0.517	0.166	0.039	0.384
16.273	-0.509	-0.419	0.516	-2.13	-1.31	0.64	-0.30	1.82	0.40	47791	-0.517	-0.400	0.517	0.166	0.038	0.384
16.285	-0.505	-0.418	0.516	-2.16	-1.34	0.64	3.40	0.33	0.05	47794	-0.514	-0.403	0.517	0.166	0.037	0.384
16.295	-0.503	-0.420	0.516	-2.12	-1.34	0.64	5.50	-1.40	-0.05	47798	-0.512	-0.406	0.516	0.167	0.036	0.384
16.301	-0.501	-0.420	0.516	-2.07	-1.32	0.64	7.95	-1.89	-0.14	47784	-0.510	-0.408	0.516	0.167	0.036	0.384
16.315	-0.496	-0.421	0.516	-2.00	-1.31	0.64	6.31	-2.96	-0.44	47774	-0.507	-0.410	0.516	0.168	0.035	0.384
16.323	-0.492	-0.421	0.516	-1.94	-1.29	0.64	4.07	-3.04	-0.04	47708	-0.505	-0.412	0.516	0.169	0.035	0.384
16.333	-0.490	-0.421	0.516	-1.91	-1.25	0.64	0.67	-3.48	0.12	47707	-0.502	-0.414	0.516	0.169	0.034	0.384
16.341	-0.490	-0.421	0.516	-1.91	-1.20	0.63	-2.53	-3.54	0.36	47708	-0.500	-0.415	0.516	0.170	0.034	0.384
16.355	-0.487	-0.420	0.516	-1.95	-1.17	0.64	-4.86	-3.52	0.05	47711	-0.497	-0.416	0.516	0.170	0.034	0.384
16.365	-0.484	-0.419	0.516	-2.01	-1.13	0.64	-6.69	-4.44	-0.32	47722	-0.495	-0.417	0.516	0.171	0.034	0.384
16.376	-0.482	-0.415	0.516	-2.12	-1.08	0.63	-8.38	-4.12	-0.64	47737	-0.492	-0.417	0.516	0.171	0.034	0.384
16.388	-0.478	-0.416	0.516	-2.20	-1.05	0.63	-9.05	-3.89	-0.31	47739	-0.489	-0.417	0.516	0.172	0.034	0.384
16.393	-0.473	-0.414	0.516	-2.31	-1.02	0.63	-7.86	-4.02	-0.38	47728	-0.486	-0.417	0.516	0.172	0.034	0.384
16.404	-0.473	-0.413	0.516	-2.41	-0.97	0.62	-6.71	-3.00	-0.51	47703	-0.484	-0.417	0.516	0.173	0.034	0.384
16.416	-0.466	-0.410	0.516	-2.51	-0.96	0.62	-3.61	-2.82	0.00	47714	-0.481	-0.417	0.515	0.174	0.035	0.384
16.424	-0.465	-0.410	0.515	-2.55	-0.92	0.62	-0.73	-2.98	-0.10	47721	-0.478	-0.416	0.515	0.174	0.035	0.384
16.434	-0.463	-0.409	0.515	-2.56	-0.89	0.62	3.66	-1.10	-0.32	47712	-0.475	-0.415	0.515	0.175	0.035	0.384
16.447	-0.461	-0.409	0.517	-2.53	-0.86	0.61	7.27	-1.49	-0.71	47711	-0.472	-0.415	0.516	0.176	0.036	0.384
16.452	-0.459	-0.409	0.517	-2.46	-0.84	0.61	12.64	-2.01	-0.75	47463	-0.469	-0.414	0.516	0.176	0.036	0.384
16.465	-0.457	-0.412	0.517	-2.32	-0.81	0.60	15.25	-2.39	-0.72	47455	-0.467	-0.414	0.516	0.177	0.036	0.384
16.473	-0.458	-0.413	0.517	-2.15	-0.75	0.59	17.89	-2.88	-0.65	47442	-0.464	-0.414	0.516	0.177	0.036	0.384
16.484	-0.459	-0.416	0.517	-1.95	-0.68	0.57	18.40	-2.29	-0.46	47424	-0.463	-0.414	0.516	0.177	0.036	0.384
16.493	-0.463	-0.420	0.517	-1.72	-0.60	0.56	17.18	-3.20	-0.72	47316	-0.461	-0.415	0.516	0.177	0.036	0.384
16.506	-0.450	-0.424	0.517	-1.52	-0.65	0.57	14.50	-3.22	-0.41	47309	-0.459	-0.416	0.516	0.177	0.035	0.384
16.514	-0.449	-0.426	0.517	-1.36	-0.60	0.57	10.69	-2.42	-0.54	47319	-0.456	-0.417	0.516	0.178	0.035	0.384
16.525	-0.446	-0.427	0.517	-1.25	-0.58	0.56	7.45	-1.11	-0.40	47324	-0.454	-0.418	0.516	0.178	0.034	0.385
16.532	-0.445	-0.431	0.517	-1.15	-0.55	0.55	2.14	-0.59	-0.81	47337	-0.452	-0.419	0.516	0.179	0.034	0.385
16.544	-0.444	-0.433	0.517	-1.10	-0.52	0.54	-0.79	-1.43	-0.78	47382	-0.450	-0.421	0.516	0.179	0.033	0.385
16.554	-0.448	-0.433	0.517	-1.11	-0.46	0.53	-3.64	-1.95	-0.67	47393	-0.448	-0.422	0.516	0.179	0.032	0.385
16.562	-0.450	-0.433	0.517	-1.16	-0.40	0.51	-5.55	-1.04	-0.41	47394	-0.447	-0.423	0.516	0.179	0.032	0.385
16.576	-0.455	-0.432	0.518	-1.22	-0.32	0.49	-7.64	-0.12	-0.26	47408	-0.447	-0.424	0.516	0.178	0.032	0.385
16.583	-0.462	-0.428	0.518	-1.33	-0.24	0.47	-9.67	-0.45	-0.08	47373	-0.447	-0.425	0.516	0.178	0.031	0.385
16.594	-0.464	-0.423	0.518	-1.47	-0.20	0.46	-7.98	0.82	-0.25	47393	-0.448	-0.424	0.516	0.177	0.032	0.385
16.604	-0.464	-0.421	0.518	-1.57	-0.19	0.46	-7.08	2.02	0.08	47412	-0.449	-0.424	0.516	0.176	0.032	0.385
16.617	-0.460	-0.421	0.518	-1.64	-0.22	0.46	-3.54	5.19	-0.37	47422	-0.449	-0.423	0.517	0.175	0.032	0.385
16.625	-0.455	-0.420	0.518	-1.68	-0.29	0.46	-1.50	7.17	-0.64	47398	-0.448	-0.423	0.517	0.175	0.032	0.385
16.632	-0.454	-0.419	0.518	-1.71	-0.35	0.45	3.02	10.51	-0.74	47409	-0.448	-0.422	0.517	0.175	0.032	0.385
16.644	-0.452	-0.419	0.518	-1.68	-0.46	0.44	5.46	13.36	-0.44	47419	-0.447	-0.421	0.517	0.174	0.032	0.385
16.653	-0.447	-0.420	0.518	-1.62	-0.60	0.43	8.07	14.14	-0.16	47433	-0.446	-0.421	0.516	0.174	0.032	0.386
16.664	-0.446	-0.423	0.517	-1.51	-0.73	0.43	8.79	14.41	-0.01	47445	-0.445	-0.421	0.516	0.174	0.032	0.386
16.676	-0.444	-0.423	0.517	-1.42	-0.88	0.42	9.38	14.28	0.39	47503	-0.443	-0.420	0.516	0.174	0.032	0.386
16.685	-0.442	-0.426	0.517	-1.30	-1.01	0.42	10.58	12.77	0.44	47515	-0.442	-0.421	0.516	0.174	0.032	0.386
16.693	-0.443	-0.428	0.517	-1.18	-1.11	0.42	8.45	9.89	0.40	47529	-0.441	-0.421	0.516	0.174	0.031	0.386
16.706	-0.445	-0.428	0.516	-1.09	-1.17	0.41	5.49	7.04	0.28	47547	-0.440	-0.422	0.516	0.174	0.031	0.386
16.717	-0.426	-0.408	0.516	-1.21	-1.39	0.45	3.76	5.16	0.35	47791	-0.437	-0.419	0.516	0.175	0.032	0.386
16.724	-0.426	-0.409	0.515	-1.15	-1.42	0.44	1.01	3.97	0.59	47829	-0.435	-0.418	0.515	0.175	0.032	0.386
16.734	-0.423	-0.409	0.515	-1.14	-1.46	0.45	-0.84	1.85	0.79	47842	-0.432	-0.416	0.515	0.175	0.032	0.386
16.745	-0.420	-0.410	0.515	-1.13	-1.49	0.46	-0.84	0.11	0.77	47857	-0.429	-0.415	0.515	0.176	0.033	0.386
16.755	-0.418	-0.410	0.514	-1.14	-1.49	0.46	-0.68	-0.91	0.62	48098	-0.427	-0.414	0.515	0.176	0.033	0.386
16.760	-0.415	-0.409	0.513	-1.15	-1.48	0.47	0.18	-3.24	0.08	48126	-0.424	-0.412	0.514	0.177	0.033	0.386
16.774	-0.406	-0.409	0.513	-1.14	-1.51	0.48	1.84	-4.32	0.33	48133	-0.421	-0.411	0.514	0.178	0.033	0.386
16.782	-0.406	-0.410	0.513	-1.11	-1.44	0.48	4.61	-5.32	0.37	48146	-0.418	-0.411	0.514	0.178	0.033	0.386
16.792	-0.405	-0.411	0.513	-1.05	-1.37	0.49	5.00	-6.61	0.60	48164	-0.415	-0.410	0.513	0.179	0.033	0.386
16.804	-0.401	-0.414	0.513	-0.97	-1.32	0.50	6.66	-7.17	0.94	48085	-0.412	-0.410	0.513	0.179	0.033	0.386
16.813	-0.398	-0.413	0.513	-0.91	-1.24	0.51	8.63	-7.90	1.43	48087	-0.409	-0.409	0.513	0.180	0.033	0.386
16.824	-0.399	-0.416	0.513	-0.79	-1.13	0.52	7.67	-9.29	1.07	48087	-0.406	-0.410	0.513	0.180	0.032	0.386
16.832	-0.388	-0.419	0.512	-0.69	-1.11	0.54	7.29	-10.34	1.35	48080	-0.402	-0.410	0.513	0.181	0.032	0.386
16.843	-0.383	-0.420	0.512	-0.59	-1.02	0.56	4.93	-10.00	1.24	48117	-0.399	-0.411	0.513	0.182	0.031	0.385
16.853	-0.383	-0.421	0.512	-0.53	-0.90	0.57	2.51	-9.30	1.28	48119	-0.395	-0.411	0.512	0.182	0.031	0.385
16.862	-0.380	-0.422	0.512	-0.49	-0.81	0.58	0.07	-8.80	1.25	48105	-0.392	-0.412	0.512	0.183	0.030	0.385
16.873	-0.383	-0.424	0.511	-0.47	-0.67	0.59	-3.89	-7.50	1.55	48098	-0.389	-0.413	0.512	0.183	0.030	0.385
16.885	-0.372	-0.424	0.511	-0.51	-0.65	0.62	-7.35	-5.87	1.81	48090	-0.386	-0.413	0.512	0.184	0.029	0.385
16.893	-0.369	-0.424	0.511	-0.58	-0.59	0.64	-10.57	-3.46	1.69	48056	-0.382	-0.414	0.512	0.185	0.029	0.385
16.904	-0.365	-0.423	0.511	-0.70	-0.56	0.65	-13.53	-1.82	2.09	48044	-0.379	-0.414	0.512	0.185	0.028	0.385
16.914	-0.364	-0.421	0.511	-0.85	-0.52	0.67	-14.82	-1.40	2.09	48031	-0.375	-0.414	0.512	0.186	0.028	0.385
16.925	-0.358	-0.418	0.511	-1.01	-0.54	0.70	-15.11	-1.43	2.59	48016	-0.372	-0.414	0.512	0.187	0.028	0.385
16.930	-0.354	-0.416	0.510	-1.18	-0.54	0.73	-13.94	-1.47	2.80	48071	-0.368	-0.414	0.511	0.187	0.028	0.385
16.943	-0.350	-0.413	0.510	-1.33	-0.53	0.76	-11.70	-2.49	2.59	48081	-0.364	-0.413	0.511	0.188	0.028	0.385
16.953	-0.348	-0.411	0.510	-1.45	-0.49	0.78	-8.07	-3.77	2.65	48077	-0.361	-0.412	0.511	0.189	0.028	0.385
16.965	-0.344	-0.408	0.510	-1.55	-0.46	0.81	-3.56	-5.48	2.65	48060	-0.357	-0.411	0.511	0.189	0.028	0.385
16.972	-0.343	-0.409	0.510	-1.57	-0.39	0.84	0.23	-6.08	2.47	47964	-0.353	-0.410	0.511	0.190	0.028	0.385
16.983	-0.339	-0.409	0.510	-1.56	-0.33	0.87	3.57	-7.50	2.29	47951	-0.350	-0.409	0.511	0.190	0.028	0.385
16.996	-0.338	-0.411	0.510	-1.50	-0.24	0.89	7.27	-7.72	2.27	47921	-0.347	-0.408	0.511	0.191	0.028	0.385
17.003	-0.334	-0.414	0.510	-1.39	-0.16	0.92	8.18	-8.44	2.36	47869	-0.343	-0.408	0.511	0.191	0.027	0.385
17.015	-0.333	-0.416	0.510	-1.28	-0.06	0.94	8.09	-9.31	2.15	47840	-0.340	-0.408	0.511	0.192	0.027	0.384
17.025	-0.329	-0.419	0.510	-1.17	0.03	0.96	7.16	-9.42	1.62	47908	-0.337	-0.409	0.511	0.192	0.027	0.384
17.035	-0.326	-0.419	0.509	-1.10	0.12	0.98	5.39	-8.96	1.47	47890	-0.334	-0.409	0.511	0.193	0.026	0.384
17.044	-0.324	-0.421	0.509	-1.02	0.22	1.00	3.01	-9.36	0.77	47874	-0.331	-0.410	0.511	0.193	0.025	0.384
17.055	-0.314	-0.405	0.510	-1.13	0.26	1.02	0.33	-8.35	0.72	47863	-0.327	-0.408	0.511	0.193	0.026	0.384
17.067	-0.309	-0.405	0.510	-1.12	0.33	1.03	-2.28	-6.93	0.84	47727	-0.322	-0.407	0.511	0.194	0.026	0.384
17.072	-0.309	-0.405	0.510	-1.15	0.42	1.04	-4.46	-5.01	0.50	47710	-0.319	-0.406	0.511	0.195	0.026	0.384
17.088	-0.308	-0.405	0.510	-1.18	0.49	1.04	-5.32	-2.89	0.08	47693	-0.315	-0.405	0.511	0.195	0.026	0.384
17.095	-0.309	-0.406	0.510	-1.22	0.55	1.04	-5.39	-0.89	0.63	47676	-0.313	-0.404	0.511	0.195	0.026	0.384
17.105	-0.298	-0.405	0.513	-1.27	0.49	1.05	-4.45	0.99	0.59	47650	-0.309	-0.403	0.511	0.196	0.026	0.384
17.120	-0.298	-0.404	0.513	-1.31	0.50	1.06	-3.04	2.49	0.98	47133	-0.305	-0.402	0.512	0.196	0.025	0.384
17.125	-0.292	-0.404	0.513	-1.33	0.45	1.07	-1.41	3.48	1.05	47107	-0.301	-0.401	0.512	0.197	0.025	0.384
17.135	-0.291	-0.404	0.513	-1.33	0.44	1.08	0.51	4.52	1.87	47083	-0.298	-0.401	0.512	0.197	0.025	0.384
17.143	-0.288	-0.403	0.513	-1.32	0.39	1.09	2.52	3.43	1.83	47051	-0.294	-0.400	0.513	0.197	0.025	0.384
17.152	-0.288	-0.405	0.513	-1.28	0.39	1.11	3.46	2.07	1.85	47151	-0.291	-0.399	0.513	0.197	0.025	0.384
17.163	-0.283	-0.407	0.513	-1.21	0.35	1.13	3.42	1.38	1.94	47145	-0.288	-0.399	0.513	0.198	0.024	0.384
17.177	-0.276	-0.409	0.513	-1.15	0.31	1.15	2.27	-0.82	1.45	47138	-0.284	-0.399	0.513	0.198	0.024	0.384
17.185	-0.273	-0.411	0.513	-1.11	0.32	1.16	2.20	-2.52	0.84	47134	-0.281	-0.400	0.513	0.198	0.023	0.384
17.193	-0.271	-0.412	0.513	-1.07	0.35	1.17	1.51	-5.68	1.52	47252	-0.277	-0.400	0.513	0.199	0.023	0.384
17.203	-0.268	-0.412	0.513	-1.05	0.41	1.18	0.98	-6.55	0.54	47262	-0.273	-0.400	0.513	0.199	0.022	0.384
17.213	-0.269	-0.414	0.513	-1.02	0.52	1.18	0.26	-8.69	1.06	47260	-0.270	-0.401	0.513	0.199	0.021	0.384
17.224	-0.261	-0.393	0.513	-1.20	0.56	1.22	-1.24	-9.81	1.35	47252	-0.267	-0.399	0.513	0.199	0.022	0.384
17.234	-0.260	-0.392	0.513	-1.21	0.67	1.23	-2.59	-11.02	1.76	47283	-0.263	-0.397	0.513	0.200	0.022	0.384
17.246	-0.257	-0.393	0.513	-1.23	0.78	1.25	-4.56	-11.23	1.84	47397	-0.260	-0.395	0.513	0.200	0.022	0.384
17.256	-0.256	-0.393	0.513	-1.27	0.91	1.27	-3.58	-10.81	2.52	47410	-0.257	-0.394	0.513	0.200	0.022	0.384
17.263	-0.249	-0.393	0.513	-1.28	0.99	1.30	-2.89	-8.72	2.26	47409	-0.253	-0.393	0.513	0.200	0.022	0.384
17.274	-0.248	-0.393	0.511	-1.30	1.09	1.32	-1.19	-6.93	2.49	47413	-0.250	-0.391	0.513	0.200	0.022	0.384
17.285	-0.244	-0.394	0.511	-1.29	1.15	1.35	0.35	-3.57	3.03	47730	-0.246	-0.390	0.512	0.200	0.022	0.384
17.295	-0.243	-0.394	0.511	-1.27	1.20	1.37	2.04	-0.38	3.64	47731	-0.243	-0.390	0.512	0.200	0.022	0.384
17.308	-0.241	-0.396	0.511	-1.22	1.21	1.41	3.06	1.75	4.61	47733	-0.240	-0.389	0.512	0.200	0.021	0.384
17.311	-0.240	-0.398	0.511	-1.16	1.21	1.45	3.82	4.03	5.42	47744	-0.237	-0.389	0.512	0.200	0.021	0.384
17.323	-0.232	-0.390	0.511	-1.18	1.12	1.52	2.92	4.82	5.62	47765	-0.234	-0.388	0.512	0.200	0.021	0.384
17.334	-0.230	-0.390	0.511	-1.14	1.07	1.57	2.12	4.55	5.94	47712	-0.230	-0.387	0.511	0.200	0.020	0.384
17.344	-0.227	-0.390	0.511	-1.12	1.03	1.63	-0.94	4.66	6.01	47708	-0.227	-0.386	0.511	0.200	0.020	0.384
17.355	-0.226	-0.391	0.511	-1.11	0.99	1.68	-3.09	4.67	6.32	47719	-0.224	-0.385	0.511	0.200	0.020	0.384
17.365	-0.223	-0.393	0.509	-1.12	0.95	1.74	-3.96	3.43	6.26	47735	-0.221	-0.385	0.511	0.200	0.019	0.384
17.376	-0.221	-0.393	0.508	-1.16	0.92	1.80	-6.23	1.70	6.33	48219	-0.218	-0.385	0.510	0.200	0.019	0.384
17.388	-0.216	-0.377	0.508	-1.36	0.88	1.89	-5.88	0.93	6.16	48222	-0.215	-0.382	0.510	0.200	0.019	0.383
17.395	-0.214	-0.376	0.508	-1.41	0.87	1.95	-6.87	0.03	6.09	48235	-0.212	-0.380	0.510	0.200	0.020	0.383
17.405	-0.211	-0.376	0.508	-1.47	0.87	2.01	-6.94	0.01	6.09	48252	-0.208	-0.378	0.509	0.199	0.020	0.383
17.416	-0.209	-0.375	0.506	-1.54	0.88	2.07	-8.72	0.12	6.13	48615	-0.205	-0.376	0.509	0.199	0.020	0.383
17.421	-0.207	-0.374	0.505	-1.63	0.87	2.13	-6.38	1.19	5.88	48614	-0.202	-0.375	0.508	0.199	0.020	0.383
17.432	-0.204	-0.374	0.505	-1.68	0.86	2.18	-4.65	1.94	5.30	48620	-0.199	-0.373	0.508	0.199	0.020	0.383
17.445	-0.203	-0.374	0.505	-1.71	0.85	2.23	-2.22	3.10	4.73	48614	-0.197	-0.372	0.507	0.198	0.020	0.382
17.453	-0.199	-0.374	0.506	-1.72	0.80	2.28	0.07	4.35	5.03	48610	-0.194	-0.370	0.507	0.198	0.019	0.382
17.463	-0.197	-0.376	0.506	-1.69	0.76	2.32	1.75	5.27	4.23	48301	-0.191	-0.370	0.507	0.198	0.019	0.382
17.474	-0.194	-0.376	0.506	-1.65	0.70	2.36	3.69	5.99	3.75	48289	-0.188	-0.369	0.507	0.198	0.019	0.382
17.484	-0.193	-0.377	0.506	-1.59	0.66	2.39	4.81	5.91	3.38	48280	-0.185	-0.368	0.507	0.197	0.018	0.382
17.495	-0.191	-0.365	0.507	-1.64	0.60	2.44	4.85	4.09	3.24	48263	-0.183	-0.366	0.507	0.197	0.018	0.382
17.505	-0.187	-0.363	0.506	-1.60	0.55	2.47	3.68	3.18	2.76	48090	-0.180	-0.364	0.507	0.196	0.018	0.382
17.515	-0.186	-0.363	0.506	-1.55	0.53	2.49	1.75	0.41	2.09	48083	-0.178	-0.363	0.507	0.196	0.018	0.382
17.525	-0.182	-0.363	0.506	-1.53	0.52	2.51	-0.41	-2.34	1.45	48060	-0.175	-0.361	0.508	0.196	0.018	0.382
17.534	-0.181	-0.364	0.506	-1.51	0.55	2.52	-3.30	-3.67	1.32	48048	-0.172	-0.360	0.508	0.195	0.018	0.382
17.541	-0.178	-0.364	0.506	-1.53	0.59	2.53	-3.96	-5.10	0.23	48041	-0.170	-0.358	0.508	0.195	0.018	0.381
17.554	-0.176	-0.365	0.506	-1.54	0.64	2.53	-3.78	-5.26	0.25	48064	-0.167	-0.358	0.508	0.194	0.017	0.381
17.562	-0.176	-0.367	0.506	-1.56	0.72	2.52	-5.34	-5.33	-0.16	48056	-0.165	-0.357	0.508	0.194	0.017	0.381
17.571	-0.172	-0.357	0.506	-1.69	0.75	2.54	-5.36	-4.66	-0.77	48058	-0.162	-0.355	0.508	0.193	0.017	0.381
17.582	-0.168	-0.352	0.506	-1.76	0.78	2.54	-3.40	-2.39	-1.20	48064	-0.160	-0.353	0.508	0.193	0.017	0.381
17.596	-0.164	-0.352	0.505	-1.78	0.79	2.52	-0.75	-0.27	-1.36	48123	-0.157	-0.351	0.508	0.192	0.017	0.381
17.602	-0.163	-0.352	0.505	-1.77	0.80	2.51	0.84	1.17	-1.54	48125	-0.154	-0.349	0.508	0.192	0.017	0.381
17.613	-0.162	-0.353	0.505	-1.74	0.80	2.48	1.77	3.20	-1.72	48129	-0.151	-0.348	0.508	0.192	0.016	0.380
17.621	-0.159	-0.348	0.505	-1.75	0.76	2.47	2.55	4.33	-2.32	48123	-0.149	-0.346	0.507	0.191	0.016	0.380
17.635	-0.156	-0.339	0.505	-1.78	0.72	2.46	5.32	4.84	-2.24	48190	-0.146	-0.343	0.507	0.191	0.016	0.380
17.643	-0.154	-0.337	0.505	-1.72	0.67	2.43	7.40	5.88	-2.38	48182	-0.144	-0.341	0.507	0.190	0.017	0.380
17.653	-0.151	-0.338	0.505	-1.62	0.61	2.40	8.75	5.87	-2.54	48180	-0.141	-0.338	0.507	0.189	0.017	0.380
17.664	-0.151	-0.340	0.504	-1.49	0.57	2.37	9.95	5.89	-2.33	48181	-0.139	-0.336	0.507	0.189	0.016	0.379
17.671	-0.147	-0.327	0.503	-1.50	0.49	2.36	8.05	3.21	-2.26	48164	-0.136	-0.333	0.507	0.188	0.017	0.379
17.684	-0.144	-0.325	0.503	-1.42	0.46	2.34	7.75	2.91	-2.59	48419	-0.134	-0.330	0.507	0.188	0.017	0.379
17.691	-0.141	-0.327	0.503	-1.29	0.43	2.30	7.74	0.21	-2.38	48409	-0.131	-0.328	0.506	0.187	0.017	0.379
17.704	-0.140	-0.328	0.503	-1.19	0.44	2.27	6.71	-2.20	-2.30	48387	-0.129	-0.326	0.506	0.187	0.017	0.378
17.713	-0.138	-0.321	0.504	-1.17	0.47	2.26	5.08	-4.12	-3.12	48358	-0.126	-0.323	0.506	0.186	0.017	0.378
17.724	-0.136	-0.319	0.504	-1.13	0.52	2.23	3.72	-6.31	-3.54	48086	-0.124	-0.320	0.506	0.186	0.017	0.378
17.733	-0.132	-0.318	0.504	-1.07	0.57	2.19	3.35	-7.01	-3.48	48063	-0.122	-0.318	0.507	0.185	0.017	0.378
17.743	-0.131	-0.310	0.504	-1.09	0.65	2.16	2.29	-7.30	-4.34	48035	-0.119	-0.315	0.507	0.184	0.017	0.377
17.752	-0.130	-0.309	0.504	-1.06	0.73	2.12	3.96	-6.42	-4.24	48011	-0.117	-0.312	0.507	0.184	0.017	0.377
17.763	-0.128	-0.308	0.504	-1.00	0.80	2.07	5.46	-4.10	-4.69	48000	-0.115	-0.309	0.507	0.183	0.018	0.377
17.773	-0.123	-0.309	0.504	-0.91	0.81	2.02	6.72	-2.26	-4.75	47980	-0.112	-0.307	0.507	0.182	0.017	0.377
17.783	-0.124	-0.311	0.504	-0.80	0.86	1.97	8.68	-1.98	-3.79	47945	-0.110	-0.305	0.507	0.182	0.017	0.377
17.794	-0.120	-0.311	0.504	-0.69	0.86	1.93	8.96	-0.11	-3.93	47903	-0.108	-0.304	0.507	0.181	0.017	0.376
17.804	-0.119	-0.304	0.506	-0.64	0.88	1.90	9.69	0.27	-4.07	47869	-0.105	-0.301	0.507	0.180	0.017	0.376
17.814	-0.116	-0.304	0.506	-0.53	0.86	1.85	8.79	1.45	-3.55	47558	-0.103	-0.299	0.508	0.180	0.016	0.376
17.826	-0.113	-0.305	0.506	-0.41	0.84	1.81	7.83	1.85	-3.60	47520	-0.101	-0.298	0.508	0.179	0.016	0.376
17.837	-0.113	-0.304	0.506	-0.32	0.84	1.77	5.62	1.97	-2.87	47474	-0.099	-0.296	0.508	0.178	0.016	0.376
17.880	-0.109	-0.298	0.506	-0.30	0.80	1.75	4.90	1.56	-2.47	47430	-0.096	-0.294	0.508	0.178	0.015	0.376
17.888	-0.107	-0.299	0.509	-0.23	0.78	1.72	2.88	1.34	-2.35	46999	-0.094	-0.292	0.509	0.177	0.015	0.376
17.922	-0.106	-0.299	0.509	-0.18	0.78	1.70	1.04	0.69	-1.54	46961	-0.092	-0.291	0.510	0.176	0.015	0.376
17.941	-0.103	-0.288	0.510	-0.25	0.77	1.70	-0.46	0.85	-1.41	46919	-0.089	-0.288	0.510	0.176	0.015	0.376
17.948	-0.103	-0.287	0.510	-0.25	0.78	1.68	-1.96	-0.16	-1.04	46893	-0.087	-0.286	0.510	0.175	0.015	0.376
17.950	-0.101	-0.286	0.511	-0.26	0.78	1.67	-3.18	0.21	-1.50	46855	-0.085	-0.284	0.511	0.174	0.015	0.376
17.954	-0.099	-0.285	0.511	-0.28	0.78	1.65	-3.38	-1.41	-1.01	46743	-0.083	-0.281	0.511	0.173	0.014	0.376
17.961	-0.097	-0.286	0.511	-0.28	0.79	1.63	-1.46	-2.00	-0.27	46723	-0.081	-0.280	0.512	0.173	0.014	0.376
17.966	-0.096	-0.289	0.512	-0.25	0.82	1.62	-1.57	-2.34	0.10	46708	-0.079	-0.279	0.512	0.172	0.013	0.376
17.971	-0.092	-0.287	0.513	-0.27	0.82	1.62	-0.80	-1.50	-0.03	46677	-0.077	-0.277	0.512	0.171	0.013	0.376
17.974	-0.090	-0.284	0.513	-0.27	0.84	1.62	-0.03	-1.31	0.28	46583	-0.075	-0.276	0.513	0.170	0.013	0.376
17.976	-0.087	-0.285	0.513	-0.24	0.85	1.62	-0.50	-0.49	1.11	46555	-0.073	-0.275	0.513	0.170	0.012	0.376
17.981	-0.086	-0.281	0.514	-0.27	0.86	1.64	-0.41	-0.13	1.22	46544	-0.071	-0.273	0.513	0.169	0.012	0.376
17.984	-0.084	-0.272	0.514	-0.33	0.85	1.66	-0.58	1.82	0.95	46526	-0.068	-0.271	0.514	0.168	0.012	0.376
17.989	-0.083	-0.272	0.515	-0.32	0.84	1.66	-1.13	3.01	1.12	46512	-0.066	-0.269	0.514	0.167	0.011	0.376
17.993	-0.081	-0.272	0.515	-0.31	0.82	1.67	-2.12	3.16	1.27	46431	-0.065	-0.267	0.514	0.166	0.011	0.376
18.005	-0.079	-0.270	0.516	-0.34	0.79	1.68	-2.11	3.72	1.16	46433	-0.063	-0.265	0.515	0.165	0.011	0.376
18.015	-0.076	-0.271	0.516	-0.33	0.74	1.69	-1.51	3.38	1.46	46429	-0.061	-0.264	0.515	0.165	0.011	0.376
18.027	-0.072	-0.270	0.518	-0.33	0.69	1.70	-3.60	2.28	1.47	46419	-0.058	-0.262	0.515	0.164	0.010	0.376
18.033	-0.071	-0.270	0.519	-0.35	0.68	1.71	-3.44	0.82	1.92	46072	-0.056	-0.261	0.516	0.163	0.010	0.376
18.043	-0.070	-0.270	0.519	-0.37	0.68	1.73	-4.40	-0.34	2.11	46077	-0.054	-0.260	0.516	0.162	0.009	0.377
18.053	-0.068	-0.268	0.519	-0.42	0.69	1.75	-5.35	-2.86	2.18	46081	-0.052	-0.259	0.517	0.162	0.009	0.377
18.064	-0.066	-0.263	0.520	-0.50	0.72	1.78	-6.31	-4.47	2.31	46085	-0.050	-0.257	0.517	0.161	0.008	0.377
18.071	-0.065	-0.259	0.521	-0.58	0.77	1.80	-7.77	-4.79	2.39	46015	-0.048	-0.255	0.517	0.160	0.008	0.377
18.083	-0.064	-0.259	0.521	-0.65	0.83	1.83	-9.06	-4.72	2.68	46039	-0.046	-0.253	0.518	0.159	0.008	0.377
18.095	-0.064	-0.253	0.521	-0.77	0.89	1.86	-9.56	-4.13	2.73	46053	-0.045	-0.251	0.518	0.158	0.008	0.378
18.104	-0.060	-0.253	0.522	-0.85	0.91	1.88	-12.03	-3.37	2.47	46060	-0.043	-0.249	0.518	0.157	0.008	0.378
18.113	-0.058	-0.252	0.524	-0.96	0.94	1.91	-11.19	-1.85	2.39	46077	-0.041	-0.247	0.519	0.156	0.007	0.378
18.128	-0.057	-0.251	0.524	-1.06	0.95	1.93	-10.60	1.22	2.58	45802	-0.039	-0.245	0.519	0.155	0.007	0.379
18.132	-0.055	-0.251	0.524	-1.14	0.93	1.96	-10.10	4.08	2.79	45817	-0.037	-0.244	0.519	0.154	0.007	0.379
18.143	-0.053	-0.249	0.525	-1.24	0.89	1.98	-9.11	5.47	3.33	45842	-0.035	-0.242	0.520	0.154	0.006	0.380
18.153	-0.051	-0.247	0.525	-1.32	0.83	2.02	-7.82	7.25	3.84	45876	-0.034	-0.241	0.520	0.153	0.006	0.380
18.163	-0.049	-0.246	0.525	-1.39	0.75	2.05	-7.50	8.63	4.06	45919	-0.032	-0.239	0.520	0.152	0.006	0.380
18.173	-0.049	-0.236	0.526	-1.53	0.67	2.10	-6.81	8.45	3.72	45959	-0.030	-0.236	0.520	0.151	0.006	0.381
18.185	-0.047	-0.235	0.526	-1.60	0.59	2.14	-6.45	7.03	3.58	46010	-0.029	-0.234	0.521	0.150	0.006	0.381
18.193	-0.047	-0.232	0.526	-1.67	0.53	2.17	-6.38	5.29	3.11	46058	-0.027	-0.231	0.521	0.149	0.006	0.382
18.203	-0.045	-0.231	0.526	-1.72	0.48	2.20	-5.83	2.71	2.94	46106	-0.026	-0.229	0.521	0.148	0.005	0.382
18.218	-0.043	-0.231	0.526	-1.76	0.45	2.22	-4.63	0.73	3.11	46236	-0.024	-0.227	0.521	0.147	0.005	0.382
18.228	-0.041	-0.231	0.526	-1.77	0.44	2.25	-3.45	-1.34	2.94	46288	-0.022	-0.225	0.521	0.146	0.005	0.383
18.237	-0.038	-0.231	0.526	-1.79	0.45	2.28	-2.36	-3.57	2.74	46336	-0.021	-0.223	0.521	0.145	0.005	0.383
18.247	-0.037	-0.231	0.526	-1.79	0.50	2.30	-1.49	-5.43	2.41	46384	-0.019	-0.222	0.520	0.144	0.004	0.384
18.254	-0.037	-0.227	0.526	-1.81	0.56	2.33	-0.74	-5.62	2.19	46519	-0.017	-0.220	0.520	0.143	0.004	0.384
18.264	-0.035	-0.227	0.526	-1.80	0.62	2.34	-0.26	-7.61	1.56	46566	-0.016	-0.219	0.520	0.142	0.003	0.384
18.275	-0.034	-0.223	0.526	-1.82	0.69	2.37	-0.98	-7.49	1.52	46624	-0.014	-0.217	0.520	0.141	0.003	0.385
18.283	-0.033	-0.220	0.526	-1.83	0.78	2.38	-1.33	-6.51	1.17	46694	-0.013	-0.215	0.520	0.140	0.003	0.385
18.293	-0.031	-0.220	0.524	-1.82	0.83	2.39	-1.24	-5.06	0.22	46994	-0.012	-0.213	0.519	0.139	0.002	0.386
18.303	-0.029	-0.218	0.524	-1.83	0.88	2.39	-1.29	-1.45	-0.45	47046	-0.010	-0.211	0.519	0.138	0.002	0.386
18.314	-0.028	-0.218	0.524	-1.82	0.90	2.39	-1.49	0.92	-1.15	47111	-0.009	-0.209	0.519	0.137	0.002	0.386
18.323	-0.024	-0.217	0.523	-1.81	0.86	2.37	-0.88	2.98	-1.73	47164	-0.007	-0.208	0.518	0.137	0.001	0.387
18.334	-0.022	-0.221	0.522	-1.77	0.83	2.34	-0.32	5.45	-2.05	47222	-0.005	-0.207	0.518	0.136	0.000	0.387
18.343	-0.023	-0.218	0.522	-1.78	0.80	2.32	0.61	4.27	-2.32	47536	-0.004	-0.206	0.517	0.135	-0.000	0.387
18.353	-0.021	-0.206	0.521	-1.85	0.74	2.31	0.92	3.89	-3.36	47601	-0.002	-0.203	0.517	0.134	-0.000	0.388
18.363	-0.021	-0.204	0.521	-1.84	0.72	2.27	1.51	2.69	-3.62	47654	-0.001	-0.201	0.516	0.133	-0.001	0.388
18.374	-0.017	-0.205	0.519	-1.80	0.67	2.23	1.80	1.50	-4.45	47716	0.001	-0.199	0.515	0.132	-0.001	0.388
18.384	-0.017	-0.207	0.518	-1.73	0.67	2.17	1.49	0.22	-5.67	48094	0.002	-0.197	0.515	0.131	-0.001	0.389
18.393	-0.017	-0.210	0.518	-1.68	0.68	2.11	1.05	0.26	-5.81	48142	0.003	-0.196	0.514	0.130	-0.002	0.389
18.405	-0.018	-0.194	0.517	-1.78	0.70	2.07	1.02	-0.36	-4.99	48211	0.004	-0.193	0.513	0.129	-0.002	0.389
18.412	-0.016	-0.191	0.517	-1.76	0.71	2.02	1.05	-0.44	-6.05	48298	0.006	-0.190	0.513	0.128	-0.002	0.389
18.424	-0.014	-0.193	0.516	-1.72	0.71	1.95	-0.62	1.28	-6.11	48357	0.007	-0.188	0.512	0.126	-0.002	0.390
18.432	-0.013	-0.187	0.515	-1.75	0.70	1.90	-1.18	1.20	-5.90	48452	0.008	-0.185	0.512	0.125	-0.003	0.390
18.441	-0.012	-0.179	0.515	-1.80	0.69	1.84	-1.46	1.17	-6.82	48520	0.009	-0.182	0.511	0.124	-0.002	0.390
18.453	-0.010	-0.181	0.514	-1.77	0.67	1.77	-0.66	0.97	-8.04	48591	0.010	-0.179	0.511	0.123	-0.003	0.390
18.465	-0.009	-0.171	0.514	-1.84	0.66	1.70	1.07	0.54	-7.94	48638	0.011	-0.175	0.510	0.122	-0.002	0.391
18.473	-0.007	-0.164	0.513	-1.86	0.66	1.62	1.50	-1.85	-8.07	48568	0.013	-0.171	0.510	0.121	-0.002	0.391
18.483	-0.008	-0.163	0.513	-1.82	0.70	1.54	4.38	-3.08	-8.63	48625	0.014	-0.167	0.510	0.120	-0.002	0.391
18.491	-0.007	-0.159	0.512	-1.78	0.74	1.45	6.83	-4.75	-8.73	48665	0.015	-0.163	0.509	0.119	-0.002	0.391
18.503	-0.004	-0.144	0.512	-1.81	0.78	1.38	9.43	-7.53	-8.76	48684	0.016	-0.158	0.509	0.118	-0.001	0.392
18.513	-0.003	-0.145	0.510	-1.67	0.87	1.29	11.57	-10.18	-9.10	48834	0.017	-0.154	0.508	0.117	-0.000	0.392
18.523	-0.000	-0.134	0.510	-1.62	0.96	1.21	13.82	-13.37	-9.30	48859	0.018	-0.148	0.508	0.116	0.000	0.392
18.535	-0.001	-0.138	0.509	-1.41	1.12	1.11	14.05	-14.41	-9.50	48879	0.019	-0.144	0.508	0.115	0.001	0.392
18.544	0.001	-0.120	0.509	-1.40	1.25	1.04	12.90	-13.55	-9.92	48870	0.021	-0.138	0.507	0.114	0.002	0.392
18.555	0.001	-0.126	0.508	-1.18	1.39	0.93	11.83	-10.93	-10.33	48903	0.022	-0.133	0.507	0.113	0.002	0.392
18.566	0.003	-0.105	0.507	-1.21	1.49	0.85	10.96	-8.79	-10.53	48943	0.023	-0.127	0.506	0.112	0.003	0.392
18.574	0.005	-0.110	0.507	-1.03	1.58	0.73	10.32	-4.34	-10.61	48974	0.024	-0.121	0.506	0.111	0.004	0.392
18.584	0.006	-0.096	0.506	-1.00	1.61	0.64	10.87	-0.46	-10.89	48967	0.026	-0.115	0.506	0.110	0.005	0.392
18.593	0.007	-0.092	0.506	-0.89	1.62	0.53	9.13	3.61	-11.52	48988	0.027	-0.109	0.505	0.109	0.005	0.392
18.604	0.010	-0.078	0.505	-0.88	1.56	0.43	11.42	8.34	-11.71	48882	0.028	-0.102	0.505	0.108	0.007	0.392
18.615	0.011	-0.084	0.505	-0.69	1.47	0.29	11.01	12.21	-11.89	48905	0.030	-0.096	0.505	0.107	0.007	0.392
18.625	0.012	-0.065	0.504	-0.69	1.35	0.19	12.90	13.85	-11.94	48903	0.031	-0.089	0.504	0.106	0.008	0.392
18.635	0.013	-0.068	0.504	-0.49	1.20	0.06	14.10	15.94	-12.55	48936	0.032	-0.083	0.504	0.105	0.009	0.392
18.642	0.015	-0.053	0.504	-0.43	1.04	-0.06	16.43	15.17	-12.81	48931	0.034	-0.076	0.504	0.104	0.010	0.393
18.652	0.016	-0.057	0.504	-0.19	0.89	-0.20	19.91	11.68	-12.57	48807	0.035	-0.070	0.504	0.103	0.011	0.392
18.663	0.017	-0.042	0.503	-0.08	0.78	-0.31	23.42	8.61	-12.51	48790	0.036	-0.063	0.504	0.102	0.012	0.392
18.672	0.016	-0.048	0.503	0.25	0.71	-0.45	24.71	4.94	-12.51	48812	0.037	-0.058	0.504	0.101	0.013	0.392
18.684	0.017	-0.037	0.504	0.44	0.66	-0.57	26.13	1.68	-12.33	48802	0.038	-0.052	0.504	0.100	0.013	0.392
18.692	0.018	-0.024	0.503	0.63	0.64	-0.68	26.87	-1.31	-11.40	48641	0.039	-0.045	0.504	0.099	0.014	0.392
18.703	0.019	-0.015	0.503	0.86	0.66	-0.79	25.60	-6.82	-10.36	48646	0.040	-0.037	0.504	0.098	0.016	0.392
18.713	0.019	-0.023	0.503	1.23	0.74	-0.91	24.01	-11.33	-9.22	48643	0.041	-0.032	0.504	0.097	0.016	0.392
18.721	0.020	-0.013	0.502	1.42	0.85	-1.00	23.88	-12.87	-7.75	48604	0.042	-0.026	0.504	0.096	0.017	0.392
18.733	0.022	0.005	0.501	1.55	0.97	-1.06	24.12	-13.21	-6.85	48585	0.043	-0.019	0.503	0.095	0.018	0.392
18.742	0.022	0.004	0.501	1.84	1.11	-1.13	24.45	-13.48	-5.85	48668	0.044	-0.012	0.503	0.094	0.019	0.392
18.753	0.020	0.017	0.501	2.02	1.25	-1.19	23.74	-9.81	-4.97	48643	0.044	-0.005	0.503	0.092	0.020	0.392
18.761	0.022	0.021	0.501	2.26	1.34	-1.24	24.32	-7.45	-4.02	48619	0.045	0.002	0.503	0.091	0.021	0.392
18.772	0.024	0.022	0.500	2.53	1.40	-1.28	22.52	-1.75	-3.22	48589	0.046	0.008	0.503	0.090	0.021	0.391
18.784	0.026	0.038	0.500	2.66	1.39	-1.30	20.90	4.57	-2.53	48602	0.047	0.015	0.503	0.089	0.023	0.391
18.793	0.028	0.032	0.500	2.95	1.33	-1.34	17.69	11.19	-2.15	48591	0.048	0.021	0.503	0.088	0.023	0.391
18.802	0.030	0.047	0.499	3.03	1.19	-1.34	13.83	16.40	-1.66	48570	0.049	0.028	0.502	0.087	0.024	0.391
18.813	0.031	0.045	0.501	3.23	1.03	-1.35	12.04	18.61	-0.77	48586	0.050	0.034	0.503	0.086	0.025	0.391
18.822	0.033	0.057	0.501	3.28	0.83	-1.34	11.67	19.07	0.46	48226	0.051	0.040	0.503	0.085	0.026	0.390
18.832	0.033	0.062	0.501	3.41	0.65	-1.32	18.54	16.49	0.41	48224	0.053	0.046	0.503	0.084	0.026	0.390
18.846	0.034	0.062	0.501	3.65	0.49	-1.32	28.73	11.48	0.85	48212	0.054	0.052	0.503	0.083	0.027	0.390
18.853	0.035	0.069	0.501	3.93	0.38	-1.30	41.58	4.57	0.55	48193	0.055	0.057	0.503	0.082	0.027	0.390
18.863	0.035	0.074	0.501	4.35	0.35	-1.29	54.35	-2.08	0.13	48176	0.055	0.063	0.503	0.081	0.028	0.390
18.873	0.035	0.069	0.501	4.99	0.39	-1.30	65.24	-8.73	0.02	48068	0.056	0.067	0.503	0.080	0.028	0.390
18.884	0.036	0.075	0.501	5.63	0.48	-1.32	71.06	-11.60	-1.40	48039	0.057	0.072	0.504	0.079	0.028	0.389
18.894	0.035	0.079	0.501	6.34	0.62	-1.34	71.84	-15.54	-1.42	48009	0.058	0.076	0.504	0.078	0.028	0.389
18.903	0.038	0.082	0.500	7.06	0.74	-1.37	66.18	-14.00	-1.41	47992	0.058	0.080	0.504	0.077	0.029	0.389
18.910	0.036	0.074	0.500	7.80	0.89	-1.42	55.26	-10.81	-1.33	48147	0.059	0.082	0.504	0.075	0.028	0.389
18.921	0.037	0.083	0.500	8.28	1.00	-1.44	40.12	-7.28	-1.42	48170	0.060	0.085	0.504	0.074	0.028	0.388
18.933	0.037	0.088	0.500	8.64	1.06	-1.46	23.16	-2.69	-1.70	48193	0.060	0.089	0.504	0.073	0.028	0.388
18.946	0.037	0.094	0.500	8.83	1.09	-1.48	5.40	1.31	-1.85	48224	0.061	0.092	0.504	0.072	0.028	0.388
18.952	0.038	0.097	0.501	8.86	1.07	-1.49	-10.68	4.99	-1.46	48268	0.061	0.095	0.504	0.071	0.028	0.388
18.963	0.040	0.098	0.501	8.75	1.00	-1.50	-22.66	7.28	-1.10	48189	0.061	0.098	0.504	0.070	0.028	0.387
18.972	0.040	0.101	0.501	8.51	0.93	-1.50	-31.32	8.69	-0.88	48229	0.062	0.101	0.504	0.069	0.028	0.387
18.982	0.041	0.105	0.500	8.18	0.83	-1.50	-34.30	10.10	-1.28	48248	0.063	0.104	0.504	0.067	0.028	0.387
18.993	0.039	0.098	0.501	7.91	0.75	-1.50	-35.02	10.50	-0.78	48268	0.063	0.105	0.504	0.066	0.028	0.387
18.999	0.040	0.097	0.501	7.59	0.63	-1.50	-30.47	11.03	0.30	48197	0.063	0.106	0.504	0.065	0.027	0.387
19.014	0.043	0.101	0.501	7.29	0.50	-1.49	-23.30	11.62	1.26	48200	0.064	0.108	0.504	0.064	0.027	0.386
19.021	0.043	0.105	0.501	7.04	0.40	-1.45	-17.68	10.43	1.61	48190	0.064	0.109	0.504	0.063	0.027	0.386
19.034	0.044	0.100	0.501	6.93	0.29	-1.43	-12.31	10.16	2.59	48186	0.065	0.110	0.504	0.062	0.026	0.386
19.043	0.042	0.094	0.501	6.88	0.21	-1.40	-8.09	9.77	3.22	48171	0.065	0.109	0.504	0.061	0.026	0.386
19.053	0.042	0.095	0.501	6.80	0.12	-1.35	-6.93	8.28	3.49	48184	0.065	0.109	0.504	0.060	0.025	0.385
19.063	0.043	0.098	0.501	6.72	0.04	-1.31	-7.25	9.12	3.28	48192	0.065	0.109	0.504	0.058	0.024	0.385
19.072	0.039	0.087	0.501	6.74	-0.01	-1.26	-10.40	6.90	4.58	48198	0.065	0.107	0.504	0.057	0.023	0.385
19.083	0.040	0.084	0.499	6.66	-0.08	-1.21	-14.91	5.04	5.09	48225	0.065	0.106	0.504	0.056	0.022	0.384
19.092	0.042	0.086	0.499	6.50	-0.14	-1.16	-19.29	3.87	5.32	48578	0.065	0.104	0.504	0.055	0.021	0.384
19.103	0.042	0.091	0.498	6.26	-0.16	-1.10	-23.94	1.46	5.78	48613	0.065	0.103	0.503	0.054	0.021	0.384
19.112	0.040	0.079	0.498	6.12	-0.14	-1.04	-29.68	-0.44	5.89	48647	0.064	0.101	0.503	0.052	0.019	0.383
19.122	0.040	0.083	0.497	5.78	-0.12	-0.98	-34.30	-3.05	6.15	48693	0.064	0.100	0.503	0.051	0.019	0.383
19.132	0.039	0.071	0.497	5.53	-0.08	-0.93	-38.19	-5.18	6.87	48853	0.064	0.097	0.503	0.050	0.017	0.382
19.143	0.039	0.081	0.497	5.06	-0.01	-0.85	-41.22	-6.91	7.22	48886	0.063	0.095	0.502	0.049	0.017	0.382
19.153	0.038	0.070	0.496	4.73	0.07	-0.79	-43.93	-6.81	7.13	48889	0.063	0.092	0.502	0.047	0.015	0.381
19.158	0.038	0.078	0.496	4.22	0.14	-0.71	-44.97	-7.38	7.36	48921	0.063	0.091	0.502	0.046	0.015	0.381
19.172	0.040	0.067	0.496	3.85	0.21	-0.66	-44.65	-7.18	7.33	48920	0.062	0.088	0.502	0.045	0.014	0.381
19.184	0.039	0.058	0.496	3.48	0.28	-0.59	-44.14	-4.74	7.85	48938	0.062	0.084	0.502	0.044	0.012	0.380
19.194	0.039	0.067	0.495	2.96	0.34	-0.51	-43.71	-3.73	7.77	48927	0.062	0.082	0.501	0.043	0.012	0.380
19.203	0.038	0.061	0.495	2.57	0.38	-0.43	-42.77	-2.39	8.40	48898	0.061	0.079	0.501	0.041	0.011	0.379
19.213	0.038	0.052	0.493	2.22	0.41	-0.35	-41.78	-0.21	8.78	48893	0.061	0.075	0.501	0.040	0.010	0.379
19.225	0.039	0.056	0.493	1.76	0.40	-0.27	-41.54	1.93	8.87	49265	0.061	0.073	0.500	0.039	0.009	0.378
19.231	0.040	0.044	0.492	1.44	0.38	-0.19	-38.66	2.59	8.90	49262	0.061	0.069	0.500	0.038	0.007	0.377
19.241	0.040	0.041	0.492	1.07	0.35	-0.10	-36.91	3.83	8.20	49270	0.061	0.065	0.500	0.037	0.006	0.377
19.255	0.040	0.043	0.492	0.68	0.31	-0.02	-32.78	3.80	7.36	49271	0.061	0.062	0.500	0.036	0.005	0.376
19.262	0.040	0.030	0.492	0.45	0.27	0.05	-32.00	1.83	6.80	49258	0.060	0.057	0.499	0.035	0.004	0.376
19.272	0.041	0.037	0.491	0.06	0.26	0.12	-29.03	2.32	6.42	49248	0.060	0.054	0.499	0.034	0.003	0.375
19.283	0.041	0.027	0.491	-0.16	0.23	0.18	-29.26	1.10	5.74	49215	0.060	0.050	0.499	0.033	0.002	0.374
19.313	0.041	0.011	0.491	-0.33	0.22	0.22	-27.09	1.63	5.08	49215	0.060	0.045	0.499	0.032	0.000	0.374
19.317	0.041	-0.003	0.492	-0.52	0.20	0.26	-28.78	1.36	4.09	49235	0.060	0.038	0.499	0.031	-0.002	0.373
19.320	0.043	0.003	0.492	-0.87	0.17	0.30	-27.33	1.49	3.56	49032	0.060	0.033	0.499	0.030	-0.004	0.373
19.325	0.042	-0.011	0.492	-1.04	0.16	0.34	-27.43	2.01	3.44	49007	0.060	0.027	0.499	0.029	-0.006	0.372
19.330	0.042	-0.030	0.491	-1.18	0.14	0.36	-28.25	1.13	2.86	49008	0.060	0.019	0.499	0.028	-0.008	0.372
19.343	0.041	-0.039	0.492	-1.41	0.14	0.39	-29.27	0.13	2.11	49019	0.060	0.011	0.499	0.027	-0.011	0.371
19.351	0.041	-0.033	0.492	-1.78	0.14	0.41	-30.72	0.55	1.04	48955	0.060	0.005	0.500	0.026	-0.012	0.370
19.363	0.041	-0.041	0.491	-2.04	0.13	0.42	-31.68	-0.23	-0.03	48919	0.060	-0.002	0.500	0.025	-0.014	0.370
19.372	0.041	-0.059	0.491	-2.22	0.14	0.41	-30.79	-2.31	-0.33	48920	0.060	-0.010	0.500	0.024	-0.017	0.369
19.383	0.041	-0.071	0.491	-2.45	0.17	0.40	-31.05	-3.46	-1.08	48925	0.059	-0.018	0.500	0.023	-0.020	0.368
19.394	0.040	-0.067	0.492	-2.81	0.21	0.40	-29.68	-2.27	-1.71	48908	0.059	-0.025	0.500	0.022	-0.022	0.368
19.402	0.040	-0.070	0.492	-3.10	0.24	0.38	-30.59	-2.13	-2.26	48747	0.059	-0.032	0.500	0.021	-0.024	0.367
19.412	0.040	-0.083	0.492	-3.33	0.27	0.36	-29.69	-3.91	-1.20	48730	0.059	-0.039	0.500	0.020	-0.026	0.367
19.423	0.040	-0.093	0.492	-3.56	0.31	0.34	-28.96	-2.63	-1.91	48715	0.058	-0.047	0.501	0.020	-0.028	0.366
19.432	0.039	-0.087	0.493	-3.92	0.34	0.33	-26.61	-2.70	-1.45	48682	0.058	-0.053	0.501	0.019	-0.030	0.365
19.443	0.040	-0.103	0.493	-4.07	0.36	0.31	-24.63	-1.97	-1.96	48397	0.058	-0.060	0.501	0.018	-0.032	0.365
19.453	0.040	-0.097	0.493	-4.38	0.38	0.30	-22.14	0.35	-2.33	48373	0.058	-0.066	0.502	0.017	-0.034	0.364
19.465	0.041	-0.114	0.494	-4.48	0.37	0.26	-20.05	1.15	-2.71	48328	0.058	-0.073	0.502	0.016	-0.036	0.363
19.474	0.042	-0.111	0.493	-4.72	0.35	0.24	-18.89	1.83	-2.96	48298	0.058	-0.079	0.502	0.015	-0.037	0.363
19.484	0.043	-0.128	0.493	-4.79	0.33	0.20	-18.62	2.23	-3.54	48446	0.058	-0.086	0.502	0.014	-0.039	0.362
19.490	0.043	-0.125	0.493	-5.02	0.31	0.16	-18.72	1.97	-4.49	48440	0.058	-0.092	0.502	0.014	-0.041	0.361
19.502	0.043	-0.121	0.493	-5.26	0.29	0.11	-19.48	2.16	-4.90	48413	0.058	-0.097	0.502	0.013	-0.042	0.361
19.512	0.042	-0.136	0.493	-5.35	0.29	0.06	-19.11	-1.34	-5.33	48381	0.058	-0.103	0.503	0.012	-0.044	0.360
19.521	0.043	-0.133	0.495	-5.58	0.30	0.01	-16.14	-3.23	-5.36	48368	0.058	-0.107	0.503	0.011	-0.045	0.359
19.532	0.043	-0.129	0.495	-5.79	0.35	-0.04	-13.84	-4.36	-5.63	48064	0.058	-0.111	0.503	0.011	-0.046	0.359
19.542	0.042	-0.146	0.495	-5.79	0.41	-0.09	-9.10	-6.52	-5.78	48038	0.058	-0.116	0.504	0.010	-0.048	0.358
19.551	0.043	-0.144	0.496	-5.91	0.47	-0.14	-4.72	-5.46	-6.63	48027	0.058	-0.121	0.504	0.009	-0.049	0.357
19.562	0.042	-0.141	0.496	-5.99	0.53	-0.20	0.12	-4.03	-7.39	48000	0.058	-0.124	0.504	0.008	-0.050	0.357
19.572	0.043	-0.141	0.497	-5.99	0.57	-0.28	4.36	-1.08	-8.46	47894	0.058	-0.127	0.505	0.007	-0.051	0.356
19.582	0.045	-0.143	0.497	-5.93	0.57	-0.36	9.44	1.35	-9.34	47905	0.058	-0.130	0.505	0.007	-0.051	0.355
19.592	0.045	-0.146	0.497	-5.82	0.56	-0.46	13.89	2.08	-9.62	47902	0.058	-0.132	0.505	0.006	-0.052	0.355
19.603	0.045	-0.148	0.497	-5.68	0.54	-0.56	17.50	4.77	-10.43	47889	0.058	-0.135	0.506	0.005	-0.053	0.354
19.614	0.045	-0.152	0.497	-5.48	0.51	-0.67	19.00	5.35	-10.44	48046	0.058	-0.138	0.506	0.005	-0.053	0.354
19.627	0.045	-0.155	0.497	-5.27	0.46	-0.78	19.58	4.92	-10.77	48036	0.058	-0.140	0.506	0.004	-0.054	0.353
19.634	0.046	-0.142	0.497	-5.19	0.42	-0.89	18.85	4.86	-11.28	48026	0.059	-0.141	0.506	0.003	-0.054	0.352
19.645	0.046	-0.143	0.497	-5.01	0.38	-1.01	17.88	4.38	-12.07	48031	0.059	-0.142	0.506	0.003	-0.054	0.352
19.652	0.046	-0.146	0.497	-4.81	0.34	-1.13	16.36	2.94	-12.86	48040	0.059	-0.142	0.506	0.002	-0.054	0.351
19.666	0.047	-0.151	0.498	-4.61	0.32	-1.27	16.24	2.18	-13.60	48057	0.059	-0.144	0.506	0.001	-0.055	0.350
19.673	0.047	-0.152	0.498	-4.44	0.31	-1.40	16.30	1.24	-13.26	48054	0.059	-0.145	0.506	0.001	-0.055	0.350
19.684	0.048	-0.144	0.498	-4.35	0.30	-1.53	16.72	0.62	-13.27	48063	0.059	-0.145	0.506	0.000	-0.055	0.349
19.692	0.048	-0.147	0.498	-4.17	0.30	-1.67	15.21	1.19	-13.82	48074	0.060	-0.145	0.507	-0.000	-0.055	0.348
19.702	0.048	-0.133	0.498	-4.14	0.29	-1.81	14.43	1.90	-13.89	48160	0.060	-0.144	0.507	-0.001	-0.055	0.348
19.712	0.048	-0.133	0.498	-4.00	0.28	-1.95	14.89	1.60	-13.72	48190	0.060	-0.142	0.507	-0.002	-0.054	0.347
19.722	0.048	-0.135	0.498	-3.83	0.28	-2.09	14.58	0.53	-14.94	48209	0.060	-0.142	0.507	-0.002	-0.054	0.346
19.732	0.049	-0.140	0.498	-3.64	0.28	-2.24	17.68	1.02	-15.03	48217	0.061	-0.141	0.507	-0.003	-0.054	0.346
19.743	0.048	-0.142	0.497	-3.45	0.29	-2.40	19.98	0.20	-14.87	48216	0.061	-0.141	0.507	-0.003	-0.054	0.345
19.751	0.051	-0.131	0.497	-3.34	0.28	-2.54	23.18	-0.22	-14.58	48512	0.061	-0.140	0.506	-0.004	-0.053	0.344
19.762	0.051	-0.132	0.497	-3.09	0.29	-2.68	25.75	-0.58	-13.69	48540	0.061	-0.138	0.506	-0.004	-0.053	0.343
19.773	0.051	-0.122	0.497	-2.91	0.31	-2.82	28.23	-1.23	-13.36	48557	0.062	-0.136	0.506	-0.005	-0.052	0.343
19.782	0.051	-0.121	0.496	-2.62	0.33	-2.95	29.24	-1.34	-12.79	48580	0.062	-0.134	0.506	-0.006	-0.052	0.342
19.791	0.051	-0.111	0.496	-2.41	0.35	-3.08	29.92	-4.32	-11.80	48702	0.062	-0.130	0.506	-0.006	-0.051	0.341
19.803	0.051	-0.105	0.496	-2.15	0.40	-3.20	30.49	-3.87	-11.43	48724	0.062	-0.127	0.506	-0.007	-0.050	0.340
19.812	0.051	-0.107	0.496	-1.82	0.45	-3.31	30.08	-3.68	-11.22	48741	0.063	-0.124	0.506	-0.007	-0.049	0.340
19.823	0.057	-0.097	0.496	-1.60	0.44	-3.41	29.13	-2.46	-10.12	48751	0.063	-0.120	0.506	-0.008	-0.048	0.339
19.831	0.053	-0.098	0.495	-1.29	0.49	-3.52	28.45	-0.34	-9.61	48904	0.064	-0.116	0.505	-0.008	-0.047	0.338
19.841	0.053	-0.097	0.495	-1.00	0.50	-3.61	26.63	1.88	-9.10	48912	0.064	-0.113	0.505	-0.009	-0.046	0.337
19.851	0.056	-0.085	0.495	-0.83	0.45	-3.70	24.85	4.68	-8.64	48922	0.064	-0.109	0.505	-0.009	-0.045	0.336
19.867	0.056	-0.079	0.495	-0.62	0.40	-3.79	22.44	7.73	-8.62	48948	0.065	-0.105	0.505	-0.010	-0.043	0.336
19.874	0.057	-0.076	0.494	-0.42	0.32	-3.87	21.25	8.31	-8.78	48976	0.065	-0.100	0.505	-0.010	-0.042	0.335
19.883	0.058	-0.080	0.494	-0.16	0.24	-3.96	21.42	7.92	-8.23	49110	0.066	-0.097	0.505	-0.010	-0.041	0.334
19.905	0.059	-0.068	0.494	-0.04	0.15	-4.04	21.43	6.89	-8.03	49110	0.067	-0.092	0.505	-0.011	-0.040	0.333
19.910	0.058	-0.070	0.494	0.21	0.09	-4.12	22.22	4.77	-8.38	49124	0.067	-0.088	0.504	-0.011	-0.039	0.332
19.914	0.055	-0.072	0.493	0.46	0.07	-4.22	23.82	2.56	-8.54	49120	0.067	-0.085	0.504	-0.012	-0.038	0.332
19.920	0.057	-0.063	0.493	0.64	0.04	-4.29	26.26	0.54	-7.90	49142	0.067	-0.082	0.504	-0.012	-0.037	0.331
19.933	0.060	-0.059	0.493	0.88	0.02	-4.37	27.89	-0.77	-6.87	49152	0.068	-0.078	0.504	-0.013	-0.037	0.330
19.945	0.059	-0.058	0.493	1.17	0.03	-4.43	28.68	-3.34	-5.90	49136	0.068	-0.074	0.504	-0.013	-0.036	0.329
19.952	0.059	-0.062	0.493	1.50	0.06	-4.49	27.61	-3.18	-5.21	49111	0.068	-0.072	0.504	-0.014	-0.035	0.328
19.963	0.059	-0.057	0.492	1.73	0.10	-4.54	26.20	-3.31	-4.79	49085	0.069	-0.069	0.504	-0.014	-0.035	0.327
19.973	0.059	-0.048	0.492	1.93	0.12	-4.59	22.13	-1.02	-5.66	49195	0.069	-0.065	0.504	-0.015	-0.034	0.326
19.983	0.061	-0.047	0.492	2.15	0.12	-4.65	20.04	-0.08	-4.97	49176	0.069	-0.062	0.504	-0.015	-0.033	0.325
19.992	0.061	-0.051	0.492	2.40	0.12	-4.69	17.23	1.27	-3.89	49148	0.070	-0.060	0.504	-0.015	-0.032	0.324
20.004	0.060	-0.053	0.492	2.59	0.11	-4.73	16.10	1.47	-2.81	49116	0.070	-0.058	0.504	-0.016	-0.032	0.324
20.012	0.061	-0.041	0.492	2.67	0.09	-4.76	12.90	0.12	-1.75	48989	0.070	-0.055	0.504	-0.016	-0.032	0.323
20.023	0.062	-0.043	0.492	2.82	0.07	-4.77	9.48	0.65	-1.05	48956	0.070	-0.052	0.504	-0.017	-0.031	0.322
20.033	0.063	-0.035	0.492	2.85	0.07	-4.78	7.04	-0.66	-0.63	48919	0.071	-0.049	0.504	-0.017	-0.030	0.321
20.038	0.063	-0.032	0.493	2.91	0.07	-4.79	3.61	-1.88	0.43	48879	0.071	-0.046	0.504	-0.018	-0.030	0.320
20.049	0.063	-0.031	0.493	2.94	0.09	-4.78	0.71	-2.34	-0.28	48643	0.071	-0.043	0.505	-0.018	-0.029	0.319
20.060	0.063	-0.033	0.494	2.98	0.11	-4.79	-0.28	-3.20	0.71	48600	0.072	-0.041	0.505	-0.018	-0.029	0.318
20.070	0.063	-0.031	0.494	2.97	0.14	-4.78	-2.48	-2.21	-0.37	48556	0.072	-0.039	0.505	-0.019	-0.028	0.317
20.081	0.063	-0.029	0.494	2.94	0.17	-4.79	-3.85	-0.98	-0.57	48514	0.072	-0.037	0.505	-0.019	-0.028	0.317
20.090	0.066	-0.023	0.495	2.86	0.15	-4.79	-3.59	0.06	-0.20	48474	0.072	-0.035	0.506	-0.020	-0.027	0.316
20.101	0.067	-0.022	0.495	2.82	0.14	-4.79	-3.19	1.48	0.93	48274	0.073	-0.033	0.506	-0.020	-0.027	0.315
20.111	0.067	-0.023	0.495	2.81	0.13	-4.78	-1.96	1.57	1.87	48225	0.073	-0.031	0.506	-0.020	-0.026	0.314
20.124	0.067	-0.025	0.496	2.82	0.11	-4.76	-0.26	2.13	2.65	48179	0.074	-0.029	0.507	-0.021	-0.026	0.313
20.133	0.067	-0.024	0.495	2.82	0.09	-4.73	0.70	1.18	2.79	48140	0.074	-0.028	0.507	-0.021	-0.026	0.312
20.144	0.067	-0.019	0.495	2.78	0.08	-4.71	0.03	-0.17	3.19	48245	0.074	-0.026	0.507	-0.021	-0.025	0.312
20.148	0.069	-0.017	0.496	2.77	0.08	-4.67	-1.96	-0.31	3.26	48206	0.075	-0.025	0.507	-0.022	-0.025	0.311
20.164	0.069	-0.011	0.496	2.71	0.08	-4.64	-3.65	-1.54	3.60	48174	0.075	-0.023	0.507	-0.022	-0.024	0.310
20.175	0.070	-0.013	0.496	2.69	0.09	-4.61	-4.64	-0.62	3.59	48151	0.075	-0.021	0.507	-0.022	-0.024	0.309
20.180	0.070	-0.009	0.496	2.62	0.10	-4.57	-6.33	-0.64	4.36	48121	0.076	-0.019	0.507	-0.023	-0.024	0.308
20.191	0.070	-0.006	0.496	2.54	0.11	-4.52	-7.22	0.86	4.48	48241	0.076	-0.017	0.508	-0.023	-0.023	0.307
20.201	0.071	-0.004	0.496	2.46	0.10	-4.48	-7.09	2.08	4.56	48216	0.077	-0.015	0.508	-0.023	-0.022	0.306
20.213	0.071	-0.003	0.496	2.39	0.08	-4.43	-6.39	3.29	4.52	48194	0.077	-0.013	0.508	-0.023	-0.022	0.305
20.223	0.071	-0.002	0.498	2.33	0.04	-4.39	-5.14	4.47	4.40	48170	0.077	-0.011	0.508	-0.024	-0.021	0.305
20.233	0.071	-0.002	0.498	2.28	-0.00	-4.34	-2.13	6.52	4.90	47895	0.077	-0.010	0.508	-0.024	-0.021	0.304
20.243	0.071	-0.001	0.499	2.26	-0.06	-4.29	0.03	6.06	5.50	47864	0.078	-0.009	0.509	-0.024	-0.021	0.303
20.253	0.070	-0.001	0.499	2.26	-0.12	-4.23	2.11	5.36	5.70	47838	0.078	-0.007	0.509	-0.025	-0.020	0.302
20.263	0.070	-0.001	0.500	2.29	-0.17	-4.17	3.72	3.74	6.70	47815	0.078	-0.006	0.509	-0.025	-0.020	0.302
20.272	0.067	-0.001	0.500	2.33	-0.18	-4.10	4.14	1.70	7.46	47657	0.077	-0.005	0.510	-0.026	-0.020	0.301
20.278	0.067	-0.000	0.501	2.37	-0.19	-4.03	3.07	0.26	7.10	47626	0.077	-0.004	0.510	-0.026	-0.020	0.300
20.289	0.067	0.001	0.501	2.40	-0.19	-3.96	1.36	-3.47	8.61	47611	0.077	-0.004	0.510	-0.027	-0.019	0.299
20.305	0.071	0.005	0.501	2.38	-0.18	-3.88	-0.17	-4.77	8.45	47604	0.077	-0.002	0.511	-0.027	-0.019	0.299
20.310	0.070	0.004	0.502	2.39	-0.12	-3.79	-2.49	-5.18	8.09	47599	0.077	-0.002	0.511	-0.027	-0.019	0.298
20.321	0.071	0.007	0.502	2.34	-0.07	-3.71	-5.07	-5.28	7.17	47545	0.077	-0.000	0.511	-0.028	-0.018	0.297
20.336	0.071	0.007	0.503	2.30	-0.00	-3.64	-6.26	-5.64	7.78	47536	0.077	0.001	0.512	-0.028	-0.018	0.297
20.343	0.071	0.007	0.503	2.24	0.06	-3.57	-8.06	-4.94	7.38	47537	0.077	0.001	0.512	-0.028	-0.018	0.296
20.354	0.071	0.008	0.504	2.16	0.11	-3.50	-9.33	-5.31	7.54	47537	0.077	0.002	0.512	-0.029	-0.017	0.295
20.363	0.071	0.008	0.504	2.07	0.17	-3.42	-10.31	-4.91	6.68	47486	0.077	0.003	0.513	-0.029	-0.017	0.295
20.373	0.071	0.008	0.504	1.97	0.22	-3.36	-10.13	-3.41	6.64	47488	0.077	0.003	0.513	-0.029	-0.017	0.294
20.383	0.072	0.008	0.505	1.87	0.25	-3.29	-10.21	-2.52	5.96	47492	0.078	0.004	0.513	-0.029	-0.017	0.293
20.391	0.074	0.005	0.505	1.79	0.26	-3.24	-8.76	-2.50	5.69	47501	0.078	0.004	0.513	-0.030	-0.017	0.293
20.401	0.074	0.005	0.504	1.71	0.29	-3.18	-8.03	-0.97	5.88	47504	0.078	0.004	0.513	-0.030	-0.017	0.292
20.414	0.076	0.006	0.505	1.62	0.29	-3.12	-8.26	1.08	5.62	47655	0.079	0.004	0.513	-0.030	-0.017	0.291
20.422	0.076	0.006	0.505	1.54	0.28	-3.06	-9.13	1.63	5.36	47659	0.079	0.004	0.514	-0.030	-0.016	0.291
20.431	0.076	0.006	0.505	1.45	0.26	-3.01	-8.82	4.02	5.00	47667	0.079	0.004	0.514	-0.030	-0.016	0.290
20.442	0.076	0.006	0.507	1.36	0.23	-2.96	-9.76	5.00	5.27	47695	0.080	0.004	0.514	-0.030	-0.016	0.290
20.450	0.077	0.006	0.508	1.25	0.17	-2.90	-10.13	6.57	5.08	47392	0.080	0.004	0.514	-0.031	-0.016	0.289
20.461	0.077	0.005	0.508	1.14	0.11	-2.85	-11.01	5.28	5.04	47426	0.081	0.004	0.515	-0.031	-0.016	0.289
20.471	0.078	0.005	0.508	1.03	0.06	-2.80	-10.89	3.54	4.90	47452	0.081	0.004	0.515	-0.031	-0.016	0.288
20.484	0.078	0.005	0.508	0.92	0.02	-2.75	-11.53	1.26	4.56	47470	0.081	0.004	0.515	-0.031	-0.016	0.288
20.492	0.075	0.001	0.508	0.84	0.04	-2.70	-11.69	-1.65	3.36	47518	0.081	0.003	0.515	-0.031	-0.016	0.287
20.502	0.075	0.001	0.509	0.71	0.06	-2.67	-11.44	-4.02	3.24	47542	0.081	0.003	0.516	-0.032	-0.016	0.286
20.515	0.075	0.001	0.509	0.60	0.11	-2.64	-11.86	-7.39	2.37	47563	0.081	0.002	0.516	-0.032	-0.016	0.286
20.522	0.075	-0.001	0.509	0.48	0.19	-2.61	-12.70	-9.18	1.84	47590	0.081	0.001	0.516	-0.032	-0.016	0.285
20.533	0.076	-0.001	0.510	0.36	0.29	-2.60	-12.67	-11.10	1.64	45498	0.081	0.001	0.516	-0.033	-0.016	0.285
20.543	0.076	0.002	0.510	0.21	0.40	-2.58	-13.07	-10.37	1.25	45352	0.081	0.001	0.516	-0.033	-0.016	0.285
20.555	0.075	0.001	0.510	0.08	0.51	-2.56	-13.94	-8.90	1.07	45345	0.081	0.000	0.516	-0.033	-0.016	0.284
20.562	0.074	0.002	0.510	-0.06	0.60	-2.56	-13.82	-7.24	0.23	45356	0.081	0.000	0.516	-0.034	-0.016	0.284
20.572	0.073	0.001	0.510	-0.19	0.67	-2.55	-12.86	-5.12	0.29	45384	0.080	-0.000	0.516	-0.034	-0.016	0.283
20.587	0.083	0.000	0.510	-0.32	0.64	-2.56	-11.92	-2.73	-0.12	45544	0.081	-0.000	0.516	-0.034	-0.016	0.283
20.594	0.083	0.000	0.510	-0.43	0.66	-2.56	-11.32	-1.25	-0.19	45569	0.082	-0.001	0.516	-0.034	-0.016	0.282
20.603	0.085	0.003	0.510	-0.57	0.66	-2.57	-10.29	1.79	-0.61	45599	0.083	-0.001	0.515	-0.034	-0.016	0.282
20.612	0.085	0.008	0.510	-0.71	0.63	-2.57	-8.88	3.50	-0.68	45647	0.084	0.000	0.515	-0.034	-0.015	0.282
20.624	0.090	0.008	0.510	-0.80	0.56	-2.59	-6.68	4.04	-0.68	45711	0.086	0.001	0.515	-0.034	-0.015	0.281
20.634	0.086	0.003	0.510	-0.82	0.55	-2.59	-3.50	4.38	-1.07	45800	0.086	0.001	0.514	-0.034	-0.015	0.281
20.642	0.085	-0.005	0.510	-0.78	0.52	-2.60	0.26	3.65	-1.27	45865	0.087	-0.000	0.514	-0.034	-0.015	0.281
20.652	0.085	-0.001	0.510	-0.80	0.48	-2.61	3.21	2.73	-1.57	45934	0.087	-0.001	0.513	-0.034	-0.015	0.280
20.662	0.085	0.000	0.509	-0.76	0.46	-2.63	5.20	1.96	-2.79	46020	0.088	-0.001	0.513	-0.034	-0.015	0.280
20.673	0.086	0.009	0.509	-0.79	0.44	-2.66	4.29	0.64	-3.22	46255	0.088	0.000	0.512	-0.034	-0.015	0.280
20.683	0.087	0.007	0.508	-0.73	0.43	-2.70	2.60	0.12	-3.65	46349	0.089	0.001	0.511	-0.034	-0.014	0.280
20.691	0.087	0.007	0.508	-0.71	0.43	-2.73	2.01	0.82	-3.07	46437	0.089	0.001	0.511	-0.034	-0.014	0.279
20.702	0.088	0.007	0.507	-0.69	0.42	-2.76	1.73	2.41	-2.42	46527	0.090	0.002	0.510	-0.034	-0.014	0.279
20.714	0.088	0.007	0.506	-0.67	0.39	-2.78	2.56	3.72	-1.88	46754	0.090	0.002	0.509	-0.034	-0.014	0.279
20.723	0.088	0.006	0.506	-0.63	0.35	-2.80	2.82	3.12	-1.86	46866	0.091	0.003	0.508	-0.035	-0.013	0.279
20.732	0.086	0.005	0.505	-0.59	0.33	-2.82	3.83	4.33	-1.98	44908	0.091	0.003	0.508	-0.035	-0.013	0.278
20.743	0.086	0.003	0.505	-0.53	0.29	-2.84	4.59	4.09	-2.35	44999	0.091	0.003	0.507	-0.035	-0.013	0.278
20.752	0.086	0.001	0.506	-0.46	0.25	-2.87	5.43	3.35	-2.63	45103	0.091	0.002	0.506	-0.035	-0.013	0.278
20.763	0.086	0.001	0.505	-0.41	0.21	-2.90	4.40	4.16	-3.53	44963	0.091	0.002	0.506	-0.035	-0.013	0.278
20.771	0.085	-0.002	0.504	-0.34	0.17	-2.93	4.27	4.89	-3.90	45079	0.091	0.001	0.505	-0.036	-0.013	0.278
20.783	0.084	-0.001	0.504	-0.31	0.13	-2.97	4.22	4.13	-4.25	45192	0.091	0.001	0.504	-0.036	-0.014	0.278
20.792	0.084	-0.001	0.503	-0.27	0.09	-3.01	3.74	4.45	-4.25	45318	0.091	0.000	0.503	-0.036	-0.014	0.278
20.802	0.083	-0.003	0.502	-0.22	0.05	-3.05	3.17	4.05	-3.54	45519	0.090	-0.000	0.502	-0.037	-0.014	0.278
20.812	0.083	-0.003	0.501	-0.19	0.01	-3.09	2.06	3.20	-3.50	45680	0.090	-0.001	0.501	-0.037	-0.014	0.278
20.822	0.084	-0.005	0.500	-0.16	-0.02	-3.13	-0.95	3.88	-3.47	45831	0.090	-0.001	0.500	-0.037	-0.014	0.278
20.832	0.084	-0.003	0.499	-0.19	-0.07	-3.16	-1.87	3.70	-3.33	45979	0.090	-0.002	0.498	-0.038	-0.014	0.278
20.843	0.083	-0.003	0.498	-0.22	-0.09	-3.19	-3.67	2.41	-3.25	46116	0.090	-0.002	0.497	-0.038	-0.014	0.278
20.849	0.083	-0.003	0.497	-0.25	-0.11	-3.23	-3.87	-0.01	-3.56	46282	0.089	-0.002	0.496	-0.038	-0.014	0.279
20.864	0.083	-0.003	0.496	-0.29	-0.10	-3.26	-3.47	-2.37	-3.57	46437	0.089	-0.002	0.495	-0.039	-0.014	0.279
20.872	0.083	-0.003	0.495	-0.33	-0.07	-3.30	-3.06	-4.44	-3.39	46596	0.089	-0.003	0.493	-0.039	-0.014	0.279
20.881	0.083	-0.001	0.493	-0.38	-0.01	-3.33	-2.85	-6.14	-3.89	46750	0.089	-0.003	0.492	-0.039	-0.014	0.279
20.892	0.082	0.001	0.492	-0.42	0.06	-3.37	-2.19	-8.03	-3.76	47048	0.088	-0.002	0.491	-0.040	-0.014	0.279
20.902	0.082	0.001	0.490	-0.43	0.14	-3.41	-1.51	-8.78	-4.08	47209	0.088	-0.002	0.489	-0.040	-0.014	0.279
20.912	0.082	0.001	0.489	-0.45	0.23	-3.45	-1.69	-8.98	-4.46	47376	0.088	-0.002	0.488	-0.040	-0.014	0.279
20.922	0.082	0.008	0.489	-0.51	0.33	-3.49	-1.62	-8.97	-3.76	47541	0.088	-0.001	0.486	-0.040	-0.013	0.279
20.932	0.080	0.007	0.488	-0.52	0.41	-3.53	-1.00	-5.69	-4.10	45403	0.087	0.000	0.485	-0.041	-0.013	0.279
20.944	0.083	0.008	0.486	-0.53	0.46	-3.57	1.43	-4.30	-4.60	45523	0.087	0.001	0.484	-0.041	-0.013	0.280
20.952	0.083	0.008	0.485	-0.51	0.50	-3.62	3.54	-3.83	-4.06	45638	0.087	0.002	0.482	-0.041	-0.012	0.280
20.961	0.083	0.008	0.483	-0.47	0.54	-3.66	6.64	-1.71	-4.66	45759	0.087	0.003	0.481	-0.041	-0.012	0.280
20.973	0.083	0.009	0.481	-0.39	0.56	-3.71	7.88	-1.08	-4.27	45878	0.087	0.003	0.479	-0.042	-0.012	0.280
20.983	0.083	0.009	0.480	-0.31	0.56	-3.75	8.11	-0.66	-4.34	46109	0.087	0.004	0.477	-0.042	-0.011	0.280
20.990	0.083	0.009	0.478	-0.23	0.57	-3.79	7.52	-1.04	-4.55	46244	0.087	0.005	0.476	-0.042	-0.011	0.281
21.002	0.081	0.010	0.477	-0.16	0.60	-3.84	6.36	-1.07	-4.87	46390	0.087	0.005	0.474	-0.042	-0.011	0.281
21.013	0.079	0.010	0.476	-0.10	0.62	-3.89	4.46	-1.27	-5.49	46547	0.086	0.006	0.472	-0.043	-0.011	0.281
21.022	0.080	0.018	0.474	-0.12	0.63	-3.94	2.96	0.56	-6.22	46605	0.086	0.007	0.471	-0.043	-0.010	0.281
21.033	0.084	0.024	0.472	-0.13	0.59	-4.01	2.08	2.10	-6.66	46756	0.086	0.009	0.469	-0.043	-0.009	0.282
21.041	0.084	0.022	0.471	-0.10	0.55	-4.08	1.30	4.64	-6.68	46905	0.086	0.011	0.467	-0.043	-0.009	0.282
21.052	0.083	0.021	0.469	-0.07	0.51	-4.14	2.19	6.15	-6.72	47055	0.086	0.012	0.465	-0.044	-0.008	0.282
21.062	0.081	0.024	0.467	-0.07	0.45	-4.21	2.24	9.33	-7.64	47207	0.086	0.014	0.463	-0.044	-0.008	0.282
21.071	0.081	0.024	0.465	-0.04	0.35	-4.29	3.55	9.88	-7.60	47417	0.086	0.015	0.461	-0.044	-0.007	0.283
21.081	0.081	0.025	0.463	0.00	0.25	-4.37	5.44	10.85	-7.51	47580	0.086	0.016	0.460	-0.044	-0.007	0.283
21.093	0.082	0.025	0.461	0.07	0.13	-4.44	7.71	10.48	-7.86	47745	0.086	0.018	0.458	-0.044	-0.007	0.283
21.102	0.084	0.025	0.460	0.16	0.01	-4.52	11.71	10.17	-8.41	47901	0.086	0.019	0.456	-0.045	-0.006	0.283
21.112	0.084	0.028	0.458	0.26	-0.09	-4.61	13.44	9.84	-8.98	47967	0.086	0.020	0.454	-0.045	-0.006	0.284
21.122	0.085	0.027	0.456	0.41	-0.20	-4.70	14.87	8.59	-9.27	48098	0.086	0.021	0.452	-0.045	-0.006	0.284
21.132	0.085	0.025	0.454	0.58	-0.28	-4.79	14.76	8.71	-9.57	48238	0.086	0.022	0.450	-0.045	-0.005	0.284
21.142	0.086	0.024	0.453	0.74	-0.39	-4.89	13.57	8.36	-10.80	46262	0.087	0.022	0.449	-0.045	-0.005	0.285
21.152	0.088	0.028	0.451	0.85	-0.49	-5.00	14.02	9.18	-11.22	46129	0.087	0.023	0.447	-0.045	-0.005	0.285
21.162	0.088	0.031	0.449	0.96	-0.57	-5.11	10.73	8.02	-11.18	46230	0.088	0.024	0.445	-0.045	-0.005	0.285
21.172	0.085	0.031	0.447	1.06	-0.63	-5.21	9.59	6.74	-11.72	46342	0.088	0.025	0.443	-0.045	-0.004	0.285
21.182	0.083	0.032	0.445	1.16	-0.69	-5.33	8.98	6.53	-12.05	46474	0.087	0.026	0.441	-0.045	-0.004	0.286
21.192	0.086	0.035	0.444	1.23	-0.76	-5.45	8.01	3.30	-12.12	46612	0.087	0.027	0.439	-0.045	-0.004	0.286
21.202	0.086	0.035	0.442	1.30	-0.79	-5.57	8.03	1.12	-12.25	46710	0.087	0.028	0.437	-0.045	-0.003	0.286
21.209	0.086	0.035	0.440	1.38	-0.80	-5.70	7.37	-0.21	-12.39	46847	0.088	0.029	0.435	-0.045	-0.003	0.287
21.222	0.086	0.036	0.438	1.45	-0.80	-5.82	5.27	-1.97	-13.03	46984	0.088	0.030	0.433	-0.045	-0.003	0.287
21.232	0.086	0.037	0.436	1.49	-0.79	-5.95	3.58	-1.81	-12.68	47124	0.088	0.031	0.431	-0.045	-0.002	0.287
21.243	0.086	0.037	0.434	1.52	-0.77	-6.08	2.88	-1.87	-12.17	47239	0.087	0.032	0.429	-0.046	-0.002	0.288
21.251	0.086	0.037	0.432	1.54	-0.75	-6.20	1.80	-1.44	-10.79	47386	0.087	0.033	0.427	-0.046	-0.002	0.288
21.262	0.086	0.038	0.429	1.56	-0.74	-6.30	0.64	-2.04	-9.97	47530	0.087	0.033	0.425	-0.046	-0.002	0.288
21.272	0.084	0.045	0.427	1.52	-0.70	-6.40	0.75	-3.15	-9.54	47676	0.087	0.035	0.423	-0.046	-0.001	0.289
21.282	0.084	0.043	0.425	1.54	-0.66	-6.49	0.16	-4.72	-8.91	47819	0.087	0.036	0.421	-0.046	-0.001	0.289
21.292	0.088	0.040	0.422	1.56	-0.64	-6.58	-0.43	-5.59	-7.44	48068	0.087	0.036	0.419	-0.046	-0.001	0.289
21.303	0.087	0.042	0.420	1.54	-0.57	-6.65	0.50	-6.52	-5.88	48223	0.087	0.037	0.416	-0.046	-0.000	0.290
21.310	0.088	0.042	0.418	1.55	-0.51	-6.71	-0.17	-6.44	-4.63	48375	0.087	0.037	0.414	-0.046	-0.000	0.290
21.322	0.080	0.043	0.414	1.55	-0.39	-6.75	-0.29	-5.46	-3.23	48523	0.086	0.038	0.412	-0.046	0.000	0.290
21.329	0.091	0.046	0.412	1.50	-0.42	-6.78	-2.01	-4.31	-1.98	48969	0.087	0.039	0.409	-0.046	0.000	0.290
21.343	0.088	0.037	0.409	1.56	-0.37	-6.80	-2.87	-1.52	-1.35	49124	0.087	0.039	0.407	-0.046	0.000	0.290
21.352	0.091	0.052	0.407	1.41	-0.36	-6.81	-4.37	-0.74	-0.52	47160	0.088	0.040	0.405	-0.046	0.001	0.291
21.362	0.092	0.054	0.405	1.35	-0.37	-6.82	-5.54	0.19	0.41	47279	0.088	0.042	0.402	-0.046	0.002	0.291
21.372	0.093	0.054	0.402	1.29	-0.38	-6.81	-6.03	0.51	1.31	47388	0.089	0.043	0.400	-0.046	0.002	0.291
21.381	0.092	0.053	0.400	1.24	-0.37	-6.79	-6.27	-1.47	2.07	47518	0.089	0.044	0.398	-0.045	0.003	0.291
21.392	0.093	0.053	0.398	1.18	-0.35	-6.77	-4.42	-3.57	3.05	47648	0.090	0.045	0.395	-0.045	0.003	0.291
21.403	0.093	0.053	0.395	1.14	-0.30	-6.74	-2.25	-7.02	3.94	47776	0.090	0.046	0.393	-0.045	0.003	0.291
21.408	0.095	0.053	0.392	1.12	-0.23	-6.69	-2.19	-9.81	5.78	47906	0.091	0.047	0.390	-0.045	0.004	0.292
21.422	0.093	0.049	0.390	1.13	-0.11	-6.63	-2.27	-13.40	6.26	48137	0.091	0.047	0.388	-0.045	0.004	0.292
21.428	0.092	0.049	0.387	1.11	0.03	-6.57	-3.21	-13.58	7.10	48275	0.091	0.047	0.386	-0.045	0.004	0.292
21.440	0.092	0.050	0.385	1.06	0.17	-6.50	-5.72	-14.05	8.01	48408	0.091	0.047	0.383	-0.045	0.004	0.292
21.452	0.090	0.053	0.383	0.97	0.32	-6.42	-9.03	-12.16	8.75	48536	0.091	0.048	0.381	-0.045	0.004	0.292
21.462	0.090	0.053	0.380	0.87	0.44	-6.33	-11.26	-9.57	9.63	48575	0.091	0.048	0.378	-0.045	0.004	0.292
21.470	0.091	0.054	0.378	0.75	0.52	-6.23	-11.59	-5.21	10.89	48692	0.091	0.049	0.376	-0.045	0.005	0.292
21.481	0.090	0.054	0.376	0.63	0.57	-6.12	-11.24	-1.63	11.40	48798	0.091	0.049	0.374	-0.045	0.005	0.293
21.491	0.090	0.054	0.373	0.52	0.58	-6.00	-9.95	1.49	12.83	48896	0.091	0.050	0.371	-0.045	0.005	0.293
21.511	0.093	0.054	0.372	0.43	0.53	-5.87	-7.35	4.31	13.24	48987	0.091	0.050	0.369	-0.045	0.005	0.293
21.515	0.096	0.054	0.370	0.36	0.47	-5.74	-4.78	6.24	13.98	48866	0.092	0.050	0.367	-0.045	0.006	0.293
21.521	0.092	0.055	0.367	0.31	0.43	-5.59	-2.89	9.34	14.76	48945	0.092	0.051	0.365	-0.045	0.006	0.293
21.532	0.092	0.055	0.365	0.28	0.33	-5.44	-0.45	11.61	15.54	49015	0.092	0.051	0.363	-0.045	0.006	0.293
21.544	0.092	0.055	0.362	0.28	0.22	-5.28	-0.44	11.11	16.41	49092	0.092	0.052	0.361	-0.045	0.006	0.293
21.552	0.092	0.055	0.360	0.28	0.10	-5.11	0.75	12.40	17.15	49236	0.092	0.052	0.359	-0.045	0.006	0.294
21.563	0.092	0.055	0.358	0.28	-0.01	-4.93	0.46	10.86	18.20	47240	0.092	0.052	0.357	-0.045	0.007	0.294
21.572	0.094	0.057	0.355	0.28	-0.13	-4.75	0.97	8.99	19.27	47282	0.092	0.053	0.355	-0.044	0.007	0.294
21.579	0.095	0.060	0.353	0.26	-0.21	-4.55	0.37	5.21	21.40	47323	0.092	0.053	0.352	-0.044	0.007	0.294
21.590	0.095	0.060	0.351	0.26	-0.25	-4.33	0.71	2.28	22.79	47392	0.093	0.054	0.350	-0.044	0.007	0.294
21.600	0.095	0.063	0.349	0.25	-0.26	-4.10	-0.54	-1.65	24.41	47456	0.093	0.055	0.348	-0.044	0.008	0.294
21.611	0.095	0.065	0.347	0.23	-0.23	-3.85	0.61	-6.25	26.21	47515	0.093	0.056	0.346	-0.044	0.008	0.294
21.622	0.095	0.065	0.344	0.24	-0.16	-3.59	0.29	-6.95	25.53	47586	0.093	0.057	0.344	-0.044	0.009	0.294
21.631	0.094	0.070	0.343	0.21	-0.08	-3.34	1.65	-7.17	25.23	47656	0.093	0.058	0.341	-0.044	0.009	0.294
21.641	0.095	0.070	0.341	0.22	0.00	-3.08	0.48	-9.36	25.27	47608	0.094	0.060	0.339	-0.044	0.010	0.294
21.651	0.093	0.076	0.339	0.17	0.11	-2.84	0.39	-10.21	25.05	47695	0.093	0.062	0.337	-0.044	0.011	0.294
21.660	0.090	0.071	0.336	0.23	0.23	-2.58	2.69	-9.73	24.04	47787	0.093	0.063	0.335	-0.044	0.011	0.294
21.670	0.085	0.094	0.334	0.07	0.37	-2.36	3.50	-5.34	22.45	47883	0.092	0.066	0.333	-0.044	0.012	0.294
21.682	0.085	0.095	0.332	0.11	0.41	-2.14	5.08	-2.85	21.18	48096	0.091	0.070	0.331	-0.045	0.014	0.294
21.691	0.087	0.095	0.329	0.17	0.42	-1.93	5.15	0.03	20.38	48194	0.091	0.073	0.328	-0.045	0.015	0.295
21.701	0.086	0.096	0.327	0.22	0.41	-1.73	6.00	2.71	18.79	48287	0.090	0.076	0.326	-0.045	0.016	0.295
21.712	0.086	0.096	0.325	0.28	0.38	-1.54	8.10	4.70	17.82	48367	0.090	0.078	0.324	-0.045	0.017	0.295
21.722	0.087	0.096	0.323	0.39	0.32	-1.37	12.08	6.83	16.19	48441	0.089	0.081	0.322	-0.045	0.018	0.295
21.731	0.088	0.097	0.320	0.50	0.23	-1.21	14.44	9.38	14.88	48595	0.089	0.083	0.320	-0.045	0.018	0.295
21.742	0.091	0.095	0.318	0.66	0.10	-1.06	14.55	10.93	14.08	48661	0.089	0.084	0.318	-0.045	0.019	0.295
21.752	0.091	0.096	0.316	0.81	-0.01	-0.92	14.34	12.18	13.99	48733	0.089	0.086	0.315	-0.045	0.019	0.295
21.762	0.091	0.095	0.312	0.96	-0.14	-0.78	14.57	13.30	14.08	48813	0.089	0.087	0.313	-0.045	0.020	0.295
21.768	0.091	0.093	0.310	1.13	-0.27	-0.64	12.07	12.53	14.63	47027	0.090	0.088	0.311	-0.045	0.020	0.295
21.783	0.091	0.093	0.308	1.25	-0.39	-0.49	10.50	12.58	14.04	47071	0.090	0.089	0.308	-0.045	0.020	0.295
21.792	0.091	0.093	0.306	1.34	-0.50	-0.35	6.63	9.79	14.63	47112	0.090	0.089	0.306	-0.045	0.020	0.295
21.801	0.092	0.094	0.305	1.39	-0.58	-0.20	2.79	7.74	13.71	47176	0.090	0.090	0.304	-0.045	0.021	0.295
21.812	0.092	0.095	0.303	1.39	-0.65	-0.06	-2.97	5.02	12.80	47088	0.090	0.091	0.302	-0.044	0.021	0.295
21.822	0.094	0.095	0.301	1.35	-0.71	0.06	-7.73	2.82	10.96	47131	0.090	0.091	0.300	-0.044	0.021	0.295
21.829	0.096	0.094	0.299	1.26	-0.74	0.16	-11.94	0.39	9.97	47170	0.091	0.092	0.298	-0.044	0.021	0.295
21.842	0.094	0.098	0.297	1.09	-0.71	0.26	-16.65	-2.03	8.82	47238	0.091	0.093	0.295	-0.044	0.021	0.295
21.851	0.094	0.102	0.295	0.89	-0.67	0.34	-19.13	-4.36	8.37	47306	0.091	0.094	0.293	-0.044	0.022	0.295
21.863	0.096	0.078	0.293	0.91	-0.64	0.43	-20.07	-5.28	7.73	47265	0.092	0.092	0.291	-0.043	0.021	0.295
21.873	0.091	0.093	0.291	0.58	-0.53	0.50	-18.20	-7.08	7.06	47353	0.091	0.092	0.289	-0.043	0.021	0.296
21.882	0.085	0.102	0.289	0.32	-0.40	0.57	-17.71	-8.93	7.07	47438	0.090	0.093	0.287	-0.044	0.022	0.296
21.892	0.108	0.104	0.287	0.12	-0.52	0.63	-16.90	-9.04	6.64	47502	0.092	0.095	0.285	-0.043	0.022	0.296
21.902	0.108	0.102	0.285	-0.03	-0.43	0.69	-14.92	-6.76	5.62	47586	0.094	0.096	0.283	-0.042	0.022	0.296
21.912	0.109	0.099	0.283	-0.12	-0.37	0.75	-10.10	-5.68	4.59	47653	0.096	0.096	0.281	-0.042	0.023	0.296
21.923	0.111	0.096	0.281	-0.18	-0.33	0.79	-7.05	-4.10	2.74	47698	0.097	0.096	0.279	-0.041	0.022	0.296
21.929	0.111	0.096	0.279	-0.24	-0.29	0.81	-3.24	-4.05	1.59	47759	0.099	0.096	0.277	-0.040	0.023	0.297
21.940	0.112	0.095	0.279	-0.25	-0.26	0.83	-0.12	-5.64	1.60	47827	0.100	0.096	0.275	-0.040	0.022	0.297
21.951	0.113	0.095	0.277	-0.24	-0.20	0.84	2.00	-6.68	0.83	47679	0.102	0.096	0.273	-0.039	0.022	0.297
21.962	0.114	0.094	0.275	-0.20	-0.15	0.85	3.56	-5.46	-0.35	47758	0.103	0.096	0.271	-0.039	0.022	0.297
21.973	0.115	0.091	0.273	-0.14	-0.11	0.84	2.39	-3.34	-1.87	47846	0.105	0.095	0.270	-0.038	0.022	0.298
21.981	0.117	0.089	0.271	-0.10	-0.10	0.82	2.13	-2.61	-1.67	45848	0.106	0.095	0.268	-0.037	0.022	0.298
21.990	0.117	0.089	0.269	-0.08	-0.07	0.80	0.19	-2.18	-2.52	46009	0.107	0.094	0.266	-0.037	0.022	0.298
22.003	0.120	0.090	0.267	-0.08	-0.08	0.78	-1.19	-1.33	-3.21	46119	0.109	0.093	0.264	-0.036	0.021	0.298
22.013	0.121	0.090	0.265	-0.10	-0.06	0.75	-2.95	-2.09	-2.96	46223	0.110	0.093	0.262	-0.036	0.021	0.299
22.021	0.122	0.090	0.263	-0.15	-0.05	0.71	-6.91	-1.83	-5.28	46351	0.112	0.093	0.260	-0.035	0.021	0.299
22.030	0.122	0.085	0.262	-0.17	-0.02	0.66	-8.05	-4.40	-5.16	46428	0.113	0.092	0.258	-0.035	0.021	0.299
22.041	0.122	0.084	0.260	-0.24	0.04	0.61	-8.03	-5.27	-6.49	46570	0.114	0.091	0.256	-0.034	0.020	0.299
22.052	0.123	0.083	0.258	-0.32	0.09	0.54	-8.05	-7.13	-7.88	46711	0.115	0.090	0.254	-0.034	0.020	0.300
22.061	0.124	0.084	0.256	-0.41	0.17	0.45	-8.22	-8.17	-9.88	46857	0.116	0.089	0.251	-0.034	0.020	0.300
22.069	0.126	0.083	0.255	-0.48	0.24	0.35	-8.38	-9.71	-12.19	46989	0.117	0.089	0.250	-0.033	0.019	0.300
22.080	0.127	0.084	0.253	-0.57	0.34	0.22	-7.75	-9.88	-15.04	46805	0.119	0.088	0.248	-0.033	0.019	0.301
22.091	0.127	0.084	0.251	-0.65	0.44	0.06	-7.02	-9.59	-17.42	46944	0.120	0.088	0.246	-0.032	0.019	0.301
22.100	0.128	0.085	0.249	-0.71	0.54	-0.12	-4.40	-8.27	-18.70	47062	0.121	0.087	0.244	-0.032	0.019	0.302
22.112	0.128	0.083	0.248	-0.72	0.63	-0.31	0.18	-7.60	-20.07	47174	0.122	0.087	0.242	-0.032	0.019	0.302
22.122	0.130	0.081	0.246	-0.68	0.68	-0.52	2.14	-5.95	-21.37	47240	0.123	0.086	0.240	-0.031	0.019	0.303
22.129	0.129	0.080	0.244	-0.63	0.75	-0.73	6.02	-3.67	-21.45	47341	0.124	0.086	0.238	-0.031	0.018	0.303
22.140	0.131	0.079	0.242	-0.55	0.78	-0.94	6.98	-3.44	-22.01	47430	0.125	0.085	0.236	-0.031	0.018	0.303
22.151	0.132	0.079	0.240	-0.47	0.81	-1.17	6.76	-3.11	-22.70	47534	0.126	0.084	0.234	-0.030	0.018	0.304
22.161	0.133	0.078	0.238	-0.39	0.83	-1.39	7.29	-2.15	-23.17	47651	0.127	0.083	0.232	-0.030	0.017	0.304
22.172	0.133	0.078	0.236	-0.31	0.85	-1.63	6.72	-1.31	-24.25	47731	0.128	0.083	0.230	-0.030	0.017	0.305
22.181	0.134	0.077	0.234	-0.24	0.85	-1.87	5.82	0.25	-24.50	45757	0.129	0.082	0.228	-0.030	0.017	0.305
22.192	0.135	0.078	0.232	-0.19	0.84	-2.12	4.56	0.76	-24.87	45843	0.130	0.082	0.226	-0.029	0.017	0.305
22.202	0.134	0.078	0.227	-0.17	0.84	-2.37	0.75	2.89	-25.29	45948	0.130	0.081	0.224	-0.029	0.017	0.306
22.212	0.135	0.079	0.225	-0.17	0.81	-2.63	-1.77	2.99	-25.33	46474	0.131	0.081	0.221	-0.029	0.016	0.306
22.223	0.135	0.080	0.223	-0.20	0.79	-2.88	-3.19	3.15	-25.02	46601	0.132	0.081	0.219	-0.029	0.016	0.306
22.228	0.136	0.080	0.221	-0.25	0.76	-3.13	-4.94	2.31	-24.41	46734	0.133	0.081	0.216	-0.029	0.016	0.307
22.239	0.134	0.081	0.219	-0.32	0.78	-3.37	-7.63	0.17	-24.09	46859	0.133	0.081	0.214	-0.029	0.016	0.307
22.251	0.134	0.082	0.217	-0.42	0.79	-3.61	-8.25	-0.36	-24.49	46966	0.134	0.081	0.212	-0.029	0.016	0.308
22.261	0.132	0.082	0.214	-0.49	0.83	-3.86	-8.76	0.97	-25.63	47104	0.134	0.081	0.209	-0.029	0.016	0.308
22.270	0.131	0.088	0.212	-0.66	0.85	-4.12	-7.34	2.30	-25.71	47236	0.134	0.082	0.207	-0.029	0.017	0.308
22.281	0.131	0.088	0.210	-0.72	0.83	-4.38	-4.93	4.15	-26.60	47372	0.134	0.083	0.204	-0.029	0.017	0.309
22.291	0.131	0.088	0.206	-0.76	0.78	-4.65	-2.75	6.66	-26.43	47518	0.134	0.084	0.202	-0.029	0.017	0.309
22.302	0.132	0.088	0.204	-0.76	0.70	-4.91	2.00	8.17	-25.91	47867	0.134	0.084	0.199	-0.029	0.017	0.309
22.312	0.133	0.088	0.202	-0.72	0.62	-5.17	6.85	8.70	-25.94	47996	0.134	0.085	0.197	-0.029	0.018	0.310
22.323	0.135	0.088	0.199	-0.62	0.50	-5.42	10.96	8.77	-24.89	48125	0.134	0.086	0.194	-0.029	0.018	0.310
22.331	0.135	0.087	0.195	-0.48	0.41	-5.67	14.41	8.68	-24.56	48246	0.135	0.086	0.192	-0.029	0.018	0.310
22.341	0.135	0.088	0.193	-0.33	0.33	-5.92	16.25	7.19	-23.75	48677	0.135	0.086	0.189	-0.029	0.018	0.311
22.349	0.136	0.087	0.190	-0.15	0.27	-6.15	15.90	6.13	-23.09	48812	0.135	0.087	0.186	-0.029	0.018	0.311
22.359	0.136	0.088	0.188	-0.01	0.21	-6.38	10.62	3.41	-21.20	48942	0.136	0.087	0.184	-0.029	0.018	0.311
22.372	0.131	0.087	0.186	0.10	0.29	-6.60	5.20	1.52	-20.64	49076	0.136	0.087	0.182	-0.029	0.018	0.312
22.382	0.130	0.087	0.184	0.14	0.31	-6.81	-2.21	-2.82	-19.89	49204	0.135	0.087	0.179	-0.030	0.018	0.312
22.390	0.132	0.099	0.181	-0.19	0.33	-6.99	-8.08	-5.06	-19.19	47109	0.135	0.089	0.177	-0.030	0.018	0.312
22.396	0.132	0.099	0.179	-0.27	0.39	-7.18	-13.04	-7.19	-19.63	47230	0.135	0.090	0.175	-0.030	0.019	0.313
22.411	0.133	0.099	0.176	-0.41	0.45	-7.38	-15.25	-9.12	-20.25	47333	0.135	0.092	0.172	-0.030	0.019	0.313
22.422	0.133	0.100	0.175	-0.56	0.53	-7.58	-13.37	-9.58	-20.33	47433	0.135	0.093	0.170	-0.030	0.020	0.313
22.432	0.134	0.101	0.173	-0.67	0.62	-7.78	-9.88	-8.95	-21.52	47349	0.135	0.094	0.168	-0.030	0.020	0.314
22.441	0.136	0.101	0.170	-0.74	0.65	-7.99	-6.17	-8.31	-21.26	47438	0.136	0.095	0.166	-0.030	0.020	0.314
22.453	0.136	0.101	0.168	-0.78	0.72	-8.20	-0.73	-6.04	-21.64	47514	0.136	0.096	0.163	-0.030	0.020	0.314
22.458	0.137	0.101	0.166	-0.74	0.75	-8.42	4.86	-3.04	-22.64	47595	0.137	0.097	0.161	-0.030	0.021	0.315
22.468	0.138	0.101	0.163	-0.66	0.76	-8.65	10.10	1.04	-23.66	47645	0.137	0.098	0.159	-0.030	0.021	0.315
22.478	0.138	0.101	0.161	-0.52	0.73	-8.90	16.03	6.14	-25.50	47734	0.138	0.099	0.157	-0.030	0.021	0.315
22.490	0.139	0.101	0.159	-0.32	0.64	-9.16	21.16	7.69	-26.77	47828	0.138	0.099	0.154	-0.030	0.021	0.316
22.501	0.139	0.101	0.157	-0.07	0.55	-9.43	25.70	8.53	-26.89	47911	0.139	0.100	0.152	-0.030	0.021	0.316
22.510	0.141	0.101	0.154	0.22	0.40	-9.69	27.23	9.41	-28.10	47990	0.139	0.100	0.150	-0.030	0.021	0.316
22.521	0.142	0.101	0.151	0.50	0.28	-9.97	28.08	10.08	-28.50	48190	0.140	0.101	0.147	-0.030	0.021	0.317
22.534	0.142	0.102	0.149	0.78	0.17	-10.26	28.17	10.95	-29.33	48275	0.141	0.101	0.145	-0.030	0.021	0.317
22.541	0.143	0.102	0.147	1.06	0.01	-10.54	29.07	11.35	-28.59	48342	0.141	0.102	0.143	-0.030	0.021	0.317
22.550	0.144	0.102	0.143	1.37	-0.12	-10.82	27.05	12.93	-28.17	48426	0.142	0.102	0.140	-0.030	0.021	0.318
22.562	0.144	0.103	0.140	1.59	-0.26	-11.10	22.84	13.92	-26.92	48846	0.143	0.103	0.138	-0.030	0.021	0.318
22.571	0.145	0.103	0.138	1.82	-0.44	-11.36	18.46	15.05	-25.65	48951	0.143	0.103	0.135	-0.030	0.021	0.318
22.580	0.145	0.104	0.136	1.96	-0.58	-11.61	12.66	12.07	-24.82	49071	0.144	0.103	0.133	-0.029	0.021	0.318
22.587	0.146	0.104	0.133	2.06	-0.70	-11.85	8.23	10.37	-24.07	49185	0.144	0.104	0.130	-0.029	0.021	0.318
22.599	0.146	0.105	0.133	2.12	-0.79	-12.08	2.68	4.86	-23.06	47200	0.145	0.104	0.128	-0.029	0.021	0.319
22.608	0.147	0.105	0.131	2.13	-0.84	-12.31	-2.30	-1.31	-22.12	46916	0.145	0.104	0.126	-0.029	0.021	0.319
22.623	0.147	0.105	0.128	2.09	-0.81	-12.53	-6.86	-7.19	-20.92	46987	0.146	0.105	0.124	-0.029	0.021	0.319
22.635	0.148	0.105	0.126	2.00	-0.72	-12.73	-12.39	-12.60	-18.95	47051	0.146	0.105	0.122	-0.029	0.021	0.320
22.642	0.148	0.105	0.124	1.88	-0.56	-12.92	-16.92	-15.72	-17.35	47126	0.147	0.105	0.120	-0.029	0.021	0.320
22.650	0.147	0.105	0.121	1.84	-0.36	-13.09	-21.28	-19.36	-15.16	47294	0.147	0.105	0.118	-0.029	0.021	0.320
22.661	0.148	0.105	0.119	1.53	-0.14	-13.24	-24.90	-21.61	-14.15	47389	0.147	0.105	0.116	-0.029	0.021	0.320
22.674	0.148	0.106	0.117	1.20	0.11	-13.38	-27.57	-22.26	-13.03	47465	0.148	0.105	0.113	-0.029	0.021	0.321
22.685	0.149	0.106	0.118	0.74	0.44	-13.49	-27.61	-22.12	-12.84	47547	0.148	0.106	0.112	-0.029	0.021	0.321
22.693	0.149	0.107	0.116	0.46	0.64	-13.63	-25.41	-20.48	-12.67	47023	0.149	0.106	0.110	-0.029	0.021	0.322
22.700	0.149	0.107	0.114	0.23	0.82	-13.76	-20.87	-17.57	-12.78	47088	0.149	0.106	0.108	-0.029	0.021	0.322
22.713	0.149	0.107	0.112	0.07	0.94	-13.89	-15.93	-13.51	-13.19	47147	0.149	0.106	0.106	-0.029	0.021	0.323
22.721	0.150	0.107	0.110	-0.07	1.03	-14.03	-10.54	-9.37	-13.28	47196	0.150	0.106	0.104	-0.029	0.021	0.323
22.731	0.150	0.108	0.112	-0.13	1.09	-14.17	-3.47	-3.56	-13.77	47251	0.150	0.107	0.103	-0.029	0.021	0.324
22.740	0.150	0.108	0.110	-0.13	1.11	-14.31	3.96	1.96	-14.06	46669	0.150	0.107	0.102	-0.029	0.021	0.324
22.752	0.150	0.108	0.108	-0.08	0.98	-14.46	9.51	8.45	-14.35	46715	0.151	0.107	0.100	-0.029	0.021	0.325
22.761	0.150	0.108	0.106	0.02	0.87	-14.61	13.16	13.88	-14.73	46765	0.151	0.107	0.099	-0.029	0.022	0.325
22.772	0.150	0.108	0.104	0.18	0.67	-14.75	17.26	19.42	-14.30	46814	0.151	0.107	0.097	-0.029	0.022	0.326
22.781	0.151	0.108	0.102	0.36	0.45	-14.90	20.62	24.46	-13.88	46974	0.151	0.108	0.095	-0.029	0.022	0.326
22.791	0.151	0.109	0.101	0.58	0.18	-15.03	21.36	30.24	-13.13	47051	0.152	0.108	0.094	-0.029	0.022	0.327
22.802	0.149	0.109	0.099	0.85	-0.38	-15.17	17.69	32.78	-11.63	47123	0.151	0.108	0.092	-0.029	0.022	0.327
