t	x	y	z	roll	pitch	yaw	g_x	g_y	g_z	thrust	eso_x	eso_y	eso_z	dist_x	dist_y	dist_z
0.019	-0.017	0.167	0.000	0.43	-1.02	-0.25	0.11	-0.01	0.00	0	-0.017	0.167	0.000	-0.000	-0.000	-0.000
0.028	-0.020	0.169	0.000	0.34	-0.90	-0.25	-0.05	0.19	0.11	0	-0.017	0.168	-0.001	-0.000	0.000	0.000
0.034	-0.023	0.172	0.000	0.20	-0.76	-0.24	0.24	-0.11	0.16	0	-0.018	0.168	-0.002	-0.000	0.000	0.000
0.048	-0.023	0.172	0.000	0.20	-0.75	-0.24	0.05	-0.14	0.27	0	-0.019	0.169	-0.004	-0.001	0.000	0.001
0.060	-0.023	0.171	0.000	0.24	-0.76	-0.24	0.09	0.02	-0.16	0	-0.019	0.169	-0.007	-0.001	0.001	0.001
0.065	-0.021	0.172	0.000	0.19	-0.85	-0.24	0.10	-0.11	0.11	0	-0.019	0.169	-0.009	-0.001	0.001	0.002
0.076	-0.023	0.172	0.000	0.20	-0.77	-0.24	-0.00	-0.03	-0.20	0	-0.020	0.170	-0.013	-0.001	0.001	0.003
0.089	-0.022	0.170	0.000	0.28	-0.82	-0.24	0.14	0.03	-0.04	0	-0.020	0.170	-0.016	-0.001	0.001	0.004
0.098	-0.022	0.170	0.000	0.28	-0.84	-0.24	0.11	-0.20	-0.24	0	-0.020	0.170	-0.020	-0.001	0.001	0.006
0.108	-0.023	0.172	0.000	0.19	-0.78	-0.24	0.24	0.24	0.09	0	-0.021	0.170	-0.024	-0.001	0.001	0.007
0.115	-0.023	0.172	0.000	0.20	-0.80	-0.24	-0.02	0.06	0.05	0	-0.021	0.171	-0.028	-0.001	0.001	0.010
0.126	-0.023	0.172	0.000	0.19	-0.80	-0.24	0.06	-0.16	-0.03	0	-0.021	0.171	-0.032	-0.001	0.001	0.012
0.139	-0.023	0.172	0.000	0.19	-0.80	-0.24	0.06	-0.03	-0.09	0	-0.021	0.171	-0.036	-0.002	0.001	0.015
0.148	-0.022	0.171	0.000	0.25	-0.87	-0.24	0.03	-0.16	0.15	0	-0.022	0.171	-0.040	-0.002	0.001	0.018
0.159	-0.022	0.170	0.000	0.28	-0.84	-0.24	0.08	0.10	0.00	0	-0.022	0.171	-0.045	-0.002	0.001	0.021
0.166	-0.023	0.172	0.000	0.19	-0.82	-0.24	0.11	-0.09	0.09	0	-0.022	0.171	-0.049	-0.002	0.001	0.025
0.179	-0.023	0.171	0.000	0.24	-0.83	-0.24	-0.02	-0.01	0.08	0	-0.022	0.171	-0.053	-0.002	0.001	0.029
0.188	-0.023	0.172	0.000	0.21	-0.82	-0.24	0.02	0.07	-0.08	0	-0.022	0.171	-0.057	-0.002	0.001	0.033
0.200	-0.023	0.171	0.000	0.24	-0.82	-0.24	-0.05	-0.17	0.04	0	-0.022	0.171	-0.062	-0.002	0.001	0.038
0.207	-0.023	0.172	0.000	0.22	-0.83	-0.24	0.08	0.16	-0.17	0	-0.022	0.171	-0.066	-0.002	0.001	0.043
0.220	-0.023	0.172	0.000	0.22	-0.83	-0.24	-0.02	-0.15	-0.25	0	-0.023	0.172	-0.070	-0.002	0.001	0.049
0.227	-0.022	0.170	0.000	0.28	-0.87	-0.24	0.17	0.28	-0.06	0	-0.023	0.171	-0.075	-0.002	0.001	0.054
0.239	-0.023	0.172	0.000	0.19	-0.83	-0.23	0.01	0.12	0.02	0	-0.023	0.172	-0.079	-0.002	0.001	0.060
0.249	-0.021	0.172	0.000	0.21	-0.92	-0.23	0.13	0.14	-0.03	0	-0.023	0.172	-0.083	-0.002	0.001	0.067
0.258	-0.023	0.172	0.000	0.21	-0.83	-0.24	0.12	0.17	-0.08	0	-0.023	0.172	-0.087	-0.002	0.001	0.073
0.268	-0.022	0.170	0.000	0.27	-0.89	-0.24	0.10	-0.16	0.12	0	-0.023	0.172	-0.091	-0.002	0.001	0.080
0.279	-0.023	0.172	0.000	0.20	-0.85	-0.23	0.02	0.09	0.07	0	-0.023	0.172	-0.095	-0.002	0.001	0.087
0.287	-0.020	0.169	0.000	0.33	-0.98	-0.23	-0.03	-0.11	0.03	0	-0.023	0.171	-0.099	-0.002	0.001	0.095
0.299	-0.022	0.171	0.000	0.24	-0.89	-0.23	0.14	0.02	-0.07	0	-0.023	0.171	-0.103	-0.002	0.001	0.103
0.309	-0.023	0.172	0.000	0.22	-0.85	-0.23	0.08	0.17	-0.13	0	-0.023	0.172	-0.107	-0.002	0.001	0.111
0.319	-0.022	0.171	0.000	0.25	-0.89	-0.23	0.04	0.09	0.03	0	-0.023	0.171	-0.111	-0.002	0.001	0.119
0.327	-0.023	0.172	0.000	0.21	-0.86	-0.23	-0.08	-0.04	-0.10	0	-0.023	0.172	-0.115	-0.002	0.001	0.128
0.339	-0.023	0.172	0.000	0.19	-0.87	-0.23	-0.09	0.09	0.05	0	-0.023	0.172	-0.119	-0.002	0.001	0.137
0.348	-0.023	0.172	0.000	0.22	-0.87	-0.23	-0.08	0.08	-0.12	0	-0.023	0.172	-0.123	-0.002	0.001	0.147
0.358	-0.023	0.172	0.000	0.22	-0.88	-0.23	0.06	0.24	-0.02	0	-0.023	0.172	-0.126	-0.002	0.001	0.156
0.369	-0.023	0.172	0.000	0.20	-0.88	-0.23	0.03	-0.04	0.08	0	-0.023	0.172	-0.130	-0.002	0.001	0.166
0.376	-0.022	0.170	0.000	0.29	-0.94	-0.23	0.24	0.07	-0.07	0	-0.023	0.172	-0.134	-0.002	0.001	0.176
0.388	-0.022	0.171	0.000	0.24	-0.92	-0.23	-0.06	-0.08	0.00	0	-0.023	0.172	-0.137	-0.002	0.001	0.187
0.399	-0.023	0.172	0.000	0.22	-0.88	-0.23	-0.02	-0.04	-0.11	0	-0.023	0.172	-0.141	-0.002	0.001	0.197
0.409	-0.023	0.172	0.000	0.22	-0.88	-0.23	-0.06	-0.02	0.11	0	-0.023	0.172	-0.144	-0.002	0.001	0.208
0.418	-0.023	0.172	0.000	0.20	-0.88	-0.23	0.12	0.16	-0.01	0	-0.023	0.172	-0.148	-0.002	0.001	0.220
0.429	-0.023	0.172	0.000	0.21	-0.88	-0.23	0.07	-0.07	-0.20	0	-0.023	0.172	-0.151	-0.002	0.001	0.231
0.435	-0.023	0.171	0.000	0.24	-0.90	-0.23	0.00	-0.19	-0.12	0	-0.023	0.172	-0.155	-0.002	0.001	0.243
0.448	-0.023	0.172	0.000	0.22	-0.89	-0.23	0.09	0.04	-0.03	0	-0.023	0.172	-0.158	-0.002	0.001	0.255
0.458	-0.022	0.171	0.000	0.24	-0.92	-0.23	0.05	-0.11	-0.02	0	-0.023	0.172	-0.161	-0.002	0.001	0.267
0.469	-0.024	0.176	0.000	0.06	-0.84	-0.22	-0.07	0.01	0.08	0	-0.023	0.172	-0.165	-0.002	0.001	0.280
0.479	-0.023	0.172	0.000	0.21	-0.90	-0.23	-0.15	-0.19	-0.32	0	-0.023	0.172	-0.168	-0.002	0.001	0.292
0.488	-0.023	0.174	0.000	0.14	-0.87	-0.23	0.01	-0.13	0.01	0	-0.023	0.173	-0.171	-0.002	0.001	0.305
0.499	-0.023	0.174	0.000	0.15	-0.90	-0.22	-0.11	-0.06	0.16	0	-0.023	0.173	-0.174	-0.002	0.001	0.319
0.508	-0.023	0.173	0.000	0.18	-0.90	-0.22	0.04	0.03	-0.15	0	-0.023	0.173	-0.177	-0.002	0.001	0.332
0.518	-0.023	0.174	0.000	0.17	-0.90	-0.22	-0.10	0.15	-0.03	0	-0.023	0.173	-0.180	-0.002	0.001	0.346
0.529	-0.025	0.176	0.000	0.09	-0.82	-0.23	-0.05	0.10	0.04	0	-0.024	0.173	-0.183	-0.002	0.001	0.360
0.534	-0.024	0.174	0.000	0.17	-0.87	-0.22	0.14	0.10	0.01	0	-0.024	0.174	-0.186	-0.002	0.001	0.374
0.547	-0.023	0.172	0.000	0.24	-0.91	-0.22	0.15	-0.02	-0.15	0	-0.024	0.174	-0.189	-0.002	0.001	0.388
0.558	-0.023	0.171	0.000	0.30	-0.90	-0.23	0.04	-0.05	0.11	0	-0.024	0.173	-0.192	-0.002	0.001	0.403
0.570	-0.024	0.172	0.000	0.27	-0.86	-0.23	0.25	0.02	0.12	0	-0.024	0.173	-0.195	-0.002	0.001	0.417
0.576	-0.024	0.170	0.000	0.34	-0.85	-0.23	-0.01	-0.01	-0.09	0	-0.024	0.173	-0.197	-0.002	0.001	0.432
0.587	-0.023	0.172	0.000	0.26	-0.93	-0.23	0.21	0.04	-0.04	0	-0.024	0.173	-0.200	-0.002	0.001	0.448
0.598	-0.024	0.172	0.000	0.25	-0.87	-0.23	0.24	0.22	-0.13	0	-0.024	0.173	-0.203	-0.002	0.001	0.463
0.608	-0.025	0.172	0.000	0.26	-0.84	-0.23	-0.07	0.09	-0.03	0	-0.024	0.173	-0.206	-0.002	0.001	0.479
0.617	-0.024	0.172	0.000	0.26	-0.86	-0.23	0.27	0.16	0.07	0	-0.024	0.173	-0.208	-0.002	0.001	0.495
0.628	-0.024	0.172	0.000	0.25	-0.87	-0.23	0.15	0.16	-0.09	0	-0.024	0.173	-0.211	-0.002	0.001	0.511
0.637	-0.026	0.172	0.000	0.25	-0.79	-0.23	-0.04	-0.16	0.00	0	-0.024	0.173	-0.213	-0.002	0.001	0.527
0.649	-0.026	0.171	0.000	0.29	-0.80	-0.23	-0.02	0.01	-0.00	0	-0.025	0.173	-0.216	-0.002	0.001	0.543
0.656	-0.027	0.172	0.000	0.25	-0.76	-0.23	0.13	0.18	0.17	0	-0.025	0.173	-0.218	-0.002	0.001	0.560
0.668	-0.027	0.173	0.000	0.21	-0.77	-0.23	0.20	0.16	0.02	0	-0.025	0.173	-0.221	-0.002	0.001	0.576
0.679	-0.026	0.172	0.000	0.25	-0.81	-0.23	-0.06	0.02	-0.05	0	-0.026	0.173	-0.223	-0.002	0.001	0.593
0.685	-0.026	0.173	0.000	0.21	-0.84	-0.23	0.12	0.11	0.12	0	-0.026	0.173	-0.226	-0.002	0.001	0.611
0.699	-0.026	0.172	0.000	0.27	-0.84	-0.23	0.04	0.20	-0.03	0	-0.026	0.173	-0.228	-0.002	0.001	0.628
0.708	-0.026	0.172	0.000	0.26	-0.84	-0.23	0.11	-0.16	0.01	0	-0.026	0.173	-0.230	-0.002	0.001	0.645
0.717	-0.026	0.172	0.000	0.27	-0.85	-0.23	-0.08	-0.10	-0.03	0	-0.026	0.173	-0.232	-0.002	0.001	0.663
0.728	-0.025	0.171	0.000	0.32	-0.89	-0.23	0.04	-0.27	0.28	0	-0.026	0.172	-0.235	-0.002	0.000	0.681
0.739	-0.027	0.172	0.000	0.27	-0.81	-0.23	-0.08	-0.13	-0.08	0	-0.026	0.172	-0.237	-0.002	0.000	0.699
0.748	-0.026	0.171	0.000	0.29	-0.88	-0.23	0.30	-0.10	-0.01	0	-0.026	0.172	-0.239	-0.002	0.000	0.717
0.754	-0.026	0.172	0.000	0.27	-0.86	-0.23	-0.17	-0.04	-0.21	0	-0.026	0.172	-0.241	-0.002	0.000	0.735
0.768	-0.027	0.173	0.000	0.23	-0.82	-0.22	0.22	0.02	0.12	0	-0.026	0.172	-0.243	-0.002	0.000	0.754
0.778	-0.026	0.171	0.000	0.29	-0.88	-0.22	0.15	0.12	0.11	0	-0.027	0.172	-0.245	-0.002	0.000	0.772
0.789	-0.026	0.173	0.000	0.23	-0.87	-0.22	0.03	-0.07	-0.17	0	-0.027	0.172	-0.247	-0.002	0.000	0.791
0.799	-0.026	0.172	0.000	0.27	-0.87	-0.22	0.10	0.13	-0.12	0	-0.027	0.172	-0.249	-0.002	0.000	0.810
0.805	-0.026	0.172	0.000	0.25	-0.87	-0.22	-0.03	0.02	0.06	0	-0.027	0.172	-0.251	-0.002	0.000	0.829
0.817	-0.027	0.172	0.000	0.25	-0.87	-0.22	0.04	-0.03	0.06	0	-0.027	0.173	-0.253	-0.002	0.000	0.848
0.829	-0.027	0.173	0.000	0.25	-0.85	-0.22	-0.05	-0.02	-0.14	0	-0.027	0.173	-0.255	-0.002	0.000	0.868
0.838	-0.027	0.173	0.000	0.23	-0.85	-0.22	-0.10	0.30	-0.01	0	-0.027	0.173	-0.257	-0.002	0.000	0.887
0.849	-0.026	0.173	0.000	0.23	-0.90	-0.22	-0.04	-0.05	-0.03	0	-0.027	0.173	-0.259	-0.002	0.000	0.907
0.854	-0.026	0.172	0.000	0.27	-0.90	-0.22	-0.17	-0.20	-0.08	0	-0.027	0.173	-0.261	-0.002	0.000	0.927
0.868	-0.016	0.169	0.000	0.40	-1.35	-0.21	0.10	0.19	0.05	0	-0.026	0.172	-0.262	-0.002	0.000	0.947
0.877	-0.015	0.168	0.000	0.44	-1.37	-0.21	-0.22	0.03	0.11	0	-0.024	0.172	-0.264	-0.001	-0.000	0.967
0.885	-0.016	0.170	0.000	0.35	-1.27	-0.21	0.19	0.14	0.08	0	-0.024	0.172	-0.266	-0.001	-0.000	0.987
0.897	-0.016	0.170	0.000	0.35	-1.27	-0.21	0.00	0.08	0.02	0	-0.023	0.171	-0.268	-0.000	-0.000	1.007
0.908	-0.015	0.168	0.000	0.43	-1.30	-0.21	0.10	-0.07	0.02	0	-0.022	0.171	-0.269	0.000	-0.000	1.028
0.918	-0.015	0.169	0.000	0.37	-1.28	-0.21	0.19	0.18	0.07	0	-0.021	0.171	-0.271	0.000	-0.000	1.048
0.928	-0.015	0.169	0.000	0.36	-1.24	-0.21	0.20	-0.09	-0.11	0	-0.020	0.171	-0.272	0.001	-0.001	1.069
0.935	-0.016	0.170	0.000	0.32	-1.19	-0.22	-0.02	0.11	0.08	0	-0.020	0.170	-0.274	0.001	-0.001	1.090
0.948	-0.015	0.169	0.000	0.33	-1.22	-0.21	0.28	0.05	0.14	0	-0.019	0.170	-0.275	0.001	-0.001	1.111
0.958	-0.016	0.169	0.000	0.34	-1.15	-0.21	-0.03	-0.10	-0.06	0	-0.019	0.170	-0.277	0.001	-0.001	1.132
0.963	-0.016	0.170	0.000	0.31	-1.13	-0.21	0.04	-0.05	0.11	0	-0.019	0.170	-0.278	0.001	-0.001	1.153
0.978	-0.016	0.170	0.000	0.31	-1.12	-0.21	0.04	0.08	-0.04	0	-0.018	0.170	-0.280	0.001	-0.001	1.174
0.986	-0.016	0.170	0.000	0.30	-1.10	-0.21	0.07	-0.34	-0.12	0	-0.018	0.170	-0.281	0.002	-0.001	1.195
0.999	-0.012	0.167	0.000	0.44	-1.27	-0.21	-0.01	0.31	0.03	0	-0.017	0.170	-0.283	0.002	-0.001	1.217
1.008	-0.015	0.170	0.001	0.28	-1.11	-0.21	-0.05	-0.03	0.06	0	-0.017	0.170	-0.284	0.002	-0.001	1.238
1.015	-0.015	0.169	0.001	0.31	-1.12	-0.21	0.20	-0.00	-0.08	0	-0.017	0.170	-0.285	0.002	-0.001	1.260
1.028	-0.013	0.170	0.001	0.27	-1.14	-0.21	-0.16	-0.23	-0.06	0	-0.016	0.170	-0.287	0.002	-0.001	1.282
1.037	-0.014	0.169	0.000	0.29	-1.14	-0.21	-0.03	-0.09	0.03	0	-0.016	0.170	-0.288	0.002	-0.001	1.304
1.045	-0.014	0.170	0.000	0.27	-1.07	-0.21	-0.05	-0.17	0.09	0	-0.016	0.170	-0.289	0.002	-0.001	1.326
1.055	-0.014	0.170	0.000	0.27	-1.07	-0.21	0.05	0.16	-0.14	0	-0.015	0.170	-0.290	0.002	-0.001	1.348
1.069	-0.013	0.169	0.000	0.31	-1.08	-0.21	0.20	0.01	0.02	0	-0.015	0.170	-0.292	0.002	-0.001	1.370
1.078	-0.014	0.169	0.000	0.29	-1.03	-0.21	-0.03	0.21	-0.04	0	-0.015	0.170	-0.293	0.003	-0.001	1.392
1.087	-0.014	0.169	0.000	0.28	-1.02	-0.21	0.10	0.19	-0.09	0	-0.015	0.170	-0.294	0.003	-0.001	1.415
1.097	-0.014	0.169	0.000	0.28	-1.02	-0.21	-0.06	-0.05	-0.03	0	-0.015	0.170	-0.295	0.003	-0.001	1.437
1.108	-0.014	0.170	0.000	0.25	-1.01	-0.21	0.22	0.16	-0.13	0	-0.015	0.170	-0.296	0.003	-0.001	1.459
1.117	-0.014	0.169	0.000	0.28	-1.01	-0.21	-0.13	-0.14	0.16	0	-0.014	0.170	-0.297	0.003	-0.001	1.482
1.128	-0.015	0.171	0.000	0.21	-0.97	-0.21	-0.09	-0.03	-0.02	0	-0.014	0.170	-0.298	0.003	-0.001	1.505
1.136	-0.014	0.169	0.000	0.29	-1.00	-0.21	0.28	-0.16	0.09	0	-0.014	0.170	-0.299	0.003	-0.001	1.527
1.147	-0.014	0.170	0.000	0.26	-0.99	-0.21	-0.20	-0.20	0.03	0	-0.014	0.170	-0.300	0.003	-0.001	1.550
1.158	-0.013	0.169	0.000	0.30	-1.00	-0.21	-0.05	0.25	-0.14	0	-0.014	0.170	-0.301	0.003	-0.001	1.573
1.167	-0.014	0.169	0.000	0.30	-0.97	-0.21	0.16	-0.22	-0.14	0	-0.014	0.170	-0.302	0.003	-0.001	1.596
1.178	-0.014	0.169	0.000	0.27	-0.95	-0.21	0.05	-0.03	-0.05	0	-0.014	0.170	-0.303	0.003	-0.001	1.619
1.187	-0.014	0.170	0.000	0.25	-0.94	-0.21	0.31	0.10	0.01	0	-0.014	0.170	-0.304	0.003	-0.001	1.642
1.198	-0.015	0.170	0.000	0.23	-0.88	-0.21	-0.09	-0.11	-0.01	0	-0.014	0.170	-0.305	0.003	-0.001	1.665
1.203	-0.013	0.169	0.000	0.30	-0.96	-0.21	0.13	0.07	0.08	0	-0.014	0.170	-0.306	0.003	-0.001	1.689
1.216	-0.000	0.000	0.000	0.00	0.00	-0.00	0.17	-0.16	-0.10	0	-0.012	0.149	-0.307	0.003	-0.009	1.712
1.228	-0.000	0.000	0.052	-0.01	0.00	-0.00	0.04	0.16	0.07	0	-0.010	0.131	-0.299	0.004	-0.015	1.738
1.237	-0.000	0.000	0.052	-0.00	-0.00	0.00	0.14	0.03	-0.05	0	-0.009	0.114	-0.293	0.004	-0.021	1.765
1.247	-0.000	0.000	0.279	-0.00	-0.01	0.00	0.14	-0.03	-0.16	0	-0.008	0.100	-0.250	0.005	-0.026	1.805
1.258	-0.000	0.000	0.000	-0.03	-0.11	0.00	-0.00	-0.05	0.06	0	-0.007	0.087	-0.260	0.005	-0.031	1.824
1.264	-0.000	0.000	0.000	-0.05	-0.07	0.00	0.21	0.09	-0.04	0	-0.006	0.076	-0.268	0.005	-0.034	1.845
1.278	-0.000	0.000	0.000	0.03	-0.08	-0.00	0.10	0.02	-0.10	0	-0.005	0.065	-0.276	0.006	-0.038	1.866
1.288	-0.000	0.000	0.000	-0.03	-0.03	-0.00	0.11	0.01	0.22	0	-0.004	0.057	-0.282	0.006	-0.041	1.887
1.296	-0.001	0.001	-0.000	-0.05	0.14	-0.00	0.14	0.08	0.10	0	-0.004	0.049	-0.288	0.006	-0.043	1.909
1.304	-0.001	0.000	0.000	0.22	-0.02	-0.00	0.26	0.08	-0.24	0	-0.003	0.042	-0.292	0.006	-0.045	1.931
1.318	-0.001	0.001	0.000	-0.05	-0.06	0.00	-0.09	0.26	0.02	0	-0.003	0.035	-0.296	0.006	-0.047	1.954
1.327	-0.001	0.001	0.000	-0.21	-0.01	-0.00	-0.00	0.04	0.07	0	-0.002	0.030	-0.300	0.006	-0.048	1.976
1.338	-0.001	0.000	0.000	0.11	-0.20	-0.00	0.23	0.05	-0.12	0	-0.002	0.025	-0.303	0.006	-0.050	1.999
1.346	-0.001	0.000	0.000	0.17	-0.18	-0.00	0.13	0.27	0.02	0	-0.002	0.021	-0.305	0.006	-0.051	2.022
1.357	-0.001	0.001	0.000	0.13	-0.32	-0.00	0.21	-0.04	-0.14	0	-0.001	0.017	-0.308	0.006	-0.052	2.046
1.368	-0.001	0.001	0.000	0.04	-0.35	-0.00	-0.08	-0.26	0.04	0	-0.001	0.013	-0.310	0.006	-0.052	2.069
1.378	-0.001	0.001	0.000	0.07	-0.33	0.00	0.25	0.00	0.16	0	-0.001	0.010	-0.311	0.006	-0.053	2.093
1.387	-0.002	0.000	0.000	0.24	-0.17	0.00	-0.00	-0.12	0.09	0	-0.001	0.008	-0.313	0.006	-0.053	2.117
1.399	-0.001	0.001	0.000	0.14	-0.48	0.00	-0.09	-0.09	0.07	0	-0.001	0.005	-0.314	0.006	-0.053	2.140
1.408	-0.001	0.001	0.000	0.00	-0.45	0.00	0.09	-0.04	0.15	0	-0.001	0.003	-0.315	0.006	-0.053	2.164
1.413	-0.001	0.002	0.000	-0.02	-0.48	0.00	-0.18	-0.20	0.01	0	-0.000	0.002	-0.317	0.006	-0.053	2.188
1.427	-0.003	-0.000	0.000	0.39	-0.03	0.00	0.35	-0.11	-0.10	0	-0.001	-0.000	-0.317	0.006	-0.053	2.213
1.438	-0.001	-0.000	0.000	0.43	-0.72	0.00	-0.01	0.13	-0.01	0	-0.000	-0.002	-0.318	0.006	-0.053	2.237
1.448	-0.002	0.001	0.000	0.05	-0.45	0.00	0.16	-0.07	0.05	0	-0.000	-0.003	-0.319	0.006	-0.053	2.261
1.455	-0.001	0.001	0.000	0.16	-0.58	0.00	0.15	-0.01	-0.23	0	-0.000	-0.004	-0.320	0.006	-0.053	2.285
1.465	-0.000	-0.000	0.000	0.39	-0.82	0.00	0.20	0.36	0.13	0	-0.000	-0.005	-0.320	0.006	-0.053	2.310
1.477	-0.000	-0.000	0.000	0.43	-0.86	0.00	0.12	0.08	-0.09	0	-0.000	-0.006	-0.321	0.006	-0.052	2.334
1.487	-0.000	0.000	0.000	0.33	-0.86	0.00	-0.05	-0.15	0.07	0	0.000	-0.007	-0.321	0.006	-0.052	2.358
1.496	-0.001	0.001	0.000	0.25	-0.74	0.00	-0.05	0.06	-0.11	0	0.000	-0.007	-0.322	0.006	-0.052	2.383
1.505	-0.002	0.001	0.000	0.13	-0.56	-0.00	0.15	-0.07	0.29	0	0.000	-0.008	-0.322	0.006	-0.051	2.407
1.517	-0.000	-0.000	0.000	0.37	-0.81	0.00	0.13	0.07	-0.07	0	0.000	-0.008	-0.323	0.006	-0.051	2.432
1.527	-0.001	-0.000	0.000	0.36	-0.71	0.00	-0.05	-0.09	-0.12	0	0.000	-0.009	-0.323	0.006	-0.050	2.456
1.537	-0.001	-0.000	0.000	0.35	-0.69	0.00	0.13	0.02	0.01	0	0.000	-0.009	-0.323	0.005	-0.050	2.481
1.546	-0.001	0.001	0.000	0.25	-0.71	0.00	-0.19	0.06	0.07	0	0.000	-0.010	-0.324	0.005	-0.049	2.505
1.557	0.000	-0.000	0.000	0.38	-0.92	0.00	0.12	-0.04	0.02	0	0.000	-0.010	-0.324	0.005	-0.049	2.530
1.567	0.001	-0.004	0.000	0.85	-1.08	0.01	-0.21	0.20	0.03	0	0.000	-0.011	-0.324	0.005	-0.048	2.554
1.578	-0.000	-0.003	0.000	0.68	-0.88	0.01	0.09	-0.03	-0.30	0	0.001	-0.011	-0.324	0.005	-0.048	2.579
1.588	0.000	-0.003	0.000	0.70	-0.91	0.01	0.12	0.18	0.08	0	0.001	-0.012	-0.324	0.005	-0.048	2.604
1.598	-0.001	0.001	0.001	0.14	-0.79	-0.00	0.16	-0.03	0.02	0	0.001	-0.012	-0.325	0.005	-0.047	2.628
1.607	0.002	0.000	0.000	0.21	-1.08	-0.00	0.08	0.02	0.02	0	0.001	-0.012	-0.325	0.005	-0.046	2.653
1.618	-0.001	0.001	0.000	0.19	-0.76	-0.00	-0.05	0.30	0.05	0	0.001	-0.011	-0.325	0.005	-0.046	2.678
1.626	-0.002	0.002	0.000	0.03	-0.69	-0.00	0.15	-0.10	-0.02	0	0.001	-0.011	-0.325	0.005	-0.045	2.702
1.637	-0.002	0.002	0.000	0.05	-0.68	-0.00	-0.05	0.02	-0.01	0	0.000	-0.011	-0.325	0.005	-0.044	2.727
1.647	-0.001	0.001	0.001	0.14	-0.80	0.00	0.01	-0.08	0.10	0	0.000	-0.011	-0.325	0.005	-0.044	2.752
1.657	0.000	0.005	0.000	-0.19	-0.95	-0.01	0.05	-0.18	0.10	0	0.000	-0.010	-0.325	0.005	-0.043	2.776
1.668	-0.001	0.004	0.000	-0.06	-0.86	-0.01	0.18	-0.02	-0.07	0	0.000	-0.010	-0.325	0.005	-0.042	2.801
1.673	0.001	0.004	0.000	-0.08	-1.05	-0.01	-0.02	-0.01	-0.17	0	0.001	-0.009	-0.325	0.005	-0.042	2.826
1.688	0.002	0.004	0.000	-0.05	-1.06	-0.01	0.10	0.07	-0.03	0	0.001	-0.009	-0.325	0.005	-0.041	2.851
1.697	0.001	0.005	0.000	-0.07	-0.96	-0.01	0.15	0.31	-0.17	0	0.001	-0.009	-0.325	0.005	-0.040	2.875
1.707	-0.001	0.009	0.000	-0.39	-0.83	-0.02	0.00	-0.00	0.30	0	0.001	-0.008	-0.325	0.005	-0.039	2.900
1.716	-0.001	0.008	0.000	-0.33	-0.79	-0.02	0.13	-0.12	-0.13	0	0.001	-0.007	-0.325	0.005	-0.039	2.925
1.727	-0.002	0.010	0.000	-0.39	-0.74	-0.02	0.06	-0.11	-0.15	0	0.000	-0.006	-0.325	0.005	-0.038	2.949
1.733	-0.002	0.008	0.000	-0.18	-0.77	-0.01	-0.04	0.23	-0.09	0	0.000	-0.006	-0.325	0.004	-0.037	2.974
1.747	-0.001	0.007	0.000	-0.11	-0.84	-0.01	0.18	0.12	0.15	0	0.000	-0.005	-0.325	0.004	-0.037	2.999
1.756	-0.002	0.008	0.000	-0.19	-0.77	-0.01	0.06	-0.18	-0.35	0	0.000	-0.005	-0.325	0.004	-0.036	3.023
1.767	-0.001	0.008	0.000	-0.12	-0.83	-0.01	-0.02	0.01	-0.03	0	0.000	-0.004	-0.325	0.004	-0.035	3.048
1.776	-0.002	0.008	0.000	-0.08	-0.80	-0.01	0.14	0.31	-0.04	0	-0.000	-0.004	-0.325	0.004	-0.035	3.073
1.788	-0.001	0.009	0.000	-0.16	-0.88	-0.01	0.11	0.05	0.02	0	-0.000	-0.003	-0.325	0.004	-0.034	3.097
1.797	-0.002	0.008	0.000	-0.07	-0.82	-0.01	0.16	0.10	-0.07	0	-0.000	-0.003	-0.325	0.004	-0.033	3.122
1.806	-0.001	0.007	0.000	0.04	-0.86	-0.00	0.17	0.12	-0.16	0	-0.000	-0.003	-0.325	0.004	-0.033	3.147
1.816	0.000	0.007	0.000	0.08	-0.95	-0.00	-0.00	0.17	0.14	0	-0.000	-0.003	-0.325	0.004	-0.032	3.171
1.823	-0.002	0.008	0.000	0.03	-0.83	-0.00	-0.01	-0.15	0.00	0	-0.000	-0.003	-0.324	0.004	-0.032	3.196
1.834	-0.002	0.008	0.000	0.02	-0.83	-0.01	0.24	-0.24	0.03	0	-0.000	-0.002	-0.324	0.004	-0.031	3.221
1.848	-0.002	0.008	0.000	0.07	-0.82	-0.00	0.11	0.19	-0.06	0	-0.000	-0.002	-0.324	0.004	-0.031	3.245
1.858	-0.002	0.009	0.000	0.02	-0.83	-0.01	0.36	0.21	-0.02	0	-0.000	-0.002	-0.324	0.004	-0.030	3.270
1.864	0.000	0.007	0.000	0.18	-0.96	-0.00	-0.03	-0.02	-0.02	0	-0.000	-0.002	-0.324	0.004	-0.030	3.294
1.875	-0.002	0.008	0.000	0.10	-0.85	-0.00	-0.08	-0.23	0.02	0	-0.000	-0.002	-0.323	0.004	-0.029	3.319
1.887	-0.001	0.007	0.000	0.19	-0.89	-0.00	0.16	-0.04	-0.07	0	-0.000	-0.002	-0.323	0.004	-0.029	3.344
1.898	-0.001	0.007	0.000	0.19	-0.88	-0.00	-0.05	0.26	0.08	0	-0.000	-0.002	-0.323	0.004	-0.029	3.368
1.907	-0.001	0.008	0.000	0.15	-0.90	-0.00	-0.00	0.04	0.18	0	-0.000	-0.001	-0.323	0.004	-0.028	3.393
1.915	0.000	0.007	0.000	0.21	-0.97	0.00	0.01	-0.06	0.01	0	-0.000	-0.001	-0.323	0.004	-0.028	3.417
1.925	-0.000	0.007	0.000	0.22	-0.93	0.00	-0.10	0.09	0.08	0	-0.000	-0.001	-0.322	0.004	-0.027	3.442
1.937	0.000	0.007	0.000	0.20	-0.96	0.00	0.08	-0.07	0.11	0	-0.000	-0.001	-0.322	0.004	-0.027	3.466
1.946	-0.002	0.007	0.000	0.24	-0.84	0.00	-0.10	-0.10	0.07	0	-0.000	-0.001	-0.322	0.003	-0.026	3.490
1.956	-0.001	0.006	0.000	0.27	-0.88	0.00	0.22	0.29	0.05	0	-0.000	-0.001	-0.321	0.003	-0.026	3.515
1.967	0.001	0.006	0.000	0.28	-0.99	0.00	0.02	-0.14	-0.04	0	-0.000	-0.001	-0.321	0.003	-0.026	3.539
1.978	-0.002	0.008	0.000	0.16	-0.85	-0.00	0.09	-0.21	0.04	0	-0.000	-0.001	-0.321	0.003	-0.025	3.564
1.987	-0.001	0.008	0.000	0.19	-0.91	-0.00	0.18	0.09	0.01	0	-0.000	-0.001	-0.321	0.003	-0.025	3.588
1.992	-0.001	0.007	0.000	0.26	-0.92	0.00	-0.01	-0.33	-0.13	0	-0.000	-0.001	-0.320	0.003	-0.024	3.612
2.007	-0.001	0.009	0.000	0.18	-0.90	-0.00	0.13	-0.04	-0.03	0	-0.000	-0.000	-0.320	0.003	-0.024	3.637
2.017	-0.002	0.008	0.000	0.24	-0.87	0.00	0.03	0.13	0.06	0	-0.000	-0.000	-0.320	0.003	-0.023	3.661
2.023	-0.002	0.008	0.000	0.24	-0.86	0.00	0.01	-0.09	0.02	0	-0.000	-0.000	-0.319	0.003	-0.023	3.685
2.034	-0.001	0.008	0.000	0.25	-0.90	0.00	-0.03	0.06	-0.06	0	-0.000	-0.000	-0.319	0.003	-0.023	3.709
2.046	-0.002	0.009	0.000	0.20	-0.85	0.00	0.15	0.15	0.08	0	-0.001	0.000	-0.318	0.003	-0.022	3.733
2.057	-0.001	0.007	0.000	0.30	-0.90	0.00	-0.04	0.13	0.04	0	-0.001	0.000	-0.318	0.003	-0.022	3.758
2.065	-0.002	0.009	0.000	0.22	-0.87	0.00	0.19	0.14	0.01	0	-0.001	0.000	-0.318	0.003	-0.021	3.782
2.077	-0.002	0.008	0.000	0.26	-0.87	0.01	-0.05	0.12	0.04	0	-0.001	0.000	-0.317	0.003	-0.021	3.806
2.088	-0.001	0.008	0.000	0.27	-0.91	0.00	0.28	-0.14	-0.19	0	-0.001	0.001	-0.317	0.003	-0.021	3.830
2.098	0.002	0.012	0.000	0.07	-1.05	-0.00	0.03	0.15	0.17	0	-0.000	0.001	-0.316	0.003	-0.020	3.854
2.107	0.002	0.014	0.000	0.02	-1.06	-0.00	0.06	-0.06	0.01	0	0.000	0.002	-0.316	0.003	-0.020	3.878
2.116	0.002	0.014	0.000	0.02	-1.06	-0.00	-0.06	-0.13	0.04	0	0.000	0.003	-0.316	0.003	-0.019	3.902
2.124	0.003	0.012	0.000	0.11	-1.07	-0.00	0.05	0.14	-0.01	0	0.001	0.003	-0.315	0.003	-0.018	3.926
2.138	0.001	0.014	0.000	0.06	-0.98	0.00	0.25	0.01	-0.01	0	0.001	0.004	-0.315	0.003	-0.018	3.950
2.146	0.003	0.013	0.000	0.12	-1.06	0.00	-0.21	-0.03	0.02	0	0.001	0.004	-0.314	0.003	-0.018	3.973
2.158	0.003	0.012	0.000	0.15	-1.05	0.00	-0.10	-0.21	0.19	0	0.001	0.004	-0.314	0.003	-0.017	3.997
2.167	0.001	0.014	0.000	0.10	-0.96	0.00	-0.10	0.01	-0.29	0	0.001	0.005	-0.313	0.003	-0.017	4.021
2.178	0.001	0.012	0.000	0.17	-0.96	0.00	-0.11	-0.10	0.09	0	0.001	0.005	-0.313	0.003	-0.016	4.045
2.187	-0.002	0.014	0.000	0.13	-0.80	0.00	-0.13	0.02	-0.07	0	0.001	0.005	-0.312	0.003	-0.016	4.069
2.193	-0.000	0.012	0.000	0.20	-0.89	0.00	0.08	0.00	-0.09	0	0.001	0.006	-0.312	0.003	-0.016	4.092
2.208	-0.001	0.015	0.000	0.10	-0.86	0.00	0.18	0.03	-0.03	0	0.001	0.006	-0.311	0.003	-0.015	4.116
2.216	0.001	0.012	0.001	0.21	-0.97	0.00	0.23	0.12	0.04	0	0.001	0.006	-0.311	0.003	-0.015	4.139
2.228	0.002	0.012	0.000	0.25	-1.00	0.00	0.07	0.15	-0.23	0	0.001	0.006	-0.310	0.003	-0.014	4.163
2.237	0.001	0.011	0.000	0.28	-0.97	0.01	-0.13	-0.12	0.02	0	0.001	0.006	-0.310	0.003	-0.014	4.187
2.243	0.002	0.011	0.000	0.29	-0.99	0.01	0.13	-0.02	-0.08	0	0.001	0.006	-0.309	0.003	-0.014	4.210
2.257	0.001	0.012	0.000	0.26	-0.94	0.00	-0.13	-0.00	-0.08	0	0.001	0.006	-0.309	0.003	-0.014	4.234
2.267	0.002	0.013	0.000	0.21	-0.96	0.00	0.06	0.02	0.13	0	0.002	0.006	-0.308	0.003	-0.013	4.257
2.275	0.002	0.013	0.000	0.24	-0.98	0.00	0.25	-0.04	0.18	0	0.002	0.007	-0.308	0.003	-0.013	4.280
2.285	0.001	0.013	0.000	0.22	-0.92	0.00	0.07	-0.03	-0.16	0	0.002	0.007	-0.307	0.003	-0.013	4.304
2.297	0.001	0.012	0.000	0.28	-0.92	0.00	0.17	-0.03	-0.05	0	0.002	0.007	-0.307	0.003	-0.012	4.327
2.304	0.001	0.012	0.000	0.28	-0.92	0.00	0.07	0.28	-0.13	0	0.002	0.007	-0.306	0.003	-0.012	4.350
2.317	0.000	0.013	0.000	0.24	-0.90	0.00	0.09	0.02	0.05	0	0.002	0.007	-0.305	0.003	-0.012	4.373
2.325	0.001	0.012	0.000	0.31	-0.91	0.00	-0.21	-0.20	0.04	0	0.002	0.007	-0.305	0.003	-0.012	4.396
2.336	0.000	0.013	0.000	0.28	-0.89	0.00	0.08	0.14	0.02	0	0.001	0.007	-0.304	0.003	-0.011	4.420
2.347	0.001	0.012	0.000	0.30	-0.93	0.00	-0.03	0.01	-0.04	0	0.001	0.007	-0.304	0.003	-0.011	4.443
2.358	0.001	0.011	0.000	0.34	-0.92	0.00	0.26	-0.02	-0.13	0	0.002	0.007	-0.303	0.003	-0.011	4.466
2.367	0.000	0.013	0.000	0.28	-0.89	0.00	0.10	-0.01	0.00	0	0.001	0.007	-0.302	0.003	-0.011	4.489
2.377	0.000	0.012	0.000	0.33	-0.89	0.00	0.11	0.02	-0.11	0	0.001	0.007	-0.302	0.003	-0.010	4.512
2.386	0.000	0.013	0.000	0.27	-0.87	-0.00	0.26	0.11	-0.02	0	0.001	0.008	-0.301	0.003	-0.010	4.534
2.397	0.005	0.010	0.000	0.43	-1.06	0.00	0.06	0.29	0.00	0	0.002	0.007	-0.301	0.003	-0.010	4.557
2.403	0.006	0.010	0.000	0.39	-1.10	0.00	0.05	-0.10	-0.17	0	0.002	0.007	-0.300	0.003	-0.010	4.580
2.417	0.006	0.005	0.000	0.60	-1.08	0.01	-0.02	-0.09	-0.07	0	0.003	0.006	-0.299	0.003	-0.010	4.603
2.428	0.006	0.004	0.000	0.63	-1.08	0.01	0.02	-0.09	0.20	0	0.003	0.006	-0.299	0.003	-0.010	4.625
2.434	0.006	0.005	0.000	0.58	-1.07	0.01	-0.09	-0.01	-0.21	0	0.004	0.005	-0.298	0.003	-0.010	4.648
2.447	0.006	0.006	0.000	0.52	-1.07	0.01	0.01	0.12	-0.07	0	0.004	0.005	-0.298	0.004	-0.010	4.671
2.456	0.006	0.005	0.000	0.56	-1.05	0.01	0.06	0.10	0.06	0	0.004	0.004	-0.297	0.004	-0.010	4.693
2.467	0.006	0.006	0.000	0.50	-1.04	0.01	0.22	0.15	0.19	0	0.004	0.004	-0.296	0.004	-0.010	4.716
2.477	0.006	0.005	0.000	0.54	-1.04	0.01	0.28	-0.26	-0.10	0	0.005	0.004	-0.296	0.004	-0.010	4.738
2.484	0.005	0.006	0.000	0.51	-0.98	0.01	0.00	0.23	0.18	0	0.005	0.003	-0.295	0.004	-0.009	4.761
2.495	0.005	0.006	0.000	0.50	-1.00	0.01	0.04	0.05	-0.18	0	0.005	0.003	-0.294	0.004	-0.009	4.783
2.506	0.006	0.006	0.000	0.50	-1.00	0.01	0.13	0.00	0.11	0	0.005	0.003	-0.294	0.004	-0.009	4.805
2.517	0.007	0.006	0.000	0.49	-1.03	0.01	0.13	0.11	0.14	0	0.005	0.003	-0.293	0.004	-0.009	4.827
2.527	0.006	0.005	0.000	0.50	-0.99	0.01	-0.08	0.07	0.16	0	0.006	0.002	-0.292	0.004	-0.009	4.850
2.534	0.005	0.006	0.000	0.44	-0.95	0.01	-0.05	0.04	0.13	0	0.006	0.002	-0.292	0.004	-0.009	4.872
2.545	0.006	0.006	0.000	0.46	-0.98	0.01	-0.05	-0.18	0.01	0	0.006	0.002	-0.291	0.004	-0.008	4.894
2.556	0.006	0.005	0.000	0.48	-0.97	0.01	0.15	0.08	0.25	0	0.006	0.002	-0.290	0.004	-0.008	4.916
2.566	0.005	0.006	0.000	0.42	-0.93	0.01	-0.01	-0.09	0.03	0	0.006	0.002	-0.290	0.004	-0.008	4.938
2.576	0.006	0.007	0.000	0.41	-0.96	0.01	-0.00	-0.08	0.13	0	0.006	0.002	-0.289	0.004	-0.008	4.960
2.584	0.006	0.005	0.000	0.45	-0.95	0.01	0.17	0.07	0.03	0	0.006	0.002	-0.288	0.004	-0.008	4.982
2.595	0.005	0.005	0.000	0.47	-0.94	0.01	0.12	0.03	0.25	0	0.006	0.002	-0.288	0.004	-0.008	5.003
2.605	0.005	0.006	0.000	0.40	-0.92	0.01	0.01	-0.04	-0.11	0	0.006	0.002	-0.287	0.004	-0.007	5.025
2.617	0.007	0.004	0.000	0.47	-0.98	0.01	0.10	0.15	0.16	0	0.006	0.002	-0.286	0.004	-0.007	5.047
2.626	0.005	0.005	0.000	0.42	-0.92	0.01	0.06	0.00	0.04	0	0.006	0.002	-0.285	0.004	-0.007	5.069
2.636	0.005	0.006	0.000	0.41	-0.89	0.02	-0.03	-0.01	0.24	0	0.006	0.002	-0.285	0.004	-0.007	5.090
2.643	0.006	0.006	0.000	0.40	-0.93	0.01	0.04	0.27	-0.11	0	0.006	0.002	-0.284	0.004	-0.007	5.112
2.658	0.005	0.005	0.000	0.41	-0.89	0.02	0.32	-0.11	-0.16	0	0.006	0.002	-0.283	0.004	-0.006	5.133
2.667	0.006	0.005	0.000	0.44	-0.93	0.01	0.09	-0.08	-0.03	0	0.006	0.002	-0.283	0.004	-0.006	5.155
2.676	0.005	0.007	0.000	0.35	-0.88	0.01	0.03	-0.37	-0.13	0	0.006	0.002	-0.282	0.004	-0.006	5.176
2.685	0.006	0.005	0.000	0.40	-0.91	0.01	-0.03	-0.35	-0.26	0	0.006	0.002	-0.281	0.004	-0.006	5.198
2.696	0.006	0.005	0.000	0.39	-0.94	0.01	0.19	0.22	0.08	0	0.006	0.002	-0.280	0.004	-0.006	5.219
2.707	0.004	0.009	0.000	0.24	-0.86	0.01	0.02	0.16	-0.04	0	0.006	0.002	-0.280	0.003	-0.005	5.240
2.717	0.005	0.007	0.000	0.33	-0.88	0.01	0.24	0.30	0.16	0	0.006	0.002	-0.279	0.003	-0.005	5.261
2.727	0.005	0.009	0.000	0.26	-0.89	0.01	0.08	-0.04	0.27	0	0.006	0.003	-0.278	0.003	-0.005	5.282
2.735	0.004	0.008	0.000	0.28	-0.84	0.01	0.12	0.03	0.18	0	0.006	0.003	-0.277	0.003	-0.005	5.303
2.746	0.004	0.010	0.000	0.21	-0.85	0.01	-0.01	-0.13	-0.02	0	0.006	0.003	-0.277	0.003	-0.004	5.324
2.757	0.004	0.010	0.000	0.21	-0.83	0.01	0.20	0.19	0.10	0	0.006	0.004	-0.276	0.003	-0.004	5.345
2.767	0.003	0.013	0.000	0.11	-0.81	0.01	-0.03	-0.14	0.12	0	0.005	0.005	-0.275	0.003	-0.004	5.366
2.778	0.002	0.013	0.000	0.08	-0.77	0.01	0.13	-0.18	-0.07	0	0.005	0.005	-0.274	0.003	-0.003	5.387
2.785	0.002	0.013	0.000	0.10	-0.78	0.01	-0.02	-0.05	-0.13	0	0.005	0.006	-0.274	0.003	-0.003	5.408
2.796	0.002	0.015	0.000	0.06	-0.78	0.01	-0.12	0.11	0.07	0	0.005	0.007	-0.273	0.003	-0.002	5.428
2.807	0.002	0.013	0.000	0.15	-0.79	0.01	-0.14	-0.04	0.23	0	0.004	0.007	-0.272	0.003	-0.002	5.449
2.813	0.003	0.013	0.000	0.13	-0.82	0.01	0.17	0.22	0.01	0	0.004	0.008	-0.271	0.003	-0.002	5.470
2.826	0.004	0.011	0.000	0.22	-0.87	0.01	-0.02	0.11	-0.00	0	0.004	0.008	-0.271	0.003	-0.002	5.490
2.837	0.004	0.013	0.000	0.16	-0.87	0.01	0.13	0.11	0.19	0	0.004	0.008	-0.270	0.003	-0.001	5.511
2.844	0.003	0.013	0.000	0.15	-0.79	0.01	0.05	-0.08	-0.15	0	0.004	0.008	-0.269	0.002	-0.001	5.531
2.858	0.003	0.013	0.000	0.17	-0.83	0.01	0.08	0.25	-0.11	0	0.004	0.009	-0.268	0.002	-0.001	5.552
2.867	0.003	0.013	0.000	0.19	-0.84	0.01	0.26	-0.24	-0.03	0	0.004	0.009	-0.267	0.002	-0.001	5.572
2.877	0.003	0.015	0.000	0.11	-0.80	0.01	0.04	0.10	0.07	0	0.004	0.009	-0.267	0.002	-0.000	5.592
2.887	0.003	0.010	0.000	0.31	-0.83	0.01	0.06	-0.17	-0.05	0	0.004	0.009	-0.266	0.002	-0.000	5.612
2.895	0.003	0.014	0.000	0.18	-0.83	0.01	0.02	-0.06	-0.04	0	0.004	0.010	-0.265	0.002	-0.000	5.632
2.906	0.003	0.012	0.000	0.23	-0.84	0.01	-0.10	-0.25	0.17	0	0.004	0.010	-0.264	0.002	0.000	5.652
2.916	0.003	0.013	0.000	0.20	-0.84	0.01	0.11	-0.19	0.03	0	0.004	0.010	-0.263	0.002	0.000	5.672
2.927	0.005	0.010	0.000	0.33	-0.91	0.01	-0.02	0.32	-0.08	0	0.004	0.010	-0.263	0.002	0.000	5.692
2.938	0.003	0.014	0.000	0.20	-0.83	0.01	-0.07	-0.10	-0.11	0	0.004	0.010	-0.262	0.002	0.000	5.712
2.944	0.003	0.014	0.000	0.20	-0.83	0.01	-0.12	0.04	-0.19	0	0.004	0.010	-0.261	0.002	0.001	5.732
2.956	0.003	0.012	0.001	0.29	-0.84	0.01	0.11	0.07	-0.03	0	0.004	0.010	-0.260	0.002	0.001	5.752
2.967	0.003	0.013	0.001	0.23	-0.84	0.01	0.03	-0.13	-0.09	0	0.004	0.010	-0.259	0.002	0.001	5.772
2.978	0.004	0.008	0.000	0.44	-0.89	0.01	-0.06	0.13	-0.05	0	0.004	0.010	-0.259	0.002	0.001	5.791
2.986	0.004	0.007	0.000	0.48	-0.86	0.01	0.07	-0.03	0.18	0	0.004	0.009	-0.258	0.002	0.001	5.811
2.997	0.004	0.008	0.000	0.42	-0.88	0.01	0.00	-0.09	-0.02	0	0.004	0.009	-0.257	0.002	0.001	5.830
3.006	0.007	0.010	0.001	0.34	-1.00	0.01	0.15	-0.08	-0.07	0	0.004	0.009	-0.256	0.002	0.001	5.850
3.017	0.007	0.010	0.000	0.35	-1.01	0.01	0.17	-0.07	0.01	0	0.005	0.009	-0.255	0.002	0.001	5.869
3.027	0.007	0.010	0.000	0.32	-0.99	0.01	0.23	-0.06	0.14	0	0.005	0.009	-0.255	0.002	0.001	5.889
3.037	0.007	0.010	0.000	0.35	-0.97	0.01	0.19	0.05	0.16	0	0.005	0.008	-0.254	0.002	0.001	5.908
3.047	0.007	0.010	0.000	0.33	-0.97	0.01	-0.05	0.05	-0.11	0	0.006	0.008	-0.253	0.003	0.001	5.927
3.057	0.007	0.009	0.000	0.36	-0.97	0.01	0.08	-0.02	0.08	0	0.006	0.008	-0.252	0.003	0.001	5.946
3.062	0.008	0.009	0.000	0.36	-0.99	0.01	-0.28	0.15	-0.08	0	0.006	0.008	-0.251	0.003	0.001	5.965
3.073	0.006	0.011	0.000	0.30	-0.92	0.01	0.15	0.11	0.15	0	0.006	0.008	-0.251	0.003	0.001	5.984
3.087	0.006	0.011	0.000	0.29	-0.91	0.01	-0.08	-0.03	0.23	0	0.006	0.008	-0.250	0.003	0.001	6.003
3.097	0.007	0.011	0.000	0.30	-0.93	0.01	0.12	0.10	0.03	0	0.006	0.008	-0.249	0.003	0.001	6.022
3.105	0.007	0.009	0.000	0.36	-0.94	0.01	0.01	-0.16	-0.02	0	0.006	0.008	-0.248	0.003	0.001	6.041
3.115	0.007	0.010	0.000	0.34	-0.94	0.01	-0.06	0.06	-0.06	0	0.007	0.008	-0.247	0.003	0.002	6.060
3.128	0.007	0.010	0.000	0.31	-0.93	0.01	0.02	-0.03	0.07	0	0.007	0.008	-0.247	0.003	0.002	6.079
3.137	0.007	0.010	0.000	0.31	-0.93	0.01	0.10	-0.06	0.14	0	0.007	0.008	-0.246	0.003	0.002	6.097
3.145	0.006	0.010	0.000	0.34	-0.89	0.01	0.12	0.22	0.11	0	0.007	0.008	-0.245	0.003	0.002	6.116
3.156	0.006	0.010	0.000	0.31	-0.88	0.01	0.13	-0.05	-0.11	0	0.007	0.008	-0.244	0.003	0.002	6.134
3.162	0.007	0.010	0.000	0.32	-0.91	0.01	0.01	0.00	0.06	0	0.007	0.008	-0.243	0.003	0.002	6.153
3.173	0.007	0.011	0.000	0.29	-0.92	0.01	-0.08	0.01	-0.01	0	0.007	0.008	-0.242	0.003	0.002	6.171
3.186	0.006	0.011	0.000	0.30	-0.88	0.01	-0.20	-0.04	0.11	0	0.007	0.009	-0.242	0.003	0.002	6.190
3.197	0.007	0.011	0.000	0.30	-0.93	0.01	0.16	-0.13	0.11	0	0.007	0.009	-0.241	0.003	0.002	6.208
3.205	0.007	0.010	0.000	0.32	-0.92	0.01	0.05	-0.08	0.15	0	0.007	0.009	-0.240	0.003	0.002	6.226
3.215	0.008	0.009	0.000	0.35	-0.94	0.01	0.10	0.39	0.06	0	0.007	0.008	-0.239	0.003	0.002	6.244
3.227	0.008	0.010	0.000	0.32	-0.95	0.01	-0.06	-0.08	-0.16	0	0.007	0.008	-0.238	0.003	0.003	6.262
3.236	0.007	0.010	0.000	0.32	-0.90	0.01	0.07	-0.01	-0.00	0	0.007	0.009	-0.238	0.003	0.003	6.280
3.248	0.007	0.010	0.000	0.31	-0.89	0.01	-0.05	0.14	0.08	0	0.007	0.009	-0.237	0.003	0.003	6.298
3.255	0.007	0.010	0.000	0.33	-0.89	0.01	0.04	-0.15	-0.02	0	0.007	0.008	-0.236	0.003	0.003	6.316
3.266	0.007	0.011	0.000	0.29	-0.89	0.01	-0.22	-0.22	0.27	0	0.007	0.009	-0.235	0.003	0.003	6.334
3.277	0.007	0.009	0.000	0.35	-0.89	0.02	-0.10	0.11	0.03	0	0.007	0.008	-0.234	0.003	0.003	6.352
3.287	0.007	0.010	0.000	0.32	-0.89	0.02	0.10	-0.01	0.11	0	0.007	0.008	-0.234	0.003	0.003	6.370
3.297	0.006	0.011	0.000	0.27	-0.86	0.02	0.24	-0.00	-0.03	0	0.007	0.009	-0.233	0.003	0.003	6.387
3.307	0.006	0.011	0.000	0.28	-0.85	0.02	0.02	-0.04	0.04	0	0.007	0.009	-0.232	0.003	0.003	6.405
3.313	0.007	0.009	0.000	0.35	-0.89	0.02	-0.09	-0.13	0.15	0	0.007	0.009	-0.231	0.003	0.003	6.422
3.325	0.007	0.009	0.000	0.35	-0.89	0.02	-0.17	0.09	0.02	35963	0.007	0.009	-0.230	0.003	0.003	6.440
3.335	0.007	0.010	0.000	0.33	-0.88	0.02	0.37	0.02	-0.06	35976	0.007	0.009	-0.229	0.003	0.003	6.457
3.347	0.007	0.011	0.000	0.29	-0.88	0.01	0.09	-0.50	0.05	35971	0.007	0.009	-0.227	0.003	0.003	6.475
3.356	0.007	0.010	0.000	0.30	-0.88	0.01	-0.11	-0.52	-1.18	35963	0.007	0.009	-0.225	0.002	0.003	6.492
3.363	0.006	0.009	0.000	0.34	-0.86	0.01	-0.25	-0.10	-2.17	35955	0.007	0.009	-0.223	0.002	0.003	6.509
3.374	0.006	0.011	0.000	0.29	-0.84	0.01	-0.29	-0.31	-2.39	35961	0.007	0.009	-0.221	0.002	0.004	6.525
3.386	0.007	0.009	0.000	0.34	-0.88	0.02	0.25	-0.29	-0.49	35958	0.007	0.009	-0.218	0.002	0.004	6.542
3.396	0.007	0.009	0.000	0.33	-0.86	0.01	0.11	0.05	0.54	35955	0.007	0.008	-0.216	0.002	0.004	6.558
3.406	0.006	0.010	0.000	0.30	-0.83	0.01	0.96	-0.05	0.24	35964	0.007	0.009	-0.213	0.002	0.004	6.574
3.413	0.007	0.009	0.000	0.34	-0.88	0.01	-0.29	-0.04	0.01	35936	0.007	0.008	-0.210	0.002	0.004	6.590
3.424	0.006	0.011	0.000	0.25	-0.82	0.02	-0.04	-0.59	1.81	35954	0.007	0.009	-0.207	0.002	0.004	6.606
3.435	0.008	0.009	0.000	0.34	-0.89	0.04	0.79	0.46	1.95	35931	0.007	0.009	-0.204	0.002	0.004	6.622
3.447	0.007	0.010	0.000	0.31	-0.85	0.06	-0.22	-0.11	1.92	35930	0.007	0.009	-0.201	0.002	0.004	6.637
3.456	0.008	0.010	0.000	0.28	-0.87	0.07	-0.47	-1.05	-0.45	35910	0.007	0.009	-0.197	0.002	0.004	6.652
3.463	0.007	0.010	0.000	0.29	-0.83	0.04	-0.29	1.01	-5.14	35927	0.007	0.009	-0.194	0.002	0.004	6.667
3.474	0.008	0.009	0.000	0.33	-0.86	-0.04	0.84	-0.12	-10.14	35920	0.007	0.009	-0.191	0.002	0.004	6.681
3.486	0.007	0.009	0.000	0.32	-0.84	-0.15	-0.13	0.68	-11.17	35905	0.007	0.008	-0.188	0.003	0.004	6.695
3.496	0.007	0.010	0.000	0.28	-0.80	-0.26	-0.61	-1.29	-10.96	35898	0.007	0.009	-0.185	0.003	0.004	6.709
3.506	0.006	0.010	0.000	0.27	-0.75	-0.37	-1.25	-0.04	-10.15	35902	0.007	0.009	-0.182	0.002	0.004	6.723
3.514	0.007	0.009	0.000	0.29	-0.78	-0.48	-0.95	-1.41	-11.91	35904	0.007	0.008	-0.178	0.002	0.004	6.737
3.524	0.007	0.008	0.000	0.30	-0.75	-0.61	-1.77	-2.59	-13.64	35917	0.007	0.008	-0.175	0.003	0.004	6.750
3.535	0.007	0.009	0.000	0.27	-0.73	-0.74	-0.83	0.78	-12.73	37987	0.007	0.008	-0.172	0.003	0.004	6.763
3.546	0.007	0.007	0.000	0.36	-0.71	-0.83	-1.81	-0.10	-6.13	38005	0.006	0.008	-0.169	0.003	0.004	6.776
3.555	0.005	0.008	0.000	0.29	-0.64	-0.88	-0.34	0.26	-4.81	38075	0.006	0.008	-0.166	0.002	0.004	6.789
3.567	0.003	0.011	0.000	0.14	-0.54	-0.94	0.46	-0.04	-7.76	38051	0.006	0.008	-0.162	0.002	0.005	6.801
3.572	0.004	0.011	0.000	0.16	-0.58	-1.03	1.99	0.82	-8.67	38050	0.005	0.008	-0.159	0.002	0.005	6.813
3.584	0.004	0.011	0.000	0.21	-0.59	-1.10	3.88	3.45	-7.73	38058	0.005	0.008	-0.156	0.002	0.005	6.825
3.596	0.004	0.012	0.000	0.21	-0.65	-1.19	5.67	5.07	-9.17	38108	0.005	0.009	-0.153	0.002	0.005	6.836
3.606	0.004	0.010	0.000	0.30	-0.67	-1.27	-1.24	0.24	-8.36	38122	0.004	0.009	-0.149	0.002	0.005	6.848
3.616	0.002	0.012	0.000	0.18	-0.56	-1.35	-6.99	-6.24	-6.03	38169	0.004	0.009	-0.146	0.002	0.005	6.859
3.626	0.003	0.012	0.000	0.08	-0.50	-1.39	-9.95	-8.64	-4.37	38191	0.004	0.009	-0.143	0.002	0.005	6.870
3.635	0.004	0.010	0.000	0.21	-0.54	-1.43	4.51	4.95	-3.66	38224	0.004	0.009	-0.140	0.002	0.005	6.880
3.646	0.010	0.010	0.000	0.24	-0.80	-1.46	0.95	-0.48	-1.55	38200	0.004	0.009	-0.137	0.002	0.005	6.891
3.656	0.010	0.010	0.000	0.21	-0.79	-1.46	-4.92	-2.32	0.01	38246	0.005	0.009	-0.134	0.003	0.006	6.901
3.665	0.010	0.010	0.000	0.17	-0.74	-1.45	0.39	-1.57	2.10	38269	0.005	0.009	-0.130	0.003	0.006	6.911
3.677	0.008	0.009	0.000	0.22	-0.62	-1.42	1.97	0.15	3.32	38243	0.005	0.009	-0.127	0.003	0.006	6.921
3.683	0.010	0.009	0.000	0.22	-0.71	-1.39	1.51	0.78	2.69	38289	0.006	0.009	-0.124	0.003	0.006	6.930
3.697	0.010	0.010	0.000	0.15	-0.64	-1.37	-5.22	-5.68	0.64	38326	0.006	0.009	-0.121	0.003	0.006	6.939
3.706	0.010	0.009	0.000	0.19	-0.63	-1.36	-0.09	-2.67	2.75	38253	0.006	0.009	-0.118	0.003	0.006	6.948
3.717	0.009	0.010	0.000	0.16	-0.55	-1.33	5.63	3.62	3.56	38256	0.007	0.009	-0.115	0.004	0.006	6.957
3.727	0.009	0.011	0.000	0.18	-0.62	-1.30	9.88	9.83	1.01	38418	0.007	0.009	-0.112	0.004	0.006	6.966
3.734	0.009	0.016	0.000	0.04	-0.67	-1.29	0.74	-0.28	1.08	38432	0.007	0.010	-0.109	0.004	0.006	6.974
3.745	0.010	0.017	0.000	-0.01	-0.61	-1.27	-11.16	-11.81	1.79	40466	0.007	0.010	-0.106	0.004	0.007	6.982
3.756	0.010	0.018	0.000	-0.14	-0.52	-1.25	2.62	-1.14	2.95	40572	0.007	0.011	-0.103	0.004	0.007	6.990
3.767	0.015	0.026	-0.000	-0.44	-0.65	-1.21	-2.37	-7.42	4.12	40538	0.008	0.013	-0.100	0.004	0.007	6.997
3.777	0.019	0.025	-0.000	-0.41	-0.78	-1.16	-5.93	-4.97	4.82	40689	0.009	0.014	-0.097	0.005	0.008	7.005
3.784	0.020	0.024	-0.000	-0.44	-0.70	-1.11	-6.57	-9.13	5.80	40700	0.010	0.015	-0.094	0.005	0.008	7.012
3.795	0.020	0.025	0.000	-0.48	-0.55	-1.05	-5.76	-13.94	6.77	40605	0.011	0.017	-0.091	0.006	0.009	7.019
3.807	0.019	0.026	0.000	-0.56	-0.36	-0.98	-1.28	-13.29	6.56	40556	0.012	0.018	-0.088	0.006	0.009	7.025
3.815	0.019	0.024	0.001	-0.43	-0.17	-0.92	5.55	-20.22	6.91	40558	0.013	0.018	-0.085	0.007	0.010	7.032
3.826	0.019	0.025	0.001	-0.39	0.11	-0.84	8.71	-22.10	8.09	40541	0.014	0.019	-0.082	0.007	0.010	7.038
3.835	0.018	0.024	0.001	-0.23	0.37	-0.76	4.02	-13.91	8.50	40611	0.014	0.020	-0.079	0.007	0.010	7.044
3.846	0.018	0.023	0.001	-0.17	0.43	-0.68	-0.80	0.17	8.44	40630	0.015	0.020	-0.076	0.007	0.010	7.050
3.857	0.022	0.021	0.001	-0.08	0.26	-0.59	1.46	7.23	8.91	40715	0.016	0.020	-0.073	0.008	0.010	7.056
3.867	0.022	0.017	0.001	0.12	0.22	-0.52	4.29	11.92	7.06	40983	0.016	0.020	-0.070	0.008	0.010	7.061
3.877	0.023	0.017	0.001	0.18	0.04	-0.44	5.30	12.26	7.01	41143	0.017	0.020	-0.067	0.008	0.010	7.066
3.886	0.022	0.018	0.001	0.24	0.01	-0.38	10.24	10.53	6.26	41248	0.018	0.019	-0.064	0.008	0.010	7.071
3.897	0.023	0.018	0.000	0.31	-0.16	-0.32	4.80	22.98	3.83	41268	0.018	0.019	-0.061	0.009	0.010	7.076
3.906	0.022	0.018	0.000	0.34	-0.34	-0.28	1.37	20.32	6.46	41360	0.019	0.019	-0.058	0.009	0.010	7.080
3.916	0.023	0.019	0.000	0.30	-0.52	-0.19	-2.97	19.66	9.15	41451	0.019	0.019	-0.055	0.009	0.010	7.084
3.927	0.023	0.017	0.000	0.52	-0.65	-0.10	15.77	11.19	10.10	41611	0.020	0.019	-0.052	0.009	0.010	7.088
3.936	0.021	0.020	0.000	0.44	-0.56	-0.00	-8.50	-7.85	8.78	41318	0.020	0.019	-0.050	0.009	0.010	7.092
3.946	0.021	0.013	0.000	0.58	-0.44	0.06	-16.40	-14.35	6.95	41038	0.020	0.018	-0.047	0.009	0.009	7.096
3.957	0.021	0.012	0.000	0.56	-0.37	0.12	-6.00	2.25	6.68	43240	0.020	0.017	-0.044	0.009	0.009	7.099
3.966	0.021	0.012	0.001	0.39	-0.39	0.19	-15.19	6.47	5.33	43199	0.020	0.017	-0.041	0.009	0.009	7.102
3.976	0.022	0.012	0.001	0.25	-0.49	0.24	-7.12	-3.36	5.08	43243	0.020	0.016	-0.038	0.010	0.009	7.105
3.986	0.035	0.001	-0.000	0.64	-0.85	0.27	-2.23	-18.33	5.01	43246	0.022	0.014	-0.035	0.010	0.008	7.108
3.997	0.038	-0.004	-0.001	0.86	-0.75	0.31	1.81	-25.10	5.12	43513	0.024	0.012	-0.033	0.011	0.007	7.110
4.006	0.039	-0.015	-0.003	1.29	-0.49	0.35	4.32	-28.72	7.70	43662	0.026	0.008	-0.030	0.012	0.006	7.112
4.016	0.040	-0.019	-0.003	1.38	-0.12	0.43	-1.97	-38.17	9.78	43975	0.027	0.005	-0.028	0.012	0.005	7.114
4.026	0.039	-0.025	-0.003	1.59	0.34	0.50	2.15	-40.26	8.64	43943	0.029	0.001	-0.025	0.013	0.003	7.116
4.036	0.040	-0.029	-0.003	1.68	0.74	0.57	0.66	-39.25	8.95	43849	0.030	-0.003	-0.023	0.013	0.002	7.117
4.046	0.040	-0.032	-0.003	1.64	1.20	0.65	-13.30	-40.90	7.63	43974	0.032	-0.007	-0.020	0.014	0.001	7.118
4.057	0.037	-0.037	-0.004	1.64	1.75	0.71	-13.43	-42.26	9.08	44004	0.033	-0.011	-0.018	0.014	-0.000	7.120
4.067	0.038	-0.044	-0.006	1.62	2.22	0.78	-24.66	-52.69	11.86	44085	0.034	-0.016	-0.015	0.014	-0.002	7.120
4.076	0.037	-0.046	-0.003	1.28	2.84	0.90	-39.08	-52.17	11.34	44252	0.035	-0.020	-0.012	0.014	-0.003	7.121
4.084	0.041	-0.051	-0.003	0.93	3.23	0.97	-57.12	-51.56	10.29	43596	0.036	-0.024	-0.010	0.014	-0.005	7.121
4.095	0.041	-0.051	-0.002	0.16	3.77	1.08	-71.41	-50.03	8.65	43584	0.037	-0.028	-0.007	0.015	-0.006	7.122
4.106	0.043	-0.056	-0.003	-0.47	4.19	1.14	-71.07	-49.75	6.62	43277	0.038	-0.032	-0.004	0.015	-0.007	7.122
4.116	0.044	-0.060	-0.001	-1.14	4.65	1.19	-72.45	-48.13	5.38	43316	0.040	-0.036	-0.001	0.015	-0.008	7.122
4.124	0.049	-0.065	-0.001	-1.81	4.94	1.22	-78.80	-45.53	5.80	43051	0.042	-0.041	0.002	0.015	-0.009	7.122
4.137	0.049	-0.067	-0.000	-2.66	5.43	1.31	-82.04	-50.94	5.17	43088	0.043	-0.045	0.005	0.016	-0.011	7.121
4.145	0.054	-0.070	0.000	-3.51	5.80	1.38	-81.98	-53.16	4.12	43022	0.046	-0.049	0.008	0.016	-0.012	7.121
4.155	0.054	-0.072	0.003	-4.34	6.28	1.48	-75.35	-42.35	5.60	45062	0.048	-0.052	0.011	0.016	-0.013	7.120
4.165	0.056	-0.075	0.003	-5.08	6.58	1.57	-69.87	-25.56	6.33	44749	0.050	-0.056	0.015	0.017	-0.014	7.119
4.175	0.056	-0.075	0.005	-5.87	6.77	1.70	-63.55	-9.24	6.17	44748	0.052	-0.059	0.018	0.017	-0.014	7.118
4.187	0.057	-0.076	0.005	-6.53	6.73	1.77	-57.95	12.40	5.47	44674	0.054	-0.062	0.022	0.017	-0.015	7.117
4.196	0.057	-0.076	0.007	-7.15	6.53	1.84	-42.82	34.81	3.32	44624	0.055	-0.064	0.025	0.017	-0.016	7.115
4.202	0.054	-0.077	0.006	-7.52	6.23	1.83	-18.63	47.77	2.39	44561	0.057	-0.066	0.028	0.017	-0.016	7.114
4.216	0.054	-0.076	0.007	-7.69	5.73	1.84	6.48	51.06	0.41	44756	0.058	-0.068	0.032	0.017	-0.017	7.112
4.226	0.051	-0.075	0.008	-7.65	5.32	1.81	25.07	51.65	-1.50	44753	0.058	-0.069	0.035	0.016	-0.017	7.110
4.236	0.051	-0.074	0.008	-7.45	4.83	1.78	34.68	45.79	-3.64	44815	0.059	-0.070	0.038	0.016	-0.017	7.107
4.246	0.047	-0.070	0.009	-7.25	4.52	1.75	37.37	39.91	-4.76	44854	0.059	-0.070	0.041	0.015	-0.017	7.105
4.252	0.047	-0.069	0.010	-6.95	4.15	1.71	38.14	31.71	-3.44	44932	0.059	-0.070	0.045	0.015	-0.017	7.102
4.265	0.044	-0.066	0.010	-6.69	3.96	1.70	41.49	26.35	-2.73	45008	0.058	-0.070	0.048	0.014	-0.017	7.099
4.276	0.040	-0.061	0.010	-6.45	3.76	1.75	40.39	22.29	-1.73	45146	0.058	-0.068	0.051	0.013	-0.017	7.096
4.284	0.039	-0.056	0.008	-6.66	3.81	1.85	36.94	17.20	-0.14	45360	0.057	-0.067	0.053	0.012	-0.016	7.093
4.294	0.037	-0.053	0.011	-6.32	3.60	1.87	31.71	17.08	0.18	45644	0.056	-0.065	0.056	0.011	-0.016	7.090
4.306	0.035	-0.048	0.011	-6.19	3.46	1.96	31.01	14.89	-0.20	45234	0.055	-0.062	0.059	0.010	-0.015	7.086
4.316	0.034	-0.046	0.011	-5.91	3.26	1.97	32.26	17.61	-1.71	45438	0.054	-0.060	0.062	0.009	-0.014	7.082
4.325	0.035	-0.044	0.012	-5.61	3.03	2.00	36.95	23.61	-1.77	45474	0.053	-0.057	0.065	0.009	-0.013	7.078
4.335	0.032	-0.041	0.012	-5.30	2.84	1.96	44.45	26.86	-0.95	45481	0.052	-0.054	0.068	0.008	-0.013	7.074
4.345	0.029	-0.040	0.013	-4.86	2.65	1.89	48.99	27.94	-0.60	45639	0.051	-0.052	0.071	0.006	-0.012	7.069
4.356	0.032	-0.041	0.015	-4.26	2.19	1.90	51.83	31.95	-1.12	45694	0.050	-0.050	0.074	0.005	-0.012	7.065
4.366	0.030	-0.042	0.016	-3.64	1.87	1.81	51.82	35.39	-0.65	47449	0.049	-0.048	0.077	0.005	-0.011	7.060
4.376	0.034	-0.038	0.016	-3.19	1.30	1.94	50.51	36.36	-1.49	47347	0.049	-0.045	0.080	0.004	-0.011	7.055
4.385	0.031	-0.034	0.017	-2.79	0.98	1.94	46.87	36.94	-1.61	47395	0.048	-0.043	0.083	0.003	-0.011	7.050
4.393	0.031	-0.033	0.018	-2.24	0.59	1.90	41.42	40.07	-2.81	47495	0.048	-0.041	0.086	0.002	-0.010	7.045
4.406	0.031	-0.036	0.020	-1.61	0.12	1.82	40.14	36.03	-2.09	47390	0.047	-0.039	0.090	0.001	-0.010	7.040
4.417	0.032	-0.035	0.021	-1.15	-0.33	1.81	40.40	29.96	-2.00	47094	0.047	-0.037	0.093	0.001	-0.010	7.034
4.426	0.033	-0.033	0.020	-0.80	-0.75	1.85	41.11	22.61	-3.01	46975	0.046	-0.035	0.097	-0.000	-0.010	7.029
4.435	0.033	-0.033	0.021	-0.30	-1.05	1.83	39.22	16.64	-2.96	47285	0.046	-0.034	0.100	-0.001	-0.010	7.023
4.446	0.030	-0.037	0.023	0.33	-1.14	1.69	38.14	13.58	-3.70	47191	0.046	-0.033	0.103	-0.002	-0.010	7.017
4.457	0.030	-0.037	0.024	0.76	-1.33	1.66	34.52	11.75	-2.38	47019	0.045	-0.032	0.107	-0.002	-0.010	7.010
4.466	0.031	-0.036	0.025	1.16	-1.53	1.66	25.52	7.24	-2.99	46949	0.045	-0.031	0.110	-0.003	-0.010	7.004
4.476	0.031	-0.039	0.026	1.59	-1.62	1.60	15.48	-0.13	-2.61	46897	0.044	-0.031	0.113	-0.004	-0.011	6.997
4.486	0.030	-0.038	0.027	1.77	-1.64	1.58	7.45	-4.83	-1.54	46842	0.044	-0.031	0.117	-0.004	-0.011	6.990
4.496	0.029	-0.038	0.028	1.90	-1.60	1.55	-0.41	-6.58	-1.56	46843	0.043	-0.030	0.120	-0.005	-0.012	6.984
4.506	0.029	-0.036	0.029	1.86	-1.54	1.54	-9.44	-5.31	-2.39	46843	0.043	-0.030	0.123	-0.006	-0.012	6.976
4.513	0.028	-0.034	0.031	1.76	-1.48	1.52	-16.68	-1.67	-2.58	46818	0.042	-0.029	0.127	-0.006	-0.012	6.969
4.527	0.026	-0.031	0.032	1.49	-1.41	1.49	-21.94	1.04	-2.46	46764	0.041	-0.028	0.130	-0.007	-0.012	6.962
4.536	0.026	-0.030	0.033	1.29	-1.45	1.47	-19.00	2.70	-2.57	46780	0.040	-0.028	0.133	-0.008	-0.012	6.954
4.545	0.028	-0.029	0.034	1.12	-1.59	1.46	-13.98	3.89	-2.24	46744	0.040	-0.027	0.136	-0.008	-0.012	6.946
4.555	0.028	-0.033	0.035	1.18	-1.66	1.44	-7.93	4.52	-2.25	46653	0.039	-0.027	0.140	-0.009	-0.013	6.938
4.565	0.027	-0.030	0.037	0.98	-1.65	1.42	-0.94	6.04	-3.34	48640	0.039	-0.026	0.143	-0.010	-0.013	6.930
4.577	0.026	-0.029	0.038	0.93	-1.69	1.39	5.28	3.94	-3.96	48624	0.038	-0.025	0.146	-0.010	-0.013	6.922
4.585	0.025	-0.025	0.039	0.83	-1.72	1.34	9.50	1.43	-4.56	48598	0.037	-0.024	0.150	-0.011	-0.013	6.914
4.595	0.024	-0.023	0.042	0.87	-1.73	1.29	12.09	-0.62	-5.92	48631	0.037	-0.023	0.153	-0.012	-0.013	6.905
4.606	0.023	-0.020	0.043	0.88	-1.70	1.22	14.34	-3.96	-6.81	48264	0.036	-0.022	0.157	-0.012	-0.013	6.897
4.613	0.022	-0.019	0.045	1.02	-1.66	1.16	16.33	-7.07	-7.94	48263	0.035	-0.021	0.160	-0.013	-0.013	6.888
4.627	0.021	-0.017	0.046	1.12	-1.56	1.07	19.15	-8.81	-8.66	48198	0.034	-0.019	0.164	-0.013	-0.013	6.879
4.636	0.021	-0.016	0.047	1.31	-1.47	0.99	19.87	-10.80	-8.79	48174	0.033	-0.018	0.168	-0.014	-0.013	6.870
4.645	0.019	-0.013	0.050	1.41	-1.34	0.89	16.85	-9.93	-8.15	48096	0.032	-0.017	0.171	-0.015	-0.013	6.861
4.655	0.019	-0.011	0.052	1.57	-1.23	0.80	12.43	-7.22	-7.53	47744	0.031	-0.015	0.175	-0.015	-0.012	6.851
4.666	0.018	-0.010	0.053	1.71	-1.15	0.72	7.14	-4.26	-7.49	47716	0.030	-0.014	0.179	-0.016	-0.012	6.842
4.677	0.017	-0.008	0.055	1.74	-1.08	0.64	4.15	-2.92	-6.40	47701	0.029	-0.012	0.182	-0.017	-0.012	6.832
4.685	0.017	-0.007	0.056	1.77	-1.03	0.57	2.46	-4.23	-5.25	47715	0.028	-0.011	0.186	-0.017	-0.012	6.822
4.695	0.016	-0.005	0.058	1.80	-1.00	0.51	0.21	-8.46	-4.78	47652	0.027	-0.009	0.190	-0.018	-0.012	6.812
4.707	0.016	-0.004	0.059	1.77	-0.91	0.46	1.75	-11.16	-5.20	47649	0.026	-0.008	0.193	-0.018	-0.011	6.802
4.716	0.015	-0.002	0.061	1.77	-0.82	0.40	4.08	-8.73	-6.10	47647	0.025	-0.007	0.197	-0.019	-0.011	6.792
4.725	0.015	-0.001	0.063	1.79	-0.73	0.34	4.53	-1.64	-6.89	47586	0.024	-0.005	0.200	-0.019	-0.011	6.781
4.736	0.014	0.001	0.063	1.81	-0.66	0.27	4.42	1.41	-6.16	47539	0.024	-0.004	0.204	-0.020	-0.011	6.771
4.745	0.014	0.001	0.065	1.89	-0.68	0.21	5.98	1.28	-5.69	47639	0.023	-0.002	0.207	-0.020	-0.011	6.760
4.754	0.013	0.002	0.067	1.94	-0.68	0.16	5.61	-0.34	-4.91	47603	0.022	-0.001	0.210	-0.021	-0.010	6.749
4.765	0.013	0.003	0.068	2.02	-0.68	0.11	4.01	1.08	-3.58	47591	0.021	-0.000	0.213	-0.021	-0.010	6.738
4.776	0.013	0.005	0.071	2.03	-0.68	0.06	3.49	3.17	-2.43	49679	0.020	0.001	0.217	-0.021	-0.010	6.727
4.787	0.013	0.005	0.073	2.08	-0.73	0.04	3.39	6.15	-2.46	49468	0.020	0.002	0.220	-0.022	-0.010	6.716
4.796	0.013	0.006	0.074	2.13	-0.79	0.02	4.37	7.03	-2.27	49464	0.019	0.003	0.224	-0.022	-0.010	6.704
4.805	0.012	0.007	0.076	2.14	-0.85	-0.01	3.91	7.45	-2.17	49448	0.018	0.004	0.227	-0.022	-0.010	6.693
4.817	0.012	0.008	0.076	2.17	-0.94	-0.03	3.38	7.95	-1.27	49453	0.018	0.005	0.231	-0.023	-0.009	6.681
4.824	0.012	0.008	0.078	2.24	-1.02	-0.04	2.05	7.15	-1.46	49688	0.017	0.006	0.234	-0.023	-0.009	6.669
4.836	0.012	0.009	0.079	2.26	-1.09	-0.05	1.14	5.26	-1.20	49669	0.017	0.007	0.237	-0.023	-0.009	6.657
4.846	0.012	0.010	0.081	2.27	-1.16	-0.06	0.10	2.12	-1.05	49675	0.016	0.007	0.241	-0.023	-0.009	6.645
4.856	0.012	0.011	0.083	2.26	-1.20	-0.08	-1.60	-0.00	-1.43	49681	0.015	0.008	0.244	-0.024	-0.009	6.633
4.865	0.012	0.012	0.085	2.24	-1.20	-0.09	-6.92	-0.15	-1.59	49670	0.015	0.009	0.248	-0.024	-0.009	6.621
4.876	0.011	0.012	0.087	2.18	-1.20	-0.11	-9.36	-1.03	-1.10	49423	0.015	0.010	0.251	-0.024	-0.009	6.608
4.886	0.011	0.012	0.089	2.12	-1.17	-0.11	-9.47	-4.01	-0.72	49406	0.014	0.010	0.255	-0.024	-0.009	6.596
4.894	0.010	0.013	0.090	2.02	-1.11	-0.11	-8.28	-7.65	-0.41	49381	0.014	0.011	0.258	-0.024	-0.008	6.583
4.904	0.012	0.012	0.089	1.97	-1.12	-0.13	-6.25	-11.74	0.36	49355	0.013	0.011	0.261	-0.024	-0.008	6.570
4.916	0.012	0.013	0.090	1.92	-1.02	-0.14	-5.05	-15.71	0.51	49885	0.013	0.011	0.264	-0.024	-0.008	6.557
4.926	0.011	0.012	0.092	1.88	-0.85	-0.13	-3.30	-17.37	0.53	49844	0.013	0.012	0.267	-0.024	-0.008	6.543
4.936	0.012	0.013	0.093	1.84	-0.73	-0.14	-2.35	-17.52	1.06	49820	0.013	0.012	0.270	-0.024	-0.008	6.530
4.945	0.011	0.012	0.095	1.84	-0.49	-0.11	-2.94	-17.01	1.45	49809	0.012	0.012	0.273	-0.025	-0.008	6.517
4.955	0.011	0.015	0.097	1.73	-0.32	-0.12	-3.83	-13.79	1.80	49771	0.012	0.012	0.276	-0.025	-0.008	6.503
4.961	0.011	0.015	0.099	1.71	-0.17	-0.11	-5.81	-9.63	2.37	49647	0.012	0.013	0.279	-0.025	-0.008	6.489
4.972	0.011	0.015	0.100	1.66	-0.07	-0.09	-7.80	-3.54	2.70	49565	0.012	0.013	0.282	-0.025	-0.008	6.475
4.986	0.012	0.015	0.102	1.59	-0.02	-0.07	-9.23	1.51	2.96	51580	0.012	0.013	0.286	-0.025	-0.008	6.461
4.995	0.012	0.015	0.103	1.50	-0.02	-0.04	-9.94	4.20	3.18	51528	0.011	0.013	0.289	-0.025	-0.008	6.447
5.007	0.012	0.015	0.105	1.42	-0.07	-0.01	-10.10	6.70	3.29	51605	0.011	0.013	0.292	-0.025	-0.008	6.433
5.013	0.012	0.015	0.106	1.33	-0.12	0.03	-8.94	7.36	3.08	51552	0.011	0.013	0.295	-0.025	-0.008	6.419
5.022	0.012	0.015	0.108	1.23	-0.19	0.07	-7.93	7.43	3.05	51491	0.011	0.013	0.298	-0.025	-0.007	6.404
5.034	0.012	0.015	0.111	1.16	-0.26	0.10	-7.10	6.05	2.23	51411	0.011	0.013	0.302	-0.024	-0.007	6.390
5.045	0.012	0.015	0.113	1.09	-0.33	0.12	-5.77	3.12	1.57	51085	0.011	0.013	0.305	-0.024	-0.007	6.375
5.055	0.012	0.014	0.115	1.04	-0.37	0.14	-5.04	-0.39	1.62	50983	0.011	0.013	0.309	-0.024	-0.007	6.361
5.062	0.011	0.014	0.117	0.98	-0.34	0.16	-4.77	-5.01	1.91	50878	0.011	0.013	0.312	-0.024	-0.007	6.346
5.073	0.011	0.017	0.119	0.82	-0.29	0.17	-5.04	-8.64	2.10	50765	0.011	0.013	0.316	-0.024	-0.007	6.331
5.086	0.012	0.014	0.119	0.90	-0.24	0.20	-6.44	-12.16	2.38	50643	0.011	0.013	0.319	-0.024	-0.007	6.316
5.096	0.018	0.012	0.121	0.90	-0.37	0.17	-7.06	-13.78	3.10	50880	0.011	0.013	0.322	-0.024	-0.007	6.300
5.105	0.018	0.012	0.123	0.84	-0.23	0.20	-8.11	-14.80	3.83	50771	0.012	0.012	0.326	-0.024	-0.007	6.285
5.113	0.018	0.012	0.125	0.75	-0.07	0.23	-8.83	-13.68	4.31	50657	0.012	0.012	0.329	-0.023	-0.007	6.270
5.123	0.018	0.012	0.126	0.66	0.08	0.27	-9.52	-11.50	4.12	50540	0.013	0.012	0.332	-0.023	-0.007	6.254
5.135	0.019	0.012	0.128	0.55	0.21	0.32	-10.31	-8.04	4.44	50553	0.014	0.011	0.335	-0.023	-0.007	6.238
5.145	0.019	0.012	0.130	0.45	0.30	0.36	-11.23	-5.42	4.07	50433	0.014	0.011	0.338	-0.023	-0.007	6.222
5.154	0.019	0.012	0.132	0.34	0.36	0.40	-11.46	-2.23	4.26	50329	0.015	0.011	0.342	-0.022	-0.007	6.207
5.166	0.019	0.012	0.135	0.21	0.41	0.44	-10.80	0.47	3.92	50208	0.015	0.011	0.345	-0.022	-0.007	6.191
5.175	0.019	0.011	0.136	0.10	0.41	0.48	-9.27	1.78	3.75	50079	0.015	0.010	0.348	-0.022	-0.007	6.175
5.186	0.019	0.009	0.138	0.09	0.40	0.53	-7.49	2.03	3.09	52196	0.016	0.010	0.351	-0.022	-0.007	6.158
5.195	0.020	0.009	0.140	-0.01	0.38	0.56	-5.68	0.45	2.87	52086	0.016	0.009	0.354	-0.022	-0.007	6.142
5.206	0.020	0.008	0.142	-0.05	0.38	0.59	-4.59	-2.08	3.40	51959	0.016	0.009	0.358	-0.021	-0.007	6.126
5.216	0.021	0.009	0.143	-0.13	0.37	0.62	-2.97	-4.44	2.53	51836	0.017	0.009	0.361	-0.021	-0.007	6.109
5.221	0.020	0.008	0.145	-0.16	0.44	0.65	-2.31	-5.78	2.29	51965	0.017	0.008	0.364	-0.021	-0.007	6.093
5.236	0.020	0.008	0.148	-0.18	0.49	0.68	-1.57	-7.42	1.68	51821	0.017	0.008	0.367	-0.021	-0.007	6.076
5.246	0.021	0.008	0.150	-0.20	0.56	0.69	-1.16	-7.77	1.78	51659	0.018	0.007	0.371	-0.021	-0.007	6.059
5.255	0.021	0.008	0.151	-0.21	0.64	0.71	-1.11	-8.35	1.81	51493	0.018	0.007	0.374	-0.021	-0.007	6.042
5.263	0.021	0.007	0.153	-0.23	0.72	0.73	-0.78	-7.68	2.36	51648	0.018	0.007	0.377	-0.020	-0.007	6.025
5.275	0.021	0.007	0.156	-0.24	0.80	0.75	-1.03	-6.80	2.08	51491	0.019	0.006	0.380	-0.020	-0.007	6.008
5.284	0.021	0.007	0.158	-0.24	0.87	0.77	-1.75	-4.19	2.13	51327	0.019	0.006	0.384	-0.020	-0.007	5.991
5.296	0.022	0.006	0.160	-0.26	0.92	0.80	-2.04	-1.99	2.36	51149	0.019	0.006	0.387	-0.020	-0.007	5.974
5.305	0.024	0.009	0.163	-0.38	0.86	0.81	-2.99	-0.14	2.80	50967	0.020	0.006	0.391	-0.020	-0.007	5.957
5.315	0.025	0.008	0.166	-0.38	0.86	0.84	-4.95	2.30	2.54	50714	0.021	0.006	0.394	-0.020	-0.006	5.939
5.325	0.025	0.008	0.169	-0.42	0.84	0.86	-5.10	3.42	2.77	50533	0.021	0.006	0.398	-0.020	-0.006	5.922
5.336	0.025	0.008	0.171	-0.47	0.81	0.89	-3.81	4.46	2.73	50355	0.022	0.006	0.401	-0.019	-0.006	5.905
5.347	0.025	0.008	0.175	-0.52	0.79	0.92	-2.95	4.97	3.02	50170	0.022	0.006	0.405	-0.019	-0.006	5.887
5.355	0.026	0.008	0.177	-0.56	0.71	0.95	-1.07	4.16	3.24	49929	0.023	0.006	0.408	-0.019	-0.006	5.870
5.366	0.026	0.007	0.180	-0.57	0.67	0.98	0.99	3.77	3.52	49751	0.023	0.006	0.412	-0.019	-0.006	5.852
5.375	0.027	0.007	0.183	-0.57	0.61	1.01	2.53	2.95	3.24	49569	0.024	0.005	0.415	-0.019	-0.006	5.834
5.384	0.025	0.007	0.186	-0.55	0.63	1.05	2.88	1.74	2.88	49391	0.024	0.005	0.419	-0.019	-0.006	5.817
5.394	0.025	0.007	0.188	-0.52	0.61	1.07	2.92	1.42	2.71	51282	0.024	0.005	0.422	-0.019	-0.006	5.799
5.406	0.024	0.007	0.191	-0.50	0.63	1.10	2.95	0.56	2.46	51361	0.024	0.005	0.426	-0.019	-0.006	5.781
5.415	0.025	0.007	0.194	-0.47	0.60	1.13	2.83	-0.48	2.65	51227	0.025	0.005	0.429	-0.019	-0.005	5.763
5.422	0.026	0.009	0.197	-0.49	0.56	1.15	1.68	-1.61	2.54	51076	0.025	0.006	0.433	-0.019	-0.005	5.745
5.433	0.029	-0.002	0.200	-0.18	0.51	1.17	1.26	-1.35	2.39	50926	0.026	0.004	0.436	-0.018	-0.006	5.727
5.444	0.030	-0.002	0.203	-0.17	0.51	1.19	1.12	-0.95	2.64	50741	0.026	0.003	0.440	-0.018	-0.006	5.709
5.455	0.029	-0.002	0.206	-0.17	0.54	1.22	0.80	-0.81	2.45	50589	0.027	0.003	0.444	-0.018	-0.006	5.691
5.465	0.030	-0.002	0.209	-0.17	0.54	1.24	0.05	-0.12	2.47	50437	0.027	0.002	0.448	-0.018	-0.006	5.673
5.472	0.030	-0.003	0.212	-0.16	0.55	1.27	-1.09	0.18	2.46	50264	0.028	0.001	0.451	-0.018	-0.007	5.655
5.484	0.031	-0.003	0.215	-0.18	0.52	1.29	-2.06	0.52	1.73	50090	0.029	0.000	0.455	-0.018	-0.007	5.637
5.494	0.030	-0.004	0.218	-0.18	0.54	1.31	-2.39	0.95	1.50	49922	0.029	-0.000	0.459	-0.018	-0.007	5.619
5.506	0.031	-0.004	0.222	-0.21	0.53	1.33	-2.69	1.08	1.27	49761	0.029	-0.001	0.462	-0.018	-0.007	5.600
5.515	0.031	-0.004	0.225	-0.25	0.50	1.34	-2.91	0.44	0.98	49587	0.030	-0.002	0.466	-0.018	-0.007	5.582
5.524	0.031	-0.004	0.230	-0.28	0.50	1.35	-3.06	-0.18	0.99	49413	0.030	-0.002	0.470	-0.018	-0.007	5.564
5.534	0.031	-0.004	0.233	-0.31	0.50	1.36	-3.38	0.00	0.61	48951	0.031	-0.003	0.474	-0.017	-0.007	5.546
5.545	0.035	-0.000	0.236	-0.45	0.42	1.37	-3.43	-0.62	0.36	48782	0.032	-0.003	0.478	-0.017	-0.007	5.527
5.557	0.035	-0.000	0.240	-0.48	0.42	1.38	-2.52	-0.26	0.38	48617	0.032	-0.003	0.482	-0.017	-0.007	5.509
5.564	0.035	-0.001	0.243	-0.51	0.43	1.38	-2.84	0.70	0.44	48441	0.033	-0.003	0.485	-0.017	-0.007	5.491
5.575	0.035	-0.001	0.247	-0.53	0.43	1.39	-0.91	-0.38	0.20	48287	0.033	-0.003	0.489	-0.017	-0.007	5.472
5.585	0.034	-0.001	0.250	-0.55	0.45	1.39	0.32	0.42	0.05	48119	0.034	-0.003	0.493	-0.017	-0.007	5.454
5.598	0.034	-0.002	0.254	-0.54	0.46	1.39	2.01	0.24	-0.55	47953	0.034	-0.003	0.496	-0.017	-0.007	5.435
5.606	0.034	-0.002	0.257	-0.53	0.46	1.38	3.63	-0.31	-0.51	49886	0.034	-0.003	0.500	-0.017	-0.007	5.417
5.615	0.034	-0.001	0.260	-0.50	0.46	1.38	4.95	0.47	-0.49	49753	0.035	-0.003	0.504	-0.017	-0.007	5.399
5.625	0.034	-0.001	0.264	-0.46	0.46	1.37	5.91	-0.60	-1.13	49691	0.035	-0.003	0.507	-0.017	-0.007	5.380
5.635	0.033	-0.000	0.267	-0.43	0.48	1.36	5.80	-0.29	-1.78	49566	0.035	-0.003	0.511	-0.017	-0.006	5.362
5.645	0.032	0.000	0.270	-0.39	0.50	1.35	6.11	-0.57	-1.71	49438	0.035	-0.002	0.514	-0.017	-0.006	5.343
5.655	0.030	0.001	0.273	-0.34	0.55	1.33	4.79	0.95	-2.57	49293	0.035	-0.002	0.518	-0.018	-0.006	5.325
5.666	0.035	0.001	0.277	-0.29	0.45	1.31	4.02	1.33	-2.37	49291	0.035	-0.002	0.521	-0.018	-0.006	5.306
5.675	0.036	0.001	0.280	-0.24	0.41	1.28	3.31	1.91	-1.81	49155	0.036	-0.002	0.525	-0.018	-0.006	5.287
5.684	0.035	0.001	0.284	-0.20	0.42	1.26	3.02	2.63	-1.52	49021	0.036	-0.001	0.529	-0.018	-0.006	5.269
5.693	0.027	-0.003	0.285	-0.10	0.55	1.24	2.02	1.99	-1.97	48868	0.035	-0.002	0.532	-0.018	-0.006	5.250
5.705	0.027	-0.004	0.288	-0.07	0.53	1.22	2.42	1.77	-1.59	49133	0.035	-0.002	0.535	-0.018	-0.006	5.231
5.716	0.027	-0.004	0.291	-0.05	0.51	1.20	2.23	1.17	-2.29	48997	0.034	-0.002	0.538	-0.019	-0.006	5.213
5.723	0.026	-0.003	0.295	-0.03	0.51	1.18	2.37	2.17	-2.75	48867	0.033	-0.003	0.541	-0.019	-0.006	5.194
5.735	0.025	-0.003	0.298	-0.01	0.49	1.15	1.82	2.45	-3.33	48732	0.033	-0.003	0.545	-0.020	-0.006	5.175
5.746	0.025	-0.004	0.298	0.01	0.47	1.12	1.25	3.62	-3.32	48584	0.032	-0.003	0.547	-0.020	-0.006	5.156
5.751	0.025	-0.004	0.301	0.02	0.43	1.09	0.42	5.02	-3.23	49144	0.031	-0.003	0.550	-0.020	-0.006	5.137
5.765	0.025	-0.003	0.304	0.02	0.38	1.06	-0.97	7.30	-3.33	49033	0.031	-0.003	0.553	-0.021	-0.006	5.119
5.775	0.024	-0.003	0.307	0.01	0.31	1.03	-1.03	8.13	-3.16	48918	0.030	-0.003	0.556	-0.021	-0.006	5.100
5.784	0.022	-0.003	0.311	-0.01	0.27	0.99	-1.91	10.17	-3.11	48791	0.030	-0.003	0.559	-0.021	-0.006	5.081
5.794	0.023	-0.004	0.314	-0.00	0.14	0.96	-2.17	10.37	-2.85	48554	0.029	-0.004	0.562	-0.022	-0.006	5.062
5.804	0.025	-0.002	0.318	-0.06	0.00	0.94	-2.60	11.00	-2.89	50496	0.029	-0.004	0.565	-0.022	-0.006	5.043
5.816	0.025	-0.002	0.321	-0.08	-0.11	0.91	-2.55	10.25	-2.78	50401	0.029	-0.003	0.568	-0.022	-0.006	5.025
5.826	0.017	-0.002	0.324	-0.11	-0.09	0.87	-1.86	9.26	-3.24	50306	0.028	-0.003	0.571	-0.022	-0.006	5.006
5.833	0.017	-0.002	0.327	-0.13	-0.18	0.84	-0.73	7.87	-3.15	50443	0.026	-0.003	0.574	-0.023	-0.006	4.987
5.845	0.016	-0.002	0.330	-0.14	-0.26	0.81	0.33	6.30	-3.39	50327	0.025	-0.003	0.577	-0.023	-0.006	4.969
5.855	0.015	-0.002	0.334	-0.14	-0.32	0.78	1.23	5.09	-3.49	50204	0.024	-0.003	0.580	-0.024	-0.006	4.950
5.866	0.015	-0.002	0.337	-0.13	-0.38	0.75	2.16	4.13	-3.51	50079	0.023	-0.003	0.584	-0.024	-0.006	4.931
5.875	0.015	-0.002	0.339	-0.11	-0.42	0.71	3.36	3.65	-3.78	49933	0.023	-0.003	0.587	-0.025	-0.006	4.912
5.885	0.015	-0.003	0.342	-0.07	-0.47	0.67	3.84	3.66	-3.54	49989	0.022	-0.003	0.590	-0.025	-0.006	4.894
5.895	0.014	-0.000	0.345	-0.07	-0.50	0.64	4.25	4.60	-3.94	49844	0.021	-0.003	0.593	-0.025	-0.005	4.875
5.907	0.013	-0.000	0.349	-0.03	-0.55	0.60	3.29	4.92	-4.37	49701	0.020	-0.003	0.596	-0.026	-0.005	4.856
5.916	0.013	-0.000	0.352	0.01	-0.60	0.56	2.43	5.72	-4.26	49550	0.019	-0.002	0.599	-0.026	-0.005	4.837
5.926	0.013	-0.000	0.355	0.04	-0.65	0.51	1.68	5.58	-4.18	49380	0.019	-0.002	0.603	-0.026	-0.005	4.818
5.934	0.015	-0.000	0.358	0.06	-0.74	0.47	0.93	4.85	-3.99	49228	0.018	-0.002	0.606	-0.027	-0.005	4.800
5.942	0.013	0.000	0.362	0.06	-0.77	0.43	0.29	5.01	-3.29	49073	0.017	-0.002	0.609	-0.027	-0.005	4.781
5.954	0.009	0.000	0.365	0.06	-0.77	0.40	-0.33	4.44	-3.00	48929	0.016	-0.002	0.612	-0.027	-0.005	4.762
5.964	0.008	0.000	0.369	0.06	-0.82	0.37	-1.35	3.76	-2.99	48783	0.015	-0.002	0.615	-0.027	-0.005	4.744
5.975	0.008	0.000	0.373	0.05	-0.86	0.34	-0.91	2.65	-2.63	48419	0.014	-0.001	0.619	-0.028	-0.005	4.725
5.984	0.007	0.000	0.376	0.04	-0.87	0.31	-1.33	1.57	-3.13	48252	0.013	-0.001	0.622	-0.028	-0.005	4.706
5.994	0.006	0.000	0.379	0.03	-0.89	0.28	-1.24	1.05	-3.27	48103	0.012	-0.001	0.625	-0.028	-0.005	4.688
6.006	0.006	0.000	0.385	0.01	-0.91	0.25	-0.61	1.10	-3.70	47954	0.012	-0.001	0.629	-0.029	-0.004	4.669
6.010	0.005	0.000	0.388	0.01	-0.91	0.22	0.40	0.07	-2.78	47425	0.011	-0.001	0.632	-0.029	-0.004	4.651
6.025	0.005	0.000	0.392	0.00	-0.92	0.18	0.93	-0.03	-3.05	47260	0.010	-0.001	0.635	-0.029	-0.004	4.632
6.035	0.004	0.000	0.395	0.01	-0.92	0.15	1.74	0.05	-3.16	47111	0.009	-0.001	0.639	-0.030	-0.004	4.614
6.041	0.004	-0.001	0.399	0.04	-0.92	0.12	1.78	-0.34	-2.79	46981	0.008	-0.001	0.642	-0.030	-0.004	4.595
6.052	0.004	-0.001	0.401	0.06	-0.92	0.10	1.69	-0.38	-2.79	46856	0.007	-0.001	0.645	-0.030	-0.004	4.577
6.063	0.004	-0.002	0.404	0.09	-0.92	0.07	2.19	-1.19	-1.80	46964	0.007	-0.001	0.648	-0.030	-0.004	4.558
6.075	0.004	-0.002	0.408	0.11	-0.91	0.05	1.13	0.18	-1.38	46841	0.006	-0.001	0.650	-0.030	-0.004	4.540
6.086	0.004	-0.002	0.411	0.13	-0.91	0.03	-0.24	-0.14	-1.38	46747	0.006	-0.002	0.653	-0.030	-0.004	4.522
6.091	0.003	-0.002	0.415	0.13	-0.91	0.02	-0.43	0.17	-1.54	46655	0.005	-0.002	0.656	-0.030	-0.004	4.503
6.102	0.003	-0.002	0.419	0.12	-0.91	0.00	-2.01	0.33	-1.87	46380	0.005	-0.002	0.659	-0.030	-0.004	4.485
6.116	0.003	-0.002	0.422	0.10	-0.91	-0.01	-2.15	0.15	-1.60	46290	0.004	-0.002	0.662	-0.030	-0.004	4.467
6.125	0.003	-0.004	0.425	0.11	-0.92	-0.03	-2.78	0.22	-1.80	46219	0.004	-0.002	0.665	-0.030	-0.005	4.449
6.136	0.002	-0.004	0.431	0.08	-0.90	-0.05	-2.66	-0.23	-1.46	46141	0.003	-0.002	0.668	-0.030	-0.005	4.431
6.142	0.002	-0.003	0.434	0.05	-0.91	-0.06	-2.36	-1.65	-1.55	45622	0.003	-0.003	0.671	-0.030	-0.005	4.413
6.154	0.002	-0.004	0.438	0.03	-0.90	-0.08	-1.08	-0.22	-1.57	45541	0.002	-0.003	0.674	-0.030	-0.005	4.395
6.166	0.006	-0.001	0.441	-0.02	-0.94	-0.09	-0.83	-1.81	-1.89	45475	0.002	-0.003	0.676	-0.030	-0.005	4.377
6.175	0.007	0.004	0.444	-0.08	-0.93	-0.12	0.28	-2.27	-1.79	45399	0.002	-0.002	0.679	-0.030	-0.004	4.359
6.185	0.007	0.004	0.450	-0.09	-0.91	-0.13	0.71	-3.24	-1.51	45335	0.003	-0.001	0.682	-0.030	-0.004	4.342
6.193	0.006	0.004	0.453	-0.08	-0.87	-0.15	1.31	-4.40	-1.50	44821	0.003	-0.001	0.685	-0.030	-0.004	4.324
6.204	0.006	0.004	0.457	-0.06	-0.82	-0.16	2.38	-5.06	-1.03	44767	0.003	-0.000	0.688	-0.029	-0.004	4.307
6.216	0.007	0.003	0.460	-0.03	-0.79	-0.18	2.84	-5.17	-0.89	44714	0.003	0.000	0.691	-0.029	-0.003	4.289
6.225	0.004	-0.003	0.465	0.07	-0.69	-0.18	2.69	-5.66	-1.49	44672	0.002	-0.000	0.694	-0.029	-0.004	4.272
6.235	0.002	-0.004	0.468	0.10	-0.62	-0.20	3.58	-5.71	-0.71	44301	0.002	-0.001	0.696	-0.029	-0.004	4.255
6.245	0.002	-0.010	0.471	0.21	-0.56	-0.20	3.05	-5.18	-1.20	44266	0.001	-0.002	0.699	-0.029	-0.004	4.237
6.255	0.002	-0.011	0.475	0.25	-0.50	-0.21	2.75	-5.39	-1.35	44249	0.001	-0.003	0.702	-0.029	-0.004	4.220
6.261	0.002	-0.011	0.478	0.27	-0.45	-0.23	1.26	-5.46	-0.34	44251	0.001	-0.004	0.704	-0.029	-0.005	4.203
6.275	0.002	-0.012	0.481	0.30	-0.40	-0.23	-0.34	-4.12	-1.64	44257	0.000	-0.005	0.706	-0.029	-0.005	4.186
6.285	0.002	-0.011	0.484	0.29	-0.35	-0.24	-1.48	-4.24	0.19	44166	0.000	-0.006	0.709	-0.029	-0.005	4.169
6.296	0.002	-0.011	0.487	0.28	-0.31	-0.25	-2.84	-2.58	-0.38	44190	-0.000	-0.007	0.711	-0.029	-0.006	4.152
6.306	0.002	-0.011	0.490	0.26	-0.28	-0.25	-4.72	-2.69	-0.11	44212	-0.000	-0.008	0.713	-0.029	-0.006	4.135
6.311	0.002	-0.012	0.493	0.21	-0.25	-0.25	-5.66	-2.51	0.51	44243	-0.001	-0.008	0.715	-0.029	-0.006	4.118
6.325	0.002	-0.012	0.496	0.16	-0.22	-0.24	-5.77	-2.64	0.68	44177	-0.001	-0.009	0.717	-0.028	-0.006	4.101
6.334	0.002	-0.013	0.498	0.10	-0.19	-0.24	-6.52	-2.45	0.88	44204	-0.001	-0.009	0.719	-0.028	-0.006	4.084
6.344	0.002	-0.012	0.501	0.03	-0.18	-0.23	-5.69	-1.59	0.80	44249	-0.001	-0.010	0.721	-0.028	-0.006	4.068
6.352	0.002	-0.014	0.504	-0.00	-0.16	-0.22	-5.10	-1.29	0.94	44292	-0.001	-0.011	0.723	-0.028	-0.007	4.051
6.365	0.001	-0.014	0.507	-0.06	-0.13	-0.21	-4.24	-1.39	1.07	44150	-0.001	-0.011	0.724	-0.028	-0.007	4.035
6.375	0.001	-0.014	0.509	-0.10	-0.11	-0.20	-3.12	-0.92	0.88	44203	-0.001	-0.012	0.726	-0.028	-0.007	4.018
6.385	0.002	-0.014	0.512	-0.14	-0.11	-0.19	-2.92	0.14	0.62	44250	-0.001	-0.012	0.728	-0.028	-0.007	4.002
6.392	0.002	-0.014	0.514	-0.17	-0.11	-0.18	-2.43	0.28	0.57	44299	-0.002	-0.013	0.729	-0.027	-0.007	3.986
6.403	0.003	-0.014	0.515	-0.20	-0.13	-0.18	-2.91	1.21	0.54	44362	-0.001	-0.013	0.730	-0.027	-0.007	3.969
6.414	0.003	-0.015	0.517	-0.22	-0.14	-0.17	-2.06	1.18	0.66	44637	-0.001	-0.014	0.732	-0.027	-0.007	3.953
6.425	0.003	-0.015	0.519	-0.25	-0.14	-0.16	-1.21	1.21	1.03	44700	-0.001	-0.014	0.733	-0.027	-0.007	3.937
6.434	0.003	-0.015	0.521	-0.26	-0.15	-0.15	-1.27	1.69	0.74	44768	-0.001	-0.014	0.734	-0.026	-0.007	3.921
6.445	0.002	-0.015	0.524	-0.28	-0.16	-0.14	-0.36	1.22	0.84	44829	-0.001	-0.015	0.735	-0.026	-0.007	3.905
6.454	0.003	-0.015	0.525	-0.29	-0.18	-0.14	0.02	0.84	0.43	44736	-0.001	-0.015	0.736	-0.026	-0.007	3.889
6.464	0.003	-0.014	0.527	-0.29	-0.19	-0.13	0.45	0.06	0.33	44812	-0.001	-0.015	0.737	-0.026	-0.007	3.873
6.473	0.003	-0.015	0.529	-0.28	-0.18	-0.12	1.84	-1.36	1.14	44889	-0.001	-0.015	0.738	-0.026	-0.007	3.857
6.485	0.005	-0.014	0.530	-0.28	-0.19	-0.11	1.71	-2.14	1.25	44979	-0.001	-0.015	0.739	-0.025	-0.007	3.841
6.494	0.001	-0.014	0.530	-0.27	-0.14	-0.10	1.32	-1.90	0.68	45068	-0.001	-0.015	0.739	-0.025	-0.007	3.825
6.502	0.004	-0.013	0.532	-0.27	-0.15	-0.09	1.39	-1.95	1.17	45452	-0.001	-0.015	0.740	-0.025	-0.007	3.809
6.512	0.003	-0.015	0.533	-0.23	-0.11	-0.08	1.60	-2.99	1.61	45552	-0.001	-0.015	0.740	-0.025	-0.007	3.794
6.523	0.004	-0.012	0.534	-0.25	-0.09	-0.06	0.52	-1.73	0.52	45650	-0.001	-0.015	0.741	-0.025	-0.007	3.778
6.536	0.004	-0.011	0.535	-0.25	-0.07	-0.06	0.22	-1.04	0.16	45738	-0.001	-0.015	0.741	-0.024	-0.007	3.762
6.543	0.004	-0.009	0.536	-0.27	-0.05	-0.06	0.12	-0.34	1.00	46007	-0.001	-0.014	0.741	-0.024	-0.006	3.747
6.554	0.003	-0.010	0.537	-0.25	-0.04	-0.05	0.67	-0.99	1.60	46097	-0.001	-0.014	0.742	-0.024	-0.006	3.731
6.564	0.002	-0.011	0.538	-0.24	-0.02	-0.04	-0.73	-0.09	-0.06	46178	-0.001	-0.014	0.742	-0.024	-0.006	3.716
6.575	0.003	-0.008	0.538	-0.27	-0.02	-0.03	1.36	-0.51	0.17	46271	-0.001	-0.013	0.742	-0.024	-0.006	3.700
6.585	0.004	-0.011	0.538	-0.23	-0.02	-0.03	1.50	0.74	0.17	46534	-0.001	-0.013	0.742	-0.023	-0.006	3.685
6.594	0.001	-0.008	0.539	-0.25	-0.00	-0.03	2.87	0.90	0.21	46610	-0.001	-0.013	0.742	-0.023	-0.005	3.669
6.604	0.004	-0.011	0.540	-0.20	-0.04	-0.03	2.91	1.43	0.26	46711	-0.001	-0.012	0.742	-0.023	-0.005	3.654
6.614	0.004	-0.010	0.541	-0.18	-0.05	-0.03	3.74	1.46	0.82	46794	-0.001	-0.012	0.742	-0.023	-0.005	3.639
6.627	0.004	-0.010	0.540	-0.15	-0.07	-0.02	3.54	0.59	1.07	46871	-0.000	-0.012	0.742	-0.023	-0.005	3.623
6.635	-0.000	-0.008	0.541	-0.12	-0.04	-0.02	4.12	1.04	1.17	47209	-0.001	-0.012	0.741	-0.023	-0.005	3.608
6.645	0.003	-0.009	0.541	-0.07	-0.08	-0.00	3.46	1.64	1.04	47297	-0.001	-0.012	0.741	-0.022	-0.005	3.593
6.655	0.004	-0.010	0.541	-0.02	-0.10	0.01	3.83	-0.37	0.92	47374	-0.001	-0.011	0.741	-0.022	-0.005	3.578
6.661	0.002	-0.009	0.540	0.01	-0.08	0.02	2.37	-0.39	0.97	47461	-0.001	-0.011	0.741	-0.022	-0.005	3.563
6.672	0.004	-0.010	0.540	0.04	-0.09	0.03	2.93	-0.54	0.75	47866	-0.000	-0.011	0.740	-0.022	-0.005	3.548
6.685	0.002	-0.009	0.541	0.06	-0.07	0.03	1.86	0.83	-0.51	47936	-0.001	-0.011	0.740	-0.022	-0.005	3.532
6.694	0.002	-0.009	0.541	0.08	-0.08	0.03	1.74	0.50	-0.46	48024	-0.001	-0.011	0.739	-0.021	-0.004	3.517
6.705	0.002	-0.009	0.541	0.10	-0.08	0.03	1.17	0.84	-0.67	48100	-0.001	-0.011	0.739	-0.021	-0.004	3.502
6.715	0.005	-0.011	0.541	0.13	-0.10	0.03	0.18	1.28	-0.53	48159	-0.000	-0.011	0.738	-0.021	-0.004	3.487
6.729	0.003	-0.010	0.541	0.12	-0.10	0.02	0.45	1.30	-1.32	48231	-0.000	-0.011	0.738	-0.021	-0.004	3.473
6.735	0.003	-0.010	0.541	0.13	-0.11	0.01	0.26	0.84	-1.24	48302	-0.000	-0.011	0.737	-0.021	-0.004	3.458
6.744	0.003	-0.009	0.541	0.12	-0.12	-0.01	0.39	1.80	-1.09	48346	-0.000	-0.010	0.737	-0.021	-0.004	3.443
6.755	0.004	-0.009	0.541	0.13	-0.15	-0.01	1.39	2.39	-1.41	48383	-0.000	-0.010	0.737	-0.020	-0.004	3.428
6.761	0.002	-0.009	0.541	0.14	-0.15	-0.03	1.61	1.91	-1.92	48469	-0.000	-0.010	0.736	-0.020	-0.004	3.413
6.774	0.002	-0.009	0.541	0.15	-0.17	-0.05	1.88	1.15	-1.74	48513	-0.001	-0.010	0.736	-0.020	-0.004	3.398
6.780	0.003	-0.008	0.541	0.17	-0.19	-0.06	2.32	-0.30	-2.04	48527	-0.000	-0.010	0.735	-0.020	-0.004	3.384
6.794	0.003	-0.008	0.542	0.19	-0.19	-0.08	2.16	-0.67	-1.86	48544	-0.000	-0.010	0.735	-0.020	-0.004	3.369
6.805	0.002	-0.003	0.542	0.18	-0.18	-0.11	1.77	-0.96	-1.80	48536	-0.000	-0.009	0.735	-0.020	-0.004	3.354
6.814	0.004	-0.006	0.542	0.22	-0.19	-0.12	0.65	-1.02	-2.26	48552	-0.000	-0.009	0.734	-0.019	-0.003	3.340
6.829	0.004	-0.004	0.542	0.22	-0.18	-0.15	-0.35	-1.24	-2.11	48564	-0.000	-0.008	0.734	-0.019	-0.003	3.325
6.835	-0.004	-0.004	0.542	0.22	-0.10	-0.17	-1.02	-1.20	-2.94	48575	-0.001	-0.008	0.734	-0.019	-0.003	3.311
6.845	0.005	-0.004	0.541	0.21	-0.16	-0.19	-0.75	-1.07	-2.87	48588	-0.001	-0.008	0.733	-0.019	-0.003	3.296
6.855	0.001	-0.003	0.541	0.19	-0.12	-0.22	-1.30	-1.24	-2.80	48807	-0.001	-0.007	0.732	-0.019	-0.003	3.282
6.861	0.001	-0.003	0.541	0.18	-0.11	-0.25	-1.31	0.36	-3.05	48809	-0.001	-0.007	0.732	-0.019	-0.002	3.267
6.875	0.005	-0.004	0.541	0.18	-0.14	-0.28	-0.21	-0.44	-3.34	48802	-0.001	-0.006	0.731	-0.018	-0.002	3.253
6.880	0.005	-0.004	0.539	0.17	-0.14	-0.31	-0.11	1.03	-3.70	48789	-0.000	-0.006	0.731	-0.018	-0.002	3.238
6.895	0.005	-0.003	0.539	0.16	-0.14	-0.35	1.02	0.99	-3.75	49047	0.000	-0.006	0.730	-0.018	-0.002	3.224
6.905	0.001	-0.003	0.539	0.17	-0.12	-0.39	1.21	0.46	-4.12	49050	-0.000	-0.005	0.729	-0.018	-0.002	3.209
6.914	0.006	-0.002	0.539	0.17	-0.16	-0.42	1.25	0.84	-3.36	49048	0.000	-0.005	0.729	-0.017	-0.002	3.195
6.920	0.006	-0.005	0.539	0.20	-0.16	-0.46	0.88	1.15	-3.29	49037	0.000	-0.005	0.728	-0.017	-0.002	3.180
6.932	0.006	-0.000	0.537	0.18	-0.17	-0.49	0.34	1.56	-3.72	49029	0.001	-0.005	0.727	-0.017	-0.001	3.166
6.945	0.006	-0.000	0.537	0.19	-0.19	-0.53	0.19	0.83	-3.56	49325	0.001	-0.004	0.727	-0.017	-0.001	3.152
6.954	0.002	0.004	0.537	0.16	-0.17	-0.57	0.12	-0.22	-3.66	49310	0.001	-0.003	0.726	-0.017	-0.001	3.137
6.961	0.000	0.004	0.537	0.16	-0.16	-0.60	-0.20	-0.70	-4.28	49289	0.000	-0.002	0.725	-0.017	-0.001	3.123
6.972	0.000	0.004	0.537	0.16	-0.15	-0.64	0.73	-1.21	-4.33	49270	-0.000	-0.002	0.725	-0.017	-0.000	3.109
6.984	-0.000	0.005	0.537	0.15	-0.14	-0.69	1.11	-2.63	-4.16	49267	-0.000	-0.001	0.724	-0.017	-0.000	3.095
6.994	-0.000	0.005	0.537	0.16	-0.12	-0.73	1.54	-2.96	-4.50	49243	-0.001	-0.000	0.723	-0.017	0.000	3.081
7.005	-0.000	0.004	0.537	0.19	-0.09	-0.77	1.31	-2.52	-4.76	49207	-0.001	0.000	0.723	-0.017	0.000	3.066
7.012	-0.000	0.004	0.537	0.21	-0.06	-0.82	0.65	-1.72	-4.55	49174	-0.001	0.001	0.722	-0.016	0.001	3.052
7.024	-0.000	0.004	0.537	0.21	-0.04	-0.87	0.46	-0.29	-4.45	49156	-0.002	0.001	0.722	-0.016	0.001	3.038
7.035	-0.000	0.004	0.537	0.22	-0.03	-0.91	-0.08	-0.12	-3.92	49132	-0.002	0.001	0.722	-0.016	0.001	3.024
7.040	-0.000	0.006	0.537	0.21	-0.03	-0.95	0.34	0.76	-3.20	49104	-0.002	0.002	0.721	-0.016	0.001	3.010
7.054	-0.002	0.004	0.537	0.22	-0.03	-0.98	-0.52	1.58	-3.11	49068	-0.002	0.002	0.721	-0.016	0.001	2.996
7.065	0.000	0.004	0.536	0.22	-0.05	-1.01	-0.09	3.91	-4.31	49022	-0.002	0.002	0.720	-0.016	0.001	2.983
7.074	-0.001	0.006	0.536	0.21	-0.08	-1.05	0.17	2.91	-3.90	49139	-0.003	0.003	0.720	-0.016	0.001	2.969
7.084	-0.001	0.006	0.537	0.21	-0.11	-1.09	0.09	3.10	-4.05	49094	-0.003	0.003	0.719	-0.016	0.002	2.955
7.096	-0.000	0.004	0.537	0.22	-0.14	-1.13	0.42	2.46	-3.99	49052	-0.003	0.003	0.719	-0.016	0.002	2.941
7.104	0.000	0.005	0.538	0.22	-0.17	-1.17	0.50	2.56	-3.96	49017	-0.003	0.003	0.719	-0.016	0.002	2.927
7.114	0.000	0.005	0.538	0.22	-0.20	-1.21	0.21	1.90	-4.04	48744	-0.003	0.004	0.718	-0.015	0.002	2.914
7.121	0.000	0.006	0.538	0.22	-0.22	-1.25	-0.25	0.71	-3.77	48689	-0.003	0.004	0.718	-0.015	0.002	2.900
7.132	0.000	0.006	0.539	0.22	-0.23	-1.29	-0.48	-0.54	-3.19	48638	-0.003	0.004	0.718	-0.015	0.002	2.886
7.145	0.000	0.006	0.539	0.22	-0.22	-1.32	-2.06	-0.10	-3.21	48581	-0.003	0.004	0.718	-0.015	0.002	2.873
7.154	0.000	0.006	0.539	0.20	-0.22	-1.35	-1.66	0.19	-3.15	48524	-0.003	0.004	0.717	-0.015	0.002	2.859
7.165	0.000	0.006	0.539	0.18	-0.23	-1.38	-1.94	-0.12	-2.91	48503	-0.003	0.005	0.717	-0.015	0.002	2.846
7.173	0.001	0.006	0.540	0.16	-0.23	-1.41	-1.73	-1.06	-3.22	48462	-0.003	0.005	0.717	-0.014	0.002	2.832
7.184	0.000	0.004	0.540	0.16	-0.22	-1.44	0.01	-1.19	-3.27	48408	-0.003	0.005	0.717	-0.014	0.002	2.819
7.195	0.000	0.004	0.541	0.15	-0.21	-1.47	0.88	-1.05	-2.78	48350	-0.003	0.004	0.717	-0.014	0.002	2.806
7.206	0.000	0.004	0.541	0.15	-0.19	-1.50	0.40	-2.20	-3.57	48266	-0.003	0.004	0.716	-0.014	0.002	2.792
7.213	0.000	0.006	0.541	0.15	-0.17	-1.53	0.12	-1.93	-2.74	48225	-0.003	0.005	0.716	-0.014	0.002	2.779
7.224	-0.000	0.004	0.542	0.16	-0.15	-1.57	0.73	-1.23	-2.74	48184	-0.003	0.004	0.716	-0.014	0.002	2.766
7.235	-0.000	0.004	0.543	0.17	-0.14	-1.59	0.88	-1.65	-2.12	48145	-0.003	0.004	0.716	-0.013	0.002	2.753
7.245	-0.000	0.006	0.544	0.17	-0.12	-1.62	1.01	-0.47	-2.43	47928	-0.003	0.004	0.716	-0.013	0.002	2.740
7.255	-0.000	0.011	0.544	0.15	-0.11	-1.64	1.20	-0.45	-2.39	47885	-0.003	0.005	0.716	-0.013	0.003	2.727
7.264	0.004	0.011	0.545	0.16	-0.13	-1.67	0.84	0.06	-2.61	47834	-0.003	0.006	0.716	-0.013	0.003	2.714
7.272	0.004	0.011	0.545	0.17	-0.13	-1.69	1.09	-0.53	-2.83	47796	-0.002	0.006	0.716	-0.013	0.003	2.701
7.282	0.003	0.007	0.544	0.20	-0.12	-1.72	1.87	-0.45	-2.76	47769	-0.002	0.006	0.715	-0.012	0.003	2.688
7.293	0.003	0.010	0.545	0.20	-0.12	-1.75	1.74	-1.40	-2.97	48006	-0.002	0.007	0.715	-0.012	0.003	2.675
7.304	0.003	0.010	0.545	0.21	-0.11	-1.77	1.76	-2.52	-2.15	47977	-0.001	0.007	0.715	-0.012	0.003	2.662
7.315	0.003	0.012	0.546	0.22	-0.09	-1.80	1.60	-2.29	-2.11	47952	-0.001	0.008	0.714	-0.012	0.004	2.649
7.322	0.003	0.012	0.547	0.23	-0.07	-1.82	0.89	-1.44	-1.77	47933	-0.001	0.008	0.714	-0.011	0.004	2.637
7.332	0.003	0.012	0.547	0.25	-0.05	-1.84	0.56	-1.93	-0.82	47771	-0.001	0.009	0.714	-0.011	0.004	2.624
7.344	0.003	0.012	0.548	0.25	-0.03	-1.85	-0.32	-0.69	-1.09	47757	-0.001	0.009	0.714	-0.011	0.004	2.611
7.355	0.004	0.012	0.548	0.26	-0.02	-1.86	-0.46	-0.76	-0.96	47747	-0.000	0.009	0.714	-0.011	0.004	2.599
7.364	0.004	0.012	0.549	0.25	-0.02	-1.87	0.21	-1.35	-0.96	47726	-0.000	0.010	0.714	-0.011	0.004	2.586
7.373	0.004	0.012	0.549	0.25	-0.01	-1.88	0.32	-0.45	-1.22	47698	-0.000	0.010	0.713	-0.010	0.004	2.574
7.384	0.004	0.012	0.549	0.25	0.00	-1.89	-0.35	-0.19	-1.40	47749	0.000	0.010	0.713	-0.010	0.005	2.561
7.395	0.004	0.012	0.550	0.25	0.00	-1.91	-0.19	-0.66	-1.31	47727	0.000	0.011	0.713	-0.010	0.005	2.549
7.405	0.004	0.013	0.550	0.25	0.01	-1.92	-0.36	-0.75	-1.40	47714	0.000	0.011	0.713	-0.010	0.005	2.537
7.415	0.006	0.012	0.549	0.25	0.01	-1.94	-0.03	-0.89	-1.35	47703	0.001	0.011	0.712	-0.010	0.005	2.524
7.422	0.006	0.012	0.549	0.25	0.02	-1.95	1.05	-1.47	-0.72	47998	0.001	0.011	0.712	-0.009	0.005	2.512
7.434	0.006	0.012	0.549	0.26	0.03	-1.96	1.92	-2.21	-0.31	47998	0.002	0.011	0.711	-0.009	0.005	2.500
7.443	0.007	0.013	0.550	0.27	0.05	-1.96	2.14	-3.19	-0.39	48000	0.002	0.011	0.711	-0.009	0.005	2.487
7.456	0.007	0.013	0.551	0.29	0.08	-1.96	1.59	-3.40	-0.94	48004	0.002	0.012	0.710	-0.009	0.005	2.475
7.464	0.007	0.013	0.552	0.31	0.11	-1.97	1.56	-2.67	-0.90	47803	0.003	0.012	0.710	-0.008	0.005	2.463
7.475	0.007	0.013	0.552	0.32	0.14	-1.98	1.03	-1.93	-1.42	47791	0.003	0.012	0.710	-0.008	0.005	2.451
7.484	0.009	0.012	0.552	0.33	0.15	-2.00	1.13	-1.71	-1.75	47779	0.003	0.012	0.710	-0.008	0.005	2.439
7.494	0.011	0.012	0.553	0.35	0.16	-2.01	0.41	-1.14	-1.87	47782	0.004	0.012	0.709	-0.008	0.005	2.427
7.505	0.011	0.012	0.553	0.36	0.17	-2.03	0.21	-0.47	-1.64	47799	0.005	0.012	0.709	-0.007	0.005	2.416
7.514	0.011	0.012	0.553	0.36	0.18	-2.05	-0.33	-0.16	-1.37	47794	0.005	0.012	0.709	-0.007	0.005	2.404
7.524	0.012	0.012	0.554	0.36	0.18	-2.06	-1.90	0.22	-1.61	47788	0.006	0.012	0.709	-0.007	0.005	2.392
7.531	0.012	0.012	0.554	0.35	0.18	-2.08	-3.35	-0.02	-1.03	47791	0.006	0.012	0.708	-0.006	0.005	2.380
7.542	0.012	0.012	0.553	0.31	0.18	-2.09	-4.44	0.66	-1.14	47799	0.007	0.012	0.708	-0.006	0.005	2.369
7.555	0.012	0.011	0.553	0.28	0.18	-2.10	-4.93	-0.12	-0.60	48034	0.007	0.011	0.707	-0.006	0.005	2.357
7.565	0.012	0.014	0.554	0.22	0.18	-2.11	-2.66	-0.82	-0.45	48046	0.008	0.012	0.707	-0.006	0.005	2.345
7.575	0.011	0.012	0.554	0.19	0.19	-2.11	-2.74	-2.96	-0.28	48065	0.008	0.012	0.706	-0.006	0.005	2.334
7.581	0.011	0.012	0.554	0.16	0.21	-2.12	-2.77	-1.82	-0.81	48075	0.008	0.012	0.706	-0.005	0.005	2.322
7.592	0.013	0.012	0.554	0.14	0.22	-2.12	-0.32	-2.54	-0.49	48072	0.008	0.012	0.706	-0.005	0.005	2.311
7.604	0.012	0.010	0.554	0.14	0.25	-2.13	-0.93	-1.23	-0.73	48158	0.009	0.011	0.705	-0.005	0.005	2.299
7.615	0.011	0.007	0.554	0.14	0.27	-2.14	0.38	-1.52	-0.30	48169	0.009	0.011	0.705	-0.005	0.005	2.288
7.623	0.011	0.010	0.554	0.13	0.29	-2.14	-0.78	-0.31	-0.91	48177	0.009	0.011	0.704	-0.005	0.005	2.276
7.634	0.011	0.008	0.555	0.13	0.30	-2.15	-0.46	0.31	-0.31	48185	0.009	0.010	0.704	-0.005	0.005	2.265
7.644	0.011	0.006	0.556	0.14	0.29	-2.15	-0.94	1.34	0.18	47999	0.009	0.009	0.703	-0.005	0.005	2.254
7.654	0.009	0.006	0.556	0.13	0.29	-2.15	-1.29	1.62	0.28	47984	0.009	0.009	0.703	-0.005	0.005	2.243
7.665	0.009	0.004	0.556	0.12	0.28	-2.15	-2.23	2.15	-0.16	47982	0.009	0.008	0.703	-0.005	0.004	2.232
7.674	0.009	0.003	0.556	0.11	0.26	-2.15	-2.56	1.90	-0.11	47983	0.009	0.008	0.702	-0.005	0.004	2.220
7.683	0.010	0.006	0.556	0.07	0.24	-2.15	-3.09	2.41	-0.18	48071	0.009	0.007	0.702	-0.005	0.004	2.209
7.694	0.006	0.004	0.556	0.04	0.24	-2.15	-3.74	2.27	-0.20	48066	0.009	0.007	0.702	-0.005	0.004	2.198
7.700	0.008	0.005	0.556	0.00	0.21	-2.15	-3.96	2.01	-0.17	48067	0.008	0.006	0.701	-0.005	0.004	2.187
7.714	0.006	0.001	0.557	-0.02	0.20	-2.15	-3.16	1.26	0.34	48070	0.008	0.006	0.701	-0.005	0.004	2.176
7.723	0.004	0.000	0.555	-0.05	0.20	-2.15	-2.62	0.71	0.28	48069	0.007	0.005	0.700	-0.005	0.003	2.165
7.734	0.004	-0.000	0.555	-0.08	0.19	-2.15	-2.61	-0.73	0.36	48432	0.007	0.004	0.699	-0.005	0.003	2.154
7.745	0.004	-0.000	0.555	-0.11	0.20	-2.15	-2.36	0.70	-0.11	48434	0.006	0.003	0.699	-0.005	0.003	2.144
7.750	0.004	-0.001	0.555	-0.13	0.19	-2.15	-1.36	1.01	-0.35	48436	0.006	0.003	0.698	-0.005	0.003	2.133
7.763	0.006	-0.000	0.555	-0.15	0.17	-2.15	-1.28	0.27	-0.32	48419	0.006	0.002	0.697	-0.005	0.003	2.122
7.774	0.006	-0.000	0.555	-0.16	0.17	-2.15	-0.30	1.53	-0.55	48410	0.006	0.002	0.697	-0.005	0.003	2.111
7.783	0.006	-0.001	0.555	-0.17	0.16	-2.16	-0.06	0.12	-0.12	48414	0.006	0.001	0.696	-0.005	0.003	2.100
7.793	0.006	-0.001	0.555	-0.17	0.15	-2.16	0.92	1.33	-0.33	48412	0.006	0.001	0.696	-0.005	0.002	2.090
7.804	0.004	-0.000	0.555	-0.17	0.15	-2.16	-0.91	1.13	-0.36	48399	0.006	0.001	0.695	-0.005	0.002	2.079
7.815	0.004	-0.001	0.554	-0.17	0.14	-2.17	-1.87	2.30	-0.58	48392	0.005	0.000	0.695	-0.005	0.002	2.068
7.824	0.004	-0.001	0.554	-0.19	0.12	-2.17	-2.17	1.87	-0.28	48656	0.005	-0.000	0.694	-0.005	0.002	2.058
7.833	0.004	-0.001	0.554	-0.21	0.10	-2.18	-4.57	3.04	0.00	48659	0.005	-0.000	0.693	-0.005	0.002	2.047
7.844	0.004	-0.001	0.554	-0.25	0.07	-2.18	-8.65	4.57	-0.06	48671	0.005	-0.001	0.692	-0.006	0.002	2.037
7.854	0.005	-0.000	0.554	-0.33	0.03	-2.18	-16.11	4.21	-0.17	48676	0.005	-0.001	0.692	-0.006	0.002	2.026
7.862	0.004	0.006	0.554	-0.52	-0.01	-2.18	-29.27	4.70	-0.25	48586	0.004	-0.000	0.691	-0.006	0.003	2.016
7.875	0.001	-0.008	0.554	-0.73	-0.04	-2.18	-40.95	3.16	-0.01	48581	0.004	-0.001	0.691	-0.006	0.002	2.006
7.883	0.001	-0.008	0.555	-1.13	-0.07	-2.18	-52.85	2.94	0.79	48582	0.003	-0.002	0.690	-0.006	0.002	1.995
7.890	0.002	-0.018	0.556	-1.59	-0.11	-2.18	-61.06	2.49	0.53	48573	0.003	-0.004	0.690	-0.006	0.001	1.985
7.901	0.002	-0.009	0.556	-2.25	-0.14	-2.17	-66.97	1.30	0.67	48377	0.003	-0.005	0.690	-0.006	0.001	1.975
7.913	0.002	-0.017	0.556	-2.87	-0.16	-2.16	-67.52	0.09	0.95	48378	0.003	-0.007	0.689	-0.006	0.001	1.965
7.925	-0.002	-0.006	0.556	-3.60	-0.13	-2.15	-63.72	-1.69	0.71	48362	0.002	-0.007	0.689	-0.006	0.001	1.955
7.933	0.002	-0.018	0.556	-4.18	-0.14	-2.15	-58.02	-2.60	0.45	48336	0.002	-0.008	0.689	-0.006	0.000	1.945
7.942	0.003	-0.017	0.556	-4.77	-0.13	-2.14	-48.47	-2.47	0.16	48297	0.002	-0.009	0.688	-0.006	-0.000	1.935
7.953	0.001	-0.014	0.557	-5.28	-0.09	-2.14	-38.66	-2.70	0.02	48184	0.002	-0.010	0.688	-0.006	-0.001	1.925
7.964	0.000	-0.011	0.557	-5.69	-0.06	-2.13	-25.82	-1.81	0.33	48144	0.001	-0.010	0.688	-0.006	-0.001	1.915
7.974	0.000	-0.015	0.557	-5.94	-0.04	-2.13	-15.72	-0.34	0.34	48110	0.001	-0.010	0.687	-0.006	-0.001	1.905
7.983	0.000	-0.015	0.559	-6.11	-0.04	-2.13	-6.93	0.36	0.79	48082	0.001	-0.011	0.687	-0.006	-0.001	1.895
7.993	0.000	-0.014	0.560	-6.19	-0.04	-2.12	0.66	1.33	0.71	47604	0.001	-0.011	0.687	-0.006	-0.001	1.886
8.004	0.001	-0.011	0.560	-6.21	-0.06	-2.11	5.39	0.74	1.52	47558	0.001	-0.010	0.687	-0.006	-0.001	1.876
8.015	0.001	-0.011	0.560	-6.16	-0.07	-2.10	7.89	1.73	1.21	47533	0.001	-0.010	0.687	-0.006	-0.001	1.866
8.024	0.001	-0.010	0.561	-6.09	-0.08	-2.09	8.40	1.18	0.92	47523	0.000	-0.009	0.687	-0.006	-0.001	1.857
8.033	0.001	-0.010	0.564	-6.00	-0.09	-2.08	7.81	-0.24	0.97	47518	0.000	-0.009	0.687	-0.006	-0.001	1.847
8.044	0.001	-0.010	0.565	-5.92	-0.09	-2.07	7.42	-1.56	1.25	46974	0.000	-0.008	0.688	-0.006	-0.001	1.838
8.050	0.001	-0.008	0.565	-5.85	-0.08	-2.06	5.66	-1.97	1.26	46964	0.000	-0.007	0.688	-0.006	-0.002	1.829
8.064	-0.000	-0.005	0.565	-5.80	-0.06	-2.04	4.57	-4.79	1.09	46950	0.000	-0.006	0.688	-0.006	-0.001	1.819
8.074	-0.001	0.002	0.566	-5.79	-0.01	-2.03	4.03	-7.00	1.01	46953	-0.000	-0.004	0.688	-0.006	-0.001	1.810
8.085	-0.001	0.003	0.567	-5.74	0.05	-2.01	2.20	-7.59	-0.35	46879	-0.000	-0.002	0.688	-0.006	-0.001	1.801
8.092	-0.003	0.004	0.567	-5.71	0.14	-2.01	2.49	-8.64	-0.51	46880	-0.001	-0.000	0.688	-0.006	-0.001	1.792
8.103	-0.006	0.004	0.568	-5.68	0.24	-2.00	4.56	-8.03	-0.34	46873	-0.001	0.002	0.688	-0.007	-0.001	1.783
8.113	-0.007	0.019	0.568	-5.70	0.33	-2.00	5.54	-7.91	-0.25	46873	-0.002	0.005	0.687	-0.007	0.000	1.774
8.124	-0.004	0.018	0.568	-5.63	0.38	-1.99	8.78	-5.46	-0.31	46892	-0.002	0.008	0.687	-0.007	0.001	1.765
8.134	-0.004	0.025	0.569	-5.57	0.45	-1.99	10.89	-3.99	-0.13	46908	-0.003	0.012	0.687	-0.007	0.001	1.756
8.142	-0.004	0.027	0.569	-5.46	0.49	-1.98	14.22	-1.63	-0.04	46948	-0.003	0.015	0.687	-0.007	0.002	1.747
8.151	-0.004	0.031	0.569	-5.33	0.51	-1.98	18.28	-0.65	0.79	46972	-0.003	0.019	0.686	-0.007	0.003	1.738
8.162	-0.006	0.036	0.569	-5.17	0.52	-1.97	22.47	0.75	0.56	46986	-0.004	0.023	0.686	-0.007	0.003	1.729
8.173	-0.008	0.040	0.569	-4.96	0.53	-1.97	24.65	1.50	0.29	47140	-0.004	0.027	0.686	-0.008	0.004	1.720
8.184	-0.008	0.038	0.570	-4.69	0.51	-1.97	26.63	0.31	0.18	47172	-0.005	0.030	0.685	-0.008	0.004	1.711
8.194	-0.008	0.040	0.570	-4.43	0.50	-1.97	28.24	0.71	0.26	47204	-0.005	0.034	0.685	-0.008	0.005	1.703
8.203	-0.007	0.054	0.570	-4.21	0.49	-1.97	28.44	-1.64	0.44	47225	-0.005	0.038	0.684	-0.008	0.005	1.694
8.213	-0.005	0.060	0.570	-3.94	0.49	-1.96	26.68	-2.36	0.37	47181	-0.005	0.043	0.684	-0.008	0.006	1.685
8.223	-0.005	0.063	0.571	-3.67	0.52	-1.96	26.28	-3.55	0.77	47228	-0.005	0.048	0.683	-0.008	0.007	1.677
8.233	-0.004	0.067	0.571	-3.41	0.54	-1.95	24.10	-2.52	0.51	47269	-0.005	0.053	0.683	-0.008	0.008	1.668
8.245	-0.006	0.061	0.571	-3.12	0.58	-1.94	22.44	-4.00	0.76	47311	-0.005	0.056	0.683	-0.008	0.008	1.660
8.254	-0.003	0.067	0.570	-2.91	0.59	-1.93	20.98	-4.95	1.08	47341	-0.005	0.060	0.682	-0.008	0.008	1.651
8.265	-0.003	0.071	0.570	-2.70	0.64	-1.92	20.02	-3.72	1.46	47517	-0.005	0.064	0.681	-0.008	0.009	1.643
8.270	-0.003	0.076	0.570	-2.51	0.68	-1.91	18.33	-4.47	0.89	47552	-0.004	0.068	0.681	-0.008	0.009	1.635
8.284	-0.004	0.079	0.570	-2.33	0.73	-1.89	17.54	-4.50	1.13	47596	-0.004	0.072	0.680	-0.008	0.009	1.626
8.293	-0.005	0.078	0.571	-2.13	0.78	-1.88	17.50	-4.60	1.02	47638	-0.004	0.076	0.680	-0.008	0.010	1.618
8.300	-0.005	0.078	0.571	-1.94	0.82	-1.87	17.61	-3.60	0.76	47635	-0.004	0.079	0.679	-0.008	0.010	1.610
8.312	-0.007	0.085	0.571	-1.78	0.87	-1.86	17.11	-3.76	0.93	47675	-0.004	0.082	0.678	-0.008	0.010	1.602
8.325	-0.009	0.088	0.571	-1.61	0.92	-1.85	17.59	-2.41	0.73	47698	-0.005	0.086	0.678	-0.008	0.010	1.594
8.333	-0.007	0.093	0.571	-1.45	0.93	-1.84	16.62	-1.80	0.02	47714	-0.005	0.090	0.677	-0.008	0.010	1.585
8.344	-0.007	0.096	0.571	-1.28	0.95	-1.84	16.33	-0.30	0.27	47633	-0.005	0.093	0.677	-0.008	0.010	1.577
8.351	-0.009	0.105	0.571	-1.14	0.96	-1.84	15.96	-0.45	1.08	47670	-0.006	0.098	0.676	-0.008	0.010	1.569
8.365	-0.007	0.106	0.571	-0.97	0.95	-1.83	15.15	0.97	0.67	47707	-0.006	0.102	0.676	-0.008	0.011	1.561
8.370	-0.006	0.110	0.571	-0.82	0.94	-1.82	16.63	-1.51	0.97	47749	-0.005	0.106	0.675	-0.009	0.011	1.554
8.381	-0.010	0.106	0.572	-0.61	0.97	-1.82	15.37	-2.09	0.64	47776	-0.006	0.109	0.675	-0.009	0.011	1.546
8.393	-0.008	0.114	0.572	-0.48	0.98	-1.81	15.26	-3.52	0.21	47535	-0.006	0.112	0.675	-0.009	0.011	1.538
8.404	-0.009	0.118	0.572	-0.32	1.01	-1.80	14.39	-4.44	0.63	47546	-0.006	0.116	0.674	-0.009	0.011	1.530
8.410	-0.007	0.117	0.572	-0.16	1.04	-1.80	13.21	-3.86	0.68	47565	-0.006	0.119	0.674	-0.009	0.011	1.523
8.421	-0.009	0.123	0.572	-0.03	1.09	-1.79	10.34	-4.14	0.60	47576	-0.006	0.123	0.673	-0.009	0.011	1.515
8.434	-0.010	0.121	0.572	0.10	1.13	-1.78	8.15	-3.22	1.07	47521	-0.006	0.126	0.673	-0.009	0.011	1.507
8.443	-0.008	0.129	0.572	0.17	1.15	-1.77	7.97	-0.97	1.16	47534	-0.006	0.129	0.673	-0.009	0.011	1.500
8.451	-0.008	0.130	0.572	0.26	1.16	-1.76	5.62	-1.74	1.50	47545	-0.006	0.132	0.672	-0.010	0.010	1.492
8.468	-0.007	0.138	0.571	0.30	1.17	-1.74	5.60	0.90	1.28	47575	-0.006	0.136	0.671	-0.010	0.011	1.484
8.474	-0.008	0.135	0.571	0.38	1.17	-1.73	4.43	0.93	1.27	47611	-0.006	0.139	0.671	-0.010	0.010	1.477
8.483	-0.008	0.142	0.571	0.41	1.16	-1.72	5.66	0.17	1.83	47794	-0.006	0.142	0.670	-0.010	0.010	1.469
8.494	-0.008	0.145	0.571	0.47	1.16	-1.70	4.73	0.99	1.44	47809	-0.006	0.146	0.669	-0.010	0.010	1.462
8.513	-0.008	0.154	0.571	0.49	1.14	-1.69	5.17	0.80	1.77	47823	-0.006	0.150	0.669	-0.010	0.011	1.455
8.521	-0.008	0.157	0.570	0.53	1.13	-1.67	3.51	0.87	1.50	47835	-0.006	0.154	0.668	-0.010	0.011	1.447
8.523	-0.008	0.162	0.570	0.56	1.12	-1.65	3.17	-0.09	1.21	47905	-0.006	0.158	0.667	-0.010	0.011	1.440
8.534	-0.013	0.160	0.570	0.63	1.14	-1.64	4.25	-0.84	1.10	47931	-0.006	0.161	0.667	-0.011	0.011	1.432
8.544	-0.013	0.168	0.570	0.64	1.15	-1.63	5.85	-3.32	1.01	47941	-0.007	0.165	0.666	-0.011	0.011	1.425
8.551	-0.013	0.172	0.569	0.70	1.18	-1.62	6.98	-2.40	0.57	47941	-0.007	0.169	0.665	-0.011	0.011	1.418
8.562	-0.011	0.173	0.568	0.78	1.19	-1.61	6.52	-2.36	0.74	48145	-0.007	0.172	0.664	-0.011	0.011	1.410
8.574	-0.011	0.177	0.568	0.84	1.21	-1.61	5.60	-3.15	1.05	48160	-0.007	0.176	0.664	-0.011	0.011	1.403
8.582	-0.011	0.182	0.568	0.89	1.24	-1.60	4.92	-3.93	1.43	48173	-0.007	0.179	0.663	-0.012	0.011	1.396
8.594	-0.011	0.185	0.566	0.94	1.27	-1.59	4.79	-2.72	1.60	48191	-0.007	0.183	0.662	-0.012	0.012	1.389
8.604	-0.009	0.194	0.566	0.97	1.29	-1.57	3.43	-1.51	0.92	48473	-0.007	0.187	0.661	-0.012	0.012	1.382
8.611	-0.011	0.193	0.566	1.03	1.31	-1.56	1.92	-0.98	0.87	48486	-0.007	0.191	0.660	-0.012	0.012	1.374
8.621	-0.012	0.198	0.565	1.04	1.32	-1.55	3.36	-1.16	1.40	48488	-0.007	0.195	0.659	-0.012	0.012	1.367
8.634	-0.014	0.196	0.565	1.10	1.34	-1.54	2.28	-0.28	0.78	48501	-0.008	0.198	0.658	-0.013	0.012	1.360
8.645	-0.016	0.203	0.564	1.10	1.36	-1.53	1.58	-0.31	0.89	48518	-0.008	0.202	0.657	-0.013	0.012	1.353
8.658	-0.018	0.203	0.564	1.14	1.36	-1.52	1.53	1.23	1.17	48669	-0.009	0.205	0.657	-0.014	0.012	1.346
8.662	-0.017	0.210	0.563	1.14	1.35	-1.51	-0.40	1.58	1.18	48675	-0.009	0.208	0.656	-0.014	0.012	1.339
8.674	-0.014	0.217	0.563	1.11	1.31	-1.49	-0.73	2.33	1.68	48688	-0.009	0.212	0.655	-0.014	0.012	1.332
8.684	-0.018	0.216	0.561	1.14	1.31	-1.48	-0.85	3.12	2.02	48700	-0.010	0.215	0.654	-0.015	0.012	1.325
8.694	-0.019	0.214	0.560	1.15	1.29	-1.46	-1.52	2.14	2.43	49114	-0.011	0.218	0.653	-0.015	0.012	1.318
8.703	-0.019	0.211	0.560	1.17	1.26	-1.44	-1.29	1.60	2.23	49128	-0.011	0.220	0.652	-0.015	0.012	1.311
8.713	-0.018	0.213	0.559	1.16	1.23	-1.42	-0.57	0.77	2.73	49136	-0.011	0.222	0.651	-0.016	0.011	1.304
8.724	-0.021	0.224	0.558	1.11	1.24	-1.39	-1.56	-1.19	2.80	49140	-0.012	0.225	0.650	-0.016	0.011	1.297
8.733	-0.022	0.227	0.557	1.10	1.25	-1.36	-1.12	-1.52	2.78	49339	-0.013	0.228	0.649	-0.017	0.011	1.290
8.739	-0.023	0.235	0.557	1.06	1.26	-1.33	-1.88	-2.62	3.07	49344	-0.013	0.232	0.648	-0.017	0.011	1.283
8.753	-0.023	0.235	0.556	1.06	1.28	-1.30	-2.46	-3.51	2.96	49344	-0.014	0.235	0.647	-0.018	0.011	1.277
8.763	-0.023	0.241	0.556	1.02	1.31	-1.27	-2.52	-3.48	3.36	49329	-0.015	0.238	0.646	-0.018	0.012	1.270
8.776	-0.023	0.241	0.554	1.01	1.34	-1.24	-3.35	-2.72	3.07	49307	-0.015	0.241	0.645	-0.018	0.012	1.263
8.785	-0.026	0.241	0.553	1.00	1.38	-1.21	-3.58	-2.28	2.95	49635	-0.016	0.244	0.644	-0.019	0.011	1.256
8.789	-0.027	0.240	0.553	0.99	1.41	-1.18	-3.77	-0.72	3.38	49624	-0.016	0.246	0.643	-0.019	0.011	1.249
8.803	-0.026	0.246	0.552	0.93	1.41	-1.14	-3.29	0.90	3.56	49608	-0.017	0.249	0.642	-0.020	0.011	1.242
8.813	-0.027	0.245	0.551	0.92	1.40	-1.11	-4.07	2.33	4.37	49596	-0.018	0.251	0.641	-0.020	0.011	1.236
8.824	-0.028	0.244	0.551	0.90	1.38	-1.07	-3.40	2.90	4.96	49717	-0.018	0.253	0.640	-0.021	0.010	1.229
8.832	-0.027	0.247	0.550	0.87	1.34	-1.02	-4.03	3.43	5.58	49708	-0.019	0.254	0.639	-0.021	0.010	1.222
8.843	-0.025	0.259	0.550	0.77	1.29	-0.96	-3.59	4.06	5.25	49680	-0.019	0.257	0.638	-0.022	0.010	1.215
8.853	-0.028	0.263	0.550	0.73	1.26	-0.90	-3.45	3.43	5.51	49654	-0.019	0.261	0.637	-0.022	0.010	1.209
8.861	-0.030	0.263	0.550	0.71	1.23	-0.85	-2.59	1.65	5.58	49518	-0.020	0.263	0.637	-0.023	0.010	1.202
8.876	-0.031	0.265	0.549	0.68	1.21	-0.80	-1.11	0.15	5.48	49488	-0.021	0.266	0.636	-0.023	0.010	1.196
8.884	-0.032	0.274	0.549	0.63	1.20	-0.74	-0.40	-1.72	5.51	49444	-0.022	0.270	0.636	-0.024	0.010	1.189
8.889	-0.032	0.274	0.547	0.64	1.21	-0.69	1.05	-2.43	5.48	49393	-0.022	0.273	0.635	-0.024	0.010	1.182
8.904	-0.035	0.276	0.547	0.66	1.25	-0.63	1.59	-4.91	5.30	49344	-0.023	0.276	0.634	-0.025	0.010	1.176
8.914	-0.037	0.279	0.546	0.67	1.29	-0.58	1.79	-3.39	5.06	49639	-0.024	0.278	0.633	-0.025	0.010	1.169
8.924	-0.038	0.277	0.546	0.71	1.33	-0.53	1.17	-4.33	5.55	49610	-0.025	0.281	0.632	-0.026	0.010	1.163
8.933	-0.038	0.278	0.546	0.74	1.35	-0.48	0.96	-2.68	5.26	49570	-0.026	0.283	0.632	-0.027	0.010	1.156
8.940	-0.041	0.285	0.545	0.72	1.39	-0.42	-0.14	-1.46	5.33	49526	-0.027	0.285	0.631	-0.027	0.010	1.150
8.954	-0.042	0.287	0.545	0.72	1.41	-0.37	-1.76	-0.49	5.22	49525	-0.029	0.288	0.631	-0.028	0.010	1.143
8.963	-0.043	0.295	0.545	0.68	1.42	-0.32	-2.92	0.76	5.39	49484	-0.030	0.291	0.630	-0.029	0.010	1.137
8.971	-0.044	0.296	0.545	0.66	1.41	-0.26	-3.52	2.46	5.21	49452	-0.031	0.294	0.629	-0.029	0.010	1.130
8.983	-0.044	0.301	0.544	0.60	1.38	-0.21	-4.41	3.04	5.63	49414	-0.032	0.298	0.629	-0.030	0.010	1.124
8.990	-0.045	0.302	0.544	0.57	1.35	-0.16	-3.63	4.28	5.89	49409	-0.033	0.301	0.628	-0.031	0.010	1.117
9.004	-0.045	0.302	0.544	0.55	1.30	-0.10	-2.13	4.93	5.45	49355	-0.034	0.303	0.628	-0.031	0.010	1.111
9.013	-0.047	0.301	0.544	0.55	1.26	-0.05	-1.04	4.18	5.25	49295	-0.035	0.305	0.627	-0.032	0.010	1.105
9.022	-0.049	0.300	0.544	0.56	1.22	0.00	0.89	3.69	5.20	49241	-0.036	0.307	0.627	-0.032	0.010	1.098
9.030	-0.048	0.305	0.544	0.55	1.16	0.06	2.00	2.28	4.94	49180	-0.037	0.309	0.627	-0.033	0.010	1.092
9.042	-0.050	0.302	0.544	0.60	1.14	0.11	2.82	1.37	5.06	49122	-0.038	0.310	0.626	-0.034	0.009	1.086
9.054	-0.053	0.301	0.544	0.65	1.13	0.15	2.19	-0.18	4.49	49061	-0.039	0.311	0.626	-0.034	0.009	1.080
9.063	-0.053	0.316	0.544	0.59	1.12	0.21	1.24	-1.48	4.27	49014	-0.040	0.314	0.626	-0.035	0.009	1.073
9.072	-0.055	0.318	0.544	0.61	1.14	0.25	1.17	-2.21	3.95	48969	-0.041	0.317	0.625	-0.036	0.009	1.067
9.080	-0.057	0.321	0.544	0.62	1.16	0.29	-0.08	-3.47	4.05	48906	-0.043	0.320	0.625	-0.036	0.009	1.061
9.091	-0.057	0.319	0.544	0.65	1.18	0.32	-1.72	-3.27	3.41	48857	-0.044	0.322	0.625	-0.037	0.009	1.055
9.102	-0.061	0.315	0.544	0.67	1.23	0.35	-3.09	-2.36	3.81	48818	-0.045	0.323	0.624	-0.038	0.008	1.049
9.113	-0.065	0.313	0.543	0.67	1.27	0.39	-3.61	-1.34	3.45	48782	-0.047	0.324	0.624	-0.039	0.008	1.043
9.124	-0.065	0.322	0.543	0.59	1.28	0.43	-4.26	-0.09	3.44	48996	-0.049	0.326	0.624	-0.040	0.007	1.037
9.130	-0.066	0.324	0.543	0.55	1.28	0.46	-4.36	1.04	3.45	48965	-0.050	0.328	0.623	-0.040	0.007	1.031
9.141	-0.067	0.324	0.543	0.52	1.26	0.49	-3.82	2.21	3.24	48918	-0.052	0.330	0.623	-0.041	0.007	1.025
9.154	-0.070	0.323	0.542	0.51	1.26	0.52	-2.79	2.97	3.01	48882	-0.053	0.331	0.622	-0.042	0.006	1.018
9.167	-0.069	0.330	0.542	0.45	1.21	0.56	-1.45	3.83	2.46	49095	-0.055	0.333	0.622	-0.043	0.006	1.012
9.172	-0.070	0.337	0.542	0.40	1.16	0.59	-0.14	3.27	3.02	49069	-0.056	0.336	0.621	-0.044	0.006	1.006
9.185	-0.071	0.341	0.542	0.39	1.12	0.62	0.66	3.08	2.94	49033	-0.057	0.338	0.621	-0.044	0.006	1.000
9.192	-0.074	0.338	0.542	0.42	1.10	0.64	1.71	2.56	2.93	49001	-0.059	0.341	0.620	-0.045	0.006	0.995
9.204	-0.075	0.331	0.541	0.50	1.06	0.67	1.83	1.22	2.19	48978	-0.060	0.342	0.620	-0.046	0.006	0.989
9.214	-0.080	0.332	0.541	0.53	1.07	0.69	3.37	0.53	1.98	49162	-0.062	0.342	0.619	-0.047	0.005	0.983
9.224	-0.082	0.330	0.541	0.59	1.07	0.71	3.40	0.10	1.85	49123	-0.064	0.343	0.619	-0.048	0.005	0.977
9.230	-0.083	0.328	0.541	0.65	1.06	0.72	2.64	-1.40	1.59	49099	-0.066	0.343	0.619	-0.048	0.004	0.971
9.241	-0.084	0.327	0.543	0.70	1.07	0.74	0.31	-1.86	1.69	49088	-0.068	0.343	0.618	-0.049	0.003	0.965
9.254	-0.084	0.351	0.543	0.55	1.07	0.77	-1.28	-1.52	2.14	48790	-0.069	0.346	0.618	-0.050	0.003	0.959
9.264	-0.085	0.351	0.543	0.56	1.08	0.79	-3.30	-0.81	2.31	48755	-0.071	0.349	0.618	-0.051	0.003	0.954
9.273	-0.085	0.350	0.543	0.56	1.08	0.81	-4.34	0.44	2.47	48727	-0.072	0.351	0.618	-0.051	0.003	0.948
9.285	-0.087	0.350	0.544	0.53	1.08	0.83	-4.80	1.52	2.63	48712	-0.073	0.353	0.618	-0.052	0.003	0.942
9.293	-0.089	0.354	0.544	0.46	1.06	0.86	-4.62	3.39	2.49	48571	-0.075	0.355	0.618	-0.053	0.003	0.937
9.303	-0.088	0.359	0.544	0.39	1.01	0.88	-3.38	4.07	2.64	48539	-0.076	0.357	0.618	-0.053	0.003	0.931
9.314	-0.089	0.367	0.545	0.31	0.96	0.91	-2.36	5.13	2.63	48500	-0.077	0.360	0.618	-0.054	0.004	0.926
9.322	-0.089	0.367	0.545	0.30	0.90	0.93	-2.26	4.97	2.42	48475	-0.078	0.363	0.618	-0.055	0.004	0.920
9.332	-0.091	0.365	0.544	0.30	0.85	0.96	-0.87	4.64	2.15	48446	-0.079	0.365	0.617	-0.055	0.004	0.914
9.343	-0.093	0.365	0.544	0.31	0.80	0.98	0.65	3.62	2.21	48673	-0.081	0.367	0.617	-0.056	0.004	0.909
9.353	-0.095	0.375	0.544	0.26	0.76	1.00	3.69	3.21	2.21	48636	-0.082	0.370	0.617	-0.056	0.004	0.903
9.363	-0.093	0.382	0.544	0.26	0.71	1.02	4.84	0.95	1.77	48605	-0.083	0.374	0.617	-0.057	0.004	0.898
9.374	-0.098	0.381	0.543	0.33	0.72	1.04	7.12	-1.44	1.52	48585	-0.085	0.376	0.616	-0.058	0.005	0.892
9.384	-0.099	0.377	0.543	0.45	0.72	1.06	8.85	-2.94	1.96	48867	-0.086	0.378	0.616	-0.058	0.004	0.887
9.394	-0.105	0.371	0.543	0.58	0.78	1.07	8.97	-5.17	2.01	48837	-0.088	0.379	0.615	-0.059	0.004	0.881
9.400	-0.108	0.371	0.543	0.69	0.83	1.09	9.62	-6.16	1.92	48826	-0.090	0.380	0.615	-0.060	0.004	0.876
9.413	-0.107	0.387	0.543	0.68	0.87	1.11	8.62	-6.70	1.84	48814	-0.092	0.383	0.614	-0.061	0.004	0.870
9.423	-0.107	0.384	0.543	0.81	0.93	1.13	7.08	-7.18	1.27	48856	-0.093	0.385	0.614	-0.061	0.004	0.865
9.433	-0.108	0.391	0.543	0.84	0.99	1.14	4.55	-7.25	1.30	48828	-0.095	0.388	0.614	-0.062	0.004	0.860
9.443	-0.110	0.398	0.543	0.86	1.06	1.16	3.38	-5.90	0.88	48819	-0.096	0.391	0.613	-0.063	0.004	0.854
9.454	-0.110	0.400	0.542	0.90	1.11	1.16	2.16	-4.87	0.44	48799	-0.098	0.394	0.613	-0.063	0.005	0.849
9.464	-0.113	0.400	0.542	0.94	1.16	1.17	2.01	-3.18	0.09	48761	-0.099	0.396	0.612	-0.064	0.005	0.844
9.473	-0.115	0.399	0.542	0.98	1.20	1.17	0.09	-2.42	0.52	48949	-0.101	0.399	0.612	-0.065	0.005	0.838
9.485	-0.117	0.399	0.542	1.00	1.23	1.17	-0.01	-0.49	0.26	48939	-0.103	0.400	0.612	-0.066	0.005	0.833
9.494	-0.117	0.401	0.542	1.00	1.21	1.17	0.16	1.38	0.08	48923	-0.104	0.402	0.611	-0.066	0.005	0.828
9.503	-0.118	0.415	0.541	0.91	1.19	1.18	-0.06	1.59	-0.20	48896	-0.106	0.406	0.611	-0.067	0.005	0.823
9.514	-0.120	0.413	0.541	0.94	1.18	1.17	-0.99	2.99	-0.07	49206	-0.107	0.408	0.610	-0.068	0.005	0.817
9.523	-0.122	0.413	0.541	0.94	1.15	1.17	-0.77	2.57	-0.49	49196	-0.109	0.411	0.610	-0.068	0.005	0.812
9.533	-0.124	0.409	0.541	0.98	1.12	1.16	-1.08	2.34	-0.48	49181	-0.110	0.412	0.609	-0.069	0.005	0.807
9.543	-0.127	0.416	0.539	0.93	1.11	1.17	0.81	2.10	-0.14	49153	-0.112	0.415	0.608	-0.070	0.005	0.802
9.553	-0.124	0.427	0.539	0.87	1.05	1.16	-0.18	0.77	-0.19	49398	-0.113	0.418	0.608	-0.070	0.006	0.796
9.563	-0.124	0.424	0.539	0.91	1.02	1.16	1.16	-0.41	-0.12	49389	-0.115	0.420	0.607	-0.071	0.006	0.791
9.573	-0.125	0.425	0.539	0.93	1.02	1.15	2.71	-1.25	-0.24	49372	-0.116	0.423	0.607	-0.071	0.006	0.786
9.583	-0.115	0.423	0.389	0.93	1.10	1.17	3.62	-2.91	-0.30	49344	-0.115	0.425	0.582	-0.071	0.006	0.772
9.594	-0.119	0.417	0.381	1.03	1.15	1.16	6.13	-3.63	-0.25	49325	-0.116	0.425	0.559	-0.071	0.006	0.758
9.603	-0.121	0.418	0.373	1.08	1.19	1.16	6.53	-4.20	-0.57	65535	-0.116	0.426	0.538	-0.072	0.005	0.746
9.613	-0.119	0.409	0.365	1.24	1.20	1.14	5.91	-4.94	-0.16	65535	-0.116	0.426	0.520	-0.072	0.004	0.734
9.624	-0.117	0.415	0.356	1.26	1.21	1.14	3.84	-5.89	-0.06	65535	-0.116	0.426	0.504	-0.072	0.004	0.723
9.633	-0.098	0.421	0.226	1.27	1.21	1.15	0.98	-6.66	-0.56	65535	-0.114	0.427	0.469	-0.071	0.004	0.704
9.640	-0.095	0.415	0.211	1.34	1.24	1.13	-2.99	-7.92	-0.66	65535	-0.111	0.427	0.438	-0.070	0.003	0.687
9.651	-0.093	0.428	0.196	1.23	1.29	1.13	-6.35	-8.86	-0.99	65535	-0.108	0.429	0.410	-0.069	0.003	0.671
9.675	-0.123	0.434	0.182	1.14	1.60	1.15	-9.74	-11.01	-1.60	65535	-0.110	0.431	0.385	-0.070	0.003	0.655
9.677	-0.115	0.435	0.130	1.06	1.65	1.13	-12.82	-14.32	-1.62	65535	-0.110	0.433	0.356	-0.070	0.003	0.638
9.682	-0.163	0.438	0.113	0.91	2.17	1.16	-13.88	-15.30	-1.40	65535	-0.116	0.435	0.329	-0.073	0.003	0.622
9.695	-0.166	0.435	0.097	0.82	2.31	1.14	-13.45	-16.41	-0.89	65535	-0.121	0.436	0.304	-0.075	0.003	0.606
9.702	-0.173	0.436	0.081	0.68	2.51	1.13	-10.48	-14.93	-0.39	65535	-0.127	0.437	0.281	-0.077	0.003	0.591
9.713	-0.160	0.435	0.066	0.60	2.53	1.10	-6.82	-10.96	-0.25	65535	-0.131	0.438	0.259	-0.079	0.003	0.576
9.723	-0.162	0.431	0.051	0.58	2.64	1.09	-2.31	-3.81	-0.19	65535	-0.134	0.439	0.239	-0.080	0.003	0.562
9.734	-0.159	0.428	0.036	0.60	2.63	1.08	0.39	3.81	0.49	65535	-0.137	0.439	0.221	-0.081	0.002	0.548
9.741	-0.152	0.429	0.022	0.61	2.50	1.07	2.83	9.79	0.22	65535	-0.138	0.439	0.203	-0.082	0.002	0.534
9.753	-0.151	0.430	0.007	0.64	2.36	1.07	2.54	14.13	0.31	65535	-0.139	0.439	0.186	-0.083	0.001	0.521
9.763	-0.173	0.438	0.019	0.61	2.31	1.08	1.43	15.49	0.21	65535	-0.143	0.440	0.175	-0.084	0.001	0.509
9.773	-0.172	0.439	0.007	0.64	2.09	1.08	1.02	15.30	0.81	65535	-0.146	0.441	0.163	-0.086	0.001	0.497
9.783	-0.166	0.438	-0.005	0.67	1.79	1.06	-3.40	13.49	1.01	65535	-0.148	0.442	0.152	-0.086	0.001	0.485
9.793	-0.163	0.437	-0.016	0.71	1.54	1.05	-4.71	10.46	1.10	65535	-0.149	0.442	0.142	-0.087	0.000	0.473
9.799	-0.189	0.445	-0.002	0.59	1.53	1.07	-7.39	6.82	1.16	65535	-0.154	0.444	0.136	-0.089	0.001	0.462
9.813	-0.190	0.443	-0.011	0.61	1.40	1.06	-9.50	2.00	0.94	65535	-0.157	0.445	0.130	-0.091	0.000	0.452
9.822	-0.190	0.443	-0.020	0.55	1.28	1.06	-12.58	-2.27	0.06	65535	-0.161	0.445	0.124	-0.092	0.000	0.441
9.834	-0.192	0.444	-0.030	0.43	1.29	1.06	-12.75	-5.97	-0.16	65535	-0.164	0.446	0.117	-0.094	0.000	0.430
9.841	-0.193	0.445	-0.038	0.32	1.22	1.04	-14.13	-8.87	0.40	65535	-0.167	0.447	0.111	-0.095	0.000	0.418
9.853	-0.246	0.458	0.014	-0.01	1.56	1.11	-13.83	-9.35	0.24	65535	-0.176	0.450	0.115	-0.098	0.001	0.411
9.862	-0.249	0.459	0.009	-0.15	1.65	1.11	-12.02	-8.37	-0.18	65535	-0.185	0.452	0.118	-0.102	0.001	0.402
9.873	-0.252	0.461	0.005	-0.15	1.59	1.08	-10.95	-7.21	-1.10	65535	-0.192	0.454	0.121	-0.105	0.001	0.394
9.883	-0.256	0.462	0.002	-0.20	1.52	1.05	-6.73	-1.50	-0.85	65535	-0.200	0.456	0.122	-0.108	0.002	0.384
9.894	-0.297	0.470	0.051	-0.44	1.75	1.11	-1.10	5.11	-0.46	65535	-0.211	0.459	0.133	-0.112	0.002	0.378
9.903	-0.302	0.472	0.052	-0.40	1.60	1.09	2.75	9.66	-0.58	65535	-0.222	0.461	0.142	-0.116	0.003	0.371
9.908	-0.307	0.474	0.052	-0.31	1.37	1.07	5.80	14.37	-0.54	65535	-0.232	0.464	0.150	-0.120	0.003	0.364
9.925	-0.314	0.476	0.054	-0.22	1.07	1.05	8.09	17.76	-0.04	65535	-0.242	0.467	0.158	-0.123	0.004	0.356
9.933	-0.319	0.478	0.055	-0.10	0.78	1.04	8.72	20.17	0.24	65535	-0.252	0.469	0.165	-0.127	0.004	0.348
9.943	-0.350	0.484	0.104	-0.12	0.82	1.11	7.51	19.96	0.24	65535	-0.264	0.472	0.180	-0.131	0.005	0.342
9.950	-0.356	0.486	0.108	-0.01	0.51	1.11	5.47	16.44	0.28	65535	-0.275	0.475	0.193	-0.135	0.005	0.336
9.964	-0.364	0.488	0.113	0.10	0.21	1.11	4.57	13.10	0.48	65535	-0.286	0.478	0.205	-0.139	0.006	0.328
9.973	-0.370	0.490	0.117	0.17	-0.02	1.11	2.44	9.97	0.47	65535	-0.297	0.480	0.217	-0.143	0.006	0.321
9.984	-0.387	0.492	0.160	0.09	0.09	1.18	0.95	6.71	0.43	65535	-0.309	0.483	0.235	-0.147	0.007	0.315
9.994	-0.391	0.493	0.167	0.10	0.01	1.18	-0.31	2.88	0.73	63812	-0.319	0.486	0.251	-0.151	0.007	0.309
10.006	-0.396	0.495	0.174	0.12	-0.07	1.19	-1.24	0.77	0.39	62811	-0.329	0.488	0.266	-0.154	0.007	0.302
10.012	-0.402	0.497	0.182	0.13	-0.15	1.19	-1.00	-1.27	0.72	61729	-0.339	0.490	0.280	-0.157	0.008	0.294
10.024	-0.416	0.498	0.231	0.03	0.03	1.26	1.02	1.44	-0.30	60649	-0.350	0.493	0.301	-0.161	0.008	0.289
10.032	-0.421	0.500	0.242	0.05	-0.01	1.26	3.70	3.02	-0.66	59551	-0.359	0.495	0.320	-0.164	0.008	0.283
10.043	-0.426	0.502	0.252	0.09	-0.07	1.25	6.66	4.85	-0.85	50685	-0.369	0.497	0.338	-0.167	0.009	0.277
10.050	-0.432	0.503	0.263	0.16	-0.15	1.24	8.52	6.64	-1.28	49451	-0.378	0.499	0.355	-0.170	0.009	0.270
10.063	-0.437	0.505	0.274	0.25	-0.24	1.23	11.66	11.12	-1.42	48237	-0.386	0.501	0.371	-0.172	0.009	0.262
10.074	-0.448	0.504	0.345	0.29	-0.20	1.28	13.45	13.20	-1.40	47057	-0.395	0.503	0.395	-0.175	0.009	0.259
10.083	-0.452	0.506	0.360	0.44	-0.34	1.27	13.96	16.17	-0.99	34911	-0.404	0.504	0.418	-0.177	0.009	0.254
10.093	-0.457	0.508	0.375	0.59	-0.52	1.26	15.79	17.64	-1.30	33618	-0.412	0.506	0.439	-0.180	0.009	0.249
10.108	-0.463	0.510	0.390	0.75	-0.71	1.25	16.14	18.91	-1.28	32371	-0.420	0.508	0.459	-0.182	0.009	0.244
10.109	-0.474	0.506	0.529	0.82	-0.79	1.33	16.03	20.79	-0.56	31210	-0.428	0.509	0.498	-0.184	0.009	0.246
10.123	-0.479	0.508	0.551	0.99	-1.01	1.33	16.05	22.09	-1.30	20000	-0.436	0.510	0.534	-0.186	0.009	0.248
10.133	-0.483	0.510	0.573	1.16	-1.23	1.33	16.77	22.47	-1.28	20000	-0.444	0.512	0.566	-0.188	0.009	0.248
10.142	-0.488	0.512	0.595	1.33	-1.46	1.32	16.14	24.51	-1.74	20000	-0.452	0.513	0.597	-0.190	0.009	0.248
10.153	-0.495	0.510	0.709	1.50	-1.79	1.33	15.91	26.05	-1.93	20000	-0.459	0.514	0.640	-0.192	0.009	0.253
10.160	-0.500	0.511	0.735	1.66	-2.05	1.32	15.97	26.96	-1.75	20000	-0.466	0.515	0.681	-0.194	0.009	0.257
10.173	-0.504	0.513	0.762	1.82	-2.32	1.31	15.39	26.56	-1.93	20000	-0.474	0.516	0.718	-0.195	0.008	0.261
10.181	-0.509	0.515	0.788	1.98	-2.59	1.30	15.45	26.92	-2.12	20000	-0.480	0.517	0.753	-0.197	0.008	0.263
10.192	-0.514	0.516	0.814	2.13	-2.88	1.29	14.68	25.63	-2.15	20000	-0.487	0.518	0.786	-0.198	0.008	0.266
10.203	-0.517	0.516	0.880	2.30	-3.22	1.27	14.64	23.22	-1.94	20000	-0.494	0.519	0.824	-0.199	0.008	0.270
10.213	-0.522	0.517	0.908	2.45	-3.46	1.26	13.47	20.38	-2.14	20000	-0.500	0.520	0.859	-0.200	0.008	0.274
10.223	-0.526	0.519	0.935	2.59	-3.67	1.25	12.76	17.53	-2.00	20000	-0.506	0.521	0.893	-0.201	0.008	0.277
10.233	-0.531	0.520	0.962	2.71	-3.85	1.23	11.54	13.19	-2.24	20000	-0.512	0.522	0.925	-0.202	0.008	0.280
10.243	-0.535	0.521	0.989	2.83	-3.99	1.22	10.39	8.66	-1.90	20000	-0.518	0.523	0.955	-0.203	0.008	0.282
10.254	-0.539	0.523	1.016	2.93	-4.09	1.21	8.88	4.34	-1.98	20000	-0.524	0.524	0.985	-0.204	0.007	0.285
10.263	-0.544	0.524	1.042	3.03	-4.14	1.19	7.72	-0.01	-1.91	20000	-0.529	0.526	1.013	-0.204	0.007	0.287
10.271	-0.548	0.525	1.067	3.10	-4.15	1.17	6.14	-4.17	-2.05	20000	-0.535	0.527	1.040	-0.205	0.007	0.289
10.284	-0.555	0.528	1.073	3.16	-4.07	1.17	4.58	-7.52	-1.85	20000	-0.540	0.528	1.063	-0.206	0.007	0.290
10.294	-0.559	0.529	1.096	3.20	-4.00	1.14	2.73	-10.00	-2.05	20000	-0.546	0.529	1.085	-0.207	0.007	0.291
10.301	-0.563	0.530	1.119	3.24	-3.92	1.12	1.18	-11.60	-1.86	20000	-0.551	0.531	1.107	-0.207	0.007	0.291
10.314	-0.568	0.531	1.142	3.25	-3.80	1.09	0.19	-12.61	-1.67	20000	-0.557	0.532	1.128	-0.208	0.007	0.293
10.323	-0.572	0.532	1.165	3.25	-3.68	1.07	-1.61	-12.97	-1.39	20000	-0.562	0.533	1.149	-0.208	0.007	0.294
10.333	-0.582	0.536	1.149	3.22	-3.47	1.09	-2.73	-11.63	-1.42	20000	-0.568	0.534	1.163	-0.209	0.007	0.293
10.344	-0.586	0.537	1.168	3.20	-3.36	1.07	-3.99	-10.69	-1.43	20000	-0.574	0.536	1.178	-0.210	0.007	0.292
10.353	-0.591	0.538	1.188	3.15	-3.27	1.05	-4.02	-8.54	-1.48	20000	-0.579	0.537	1.192	-0.210	0.007	0.292
10.363	-0.595	0.539	1.206	3.12	-3.18	1.03	-4.03	-6.44	-1.09	20000	-0.585	0.539	1.207	-0.211	0.007	0.292
10.370	-0.609	0.544	1.173	3.06	-3.01	1.09	-3.27	-3.54	-1.27	20000	-0.591	0.540	1.213	-0.212	0.008	0.289
10.383	-0.613	0.545	1.188	3.03	-2.97	1.07	-1.70	-1.16	-1.50	20000	-0.598	0.542	1.219	-0.212	0.008	0.286
10.393	-0.617	0.546	1.203	3.01	-2.96	1.06	-0.27	1.22	-1.38	20000	-0.604	0.543	1.227	-0.213	0.008	0.284
10.402	-0.622	0.547	1.217	3.01	-2.96	1.05	1.60	3.79	-1.41	20000	-0.609	0.545	1.235	-0.214	0.008	0.283
10.416	-0.635	0.551	1.183	3.02	-2.91	1.10	3.22	5.37	-1.03	20000	-0.616	0.547	1.235	-0.215	0.008	0.279
10.427	-0.639	0.552	1.194	3.05	-2.97	1.10	4.84	7.31	-1.13	20000	-0.623	0.549	1.236	-0.216	0.008	0.276
10.440	-0.643	0.553	1.204	3.09	-3.04	1.09	5.90	8.01	-1.38	20000	-0.629	0.550	1.238	-0.216	0.008	0.273
10.452	-0.648	0.554	1.213	3.15	-3.12	1.08	6.63	8.92	-1.34	20000	-0.635	0.552	1.240	-0.217	0.009	0.271
10.458	-0.652	0.555	1.222	3.22	-3.21	1.07	6.93	9.18	-1.08	20000	-0.641	0.553	1.243	-0.217	0.009	0.270
10.465	-0.664	0.559	1.188	3.28	-3.21	1.13	6.41	8.81	-1.14	20000	-0.648	0.555	1.239	-0.218	0.009	0.266
10.470	-0.668	0.560	1.194	3.35	-3.30	1.12	5.36	7.38	-1.39	20000	-0.655	0.557	1.236	-0.219	0.009	0.263
10.483	-0.672	0.561	1.200	3.40	-3.38	1.11	4.02	5.98	-1.43	20000	-0.661	0.558	1.234	-0.219	0.009	0.260
10.493	-0.677	0.562	1.204	3.45	-3.44	1.10	2.24	4.03	-1.30	20000	-0.667	0.560	1.232	-0.220	0.009	0.258
10.503	-0.687	0.565	1.170	3.47	-3.40	1.14	0.10	1.83	-1.22	20000	-0.674	0.561	1.224	-0.221	0.009	0.254
10.515	-0.691	0.566	1.172	3.47	-3.43	1.13	-1.07	-0.04	-1.19	20000	-0.680	0.563	1.216	-0.221	0.010	0.251
10.524	-0.696	0.567	1.173	3.46	-3.43	1.12	-2.36	-1.00	-1.44	20000	-0.686	0.565	1.210	-0.222	0.010	0.248
10.533	-0.700	0.567	1.174	3.44	-3.42	1.11	-3.16	-2.39	-0.91	20000	-0.692	0.566	1.204	-0.222	0.010	0.245
10.543	-0.709	0.570	1.145	3.41	-3.34	1.13	-3.85	-3.34	-1.00	20000	-0.699	0.567	1.193	-0.223	0.010	0.242
10.552	-0.713	0.571	1.143	3.37	-3.31	1.12	-3.71	-2.82	-1.18	20000	-0.705	0.569	1.184	-0.223	0.010	0.239
10.562	-0.717	0.571	1.141	3.33	-3.27	1.11	-3.45	-2.85	-1.09	20000	-0.711	0.570	1.174	-0.223	0.010	0.236
10.574	-0.722	0.572	1.138	3.30	-3.25	1.10	-2.82	-1.65	-1.60	20000	-0.717	0.572	1.165	-0.224	0.010	0.234
10.582	-0.729	0.574	1.113	3.28	-3.19	1.11	-0.98	-1.21	-1.45	20671	-0.723	0.573	1.153	-0.224	0.010	0.231
10.594	-0.733	0.575	1.108	3.27	-3.19	1.09	0.99	0.12	-1.45	25873	-0.729	0.574	1.141	-0.224	0.010	0.229
10.602	-0.737	0.575	1.103	3.27	-3.19	1.08	2.12	1.32	-1.04	27001	-0.734	0.575	1.130	-0.224	0.010	0.227
10.618	-0.741	0.576	1.097	3.29	-3.20	1.07	2.16	2.72	-1.42	28139	-0.740	0.576	1.119	-0.224	0.010	0.225
10.622	-0.746	0.576	1.091	3.31	-3.22	1.05	2.04	3.58	-0.74	29333	-0.745	0.577	1.108	-0.224	0.010	0.224
10.633	-0.751	0.578	1.070	3.34	-3.24	1.06	0.04	4.80	-0.94	33258	-0.751	0.578	1.095	-0.224	0.010	0.222
10.644	-0.755	0.578	1.062	3.35	-3.29	1.05	-1.36	6.33	-0.62	34692	-0.756	0.579	1.083	-0.224	0.010	0.220
10.654	-0.760	0.579	1.054	3.34	-3.35	1.05	-2.20	5.40	-0.37	36135	-0.761	0.580	1.070	-0.224	0.010	0.219
10.661	-0.764	0.579	1.045	3.32	-3.40	1.05	-3.41	5.42	0.13	37574	-0.766	0.581	1.058	-0.224	0.010	0.218
10.673	-0.768	0.580	1.024	3.29	-3.47	1.05	-5.60	4.84	-0.23	41207	-0.772	0.582	1.044	-0.224	0.010	0.216
10.683	-0.772	0.581	1.013	3.24	-3.52	1.05	-8.81	4.23	-0.02	42649	-0.777	0.582	1.030	-0.224	0.010	0.215
10.693	-0.776	0.581	1.003	3.16	-3.57	1.05	-11.93	2.75	0.33	44066	-0.782	0.583	1.017	-0.223	0.010	0.214
10.702	-0.780	0.581	0.991	3.05	-3.61	1.05	-13.12	1.72	0.14	45450	-0.787	0.583	1.004	-0.223	0.009	0.213
10.714	-0.786	0.582	0.971	2.93	-3.57	1.07	-11.75	-0.77	0.67	46797	-0.792	0.584	0.989	-0.223	0.009	0.212
10.723	-0.790	0.582	0.959	2.81	-3.56	1.08	-9.93	-2.90	0.87	49839	-0.797	0.584	0.975	-0.222	0.009	0.210
10.733	-0.794	0.582	0.946	2.72	-3.54	1.09	-6.36	-5.67	0.68	51114	-0.802	0.585	0.961	-0.222	0.009	0.209
10.739	-0.798	0.582	0.933	2.65	-3.50	1.10	-3.43	-8.11	0.90	52315	-0.806	0.585	0.948	-0.222	0.009	0.208
10.752	-0.802	0.582	0.920	2.61	-3.42	1.10	-1.64	-11.53	1.11	53449	-0.811	0.585	0.934	-0.221	0.009	0.207
10.762	-0.805	0.583	0.901	2.59	-3.31	1.11	0.49	-12.35	1.88	55651	-0.816	0.585	0.920	-0.221	0.009	0.206
10.770	-0.809	0.583	0.887	2.59	-3.20	1.12	0.14	-13.53	1.75	56682	-0.821	0.585	0.906	-0.220	0.009	0.204
10.781	-0.812	0.583	0.874	2.60	-3.07	1.13	-1.76	-15.48	2.30	57657	-0.825	0.585	0.893	-0.219	0.009	0.203
10.792	-0.815	0.583	0.860	2.59	-2.95	1.14	-6.08	-15.19	1.81	58568	-0.830	0.585	0.879	-0.219	0.008	0.201
10.803	-0.818	0.582	0.849	2.57	-2.79	1.16	-8.93	-16.66	2.52	58905	-0.834	0.585	0.867	-0.218	0.008	0.200
10.812	-0.822	0.582	0.835	2.48	-2.63	1.17	-11.41	-15.80	2.05	59698	-0.838	0.585	0.854	-0.217	0.008	0.198
10.820	-0.825	0.580	0.821	2.42	-2.47	1.20	-15.96	-16.05	1.98	60408	-0.842	0.584	0.842	-0.216	0.008	0.197
10.833	-0.829	0.580	0.808	2.27	-2.31	1.22	-17.85	-17.01	2.14	61062	-0.847	0.584	0.830	-0.215	0.008	0.195
10.843	-0.831	0.580	0.795	2.09	-2.15	1.22	-20.48	-18.22	1.85	61527	-0.851	0.583	0.818	-0.214	0.008	0.193
10.853	-0.833	0.580	0.781	1.88	-2.00	1.22	-20.16	-21.54	1.96	62035	-0.854	0.583	0.807	-0.213	0.007	0.192
10.863	-0.837	0.580	0.768	1.69	-1.79	1.24	-19.87	-22.13	2.26	62461	-0.858	0.582	0.795	-0.212	0.007	0.189
10.872	-0.839	0.579	0.755	1.49	-1.58	1.26	-17.97	-22.58	2.11	62840	-0.862	0.582	0.784	-0.211	0.007	0.187
10.883	-0.843	0.578	0.742	1.31	-1.35	1.28	-12.10	-22.87	2.22	63174	-0.866	0.581	0.773	-0.210	0.007	0.185
10.892	-0.846	0.576	0.729	1.21	-1.12	1.31	-7.32	-22.16	1.72	63333	-0.869	0.580	0.762	-0.209	0.007	0.182
10.904	-0.848	0.576	0.717	1.12	-0.92	1.32	-4.00	-19.64	1.64	63516	-0.873	0.579	0.752	-0.207	0.007	0.180
10.911	-0.849	0.576	0.704	1.07	-0.74	1.32	-2.74	-16.20	0.89	63660	-0.876	0.578	0.742	-0.206	0.006	0.177
10.924	-0.852	0.575	0.692	1.04	-0.58	1.33	-1.80	-12.33	1.38	63766	-0.879	0.577	0.732	-0.205	0.006	0.174
10.943	-0.855	0.574	0.684	1.01	-0.45	1.34	-1.43	-8.86	1.89	63193	-0.882	0.577	0.722	-0.203	0.006	0.171
10.946	-0.857	0.573	0.672	1.02	-0.37	1.36	-0.89	-6.26	2.21	63217	-0.885	0.576	0.713	-0.202	0.006	0.168
10.952	-0.860	0.573	0.661	0.99	-0.30	1.37	-0.54	-5.41	2.80	63202	-0.888	0.575	0.704	-0.200	0.006	0.165
10.963	-0.862	0.572	0.650	1.00	-0.25	1.40	-1.69	-4.28	3.31	63159	-0.891	0.574	0.695	-0.199	0.006	0.161
10.971	-0.862	0.568	0.640	1.04	-0.26	1.44	-3.63	-3.97	3.19	62962	-0.894	0.573	0.687	-0.197	0.006	0.158
10.982	-0.864	0.566	0.630	1.03	-0.23	1.48	-5.13	-3.16	2.27	62864	-0.896	0.571	0.678	-0.196	0.005	0.154
10.992	-0.865	0.563	0.619	1.01	-0.21	1.51	-5.64	-3.26	2.85	62741	-0.899	0.569	0.670	-0.194	0.005	0.150
11.002	-0.868	0.562	0.610	0.95	-0.18	1.53	-9.72	-3.63	1.01	62594	-0.901	0.568	0.662	-0.192	0.005	0.146
11.012	-0.871	0.561	0.601	0.86	-0.15	1.55	-12.14	-5.45	1.63	62421	-0.904	0.566	0.655	-0.191	0.004	0.142
11.026	-0.873	0.560	0.592	0.75	-0.10	1.56	-13.65	-7.05	1.43	62096	-0.906	0.565	0.647	-0.189	0.004	0.138
11.031	-0.874	0.552	0.582	0.71	-0.06	1.60	-14.05	-5.83	0.37	61850	-0.908	0.563	0.640	-0.187	0.004	0.133
11.043	-0.876	0.551	0.574	0.57	-0.00	1.61	-11.92	-7.02	0.56	61616	-0.910	0.560	0.633	-0.185	0.003	0.129
11.053	-0.878	0.549	0.565	0.47	0.06	1.62	-7.24	-6.88	1.66	61365	-0.912	0.558	0.626	-0.184	0.003	0.124
11.063	-0.879	0.548	0.557	0.38	0.10	1.62	-5.26	-5.70	-0.75	61252	-0.914	0.556	0.619	-0.182	0.002	0.120
11.076	-0.880	0.547	0.549	0.32	0.14	1.62	-2.60	-7.90	0.06	60959	-0.916	0.554	0.612	-0.180	0.002	0.115
11.080	-0.882	0.547	0.542	0.27	0.21	1.60	-4.51	-6.53	-1.37	60651	-0.918	0.552	0.606	-0.178	0.002	0.110
11.092	-0.884	0.546	0.535	0.23	0.27	1.60	-4.29	-7.60	-1.20	60337	-0.920	0.551	0.600	-0.177	0.002	0.105
11.101	-0.887	0.545	0.529	0.19	0.35	1.58	-5.34	-8.28	-1.35	59773	-0.921	0.549	0.594	-0.175	0.001	0.100
11.113	-0.890	0.546	0.523	0.11	0.43	1.56	-6.14	-8.52	-0.66	59431	-0.923	0.548	0.589	-0.173	0.001	0.095
11.122	-0.891	0.535	0.517	0.17	0.51	1.59	-6.79	-8.94	-1.20	59082	-0.925	0.545	0.583	-0.171	0.001	0.090
11.130	-0.893	0.534	0.511	0.09	0.59	1.57	-6.35	-9.96	-1.87	58724	-0.927	0.543	0.578	-0.170	0.000	0.085
11.142	-0.894	0.534	0.507	0.01	0.67	1.55	-6.40	-10.04	-2.65	58086	-0.929	0.541	0.574	-0.168	-0.000	0.080
11.153	-0.895	0.531	0.502	-0.04	0.75	1.52	-5.28	-9.29	-2.80	57723	-0.930	0.539	0.569	-0.166	-0.000	0.075
11.162	-0.895	0.531	0.497	-0.10	0.82	1.49	-3.38	-8.16	-3.21	57346	-0.931	0.537	0.565	-0.164	-0.001	0.069
11.172	-0.897	0.531	0.492	-0.15	0.89	1.45	-1.67	-8.52	-3.72	56970	-0.932	0.535	0.560	-0.162	-0.001	0.064
11.180	-0.899	0.530	0.488	-0.17	0.98	1.41	1.55	-8.70	-3.45	56594	-0.934	0.533	0.556	-0.161	-0.001	0.059
11.192	-0.901	0.529	0.484	-0.15	1.06	1.38	2.84	-8.42	-4.28	56147	-0.935	0.532	0.553	-0.159	-0.001	0.054
11.203	-0.904	0.527	0.481	-0.12	1.15	1.34	4.73	-7.95	-4.41	55781	-0.937	0.530	0.549	-0.157	-0.001	0.049
11.212	-0.906	0.526	0.477	-0.07	1.23	1.29	6.43	-6.63	-5.01	55416	-0.938	0.529	0.546	-0.156	-0.002	0.044
11.222	-0.908	0.525	0.474	-0.02	1.29	1.24	6.91	-4.83	-5.89	55049	-0.940	0.527	0.542	-0.154	-0.002	0.038
11.232	-0.909	0.522	0.471	0.07	1.32	1.18	7.12	-3.98	-5.84	54671	-0.941	0.526	0.539	-0.152	-0.002	0.033
11.242	-0.908	0.524	0.468	0.11	1.33	1.11	6.00	-0.91	-6.13	54315	-0.942	0.524	0.536	-0.151	-0.002	0.028
11.253	-0.907	0.522	0.465	0.18	1.30	1.05	5.08	0.67	-5.66	53970	-0.943	0.523	0.533	-0.149	-0.002	0.023
11.258	-0.906	0.520	0.463	0.24	1.25	0.99	3.58	2.11	-5.81	53637	-0.944	0.522	0.531	-0.147	-0.002	0.018
11.273	-0.906	0.522	0.461	0.25	1.21	0.92	2.34	2.20	-5.46	53305	-0.944	0.521	0.528	-0.145	-0.002	0.013
11.281	-0.904	0.518	0.459	0.30	1.15	0.87	1.75	2.21	-5.39	53061	-0.944	0.519	0.526	-0.143	-0.002	0.007
11.293	-0.903	0.523	0.457	0.26	1.10	0.80	0.92	0.12	-4.94	52754	-0.944	0.519	0.523	-0.141	-0.002	0.002
11.298	-0.903	0.520	0.455	0.28	1.06	0.75	0.24	-1.28	-4.85	52455	-0.944	0.518	0.521	-0.139	-0.002	-0.003
11.310	-0.913	0.523	0.454	0.24	1.15	0.70	-0.21	-2.67	-4.71	52164	-0.945	0.517	0.519	-0.137	-0.001	-0.008
11.323	-0.915	0.524	0.453	0.23	1.18	0.65	-0.61	-4.56	-5.57	51642	-0.946	0.517	0.517	-0.136	-0.001	-0.012
11.333	-0.913	0.524	0.452	0.21	1.19	0.60	0.86	-5.26	-5.71	51362	-0.946	0.517	0.516	-0.134	-0.001	-0.017
11.341	-0.914	0.525	0.451	0.21	1.23	0.54	2.28	-6.26	-5.48	51098	-0.947	0.517	0.514	-0.132	-0.000	-0.022
11.350	-0.915	0.525	0.451	0.23	1.28	0.48	4.19	-4.86	-5.81	50838	-0.947	0.517	0.513	-0.131	0.000	-0.027
11.363	-0.917	0.523	0.451	0.27	1.33	0.43	5.72	-2.84	-5.42	50403	-0.948	0.517	0.511	-0.129	0.000	-0.031
11.371	-0.917	0.524	0.450	0.31	1.33	0.37	8.60	-1.13	-5.00	50155	-0.949	0.517	0.510	-0.127	0.001	-0.036
11.383	-0.917	0.522	0.450	0.41	1.32	0.31	10.68	1.87	-5.44	49925	-0.949	0.516	0.509	-0.126	0.001	-0.040
11.390	-0.919	0.521	0.449	0.51	1.30	0.26	13.52	3.75	-5.26	49694	-0.950	0.516	0.508	-0.124	0.001	-0.045
11.401	-0.921	0.520	0.449	0.65	1.27	0.21	14.11	5.01	-5.18	49490	-0.950	0.515	0.507	-0.123	0.002	-0.049
11.412	-0.926	0.520	0.449	0.78	1.25	0.16	13.23	5.51	-4.89	49244	-0.952	0.515	0.506	-0.121	0.002	-0.054
11.423	-0.930	0.519	0.449	0.91	1.20	0.11	12.88	5.68	-4.15	49056	-0.953	0.514	0.506	-0.120	0.002	-0.058
11.433	-0.931	0.518	0.450	1.04	1.13	0.07	11.21	5.38	-4.08	48874	-0.954	0.514	0.505	-0.119	0.002	-0.062
11.440	-0.932	0.519	0.450	1.14	1.06	0.03	9.99	4.64	-4.06	48708	-0.956	0.513	0.504	-0.118	0.003	-0.066
11.451	-0.932	0.518	0.450	1.24	0.99	-0.01	7.62	4.40	-4.07	48545	-0.957	0.513	0.504	-0.117	0.003	-0.070
11.461	-0.932	0.518	0.450	1.31	0.93	-0.05	6.29	4.31	-4.22	48396	-0.958	0.513	0.503	-0.115	0.003	-0.074
11.472	-0.934	0.517	0.451	1.37	0.88	-0.09	4.11	3.83	-3.88	48250	-0.959	0.512	0.502	-0.114	0.003	-0.078
11.481	-0.938	0.516	0.451	1.42	0.86	-0.13	2.53	3.30	-3.48	48111	-0.960	0.512	0.502	-0.113	0.004	-0.082
11.491	-0.940	0.515	0.451	1.45	0.83	-0.17	1.99	2.60	-3.26	47991	-0.962	0.511	0.501	-0.112	0.004	-0.086
11.502	-0.947	0.515	0.451	1.45	0.84	-0.20	1.91	1.19	-3.17	48003	-0.964	0.510	0.501	-0.111	0.004	-0.090
11.511	-0.950	0.514	0.452	1.47	0.82	-0.23	2.16	2.14	-3.32	47901	-0.966	0.510	0.500	-0.110	0.004	-0.093
11.522	-0.954	0.514	0.452	1.48	0.82	-0.26	3.04	2.15	-2.92	47804	-0.968	0.509	0.500	-0.109	0.005	-0.097
11.532	-0.957	0.513	0.453	1.51	0.80	-0.29	5.25	3.40	-3.06	47710	-0.970	0.509	0.500	-0.109	0.005	-0.100
11.543	-0.956	0.513	0.454	1.56	0.74	-0.32	6.08	4.84	-3.12	47590	-0.972	0.508	0.499	-0.108	0.005	-0.104
11.548	-0.956	0.513	0.454	1.61	0.67	-0.35	8.16	6.38	-3.07	47497	-0.974	0.507	0.499	-0.107	0.005	-0.107
11.559	-0.956	0.512	0.455	1.68	0.59	-0.38	8.29	7.12	-2.73	47427	-0.976	0.507	0.499	-0.106	0.006	-0.111
11.573	-0.963	0.513	0.456	1.75	0.55	-0.41	9.80	7.67	-2.49	47367	-0.978	0.506	0.499	-0.105	0.006	-0.114
11.583	-0.963	0.513	0.456	1.84	0.46	-0.43	9.20	8.67	-2.75	47410	-0.980	0.506	0.498	-0.104	0.006	-0.117
11.590	-0.965	0.512	0.457	1.93	0.37	-0.46	8.20	8.14	-2.48	47348	-0.982	0.505	0.498	-0.104	0.007	-0.120
11.602	-0.968	0.511	0.457	2.01	0.29	-0.48	8.54	7.10	-2.12	47304	-0.983	0.505	0.498	-0.103	0.007	-0.123
11.612	-0.969	0.512	0.458	2.08	0.21	-0.50	7.36	5.53	-1.68	47276	-0.985	0.505	0.498	-0.102	0.007	-0.126
11.618	-0.967	0.511	0.459	2.15	0.12	-0.52	5.42	4.36	-2.40	47248	-0.987	0.504	0.498	-0.101	0.008	-0.129
11.632	-0.977	0.511	0.459	2.19	0.13	-0.53	3.41	3.26	-1.96	47345	-0.989	0.504	0.497	-0.100	0.008	-0.132
11.641	-0.979	0.509	0.459	2.22	0.10	-0.55	2.51	1.83	-1.78	47323	-0.991	0.503	0.497	-0.100	0.008	-0.135
11.652	-0.981	0.507	0.460	2.25	0.07	-0.57	0.77	0.35	-1.65	47320	-0.994	0.502	0.497	-0.099	0.009	-0.138
11.663	-0.983	0.507	0.461	2.25	0.06	-0.59	-0.69	-0.69	-1.03	47311	-0.996	0.501	0.497	-0.098	0.009	-0.140
11.674	-0.983	0.507	0.460	2.23	0.05	-0.60	-0.50	-0.92	-0.90	47553	-0.998	0.501	0.496	-0.098	0.009	-0.143
11.682	-0.982	0.507	0.461	2.22	0.03	-0.61	-0.38	0.06	-0.72	47546	-0.999	0.500	0.496	-0.097	0.009	-0.146
11.691	-0.982	0.507	0.461	2.20	0.01	-0.62	-1.10	1.33	-0.86	47557	-1.001	0.500	0.496	-0.096	0.010	-0.149
11.698	-0.986	0.505	0.462	2.19	0.01	-0.63	0.08	3.31	-0.89	47559	-1.002	0.499	0.495	-0.095	0.010	-0.151
11.712	-0.985	0.505	0.463	2.19	-0.05	-0.64	0.97	4.39	0.09	47554	-1.004	0.498	0.495	-0.094	0.011	-0.154
11.722	-0.991	0.504	0.463	2.20	-0.06	-0.63	2.07	5.72	0.28	47517	-1.006	0.497	0.495	-0.093	0.011	-0.156
11.731	-0.991	0.504	0.464	2.20	-0.14	-0.63	2.13	6.18	0.64	47537	-1.007	0.497	0.495	-0.092	0.011	-0.158
11.746	-0.992	0.504	0.464	2.21	-0.21	-0.62	2.94	6.71	1.11	47540	-1.009	0.496	0.495	-0.092	0.012	-0.161
11.749	-0.993	0.503	0.465	2.23	-0.29	-0.61	1.81	6.96	1.61	47536	-1.010	0.495	0.495	-0.091	0.012	-0.163
11.760	-0.995	0.502	0.464	2.25	-0.36	-0.59	1.64	5.78	1.63	47731	-1.012	0.495	0.494	-0.090	0.012	-0.165
11.772	-0.994	0.501	0.465	2.26	-0.44	-0.57	0.84	5.78	1.94	47738	-1.013	0.494	0.494	-0.089	0.013	-0.167
11.782	-0.996	0.499	0.465	2.27	-0.50	-0.55	-1.03	4.06	1.63	47741	-1.014	0.493	0.494	-0.088	0.013	-0.170
11.792	-1.008	0.496	0.466	2.27	-0.46	-0.53	-2.10	3.93	1.84	47759	-1.017	0.492	0.494	-0.088	0.013	-0.172
11.799	-1.010	0.496	0.467	2.24	-0.50	-0.51	-3.21	0.23	2.20	47647	-1.020	0.491	0.494	-0.087	0.014	-0.174
11.810	-1.013	0.494	0.467	2.21	-0.51	-0.49	-4.32	0.60	1.55	47645	-1.022	0.489	0.493	-0.087	0.014	-0.176
11.823	-1.014	0.494	0.468	2.16	-0.53	-0.47	-4.93	-1.87	1.99	47636	-1.024	0.488	0.493	-0.086	0.014	-0.178
11.832	-1.013	0.491	0.468	2.12	-0.53	-0.45	-4.19	-1.59	1.40	47650	-1.026	0.487	0.493	-0.085	0.014	-0.179
11.842	-1.013	0.489	0.469	2.08	-0.54	-0.44	-3.95	-1.13	1.51	47659	-1.028	0.485	0.493	-0.085	0.015	-0.181
11.851	-1.015	0.490	0.469	2.02	-0.52	-0.43	-3.97	-0.84	1.32	47640	-1.030	0.484	0.493	-0.084	0.015	-0.183
11.861	-1.013	0.491	0.470	1.95	-0.55	-0.42	-3.07	-0.12	1.23	47641	-1.031	0.483	0.493	-0.083	0.015	-0.185
11.868	-1.018	0.490	0.470	1.91	-0.52	-0.40	-1.94	1.04	1.56	47655	-1.033	0.482	0.493	-0.082	0.016	-0.187
11.879	-1.020	0.490	0.471	1.88	-0.53	-0.39	-0.80	1.64	1.80	47666	-1.034	0.481	0.493	-0.081	0.016	-0.188
11.892	-1.022	0.488	0.471	1.88	-0.55	-0.37	-0.09	1.83	2.42	47596	-1.036	0.480	0.493	-0.081	0.016	-0.190
11.903	-1.024	0.488	0.472	1.86	-0.58	-0.35	0.56	2.96	2.41	47600	-1.038	0.479	0.493	-0.080	0.017	-0.192
11.908	-1.028	0.486	0.472	1.86	-0.59	-0.32	0.84	2.97	2.60	47615	-1.040	0.478	0.493	-0.079	0.017	-0.193
11.919	-1.031	0.478	0.473	1.92	-0.62	-0.29	1.26	3.43	2.37	47616	-1.042	0.476	0.493	-0.079	0.017	-0.195
11.932	-1.030	0.477	0.474	1.92	-0.68	-0.27	0.49	4.05	2.18	47608	-1.044	0.475	0.493	-0.078	0.017	-0.196
11.942	-1.036	0.478	0.474	1.91	-0.68	-0.24	-0.02	2.86	1.89	47487	-1.046	0.473	0.493	-0.078	0.018	-0.197
11.952	-1.038	0.477	0.475	1.90	-0.72	-0.22	-1.20	2.09	1.47	47494	-1.049	0.472	0.493	-0.077	0.018	-0.199
11.959	-1.037	0.477	0.475	1.88	-0.76	-0.21	-1.03	0.24	2.02	47476	-1.051	0.470	0.493	-0.076	0.018	-0.200
11.973	-1.041	0.474	0.476	1.87	-0.75	-0.19	-2.51	-1.74	2.51	47471	-1.053	0.469	0.493	-0.076	0.019	-0.201
11.980	-1.040	0.472	0.474	1.84	-0.76	-0.16	-3.75	-1.90	1.87	47784	-1.054	0.467	0.492	-0.075	0.019	-0.203
11.993	-1.044	0.469	0.475	1.81	-0.73	-0.14	-3.45	-2.26	2.54	47790	-1.056	0.465	0.492	-0.074	0.019	-0.204
12.001	-1.042	0.469	0.475	1.76	-0.73	-0.12	-4.60	-2.38	2.47	47799	-1.058	0.464	0.492	-0.074	0.019	-0.205
12.012	-1.044	0.470	0.475	1.69	-0.71	-0.10	-4.12	-2.12	2.81	47811	-1.060	0.463	0.492	-0.073	0.020	-0.207
12.018	-1.045	0.470	0.476	1.63	-0.69	-0.07	-4.19	-1.39	2.63	47722	-1.061	0.461	0.492	-0.072	0.020	-0.208
12.032	-1.047	0.470	0.477	1.58	-0.68	-0.05	-3.74	0.02	2.31	47710	-1.063	0.460	0.491	-0.071	0.021	-0.209
12.042	-1.048	0.467	0.477	1.54	-0.69	-0.02	-1.65	0.98	1.70	47713	-1.064	0.459	0.491	-0.070	0.021	-0.210
12.051	-1.049	0.466	0.477	1.52	-0.71	-0.01	0.01	2.16	1.70	47710	-1.066	0.458	0.491	-0.069	0.021	-0.211
12.062	-1.050	0.462	0.478	1.53	-0.73	0.01	1.95	2.54	1.66	47696	-1.067	0.456	0.491	-0.069	0.022	-0.212
12.072	-1.051	0.462	0.478	1.53	-0.76	0.03	3.52	1.66	1.86	47669	-1.068	0.455	0.491	-0.068	0.022	-0.213
12.078	-1.052	0.458	0.478	1.58	-0.78	0.05	5.74	0.83	2.68	47680	-1.069	0.453	0.491	-0.067	0.022	-0.214
12.093	-1.054	0.457	0.479	1.63	-0.79	0.07	5.41	-0.31	2.18	47690	-1.071	0.452	0.491	-0.066	0.023	-0.215
12.101	-1.061	0.455	0.479	1.68	-0.74	0.10	4.47	-0.80	1.42	47702	-1.073	0.450	0.491	-0.065	0.023	-0.216
12.112	-1.062	0.455	0.480	1.71	-0.74	0.11	3.06	-1.87	1.62	47665	-1.075	0.448	0.491	-0.065	0.023	-0.217
12.121	-1.063	0.452	0.480	1.74	-0.73	0.12	1.16	-2.09	1.27	47657	-1.076	0.447	0.491	-0.064	0.023	-0.217
12.132	-1.068	0.452	0.480	1.74	-0.68	0.14	-1.78	-2.06	1.05	47648	-1.079	0.445	0.491	-0.063	0.024	-0.218
12.142	-1.070	0.447	0.481	1.75	-0.66	0.15	-3.07	-1.73	0.69	47655	-1.081	0.443	0.491	-0.063	0.024	-0.219
12.151	-1.069	0.443	0.479	1.73	-0.66	0.15	-5.13	-3.27	1.08	47659	-1.083	0.441	0.490	-0.062	0.024	-0.220
12.162	-1.070	0.444	0.480	1.65	-0.64	0.16	-5.80	-2.47	0.84	47938	-1.084	0.439	0.490	-0.062	0.024	-0.221
12.169	-1.070	0.449	0.480	1.54	-0.63	0.17	-6.14	-1.98	0.72	47939	-1.086	0.438	0.490	-0.061	0.025	-0.221
12.180	-1.070	0.449	0.480	1.46	-0.63	0.18	-5.74	-2.61	1.72	47955	-1.087	0.437	0.489	-0.060	0.026	-0.222
12.192	-1.078	0.439	0.480	1.46	-0.55	0.20	-4.31	-1.17	1.22	47970	-1.089	0.435	0.489	-0.059	0.026	-0.223
12.202	-1.080	0.436	0.481	1.41	-0.54	0.21	-2.42	-0.45	1.25	47917	-1.091	0.433	0.489	-0.059	0.026	-0.223
12.210	-1.080	0.437	0.481	1.36	-0.54	0.22	-1.40	1.13	1.07	47907	-1.093	0.431	0.489	-0.058	0.026	-0.224
12.220	-1.085	0.428	0.481	1.40	-0.53	0.23	-0.14	2.59	0.70	47914	-1.095	0.428	0.489	-0.058	0.026	-0.224
12.232	-1.085	0.425	0.482	1.40	-0.56	0.24	1.10	3.35	1.08	47896	-1.097	0.426	0.489	-0.057	0.026	-0.225
12.242	-1.087	0.425	0.483	1.39	-0.60	0.25	1.30	5.72	0.15	47716	-1.099	0.423	0.489	-0.056	0.026	-0.225
12.252	-1.088	0.422	0.483	1.40	-0.65	0.26	1.05	5.83	0.43	47715	-1.101	0.421	0.489	-0.056	0.026	-0.226
12.262	-1.088	0.426	0.483	1.37	-0.73	0.26	0.76	4.41	1.31	47707	-1.102	0.419	0.489	-0.055	0.027	-0.226
12.272	-1.095	0.420	0.484	1.40	-0.73	0.28	-0.69	4.79	0.63	47696	-1.105	0.417	0.489	-0.054	0.027	-0.227
12.282	-1.097	0.421	0.484	1.36	-0.77	0.29	-1.93	2.85	1.42	47681	-1.107	0.415	0.489	-0.054	0.027	-0.227
12.290	-1.098	0.419	0.485	1.33	-0.81	0.30	-3.23	2.36	0.06	47600	-1.109	0.413	0.489	-0.053	0.027	-0.227
12.302	-1.098	0.415	0.485	1.31	-0.85	0.30	-3.73	1.57	0.69	47584	-1.111	0.411	0.489	-0.053	0.028	-0.228
12.311	-1.100	0.411	0.485	1.29	-0.86	0.30	-3.56	1.26	0.64	47569	-1.113	0.408	0.489	-0.052	0.028	-0.228
12.321	-1.102	0.409	0.486	1.25	-0.87	0.31	-4.40	0.21	0.16	47570	-1.115	0.406	0.489	-0.051	0.028	-0.228
12.332	-1.103	0.410	0.485	1.18	-0.88	0.31	-3.87	-0.12	0.46	47718	-1.116	0.404	0.489	-0.051	0.028	-0.228
12.343	-1.104	0.407	0.485	1.14	-0.88	0.32	-4.36	0.57	0.11	47712	-1.118	0.402	0.488	-0.050	0.028	-0.228
12.351	-1.109	0.400	0.486	1.12	-0.86	0.32	-2.95	0.84	-0.10	47720	-1.120	0.399	0.488	-0.049	0.028	-0.229
12.361	-1.110	0.398	0.486	1.09	-0.87	0.32	-3.35	1.79	-0.28	47734	-1.122	0.397	0.488	-0.049	0.029	-0.229
12.372	-1.115	0.387	0.485	1.12	-0.86	0.31	-2.56	2.90	-0.22	47747	-1.124	0.393	0.488	-0.048	0.028	-0.229
12.382	-1.115	0.388	0.485	1.06	-0.90	0.31	-1.70	3.96	-0.28	48050	-1.126	0.390	0.488	-0.048	0.028	-0.229
12.392	-1.115	0.384	0.485	1.05	-0.95	0.31	-1.72	5.07	-0.83	48067	-1.128	0.387	0.487	-0.047	0.028	-0.229
12.402	-1.117	0.386	0.485	0.99	-1.01	0.30	-2.24	6.80	-1.01	48067	-1.130	0.384	0.487	-0.047	0.028	-0.230
12.410	-1.115	0.387	0.485	0.94	-1.10	0.29	-2.17	6.46	-1.05	48059	-1.131	0.382	0.487	-0.046	0.028	-0.230
12.421	-1.122	0.387	0.485	0.90	-1.12	0.28	-2.47	6.73	-0.86	48113	-1.133	0.380	0.487	-0.045	0.029	-0.230
12.432	-1.124	0.384	0.485	0.88	-1.19	0.27	-2.61	5.36	-1.19	48132	-1.135	0.378	0.486	-0.045	0.029	-0.230
12.447	-1.128	0.378	0.486	0.88	-1.22	0.26	-3.93	5.13	-0.93	48144	-1.138	0.375	0.486	-0.044	0.029	-0.230
12.452	-1.130	0.372	0.486	0.86	-1.27	0.25	-3.46	3.77	-0.91	48144	-1.140	0.372	0.486	-0.044	0.029	-0.230
12.462	-1.131	0.369	0.486	0.82	-1.31	0.24	-3.13	1.87	-0.59	48060	-1.142	0.370	0.486	-0.043	0.029	-0.230
12.472	-1.132	0.371	0.486	0.76	-1.33	0.24	-3.06	0.45	-0.99	48051	-1.144	0.367	0.486	-0.042	0.029	-0.230
12.482	-1.134	0.368	0.487	0.73	-1.34	0.23	-4.00	-1.34	-0.55	48040	-1.146	0.365	0.486	-0.042	0.030	-0.230
12.491	-1.135	0.364	0.487	0.70	-1.33	0.22	-3.22	-1.33	-0.42	48030	-1.148	0.362	0.486	-0.041	0.030	-0.230
12.502	-1.136	0.361	0.487	0.66	-1.32	0.22	-3.66	-1.94	-0.30	48026	-1.150	0.359	0.486	-0.040	0.030	-0.230
12.512	-1.140	0.353	0.487	0.67	-1.28	0.22	-2.96	-1.68	-0.54	48089	-1.152	0.356	0.486	-0.040	0.030	-0.230
12.519	-1.142	0.349	0.487	0.65	-1.26	0.21	-2.95	-1.96	-1.28	48084	-1.154	0.352	0.485	-0.039	0.029	-0.229
12.530	-1.144	0.346	0.487	0.62	-1.24	0.20	-2.74	-0.59	-0.70	48083	-1.156	0.349	0.485	-0.039	0.029	-0.229
12.542	-1.145	0.342	0.487	0.60	-1.23	0.19	-1.74	0.53	-1.23	48082	-1.158	0.345	0.485	-0.038	0.029	-0.229
12.552	-1.147	0.342	0.487	0.55	-1.23	0.18	-2.55	2.23	-1.31	48111	-1.160	0.342	0.485	-0.037	0.029	-0.229
12.561	-1.148	0.337	0.487	0.55	-1.26	0.17	-1.46	3.51	-0.92	48103	-1.161	0.339	0.485	-0.037	0.029	-0.229
12.572	-1.148	0.338	0.488	0.50	-1.30	0.16	-1.77	4.67	-1.04	48086	-1.163	0.336	0.485	-0.036	0.029	-0.229
12.582	-1.149	0.335	0.488	0.48	-1.35	0.15	-2.87	5.02	-1.06	48074	-1.165	0.333	0.485	-0.035	0.029	-0.228
12.591	-1.152	0.329	0.488	0.47	-1.38	0.14	-2.01	5.17	-0.93	48061	-1.166	0.330	0.485	-0.034	0.029	-0.228
12.600	-1.154	0.325	0.489	0.45	-1.43	0.13	-3.05	4.24	-0.99	47967	-1.168	0.327	0.485	-0.034	0.029	-0.228
12.612	-1.153	0.326	0.489	0.40	-1.49	0.12	-3.23	2.76	-0.66	47949	-1.170	0.324	0.485	-0.033	0.029	-0.228
12.621	-1.157	0.327	0.489	0.33	-1.50	0.11	-2.73	1.46	-0.44	47934	-1.171	0.322	0.485	-0.032	0.029	-0.227
12.630	-1.155	0.328	0.489	0.27	-1.54	0.11	-2.14	0.16	-0.54	47917	-1.173	0.320	0.485	-0.031	0.030	-0.227
12.640	-1.159	0.324	0.490	0.26	-1.52	0.10	-1.39	-0.96	-0.59	47849	-1.174	0.318	0.485	-0.030	0.030	-0.227
12.652	-1.161	0.325	0.490	0.21	-1.50	0.09	-0.05	-1.74	-1.20	47834	-1.176	0.316	0.485	-0.030	0.030	-0.226
12.665	-1.161	0.325	0.490	0.19	-1.49	0.08	0.46	-2.95	-1.59	47808	-1.177	0.314	0.485	-0.029	0.031	-0.226
12.677	-1.164	0.312	0.490	0.27	-1.45	0.07	1.66	-3.32	-1.13	47799	-1.179	0.312	0.485	-0.028	0.031	-0.225
12.681	-1.164	0.311	0.490	0.26	-1.43	0.06	2.00	-3.13	-1.57	47916	-1.180	0.309	0.485	-0.027	0.031	-0.225
12.691	-1.167	0.312	0.490	0.26	-1.38	0.04	2.67	-2.60	-1.28	47905	-1.182	0.307	0.485	-0.026	0.031	-0.225
12.702	-1.166	0.315	0.491	0.24	-1.37	0.02	3.67	-0.86	-1.13	47892	-1.183	0.305	0.485	-0.026	0.032	-0.224
12.712	-1.168	0.312	0.491	0.28	-1.36	0.01	3.10	0.30	-1.01	47888	-1.185	0.303	0.485	-0.025	0.032	-0.224
12.722	-1.170	0.313	0.491	0.28	-1.35	0.00	3.21	1.49	-0.68	47875	-1.186	0.302	0.485	-0.024	0.033	-0.223
12.729	-1.174	0.304	0.492	0.36	-1.33	-0.01	4.09	2.66	-0.41	47731	-1.188	0.300	0.485	-0.023	0.033	-0.223
12.741	-1.176	0.301	0.492	0.40	-1.36	-0.01	4.07	3.67	-0.63	47735	-1.190	0.297	0.485	-0.022	0.033	-0.222
12.752	-1.177	0.298	0.493	0.44	-1.40	-0.02	4.40	4.25	-0.59	47738	-1.191	0.295	0.485	-0.022	0.034	-0.222
12.761	-1.178	0.299	0.493	0.45	-1.43	-0.03	4.30	4.03	-0.75	47732	-1.193	0.293	0.485	-0.021	0.034	-0.221
12.771	-1.179	0.296	0.492	0.49	-1.47	-0.03	3.89	3.93	-0.94	47878	-1.195	0.290	0.485	-0.020	0.034	-0.221
12.779	-1.183	0.282	0.492	0.61	-1.49	-0.04	3.49	2.99	-0.63	47892	-1.197	0.287	0.485	-0.020	0.034	-0.220
12.791	-1.184	0.282	0.493	0.63	-1.53	-0.05	2.67	2.37	-1.07	47899	-1.198	0.284	0.485	-0.019	0.034	-0.220
12.801	-1.185	0.279	0.493	0.65	-1.55	-0.06	1.70	0.76	-1.33	47901	-1.200	0.281	0.485	-0.018	0.034	-0.219
12.811	-1.187	0.280	0.493	0.64	-1.55	-0.07	0.84	-1.39	-1.40	47907	-1.202	0.278	0.485	-0.017	0.034	-0.218
12.821	-1.188	0.277	0.493	0.65	-1.54	-0.09	-0.59	-2.20	-0.80	47921	-1.203	0.275	0.485	-0.017	0.034	-0.218
12.829	-1.188	0.272	0.493	0.66	-1.53	-0.09	-1.33	-2.88	-0.33	47935	-1.205	0.272	0.485	-0.016	0.034	-0.217
12.840	-1.189	0.269	0.494	0.64	-1.50	-0.10	-2.13	-3.22	0.04	47936	-1.206	0.269	0.485	-0.015	0.034	-0.217
12.852	-1.189	0.275	0.494	0.56	-1.48	-0.10	-1.34	-2.72	-0.30	47933	-1.207	0.267	0.485	-0.014	0.034	-0.216
12.861	-1.192	0.267	0.492	0.59	-1.43	-0.10	-1.95	-1.80	-0.11	48308	-1.209	0.265	0.485	-0.013	0.034	-0.215
12.871	-1.194	0.258	0.492	0.61	-1.40	-0.11	-1.97	0.07	-0.56	48315	-1.210	0.261	0.485	-0.012	0.034	-0.215
12.881	-1.195	0.255	0.492	0.59	-1.40	-0.11	-1.10	2.10	-0.78	48306	-1.212	0.258	0.484	-0.011	0.034	-0.214
12.891	-1.194	0.252	0.492	0.58	-1.43	-0.12	0.16	4.15	-0.34	48300	-1.213	0.255	0.484	-0.010	0.034	-0.214
12.902	-1.199	0.248	0.492	0.58	-1.44	-0.12	0.85	5.72	0.06	48394	-1.214	0.251	0.484	-0.010	0.034	-0.213
12.912	-1.200	0.240	0.492	0.62	-1.50	-0.12	-0.11	6.06	0.39	48397	-1.216	0.247	0.484	-0.009	0.033	-0.213
12.921	-1.200	0.237	0.492	0.62	-1.55	-0.12	-0.17	4.80	0.63	48387	-1.217	0.243	0.484	-0.008	0.033	-0.212
12.931	-1.201	0.234	0.492	0.62	-1.60	-0.11	0.28	4.19	0.60	48369	-1.219	0.239	0.484	-0.007	0.033	-0.211
12.941	-1.201	0.238	0.492	0.56	-1.65	-0.11	0.17	3.15	1.26	48351	-1.220	0.237	0.483	-0.006	0.033	-0.211
12.948	-1.201	0.240	0.492	0.53	-1.68	-0.09	-1.82	1.73	0.35	48347	-1.221	0.234	0.483	-0.005	0.033	-0.210
12.959	-1.204	0.234	0.492	0.53	-1.68	-0.09	-2.69	-0.44	1.08	48336	-1.222	0.232	0.483	-0.004	0.033	-0.209
12.972	-1.206	0.236	0.492	0.47	-1.67	-0.08	-3.94	-1.17	0.03	48316	-1.223	0.229	0.483	-0.003	0.034	-0.209
12.980	-1.204	0.229	0.492	0.46	-1.68	-0.08	-3.60	-2.86	0.70	48308	-1.224	0.227	0.483	-0.002	0.034	-0.208
12.991	-1.206	0.219	0.492	0.47	-1.64	-0.07	-1.41	-3.05	0.49	48329	-1.225	0.223	0.483	-0.001	0.034	-0.207
13.000	-1.206	0.222	0.492	0.41	-1.61	-0.06	-1.57	-3.01	0.53	48300	-1.226	0.220	0.483	-0.000	0.034	-0.206
13.011	-1.206	0.226	0.493	0.34	-1.58	-0.06	-0.11	-3.25	0.68	48272	-1.227	0.218	0.483	0.001	0.034	-0.206
13.022	-1.209	0.212	0.493	0.42	-1.53	-0.05	-0.64	-3.14	0.48	48263	-1.228	0.215	0.483	0.002	0.034	-0.205
13.031	-1.208	0.205	0.492	0.45	-1.52	-0.04	0.23	-0.92	-0.12	48242	-1.229	0.211	0.483	0.003	0.034	-0.204
13.042	-1.208	0.201	0.493	0.45	-1.51	-0.04	1.66	-0.29	0.52	48259	-1.230	0.207	0.483	0.004	0.033	-0.204
13.051	-1.209	0.195	0.493	0.48	-1.50	-0.04	1.01	1.42	0.76	48245	-1.230	0.203	0.483	0.005	0.033	-0.203
13.057	-1.209	0.198	0.493	0.45	-1.52	-0.03	-0.00	2.14	0.24	48231	-1.231	0.200	0.483	0.006	0.033	-0.202
13.071	-1.211	0.190	0.493	0.48	-1.52	-0.03	-0.86	2.44	0.81	48218	-1.232	0.196	0.483	0.007	0.033	-0.201
13.081	-1.214	0.191	0.492	0.44	-1.53	-0.02	-2.97	2.78	0.44	48346	-1.233	0.192	0.483	0.008	0.033	-0.201
13.092	-1.214	0.188	0.492	0.41	-1.56	-0.02	-4.02	1.70	0.89	48326	-1.234	0.189	0.483	0.009	0.033	-0.200
13.101	-1.214	0.192	0.493	0.32	-1.59	-0.01	-4.86	2.52	0.24	48310	-1.234	0.187	0.483	0.010	0.033	-0.199
13.112	-1.214	0.188	0.493	0.27	-1.61	-0.01	-6.16	0.25	0.49	48291	-1.235	0.184	0.483	0.011	0.033	-0.198
13.121	-1.214	0.180	0.493	0.25	-1.62	0.00	-5.07	0.96	0.26	48183	-1.236	0.181	0.483	0.012	0.033	-0.197
13.130	-1.215	0.182	0.493	0.16	-1.62	0.00	-4.51	-0.24	-0.02	48161	-1.236	0.178	0.483	0.013	0.033	-0.197
13.140	-1.218	0.175	0.494	0.14	-1.60	0.00	-3.04	-2.37	-0.63	48160	-1.237	0.175	0.483	0.014	0.033	-0.196
13.151	-1.218	0.171	0.494	0.11	-1.57	-0.00	-1.48	-3.05	-0.20	48140	-1.238	0.172	0.483	0.015	0.033	-0.195
13.161	-1.219	0.169	0.494	0.08	-1.54	-0.01	0.68	-4.80	0.15	48113	-1.239	0.169	0.483	0.016	0.033	-0.194
13.171	-1.219	0.172	0.494	0.04	-1.49	-0.01	0.82	-4.90	0.63	48158	-1.240	0.166	0.483	0.017	0.033	-0.193
13.181	-1.220	0.176	0.494	0.00	-1.44	-0.01	0.95	-5.20	0.06	48149	-1.240	0.165	0.483	0.018	0.034	-0.193
13.191	-1.220	0.175	0.494	-0.01	-1.39	-0.01	1.26	-3.66	0.24	48131	-1.241	0.163	0.483	0.019	0.035	-0.192
13.198	-1.221	0.181	0.494	-0.05	-1.35	-0.01	1.06	-2.45	0.02	48106	-1.242	0.163	0.483	0.021	0.036	-0.191
13.212	-1.221	0.168	0.495	0.04	-1.33	-0.00	1.87	-0.07	-0.28	47998	-1.242	0.161	0.483	0.022	0.036	-0.190
13.221	-1.222	0.168	0.495	0.03	-1.32	-0.01	2.18	1.66	-0.34	47978	-1.243	0.159	0.483	0.023	0.036	-0.189
13.231	-1.222	0.165	0.496	0.06	-1.33	-0.01	2.65	3.32	-0.14	47950	-1.243	0.157	0.484	0.024	0.037	-0.188
13.241	-1.222	0.163	0.496	0.09	-1.36	-0.01	3.25	4.14	-0.02	47930	-1.244	0.155	0.484	0.025	0.037	-0.187
13.251	-1.223	0.155	0.496	0.15	-1.40	-0.01	4.85	5.11	0.76	47931	-1.244	0.153	0.484	0.026	0.037	-0.186
13.262	-1.222	0.154	0.496	0.18	-1.46	-0.01	4.64	4.97	1.12	48016	-1.245	0.150	0.484	0.027	0.037	-0.185
13.272	-1.226	0.147	0.496	0.25	-1.48	0.00	4.66	5.09	0.73	48017	-1.245	0.147	0.484	0.028	0.037	-0.184
13.281	-1.225	0.149	0.496	0.26	-1.53	0.01	3.94	3.83	0.64	48000	-1.246	0.145	0.484	0.029	0.038	-0.184
13.291	-1.225	0.146	0.497	0.30	-1.57	0.02	3.45	2.90	0.80	48002	-1.246	0.142	0.484	0.030	0.038	-0.183
13.301	-1.227	0.147	0.496	0.31	-1.59	0.02	2.53	1.85	0.26	48142	-1.247	0.140	0.484	0.031	0.038	-0.182
13.311	-1.226	0.144	0.496	0.33	-1.61	0.03	0.89	1.49	0.23	48141	-1.248	0.138	0.484	0.032	0.039	-0.181
13.318	-1.226	0.147	0.496	0.30	-1.63	0.02	-0.03	0.04	0.03	48138	-1.248	0.137	0.484	0.033	0.039	-0.180
13.332	-1.226	0.144	0.497	0.30	-1.63	0.02	-1.19	-0.03	-0.38	48148	-1.248	0.135	0.484	0.035	0.040	-0.179
13.341	-1.227	0.141	0.497	0.29	-1.63	0.02	-0.98	-1.57	0.13	48141	-1.249	0.133	0.484	0.036	0.040	-0.178
13.350	-1.227	0.138	0.497	0.28	-1.61	0.03	0.57	-2.41	0.54	48143	-1.249	0.131	0.485	0.037	0.040	-0.177
13.357	-1.230	0.135	0.497	0.29	-1.56	0.03	0.60	-2.27	0.66	48137	-1.249	0.129	0.485	0.038	0.041	-0.176
13.368	-1.230	0.137	0.497	0.26	-1.54	0.03	1.31	-1.94	0.30	48140	-1.250	0.128	0.485	0.039	0.041	-0.175
13.381	-1.232	0.130	0.497	0.30	-1.51	0.04	1.33	-0.66	0.49	48146	-1.251	0.125	0.485	0.040	0.041	-0.174
13.391	-1.232	0.125	0.499	0.33	-1.50	0.04	1.85	0.78	0.50	47953	-1.251	0.123	0.485	0.041	0.041	-0.173
13.399	-1.231	0.122	0.499	0.35	-1.50	0.05	2.78	2.21	0.36	47941	-1.252	0.120	0.485	0.042	0.041	-0.172
13.409	-1.231	0.124	0.499	0.34	-1.53	0.05	2.81	3.79	0.58	47940	-1.252	0.118	0.486	0.043	0.042	-0.171
13.421	-1.231	0.121	0.499	0.37	-1.56	0.05	2.71	4.56	0.61	47918	-1.252	0.116	0.486	0.044	0.042	-0.170
13.432	-1.231	0.118	0.499	0.40	-1.61	0.06	2.43	4.71	0.67	48002	-1.253	0.114	0.486	0.045	0.042	-0.169
13.440	-1.230	0.122	0.499	0.37	-1.66	0.06	1.41	4.00	0.57	47995	-1.253	0.112	0.486	0.046	0.043	-0.168
13.449	-1.233	0.122	0.499	0.37	-1.68	0.07	3.04	3.44	0.42	48001	-1.253	0.111	0.486	0.047	0.043	-0.167
13.461	-1.233	0.112	0.499	0.45	-1.71	0.07	2.81	1.57	0.24	47994	-1.254	0.109	0.486	0.048	0.043	-0.166
13.472	-1.233	0.114	0.501	0.44	-1.72	0.07	3.45	0.00	0.39	47972	-1.254	0.107	0.486	0.049	0.044	-0.165
13.484	-1.233	0.114	0.501	0.46	-1.72	0.07	3.43	-1.36	0.29	47735	-1.254	0.105	0.487	0.051	0.044	-0.164
13.491	-1.234	0.113	0.501	0.48	-1.70	0.08	2.96	-2.34	0.21	47737	-1.254	0.104	0.487	0.052	0.045	-0.163
13.499	-1.236	0.106	0.502	0.53	-1.66	0.08	2.91	-4.02	0.65	47726	-1.255	0.102	0.487	0.053	0.045	-0.162
13.512	-1.235	0.104	0.502	0.56	-1.62	0.08	1.68	-4.62	0.29	47708	-1.255	0.100	0.488	0.054	0.045	-0.161
13.517	-1.236	0.099	0.501	0.59	-1.57	0.09	2.18	-4.51	-0.01	47860	-1.256	0.097	0.488	0.055	0.045	-0.160
13.532	-1.235	0.096	0.502	0.61	-1.52	0.09	0.96	-2.73	-0.55	47863	-1.256	0.094	0.488	0.056	0.045	-0.159
13.541	-1.234	0.099	0.502	0.58	-1.50	0.08	-0.56	-0.86	-0.58	47858	-1.256	0.093	0.488	0.057	0.046	-0.158
13.553	-1.234	0.096	0.502	0.57	-1.49	0.07	-2.34	-0.65	-0.88	47855	-1.256	0.091	0.488	0.058	0.046	-0.156
13.561	-1.234	0.099	0.502	0.51	-1.48	0.06	-3.36	2.66	-0.59	47868	-1.256	0.089	0.488	0.059	0.046	-0.155
13.569	-1.233	0.090	0.502	0.52	-1.51	0.05	-3.63	4.11	-0.77	47892	-1.256	0.087	0.488	0.060	0.047	-0.154
13.581	-1.233	0.091	0.502	0.46	-1.54	0.05	-4.71	4.17	0.10	47899	-1.256	0.085	0.488	0.061	0.047	-0.153
13.591	-1.233	0.088	0.503	0.41	-1.59	0.05	-4.56	4.26	0.40	47900	-1.256	0.083	0.488	0.063	0.047	-0.152
13.601	-1.233	0.088	0.503	0.34	-1.63	0.05	-4.36	3.93	0.32	47898	-1.256	0.081	0.488	0.064	0.047	-0.151
13.610	-1.234	0.081	0.503	0.33	-1.66	0.05	-3.87	3.26	0.76	47822	-1.256	0.079	0.489	0.065	0.048	-0.150
13.619	-1.233	0.078	0.504	0.30	-1.69	0.06	-2.37	2.90	0.53	47822	-1.256	0.076	0.489	0.066	0.048	-0.149
13.631	-1.233	0.081	0.504	0.23	-1.71	0.06	-1.20	2.00	0.49	47799	-1.256	0.074	0.489	0.067	0.048	-0.148
13.640	-1.232	0.082	0.504	0.19	-1.74	0.07	-1.04	1.04	0.40	47781	-1.255	0.073	0.489	0.068	0.048	-0.147
13.651	-1.232	0.077	0.505	0.19	-1.74	0.07	0.18	-0.14	-0.02	47724	-1.255	0.071	0.489	0.069	0.049	-0.145
13.658	-1.233	0.077	0.505	0.18	-1.73	0.07	1.01	-1.50	0.05	47713	-1.255	0.069	0.489	0.071	0.049	-0.144
13.669	-1.232	0.074	0.505	0.19	-1.72	0.07	2.75	-2.41	0.21	47689	-1.255	0.068	0.490	0.072	0.049	-0.143
13.680	-1.231	0.073	0.505	0.20	-1.70	0.07	3.99	-3.57	0.45	47684	-1.254	0.066	0.490	0.073	0.050	-0.142
13.691	-1.230	0.071	0.504	0.24	-1.66	0.08	5.27	-3.99	0.34	47689	-1.254	0.064	0.490	0.074	0.050	-0.141
13.700	-1.231	0.065	0.504	0.31	-1.61	0.08	4.15	-4.25	0.53	47913	-1.254	0.062	0.490	0.075	0.050	-0.140
13.712	-1.231	0.063	0.504	0.35	-1.57	0.09	4.06	-2.92	0.72	47894	-1.253	0.060	0.490	0.076	0.050	-0.139
13.721	-1.231	0.056	0.505	0.42	-1.53	0.10	2.70	-2.54	0.50	47895	-1.253	0.057	0.490	0.078	0.050	-0.138
13.730	-1.230	0.057	0.505	0.42	-1.50	0.10	1.75	-1.32	0.22	47911	-1.253	0.055	0.490	0.079	0.050	-0.136
13.741	-1.229	0.058	0.504	0.41	-1.49	0.09	0.56	-0.28	-0.48	48048	-1.252	0.053	0.490	0.080	0.051	-0.135
13.752	-1.228	0.055	0.504	0.41	-1.49	0.09	-1.18	1.98	-0.51	48041	-1.252	0.051	0.490	0.081	0.051	-0.134
13.758	-1.228	0.061	0.504	0.34	-1.51	0.08	-2.19	3.77	-0.83	48050	-1.251	0.050	0.490	0.082	0.052	-0.133
13.771	-1.227	0.057	0.504	0.33	-1.55	0.07	-3.04	4.57	-0.57	48066	-1.251	0.048	0.490	0.083	0.052	-0.132
13.781	-1.229	0.051	0.505	0.33	-1.57	0.07	-2.91	3.71	-0.70	48080	-1.251	0.046	0.490	0.085	0.052	-0.131
13.791	-1.229	0.050	0.506	0.28	-1.60	0.06	-2.13	3.78	-1.02	47890	-1.250	0.045	0.490	0.086	0.052	-0.130
13.800	-1.228	0.048	0.506	0.26	-1.64	0.05	-0.37	1.85	-1.11	47876	-1.250	0.043	0.490	0.087	0.053	-0.128
13.809	-1.229	0.041	0.506	0.28	-1.65	0.04	0.88	0.28	-1.53	47875	-1.250	0.040	0.490	0.088	0.053	-0.127
13.822	-1.229	0.041	0.506	0.27	-1.64	0.02	1.50	-0.57	-1.24	47876	-1.250	0.038	0.490	0.089	0.053	-0.126
13.828	-1.230	0.036	0.506	0.30	-1.63	0.01	2.69	-1.26	-1.17	47789	-1.249	0.036	0.490	0.090	0.053	-0.125
13.841	-1.229	0.033	0.507	0.33	-1.61	-0.00	3.12	-2.31	-1.46	47773	-1.249	0.033	0.491	0.091	0.053	-0.124
13.852	-1.225	0.034	0.507	0.33	-1.61	-0.02	2.58	-1.74	-1.97	47774	-1.249	0.031	0.491	0.092	0.053	-0.122
13.861	-1.224	0.031	0.507	0.36	-1.59	-0.03	1.01	-1.14	-2.60	47776	-1.248	0.029	0.491	0.093	0.053	-0.121
13.867	-1.224	0.034	0.507	0.33	-1.57	-0.06	-0.12	-0.04	-2.73	47839	-1.247	0.027	0.491	0.094	0.054	-0.120
13.880	-1.225	0.032	0.507	0.32	-1.56	-0.09	-1.07	1.89	-3.04	47836	-1.247	0.026	0.491	0.096	0.054	-0.119
13.891	-1.225	0.026	0.507	0.34	-1.57	-0.12	-2.18	2.93	-2.86	47854	-1.246	0.023	0.491	0.097	0.054	-0.118
13.901	-1.224	0.023	0.507	0.31	-1.60	-0.15	-2.45	2.46	-3.26	47864	-1.246	0.021	0.491	0.098	0.054	-0.116
13.909	-1.224	0.020	0.507	0.29	-1.61	-0.18	-3.17	1.74	-3.01	47865	-1.245	0.019	0.491	0.099	0.054	-0.115
13.922	-1.225	0.019	0.507	0.25	-1.61	-0.22	-3.84	2.34	-3.56	47874	-1.245	0.017	0.491	0.100	0.054	-0.114
13.931	-1.226	0.013	0.507	0.23	-1.63	-0.25	-2.33	1.47	-3.29	47873	-1.245	0.014	0.491	0.101	0.054	-0.113
13.941	-1.225	0.013	0.507	0.19	-1.64	-0.28	-2.77	0.64	-3.68	47885	-1.244	0.012	0.492	0.102	0.054	-0.112
13.951	-1.221	0.015	0.508	0.13	-1.67	-0.32	-5.96	-2.34	-4.56	47896	-1.244	0.010	0.492	0.103	0.055	-0.110
13.961	-1.223	0.019	0.507	0.02	-1.62	-0.37	-13.33	-9.50	-4.53	48102	-1.243	0.009	0.491	0.104	0.055	-0.109
13.971	-1.225	0.012	0.507	-0.08	-1.50	-0.41	-23.00	-17.81	-4.22	48106	-1.243	0.007	0.491	0.105	0.055	-0.108
13.980	-1.230	0.019	0.507	-0.37	-1.29	-0.47	-33.48	-26.46	-3.68	48116	-1.244	0.006	0.491	0.106	0.056	-0.107
13.990	-1.229	0.011	0.507	-0.67	-1.03	-0.50	-41.46	-33.22	-3.76	48138	-1.244	0.005	0.491	0.106	0.056	-0.106
14.001	-1.232	0.018	0.505	-1.14	-0.66	-0.54	-48.84	-37.86	-3.77	48159	-1.244	0.004	0.491	0.107	0.057	-0.105
14.012	-1.232	0.010	0.505	-1.58	-0.28	-0.57	-52.16	-41.23	-3.90	48440	-1.245	0.003	0.491	0.108	0.057	-0.103
14.020	-1.237	0.005	0.505	-2.09	0.18	-0.60	-51.23	-41.41	-4.22	48455	-1.246	0.001	0.491	0.108	0.058	-0.102
14.031	-1.239	0.012	0.505	-2.66	0.61	-0.63	-47.85	-38.46	-3.96	48445	-1.247	0.000	0.490	0.108	0.058	-0.101
14.037	-1.240	0.004	0.505	-3.10	1.02	-0.65	-41.43	-33.67	-3.49	48441	-1.248	-0.001	0.490	0.109	0.058	-0.100
14.051	-1.244	0.005	0.500	-3.55	1.39	-0.67	-33.57	-27.17	-3.45	49345	-1.249	-0.002	0.489	0.109	0.059	-0.099
