t	x	y	z	roll	pitch	yaw	g_x	g_y	g_z	thrust	eso_x	eso_y	eso_z	dist_x	dist_y	dist_z
0.028	-0.639	-0.035	0.000	-0.41	0.97	-0.14	0.23	0.12	0.10	0	-0.639	-0.035	0.000	0.000	-0.000	-0.000
0.039	-0.639	-0.035	0.000	-0.40	0.97	-0.14	-0.00	-0.12	-0.16	0	-0.639	-0.035	-0.001	-0.000	-0.000	0.000
0.048	-0.638	-0.035	0.000	-0.37	0.91	-0.15	0.07	-0.10	-0.00	0	-0.639	-0.035	-0.002	0.000	-0.000	0.000
0.059	-0.639	-0.035	0.000	-0.38	0.96	-0.14	0.07	-0.03	-0.01	0	-0.639	-0.035	-0.004	0.000	-0.000	0.001
0.066	-0.638	-0.035	0.000	-0.40	0.93	-0.15	0.07	-0.14	0.09	0	-0.639	-0.035	-0.007	0.000	-0.000	0.001
0.078	-0.638	-0.035	0.000	-0.38	0.92	-0.14	0.19	-0.04	0.03	0	-0.639	-0.035	-0.010	0.000	-0.000	0.002
0.088	-0.638	-0.035	0.000	-0.37	0.92	-0.14	0.21	-0.12	0.07	0	-0.639	-0.035	-0.013	0.000	-0.000	0.003
0.097	-0.639	-0.034	0.000	-0.43	0.96	-0.14	-0.01	-0.09	0.21	0	-0.639	-0.035	-0.016	0.000	-0.000	0.004
0.106	-0.638	-0.035	0.000	-0.37	0.91	-0.14	0.24	0.08	-0.11	0	-0.639	-0.035	-0.020	0.000	-0.000	0.006
0.118	-0.638	-0.035	0.000	-0.36	0.91	-0.14	0.16	-0.18	-0.02	0	-0.638	-0.035	-0.024	0.000	-0.000	0.007
0.127	-0.639	-0.035	0.000	-0.36	0.97	-0.14	0.22	-0.22	0.03	0	-0.639	-0.035	-0.028	0.000	-0.000	0.010
0.134	-0.637	-0.035	0.000	-0.40	0.88	-0.15	0.04	-0.06	0.20	0	-0.638	-0.035	-0.032	0.000	-0.000	0.012
0.147	-0.638	-0.034	0.000	-0.44	0.92	-0.15	-0.11	-0.22	0.07	0	-0.638	-0.035	-0.036	0.000	-0.000	0.015
0.157	-0.639	-0.035	0.000	-0.39	0.96	-0.14	0.26	-0.01	-0.09	0	-0.638	-0.035	-0.041	0.000	-0.000	0.018
0.168	-0.638	-0.035	0.000	-0.35	0.90	-0.14	0.06	-0.11	-0.18	0	-0.638	-0.035	-0.045	0.000	-0.000	0.021
0.175	-0.638	-0.035	0.000	-0.35	0.90	-0.14	0.18	0.15	-0.15	0	-0.638	-0.035	-0.049	0.000	-0.000	0.025
0.183	-0.638	-0.036	0.000	-0.35	0.93	-0.14	0.03	-0.32	0.04	0	-0.638	-0.035	-0.053	0.000	-0.000	0.029
0.191	-0.638	-0.036	0.000	-0.35	0.93	-0.14	-0.08	-0.12	0.17	0	-0.638	-0.035	-0.058	0.000	-0.000	0.033
0.207	-0.638	-0.034	0.000	-0.40	0.93	-0.14	-0.09	-0.10	0.08	0	-0.638	-0.035	-0.062	0.000	-0.000	0.038
0.217	-0.639	-0.035	0.000	-0.39	0.95	-0.14	0.06	0.15	0.05	0	-0.638	-0.035	-0.066	0.000	-0.000	0.043
0.224	-0.637	-0.035	0.000	-0.39	0.88	-0.15	-0.28	-0.17	-0.13	0	-0.638	-0.035	-0.071	0.000	-0.000	0.049
0.234	-0.638	-0.034	0.000	-0.44	0.93	-0.15	0.07	-0.05	0.03	0	-0.638	-0.035	-0.075	0.000	-0.000	0.054
0.244	-0.638	-0.034	0.000	-0.43	0.92	-0.15	0.03	0.09	-0.24	0	-0.638	-0.035	-0.079	0.000	0.000	0.060
0.255	-0.639	-0.035	0.000	-0.36	0.97	-0.13	-0.05	-0.07	0.12	0	-0.638	-0.035	-0.083	0.000	-0.000	0.067
0.263	-0.639	-0.035	0.000	-0.38	0.96	-0.14	-0.07	0.07	-0.24	0	-0.638	-0.035	-0.087	0.000	-0.000	0.073
0.277	-0.637	-0.035	0.000	-0.35	0.88	-0.14	0.20	-0.21	-0.01	0	-0.638	-0.035	-0.092	0.000	-0.000	0.080
0.283	-0.639	-0.035	0.000	-0.39	0.96	-0.14	0.06	-0.12	0.02	0	-0.638	-0.035	-0.096	0.000	-0.000	0.087
0.293	-0.638	-0.035	0.000	-0.35	0.92	-0.14	0.28	-0.14	0.13	0	-0.638	-0.035	-0.100	0.000	-0.000	0.095
0.308	-0.638	-0.035	0.000	-0.36	0.91	-0.14	0.21	0.05	0.07	0	-0.638	-0.035	-0.104	0.000	-0.000	0.103
0.315	-0.637	-0.035	0.000	-0.39	0.88	-0.15	-0.05	-0.26	0.12	0	-0.638	-0.035	-0.108	0.000	-0.000	0.111
0.327	-0.644	-0.037	0.000	-0.31	1.20	-0.09	0.13	-0.05	-0.10	0	-0.639	-0.035	-0.111	-0.000	-0.000	0.119
0.333	-0.644	-0.036	0.000	-0.35	1.15	-0.11	-0.05	-0.33	-0.13	0	-0.640	-0.035	-0.115	-0.000	-0.000	0.128
0.344	-0.642	-0.036	0.000	-0.34	1.08	-0.11	0.20	-0.10	-0.02	0	-0.640	-0.035	-0.119	-0.001	-0.000	0.137
0.357	-0.643	-0.036	0.000	-0.36	1.08	-0.12	0.01	-0.02	-0.13	0	-0.640	-0.035	-0.123	-0.001	-0.000	0.147
0.367	-0.643	-0.035	0.000	-0.37	1.11	-0.12	0.31	-0.23	0.20	0	-0.641	-0.035	-0.127	-0.001	-0.000	0.156
0.376	-0.645	-0.037	0.000	-0.32	1.19	-0.10	0.14	-0.08	0.13	0	-0.641	-0.036	-0.130	-0.001	-0.000	0.166
0.385	-0.648	-0.039	0.000	-0.24	1.27	-0.08	-0.02	-0.11	0.13	0	-0.642	-0.036	-0.134	-0.002	-0.001	0.176
0.393	-0.648	-0.038	0.000	-0.29	1.25	-0.08	0.09	0.19	-0.22	0	-0.643	-0.036	-0.138	-0.002	-0.001	0.187
0.409	-0.648	-0.038	0.000	-0.29	1.25	-0.08	0.29	-0.09	0.16	0	-0.643	-0.036	-0.141	-0.002	-0.001	0.197
0.415	-0.648	-0.039	0.000	-0.25	1.23	-0.09	0.15	-0.06	-0.20	0	-0.644	-0.037	-0.145	-0.003	-0.001	0.208
0.426	-0.648	-0.037	0.000	-0.34	1.21	-0.09	0.19	-0.21	0.05	0	-0.645	-0.037	-0.148	-0.003	-0.001	0.220
0.435	-0.649	-0.037	0.000	-0.34	1.21	-0.09	-0.18	-0.42	0.07	0	-0.645	-0.037	-0.151	-0.003	-0.001	0.231
0.448	-0.648	-0.038	0.000	-0.30	1.17	-0.10	-0.00	-0.15	0.20	0	-0.646	-0.037	-0.155	-0.003	-0.001	0.243
0.452	-0.651	-0.037	0.000	-0.34	1.29	-0.07	0.30	-0.01	0.11	0	-0.646	-0.037	-0.158	-0.004	-0.001	0.255
0.466	-0.649	-0.039	0.000	-0.27	1.16	-0.10	-0.26	-0.13	0.06	0	-0.647	-0.037	-0.161	-0.004	-0.001	0.267
0.477	-0.649	-0.038	0.000	-0.30	1.16	-0.10	0.18	-0.17	-0.10	0	-0.647	-0.037	-0.165	-0.004	-0.001	0.280
0.485	-0.648	-0.038	0.000	-0.33	1.12	-0.10	0.21	0.15	0.12	0	-0.647	-0.038	-0.168	-0.004	-0.001	0.292
0.499	-0.648	-0.038	0.000	-0.32	1.09	-0.11	-0.19	0.02	-0.12	0	-0.647	-0.038	-0.171	-0.004	-0.001	0.305
0.502	-0.649	-0.037	0.000	-0.38	1.10	-0.10	0.17	-0.03	-0.07	0	-0.648	-0.038	-0.174	-0.004	-0.001	0.319
0.516	-0.649	-0.037	0.000	-0.38	1.10	-0.10	0.11	-0.23	-0.04	0	-0.648	-0.037	-0.177	-0.004	-0.001	0.332
0.524	-0.649	-0.037	0.000	-0.37	1.10	-0.10	0.05	-0.29	-0.04	0	-0.648	-0.037	-0.180	-0.004	-0.001	0.346
0.536	-0.648	-0.039	0.000	-0.30	1.05	-0.12	0.08	0.01	-0.10	0	-0.648	-0.038	-0.183	-0.004	-0.001	0.360
0.544	-0.648	-0.043	0.000	-0.14	1.04	-0.13	0.06	-0.19	-0.16	0	-0.648	-0.038	-0.186	-0.004	-0.002	0.374
0.554	-0.648	-0.041	0.000	-0.24	1.03	-0.13	0.09	0.07	0.17	0	-0.648	-0.039	-0.189	-0.004	-0.002	0.388
0.567	-0.649	-0.043	0.000	-0.14	1.06	-0.12	0.26	-0.10	0.10	0	-0.649	-0.039	-0.192	-0.004	-0.002	0.403
0.576	-0.650	-0.044	0.000	-0.14	1.06	-0.12	0.23	-0.10	0.12	0	-0.649	-0.040	-0.195	-0.004	-0.002	0.418
0.587	-0.650	-0.044	0.000	-0.15	1.08	-0.11	0.04	0.01	-0.18	0	-0.649	-0.040	-0.197	-0.004	-0.003	0.433
0.596	-0.650	-0.039	0.000	-0.38	1.04	-0.12	0.06	0.07	-0.13	0	-0.649	-0.040	-0.200	-0.004	-0.003	0.448
0.605	-0.649	-0.038	0.001	-0.42	1.02	-0.12	0.10	-0.31	-0.06	0	-0.649	-0.040	-0.203	-0.004	-0.002	0.463
0.617	-0.650	-0.038	0.001	-0.42	1.03	-0.12	0.10	-0.05	0.00	0	-0.650	-0.040	-0.205	-0.004	-0.002	0.479
0.627	-0.649	-0.041	0.000	-0.30	0.99	-0.13	0.14	-0.13	-0.06	0	-0.650	-0.040	-0.208	-0.004	-0.002	0.495
0.633	-0.650	-0.039	0.000	-0.40	1.04	-0.12	0.04	-0.00	0.10	0	-0.650	-0.040	-0.211	-0.004	-0.002	0.511
0.633	-0.649	-0.038	0.000	-0.43	0.99	-0.13	0.17	0.12	-0.17	0	-0.650	-0.040	-0.213	-0.004	-0.002	0.527
0.656	-0.649	-0.039	0.000	-0.39	0.94	-0.14	-0.17	-0.12	-0.09	0	-0.650	-0.040	-0.216	-0.004	-0.002	0.543
0.656	-0.650	-0.040	0.000	-0.34	0.98	-0.13	-0.05	-0.25	0.07	0	-0.650	-0.040	-0.218	-0.004	-0.002	0.560
0.677	-0.649	-0.040	0.000	-0.37	0.97	-0.13	-0.05	0.06	-0.01	0	-0.650	-0.040	-0.221	-0.004	-0.002	0.577
0.684	-0.649	-0.039	0.000	-0.39	0.92	-0.14	-0.00	0.11	-0.12	0	-0.650	-0.040	-0.223	-0.004	-0.002	0.594
0.697	-0.649	-0.039	0.000	-0.41	0.92	-0.15	0.06	-0.07	0.10	0	-0.650	-0.040	-0.225	-0.004	-0.002	0.611
0.708	-0.649	-0.038	0.000	-0.45	0.95	-0.14	0.13	0.06	-0.03	0	-0.650	-0.039	-0.228	-0.004	-0.002	0.628
0.716	-0.653	-0.040	0.000	-0.38	1.11	-0.11	-0.04	0.22	-0.08	0	-0.650	-0.039	-0.230	-0.004	-0.002	0.645
0.727	-0.652	-0.040	0.000	-0.38	1.05	-0.12	0.09	-0.29	-0.06	0	-0.651	-0.039	-0.232	-0.004	-0.002	0.663
0.736	-0.649	-0.040	0.000	-0.38	0.91	-0.14	0.30	-0.05	0.05	0	-0.651	-0.040	-0.235	-0.004	-0.002	0.681
0.746	-0.649	-0.038	0.000	-0.43	0.88	-0.15	0.17	0.05	0.12	0	-0.651	-0.039	-0.237	-0.004	-0.002	0.699
0.756	-0.647	-0.038	0.000	-0.44	0.83	-0.16	0.13	-0.11	0.17	0	-0.650	-0.039	-0.239	-0.004	-0.002	0.717
0.771	-0.648	-0.039	0.000	-0.39	0.85	-0.15	-0.04	-0.10	-0.16	0	-0.650	-0.039	-0.241	-0.004	-0.002	0.735
0.777	-0.648	-0.039	0.000	-0.39	0.86	-0.15	-0.00	0.00	0.25	0	-0.650	-0.039	-0.243	-0.004	-0.002	0.754
0.789	-0.648	-0.039	0.000	-0.40	0.87	-0.15	0.01	-0.03	-0.19	0	-0.650	-0.039	-0.245	-0.003	-0.002	0.772
0.793	-0.649	-0.039	0.000	-0.40	0.87	-0.15	0.07	0.20	0.14	0	-0.650	-0.039	-0.247	-0.003	-0.002	0.791
0.805	-0.649	-0.039	0.000	-0.41	0.90	-0.15	0.24	0.07	-0.11	0	-0.650	-0.039	-0.249	-0.003	-0.002	0.810
0.819	-0.648	-0.040	0.000	-0.37	0.84	-0.14	0.19	0.16	-0.22	0	-0.650	-0.040	-0.251	-0.003	-0.002	0.829
0.828	-0.648	-0.039	0.000	-0.43	0.84	-0.16	0.11	0.13	0.06	0	-0.650	-0.039	-0.253	-0.003	-0.002	0.849
0.828	-0.649	-0.039	0.000	-0.43	0.86	-0.15	-0.12	-0.18	-0.05	0	-0.650	-0.039	-0.255	-0.003	-0.002	0.868
0.846	-0.647	-0.039	0.000	-0.43	0.80	-0.16	0.05	0.03	-0.11	0	-0.649	-0.039	-0.257	-0.003	-0.002	0.887
0.858	-0.649	-0.040	0.000	-0.40	0.86	-0.15	0.03	-0.12	-0.06	0	-0.649	-0.039	-0.259	-0.003	-0.002	0.907
0.867	-0.649	-0.039	0.000	-0.44	0.86	-0.16	0.11	-0.01	0.09	0	-0.649	-0.039	-0.261	-0.003	-0.002	0.927
0.879	-0.648	-0.039	0.000	-0.43	0.86	-0.16	0.01	0.13	-0.01	0	-0.649	-0.039	-0.262	-0.003	-0.002	0.947
0.887	-0.647	-0.040	0.000	-0.40	0.82	-0.15	0.19	0.06	0.01	0	-0.649	-0.039	-0.264	-0.002	-0.002	0.967
0.896	-0.648	-0.039	0.000	-0.43	0.85	-0.16	0.11	-0.05	-0.05	0	-0.649	-0.039	-0.266	-0.002	-0.002	0.987
0.903	-0.649	-0.039	0.000	-0.42	0.87	-0.15	0.30	-0.05	-0.09	0	-0.649	-0.039	-0.268	-0.002	-0.002	1.007
0.917	-0.648	-0.040	0.000	-0.41	0.86	-0.15	-0.10	-0.01	0.05	0	-0.649	-0.039	-0.269	-0.002	-0.002	1.028
0.928	-0.648	-0.040	0.000	-0.39	0.86	-0.15	0.01	-0.04	-0.04	0	-0.649	-0.040	-0.271	-0.002	-0.002	1.048
0.937	-0.648	-0.040	0.000	-0.39	0.84	-0.15	0.01	0.02	-0.08	0	-0.649	-0.040	-0.272	-0.002	-0.002	1.069
0.944	-0.649	-0.039	0.000	-0.43	0.89	-0.16	0.17	-0.10	-0.08	0	-0.649	-0.040	-0.274	-0.002	-0.002	1.090
0.944	-0.649	-0.039	0.000	-0.43	0.90	-0.16	0.07	-0.05	0.16	0	-0.649	-0.040	-0.276	-0.002	-0.002	1.111
0.967	-0.648	-0.039	0.000	-0.43	0.86	-0.16	0.14	-0.10	-0.16	0	-0.649	-0.040	-0.277	-0.002	-0.002	1.132
0.977	-0.652	-0.041	0.000	-0.38	1.02	-0.14	-0.03	-0.25	0.13	0	-0.650	-0.040	-0.279	-0.002	-0.002	1.153
0.989	-0.655	-0.040	0.000	-0.43	1.14	-0.15	0.02	0.04	-0.18	0	-0.650	-0.040	-0.280	-0.003	-0.002	1.174
0.996	-0.655	-0.039	0.000	-0.46	1.13	-0.16	0.31	0.08	-0.17	0	-0.651	-0.040	-0.281	-0.003	-0.002	1.195
1.005	-0.655	-0.039	0.000	-0.46	1.13	-0.16	0.07	-0.09	-0.01	0	-0.652	-0.040	-0.283	-0.003	-0.002	1.217
1.017	-0.654	-0.041	0.000	-0.37	1.07	-0.14	-0.15	-0.00	0.04	0	-0.652	-0.040	-0.284	-0.003	-0.002	1.238
1.028	-0.655	-0.039	0.000	-0.46	1.09	-0.16	0.15	-0.12	0.21	0	-0.653	-0.040	-0.286	-0.003	-0.002	1.260
1.038	-0.655	-0.040	0.000	-0.39	1.09	-0.14	-0.04	-0.07	-0.08	0	-0.653	-0.040	-0.287	-0.004	-0.002	1.282
1.046	-0.656	-0.039	0.000	-0.44	1.12	-0.15	0.06	-0.07	0.02	0	-0.654	-0.040	-0.288	-0.004	-0.002	1.304
1.056	-0.657	-0.040	0.000	-0.43	1.15	-0.15	-0.09	-0.24	0.10	0	-0.654	-0.040	-0.289	-0.004	-0.002	1.326
1.063	-0.656	-0.039	0.000	-0.47	1.06	-0.16	0.36	-0.07	-0.03	0	-0.654	-0.040	-0.291	-0.004	-0.002	1.348
1.076	-0.656	-0.039	0.000	-0.47	1.06	-0.16	-0.04	-0.13	0.08	0	-0.655	-0.039	-0.292	-0.004	-0.001	1.370
1.087	-0.656	-0.038	0.000	-0.47	1.06	-0.16	-0.12	0.04	0.16	0	-0.655	-0.039	-0.293	-0.004	-0.001	1.392
1.096	-0.656	-0.039	0.000	-0.43	1.04	-0.15	0.28	-0.07	0.05	0	-0.655	-0.039	-0.294	-0.004	-0.001	1.414
1.104	-0.657	-0.042	0.000	-0.32	1.06	-0.14	0.15	-0.14	-0.18	0	-0.656	-0.040	-0.295	-0.004	-0.002	1.437
1.118	-0.657	-0.039	0.000	-0.46	1.05	-0.16	0.15	0.17	-0.11	0	-0.656	-0.040	-0.296	-0.005	-0.002	1.459
1.118	-0.656	-0.039	0.000	-0.43	1.00	-0.15	0.02	0.28	-0.00	0	-0.656	-0.040	-0.297	-0.004	-0.001	1.482
1.138	-0.656	-0.039	0.000	-0.46	1.00	-0.16	0.09	-0.07	0.06	0	-0.656	-0.039	-0.299	-0.004	-0.001	1.505
1.145	-0.656	-0.041	0.000	-0.39	0.98	-0.15	0.16	0.08	-0.07	0	-0.656	-0.040	-0.300	-0.004	-0.002	1.527
1.157	-0.651	-0.043	0.000	-0.28	0.77	-0.14	0.10	0.21	0.07	0	-0.656	-0.040	-0.301	-0.004	-0.002	1.550
1.163	-0.652	-0.044	0.000	-0.27	0.82	-0.13	0.12	-0.05	-0.05	0	-0.655	-0.041	-0.302	-0.004	-0.002	1.573
1.176	-0.655	-0.041	0.000	-0.40	0.97	-0.15	0.16	0.26	0.10	0	-0.656	-0.041	-0.302	-0.004	-0.002	1.596
1.188	-0.655	-0.041	0.000	-0.38	0.93	-0.15	0.12	-0.15	0.02	0	-0.656	-0.041	-0.303	-0.004	-0.002	1.619
1.195	-0.656	-0.042	0.000	-0.36	1.00	-0.14	0.15	0.01	0.18	0	-0.656	-0.041	-0.304	-0.004	-0.002	1.642
1.203	-0.656	-0.040	0.000	-0.44	0.96	-0.16	0.29	-0.32	-0.02	0	-0.656	-0.041	-0.305	-0.004	-0.002	1.665
1.203	-0.655	-0.041	0.000	-0.38	0.95	-0.15	0.05	-0.29	0.30	0	-0.656	-0.041	-0.306	-0.004	-0.002	1.689
1.227	-0.655	-0.040	0.000	-0.45	0.94	-0.16	0.13	0.06	0.08	0	-0.656	-0.041	-0.307	-0.004	-0.002	1.712
1.239	-0.657	-0.041	0.000	-0.40	0.99	-0.15	0.19	-0.16	0.03	0	-0.656	-0.041	-0.308	-0.004	-0.002	1.735
1.245	-0.656	-0.033	0.000	-0.71	0.94	-0.20	0.12	-0.24	-0.01	0	-0.656	-0.040	-0.308	-0.004	-0.002	1.759
1.258	-0.657	-0.033	0.000	-0.71	0.98	-0.20	0.02	0.18	-0.15	0	-0.657	-0.039	-0.309	-0.004	-0.001	1.782
1.270	-0.656	-0.033	0.000	-0.69	0.95	-0.19	0.27	0.06	-0.05	0	-0.657	-0.038	-0.310	-0.004	-0.001	1.806
1.277	-0.655	-0.033	0.000	-0.66	0.89	-0.19	0.02	-0.09	0.06	0	-0.657	-0.038	-0.311	-0.004	-0.000	1.829
1.288	-0.656	-0.033	0.000	-0.64	0.93	-0.19	-0.08	-0.01	0.14	0	-0.657	-0.037	-0.311	-0.003	-0.000	1.853
1.296	-0.656	-0.034	0.000	-0.59	0.92	-0.18	0.11	-0.06	-0.22	0	-0.657	-0.037	-0.312	-0.003	-0.000	1.877
1.306	-0.656	-0.034	0.000	-0.58	0.93	-0.18	0.10	0.02	-0.18	0	-0.657	-0.036	-0.313	-0.003	0.000	1.900
1.313	-0.656	-0.034	0.000	-0.60	0.92	-0.18	0.20	-0.12	0.06	0	-0.657	-0.036	-0.313	-0.003	0.000	1.924
1.327	-0.656	-0.033	0.000	-0.63	0.94	-0.19	0.21	-0.13	-0.17	0	-0.657	-0.036	-0.314	-0.003	0.001	1.948
1.333	-0.656	-0.034	0.000	-0.54	0.93	-0.17	0.30	-0.09	0.00	0	-0.657	-0.035	-0.315	-0.003	0.001	1.972
1.342	-0.655	-0.033	0.000	-0.61	0.89	-0.18	0.17	-0.19	-0.01	0	-0.657	-0.035	-0.315	-0.003	0.001	1.996
1.342	-0.656	-0.033	0.000	-0.58	0.91	-0.18	0.10	-0.12	0.11	0	-0.657	-0.035	-0.316	-0.003	0.001	2.020
1.365	-0.656	-0.033	0.000	-0.59	0.91	-0.18	0.12	-0.09	0.05	0	-0.657	-0.034	-0.316	-0.003	0.001	2.044
1.372	-0.656	-0.032	0.000	-0.59	0.91	-0.18	0.02	-0.16	-0.07	0	-0.657	-0.034	-0.317	-0.003	0.001	2.068
1.387	-0.655	-0.034	0.000	-0.52	0.86	-0.16	0.06	0.29	0.21	0	-0.657	-0.034	-0.318	-0.003	0.001	2.092
1.398	-0.655	-0.033	0.000	-0.51	0.86	-0.16	0.07	-0.33	0.18	0	-0.657	-0.034	-0.318	-0.003	0.001	2.116
1.405	-0.656	-0.033	0.000	-0.51	0.89	-0.16	0.01	-0.09	-0.14	0	-0.657	-0.034	-0.319	-0.003	0.001	2.140
1.413	-0.654	-0.035	0.000	-0.45	0.81	-0.14	-0.01	0.13	0.04	0	-0.656	-0.034	-0.319	-0.002	0.001	2.165
1.413	-0.655	-0.033	0.000	-0.52	0.87	-0.16	0.09	-0.21	-0.11	0	-0.656	-0.034	-0.320	-0.002	0.001	2.189
1.436	-0.656	-0.034	0.000	-0.47	0.89	-0.15	0.02	-0.16	-0.18	0	-0.656	-0.034	-0.320	-0.002	0.001	2.213
1.446	-0.656	-0.033	0.000	-0.47	0.89	-0.16	-0.17	0.05	-0.10	0	-0.656	-0.033	-0.320	-0.002	0.001	2.237
1.455	-0.656	-0.034	0.000	-0.43	0.90	-0.15	-0.11	0.01	-0.00	0	-0.656	-0.034	-0.321	-0.002	0.001	2.262
1.468	-0.656	-0.034	0.000	-0.45	0.90	-0.15	0.08	-0.14	0.03	0	-0.656	-0.033	-0.321	-0.002	0.001	2.286
1.473	-0.656	-0.033	0.000	-0.47	0.90	-0.15	0.04	0.18	-0.12	0	-0.657	-0.033	-0.322	-0.002	0.001	2.310
1.486	-0.655	-0.034	0.000	-0.45	0.87	-0.15	0.17	-0.10	0.19	0	-0.656	-0.033	-0.322	-0.002	0.001	2.335
1.497	-0.655	-0.034	0.000	-0.43	0.86	-0.14	0.33	0.04	0.06	0	-0.656	-0.033	-0.322	-0.002	0.001	2.359
1.506	-0.656	-0.034	0.000	-0.42	0.89	-0.14	0.08	0.15	-0.14	0	-0.656	-0.033	-0.323	-0.002	0.001	2.384
1.514	-0.655	-0.034	0.000	-0.41	0.87	-0.14	0.21	-0.11	-0.13	0	-0.656	-0.033	-0.323	-0.002	0.001	2.408
1.522	-0.656	-0.034	0.000	-0.41	0.89	-0.14	0.19	-0.17	0.10	0	-0.656	-0.033	-0.323	-0.002	0.001	2.433
1.530	-0.655	-0.033	0.000	-0.45	0.87	-0.15	0.01	0.17	-0.03	0	-0.656	-0.033	-0.323	-0.001	0.001	2.457
1.546	-0.661	-0.035	0.000	-0.35	1.15	-0.15	0.02	0.02	0.23	0	-0.657	-0.033	-0.324	-0.002	0.001	2.482
1.556	-0.662	-0.034	0.000	-0.39	1.15	-0.15	0.08	-0.14	-0.13	0	-0.658	-0.033	-0.324	-0.002	0.001	2.507
1.567	-0.662	-0.036	0.000	-0.30	1.17	-0.14	0.16	-0.01	0.06	0	-0.658	-0.034	-0.324	-0.002	0.001	2.531
1.570	-0.663	-0.036	-0.000	-0.29	1.20	-0.14	0.08	0.06	0.20	0	-0.659	-0.034	-0.324	-0.003	0.000	2.556
1.590	-0.662	-0.035	0.000	-0.34	1.12	-0.14	0.22	-0.25	-0.01	0	-0.660	-0.034	-0.325	-0.003	0.000	2.580
1.598	-0.663	-0.036	0.000	-0.33	1.16	-0.14	0.02	0.11	0.01	0	-0.660	-0.034	-0.325	-0.003	0.000	2.605
1.605	-0.663	-0.037	0.000	-0.28	1.12	-0.14	0.21	-0.13	0.12	0	-0.661	-0.035	-0.325	-0.003	0.000	2.630
1.605	-0.662	-0.035	0.000	-0.35	1.08	-0.14	-0.04	-0.13	-0.01	0	-0.661	-0.035	-0.325	-0.003	0.000	2.654
1.627	-0.663	-0.035	0.000	-0.35	1.09	-0.14	0.09	0.14	0.12	0	-0.661	-0.035	-0.325	-0.003	-0.000	2.679
1.637	-0.658	-0.033	0.000	-0.46	0.86	-0.16	0.24	-0.08	0.01	0	-0.661	-0.034	-0.325	-0.003	0.000	2.704
1.646	-0.652	-0.028	0.000	-0.69	0.56	-0.19	0.02	-0.05	-0.11	0	-0.660	-0.034	-0.325	-0.003	0.000	2.728
1.658	-0.652	-0.028	0.000	-0.66	0.58	-0.18	0.36	0.10	-0.13	0	-0.659	-0.033	-0.325	-0.002	0.001	2.753
1.666	-0.652	-0.028	0.000	-0.63	0.58	-0.18	0.02	-0.20	-0.11	0	-0.658	-0.032	-0.325	-0.002	0.001	2.778
1.672	-0.651	-0.028	0.000	-0.62	0.58	-0.18	-0.01	-0.14	0.08	0	-0.658	-0.032	-0.325	-0.001	0.001	2.802
1.686	-0.652	-0.028	0.000	-0.60	0.63	-0.17	0.17	-0.10	0.09	0	-0.657	-0.031	-0.325	-0.001	0.002	2.827
1.697	-0.651	-0.028	0.000	-0.60	0.62	-0.17	-0.13	0.01	-0.14	0	-0.657	-0.031	-0.325	-0.000	0.002	2.852
1.705	-0.651	-0.028	0.000	-0.57	0.60	-0.17	-0.02	0.21	0.21	0	-0.656	-0.030	-0.325	0.000	0.002	2.876
1.714	-0.651	-0.029	0.000	-0.54	0.62	-0.16	0.15	-0.07	0.01	0	-0.655	-0.030	-0.325	0.000	0.002	2.901
1.724	-0.652	-0.027	0.000	-0.58	0.68	-0.17	0.11	-0.26	-0.20	0	-0.655	-0.029	-0.325	0.001	0.002	2.926
1.737	-0.651	-0.027	0.000	-0.58	0.69	-0.17	0.10	-0.11	-0.14	0	-0.655	-0.029	-0.325	0.001	0.002	2.951
1.746	-0.652	-0.027	0.000	-0.57	0.73	-0.17	0.15	-0.42	0.00	0	-0.654	-0.029	-0.325	0.001	0.002	2.975
1.755	-0.650	-0.028	0.000	-0.49	0.66	-0.14	0.06	-0.06	-0.03	0	-0.654	-0.029	-0.325	0.001	0.002	3.000
1.766	-0.651	-0.028	0.000	-0.50	0.69	-0.15	0.18	-0.19	-0.08	0	-0.654	-0.028	-0.325	0.002	0.002	3.025
1.776	-0.652	-0.028	0.000	-0.50	0.77	-0.16	0.06	0.05	0.12	0	-0.653	-0.028	-0.325	0.002	0.002	3.049
1.787	-0.652	-0.027	0.000	-0.51	0.77	-0.16	0.03	0.01	0.04	0	-0.653	-0.028	-0.325	0.002	0.002	3.074
1.799	-0.652	-0.028	0.000	-0.49	0.80	-0.15	0.06	-0.09	-0.03	0	-0.653	-0.028	-0.325	0.002	0.002	3.099
1.806	-0.651	-0.027	0.000	-0.49	0.76	-0.15	0.07	-0.07	-0.04	0	-0.653	-0.028	-0.325	0.002	0.002	3.123
1.816	-0.652	-0.028	0.000	-0.47	0.82	-0.15	-0.01	-0.01	0.08	0	-0.653	-0.028	-0.325	0.002	0.002	3.148
1.824	-0.651	-0.028	0.000	-0.46	0.78	-0.15	0.15	-0.26	-0.19	0	-0.653	-0.027	-0.325	0.002	0.002	3.173
1.830	-0.650	-0.028	0.000	-0.43	0.76	-0.14	0.03	0.05	0.07	0	-0.653	-0.027	-0.324	0.002	0.002	3.197
1.844	-0.652	-0.029	0.000	-0.39	0.84	-0.13	0.34	0.10	-0.01	0	-0.652	-0.027	-0.324	0.002	0.002	3.222
1.859	-0.651	-0.028	0.000	-0.42	0.78	-0.14	0.05	0.14	0.07	0	-0.652	-0.027	-0.324	0.002	0.002	3.246
1.869	-0.652	-0.027	0.000	-0.45	0.85	-0.15	0.25	-0.20	-0.12	0	-0.652	-0.027	-0.324	0.003	0.002	3.271
1.877	-0.652	-0.027	0.000	-0.45	0.85	-0.15	0.04	-0.17	-0.06	0	-0.652	-0.027	-0.324	0.003	0.002	3.296
1.885	-0.651	-0.028	0.000	-0.41	0.82	-0.14	0.22	-0.17	-0.03	0	-0.652	-0.027	-0.324	0.003	0.002	3.320
1.898	-0.651	-0.027	0.000	-0.42	0.84	-0.14	0.14	0.12	-0.07	0	-0.652	-0.027	-0.323	0.003	0.002	3.345
1.907	-0.651	-0.028	0.000	-0.39	0.84	-0.13	0.08	-0.19	0.00	0	-0.652	-0.027	-0.323	0.003	0.002	3.369
1.914	-0.651	-0.028	0.000	-0.38	0.84	-0.13	0.45	-0.09	-0.09	0	-0.652	-0.027	-0.323	0.003	0.002	3.394
1.925	-0.651	-0.029	0.000	-0.34	0.84	-0.12	-0.01	-0.01	0.09	0	-0.652	-0.027	-0.323	0.003	0.002	3.418
1.933	-0.652	-0.028	0.000	-0.40	0.89	-0.13	0.15	-0.27	-0.10	0	-0.652	-0.027	-0.322	0.003	0.002	3.443
1.947	-0.651	-0.028	0.000	-0.38	0.88	-0.13	0.14	-0.07	-0.06	0	-0.652	-0.027	-0.322	0.003	0.002	3.467
1.956	-0.651	-0.028	0.000	-0.35	0.88	-0.12	0.07	-0.06	0.06	0	-0.652	-0.027	-0.322	0.003	0.002	3.491
1.966	-0.652	-0.028	0.000	-0.39	0.92	-0.13	0.11	-0.19	-0.02	0	-0.652	-0.027	-0.322	0.003	0.002	3.516
1.974	-0.651	-0.028	0.000	-0.35	0.89	-0.12	0.13	-0.10	-0.07	0	-0.652	-0.027	-0.321	0.003	0.002	3.540
1.983	-0.651	-0.028	0.000	-0.34	0.90	-0.12	0.14	-0.09	-0.11	0	-0.652	-0.027	-0.321	0.003	0.002	3.565
1.996	-0.651	-0.028	0.000	-0.36	0.90	-0.12	0.01	0.01	0.04	0	-0.652	-0.027	-0.321	0.003	0.002	3.589
2.007	-0.651	-0.029	0.000	-0.32	0.89	-0.12	0.10	-0.19	0.19	0	-0.651	-0.027	-0.320	0.003	0.001	3.613
2.015	0.000	0.000	0.338	-0.02	-0.00	0.00	0.08	-0.10	-0.04	0	-0.571	-0.024	-0.264	0.044	0.003	3.659
2.025	0.000	0.000	0.000	-0.01	0.01	0.00	0.05	0.10	0.03	0	-0.500	-0.021	-0.272	0.080	0.005	3.679
2.035	-0.000	0.000	0.000	-0.02	0.07	0.00	-0.07	-0.10	-0.24	0	-0.437	-0.018	-0.279	0.112	0.006	3.701
2.045	-0.000	0.000	0.000	-0.08	0.03	0.00	0.09	-0.19	-0.27	0	-0.381	-0.016	-0.285	0.139	0.007	3.722
2.049	-0.000	0.000	0.000	-0.07	0.06	-0.00	0.13	-0.07	-0.11	0	-0.331	-0.013	-0.290	0.163	0.008	3.744
2.066	0.000	0.000	0.000	-0.07	0.06	-0.00	0.13	0.06	-0.01	0	-0.286	-0.012	-0.294	0.184	0.009	3.767
2.074	-0.000	0.000	0.000	0.02	0.11	-0.00	0.25	-0.06	0.12	0	-0.247	-0.010	-0.298	0.202	0.010	3.789
2.084	0.000	-0.000	0.000	0.26	0.00	-0.00	0.11	0.04	0.14	0	-0.212	-0.008	-0.301	0.217	0.010	3.812
2.091	0.000	0.000	0.000	0.03	-0.02	-0.00	0.15	0.07	-0.11	0	-0.181	-0.007	-0.303	0.230	0.011	3.835
2.105	0.001	0.000	0.000	0.07	-0.03	-0.00	0.16	-0.06	-0.06	0	-0.154	-0.006	-0.305	0.241	0.011	3.858
2.114	-0.000	-0.000	0.000	0.30	0.34	-0.00	0.04	-0.09	-0.12	0	-0.130	-0.005	-0.306	0.251	0.012	3.881
2.128	0.000	0.000	0.000	0.08	0.10	-0.00	0.24	-0.11	0.11	0	-0.108	-0.004	-0.307	0.259	0.012	3.905
2.136	0.001	0.001	0.000	-0.14	0.09	-0.00	0.29	-0.21	-0.04	0	-0.089	-0.003	-0.308	0.265	0.012	3.928
2.145	0.001	0.000	0.000	-0.03	-0.07	-0.00	-0.03	0.01	0.01	0	-0.072	-0.002	-0.309	0.270	0.012	3.951
2.156	0.000	0.000	0.000	0.01	0.34	-0.00	0.23	-0.08	-0.13	0	-0.057	-0.002	-0.309	0.274	0.012	3.975
2.166	0.000	0.001	0.000	-0.21	0.42	-0.00	0.12	-0.33	-0.11	0	-0.044	-0.001	-0.310	0.278	0.013	3.998
2.174	0.000	0.000	0.000	0.00	0.44	-0.01	0.04	-0.21	0.03	0	-0.032	-0.001	-0.310	0.280	0.013	4.022
2.181	0.000	-0.000	0.000	0.04	0.47	-0.01	0.05	-0.01	-0.14	0	-0.022	-0.000	-0.310	0.282	0.013	4.045
2.194	0.002	-0.000	0.000	0.02	0.09	-0.01	0.15	-0.02	0.15	0	-0.013	0.000	-0.310	0.283	0.013	4.069
2.205	0.000	-0.000	0.000	-0.00	0.54	-0.01	0.07	-0.18	-0.19	0	-0.005	0.000	-0.310	0.283	0.013	4.093
2.214	0.001	0.000	0.000	-0.12	0.41	-0.01	-0.07	-0.03	0.13	0	0.002	0.001	-0.310	0.283	0.013	4.116
2.222	0.001	0.000	0.000	-0.08	0.44	-0.01	-0.19	0.04	-0.05	0	0.009	0.001	-0.310	0.282	0.012	4.140
2.234	0.001	-0.001	0.000	0.08	0.29	-0.01	-0.01	0.15	-0.10	0	0.014	0.001	-0.309	0.281	0.012	4.163
2.243	0.002	-0.001	0.000	0.01	0.29	-0.01	0.04	-0.12	-0.01	0	0.019	0.001	-0.309	0.280	0.012	4.186
2.256	0.002	-0.000	0.000	-0.11	0.34	-0.01	0.29	-0.05	-0.05	0	0.024	0.001	-0.309	0.278	0.012	4.210
2.265	0.001	0.001	0.000	-0.33	0.59	-0.00	0.17	-0.14	-0.11	0	0.027	0.002	-0.308	0.277	0.012	4.233
2.276	0.001	0.000	0.000	-0.16	0.61	-0.01	0.00	-0.18	0.00	0	0.030	0.002	-0.308	0.274	0.012	4.257
2.283	0.001	-0.000	0.000	-0.14	0.55	-0.01	0.03	0.26	-0.05	0	0.033	0.002	-0.307	0.272	0.012	4.280
2.293	0.001	-0.001	0.000	-0.04	0.50	-0.01	0.06	-0.31	-0.16	0	0.036	0.002	-0.307	0.270	0.012	4.303
2.306	0.000	-0.000	0.000	-0.17	0.75	-0.01	0.17	0.17	-0.03	0	0.038	0.002	-0.306	0.267	0.011	4.326
2.314	-0.000	0.000	0.000	-0.26	0.80	-0.00	0.19	-0.10	-0.17	0	0.040	0.002	-0.306	0.264	0.011	4.350
2.326	0.001	0.000	0.000	-0.23	0.70	-0.01	0.12	-0.18	0.06	0	0.041	0.002	-0.305	0.261	0.011	4.373
2.335	0.002	-0.000	0.000	-0.17	0.54	-0.01	0.11	0.12	0.06	0	0.042	0.002	-0.305	0.258	0.011	4.396
2.343	0.002	0.000	0.000	-0.25	0.57	-0.00	-0.15	-0.21	0.03	0	0.044	0.002	-0.304	0.255	0.011	4.419
2.351	0.000	0.000	0.000	-0.30	0.82	-0.00	0.13	0.14	0.01	0	0.045	0.002	-0.304	0.252	0.011	4.442
2.365	0.001	-0.000	0.000	-0.24	0.73	-0.00	-0.03	-0.06	-0.18	0	0.045	0.002	-0.303	0.249	0.010	4.465
2.373	0.000	0.001	0.000	-0.43	0.80	-0.00	0.07	0.03	0.07	0	0.046	0.003	-0.303	0.245	0.010	4.488
2.385	-0.000	0.001	0.000	-0.34	0.86	-0.00	0.18	0.19	0.03	0	0.046	0.003	-0.302	0.242	0.010	4.511
2.393	-0.000	0.001	0.000	-0.34	0.86	-0.00	0.09	-0.14	-0.07	0	0.047	0.003	-0.301	0.239	0.010	4.534
2.406	0.001	0.001	0.000	-0.34	0.78	-0.00	0.05	-0.16	0.29	0	0.047	0.003	-0.301	0.235	0.010	4.557
2.415	0.001	-0.001	0.000	-0.20	0.79	-0.00	-0.02	-0.21	0.07	0	0.047	0.003	-0.300	0.232	0.010	4.580
2.423	-0.000	0.001	0.000	-0.38	0.88	-0.00	0.08	-0.04	-0.11	0	0.047	0.003	-0.300	0.229	0.009	4.602
2.435	0.001	0.001	0.000	-0.38	0.80	-0.00	0.01	-0.03	-0.00	0	0.047	0.003	-0.299	0.225	0.009	4.625
2.445	0.000	0.001	0.000	-0.35	0.86	-0.00	-0.05	-0.10	-0.16	0	0.047	0.003	-0.298	0.222	0.009	4.648
2.457	0.002	0.000	0.000	-0.31	0.69	-0.00	0.21	-0.06	-0.08	0	0.047	0.003	-0.298	0.219	0.009	4.670
2.465	-0.000	0.001	0.000	-0.43	0.89	-0.00	0.04	0.05	0.02	0	0.047	0.003	-0.297	0.215	0.009	4.693
2.473	0.000	-0.000	0.000	-0.27	0.82	-0.00	0.07	0.00	0.07	0	0.047	0.003	-0.296	0.212	0.008	4.715
2.484	-0.000	0.000	0.000	-0.34	0.88	-0.00	0.16	-0.16	-0.19	0	0.047	0.003	-0.296	0.208	0.008	4.738
2.494	-0.000	0.000	0.000	-0.35	0.90	-0.00	0.00	-0.06	-0.01	0	0.046	0.003	-0.295	0.205	0.008	4.760
2.504	0.001	-0.001	0.000	-0.24	0.80	-0.00	0.14	-0.02	0.30	0	0.046	0.003	-0.294	0.202	0.008	4.782
2.516	0.002	-0.003	0.000	-0.03	0.72	-0.01	0.20	0.03	0.01	0	0.046	0.002	-0.294	0.199	0.007	4.805
2.527	0.002	-0.005	0.000	0.05	0.75	-0.01	0.28	0.22	0.02	0	0.046	0.002	-0.293	0.195	0.007	4.827
2.537	0.002	0.000	0.000	-0.36	0.76	0.00	-0.01	-0.09	0.11	0	0.046	0.002	-0.292	0.192	0.007	4.849
2.543	0.002	-0.000	0.000	-0.34	0.76	0.00	0.20	-0.13	-0.00	0	0.045	0.002	-0.292	0.189	0.007	4.871
2.552	0.006	-0.005	0.000	0.01	0.45	-0.00	0.07	0.15	0.13	0	0.046	0.001	-0.291	0.186	0.006	4.893
2.566	0.008	0.000	0.000	-0.38	0.32	0.01	0.08	-0.11	-0.15	0	0.046	0.001	-0.290	0.184	0.006	4.915
2.574	0.008	0.001	0.000	-0.46	0.38	0.01	0.04	0.06	0.01	0	0.046	0.002	-0.290	0.181	0.006	4.937
2.585	0.007	0.001	0.000	-0.47	0.47	0.01	-0.13	-0.10	-0.03	0	0.046	0.002	-0.289	0.178	0.006	4.959
2.594	0.005	-0.001	0.001	-0.28	0.61	0.00	0.04	0.08	0.11	0	0.046	0.002	-0.288	0.175	0.006	4.981
2.605	0.006	-0.002	0.000	-0.21	0.55	0.00	0.10	-0.12	-0.01	0	0.046	0.001	-0.287	0.172	0.006	5.003
2.613	0.007	0.001	0.000	-0.47	0.54	0.01	0.13	0.05	-0.16	0	0.046	0.002	-0.287	0.169	0.006	5.025
2.620	0.007	0.001	0.000	-0.47	0.54	0.01	-0.02	-0.17	-0.09	0	0.046	0.002	-0.286	0.166	0.005	5.047
2.633	0.008	0.001	0.000	-0.47	0.54	0.01	0.05	-0.20	0.21	0	0.046	0.002	-0.285	0.164	0.005	5.068
2.642	0.007	0.001	0.000	-0.46	0.61	0.01	-0.05	-0.16	0.01	0	0.046	0.002	-0.285	0.161	0.005	5.090
2.652	0.009	0.000	0.000	-0.41	0.52	0.01	0.06	0.15	0.00	0	0.046	0.002	-0.284	0.158	0.005	5.112
2.666	0.007	0.001	0.000	-0.46	0.63	0.01	0.05	-0.02	0.05	0	0.046	0.002	-0.283	0.155	0.005	5.133
2.674	0.008	0.001	0.000	-0.46	0.62	0.01	0.06	0.24	0.19	0	0.046	0.002	-0.282	0.153	0.005	5.154
2.685	0.007	0.001	0.000	-0.46	0.72	0.01	0.15	-0.14	-0.05	0	0.046	0.003	-0.282	0.150	0.005	5.176
2.695	0.009	-0.002	0.000	-0.28	0.56	0.01	0.26	0.04	-0.08	0	0.046	0.002	-0.281	0.147	0.005	5.197
2.706	0.010	-0.000	0.000	-0.37	0.53	0.01	-0.04	-0.26	-0.09	0	0.046	0.002	-0.280	0.145	0.004	5.218
2.710	0.011	-0.000	0.000	-0.38	0.55	0.01	-0.03	-0.33	-0.06	0	0.046	0.002	-0.279	0.142	0.004	5.240
2.720	0.008	-0.002	0.000	-0.28	0.71	0.00	0.23	0.08	-0.08	0	0.045	0.002	-0.279	0.139	0.004	5.261
2.734	0.009	-0.000	0.000	-0.40	0.66	0.00	-0.03	-0.18	-0.07	0	0.045	0.002	-0.278	0.137	0.004	5.282
2.745	0.007	-0.000	0.000	-0.39	0.80	0.00	-0.04	-0.22	-0.07	0	0.045	0.002	-0.277	0.134	0.004	5.303
2.754	0.008	-0.000	0.000	-0.39	0.78	0.00	0.19	-0.22	-0.06	0	0.045	0.002	-0.276	0.132	0.003	5.324
2.766	0.008	-0.001	0.000	-0.37	0.79	0.00	0.11	-0.20	-0.02	0	0.044	0.002	-0.276	0.129	0.003	5.345
2.771	0.008	0.000	0.000	-0.42	0.81	0.00	0.06	-0.03	-0.15	0	0.044	0.002	-0.275	0.126	0.003	5.366
2.786	0.008	-0.001	0.000	-0.35	0.83	0.00	0.01	-0.03	0.00	0	0.043	0.002	-0.274	0.124	0.003	5.387
2.795	0.008	-0.001	0.000	-0.36	0.83	0.00	0.05	-0.03	-0.15	0	0.043	0.001	-0.273	0.121	0.003	5.407
2.804	0.006	-0.000	0.000	-0.40	0.93	0.00	0.13	-0.23	-0.20	0	0.042	0.001	-0.273	0.119	0.003	5.428
2.812	0.007	-0.005	0.000	-0.15	0.90	-0.00	0.07	-0.02	-0.09	0	0.042	0.001	-0.272	0.116	0.002	5.449
2.825	0.008	-0.005	0.000	-0.18	0.86	-0.00	-0.13	0.09	-0.15	0	0.042	0.000	-0.271	0.114	0.002	5.469
2.833	0.007	-0.003	0.000	-0.30	0.90	-0.00	0.28	-0.09	-0.21	0	0.041	0.000	-0.270	0.111	0.002	5.490
2.842	0.006	-0.003	0.000	-0.31	0.96	-0.00	-0.03	-0.08	0.10	0	0.041	-0.000	-0.270	0.109	0.001	5.510
2.854	0.007	-0.003	0.000	-0.31	0.94	-0.00	0.06	0.03	0.07	0	0.040	-0.000	-0.269	0.106	0.001	5.531
2.863	0.006	-0.005	0.000	-0.23	0.97	-0.00	0.08	0.02	-0.22	0	0.040	-0.001	-0.268	0.104	0.001	5.551
2.876	0.006	-0.006	0.000	-0.16	0.97	-0.01	0.37	-0.04	-0.10	0	0.039	-0.001	-0.267	0.101	0.001	5.572
2.885	0.006	-0.005	0.000	-0.24	0.97	-0.00	0.04	-0.07	0.12	0	0.039	-0.001	-0.267	0.099	0.000	5.592
2.893	0.006	-0.006	0.000	-0.19	0.97	-0.01	-0.07	-0.08	-0.10	0	0.038	-0.002	-0.266	0.097	0.000	5.612
2.903	0.006	-0.003	0.000	-0.37	1.00	0.00	0.19	-0.09	-0.00	0	0.038	-0.002	-0.265	0.094	-0.000	5.632
2.911	0.006	-0.006	0.000	-0.20	0.99	-0.01	0.11	-0.13	-0.17	0	0.037	-0.002	-0.264	0.092	-0.000	5.652
2.925	0.008	-0.002	0.000	-0.43	0.88	0.00	0.30	-0.18	0.02	0	0.037	-0.002	-0.263	0.090	-0.000	5.672
2.935	0.009	-0.002	0.000	-0.43	0.84	0.00	-0.05	-0.08	-0.08	0	0.037	-0.002	-0.263	0.088	-0.000	5.692
2.945	0.008	-0.002	0.000	-0.40	0.88	0.00	0.24	-0.05	-0.13	0	0.037	-0.002	-0.262	0.086	-0.000	5.712
2.954	0.008	-0.000	0.000	-0.50	0.92	0.01	0.16	0.12	0.10	0	0.037	-0.001	-0.261	0.084	-0.000	5.732
2.965	0.009	-0.000	0.000	-0.49	0.88	0.01	-0.01	-0.15	0.19	0	0.037	-0.001	-0.260	0.082	-0.000	5.752
2.976	0.007	-0.001	0.000	-0.46	0.95	0.01	0.18	-0.17	-0.08	0	0.036	-0.001	-0.259	0.080	-0.000	5.771
2.983	0.009	-0.001	0.000	-0.45	0.87	0.01	0.24	-0.03	-0.08	0	0.036	-0.001	-0.259	0.078	-0.000	5.791
2.995	0.008	-0.003	0.000	-0.38	0.95	0.00	-0.07	0.02	0.00	0	0.036	-0.001	-0.258	0.076	-0.000	5.811
3.004	0.009	-0.002	0.000	-0.44	0.90	0.00	0.08	-0.01	0.27	0	0.036	-0.001	-0.257	0.074	-0.000	5.830
3.014	0.009	-0.002	0.000	-0.40	0.90	0.00	0.02	-0.00	0.04	0	0.036	-0.001	-0.256	0.072	-0.001	5.849
3.021	0.007	-0.001	0.000	-0.48	0.99	0.01	-0.03	-0.15	-0.14	0	0.035	-0.001	-0.256	0.070	-0.001	5.869
3.034	0.005	-0.004	0.000	-0.33	1.10	0.00	-0.09	-0.19	0.04	0	0.034	-0.001	-0.255	0.068	-0.001	5.888
3.045	0.005	-0.003	0.000	-0.38	1.10	0.00	0.04	0.01	-0.03	0	0.034	-0.001	-0.254	0.066	-0.001	5.907
3.055	0.002	-0.001	0.000	-0.46	1.22	0.01	0.06	-0.03	-0.02	0	0.033	-0.001	-0.253	0.063	-0.001	5.927
3.064	0.002	-0.001	0.000	-0.49	1.22	0.01	0.03	-0.33	-0.10	0	0.032	-0.001	-0.252	0.061	-0.001	5.946
3.075	0.001	-0.001	0.000	-0.47	1.24	0.01	0.04	-0.15	-0.07	0	0.031	-0.001	-0.252	0.059	-0.001	5.965
3.084	0.003	-0.001	0.000	-0.45	1.16	0.01	0.03	-0.04	0.01	0	0.030	-0.001	-0.251	0.057	-0.001	5.984
3.091	0.002	-0.000	0.000	-0.50	1.19	0.01	0.18	-0.05	0.04	0	0.030	-0.000	-0.250	0.055	-0.001	6.003
3.104	0.002	-0.000	0.000	-0.49	1.16	0.01	-0.03	-0.08	0.04	0	0.029	-0.000	-0.249	0.053	-0.001	6.022
3.114	0.002	-0.001	0.000	-0.45	1.15	0.01	-0.08	-0.12	-0.01	0	0.028	-0.000	-0.248	0.051	-0.001	6.041
3.125	0.003	-0.002	0.000	-0.40	1.10	0.01	0.18	-0.08	-0.05	0	0.028	-0.000	-0.248	0.049	-0.001	6.059
3.134	0.001	-0.004	0.000	-0.34	1.18	0.00	-0.10	0.01	0.10	0	0.027	-0.001	-0.247	0.048	-0.002	6.078
3.144	0.000	-0.004	0.000	-0.32	1.22	0.00	0.10	-0.17	-0.05	0	0.027	-0.001	-0.246	0.046	-0.002	6.097
3.154	0.001	-0.003	0.000	-0.40	1.17	0.01	-0.11	-0.15	0.01	0	0.026	-0.001	-0.245	0.044	-0.002	6.115
3.160	0.001	-0.004	0.000	-0.36	1.16	0.00	0.17	0.12	-0.05	0	0.026	-0.001	-0.244	0.042	-0.002	6.134
3.175	0.001	-0.003	0.000	-0.37	1.15	0.00	0.00	-0.03	-0.05	0	0.025	-0.001	-0.244	0.040	-0.002	6.152
3.184	0.001	-0.004	0.000	-0.33	1.14	0.00	0.17	0.01	0.15	0	0.025	-0.002	-0.243	0.039	-0.002	6.171
3.194	0.000	-0.003	0.000	-0.41	1.16	0.01	0.12	-0.05	0.01	0	0.024	-0.002	-0.242	0.037	-0.002	6.189
3.203	0.001	-0.004	0.000	-0.36	1.13	0.00	0.26	-0.03	0.06	0	0.024	-0.002	-0.241	0.035	-0.003	6.208
3.212	0.003	-0.005	0.000	-0.33	1.02	0.00	0.00	-0.09	-0.06	0	0.023	-0.002	-0.240	0.034	-0.003	6.226
3.222	0.000	-0.004	0.000	-0.38	1.15	0.01	-0.01	0.07	0.13	0	0.023	-0.002	-0.239	0.032	-0.003	6.244
3.235	0.001	-0.004	0.000	-0.38	1.11	0.01	0.16	-0.03	-0.08	0	0.023	-0.002	-0.239	0.031	-0.003	6.262
3.245	0.000	-0.004	0.000	-0.39	1.12	0.01	0.20	-0.08	0.18	0	0.022	-0.002	-0.238	0.029	-0.003	6.280
3.255	0.000	-0.004	0.000	-0.36	1.12	0.01	-0.05	-0.15	-0.01	0	0.022	-0.003	-0.237	0.028	-0.003	6.298
3.264	0.000	-0.004	0.000	-0.38	1.11	0.01	0.24	0.09	0.10	0	0.021	-0.003	-0.236	0.026	-0.003	6.316
3.272	0.001	-0.004	0.000	-0.37	1.07	0.01	-0.04	0.01	-0.14	0	0.021	-0.003	-0.235	0.025	-0.004	6.334
3.281	0.001	-0.003	0.000	-0.42	1.09	0.01	-0.06	0.21	0.15	0	0.021	-0.003	-0.234	0.023	-0.004	6.352
3.294	0.001	-0.003	0.000	-0.45	1.08	0.01	0.29	-0.33	-0.24	0	0.020	-0.003	-0.234	0.022	-0.004	6.369
3.304	0.000	-0.006	0.000	-0.32	1.08	0.00	0.13	-0.07	-0.02	0	0.020	-0.003	-0.233	0.020	-0.004	6.387
3.313	0.000	-0.004	0.000	-0.39	1.08	0.01	0.06	-0.14	0.07	0	0.020	-0.003	-0.232	0.019	-0.004	6.405
3.323	0.001	-0.003	0.000	-0.43	1.04	0.01	0.17	0.20	-0.07	0	0.019	-0.003	-0.231	0.018	-0.004	6.422
3.330	0.001	-0.003	0.000	-0.43	1.04	0.01	0.05	-0.24	-0.12	0	0.019	-0.003	-0.230	0.016	-0.004	6.440
3.345	0.000	-0.003	0.000	-0.43	1.05	0.01	0.14	-0.03	-0.18	0	0.019	-0.003	-0.230	0.015	-0.004	6.457
3.353	0.001	-0.004	0.000	-0.42	1.04	0.01	0.25	-0.12	-0.03	0	0.018	-0.003	-0.229	0.014	-0.004	6.475
3.363	0.001	-0.005	0.000	-0.38	1.02	0.01	0.12	-0.21	-0.17	0	0.018	-0.003	-0.228	0.012	-0.004	6.492
3.372	0.001	-0.004	0.000	-0.40	1.01	0.01	0.36	-0.11	0.09	0	0.018	-0.003	-0.227	0.011	-0.004	6.509
3.385	0.000	-0.004	0.000	-0.43	1.03	0.01	-0.05	0.02	0.06	0	0.018	-0.003	-0.226	0.010	-0.004	6.526
3.394	0.001	-0.003	0.000	-0.46	1.01	0.01	0.18	0.20	-0.18	0	0.017	-0.003	-0.225	0.009	-0.004	6.543
3.402	0.000	-0.003	0.000	-0.45	1.03	0.01	0.21	0.26	0.24	0	0.017	-0.003	-0.225	0.008	-0.004	6.560
3.415	0.001	-0.005	0.000	-0.39	0.98	0.01	0.19	-0.12	-0.26	0	0.017	-0.003	-0.224	0.006	-0.004	6.577
3.424	0.000	-0.003	0.000	-0.44	1.02	0.01	-0.01	0.07	0.02	0	0.017	-0.003	-0.223	0.005	-0.004	6.594
3.432	0.006	-0.005	0.000	-0.36	0.79	0.01	0.03	-0.27	0.06	0	0.017	-0.003	-0.222	0.004	-0.005	6.611
3.444	0.007	-0.005	0.000	-0.37	0.74	0.01	0.14	-0.16	-0.12	0	0.017	-0.003	-0.221	0.004	-0.005	6.628
3.455	0.006	-0.007	0.000	-0.31	0.78	0.01	-0.19	-0.19	0.05	0	0.018	-0.004	-0.221	0.003	-0.005	6.645
3.464	0.007	-0.006	0.000	-0.37	0.77	0.01	0.06	-0.21	0.05	0	0.018	-0.004	-0.220	0.002	-0.005	6.661
3.472	0.007	-0.006	0.000	-0.37	0.77	0.01	0.05	0.05	-0.02	0	0.018	-0.004	-0.219	0.001	-0.005	6.678
3.482	0.007	-0.004	0.000	-0.45	0.78	0.01	-0.08	-0.24	0.23	0	0.019	-0.004	-0.218	0.000	-0.005	6.695
3.495	0.006	-0.006	0.000	-0.34	0.81	0.01	0.11	0.07	0.15	0	0.019	-0.004	-0.217	-0.000	-0.005	6.711
3.506	0.005	-0.005	0.000	-0.42	0.88	0.01	0.11	0.22	-0.10	0	0.019	-0.004	-0.216	-0.001	-0.005	6.727
3.516	0.003	-0.001	0.000	-0.59	0.94	0.02	0.05	-0.19	-0.16	0	0.018	-0.004	-0.216	-0.003	-0.005	6.744
3.524	0.008	-0.002	0.000	-0.55	0.75	0.02	0.07	0.12	0.01	0	0.019	-0.003	-0.215	-0.003	-0.005	6.760
3.531	0.007	-0.004	0.000	-0.45	0.78	0.02	-0.11	-0.02	0.02	0	0.019	-0.003	-0.214	-0.004	-0.005	6.776
3.545	0.008	-0.003	0.000	-0.49	0.78	0.02	0.06	-0.09	0.09	0	0.019	-0.003	-0.213	-0.005	-0.005	6.793
3.553	0.007	-0.003	0.000	-0.49	0.80	0.02	-0.03	-0.08	0.02	0	0.019	-0.003	-0.212	-0.006	-0.005	6.809
3.564	0.007	-0.002	0.000	-0.51	0.81	0.02	0.13	0.13	-0.04	0	0.019	-0.003	-0.211	-0.007	-0.005	6.825
3.573	0.007	-0.003	0.000	-0.49	0.84	0.02	0.30	-0.38	-0.04	0	0.019	-0.003	-0.211	-0.007	-0.005	6.841
3.582	0.007	-0.003	0.000	-0.48	0.84	0.02	0.05	-0.03	-0.07	0	0.019	-0.003	-0.210	-0.008	-0.005	6.857
3.591	0.007	-0.003	0.000	-0.49	0.85	0.02	0.18	0.09	0.12	0	0.019	-0.003	-0.209	-0.009	-0.005	6.873
3.607	0.008	-0.003	0.000	-0.48	0.83	0.02	0.23	-0.16	-0.05	0	0.019	-0.003	-0.208	-0.010	-0.005	6.888
3.614	0.008	-0.003	0.000	-0.47	0.82	0.02	0.16	-0.08	-0.07	0	0.019	-0.003	-0.207	-0.011	-0.005	6.904
3.623	0.008	-0.003	0.000	-0.48	0.84	0.02	0.24	0.04	0.17	0	0.019	-0.003	-0.207	-0.012	-0.005	6.920
3.632	0.007	-0.003	0.000	-0.47	0.88	0.02	-0.10	0.14	0.15	0	0.019	-0.002	-0.206	-0.012	-0.005	6.935
3.642	0.008	-0.003	0.000	-0.45	0.83	0.02	0.04	-0.06	-0.03	0	0.019	-0.003	-0.205	-0.013	-0.005	6.951
3.653	0.007	-0.002	0.000	-0.50	0.87	0.02	0.10	-0.07	0.02	0	0.019	-0.002	-0.204	-0.014	-0.005	6.967
3.662	0.008	-0.003	0.000	-0.46	0.86	0.02	0.03	-0.28	-0.09	0	0.019	-0.002	-0.203	-0.015	-0.005	6.982
3.674	0.007	-0.001	0.000	-0.52	0.91	0.02	0.30	0.01	-0.12	0	0.018	-0.002	-0.203	-0.016	-0.005	6.997
3.682	0.007	-0.002	0.000	-0.47	0.89	0.02	0.05	-0.02	0.10	0	0.018	-0.002	-0.202	-0.016	-0.005	7.013
3.692	0.009	-0.002	0.000	-0.48	0.82	0.02	-0.01	-0.15	-0.08	0	0.018	-0.002	-0.201	-0.017	-0.005	7.028
3.703	0.008	-0.003	0.000	-0.45	0.88	0.01	0.24	-0.06	0.07	0	0.018	-0.002	-0.200	-0.018	-0.005	7.043
3.711	0.007	-0.003	0.000	-0.45	0.92	0.01	0.03	0.04	0.19	0	0.018	-0.002	-0.199	-0.019	-0.005	7.058
3.722	0.007	-0.003	0.000	-0.45	0.90	0.01	0.07	-0.14	-0.06	0	0.018	-0.002	-0.199	-0.019	-0.005	7.073
3.734	0.010	0.000	0.000	-0.58	0.80	0.02	0.14	-0.03	-0.02	0	0.018	-0.002	-0.198	-0.020	-0.005	7.088
3.745	0.008	-0.002	0.000	-0.49	0.89	0.02	0.17	0.14	-0.12	0	0.018	-0.002	-0.197	-0.021	-0.005	7.103
3.754	0.007	-0.002	0.000	-0.46	0.95	0.01	-0.04	0.05	0.05	0	0.018	-0.002	-0.196	-0.022	-0.005	7.118
3.764	0.007	-0.003	0.000	-0.43	0.94	0.01	0.04	0.10	0.13	0	0.018	-0.002	-0.195	-0.022	-0.005	7.133
3.774	0.007	-0.003	0.000	-0.43	0.94	0.01	-0.07	-0.29	0.03	0	0.017	-0.002	-0.195	-0.023	-0.005	7.148
3.783	0.007	-0.001	0.000	-0.50	0.95	0.02	0.04	-0.01	-0.06	0	0.017	-0.002	-0.194	-0.024	-0.005	7.162
3.790	0.008	-0.003	0.000	-0.44	0.91	0.01	0.25	0.25	-0.03	0	0.017	-0.002	-0.193	-0.024	-0.005	7.177
3.803	0.007	-0.003	0.000	-0.43	0.96	0.01	0.03	-0.06	-0.14	0	0.017	-0.002	-0.192	-0.025	-0.005	7.192
3.814	0.008	-0.002	0.000	-0.48	0.92	0.01	-0.03	-0.12	-0.15	0	0.017	-0.002	-0.192	-0.026	-0.005	7.206
3.824	0.008	-0.001	0.000	-0.51	0.91	0.01	0.22	-0.14	-0.01	0	0.017	-0.002	-0.191	-0.026	-0.005	7.221
3.834	0.007	-0.004	0.000	-0.37	0.97	0.01	-0.05	-0.23	0.07	0	0.017	-0.002	-0.190	-0.027	-0.005	7.235
3.846	0.008	-0.003	0.000	-0.43	0.93	0.01	0.05	-0.03	0.07	0	0.016	-0.002	-0.189	-0.028	-0.005	7.250
3.854	0.007	-0.001	0.000	-0.50	0.98	0.01	0.05	-0.07	-0.06	0	0.016	-0.002	-0.188	-0.028	-0.005	7.264
3.864	0.007	-0.001	0.000	-0.50	0.97	0.01	0.24	0.07	0.06	0	0.016	-0.002	-0.188	-0.029	-0.005	7.278
3.872	0.007	-0.001	0.000	-0.49	0.96	0.01	0.13	-0.04	-0.11	0	0.016	-0.001	-0.187	-0.030	-0.005	7.292
3.885	0.007	-0.002	0.000	-0.44	0.98	0.01	0.03	-0.11	0.16	0	0.016	-0.001	-0.186	-0.030	-0.005	7.306
3.892	0.008	-0.003	0.000	-0.40	0.95	0.01	0.10	-0.06	0.06	0	0.016	-0.002	-0.185	-0.031	-0.005	7.320
3.906	0.008	-0.003	0.000	-0.40	0.95	0.01	0.03	-0.27	0.04	0	0.015	-0.002	-0.184	-0.031	-0.005	7.334
3.914	0.008	-0.003	0.000	-0.40	0.95	0.01	0.16	0.15	-0.13	0	0.015	-0.002	-0.184	-0.032	-0.005	7.348
3.922	0.008	-0.003	0.000	-0.40	0.95	0.01	0.09	-0.08	-0.04	0	0.015	-0.002	-0.183	-0.032	-0.006	7.362
3.933	0.008	-0.003	0.000	-0.40	0.93	0.01	0.02	-0.03	0.07	0	0.015	-0.002	-0.182	-0.033	-0.006	7.376
3.945	0.007	-0.002	0.000	-0.45	0.98	0.01	0.05	-0.16	0.21	0	0.015	-0.002	-0.181	-0.034	-0.006	7.390
3.951	0.007	-0.003	0.000	-0.41	0.98	0.01	0.13	0.23	0.01	0	0.015	-0.002	-0.181	-0.034	-0.006	7.404
3.963	0.007	-0.002	0.000	-0.45	0.98	0.01	-0.11	-0.04	0.12	0	0.015	-0.002	-0.180	-0.035	-0.006	7.417
3.972	0.007	-0.003	0.000	-0.39	0.99	0.01	0.07	0.12	0.19	0	0.015	-0.002	-0.179	-0.035	-0.006	7.431
3.984	0.008	-0.003	0.000	-0.40	0.96	0.01	0.06	-0.14	0.07	0	0.014	-0.002	-0.178	-0.036	-0.006	7.444
3.991	0.008	-0.003	0.000	-0.40	0.94	0.01	-0.01	-0.14	0.09	0	0.014	-0.002	-0.178	-0.036	-0.006	7.458
4.004	0.007	-0.001	0.000	-0.49	0.98	0.01	0.23	-0.08	0.05	0	0.014	-0.002	-0.177	-0.037	-0.006	7.471
4.013	0.007	-0.001	0.000	-0.48	0.99	0.01	0.07	0.06	-0.20	0	0.014	-0.002	-0.176	-0.037	-0.006	7.485
4.023	0.007	-0.003	0.000	-0.38	1.02	0.01	0.13	-0.30	-0.09	0	0.014	-0.002	-0.175	-0.038	-0.006	7.498
4.034	0.007	-0.002	0.000	-0.42	1.01	0.01	0.19	0.12	0.06	0	0.014	-0.002	-0.175	-0.038	-0.006	7.511
4.043	0.009	-0.002	0.000	-0.42	0.91	0.01	-0.00	0.02	-0.09	0	0.014	-0.002	-0.174	-0.038	-0.006	7.524
4.049	0.007	-0.003	0.000	-0.39	0.99	0.01	-0.22	0.08	0.04	0	0.014	-0.002	-0.173	-0.039	-0.006	7.537
4.064	0.008	-0.003	0.000	-0.39	0.98	0.01	-0.06	-0.17	-0.03	0	0.014	-0.002	-0.172	-0.039	-0.006	7.551
4.074	0.008	-0.003	0.000	-0.39	0.96	0.01	0.11	0.10	0.11	0	0.014	-0.002	-0.171	-0.040	-0.006	7.564
4.084	0.007	-0.003	0.000	-0.38	1.01	0.01	-0.07	-0.04	0.25	0	0.013	-0.002	-0.171	-0.040	-0.006	7.577
4.094	0.008	-0.002	0.000	-0.42	0.96	0.02	0.02	-0.11	-0.13	0	0.013	-0.002	-0.170	-0.041	-0.006	7.589
4.106	0.009	0.003	0.000	-0.64	0.92	0.02	0.15	0.03	-0.13	0	0.013	-0.002	-0.169	-0.041	-0.006	7.602
4.116	0.009	0.004	0.000	-0.65	0.93	0.02	0.17	-0.00	-0.01	0	0.013	-0.001	-0.168	-0.041	-0.005	7.615
4.123	0.010	0.003	0.000	-0.63	0.89	0.02	0.16	0.03	0.03	35979	0.014	-0.000	-0.168	-0.041	-0.005	7.628
4.131	0.010	0.004	0.000	-0.63	0.89	0.02	0.21	-0.25	-0.20	35975	0.014	0.000	-0.167	-0.042	-0.005	7.640
4.142	0.009	0.004	0.000	-0.61	0.95	0.02	-0.56	-0.80	-0.43	35985	0.014	0.001	-0.165	-0.042	-0.005	7.653
4.152	0.010	0.003	0.000	-0.58	0.92	0.01	-0.09	-0.13	0.78	35980	0.014	0.001	-0.163	-0.042	-0.005	7.665
4.164	0.008	0.004	0.000	-0.60	0.99	0.02	-0.20	-0.35	0.46	35966	0.014	0.001	-0.161	-0.043	-0.004	7.678
4.173	0.010	0.001	0.000	-0.46	0.93	0.01	-0.66	-1.68	0.31	35974	0.014	0.001	-0.159	-0.043	-0.004	7.690
4.181	0.008	-0.003	0.000	-0.32	1.03	0.01	0.11	-0.19	-0.03	35956	0.014	0.001	-0.156	-0.043	-0.005	7.701
4.193	0.006	-0.003	0.000	-0.32	1.13	0.01	2.11	0.76	-0.46	35945	0.013	0.001	-0.153	-0.044	-0.005	7.713
4.202	0.009	-0.005	0.000	-0.25	0.98	0.01	-0.35	-1.49	-0.88	35958	0.013	-0.000	-0.151	-0.044	-0.005	7.725
4.210	0.006	-0.005	0.000	-0.25	1.10	0.00	1.72	0.51	0.54	35939	0.013	-0.001	-0.148	-0.045	-0.006	7.736
4.224	0.006	-0.006	0.000	-0.22	1.11	0.00	-2.52	-2.95	0.81	35923	0.013	-0.001	-0.145	-0.045	-0.006	7.747
4.232	0.006	-0.006	0.000	-0.23	1.10	0.01	-0.78	-1.12	-0.14	35925	0.012	-0.002	-0.142	-0.046	-0.006	7.758
4.244	0.006	-0.006	0.000	-0.24	1.12	0.00	-2.58	-2.96	1.37	35931	0.012	-0.002	-0.139	-0.046	-0.007	7.768
4.253	0.006	-0.006	0.000	-0.27	1.12	0.02	0.20	-0.22	-0.31	35928	0.012	-0.003	-0.136	-0.047	-0.007	7.779
4.264	0.006	-0.006	0.000	-0.28	1.13	0.01	3.52	2.57	-3.85	35893	0.012	-0.003	-0.133	-0.047	-0.007	7.789
4.273	0.006	-0.007	0.000	-0.22	1.09	-0.03	2.64	1.73	-8.31	35937	0.011	-0.003	-0.130	-0.047	-0.007	7.798
4.284	0.006	-0.006	0.000	-0.22	1.06	-0.12	2.96	2.93	-9.19	35945	0.011	-0.004	-0.127	-0.048	-0.008	7.808
4.294	0.006	-0.006	0.000	-0.21	1.01	-0.21	-0.97	0.30	-9.10	35952	0.011	-0.004	-0.124	-0.048	-0.008	7.818
4.303	0.007	-0.006	0.000	-0.22	0.99	-0.30	-0.42	-2.52	-5.42	35945	0.011	-0.004	-0.121	-0.048	-0.008	7.827
4.315	0.009	-0.008	0.000	-0.13	0.91	-0.35	3.57	3.35	-4.45	35923	0.011	-0.005	-0.117	-0.049	-0.008	7.836
4.323	0.007	-0.007	0.000	-0.14	0.93	-0.40	9.20	8.00	-5.86	37996	0.011	-0.005	-0.114	-0.049	-0.008	7.844
4.332	0.007	-0.007	0.000	-0.05	0.87	-0.46	8.65	7.49	-9.35	38012	0.011	-0.005	-0.111	-0.049	-0.008	7.853
4.343	0.008	-0.008	0.000	0.06	0.74	-0.56	0.78	-0.76	-10.40	37997	0.011	-0.006	-0.108	-0.049	-0.009	7.861
4.352	0.008	-0.008	0.000	0.05	0.76	-0.66	-12.52	-12.98	-10.17	37994	0.011	-0.006	-0.105	-0.050	-0.009	7.869
4.365	0.007	-0.007	0.000	-0.15	0.92	-0.76	-20.22	-16.90	-6.66	38060	0.011	-0.006	-0.102	-0.050	-0.009	7.877
4.373	0.007	-0.008	0.000	-0.31	1.08	-0.82	-16.08	-15.48	-2.47	38083	0.011	-0.006	-0.099	-0.050	-0.009	7.884
4.385	0.007	-0.008	0.000	-0.42	1.15	-0.83	10.58	6.29	1.42	38146	0.011	-0.006	-0.096	-0.051	-0.009	7.892
4.392	0.006	-0.007	0.000	-0.36	1.09	-0.83	4.70	6.00	-1.97	38089	0.011	-0.007	-0.092	-0.051	-0.009	7.899
4.403	0.006	-0.006	0.000	-0.37	1.06	-0.85	8.58	6.34	-4.32	38171	0.011	-0.006	-0.089	-0.051	-0.009	7.905
4.416	0.005	-0.006	0.000	-0.26	1.00	-0.89	11.17	8.52	-4.63	38152	0.011	-0.006	-0.086	-0.052	-0.009	7.912
4.424	0.005	-0.006	0.000	-0.15	0.92	-0.94	6.53	6.37	-7.04	38124	0.010	-0.006	-0.083	-0.052	-0.009	7.918
4.432	0.006	-0.006	0.000	-0.09	0.81	-1.02	1.12	-1.58	-10.71	38199	0.010	-0.006	-0.080	-0.053	-0.009	7.924
4.444	0.005	-0.006	0.000	-0.09	0.85	-1.13	1.24	1.05	-13.71	38207	0.010	-0.006	-0.077	-0.053	-0.009	7.930
4.454	0.005	-0.006	0.000	-0.09	0.79	-1.27	1.08	0.94	-11.85	38220	0.010	-0.006	-0.074	-0.053	-0.009	7.936
4.460	0.007	-0.008	0.000	0.02	0.72	-1.38	6.17	2.46	-8.12	38266	0.010	-0.006	-0.071	-0.053	-0.009	7.941
4.473	0.007	-0.008	0.000	0.08	0.64	-1.47	2.77	1.98	-6.36	38313	0.010	-0.007	-0.068	-0.054	-0.009	7.946
4.482	0.006	-0.007	0.000	0.05	0.68	-1.52	0.12	-3.06	-3.62	38274	0.010	-0.007	-0.065	-0.054	-0.009	7.951
4.493	0.006	-0.004	0.000	-0.10	0.70	-1.56	-1.46	3.25	-2.10	38287	0.010	-0.006	-0.062	-0.054	-0.009	7.956
4.504	0.005	-0.004	0.000	-0.11	0.71	-1.58	-5.05	-4.91	-2.06	38379	0.010	-0.006	-0.059	-0.055	-0.009	7.961
4.510	0.008	-0.005	0.000	-0.08	0.64	-1.60	-7.71	-5.18	-0.33	38404	0.010	-0.006	-0.056	-0.055	-0.009	7.965
4.524	0.003	-0.007	0.000	-0.10	0.87	-1.60	-14.97	-3.49	1.31	40417	0.009	-0.006	-0.053	-0.055	-0.009	7.969
4.535	0.004	-0.007	0.000	-0.26	0.85	-1.59	-17.96	-1.78	3.07	40362	0.009	-0.006	-0.050	-0.056	-0.009	7.973
4.541	0.003	-0.007	0.000	-0.43	0.87	-1.56	-14.18	-6.16	3.07	40385	0.009	-0.006	-0.048	-0.056	-0.009	7.977
4.552	0.004	-0.008	0.000	-0.55	0.91	-1.52	-11.18	-5.15	2.77	40384	0.009	-0.006	-0.045	-0.056	-0.009	7.980
4.564	0.003	-0.007	0.000	-0.69	0.97	-1.49	-3.96	-8.17	3.92	40480	0.008	-0.006	-0.042	-0.057	-0.009	7.983
4.574	0.002	-0.007	0.000	-0.71	1.07	-1.45	5.34	-1.23	5.48	40594	0.008	-0.007	-0.039	-0.057	-0.009	7.986
4.583	0.002	-0.007	0.000	-0.65	1.08	-1.40	11.64	6.54	2.82	40789	0.008	-0.007	-0.036	-0.058	-0.009	7.989
4.593	0.005	-0.010	0.000	-0.40	0.85	-1.39	21.29	9.83	-0.95	40827	0.008	-0.007	-0.033	-0.058	-0.009	7.991
4.605	0.005	-0.010	0.000	-0.18	0.75	-1.40	24.59	11.47	-2.54	40780	0.008	-0.007	-0.030	-0.058	-0.010	7.994
4.614	0.003	-0.007	0.000	-0.09	0.69	-1.42	17.19	10.15	-2.42	40826	0.008	-0.007	-0.027	-0.058	-0.010	7.996
4.624	0.004	-0.006	0.000	0.04	0.74	-1.45	7.56	14.10	-5.77	40939	0.007	-0.007	-0.024	-0.059	-0.010	7.997
4.634	0.001	-0.007	0.000	0.18	0.54	-1.51	7.91	13.74	-6.45	40977	0.007	-0.007	-0.021	-0.059	-0.009	7.999
4.644	0.004	-0.010	0.000	0.39	0.20	-1.57	7.66	26.09	-5.84	40818	0.007	-0.007	-0.018	-0.059	-0.010	8.000
4.652	0.006	-0.010	0.001	0.49	-0.14	-1.63	8.11	31.54	-6.47	40640	0.007	-0.008	-0.015	-0.059	-0.010	8.002
4.661	0.005	-0.011	0.000	0.60	-0.42	-1.69	3.56	31.53	-5.40	40564	0.007	-0.008	-0.012	-0.059	-0.010	8.003
4.675	0.006	-0.010	0.001	0.56	-0.80	-1.74	-8.18	33.18	-2.08	40560	0.007	-0.008	-0.010	-0.060	-0.010	8.003
4.684	0.006	-0.010	0.001	0.44	-1.13	-1.76	-19.23	26.61	-0.75	40455	0.007	-0.008	-0.007	-0.060	-0.010	8.004
4.693	0.005	-0.005	0.001	0.04	-1.36	-1.78	-32.34	21.24	0.12	40368	0.007	-0.008	-0.004	-0.060	-0.010	8.004
4.702	0.004	-0.009	0.002	-0.11	-1.53	-1.76	-32.98	8.95	2.02	40292	0.007	-0.008	-0.001	-0.060	-0.010	8.005
4.709	0.003	-0.010	0.001	-0.39	-1.60	-1.74	-36.53	9.39	0.48	40392	0.006	-0.008	0.002	-0.060	-0.010	8.005
4.722	0.003	-0.009	0.002	-0.79	-1.70	-1.74	-30.73	14.41	-0.51	40420	0.006	-0.009	0.005	-0.060	-0.010	8.004
4.733	0.006	-0.005	0.002	-1.26	-1.99	-1.78	-9.85	18.98	-2.70	42476	0.006	-0.008	0.007	-0.060	-0.010	8.004
4.743	0.008	-0.002	0.002	-1.50	-2.25	-1.83	-3.82	27.56	-3.73	42431	0.006	-0.008	0.010	-0.060	-0.010	8.003
4.754	0.014	-0.004	0.001	-1.43	-2.78	-1.86	8.95	36.27	-2.32	42447	0.007	-0.007	0.013	-0.060	-0.010	8.002
4.763	0.014	-0.008	0.002	-1.15	-3.15	-1.86	10.96	43.45	-2.24	42716	0.008	-0.007	0.016	-0.059	-0.010	8.001
4.769	0.015	-0.009	0.002	-1.03	-3.60	-1.89	13.44	43.74	-4.18	42750	0.009	-0.007	0.018	-0.059	-0.010	8.000
4.784	0.019	-0.009	0.001	-0.85	-4.16	-1.92	20.98	31.60	-3.31	42829	0.010	-0.007	0.021	-0.058	-0.010	7.999
4.795	0.018	-0.009	0.001	-0.66	-4.38	-1.97	28.91	10.14	-2.92	42953	0.010	-0.008	0.024	-0.057	-0.010	7.997
4.803	0.021	-0.014	0.001	-0.15	-4.56	-1.92	30.05	-8.38	0.37	42919	0.011	-0.008	0.026	-0.057	-0.010	7.995
4.812	0.020	-0.015	0.002	0.16	-4.37	-1.91	16.46	-19.76	2.20	42905	0.012	-0.009	0.029	-0.056	-0.011	7.993
4.820	0.019	-0.014	0.003	0.31	-4.10	-1.90	0.58	-34.54	3.94	42738	0.013	-0.010	0.032	-0.056	-0.011	7.991
4.834	0.023	-0.014	0.003	0.28	-3.86	-1.87	-18.91	-58.18	2.70	42572	0.014	-0.010	0.035	-0.055	-0.011	7.988
4.842	0.026	-0.011	0.002	-0.06	-3.36	-1.90	-26.96	-73.39	2.32	42763	0.015	-0.010	0.037	-0.054	-0.011	7.986
4.853	0.026	-0.010	0.003	-0.37	-2.54	-1.89	-27.91	-87.62	3.24	42689	0.016	-0.010	0.040	-0.053	-0.011	7.983
4.862	0.027	-0.011	0.003	-0.62	-1.63	-1.85	-28.65	-95.45	1.85	42531	0.017	-0.010	0.043	-0.053	-0.012	7.980
4.870	0.026	-0.011	0.004	-0.90	-0.58	-1.81	-32.57	-98.34	2.64	42369	0.018	-0.010	0.046	-0.052	-0.012	7.977
4.884	0.025	-0.011	0.003	-1.23	0.52	-1.76	-24.71	-96.40	2.92	42166	0.019	-0.010	0.049	-0.052	-0.012	7.973
4.892	0.025	-0.011	0.004	-1.49	1.51	-1.71	-20.39	-91.44	2.82	42341	0.020	-0.010	0.051	-0.052	-0.012	7.970
4.903	0.025	-0.011	0.005	-1.65	2.48	-1.65	-13.30	-79.26	4.47	42150	0.021	-0.010	0.054	-0.051	-0.012	7.966
4.913	0.025	-0.016	0.006	-1.55	3.27	-1.52	-7.12	-59.72	4.98	41976	0.021	-0.011	0.057	-0.051	-0.012	7.962
4.920	0.027	-0.017	0.007	-1.59	3.83	-1.44	-1.24	-43.38	5.15	41759	0.022	-0.012	0.060	-0.051	-0.012	7.958
4.934	0.030	-0.023	0.005	-1.38	4.14	-1.33	9.86	-30.65	6.11	42066	0.023	-0.013	0.062	-0.050	-0.013	7.954
4.945	0.028	-0.017	0.006	-1.55	4.59	-1.30	21.87	-21.76	7.42	44010	0.024	-0.013	0.065	-0.050	-0.013	7.949
4.953	0.028	-0.018	0.007	-1.32	4.80	-1.22	29.36	-9.11	6.71	43800	0.025	-0.014	0.068	-0.050	-0.014	7.945
4.962	0.029	-0.019	0.008	-0.97	4.90	-1.16	31.84	3.12	6.49	43713	0.026	-0.014	0.070	-0.050	-0.014	7.940
4.971	0.034	-0.019	0.006	-0.66	4.64	-1.08	27.47	17.80	6.63	43656	0.027	-0.015	0.073	-0.049	-0.014	7.935
4.984	0.034	-0.019	0.007	-0.43	4.48	-1.02	20.40	28.67	6.03	44216	0.028	-0.015	0.075	-0.049	-0.015	7.930
4.992	0.031	-0.021	0.007	-0.15	4.35	-0.97	11.99	33.81	6.13	44136	0.029	-0.016	0.078	-0.049	-0.015	7.924
5.006	0.031	-0.020	0.008	-0.09	4.00	-0.91	5.43	37.34	6.73	44053	0.030	-0.016	0.081	-0.049	-0.015	7.919
5.013	0.031	-0.018	0.006	-0.13	3.65	-0.83	0.40	36.34	6.81	43937	0.030	-0.016	0.083	-0.049	-0.015	7.913
5.022	0.030	-0.018	0.007	-0.13	3.32	-0.76	-1.98	29.76	7.08	44471	0.031	-0.016	0.085	-0.049	-0.016	7.907
5.037	0.032	-0.018	0.008	-0.17	2.97	-0.69	-2.69	20.71	6.19	44391	0.031	-0.016	0.088	-0.049	-0.016	7.901
5.045	0.034	-0.019	0.009	-0.15	2.68	-0.63	-3.59	9.55	5.07	44308	0.032	-0.017	0.090	-0.049	-0.016	7.895
5.054	0.038	-0.019	0.010	-0.17	2.39	-0.58	-5.44	5.72	4.74	44222	0.033	-0.017	0.093	-0.048	-0.016	7.888
5.063	0.037	-0.020	0.013	-0.20	2.38	-0.54	-7.57	4.96	4.93	43685	0.034	-0.017	0.096	-0.048	-0.016	7.882
5.071	0.037	-0.020	0.014	-0.31	2.34	-0.49	-7.98	3.39	4.73	43576	0.035	-0.017	0.100	-0.048	-0.016	7.875
5.085	0.040	-0.020	0.016	-0.38	2.20	-0.44	-7.97	1.79	4.78	43461	0.037	-0.018	0.103	-0.048	-0.017	7.869
5.093	0.040	-0.019	0.017	-0.52	2.18	-0.38	-9.69	1.68	4.80	43361	0.038	-0.018	0.106	-0.048	-0.017	7.862
5.105	0.040	-0.020	0.025	-0.58	2.20	-0.34	-8.47	1.88	5.08	43247	0.039	-0.018	0.110	-0.047	-0.017	7.856
5.112	0.039	-0.019	0.027	-0.68	2.19	-0.28	-7.40	4.96	4.03	41814	0.039	-0.018	0.115	-0.047	-0.017	7.849
5.121	0.039	-0.019	0.029	-0.79	2.15	-0.24	-6.25	7.29	5.09	41701	0.040	-0.018	0.119	-0.048	-0.017	7.842
5.130	0.040	-0.018	0.030	-0.85	2.05	-0.19	-3.27	9.85	6.26	41602	0.041	-0.018	0.123	-0.048	-0.017	7.835
5.142	0.036	-0.018	0.032	-0.92	2.10	-0.12	-0.87	10.63	7.75	41512	0.041	-0.018	0.127	-0.048	-0.017	7.828
5.155	0.035	-0.018	0.040	-0.93	2.02	-0.05	0.12	12.44	9.15	42523	0.041	-0.018	0.132	-0.048	-0.017	7.821
5.164	0.035	-0.018	0.042	-0.92	1.89	0.04	2.59	12.22	9.32	42490	0.041	-0.017	0.136	-0.049	-0.017	7.814
5.172	0.038	-0.017	0.044	-0.91	1.62	0.15	5.69	13.51	8.92	42451	0.042	-0.017	0.141	-0.049	-0.017	7.806
5.185	0.038	-0.017	0.046	-0.87	1.50	0.23	7.64	15.13	8.19	42379	0.042	-0.017	0.145	-0.049	-0.017	7.799
5.194	0.036	-0.016	0.053	-0.81	1.41	0.31	9.50	17.51	7.23	42367	0.042	-0.017	0.150	-0.050	-0.017	7.791
5.203	0.037	-0.018	0.056	-0.62	1.16	0.37	8.59	17.59	6.82	41408	0.042	-0.017	0.155	-0.050	-0.017	7.784
5.211	0.038	-0.018	0.058	-0.53	0.94	0.43	8.87	15.95	6.06	41373	0.042	-0.017	0.160	-0.050	-0.017	7.776
5.223	0.038	-0.018	0.060	-0.44	0.78	0.49	8.61	14.50	5.38	41382	0.042	-0.017	0.165	-0.051	-0.017	7.768
5.232	0.037	-0.018	0.065	-0.36	0.63	0.55	7.54	12.53	4.60	41408	0.043	-0.017	0.169	-0.051	-0.017	7.760
5.245	0.036	-0.017	0.067	-0.29	0.54	0.59	6.47	13.39	4.49	40812	0.042	-0.016	0.174	-0.052	-0.017	7.752
5.253	0.036	-0.017	0.070	-0.22	0.39	0.64	7.67	11.23	4.86	40818	0.042	-0.016	0.179	-0.052	-0.017	7.744
5.266	0.034	-0.016	0.072	-0.18	0.35	0.69	6.98	8.97	5.71	40823	0.042	-0.016	0.183	-0.053	-0.017	7.736
5.273	0.035	-0.016	0.074	-0.13	0.24	0.75	6.41	8.89	5.68	40827	0.042	-0.016	0.187	-0.053	-0.017	7.727
5.281	0.034	-0.016	0.076	-0.05	0.17	0.81	4.35	12.35	5.17	40949	0.042	-0.016	0.191	-0.054	-0.017	7.718
5.294	0.034	-0.016	0.078	0.03	0.01	0.86	2.70	15.47	5.18	40971	0.041	-0.016	0.195	-0.054	-0.017	7.709
5.303	0.034	-0.016	0.080	0.06	-0.14	0.91	1.17	17.29	5.34	41005	0.041	-0.015	0.199	-0.055	-0.017	7.700
5.314	0.035	-0.017	0.082	0.09	-0.40	0.96	-0.30	15.73	4.79	41076	0.041	-0.015	0.202	-0.055	-0.018	7.691
5.319	0.034	-0.017	0.085	0.10	-0.52	1.01	-1.34	11.92	3.96	41122	0.041	-0.015	0.206	-0.055	-0.018	7.682
5.333	0.035	-0.016	0.087	0.09	-0.68	1.05	-2.43	4.36	4.06	40954	0.040	-0.015	0.210	-0.056	-0.018	7.673
5.344	0.034	-0.017	0.089	0.07	-0.69	1.09	-3.31	-4.87	4.15	41042	0.040	-0.015	0.213	-0.056	-0.018	7.663
5.354	0.034	-0.016	0.091	0.04	-0.64	1.13	-1.60	-11.23	4.63	41133	0.040	-0.015	0.217	-0.057	-0.018	7.654
5.364	0.033	-0.015	0.093	-0.04	-0.48	1.18	2.06	-13.68	4.22	43396	0.040	-0.015	0.220	-0.057	-0.018	7.644
5.374	0.031	-0.011	0.092	-0.18	-0.28	1.22	5.77	-12.80	3.46	43958	0.039	-0.014	0.223	-0.058	-0.018	7.634
5.384	0.031	-0.010	0.093	-0.13	-0.15	1.26	7.36	-8.41	3.49	44114	0.039	-0.014	0.226	-0.058	-0.017	7.624
5.390	0.031	-0.010	0.095	-0.04	-0.08	1.29	8.67	-4.09	3.02	44233	0.038	-0.013	0.229	-0.059	-0.017	7.614
5.404	0.030	-0.010	0.096	0.08	-0.05	1.33	7.33	1.54	2.24	44324	0.038	-0.012	0.232	-0.059	-0.017	7.604
5.413	0.030	-0.010	0.094	0.16	-0.05	1.35	6.06	5.29	1.89	44414	0.037	-0.012	0.234	-0.060	-0.017	7.593
5.423	0.028	-0.010	0.095	0.23	-0.07	1.37	5.27	10.37	1.55	45177	0.036	-0.012	0.237	-0.060	-0.017	7.582
5.434	0.028	-0.009	0.096	0.26	-0.20	1.38	5.24	11.60	0.29	45296	0.036	-0.011	0.239	-0.061	-0.017	7.572
5.446	0.028	-0.010	0.098	0.35	-0.31	1.38	4.56	11.23	-0.72	45392	0.035	-0.011	0.241	-0.062	-0.016	7.561
5.454	0.027	-0.009	0.098	0.40	-0.42	1.38	4.91	9.62	-1.06	45452	0.034	-0.010	0.244	-0.062	-0.016	7.550
5.462	0.027	-0.010	0.099	0.46	-0.50	1.37	5.32	7.95	-1.49	45589	0.034	-0.010	0.246	-0.063	-0.016	7.538
5.473	0.026	-0.010	0.100	0.53	-0.55	1.35	6.85	6.69	-1.91	45682	0.033	-0.010	0.249	-0.063	-0.016	7.527
5.481	0.025	-0.010	0.101	0.61	-0.62	1.33	6.53	6.43	-2.40	45760	0.032	-0.010	0.251	-0.064	-0.016	7.516
5.494	0.025	-0.009	0.102	0.65	-0.71	1.31	4.37	5.38	-2.41	45819	0.032	-0.010	0.254	-0.064	-0.016	7.504
5.503	0.025	-0.009	0.100	0.71	-0.75	1.28	2.29	3.87	-2.54	46508	0.031	-0.009	0.256	-0.065	-0.016	7.492
5.513	0.025	-0.010	0.100	0.75	-0.80	1.26	0.51	2.69	-2.30	46567	0.030	-0.009	0.258	-0.065	-0.016	7.480
5.524	0.023	-0.010	0.101	0.76	-0.76	1.25	-1.28	0.66	-2.04	46619	0.030	-0.009	0.260	-0.065	-0.016	7.468
5.531	0.022	-0.009	0.102	0.75	-0.76	1.22	-0.73	-2.86	-2.44	46689	0.029	-0.009	0.262	-0.066	-0.016	7.456
5.543	0.021	-0.009	0.105	0.73	-0.70	1.20	-1.53	-4.43	-1.55	46715	0.028	-0.009	0.264	-0.066	-0.016	7.444
5.554	0.021	-0.009	0.106	0.73	-0.67	1.18	-3.39	-3.53	-2.97	46257	0.027	-0.009	0.267	-0.067	-0.016	7.432
5.563	0.021	-0.010	0.106	0.70	-0.65	1.16	-4.51	-2.89	-1.84	46228	0.027	-0.009	0.269	-0.067	-0.016	7.419
5.574	0.021	-0.009	0.107	0.65	-0.63	1.13	-4.77	0.11	-2.49	46209	0.026	-0.009	0.272	-0.068	-0.016	7.407
5.583	0.020	-0.009	0.108	0.60	-0.63	1.11	-5.75	2.31	-2.30	48297	0.025	-0.009	0.274	-0.068	-0.016	7.394
5.587	0.020	-0.010	0.109	0.57	-0.66	1.09	-5.69	2.59	-1.85	48375	0.025	-0.009	0.277	-0.068	-0.016	7.382
5.604	0.020	-0.010	0.110	0.51	-0.68	1.07	-5.65	3.79	-1.75	48355	0.024	-0.009	0.279	-0.069	-0.017	7.369
5.614	0.019	-0.010	0.110	0.45	-0.72	1.05	-5.15	4.93	-2.43	48314	0.023	-0.009	0.282	-0.069	-0.017	7.356
5.625	0.019	-0.010	0.111	0.40	-0.77	1.03	-4.55	6.42	-2.02	48261	0.023	-0.009	0.284	-0.069	-0.017	7.343
5.634	0.018	-0.010	0.111	0.35	-0.82	1.01	-4.50	6.93	-1.75	48197	0.022	-0.009	0.287	-0.069	-0.017	7.329
5.642	0.018	-0.010	0.112	0.32	-0.87	1.00	-3.17	5.60	-2.02	48371	0.021	-0.010	0.289	-0.070	-0.017	7.316
5.654	0.018	-0.011	0.113	0.32	-0.94	0.98	-2.05	4.66	-2.17	48278	0.021	-0.010	0.291	-0.070	-0.017	7.302
5.662	0.017	-0.010	0.114	0.28	-0.99	0.96	-0.65	5.63	-2.28	48178	0.020	-0.010	0.294	-0.070	-0.017	7.289
5.674	0.017	-0.010	0.115	0.26	-1.05	0.93	-0.25	5.32	-2.35	48071	0.020	-0.010	0.296	-0.070	-0.017	7.275
5.682	0.017	-0.010	0.116	0.26	-1.10	0.91	-0.39	3.47	-2.60	48046	0.019	-0.010	0.299	-0.070	-0.017	7.261
5.694	0.017	-0.010	0.117	0.26	-1.13	0.88	-1.29	0.93	-2.57	47910	0.019	-0.010	0.301	-0.070	-0.017	7.247
5.700	0.017	-0.010	0.118	0.24	-1.14	0.86	-3.32	-0.66	-3.15	47765	0.018	-0.010	0.304	-0.071	-0.017	7.233
5.714	0.015	-0.011	0.120	0.22	-1.08	0.83	-4.59	-2.76	-3.37	47619	0.017	-0.010	0.307	-0.071	-0.017	7.219
5.722	0.016	-0.011	0.122	0.16	-1.07	0.79	-3.96	-4.92	-3.36	47388	0.017	-0.010	0.309	-0.071	-0.017	7.205
5.734	0.016	-0.011	0.123	0.12	-1.03	0.76	-2.45	-6.68	-3.36	47243	0.016	-0.011	0.312	-0.071	-0.017	7.190
5.741	0.016	-0.011	0.125	0.10	-0.96	0.72	-0.90	-8.36	-3.25	47105	0.016	-0.011	0.315	-0.071	-0.017	7.176
5.754	0.014	-0.011	0.126	0.09	-0.81	0.70	0.32	-8.62	-2.81	46962	0.015	-0.011	0.318	-0.071	-0.017	7.161
5.763	0.013	-0.011	0.129	0.09	-0.71	0.67	0.31	-7.79	-2.48	46810	0.015	-0.011	0.321	-0.071	-0.017	7.147
5.771	0.014	-0.011	0.130	0.10	-0.65	0.64	0.45	-6.03	-2.57	46488	0.014	-0.011	0.323	-0.071	-0.017	7.132
5.783	0.013	-0.011	0.132	0.10	-0.60	0.62	-0.53	-2.26	-2.56	48419	0.014	-0.011	0.326	-0.071	-0.017	7.117
5.792	0.014	-0.012	0.134	0.12	-0.59	0.60	-1.95	-1.77	-2.86	48271	0.013	-0.011	0.329	-0.071	-0.017	7.103
5.803	0.014	-0.012	0.136	0.10	-0.58	0.57	-3.52	0.55	-2.79	48132	0.013	-0.011	0.332	-0.071	-0.017	7.088
5.813	0.014	-0.010	0.137	0.00	-0.61	0.53	-4.30	1.65	-3.14	48202	0.013	-0.011	0.335	-0.071	-0.017	7.073
5.821	0.012	-0.012	0.139	0.00	-0.56	0.51	-5.33	2.03	-3.07	48041	0.012	-0.012	0.338	-0.071	-0.017	7.058
5.829	0.013	-0.011	0.141	-0.10	-0.61	0.47	-7.12	2.79	-2.98	47882	0.012	-0.012	0.341	-0.071	-0.017	7.042
5.842	0.014	-0.011	0.143	-0.18	-0.70	0.44	-7.83	2.20	-2.99	47709	0.011	-0.012	0.344	-0.071	-0.017	7.027
5.851	0.014	-0.009	0.142	-0.31	-0.71	0.40	-6.98	1.58	-3.09	47523	0.011	-0.011	0.347	-0.070	-0.017	7.012
5.864	0.014	-0.009	0.144	-0.38	-0.74	0.36	-5.95	1.21	-3.08	47828	0.011	-0.011	0.349	-0.070	-0.016	6.996
5.873	0.015	-0.011	0.146	-0.35	-0.76	0.35	-3.99	0.51	-3.32	47639	0.011	-0.011	0.352	-0.070	-0.016	6.980
5.883	0.012	-0.011	0.148	-0.40	-0.66	0.32	-1.06	-1.54	-3.59	47454	0.010	-0.011	0.355	-0.070	-0.016	6.965
5.894	0.010	-0.009	0.148	-0.48	-0.60	0.27	1.59	-2.83	-3.63	47274	0.010	-0.011	0.357	-0.070	-0.016	6.949
5.903	0.014	-0.009	0.150	-0.45	-0.70	0.23	4.91	-4.23	-3.32	47505	0.010	-0.011	0.360	-0.070	-0.016	6.933
5.912	0.014	-0.012	0.153	-0.31	-0.66	0.21	7.07	-5.56	-3.47	47320	0.010	-0.011	0.363	-0.069	-0.016	6.917
5.923	0.015	-0.012	0.155	-0.24	-0.61	0.18	7.90	-6.11	-3.33	47142	0.010	-0.011	0.366	-0.069	-0.016	6.901
5.934	0.015	-0.012	0.157	-0.13	-0.55	0.15	8.95	-6.29	-3.65	46962	0.010	-0.011	0.368	-0.069	-0.016	6.885
5.942	0.016	-0.012	0.161	-0.05	-0.51	0.11	8.07	-5.96	-3.68	46430	0.010	-0.012	0.372	-0.068	-0.016	6.869
5.955	0.015	-0.013	0.164	0.03	-0.44	0.08	5.67	-4.64	-3.45	46235	0.010	-0.012	0.375	-0.068	-0.016	6.853
5.965	0.016	-0.012	0.166	0.07	-0.39	0.04	3.70	-5.41	-3.58	46049	0.010	-0.012	0.378	-0.067	-0.016	6.837
5.973	0.016	-0.012	0.169	0.10	-0.35	0.00	1.45	-4.71	-3.71	45862	0.010	-0.012	0.381	-0.067	-0.016	6.821
5.984	0.017	-0.012	0.171	0.12	-0.32	-0.04	-1.00	-4.28	-4.17	45682	0.010	-0.012	0.384	-0.066	-0.016	6.805
5.994	0.018	-0.012	0.174	0.10	-0.31	-0.08	-2.63	-3.47	-3.78	47701	0.011	-0.012	0.388	-0.066	-0.016	6.788
6.002	0.018	-0.013	0.176	0.08	-0.27	-0.12	-4.64	-2.34	-4.62	47555	0.011	-0.012	0.391	-0.065	-0.016	6.772
6.014	0.019	-0.013	0.179	0.02	-0.25	-0.17	-5.84	-1.28	-4.80	47412	0.011	-0.013	0.394	-0.065	-0.016	6.756
6.023	0.019	-0.013	0.182	-0.03	-0.23	-0.21	-5.55	-1.94	-4.60	47269	0.012	-0.013	0.397	-0.064	-0.016	6.739
6.034	0.019	-0.013	0.184	-0.08	-0.20	-0.26	-4.73	-2.42	-4.35	47071	0.012	-0.013	0.401	-0.064	-0.016	6.723
6.044	0.019	-0.013	0.187	-0.12	-0.19	-0.30	-3.20	-3.64	-3.93	46900	0.012	-0.013	0.404	-0.063	-0.016	6.707
6.051	0.019	-0.013	0.190	-0.16	-0.15	-0.34	-2.24	-4.40	-4.53	46721	0.013	-0.013	0.407	-0.063	-0.016	6.690
6.064	0.022	-0.016	0.193	-0.10	-0.16	-0.38	-0.15	-5.79	-3.94	46531	0.013	-0.014	0.411	-0.062	-0.017	6.674
6.073	0.022	-0.016	0.196	-0.09	-0.11	-0.42	0.62	-5.09	-4.19	46350	0.014	-0.014	0.414	-0.062	-0.017	6.657
6.081	0.022	-0.017	0.199	-0.07	-0.04	-0.46	2.37	-6.89	-4.05	46083	0.014	-0.015	0.418	-0.061	-0.017	6.641
6.094	0.023	-0.017	0.202	-0.04	0.02	-0.50	2.39	-6.14	-3.86	45897	0.015	-0.015	0.421	-0.061	-0.017	6.624
6.102	0.023	-0.017	0.205	-0.02	0.08	-0.53	1.13	-6.64	-3.54	45706	0.015	-0.015	0.425	-0.060	-0.017	6.607
6.113	0.023	-0.017	0.209	-0.02	0.16	-0.57	-0.32	-6.35	-3.83	45517	0.016	-0.016	0.428	-0.059	-0.017	6.591
6.124	0.023	-0.017	0.212	-0.02	0.23	-0.61	-1.41	-5.37	-3.92	45195	0.016	-0.016	0.432	-0.059	-0.017	6.574
6.132	0.023	-0.018	0.215	-0.02	0.29	-0.65	-2.58	-3.69	-3.66	45006	0.016	-0.016	0.435	-0.058	-0.017	6.557
6.143	0.024	-0.019	0.218	-0.03	0.32	-0.68	-3.80	-2.52	-3.45	44825	0.017	-0.017	0.439	-0.058	-0.018	6.541
6.152	0.025	-0.021	0.221	-0.02	0.31	-0.71	-4.67	-1.23	-3.64	44655	0.017	-0.018	0.442	-0.057	-0.018	6.524
6.165	0.026	-0.021	0.226	-0.08	0.32	-0.75	-4.89	-0.75	-3.27	44308	0.018	-0.018	0.446	-0.057	-0.018	6.507
6.173	0.026	-0.022	0.229	-0.12	0.33	-0.79	-5.53	-0.46	-3.45	44141	0.018	-0.019	0.449	-0.056	-0.018	6.490
6.184	0.026	-0.022	0.232	-0.19	0.34	-0.82	-4.91	-0.51	-3.29	43979	0.019	-0.019	0.453	-0.056	-0.018	6.474
6.193	0.027	-0.022	0.236	-0.23	0.33	-0.85	-4.83	-0.88	-3.30	43824	0.020	-0.020	0.456	-0.055	-0.019	6.457
6.203	0.027	-0.022	0.241	-0.29	0.34	-0.89	-4.22	-2.28	-3.57	45776	0.020	-0.020	0.460	-0.055	-0.019	6.440
6.215	0.028	-0.022	0.245	-0.33	0.37	-0.92	-2.75	-2.57	-3.34	45197	0.021	-0.021	0.464	-0.054	-0.019	6.424
6.223	0.028	-0.022	0.248	-0.36	0.39	-0.96	-1.20	-2.38	-3.41	45081	0.021	-0.021	0.468	-0.054	-0.019	6.407
6.232	0.029	-0.022	0.252	-0.37	0.42	-0.99	-1.11	-2.89	-3.52	44950	0.022	-0.021	0.471	-0.053	-0.019	6.390
6.243	0.029	-0.023	0.255	-0.37	0.45	-1.03	-0.37	-1.91	-3.75	44809	0.022	-0.022	0.475	-0.053	-0.019	6.374
6.253	0.029	-0.024	0.255	-0.37	0.46	-1.06	-0.14	-1.10	-3.63	45248	0.023	-0.022	0.478	-0.052	-0.019	6.357
6.260	0.030	-0.024	0.258	-0.36	0.46	-1.10	-0.35	-1.08	-3.12	45138	0.023	-0.023	0.481	-0.052	-0.019	6.340
6.273	0.031	-0.027	0.262	-0.30	0.46	-1.13	-0.58	0.88	-2.77	45035	0.024	-0.023	0.485	-0.051	-0.020	6.323
6.282	0.031	-0.027	0.265	-0.32	0.45	-1.16	-0.62	1.21	-2.88	44927	0.024	-0.024	0.488	-0.051	-0.020	6.306
6.293	0.031	-0.027	0.271	-0.32	0.44	-1.18	-0.92	1.91	-2.57	44811	0.025	-0.024	0.491	-0.050	-0.020	6.289
6.301	0.032	-0.027	0.274	-0.33	0.43	-1.21	-1.10	1.16	-2.30	44193	0.025	-0.025	0.495	-0.050	-0.020	6.273
6.312	0.032	-0.027	0.278	-0.34	0.42	-1.23	-1.12	0.00	-2.06	44062	0.026	-0.025	0.499	-0.049	-0.020	6.256
6.323	0.032	-0.026	0.281	-0.38	0.42	-1.25	-0.21	-1.23	-2.12	43943	0.026	-0.026	0.502	-0.049	-0.020	6.239
6.332	0.033	-0.027	0.281	-0.38	0.44	-1.28	0.01	-2.58	-1.65	43828	0.027	-0.026	0.505	-0.049	-0.020	6.222
6.340	0.033	-0.026	0.284	-0.39	0.48	-1.29	0.32	-4.84	-2.45	44385	0.027	-0.026	0.508	-0.048	-0.020	6.205
6.349	0.032	-0.026	0.287	-0.39	0.54	-1.32	-0.42	-3.83	-2.10	44276	0.028	-0.026	0.511	-0.048	-0.020	6.188
6.356	0.033	-0.028	0.290	-0.36	0.55	-1.34	-0.17	-3.37	-2.14	44178	0.028	-0.027	0.514	-0.047	-0.020	6.171
6.371	0.034	-0.028	0.293	-0.37	0.59	-1.36	1.04	-3.42	-2.21	44093	0.029	-0.027	0.516	-0.047	-0.021	6.154
6.385	0.034	-0.027	0.295	-0.40	0.62	-1.38	0.71	-4.02	-2.02	44301	0.029	-0.027	0.519	-0.047	-0.021	6.137
6.391	0.033	-0.027	0.298	-0.39	0.68	-1.40	0.93	-2.32	-1.77	44209	0.029	-0.027	0.522	-0.046	-0.020	6.120
6.404	0.034	-0.031	0.301	-0.30	0.69	-1.42	0.78	-1.75	-1.30	44128	0.030	-0.028	0.524	-0.046	-0.021	6.103
6.411	0.034	-0.027	0.303	-0.38	0.70	-1.43	0.11	0.90	-1.40	46165	0.030	-0.028	0.527	-0.046	-0.021	6.086
6.423	0.034	-0.027	0.304	-0.38	0.69	-1.44	-1.23	2.83	-1.67	46104	0.030	-0.028	0.529	-0.046	-0.020	6.069
6.433	0.033	-0.027	0.307	-0.39	0.68	-1.46	-1.12	3.25	-1.23	46453	0.031	-0.028	0.532	-0.045	-0.020	6.052
6.442	0.041	-0.034	0.310	-0.28	0.49	-1.47	-1.70	4.74	-1.96	46396	0.032	-0.029	0.534	-0.045	-0.021	6.035
6.454	0.042	-0.034	0.313	-0.29	0.45	-1.49	-0.87	4.55	-2.08	46323	0.033	-0.030	0.537	-0.044	-0.021	6.018
6.464	0.042	-0.034	0.315	-0.31	0.41	-1.51	0.88	3.50	-0.82	46249	0.034	-0.030	0.540	-0.043	-0.021	6.001
6.473	0.042	-0.034	0.319	-0.30	0.38	-1.52	1.07	3.14	-1.55	46047	0.035	-0.031	0.542	-0.043	-0.022	5.984
6.477	0.042	-0.034	0.322	-0.30	0.35	-1.54	0.99	2.05	-1.74	45943	0.035	-0.032	0.545	-0.042	-0.022	5.967
6.492	0.042	-0.033	0.324	-0.31	0.34	-1.55	0.88	0.12	-1.81	45824	0.036	-0.032	0.548	-0.042	-0.022	5.950
6.503	0.042	-0.033	0.327	-0.31	0.34	-1.57	0.39	-1.64	-1.86	45712	0.037	-0.032	0.551	-0.042	-0.022	5.933
6.512	0.043	-0.033	0.328	-0.31	0.35	-1.59	-0.48	-1.82	-2.03	45604	0.038	-0.032	0.553	-0.041	-0.022	5.916
6.524	0.043	-0.032	0.331	-0.33	0.38	-1.61	-1.61	-3.31	-1.60	45793	0.038	-0.033	0.556	-0.041	-0.022	5.899
6.534	0.043	-0.032	0.334	-0.34	0.42	-1.63	-2.50	-3.32	-1.67	45673	0.039	-0.033	0.559	-0.041	-0.022	5.882
6.542	0.040	-0.032	0.337	-0.37	0.50	-1.64	-2.53	-4.00	-1.26	45566	0.039	-0.033	0.561	-0.040	-0.022	5.865
6.553	0.041	-0.032	0.340	-0.40	0.54	-1.65	-3.66	-1.99	-1.60	45451	0.039	-0.033	0.564	-0.040	-0.022	5.848
6.561	0.041	-0.032	0.343	-0.44	0.55	-1.67	-4.04	-0.09	-1.64	45132	0.039	-0.033	0.567	-0.040	-0.022	5.831
6.571	0.041	-0.032	0.346	-0.48	0.55	-1.68	-3.01	0.59	-0.94	45009	0.040	-0.033	0.569	-0.040	-0.022	5.814
6.578	0.045	-0.038	0.349	-0.42	0.49	-1.69	-3.26	1.77	-1.43	44890	0.040	-0.034	0.572	-0.040	-0.022	5.797
6.593	0.041	-0.033	0.352	-0.53	0.55	-1.70	-0.42	2.28	-0.64	44779	0.040	-0.034	0.575	-0.040	-0.022	5.780
6.603	0.042	-0.033	0.354	-0.54	0.50	-1.71	-0.00	3.67	-1.30	44701	0.041	-0.034	0.577	-0.040	-0.022	5.763
6.613	0.041	-0.032	0.357	-0.54	0.49	-1.72	2.48	2.48	-0.45	44569	0.041	-0.034	0.580	-0.040	-0.022	5.746
6.624	0.041	-0.031	0.360	-0.53	0.46	-1.73	2.46	3.01	-1.64	46575	0.041	-0.034	0.583	-0.040	-0.021	5.729
6.633	0.042	-0.032	0.363	-0.49	0.41	-1.75	4.40	2.87	-0.79	46482	0.041	-0.034	0.585	-0.039	-0.021	5.713
6.643	0.042	-0.028	0.365	-0.51	0.40	-1.75	4.88	2.75	-1.19	46391	0.041	-0.033	0.588	-0.039	-0.021	5.696
6.652	0.042	-0.027	0.368	-0.47	0.37	-1.77	5.48	2.43	-1.10	46405	0.041	-0.032	0.590	-0.039	-0.021	5.679
6.663	0.042	-0.026	0.370	-0.43	0.35	-1.78	5.01	3.29	-1.25	46294	0.041	-0.032	0.593	-0.039	-0.020	5.662
6.670	0.041	-0.025	0.373	-0.39	0.32	-1.79	4.85	2.48	-1.23	46182	0.041	-0.031	0.596	-0.039	-0.020	5.645
6.679	0.042	-0.025	0.376	-0.34	0.30	-1.80	4.75	2.83	-0.74	46066	0.041	-0.030	0.598	-0.039	-0.019	5.628
6.688	0.042	-0.025	0.380	-0.29	0.27	-1.81	4.38	3.40	-0.92	45798	0.041	-0.030	0.601	-0.039	-0.019	5.611
6.702	0.041	-0.025	0.382	-0.24	0.24	-1.82	4.04	3.84	-0.90	45671	0.041	-0.029	0.604	-0.039	-0.019	5.595
6.712	0.041	-0.025	0.385	-0.20	0.20	-1.83	3.64	3.47	-0.66	45554	0.041	-0.029	0.607	-0.039	-0.018	5.578
6.725	0.041	-0.025	0.388	-0.16	0.17	-1.84	4.04	3.42	-0.50	45417	0.041	-0.028	0.609	-0.039	-0.018	5.561
6.729	0.040	-0.022	0.391	-0.16	0.15	-1.84	4.85	2.55	-0.88	45270	0.041	-0.027	0.612	-0.039	-0.018	5.544
6.744	0.040	-0.023	0.394	-0.10	0.13	-1.85	5.36	1.39	-0.57	45203	0.041	-0.027	0.615	-0.039	-0.018	5.527
6.754	0.040	-0.022	0.396	-0.04	0.11	-1.86	5.95	0.79	-0.34	45064	0.041	-0.026	0.617	-0.039	-0.017	5.511
6.763	0.040	-0.023	0.399	0.03	0.10	-1.86	6.43	0.62	-0.43	44930	0.041	-0.026	0.620	-0.039	-0.017	5.494
6.772	0.040	-0.023	0.399	0.10	0.10	-1.87	6.97	0.06	-0.24	44803	0.041	-0.025	0.622	-0.040	-0.017	5.477
6.780	0.041	-0.020	0.402	0.13	0.10	-1.87	7.24	-0.32	0.28	45170	0.041	-0.025	0.624	-0.040	-0.016	5.460
6.792	0.041	-0.020	0.405	0.20	0.11	-1.87	7.13	0.49	0.80	45051	0.041	-0.024	0.627	-0.040	-0.016	5.443
6.801	0.041	-0.019	0.408	0.27	0.10	-1.86	7.07	2.17	0.87	44931	0.041	-0.023	0.629	-0.040	-0.016	5.426
6.812	0.042	-0.017	0.410	0.31	0.06	-1.85	5.50	2.00	0.62	44804	0.041	-0.023	0.631	-0.039	-0.015	5.410
6.823	0.042	-0.017	0.413	0.37	0.05	-1.85	3.51	2.68	0.45	44643	0.041	-0.022	0.633	-0.039	-0.015	5.393
6.833	0.042	-0.016	0.416	0.40	0.02	-1.85	3.66	1.85	0.79	44532	0.041	-0.021	0.636	-0.039	-0.015	5.376
6.842	0.042	-0.016	0.419	0.43	-0.00	-1.84	3.22	3.40	1.04	44428	0.041	-0.021	0.638	-0.039	-0.014	5.360
6.851	0.041	-0.016	0.422	0.47	-0.03	-1.84	2.06	3.10	0.50	44316	0.041	-0.020	0.640	-0.039	-0.014	5.343
6.863	0.041	-0.016	0.425	0.49	-0.06	-1.83	2.11	1.18	0.83	44197	0.041	-0.019	0.643	-0.039	-0.014	5.327
6.873	0.042	-0.016	0.427	0.52	-0.08	-1.82	0.93	1.80	0.11	44047	0.041	-0.019	0.645	-0.039	-0.014	5.310
6.876	0.041	-0.017	0.430	0.54	-0.08	-1.82	2.51	0.83	0.36	43940	0.041	-0.019	0.647	-0.039	-0.013	5.294
6.887	0.041	-0.013	0.433	0.53	-0.09	-1.82	3.21	-0.97	0.80	43841	0.041	-0.018	0.649	-0.039	-0.013	5.277
6.903	0.041	-0.011	0.436	0.54	-0.07	-1.81	4.71	-1.80	1.36	43749	0.041	-0.017	0.652	-0.039	-0.013	5.261
6.913	0.041	-0.011	0.439	0.58	-0.06	-1.79	3.71	-1.50	0.30	43482	0.041	-0.016	0.654	-0.039	-0.012	5.245
6.924	0.041	-0.011	0.442	0.62	-0.05	-1.79	3.49	-1.64	1.22	43378	0.041	-0.016	0.656	-0.039	-0.012	5.228
6.932	0.041	-0.012	0.445	0.67	-0.03	-1.78	2.19	-0.26	1.15	43288	0.041	-0.015	0.659	-0.039	-0.012	5.212
6.943	0.041	-0.011	0.447	0.69	-0.03	-1.76	1.24	-0.01	1.89	43210	0.041	-0.015	0.661	-0.039	-0.011	5.196
6.953	0.042	-0.008	0.452	0.67	-0.04	-1.74	0.65	0.03	1.85	43137	0.041	-0.014	0.663	-0.039	-0.011	5.180
6.962	0.042	-0.006	0.454	0.66	-0.04	-1.73	0.70	0.45	2.19	42783	0.041	-0.013	0.666	-0.039	-0.010	5.164
6.973	0.040	-0.006	0.457	0.67	-0.03	-1.70	0.25	0.37	2.23	42708	0.041	-0.012	0.668	-0.039	-0.010	5.148
6.981	0.041	-0.006	0.460	0.68	-0.04	-1.68	0.85	0.23	2.09	42650	0.041	-0.011	0.670	-0.039	-0.010	5.132
6.988	0.041	-0.006	0.465	0.69	-0.04	-1.66	2.36	-0.14	2.04	42597	0.041	-0.011	0.673	-0.039	-0.009	5.116
7.004	0.041	-0.006	0.467	0.71	-0.04	-1.64	2.63	-0.87	1.55	42161	0.041	-0.010	0.675	-0.039	-0.009	5.100
7.012	0.042	-0.006	0.470	0.74	-0.04	-1.62	3.49	-0.18	1.81	42099	0.041	-0.009	0.677	-0.039	-0.009	5.085
7.023	0.040	-0.007	0.473	0.79	-0.02	-1.61	3.84	-0.91	1.67	42053	0.041	-0.009	0.679	-0.039	-0.009	5.069
7.039	0.040	-0.007	0.475	0.83	-0.01	-1.59	3.71	-1.62	1.71	42027	0.040	-0.009	0.682	-0.039	-0.009	5.053
7.050	0.041	-0.005	0.480	0.84	0.00	-1.57	2.88	-2.09	1.89	41666	0.040	-0.008	0.684	-0.039	-0.008	5.038
7.064	0.040	-0.004	0.482	0.86	0.04	-1.56	2.73	-2.82	1.76	41621	0.040	-0.008	0.686	-0.039	-0.008	5.023
7.073	0.038	0.002	0.485	0.83	0.08	-1.53	1.72	-0.88	2.22	41589	0.040	-0.007	0.688	-0.039	-0.007	5.007
7.080	0.037	0.002	0.488	0.85	0.10	-1.51	0.10	-0.19	2.21	41596	0.040	-0.006	0.690	-0.040	-0.007	4.992
7.089	0.037	0.002	0.491	0.85	0.10	-1.49	-1.58	0.45	2.13	41589	0.039	-0.005	0.692	-0.040	-0.006	4.976
7.093	0.037	0.001	0.493	0.84	0.10	-1.46	-1.75	1.00	2.44	41429	0.039	-0.004	0.694	-0.040	-0.006	4.961
7.098	0.037	0.002	0.496	0.82	0.09	-1.44	-1.85	2.25	2.20	41437	0.038	-0.003	0.696	-0.040	-0.006	4.946
7.113	0.037	0.002	0.498	0.80	0.07	-1.42	-1.79	2.40	2.64	41450	0.038	-0.003	0.698	-0.040	-0.005	4.931
7.122	0.037	0.003	0.500	0.77	0.04	-1.39	-1.55	3.57	2.27	41457	0.038	-0.002	0.700	-0.040	-0.005	4.916
7.127	0.037	0.005	0.507	0.74	0.00	-1.37	-1.13	3.45	2.18	40656	0.038	-0.001	0.702	-0.040	-0.005	4.901
7.144	0.037	0.008	0.510	0.70	-0.03	-1.35	0.89	2.42	2.14	40683	0.037	-0.000	0.704	-0.040	-0.004	4.886
7.153	0.037	0.008	0.512	0.71	-0.06	-1.32	0.73	3.29	2.27	40701	0.037	0.001	0.706	-0.040	-0.003	4.872
7.164	0.037	0.009	0.514	0.71	-0.09	-1.30	1.20	1.79	2.24	40727	0.037	0.002	0.708	-0.040	-0.003	4.857
7.171	0.037	0.009	0.518	0.72	-0.11	-1.28	1.52	2.73	2.40	40782	0.037	0.003	0.710	-0.040	-0.002	4.842
7.183	0.037	0.009	0.520	0.74	-0.14	-1.26	1.90	2.60	2.60	40595	0.037	0.004	0.712	-0.040	-0.002	4.828
7.195	0.037	0.009	0.522	0.76	-0.16	-1.23	2.06	1.93	2.64	40636	0.037	0.004	0.714	-0.040	-0.002	4.813
7.198	0.035	0.009	0.524	0.79	-0.16	-1.20	1.80	2.05	3.41	40691	0.036	0.005	0.715	-0.040	-0.001	4.799
7.211	0.035	0.009	0.526	0.80	-0.18	-1.17	2.16	1.61	3.47	40753	0.036	0.005	0.717	-0.040	-0.001	4.784
7.222	0.035	0.010	0.529	0.82	-0.19	-1.13	1.88	0.62	3.75	40695	0.036	0.006	0.718	-0.040	-0.001	4.770
7.232	0.035	0.010	0.531	0.84	-0.20	-1.09	0.78	0.14	3.48	40771	0.035	0.006	0.719	-0.040	-0.001	4.756
7.242	0.034	0.010	0.533	0.85	-0.19	-1.06	0.37	0.76	3.80	40844	0.035	0.007	0.721	-0.040	-0.000	4.741
7.250	0.034	0.011	0.535	0.85	-0.19	-1.02	-1.25	-0.06	3.31	40900	0.035	0.007	0.722	-0.040	-0.000	4.727
7.262	0.033	0.012	0.538	0.83	-0.18	-0.99	-1.45	-0.18	3.37	40753	0.034	0.008	0.723	-0.040	0.000	4.713
7.270	0.034	0.011	0.539	0.82	-0.19	-0.95	-2.66	-0.49	2.46	40843	0.034	0.008	0.724	-0.040	0.000	4.699
7.277	0.034	0.013	0.541	0.78	-0.19	-0.92	-3.56	1.58	2.96	40927	0.034	0.009	0.725	-0.040	0.001	4.685
7.292	0.033	0.016	0.542	0.72	-0.19	-0.89	-3.16	0.95	3.17	41019	0.034	0.010	0.726	-0.041	0.001	4.671
7.300	0.033	0.012	0.544	0.73	-0.20	-0.86	-3.80	0.76	3.20	41119	0.033	0.010	0.727	-0.041	0.001	4.657
7.311	0.033	0.016	0.546	0.66	-0.21	-0.83	-3.08	1.33	3.05	41127	0.033	0.011	0.728	-0.040	0.002	4.644
7.322	0.034	0.015	0.547	0.64	-0.23	-0.80	-2.65	2.19	3.49	41232	0.033	0.011	0.729	-0.040	0.002	4.630
7.333	0.034	0.021	0.548	0.56	-0.25	-0.77	-2.30	2.73	3.36	41345	0.033	0.012	0.729	-0.040	0.003	4.616
7.342	0.034	0.015	0.549	0.59	-0.28	-0.73	-1.07	1.87	3.72	41438	0.033	0.013	0.730	-0.040	0.003	4.602
7.352	0.034	0.015	0.551	0.58	-0.30	-0.69	1.13	0.11	3.24	41499	0.033	0.013	0.730	-0.040	0.003	4.589
7.363	0.034	0.018	0.552	0.57	-0.30	-0.66	2.15	0.00	3.47	41618	0.032	0.014	0.731	-0.040	0.003	4.575
7.371	0.034	0.018	0.553	0.59	-0.30	-0.63	2.80	-0.77	3.24	41721	0.032	0.014	0.731	-0.040	0.004	4.562
7.382	0.034	0.021	0.554	0.60	-0.29	-0.59	3.06	-1.57	3.09	41832	0.032	0.015	0.732	-0.040	0.004	4.548
7.392	0.034	0.023	0.553	0.62	-0.27	-0.57	2.99	-2.16	2.50	41946	0.032	0.016	0.732	-0.040	0.004	4.535
7.402	0.034	0.023	0.554	0.65	-0.25	-0.54	2.78	-2.82	2.69	42316	0.032	0.017	0.732	-0.040	0.005	4.521
7.404	0.034	0.023	0.555	0.67	-0.22	-0.51	1.95	-2.59	2.45	42449	0.032	0.017	0.731	-0.039	0.005	4.508
7.422	0.034	0.023	0.555	0.69	-0.20	-0.49	1.10	-3.38	2.15	42585	0.032	0.018	0.731	-0.039	0.006	4.494
7.432	0.034	0.023	0.556	0.69	-0.17	-0.47	0.22	-1.84	2.21	42711	0.032	0.019	0.731	-0.039	0.006	4.481
7.442	0.034	0.023	0.554	0.69	-0.15	-0.44	-0.40	-1.90	1.98	43235	0.032	0.019	0.731	-0.039	0.006	4.468
7.453	0.033	0.024	0.554	0.69	-0.13	-0.43	-0.53	-1.00	2.14	43368	0.032	0.020	0.730	-0.039	0.007	4.454
7.460	0.033	0.024	0.554	0.68	-0.12	-0.41	-1.14	-0.22	2.26	43477	0.032	0.020	0.730	-0.039	0.007	4.441
7.470	0.033	0.024	0.555	0.67	-0.12	-0.38	-1.01	-0.53	2.13	43595	0.032	0.021	0.729	-0.039	0.007	4.428
7.482	0.033	0.024	0.554	0.66	-0.11	-0.36	-1.51	0.05	2.09	43886	0.031	0.021	0.729	-0.039	0.007	4.414
7.491	0.033	0.024	0.554	0.65	-0.12	-0.34	-1.94	1.07	1.90	43993	0.031	0.021	0.728	-0.038	0.007	4.401
7.503	0.033	0.024	0.554	0.63	-0.13	-0.32	-2.42	0.59	1.58	44100	0.031	0.022	0.727	-0.038	0.008	4.388
7.512	0.035	0.026	0.554	0.59	-0.14	-0.31	-1.94	0.95	1.49	44203	0.032	0.022	0.727	-0.038	0.008	4.375
7.523	0.034	0.025	0.553	0.58	-0.14	-0.29	-2.72	0.18	1.46	44289	0.031	0.022	0.726	-0.038	0.008	4.362
7.536	0.034	0.025	0.553	0.55	-0.14	-0.28	-2.74	-0.09	1.37	44415	0.031	0.023	0.725	-0.038	0.008	4.349
7.541	0.034	0.025	0.553	0.53	-0.14	-0.27	-1.78	-0.34	1.32	44511	0.031	0.023	0.725	-0.038	0.008	4.336
7.549	0.034	0.025	0.553	0.50	-0.14	-0.25	-3.40	-0.62	1.21	44592	0.031	0.023	0.724	-0.037	0.008	4.323
7.562	0.035	0.025	0.553	0.46	-0.15	-0.24	-4.13	0.14	1.40	44662	0.032	0.023	0.723	-0.037	0.009	4.310
7.572	0.034	0.026	0.553	0.42	-0.14	-0.23	-3.90	-0.24	1.67	44654	0.031	0.023	0.723	-0.037	0.009	4.297
7.582	0.035	0.026	0.553	0.38	-0.14	-0.21	-3.37	-0.32	1.47	44723	0.032	0.024	0.722	-0.037	0.009	4.284
7.591	0.035	0.026	0.553	0.34	-0.14	-0.19	-4.85	0.62	0.94	44771	0.032	0.024	0.722	-0.037	0.009	4.271
7.600	0.038	0.027	0.552	0.29	-0.17	-0.18	-4.15	-0.87	0.64	44823	0.032	0.024	0.721	-0.036	0.009	4.259
7.612	0.038	0.027	0.552	0.25	-0.15	-0.17	-3.94	-1.46	0.82	44895	0.033	0.025	0.720	-0.036	0.009	4.246
7.623	0.038	0.027	0.552	0.21	-0.14	-0.17	-5.39	-1.19	-0.19	44893	0.033	0.025	0.720	-0.035	0.010	4.233
7.633	0.038	0.029	0.552	0.15	-0.12	-0.17	-3.96	-0.83	0.48	44927	0.033	0.025	0.719	-0.035	0.010	4.220
7.642	0.040	0.030	0.552	0.10	-0.12	-0.17	-3.64	-1.75	-0.49	44971	0.034	0.026	0.718	-0.035	0.010	4.208
7.650	0.039	0.028	0.551	0.08	-0.10	-0.17	-2.74	-2.18	0.99	45015	0.034	0.026	0.718	-0.034	0.010	4.195
7.663	0.041	0.029	0.551	0.05	-0.09	-0.16	-2.06	-0.13	0.22	45146	0.035	0.026	0.717	-0.034	0.010	4.183
7.671	0.041	0.029	0.550	0.03	-0.08	-0.16	-1.90	-1.18	0.17	45174	0.035	0.027	0.716	-0.033	0.011	4.170
7.680	0.041	0.030	0.550	-0.00	-0.07	-0.16	-0.50	-1.93	1.02	45205	0.036	0.027	0.716	-0.033	0.011	4.157
7.692	0.041	0.030	0.550	-0.00	-0.05	-0.15	-0.96	-1.54	-0.14	45255	0.036	0.027	0.715	-0.033	0.011	4.145
7.700	0.041	0.029	0.548	0.00	-0.03	-0.15	0.45	-1.88	0.73	45539	0.036	0.027	0.714	-0.032	0.011	4.132
7.712	0.040	0.030	0.547	-0.01	-0.01	-0.14	1.11	-2.13	0.24	45550	0.037	0.028	0.713	-0.032	0.011	4.120
7.722	0.040	0.030	0.547	-0.00	0.01	-0.14	0.12	-2.86	0.31	45567	0.037	0.028	0.712	-0.032	0.011	4.107
7.734	0.040	0.028	0.547	0.01	0.04	-0.14	1.07	-2.34	0.52	45586	0.037	0.028	0.711	-0.032	0.011	4.095
7.741	0.040	0.030	0.546	0.01	0.06	-0.13	-0.20	-1.75	0.71	45593	0.037	0.028	0.710	-0.031	0.012	4.082
7.750	0.041	0.030	0.545	0.01	0.07	-0.13	-0.32	-1.89	0.45	45689	0.037	0.029	0.710	-0.031	0.012	4.070
7.760	0.041	0.030	0.545	0.01	0.09	-0.12	-0.45	-0.73	0.46	45680	0.038	0.029	0.709	-0.031	0.012	4.057
7.771	0.041	0.030	0.545	0.00	0.09	-0.12	-0.22	0.02	0.22	45677	0.038	0.029	0.708	-0.031	0.012	4.045
7.783	0.045	0.030	0.544	-0.00	0.07	-0.12	-0.86	1.08	0.03	45683	0.038	0.029	0.707	-0.030	0.012	4.033
7.792	0.041	0.030	0.543	-0.01	0.08	-0.12	-0.36	1.38	0.35	45839	0.039	0.029	0.706	-0.030	0.012	4.020
7.801	0.045	0.032	0.543	-0.03	0.05	-0.11	-0.06	1.56	0.45	45821	0.039	0.030	0.705	-0.030	0.012	4.008
7.809	0.045	0.032	0.542	-0.03	0.03	-0.11	-0.52	1.31	0.96	45803	0.040	0.030	0.704	-0.029	0.012	3.996
7.821	0.046	0.032	0.542	-0.03	0.02	-0.10	0.43	1.09	0.81	45791	0.040	0.030	0.704	-0.029	0.012	3.983
7.834	0.044	0.030	0.541	-0.01	0.02	-0.09	0.99	0.09	0.78	45788	0.040	0.030	0.703	-0.029	0.012	3.971
7.843	0.044	0.030	0.541	-0.00	0.02	-0.08	0.74	-1.34	0.60	45825	0.041	0.030	0.702	-0.028	0.012	3.959
7.851	0.045	0.028	0.541	0.03	0.03	-0.08	2.45	-2.26	0.89	45790	0.041	0.030	0.701	-0.028	0.012	3.947
7.862	0.047	0.029	0.541	0.04	0.05	-0.07	1.46	-3.24	0.44	45758	0.042	0.030	0.700	-0.028	0.012	3.935
7.873	0.047	0.029	0.540	0.05	0.08	-0.07	1.18	-2.57	0.29	45731	0.042	0.030	0.700	-0.027	0.012	3.923
7.881	0.042	0.029	0.539	0.06	0.13	-0.07	0.78	-2.15	0.37	45942	0.042	0.030	0.699	-0.027	0.012	3.910
7.893	0.046	0.029	0.539	0.07	0.13	-0.06	-0.34	-1.41	0.15	45916	0.042	0.030	0.698	-0.027	0.012	3.898
7.902	0.046	0.029	0.538	0.07	0.14	-0.06	-0.01	-0.18	0.50	45875	0.043	0.030	0.697	-0.027	0.012	3.886
7.910	0.050	0.029	0.538	0.06	0.11	-0.06	-0.14	0.45	0.98	45826	0.043	0.030	0.696	-0.026	0.012	3.874
7.923	0.042	0.029	0.538	0.06	0.16	-0.05	-0.31	-0.46	0.85	45735	0.043	0.030	0.696	-0.026	0.012	3.862
7.933	0.048	0.029	0.538	0.06	0.13	-0.04	-0.00	0.19	0.20	45704	0.043	0.030	0.695	-0.026	0.012	3.850
7.939	0.055	0.031	0.538	0.05	0.09	-0.04	0.36	-0.04	0.19	45661	0.045	0.030	0.695	-0.025	0.012	3.838
7.949	0.057	0.031	0.538	0.06	0.08	-0.04	0.70	-1.04	-0.08	45612	0.046	0.030	0.694	-0.025	0.012	3.827
7.955	0.054	0.031	0.537	0.07	0.11	-0.04	0.74	-2.36	0.20	45562	0.047	0.030	0.693	-0.024	0.012	3.815
7.971	0.056	0.031	0.537	0.08	0.12	-0.04	1.08	-1.37	0.42	45652	0.048	0.030	0.693	-0.023	0.012	3.803
7.981	0.056	0.031	0.537	0.09	0.14	-0.03	0.94	-1.70	-0.26	45620	0.049	0.030	0.692	-0.023	0.012	3.791
7.993	0.056	0.033	0.537	0.09	0.17	-0.04	0.22	-2.84	-0.28	45576	0.050	0.031	0.692	-0.023	0.013	3.779
8.001	0.055	0.031	0.537	0.10	0.20	-0.04	-0.27	-2.52	-0.21	45540	0.050	0.031	0.691	-0.022	0.013	3.768
8.013	0.055	0.031	0.537	0.10	0.22	-0.04	-0.21	-2.30	0.25	45419	0.051	0.031	0.691	-0.022	0.013	3.756
8.023	0.055	0.031	0.537	0.09	0.24	-0.04	-0.25	-2.26	0.53	45372	0.051	0.031	0.690	-0.022	0.013	3.745
8.031	0.061	0.033	0.537	0.08	0.24	-0.04	-0.33	-2.60	0.82	45318	0.052	0.031	0.690	-0.021	0.013	3.733
8.039	0.060	0.031	0.537	0.09	0.27	-0.03	-0.25	-1.79	0.53	45275	0.053	0.031	0.689	-0.020	0.013	3.721
8.053	0.060	0.031	0.538	0.09	0.29	-0.02	1.04	-2.20	0.42	45237	0.054	0.031	0.689	-0.020	0.013	3.710
8.059	0.061	0.031	0.538	0.10	0.31	-0.02	0.84	-1.82	-0.35	45072	0.055	0.031	0.689	-0.020	0.013	3.699
8.072	0.062	0.031	0.538	0.10	0.32	-0.02	0.42	-2.34	-0.25	45013	0.056	0.031	0.688	-0.019	0.013	3.687
8.077	0.062	0.031	0.539	0.11	0.34	-0.03	0.74	-2.64	0.02	44973	0.057	0.031	0.688	-0.019	0.013	3.676
8.093	0.063	0.031	0.539	0.11	0.37	-0.03	0.53	-2.40	-0.13	44932	0.058	0.031	0.688	-0.018	0.013	3.665
8.101	0.063	0.031	0.539	0.12	0.39	-0.03	-0.44	-1.86	0.50	44878	0.058	0.031	0.687	-0.018	0.013	3.653
8.112	0.063	0.031	0.539	0.11	0.41	-0.02	-1.12	-0.52	0.65	44843	0.059	0.031	0.687	-0.018	0.013	3.642
8.118	0.063	0.031	0.540	0.10	0.41	-0.01	-0.61	-0.10	0.90	44807	0.060	0.031	0.687	-0.018	0.013	3.631
8.133	0.065	0.031	0.540	0.09	0.40	-0.00	-0.99	0.15	0.82	44766	0.060	0.031	0.687	-0.017	0.013	3.620
8.140	0.066	0.031	0.540	0.08	0.40	0.00	-0.56	-0.36	0.48	44799	0.061	0.031	0.686	-0.017	0.013	3.609
8.152	0.066	0.031	0.540	0.08	0.40	0.01	0.57	-0.65	0.32	44778	0.062	0.031	0.686	-0.017	0.013	3.598
8.161	0.066	0.031	0.540	0.09	0.41	0.01	1.09	-1.73	0.49	44747	0.062	0.031	0.686	-0.016	0.013	3.587
8.168	0.068	0.031	0.540	0.10	0.42	0.02	0.69	-2.35	0.13	44711	0.063	0.031	0.685	-0.016	0.012	3.576
8.181	0.068	0.031	0.540	0.10	0.45	0.02	0.91	-2.48	0.13	44672	0.064	0.031	0.685	-0.016	0.012	3.565
8.190	0.068	0.031	0.540	0.11	0.47	0.02	0.69	-2.66	-0.37	44859	0.065	0.031	0.684	-0.015	0.012	3.554
8.201	0.068	0.031	0.540	0.12	0.50	0.01	-0.03	-1.23	-0.53	44863	0.065	0.031	0.684	-0.015	0.012	3.543
8.213	0.069	0.031	0.540	0.12	0.51	0.01	-0.64	-0.78	-0.73	44848	0.066	0.031	0.683	-0.015	0.012	3.532
8.221	0.069	0.031	0.540	0.11	0.52	0.00	-0.72	0.03	-0.63	44825	0.066	0.031	0.683	-0.015	0.012	3.521
8.232	0.069	0.029	0.541	0.11	0.52	-0.00	-1.27	0.51	-0.29	44774	0.067	0.031	0.683	-0.015	0.012	3.510
8.240	0.069	0.029	0.541	0.10	0.51	-0.00	-0.62	0.05	-0.07	44752	0.067	0.031	0.682	-0.015	0.012	3.500
8.252	0.069	0.028	0.541	0.10	0.51	-0.01	-0.94	0.79	-0.15	44735	0.068	0.030	0.682	-0.015	0.012	3.489
8.260	0.069	0.028	0.542	0.09	0.50	-0.01	-0.77	-0.15	0.09	44727	0.068	0.030	0.682	-0.014	0.012	3.478
8.269	0.069	0.028	0.541	0.08	0.51	-0.01	-0.68	-0.40	-0.08	44711	0.069	0.030	0.681	-0.014	0.012	3.468
8.282	0.072	0.029	0.541	0.07	0.50	-0.01	-0.99	0.13	-0.33	44888	0.069	0.030	0.681	-0.014	0.012	3.457
8.291	0.072	0.029	0.541	0.06	0.50	-0.01	-0.67	-0.40	-0.96	44903	0.070	0.030	0.680	-0.014	0.012	3.447
8.302	0.072	0.028	0.541	0.05	0.50	-0.02	-1.59	0.74	-0.53	44902	0.070	0.029	0.680	-0.014	0.012	3.436
8.311	0.072	0.028	0.543	0.04	0.49	-0.03	-0.84	1.66	-0.12	44891	0.071	0.029	0.680	-0.014	0.011	3.426
8.322	0.072	0.028	0.543	0.03	0.47	-0.03	-1.03	2.27	-0.28	44629	0.071	0.029	0.679	-0.014	0.011	3.415
8.328	0.070	0.029	0.543	0.01	0.46	-0.03	-1.27	2.49	-0.18	44613	0.071	0.029	0.679	-0.014	0.011	3.405
8.341	0.070	0.029	0.544	-0.00	0.44	-0.03	-0.87	2.44	0.15	44605	0.071	0.029	0.679	-0.014	0.011	3.395
8.352	0.073	0.029	0.544	-0.01	0.40	-0.03	-0.36	1.25	-0.07	44597	0.072	0.029	0.679	-0.014	0.011	3.385
8.362	0.073	0.026	0.544	-0.00	0.39	-0.04	-0.03	1.24	-0.41	44560	0.072	0.029	0.679	-0.014	0.011	3.374
8.369	0.073	0.026	0.544	0.00	0.38	-0.04	0.88	-0.18	-0.45	44545	0.073	0.028	0.678	-0.014	0.011	3.364
8.377	0.073	0.026	0.545	0.01	0.39	-0.04	1.40	-0.65	-0.35	44543	0.073	0.028	0.678	-0.014	0.011	3.354
8.390	0.074	0.026	0.545	0.02	0.40	-0.05	1.78	-0.37	-0.77	44542	0.073	0.028	0.678	-0.014	0.011	3.344
8.403	0.074	0.026	0.547	0.04	0.40	-0.05	1.17	-0.82	-0.45	44534	0.074	0.028	0.678	-0.014	0.011	3.334
8.413	0.074	0.026	0.547	0.05	0.41	-0.06	0.60	-0.20	-0.33	44253	0.074	0.027	0.678	-0.014	0.011	3.324
8.421	0.074	0.029	0.547	0.04	0.40	-0.07	0.05	1.68	0.09	44261	0.074	0.028	0.678	-0.014	0.011	3.314
8.429	0.074	0.029	0.548	0.03	0.38	-0.07	-1.06	1.44	0.73	44265	0.074	0.028	0.677	-0.014	0.011	3.304
8.442	0.074	0.029	0.548	0.02	0.37	-0.06	-2.45	2.38	0.59	44263	0.075	0.028	0.677	-0.014	0.011	3.295
8.452	0.074	0.026	0.547	0.01	0.34	-0.06	-2.71	2.04	0.02	44396	0.075	0.028	0.677	-0.014	0.011	3.285
8.459	0.075	0.030	0.548	-0.03	0.32	-0.05	-1.43	1.37	0.98	44395	0.075	0.028	0.677	-0.014	0.011	3.275
8.469	0.072	0.031	0.548	-0.05	0.32	-0.05	-1.55	1.75	0.37	44407	0.075	0.028	0.676	-0.014	0.011	3.265
8.478	0.075	0.031	0.548	-0.07	0.29	-0.04	0.01	0.22	0.89	44431	0.075	0.029	0.676	-0.014	0.011	3.256
8.493	0.075	0.031	0.549	-0.07	0.29	-0.03	-0.98	0.04	-0.36	44443	0.076	0.029	0.676	-0.014	0.011	3.246
8.501	0.072	0.031	0.550	-0.07	0.30	-0.03	0.48	0.40	0.71	44256	0.076	0.029	0.676	-0.015	0.012	3.236
8.513	0.072	0.031	0.550	-0.07	0.29	-0.02	1.45	-0.80	1.31	44278	0.075	0.029	0.675	-0.015	0.012	3.227
8.521	0.072	0.030	0.550	-0.05	0.30	-0.01	1.91	0.04	0.25	44294	0.075	0.030	0.675	-0.015	0.012	3.217
8.530	0.072	0.030	0.549	-0.03	0.30	-0.01	0.94	0.97	-0.36	44306	0.075	0.030	0.675	-0.015	0.012	3.208
8.538	0.072	0.030	0.550	-0.02	0.29	-0.01	0.69	2.25	0.28	44499	0.075	0.030	0.674	-0.015	0.012	3.198
8.551	0.075	0.036	0.550	-0.04	0.25	-0.01	1.22	3.30	1.57	44522	0.076	0.031	0.674	-0.015	0.012	3.189
8.562	0.074	0.035	0.550	-0.02	0.22	0.01	1.80	2.73	1.37	44555	0.076	0.031	0.674	-0.016	0.012	3.180
8.572	0.074	0.035	0.550	-0.00	0.20	0.02	1.05	3.07	0.44	44577	0.076	0.032	0.673	-0.016	0.013	3.170
8.584	0.073	0.039	0.549	-0.01	0.17	0.03	2.61	1.60	1.06	44801	0.076	0.033	0.673	-0.016	0.013	3.161
8.595	0.073	0.039	0.549	0.02	0.16	0.04	2.25	0.40	1.00	44831	0.076	0.033	0.672	-0.016	0.014	3.152
8.601	0.075	0.044	0.549	0.02	0.14	0.05	1.68	1.12	0.45	44867	0.076	0.035	0.671	-0.016	0.014	3.142
8.612	0.075	0.044	0.549	0.04	0.13	0.05	2.30	0.66	-0.21	44890	0.076	0.036	0.671	-0.016	0.015	3.133
8.621	0.075	0.046	0.551	0.06	0.13	0.05	1.80	-0.06	0.00	44900	0.076	0.037	0.671	-0.016	0.015	3.124
8.634	0.075	0.047	0.551	0.07	0.13	0.05	2.75	0.79	-0.23	44617	0.076	0.039	0.670	-0.016	0.016	3.115
8.642	0.073	0.049	0.551	0.09	0.13	0.06	2.20	0.76	0.27	44644	0.076	0.040	0.670	-0.017	0.017	3.106
8.651	0.074	0.051	0.551	0.11	0.12	0.06	2.63	1.81	0.08	44661	0.076	0.042	0.670	-0.017	0.017	3.097
8.663	0.077	0.050	0.551	0.14	0.09	0.06	2.56	2.36	0.72	44662	0.077	0.043	0.669	-0.017	0.018	3.088
8.671	0.074	0.049	0.551	0.17	0.08	0.07	2.72	1.31	0.88	44656	0.077	0.044	0.669	-0.017	0.018	3.079
8.679	0.074	0.050	0.551	0.20	0.07	0.08	3.49	1.32	1.13	44666	0.077	0.045	0.669	-0.017	0.019	3.070
8.690	0.074	0.050	0.551	0.24	0.05	0.09	3.35	1.00	1.03	44686	0.076	0.045	0.668	-0.017	0.019	3.061
8.702	0.074	0.051	0.551	0.26	0.04	0.09	3.56	0.27	0.57	44695	0.076	0.046	0.668	-0.017	0.019	3.052
8.712	0.074	0.051	0.552	0.30	0.04	0.10	2.15	0.37	0.15	44699	0.076	0.047	0.668	-0.018	0.020	3.043
8.722	0.074	0.052	0.552	0.33	0.04	0.11	3.16	0.19	0.04	44518	0.076	0.048	0.667	-0.018	0.020	3.035
8.731	0.074	0.049	0.552	0.37	0.03	0.11	2.20	-0.03	0.01	44551	0.076	0.048	0.667	-0.018	0.020	3.026
8.744	0.074	0.049	0.552	0.39	0.03	0.10	1.53	0.58	-0.30	44571	0.076	0.048	0.667	-0.018	0.020	3.017
8.751	0.074	0.049	0.552	0.41	0.02	0.10	0.65	1.41	-0.36	44581	0.076	0.049	0.666	-0.018	0.020	3.009
8.761	0.074	0.049	0.552	0.41	0.00	0.10	-0.15	2.01	0.15	44779	0.076	0.049	0.666	-0.018	0.020	3.000
8.771	0.074	0.049	0.552	0.41	-0.02	0.11	-0.30	2.04	0.67	44804	0.076	0.049	0.665	-0.018	0.020	2.991
8.782	0.074	0.049	0.551	0.41	-0.04	0.11	0.13	2.27	0.93	44829	0.076	0.049	0.665	-0.019	0.020	2.983
8.788	0.074	0.049	0.551	0.41	-0.06	0.12	-0.67	1.89	0.26	44829	0.076	0.050	0.664	-0.019	0.020	2.974
8.802	0.074	0.049	0.551	0.41	-0.08	0.12	0.14	0.83	0.15	44937	0.076	0.050	0.664	-0.019	0.020	2.966
8.811	0.074	0.050	0.551	0.41	-0.08	0.12	0.40	-0.22	-0.09	44964	0.076	0.050	0.663	-0.019	0.020	2.957
8.822	0.074	0.052	0.551	0.40	-0.08	0.12	1.28	-0.98	-0.18	44984	0.076	0.050	0.662	-0.019	0.020	2.949
8.832	0.074	0.052	0.551	0.41	-0.08	0.12	1.52	-0.76	-0.29	44993	0.076	0.051	0.662	-0.019	0.020	2.940
8.842	0.074	0.049	0.550	0.44	-0.07	0.12	0.80	-0.15	-0.07	45001	0.076	0.051	0.661	-0.019	0.020	2.932
8.853	0.074	0.049	0.550	0.45	-0.07	0.11	0.52	0.24	-0.00	45121	0.076	0.051	0.661	-0.020	0.020	2.923
8.861	0.074	0.049	0.550	0.46	-0.07	0.11	-0.35	0.48	0.17	45146	0.076	0.051	0.660	-0.020	0.020	2.915
8.871	0.074	0.049	0.550	0.45	-0.08	0.12	-0.80	0.73	0.46	45168	0.076	0.051	0.659	-0.020	0.020	2.907
8.879	0.074	0.049	0.549	0.44	-0.09	0.12	-0.80	0.86	0.24	45169	0.076	0.050	0.659	-0.020	0.020	2.899
8.892	0.074	0.049	0.551	0.44	-0.10	0.13	-1.07	0.01	0.38	44919	0.076	0.050	0.658	-0.020	0.019	2.890
8.903	0.074	0.052	0.551	0.41	-0.10	0.13	-1.15	0.12	0.12	44918	0.076	0.051	0.658	-0.020	0.020	2.882
8.911	0.074	0.052	0.551	0.40	-0.10	0.13	-1.23	-0.47	0.19	44917	0.076	0.051	0.658	-0.020	0.020	2.874
8.922	0.074	0.052	0.551	0.39	-0.10	0.13	-1.99	0.23	-0.20	44912	0.075	0.051	0.657	-0.020	0.020	2.866
8.932	0.074	0.050	0.550	0.38	-0.10	0.13	-1.01	-0.20	-0.32	45016	0.075	0.051	0.657	-0.021	0.020	2.858
8.943	0.074	0.047	0.550	0.38	-0.09	0.13	-2.15	-0.56	-0.58	45031	0.075	0.051	0.656	-0.021	0.019	2.850
8.951	0.074	0.047	0.550	0.36	-0.09	0.12	-2.82	-1.21	-0.38	45045	0.075	0.051	0.656	-0.021	0.019	2.842
8.962	0.074	0.051	0.550	0.32	-0.08	0.12	-2.33	0.84	0.04	45052	0.075	0.051	0.655	-0.021	0.019	2.834
8.971	0.074	0.051	0.549	0.29	-0.08	0.12	-2.51	0.53	0.49	45057	0.075	0.051	0.654	-0.021	0.019	2.826
8.981	0.074	0.051	0.549	0.27	-0.09	0.12	-2.68	0.74	0.74	45179	0.075	0.051	0.654	-0.021	0.019	2.818
8.990	0.074	0.051	0.549	0.24	-0.09	0.13	-1.97	0.15	0.70	45174	0.075	0.051	0.653	-0.021	0.019	2.810
9.002	0.074	0.054	0.549	0.21	-0.09	0.14	-1.75	-0.54	0.95	45185	0.075	0.052	0.653	-0.021	0.019	2.802
9.010	0.074	0.054	0.549	0.19	-0.09	0.15	-0.63	-0.83	0.89	45190	0.075	0.052	0.652	-0.021	0.019	2.794
9.019	0.074	0.054	0.548	0.18	-0.08	0.16	0.10	-1.52	0.57	45292	0.075	0.052	0.652	-0.021	0.020	2.786
9.028	0.073	0.057	0.548	0.17	-0.06	0.16	0.25	-1.57	0.27	45292	0.075	0.053	0.651	-0.021	0.020	2.779
9.038	0.073	0.057	0.548	0.17	-0.05	0.17	-0.39	-0.55	0.34	45302	0.075	0.054	0.650	-0.022	0.020	2.771
9.052	0.073	0.054	0.548	0.19	-0.04	0.17	0.18	-1.59	0.31	45287	0.075	0.054	0.650	-0.022	0.020	2.763
9.063	0.076	0.054	0.547	0.19	-0.04	0.17	0.19	-0.61	1.02	45283	0.075	0.054	0.649	-0.022	0.020	2.755
9.072	0.073	0.054	0.547	0.19	-0.02	0.18	-0.66	0.72	1.01	45384	0.075	0.054	0.648	-0.022	0.020	2.748
9.081	0.076	0.055	0.547	0.18	-0.04	0.19	-0.75	1.23	1.00	45378	0.075	0.054	0.648	-0.022	0.020	2.740
9.090	0.076	0.055	0.546	0.17	-0.05	0.20	0.05	1.82	1.41	45388	0.075	0.054	0.647	-0.022	0.020	2.732
9.103	0.074	0.055	0.547	0.17	-0.06	0.21	0.32	2.11	1.41	45378	0.075	0.055	0.647	-0.022	0.020	2.725
9.113	0.074	0.055	0.546	0.17	-0.08	0.23	-0.84	1.12	0.82	45296	0.075	0.055	0.646	-0.022	0.020	2.717
9.121	0.077	0.054	0.546	0.17	-0.11	0.24	0.90	0.05	0.71	45290	0.075	0.055	0.646	-0.022	0.020	2.710
9.130	0.077	0.051	0.546	0.19	-0.10	0.25	0.49	-0.66	1.30	45275	0.076	0.054	0.645	-0.022	0.020	2.702
9.142	0.077	0.051	0.546	0.20	-0.10	0.26	0.07	-0.69	0.94	45248	0.076	0.054	0.645	-0.021	0.020	2.695
9.145	0.077	0.051	0.546	0.19	-0.09	0.27	0.34	-1.08	1.04	45308	0.076	0.054	0.644	-0.021	0.020	2.687
9.160	0.077	0.051	0.546	0.19	-0.08	0.28	-0.79	0.16	1.17	45277	0.076	0.054	0.643	-0.021	0.019	2.680
9.170	0.077	0.055	0.546	0.17	-0.08	0.29	-2.02	0.15	1.82	45265	0.076	0.054	0.643	-0.021	0.019	2.672
9.181	0.077	0.055	0.546	0.14	-0.08	0.30	-3.51	0.73	1.45	45253	0.076	0.054	0.642	-0.021	0.019	2.665
9.190	0.077	0.055	0.546	0.11	-0.09	0.32	-2.89	1.50	1.51	45235	0.076	0.054	0.642	-0.021	0.020	2.658
9.202	0.077	0.055	0.546	0.08	-0.11	0.34	-3.15	2.21	1.14	45014	0.077	0.054	0.642	-0.021	0.020	2.651
9.211	0.077	0.055	0.547	0.05	-0.13	0.35	-2.90	0.66	1.37	44978	0.077	0.055	0.641	-0.021	0.020	2.643
9.219	0.077	0.055	0.547	0.02	-0.14	0.36	-2.43	2.69	1.14	44947	0.077	0.055	0.641	-0.021	0.020	2.636
9.231	0.077	0.055	0.547	-0.00	-0.17	0.37	-2.23	3.44	0.77	44920	0.077	0.055	0.641	-0.021	0.020	2.629
9.242	0.077	0.055	0.546	-0.03	-0.20	0.38	-1.69	3.38	0.48	45020	0.077	0.055	0.640	-0.021	0.020	2.622
9.253	0.075	0.055	0.546	-0.05	-0.23	0.38	-2.18	3.69	0.54	44974	0.077	0.055	0.640	-0.021	0.020	2.615
9.262	0.075	0.055	0.546	-0.08	-0.26	0.39	-4.10	3.03	-0.09	44929	0.076	0.055	0.639	-0.021	0.020	2.608
9.272	0.076	0.051	0.546	-0.10	-0.30	0.39	-6.85	3.11	-0.30	44882	0.076	0.055	0.639	-0.021	0.019	2.601
9.281	0.076	0.050	0.547	-0.18	-0.32	0.38	-9.18	1.96	-0.21	44816	0.076	0.054	0.639	-0.021	0.019	2.594
9.291	0.076	0.041	0.547	-0.24	-0.34	0.38	-13.45	0.24	0.36	44683	0.076	0.053	0.638	-0.021	0.018	2.587
9.299	0.075	0.036	0.547	-0.36	-0.33	0.39	-14.53	-3.76	1.72	44614	0.076	0.051	0.638	-0.022	0.017	2.580
9.312	0.078	0.036	0.547	-0.50	-0.27	0.42	-10.66	-12.26	4.14	44553	0.076	0.049	0.638	-0.021	0.016	2.573
9.320	0.073	0.035	0.549	-0.58	-0.10	0.47	-3.77	-20.37	6.78	44490	0.076	0.047	0.638	-0.022	0.015	2.566
9.329	0.072	0.034	0.550	-0.58	0.12	0.54	3.91	-26.02	7.95	44042	0.075	0.046	0.638	-0.022	0.015	2.560
9.341	0.071	0.047	0.550	-0.57	0.39	0.62	11.26	-25.90	7.49	43978	0.075	0.046	0.638	-0.022	0.015	2.553
9.352	0.072	0.037	0.550	-0.40	0.63	0.70	15.96	-21.79	7.25	43938	0.075	0.045	0.638	-0.022	0.014	2.546
9.359	0.068	0.030	0.551	-0.19	0.84	0.77	20.29	-14.42	5.99	43907	0.074	0.043	0.638	-0.023	0.013	2.540
9.370	0.072	0.041	0.550	-0.03	0.95	0.83	23.79	-6.64	4.95	44100	0.074	0.043	0.637	-0.023	0.013	2.533
9.381	0.078	0.044	0.550	0.19	0.96	0.87	23.21	1.69	4.40	44074	0.074	0.043	0.637	-0.023	0.013	2.526
9.392	0.079	0.042	0.551	0.42	0.92	0.92	21.34	7.98	4.30	44044	0.075	0.043	0.637	-0.022	0.013	2.520
9.399	0.079	0.041	0.551	0.62	0.82	0.96	15.95	11.60	3.07	44014	0.075	0.043	0.636	-0.022	0.013	2.513
9.412	0.077	0.039	0.550	0.76	0.71	0.99	9.26	13.54	2.12	44003	0.076	0.042	0.636	-0.022	0.013	2.507
9.416	0.077	0.039	0.551	0.83	0.57	1.01	1.79	12.12	1.86	44137	0.076	0.042	0.636	-0.022	0.012	2.501
9.433	0.077	0.039	0.551	0.82	0.45	1.03	-4.61	11.89	1.91	44149	0.076	0.042	0.635	-0.022	0.012	2.494
9.441	0.077	0.039	0.551	0.76	0.33	1.05	-9.63	12.24	1.55	44175	0.076	0.041	0.635	-0.022	0.012	2.488
9.450	0.077	0.038	0.551	0.64	0.21	1.07	-13.78	12.15	1.66	44195	0.076	0.041	0.634	-0.022	0.012	2.481
9.464	0.077	0.038	0.552	0.50	0.09	1.08	-17.26	11.50	1.63	44151	0.076	0.040	0.634	-0.022	0.012	2.475
9.470	0.076	0.032	0.552	0.34	-0.03	1.10	-17.95	8.54	1.65	44144	0.076	0.039	0.634	-0.022	0.011	2.469
9.480	0.076	0.032	0.552	0.17	-0.09	1.12	-16.93	5.08	1.87	44135	0.076	0.038	0.634	-0.022	0.011	2.463
9.491	0.072	0.022	0.552	0.04	-0.11	1.13	-16.64	2.82	0.73	44142	0.076	0.036	0.633	-0.022	0.010	2.457
9.503	0.072	0.022	0.552	-0.12	-0.13	1.14	-14.66	1.07	0.91	44161	0.075	0.034	0.633	-0.022	0.009	2.451
9.514	0.072	0.022	0.552	-0.25	-0.14	1.15	-9.91	0.06	0.78	44295	0.075	0.033	0.632	-0.022	0.008	2.444
9.522	0.072	0.022	0.552	-0.33	-0.14	1.16	-4.28	-0.86	1.62	44296	0.075	0.031	0.632	-0.023	0.007	2.438
9.532	0.075	0.020	0.552	-0.34	-0.14	1.17	0.80	-0.46	1.74	44300	0.075	0.030	0.632	-0.023	0.007	2.432
9.539	0.075	0.019	0.553	-0.32	-0.14	1.20	3.57	-0.59	2.84	44300	0.075	0.028	0.631	-0.023	0.006	2.426
9.551	0.074	0.021	0.553	-0.29	-0.12	1.23	5.53	-4.31	2.85	44147	0.074	0.027	0.631	-0.023	0.006	2.421
9.558	0.078	0.020	0.553	-0.22	-0.09	1.25	8.93	-6.30	1.99	44121	0.075	0.026	0.631	-0.022	0.005	2.415
9.572	0.078	0.019	0.554	-0.13	-0.02	1.27	10.56	-6.74	1.27	44138	0.075	0.025	0.631	-0.022	0.005	2.409
9.582	0.077	0.020	0.554	-0.03	0.04	1.28	9.83	-3.76	0.74	44168	0.075	0.024	0.630	-0.022	0.005	2.403
9.590	0.074	0.025	0.555	0.03	0.08	1.28	5.54	-0.62	-0.11	43935	0.075	0.024	0.630	-0.022	0.005	2.397
9.600	0.077	0.025	0.555	0.07	0.06	1.29	1.87	3.54	-0.05	43929	0.075	0.024	0.630	-0.022	0.005	2.392
9.615	0.079	0.030	0.556	0.04	0.00	1.28	-2.98	8.27	-0.33	43902	0.076	0.025	0.630	-0.022	0.005	2.386
9.621	0.080	0.030	0.556	-0.00	-0.09	1.28	-7.08	8.07	-0.88	43878	0.076	0.025	0.630	-0.022	0.005	2.381
9.630	0.080	0.029	0.554	-0.08	-0.16	1.27	-10.50	4.12	-0.26	43863	0.077	0.025	0.629	-0.021	0.006	2.375
9.639	0.081	0.025	0.555	-0.18	-0.20	1.27	-12.44	3.33	-0.12	44155	0.077	0.025	0.629	-0.021	0.006	2.369
9.648	0.082	0.025	0.555	-0.31	-0.23	1.27	-12.44	2.73	-0.97	44185	0.078	0.025	0.628	-0.021	0.006	2.364
9.662	0.082	0.025	0.555	-0.43	-0.27	1.26	-11.77	4.73	-1.22	44204	0.078	0.025	0.628	-0.021	0.006	2.358
9.672	0.082	0.025	0.555	-0.54	-0.31	1.24	-12.00	5.03	-1.74	44192	0.079	0.025	0.627	-0.020	0.006	2.353
9.681	0.082	0.025	0.554	-0.67	-0.37	1.22	-14.15	7.60	-1.73	44412	0.079	0.024	0.627	-0.020	0.006	2.347
9.690	0.082	0.024	0.554	-0.81	-0.45	1.21	-11.87	8.43	-1.38	44429	0.079	0.024	0.626	-0.020	0.006	2.342
9.699	0.081	0.016	0.554	-0.87	-0.52	1.19	-6.65	4.97	-1.21	44428	0.080	0.023	0.626	-0.020	0.005	2.336
9.707	0.081	0.016	0.554	-0.92	-0.56	1.18	-0.88	2.27	-0.81	44400	0.080	0.022	0.625	-0.020	0.005	2.331
9.716	0.086	0.020	0.555	-0.93	-0.60	1.17	5.22	-0.37	-1.30	44373	0.080	0.022	0.625	-0.020	0.005	2.325
9.731	0.084	0.024	0.555	-0.88	-0.57	1.16	8.54	-4.90	-1.51	44186	0.081	0.022	0.624	-0.019	0.005	2.320
9.740	0.085	0.024	0.555	-0.79	-0.50	1.14	9.90	-10.96	-2.25	44154	0.081	0.022	0.624	-0.019	0.005	2.315
9.749	0.084	0.022	0.555	-0.69	-0.37	1.12	9.22	-14.76	-2.55	44139	0.082	0.022	0.624	-0.019	0.005	2.310
9.758	0.085	0.020	0.555	-0.59	-0.23	1.10	7.68	-16.13	-2.41	44160	0.082	0.021	0.623	-0.019	0.005	2.304
9.765	0.087	0.020	0.555	-0.52	-0.07	1.07	4.37	-15.81	-2.10	44110	0.083	0.021	0.623	-0.018	0.005	2.299
9.782	0.087	0.019	0.556	-0.49	0.08	1.05	1.29	-15.08	-1.76	44121	0.083	0.021	0.623	-0.018	0.005	2.294
9.792	0.084	0.018	0.556	-0.48	0.24	1.04	-2.13	-11.50	-2.08	44122	0.083	0.020	0.622	-0.018	0.004	2.289
9.800	0.088	0.019	0.556	-0.52	0.31	1.01	-3.95	-5.38	-3.20	44123	0.084	0.020	0.622	-0.018	0.004	2.284
9.808	0.090	0.019	0.556	-0.55	0.34	0.98	-1.13	-0.51	-1.65	44112	0.085	0.020	0.622	-0.017	0.004	2.279
9.816	0.090	0.017	0.556	-0.54	0.33	0.97	0.99	4.67	-1.39	44120	0.085	0.019	0.621	-0.017	0.004	2.274
9.831	0.092	0.019	0.556	-0.55	0.26	0.95	1.63	8.92	-1.50	44124	0.086	0.019	0.621	-0.017	0.004	2.269
9.841	0.092	0.019	0.556	-0.52	0.17	0.93	3.52	9.42	-2.08	44124	0.087	0.019	0.621	-0.016	0.004	2.264
9.850	0.092	0.019	0.556	-0.49	0.07	0.91	2.92	10.67	-2.74	44129	0.088	0.019	0.620	-0.016	0.004	2.259
9.858	0.089	0.018	0.556	-0.45	-0.01	0.88	3.92	8.80	-2.77	44202	0.088	0.019	0.620	-0.016	0.004	2.255
9.867	0.090	0.024	0.556	-0.45	-0.09	0.85	3.57	4.98	-2.82	44194	0.088	0.019	0.619	-0.016	0.004	2.250
9.882	0.092	0.031	0.556	-0.45	-0.14	0.82	1.51	1.25	-3.07	44206	0.089	0.021	0.619	-0.015	0.005	2.245
9.890	0.093	0.031	0.556	-0.44	-0.13	0.79	0.29	-1.57	-3.00	44237	0.089	0.022	0.619	-0.015	0.006	2.240
9.900	0.093	0.031	0.556	-0.44	-0.10	0.77	-1.15	-4.68	-2.51	44216	0.090	0.023	0.618	-0.015	0.006	2.235
9.908	0.093	0.031	0.556	-0.45	-0.06	0.74	-1.37	-6.41	-2.51	44204	0.090	0.024	0.618	-0.015	0.007	2.231
9.917	0.093	0.031	0.556	-0.46	0.02	0.72	1.09	-8.67	-2.33	44194	0.091	0.025	0.617	-0.015	0.007	2.226
9.931	0.092	0.033	0.556	-0.45	0.12	0.69	2.16	-8.34	-3.26	44205	0.091	0.026	0.617	-0.015	0.008	2.221
9.941	0.106	0.034	0.556	-0.43	0.13	0.66	4.29	-7.95	-3.97	44223	0.093	0.027	0.617	-0.014	0.008	2.217
9.950	0.106	0.034	0.556	-0.38	0.21	0.62	5.92	-7.34	-4.15	44145	0.095	0.028	0.616	-0.013	0.009	2.212
9.959	0.107	0.034	0.556	-0.32	0.28	0.58	8.04	-8.28	-2.40	44155	0.096	0.029	0.616	-0.012	0.009	2.208
9.968	0.106	0.032	0.556	-0.22	0.38	0.56	9.00	-12.69	-1.28	44153	0.098	0.030	0.616	-0.011	0.009	2.203
9.976	0.113	0.030	0.556	-0.11	0.48	0.56	10.96	-12.96	-1.31	44151	0.100	0.030	0.615	-0.011	0.009	2.199
9.992	0.112	0.035	0.556	-0.01	0.61	0.54	12.92	-11.73	-2.11	44181	0.101	0.030	0.615	-0.010	0.009	2.194
10.002	0.114	0.041	0.556	0.08	0.71	0.52	12.30	-9.45	-2.49	44226	0.103	0.032	0.614	-0.009	0.010	2.190
10.009	0.116	0.046	0.556	0.17	0.78	0.50	8.67	-3.12	-0.86	44261	0.105	0.034	0.614	-0.008	0.011	2.185
10.018	0.116	0.046	0.556	0.25	0.80	0.49	6.10	0.44	-0.56	44282	0.107	0.035	0.614	-0.008	0.012	2.181
10.026	0.116	0.046	0.557	0.29	0.78	0.48	2.71	3.97	-0.93	44062	0.108	0.037	0.613	-0.007	0.012	2.177
10.041	0.117	0.047	0.557	0.32	0.73	0.47	1.34	7.56	-1.52	44071	0.110	0.038	0.613	-0.006	0.013	2.173
10.052	0.117	0.047	0.557	0.32	0.64	0.46	-1.53	10.41	-1.82	44094	0.111	0.040	0.613	-0.006	0.014	2.168
10.058	0.116	0.047	0.557	0.30	0.54	0.44	-3.26	9.04	-2.20	44108	0.112	0.041	0.613	-0.006	0.014	2.164
10.066	0.116	0.048	0.558	0.26	0.46	0.42	-3.77	5.60	-2.60	44107	0.113	0.042	0.612	-0.005	0.014	2.160
10.076	0.117	0.048	0.558	0.23	0.42	0.39	-2.62	2.38	-2.48	43980	0.114	0.043	0.612	-0.005	0.015	2.156
10.090	0.119	0.048	0.558	0.21	0.39	0.37	-2.59	0.76	-2.06	44011	0.115	0.044	0.612	-0.005	0.015	2.152
10.099	0.116	0.048	0.558	0.19	0.42	0.35	-1.45	-2.26	-2.22	44029	0.115	0.045	0.612	-0.005	0.015	2.148
10.109	0.116	0.048	0.558	0.19	0.44	0.33	0.34	-3.73	-1.98	44040	0.116	0.045	0.611	-0.005	0.016	2.144
10.119	0.116	0.049	0.558	0.19	0.49	0.31	0.80	-6.06	-0.91	43940	0.116	0.046	0.611	-0.005	0.016	2.140
10.127	0.113	0.048	0.558	0.22	0.57	0.31	3.53	-5.81	0.48	43953	0.116	0.046	0.611	-0.005	0.016	2.136
10.140	0.111	0.039	0.558	0.31	0.64	0.31	7.14	-5.27	-0.11	43974	0.116	0.046	0.610	-0.005	0.015	2.132
10.149	0.112	0.039	0.558	0.40	0.69	0.31	11.23	-3.16	-0.57	43986	0.116	0.045	0.610	-0.006	0.015	2.128
10.160	0.134	0.048	0.557	0.47	0.60	0.30	14.47	-2.43	-0.51	43978	0.119	0.046	0.610	-0.005	0.015	2.124
10.168	0.131	0.045	0.557	0.63	0.64	0.30	11.92	-2.09	-0.97	44156	0.121	0.046	0.609	-0.004	0.015	2.120
10.176	0.131	0.046	0.557	0.73	0.65	0.29	8.47	1.32	-0.22	44203	0.122	0.046	0.609	-0.003	0.015	2.116
10.186	0.131	0.049	0.557	0.80	0.64	0.29	5.96	2.33	-0.89	44246	0.124	0.047	0.608	-0.003	0.015	2.112
10.201	0.134	0.055	0.557	0.80	0.59	0.28	0.25	5.54	-1.63	44291	0.126	0.048	0.608	-0.002	0.016	2.108
10.209	0.135	0.058	0.557	0.77	0.53	0.26	-4.28	7.64	-2.20	44224	0.128	0.049	0.607	-0.001	0.016	2.104
10.217	0.134	0.059	0.557	0.72	0.46	0.24	-4.92	8.39	-2.14	44256	0.129	0.051	0.607	-0.001	0.017	2.100
10.226	0.135	0.059	0.557	0.67	0.38	0.22	-5.26	4.50	-2.31	44283	0.130	0.052	0.607	-0.001	0.017	2.097
10.236	0.134	0.053	0.557	0.65	0.36	0.19	-5.46	-1.55	-2.34	44287	0.131	0.052	0.606	-0.000	0.017	2.093
10.250	0.133	0.052	0.556	0.61	0.41	0.17	-3.19	-8.16	-1.72	44427	0.132	0.053	0.606	-0.000	0.017	2.089
10.261	0.132	0.054	0.556	0.57	0.51	0.15	-1.85	-13.84	-0.45	44482	0.133	0.053	0.605	-0.000	0.017	2.085
10.269	0.137	0.050	0.555	0.57	0.64	0.15	-1.87	-17.82	-0.65	44518	0.134	0.053	0.604	-0.000	0.017	2.082
10.278	0.142	0.061	0.555	0.50	0.80	0.15	-0.39	-18.03	0.95	44589	0.136	0.054	0.604	0.000	0.018	2.078
10.286	0.143	0.061	0.554	0.49	0.96	0.16	0.01	-12.71	0.51	44648	0.137	0.055	0.603	0.001	0.018	2.074
10.300	0.143	0.061	0.554	0.51	1.07	0.16	3.20	-5.61	-0.36	44815	0.139	0.056	0.603	0.001	0.018	2.070
10.309	0.136	0.060	0.553	0.55	1.15	0.15	5.15	-1.69	-1.17	44848	0.139	0.057	0.602	0.001	0.019	2.067
10.317	0.143	0.061	0.553	0.60	1.11	0.14	5.72	3.08	-1.19	44891	0.140	0.057	0.601	0.001	0.019	2.063
10.328	0.144	0.062	0.553	0.66	1.06	0.13	5.25	7.89	-0.36	44943	0.141	0.058	0.601	0.001	0.019	2.059
10.334	0.150	0.065	0.551	0.69	0.94	0.13	3.84	11.06	-0.91	45250	0.143	0.059	0.600	0.002	0.020	2.056
10.351	0.152	0.067	0.550	0.71	0.81	0.12	2.16	12.19	-0.94	45261	0.145	0.061	0.599	0.002	0.020	2.052
10.358	0.151	0.066	0.550	0.73	0.70	0.11	1.47	11.48	-0.27	45292	0.146	0.061	0.598	0.002	0.020	2.048
10.369	0.152	0.067	0.549	0.74	0.59	0.11	0.56	11.76	0.67	45332	0.148	0.062	0.597	0.003	0.021	2.045
10.377	0.151	0.066	0.549	0.75	0.47	0.12	0.33	10.59	0.58	45352	0.149	0.063	0.597	0.003	0.021	2.041
10.386	0.153	0.070	0.548	0.73	0.35	0.13	-0.56	11.24	0.37	45402	0.150	0.064	0.596	0.003	0.021	2.037
10.400	0.152	0.069	0.548	0.71	0.25	0.13	-5.78	9.63	-0.76	45404	0.151	0.065	0.595	0.003	0.022	2.034
10.410	0.151	0.071	0.547	0.64	0.17	0.12	-9.00	5.70	-1.34	45413	0.152	0.066	0.595	0.003	0.022	2.030
10.419	0.151	0.064	0.549	0.58	0.14	0.11	-10.58	-0.66	-0.89	45431	0.153	0.066	0.594	0.003	0.022	2.027
10.428	0.151	0.066	0.548	0.46	0.17	0.10	-11.67	-7.62	-0.08	45138	0.153	0.066	0.594	0.003	0.022	2.023
10.436	0.145	0.062	0.548	0.37	0.30	0.11	-11.27	-12.29	1.45	45127	0.153	0.066	0.593	0.002	0.022	2.020
10.445	0.145	0.061	0.548	0.26	0.43	0.12	-7.86	-14.88	1.84	45103	0.153	0.066	0.593	0.002	0.021	2.017
10.460	0.142	0.060	0.547	0.22	0.61	0.14	0.32	-18.11	1.82	45084	0.153	0.065	0.593	0.001	0.021	2.013
10.467	0.137	0.058	0.547	0.26	0.82	0.16	8.49	-17.30	0.07	45057	0.151	0.064	0.592	-0.000	0.020	2.010
10.478	0.154	0.060	0.547	0.35	0.87	0.15	12.39	-9.18	-1.36	45089	0.153	0.064	0.592	0.000	0.020	2.006
10.486	0.155	0.060	0.547	0.48	0.93	0.13	12.32	1.04	-2.50	45098	0.154	0.064	0.591	0.000	0.020	2.003
10.495	0.155	0.060	0.546	0.59	0.87	0.11	6.56	15.85	-2.98	45101	0.155	0.063	0.591	0.000	0.020	2.000
10.509	0.155	0.060	0.546	0.62	0.67	0.08	-0.35	27.67	-2.04	45095	0.156	0.063	0.590	0.000	0.020	1.996
10.519	0.155	0.061	0.545	0.60	0.36	0.07	-5.36	33.26	0.14	45165	0.156	0.063	0.590	-0.000	0.019	1.993
10.530	0.155	0.061	0.545	0.54	0.04	0.09	-6.89	29.93	1.40	45118	0.157	0.063	0.589	-0.000	0.019	1.989
10.536	0.154	0.062	0.545	0.47	-0.23	0.10	-4.66	20.32	1.56	45079	0.157	0.063	0.589	-0.000	0.019	1.986
10.551	0.156	0.064	0.545	0.42	-0.40	0.11	-1.18	9.52	0.02	45042	0.158	0.063	0.588	-0.001	0.019	1.983
10.560	0.154	0.064	0.545	0.41	-0.45	0.11	0.93	0.20	-0.55	44840	0.158	0.063	0.588	-0.001	0.019	1.979
10.570	0.154	0.064	0.545	0.43	-0.42	0.10	3.54	-8.08	-1.05	44819	0.158	0.064	0.588	-0.001	0.019	1.976
10.578	0.156	0.064	0.545	0.47	-0.33	0.08	1.75	-10.74	-1.55	44805	0.159	0.064	0.588	-0.001	0.019	1.973
10.586	0.155	0.062	0.545	0.47	-0.23	0.07	-4.02	-6.76	-0.98	44817	0.159	0.064	0.587	-0.002	0.019	1.970
10.600	0.155	0.062	0.543	0.41	-0.19	0.06	-10.91	0.56	-1.28	44840	0.159	0.064	0.587	-0.002	0.019	1.966
10.612	0.159	0.066	0.543	0.26	-0.24	0.05	-13.50	3.56	-1.69	45171	0.160	0.064	0.586	-0.002	0.019	1.963
10.619	0.161	0.070	0.542	0.10	-0.27	0.04	-13.57	0.15	-1.41	45112	0.161	0.065	0.585	-0.002	0.020	1.960
10.634	0.160	0.074	0.542	-0.05	-0.24	0.03	-10.02	-6.06	-0.85	45086	0.162	0.066	0.585	-0.002	0.020	1.957
10.637	0.160	0.071	0.543	-0.12	-0.16	0.02	-8.08	-9.63	-1.20	45086	0.162	0.067	0.584	-0.002	0.021	1.954
10.651	0.160	0.072	0.543	-0.19	-0.05	0.00	-2.51	-12.25	-1.66	44931	0.163	0.068	0.584	-0.002	0.021	1.950
10.662	0.160	0.071	0.542	-0.19	0.07	-0.02	3.81	-11.41	-2.54	44916	0.163	0.068	0.584	-0.003	0.021	1.947
10.668	0.160	0.071	0.542	-0.13	0.17	-0.05	7.12	-9.08	-3.77	44910	0.163	0.069	0.583	-0.003	0.021	1.944
10.679	0.164	0.072	0.542	-0.05	0.23	-0.09	9.70	-6.17	-4.44	44901	0.164	0.069	0.583	-0.003	0.022	1.941
10.687	0.165	0.072	0.542	0.03	0.27	-0.14	5.48	-0.76	-5.14	44909	0.165	0.070	0.583	-0.003	0.022	1.938
10.696	0.165	0.073	0.542	0.08	0.30	-0.19	6.17	-5.59	-4.27	44901	0.166	0.070	0.582	-0.003	0.022	1.935
10.711	0.165	0.069	0.542	0.17	0.34	-0.22	10.06	-0.04	-2.76	44904	0.166	0.070	0.582	-0.003	0.022	1.932
10.721	0.165	0.069	0.542	0.29	0.32	-0.24	14.15	5.76	-0.84	44953	0.167	0.070	0.582	-0.003	0.022	1.929
10.729	0.166	0.069	0.541	0.45	0.25	-0.25	16.47	9.12	0.07	44999	0.168	0.070	0.581	-0.003	0.022	1.926
10.738	0.168	0.066	0.541	0.62	0.12	-0.24	11.95	18.91	2.04	45126	0.168	0.070	0.581	-0.003	0.021	1.923
10.746	0.172	0.061	0.540	0.79	-0.13	-0.22	17.63	29.25	0.90	45149	0.170	0.069	0.580	-0.003	0.021	1.920
10.756	0.169	0.067	0.540	0.94	-0.40	-0.21	19.84	25.56	-2.43	45155	0.170	0.069	0.580	-0.003	0.021	1.917
10.772	0.170	0.067	0.540	1.11	-0.63	-0.25	11.53	17.79	-5.94	45164	0.171	0.069	0.579	-0.003	0.021	1.914
10.782	0.170	0.067	0.539	1.18	-0.77	-0.31	-4.45	7.19	-6.53	45332	0.171	0.069	0.579	-0.003	0.020	1.911
10.789	0.169	0.068	0.539	1.07	-0.79	-0.37	-18.00	-5.80	-5.10	45355	0.172	0.069	0.578	-0.004	0.020	1.908
10.796	0.174	0.067	0.538	0.87	-0.72	-0.42	-27.37	-16.48	-4.29	45374	0.173	0.069	0.578	-0.004	0.020	1.905
10.804	0.174	0.067	0.538	0.58	-0.52	-0.47	-29.65	-26.73	-4.74	45371	0.173	0.068	0.577	-0.004	0.020	1.902
10.818	0.174	0.071	0.537	0.26	-0.23	-0.52	-29.27	-32.91	-5.57	45367	0.174	0.069	0.577	-0.004	0.020	1.899
10.829	0.171	0.066	0.536	0.00	0.13	-0.58	-25.25	-34.54	-6.32	45583	0.174	0.069	0.576	-0.004	0.020	1.896
10.840	0.169	0.058	0.536	-0.19	0.48	-0.64	-23.42	-30.74	-7.19	45560	0.175	0.067	0.576	-0.004	0.019	1.893
10.848	0.178	0.066	0.536	-0.49	0.71	-0.72	-24.53	-22.24	-7.99	45543	0.176	0.067	0.575	-0.004	0.019	1.890
10.853	0.179	0.069	0.538	-0.74	0.90	-0.79	-19.35	-13.46	-6.12	45521	0.177	0.067	0.575	-0.004	0.020	1.887
10.869	0.178	0.064	0.538	-0.86	1.01	-0.85	-7.27	-3.50	-4.02	45105	0.178	0.067	0.575	-0.004	0.019	1.884
10.879	0.180	0.062	0.538	-0.87	1.00	-0.88	5.07	6.04	-3.41	45062	0.179	0.066	0.575	-0.004	0.019	1.881
10.888	0.182	0.063	0.537	-0.80	0.89	-0.93	11.88	21.89	-5.29	45035	0.180	0.066	0.575	-0.004	0.019	1.878
10.897	0.188	0.065	0.537	-0.68	0.56	-0.99	13.76	41.12	-7.41	45002	0.182	0.066	0.574	-0.003	0.019	1.876
10.906	0.187	0.064	0.538	-0.54	0.12	-1.07	15.13	46.57	-8.01	44762	0.183	0.066	0.574	-0.003	0.019	1.873
10.920	0.189	0.062	0.538	-0.38	-0.32	-1.15	14.23	32.98	-6.28	44716	0.184	0.066	0.574	-0.003	0.018	1.870
10.929	0.187	0.060	0.538	-0.20	-0.55	-1.21	22.18	6.69	-3.47	44692	0.185	0.065	0.574	-0.003	0.018	1.867
10.936	0.184	0.055	0.538	0.08	-0.49	-1.23	28.77	-20.54	-0.21	44690	0.186	0.064	0.574	-0.003	0.017	1.865
10.946	0.186	0.058	0.539	0.35	-0.23	-1.22	29.10	-32.54	1.52	44704	0.187	0.063	0.574	-0.003	0.017	1.862
10.953	0.184	0.060	0.539	0.59	0.08	-1.21	14.65	-24.26	1.72	44606	0.187	0.063	0.574	-0.003	0.017	1.859
10.969	0.188	0.067	0.539	0.62	0.27	-1.19	-4.21	-13.82	1.89	44587	0.188	0.063	0.574	-0.003	0.017	1.857
10.980	0.188	0.067	0.539	0.51	0.36	-1.17	-23.99	0.81	2.92	44576	0.189	0.064	0.574	-0.003	0.017	1.854
10.987	0.189	0.058	0.539	0.28	0.29	-1.14	-33.12	15.80	1.91	44552	0.189	0.063	0.574	-0.003	0.017	1.851
10.999	0.191	0.059	0.538	-0.05	0.10	-1.13	-31.43	17.29	-0.87	44667	0.190	0.063	0.574	-0.003	0.017	1.849
11.012	0.192	0.063	0.538	-0.37	-0.02	-1.16	-23.65	3.88	-4.56	44595	0.191	0.063	0.573	-0.003	0.017	1.846
11.020	0.192	0.063	0.539	-0.59	-0.04	-1.21	-18.10	-0.01	-6.28	44569	0.192	0.063	0.573	-0.003	0.017	1.843
11.033	0.195	0.059	0.539	-0.72	-0.05	-1.28	-12.59	-2.38	-7.33	44543	0.193	0.062	0.573	-0.003	0.016	1.841
11.038	0.195	0.059	0.538	-0.84	-0.05	-1.36	-14.02	7.83	-8.92	44531	0.194	0.062	0.573	-0.003	0.016	1.838
11.048	0.196	0.053	0.538	-0.95	-0.16	-1.44	-15.28	17.53	-7.98	44525	0.195	0.061	0.572	-0.003	0.016	1.836
11.055	0.198	0.053	0.539	-1.10	-0.35	-1.53	-11.87	16.94	-9.45	44444	0.196	0.060	0.572	-0.003	0.015	1.833
11.070	0.198	0.053	0.539	-1.20	-0.50	-1.63	-3.90	9.95	-10.22	44393	0.197	0.059	0.572	-0.003	0.015	1.831
11.079	0.200	0.053	0.539	-1.18	-0.57	-1.74	15.35	1.50	-9.57	44361	0.198	0.059	0.572	-0.002	0.014	1.828
11.090	0.201	0.053	0.539	-0.92	-0.59	-1.84	48.48	3.12	-11.95	44339	0.199	0.058	0.572	-0.002	0.014	1.826
11.097	0.203	0.053	0.539	-0.32	-0.66	-1.97	77.04	13.76	-16.31	44372	0.200	0.058	0.571	-0.002	0.014	1.823
11.104	0.205	0.054	0.539	0.50	-0.82	-2.14	87.90	17.82	-17.33	44452	0.202	0.057	0.571	-0.002	0.013	1.821
11.120	0.206	0.048	0.539	1.36	-1.02	-2.30	71.30	17.79	-15.76	44464	0.203	0.056	0.571	-0.002	0.013	1.818
11.129	0.208	0.047	0.539	2.01	-1.20	-2.46	50.29	16.43	-16.52	44467	0.204	0.055	0.571	-0.001	0.012	1.816
11.145	0.211	0.054	0.539	2.35	-1.38	-2.62	22.60	11.99	-17.29	44500	0.206	0.055	0.571	-0.001	0.012	1.814
11.148	0.211	0.055	0.539	2.47	-1.45	-2.78	-5.26	-2.89	-14.16	44550	0.207	0.055	0.570	-0.001	0.012	1.811
11.156	0.209	0.058	0.539	2.27	-1.37	-2.91	-39.29	-14.33	-10.80	44596	0.208	0.055	0.570	-0.001	0.012	1.809
11.170	0.212	0.058	0.541	1.78	-1.19	-3.02	-59.65	-34.01	-9.01	44589	0.209	0.056	0.570	-0.000	0.013	1.807
11.178	0.210	0.060	0.541	1.15	-0.73	-3.13	-63.65	-57.75	-11.17	44300	0.210	0.056	0.570	-0.000	0.013	1.804
11.188	0.219	0.060	0.541	0.48	-0.19	-3.25	-76.60	-62.45	-12.76	44276	0.212	0.057	0.570	0.000	0.013	1.802
11.198	0.213	0.059	0.541	-0.35	0.47	-3.38	-96.72	-57.01	-11.49	44278	0.213	0.057	0.570	0.000	0.013	1.800
11.206	0.213	0.049	0.541	-1.28	1.01	-3.47	-102.53	-46.64	-8.36	44239	0.213	0.056	0.570	0.000	0.013	1.798
11.220	0.211	0.051	0.541	-2.29	1.46	-3.53	-90.89	-37.36	-5.01	44178	0.214	0.055	0.570	-0.000	0.013	1.795
11.230	0.220	0.057	0.541	-3.15	1.78	-3.56	-62.35	-37.56	-1.35	44085	0.216	0.055	0.570	0.000	0.013	1.793
11.240	0.222	0.062	0.542	-3.70	2.12	-3.54	-30.49	-28.18	0.82	44007	0.217	0.056	0.570	0.001	0.013	1.791
11.249	0.228	0.062	0.542	-3.88	2.31	-3.52	5.18	-15.80	-0.11	43927	0.220	0.057	0.570	0.001	0.014	1.789
11.256	0.228	0.056	0.541	-3.66	2.45	-3.52	39.45	-8.65	-2.80	43858	0.222	0.057	0.570	0.002	0.013	1.787
11.264	0.222	0.049	0.541	-3.11	2.56	-3.55	61.88	1.89	-3.10	43995	0.223	0.056	0.569	0.001	0.013	1.785
11.280	0.235	0.055	0.541	-2.53	2.39	-3.58	63.71	14.61	-0.97	43950	0.225	0.056	0.569	0.002	0.013	1.783
11.290	0.239	0.063	0.541	-1.95	2.19	-3.58	64.05	20.48	1.07	43941	0.228	0.057	0.569	0.003	0.013	1.780
11.298	0.240	0.063	0.541	-1.31	2.02	-3.58	66.65	11.12	1.25	43945	0.231	0.058	0.569	0.004	0.014	1.778
11.306	0.241	0.067	0.541	-0.66	1.96	-3.55	69.02	0.15	3.61	44019	0.233	0.059	0.568	0.004	0.014	1.776
11.315	0.245	0.072	0.542	-0.01	1.95	-3.51	66.32	-4.56	4.04	44066	0.236	0.061	0.568	0.005	0.015	1.774
11.331	0.248	0.078	0.542	0.58	1.97	-3.46	58.90	0.31	4.08	44104	0.238	0.064	0.568	0.006	0.016	1.772
11.338	0.248	0.074	0.542	1.17	1.94	-3.42	43.91	11.00	4.36	44143	0.241	0.065	0.568	0.006	0.017	1.770
11.351	0.249	0.078	0.542	1.53	1.81	-3.37	31.19	13.97	4.99	44114	0.243	0.067	0.568	0.007	0.017	1.768
11.357	0.250	0.078	0.542	1.79	1.67	-3.31	18.20	12.86	5.95	44193	0.245	0.069	0.568	0.007	0.018	1.767
11.365	0.251	0.079	0.542	1.92	1.56	-3.25	3.85	8.52	6.36	44265	0.247	0.070	0.567	0.007	0.019	1.765
11.373	0.251	0.078	0.542	1.92	1.47	-3.18	-10.19	13.66	5.79	44335	0.249	0.072	0.567	0.007	0.019	1.763
11.390	0.254	0.081	0.542	1.76	1.28	-3.12	-18.05	26.48	5.37	44411	0.251	0.073	0.567	0.008	0.020	1.761
11.399	0.258	0.085	0.542	1.52	0.96	-3.05	-24.46	30.01	7.02	44402	0.253	0.075	0.567	0.008	0.021	1.759
11.406	0.261	0.089	0.542	1.25	0.69	-2.98	-27.15	14.37	6.97	44405	0.255	0.077	0.567	0.009	0.021	1.757
11.415	0.262	0.089	0.542	0.96	0.62	-2.90	-30.73	-8.21	6.35	44416	0.257	0.079	0.566	0.009	0.022	1.755
11.430	0.258	0.078	0.542	0.75	0.83	-2.85	-32.15	-30.88	5.91	44434	0.259	0.079	0.566	0.009	0.022	1.754
11.440	0.260	0.081	0.540	0.40	1.19	-2.80	-29.71	-46.82	5.03	44837	0.260	0.079	0.566	0.009	0.022	1.752
11.450	0.265	0.083	0.540	0.10	1.66	-2.75	-25.77	-56.57	5.59	44884	0.262	0.080	0.565	0.009	0.022	1.750
11.456	0.263	0.087	0.540	-0.16	2.27	-2.69	-19.05	-63.50	6.38	44932	0.264	0.081	0.565	0.009	0.023	1.748
11.464	0.269	0.087	0.539	-0.34	2.87	-2.62	-11.34	-59.79	7.83	44928	0.266	0.082	0.564	0.009	0.023	1.746
11.480	0.271	0.086	0.538	-0.40	3.42	-2.53	-1.93	-45.69	7.54	44914	0.269	0.083	0.564	0.009	0.023	1.744
11.488	0.273	0.086	0.538	-0.40	3.78	-2.46	1.74	-18.19	7.01	45086	0.271	0.084	0.563	0.009	0.024	1.742
11.498	0.275	0.085	0.538	-0.37	3.85	-2.39	6.53	7.71	6.07	45078	0.273	0.084	0.562	0.009	0.024	1.740
11.507	0.275	0.083	0.538	-0.26	3.73	-2.34	17.13	16.65	3.98	45047	0.275	0.084	0.562	0.009	0.024	1.738
11.516	0.274	0.079	0.538	-0.01	3.58	-2.30	27.46	16.62	2.33	45041	0.277	0.084	0.562	0.009	0.023	1.737
11.527	0.280	0.090	0.538	0.18	3.36	-2.27	25.92	20.82	0.05	44864	0.279	0.085	0.561	0.009	0.023	1.735
11.540	0.283	0.089	0.538	0.42	3.12	-2.28	17.83	26.45	-1.49	44892	0.281	0.086	0.561	0.009	0.024	1.733
11.549	0.283	0.088	0.538	0.58	2.82	-2.29	8.08	37.91	0.83	44913	0.284	0.087	0.561	0.009	0.024	1.731
11.560	0.282	0.088	0.538	0.63	2.41	-2.26	-0.50	52.29	3.71	44908	0.285	0.087	0.561	0.009	0.024	1.730
11.565	0.283	0.089	0.537	0.61	1.85	-2.21	-3.32	61.69	6.77	44940	0.287	0.088	0.560	0.009	0.024	1.728
11.573	0.285	0.089	0.537	0.58	1.20	-2.13	-2.52	66.12	5.38	44947	0.288	0.088	0.560	0.008	0.024	1.726
11.589	0.286	0.088	0.537	0.60	0.55	-2.09	9.22	59.03	1.82	44961	0.290	0.088	0.560	0.008	0.024	1.724
11.598	0.283	0.085	0.537	0.77	0.01	-2.07	27.03	49.75	-1.17	45017	0.291	0.088	0.559	0.008	0.024	1.723
11.609	0.281	0.077	0.537	1.16	-0.44	-2.09	35.62	47.33	-1.80	45116	0.291	0.087	0.559	0.007	0.023	1.721
11.617	0.287	0.093	0.536	1.36	-0.98	-2.08	28.49	49.16	-0.06	45200	0.292	0.088	0.559	0.007	0.023	1.719
11.624	0.287	0.090	0.536	1.68	-1.43	-2.07	31.42	35.29	0.56	45275	0.293	0.089	0.558	0.006	0.023	1.718
11.639	0.297	0.104	0.536	1.87	-1.79	-2.04	29.06	11.13	0.48	45316	0.295	0.091	0.558	0.006	0.024	1.716
11.651	0.294	0.101	0.535	2.16	-1.75	-2.04	16.59	-24.74	0.48	45354	0.297	0.092	0.558	0.006	0.025	1.714
11.656	0.291	0.101	0.534	2.27	-1.35	-2.04	1.02	-54.87	2.35	45546	0.298	0.094	0.557	0.006	0.026	1.712
11.664	0.290	0.102	0.534	2.23	-0.74	-2.04	-10.00	-64.66	2.00	45525	0.299	0.095	0.557	0.005	0.026	1.711
11.673	0.295	0.104	0.533	2.07	-0.14	-2.05	-24.43	-64.14	0.70	45470	0.300	0.096	0.556	0.005	0.027	1.709
11.689	0.300	0.109	0.533	1.74	0.50	-2.06	-35.19	-75.73	3.27	45398	0.302	0.098	0.556	0.005	0.027	1.707
11.701	0.286	0.096	0.533	1.48	1.41	-2.04	-41.84	-82.39	7.35	45340	0.302	0.098	0.556	0.003	0.027	1.705
11.711	0.293	0.103	0.533	0.99	2.18	-1.97	-41.33	-81.40	9.25	45289	0.303	0.099	0.555	0.003	0.028	1.704
11.717	0.293	0.107	0.532	0.58	2.97	-1.88	-27.72	-68.54	10.38	45241	0.304	0.100	0.555	0.002	0.028	1.702
11.728	0.296	0.112	0.532	0.31	3.56	-1.78	-13.47	-45.64	9.52	45248	0.305	0.102	0.555	0.001	0.029	1.700
11.739	0.297	0.112	0.532	0.22	3.90	-1.69	-1.13	-8.68	8.53	45311	0.306	0.103	0.554	0.001	0.029	1.699
11.750	0.300	0.112	0.531	0.22	3.89	-1.61	5.29	15.17	8.22	45465	0.307	0.104	0.554	0.000	0.030	1.697
11.758	0.301	0.110	0.531	0.32	3.68	-1.53	14.42	28.93	8.23	45413	0.308	0.105	0.553	-0.001	0.030	1.695
11.770	0.302	0.107	0.531	0.51	3.36	-1.45	22.00	34.80	7.63	45364	0.310	0.106	0.553	-0.001	0.030	1.693
11.774	0.305	0.101	0.530	0.78	2.98	-1.38	21.92	34.33	6.93	45343	0.311	0.105	0.553	-0.002	0.030	1.692
11.789	0.315	0.122	0.530	0.80	2.56	-1.29	14.10	33.20	5.92	45364	0.313	0.108	0.552	-0.001	0.031	1.690
11.799	0.315	0.122	0.530	0.91	2.25	-1.23	7.91	27.48	6.04	45363	0.316	0.110	0.552	-0.002	0.032	1.688
11.809	0.316	0.122	0.530	0.98	1.99	-1.16	4.87	22.03	6.88	45380	0.318	0.111	0.552	-0.002	0.033	1.687
11.817	0.316	0.122	0.529	1.01	1.78	-1.08	-1.71	16.63	7.76	45412	0.320	0.113	0.551	-0.002	0.033	1.685
11.828	0.319	0.124	0.530	0.95	1.62	-1.00	-8.42	12.66	8.76	45420	0.322	0.114	0.551	-0.002	0.034	1.683
11.839	0.319	0.124	0.530	0.86	1.51	-0.91	-6.31	8.29	8.60	45284	0.323	0.116	0.551	-0.002	0.035	1.682
11.850	0.321	0.125	0.530	0.79	1.41	-0.82	-6.34	7.42	9.54	45255	0.325	0.117	0.551	-0.003	0.035	1.680
11.859	0.322	0.127	0.529	0.72	1.33	-0.72	-2.35	5.87	9.75	45236	0.327	0.119	0.551	-0.003	0.036	1.679
11.870	0.322	0.126	0.529	0.73	1.30	-0.62	1.69	0.72	11.08	45226	0.328	0.120	0.550	-0.003	0.036	1.677
11.879	0.322	0.126	0.529	0.76	1.30	-0.51	4.79	-4.53	11.21	45150	0.330	0.121	0.550	-0.004	0.037	1.675
11.891	0.322	0.126	0.529	0.80	1.37	-0.40	5.85	-9.76	12.02	45123	0.331	0.122	0.550	-0.005	0.037	1.674
11.899	0.323	0.126	0.529	0.85	1.49	-0.28	5.06	-15.73	13.05	45108	0.332	0.123	0.550	-0.005	0.037	1.672
11.909	0.323	0.126	0.529	0.91	1.65	-0.15	5.19	-17.85	13.65	45098	0.333	0.123	0.550	-0.006	0.037	1.671
11.918	0.323	0.126	0.529	0.96	1.84	-0.01	6.00	-19.80	14.61	45084	0.334	0.124	0.550	-0.007	0.038	1.669
11.929	0.322	0.124	0.529	1.03	2.07	0.13	5.21	-24.13	14.20	45161	0.335	0.124	0.549	-0.008	0.038	1.668
11.940	0.321	0.123	0.528	1.09	2.33	0.27	4.74	-25.75	13.80	45178	0.335	0.124	0.549	-0.009	0.038	1.666
11.949	0.323	0.122	0.528	1.14	2.56	0.40	4.39	-21.38	13.57	45203	0.336	0.124	0.549	-0.010	0.037	1.664
11.962	0.323	0.123	0.528	1.17	2.74	0.53	2.97	-11.23	12.84	45224	0.337	0.124	0.549	-0.011	0.037	1.663
11.969	0.329	0.122	0.528	1.19	2.78	0.65	0.96	-0.29	11.57	45238	0.338	0.124	0.549	-0.011	0.037	1.661
11.979	0.329	0.122	0.528	1.19	2.75	0.76	-2.92	10.18	9.71	45225	0.339	0.124	0.548	-0.012	0.037	1.660
11.985	0.329	0.122	0.528	1.13	2.62	0.86	-8.96	17.44	8.03	45224	0.341	0.124	0.548	-0.013	0.037	1.658
12.000	0.333	0.124	0.528	1.00	2.40	0.94	-14.66	21.29	7.18	45225	0.342	0.124	0.548	-0.014	0.037	1.657
12.008	0.336	0.127	0.529	0.81	2.14	1.01	-18.37	24.41	6.91	45069	0.343	0.125	0.548	-0.014	0.037	1.655
12.018	0.330	0.116	0.528	0.72	1.96	1.07	-19.93	22.87	6.16	45060	0.344	0.124	0.548	-0.015	0.036	1.654
12.024	0.333	0.118	0.528	0.50	1.71	1.13	-19.07	19.23	5.54	45049	0.345	0.123	0.548	-0.016	0.036	1.652
12.038	0.329	0.099	0.528	0.48	1.56	1.17	-16.18	15.16	4.85	45039	0.345	0.120	0.548	-0.017	0.035	1.651
12.050	0.330	0.102	0.529	0.30	1.41	1.22	-14.66	11.46	4.41	45033	0.346	0.118	0.548	-0.018	0.033	1.649
12.061	0.332	0.107	0.529	0.11	1.30	1.27	-12.86	7.09	3.70	44967	0.346	0.117	0.548	-0.019	0.033	1.648
12.068	0.332	0.106	0.529	-0.02	1.24	1.30	-12.47	3.75	2.99	44946	0.347	0.115	0.548	-0.020	0.032	1.646
12.076	0.329	0.086	0.529	0.03	1.23	1.30	-12.44	3.38	2.83	44950	0.347	0.112	0.548	-0.021	0.030	1.645
12.086	0.329	0.085	0.529	-0.09	1.19	1.33	-12.06	4.47	2.09	44951	0.347	0.109	0.548	-0.023	0.029	1.644
12.099	0.329	0.085	0.527	-0.21	1.14	1.35	-11.77	6.90	2.04	45260	0.347	0.106	0.547	-0.024	0.027	1.642
12.109	0.330	0.087	0.527	-0.36	1.04	1.37	-12.77	11.03	2.86	45259	0.347	0.103	0.547	-0.025	0.026	1.641
12.116	0.329	0.087	0.527	-0.49	0.92	1.40	-12.10	12.05	3.75	45252	0.347	0.101	0.546	-0.027	0.025	1.639
12.128	0.326	0.067	0.526	-0.44	0.83	1.42	-10.12	10.64	4.50	45234	0.346	0.097	0.546	-0.028	0.023	1.638
12.139	0.327	0.069	0.526	-0.56	0.72	1.47	-9.22	7.81	5.25	45217	0.346	0.093	0.546	-0.029	0.021	1.636
12.149	0.328	0.072	0.526	-0.69	0.64	1.52	-9.59	5.45	4.20	45251	0.346	0.090	0.546	-0.031	0.020	1.635
12.159	0.327	0.071	0.526	-0.78	0.59	1.56	-9.33	2.66	3.40	45237	0.346	0.088	0.545	-0.032	0.018	1.633
12.167	0.324	0.060	0.526	-0.80	0.60	1.59	-10.44	0.29	3.10	45233	0.345	0.084	0.545	-0.034	0.017	1.632
12.176	0.296	0.052	0.525	-0.85	0.84	1.61	-10.55	-0.09	2.43	45277	0.341	0.080	0.545	-0.037	0.015	1.630
12.186	0.295	0.051	0.525	-0.96	0.84	1.64	-14.53	0.58	1.19	45337	0.337	0.076	0.545	-0.040	0.013	1.629
12.198	0.296	0.053	0.525	-1.14	0.80	1.65	-16.12	3.21	0.32	45339	0.334	0.073	0.544	-0.043	0.011	1.627
12.209	0.299	0.057	0.525	-1.35	0.73	1.65	-17.09	6.33	-0.47	45365	0.332	0.071	0.544	-0.045	0.010	1.626
12.219	0.295	0.048	0.525	-1.45	0.68	1.63	-18.30	8.84	-0.39	45401	0.329	0.067	0.544	-0.047	0.009	1.624
12.225	0.294	0.040	0.527	-1.58	0.59	1.62	-17.57	11.94	-0.62	44993	0.327	0.064	0.544	-0.050	0.007	1.623
12.235	0.295	0.043	0.527	-1.80	0.43	1.61	-17.73	16.09	-0.60	44983	0.324	0.061	0.544	-0.052	0.006	1.622
12.249	0.296	0.045	0.527	-1.99	0.24	1.60	-16.64	18.73	-0.64	44986	0.322	0.058	0.545	-0.054	0.005	1.620
12.262	0.293	0.028	0.527	-2.01	0.06	1.57	-14.42	21.50	-0.76	45003	0.320	0.054	0.545	-0.056	0.003	1.619
12.270	0.296	0.032	0.527	-2.19	-0.19	1.56	-11.90	22.26	-1.38	44985	0.319	0.051	0.545	-0.057	0.002	1.618
12.276	0.295	0.034	0.527	-2.33	-0.42	1.54	-9.01	22.72	-1.40	44986	0.317	0.049	0.545	-0.059	0.001	1.616
12.286	0.293	0.035	0.527	-2.43	-0.63	1.52	-6.87	20.81	-1.06	44985	0.316	0.047	0.545	-0.061	-0.000	1.615
12.300	0.292	0.034	0.527	-2.49	-0.83	1.50	-5.14	18.55	-1.18	44980	0.314	0.045	0.545	-0.062	-0.001	1.614
12.316	0.294	0.036	0.527	-2.56	-1.02	1.48	-2.83	15.42	-1.15	44967	0.313	0.043	0.545	-0.064	-0.001	1.612
12.316	0.292	0.026	0.528	-2.50	-1.16	1.45	-1.58	12.98	-1.14	44897	0.312	0.041	0.545	-0.065	-0.002	1.611
12.325	0.291	0.026	0.528	-2.53	-1.28	1.44	-0.54	10.70	-0.60	44880	0.310	0.039	0.545	-0.066	-0.003	1.610
12.333	0.290	0.026	0.528	-2.54	-1.37	1.43	0.23	7.56	-0.60	44845	0.309	0.037	0.545	-0.068	-0.004	1.609
12.349	0.298	0.038	0.528	-2.65	-1.51	1.43	0.19	3.85	-0.18	44807	0.309	0.037	0.545	-0.068	-0.004	1.607
12.359	0.298	0.037	0.527	-2.64	-1.56	1.43	0.82	1.40	-0.05	44787	0.308	0.036	0.544	-0.069	-0.004	1.606
12.370	0.299	0.039	0.527	-2.64	-1.58	1.43	3.49	-1.10	0.51	44886	0.308	0.037	0.544	-0.070	-0.004	1.605
12.375	0.288	0.036	0.527	-2.57	-1.46	1.44	6.86	-4.82	0.82	44853	0.307	0.036	0.544	-0.071	-0.004	1.603
12.386	0.287	0.036	0.527	-2.49	-1.40	1.45	10.30	-8.56	1.25	44833	0.305	0.036	0.544	-0.072	-0.004	1.602
12.397	0.286	0.035	0.527	-2.38	-1.30	1.47	13.03	-11.34	1.40	44823	0.304	0.036	0.544	-0.074	-0.004	1.601
12.409	0.285	0.031	0.528	-2.21	-1.18	1.48	15.64	-11.88	0.79	44749	0.302	0.035	0.544	-0.075	-0.004	1.600
12.420	0.284	0.029	0.528	-2.04	-1.05	1.49	15.62	-12.77	1.11	44731	0.301	0.034	0.544	-0.076	-0.004	1.598
12.428	0.288	0.044	0.528	-2.02	-0.97	1.52	15.51	-11.82	0.91	44739	0.300	0.035	0.544	-0.077	-0.004	1.597
12.437	0.287	0.042	0.528	-1.85	-0.86	1.53	14.52	-8.59	0.97	44740	0.299	0.036	0.544	-0.078	-0.003	1.596
12.447	0.286	0.042	0.527	-1.70	-0.78	1.54	14.39	-5.83	1.04	44863	0.298	0.037	0.544	-0.079	-0.003	1.595
12.459	0.285	0.048	0.527	-1.62	-0.74	1.55	13.78	-2.70	0.62	44882	0.297	0.038	0.544	-0.080	-0.002	1.593
12.468	0.287	0.054	0.527	-1.53	-0.74	1.56	13.20	0.15	0.42	44918	0.297	0.040	0.543	-0.080	-0.001	1.592
12.476	0.287	0.054	0.527	-1.40	-0.75	1.57	12.64	1.95	0.20	44929	0.296	0.042	0.543	-0.081	-0.000	1.591
12.489	0.290	0.066	0.527	-1.37	-0.81	1.57	11.90	2.52	0.06	44933	0.296	0.045	0.543	-0.082	0.001	1.590
12.501	0.290	0.063	0.527	-1.22	-0.84	1.57	11.28	2.98	-0.29	44967	0.296	0.048	0.543	-0.082	0.002	1.589
12.509	0.290	0.063	0.527	-1.09	-0.87	1.57	13.27	3.16	-0.19	44987	0.295	0.050	0.543	-0.082	0.003	1.587
12.519	0.292	0.077	0.527	-1.07	-0.92	1.56	13.13	1.84	-0.47	44996	0.295	0.053	0.543	-0.082	0.005	1.586
12.531	0.293	0.074	0.527	-0.90	-0.94	1.56	15.65	-0.09	-0.08	45006	0.296	0.056	0.543	-0.083	0.006	1.585
12.537	0.291	0.073	0.528	-0.73	-0.93	1.56	15.48	-1.89	-0.36	44857	0.295	0.059	0.543	-0.083	0.007	1.584
12.551	0.292	0.079	0.528	-0.62	-0.91	1.55	16.37	-3.76	-0.88	44863	0.295	0.062	0.543	-0.083	0.008	1.583
12.559	0.291	0.082	0.528	-0.47	-0.87	1.54	16.34	-5.42	-0.75	44870	0.295	0.065	0.543	-0.084	0.009	1.582
12.569	0.291	0.083	0.528	-0.31	-0.81	1.54	17.00	-8.02	-0.86	44876	0.295	0.067	0.542	-0.084	0.011	1.581
12.581	0.294	0.100	0.527	-0.28	-0.76	1.52	16.87	-8.78	-1.21	44886	0.295	0.072	0.542	-0.084	0.013	1.579
12.589	0.294	0.098	0.527	-0.08	-0.66	1.51	16.00	-8.86	-1.87	44972	0.295	0.076	0.542	-0.084	0.014	1.578
12.600	0.292	0.095	0.527	0.12	-0.56	1.49	17.58	-8.48	-2.01	44980	0.295	0.079	0.542	-0.084	0.015	1.577
12.609	0.291	0.102	0.527	0.24	-0.48	1.47	16.64	-7.24	-2.25	44988	0.295	0.082	0.542	-0.085	0.017	1.576
12.621	0.291	0.105	0.526	0.39	-0.41	1.45	18.17	-6.21	-2.02	45010	0.295	0.086	0.542	-0.085	0.018	1.575
12.629	0.291	0.106	0.526	0.57	-0.35	1.42	17.44	-5.12	-1.92	45203	0.295	0.089	0.542	-0.085	0.019	1.574
12.638	0.291	0.121	0.526	0.62	-0.31	1.40	17.81	-4.24	-1.64	45216	0.294	0.094	0.541	-0.085	0.021	1.573
12.650	0.291	0.119	0.526	0.84	-0.28	1.39	17.66	-2.79	-1.12	45238	0.294	0.097	0.541	-0.086	0.023	1.571
12.660	0.290	0.113	0.526	1.08	-0.24	1.37	17.70	-2.29	-1.46	45254	0.294	0.100	0.541	-0.086	0.024	1.570
12.671	0.295	0.130	0.527	1.13	-0.27	1.36	18.49	-1.37	-1.38	45121	0.294	0.105	0.541	-0.086	0.026	1.569
12.681	0.295	0.131	0.527	1.31	-0.25	1.34	20.01	-2.37	-1.29	45133	0.295	0.109	0.541	-0.086	0.027	1.568
12.692	0.294	0.129	0.526	1.54	-0.22	1.33	19.03	-2.97	-1.77	45144	0.295	0.112	0.541	-0.086	0.029	1.567
12.700	0.297	0.142	0.526	1.63	-0.22	1.31	17.14	-2.42	-1.48	45156	0.295	0.117	0.541	-0.086	0.030	1.566
12.705	0.295	0.139	0.527	1.84	-0.18	1.29	17.01	-3.00	-1.19	45179	0.295	0.120	0.541	-0.086	0.032	1.565
12.719	0.295	0.140	0.527	2.01	-0.14	1.28	16.54	-4.09	-0.78	45066	0.295	0.124	0.541	-0.086	0.033	1.564
12.729	0.294	0.143	0.527	2.16	-0.10	1.27	15.31	-3.95	-0.68	45073	0.295	0.127	0.541	-0.086	0.034	1.563
12.738	0.294	0.149	0.527	2.28	-0.06	1.26	13.38	-2.96	-0.17	45085	0.295	0.131	0.540	-0.086	0.035	1.562
12.751	0.294	0.150	0.527	2.41	-0.03	1.26	11.03	-2.58	-0.20	45101	0.295	0.134	0.540	-0.086	0.037	1.561
12.756	0.294	0.148	0.528	2.54	-0.00	1.26	10.10	-2.67	0.50	44784	0.295	0.137	0.541	-0.086	0.037	1.560
12.769	0.293	0.155	0.528	2.59	0.02	1.26	8.73	-1.47	0.22	44766	0.295	0.140	0.541	-0.086	0.039	1.559
12.778	0.294	0.162	0.528	2.63	0.03	1.26	8.02	-1.71	-0.06	44768	0.295	0.144	0.541	-0.086	0.040	1.558
12.790	0.294	0.164	0.528	2.71	0.04	1.26	7.29	-0.61	0.19	44788	0.295	0.147	0.541	-0.086	0.041	1.557
12.797	0.294	0.162	0.528	2.81	0.04	1.26	5.83	-0.32	-0.04	44790	0.295	0.150	0.541	-0.086	0.042	1.556
12.811	0.294	0.163	0.528	2.86	0.05	1.26	4.84	-0.80	0.26	44817	0.295	0.152	0.541	-0.086	0.043	1.555
12.819	0.294	0.162	0.528	2.93	0.06	1.26	4.10	-1.84	0.28	44819	0.295	0.154	0.541	-0.086	0.043	1.554
12.828	0.294	0.163	0.528	2.98	0.08	1.26	4.22	-2.91	0.34	44829	0.295	0.156	0.541	-0.086	0.044	1.553
12.839	0.293	0.160	0.528	3.05	0.13	1.27	3.48	-2.01	-0.31	44845	0.295	0.158	0.541	-0.087	0.044	1.552
12.847	0.293	0.161	0.528	3.08	0.15	1.26	1.61	-2.27	-0.02	44862	0.294	0.159	0.541	-0.087	0.044	1.551
12.857	0.293	0.162	0.528	3.09	0.17	1.26	0.61	-0.13	-0.04	44865	0.294	0.160	0.541	-0.087	0.044	1.550
12.869	0.295	0.172	0.528	3.01	0.15	1.25	-0.83	0.46	-0.03	44878	0.294	0.162	0.541	-0.087	0.045	1.549
12.880	0.293	0.164	0.528	3.08	0.16	1.26	-3.15	1.65	-0.18	44894	0.294	0.163	0.541	-0.087	0.045	1.548
12.891	0.294	0.163	0.528	3.05	0.13	1.26	-4.01	2.30	-0.02	44892	0.294	0.164	0.541	-0.087	0.045	1.547
12.901	0.291	0.163	0.528	3.01	0.14	1.26	-5.80	2.29	0.13	44900	0.294	0.164	0.540	-0.087	0.045	1.546
12.905	0.291	0.166	0.528	2.93	0.12	1.26	-6.23	0.52	0.13	44926	0.293	0.165	0.540	-0.087	0.045	1.545
12.918	0.291	0.168	0.528	2.86	0.12	1.26	-7.13	0.07	0.49	44937	0.293	0.166	0.540	-0.087	0.045	1.544
12.930	0.291	0.169	0.527	2.79	0.12	1.27	-6.85	-0.26	-0.03	44937	0.293	0.167	0.540	-0.087	0.045	1.543
12.939	0.290	0.169	0.527	2.72	0.13	1.26	-7.19	-0.64	-0.65	45015	0.292	0.168	0.540	-0.088	0.046	1.543
12.947	0.290	0.173	0.527	2.63	0.14	1.26	-7.14	-0.37	-0.73	45046	0.292	0.169	0.540	-0.088	0.046	1.542
12.960	0.289	0.174	0.527	2.55	0.14	1.25	-7.26	-1.26	-0.38	45069	0.292	0.170	0.540	-0.088	0.046	1.541
12.970	0.288	0.175	0.527	2.47	0.17	1.25	-7.34	-1.16	0.13	45103	0.291	0.171	0.539	-0.088	0.046	1.540
12.976	0.288	0.176	0.527	2.40	0.18	1.25	-8.20	-0.27	-0.12	45057	0.291	0.172	0.539	-0.088	0.047	1.539
12.991	0.288	0.175	0.527	2.32	0.17	1.25	-9.05	1.04	0.21	45071	0.290	0.173	0.539	-0.089	0.047	1.538
12.997	0.283	0.158	0.527	2.38	0.21	1.27	-9.09	2.28	0.37	45087	0.289	0.171	0.539	-0.089	0.046	1.537
13.008	0.282	0.158	0.527	2.29	0.18	1.27	-7.99	3.21	0.78	45106	0.288	0.170	0.539	-0.089	0.045	1.536
13.012	0.284	0.161	0.526	2.18	0.13	1.28	-7.71	3.94	1.03	45122	0.288	0.169	0.539	-0.090	0.044	1.535
13.031	0.286	0.165	0.526	2.07	0.07	1.29	-9.35	4.72	1.13	45193	0.287	0.169	0.539	-0.090	0.044	1.534
13.039	0.289	0.167	0.526	1.95	-0.01	1.30	-11.71	5.21	0.45	45181	0.287	0.169	0.538	-0.090	0.044	1.533
13.050	0.280	0.148	0.526	2.00	0.02	1.32	-12.53	4.65	0.52	45191	0.286	0.166	0.538	-0.090	0.043	1.532
13.060	0.280	0.150	0.526	1.85	-0.04	1.33	-14.04	4.55	0.50	45221	0.285	0.165	0.538	-0.091	0.042	1.531
13.067	0.278	0.146	0.525	1.74	-0.07	1.34	-14.87	4.21	0.41	45292	0.284	0.162	0.538	-0.091	0.040	1.531
13.080	0.279	0.145	0.525	1.58	-0.10	1.34	-16.00	2.73	-0.19	45295	0.283	0.160	0.537	-0.091	0.039	1.530
13.090	0.277	0.140	0.525	1.46	-0.11	1.34	-18.01	2.28	-0.96	45307	0.282	0.158	0.537	-0.092	0.038	1.529
13.100	0.276	0.139	0.525	1.27	-0.14	1.33	-19.86	2.18	-0.61	45314	0.281	0.155	0.537	-0.092	0.037	1.528
13.109	0.274	0.124	0.525	1.19	-0.14	1.34	-19.25	2.23	-0.51	45299	0.280	0.151	0.537	-0.092	0.035	1.527
13.117	0.275	0.129	0.525	0.95	-0.17	1.32	-21.03	1.85	-1.02	45312	0.279	0.148	0.537	-0.093	0.033	1.526
13.126	0.275	0.121	0.524	0.79	-0.20	1.32	-20.40	3.04	-0.66	45320	0.278	0.145	0.536	-0.093	0.032	1.525
13.137	0.271	0.112	0.524	0.65	-0.20	1.32	-21.22	3.56	-0.47	45342	0.277	0.140	0.536	-0.093	0.030	1.524
13.150	0.271	0.118	0.523	0.38	-0.24	1.31	-20.08	4.77	-0.51	45355	0.276	0.137	0.536	-0.094	0.028	1.523
13.157	0.272	0.112	0.523	0.22	-0.30	1.31	-19.47	5.47	0.06	45531	0.275	0.134	0.536	-0.094	0.027	1.522
13.168	0.269	0.105	0.523	0.07	-0.33	1.32	-19.31	4.72	-0.08	45536	0.274	0.130	0.535	-0.094	0.025	1.521
13.176	0.269	0.104	0.523	-0.14	-0.38	1.32	-22.31	6.05	-0.10	45532	0.273	0.126	0.535	-0.095	0.023	1.520
13.188	0.264	0.090	0.522	-0.25	-0.40	1.33	-22.00	7.77	0.24	45525	0.271	0.121	0.535	-0.095	0.021	1.519
13.199	0.263	0.089	0.521	-0.48	-0.47	1.33	-21.60	5.88	-0.09	45737	0.270	0.117	0.534	-0.096	0.019	1.518
13.209	0.262	0.083	0.521	-0.65	-0.52	1.33	-20.62	6.24	-0.15	45748	0.268	0.112	0.534	-0.096	0.017	1.517
13.217	0.260	0.076	0.521	-0.82	-0.58	1.33	-22.59	6.20	-0.55	45741	0.267	0.107	0.534	-0.097	0.015	1.516
13.226	0.261	0.081	0.520	-1.09	-0.64	1.32	-20.70	6.05	-0.94	45737	0.265	0.103	0.533	-0.097	0.013	1.515
13.240	0.260	0.080	0.521	-1.30	-0.70	1.31	-21.29	6.56	-1.07	45733	0.264	0.100	0.533	-0.097	0.012	1.514
13.248	0.256	0.065	0.521	-1.40	-0.73	1.30	-21.80	5.75	-1.78	45601	0.263	0.095	0.533	-0.098	0.009	1.514
13.263	0.257	0.068	0.520	-1.67	-0.80	1.28	-20.85	5.51	-1.92	45601	0.261	0.091	0.533	-0.098	0.008	1.513
13.305	0.258	0.074	0.520	-1.93	-0.87	1.25	-17.90	4.83	-1.79	45585	0.260	0.088	0.533	-0.098	0.007	1.512
13.319	0.254	0.065	0.521	-2.04	-0.88	1.24	-16.32	3.71	-1.82	45580	0.259	0.085	0.533	-0.099	0.005	1.511
13.332	0.252	0.058	0.521	-2.15	-0.90	1.23	-15.79	2.92	-1.63	45425	0.257	0.081	0.533	-0.099	0.004	1.510
13.355	0.252	0.057	0.521	-2.31	-0.93	1.21	-14.85	1.74	-1.38	45417	0.256	0.077	0.532	-0.099	0.002	1.509
13.370	0.252	0.062	0.521	-2.50	-0.95	1.19	-12.64	2.33	-1.21	45398	0.255	0.074	0.532	-0.099	0.001	1.508
13.375	0.251	0.061	0.521	-2.63	-0.97	1.17	-11.30	2.60	-1.31	45396	0.253	0.072	0.532	-0.100	0.001	1.507
13.380	0.251	0.059	0.519	-2.73	-1.00	1.16	-10.02	2.81	-1.27	45752	0.252	0.070	0.532	-0.100	-0.000	1.506
13.385	0.250	0.060	0.518	-2.85	-1.02	1.14	-8.16	2.93	-1.18	45737	0.251	0.068	0.532	-0.100	-0.001	1.505
13.387	0.249	0.053	0.518	-2.87	-1.04	1.14	-5.87	3.06	-1.22	45730	0.250	0.065	0.531	-0.100	-0.002	1.504
13.398	0.248	0.054	0.518	-2.95	-1.07	1.12	-4.71	2.16	-1.40	45729	0.249	0.063	0.531	-0.100	-0.002	1.503
13.401	0.247	0.054	0.517	-3.01	-1.08	1.10	-2.99	1.43	-1.43	45716	0.248	0.062	0.531	-0.100	-0.003	1.502
13.406	0.249	0.055	0.517	-3.05	-1.11	1.09	-1.85	0.29	-1.69	45851	0.247	0.060	0.530	-0.100	-0.003	1.501
13.409	0.247	0.055	0.517	-3.07	-1.10	1.07	-0.25	-0.75	-1.60	45845	0.246	0.059	0.530	-0.100	-0.003	1.500
13.416	0.247	0.054	0.516	-3.07	-1.09	1.05	2.05	-1.17	-1.94	45844	0.245	0.058	0.530	-0.100	-0.004	1.499
13.420	0.247	0.053	0.516	-3.04	-1.07	1.03	3.80	-2.64	-2.09	45831	0.244	0.057	0.529	-0.099	-0.004	1.498
13.421	0.245	0.053	0.517	-3.00	-1.03	1.01	5.85	-3.23	-2.10	45673	0.243	0.056	0.529	-0.099	-0.004	1.497
13.430	0.243	0.051	0.517	-2.93	-0.98	0.99	6.99	-3.88	-2.30	45657	0.242	0.055	0.529	-0.099	-0.004	1.496
13.438	0.243	0.050	0.517	-2.85	-0.95	0.97	8.63	-3.41	-2.55	45647	0.241	0.054	0.529	-0.099	-0.005	1.495
13.450	0.243	0.048	0.517	-2.75	-0.91	0.95	9.52	-3.28	-2.78	45628	0.241	0.053	0.529	-0.099	-0.005	1.494
13.459	0.241	0.047	0.516	-2.66	-0.87	0.92	8.93	-1.60	-3.08	45603	0.240	0.052	0.529	-0.099	-0.005	1.493
13.467	0.241	0.046	0.516	-2.56	-0.85	0.89	8.96	-1.54	-2.67	45639	0.239	0.051	0.529	-0.099	-0.006	1.492
13.476	0.241	0.052	0.516	-2.53	-0.84	0.86	7.95	-0.28	-2.74	45633	0.238	0.051	0.529	-0.098	-0.006	1.491
13.489	0.246	0.065	0.516	-2.56	-0.89	0.82	8.17	0.87	-2.52	45620	0.238	0.052	0.529	-0.098	-0.005	1.490
13.500	0.246	0.065	0.517	-2.48	-0.90	0.80	7.45	1.82	-2.56	45610	0.238	0.054	0.529	-0.097	-0.004	1.490
13.509	0.245	0.062	0.517	-2.39	-0.91	0.77	7.61	1.66	-2.79	45362	0.237	0.054	0.529	-0.097	-0.003	1.489
13.516	0.244	0.059	0.517	-2.28	-0.91	0.74	8.94	0.53	-2.83	45346	0.237	0.055	0.529	-0.096	-0.003	1.488
13.527	0.250	0.083	0.517	-2.39	-0.97	0.70	11.26	-1.51	-2.89	45328	0.237	0.058	0.529	-0.095	-0.001	1.487
13.539	0.250	0.083	0.517	-2.27	-0.95	0.67	13.20	-2.80	-3.10	45324	0.238	0.061	0.529	-0.094	0.000	1.486
13.550	0.247	0.080	0.518	-2.09	-0.88	0.64	15.78	-4.65	-3.37	45096	0.238	0.064	0.529	-0.094	0.001	1.485
13.559	0.250	0.093	0.519	-2.03	-0.85	0.60	18.69	-7.17	-3.41	45071	0.238	0.068	0.530	-0.093	0.003	1.484
13.568	0.249	0.094	0.519	-1.84	-0.77	0.56	21.27	-8.74	-3.50	45061	0.238	0.071	0.530	-0.092	0.005	1.484
13.577	0.249	0.095	0.519	-1.62	-0.68	0.53	22.32	-9.24	-3.62	45050	0.239	0.074	0.530	-0.091	0.006	1.483
13.589	0.252	0.111	0.519	-1.52	-0.60	0.48	24.82	-9.44	-3.95	45032	0.239	0.079	0.530	-0.090	0.009	1.482
13.601	0.251	0.106	0.519	-1.23	-0.51	0.45	24.50	-7.88	-3.78	44928	0.239	0.083	0.530	-0.089	0.010	1.481
13.610	0.249	0.113	0.520	-1.02	-0.41	0.40	24.77	-6.53	-4.04	44902	0.239	0.087	0.530	-0.089	0.012	1.480
13.618	0.250	0.119	0.520	-0.82	-0.36	0.36	24.55	-3.62	-3.63	44892	0.240	0.091	0.531	-0.088	0.014	1.479
13.629	0.248	0.111	0.520	-0.50	-0.31	0.33	24.38	-2.51	-3.44	44892	0.239	0.094	0.531	-0.087	0.015	1.479
13.639	0.252	0.122	0.520	-0.35	-0.32	0.29	23.43	-0.91	-3.06	44860	0.240	0.098	0.531	-0.087	0.017	1.478
13.650	0.251	0.125	0.520	-0.12	-0.31	0.25	22.43	0.75	-3.67	44843	0.240	0.102	0.531	-0.086	0.019	1.477
13.659	0.251	0.126	0.520	0.10	-0.32	0.22	22.46	1.75	-3.60	44831	0.240	0.106	0.531	-0.085	0.020	1.476
13.669	0.252	0.139	0.520	0.22	-0.35	0.17	21.19	1.52	-4.11	44835	0.241	0.111	0.531	-0.084	0.022	1.475
13.679	0.252	0.141	0.521	0.43	-0.36	0.13	19.31	0.49	-3.99	44854	0.241	0.115	0.531	-0.083	0.024	1.475
13.690	0.255	0.160	0.521	0.48	-0.39	0.08	19.18	1.00	-4.29	44725	0.241	0.122	0.531	-0.082	0.027	1.474
13.699	0.255	0.161	0.521	0.67	-0.40	0.03	18.02	0.02	-4.22	44740	0.242	0.127	0.532	-0.082	0.029	1.473
13.710	0.255	0.167	0.522	0.82	-0.39	-0.01	18.66	-1.64	-3.89	44742	0.243	0.133	0.532	-0.081	0.031	1.472
13.717	0.257	0.174	0.520	0.96	-0.39	-0.05	19.49	-1.52	-3.64	44747	0.243	0.139	0.531	-0.080	0.034	1.471
13.727	0.254	0.168	0.520	1.22	-0.34	-0.09	20.42	-4.49	-3.58	45125	0.244	0.144	0.531	-0.079	0.036	1.471
13.735	0.254	0.167	0.520	1.46	-0.28	-0.12	22.83	-4.59	-3.47	45120	0.244	0.148	0.531	-0.078	0.037	1.470
13.750	0.255	0.182	0.520	1.58	-0.24	-0.16	23.92	-7.18	-3.29	45117	0.244	0.153	0.531	-0.077	0.039	1.469
13.758	0.254	0.176	0.520	1.89	-0.15	-0.19	26.24	-8.78	-2.72	45148	0.244	0.157	0.531	-0.077	0.041	1.468
13.766	0.257	0.195	0.520	2.01	-0.10	-0.23	25.97	-7.93	-2.03	45058	0.245	0.163	0.531	-0.076	0.043	1.467
13.778	0.256	0.191	0.520	2.31	-0.01	-0.25	24.47	-7.85	-2.27	45057	0.245	0.168	0.531	-0.075	0.045	1.467
13.790	0.257	0.197	0.520	2.52	0.07	-0.28	23.55	-7.83	-2.31	45056	0.246	0.172	0.531	-0.074	0.046	1.466
13.800	0.260	0.202	0.520	2.72	0.12	-0.31	22.24	-8.00	-2.77	45077	0.246	0.177	0.531	-0.073	0.048	1.465
13.810	0.260	0.204	0.521	2.93	0.19	-0.35	19.54	-7.03	-2.97	45097	0.247	0.182	0.531	-0.072	0.050	1.464
13.818	0.261	0.206	0.521	3.12	0.26	-0.38	16.05	-5.11	-2.80	44978	0.248	0.186	0.531	-0.071	0.051	1.464
13.830	0.262	0.221	0.521	3.16	0.29	-0.42	13.77	-2.97	-3.32	44969	0.249	0.192	0.531	-0.070	0.053	1.463
13.838	0.262	0.223	0.521	3.28	0.31	-0.45	11.17	-1.80	-3.00	44985	0.249	0.197	0.531	-0.069	0.055	1.462
13.849	0.262	0.221	0.521	3.42	0.33	-0.49	8.07	-0.95	-3.22	44991	0.250	0.201	0.531	-0.069	0.057	1.461
13.861	0.260	0.218	0.521	3.53	0.35	-0.51	6.41	0.51	-2.65	45014	0.250	0.204	0.531	-0.068	0.058	1.461
13.868	0.261	0.220	0.521	3.59	0.35	-0.54	4.98	0.32	-2.62	45017	0.251	0.207	0.531	-0.067	0.059	1.460
13.879	0.261	0.221	0.521	3.64	0.34	-0.56	4.49	0.98	-2.60	45022	0.251	0.210	0.531	-0.067	0.059	1.459
13.886	0.262	0.229	0.521	3.62	0.31	-0.60	1.39	1.96	-3.37	45035	0.252	0.214	0.531	-0.066	0.061	1.459
13.899	0.258	0.217	0.522	3.74	0.32	-0.62	1.25	3.04	-4.04	45043	0.252	0.215	0.531	-0.065	0.061	1.458
13.910	0.258	0.221	0.522	3.73	0.29	-0.66	1.77	0.58	-3.23	44975	0.252	0.217	0.531	-0.065	0.061	1.457
13.919	0.258	0.219	0.522	3.78	0.29	-0.69	0.87	0.45	-2.22	44970	0.252	0.218	0.531	-0.064	0.061	1.456
13.928	0.257	0.220	0.522	3.79	0.29	-0.70	0.69	0.49	-1.73	44965	0.251	0.220	0.531	-0.064	0.061	1.456
13.937	0.257	0.219	0.522	3.81	0.30	-0.72	-1.04	-1.15	-1.72	44971	0.251	0.221	0.531	-0.063	0.061	1.455
13.949	0.257	0.220	0.522	3.79	0.30	-0.73	-2.78	0.89	-1.65	44871	0.251	0.221	0.531	-0.063	0.061	1.455
13.957	0.257	0.221	0.522	3.76	0.29	-0.75	-3.97	0.43	-1.85	44865	0.251	0.222	0.531	-0.063	0.061	1.454
13.970	0.257	0.222	0.522	3.71	0.28	-0.77	-5.99	1.07	-1.90	44874	0.251	0.223	0.531	-0.062	0.061	1.453
13.977	0.256	0.222	0.522	3.64	0.29	-0.79	-9.19	1.33	-1.75	44891	0.251	0.224	0.531	-0.062	0.061	1.453
13.988	0.256	0.228	0.523	3.52	0.28	-0.81	-9.49	-0.59	-1.78	44787	0.251	0.225	0.531	-0.061	0.061	1.452
13.994	0.256	0.228	0.523	3.41	0.28	-0.82	-10.15	-0.09	-0.12	44785	0.251	0.226	0.531	-0.061	0.061	1.451
14.013	0.256	0.231	0.523	3.30	0.28	-0.82	-10.84	0.08	-0.44	44787	0.251	0.227	0.531	-0.061	0.061	1.451
14.019	0.256	0.231	0.523	3.18	0.28	-0.83	-10.97	-0.07	0.42	44797	0.251	0.228	0.531	-0.060	0.061	1.450
14.030	0.250	0.214	0.524	3.21	0.32	-0.82	-11.32	1.77	-0.19	44798	0.250	0.227	0.531	-0.060	0.060	1.450
14.035	0.251	0.214	0.524	3.10	0.30	-0.81	-11.68	0.66	0.40	44754	0.249	0.226	0.531	-0.060	0.060	1.449
14.051	0.252	0.217	0.524	2.96	0.29	-0.80	-11.91	-0.49	1.22	44768	0.249	0.226	0.531	-0.060	0.059	1.449
14.059	0.252	0.220	0.524	2.82	0.28	-0.79	-12.61	1.91	1.56	44786	0.248	0.225	0.531	-0.060	0.059	1.448
14.069	0.257	0.227	0.524	2.64	0.23	-0.78	-13.18	2.25	2.08	44806	0.249	0.226	0.531	-0.059	0.059	1.447
14.079	0.254	0.216	0.524	2.59	0.23	-0.76	-14.29	2.07	1.56	44806	0.249	0.225	0.531	-0.059	0.058	1.447
14.089	0.254	0.220	0.524	2.41	0.21	-0.74	-15.58	1.86	0.61	44829	0.249	0.225	0.531	-0.058	0.058	1.446
14.095	0.255	0.225	0.524	2.21	0.18	-0.74	-15.94	3.80	0.38	44869	0.249	0.225	0.531	-0.058	0.058	1.446
14.110	0.248	0.205	0.524	2.22	0.20	-0.71	-16.42	3.27	0.73	44881	0.248	0.223	0.531	-0.058	0.056	1.445
14.119	0.249	0.208	0.522	2.02	0.17	-0.71	-16.34	3.13	1.29	44910	0.247	0.221	0.531	-0.058	0.055	1.445
14.127	0.252	0.215	0.522	1.81	0.12	-0.70	-17.31	2.98	1.47	45227	0.247	0.221	0.531	-0.057	0.055	1.444
14.136	0.252	0.219	0.522	1.59	0.07	-0.69	-17.66	3.60	1.50	45266	0.247	0.221	0.530	-0.057	0.055	1.443
14.146	0.249	0.209	0.522	1.49	0.07	-0.67	-17.13	4.49	1.10	45302	0.246	0.219	0.530	-0.057	0.054	1.443
14.159	0.251	0.211	0.521	1.31	-0.00	-0.66	-15.19	5.61	1.31	45333	0.246	0.218	0.530	-0.056	0.054	1.442
14.170	0.247	0.198	0.521	1.25	-0.03	-0.64	-16.04	5.19	1.38	45423	0.246	0.216	0.529	-0.056	0.052	1.441
14.179	0.247	0.198	0.521	1.10	-0.09	-0.64	-12.91	5.88	0.38	45474	0.245	0.214	0.529	-0.056	0.051	1.441
14.187	0.240	0.179	0.521	1.11	-0.10	-0.61	-13.09	5.68	1.20	45496	0.244	0.209	0.529	-0.056	0.049	1.440
14.194	0.241	0.182	0.521	0.96	-0.16	-0.61	-12.77	5.97	-0.36	45541	0.243	0.206	0.529	-0.056	0.047	1.440
14.209	0.243	0.186	0.520	0.79	-0.24	-0.61	-13.03	4.92	0.81	45618	0.242	0.203	0.528	-0.056	0.046	1.439
14.221	0.237	0.168	0.520	0.79	-0.24	-0.59	-15.07	5.64	0.59	45650	0.241	0.199	0.528	-0.057	0.044	1.438
14.227	0.238	0.173	0.520	0.59	-0.31	-0.58	-16.49	5.13	1.49	45676	0.239	0.195	0.528	-0.057	0.042	1.438
14.239	0.240	0.176	0.519	0.38	-0.37	-0.58	-18.10	4.08	1.58	45675	0.239	0.193	0.528	-0.057	0.041	1.437
14.249	0.233	0.160	0.518	0.32	-0.37	-0.55	-19.94	5.61	1.10	45696	0.237	0.189	0.527	-0.057	0.039	1.436
14.259	0.234	0.160	0.518	0.10	-0.43	-0.54	-20.28	4.91	1.67	45911	0.236	0.185	0.527	-0.057	0.037	1.436
14.270	0.232	0.147	0.518	-0.00	-0.48	-0.52	-20.60	6.65	1.37	45922	0.235	0.180	0.527	-0.057	0.035	1.435
14.279	0.232	0.149	0.517	-0.24	-0.53	-0.51	-20.21	5.50	0.74	45936	0.233	0.175	0.526	-0.057	0.033	1.434
14.288	0.231	0.141	0.517	-0.38	-0.58	-0.50	-19.76	4.23	0.94	45934	0.232	0.171	0.526	-0.057	0.031	1.434
14.297	0.229	0.137	0.518	-0.56	-0.61	-0.49	-18.66	4.04	0.71	45729	0.231	0.166	0.526	-0.057	0.029	1.433
14.309	0.228	0.136	0.518	-0.74	-0.65	-0.48	-17.61	2.59	0.25	45729	0.230	0.162	0.526	-0.058	0.027	1.432
14.317	0.224	0.122	0.518	-0.82	-0.64	-0.48	-16.90	2.19	-0.22	45718	0.228	0.156	0.526	-0.058	0.024	1.432
14.327	0.224	0.120	0.517	-0.98	-0.66	-0.48	-16.45	0.84	-0.58	45709	0.227	0.151	0.526	-0.058	0.022	1.431
14.335	0.226	0.124	0.517	-1.19	-0.68	-0.49	-15.53	0.81	-0.74	45688	0.225	0.147	0.525	-0.058	0.020	1.431
14.344	0.226	0.127	0.516	-1.38	-0.70	-0.50	-14.78	0.97	-0.88	45771	0.225	0.144	0.525	-0.058	0.019	1.430
14.359	0.222	0.112	0.516	-1.42	-0.67	-0.50	-14.96	0.22	-1.37	45763	0.223	0.140	0.525	-0.058	0.017	1.429
14.370	0.221	0.110	0.516	-1.57	-0.68	-0.52	-14.61	0.65	-1.70	45753	0.222	0.135	0.525	-0.058	0.015	1.429
14.379	0.221	0.107	0.516	-1.70	-0.68	-0.54	-14.01	-0.20	-1.54	45733	0.221	0.131	0.525	-0.058	0.014	1.428
14.387	0.219	0.094	0.516	-1.75	-0.66	-0.55	-13.28	-0.34	-1.57	45636	0.220	0.126	0.525	-0.058	0.011	1.427
14.396	0.217	0.099	0.516	-1.93	-0.65	-0.57	-12.43	-0.22	-2.13	45624	0.218	0.122	0.525	-0.058	0.010	1.427
14.409	0.219	0.105	0.516	-2.11	-0.66	-0.59	-11.75	0.21	-2.46	45600	0.217	0.119	0.525	-0.058	0.009	1.426
14.421	0.217	0.082	0.516	-2.06	-0.66	-0.61	-11.99	-0.31	-2.09	45571	0.216	0.114	0.524	-0.058	0.007	1.425
14.429	0.218	0.086	0.515	-2.22	-0.66	-0.63	-12.88	0.33	-2.33	45705	0.215	0.109	0.524	-0.058	0.005	1.425
14.438	0.218	0.090	0.515	-2.39	-0.68	-0.66	-11.96	2.27	-2.58	45708	0.215	0.106	0.524	-0.058	0.004	1.424
14.445	0.218	0.090	0.515	-2.54	-0.70	-0.69	-13.67	2.08	-2.62	45706	0.214	0.103	0.524	-0.057	0.003	1.423
14.457	0.214	0.077	0.515	-2.57	-0.69	-0.70	-13.38	2.46	-2.40	45694	0.213	0.099	0.524	-0.057	0.001	1.422
14.468	0.213	0.078	0.514	-2.74	-0.70	-0.73	-13.37	1.87	-2.04	45686	0.212	0.096	0.523	-0.057	-0.000	1.422
14.477	0.213	0.077	0.514	-2.86	-0.72	-0.75	-12.00	1.43	-2.56	45776	0.211	0.093	0.523	-0.057	-0.001	1.421
14.487	0.210	0.069	0.514	-2.93	-0.71	-0.77	-9.61	1.34	-2.43	45763	0.210	0.089	0.523	-0.057	-0.003	1.420
14.494	0.208	0.061	0.513	-2.97	-0.72	-0.79	-7.99	3.02	-2.19	45758	0.208	0.085	0.523	-0.057	-0.005	1.420
14.502	0.207	0.062	0.513	-3.06	-0.73	-0.82	-6.35	0.79	-2.32	45745	0.207	0.081	0.523	-0.057	-0.006	1.419
14.518	0.207	0.060	0.512	-3.11	-0.73	-0.84	-2.56	0.02	-2.31	45889	0.206	0.078	0.522	-0.057	-0.007	1.418
14.526	0.206	0.059	0.512	-3.13	-0.73	-0.86	-0.71	0.16	-2.30	45867	0.205	0.075	0.522	-0.057	-0.008	1.417
14.538	0.206	0.058	0.512	-3.13	-0.73	-0.89	0.58	-0.46	-2.54	45848	0.204	0.072	0.522	-0.056	-0.009	1.417
14.547	0.206	0.059	0.512	-3.15	-0.72	-0.91	0.50	-1.85	-2.72	45838	0.203	0.070	0.522	-0.056	-0.010	1.416
14.555	0.205	0.058	0.511	-3.14	-0.71	-0.94	0.68	-2.16	-2.38	45826	0.202	0.067	0.521	-0.056	-0.011	1.415
14.568	0.205	0.057	0.510	-3.14	-0.69	-0.96	0.19	-2.34	-2.14	46015	0.201	0.065	0.521	-0.056	-0.011	1.414
14.576	0.205	0.055	0.510	-3.14	-0.67	-0.98	-0.58	-2.20	-2.02	46000	0.200	0.064	0.521	-0.055	-0.012	1.413
14.588	0.205	0.054	0.510	-3.15	-0.64	-1.00	-0.67	-2.71	-2.01	45992	0.200	0.062	0.520	-0.055	-0.013	1.413
14.598	0.204	0.053	0.511	-3.17	-0.61	-1.02	-2.67	-2.82	-2.24	46005	0.199	0.060	0.520	-0.055	-0.013	1.412
14.610	0.204	0.052	0.511	-3.19	-0.59	-1.04	-2.01	-1.05	-2.30	45807	0.198	0.059	0.520	-0.054	-0.014	1.411
14.618	0.204	0.051	0.511	-3.21	-0.57	-1.06	-0.32	-1.81	-1.77	45810	0.198	0.057	0.520	-0.054	-0.014	1.411
14.632	0.204	0.050	0.511	-3.20	-0.56	-1.08	1.76	-0.54	-1.36	45803	0.197	0.056	0.520	-0.053	-0.014	1.410
14.638	0.204	0.050	0.511	-3.19	-0.56	-1.10	2.64	0.37	-1.22	45799	0.197	0.055	0.520	-0.053	-0.015	1.409
14.649	0.203	0.049	0.512	-3.16	-0.56	-1.11	3.03	-1.18	-1.02	45576	0.196	0.053	0.521	-0.052	-0.015	1.408
14.654	0.203	0.048	0.512	-3.12	-0.54	-1.12	5.85	-1.77	-1.13	45554	0.196	0.052	0.521	-0.052	-0.015	1.408
14.668	0.203	0.044	0.512	-3.04	-0.53	-1.13	6.44	-1.09	-0.93	45534	0.196	0.051	0.521	-0.051	-0.016	1.407
14.679	0.207	0.066	0.512	-3.15	-0.55	-1.15	8.24	-2.08	-1.05	45514	0.196	0.053	0.521	-0.050	-0.015	1.407
14.688	0.210	0.070	0.512	-3.09	-0.56	-1.16	9.20	-0.84	-0.58	45501	0.196	0.055	0.521	-0.049	-0.014	1.406
14.698	0.203	0.067	0.513	-2.98	-0.49	-1.17	10.53	-2.48	0.12	45425	0.196	0.056	0.521	-0.049	-0.013	1.405
14.707	0.203	0.064	0.513	-2.84	-0.47	-1.17	12.82	-0.73	-0.06	45406	0.195	0.057	0.521	-0.048	-0.012	1.405
14.719	0.202	0.057	0.513	-2.66	-0.45	-1.16	14.77	-4.12	0.42	45392	0.195	0.057	0.521	-0.048	-0.012	1.404
14.727	0.202	0.057	0.513	-2.50	-0.42	-1.16	16.66	-3.04	0.34	45375	0.195	0.057	0.522	-0.047	-0.012	1.403
14.739	0.207	0.080	0.514	-2.51	-0.41	-1.16	18.27	-5.30	0.63	45197	0.195	0.060	0.522	-0.046	-0.011	1.403
14.748	0.207	0.080	0.514	-2.32	-0.36	-1.15	19.15	-3.82	1.17	45200	0.195	0.062	0.522	-0.046	-0.010	1.402
14.755	0.206	0.083	0.514	-2.15	-0.32	-1.14	16.90	-3.21	0.14	45191	0.195	0.065	0.522	-0.045	-0.008	1.401
14.769	0.206	0.091	0.514	-2.03	-0.29	-1.14	20.02	-2.70	0.37	45178	0.196	0.068	0.522	-0.044	-0.007	1.401
14.778	0.207	0.088	0.514	-1.81	-0.27	-1.13	20.01	-3.59	1.28	45175	0.196	0.071	0.522	-0.043	-0.005	1.400
14.788	0.205	0.085	0.514	-1.57	-0.22	-1.12	20.87	-1.46	-0.01	45162	0.196	0.073	0.523	-0.043	-0.005	1.399
14.796	0.205	0.097	0.514	-1.45	-0.20	-1.12	23.30	-3.93	1.67	45143	0.196	0.076	0.523	-0.042	-0.003	1.399
14.816	0.206	0.092	0.514	-1.16	-0.17	-1.10	24.66	-2.70	0.34	45147	0.196	0.079	0.523	-0.041	-0.002	1.398
14.816	0.211	0.113	0.515	-1.08	-0.18	-1.09	23.69	-2.93	2.10	45144	0.197	0.083	0.523	-0.040	0.000	1.398
14.833	0.206	0.108	0.515	-0.79	-0.12	-1.08	23.60	-2.44	1.29	45052	0.197	0.087	0.523	-0.039	0.002	1.397
14.840	0.209	0.115	0.515	-0.60	-0.11	-1.07	23.23	-3.09	0.98	45051	0.197	0.091	0.523	-0.039	0.003	1.396
14.846	0.210	0.119	0.515	-0.39	-0.08	-1.05	23.67	-2.47	1.04	45062	0.198	0.095	0.523	-0.038	0.005	1.396
14.854	0.209	0.115	0.516	-0.11	-0.05	-1.04	22.06	-2.60	1.18	45051	0.198	0.098	0.524	-0.037	0.006	1.395
14.867	0.209	0.123	0.517	0.04	-0.03	-1.03	21.28	-1.36	1.02	44881	0.198	0.102	0.524	-0.036	0.008	1.395
14.878	0.209	0.125	0.517	0.25	-0.02	-1.02	20.91	-1.58	1.04	44895	0.199	0.105	0.524	-0.035	0.009	1.394
14.888	0.209	0.126	0.517	0.47	-0.00	-1.00	21.77	-2.29	1.33	44903	0.199	0.109	0.524	-0.035	0.011	1.394
14.897	0.205	0.123	0.517	0.71	0.05	-1.00	21.52	-0.89	0.78	44905	0.199	0.111	0.524	-0.034	0.011	1.393
14.904	0.212	0.138	0.518	0.82	0.01	-0.99	20.09	-1.35	0.98	44904	0.199	0.115	0.525	-0.033	0.013	1.392
14.917	0.212	0.139	0.518	1.01	0.02	-0.98	19.20	-1.76	1.08	44872	0.200	0.119	0.525	-0.032	0.015	1.392
14.929	0.212	0.151	0.518	1.11	0.04	-0.97	17.13	-2.21	1.12	44884	0.200	0.124	0.525	-0.032	0.016	1.391
14.938	0.213	0.151	0.518	1.29	0.05	-0.95	15.98	-1.64	1.40	44914	0.201	0.128	0.525	-0.031	0.018	1.391
14.946	0.212	0.149	0.518	1.47	0.08	-0.94	14.99	-1.78	1.48	44942	0.201	0.132	0.525	-0.030	0.019	1.390
14.958	0.213	0.159	0.517	1.56	0.08	-0.93	14.97	-1.44	1.28	45106	0.202	0.136	0.525	-0.029	0.021	1.390
14.968	0.213	0.165	0.517	1.67	0.09	-0.93	13.91	-0.84	0.79	45118	0.202	0.140	0.525	-0.028	0.023	1.389
14.978	0.213	0.167	0.517	1.81	0.10	-0.92	13.62	-1.23	-0.03	45142	0.203	0.144	0.525	-0.028	0.024	1.389
14.987	0.213	0.163	0.517	1.99	0.12	-0.91	14.52	-1.47	0.24	45162	0.203	0.148	0.525	-0.027	0.026	1.388
14.998	0.217	0.177	0.517	2.05	0.10	-0.91	14.65	-1.52	1.14	45179	0.204	0.152	0.525	-0.026	0.027	1.387
15.007	0.216	0.177	0.517	2.20	0.12	-0.90	14.27	-0.61	1.81	45306	0.205	0.156	0.525	-0.025	0.029	1.387
15.015	0.214	0.175	0.517	2.36	0.14	-0.89	13.06	-0.62	1.76	45329	0.205	0.160	0.525	-0.025	0.030	1.386
15.029	0.214	0.169	0.517	2.54	0.14	-0.87	12.47	-0.42	2.06	45347	0.205	0.162	0.524	-0.024	0.030	1.386
15.037	0.212	0.166	0.518	2.70	0.17	-0.85	11.50	-1.33	1.85	45369	0.205	0.163	0.524	-0.023	0.031	1.385
15.048	0.212	0.170	0.518	2.78	0.18	-0.84	9.31	-1.33	1.31	45242	0.205	0.165	0.525	-0.023	0.031	1.385
15.058	0.213	0.176	0.518	2.83	0.19	-0.82	6.52	-0.53	1.06	45282	0.206	0.167	0.525	-0.022	0.032	1.384
15.066	0.215	0.175	0.518	2.90	0.18	-0.82	3.67	-0.21	0.76	45295	0.206	0.169	0.525	-0.022	0.032	1.383
15.078	0.215	0.173	0.517	2.95	0.19	-0.81	1.31	0.23	0.93	45311	0.206	0.170	0.525	-0.021	0.032	1.383
15.086	0.213	0.173	0.516	2.96	0.19	-0.80	-1.27	0.48	1.40	45519	0.206	0.172	0.524	-0.021	0.032	1.382
15.098	0.213	0.174	0.516	2.95	0.19	-0.79	-1.51	0.19	1.40	45547	0.207	0.173	0.524	-0.020	0.033	1.382
15.107	0.214	0.175	0.516	2.92	0.18	-0.77	-2.67	1.24	1.50	45558	0.207	0.174	0.524	-0.020	0.033	1.381
15.116	0.214	0.176	0.516	2.89	0.17	-0.76	-3.92	1.37	1.18	45590	0.207	0.175	0.524	-0.019	0.033	1.381
15.129	0.214	0.177	0.516	2.85	0.17	-0.74	-4.35	-0.47	0.94	45624	0.207	0.176	0.524	-0.019	0.033	1.380
15.141	0.214	0.177	0.516	2.80	0.17	-0.73	-5.03	-0.78	1.31	45644	0.207	0.177	0.523	-0.018	0.033	1.379
15.147	0.214	0.178	0.516	2.74	0.18	-0.72	-6.64	-0.13	0.98	45658	0.207	0.177	0.523	-0.018	0.033	1.379
15.158	0.214	0.179	0.515	2.67	0.18	-0.71	-7.16	-0.13	0.86	45676	0.207	0.178	0.523	-0.017	0.033	1.378
15.166	0.214	0.179	0.515	2.60	0.18	-0.70	-7.14	0.07	0.69	45686	0.208	0.179	0.523	-0.017	0.033	1.378
15.178	0.214	0.180	0.515	2.53	0.18	-0.69	-5.96	0.90	1.02	45644	0.208	0.179	0.523	-0.016	0.033	1.377
15.188	0.214	0.180	0.515	2.47	0.17	-0.69	-6.16	1.16	0.49	45649	0.208	0.180	0.523	-0.016	0.033	1.376
15.196	0.214	0.181	0.515	2.41	0.16	-0.68	-6.29	1.64	0.88	45652	0.208	0.181	0.523	-0.016	0.033	1.376
15.208	0.211	0.183	0.515	2.34	0.17	-0.67	-5.78	0.74	1.07	45650	0.208	0.181	0.523	-0.015	0.033	1.375
15.218	0.209	0.185	0.515	2.27	0.17	-0.66	-5.48	1.48	0.53	45648	0.207	0.182	0.523	-0.015	0.033	1.375
15.225	0.209	0.186	0.514	2.21	0.16	-0.65	-6.94	0.15	-0.01	45736	0.207	0.183	0.522	-0.015	0.033	1.374
15.241	0.209	0.190	0.514	2.11	0.16	-0.65	-7.65	-0.33	-0.35	45754	0.207	0.184	0.522	-0.015	0.034	1.373
15.246	0.209	0.189	0.514	2.02	0.16	-0.66	-10.29	-1.26	-0.68	45752	0.206	0.185	0.522	-0.015	0.034	1.373
15.258	0.209	0.190	0.513	1.92	0.17	-0.66	-10.88	0.64	-0.27	45748	0.206	0.186	0.522	-0.014	0.034	1.372
15.267	0.209	0.188	0.513	1.82	0.16	-0.67	-11.38	1.52	-0.32	45886	0.206	0.187	0.522	-0.014	0.035	1.372
15.279	0.208	0.175	0.513	1.80	0.15	-0.67	-12.26	2.05	-0.40	45880	0.205	0.185	0.521	-0.014	0.034	1.371
15.287	0.208	0.174	0.513	1.67	0.12	-0.68	-11.86	3.16	-0.40	45882	0.205	0.184	0.521	-0.014	0.033	1.370
15.298	0.207	0.176	0.512	1.54	0.09	-0.68	-11.26	4.41	-0.17	45889	0.205	0.184	0.521	-0.014	0.033	1.370
15.308	0.207	0.176	0.513	1.43	0.04	-0.68	-10.46	5.35	-0.71	45884	0.204	0.183	0.521	-0.013	0.032	1.369
15.317	0.206	0.176	0.513	1.32	-0.02	-0.69	-10.10	4.98	-0.59	45749	0.204	0.182	0.521	-0.013	0.032	1.368
15.325	0.204	0.181	0.513	1.20	-0.05	-0.69	-8.68	5.02	-0.67	45715	0.203	0.182	0.521	-0.013	0.032	1.368
15.341	0.208	0.182	0.513	1.10	-0.13	-0.70	-8.14	4.42	-0.17	45696	0.203	0.182	0.521	-0.013	0.032	1.367
15.347	0.208	0.180	0.513	1.04	-0.17	-0.70	-7.51	2.21	0.02	45679	0.203	0.182	0.521	-0.013	0.031	1.367
15.355	0.203	0.171	0.513	1.03	-0.16	-0.70	-7.46	0.30	0.18	45554	0.203	0.181	0.521	-0.013	0.031	1.366
15.365	0.203	0.171	0.513	0.95	-0.16	-0.70	-7.33	-0.86	0.12	45520	0.202	0.179	0.521	-0.012	0.030	1.366
15.380	0.203	0.174	0.513	0.86	-0.14	-0.70	-7.85	-3.07	0.39	45487	0.202	0.179	0.521	-0.012	0.030	1.365
15.388	0.203	0.173	0.513	0.77	-0.11	-0.69	-8.57	-2.43	0.34	45463	0.201	0.178	0.521	-0.012	0.029	1.364
15.398	0.203	0.173	0.512	0.68	-0.09	-0.69	-10.31	-3.34	0.11	45594	0.201	0.177	0.521	-0.012	0.029	1.364
15.409	0.200	0.149	0.512	0.75	-0.04	-0.69	-10.53	-2.50	-0.22	45582	0.200	0.174	0.520	-0.012	0.027	1.363
15.416	0.200	0.153	0.512	0.61	-0.02	-0.69	-11.38	-0.58	-0.93	45575	0.200	0.171	0.520	-0.012	0.026	1.362
15.428	0.201	0.158	0.512	0.45	-0.02	-0.69	-12.15	0.30	-0.18	45562	0.199	0.170	0.520	-0.012	0.025	1.362
15.439	0.200	0.158	0.512	0.32	-0.04	-0.69	-14.03	2.74	0.53	45547	0.199	0.168	0.520	-0.012	0.024	1.361
15.449	0.197	0.133	0.512	0.34	-0.06	-0.69	-14.57	4.89	0.60	45619	0.198	0.163	0.520	-0.012	0.022	1.361
15.459	0.199	0.137	0.512	0.16	-0.12	-0.69	-14.22	6.61	0.41	45628	0.198	0.160	0.520	-0.012	0.020	1.360
15.466	0.196	0.140	0.512	-0.00	-0.17	-0.68	-14.22	6.91	1.11	45601	0.197	0.157	0.520	-0.012	0.019	1.359
15.481	0.199	0.130	0.512	-0.08	-0.25	-0.67	-13.16	5.45	1.57	45569	0.196	0.154	0.520	-0.012	0.017	1.359
15.483	0.193	0.119	0.512	-0.14	-0.27	-0.65	-12.78	4.21	1.45	45520	0.195	0.149	0.520	-0.012	0.015	1.358
15.498	0.193	0.123	0.512	-0.31	-0.31	-0.64	-12.86	2.25	1.57	45514	0.195	0.146	0.520	-0.012	0.014	1.357
15.506	0.193	0.122	0.512	-0.44	-0.33	-0.62	-12.98	1.17	1.40	45497	0.194	0.142	0.520	-0.012	0.012	1.357
15.518	0.193	0.121	0.512	-0.57	-0.34	-0.61	-13.49	0.05	1.17	45477	0.193	0.139	0.520	-0.012	0.011	1.356
15.527	0.189	0.112	0.511	-0.65	-0.31	-0.59	-14.29	-1.70	0.85	45450	0.192	0.135	0.519	-0.012	0.009	1.356
15.539	0.189	0.105	0.511	-0.75	-0.30	-0.59	-14.62	-1.89	0.83	45569	0.191	0.131	0.519	-0.012	0.007	1.355
15.551	0.189	0.104	0.511	-0.90	-0.27	-0.58	-15.75	-3.47	0.54	45567	0.190	0.127	0.519	-0.013	0.006	1.354
15.556	0.189	0.105	0.511	-1.08	-0.25	-0.57	-16.31	-1.77	0.61	45551	0.189	0.124	0.519	-0.013	0.004	1.354
15.567	0.189	0.106	0.510	-1.27	-0.23	-0.56	-16.98	-0.04	0.83	45537	0.188	0.121	0.519	-0.013	0.003	1.353
15.579	0.186	0.091	0.509	-1.34	-0.22	-0.55	-17.25	1.16	1.17	45802	0.187	0.117	0.519	-0.013	0.001	1.352
15.585	0.185	0.090	0.509	-1.52	-0.24	-0.54	-17.48	3.52	1.03	45802	0.187	0.113	0.518	-0.013	-0.000	1.352
15.599	0.186	0.094	0.509	-1.73	-0.29	-0.54	-16.92	6.35	0.42	45806	0.186	0.110	0.518	-0.013	-0.002	1.351
15.609	0.186	0.097	0.509	-1.92	-0.36	-0.53	-14.57	7.46	0.79	45791	0.185	0.108	0.518	-0.013	-0.002	1.350
15.617	0.189	0.103	0.511	-2.10	-0.45	-0.53	-13.27	8.16	0.64	45502	0.185	0.107	0.518	-0.012	-0.003	1.350
15.627	0.190	0.108	0.511	-2.28	-0.55	-0.52	-11.57	7.90	1.50	45463	0.185	0.106	0.518	-0.012	-0.002	1.349
15.635	0.189	0.110	0.511	-2.39	-0.61	-0.51	-8.61	5.98	0.87	45433	0.185	0.106	0.518	-0.012	-0.002	1.349
15.651	0.187	0.106	0.511	-2.45	-0.65	-0.50	-4.96	4.17	2.01	45411	0.184	0.106	0.518	-0.012	-0.002	1.348
15.656	0.187	0.097	0.510	-2.42	-0.68	-0.48	-0.74	0.69	1.35	45388	0.184	0.104	0.518	-0.011	-0.003	1.348
15.667	0.185	0.097	0.510	-2.43	-0.68	-0.47	3.08	-1.18	1.75	45494	0.183	0.103	0.518	-0.011	-0.003	1.347
15.676	0.185	0.096	0.510	-2.38	-0.66	-0.45	5.78	-3.89	1.23	45464	0.183	0.101	0.518	-0.011	-0.004	1.346
15.688	0.184	0.092	0.510	-2.30	-0.61	-0.43	7.71	-5.27	2.01	45439	0.182	0.100	0.518	-0.011	-0.004	1.346
15.698	0.184	0.091	0.511	-2.22	-0.56	-0.41	8.46	-5.86	2.52	45427	0.182	0.098	0.518	-0.011	-0.005	1.345
15.708	0.184	0.088	0.512	-2.12	-0.50	-0.39	7.50	-5.38	2.20	45221	0.181	0.097	0.518	-0.011	-0.005	1.345
15.717	0.183	0.087	0.512	-2.05	-0.45	-0.36	5.66	-5.23	2.13	45184	0.181	0.095	0.519	-0.010	-0.006	1.344
15.727	0.186	0.111	0.512	-2.16	-0.42	-0.34	4.40	-3.85	1.19	45164	0.181	0.097	0.519	-0.010	-0.005	1.344
15.735	0.186	0.110	0.512	-2.12	-0.39	-0.33	3.63	-3.06	2.03	45160	0.181	0.098	0.519	-0.010	-0.004	1.343
15.753	0.189	0.111	0.512	-2.10	-0.39	-0.31	0.02	-0.88	0.94	45147	0.181	0.099	0.519	-0.009	-0.003	1.343
15.758	0.188	0.112	0.512	-2.11	-0.37	-0.30	0.29	-0.42	1.40	45132	0.181	0.101	0.519	-0.009	-0.002	1.342
15.767	0.186	0.112	0.512	-2.10	-0.36	-0.29	0.51	1.38	0.55	45125	0.181	0.102	0.519	-0.008	-0.002	1.342
15.775	0.185	0.112	0.513	-2.10	-0.37	-0.29	2.44	1.69	-0.66	45121	0.181	0.103	0.519	-0.008	-0.001	1.341
15.785	0.184	0.110	0.512	-2.04	-0.39	-0.29	5.09	3.56	-0.49	45114	0.181	0.104	0.519	-0.008	-0.001	1.341
15.797	0.184	0.107	0.512	-1.97	-0.42	-0.30	6.95	2.64	0.17	45210	0.180	0.104	0.519	-0.007	-0.000	1.340
15.803	0.185	0.104	0.512	-1.88	-0.45	-0.30	9.29	2.69	-0.19	45194	0.180	0.104	0.519	-0.007	-0.000	1.340
15.818	0.185	0.104	0.512	-1.78	-0.48	-0.30	11.03	2.65	-0.95	45179	0.180	0.104	0.519	-0.007	-0.000	1.339
15.828	0.181	0.095	0.513	-1.60	-0.48	-0.31	12.46	1.37	0.29	45171	0.179	0.103	0.519	-0.007	-0.001	1.339
15.835	0.181	0.095	0.512	-1.48	-0.49	-0.31	12.64	1.46	-1.27	45199	0.179	0.102	0.519	-0.007	-0.002	1.338
15.845	0.184	0.117	0.513	-1.50	-0.52	-0.32	12.41	0.77	-1.00	45187	0.179	0.104	0.519	-0.006	-0.001	1.338
15.858	0.184	0.113	0.513	-1.35	-0.54	-0.34	12.42	1.10	-1.42	45173	0.179	0.105	0.519	-0.006	-0.000	1.337
15.868	0.186	0.138	0.513	-1.39	-0.55	-0.35	11.58	-0.16	-1.69	45169	0.179	0.109	0.519	-0.005	0.002	1.337
15.877	0.186	0.138	0.513	-1.27	-0.55	-0.37	11.41	-0.65	-1.68	45171	0.179	0.113	0.519	-0.005	0.004	1.336
15.883	0.186	0.139	0.513	-1.15	-0.53	-0.39	12.83	-2.21	-1.98	45134	0.179	0.117	0.519	-0.004	0.005	1.336
15.891	0.184	0.132	0.513	-0.97	-0.49	-0.40	15.05	-3.92	-0.79	45106	0.179	0.119	0.519	-0.004	0.006	1.335
15.908	0.183	0.133	0.513	-0.82	-0.45	-0.42	16.62	-5.03	-1.64	45097	0.179	0.121	0.519	-0.004	0.007	1.335
15.918	0.187	0.155	0.513	-0.79	-0.42	-0.43	18.52	-4.13	-1.70	45102	0.179	0.126	0.519	-0.003	0.009	1.335
15.927	0.184	0.148	0.513	-0.55	-0.35	-0.45	20.42	-4.49	-1.92	45177	0.179	0.129	0.519	-0.003	0.011	1.334
15.936	0.188	0.160	0.513	-0.42	-0.34	-0.47	22.43	-4.64	-2.51	45157	0.180	0.133	0.519	-0.002	0.013	1.334
15.944	0.187	0.164	0.513	-0.21	-0.29	-0.50	23.05	-3.47	-2.70	45140	0.180	0.137	0.519	-0.002	0.015	1.333
15.960	0.187	0.159	0.513	0.06	-0.25	-0.53	23.94	-4.55	-2.83	45125	0.180	0.141	0.519	-0.001	0.016	1.333
15.968	0.189	0.178	0.514	0.18	-0.22	-0.55	23.93	-4.45	-2.52	45122	0.181	0.146	0.519	-0.001	0.018	1.332
15.974	0.187	0.170	0.515	0.48	-0.17	-0.58	23.25	-2.19	-1.93	44892	0.181	0.150	0.519	-0.000	0.020	1.332
15.987	0.190	0.193	0.515	0.57	-0.16	-0.60	22.34	-1.84	-1.67	44890	0.181	0.156	0.520	0.001	0.022	1.332
15.994	0.191	0.187	0.515	0.83	-0.14	-0.61	20.59	-3.23	-1.60	44884	0.182	0.160	0.520	0.001	0.024	1.331
16.007	0.191	0.188	0.516	1.04	-0.11	-0.63	19.54	-3.97	-1.25	44890	0.183	0.165	0.520	0.002	0.026	1.331
16.019	0.192	0.204	0.516	1.12	-0.07	-0.65	17.32	-4.95	-1.73	44758	0.183	0.170	0.520	0.003	0.029	1.331
16.028	0.193	0.206	0.516	1.29	-0.03	-0.66	15.47	-5.24	-1.76	44745	0.184	0.176	0.520	0.003	0.031	1.330
16.036	0.194	0.230	0.516	1.29	0.02	-0.69	14.31	-4.91	-1.75	44751	0.184	0.183	0.520	0.004	0.034	1.330
16.048	0.193	0.226	0.517	1.47	0.07	-0.70	13.39	-5.10	-1.48	44745	0.185	0.189	0.521	0.004	0.037	1.330
16.061	0.191	0.219	0.517	1.67	0.14	-0.72	13.97	-5.54	-1.38	44784	0.185	0.194	0.521	0.005	0.038	1.329
16.069	0.193	0.233	0.517	1.73	0.18	-0.74	14.97	-4.98	-1.69	44796	0.186	0.200	0.521	0.005	0.041	1.329
16.080	0.192	0.237	0.517	1.86	0.23	-0.76	15.31	-3.37	-2.20	44796	0.186	0.206	0.521	0.006	0.043	1.329
16.088	0.192	0.234	0.517	2.06	0.26	-0.78	16.87	-3.30	-1.74	44804	0.186	0.210	0.521	0.006	0.045	1.329
16.097	0.195	0.242	0.517	2.17	0.28	-0.80	16.75	-3.15	-1.95	44819	0.187	0.215	0.521	0.007	0.047	1.328
16.109	0.195	0.244	0.517	2.34	0.30	-0.82	17.52	-1.39	-1.93	44827	0.187	0.220	0.521	0.007	0.049	1.328
16.117	0.195	0.249	0.517	2.50	0.31	-0.84	17.31	-0.90	-2.16	44843	0.188	0.225	0.521	0.008	0.050	1.328
16.128	0.194	0.239	0.517	2.75	0.32	-0.86	15.44	-0.83	-1.70	44865	0.188	0.228	0.521	0.008	0.051	1.327
16.139	0.194	0.241	0.517	2.91	0.33	-0.87	13.87	0.33	-1.71	44893	0.189	0.230	0.521	0.009	0.052	1.327
16.147	0.199	0.265	0.517	2.88	0.30	-0.89	12.35	0.20	-1.87	44959	0.189	0.236	0.521	0.009	0.054	1.327
16.161	0.199	0.262	0.517	3.03	0.29	-0.91	9.26	0.91	-1.64	44979	0.190	0.240	0.521	0.010	0.055	1.327
16.167	0.199	0.259	0.517	3.15	0.28	-0.92	7.01	0.24	-1.13	45009	0.191	0.244	0.521	0.010	0.057	1.326
16.179	0.197	0.255	0.517	3.25	0.29	-0.93	5.47	0.62	-0.43	45038	0.191	0.246	0.521	0.011	0.057	1.326
16.187	0.194	0.254	0.517	3.31	0.30	-0.94	4.44	0.59	-0.95	45080	0.191	0.248	0.521	0.011	0.058	1.326
16.196	0.197	0.272	0.517	3.23	0.28	-0.94	1.61	0.17	-0.44	45216	0.192	0.252	0.521	0.011	0.059	1.325
16.205	0.197	0.269	0.517	3.27	0.28	-0.95	-0.56	1.20	-0.26	45233	0.192	0.255	0.521	0.012	0.060	1.325
16.218	0.199	0.275	0.517	3.23	0.26	-0.95	-1.76	0.85	0.38	45249	0.193	0.259	0.520	0.012	0.061	1.325
16.227	0.199	0.276	0.518	3.21	0.26	-0.94	-1.30	-0.57	0.47	45269	0.193	0.262	0.520	0.013	0.062	1.325
16.238	0.199	0.277	0.517	3.20	0.26	-0.94	-1.82	-0.50	0.68	45129	0.194	0.265	0.520	0.013	0.063	1.324
16.245	0.199	0.279	0.517	3.18	0.26	-0.93	-2.50	-0.05	0.46	45136	0.194	0.268	0.520	0.013	0.064	1.324
16.258	0.199	0.280	0.517	3.15	0.27	-0.92	-1.78	-0.68	0.75	45141	0.195	0.270	0.520	0.014	0.065	1.324
16.268	0.200	0.281	0.517	3.13	0.28	-0.92	-1.32	-1.15	0.80	45148	0.195	0.273	0.520	0.014	0.065	1.324
16.278	0.199	0.282	0.518	3.12	0.29	-0.91	-0.75	-1.31	0.57	45047	0.195	0.275	0.520	0.014	0.066	1.324
16.287	0.200	0.283	0.518	3.11	0.31	-0.91	-0.03	-1.49	0.76	45052	0.196	0.277	0.521	0.015	0.066	1.323
16.298	0.200	0.284	0.518	3.11	0.32	-0.90	0.16	-1.22	0.72	45039	0.196	0.279	0.521	0.015	0.067	1.323
16.308	0.199	0.285	0.518	3.11	0.34	-0.89	-0.44	-1.38	0.45	45039	0.196	0.280	0.521	0.015	0.067	1.323
16.319	0.200	0.286	0.517	3.11	0.35	-0.89	-0.72	-0.93	0.78	45051	0.196	0.282	0.520	0.015	0.067	1.323
16.329	0.200	0.287	0.517	3.10	0.36	-0.88	-1.31	-0.56	0.83	45204	0.197	0.283	0.520	0.016	0.067	1.323
16.337	0.200	0.288	0.517	3.08	0.36	-0.87	-2.62	0.15	0.53	45198	0.197	0.285	0.520	0.016	0.068	1.322
16.346	0.200	0.289	0.517	3.06	0.36	-0.86	-3.30	0.55	0.97	45197	0.197	0.286	0.520	0.016	0.068	1.322
16.357	0.200	0.276	0.517	3.11	0.36	-0.86	-4.02	-0.20	0.93	45217	0.197	0.286	0.520	0.016	0.067	1.322
16.370	0.198	0.266	0.516	3.15	0.37	-0.85	-5.13	0.19	0.99	45315	0.197	0.284	0.520	0.016	0.066	1.322
16.379	0.198	0.266	0.516	3.09	0.37	-0.84	-7.61	0.42	1.48	45325	0.197	0.282	0.520	0.016	0.065	1.321
16.387	0.198	0.268	0.516	2.99	0.36	-0.82	-11.42	0.22	1.32	45313	0.197	0.281	0.519	0.016	0.064	1.321
16.396	0.198	0.273	0.516	2.84	0.35	-0.81	-12.82	1.43	1.32	45321	0.197	0.281	0.519	0.016	0.063	1.321
16.411	0.195	0.251	0.516	2.86	0.36	-0.80	-16.31	0.19	1.46	45351	0.197	0.278	0.519	0.016	0.061	1.321
16.419	0.195	0.255	0.516	2.67	0.35	-0.78	-17.79	1.58	1.45	45300	0.196	0.275	0.519	0.016	0.060	1.320
16.428	0.192	0.240	0.516	2.59	0.37	-0.77	-20.95	-1.18	1.28	45299	0.196	0.271	0.519	0.016	0.058	1.320
16.435	0.192	0.244	0.516	2.34	0.37	-0.75	-22.84	-0.36	1.39	45314	0.195	0.268	0.519	0.016	0.056	1.320
16.445	0.191	0.227	0.515	2.24	0.38	-0.74	-24.17	-0.22	1.26	45326	0.195	0.263	0.519	0.015	0.053	1.320
16.456	0.190	0.226	0.515	1.99	0.38	-0.73	-25.66	0.81	1.93	45503	0.194	0.259	0.518	0.015	0.051	1.320
16.472	0.186	0.211	0.515	1.83	0.40	-0.71	-26.84	2.14	2.12	45502	0.193	0.253	0.518	0.015	0.048	1.319
16.478	0.187	0.219	0.515	1.50	0.38	-0.68	-27.57	2.88	2.09	45529	0.192	0.249	0.518	0.014	0.046	1.319
16.489	0.186	0.200	0.515	1.35	0.35	-0.67	-28.45	5.04	2.14	45531	0.191	0.243	0.518	0.014	0.043	1.319
16.497	0.186	0.199	0.515	1.07	0.30	-0.64	-28.94	6.33	2.32	45467	0.190	0.237	0.518	0.014	0.040	1.319
16.506	0.183	0.181	0.515	0.89	0.25	-0.62	-28.67	6.30	2.72	45472	0.190	0.230	0.518	0.013	0.036	1.318
16.519	0.185	0.186	0.515	0.55	0.17	-0.59	-29.82	7.54	2.52	45486	0.189	0.224	0.517	0.013	0.034	1.318
16.529	0.180	0.171	0.515	0.35	0.13	-0.56	-30.59	8.46	2.72	45466	0.188	0.217	0.517	0.012	0.030	1.318
16.538	0.181	0.177	0.515	-0.01	0.03	-0.53	-31.31	9.02	2.58	45495	0.187	0.211	0.517	0.012	0.028	1.318
16.548	0.176	0.163	0.515	-0.23	-0.03	-0.50	-31.48	8.17	3.03	45322	0.185	0.205	0.517	0.011	0.025	1.318
16.555	0.178	0.168	0.515	-0.60	-0.13	-0.47	-30.89	8.81	2.82	45328	0.184	0.200	0.517	0.011	0.023	1.317
16.572	0.173	0.154	0.515	-0.82	-0.18	-0.44	-30.45	7.93	3.08	45309	0.182	0.193	0.517	0.010	0.020	1.317
16.578	0.174	0.160	0.514	-1.17	-0.26	-0.41	-29.21	7.13	3.33	45314	0.181	0.188	0.517	0.010	0.018	1.317
16.585	0.172	0.141	0.514	-1.34	-0.33	-0.38	-28.13	6.53	3.40	45446	0.180	0.182	0.517	0.009	0.015	1.317
16.597	0.173	0.146	0.514	-1.66	-0.40	-0.35	-26.14	5.81	3.28	45465	0.179	0.177	0.517	0.009	0.013	1.317
16.607	0.173	0.132	0.514	-1.82	-0.46	-0.33	-23.73	5.53	3.26	45452	0.178	0.170	0.517	0.008	0.010	1.316
16.613	0.174	0.136	0.514	-2.09	-0.53	-0.29	-21.05	5.34	3.56	45450	0.177	0.165	0.517	0.008	0.008	1.316
16.628	0.174	0.134	0.514	-2.30	-0.58	-0.26	-19.74	5.34	3.51	45440	0.176	0.160	0.517	0.008	0.006	1.316
16.637	0.173	0.120	0.514	-2.41	-0.63	-0.23	-17.71	3.26	4.52	45434	0.176	0.155	0.517	0.008	0.003	1.316
16.647	0.173	0.127	0.514	-2.65	-0.67	-0.19	-15.51	3.69	4.18	45440	0.175	0.150	0.516	0.008	0.002	1.316
16.653	0.174	0.127	0.514	-2.82	-0.71	-0.15	-14.14	3.43	4.42	45408	0.175	0.146	0.516	0.008	0.000	1.315
16.668	0.169	0.108	0.514	-2.84	-0.71	-0.11	-14.05	2.39	2.55	45409	0.174	0.141	0.516	0.007	-0.002	1.315
16.679	0.169	0.111	0.514	-3.01	-0.74	-0.08	-12.70	1.14	3.74	45243	0.173	0.136	0.516	0.007	-0.004	1.315
16.692	0.169	0.115	0.514	-3.18	-0.75	-0.04	-13.37	0.80	3.04	45233	0.172	0.132	0.517	0.007	-0.005	1.315
16.698	0.170	0.120	0.514	-3.36	-0.77	-0.01	-12.01	-2.16	3.39	45218	0.171	0.130	0.517	0.007	-0.006	1.315
16.704	0.167	0.098	0.514	-3.32	-0.73	0.02	-10.97	-2.33	3.98	45209	0.170	0.125	0.517	0.006	-0.008	1.314
16.717	0.167	0.096	0.514	-3.43	-0.71	0.06	-8.97	-2.88	2.92	45322	0.170	0.121	0.516	0.006	-0.010	1.314
16.742	0.167	0.094	0.514	-3.51	-0.69	0.09	-7.64	-3.01	2.57	45322	0.169	0.117	0.516	0.006	-0.011	1.314
16.758	0.167	0.093	0.514	-3.58	-0.65	0.13	-6.00	-2.98	3.52	45317	0.168	0.113	0.516	0.006	-0.013	1.314
16.762	0.166	0.091	0.514	-3.64	-0.62	0.16	-5.20	-3.13	2.83	45319	0.168	0.109	0.516	0.006	-0.014	1.314
16.770	0.168	0.092	0.513	-3.71	-0.61	0.19	-4.40	-1.17	3.50	45325	0.167	0.106	0.516	0.006	-0.015	1.313
16.778	0.167	0.090	0.513	-3.76	-0.60	0.23	-4.78	-0.68	2.73	45366	0.167	0.103	0.516	0.006	-0.016	1.313
16.781	0.167	0.089	0.513	-3.80	-0.60	0.27	-3.21	-0.28	4.54	45369	0.166	0.101	0.516	0.006	-0.017	1.313
16.790	0.167	0.087	0.513	-3.83	-0.60	0.31	-2.96	0.69	4.07	45374	0.166	0.098	0.516	0.006	-0.018	1.313
16.796	0.167	0.092	0.513	-3.90	-0.62	0.35	-1.10	1.13	4.20	45376	0.166	0.097	0.516	0.006	-0.018	1.313
16.808	0.166	0.090	0.513	-3.91	-0.63	0.39	-0.88	1.00	4.71	45436	0.165	0.095	0.515	0.006	-0.018	1.312
16.815	0.167	0.090	0.512	-3.91	-0.66	0.44	2.48	1.24	5.28	45414	0.165	0.094	0.515	0.006	-0.018	1.312
16.824	0.167	0.088	0.512	-3.87	-0.67	0.50	5.45	-0.96	6.32	45417	0.165	0.092	0.515	0.007	-0.019	1.312
16.838	0.166	0.088	0.512	-3.81	-0.64	0.56	7.10	-2.32	5.64	43247	0.165	0.091	0.515	0.007	-0.019	1.312
16.848	0.166	0.087	0.512	-3.72	-0.62	0.63	10.74	-3.11	6.77	43196	0.164	0.090	0.515	0.007	-0.019	1.312
16.856	0.165	0.084	0.512	-3.69	-0.62	0.63	11.57	-4.11	6.32	43191	0.164	0.089	0.515	0.007	-0.020	1.311
16.866	0.166	0.082	0.512	-3.57	-0.59	0.71	11.45	-4.27	6.09	43177	0.164	0.087	0.514	0.007	-0.020	1.311
16.881	0.164	0.088	0.512	-3.50	-0.54	0.77	13.17	-5.12	7.41	43160	0.163	0.087	0.514	0.007	-0.020	1.311
16.888	0.165	0.090	0.512	-3.39	-0.51	0.84	12.15	-3.92	7.53	43136	0.163	0.087	0.514	0.007	-0.020	1.311
16.898	0.168	0.093	0.512	-3.29	-0.48	0.92	10.78	-3.88	6.16	43075	0.163	0.087	0.513	0.008	-0.019	1.311
16.905	0.166	0.091	0.512	-3.17	-0.44	0.99	11.34	-3.49	7.05	43106	0.163	0.087	0.513	0.008	-0.019	1.311
16.916	0.166	0.089	0.512	-3.05	-0.40	1.06	10.81	-2.13	6.93	43117	0.163	0.087	0.513	0.008	-0.019	1.311
16.929	0.165	0.086	0.512	-2.92	-0.38	1.13	11.68	-1.56	6.24	43153	0.163	0.087	0.512	0.008	-0.019	1.311
16.938	0.165	0.098	0.513	-2.90	-0.37	1.19	12.98	-0.90	6.50	43043	0.162	0.088	0.512	0.008	-0.018	1.311
16.948	0.165	0.098	0.513	-2.78	-0.36	1.26	13.91	-1.40	6.54	43081	0.162	0.089	0.512	0.009	-0.018	1.311
16.954	0.165	0.092	0.513	-2.60	-0.35	1.32	15.48	-1.11	6.45	43141	0.162	0.089	0.512	0.009	-0.017	1.311
16.967	0.165	0.107	0.513	-2.56	-0.34	1.39	16.76	-0.90	6.63	43192	0.162	0.092	0.511	0.009	-0.016	1.311
16.979	0.166	0.107	0.513	-2.40	-0.35	1.46	18.08	-1.11	6.87	43244	0.162	0.093	0.511	0.009	-0.015	1.311
16.987	0.165	0.102	0.513	-2.19	-0.33	1.52	19.54	-1.59	6.52	43172	0.162	0.095	0.511	0.010	-0.015	1.311
17.004	0.164	0.110	0.513	-2.05	-0.32	1.59	18.64	-1.64	5.76	43222	0.162	0.097	0.510	0.010	-0.014	1.312
17.007	0.164	0.110	0.512	-1.85	-0.30	1.65	19.96	-1.32	5.75	43292	0.161	0.098	0.510	0.010	-0.013	1.312
17.017	0.164	0.125	0.512	-1.76	-0.29	1.71	20.44	-0.94	5.33	43275	0.161	0.102	0.509	0.010	-0.011	1.312
17.024	0.163	0.126	0.511	-1.56	-0.28	1.77	19.72	-0.87	5.39	43564	0.161	0.105	0.509	0.010	-0.010	1.312
17.037	0.163	0.140	0.511	-1.46	-0.27	1.82	20.16	-2.33	5.91	43548	0.161	0.109	0.508	0.010	-0.008	1.312
17.048	0.163	0.141	0.511	-1.26	-0.25	1.88	19.19	-1.21	5.42	41643	0.161	0.114	0.508	0.011	-0.006	1.313
17.059	0.162	0.156	0.510	-1.17	-0.24	1.93	20.67	-0.37	5.47	41611	0.160	0.119	0.507	0.011	-0.003	1.313
17.065	0.162	0.152	0.510	-0.93	-0.23	1.99	21.70	-2.15	5.00	41828	0.160	0.124	0.506	0.011	-0.001	1.313
17.080	0.161	0.167	0.509	-0.82	-0.20	2.04	22.60	-2.56	4.34	41779	0.160	0.130	0.506	0.011	0.002	1.313
17.088	0.161	0.162	0.509	-0.55	-0.18	2.09	24.53	-1.42	4.15	42023	0.159	0.134	0.505	0.011	0.004	1.314
17.097	0.162	0.178	0.508	-0.42	-0.17	2.13	26.23	-0.87	4.30	41987	0.159	0.140	0.504	0.011	0.006	1.314
17.107	0.162	0.179	0.508	-0.16	-0.16	2.17	28.03	-0.94	3.94	42247	0.159	0.146	0.503	0.011	0.009	1.314
17.116	0.162	0.193	0.507	0.02	-0.16	2.21	29.20	-1.13	3.86	42195	0.159	0.152	0.502	0.012	0.012	1.315
17.128	0.163	0.187	0.506	0.37	-0.15	2.25	29.09	-1.39	3.64	42474	0.159	0.157	0.501	0.012	0.014	1.315
17.138	0.163	0.205	0.506	0.54	-0.16	2.29	30.77	-1.43	3.25	42438	0.159	0.164	0.500	0.012	0.017	1.316
17.148	0.161	0.210	0.505	0.81	-0.13	2.31	31.04	-1.22	2.93	42754	0.159	0.171	0.499	0.012	0.020	1.316
17.158	0.162	0.214	0.504	1.11	-0.12	2.35	31.35	-1.41	2.39	42799	0.159	0.177	0.498	0.013	0.022	1.317
17.168	0.162	0.225	0.503	1.36	-0.11	2.37	30.62	-0.35	2.22	43102	0.159	0.184	0.497	0.013	0.025	1.317
17.176	0.161	0.226	0.502	1.67	-0.10	2.39	31.22	-2.57	2.27	43090	0.159	0.190	0.495	0.013	0.028	1.318
17.193	0.163	0.234	0.501	1.93	-0.10	2.42	28.66	-2.46	1.84	43399	0.159	0.197	0.494	0.013	0.030	1.318
17.202	0.162	0.228	0.500	2.29	-0.06	2.44	27.39	-2.58	1.34	43387	0.159	0.202	0.493	0.014	0.032	1.319
17.207	0.161	0.243	0.499	2.47	-0.03	2.45	26.08	-3.43	1.29	43674	0.159	0.208	0.492	0.014	0.035	1.319
17.219	0.164	0.235	0.498	2.82	-0.02	2.47	24.25	-3.67	2.66	43668	0.159	0.213	0.491	0.014	0.036	1.320
17.225	0.162	0.258	0.496	2.90	0.03	2.49	21.10	-2.47	1.02	43980	0.159	0.220	0.489	0.014	0.039	1.320
17.233	0.162	0.250	0.494	3.20	0.06	2.50	19.34	-1.95	1.22	43984	0.159	0.225	0.488	0.015	0.041	1.321
17.247	0.161	0.263	0.493	3.31	0.09	2.51	17.56	-2.51	1.83	42406	0.159	0.231	0.486	0.015	0.043	1.321
17.258	0.161	0.266	0.492	3.49	0.11	2.52	16.54	-2.34	1.82	42385	0.159	0.236	0.485	0.015	0.045	1.322
17.266	0.161	0.263	0.490	3.70	0.14	2.54	15.15	-1.63	1.30	42650	0.159	0.241	0.483	0.015	0.047	1.322
17.275	0.162	0.256	0.489	3.92	0.15	2.56	13.35	-1.61	0.56	42619	0.159	0.244	0.482	0.015	0.048	1.323
17.292	0.161	0.275	0.489	3.93	0.17	2.56	11.54	-0.60	0.47	42899	0.159	0.249	0.480	0.015	0.050	1.323
17.298	0.161	0.276	0.488	4.06	0.18	2.56	10.42	0.43	1.22	42527	0.159	0.254	0.479	0.016	0.051	1.324
17.307	0.161	0.278	0.486	4.18	0.18	2.57	10.33	0.47	1.06	42816	0.159	0.258	0.477	0.016	0.053	1.325
17.318	0.162	0.273	0.485	4.33	0.18	2.58	7.66	0.19	0.57	42791	0.159	0.261	0.476	0.016	0.054	1.325
17.325	0.162	0.274	0.484	4.42	0.17	2.59	6.72	1.32	0.65	43104	0.159	0.264	0.474	0.016	0.054	1.326
17.337	0.163	0.271	0.482	4.53	0.15	2.60	4.52	0.75	1.56	43047	0.159	0.266	0.473	0.016	0.055	1.327
17.347	0.162	0.293	0.481	4.42	0.15	2.61	2.20	-0.15	1.05	43370	0.159	0.271	0.471	0.017	0.056	1.328
17.360	0.162	0.297	0.479	4.43	0.15	2.62	-0.09	-0.24	1.59	43352	0.159	0.275	0.470	0.017	0.058	1.328
17.368	0.162	0.299	0.477	4.43	0.15	2.64	-3.77	0.31	0.46	43665	0.159	0.279	0.468	0.017	0.059	1.329
17.376	0.162	0.301	0.476	4.41	0.15	2.64	-4.26	-0.17	1.78	43532	0.160	0.283	0.466	0.017	0.061	1.330
17.390	0.162	0.302	0.475	4.37	0.16	2.66	-4.83	-0.97	2.15	43861	0.160	0.287	0.465	0.017	0.062	1.331
17.398	0.162	0.304	0.473	4.32	0.17	2.68	-5.10	-0.54	2.31	43844	0.160	0.290	0.463	0.017	0.063	1.331
17.409	0.163	0.304	0.471	4.27	0.17	2.70	-4.78	-1.19	2.73	44137	0.160	0.293	0.461	0.018	0.063	1.332
17.418	0.161	0.305	0.470	4.22	0.19	2.72	-5.98	-0.21	2.24	44122	0.160	0.295	0.459	0.018	0.064	1.333
17.424	0.161	0.307	0.468	4.17	0.19	2.74	-4.88	-0.64	3.81	44296	0.160	0.298	0.458	0.018	0.065	1.334
17.452	0.163	0.302	0.467	4.17	0.19	2.77	-5.52	0.25	2.69	44283	0.160	0.299	0.456	0.018	0.065	1.335
17.457	0.164	0.300	0.465	4.14	0.18	2.80	-4.37	-1.00	4.01	44582	0.160	0.300	0.454	0.018	0.065	1.335
17.460	0.164	0.298	0.461	4.12	0.19	2.84	-4.66	-0.27	3.47	44571	0.161	0.301	0.452	0.019	0.065	1.336
17.468	0.164	0.298	0.459	4.08	0.20	2.88	-6.06	-0.34	4.02	43107	0.161	0.301	0.450	0.019	0.065	1.337
17.473	0.166	0.301	0.457	4.01	0.19	2.91	-8.44	-0.81	3.90	43082	0.161	0.302	0.448	0.019	0.064	1.337
17.486	0.166	0.301	0.455	3.93	0.20	2.95	-10.56	0.47	4.23	43325	0.162	0.303	0.446	0.020	0.064	1.338
17.500	0.169	0.293	0.453	3.90	0.18	2.99	-13.31	0.43	4.80	43302	0.163	0.302	0.444	0.020	0.064	1.339
17.508	0.167	0.291	0.450	3.80	0.20	3.03	-15.90	-1.16	4.80	43565	0.163	0.302	0.442	0.020	0.063	1.339
17.516	0.167	0.292	0.448	3.64	0.21	3.08	-17.36	-1.06	4.83	43791	0.163	0.301	0.439	0.021	0.062	1.340
17.527	0.167	0.289	0.446	3.50	0.22	3.13	-20.64	-1.18	4.56	44081	0.164	0.300	0.437	0.021	0.062	1.341
17.535	0.169	0.286	0.444	3.33	0.23	3.17	-21.70	-1.31	5.31	44066	0.164	0.299	0.435	0.021	0.061	1.341
17.547	0.168	0.288	0.441	3.10	0.24	3.22	-22.66	-1.52	5.61	44364	0.165	0.298	0.432	0.021	0.060	1.342
17.556	0.168	0.283	0.439	2.92	0.27	3.28	-24.01	-1.96	5.49	44452	0.165	0.296	0.430	0.022	0.059	1.343
17.569	0.168	0.284	0.436	2.67	0.29	3.33	-23.70	-1.53	5.46	44745	0.166	0.295	0.427	0.022	0.058	1.343
17.578	0.169	0.279	0.434	2.48	0.30	3.38	-22.83	-1.10	5.47	44732	0.166	0.293	0.425	0.022	0.057	1.344
17.587	0.168	0.279	0.432	2.24	0.33	3.44	-20.39	-1.59	5.69	45028	0.166	0.292	0.423	0.022	0.056	1.345
17.601	0.170	0.278	0.429	2.04	0.33	3.49	-20.40	-1.17	5.42	45230	0.167	0.290	0.420	0.022	0.055	1.345
17.608	0.171	0.275	0.426	1.86	0.35	3.54	-19.40	-0.75	5.15	45481	0.167	0.289	0.418	0.023	0.054	1.346
17.617	0.171	0.272	0.424	1.67	0.36	3.60	-18.40	-0.12	5.39	45477	0.168	0.287	0.415	0.023	0.053	1.347
17.626	0.169	0.272	0.422	1.49	0.37	3.65	-18.19	-0.15	5.07	45705	0.168	0.285	0.413	0.023	0.052	1.347
17.642	0.171	0.271	0.420	1.31	0.36	3.70	-17.93	0.03	5.10	45700	0.168	0.283	0.411	0.023	0.051	1.348
17.646	0.168	0.271	0.418	1.12	0.39	3.76	-17.87	0.10	4.99	45602	0.169	0.282	0.409	0.023	0.051	1.349
17.656	0.169	0.266	0.416	0.98	0.39	3.81	-18.03	0.14	4.77	45699	0.169	0.280	0.407	0.023	0.050	1.349
17.666	0.170	0.268	0.414	0.77	0.38	3.85	-17.34	0.82	4.50	43691	0.169	0.278	0.404	0.023	0.049	1.350
17.675	0.170	0.264	0.412	0.63	0.37	3.90	-16.35	0.86	4.74	43746	0.169	0.276	0.402	0.023	0.048	1.351
17.687	0.172	0.263	0.409	0.47	0.35	3.94	-16.84	1.75	5.01	43744	0.170	0.275	0.400	0.023	0.047	1.352
17.699	0.171	0.261	0.407	0.31	0.34	3.99	-15.92	2.32	4.69	43818	0.170	0.273	0.398	0.023	0.047	1.352
17.699	0.171	0.261	0.405	0.15	0.32	4.04	-15.30	3.43	4.88	43877	0.170	0.271	0.396	0.023	0.046	1.353
17.717	0.172	0.259	0.403	0.00	0.28	4.09	-15.60	3.26	5.08	43958	0.170	0.269	0.394	0.023	0.045	1.354
17.728	0.172	0.256	0.400	-0.14	0.25	4.14	-14.94	3.71	4.49	44137	0.171	0.268	0.391	0.024	0.044	1.354
17.737	0.174	0.256	0.398	-0.29	0.20	4.18	-14.44	3.56	4.79	44243	0.171	0.266	0.389	0.024	0.043	1.355
17.749	0.173	0.253	0.396	-0.42	0.17	4.23	-13.39	3.04	4.97	44348	0.172	0.264	0.387	0.024	0.043	1.356
17.752	0.174	0.253	0.393	-0.57	0.14	4.28	-12.60	2.93	4.74	44448	0.172	0.263	0.384	0.024	0.042	1.356
17.767	0.174	0.250	0.392	-0.67	0.10	4.33	-11.90	3.04	5.29	44555	0.173	0.261	0.382	0.024	0.041	1.357
17.777	0.173	0.250	0.390	-0.81	0.08	4.38	-10.99	1.42	5.43	44515	0.173	0.259	0.380	0.024	0.041	1.358
17.786	0.172	0.249	0.387	-0.92	0.06	4.43	-11.26	2.07	4.35	44624	0.173	0.258	0.378	0.024	0.040	1.359
17.801	0.173	0.248	0.385	-1.03	0.03	4.47	-9.86	-0.28	4.61	44728	0.173	0.256	0.375	0.024	0.039	1.359
17.807	0.172	0.246	0.383	-1.12	0.04	4.52	-9.47	-1.05	3.57	44823	0.173	0.255	0.373	0.024	0.039	1.360
17.816	0.173	0.244	0.382	-1.21	0.04	4.56	-8.07	-1.88	3.56	44726	0.173	0.253	0.371	0.024	0.038	1.361
17.827	0.175	0.242	0.380	-1.27	0.05	4.59	-7.23	-1.37	2.63	44812	0.174	0.252	0.369	0.024	0.037	1.362
17.837	0.173	0.241	0.378	-1.35	0.07	4.62	-5.30	-1.24	3.20	44914	0.174	0.250	0.367	0.024	0.037	1.362
17.845	0.173	0.240	0.376	-1.40	0.09	4.65	-3.98	-1.69	1.95	45005	0.174	0.248	0.365	0.024	0.036	1.363
17.852	0.173	0.239	0.375	-1.45	0.11	4.67	-1.90	-2.82	2.28	45097	0.174	0.247	0.363	0.024	0.036	1.364
17.868	0.173	0.238	0.372	-1.47	0.13	4.70	-0.76	-3.23	2.22	45020	0.174	0.246	0.362	0.024	0.035	1.365
17.877	0.173	0.236	0.370	-1.47	0.16	4.72	-0.51	-2.38	2.24	42998	0.174	0.244	0.360	0.024	0.034	1.366
17.886	0.173	0.233	0.368	-1.46	0.19	4.74	-0.57	-2.14	2.31	43070	0.174	0.243	0.358	0.024	0.034	1.367
17.895	0.173	0.233	0.365	-1.46	0.21	4.77	-0.54	-1.64	1.16	43141	0.174	0.241	0.356	0.024	0.033	1.367
17.907	0.173	0.230	0.363	-1.45	0.23	4.78	-1.08	-0.31	0.70	43470	0.174	0.240	0.353	0.024	0.032	1.368
17.917	0.172	0.230	0.361	-1.46	0.24	4.79	-0.95	-0.70	0.28	43561	0.174	0.238	0.351	0.023	0.032	1.369
17.928	0.172	0.228	0.359	-1.46	0.25	4.80	-0.86	-0.53	-0.13	43668	0.174	0.237	0.349	0.023	0.031	1.369
17.937	0.173	0.226	0.356	-1.46	0.25	4.80	-1.80	0.40	-0.82	43802	0.174	0.235	0.346	0.023	0.030	1.370
17.943	0.172	0.226	0.354	-1.47	0.26	4.79	-2.42	1.00	-1.62	43923	0.174	0.234	0.344	0.023	0.030	1.371
17.953	0.172	0.225	0.352	-1.50	0.25	4.78	-3.42	1.30	-2.37	44151	0.174	0.233	0.342	0.023	0.029	1.372
17.958	0.172	0.224	0.349	-1.53	0.24	4.76	-4.17	3.24	-2.86	44302	0.174	0.232	0.339	0.023	0.029	1.372
17.977	0.169	0.224	0.347	-1.57	0.24	4.73	-4.26	4.75	-3.27	44439	0.174	0.230	0.337	0.022	0.028	1.373
17.987	0.170	0.222	0.344	-1.60	0.19	4.70	-3.60	4.10	-3.50	44586	0.173	0.229	0.335	0.022	0.028	1.374
18.026	0.170	0.222	0.342	-1.64	0.14	4.66	-2.76	3.71	-4.62	44770	0.173	0.228	0.332	0.022	0.027	1.375
18.026	0.170	0.221	0.340	-1.67	0.10	4.62	-2.15	4.16	-4.87	44907	0.173	0.227	0.330	0.022	0.027	1.375
18.035	0.171	0.220	0.338	-1.69	0.06	4.57	-1.13	4.01	-5.08	45047	0.173	0.226	0.328	0.022	0.026	1.376
18.038	0.171	0.218	0.335	-1.69	0.02	4.51	0.29	3.41	-5.88	45178	0.173	0.225	0.325	0.021	0.026	1.377
18.041	0.171	0.218	0.332	-1.69	-0.01	4.46	2.39	3.31	-6.19	45549	0.173	0.224	0.323	0.021	0.026	1.378
18.045	0.171	0.219	0.329	-1.69	-0.05	4.40	3.54	1.94	-6.46	45692	0.173	0.224	0.320	0.021	0.025	1.378
18.056	0.171	0.221	0.327	-1.68	-0.07	4.33	3.65	1.65	-6.78	45839	0.173	0.223	0.318	0.021	0.025	1.379
18.067	0.168	0.223	0.324	-1.68	-0.06	4.26	4.65	1.36	-7.53	45979	0.172	0.223	0.315	0.021	0.025	1.380
18.077	0.169	0.224	0.323	-1.64	-0.08	4.19	5.55	-0.07	-8.04	46105	0.172	0.223	0.313	0.021	0.025	1.380
18.085	0.161	0.222	0.320	-1.58	0.01	4.10	5.72	-0.91	-8.13	43988	0.171	0.223	0.311	0.020	0.025	1.381
18.095	0.160	0.222	0.318	-1.53	0.02	4.02	6.80	-0.02	-8.71	44105	0.170	0.223	0.309	0.019	0.025	1.382
18.109	0.160	0.222	0.315	-1.46	0.03	3.94	8.04	-0.11	-8.84	44225	0.169	0.223	0.307	0.019	0.025	1.382
18.117	0.160	0.221	0.313	-1.38	0.03	3.85	6.92	-0.28	-8.96	44337	0.168	0.223	0.304	0.018	0.025	1.383
18.125	0.160	0.222	0.310	-1.31	0.03	3.76	7.74	0.96	-9.07	44517	0.167	0.223	0.302	0.017	0.025	1.384
18.137	0.159	0.222	0.308	-1.24	0.02	3.67	8.37	1.74	-8.83	44649	0.166	0.223	0.299	0.017	0.024	1.384
18.147	0.160	0.222	0.305	-1.16	-0.00	3.59	8.72	3.72	-9.21	44779	0.165	0.223	0.297	0.017	0.024	1.385
18.155	0.160	0.222	0.303	-1.07	-0.04	3.49	8.02	5.28	-8.75	44895	0.165	0.223	0.295	0.016	0.024	1.386
18.169	0.159	0.221	0.302	-0.98	-0.09	3.41	8.47	6.68	-8.57	45026	0.164	0.223	0.292	0.016	0.024	1.386
18.176	0.160	0.222	0.300	-0.91	-0.16	3.32	8.84	7.28	-8.26	44825	0.164	0.223	0.290	0.016	0.024	1.387
18.187	0.160	0.222	0.297	-0.82	-0.23	3.24	8.71	7.25	-7.83	44955	0.163	0.223	0.288	0.015	0.024	1.388
18.195	0.159	0.221	0.295	-0.72	-0.29	3.16	9.18	6.54	-7.54	45081	0.163	0.223	0.286	0.015	0.024	1.388
18.212	0.159	0.221	0.293	-0.63	-0.37	3.08	8.77	5.07	-6.51	45214	0.162	0.223	0.284	0.015	0.024	1.389
18.217	0.159	0.221	0.291	-0.54	-0.42	3.01	8.95	2.76	-6.65	45238	0.162	0.223	0.282	0.015	0.024	1.390
18.225	0.157	0.231	0.288	-0.59	-0.44	2.95	8.37	1.45	-5.91	45368	0.161	0.224	0.280	0.014	0.024	1.391
18.237	0.157	0.232	0.286	-0.51	-0.46	2.89	7.39	-0.47	-6.31	45504	0.161	0.225	0.277	0.014	0.025	1.391
18.245	0.156	0.233	0.284	-0.44	-0.46	2.83	6.49	-1.45	-6.26	45602	0.160	0.227	0.275	0.014	0.025	1.392
18.258	0.156	0.232	0.281	-0.36	-0.44	2.76	6.17	-1.79	-6.63	45684	0.159	0.228	0.273	0.014	0.025	1.393
18.267	0.156	0.233	0.279	-0.30	-0.44	2.70	7.49	-1.69	-5.48	45806	0.159	0.229	0.271	0.013	0.026	1.393
18.276	0.156	0.233	0.277	-0.23	-0.42	2.64	8.20	-2.52	-5.76	45902	0.159	0.229	0.269	0.013	0.026	1.394
18.286	0.157	0.233	0.274	-0.14	-0.41	2.59	10.81	-3.23	-5.68	45998	0.158	0.230	0.267	0.013	0.026	1.394
18.297	0.157	0.233	0.271	-0.04	-0.38	2.54	11.09	-1.90	-5.51	43997	0.158	0.231	0.264	0.013	0.026	1.395
18.305	0.157	0.240	0.269	-0.02	-0.36	2.48	12.25	-1.69	-4.89	44228	0.158	0.232	0.262	0.013	0.027	1.395
18.317	0.156	0.240	0.266	0.10	-0.34	2.43	11.94	-1.11	-4.61	44310	0.158	0.234	0.260	0.013	0.027	1.396
18.328	0.156	0.241	0.264	0.22	-0.32	2.39	11.83	-0.37	-4.74	44415	0.157	0.235	0.257	0.013	0.028	1.396
18.336	0.156	0.242	0.261	0.33	-0.32	2.34	10.75	0.88	-4.77	44526	0.157	0.236	0.255	0.013	0.028	1.397
18.346	0.156	0.241	0.259	0.45	-0.32	2.29	9.93	1.23	-4.63	44683	0.157	0.237	0.253	0.013	0.028	1.397
18.359	0.156	0.241	0.257	0.55	-0.33	2.24	9.24	1.85	-4.58	44797	0.157	0.238	0.250	0.012	0.029	1.398
18.363	0.156	0.242	0.254	0.64	-0.35	2.20	7.81	2.24	-4.00	44919	0.156	0.239	0.248	0.012	0.029	1.398
18.379	0.156	0.242	0.252	0.72	-0.37	2.16	6.65	2.05	-3.39	45042	0.156	0.240	0.245	0.012	0.029	1.399
18.386	0.156	0.242	0.250	0.79	-0.39	2.12	6.11	0.88	-3.00	45171	0.156	0.241	0.243	0.012	0.029	1.399
18.397	0.155	0.242	0.248	0.87	-0.40	2.09	4.60	0.56	-2.43	45111	0.156	0.241	0.241	0.012	0.029	1.400
18.404	0.153	0.250	0.246	0.79	-0.39	2.06	3.44	-0.59	-2.89	45253	0.155	0.243	0.239	0.012	0.030	1.400
18.419	0.153	0.250	0.243	0.83	-0.38	2.04	2.84	-1.45	-2.34	45381	0.155	0.244	0.237	0.012	0.030	1.401
18.427	0.153	0.251	0.240	0.86	-0.37	2.01	2.78	-2.33	-2.48	45495	0.155	0.245	0.234	0.012	0.031	1.401
18.435	0.153	0.251	0.237	0.89	-0.35	1.98	2.78	-2.50	-2.69	45832	0.154	0.246	0.232	0.012	0.031	1.402
18.443	0.153	0.252	0.235	0.92	-0.32	1.96	3.46	-3.34	-2.26	45954	0.154	0.248	0.229	0.012	0.031	1.402
18.454	0.153	0.252	0.232	0.95	-0.29	1.94	4.72	-2.66	-1.55	46069	0.154	0.249	0.227	0.012	0.031	1.403
18.467	0.153	0.251	0.230	1.02	-0.28	1.92	5.05	-3.88	-1.84	46213	0.153	0.249	0.225	0.012	0.032	1.403
18.476	0.153	0.250	0.228	1.10	-0.24	1.90	4.74	-3.48	-2.24	46339	0.153	0.250	0.222	0.012	0.032	1.403
18.485	0.152	0.248	0.225	1.17	-0.19	1.88	3.03	-3.45	-3.00	46433	0.153	0.250	0.220	0.012	0.032	1.404
18.498	0.152	0.247	0.223	1.24	-0.16	1.85	3.18	-1.63	-2.85	44478	0.153	0.250	0.218	0.012	0.031	1.404
18.506	0.154	0.246	0.220	1.29	-0.16	1.83	1.39	-0.99	-2.70	44567	0.153	0.250	0.216	0.012	0.031	1.405
18.519	0.153	0.244	0.217	1.34	-0.14	1.80	-1.06	-0.70	-2.48	44642	0.153	0.249	0.213	0.012	0.031	1.405
18.527	0.152	0.243	0.214	1.35	-0.11	1.77	-4.81	-0.21	-2.91	44951	0.152	0.249	0.211	0.012	0.030	1.405
18.536	0.153	0.242	0.212	1.35	-0.14	1.74	-6.68	1.22	-2.81	45070	0.152	0.248	0.208	0.012	0.030	1.405
18.544	0.150	0.239	0.209	1.33	-0.09	1.71	-7.87	0.66	-2.76	45189	0.152	0.247	0.206	0.012	0.029	1.406
18.556	0.150	0.239	0.207	1.26	-0.10	1.69	-10.39	0.29	-2.97	45303	0.152	0.247	0.203	0.011	0.029	1.406
18.563	0.150	0.237	0.204	1.19	-0.11	1.66	-13.66	1.42	-2.97	45478	0.151	0.246	0.201	0.011	0.028	1.406
18.575	0.150	0.237	0.202	1.06	-0.12	1.63	-17.64	1.20	-3.55	45605	0.151	0.245	0.198	0.011	0.027	1.406
18.587	0.150	0.237	0.199	0.89	-0.13	1.60	-20.58	0.25	-4.12	45718	0.151	0.244	0.196	0.011	0.027	1.407
18.597	0.150	0.237	0.197	0.69	-0.14	1.56	-20.41	0.41	-4.23	45820	0.150	0.243	0.193	0.011	0.026	1.407
18.603	0.150	0.234	0.195	0.52	-0.15	1.52	-17.57	-0.37	-3.94	45930	0.150	0.242	0.191	0.011	0.026	1.407
18.621	0.150	0.234	0.192	0.34	-0.15	1.48	-13.59	-0.96	-3.96	45911	0.150	0.241	0.189	0.011	0.025	1.407
18.624	0.150	0.232	0.190	0.22	-0.15	1.44	-8.96	-1.27	-3.90	46001	0.150	0.240	0.187	0.011	0.025	1.408
18.636	0.150	0.232	0.188	0.11	-0.14	1.40	-6.08	-2.10	-4.44	46108	0.150	0.239	0.184	0.011	0.024	1.408
18.644	0.150	0.231	0.186	0.05	-0.12	1.36	-2.14	-2.31	-4.20	46233	0.150	0.238	0.182	0.011	0.024	1.408
18.656	0.150	0.231	0.184	0.02	-0.10	1.32	0.44	-3.83	-4.05	46202	0.150	0.237	0.180	0.011	0.023	1.409
18.664	0.150	0.230	0.181	0.02	-0.06	1.28	2.60	-5.02	-4.00	46305	0.149	0.237	0.178	0.011	0.023	1.409
18.673	0.151	0.230	0.179	0.05	-0.05	1.24	4.47	-4.42	-3.53	46424	0.150	0.236	0.176	0.012	0.022	1.409
18.686	0.150	0.231	0.176	0.04	0.03	1.20	5.24	-4.79	-3.52	46522	0.149	0.235	0.174	0.012	0.022	1.409
18.696	0.150	0.231	0.175	0.09	0.07	1.17	3.37	-3.57	-3.65	46442	0.149	0.235	0.172	0.012	0.022	1.409
18.706	0.148	0.233	0.173	0.07	0.15	1.13	-0.14	-2.66	-3.32	44472	0.149	0.234	0.170	0.011	0.022	1.410
18.714	0.147	0.234	0.171	0.04	0.20	1.09	-4.31	-1.68	-2.83	44556	0.149	0.234	0.168	0.011	0.022	1.410
18.725	0.149	0.234	0.168	-0.00	0.15	1.06	-7.10	0.07	-3.17	44639	0.149	0.234	0.166	0.011	0.022	1.410
18.737	0.152	0.235	0.165	-0.08	0.09	1.03	-7.23	2.60	-3.18	44725	0.149	0.234	0.164	0.012	0.022	1.410
18.745	0.152	0.234	0.163	-0.14	0.07	1.00	-6.68	3.07	-3.22	45041	0.149	0.234	0.161	0.012	0.022	1.410
18.758	0.151	0.233	0.160	-0.19	0.06	0.97	-3.43	2.57	-2.74	45144	0.149	0.234	0.159	0.012	0.022	1.410
18.766	0.151	0.230	0.158	-0.15	0.02	0.94	0.15	1.60	-2.72	45270	0.149	0.234	0.157	0.012	0.021	1.410
18.773	0.152	0.230	0.155	-0.17	-0.01	0.92	-0.56	-1.49	-2.85	45413	0.149	0.233	0.154	0.012	0.021	1.410
18.787	0.152	0.229	0.153	-0.15	-0.00	0.89	-2.47	-1.85	-2.74	45659	0.150	0.233	0.152	0.012	0.021	1.411
18.799	0.152	0.229	0.150	-0.17	0.02	0.86	-3.09	-0.26	-2.89	45776	0.150	0.232	0.150	0.013	0.021	1.411
18.807	0.151	0.229	0.148	-0.20	0.06	0.83	-4.07	2.09	-2.74	45882	0.150	0.232	0.147	0.013	0.021	1.411
18.816	0.152	0.229	0.145	-0.25	0.00	0.80	-5.70	3.76	-2.95	46002	0.150	0.232	0.145	0.013	0.020	1.411
18.829	0.152	0.229	0.143	-0.31	-0.04	0.78	-6.28	4.69	-2.68	46129	0.150	0.231	0.143	0.013	0.020	1.411
18.831	0.152	0.227	0.140	-0.29	-0.08	0.75	-5.11	5.04	-3.28	46315	0.150	0.231	0.140	0.013	0.020	1.411
18.847	0.152	0.226	0.138	-0.33	-0.13	0.72	-2.64	2.33	-3.55	46413	0.150	0.230	0.138	0.013	0.020	1.411
18.855	0.152	0.225	0.135	-0.36	-0.16	0.68	0.28	-0.39	-3.12	46512	0.150	0.229	0.136	0.013	0.019	1.411
18.866	0.152	0.225	0.132	-0.37	-0.16	0.65	4.66	-3.64	-3.50	46610	0.150	0.229	0.133	0.013	0.019	1.411
18.874	0.152	0.224	0.130	-0.31	-0.16	0.61	6.83	-6.85	-3.55	46852	0.151	0.228	0.131	0.013	0.019	1.410
18.887	0.153	0.224	0.127	-0.25	-0.10	0.58	8.08	-7.45	-3.11	46967	0.151	0.228	0.129	0.014	0.018	1.410
18.897	0.153	0.222	0.125	-0.09	-0.07	0.55	6.99	-6.55	-3.33	47077	0.151	0.227	0.127	0.014	0.018	1.410
18.907	0.153	0.222	0.123	-0.03	0.01	0.52	4.19	-4.83	-3.32	45148	0.151	0.226	0.124	0.014	0.018	1.410
18.918	0.153	0.221	0.119	0.02	0.07	0.48	-1.42	-4.45	-3.39	45492	0.151	0.226	0.122	0.014	0.017	1.410
18.931	0.153	0.221	0.116	0.01	0.13	0.45	-7.39	-2.46	-3.71	45564	0.152	0.225	0.119	0.014	0.017	1.410
18.938	0.153	0.220	0.114	-0.05	0.16	0.41	-9.50	0.04	-4.43	45626	0.152	0.224	0.117	0.014	0.017	1.409
18.946	0.153	0.220	0.112	-0.18	0.19	0.37	-11.11	3.26	-4.71	45704	0.152	0.224	0.115	0.014	0.017	1.409
18.958	0.154	0.219	0.115	-0.20	0.14	0.33	-12.53	2.41	-4.93	45772	0.152	0.223	0.113	0.015	0.016	1.409
18.966	0.154	0.218	0.113	-0.34	0.11	0.28	-12.66	4.40	-4.76	44870	0.152	0.223	0.112	0.015	0.016	1.409
18.974	0.154	0.218	0.111	-0.48	0.10	0.23	-11.10	3.98	-4.91	44944	0.152	0.222	0.110	0.015	0.016	1.409
18.987	0.154	0.217	0.108	-0.61	0.07	0.18	-7.85	3.96	-5.18	45002	0.153	0.221	0.108	0.015	0.015	1.409
18.996	0.154	0.217	0.110	-0.69	0.03	0.13	-5.46	3.77	-5.62	45060	0.153	0.221	0.107	0.015	0.015	1.410
19.022	0.154	0.216	0.108	-0.76	-0.00	0.07	-2.75	3.80	-6.02	44543	0.153	0.220	0.106	0.015	0.015	1.410
19.031	0.154	0.216	0.106	-0.49	-0.11	0.02	0.26	3.73	-5.80	44630	0.153	0.220	0.104	0.015	0.014	1.410
19.034	0.154	0.215	0.104	-0.52	-0.11	-0.04	4.90	2.79	-4.97	44724	0.153	0.219	0.103	0.015	0.014	1.410
19.037	0.154	0.214	0.102	-0.51	-0.15	-0.09	9.81	3.62	-3.89	44741	0.153	0.218	0.101	0.015	0.014	1.410
19.047	0.154	0.213	0.099	-0.48	-0.17	-0.14	11.11	2.04	-3.26	44789	0.153	0.218	0.099	0.015	0.013	1.410
19.055	0.154	0.212	0.097	-0.36	-0.22	-0.17	7.36	1.76	-2.48	45111	0.153	0.217	0.097	0.015	0.013	1.410
19.064	0.155	0.211	0.095	-0.31	-0.23	-0.19	1.15	-0.68	-1.50	45227	0.153	0.216	0.096	0.015	0.013	1.410
19.074	0.155	0.211	0.093	-0.24	-0.26	-0.21	-4.25	-4.08	-0.70	45342	0.154	0.215	0.094	0.016	0.012	1.410
19.082	0.154	0.209	0.090	-0.35	-0.32	-0.21	-10.83	-7.80	-0.14	45468	0.154	0.215	0.092	0.016	0.012	1.410
19.097	0.155	0.209	0.088	-0.47	-0.23	-0.21	-17.14	-12.82	0.80	45801	0.154	0.214	0.090	0.016	0.012	1.410
19.105	0.155	0.208	0.086	-0.64	-0.11	-0.21	-19.53	-16.92	1.30	45908	0.154	0.213	0.088	0.016	0.011	1.410
