t	x	y	z	roll	pitch	yaw	g_x	g_y	g_z	thrust	eso_x	eso_y	eso_z	dist_x	dist_y	dist_z
0.025	-0.235	-0.113	0.000	0.58	1.83	-0.23	0.13	-0.37	-0.23	0	-0.235	-0.113	0.000	-0.000	-0.000	0.000
0.036	-0.237	-0.115	0.000	0.66	1.89	-0.20	-0.05	-0.00	0.29	0	-0.235	-0.114	-0.001	-0.000	-0.000	0.000
0.044	-0.236	-0.114	0.000	0.64	1.88	-0.21	0.25	-0.35	-0.07	0	-0.235	-0.114	-0.002	-0.000	-0.000	0.000
0.055	-0.236	-0.115	0.000	0.66	1.87	-0.20	0.07	-0.00	0.03	0	-0.236	-0.114	-0.004	-0.000	-0.000	0.001
0.065	-0.236	-0.114	0.000	0.65	1.87	-0.20	0.03	-0.44	-0.03	0	-0.236	-0.114	-0.007	-0.000	-0.000	0.001
0.076	-0.235	-0.116	0.000	0.71	1.82	-0.19	0.09	-0.19	0.06	0	-0.236	-0.114	-0.010	-0.000	-0.000	0.002
0.081	-0.237	-0.114	0.000	0.65	1.88	-0.20	-0.05	-0.26	-0.28	0	-0.236	-0.114	-0.013	-0.000	-0.000	0.003
0.092	-0.237	-0.114	0.000	0.64	1.88	-0.20	-0.14	-0.09	0.02	0	-0.236	-0.114	-0.016	-0.000	-0.000	0.004
0.101	-0.237	-0.114	0.000	0.66	1.87	-0.20	-0.06	-0.22	0.21	0	-0.236	-0.114	-0.020	-0.000	-0.000	0.006
0.114	-0.237	-0.111	0.000	0.54	1.88	-0.24	0.08	-0.19	-0.19	0	-0.236	-0.114	-0.024	-0.000	-0.000	0.007
0.125	-0.239	-0.114	0.000	0.67	1.97	-0.17	0.32	-0.01	0.18	0	-0.237	-0.114	-0.028	-0.001	-0.000	0.010
0.134	-0.244	-0.114	0.000	0.66	2.14	-0.13	-0.05	-0.13	-0.06	0	-0.237	-0.114	-0.032	-0.001	-0.000	0.012
0.145	-0.244	-0.113	0.000	0.63	2.13	-0.15	-0.09	-0.26	-0.01	0	-0.238	-0.114	-0.036	-0.001	-0.000	0.015
0.153	-0.244	-0.113	0.000	0.62	2.11	-0.15	-0.14	-0.15	-0.09	0	-0.239	-0.114	-0.040	-0.001	-0.000	0.018
0.164	-0.243	-0.115	0.000	0.70	2.08	-0.14	0.10	-0.15	-0.02	0	-0.239	-0.114	-0.045	-0.002	-0.000	0.021
0.178	-0.243	-0.115	0.000	0.70	2.06	-0.14	-0.05	-0.10	0.14	0	-0.240	-0.114	-0.049	-0.002	-0.000	0.025
0.180	-0.244	-0.114	0.000	0.67	2.06	-0.15	0.12	0.05	0.11	0	-0.240	-0.114	-0.053	-0.002	-0.000	0.029
0.195	-0.243	-0.113	0.000	0.65	2.00	-0.17	0.12	-0.13	0.03	0	-0.241	-0.114	-0.058	-0.002	-0.000	0.033
0.206	-0.243	-0.113	0.000	0.64	2.01	-0.17	0.04	-0.09	0.06	0	-0.241	-0.114	-0.062	-0.002	-0.000	0.038
0.217	-0.243	-0.114	0.000	0.69	1.99	-0.16	0.06	-0.39	0.16	0	-0.241	-0.114	-0.066	-0.002	-0.000	0.043
0.221	-0.243	-0.114	0.000	0.68	1.99	-0.16	-0.16	-0.16	0.08	0	-0.242	-0.114	-0.070	-0.002	-0.000	0.049
0.234	-0.245	-0.113	0.000	0.67	2.04	-0.15	0.05	-0.20	0.29	0	-0.242	-0.114	-0.075	-0.002	-0.000	0.054
0.241	-0.244	-0.115	0.000	0.72	1.98	-0.16	-0.13	-0.30	0.10	0	-0.242	-0.114	-0.079	-0.003	-0.000	0.060
0.252	-0.245	-0.113	0.000	0.66	2.02	-0.16	0.15	-0.22	-0.05	0	-0.243	-0.114	-0.083	-0.003	-0.000	0.067
0.262	-0.243	-0.114	0.000	0.68	1.94	-0.18	-0.08	-0.22	0.17	0	-0.243	-0.114	-0.087	-0.003	-0.000	0.073
0.275	-0.244	-0.114	0.000	0.70	1.94	-0.17	0.05	-0.28	-0.08	0	-0.243	-0.114	-0.091	-0.003	-0.000	0.080
0.284	-0.244	-0.113	0.000	0.65	1.93	-0.18	-0.04	-0.12	0.19	0	-0.243	-0.114	-0.095	-0.003	-0.000	0.087
0.296	-0.243	-0.118	0.000	0.87	1.90	-0.14	0.13	-0.13	0.25	0	-0.243	-0.114	-0.099	-0.003	-0.000	0.095
0.305	-0.244	-0.119	0.000	0.89	1.91	-0.14	-0.18	-0.44	-0.04	0	-0.243	-0.115	-0.103	-0.003	-0.000	0.103
0.316	-0.244	-0.116	0.000	0.76	1.93	-0.16	0.25	-0.17	0.09	0	-0.244	-0.115	-0.107	-0.003	-0.000	0.111
0.321	-0.244	-0.112	0.000	0.59	1.90	-0.21	0.15	-0.28	0.02	0	-0.244	-0.115	-0.111	-0.003	-0.000	0.119
0.335	-0.245	-0.111	0.000	0.54	1.94	-0.21	-0.15	-0.23	-0.17	0	-0.244	-0.114	-0.115	-0.003	-0.000	0.128
0.344	-0.245	-0.111	0.000	0.58	1.93	-0.21	0.10	-0.40	0.04	0	-0.244	-0.114	-0.119	-0.003	-0.000	0.137
0.352	-0.244	-0.112	0.000	0.60	1.87	-0.22	0.06	-0.26	0.00	0	-0.244	-0.114	-0.123	-0.003	0.000	0.147
0.362	-0.244	-0.112	0.000	0.63	1.87	-0.21	-0.14	-0.12	-0.15	0	-0.244	-0.113	-0.126	-0.003	0.000	0.156
0.375	-0.244	-0.111	0.000	0.57	1.89	-0.22	0.02	-0.03	0.00	0	-0.244	-0.113	-0.130	-0.003	0.000	0.166
0.384	-0.244	-0.112	0.000	0.64	1.87	-0.21	0.03	-0.38	-0.07	0	-0.244	-0.113	-0.134	-0.003	0.000	0.176
0.393	-0.244	-0.111	0.000	0.60	1.85	-0.22	-0.01	-0.18	-0.24	0	-0.244	-0.113	-0.137	-0.003	0.000	0.187
0.404	-0.244	-0.111	0.000	0.60	1.85	-0.22	-0.08	-0.15	0.25	0	-0.244	-0.113	-0.141	-0.003	0.000	0.197
0.414	-0.244	-0.112	0.000	0.63	1.85	-0.21	0.01	-0.16	-0.04	0	-0.244	-0.113	-0.144	-0.003	0.000	0.208
0.427	-0.248	-0.110	0.000	0.56	2.02	-0.19	-0.07	0.09	0.15	0	-0.245	-0.112	-0.148	-0.003	0.001	0.220
0.435	-0.247	-0.112	0.000	0.63	1.97	-0.18	0.27	-0.09	-0.10	0	-0.245	-0.112	-0.151	-0.003	0.001	0.231
0.445	-0.246	-0.111	0.000	0.61	1.90	-0.20	0.23	-0.18	-0.17	0	-0.245	-0.112	-0.155	-0.003	0.001	0.243
0.455	-0.249	-0.111	0.000	0.59	2.03	-0.18	0.18	-0.44	0.09	0	-0.246	-0.112	-0.158	-0.003	0.001	0.255
0.465	-0.248	-0.111	0.000	0.59	1.96	-0.19	-0.00	-0.23	0.08	0	-0.246	-0.112	-0.161	-0.003	0.001	0.267
0.477	-0.247	-0.111	0.000	0.60	1.91	-0.20	0.11	-0.24	0.10	0	-0.246	-0.112	-0.165	-0.003	0.001	0.280
0.484	-0.246	-0.106	0.000	0.39	1.86	-0.27	-0.14	-0.06	-0.09	0	-0.246	-0.111	-0.168	-0.003	0.001	0.292
0.493	-0.246	-0.105	0.000	0.37	1.89	-0.27	-0.09	-0.11	-0.14	0	-0.246	-0.110	-0.171	-0.003	0.001	0.305
0.507	-0.247	-0.104	0.000	0.37	1.89	-0.27	0.12	-0.29	0.10	0	-0.247	-0.109	-0.174	-0.003	0.002	0.319
0.517	-0.246	-0.108	0.000	0.52	1.87	-0.23	0.08	-0.10	-0.07	0	-0.247	-0.109	-0.177	-0.003	0.002	0.332
0.522	-0.247	-0.105	0.000	0.42	1.88	-0.26	0.15	-0.44	-0.22	0	-0.247	-0.108	-0.180	-0.003	0.002	0.346
0.533	-0.246	-0.104	0.000	0.41	1.85	-0.26	0.10	-0.23	0.12	0	-0.247	-0.108	-0.183	-0.003	0.002	0.360
0.543	-0.245	-0.105	0.000	0.47	1.82	-0.25	0.11	-0.14	-0.16	0	-0.247	-0.108	-0.186	-0.003	0.002	0.374
0.555	-0.245	-0.106	0.000	0.51	1.78	-0.23	-0.01	-0.02	0.19	0	-0.247	-0.107	-0.189	-0.003	0.002	0.388
0.564	-0.246	-0.106	0.000	0.50	1.82	-0.24	0.02	-0.28	-0.15	0	-0.247	-0.107	-0.192	-0.003	0.002	0.403
0.574	-0.246	-0.104	0.000	0.45	1.83	-0.25	0.09	-0.08	0.12	0	-0.247	-0.107	-0.195	-0.003	0.002	0.417
0.584	-0.245	-0.105	0.000	0.52	1.81	-0.23	-0.07	-0.36	-0.17	0	-0.247	-0.106	-0.198	-0.003	0.002	0.432
0.595	-0.246	-0.106	0.000	0.56	1.80	-0.21	0.16	0.05	0.02	0	-0.246	-0.106	-0.200	-0.003	0.002	0.448
0.605	-0.246	-0.110	0.000	0.75	1.82	-0.14	-0.13	-0.05	-0.14	0	-0.247	-0.107	-0.203	-0.003	0.002	0.463
0.615	-0.248	-0.108	0.000	0.66	1.89	-0.17	0.21	-0.25	0.05	0	-0.247	-0.107	-0.206	-0.003	0.002	0.479
0.626	-0.244	-0.107	0.000	0.60	1.73	-0.20	0.10	-0.06	-0.06	0	-0.247	-0.107	-0.208	-0.003	0.002	0.495
0.631	-0.243	-0.107	0.000	0.61	1.69	-0.20	-0.11	-0.43	-0.09	0	-0.246	-0.107	-0.211	-0.003	0.002	0.511
0.646	-0.244	-0.115	0.000	0.97	1.72	-0.04	0.25	-0.26	0.32	0	-0.246	-0.108	-0.213	-0.002	0.002	0.527
0.657	-0.245	-0.116	0.000	1.01	1.75	-0.02	0.12	-0.29	-0.08	0	-0.246	-0.109	-0.216	-0.002	0.001	0.543
0.664	-0.245	-0.116	0.000	0.96	1.77	-0.04	-0.05	-0.28	0.03	0	-0.246	-0.110	-0.218	-0.002	0.001	0.560
0.672	-0.245	-0.114	0.000	0.86	1.77	-0.09	-0.03	-0.23	-0.12	0	-0.246	-0.110	-0.221	-0.002	0.001	0.577
0.683	-0.244	-0.116	0.000	0.95	1.71	-0.05	0.06	-0.20	0.17	0	-0.246	-0.111	-0.223	-0.002	0.001	0.593
0.695	-0.245	-0.117	0.000	0.97	1.78	-0.03	0.10	0.00	-0.01	0	-0.246	-0.112	-0.226	-0.002	0.000	0.611
0.703	-0.251	-0.117	0.000	0.95	2.05	0.03	0.00	0.13	0.13	0	-0.246	-0.112	-0.228	-0.002	-0.000	0.628
0.716	-0.251	-0.116	0.000	0.90	2.05	0.00	0.10	-0.12	-0.05	0	-0.247	-0.113	-0.230	-0.003	-0.000	0.645
0.724	-0.252	-0.116	0.000	0.88	2.06	-0.00	0.20	0.13	0.31	0	-0.248	-0.113	-0.232	-0.003	-0.000	0.663
0.734	-0.250	-0.118	0.000	0.95	1.95	-0.00	-0.11	-0.32	0.03	0	-0.248	-0.114	-0.235	-0.003	-0.001	0.681
0.744	-0.251	-0.117	0.000	0.87	2.02	-0.02	0.02	-0.24	-0.01	0	-0.249	-0.114	-0.237	-0.003	-0.001	0.699
0.754	-0.251	-0.117	0.000	0.87	1.99	-0.02	-0.12	-0.08	0.08	0	-0.249	-0.115	-0.239	-0.003	-0.001	0.717
0.765	-0.251	-0.118	0.000	0.89	1.95	-0.03	0.05	-0.09	0.10	0	-0.249	-0.115	-0.241	-0.003	-0.001	0.735
0.775	-0.251	-0.120	0.000	0.98	1.94	0.00	0.04	-0.18	0.18	0	-0.250	-0.116	-0.243	-0.003	-0.001	0.754
0.780	-0.248	-0.116	0.000	0.78	1.83	-0.11	0.17	-0.22	-0.20	0	-0.249	-0.116	-0.245	-0.003	-0.001	0.772
0.796	-0.248	-0.116	0.000	0.79	1.83	-0.11	0.13	-0.14	0.01	0	-0.249	-0.116	-0.247	-0.003	-0.001	0.791
0.804	-0.248	-0.117	0.000	0.79	1.83	-0.11	-0.06	-0.22	0.06	0	-0.249	-0.116	-0.249	-0.003	-0.001	0.810
0.812	-0.248	-0.116	0.000	0.77	1.81	-0.12	0.02	-0.26	-0.07	0	-0.249	-0.116	-0.251	-0.003	-0.001	0.829
0.823	-0.248	-0.117	0.000	0.80	1.81	-0.11	-0.09	-0.12	-0.02	0	-0.249	-0.116	-0.253	-0.003	-0.001	0.848
0.834	-0.248	-0.116	0.000	0.73	1.81	-0.14	0.06	-0.33	-0.04	0	-0.249	-0.116	-0.255	-0.003	-0.001	0.868
0.845	-0.248	-0.116	0.000	0.73	1.81	-0.14	-0.14	-0.08	0.01	0	-0.249	-0.116	-0.257	-0.003	-0.001	0.887
0.854	-0.248	-0.117	0.000	0.73	1.81	-0.14	-0.01	-0.28	-0.07	0	-0.249	-0.116	-0.259	-0.003	-0.001	0.907
0.865	-0.248	-0.116	0.000	0.69	1.81	-0.15	0.09	0.16	0.14	0	-0.249	-0.116	-0.261	-0.003	-0.001	0.927
0.875	-0.248	-0.116	0.000	0.69	1.81	-0.15	0.07	-0.23	0.12	0	-0.249	-0.116	-0.262	-0.003	-0.001	0.947
0.881	-0.248	-0.116	0.000	0.69	1.81	-0.15	0.07	0.16	0.21	0	-0.249	-0.116	-0.264	-0.003	-0.001	0.967
0.896	-0.248	-0.117	0.000	0.73	1.81	-0.13	0.01	0.07	0.11	0	-0.249	-0.116	-0.266	-0.003	-0.001	0.987
0.901	-0.248	-0.117	0.000	0.69	1.81	-0.15	-0.14	-0.26	0.01	0	-0.249	-0.116	-0.268	-0.003	-0.001	1.007
0.912	-0.248	-0.116	0.000	0.66	1.81	-0.16	0.09	-0.24	-0.16	0	-0.249	-0.116	-0.269	-0.003	-0.001	1.028
0.922	-0.248	-0.116	0.000	0.66	1.81	-0.16	-0.10	-0.23	-0.06	0	-0.249	-0.116	-0.271	-0.003	-0.001	1.048
0.934	-0.250	-0.115	0.000	0.62	1.89	-0.15	0.13	-0.27	0.15	0	-0.249	-0.116	-0.272	-0.003	-0.001	1.069
0.943	-0.249	-0.117	0.000	0.68	1.81	-0.15	-0.03	-0.46	0.01	0	-0.249	-0.116	-0.274	-0.003	-0.001	1.090
0.955	-0.249	-0.115	0.000	0.59	1.81	-0.18	0.06	-0.13	0.05	0	-0.249	-0.116	-0.276	-0.002	-0.001	1.111
0.967	-0.248	-0.116	0.000	0.62	1.80	-0.17	-0.11	-0.15	0.17	0	-0.249	-0.116	-0.277	-0.002	-0.001	1.132
0.976	-0.248	-0.117	0.000	0.65	1.80	-0.16	0.04	-0.34	0.03	0	-0.249	-0.116	-0.279	-0.002	-0.001	1.153
0.986	-0.248	-0.116	0.000	0.64	1.79	-0.17	-0.16	-0.48	0.17	0	-0.249	-0.116	-0.280	-0.002	-0.001	1.174
0.999	-0.249	-0.117	0.000	0.65	1.83	-0.15	0.14	-0.06	0.08	0	-0.249	-0.116	-0.281	-0.002	-0.001	1.195
1.007	-0.248	-0.116	0.000	0.63	1.80	-0.17	-0.10	-0.15	0.10	0	-0.249	-0.116	-0.283	-0.002	-0.001	1.217
1.015	-0.248	-0.116	0.000	0.62	1.80	-0.17	0.07	-0.17	0.01	0	-0.249	-0.116	-0.284	-0.002	-0.001	1.238
1.025	-0.248	-0.116	0.000	0.61	1.79	-0.18	0.13	-0.23	-0.31	0	-0.249	-0.116	-0.286	-0.002	-0.001	1.260
1.035	-0.249	-0.115	0.000	0.55	1.84	-0.19	-0.08	-0.08	0.09	0	-0.249	-0.116	-0.287	-0.002	-0.001	1.282
1.046	-0.248	-0.119	0.000	0.73	1.79	-0.12	-0.04	-0.43	0.02	0	-0.249	-0.117	-0.288	-0.002	-0.001	1.304
1.051	-0.248	-0.123	-0.000	0.87	1.79	-0.06	-0.10	-0.45	-0.20	0	-0.249	-0.117	-0.289	-0.002	-0.002	1.326
1.061	-0.248	-0.123	-0.000	0.86	1.76	-0.07	0.06	0.02	-0.06	0	-0.249	-0.118	-0.291	-0.002	-0.002	1.348
1.076	-0.247	-0.123	-0.000	0.84	1.74	-0.08	0.11	-0.21	0.03	0	-0.249	-0.119	-0.292	-0.002	-0.002	1.370
1.083	-0.247	-0.124	-0.000	0.87	1.74	-0.07	-0.03	-0.43	-0.11	0	-0.249	-0.119	-0.293	-0.002	-0.002	1.392
1.097	-0.248	-0.122	0.000	0.76	1.78	-0.11	0.21	0.05	0.09	0	-0.249	-0.120	-0.294	-0.002	-0.002	1.414
1.104	-0.247	-0.122	0.000	0.74	1.76	-0.12	0.14	-0.07	-0.01	0	-0.249	-0.120	-0.295	-0.002	-0.002	1.437
1.116	-0.247	-0.122	0.000	0.76	1.76	-0.12	0.10	-0.06	-0.10	0	-0.249	-0.120	-0.296	-0.002	-0.003	1.459
1.124	-0.247	-0.124	0.000	0.80	1.75	-0.10	0.23	-0.14	-0.06	0	-0.249	-0.121	-0.298	-0.002	-0.003	1.482
1.134	-0.247	-0.124	0.000	0.78	1.75	-0.11	-0.02	-0.47	-0.02	0	-0.248	-0.121	-0.299	-0.001	-0.003	1.505
1.144	-0.247	-0.122	0.000	0.72	1.76	-0.14	-0.12	-0.08	-0.04	0	-0.248	-0.121	-0.300	-0.001	-0.003	1.527
1.154	-0.248	-0.124	0.000	0.75	1.80	-0.11	0.04	-0.25	-0.21	0	-0.248	-0.122	-0.301	-0.001	-0.003	1.550
1.165	-0.247	-0.122	0.000	0.69	1.78	-0.15	0.19	-0.25	-0.11	0	-0.248	-0.122	-0.302	-0.001	-0.003	1.573
1.176	-0.251	-0.128	-0.000	0.93	1.93	-0.01	-0.07	-0.11	-0.02	0	-0.249	-0.123	-0.303	-0.001	-0.003	1.596
1.186	-0.251	-0.125	0.000	0.77	1.95	-0.08	-0.03	-0.12	0.09	0	-0.249	-0.123	-0.304	-0.002	-0.003	1.619
1.191	-0.253	-0.127	0.000	0.83	2.00	-0.05	0.06	-0.30	-0.04	0	-0.250	-0.124	-0.304	-0.002	-0.004	1.642
1.205	-0.250	-0.132	0.000	1.02	1.86	0.01	0.04	0.08	-0.27	0	-0.250	-0.125	-0.305	-0.002	-0.004	1.665
1.216	-0.250	-0.133	-0.000	1.04	1.85	0.02	0.19	0.00	0.17	0	-0.250	-0.126	-0.306	-0.002	-0.004	1.688
1.222	-0.250	-0.131	0.000	0.93	1.87	-0.02	-0.08	-0.32	0.24	0	-0.250	-0.127	-0.307	-0.002	-0.004	1.712
1.233	-0.251	-0.131	0.000	0.91	1.89	-0.02	0.04	-0.17	0.25	0	-0.250	-0.127	-0.308	-0.002	-0.005	1.735
1.245	-0.251	-0.131	0.000	0.88	1.89	-0.04	-0.34	-0.09	-0.12	0	-0.250	-0.128	-0.309	-0.002	-0.005	1.759
1.254	-0.250	-0.133	0.000	0.93	1.86	-0.02	0.25	-0.04	-0.19	0	-0.250	-0.129	-0.309	-0.002	-0.005	1.782
1.264	-0.251	-0.133	0.000	0.91	1.91	-0.02	-0.06	-0.21	0.07	0	-0.250	-0.129	-0.310	-0.002	-0.005	1.806
1.275	-0.250	-0.131	0.000	0.80	1.87	-0.07	0.10	-0.09	-0.11	0	-0.251	-0.130	-0.311	-0.002	-0.005	1.829
1.285	-0.251	-0.132	0.000	0.81	1.87	-0.07	0.14	-0.23	0.13	0	-0.251	-0.130	-0.312	-0.002	-0.005	1.853
1.297	-0.250	-0.131	0.000	0.76	1.85	-0.09	0.13	0.15	0.14	0	-0.251	-0.130	-0.312	-0.002	-0.005	1.877
1.301	-0.250	-0.133	0.000	0.83	1.85	-0.06	-0.07	-0.21	0.22	0	-0.251	-0.131	-0.313	-0.002	-0.006	1.900
1.311	-0.250	-0.131	0.000	0.72	1.85	-0.10	0.28	-0.36	-0.09	0	-0.251	-0.131	-0.314	-0.002	-0.006	1.924
1.324	-0.250	-0.133	0.000	0.77	1.83	-0.09	-0.10	-0.07	-0.10	0	-0.251	-0.131	-0.314	-0.002	-0.006	1.948
1.332	-0.250	-0.131	0.000	0.68	1.84	-0.12	-0.13	-0.18	0.03	0	-0.251	-0.131	-0.315	-0.002	-0.006	1.972
1.342	-0.250	-0.131	0.000	0.68	1.86	-0.11	0.12	-0.08	-0.12	0	-0.251	-0.132	-0.315	-0.002	-0.006	1.996
1.353	-0.250	-0.132	0.000	0.68	1.86	-0.11	-0.13	-0.16	-0.03	0	-0.251	-0.132	-0.316	-0.002	-0.006	2.020
1.364	-0.251	-0.131	0.000	0.65	1.87	-0.12	0.31	-0.18	0.10	0	-0.251	-0.132	-0.316	-0.002	-0.006	2.044
1.378	-0.250	-0.131	0.000	0.63	1.86	-0.13	-0.29	-0.23	-0.21	0	-0.251	-0.132	-0.317	-0.002	-0.005	2.068
1.385	-0.250	-0.131	0.000	0.61	1.83	-0.14	-0.05	-0.27	-0.10	0	-0.251	-0.132	-0.317	-0.001	-0.005	2.092
1.395	-0.250	-0.133	0.000	0.68	1.83	-0.12	0.20	-0.06	0.10	0	-0.251	-0.132	-0.318	-0.001	-0.005	2.116
1.406	-0.250	-0.131	0.000	0.61	1.85	-0.14	-0.23	-0.15	-0.14	0	-0.251	-0.132	-0.319	-0.001	-0.005	2.140
1.411	-0.250	-0.133	0.000	0.64	1.82	-0.13	-0.06	-0.39	0.02	0	-0.251	-0.132	-0.319	-0.001	-0.005	2.165
1.422	-0.250	-0.131	0.000	0.56	1.84	-0.15	0.29	-0.03	-0.05	0	-0.251	-0.132	-0.319	-0.001	-0.005	2.189
1.432	-0.251	-0.133	0.000	0.63	1.87	-0.13	0.09	-0.22	-0.07	0	-0.251	-0.132	-0.320	-0.001	-0.005	2.213
1.443	-0.250	-0.132	0.000	0.59	1.84	-0.14	-0.01	-0.22	-0.03	0	-0.251	-0.133	-0.320	-0.001	-0.005	2.237
1.453	-0.250	-0.131	0.000	0.55	1.86	-0.16	0.17	-0.34	0.03	0	-0.251	-0.133	-0.321	-0.001	-0.005	2.262
1.463	-0.250	-0.131	0.000	0.52	1.86	-0.17	-0.10	-0.23	-0.07	0	-0.251	-0.132	-0.321	-0.001	-0.005	2.286
1.473	-0.251	-0.130	0.000	0.46	1.87	-0.19	0.16	-0.02	0.20	0	-0.251	-0.132	-0.321	-0.001	-0.005	2.311
1.484	-0.248	-0.134	0.000	0.64	1.73	-0.11	0.08	-0.24	-0.04	0	-0.251	-0.133	-0.322	-0.001	-0.005	2.335
1.494	-0.250	-0.131	0.000	0.48	1.87	-0.18	-0.23	-0.43	-0.04	0	-0.251	-0.132	-0.322	-0.001	-0.005	2.359
1.505	-0.250	-0.132	0.000	0.53	1.85	-0.16	0.24	-0.13	-0.10	0	-0.251	-0.132	-0.322	-0.001	-0.005	2.384
1.515	-0.250	-0.132	0.000	0.52	1.85	-0.16	-0.12	-0.20	0.05	0	-0.251	-0.133	-0.323	-0.001	-0.005	2.408
1.520	-0.248	-0.133	0.000	0.56	1.78	-0.14	0.17	-0.09	0.06	0	-0.250	-0.133	-0.323	-0.001	-0.005	2.433
1.531	-0.249	-0.133	0.000	0.55	1.80	-0.15	0.04	-0.14	-0.01	0	-0.250	-0.133	-0.323	-0.001	-0.005	2.457
1.541	-0.250	-0.131	0.000	0.48	1.87	-0.18	-0.06	-0.30	0.13	0	-0.250	-0.133	-0.323	-0.001	-0.005	2.482
1.557	-0.250	-0.131	0.000	0.45	1.85	-0.19	-0.02	-0.21	0.11	0	-0.250	-0.133	-0.324	-0.001	-0.005	2.507
1.562	-0.250	-0.132	0.000	0.48	1.86	-0.18	0.01	0.01	0.07	0	-0.250	-0.133	-0.324	-0.001	-0.005	2.531
1.572	-0.250	-0.133	0.000	0.52	1.85	-0.16	0.13	0.00	0.12	0	-0.251	-0.133	-0.324	-0.001	-0.005	2.556
1.585	-0.250	-0.131	0.000	0.43	1.87	-0.20	0.02	-0.16	-0.08	0	-0.251	-0.133	-0.324	-0.001	-0.005	2.580
1.593	-0.251	-0.131	0.000	0.44	1.87	-0.20	0.10	-0.25	-0.11	0	-0.251	-0.132	-0.324	-0.001	-0.005	2.605
1.603	-0.250	-0.132	0.000	0.47	1.85	-0.18	0.07	-0.02	0.18	0	-0.251	-0.132	-0.325	-0.001	-0.005	2.630
1.615	-0.253	-0.131	0.000	0.45	1.99	-0.24	-0.01	-0.00	-0.04	0	-0.251	-0.132	-0.325	-0.001	-0.005	2.654
1.624	-0.255	-0.134	0.000	0.57	2.06	-0.22	0.19	-0.23	0.01	0	-0.252	-0.133	-0.325	-0.001	-0.005	2.679
1.634	-0.251	-0.139	0.000	0.76	1.86	-0.10	0.04	-0.27	-0.04	0	-0.252	-0.134	-0.325	-0.001	-0.005	2.704
1.645	-0.251	-0.139	0.000	0.74	1.85	-0.10	0.15	-0.30	0.07	0	-0.252	-0.134	-0.325	-0.001	-0.005	2.728
1.655	-0.250	-0.139	0.000	0.73	1.83	-0.09	0.05	-0.34	0.08	0	-0.251	-0.135	-0.325	-0.001	-0.005	2.753
1.661	-0.252	-0.139	0.000	0.71	1.89	-0.12	0.18	0.28	-0.01	0	-0.252	-0.136	-0.325	-0.001	-0.005	2.778
1.671	-0.251	-0.140	0.000	0.72	1.87	-0.11	0.07	-0.31	-0.01	0	-0.252	-0.136	-0.325	-0.001	-0.006	2.802
1.681	-0.252	-0.139	0.000	0.65	1.91	-0.14	-0.04	-0.40	-0.10	0	-0.252	-0.137	-0.325	-0.001	-0.006	2.827
1.697	-0.252	-0.142	0.000	0.79	1.91	-0.10	0.04	-0.04	0.01	0	-0.252	-0.138	-0.325	-0.001	-0.006	2.852
1.702	-0.252	-0.142	0.000	0.77	1.89	-0.10	0.23	-0.22	-0.08	0	-0.252	-0.138	-0.325	-0.001	-0.006	2.876
1.713	-0.252	-0.141	0.000	0.70	1.90	-0.12	-0.04	-0.32	0.02	0	-0.252	-0.139	-0.325	-0.001	-0.006	2.901
1.724	-0.253	-0.141	0.000	0.67	1.95	-0.14	-0.16	-0.37	0.15	0	-0.252	-0.139	-0.325	-0.001	-0.006	2.926
1.733	-0.252	-0.140	0.000	0.62	1.90	-0.14	-0.03	-0.11	0.07	0	-0.252	-0.140	-0.325	-0.001	-0.006	2.951
1.744	-0.252	-0.139	0.000	0.57	1.88	-0.15	0.24	-0.19	0.12	0	-0.252	-0.140	-0.325	-0.001	-0.006	2.975
1.754	-0.252	-0.138	0.000	0.52	1.91	-0.17	0.01	-0.35	-0.05	0	-0.252	-0.140	-0.325	-0.001	-0.006	3.000
1.759	-0.252	-0.139	0.000	0.55	1.88	-0.15	-0.09	-0.08	0.06	0	-0.252	-0.140	-0.325	-0.001	-0.006	3.025
1.775	-0.252	-0.138	0.000	0.51	1.90	-0.17	-0.01	-0.45	-0.01	0	-0.252	-0.140	-0.325	-0.001	-0.006	3.049
1.785	-0.252	-0.138	0.000	0.48	1.90	-0.18	0.02	-0.35	-0.18	0	-0.252	-0.140	-0.325	-0.001	-0.006	3.074
1.796	-0.253	-0.139	0.000	0.52	1.91	-0.17	-0.04	-0.19	-0.02	0	-0.253	-0.140	-0.325	-0.001	-0.006	3.099
1.801	-0.252	-0.140	0.000	0.54	1.89	-0.16	-0.05	-0.15	-0.09	0	-0.253	-0.140	-0.325	-0.001	-0.006	3.123
1.811	-0.252	-0.139	0.000	0.48	1.87	-0.16	-0.01	-0.25	-0.01	0	-0.253	-0.140	-0.325	-0.001	-0.006	3.148
1.825	-0.251	-0.140	0.000	0.53	1.82	-0.14	-0.07	-0.49	-0.02	0	-0.252	-0.140	-0.325	-0.001	-0.006	3.173
1.832	-0.251	-0.138	0.000	0.45	1.86	-0.17	0.13	-0.21	0.26	0	-0.252	-0.140	-0.324	-0.001	-0.006	3.197
1.842	-0.251	-0.140	0.000	0.50	1.83	-0.14	-0.01	-0.23	0.20	0	-0.252	-0.140	-0.324	-0.001	-0.006	3.222
1.855	-0.252	-0.140	0.000	0.51	1.90	-0.17	-0.04	-0.43	0.14	0	-0.252	-0.140	-0.324	-0.001	-0.006	3.246
1.863	-0.252	-0.138	0.000	0.41	1.87	-0.18	-0.07	-0.22	0.16	0	-0.252	-0.140	-0.324	-0.001	-0.006	3.271
1.873	-0.252	-0.138	0.000	0.41	1.87	-0.18	-0.05	-0.11	-0.09	0	-0.252	-0.140	-0.324	-0.001	-0.006	3.296
1.884	-0.252	-0.138	0.000	0.41	1.89	-0.19	0.38	-0.43	0.12	0	-0.252	-0.140	-0.324	-0.001	-0.006	3.320
1.894	-0.253	-0.136	0.000	0.31	1.92	-0.22	-0.11	-0.06	0.06	0	-0.252	-0.140	-0.323	-0.001	-0.005	3.345
1.905	-0.252	-0.135	0.000	0.28	1.89	-0.21	0.24	-0.19	0.14	0	-0.252	-0.139	-0.323	-0.001	-0.005	3.369
1.916	-0.251	-0.140	0.000	0.50	1.83	-0.13	0.04	-0.32	-0.07	0	-0.252	-0.139	-0.323	-0.000	-0.005	3.394
1.921	-0.250	-0.139	0.000	0.46	1.80	-0.13	-0.07	-0.02	-0.11	0	-0.252	-0.139	-0.323	-0.000	-0.005	3.418
1.937	-0.252	-0.141	0.000	0.54	1.87	-0.15	0.12	-0.11	-0.09	0	-0.252	-0.140	-0.322	-0.000	-0.005	3.443
1.944	-0.252	-0.140	0.000	0.48	1.87	-0.16	0.01	-0.10	0.13	0	-0.252	-0.140	-0.322	-0.000	-0.005	3.467
1.955	-0.249	-0.140	0.000	0.46	1.75	-0.11	-0.11	-0.19	-0.03	0	-0.252	-0.140	-0.322	-0.000	-0.005	3.491
1.965	-0.253	-0.141	0.000	0.49	1.92	-0.18	0.00	-0.11	0.04	0	-0.252	-0.140	-0.321	-0.000	-0.005	3.516
1.974	-0.252	-0.141	0.000	0.50	1.88	-0.16	-0.17	-0.17	0.00	0	-0.252	-0.140	-0.321	-0.000	-0.005	3.540
1.983	-0.253	-0.139	0.000	0.43	1.93	-0.20	-0.19	-0.32	-0.19	0	-0.252	-0.140	-0.321	-0.000	-0.005	3.565
1.995	-0.250	-0.141	0.000	0.49	1.80	-0.12	0.13	-0.28	0.11	0	-0.252	-0.141	-0.320	-0.000	-0.005	3.589
2.004	-0.252	-0.138	0.000	0.35	1.87	-0.19	0.09	-0.31	0.14	0	-0.252	-0.140	-0.320	-0.000	-0.005	3.613
2.015	-0.252	-0.141	0.000	0.49	1.87	-0.15	0.19	-0.23	-0.01	0	-0.252	-0.141	-0.320	-0.000	-0.005	3.638
2.023	-0.252	-0.143	0.000	0.57	1.89	-0.14	-0.02	0.20	0.12	0	-0.252	-0.141	-0.319	-0.000	-0.005	3.662
2.034	-0.252	-0.144	0.000	0.58	1.86	-0.13	0.19	-0.20	0.09	0	-0.252	-0.142	-0.319	-0.000	-0.005	3.686
2.043	-0.252	-0.144	0.000	0.58	1.86	-0.13	0.15	-0.35	-0.01	0	-0.252	-0.142	-0.319	-0.000	-0.006	3.710
2.055	-0.254	-0.143	0.000	0.55	1.94	-0.17	0.01	-0.37	0.04	0	-0.252	-0.142	-0.318	-0.000	-0.006	3.734
2.060	-0.252	-0.144	0.000	0.58	1.86	-0.12	-0.07	0.11	-0.02	0	-0.252	-0.143	-0.318	-0.000	-0.006	3.758
2.075	-0.252	-0.144	0.000	0.54	1.86	-0.13	0.10	-0.15	0.17	0	-0.252	-0.143	-0.318	-0.000	-0.006	3.783
2.085	-0.252	-0.142	0.000	0.48	1.88	-0.16	0.19	0.04	0.08	0	-0.253	-0.143	-0.317	-0.000	-0.006	3.807
2.094	-0.253	-0.143	0.000	0.50	1.92	-0.18	-0.19	-0.31	0.08	0	-0.253	-0.143	-0.317	-0.000	-0.006	3.831
2.104	-0.252	-0.143	0.000	0.50	1.87	-0.15	-0.04	-0.25	-0.05	0	-0.253	-0.143	-0.316	-0.000	-0.006	3.855
2.112	-0.252	-0.144	0.000	0.54	1.87	-0.14	0.06	-0.30	0.10	0	-0.253	-0.144	-0.316	-0.000	-0.006	3.879
2.123	-0.252	-0.145	0.000	0.54	1.87	-0.14	0.02	-0.17	0.07	0	-0.253	-0.144	-0.316	-0.000	-0.006	3.903
2.133	0.000	0.000	-0.000	0.00	0.00	-0.00	0.03	-0.18	-0.05	0	-0.222	-0.126	-0.315	0.011	0.001	3.927
2.141	-0.000	0.000	0.000	0.02	0.04	-0.00	0.17	-0.15	0.05	0	-0.195	-0.111	-0.315	0.021	0.006	3.950
2.150	0.000	0.000	0.000	0.03	-0.04	-0.00	0.08	-0.32	0.20	0	-0.171	-0.097	-0.314	0.030	0.011	3.974
2.161	0.000	0.000	0.000	-0.00	0.01	-0.00	-0.22	-0.06	-0.08	0	-0.149	-0.085	-0.314	0.037	0.016	3.998
2.173	0.000	0.000	0.000	0.03	-0.02	-0.00	0.14	-0.18	-0.15	0	-0.130	-0.074	-0.313	0.044	0.019	4.022
2.184	0.000	0.000	0.000	0.15	0.09	-0.00	-0.16	-0.44	-0.03	0	-0.113	-0.064	-0.313	0.050	0.023	4.046
2.190	0.001	0.000	0.000	0.02	0.02	0.00	0.14	-0.35	-0.01	0	-0.098	-0.056	-0.312	0.055	0.026	4.069
2.201	0.001	0.000	0.000	0.11	0.06	0.00	-0.10	-0.01	0.15	0	-0.084	-0.048	-0.312	0.059	0.028	4.093
2.212	0.000	0.000	0.000	0.04	0.42	0.00	0.16	0.04	-0.09	0	-0.073	-0.041	-0.311	0.063	0.030	4.117
2.223	0.000	0.001	0.000	-0.15	0.45	0.00	0.19	-0.14	-0.04	0	-0.062	-0.035	-0.311	0.066	0.032	4.140
2.228	0.000	0.001	0.000	-0.16	0.52	0.00	0.03	-0.03	0.17	0	-0.053	-0.030	-0.310	0.069	0.034	4.164
2.242	0.001	0.000	0.000	0.36	0.22	0.00	0.08	0.09	0.00	0	-0.044	-0.025	-0.310	0.071	0.035	4.187
2.254	0.002	0.000	0.000	0.26	0.19	0.00	-0.03	-0.24	0.05	0	-0.037	-0.021	-0.309	0.073	0.036	4.211
2.262	0.002	0.001	0.000	0.23	0.27	0.00	0.06	-0.38	0.11	0	-0.030	-0.017	-0.309	0.075	0.037	4.234
2.271	-0.001	-0.000	0.000	0.50	1.33	-0.00	0.29	0.09	0.26	0	-0.025	-0.014	-0.308	0.076	0.038	4.258
2.284	-0.002	0.001	0.000	0.24	1.57	0.00	0.08	-0.09	-0.11	0	-0.020	-0.011	-0.308	0.077	0.038	4.281
2.293	-0.001	0.001	0.000	0.26	1.24	0.00	0.17	0.11	-0.01	0	-0.015	-0.009	-0.307	0.078	0.039	4.304
2.303	-0.002	0.001	0.000	0.22	1.59	0.00	-0.09	-0.03	-0.02	0	-0.012	-0.006	-0.307	0.078	0.039	4.328
2.313	0.002	0.001	0.000	0.24	0.51	0.00	-0.04	-0.22	0.09	0	-0.008	-0.004	-0.306	0.079	0.039	4.351
2.324	0.003	-0.000	0.000	0.51	0.25	0.00	-0.06	-0.31	-0.02	0	-0.004	-0.003	-0.306	0.079	0.039	4.374
2.333	0.003	-0.000	0.000	0.51	0.40	-0.00	0.02	-0.21	-0.03	0	-0.001	-0.001	-0.305	0.079	0.039	4.397
2.343	0.002	0.001	0.000	0.12	0.64	0.00	0.10	-0.21	0.07	0	0.001	0.000	-0.304	0.079	0.040	4.420
2.353	0.003	0.001	0.000	0.16	0.63	0.00	0.11	-0.32	0.11	0	0.004	0.002	-0.304	0.079	0.040	4.443
2.362	0.003	-0.000	0.000	0.60	0.71	-0.00	-0.08	-0.30	-0.04	0	0.006	0.003	-0.303	0.079	0.039	4.466
2.374	0.004	-0.000	0.000	0.59	0.61	-0.00	0.22	-0.02	-0.17	0	0.008	0.004	-0.303	0.079	0.039	4.489
2.383	0.003	-0.000	0.000	0.58	0.83	-0.00	0.07	-0.19	-0.13	0	0.009	0.004	-0.302	0.078	0.039	4.512
2.393	0.002	0.002	0.000	0.20	1.02	0.00	-0.05	-0.34	0.06	0	0.011	0.005	-0.301	0.078	0.039	4.535
2.402	-0.001	0.000	0.000	0.43	1.60	0.00	0.13	-0.16	0.01	0	0.012	0.006	-0.301	0.077	0.038	4.558
2.415	0.002	0.002	0.000	0.20	1.13	0.00	0.22	0.20	0.00	0	0.013	0.006	-0.300	0.077	0.038	4.581
2.423	0.003	0.001	0.000	0.42	1.06	0.00	0.04	-0.12	0.36	0	0.014	0.007	-0.299	0.076	0.038	4.603
2.433	0.003	0.001	0.000	0.35	1.12	0.00	-0.05	-0.14	-0.21	0	0.014	0.007	-0.299	0.076	0.038	4.626
2.443	0.003	-0.002	0.000	0.79	1.16	-0.01	0.17	-0.34	-0.13	0	0.015	0.007	-0.298	0.075	0.037	4.649
2.452	0.003	-0.000	0.000	0.56	1.21	-0.00	0.04	0.04	0.24	0	0.016	0.008	-0.298	0.074	0.037	4.671
2.462	0.002	0.002	0.000	0.29	1.25	0.01	0.03	-0.19	0.21	0	0.016	0.008	-0.297	0.074	0.036	4.694
2.474	0.000	0.004	0.000	0.05	1.58	0.01	0.07	-0.38	0.03	0	0.017	0.009	-0.296	0.073	0.036	4.716
2.483	0.003	-0.000	0.001	0.56	1.24	-0.00	0.06	-0.25	-0.06	0	0.017	0.009	-0.296	0.072	0.036	4.739
2.494	0.000	-0.000	0.000	0.55	1.62	-0.00	-0.15	-0.39	0.07	0	0.017	0.009	-0.295	0.071	0.035	4.761
2.502	0.002	-0.001	0.000	0.61	1.36	-0.00	0.04	-0.23	-0.01	0	0.017	0.009	-0.294	0.070	0.035	4.784
2.514	0.002	-0.000	0.000	0.54	1.39	-0.00	0.10	-0.25	-0.09	0	0.018	0.009	-0.293	0.070	0.034	4.806
2.524	0.002	0.001	0.000	0.46	1.42	0.00	0.15	-0.19	0.15	0	0.018	0.009	-0.293	0.069	0.034	4.828
2.533	0.000	-0.004	0.000	0.99	1.66	-0.01	0.01	-0.41	-0.04	0	0.018	0.008	-0.292	0.068	0.033	4.850
2.542	-0.000	-0.004	0.000	0.95	1.72	-0.01	0.03	-0.10	0.21	0	0.018	0.008	-0.291	0.067	0.033	4.872
2.552	0.001	-0.005	0.000	0.97	1.57	-0.01	0.05	0.09	0.13	0	0.018	0.007	-0.291	0.066	0.032	4.894
2.562	-0.000	-0.004	0.000	0.88	1.73	-0.01	-0.17	-0.29	0.05	0	0.018	0.007	-0.290	0.065	0.031	4.917
2.573	-0.001	-0.004	0.000	0.87	1.78	-0.01	0.17	-0.15	0.10	0	0.017	0.007	-0.289	0.064	0.031	4.938
2.584	-0.000	-0.005	0.000	0.91	1.75	-0.01	-0.06	-0.38	-0.21	0	0.017	0.006	-0.289	0.063	0.030	4.960
2.593	-0.000	-0.004	0.000	0.81	1.75	-0.01	-0.01	-0.26	-0.01	0	0.017	0.006	-0.288	0.063	0.030	4.982
2.599	-0.001	-0.005	0.000	0.83	1.78	-0.01	0.11	-0.17	0.15	0	0.017	0.006	-0.287	0.062	0.029	5.004
2.614	-0.001	-0.005	0.000	0.81	1.82	-0.01	0.16	-0.09	-0.09	0	0.017	0.005	-0.287	0.061	0.029	5.026
2.622	0.001	-0.000	0.000	0.41	1.63	0.01	0.02	-0.24	0.12	0	0.017	0.006	-0.286	0.060	0.028	5.048
2.630	0.002	0.001	0.000	0.35	1.57	0.01	0.09	-0.10	-0.02	0	0.017	0.006	-0.285	0.059	0.028	5.069
2.642	0.002	-0.000	0.000	0.42	1.59	0.01	-0.11	-0.08	0.11	0	0.017	0.006	-0.285	0.058	0.028	5.091
2.651	0.001	0.000	0.000	0.41	1.62	0.01	0.15	-0.33	-0.09	0	0.017	0.006	-0.284	0.058	0.027	5.112
2.663	-0.000	0.000	0.000	0.41	1.75	0.01	0.13	-0.10	-0.11	0	0.017	0.007	-0.283	0.057	0.027	5.134
2.672	0.002	0.000	0.000	0.42	1.60	0.01	0.08	-0.24	-0.19	0	0.017	0.007	-0.282	0.056	0.027	5.155
2.683	0.001	-0.000	0.000	0.43	1.67	0.01	-0.04	-0.34	0.06	0	0.016	0.007	-0.282	0.055	0.026	5.177
2.693	0.002	0.000	0.000	0.41	1.62	0.01	0.07	-0.10	0.02	0	0.016	0.007	-0.281	0.055	0.026	5.198
2.703	0.002	0.001	0.000	0.37	1.64	0.01	0.24	-0.19	-0.07	0	0.016	0.007	-0.280	0.054	0.026	5.219
2.713	0.001	0.002	0.000	0.29	1.68	0.02	0.23	0.06	-0.07	0	0.016	0.008	-0.280	0.053	0.026	5.241
2.724	0.002	0.002	0.000	0.34	1.67	0.01	-0.30	-0.26	0.01	0	0.016	0.008	-0.279	0.052	0.025	5.262
2.734	0.002	0.001	0.000	0.40	1.68	0.01	0.20	-0.02	0.13	0	0.016	0.008	-0.278	0.052	0.025	5.283
2.742	0.001	-0.000	0.000	0.49	1.72	0.01	0.07	-0.36	-0.05	0	0.016	0.008	-0.277	0.051	0.024	5.304
2.751	-0.005	0.003	0.000	0.25	2.09	0.02	0.08	-0.13	0.01	0	0.015	0.008	-0.277	0.050	0.024	5.325
2.763	-0.001	0.008	0.000	-0.01	1.85	0.04	0.01	-0.13	-0.05	0	0.015	0.009	-0.276	0.049	0.024	5.346
2.770	-0.001	0.008	0.000	0.01	1.85	0.04	0.03	-0.11	-0.09	0	0.015	0.010	-0.275	0.048	0.024	5.367
2.782	-0.001	0.007	0.000	0.07	1.83	0.03	0.02	-0.32	-0.02	0	0.014	0.010	-0.274	0.047	0.024	5.387
2.793	-0.001	0.009	0.000	0.01	1.83	0.04	0.02	-0.15	0.03	0	0.014	0.011	-0.274	0.047	0.024	5.408
2.803	-0.001	0.007	0.000	0.13	1.83	0.03	-0.11	-0.17	-0.01	0	0.014	0.012	-0.273	0.046	0.024	5.429
2.813	-0.001	0.008	0.000	0.09	1.83	0.03	0.03	-0.12	0.02	0	0.014	0.012	-0.272	0.045	0.023	5.450
2.822	-0.001	0.008	0.000	0.13	1.81	0.03	0.11	-0.06	-0.02	0	0.014	0.012	-0.271	0.044	0.023	5.470
2.833	-0.001	0.008	0.000	0.14	1.83	0.03	0.06	-0.31	-0.07	0	0.013	0.013	-0.271	0.044	0.023	5.491
2.844	-0.001	0.006	0.000	0.30	1.83	0.02	0.08	-0.12	-0.28	0	0.013	0.013	-0.270	0.043	0.023	5.511
2.854	-0.001	0.007	0.000	0.22	1.82	0.02	0.04	-0.27	0.04	0	0.013	0.013	-0.269	0.042	0.022	5.532
2.863	-0.001	0.008	0.000	0.22	1.83	0.02	-0.04	-0.37	-0.24	0	0.013	0.013	-0.268	0.041	0.022	5.552
2.869	-0.001	0.007	0.000	0.26	1.81	0.02	0.24	0.09	0.15	0	0.013	0.013	-0.267	0.041	0.022	5.572
2.884	-0.002	0.007	0.000	0.29	1.87	0.02	0.10	-0.22	0.09	0	0.012	0.013	-0.267	0.040	0.021	5.592
2.889	-0.001	0.008	0.000	0.24	1.82	0.02	0.13	-0.05	-0.16	0	0.012	0.014	-0.266	0.039	0.021	5.613
2.903	-0.001	0.007	0.000	0.33	1.85	0.01	-0.10	-0.13	0.01	0	0.012	0.014	-0.265	0.039	0.021	5.633
2.914	0.002	0.007	0.000	0.34	1.68	0.01	0.04	-0.04	0.08	0	0.012	0.014	-0.264	0.038	0.020	5.653
2.922	0.001	0.007	0.000	0.36	1.74	0.01	0.15	-0.18	0.23	0	0.012	0.014	-0.264	0.038	0.020	5.673
2.934	0.002	0.003	0.000	0.55	1.69	-0.00	0.12	-0.28	-0.03	0	0.012	0.013	-0.263	0.037	0.019	5.693
2.942	0.002	0.008	0.000	0.30	1.69	0.02	0.03	-0.16	-0.13	0	0.012	0.013	-0.262	0.037	0.019	5.713
2.953	0.002	0.009	0.000	0.28	1.70	0.02	-0.08	-0.59	-0.01	0	0.013	0.014	-0.261	0.036	0.019	5.732
2.963	0.003	0.008	0.000	0.34	1.64	0.01	0.02	-0.21	0.16	0	0.013	0.014	-0.260	0.036	0.019	5.752
2.974	0.002	0.004	0.000	0.53	1.71	0.00	0.23	0.06	0.21	0	0.013	0.013	-0.260	0.035	0.018	5.772
2.982	0.002	0.007	0.000	0.40	1.72	0.01	-0.01	-0.30	-0.09	0	0.013	0.013	-0.259	0.034	0.018	5.792
2.993	-0.003	0.005	0.000	0.49	1.97	0.00	-0.17	-0.21	-0.11	0	0.012	0.013	-0.258	0.034	0.017	5.811
3.000	-0.003	0.005	0.000	0.49	1.97	0.00	0.02	-0.18	0.13	0	0.012	0.013	-0.257	0.033	0.017	5.831
3.012	-0.004	0.004	0.000	0.54	1.98	-0.00	0.11	-0.19	-0.11	0	0.011	0.013	-0.256	0.032	0.017	5.850
3.023	-0.003	0.004	0.000	0.55	1.94	-0.00	-0.02	-0.12	-0.05	0	0.011	0.012	-0.255	0.031	0.016	5.870
3.032	-0.003	0.005	0.000	0.50	1.95	0.00	0.07	-0.25	0.21	0	0.010	0.012	-0.255	0.031	0.016	5.889
3.043	-0.003	0.004	0.000	0.55	1.93	-0.00	0.06	-0.06	-0.08	0	0.010	0.012	-0.254	0.030	0.015	5.908
3.054	-0.003	0.005	0.000	0.52	1.92	0.00	0.32	-0.18	0.10	0	0.010	0.012	-0.253	0.030	0.015	5.927
3.062	-0.004	0.004	0.000	0.59	1.95	-0.00	0.16	-0.12	0.09	0	0.009	0.012	-0.252	0.029	0.015	5.947
3.072	-0.003	0.004	0.000	0.56	1.92	-0.00	-0.09	-0.11	0.09	0	0.009	0.011	-0.251	0.028	0.014	5.966
3.083	-0.004	0.006	0.000	0.47	1.95	0.01	-0.07	-0.28	-0.01	0	0.009	0.011	-0.251	0.028	0.014	5.985
3.093	-0.003	0.005	0.000	0.51	1.91	0.00	0.06	-0.19	0.07	0	0.008	0.011	-0.250	0.027	0.014	6.004
3.102	-0.002	0.005	0.000	0.53	1.86	0.00	-0.01	-0.25	-0.08	0	0.008	0.011	-0.249	0.027	0.013	6.022
3.112	-0.003	0.005	0.000	0.52	1.90	0.00	0.15	-0.32	0.04	0	0.008	0.011	-0.248	0.026	0.013	6.041
3.123	-0.003	0.005	0.000	0.52	1.90	0.00	-0.16	-0.17	-0.02	0	0.008	0.011	-0.247	0.025	0.013	6.060
3.132	-0.003	0.006	0.000	0.48	1.90	0.01	-0.13	-0.02	-0.02	0	0.008	0.011	-0.247	0.025	0.013	6.079
3.143	-0.002	0.005	0.000	0.54	1.86	0.00	0.29	-0.23	0.14	0	0.007	0.011	-0.246	0.024	0.012	6.097
3.153	-0.002	0.007	0.000	0.46	1.86	0.01	-0.02	-0.35	0.12	0	0.007	0.011	-0.245	0.024	0.012	6.116
3.162	-0.003	0.004	0.000	0.58	1.89	0.00	0.18	-0.17	0.13	0	0.007	0.011	-0.244	0.023	0.012	6.135
3.169	-0.003	0.005	0.000	0.53	1.88	0.00	0.22	-0.46	0.04	0	0.007	0.011	-0.243	0.023	0.011	6.153
3.182	-0.003	0.006	0.000	0.51	1.88	0.01	0.09	0.05	-0.14	0	0.007	0.011	-0.243	0.022	0.011	6.171
3.192	-0.003	0.000	0.000	0.74	1.88	-0.01	0.01	-0.22	-0.00	0	0.007	0.010	-0.242	0.022	0.011	6.190
3.200	-0.003	0.001	0.000	0.69	1.89	-0.01	0.17	-0.22	-0.17	0	0.007	0.010	-0.241	0.021	0.010	6.208
3.211	-0.002	0.002	0.000	0.63	1.83	-0.00	-0.04	-0.39	0.01	0	0.007	0.009	-0.240	0.021	0.010	6.226
3.223	0.000	0.001	0.000	0.68	1.73	-0.01	0.18	-0.22	-0.11	0	0.007	0.009	-0.239	0.021	0.010	6.245
3.232	0.000	-0.000	0.000	0.72	1.74	-0.01	0.14	-0.28	0.13	0	0.007	0.008	-0.239	0.020	0.009	6.263
3.243	0.000	-0.000	0.000	0.72	1.74	-0.01	0.00	-0.21	-0.05	0	0.007	0.008	-0.238	0.020	0.009	6.281
3.253	-0.001	0.001	0.000	0.66	1.78	-0.00	0.03	-0.10	0.03	0	0.007	0.007	-0.237	0.020	0.008	6.299
3.259	-0.000	0.002	0.000	0.62	1.76	-0.00	0.04	-0.19	0.15	0	0.007	0.007	-0.236	0.019	0.008	6.317
3.272	0.002	0.001	0.000	0.66	1.70	-0.01	0.15	-0.11	0.07	0	0.008	0.007	-0.235	0.019	0.008	6.334
3.284	0.002	0.006	0.000	0.44	1.71	0.01	-0.09	-0.30	-0.06	0	0.008	0.007	-0.234	0.019	0.008	6.352
3.289	0.001	0.007	0.000	0.41	1.72	0.01	0.11	-0.23	0.09	0	0.008	0.008	-0.234	0.018	0.008	6.370
3.299	0.001	0.007	0.000	0.41	1.73	0.01	-0.03	-0.35	-0.04	0	0.008	0.008	-0.233	0.018	0.008	6.388
3.310	0.007	0.006	0.000	0.48	1.49	0.00	-0.01	-0.14	0.07	0	0.009	0.008	-0.232	0.018	0.007	6.405
3.323	0.007	0.005	0.000	0.49	1.51	0.00	0.20	-0.01	0.01	0	0.010	0.009	-0.231	0.018	0.007	6.423
3.335	0.011	0.002	-0.000	0.62	1.37	-0.01	0.01	-0.12	0.18	0	0.011	0.008	-0.230	0.018	0.007	6.440
3.348	0.012	0.001	-0.000	0.66	1.38	-0.01	0.07	-0.35	0.12	0	0.012	0.008	-0.230	0.018	0.007	6.458
3.353	0.011	0.003	-0.000	0.56	1.41	-0.00	0.12	-0.27	-0.14	0	0.013	0.008	-0.229	0.018	0.006	6.475
3.366	0.011	0.002	0.000	0.61	1.44	-0.01	0.05	-0.36	-0.08	0	0.013	0.008	-0.228	0.018	0.006	6.492
3.373	0.011	0.001	0.000	0.65	1.46	-0.01	0.09	-0.22	0.29	0	0.014	0.007	-0.227	0.017	0.006	6.509
3.383	0.012	0.001	0.000	0.65	1.46	-0.01	-0.08	-0.38	0.08	0	0.015	0.007	-0.226	0.017	0.005	6.527
3.393	0.012	0.002	0.000	0.62	1.49	-0.01	0.03	-0.03	-0.06	0	0.015	0.007	-0.225	0.017	0.005	6.544
3.405	0.012	0.001	0.000	0.63	1.50	-0.01	0.10	-0.15	0.16	0	0.016	0.007	-0.225	0.017	0.005	6.561
3.412	0.012	-0.000	0.000	0.68	1.50	-0.01	-0.08	0.14	-0.11	0	0.016	0.006	-0.224	0.017	0.005	6.578
3.425	0.010	0.002	0.000	0.59	1.60	-0.00	0.16	-0.35	0.01	0	0.016	0.006	-0.223	0.016	0.004	6.595
3.434	0.011	0.001	0.000	0.61	1.59	-0.01	-0.03	-0.24	0.06	0	0.017	0.006	-0.222	0.016	0.004	6.612
3.443	0.010	0.003	0.000	0.52	1.63	-0.00	0.09	0.12	0.14	0	0.017	0.006	-0.221	0.016	0.004	6.628
3.454	0.011	0.003	0.000	0.52	1.63	-0.00	-0.06	-0.15	-0.03	0	0.017	0.006	-0.220	0.015	0.004	6.645
3.462	0.013	0.001	0.000	0.63	1.57	-0.01	-0.29	-0.26	0.03	0	0.017	0.006	-0.220	0.015	0.004	6.662
3.473	0.011	0.002	0.000	0.56	1.67	-0.00	0.05	-0.02	0.08	0	0.017	0.006	-0.219	0.015	0.003	6.678
3.483	0.011	0.001	0.000	0.60	1.65	-0.00	0.04	-0.12	0.23	0	0.017	0.006	-0.218	0.015	0.003	6.695
3.489	0.011	0.002	0.000	0.56	1.67	-0.00	0.01	-0.16	0.06	0	0.017	0.006	-0.217	0.014	0.003	6.711
3.503	0.015	-0.003	0.000	0.76	1.54	-0.01	0.14	-0.25	0.06	0	0.018	0.005	-0.216	0.014	0.003	6.728
3.513	0.010	-0.004	0.000	0.80	1.75	-0.01	0.24	-0.34	0.12	0	0.018	0.004	-0.216	0.014	0.002	6.744
3.522	0.009	-0.004	0.000	0.77	1.81	-0.00	0.14	-0.42	-0.16	0	0.017	0.004	-0.215	0.013	0.002	6.761
3.535	0.009	-0.004	0.000	0.76	1.79	-0.00	0.07	-0.15	-0.02	0	0.017	0.003	-0.214	0.013	0.001	6.777
3.543	0.009	-0.004	0.000	0.75	1.83	-0.00	0.05	-0.31	0.15	0	0.017	0.003	-0.213	0.012	0.001	6.793
3.552	0.007	-0.009	0.000	0.94	1.88	-0.01	0.13	-0.31	-0.03	0	0.017	0.002	-0.212	0.012	0.001	6.809
3.561	0.009	-0.008	0.000	0.88	1.80	-0.01	0.06	-0.22	-0.02	0	0.017	0.001	-0.211	0.012	0.000	6.825
3.575	0.008	-0.006	0.000	0.78	1.85	-0.01	0.10	-0.13	-0.05	0	0.016	0.000	-0.211	0.011	-0.000	6.841
3.582	0.008	-0.003	0.001	0.64	1.85	-0.00	-0.11	-0.22	0.17	0	0.016	0.000	-0.210	0.011	-0.000	6.857
3.593	0.001	-0.000	0.000	0.53	2.14	0.01	0.23	-0.29	0.19	0	0.015	0.000	-0.209	0.010	-0.000	6.873
3.603	0.005	0.003	0.001	0.38	2.00	0.01	0.23	0.00	-0.13	0	0.015	0.001	-0.208	0.010	-0.000	6.889
3.611	0.005	0.004	0.001	0.35	1.99	0.01	-0.00	-0.11	-0.08	0	0.014	0.002	-0.207	0.009	-0.000	6.905
3.622	0.005	0.003	0.001	0.40	1.98	0.01	0.08	-0.26	0.12	0	0.014	0.002	-0.206	0.009	-0.000	6.920
3.631	0.010	0.008	0.000	0.21	1.80	0.02	-0.00	-0.11	0.07	0	0.014	0.003	-0.206	0.008	0.000	6.936
3.643	0.009	0.009	0.000	0.19	1.83	0.02	-0.13	-0.14	0.04	0	0.014	0.004	-0.205	0.008	0.000	6.951
3.652	0.009	0.009	0.000	0.19	1.83	0.02	0.24	-0.21	-0.01	0	0.014	0.005	-0.204	0.008	0.001	6.967
3.663	0.011	0.011	0.000	0.15	1.77	0.02	-0.07	-0.11	-0.03	0	0.014	0.006	-0.203	0.008	0.001	6.982
3.673	0.010	0.009	0.000	0.26	1.80	0.01	0.08	-0.18	0.11	0	0.015	0.007	-0.202	0.007	0.001	6.998
3.683	0.010	0.010	0.000	0.24	1.82	0.02	0.05	-0.12	0.15	0	0.015	0.008	-0.202	0.007	0.001	7.013
3.693	0.012	0.010	0.000	0.22	1.75	0.02	0.19	-0.20	-0.22	0	0.015	0.008	-0.201	0.007	0.001	7.028
3.702	0.012	0.011	0.000	0.22	1.75	0.02	-0.08	-0.00	0.20	0	0.015	0.009	-0.200	0.007	0.001	7.043
3.714	0.011	0.011	0.000	0.24	1.80	0.02	0.17	-0.19	0.02	0	0.015	0.010	-0.199	0.007	0.001	7.059
3.722	0.010	0.006	0.000	0.43	1.83	0.01	-0.18	-0.36	0.03	0	0.015	0.010	-0.198	0.006	0.001	7.074
3.733	0.009	0.007	0.000	0.42	1.89	0.01	-0.19	0.01	-0.11	0	0.015	0.010	-0.198	0.006	0.001	7.089
3.739	0.009	0.007	0.000	0.41	1.88	0.01	0.02	-0.33	-0.14	0	0.015	0.010	-0.197	0.006	0.001	7.104
3.753	0.009	0.007	0.000	0.40	1.88	0.01	0.02	-0.49	-0.05	0	0.015	0.010	-0.196	0.005	0.001	7.119
3.763	0.009	0.007	0.000	0.41	1.88	0.01	-0.08	-0.00	0.01	0	0.015	0.010	-0.195	0.005	0.001	7.133
3.772	0.011	0.005	0.000	0.50	1.83	0.01	0.04	-0.08	-0.12	0	0.015	0.010	-0.194	0.005	0.000	7.148
3.783	0.009	0.006	0.000	0.45	1.90	0.01	0.18	0.10	-0.01	0	0.015	0.010	-0.194	0.005	0.000	7.163
3.793	0.009	0.007	0.000	0.44	1.90	0.01	0.06	-0.19	-0.01	0	0.015	0.010	-0.193	0.004	0.000	7.178
3.802	0.009	0.007	0.000	0.45	1.91	0.01	0.03	-0.18	0.02	0	0.015	0.010	-0.192	0.004	-0.000	7.192
3.812	0.010	0.008	0.000	0.40	1.86	0.01	-0.27	-0.21	-0.03	0	0.015	0.010	-0.191	0.004	-0.000	7.207
3.821	0.011	0.006	0.000	0.50	1.84	0.01	0.07	-0.26	0.01	0	0.015	0.010	-0.191	0.004	-0.000	7.221
3.832	0.009	0.007	0.000	0.45	1.92	0.01	0.05	-0.15	0.17	0	0.015	0.010	-0.190	0.003	-0.000	7.236
3.842	0.009	0.007	0.000	0.45	1.92	0.01	0.47	-0.08	-0.02	0	0.015	0.010	-0.189	0.003	-0.001	7.250
3.848	0.010	0.007	0.000	0.45	1.87	0.01	-0.01	-0.08	-0.04	0	0.015	0.010	-0.188	0.003	-0.001	7.264
3.862	0.009	0.008	0.000	0.43	1.92	0.01	0.13	-0.09	-0.16	0	0.014	0.010	-0.187	0.002	-0.001	7.278
3.869	0.009	0.006	0.000	0.52	1.92	0.01	0.12	-0.01	0.18	0	0.014	0.010	-0.187	0.002	-0.001	7.293
3.882	0.009	0.007	0.000	0.50	1.93	0.01	0.11	-0.38	0.05	0	0.014	0.010	-0.186	0.002	-0.001	7.307
3.893	0.009	0.007	0.000	0.49	1.90	0.01	0.02	-0.49	0.02	0	0.014	0.010	-0.185	0.002	-0.001	7.321
3.902	0.010	0.007	0.000	0.49	1.90	0.01	0.20	-0.20	0.04	0	0.014	0.009	-0.184	0.001	-0.001	7.335
3.911	0.011	0.006	0.000	0.52	1.85	0.01	0.05	0.06	0.11	0	0.014	0.009	-0.184	0.001	-0.002	7.349
3.922	0.009	0.011	0.000	0.34	1.93	0.02	0.16	0.04	0.20	0	0.014	0.010	-0.183	0.001	-0.001	7.363
3.932	0.010	0.011	0.000	0.34	1.90	0.02	-0.06	-0.07	-0.09	0	0.014	0.010	-0.182	0.001	-0.001	7.376
3.944	0.010	0.011	0.000	0.36	1.89	0.02	-0.26	0.11	-0.01	0	0.014	0.011	-0.181	0.001	-0.001	7.390
3.953	0.009	0.012	0.000	0.34	1.94	0.02	0.01	-0.33	-0.12	0	0.014	0.011	-0.181	0.000	-0.001	7.404
3.962	0.008	0.011	0.000	0.37	1.97	0.02	0.11	-0.23	0.08	0	0.014	0.011	-0.180	-0.000	-0.001	7.417
3.969	0.010	0.011	0.000	0.39	1.90	0.02	0.19	-0.06	0.07	0	0.014	0.012	-0.179	-0.000	-0.001	7.431
3.982	0.008	0.011	0.000	0.41	1.95	0.01	0.05	-0.27	0.15	0	0.013	0.012	-0.178	-0.000	-0.002	7.445
3.989	0.009	0.012	0.000	0.39	1.94	0.02	0.23	-0.24	-0.11	0	0.013	0.012	-0.178	-0.001	-0.002	7.458
4.004	0.008	0.011	0.000	0.42	1.97	0.01	0.07	-0.00	-0.11	0	0.013	0.012	-0.177	-0.001	-0.002	7.471
4.010	0.009	0.010	0.000	0.46	1.90	0.01	-0.01	-0.33	-0.02	0	0.013	0.012	-0.176	-0.001	-0.002	7.485
4.023	0.009	0.010	0.000	0.49	1.91	0.01	0.14	-0.36	-0.09	0	0.013	0.012	-0.175	-0.001	-0.002	7.498
4.032	0.008	0.011	0.000	0.44	1.97	0.01	0.25	-0.00	0.06	0	0.013	0.012	-0.175	-0.002	-0.002	7.511
4.044	0.009	0.010	0.000	0.50	1.93	0.01	-0.07	-0.10	-0.02	0	0.013	0.012	-0.174	-0.002	-0.002	7.525
4.053	0.008	0.011	0.000	0.45	1.97	0.01	-0.05	-0.12	0.01	0	0.013	0.012	-0.173	-0.002	-0.002	7.538
4.062	0.009	0.011	0.000	0.46	1.94	0.01	0.02	-0.37	-0.21	0	0.013	0.013	-0.172	-0.002	-0.002	7.551
4.073	0.011	0.008	0.000	0.61	1.84	0.00	0.02	-0.20	0.22	0	0.013	0.012	-0.172	-0.002	-0.002	7.564
4.082	0.010	0.011	0.000	0.47	1.89	0.01	0.04	-0.19	0.08	0	0.013	0.012	-0.171	-0.003	-0.003	7.577
4.093	0.009	0.011	0.000	0.46	1.93	0.01	-0.02	-0.27	-0.16	0	0.013	0.012	-0.170	-0.003	-0.003	7.590
4.101	0.009	0.012	0.000	0.45	1.94	0.01	0.12	-0.23	-0.17	0	0.013	0.013	-0.169	-0.003	-0.003	7.602
4.112	0.009	0.010	0.000	0.54	1.94	0.00	0.10	-0.22	-0.20	0	0.013	0.013	-0.168	-0.003	-0.003	7.615
4.122	0.009	0.010	0.000	0.54	1.94	0.00	0.11	0.17	-0.00	0	0.013	0.012	-0.168	-0.003	-0.003	7.628
4.131	0.009	0.010	0.000	0.55	1.90	0.00	-0.15	-0.20	-0.04	0	0.013	0.012	-0.167	-0.003	-0.003	7.641
4.140	0.010	0.010	0.000	0.54	1.90	0.00	-0.11	-0.22	-0.03	0	0.013	0.012	-0.166	-0.004	-0.003	7.653
4.153	0.009	0.011	0.000	0.49	1.93	0.01	-0.02	-0.20	-0.34	0	0.013	0.012	-0.166	-0.004	-0.003	7.666
4.161	0.014	0.012	0.000	0.45	1.69	0.01	0.10	-0.04	0.06	0	0.013	0.013	-0.165	-0.004	-0.003	7.678
4.172	0.014	0.013	0.000	0.41	1.71	0.01	0.16	-0.04	-0.11	0	0.014	0.013	-0.164	-0.004	-0.003	7.691
4.183	0.010	0.013	0.000	0.41	1.91	0.01	0.15	-0.22	-0.06	0	0.013	0.013	-0.163	-0.004	-0.003	7.703
4.192	0.010	0.014	0.000	0.38	1.91	0.01	0.00	-0.02	0.12	0	0.013	0.014	-0.163	-0.004	-0.003	7.716
4.202	0.011	0.020	-0.000	0.12	1.87	0.02	-0.08	-0.27	-0.40	0	0.013	0.015	-0.162	-0.004	-0.003	7.728
4.213	0.011	0.021	-0.000	0.10	1.85	0.02	0.06	-0.01	0.08	0	0.014	0.016	-0.161	-0.004	-0.003	7.740
4.224	0.008	0.025	-0.000	-0.03	1.99	0.02	0.10	-0.16	0.06	0	0.013	0.017	-0.160	-0.005	-0.002	7.752
4.230	0.009	0.025	-0.000	-0.01	1.97	0.02	-0.20	-0.39	-0.03	0	0.013	0.018	-0.160	-0.005	-0.002	7.764
4.246	0.009	0.025	-0.000	0.05	1.96	0.02	-0.20	-0.23	-0.23	36094	0.013	0.019	-0.159	-0.005	-0.002	7.776
4.253	0.009	0.026	-0.000	0.03	1.96	0.02	0.13	-0.17	-0.15	36046	0.013	0.021	-0.158	-0.005	-0.001	7.788
4.263	0.009	0.024	0.000	0.16	1.95	0.01	-0.16	-0.23	0.51	36051	0.013	0.021	-0.156	-0.005	-0.001	7.800
4.272	0.009	0.024	0.000	0.16	1.95	0.01	0.20	0.31	-1.04	35989	0.013	0.022	-0.154	-0.006	-0.001	7.812
4.283	0.008	0.026	0.000	0.12	1.98	0.01	0.55	-0.15	-3.98	35995	0.012	0.023	-0.152	-0.006	-0.001	7.823
4.292	0.009	0.025	0.000	0.20	1.96	0.00	-0.25	0.32	-3.28	36005	0.012	0.023	-0.150	-0.006	-0.001	7.835
4.302	0.009	0.024	0.000	0.26	1.93	0.00	0.52	0.62	-0.48	35982	0.012	0.024	-0.148	-0.006	-0.001	7.846
4.313	0.008	0.026	0.000	0.21	1.94	0.01	0.81	0.25	0.84	35974	0.012	0.024	-0.145	-0.006	-0.001	7.857
4.322	0.008	0.025	0.000	0.30	1.93	0.00	-0.31	-1.35	0.91	35993	0.012	0.025	-0.142	-0.007	-0.001	7.868
4.334	0.009	0.025	0.000	0.31	1.90	0.01	-1.73	-1.22	-0.29	35969	0.012	0.025	-0.139	-0.007	-0.001	7.878
4.341	0.017	0.028	0.000	0.17	1.52	0.02	1.06	0.49	0.00	35966	0.013	0.026	-0.136	-0.007	-0.001	7.889
4.349	0.018	0.027	0.000	0.25	1.49	0.02	2.81	2.39	-0.18	35947	0.014	0.026	-0.133	-0.006	-0.001	7.899
4.364	0.018	0.028	0.000	0.26	1.47	0.01	4.53	3.49	0.24	35930	0.015	0.027	-0.130	-0.006	-0.001	7.909
4.372	0.017	0.028	0.001	0.29	1.52	0.01	0.84	0.26	1.29	35925	0.016	0.027	-0.127	-0.006	-0.001	7.919
4.383	0.019	0.030	0.000	0.25	1.43	0.03	0.71	-0.25	-0.42	35918	0.017	0.028	-0.124	-0.006	-0.000	7.928
4.393	0.018	0.028	0.000	0.37	1.45	0.02	1.84	0.02	-1.28	35998	0.017	0.028	-0.121	-0.006	-0.000	7.937
4.404	0.018	0.027	0.000	0.48	1.45	0.01	1.31	0.70	-1.06	35962	0.018	0.028	-0.118	-0.006	-0.000	7.946
4.412	0.017	0.028	0.000	0.43	1.52	-0.00	0.44	0.94	-3.73	35927	0.018	0.029	-0.115	-0.006	-0.001	7.955
4.423	0.017	0.026	0.000	0.55	1.52	-0.04	-4.72	-3.95	-9.30	35966	0.019	0.029	-0.112	-0.006	-0.001	7.964
4.433	0.015	0.029	0.000	0.41	1.65	-0.13	-10.53	-10.34	-10.36	36022	0.019	0.029	-0.109	-0.006	-0.001	7.972
4.439	0.017	0.030	0.000	0.26	1.60	-0.23	-12.09	-11.33	-6.55	38121	0.019	0.029	-0.106	-0.006	-0.001	7.980
4.449	0.018	0.029	0.000	0.22	1.66	-0.30	-6.28	-5.77	-3.97	38097	0.020	0.029	-0.103	-0.007	-0.001	7.988
4.461	0.019	0.029	0.001	0.18	1.71	-0.34	6.48	5.67	-4.66	38054	0.020	0.030	-0.100	-0.007	-0.001	7.995
4.473	0.023	0.025	0.000	0.43	1.46	-0.38	3.20	2.69	-6.55	38154	0.021	0.029	-0.097	-0.007	-0.001	8.003
4.480	0.021	0.025	0.000	0.45	1.52	-0.45	-1.41	-2.03	-9.02	38136	0.022	0.029	-0.093	-0.007	-0.001	8.010
4.493	0.023	0.024	0.000	0.50	1.44	-0.54	-0.72	-1.08	-7.76	38149	0.022	0.029	-0.090	-0.007	-0.001	8.017
4.501	0.022	0.019	0.000	0.75	1.50	-0.62	1.26	1.96	-5.39	38173	0.023	0.028	-0.087	-0.007	-0.002	8.023
4.511	0.021	0.019	0.000	0.71	1.54	-0.67	0.29	-0.01	-1.46	38225	0.023	0.027	-0.084	-0.007	-0.002	8.030
4.521	0.022	0.019	0.000	0.72	1.50	-0.69	-1.57	-0.62	-3.88	38211	0.024	0.026	-0.081	-0.007	-0.003	8.036
4.532	0.022	0.018	0.000	0.72	1.50	-0.73	0.47	-0.21	-5.89	38257	0.024	0.025	-0.078	-0.007	-0.003	8.042
4.542	0.022	0.019	0.000	0.68	1.50	-0.79	-3.39	-3.85	-8.07	38289	0.025	0.025	-0.075	-0.007	-0.003	8.047
4.552	0.022	0.018	0.000	0.68	1.54	-0.87	-5.91	-6.17	-7.04	38304	0.025	0.024	-0.072	-0.007	-0.004	8.053
4.558	0.022	0.016	0.000	0.69	1.58	-0.94	-5.08	-6.07	-9.80	38350	0.025	0.023	-0.069	-0.007	-0.004	8.058
4.573	0.023	0.016	0.000	0.62	1.59	-1.03	-2.68	-2.62	-11.38	38362	0.026	0.022	-0.066	-0.008	-0.004	8.063
4.581	0.023	0.016	0.000	0.56	1.61	-1.15	0.07	0.98	-10.69	38384	0.026	0.022	-0.063	-0.008	-0.004	8.068
4.591	0.023	0.015	0.000	0.60	1.59	-1.26	3.67	6.65	-10.31	38418	0.026	0.021	-0.060	-0.008	-0.005	8.072
4.601	0.023	0.018	0.000	0.47	1.53	-1.36	2.72	2.38	-10.12	38428	0.027	0.021	-0.057	-0.008	-0.005	8.077
4.610	0.023	0.015	0.000	0.63	1.50	-1.46	0.09	-4.02	-12.23	38418	0.027	0.020	-0.054	-0.008	-0.005	8.081
4.620	0.023	0.016	0.000	0.58	1.51	-1.58	-2.00	-4.56	-10.56	38493	0.027	0.020	-0.051	-0.009	-0.005	8.085
4.629	0.021	0.017	0.000	0.46	1.61	-1.69	-4.01	-3.37	-10.65	38534	0.027	0.019	-0.048	-0.009	-0.005	8.088
4.642	0.022	0.015	0.000	0.50	1.60	-1.80	-4.80	-6.08	-9.54	38508	0.027	0.019	-0.045	-0.009	-0.006	8.092
4.653	0.021	0.015	0.000	0.44	1.68	-1.89	-4.23	1.10	-11.17	40572	0.027	0.019	-0.042	-0.010	-0.006	8.095
4.662	0.022	0.017	0.000	0.30	1.62	-2.00	-0.22	-4.30	-10.55	40597	0.027	0.018	-0.040	-0.010	-0.006	8.098
4.672	0.022	0.016	0.000	0.34	1.62	-2.11	-1.02	4.83	-8.08	40634	0.028	0.018	-0.037	-0.010	-0.006	8.101
4.682	0.022	0.016	0.000	0.29	1.57	-2.19	4.73	2.81	-7.37	40694	0.028	0.018	-0.034	-0.010	-0.006	8.104
4.693	0.020	0.017	0.000	0.29	1.64	-2.27	12.30	8.11	-6.20	40761	0.028	0.018	-0.031	-0.011	-0.006	8.106
4.698	0.022	0.015	0.000	0.47	1.44	-2.33	9.77	10.59	-5.63	40828	0.028	0.017	-0.028	-0.011	-0.006	8.108
4.713	0.023	0.015	0.000	0.56	1.28	-2.39	4.51	7.86	-7.92	40823	0.028	0.017	-0.025	-0.011	-0.006	8.110
4.722	0.023	0.015	0.000	0.59	1.18	-2.46	3.51	8.39	-7.13	40762	0.028	0.017	-0.022	-0.012	-0.006	8.112
4.730	0.023	0.018	0.000	0.49	1.09	-2.54	-1.01	15.82	-6.90	40706	0.028	0.017	-0.019	-0.012	-0.006	8.113
4.742	0.023	0.015	0.000	0.61	0.89	-2.61	-3.26	18.32	-7.48	40590	0.028	0.017	-0.016	-0.012	-0.006	8.114
4.752	0.024	0.015	0.001	0.54	0.67	-2.68	0.04	21.02	-6.11	40547	0.029	0.016	-0.013	-0.012	-0.006	8.115
4.760	0.026	0.015	0.001	0.55	0.35	-2.74	-5.46	17.19	-5.76	40582	0.029	0.016	-0.010	-0.012	-0.007	8.116
4.773	0.027	0.015	0.001	0.47	0.14	-2.79	-5.96	17.69	-3.87	40621	0.030	0.016	-0.007	-0.013	-0.007	8.117
4.781	0.026	0.016	0.001	0.36	-0.01	-2.84	-3.50	16.52	-3.39	40728	0.030	0.016	-0.005	-0.013	-0.007	8.117
4.792	0.027	0.015	0.001	0.35	-0.22	-2.86	-11.49	17.35	-2.57	40702	0.030	0.016	-0.002	-0.013	-0.007	8.117
4.802	0.027	0.016	0.001	0.18	-0.36	-2.89	-14.54	6.03	-0.77	40715	0.030	0.016	0.001	-0.013	-0.007	8.117
4.808	0.027	0.016	0.001	0.05	-0.45	-2.90	-21.77	1.80	0.31	40762	0.031	0.015	0.004	-0.013	-0.007	8.117
4.823	0.021	0.015	0.001	-0.14	-0.19	-2.90	-15.46	-7.09	1.31	40898	0.030	0.015	0.007	-0.014	-0.007	8.117
4.832	0.021	0.015	0.001	-0.31	-0.14	-2.88	-20.49	-2.34	2.33	41037	0.030	0.015	0.009	-0.014	-0.007	8.116
4.843	0.019	0.014	0.001	-0.46	-0.02	-2.85	-18.72	0.72	5.38	41100	0.029	0.015	0.012	-0.015	-0.007	8.115
4.852	0.018	0.015	0.001	-0.69	0.01	-2.81	-22.81	-4.93	4.90	43176	0.028	0.015	0.015	-0.015	-0.007	8.114
4.860	0.019	0.015	0.001	-0.95	-0.05	-2.76	-31.72	-5.70	4.42	43115	0.028	0.015	0.017	-0.016	-0.007	8.113
4.870	0.019	0.015	0.001	-1.29	-0.02	-2.72	-36.75	-0.03	8.53	43128	0.027	0.015	0.020	-0.016	-0.007	8.112
4.882	0.018	0.016	0.001	-1.66	0.02	-2.64	-21.43	-4.95	9.72	43167	0.027	0.015	0.023	-0.017	-0.007	8.110
4.891	0.018	0.016	0.001	-1.90	0.06	-2.54	-23.19	-7.06	7.21	43168	0.027	0.015	0.026	-0.017	-0.006	8.108
4.902	0.020	0.016	0.001	-2.12	0.02	-2.46	-24.50	0.70	5.96	43136	0.026	0.015	0.028	-0.017	-0.006	8.106
4.912	0.019	0.016	0.001	-2.36	0.03	-2.40	-31.85	9.04	6.82	43219	0.026	0.015	0.031	-0.018	-0.006	8.104
4.922	0.025	0.013	0.001	-2.54	-0.35	-2.30	-34.42	14.14	8.13	43210	0.027	0.015	0.034	-0.018	-0.007	8.101
4.932	0.026	0.013	0.002	-2.89	-0.50	-2.22	-24.38	22.00	10.21	43080	0.027	0.014	0.037	-0.018	-0.007	8.099
4.941	0.026	0.013	0.002	-3.18	-0.74	-2.14	-15.83	27.08	12.58	43054	0.027	0.014	0.040	-0.018	-0.007	8.096
4.953	0.026	0.014	0.001	-3.34	-1.01	-2.03	0.29	28.24	12.60	43050	0.028	0.014	0.042	-0.018	-0.007	8.093
4.962	0.027	0.014	0.001	-3.36	-1.33	-1.92	19.64	23.56	12.53	43170	0.028	0.014	0.045	-0.018	-0.007	8.089
4.972	0.026	0.014	0.002	-3.18	-1.53	-1.82	31.26	11.82	11.12	43051	0.028	0.015	0.048	-0.018	-0.007	8.086
4.982	0.026	0.015	0.002	-2.86	-1.66	-1.71	39.18	7.11	10.93	42857	0.028	0.015	0.050	-0.018	-0.007	8.082
4.990	0.029	0.014	0.002	-2.42	-1.85	-1.57	45.40	4.77	10.65	42685	0.029	0.015	0.053	-0.018	-0.007	8.078
5.003	0.035	0.014	0.002	-1.96	-2.16	-1.42	48.77	8.15	8.55	42793	0.030	0.015	0.056	-0.018	-0.007	8.074
5.015	0.034	0.014	0.002	-1.47	-2.19	-1.34	44.87	12.97	10.05	42852	0.031	0.015	0.058	-0.018	-0.007	8.070
5.020	0.036	0.011	0.003	-0.88	-2.38	-1.20	39.17	14.03	8.92	42797	0.032	0.015	0.061	-0.017	-0.007	8.065
5.031	0.037	0.012	0.003	-0.47	-2.49	-1.11	29.45	13.48	6.20	42805	0.033	0.015	0.064	-0.017	-0.007	8.061
5.042	0.033	0.010	0.003	-0.10	-2.45	-1.07	18.92	7.95	6.08	42724	0.033	0.015	0.066	-0.017	-0.008	8.056
5.052	0.034	0.010	0.003	0.10	-2.53	-1.01	10.46	-4.09	6.31	42847	0.033	0.015	0.069	-0.017	-0.008	8.051
5.062	0.035	0.010	0.004	0.24	-2.51	-0.94	5.97	-14.38	7.52	44851	0.034	0.014	0.071	-0.017	-0.008	8.046
5.073	0.034	0.012	0.005	0.24	-2.31	-0.90	-11.74	-22.73	8.23	44828	0.034	0.014	0.074	-0.017	-0.008	8.041
5.083	0.041	0.013	0.003	0.08	-2.36	-0.79	-25.23	-25.30	6.84	44764	0.035	0.014	0.076	-0.017	-0.008	8.035
5.089	0.041	0.012	0.003	-0.13	-2.06	-0.72	-32.22	-30.48	5.81	45185	0.036	0.014	0.079	-0.016	-0.008	8.029
5.102	0.040	0.011	0.004	-0.36	-1.68	-0.63	-32.54	-38.96	5.75	45108	0.037	0.014	0.082	-0.016	-0.008	8.024
5.112	0.040	0.010	0.005	-0.66	-1.25	-0.57	-28.38	-50.13	5.06	45013	0.037	0.014	0.084	-0.016	-0.009	8.017
5.123	0.039	0.011	0.006	-0.95	-0.69	-0.52	-22.21	-56.67	5.29	44895	0.038	0.014	0.087	-0.016	-0.009	8.011
5.128	0.040	0.009	0.004	-1.10	-0.14	-0.43	-16.78	-52.86	4.39	45189	0.038	0.014	0.090	-0.016	-0.009	8.005
5.140	0.038	0.009	0.005	-1.29	0.52	-0.40	-9.86	-47.28	3.55	45159	0.039	0.013	0.092	-0.016	-0.009	7.998
5.150	0.035	0.009	0.006	-1.36	1.16	-0.36	-0.34	-44.71	3.28	45074	0.039	0.013	0.095	-0.016	-0.009	7.991
5.162	0.033	0.012	0.006	-1.49	1.71	-0.37	8.03	-41.76	4.15	44990	0.038	0.013	0.098	-0.017	-0.010	7.984
5.171	0.035	0.012	0.004	-1.44	2.05	-0.31	12.95	-37.70	3.44	44944	0.038	0.013	0.100	-0.017	-0.010	7.977
5.183	0.037	0.013	0.005	-1.34	2.37	-0.27	17.88	-29.48	3.72	45370	0.039	0.014	0.103	-0.017	-0.010	7.970
5.192	0.033	0.013	0.006	-1.13	2.85	-0.24	20.61	-19.03	3.29	45295	0.038	0.014	0.105	-0.017	-0.010	7.962
5.201	0.028	0.010	0.006	-0.77	3.26	-0.21	26.04	-8.31	2.16	45241	0.038	0.014	0.108	-0.018	-0.010	7.955
5.211	0.028	0.009	0.008	-0.50	3.37	-0.19	25.64	-1.44	1.96	45181	0.037	0.014	0.110	-0.018	-0.010	7.947
5.222	0.026	0.007	0.009	-0.12	3.47	-0.16	26.64	4.52	2.78	44794	0.036	0.013	0.113	-0.019	-0.010	7.939
5.230	0.027	0.009	0.010	0.05	3.37	-0.14	26.51	10.46	2.79	44765	0.035	0.013	0.116	-0.019	-0.011	7.931
5.238	0.026	0.013	0.011	0.16	3.27	-0.12	22.64	14.59	3.64	44678	0.035	0.013	0.119	-0.020	-0.011	7.923
5.250	0.028	0.013	0.012	0.37	3.05	-0.07	18.59	21.14	3.60	44618	0.034	0.014	0.122	-0.020	-0.011	7.914
5.261	0.024	0.015	0.015	0.48	2.99	-0.05	12.91	26.25	3.87	44503	0.034	0.014	0.125	-0.020	-0.011	7.906
5.271	0.023	0.015	0.016	0.63	2.73	-0.01	5.12	31.39	3.82	44112	0.033	0.015	0.129	-0.021	-0.011	7.897
5.281	0.022	0.015	0.017	0.71	2.47	0.02	0.86	36.23	2.65	44016	0.032	0.015	0.132	-0.021	-0.011	7.889
5.292	0.021	0.015	0.018	0.74	2.09	0.06	-4.31	37.48	2.44	46251	0.031	0.016	0.135	-0.022	-0.011	7.880
5.317	0.020	0.016	0.023	0.67	1.75	0.09	-8.84	40.90	2.73	46195	0.030	0.016	0.139	-0.022	-0.011	7.871
5.322	0.019	0.016	0.024	0.61	1.32	0.12	-12.50	42.14	2.39	45533	0.029	0.016	0.142	-0.023	-0.011	7.862
5.332	0.018	0.015	0.025	0.52	0.92	0.14	-12.40	38.80	0.95	45433	0.028	0.016	0.146	-0.023	-0.011	7.853
5.337	0.019	0.015	0.027	0.42	0.46	0.16	-11.31	37.33	0.05	45358	0.028	0.016	0.150	-0.024	-0.011	7.844
5.344	0.019	0.015	0.029	0.31	0.03	0.16	-8.35	34.39	-1.53	45275	0.027	0.017	0.153	-0.024	-0.011	7.834
5.353	0.014	0.015	0.030	0.23	-0.14	0.15	-4.00	32.75	-2.88	45257	0.026	0.017	0.157	-0.025	-0.011	7.824
5.363	0.014	0.014	0.031	0.26	-0.50	0.12	1.69	30.83	-4.68	45246	0.025	0.017	0.160	-0.025	-0.011	7.815
5.375	0.013	0.014	0.033	0.27	-0.81	0.07	6.22	28.73	-5.93	45203	0.023	0.016	0.164	-0.026	-0.011	7.805
5.384	0.011	0.013	0.034	0.38	-1.04	0.02	8.46	25.54	-7.35	45181	0.022	0.016	0.167	-0.026	-0.012	7.795
5.393	0.010	0.014	0.038	0.42	-1.32	-0.05	8.32	18.84	-7.74	45175	0.021	0.016	0.171	-0.027	-0.012	7.785
5.404	0.010	0.012	0.040	0.56	-1.56	-0.13	8.14	11.84	-6.76	44683	0.020	0.016	0.175	-0.027	-0.012	7.774
5.413	0.011	0.010	0.042	0.74	-1.75	-0.19	8.34	6.38	-6.47	44653	0.019	0.015	0.179	-0.028	-0.012	7.764
5.425	0.010	0.010	0.043	0.82	-1.83	-0.25	5.89	3.56	-5.80	44609	0.018	0.015	0.182	-0.028	-0.012	7.753
5.435	0.010	0.009	0.048	0.92	-1.89	-0.31	2.96	2.73	-5.36	44588	0.017	0.014	0.186	-0.028	-0.013	7.743
5.439	0.010	0.009	0.050	0.90	-1.96	-0.37	-2.89	1.88	-5.37	44023	0.016	0.014	0.190	-0.029	-0.013	7.732
5.450	0.011	0.010	0.052	0.84	-2.03	-0.43	-8.96	2.37	-5.23	44043	0.016	0.014	0.194	-0.029	-0.013	7.721
5.461	0.008	0.008	0.053	0.82	-1.98	-0.47	-14.23	1.52	-5.02	44089	0.015	0.013	0.198	-0.029	-0.013	7.710
5.472	0.009	0.008	0.055	0.68	-2.05	-0.52	-19.60	0.45	-4.94	44169	0.014	0.013	0.202	-0.030	-0.014	7.699
5.483	0.009	0.008	0.058	0.48	-2.07	-0.57	-23.25	0.01	-5.02	44239	0.013	0.012	0.205	-0.030	-0.014	7.688
5.488	0.009	0.008	0.060	0.21	-2.11	-0.63	-25.80	2.19	-5.23	44071	0.013	0.012	0.209	-0.030	-0.014	7.677
5.504	0.014	0.009	0.061	-0.08	-2.34	-0.70	-25.82	3.28	-6.16	46188	0.013	0.011	0.213	-0.030	-0.014	7.665
5.511	0.015	0.009	0.063	-0.37	-2.42	-0.77	-21.46	4.49	-6.27	46260	0.013	0.011	0.216	-0.030	-0.014	7.654
5.519	0.015	0.009	0.067	-0.58	-2.46	-0.83	-15.50	2.36	-6.50	46361	0.013	0.011	0.220	-0.030	-0.014	7.642
5.530	0.015	0.009	0.068	-0.75	-2.47	-0.90	-10.83	-2.07	-7.11	46033	0.013	0.011	0.224	-0.030	-0.014	7.630
5.542	0.015	0.009	0.070	-0.87	-2.45	-0.97	-5.00	-8.95	-6.86	46076	0.013	0.011	0.227	-0.030	-0.014	7.618
5.550	0.015	0.009	0.072	-0.94	-2.35	-1.04	-0.47	-16.35	-7.04	46135	0.013	0.010	0.231	-0.029	-0.015	7.606
5.561	0.017	0.006	0.073	-0.85	-2.25	-1.08	4.79	-20.30	-6.68	46171	0.013	0.010	0.234	-0.029	-0.015	7.594
5.571	0.017	0.006	0.077	-0.81	-2.07	-1.15	8.54	-22.15	-6.85	45739	0.013	0.010	0.238	-0.029	-0.015	7.582
5.583	0.018	0.006	0.079	-0.73	-1.85	-1.22	11.36	-22.07	-6.91	45792	0.014	0.009	0.242	-0.029	-0.015	7.569
5.591	0.017	0.005	0.081	-0.60	-1.60	-1.28	10.62	-22.17	-6.79	45824	0.014	0.009	0.246	-0.029	-0.015	7.557
5.601	0.019	0.005	0.082	-0.48	-1.43	-1.34	9.82	-22.30	-6.99	45836	0.014	0.009	0.249	-0.028	-0.015	7.544
5.607	0.019	0.004	0.086	-0.37	-1.17	-1.41	7.86	-20.26	-6.56	45886	0.014	0.008	0.253	-0.028	-0.016	7.532
5.623	0.019	0.004	0.088	-0.30	-0.98	-1.47	5.65	-19.20	-6.55	45537	0.015	0.008	0.257	-0.028	-0.016	7.519
5.631	0.019	0.005	0.089	-0.27	-0.75	-1.54	1.81	-17.09	-6.37	45572	0.015	0.007	0.260	-0.028	-0.016	7.506
5.638	0.020	0.005	0.091	-0.25	-0.58	-1.61	0.28	-14.00	-6.87	45587	0.015	0.007	0.264	-0.028	-0.016	7.493
5.650	0.020	0.005	0.094	-0.28	-0.41	-1.68	-1.17	-11.46	-6.15	45609	0.015	0.007	0.268	-0.027	-0.016	7.479
5.659	0.022	0.003	0.096	-0.23	-0.39	-1.73	-3.43	-10.95	-6.69	45308	0.016	0.007	0.271	-0.027	-0.016	7.466
5.672	0.022	0.004	0.098	-0.28	-0.25	-1.80	-4.87	-11.67	-4.49	45334	0.016	0.006	0.275	-0.027	-0.017	7.453
5.682	0.022	0.003	0.099	-0.30	-0.11	-1.84	-6.15	-10.58	-3.75	45347	0.017	0.006	0.278	-0.027	-0.017	7.439
5.691	0.024	0.003	0.101	-0.38	-0.04	-1.88	-6.49	-9.10	-3.90	45383	0.017	0.006	0.281	-0.026	-0.017	7.426
5.701	0.024	0.003	0.103	-0.44	0.06	-1.92	-5.72	-7.42	-3.54	47483	0.018	0.006	0.284	-0.026	-0.017	7.412
5.713	0.025	0.003	0.105	-0.50	0.11	-1.96	-5.22	-5.62	-4.27	47339	0.019	0.005	0.288	-0.026	-0.017	7.398
5.721	0.025	0.002	0.107	-0.54	0.19	-1.99	-1.97	-4.61	-4.03	47375	0.019	0.005	0.291	-0.025	-0.017	7.384
5.727	0.026	0.002	0.108	-0.57	0.24	-2.04	-0.72	-5.24	-3.50	47413	0.020	0.005	0.294	-0.025	-0.017	7.370
5.742	0.026	0.002	0.105	-0.57	0.29	-2.07	0.73	-5.95	-2.15	47455	0.020	0.005	0.297	-0.025	-0.018	7.355
5.749	0.027	0.002	0.107	-0.56	0.34	-2.09	0.71	-6.27	-1.78	48323	0.021	0.004	0.299	-0.024	-0.018	7.341
5.758	0.028	0.002	0.108	-0.55	0.37	-2.11	1.03	-7.78	-1.39	48349	0.021	0.004	0.302	-0.024	-0.018	7.326
5.769	0.029	0.001	0.109	-0.55	0.46	-2.13	2.37	-8.79	-1.01	48364	0.022	0.004	0.304	-0.024	-0.018	7.311
5.779	0.029	0.002	0.111	-0.54	0.55	-2.14	3.46	-10.25	-0.04	48357	0.023	0.004	0.307	-0.023	-0.018	7.296
5.790	0.029	0.002	0.110	-0.50	0.68	-2.14	4.50	-10.76	0.06	48772	0.023	0.004	0.309	-0.023	-0.018	7.281
5.802	0.030	0.002	0.111	-0.48	0.76	-2.14	5.65	-9.81	0.40	48794	0.024	0.003	0.311	-0.023	-0.018	7.266
5.810	0.030	0.002	0.112	-0.41	0.89	-2.14	3.62	-7.52	0.33	48790	0.024	0.003	0.314	-0.022	-0.018	7.251
5.821	0.030	0.002	0.113	-0.38	0.96	-2.13	2.91	-6.19	0.22	48764	0.025	0.003	0.316	-0.022	-0.018	7.235
5.832	0.031	0.002	0.112	-0.38	1.02	-2.13	1.30	-4.36	0.34	48745	0.026	0.003	0.318	-0.022	-0.018	7.220
5.842	0.031	0.002	0.113	-0.36	1.07	-2.13	-0.97	-2.27	0.23	49281	0.026	0.003	0.320	-0.022	-0.018	7.204
5.850	0.031	0.002	0.114	-0.35	1.11	-2.12	-1.59	-2.46	0.39	49270	0.027	0.003	0.323	-0.022	-0.019	7.188
5.862	0.031	0.002	0.115	-0.36	1.14	-2.12	-0.86	-1.39	0.37	49241	0.027	0.003	0.325	-0.021	-0.019	7.172
5.868	0.031	0.002	0.114	-0.39	1.16	-2.11	0.93	0.06	0.86	49182	0.028	0.003	0.327	-0.021	-0.019	7.156
5.881	0.031	0.001	0.115	-0.36	1.18	-2.10	3.43	0.46	1.94	49555	0.028	0.003	0.329	-0.021	-0.019	7.140
5.893	0.032	0.001	0.116	-0.33	1.17	-2.09	5.78	-0.64	2.21	49496	0.028	0.003	0.331	-0.021	-0.019	7.124
5.902	0.033	0.001	0.117	-0.28	1.12	-2.06	7.68	-0.11	1.90	49427	0.029	0.003	0.333	-0.021	-0.019	7.107
5.910	0.034	0.001	0.118	-0.20	1.12	-2.04	8.73	0.51	1.92	51454	0.030	0.003	0.335	-0.020	-0.019	7.091
5.921	0.034	0.002	0.117	-0.15	1.11	-2.02	7.91	1.96	1.94	51402	0.030	0.003	0.337	-0.020	-0.019	7.074
5.932	0.035	0.002	0.118	-0.07	1.09	-2.00	7.44	3.90	1.89	51730	0.031	0.003	0.339	-0.020	-0.019	7.057
5.942	0.035	0.002	0.119	0.00	1.06	-1.99	5.36	3.82	2.12	51671	0.031	0.003	0.341	-0.020	-0.019	7.040
5.952	0.035	0.002	0.120	0.06	1.02	-1.97	2.72	4.42	1.91	51603	0.032	0.003	0.344	-0.020	-0.019	7.023
5.962	0.035	0.002	0.123	0.09	0.97	-1.95	-0.09	4.35	1.56	51524	0.033	0.003	0.346	-0.020	-0.019	7.006
5.972	0.036	0.002	0.124	0.09	0.93	-1.93	-1.37	4.26	1.36	51182	0.033	0.003	0.349	-0.019	-0.019	6.989
5.982	0.035	0.003	0.126	0.07	0.90	-1.92	-2.66	3.64	1.76	51063	0.034	0.003	0.352	-0.019	-0.019	6.972
5.989	0.036	0.002	0.127	0.05	0.85	-1.90	-3.78	4.08	1.39	50938	0.034	0.003	0.355	-0.019	-0.019	6.955
6.002	0.036	0.002	0.128	0.04	0.81	-1.89	-3.86	4.96	1.60	50802	0.034	0.003	0.358	-0.019	-0.019	6.938
6.011	0.036	0.001	0.128	0.01	0.76	-1.88	-3.82	4.44	1.86	50961	0.035	0.003	0.360	-0.019	-0.019	6.920
6.022	0.036	0.000	0.130	0.01	0.72	-1.86	-3.60	5.56	2.12	50793	0.035	0.003	0.363	-0.019	-0.020	6.902
6.033	0.036	0.000	0.131	-0.03	0.67	-1.84	-3.41	5.85	2.71	50624	0.036	0.003	0.365	-0.019	-0.020	6.885
6.041	0.037	0.000	0.133	-0.07	0.60	-1.81	-3.22	7.02	2.95	50449	0.036	0.002	0.368	-0.019	-0.020	6.867
6.052	0.036	-0.002	0.132	-0.02	0.56	-1.79	-2.42	7.52	2.95	50264	0.036	0.002	0.371	-0.019	-0.020	6.849
6.063	0.036	-0.002	0.134	-0.05	0.48	-1.76	-1.51	6.77	3.42	50500	0.036	0.001	0.373	-0.019	-0.020	6.831
6.071	0.036	-0.002	0.136	-0.07	0.42	-1.73	-0.58	6.13	3.43	50321	0.037	0.001	0.376	-0.019	-0.020	6.812
6.082	0.036	-0.002	0.138	-0.09	0.36	-1.69	0.33	4.19	3.69	50140	0.037	0.001	0.378	-0.019	-0.021	6.794
6.090	0.035	-0.002	0.140	-0.09	0.34	-1.65	0.67	1.93	3.42	49963	0.037	0.000	0.381	-0.019	-0.021	6.776
6.104	0.036	-0.002	0.142	-0.09	0.31	-1.62	2.07	0.99	3.38	49613	0.037	0.000	0.384	-0.019	-0.021	6.758
6.112	0.035	-0.002	0.144	-0.08	0.31	-1.58	2.16	0.52	3.14	49427	0.037	0.000	0.387	-0.019	-0.021	6.739
6.121	0.035	-0.002	0.147	-0.06	0.31	-1.55	1.89	-0.13	3.67	51352	0.037	-0.000	0.390	-0.019	-0.021	6.721
6.130	0.035	-0.003	0.149	-0.01	0.31	-1.52	0.82	0.66	3.45	51183	0.037	-0.000	0.393	-0.019	-0.021	6.702
6.141	0.036	-0.001	0.149	-0.06	0.29	-1.48	-0.11	1.69	3.40	51024	0.037	-0.001	0.395	-0.019	-0.021	6.684
6.151	0.032	-0.003	0.151	0.01	0.39	-1.45	-1.29	2.84	3.69	51222	0.037	-0.001	0.398	-0.020	-0.021	6.665
6.185	0.032	-0.004	0.153	0.01	0.35	-1.42	-1.56	4.50	3.78	51046	0.037	-0.001	0.401	-0.020	-0.021	6.646
6.191	0.033	-0.004	0.156	-0.01	0.29	-1.38	-1.42	5.13	4.16	50856	0.036	-0.002	0.404	-0.020	-0.021	6.627
6.194	0.033	-0.003	0.158	-0.06	0.23	-1.34	-1.31	5.75	4.05	50657	0.036	-0.002	0.407	-0.020	-0.022	6.608
6.199	0.031	-0.003	0.161	-0.07	0.21	-1.30	-1.38	6.18	4.15	50393	0.036	-0.002	0.411	-0.021	-0.022	6.589
6.200	0.031	-0.004	0.163	-0.08	0.15	-1.26	-1.15	6.18	3.92	50197	0.036	-0.002	0.414	-0.021	-0.022	6.570
6.208	0.031	-0.004	0.166	-0.09	0.08	-1.22	-0.81	6.43	3.89	49985	0.035	-0.002	0.417	-0.021	-0.022	6.551
6.219	0.031	-0.004	0.168	-0.10	0.02	-1.18	-0.45	6.50	3.88	49788	0.035	-0.002	0.420	-0.021	-0.022	6.532
6.230	0.028	-0.003	0.174	-0.13	0.03	-1.14	-0.44	6.85	4.02	49110	0.034	-0.003	0.424	-0.021	-0.022	6.513
6.242	0.027	-0.003	0.176	-0.14	-0.02	-1.10	-1.35	6.13	4.00	48899	0.034	-0.003	0.428	-0.022	-0.022	6.494
6.251	0.027	-0.003	0.179	-0.15	-0.09	-1.06	-1.33	7.03	4.29	48688	0.033	-0.003	0.431	-0.022	-0.022	6.475
6.262	0.027	-0.003	0.182	-0.18	-0.16	-1.02	-1.17	7.27	4.29	48479	0.032	-0.003	0.435	-0.022	-0.022	6.456
6.270	0.027	-0.002	0.185	-0.21	-0.24	-0.98	-1.28	6.63	4.53	48273	0.032	-0.003	0.439	-0.023	-0.022	6.437
6.281	0.026	-0.002	0.188	-0.22	-0.31	-0.93	-0.29	6.82	4.68	48150	0.031	-0.002	0.442	-0.023	-0.022	6.417
6.291	0.027	-0.001	0.191	-0.24	-0.40	-0.89	0.08	5.85	4.25	47940	0.031	-0.002	0.446	-0.023	-0.022	6.398
6.299	0.027	-0.002	0.194	-0.22	-0.46	-0.84	1.10	5.65	4.55	47741	0.031	-0.002	0.449	-0.023	-0.022	6.379
6.310	0.027	-0.001	0.197	-0.23	-0.52	-0.80	1.46	4.87	4.42	47557	0.030	-0.002	0.453	-0.024	-0.022	6.359
6.321	0.025	0.002	0.201	-0.30	-0.54	-0.75	2.09	3.87	4.17	49367	0.030	-0.002	0.456	-0.024	-0.022	6.340
6.330	0.025	0.002	0.204	-0.28	-0.59	-0.71	2.60	3.49	3.88	49210	0.029	-0.001	0.460	-0.024	-0.021	6.320
6.340	0.025	0.002	0.207	-0.25	-0.63	-0.67	2.98	2.72	4.07	49061	0.029	-0.001	0.463	-0.024	-0.021	6.301
6.350	0.025	0.003	0.210	-0.23	-0.66	-0.63	3.62	2.35	4.24	48894	0.028	-0.000	0.467	-0.024	-0.021	6.282
6.360	0.025	0.003	0.212	-0.20	-0.70	-0.59	4.90	2.06	4.44	48721	0.028	0.000	0.470	-0.024	-0.021	6.262
6.371	0.025	0.003	0.216	-0.15	-0.72	-0.55	4.72	1.68	4.79	48744	0.028	0.001	0.474	-0.025	-0.021	6.242
6.376	0.025	0.004	0.219	-0.10	-0.73	-0.50	4.20	1.12	4.96	48584	0.027	0.001	0.477	-0.025	-0.021	6.223
6.387	0.026	0.004	0.222	-0.05	-0.77	-0.45	3.71	1.39	4.90	48427	0.027	0.001	0.481	-0.025	-0.021	6.203
6.402	0.024	0.005	0.227	-0.04	-0.74	-0.40	3.99	1.19	4.77	48269	0.027	0.002	0.484	-0.025	-0.020	6.184
6.413	0.023	0.006	0.231	-0.03	-0.74	-0.35	3.86	-0.09	5.09	47780	0.026	0.002	0.488	-0.025	-0.020	6.164
6.418	0.023	0.006	0.234	0.01	-0.74	-0.30	3.73	-1.19	4.91	47589	0.026	0.003	0.492	-0.025	-0.020	6.145
6.431	0.023	0.007	0.238	0.05	-0.73	-0.25	3.61	-2.66	4.62	47407	0.025	0.003	0.496	-0.025	-0.020	6.125
6.442	0.023	0.007	0.241	0.09	-0.71	-0.20	3.74	-2.95	4.43	47231	0.025	0.004	0.499	-0.025	-0.020	6.105
6.453	0.024	0.007	0.244	0.12	-0.71	-0.16	4.70	-3.80	4.14	47148	0.025	0.004	0.503	-0.026	-0.020	6.086
6.458	0.023	0.008	0.248	0.16	-0.67	-0.12	5.02	-3.46	4.06	46993	0.025	0.005	0.506	-0.026	-0.019	6.066
6.469	0.024	0.008	0.251	0.23	-0.64	-0.08	5.47	-3.76	3.95	46826	0.024	0.005	0.510	-0.026	-0.019	6.047
6.479	0.024	0.008	0.255	0.29	-0.61	-0.04	5.47	-3.62	4.23	46665	0.024	0.006	0.513	-0.026	-0.019	6.027
6.489	0.023	0.008	0.257	0.34	-0.55	0.00	5.37	-3.29	4.85	46512	0.024	0.006	0.517	-0.026	-0.019	6.007
6.501	0.023	0.007	0.261	0.41	-0.52	0.05	5.38	-2.61	5.06	46525	0.024	0.006	0.520	-0.026	-0.019	5.988
6.510	0.023	0.008	0.264	0.46	-0.48	0.10	4.35	-1.85	5.06	46373	0.023	0.006	0.523	-0.026	-0.019	5.968
6.520	0.023	0.007	0.268	0.53	-0.48	0.15	2.78	-2.42	5.15	46235	0.023	0.007	0.527	-0.026	-0.019	5.948
6.531	0.022	0.012	0.270	0.46	-0.43	0.20	2.22	-1.37	5.07	48239	0.023	0.007	0.530	-0.026	-0.019	5.929
6.541	0.022	0.012	0.274	0.48	-0.42	0.25	1.45	-0.94	4.47	48291	0.023	0.008	0.533	-0.026	-0.019	5.909
6.552	0.022	0.012	0.277	0.50	-0.42	0.30	1.27	-1.01	4.58	48169	0.023	0.008	0.536	-0.026	-0.018	5.889
6.562	0.023	0.012	0.281	0.53	-0.41	0.34	1.32	-1.59	4.14	48043	0.022	0.009	0.540	-0.026	-0.018	5.870
6.571	0.024	0.012	0.284	0.54	-0.41	0.38	0.47	-1.33	3.45	47925	0.022	0.009	0.543	-0.026	-0.018	5.850
6.579	0.024	0.012	0.286	0.54	-0.40	0.42	0.61	-1.21	3.22	47805	0.022	0.010	0.546	-0.026	-0.018	5.830
6.591	0.024	0.013	0.289	0.55	-0.39	0.45	0.40	-1.09	3.08	47940	0.022	0.010	0.549	-0.026	-0.018	5.811
6.601	0.024	0.012	0.293	0.57	-0.38	0.48	0.84	-1.45	3.31	47810	0.022	0.010	0.552	-0.025	-0.018	5.791
6.611	0.024	0.012	0.296	0.58	-0.36	0.51	0.56	-2.07	3.05	47693	0.022	0.011	0.555	-0.025	-0.018	5.771
6.619	0.024	0.013	0.300	0.58	-0.35	0.54	1.48	-2.42	2.71	47585	0.022	0.011	0.559	-0.025	-0.017	5.752
6.629	0.024	0.015	0.303	0.56	-0.32	0.57	1.82	-2.90	2.43	47355	0.022	0.011	0.562	-0.025	-0.017	5.732
6.640	0.024	0.015	0.307	0.58	-0.29	0.59	1.98	-2.99	2.51	47207	0.022	0.012	0.565	-0.025	-0.017	5.713
6.651	0.024	0.015	0.310	0.60	-0.26	0.62	2.42	-3.09	2.34	47074	0.022	0.012	0.568	-0.025	-0.017	5.693
6.661	0.025	0.015	0.314	0.63	-0.25	0.64	2.82	-4.40	2.32	46958	0.022	0.012	0.572	-0.025	-0.017	5.673
6.666	0.025	0.015	0.316	0.65	-0.19	0.66	2.46	-4.76	2.20	47078	0.022	0.013	0.575	-0.025	-0.017	5.654
6.677	0.024	0.014	0.319	0.71	-0.12	0.69	2.07	-4.73	1.91	46939	0.022	0.013	0.578	-0.025	-0.017	5.634
6.688	0.024	0.011	0.322	0.78	-0.07	0.71	1.50	-4.82	1.55	46813	0.022	0.013	0.581	-0.025	-0.017	5.615
6.701	0.023	0.019	0.325	0.64	-0.02	0.71	0.53	-4.84	1.14	46697	0.022	0.013	0.583	-0.025	-0.016	5.595
6.712	0.023	0.020	0.329	0.65	0.03	0.72	-0.76	-3.87	1.16	46584	0.022	0.014	0.587	-0.025	-0.016	5.575
6.720	0.024	0.020	0.333	0.65	0.07	0.74	-1.10	-3.53	1.34	46379	0.022	0.015	0.590	-0.024	-0.016	5.556
6.732	0.025	0.020	0.336	0.64	0.08	0.75	-1.60	-3.15	1.24	46259	0.022	0.015	0.593	-0.024	-0.016	5.537
6.741	0.025	0.020	0.339	0.62	0.11	0.76	-1.28	-1.78	0.55	48236	0.022	0.016	0.596	-0.024	-0.015	5.517
6.752	0.025	0.020	0.340	0.62	0.14	0.76	-0.77	-1.47	0.71	48146	0.023	0.016	0.598	-0.024	-0.015	5.498
6.761	0.025	0.019	0.344	0.62	0.15	0.77	-0.25	-0.92	0.51	48431	0.023	0.016	0.601	-0.024	-0.015	5.478
6.768	0.026	0.019	0.347	0.62	0.16	0.78	0.96	-0.37	0.18	48320	0.023	0.017	0.604	-0.024	-0.015	5.459
6.779	0.026	0.019	0.350	0.63	0.16	0.78	1.23	0.51	-0.05	48218	0.023	0.017	0.606	-0.024	-0.015	5.439
6.790	0.026	0.020	0.353	0.63	0.16	0.78	1.27	0.92	0.04	48108	0.023	0.017	0.609	-0.023	-0.015	5.420
6.801	0.026	0.019	0.356	0.67	0.15	0.78	0.08	0.85	-0.03	47982	0.023	0.017	0.612	-0.023	-0.015	5.400
6.811	0.026	0.019	0.359	0.66	0.14	0.78	-0.09	1.05	-0.15	47947	0.023	0.017	0.615	-0.023	-0.015	5.381
6.820	0.031	0.019	0.362	0.67	0.05	0.77	-0.95	1.53	-0.50	47816	0.024	0.017	0.618	-0.023	-0.014	5.361
6.831	0.031	0.019	0.365	0.66	0.03	0.77	-1.73	1.19	-0.80	47674	0.025	0.018	0.621	-0.023	-0.014	5.342
6.840	0.032	0.019	0.371	0.64	0.02	0.76	-2.18	0.84	-0.68	47537	0.025	0.018	0.624	-0.022	-0.014	5.323
6.854	0.032	0.018	0.374	0.64	0.01	0.76	-2.10	0.31	-0.99	46929	0.026	0.017	0.627	-0.022	-0.014	5.304
6.862	0.033	0.017	0.377	0.64	-0.01	0.75	-2.21	-1.07	-1.00	46781	0.027	0.017	0.630	-0.022	-0.014	5.284
6.872	0.034	0.016	0.381	0.62	-0.00	0.74	-2.73	-1.96	-1.40	46631	0.028	0.017	0.633	-0.021	-0.014	5.265
6.880	0.034	0.017	0.384	0.58	0.01	0.72	-3.05	-2.82	-1.61	46490	0.028	0.017	0.636	-0.021	-0.014	5.246
6.893	0.035	0.017	0.389	0.55	0.04	0.71	-3.27	-3.74	-1.08	46084	0.029	0.017	0.640	-0.021	-0.014	5.227
6.898	0.035	0.017	0.392	0.51	0.08	0.70	-3.75	-3.69	-1.24	45953	0.029	0.016	0.643	-0.020	-0.014	5.208
6.909	0.035	0.016	0.396	0.48	0.12	0.69	-4.60	-4.13	-1.03	45817	0.030	0.016	0.646	-0.020	-0.014	5.189
6.919	0.036	0.017	0.399	0.43	0.15	0.67	-5.02	-3.63	-1.46	45680	0.031	0.016	0.649	-0.020	-0.014	5.170
6.929	0.036	0.017	0.405	0.38	0.18	0.66	-5.55	-3.26	-1.06	45553	0.031	0.016	0.653	-0.020	-0.014	5.151
6.940	0.037	0.016	0.409	0.32	0.21	0.65	-5.45	-2.98	-1.72	44873	0.032	0.016	0.656	-0.019	-0.014	5.133
6.951	0.037	0.016	0.412	0.27	0.24	0.63	-4.87	-2.74	-1.90	44731	0.032	0.015	0.659	-0.019	-0.014	5.114
6.961	0.039	0.017	0.416	0.21	0.24	0.61	-4.23	-2.99	-1.76	44588	0.033	0.015	0.662	-0.019	-0.014	5.095
6.972	0.041	0.017	0.421	0.16	0.26	0.59	-3.14	-3.03	-1.70	44468	0.034	0.015	0.666	-0.018	-0.014	5.077
6.980	0.041	0.016	0.425	0.13	0.28	0.57	-2.97	-3.51	-1.75	43962	0.035	0.015	0.669	-0.018	-0.014	5.058
6.991	0.041	0.016	0.429	0.11	0.32	0.56	-1.64	-2.77	-1.86	43847	0.036	0.015	0.672	-0.018	-0.014	5.040
7.001	0.043	0.016	0.432	0.10	0.33	0.54	0.08	-2.33	-1.98	43739	0.036	0.015	0.675	-0.018	-0.014	5.021
7.009	0.043	0.015	0.436	0.10	0.35	0.52	0.33	-4.22	-1.48	43645	0.037	0.015	0.678	-0.017	-0.014	5.003
7.018	0.044	0.015	0.440	0.10	0.39	0.51	1.12	-3.93	-1.16	43557	0.038	0.014	0.681	-0.017	-0.014	4.985
7.029	0.044	0.015	0.443	0.12	0.43	0.49	0.81	-3.04	-1.12	43338	0.039	0.014	0.684	-0.017	-0.014	4.966
7.040	0.044	0.014	0.447	0.12	0.47	0.48	0.14	-3.15	-1.33	43257	0.039	0.014	0.687	-0.016	-0.014	4.948
7.051	0.045	0.014	0.450	0.13	0.50	0.47	-0.48	-2.24	-0.77	43199	0.040	0.014	0.689	-0.016	-0.014	4.930
7.061	0.044	0.014	0.455	0.13	0.53	0.46	-0.47	-2.05	-0.76	43149	0.041	0.013	0.692	-0.016	-0.014	4.912
7.072	0.045	0.014	0.459	0.12	0.56	0.45	-0.99	-1.60	-0.65	42773	0.041	0.013	0.695	-0.016	-0.014	4.894
7.080	0.045	0.013	0.462	0.11	0.58	0.45	-2.30	-1.39	-0.82	42723	0.042	0.013	0.698	-0.016	-0.014	4.876
7.089	0.045	0.012	0.465	0.08	0.59	0.44	-2.22	-1.17	-0.26	42685	0.042	0.013	0.700	-0.015	-0.014	4.858
7.099	0.045	0.011	0.471	0.07	0.62	0.43	-3.52	-0.14	-1.03	42643	0.043	0.012	0.703	-0.015	-0.014	4.841
7.112	0.047	0.012	0.474	0.03	0.60	0.42	-3.98	-0.21	-1.33	42226	0.043	0.012	0.706	-0.015	-0.014	4.823
7.121	0.048	0.012	0.477	-0.01	0.60	0.41	-3.82	0.95	-0.81	42211	0.044	0.012	0.708	-0.015	-0.014	4.806
7.132	0.048	0.012	0.480	-0.05	0.59	0.40	-3.17	0.99	-0.73	42192	0.045	0.011	0.711	-0.015	-0.014	4.788
7.142	0.048	0.012	0.483	-0.08	0.58	0.39	-2.72	0.43	-0.54	42178	0.045	0.011	0.713	-0.015	-0.014	4.771
7.151	0.051	0.012	0.486	-0.11	0.55	0.39	-2.73	0.54	-0.36	42184	0.046	0.011	0.715	-0.014	-0.014	4.753
7.159	0.052	0.012	0.489	-0.14	0.54	0.38	-1.58	0.33	-0.42	42212	0.047	0.011	0.717	-0.014	-0.013	4.736
7.169	0.052	0.011	0.492	-0.15	0.54	0.38	-0.82	0.20	0.22	42210	0.048	0.010	0.720	-0.014	-0.013	4.719
7.178	0.053	0.011	0.495	-0.16	0.54	0.38	-0.27	-0.64	0.09	42233	0.049	0.010	0.721	-0.014	-0.013	4.702
7.187	0.053	0.011	0.498	-0.16	0.55	0.38	0.50	-1.35	0.10	42266	0.049	0.010	0.723	-0.013	-0.013	4.684
7.202	0.056	0.012	0.501	-0.16	0.54	0.38	0.81	-1.48	0.33	42287	0.050	0.010	0.725	-0.013	-0.013	4.667
7.212	0.056	0.011	0.503	-0.15	0.55	0.38	0.19	-0.52	0.20	42335	0.051	0.010	0.727	-0.013	-0.013	4.651
7.221	0.056	0.009	0.506	-0.13	0.57	0.38	0.44	-0.43	0.80	42379	0.052	0.009	0.729	-0.013	-0.013	4.634
7.232	0.056	0.009	0.508	-0.12	0.57	0.39	0.26	-0.30	0.53	42416	0.053	0.009	0.730	-0.013	-0.013	4.617
7.239	0.056	0.009	0.508	-0.12	0.58	0.40	-0.57	-0.46	0.81	42478	0.053	0.009	0.731	-0.012	-0.013	4.600
7.251	0.057	0.009	0.511	-0.12	0.58	0.41	-1.10	-0.27	0.97	42959	0.054	0.009	0.732	-0.012	-0.013	4.583
7.264	0.057	0.008	0.513	-0.13	0.58	0.42	-1.36	-0.07	0.93	43027	0.055	0.008	0.733	-0.012	-0.013	4.566
7.271	0.058	0.009	0.515	-0.15	0.58	0.43	-2.49	0.57	0.21	43106	0.055	0.008	0.734	-0.012	-0.013	4.550
7.282	0.059	0.007	0.515	-0.16	0.56	0.43	-2.34	0.41	-0.01	43169	0.056	0.008	0.735	-0.012	-0.013	4.533
7.287	0.059	0.007	0.517	-0.19	0.56	0.43	-3.09	0.51	-0.22	43533	0.057	0.007	0.736	-0.012	-0.013	4.516
7.300	0.059	0.006	0.519	-0.22	0.56	0.43	-2.94	0.32	-0.21	43618	0.057	0.007	0.737	-0.012	-0.013	4.500
7.310	0.060	0.006	0.521	-0.25	0.55	0.43	-3.02	0.16	-0.34	43701	0.058	0.006	0.737	-0.012	-0.013	4.484
7.321	0.060	0.006	0.521	-0.28	0.55	0.43	-2.52	0.30	-0.10	43785	0.059	0.006	0.738	-0.012	-0.013	4.467
7.331	0.060	0.004	0.522	-0.29	0.55	0.42	-2.08	-0.58	0.23	44190	0.059	0.006	0.738	-0.012	-0.013	4.451
7.341	0.064	0.002	0.524	-0.29	0.52	0.42	-1.43	-0.48	0.09	44277	0.060	0.005	0.739	-0.011	-0.014	4.434
7.351	0.063	0.001	0.525	-0.30	0.54	0.43	-0.79	-1.17	-0.30	44372	0.061	0.004	0.739	-0.011	-0.014	4.418
7.364	0.068	0.001	0.526	-0.31	0.50	0.42	-0.65	0.02	-0.40	44462	0.062	0.003	0.740	-0.011	-0.014	4.402
7.371	0.068	0.001	0.528	-0.31	0.50	0.42	0.70	-0.88	-0.18	44536	0.063	0.003	0.740	-0.011	-0.014	4.386
7.378	0.068	0.001	0.529	-0.31	0.51	0.42	0.41	-1.76	-0.39	44586	0.064	0.002	0.740	-0.010	-0.014	4.370
7.391	0.069	0.000	0.530	-0.30	0.52	0.42	-0.05	-2.44	0.43	44661	0.065	0.002	0.741	-0.010	-0.014	4.354
7.402	0.068	0.002	0.531	-0.32	0.55	0.42	-0.77	-2.06	-0.26	44661	0.066	0.001	0.741	-0.010	-0.014	4.338
7.410	0.069	0.002	0.531	-0.32	0.58	0.42	-0.40	-1.70	-0.35	44733	0.067	0.001	0.741	-0.010	-0.014	4.322
7.419	0.070	0.001	0.532	-0.33	0.60	0.42	-1.69	-2.46	-0.06	44973	0.067	0.001	0.741	-0.010	-0.014	4.306
7.431	0.073	0.002	0.533	-0.35	0.59	0.42	-1.76	-1.41	0.04	45047	0.069	0.001	0.742	-0.010	-0.014	4.290
7.438	0.073	0.001	0.534	-0.36	0.61	0.42	-2.08	-1.63	1.02	45111	0.070	0.001	0.742	-0.009	-0.014	4.275
7.451	0.073	0.001	0.535	-0.38	0.63	0.43	-2.64	-1.17	0.53	45181	0.070	0.000	0.742	-0.009	-0.014	4.259
7.460	0.073	0.002	0.535	-0.42	0.64	0.44	-2.24	-0.62	1.40	45244	0.071	0.000	0.742	-0.009	-0.014	4.243
7.469	0.074	0.001	0.536	-0.43	0.65	0.45	-2.23	-0.70	1.05	45417	0.072	0.000	0.742	-0.009	-0.014	4.227
7.480	0.074	-0.000	0.536	-0.45	0.65	0.45	-1.72	-0.05	0.69	45470	0.073	-0.000	0.742	-0.009	-0.014	4.212
7.489	0.074	-0.000	0.537	-0.47	0.66	0.46	-0.84	0.07	0.32	45532	0.074	-0.000	0.742	-0.009	-0.014	4.196
7.499	0.075	-0.000	0.538	-0.47	0.66	0.46	0.45	0.59	0.34	45583	0.074	-0.001	0.742	-0.009	-0.014	4.181
7.511	0.075	-0.000	0.538	-0.47	0.65	0.46	1.55	1.01	-0.08	45601	0.075	-0.001	0.742	-0.009	-0.014	4.165
7.519	0.075	-0.001	0.539	-0.46	0.64	0.46	2.41	1.55	0.08	45656	0.075	-0.001	0.742	-0.009	-0.014	4.150
7.530	0.075	-0.003	0.539	-0.41	0.62	0.46	1.94	0.28	0.07	45716	0.076	-0.002	0.741	-0.009	-0.014	4.135
7.540	0.076	-0.004	0.540	-0.39	0.61	0.47	2.81	1.05	0.02	45772	0.076	-0.002	0.741	-0.009	-0.014	4.119
7.551	0.077	-0.004	0.540	-0.36	0.60	0.47	3.33	0.38	0.16	45791	0.077	-0.002	0.741	-0.009	-0.014	4.104
7.562	0.078	-0.004	0.541	-0.33	0.59	0.47	1.81	-0.15	0.32	45842	0.078	-0.003	0.741	-0.009	-0.014	4.089
7.571	0.078	-0.004	0.541	-0.31	0.59	0.47	3.53	-0.10	0.09	45895	0.078	-0.003	0.741	-0.009	-0.014	4.074
7.581	0.078	-0.004	0.542	-0.28	0.59	0.47	2.97	-1.29	0.43	45921	0.079	-0.004	0.741	-0.009	-0.014	4.059
7.588	0.078	-0.004	0.542	-0.25	0.60	0.48	1.44	-1.49	0.52	45966	0.079	-0.004	0.741	-0.009	-0.014	4.044
7.600	0.079	-0.005	0.542	-0.24	0.61	0.48	1.23	-1.91	0.34	46012	0.080	-0.004	0.740	-0.009	-0.014	4.029
7.608	0.079	-0.005	0.543	-0.22	0.63	0.49	1.03	-0.42	0.79	46039	0.080	-0.004	0.740	-0.009	-0.014	4.014
7.620	0.080	-0.005	0.543	-0.22	0.63	0.49	-0.29	0.42	0.39	46063	0.081	-0.005	0.740	-0.009	-0.014	3.999
7.631	0.080	-0.006	0.543	-0.21	0.62	0.50	-2.39	1.90	0.64	46090	0.081	-0.005	0.739	-0.009	-0.014	3.984
7.639	0.081	-0.006	0.543	-0.23	0.60	0.50	-2.40	2.28	0.29	46231	0.082	-0.005	0.739	-0.010	-0.014	3.969
7.649	0.081	-0.006	0.543	-0.25	0.58	0.51	-2.76	1.87	0.39	46263	0.082	-0.006	0.739	-0.010	-0.014	3.954
7.660	0.081	-0.007	0.543	-0.27	0.56	0.51	-2.38	2.04	0.19	46283	0.083	-0.006	0.738	-0.010	-0.014	3.939
7.670	0.081	-0.007	0.544	-0.30	0.54	0.51	-3.14	2.66	-0.32	46320	0.083	-0.006	0.738	-0.010	-0.014	3.925
7.681	0.080	-0.010	0.544	-0.31	0.53	0.51	-2.02	2.82	-0.20	46362	0.084	-0.007	0.738	-0.010	-0.014	3.910
7.690	0.079	-0.010	0.545	-0.33	0.51	0.50	-0.34	2.69	0.10	46301	0.084	-0.008	0.737	-0.010	-0.015	3.895
7.702	0.079	-0.011	0.545	-0.33	0.48	0.50	-1.13	2.92	0.07	46323	0.084	-0.008	0.737	-0.010	-0.015	3.881
7.710	0.079	-0.014	0.545	-0.32	0.45	0.50	1.15	2.52	0.63	46352	0.084	-0.009	0.737	-0.011	-0.015	3.866
7.721	0.083	-0.011	0.545	-0.33	0.40	0.51	0.56	2.09	0.54	46381	0.084	-0.010	0.736	-0.011	-0.015	3.852
7.728	0.081	-0.015	0.545	-0.31	0.39	0.51	1.99	1.64	1.15	46394	0.084	-0.010	0.736	-0.011	-0.015	3.837
7.738	0.083	-0.013	0.545	-0.30	0.36	0.52	1.45	1.24	1.05	46398	0.085	-0.011	0.736	-0.011	-0.015	3.823
7.751	0.080	-0.012	0.546	-0.30	0.37	0.53	1.28	0.72	1.07	46430	0.085	-0.011	0.735	-0.011	-0.015	3.808
7.761	0.080	-0.015	0.545	-0.26	0.36	0.54	1.59	0.20	0.93	46457	0.085	-0.012	0.735	-0.012	-0.016	3.794
7.773	0.080	-0.015	0.546	-0.24	0.35	0.55	0.86	0.26	0.76	46521	0.085	-0.013	0.734	-0.012	-0.016	3.780
7.780	0.080	-0.015	0.546	-0.24	0.35	0.56	0.30	0.41	0.78	46531	0.085	-0.013	0.734	-0.012	-0.016	3.765
7.791	0.080	-0.014	0.546	-0.24	0.34	0.57	-0.15	1.24	0.64	46548	0.085	-0.013	0.733	-0.012	-0.016	3.751
7.803	0.085	-0.013	0.546	-0.25	0.30	0.57	-1.39	1.32	0.51	46562	0.086	-0.014	0.733	-0.012	-0.016	3.737
7.812	0.081	-0.013	0.548	-0.27	0.31	0.58	-2.06	2.65	0.68	46576	0.086	-0.014	0.733	-0.013	-0.016	3.723
7.821	0.081	-0.013	0.548	-0.29	0.29	0.59	-2.66	2.91	0.91	46192	0.086	-0.014	0.733	-0.013	-0.016	3.709
7.830	0.081	-0.013	0.548	-0.31	0.26	0.59	-2.51	3.38	0.93	46208	0.086	-0.014	0.733	-0.013	-0.016	3.695
7.839	0.081	-0.013	0.549	-0.34	0.22	0.60	-1.59	3.81	0.87	46217	0.086	-0.014	0.732	-0.013	-0.016	3.681
7.850	0.093	-0.013	0.549	-0.36	0.10	0.61	-1.06	3.59	0.71	46210	0.087	-0.014	0.732	-0.013	-0.016	3.667
7.859	0.095	-0.011	0.549	-0.38	0.05	0.62	-1.20	3.53	0.67	46268	0.089	-0.014	0.732	-0.013	-0.015	3.653
7.872	0.096	-0.013	0.549	-0.38	0.01	0.62	0.98	2.97	1.17	46280	0.090	-0.014	0.731	-0.012	-0.015	3.640
7.877	0.096	-0.011	0.549	-0.38	-0.02	0.63	1.53	2.05	1.25	46293	0.092	-0.014	0.731	-0.012	-0.015	3.626
7.891	0.096	-0.011	0.549	-0.37	-0.04	0.65	2.70	0.93	1.78	46287	0.093	-0.014	0.731	-0.012	-0.015	3.612
7.900	0.096	-0.011	0.548	-0.34	-0.05	0.66	3.68	-0.27	1.95	46291	0.094	-0.014	0.730	-0.012	-0.015	3.598
7.909	0.097	-0.011	0.549	-0.30	-0.05	0.68	2.65	-1.43	1.92	46477	0.095	-0.014	0.729	-0.012	-0.015	3.584
7.920	0.096	-0.014	0.549	-0.26	-0.03	0.70	2.77	-2.28	1.99	46485	0.096	-0.014	0.729	-0.012	-0.015	3.571
7.929	0.095	-0.012	0.549	-0.24	0.00	0.72	3.16	-4.03	2.05	46483	0.096	-0.014	0.728	-0.012	-0.015	3.557
7.939	0.098	-0.015	0.549	-0.20	0.02	0.74	2.87	-4.42	1.70	46488	0.097	-0.014	0.728	-0.012	-0.015	3.544
7.950	0.098	-0.015	0.549	-0.17	0.07	0.75	2.68	-4.31	1.63	46572	0.098	-0.014	0.727	-0.012	-0.015	3.530
7.961	0.098	-0.013	0.549	-0.16	0.12	0.77	2.64	-4.35	1.17	46571	0.098	-0.014	0.727	-0.012	-0.015	3.517
7.970	0.098	-0.013	0.549	-0.13	0.17	0.78	2.49	-4.93	1.57	46556	0.099	-0.014	0.726	-0.012	-0.015	3.503
7.980	0.099	-0.014	0.550	-0.11	0.22	0.80	2.13	-4.55	1.15	46553	0.100	-0.014	0.726	-0.012	-0.015	3.490
7.990	0.102	-0.014	0.550	-0.09	0.25	0.81	1.59	-3.65	1.66	46411	0.101	-0.014	0.725	-0.012	-0.015	3.476
8.000	0.102	-0.014	0.550	-0.07	0.29	0.83	1.97	-3.17	1.78	46405	0.101	-0.014	0.725	-0.012	-0.015	3.463
8.011	0.102	-0.014	0.550	-0.05	0.32	0.84	1.47	-3.17	1.95	46384	0.102	-0.015	0.724	-0.012	-0.015	3.450
8.021	0.102	-0.014	0.550	-0.03	0.34	0.86	1.49	-1.79	1.70	46371	0.103	-0.015	0.724	-0.012	-0.015	3.437
8.028	0.104	-0.014	0.551	-0.02	0.36	0.88	1.37	-2.50	1.59	46367	0.104	-0.015	0.724	-0.012	-0.015	3.424
8.041	0.103	-0.016	0.552	0.01	0.38	0.90	0.96	-1.55	1.91	46144	0.104	-0.015	0.723	-0.012	-0.015	3.411
8.050	0.104	-0.016	0.552	0.02	0.40	0.92	0.54	-0.13	1.91	46112	0.105	-0.015	0.723	-0.012	-0.015	3.398
8.061	0.104	-0.016	0.552	0.02	0.40	0.94	0.14	-0.62	1.86	46084	0.105	-0.016	0.723	-0.012	-0.015	3.385
8.072	0.104	-0.016	0.550	0.03	0.40	0.95	-0.40	-0.56	1.69	46062	0.106	-0.016	0.722	-0.012	-0.015	3.372
8.081	0.104	-0.016	0.550	0.02	0.41	0.97	-1.55	-0.33	1.73	46502	0.106	-0.016	0.721	-0.012	-0.015	3.359
8.091	0.106	-0.016	0.550	0.00	0.40	0.99	-2.11	-0.01	1.64	46493	0.107	-0.016	0.721	-0.012	-0.015	3.346
8.097	0.107	-0.016	0.550	-0.01	0.40	1.01	-1.68	0.69	1.76	46488	0.108	-0.016	0.720	-0.012	-0.015	3.333
8.109	0.107	-0.016	0.550	-0.03	0.39	1.02	-1.56	0.84	1.85	46487	0.108	-0.016	0.719	-0.012	-0.015	3.320
8.125	0.107	-0.014	0.549	-0.05	0.38	1.04	-0.59	0.26	1.62	46472	0.109	-0.016	0.718	-0.012	-0.015	3.307
8.131	0.109	-0.016	0.549	-0.05	0.37	1.06	0.62	0.32	1.89	46762	0.109	-0.016	0.718	-0.012	-0.015	3.294
8.140	0.109	-0.016	0.549	-0.04	0.37	1.07	0.83	0.02	1.65	46754	0.110	-0.016	0.717	-0.012	-0.015	3.282
8.150	0.109	-0.016	0.549	-0.03	0.36	1.09	1.23	-0.28	1.56	46746	0.111	-0.017	0.716	-0.013	-0.015	3.269
8.160	0.111	-0.016	0.548	-0.01	0.36	1.11	2.10	-0.45	1.04	46726	0.111	-0.017	0.715	-0.013	-0.015	3.256
8.171	0.111	-0.016	0.548	0.00	0.36	1.12	1.57	-0.79	1.07	46844	0.112	-0.017	0.715	-0.013	-0.015	3.244
8.182	0.112	-0.016	0.548	0.01	0.37	1.13	1.31	-1.83	1.42	46837	0.113	-0.017	0.714	-0.013	-0.015	3.231
8.190	0.112	-0.016	0.548	0.02	0.38	1.14	0.06	-0.30	1.53	46831	0.113	-0.017	0.713	-0.013	-0.015	3.218
8.201	0.112	-0.017	0.548	0.03	0.39	1.16	0.70	-0.58	1.67	46820	0.114	-0.017	0.712	-0.013	-0.014	3.206
8.208	0.112	-0.014	0.548	0.02	0.40	1.17	0.29	-0.67	0.83	46815	0.114	-0.017	0.712	-0.013	-0.014	3.194
8.219	0.111	-0.017	0.548	0.04	0.41	1.18	0.58	-0.76	1.18	46809	0.115	-0.017	0.711	-0.013	-0.014	3.181
8.231	0.111	-0.017	0.548	0.04	0.42	1.19	1.20	-0.09	1.12	46807	0.115	-0.017	0.711	-0.013	-0.014	3.169
8.238	0.112	-0.017	0.548	0.05	0.42	1.20	1.44	-0.06	1.04	46792	0.115	-0.017	0.710	-0.013	-0.014	3.157
8.250	0.116	-0.019	0.548	0.07	0.39	1.21	-0.13	0.85	0.73	46778	0.116	-0.018	0.709	-0.013	-0.014	3.144
8.260	0.114	-0.017	0.548	0.05	0.40	1.22	-0.65	1.80	0.70	46874	0.117	-0.018	0.709	-0.014	-0.014	3.132
8.271	0.114	-0.017	0.548	0.04	0.38	1.23	-1.47	1.53	0.33	46871	0.117	-0.018	0.708	-0.014	-0.014	3.120
8.280	0.112	-0.016	0.548	0.03	0.38	1.23	-1.92	1.24	0.75	46867	0.117	-0.018	0.707	-0.014	-0.014	3.108
8.291	0.112	-0.016	0.549	0.01	0.37	1.24	-1.99	2.36	0.88	46844	0.117	-0.018	0.707	-0.014	-0.014	3.096
8.301	0.112	-0.016	0.549	-0.02	0.34	1.25	-2.77	2.61	0.75	46613	0.117	-0.018	0.707	-0.014	-0.014	3.084
8.310	0.112	-0.016	0.549	-0.04	0.32	1.26	-2.65	2.03	0.96	46607	0.117	-0.018	0.706	-0.015	-0.014	3.072
8.317	0.112	-0.016	0.549	-0.06	0.30	1.27	-0.96	1.45	1.16	46586	0.117	-0.018	0.706	-0.015	-0.014	3.060
8.330	0.113	-0.016	0.550	-0.07	0.28	1.28	-0.25	1.97	1.13	46562	0.118	-0.018	0.706	-0.015	-0.014	3.048
8.341	0.113	-0.016	0.551	-0.08	0.26	1.29	-1.42	1.91	1.15	46537	0.118	-0.018	0.705	-0.015	-0.014	3.037
8.349	0.113	-0.016	0.551	-0.09	0.25	1.30	0.27	1.45	1.05	46343	0.118	-0.018	0.705	-0.016	-0.014	3.025
8.361	0.113	-0.016	0.551	-0.09	0.23	1.31	-0.84	1.94	1.00	46324	0.118	-0.018	0.705	-0.016	-0.014	3.013
8.369	0.113	-0.017	0.551	-0.10	0.21	1.32	-0.29	1.04	0.81	46295	0.118	-0.018	0.704	-0.016	-0.014	3.002
8.380	0.113	-0.017	0.552	-0.10	0.20	1.33	0.95	1.13	0.76	46283	0.118	-0.018	0.704	-0.016	-0.014	2.990
8.390	0.113	-0.017	0.552	-0.09	0.18	1.34	0.39	0.94	0.75	46169	0.118	-0.018	0.704	-0.017	-0.013	2.979
8.401	0.113	-0.014	0.553	-0.10	0.17	1.35	-0.59	1.03	0.86	46145	0.118	-0.017	0.704	-0.017	-0.013	2.967
8.408	0.113	-0.014	0.553	-0.10	0.16	1.35	-0.17	0.82	0.77	46130	0.118	-0.017	0.703	-0.017	-0.013	2.956
8.420	0.113	-0.017	0.553	-0.09	0.15	1.36	0.83	1.10	1.07	46111	0.118	-0.017	0.703	-0.017	-0.013	2.944
8.428	0.114	-0.017	0.553	-0.08	0.14	1.37	1.98	0.20	0.86	46168	0.118	-0.017	0.703	-0.018	-0.013	2.933
8.438	0.114	-0.017	0.553	-0.06	0.14	1.38	0.60	-0.19	0.72	46148	0.118	-0.017	0.702	-0.018	-0.013	2.922
8.449	0.114	-0.014	0.553	-0.07	0.14	1.39	2.10	0.38	0.56	46137	0.118	-0.017	0.702	-0.018	-0.013	2.910
8.460	0.114	-0.014	0.554	-0.05	0.14	1.39	1.78	0.34	0.62	46136	0.118	-0.017	0.701	-0.018	-0.013	2.899
8.471	0.117	-0.014	0.554	-0.04	0.12	1.40	1.19	1.73	1.11	46131	0.119	-0.017	0.701	-0.019	-0.013	2.888
8.479	0.117	-0.014	0.554	-0.02	0.10	1.41	1.78	0.29	1.01	46109	0.119	-0.016	0.701	-0.019	-0.013	2.877
8.488	0.117	-0.018	0.554	0.02	0.10	1.42	2.37	-0.06	0.87	46111	0.119	-0.017	0.700	-0.019	-0.013	2.866
8.497	0.114	-0.015	0.555	0.02	0.12	1.43	1.60	-0.45	0.91	46112	0.119	-0.017	0.700	-0.019	-0.013	2.855
8.507	0.116	-0.013	0.553	0.03	0.11	1.44	1.14	-0.97	0.40	46104	0.120	-0.016	0.699	-0.019	-0.012	2.844
8.519	0.116	-0.016	0.553	0.06	0.12	1.44	1.74	-1.01	0.50	46369	0.120	-0.016	0.699	-0.019	-0.012	2.833
8.529	0.108	-0.022	0.554	0.10	0.17	1.45	0.57	-0.62	0.15	46385	0.119	-0.017	0.698	-0.020	-0.013	2.822
8.539	0.118	-0.016	0.554	0.07	0.12	1.45	-0.72	-0.46	-0.07	46386	0.119	-0.017	0.697	-0.020	-0.012	2.811
8.551	0.118	-0.016	0.554	0.06	0.13	1.45	-1.24	-1.18	0.10	46386	0.120	-0.017	0.697	-0.020	-0.012	2.800
8.561	0.118	-0.016	0.554	0.05	0.14	1.45	-1.41	-0.92	0.61	46401	0.120	-0.017	0.696	-0.020	-0.012	2.789
8.571	0.126	-0.013	0.554	0.02	0.11	1.45	-0.92	-1.16	0.32	46334	0.121	-0.017	0.696	-0.020	-0.012	2.779
8.582	0.128	-0.010	0.555	-0.00	0.11	1.46	-2.08	-0.87	0.63	46327	0.123	-0.016	0.695	-0.020	-0.012	2.768
8.590	0.128	-0.009	0.555	-0.03	0.12	1.46	-1.26	0.18	0.33	46321	0.124	-0.015	0.695	-0.019	-0.012	2.757
8.600	0.128	-0.012	0.555	-0.02	0.12	1.47	-0.24	0.34	0.06	46333	0.125	-0.015	0.694	-0.019	-0.011	2.747
8.609	0.128	-0.012	0.555	-0.03	0.12	1.47	0.36	1.06	-0.12	46382	0.126	-0.015	0.694	-0.019	-0.011	2.736
8.621	0.129	-0.012	0.555	-0.02	0.11	1.47	0.28	1.00	-0.44	46359	0.127	-0.015	0.693	-0.019	-0.011	2.726
8.630	0.129	-0.012	0.555	-0.02	0.10	1.47	0.85	-0.05	-0.35	46354	0.128	-0.014	0.693	-0.019	-0.011	2.715
8.640	0.129	-0.012	0.555	-0.01	0.10	1.46	1.66	-0.62	-0.65	46346	0.129	-0.014	0.692	-0.019	-0.011	2.705
8.650	0.129	-0.012	0.555	0.01	0.11	1.46	1.86	-1.25	0.22	46406	0.129	-0.014	0.692	-0.019	-0.011	2.694
8.661	0.129	-0.012	0.555	0.03	0.13	1.46	1.99	-3.23	-0.48	46401	0.130	-0.014	0.691	-0.019	-0.011	2.684
8.669	0.130	-0.012	0.555	0.05	0.16	1.45	3.02	-2.60	0.18	46406	0.130	-0.014	0.691	-0.019	-0.011	2.674
8.680	0.131	-0.013	0.555	0.09	0.18	1.45	2.24	-3.81	-0.47	46410	0.131	-0.014	0.690	-0.019	-0.011	2.663
8.690	0.133	-0.013	0.555	0.11	0.21	1.45	2.13	-3.97	-0.27	46401	0.132	-0.014	0.690	-0.019	-0.011	2.653
8.700	0.133	-0.013	0.555	0.13	0.24	1.45	2.04	-2.73	-0.39	46402	0.133	-0.014	0.689	-0.019	-0.010	2.643
8.708	0.135	-0.013	0.555	0.15	0.26	1.44	1.13	-2.02	-0.95	46412	0.134	-0.014	0.689	-0.019	-0.010	2.633
8.718	0.137	-0.013	0.555	0.17	0.27	1.43	0.43	-2.24	-0.41	46403	0.135	-0.014	0.688	-0.019	-0.010	2.623
8.728	0.138	-0.013	0.556	0.17	0.29	1.43	-0.63	-1.95	-0.81	46384	0.136	-0.014	0.688	-0.019	-0.010	2.613
8.738	0.137	-0.010	0.556	0.15	0.32	1.42	-0.35	-2.47	-0.33	46344	0.136	-0.014	0.687	-0.019	-0.010	2.603
8.749	0.137	-0.010	0.556	0.15	0.34	1.42	-2.65	-1.19	0.12	46360	0.137	-0.013	0.687	-0.019	-0.010	2.593
8.759	0.137	-0.010	0.556	0.11	0.36	1.42	-10.54	-1.10	0.04	46367	0.138	-0.013	0.686	-0.019	-0.010	2.583
8.769	0.136	-0.009	0.556	-0.00	0.38	1.42	-21.08	-1.11	-0.36	46364	0.138	-0.013	0.686	-0.019	-0.010	2.573
8.779	0.136	-0.007	0.557	-0.23	0.39	1.41	-32.97	-1.10	-0.33	46375	0.139	-0.012	0.685	-0.019	-0.010	2.564
8.789	0.135	0.001	0.557	-0.60	0.41	1.41	-44.90	-1.26	-0.73	46239	0.139	-0.011	0.685	-0.019	-0.009	2.554
8.800	0.137	-0.001	0.557	-1.05	0.41	1.40	-54.93	-1.27	-1.06	46233	0.139	-0.009	0.685	-0.019	-0.008	2.544
8.806	0.140	0.005	0.557	-1.63	0.41	1.39	-62.73	-0.29	-1.65	46228	0.140	-0.008	0.684	-0.019	-0.008	2.534
8.818	0.140	-0.004	0.556	-2.21	0.42	1.38	-65.45	0.13	-1.43	46225	0.140	-0.007	0.684	-0.019	-0.008	2.525
8.829	0.139	0.005	0.556	-2.90	0.42	1.37	-65.38	0.07	-1.24	46379	0.141	-0.006	0.683	-0.019	-0.007	2.515
8.840	0.139	-0.003	0.556	-3.51	0.42	1.35	-59.98	0.58	-1.38	46371	0.141	-0.006	0.683	-0.020	-0.007	2.506
8.849	0.136	0.005	0.557	-4.15	0.42	1.34	-53.84	1.08	-1.52	46340	0.141	-0.004	0.682	-0.020	-0.007	2.496
8.860	0.139	-0.001	0.557	-4.65	0.40	1.32	-43.81	1.50	-1.71	46314	0.142	-0.004	0.682	-0.020	-0.006	2.487
8.870	0.137	0.006	0.557	-5.11	0.39	1.31	-33.16	2.14	-0.96	46265	0.142	-0.002	0.681	-0.020	-0.006	2.477
8.882	0.137	-0.000	0.557	-5.41	0.37	1.29	-21.99	1.95	-1.01	46243	0.142	-0.002	0.681	-0.020	-0.006	2.468
8.892	0.138	-0.008	0.557	-5.58	0.36	1.28	-11.41	1.23	-0.92	46217	0.142	-0.002	0.680	-0.021	-0.006	2.459
8.901	0.138	-0.008	0.557	-5.69	0.34	1.27	-2.40	1.92	-0.84	46198	0.142	-0.002	0.680	-0.021	-0.006	2.449
8.911	0.138	-0.012	0.559	-5.69	0.32	1.26	5.04	1.66	-1.01	46193	0.142	-0.003	0.679	-0.021	-0.007	2.440
8.921	0.138	-0.012	0.559	-5.64	0.31	1.25	10.15	-0.77	-0.72	45833	0.142	-0.004	0.679	-0.021	-0.007	2.431
8.933	0.137	-0.008	0.560	-5.55	0.32	1.24	13.28	-3.80	-0.77	45803	0.142	-0.003	0.679	-0.022	-0.008	2.422
8.942	0.135	-0.008	0.560	-5.41	0.37	1.24	14.99	-10.34	-1.12	45783	0.142	-0.003	0.679	-0.022	-0.008	2.413
8.950	0.134	-0.012	0.561	-5.24	0.49	1.24	15.91	-17.12	-1.05	45765	0.142	-0.004	0.678	-0.022	-0.008	2.404
8.959	0.136	-0.009	0.561	-5.09	0.65	1.24	15.94	-24.26	-1.11	45612	0.142	-0.003	0.678	-0.023	-0.009	2.395
8.970	0.133	-0.011	0.561	-4.91	0.91	1.25	15.10	-29.52	-1.03	45591	0.141	-0.004	0.678	-0.023	-0.009	2.386
8.979	0.133	-0.001	0.562	-4.81	1.20	1.27	14.21	-34.69	-0.91	45577	0.141	-0.002	0.678	-0.023	-0.009	2.378
8.988	0.133	0.000	0.562	-4.67	1.55	1.29	12.18	-37.51	-1.04	45571	0.141	-0.001	0.677	-0.024	-0.009	2.369
8.999	0.137	0.004	0.563	-4.56	1.90	1.31	10.70	-38.79	-1.15	45552	0.141	0.001	0.677	-0.024	-0.009	2.360
9.011	0.137	0.005	0.563	-4.45	2.29	1.33	10.14	-36.86	-1.45	45397	0.141	0.002	0.677	-0.024	-0.009	2.351
9.021	0.130	0.003	0.563	-4.34	2.68	1.34	10.23	-33.28	-1.11	45399	0.141	0.004	0.677	-0.025	-0.009	2.343
9.031	0.130	0.005	0.564	-4.23	3.01	1.35	11.79	-28.82	-1.90	45391	0.140	0.005	0.676	-0.025	-0.009	2.334
9.041	0.144	0.013	0.565	-4.14	3.23	1.36	12.44	-22.65	-1.73	45379	0.141	0.007	0.676	-0.025	-0.008	2.326
9.046	0.143	0.008	0.566	-3.99	3.46	1.36	13.31	-16.64	-1.99	45160	0.142	0.009	0.676	-0.025	-0.008	2.318
9.061	0.146	0.015	0.566	-3.88	3.61	1.35	14.12	-9.57	-1.75	45156	0.144	0.011	0.676	-0.025	-0.008	2.309
9.068	0.145	0.017	0.566	-3.73	3.71	1.34	15.62	-3.32	-2.07	45151	0.145	0.013	0.676	-0.025	-0.008	2.301
9.077	0.148	0.024	0.566	-3.60	3.73	1.32	16.61	1.75	-2.21	45155	0.146	0.016	0.675	-0.025	-0.007	2.293
9.090	0.149	0.025	0.567	-3.43	3.70	1.30	17.65	5.81	-1.83	45203	0.148	0.019	0.675	-0.025	-0.007	2.284
9.098	0.148	0.030	0.567	-3.26	3.65	1.28	22.25	6.07	-1.47	45230	0.149	0.022	0.675	-0.025	-0.007	2.276
9.110	0.149	0.025	0.567	-3.00	3.58	1.26	27.98	2.99	-1.53	45239	0.150	0.024	0.674	-0.025	-0.007	2.268
9.121	0.150	0.028	0.567	-2.71	3.56	1.24	34.57	-1.18	-1.26	45249	0.151	0.026	0.674	-0.025	-0.007	2.260
9.129	0.149	0.029	0.566	-2.36	3.57	1.23	40.81	-6.19	-0.75	45280	0.152	0.028	0.673	-0.025	-0.007	2.252
9.140	0.145	0.032	0.566	-1.95	3.65	1.22	45.62	-12.47	-1.34	45535	0.152	0.031	0.673	-0.026	-0.006	2.244
9.150	0.143	0.030	0.566	-1.47	3.79	1.21	48.40	-17.30	-0.84	45549	0.152	0.032	0.672	-0.026	-0.007	2.236
9.160	0.144	0.040	0.566	-1.02	3.96	1.21	50.80	-22.40	-0.79	45581	0.153	0.035	0.672	-0.027	-0.006	2.228
9.170	0.140	0.033	0.565	-0.47	4.20	1.20	49.76	-24.29	-0.90	45619	0.153	0.037	0.671	-0.027	-0.007	2.220
9.181	0.137	0.043	0.565	-0.01	4.45	1.19	47.87	-25.11	-1.01	45970	0.152	0.040	0.670	-0.028	-0.006	2.212
9.189	0.133	0.042	0.565	0.48	4.71	1.18	44.11	-23.39	-0.46	46017	0.151	0.042	0.669	-0.029	-0.006	2.204
9.200	0.130	0.056	0.565	0.87	4.95	1.18	39.72	-20.63	-0.44	46074	0.150	0.045	0.668	-0.030	-0.006	2.196
9.208	0.128	0.056	0.565	1.28	5.16	1.16	33.28	-15.32	-1.46	46127	0.149	0.049	0.668	-0.031	-0.005	2.188
9.219	0.132	0.053	0.565	1.64	5.30	1.15	28.53	-10.56	-1.02	46135	0.148	0.051	0.667	-0.032	-0.005	2.180
9.230	0.130	0.056	0.564	1.92	5.40	1.13	23.20	-4.53	-1.16	46185	0.148	0.054	0.666	-0.033	-0.005	2.173
9.238	0.131	0.069	0.564	2.10	5.43	1.13	18.82	1.81	-1.12	46243	0.148	0.057	0.665	-0.034	-0.005	2.165
9.250	0.130	0.071	0.564	2.29	5.41	1.12	12.91	7.51	-1.67	46289	0.147	0.061	0.665	-0.034	-0.004	2.157
9.259	0.127	0.078	0.563	2.40	5.34	1.11	10.44	12.72	-1.59	46544	0.146	0.065	0.664	-0.035	-0.003	2.150
9.270	0.123	0.076	0.562	2.52	5.22	1.09	10.66	16.60	-1.81	46589	0.145	0.068	0.663	-0.037	-0.003	2.142
9.280	0.124	0.082	0.562	2.62	5.04	1.09	16.05	20.09	-1.91	46644	0.144	0.072	0.662	-0.038	-0.003	2.134
9.288	0.131	0.069	0.562	2.86	4.79	1.06	21.94	21.32	-1.96	46699	0.144	0.073	0.661	-0.038	-0.003	2.127
9.301	0.126	0.082	0.561	3.03	4.60	1.06	30.58	21.39	-2.63	46719	0.144	0.076	0.661	-0.039	-0.002	2.119
9.309	0.126	0.081	0.561	3.37	4.37	1.05	38.19	19.54	-2.96	46794	0.144	0.078	0.660	-0.040	-0.002	2.112
9.320	0.123	0.074	0.561	3.80	4.18	1.02	44.49	17.34	-2.96	46830	0.143	0.080	0.659	-0.041	-0.003	2.104
9.329	0.119	0.084	0.560	4.20	4.02	1.01	48.12	14.29	-3.42	46857	0.142	0.082	0.658	-0.042	-0.002	2.097
9.339	0.120	0.092	0.559	4.65	3.86	1.00	48.54	11.47	-3.43	46871	0.141	0.085	0.657	-0.043	-0.002	2.089
9.352	0.118	0.086	0.558	5.18	3.74	0.96	45.69	10.04	-3.77	47188	0.140	0.086	0.656	-0.044	-0.002	2.082
9.360	0.115	0.089	0.558	5.62	3.64	0.94	39.39	8.04	-4.01	47237	0.139	0.088	0.655	-0.046	-0.002	2.075
9.371	0.116	0.087	0.557	6.04	3.54	0.90	31.98	7.90	-4.16	47273	0.138	0.090	0.654	-0.047	-0.002	2.067
9.376	0.113	0.086	0.557	6.37	3.46	0.86	23.02	7.73	-4.25	47303	0.137	0.091	0.653	-0.048	-0.002	2.060
9.386	0.116	0.087	0.556	6.60	3.35	0.83	13.81	9.11	-4.25	47341	0.136	0.091	0.652	-0.049	-0.003	2.053
9.400	0.114	0.087	0.556	6.74	3.26	0.80	4.44	10.12	-4.55	47452	0.136	0.092	0.652	-0.050	-0.003	2.045
9.409	0.115	0.089	0.555	6.77	3.13	0.77	-3.99	10.05	-4.81	47497	0.135	0.093	0.651	-0.051	-0.003	2.038
9.421	0.107	0.090	0.555	6.73	3.05	0.73	-9.52	12.59	-5.30	47522	0.134	0.093	0.650	-0.053	-0.003	2.031
9.433	0.108	0.089	0.553	6.65	2.90	0.69	-11.20	16.19	-5.68	47546	0.133	0.094	0.649	-0.054	-0.003	2.024
9.441	0.105	0.091	0.553	6.54	2.73	0.66	-8.85	21.25	-6.06	47728	0.131	0.094	0.648	-0.055	-0.004	2.017
9.450	0.107	0.091	0.552	6.45	2.48	0.62	-4.06	25.82	-6.12	47750	0.130	0.094	0.647	-0.056	-0.004	2.009
9.459	0.109	0.084	0.552	6.46	2.19	0.58	1.27	30.28	-6.32	47758	0.130	0.094	0.646	-0.057	-0.004	2.002
9.469	0.100	0.091	0.550	6.44	1.92	0.56	7.40	33.35	-7.01	47749	0.128	0.094	0.645	-0.059	-0.004	1.995
9.480	0.096	0.089	0.550	6.53	1.58	0.52	13.34	35.81	-6.85	47975	0.126	0.094	0.644	-0.060	-0.005	1.988
9.488	0.100	0.089	0.549	6.67	1.19	0.49	16.94	35.92	-7.55	47977	0.125	0.093	0.643	-0.061	-0.005	1.981
9.497	0.092	0.090	0.549	6.84	0.85	0.46	17.77	35.13	-8.22	47975	0.123	0.093	0.642	-0.063	-0.005	1.974
9.511	0.095	0.087	0.548	7.03	0.46	0.42	16.88	34.03	-8.11	47968	0.121	0.092	0.641	-0.064	-0.005	1.967
9.518	0.093	0.086	0.547	7.20	0.12	0.38	14.33	30.29	-8.37	47958	0.119	0.091	0.640	-0.066	-0.006	1.959
9.531	0.095	0.085	0.546	7.35	-0.22	0.33	9.43	26.86	-8.28	48145	0.118	0.090	0.639	-0.067	-0.006	1.952
9.539	0.086	0.081	0.546	7.46	-0.46	0.28	3.12	22.77	-8.29	48132	0.116	0.089	0.638	-0.068	-0.006	1.945
9.552	0.086	0.082	0.545	7.48	-0.71	0.23	-3.58	18.54	-8.09	48131	0.114	0.088	0.638	-0.070	-0.007	1.938
9.559	0.083	0.080	0.544	7.44	-0.90	0.17	-10.10	14.60	-7.78	48121	0.112	0.086	0.637	-0.071	-0.007	1.931
9.571	0.079	0.083	0.543	7.31	-1.05	0.12	-16.37	11.00	-7.98	48288	0.109	0.085	0.636	-0.073	-0.007	1.924
9.582	0.075	0.080	0.543	7.16	-1.16	0.05	-21.82	7.07	-8.19	48264	0.106	0.084	0.635	-0.074	-0.007	1.917
9.588	0.075	0.078	0.542	6.94	-1.26	-0.03	-25.77	5.84	-8.25	48251	0.104	0.082	0.634	-0.076	-0.007	1.910
9.597	0.073	0.076	0.542	6.69	-1.33	-0.10	-27.53	7.90	-8.44	48234	0.102	0.080	0.633	-0.077	-0.008	1.903
9.609	0.073	0.079	0.539	6.40	-1.43	-0.17	-27.22	12.95	-8.04	48210	0.099	0.079	0.632	-0.078	-0.008	1.896
9.618	0.073	0.082	0.539	6.10	-1.59	-0.24	-25.38	19.86	-7.84	48575	0.097	0.078	0.631	-0.080	-0.007	1.889
9.631	0.071	0.071	0.538	5.90	-1.80	-0.30	-22.52	26.98	-7.06	48528	0.095	0.076	0.630	-0.081	-0.008	1.882
9.638	0.074	0.073	0.538	5.66	-2.11	-0.35	-18.34	34.34	-6.51	48495	0.094	0.074	0.629	-0.082	-0.008	1.876
9.650	0.072	0.069	0.537	5.48	-2.46	-0.38	-15.83	39.06	-5.67	48447	0.092	0.072	0.628	-0.083	-0.008	1.869
9.659	0.069	0.071	0.537	5.30	-2.86	-0.40	-14.28	42.40	-5.60	48499	0.090	0.070	0.627	-0.084	-0.008	1.862
9.670	0.066	0.070	0.536	5.15	-3.28	-0.42	-11.52	42.92	-5.71	48445	0.088	0.069	0.626	-0.085	-0.008	1.855
9.678	0.066	0.068	0.536	5.04	-3.72	-0.44	-10.93	40.24	-5.25	48399	0.086	0.067	0.626	-0.086	-0.008	1.848
9.688	0.061	0.067	0.536	4.92	-4.11	-0.45	-10.53	36.09	-5.14	48339	0.083	0.065	0.625	-0.087	-0.008	1.841
9.698	0.061	0.068	0.535	4.80	-4.48	-0.47	-10.82	29.19	-4.64	48239	0.081	0.064	0.625	-0.088	-0.008	1.835
9.708	0.058	0.064	0.535	4.69	-4.76	-0.50	-12.07	21.46	-4.23	48176	0.079	0.062	0.624	-0.089	-0.007	1.828
9.719	0.057	0.064	0.535	4.56	-4.98	-0.52	-13.77	13.50	-4.26	48128	0.076	0.060	0.623	-0.090	-0.007	1.821
9.730	0.058	0.055	0.535	4.47	-5.14	-0.56	-15.45	5.71	-3.47	48083	0.074	0.057	0.623	-0.091	-0.007	1.814
9.742	0.057	0.054	0.537	4.28	-5.20	-0.59	-17.64	-1.19	-3.28	48036	0.072	0.055	0.623	-0.092	-0.007	1.808
9.751	0.057	0.052	0.537	4.10	-5.19	-0.63	-19.88	-7.31	-2.67	47512	0.070	0.052	0.623	-0.092	-0.007	1.801
9.757	0.054	0.051	0.537	3.89	-5.12	-0.66	-22.43	-9.43	-2.46	47450	0.068	0.050	0.623	-0.093	-0.007	1.795
9.768	0.054	0.046	0.537	3.67	-5.03	-0.69	-25.14	-8.97	-1.96	47386	0.066	0.047	0.623	-0.094	-0.007	1.788
9.776	0.054	0.043	0.538	3.41	-4.95	-0.71	-29.36	-3.23	-1.91	47325	0.064	0.044	0.623	-0.094	-0.007	1.782
9.788	0.054	0.041	0.539	3.12	-4.93	-0.74	-31.09	3.28	-2.06	47082	0.063	0.041	0.623	-0.095	-0.007	1.776
9.801	0.056	0.038	0.539	2.81	-4.98	-0.76	-32.29	10.11	-1.44	47009	0.061	0.038	0.623	-0.095	-0.007	1.769
9.834	0.055	0.035	0.539	2.48	-5.08	-0.77	-33.58	16.45	-1.59	46945	0.060	0.035	0.623	-0.095	-0.007	1.763
9.838	0.055	0.034	0.539	2.13	-5.26	-0.78	-34.24	21.86	-0.95	46883	0.059	0.033	0.623	-0.095	-0.007	1.757
9.842	0.057	0.026	0.538	1.82	-5.49	-0.78	-32.90	24.56	-0.96	46824	0.058	0.029	0.622	-0.095	-0.008	1.750
9.844	0.060	0.029	0.538	1.44	-5.76	-0.80	-32.03	24.80	-0.92	47007	0.057	0.027	0.622	-0.095	-0.007	1.744
9.848	0.056	0.024	0.539	1.14	-5.99	-0.80	-29.63	24.77	-0.54	46949	0.056	0.024	0.622	-0.095	-0.007	1.738
9.857	0.058	0.021	0.539	0.84	-6.25	-0.80	-27.61	21.78	0.08	46881	0.055	0.021	0.622	-0.095	-0.007	1.731
9.869	0.054	0.018	0.536	0.58	-6.44	-0.79	-23.68	15.77	-0.05	46826	0.054	0.018	0.621	-0.095	-0.007	1.725
9.877	0.055	0.019	0.536	0.33	-6.61	-0.80	-20.89	10.20	0.43	47385	0.053	0.015	0.620	-0.095	-0.007	1.719
9.890	0.056	0.013	0.536	0.14	-6.71	-0.79	-18.86	2.42	0.61	47359	0.052	0.012	0.620	-0.095	-0.007	1.712
9.900	0.055	0.012	0.536	-0.06	-6.72	-0.78	-15.83	-4.86	0.20	47331	0.051	0.009	0.619	-0.094	-0.007	1.706
9.908	0.053	0.007	0.535	-0.21	-6.66	-0.77	-13.38	-11.93	0.70	47298	0.049	0.006	0.618	-0.094	-0.007	1.700
9.925	0.051	0.007	0.535	-0.36	-6.53	-0.77	-11.88	-17.88	0.46	47588	0.048	0.004	0.618	-0.094	-0.007	1.693
9.930	0.051	0.003	0.535	-0.48	-6.35	-0.76	-10.88	-22.92	0.47	47579	0.047	0.001	0.617	-0.094	-0.007	1.687
9.947	0.051	-0.000	0.535	-0.59	-6.12	-0.75	-12.54	-23.44	1.22	47557	0.045	-0.002	0.616	-0.094	-0.007	1.681
9.958	0.052	-0.003	0.535	-0.71	-5.89	-0.74	-17.21	-22.46	1.41	47534	0.044	-0.005	0.616	-0.093	-0.006	1.675
9.963	0.051	-0.002	0.534	-0.91	-5.65	-0.73	-22.76	-18.71	1.32	47523	0.043	-0.007	0.615	-0.093	-0.006	1.669
9.971	0.051	-0.011	0.534	-1.10	-5.47	-0.70	-28.17	-11.96	1.32	47671	0.042	-0.010	0.615	-0.092	-0.006	1.663
9.980	0.051	-0.007	0.534	-1.43	-5.35	-0.69	-33.08	-6.72	1.40	47665	0.041	-0.012	0.614	-0.092	-0.006	1.656
9.988	0.052	-0.015	0.534	-1.72	-5.29	-0.67	-35.47	-1.09	1.64	47648	0.041	-0.015	0.614	-0.091	-0.006	1.650
9.999	0.054	-0.016	0.537	-2.10	-5.28	-0.66	-37.09	3.85	1.73	47627	0.040	-0.018	0.614	-0.091	-0.006	1.645
10.009	0.054	-0.019	0.537	-2.47	-5.32	-0.64	-37.18	6.60	2.13	47204	0.039	-0.021	0.614	-0.090	-0.006	1.639
10.018	0.054	-0.021	0.537	-2.85	-5.37	-0.63	-35.07	8.12	1.78	47158	0.039	-0.023	0.614	-0.089	-0.006	1.633
10.029	0.054	-0.024	0.537	-3.19	-5.45	-0.61	-31.56	7.28	2.27	47109	0.038	-0.026	0.614	-0.088	-0.006	1.627
10.040	0.054	-0.026	0.537	-3.51	-5.51	-0.59	-26.17	4.82	1.99	47066	0.038	-0.028	0.614	-0.088	-0.005	1.621
10.050	0.057	-0.033	0.546	-3.75	-5.54	-0.57	-20.86	2.37	1.81	47011	0.038	-0.031	0.615	-0.087	-0.005	1.616
10.060	0.057	-0.035	0.546	-3.96	-5.55	-0.55	-14.19	-2.80	1.85	45489	0.037	-0.034	0.616	-0.086	-0.006	1.611
10.069	0.061	-0.037	0.547	-4.11	-5.54	-0.53	-9.06	-6.13	2.01	45389	0.038	-0.037	0.617	-0.084	-0.006	1.605
10.080	0.061	-0.039	0.548	-4.20	-5.47	-0.51	-3.13	-10.48	1.68	45314	0.038	-0.039	0.618	-0.083	-0.006	1.600
10.090	0.063	-0.043	0.555	-4.22	-5.33	-0.48	0.01	-15.18	1.97	45240	0.038	-0.042	0.619	-0.082	-0.006	1.595
10.098	0.063	-0.045	0.556	-4.23	-5.17	-0.45	-1.27	-19.71	2.33	44025	0.038	-0.044	0.621	-0.081	-0.006	1.590
10.109	0.067	-0.047	0.557	-4.24	-4.99	-0.42	-5.19	-22.84	2.27	43937	0.039	-0.047	0.622	-0.079	-0.006	1.585
10.119	0.068	-0.049	0.558	-4.29	-4.76	-0.38	-9.79	-24.07	2.03	43873	0.040	-0.049	0.623	-0.078	-0.006	1.580
10.131	0.071	-0.049	0.561	-4.41	-4.52	-0.35	-16.46	-25.85	2.14	43805	0.041	-0.051	0.625	-0.076	-0.006	1.576
10.139	0.072	-0.050	0.562	-4.58	-4.25	-0.31	-22.64	-25.93	1.95	43303	0.042	-0.053	0.626	-0.075	-0.005	1.571
10.148	0.075	-0.052	0.563	-4.81	-4.00	-0.27	-29.51	-25.85	1.55	43238	0.043	-0.055	0.627	-0.073	-0.005	1.566
10.158	0.074	-0.053	0.565	-5.11	-3.72	-0.23	-33.09	-24.28	1.39	43194	0.044	-0.056	0.628	-0.072	-0.005	1.561
10.169	0.079	-0.058	0.566	-5.41	-3.50	-0.19	-34.90	-22.86	1.58	43162	0.046	-0.058	0.629	-0.070	-0.005	1.556
10.179	0.079	-0.059	0.571	-5.76	-3.24	-0.15	-33.92	-20.02	1.69	43137	0.047	-0.060	0.630	-0.068	-0.005	1.552
10.186	0.083	-0.058	0.572	-6.11	-3.05	-0.12	-31.49	-16.91	0.62	42362	0.049	-0.061	0.631	-0.067	-0.005	1.547
10.198	0.084	-0.060	0.573	-6.42	-2.87	-0.09	-26.36	-14.25	0.83	42334	0.050	-0.063	0.632	-0.065	-0.005	1.543
10.208	0.084	-0.065	0.575	-6.65	-2.72	-0.05	-19.95	-12.29	0.98	42321	0.052	-0.065	0.633	-0.063	-0.005	1.539
10.219	0.085	-0.064	0.577	-6.87	-2.57	-0.03	-13.50	-11.13	0.98	42297	0.053	-0.066	0.634	-0.062	-0.005	1.534
10.232	0.089	-0.063	0.579	-7.02	-2.47	-0.02	-6.38	-9.53	1.40	41983	0.055	-0.067	0.635	-0.060	-0.004	1.530
10.239	0.092	-0.068	0.580	-7.05	-2.39	0.02	1.23	-8.31	1.59	41987	0.057	-0.068	0.635	-0.058	-0.004	1.526
10.248	0.095	-0.068	0.581	-7.03	-2.31	0.05	7.93	-7.07	1.34	41994	0.059	-0.069	0.636	-0.056	-0.004	1.522
10.259	0.099	-0.068	0.582	-6.96	-2.25	0.07	13.39	-7.27	0.92	42011	0.061	-0.070	0.637	-0.054	-0.004	1.518
10.269	0.103	-0.070	0.584	-6.82	-2.18	0.09	15.45	-9.64	0.86	41850	0.063	-0.071	0.637	-0.052	-0.004	1.514
10.280	0.104	-0.071	0.585	-6.66	-2.07	0.11	14.26	-14.60	1.41	41894	0.066	-0.072	0.638	-0.050	-0.004	1.510
10.289	0.105	-0.068	0.587	-6.55	-1.92	0.12	11.14	-19.44	0.85	41942	0.068	-0.073	0.638	-0.049	-0.004	1.506
10.299	0.110	-0.068	0.587	-6.44	-1.74	0.15	6.47	-25.14	1.45	42009	0.071	-0.073	0.638	-0.047	-0.004	1.502
10.308	0.114	-0.068	0.587	-6.38	-1.50	0.20	1.03	-30.38	1.45	42091	0.073	-0.073	0.638	-0.045	-0.003	1.498
10.316	0.117	-0.069	0.588	-6.37	-1.20	0.24	-4.95	-34.81	0.45	42335	0.076	-0.073	0.638	-0.042	-0.003	1.494
10.333	0.125	-0.068	0.589	-6.43	-0.89	0.29	-8.95	-38.85	0.79	42440	0.080	-0.073	0.638	-0.040	-0.003	1.490
10.340	0.127	-0.067	0.590	-6.52	-0.50	0.34	-11.32	-40.76	1.24	42550	0.083	-0.073	0.638	-0.038	-0.003	1.487
10.349	0.127	-0.066	0.588	-6.65	-0.08	0.39	-13.50	-40.30	0.93	42649	0.087	-0.072	0.638	-0.036	-0.002	1.483
10.359	0.130	-0.069	0.589	-6.76	0.32	0.46	-13.53	-39.78	1.01	43132	0.090	-0.072	0.637	-0.034	-0.002	1.479
10.368	0.133	-0.067	0.589	-6.91	0.71	0.51	-11.42	-37.26	0.99	43249	0.093	-0.072	0.637	-0.032	-0.002	1.476
10.379	0.134	-0.066	0.589	-7.02	1.10	0.56	-7.10	-33.21	0.51	43361	0.096	-0.071	0.636	-0.030	-0.002	1.472
10.384	0.140	-0.066	0.588	-7.09	1.40	0.61	-2.03	-28.61	0.33	43486	0.100	-0.070	0.636	-0.028	-0.001	1.468
10.399	0.141	-0.066	0.588	-7.10	1.69	0.65	3.49	-22.94	0.46	43838	0.103	-0.070	0.635	-0.026	-0.001	1.465
10.409	0.143	-0.066	0.588	-7.06	1.92	0.68	9.28	-17.25	0.01	43957	0.106	-0.069	0.634	-0.024	-0.001	1.461
10.417	0.147	-0.064	0.588	-6.98	2.08	0.70	14.86	-12.32	0.22	44087	0.109	-0.068	0.634	-0.022	-0.001	1.458
10.428	0.150	-0.061	0.588	-6.84	2.20	0.71	19.77	-8.23	0.12	44220	0.113	-0.067	0.633	-0.020	-0.000	1.455
10.442	0.153	-0.063	0.586	-6.63	2.28	0.73	22.93	-7.62	-0.06	44329	0.116	-0.066	0.632	-0.019	-0.000	1.451
10.449	0.155	-0.060	0.586	-6.42	2.36	0.74	23.00	-9.90	-0.64	44814	0.119	-0.065	0.631	-0.017	0.000	1.448
10.457	0.155	-0.060	0.585	-6.18	2.49	0.74	22.20	-15.69	-0.14	44936	0.122	-0.064	0.630	-0.015	0.000	1.444
10.470	0.163	-0.062	0.585	-5.93	2.60	0.77	19.83	-22.97	-0.17	45049	0.126	-0.063	0.629	-0.013	0.000	1.441
10.479	0.161	-0.057	0.582	-5.78	2.86	0.78	17.23	-28.05	-0.92	45182	0.129	-0.061	0.627	-0.012	0.000	1.438
10.492	0.162	-0.056	0.581	-5.60	3.14	0.80	14.54	-34.70	-0.85	45842	0.132	-0.060	0.626	-0.010	0.001	1.434
10.496	0.163	-0.053	0.580	-5.47	3.49	0.81	11.21	-38.17	-1.00	45964	0.135	-0.058	0.625	-0.009	0.001	1.431
10.510	0.168	-0.054	0.580	-5.33	3.86	0.85	9.50	-40.01	-0.86	46105	0.138	-0.057	0.623	-0.007	0.001	1.427
10.520	0.167	-0.053	0.576	-5.25	4.27	0.87	7.40	-39.75	-1.34	46235	0.141	-0.055	0.622	-0.006	0.001	1.424
10.529	0.167	-0.049	0.575	-5.18	4.69	0.89	8.95	-37.16	-1.57	46833	0.144	-0.053	0.620	-0.005	0.001	1.421
10.541	0.174	-0.045	0.575	-5.11	5.03	0.91	8.91	-33.28	-1.48	46963	0.147	-0.051	0.619	-0.003	0.002	1.417
10.547	0.176	-0.043	0.574	-5.03	5.36	0.93	10.33	-27.31	-1.32	47087	0.150	-0.049	0.617	-0.002	0.002	1.414
10.558	0.176	-0.042	0.573	-4.92	5.65	0.93	11.80	-18.96	-1.95	47190	0.153	-0.046	0.616	-0.001	0.002	1.411
10.573	0.178	-0.042	0.570	-4.78	5.85	0.93	14.55	-11.66	-2.00	47280	0.156	-0.044	0.614	0.000	0.002	1.407
10.579	0.176	-0.038	0.569	-4.64	5.99	0.91	17.38	-3.93	-1.88	47605	0.158	-0.042	0.613	0.001	0.002	1.404
10.589	0.182	-0.036	0.568	-4.47	6.00	0.91	19.09	2.76	-1.72	47705	0.161	-0.040	0.611	0.002	0.003	1.401
10.601	0.183	-0.031	0.567	-4.30	5.98	0.89	20.94	8.52	-1.21	47795	0.164	-0.037	0.610	0.003	0.003	1.398
10.608	0.185	-0.028	0.565	-4.09	5.91	0.87	24.17	8.54	-1.22	47875	0.166	-0.034	0.608	0.004	0.003	1.394
10.618	0.187	-0.026	0.564	-3.85	5.82	0.85	25.75	4.46	-1.51	47980	0.169	-0.031	0.607	0.005	0.004	1.391
10.629	0.188	-0.022	0.563	-3.60	5.78	0.83	27.59	-1.02	-1.80	48031	0.172	-0.028	0.606	0.006	0.004	1.388
10.643	0.188	-0.018	0.562	-3.34	5.79	0.81	29.44	-8.29	-1.67	48086	0.174	-0.025	0.605	0.007	0.004	1.385
10.649	0.189	-0.017	0.558	-3.05	5.88	0.80	29.18	-15.28	-1.36	48123	0.177	-0.022	0.603	0.007	0.004	1.381
10.658	0.191	-0.010	0.556	-2.78	6.02	0.79	29.99	-20.70	-1.55	48766	0.179	-0.018	0.601	0.008	0.005	1.378
10.668	0.189	-0.009	0.555	-2.47	6.25	0.78	30.33	-23.76	-1.60	48795	0.181	-0.015	0.600	0.008	0.005	1.374
10.678	0.193	-0.003	0.554	-2.18	6.46	0.78	29.40	-24.82	-1.69	48812	0.184	-0.011	0.598	0.009	0.006	1.371
10.686	0.192	-0.007	0.551	-1.83	6.72	0.76	28.90	-23.73	-1.90	48828	0.186	-0.008	0.597	0.009	0.006	1.368
10.701	0.192	0.001	0.550	-1.58	6.96	0.76	27.91	-20.46	-1.58	49084	0.188	-0.005	0.595	0.009	0.006	1.364
10.711	0.191	0.006	0.549	-1.32	7.18	0.74	27.03	-14.58	-1.57	49095	0.189	-0.001	0.594	0.009	0.006	1.361
10.720	0.193	0.010	0.548	-1.05	7.31	0.73	25.20	-8.10	-1.84	49098	0.191	0.003	0.592	0.009	0.007	1.357
10.730	0.194	0.014	0.546	-0.80	7.39	0.72	23.31	-0.12	-1.26	49088	0.193	0.007	0.591	0.009	0.007	1.354
10.742	0.196	0.011	0.546	-0.51	7.38	0.71	21.39	7.31	-1.38	49064	0.195	0.010	0.590	0.009	0.007	1.351
10.746	0.196	0.022	0.545	-0.36	7.31	0.71	19.67	13.62	-1.46	48900	0.197	0.014	0.589	0.009	0.008	1.347
10.759	0.198	0.016	0.544	-0.09	7.15	0.68	19.60	17.83	-1.21	48868	0.199	0.016	0.588	0.009	0.008	1.344
10.769	0.195	0.028	0.543	0.04	7.00	0.68	21.91	18.66	-1.02	48821	0.200	0.020	0.587	0.009	0.008	1.341
10.780	0.197	0.022	0.542	0.33	6.79	0.66	25.59	17.29	-1.31	48785	0.202	0.023	0.586	0.009	0.008	1.337
10.791	0.194	0.036	0.541	0.50	6.64	0.66	31.66	12.00	-1.55	48731	0.203	0.027	0.585	0.008	0.008	1.334
10.798	0.194	0.028	0.540	0.91	6.51	0.62	37.76	6.49	-1.39	48682	0.204	0.030	0.584	0.008	0.008	1.331
10.809	0.194	0.046	0.540	1.16	6.44	0.64	42.70	0.32	-0.74	48594	0.205	0.034	0.583	0.007	0.009	1.327
10.821	0.192	0.047	0.538	1.60	6.44	0.63	46.09	-4.87	-0.16	48510	0.206	0.038	0.582	0.007	0.009	1.324
10.829	0.192	0.048	0.537	2.08	6.48	0.62	47.26	-8.40	-0.05	48629	0.206	0.042	0.582	0.006	0.010	1.321
10.845	0.192	0.055	0.536	2.52	6.55	0.63	46.43	-9.75	0.67	48558	0.207	0.046	0.581	0.005	0.010	1.317
10.850	0.191	0.058	0.536	2.99	6.64	0.63	43.23	-9.21	1.67	48493	0.208	0.050	0.580	0.004	0.010	1.314
10.857	0.190	0.061	0.535	3.42	6.73	0.64	38.60	-4.69	1.60	48435	0.208	0.054	0.579	0.003	0.011	1.310
10.869	0.190	0.061	0.535	3.83	6.77	0.65	31.94	1.15	1.96	48380	0.209	0.057	0.579	0.002	0.011	1.307
10.880	0.190	0.068	0.535	4.12	6.74	0.68	24.54	6.79	2.38	48133	0.209	0.061	0.578	0.001	0.011	1.304
10.890	0.192	0.061	0.535	4.45	6.65	0.69	17.50	13.35	2.42	48071	0.210	0.063	0.578	0.000	0.011	1.301
10.900	0.188	0.073	0.534	4.55	6.54	0.75	10.04	19.54	2.34	48020	0.210	0.067	0.577	-0.001	0.012	1.297
10.909	0.190	0.075	0.534	4.66	6.32	0.79	4.06	24.14	1.98	47979	0.211	0.070	0.577	-0.002	0.012	1.294
10.918	0.190	0.075	0.534	4.72	6.08	0.82	-2.07	27.14	2.04	47842	0.211	0.073	0.577	-0.003	0.012	1.291
10.929	0.195	0.073	0.534	4.73	5.72	0.87	-3.79	29.76	2.17	47783	0.212	0.075	0.576	-0.004	0.012	1.288
10.938	0.187	0.075	0.533	4.70	5.47	0.90	-1.74	31.08	1.69	47716	0.212	0.077	0.576	-0.005	0.012	1.284
10.948	0.185	0.073	0.533	4.72	5.16	0.93	4.73	31.05	1.28	47671	0.212	0.079	0.576	-0.006	0.011	1.281
10.960	0.186	0.072	0.532	4.79	4.83	0.96	12.14	29.75	0.98	47602	0.212	0.080	0.575	-0.008	0.011	1.278
10.970	0.183	0.079	0.532	4.87	4.54	1.01	19.99	28.77	1.01	47673	0.212	0.081	0.575	-0.009	0.011	1.275
10.979	0.181	0.079	0.532	5.09	4.25	1.04	26.40	27.50	0.50	47587	0.211	0.083	0.574	-0.011	0.011	1.271
10.989	0.178	0.080	0.532	5.37	3.99	1.06	31.73	24.61	0.06	47510	0.210	0.084	0.574	-0.012	0.011	1.268
10.999	0.175	0.084	0.532	5.67	3.74	1.09	33.18	22.86	-0.10	47452	0.209	0.086	0.574	-0.014	0.010	1.265
11.011	0.173	0.086	0.532	6.00	3.52	1.12	32.85	20.77	-0.26	47203	0.208	0.087	0.574	-0.016	0.010	1.262
11.016	0.167	0.082	0.532	6.37	3.34	1.11	28.31	18.80	-0.81	47148	0.206	0.088	0.573	-0.018	0.010	1.259
11.030	0.164	0.085	0.532	6.63	3.15	1.13	22.76	17.77	-1.18	47101	0.204	0.089	0.573	-0.020	0.010	1.256
11.037	0.162	0.088	0.534	6.84	2.97	1.15	16.40	16.56	-1.80	47062	0.202	0.090	0.573	-0.022	0.010	1.253
11.050	0.159	0.089	0.534	6.99	2.80	1.15	8.66	17.39	-2.53	46762	0.200	0.091	0.573	-0.024	0.010	1.250
11.059	0.152	0.088	0.534	7.09	2.66	1.14	1.58	17.81	-2.86	46728	0.197	0.092	0.573	-0.026	0.009	1.247
11.069	0.152	0.088	0.534	7.10	2.45	1.13	-5.70	19.00	-3.46	46712	0.195	0.092	0.573	-0.028	0.009	1.244
11.081	0.147	0.089	0.534	7.03	2.27	1.12	-13.04	20.63	-3.82	46686	0.192	0.093	0.573	-0.031	0.009	1.241
11.088	0.146	0.091	0.535	6.88	2.04	1.11	-19.95	22.34	-4.03	46671	0.190	0.093	0.573	-0.033	0.009	1.238
11.102	0.144	0.093	0.535	6.66	1.81	1.10	-23.67	24.34	-4.35	46619	0.187	0.094	0.573	-0.035	0.009	1.235
11.109	0.140	0.097	0.535	6.41	1.57	1.09	-23.83	27.06	-4.87	46606	0.184	0.095	0.573	-0.037	0.009	1.232
11.122	0.141	0.093	0.535	6.21	1.25	1.06	-19.87	31.84	-5.08	46585	0.182	0.095	0.573	-0.040	0.009	1.229
11.129	0.135	0.090	0.534	6.04	0.94	1.03	-13.96	35.54	-5.26	46557	0.179	0.095	0.573	-0.042	0.009	1.226
11.139	0.138	0.091	0.534	5.91	0.53	1.01	-7.38	38.38	-5.69	46888	0.177	0.095	0.573	-0.044	0.008	1.223
11.152	0.134	0.092	0.534	5.84	0.15	1.00	-0.62	40.31	-5.64	46872	0.174	0.095	0.573	-0.046	0.008	1.220
11.162	0.131	0.092	0.534	5.84	-0.26	0.99	5.10	39.92	-5.62	46845	0.172	0.094	0.572	-0.048	0.008	1.217
11.169	0.128	0.091	0.534	5.91	-0.66	0.97	10.19	37.76	-5.71	46820	0.169	0.094	0.572	-0.050	0.008	1.214
11.179	0.130	0.090	0.532	6.02	-1.07	0.94	12.51	35.44	-6.05	46813	0.167	0.094	0.572	-0.052	0.008	1.211
11.186	0.125	0.089	0.532	6.15	-1.41	0.92	12.26	31.03	-6.23	47191	0.164	0.093	0.571	-0.054	0.008	1.208
11.200	0.123	0.088	0.532	6.27	-1.72	0.89	10.90	25.57	-6.60	47169	0.161	0.092	0.571	-0.056	0.007	1.206
11.208	0.122	0.087	0.532	6.38	-2.00	0.84	8.17	19.75	-6.38	47167	0.159	0.091	0.570	-0.057	0.007	1.203
11.219	0.118	0.088	0.529	6.45	-2.17	0.80	3.42	12.71	-6.37	47190	0.156	0.090	0.570	-0.059	0.007	1.200
11.228	0.115	0.088	0.529	6.46	-2.29	0.76	-2.35	7.49	-5.76	47681	0.153	0.090	0.569	-0.061	0.007	1.197
11.240	0.113	0.085	0.529	6.45	-2.36	0.70	-8.54	0.90	-5.58	47698	0.150	0.088	0.568	-0.063	0.007	1.194
11.248	0.110	0.087	0.529	6.32	-2.38	0.65	-14.52	-3.27	-4.97	47739	0.147	0.088	0.568	-0.065	0.007	1.191
11.259	0.107	0.085	0.528	6.18	-2.34	0.60	-19.30	-6.68	-4.13	47777	0.144	0.087	0.567	-0.067	0.007	1.188
11.268	0.107	0.085	0.528	5.96	-2.29	0.55	-22.78	-6.99	-4.04	47930	0.141	0.085	0.567	-0.069	0.007	1.185
11.280	0.104	0.086	0.528	5.71	-2.23	0.50	-23.07	-3.32	-3.33	47926	0.138	0.085	0.566	-0.070	0.007	1.182
11.289	0.103	0.083	0.527	5.50	-2.23	0.46	-22.63	3.13	-3.14	47920	0.136	0.083	0.566	-0.072	0.007	1.179
11.299	0.103	0.080	0.527	5.29	-2.29	0.43	-20.10	11.67	-2.36	47919	0.133	0.082	0.565	-0.074	0.007	1.176
11.310	0.101	0.077	0.524	5.12	-2.42	0.42	-15.86	20.22	-1.28	47909	0.131	0.080	0.564	-0.075	0.006	1.173
11.320	0.099	0.078	0.524	4.93	-2.64	0.43	-13.00	29.05	-0.54	48444	0.128	0.078	0.564	-0.077	0.006	1.170
11.329	0.101	0.074	0.523	4.83	-2.99	0.43	-9.98	35.77	-0.18	48423	0.126	0.076	0.563	-0.078	0.006	1.167
11.339	0.100	0.075	0.523	4.71	-3.36	0.46	-8.52	39.25	0.90	48416	0.124	0.075	0.562	-0.079	0.006	1.164
11.350	0.099	0.069	0.520	4.68	-3.76	0.50	-7.58	40.79	0.89	48395	0.122	0.073	0.561	-0.080	0.006	1.161
11.361	0.099	0.067	0.520	4.61	-4.18	0.53	-7.35	38.55	0.88	48911	0.120	0.070	0.560	-0.081	0.006	1.158
11.371	0.098	0.067	0.519	4.52	-4.56	0.57	-8.50	33.06	1.02	48889	0.118	0.068	0.560	-0.082	0.006	1.155
11.378	0.096	0.063	0.519	4.45	-4.88	0.61	-9.90	26.24	1.14	48878	0.116	0.066	0.559	-0.083	0.006	1.152
11.388	0.093	0.058	0.518	4.38	-5.12	0.64	-11.39	16.74	1.37	48872	0.114	0.063	0.558	-0.084	0.005	1.148
11.399	0.091	0.055	0.519	4.27	-5.27	0.67	-12.96	6.61	2.28	48858	0.111	0.060	0.558	-0.085	0.005	1.146
11.409	0.087	0.051	0.519	4.14	-5.29	0.70	-16.54	-2.62	1.88	48620	0.109	0.057	0.558	-0.086	0.005	1.143
11.419	0.085	0.048	0.519	3.98	-5.25	0.72	-18.81	-10.30	1.52	48585	0.106	0.054	0.557	-0.087	0.005	1.140
11.429	0.084	0.044	0.518	3.81	-5.14	0.73	-20.14	-15.23	1.92	48552	0.104	0.051	0.557	-0.088	0.004	1.137
11.435	0.082	0.041	0.519	3.61	-4.99	0.74	-23.00	-14.87	2.04	48510	0.101	0.047	0.557	-0.089	0.004	1.134
11.445	0.083	0.038	0.519	3.38	-4.85	0.75	-25.33	-10.93	2.53	48233	0.099	0.044	0.557	-0.090	0.004	1.131
11.461	0.082	0.036	0.519	3.11	-4.75	0.77	-27.01	-4.53	2.42	48164	0.097	0.041	0.557	-0.091	0.003	1.128
11.470	0.082	0.035	0.519	2.82	-4.73	0.78	-28.89	3.86	2.13	48103	0.095	0.038	0.557	-0.092	0.003	1.125
11.479	0.083	0.035	0.520	2.50	-4.79	0.80	-30.58	10.78	1.48	48041	0.093	0.035	0.557	-0.092	0.003	1.122
11.487	0.084	0.027	0.520	2.24	-4.93	0.81	-29.34	18.06	1.19	47826	0.092	0.031	0.557	-0.092	0.003	1.119
11.499	0.085	0.028	0.520	1.92	-5.13	0.82	-29.31	22.79	0.36	47746	0.090	0.029	0.557	-0.093	0.003	1.117
11.508	0.083	0.026	0.520	1.61	-5.35	0.83	-27.91	25.49	0.30	47665	0.089	0.026	0.558	-0.093	0.003	1.114
11.518	0.084	0.022	0.520	1.35	-5.62	0.84	-26.05	25.27	-0.07	47594	0.087	0.023	0.558	-0.093	0.003	1.111
11.529	0.084	0.018	0.521	1.10	-5.87	0.84	-24.56	23.43	-0.22	47533	0.086	0.019	0.558	-0.093	0.003	1.108
11.538	0.084	0.016	0.521	0.84	-6.10	0.84	-21.46	18.34	-0.57	47331	0.085	0.016	0.558	-0.093	0.003	1.105
11.548	0.084	0.011	0.522	0.64	-6.27	0.84	-17.78	11.22	-0.81	47255	0.084	0.013	0.558	-0.093	0.003	1.103
11.562	0.083	0.011	0.522	0.45	-6.37	0.83	-15.55	4.21	-1.31	47185	0.083	0.010	0.558	-0.093	0.003	1.100
11.568	0.083	0.005	0.524	0.30	-6.39	0.82	-13.97	-5.08	-1.85	47114	0.081	0.007	0.559	-0.093	0.003	1.097
11.577	0.083	0.004	0.524	0.15	-6.33	0.80	-12.23	-11.56	-1.73	46765	0.080	0.004	0.559	-0.093	0.003	1.095
11.586	0.084	-0.000	0.525	0.04	-6.21	0.78	-11.16	-18.23	-2.00	46682	0.079	0.001	0.560	-0.093	0.003	1.092
11.595	0.082	-0.000	0.525	-0.10	-5.99	0.76	-10.53	-22.72	-1.97	46611	0.078	-0.002	0.560	-0.093	0.003	1.089
11.608	0.083	-0.005	0.526	-0.20	-5.77	0.74	-13.29	-24.49	-1.88	46542	0.077	-0.005	0.560	-0.092	0.003	1.087
11.618	0.084	-0.007	0.529	-0.36	-5.53	0.72	-18.65	-22.51	-2.32	46490	0.077	-0.008	0.561	-0.092	0.003	1.084
11.627	0.085	-0.012	0.529	-0.54	-5.31	0.70	-24.40	-18.08	-2.13	45945	0.076	-0.011	0.562	-0.091	0.003	1.082
11.637	0.085	-0.009	0.530	-0.85	-5.13	0.67	-30.63	-13.55	-3.09	45882	0.075	-0.013	0.562	-0.091	0.003	1.079
11.648	0.087	-0.015	0.531	-1.14	-5.02	0.64	-35.00	-7.52	-3.33	45829	0.075	-0.016	0.563	-0.090	0.003	1.077
11.658	0.087	-0.016	0.533	-1.52	-4.94	0.61	-37.77	-2.26	-3.29	45778	0.075	-0.019	0.564	-0.090	0.003	1.074
11.669	0.089	-0.023	0.534	-1.87	-4.92	0.58	-40.19	1.93	-3.78	45353	0.075	-0.022	0.565	-0.089	0.003	1.072
11.679	0.090	-0.022	0.535	-2.31	-4.95	0.53	-39.59	5.44	-3.94	45294	0.075	-0.025	0.565	-0.088	0.003	1.070
11.686	0.091	-0.028	0.535	-2.68	-5.01	0.50	-37.35	8.66	-3.62	45233	0.075	-0.028	0.566	-0.087	0.003	1.067
11.695	0.093	-0.030	0.539	-3.07	-5.09	0.46	-33.89	9.92	-3.63	45175	0.075	-0.030	0.567	-0.087	0.003	1.065
11.707	0.094	-0.034	0.540	-3.40	-5.18	0.42	-29.26	9.64	-3.70	44639	0.075	-0.033	0.568	-0.086	0.003	1.063
11.717	0.095	-0.036	0.541	-3.69	-5.27	0.38	-23.13	7.21	-2.94	44595	0.075	-0.036	0.569	-0.085	0.003	1.061
11.732	0.098	-0.041	0.541	-3.89	-5.35	0.34	-16.62	4.04	-3.06	44548	0.076	-0.039	0.569	-0.083	0.003	1.059
11.738	0.098	-0.045	0.542	-4.05	-5.37	0.32	-10.92	-0.03	-3.08	44502	0.076	-0.042	0.570	-0.082	0.003	1.057
11.748	0.101	-0.047	0.547	-4.16	-5.35	0.28	-5.57	-4.02	-3.37	44479	0.077	-0.045	0.571	-0.081	0.003	1.055
11.758	0.102	-0.049	0.548	-4.21	-5.30	0.25	-0.94	-8.59	-3.50	43825	0.078	-0.048	0.572	-0.080	0.003	1.053
11.770	0.104	-0.051	0.549	-4.22	-5.21	0.22	1.88	-13.66	-3.22	43780	0.079	-0.050	0.573	-0.079	0.003	1.051
11.778	0.105	-0.051	0.550	-4.23	-5.05	0.19	0.14	-16.56	-3.44	43752	0.079	-0.053	0.574	-0.077	0.003	1.049
11.789	0.107	-0.056	0.552	-4.21	-4.88	0.18	-4.02	-19.40	-3.44	43743	0.080	-0.055	0.575	-0.076	0.003	1.048
11.798	0.109	-0.057	0.553	-4.28	-4.67	0.16	-9.28	-21.68	-3.65	43479	0.082	-0.058	0.576	-0.075	0.003	1.046
11.808	0.111	-0.060	0.554	-4.37	-4.45	0.14	-15.89	-24.33	-3.36	43477	0.083	-0.060	0.576	-0.073	0.003	1.044
11.815	0.111	-0.062	0.555	-4.55	-4.19	0.13	-23.20	-24.24	-3.34	43496	0.084	-0.062	0.577	-0.072	0.003	1.043
11.829	0.117	-0.063	0.556	-4.80	-3.97	0.11	-29.06	-23.57	-3.16	43516	0.085	-0.064	0.578	-0.070	0.003	1.041
11.839	0.118	-0.060	0.560	-5.14	-3.72	0.08	-32.88	-22.91	-3.08	43541	0.087	-0.066	0.579	-0.069	0.003	1.040
11.846	0.121	-0.066	0.561	-5.44	-3.49	0.08	-34.70	-20.95	-2.51	43037	0.089	-0.067	0.580	-0.067	0.003	1.038
11.859	0.126	-0.064	0.562	-5.82	-3.30	0.06	-35.27	-19.61	-1.99	43070	0.091	-0.069	0.580	-0.065	0.004	1.037
11.868	0.128	-0.067	0.562	-6.15	-3.10	0.07	-32.12	-17.81	-1.84	43120	0.093	-0.070	0.581	-0.063	0.004	1.035
11.876	0.129	-0.068	0.566	-6.46	-2.89	0.07	-26.65	-15.82	-1.69	43144	0.095	-0.072	0.582	-0.062	0.004	1.034
11.887	0.132	-0.068	0.567	-6.74	-2.74	0.06	-19.57	-14.52	-1.47	42606	0.097	-0.073	0.583	-0.060	0.004	1.033
11.898	0.137	-0.067	0.568	-6.94	-2.61	0.06	-12.08	-13.43	-0.87	42651	0.100	-0.073	0.584	-0.058	0.005	1.032
11.909	0.141	-0.068	0.569	-7.05	-2.49	0.07	-4.21	-12.08	-0.46	42690	0.103	-0.074	0.584	-0.056	0.005	1.031
11.918	0.144	-0.069	0.571	-7.08	-2.37	0.08	3.56	-11.14	-0.02	42733	0.105	-0.075	0.585	-0.054	0.005	1.029
11.923	0.147	-0.070	0.572	-7.03	-2.26	0.09	10.94	-10.51	0.12	42651	0.108	-0.075	0.586	-0.052	0.005	1.028
11.940	0.148	-0.071	0.572	-6.92	-2.14	0.11	15.32	-11.81	0.06	42713	0.111	-0.076	0.586	-0.050	0.006	1.027
11.947	0.155	-0.073	0.573	-6.74	-2.06	0.13	16.72	-14.27	0.10	42779	0.114	-0.076	0.587	-0.048	0.006	1.026
11.957	0.158	-0.074	0.574	-6.57	-1.90	0.15	14.83	-19.94	1.09	42870	0.117	-0.077	0.587	-0.046	0.006	1.025
11.972	0.160	-0.074	0.573	-6.44	-1.68	0.18	9.95	-26.27	0.94	42946	0.120	-0.078	0.587	-0.044	0.006	1.024
11.976	0.163	-0.074	0.574	-6.35	-1.41	0.22	3.54	-31.75	-0.03	43229	0.123	-0.078	0.587	-0.042	0.006	1.023
11.992	0.166	-0.074	0.574	-6.32	-1.09	0.25	-2.49	-36.74	-0.80	43342	0.127	-0.078	0.587	-0.040	0.007	1.022
12.025	0.165	-0.073	0.574	-6.36	-0.68	0.28	-6.94	-40.72	0.21	43453	0.129	-0.078	0.587	-0.038	0.007	1.021
12.030	0.171	-0.072	0.573	-6.45	-0.29	0.33	-12.46	-43.63	-0.90	43572	0.133	-0.078	0.586	-0.036	0.007	1.020
12.036	0.173	-0.071	0.573	-6.59	0.16	0.37	-15.20	-44.70	-1.28	43976	0.136	-0.077	0.586	-0.034	0.007	1.019
12.041	0.177	-0.070	0.573	-6.75	0.58	0.40	-15.44	-43.63	-1.32	44103	0.139	-0.077	0.586	-0.032	0.008	1.019
12.050	0.180	-0.068	0.573	-6.92	1.03	0.44	-14.37	-40.26	-1.86	44220	0.142	-0.076	0.585	-0.031	0.008	1.018
12.065	0.181	-0.069	0.572	-7.06	1.43	0.46	-10.90	-35.69	-1.99	44329	0.145	-0.075	0.584	-0.029	0.009	1.017
12.091	0.186	-0.068	0.572	-7.16	1.77	0.49	-6.04	-30.13	-2.52	44762	0.149	-0.074	0.584	-0.027	0.009	1.016
12.098	0.189	-0.068	0.571	-7.21	2.06	0.50	-0.38	-23.43	-2.21	44864	0.152	-0.073	0.583	-0.025	0.009	1.015
12.103	0.192	-0.067	0.571	-7.21	2.28	0.51	6.30	-16.99	-2.21	44964	0.156	-0.073	0.582	-0.023	0.009	1.014
12.108	0.190	-0.069	0.569	-7.12	2.49	0.50	12.35	-10.77	-2.37	45070	0.159	-0.072	0.581	-0.022	0.010	1.013
12.112	0.198	-0.066	0.569	-7.00	2.55	0.50	17.94	-5.47	-2.18	45433	0.162	-0.071	0.580	-0.020	0.010	1.012
12.116	0.201	-0.065	0.569	-6.81	2.60	0.48	22.85	-0.64	-1.67	45537	0.166	-0.069	0.580	-0.018	0.010	1.011
12.118	0.205	-0.058	0.568	-6.63	2.59	0.46	24.96	0.98	-2.63	45646	0.170	-0.067	0.579	-0.016	0.011	1.011
12.128	0.207	-0.058	0.568	-6.36	2.60	0.43	26.40	-2.08	-2.83	45765	0.173	-0.066	0.578	-0.015	0.011	1.010
12.138	0.209	-0.054	0.564	-6.13	2.62	0.40	24.82	-7.00	-3.73	45845	0.177	-0.064	0.577	-0.013	0.011	1.009
12.149	0.209	-0.056	0.564	-5.86	2.73	0.37	23.27	-15.15	-3.31	46392	0.180	-0.062	0.576	-0.011	0.012	1.008
12.158	0.214	-0.052	0.563	-5.65	2.88	0.35	20.62	-23.06	-3.33	46499	0.183	-0.060	0.574	-0.010	0.012	1.007
12.169	0.211	-0.051	0.562	-5.44	3.17	0.33	16.71	-30.95	-2.72	46607	0.186	-0.057	0.573	-0.009	0.012	1.006
12.175	0.214	-0.050	0.558	-5.29	3.49	0.34	13.41	-36.33	-2.62	46695	0.189	-0.055	0.572	-0.007	0.013	1.005
12.188	0.226	-0.050	0.557	-5.14	3.78	0.37	12.63	-42.23	-3.02	47406	0.193	-0.053	0.570	-0.006	0.013	1.004
12.197	0.222	-0.050	0.556	-5.00	4.26	0.36	11.66	-42.70	-3.44	47507	0.196	-0.052	0.569	-0.004	0.013	1.003
12.208	0.223	-0.043	0.555	-4.92	4.70	0.36	10.08	-40.44	-3.73	47593	0.199	-0.049	0.568	-0.003	0.013	1.002
12.219	0.227	-0.044	0.553	-4.79	5.08	0.36	10.92	-36.71	-3.63	47681	0.202	-0.047	0.566	-0.002	0.013	1.001
12.226	0.231	-0.040	0.552	-4.70	5.43	0.36	11.85	-30.12	-3.60	47896	0.206	-0.045	0.565	-0.001	0.014	1.000
12.239	0.231	-0.037	0.551	-4.58	5.74	0.34	13.30	-21.54	-3.46	47962	0.209	-0.042	0.564	0.000	0.014	1.000
12.250	0.233	-0.038	0.550	-4.41	5.94	0.32	14.86	-12.55	-3.35	48022	0.212	-0.040	0.563	0.001	0.014	0.999
12.256	0.229	-0.042	0.549	-4.20	6.11	0.28	16.29	-4.06	-3.84	48055	0.215	-0.038	0.561	0.002	0.014	0.998
12.268	0.240	-0.032	0.547	-4.10	6.06	0.27	18.51	2.88	-3.40	48072	0.218	-0.036	0.560	0.003	0.014	0.997
12.277	0.240	-0.029	0.546	-3.91	6.04	0.23	21.01	5.60	-2.93	48248	0.221	-0.033	0.559	0.004	0.014	0.996
12.287	0.241	-0.029	0.545	-3.67	6.00	0.20	23.58	4.25	-3.16	48270	0.224	-0.031	0.558	0.005	0.014	0.995
12.298	0.241	-0.031	0.544	-3.39	5.98	0.15	26.14	-0.11	-3.36	48292	0.227	-0.029	0.557	0.006	0.014	0.994
12.308	0.243	-0.022	0.543	-3.17	5.99	0.13	30.42	-7.34	-3.07	48301	0.230	-0.026	0.556	0.006	0.014	0.993
12.318	0.243	-0.019	0.542	-2.87	6.08	0.09	31.93	-14.00	-3.49	48303	0.233	-0.023	0.555	0.007	0.015	0.992
12.328	0.245	-0.020	0.541	-2.51	6.23	0.06	32.71	-20.09	-3.45	48293	0.235	-0.020	0.554	0.007	0.015	0.991
12.338	0.245	-0.007	0.540	-2.27	6.46	0.05	32.27	-25.24	-2.82	48289	0.237	-0.016	0.553	0.008	0.015	0.990
12.344	0.245	-0.005	0.539	-1.93	6.72	0.02	31.06	-27.01	-2.74	48307	0.240	-0.013	0.552	0.008	0.015	0.989
12.357	0.242	-0.000	0.538	-1.63	7.02	-0.01	28.68	-26.17	-2.59	48389	0.241	-0.009	0.551	0.008	0.016	0.988
12.365	0.240	0.005	0.537	-1.36	7.30	-0.03	27.01	-21.88	-2.14	48398	0.243	-0.005	0.551	0.008	0.016	0.987
12.375	0.244	0.003	0.536	-1.04	7.48	-0.04	24.43	-17.16	-2.32	48407	0.245	-0.001	0.550	0.008	0.017	0.986
12.386	0.244	0.018	0.535	-0.90	7.65	-0.05	21.99	-9.67	-1.97	48408	0.246	0.003	0.549	0.008	0.017	0.985
12.398	0.245	0.015	0.534	-0.63	7.72	-0.07	21.50	0.26	-2.00	48433	0.248	0.007	0.548	0.008	0.018	0.983
12.409	0.246	0.025	0.533	-0.47	7.70	-0.08	19.88	8.03	-2.03	48512	0.250	0.012	0.547	0.007	0.018	0.982
12.418	0.248	0.030	0.532	-0.28	7.59	-0.09	19.28	16.38	-1.95	48524	0.251	0.017	0.547	0.007	0.019	0.981
12.428	0.250	0.033	0.531	-0.09	7.39	-0.11	20.22	23.85	-2.18	48523	0.253	0.021	0.546	0.007	0.020	0.980
12.438	0.252	0.045	0.531	0.04	7.13	-0.10	21.22	28.93	-1.98	48505	0.255	0.027	0.545	0.007	0.021	0.979
12.449	0.252	0.043	0.530	0.32	6.83	-0.14	26.26	29.41	-1.36	48452	0.257	0.031	0.545	0.007	0.021	0.978
12.459	0.252	0.051	0.529	0.55	6.54	-0.14	32.64	25.80	-1.69	48409	0.259	0.036	0.544	0.006	0.022	0.977
12.469	0.253	0.047	0.529	0.96	6.28	-0.17	39.53	20.19	-2.16	48358	0.261	0.040	0.544	0.006	0.022	0.976
12.482	0.251	0.057	0.528	1.31	6.10	-0.17	45.84	11.99	-2.16	48279	0.262	0.045	0.543	0.005	0.023	0.974
12.490	0.251	0.063	0.527	1.76	5.98	-0.18	49.82	3.95	-2.72	48213	0.263	0.050	0.543	0.005	0.023	0.973
12.498	0.250	0.070	0.527	2.23	5.96	-0.20	50.77	-3.45	-2.66	48145	0.264	0.055	0.542	0.004	0.024	0.972
12.505	0.249	0.064	0.526	2.82	6.00	-0.26	49.86	-9.43	-2.97	48089	0.265	0.059	0.542	0.003	0.025	0.971
12.516	0.249	0.066	0.526	3.33	6.09	-0.29	46.91	-14.01	-2.68	48017	0.266	0.063	0.541	0.002	0.025	0.970
12.527	0.246	0.085	0.524	3.66	6.25	-0.29	42.48	-14.83	-2.22	47960	0.267	0.068	0.541	0.001	0.026	0.968
12.536	0.245	0.080	0.523	4.15	6.39	-0.34	36.27	-13.21	-1.52	48238	0.267	0.072	0.540	0.000	0.026	0.967
12.549	0.244	0.091	0.523	4.44	6.51	-0.34	28.87	-8.40	-1.70	48188	0.267	0.077	0.539	-0.001	0.027	0.966
12.557	0.244	0.103	0.522	4.65	6.57	-0.33	22.23	-2.17	-1.41	48143	0.268	0.083	0.539	-0.002	0.028	0.965
12.567	0.243	0.104	0.523	4.89	6.57	-0.35	16.77	4.85	-0.91	48112	0.268	0.088	0.539	-0.003	0.029	0.963
12.578	0.245	0.111	0.523	5.02	6.48	-0.34	11.74	12.98	-0.86	47853	0.268	0.093	0.538	-0.005	0.030	0.962
12.589	0.244	0.107	0.522	5.19	6.33	-0.36	8.48	19.52	-1.00	47804	0.269	0.097	0.538	-0.006	0.030	0.961
12.594	0.243	0.116	0.522	5.22	6.12	-0.33	7.52	23.97	-0.61	47758	0.269	0.102	0.538	-0.007	0.031	0.960
12.606	0.243	0.119	0.522	5.31	5.86	-0.31	10.75	29.16	-0.40	47720	0.269	0.106	0.538	-0.009	0.031	0.959
12.617	0.238	0.117	0.522	5.46	5.58	-0.31	17.99	32.41	-1.11	47664	0.269	0.110	0.537	-0.010	0.032	0.958
12.628	0.242	0.111	0.522	5.73	5.21	-0.32	25.97	32.85	-1.91	47514	0.269	0.112	0.537	-0.011	0.032	0.956
12.639	0.236	0.118	0.522	5.96	4.91	-0.29	33.92	31.83	-1.71	47434	0.268	0.115	0.537	-0.013	0.032	0.955
12.649	0.236	0.118	0.522	6.33	4.57	-0.29	39.76	29.94	-2.46	47347	0.268	0.117	0.537	-0.015	0.032	0.954
12.658	0.231	0.117	0.522	6.76	4.30	-0.29	41.68	27.96	-2.92	47257	0.267	0.119	0.537	-0.016	0.032	0.953
12.668	0.229	0.122	0.522	7.15	4.02	-0.28	40.86	24.13	-3.29	47098	0.265	0.121	0.537	-0.018	0.032	0.952
12.678	0.227	0.124	0.522	7.55	3.78	-0.28	36.25	20.78	-3.26	47017	0.264	0.123	0.537	-0.020	0.032	0.951
12.688	0.226	0.128	0.522	7.88	3.55	-0.27	28.74	19.00	-3.34	46939	0.263	0.126	0.537	-0.022	0.032	0.950
12.696	0.222	0.126	0.522	8.19	3.37	-0.30	20.22	16.91	-3.07	46876	0.261	0.127	0.537	-0.024	0.032	0.948
12.706	0.222	0.130	0.523	8.37	3.18	-0.30	10.77	17.55	-3.80	46834	0.260	0.129	0.537	-0.026	0.032	0.947
12.716	0.221	0.131	0.523	8.47	2.98	-0.31	0.98	16.58	-3.71	46758	0.259	0.131	0.537	-0.028	0.032	0.946
12.728	0.225	0.128	0.523	8.50	2.76	-0.34	-7.52	16.18	-3.69	46719	0.258	0.131	0.537	-0.029	0.032	0.945
12.737	0.217	0.132	0.523	8.39	2.64	-0.34	-14.19	16.07	-3.52	46695	0.256	0.133	0.537	-0.031	0.032	0.944
12.748	0.213	0.134	0.523	8.23	2.48	-0.35	-20.31	16.86	-3.91	46668	0.254	0.134	0.537	-0.034	0.032	0.943
12.759	0.213	0.135	0.523	8.02	2.28	-0.37	-24.02	16.79	-3.91	46729	0.253	0.135	0.537	-0.035	0.032	0.942
12.766	0.214	0.129	0.523	7.83	2.07	-0.41	-26.38	17.68	-4.42	46705	0.251	0.135	0.537	-0.037	0.032	0.941
12.778	0.206	0.130	0.523	7.57	1.93	-0.42	-24.86	21.67	-5.14	46683	0.249	0.135	0.537	-0.040	0.031	0.940
12.792	0.202	0.131	0.525	7.32	1.72	-0.44	-19.34	25.74	-5.03	46652	0.246	0.135	0.537	-0.042	0.031	0.939
12.796	0.203	0.128	0.525	7.17	1.40	-0.47	-13.20	30.21	-4.96	46353	0.244	0.134	0.537	-0.044	0.031	0.938
12.809	0.204	0.129	0.525	7.04	1.06	-0.49	-5.35	34.54	-4.73	46310	0.242	0.134	0.538	-0.046	0.031	0.937
12.820	0.199	0.127	0.525	7.02	0.72	-0.49	1.34	39.02	-4.38	46257	0.240	0.133	0.538	-0.048	0.030	0.936
12.827	0.199	0.126	0.526	7.04	0.30	-0.49	6.09	41.54	-4.50	46234	0.238	0.133	0.538	-0.050	0.030	0.935
12.837	0.192	0.126	0.526	7.11	-0.09	-0.48	9.72	42.27	-4.50	46203	0.235	0.132	0.538	-0.052	0.030	0.934
12.848	0.190	0.125	0.526	7.22	-0.52	-0.48	10.41	41.44	-4.62	46235	0.232	0.131	0.538	-0.054	0.029	0.933
12.857	0.188	0.124	0.526	7.33	-0.94	-0.48	10.36	37.57	-5.23	46220	0.230	0.130	0.538	-0.056	0.029	0.932
12.868	0.184	0.124	0.526	7.41	-1.31	-0.47	6.48	32.96	-5.18	46232	0.227	0.129	0.538	-0.058	0.029	0.931
12.879	0.185	0.124	0.525	7.47	-1.66	-0.49	1.04	26.60	-4.71	46244	0.224	0.128	0.538	-0.060	0.029	0.930
12.887	0.180	0.125	0.525	7.47	-1.92	-0.49	-4.00	21.96	-4.12	46488	0.221	0.127	0.538	-0.062	0.028	0.929
12.900	0.182	0.122	0.525	7.43	-2.17	-0.52	-9.84	15.63	-3.76	46511	0.219	0.126	0.538	-0.064	0.028	0.928
12.908	0.175	0.117	0.526	7.35	-2.29	-0.53	-16.90	10.11	-3.03	46572	0.216	0.124	0.538	-0.066	0.028	0.927
12.920	0.175	0.120	0.526	7.14	-2.40	-0.55	-24.37	4.94	-2.81	46650	0.213	0.123	0.538	-0.068	0.028	0.927
12.926	0.172	0.113	0.524	6.94	-2.45	-0.58	-30.10	2.22	-2.46	46698	0.210	0.120	0.537	-0.070	0.027	0.926
12.940	0.171	0.116	0.524	6.59	-2.48	-0.60	-35.13	0.69	-3.22	47017	0.207	0.119	0.537	-0.072	0.027	0.925
12.948	0.167	0.108	0.524	6.29	-2.49	-0.64	-37.83	2.93	-2.80	47095	0.204	0.116	0.537	-0.074	0.027	0.924
12.958	0.167	0.115	0.524	5.84	-2.56	-0.66	-38.66	8.63	-2.94	47194	0.201	0.115	0.537	-0.076	0.027	0.923
12.970	0.165	0.104	0.523	5.53	-2.66	-0.70	-36.27	16.22	-2.79	47232	0.199	0.112	0.536	-0.077	0.026	0.922
12.979	0.163	0.110	0.523	5.10	-2.84	-0.70	-32.65	23.47	-2.75	47503	0.196	0.111	0.536	-0.079	0.026	0.921
12.986	0.164	0.098	0.522	4.87	-3.12	-0.73	-28.65	31.32	-2.15	47546	0.194	0.108	0.536	-0.080	0.026	0.920
12.998	0.161	0.093	0.522	4.62	-3.44	-0.72	-23.69	36.21	-1.29	47600	0.191	0.104	0.535	-0.082	0.025	0.919
13.007	0.163	0.093	0.518	4.39	-3.84	-0.72	-17.90	39.31	-0.88	47639	0.189	0.101	0.534	-0.083	0.025	0.917
13.020	0.162	0.088	0.518	4.23	-4.24	-0.71	-15.29	39.62	-0.51	48346	0.187	0.098	0.534	-0.084	0.024	0.916
13.026	0.163	0.089	0.517	4.05	-4.66	-0.69	-11.84	35.51	-0.23	48374	0.185	0.095	0.533	-0.086	0.024	0.915
13.036	0.161	0.078	0.517	4.00	-5.01	-0.68	-13.01	29.39	-0.07	48385	0.183	0.091	0.532	-0.087	0.023	0.914
13.049	0.161	0.079	0.516	3.84	-5.30	-0.66	-12.35	20.48	0.09	48403	0.181	0.088	0.532	-0.088	0.023	0.913
13.059	0.155	0.074	0.514	3.75	-5.45	-0.63	-14.18	10.08	0.33	48393	0.179	0.084	0.531	-0.089	0.022	0.911
13.068	0.155	0.073	0.513	3.59	-5.55	-0.63	-16.24	0.49	0.92	48751	0.176	0.080	0.530	-0.090	0.022	0.910
13.078	0.152	0.069	0.513	3.43	-5.53	-0.62	-18.08	-9.17	1.11	48740	0.174	0.077	0.529	-0.091	0.022	0.909
13.086	0.151	0.069	0.513	3.22	-5.42	-0.61	-20.31	-16.95	1.54	48713	0.171	0.074	0.529	-0.092	0.021	0.907
13.097	0.148	0.063	0.511	3.05	-5.23	-0.60	-21.60	-23.24	1.24	48678	0.169	0.070	0.528	-0.093	0.021	0.906
13.108	0.146	0.061	0.511	2.83	-4.99	-0.60	-22.68	-24.41	1.46	48808	0.166	0.067	0.528	-0.094	0.021	0.905
13.117	0.144	0.056	0.510	2.60	-4.74	-0.59	-24.50	-20.18	1.70	48776	0.164	0.063	0.527	-0.095	0.020	0.904
13.127	0.143	0.045	0.510	2.42	-4.55	-0.58	-28.23	-12.85	1.15	48731	0.161	0.058	0.527	-0.096	0.020	0.902
13.137	0.142	0.041	0.510	2.14	-4.44	-0.57	-29.04	-3.37	1.28	48700	0.159	0.054	0.526	-0.097	0.019	0.901
13.147	0.143	0.040	0.509	1.83	-4.43	-0.57	-30.85	6.99	0.65	48658	0.157	0.049	0.526	-0.098	0.019	0.900
13.156	0.144	0.034	0.509	1.54	-4.54	-0.57	-32.73	16.49	0.09	48652	0.155	0.045	0.526	-0.098	0.018	0.898
13.167	0.144	0.033	0.508	1.19	-4.72	-0.57	-33.20	24.23	-0.04	48598	0.153	0.041	0.526	-0.099	0.018	0.897
13.178	0.145	0.031	0.508	0.85	-4.99	-0.57	-32.70	30.34	-0.69	48532	0.152	0.037	0.525	-0.099	0.017	0.896
13.188	0.145	0.025	0.507	0.54	-5.30	-0.58	-31.65	31.38	-0.79	48470	0.150	0.033	0.525	-0.099	0.017	0.895
13.197	0.145	0.018	0.507	0.25	-5.61	-0.58	-30.06	29.52	-1.18	48548	0.149	0.028	0.525	-0.099	0.017	0.893
13.209	0.145	0.020	0.507	-0.09	-5.90	-0.61	-27.66	23.83	-2.28	48474	0.147	0.025	0.525	-0.100	0.016	0.892
13.215	0.144	0.012	0.507	-0.33	-6.12	-0.62	-24.43	15.93	-2.67	48384	0.146	0.020	0.524	-0.100	0.016	0.891
13.226	0.143	0.014	0.509	-0.63	-6.26	-0.66	-21.09	7.57	-3.24	48304	0.144	0.017	0.525	-0.100	0.016	0.889
13.236	0.143	0.005	0.509	-0.79	-6.32	-0.68	-17.67	-1.01	-3.40	47837	0.143	0.013	0.525	-0.100	0.015	0.888
13.248	0.142	0.005	0.509	-1.00	-6.29	-0.72	-14.73	-9.47	-3.43	47749	0.142	0.009	0.525	-0.100	0.015	0.887
13.256	0.142	0.003	0.509	-1.16	-6.18	-0.75	-12.27	-16.93	-3.63	47646	0.140	0.006	0.525	-0.100	0.015	0.886
13.268	0.141	0.000	0.509	-1.29	-5.99	-0.78	-11.10	-21.13	-3.25	47546	0.139	0.002	0.525	-0.099	0.015	0.884
13.277	0.142	-0.004	0.513	-1.41	-5.77	-0.81	-14.24	-21.88	-3.34	47460	0.138	-0.001	0.526	-0.099	0.015	0.883
13.287	0.143	-0.009	0.514	-1.55	-5.55	-0.83	-18.42	-19.87	-3.11	46663	0.137	-0.005	0.527	-0.099	0.015	0.882
13.298	0.145	-0.012	0.514	-1.74	-5.37	-0.87	-22.31	-14.84	-4.07	46567	0.136	-0.009	0.528	-0.099	0.014	0.881
13.308	0.144	-0.012	0.515	-2.01	-5.22	-0.91	-28.16	-8.71	-4.40	46455	0.136	-0.012	0.528	-0.098	0.014	0.880
13.317	0.146	-0.017	0.519	-2.30	-5.14	-0.95	-33.26	-2.59	-4.43	46344	0.135	-0.015	0.530	-0.098	0.014	0.879
13.327	0.146	-0.019	0.520	-2.66	-5.11	-1.00	-36.44	2.54	-4.21	45552	0.135	-0.018	0.531	-0.097	0.014	0.879
13.338	0.148	-0.025	0.520	-3.00	-5.15	-1.04	-37.35	7.57	-4.07	45462	0.134	-0.022	0.532	-0.096	0.014	0.878
13.347	0.150	-0.023	0.521	-3.43	-5.24	-1.10	-36.94	10.58	-3.71	45361	0.134	-0.024	0.533	-0.095	0.014	0.877
13.357	0.151	-0.030	0.522	-3.77	-5.34	-1.13	-35.50	10.93	-3.44	45261	0.134	-0.027	0.534	-0.095	0.014	0.876
13.369	0.153	-0.032	0.527	-4.13	-5.43	-1.17	-32.25	10.44	-2.53	45179	0.135	-0.031	0.535	-0.094	0.014	0.875
13.377	0.154	-0.038	0.528	-4.43	-5.53	-1.20	-26.16	7.69	-1.64	44263	0.135	-0.034	0.537	-0.093	0.014	0.875
13.386	0.155	-0.038	0.530	-4.70	-5.60	-1.23	-19.76	3.98	-1.50	44189	0.135	-0.037	0.538	-0.092	0.014	0.874
13.398	0.157	-0.043	0.531	-4.87	-5.63	-1.24	-13.34	-1.48	-1.94	44119	0.135	-0.040	0.539	-0.091	0.013	0.873
13.408	0.158	-0.043	0.536	-5.03	-5.59	-1.26	-7.05	-5.88	-0.41	44050	0.136	-0.042	0.541	-0.089	0.013	0.873
13.419	0.161	-0.045	0.537	-5.09	-5.52	-1.26	-0.54	-11.17	-0.10	43249	0.137	-0.045	0.542	-0.088	0.013	0.873
13.427	0.161	-0.049	0.538	-5.08	-5.40	-1.25	3.77	-15.48	-1.30	43206	0.137	-0.047	0.544	-0.087	0.013	0.872
13.438	0.162	-0.053	0.539	-5.03	-5.22	-1.24	6.55	-20.33	-1.22	43150	0.138	-0.050	0.545	-0.086	0.013	0.872
13.448	0.161	-0.054	0.541	-4.97	-4.98	-1.23	5.68	-24.06	-0.27	43116	0.138	-0.053	0.546	-0.085	0.013	0.871
13.458	0.168	-0.055	0.542	-4.93	-4.79	-1.23	0.45	-25.56	-0.05	43084	0.140	-0.055	0.547	-0.083	0.013	0.871
13.468	0.167	-0.054	0.543	-4.95	-4.50	-1.21	-5.29	-28.36	0.86	43097	0.141	-0.057	0.548	-0.082	0.013	0.871
13.476	0.169	-0.059	0.544	-5.00	-4.22	-1.17	-11.87	-28.22	-0.22	43103	0.142	-0.059	0.549	-0.081	0.013	0.870
13.487	0.171	-0.058	0.545	-5.14	-3.94	-1.16	-18.24	-27.70	0.33	43123	0.143	-0.060	0.550	-0.079	0.013	0.870
13.497	0.174	-0.058	0.545	-5.35	-3.67	-1.14	-24.32	-26.63	0.59	43157	0.144	-0.062	0.550	-0.078	0.014	0.870
13.508	0.174	-0.060	0.546	-5.60	-3.39	-1.11	-27.01	-23.32	0.44	43361	0.146	-0.063	0.551	-0.076	0.014	0.869
13.517	0.177	-0.062	0.547	-5.87	-3.16	-1.08	-28.42	-19.79	0.62	43404	0.147	-0.065	0.551	-0.075	0.014	0.869
13.529	0.181	-0.064	0.548	-6.15	-2.98	-1.05	-27.71	-16.94	0.73	43452	0.149	-0.066	0.552	-0.073	0.014	0.869
13.538	0.184	-0.064	0.548	-6.43	-2.83	-1.03	-24.01	-13.56	1.03	43515	0.151	-0.067	0.552	-0.071	0.014	0.868
13.547	0.185	-0.064	0.549	-6.68	-2.69	-1.01	-20.11	-10.99	1.27	43711	0.153	-0.068	0.552	-0.070	0.014	0.868
13.557	0.189	-0.069	0.549	-6.84	-2.60	-0.97	-13.61	-7.96	1.71	43778	0.155	-0.070	0.552	-0.068	0.014	0.868
13.568	0.193	-0.070	0.550	-6.96	-2.53	-0.94	-6.90	-6.68	2.34	43840	0.157	-0.071	0.552	-0.066	0.014	0.868
13.576	0.196	-0.071	0.549	-7.03	-2.48	-0.91	-0.71	-6.93	2.34	43916	0.159	-0.072	0.552	-0.064	0.014	0.867
13.588	0.197	-0.071	0.549	-7.02	-2.39	-0.88	6.61	-6.67	3.28	44310	0.162	-0.073	0.552	-0.063	0.014	0.867
13.597	0.200	-0.073	0.550	-6.95	-2.33	-0.84	12.95	-8.12	2.90	44383	0.164	-0.074	0.552	-0.061	0.015	0.867
13.608	0.201	-0.074	0.550	-6.80	-2.24	-0.80	17.37	-10.16	3.20	44465	0.166	-0.074	0.552	-0.059	0.015	0.867
13.617	0.207	-0.076	0.550	-6.62	-2.17	-0.75	17.89	-14.64	4.25	44548	0.169	-0.075	0.552	-0.057	0.014	0.867
13.628	0.208	-0.077	0.549	-6.43	-2.00	-0.69	14.44	-21.13	2.94	44625	0.172	-0.076	0.551	-0.055	0.014	0.867
13.635	0.210	-0.074	0.550	-6.32	-1.78	-0.66	9.47	-27.34	2.95	44863	0.174	-0.077	0.551	-0.053	0.015	0.866
13.648	0.211	-0.075	0.550	-6.23	-1.49	-0.60	5.05	-34.04	3.65	44968	0.176	-0.077	0.551	-0.052	0.015	0.866
13.658	0.212	-0.075	0.550	-6.19	-1.13	-0.53	-1.14	-38.13	2.94	45047	0.179	-0.077	0.550	-0.050	0.015	0.866
13.667	0.214	-0.074	0.548	-6.21	-0.73	-0.46	-7.93	-43.02	2.97	45123	0.181	-0.077	0.550	-0.048	0.015	0.866
13.679	0.219	-0.072	0.548	-6.31	-0.32	-0.39	-11.66	-44.19	2.92	45478	0.184	-0.076	0.549	-0.046	0.015	0.866
13.690	0.221	-0.071	0.548	-6.44	0.12	-0.31	-13.52	-43.34	3.38	45566	0.186	-0.076	0.549	-0.045	0.015	0.866
13.695	0.224	-0.071	0.548	-6.58	0.54	-0.23	-13.42	-40.72	1.69	45640	0.189	-0.075	0.548	-0.043	0.016	0.866
13.707	0.235	-0.070	0.545	-6.72	0.86	-0.16	-11.28	-36.51	2.58	45703	0.193	-0.075	0.548	-0.041	0.016	0.866
13.717	0.234	-0.069	0.545	-6.84	1.25	-0.10	-7.42	-31.99	2.38	46173	0.196	-0.074	0.547	-0.039	0.016	0.866
13.729	0.234	-0.068	0.545	-6.91	1.58	-0.05	-2.14	-26.02	2.11	46243	0.199	-0.073	0.546	-0.037	0.016	0.866
13.738	0.241	-0.069	0.544	-6.91	1.79	0.02	3.96	-19.59	2.21	46292	0.203	-0.072	0.546	-0.035	0.016	0.866
13.748	0.241	-0.071	0.544	-6.84	1.99	0.06	9.81	-13.25	2.57	46345	0.206	-0.071	0.545	-0.033	0.016	0.865
13.758	0.246	-0.071	0.542	-6.73	2.09	0.11	14.92	-8.42	2.76	46391	0.209	-0.071	0.544	-0.032	0.016	0.865
13.768	0.248	-0.070	0.541	-6.58	2.17	0.14	18.24	-5.63	1.73	46792	0.213	-0.070	0.543	-0.030	0.016	0.865
13.777	0.255	-0.066	0.541	-6.41	2.19	0.17	20.54	-7.52	1.28	46833	0.217	-0.069	0.542	-0.028	0.017	0.865
13.787	0.255	-0.066	0.540	-6.21	2.30	0.18	19.31	-12.37	1.27	46877	0.220	-0.068	0.541	-0.026	0.017	0.865
13.797	0.260	-0.063	0.539	-6.03	2.41	0.21	16.71	-18.76	1.31	46935	0.224	-0.066	0.541	-0.024	0.017	0.865
13.807	0.260	-0.061	0.539	-5.88	2.63	0.24	15.36	-27.63	1.73	47031	0.227	-0.064	0.540	-0.023	0.017	0.865
13.817	0.264	-0.060	0.538	-5.73	2.89	0.28	12.21	-34.01	0.43	47076	0.231	-0.063	0.539	-0.021	0.017	0.865
13.828	0.266	-0.060	0.538	-5.59	3.24	0.33	9.28	-40.43	0.79	47123	0.234	-0.061	0.539	-0.019	0.017	0.865
13.838	0.263	-0.060	0.535	-5.49	3.70	0.36	7.28	-45.24	0.48	47175	0.237	-0.060	0.538	-0.018	0.017	0.864
13.848	0.270	-0.052	0.535	-5.48	4.11	0.41	6.21	-46.71	0.03	47497	0.240	-0.057	0.537	-0.017	0.017	0.864
13.856	0.270	-0.053	0.534	-5.40	4.59	0.45	6.71	-43.38	-0.28	47537	0.244	-0.055	0.536	-0.015	0.018	0.864
13.868	0.269	-0.048	0.533	-5.36	5.05	0.47	6.62	-40.09	-0.70	47579	0.246	-0.053	0.536	-0.014	0.018	0.864
13.874	0.270	-0.047	0.531	-5.28	5.45	0.50	9.67	-34.05	-0.52	47638	0.249	-0.051	0.535	-0.013	0.018	0.864
13.884	0.276	-0.045	0.531	-5.19	5.75	0.54	11.72	-26.60	-0.70	47938	0.252	-0.048	0.534	-0.012	0.018	0.863
13.896	0.276	-0.042	0.530	-5.07	6.02	0.55	14.84	-18.40	-0.76	47975	0.255	-0.046	0.533	-0.011	0.018	0.863
13.905	0.280	-0.035	0.529	-4.96	6.17	0.56	18.29	-9.74	-1.28	48020	0.258	-0.042	0.532	-0.010	0.019	0.863
13.917	0.280	-0.040	0.528	-4.70	6.27	0.55	20.94	-1.31	-1.08	48069	0.261	-0.040	0.531	-0.009	0.019	0.863
13.926	0.281	-0.028	0.528	-4.56	6.28	0.53	23.73	6.69	-1.46	48105	0.264	-0.037	0.531	-0.008	0.019	0.862
13.937	0.282	-0.025	0.527	-4.32	6.21	0.51	25.36	12.16	-1.29	48044	0.266	-0.033	0.530	-0.007	0.019	0.862
13.947	0.285	-0.013	0.527	-4.15	6.08	0.49	27.60	12.53	-1.54	48078	0.269	-0.028	0.530	-0.006	0.020	0.862
13.958	0.286	-0.009	0.526	-3.86	5.96	0.47	30.22	9.22	-1.53	48112	0.272	-0.024	0.529	-0.006	0.021	0.862
13.963	0.286	-0.008	0.526	-3.52	5.89	0.44	32.84	2.66	-1.69	48113	0.274	-0.019	0.529	-0.005	0.022	0.862
13.978	0.286	0.000	0.526	-3.23	5.88	0.42	35.24	-4.81	-1.56	47907	0.276	-0.014	0.529	-0.004	0.022	0.861
13.986	0.285	0.001	0.525	-2.86	5.95	0.40	36.94	-11.75	-1.55	47911	0.278	-0.010	0.528	-0.004	0.023	0.861
13.995	0.284	0.010	0.524	-2.53	6.09	0.38	39.02	-18.57	-1.52	47900	0.280	-0.005	0.528	-0.004	0.024	0.861
14.007	0.283	0.016	0.523	-2.16	6.29	0.37	39.17	-22.12	-1.55	47894	0.281	0.000	0.527	-0.004	0.024	0.861
14.016	0.282	0.016	0.523	-1.74	6.53	0.36	39.25	-24.52	-1.13	47869	0.283	0.005	0.527	-0.004	0.025	0.860
14.025	0.285	0.017	0.522	-1.32	6.75	0.36	37.26	-22.77	-1.13	47972	0.284	0.009	0.526	-0.004	0.025	0.860
14.039	0.283	0.027	0.521	-1.00	7.00	0.35	35.50	-19.99	-0.85	47941	0.285	0.014	0.526	-0.004	0.026	0.860
14.047	0.282	0.034	0.521	-0.68	7.21	0.34	32.87	-14.20	-2.05	47935	0.286	0.020	0.526	-0.004	0.027	0.859
14.058	0.282	0.031	0.521	-0.29	7.34	0.31	29.53	-7.25	-1.77	47918	0.287	0.024	0.525	-0.005	0.027	0.859
14.067	0.282	0.037	0.521	-0.02	7.41	0.30	27.13	0.70	-1.26	47757	0.288	0.029	0.525	-0.005	0.028	0.859
14.077	0.283	0.046	0.520	0.21	7.39	0.30	24.53	9.00	-1.60	47733	0.290	0.034	0.525	-0.005	0.028	0.858
14.086	0.283	0.050	0.520	0.46	7.30	0.28	23.03	16.13	-2.42	47708	0.291	0.039	0.525	-0.006	0.029	0.858
14.096	0.285	0.060	0.520	0.63	7.11	0.28	20.58	22.74	-2.20	47670	0.292	0.044	0.524	-0.006	0.030	0.858
14.107	0.285	0.057	0.520	0.90	6.87	0.25	20.45	27.25	-1.39	47457	0.293	0.049	0.524	-0.006	0.030	0.857
14.118	0.284	0.066	0.520	1.07	6.60	0.25	23.24	27.73	-1.34	47411	0.294	0.054	0.524	-0.007	0.031	0.857
14.127	0.286	0.063	0.520	1.36	6.31	0.24	27.24	25.51	-1.52	47384	0.295	0.058	0.524	-0.007	0.031	0.857
14.138	0.285	0.075	0.519	1.57	6.06	0.24	33.26	20.28	-1.82	47340	0.296	0.063	0.524	-0.008	0.032	0.856
14.148	0.286	0.068	0.520	2.00	5.84	0.21	38.70	13.98	-2.20	47296	0.297	0.067	0.524	-0.008	0.032	0.856
14.157	0.287	0.081	0.520	2.31	5.69	0.22	42.89	7.31	-2.50	47117	0.298	0.072	0.524	-0.009	0.032	0.856
14.167	0.286	0.089	0.520	2.71	5.62	0.21	44.94	1.44	-2.68	47064	0.299	0.077	0.524	-0.010	0.033	0.855
14.178	0.286	0.089	0.519	3.19	5.60	0.18	45.76	-3.08	-2.57	47020	0.300	0.081	0.524	-0.010	0.033	0.855
14.184	0.285	0.089	0.518	3.68	5.63	0.14	44.15	-5.41	-2.30	46982	0.300	0.085	0.524	-0.011	0.033	0.854
14.194	0.284	0.100	0.518	4.05	5.68	0.14	41.45	-5.87	-2.30	47190	0.301	0.090	0.524	-0.012	0.034	0.854
14.207	0.284	0.110	0.518	4.41	5.73	0.14	35.07	-4.45	-2.06	47165	0.301	0.095	0.523	-0.013	0.035	0.854
14.216	0.284	0.103	0.518	4.85	5.75	0.08	28.36	-1.80	-2.39	47145	0.302	0.099	0.523	-0.014	0.035	0.853
14.225	0.284	0.116	0.519	5.06	5.76	0.09	21.90	1.31	-2.26	47120	0.303	0.104	0.523	-0.015	0.035	0.853
14.236	0.281	0.121	0.518	5.26	5.75	0.07	15.03	6.58	-2.90	47113	0.303	0.109	0.523	-0.016	0.036	0.852
14.247	0.280	0.125	0.518	5.40	5.67	0.05	9.15	11.52	-3.20	46951	0.303	0.113	0.523	-0.017	0.037	0.852
14.258	0.281	0.124	0.518	5.54	5.52	0.02	4.20	15.44	-2.97	46953	0.303	0.117	0.523	-0.018	0.037	0.852
14.267	0.281	0.122	0.518	5.61	5.35	-0.01	0.13	18.97	-2.87	46938	0.303	0.121	0.523	-0.019	0.037	0.851
14.276	0.277	0.140	0.519	5.49	5.17	0.03	0.23	22.17	-3.18	46929	0.303	0.125	0.523	-0.021	0.038	0.851
14.287	0.277	0.139	0.519	5.54	4.93	0.01	4.18	23.06	-2.84	46870	0.303	0.130	0.523	-0.022	0.038	0.851
14.295	0.275	0.138	0.519	5.61	4.69	-0.01	9.90	23.13	-2.99	46846	0.302	0.133	0.523	-0.023	0.039	0.850
14.305	0.278	0.139	0.519	5.74	4.42	-0.02	17.10	22.65	-2.79	46811	0.302	0.136	0.523	-0.024	0.039	0.850
14.315	0.278	0.147	0.520	5.86	4.17	0.00	25.18	22.46	-2.31	46781	0.302	0.140	0.523	-0.026	0.039	0.850
14.327	0.271	0.143	0.520	6.17	3.99	-0.03	31.15	21.28	-2.61	46583	0.301	0.142	0.523	-0.027	0.039	0.849
14.337	0.268	0.145	0.520	6.50	3.78	-0.03	35.01	19.28	-2.52	46550	0.300	0.145	0.524	-0.029	0.039	0.849
14.347	0.267	0.148	0.520	6.84	3.57	-0.03	36.48	16.49	-2.38	46513	0.299	0.147	0.524	-0.030	0.039	0.849
14.357	0.267	0.143	0.520	7.26	3.39	-0.06	35.08	13.69	-2.57	46487	0.298	0.149	0.524	-0.032	0.039	0.849
14.367	0.270	0.136	0.520	7.68	3.20	-0.10	29.38	11.88	-2.46	46484	0.298	0.149	0.524	-0.033	0.038	0.848
14.375	0.260	0.156	0.520	7.82	3.15	-0.04	23.44	10.06	-2.19	46548	0.296	0.152	0.524	-0.035	0.038	0.848
14.387	0.258	0.154	0.520	8.08	3.05	-0.07	14.11	9.41	-2.40	46535	0.295	0.153	0.524	-0.037	0.038	0.848
14.398	0.256	0.153	0.520	8.24	2.94	-0.08	5.54	9.34	-2.25	46542	0.293	0.155	0.524	-0.039	0.038	0.847
14.407	0.256	0.153	0.520	8.30	2.82	-0.10	-4.52	10.58	-2.15	46549	0.291	0.156	0.524	-0.041	0.038	0.847
14.417	0.255	0.152	0.520	8.27	2.69	-0.12	-13.30	12.46	-2.58	46565	0.290	0.157	0.524	-0.043	0.038	0.847
14.426	0.252	0.155	0.520	8.12	2.57	-0.12	-20.26	13.56	-2.84	46586	0.288	0.158	0.524	-0.044	0.038	0.846
14.436	0.249	0.159	0.520	7.89	2.43	-0.12	-23.86	16.15	-2.97	46601	0.286	0.159	0.524	-0.046	0.038	0.846
14.447	0.250	0.162	0.521	7.61	2.21	-0.12	-23.61	21.00	-3.42	46607	0.285	0.161	0.524	-0.048	0.038	0.846
14.459	0.246	0.156	0.521	7.44	2.00	-0.15	-19.63	24.94	-3.25	46395	0.283	0.161	0.524	-0.050	0.038	0.846
14.468	0.247	0.150	0.521	7.31	1.71	-0.18	-12.88	30.34	-3.27	46390	0.281	0.160	0.524	-0.052	0.037	0.846
14.478	0.245	0.151	0.521	7.19	1.40	-0.17	-6.13	34.50	-2.95	46380	0.280	0.160	0.524	-0.053	0.037	0.845
14.487	0.247	0.151	0.522	7.14	0.97	-0.17	0.39	37.24	-2.75	46366	0.278	0.159	0.524	-0.055	0.036	0.845
14.497	0.238	0.150	0.521	7.16	0.64	-0.14	5.54	38.42	-2.75	46356	0.276	0.159	0.524	-0.057	0.036	0.845
14.510	0.238	0.150	0.521	7.23	0.24	-0.13	9.65	38.32	-3.05	46518	0.274	0.158	0.524	-0.059	0.035	0.845
14.518	0.237	0.149	0.521	7.34	-0.16	-0.12	10.26	36.85	-3.60	46499	0.272	0.157	0.524	-0.061	0.035	0.844
14.525	0.237	0.148	0.521	7.45	-0.54	-0.11	9.89	33.45	-3.79	46508	0.270	0.156	0.524	-0.062	0.035	0.844
14.536	0.233	0.147	0.521	7.54	-0.86	-0.11	6.14	28.64	-4.19	46520	0.268	0.155	0.524	-0.064	0.034	0.844
14.547	0.230	0.148	0.521	7.58	-1.13	-0.11	1.26	23.48	-3.63	46580	0.265	0.154	0.524	-0.066	0.034	0.843
14.556	0.228	0.149	0.521	7.56	-1.36	-0.11	-4.47	17.73	-3.44	46578	0.263	0.153	0.524	-0.068	0.034	0.843
14.566	0.223	0.142	0.521	7.55	-1.51	-0.13	-11.13	12.30	-3.57	46594	0.260	0.152	0.524	-0.069	0.033	0.843
14.576	0.221	0.144	0.521	7.40	-1.63	-0.15	-16.38	7.14	-3.35	46627	0.258	0.150	0.524	-0.071	0.033	0.843
14.588	0.218	0.137	0.521	7.27	-1.69	-0.19	-22.15	2.82	-3.14	46627	0.255	0.148	0.524	-0.073	0.032	0.843
14.597	0.217	0.137	0.521	7.02	-1.73	-0.22	-26.99	0.83	-3.44	46612	0.252	0.146	0.524	-0.075	0.032	0.842
14.607	0.214	0.134	0.521	6.76	-1.73	-0.26	-30.29	0.10	-3.53	46635	0.249	0.144	0.524	-0.077	0.031	0.842
14.616	0.214	0.132	0.521	6.44	-1.77	-0.30	-32.54	4.44	-3.87	46670	0.247	0.142	0.524	-0.078	0.031	0.842
14.627	0.214	0.132	0.520	6.10	-1.86	-0.34	-32.13	10.24	-3.49	46684	0.244	0.139	0.523	-0.080	0.031	0.842
14.638	0.211	0.132	0.520	5.77	-1.99	-0.36	-30.64	18.73	-3.86	46836	0.242	0.137	0.523	-0.081	0.030	0.841
14.646	0.210	0.127	0.520	5.50	-2.22	-0.38	-27.87	26.71	-3.36	46857	0.240	0.135	0.523	-0.083	0.030	0.841
14.657	0.208	0.120	0.520	5.27	-2.52	-0.40	-25.33	34.25	-3.13	46877	0.237	0.132	0.523	-0.084	0.029	0.841
14.664	0.210	0.121	0.518	5.01	-2.92	-0.41	-22.34	39.56	-2.81	46900	0.235	0.129	0.523	-0.086	0.029	0.841
14.675	0.203	0.113	0.518	4.84	-3.29	-0.39	-19.21	43.66	-2.44	47205	0.233	0.126	0.522	-0.087	0.028	0.840
14.685	0.203	0.114	0.518	4.64	-3.75	-0.38	-16.18	43.52	-2.03	47218	0.230	0.123	0.522	-0.088	0.028	0.840
14.697	0.202	0.106	0.517	4.53	-4.18	-0.37	-13.78	39.54	-2.06	47237	0.228	0.119	0.522	-0.090	0.027	0.840
14.705	0.202	0.101	0.517	4.42	-4.59	-0.37	-13.59	35.00	-2.28	47261	0.225	0.115	0.521	-0.091	0.026	0.839
14.718	0.199	0.099	0.517	4.27	-4.90	-0.36	-13.55	27.67	-2.08	47258	0.223	0.112	0.521	-0.092	0.026	0.839
14.728	0.198	0.092	0.516	4.17	-5.15	-0.37	-15.45	17.90	-2.32	47354	0.220	0.107	0.521	-0.093	0.025	0.839
14.737	0.197	0.087	0.516	4.02	-5.31	-0.39	-18.23	8.77	-2.38	47385	0.218	0.103	0.521	-0.094	0.024	0.838
14.747	0.195	0.082	0.516	3.84	-5.36	-0.41	-19.61	0.45	-2.36	47411	0.216	0.098	0.520	-0.095	0.023	0.838
14.758	0.194	0.079	0.515	3.63	-5.34	-0.43	-23.48	-7.56	-2.45	47416	0.213	0.094	0.520	-0.096	0.023	0.838
14.764	0.191	0.072	0.515	3.41	-5.23	-0.46	-26.79	-14.05	-2.18	47470	0.211	0.089	0.520	-0.097	0.022	0.837
14.774	0.190	0.069	0.515	3.13	-5.08	-0.49	-30.03	-17.20	-1.77	47475	0.209	0.084	0.520	-0.098	0.021	0.837
14.786	0.191	0.063	0.515	2.83	-4.93	-0.53	-34.55	-14.03	-2.57	47466	0.207	0.079	0.519	-0.099	0.020	0.836
14.794	0.191	0.053	0.514	2.52	-4.82	-0.56	-38.45	-9.14	-3.03	47458	0.205	0.074	0.519	-0.100	0.019	0.836
14.806	0.189	0.047	0.514	2.14	-4.75	-0.59	-41.36	-1.84	-3.30	47455	0.203	0.068	0.519	-0.100	0.018	0.836
14.816	0.190	0.054	0.513	1.63	-4.78	-0.64	-42.55	7.62	-3.31	47555	0.201	0.064	0.519	-0.101	0.018	0.835
14.825	0.191	0.039	0.513	1.29	-4.90	-0.67	-43.38	15.46	-2.97	47521	0.199	0.058	0.518	-0.101	0.017	0.835
14.840	0.192	0.038	0.513	0.85	-5.09	-0.70	-42.18	21.00	-2.66	47518	0.198	0.053	0.518	-0.102	0.016	0.835
14.847	0.190	0.030	0.513	0.46	-5.30	-0.71	-39.48	24.04	-2.08	47484	0.196	0.048	0.518	-0.102	0.015	0.834
14.859	0.191	0.034	0.513	0.00	-5.57	-0.75	-36.25	25.58	-2.88	47356	0.195	0.043	0.518	-0.102	0.014	0.834
14.869	0.191	0.025	0.513	-0.30	-5.82	-0.77	-32.34	22.44	-2.75	47311	0.194	0.039	0.518	-0.102	0.014	0.833
14.877	0.191	0.016	0.513	-0.56	-6.03	-0.80	-26.61	18.41	-2.27	47283	0.193	0.033	0.518	-0.103	0.013	0.833
14.885	0.192	0.007	0.514	-0.77	-6.20	-0.81	-22.18	11.25	-1.74	47247	0.192	0.027	0.518	-0.102	0.012	0.833
14.897	0.191	0.009	0.514	-1.03	-6.29	-0.84	-17.87	4.01	-2.32	47025	0.191	0.022	0.518	-0.102	0.011	0.832
14.908	0.191	0.003	0.514	-1.18	-6.30	-0.86	-14.79	-3.49	-2.23	46959	0.189	0.017	0.518	-0.102	0.010	0.832
14.919	0.191	-0.001	0.514	-1.33	-6.23	-0.88	-12.35	-11.44	-2.11	46909	0.188	0.012	0.518	-0.102	0.010	0.832
14.928	0.189	-0.013	0.514	-1.37	-6.08	-0.88	-10.90	-17.54	-2.52	46875	0.187	0.006	0.518	-0.102	0.009	0.831
14.934	0.190	-0.011	0.517	-1.55	-5.88	-0.92	-9.81	-22.61	-2.54	46850	0.186	0.002	0.519	-0.102	0.008	0.831
14.947	0.191	-0.022	0.518	-1.59	-5.65	-0.92	-11.55	-25.09	-2.59	46155	0.185	-0.004	0.520	-0.102	0.007	0.831
14.957	0.191	-0.026	0.518	-1.71	-5.39	-0.93	-13.97	-25.16	-1.36	46105	0.185	-0.010	0.520	-0.101	0.006	0.831
14.967	0.193	-0.032	0.518	-1.86	-5.16	-0.94	-20.81	-22.39	-1.98	46062	0.184	-0.015	0.521	-0.101	0.006	0.831
14.976	0.193	-0.029	0.519	-2.16	-4.94	-0.97	-27.88	-17.49	-2.02	46025	0.184	-0.020	0.521	-0.100	0.005	0.830
14.987	0.195	-0.037	0.519	-2.43	-4.81	-0.98	-35.46	-10.77	-2.40	45851	0.183	-0.024	0.522	-0.100	0.004	0.830
14.997	0.195	-0.032	0.520	-2.88	-4.72	-1.02	-40.19	-4.23	-1.91	45810	0.183	-0.028	0.522	-0.099	0.004	0.830
15.007	0.197	-0.045	0.520	-3.22	-4.70	-1.02	-43.92	1.69	-1.59	45772	0.183	-0.033	0.522	-0.099	0.004	0.830
15.017	0.197	-0.047	0.519	-3.68	-4.73	-1.03	-44.53	6.72	-0.90	45739	0.183	-0.037	0.523	-0.098	0.003	0.830
15.024	0.200	-0.054	0.519	-4.10	-4.82	-1.04	-43.54	9.31	-1.63	45705	0.183	-0.042	0.523	-0.097	0.002	0.829
15.035	0.201	-0.055	0.520	-4.55	-4.91	-1.07	-39.50	9.57	0.43	45950	0.183	-0.046	0.523	-0.096	0.002	0.829
15.046	0.201	-0.057	0.520	-4.94	-5.00	-1.08	-34.20	8.36	1.24	45930	0.183	-0.050	0.523	-0.095	0.002	0.829
15.057	0.202	-0.061	0.520	-5.25	-5.07	-1.07	-27.62	6.19	1.99	45919	0.184	-0.054	0.523	-0.094	0.001	0.829
15.066	0.203	-0.066	0.520	-5.50	-5.13	-1.05	-21.03	3.60	2.68	45898	0.184	-0.058	0.523	-0.093	0.001	0.829
15.076	0.204	-0.067	0.521	-5.70	-5.15	-1.03	-15.32	0.26	2.86	45903	0.184	-0.061	0.523	-0.092	0.001	0.828
15.087	0.207	-0.068	0.521	-5.84	-5.15	-1.00	-8.21	-4.54	4.16	45896	0.185	-0.064	0.523	-0.091	0.000	0.828
15.097	0.207	-0.070	0.521	-5.90	-5.08	-0.96	-1.41	-8.95	4.78	45901	0.185	-0.067	0.523	-0.090	0.000	0.828
15.107	0.211	-0.074	0.523	-5.89	-4.99	-0.90	0.76	-12.30	4.58	45897	0.186	-0.070	0.524	-0.089	0.000	0.828
15.117	0.211	-0.075	0.523	-5.89	-4.84	-0.84	0.61	-16.83	4.98	45624	0.187	-0.073	0.524	-0.087	0.000	0.828
15.127	0.210	-0.075	0.524	-5.92	-4.64	-0.78	-3.41	-20.57	5.02	45632	0.187	-0.075	0.524	-0.086	0.000	0.828
15.137	0.213	-0.081	0.524	-5.93	-4.44	-0.69	-8.44	-22.48	5.73	45647	0.188	-0.078	0.524	-0.085	-0.000	0.828
15.148	0.216	-0.085	0.524	-6.01	-4.23	-0.60	-13.50	-24.34	5.42	45645	0.189	-0.081	0.525	-0.084	-0.000	0.828
15.156	0.219	-0.084	0.523	-6.20	-4.00	-0.54	-19.37	-24.00	4.84	45644	0.191	-0.083	0.525	-0.082	-0.000	0.828
15.165	0.219	-0.087	0.524	-6.39	-3.75	-0.46	-22.64	-22.52	5.16	45815	0.192	-0.085	0.525	-0.081	-0.000	0.828
15.177	0.226	-0.091	0.524	-6.61	-3.58	-0.38	-25.51	-20.73	5.02	45824	0.193	-0.088	0.525	-0.079	-0.001	0.828
15.186	0.229	-0.088	0.524	-6.91	-3.39	-0.33	-25.97	-18.35	4.90	45844	0.195	-0.089	0.525	-0.078	-0.001	0.828
15.196	0.228	-0.096	0.524	-7.11	-3.21	-0.24	-23.92	-14.74	4.83	45862	0.197	-0.091	0.525	-0.076	-0.001	0.828
15.206	0.228	-0.095	0.524	-7.36	-3.05	-0.18	-19.60	-13.48	5.49	45957	0.198	-0.093	0.525	-0.075	-0.001	0.828
15.216	0.236	-0.094	0.524	-7.56	-2.97	-0.12	-15.11	-12.06	4.52	45975	0.201	-0.095	0.524	-0.073	-0.001	0.827
15.222	0.240	-0.094	0.524	-7.70	-2.88	-0.07	-7.75	-10.87	4.42	46009	0.203	-0.096	0.524	-0.071	-0.001	0.827
15.232	0.243	-0.095	0.523	-7.76	-2.78	-0.01	-2.83	-11.22	4.75	46024	0.205	-0.097	0.524	-0.069	-0.001	0.827
15.247	0.243	-0.096	0.523	-7.77	-2.64	0.04	4.68	-11.72	4.52	46039	0.208	-0.098	0.524	-0.067	-0.001	0.827
15.256	0.247	-0.097	0.523	-7.70	-2.55	0.10	11.09	-12.39	4.49	46223	0.210	-0.098	0.524	-0.065	-0.001	0.827
15.266	0.252	-0.098	0.523	-7.57	-2.45	0.17	15.53	-13.04	4.56	46253	0.213	-0.099	0.524	-0.063	-0.000	0.827
15.275	0.254	-0.100	0.523	-7.39	-2.32	0.23	17.48	-14.75	4.41	46278	0.216	-0.100	0.523	-0.061	-0.000	0.827
15.285	0.254	-0.101	0.523	-7.21	-2.13	0.30	17.38	-19.15	4.42	46291	0.218	-0.101	0.523	-0.060	-0.000	0.827
15.295	0.252	-0.102	0.523	-7.05	-1.88	0.35	12.88	-24.56	4.06	46350	0.220	-0.101	0.523	-0.058	-0.001	0.827
15.305	0.259	-0.098	0.523	-6.98	-1.66	0.42	7.33	-30.23	3.72	46373	0.223	-0.101	0.523	-0.056	-0.000	0.827
15.317	0.262	-0.099	0.523	-6.92	-1.34	0.50	0.20	-35.80	3.29	46388	0.225	-0.101	0.523	-0.054	-0.000	0.827
15.327	0.262	-0.098	0.521	-6.96	-0.96	0.56	-6.61	-39.22	2.07	46401	0.227	-0.101	0.522	-0.052	-0.000	0.827
15.336	0.269	-0.097	0.521	-7.05	-0.60	0.63	-11.46	-42.01	1.90	46820	0.231	-0.100	0.522	-0.050	0.000	0.827
15.346	0.267	-0.097	0.521	-7.18	-0.13	0.69	-13.45	-42.18	1.38	46864	0.233	-0.100	0.522	-0.049	0.000	0.827
15.357	0.277	-0.095	0.520	-7.33	0.23	0.76	-13.84	-41.54	0.57	46890	0.236	-0.099	0.521	-0.047	0.000	0.827
15.366	0.276	-0.094	0.520	-7.47	0.65	0.81	-11.76	-37.81	-0.36	46907	0.239	-0.098	0.521	-0.045	0.001	0.827
15.376	0.283	-0.094	0.520	-7.57	0.98	0.86	-6.07	-34.03	-0.52	46926	0.243	-0.098	0.521	-0.043	0.001	0.827
15.385	0.285	-0.094	0.520	-7.60	1.31	0.89	0.34	-27.82	-0.81	46954	0.246	-0.097	0.520	-0.041	0.001	0.827
15.397	0.285	-0.094	0.520	-7.56	1.60	0.92	7.42	-22.88	-0.59	46945	0.249	-0.096	0.520	-0.039	0.001	0.827
15.408	0.293	-0.096	0.519	-7.44	1.75	0.96	14.17	-17.25	-1.07	46929	0.253	-0.095	0.520	-0.037	0.001	0.827
15.418	0.293	-0.098	0.519	-7.25	1.93	0.96	20.74	-11.49	-1.04	46901	0.256	-0.095	0.519	-0.035	0.001	0.827
15.427	0.297	-0.090	0.519	-7.08	2.02	0.95	26.79	-5.96	-1.02	46898	0.260	-0.093	0.519	-0.033	0.001	0.827
15.437	0.298	-0.092	0.519	-6.77	2.09	0.95	29.50	-2.51	-1.42	46892	0.263	-0.092	0.519	-0.032	0.001	0.827
15.446	0.306	-0.089	0.519	-6.48	2.06	0.95	30.92	-2.97	-1.63	46854	0.267	-0.091	0.519	-0.030	0.001	0.827
15.457	0.307	-0.088	0.519	-6.18	2.13	0.93	28.95	-6.43	-2.09	46831	0.270	-0.089	0.519	-0.028	0.001	0.827
15.465	0.310	-0.082	0.519	-5.93	2.21	0.91	26.06	-13.08	-2.35	46818	0.274	-0.087	0.519	-0.026	0.001	0.827
15.475	0.310	-0.086	0.519	-5.65	2.39	0.90	20.83	-20.50	-2.48	46697	0.277	-0.085	0.519	-0.024	0.001	0.827
15.487	0.313	-0.084	0.519	-5.45	2.63	0.90	17.24	-28.99	-2.21	46651	0.281	-0.084	0.519	-0.023	0.001	0.827
15.495	0.323	-0.076	0.519	-5.34	2.87	0.93	13.14	-35.76	-2.21	46609	0.285	-0.081	0.518	-0.021	0.002	0.827
15.506	0.321	-0.074	0.518	-5.23	3.30	0.92	10.02	-41.00	-2.67	46581	0.289	-0.079	0.518	-0.019	0.002	0.827
15.516	0.327	-0.064	0.518	-5.19	3.69	0.93	8.17	-43.89	-2.88	46684	0.293	-0.075	0.518	-0.017	0.003	0.827
15.526	0.327	-0.065	0.518	-5.09	4.15	0.94	7.27	-43.95	-3.52	46665	0.296	-0.072	0.518	-0.016	0.003	0.827
15.535	0.328	-0.060	0.518	-5.04	4.61	0.93	8.79	-41.99	-3.61	46618	0.300	-0.069	0.518	-0.014	0.003	0.827
15.546	0.326	-0.055	0.518	-4.96	5.04	0.91	11.07	-36.01	-3.83	46594	0.302	-0.065	0.518	-0.013	0.004	0.827
15.556	0.333	-0.056	0.518	-4.80	5.35	0.93	14.57	-30.04	-3.43	46557	0.306	-0.062	0.518	-0.012	0.004	0.827
15.567	0.335	-0.051	0.518	-4.67	5.63	0.91	19.31	-21.64	-3.48	46514	0.309	-0.059	0.518	-0.011	0.005	0.827
15.575	0.335	-0.051	0.518	-4.43	5.83	0.88	23.69	-13.50	-3.57	46488	0.313	-0.055	0.518	-0.009	0.005	0.827
15.583	0.337	-0.047	0.518	-4.19	5.94	0.85	28.38	-6.07	-3.24	46451	0.316	-0.052	0.517	-0.008	0.005	0.827
15.594	0.338	-0.050	0.518	-3.83	5.99	0.82	31.45	1.79	-3.39	46406	0.318	-0.050	0.517	-0.007	0.005	0.827
15.606	0.340	-0.043	0.518	-3.55	5.95	0.78	31.45	7.38	-4.00	46355	0.321	-0.046	0.517	-0.006	0.005	0.827
15.616	0.342	-0.040	0.518	-3.23	5.87	0.74	31.67	10.90	-4.13	46329	0.324	-0.043	0.517	-0.005	0.005	0.827
15.625	0.342	-0.032	0.518	-2.95	5.76	0.69	33.01	10.15	-3.83	46303	0.327	-0.039	0.517	-0.005	0.006	0.827
15.636	0.342	-0.019	0.518	-2.70	5.70	0.64	32.26	6.31	-4.96	46287	0.329	-0.034	0.517	-0.004	0.007	0.827
15.646	0.342	-0.011	0.518	-2.41	5.67	0.58	31.98	-0.56	-4.69	46302	0.331	-0.029	0.517	-0.004	0.007	0.827
15.659	0.342	-0.010	0.518	-2.07	5.71	0.53	31.52	-7.48	-4.67	46298	0.333	-0.024	0.517	-0.003	0.008	0.827
15.667	0.340	-0.006	0.518	-1.75	5.85	0.47	31.04	-14.54	-4.67	46281	0.335	-0.019	0.517	-0.003	0.009	0.827
15.677	0.339	0.001	0.519	-1.46	6.03	0.43	31.60	-19.83	-4.99	46265	0.336	-0.014	0.517	-0.003	0.010	0.828
15.686	0.339	-0.002	0.520	-1.07	6.25	0.38	31.83	-23.41	-4.53	46260	0.338	-0.009	0.518	-0.003	0.010	0.828
15.698	0.339	-0.001	0.520	-0.73	6.50	0.33	32.01	-24.73	-4.29	46063	0.339	-0.005	0.518	-0.003	0.010	0.828
15.710	0.338	0.010	0.520	-0.47	6.76	0.29	31.51	-23.14	-4.65	46050	0.340	-0.001	0.518	-0.003	0.011	0.828
15.719	0.337	0.018	0.520	-0.19	6.99	0.25	30.40	-20.38	-4.54	46038	0.341	0.004	0.518	-0.003	0.011	0.828
15.727	0.339	0.014	0.519	0.19	7.17	0.20	28.47	-14.89	-4.81	46027	0.342	0.009	0.518	-0.003	0.012	0.828
15.737	0.339	0.018	0.519	0.47	7.29	0.15	26.68	-7.71	-4.72	46146	0.343	0.013	0.518	-0.003	0.012	0.828
15.745	0.339	0.024	0.519	0.71	7.34	0.11	24.62	-0.33	-4.69	46153	0.344	0.017	0.518	-0.004	0.012	0.829
15.758	0.340	0.024	0.520	0.99	7.30	0.05	21.65	8.43	-5.09	46169	0.345	0.021	0.518	-0.004	0.012	0.829
15.767	0.341	0.036	0.521	1.14	7.18	0.03	19.42	14.98	-5.12	46179	0.347	0.026	0.518	-0.004	0.013	0.829
15.776	0.343	0.031	0.522	1.41	6.98	-0.03	19.60	20.78	-4.37	45861	0.348	0.029	0.518	-0.004	0.013	0.829
15.787	0.341	0.043	0.522	1.53	6.79	-0.05	19.65	22.63	-4.15	45841	0.349	0.034	0.519	-0.005	0.014	0.829
15.796	0.343	0.038	0.522	1.83	6.53	-0.10	23.26	22.80	-4.12	45845	0.350	0.037	0.519	-0.005	0.014	0.830
15.805	0.340	0.050	0.522	2.01	6.33	-0.12	28.40	19.30	-4.32	45831	0.351	0.042	0.519	-0.006	0.014	0.830
15.816	0.341	0.046	0.521	2.37	6.14	-0.17	33.32	16.22	-4.45	45849	0.352	0.045	0.519	-0.006	0.014	0.830
15.827	0.338	0.055	0.521	2.68	6.01	-0.21	36.72	11.02	-4.48	46065	0.352	0.049	0.519	-0.007	0.014	0.830
15.836	0.338	0.065	0.521	3.00	5.90	-0.22	38.55	6.01	-4.18	46085	0.353	0.054	0.519	-0.008	0.015	0.830
15.847	0.337	0.064	0.521	3.44	5.86	-0.28	40.79	1.33	-4.48	46095	0.353	0.058	0.519	-0.008	0.015	0.831
15.856	0.336	0.067	0.521	3.85	5.85	-0.32	40.21	-2.68	-4.47	46106	0.353	0.062	0.518	-0.009	0.015	0.831
15.868	0.336	0.077	0.521	4.19	5.88	-0.34	37.78	-4.58	-4.28	46207	0.353	0.067	0.518	-0.010	0.016	0.831
15.876	0.336	0.087	0.521	4.50	5.92	-0.37	33.46	-5.79	-3.94	46232	0.354	0.072	0.518	-0.011	0.017	0.831
15.885	0.335	0.083	0.521	4.90	5.97	-0.43	29.87	-4.94	-3.30	46268	0.354	0.076	0.518	-0.012	0.017	0.831
15.896	0.335	0.093	0.520	5.13	6.00	-0.44	24.66	-2.23	-3.03	46298	0.354	0.081	0.518	-0.013	0.018	0.831
15.905	0.335	0.090	0.520	5.41	5.99	-0.49	19.52	1.15	-2.65	46320	0.354	0.084	0.518	-0.014	0.018	0.832
15.915	0.335	0.091	0.520	5.60	5.95	-0.52	12.35	5.50	-2.84	46457	0.355	0.088	0.518	-0.015	0.018	0.832
15.926	0.336	0.100	0.520	5.65	5.84	-0.51	5.49	11.96	-2.79	46489	0.355	0.092	0.517	-0.016	0.019	0.832
15.937	0.338	0.099	0.520	5.71	5.67	-0.54	-0.67	16.30	-2.45	46518	0.356	0.095	0.517	-0.017	0.019	0.832
15.947	0.332	0.110	0.521	5.63	5.52	-0.52	-4.19	22.01	-2.11	46558	0.355	0.099	0.517	-0.018	0.019	0.832
15.954	0.332	0.111	0.521	5.59	5.26	-0.52	-3.04	26.36	-2.64	46370	0.355	0.103	0.517	-0.019	0.020	0.833
15.968	0.327	0.115	0.521	5.57	5.02	-0.51	1.54	27.57	-2.08	46387	0.355	0.107	0.517	-0.021	0.020	0.833
15.975	0.329	0.114	0.521	5.65	4.71	-0.52	8.40	28.07	-1.61	46398	0.354	0.110	0.517	-0.022	0.020	0.833
15.987	0.325	0.116	0.521	5.76	4.45	-0.51	15.20	28.16	-1.34	46402	0.353	0.112	0.517	-0.023	0.021	0.833
15.996	0.326	0.125	0.521	5.87	4.13	-0.47	21.78	27.80	-1.24	46305	0.353	0.116	0.517	-0.025	0.021	0.834
16.007	0.328	0.120	0.521	6.16	3.83	-0.48	26.43	25.83	-1.44	46322	0.353	0.118	0.517	-0.026	0.021	0.834
16.016	0.321	0.136	0.521	6.31	3.62	-0.41	28.99	23.22	-1.21	46346	0.352	0.122	0.517	-0.027	0.022	0.834
16.027	0.322	0.132	0.521	6.66	3.37	-0.42	30.19	20.69	-1.19	46361	0.351	0.126	0.517	-0.029	0.022	0.835
16.036	0.318	0.140	0.521	6.91	3.18	-0.39	28.85	17.70	-1.62	46386	0.350	0.129	0.517	-0.031	0.023	0.835
16.047	0.318	0.141	0.521	7.20	2.99	-0.39	26.00	15.81	-1.41	46425	0.348	0.132	0.517	-0.032	0.023	0.835
16.056	0.318	0.134	0.521	7.52	2.82	-0.42	21.59	13.55	-1.36	46473	0.347	0.134	0.517	-0.034	0.023	0.835
16.069	0.313	0.144	0.520	7.65	2.70	-0.39	15.69	11.57	-1.97	46520	0.346	0.137	0.517	-0.035	0.023	0.836
16.074	0.311	0.148	0.521	7.75	2.59	-0.38	8.03	10.16	-1.92	46570	0.345	0.139	0.517	-0.037	0.024	0.836
16.088	0.312	0.149	0.521	7.81	2.46	-0.39	0.27	9.07	-1.96	46441	0.343	0.142	0.517	-0.039	0.024	0.836
16.097	0.311	0.149	0.521	7.81	2.36	-0.41	-6.52	8.98	-1.81	46499	0.342	0.144	0.517	-0.040	0.025	0.836
16.106	0.304	0.150	0.521	7.72	2.30	-0.41	-13.05	9.75	-2.38	46565	0.340	0.146	0.517	-0.042	0.025	0.837
16.117	0.303	0.153	0.520	7.56	2.18	-0.41	-16.75	11.41	-2.44	46627	0.338	0.148	0.517	-0.044	0.025	0.837
16.126	0.299	0.157	0.520	7.36	2.07	-0.41	-16.37	15.04	-2.66	46666	0.336	0.150	0.517	-0.046	0.025	0.837
16.134	0.299	0.156	0.520	7.23	1.87	-0.43	-13.13	19.57	-2.83	46823	0.334	0.151	0.517	-0.047	0.026	0.837
16.146	0.292	0.151	0.519	7.16	1.70	-0.44	-8.02	24.60	-3.13	46868	0.332	0.152	0.517	-0.049	0.026	0.838
16.157	0.292	0.151	0.519	7.12	1.40	-0.45	-1.91	29.86	-3.24	46907	0.329	0.153	0.516	-0.051	0.026	0.838
16.168	0.290	0.153	0.518	7.11	1.09	-0.44	4.25	32.67	-2.17	46926	0.327	0.153	0.516	-0.053	0.025	0.838
16.176	0.288	0.151	0.518	7.19	0.74	-0.43	9.40	35.35	-2.05	47095	0.325	0.153	0.516	-0.055	0.025	0.838
16.185	0.287	0.150	0.517	7.30	0.36	-0.41	11.94	36.23	-1.52	47134	0.322	0.153	0.516	-0.057	0.025	0.838
16.197	0.285	0.149	0.517	7.43	-0.01	-0.38	11.85	36.04	-1.59	47172	0.320	0.153	0.515	-0.059	0.025	0.838
16.206	0.283	0.149	0.516	7.55	-0.36	-0.35	10.20	34.98	-1.73	47218	0.318	0.153	0.515	-0.060	0.025	0.838
16.213	0.279	0.148	0.516	7.64	-0.70	-0.33	5.36	31.89	-1.58	47298	0.315	0.152	0.515	-0.062	0.025	0.838
16.227	0.282	0.150	0.516	7.66	-1.05	-0.31	0.37	27.81	-1.44	47325	0.313	0.152	0.514	-0.064	0.025	0.839
16.236	0.273	0.149	0.515	7.65	-1.26	-0.27	-6.19	22.32	-1.36	47360	0.310	0.151	0.514	-0.066	0.024	0.839
16.246	0.272	0.150	0.515	7.55	-1.48	-0.27	-12.44	17.25	-1.97	47415	0.308	0.151	0.514	-0.067	0.024	0.839
16.256	0.269	0.147	0.515	7.42	-1.64	-0.27	-18.19	12.17	-1.68	47451	0.305	0.150	0.514	-0.069	0.024	0.839
16.266	0.267	0.141	0.514	7.27	-1.74	-0.29	-23.01	6.98	-2.04	47463	0.302	0.148	0.513	-0.071	0.024	0.839
16.276	0.267	0.144	0.514	6.99	-1.83	-0.30	-27.03	2.76	-1.89	47489	0.299	0.147	0.513	-0.073	0.024	0.839
16.286	0.263	0.141	0.513	6.73	-1.83	-0.31	-29.09	1.38	-1.74	47512	0.297	0.145	0.513	-0.074	0.023	0.839
16.297	0.262	0.143	0.513	6.41	-1.87	-0.33	-27.68	3.41	-1.67	47546	0.294	0.144	0.513	-0.076	0.023	0.839
16.306	0.259	0.135	0.513	6.20	-1.92	-0.35	-25.34	8.55	-1.48	47466	0.291	0.142	0.512	-0.078	0.023	0.839
16.316	0.260	0.137	0.513	5.92	-2.05	-0.36	-22.59	15.42	-1.59	47475	0.289	0.140	0.512	-0.079	0.023	0.839
16.325	0.255	0.133	0.512	5.73	-2.21	-0.34	-18.29	21.58	-0.61	47469	0.286	0.138	0.512	-0.081	0.023	0.839
16.336	0.258	0.128	0.512	5.59	-2.49	-0.35	-15.15	27.96	-0.89	47459	0.284	0.136	0.512	-0.082	0.022	0.839
16.346	0.253	0.124	0.512	5.47	-2.78	-0.33	-11.66	34.40	-0.66	47438	0.281	0.133	0.512	-0.083	0.022	0.839
16.355	0.255	0.120	0.512	5.38	-3.18	-0.32	-10.50	37.97	-0.93	47268	0.279	0.130	0.512	-0.085	0.021	0.839
16.366	0.258	0.112	0.512	5.33	-3.60	-0.32	-9.53	38.96	-0.56	47239	0.277	0.126	0.512	-0.086	0.021	0.839
16.378	0.251	0.114	0.512	5.20	-3.95	-0.27	-9.62	37.83	-0.15	47228	0.275	0.123	0.512	-0.087	0.020	0.839
16.385	0.250	0.114	0.510	5.09	-4.33	-0.24	-12.91	33.85	-1.16	47209	0.273	0.120	0.511	-0.088	0.020	0.839
16.396	0.249	0.108	0.509	4.98	-4.65	-0.23	-16.38	28.32	-0.95	47523	0.270	0.117	0.511	-0.089	0.019	0.839
16.406	0.248	0.099	0.509	4.86	-4.91	-0.23	-19.88	20.56	-1.03	47506	0.268	0.113	0.511	-0.090	0.019	0.839
16.418	0.247	0.098	0.509	4.63	-5.10	-0.23	-24.16	11.56	-1.11	47501	0.266	0.109	0.510	-0.091	0.018	0.839
16.425	0.245	0.095	0.508	4.38	-5.18	-0.23	-26.93	4.33	-1.16	47496	0.264	0.105	0.510	-0.092	0.017	0.839
16.436	0.243	0.085	0.507	4.16	-5.19	-0.24	-30.43	-3.15	-1.38	47672	0.261	0.101	0.510	-0.093	0.017	0.838
16.446	0.241	0.082	0.507	3.84	-5.14	-0.26	-33.06	-8.34	-2.22	47661	0.259	0.096	0.509	-0.094	0.016	0.838
16.457	0.241	0.073	0.507	3.54	-5.06	-0.29	-35.73	-8.89	-2.52	47641	0.257	0.091	0.509	-0.094	0.015	0.838
16.466	0.240	0.067	0.506	3.20	-4.99	-0.32	-37.76	-5.66	-3.24	47642	0.255	0.086	0.509	-0.095	0.014	0.838
16.476	0.239	0.071	0.507	2.74	-4.95	-0.37	-40.50	-0.09	-3.65	47634	0.253	0.081	0.509	-0.096	0.013	0.838
16.486	0.239	0.062	0.507	2.38	-4.99	-0.41	-41.36	6.92	-4.08	47483	0.251	0.077	0.509	-0.096	0.013	0.838
16.498	0.240	0.060	0.506	1.94	-5.10	-0.45	-41.63	14.00	-4.34	47466	0.249	0.072	0.508	-0.097	0.012	0.837
16.507	0.238	0.052	0.506	1.56	-5.25	-0.49	-41.19	20.44	-5.00	47436	0.247	0.067	0.508	-0.097	0.011	0.837
16.524	0.238	0.051	0.505	1.14	-5.48	-0.54	-39.42	23.51	-4.90	47421	0.245	0.062	0.508	-0.098	0.011	0.837
16.533	0.237	0.051	0.505	0.72	-5.72	-0.59	-35.76	25.64	-4.99	47613	0.244	0.058	0.508	-0.098	0.010	0.837
16.537	0.238	0.040	0.504	0.44	-5.99	-0.63	-32.44	24.06	-4.95	47574	0.242	0.053	0.508	-0.098	0.010	0.836
16.546	0.239	0.038	0.504	0.10	-6.23	-0.69	-27.42	20.22	-4.84	47542	0.241	0.049	0.507	-0.098	0.009	0.836
16.556	0.237	0.035	0.504	-0.17	-6.39	-0.73	-23.38	14.63	-4.94	47501	0.239	0.044	0.507	-0.099	0.009	0.836
16.566	0.236	0.034	0.504	-0.42	-6.52	-0.78	-19.89	8.49	-4.56	47461	0.238	0.040	0.507	-0.099	0.008	0.836
16.576	0.236	0.028	0.504	-0.59	-6.58	-0.82	-17.08	1.14	-4.36	47361	0.236	0.036	0.507	-0.099	0.008	0.836
16.586	0.236	0.026	0.504	-0.78	-6.56	-0.87	-15.50	-5.45	-3.76	47321	0.235	0.032	0.507	-0.099	0.008	0.835
16.593	0.235	0.021	0.504	-0.92	-6.48	-0.90	-13.83	-11.73	-3.60	47273	0.234	0.028	0.507	-0.099	0.007	0.835
16.602	0.235	0.023	0.506	-1.12	-6.33	-0.94	-13.73	-16.86	-3.19	47228	0.232	0.024	0.508	-0.098	0.007	0.835
16.612	0.234	0.011	0.506	-1.19	-6.14	-0.94	-14.54	-20.23	-2.77	46852	0.231	0.020	0.508	-0.098	0.007	0.835
16.625	0.236	0.014	0.506	-1.42	-5.95	-0.99	-19.67	-19.04	-2.29	46825	0.230	0.017	0.508	-0.098	0.007	0.835
16.636	0.234	0.016	0.506	-1.67	-5.75	-1.01	-24.82	-16.13	-2.17	46783	0.229	0.014	0.508	-0.098	0.007	0.835
16.646	0.236	0.010	0.506	-1.92	-5.61	-1.02	-31.40	-13.03	-1.88	46739	0.228	0.010	0.509	-0.097	0.007	0.834
16.656	0.236	0.000	0.506	-2.20	-5.50	-1.02	-37.00	-7.28	-1.60	46748	0.227	0.007	0.509	-0.097	0.006	0.834
16.665	0.238	-0.002	0.507	-2.59	-5.45	-1.04	-40.57	-1.77	-1.34	46730	0.227	0.003	0.509	-0.096	0.006	0.834
16.675	0.239	-0.003	0.507	-3.03	-5.46	-1.06	-40.57	3.39	-0.12	46706	0.226	-0.001	0.509	-0.096	0.006	0.834
16.686	0.241	-0.011	0.507	-3.40	-5.51	-1.06	-42.52	6.44	-0.32	46694	0.226	-0.004	0.509	-0.095	0.006	0.834
16.696	0.242	-0.013	0.507	-3.83	-5.58	-1.07	-39.38	8.87	0.18	46686	0.226	-0.008	0.509	-0.094	0.005	0.833
16.701	0.243	-0.017	0.507	-4.21	-5.67	-1.07	-35.83	8.23	0.52	46713	0.226	-0.012	0.509	-0.093	0.005	0.833
16.712	0.245	-0.014	0.507	-4.59	-5.75	-1.09	-29.04	5.99	0.55	46683	0.226	-0.015	0.510	-0.092	0.005	0.833
16.722	0.245	-0.020	0.507	-4.83	-5.79	-1.07	-21.18	2.16	1.90	46651	0.226	-0.018	0.510	-0.091	0.005	0.833
16.735	0.248	-0.021	0.507	-5.04	-5.80	-1.07	-14.19	-2.41	2.00	46616	0.226	-0.020	0.510	-0.090	0.005	0.833
16.743	0.247	-0.024	0.508	-5.15	-5.74	-1.03	-7.75	-8.27	2.09	46532	0.226	-0.023	0.510	-0.089	0.005	0.832
16.756	0.250	-0.027	0.508	-5.21	-5.66	-1.01	-0.78	-13.11	2.54	46508	0.227	-0.026	0.510	-0.088	0.005	0.832
16.766	0.248	-0.029	0.508	-5.19	-5.48	-0.96	5.10	-17.72	2.49	46476	0.227	-0.028	0.510	-0.087	0.005	0.832
16.776	0.253	-0.032	0.508	-5.12	-5.31	-0.92	9.27	-22.11	2.45	46434	0.227	-0.031	0.510	-0.085	0.005	0.832
16.787	0.250	-0.038	0.509	-4.98	-5.05	-0.85	10.45	-24.96	2.58	46412	0.228	-0.034	0.511	-0.084	0.005	0.832
16.795	0.256	-0.039	0.509	-4.89	-4.83	-0.81	7.45	-25.39	3.24	46337	0.228	-0.036	0.511	-0.083	0.004	0.832
16.806	0.257	-0.038	0.509	-4.86	-4.57	-0.77	1.61	-26.29	3.04	46330	0.229	-0.039	0.511	-0.081	0.004	0.832
16.817	0.256	-0.038	0.509	-4.90	-4.28	-0.73	-8.07	-25.83	3.07	46299	0.230	-0.040	0.511	-0.080	0.005	0.831
16.822	0.263	-0.046	0.509	-4.95	-4.07	-0.65	-16.32	-24.53	3.11	46268	0.231	-0.043	0.511	-0.078	0.004	0.831
16.832	0.264	-0.044	0.510	-5.18	-3.82	-0.62	-24.36	-22.49	2.48	46283	0.233	-0.045	0.511	-0.077	0.005	0.831
16.845	0.266	-0.052	0.510	-5.39	-3.60	-0.55	-30.13	-20.37	2.83	46258	0.234	-0.047	0.512	-0.075	0.004	0.831
16.857	0.267	-0.049	0.510	-5.75	-3.40	-0.53	-33.32	-18.24	2.54	46235	0.235	-0.049	0.512	-0.074	0.004	0.831
16.866	0.273	-0.046	0.510	-6.13	-3.25	-0.50	-33.95	-16.76	2.40	46220	0.237	-0.050	0.512	-0.072	0.005	0.831
16.876	0.275	-0.049	0.510	-6.44	-3.09	-0.46	-31.74	-15.67	1.80	46302	0.239	-0.051	0.512	-0.070	0.005	0.831
16.887	0.275	-0.052	0.510	-6.73	-2.92	-0.41	-26.39	-14.08	1.95	46272	0.241	-0.053	0.512	-0.068	0.005	0.831
16.895	0.278	-0.050	0.510	-7.00	-2.78	-0.40	-19.82	-13.67	1.65	46244	0.243	-0.054	0.512	-0.067	0.005	0.830
16.906	0.277	-0.046	0.511	-7.21	-2.62	-0.38	-11.53	-13.11	1.84	46226	0.244	-0.054	0.512	-0.065	0.005	0.830
16.915	0.286	-0.050	0.511	-7.27	-2.55	-0.33	-2.17	-13.79	3.14	46197	0.247	-0.054	0.512	-0.063	0.005	0.830
16.923	0.286	-0.051	0.511	-7.25	-2.39	-0.28	6.73	-13.09	2.07	46226	0.249	-0.055	0.512	-0.061	0.006	0.830
16.933	0.288	-0.053	0.511	-7.15	-2.25	-0.24	15.26	-14.17	3.11	46196	0.251	-0.055	0.512	-0.059	0.006	0.830
16.945	0.288	-0.055	0.511	-6.96	-2.09	-0.19	21.71	-14.14	3.04	46170	0.253	-0.056	0.512	-0.057	0.006	0.830
16.955	0.296	-0.059	0.511	-6.69	-2.00	-0.12	26.00	-14.71	2.91	46153	0.256	-0.057	0.512	-0.055	0.006	0.830
16.965	0.297	-0.062	0.511	-6.41	-1.84	-0.07	24.22	-17.60	2.35	46317	0.258	-0.058	0.512	-0.053	0.005	0.830
16.976	0.297	-0.064	0.511	-6.17	-1.62	-0.02	20.52	-22.09	2.21	46297	0.260	-0.059	0.512	-0.052	0.005	0.830
16.988	0.301	-0.058	0.511	-6.04	-1.40	-0.00	14.60	-26.88	2.24	46289	0.263	-0.059	0.512	-0.050	0.005	0.830
16.996	0.303	-0.059	0.511	-5.92	-1.10	0.05	6.93	-31.85	2.52	46303	0.265	-0.060	0.512	-0.048	0.005	0.830
17.007	0.305	-0.059	0.511	-5.88	-0.76	0.11	-1.18	-35.86	2.33	46292	0.268	-0.060	0.512	-0.046	0.005	0.829
17.016	0.309	-0.058	0.511	-5.92	-0.40	0.17	-8.09	-39.10	2.68	46366	0.271	-0.060	0.512	-0.044	0.005	0.829
17.027	0.312	-0.057	0.511	-6.04	-0.01	0.23	-13.29	-40.01	2.35	46372	0.273	-0.059	0.512	-0.042	0.006	0.829
17.034	0.311	-0.056	0.511	-6.19	0.41	0.29	-15.59	-39.54	2.63	46371	0.276	-0.059	0.512	-0.040	0.006	0.829
17.046	0.319	-0.055	0.511	-6.35	0.76	0.36	-16.21	-37.47	2.24	46375	0.279	-0.058	0.512	-0.038	0.006	0.829
17.053	0.318	-0.054	0.511	-6.51	1.15	0.41	-13.00	-34.34	2.51	46475	0.282	-0.058	0.512	-0.036	0.006	0.829
17.065	0.318	-0.054	0.511	-6.63	1.50	0.47	-9.49	-30.43	1.83	46470	0.284	-0.057	0.512	-0.035	0.006	0.829
17.075	0.327	-0.053	0.511	-6.70	1.73	0.54	-3.09	-25.20	2.16	46474	0.287	-0.056	0.511	-0.033	0.006	0.829
17.086	0.327	-0.053	0.511	-6.71	1.98	0.58	2.73	-19.46	2.42	46479	0.290	-0.055	0.511	-0.031	0.006	0.829
17.094	0.329	-0.057	0.511	-6.62	2.15	0.64	9.17	-12.84	2.62	46492	0.293	-0.055	0.511	-0.029	0.006	0.829
17.104	0.335	-0.052	0.511	-6.54	2.23	0.67	15.19	-8.17	2.46	46492	0.297	-0.054	0.511	-0.027	0.006	0.829
17.116	0.339	-0.054	0.511	-6.34	2.28	0.71	20.84	-3.12	2.39	46501	0.300	-0.053	0.511	-0.025	0.006	0.829
17.125	0.340	-0.050	0.511	-6.15	2.31	0.72	23.60	-0.72	1.90	46500	0.304	-0.052	0.511	-0.023	0.006	0.829
17.136	0.343	-0.047	0.512	-5.93	2.32	0.74	23.55	-3.08	1.81	46522	0.307	-0.050	0.512	-0.022	0.007	0.829
17.147	0.345	-0.045	0.513	-5.70	2.37	0.76	22.39	-8.17	2.83	46356	0.310	-0.048	0.512	-0.020	0.007	0.829
17.152	0.347	-0.043	0.513	-5.50	2.48	0.79	18.55	-15.91	2.43	46351	0.313	-0.047	0.512	-0.018	0.007	0.829
17.168	0.350	-0.044	0.513	-5.30	2.67	0.84	14.63	-25.21	2.27	46346	0.317	-0.045	0.512	-0.016	0.007	0.829
17.177	0.348	-0.032	0.512	-5.25	2.98	0.85	11.26	-32.75	2.14	46357	0.319	-0.042	0.512	-0.015	0.007	0.829
17.187	0.350	-0.033	0.513	-5.13	3.33	0.91	8.06	-39.21	1.74	46438	0.322	-0.040	0.512	-0.013	0.008	0.829
17.195	0.348	-0.029	0.513	-5.09	3.77	0.94	6.43	-41.83	0.91	46431	0.324	-0.037	0.512	-0.012	0.008	0.829
17.205	0.354	-0.025	0.513	-5.05	4.16	1.00	5.60	-42.89	0.65	46444	0.327	-0.034	0.512	-0.011	0.009	0.830
17.215	0.355	-0.023	0.513	-4.99	4.59	1.03	6.02	-39.79	0.63	46461	0.330	-0.031	0.512	-0.010	0.009	0.830
17.226	0.356	-0.011	0.513	-5.00	4.97	1.05	8.00	-33.16	0.42	46472	0.332	-0.027	0.512	-0.008	0.010	0.830
17.237	0.356	-0.013	0.513	-4.88	5.30	1.08	11.01	-25.45	0.39	46458	0.335	-0.023	0.512	-0.007	0.010	0.830
17.246	0.358	-0.010	0.513	-4.76	5.53	1.10	14.12	-17.43	-0.13	46422	0.337	-0.020	0.512	-0.006	0.011	0.830
17.258	0.360	-0.006	0.513	-4.62	5.66	1.11	19.15	-9.00	-0.10	46396	0.340	-0.016	0.512	-0.005	0.011	0.830
17.266	0.362	-0.003	0.512	-4.42	5.72	1.11	22.32	1.07	-0.03	46376	0.342	-0.012	0.512	-0.004	0.012	0.830
17.277	0.362	-0.001	0.512	-4.18	5.69	1.11	25.74	8.71	-0.22	46484	0.345	-0.009	0.512	-0.004	0.012	0.830
17.284	0.366	0.005	0.512	-3.93	5.57	1.11	29.21	13.18	-0.34	46456	0.347	-0.005	0.512	-0.003	0.013	0.830
17.295	0.367	0.008	0.512	-3.63	5.43	1.10	31.05	13.38	0.07	46419	0.350	-0.001	0.512	-0.002	0.013	0.830
17.305	0.367	0.016	0.513	-3.35	5.33	1.08	33.20	8.76	-0.52	46375	0.352	0.004	0.512	-0.001	0.014	0.830
17.314	0.367	0.020	0.513	-3.02	5.28	1.06	33.78	1.07	-1.16	46308	0.354	0.008	0.512	-0.000	0.014	0.830
17.325	0.368	0.024	0.513	-2.68	5.30	1.05	34.81	-7.13	-1.60	46268	0.356	0.012	0.512	0.000	0.015	0.830
17.336	0.367	0.028	0.513	-2.33	5.41	1.04	35.97	-14.94	-1.32	46220	0.358	0.017	0.512	0.001	0.015	0.830
17.346	0.366	0.038	0.513	-2.02	5.60	1.03	36.49	-22.12	-1.10	46179	0.359	0.022	0.512	0.001	0.016	0.830
17.356	0.364	0.032	0.514	-1.58	5.86	1.00	36.59	-26.27	-0.68	46155	0.360	0.026	0.512	0.001	0.017	0.830
17.365	0.366	0.039	0.514	-1.25	6.13	1.01	36.04	-28.25	-0.84	46043	0.362	0.030	0.512	0.002	0.017	0.830
17.376	0.365	0.054	0.514	-0.98	6.42	1.01	35.05	-27.51	-1.69	46019	0.363	0.036	0.512	0.002	0.018	0.830
17.385	0.365	0.063	0.514	-0.68	6.69	1.00	33.22	-24.59	-2.11	46000	0.364	0.042	0.512	0.002	0.019	0.831
17.400	0.364	0.056	0.515	-0.26	6.92	0.96	31.69	-18.27	-2.62	45971	0.365	0.047	0.513	0.002	0.019	0.831
17.406	0.365	0.068	0.515	-0.01	7.08	0.96	29.58	-11.29	-2.62	45874	0.366	0.052	0.513	0.002	0.020	0.831
17.417	0.365	0.077	0.515	0.23	7.17	0.94	26.26	-3.64	-3.05	45859	0.367	0.058	0.513	0.001	0.021	0.831
17.426	0.364	0.079	0.515	0.51	7.18	0.90	25.26	6.07	-3.27	45846	0.368	0.064	0.513	0.001	0.022	0.831
17.436	0.365	0.083	0.515	0.77	7.09	0.87	23.12	13.20	-3.66	45829	0.369	0.069	0.513	0.001	0.023	0.831
17.445	0.367	0.088	0.516	0.98	6.91	0.85	21.72	20.76	-3.87	45810	0.370	0.074	0.513	0.001	0.023	0.832
17.456	0.367	0.090	0.516	1.23	6.68	0.81	21.26	25.21	-3.87	45738	0.372	0.079	0.513	0.001	0.024	0.832
17.466	0.369	0.100	0.516	1.39	6.40	0.81	24.80	26.45	-3.37	45718	0.373	0.085	0.513	0.000	0.025	0.832
17.476	0.368	0.104	0.516	1.65	6.14	0.78	28.47	25.69	-3.66	45714	0.374	0.090	0.514	0.000	0.025	0.832
17.486	0.367	0.104	0.517	1.99	5.89	0.74	34.01	20.91	-4.03	45700	0.375	0.095	0.514	-0.000	0.026	0.832
17.496	0.365	0.114	0.517	2.30	5.71	0.71	39.03	16.49	-4.22	45702	0.375	0.100	0.514	-0.001	0.027	0.833
17.506	0.366	0.107	0.517	2.80	5.55	0.65	43.14	9.69	-4.82	45683	0.376	0.104	0.514	-0.001	0.027	0.833
17.515	0.365	0.119	0.517	3.17	5.46	0.63	45.90	4.64	-4.89	45657	0.376	0.109	0.514	-0.002	0.027	0.833
17.526	0.365	0.127	0.517	3.60	5.42	0.60	45.98	0.13	-5.13	45664	0.377	0.114	0.514	-0.002	0.028	0.833
17.536	0.365	0.121	0.517	4.14	5.42	0.52	44.89	-3.87	-4.93	45767	0.377	0.118	0.514	-0.003	0.028	0.834
17.544	0.364	0.137	0.517	4.48	5.46	0.51	41.03	-5.50	-4.79	45772	0.378	0.123	0.514	-0.004	0.029	0.834
17.558	0.364	0.138	0.517	4.90	5.50	0.45	36.78	-5.34	-5.17	45785	0.378	0.128	0.514	-0.005	0.029	0.834
17.569	0.363	0.133	0.517	5.32	5.54	0.37	29.64	-4.81	-4.91	45807	0.378	0.131	0.514	-0.005	0.029	0.834
17.578	0.362	0.142	0.518	5.56	5.58	0.34	23.21	-2.84	-5.40	45841	0.379	0.135	0.514	-0.006	0.030	0.835
17.586	0.360	0.145	0.518	5.77	5.59	0.28	14.91	0.49	-5.25	45831	0.379	0.139	0.514	-0.007	0.030	0.835
17.594	0.360	0.153	0.518	5.86	5.55	0.25	7.98	4.63	-5.42	45860	0.379	0.143	0.514	-0.008	0.031	0.835
17.607	0.361	0.152	0.518	5.96	5.46	0.19	0.59	9.54	-5.34	45892	0.379	0.147	0.514	-0.009	0.031	0.836
17.615	0.359	0.155	0.518	5.95	5.35	0.15	-4.79	14.12	-5.35	45929	0.379	0.150	0.514	-0.010	0.031	0.836
17.625	0.356	0.155	0.518	5.91	5.20	0.11	-8.79	17.90	-5.07	45901	0.378	0.153	0.514	-0.011	0.031	0.836
17.636	0.355	0.156	0.519	5.85	5.00	0.07	-7.32	20.27	-4.93	45932	0.378	0.156	0.514	-0.012	0.031	0.837
17.645	0.356	0.157	0.519	5.80	4.75	0.04	-0.92	22.92	-4.46	45962	0.378	0.159	0.514	-0.013	0.031	0.837
17.653	0.347	0.171	0.518	5.72	4.58	0.05	6.12	24.34	-4.59	45977	0.377	0.162	0.514	-0.015	0.031	0.837
17.666	0.349	0.170	0.518	5.84	4.30	0.02	13.91	24.55	-5.26	45981	0.376	0.165	0.514	-0.016	0.032	0.838
17.675	0.344	0.168	0.518	6.04	4.07	-0.03	21.59	24.19	-5.25	46028	0.374	0.168	0.514	-0.018	0.032	0.838
17.688	0.345	0.182	0.518	6.18	3.81	-0.01	28.31	22.28	-5.04	46049	0.373	0.172	0.514	-0.019	0.032	0.838
17.696	0.346	0.179	0.518	6.52	3.56	-0.05	31.82	19.75	-4.77	46048	0.372	0.174	0.514	-0.020	0.032	0.839
17.706	0.342	0.186	0.518	6.81	3.37	-0.06	33.56	17.46	-5.28	46056	0.371	0.178	0.514	-0.022	0.033	0.839
17.716	0.344	0.185	0.518	7.16	3.16	-0.10	30.99	15.26	-5.48	46098	0.370	0.180	0.514	-0.023	0.033	0.839
17.725	0.342	0.179	0.518	7.53	3.00	-0.17	26.87	13.84	-5.67	46130	0.369	0.182	0.513	-0.025	0.033	0.840
17.732	0.341	0.175	0.518	7.84	2.85	-0.24	22.61	11.68	-5.88	46189	0.368	0.183	0.513	-0.026	0.033	0.840
17.746	0.335	0.185	0.518	7.97	2.75	-0.24	13.40	11.24	-5.52	46234	0.367	0.184	0.513	-0.028	0.033	0.841
17.754	0.334	0.184	0.518	8.10	2.62	-0.29	6.21	11.74	-5.62	46195	0.365	0.186	0.513	-0.029	0.032	0.841
17.766	0.331	0.185	0.518	8.14	2.50	-0.34	-4.79	11.60	-6.14	46236	0.364	0.187	0.513	-0.031	0.032	0.841
17.775	0.328	0.186	0.518	8.07	2.38	-0.38	-12.73	11.25	-5.95	46288	0.362	0.188	0.513	-0.032	0.032	0.842
17.784	0.326	0.187	0.518	7.92	2.25	-0.42	-19.34	11.60	-6.20	46342	0.360	0.189	0.513	-0.034	0.032	0.842
17.795	0.316	0.192	0.518	7.68	2.18	-0.44	-21.00	15.71	-6.37	46386	0.357	0.190	0.513	-0.036	0.032	0.842
17.805	0.317	0.197	0.518	7.45	1.97	-0.47	-19.54	18.99	-6.02	46415	0.354	0.192	0.513	-0.038	0.032	0.843
17.814	0.315	0.195	0.517	7.29	1.75	-0.52	-15.97	23.23	-6.75	46435	0.352	0.193	0.513	-0.040	0.033	0.843
17.826	0.314	0.183	0.517	7.25	1.48	-0.60	-10.01	27.05	-5.18	46458	0.349	0.193	0.512	-0.042	0.032	0.844
17.836	0.311	0.184	0.517	7.16	1.18	-0.62	-5.14	30.85	-5.23	46491	0.347	0.192	0.512	-0.044	0.032	0.844
17.845	0.313	0.184	0.516	7.13	0.83	-0.64	0.51	34.80	-4.73	46589	0.345	0.192	0.512	-0.045	0.031	0.844
17.856	0.308	0.184	0.516	7.15	0.48	-0.64	4.95	36.14	-4.21	46600	0.342	0.191	0.512	-0.047	0.031	0.845
17.863	0.311	0.184	0.516	7.20	0.07	-0.64	6.96	36.41	-4.74	46608	0.341	0.190	0.512	-0.048	0.031	0.845
17.876	0.307	0.184	0.517	7.28	-0.29	-0.65	7.63	34.91	-4.73	46624	0.338	0.190	0.512	-0.050	0.030	0.845
17.885	0.305	0.183	0.517	7.35	-0.64	-0.65	6.07	30.94	-4.54	46660	0.336	0.189	0.512	-0.052	0.030	0.846
17.892	0.303	0.183	0.517	7.40	-0.95	-0.66	3.38	27.48	-4.54	46459	0.334	0.188	0.512	-0.053	0.030	0.846
17.904	0.298	0.181	0.516	7.42	-1.19	-0.66	-2.22	21.51	-4.11	46472	0.331	0.187	0.512	-0.055	0.029	0.846
17.912	0.297	0.182	0.516	7.38	-1.41	-0.68	-7.02	16.40	-4.22	46496	0.329	0.186	0.511	-0.057	0.029	0.847
17.925	0.294	0.179	0.516	7.31	-1.56	-0.71	-12.61	10.99	-3.77	46523	0.326	0.185	0.511	-0.058	0.029	0.847
17.935	0.294	0.175	0.516	7.19	-1.68	-0.75	-17.30	5.57	-3.85	46583	0.324	0.183	0.511	-0.060	0.029	0.848
17.943	0.293	0.179	0.516	6.95	-1.74	-0.78	-21.78	2.84	-4.01	46610	0.322	0.182	0.511	-0.061	0.028	0.848
17.956	0.293	0.176	0.515	6.73	-1.79	-0.83	-25.98	0.38	-4.27	46622	0.320	0.181	0.511	-0.062	0.028	0.848
17.966	0.286	0.168	0.515	6.52	-1.77	-0.87	-29.11	3.61	-4.45	46653	0.317	0.178	0.511	-0.064	0.028	0.849
17.977	0.284	0.157	0.515	6.30	-1.84	-0.93	-29.38	9.30	-4.54	46636	0.314	0.175	0.511	-0.066	0.027	0.849
17.983	0.286	0.161	0.515	5.96	-2.00	-0.97	-28.28	16.60	-4.24	46675	0.312	0.172	0.511	-0.067	0.026	0.849
17.994	0.283	0.151	0.515	5.75	-2.19	-1.01	-26.97	25.58	-4.26	46683	0.310	0.168	0.511	-0.068	0.025	0.850
18.008	0.281	0.141	0.514	5.55	-2.48	-1.03	-25.55	32.39	-3.82	46708	0.307	0.164	0.510	-0.070	0.024	0.850
18.015	0.278	0.133	0.515	5.34	-2.82	-1.05	-23.25	38.20	-4.16	46733	0.305	0.159	0.510	-0.071	0.023	0.850
18.026	0.282	0.134	0.515	5.08	-3.27	-1.07	-22.03	40.50	-3.42	46572	0.303	0.154	0.510	-0.072	0.022	0.851
18.033	0.274	0.128	0.515	4.89	-3.64	-1.05	-21.39	41.76	-3.51	46588	0.300	0.149	0.510	-0.073	0.021	0.851
18.044	0.274	0.130	0.515	4.64	-4.07	-1.05	-21.06	39.69	-3.65	46604	0.297	0.145	0.510	-0.074	0.020	0.851
18.056	0.276	0.120	0.513	4.50	-4.49	-1.08	-21.11	35.87	-3.73	46602	0.295	0.141	0.510	-0.075	0.019	0.851
18.065	0.273	0.109	0.513	4.35	-4.83	-1.10	-22.30	30.02	-3.60	46924	0.293	0.135	0.510	-0.076	0.018	0.852
18.076	0.273	0.115	0.512	4.05	-5.11	-1.12	-22.76	22.12	-3.36	46973	0.291	0.130	0.510	-0.077	0.017	0.852
18.085	0.270	0.104	0.512	3.87	-5.29	-1.13	-24.65	13.95	-3.44	46981	0.288	0.125	0.509	-0.078	0.016	0.852
18.096	0.270	0.109	0.511	3.54	-5.42	-1.17	-27.08	4.53	-3.20	47010	0.286	0.121	0.509	-0.079	0.015	0.852
18.106	0.269	0.100	0.511	3.31	-5.44	-1.20	-29.14	-3.53	-3.19	47015	0.284	0.116	0.509	-0.080	0.014	0.852
18.117	0.266	0.087	0.510	3.08	-5.38	-1.23	-30.84	-9.87	-2.73	47213	0.282	0.110	0.508	-0.081	0.013	0.853
18.125	0.266	0.078	0.510	2.81	-5.27	-1.26	-32.72	-13.64	-2.49	47257	0.280	0.104	0.508	-0.081	0.012	0.853
18.134	0.265	0.074	0.510	2.47	-5.14	-1.29	-35.24	-12.96	-1.97	47286	0.278	0.098	0.508	-0.082	0.010	0.853
18.143	0.264	0.066	0.509	2.14	-5.03	-1.32	-38.49	-7.82	-1.83	47298	0.276	0.092	0.507	-0.083	0.009	0.853
18.153	0.263	0.057	0.509	1.78	-4.98	-1.34	-41.51	-0.68	-1.97	47371	0.274	0.085	0.507	-0.083	0.008	0.853
18.163	0.262	0.053	0.508	1.35	-5.00	-1.36	-44.59	6.45	-2.32	47398	0.272	0.078	0.507	-0.084	0.006	0.853
18.174	0.262	0.052	0.508	0.88	-5.10	-1.38	-45.33	13.75	-2.42	47402	0.270	0.073	0.506	-0.084	0.005	0.853
18.185	0.264	0.039	0.507	0.50	-5.29	-1.40	-45.57	20.08	-1.56	47391	0.269	0.066	0.506	-0.084	0.004	0.853
18.196	0.263	0.034	0.507	0.04	-5.50	-1.42	-44.98	23.18	-1.07	47446	0.267	0.059	0.506	-0.084	0.003	0.854
18.205	0.264	0.038	0.507	-0.47	-5.76	-1.45	-42.44	25.09	-1.25	47439	0.266	0.054	0.506	-0.084	0.002	0.854
18.219	0.264	0.033	0.506	-0.87	-6.01	-1.46	-39.46	23.84	-0.58	47425	0.265	0.048	0.505	-0.084	0.001	0.854
18.224	0.265	0.023	0.506	-1.20	-6.26	-1.47	-35.04	19.26	0.16	47409	0.263	0.042	0.505	-0.084	0.000	0.854
18.235	0.267	0.020	0.506	-1.56	-6.44	-1.48	-30.45	13.58	0.36	47395	0.263	0.037	0.505	-0.084	-0.001	0.854
18.247	0.265	0.017	0.506	-1.85	-6.53	-1.47	-24.83	4.13	0.85	47286	0.262	0.031	0.505	-0.084	-0.001	0.854
18.253	0.265	0.006	0.506	-2.02	-6.55	-1.45	-20.29	-3.52	1.33	47267	0.261	0.025	0.505	-0.084	-0.002	0.854
18.266	0.264	-0.005	0.505	-2.15	-6.48	-1.41	-16.14	-10.68	1.54	47270	0.260	0.019	0.505	-0.084	-0.004	0.854
18.274	0.265	-0.002	0.506	-2.36	-6.35	-1.41	-11.88	-17.65	2.47	47262	0.259	0.013	0.505	-0.083	-0.004	0.854
18.283	0.265	-0.015	0.506	-2.40	-6.16	-1.35	-9.46	-23.59	2.85	47071	0.258	0.007	0.505	-0.083	-0.005	0.854
18.295	0.264	-0.012	0.506	-2.54	-5.90	-1.32	-10.41	-25.06	3.72	47064	0.257	0.002	0.505	-0.082	-0.006	0.854
18.305	0.264	-0.011	0.505	-2.70	-5.65	-1.29	-14.54	-23.40	3.81	47044	0.256	-0.002	0.505	-0.082	-0.007	0.854
18.313	0.266	-0.020	0.506	-2.83	-5.43	-1.23	-21.84	-21.40	3.79	47025	0.255	-0.007	0.505	-0.082	-0.007	0.854
18.324	0.267	-0.029	0.505	-3.01	-5.23	-1.16	-28.08	-16.53	3.85	47023	0.255	-0.013	0.505	-0.081	-0.008	0.854
18.334	0.265	-0.025	0.505	-3.38	-5.07	-1.14	-34.13	-11.29	3.23	46960	0.254	-0.017	0.505	-0.080	-0.008	0.854
18.346	0.267	-0.033	0.505	-3.70	-4.99	-1.08	-39.26	-5.91	3.04	46932	0.254	-0.022	0.505	-0.080	-0.009	0.855
18.356	0.269	-0.043	0.505	-4.04	-4.96	-1.04	-41.12	-0.86	2.97	46912	0.254	-0.027	0.505	-0.079	-0.010	0.855
18.365	0.271	-0.043	0.504	-4.48	-4.98	-1.02	-41.38	3.69	2.45	46896	0.254	-0.032	0.505	-0.078	-0.010	0.854
18.377	0.271	-0.043	0.504	-4.93	-5.02	-1.02	-39.23	5.55	2.94	47050	0.254	-0.036	0.505	-0.077	-0.011	0.854
18.382	0.273	-0.050	0.504	-5.27	-5.08	-0.98	-36.13	6.36	3.44	47031	0.254	-0.040	0.504	-0.076	-0.011	0.854
18.394	0.273	-0.044	0.504	-5.70	-5.13	-0.98	-30.58	4.85	3.77	47017	0.254	-0.043	0.504	-0.075	-0.011	0.854
18.406	0.276	-0.052	0.504	-5.94	-5.19	-0.93	-25.11	3.63	3.85	47001	0.254	-0.047	0.504	-0.074	-0.012	0.854
18.415	0.278	-0.066	0.504	-6.07	-5.22	-0.85	-17.71	-0.38	4.04	46878	0.255	-0.051	0.504	-0.073	-0.012	0.854
18.426	0.280	-0.065	0.504	-6.26	-5.22	-0.83	-10.15	-4.10	3.76	46849	0.255	-0.055	0.504	-0.072	-0.013	0.854
18.436	0.282	-0.068	0.504	-6.33	-5.17	-0.78	-2.60	-8.51	4.02	46833	0.256	-0.059	0.504	-0.070	-0.013	0.854
18.445	0.282	-0.065	0.504	-6.39	-5.05	-0.75	3.84	-12.61	4.69	46808	0.257	-0.062	0.504	-0.069	-0.013	0.854
18.454	0.284	-0.068	0.505	-6.33	-4.92	-0.69	7.07	-17.42	4.86	46776	0.257	-0.065	0.504	-0.068	-0.014	0.854
18.465	0.294	-0.084	0.504	-6.13	-4.82	-0.57	5.29	-20.77	5.49	46699	0.259	-0.069	0.504	-0.066	-0.014	0.854
18.475	0.295	-0.085	0.505	-6.11	-4.60	-0.50	2.41	-23.22	5.31	46700	0.261	-0.073	0.505	-0.064	-0.015	0.854
18.482	0.295	-0.085	0.505	-6.12	-4.34	-0.43	-3.94	-25.03	4.88	46692	0.263	-0.076	0.505	-0.063	-0.015	0.854
18.492	0.292	-0.078	0.505	-6.26	-4.04	-0.39	-11.55	-26.44	5.23	46674	0.264	-0.079	0.505	-0.061	-0.015	0.854
18.503	0.301	-0.094	0.505	-6.27	-3.84	-0.26	-16.87	-27.53	4.35	46545	0.266	-0.082	0.505	-0.059	-0.016	0.854
18.515	0.304	-0.091	0.505	-6.50	-3.58	-0.21	-22.44	-26.54	3.67	46538	0.268	-0.085	0.505	-0.058	-0.016	0.854
18.527	0.306	-0.094	0.505	-6.73	-3.32	-0.14	-26.68	-25.97	2.81	46547	0.270	-0.088	0.505	-0.056	-0.017	0.854
18.534	0.313	-0.097	0.506	-6.99	-3.11	-0.08	-26.36	-24.32	2.73	46543	0.273	-0.090	0.505	-0.054	-0.017	0.855
18.545	0.312	-0.096	0.506	-7.28	-2.85	-0.04	-25.23	-21.74	2.47	46537	0.275	-0.092	0.505	-0.052	-0.017	0.855
18.555	0.317	-0.105	0.506	-7.46	-2.67	0.05	-22.03	-18.80	2.26	46407	0.278	-0.095	0.506	-0.050	-0.018	0.855
18.563	0.321	-0.103	0.506	-7.70	-2.49	0.08	-17.33	-16.89	2.14	46385	0.280	-0.098	0.506	-0.048	-0.018	0.855
18.576	0.321	-0.104	0.506	-7.85	-2.31	0.11	-10.38	-15.20	1.99	46364	0.283	-0.100	0.506	-0.046	-0.018	0.855
18.584	0.324	-0.103	0.506	-7.95	-2.17	0.14	-3.13	-14.10	2.23	46348	0.285	-0.101	0.506	-0.044	-0.018	0.855
18.593	0.327	-0.104	0.506	-7.96	-2.03	0.18	4.08	-13.61	1.70	46443	0.288	-0.102	0.506	-0.042	-0.018	0.855
18.602	0.337	-0.105	0.506	-7.89	-1.96	0.23	11.87	-13.55	1.50	46410	0.292	-0.104	0.506	-0.040	-0.018	0.855
18.615	0.340	-0.107	0.506	-7.75	-1.83	0.26	17.99	-14.53	1.08	46391	0.295	-0.105	0.506	-0.037	-0.019	0.855
18.630	0.343	-0.110	0.506	-7.54	-1.68	0.29	20.45	-16.68	0.53	46383	0.299	-0.106	0.506	-0.035	-0.019	0.855
18.636	0.346	-0.099	0.506	-7.44	-1.50	0.27	19.74	-20.65	0.03	46395	0.302	-0.106	0.506	-0.033	-0.018	0.855
18.645	0.349	-0.102	0.506	-7.23	-1.28	0.31	16.19	-25.71	0.26	46401	0.306	-0.106	0.506	-0.031	-0.018	0.855
18.653	0.348	-0.102	0.506	-7.09	-0.97	0.34	10.07	-31.24	0.32	46398	0.309	-0.106	0.506	-0.029	-0.018	0.855
18.664	0.352	-0.102	0.507	-7.01	-0.66	0.38	5.50	-36.29	0.57	46400	0.312	-0.105	0.506	-0.027	-0.018	0.855
18.674	0.355	-0.101	0.504	-6.99	-0.29	0.42	0.48	-39.52	-0.12	46417	0.315	-0.105	0.506	-0.025	-0.018	0.855
18.687	0.355	-0.102	0.504	-6.99	0.14	0.47	-3.88	-41.76	-0.18	46917	0.318	-0.105	0.505	-0.023	-0.018	0.855
18.695	0.362	-0.101	0.504	-7.04	0.52	0.52	-5.93	-42.66	-1.20	46927	0.321	-0.104	0.505	-0.021	-0.017	0.855
18.705	0.360	-0.101	0.504	-7.10	0.99	0.55	-5.92	-41.27	-1.35	46942	0.324	-0.104	0.505	-0.019	-0.017	0.855
18.712	0.367	-0.103	0.502	-7.15	1.36	0.60	-4.35	-38.08	-1.37	46945	0.328	-0.103	0.504	-0.017	-0.017	0.854
18.730	0.369	-0.103	0.502	-7.18	1.73	0.63	-1.70	-32.59	-1.72	47222	0.331	-0.103	0.504	-0.015	-0.017	0.854
18.737	0.372	-0.103	0.502	-7.18	2.04	0.65	2.44	-27.78	-2.17	47218	0.334	-0.102	0.503	-0.013	-0.017	0.854
18.746	0.376	-0.103	0.502	-7.13	2.28	0.67	7.81	-21.84	-2.07	47201	0.338	-0.102	0.503	-0.011	-0.017	0.854
18.756	0.375	-0.104	0.501	-7.02	2.51	0.66	13.05	-15.55	-2.42	47183	0.341	-0.101	0.503	-0.010	-0.017	0.854
18.767	0.380	-0.097	0.501	-6.93	2.64	0.64	16.75	-9.65	-2.74	47163	0.344	-0.100	0.502	-0.008	-0.017	0.854
18.777	0.379	-0.097	0.501	-6.75	2.75	0.61	21.24	-4.10	-2.91	47294	0.347	-0.099	0.502	-0.006	-0.017	0.854
18.785	0.381	-0.099	0.501	-6.50	2.79	0.59	23.43	0.74	-3.18	47288	0.350	-0.098	0.502	-0.005	-0.017	0.854
18.798	0.389	-0.092	0.500	-6.29	2.73	0.57	30.36	1.04	-2.53	47268	0.354	-0.096	0.502	-0.003	-0.017	0.854
18.806	0.393	-0.082	0.500	-6.05	2.72	0.53	36.08	-1.99	-2.71	47260	0.358	-0.093	0.502	-0.001	-0.016	0.853
18.816	0.392	-0.082	0.500	-5.64	2.79	0.49	46.50	-6.57	-2.29	47282	0.361	-0.090	0.501	0.001	-0.016	0.853
18.824	0.396	-0.080	0.500	-5.13	2.88	0.48	56.30	-12.84	-2.29	47254	0.364	-0.088	0.501	0.002	-0.016	0.853
18.836	0.398	-0.074	0.500	-4.57	3.04	0.46	66.31	-20.79	-2.28	47221	0.367	-0.085	0.501	0.004	-0.015	0.853
18.843	0.397	-0.075	0.500	-3.85	3.31	0.44	72.74	-28.92	-2.60	47190	0.370	-0.082	0.501	0.005	-0.015	0.853
18.855	0.400	-0.068	0.500	-3.14	3.62	0.43	79.16	-35.16	-2.54	47127	0.373	-0.079	0.501	0.006	-0.014	0.853
18.865	0.401	-0.068	0.500	-2.33	3.99	0.42	80.34	-38.22	-2.68	47099	0.376	-0.076	0.501	0.008	-0.014	0.853
18.875	0.402	-0.060	0.500	-1.58	4.39	0.39	78.79	-39.24	-2.56	47076	0.379	-0.072	0.501	0.009	-0.013	0.853
18.884	0.403	-0.057	0.500	-0.80	4.79	0.37	75.60	-38.20	-2.26	47063	0.382	-0.068	0.501	0.010	-0.013	0.853
18.895	0.405	-0.053	0.500	-0.08	5.16	0.35	68.33	-33.69	-1.79	47039	0.384	-0.065	0.501	0.011	-0.012	0.853
18.905	0.404	-0.053	0.500	0.61	5.50	0.32	62.53	-28.12	-2.39	46916	0.387	-0.061	0.501	0.012	-0.012	0.853
18.915	0.407	-0.047	0.500	1.18	5.76	0.29	53.21	-20.93	-2.59	46894	0.389	-0.058	0.501	0.013	-0.011	0.852
18.926	0.410	-0.047	0.500	1.70	5.93	0.27	44.52	-12.33	-2.74	46883	0.392	-0.055	0.501	0.014	-0.011	0.852
18.937	0.410	-0.051	0.500	2.17	6.03	0.23	35.94	-3.87	-3.00	46860	0.394	-0.052	0.501	0.014	-0.011	0.852
18.946	0.412	-0.044	0.500	2.46	6.04	0.20	28.02	4.89	-3.00	46946	0.397	-0.049	0.502	0.015	-0.010	0.852
18.955	0.413	-0.030	0.500	2.63	5.97	0.18	21.12	13.50	-2.81	46933	0.399	-0.045	0.502	0.016	-0.010	0.852
18.965	0.414	-0.026	0.500	2.81	5.82	0.16	15.54	18.38	-3.14	46920	0.402	-0.041	0.502	0.017	-0.009	0.852
18.976	0.417	-0.021	0.500	2.93	5.61	0.14	13.18	23.54	-2.72	46913	0.404	-0.037	0.502	0.017	-0.008	0.852
18.984	0.419	-0.017	0.500	3.03	5.36	0.13	10.57	25.56	-2.73	46905	0.406	-0.033	0.502	0.018	-0.007	0.852
18.994	0.421	-0.016	0.500	3.15	5.08	0.12	10.62	26.10	-2.78	46888	0.409	-0.029	0.502	0.018	-0.006	0.852
19.005	0.423	-0.013	0.500	3.26	4.81	0.11	11.91	26.52	-2.42	46876	0.411	-0.025	0.502	0.019	-0.006	0.851
19.017	0.425	-0.018	0.500	3.45	4.55	0.10	14.68	24.26	-2.54	46854	0.414	-0.023	0.502	0.020	-0.006	0.851
19.022	0.424	-0.010	0.500	3.55	4.33	0.09	17.20	21.11	-2.50	46825	0.416	-0.019	0.502	0.020	-0.005	0.851
19.038	0.425	-0.007	0.500	3.73	4.13	0.08	19.53	17.18	-2.78	46827	0.418	-0.016	0.502	0.020	-0.005	0.851
19.046	0.426	-0.004	0.500	3.92	3.96	0.06	20.78	13.89	-2.77	46813	0.420	-0.013	0.502	0.021	-0.004	0.851
19.054	0.427	-0.002	0.500	4.12	3.83	0.04	20.59	10.48	-2.63	46801	0.422	-0.010	0.502	0.021	-0.004	0.851
19.064	0.427	0.001	0.502	4.33	3.73	0.02	19.12	8.02	-2.75	46790	0.424	-0.007	0.503	0.021	-0.003	0.851
19.078	0.427	0.004	0.502	4.49	3.66	0.00	17.94	6.57	-2.82	46523	0.426	-0.005	0.503	0.021	-0.003	0.851
19.085	0.428	0.005	0.502	4.68	3.59	-0.02	15.42	6.19	-2.43	46502	0.427	-0.002	0.503	0.021	-0.003	0.851
19.096	0.429	0.006	0.502	4.82	3.52	-0.04	11.02	6.77	-2.90	46490	0.429	0.000	0.503	0.021	-0.002	0.850
19.106	0.429	0.008	0.503	4.92	3.45	-0.07	7.61	8.11	-2.56	46479	0.430	0.003	0.504	0.021	-0.002	0.850
19.113	0.430	0.010	0.503	4.98	3.36	-0.09	2.93	9.23	-2.75	46473	0.432	0.005	0.504	0.021	-0.002	0.850
19.124	0.431	0.012	0.503	4.99	3.25	-0.10	-0.97	11.13	-2.90	46510	0.433	0.007	0.504	0.021	-0.002	0.850
19.134	0.432	0.016	0.503	4.95	3.12	-0.12	-5.42	13.93	-2.97	46504	0.434	0.009	0.504	0.021	-0.001	0.850
19.144	0.431	0.016	0.503	4.89	2.98	-0.13	-7.68	16.50	-2.64	46507	0.436	0.011	0.504	0.021	-0.001	0.850
19.155	0.431	0.018	0.504	4.80	2.80	-0.15	-11.44	18.72	-2.91	46514	0.437	0.013	0.505	0.020	-0.001	0.850
19.165	0.430	0.019	0.504	4.68	2.62	-0.16	-13.06	19.55	-2.77	46369	0.438	0.014	0.505	0.020	-0.000	0.850
19.175	0.430	0.020	0.504	4.55	2.42	-0.17	-13.31	21.53	-2.74	46368	0.438	0.016	0.505	0.020	-0.000	0.850
19.185	0.430	0.021	0.504	4.42	2.20	-0.18	-14.48	21.96	-3.11	46376	0.439	0.017	0.505	0.019	-0.000	0.850
19.195	0.432	0.024	0.505	4.26	1.96	-0.19	-14.78	22.52	-2.85	46370	0.440	0.019	0.505	0.019	0.000	0.850
19.203	0.432	0.025	0.505	4.11	1.73	-0.21	-15.25	22.07	-2.83	46356	0.440	0.020	0.506	0.018	0.000	0.850
19.216	0.432	0.026	0.505	3.96	1.51	-0.22	-14.65	21.65	-2.91	46309	0.441	0.022	0.506	0.018	0.001	0.850
19.223	0.429	0.027	0.505	3.81	1.32	-0.23	-14.38	20.40	-2.48	46305	0.441	0.023	0.506	0.017	0.001	0.850
19.233	0.430	0.028	0.505	3.66	1.11	-0.24	-13.96	19.38	-2.61	46306	0.441	0.024	0.506	0.017	0.001	0.849
19.247	0.430	0.029	0.505	3.53	0.92	-0.26	-13.26	17.40	-2.95	46306	0.442	0.025	0.506	0.016	0.001	0.849
19.252	0.426	0.030	0.505	3.39	0.77	-0.28	-12.44	14.81	-3.12	46390	0.442	0.026	0.506	0.015	0.001	0.849
19.262	0.428	0.033	0.505	3.25	0.61	-0.30	-11.01	13.13	-2.95	46378	0.442	0.027	0.506	0.015	0.002	0.849
19.275	0.427	0.033	0.505	3.15	0.49	-0.32	-10.13	11.19	-3.25	46368	0.441	0.029	0.507	0.014	0.002	0.849
19.285	0.426	0.034	0.504	3.06	0.38	-0.35	-8.10	9.14	-2.74	46370	0.441	0.029	0.506	0.013	0.002	0.849
19.293	0.426	0.034	0.504	2.97	0.29	-0.37	-8.92	8.80	-2.44	46641	0.441	0.030	0.506	0.012	0.002	0.849
19.306	0.427	0.034	0.504	2.89	0.19	-0.39	-10.08	9.67	-2.77	46656	0.441	0.031	0.506	0.012	0.002	0.849
19.315	0.427	0.036	0.504	2.77	0.09	-0.41	-9.85	9.02	-2.51	46666	0.441	0.032	0.506	0.011	0.003	0.849
19.325	0.425	0.030	0.504	2.73	0.02	-0.44	-10.38	7.67	-2.38	46680	0.440	0.032	0.506	0.010	0.003	0.848
19.331	0.427	0.030	0.503	2.62	-0.08	-0.46	-12.43	6.98	-2.49	46701	0.440	0.032	0.506	0.010	0.002	0.848
19.346	0.428	0.027	0.503	2.52	-0.16	-0.49	-14.41	6.83	-2.30	46886	0.440	0.031	0.506	0.009	0.002	0.848
19.351	0.429	0.027	0.503	2.37	-0.24	-0.52	-14.99	6.20	-2.35	46901	0.441	0.031	0.506	0.008	0.002	0.848
19.361	0.428	0.031	0.503	2.19	-0.30	-0.53	-15.79	7.19	-2.51	46911	0.441	0.031	0.505	0.008	0.002	0.848
19.371	0.431	0.032	0.503	2.02	-0.40	-0.55	-15.41	6.43	-2.27	46919	0.441	0.031	0.505	0.007	0.002	0.848
19.387	0.432	0.036	0.503	1.82	-0.47	-0.57	-16.28	5.48	-2.02	46950	0.441	0.032	0.505	0.007	0.002	0.847
19.392	0.423	0.032	0.503	1.69	-0.45	-0.58	-16.88	4.16	-1.51	46954	0.440	0.032	0.505	0.006	0.002	0.847
19.403	0.423	0.032	0.503	1.52	-0.48	-0.60	-16.63	3.14	-1.98	46957	0.440	0.032	0.505	0.005	0.002	0.847
19.413	0.423	0.039	0.503	1.30	-0.52	-0.61	-16.13	2.74	-2.00	46956	0.439	0.032	0.505	0.004	0.003	0.847
19.424	0.422	0.030	0.503	1.22	-0.54	-0.64	-13.58	0.81	-1.91	46945	0.438	0.032	0.505	0.003	0.003	0.847
19.429	0.422	0.020	0.503	1.17	-0.56	-0.68	-12.19	1.20	-2.24	46941	0.438	0.030	0.505	0.003	0.002	0.847
19.446	0.422	0.020	0.503	1.06	-0.56	-0.70	-10.64	0.05	-1.94	46941	0.437	0.029	0.505	0.002	0.002	0.846
19.452	0.421	0.019	0.503	0.96	-0.56	-0.72	-8.51	-0.36	-1.56	46947	0.436	0.028	0.505	0.001	0.001	0.846
19.464	0.421	0.019	0.503	0.87	-0.56	-0.73	-10.01	-0.21	-1.81	46940	0.436	0.026	0.505	0.000	0.001	0.846
19.473	0.421	0.024	0.503	0.72	-0.56	-0.75	-9.73	0.26	-1.93	46840	0.435	0.026	0.505	-0.001	0.001	0.846
19.485	0.422	0.005	0.503	0.78	-0.58	-0.79	-11.64	0.04	-1.76	46838	0.435	0.023	0.505	-0.001	-0.000	0.846
19.495	0.422	0.004	0.503	0.65	-0.58	-0.80	-13.10	2.03	-1.52	46846	0.434	0.020	0.505	-0.002	-0.001	0.846
19.502	0.422	0.007	0.503	0.49	-0.61	-0.81	-13.49	2.24	-1.26	46839	0.434	0.018	0.505	-0.002	-0.002	0.845
19.515	0.424	0.013	0.503	0.30	-0.65	-0.82	-15.76	2.12	-1.43	46926	0.434	0.017	0.505	-0.003	-0.002	0.845
19.523	0.424	-0.009	0.503	0.32	-0.67	-0.86	-17.12	2.41	-1.41	46916	0.434	0.014	0.505	-0.003	-0.003	0.845
19.534	0.424	-0.010	0.503	0.14	-0.70	-0.87	-17.19	2.77	-1.89	46914	0.434	0.010	0.505	-0.004	-0.004	0.845
19.544	0.424	-0.007	0.503	-0.06	-0.73	-0.89	-16.81	0.71	-1.44	46907	0.433	0.008	0.505	-0.004	-0.005	0.845
19.555	0.423	-0.004	0.503	-0.27	-0.72	-0.90	-16.83	-0.29	-1.68	46907	0.433	0.006	0.505	-0.005	-0.005	0.844
19.562	0.422	-0.023	0.503	-0.28	-0.71	-0.93	-18.31	-1.66	-1.92	46883	0.433	0.002	0.505	-0.005	-0.007	0.844
19.575	0.422	-0.020	0.503	-0.50	-0.70	-0.94	-18.03	-1.98	-1.72	46884	0.432	-0.001	0.505	-0.006	-0.008	0.844
19.584	0.423	-0.018	0.503	-0.71	-0.68	-0.96	-17.20	-3.54	-0.84	46876	0.432	-0.004	0.506	-0.006	-0.008	0.844
19.594	0.424	-0.024	0.503	-0.84	-0.66	-0.98	-18.13	-3.83	-1.33	46866	0.432	-0.007	0.506	-0.007	-0.009	0.844
19.603	0.424	-0.025	0.503	-1.02	-0.62	-0.99	-17.50	-4.01	-1.18	46776	0.432	-0.010	0.506	-0.007	-0.010	0.843
19.614	0.424	-0.030	0.503	-1.16	-0.58	-1.00	-16.13	-4.34	-1.03	46771	0.432	-0.013	0.506	-0.008	-0.011	0.843
19.621	0.425	-0.028	0.503	-1.34	-0.54	-1.01	-15.60	-4.36	-0.89	46762	0.432	-0.015	0.506	-0.008	-0.012	0.843
19.634	0.425	-0.025	0.503	-1.52	-0.49	-1.01	-13.49	-4.54	-1.11	46743	0.432	-0.017	0.506	-0.008	-0.012	0.843
19.645	0.426	-0.022	0.505	-1.69	-0.45	-1.02	-12.34	-3.59	-0.83	46715	0.432	-0.018	0.506	-0.009	-0.012	0.843
19.656	0.425	-0.020	0.505	-1.84	-0.41	-1.03	-10.74	-4.20	-1.01	46436	0.432	-0.019	0.507	-0.009	-0.012	0.843
19.663	0.426	-0.019	0.505	-1.95	-0.37	-1.04	-9.30	-3.61	-1.02	46418	0.432	-0.019	0.507	-0.009	-0.012	0.842
19.674	0.426	-0.015	0.505	-2.07	-0.33	-1.05	-6.90	-3.87	-1.25	46396	0.432	-0.019	0.507	-0.010	-0.012	0.842
19.684	0.426	-0.026	0.505	-2.05	-0.30	-1.06	-4.52	-3.31	-1.38	46368	0.432	-0.021	0.507	-0.010	-0.012	0.842
19.695	0.426	-0.026	0.505	-2.09	-0.26	-1.07	-2.14	-3.41	-0.78	46445	0.432	-0.022	0.508	-0.010	-0.012	0.842
19.701	0.427	-0.026	0.505	-2.12	-0.23	-1.08	0.12	-2.49	-0.56	46429	0.432	-0.023	0.508	-0.011	-0.013	0.842
19.713	0.427	-0.027	0.505	-2.11	-0.21	-1.09	1.21	-2.23	-0.86	46421	0.433	-0.024	0.508	-0.011	-0.013	0.842
19.721	0.428	-0.027	0.504	-2.10	-0.19	-1.10	2.71	-2.13	-0.46	46420	0.433	-0.025	0.508	-0.011	-0.013	0.841
19.734	0.431	-0.028	0.505	-2.07	-0.19	-1.10	4.01	-1.62	-0.55	46407	0.433	-0.025	0.508	-0.011	-0.013	0.841
19.742	0.430	-0.029	0.505	-2.01	-0.16	-1.11	5.18	-2.85	-0.46	46572	0.434	-0.026	0.508	-0.011	-0.013	0.841
19.752	0.431	-0.030	0.505	-1.96	-0.14	-1.11	6.22	-2.96	-0.25	46565	0.434	-0.027	0.508	-0.012	-0.013	0.841
19.765	0.431	-0.032	0.505	-1.88	-0.10	-1.11	6.45	-3.89	-0.19	46556	0.434	-0.028	0.508	-0.012	-0.014	0.840
19.773	0.430	-0.034	0.506	-1.80	-0.06	-1.11	6.51	-4.10	-0.30	46553	0.435	-0.029	0.508	-0.012	-0.014	0.840
19.783	0.431	-0.035	0.506	-1.73	-0.02	-1.11	5.97	-4.41	0.08	46318	0.435	-0.030	0.508	-0.012	-0.014	0.840
19.794	0.432	-0.037	0.506	-1.66	0.02	-1.11	5.90	-4.43	0.55	46310	0.435	-0.031	0.508	-0.012	-0.014	0.840
19.806	0.431	-0.034	0.507	-1.63	0.08	-1.10	4.56	-5.21	0.68	46304	0.435	-0.032	0.508	-0.013	-0.014	0.840
19.814	0.432	-0.027	0.507	-1.65	0.12	-1.09	3.57	-5.36	0.64	46306	0.436	-0.031	0.509	-0.013	-0.014	0.840
19.824	0.432	-0.016	0.507	-1.70	0.18	-1.08	3.25	-4.98	0.67	46220	0.436	-0.030	0.509	-0.013	-0.014	0.840
19.834	0.432	-0.016	0.508	-1.67	0.23	-1.07	3.40	-5.24	0.59	46230	0.436	-0.028	0.509	-0.013	-0.013	0.840
19.844	0.432	-0.016	0.508	-1.64	0.29	-1.06	4.30	-5.32	0.16	46228	0.436	-0.027	0.509	-0.013	-0.012	0.839
19.858	0.431	-0.018	0.508	-1.58	0.35	-1.06	5.26	-5.10	0.12	46224	0.436	-0.026	0.509	-0.014	-0.012	0.839
19.865	0.432	-0.021	0.508	-1.50	0.39	-1.06	7.04	-5.89	0.84	46224	0.437	-0.025	0.509	-0.014	-0.012	0.839
19.873	0.435	-0.016	0.508	-1.46	0.42	-1.05	8.79	-4.69	0.41	46278	0.437	-0.024	0.510	-0.014	-0.011	0.839
19.883	0.437	-0.008	0.508	-1.43	0.45	-1.05	10.14	-3.96	0.53	46287	0.438	-0.022	0.510	-0.014	-0.011	0.839
19.891	0.437	-0.007	0.508	-1.33	0.49	-1.04	11.39	-3.44	0.20	46302	0.438	-0.020	0.510	-0.014	-0.010	0.839
19.905	0.437	-0.007	0.508	-1.21	0.52	-1.04	13.04	-1.83	0.08	46298	0.439	-0.018	0.510	-0.014	-0.009	0.839
19.914	0.437	-0.011	0.508	-1.03	0.54	-1.04	14.99	-1.08	-0.16	46360	0.439	-0.017	0.510	-0.014	-0.009	0.838
19.924	0.438	-0.013	0.508	-0.86	0.54	-1.04	16.32	-0.12	0.31	46362	0.440	-0.017	0.510	-0.014	-0.009	0.838
19.933	0.441	-0.015	0.508	-0.68	0.52	-1.04	16.59	-0.77	0.07	46378	0.441	-0.016	0.510	-0.014	-0.009	0.838
19.944	0.441	-0.006	0.507	-0.57	0.53	-1.04	17.34	0.39	0.23	46399	0.441	-0.015	0.510	-0.014	-0.008	0.838
19.953	0.441	-0.006	0.507	-0.40	0.52	-1.04	16.48	0.89	0.11	46429	0.442	-0.014	0.510	-0.015	-0.008	0.838
19.964	0.442	-0.006	0.507	-0.23	0.51	-1.03	15.16	0.69	-0.14	46596	0.443	-0.012	0.509	-0.015	-0.008	0.838
19.975	0.443	0.006	0.507	-0.19	0.50	-1.03	12.86	0.40	0.19	46605	0.444	-0.010	0.509	-0.015	-0.007	0.837
19.984	0.444	0.005	0.507	-0.04	0.49	-1.03	11.18	0.30	0.28	46624	0.444	-0.008	0.509	-0.015	-0.006	0.837
19.995	0.444	0.005	0.507	0.06	0.48	-1.03	8.89	0.02	0.27	46643	0.445	-0.006	0.509	-0.015	-0.006	0.837
20.005	0.443	0.002	0.507	0.17	0.49	-1.03	7.84	-0.21	0.39	46740	0.445	-0.005	0.509	-0.015	-0.005	0.837
20.016	0.443	0.014	0.507	0.16	0.50	-1.02	6.84	-1.63	0.65	46761	0.446	-0.002	0.509	-0.015	-0.005	0.837
20.023	0.444	0.018	0.506	0.20	0.51	-1.01	6.32	-1.67	0.76	46782	0.446	0.001	0.509	-0.015	-0.004	0.837
20.034	0.444	0.016	0.507	0.28	0.53	-1.01	6.75	-1.64	0.51	46801	0.447	0.003	0.509	-0.015	-0.003	0.836
20.042	0.444	0.016	0.507	0.35	0.55	-1.00	6.46	-1.42	0.93	46627	0.447	0.005	0.509	-0.015	-0.002	0.836
20.055	0.446	0.015	0.507	0.43	0.55	-0.99	8.13	-2.32	0.89	46643	0.448	0.006	0.509	-0.016	-0.002	0.836
20.063	0.447	0.014	0.507	0.53	0.56	-0.98	9.09	-2.34	0.80	46651	0.448	0.008	0.509	-0.016	-0.002	0.836
20.075	0.444	0.008	0.507	0.68	0.60	-0.98	10.05	-1.45	0.64	46647	0.449	0.008	0.509	-0.016	-0.002	0.836
20.085	0.445	0.007	0.506	0.80	0.61	-0.97	11.31	-1.16	0.76	46635	0.449	0.008	0.509	-0.016	-0.002	0.836
20.095	0.448	0.024	0.506	0.78	0.61	-0.96	11.59	-1.28	0.49	46801	0.450	0.011	0.509	-0.016	-0.001	0.836
20.105	0.448	0.025	0.506	0.89	0.62	-0.95	10.55	-1.52	0.76	46818	0.450	0.013	0.509	-0.016	-0.000	0.835
20.115	0.449	0.024	0.506	1.01	0.62	-0.95	9.32	-0.45	0.86	46836	0.451	0.015	0.509	-0.016	0.000	0.835
20.125	0.451	0.032	0.508	1.04	0.62	-0.93	7.88	-0.28	0.87	46847	0.452	0.017	0.509	-0.016	0.001	0.835
20.135	0.449	0.036	0.508	1.08	0.63	-0.93	6.70	0.74	0.59	46580	0.452	0.020	0.509	-0.016	0.002	0.835
20.145	0.451	0.035	0.507	1.16	0.61	-0.92	5.02	0.99	0.14	46583	0.453	0.022	0.509	-0.017	0.002	0.835
20.154	0.451	0.036	0.507	1.21	0.60	-0.92	5.44	0.69	0.25	46592	0.453	0.024	0.509	-0.017	0.003	0.835
20.166	0.451	0.037	0.507	1.26	0.58	-0.92	5.15	2.25	0.69	46604	0.454	0.026	0.509	-0.017	0.003	0.835
20.175	0.451	0.038	0.507	1.31	0.56	-0.91	4.45	2.16	0.01	46606	0.454	0.028	0.509	-0.017	0.004	0.834
20.182	0.454	0.034	0.507	1.38	0.52	-0.91	3.96	2.75	0.66	46646	0.455	0.029	0.509	-0.017	0.004	0.834
20.195	0.453	0.034	0.507	1.43	0.51	-0.91	3.07	1.80	0.61	46641	0.456	0.030	0.509	-0.017	0.004	0.834
20.203	0.453	0.031	0.507	1.49	0.49	-0.90	2.45	2.02	1.09	46632	0.456	0.030	0.509	-0.017	0.004	0.834
20.215	0.455	0.033	0.504	1.49	0.46	-0.89	2.33	2.30	0.91	46639	0.457	0.031	0.509	-0.017	0.005	0.834
20.225	0.454	0.029	0.504	1.55	0.45	-0.88	0.73	1.52	0.25	47156	0.457	0.031	0.508	-0.018	0.004	0.833
20.234	0.454	0.029	0.504	1.56	0.43	-0.88	1.39	1.31	0.55	47162	0.457	0.031	0.508	-0.018	0.004	0.833
20.241	0.455	0.029	0.504	1.57	0.42	-0.87	-0.26	-0.04	0.43	47172	0.458	0.031	0.508	-0.018	0.004	0.833
20.255	0.455	0.039	0.503	1.49	0.42	-0.87	-1.94	0.83	0.25	47185	0.458	0.032	0.507	-0.018	0.004	0.832
20.269	0.456	0.029	0.503	1.55	0.40	-0.87	-2.37	0.18	0.50	47303	0.459	0.032	0.507	-0.018	0.004	0.832
20.273	0.457	0.030	0.503	1.52	0.40	-0.86	-3.00	-0.48	0.48	47312	0.459	0.032	0.507	-0.018	0.004	0.832
20.282	0.458	0.030	0.502	1.49	0.40	-0.86	-3.24	-0.62	0.58	47334	0.460	0.032	0.506	-0.018	0.004	0.831
20.295	0.458	0.030	0.502	1.45	0.40	-0.85	-3.94	-1.22	0.51	47349	0.461	0.032	0.506	-0.019	0.004	0.831
20.302	0.458	0.030	0.503	1.41	0.42	-0.85	-4.16	-1.63	0.79	47354	0.461	0.032	0.506	-0.019	0.004	0.831
20.316	0.458	0.031	0.503	1.36	0.43	-0.84	-4.91	-0.68	0.37	47219	0.461	0.032	0.506	-0.019	0.004	0.831
20.325	0.461	0.032	0.502	1.30	0.42	-0.84	-5.09	-1.41	0.53	47211	0.462	0.032	0.506	-0.019	0.004	0.830
20.333	0.461	0.036	0.502	1.22	0.43	-0.83	-5.84	-0.37	0.76	47209	0.463	0.033	0.506	-0.019	0.004	0.830
20.344	0.461	0.036	0.502	1.16	0.44	-0.83	-6.73	-0.84	0.72	47207	0.463	0.033	0.506	-0.019	0.004	0.830
20.355	0.461	0.036	0.501	1.10	0.45	-0.82	-6.68	-0.53	0.31	47290	0.464	0.034	0.506	-0.019	0.004	0.829
20.361	0.461	0.037	0.501	1.03	0.45	-0.82	-5.55	-0.27	-0.07	47276	0.464	0.034	0.505	-0.019	0.004	0.829
20.374	0.464	0.037	0.501	0.97	0.44	-0.82	-5.51	-0.62	0.21	47262	0.465	0.034	0.505	-0.019	0.005	0.829
20.384	0.464	0.039	0.501	0.91	0.45	-0.82	-4.20	-1.23	0.02	47250	0.466	0.035	0.505	-0.020	0.005	0.828
20.394	0.464	0.039	0.501	0.87	0.45	-0.82	-3.96	-0.30	-0.18	47238	0.466	0.036	0.505	-0.020	0.005	0.828
20.403	0.464	0.041	0.501	0.82	0.46	-0.82	-3.35	-0.45	-0.21	47157	0.467	0.036	0.505	-0.020	0.005	0.828
20.413	0.464	0.040	0.501	0.80	0.46	-0.82	-3.06	0.15	-0.34	47144	0.467	0.037	0.505	-0.020	0.005	0.828
20.423	0.462	0.040	0.501	0.77	0.47	-0.82	-3.24	0.58	-0.38	47128	0.467	0.037	0.505	-0.020	0.006	0.827
20.434	0.470	0.041	0.501	0.74	0.41	-0.83	-3.01	0.74	0.07	47111	0.468	0.038	0.505	-0.020	0.006	0.827
20.443	0.470	0.041	0.500	0.72	0.40	-0.83	-1.72	0.86	0.15	47162	0.469	0.038	0.505	-0.020	0.006	0.826
20.454	0.471	0.041	0.500	0.70	0.38	-0.82	-2.09	0.71	0.35	47142	0.471	0.038	0.505	-0.020	0.006	0.826
20.462	0.472	0.041	0.500	0.67	0.37	-0.82	-2.66	1.15	-0.03	47129	0.471	0.039	0.505	-0.020	0.006	0.826
20.470	0.472	0.041	0.501	0.65	0.35	-0.83	-3.92	1.22	-0.54	47108	0.472	0.039	0.505	-0.020	0.006	0.825
20.484	0.472	0.041	0.501	0.60	0.34	-0.83	-4.55	0.31	-0.70	46954	0.473	0.039	0.505	-0.020	0.006	0.825
20.493	0.472	0.043	0.501	0.55	0.35	-0.84	-4.06	-0.76	0.18	44830	0.474	0.040	0.505	-0.020	0.006	0.825
20.504	0.472	0.043	0.501	0.50	0.35	-0.83	-4.77	-0.82	0.21	44797	0.474	0.040	0.505	-0.020	0.007	0.825
20.514	0.472	0.043	0.501	0.45	0.36	-0.83	-4.98	-0.04	0.36	44768	0.475	0.040	0.505	-0.021	0.007	0.824
20.523	0.474	0.047	0.503	0.37	0.35	-0.83	-5.04	-0.40	0.59	44749	0.476	0.041	0.505	-0.021	0.007	0.824
20.534	0.473	0.046	0.503	0.33	0.35	-0.82	-5.46	-0.56	0.87	44454	0.476	0.042	0.505	-0.021	0.007	0.824
20.543	0.472	0.048	0.503	0.26	0.37	-0.81	-4.93	-1.01	1.09	44429	0.476	0.043	0.505	-0.021	0.008	0.824
20.554	0.474	0.038	0.503	0.29	0.36	-0.81	-3.69	-1.47	1.15	44412	0.477	0.042	0.505	-0.021	0.007	0.823
20.562	0.475	0.038	0.503	0.26	0.37	-0.80	-2.39	-1.12	0.48	44422	0.477	0.041	0.505	-0.021	0.007	0.823
20.577	0.476	0.035	0.503	0.27	0.37	-0.80	-1.37	-0.99	0.26	44432	0.478	0.041	0.505	-0.021	0.007	0.823
20.580	0.476	0.036	0.503	0.25	0.38	-0.79	0.37	-1.51	0.75	44453	0.479	0.040	0.505	-0.022	0.007	0.823
20.593	0.479	0.035	0.503	0.26	0.38	-0.78	0.73	-1.39	1.53	44475	0.479	0.039	0.505	-0.022	0.007	0.823
20.604	0.478	0.032	0.504	0.29	0.39	-0.77	0.40	0.20	0.58	44502	0.480	0.038	0.505	-0.022	0.006	0.823
20.613	0.478	0.033	0.504	0.28	0.39	-0.76	0.81	-0.21	1.01	44542	0.481	0.038	0.505	-0.022	0.006	0.823
20.621	0.478	0.032	0.504	0.30	0.39	-0.75	0.29	-0.06	1.98	44456	0.481	0.037	0.504	-0.022	0.006	0.823
20.634	0.481	0.033	0.504	0.28	0.37	-0.73	-1.62	-0.80	0.92	44506	0.482	0.036	0.504	-0.022	0.006	0.823
20.644	0.481	0.033	0.504	0.27	0.38	-0.73	-2.74	-1.32	0.76	44547	0.483	0.036	0.504	-0.022	0.005	0.823
20.653	0.481	0.029	0.504	0.26	0.40	-0.72	-3.73	-2.10	1.57	44604	0.483	0.035	0.504	-0.022	0.005	0.823
20.664	0.481	0.029	0.504	0.22	0.43	-0.70	-5.09	-3.51	1.97	44594	0.484	0.034	0.503	-0.022	0.005	0.823
20.673	0.484	0.030	0.504	0.16	0.44	-0.69	-6.16	-3.85	1.81	44658	0.485	0.033	0.503	-0.022	0.005	0.823
20.684	0.482	0.031	0.504	0.08	0.50	-0.67	-6.61	-3.48	1.36	44710	0.485	0.033	0.503	-0.023	0.005	0.823
20.695	0.479	0.032	0.503	0.00	0.56	-0.65	-7.88	-4.73	2.13	44774	0.485	0.033	0.502	-0.023	0.005	0.823
20.699	0.480	0.032	0.502	-0.07	0.60	-0.63	-7.43	-4.47	2.04	42894	0.485	0.032	0.502	-0.023	0.005	0.823
20.715	0.477	0.033	0.502	-0.16	0.66	-0.61	-6.28	-4.16	1.68	42959	0.485	0.032	0.501	-0.024	0.005	0.823
20.723	0.482	0.034	0.502	-0.23	0.67	-0.60	-6.42	-3.68	1.24	43012	0.486	0.032	0.500	-0.024	0.005	0.823
20.731	0.481	0.036	0.501	-0.30	0.70	-0.58	-4.54	-1.48	1.02	43074	0.486	0.033	0.500	-0.024	0.005	0.823
20.745	0.483	0.038	0.500	-0.36	0.71	-0.57	-2.98	-1.10	1.03	43155	0.486	0.033	0.499	-0.024	0.005	0.823
20.754	0.486	0.038	0.500	-0.38	0.69	-0.57	0.44	1.30	0.56	43336	0.487	0.034	0.498	-0.024	0.005	0.824
20.763	0.483	0.037	0.499	-0.37	0.70	-0.56	1.95	2.10	0.58	43422	0.487	0.034	0.497	-0.024	0.005	0.824
20.773	0.489	0.035	0.499	-0.33	0.62	-0.56	4.22	3.34	0.82	43510	0.488	0.034	0.496	-0.024	0.006	0.824
20.786	0.490	0.035	0.498	-0.29	0.58	-0.55	5.01	3.93	0.71	43623	0.489	0.034	0.495	-0.024	0.006	0.824
20.794	0.490	0.035	0.497	-0.24	0.54	-0.54	5.36	5.20	0.70	43795	0.490	0.034	0.494	-0.024	0.006	0.824
20.805	0.490	0.033	0.497	-0.17	0.49	-0.54	5.15	4.56	0.87	43914	0.491	0.034	0.493	-0.024	0.006	0.825
20.815	0.490	0.033	0.496	-0.11	0.45	-0.53	5.17	4.04	0.55	44053	0.492	0.034	0.492	-0.025	0.006	0.825
20.824	0.491	0.033	0.497	-0.06	0.42	-0.52	5.06	2.93	0.45	44181	0.492	0.034	0.491	-0.025	0.006	0.826
20.834	0.491	0.033	0.496	-0.01	0.40	-0.52	4.51	1.01	0.20	44293	0.493	0.033	0.490	-0.025	0.006	0.826
20.844	0.491	0.033	0.495	0.02	0.39	-0.52	3.65	-0.07	0.30	44129	0.494	0.033	0.489	-0.025	0.006	0.826
20.854	0.491	0.033	0.494	0.05	0.39	-0.52	0.93	-1.91	0.02	44266	0.494	0.033	0.488	-0.025	0.006	0.827
20.863	0.491	0.033	0.493	0.05	0.41	-0.52	-0.87	-2.27	0.12	44396	0.495	0.033	0.487	-0.025	0.006	0.827
20.873	0.492	0.033	0.491	0.04	0.43	-0.52	-0.70	-2.19	0.30	44520	0.495	0.033	0.486	-0.025	0.005	0.828
20.883	0.492	0.035	0.490	0.01	0.45	-0.51	-4.11	-2.36	0.24	44976	0.496	0.033	0.484	-0.026	0.006	0.828
20.894	0.492	0.035	0.489	-0.03	0.47	-0.51	-4.04	-2.34	-0.02	45118	0.496	0.033	0.483	-0.026	0.006	0.829
20.903	0.494	0.036	0.487	-0.08	0.48	-0.51	-5.71	-1.66	0.06	45244	0.496	0.033	0.481	-0.026	0.006	0.829
20.913	0.497	0.037	0.485	-0.14	0.48	-0.51	-6.55	-1.67	-0.27	43296	0.497	0.034	0.480	-0.026	0.006	0.830
20.924	0.495	0.036	0.484	-0.20	0.50	-0.51	-3.69	-0.63	0.03	43581	0.498	0.034	0.478	-0.026	0.006	0.830
20.934	0.495	0.031	0.483	-0.21	0.51	-0.52	-5.06	-0.61	0.13	43708	0.498	0.033	0.477	-0.026	0.006	0.830
20.944	0.497	0.035	0.482	-0.29	0.50	-0.51	-4.50	0.68	0.07	43832	0.499	0.034	0.475	-0.026	0.006	0.831
20.955	0.497	0.031	0.479	-0.29	0.49	-0.51	-2.93	0.97	0.02	43958	0.499	0.033	0.473	-0.027	0.006	0.831
20.960	0.497	0.031	0.478	-0.32	0.48	-0.51	-1.62	0.38	0.51	44101	0.500	0.033	0.472	-0.027	0.006	0.832
20.972	0.498	0.031	0.476	-0.34	0.47	-0.51	-0.18	0.61	0.34	44408	0.501	0.032	0.470	-0.027	0.006	0.832
20.987	0.495	0.031	0.475	-0.33	0.48	-0.50	1.06	0.98	0.53	44561	0.501	0.032	0.468	-0.027	0.006	0.833
20.992	0.497	0.032	0.473	-0.33	0.46	-0.50	2.16	0.71	0.96	44701	0.501	0.032	0.466	-0.027	0.006	0.833
21.002	0.497	0.030	0.472	-0.30	0.45	-0.49	2.53	0.58	0.84	44857	0.501	0.032	0.464	-0.028	0.006	0.834
21.012	0.495	0.029	0.470	-0.26	0.46	-0.48	4.31	0.96	1.01	45045	0.501	0.031	0.463	-0.028	0.005	0.834
21.024	0.495	0.029	0.468	-0.23	0.45	-0.47	2.43	0.23	0.57	45199	0.502	0.031	0.461	-0.028	0.005	0.835
21.034	0.497	0.034	0.467	-0.24	0.44	-0.46	1.26	-0.28	0.80	45359	0.502	0.032	0.459	-0.028	0.005	0.836
21.039	0.495	0.029	0.466	-0.19	0.45	-0.45	0.90	-0.67	0.93	45522	0.502	0.031	0.457	-0.029	0.005	0.836
21.055	0.497	0.029	0.464	-0.18	0.44	-0.44	0.30	0.15	0.98	45682	0.502	0.031	0.456	-0.029	0.005	0.837
21.061	0.495	0.029	0.463	-0.18	0.45	-0.43	-0.63	0.22	0.36	45591	0.502	0.031	0.454	-0.029	0.005	0.838
21.073	0.497	0.029	0.461	-0.19	0.43	-0.43	-0.23	0.57	0.18	45739	0.502	0.030	0.452	-0.030	0.005	0.838
21.086	0.496	0.028	0.459	-0.19	0.44	-0.43	-0.74	0.35	-0.01	45895	0.502	0.030	0.450	-0.030	0.005	0.839
21.094	0.496	0.028	0.457	-0.20	0.44	-0.43	-1.38	0.87	-0.15	46053	0.502	0.030	0.449	-0.030	0.005	0.840
21.102	0.497	0.033	0.455	-0.24	0.42	-0.43	-1.23	-0.32	0.47	46207	0.502	0.030	0.447	-0.030	0.005	0.840
21.112	0.497	0.038	0.453	-0.29	0.41	-0.43	-0.68	0.76	0.35	46347	0.502	0.031	0.445	-0.031	0.005	0.841
21.124	0.497	0.038	0.452	-0.29	0.40	-0.42	-0.78	0.96	0.59	46496	0.503	0.032	0.443	-0.031	0.006	0.842
21.136	0.498	0.033	0.452	-0.27	0.39	-0.42	-0.66	2.14	-0.71	44465	0.503	0.032	0.442	-0.031	0.006	0.842
21.161	0.495	0.044	0.450	-0.34	0.39	-0.42	1.40	1.28	0.61	44181	0.502	0.033	0.440	-0.032	0.006	0.843
21.167	0.498	0.039	0.448	-0.29	0.34	-0.42	2.15	1.67	-0.52	44283	0.503	0.034	0.439	-0.032	0.007	0.844
21.176	0.496	0.038	0.446	-0.26	0.35	-0.43	3.61	2.34	-0.52	44391	0.503	0.035	0.437	-0.032	0.007	0.844
21.180	0.496	0.042	0.444	-0.24	0.32	-0.43	5.15	1.56	-0.93	44509	0.502	0.036	0.435	-0.033	0.007	0.845
21.188	0.496	0.033	0.442	-0.13	0.30	-0.44	6.09	1.84	-0.50	44627	0.502	0.035	0.433	-0.033	0.007	0.846
21.193	0.493	0.039	0.440	-0.10	0.31	-0.44	6.83	2.20	-0.36	44844	0.502	0.036	0.431	-0.033	0.007	0.847
21.203	0.494	0.039	0.438	-0.03	0.28	-0.45	6.41	2.32	-0.53	44983	0.502	0.036	0.429	-0.034	0.007	0.847
21.210	0.500	0.032	0.436	0.08	0.22	-0.45	5.52	1.72	-0.25	45138	0.502	0.036	0.427	-0.034	0.007	0.848
21.225	0.499	0.030	0.433	0.15	0.21	-0.45	5.32	1.84	-0.28	45285	0.502	0.035	0.425	-0.034	0.007	0.849
21.231	0.490	0.039	0.431	0.14	0.25	-0.45	4.35	2.81	-0.97	45636	0.502	0.036	0.422	-0.035	0.007	0.849
21.243	0.492	0.038	0.429	0.19	0.21	-0.46	3.44	1.32	-0.62	45793	0.501	0.036	0.420	-0.035	0.007	0.850
21.252	0.497	0.039	0.426	0.21	0.17	-0.47	1.51	1.02	-1.12	45963	0.501	0.036	0.418	-0.035	0.007	0.850
21.262	0.497	0.039	0.424	0.22	0.15	-0.48	-0.46	1.53	-1.76	46119	0.501	0.037	0.416	-0.035	0.007	0.851
21.273	0.497	0.040	0.422	0.22	0.13	-0.50	-1.05	1.41	-1.28	46275	0.501	0.037	0.413	-0.036	0.007	0.852
21.283	0.497	0.038	0.420	0.21	0.12	-0.51	-2.06	0.99	-0.35	46456	0.501	0.037	0.411	-0.036	0.007	0.852
21.294	0.497	0.038	0.417	0.19	0.10	-0.51	-2.48	1.55	-0.25	46621	0.501	0.038	0.409	-0.036	0.008	0.853
21.305	0.497	0.038	0.415	0.17	0.09	-0.52	-2.25	2.02	-0.61	46770	0.501	0.038	0.407	-0.036	0.008	0.854
21.315	0.499	0.040	0.413	0.13	0.05	-0.52	-3.56	1.97	-1.17	46904	0.502	0.038	0.405	-0.037	0.008	0.854
21.324	0.496	0.041	0.411	0.10	0.06	-0.53	-2.61	0.93	0.16	46970	0.502	0.039	0.402	-0.037	0.008	0.855
21.334	0.499	0.053	0.409	-0.02	0.02	-0.53	-3.01	0.64	-0.68	45068	0.502	0.040	0.400	-0.037	0.008	0.856
21.342	0.501	0.053	0.406	-0.04	0.00	-0.54	-1.38	0.18	-0.55	45191	0.502	0.042	0.398	-0.037	0.009	0.856
21.356	0.501	0.053	0.405	-0.06	0.00	-0.55	-1.39	0.08	-1.14	45317	0.503	0.044	0.396	-0.037	0.009	0.857
21.362	0.501	0.054	0.402	-0.07	0.00	-0.56	-0.38	-0.14	-0.91	45264	0.503	0.045	0.394	-0.037	0.010	0.857
21.372	0.501	0.054	0.400	-0.06	0.00	-0.56	2.77	-0.18	-0.15	45369	0.503	0.046	0.392	-0.037	0.010	0.858
21.382	0.501	0.054	0.398	-0.02	0.00	-0.56	4.56	-1.13	0.28	45490	0.503	0.047	0.389	-0.038	0.011	0.859
21.393	0.500	0.055	0.396	0.02	0.02	-0.56	5.61	-2.47	-0.64	45627	0.504	0.048	0.387	-0.038	0.011	0.859
21.405	0.501	0.055	0.393	0.09	0.04	-0.56	7.10	-3.68	-0.00	45755	0.504	0.049	0.385	-0.038	0.011	0.860
21.413	0.504	0.054	0.390	0.18	0.06	-0.56	7.89	-3.82	-1.22	46001	0.504	0.050	0.382	-0.038	0.012	0.861
21.424	0.504	0.054	0.388	0.26	0.10	-0.57	9.07	-3.97	-0.37	46130	0.505	0.051	0.380	-0.038	0.012	0.861
21.434	0.504	0.054	0.386	0.36	0.14	-0.58	9.60	-4.07	-0.15	46269	0.505	0.051	0.378	-0.038	0.012	0.862
21.439	0.504	0.058	0.385	0.43	0.19	-0.58	8.59	-3.87	-0.94	46418	0.506	0.052	0.376	-0.038	0.012	0.862
21.456	0.504	0.058	0.382	0.50	0.23	-0.59	7.05	-3.93	-0.68	46309	0.506	0.053	0.373	-0.038	0.012	0.863
21.462	0.503	0.055	0.380	0.60	0.26	-0.59	6.86	-3.72	-1.00	46442	0.506	0.054	0.371	-0.038	0.012	0.864
21.473	0.504	0.054	0.378	0.67	0.29	-0.61	5.29	-2.96	-1.01	46567	0.506	0.054	0.369	-0.038	0.012	0.864
21.481	0.504	0.055	0.376	0.72	0.31	-0.62	4.27	-2.36	-1.70	46696	0.507	0.054	0.367	-0.039	0.012	0.865
21.498	0.504	0.055	0.373	0.75	0.34	-0.64	2.56	-2.27	-1.46	46835	0.507	0.054	0.365	-0.039	0.013	0.866
21.501	0.504	0.055	0.371	0.77	0.36	-0.66	0.95	-1.50	-1.59	46910	0.507	0.055	0.363	-0.039	0.013	0.866
21.513	0.504	0.057	0.369	0.76	0.37	-0.68	-1.10	-0.67	-1.69	47038	0.507	0.055	0.361	-0.039	0.013	0.867
21.524	0.504	0.055	0.366	0.76	0.38	-0.69	-1.38	-0.93	-1.90	47164	0.507	0.055	0.358	-0.039	0.013	0.868
21.532	0.504	0.055	0.362	0.74	0.39	-0.72	-3.22	-0.10	-2.66	47279	0.508	0.055	0.356	-0.039	0.013	0.868
21.543	0.504	0.054	0.359	0.72	0.38	-0.74	-3.92	1.38	-2.80	45662	0.508	0.055	0.353	-0.039	0.013	0.868
21.554	0.505	0.049	0.357	0.72	0.37	-0.77	-2.65	1.55	-3.11	45767	0.508	0.055	0.351	-0.040	0.012	0.869
21.563	0.505	0.054	0.354	0.65	0.35	-0.81	-2.28	0.51	-2.66	45868	0.508	0.055	0.348	-0.040	0.012	0.869
21.573	0.490	0.042	0.351	0.72	0.46	-0.84	-3.59	0.29	-3.17	45972	0.506	0.053	0.346	-0.041	0.012	0.870
21.584	0.497	0.043	0.349	0.68	0.40	-0.87	-2.46	1.15	-3.62	46230	0.506	0.052	0.343	-0.041	0.011	0.870
21.596	0.504	0.061	0.346	0.51	0.35	-0.90	-3.52	-0.08	-3.25	46339	0.506	0.053	0.341	-0.041	0.012	0.870
21.606	0.505	0.027	0.344	0.75	0.33	-0.94	-2.02	1.24	-2.90	46450	0.506	0.050	0.338	-0.041	0.010	0.871
21.615	0.505	0.027	0.341	0.73	0.31	-0.97	-2.24	0.98	-3.33	46578	0.506	0.047	0.336	-0.041	0.009	0.871
21.623	0.505	0.026	0.339	0.70	0.31	-1.00	-2.35	1.05	-4.50	46700	0.507	0.045	0.333	-0.041	0.008	0.872
21.634	0.505	0.026	0.336	0.68	0.30	-1.05	-3.47	1.21	-3.55	46738	0.507	0.042	0.331	-0.041	0.008	0.872
21.643	0.507	0.025	0.334	0.63	0.27	-1.09	-5.21	1.35	-3.60	46847	0.507	0.040	0.328	-0.041	0.007	0.873
21.653	0.507	0.025	0.331	0.57	0.25	-1.13	-7.52	0.66	-4.17	46955	0.508	0.038	0.326	-0.041	0.006	0.873
21.662	0.507	0.026	0.329	0.48	0.24	-1.18	-10.28	1.11	-4.69	47068	0.508	0.036	0.323	-0.041	0.006	0.873
21.674	0.507	0.025	0.326	0.37	0.23	-1.22	-11.93	1.16	-4.42	47228	0.509	0.035	0.321	-0.042	0.005	0.874
21.684	0.507	0.025	0.324	0.24	0.22	-1.27	-13.11	0.05	-4.80	47349	0.509	0.033	0.319	-0.042	0.005	0.874
21.692	0.509	0.026	0.321	0.10	0.21	-1.32	-13.42	0.20	-5.70	47467	0.509	0.032	0.316	-0.042	0.004	0.875
21.702	0.510	0.028	0.320	-0.05	0.20	-1.38	-11.57	-1.36	-4.89	47583	0.510	0.031	0.314	-0.042	0.004	0.875
21.713	0.511	0.024	0.317	-0.13	0.20	-1.43	-11.18	-2.09	-6.28	47682	0.510	0.030	0.312	-0.042	0.004	0.875
21.724	0.513	0.027	0.315	-0.26	0.22	-1.49	-8.69	-2.59	-4.83	47596	0.511	0.030	0.310	-0.041	0.004	0.876
21.729	0.513	0.026	0.313	-0.34	0.25	-1.54	-7.68	-2.28	-5.92	47675	0.512	0.029	0.308	-0.041	0.004	0.876
21.745	0.511	0.033	0.310	-0.48	0.29	-1.60	-6.60	-3.00	-6.30	47756	0.512	0.029	0.306	-0.041	0.004	0.877
21.751	0.502	0.022	0.307	-0.43	0.40	-1.65	-4.58	-3.11	-4.57	45691	0.511	0.028	0.303	-0.042	0.003	0.877
21.762	0.502	0.020	0.305	-0.46	0.43	-1.70	-3.56	-1.35	-6.05	45920	0.511	0.027	0.301	-0.042	0.003	0.877
21.771	0.503	0.020	0.302	-0.50	0.43	-1.76	-1.70	-1.67	-5.09	45986	0.510	0.026	0.299	-0.043	0.003	0.877
21.780	0.503	0.022	0.300	-0.54	0.45	-1.82	-0.22	-1.95	-5.22	46060	0.510	0.025	0.296	-0.043	0.003	0.878
21.795	0.503	0.021	0.297	-0.53	0.46	-1.87	0.29	-1.11	-5.12	46137	0.509	0.024	0.294	-0.043	0.002	0.878
21.803	0.504	0.019	0.295	-0.51	0.46	-1.92	0.70	1.03	-5.21	46328	0.509	0.023	0.291	-0.044	0.002	0.878
21.813	0.505	0.019	0.292	-0.51	0.43	-1.98	0.18	2.65	-5.09	46412	0.509	0.023	0.289	-0.044	0.002	0.878
21.823	0.506	0.017	0.290	-0.50	0.39	-2.03	-0.13	3.35	-4.43	46498	0.509	0.022	0.287	-0.044	0.002	0.879
21.828	0.506	0.017	0.287	-0.50	0.35	-2.07	-0.40	4.55	-4.03	46582	0.509	0.021	0.284	-0.044	0.002	0.879
21.843	0.507	0.017	0.285	-0.50	0.28	-2.11	0.21	4.37	-3.64	46680	0.509	0.020	0.282	-0.044	0.001	0.879
21.851	0.506	0.018	0.283	-0.53	0.25	-2.15	-1.88	5.25	-3.44	46809	0.509	0.020	0.279	-0.044	0.001	0.879
21.860	0.503	0.019	0.280	-0.56	0.23	-2.18	-3.34	4.98	-3.19	46896	0.509	0.019	0.277	-0.045	0.001	0.880
21.876	0.499	0.021	0.278	-0.62	0.22	-2.21	-3.67	4.39	-3.33	46993	0.508	0.019	0.275	-0.045	0.001	0.880
21.881	0.499	0.020	0.276	-0.66	0.18	-2.23	-5.53	4.47	-2.06	47081	0.507	0.019	0.273	-0.046	0.001	0.880
21.895	0.497	0.019	0.273	-0.69	0.15	-2.25	-4.36	3.33	-1.83	47171	0.506	0.019	0.270	-0.046	0.001	0.880
21.903	0.497	0.007	0.271	-0.61	0.12	-2.27	-2.73	2.45	-0.70	47273	0.505	0.017	0.268	-0.046	0.001	0.881
21.912	0.497	0.008	0.269	-0.65	0.11	-2.27	-2.72	1.79	-0.50	47365	0.505	0.016	0.266	-0.047	0.001	0.881
21.922	0.498	0.008	0.267	-0.67	0.06	-2.27	-0.29	1.77	0.84	47448	0.504	0.015	0.264	-0.047	0.000	0.881
21.932	0.498	0.008	0.264	-0.68	0.04	-2.26	0.44	1.91	1.39	47532	0.504	0.014	0.262	-0.047	-0.000	0.881
21.943	0.499	0.009	0.262	-0.69	-0.00	-2.24	1.32	2.48	2.82	47589	0.503	0.013	0.260	-0.048	-0.000	0.881
21.954	0.500	0.008	0.260	-0.67	-0.04	-2.21	0.59	3.99	2.37	47669	0.503	0.012	0.257	-0.048	-0.001	0.882
21.963	0.500	0.011	0.258	-0.71	-0.08	-2.19	-0.08	3.17	3.61	45631	0.503	0.012	0.255	-0.048	-0.001	0.882
21.974	0.502	-0.012	0.256	-0.45	-0.15	-2.14	-0.74	3.59	4.03	45700	0.503	0.009	0.253	-0.048	-0.002	0.882
21.984	0.502	-0.013	0.253	-0.46	-0.19	-2.10	-2.70	4.45	4.29	45763	0.503	0.006	0.251	-0.048	-0.003	0.882
21.989	0.502	-0.013	0.251	-0.49	-0.23	-2.05	-1.71	3.18	6.02	45824	0.503	0.003	0.249	-0.048	-0.003	0.882
22.003	0.504	-0.011	0.249	-0.54	-0.29	-1.99	-2.42	3.25	6.52	45886	0.503	0.001	0.247	-0.048	-0.004	0.882
22.016	0.504	-0.012	0.249	-0.57	-0.32	-1.92	-3.92	1.61	7.13	45958	0.504	-0.000	0.245	-0.048	-0.005	0.883
22.021	0.506	-0.011	0.247	-0.65	-0.36	-1.84	-6.31	1.00	7.88	45743	0.504	-0.002	0.243	-0.048	-0.005	0.883
22.033	0.506	-0.011	0.245	-0.73	-0.37	-1.76	-8.79	-0.27	8.57	45828	0.505	-0.003	0.241	-0.048	-0.005	0.883
22.042	0.507	-0.010	0.242	-0.84	-0.37	-1.67	-8.91	-1.48	9.69	45916	0.505	-0.004	0.239	-0.048	-0.006	0.884
22.053	0.507	-0.011	0.240	-0.92	-0.36	-1.57	-8.91	-2.59	10.33	46005	0.506	-0.006	0.237	-0.048	-0.006	0.884
22.059	0.507	-0.011	0.239	-1.01	-0.33	-1.47	-8.09	-3.47	11.24	46097	0.506	-0.007	0.235	-0.048	-0.006	0.884
22.075	0.510	-0.012	0.237	-1.08	-0.33	-1.35	-6.02	-4.43	11.71	46138	0.507	-0.008	0.233	-0.047	-0.006	0.884
22.082	0.511	0.001	0.235	-1.33	-0.30	-1.24	-4.53	-5.56	12.28	46233	0.507	-0.007	0.231	-0.047	-0.006	0.885
22.094	0.513	0.000	0.232	-1.36	-0.27	-1.11	-2.22	-5.54	12.72	46313	0.508	-0.006	0.229	-0.047	-0.006	0.885
22.103	0.514	-0.001	0.230	-1.36	-0.22	-0.98	0.27	-5.94	13.23	46395	0.509	-0.006	0.227	-0.047	-0.006	0.885
22.114	0.515	-0.001	0.228	-1.34	-0.18	-0.84	3.31	-5.46	14.00	46520	0.510	-0.005	0.225	-0.047	-0.005	0.885
22.120	0.515	-0.001	0.226	-1.29	-0.14	-0.70	6.39	-6.22	14.50	46608	0.511	-0.005	0.223	-0.046	-0.005	0.886
22.131	0.516	-0.002	0.224	-1.21	-0.09	-0.55	9.56	-4.37	15.28	46694	0.511	-0.005	0.221	-0.046	-0.005	0.886
22.142	0.516	0.000	0.221	-1.14	-0.04	-0.39	11.99	-6.62	15.60	46774	0.512	-0.004	0.219	-0.046	-0.005	0.886
22.153	0.517	0.000	0.219	-1.01	0.01	-0.23	13.62	-5.67	16.09	46860	0.513	-0.004	0.217	-0.046	-0.005	0.886
22.164	0.517	-0.000	0.217	-0.87	0.06	-0.07	13.97	-5.71	16.56	47191	0.514	-0.003	0.215	-0.046	-0.004	0.886
22.173	0.517	-0.000	0.215	-0.73	0.11	0.10	14.36	-5.21	17.36	45168	0.514	-0.003	0.212	-0.045	-0.004	0.886
22.183	0.519	-0.003	0.213	-0.54	0.13	0.28	12.02	-4.83	17.29	45238	0.515	-0.003	0.210	-0.045	-0.004	0.887
22.189	0.520	-0.004	0.210	-0.41	0.17	0.46	11.80	-3.35	17.47	45309	0.516	-0.003	0.208	-0.045	-0.004	0.887
22.202	0.521	-0.003	0.208	-0.32	0.18	0.63	9.41	-4.07	17.33	45497	0.517	-0.003	0.206	-0.045	-0.004	0.887
22.212	0.521	-0.003	0.206	-0.23	0.23	0.81	7.44	-4.61	18.34	45591	0.517	-0.003	0.204	-0.045	-0.004	0.887
22.221	0.521	-0.003	0.204	-0.18	0.29	0.99	4.07	-4.98	17.48	45694	0.518	-0.003	0.201	-0.044	-0.004	0.887
22.231	0.522	-0.002	0.200	-0.16	0.32	1.18	1.90	-5.06	17.06	45794	0.519	-0.003	0.199	-0.044	-0.004	0.887
22.241	0.522	-0.002	0.198	-0.17	0.38	1.34	-0.78	-5.35	15.80	46090	0.519	-0.003	0.196	-0.044	-0.004	0.887
22.253	0.523	-0.001	0.196	-0.22	0.42	1.49	-3.34	-5.29	15.33	46080	0.520	-0.003	0.194	-0.044	-0.004	0.888
22.262	0.523	-0.001	0.194	-0.25	0.47	1.64	-3.64	-4.67	14.92	46194	0.521	-0.002	0.192	-0.044	-0.004	0.888
22.273	0.521	-0.003	0.193	-0.24	0.58	1.79	-3.30	-4.22	14.42	46330	0.521	-0.002	0.190	-0.044	-0.004	0.888
22.282	0.525	-0.002	0.190	-0.31	0.53	1.93	-3.47	-3.88	13.55	46459	0.522	-0.002	0.187	-0.044	-0.004	0.888
22.293	0.526	-0.001	0.188	-0.35	0.54	2.06	-1.85	-2.23	12.81	46382	0.523	-0.002	0.185	-0.044	-0.004	0.888
22.303	0.526	-0.001	0.186	-0.37	0.56	2.19	-1.02	-1.95	12.07	46488	0.523	-0.002	0.183	-0.043	-0.004	0.889
22.312	0.527	-0.001	0.184	-0.37	0.58	2.31	0.69	-2.52	11.64	46601	0.524	-0.002	0.181	-0.043	-0.004	0.889
22.319	0.528	-0.000	0.181	-0.38	0.60	2.42	0.90	-3.79	11.29	46713	0.525	-0.002	0.179	-0.043	-0.004	0.889
22.329	0.528	0.000	0.179	-0.37	0.64	2.53	1.99	-3.46	11.04	46880	0.525	-0.001	0.177	-0.043	-0.004	0.889
22.340	0.528	0.000	0.177	-0.35	0.67	2.64	3.93	-3.73	10.56	46982	0.526	-0.001	0.174	-0.043	-0.004	0.889
22.350	0.529	0.000	0.175	-0.30	0.70	2.75	4.77	-4.29	10.23	47102	0.527	-0.001	0.172	-0.043	-0.004	0.890
22.363	0.530	0.001	0.173	-0.26	0.72	2.85	4.71	-4.70	9.52	47207	0.527	-0.001	0.170	-0.043	-0.003	0.890
22.371	0.530	0.001	0.171	-0.22	0.77	2.94	5.61	-4.55	9.31	47300	0.528	-0.000	0.168	-0.043	-0.003	0.890
22.381	0.530	0.002	0.169	-0.17	0.81	3.04	6.01	-4.21	9.54	45285	0.529	-0.000	0.166	-0.042	-0.003	0.890
22.391	0.531	0.002	0.166	-0.12	0.85	3.13	4.26	-3.33	8.80	45382	0.529	0.000	0.164	-0.042	-0.003	0.890
22.401	0.531	0.002	0.164	-0.08	0.89	3.22	4.09	-3.74	8.51	45458	0.530	0.001	0.162	-0.042	-0.003	0.891
22.415	0.531	0.003	0.161	-0.07	0.93	3.30	3.71	-3.49	7.70	45524	0.530	0.001	0.160	-0.042	-0.003	0.891
22.423	0.531	0.003	0.159	-0.05	0.97	3.37	2.58	-2.43	6.99	45778	0.531	0.001	0.157	-0.042	-0.003	0.891
22.434	0.533	0.004	0.157	-0.04	0.94	3.44	2.81	-2.35	6.27	45884	0.531	0.002	0.155	-0.042	-0.003	0.891
22.444	0.533	0.004	0.155	-0.02	0.95	3.50	2.95	-1.11	5.75	45985	0.532	0.002	0.153	-0.042	-0.003	0.891
22.451	0.533	0.005	0.151	-0.03	0.97	3.55	2.73	-0.27	5.46	46077	0.533	0.003	0.150	-0.042	-0.003	0.891
22.459	0.534	0.005	0.149	0.01	0.94	3.60	2.33	0.10	4.74	46474	0.533	0.003	0.148	-0.042	-0.003	0.891
22.473	0.534	0.005	0.147	0.03	0.95	3.65	2.61	0.60	4.53	46467	0.534	0.003	0.145	-0.042	-0.002	0.891
22.481	0.534	0.006	0.145	0.07	0.95	3.69	3.90	0.79	3.72	46568	0.534	0.004	0.143	-0.042	-0.002	0.892
22.491	0.534	0.006	0.143	0.11	0.94	3.73	5.07	0.60	4.18	46680	0.535	0.004	0.141	-0.042	-0.002	0.892
22.503	0.534	0.006	0.141	0.18	0.94	3.76	5.77	0.73	3.51	46793	0.535	0.005	0.139	-0.042	-0.002	0.892
22.513	0.534	0.007	0.139	0.16	0.93	3.80	6.14	0.23	3.03	46766	0.535	0.005	0.136	-0.042	-0.002	0.892
22.521	0.535	0.008	0.136	0.20	0.92	3.83	4.88	-0.69	2.62	46864	0.536	0.006	0.134	-0.042	-0.002	0.892
22.531	0.535	0.008	0.134	0.26	0.91	3.85	5.41	0.21	2.45	46976	0.536	0.006	0.132	-0.042	-0.002	0.892
22.542	0.535	0.008	0.133	0.32	0.91	3.88	6.03	0.36	2.30	47072	0.536	0.006	0.130	-0.042	-0.002	0.893
22.555	0.535	0.009	0.131	0.36	0.90	3.90	5.27	0.12	1.81	47019	0.537	0.007	0.128	-0.042	-0.002	0.893
22.563	0.536	0.009	0.128	0.44	0.89	3.91	4.57	0.45	1.26	47109	0.537	0.007	0.126	-0.043	-0.002	0.893
22.573	0.536	0.009	0.126	0.47	0.90	3.92	5.05	0.72	0.70	47199	0.537	0.008	0.124	-0.043	-0.001	0.893
22.581	0.536	0.010	0.125	0.59	0.89	3.93	4.38	1.43	1.20	47289	0.538	0.008	0.122	-0.043	-0.001	0.893
22.594	0.536	0.010	0.122	0.54	0.89	3.95	4.00	1.44	0.77	45296	0.538	0.008	0.120	-0.043	-0.001	0.893
22.601	0.536	0.010	0.120	0.56	0.87	3.96	1.33	1.52	0.84	45286	0.538	0.009	0.118	-0.043	-0.001	0.894
22.617	0.536	0.011	0.118	0.57	0.83	3.96	2.13	3.41	0.42	45340	0.539	0.009	0.116	-0.043	-0.001	0.894
22.622	0.536	0.011	0.116	0.58	0.79	3.97	0.45	4.08	0.76	45401	0.539	0.009	0.114	-0.043	-0.001	0.894
22.631	0.536	0.011	0.118	0.56	0.73	3.98	-2.56	4.62	0.30	45441	0.539	0.010	0.113	-0.043	-0.001	0.894
22.640	0.536	0.012	0.116	0.51	0.68	3.97	-5.49	5.31	-0.07	44873	0.539	0.010	0.111	-0.044	-0.001	0.895
22.650	0.536	0.012	0.114	0.45	0.62	3.97	-6.61	6.50	-0.02	44927	0.539	0.010	0.110	-0.044	-0.001	0.895
22.660	0.536	0.012	0.112	0.38	0.51	3.97	-7.75	7.81	-0.38	44987	0.539	0.011	0.108	-0.044	-0.001	0.895
22.672	0.536	0.012	0.112	0.20	0.50	3.97	-8.28	7.49	-1.29	45034	0.539	0.011	0.106	-0.044	-0.001	0.896
22.682	0.536	0.012	0.110	0.13	0.43	3.96	-5.37	4.87	-1.73	45005	0.539	0.011	0.105	-0.044	-0.001	0.896
22.692	0.536	0.013	0.108	0.09	0.40	3.94	-3.12	1.76	-1.91	44989	0.540	0.012	0.103	-0.044	-0.000	0.897
22.703	0.536	0.013	0.106	0.05	0.35	3.92	-1.03	-1.18	-2.36	45067	0.540	0.012	0.101	-0.045	-0.000	0.897
22.714	0.536	0.014	0.106	0.05	0.39	3.90	2.24	-4.67	-1.96	45142	0.540	0.012	0.100	-0.045	-0.000	0.897
22.725	0.536	0.014	0.104	0.12	0.43	3.88	4.58	-5.20	-2.02	45220	0.540	0.013	0.098	-0.045	-0.000	0.898
22.733	0.535	0.017	0.103	0.39	0.39	3.83	5.10	-4.38	-2.34	45043	0.540	0.013	0.096	-0.045	-0.000	0.898
22.743	0.537	0.017	0.101	0.43	0.63	3.82	7.31	-1.84	-2.67	45106	0.540	0.014	0.095	-0.045	0.000	0.899
22.753	0.537	0.017	0.099	0.49	0.63	3.79	6.34	0.95	-2.95	45208	0.540	0.014	0.093	-0.046	0.000	0.899
22.758	0.536	0.016	0.097	0.48	0.59	3.77	3.97	3.62	-3.02	45306	0.540	0.014	0.091	-0.046	0.000	0.900
