t	x	y	z	roll	pitch	yaw	g_x	g_y	g_z	thrust	eso_x	eso_y	eso_z	dist_x	dist_y	dist_z
0.020	-0.184	-0.179	0.000	0.58	1.94	17.73	-0.06	-0.05	-0.11	0	-0.184	-0.179	0.000	-0.000	0.000	0.000
0.030	-0.181	-0.181	0.000	0.70	1.84	17.70	0.14	-0.04	0.04	0	-0.184	-0.179	-0.001	0.000	-0.000	0.000
0.041	-0.181	-0.181	0.000	0.70	1.84	17.69	-0.14	-0.21	-0.07	0	-0.184	-0.179	-0.002	0.000	-0.000	0.000
0.051	-0.179	-0.182	-0.000	0.74	1.79	17.67	0.08	-0.16	0.06	0	-0.183	-0.180	-0.004	0.001	-0.000	0.001
0.062	-0.179	-0.183	-0.000	0.75	1.78	17.65	0.24	0.07	0.12	0	-0.182	-0.180	-0.007	0.001	-0.000	0.001
0.072	-0.182	-0.181	0.000	0.60	1.92	17.64	0.14	-0.36	0.10	0	-0.182	-0.180	-0.010	0.001	-0.001	0.002
0.079	-0.182	-0.181	0.000	0.60	1.92	17.62	0.15	-0.13	0.05	0	-0.182	-0.180	-0.013	0.001	-0.001	0.003
0.088	-0.182	-0.181	0.000	0.57	1.90	17.60	-0.12	-0.13	0.03	0	-0.182	-0.180	-0.016	0.001	-0.001	0.004
0.103	-0.182	-0.182	0.000	0.60	1.96	17.59	0.27	-0.08	-0.07	0	-0.182	-0.181	-0.020	0.001	-0.001	0.006
0.108	-0.183	-0.178	0.000	0.41	1.95	17.57	0.08	-0.11	0.16	0	-0.182	-0.180	-0.024	0.001	-0.001	0.007
0.119	-0.183	-0.178	0.000	0.41	1.91	17.55	-0.09	-0.26	-0.12	0	-0.182	-0.180	-0.028	0.001	-0.001	0.010
0.131	-0.184	-0.178	0.000	0.35	1.99	17.53	0.06	0.12	0.10	0	-0.183	-0.180	-0.032	0.001	-0.000	0.012
0.140	-0.184	-0.178	0.000	0.35	1.95	17.52	-0.06	-0.22	0.03	0	-0.183	-0.180	-0.036	0.001	-0.000	0.015
0.150	-0.181	-0.179	0.000	0.43	1.86	17.50	-0.07	-0.27	0.02	0	-0.183	-0.180	-0.040	0.001	-0.000	0.018
0.163	-0.182	-0.178	0.000	0.39	1.91	17.48	0.25	-0.36	0.07	0	-0.183	-0.179	-0.045	0.001	-0.000	0.021
0.172	-0.184	-0.178	0.000	0.33	1.95	17.46	-0.07	0.12	-0.19	0	-0.183	-0.179	-0.049	0.001	-0.000	0.025
0.181	-0.183	-0.178	0.000	0.36	1.93	17.45	0.08	-0.10	0.01	0	-0.183	-0.179	-0.053	0.001	-0.000	0.029
0.192	-0.183	-0.180	0.000	0.41	1.97	17.43	0.10	-0.18	0.10	0	-0.183	-0.179	-0.057	0.001	-0.000	0.033
0.197	-0.183	-0.179	0.000	0.38	1.93	17.41	-0.02	-0.13	-0.11	0	-0.183	-0.179	-0.062	0.001	-0.000	0.038
0.213	-0.183	-0.179	0.000	0.36	1.93	17.39	0.04	0.16	0.14	0	-0.183	-0.179	-0.066	0.001	-0.000	0.043
0.218	-0.183	-0.179	0.000	0.36	1.93	17.38	-0.11	0.00	-0.04	0	-0.183	-0.179	-0.070	0.001	-0.000	0.049
0.229	-0.182	-0.179	0.000	0.36	1.93	17.36	0.28	-0.01	0.07	0	-0.183	-0.179	-0.075	0.001	-0.000	0.054
0.239	-0.183	-0.177	0.000	0.30	1.94	17.34	0.05	-0.35	-0.06	0	-0.183	-0.179	-0.079	0.001	0.000	0.060
0.252	-0.184	-0.179	0.000	0.33	2.01	17.33	0.00	-0.18	-0.08	0	-0.183	-0.179	-0.083	0.000	0.000	0.067
0.260	-0.183	-0.178	0.000	0.33	1.93	17.31	0.15	0.01	-0.03	0	-0.183	-0.179	-0.087	0.000	0.000	0.073
0.270	-0.183	-0.178	0.000	0.32	1.94	17.29	0.09	-0.52	-0.12	0	-0.183	-0.178	-0.091	0.000	0.000	0.080
0.283	-0.177	-0.177	0.000	0.37	1.69	17.27	0.02	-0.04	-0.02	0	-0.182	-0.178	-0.095	0.001	0.000	0.087
0.291	-0.177	-0.173	0.000	0.19	1.66	17.25	-0.10	-0.31	-0.08	0	-0.182	-0.178	-0.099	0.001	0.000	0.095
0.301	-0.178	-0.173	0.000	0.15	1.70	17.23	-0.05	-0.10	0.14	0	-0.181	-0.177	-0.103	0.001	0.001	0.103
0.306	-0.177	-0.173	0.000	0.21	1.69	17.22	0.26	-0.23	0.06	0	-0.181	-0.177	-0.107	0.001	0.001	0.111
0.321	-0.177	-0.173	0.000	0.18	1.71	17.20	-0.12	-0.12	0.00	0	-0.180	-0.176	-0.111	0.001	0.001	0.119
0.332	-0.175	-0.169	-0.000	0.04	1.58	17.18	0.04	0.07	-0.07	0	-0.180	-0.175	-0.115	0.002	0.001	0.128
0.342	-0.174	-0.168	-0.000	0.05	1.55	17.17	0.08	-0.26	0.03	0	-0.179	-0.174	-0.119	0.002	0.002	0.137
0.347	-0.179	-0.167	0.000	-0.07	1.78	17.14	0.15	0.01	-0.03	0	-0.179	-0.173	-0.123	0.002	0.002	0.147
0.363	-0.178	-0.167	0.000	-0.01	1.74	17.13	0.02	-0.23	0.17	0	-0.179	-0.172	-0.127	0.002	0.002	0.156
0.368	-0.180	-0.166	0.000	-0.05	1.82	17.11	-0.14	-0.38	-0.21	0	-0.179	-0.171	-0.130	0.002	0.002	0.166
0.378	-0.179	-0.167	0.000	0.03	1.81	17.09	0.09	0.12	-0.02	0	-0.179	-0.171	-0.134	0.002	0.003	0.176
0.392	-0.179	-0.167	0.000	0.04	1.80	17.08	0.10	-0.02	-0.03	0	-0.179	-0.170	-0.137	0.002	0.003	0.187
0.399	-0.178	-0.167	0.000	0.08	1.79	17.06	0.17	-0.18	0.11	0	-0.179	-0.170	-0.141	0.002	0.003	0.197
0.411	-0.182	-0.164	0.000	-0.11	1.90	17.04	0.04	-0.28	-0.20	0	-0.179	-0.169	-0.144	0.002	0.003	0.208
0.424	-0.182	-0.163	0.000	-0.13	1.93	17.02	0.07	-0.08	0.32	0	-0.179	-0.168	-0.148	0.002	0.003	0.220
0.430	-0.183	-0.162	0.000	-0.16	1.94	17.00	-0.03	-0.12	0.08	0	-0.180	-0.167	-0.151	0.001	0.004	0.231
0.440	-0.184	-0.162	0.000	-0.13	1.99	16.98	0.01	-0.05	0.18	0	-0.180	-0.166	-0.155	0.001	0.004	0.243
0.451	-0.184	-0.163	0.000	-0.06	2.01	16.96	-0.05	-0.28	-0.04	0	-0.181	-0.166	-0.158	0.001	0.004	0.255
0.461	-0.184	-0.164	0.000	0.00	2.01	16.95	0.05	-0.12	0.02	0	-0.181	-0.165	-0.161	0.001	0.004	0.267
0.471	-0.182	-0.162	0.000	-0.05	1.93	16.94	-0.05	-0.03	0.20	0	-0.181	-0.165	-0.165	0.001	0.004	0.280
0.482	-0.183	-0.162	0.000	-0.04	1.96	16.92	0.15	-0.08	-0.17	0	-0.181	-0.164	-0.168	0.001	0.004	0.292
0.489	-0.182	-0.162	0.000	0.00	1.93	16.90	0.21	-0.16	0.09	0	-0.181	-0.164	-0.171	0.001	0.004	0.305
0.503	-0.181	-0.164	0.000	0.11	1.92	16.89	-0.10	-0.20	-0.07	0	-0.181	-0.164	-0.174	0.001	0.004	0.319
0.509	-0.182	-0.162	0.000	0.04	1.95	16.87	0.02	-0.26	0.03	0	-0.182	-0.163	-0.177	0.001	0.005	0.332
0.519	-0.187	-0.160	0.000	-0.09	2.11	16.84	-0.06	0.06	-0.07	0	-0.182	-0.163	-0.180	0.000	0.005	0.346
0.529	-0.188	-0.159	0.000	-0.10	2.14	16.82	-0.03	-0.26	-0.00	0	-0.183	-0.162	-0.183	0.000	0.005	0.360
0.540	-0.188	-0.159	0.000	-0.07	2.14	16.80	0.23	-0.44	-0.05	0	-0.183	-0.162	-0.186	-0.000	0.005	0.374
0.550	-0.188	-0.160	0.000	0.00	2.14	16.79	-0.08	0.03	-0.11	0	-0.184	-0.161	-0.189	-0.000	0.005	0.388
0.561	-0.188	-0.160	0.000	0.02	2.13	16.77	0.14	-0.01	-0.04	0	-0.184	-0.161	-0.192	-0.000	0.005	0.403
0.571	-0.188	-0.160	0.000	0.02	2.13	16.75	0.09	-0.15	0.04	0	-0.185	-0.161	-0.195	-0.001	0.005	0.418
0.582	-0.187	-0.159	0.000	0.02	2.05	16.74	0.07	-0.19	0.11	0	-0.185	-0.160	-0.197	-0.001	0.005	0.433
0.592	-0.188	-0.159	0.000	0.03	2.11	16.72	0.08	-0.03	-0.11	0	-0.185	-0.160	-0.200	-0.001	0.005	0.448
0.602	-0.188	-0.159	0.000	0.07	2.11	16.71	-0.13	-0.09	0.30	0	-0.186	-0.159	-0.203	-0.001	0.005	0.463
0.612	-0.187	-0.160	0.000	0.14	2.07	16.69	0.12	-0.10	0.07	0	-0.186	-0.159	-0.206	-0.001	0.005	0.479
0.622	-0.188	-0.159	0.000	0.11	2.10	16.67	-0.14	-0.49	0.09	0	-0.186	-0.159	-0.208	-0.001	0.005	0.495
0.636	-0.186	-0.159	0.000	0.15	2.03	16.66	-0.03	-0.21	0.10	0	-0.186	-0.159	-0.211	-0.001	0.005	0.511
0.643	-0.188	-0.159	0.000	0.14	2.09	16.64	0.06	-0.22	-0.03	0	-0.186	-0.159	-0.213	-0.001	0.005	0.527
0.648	-0.188	-0.159	0.000	0.14	2.09	16.62	0.08	-0.26	-0.13	0	-0.187	-0.159	-0.216	-0.001	0.005	0.543
0.658	-0.189	-0.158	0.000	0.14	2.09	16.61	0.07	-0.48	-0.06	0	-0.187	-0.158	-0.218	-0.001	0.005	0.560
0.674	-0.189	-0.158	0.000	0.14	2.10	16.59	-0.09	-0.24	0.11	0	-0.187	-0.158	-0.221	-0.001	0.005	0.577
0.679	-0.189	-0.158	0.000	0.16	2.09	16.57	0.18	-0.28	0.06	0	-0.187	-0.158	-0.223	-0.001	0.005	0.593
0.689	-0.188	-0.159	0.000	0.22	2.09	16.56	-0.01	-0.37	-0.15	0	-0.188	-0.158	-0.226	-0.002	0.005	0.611
0.699	-0.187	-0.159	0.000	0.25	2.04	16.54	-0.09	-0.25	-0.02	0	-0.188	-0.158	-0.228	-0.002	0.005	0.628
0.710	-0.188	-0.159	0.000	0.21	2.07	16.52	0.08	-0.23	-0.14	0	-0.188	-0.158	-0.230	-0.002	0.005	0.645
0.720	-0.187	-0.152	0.000	-0.02	1.94	16.52	0.03	-0.23	-0.12	0	-0.188	-0.157	-0.232	-0.002	0.005	0.663
0.731	-0.188	-0.151	0.000	-0.04	1.95	16.50	0.04	-0.15	0.06	0	-0.188	-0.156	-0.235	-0.002	0.005	0.681
0.741	-0.187	-0.152	0.000	0.01	1.95	16.49	-0.06	-0.18	-0.01	0	-0.188	-0.155	-0.237	-0.001	0.006	0.699
0.752	-0.186	-0.153	0.000	0.09	1.93	16.47	-0.01	-0.41	-0.16	0	-0.188	-0.155	-0.239	-0.001	0.006	0.717
0.762	-0.186	-0.153	0.000	0.11	1.92	16.45	0.01	-0.22	0.03	0	-0.187	-0.154	-0.241	-0.001	0.006	0.735
0.773	-0.187	-0.151	0.000	0.07	1.95	16.44	0.08	-0.11	0.11	0	-0.187	-0.154	-0.243	-0.001	0.006	0.754
0.778	-0.187	-0.151	0.000	0.09	1.95	16.42	0.06	-0.17	-0.02	0	-0.187	-0.153	-0.245	-0.001	0.006	0.772
0.789	-0.187	-0.152	0.000	0.15	1.96	16.40	-0.05	-0.19	0.13	0	-0.187	-0.153	-0.247	-0.001	0.006	0.791
0.799	-0.187	-0.152	0.000	0.15	1.96	16.39	0.12	-0.13	0.04	0	-0.187	-0.152	-0.249	-0.001	0.006	0.810
0.809	-0.185	-0.152	0.000	0.19	1.89	16.37	0.02	-0.08	-0.02	0	-0.187	-0.152	-0.251	-0.001	0.006	0.829
0.819	-0.186	-0.150	0.000	0.12	1.90	16.36	-0.12	-0.27	-0.03	0	-0.187	-0.152	-0.253	-0.001	0.006	0.848
0.829	-0.186	-0.152	0.000	0.24	1.92	16.34	0.11	0.07	-0.08	0	-0.187	-0.151	-0.255	-0.001	0.006	0.868
0.840	-0.187	-0.152	0.000	0.23	1.99	16.32	-0.31	-0.27	0.07	0	-0.187	-0.151	-0.257	-0.001	0.006	0.887
0.850	-0.186	-0.148	0.000	0.11	1.89	16.31	0.12	0.00	-0.06	0	-0.187	-0.151	-0.259	-0.001	0.006	0.907
0.861	-0.187	-0.147	0.000	0.08	1.95	16.29	-0.21	-0.31	0.10	0	-0.187	-0.150	-0.261	-0.001	0.006	0.927
0.871	-0.187	-0.147	0.000	0.08	1.95	16.28	-0.01	0.15	-0.01	0	-0.187	-0.149	-0.262	-0.001	0.007	0.947
0.882	-0.189	-0.144	-0.000	-0.04	1.98	16.26	-0.02	-0.02	0.25	0	-0.187	-0.148	-0.264	-0.001	0.007	0.967
0.892	-0.190	-0.144	0.000	0.01	2.02	16.24	0.04	0.00	-0.08	0	-0.188	-0.148	-0.266	-0.001	0.007	0.987
0.897	-0.190	-0.144	0.000	0.04	2.01	16.22	0.04	0.05	-0.00	0	-0.188	-0.147	-0.268	-0.001	0.007	1.007
0.912	-0.188	-0.143	0.000	0.04	1.94	16.21	0.11	-0.28	-0.17	0	-0.188	-0.146	-0.269	-0.001	0.007	1.028
0.921	-0.189	-0.143	0.000	0.06	1.97	16.19	0.17	-0.09	-0.04	0	-0.188	-0.145	-0.271	-0.001	0.007	1.048
0.928	-0.189	-0.143	0.000	0.09	1.99	16.18	0.09	0.08	-0.12	0	-0.188	-0.145	-0.272	-0.001	0.007	1.069
0.944	-0.188	-0.144	0.000	0.16	1.94	16.16	0.17	-0.26	0.02	0	-0.188	-0.145	-0.274	-0.001	0.007	1.090
0.949	-0.189	-0.143	0.000	0.16	1.98	16.14	0.04	-0.22	0.00	0	-0.189	-0.144	-0.276	-0.001	0.008	1.111
0.960	-0.189	-0.144	0.000	0.18	1.99	16.13	0.06	-0.23	0.06	0	-0.189	-0.144	-0.277	-0.001	0.008	1.132
0.971	-0.188	-0.144	0.000	0.22	1.96	16.11	0.05	-0.22	0.02	0	-0.189	-0.143	-0.278	-0.001	0.008	1.153
0.987	-0.185	-0.141	0.000	0.18	1.80	16.10	0.04	-0.22	0.11	0	-0.188	-0.143	-0.280	-0.001	0.008	1.174
0.992	-0.183	-0.139	0.000	0.11	1.67	16.09	-0.19	-0.24	-0.02	0	-0.188	-0.142	-0.281	-0.001	0.008	1.195
0.999	-0.183	-0.139	0.000	0.17	1.68	16.07	-0.00	-0.10	-0.14	0	-0.187	-0.141	-0.283	-0.001	0.008	1.217
1.008	-0.182	-0.139	0.000	0.20	1.69	16.06	0.20	-0.17	0.03	0	-0.187	-0.141	-0.284	-0.001	0.008	1.238
1.018	-0.183	-0.138	0.000	0.18	1.71	16.04	-0.18	-0.47	-0.04	0	-0.186	-0.140	-0.285	-0.000	0.008	1.260
1.034	-0.183	-0.139	0.000	0.24	1.74	16.02	0.15	-0.19	0.06	0	-0.186	-0.140	-0.287	-0.000	0.008	1.282
1.039	-0.183	-0.139	0.000	0.24	1.76	16.01	-0.01	-0.18	-0.04	0	-0.185	-0.139	-0.288	-0.000	0.008	1.304
1.050	-0.183	-0.139	0.000	0.28	1.76	15.99	0.04	0.03	-0.24	0	-0.185	-0.139	-0.289	-0.000	0.008	1.326
1.060	-0.183	-0.138	0.000	0.23	1.80	15.97	-0.02	-0.25	0.12	0	-0.185	-0.139	-0.291	0.000	0.008	1.348
1.071	-0.184	-0.137	0.000	0.19	1.84	15.96	-0.12	-0.33	-0.18	0	-0.185	-0.138	-0.292	0.000	0.008	1.370
1.081	-0.183	-0.138	0.000	0.30	1.82	15.94	0.08	-0.27	-0.06	0	-0.185	-0.138	-0.293	0.000	0.008	1.392
1.091	-0.183	-0.139	0.000	0.34	1.86	15.92	0.01	-0.10	-0.06	0	-0.185	-0.138	-0.294	0.000	0.008	1.414
1.102	-0.183	-0.139	0.000	0.39	1.84	15.91	-0.10	0.02	-0.06	0	-0.184	-0.137	-0.295	0.000	0.008	1.437
1.113	-0.182	-0.139	0.000	0.39	1.84	15.89	-0.11	-0.48	0.11	0	-0.184	-0.137	-0.296	0.000	0.008	1.459
1.120	-0.183	-0.139	0.000	0.42	1.86	15.88	-0.00	-0.39	0.02	0	-0.184	-0.137	-0.297	0.000	0.008	1.482
1.133	-0.183	-0.138	0.000	0.38	1.88	15.86	0.14	-0.08	-0.00	0	-0.184	-0.137	-0.298	0.001	0.008	1.505
1.144	-0.184	-0.139	0.000	0.40	1.92	15.84	0.12	-0.16	0.02	0	-0.184	-0.137	-0.299	0.001	0.008	1.527
1.155	-0.183	-0.139	0.000	0.42	1.90	15.83	0.16	-0.07	-0.27	0	-0.184	-0.137	-0.300	0.001	0.008	1.550
1.160	-0.183	-0.139	0.000	0.47	1.93	15.81	-0.01	0.00	-0.01	0	-0.184	-0.137	-0.301	0.001	0.008	1.573
1.171	-0.183	-0.138	0.000	0.39	1.92	15.80	-0.02	-0.14	-0.14	0	-0.184	-0.137	-0.302	0.001	0.007	1.596
1.181	-0.183	-0.139	0.000	0.45	1.93	15.78	-0.08	-0.50	-0.04	0	-0.184	-0.137	-0.303	0.001	0.007	1.619
1.187	-0.183	-0.138	0.000	0.45	1.95	15.76	0.11	-0.09	0.07	0	-0.183	-0.137	-0.304	0.001	0.007	1.642
1.202	-0.180	-0.133	0.000	0.26	1.73	15.75	0.22	-0.15	0.10	0	-0.183	-0.136	-0.305	0.001	0.007	1.665
1.213	-0.180	-0.130	0.000	0.15	1.71	15.73	0.01	-0.22	-0.05	0	-0.183	-0.135	-0.306	0.001	0.008	1.689
1.218	-0.179	-0.131	0.000	0.20	1.69	15.71	0.19	-0.15	0.08	0	-0.182	-0.134	-0.307	0.001	0.008	1.712
1.228	-0.179	-0.131	0.000	0.24	1.72	15.70	-0.06	-0.35	0.00	0	-0.182	-0.133	-0.308	0.001	0.008	1.735
1.239	-0.180	-0.130	0.000	0.21	1.77	15.68	0.15	0.01	0.21	0	-0.182	-0.133	-0.308	0.001	0.008	1.759
1.251	-0.176	-0.130	0.000	0.29	1.59	15.67	0.03	-0.05	0.18	0	-0.181	-0.132	-0.309	0.002	0.008	1.782
1.259	-0.176	-0.127	0.000	0.16	1.59	15.65	0.05	-0.10	0.04	0	-0.180	-0.131	-0.310	0.002	0.008	1.806
1.272	-0.176	-0.127	0.000	0.20	1.62	15.64	0.21	-0.03	0.05	0	-0.180	-0.130	-0.311	0.002	0.009	1.829
1.280	-0.175	-0.128	0.000	0.26	1.61	15.62	0.00	-0.26	0.06	0	-0.179	-0.130	-0.312	0.002	0.009	1.853
1.290	-0.175	-0.128	0.000	0.28	1.66	15.61	-0.06	-0.56	-0.00	0	-0.179	-0.129	-0.312	0.002	0.009	1.877
1.302	-0.175	-0.127	0.000	0.28	1.67	15.59	-0.21	-0.32	0.04	0	-0.178	-0.128	-0.313	0.003	0.009	1.900
1.312	-0.176	-0.127	0.000	0.29	1.72	15.57	0.01	-0.20	-0.16	0	-0.178	-0.128	-0.314	0.003	0.009	1.924
1.322	-0.176	-0.127	0.000	0.29	1.75	15.56	-0.36	-0.36	0.00	0	-0.178	-0.127	-0.314	0.003	0.009	1.948
1.327	-0.175	-0.128	0.000	0.36	1.74	15.54	-0.02	-0.03	-0.11	0	-0.177	-0.127	-0.315	0.003	0.009	1.972
1.338	-0.172	-0.127	0.000	0.36	1.61	15.53	-0.09	-0.08	-0.02	0	-0.177	-0.127	-0.315	0.003	0.009	1.996
1.349	-0.173	-0.126	0.000	0.34	1.65	15.51	0.25	-0.23	0.17	0	-0.176	-0.126	-0.316	0.003	0.009	2.020
1.358	-0.173	-0.125	0.000	0.30	1.69	15.50	-0.18	-0.11	0.09	0	-0.176	-0.126	-0.316	0.003	0.009	2.044
1.369	-0.172	-0.126	0.000	0.41	1.67	15.48	0.02	-0.33	-0.15	0	-0.175	-0.125	-0.317	0.004	0.009	2.068
1.380	-0.172	-0.126	0.000	0.42	1.72	15.47	0.10	-0.15	0.18	0	-0.175	-0.125	-0.318	0.004	0.009	2.092
1.390	-0.172	-0.125	0.000	0.39	1.73	15.45	0.10	-0.15	-0.16	0	-0.174	-0.125	-0.318	0.004	0.009	2.116
1.400	-0.172	-0.125	0.000	0.39	1.73	15.44	-0.07	-0.53	0.17	0	-0.174	-0.125	-0.319	0.004	0.009	2.140
1.411	-0.172	-0.126	0.000	0.42	1.78	15.43	-0.05	-0.28	0.04	0	-0.174	-0.124	-0.319	0.004	0.009	2.165
1.421	-0.171	-0.129	0.000	0.63	1.79	15.42	0.01	0.03	0.02	0	-0.173	-0.125	-0.319	0.004	0.008	2.189
1.431	-0.176	-0.132	0.001	0.69	2.07	15.41	-0.10	-0.01	0.23	0	-0.173	-0.125	-0.320	0.004	0.008	2.213
1.441	-0.176	-0.131	0.001	0.64	2.08	15.39	-0.13	-0.11	0.21	0	-0.173	-0.126	-0.320	0.004	0.008	2.237
1.452	-0.175	-0.132	0.001	0.68	2.05	15.38	0.15	0.06	0.10	0	-0.174	-0.126	-0.321	0.004	0.008	2.262
1.457	-0.175	-0.133	0.001	0.74	2.06	15.36	0.09	-0.34	-0.03	0	-0.174	-0.127	-0.321	0.004	0.007	2.286
1.473	-0.175	-0.132	0.000	0.68	2.06	15.35	0.12	-0.46	0.08	0	-0.174	-0.127	-0.321	0.004	0.007	2.311
1.478	-0.175	-0.132	0.000	0.69	2.07	15.33	0.25	-0.36	-0.17	0	-0.174	-0.127	-0.322	0.004	0.007	2.335
1.488	-0.175	-0.132	0.000	0.69	2.07	15.32	-0.11	-0.08	0.10	0	-0.174	-0.128	-0.322	0.004	0.007	2.359
1.504	-0.175	-0.132	0.000	0.69	2.07	15.30	-0.00	-0.30	-0.14	0	-0.174	-0.128	-0.322	0.004	0.006	2.384
1.509	-0.171	-0.135	0.000	0.86	1.92	15.28	0.14	-0.14	-0.06	0	-0.173	-0.128	-0.323	0.004	0.006	2.408
1.524	-0.175	-0.131	0.001	0.59	2.08	15.27	0.11	0.01	-0.16	0	-0.173	-0.128	-0.323	0.004	0.006	2.433
1.530	-0.176	-0.131	0.001	0.59	2.13	15.26	-0.08	-0.26	0.02	0	-0.174	-0.129	-0.323	0.003	0.006	2.457
1.540	-0.176	-0.130	0.001	0.56	2.13	15.25	-0.24	-0.18	0.11	0	-0.174	-0.129	-0.323	0.003	0.006	2.482
1.551	-0.175	-0.132	0.001	0.62	2.11	15.23	0.32	-0.18	-0.02	0	-0.174	-0.129	-0.323	0.003	0.005	2.507
1.561	-0.173	-0.125	0.001	0.34	1.93	15.21	-0.05	-0.05	-0.27	0	-0.174	-0.128	-0.324	0.003	0.006	2.531
1.572	-0.174	-0.124	0.001	0.31	1.97	15.19	-0.09	-0.25	-0.10	0	-0.174	-0.127	-0.324	0.003	0.006	2.556
1.583	-0.174	-0.124	0.001	0.30	1.97	15.18	-0.14	-0.43	-0.12	0	-0.174	-0.127	-0.324	0.003	0.006	2.580
1.588	-0.173	-0.124	0.001	0.35	1.95	15.16	0.10	-0.06	-0.03	0	-0.173	-0.126	-0.324	0.003	0.006	2.605
1.602	-0.172	-0.128	0.001	0.52	1.97	15.15	0.04	-0.06	-0.18	0	-0.173	-0.126	-0.324	0.003	0.006	2.630
1.613	-0.172	-0.128	0.001	0.52	1.97	15.13	0.17	0.07	0.21	0	-0.173	-0.126	-0.324	0.003	0.006	2.654
1.618	-0.173	-0.123	0.001	0.33	1.97	15.12	-0.09	-0.46	-0.11	0	-0.173	-0.125	-0.325	0.003	0.006	2.679
1.631	-0.173	-0.124	0.001	0.36	1.98	15.10	0.11	-0.12	-0.07	0	-0.173	-0.125	-0.325	0.003	0.006	2.704
1.641	-0.171	-0.124	0.000	0.39	1.91	15.08	-0.11	0.16	0.13	0	-0.173	-0.124	-0.325	0.003	0.006	2.728
1.650	-0.173	-0.123	0.000	0.37	1.98	15.07	0.02	-0.11	0.03	0	-0.173	-0.124	-0.325	0.003	0.006	2.753
1.660	-0.173	-0.123	0.000	0.36	1.99	15.06	-0.12	-0.32	-0.07	0	-0.172	-0.124	-0.325	0.003	0.006	2.778
1.671	-0.174	-0.123	0.000	0.37	2.06	15.05	0.07	-0.15	-0.05	0	-0.173	-0.123	-0.325	0.003	0.006	2.802
1.682	-0.174	-0.123	0.000	0.36	2.03	15.03	-0.24	-0.24	0.06	0	-0.173	-0.123	-0.325	0.003	0.006	2.827
1.687	-0.172	-0.125	0.000	0.51	1.99	15.01	0.02	-0.70	0.14	0	-0.172	-0.123	-0.325	0.003	0.006	2.852
1.699	-0.172	-0.124	0.000	0.46	2.00	15.00	-0.03	-0.08	0.02	0	-0.172	-0.123	-0.325	0.003	0.006	2.877
1.713	-0.173	-0.123	0.000	0.41	2.05	14.98	0.02	-0.06	-0.06	0	-0.172	-0.122	-0.325	0.003	0.006	2.901
1.718	-0.173	-0.123	0.000	0.41	2.04	14.97	0.03	-0.37	0.04	0	-0.172	-0.122	-0.325	0.003	0.006	2.926
1.728	-0.172	-0.123	0.000	0.43	2.01	14.95	-0.15	-0.26	-0.01	0	-0.172	-0.122	-0.325	0.003	0.006	2.951
1.739	-0.173	-0.123	0.000	0.43	2.07	14.94	-0.01	-0.32	0.08	0	-0.172	-0.122	-0.325	0.003	0.006	2.975
1.750	-0.173	-0.124	0.000	0.47	2.05	14.92	0.21	-0.25	-0.04	0	-0.172	-0.122	-0.325	0.003	0.006	3.000
1.760	-0.173	-0.123	0.000	0.44	2.05	14.91	-0.00	-0.13	-0.16	0	-0.172	-0.122	-0.325	0.003	0.005	3.025
1.770	-0.173	-0.123	0.000	0.44	2.05	14.89	0.21	-0.18	-0.03	0	-0.172	-0.122	-0.325	0.003	0.005	3.049
1.781	-0.172	-0.124	0.000	0.50	2.05	14.88	-0.07	-0.20	-0.06	0	-0.172	-0.122	-0.325	0.003	0.005	3.074
1.791	-0.173	-0.123	0.000	0.45	2.08	14.86	0.21	-0.10	-0.07	0	-0.172	-0.122	-0.325	0.003	0.005	3.099
1.801	-0.174	-0.123	0.000	0.46	2.14	14.85	-0.38	-0.44	0.07	0	-0.172	-0.121	-0.325	0.003	0.005	3.123
1.806	-0.172	-0.123	0.000	0.47	2.05	14.83	0.12	-0.27	-0.12	0	-0.172	-0.121	-0.325	0.003	0.005	3.148
1.820	-0.175	-0.123	0.000	0.43	2.15	14.82	-0.02	-0.33	-0.07	0	-0.172	-0.121	-0.325	0.003	0.005	3.173
1.829	-0.173	-0.123	0.000	0.48	2.09	14.80	0.21	0.14	-0.08	0	-0.172	-0.121	-0.324	0.003	0.005	3.197
1.837	-0.173	-0.123	0.000	0.48	2.09	14.79	0.01	0.17	0.08	0	-0.172	-0.121	-0.324	0.003	0.005	3.222
1.850	-0.173	-0.123	0.000	0.48	2.06	14.77	-0.08	-0.20	0.02	0	-0.172	-0.121	-0.324	0.003	0.005	3.246
1.859	-0.173	-0.123	0.000	0.46	2.07	14.76	0.32	-0.38	-0.19	0	-0.172	-0.121	-0.324	0.003	0.005	3.271
1.868	-0.173	-0.123	0.000	0.48	2.09	14.74	0.12	-0.36	0.14	0	-0.172	-0.121	-0.324	0.003	0.004	3.295
1.878	-0.173	-0.123	0.000	0.50	2.07	14.73	0.17	-0.26	-0.09	0	-0.172	-0.121	-0.324	0.003	0.004	3.320
1.889	-0.174	-0.123	0.000	0.48	2.14	14.72	0.00	-0.03	0.11	0	-0.173	-0.121	-0.323	0.003	0.004	3.345
1.899	-0.172	-0.124	0.000	0.53	2.07	14.70	0.03	-0.11	-0.12	0	-0.172	-0.121	-0.323	0.003	0.004	3.369
1.909	-0.173	-0.120	0.000	0.36	2.04	14.69	0.06	-0.15	0.04	0	-0.172	-0.121	-0.323	0.003	0.004	3.394
1.920	-0.173	-0.121	0.000	0.39	2.07	14.67	-0.05	-0.28	0.01	0	-0.172	-0.120	-0.323	0.003	0.004	3.418
1.930	-0.174	-0.119	0.000	0.34	2.08	14.66	0.10	-0.26	-0.17	0	-0.173	-0.120	-0.322	0.002	0.004	3.443
1.940	-0.173	-0.121	0.000	0.42	2.07	14.64	0.19	-0.11	-0.04	0	-0.173	-0.120	-0.322	0.002	0.004	3.467
1.945	-0.173	-0.121	0.000	0.44	2.08	14.63	-0.05	-0.23	0.04	0	-0.173	-0.120	-0.322	0.002	0.004	3.491
1.961	-0.174	-0.121	0.000	0.41	2.09	14.61	0.23	-0.38	0.19	0	-0.173	-0.120	-0.321	0.002	0.004	3.516
1.971	-0.174	-0.119	0.000	0.33	2.09	14.60	0.09	-0.36	-0.07	0	-0.173	-0.119	-0.321	0.002	0.004	3.540
1.978	-0.173	-0.121	0.000	0.44	2.06	14.58	0.33	-0.33	-0.15	0	-0.173	-0.119	-0.321	0.002	0.004	3.564
1.987	-0.173	-0.120	0.000	0.44	2.06	14.57	0.02	0.09	0.19	0	-0.173	-0.119	-0.321	0.002	0.004	3.589
1.997	-0.173	-0.120	0.000	0.43	2.07	14.55	0.04	-0.11	0.00	0	-0.173	-0.119	-0.320	0.002	0.004	3.613
2.007	-0.174	-0.121	0.000	0.47	2.10	14.54	-0.00	-0.19	0.03	0	-0.173	-0.119	-0.320	0.002	0.004	3.637
2.018	-0.173	-0.121	0.000	0.47	2.09	14.52	-0.01	-0.28	0.03	0	-0.173	-0.119	-0.320	0.002	0.004	3.662
2.029	-0.174	-0.120	0.000	0.42	2.09	14.51	0.08	-0.20	0.14	0	-0.173	-0.119	-0.319	0.002	0.004	3.686
2.040	-0.173	-0.121	0.000	0.47	2.05	14.49	0.12	-0.20	-0.06	0	-0.173	-0.119	-0.319	0.002	0.003	3.710
2.045	-0.173	-0.119	0.000	0.41	2.07	14.48	0.21	-0.05	0.03	0	-0.173	-0.119	-0.318	0.002	0.003	3.734
2.057	-0.174	-0.120	0.000	0.43	2.09	14.47	0.01	0.38	0.21	0	-0.173	-0.118	-0.318	0.002	0.003	3.758
2.068	-0.174	-0.120	0.000	0.46	2.10	14.45	0.10	-0.10	0.09	0	-0.173	-0.118	-0.318	0.002	0.003	3.783
2.080	-0.174	-0.119	0.000	0.42	2.09	14.44	-0.00	-0.07	-0.19	0	-0.173	-0.118	-0.317	0.002	0.003	3.807
2.086	-0.174	-0.118	0.000	0.37	2.09	14.43	0.35	-0.29	0.05	0	-0.173	-0.118	-0.317	0.002	0.003	3.831
2.097	-0.174	-0.120	0.000	0.44	2.09	14.41	-0.04	-0.24	-0.01	0	-0.173	-0.118	-0.316	0.002	0.003	3.855
2.108	0.000	0.000	0.000	0.00	0.00	0.00	0.25	-0.26	-0.10	0	-0.152	-0.103	-0.316	0.010	0.008	3.879
2.113	-0.000	0.000	0.469	-0.00	0.01	0.00	0.05	-0.12	-0.08	0	-0.133	-0.090	-0.238	0.016	0.013	3.932
2.125	0.000	-0.000	0.000	0.11	-0.02	-0.00	0.05	-0.26	-0.01	0	-0.117	-0.079	-0.250	0.022	0.017	3.951
2.137	0.000	0.000	0.000	-0.08	-0.01	-0.00	-0.22	-0.29	0.04	0	-0.102	-0.069	-0.259	0.028	0.020	3.971
2.148	0.000	-0.000	0.000	0.11	0.01	0.00	0.16	-0.11	-0.04	0	-0.089	-0.059	-0.268	0.032	0.023	3.991
2.158	0.000	-0.000	0.000	0.02	0.03	-0.00	0.12	-0.16	-0.05	0	-0.077	-0.051	-0.275	0.036	0.026	4.012
2.169	0.001	-0.000	0.000	0.03	-0.04	0.00	0.03	-0.11	-0.00	0	-0.067	-0.044	-0.280	0.040	0.028	4.033
2.180	0.000	-0.000	0.000	0.03	0.15	0.00	-0.07	-0.16	-0.13	0	-0.058	-0.038	-0.285	0.042	0.030	4.055
2.185	0.001	0.000	0.000	-0.13	0.11	0.00	-0.04	-0.31	-0.04	0	-0.049	-0.032	-0.289	0.045	0.032	4.077
2.198	-0.001	0.002	0.000	-0.85	0.90	0.01	-0.21	-0.18	0.21	0	-0.042	-0.027	-0.292	0.047	0.033	4.099
2.207	-0.002	0.002	0.000	-0.59	1.59	0.01	-0.03	-0.17	-0.10	0	-0.036	-0.022	-0.295	0.049	0.035	4.121
2.217	-0.002	0.001	0.000	-0.24	1.54	0.00	0.05	-0.34	-0.05	0	-0.031	-0.018	-0.297	0.050	0.036	4.144
2.230	-0.001	-0.002	0.000	1.13	1.05	-0.02	-0.09	-0.03	-0.06	0	-0.026	-0.015	-0.299	0.052	0.036	4.167
2.238	-0.001	-0.002	0.000	1.15	0.84	-0.01	0.01	-0.07	0.06	0	-0.021	-0.012	-0.300	0.053	0.037	4.189
2.249	-0.001	-0.002	0.000	1.02	0.86	-0.01	0.04	-0.27	-0.11	0	-0.017	-0.010	-0.301	0.053	0.037	4.212
2.259	0.000	-0.003	0.000	0.95	0.58	-0.01	0.11	-0.06	-0.07	0	-0.014	-0.008	-0.302	0.054	0.037	4.235
2.270	-0.001	-0.003	0.000	0.87	0.88	-0.01	-0.02	-0.27	0.23	0	-0.011	-0.006	-0.302	0.055	0.038	4.258
2.275	-0.001	-0.003	0.000	0.91	0.91	-0.01	0.00	-0.35	-0.09	0	-0.008	-0.004	-0.303	0.055	0.038	4.281
2.286	-0.001	-0.003	0.000	0.68	1.10	-0.01	0.00	-0.18	-0.25	0	-0.006	-0.003	-0.303	0.055	0.038	4.304
2.297	0.000	-0.002	0.000	0.58	0.77	-0.01	0.27	-0.19	-0.05	0	-0.003	-0.002	-0.303	0.055	0.038	4.327
2.308	-0.001	-0.008	0.000	1.94	1.11	-0.03	0.16	-0.36	-0.04	0	-0.002	-0.001	-0.303	0.055	0.037	4.350
2.318	-0.002	-0.011	-0.000	2.67	1.32	-0.05	-0.11	-0.16	-0.15	0	-0.000	-0.001	-0.303	0.055	0.037	4.373
2.329	-0.002	-0.012	-0.000	2.65	1.33	-0.05	-0.04	-0.04	0.05	0	0.001	-0.001	-0.303	0.055	0.036	4.396
2.339	-0.002	-0.012	-0.000	2.45	1.34	-0.04	-0.24	-0.18	0.04	0	0.002	-0.002	-0.303	0.055	0.036	4.419
2.350	0.000	-0.014	-0.000	2.62	0.95	-0.04	-0.09	-0.29	0.08	0	0.004	-0.002	-0.303	0.055	0.035	4.442
2.355	-0.000	-0.013	0.000	2.16	1.04	-0.04	-0.07	-0.17	-0.18	0	0.005	-0.002	-0.302	0.055	0.035	4.465
2.370	-0.002	-0.015	0.000	2.33	1.46	-0.04	0.18	-0.03	-0.06	0	0.006	-0.003	-0.302	0.054	0.034	4.488
2.379	-0.001	-0.015	0.000	2.11	1.34	-0.03	-0.06	-0.38	0.09	0	0.006	-0.003	-0.301	0.054	0.033	4.511
2.386	-0.002	-0.016	0.000	2.14	1.44	-0.04	0.23	-0.10	0.17	0	0.007	-0.004	-0.301	0.053	0.033	4.533
2.396	-0.002	-0.015	0.000	1.76	1.45	-0.03	-0.03	-0.35	-0.03	0	0.007	-0.004	-0.300	0.053	0.032	4.556
2.406	-0.003	-0.010	0.001	0.64	1.68	0.01	0.06	-0.30	0.19	0	0.008	-0.004	-0.300	0.052	0.032	4.579
2.416	-0.003	-0.010	0.001	0.64	1.68	0.01	0.01	-0.16	-0.27	0	0.008	-0.003	-0.299	0.052	0.032	4.602
2.429	0.000	-0.011	0.001	0.80	1.11	-0.00	0.02	-0.22	-0.04	0	0.008	-0.003	-0.298	0.051	0.031	4.625
2.437	0.001	-0.016	0.001	1.47	1.02	-0.02	0.07	-0.27	-0.11	0	0.009	-0.004	-0.298	0.051	0.030	4.647
2.447	0.000	-0.014	0.001	0.99	1.21	-0.01	0.03	-0.01	-0.04	0	0.009	-0.004	-0.297	0.051	0.030	4.670
2.458	0.000	-0.008	0.001	0.07	1.25	0.02	-0.00	-0.29	-0.02	0	0.010	-0.003	-0.296	0.050	0.030	4.692
2.473	0.000	-0.007	0.001	-0.01	1.28	0.02	-0.15	-0.27	0.14	0	0.010	-0.003	-0.296	0.050	0.029	4.715
2.478	-0.003	-0.010	0.001	0.35	1.68	0.02	-0.03	-0.37	-0.02	0	0.010	-0.003	-0.295	0.049	0.029	4.737
2.489	-0.001	-0.007	0.001	-0.01	1.48	0.02	0.05	-0.19	0.11	0	0.010	-0.002	-0.294	0.048	0.029	4.760
2.499	-0.001	-0.008	0.001	0.02	1.50	0.02	0.06	-0.10	0.13	0	0.010	-0.002	-0.294	0.048	0.029	4.782
2.509	-0.000	-0.007	0.001	-0.04	1.43	0.03	0.18	-0.24	0.10	0	0.010	-0.001	-0.293	0.047	0.028	4.804
2.519	-0.001	-0.008	0.001	0.02	1.53	0.03	0.29	-0.14	0.17	0	0.010	-0.001	-0.292	0.047	0.028	4.827
2.529	0.000	-0.009	0.001	0.17	1.39	0.02	-0.08	-0.09	-0.00	0	0.011	-0.001	-0.292	0.046	0.027	4.849
2.537	-0.000	-0.011	0.001	0.41	1.44	0.01	-0.10	-0.46	-0.13	0	0.011	-0.001	-0.291	0.046	0.027	4.871
2.549	0.000	-0.012	0.001	0.41	1.44	0.01	0.04	-0.25	0.21	0	0.011	-0.001	-0.290	0.045	0.026	4.893
2.559	-0.000	-0.008	0.001	0.06	1.51	0.03	0.33	-0.26	-0.29	0	0.011	-0.001	-0.290	0.044	0.026	4.915
2.570	-0.001	-0.007	0.001	-0.05	1.60	0.03	-0.01	-0.35	-0.03	0	0.011	-0.001	-0.289	0.044	0.026	4.937
2.579	-0.000	-0.008	0.001	0.07	1.52	0.02	-0.11	-0.29	-0.16	0	0.011	-0.001	-0.288	0.043	0.025	4.959
2.590	-0.000	-0.009	0.001	0.07	1.52	0.02	0.09	0.02	-0.04	0	0.011	-0.001	-0.288	0.043	0.025	4.981
2.595	-0.001	-0.008	0.001	0.04	1.64	0.02	0.07	-0.01	0.07	0	0.011	-0.001	-0.287	0.042	0.025	5.003
2.608	-0.003	-0.013	0.000	0.47	1.83	0.00	0.28	-0.11	-0.05	0	0.010	-0.001	-0.286	0.041	0.024	5.024
2.616	-0.005	-0.013	0.000	0.44	1.93	0.00	0.13	-0.17	-0.09	0	0.010	-0.002	-0.286	0.041	0.023	5.046
2.626	-0.005	-0.013	0.000	0.42	1.96	0.01	0.10	-0.21	-0.01	0	0.009	-0.002	-0.285	0.040	0.023	5.068
2.637	-0.007	-0.015	0.000	0.51	2.13	-0.00	-0.25	-0.35	0.14	0	0.009	-0.003	-0.284	0.039	0.022	5.089
2.647	-0.007	-0.018	0.000	0.75	2.11	-0.01	0.19	-0.15	0.02	0	0.008	-0.004	-0.284	0.038	0.021	5.111
2.658	-0.005	-0.020	0.000	0.83	1.92	-0.01	-0.06	0.06	-0.00	0	0.008	-0.005	-0.283	0.038	0.021	5.132
2.670	-0.006	-0.019	0.000	0.78	2.00	-0.01	0.21	-0.09	0.00	0	0.007	-0.006	-0.282	0.037	0.020	5.154
2.680	-0.006	-0.019	0.000	0.70	1.97	-0.01	0.10	-0.47	0.05	0	0.007	-0.006	-0.282	0.036	0.019	5.175
2.692	-0.007	-0.013	0.001	0.23	2.04	0.02	0.09	-0.06	0.02	0	0.006	-0.006	-0.281	0.036	0.019	5.197
2.699	-0.007	-0.012	0.000	0.15	1.99	0.02	-0.07	-0.31	0.06	0	0.006	-0.006	-0.280	0.035	0.019	5.218
2.709	-0.007	-0.012	0.000	0.14	2.03	0.02	-0.00	-0.11	-0.25	0	0.005	-0.006	-0.279	0.034	0.018	5.239
2.720	-0.007	-0.013	0.000	0.19	2.01	0.02	-0.06	-0.41	0.09	0	0.005	-0.006	-0.279	0.034	0.018	5.260
2.730	-0.007	-0.012	0.000	0.13	2.00	0.02	0.12	-0.17	0.00	0	0.005	-0.006	-0.278	0.033	0.018	5.281
2.737	-0.009	-0.013	0.000	0.17	2.08	0.02	-0.04	-0.18	0.08	0	0.004	-0.006	-0.277	0.032	0.017	5.302
2.748	-0.007	-0.012	0.000	0.12	1.95	0.03	0.07	-0.36	-0.05	0	0.004	-0.006	-0.277	0.032	0.017	5.323
2.759	-0.008	-0.012	0.000	0.11	2.00	0.03	0.09	-0.14	0.12	0	0.004	-0.006	-0.276	0.031	0.017	5.344
2.770	-0.007	-0.014	0.000	0.24	1.93	0.02	0.18	-0.08	-0.04	0	0.003	-0.006	-0.275	0.031	0.016	5.365
2.775	-0.007	-0.013	0.000	0.17	1.93	0.02	-0.16	-0.36	-0.10	0	0.003	-0.006	-0.274	0.030	0.016	5.386
2.786	0.005	-0.006	0.000	-0.24	1.18	0.06	-0.00	-0.22	0.03	0	0.004	-0.005	-0.274	0.030	0.016	5.407
2.798	0.006	-0.006	0.000	-0.22	1.15	0.06	-0.06	0.08	0.18	0	0.006	-0.005	-0.273	0.030	0.016	5.428
2.808	0.006	-0.007	0.000	-0.19	1.19	0.06	-0.14	-0.34	0.17	0	0.007	-0.004	-0.272	0.030	0.016	5.448
2.819	0.005	-0.006	0.001	-0.21	1.28	0.06	0.12	-0.08	-0.32	0	0.008	-0.003	-0.271	0.030	0.016	5.469
2.830	0.004	-0.007	0.000	-0.12	1.39	0.05	0.11	-0.14	0.13	0	0.008	-0.003	-0.270	0.030	0.015	5.489
2.835	0.006	-0.006	0.000	-0.15	1.30	0.06	0.04	-0.11	-0.01	0	0.009	-0.003	-0.270	0.030	0.015	5.510
2.847	0.006	-0.006	0.000	-0.15	1.30	0.05	-0.03	-0.29	0.19	0	0.010	-0.002	-0.269	0.030	0.015	5.530
2.859	0.004	-0.006	0.001	-0.16	1.45	0.05	-0.10	-0.36	0.04	0	0.010	-0.002	-0.268	0.029	0.015	5.551
2.864	0.004	-0.006	0.001	-0.14	1.49	0.05	0.27	-0.31	0.04	0	0.010	-0.001	-0.267	0.029	0.015	5.571
2.881	0.004	-0.005	0.000	-0.14	1.49	0.05	-0.11	-0.38	-0.11	0	0.011	-0.001	-0.266	0.029	0.014	5.591
2.886	0.006	-0.006	0.000	-0.09	1.39	0.05	-0.03	-0.27	-0.06	0	0.011	-0.001	-0.266	0.028	0.014	5.611
2.897	0.006	-0.007	0.000	-0.03	1.43	0.04	-0.07	-0.19	0.26	0	0.011	-0.001	-0.265	0.028	0.014	5.632
2.909	0.006	-0.006	0.001	-0.03	1.46	0.04	0.17	-0.44	-0.09	0	0.012	-0.001	-0.264	0.028	0.014	5.652
2.920	0.009	-0.013	0.000	0.31	1.36	0.03	0.06	-0.13	-0.00	0	0.012	-0.001	-0.263	0.028	0.013	5.672
2.926	0.005	-0.012	0.001	0.25	1.57	0.02	0.17	-0.18	-0.07	0	0.013	-0.002	-0.263	0.027	0.013	5.692
2.936	0.005	-0.012	0.001	0.28	1.59	0.02	-0.14	-0.15	0.12	0	0.013	-0.003	-0.262	0.027	0.012	5.712
2.948	0.005	-0.012	0.001	0.28	1.59	0.02	-0.07	-0.16	-0.03	0	0.013	-0.003	-0.261	0.026	0.012	5.731
2.959	0.010	-0.019	0.000	0.63	1.36	0.02	0.11	0.16	-0.02	0	0.013	-0.004	-0.260	0.026	0.011	5.751
2.969	0.010	-0.019	0.000	0.60	1.38	0.02	-0.10	-0.34	-0.15	0	0.014	-0.005	-0.259	0.026	0.010	5.771
2.978	0.009	-0.018	0.000	0.51	1.47	0.02	0.02	-0.07	0.06	0	0.014	-0.006	-0.259	0.026	0.010	5.790
2.989	0.009	-0.018	0.000	0.52	1.50	0.02	0.29	-0.31	-0.07	0	0.015	-0.007	-0.258	0.026	0.009	5.810
2.998	0.010	-0.018	0.000	0.50	1.46	0.02	-0.19	-0.16	-0.19	0	0.015	-0.008	-0.257	0.025	0.008	5.830
3.009	0.006	-0.010	0.001	0.11	1.69	0.03	0.24	-0.01	0.06	0	0.015	-0.008	-0.256	0.025	0.008	5.849
3.019	0.006	-0.009	0.001	0.07	1.73	0.03	0.18	-0.33	-0.10	0	0.015	-0.007	-0.255	0.024	0.008	5.869
3.029	0.005	-0.010	0.001	0.09	1.78	0.02	0.07	-0.22	-0.09	0	0.015	-0.007	-0.254	0.024	0.008	5.888
3.037	0.006	-0.010	0.001	0.11	1.73	0.02	0.05	-0.19	0.05	0	0.014	-0.007	-0.254	0.023	0.008	5.907
3.049	0.007	-0.014	0.001	0.32	1.70	0.02	0.06	-0.23	0.07	0	0.014	-0.007	-0.253	0.023	0.007	5.926
3.055	0.006	-0.015	0.001	0.35	1.75	0.01	0.14	-0.22	-0.27	0	0.014	-0.007	-0.252	0.023	0.007	5.946
3.070	0.005	-0.021	0.001	0.60	1.82	-0.00	0.17	-0.32	-0.07	0	0.014	-0.008	-0.251	0.022	0.006	5.965
3.078	0.004	-0.021	0.001	0.58	1.85	-0.00	0.03	-0.17	-0.00	0	0.014	-0.009	-0.250	0.022	0.006	5.984
3.089	0.006	-0.023	0.001	0.65	1.79	-0.00	0.09	-0.15	0.00	0	0.014	-0.010	-0.250	0.021	0.005	6.003
3.099	0.004	-0.022	0.000	0.58	1.87	-0.00	0.15	-0.23	-0.11	0	0.013	-0.011	-0.249	0.021	0.005	6.022
3.109	0.005	-0.021	0.000	0.56	1.83	0.00	-0.06	0.03	-0.04	0	0.013	-0.012	-0.248	0.020	0.004	6.040
3.119	0.005	-0.021	0.001	0.52	1.86	0.00	-0.06	-0.31	0.08	0	0.013	-0.013	-0.247	0.020	0.004	6.059
3.129	0.004	-0.020	0.001	0.47	1.92	0.00	0.11	-0.02	0.01	0	0.013	-0.013	-0.246	0.019	0.004	6.078
3.138	0.005	-0.021	0.000	0.51	1.84	0.00	0.11	-0.40	0.02	0	0.013	-0.014	-0.246	0.019	0.003	6.097
3.146	0.005	-0.021	0.000	0.50	1.88	0.00	-0.05	-0.34	0.03	0	0.013	-0.014	-0.245	0.019	0.003	6.115
3.157	0.005	-0.020	0.000	0.44	1.89	0.01	0.13	-0.24	-0.00	0	0.012	-0.014	-0.244	0.018	0.002	6.134
3.169	0.005	-0.021	0.000	0.47	1.89	0.00	0.05	-0.06	-0.10	0	0.012	-0.015	-0.243	0.018	0.002	6.152
3.178	0.005	-0.022	0.000	0.47	1.89	0.00	0.24	-0.17	0.01	0	0.012	-0.015	-0.242	0.018	0.002	6.171
3.188	0.004	-0.020	0.000	0.39	1.94	0.01	-0.01	-0.13	0.22	0	0.012	-0.015	-0.242	0.017	0.002	6.189
3.201	0.004	-0.021	0.000	0.40	1.92	0.01	0.24	0.16	0.18	0	0.012	-0.016	-0.241	0.017	0.001	6.207
3.209	0.005	-0.021	0.000	0.41	1.90	0.01	-0.12	-0.31	0.20	0	0.012	-0.016	-0.240	0.016	0.001	6.225
3.217	0.005	-0.021	0.000	0.40	1.88	0.01	-0.11	-0.31	0.01	0	0.012	-0.016	-0.239	0.016	0.001	6.244
3.228	0.006	-0.023	0.000	0.47	1.84	0.01	0.15	-0.28	-0.07	0	0.012	-0.017	-0.238	0.016	0.000	6.262
3.236	0.005	-0.021	0.000	0.39	1.89	0.01	-0.04	-0.23	0.07	0	0.012	-0.017	-0.238	0.015	0.000	6.280
3.249	0.005	-0.022	0.000	0.39	1.89	0.01	0.05	-0.48	0.10	0	0.012	-0.017	-0.237	0.015	-0.000	6.298
3.258	0.005	-0.022	0.000	0.40	1.90	0.01	0.21	-0.26	-0.16	0	0.012	-0.017	-0.236	0.015	-0.000	6.316
3.272	0.003	-0.016	0.000	0.15	2.00	0.02	0.10	-0.41	-0.06	0	0.011	-0.017	-0.235	0.014	-0.000	6.334
3.277	0.002	-0.015	0.000	0.10	2.03	0.02	0.16	-0.04	-0.07	0	0.011	-0.016	-0.234	0.014	-0.000	6.351
3.290	0.002	-0.015	0.000	0.08	2.07	0.03	0.18	-0.18	-0.01	0	0.011	-0.016	-0.233	0.013	-0.000	6.369
3.300	0.002	-0.015	0.000	0.11	2.03	0.02	0.07	-0.16	0.21	0	0.010	-0.015	-0.233	0.013	-0.000	6.387
3.309	0.002	-0.014	0.000	0.08	2.06	0.03	0.05	-0.36	-0.05	0	0.010	-0.015	-0.232	0.013	-0.000	6.404
3.315	0.002	-0.015	0.000	0.12	2.03	0.02	0.03	-0.08	0.18	0	0.010	-0.014	-0.231	0.012	-0.000	6.422
3.329	0.002	-0.014	0.000	0.09	2.05	0.03	0.14	-0.35	0.06	0	0.009	-0.014	-0.230	0.012	-0.000	6.439
3.339	0.002	-0.014	0.000	0.09	2.05	0.03	-0.16	-0.25	-0.16	0	0.009	-0.014	-0.229	0.012	-0.000	6.457
3.346	0.002	-0.015	0.000	0.14	2.02	0.02	0.05	-0.19	-0.08	0	0.009	-0.013	-0.229	0.011	-0.000	6.474
3.355	-0.005	-0.020	0.000	0.37	2.33	0.00	0.17	-0.20	-0.00	0	0.008	-0.014	-0.228	0.011	-0.001	6.491
3.367	-0.006	-0.021	0.000	0.41	2.35	-0.00	0.19	-0.08	-0.02	0	0.007	-0.014	-0.227	0.010	-0.001	6.509
3.377	-0.008	-0.023	0.000	0.46	2.39	-0.01	-0.24	-0.19	0.09	0	0.006	-0.015	-0.226	0.009	-0.001	6.526
3.388	-0.007	-0.023	0.000	0.44	2.37	-0.00	0.06	-0.10	0.01	0	0.005	-0.016	-0.225	0.009	-0.002	6.543
3.400	-0.008	-0.023	0.000	0.44	2.37	-0.00	0.04	-0.22	-0.03	0	0.004	-0.016	-0.225	0.008	-0.002	6.560
3.409	-0.007	-0.023	0.000	0.43	2.33	-0.00	0.08	-0.22	-0.23	0	0.003	-0.017	-0.224	0.007	-0.002	6.577
3.419	-0.008	-0.023	0.000	0.43	2.33	-0.00	0.01	-0.10	-0.14	0	0.002	-0.017	-0.223	0.007	-0.003	6.594
3.428	-0.007	-0.023	0.000	0.41	2.29	-0.00	0.11	-0.22	0.14	0	0.002	-0.017	-0.222	0.006	-0.003	6.611
3.439	-0.008	-0.023	0.000	0.41	2.29	-0.00	0.01	0.05	-0.14	0	0.001	-0.018	-0.221	0.006	-0.003	6.628
3.448	-0.007	-0.023	0.000	0.41	2.24	-0.00	0.14	-0.18	-0.18	0	0.001	-0.018	-0.221	0.006	-0.003	6.644
3.459	-0.007	-0.023	0.000	0.41	2.24	-0.00	-0.01	-0.06	0.02	0	0.000	-0.019	-0.220	0.005	-0.004	6.661
3.469	-0.007	-0.022	0.000	0.36	2.21	0.00	0.10	0.22	-0.03	0	-0.000	-0.019	-0.219	0.005	-0.004	6.678
3.479	-0.008	-0.023	0.000	0.36	2.21	0.00	0.06	-0.35	-0.09	0	-0.001	-0.019	-0.218	0.005	-0.004	6.694
3.488	-0.007	-0.024	0.000	0.41	2.19	-0.00	-0.01	-0.07	0.09	0	-0.001	-0.019	-0.217	0.004	-0.004	6.711
3.497	-0.008	-0.024	0.000	0.41	2.19	-0.00	0.02	-0.24	-0.14	0	-0.001	-0.020	-0.216	0.004	-0.005	6.727
3.508	-0.008	-0.021	0.000	0.27	2.18	0.01	-0.03	-0.07	-0.04	0	-0.002	-0.019	-0.216	0.004	-0.005	6.744
3.517	-0.008	-0.021	0.000	0.27	2.18	0.01	0.37	0.02	0.20	0	-0.002	-0.019	-0.215	0.003	-0.005	6.760
3.527	-0.008	-0.022	0.000	0.33	2.13	0.01	0.21	-0.29	-0.16	0	-0.002	-0.019	-0.214	0.003	-0.005	6.776
3.539	-0.008	-0.022	0.000	0.33	2.13	0.00	0.08	-0.17	-0.00	0	-0.003	-0.020	-0.213	0.003	-0.005	6.792
3.547	-0.007	-0.022	0.000	0.32	2.09	0.00	0.03	-0.30	0.16	0	-0.003	-0.020	-0.212	0.003	-0.005	6.808
3.558	-0.007	-0.022	0.000	0.32	2.09	0.00	0.06	-0.22	-0.05	0	-0.003	-0.020	-0.211	0.002	-0.005	6.824
3.567	-0.007	-0.022	0.000	0.31	2.08	0.00	0.01	-0.07	0.10	0	-0.003	-0.020	-0.211	0.002	-0.005	6.840
3.579	-0.008	-0.022	0.000	0.31	2.08	0.01	-0.19	-0.35	0.11	0	-0.003	-0.020	-0.210	0.002	-0.005	6.856
3.588	-0.008	-0.021	0.000	0.25	2.09	0.01	0.18	-0.09	0.04	0	-0.003	-0.020	-0.209	0.002	-0.006	6.872
3.596	-0.008	-0.021	0.000	0.25	2.09	0.01	0.13	-0.03	-0.02	0	-0.004	-0.020	-0.208	0.001	-0.006	6.888
3.607	-0.007	-0.022	0.000	0.31	2.03	0.01	0.16	-0.23	0.02	0	-0.004	-0.020	-0.207	0.001	-0.006	6.904
3.616	-0.007	-0.022	0.000	0.31	2.04	0.01	-0.02	-0.26	-0.08	0	-0.004	-0.020	-0.207	0.001	-0.006	6.920
3.628	-0.008	-0.021	0.000	0.24	2.04	0.01	0.17	-0.24	-0.19	0	-0.004	-0.020	-0.206	0.001	-0.006	6.935
3.638	-0.008	-0.021	0.000	0.24	2.04	0.01	0.15	-0.27	0.09	0	-0.004	-0.020	-0.205	0.001	-0.006	6.951
3.647	-0.007	-0.023	0.000	0.33	2.00	0.00	-0.22	-0.35	-0.11	0	-0.004	-0.020	-0.204	0.000	-0.006	6.966
3.658	-0.007	-0.023	0.000	0.33	2.00	0.00	0.07	-0.27	0.12	0	-0.004	-0.020	-0.203	0.000	-0.006	6.982
3.668	-0.009	-0.022	0.000	0.28	2.08	0.01	0.06	-0.04	0.13	0	-0.004	-0.020	-0.203	0.000	-0.006	6.997
3.678	-0.007	-0.022	0.000	0.30	1.98	0.01	0.12	-0.05	-0.18	0	-0.004	-0.020	-0.202	-0.000	-0.006	7.012
3.690	-0.008	-0.022	0.000	0.30	2.00	0.00	0.21	-0.29	0.02	0	-0.005	-0.020	-0.201	-0.000	-0.007	7.028
3.699	-0.007	-0.023	0.000	0.32	1.97	0.00	-0.06	-0.30	0.04	0	-0.005	-0.020	-0.200	-0.000	-0.007	7.043
3.710	-0.009	-0.021	0.000	0.27	2.03	0.01	0.08	-0.31	-0.08	0	-0.005	-0.020	-0.199	-0.001	-0.007	7.058
3.720	-0.009	-0.021	0.000	0.27	2.03	0.01	0.06	-0.06	0.11	0	-0.005	-0.020	-0.199	-0.001	-0.007	7.073
3.729	-0.008	-0.023	0.000	0.31	1.99	0.00	0.03	-0.03	0.21	0	-0.005	-0.020	-0.198	-0.001	-0.007	7.088
3.735	-0.007	-0.023	0.000	0.35	1.93	0.00	0.06	-0.20	0.10	0	-0.005	-0.020	-0.197	-0.001	-0.007	7.103
3.749	-0.007	-0.023	0.000	0.31	1.93	0.01	0.07	-0.34	-0.13	0	-0.005	-0.021	-0.196	-0.001	-0.007	7.118
3.759	-0.008	-0.022	0.000	0.28	1.96	0.01	0.09	-0.18	0.17	0	-0.005	-0.020	-0.195	-0.001	-0.007	7.133
3.769	-0.007	-0.022	0.000	0.30	1.94	0.01	0.05	-0.16	0.11	0	-0.005	-0.021	-0.195	-0.002	-0.007	7.148
3.781	-0.008	-0.023	0.000	0.30	1.94	0.00	-0.09	-0.18	0.05	0	-0.005	-0.021	-0.194	-0.002	-0.007	7.162
3.789	-0.007	-0.022	0.000	0.27	1.93	0.01	-0.02	-0.21	-0.17	0	-0.005	-0.021	-0.193	-0.002	-0.008	7.177
3.800	-0.008	-0.022	0.000	0.27	1.93	0.01	-0.20	-0.40	-0.17	0	-0.005	-0.021	-0.192	-0.002	-0.008	7.192
3.809	-0.010	-0.017	0.000	0.08	2.05	0.01	0.06	0.04	0.01	0	-0.005	-0.020	-0.191	-0.002	-0.007	7.206
3.817	-0.011	-0.016	0.000	0.06	2.05	0.02	0.00	-0.34	0.05	0	-0.006	-0.019	-0.191	-0.002	-0.007	7.221
3.830	-0.011	-0.017	0.000	0.11	2.04	0.01	-0.02	-0.30	-0.11	0	-0.006	-0.019	-0.190	-0.003	-0.007	7.235
3.837	-0.011	-0.017	0.000	0.11	2.04	0.01	-0.01	-0.25	-0.03	0	-0.006	-0.019	-0.189	-0.003	-0.007	7.249
3.850	-0.011	-0.017	0.000	0.11	2.06	0.01	0.11	-0.30	0.05	0	-0.007	-0.018	-0.188	-0.003	-0.007	7.264
3.858	-0.012	-0.017	0.000	0.11	2.06	0.01	0.05	0.08	0.08	0	-0.007	-0.018	-0.188	-0.003	-0.007	7.278
3.870	-0.012	-0.017	0.000	0.11	2.06	0.01	-0.05	-0.21	-0.15	0	-0.007	-0.018	-0.187	-0.004	-0.007	7.292
3.875	-0.011	-0.012	0.000	-0.06	2.01	0.02	0.14	0.02	0.16	0	-0.008	-0.017	-0.186	-0.004	-0.007	7.306
3.888	-0.011	-0.012	0.000	-0.05	2.00	0.02	-0.02	-0.44	-0.07	0	-0.008	-0.016	-0.185	-0.004	-0.007	7.320
3.898	-0.010	-0.015	0.000	0.07	1.94	0.02	-0.00	-0.46	-0.12	0	-0.008	-0.016	-0.184	-0.004	-0.007	7.334
3.910	-0.010	-0.014	0.000	0.07	1.94	0.02	0.01	-0.09	0.04	0	-0.008	-0.015	-0.184	-0.004	-0.006	7.348
3.919	-0.010	-0.012	0.000	-0.02	1.93	0.02	-0.05	-0.26	0.02	0	-0.008	-0.015	-0.183	-0.004	-0.006	7.362
3.928	-0.010	-0.012	0.000	-0.02	1.97	0.02	0.07	-0.26	-0.06	0	-0.008	-0.014	-0.182	-0.004	-0.006	7.376
3.940	-0.006	-0.016	0.000	0.17	1.77	0.02	-0.04	-0.24	0.09	0	-0.007	-0.014	-0.181	-0.004	-0.006	7.390
3.949	-0.006	-0.016	0.000	0.18	1.79	0.02	-0.05	-0.01	-0.01	0	-0.007	-0.014	-0.181	-0.004	-0.006	7.403
3.960	-0.006	-0.015	0.000	0.18	1.76	0.02	-0.06	-0.45	-0.07	0	-0.007	-0.014	-0.180	-0.004	-0.006	7.417
3.970	-0.005	-0.015	0.000	0.19	1.76	0.02	-0.05	-0.17	-0.28	0	-0.006	-0.014	-0.179	-0.004	-0.007	7.431
3.980	-0.006	-0.015	0.000	0.18	1.79	0.02	-0.01	-0.26	0.02	0	-0.006	-0.014	-0.178	-0.004	-0.007	7.444
3.987	-0.007	-0.015	0.000	0.18	1.85	0.02	0.21	-0.26	-0.24	0	-0.006	-0.014	-0.177	-0.004	-0.007	7.458
3.999	-0.007	-0.015	0.000	0.20	1.83	0.01	-0.02	-0.22	0.09	0	-0.006	-0.014	-0.177	-0.004	-0.007	7.471
4.010	-0.006	-0.016	0.000	0.23	1.81	0.01	-0.01	-0.30	0.15	0	-0.006	-0.014	-0.176	-0.004	-0.007	7.485
4.017	-0.007	-0.016	0.000	0.23	1.87	0.01	0.22	-0.03	0.07	0	-0.006	-0.014	-0.175	-0.004	-0.007	7.498
4.028	-0.006	-0.016	0.000	0.24	1.82	0.01	0.23	-0.00	0.06	0	-0.006	-0.014	-0.174	-0.004	-0.007	7.511
4.039	-0.006	-0.016	0.000	0.24	1.82	0.01	-0.09	-0.07	-0.07	0	-0.005	-0.014	-0.174	-0.004	-0.007	7.524
4.048	-0.006	-0.016	0.000	0.26	1.82	0.01	0.12	-0.23	-0.04	0	-0.005	-0.014	-0.173	-0.004	-0.007	7.537
4.059	-0.002	-0.012	0.000	0.09	1.67	0.02	-0.08	-0.09	0.16	0	-0.005	-0.014	-0.172	-0.004	-0.007	7.550
4.069	-0.007	-0.010	0.000	0.05	1.87	0.02	-0.04	-0.25	-0.20	0	-0.005	-0.013	-0.171	-0.004	-0.007	7.563
4.078	-0.007	-0.010	0.000	0.04	1.87	0.02	-0.02	-0.24	-0.22	0	-0.005	-0.012	-0.171	-0.004	-0.007	7.576
4.085	-0.007	-0.010	0.000	0.05	1.87	0.02	0.20	-0.30	-0.07	0	-0.005	-0.012	-0.170	-0.004	-0.007	7.589
4.099	-0.002	-0.005	0.000	-0.15	1.67	0.02	-0.15	-0.24	-0.21	0	-0.004	-0.011	-0.169	-0.004	-0.006	7.602
4.107	-0.002	-0.007	0.000	-0.01	1.68	0.02	0.05	-0.26	0.05	0	-0.004	-0.010	-0.168	-0.004	-0.006	7.615
4.116	-0.007	-0.005	0.000	-0.09	1.89	0.02	0.06	-0.21	-0.08	0	-0.004	-0.009	-0.168	-0.004	-0.006	7.628
4.126	-0.006	-0.005	0.000	-0.06	1.88	0.02	-0.04	-0.08	0.06	0	-0.004	-0.009	-0.167	-0.004	-0.006	7.640
4.138	-0.007	-0.005	0.000	-0.04	1.94	0.02	0.14	-0.21	0.04	0	-0.004	-0.008	-0.166	-0.005	-0.006	7.653
4.148	-0.006	-0.010	0.001	0.19	1.88	0.01	-0.07	-0.52	-0.17	0	-0.004	-0.008	-0.165	-0.005	-0.006	7.666
4.159	-0.005	-0.004	0.001	-0.05	1.82	0.02	0.11	-0.03	0.11	0	-0.004	-0.007	-0.164	-0.005	-0.006	7.678
4.165	-0.004	-0.004	0.001	-0.02	1.78	0.02	-0.02	-0.26	-0.11	0	-0.004	-0.007	-0.164	-0.005	-0.005	7.691
4.178	-0.004	-0.005	0.001	0.03	1.79	0.02	0.18	0.05	0.01	0	-0.004	-0.006	-0.163	-0.005	-0.005	7.703
4.189	-0.006	-0.004	0.001	0.01	1.88	0.01	0.11	-0.10	0.17	0	-0.004	-0.006	-0.162	-0.005	-0.005	7.715
4.200	-0.003	-0.009	0.001	0.23	1.79	0.02	0.09	-0.20	0.06	0	-0.004	-0.006	-0.161	-0.005	-0.005	7.728
4.206	-0.003	-0.008	0.001	0.21	1.76	0.02	0.08	0.02	-0.24	0	-0.003	-0.006	-0.161	-0.005	-0.006	7.740
4.216	-0.003	-0.004	0.001	0.07	1.81	0.02	-0.12	0.15	-0.26	35881	-0.003	-0.005	-0.160	-0.005	-0.006	7.752
4.228	-0.003	-0.004	0.001	0.09	1.79	0.02	0.29	0.02	-0.02	35890	-0.003	-0.005	-0.159	-0.005	-0.005	7.764
4.238	-0.003	-0.005	0.001	0.13	1.78	0.01	0.09	-0.21	0.05	35884	-0.003	-0.005	-0.157	-0.005	-0.005	7.776
4.245	-0.004	-0.003	0.001	0.08	1.86	0.01	0.33	0.05	-0.35	35929	-0.003	-0.004	-0.155	-0.005	-0.005	7.788
4.260	-0.003	-0.005	0.001	0.16	1.80	0.01	0.07	-0.06	-0.45	35938	-0.002	-0.004	-0.153	-0.005	-0.005	7.800
4.265	-0.003	-0.004	0.001	0.14	1.80	0.02	-0.68	-0.13	-0.22	35917	-0.002	-0.004	-0.151	-0.005	-0.005	7.811
4.278	-0.005	-0.003	0.000	0.13	1.88	0.01	-0.28	-1.46	-0.20	35925	-0.002	-0.004	-0.148	-0.005	-0.005	7.822
4.287	-0.005	-0.003	0.000	0.12	1.89	0.01	-0.12	-0.32	-0.38	35981	-0.002	-0.003	-0.146	-0.005	-0.005	7.834
4.298	-0.005	-0.002	0.000	0.12	1.89	0.01	-0.83	-0.95	-0.77	35986	-0.002	-0.003	-0.143	-0.005	-0.005	7.844
4.307	-0.005	-0.002	0.000	0.11	1.90	0.01	-1.37	-0.80	-0.36	35988	-0.002	-0.003	-0.140	-0.005	-0.005	7.855
4.318	-0.005	-0.003	0.000	0.14	1.90	0.01	-1.26	-1.27	0.26	35967	-0.002	-0.002	-0.138	-0.006	-0.005	7.866
4.328	-0.003	-0.010	0.001	0.44	1.83	0.01	0.26	0.08	-0.17	35939	-0.002	-0.003	-0.135	-0.006	-0.006	7.876
4.339	0.002	-0.018	0.000	0.75	1.61	0.01	-0.63	-0.91	-1.35	35917	-0.001	-0.005	-0.132	-0.005	-0.006	7.886
4.349	0.003	-0.018	0.000	0.72	1.59	-0.01	0.43	-0.30	-1.54	35964	-0.000	-0.006	-0.129	-0.005	-0.007	7.896
4.359	0.003	-0.019	0.000	0.74	1.60	-0.02	-0.58	-1.25	-4.00	35958	0.000	-0.008	-0.126	-0.005	-0.007	7.905
4.368	0.005	-0.019	0.000	0.71	1.57	-0.07	0.23	-0.79	-6.26	35978	0.001	-0.009	-0.123	-0.005	-0.008	7.914
4.379	0.004	-0.019	0.000	0.69	1.62	-0.13	-1.43	-1.48	-5.83	36007	0.002	-0.010	-0.120	-0.005	-0.008	7.924
4.388	0.003	-0.016	0.001	0.57	1.65	-0.19	-1.16	-1.92	-5.47	35991	0.003	-0.011	-0.116	-0.005	-0.009	7.932
4.400	0.002	-0.016	0.001	0.54	1.71	-0.24	-0.34	-0.62	-7.78	35931	0.003	-0.011	-0.113	-0.005	-0.009	7.941
4.410	0.001	-0.022	0.000	0.75	1.75	-0.32	-1.43	-1.36	-8.22	35936	0.003	-0.013	-0.110	-0.005	-0.009	7.949
4.420	0.000	-0.018	0.000	0.57	1.79	-0.40	-0.86	0.56	-6.90	36009	0.003	-0.013	-0.107	-0.005	-0.010	7.958
4.428	0.000	-0.017	0.001	0.47	1.78	-0.47	-2.37	-1.59	-5.29	38071	0.003	-0.014	-0.104	-0.005	-0.010	7.966
4.438	-0.001	-0.017	0.001	0.43	1.84	-0.52	-1.66	-0.79	-5.16	38045	0.003	-0.014	-0.101	-0.005	-0.010	7.973
4.448	-0.000	-0.019	0.001	0.50	1.79	-0.58	-1.18	-0.29	-5.63	38059	0.003	-0.015	-0.098	-0.006	-0.010	7.981
4.458	0.000	-0.017	0.000	0.39	1.78	-0.64	-2.45	-2.74	-6.49	38103	0.003	-0.015	-0.095	-0.006	-0.010	7.988
4.468	-0.003	-0.013	0.000	0.21	1.92	-0.70	-0.00	0.79	-8.26	38136	0.003	-0.015	-0.092	-0.006	-0.010	7.995
4.477	-0.003	-0.013	0.000	0.19	1.90	-0.79	-2.32	-1.43	-8.64	38153	0.003	-0.015	-0.089	-0.006	-0.010	8.002
4.488	-0.002	-0.013	0.001	0.17	1.86	-0.88	-2.29	-1.86	-8.99	38171	0.003	-0.014	-0.086	-0.007	-0.010	8.008
4.499	-0.002	-0.014	0.000	0.18	1.85	-0.96	-0.60	-1.14	-8.66	38158	0.003	-0.014	-0.083	-0.007	-0.010	8.015
4.509	-0.002	-0.013	0.000	0.14	1.83	-1.05	2.15	3.26	-7.98	38220	0.003	-0.014	-0.080	-0.007	-0.010	8.021
4.521	-0.003	-0.013	0.000	0.18	1.82	-1.13	2.61	1.26	-10.48	38287	0.003	-0.014	-0.076	-0.008	-0.010	8.027
4.529	-0.004	-0.012	0.000	0.17	1.80	-1.24	3.00	2.94	-13.22	38328	0.002	-0.014	-0.073	-0.008	-0.010	8.032
4.538	-0.003	-0.012	0.000	0.19	1.71	-1.38	3.26	4.71	-13.04	38320	0.002	-0.014	-0.070	-0.008	-0.010	8.038
4.549	-0.001	0.000	0.000	-0.30	1.58	-1.50	10.54	7.95	-12.85	38309	0.002	-0.012	-0.067	-0.008	-0.009	8.043
4.558	-0.000	-0.001	0.001	-0.13	1.42	-1.63	9.83	9.52	-12.31	38361	0.003	-0.011	-0.064	-0.008	-0.009	8.048
4.566	0.000	0.001	0.000	-0.10	1.32	-1.75	-0.23	1.29	-9.96	38342	0.003	-0.009	-0.061	-0.009	-0.008	8.052
4.577	0.000	-0.000	0.001	-0.01	1.29	-1.85	1.50	0.83	-7.28	38348	0.003	-0.008	-0.058	-0.009	-0.008	8.057
4.589	0.000	0.004	0.000	-0.16	1.26	-1.93	3.50	1.38	-8.88	38312	0.003	-0.007	-0.055	-0.009	-0.007	8.061
4.598	0.000	0.003	0.000	-0.07	1.24	-2.02	-3.40	-0.28	-11.09	38469	0.003	-0.005	-0.053	-0.009	-0.007	8.065
4.608	-0.001	0.005	0.000	-0.16	1.30	-2.13	-2.15	-5.46	-8.54	38395	0.003	-0.004	-0.050	-0.009	-0.006	8.069
4.618	-0.000	0.003	0.001	-0.02	1.27	-2.21	-2.65	-1.20	-8.21	38467	0.004	-0.003	-0.047	-0.009	-0.006	8.072
4.627	0.001	0.005	0.001	-0.12	1.21	-2.29	-1.16	-2.81	-7.23	38425	0.004	-0.002	-0.044	-0.010	-0.006	8.076
4.634	-0.002	0.003	0.000	-0.03	1.34	-2.36	-1.38	1.23	-5.36	40496	0.004	-0.001	-0.041	-0.010	-0.005	8.079
4.648	-0.002	0.006	0.000	-0.11	1.31	-2.41	2.87	0.94	-3.55	40549	0.004	-0.000	-0.038	-0.010	-0.005	8.082
4.657	-0.002	0.007	0.000	-0.11	1.30	-2.44	5.39	3.45	-0.57	40642	0.004	0.001	-0.035	-0.010	-0.005	8.085
4.665	-0.001	0.006	0.001	0.02	1.20	-2.45	10.28	5.13	-3.05	40695	0.004	0.001	-0.033	-0.011	-0.005	8.087
4.677	-0.002	0.006	0.000	0.17	1.15	-2.49	11.46	11.95	-7.52	40645	0.004	0.002	-0.030	-0.011	-0.004	8.089
4.686	-0.003	0.007	0.000	0.23	1.03	-2.57	6.90	8.44	-8.09	40732	0.003	0.003	-0.027	-0.011	-0.004	8.091
4.697	-0.002	0.006	0.001	0.36	0.89	-2.64	-4.93	4.25	-5.94	40720	0.003	0.003	-0.024	-0.012	-0.004	8.093
4.708	-0.001	0.007	0.001	0.29	0.78	-2.69	-11.45	6.84	-3.80	40620	0.003	0.004	-0.021	-0.012	-0.004	8.095
4.718	-0.003	0.010	0.000	0.07	0.82	-2.74	-9.01	-3.63	-5.73	40641	0.003	0.005	-0.018	-0.012	-0.004	8.096
4.728	-0.002	0.007	0.001	0.11	0.80	-2.79	-16.59	-3.48	-5.25	40763	0.003	0.005	-0.015	-0.012	-0.004	8.097
4.738	-0.002	0.009	0.001	-0.13	0.83	-2.85	-17.62	-12.44	-5.27	40766	0.003	0.006	-0.012	-0.013	-0.003	8.098
4.748	-0.001	0.009	0.001	-0.28	0.89	-2.89	-13.31	-17.87	-2.77	40840	0.003	0.006	-0.009	-0.013	-0.003	8.099
4.758	-0.001	0.007	0.001	-0.27	1.04	-2.91	-2.73	-19.45	-0.27	40850	0.004	0.007	-0.006	-0.013	-0.003	8.100
4.768	-0.002	0.008	0.001	-0.28	1.27	-2.91	14.53	-15.16	0.68	40807	0.004	0.007	-0.004	-0.013	-0.003	8.100
4.774	-0.000	0.006	0.001	-0.03	1.32	-2.90	24.55	-12.22	3.34	40891	0.004	0.007	-0.001	-0.014	-0.003	8.100
4.789	-0.001	0.007	0.001	0.21	1.45	-2.86	19.75	-5.59	4.32	40890	0.004	0.007	0.002	-0.014	-0.003	8.100
4.795	-0.000	0.006	0.001	0.44	1.44	-2.81	1.08	14.39	3.45	40991	0.004	0.007	0.005	-0.014	-0.003	8.100
4.810	-0.001	0.007	0.001	0.40	1.33	-2.78	-5.48	21.26	2.45	41109	0.004	0.007	0.007	-0.014	-0.003	8.099
4.817	0.001	0.007	0.001	0.35	0.98	-2.76	-14.11	29.94	-0.47	41293	0.004	0.007	0.010	-0.014	-0.003	8.099
4.826	-0.000	0.007	0.001	0.22	0.72	-2.76	-17.86	37.45	0.13	41330	0.004	0.007	0.013	-0.015	-0.003	8.098
4.838	-0.000	0.007	0.001	0.13	0.43	-2.76	25.85	-8.27	2.54	41387	0.004	0.008	0.015	-0.015	-0.003	8.097
4.846	-0.001	0.010	0.001	0.23	0.51	-2.74	24.12	0.66	4.51	43374	0.004	0.008	0.018	-0.015	-0.003	8.095
4.857	-0.001	0.011	0.000	0.45	0.50	-2.69	19.58	5.94	4.13	43250	0.004	0.008	0.021	-0.015	-0.003	8.094
4.867	0.002	0.009	0.001	0.77	0.22	-2.64	15.74	22.34	4.77	43374	0.005	0.009	0.023	-0.016	-0.003	8.092
4.875	0.004	0.009	0.001	0.89	-0.12	-2.58	3.27	40.76	8.04	43411	0.005	0.009	0.026	-0.016	-0.003	8.090
4.886	0.004	0.009	0.001	0.95	-0.59	-2.49	-2.81	51.37	8.96	43435	0.006	0.009	0.029	-0.016	-0.003	8.088
4.897	0.006	0.012	0.001	0.79	-1.16	-2.40	-6.69	59.25	9.17	43394	0.006	0.009	0.031	-0.016	-0.003	8.086
4.910	0.007	0.009	0.001	0.87	-1.75	-2.27	-3.78	17.99	13.86	43442	0.007	0.009	0.034	-0.016	-0.003	8.083
4.916	0.007	0.009	0.001	0.82	-1.89	-2.13	-16.22	5.97	16.52	43328	0.007	0.009	0.037	-0.016	-0.003	8.080
4.928	0.009	0.011	0.001	0.52	-2.06	-1.99	-27.66	3.59	17.25	43076	0.008	0.010	0.040	-0.016	-0.003	8.078
4.938	0.010	0.012	0.001	0.24	-2.10	-1.81	-37.49	4.21	16.96	43006	0.008	0.010	0.043	-0.016	-0.003	8.074
4.947	0.009	0.008	0.002	0.04	-2.07	-1.60	-48.20	1.86	15.44	42992	0.009	0.010	0.045	-0.015	-0.003	8.071
4.958	0.008	0.008	0.002	-0.43	-2.04	-1.44	-48.46	7.19	16.70	42791	0.009	0.010	0.048	-0.016	-0.003	8.068
4.967	0.013	0.008	0.002	-0.92	-2.38	-1.28	-48.38	11.59	16.22	42717	0.010	0.009	0.051	-0.015	-0.003	8.064
4.977	0.013	0.009	0.003	-1.43	-2.44	-1.13	-37.43	7.58	16.51	42834	0.011	0.009	0.054	-0.015	-0.003	8.060
4.987	0.014	0.009	0.002	-1.78	-2.52	-0.97	-25.06	0.43	19.13	42744	0.011	0.009	0.056	-0.015	-0.003	8.056
4.998	0.015	0.010	0.003	-2.02	-2.56	-0.78	-17.27	-6.03	19.95	42858	0.012	0.009	0.059	-0.015	-0.003	8.052
5.003	0.017	0.010	0.003	-2.18	-2.54	-0.58	-0.57	-13.05	19.14	42829	0.013	0.010	0.062	-0.015	-0.003	8.047
5.013	0.017	0.008	0.004	-2.04	-2.33	-0.35	17.17	-25.53	20.38	42773	0.014	0.010	0.064	-0.015	-0.003	8.043
5.028	0.015	0.008	0.003	-1.84	-1.97	-0.14	26.49	-37.08	19.10	42551	0.014	0.010	0.067	-0.014	-0.003	8.038
5.034	0.016	0.009	0.004	-1.56	-1.60	0.06	30.37	-42.25	16.74	42747	0.015	0.010	0.070	-0.014	-0.003	8.033
5.048	0.018	0.008	0.004	-1.22	-1.21	0.25	29.77	-41.34	16.44	42690	0.015	0.010	0.072	-0.014	-0.003	8.028
5.058	0.017	0.007	0.005	-0.84	-0.70	0.44	26.06	-41.82	17.01	44717	0.016	0.009	0.075	-0.014	-0.004	8.022
5.067	0.017	0.007	0.006	-0.59	-0.29	0.62	20.27	-38.98	17.78	44599	0.016	0.009	0.078	-0.014	-0.004	8.017
5.077	0.017	0.006	0.004	-0.33	0.13	0.81	16.90	-29.19	15.16	44557	0.017	0.009	0.080	-0.014	-0.004	8.011
5.086	0.015	-0.001	0.005	0.17	0.54	1.05	18.89	-23.07	15.03	44943	0.017	0.008	0.083	-0.014	-0.004	8.005
5.098	0.015	-0.001	0.006	0.30	0.79	1.18	14.87	-26.42	15.16	44897	0.017	0.007	0.085	-0.014	-0.005	7.999
5.110	0.015	-0.003	0.007	0.51	1.10	1.35	7.83	-22.38	14.29	44804	0.017	0.006	0.088	-0.015	-0.005	7.993
5.118	0.011	-0.002	0.005	0.52	1.51	1.47	0.83	-20.19	14.31	44738	0.017	0.005	0.091	-0.015	-0.006	7.987
5.136	0.014	-0.003	0.006	0.53	1.58	1.62	-8.21	-18.59	13.20	45136	0.017	0.004	0.093	-0.015	-0.006	7.980
5.143	0.016	-0.002	0.006	0.37	1.70	1.74	-20.44	-15.53	11.79	45044	0.017	0.004	0.096	-0.015	-0.006	7.973
5.150	0.016	-0.004	0.007	0.25	1.88	1.87	-26.77	-13.04	10.09	44922	0.017	0.003	0.098	-0.015	-0.007	7.966
5.157	0.011	-0.003	0.005	-0.10	2.23	1.95	-29.43	-9.13	9.80	44872	0.017	0.002	0.101	-0.016	-0.007	7.959
5.168	0.010	-0.004	0.005	-0.36	2.37	2.05	-30.30	-6.22	9.49	45420	0.017	0.001	0.103	-0.016	-0.007	7.952
5.179	0.009	-0.005	0.006	-0.66	2.42	2.15	-33.98	-2.96	9.31	45392	0.016	0.001	0.105	-0.016	-0.007	7.944
5.188	0.011	-0.005	0.007	-1.00	2.37	2.24	-31.99	7.44	8.48	45341	0.016	-0.000	0.108	-0.017	-0.008	7.936
5.200	0.011	-0.005	0.008	-1.34	2.27	2.32	-26.68	14.91	7.73	45261	0.016	-0.001	0.111	-0.017	-0.008	7.928
5.208	0.014	-0.005	0.010	-1.64	1.99	2.40	-21.78	18.31	8.57	45183	0.016	-0.001	0.114	-0.017	-0.008	7.921
5.258	0.014	-0.005	0.011	-1.84	1.78	2.48	-14.66	20.62	8.79	44725	0.016	-0.001	0.117	-0.017	-0.008	7.913
5.263	0.014	-0.006	0.012	-1.97	1.57	2.57	-2.95	24.68	9.26	44672	0.016	-0.002	0.120	-0.017	-0.008	7.905
5.268	0.016	-0.005	0.013	-2.00	1.23	2.65	14.66	31.87	8.13	44637	0.017	-0.002	0.123	-0.017	-0.009	7.896
5.270	0.011	-0.006	0.013	-1.80	1.11	2.71	27.87	36.95	6.69	44548	0.016	-0.003	0.126	-0.017	-0.009	7.888
5.275	0.012	-0.007	0.014	-1.46	0.69	2.77	32.40	37.96	4.16	44648	0.016	-0.003	0.128	-0.018	-0.009	7.879
5.277	0.014	-0.007	0.016	-1.18	0.18	2.81	30.74	35.20	1.40	46625	0.016	-0.003	0.131	-0.018	-0.009	7.870
5.283	0.014	-0.007	0.017	-0.84	-0.17	2.82	26.18	32.35	-0.84	46554	0.017	-0.004	0.134	-0.018	-0.009	7.861
5.287	0.016	-0.012	0.018	-0.40	-0.54	2.82	17.60	28.41	-2.66	46520	0.017	-0.004	0.137	-0.018	-0.010	7.852
5.298	0.015	-0.012	0.020	-0.25	-0.80	2.79	5.32	24.06	-3.97	46491	0.017	-0.005	0.141	-0.018	-0.010	7.843
5.308	0.013	-0.011	0.021	-0.28	-0.94	2.73	-8.47	17.15	-5.35	46279	0.017	-0.006	0.144	-0.018	-0.010	7.834
5.319	0.013	-0.011	0.022	-0.39	-1.08	2.67	-18.86	7.94	-5.44	46252	0.017	-0.006	0.147	-0.018	-0.011	7.824
5.328	0.013	-0.011	0.023	-0.61	-1.16	2.62	-26.73	-2.29	-5.83	46250	0.016	-0.007	0.151	-0.019	-0.011	7.815
5.341	0.009	-0.011	0.027	-0.93	-0.95	2.54	-32.13	-8.66	-6.12	46236	0.016	-0.007	0.154	-0.019	-0.011	7.805
5.346	0.008	-0.011	0.029	-1.23	-0.81	2.48	-34.05	-12.84	-7.55	45735	0.015	-0.007	0.158	-0.019	-0.011	7.795
5.357	0.007	-0.012	0.030	-1.54	-0.68	2.41	-33.58	-14.01	-8.98	45708	0.015	-0.008	0.162	-0.020	-0.012	7.785
5.367	0.006	-0.012	0.031	-1.87	-0.49	2.32	-30.47	-12.13	-9.86	45679	0.014	-0.008	0.165	-0.020	-0.012	7.775
5.377	0.006	-0.012	0.036	-2.20	-0.36	2.22	-23.21	-10.27	-10.32	45684	0.013	-0.008	0.169	-0.020	-0.012	7.765
5.387	0.004	-0.011	0.037	-2.46	-0.20	2.11	-13.42	-5.76	-10.64	45126	0.012	-0.008	0.173	-0.021	-0.012	7.755
5.400	0.003	-0.011	0.039	-2.57	-0.11	2.00	-1.26	-2.72	-10.15	45108	0.011	-0.008	0.177	-0.021	-0.012	7.744
5.406	0.002	-0.012	0.040	-2.54	-0.07	1.90	11.68	-0.05	-10.45	45116	0.011	-0.009	0.180	-0.022	-0.012	7.734
5.416	0.003	-0.012	0.042	-2.39	-0.12	1.81	27.55	1.82	-9.67	45094	0.010	-0.009	0.184	-0.022	-0.013	7.723
5.427	0.001	-0.012	0.045	-2.08	-0.08	1.71	39.08	1.80	-8.63	45078	0.009	-0.009	0.188	-0.022	-0.013	7.712
5.438	0.001	-0.013	0.046	-1.65	-0.09	1.62	45.23	2.17	-8.57	44791	0.008	-0.009	0.192	-0.023	-0.013	7.701
5.447	-0.002	-0.012	0.048	-1.23	-0.03	1.51	50.58	2.35	-8.41	44771	0.007	-0.009	0.195	-0.023	-0.013	7.690
5.457	-0.002	-0.012	0.050	-0.72	-0.06	1.43	54.00	2.85	-8.19	44789	0.006	-0.009	0.199	-0.024	-0.013	7.678
5.468	-0.003	-0.012	0.059	-0.15	-0.08	1.35	51.05	4.97	-8.40	46936	0.005	-0.009	0.203	-0.024	-0.013	7.667
5.478	-0.003	-0.013	0.061	0.40	-0.17	1.28	42.47	11.56	-8.30	45561	0.004	-0.009	0.208	-0.024	-0.014	7.656
5.486	-0.005	-0.013	0.062	0.79	-0.23	1.18	29.52	15.01	-8.57	45552	0.003	-0.009	0.212	-0.025	-0.014	7.645
5.498	-0.005	-0.014	0.064	1.11	-0.39	1.11	18.05	17.63	-9.13	45587	0.002	-0.009	0.216	-0.025	-0.014	7.633
5.508	-0.007	-0.013	0.066	1.25	-0.53	1.01	5.45	21.04	-9.38	45633	0.001	-0.009	0.221	-0.026	-0.014	7.622
5.516	-0.007	-0.013	0.072	1.27	-0.75	0.92	-5.86	21.89	-9.54	45687	0.000	-0.009	0.225	-0.026	-0.015	7.610
5.526	-0.007	-0.013	0.074	1.20	-1.01	0.83	-14.84	20.30	-9.86	45011	-0.001	-0.010	0.230	-0.026	-0.015	7.598
5.538	-0.008	-0.013	0.076	1.05	-1.18	0.74	-21.05	17.13	-9.87	45029	-0.002	-0.010	0.234	-0.027	-0.015	7.586
5.547	-0.009	-0.014	0.078	0.85	-1.35	0.64	-25.16	12.33	-9.24	45080	-0.003	-0.010	0.238	-0.027	-0.015	7.574
5.557	-0.010	-0.014	0.085	0.59	-1.48	0.55	-27.04	9.40	-8.98	45132	-0.004	-0.010	0.243	-0.027	-0.015	7.562
5.569	-0.010	-0.014	0.087	0.32	-1.56	0.46	-26.82	6.08	-9.07	44316	-0.005	-0.010	0.247	-0.028	-0.015	7.550
5.578	-0.010	-0.013	0.089	-0.01	-1.64	0.36	-25.47	1.49	-8.43	44310	-0.005	-0.010	0.252	-0.028	-0.016	7.537
5.583	-0.012	-0.013	0.091	-0.24	-1.58	0.28	-21.41	-1.55	-8.03	44290	-0.006	-0.011	0.256	-0.028	-0.016	7.525
5.595	-0.012	-0.013	0.094	-0.44	-1.58	0.20	-16.45	-3.46	-7.61	44297	-0.007	-0.011	0.260	-0.028	-0.016	7.512
5.609	-0.013	-0.013	0.096	-0.60	-1.54	0.13	-7.74	-2.84	-7.50	44085	-0.008	-0.011	0.264	-0.028	-0.016	7.500
5.617	-0.013	-0.013	0.098	-0.66	-1.53	0.06	-2.37	-4.14	-6.14	44114	-0.009	-0.011	0.268	-0.029	-0.016	7.487
5.626	-0.013	-0.013	0.100	-0.68	-1.49	-0.00	5.87	-3.44	-5.77	44127	-0.010	-0.011	0.272	-0.029	-0.016	7.474
5.639	-0.013	-0.013	0.102	-0.62	-1.46	-0.06	10.89	-4.52	-5.45	44142	-0.011	-0.011	0.275	-0.029	-0.016	7.461
5.649	-0.014	-0.013	0.103	-0.51	-1.41	-0.12	15.49	-5.89	-4.92	44167	-0.011	-0.011	0.279	-0.029	-0.016	7.447
5.657	-0.014	-0.014	0.104	-0.33	-1.37	-0.16	18.09	-6.11	-4.46	44517	-0.012	-0.011	0.282	-0.029	-0.017	7.434
5.667	-0.014	-0.013	0.106	-0.17	-1.31	-0.21	17.14	-5.69	-5.53	44559	-0.013	-0.011	0.285	-0.029	-0.017	7.420
5.675	-0.014	-0.013	0.108	-0.00	-1.25	-0.27	16.86	-4.89	-4.48	46694	-0.013	-0.011	0.288	-0.029	-0.017	7.407
5.684	-0.014	-0.013	0.106	0.16	-1.21	-0.31	12.90	-3.92	-4.87	46775	-0.014	-0.011	0.290	-0.029	-0.017	7.393
5.698	-0.014	-0.014	0.107	0.31	-1.18	-0.35	8.89	-3.65	-4.26	47573	-0.014	-0.011	0.293	-0.029	-0.017	7.378
5.706	-0.014	-0.014	0.109	0.40	-1.15	-0.39	4.99	-3.28	-3.75	47655	-0.014	-0.011	0.296	-0.029	-0.017	7.364
5.717	-0.014	-0.015	0.110	0.47	-1.13	-0.42	-0.03	-2.37	-3.57	47723	-0.015	-0.012	0.298	-0.029	-0.017	7.350
5.726	-0.014	-0.015	0.112	0.47	-1.10	-0.46	-3.58	-1.97	-3.19	47791	-0.015	-0.012	0.301	-0.029	-0.017	7.336
5.737	-0.014	-0.015	0.111	0.43	-1.08	-0.49	-6.78	-3.41	-2.77	47865	-0.016	-0.012	0.303	-0.029	-0.018	7.321
5.751	-0.014	-0.015	0.112	0.35	-1.05	-0.52	-8.88	-2.33	-2.53	48257	-0.016	-0.012	0.306	-0.029	-0.018	7.306
5.759	-0.014	-0.013	0.114	0.18	-1.02	-0.56	-8.64	-3.96	-1.81	48297	-0.016	-0.012	0.308	-0.029	-0.018	7.292
5.763	-0.014	-0.015	0.115	0.16	-0.98	-0.57	-8.56	-5.02	-1.53	48333	-0.017	-0.012	0.311	-0.029	-0.018	7.277
5.779	-0.013	-0.017	0.116	0.17	-0.99	-0.56	-8.20	-5.73	-1.31	48365	-0.017	-0.013	0.313	-0.029	-0.018	7.262
5.786	-0.013	-0.017	0.117	0.09	-0.93	-0.58	-6.31	-6.17	-1.19	48433	-0.017	-0.013	0.316	-0.028	-0.018	7.247
5.799	-0.013	-0.018	0.118	0.03	-0.87	-0.59	-5.37	-5.80	-1.06	48433	-0.017	-0.014	0.318	-0.028	-0.019	7.232
5.808	-0.012	-0.018	0.119	-0.03	-0.82	-0.60	-3.83	-7.12	-0.59	48431	-0.017	-0.014	0.321	-0.028	-0.019	7.216
5.816	-0.012	-0.018	0.118	-0.07	-0.75	-0.61	-2.24	-6.94	-0.34	48421	-0.017	-0.015	0.323	-0.028	-0.019	7.201
5.826	-0.012	-0.018	0.119	-0.09	-0.67	-0.61	-2.18	-8.35	-0.19	48965	-0.017	-0.015	0.325	-0.027	-0.019	7.185
5.837	-0.011	-0.018	0.120	-0.11	-0.60	-0.61	-1.77	-9.27	-0.12	48965	-0.017	-0.015	0.327	-0.027	-0.019	7.170
5.852	-0.012	-0.018	0.121	-0.14	-0.49	-0.61	-1.73	-9.02	-0.21	48962	-0.017	-0.016	0.329	-0.027	-0.019	7.154
5.854	-0.011	-0.019	0.122	-0.15	-0.42	-0.62	-0.84	-7.76	0.44	48950	-0.017	-0.016	0.332	-0.027	-0.020	7.138
5.866	-0.010	-0.019	0.121	-0.17	-0.36	-0.61	-1.35	-6.46	0.09	48929	-0.016	-0.016	0.334	-0.026	-0.020	7.122
5.877	-0.010	-0.019	0.123	-0.17	-0.30	-0.61	-1.39	-5.41	0.18	51200	-0.016	-0.016	0.336	-0.026	-0.020	7.106
5.885	-0.010	-0.019	0.124	-0.20	-0.23	-0.60	-0.94	-5.79	1.41	51169	-0.016	-0.017	0.338	-0.026	-0.020	7.089
5.895	-0.009	-0.019	0.125	-0.20	-0.19	-0.59	-1.08	-4.82	0.74	51134	-0.016	-0.017	0.340	-0.025	-0.020	7.073
5.906	-0.009	-0.019	0.125	-0.21	-0.15	-0.58	-1.00	-3.90	1.10	51091	-0.016	-0.017	0.343	-0.025	-0.020	7.056
5.917	-0.009	-0.020	0.126	-0.21	-0.09	-0.57	-1.18	-3.86	1.19	51241	-0.015	-0.017	0.345	-0.025	-0.020	7.040
5.925	-0.009	-0.020	0.127	-0.23	-0.07	-0.55	-1.03	-4.61	1.27	51172	-0.015	-0.017	0.347	-0.024	-0.020	7.023
5.937	-0.007	-0.020	0.128	-0.25	-0.06	-0.54	-0.83	-4.24	1.40	51100	-0.015	-0.018	0.350	-0.024	-0.020	7.006
5.946	-0.007	-0.020	0.129	-0.26	-0.02	-0.53	-0.01	-4.57	1.72	51017	-0.014	-0.018	0.352	-0.024	-0.021	6.989
5.956	-0.007	-0.021	0.129	-0.22	0.02	-0.51	0.60	-5.05	1.83	50926	-0.014	-0.018	0.355	-0.023	-0.021	6.972
5.964	-0.006	-0.020	0.130	-0.23	0.07	-0.49	-1.01	-6.50	2.16	51215	-0.014	-0.018	0.357	-0.023	-0.021	6.955
5.978	-0.006	-0.020	0.131	-0.26	0.14	-0.47	-0.75	-6.19	1.87	51117	-0.013	-0.018	0.359	-0.023	-0.021	6.938
5.986	-0.006	-0.020	0.132	-0.27	0.20	-0.46	-0.77	-6.22	1.67	51003	-0.013	-0.019	0.362	-0.022	-0.021	6.920
5.996	-0.006	-0.021	0.133	-0.26	0.28	-0.44	-0.17	-6.09	1.43	50861	-0.013	-0.019	0.364	-0.022	-0.021	6.903
6.007	-0.006	-0.021	0.135	-0.26	0.34	-0.42	-1.44	-6.68	1.81	50811	-0.012	-0.019	0.367	-0.022	-0.021	6.885
6.016	-0.005	-0.021	0.136	-0.28	0.41	-0.40	-1.46	-6.55	1.92	50662	-0.012	-0.019	0.369	-0.021	-0.021	6.868
6.026	-0.006	-0.021	0.138	-0.30	0.49	-0.38	-1.22	-4.94	1.75	50506	-0.012	-0.019	0.372	-0.021	-0.021	6.850
6.037	-0.006	-0.021	0.138	-0.31	0.55	-0.36	-1.16	-2.88	1.79	50336	-0.011	-0.020	0.374	-0.021	-0.021	6.832
6.047	-0.006	-0.021	0.140	-0.32	0.58	-0.34	-1.14	-0.87	2.24	50417	-0.011	-0.020	0.377	-0.020	-0.021	6.814
6.058	-0.003	-0.021	0.141	-0.34	0.51	-0.32	-0.97	0.94	2.12	50255	-0.011	-0.020	0.380	-0.020	-0.022	6.796
6.066	-0.003	-0.021	0.143	-0.34	0.51	-0.30	-0.63	1.38	2.37	50093	-0.010	-0.020	0.382	-0.020	-0.022	6.778
6.076	-0.003	-0.021	0.145	-0.35	0.49	-0.28	0.28	1.40	2.18	49935	-0.010	-0.020	0.385	-0.019	-0.022	6.759
6.087	-0.003	-0.022	0.145	-0.34	0.49	-0.26	0.53	1.00	2.20	49770	-0.009	-0.020	0.387	-0.019	-0.022	6.741
6.097	-0.003	-0.021	0.147	-0.36	0.48	-0.23	1.55	1.10	1.81	52050	-0.009	-0.020	0.390	-0.019	-0.022	6.723
6.106	-0.003	-0.021	0.149	-0.33	0.47	-0.21	1.82	1.74	2.11	51906	-0.008	-0.020	0.392	-0.018	-0.022	6.704
6.115	-0.001	-0.022	0.151	-0.29	0.42	-0.20	3.24	2.30	1.90	51751	-0.008	-0.021	0.395	-0.018	-0.022	6.686
6.127	-0.002	-0.023	0.153	-0.24	0.43	-0.17	3.50	1.97	1.93	51592	-0.008	-0.021	0.398	-0.018	-0.022	6.667
6.137	-0.002	-0.023	0.155	-0.20	0.42	-0.15	2.65	1.28	1.69	51419	-0.007	-0.021	0.401	-0.018	-0.022	6.648
6.151	-0.001	-0.023	0.157	-0.18	0.39	-0.13	1.97	0.60	2.31	51249	-0.007	-0.021	0.404	-0.017	-0.022	6.630
6.159	-0.001	-0.023	0.159	-0.16	0.39	-0.11	1.48	0.49	1.99	51065	-0.006	-0.021	0.407	-0.017	-0.022	6.611
6.170	-0.002	-0.024	0.162	-0.14	0.42	-0.09	0.36	-1.41	2.27	50866	-0.006	-0.022	0.410	-0.017	-0.022	6.592
6.179	-0.002	-0.024	0.164	-0.14	0.45	-0.07	-0.74	-0.28	1.76	50662	-0.006	-0.022	0.413	-0.017	-0.023	6.573
6.187	-0.001	-0.024	0.166	-0.15	0.43	-0.05	-2.04	-0.85	2.23	50504	-0.006	-0.022	0.417	-0.016	-0.023	6.554
6.197	-0.001	-0.024	0.168	-0.17	0.43	-0.03	-2.70	0.49	1.75	50303	-0.005	-0.022	0.420	-0.016	-0.023	6.535
6.208	0.003	-0.024	0.171	-0.21	0.32	-0.01	-3.11	1.70	1.90	50105	-0.004	-0.022	0.423	-0.016	-0.023	6.516
6.218	0.003	-0.024	0.173	-0.24	0.31	0.00	-2.37	2.31	1.60	49911	-0.004	-0.022	0.426	-0.015	-0.023	6.497
6.225	0.003	-0.024	0.175	-0.26	0.29	0.02	-2.12	2.38	1.57	49836	-0.003	-0.023	0.429	-0.015	-0.023	6.477
6.235	0.003	-0.024	0.178	-0.26	0.26	0.04	-1.36	2.71	1.47	49620	-0.003	-0.023	0.433	-0.015	-0.023	6.458
6.247	0.004	-0.023	0.181	-0.31	0.22	0.05	-0.56	2.64	1.61	49401	-0.002	-0.023	0.436	-0.015	-0.023	6.439
6.257	0.005	-0.024	0.183	-0.30	0.18	0.07	-0.48	1.48	1.53	49197	-0.001	-0.023	0.439	-0.014	-0.023	6.419
6.267	0.005	-0.023	0.186	-0.32	0.17	0.08	0.33	1.64	1.64	49091	-0.001	-0.023	0.442	-0.014	-0.023	6.400
6.276	0.005	-0.023	0.188	-0.32	0.16	0.10	1.27	0.90	1.52	48876	-0.000	-0.023	0.445	-0.014	-0.023	6.380
6.285	0.005	-0.025	0.191	-0.25	0.17	0.11	2.11	-0.99	1.66	48675	0.000	-0.023	0.449	-0.013	-0.023	6.361
6.297	0.005	-0.025	0.194	-0.22	0.18	0.13	2.38	-0.13	1.16	50521	0.001	-0.023	0.452	-0.013	-0.023	6.341
6.307	0.005	-0.025	0.197	-0.20	0.18	0.14	2.71	-1.19	1.59	50336	0.001	-0.023	0.455	-0.013	-0.023	6.322
6.316	0.007	-0.025	0.200	-0.17	0.14	0.15	2.91	-1.67	1.56	50234	0.002	-0.024	0.458	-0.013	-0.024	6.302
6.327	0.008	-0.025	0.203	-0.15	0.14	0.17	3.23	-1.35	1.45	50042	0.002	-0.024	0.462	-0.012	-0.024	6.282
6.337	0.008	-0.025	0.206	-0.12	0.17	0.19	2.99	-1.14	1.76	49841	0.003	-0.024	0.465	-0.012	-0.024	6.263
6.345	0.009	-0.025	0.209	-0.10	0.18	0.20	2.55	-2.23	1.55	49641	0.004	-0.024	0.469	-0.012	-0.024	6.243
6.355	0.010	-0.025	0.212	-0.08	0.17	0.22	1.31	-1.47	1.79	49358	0.004	-0.024	0.472	-0.012	-0.024	6.223
6.366	0.010	-0.025	0.216	-0.07	0.19	0.24	0.67	-2.19	2.01	49156	0.005	-0.024	0.476	-0.011	-0.024	6.204
6.376	0.010	-0.024	0.219	-0.07	0.22	0.25	-0.12	-1.69	1.97	48940	0.006	-0.024	0.479	-0.011	-0.024	6.184
6.385	0.011	-0.024	0.222	-0.07	0.23	0.27	-0.54	-1.83	2.32	48734	0.006	-0.024	0.483	-0.011	-0.024	6.164
6.396	0.012	-0.024	0.227	-0.08	0.24	0.30	-1.06	-1.48	2.03	48517	0.007	-0.024	0.487	-0.011	-0.024	6.144
6.406	0.012	-0.024	0.230	-0.11	0.26	0.32	-0.45	-1.06	2.18	48099	0.007	-0.024	0.491	-0.010	-0.024	6.125
6.417	0.014	-0.024	0.234	-0.11	0.22	0.34	0.42	-0.85	2.26	47884	0.008	-0.024	0.494	-0.010	-0.024	6.105
6.426	0.015	-0.024	0.237	-0.11	0.23	0.36	1.02	-0.37	1.87	47681	0.009	-0.024	0.498	-0.010	-0.024	6.085
6.437	0.016	-0.023	0.242	-0.10	0.23	0.38	1.83	-1.35	1.85	47476	0.010	-0.024	0.502	-0.009	-0.024	6.065
6.446	0.016	-0.022	0.246	-0.10	0.25	0.40	2.49	-1.22	1.80	46994	0.011	-0.023	0.506	-0.009	-0.024	6.046
6.454	0.016	-0.023	0.249	-0.06	0.25	0.42	2.60	-2.37	2.26	46784	0.011	-0.023	0.510	-0.009	-0.024	6.026
6.464	0.017	-0.023	0.253	-0.03	0.27	0.44	3.11	-2.28	2.61	46587	0.012	-0.023	0.513	-0.009	-0.024	6.006
6.478	0.017	-0.022	0.256	-0.01	0.30	0.47	2.45	-2.60	2.70	46394	0.013	-0.023	0.517	-0.009	-0.024	5.986
6.491	0.017	-0.022	0.259	0.02	0.33	0.50	2.67	-2.97	2.82	46413	0.013	-0.023	0.521	-0.008	-0.024	5.966
6.497	0.017	-0.022	0.263	0.03	0.37	0.53	2.11	-3.37	2.68	46241	0.014	-0.023	0.524	-0.008	-0.024	5.947
6.507	0.021	-0.023	0.267	0.07	0.34	0.55	3.20	-3.34	3.04	48220	0.015	-0.023	0.527	-0.008	-0.024	5.927
6.518	0.021	-0.022	0.270	0.11	0.37	0.58	3.65	-3.43	3.13	48087	0.016	-0.023	0.531	-0.008	-0.024	5.907
6.534	0.021	-0.022	0.276	0.14	0.41	0.61	3.38	-3.15	2.79	47941	0.016	-0.023	0.535	-0.007	-0.023	5.887
6.539	0.022	-0.021	0.280	0.15	0.43	0.64	3.54	-3.44	2.69	47455	0.017	-0.022	0.539	-0.007	-0.023	5.868
6.550	0.023	-0.021	0.283	0.19	0.47	0.67	4.39	-2.83	2.97	47311	0.018	-0.022	0.542	-0.007	-0.023	5.848
6.555	0.023	-0.021	0.287	0.24	0.49	0.70	3.24	-2.49	2.86	47164	0.019	-0.022	0.546	-0.007	-0.023	5.828
6.566	0.024	-0.021	0.289	0.27	0.51	0.73	2.27	-1.44	2.73	47014	0.020	-0.022	0.550	-0.006	-0.023	5.809
6.577	0.024	-0.021	0.292	0.29	0.53	0.75	2.30	-0.80	2.84	47298	0.020	-0.022	0.553	-0.006	-0.023	5.789
6.583	0.024	-0.020	0.296	0.30	0.54	0.78	2.16	0.51	2.29	47156	0.021	-0.022	0.556	-0.006	-0.023	5.769
6.593	0.025	-0.020	0.299	0.33	0.52	0.81	0.79	1.06	2.64	47026	0.022	-0.021	0.560	-0.006	-0.023	5.749
6.604	0.025	-0.020	0.303	0.34	0.52	0.83	0.46	-0.01	2.32	46885	0.022	-0.021	0.563	-0.006	-0.023	5.730
6.615	0.025	-0.020	0.306	0.32	0.53	0.86	0.70	-0.05	2.02	46726	0.023	-0.021	0.566	-0.006	-0.023	5.710
6.626	0.025	-0.021	0.310	0.35	0.53	0.87	-0.47	-0.23	1.58	46726	0.023	-0.021	0.570	-0.005	-0.023	5.690
6.638	0.027	-0.020	0.313	0.33	0.51	0.89	-0.43	-0.54	1.66	46599	0.024	-0.021	0.573	-0.005	-0.023	5.670
6.647	0.029	-0.019	0.317	0.31	0.48	0.91	-0.42	-1.16	1.75	46480	0.025	-0.021	0.576	-0.005	-0.023	5.651
6.657	0.029	-0.019	0.321	0.30	0.50	0.92	-0.51	-1.02	1.84	46345	0.026	-0.020	0.579	-0.005	-0.023	5.631
6.668	0.029	-0.019	0.324	0.30	0.52	0.94	0.09	-1.35	2.37	46114	0.026	-0.020	0.583	-0.005	-0.023	5.612
6.679	0.030	-0.018	0.328	0.29	0.53	0.96	-0.19	-1.14	2.22	45991	0.027	-0.020	0.586	-0.005	-0.023	5.592
6.684	0.030	-0.018	0.331	0.29	0.54	0.99	0.17	-0.94	1.92	45875	0.028	-0.020	0.589	-0.005	-0.022	5.572
6.695	0.031	-0.018	0.335	0.30	0.55	1.01	-0.32	-0.73	1.38	45755	0.029	-0.020	0.592	-0.004	-0.022	5.553
6.705	0.031	-0.018	0.338	0.30	0.56	1.02	0.17	-1.23	1.73	47742	0.029	-0.020	0.595	-0.004	-0.022	5.533
6.716	0.032	-0.018	0.342	0.30	0.56	1.04	1.56	-0.76	2.08	47651	0.030	-0.020	0.598	-0.004	-0.022	5.514
6.727	0.031	-0.017	0.345	0.30	0.58	1.06	1.36	-0.29	1.10	47694	0.030	-0.019	0.601	-0.004	-0.022	5.495
6.737	0.032	-0.017	0.349	0.31	0.58	1.07	1.18	-0.30	0.81	47592	0.031	-0.019	0.605	-0.004	-0.022	5.475
6.748	0.032	-0.017	0.353	0.33	0.60	1.08	0.12	-0.82	0.66	47479	0.031	-0.019	0.608	-0.004	-0.022	5.456
6.753	0.032	-0.017	0.357	0.33	0.61	1.09	0.63	-0.10	0.82	47207	0.032	-0.019	0.611	-0.004	-0.022	5.436
6.765	0.033	-0.018	0.360	0.36	0.60	1.10	-0.17	-0.43	1.27	47102	0.032	-0.019	0.615	-0.004	-0.022	5.417
6.774	0.033	-0.017	0.363	0.34	0.60	1.12	-0.42	-0.29	1.47	46987	0.033	-0.018	0.618	-0.004	-0.022	5.398
6.784	0.033	-0.016	0.365	0.33	0.61	1.13	-0.46	0.51	1.46	46856	0.033	-0.018	0.621	-0.004	-0.022	5.378
6.799	0.033	-0.016	0.369	0.32	0.61	1.15	-0.46	0.88	1.27	47018	0.034	-0.018	0.624	-0.004	-0.021	5.359
6.806	0.033	-0.016	0.372	0.32	0.60	1.16	-0.31	1.70	0.59	46909	0.034	-0.018	0.627	-0.004	-0.021	5.340
6.814	0.034	-0.017	0.376	0.33	0.58	1.16	-0.64	1.98	1.16	46793	0.034	-0.018	0.630	-0.004	-0.021	5.321
6.825	0.029	-0.011	0.379	0.23	0.63	1.18	-0.48	2.34	0.64	46664	0.034	-0.017	0.633	-0.004	-0.021	5.301
6.835	0.029	-0.011	0.379	0.23	0.61	1.19	-0.96	2.58	0.14	46542	0.034	-0.016	0.635	-0.005	-0.021	5.282
6.848	0.029	-0.010	0.383	0.22	0.58	1.19	-1.12	2.68	0.01	46928	0.034	-0.016	0.638	-0.005	-0.020	5.263
6.859	0.029	-0.010	0.386	0.22	0.56	1.19	-0.51	3.03	-0.27	46835	0.034	-0.015	0.640	-0.005	-0.020	5.243
6.867	0.029	-0.010	0.389	0.20	0.53	1.18	0.21	3.39	-0.30	46730	0.034	-0.015	0.643	-0.005	-0.020	5.224
6.882	0.030	-0.009	0.391	0.20	0.49	1.18	-0.90	3.76	-0.26	46624	0.034	-0.014	0.645	-0.006	-0.020	5.205
6.887	0.029	-0.009	0.394	0.20	0.45	1.18	1.32	4.44	0.91	46663	0.033	-0.014	0.648	-0.006	-0.019	5.186
6.898	0.029	-0.009	0.398	0.21	0.41	1.19	2.63	4.86	0.60	46573	0.033	-0.013	0.650	-0.006	-0.019	5.166
6.908	0.028	-0.009	0.401	0.24	0.38	1.20	3.23	5.07	0.09	46468	0.033	-0.013	0.653	-0.006	-0.019	5.147
6.917	0.028	-0.009	0.402	0.27	0.32	1.20	2.35	5.35	-0.02	46356	0.033	-0.012	0.655	-0.006	-0.019	5.128
6.924	0.029	-0.008	0.405	0.28	0.26	1.20	4.11	5.05	0.16	46536	0.033	-0.012	0.657	-0.007	-0.019	5.109
6.937	0.029	-0.008	0.408	0.32	0.21	1.20	2.61	4.70	-0.40	46450	0.033	-0.011	0.659	-0.007	-0.019	5.090
6.945	0.029	-0.008	0.411	0.35	0.16	1.19	2.76	4.31	-0.92	46347	0.033	-0.011	0.662	-0.007	-0.018	5.071
6.956	0.029	-0.007	0.414	0.38	0.12	1.18	2.60	3.97	-0.26	46252	0.033	-0.011	0.664	-0.007	-0.018	5.052
6.967	0.029	-0.007	0.418	0.41	0.08	1.18	2.21	3.11	-0.81	46166	0.033	-0.010	0.666	-0.007	-0.018	5.033
6.977	0.029	-0.007	0.421	0.43	0.05	1.17	1.91	3.09	-1.10	45940	0.033	-0.010	0.669	-0.008	-0.018	5.014
6.988	0.030	-0.007	0.424	0.45	0.01	1.16	1.13	2.87	-0.89	45838	0.033	-0.010	0.671	-0.008	-0.018	4.996
6.993	0.030	-0.007	0.427	0.46	-0.02	1.16	1.16	2.54	-0.18	45747	0.033	-0.010	0.674	-0.008	-0.018	4.977
7.004	0.030	-0.007	0.432	0.47	-0.04	1.15	0.54	2.55	-0.23	45664	0.033	-0.009	0.676	-0.008	-0.018	4.958
7.014	0.030	-0.009	0.435	0.50	-0.07	1.15	0.04	2.12	-0.56	45176	0.033	-0.009	0.679	-0.008	-0.018	4.940
7.024	0.031	-0.008	0.438	0.48	-0.10	1.15	-1.80	2.19	-0.71	45077	0.033	-0.009	0.681	-0.008	-0.017	4.921
7.034	0.031	-0.008	0.441	0.47	-0.12	1.14	-0.83	1.44	-0.69	44995	0.033	-0.009	0.684	-0.008	-0.017	4.903
7.045	0.032	-0.007	0.444	0.45	-0.15	1.14	-1.69	1.29	-0.78	44924	0.033	-0.009	0.686	-0.008	-0.017	4.884
7.055	0.032	-0.008	0.447	0.44	-0.15	1.13	-1.56	0.63	-0.74	44838	0.033	-0.009	0.689	-0.008	-0.017	4.866
7.065	0.033	-0.007	0.450	0.41	-0.17	1.12	-1.62	-0.54	-0.85	44658	0.034	-0.009	0.691	-0.008	-0.017	4.848
7.075	0.033	-0.012	0.453	0.46	-0.17	1.11	-1.08	-0.68	-0.62	44596	0.034	-0.009	0.693	-0.009	-0.017	4.830
7.085	0.032	-0.009	0.456	0.41	-0.14	1.11	-1.21	-1.26	-0.57	44536	0.034	-0.009	0.695	-0.009	-0.017	4.811
7.096	0.033	-0.012	0.460	0.44	-0.13	1.10	-1.30	-2.23	-0.47	44473	0.034	-0.010	0.698	-0.009	-0.017	4.793
7.107	0.032	-0.011	0.463	0.41	-0.09	1.10	-1.54	-2.04	-0.53	44125	0.034	-0.010	0.700	-0.009	-0.017	4.775
7.116	0.034	-0.013	0.466	0.42	-0.10	1.09	-1.19	-2.69	-0.40	44076	0.035	-0.011	0.702	-0.009	-0.017	4.758
7.127	0.034	-0.013	0.469	0.40	-0.08	1.09	-1.46	-1.74	-0.44	44018	0.035	-0.011	0.705	-0.009	-0.018	4.740
7.137	0.031	-0.013	0.472	0.39	-0.02	1.09	-1.77	-1.51	-0.71	43919	0.035	-0.012	0.707	-0.009	-0.018	4.722
7.148	0.033	-0.007	0.477	0.30	-0.02	1.08	-2.51	-2.86	-0.83	43919	0.035	-0.011	0.709	-0.009	-0.017	4.704
7.158	0.034	-0.010	0.480	0.30	-0.01	1.07	-3.54	-1.42	-1.31	43317	0.035	-0.011	0.712	-0.009	-0.017	4.687
7.164	0.032	-0.011	0.483	0.28	0.03	1.06	-3.20	-2.15	-1.48	43264	0.035	-0.011	0.714	-0.009	-0.017	4.669
7.174	0.032	-0.013	0.486	0.27	0.05	1.05	-2.19	-1.93	-1.19	43234	0.035	-0.012	0.716	-0.010	-0.017	4.652
7.184	0.032	-0.013	0.490	0.25	0.06	1.03	-3.32	-2.21	-1.25	43203	0.035	-0.012	0.718	-0.010	-0.017	4.634
7.195	0.032	-0.013	0.493	0.22	0.09	1.02	-1.73	-1.75	-1.12	42946	0.035	-0.012	0.720	-0.010	-0.017	4.617
7.207	0.032	-0.009	0.495	0.15	0.11	1.01	-2.60	-1.87	-0.99	42949	0.035	-0.012	0.722	-0.010	-0.017	4.600
7.218	0.034	-0.005	0.498	0.08	0.10	1.00	-2.73	-0.64	0.05	42954	0.035	-0.012	0.724	-0.010	-0.017	4.583
7.228	0.034	-0.005	0.501	0.05	0.10	1.00	-3.35	-0.44	-0.95	42954	0.035	-0.011	0.726	-0.010	-0.017	4.566
7.237	0.035	-0.005	0.504	0.02	0.10	0.99	-2.20	1.05	0.30	42768	0.036	-0.010	0.728	-0.010	-0.016	4.549
7.247	0.036	0.004	0.506	-0.09	0.08	1.00	-2.16	1.94	-0.42	42777	0.036	-0.009	0.730	-0.010	-0.016	4.532
7.257	0.036	0.005	0.509	-0.12	0.06	0.99	-1.55	1.74	-1.11	42792	0.036	-0.007	0.732	-0.010	-0.015	4.515
7.268	0.036	0.005	0.511	-0.13	0.04	0.98	0.39	1.79	0.12	42816	0.037	-0.006	0.733	-0.010	-0.014	4.498
7.278	0.037	0.007	0.514	-0.14	0.02	0.98	1.21	2.61	-0.81	42832	0.037	-0.005	0.735	-0.010	-0.014	4.481
7.289	0.037	0.007	0.517	-0.12	-0.01	0.97	3.07	1.96	-1.60	42726	0.037	-0.003	0.736	-0.010	-0.013	4.465
7.297	0.037	0.007	0.519	-0.08	-0.02	0.96	6.17	0.71	-0.70	42763	0.037	-0.002	0.738	-0.010	-0.013	4.448
7.308	0.037	0.006	0.521	-0.00	-0.03	0.96	6.08	0.17	-0.54	42802	0.038	-0.001	0.739	-0.010	-0.013	4.431
7.317	0.037	0.006	0.525	0.06	-0.03	0.95	8.79	-0.24	-0.30	42840	0.038	-0.001	0.741	-0.010	-0.012	4.415
7.325	0.038	0.007	0.527	0.14	-0.04	0.95	9.22	-0.37	-0.14	42544	0.038	0.000	0.742	-0.010	-0.012	4.399
7.335	0.038	0.008	0.529	0.23	-0.04	0.95	8.89	0.14	-0.32	42596	0.038	0.001	0.743	-0.010	-0.011	4.382
7.346	0.037	0.007	0.531	0.33	-0.03	0.95	8.48	0.30	-0.48	42635	0.039	0.002	0.745	-0.010	-0.011	4.366
7.356	0.036	0.006	0.534	0.42	-0.02	0.94	7.32	0.74	-0.54	42687	0.039	0.002	0.746	-0.010	-0.011	4.350
7.366	0.036	0.007	0.535	0.49	-0.02	0.94	5.98	-0.05	0.03	42676	0.039	0.003	0.747	-0.011	-0.011	4.334
7.379	0.036	0.007	0.537	0.55	-0.02	0.94	4.85	0.17	-0.23	42730	0.039	0.003	0.748	-0.011	-0.011	4.318
7.387	0.036	0.008	0.539	0.59	-0.03	0.94	3.00	0.39	-0.98	42812	0.039	0.004	0.749	-0.011	-0.010	4.302
7.397	0.036	0.008	0.541	0.62	-0.03	0.93	2.25	0.04	0.08	42877	0.039	0.004	0.750	-0.011	-0.010	4.286
7.403	0.036	0.008	0.543	0.64	-0.03	0.93	-0.40	0.05	-1.23	42953	0.039	0.004	0.751	-0.011	-0.010	4.271
7.418	0.036	0.008	0.544	0.63	-0.03	0.92	-1.57	-0.99	-0.32	42944	0.039	0.005	0.751	-0.011	-0.010	4.255
7.429	0.036	0.007	0.546	0.63	-0.02	0.92	-1.95	-0.61	-0.16	43015	0.038	0.005	0.752	-0.011	-0.010	4.239
7.437	0.036	0.007	0.547	0.61	-0.02	0.91	-1.89	-0.18	0.15	43097	0.039	0.005	0.753	-0.011	-0.010	4.224
7.444	0.037	0.007	0.550	0.58	-0.01	0.91	-2.34	-0.73	0.50	43185	0.039	0.005	0.754	-0.011	-0.010	4.208
7.455	0.037	0.007	0.551	0.56	-0.01	0.91	-2.29	-1.04	0.60	43089	0.039	0.005	0.754	-0.012	-0.010	4.193
7.465	0.035	0.007	0.552	0.53	0.01	0.91	-2.66	-0.91	0.29	43178	0.038	0.005	0.755	-0.012	-0.009	4.177
7.476	0.036	0.007	0.553	0.50	0.02	0.92	-3.03	-0.66	0.26	43257	0.038	0.006	0.755	-0.012	-0.009	4.162
7.486	0.036	0.007	0.555	0.47	0.02	0.92	-3.10	-1.19	0.38	43346	0.038	0.006	0.756	-0.012	-0.009	4.147
7.497	0.036	0.008	0.555	0.45	0.03	0.92	-2.67	-0.58	0.18	43441	0.038	0.006	0.756	-0.012	-0.009	4.132
7.507	0.036	0.008	0.556	0.42	0.04	0.92	-1.86	0.17	0.48	43705	0.038	0.006	0.756	-0.012	-0.009	4.116
7.517	0.036	0.008	0.557	0.40	0.03	0.93	-1.33	-0.30	0.84	43799	0.038	0.006	0.756	-0.012	-0.009	4.101
7.527	0.036	0.008	0.557	0.38	0.03	0.93	-1.30	0.85	-0.67	43892	0.038	0.006	0.756	-0.012	-0.009	4.086
7.538	0.036	0.008	0.558	0.37	0.03	0.93	-1.01	0.30	0.80	43981	0.038	0.006	0.756	-0.013	-0.009	4.071
7.548	0.036	0.008	0.558	0.36	0.02	0.93	-1.00	1.65	-0.52	44275	0.038	0.006	0.756	-0.013	-0.009	4.056
7.557	0.036	0.008	0.559	0.35	0.01	0.93	-0.70	0.93	-0.28	44364	0.038	0.006	0.755	-0.013	-0.009	4.041
7.564	0.036	0.008	0.560	0.34	0.00	0.92	0.13	1.04	-0.62	44465	0.038	0.006	0.755	-0.013	-0.009	4.027
7.579	0.035	0.002	0.559	0.39	0.01	0.92	0.90	0.31	0.65	44554	0.038	0.006	0.755	-0.013	-0.009	4.012
7.584	0.035	0.002	0.559	0.40	0.00	0.92	1.23	0.57	0.18	44897	0.038	0.005	0.754	-0.013	-0.009	3.997
7.594	0.036	0.006	0.560	0.38	-0.01	0.93	1.63	-0.42	0.21	45008	0.038	0.005	0.754	-0.013	-0.009	3.982
7.605	0.036	0.006	0.560	0.39	-0.01	0.93	0.91	-0.56	0.08	45106	0.038	0.005	0.754	-0.013	-0.009	3.967
7.617	0.035	-0.001	0.561	0.46	0.01	0.93	-0.41	-1.04	0.35	45198	0.037	0.004	0.753	-0.013	-0.009	3.953
7.625	0.035	0.001	0.560	0.44	0.02	0.93	-1.15	-0.57	0.23	45473	0.037	0.003	0.753	-0.014	-0.009	3.938
7.636	0.036	0.001	0.560	0.43	0.02	0.94	-1.87	-1.01	-0.14	45569	0.037	0.003	0.752	-0.014	-0.009	3.924
7.646	0.036	0.007	0.560	0.36	0.03	0.94	-2.96	-0.55	0.24	45664	0.037	0.003	0.751	-0.014	-0.009	3.909
7.656	0.036	-0.003	0.560	0.40	0.04	0.94	-4.08	-0.10	0.25	45765	0.037	0.002	0.751	-0.014	-0.009	3.895
7.667	0.036	-0.000	0.559	0.34	0.03	0.94	-5.38	0.23	0.55	46083	0.037	0.002	0.750	-0.014	-0.009	3.880
7.677	0.036	-0.003	0.559	0.30	0.03	0.95	-5.39	1.55	0.33	46166	0.037	0.001	0.749	-0.014	-0.010	3.866
7.688	0.035	-0.003	0.559	0.25	0.03	0.95	-5.98	0.90	-0.01	46260	0.037	0.000	0.748	-0.014	-0.010	3.851
7.693	0.035	-0.004	0.559	0.19	0.02	0.95	-5.87	1.07	-0.33	46338	0.037	-0.001	0.747	-0.014	-0.010	3.837
7.704	0.036	-0.003	0.559	0.13	0.00	0.95	-4.55	1.08	0.35	46407	0.037	-0.001	0.747	-0.014	-0.010	3.823
7.718	0.035	-0.002	0.557	0.08	0.00	0.95	-3.39	1.43	0.66	46657	0.037	-0.002	0.746	-0.014	-0.010	3.809
7.725	0.035	-0.003	0.557	0.04	-0.01	0.96	-3.16	0.28	0.71	46727	0.037	-0.002	0.745	-0.014	-0.010	3.794
7.735	0.035	-0.003	0.557	0.01	-0.02	0.96	-2.91	0.24	0.78	46784	0.037	-0.002	0.744	-0.014	-0.010	3.780
7.745	0.035	-0.003	0.557	-0.02	-0.02	0.97	-2.97	0.19	0.73	46830	0.037	-0.003	0.743	-0.014	-0.010	3.766
7.759	0.035	-0.003	0.556	-0.04	-0.02	0.98	-2.85	0.09	0.83	46859	0.037	-0.003	0.742	-0.015	-0.010	3.752
7.766	0.035	-0.008	0.556	-0.04	-0.03	0.99	-2.57	0.78	0.74	46918	0.037	-0.004	0.741	-0.015	-0.010	3.738
7.779	0.035	-0.008	0.556	-0.06	-0.03	1.00	-2.69	0.95	0.63	46957	0.037	-0.005	0.741	-0.015	-0.011	3.724
7.787	0.035	-0.004	0.556	-0.11	-0.05	1.00	-1.83	1.22	0.99	46998	0.037	-0.005	0.740	-0.015	-0.011	3.710
7.797	0.036	-0.009	0.556	-0.11	-0.06	1.01	-1.59	1.13	1.09	47046	0.037	-0.006	0.739	-0.015	-0.011	3.696
7.808	0.036	-0.009	0.556	-0.12	-0.07	1.02	-2.30	0.47	0.62	46940	0.037	-0.006	0.739	-0.015	-0.011	3.682
7.813	0.036	-0.009	0.555	-0.14	-0.07	1.03	-0.77	-0.46	1.59	46958	0.037	-0.007	0.738	-0.015	-0.011	3.668
7.828	0.036	-0.013	0.555	-0.14	-0.07	1.04	-2.42	-1.08	1.03	46993	0.037	-0.008	0.737	-0.015	-0.011	3.654
7.834	0.034	-0.016	0.555	-0.14	-0.04	1.05	-2.25	-2.09	0.93	47014	0.036	-0.009	0.736	-0.015	-0.011	3.641
7.844	0.033	-0.013	0.554	-0.18	-0.02	1.06	-1.41	-1.44	1.26	47153	0.036	-0.010	0.736	-0.015	-0.012	3.627
7.855	0.033	-0.014	0.554	-0.20	-0.01	1.08	-2.36	-2.10	1.40	47161	0.036	-0.011	0.735	-0.015	-0.012	3.613
7.865	0.033	-0.015	0.553	-0.21	0.01	1.09	-0.91	-0.89	1.54	47182	0.036	-0.012	0.734	-0.015	-0.012	3.599
7.879	0.035	-0.017	0.553	-0.21	0.01	1.10	-1.89	-0.43	1.42	47208	0.036	-0.013	0.733	-0.015	-0.012	3.586
7.886	0.035	-0.017	0.553	-0.24	0.01	1.12	-3.26	0.59	1.05	47181	0.036	-0.014	0.732	-0.016	-0.012	3.572
7.901	0.035	-0.017	0.552	-0.27	0.01	1.13	-3.40	1.06	1.69	47187	0.036	-0.014	0.732	-0.016	-0.012	3.559
7.906	0.035	-0.018	0.552	-0.30	-0.01	1.14	-4.12	1.43	0.65	47209	0.036	-0.015	0.731	-0.016	-0.013	3.545
7.917	0.035	-0.019	0.552	-0.33	-0.02	1.15	-2.43	0.92	1.06	47212	0.036	-0.016	0.730	-0.016	-0.013	3.531
7.927	0.036	-0.020	0.552	-0.36	-0.03	1.16	-3.75	0.92	1.16	47214	0.036	-0.017	0.729	-0.016	-0.013	3.518
7.937	0.037	-0.019	0.552	-0.40	-0.05	1.18	-1.37	0.61	1.22	47200	0.036	-0.017	0.729	-0.016	-0.013	3.505
7.947	0.038	-0.022	0.551	-0.41	-0.05	1.19	-2.95	0.34	1.20	47204	0.036	-0.018	0.728	-0.015	-0.013	3.491
7.956	0.036	-0.022	0.551	-0.43	-0.05	1.20	-1.44	1.29	1.25	47213	0.036	-0.019	0.727	-0.016	-0.013	3.478
7.963	0.036	-0.024	0.551	-0.45	-0.06	1.21	-0.99	0.72	1.08	47180	0.036	-0.020	0.726	-0.016	-0.014	3.464
7.974	0.036	-0.024	0.550	-0.47	-0.07	1.22	-2.15	0.83	1.16	47304	0.036	-0.021	0.726	-0.016	-0.014	3.451
7.984	0.036	-0.024	0.550	-0.49	-0.08	1.24	-2.56	0.18	1.27	47314	0.036	-0.022	0.725	-0.016	-0.014	3.438
7.997	0.036	-0.025	0.549	-0.51	-0.08	1.25	-2.46	0.45	1.63	47320	0.036	-0.022	0.724	-0.016	-0.014	3.425
8.004	0.036	-0.025	0.549	-0.53	-0.08	1.27	-1.46	0.03	1.44	47310	0.036	-0.023	0.723	-0.016	-0.014	3.411
8.015	0.036	-0.025	0.549	-0.54	-0.08	1.28	-0.73	-0.32	1.90	47379	0.036	-0.024	0.722	-0.016	-0.014	3.398
8.025	0.036	-0.027	0.548	-0.54	-0.08	1.30	-1.84	-1.26	1.51	47387	0.036	-0.024	0.722	-0.016	-0.014	3.385
8.038	0.036	-0.027	0.548	-0.55	-0.06	1.31	-0.22	-0.77	1.84	47376	0.036	-0.025	0.721	-0.016	-0.014	3.372
8.045	0.036	-0.027	0.548	-0.56	-0.05	1.33	0.49	-1.38	1.45	47355	0.036	-0.026	0.720	-0.016	-0.014	3.359
8.056	0.036	-0.028	0.548	-0.56	-0.04	1.34	-0.14	-1.43	1.21	47342	0.036	-0.026	0.719	-0.016	-0.015	3.346
8.066	0.036	-0.028	0.548	-0.56	-0.03	1.36	-0.50	-1.52	1.23	47310	0.036	-0.027	0.719	-0.016	-0.015	3.333
8.076	0.038	-0.027	0.547	-0.56	-0.02	1.37	-0.53	-0.76	1.13	47319	0.037	-0.027	0.718	-0.016	-0.015	3.320
8.086	0.038	-0.028	0.547	-0.56	-0.02	1.38	-0.64	-0.93	1.26	47293	0.037	-0.027	0.717	-0.016	-0.015	3.307
8.097	0.038	-0.028	0.547	-0.57	-0.01	1.40	-0.68	-0.01	1.15	47290	0.037	-0.028	0.717	-0.016	-0.015	3.294
8.107	0.036	-0.028	0.546	-0.58	0.00	1.41	0.09	0.18	1.34	47471	0.037	-0.028	0.716	-0.016	-0.015	3.281
8.117	0.040	-0.027	0.546	-0.59	-0.02	1.42	0.01	-0.10	1.26	47480	0.037	-0.028	0.715	-0.015	-0.015	3.268
8.129	0.040	-0.028	0.546	-0.60	-0.02	1.43	-0.04	-0.76	0.91	47432	0.038	-0.029	0.714	-0.015	-0.014	3.256
8.136	0.040	-0.028	0.546	-0.59	-0.01	1.44	-0.43	-0.84	0.80	47418	0.038	-0.029	0.714	-0.015	-0.014	3.243
8.145	0.041	-0.028	0.545	-0.59	-0.01	1.45	1.02	-0.07	1.11	47409	0.039	-0.029	0.713	-0.015	-0.014	3.230
8.154	0.041	-0.028	0.544	-0.58	-0.01	1.46	1.64	-0.25	0.78	47678	0.039	-0.029	0.712	-0.015	-0.014	3.217
8.164	0.041	-0.028	0.544	-0.57	-0.00	1.47	1.57	-0.52	0.70	47660	0.039	-0.029	0.711	-0.015	-0.014	3.205
8.176	0.041	-0.028	0.543	-0.55	0.00	1.47	0.97	-0.76	0.69	47653	0.039	-0.029	0.710	-0.015	-0.014	3.192
8.185	0.041	-0.029	0.543	-0.54	0.01	1.48	0.59	-1.60	0.84	47648	0.040	-0.029	0.710	-0.015	-0.014	3.179
8.198	0.041	-0.029	0.543	-0.53	0.02	1.49	0.51	-0.81	0.96	47654	0.040	-0.030	0.709	-0.015	-0.014	3.167
8.208	0.041	-0.029	0.543	-0.52	0.03	1.50	0.82	-1.33	0.89	47643	0.040	-0.030	0.708	-0.015	-0.014	3.154
8.216	0.043	-0.029	0.543	-0.50	0.03	1.51	0.78	-1.90	0.64	47653	0.041	-0.030	0.707	-0.015	-0.014	3.142
8.230	0.043	-0.029	0.543	-0.49	0.05	1.51	1.36	-2.38	0.14	47606	0.041	-0.030	0.707	-0.014	-0.014	3.129
8.235	0.044	-0.029	0.542	-0.47	0.07	1.52	2.07	-1.82	0.08	47687	0.041	-0.030	0.706	-0.014	-0.014	3.117
8.246	0.044	-0.029	0.542	-0.45	0.08	1.52	2.67	-1.80	0.30	47661	0.042	-0.030	0.705	-0.014	-0.014	3.104
8.253	0.044	-0.029	0.542	-0.42	0.10	1.52	3.30	-1.47	0.18	47649	0.042	-0.030	0.705	-0.014	-0.014	3.092
8.268	0.044	-0.029	0.541	-0.39	0.12	1.52	3.21	-1.43	-0.01	47626	0.042	-0.030	0.704	-0.014	-0.014	3.080
8.274	0.046	-0.030	0.541	-0.36	0.12	1.51	2.39	-1.97	0.00	47636	0.043	-0.030	0.703	-0.014	-0.014	3.067
8.286	0.048	-0.027	0.541	-0.35	0.13	1.52	2.28	-1.92	0.42	47591	0.044	-0.030	0.703	-0.014	-0.014	3.055
8.294	0.050	-0.028	0.541	-0.33	0.14	1.52	1.66	-1.22	0.59	47568	0.045	-0.030	0.702	-0.013	-0.014	3.043
8.309	0.051	-0.028	0.541	-0.31	0.15	1.52	1.56	-1.65	0.11	47549	0.045	-0.030	0.701	-0.013	-0.013	3.031
8.314	0.050	-0.025	0.541	-0.31	0.17	1.53	0.91	-0.62	0.36	47521	0.046	-0.029	0.701	-0.013	-0.013	3.019
8.324	0.050	-0.025	0.542	-0.30	0.17	1.53	1.25	-0.76	0.74	47342	0.047	-0.029	0.700	-0.013	-0.013	3.007
8.334	0.050	-0.023	0.542	-0.30	0.19	1.54	1.89	-0.81	0.31	47334	0.047	-0.028	0.700	-0.013	-0.013	2.995
8.345	0.050	-0.023	0.542	-0.28	0.20	1.54	2.28	-0.66	0.19	47322	0.048	-0.028	0.700	-0.012	-0.012	2.983
8.355	0.050	-0.023	0.542	-0.26	0.21	1.54	2.97	-1.11	0.70	47282	0.048	-0.027	0.699	-0.012	-0.012	2.971
8.366	0.050	-0.023	0.542	-0.24	0.22	1.55	1.96	-1.37	0.31	47250	0.049	-0.027	0.699	-0.012	-0.012	2.959
8.376	0.053	-0.023	0.543	-0.20	0.22	1.55	2.23	-1.65	0.62	47073	0.049	-0.026	0.699	-0.012	-0.012	2.947
8.386	0.053	-0.023	0.543	-0.18	0.24	1.56	3.90	-1.05	0.62	47044	0.050	-0.026	0.698	-0.012	-0.012	2.935
8.397	0.053	-0.023	0.543	-0.14	0.25	1.57	4.53	-0.09	0.64	47003	0.050	-0.026	0.698	-0.012	-0.012	2.924
8.407	0.053	-0.023	0.543	-0.10	0.25	1.57	4.26	-0.53	0.79	46969	0.051	-0.026	0.698	-0.012	-0.011	2.912
8.417	0.050	-0.021	0.543	-0.08	0.27	1.58	4.00	-0.35	0.90	47133	0.051	-0.025	0.697	-0.012	-0.011	2.900
8.423	0.050	-0.021	0.543	-0.04	0.27	1.59	2.97	-0.54	0.63	47115	0.051	-0.025	0.697	-0.012	-0.011	2.889
8.437	0.050	-0.019	0.543	-0.01	0.28	1.59	2.67	0.40	0.89	47078	0.051	-0.024	0.696	-0.012	-0.011	2.877
8.443	0.052	-0.020	0.543	0.02	0.26	1.60	3.43	-0.62	0.85	47054	0.051	-0.024	0.696	-0.012	-0.011	2.865
8.458	0.053	-0.020	0.541	0.05	0.27	1.61	2.34	-0.01	1.07	47360	0.052	-0.023	0.695	-0.012	-0.010	2.854
8.465	0.053	-0.020	0.542	0.07	0.27	1.62	1.32	-0.73	0.62	47340	0.052	-0.023	0.694	-0.012	-0.010	2.842
8.478	0.053	-0.020	0.542	0.09	0.28	1.63	2.57	-0.48	0.66	47320	0.052	-0.022	0.694	-0.012	-0.010	2.831
8.485	0.053	-0.019	0.542	0.11	0.28	1.64	0.55	-0.16	0.43	47308	0.052	-0.022	0.693	-0.012	-0.010	2.819
8.496	0.059	-0.020	0.542	0.13	0.25	1.64	1.85	-0.34	0.88	47299	0.053	-0.022	0.693	-0.011	-0.010	2.808
8.508	0.058	-0.017	0.542	0.13	0.26	1.65	0.07	-0.46	0.92	47265	0.054	-0.021	0.692	-0.011	-0.010	2.796
8.516	0.055	-0.018	0.542	0.14	0.28	1.66	1.39	-0.18	0.90	47241	0.054	-0.021	0.692	-0.011	-0.010	2.785
8.527	0.057	-0.018	0.542	0.15	0.27	1.67	-0.27	-0.84	0.73	47228	0.055	-0.021	0.691	-0.011	-0.009	2.774
8.536	0.057	-0.013	0.542	0.12	0.29	1.68	1.50	-1.08	0.96	47215	0.055	-0.020	0.691	-0.011	-0.009	2.762
8.542	0.057	-0.012	0.540	0.14	0.30	1.69	2.22	-0.96	0.77	47584	0.056	-0.019	0.690	-0.011	-0.009	2.751
8.553	0.057	-0.012	0.540	0.17	0.31	1.69	1.69	-1.64	0.19	47573	0.056	-0.018	0.689	-0.011	-0.008	2.740
8.564	0.059	-0.010	0.540	0.17	0.31	1.69	0.49	-2.00	-0.67	47575	0.057	-0.017	0.688	-0.011	-0.008	2.729
8.573	0.059	-0.009	0.540	0.18	0.33	1.68	1.39	-1.74	-0.55	47565	0.057	-0.016	0.688	-0.011	-0.008	2.717
8.583	0.060	-0.009	0.540	0.20	0.35	1.68	2.78	-0.89	-0.45	47546	0.058	-0.015	0.687	-0.011	-0.007	2.706
8.593	0.060	-0.009	0.539	0.22	0.36	1.67	1.50	-1.19	0.09	47793	0.058	-0.014	0.686	-0.011	-0.007	2.695
8.603	0.060	-0.009	0.539	0.24	0.37	1.67	2.86	-1.33	-0.10	47774	0.059	-0.014	0.686	-0.010	-0.007	2.684
8.614	0.059	-0.007	0.539	0.26	0.38	1.67	2.04	-1.14	0.02	47773	0.059	-0.013	0.685	-0.010	-0.007	2.673
8.628	0.062	-0.008	0.539	0.29	0.38	1.68	2.47	-0.20	-0.29	47758	0.060	-0.012	0.684	-0.010	-0.006	2.662
8.635	0.062	-0.007	0.538	0.32	0.38	1.67	3.43	-0.28	0.01	47951	0.060	-0.012	0.683	-0.010	-0.006	2.651
8.645	0.062	-0.007	0.538	0.35	0.39	1.67	3.00	-0.12	-0.21	47935	0.061	-0.011	0.683	-0.010	-0.006	2.640
8.655	0.059	-0.008	0.538	0.38	0.40	1.67	2.47	-0.18	-0.23	47926	0.061	-0.011	0.682	-0.010	-0.006	2.629
8.666	0.056	-0.009	0.538	0.41	0.42	1.67	2.69	0.01	-0.14	47892	0.061	-0.010	0.681	-0.011	-0.006	2.618
8.677	0.056	-0.009	0.538	0.44	0.42	1.67	2.73	0.06	0.08	47754	0.060	-0.010	0.681	-0.011	-0.006	2.607
8.687	0.056	-0.009	0.538	0.46	0.42	1.67	2.36	0.32	-0.18	47726	0.060	-0.010	0.680	-0.011	-0.006	2.596
8.692	0.062	-0.007	0.538	0.48	0.39	1.67	2.10	0.63	-0.49	47707	0.061	-0.010	0.680	-0.011	-0.006	2.586
8.705	0.062	-0.006	0.538	0.50	0.38	1.66	1.40	1.82	-0.97	47681	0.061	-0.009	0.679	-0.011	-0.005	2.575
8.718	0.062	-0.006	0.538	0.51	0.36	1.65	0.26	2.77	-0.95	47648	0.062	-0.009	0.679	-0.011	-0.005	2.564
8.725	0.062	-0.006	0.539	0.51	0.33	1.64	-0.39	3.12	-1.40	47504	0.062	-0.009	0.679	-0.011	-0.005	2.554
8.734	0.060	-0.005	0.539	0.49	0.31	1.62	-5.74	3.13	-1.53	47485	0.062	-0.008	0.678	-0.011	-0.005	2.543
8.744	0.060	-0.005	0.539	0.41	0.28	1.61	-14.93	2.46	-1.85	47457	0.062	-0.008	0.678	-0.011	-0.005	2.533
8.756	0.060	-0.005	0.540	0.22	0.26	1.59	-26.03	2.02	-1.69	47420	0.062	-0.007	0.678	-0.011	-0.005	2.522
8.766	0.067	-0.011	0.540	-0.06	0.21	1.57	-38.86	1.03	-1.92	47293	0.063	-0.008	0.677	-0.011	-0.005	2.512
8.778	0.064	-0.001	0.541	-0.53	0.21	1.55	-50.77	0.93	-2.04	47267	0.063	-0.007	0.677	-0.011	-0.005	2.501
8.788	0.064	-0.001	0.541	-1.08	0.20	1.53	-61.09	1.38	-2.61	47239	0.064	-0.006	0.677	-0.011	-0.004	2.491
8.800	0.076	0.004	0.541	-1.73	0.14	1.50	-67.20	0.94	-2.54	47202	0.066	-0.005	0.677	-0.010	-0.004	2.481
8.807	0.076	-0.000	0.541	-2.40	0.13	1.47	-69.64	0.77	-2.74	47157	0.067	-0.005	0.676	-0.010	-0.004	2.471
8.824	0.076	0.002	0.540	-3.10	0.13	1.45	-67.81	0.90	-2.81	47355	0.069	-0.004	0.676	-0.010	-0.003	2.460
8.828	0.076	-0.009	0.540	-3.71	0.12	1.42	-63.85	0.11	-2.72	47317	0.070	-0.004	0.676	-0.009	-0.004	2.450
8.839	0.075	0.001	0.541	-4.37	0.12	1.39	-54.94	0.77	-2.09	47262	0.071	-0.003	0.675	-0.009	-0.003	2.440
8.844	0.075	-0.000	0.541	-4.87	0.12	1.37	-43.97	0.06	-1.98	47208	0.072	-0.003	0.675	-0.009	-0.003	2.430
8.857	0.075	-0.009	0.543	-5.23	0.14	1.35	-33.05	-1.02	-1.89	46833	0.073	-0.003	0.675	-0.009	-0.003	2.420
8.867	0.077	-0.015	0.543	-5.49	0.13	1.33	-21.65	-0.94	-2.13	46766	0.074	-0.005	0.674	-0.009	-0.004	2.410
8.876	0.077	-0.015	0.543	-5.67	0.14	1.31	-10.97	-0.96	-1.97	46698	0.074	-0.005	0.674	-0.008	-0.005	2.400
8.886	0.077	-0.018	0.544	-5.73	0.16	1.30	-1.67	-0.51	-1.53	46636	0.075	-0.006	0.674	-0.008	-0.005	2.390
8.896	0.077	-0.017	0.549	-5.72	0.17	1.28	6.24	-1.70	-1.55	45788	0.076	-0.007	0.675	-0.008	-0.006	2.380
8.906	0.079	-0.015	0.549	-5.64	0.18	1.27	11.05	-2.56	-1.82	45729	0.077	-0.008	0.675	-0.008	-0.006	2.371
8.919	0.078	-0.011	0.550	-5.53	0.21	1.25	13.69	-3.15	-1.77	45669	0.077	-0.007	0.676	-0.008	-0.006	2.361
8.932	0.078	-0.010	0.551	-5.39	0.25	1.24	13.18	-4.83	-1.91	45616	0.078	-0.007	0.676	-0.008	-0.006	2.352
8.937	0.077	-0.006	0.551	-5.27	0.31	1.22	13.01	-5.78	-1.77	45584	0.078	-0.006	0.676	-0.008	-0.006	2.342
8.953	0.077	-0.005	0.553	-5.16	0.38	1.21	10.62	-7.49	-1.77	45276	0.078	-0.005	0.676	-0.008	-0.006	2.333
8.979	0.078	-0.004	0.554	-5.06	0.46	1.20	7.07	-8.79	-2.53	45239	0.079	-0.004	0.677	-0.008	-0.006	2.324
8.985	0.078	0.001	0.555	-5.01	0.55	1.18	5.77	-9.08	-2.67	45224	0.079	-0.002	0.677	-0.008	-0.006	2.314
8.991	0.078	0.003	0.556	-4.96	0.64	1.15	2.96	-9.31	-3.61	45225	0.079	-0.001	0.677	-0.008	-0.006	2.305
8.991	0.076	0.010	0.556	-4.96	0.75	1.13	2.86	-9.08	-2.89	45184	0.079	0.002	0.677	-0.009	-0.005	2.296
8.996	0.076	0.008	0.557	-4.91	0.84	1.11	1.60	-8.46	-2.95	45179	0.080	0.004	0.677	-0.009	-0.005	2.287
9.007	0.075	0.008	0.558	-4.89	0.93	1.08	1.37	-7.27	-3.24	45175	0.079	0.006	0.677	-0.009	-0.005	2.278
9.017	0.078	0.008	0.558	-4.87	0.98	1.06	2.48	-5.26	-3.24	45181	0.080	0.007	0.677	-0.009	-0.005	2.269
9.028	0.077	0.017	0.559	-4.87	1.03	1.03	5.15	-3.67	-3.28	45174	0.080	0.010	0.677	-0.009	-0.005	2.260
9.037	0.082	0.014	0.559	-4.78	1.04	1.00	8.07	-0.58	-3.22	45257	0.081	0.012	0.677	-0.009	-0.005	2.251
9.043	0.082	0.016	0.560	-4.70	1.04	0.97	10.81	0.78	-3.65	45273	0.081	0.014	0.677	-0.009	-0.004	2.242
9.053	0.083	0.016	0.560	-4.57	1.03	0.93	13.52	2.45	-4.21	45294	0.082	0.016	0.677	-0.009	-0.004	2.233
9.064	0.083	0.020	0.561	-4.44	1.00	0.88	15.94	3.51	-4.06	45310	0.083	0.018	0.677	-0.009	-0.004	2.224
9.074	0.081	0.025	0.561	-4.28	0.98	0.84	19.29	3.37	-4.01	45401	0.083	0.020	0.677	-0.009	-0.004	2.216
9.085	0.084	0.031	0.562	-4.09	0.94	0.80	21.31	2.28	-3.82	45430	0.084	0.024	0.676	-0.009	-0.004	2.207
9.095	0.082	0.024	0.562	-3.83	0.93	0.76	22.99	1.08	-3.64	45449	0.084	0.025	0.676	-0.009	-0.004	2.198
9.106	0.082	0.033	0.562	-3.63	0.93	0.72	24.17	-0.71	-3.75	45466	0.084	0.028	0.676	-0.009	-0.004	2.190
9.116	0.082	0.030	0.561	-3.36	0.95	0.69	25.01	-2.73	-3.78	45461	0.085	0.030	0.675	-0.009	-0.004	2.181
9.128	0.081	0.036	0.561	-3.13	0.99	0.65	24.99	-4.42	-3.84	45902	0.085	0.033	0.674	-0.010	-0.003	2.172
9.137	0.081	0.039	0.561	-2.88	1.04	0.61	25.39	-6.41	-4.20	45940	0.085	0.036	0.674	-0.010	-0.003	2.164
9.145	0.079	0.054	0.562	-2.69	1.12	0.58	22.60	-7.52	-4.37	45982	0.085	0.040	0.673	-0.010	-0.003	2.155
9.153	0.080	0.057	0.562	-2.47	1.20	0.54	20.79	-8.10	-4.55	46040	0.085	0.044	0.673	-0.010	-0.002	2.147
9.167	0.079	0.055	0.561	-2.24	1.29	0.49	19.04	-8.35	-4.85	46286	0.085	0.048	0.672	-0.011	-0.002	2.138
9.174	0.078	0.056	0.561	-2.04	1.38	0.45	16.51	-6.85	-4.53	46319	0.085	0.051	0.671	-0.011	-0.001	2.130
9.188	0.079	0.063	0.561	-1.91	1.44	0.40	15.30	-5.63	-4.68	46346	0.085	0.055	0.671	-0.011	-0.001	2.122
9.194	0.079	0.062	0.561	-1.74	1.49	0.35	14.16	-3.61	-4.97	46378	0.084	0.058	0.670	-0.012	-0.001	2.113
9.205	0.078	0.064	0.562	-1.60	1.52	0.30	12.98	-1.84	-5.28	46346	0.084	0.061	0.670	-0.012	-0.001	2.105
9.214	0.079	0.061	0.562	-1.44	1.52	0.25	13.12	0.74	-5.30	46377	0.084	0.064	0.669	-0.012	-0.001	2.097
9.224	0.078	0.064	0.562	-1.31	1.50	0.20	11.73	3.91	-5.16	46398	0.084	0.066	0.669	-0.013	-0.001	2.089
9.236	0.080	0.078	0.562	-1.24	1.45	0.15	12.96	5.47	-5.29	46423	0.084	0.070	0.668	-0.013	-0.000	2.081
9.245	0.081	0.086	0.562	-1.14	1.38	0.10	12.84	5.94	-5.51	46461	0.085	0.074	0.667	-0.013	0.000	2.073
9.255	0.081	0.089	0.559	-1.02	1.32	0.04	12.26	5.90	-5.71	46910	0.085	0.079	0.666	-0.013	0.001	2.065
9.266	0.080	0.091	0.559	-0.88	1.27	-0.02	12.24	5.30	-5.64	46940	0.085	0.083	0.666	-0.013	0.001	2.057
9.276	0.081	0.099	0.559	-0.78	1.21	-0.07	12.20	2.88	-5.37	46967	0.085	0.087	0.665	-0.014	0.002	2.049
9.286	0.080	0.102	0.559	-0.66	1.18	-0.13	12.92	1.99	-5.14	47003	0.085	0.092	0.664	-0.014	0.002	2.041
9.297	0.082	0.099	0.561	-0.49	1.15	-0.18	13.17	0.34	-5.32	46668	0.086	0.095	0.664	-0.014	0.002	2.033
9.307	0.082	0.101	0.561	-0.35	1.15	-0.24	13.36	-1.32	-5.40	46674	0.086	0.098	0.663	-0.014	0.003	2.025
9.316	0.082	0.098	0.561	-0.18	1.17	-0.29	14.41	-3.52	-5.17	46671	0.086	0.101	0.663	-0.014	0.002	2.017
9.326	0.082	0.109	0.561	-0.08	1.21	-0.34	14.21	-4.33	-5.28	46680	0.086	0.105	0.662	-0.015	0.003	2.010
9.339	0.081	0.109	0.564	0.09	1.25	-0.40	12.73	-4.22	-5.54	46062	0.087	0.108	0.662	-0.015	0.003	2.002
9.346	0.081	0.112	0.564	0.22	1.29	-0.46	12.09	-4.61	-5.11	46056	0.087	0.111	0.662	-0.015	0.003	1.995
9.355	0.081	0.112	0.564	0.35	1.33	-0.51	10.39	-3.64	-5.02	46051	0.087	0.114	0.662	-0.016	0.003	1.987
9.365	0.081	0.117	0.564	0.45	1.37	-0.56	8.05	-3.66	-4.43	46041	0.087	0.117	0.662	-0.016	0.003	1.980
9.375	0.080	0.120	0.564	0.52	1.40	-0.60	6.70	-1.55	-4.65	46040	0.087	0.120	0.662	-0.016	0.003	1.973
9.385	0.080	0.127	0.565	0.57	1.41	-0.65	4.44	-0.50	-4.86	45932	0.087	0.123	0.662	-0.017	0.003	1.965
9.396	0.081	0.126	0.565	0.62	1.40	-0.70	2.38	0.80	-4.48	45951	0.087	0.126	0.661	-0.017	0.003	1.958
9.406	0.082	0.126	0.565	0.66	1.38	-0.75	1.01	2.42	-4.45	45962	0.087	0.129	0.661	-0.017	0.003	1.951
9.416	0.081	0.124	0.565	0.69	1.35	-0.79	-0.57	2.75	-4.19	45961	0.087	0.131	0.661	-0.018	0.002	1.943
9.427	0.082	0.128	0.566	0.68	1.31	-0.82	-1.67	3.49	-3.60	45860	0.087	0.133	0.661	-0.018	0.002	1.936
9.437	0.083	0.130	0.566	0.66	1.27	-0.86	-2.31	2.40	-3.67	45878	0.088	0.135	0.660	-0.018	0.002	1.929
9.443	0.078	0.131	0.566	0.65	1.27	-0.90	-2.39	2.90	-3.33	45896	0.087	0.137	0.660	-0.019	0.002	1.922
9.453	0.079	0.137	0.566	0.61	1.24	-0.93	-2.67	1.64	-2.86	45918	0.087	0.140	0.660	-0.019	0.001	1.915
9.465	0.078	0.140	0.567	0.58	1.22	-0.96	-1.97	2.35	-2.67	45937	0.087	0.142	0.659	-0.019	0.001	1.908
9.478	0.079	0.144	0.568	0.55	1.19	-0.98	-2.57	1.75	-2.72	45694	0.087	0.145	0.659	-0.020	0.001	1.901
9.484	0.078	0.145	0.568	0.54	1.17	-1.01	-2.69	1.97	-2.59	45715	0.087	0.148	0.659	-0.020	0.001	1.894
9.495	0.077	0.148	0.568	0.51	1.15	-1.03	-1.39	1.01	-2.23	45728	0.086	0.150	0.659	-0.021	0.001	1.887
9.505	0.078	0.152	0.568	0.50	1.13	-1.06	-1.85	0.80	-2.97	45729	0.086	0.153	0.659	-0.021	0.001	1.880
9.516	0.078	0.154	0.570	0.49	1.13	-1.08	0.32	0.01	-2.60	45488	0.086	0.155	0.658	-0.022	0.001	1.874
9.526	0.073	0.162	0.570	0.47	1.15	-1.11	-0.10	-0.10	-2.74	45516	0.085	0.159	0.658	-0.022	0.001	1.867
9.540	0.072	0.165	0.570	0.48	1.15	-1.13	1.30	0.15	-2.04	45545	0.085	0.162	0.658	-0.023	0.001	1.860
9.542	0.069	0.171	0.570	0.47	1.16	-1.15	0.04	0.09	-2.08	45576	0.084	0.165	0.658	-0.024	0.001	1.854
9.558	0.070	0.171	0.571	0.49	1.15	-1.18	0.92	-0.99	-2.06	45554	0.083	0.168	0.658	-0.024	0.002	1.847
9.565	0.070	0.171	0.571	0.51	1.16	-1.20	0.73	-0.29	-2.31	45574	0.082	0.171	0.657	-0.025	0.002	1.840
9.575	0.072	0.169	0.571	0.55	1.14	-1.22	0.70	-0.36	-2.39	45612	0.082	0.173	0.657	-0.025	0.001	1.834
9.584	0.072	0.172	0.571	0.55	1.14	-1.25	0.69	0.18	-2.27	45656	0.081	0.176	0.657	-0.026	0.001	1.827
9.595	0.071	0.175	0.571	0.56	1.14	-1.27	0.32	0.30	-2.51	45692	0.081	0.178	0.656	-0.026	0.001	1.821
9.606	0.068	0.188	0.575	0.50	1.15	-1.29	-0.20	0.03	-2.10	44936	0.080	0.182	0.656	-0.027	0.001	1.815
9.616	0.068	0.188	0.576	0.52	1.13	-1.31	-0.27	0.10	-2.35	44966	0.079	0.185	0.657	-0.028	0.001	1.809
9.627	0.067	0.193	0.576	0.50	1.14	-1.33	-2.19	-0.06	-2.50	45001	0.079	0.188	0.657	-0.028	0.002	1.802
9.637	0.068	0.193	0.576	0.49	1.13	-1.36	-2.56	0.30	-2.17	45042	0.078	0.191	0.657	-0.029	0.002	1.796
9.642	0.066	0.197	0.580	0.46	1.13	-1.38	-4.87	0.20	-2.36	44443	0.078	0.194	0.657	-0.029	0.002	1.790
9.652	0.067	0.198	0.580	0.42	1.11	-1.41	-5.27	0.44	-2.31	44472	0.077	0.197	0.657	-0.030	0.002	1.785
9.665	0.064	0.199	0.580	0.38	1.12	-1.43	-4.98	1.09	-2.20	44512	0.076	0.200	0.658	-0.030	0.002	1.779
9.675	0.063	0.204	0.580	0.32	1.10	-1.45	-4.39	2.09	-2.18	44568	0.076	0.203	0.658	-0.031	0.002	1.773
9.684	0.064	0.205	0.581	0.29	1.07	-1.47	-3.69	2.67	-2.53	44631	0.075	0.205	0.658	-0.032	0.002	1.767
9.694	0.064	0.207	0.583	0.25	1.04	-1.49	-2.88	4.14	-2.70	44284	0.074	0.208	0.658	-0.032	0.002	1.761
9.706	0.063	0.207	0.583	0.25	0.99	-1.52	-2.19	4.19	-2.68	44328	0.074	0.210	0.658	-0.033	0.002	1.756
9.717	0.061	0.211	0.584	0.22	0.95	-1.54	-2.44	5.15	-2.91	44384	0.073	0.213	0.658	-0.033	0.002	1.750
9.727	0.061	0.212	0.584	0.22	0.89	-1.57	-0.33	6.00	-2.83	44437	0.072	0.215	0.658	-0.034	0.002	1.744
9.736	0.060	0.216	0.586	0.21	0.83	-1.59	-0.98	5.00	-2.79	44116	0.072	0.217	0.658	-0.034	0.001	1.739
9.746	0.059	0.219	0.586	0.20	0.79	-1.62	0.50	3.37	-3.16	44167	0.071	0.220	0.658	-0.035	0.001	1.733
9.756	0.060	0.219	0.586	0.24	0.74	-1.65	2.36	2.02	-3.30	44226	0.070	0.222	0.658	-0.036	0.001	1.728
9.767	0.055	0.223	0.587	0.25	0.75	-1.68	2.74	0.29	-3.16	44283	0.069	0.224	0.658	-0.036	0.001	1.723
9.777	0.056	0.223	0.585	0.31	0.74	-1.72	4.16	-1.90	-3.44	44344	0.068	0.227	0.658	-0.037	0.001	1.717
9.786	0.056	0.225	0.585	0.35	0.75	-1.75	2.81	-2.68	-4.33	44709	0.067	0.229	0.657	-0.037	0.001	1.712
9.793	0.054	0.226	0.585	0.39	0.78	-1.79	4.25	-3.50	-3.52	44801	0.067	0.231	0.657	-0.038	0.001	1.706
9.803	0.053	0.232	0.585	0.42	0.83	-1.82	4.32	-5.63	-2.62	44885	0.066	0.233	0.656	-0.039	0.000	1.701
9.813	0.052	0.232	0.585	0.46	0.88	-1.86	2.51	-6.81	-3.00	44972	0.065	0.235	0.655	-0.039	0.000	1.696
9.825	0.051	0.234	0.583	0.49	0.95	-1.89	1.00	-6.07	-3.90	45435	0.064	0.237	0.654	-0.040	0.000	1.690
9.836	0.051	0.237	0.583	0.50	1.01	-1.92	1.09	-6.48	-2.28	45533	0.063	0.240	0.654	-0.041	-0.000	1.685
9.845	0.052	0.236	0.582	0.53	1.05	-1.95	-0.95	-5.49	-3.59	45630	0.062	0.241	0.653	-0.041	-0.000	1.679
9.856	0.050	0.235	0.582	0.54	1.11	-1.98	-1.39	-5.72	-1.95	45721	0.061	0.243	0.652	-0.042	-0.001	1.674
9.866	0.051	0.239	0.578	0.51	1.15	-2.01	-3.41	-3.37	-3.38	46525	0.061	0.245	0.650	-0.042	-0.001	1.669
9.874	0.051	0.244	0.577	0.46	1.17	-2.04	-4.06	-2.46	-2.55	46637	0.060	0.247	0.649	-0.043	-0.001	1.663
9.886	0.048	0.247	0.576	0.41	1.19	-2.07	-5.40	0.34	-4.18	46737	0.059	0.249	0.647	-0.043	-0.001	1.658
9.895	0.047	0.249	0.576	0.36	1.18	-2.11	-6.52	2.34	-3.70	46834	0.059	0.251	0.646	-0.044	-0.001	1.652
9.902	0.046	0.251	0.573	0.30	1.16	-2.14	-5.65	2.27	-3.12	46921	0.058	0.253	0.644	-0.044	-0.001	1.647
9.917	0.047	0.256	0.572	0.23	1.12	-2.17	-5.56	2.37	-3.23	47378	0.057	0.256	0.643	-0.045	-0.001	1.642
9.926	0.047	0.255	0.571	0.20	1.09	-2.20	-3.31	1.77	-2.84	47455	0.056	0.258	0.641	-0.045	-0.002	1.636
9.935	0.044	0.256	0.570	0.18	1.08	-2.23	-2.37	0.71	-3.09	47508	0.056	0.260	0.640	-0.046	-0.002	1.631
9.945	0.045	0.257	0.570	0.18	1.07	-2.27	0.27	-1.82	-3.19	47563	0.055	0.262	0.639	-0.047	-0.002	1.626
9.955	0.043	0.263	0.567	0.16	1.10	-2.30	1.18	-2.49	-3.85	47893	0.054	0.264	0.637	-0.047	-0.002	1.621
9.965	0.043	0.263	0.566	0.20	1.12	-2.34	2.28	-4.88	-3.73	47952	0.053	0.266	0.636	-0.048	-0.002	1.615
9.976	0.042	0.262	0.565	0.25	1.17	-2.38	2.93	-4.96	-3.99	47999	0.053	0.268	0.634	-0.048	-0.003	1.610
9.986	0.041	0.262	0.564	0.28	1.22	-2.42	1.30	-7.60	-3.63	48049	0.052	0.269	0.633	-0.049	-0.003	1.605
9.997	0.040	0.267	0.562	0.28	1.29	-2.45	2.20	-5.38	-3.36	48404	0.051	0.271	0.632	-0.049	-0.003	1.600
10.003	0.038	0.270	0.561	0.29	1.36	-2.48	-0.52	-6.60	-2.98	48453	0.050	0.273	0.630	-0.050	-0.003	1.594
10.017	0.037	0.272	0.560	0.29	1.41	-2.51	-1.68	-2.94	-2.63	48504	0.049	0.275	0.629	-0.050	-0.003	1.589
10.022	0.038	0.273	0.559	0.28	1.43	-2.54	-3.13	-2.08	-2.18	48547	0.048	0.277	0.627	-0.051	-0.003	1.584
10.035	0.037	0.278	0.556	0.23	1.44	-2.56	-4.02	-0.30	-2.08	48841	0.048	0.279	0.626	-0.052	-0.004	1.579
10.049	0.036	0.281	0.555	0.18	1.45	-2.58	-4.70	0.57	-2.09	48869	0.047	0.281	0.624	-0.052	-0.004	1.573
10.054	0.035	0.281	0.554	0.15	1.43	-2.61	-5.25	0.52	-2.40	48894	0.046	0.283	0.623	-0.053	-0.004	1.568
10.065	0.033	0.285	0.553	0.08	1.43	-2.63	-5.29	1.61	-2.35	48908	0.045	0.285	0.622	-0.053	-0.004	1.563
10.074	0.031	0.285	0.552	0.05	1.41	-2.66	-4.83	2.18	-2.57	48930	0.044	0.287	0.621	-0.054	-0.004	1.558
10.084	0.032	0.288	0.549	0.01	1.37	-2.68	-3.42	2.35	-2.40	49222	0.043	0.290	0.619	-0.054	-0.004	1.552
10.094	0.032	0.290	0.548	-0.03	1.35	-2.71	-2.13	0.79	-2.26	49217	0.042	0.292	0.618	-0.055	-0.004	1.547
10.105	0.029	0.289	0.547	-0.02	1.34	-2.73	0.51	0.40	-2.34	49208	0.041	0.293	0.617	-0.056	-0.004	1.542
10.115	0.031	0.288	0.546	0.01	1.33	-2.76	2.08	-0.98	-2.61	49197	0.041	0.295	0.615	-0.056	-0.005	1.537
10.125	0.030	0.293	0.543	0.03	1.34	-2.79	3.24	-2.44	-2.57	49545	0.040	0.297	0.614	-0.057	-0.005	1.531
10.130	0.031	0.295	0.542	0.07	1.35	-2.81	4.58	-2.83	-2.07	49509	0.040	0.298	0.613	-0.057	-0.005	1.526
10.146	0.028	0.300	0.541	0.10	1.38	-2.83	4.73	-2.38	-3.00	49475	0.039	0.300	0.611	-0.058	-0.005	1.521
10.156	0.026	0.298	0.540	0.17	1.42	-2.87	3.08	-3.20	-3.06	49449	0.038	0.302	0.610	-0.058	-0.005	1.515
10.166	0.024	0.301	0.539	0.20	1.45	-2.90	2.54	-3.35	-3.35	49420	0.037	0.304	0.609	-0.059	-0.005	1.510
10.176	0.022	0.303	0.538	0.22	1.48	-2.93	0.67	-3.81	-3.26	49408	0.036	0.306	0.608	-0.060	-0.005	1.505
10.186	0.020	0.310	0.537	0.20	1.52	-2.96	-0.34	-2.72	-3.43	49369	0.034	0.308	0.607	-0.060	-0.005	1.499
10.193	0.019	0.310	0.537	0.20	1.53	-3.00	-2.63	-1.61	-3.62	49332	0.033	0.310	0.606	-0.061	-0.005	1.494
10.203	0.018	0.310	0.536	0.18	1.54	-3.04	-5.33	-0.50	-4.26	49287	0.032	0.312	0.605	-0.062	-0.006	1.489
10.213	0.016	0.312	0.536	0.12	1.54	-3.09	-7.18	0.73	-4.66	49155	0.031	0.314	0.604	-0.063	-0.006	1.484
10.227	0.013	0.317	0.535	0.03	1.54	-3.13	-8.73	2.00	-5.26	49104	0.029	0.316	0.603	-0.063	-0.006	1.479
10.234	0.013	0.317	0.534	-0.05	1.50	-3.18	-8.62	3.26	-5.31	49047	0.028	0.319	0.603	-0.064	-0.006	1.473
10.245	0.011	0.320	0.534	-0.13	1.47	-3.23	-6.58	3.63	-5.08	48966	0.026	0.321	0.602	-0.065	-0.006	1.468
10.256	0.012	0.322	0.533	-0.18	1.41	-3.29	-3.77	3.39	-4.81	48883	0.025	0.323	0.601	-0.066	-0.006	1.463
10.266	0.012	0.326	0.533	-0.22	1.37	-3.33	-1.83	1.55	-4.48	48807	0.024	0.325	0.601	-0.066	-0.006	1.458
10.275	0.012	0.329	0.532	-0.23	1.34	-3.38	1.69	2.54	-4.27	48727	0.023	0.327	0.600	-0.067	-0.006	1.453
10.285	0.011	0.328	0.532	-0.18	1.30	-3.42	3.24	1.65	-4.44	48640	0.022	0.329	0.600	-0.067	-0.006	1.448
10.296	0.005	0.325	0.531	-0.10	1.32	-3.47	5.90	1.48	-4.46	48550	0.021	0.331	0.599	-0.068	-0.006	1.442
10.306	0.003	0.327	0.532	-0.03	1.30	-3.52	7.00	1.03	-4.19	48347	0.019	0.332	0.599	-0.069	-0.006	1.437
10.313	0.001	0.333	0.531	0.02	1.29	-3.56	7.84	0.34	-4.14	48255	0.017	0.334	0.598	-0.070	-0.006	1.432
10.321	0.000	0.335	0.531	0.10	1.28	-3.60	7.91	0.43	-4.38	48169	0.016	0.336	0.598	-0.071	-0.006	1.427
10.332	-0.002	0.339	0.531	0.16	1.27	-3.65	6.42	0.63	-4.34	48087	0.014	0.339	0.598	-0.071	-0.006	1.422
10.343	-0.004	0.338	0.530	0.24	1.26	-3.69	4.62	0.82	-4.72	48150	0.013	0.340	0.597	-0.072	-0.006	1.417
10.358	-0.006	0.340	0.530	0.28	1.25	-3.74	2.70	2.19	-4.62	48065	0.011	0.342	0.597	-0.073	-0.007	1.412
10.366	-0.008	0.342	0.530	0.30	1.24	-3.78	0.59	0.73	-4.84	47989	0.009	0.344	0.596	-0.074	-0.007	1.407
10.374	-0.011	0.348	0.530	0.28	1.23	-3.83	-0.89	1.77	-4.81	47910	0.007	0.346	0.596	-0.075	-0.007	1.402
10.386	-0.013	0.350	0.530	0.26	1.21	-3.87	-3.98	2.75	-4.65	47834	0.005	0.349	0.596	-0.076	-0.007	1.397
10.399	-0.013	0.348	0.529	0.25	1.17	-3.92	-5.07	3.71	-4.49	47973	0.003	0.351	0.595	-0.077	-0.007	1.392
10.404	-0.014	0.352	0.529	0.18	1.12	-3.96	-5.74	4.31	-3.98	47902	0.002	0.353	0.595	-0.077	-0.007	1.387
10.416	-0.013	0.353	0.529	0.14	1.05	-4.01	-4.77	3.42	-3.76	47830	0.000	0.355	0.594	-0.078	-0.007	1.382
10.424	-0.016	0.358	0.529	0.08	1.03	-4.04	-2.70	3.61	-4.03	47751	-0.001	0.357	0.594	-0.079	-0.007	1.377
10.435	-0.015	0.360	0.528	0.06	0.98	-4.08	-0.84	1.09	-3.60	47865	-0.002	0.359	0.593	-0.080	-0.007	1.372
10.445	-0.016	0.361	0.528	0.08	0.96	-4.11	1.44	1.41	-3.37	47790	-0.004	0.361	0.593	-0.080	-0.007	1.367
10.451	-0.016	0.362	0.528	0.11	0.93	-4.15	4.71	0.34	-3.44	47722	-0.005	0.363	0.593	-0.081	-0.007	1.362
10.466	-0.015	0.359	0.528	0.19	0.92	-4.18	5.76	-2.25	-2.06	47652	-0.006	0.364	0.592	-0.081	-0.007	1.357
10.474	-0.022	0.360	0.528	0.27	0.98	-4.21	7.54	-3.65	-2.06	47517	-0.007	0.366	0.592	-0.082	-0.007	1.352
10.487	-0.022	0.357	0.529	0.38	1.00	-4.23	7.90	-3.67	-1.44	47454	-0.009	0.366	0.592	-0.083	-0.008	1.348
10.495	-0.023	0.359	0.529	0.46	1.03	-4.24	7.46	-5.41	-0.48	47390	-0.010	0.367	0.592	-0.083	-0.008	1.343
10.506	-0.024	0.364	0.529	0.51	1.07	-4.25	7.80	-3.36	-0.22	47326	-0.012	0.369	0.592	-0.084	-0.008	1.338
10.513	-0.028	0.370	0.529	0.55	1.11	-4.25	4.50	-3.45	-0.87	47269	-0.013	0.371	0.591	-0.085	-0.008	1.333
10.523	-0.029	0.371	0.531	0.60	1.14	-4.25	3.16	-2.16	0.45	47011	-0.015	0.372	0.592	-0.085	-0.008	1.329
10.533	-0.031	0.373	0.531	0.62	1.16	-4.25	0.13	-1.84	0.04	46943	-0.016	0.374	0.592	-0.086	-0.009	1.324
10.547	-0.032	0.370	0.531	0.65	1.16	-4.25	-2.29	-0.42	0.22	46886	-0.018	0.375	0.592	-0.087	-0.009	1.320
10.556	-0.033	0.370	0.532	0.64	1.15	-4.25	-3.61	0.67	1.15	46824	-0.020	0.377	0.592	-0.088	-0.009	1.315
10.564	-0.034	0.377	0.533	0.56	1.14	-4.23	-4.32	0.54	2.73	46679	-0.021	0.378	0.592	-0.088	-0.009	1.311
10.574	-0.037	0.379	0.533	0.52	1.13	-4.21	-4.51	1.61	2.76	46630	-0.023	0.380	0.592	-0.089	-0.009	1.306
10.585	-0.041	0.380	0.533	0.49	1.13	-4.18	-4.03	2.21	2.78	46586	-0.025	0.382	0.592	-0.090	-0.009	1.302
10.596	-0.044	0.382	0.534	0.45	1.11	-4.15	-2.70	2.62	3.22	46544	-0.027	0.383	0.592	-0.091	-0.009	1.297
10.606	-0.046	0.384	0.534	0.43	1.09	-4.11	-0.60	1.89	3.95	46500	-0.029	0.385	0.592	-0.091	-0.009	1.293
10.613	-0.047	0.388	0.535	0.41	1.06	-4.07	1.46	1.37	4.39	46484	-0.031	0.387	0.592	-0.092	-0.009	1.288
10.627	-0.047	0.391	0.535	0.42	1.03	-4.02	3.26	1.41	4.57	46428	-0.033	0.389	0.592	-0.093	-0.009	1.284
10.632	-0.047	0.393	0.536	0.46	1.00	-3.98	4.43	1.48	4.25	46393	-0.034	0.391	0.592	-0.094	-0.009	1.280
10.641	-0.049	0.392	0.536	0.52	0.98	-3.94	5.69	2.38	4.06	46363	-0.036	0.393	0.593	-0.094	-0.009	1.276
10.654	-0.052	0.391	0.535	0.61	0.97	-3.89	6.50	1.59	4.25	46550	-0.038	0.394	0.592	-0.095	-0.009	1.271
10.667	-0.053	0.391	0.536	0.69	0.94	-3.85	7.28	1.22	4.48	46538	-0.039	0.396	0.592	-0.096	-0.010	1.267
10.675	-0.054	0.396	0.536	0.75	0.92	-3.80	8.12	0.45	5.43	46523	-0.041	0.397	0.592	-0.096	-0.010	1.263
10.684	-0.056	0.399	0.536	0.81	0.91	-3.75	6.89	0.24	5.94	46506	-0.043	0.399	0.592	-0.097	-0.010	1.258
10.692	-0.060	0.401	0.537	0.88	0.92	-3.69	4.09	0.53	5.86	46563	-0.045	0.401	0.592	-0.098	-0.010	1.254
10.706	-0.059	0.402	0.537	0.91	0.89	-3.63	0.83	1.27	5.45	46550	-0.047	0.402	0.592	-0.098	-0.010	1.250
10.717	-0.060	0.401	0.537	0.92	0.87	-3.58	-1.74	1.33	6.26	46537	-0.048	0.404	0.592	-0.099	-0.010	1.246
10.722	-0.062	0.403	0.538	0.90	0.86	-3.51	-2.25	0.31	6.95	46533	-0.050	0.405	0.592	-0.100	-0.010	1.242
10.735	-0.065	0.405	0.538	0.88	0.85	-3.45	-2.83	0.89	6.46	46533	-0.052	0.407	0.592	-0.100	-0.010	1.238
10.744	-0.064	0.408	0.537	0.84	0.82	-3.38	-2.85	0.52	5.63	46809	-0.053	0.408	0.591	-0.101	-0.010	1.234
10.755	-0.072	0.412	0.537	0.80	0.87	-3.33	-2.76	-0.66	4.54	46797	-0.056	0.410	0.591	-0.102	-0.010	1.230
10.769	-0.074	0.412	0.537	0.78	0.88	-3.28	-0.54	-3.15	5.69	46793	-0.058	0.412	0.591	-0.103	-0.010	1.226
10.774	-0.076	0.414	0.537	0.78	0.91	-3.22	0.64	-3.32	5.69	46796	-0.060	0.413	0.590	-0.103	-0.010	1.221
10.784	-0.078	0.416	0.537	0.80	0.94	-3.17	3.49	-2.53	4.83	46892	-0.062	0.415	0.590	-0.104	-0.010	1.217
10.796	-0.078	0.418	0.537	0.83	0.95	-3.13	3.64	-3.47	4.52	46887	-0.064	0.417	0.590	-0.105	-0.010	1.213
10.805	-0.082	0.422	0.538	0.85	0.99	-3.08	5.87	-2.01	5.29	46881	-0.067	0.419	0.590	-0.106	-0.010	1.210
10.815	-0.084	0.424	0.538	0.91	1.01	-3.03	5.75	-1.65	4.56	46881	-0.069	0.421	0.589	-0.106	-0.010	1.206
10.826	-0.084	0.424	0.538	0.98	1.00	-2.98	5.82	-0.34	4.55	46886	-0.071	0.423	0.589	-0.107	-0.009	1.202
10.831	-0.087	0.425	0.539	1.04	1.01	-2.93	5.64	0.10	4.69	46816	-0.073	0.424	0.589	-0.108	-0.009	1.198
10.846	-0.088	0.424	0.539	1.11	1.01	-2.89	4.69	-0.04	4.14	46821	-0.075	0.426	0.589	-0.108	-0.010	1.194
10.856	-0.088	0.425	0.539	1.16	0.99	-2.85	3.58	-0.04	4.62	46824	-0.077	0.427	0.589	-0.109	-0.010	1.190
10.866	-0.087	0.427	0.539	1.19	0.96	-2.80	2.70	-0.14	4.65	46825	-0.078	0.428	0.589	-0.109	-0.010	1.186
10.876	-0.089	0.429	0.540	1.21	0.96	-2.75	1.41	-0.12	4.80	46630	-0.080	0.430	0.589	-0.110	-0.010	1.183
10.889	-0.089	0.430	0.541	1.23	0.94	-2.71	0.63	-0.26	5.03	46638	-0.081	0.431	0.589	-0.110	-0.010	1.179
10.892	-0.087	0.431	0.541	1.23	0.91	-2.66	-0.50	-0.40	4.97	46631	-0.082	0.432	0.589	-0.111	-0.010	1.176
10.904	-0.093	0.432	0.541	1.23	0.94	-2.61	-0.84	-1.19	4.94	46626	-0.084	0.433	0.589	-0.111	-0.010	1.172
10.913	-0.093	0.433	0.541	1.22	0.94	-2.56	-0.51	-1.80	4.72	46714	-0.085	0.435	0.589	-0.112	-0.010	1.168
10.923	-0.094	0.436	0.541	1.21	0.95	-2.51	-0.01	-1.83	4.95	46713	-0.087	0.436	0.589	-0.112	-0.010	1.165
10.933	-0.099	0.438	0.541	1.20	0.99	-2.47	1.79	-3.31	5.09	46728	-0.088	0.437	0.589	-0.112	-0.010	1.161
10.947	-0.101	0.440	0.541	1.22	1.03	-2.41	2.23	-3.45	5.06	46734	-0.090	0.439	0.589	-0.113	-0.010	1.157
10.957	-0.101	0.442	0.541	1.24	1.04	-2.37	4.43	-3.47	4.60	46725	-0.092	0.440	0.588	-0.114	-0.010	1.154
10.965	-0.100	0.441	0.542	1.30	1.05	-2.32	5.72	-4.66	5.09	46612	-0.093	0.441	0.588	-0.114	-0.010	1.150
10.975	-0.103	0.442	0.542	1.36	1.10	-2.27	6.67	-5.72	5.08	46620	-0.095	0.443	0.588	-0.114	-0.010	1.147
10.986	-0.100	0.443	0.543	1.44	1.18	-2.22	6.93	-4.76	5.50	46628	-0.096	0.444	0.588	-0.115	-0.010	1.143
10.991	-0.111	0.446	0.543	1.49	1.23	-2.17	6.04	-3.49	4.45	46640	-0.098	0.445	0.588	-0.115	-0.010	1.140
11.007	-0.111	0.448	0.543	1.54	1.25	-2.13	4.92	-4.92	5.04	46625	-0.100	0.446	0.588	-0.116	-0.010	1.137
11.014	-0.113	0.449	0.543	1.59	1.30	-2.08	3.47	-2.96	4.40	46630	-0.102	0.448	0.588	-0.116	-0.010	1.133
11.024	-0.118	0.453	0.543	1.60	1.34	-2.03	1.03	-0.40	3.97	46654	-0.104	0.449	0.588	-0.117	-0.010	1.130
11.038	-0.124	0.455	0.543	1.60	1.37	-1.99	-0.51	0.68	3.87	46673	-0.107	0.451	0.588	-0.118	-0.009	1.126
11.048	-0.123	0.457	0.542	1.58	1.34	-1.96	-1.75	2.95	3.70	46690	-0.109	0.453	0.587	-0.119	-0.009	1.123
11.059	-0.126	0.458	0.542	1.56	1.31	-1.92	-3.05	5.08	3.83	46973	-0.112	0.454	0.587	-0.119	-0.009	1.120
11.067	-0.128	0.459	0.542	1.53	1.25	-1.88	-2.69	6.56	3.98	46996	-0.114	0.456	0.587	-0.120	-0.009	1.116
11.074	-0.135	0.461	0.542	1.49	1.22	-1.83	-5.10	6.28	3.69	47021	-0.117	0.457	0.586	-0.121	-0.009	1.113
11.085	-0.138	0.462	0.542	1.44	1.16	-1.79	-4.43	5.94	3.85	47056	-0.120	0.459	0.586	-0.122	-0.009	1.110
11.095	-0.142	0.463	0.544	1.40	1.12	-1.76	-4.33	4.48	3.02	46727	-0.123	0.460	0.586	-0.123	-0.008	1.106
11.106	-0.144	0.464	0.544	1.36	1.07	-1.72	-2.43	4.47	2.97	46722	-0.126	0.462	0.586	-0.124	-0.008	1.103
11.116	-0.146	0.466	0.544	1.34	1.02	-1.70	-1.79	2.08	2.65	46723	-0.129	0.463	0.586	-0.125	-0.008	1.100
11.121	-0.148	0.467	0.544	1.33	1.00	-1.67	0.77	-0.52	2.59	46732	-0.132	0.464	0.586	-0.126	-0.008	1.097
11.133	-0.151	0.468	0.545	1.34	1.01	-1.64	2.30	-0.96	2.18	46537	-0.135	0.465	0.586	-0.126	-0.008	1.094
11.142	-0.148	0.468	0.546	1.37	0.98	-1.63	4.93	-2.52	2.08	46518	-0.137	0.467	0.586	-0.127	-0.008	1.091
11.152	-0.147	0.469	0.546	1.42	0.98	-1.61	5.91	-4.75	2.69	46494	-0.139	0.468	0.586	-0.127	-0.008	1.088
11.165	-0.162	0.472	0.546	1.47	1.12	-1.58	5.29	-5.09	1.57	46480	-0.142	0.469	0.586	-0.128	-0.008	1.085
11.173	-0.162	0.474	0.546	1.51	1.15	-1.56	4.63	-6.59	1.94	46494	-0.145	0.470	0.586	-0.129	-0.007	1.081
11.184	-0.165	0.475	0.546	1.55	1.21	-1.55	3.81	-5.99	1.86	46497	-0.148	0.472	0.586	-0.130	-0.007	1.078
11.194	-0.166	0.475	0.546	1.60	1.25	-1.53	3.33	-3.49	1.62	46491	-0.151	0.473	0.586	-0.131	-0.007	1.075
11.204	-0.170	0.476	0.546	1.62	1.30	-1.52	0.98	-2.94	1.75	46481	-0.154	0.474	0.586	-0.132	-0.007	1.072
11.215	-0.176	0.480	0.546	1.60	1.34	-1.50	-1.10	-1.11	1.27	46482	-0.157	0.475	0.586	-0.133	-0.007	1.069
11.225	-0.176	0.480	0.547	1.60	1.33	-1.49	-2.53	1.56	1.40	46452	-0.160	0.477	0.586	-0.133	-0.007	1.067
11.235	-0.176	0.482	0.547	1.56	1.28	-1.48	-4.13	3.84	0.96	46455	-0.163	0.478	0.585	-0.134	-0.006	1.064
11.245	-0.173	0.482	0.547	1.51	1.20	-1.47	-6.17	5.72	1.31	46457	-0.165	0.479	0.585	-0.134	-0.006	1.061
11.255	-0.168	0.482	0.547	1.46	1.07	-1.47	-6.52	7.02	1.31	46460	-0.166	0.480	0.585	-0.134	-0.006	1.058
11.265	-0.186	0.484	0.548	1.38	1.12	-1.44	-5.01	8.30	1.58	46466	-0.169	0.481	0.585	-0.135	-0.006	1.055
11.280	-0.185	0.483	0.548	1.35	1.00	-1.43	-2.98	10.03	1.82	46360	-0.172	0.482	0.585	-0.136	-0.006	1.052
11.286	-0.190	0.484	0.548	1.32	0.92	-1.40	-2.28	9.50	1.48	46370	-0.175	0.483	0.585	-0.137	-0.006	1.049
11.291	-0.191	0.483	0.548	1.31	0.81	-1.39	-0.40	8.90	1.78	46373	-0.178	0.483	0.585	-0.137	-0.006	1.047
11.306	-0.191	0.484	0.548	1.31	0.70	-1.37	0.60	8.38	1.80	46379	-0.180	0.484	0.585	-0.138	-0.006	1.044
11.313	-0.194	0.485	0.547	1.32	0.62	-1.35	1.92	7.26	1.92	46555	-0.183	0.484	0.584	-0.138	-0.006	1.041
11.322	-0.203	0.485	0.547	1.34	0.60	-1.33	2.90	5.66	1.77	46585	-0.186	0.485	0.584	-0.139	-0.006	1.038
11.334	-0.205	0.484	0.547	1.38	0.53	-1.31	3.11	4.72	1.77	46604	-0.189	0.485	0.584	-0.140	-0.006	1.036
11.343	-0.205	0.484	0.547	1.42	0.47	-1.30	3.34	3.32	1.54	46605	-0.192	0.485	0.584	-0.141	-0.006	1.033
11.353	-0.208	0.485	0.546	1.45	0.44	-1.28	3.41	2.06	1.60	46878	-0.195	0.486	0.583	-0.141	-0.006	1.030
11.363	-0.211	0.488	0.546	1.46	0.42	-1.26	2.82	0.34	1.70	46920	-0.198	0.487	0.583	-0.142	-0.006	1.027
11.376	-0.212	0.488	0.546	1.48	0.40	-1.25	1.72	1.21	1.51	46938	-0.201	0.487	0.582	-0.143	-0.006	1.024
11.385	-0.215	0.489	0.546	1.49	0.39	-1.23	0.50	1.44	0.96	46951	-0.204	0.488	0.582	-0.143	-0.006	1.022
11.397	-0.215	0.487	0.546	1.51	0.36	-1.23	-0.60	-0.31	1.18	46989	-0.206	0.488	0.581	-0.144	-0.006	1.019
11.406	-0.210	0.486	0.545	1.51	0.30	-1.22	-2.02	0.84	0.86	47160	-0.208	0.488	0.581	-0.144	-0.006	1.016
11.411	-0.223	0.487	0.545	1.49	0.37	-1.20	-2.75	0.12	0.73	47193	-0.211	0.488	0.580	-0.144	-0.006	1.014
11.424	-0.226	0.487	0.545	1.45	0.37	-1.20	-3.70	0.83	0.90	47221	-0.214	0.488	0.580	-0.145	-0.006	1.011
11.435	-0.230	0.488	0.544	1.42	0.37	-1.19	-4.35	1.63	0.54	47246	-0.217	0.488	0.579	-0.146	-0.006	1.008
11.441	-0.232	0.488	0.544	1.38	0.36	-1.18	-2.28	0.59	0.64	47232	-0.220	0.489	0.579	-0.146	-0.006	1.006
11.457	-0.236	0.488	0.544	1.36	0.35	-1.17	-1.94	1.04	0.13	47260	-0.223	0.489	0.579	-0.147	-0.006	1.003
11.462	-0.236	0.491	0.544	1.32	0.31	-1.17	0.23	0.73	0.84	47258	-0.226	0.489	0.578	-0.148	-0.006	1.001
11.473	-0.239	0.491	0.544	1.32	0.31	-1.17	-0.55	0.07	0.49	47270	-0.229	0.489	0.578	-0.148	-0.006	0.998
11.485	-0.234	0.489	0.543	1.33	0.24	-1.17	1.76	1.04	1.11	47281	-0.231	0.490	0.577	-0.148	-0.006	0.995
11.495	-0.234	0.487	0.543	1.37	0.20	-1.16	1.82	0.94	1.27	47331	-0.232	0.489	0.577	-0.148	-0.006	0.993
11.503	-0.247	0.489	0.543	1.37	0.28	-1.13	1.65	0.64	1.71	47349	-0.235	0.489	0.577	-0.149	-0.006	0.990
11.513	-0.250	0.489	0.543	1.39	0.28	-1.11	0.86	-0.13	1.59	47369	-0.238	0.490	0.576	-0.150	-0.006	0.988
11.524	-0.249	0.489	0.542	1.39	0.25	-1.10	0.48	-1.51	2.01	47374	-0.241	0.490	0.576	-0.150	-0.006	0.985
11.534	-0.256	0.491	0.542	1.38	0.30	-1.08	-0.51	-1.81	2.06	47486	-0.244	0.490	0.575	-0.151	-0.006	0.983
11.545	-0.257	0.491	0.541	1.38	0.30	-1.06	-0.58	-1.17	1.63	47509	-0.247	0.490	0.575	-0.151	-0.006	0.980
11.555	-0.261	0.491	0.541	1.38	0.32	-1.05	-0.42	-1.15	1.90	47529	-0.250	0.490	0.575	-0.152	-0.006	0.978
11.565	-0.264	0.491	0.541	1.37	0.34	-1.03	-0.76	-1.47	1.84	47544	-0.253	0.490	0.574	-0.152	-0.006	0.975
11.573	-0.267	0.491	0.541	1.36	0.35	-1.01	-2.24	-1.30	1.91	47542	-0.256	0.490	0.574	-0.153	-0.006	0.972
11.586	-0.262	0.490	0.540	1.34	0.31	-1.00	-2.58	-0.72	1.37	47547	-0.259	0.490	0.573	-0.153	-0.006	0.970
11.595	-0.265	0.490	0.540	1.32	0.32	-0.99	-1.60	-0.25	1.78	47554	-0.261	0.490	0.573	-0.153	-0.006	0.967
11.602	-0.277	0.490	0.540	1.30	0.38	-0.96	-1.91	0.72	1.37	47560	-0.264	0.490	0.573	-0.154	-0.006	0.965
11.614	-0.277	0.491	0.540	1.28	0.34	-0.95	-0.78	1.91	1.10	47574	-0.268	0.490	0.572	-0.154	-0.006	0.963
11.623	-0.280	0.491	0.539	1.27	0.33	-0.94	0.02	2.33	1.32	47707	-0.271	0.490	0.572	-0.155	-0.006	0.960
11.636	-0.282	0.491	0.538	1.27	0.30	-0.93	0.37	2.75	1.36	47705	-0.274	0.490	0.571	-0.155	-0.006	0.958
11.644	-0.286	0.491	0.538	1.28	0.28	-0.91	0.62	2.86	1.27	47716	-0.277	0.490	0.571	-0.156	-0.006	0.955
11.655	-0.285	0.492	0.538	1.27	0.22	-0.90	0.38	2.66	1.00	47741	-0.280	0.490	0.570	-0.156	-0.006	0.953
11.665	-0.282	0.491	0.538	1.28	0.14	-0.90	0.44	2.84	1.07	47660	-0.281	0.490	0.570	-0.156	-0.006	0.950
11.675	-0.279	0.491	0.538	1.28	0.07	-0.89	0.02	2.23	1.43	47672	-0.283	0.490	0.570	-0.156	-0.005	0.948
11.686	-0.290	0.491	0.538	1.28	0.11	-0.87	-0.92	2.25	1.66	47682	-0.285	0.490	0.569	-0.156	-0.005	0.945
11.697	-0.293	0.491	0.537	1.26	0.09	-0.85	-2.66	1.03	1.90	47692	-0.288	0.490	0.569	-0.156	-0.005	0.943
11.706	-0.299	0.491	0.538	1.23	0.11	-0.83	-2.48	0.00	2.24	47702	-0.291	0.489	0.569	-0.157	-0.005	0.941
11.716	-0.300	0.492	0.538	1.20	0.10	-0.80	-2.37	-1.16	3.28	47555	-0.294	0.489	0.569	-0.157	-0.005	0.938
11.727	-0.303	0.492	0.538	1.16	0.12	-0.77	-4.12	-1.35	3.42	47547	-0.297	0.489	0.569	-0.157	-0.005	0.936
11.733	-0.303	0.491	0.537	1.13	0.11	-0.74	-3.00	-0.73	3.90	47527	-0.299	0.489	0.568	-0.157	-0.005	0.934
11.743	-0.306	0.491	0.537	1.10	0.12	-0.70	-2.63	-0.97	4.28	47517	-0.302	0.489	0.568	-0.157	-0.005	0.931
11.755	-0.308	0.491	0.537	1.08	0.12	-0.65	-1.72	-0.16	4.73	47529	-0.304	0.489	0.568	-0.158	-0.005	0.929
11.763	-0.306	0.491	0.537	1.06	0.08	-0.61	0.28	1.44	4.49	47522	-0.306	0.489	0.568	-0.158	-0.005	0.926
11.774	-0.325	0.492	0.537	1.05	0.19	-0.55	1.34	1.25	4.12	47508	-0.311	0.489	0.567	-0.158	-0.004	0.924
11.784	-0.328	0.492	0.536	1.07	0.17	-0.51	2.15	2.34	4.19	47505	-0.315	0.489	0.567	-0.159	-0.004	0.922
11.794	-0.332	0.493	0.536	1.09	0.17	-0.47	4.17	2.01	4.12	47614	-0.319	0.489	0.567	-0.160	-0.004	0.919
11.810	-0.333	0.493	0.536	1.13	0.13	-0.43	3.80	1.83	4.13	47617	-0.322	0.489	0.567	-0.160	-0.004	0.917
11.815	-0.334	0.492	0.535	1.17	0.10	-0.39	4.90	2.32	4.38	47609	-0.326	0.489	0.566	-0.161	-0.004	0.915
11.826	-0.335	0.492	0.535	1.21	0.05	-0.35	3.94	2.52	3.91	47593	-0.329	0.489	0.566	-0.161	-0.004	0.912
11.835	-0.334	0.490	0.535	1.26	-0.01	-0.31	2.66	3.46	4.18	47582	-0.331	0.489	0.566	-0.161	-0.004	0.910
11.845	-0.331	0.490	0.534	1.28	-0.08	-0.27	2.28	3.26	4.55	47754	-0.333	0.488	0.565	-0.161	-0.003	0.908
11.856	-0.329	0.490	0.534	1.30	-0.16	-0.23	2.22	3.82	4.48	47754	-0.335	0.488	0.565	-0.161	-0.003	0.905
11.861	-0.348	0.491	0.534	1.30	-0.06	-0.17	1.05	4.07	4.14	47738	-0.339	0.488	0.564	-0.161	-0.003	0.903
11.872	-0.351	0.491	0.533	1.31	-0.10	-0.14	-0.34	2.81	3.34	47741	-0.342	0.488	0.564	-0.162	-0.003	0.901
11.884	-0.357	0.491	0.534	1.30	-0.10	-0.10	-1.25	1.29	2.75	47632	-0.346	0.488	0.564	-0.162	-0.003	0.898
11.895	-0.358	0.491	0.534	1.29	-0.12	-0.08	-1.18	-0.35	2.38	47644	-0.350	0.488	0.564	-0.163	-0.003	0.896
11.903	-0.361	0.492	0.534	1.27	-0.11	-0.05	-1.29	-1.45	2.13	47630	-0.353	0.488	0.563	-0.163	-0.002	0.894
11.913	-0.364	0.491	0.534	1.26	-0.09	-0.03	-0.37	-2.53	2.75	47610	-0.357	0.487	0.563	-0.163	-0.002	0.892
11.926	-0.367	0.491	0.533	1.26	-0.06	-0.00	0.76	-3.31	2.03	47595	-0.360	0.487	0.563	-0.164	-0.002	0.889
11.934	-0.370	0.490	0.533	1.27	-0.02	0.02	1.65	-3.34	2.20	47695	-0.364	0.487	0.563	-0.164	-0.002	0.887
11.945	-0.367	0.489	0.533	1.30	-0.04	0.03	2.72	-2.83	1.30	47673	-0.366	0.487	0.562	-0.164	-0.002	0.885
11.955	-0.364	0.488	0.532	1.33	-0.06	0.03	4.56	-1.54	1.48	47645	-0.368	0.486	0.562	-0.164	-0.002	0.883
11.966	-0.385	0.488	0.532	1.39	0.10	0.07	5.82	-0.29	1.34	47617	-0.373	0.486	0.562	-0.164	-0.002	0.880
11.971	-0.388	0.487	0.533	1.45	0.10	0.08	6.89	0.83	1.10	47481	-0.377	0.485	0.562	-0.165	-0.001	0.878
11.984	-0.391	0.486	0.533	1.52	0.08	0.09	7.24	2.74	1.44	47474	-0.381	0.485	0.562	-0.166	-0.001	0.876
11.992	-0.396	0.486	0.533	1.59	0.06	0.11	6.54	3.45	1.14	47460	-0.385	0.484	0.561	-0.166	-0.001	0.874
12.003	-0.397	0.485	0.533	1.65	0.00	0.12	6.50	4.72	0.84	47446	-0.389	0.483	0.561	-0.167	-0.001	0.872
12.013	-0.399	0.485	0.533	1.70	-0.06	0.12	5.02	5.01	0.07	47416	-0.393	0.483	0.561	-0.167	-0.001	0.870
12.023	-0.402	0.484	0.533	1.75	-0.12	0.12	2.86	6.28	-0.03	47413	-0.396	0.482	0.561	-0.167	-0.001	0.867
12.034	-0.399	0.484	0.533	1.76	-0.23	0.12	1.07	5.94	-0.50	47415	-0.399	0.482	0.561	-0.167	-0.001	0.865
12.044	-0.397	0.483	0.533	1.77	-0.32	0.11	-0.14	5.80	-0.70	47409	-0.401	0.481	0.561	-0.167	-0.001	0.863
12.054	-0.408	0.483	0.533	1.74	-0.31	0.11	-2.05	4.97	-1.01	47397	-0.405	0.481	0.561	-0.167	-0.001	0.861
12.066	-0.408	0.485	0.533	1.69	-0.38	0.09	-4.08	3.36	-1.97	47372	-0.408	0.480	0.561	-0.167	-0.000	0.859
12.075	-0.413	0.485	0.533	1.65	-0.39	0.08	-4.74	1.39	-2.23	47378	-0.411	0.480	0.560	-0.167	-0.000	0.857
12.086	-0.414	0.484	0.533	1.60	-0.42	0.05	-5.32	-0.53	-2.73	47386	-0.414	0.480	0.560	-0.167	0.000	0.855
12.091	-0.415	0.485	0.533	1.53	-0.42	0.02	-4.01	-2.44	-2.60	47375	-0.417	0.479	0.560	-0.167	0.000	0.853
12.101	-0.418	0.484	0.532	1.49	-0.38	-0.01	-3.86	-5.46	-2.65	47417	-0.419	0.479	0.560	-0.167	0.001	0.851
12.115	-0.419	0.479	0.532	1.50	-0.34	-0.04	-1.79	-5.63	-2.72	47409	-0.422	0.478	0.560	-0.167	0.001	0.848
12.122	-0.422	0.478	0.532	1.49	-0.28	-0.07	-0.12	-6.94	-2.68	47407	-0.425	0.477	0.560	-0.167	0.001	0.846
12.134	-0.423	0.475	0.532	1.50	-0.22	-0.10	1.23	-6.74	-3.04	47388	-0.427	0.476	0.560	-0.166	0.001	0.844
12.142	-0.423	0.473	0.532	1.54	-0.17	-0.13	2.16	-6.28	-3.04	47362	-0.429	0.475	0.559	-0.166	0.001	0.842
12.155	-0.423	0.473	0.532	1.54	-0.17	-0.13	3.37	-5.99	-2.86	47380	-0.431	0.473	0.559	-0.166	0.000	0.840
12.168	-0.421	0.473	0.532	1.56	-0.15	-0.17	3.40	-5.01	-2.65	47372	-0.433	0.472	0.559	-0.165	0.000	0.838
12.173	-0.431	0.473	0.532	1.58	-0.03	-0.19	2.30	-3.70	-2.64	47346	-0.435	0.471	0.559	-0.165	0.001	0.836
12.184	-0.432	0.473	0.532	1.60	-0.01	-0.22	1.11	-2.24	-2.57	47330	-0.438	0.470	0.559	-0.165	0.001	0.834
12.194	-0.435	0.472	0.530	1.62	0.02	-0.25	-0.26	-1.54	-2.55	47726	-0.440	0.469	0.558	-0.164	0.001	0.832
12.204	-0.438	0.470	0.530	1.62	0.05	-0.27	-1.73	-1.17	-2.36	47740	-0.442	0.468	0.558	-0.164	0.001	0.830
12.216	-0.441	0.471	0.530	1.60	0.06	-0.30	-3.35	-1.17	-2.33	47748	-0.445	0.468	0.557	-0.164	0.001	0.828
12.224	-0.443	0.471	0.530	1.57	0.07	-0.32	-4.75	-1.08	-2.51	47748	-0.448	0.467	0.557	-0.164	0.001	0.826
12.235	-0.444	0.468	0.529	1.54	0.06	-0.35	-5.56	-0.81	-2.38	47793	-0.450	0.466	0.557	-0.164	0.001	0.824
12.245	-0.445	0.466	0.529	1.49	0.05	-0.38	-6.56	-0.80	-2.39	47799	-0.452	0.465	0.556	-0.163	0.001	0.822
12.250	-0.448	0.465	0.529	1.43	0.06	-0.40	-5.47	0.21	-1.96	47804	-0.454	0.463	0.556	-0.163	0.002	0.820
12.266	-0.445	0.461	0.529	1.39	0.03	-0.43	-5.41	-0.60	-2.52	47787	-0.456	0.462	0.556	-0.162	0.001	0.818
12.276	-0.446	0.462	0.529	1.31	0.01	-0.45	-3.20	0.39	-1.32	47767	-0.457	0.461	0.555	-0.162	0.002	0.816
12.286	-0.454	0.462	0.528	1.27	0.05	-0.46	-2.81	1.07	-1.54	47894	-0.460	0.460	0.555	-0.161	0.002	0.814
12.291	-0.454	0.462	0.528	1.22	0.03	-0.48	-1.72	-0.71	-1.35	47892	-0.462	0.459	0.555	-0.161	0.002	0.811
12.305	-0.457	0.461	0.528	1.19	0.03	-0.50	0.33	0.32	-0.77	47889	-0.464	0.458	0.554	-0.161	0.002	0.809
12.317	-0.462	0.461	0.528	1.17	0.05	-0.51	0.91	-0.57	-1.07	47880	-0.466	0.457	0.554	-0.160	0.002	0.807
12.324	-0.463	0.459	0.530	1.19	0.03	-0.51	1.31	-1.37	-0.79	47463	-0.469	0.456	0.554	-0.160	0.002	0.806
12.333	-0.466	0.457	0.530	1.20	0.04	-0.52	2.41	-1.48	-0.36	47430	-0.471	0.455	0.554	-0.160	0.003	0.804
12.343	-0.468	0.456	0.530	1.22	0.06	-0.53	1.41	-1.90	-0.64	47412	-0.474	0.453	0.554	-0.160	0.003	0.802
12.355	-0.467	0.454	0.530	1.24	0.05	-0.54	1.48	-1.89	-0.68	47397	-0.476	0.452	0.554	-0.159	0.003	0.800
12.364	-0.470	0.453	0.531	1.26	0.07	-0.54	0.92	-2.12	-0.26	47369	-0.478	0.451	0.555	-0.159	0.003	0.798
12.375	-0.465	0.453	0.531	1.26	0.03	-0.55	-0.66	-2.42	-0.25	47186	-0.479	0.450	0.555	-0.158	0.003	0.796
12.385	-0.468	0.450	0.531	1.27	0.06	-0.56	-2.07	-2.54	-0.44	47164	-0.480	0.448	0.555	-0.157	0.003	0.795
12.395	-0.468	0.450	0.531	1.24	0.07	-0.56	-3.27	-1.05	0.00	47147	-0.482	0.447	0.555	-0.157	0.003	0.793
12.406	-0.475	0.452	0.531	1.19	0.12	-0.56	-6.31	-1.75	-0.21	47129	-0.484	0.446	0.555	-0.156	0.004	0.791
12.411	-0.474	0.451	0.531	1.13	0.11	-0.57	-5.77	-2.02	0.26	47209	-0.485	0.445	0.555	-0.156	0.004	0.789
12.422	-0.474	0.451	0.531	1.06	0.11	-0.57	-6.21	-2.50	0.37	47207	-0.487	0.445	0.555	-0.155	0.004	0.787
12.432	-0.474	0.449	0.531	1.00	0.11	-0.57	-5.11	-1.38	0.63	47193	-0.488	0.444	0.555	-0.154	0.004	0.785
12.442	-0.481	0.445	0.531	0.97	0.17	-0.56	-3.05	-0.28	0.78	47183	-0.490	0.442	0.555	-0.154	0.005	0.784
12.453	-0.486	0.444	0.530	0.92	0.19	-0.55	-2.55	-0.17	0.54	47396	-0.492	0.441	0.554	-0.154	0.005	0.782
12.463	-0.486	0.442	0.530	0.91	0.17	-0.55	0.84	0.37	1.23	47390	-0.494	0.440	0.554	-0.153	0.005	0.780
12.473	-0.488	0.440	0.530	0.90	0.17	-0.54	2.17	0.73	1.44	47378	-0.496	0.438	0.554	-0.153	0.005	0.778
12.483	-0.486	0.440	0.530	0.90	0.13	-0.53	3.07	1.51	1.91	47363	-0.498	0.437	0.554	-0.152	0.005	0.776
12.494	-0.487	0.439	0.530	0.92	0.11	-0.52	3.87	2.42	1.99	47345	-0.499	0.436	0.554	-0.152	0.005	0.775
12.504	-0.486	0.440	0.530	0.93	0.07	-0.50	3.50	1.86	2.33	47269	-0.500	0.435	0.554	-0.151	0.006	0.773
12.514	-0.486	0.440	0.530	0.96	0.04	-0.48	3.00	2.30	2.11	47268	-0.501	0.434	0.553	-0.150	0.006	0.771
12.525	-0.495	0.440	0.531	0.97	0.07	-0.46	2.96	1.32	2.25	47254	-0.503	0.433	0.553	-0.150	0.006	0.769
12.535	-0.497	0.439	0.531	1.00	0.05	-0.43	0.93	0.44	2.02	47243	-0.505	0.432	0.553	-0.149	0.007	0.768
12.545	-0.500	0.437	0.531	1.02	0.04	-0.41	2.65	-1.38	2.43	47212	-0.507	0.431	0.553	-0.149	0.007	0.766
12.555	-0.505	0.436	0.531	1.04	0.07	-0.39	2.42	-1.61	2.32	47208	-0.510	0.430	0.553	-0.149	0.007	0.764
12.565	-0.507	0.434	0.531	1.06	0.08	-0.36	1.69	-4.04	2.59	47200	-0.512	0.429	0.553	-0.148	0.007	0.762
12.572	-0.510	0.432	0.531	1.08	0.11	-0.34	1.91	-4.30	2.71	47178	-0.515	0.428	0.553	-0.148	0.008	0.761
12.592	-0.512	0.430	0.530	1.10	0.15	-0.32	1.21	-4.16	2.19	47164	-0.517	0.427	0.553	-0.148	0.008	0.759
12.597	-0.515	0.428	0.530	1.11	0.20	-0.29	1.85	-3.34	2.32	47450	-0.520	0.425	0.552	-0.148	0.008	0.757
12.608	-0.516	0.426	0.530	1.14	0.23	-0.27	2.67	-1.06	2.24	47450	-0.522	0.424	0.552	-0.147	0.008	0.756
12.615	-0.521	0.422	0.530	1.17	0.26	-0.25	1.79	1.03	1.66	47433	-0.524	0.422	0.552	-0.147	0.008	0.754
12.623	-0.517	0.419	0.530	1.20	0.22	-0.23	3.36	1.49	2.20	47415	-0.526	0.420	0.552	-0.147	0.008	0.752
12.634	-0.519	0.417	0.530	1.23	0.20	-0.21	2.64	4.27	2.14	47368	-0.528	0.418	0.552	-0.146	0.008	0.750
12.644	-0.525	0.418	0.530	1.24	0.20	-0.19	3.37	8.20	2.01	47368	-0.530	0.416	0.551	-0.146	0.008	0.749
12.655	-0.527	0.416	0.530	1.27	0.13	-0.17	2.41	7.34	1.90	47368	-0.533	0.415	0.551	-0.146	0.008	0.747
12.665	-0.527	0.416	0.530	1.29	0.04	-0.15	1.77	8.94	1.77	47365	-0.535	0.413	0.551	-0.145	0.008	0.746
12.671	-0.531	0.415	0.530	1.30	-0.03	-0.13	1.58	7.98	1.51	47335	-0.537	0.412	0.551	-0.145	0.008	0.744
12.681	-0.532	0.416	0.530	1.31	-0.13	-0.11	-0.46	5.61	1.70	47329	-0.539	0.411	0.551	-0.145	0.009	0.742
12.691	-0.532	0.415	0.530	1.30	-0.21	-0.09	-1.28	5.85	1.84	47343	-0.541	0.409	0.551	-0.144	0.009	0.741
12.702	-0.532	0.413	0.530	1.29	-0.29	-0.07	-1.63	4.69	1.92	47348	-0.543	0.408	0.551	-0.144	0.009	0.739
12.712	-0.530	0.411	0.530	1.28	-0.38	-0.05	-1.09	4.39	1.91	47341	-0.544	0.407	0.551	-0.143	0.009	0.738
12.722	-0.528	0.411	0.530	1.25	-0.45	-0.04	-1.02	2.19	2.18	47409	-0.545	0.405	0.551	-0.142	0.010	0.736
12.732	-0.539	0.408	0.530	1.25	-0.41	-0.01	-0.91	1.06	2.34	47415	-0.547	0.404	0.550	-0.141	0.010	0.734
12.743	-0.542	0.406	0.530	1.24	-0.42	0.01	-1.41	-2.02	2.58	47425	-0.549	0.402	0.550	-0.141	0.010	0.733
12.753	-0.541	0.405	0.530	1.22	-0.43	0.03	-0.84	-3.43	2.77	47432	-0.551	0.401	0.550	-0.141	0.010	0.731
12.763	-0.544	0.403	0.530	1.22	-0.41	0.06	0.16	-3.57	2.40	47328	-0.553	0.400	0.550	-0.140	0.010	0.730
12.774	-0.546	0.401	0.530	1.21	-0.37	0.09	1.75	-4.55	2.84	47319	-0.555	0.398	0.550	-0.140	0.011	0.728
12.783	-0.550	0.397	0.530	1.24	-0.31	0.12	1.81	-4.25	3.50	47318	-0.557	0.396	0.550	-0.139	0.011	0.727
12.793	-0.553	0.395	0.530	1.26	-0.26	0.15	2.68	-3.68	3.54	47327	-0.559	0.394	0.550	-0.139	0.011	0.725
12.804	-0.553	0.392	0.530	1.28	-0.23	0.18	4.23	-0.39	3.56	47318	-0.561	0.392	0.550	-0.139	0.011	0.724
12.815	-0.556	0.391	0.530	1.31	-0.21	0.21	3.07	0.01	3.68	47319	-0.564	0.390	0.550	-0.138	0.011	0.722
12.824	-0.558	0.389	0.530	1.35	-0.21	0.25	3.39	2.19	3.74	47322	-0.566	0.388	0.550	-0.138	0.011	0.721
12.831	-0.560	0.387	0.530	1.39	-0.22	0.29	3.09	4.15	3.61	47317	-0.568	0.386	0.550	-0.137	0.011	0.719
12.841	-0.562	0.384	0.530	1.42	-0.25	0.32	2.13	4.75	3.54	47303	-0.570	0.384	0.549	-0.137	0.011	0.718
12.851	-0.565	0.382	0.530	1.45	-0.30	0.36	1.32	5.04	3.47	47312	-0.572	0.382	0.549	-0.137	0.011	0.716
12.864	-0.567	0.380	0.530	1.47	-0.35	0.40	0.77	4.87	3.22	47315	-0.574	0.380	0.549	-0.136	0.011	0.715
12.874	-0.578	0.376	0.530	1.49	-0.33	0.44	-0.06	4.71	2.65	47295	-0.578	0.377	0.549	-0.136	0.011	0.714
12.885	-0.576	0.376	0.530	1.49	-0.41	0.46	-0.21	3.88	1.70	47272	-0.580	0.375	0.549	-0.136	0.011	0.712
12.898	-0.576	0.377	0.530	1.46	-0.47	0.48	-1.85	3.17	1.29	47335	-0.583	0.373	0.549	-0.136	0.011	0.711
12.903	-0.574	0.378	0.530	1.42	-0.54	0.50	-2.33	1.88	0.71	47324	-0.584	0.372	0.549	-0.135	0.011	0.709
12.913	-0.579	0.375	0.530	1.41	-0.55	0.51	-4.59	1.26	0.30	47302	-0.587	0.370	0.549	-0.135	0.012	0.708
12.924	-0.578	0.375	0.530	1.36	-0.59	0.51	-5.00	0.55	0.11	47283	-0.589	0.369	0.548	-0.134	0.012	0.706
12.934	-0.583	0.372	0.530	1.32	-0.57	0.51	-5.19	0.15	-0.63	47267	-0.591	0.367	0.548	-0.134	0.012	0.705
12.945	-0.581	0.372	0.530	1.25	-0.61	0.51	-5.29	0.97	-0.75	47328	-0.592	0.365	0.548	-0.133	0.012	0.704
12.955	-0.580	0.372	0.530	1.18	-0.64	0.50	-4.67	1.68	-0.72	47320	-0.594	0.364	0.548	-0.133	0.013	0.702
12.964	-0.582	0.369	0.530	1.13	-0.66	0.49	-2.85	3.22	-0.77	47302	-0.595	0.363	0.548	-0.132	0.013	0.701
12.971	-0.584	0.367	0.530	1.09	-0.68	0.49	-1.82	2.70	-1.22	47290	-0.597	0.361	0.548	-0.131	0.013	0.699
12.982	-0.580	0.363	0.530	1.08	-0.76	0.47	1.29	3.00	-1.14	47259	-0.598	0.359	0.548	-0.130	0.014	0.698
12.992	-0.611	0.358	0.530	1.11	-0.56	0.48	2.01	3.75	-1.41	47256	-0.602	0.357	0.547	-0.131	0.014	0.697
13.003	-0.614	0.355	0.530	1.12	-0.59	0.46	2.93	1.45	-1.23	47256	-0.607	0.355	0.547	-0.131	0.014	0.695
13.013	-0.616	0.353	0.530	1.15	-0.62	0.45	3.70	2.23	-1.50	47254	-0.611	0.352	0.547	-0.131	0.014	0.694
13.024	-0.618	0.350	0.531	1.18	-0.64	0.44	4.06	1.14	-1.07	47256	-0.615	0.350	0.547	-0.132	0.014	0.693
13.033	-0.621	0.348	0.531	1.22	-0.65	0.43	2.86	2.48	-1.06	47104	-0.618	0.348	0.547	-0.132	0.014	0.692
13.044	-0.624	0.341	0.531	1.29	-0.66	0.42	2.12	2.16	-0.85	47094	-0.622	0.344	0.547	-0.132	0.014	0.690
13.054	-0.627	0.335	0.531	1.33	-0.68	0.41	-0.20	4.81	-0.73	47095	-0.626	0.341	0.547	-0.132	0.013	0.689
13.064	-0.626	0.335	0.531	1.32	-0.75	0.40	-1.76	4.78	-1.13	47110	-0.629	0.338	0.547	-0.132	0.013	0.688
13.075	-0.627	0.337	0.530	1.28	-0.80	0.39	-2.67	6.37	-0.63	47264	-0.632	0.336	0.547	-0.131	0.013	0.687
13.080	-0.629	0.334	0.530	1.25	-0.86	0.38	-5.44	8.08	-1.02	47261	-0.635	0.333	0.547	-0.131	0.013	0.685
13.094	-0.627	0.333	0.530	1.20	-0.96	0.37	-6.36	8.55	-1.42	47255	-0.637	0.331	0.547	-0.131	0.013	0.684
13.103	-0.627	0.330	0.530	1.14	-1.07	0.36	-6.85	9.20	-1.94	47256	-0.639	0.329	0.547	-0.130	0.013	0.683
13.116	-0.624	0.331	0.531	1.05	-1.18	0.34	-6.48	10.70	-2.31	47212	-0.640	0.327	0.547	-0.129	0.014	0.682
13.127	-0.622	0.328	0.531	0.99	-1.31	0.33	-5.58	7.79	-2.15	47204	-0.641	0.324	0.547	-0.128	0.014	0.680
13.134	-0.622	0.328	0.531	0.90	-1.42	0.30	-3.75	6.37	-2.41	47190	-0.642	0.323	0.547	-0.127	0.014	0.679
13.142	-0.629	0.325	0.531	0.86	-1.46	0.28	-2.66	4.87	-2.10	47184	-0.644	0.321	0.546	-0.126	0.014	0.678
13.153	-0.627	0.323	0.531	0.82	-1.54	0.26	-0.97	4.58	-2.32	47187	-0.645	0.318	0.546	-0.125	0.014	0.677
13.163	-0.629	0.324	0.531	0.78	-1.58	0.24	-0.15	2.30	-3.06	47074	-0.646	0.317	0.546	-0.125	0.015	0.676
13.177	-0.631	0.322	0.531	0.77	-1.61	0.21	-0.87	-3.60	-3.72	47055	-0.648	0.315	0.546	-0.124	0.015	0.674
13.183	-0.631	0.321	0.531	0.75	-1.62	0.18	0.41	-5.20	-4.16	47052	-0.649	0.313	0.546	-0.123	0.016	0.673
13.194	-0.631	0.317	0.531	0.76	-1.58	0.14	1.97	-5.76	-4.20	47052	-0.650	0.312	0.546	-0.122	0.016	0.672
13.200	-0.633	0.315	0.530	0.77	-1.53	0.09	2.25	-8.79	-4.05	47231	-0.651	0.310	0.546	-0.121	0.016	0.671
13.215	-0.634	0.312	0.530	0.79	-1.46	0.05	3.08	-10.14	-3.59	47247	-0.652	0.308	0.546	-0.120	0.016	0.670
13.226	-0.635	0.311	0.530	0.80	-1.37	0.01	3.18	-9.66	-3.75	47270	-0.653	0.306	0.546	-0.119	0.017	0.669
13.231	-0.636	0.311	0.530	0.82	-1.28	-0.03	2.68	-9.97	-3.39	47293	-0.654	0.304	0.546	-0.118	0.017	0.667
13.246	-0.636	0.308	0.530	0.85	-1.19	-0.07	2.34	-9.41	-3.60	47313	-0.655	0.302	0.545	-0.117	0.017	0.666
13.251	-0.637	0.307	0.530	0.86	-1.10	-0.11	2.02	-7.67	-3.43	47419	-0.656	0.301	0.545	-0.116	0.018	0.665
13.262	-0.637	0.304	0.530	0.89	-1.02	-0.14	2.15	-7.30	-2.67	47428	-0.657	0.299	0.545	-0.115	0.018	0.664
13.276	-0.639	0.301	0.530	0.91	-0.94	-0.17	1.60	-4.99	-3.02	47436	-0.658	0.297	0.545	-0.114	0.018	0.663
13.282	-0.637	0.299	0.530	0.93	-0.91	-0.20	1.38	-3.93	-2.52	47444	-0.659	0.294	0.545	-0.113	0.018	0.662
13.311	-0.638	0.296	0.529	0.94	-0.86	-0.22	1.77	-2.06	-2.15	47488	-0.659	0.292	0.544	-0.112	0.018	0.661
13.319	-0.638	0.295	0.529	0.94	-0.84	-0.25	2.57	-0.49	-2.50	47490	-0.660	0.290	0.544	-0.111	0.019	0.659
13.319	-0.639	0.296	0.529	0.95	-0.84	-0.28	3.47	0.60	-2.60	47479	-0.661	0.289	0.544	-0.110	0.019	0.658
13.330	-0.639	0.291	0.529	1.00	-0.86	-0.30	3.54	-0.66	-2.24	47469	-0.661	0.287	0.544	-0.109	0.019	0.657
13.330	-0.640	0.288	0.527	1.03	-0.86	-0.33	3.94	-0.86	-2.47	47754	-0.662	0.284	0.543	-0.107	0.019	0.656
13.341	-0.639	0.287	0.527	1.06	-0.86	-0.35	4.66	-1.10	-2.48	47767	-0.662	0.282	0.543	-0.106	0.020	0.655
13.353	-0.638	0.283	0.527	1.11	-0.87	-0.38	3.88	-2.95	-2.98	47776	-0.662	0.280	0.543	-0.105	0.020	0.654
13.362	-0.640	0.284	0.527	1.13	-0.84	-0.41	3.50	-3.80	-2.46	47785	-0.663	0.278	0.542	-0.104	0.020	0.652
13.372	-0.640	0.281	0.527	1.17	-0.81	-0.44	1.77	-5.40	-2.71	47789	-0.663	0.276	0.542	-0.103	0.020	0.651
13.385	-0.639	0.276	0.527	1.22	-0.78	-0.46	1.30	-7.08	-2.38	47779	-0.663	0.274	0.542	-0.101	0.021	0.650
13.393	-0.640	0.273	0.527	1.23	-0.72	-0.49	-0.33	-7.85	-2.24	47786	-0.664	0.271	0.541	-0.100	0.021	0.649
13.402	-0.641	0.271	0.526	1.23	-0.64	-0.51	-1.31	-7.54	-1.77	47788	-0.664	0.269	0.541	-0.099	0.021	0.648
13.413	-0.642	0.268	0.526	1.22	-0.56	-0.53	-2.88	-8.33	-1.70	47791	-0.664	0.266	0.541	-0.098	0.021	0.647
13.424	-0.642	0.262	0.526	1.22	-0.48	-0.55	-4.20	-6.72	-1.42	47726	-0.665	0.263	0.541	-0.097	0.021	0.646
13.435	-0.643	0.259	0.526	1.19	-0.41	-0.57	-4.78	-5.53	-1.89	47719	-0.665	0.260	0.541	-0.096	0.021	0.645
13.444	-0.644	0.259	0.526	1.12	-0.35	-0.59	-5.10	-4.26	-1.45	47729	-0.665	0.258	0.541	-0.095	0.021	0.644
13.454	-0.644	0.255	0.526	1.08	-0.31	-0.60	-4.90	-2.16	-1.83	47725	-0.666	0.255	0.540	-0.093	0.021	0.642
13.465	-0.643	0.255	0.527	1.00	-0.29	-0.62	-4.94	-0.93	-2.12	47708	-0.666	0.252	0.540	-0.092	0.021	0.641
13.472	-0.643	0.254	0.527	0.94	-0.28	-0.64	-4.39	0.27	-2.02	47550	-0.666	0.250	0.540	-0.091	0.021	0.640
13.484	-0.644	0.251	0.527	0.89	-0.28	-0.66	-4.03	1.02	-1.81	47535	-0.666	0.248	0.540	-0.090	0.021	0.639
13.496	-0.645	0.250	0.527	0.84	-0.29	-0.68	-3.53	1.46	-2.22	47527	-0.667	0.245	0.540	-0.089	0.022	0.638
13.504	-0.644	0.245	0.527	0.82	-0.31	-0.70	-1.98	1.75	-2.04	47511	-0.667	0.243	0.540	-0.088	0.022	0.637
13.512	-0.645	0.242	0.527	0.79	-0.33	-0.72	-1.37	1.65	-1.83	47375	-0.667	0.240	0.540	-0.087	0.022	0.636
13.522	-0.645	0.236	0.527	0.80	-0.35	-0.74	-0.81	1.45	-1.65	47348	-0.667	0.237	0.540	-0.085	0.022	0.635
13.534	-0.643	0.235	0.527	0.77	-0.39	-0.76	-0.74	0.61	-1.29	47332	-0.667	0.234	0.540	-0.084	0.022	0.634
13.542	-0.643	0.229	0.527	0.78	-0.41	-0.77	-0.64	0.20	-1.21	47311	-0.667	0.231	0.540	-0.083	0.022	0.633
13.553	-0.643	0.226	0.527	0.78	-0.41	-0.79	-0.81	0.01	-1.13	47360	-0.667	0.228	0.540	-0.082	0.022	0.632
13.564	-0.644	0.223	0.527	0.77	-0.41	-0.80	-1.15	-0.73	-0.69	47339	-0.667	0.225	0.540	-0.081	0.022	0.631
13.575	-0.645	0.220	0.527	0.76	-0.41	-0.81	-1.00	-1.39	-0.53	47326	-0.667	0.221	0.540	-0.080	0.021	0.630
13.580	-0.646	0.215	0.527	0.76	-0.39	-0.81	-1.44	-2.56	-0.76	47308	-0.667	0.218	0.540	-0.078	0.021	0.629
13.592	-0.647	0.212	0.527	0.75	-0.37	-0.82	-2.10	-3.08	-0.93	47294	-0.668	0.215	0.540	-0.077	0.021	0.628
13.605	-0.647	0.212	0.528	0.71	-0.34	-0.83	-2.57	-2.67	-0.45	47110	-0.668	0.212	0.540	-0.076	0.021	0.627
13.615	-0.647	0.208	0.528	0.69	-0.32	-0.84	-3.26	-2.15	-0.31	47086	-0.668	0.209	0.540	-0.075	0.021	0.626
13.620	-0.647	0.208	0.528	0.64	-0.30	-0.85	-2.80	-1.09	-0.60	47072	-0.668	0.206	0.540	-0.074	0.021	0.625
13.633	-0.646	0.205	0.528	0.60	-0.29	-0.85	-3.96	-1.79	-0.48	47058	-0.668	0.203	0.540	-0.073	0.021	0.625
13.644	-0.647	0.207	0.529	0.54	-0.27	-0.86	-3.96	-0.35	-0.86	46830	-0.668	0.201	0.540	-0.072	0.022	0.624
13.651	-0.648	0.204	0.529	0.50	-0.26	-0.86	-3.32	1.42	-1.23	46812	-0.668	0.198	0.540	-0.071	0.022	0.623
13.663	-0.649	0.194	0.529	0.51	-0.27	-0.87	-1.73	3.08	-0.79	46792	-0.668	0.195	0.541	-0.070	0.022	0.622
13.672	-0.648	0.197	0.530	0.44	-0.30	-0.88	-1.38	2.03	0.29	46771	-0.669	0.193	0.541	-0.069	0.022	0.621
13.682	-0.648	0.191	0.529	0.45	-0.33	-0.88	-1.32	2.80	-0.31	46758	-0.669	0.190	0.541	-0.068	0.022	0.620
13.692	-0.647	0.191	0.529	0.41	-0.37	-0.89	-0.13	2.69	-0.26	46950	-0.668	0.187	0.541	-0.067	0.022	0.619
13.698	-0.647	0.184	0.529	0.43	-0.40	-0.88	2.10	2.27	0.28	46937	-0.668	0.184	0.540	-0.066	0.022	0.619
13.713	-0.646	0.187	0.529	0.40	-0.43	-0.89	1.94	0.76	-0.01	46920	-0.668	0.182	0.540	-0.065	0.023	0.618
13.718	-0.646	0.186	0.529	0.40	-0.45	-0.90	2.85	0.81	-0.60	46913	-0.668	0.180	0.540	-0.064	0.023	0.617
13.729	-0.647	0.183	0.528	0.42	-0.46	-0.90	3.35	-0.91	-0.56	47093	-0.668	0.178	0.540	-0.062	0.023	0.616
13.739	-0.647	0.180	0.528	0.45	-0.46	-0.91	3.82	-1.90	-0.96	47094	-0.668	0.175	0.540	-0.061	0.023	0.615
13.750	-0.647	0.175	0.528	0.51	-0.44	-0.92	3.69	-1.74	-0.87	47087	-0.668	0.172	0.540	-0.060	0.024	0.614
13.761	-0.647	0.174	0.529	0.53	-0.42	-0.93	2.72	-2.69	-1.08	47091	-0.668	0.170	0.540	-0.059	0.024	0.613
13.772	-0.647	0.173	0.528	0.54	-0.40	-0.94	3.02	-0.34	-0.65	47215	-0.668	0.168	0.539	-0.058	0.024	0.612
13.780	-0.648	0.170	0.528	0.57	-0.39	-0.94	1.49	-0.22	-0.47	47235	-0.668	0.165	0.539	-0.057	0.024	0.612
13.792	-0.648	0.165	0.528	0.60	-0.39	-0.95	-0.09	0.87	-1.40	47245	-0.667	0.163	0.539	-0.056	0.024	0.611
13.801	-0.648	0.162	0.528	0.61	-0.39	-0.96	-0.03	3.20	-0.60	47253	-0.667	0.160	0.539	-0.055	0.025	0.610
13.811	-0.647	0.157	0.528	0.63	-0.42	-0.97	-0.29	4.42	0.22	47261	-0.667	0.157	0.539	-0.054	0.025	0.609
13.822	-0.648	0.154	0.528	0.62	-0.46	-0.97	-1.90	4.41	0.28	47249	-0.667	0.154	0.538	-0.053	0.025	0.608
13.832	-0.648	0.156	0.528	0.57	-0.50	-0.97	-2.46	4.73	0.62	47254	-0.667	0.152	0.538	-0.052	0.025	0.608
13.843	-0.648	0.150	0.528	0.57	-0.56	-0.97	-2.42	5.44	0.22	47260	-0.667	0.149	0.538	-0.051	0.025	0.607
13.853	-0.648	0.147	0.528	0.55	-0.61	-0.97	-2.55	6.17	-0.22	47254	-0.667	0.146	0.538	-0.050	0.025	0.606
13.864	-0.647	0.142	0.528	0.53	-0.67	-0.97	-2.52	4.25	0.04	47305	-0.667	0.143	0.538	-0.049	0.025	0.605
13.874	-0.650	0.141	0.527	0.49	-0.71	-0.97	-2.47	3.13	0.36	47310	-0.667	0.140	0.538	-0.048	0.025	0.604
13.879	-0.650	0.138	0.527	0.47	-0.75	-0.97	-3.17	2.10	0.32	47316	-0.667	0.137	0.538	-0.048	0.025	0.604
13.891	-0.648	0.138	0.527	0.42	-0.79	-0.96	-1.83	0.70	0.47	47322	-0.667	0.134	0.537	-0.047	0.025	0.603
13.903	-0.648	0.135	0.527	0.39	-0.81	-0.96	-2.30	-0.31	0.69	47323	-0.667	0.132	0.537	-0.046	0.025	0.602
13.910	-0.651	0.136	0.528	0.34	-0.79	-0.96	-2.03	-0.36	0.05	47196	-0.667	0.130	0.537	-0.045	0.026	0.601
13.920	-0.648	0.133	0.528	0.32	-0.81	-0.96	-2.28	-1.46	0.50	47190	-0.667	0.127	0.537	-0.044	0.026	0.601
13.931	-0.648	0.133	0.528	0.28	-0.80	-0.95	-1.87	0.03	-0.07	47183	-0.667	0.125	0.537	-0.043	0.026	0.600
13.943	-0.649	0.134	0.528	0.23	-0.78	-0.95	-1.06	0.81	0.15	47176	-0.667	0.124	0.537	-0.042	0.027	0.599
13.948	-0.649	0.130	0.528	0.23	-0.79	-0.95	-0.34	2.03	0.22	47166	-0.667	0.122	0.537	-0.041	0.027	0.599
13.962	-0.649	0.129	0.528	0.20	-0.81	-0.95	0.56	3.59	0.61	47154	-0.667	0.120	0.537	-0.040	0.028	0.598
13.973	-0.647	0.127	0.528	0.20	-0.85	-0.94	1.26	3.21	1.38	47141	-0.667	0.118	0.537	-0.039	0.028	0.597
13.984	-0.646	0.125	0.528	0.21	-0.88	-0.93	1.80	4.39	0.81	47134	-0.666	0.116	0.537	-0.038	0.029	0.597
13.993	-0.647	0.124	0.527	0.21	-0.92	-0.92	4.29	3.81	1.77	47273	-0.666	0.115	0.537	-0.037	0.029	0.596
14.003	-0.645	0.124	0.527	0.22	-0.97	-0.90	4.45	4.31	1.55	47273	-0.666	0.113	0.537	-0.036	0.030	0.595
14.012	-0.646	0.121	0.527	0.27	-1.02	-0.89	5.55	3.45	1.27	47269	-0.665	0.112	0.536	-0.035	0.030	0.594
14.021	-0.645	0.117	0.527	0.33	-1.05	-0.88	6.76	1.91	1.54	47257	-0.665	0.110	0.536	-0.034	0.031	0.594
14.032	-0.647	0.116	0.527	0.38	-1.07	-0.86	6.66	0.01	1.18	47252	-0.665	0.108	0.536	-0.033	0.031	0.593
14.042	-0.647	0.113	0.528	0.44	-1.07	-0.85	7.33	-2.47	1.54	47123	-0.665	0.106	0.536	-0.032	0.031	0.592
14.052	-0.646	0.111	0.528	0.51	-1.07	-0.83	7.72	-3.11	1.74	47128	-0.665	0.104	0.536	-0.031	0.032	0.592
14.066	-0.647	0.109	0.528	0.58	-1.04	-0.82	7.17	-5.08	2.03	47118	-0.664	0.102	0.536	-0.031	0.032	0.591
14.076	-0.648	0.107	0.528	0.65	-0.99	-0.80	6.65	-5.78	2.19	47109	-0.664	0.100	0.536	-0.030	0.032	0.591
14.094	-0.644	0.103	0.528	0.72	-0.96	-0.78	4.33	-5.94	1.78	47171	-0.664	0.098	0.536	-0.029	0.033	0.590
14.096	-0.644	0.102	0.528	0.76	-0.91	-0.76	2.80	-5.22	1.79	47184	-0.663	0.096	0.536	-0.028	0.033	0.589
14.106	-0.643	0.100	0.527	0.80	-0.86	-0.75	2.03	-3.63	1.80	47196	-0.663	0.094	0.536	-0.027	0.033	0.589
14.115	-0.643	0.097	0.527	0.83	-0.82	-0.73	0.48	-1.20	1.99	47196	-0.663	0.092	0.536	-0.026	0.033	0.588
14.123	-0.643	0.094	0.527	0.84	-0.79	-0.71	-0.25	0.21	2.27	47190	-0.662	0.090	0.535	-0.025	0.034	0.588
14.134	-0.640	0.091	0.527	0.84	-0.81	-0.69	-1.32	2.21	2.32	47214	-0.661	0.087	0.535	-0.024	0.034	0.587
14.141	-0.640	0.088	0.527	0.83	-0.82	-0.66	-1.86	3.38	2.14	47218	-0.661	0.085	0.535	-0.023	0.034	0.586
14.152	-0.639	0.080	0.527	0.85	-0.85	-0.64	-2.64	3.88	2.21	47223	-0.660	0.082	0.535	-0.021	0.034	0.586
14.162	-0.639	0.077	0.527	0.83	-0.89	-0.62	-2.74	3.92	1.89	47220	-0.659	0.078	0.535	-0.020	0.034	0.585
14.173	-0.639	0.072	0.528	0.82	-0.94	-0.60	-2.35	4.19	1.48	46998	-0.659	0.075	0.535	-0.019	0.034	0.585
14.182	-0.638	0.072	0.528	0.77	-0.97	-0.58	-3.06	3.10	1.36	46996	-0.658	0.072	0.535	-0.018	0.034	0.584
14.193	-0.639	0.078	0.528	0.68	-1.00	-0.57	-2.63	0.16	1.46	46995	-0.658	0.070	0.535	-0.017	0.034	0.584
14.203	-0.639	0.068	0.528	0.71	-1.02	-0.55	-4.38	0.97	1.27	46976	-0.657	0.068	0.535	-0.017	0.034	0.583
14.211	-0.639	0.068	0.529	0.65	-1.02	-0.54	-4.09	-1.38	1.43	46922	-0.657	0.065	0.535	-0.016	0.034	0.583
14.219	-0.639	0.065	0.529	0.61	-1.02	-0.53	-3.32	-2.64	1.75	46916	-0.656	0.062	0.535	-0.015	0.034	0.582
14.230	-0.639	0.065	0.529	0.55	-0.99	-0.51	-3.98	-3.68	1.81	46914	-0.656	0.060	0.535	-0.014	0.035	0.582
14.243	-0.640	0.061	0.529	0.52	-0.95	-0.50	-4.83	-4.22	1.90	46927	-0.656	0.058	0.535	-0.013	0.035	0.581
14.250	-0.640	0.057	0.529	0.49	-0.90	-0.48	-4.32	-4.64	2.19	46937	-0.656	0.055	0.535	-0.012	0.035	0.581
14.261	-0.640	0.054	0.529	0.44	-0.85	-0.46	-3.66	-3.84	1.78	46917	-0.656	0.052	0.535	-0.011	0.035	0.580
14.272	-0.640	0.050	0.529	0.40	-0.81	-0.44	-1.95	-2.94	2.24	46915	-0.656	0.049	0.535	-0.011	0.035	0.580
14.283	-0.634	0.047	0.529	0.37	-0.81	-0.42	-2.10	-0.71	2.69	46921	-0.655	0.047	0.535	-0.010	0.035	0.579
14.293	-0.636	0.044	0.529	0.36	-0.78	-0.40	-1.30	0.82	2.34	46928	-0.654	0.044	0.535	-0.009	0.035	0.579
14.298	-0.636	0.044	0.529	0.32	-0.77	-0.37	-1.38	2.16	2.39	46929	-0.654	0.041	0.535	-0.008	0.035	0.578
14.310	-0.638	0.039	0.529	0.32	-0.77	-0.35	-1.87	3.30	2.00	46913	-0.653	0.038	0.535	-0.007	0.035	0.578
14.322	-0.637	0.039	0.529	0.28	-0.80	-0.33	-1.76	4.38	2.02	46897	-0.653	0.036	0.535	-0.006	0.036	0.577
14.329	-0.637	0.036	0.529	0.27	-0.84	-0.31	-1.16	4.01	1.94	46910	-0.653	0.033	0.535	-0.005	0.036	0.577
14.344	-0.637	0.031	0.528	0.26	-0.88	-0.29	-1.00	4.58	1.62	46919	-0.653	0.030	0.535	-0.004	0.036	0.577
14.351	-0.636	0.027	0.528	0.27	-0.92	-0.27	-1.90	4.61	2.10	47071	-0.652	0.027	0.534	-0.004	0.036	0.576
14.359	-0.634	0.025	0.528	0.24	-0.98	-0.25	-1.50	4.21	2.49	47088	-0.652	0.025	0.534	-0.003	0.036	0.576
14.373	-0.632	0.021	0.528	0.20	-1.06	-0.20	-0.59	3.45	2.41	47108	-0.651	0.022	0.534	-0.002	0.036	0.575
14.383	-0.632	0.021	0.528	0.20	-1.06	-0.20	-2.17	2.52	3.04	47129	-0.651	0.019	0.534	-0.001	0.036	0.575
14.393	-0.631	0.021	0.528	0.12	-1.11	-0.15	-1.37	1.97	2.83	47225	-0.650	0.017	0.534	0.000	0.036	0.574
14.402	-0.631	0.021	0.527	0.11	-1.11	-0.12	-1.83	0.11	2.86	47238	-0.649	0.015	0.533	0.001	0.036	0.574
14.411	-0.631	0.018	0.527	0.11	-1.11	-0.12	-0.30	-1.16	2.90	47240	-0.649	0.012	0.533	0.002	0.037	0.573
14.421	-0.629	0.009	0.527	0.12	-1.10	-0.06	-0.23	-2.04	2.57	47246	-0.648	0.009	0.533	0.003	0.037	0.573
14.431	-0.629	0.006	0.527	0.12	-1.07	-0.03	0.40	-2.76	2.55	47358	-0.647	0.006	0.533	0.004	0.037	0.573
14.444	-0.629	0.001	0.527	0.14	-1.03	-0.01	0.98	-3.10	2.89	47372	-0.647	0.003	0.532	0.005	0.036	0.572
14.455	-0.628	-0.001	0.526	0.14	-1.01	0.01	0.34	-2.08	2.30	47380	-0.646	0.000	0.532	0.006	0.036	0.572
14.462	-0.628	-0.001	0.526	0.14	-1.01	0.01	0.85	-0.47	2.38	47388	-0.645	-0.003	0.532	0.006	0.036	0.571
14.474	-0.629	-0.008	0.526	0.17	-0.99	0.04	-1.29	0.18	2.37	47489	-0.645	-0.006	0.532	0.007	0.036	0.571
14.484	-0.628	-0.005	0.526	0.14	-0.99	0.06	-0.17	2.14	2.84	47510	-0.644	-0.008	0.531	0.008	0.037	0.570
14.494	-0.626	-0.004	0.525	0.10	-1.01	0.08	-3.25	3.73	2.94	47532	-0.644	-0.010	0.531	0.009	0.037	0.570
14.504	-0.625	-0.004	0.525	0.06	-1.04	0.11	-2.01	4.33	3.34	47537	-0.643	-0.012	0.531	0.010	0.037	0.569
14.512	-0.624	-0.006	0.525	0.03	-1.08	0.14	-2.64	3.97	3.20	47544	-0.642	-0.014	0.531	0.011	0.038	0.569
14.520	-0.622	-0.013	0.525	-0.01	-1.16	0.21	-2.93	3.14	2.66	47475	-0.641	-0.016	0.531	0.012	0.038	0.569
14.530	-0.622	-0.019	0.525	-0.02	-1.19	0.23	-3.21	3.50	2.85	47482	-0.640	-0.019	0.530	0.013	0.038	0.568
14.540	-0.622	-0.019	0.525	-0.02	-1.19	0.23	-2.16	2.52	2.45	47484	-0.639	-0.022	0.530	0.014	0.038	0.568
14.552	-0.622	-0.021	0.525	-0.06	-1.21	0.26	-0.97	1.99	2.41	47471	-0.639	-0.024	0.530	0.015	0.038	0.567
14.561	-0.616	-0.023	0.524	-0.10	-1.27	0.30	-0.08	0.29	2.03	47578	-0.637	-0.026	0.530	0.016	0.038	0.567
14.573	-0.615	-0.026	0.524	-0.10	-1.26	0.32	0.29	-1.54	2.10	47578	-0.636	-0.029	0.530	0.017	0.038	0.566
14.582	-0.616	-0.032	0.524	-0.07	-1.23	0.35	0.86	-3.32	2.41	47580	-0.635	-0.032	0.529	0.018	0.038	0.566
14.595	-0.616	-0.032	0.524	-0.07	-1.23	0.35	2.65	-4.14	2.98	47581	-0.634	-0.034	0.529	0.019	0.038	0.566
14.603	-0.615	-0.032	0.523	-0.07	-1.15	0.40	1.57	-2.84	2.73	47609	-0.633	-0.036	0.529	0.020	0.039	0.565
14.613	-0.615	-0.036	0.523	-0.05	-1.11	0.43	0.93	-2.77	3.00	47610	-0.632	-0.039	0.529	0.020	0.039	0.565
14.624	-0.612	-0.041	0.523	-0.03	-1.10	0.46	1.43	-2.82	2.97	47613	-0.631	-0.042	0.529	0.021	0.039	0.564
14.633	-0.611	-0.044	0.523	-0.01	-1.08	0.49	1.79	-2.68	3.23	47614	-0.630	-0.044	0.528	0.022	0.039	0.564
14.643	-0.609	-0.043	0.523	-0.01	-1.07	0.52	1.99	0.01	3.11	47603	-0.629	-0.047	0.528	0.023	0.039	0.564
14.653	-0.608	-0.042	0.523	-0.03	-1.06	0.55	0.49	-1.17	2.83	47419	-0.628	-0.048	0.528	0.024	0.039	0.563
14.663	-0.607	-0.045	0.523	-0.02	-1.06	0.58	0.48	1.22	3.25	47397	-0.627	-0.050	0.528	0.025	0.040	0.563
14.674	-0.606	-0.054	0.523	0.02	-1.07	0.61	-0.62	0.97	3.15	47397	-0.625	-0.053	0.528	0.026	0.040	0.562
14.684	-0.605	-0.052	0.523	-0.03	-1.08	0.64	-1.76	0.78	3.66	47412	-0.624	-0.055	0.528	0.027	0.040	0.562
14.692	-0.602	-0.051	0.524	-0.07	-1.09	0.68	-2.37	0.21	3.77	47261	-0.623	-0.057	0.528	0.028	0.040	0.562
14.703	-0.603	-0.058	0.524	-0.06	-1.07	0.72	-2.19	-0.86	3.97	47248	-0.622	-0.060	0.528	0.029	0.040	0.561
14.714	-0.600	-0.062	0.524	-0.07	-1.08	0.76	-2.54	-0.87	3.76	47240	-0.620	-0.062	0.528	0.030	0.040	0.561
14.722	-0.600	-0.061	0.524	-0.12	-1.06	0.80	-1.82	-1.03	3.61	47238	-0.619	-0.065	0.528	0.031	0.040	0.561
14.731	-0.600	-0.062	0.524	-0.15	-1.03	0.83	-0.86	-2.37	3.57	47212	-0.618	-0.067	0.528	0.032	0.041	0.560
14.741	-0.599	-0.065	0.524	-0.16	-1.01	0.87	-1.18	-2.01	3.70	47201	-0.617	-0.069	0.528	0.033	0.041	0.560
14.755	-0.597	-0.064	0.524	-0.19	-0.99	0.90	-0.05	-3.56	3.51	47185	-0.616	-0.070	0.528	0.034	0.041	0.560
14.762	-0.593	-0.072	0.524	-0.15	-0.98	0.94	1.57	-1.62	3.36	47179	-0.614	-0.073	0.528	0.035	0.041	0.559
14.773	-0.592	-0.074	0.523	-0.14	-0.97	0.98	0.92	-0.70	3.42	47181	-0.613	-0.075	0.528	0.036	0.041	0.559
14.782	-0.588	-0.079	0.523	-0.12	-0.98	1.01	0.01	0.24	2.93	47289	-0.611	-0.078	0.528	0.037	0.041	0.559
14.793	-0.590	-0.081	0.523	-0.12	-0.96	1.04	-0.06	0.42	3.19	47278	-0.609	-0.081	0.528	0.038	0.041	0.558
14.803	-0.587	-0.083	0.523	-0.13	-0.98	1.07	-0.38	2.20	3.09	47291	-0.608	-0.083	0.528	0.039	0.041	0.558
14.812	-0.587	-0.085	0.523	-0.14	-0.99	1.10	-0.92	1.83	3.13	47310	-0.606	-0.086	0.528	0.040	0.041	0.557
14.823	-0.586	-0.085	0.522	-0.17	-1.01	1.13	-2.08	2.25	3.04	47444	-0.605	-0.088	0.527	0.041	0.041	0.557
14.833	-0.586	-0.086	0.522	-0.20	-1.02	1.16	-1.92	1.28	2.41	47444	-0.604	-0.090	0.527	0.042	0.042	0.557
14.843	-0.584	-0.090	0.522	-0.20	-1.04	1.18	-1.80	0.48	2.25	47455	-0.602	-0.092	0.527	0.043	0.042	0.556
14.852	-0.582	-0.093	0.522	-0.22	-1.04	1.21	-1.44	-0.17	2.27	47459	-0.601	-0.095	0.527	0.044	0.042	0.556
14.861	-0.581	-0.097	0.521	-0.21	-1.03	1.23	-1.16	-1.35	1.89	47570	-0.599	-0.097	0.526	0.045	0.042	0.555
14.873	-0.580	-0.099	0.521	-0.22	-1.01	1.25	-1.32	-1.25	1.80	47566	-0.598	-0.100	0.526	0.046	0.042	0.555
14.880	-0.577	-0.101	0.521	-0.23	-1.01	1.27	-0.18	-1.98	1.70	47572	-0.596	-0.102	0.526	0.047	0.042	0.555
14.891	-0.577	-0.104	0.521	-0.23	-0.98	1.28	-0.12	-1.94	1.84	47586	-0.595	-0.105	0.526	0.048	0.042	0.554
14.903	-0.575	-0.104	0.520	-0.26	-0.97	1.30	-0.57	-1.58	1.60	47625	-0.594	-0.107	0.526	0.049	0.042	0.554
14.913	-0.574	-0.106	0.520	-0.26	-0.96	1.32	-0.75	-0.84	1.95	47612	-0.592	-0.109	0.525	0.050	0.042	0.553
14.923	-0.572	-0.111	0.520	-0.25	-0.95	1.34	-0.77	0.69	2.13	47614	-0.591	-0.111	0.525	0.051	0.042	0.553
14.932	-0.571	-0.114	0.520	-0.26	-0.95	1.36	-1.33	0.72	2.13	47634	-0.589	-0.114	0.525	0.052	0.042	0.553
14.943	-0.570	-0.118	0.520	-0.27	-0.96	1.38	-1.66	1.52	1.76	47640	-0.588	-0.116	0.525	0.053	0.042	0.552
14.953	-0.567	-0.118	0.519	-0.30	-0.98	1.40	-2.00	1.85	1.76	47752	-0.586	-0.119	0.525	0.054	0.042	0.552
14.961	-0.565	-0.122	0.519	-0.32	-1.00	1.41	-2.42	1.45	1.27	47753	-0.584	-0.121	0.524	0.055	0.042	0.551
14.972	-0.564	-0.123	0.519	-0.35	-1.01	1.43	-2.61	1.49	1.37	47763	-0.582	-0.124	0.524	0.056	0.042	0.551
14.982	-0.562	-0.122	0.518	-0.40	-1.01	1.44	-2.48	1.41	1.05	47753	-0.581	-0.126	0.524	0.056	0.042	0.551
14.993	-0.561	-0.121	0.519	-0.45	-1.03	1.44	-3.34	2.32	1.35	47700	-0.579	-0.127	0.524	0.057	0.043	0.550
15.004	-0.560	-0.126	0.518	-0.47	-1.04	1.46	-3.86	1.34	1.31	47691	-0.578	-0.129	0.524	0.058	0.043	0.550
15.013	-0.558	-0.128	0.518	-0.51	-1.06	1.47	-3.54	2.78	1.46	47686	-0.576	-0.131	0.523	0.059	0.043	0.549
15.023	-0.558	-0.134	0.518	-0.53	-1.07	1.49	-4.21	1.74	1.57	47685	-0.575	-0.134	0.523	0.060	0.043	0.549
15.029	-0.559	-0.135	0.518	-0.57	-1.07	1.50	-3.11	1.03	1.39	47678	-0.573	-0.136	0.523	0.061	0.043	0.549
15.039	-0.554	-0.138	0.518	-0.59	-1.10	1.52	-1.71	0.75	1.45	47674	-0.572	-0.138	0.523	0.062	0.043	0.548
15.052	-0.554	-0.139	0.518	-0.62	-1.09	1.52	0.25	0.44	0.96	47676	-0.570	-0.140	0.523	0.063	0.043	0.548
15.064	-0.552	-0.140	0.518	-0.62	-1.09	1.53	0.58	-1.58	1.09	47677	-0.569	-0.142	0.523	0.063	0.043	0.547
15.071	-0.551	-0.140	0.518	-0.63	-1.07	1.54	1.55	-2.27	1.31	47662	-0.567	-0.144	0.523	0.064	0.043	0.547
15.082	-0.552	-0.142	0.517	-0.61	-1.06	1.54	3.29	-2.18	1.34	47759	-0.566	-0.146	0.523	0.065	0.044	0.547
15.093	-0.551	-0.145	0.517	-0.59	-1.03	1.56	3.75	-2.16	1.38	47745	-0.565	-0.148	0.522	0.066	0.044	0.546
15.103	-0.551	-0.143	0.517	-0.58	-1.00	1.57	3.59	-1.05	1.52	47742	-0.564	-0.149	0.522	0.066	0.044	0.546
15.112	-0.551	-0.144	0.517	-0.55	-0.97	1.58	2.72	0.16	1.13	47736	-0.563	-0.150	0.522	0.067	0.044	0.545
15.123	-0.546	-0.149	0.516	-0.50	-0.99	1.60	1.60	1.84	1.33	47764	-0.561	-0.152	0.522	0.068	0.044	0.545
15.133	-0.542	-0.150	0.516	-0.49	-1.02	1.61	0.16	2.35	1.52	47764	-0.560	-0.154	0.522	0.069	0.045	0.544
15.142	-0.542	-0.152	0.516	-0.48	-1.03	1.63	-0.33	3.27	1.28	47765	-0.558	-0.156	0.522	0.069	0.045	0.544
15.152	-0.540	-0.155	0.516	-0.48	-1.05	1.64	-0.25	4.12	1.43	47760	-0.556	-0.157	0.522	0.070	0.045	0.544
15.161	-0.538	-0.157	0.516	-0.48	-1.10	1.66	-0.24	4.22	0.97	47742	-0.555	-0.159	0.522	0.071	0.045	0.543
15.173	-0.536	-0.159	0.516	-0.48	-1.14	1.67	-0.04	4.40	1.09	47647	-0.553	-0.161	0.522	0.072	0.045	0.543
15.181	-0.532	-0.164	0.516	-0.46	-1.20	1.68	-0.21	3.36	1.04	47636	-0.551	-0.163	0.522	0.073	0.045	0.542
15.192	-0.530	-0.166	0.516	-0.47	-1.24	1.70	0.70	3.26	1.56	47619	-0.549	-0.165	0.521	0.074	0.045	0.542
15.202	-0.528	-0.168	0.516	-0.46	-1.27	1.71	-0.47	2.24	0.99	47603	-0.547	-0.168	0.521	0.075	0.045	0.542
15.211	-0.526	-0.171	0.516	-0.46	-1.30	1.72	0.48	2.37	0.65	47511	-0.545	-0.170	0.521	0.076	0.045	0.541
15.223	-0.521	-0.175	0.516	-0.44	-1.34	1.73	-0.05	0.11	0.50	47497	-0.543	-0.172	0.522	0.077	0.045	0.541
15.232	-0.520	-0.180	0.516	-0.42	-1.34	1.74	0.70	-0.52	0.96	47488	-0.540	-0.175	0.522	0.078	0.045	0.540
15.242	-0.520	-0.179	0.516	-0.44	-1.32	1.74	-0.17	-1.23	0.91	47468	-0.538	-0.177	0.522	0.079	0.044	0.540
15.253	-0.518	-0.180	0.517	-0.45	-1.31	1.75	-1.09	-3.37	1.00	47443	-0.536	-0.179	0.522	0.080	0.044	0.540
15.263	-0.520	-0.180	0.517	-0.48	-1.24	1.76	-0.37	-3.42	0.81	47400	-0.535	-0.181	0.522	0.081	0.045	0.539
15.272	-0.521	-0.174	0.517	-0.54	-1.19	1.76	-1.34	-3.76	0.97	47389	-0.533	-0.182	0.522	0.081	0.045	0.539
15.284	-0.511	-0.182	0.517	-0.51	-1.21	1.78	-2.47	-4.22	0.22	47364	-0.531	-0.184	0.522	0.082	0.045	0.539
15.292	-0.511	-0.181	0.517	-0.56	-1.15	1.78	-2.83	-3.51	-0.17	47363	-0.529	-0.185	0.522	0.083	0.045	0.538
15.301	-0.509	-0.183	0.518	-0.59	-1.12	1.78	-3.25	-2.28	-0.19	47189	-0.527	-0.187	0.522	0.084	0.045	0.538
15.313	-0.505	-0.185	0.518	-0.62	-1.10	1.78	-3.17	-1.31	-0.15	47177	-0.525	-0.188	0.522	0.085	0.046	0.538
15.324	-0.503	-0.197	0.518	-0.57	-1.08	1.78	-3.30	-0.68	-0.40	47164	-0.522	-0.191	0.522	0.086	0.045	0.537
15.332	-0.500	-0.195	0.518	-0.64	-1.09	1.78	-2.70	0.27	-0.61	47168	-0.520	-0.193	0.522	0.087	0.045	0.537
15.342	-0.497	-0.197	0.517	-0.66	-1.09	1.77	-2.04	-0.23	-0.62	47346	-0.517	-0.195	0.522	0.088	0.045	0.537
15.352	-0.498	-0.195	0.517	-0.71	-1.07	1.76	-0.94	-0.85	-0.65	47350	-0.515	-0.197	0.522	0.089	0.045	0.536
15.362	-0.492	-0.194	0.517	-0.73	-1.09	1.76	-0.22	-1.32	-0.60	47346	-0.513	-0.198	0.522	0.090	0.045	0.536
15.368	-0.490	-0.196	0.517	-0.73	-1.08	1.75	0.43	-1.65	-0.96	47343	-0.510	-0.200	0.522	0.091	0.046	0.535
15.383	-0.488	-0.196	0.517	-0.75	-1.06	1.74	1.75	-2.43	-1.15	47345	-0.508	-0.201	0.522	0.092	0.046	0.535
15.389	-0.485	-0.197	0.517	-0.74	-1.05	1.73	2.94	-3.47	-1.37	47369	-0.505	-0.202	0.522	0.093	0.046	0.535
15.402	-0.485	-0.197	0.517	-0.73	-0.99	1.72	3.83	-5.30	-1.67	47363	-0.503	-0.203	0.522	0.094	0.046	0.534
15.410	-0.480	-0.203	0.517	-0.66	-0.96	1.71	4.99	-5.89	-1.77	47348	-0.500	-0.204	0.522	0.095	0.046	0.534
15.421	-0.482	-0.205	0.517	-0.62	-0.88	1.68	5.71	-5.51	-1.76	47336	-0.498	-0.206	0.522	0.096	0.046	0.534
15.434	-0.476	-0.208	0.518	-0.56	-0.84	1.67	6.41	-6.42	-1.82	47195	-0.495	-0.208	0.522	0.097	0.046	0.533
15.446	-0.476	-0.209	0.518	-0.50	-0.76	1.65	6.72	-5.29	-1.22	47188	-0.493	-0.209	0.522	0.098	0.046	0.533
15.453	-0.472	-0.209	0.518	-0.45	-0.72	1.64	4.63	-3.89	-1.39	47170	-0.490	-0.211	0.522	0.099	0.047	0.533
15.464	-0.472	-0.211	0.518	-0.40	-0.65	1.62	2.66	-2.78	-1.50	47160	-0.488	-0.212	0.522	0.099	0.047	0.532
15.474	-0.468	-0.213	0.517	-0.37	-0.64	1.61	2.17	-0.75	-1.85	47162	-0.486	-0.214	0.522	0.100	0.047	0.532
15.483	-0.466	-0.215	0.517	-0.35	-0.63	1.59	-0.71	-0.43	-2.38	47348	-0.483	-0.215	0.522	0.101	0.047	0.532
15.492	-0.462	-0.221	0.517	-0.32	-0.63	1.57	-1.31	1.02	-2.91	47349	-0.481	-0.218	0.522	0.102	0.047	0.531
15.503	-0.461	-0.220	0.517	-0.35	-0.62	1.54	-2.94	1.75	-2.84	47355	-0.478	-0.219	0.522	0.103	0.046	0.531
15.513	-0.458	-0.220	0.517	-0.40	-0.65	1.51	-2.46	1.21	-2.32	47357	-0.476	-0.221	0.522	0.104	0.047	0.531
15.524	-0.456	-0.225	0.518	-0.39	-0.65	1.49	-2.83	2.43	-2.55	47318	-0.473	-0.223	0.522	0.105	0.046	0.530
15.533	-0.455	-0.229	0.518	-0.40	-0.66	1.46	-3.20	1.58	-2.35	47320	-0.471	-0.225	0.522	0.106	0.046	0.530
15.540	-0.454	-0.232	0.518	-0.42	-0.66	1.43	-3.05	-0.49	-2.22	47315	-0.469	-0.227	0.522	0.106	0.046	0.530
15.552	-0.454	-0.232	0.518	-0.48	-0.64	1.41	-2.16	-1.29	-2.37	47314	-0.467	-0.229	0.522	0.107	0.046	0.529
15.561	-0.454	-0.230	0.518	-0.53	-0.61	1.38	-1.63	-2.13	-2.53	47223	-0.465	-0.231	0.522	0.107	0.046	0.529
15.570	-0.446	-0.229	0.518	-0.57	-0.64	1.36	-1.24	-2.13	-2.80	47211	-0.462	-0.232	0.522	0.108	0.046	0.529
15.582	-0.444	-0.230	0.518	-0.58	-0.62	1.33	0.09	-2.66	-3.07	47195	-0.460	-0.233	0.522	0.109	0.046	0.529
15.591	-0.439	-0.230	0.518	-0.60	-0.61	1.30	1.77	-2.78	-2.71	47183	-0.457	-0.234	0.522	0.110	0.046	0.528
15.603	-0.439	-0.228	0.519	-0.62	-0.56	1.27	0.96	-2.36	-3.59	47173	-0.455	-0.235	0.522	0.111	0.047	0.528
15.613	-0.436	-0.234	0.519	-0.57	-0.54	1.24	2.00	-0.52	-2.98	47122	-0.452	-0.236	0.522	0.112	0.047	0.528
15.623	-0.435	-0.234	0.519	-0.56	-0.52	1.20	-0.50	0.68	-3.29	47123	-0.449	-0.237	0.522	0.112	0.047	0.528
15.634	-0.432	-0.241	0.519	-0.51	-0.52	1.17	-0.57	1.27	-3.46	47107	-0.447	-0.239	0.522	0.113	0.047	0.527
15.643	-0.427	-0.240	0.519	-0.55	-0.56	1.14	-1.12	2.83	-3.50	47109	-0.444	-0.240	0.522	0.114	0.047	0.527
15.649	-0.425	-0.241	0.519	-0.56	-0.58	1.10	-1.49	2.80	-3.21	47200	-0.441	-0.242	0.522	0.115	0.047	0.527
15.659	-0.425	-0.240	0.519	-0.60	-0.59	1.07	-1.84	2.92	-3.05	47203	-0.439	-0.243	0.522	0.116	0.047	0.527
15.672	-0.420	-0.239	0.519	-0.64	-0.64	1.04	-3.02	3.48	-2.78	47191	-0.436	-0.243	0.522	0.116	0.047	0.526
15.684	-0.418	-0.248	0.519	-0.60	-0.67	1.01	-2.30	1.66	-2.33	47187	-0.433	-0.245	0.522	0.117	0.047	0.526
15.693	-0.416	-0.253	0.518	-0.61	-0.68	0.99	-2.76	0.75	-1.74	47184	-0.431	-0.247	0.522	0.118	0.047	0.526
15.705	-0.415	-0.252	0.518	-0.65	-0.68	0.96	-0.62	-0.05	-1.49	47384	-0.428	-0.249	0.522	0.119	0.047	0.525
15.712	-0.412	-0.254	0.518	-0.66	-0.68	0.95	-1.14	-1.07	-1.17	47396	-0.426	-0.251	0.521	0.119	0.046	0.525
15.722	-0.414	-0.254	0.518	-0.69	-0.64	0.93	0.21	-1.09	-1.18	47411	-0.424	-0.253	0.521	0.120	0.046	0.525
15.731	-0.404	-0.254	0.518	-0.70	-0.69	0.93	0.38	-1.42	-0.90	47406	-0.421	-0.254	0.521	0.121	0.046	0.525
15.742	-0.404	-0.252	0.517	-0.72	-0.66	0.92	2.05	-1.48	-0.63	47456	-0.418	-0.255	0.521	0.121	0.046	0.524
15.751	-0.401	-0.252	0.517	-0.71	-0.64	0.92	2.48	-2.08	-0.79	47464	-0.415	-0.256	0.521	0.122	0.047	0.524
15.762	-0.400	-0.251	0.517	-0.71	-0.61	0.90	3.07	-1.14	-0.55	47468	-0.413	-0.256	0.521	0.123	0.047	0.524
15.773	-0.399	-0.251	0.517	-0.70	-0.58	0.90	2.64	-0.18	-0.16	47472	-0.410	-0.257	0.521	0.123	0.047	0.524
15.783	-0.396	-0.251	0.517	-0.68	-0.58	0.89	1.91	0.62	0.27	47549	-0.408	-0.257	0.520	0.124	0.047	0.523
15.793	-0.396	-0.258	0.517	-0.61	-0.56	0.89	1.34	1.67	0.55	47546	-0.406	-0.258	0.520	0.124	0.047	0.523
15.802	-0.396	-0.259	0.516	-0.60	-0.56	0.90	0.07	4.08	0.78	47549	-0.404	-0.259	0.520	0.125	0.047	0.523
15.813	-0.388	-0.265	0.516	-0.56	-0.64	0.91	-1.35	5.54	1.00	47547	-0.401	-0.261	0.520	0.126	0.047	0.522
15.823	-0.387	-0.265	0.516	-0.58	-0.68	0.91	-0.95	5.77	1.17	47539	-0.399	-0.263	0.520	0.126	0.047	0.522
15.834	-0.383	-0.264	0.516	-0.61	-0.75	0.93	-2.31	5.76	0.86	47548	-0.396	-0.264	0.520	0.127	0.047	0.522
15.840	-0.383	-0.266	0.516	-0.62	-0.79	0.93	-2.92	6.64	1.51	47548	-0.394	-0.265	0.520	0.127	0.047	0.522
15.852	-0.378	-0.270	0.516	-0.62	-0.87	0.95	-2.80	5.77	2.24	47555	-0.391	-0.267	0.520	0.128	0.047	0.521
15.860	-0.376	-0.275	0.516	-0.62	-0.92	0.97	-2.05	4.53	2.93	47554	-0.388	-0.269	0.519	0.129	0.047	0.521
15.875	-0.375	-0.275	0.516	-0.66	-0.96	1.00	-3.53	2.49	2.91	47532	-0.386	-0.271	0.519	0.129	0.046	0.521
15.882	-0.370	-0.275	0.516	-0.70	-1.00	1.03	-1.76	1.58	3.06	47521	-0.383	-0.272	0.519	0.130	0.046	0.521
15.894	-0.368	-0.276	0.516	-0.72	-1.02	1.06	-1.53	-1.60	3.44	47521	-0.380	-0.274	0.519	0.130	0.046	0.520
15.902	-0.364	-0.276	0.516	-0.75	-1.02	1.09	-0.89	-3.25	3.41	47519	-0.377	-0.275	0.519	0.131	0.046	0.520
15.913	-0.363	-0.277	0.516	-0.77	-0.97	1.12	-0.63	-5.32	3.22	47511	-0.375	-0.276	0.519	0.132	0.046	0.520
15.924	-0.359	-0.280	0.516	-0.75	-0.93	1.16	-0.09	-5.33	3.83	47477	-0.372	-0.277	0.519	0.132	0.046	0.520
15.930	-0.360	-0.285	0.516	-0.73	-0.85	1.19	-0.21	-5.49	3.40	47474	-0.369	-0.279	0.519	0.133	0.046	0.519
15.944	-0.359	-0.287	0.516	-0.72	-0.77	1.23	-0.86	-4.80	3.59	47473	-0.367	-0.281	0.519	0.133	0.045	0.519
15.952	-0.353	-0.286	0.516	-0.75	-0.76	1.26	-2.18	-4.48	3.25	47455	-0.365	-0.283	0.519	0.134	0.045	0.519
15.962	-0.350	-0.286	0.515	-0.78	-0.71	1.30	-2.94	-3.13	3.12	47480	-0.362	-0.284	0.519	0.134	0.045	0.519
15.971	-0.347	-0.284	0.515	-0.84	-0.68	1.33	-4.43	-2.01	2.78	47477	-0.359	-0.285	0.519	0.135	0.045	0.518
15.982	-0.346	-0.285	0.515	-0.89	-0.64	1.36	-5.37	-1.20	2.71	47476	-0.356	-0.286	0.519	0.136	0.045	0.518
15.992	-0.345	-0.291	0.515	-0.90	-0.61	1.38	-6.25	-0.09	2.76	47462	-0.354	-0.287	0.519	0.136	0.045	0.518
15.997	-0.343	-0.296	0.516	-0.93	-0.61	1.41	-6.20	0.82	3.18	47398	-0.352	-0.289	0.519	0.136	0.045	0.518
16.012	-0.337	-0.296	0.516	-1.00	-0.64	1.44	-5.85	0.92	3.48	47387	-0.349	-0.291	0.519	0.137	0.044	0.517
16.018	-0.336	-0.295	0.516	-1.08	-0.63	1.48	-5.31	1.14	3.60	47383	-0.346	-0.292	0.519	0.138	0.044	0.517
16.032	-0.333	-0.294	0.516	-1.15	-0.65	1.51	-4.83	1.03	3.60	47378	-0.344	-0.293	0.519	0.138	0.044	0.517
16.039	-0.331	-0.293	0.517	-1.21	-0.66	1.55	-3.48	1.69	3.35	47354	-0.341	-0.294	0.519	0.139	0.044	0.517
16.051	-0.328	-0.299	0.517	-1.21	-0.67	1.58	-2.42	1.87	3.32	47076	-0.338	-0.295	0.519	0.139	0.044	0.517
16.060	-0.326	-0.306	0.517	-1.18	-0.68	1.61	-1.67	1.40	3.14	47046	-0.336	-0.297	0.519	0.140	0.043	0.516
16.070	-0.326	-0.307	0.517	-1.20	-0.67	1.64	-0.17	1.38	3.30	47030	-0.333	-0.299	0.519	0.140	0.043	0.516
16.080	-0.318	-0.307	0.517	-1.22	-0.73	1.68	-0.71	-0.30	3.02	47028	-0.330	-0.301	0.519	0.141	0.043	0.516
16.093	-0.315	-0.308	0.517	-1.23	-0.73	1.71	-1.54	-0.70	3.10	47121	-0.327	-0.303	0.519	0.141	0.043	0.516
16.101	-0.311	-0.308	0.517	-1.25	-0.74	1.74	-2.29	-0.66	3.36	47115	-0.324	-0.304	0.519	0.142	0.042	0.516
16.111	-0.309	-0.306	0.517	-1.29	-0.72	1.78	-4.17	-1.57	3.16	47124	-0.321	-0.305	0.519	0.142	0.042	0.515
16.122	-0.307	-0.305	0.517	-1.34	-0.70	1.81	-6.50	-2.25	2.57	47119	-0.318	-0.306	0.519	0.143	0.042	0.515
16.131	-0.305	-0.310	0.517	-1.37	-0.67	1.83	-8.06	-2.13	1.96	47104	-0.315	-0.307	0.520	0.143	0.042	0.515
16.140	-0.302	-0.311	0.518	-1.44	-0.65	1.85	-8.56	-2.01	1.32	47040	-0.312	-0.308	0.520	0.144	0.042	0.515
16.154	-0.296	-0.317	0.518	-1.49	-0.67	1.87	-10.27	-2.74	0.47	47041	-0.309	-0.310	0.520	0.145	0.042	0.515
16.166	-0.294	-0.315	0.518	-1.62	-0.63	1.88	-9.95	-3.54	1.08	47033	-0.306	-0.311	0.520	0.145	0.041	0.515
16.175	-0.291	-0.314	0.518	-1.74	-0.59	1.89	-9.16	-4.01	1.28	47022	-0.303	-0.312	0.520	0.146	0.041	0.515
16.184	-0.291	-0.312	0.518	-1.86	-0.53	1.90	-7.84	-3.21	1.04	47015	-0.300	-0.312	0.520	0.146	0.041	0.514
16.196	-0.289	-0.326	0.518	-1.82	-0.48	1.91	-4.83	-2.86	1.34	47027	-0.297	-0.315	0.520	0.147	0.041	0.514
16.201	-0.293	-0.330	0.518	-1.85	-0.39	1.92	-3.56	-4.21	0.87	47016	-0.295	-0.317	0.520	0.147	0.040	0.514
16.213	-0.293	-0.329	0.518	-1.90	-0.33	1.92	-1.52	-3.18	0.99	47007	-0.293	-0.319	0.520	0.147	0.040	0.514
16.222	-0.290	-0.330	0.517	-1.92	-0.30	1.93	1.59	-2.96	0.52	47180	-0.291	-0.321	0.520	0.147	0.039	0.514
16.231	-0.289	-0.330	0.517	-1.92	-0.25	1.94	2.25	-1.51	0.22	47189	-0.290	-0.322	0.520	0.147	0.039	0.514
16.240	-0.286	-0.330	0.517	-1.89	-0.23	1.94	4.46	0.14	-0.25	47191	-0.288	-0.324	0.519	0.147	0.039	0.513
16.250	-0.284	-0.330	0.517	-1.86	-0.22	1.94	2.42	1.64	-0.64	47191	-0.286	-0.325	0.519	0.147	0.038	0.513
16.262	-0.278	-0.330	0.517	-1.84	-0.27	1.94	2.45	3.64	-0.63	47199	-0.283	-0.326	0.519	0.147	0.038	0.513
16.271	-0.275	-0.331	0.517	-1.81	-0.31	1.93	1.27	4.53	-1.25	47322	-0.281	-0.327	0.519	0.148	0.038	0.513
16.282	-0.270	-0.330	0.517	-1.82	-0.37	1.92	-1.16	5.20	-1.32	47341	-0.278	-0.328	0.519	0.148	0.038	0.513
16.292	-0.268	-0.329	0.517	-1.83	-0.41	1.91	-1.93	6.75	-1.50	47348	-0.275	-0.328	0.519	0.148	0.038	0.513
16.302	-0.267	-0.329	0.517	-1.86	-0.46	1.89	-3.64	5.67	-2.02	47359	-0.273	-0.329	0.519	0.149	0.038	0.513
16.312	-0.262	-0.327	0.517	-1.92	-0.54	1.87	-4.24	5.15	-2.52	47355	-0.270	-0.329	0.519	0.149	0.038	0.512
16.322	-0.259	-0.328	0.517	-1.96	-0.59	1.84	-4.44	3.60	-2.93	47375	-0.267	-0.329	0.519	0.150	0.038	0.512
16.332	-0.253	-0.326	0.517	-2.03	-0.65	1.82	-4.44	3.02	-3.36	47383	-0.264	-0.329	0.518	0.150	0.038	0.512
16.340	-0.252	-0.325	0.517	-2.09	-0.66	1.78	-2.62	0.93	-2.95	47405	-0.261	-0.328	0.518	0.151	0.038	0.512
16.350	-0.248	-0.324	0.517	-2.12	-0.68	1.75	-0.52	-0.44	-3.03	47430	-0.258	-0.328	0.518	0.151	0.038	0.512
16.361	-0.247	-0.324	0.517	-2.13	-0.66	1.72	1.39	-1.83	-3.08	47336	-0.255	-0.328	0.518	0.151	0.039	0.512
16.370	-0.243	-0.326	0.517	-2.11	-0.65	1.69	3.98	-4.11	-2.36	47329	-0.252	-0.328	0.518	0.152	0.039	0.512
16.381	-0.239	-0.326	0.517	-2.07	-0.62	1.67	5.94	-4.26	-2.74	47337	-0.248	-0.327	0.518	0.152	0.039	0.512
16.392	-0.239	-0.327	0.517	-2.01	-0.56	1.64	8.58	-3.89	-2.81	47352	-0.246	-0.327	0.518	0.153	0.039	0.511
16.401	-0.235	-0.329	0.516	-1.91	-0.52	1.61	10.40	-4.79	-3.35	47556	-0.243	-0.328	0.518	0.153	0.039	0.511
16.411	-0.234	-0.330	0.516	-1.80	-0.45	1.58	12.00	-3.68	-3.69	47554	-0.240	-0.328	0.518	0.153	0.038	0.511
16.421	-0.232	-0.331	0.516	-1.68	-0.40	1.54	13.53	-3.76	-3.50	47553	-0.237	-0.328	0.518	0.154	0.038	0.511
16.432	-0.234	-0.336	0.515	-1.50	-0.32	1.50	12.62	-3.04	-3.52	47553	-0.235	-0.329	0.518	0.154	0.038	0.511
16.442	-0.224	-0.320	0.516	-1.52	-0.36	1.48	10.50	-1.55	-3.03	47420	-0.232	-0.328	0.518	0.154	0.038	0.511
16.447	-0.221	-0.321	0.516	-1.41	-0.34	1.44	9.22	-1.47	-2.44	47421	-0.229	-0.327	0.517	0.154	0.039	0.511
16.462	-0.219	-0.322	0.516	-1.31	-0.32	1.42	7.70	0.47	-2.33	47423	-0.226	-0.326	0.517	0.155	0.039	0.510
16.473	-0.218	-0.322	0.516	-1.22	-0.30	1.39	3.50	1.58	-2.66	47431	-0.223	-0.325	0.517	0.155	0.039	0.510
16.484	-0.213	-0.323	0.515	-1.17	-0.33	1.37	2.57	1.11	-2.77	47423	-0.220	-0.325	0.517	0.155	0.039	0.510
16.494	-0.213	-0.325	0.515	-1.12	-0.31	1.33	-0.20	2.36	-2.73	47609	-0.217	-0.325	0.517	0.156	0.039	0.510
16.503	-0.208	-0.322	0.514	-1.15	-0.36	1.31	-1.58	0.62	-2.06	47614	-0.214	-0.324	0.517	0.156	0.039	0.510
16.513	-0.204	-0.322	0.514	-1.16	-0.38	1.29	-0.76	-0.24	-1.46	47622	-0.211	-0.323	0.517	0.156	0.039	0.510
16.522	-0.203	-0.321	0.514	-1.18	-0.36	1.27	-1.23	0.53	-1.13	47627	-0.208	-0.323	0.516	0.157	0.039	0.509
16.533	-0.198	-0.322	0.514	-1.18	-0.38	1.26	-0.99	1.09	-1.30	47641	-0.205	-0.322	0.516	0.157	0.039	0.509
16.541	-0.195	-0.321	0.514	-1.19	-0.39	1.25	1.45	0.56	-1.52	47629	-0.202	-0.322	0.516	0.157	0.039	0.509
16.553	-0.190	-0.323	0.514	-1.17	-0.42	1.24	3.18	-1.32	-1.31	47618	-0.198	-0.321	0.516	0.158	0.039	0.509
16.569	-0.188	-0.324	0.514	-1.12	-0.40	1.22	5.83	-2.70	-0.93	47618	-0.195	-0.321	0.516	0.158	0.039	0.509
16.576	-0.185	-0.325	0.513	-1.06	-0.37	1.21	7.57	-2.28	-1.17	47610	-0.192	-0.321	0.516	0.158	0.039	0.509
16.582	-0.184	-0.326	0.513	-0.98	-0.32	1.20	9.01	-3.86	-1.29	47637	-0.189	-0.321	0.516	0.159	0.039	0.508
16.591	-0.183	-0.329	0.513	-0.86	-0.27	1.18	9.94	-4.54	-1.09	47627	-0.186	-0.322	0.515	0.159	0.038	0.508
16.603	-0.182	-0.332	0.513	-0.74	-0.21	1.17	10.07	-3.75	-0.87	47618	-0.184	-0.323	0.515	0.159	0.038	0.508
16.611	-0.179	-0.334	0.513	-0.62	-0.17	1.16	8.21	-2.79	-0.74	47613	-0.181	-0.323	0.515	0.159	0.037	0.508
16.622	-0.171	-0.318	0.513	-0.67	-0.19	1.17	5.80	-2.48	-0.39	47677	-0.178	-0.322	0.515	0.159	0.038	0.508
16.634	-0.170	-0.318	0.512	-0.61	-0.14	1.16	2.67	-1.43	-0.99	47671	-0.175	-0.321	0.515	0.160	0.038	0.508
16.643	-0.166	-0.318	0.512	-0.57	-0.14	1.15	0.43	-0.82	-1.61	47661	-0.171	-0.320	0.515	0.160	0.038	0.507
16.653	-0.164	-0.318	0.512	-0.56	-0.12	1.13	-2.13	0.36	-0.99	47661	-0.168	-0.319	0.515	0.160	0.038	0.507
16.663	-0.164	-0.319	0.511	-0.56	-0.10	1.12	-2.37	1.26	-0.91	47821	-0.166	-0.319	0.514	0.160	0.038	0.507
16.668	-0.156	-0.318	0.511	-0.59	-0.15	1.11	-3.38	1.49	-0.81	47816	-0.162	-0.318	0.514	0.161	0.038	0.507
16.682	-0.155	-0.318	0.511	-0.62	-0.15	1.10	-2.46	1.89	-0.54	47802	-0.159	-0.318	0.514	0.161	0.038	0.506
16.691	-0.151	-0.318	0.511	-0.64	-0.17	1.10	-0.15	1.56	-0.85	47779	-0.156	-0.317	0.514	0.161	0.038	0.506
16.700	-0.151	-0.319	0.511	-0.64	-0.16	1.08	0.87	-0.64	-0.73	47758	-0.153	-0.317	0.514	0.161	0.038	0.506
16.710	-0.145	-0.319	0.511	-0.63	-0.18	1.08	2.10	-1.03	-0.89	47727	-0.150	-0.316	0.514	0.161	0.038	0.506
16.721	-0.145	-0.320	0.511	-0.60	-0.15	1.07	5.20	-2.36	-0.48	47715	-0.147	-0.316	0.514	0.162	0.038	0.506
16.732	-0.139	-0.322	0.511	-0.52	-0.15	1.06	6.70	-2.18	-0.53	47688	-0.144	-0.316	0.513	0.162	0.037	0.505
16.742	-0.136	-0.323	0.511	-0.45	-0.12	1.06	8.13	-1.91	-0.16	47649	-0.141	-0.316	0.513	0.162	0.037	0.505
16.752	-0.134	-0.325	0.511	-0.35	-0.09	1.05	7.46	-1.43	-0.06	47588	-0.138	-0.317	0.513	0.162	0.037	0.505
16.762	-0.133	-0.325	0.511	-0.27	-0.06	1.05	7.29	-0.82	0.07	47570	-0.135	-0.317	0.513	0.162	0.036	0.505
16.773	-0.130	-0.325	0.511	-0.19	-0.05	1.05	6.11	-0.82	0.06	47547	-0.132	-0.318	0.513	0.162	0.036	0.505
16.778	-0.123	-0.316	0.511	-0.20	-0.08	1.06	3.54	-0.84	0.26	47516	-0.128	-0.317	0.513	0.163	0.036	0.504
16.792	-0.121	-0.316	0.510	-0.16	-0.06	1.06	-0.20	-1.05	0.01	47495	-0.125	-0.316	0.513	0.163	0.036	0.504
16.800	-0.118	-0.317	0.510	-0.15	-0.05	1.06	-3.24	-1.40	0.06	47593	-0.122	-0.316	0.513	0.163	0.036	0.504
16.809	-0.117	-0.315	0.510	-0.19	-0.02	1.06	-5.91	-0.38	0.37	47582	-0.119	-0.315	0.513	0.163	0.036	0.504
16.823	-0.113	-0.315	0.510	-0.25	-0.03	1.06	-7.29	-0.27	0.11	47563	-0.116	-0.314	0.513	0.163	0.036	0.503
16.832	-0.109	-0.314	0.510	-0.32	-0.04	1.07	-7.94	-0.14	-0.01	47541	-0.112	-0.314	0.513	0.163	0.036	0.503
16.840	-0.104	-0.313	0.510	-0.39	-0.05	1.07	-7.72	0.57	-0.18	47452	-0.109	-0.313	0.513	0.164	0.036	0.503
16.851	-0.103	-0.313	0.510	-0.47	-0.03	1.07	-7.19	-0.38	0.32	47431	-0.106	-0.312	0.513	0.164	0.036	0.503
16.861	-0.101	-0.312	0.511	-0.55	-0.02	1.07	-5.27	-0.43	0.97	47415	-0.103	-0.312	0.513	0.164	0.036	0.503
16.872	-0.099	-0.312	0.511	-0.60	-0.01	1.08	-4.45	0.00	0.56	47400	-0.100	-0.311	0.513	0.164	0.036	0.503
16.882	-0.093	-0.311	0.510	-0.65	-0.04	1.09	-2.34	-1.62	0.37	47562	-0.096	-0.310	0.513	0.164	0.036	0.502
16.893	-0.089	-0.311	0.510	-0.67	-0.03	1.09	-0.41	-2.56	0.71	47537	-0.093	-0.310	0.513	0.164	0.035	0.502
16.903	-0.088	-0.312	0.510	-0.66	0.02	1.10	0.53	-3.93	0.83	47526	-0.090	-0.309	0.513	0.164	0.035	0.502
16.909	-0.086	-0.312	0.510	-0.66	0.05	1.11	1.25	-4.67	0.85	47497	-0.087	-0.309	0.512	0.164	0.035	0.502
16.923	-0.083	-0.312	0.510	-0.64	0.10	1.11	2.28	-5.69	1.42	47467	-0.084	-0.309	0.512	0.164	0.035	0.501
16.934	-0.077	-0.313	0.510	-0.61	0.13	1.13	0.20	-5.80	1.33	47417	-0.080	-0.309	0.512	0.165	0.035	0.501
16.941	-0.075	-0.312	0.510	-0.61	0.20	1.14	-0.56	-5.42	1.75	47393	-0.077	-0.308	0.512	0.165	0.035	0.501
16.949	-0.074	-0.313	0.510	-0.60	0.27	1.16	-2.95	-5.14	1.73	47372	-0.074	-0.308	0.512	0.165	0.034	0.501
16.959	-0.070	-0.313	0.510	-0.62	0.32	1.18	-4.95	-5.38	1.94	47359	-0.071	-0.308	0.512	0.165	0.034	0.501
16.972	-0.068	-0.312	0.512	-0.67	0.38	1.20	-6.65	-3.87	1.59	46903	-0.068	-0.308	0.513	0.165	0.034	0.501
16.984	-0.063	-0.311	0.513	-0.73	0.40	1.22	-7.84	-3.03	1.78	46859	-0.064	-0.307	0.513	0.165	0.034	0.501
16.990	-0.060	-0.310	0.513	-0.81	0.43	1.23	-9.20	-2.71	1.43	46829	-0.061	-0.307	0.514	0.165	0.033	0.501
17.001	-0.058	-0.309	0.513	-0.90	0.47	1.25	-9.27	-2.67	1.42	46820	-0.058	-0.307	0.514	0.165	0.033	0.501
17.011	-0.055	-0.309	0.514	-1.00	0.50	1.26	-8.42	-2.72	1.06	46803	-0.055	-0.306	0.514	0.165	0.033	0.501
17.021	-0.050	-0.308	0.515	-1.08	0.50	1.28	-7.30	-2.82	1.82	46579	-0.051	-0.305	0.515	0.165	0.033	0.501
17.027	-0.048	-0.307	0.515	-1.16	0.54	1.30	-6.83	-2.71	2.21	46547	-0.048	-0.305	0.515	0.165	0.033	0.501
17.037	-0.046	-0.306	0.515	-1.24	0.58	1.32	-6.48	-1.84	2.38	46517	-0.045	-0.304	0.515	0.165	0.033	0.501
17.051	-0.044	-0.306	0.516	-1.29	0.61	1.34	-5.77	-1.48	2.17	46494	-0.042	-0.304	0.516	0.165	0.033	0.501
17.059	-0.041	-0.304	0.515	-1.36	0.62	1.36	-5.32	-0.61	1.97	46586	-0.039	-0.303	0.516	0.164	0.033	0.500
17.074	-0.040	-0.305	0.515	-1.40	0.65	1.38	-3.47	-0.65	2.14	46576	-0.036	-0.302	0.516	0.164	0.033	0.500
17.079	-0.035	-0.305	0.516	-1.44	0.63	1.40	-1.66	0.95	2.46	46567	-0.033	-0.302	0.516	0.164	0.032	0.500
17.090	-0.030	-0.305	0.516	-1.45	0.61	1.43	-0.06	3.10	2.59	46560	-0.030	-0.301	0.516	0.164	0.032	0.500
17.100	-0.029	-0.305	0.516	-1.45	0.59	1.45	0.03	4.44	2.97	46660	-0.027	-0.301	0.516	0.164	0.032	0.500
17.113	-0.028	-0.304	0.516	-1.44	0.57	1.48	-0.65	2.91	3.04	46669	-0.024	-0.300	0.516	0.164	0.032	0.500
17.121	-0.024	-0.304	0.516	-1.45	0.53	1.50	-1.13	1.82	2.69	46665	-0.021	-0.300	0.516	0.164	0.032	0.500
17.132	-0.021	-0.303	0.516	-1.46	0.51	1.53	-1.98	1.49	2.61	46671	-0.018	-0.299	0.516	0.164	0.031	0.500
17.137	-0.014	-0.303	0.516	-1.47	0.45	1.56	-2.20	0.76	2.80	46684	-0.014	-0.299	0.516	0.164	0.031	0.500
17.152	-0.012	-0.303	0.517	-1.49	0.45	1.59	-2.63	-1.26	3.33	46654	-0.011	-0.298	0.516	0.164	0.031	0.500
17.163	-0.009	-0.302	0.517	-1.52	0.46	1.62	-3.52	-2.88	3.72	46651	-0.008	-0.298	0.516	0.163	0.031	0.500
17.173	-0.008	-0.301	0.517	-1.56	0.51	1.66	-3.69	-2.73	3.42	46657	-0.005	-0.297	0.517	0.163	0.030	0.501
17.179	-0.006	-0.301	0.517	-1.59	0.55	1.69	-3.84	-3.93	3.85	46667	-0.002	-0.297	0.517	0.163	0.030	0.501
17.192	-0.003	-0.301	0.517	-1.63	0.60	1.72	-3.74	-4.96	3.81	46709	0.001	-0.296	0.517	0.163	0.030	0.501
17.200	0.002	-0.302	0.517	-1.65	0.62	1.76	-4.89	-5.72	3.96	46725	0.004	-0.296	0.517	0.163	0.030	0.501
17.209	0.005	-0.300	0.518	-1.72	0.67	1.80	-5.06	-3.77	4.37	46750	0.008	-0.295	0.517	0.163	0.029	0.501
17.219	0.006	-0.299	0.518	-1.76	0.72	1.85	-4.59	-3.04	4.21	46778	0.011	-0.295	0.517	0.162	0.029	0.501
17.229	0.009	-0.299	0.517	-1.80	0.76	1.89	-2.76	-3.95	4.32	46795	0.014	-0.294	0.517	0.162	0.029	0.501
17.239	0.011	-0.300	0.517	-1.82	0.80	1.93	-3.23	-2.27	4.04	46936	0.017	-0.293	0.516	0.162	0.029	0.501
17.250	0.016	-0.298	0.517	-1.86	0.80	1.98	-1.84	-0.53	4.43	46963	0.020	-0.293	0.516	0.162	0.028	0.501
17.260	0.019	-0.297	0.517	-1.87	0.80	2.02	-0.00	1.81	4.42	47005	0.023	-0.292	0.516	0.161	0.028	0.501
17.271	0.023	-0.298	0.517	-1.86	0.78	2.06	0.30	3.30	4.00	47041	0.026	-0.292	0.516	0.161	0.028	0.501
17.281	0.025	-0.298	0.517	-1.85	0.76	2.10	-1.55	3.47	3.57	47075	0.029	-0.291	0.516	0.161	0.027	0.501
17.292	0.028	-0.298	0.517	-1.86	0.71	2.14	-1.89	3.25	3.31	47105	0.033	-0.291	0.516	0.161	0.027	0.501
17.302	0.029	-0.292	0.517	-1.92	0.69	2.17	-1.77	2.91	3.17	47138	0.036	-0.290	0.516	0.160	0.027	0.501
17.313	0.033	-0.291	0.517	-1.94	0.66	2.21	-4.34	1.28	2.80	47163	0.039	-0.289	0.516	0.160	0.027	0.501
17.318	0.035	-0.290	0.518	-1.97	0.65	2.23	-5.86	-0.09	2.59	46967	0.041	-0.287	0.516	0.160	0.027	0.502
17.329	0.036	-0.290	0.518	-2.02	0.66	2.26	-4.68	-1.39	2.36	47008	0.044	-0.286	0.516	0.159	0.026	0.502
17.342	0.039	-0.289	0.518	-2.07	0.67	2.28	-3.06	-2.42	1.72	47033	0.047	-0.285	0.516	0.159	0.026	0.502
17.352	0.041	-0.289	0.518	-2.09	0.69	2.30	-3.68	-1.39	2.03	47040	0.050	-0.284	0.516	0.159	0.026	0.502
17.360	0.044	-0.289	0.518	-2.12	0.71	2.32	0.13	-1.95	2.25	47044	0.052	-0.283	0.516	0.158	0.026	0.502
17.370	0.045	-0.284	0.517	-2.15	0.74	2.34	2.51	-1.20	1.54	47202	0.055	-0.282	0.516	0.158	0.026	0.502
17.381	0.050	-0.281	0.517	-2.15	0.73	2.37	3.78	-1.10	0.70	47233	0.058	-0.280	0.516	0.157	0.026	0.502
17.391	0.052	-0.281	0.517	-2.10	0.74	2.37	5.66	-0.38	0.64	47241	0.060	-0.279	0.516	0.157	0.025	0.502
17.402	0.055	-0.282	0.517	-2.03	0.74	2.38	10.03	-0.41	0.42	47238	0.063	-0.278	0.516	0.156	0.025	0.503
17.407	0.055	-0.278	0.516	-1.96	0.77	2.38	11.46	-0.26	0.20	47298	0.066	-0.276	0.516	0.156	0.025	0.503
17.423	0.056	-0.277	0.516	-1.84	0.79	2.38	12.89	0.04	-0.69	47303	0.068	-0.274	0.515	0.155	0.025	0.503
17.428	0.058	-0.274	0.516	-1.72	0.79	2.38	12.41	2.48	-0.90	47313	0.070	-0.273	0.515	0.155	0.025	0.503
17.438	0.060	-0.276	0.516	-1.56	0.78	2.36	11.40	3.23	-1.59	47325	0.072	-0.272	0.515	0.154	0.025	0.503
17.449	0.064	-0.279	0.516	-1.40	0.74	2.35	8.96	4.17	-1.96	47335	0.075	-0.271	0.515	0.153	0.024	0.503
17.459	0.067	-0.270	0.516	-1.37	0.69	2.34	7.07	4.98	-2.41	47276	0.077	-0.269	0.515	0.153	0.024	0.503
17.470	0.069	-0.269	0.516	-1.29	0.64	2.31	3.64	5.56	-1.95	47288	0.080	-0.267	0.515	0.152	0.024	0.503
17.480	0.071	-0.266	0.516	-1.26	0.60	2.29	-0.03	5.09	-2.51	47291	0.082	-0.265	0.515	0.152	0.024	0.503
17.491	0.074	-0.266	0.516	-1.24	0.55	2.26	-3.37	5.38	-3.73	47307	0.085	-0.264	0.515	0.151	0.024	0.503
17.501	0.075	-0.262	0.515	-1.29	0.50	2.23	-5.19	3.94	-3.67	47393	0.087	-0.262	0.514	0.151	0.024	0.503
17.512	0.075	-0.258	0.515	-1.36	0.48	2.19	-6.91	3.19	-4.05	47406	0.089	-0.260	0.514	0.150	0.024	0.503
17.522	0.078	-0.255	0.515	-1.43	0.44	2.15	-7.49	2.82	-4.83	47411	0.091	-0.257	0.514	0.149	0.024	0.504
17.528	0.081	-0.253	0.515	-1.51	0.41	2.10	-6.93	2.25	-5.23	47425	0.093	-0.255	0.514	0.149	0.024	0.504
17.538	0.089	-0.253	0.514	-1.57	0.33	2.05	-5.83	2.58	-5.61	47662	0.096	-0.253	0.514	0.148	0.024	0.504
17.559	0.090	-0.253	0.514	-1.60	0.33	1.99	-4.01	2.12	-6.12	47683	0.099	-0.251	0.513	0.148	0.024	0.504
17.565	0.093	-0.253	0.513	-1.63	0.30	1.93	-1.37	3.27	-6.06	47676	0.102	-0.249	0.513	0.147	0.024	0.504
17.572	0.093	-0.250	0.513	-1.65	0.29	1.87	0.03	2.22	-6.48	47679	0.104	-0.247	0.513	0.147	0.024	0.504
17.580	0.095	-0.248	0.513	-1.66	0.27	1.80	3.32	2.99	-5.86	47697	0.107	-0.246	0.513	0.146	0.024	0.504
17.594	0.098	-0.243	0.513	-1.65	0.24	1.75	5.02	2.72	-5.81	47697	0.109	-0.243	0.512	0.146	0.024	0.504
17.603	0.099	-0.244	0.513	-1.58	0.23	1.68	7.50	1.29	-6.15	47686	0.111	-0.241	0.512	0.145	0.024	0.504
17.607	0.105	-0.244	0.512	-1.49	0.17	1.62	11.02	-0.14	-5.77	47667	0.114	-0.240	0.512	0.145	0.023	0.504
17.621	0.108	-0.241	0.512	-1.39	0.17	1.57	12.17	0.47	-5.47	47642	0.117	-0.238	0.512	0.144	0.023	0.504
17.633	0.112	-0.240	0.512	-1.26	0.15	1.51	11.97	0.30	-4.97	47629	0.120	-0.236	0.512	0.144	0.023	0.504
17.639	0.112	-0.235	0.512	-1.17	0.17	1.46	10.34	0.38	-4.51	47628	0.122	-0.234	0.512	0.143	0.023	0.504
17.650	0.116	-0.233	0.512	-1.05	0.15	1.42	8.24	0.18	-4.25	47629	0.125	-0.232	0.511	0.143	0.023	0.504
17.663	0.116	-0.235	0.512	-0.94	0.17	1.37	6.77	0.35	-4.05	47629	0.128	-0.230	0.511	0.142	0.023	0.504
17.671	0.122	-0.236	0.510	-0.85	0.13	1.33	5.55	0.03	-3.86	47621	0.130	-0.228	0.511	0.142	0.022	0.504
17.682	0.123	-0.236	0.510	-0.77	0.15	1.28	4.76	-1.07	-3.66	47789	0.133	-0.227	0.511	0.141	0.022	0.504
17.692	0.124	-0.237	0.510	-0.69	0.17	1.24	2.48	-2.48	-3.39	47778	0.136	-0.226	0.511	0.141	0.021	0.504
17.703	0.126	-0.228	0.510	-0.73	0.20	1.21	1.54	-4.55	-2.72	47767	0.138	-0.224	0.510	0.140	0.021	0.504
17.708	0.127	-0.224	0.510	-0.73	0.25	1.19	0.73	-5.21	-2.13	47755	0.140	-0.222	0.510	0.139	0.021	0.504
17.721	0.131	-0.224	0.511	-0.70	0.28	1.17	1.47	-5.21	-1.99	47500	0.143	-0.220	0.510	0.139	0.021	0.504
17.731	0.133	-0.225	0.511	-0.66	0.35	1.14	2.36	-5.96	-1.61	47466	0.145	-0.219	0.510	0.138	0.021	0.504
17.739	0.138	-0.225	0.511	-0.61	0.38	1.13	3.69	-6.95	-0.84	47431	0.148	-0.217	0.510	0.138	0.020	0.504
17.752	0.140	-0.227	0.511	-0.55	0.45	1.11	5.55	-6.25	-0.01	47400	0.150	-0.216	0.510	0.137	0.020	0.504
17.760	0.142	-0.224	0.511	-0.50	0.51	1.11	5.97	-5.10	0.10	47264	0.153	-0.215	0.510	0.137	0.019	0.504
17.771	0.144	-0.213	0.511	-0.52	0.57	1.12	6.90	-5.46	0.84	47223	0.155	-0.213	0.510	0.136	0.019	0.504
17.781	0.143	-0.213	0.511	-0.43	0.65	1.13	6.03	-6.11	1.17	47194	0.157	-0.211	0.511	0.135	0.019	0.504
17.791	0.146	-0.213	0.511	-0.35	0.70	1.14	5.15	-5.67	2.15	47169	0.160	-0.209	0.511	0.135	0.019	0.504
17.802	0.152	-0.215	0.511	-0.26	0.73	1.15	3.83	-5.74	2.19	47144	0.162	-0.207	0.511	0.134	0.018	0.504
17.808	0.153	-0.219	0.511	-0.17	0.80	1.17	2.65	-5.89	2.10	47206	0.165	-0.207	0.511	0.133	0.018	0.504
17.825	0.156	-0.201	0.511	-0.27	0.85	1.21	1.38	-5.74	2.56	47179	0.167	-0.204	0.511	0.133	0.018	0.504
17.830	0.156	-0.203	0.511	-0.23	0.93	1.23	0.64	-5.11	3.37	47145	0.169	-0.202	0.511	0.132	0.018	0.504
17.841	0.160	-0.204	0.511	-0.19	0.97	1.26	-0.73	-4.68	3.66	47112	0.172	-0.200	0.511	0.132	0.018	0.504
17.851	0.159	-0.195	0.510	-0.25	1.04	1.31	-1.61	-2.39	3.60	47237	0.174	-0.197	0.510	0.131	0.018	0.504
17.862	0.160	-0.189	0.510	-0.30	1.08	1.35	-3.20	-1.03	3.36	47213	0.176	-0.194	0.510	0.130	0.018	0.504
17.870	0.161	-0.188	0.510	-0.32	1.10	1.38	-3.98	0.41	3.58	47187	0.178	-0.191	0.510	0.129	0.018	0.504
17.880	0.163	-0.186	0.510	-0.36	1.10	1.42	-3.87	2.26	2.91	47172	0.180	-0.188	0.510	0.128	0.018	0.504
17.890	0.168	-0.187	0.511	-0.37	1.06	1.44	-3.31	4.49	2.50	47151	0.182	-0.186	0.510	0.128	0.018	0.504
17.898	0.168	-0.184	0.511	-0.40	1.03	1.47	-1.39	6.18	2.79	47089	0.184	-0.183	0.510	0.127	0.018	0.504
17.909	0.169	-0.175	0.511	-0.48	0.98	1.51	-0.07	8.49	3.17	47075	0.185	-0.180	0.510	0.126	0.018	0.504
17.919	0.171	-0.172	0.511	-0.48	0.90	1.54	1.73	10.89	2.40	47061	0.187	-0.177	0.510	0.125	0.019	0.504
17.930	0.174	-0.173	0.511	-0.44	0.79	1.56	3.20	10.37	2.90	47030	0.189	-0.174	0.510	0.124	0.019	0.505
17.940	0.175	-0.175	0.511	-0.37	0.69	1.58	3.01	11.29	4.01	47053	0.191	-0.172	0.510	0.124	0.019	0.505
17.950	0.181	-0.175	0.511	-0.32	0.54	1.61	0.78	8.65	4.06	47040	0.194	-0.170	0.510	0.123	0.018	0.505
17.960	0.183	-0.175	0.511	-0.27	0.47	1.64	-2.68	5.85	4.50	47041	0.196	-0.168	0.510	0.122	0.018	0.505
17.972	0.184	-0.176	0.511	-0.29	0.40	1.69	-4.78	2.63	4.40	47035	0.198	-0.167	0.510	0.122	0.017	0.505
17.982	0.187	-0.176	0.511	-0.31	0.36	1.73	-7.63	-0.75	4.23	47094	0.200	-0.166	0.510	0.121	0.017	0.505
17.992	0.188	-0.170	0.511	-0.42	0.37	1.77	-10.06	-5.26	4.10	47080	0.202	-0.164	0.510	0.120	0.017	0.505
18.002	0.188	-0.165	0.511	-0.54	0.43	1.82	-10.53	-8.86	4.41	47074	0.204	-0.162	0.510	0.119	0.017	0.505
18.007	0.187	-0.160	0.511	-0.67	0.53	1.87	-10.67	-10.66	4.38	47070	0.206	-0.160	0.510	0.118	0.016	0.505
18.020	0.194	-0.160	0.511	-0.75	0.59	1.91	-9.85	-12.36	4.12	47050	0.208	-0.158	0.510	0.118	0.016	0.505
18.030	0.196	-0.158	0.511	-0.84	0.71	1.96	-7.56	-12.46	5.57	46952	0.210	-0.155	0.510	0.117	0.016	0.505
18.039	0.199	-0.158	0.511	-0.89	0.82	2.01	-4.82	-11.11	4.83	46941	0.212	-0.153	0.510	0.116	0.016	0.505
18.049	0.201	-0.156	0.512	-0.94	0.94	2.06	-2.25	-8.61	5.18	46937	0.214	-0.151	0.510	0.116	0.016	0.506
18.062	0.202	-0.156	0.512	-0.96	1.03	2.11	-1.08	-6.36	4.69	46920	0.217	-0.150	0.510	0.115	0.015	0.506
18.072	0.203	-0.146	0.512	-1.03	1.10	2.17	0.42	-3.91	4.27	46891	0.219	-0.147	0.510	0.114	0.016	0.506
18.081	0.203	-0.142	0.512	-1.04	1.17	2.22	1.34	-2.32	4.01	46897	0.220	-0.144	0.510	0.113	0.016	0.506
18.087	0.205	-0.139	0.512	-1.03	1.19	2.26	1.40	-1.27	4.08	46900	0.222	-0.141	0.510	0.112	0.016	0.506
18.102	0.207	-0.141	0.512	-0.98	1.20	2.31	1.63	-0.40	3.70	46890	0.224	-0.139	0.510	0.112	0.016	0.506
18.108	0.207	-0.129	0.513	-1.04	1.22	2.35	1.88	1.00	2.47	46894	0.225	-0.135	0.510	0.111	0.016	0.506
18.120	0.209	-0.133	0.513	-0.97	1.21	2.37	2.47	1.93	2.35	46864	0.227	-0.133	0.510	0.110	0.016	0.507
18.130	0.209	-0.134	0.513	-0.92	1.21	2.39	0.81	1.54	1.93	46862	0.228	-0.130	0.510	0.109	0.016	0.507
18.139	0.211	-0.120	0.513	-1.01	1.19	2.42	1.49	1.63	1.83	46852	0.230	-0.127	0.511	0.108	0.016	0.507
18.150	0.212	-0.115	0.513	-1.02	1.18	2.45	2.59	1.02	2.01	46864	0.231	-0.123	0.511	0.107	0.016	0.507
18.162	0.212	-0.116	0.513	-0.96	1.18	2.46	1.19	0.46	1.97	46805	0.233	-0.120	0.511	0.106	0.017	0.507
18.171	0.216	-0.116	0.514	-0.93	1.15	2.47	0.14	-0.11	1.40	46813	0.234	-0.117	0.511	0.105	0.017	0.508
18.181	0.216	-0.117	0.514	-0.89	1.16	2.49	-0.46	-0.81	0.86	46822	0.236	-0.114	0.511	0.104	0.016	0.508
18.191	0.217	-0.102	0.514	-1.01	1.18	2.51	-2.13	-0.92	1.21	46841	0.237	-0.110	0.511	0.103	0.017	0.508
18.201	0.218	-0.102	0.512	-1.00	1.19	2.52	-0.37	0.09	0.44	47153	0.238	-0.107	0.511	0.102	0.017	0.508
18.213	0.220	-0.105	0.512	-0.96	1.18	2.52	-2.95	1.28	-0.80	47172	0.239	-0.104	0.511	0.101	0.017	0.508
18.222	0.220	-0.106	0.512	-0.95	1.18	2.51	-2.58	2.45	-1.38	47192	0.241	-0.102	0.510	0.100	0.017	0.508
18.233	0.222	-0.095	0.512	-1.05	1.16	2.51	-1.52	3.34	-1.49	47220	0.242	-0.098	0.510	0.099	0.017	0.508
18.242	0.222	-0.088	0.512	-1.10	1.13	2.50	-3.75	3.83	-1.74	47274	0.243	-0.094	0.510	0.098	0.017	0.509
18.252	0.224	-0.085	0.512	-1.13	1.10	2.48	-4.29	3.45	-3.03	47244	0.244	-0.091	0.510	0.097	0.018	0.509
18.258	0.226	-0.088	0.512	-1.12	1.05	2.44	-2.85	4.44	-3.09	47269	0.246	-0.088	0.510	0.096	0.018	0.509
18.270	0.229	-0.084	0.512	-1.17	1.00	2.41	-1.84	6.48	-3.38	47299	0.247	-0.085	0.510	0.095	0.018	0.509
18.282	0.229	-0.071	0.512	-1.28	0.95	2.39	-1.70	6.55	-3.31	47344	0.249	-0.080	0.510	0.094	0.018	0.509
18.289	0.228	-0.071	0.512	-1.26	0.90	2.36	-0.29	6.15	-3.32	47382	0.250	-0.076	0.510	0.093	0.018	0.509
18.299	0.231	-0.075	0.512	-1.21	0.83	2.31	-0.79	6.23	-3.40	47411	0.251	-0.073	0.510	0.092	0.018	0.510
18.313	0.234	-0.073	0.512	-1.21	0.75	2.27	1.94	4.57	-3.50	47441	0.252	-0.071	0.510	0.091	0.018	0.510
18.322	0.231	-0.057	0.512	-1.31	0.73	2.26	2.13	2.54	-3.03	47461	0.253	-0.066	0.510	0.090	0.019	0.510
18.331	0.232	-0.054	0.511	-1.29	0.71	2.23	6.16	0.74	-2.37	47494	0.254	-0.062	0.510	0.088	0.019	0.510
18.342	0.233	-0.057	0.511	-1.18	0.70	2.19	9.05	-1.94	-1.38	47612	0.255	-0.058	0.509	0.087	0.019	0.510
18.352	0.233	-0.044	0.511	-1.18	0.73	2.19	13.79	-3.59	-1.93	47611	0.256	-0.054	0.509	0.086	0.020	0.510
18.357	0.234	-0.041	0.510	-1.06	0.76	2.17	14.01	-4.13	-1.52	47636	0.257	-0.049	0.509	0.085	0.020	0.510
18.373	0.233	-0.028	0.510	-1.00	0.81	2.17	15.01	-3.34	-1.16	47647	0.257	-0.044	0.509	0.084	0.021	0.510
18.382	0.233	-0.030	0.510	-0.80	0.86	2.15	14.85	-1.40	-1.11	47603	0.258	-0.039	0.509	0.083	0.021	0.510
18.392	0.233	-0.017	0.510	-0.73	0.89	2.15	13.50	0.50	-2.07	47596	0.258	-0.033	0.509	0.081	0.022	0.511
18.400	0.237	-0.019	0.510	-0.55	0.87	2.12	12.84	3.36	-1.35	47614	0.259	-0.029	0.509	0.080	0.023	0.511
18.412	0.238	-0.022	0.510	-0.36	0.84	2.10	10.95	6.00	-1.48	47620	0.260	-0.025	0.509	0.079	0.023	0.511
18.422	0.238	-0.014	0.511	-0.28	0.79	2.09	9.66	7.35	-1.92	47452	0.260	-0.020	0.509	0.078	0.023	0.511
18.431	0.241	-0.016	0.510	-0.13	0.71	2.06	8.56	7.90	-1.99	47467	0.261	-0.017	0.509	0.077	0.023	0.511
18.443	0.242	-0.020	0.510	0.02	0.63	2.04	6.70	8.35	-2.06	47486	0.262	-0.014	0.509	0.076	0.023	0.511
18.452	0.242	-0.001	0.510	-0.04	0.56	2.04	5.54	6.52	-2.04	47513	0.263	-0.009	0.509	0.075	0.023	0.511
18.462	0.242	-0.004	0.511	0.07	0.49	2.01	4.43	3.69	-2.56	47540	0.264	-0.006	0.509	0.074	0.023	0.511
18.472	0.245	-0.005	0.511	0.16	0.43	1.98	2.78	0.83	-3.51	47388	0.265	-0.002	0.509	0.073	0.023	0.512
18.482	0.243	0.009	0.511	0.11	0.44	1.96	2.80	-2.76	-3.91	47384	0.265	0.002	0.509	0.072	0.024	0.512
18.487	0.244	0.012	0.511	0.14	0.46	1.92	2.82	-5.03	-3.26	47411	0.266	0.006	0.509	0.070	0.024	0.512
18.500	0.246	0.018	0.510	0.14	0.49	1.89	3.87	-6.75	-3.59	47425	0.267	0.011	0.509	0.069	0.024	0.512
18.509	0.246	0.028	0.510	0.13	0.56	1.86	4.84	-9.27	-3.84	47520	0.267	0.016	0.509	0.068	0.025	0.512
18.522	0.245	0.026	0.510	0.22	0.66	1.82	6.19	-11.43	-4.51	47520	0.268	0.021	0.509	0.067	0.025	0.512
18.532	0.249	0.025	0.510	0.32	0.74	1.77	8.51	-13.42	-4.26	47514	0.269	0.024	0.509	0.066	0.025	0.512
18.539	0.246	0.043	0.509	0.28	0.90	1.75	10.56	-13.25	-4.15	47503	0.269	0.030	0.509	0.065	0.026	0.512
18.550	0.249	0.039	0.509	0.45	1.02	1.69	11.95	-11.74	-4.41	47495	0.270	0.034	0.509	0.064	0.026	0.512
18.561	0.249	0.046	0.509	0.54	1.15	1.65	12.89	-10.03	-5.00	47490	0.271	0.039	0.509	0.063	0.026	0.512
18.571	0.250	0.049	0.509	0.67	1.26	1.61	12.61	-7.05	-4.82	47485	0.271	0.043	0.508	0.062	0.027	0.512
18.583	0.250	0.046	0.509	0.85	1.35	1.55	11.88	-4.74	-4.76	47467	0.272	0.047	0.508	0.060	0.027	0.512
18.591	0.251	0.064	0.509	0.85	1.39	1.52	10.00	-0.68	-4.43	47449	0.272	0.052	0.508	0.059	0.027	0.512
18.602	0.251	0.062	0.510	1.01	1.41	1.46	7.75	3.15	-4.39	47302	0.273	0.056	0.508	0.058	0.028	0.512
18.613	0.252	0.066	0.510	1.09	1.39	1.42	4.31	7.26	-4.03	47276	0.274	0.061	0.508	0.057	0.028	0.513
18.619	0.255	0.079	0.509	1.07	1.30	1.39	1.66	9.17	-4.07	47245	0.274	0.066	0.508	0.056	0.028	0.513
18.629	0.256	0.083	0.509	1.09	1.21	1.35	-1.30	9.94	-4.43	47256	0.275	0.071	0.509	0.055	0.029	0.513
18.641	0.257	0.082	0.509	1.13	1.11	1.30	-3.66	10.49	-3.91	47454	0.276	0.076	0.508	0.054	0.029	0.513
18.650	0.258	0.079	0.508	1.15	1.00	1.26	-4.28	9.76	-3.78	47455	0.277	0.080	0.508	0.053	0.029	0.513
18.660	0.258	0.081	0.508	1.12	0.91	1.22	-4.27	6.99	-3.29	47440	0.278	0.083	0.508	0.052	0.029	0.513
18.670	0.260	0.091	0.508	1.02	0.82	1.19	-3.96	5.03	-3.81	47421	0.278	0.087	0.508	0.051	0.029	0.513
18.680	0.260	0.100	0.508	0.94	0.77	1.16	-2.51	1.69	-3.96	47416	0.279	0.092	0.508	0.050	0.030	0.513
18.690	0.260	0.104	0.508	0.91	0.75	1.12	-1.82	-0.82	-4.02	47504	0.280	0.096	0.508	0.049	0.030	0.513
18.701	0.263	0.104	0.508	0.93	0.73	1.08	-1.31	-1.91	-4.07	47501	0.281	0.101	0.508	0.048	0.030	0.513
18.711	0.263	0.101	0.508	0.97	0.76	1.03	-0.02	-2.40	-4.66	47512	0.282	0.104	0.507	0.047	0.030	0.513
18.721	0.264	0.101	0.507	1.00	0.78	0.98	0.71	-1.70	-4.91	47501	0.283	0.107	0.507	0.047	0.030	0.513
18.731	0.265	0.123	0.507	0.85	0.79	0.96	2.07	-1.19	-4.98	47610	0.283	0.112	0.507	0.046	0.031	0.513
18.741	0.265	0.127	0.507	0.87	0.81	0.91	2.00	-1.03	-4.83	47630	0.284	0.117	0.507	0.045	0.031	0.513
18.752	0.268	0.123	0.507	0.95	0.80	0.85	0.94	-0.44	-4.66	47643	0.285	0.121	0.507	0.044	0.031	0.513
18.759	0.267	0.120	0.507	1.02	0.81	0.79	-0.65	-0.07	-4.99	47648	0.286	0.124	0.507	0.043	0.031	0.513
18.768	0.272	0.120	0.505	1.05	0.78	0.74	0.19	1.34	-4.65	47652	0.287	0.126	0.506	0.042	0.031	0.513
18.778	0.272	0.137	0.505	0.94	0.78	0.71	3.34	1.22	-5.02	47940	0.288	0.131	0.506	0.041	0.031	0.512
18.789	0.272	0.138	0.505	0.99	0.77	0.65	10.37	1.34	-4.81	47952	0.289	0.135	0.506	0.040	0.031	0.512
18.799	0.275	0.134	0.504	1.14	0.74	0.60	20.43	0.69	-4.95	47957	0.290	0.138	0.506	0.039	0.031	0.512
18.810	0.275	0.138	0.504	1.33	0.73	0.55	30.08	0.27	-5.43	47941	0.291	0.141	0.505	0.039	0.031	0.512
18.820	0.275	0.147	0.505	1.57	0.73	0.51	42.18	-0.84	-4.92	47773	0.292	0.145	0.505	0.038	0.031	0.512
18.830	0.275	0.154	0.505	1.94	0.75	0.47	51.33	-2.29	-4.56	47756	0.293	0.149	0.505	0.037	0.031	0.512
18.841	0.279	0.148	0.505	2.53	0.74	0.41	57.92	-2.87	-4.31	47746	0.294	0.152	0.505	0.036	0.031	0.512
18.851	0.278	0.155	0.505	3.06	0.77	0.37	61.54	-3.74	-3.71	47725	0.295	0.155	0.505	0.035	0.031	0.512
18.861	0.280	0.162	0.506	3.65	0.79	0.33	61.01	-2.54	-3.05	47407	0.296	0.159	0.505	0.034	0.031	0.512
18.866	0.282	0.161	0.506	4.30	0.81	0.29	56.84	-2.43	-2.73	47394	0.297	0.162	0.506	0.034	0.031	0.512
18.882	0.281	0.161	0.506	4.90	0.85	0.26	49.04	-2.46	-2.82	47390	0.298	0.165	0.506	0.033	0.031	0.512
18.892	0.281	0.176	0.506	5.31	0.87	0.25	37.54	-2.19	-2.56	47405	0.299	0.169	0.506	0.032	0.031	0.512
18.900	0.282	0.172	0.506	5.77	0.89	0.21	27.17	-2.82	-2.81	47422	0.300	0.172	0.506	0.031	0.031	0.512
18.908	0.280	0.166	0.506	6.12	0.93	0.18	14.94	-2.96	-2.44	47517	0.300	0.174	0.506	0.030	0.031	0.512
18.919	0.282	0.177	0.506	6.22	0.95	0.15	4.32	-4.46	-2.76	47544	0.301	0.177	0.506	0.029	0.031	0.512
18.929	0.284	0.182	0.505	6.26	0.97	0.12	-4.91	-4.59	-3.26	47566	0.302	0.180	0.506	0.028	0.031	0.512
18.940	0.286	0.179	0.505	6.28	1.00	0.08	-12.67	-4.41	-2.81	47582	0.302	0.182	0.506	0.027	0.031	0.512
18.950	0.287	0.170	0.507	6.26	1.03	0.03	-16.89	-4.39	-3.16	47214	0.303	0.183	0.506	0.026	0.030	0.512
18.961	0.288	0.172	0.507	6.09	1.07	-0.01	-20.06	-4.60	-2.80	47219	0.304	0.184	0.507	0.025	0.029	0.512
18.971	0.290	0.177	0.507	5.87	1.10	-0.04	-19.61	-3.99	-2.32	47215	0.305	0.185	0.507	0.025	0.029	0.512
18.981	0.289	0.181	0.507	5.65	1.14	-0.07	-15.81	-1.81	-3.00	47203	0.306	0.187	0.507	0.024	0.029	0.512
18.991	0.291	0.183	0.507	5.49	1.15	-0.10	-11.65	0.32	-2.61	47188	0.307	0.188	0.507	0.023	0.028	0.512
19.001	0.294	0.184	0.507	5.38	1.12	-0.14	-7.73	3.10	-2.44	47295	0.308	0.189	0.507	0.022	0.028	0.512
19.012	0.295	0.186	0.507	5.28	1.09	-0.16	-4.77	4.96	-2.40	47283	0.309	0.191	0.507	0.022	0.028	0.512
19.020	0.295	0.188	0.507	5.23	1.04	-0.18	-1.68	6.83	-2.23	47283	0.310	0.192	0.507	0.021	0.028	0.512
19.029	0.298	0.188	0.507	5.22	0.95	-0.20	-0.59	7.14	-2.42	47292	0.312	0.193	0.507	0.020	0.027	0.512
19.038	0.300	0.177	0.506	5.32	0.87	-0.23	-0.94	6.70	-2.16	47517	0.313	0.193	0.507	0.019	0.027	0.512
19.049	0.301	0.172	0.506	5.37	0.80	-0.26	-2.52	6.79	-2.24	47520	0.314	0.192	0.507	0.019	0.026	0.512
19.059	0.303	0.172	0.506	5.35	0.71	-0.28	-4.78	4.41	-1.90	47533	0.316	0.191	0.507	0.018	0.025	0.512
19.069	0.304	0.173	0.506	5.30	0.66	-0.30	-8.83	3.32	-2.03	47543	0.317	0.190	0.507	0.017	0.024	0.512
19.080	0.304	0.173	0.506	5.22	0.62	-0.31	-13.90	2.33	-1.67	47453	0.318	0.189	0.507	0.017	0.023	0.512
19.090	0.307	0.179	0.506	5.05	0.58	-0.33	-19.46	0.96	-1.39	47472	0.319	0.189	0.507	0.016	0.023	0.512
19.101	0.308	0.169	0.506	4.95	0.56	-0.36	-24.62	-0.09	-1.46	47473	0.321	0.187	0.507	0.015	0.022	0.512
19.111	0.308	0.173	0.506	4.68	0.56	-0.37	-28.90	-1.96	-1.66	47493	0.322	0.186	0.506	0.015	0.021	0.512
19.122	0.309	0.165	0.506	4.47	0.57	-0.39	-32.94	-2.59	-1.90	47507	0.323	0.184	0.506	0.014	0.020	0.512
19.132	0.308	0.171	0.506	4.10	0.60	-0.40	-34.36	-3.46	-2.01	47607	0.324	0.183	0.506	0.013	0.019	0.512
19.145	0.313	0.154	0.505	3.90	0.60	-0.46	-35.62	-2.89	-2.19	47601	0.325	0.180	0.506	0.013	0.018	0.512
19.150	0.315	0.150	0.505	3.58	0.62	-0.49	-33.47	-3.32	-1.65	47616	0.326	0.177	0.506	0.012	0.017	0.511
19.161	0.314	0.151	0.505	3.23	0.66	-0.50	-32.90	-2.72	-1.58	47618	0.328	0.174	0.506	0.011	0.015	0.511
19.169	0.315	0.156	0.504	2.85	0.68	-0.52	-31.55	-2.49	-1.91	47784	0.329	0.172	0.506	0.011	0.015	0.511
19.179	0.316	0.151	0.504	2.58	0.70	-0.54	-29.32	-2.43	-1.63	47783	0.330	0.170	0.506	0.010	0.014	0.511
19.191	0.318	0.145	0.504	2.32	0.71	-0.57	-28.28	-1.71	-1.56	47777	0.331	0.167	0.506	0.009	0.013	0.511
19.199	0.319	0.143	0.504	2.04	0.73	-0.59	-26.86	-1.81	-1.54	47769	0.332	0.164	0.505	0.009	0.011	0.511
19.209	0.321	0.143	0.503	1.77	0.73	-0.61	-25.85	-1.26	-1.32	47767	0.333	0.162	0.505	0.008	0.010	0.511
19.222	0.322	0.139	0.503	1.54	0.74	-0.63	-25.08	-0.06	-1.38	47983	0.335	0.159	0.505	0.007	0.009	0.511
19.230	0.322	0.135	0.502	1.31	0.75	-0.64	-24.82	-0.38	-1.14	47988	0.336	0.156	0.505	0.007	0.008	0.510
19.241	0.323	0.137	0.502	1.03	0.75	-0.65	-24.52	1.66	-1.22	47982	0.337	0.154	0.504	0.006	0.008	0.510
19.251	0.326	0.129	0.502	0.85	0.73	-0.68	-24.87	0.65	-1.61	47966	0.338	0.150	0.504	0.005	0.006	0.510
19.262	0.327	0.132	0.502	0.57	0.72	-0.69	-24.57	0.88	-1.51	47893	0.339	0.148	0.504	0.005	0.006	0.510
19.271	0.327	0.123	0.502	0.39	0.72	-0.71	-24.41	0.52	-1.64	47882	0.340	0.145	0.504	0.004	0.005	0.510
19.282	0.328	0.127	0.502	0.10	0.70	-0.73	-24.94	-0.06	-1.35	47887	0.341	0.142	0.504	0.003	0.004	0.510
19.288	0.329	0.121	0.502	-0.11	0.69	-0.75	-25.33	0.34	-1.26	47883	0.342	0.139	0.504	0.003	0.003	0.510
19.298	0.329	0.120	0.500	-0.36	0.69	-0.76	-25.63	0.56	-0.85	48181	0.343	0.137	0.504	0.002	0.002	0.509
19.311	0.330	0.111	0.500	-0.55	0.68	-0.77	-24.13	-0.40	-0.94	48173	0.344	0.133	0.503	0.001	0.001	0.509
19.321	0.332	0.111	0.500	-0.80	0.68	-0.79	-22.82	-0.76	-0.80	48170	0.345	0.130	0.503	0.001	-0.000	0.509
19.329	0.334	0.107	0.500	-1.01	0.67	-0.80	-21.03	-1.34	-0.40	48180	0.346	0.127	0.503	-0.000	-0.001	0.509
19.340	0.334	0.106	0.501	-1.23	0.69	-0.81	-19.32	-1.97	0.09	48192	0.347	0.124	0.503	-0.001	-0.002	0.509
19.350	0.335	0.102	0.501	-1.41	0.70	-0.81	-16.80	-3.09	-0.12	47862	0.348	0.121	0.503	-0.001	-0.003	0.508
19.361	0.338	0.099	0.501	-1.57	0.71	-0.82	-14.57	-3.71	-0.04	47849	0.349	0.117	0.503	-0.002	-0.004	0.508
19.371	0.338	0.099	0.501	-1.73	0.75	-0.82	-12.89	-3.93	0.29	47850	0.351	0.115	0.503	-0.003	-0.005	0.508
19.381	0.339	0.093	0.501	-1.83	0.78	-0.82	-11.80	-3.38	0.63	47836	0.352	0.112	0.503	-0.003	-0.006	0.508
19.392	0.340	0.095	0.500	-1.98	0.81	-0.82	-10.50	-3.35	0.46	48064	0.353	0.109	0.503	-0.004	-0.006	0.508
19.397	0.341	0.091	0.500	-2.06	0.83	-0.81	-10.45	-2.05	0.15	48057	0.354	0.107	0.503	-0.005	-0.007	0.507
19.409	0.341	0.084	0.500	-2.12	0.86	-0.81	-10.58	-1.51	0.05	48048	0.355	0.103	0.503	-0.005	-0.008	0.507
19.418	0.343	0.087	0.500	-2.27	0.86	-0.81	-9.19	-0.06	0.36	48052	0.356	0.101	0.503	-0.006	-0.009	0.507
19.430	0.343	0.089	0.500	-2.39	0.87	-0.81	-9.92	0.01	-0.29	48053	0.357	0.099	0.503	-0.007	-0.009	0.507
19.438	0.342	0.091	0.500	-2.51	0.89	-0.80	-7.30	-0.96	0.23	47930	0.357	0.098	0.503	-0.007	-0.010	0.506
19.449	0.345	0.076	0.500	-2.46	0.87	-0.81	-7.52	0.54	-0.39	47920	0.358	0.095	0.503	-0.008	-0.011	0.506
19.459	0.346	0.078	0.500	-2.56	0.86	-0.82	-5.40	0.19	-0.01	47911	0.359	0.092	0.503	-0.009	-0.011	0.506
19.470	0.346	0.082	0.500	-2.66	0.86	-0.81	-4.09	-0.02	0.11	47897	0.360	0.091	0.503	-0.009	-0.012	0.506
19.480	0.349	0.076	0.500	-2.66	0.84	-0.82	-0.95	0.39	0.10	47870	0.361	0.088	0.503	-0.010	-0.012	0.506
19.490	0.351	0.066	0.500	-2.60	0.82	-0.83	-0.79	0.37	0.15	47868	0.362	0.085	0.503	-0.011	-0.013	0.505
19.501	0.351	0.067	0.500	-2.63	0.82	-0.82	2.04	-0.02	0.62	47858	0.363	0.083	0.503	-0.011	-0.014	0.505
19.511	0.352	0.066	0.500	-2.61	0.81	-0.82	2.21	0.03	0.27	47835	0.364	0.080	0.503	-0.012	-0.015	0.505
19.522	0.352	0.065	0.501	-2.59	0.82	-0.81	2.49	-0.59	0.02	47658	0.365	0.078	0.503	-0.013	-0.016	0.505
19.532	0.353	0.064	0.501	-2.57	0.82	-0.81	3.05	-0.55	-0.32	47652	0.366	0.076	0.504	-0.013	-0.016	0.504
19.542	0.354	0.064	0.501	-2.54	0.82	-0.82	4.56	-0.68	0.03	47654	0.367	0.074	0.504	-0.014	-0.017	0.504
19.547	0.356	0.064	0.501	-2.51	0.81	-0.82	4.24	-1.13	-0.04	47652	0.368	0.073	0.504	-0.015	-0.017	0.504
19.560	0.357	0.064	0.500	-2.47	0.82	-0.82	3.82	-1.84	-0.10	47645	0.369	0.072	0.504	-0.015	-0.018	0.504
19.570	0.357	0.063	0.500	-2.43	0.84	-0.82	3.39	-3.10	0.35	47785	0.370	0.071	0.504	-0.016	-0.018	0.503
19.580	0.357	0.065	0.500	-2.42	0.88	-0.81	3.44	-3.25	0.21	47791	0.370	0.070	0.504	-0.017	-0.018	0.503
19.589	0.358	0.065	0.500	-2.38	0.91	-0.80	3.73	-2.10	0.01	47803	0.371	0.069	0.504	-0.017	-0.018	0.503
19.599	0.358	0.065	0.500	-2.34	0.93	-0.80	3.51	-1.97	0.52	47809	0.372	0.068	0.504	-0.018	-0.019	0.502
19.610	0.363	0.063	0.500	-2.29	0.92	-0.80	6.26	-1.67	0.56	47828	0.373	0.068	0.504	-0.018	-0.019	0.502
19.622	0.365	0.063	0.500	-2.24	0.92	-0.79	6.23	-1.59	0.68	47824	0.374	0.067	0.504	-0.019	-0.019	0.502
19.630	0.365	0.063	0.500	-2.18	0.93	-0.79	6.65	-0.09	0.77	47824	0.376	0.066	0.504	-0.019	-0.019	0.502
19.641	0.366	0.062	0.500	-2.12	0.94	-0.78	8.38	-0.48	1.04	47834	0.377	0.066	0.504	-0.020	-0.019	0.501
19.651	0.368	0.062	0.500	-2.04	0.93	-0.77	8.09	-0.73	1.25	47848	0.378	0.065	0.504	-0.021	-0.020	0.501
19.661	0.369	0.060	0.500	-1.94	0.93	-0.76	8.49	-0.21	1.24	47860	0.379	0.065	0.504	-0.021	-0.020	0.501
19.671	0.370	0.059	0.500	-1.85	0.92	-0.74	8.68	-0.45	1.46	47857	0.380	0.064	0.504	-0.022	-0.020	0.500
19.682	0.371	0.058	0.500	-1.77	0.93	-0.73	9.34	-0.21	1.91	47864	0.382	0.063	0.504	-0.022	-0.020	0.500
19.690	0.371	0.056	0.500	-1.65	0.93	-0.71	9.49	0.39	1.59	47872	0.382	0.063	0.504	-0.023	-0.021	0.500
19.699	0.372	0.054	0.499	-1.55	0.92	-0.70	10.11	-0.45	1.40	48098	0.383	0.062	0.504	-0.023	-0.021	0.499
19.711	0.372	0.054	0.499	-1.45	0.92	-0.69	8.81	0.34	1.58	48109	0.384	0.061	0.504	-0.024	-0.022	0.499
19.718	0.376	0.053	0.499	-1.36	0.89	-0.67	7.92	0.76	1.64	48111	0.386	0.060	0.504	-0.024	-0.022	0.498
19.728	0.373	0.053	0.499	-1.28	0.90	-0.66	7.39	1.30	1.81	48120	0.386	0.059	0.504	-0.025	-0.022	0.498
19.739	0.376	0.058	0.498	-1.24	0.87	-0.64	6.25	0.90	1.55	48323	0.387	0.059	0.504	-0.026	-0.022	0.498
19.749	0.376	0.048	0.497	-1.10	0.86	-0.62	5.38	0.45	1.78	48335	0.388	0.058	0.503	-0.026	-0.023	0.497
19.760	0.376	0.050	0.497	-1.06	0.86	-0.60	4.43	0.58	1.46	48338	0.389	0.057	0.503	-0.027	-0.023	0.497
19.770	0.372	0.050	0.497	-1.02	0.89	-0.59	3.89	0.02	2.03	48339	0.389	0.057	0.503	-0.028	-0.024	0.496
19.781	0.382	0.051	0.496	-0.99	0.80	-0.57	2.74	0.40	1.90	48333	0.391	0.056	0.503	-0.028	-0.024	0.496
19.791	0.383	0.051	0.496	-0.96	0.80	-0.54	1.80	0.92	2.62	48559	0.392	0.056	0.503	-0.029	-0.024	0.495
19.797	0.383	0.050	0.496	-0.94	0.79	-0.52	1.32	0.94	2.66	48577	0.393	0.055	0.502	-0.029	-0.024	0.495
19.807	0.383	0.052	0.495	-0.94	0.78	-0.49	1.54	1.49	2.42	48575	0.394	0.055	0.502	-0.030	-0.024	0.494
19.818	0.383	0.053	0.495	-0.93	0.77	-0.47	2.63	1.50	1.91	48570	0.395	0.055	0.502	-0.030	-0.025	0.494
19.830	0.384	0.051	0.496	-0.89	0.75	-0.45	2.93	-0.14	2.16	48423	0.396	0.055	0.502	-0.031	-0.025	0.493
19.840	0.385	0.051	0.496	-0.87	0.74	-0.43	3.84	0.98	2.11	48414	0.397	0.054	0.502	-0.032	-0.025	0.493
19.850	0.386	0.050	0.496	-0.83	0.73	-0.41	4.51	-0.41	2.20	48403	0.398	0.054	0.502	-0.032	-0.025	0.492
19.858	0.390	0.050	0.496	-0.78	0.70	-0.39	5.03	-0.44	2.58	48401	0.399	0.054	0.502	-0.033	-0.025	0.492
19.866	0.389	0.048	0.495	-0.71	0.71	-0.36	5.81	-1.64	2.71	48393	0.400	0.053	0.502	-0.033	-0.026	0.491
19.880	0.390	0.048	0.495	-0.66	0.73	-0.34	6.52	-0.65	2.49	48400	0.401	0.053	0.502	-0.034	-0.026	0.491
19.890	0.391	0.047	0.495	-0.59	0.73	-0.31	6.39	-0.56	1.48	48374	0.402	0.052	0.502	-0.034	-0.026	0.490
19.900	0.391	0.045	0.495	-0.51	0.74	-0.29	7.04	-0.99	2.78	48362	0.403	0.052	0.502	-0.035	-0.026	0.490
19.910	0.392	0.048	0.495	-0.47	0.74	-0.27	5.92	-1.05	1.37	48354	0.403	0.052	0.502	-0.035	-0.027	0.489
19.919	0.392	0.052	0.495	-0.43	0.76	-0.25	6.81	-1.29	2.28	48335	0.404	0.052	0.502	-0.036	-0.027	0.489
19.929	0.391	0.050	0.495	-0.35	0.78	-0.23	6.02	-1.21	2.24	48311	0.405	0.052	0.502	-0.037	-0.027	0.488
19.939	0.394	0.052	0.495	-0.30	0.78	-0.20	5.40	-1.32	1.74	48296	0.405	0.052	0.502	-0.037	-0.027	0.488
19.950	0.394	0.052	0.495	-0.25	0.79	-0.18	5.24	-1.96	1.07	48289	0.406	0.052	0.502	-0.038	-0.027	0.487
19.960	0.396	0.051	0.494	-0.19	0.79	-0.17	4.75	-1.51	1.44	48278	0.407	0.052	0.502	-0.039	-0.027	0.486
19.971	0.390	0.056	0.494	-0.18	0.87	-0.16	4.66	-0.75	1.66	48396	0.407	0.053	0.502	-0.039	-0.027	0.486
19.980	0.396	0.056	0.494	-0.13	0.83	-0.14	4.23	-0.16	1.54	48379	0.408	0.054	0.502	-0.040	-0.027	0.485
19.991	0.396	0.057	0.494	-0.09	0.83	-0.12	3.54	0.16	1.59	48366	0.408	0.054	0.502	-0.041	-0.026	0.485
20.001	0.396	0.057	0.493	-0.06	0.83	-0.10	3.19	0.43	1.60	48348	0.409	0.055	0.502	-0.041	-0.026	0.484
20.008	0.404	0.057	0.493	-0.02	0.76	-0.08	3.39	1.60	1.82	48482	0.411	0.055	0.502	-0.042	-0.026	0.483
20.020	0.405	0.057	0.493	0.01	0.75	-0.07	4.05	2.37	2.30	48469	0.412	0.056	0.502	-0.042	-0.026	0.483
20.032	0.405	0.055	0.493	0.07	0.73	-0.04	4.05	2.54	2.63	48444	0.413	0.056	0.502	-0.042	-0.026	0.482
20.039	0.405	0.056	0.493	0.11	0.70	-0.02	4.69	2.44	2.10	48426	0.414	0.056	0.502	-0.043	-0.026	0.481
20.050	0.405	0.056	0.494	0.15	0.67	0.00	3.49	2.59	0.99	48276	0.415	0.057	0.502	-0.043	-0.026	0.481
20.058	0.406	0.054	0.494	0.20	0.65	0.02	3.60	2.16	1.96	48277	0.416	0.056	0.502	-0.044	-0.026	0.480
20.071	0.407	0.054	0.494	0.24	0.61	0.03	2.64	1.95	1.27	48267	0.417	0.056	0.502	-0.044	-0.027	0.479
20.079	0.407	0.054	0.494	0.27	0.59	0.05	2.73	1.05	1.54	48250	0.418	0.056	0.502	-0.045	-0.027	0.479
20.089	0.407	0.060	0.494	0.25	0.58	0.06	1.73	0.41	1.22	48234	0.418	0.057	0.502	-0.045	-0.026	0.478
20.099	0.410	0.056	0.494	0.30	0.56	0.08	0.18	0.16	1.19	48296	0.419	0.057	0.502	-0.046	-0.027	0.477
20.110	0.410	0.060	0.494	0.27	0.56	0.09	-0.61	-0.70	1.36	48294	0.420	0.058	0.503	-0.046	-0.026	0.477
20.120	0.412	0.056	0.494	0.30	0.55	0.10	-1.31	-0.82	1.19	48294	0.421	0.058	0.503	-0.047	-0.026	0.476
20.128	0.413	0.056	0.494	0.29	0.56	0.11	-2.04	-0.63	1.13	48278	0.422	0.058	0.503	-0.047	-0.027	0.475
20.140	0.413	0.056	0.491	0.27	0.56	0.13	-1.25	-1.35	1.76	48730	0.423	0.058	0.502	-0.048	-0.027	0.475
20.150	0.413	0.057	0.491	0.26	0.58	0.14	-2.13	-1.44	1.06	48718	0.424	0.058	0.502	-0.048	-0.027	0.474
20.161	0.416	0.061	0.491	0.20	0.57	0.16	-0.71	-1.39	1.74	48708	0.425	0.058	0.502	-0.049	-0.027	0.473
20.168	0.416	0.061	0.491	0.20	0.58	0.17	-0.33	-1.07	1.29	48706	0.426	0.059	0.502	-0.049	-0.026	0.472
20.179	0.416	0.057	0.488	0.23	0.59	0.18	1.58	-0.56	1.66	48701	0.426	0.059	0.501	-0.050	-0.027	0.471
20.189	0.416	0.061	0.488	0.21	0.60	0.20	1.88	-0.66	2.15	49277	0.427	0.059	0.500	-0.050	-0.026	0.470
20.202	0.417	0.062	0.487	0.22	0.60	0.22	1.10	0.24	1.70	49273	0.428	0.060	0.500	-0.051	-0.026	0.469
20.208	0.418	0.062	0.487	0.24	0.60	0.24	2.24	0.48	2.07	49279	0.428	0.060	0.500	-0.051	-0.026	0.468
20.220	0.418	0.063	0.487	0.25	0.60	0.26	1.48	-0.10	1.70	49286	0.429	0.061	0.499	-0.052	-0.026	0.467
20.229	0.418	0.063	0.486	0.27	0.60	0.27	1.62	-0.64	1.49	49345	0.430	0.061	0.499	-0.053	-0.026	0.466
20.239	0.422	0.063	0.486	0.28	0.57	0.29	1.31	0.08	1.42	49307	0.430	0.061	0.499	-0.053	-0.026	0.465
20.250	0.416	0.078	0.486	0.18	0.63	0.30	-0.06	-0.38	1.57	49274	0.431	0.064	0.499	-0.054	-0.025	0.464
20.260	0.416	0.078	0.486	0.18	0.63	0.32	-0.12	1.11	1.50	49258	0.431	0.066	0.498	-0.055	-0.025	0.463
20.267	0.417	0.079	0.478	0.18	0.63	0.33	-0.06	0.91	1.77	50629	0.431	0.067	0.497	-0.055	-0.024	0.462
20.277	0.418	0.078	0.478	0.19	0.60	0.35	0.57	0.94	1.60	50631	0.431	0.069	0.496	-0.056	-0.023	0.461
20.289	0.418	0.081	0.477	0.17	0.59	0.37	1.52	0.69	1.53	50622	0.431	0.070	0.495	-0.057	-0.023	0.459
20.297	0.417	0.079	0.477	0.20	0.60	0.38	2.33	1.21	1.51	50600	0.431	0.072	0.494	-0.057	-0.023	0.458
20.307	0.416	0.078	0.422	0.22	0.60	0.39	4.15	1.04	1.44	50577	0.431	0.073	0.485	-0.058	-0.022	0.453
20.321	0.418	0.077	0.419	0.27	0.58	0.41	6.40	0.07	1.35	60790	0.431	0.073	0.476	-0.059	-0.022	0.449
20.330	0.418	0.077	0.416	0.33	0.58	0.42	6.21	-0.17	1.24	60960	0.431	0.074	0.469	-0.059	-0.022	0.445
20.339	0.425	0.076	0.412	0.40	0.53	0.44	5.75	-0.36	1.10	61107	0.432	0.074	0.462	-0.060	-0.022	0.441
20.349	0.425	0.070	0.409	0.50	0.54	0.45	3.11	-1.23	1.71	61218	0.433	0.074	0.457	-0.060	-0.022	0.437
20.359	0.426	0.090	0.290	0.36	0.56	0.46	1.92	-1.25	1.22	65535	0.434	0.076	0.433	-0.061	-0.021	0.427
20.364	0.428	0.079	0.281	0.48	0.56	0.47	-2.41	-1.24	0.47	65535	0.435	0.077	0.412	-0.061	-0.021	0.417
20.380	0.427	0.083	0.272	0.43	0.59	0.48	-2.82	-1.96	1.11	65535	0.436	0.078	0.394	-0.061	-0.021	0.407
20.389	0.430	0.075	0.263	0.47	0.59	0.49	-5.19	-3.55	1.50	65535	0.437	0.077	0.377	-0.062	-0.021	0.399
20.400	0.432	0.082	0.191	0.36	0.61	0.51	-6.75	-3.77	2.00	65535	0.438	0.078	0.352	-0.062	-0.021	0.387
20.405	0.431	0.074	0.179	0.35	0.67	0.53	-6.73	-5.31	3.05	65535	0.439	0.078	0.330	-0.062	-0.021	0.375
20.416	0.429	0.073	0.167	0.30	0.73	0.55	-7.59	-5.09	3.43	65535	0.439	0.077	0.309	-0.063	-0.021	0.364
20.427	0.433	0.071	0.155	0.24	0.76	0.59	-8.26	-5.20	3.07	65535	0.440	0.077	0.291	-0.063	-0.022	0.354
20.436	0.430	0.082	0.121	0.06	0.84	0.61	-6.99	-4.38	2.83	65535	0.441	0.077	0.270	-0.064	-0.021	0.343
20.447	0.429	0.090	0.109	-0.07	0.89	0.64	-6.13	-3.59	2.93	65535	0.441	0.079	0.251	-0.065	-0.021	0.332
20.457	0.429	0.090	0.097	-0.13	0.92	0.67	-5.22	-3.12	3.20	65535	0.441	0.080	0.234	-0.065	-0.020	0.321
20.467	0.430	0.089	0.085	-0.16	0.95	0.70	-2.18	-2.89	3.53	65535	0.442	0.082	0.218	-0.066	-0.020	0.311
20.478	0.427	0.086	0.073	-0.15	1.01	0.74	-2.17	-1.98	3.00	65535	0.442	0.082	0.203	-0.066	-0.020	0.301
20.488	0.428	0.088	0.072	-0.20	1.03	0.77	-0.30	-1.50	3.04	65535	0.442	0.083	0.191	-0.067	-0.020	0.292
20.498	0.427	0.084	0.061	-0.15	1.05	0.80	1.13	-0.89	2.95	65535	0.442	0.083	0.180	-0.068	-0.020	0.283
20.509	0.428	0.084	0.051	-0.14	1.04	0.83	2.25	0.26	2.39	65535	0.442	0.084	0.169	-0.069	-0.020	0.274
20.520	0.431	0.081	0.041	-0.08	1.01	0.86	4.57	0.70	3.69	65535	0.442	0.083	0.159	-0.069	-0.020	0.265
20.530	0.429	0.082	0.056	-0.04	1.02	0.89	4.27	1.28	3.67	65535	0.442	0.083	0.154	-0.070	-0.020	0.258
20.540	0.431	0.078	0.048	0.07	0.97	0.92	2.85	3.97	1.64	65535	0.443	0.083	0.148	-0.070	-0.020	0.250
20.549	0.431	0.076	0.040	0.14	0.92	0.94	2.35	5.28	1.93	65535	0.443	0.082	0.143	-0.071	-0.020	0.243
20.556	0.432	0.074	0.033	0.20	0.87	0.96	0.08	3.95	2.70	65535	0.443	0.081	0.138	-0.072	-0.021	0.235
20.570	0.437	0.063	0.025	0.39	0.74	0.99	-0.95	5.18	2.05	65535	0.444	0.079	0.133	-0.072	-0.021	0.226
20.579	0.434	0.064	0.056	0.39	0.70	1.01	-3.06	3.50	2.22	65535	0.445	0.077	0.134	-0.072	-0.022	0.221
20.589	0.434	0.067	0.051	0.31	0.65	1.03	-5.27	2.79	1.71	65535	0.445	0.076	0.135	-0.073	-0.023	0.214
20.599	0.434	0.066	0.047	0.26	0.63	1.05	-7.68	0.57	2.07	65535	0.446	0.075	0.136	-0.074	-0.023	0.207
20.608	0.436	0.066	0.043	0.19	0.58	1.07	-10.21	0.13	1.11	65535	0.446	0.074	0.136	-0.074	-0.023	0.200
20.620	0.432	0.066	0.084	0.08	0.61	1.08	-12.91	-1.14	0.94	65535	0.446	0.073	0.144	-0.075	-0.024	0.196
20.629	0.432	0.066	0.083	-0.07	0.60	1.09	-14.97	-1.55	0.56	65535	0.446	0.072	0.151	-0.076	-0.024	0.191
20.637	0.432	0.066	0.082	-0.21	0.61	1.10	-15.72	-1.44	0.33	65535	0.446	0.071	0.157	-0.076	-0.024	0.185
20.647	0.432	0.066	0.081	-0.39	0.65	1.10	-16.27	-0.93	-0.28	65535	0.446	0.071	0.162	-0.077	-0.025	0.179
20.660	0.429	0.065	0.118	-0.54	0.71	1.10	-14.26	-0.17	-0.32	65535	0.446	0.070	0.173	-0.078	-0.025	0.175
20.671	0.429	0.065	0.120	-0.69	0.71	1.09	-12.60	0.79	-0.43	65535	0.445	0.069	0.184	-0.079	-0.025	0.170
20.680	0.429	0.065	0.122	-0.80	0.70	1.09	-9.97	2.63	-0.89	65535	0.445	0.069	0.193	-0.079	-0.025	0.164
20.688	0.428	0.064	0.125	-0.88	0.66	1.08	-6.88	4.85	-0.20	65200	0.444	0.068	0.202	-0.080	-0.025	0.158
20.698	0.428	0.064	0.128	-0.97	0.61	1.08	-5.16	5.76	-0.11	64422	0.444	0.068	0.210	-0.081	-0.026	0.152
20.709	0.426	0.063	0.167	-1.05	0.55	1.08	-1.55	6.77	-0.25	56849	0.444	0.067	0.225	-0.082	-0.026	0.148
20.719	0.425	0.063	0.173	-1.08	0.46	1.08	0.68	7.42	-0.16	55904	0.443	0.067	0.237	-0.083	-0.026	0.143
20.727	0.425	0.063	0.179	-1.06	0.39	1.07	4.38	6.92	0.26	54940	0.442	0.066	0.249	-0.084	-0.026	0.138
20.740	0.425	0.063	0.185	-1.02	0.32	1.07	6.65	7.66	-0.58	54021	0.442	0.066	0.260	-0.085	-0.026	0.132
20.750	0.423	0.061	0.222	-0.97	0.26	1.06	9.00	7.08	-1.04	53127	0.441	0.065	0.276	-0.086	-0.027	0.128
20.760	0.423	0.061	0.230	-0.87	0.19	1.05	8.27	6.20	-2.05	46368	0.440	0.065	0.290	-0.086	-0.027	0.123
20.769	0.422	0.061	0.239	-0.79	0.10	1.03	8.91	8.25	-2.24	45410	0.439	0.064	0.303	-0.087	-0.027	0.118
20.780	0.422	0.061	0.247	-0.70	0.01	1.01	8.41	9.13	-2.48	44485	0.439	0.064	0.315	-0.088	-0.027	0.113
20.789	0.422	0.062	0.256	-0.60	-0.07	0.99	8.10	9.27	-2.54	43621	0.438	0.064	0.327	-0.089	-0.027	0.108
20.796	0.420	0.060	0.292	-0.55	-0.16	0.96	7.44	9.52	-1.88	37963	0.437	0.064	0.342	-0.090	-0.027	0.104
20.807	0.420	0.061	0.302	-0.46	-0.27	0.94	6.76	9.49	-1.74	37120	0.436	0.063	0.356	-0.091	-0.027	0.100
20.819	0.419	0.061	0.313	-0.36	-0.38	0.93	6.65	10.35	-2.22	36331	0.435	0.063	0.369	-0.091	-0.028	0.096
20.826	0.419	0.061	0.323	-0.29	-0.48	0.91	5.17	10.33	-2.63	35605	0.435	0.063	0.381	-0.092	-0.028	0.091
20.838	0.418	0.061	0.349	-0.24	-0.59	0.88	3.85	10.04	-2.04	34947	0.434	0.063	0.395	-0.093	-0.028	0.088
20.848	0.418	0.061	0.360	-0.22	-0.69	0.86	4.24	9.20	-2.32	31509	0.433	0.063	0.408	-0.094	-0.028	0.084
20.859	0.417	0.061	0.371	-0.15	-0.80	0.84	5.21	9.97	-2.04	30908	0.432	0.062	0.420	-0.095	-0.028	0.080
20.869	0.416	0.061	0.383	-0.13	-0.94	0.82	6.66	8.52	-1.44	30372	0.431	0.062	0.431	-0.095	-0.028	0.077
20.880	0.416	0.061	0.394	-0.07	-1.02	0.81	6.79	6.86	-1.95	29908	0.430	0.062	0.442	-0.096	-0.028	0.073
20.890	0.416	0.058	0.417	-0.16	-1.07	0.76	7.32	6.73	-1.97	25187	0.430	0.062	0.455	-0.097	-0.028	0.070
20.898	0.416	0.058	0.429	-0.10	-1.14	0.73	8.72	5.92	-2.79	24765	0.429	0.061	0.466	-0.097	-0.028	0.067
20.909	0.416	0.058	0.440	-0.01	-1.20	0.71	9.49	6.93	-2.61	24421	0.428	0.061	0.477	-0.098	-0.029	0.065
20.919	0.416	0.058	0.452	0.08	-1.27	0.68	11.26	6.41	-2.63	24138	0.428	0.061	0.487	-0.099	-0.029	0.062
20.928	0.416	0.059	0.468	0.20	-1.33	0.66	12.15	6.60	-2.00	22891	0.427	0.061	0.498	-0.099	-0.029	0.060
20.938	0.416	0.059	0.480	0.31	-1.39	0.64	13.37	5.63	-2.31	22725	0.426	0.060	0.508	-0.100	-0.029	0.058
20.948	0.416	0.059	0.490	0.45	-1.44	0.61	14.77	4.85	-2.05	22616	0.426	0.060	0.517	-0.100	-0.029	0.055
20.959	0.416	0.060	0.501	0.62	-1.50	0.60	15.77	4.78	-2.44	22563	0.425	0.060	0.526	-0.101	-0.029	0.054
20.969	0.416	0.060	0.515	0.77	-1.55	0.57	16.52	4.78	-2.39	22567	0.425	0.060	0.536	-0.101	-0.029	0.052
20.980	0.416	0.060	0.526	0.92	-1.59	0.55	15.66	3.60	-2.54	21861	0.424	0.060	0.544	-0.102	-0.029	0.051
20.990	0.416	0.061	0.536	1.11	-1.63	0.53	14.96	3.17	-2.52	21962	0.424	0.061	0.553	-0.102	-0.029	0.049
20.998	0.416	0.061	0.545	1.26	-1.67	0.51	13.59	3.02	-2.75	22126	0.423	0.061	0.560	-0.102	-0.029	0.048
21.010	0.416	0.061	0.555	1.35	-1.69	0.47	11.43	2.05	-3.10	22338	0.423	0.061	0.568	-0.103	-0.029	0.047
21.019	0.416	0.061	0.565	1.47	-1.71	0.44	9.89	1.32	-2.81	22351	0.423	0.061	0.575	-0.103	-0.029	0.046
21.029	0.416	0.062	0.574	1.57	-1.73	0.41	6.71	0.32	-2.97	22632	0.422	0.061	0.582	-0.103	-0.029	0.046
21.040	0.416	0.062	0.582	1.64	-1.73	0.38	5.08	-1.29	-2.68	22982	0.422	0.061	0.588	-0.104	-0.029	0.045
21.048	0.416	0.062	0.590	1.69	-1.74	0.35	2.21	-1.35	-2.99	23362	0.422	0.061	0.594	-0.104	-0.029	0.045
21.057	0.416	0.062	0.590	1.72	-1.72	0.32	0.38	-2.89	-2.98	23773	0.422	0.061	0.599	-0.104	-0.029	0.044
21.071	0.416	0.062	0.597	1.72	-1.69	0.29	-1.81	-4.37	-3.35	25562	0.421	0.061	0.603	-0.105	-0.029	0.044
21.080	0.416	0.062	0.603	1.70	-1.65	0.26	-2.82	-4.79	-2.93	26059	0.421	0.061	0.607	-0.105	-0.029	0.044
21.090	0.417	0.062	0.609	1.68	-1.61	0.22	-3.73	-5.51	-2.98	26589	0.421	0.061	0.610	-0.105	-0.028	0.044
21.100	0.417	0.062	0.615	1.64	-1.55	0.19	-5.33	-6.99	-3.18	25036	0.421	0.061	0.614	-0.105	-0.028	0.044
21.112	0.417	0.063	0.617	1.58	-1.50	0.16	-6.11	-7.72	-3.37	26135	0.421	0.061	0.616	-0.105	-0.028	0.044
21.117	0.417	0.063	0.621	1.52	-1.41	0.12	-5.92	-8.55	-2.72	26719	0.421	0.062	0.619	-0.106	-0.028	0.044
21.129	0.418	0.063	0.625	1.46	-1.37	0.09	-5.81	-9.17	-2.54	27325	0.421	0.062	0.621	-0.106	-0.028	0.044
21.139	0.418	0.063	0.629	1.40	-1.28	0.06	-5.70	-10.06	-2.63	27952	0.421	0.062	0.623	-0.106	-0.028	0.045
21.149	0.418	0.063	0.630	1.34	-1.20	0.03	-4.99	-10.43	-2.58	29141	0.421	0.062	0.624	-0.106	-0.028	0.045
21.159	0.419	0.063	0.632	1.28	-1.08	0.00	-4.94	-10.54	-2.02	29794	0.421	0.062	0.624	-0.106	-0.028	0.046
21.169	0.419	0.063	0.635	1.23	-0.99	-0.02	-4.15	-10.30	-2.72	30461	0.421	0.062	0.625	-0.106	-0.028	0.046
21.178	0.420	0.063	0.637	1.19	-0.88	-0.05	-3.42	-11.27	-2.01	31143	0.421	0.062	0.626	-0.106	-0.028	0.047
21.189	0.420	0.063	0.640	1.16	-0.77	-0.07	-2.08	-10.95	-2.18	31840	0.421	0.062	0.626	-0.106	-0.028	0.048
21.197	0.420	0.063	0.642	1.13	-0.65	-0.09	-1.79	-10.75	-1.88	32238	0.421	0.062	0.626	-0.106	-0.028	0.050
21.208	0.421	0.063	0.643	1.09	-0.56	-0.12	-1.99	-10.92	-2.08	32935	0.421	0.062	0.626	-0.106	-0.028	0.051
21.219	0.422	0.063	0.644	1.07	-0.47	-0.14	-2.08	-10.87	-2.05	33628	0.422	0.062	0.626	-0.106	-0.028	0.052
21.229	0.422	0.063	0.644	1.05	-0.36	-0.17	-2.66	-10.42	-2.10	34320	0.422	0.062	0.625	-0.106	-0.028	0.054
21.240	0.423	0.063	0.642	1.03	-0.26	-0.19	-3.01	-10.19	-1.78	35360	0.422	0.062	0.624	-0.106	-0.028	0.055
21.252	0.423	0.063	0.642	1.00	-0.16	-0.21	-3.49	-9.87	-1.01	36042	0.423	0.061	0.622	-0.106	-0.028	0.057
21.262	0.424	0.063	0.641	0.97	-0.05	-0.22	-4.46	-9.65	-1.29	36725	0.423	0.061	0.621	-0.106	-0.028	0.058
21.270	0.424	0.062	0.640	0.93	0.05	-0.23	-5.86	-9.43	-1.22	37402	0.423	0.061	0.619	-0.106	-0.027	0.060
21.280	0.425	0.062	0.637	0.87	0.14	-0.24	-6.74	-9.98	-0.60	38070	0.424	0.061	0.616	-0.106	-0.027	0.061
21.288	0.425	0.062	0.635	0.81	0.24	-0.25	-8.36	-9.65	-1.29	39097	0.424	0.061	0.614	-0.106	-0.027	0.063
21.298	0.426	0.062	0.633	0.73	0.35	-0.26	-9.64	-10.43	-0.94	39739	0.425	0.061	0.611	-0.106	-0.027	0.065
21.306	0.426	0.062	0.631	0.64	0.45	-0.27	-9.55	-9.71	-0.84	38248	0.425	0.061	0.609	-0.106	-0.027	0.066
21.319	0.428	0.062	0.626	0.53	0.48	-0.30	-9.95	-10.42	-0.40	38864	0.426	0.061	0.605	-0.106	-0.027	0.068
21.329	0.428	0.062	0.623	0.43	0.58	-0.30	-10.02	-10.26	-1.04	40023	0.426	0.061	0.601	-0.106	-0.027	0.070
21.337	0.429	0.062	0.620	0.32	0.69	-0.31	-10.11	-9.88	-0.48	40614	0.427	0.061	0.598	-0.106	-0.027	0.071
21.348	0.429	0.062	0.617	0.23	0.79	-0.32	-9.82	-10.07	-0.85	41194	0.427	0.061	0.594	-0.106	-0.027	0.073
21.360	0.430	0.062	0.614	0.12	0.89	-0.33	-8.57	-9.84	-0.55	41769	0.428	0.060	0.590	-0.106	-0.027	0.075
21.368	0.430	0.062	0.609	0.03	0.99	-0.33	-7.82	-9.30	-0.68	42481	0.428	0.060	0.586	-0.105	-0.027	0.077
21.378	0.431	0.062	0.605	-0.04	1.09	-0.34	-6.63	-8.86	-0.73	43029	0.429	0.060	0.581	-0.105	-0.027	0.078
21.389	0.432	0.061	0.601	-0.10	1.14	-0.35	-4.73	-8.11	-0.40	43562	0.430	0.060	0.577	-0.105	-0.027	0.080
21.398	0.433	0.061	0.597	-0.15	1.20	-0.35	-3.65	-7.74	-0.34	44084	0.430	0.060	0.573	-0.105	-0.027	0.082
21.410	0.434	0.061	0.592	-0.18	1.29	-0.35	-2.34	-7.26	-0.63	44595	0.431	0.060	0.568	-0.105	-0.026	0.084
21.420	0.434	0.060	0.588	-0.19	1.36	-0.35	-1.75	-7.43	-0.47	45224	0.432	0.060	0.563	-0.105	-0.026	0.086
21.428	0.434	0.061	0.583	-0.24	1.44	-0.36	-1.32	-6.54	-1.13	45712	0.432	0.060	0.559	-0.105	-0.026	0.088
21.436	0.435	0.061	0.578	-0.25	1.49	-0.38	-1.40	-5.28	-1.36	46168	0.433	0.059	0.554	-0.105	-0.026	0.089
21.446	0.436	0.061	0.574	-0.25	1.55	-0.39	-1.24	-5.70	-1.38	46616	0.434	0.059	0.549	-0.105	-0.026	0.091
21.456	0.436	0.061	0.565	-0.26	1.60	-0.40	-0.29	-5.13	-1.53	47646	0.434	0.059	0.544	-0.104	-0.026	0.093
21.467	0.437	0.061	0.560	-0.27	1.64	-0.41	-0.74	-4.02	-1.51	48068	0.435	0.059	0.538	-0.104	-0.026	0.095
21.477	0.437	0.060	0.555	-0.28	1.69	-0.43	-2.02	-4.62	-1.38	48483	0.436	0.059	0.533	-0.104	-0.026	0.096
21.488	0.438	0.061	0.550	-0.31	1.73	-0.45	-1.54	-3.40	-0.85	48865	0.436	0.059	0.528	-0.104	-0.026	0.098
21.499	0.438	0.061	0.547	-0.32	1.77	-0.46	-1.43	-3.46	-0.69	49225	0.437	0.059	0.523	-0.104	-0.026	0.100
21.509	0.438	0.061	0.541	-0.34	1.80	-0.46	-1.24	-3.31	-0.94	47076	0.438	0.059	0.518	-0.104	-0.026	0.101
21.519	0.440	0.061	0.536	-0.37	1.81	-0.48	-1.68	-1.75	-1.49	47368	0.438	0.059	0.513	-0.104	-0.026	0.103
21.528	0.440	0.061	0.531	-0.38	1.83	-0.49	-0.68	-1.35	-0.18	47644	0.439	0.059	0.508	-0.104	-0.026	0.105
21.539	0.441	0.063	0.524	-0.43	1.82	-0.50	-0.17	-1.02	-0.14	47932	0.440	0.059	0.503	-0.104	-0.025	0.106
21.549	0.442	0.063	0.519	-0.44	1.83	-0.50	-0.78	-0.20	-0.98	48443	0.441	0.059	0.498	-0.104	-0.025	0.108
21.559	0.441	0.062	0.513	-0.42	1.85	-0.50	-0.27	1.22	-0.49	48705	0.441	0.059	0.493	-0.104	-0.025	0.110
21.569	0.444	0.063	0.508	-0.44	1.79	-0.51	-0.48	0.36	-0.19	48955	0.442	0.060	0.487	-0.104	-0.025	0.111
21.574	0.445	0.063	0.502	-0.45	1.77	-0.52	-0.75	1.25	0.33	49191	0.443	0.060	0.482	-0.104	-0.025	0.113
21.590	0.446	0.063	0.499	-0.46	1.73	-0.51	-0.37	0.68	0.04	49038	0.444	0.060	0.477	-0.104	-0.025	0.114
21.600	0.446	0.063	0.494	-0.47	1.73	-0.51	0.39	0.84	0.15	49238	0.445	0.060	0.473	-0.104	-0.024	0.116
21.605	0.447	0.064	0.488	-0.47	1.71	-0.51	0.65	-0.14	-0.37	49436	0.446	0.061	0.468	-0.103	-0.024	0.117
21.620	0.447	0.064	0.483	-0.46	1.70	-0.52	2.54	-1.15	-0.36	49638	0.446	0.061	0.463	-0.103	-0.024	0.119
21.629	0.445	0.066	0.477	-0.48	1.76	-0.52	2.59	-2.67	0.09	49827	0.447	0.061	0.458	-0.104	-0.024	0.120
21.640	0.446	0.066	0.472	-0.45	1.77	-0.52	3.12	-2.14	-0.04	50109	0.448	0.062	0.453	-0.104	-0.024	0.122
21.648	0.447	0.066	0.467	-0.42	1.78	-0.52	3.45	-1.73	0.42	50269	0.448	0.062	0.448	-0.104	-0.023	0.123
21.656	0.448	0.066	0.461	-0.38	1.79	-0.52	3.49	-0.35	0.43	50423	0.449	0.062	0.443	-0.104	-0.023	0.125
21.669	0.448	0.066	0.456	-0.34	1.79	-0.51	3.48	1.04	0.83	50562	0.450	0.063	0.438	-0.104	-0.023	0.126
21.679	0.449	0.066	0.451	-0.31	1.78	-0.51	3.06	3.72	0.05	50645	0.450	0.063	0.434	-0.104	-0.023	0.127
21.689	0.448	0.066	0.446	-0.27	1.75	-0.50	4.58	5.15	1.44	50766	0.451	0.063	0.429	-0.104	-0.023	0.129
21.698	0.447	0.066	0.441	-0.22	1.72	-0.49	4.23	6.73	0.54	50869	0.451	0.064	0.425	-0.104	-0.023	0.130
21.710	0.449	0.067	0.436	-0.19	1.62	-0.48	3.57	7.01	0.42	50962	0.452	0.064	0.420	-0.104	-0.023	0.131
21.719	0.450	0.066	0.433	-0.14	1.54	-0.48	4.03	8.47	0.08	51052	0.452	0.064	0.416	-0.104	-0.022	0.132
21.730	0.443	0.073	0.428	-0.20	1.55	-0.48	3.86	9.09	0.49	48745	0.452	0.065	0.412	-0.105	-0.022	0.134
21.739	0.444	0.075	0.423	-0.20	1.45	-0.47	3.11	8.36	1.38	48791	0.452	0.066	0.407	-0.105	-0.022	0.135
21.749	0.444	0.076	0.419	-0.16	1.36	-0.46	3.40	8.42	1.25	48832	0.452	0.067	0.403	-0.106	-0.021	0.136
21.756	0.444	0.077	0.414	-0.13	1.28	-0.45	5.51	9.15	1.14	48872	0.451	0.068	0.399	-0.106	-0.021	0.137
21.768	0.443	0.076	0.409	-0.07	1.20	-0.44	6.60	8.36	1.41	49072	0.451	0.069	0.395	-0.106	-0.020	0.138
21.780	0.442	0.077	0.404	-0.00	1.11	-0.42	6.51	9.42	1.16	49110	0.451	0.070	0.390	-0.107	-0.020	0.139
21.790	0.449	0.076	0.400	0.08	0.91	-0.41	9.02	8.00	1.53	49156	0.451	0.071	0.386	-0.107	-0.020	0.140
21.800	0.449	0.076	0.396	0.16	0.83	-0.40	8.99	7.80	1.68	49211	0.452	0.072	0.382	-0.107	-0.020	0.141
21.810	0.443	0.075	0.393	0.26	0.84	-0.38	9.06	7.78	2.20	48930	0.452	0.072	0.378	-0.108	-0.019	0.143
21.820	0.442	0.076	0.389	0.35	0.76	-0.36	9.51	7.51	1.95	48986	0.451	0.073	0.374	-0.108	-0.019	0.144
21.830	0.442	0.087	0.385	0.29	0.68	-0.34	8.40	7.19	1.86	49030	0.451	0.074	0.370	-0.108	-0.019	0.145
21.839	0.442	0.087	0.381	0.40	0.61	-0.32	7.20	7.13	2.68	49076	0.450	0.076	0.366	-0.109	-0.018	0.146
21.848	0.443	0.086	0.377	0.49	0.51	-0.29	6.14	6.15	2.25	49114	0.450	0.077	0.362	-0.109	-0.018	0.147
21.859	0.443	0.086	0.373	0.57	0.44	-0.27	5.46	6.15	1.68	49161	0.450	0.078	0.359	-0.110	-0.017	0.148
21.869	0.444	0.086	0.369	0.62	0.37	-0.25	5.29	6.28	1.71	49217	0.450	0.079	0.355	-0.110	-0.017	0.149
21.879	0.441	0.085	0.365	0.69	0.33	-0.23	4.79	6.07	1.72	49258	0.450	0.080	0.351	-0.110	-0.017	0.150
21.890	0.444	0.085	0.362	0.74	0.23	-0.22	3.44	6.25	1.96	49300	0.450	0.081	0.348	-0.111	-0.016	0.152
21.898	0.445	0.086	0.358	0.78	0.15	-0.20	2.56	6.57	1.97	49327	0.450	0.081	0.344	-0.111	-0.016	0.153
21.909	0.443	0.086	0.354	0.82	0.11	-0.18	1.65	6.13	2.10	49369	0.450	0.082	0.340	-0.111	-0.016	0.154
21.916	0.452	0.085	0.351	0.85	-0.07	-0.16	1.46	5.53	2.10	49406	0.450	0.082	0.337	-0.111	-0.016	0.155
21.929	0.445	0.088	0.347	0.84	-0.05	-0.13	0.61	4.83	1.91	47412	0.450	0.083	0.334	-0.111	-0.016	0.156
21.937	0.445	0.086	0.344	0.87	-0.09	-0.11	0.28	3.53	1.50	47448	0.450	0.083	0.330	-0.112	-0.015	0.157
21.949	0.448	0.089	0.341	0.85	-0.17	-0.10	0.13	2.18	1.63	47382	0.451	0.084	0.327	-0.112	-0.015	0.158
21.958	0.445	0.094	0.337	0.80	-0.17	-0.08	0.39	0.51	1.48	47398	0.451	0.085	0.324	-0.112	-0.015	0.159
21.968	0.448	0.095	0.334	0.80	-0.21	-0.07	0.70	-1.26	1.65	47428	0.451	0.086	0.320	-0.112	-0.014	0.160
21.979	0.446	0.094	0.330	0.81	-0.18	-0.05	0.99	-2.35	2.03	47460	0.451	0.087	0.317	-0.112	-0.014	0.161
21.989	0.446	0.098	0.326	0.78	-0.16	-0.04	1.52	-2.77	2.07	47716	0.451	0.089	0.313	-0.113	-0.013	0.162
22.001	0.447	0.098	0.323	0.80	-0.15	-0.02	2.40	-4.10	2.08	47783	0.451	0.090	0.310	-0.113	-0.013	0.163
22.005	0.447	0.098	0.320	0.82	-0.11	-0.00	3.59	-4.11	1.58	47844	0.451	0.091	0.306	-0.113	-0.013	0.164
22.015	0.447	0.098	0.317	0.87	-0.08	0.02	3.62	-3.31	2.06	47906	0.451	0.092	0.303	-0.113	-0.012	0.165
22.033	0.447	0.098	0.315	0.91	-0.04	0.04	4.45	-2.48	1.70	47794	0.451	0.092	0.300	-0.113	-0.012	0.166
22.041	0.447	0.099	0.311	0.95	-0.01	0.05	4.38	-2.31	1.97	47865	0.451	0.093	0.297	-0.114	-0.012	0.167
22.049	0.448	0.098	0.308	1.00	-0.00	0.07	4.20	-1.46	2.09	47930	0.451	0.094	0.294	-0.114	-0.012	0.168
22.058	0.448	0.098	0.305	1.05	0.02	0.09	3.70	-0.16	1.97	48009	0.451	0.094	0.290	-0.114	-0.011	0.170
22.069	0.445	0.109	0.302	0.97	0.06	0.11	1.61	0.65	1.99	48086	0.451	0.096	0.287	-0.114	-0.011	0.171
22.079	0.454	0.109	0.298	1.00	-0.05	0.13	0.79	0.88	1.80	48269	0.452	0.097	0.284	-0.114	-0.010	0.172
22.089	0.452	0.112	0.295	0.99	-0.03	0.15	-0.02	0.96	1.89	48362	0.452	0.099	0.281	-0.114	-0.009	0.173
22.098	0.454	0.110	0.292	1.01	-0.07	0.16	-1.06	1.13	1.62	48445	0.453	0.100	0.278	-0.114	-0.009	0.174
22.109	0.453	0.111	0.289	0.99	-0.07	0.18	-0.74	0.61	1.43	48518	0.453	0.102	0.275	-0.114	-0.008	0.175
22.119	0.453	0.112	0.287	0.98	-0.08	0.20	-0.18	-0.56	1.55	48560	0.453	0.103	0.272	-0.114	-0.008	0.176
22.129	0.453	0.112	0.284	0.98	-0.08	0.21	-0.11	-0.57	1.93	46583	0.454	0.104	0.269	-0.114	-0.008	0.177
22.140	0.454	0.104	0.281	1.08	-0.08	0.24	0.54	-2.03	1.92	46645	0.454	0.104	0.266	-0.114	-0.008	0.178
22.149	0.454	0.109	0.278	1.03	-0.06	0.25	1.55	-2.70	2.18	46697	0.454	0.104	0.263	-0.114	-0.007	0.179
22.157	0.454	0.111	0.277	1.03	-0.04	0.27	1.99	-3.42	2.83	46750	0.455	0.105	0.261	-0.114	-0.007	0.181
22.171	0.453	0.111	0.274	1.05	0.01	0.30	2.04	-4.42	1.70	46455	0.455	0.106	0.258	-0.114	-0.007	0.182
22.178	0.453	0.111	0.272	1.07	0.05	0.32	1.29	-4.31	1.57	46527	0.455	0.106	0.256	-0.114	-0.007	0.183
22.188	0.454	0.111	0.269	1.09	0.09	0.33	0.03	-4.54	1.39	46606	0.455	0.107	0.253	-0.114	-0.006	0.184
22.197	0.453	0.112	0.267	1.08	0.14	0.35	-1.80	-3.94	1.46	46694	0.455	0.107	0.250	-0.114	-0.006	0.186
22.208	0.453	0.112	0.264	1.07	0.18	0.36	-2.98	-3.53	1.55	46743	0.455	0.108	0.247	-0.115	-0.006	0.187
22.219	0.450	0.112	0.261	1.04	0.25	0.38	-3.88	-2.67	1.29	46855	0.455	0.108	0.245	-0.115	-0.006	0.188
22.230	0.453	0.113	0.259	1.00	0.25	0.39	-4.56	-1.72	1.04	46963	0.455	0.109	0.242	-0.115	-0.005	0.189
22.238	0.453	0.110	0.256	0.99	0.26	0.40	-3.88	-0.30	0.97	47065	0.455	0.108	0.239	-0.115	-0.005	0.191
22.248	0.451	0.112	0.253	0.93	0.29	0.41	-3.26	-0.18	0.58	47251	0.454	0.109	0.237	-0.115	-0.005	0.192
22.258	0.451	0.111	0.250	0.90	0.30	0.42	-3.87	0.29	0.60	47367	0.454	0.109	0.234	-0.115	-0.005	0.193
22.267	0.448	0.107	0.248	0.90	0.33	0.43	-4.31	1.28	0.31	47486	0.454	0.108	0.231	-0.116	-0.005	0.194
22.279	0.452	0.111	0.245	0.83	0.26	0.43	-3.86	2.46	0.40	47601	0.454	0.109	0.228	-0.116	-0.005	0.196
22.289	0.453	0.105	0.243	0.86	0.23	0.44	-3.52	3.22	0.33	47700	0.454	0.108	0.226	-0.116	-0.005	0.197
22.299	0.453	0.112	0.240	0.76	0.20	0.44	-3.35	3.60	0.53	47657	0.454	0.108	0.223	-0.116	-0.005	0.198
22.310	0.454	0.114	0.238	0.70	0.14	0.44	-3.37	3.09	0.86	47781	0.454	0.109	0.221	-0.116	-0.005	0.200
22.320	0.455	0.109	0.235	0.71	0.11	0.45	-4.34	2.92	0.80	47893	0.454	0.108	0.218	-0.116	-0.005	0.201
22.328	0.454	0.108	0.232	0.69	0.09	0.46	-3.95	1.68	0.90	47986	0.454	0.108	0.216	-0.116	-0.005	0.202
22.338	0.455	0.108	0.230	0.64	0.06	0.46	-4.04	1.09	1.12	46025	0.455	0.108	0.213	-0.116	-0.005	0.203
22.348	0.454	0.108	0.227	0.59	0.06	0.47	-4.69	-0.27	0.56	46116	0.455	0.108	0.210	-0.116	-0.005	0.205
22.359	0.454	0.108	0.224	0.54	0.06	0.48	-6.12	-1.46	1.52	46196	0.455	0.107	0.208	-0.116	-0.005	0.206
22.369	0.454	0.113	0.222	0.43	0.08	0.49	-5.45	-3.59	1.48	46284	0.455	0.108	0.205	-0.116	-0.004	0.207
22.377	0.455	0.088	0.221	0.66	0.10	0.51	-4.50	-2.61	2.25	46391	0.455	0.105	0.203	-0.116	-0.005	0.209
22.390	0.451	0.089	0.218	0.61	0.18	0.54	-4.52	-2.69	2.19	46200	0.454	0.103	0.200	-0.116	-0.006	0.210
22.399	0.451	0.088	0.216	0.56	0.20	0.56	-5.31	-2.57	2.16	46299	0.454	0.101	0.198	-0.116	-0.007	0.211
22.408	0.458	0.086	0.213	0.52	0.14	0.57	-6.43	-2.46	2.13	46403	0.455	0.098	0.195	-0.116	-0.007	0.213
22.417	0.458	0.087	0.209	0.45	0.17	0.59	-7.34	-1.46	1.76	46532	0.455	0.097	0.192	-0.116	-0.008	0.214
22.426	0.456	0.088	0.207	0.35	0.21	0.61	-8.52	-1.27	1.99	46965	0.455	0.095	0.190	-0.116	-0.008	0.215
22.439	0.456	0.089	0.204	0.26	0.22	0.63	-10.20	-1.12	2.14	47091	0.455	0.094	0.187	-0.116	-0.008	0.217
22.448	0.456	0.088	0.201	0.16	0.23	0.65	-11.46	-1.15	2.95	47220	0.455	0.093	0.184	-0.116	-0.009	0.218
22.460	0.456	0.087	0.199	0.04	0.24	0.68	-12.86	-1.14	3.27	47363	0.456	0.092	0.181	-0.116	-0.009	0.219
22.469	0.456	0.087	0.198	-0.08	0.25	0.71	-14.05	-1.00	2.66	47163	0.456	0.091	0.179	-0.116	-0.009	0.221
22.481	0.458	0.080	0.195	-0.13	0.24	0.74	-16.24	-0.59	2.23	47283	0.456	0.089	0.177	-0.116	-0.009	0.222
22.492	0.459	0.081	0.193	-0.32	0.24	0.76	-13.18	-0.24	2.04	47417	0.456	0.087	0.174	-0.115	-0.010	0.223
22.499	0.455	0.082	0.190	-0.48	0.29	0.78	-13.01	0.48	2.00	47536	0.456	0.086	0.172	-0.115	-0.010	0.225
22.509	0.458	0.081	0.187	-0.61	0.24	0.80	-12.33	0.66	1.70	47652	0.456	0.085	0.169	-0.115	-0.010	0.226
22.519	0.458	0.082	0.185	-0.75	0.23	0.82	-11.56	1.83	1.54	47824	0.457	0.084	0.167	-0.115	-0.010	0.228
22.531	0.459	0.083	0.182	-0.90	0.20	0.83	-10.15	2.04	1.75	47954	0.457	0.084	0.164	-0.115	-0.010	0.229
22.546	0.459	0.083	0.180	-1.00	0.18	0.85	-8.90	1.19	1.91	48094	0.457	0.083	0.162	-0.115	-0.010	0.230
22.550	0.458	0.083	0.177	-1.09	0.17	0.87	-6.68	1.41	2.09	46120	0.457	0.082	0.159	-0.115	-0.010	0.232
22.559	0.458	0.082	0.171	-1.16	0.16	0.89	-3.97	0.70	1.89	46837	0.457	0.082	0.156	-0.115	-0.010	0.233
22.570	0.460	0.083	0.168	-1.21	0.12	0.91	-1.27	0.10	2.31	46964	0.458	0.082	0.153	-0.115	-0.010	0.234
22.580	0.458	0.082	0.165	-1.23	0.15	0.93	1.08	-0.60	2.20	47088	0.458	0.081	0.150	-0.115	-0.010	0.235
22.588	0.458	0.082	0.163	-1.22	0.15	0.96	3.76	-1.82	2.23	47220	0.458	0.081	0.147	-0.115	-0.010	0.236
22.596	0.456	0.083	0.157	-1.20	0.21	0.98	6.01	-2.45	2.65	47360	0.458	0.081	0.144	-0.115	-0.010	0.237
22.609	0.456	0.083	0.154	-1.14	0.24	1.00	6.68	-2.71	3.44	48031	0.457	0.081	0.140	-0.115	-0.010	0.238
22.618	0.457	0.082	0.151	-1.08	0.24	1.04	6.73	-2.74	3.65	48178	0.457	0.080	0.137	-0.115	-0.010	0.239
22.629	0.460	0.083	0.148	-1.03	0.22	1.08	2.69	-2.26	3.25	48341	0.457	0.080	0.134	-0.115	-0.010	0.240
22.640	0.457	0.083	0.145	-1.01	0.29	1.10	1.00	-1.16	4.13	48511	0.457	0.081	0.131	-0.115	-0.010	0.241
22.649	0.461	0.083	0.142	-0.99	0.24	1.15	-1.51	1.00	4.08	48670	0.458	0.080	0.128	-0.115	-0.009	0.243
22.657	0.456	0.084	0.139	-1.02	0.32	1.18	-2.96	3.84	4.73	48813	0.457	0.081	0.125	-0.115	-0.009	0.244
22.668	0.462	0.084	0.136	-1.06	0.17	1.24	-4.61	6.12	5.25	48977	0.458	0.081	0.122	-0.115	-0.009	0.245
22.678	0.457	0.090	0.133	-1.21	0.19	1.28	-5.89	9.09	5.45	49140	0.458	0.082	0.119	-0.115	-0.009	0.246
22.690	0.461	0.081	0.129	-1.11	0.02	1.35	-6.95	10.52	5.44	49513	0.458	0.081	0.116	-0.114	-0.009	0.247
22.696	0.458	0.080	0.126	-1.16	-0.02	1.39	-4.08	9.94	6.17	49633	0.458	0.081	0.113	-0.114	-0.009	0.248
22.707	0.462	0.088	0.123	-1.37	-0.20	1.46	-1.96	7.57	6.94	49771	0.458	0.082	0.110	-0.114	-0.008	0.249
22.718	0.463	0.090	0.120	-1.43	-0.30	1.53	0.77	4.18	7.33	49908	0.459	0.083	0.107	-0.114	-0.008	0.250
22.729	0.463	0.081	0.119	-1.23	-0.34	1.61	3.47	-0.47	7.48	50021	0.459	0.082	0.105	-0.114	-0.008	0.251
22.738	0.465	0.078	0.116	-1.11	-0.37	1.69	6.47	-4.13	7.91	49692	0.460	0.082	0.102	-0.114	-0.008	0.252
22.749	0.464	0.078	0.113	-1.05	-0.32	1.77	9.76	-8.41	8.84	49795	0.460	0.081	0.100	-0.113	-0.008	0.253
