t	x	y	z	roll	pitch	yaw	g_x	g_y	g_z	thrust	eso_x	eso_y	eso_z	dist_x	dist_y	dist_z
0.021	-0.296	-0.132	0.000	-1.66	1.98	1.94	0.11	-0.29	0.13	0	-0.296	-0.132	0.000	-0.000	-0.000	0.000
0.028	-0.296	-0.132	0.000	-1.69	2.00	1.94	0.11	-0.05	-0.01	0	-0.296	-0.132	-0.001	-0.000	0.000	0.000
0.038	-0.296	-0.129	0.000	-1.79	1.98	1.93	-0.08	-0.08	0.07	0	-0.296	-0.132	-0.002	-0.000	0.000	0.000
0.047	-0.296	-0.132	0.000	-1.67	1.98	1.93	-0.07	-0.05	-0.11	0	-0.296	-0.132	-0.004	-0.000	0.000	0.001
0.056	-0.296	-0.132	0.000	-1.67	1.98	1.93	-0.14	-0.24	-0.09	0	-0.296	-0.132	-0.007	-0.000	0.000	0.001
0.070	-0.296	-0.131	0.000	-1.72	1.99	1.93	-0.15	-0.12	-0.09	0	-0.296	-0.132	-0.010	-0.000	0.000	0.002
0.080	-0.296	-0.131	0.000	-1.72	2.00	1.93	0.08	0.12	0.26	0	-0.296	-0.132	-0.013	-0.000	0.000	0.003
0.092	-0.295	-0.132	0.000	-1.65	1.98	1.93	-0.06	-0.02	0.17	0	-0.296	-0.132	-0.016	-0.000	0.000	0.004
0.101	-0.296	-0.131	0.000	-1.70	2.02	1.93	-0.02	-0.04	0.09	0	-0.296	-0.132	-0.020	-0.000	0.000	0.006
0.112	-0.296	-0.132	0.000	-1.67	2.02	1.93	0.02	0.11	0.08	0	-0.296	-0.132	-0.024	-0.000	0.000	0.007
0.120	-0.296	-0.132	0.000	-1.67	1.98	1.92	0.13	0.07	-0.13	0	-0.296	-0.132	-0.028	-0.000	0.000	0.010
0.130	-0.293	-0.132	0.000	-1.67	1.86	1.91	-0.14	-0.24	0.15	0	-0.295	-0.132	-0.032	0.000	0.000	0.012
0.140	-0.290	-0.135	0.000	-1.53	1.76	1.91	0.11	0.07	0.15	0	-0.295	-0.132	-0.036	0.000	0.000	0.015
0.148	-0.289	-0.135	0.000	-1.53	1.73	1.91	0.05	-0.09	-0.04	0	-0.294	-0.132	-0.040	0.001	0.000	0.018
0.157	-0.289	-0.135	0.000	-1.52	1.73	1.91	0.05	-0.09	0.05	0	-0.293	-0.133	-0.045	0.001	-0.000	0.021
0.170	-0.288	-0.136	0.000	-1.50	1.71	1.90	0.02	-0.16	0.07	0	-0.293	-0.133	-0.049	0.001	-0.000	0.025
0.179	-0.289	-0.135	0.000	-1.53	1.79	1.91	-0.03	0.02	0.26	0	-0.292	-0.133	-0.053	0.001	-0.000	0.029
0.190	-0.290	-0.134	0.000	-1.59	1.81	1.90	-0.05	-0.32	-0.12	0	-0.292	-0.133	-0.058	0.001	-0.000	0.033
0.201	-0.291	-0.134	0.000	-1.59	1.87	1.91	0.05	-0.01	-0.01	0	-0.292	-0.134	-0.062	0.001	-0.000	0.038
0.207	-0.291	-0.135	0.000	-1.57	1.89	1.91	0.19	0.00	0.04	0	-0.292	-0.134	-0.066	0.001	-0.000	0.043
0.215	-0.288	-0.130	0.000	-1.76	1.76	1.88	0.03	-0.17	-0.10	0	-0.291	-0.133	-0.070	0.002	-0.000	0.049
0.231	-0.292	-0.126	0.000	-1.94	1.95	1.88	-0.17	-0.27	0.00	0	-0.291	-0.132	-0.075	0.002	0.000	0.054
0.241	-0.292	-0.127	0.001	-1.89	1.97	1.88	-0.02	0.01	0.15	0	-0.291	-0.132	-0.079	0.001	0.000	0.060
0.249	-0.292	-0.128	0.000	-1.86	1.94	1.88	0.00	-0.29	0.09	0	-0.291	-0.131	-0.083	0.001	0.000	0.067
0.256	-0.297	-0.127	0.000	-1.89	2.17	1.90	-0.23	-0.13	0.14	0	-0.292	-0.131	-0.087	0.001	0.001	0.073
0.270	-0.294	-0.126	0.000	-1.92	2.03	1.88	0.01	-0.08	0.01	0	-0.292	-0.130	-0.091	0.001	0.001	0.080
0.280	-0.296	-0.126	0.001	-1.90	2.12	1.89	0.06	0.02	0.11	0	-0.293	-0.129	-0.095	0.001	0.001	0.087
0.291	-0.294	-0.128	0.001	-1.81	2.05	1.89	-0.24	-0.20	0.03	0	-0.293	-0.129	-0.099	0.001	0.001	0.095
0.300	-0.296	-0.127	0.000	-1.83	2.11	1.89	-0.08	0.01	-0.01	0	-0.293	-0.129	-0.103	0.001	0.001	0.103
0.308	-0.295	-0.126	0.000	-1.88	2.08	1.88	-0.03	-0.36	-0.16	0	-0.293	-0.128	-0.107	0.001	0.001	0.111
0.315	-0.296	-0.128	0.001	-1.78	2.13	1.89	-0.05	-0.04	0.23	0	-0.294	-0.128	-0.111	0.000	0.001	0.120
0.324	-0.296	-0.129	0.001	-1.74	2.12	1.89	0.13	-0.19	-0.21	0	-0.294	-0.128	-0.115	0.000	0.001	0.128
0.340	-0.296	-0.129	0.000	-1.73	2.12	1.89	0.15	-0.34	-0.02	0	-0.294	-0.128	-0.119	0.000	0.001	0.137
0.348	-0.295	-0.128	0.000	-1.77	2.05	1.88	-0.08	-0.06	-0.04	0	-0.294	-0.128	-0.123	0.000	0.001	0.147
0.359	-0.296	-0.128	0.000	-1.75	2.10	1.88	-0.13	-0.20	-0.06	0	-0.294	-0.128	-0.126	0.000	0.001	0.156
0.365	-0.296	-0.129	0.000	-1.71	2.10	1.88	-0.14	-0.18	0.02	0	-0.295	-0.128	-0.130	0.000	0.001	0.166
0.381	-0.295	-0.128	0.000	-1.74	2.05	1.88	-0.04	0.06	0.07	0	-0.295	-0.128	-0.134	0.000	0.001	0.176
0.391	-0.296	-0.128	0.000	-1.75	2.10	1.88	0.05	-0.02	-0.01	0	-0.295	-0.128	-0.137	0.000	0.001	0.187
0.399	-0.296	-0.128	0.000	-1.75	2.10	1.88	-0.19	-0.25	-0.24	0	-0.295	-0.128	-0.141	-0.000	0.001	0.197
0.408	-0.294	-0.128	0.000	-1.74	2.01	1.87	0.06	0.15	0.05	0	-0.295	-0.128	-0.144	0.000	0.001	0.208
0.417	-0.294	-0.127	0.000	-1.76	2.01	1.86	0.07	0.20	0.07	0	-0.295	-0.128	-0.148	0.000	0.001	0.220
0.426	-0.294	-0.129	0.000	-1.66	2.02	1.87	0.03	-0.03	0.09	0	-0.295	-0.128	-0.151	0.000	0.001	0.231
0.441	-0.295	-0.127	0.000	-1.77	2.05	1.87	0.04	-0.24	0.06	0	-0.295	-0.128	-0.155	0.000	0.001	0.243
0.449	-0.295	-0.127	0.000	-1.74	2.05	1.86	-0.01	-0.12	0.11	0	-0.295	-0.128	-0.158	0.000	0.001	0.255
0.458	-0.293	-0.128	0.000	-1.71	2.00	1.86	-0.05	-0.12	0.27	0	-0.294	-0.128	-0.161	0.000	0.001	0.267
0.470	-0.293	-0.128	0.000	-1.70	1.98	1.86	-0.14	-0.13	-0.07	0	-0.294	-0.128	-0.164	0.000	0.001	0.280
0.473	-0.292	-0.127	0.000	-1.75	1.95	1.85	0.15	-0.13	0.01	0	-0.294	-0.128	-0.168	0.000	0.001	0.292
0.491	-0.293	-0.128	0.000	-1.71	2.01	1.85	-0.10	-0.26	-0.11	0	-0.294	-0.128	-0.171	0.000	0.001	0.305
0.497	-0.294	-0.127	0.000	-1.74	2.01	1.85	0.14	-0.00	-0.06	0	-0.294	-0.127	-0.174	0.000	0.001	0.319
0.507	-0.293	-0.128	0.000	-1.70	2.00	1.85	0.01	-0.04	0.11	0	-0.294	-0.127	-0.177	0.000	0.001	0.332
0.518	-0.294	-0.127	0.000	-1.73	2.04	1.85	-0.03	-0.11	-0.06	0	-0.294	-0.127	-0.180	0.000	0.001	0.346
0.531	-0.294	-0.127	0.000	-1.73	2.02	1.85	0.11	-0.14	-0.13	0	-0.294	-0.127	-0.183	0.000	0.001	0.360
0.539	-0.295	-0.128	0.000	-1.71	2.06	1.85	0.03	-0.19	0.11	0	-0.294	-0.127	-0.186	0.000	0.001	0.374
0.549	-0.294	-0.127	0.000	-1.72	2.04	1.85	0.00	-0.18	0.00	0	-0.294	-0.127	-0.189	0.000	0.001	0.388
0.559	-0.294	-0.127	0.000	-1.72	2.04	1.84	-0.06	-0.29	-0.03	0	-0.294	-0.127	-0.192	0.000	0.001	0.403
0.568	-0.295	-0.128	0.000	-1.70	2.06	1.84	-0.00	0.01	0.06	0	-0.294	-0.127	-0.195	0.000	0.001	0.417
0.575	-0.294	-0.129	0.000	-1.65	2.03	1.84	-0.02	0.02	-0.05	0	-0.294	-0.127	-0.198	0.000	0.001	0.432
0.591	-0.294	-0.127	0.000	-1.71	2.03	1.84	-0.03	-0.32	0.14	0	-0.294	-0.127	-0.200	0.000	0.001	0.448
0.600	-0.293	-0.128	0.000	-1.69	1.99	1.83	-0.10	-0.00	0.06	0	-0.294	-0.127	-0.203	0.000	0.001	0.463
0.608	-0.295	-0.125	0.000	-1.82	2.09	1.84	0.10	-0.05	0.28	0	-0.294	-0.127	-0.206	0.000	0.001	0.479
0.617	-0.295	-0.123	0.000	-1.86	2.08	1.83	-0.04	0.05	-0.06	0	-0.294	-0.126	-0.208	0.000	0.001	0.494
0.626	-0.295	-0.124	0.000	-1.84	2.07	1.83	0.04	-0.17	-0.12	0	-0.294	-0.126	-0.211	0.000	0.002	0.511
0.642	-0.295	-0.124	0.000	-1.83	2.08	1.83	-0.03	0.23	0.14	0	-0.294	-0.126	-0.213	0.000	0.002	0.527
0.650	-0.296	-0.124	0.000	-1.83	2.11	1.83	-0.13	-0.15	0.09	0	-0.294	-0.125	-0.216	0.000	0.002	0.543
0.658	-0.295	-0.124	0.000	-1.83	2.05	1.83	-0.03	-0.18	-0.05	0	-0.294	-0.125	-0.218	0.000	0.002	0.560
0.667	-0.295	-0.124	0.000	-1.82	2.06	1.82	-0.01	-0.02	0.01	0	-0.294	-0.125	-0.221	0.000	0.002	0.576
0.675	-0.296	-0.124	0.000	-1.80	2.09	1.83	-0.01	-0.17	-0.06	0	-0.295	-0.125	-0.223	-0.000	0.002	0.593
0.690	-0.295	-0.126	0.000	-1.72	2.06	1.82	-0.02	-0.16	-0.10	0	-0.295	-0.125	-0.226	-0.000	0.002	0.611
0.698	-0.295	-0.131	0.000	-1.48	2.06	1.82	-0.03	-0.45	-0.10	0	-0.295	-0.125	-0.228	-0.000	0.002	0.628
0.708	-0.294	-0.132	0.000	-1.44	2.03	1.82	0.16	-0.32	-0.01	0	-0.295	-0.126	-0.230	-0.000	0.001	0.645
0.717	-0.295	-0.133	0.000	-1.44	2.06	1.82	-0.17	-0.19	0.01	0	-0.295	-0.127	-0.233	-0.000	0.001	0.663
0.725	-0.293	-0.133	0.000	-1.43	1.98	1.81	-0.19	-0.43	-0.09	0	-0.294	-0.128	-0.235	0.000	0.001	0.681
0.740	-0.294	-0.131	0.000	-1.53	2.03	1.81	0.07	-0.19	-0.13	0	-0.294	-0.128	-0.237	0.000	0.001	0.699
0.749	-0.301	-0.139	0.000	-1.25	2.35	1.84	0.12	-0.24	-0.24	0	-0.295	-0.129	-0.239	-0.000	0.000	0.717
0.760	-0.301	-0.139	0.000	-1.27	2.34	1.84	-0.03	-0.10	0.16	0	-0.296	-0.131	-0.241	-0.000	-0.000	0.735
0.767	-0.301	-0.139	0.000	-1.30	2.33	1.84	-0.01	-0.00	-0.03	0	-0.297	-0.132	-0.243	-0.001	-0.001	0.754
0.776	-0.301	-0.138	0.000	-1.32	2.28	1.83	-0.02	0.20	0.08	0	-0.297	-0.132	-0.245	-0.001	-0.001	0.772
0.791	-0.302	-0.139	0.000	-1.33	2.32	1.83	0.14	-0.02	-0.06	0	-0.298	-0.133	-0.247	-0.001	-0.001	0.791
0.800	-0.301	-0.139	0.000	-1.33	2.25	1.82	-0.18	-0.12	0.04	0	-0.298	-0.134	-0.249	-0.001	-0.002	0.810
0.809	-0.302	-0.138	0.000	-1.38	2.28	1.83	-0.02	-0.05	-0.16	0	-0.299	-0.135	-0.251	-0.001	-0.002	0.829
0.818	-0.301	-0.138	0.000	-1.40	2.23	1.82	-0.01	-0.49	-0.08	0	-0.299	-0.135	-0.253	-0.002	-0.002	0.848
0.827	-0.301	-0.139	0.000	-1.38	2.22	1.81	0.17	0.03	-0.18	0	-0.299	-0.136	-0.255	-0.002	-0.002	0.868
0.835	-0.301	-0.139	0.000	-1.42	2.22	1.81	0.00	0.04	-0.02	0	-0.299	-0.136	-0.257	-0.002	-0.002	0.887
0.850	-0.301	-0.139	0.000	-1.42	2.21	1.81	0.02	0.07	-0.05	0	-0.300	-0.137	-0.259	-0.002	-0.002	0.907
0.857	-0.302	-0.138	0.001	-1.50	2.21	1.81	-0.09	0.02	0.01	0	-0.300	-0.137	-0.261	-0.002	-0.002	0.927
0.867	-0.302	-0.139	0.000	-1.44	2.20	1.81	-0.04	0.05	0.09	0	-0.300	-0.137	-0.262	-0.002	-0.003	0.947
0.874	-0.300	-0.138	0.000	-1.54	2.14	1.80	0.02	-0.19	-0.00	0	-0.300	-0.137	-0.264	-0.002	-0.003	0.967
0.885	-0.301	-0.138	0.001	-1.55	2.16	1.81	-0.07	-0.18	-0.00	0	-0.300	-0.137	-0.266	-0.002	-0.003	0.987
0.900	-0.301	-0.138	0.001	-1.55	2.16	1.80	-0.01	-0.25	0.16	0	-0.301	-0.138	-0.267	-0.002	-0.003	1.007
0.908	-0.301	-0.139	0.000	-1.53	2.15	1.80	0.00	0.01	-0.09	0	-0.301	-0.138	-0.269	-0.002	-0.003	1.028
0.920	-0.302	-0.140	0.000	-1.48	2.15	1.80	0.37	-0.08	0.06	0	-0.301	-0.138	-0.271	-0.002	-0.003	1.048
0.926	-0.302	-0.139	0.000	-1.55	2.14	1.80	-0.02	0.02	0.05	0	-0.301	-0.138	-0.272	-0.002	-0.003	1.069
0.938	-0.301	-0.140	0.000	-1.53	2.12	1.79	-0.08	-0.13	-0.02	0	-0.301	-0.138	-0.274	-0.002	-0.003	1.090
0.951	-0.301	-0.139	0.001	-1.57	2.08	1.78	0.07	-0.21	0.11	0	-0.301	-0.139	-0.275	-0.002	-0.003	1.111
0.961	-0.302	-0.139	0.000	-1.58	2.15	1.79	0.11	0.11	0.09	0	-0.301	-0.139	-0.277	-0.002	-0.003	1.132
0.967	-0.301	-0.139	0.000	-1.59	2.09	1.79	-0.15	-0.11	-0.08	0	-0.301	-0.139	-0.278	-0.002	-0.003	1.153
0.976	-0.302	-0.139	0.000	-1.60	2.13	1.79	0.05	-0.21	0.15	0	-0.302	-0.139	-0.280	-0.002	-0.003	1.174
0.986	-0.302	-0.138	0.000	-1.67	2.10	1.79	0.04	-0.06	0.08	0	-0.302	-0.139	-0.281	-0.002	-0.003	1.195
1.001	-0.301	-0.139	0.000	-1.63	2.08	1.78	0.10	0.00	-0.01	0	-0.302	-0.139	-0.283	-0.002	-0.003	1.217
1.009	-0.302	-0.139	0.000	-1.65	2.11	1.78	0.08	0.11	0.11	0	-0.302	-0.139	-0.284	-0.002	-0.003	1.239
1.018	-0.301	-0.139	0.000	-1.64	2.06	1.78	-0.09	-0.03	0.01	0	-0.302	-0.139	-0.285	-0.002	-0.003	1.260
1.028	-0.301	-0.139	0.000	-1.64	2.06	1.77	0.12	0.04	0.07	0	-0.302	-0.139	-0.287	-0.002	-0.003	1.282
1.041	-0.301	-0.139	0.000	-1.64	2.03	1.77	0.05	-0.05	0.14	0	-0.302	-0.139	-0.288	-0.002	-0.003	1.304
1.049	-0.302	-0.139	0.000	-1.68	2.08	1.78	0.01	0.18	-0.03	0	-0.302	-0.139	-0.289	-0.002	-0.003	1.326
1.060	-0.302	-0.139	0.000	-1.68	2.06	1.77	-0.07	-0.18	-0.32	0	-0.302	-0.139	-0.290	-0.002	-0.003	1.348
1.068	-0.301	-0.140	0.000	-1.66	2.02	1.76	0.04	-0.19	0.07	0	-0.302	-0.139	-0.292	-0.002	-0.003	1.370
1.077	-0.301	-0.138	0.000	-1.73	2.04	1.77	-0.02	-0.44	0.04	0	-0.302	-0.139	-0.293	-0.002	-0.003	1.392
1.088	-0.300	-0.134	0.000	-1.89	1.98	1.76	-0.04	-0.05	-0.19	0	-0.302	-0.139	-0.294	-0.002	-0.003	1.414
1.094	-0.297	-0.136	0.000	-1.80	1.84	1.74	-0.05	-0.37	-0.07	0	-0.301	-0.138	-0.295	-0.002	-0.002	1.437
1.110	-0.296	-0.137	0.000	-1.78	1.82	1.74	0.19	-0.38	0.10	0	-0.301	-0.138	-0.296	-0.002	-0.002	1.459
1.119	-0.296	-0.137	0.000	-1.78	1.82	1.73	0.03	-0.40	-0.26	0	-0.300	-0.138	-0.297	-0.001	-0.002	1.482
1.129	-0.296	-0.137	0.000	-1.78	1.82	1.73	0.05	-0.03	0.18	0	-0.300	-0.138	-0.298	-0.001	-0.002	1.505
1.137	-0.295	-0.137	0.000	-1.78	1.82	1.73	0.08	-0.05	-0.05	0	-0.299	-0.138	-0.299	-0.001	-0.002	1.527
1.150	-0.295	-0.137	0.000	-1.78	1.83	1.73	0.05	-0.06	-0.12	0	-0.299	-0.138	-0.300	-0.001	-0.002	1.550
1.159	-0.295	-0.137	0.000	-1.78	1.83	1.73	0.18	-0.21	-0.06	0	-0.298	-0.138	-0.301	-0.001	-0.002	1.573
1.168	-0.297	-0.135	0.000	-1.84	1.91	1.73	-0.03	0.19	-0.04	0	-0.298	-0.137	-0.302	-0.000	-0.002	1.596
1.180	-0.296	-0.138	0.000	-1.74	1.87	1.73	-0.08	-0.31	0.04	0	-0.298	-0.138	-0.303	-0.000	-0.002	1.619
1.189	-0.298	-0.135	0.000	-1.84	1.97	1.73	0.13	0.15	0.06	0	-0.298	-0.137	-0.304	-0.000	-0.002	1.642
1.200	-0.296	-0.138	0.000	-1.75	1.88	1.73	-0.08	-0.02	-0.15	0	-0.298	-0.137	-0.305	-0.000	-0.002	1.665
1.209	-0.296	-0.138	0.000	-1.75	1.88	1.72	0.11	-0.02	0.14	0	-0.298	-0.137	-0.306	-0.000	-0.002	1.688
1.218	-0.295	-0.137	0.000	-1.80	1.87	1.72	0.01	0.13	0.17	0	-0.297	-0.137	-0.307	-0.000	-0.002	1.712
1.229	-0.299	-0.137	0.000	-1.80	2.03	1.73	0.00	-0.25	0.15	0	-0.298	-0.137	-0.308	-0.000	-0.002	1.735
1.237	-0.295	-0.137	0.000	-1.77	1.86	1.72	0.03	-0.05	0.02	0	-0.297	-0.137	-0.308	-0.000	-0.002	1.759
1.249	-0.296	-0.136	0.000	-1.81	1.90	1.72	-0.07	-0.24	0.07	0	-0.297	-0.137	-0.309	0.000	-0.002	1.782
1.259	-0.297	-0.136	0.000	-1.81	1.94	1.71	0.08	-0.07	-0.16	0	-0.297	-0.137	-0.310	0.000	-0.002	1.806
1.269	-0.296	-0.138	0.000	-1.76	1.90	1.71	-0.08	-0.02	-0.00	0	-0.297	-0.137	-0.311	0.000	-0.002	1.829
1.278	-0.294	-0.137	0.000	-1.77	1.85	1.71	-0.03	-0.31	0.11	0	-0.297	-0.137	-0.311	0.000	-0.002	1.853
1.290	-0.295	-0.137	0.000	-1.81	1.91	1.71	-0.03	-0.37	0.13	0	-0.297	-0.137	-0.312	0.000	-0.002	1.877
1.298	-0.295	-0.137	0.000	-1.77	1.92	1.71	-0.03	-0.14	0.18	0	-0.296	-0.137	-0.313	0.000	-0.002	1.900
1.309	-0.296	-0.136	0.000	-1.83	1.96	1.71	0.12	-0.07	0.11	0	-0.296	-0.137	-0.314	0.000	-0.002	1.924
1.318	-0.299	-0.137	0.000	-1.79	2.07	1.71	0.11	0.08	-0.14	0	-0.297	-0.137	-0.314	0.000	-0.002	1.948
1.331	-0.302	-0.134	0.000	-1.92	2.16	1.70	0.01	-0.16	-0.04	0	-0.297	-0.137	-0.315	0.000	-0.002	1.972
1.335	-0.302	-0.134	0.000	-1.92	2.16	1.70	-0.17	0.05	0.17	0	-0.298	-0.136	-0.315	-0.000	-0.001	1.996
1.350	-0.302	-0.135	0.000	-1.88	2.15	1.70	-0.09	-0.05	-0.03	0	-0.298	-0.136	-0.316	-0.000	-0.001	2.020
1.359	-0.300	-0.135	0.000	-1.88	2.09	1.70	-0.01	-0.06	-0.06	0	-0.299	-0.136	-0.317	-0.000	-0.001	2.044
1.369	-0.301	-0.135	0.000	-1.86	2.12	1.70	0.19	-0.10	0.15	0	-0.299	-0.136	-0.317	-0.001	-0.001	2.068
1.377	-0.301	-0.135	0.000	-1.86	2.12	1.70	0.09	0.02	0.11	0	-0.299	-0.136	-0.318	-0.001	-0.001	2.092
1.390	-0.302	-0.133	0.000	-1.93	2.13	1.69	-0.11	-0.34	-0.17	0	-0.300	-0.135	-0.318	-0.001	-0.001	2.116
1.398	-0.300	-0.133	0.000	-1.91	2.07	1.69	0.17	0.04	-0.07	0	-0.300	-0.135	-0.319	-0.001	-0.001	2.140
1.409	-0.301	-0.137	0.000	-1.76	2.07	1.69	-0.07	-0.26	-0.01	0	-0.300	-0.135	-0.319	-0.001	-0.001	2.165
1.417	-0.303	-0.134	0.000	-1.89	2.17	1.69	0.17	-0.22	0.05	0	-0.300	-0.135	-0.319	-0.001	-0.001	2.189
1.427	-0.303	-0.133	0.000	-1.93	2.15	1.68	-0.00	-0.25	-0.26	0	-0.301	-0.135	-0.320	-0.001	-0.001	2.213
1.438	-0.302	-0.134	0.000	-1.89	2.12	1.68	0.05	-0.15	0.04	0	-0.301	-0.135	-0.320	-0.001	-0.001	2.237
1.448	-0.304	-0.134	0.000	-1.88	2.18	1.68	-0.10	-0.45	-0.15	0	-0.301	-0.134	-0.321	-0.001	-0.001	2.262
1.461	-0.303	-0.133	0.000	-1.90	2.14	1.68	0.14	-0.15	0.06	0	-0.302	-0.134	-0.321	-0.001	-0.001	2.286
1.471	-0.303	-0.133	0.000	-1.90	2.13	1.68	0.03	-0.01	-0.00	0	-0.302	-0.134	-0.321	-0.001	-0.001	2.310
1.478	0.000	-0.000	-0.000	-0.00	-0.00	0.00	0.09	-0.07	0.02	0	-0.265	-0.118	-0.322	0.012	0.005	2.335
1.489	-0.000	-0.000	0.000	-0.02	0.02	-0.00	0.05	-0.11	0.06	0	-0.233	-0.103	-0.322	0.024	0.011	2.359
1.498	0.000	-0.000	0.000	-0.02	-0.01	0.00	-0.21	-0.01	0.04	0	-0.204	-0.090	-0.323	0.034	0.015	2.384
1.510	0.000	-0.000	0.000	-0.02	-0.01	0.00	-0.15	-0.05	0.18	0	-0.178	-0.079	-0.323	0.043	0.019	2.408
1.520	0.000	-0.000	0.000	0.05	0.00	0.00	0.10	-0.22	0.03	0	-0.155	-0.069	-0.323	0.051	0.023	2.433
1.528	0.001	-0.000	0.000	-0.08	-0.03	0.00	-0.05	-0.15	0.01	0	-0.135	-0.060	-0.323	0.058	0.026	2.457
1.537	0.000	-0.000	0.000	-0.10	0.13	0.00	-0.00	-0.10	-0.02	0	-0.117	-0.052	-0.324	0.064	0.028	2.482
1.550	0.001	-0.001	0.000	-0.13	0.05	0.00	0.03	-0.12	-0.03	0	-0.101	-0.045	-0.324	0.069	0.031	2.506
1.553	0.001	-0.001	0.000	-0.05	0.06	0.00	0.16	-0.13	-0.07	0	-0.087	-0.039	-0.324	0.074	0.033	2.531
1.569	0.001	-0.002	0.000	0.11	0.12	0.00	-0.03	-0.11	-0.10	0	-0.074	-0.034	-0.324	0.078	0.034	2.556
1.578	0.001	-0.002	0.000	0.11	0.12	0.00	0.13	0.03	0.08	0	-0.063	-0.029	-0.325	0.081	0.036	2.580
1.589	0.002	-0.002	0.000	-0.08	0.04	0.00	-0.28	0.05	-0.05	0	-0.053	-0.025	-0.325	0.084	0.037	2.605
1.599	0.002	-0.002	0.000	-0.22	0.29	0.00	0.04	0.02	0.03	0	-0.044	-0.021	-0.325	0.086	0.038	2.630
1.610	0.001	-0.002	0.000	-0.15	0.53	0.00	0.01	0.07	0.02	0	-0.036	-0.018	-0.325	0.088	0.039	2.654
1.620	0.003	-0.001	0.000	-0.78	0.23	0.00	-0.38	-0.03	-0.04	0	-0.029	-0.014	-0.325	0.090	0.039	2.679
1.630	0.000	-0.001	0.000	-0.72	1.12	0.01	-0.10	-0.15	-0.10	0	-0.023	-0.012	-0.325	0.091	0.040	2.704
1.636	0.002	-0.002	0.000	-0.57	0.57	0.01	-0.08	-0.11	0.02	0	-0.017	-0.009	-0.325	0.092	0.040	2.728
1.650	0.002	-0.001	0.000	-0.85	0.71	0.01	-0.06	0.03	0.09	0	-0.012	-0.007	-0.325	0.092	0.040	2.753
1.660	0.003	-0.002	0.000	-0.75	0.63	0.01	0.16	0.12	0.04	0	-0.008	-0.006	-0.325	0.093	0.041	2.778
1.669	-0.000	-0.000	0.000	-1.27	1.36	0.02	0.15	-0.10	0.20	0	-0.004	-0.004	-0.325	0.093	0.041	2.802
1.679	0.002	-0.002	0.000	-0.80	0.99	0.01	-0.14	-0.20	-0.02	0	-0.001	-0.002	-0.325	0.093	0.041	2.827
1.690	0.002	-0.002	0.000	-1.01	1.05	0.01	0.12	0.01	0.02	0	0.002	-0.001	-0.325	0.093	0.041	2.852
1.696	0.003	-0.003	0.000	-0.83	0.87	0.01	0.04	-0.06	0.13	0	0.005	-0.000	-0.325	0.093	0.041	2.876
1.711	0.001	-0.001	0.000	-1.17	1.26	0.02	0.19	0.10	-0.23	0	0.007	0.001	-0.325	0.093	0.041	2.901
1.719	0.002	-0.001	0.000	-1.20	1.12	0.02	-0.13	-0.05	-0.20	0	0.009	0.002	-0.325	0.093	0.040	2.926
1.729	0.001	-0.002	0.000	-1.11	1.35	0.01	0.09	-0.07	-0.08	0	0.011	0.003	-0.325	0.092	0.040	2.951
1.740	0.002	-0.002	0.000	-1.12	1.18	0.01	-0.03	0.06	0.07	0	0.012	0.003	-0.325	0.092	0.040	2.975
1.750	0.001	-0.001	0.000	-1.36	1.45	0.02	-0.03	-0.14	-0.14	0	0.014	0.004	-0.325	0.091	0.040	3.000
1.757	0.001	-0.001	0.000	-1.36	1.45	0.02	-0.09	-0.02	-0.11	0	0.015	0.004	-0.325	0.090	0.039	3.025
1.769	0.002	-0.001	0.000	-1.39	1.40	0.02	-0.06	-0.19	0.07	0	0.016	0.005	-0.325	0.089	0.039	3.049
1.778	0.002	-0.002	0.000	-1.30	1.44	0.02	0.08	0.10	0.07	0	0.017	0.005	-0.325	0.089	0.039	3.074
1.790	0.002	-0.001	0.000	-1.44	1.40	0.02	-0.12	0.04	0.05	0	0.018	0.006	-0.325	0.088	0.038	3.099
1.800	0.001	-0.001	0.000	-1.46	1.58	0.02	0.02	-0.14	-0.00	0	0.018	0.006	-0.325	0.087	0.038	3.123
1.810	0.002	-0.001	0.000	-1.48	1.53	0.02	0.05	0.01	0.07	0	0.019	0.006	-0.325	0.086	0.037	3.148
1.823	0.002	-0.002	0.000	-1.37	1.56	0.02	0.06	-0.23	0.05	0	0.019	0.007	-0.324	0.085	0.037	3.173
1.830	0.002	-0.003	0.000	-1.27	1.59	0.02	0.15	-0.12	-0.17	0	0.020	0.006	-0.324	0.084	0.037	3.197
1.839	0.002	-0.003	0.000	-1.36	1.49	0.02	-0.01	0.21	-0.09	0	0.020	0.007	-0.324	0.083	0.036	3.222
1.849	0.001	-0.001	0.000	-1.54	1.67	0.02	0.14	0.08	-0.01	0	0.020	0.007	-0.324	0.082	0.036	3.246
1.861	0.001	-0.001	0.000	-1.58	1.66	0.02	0.18	-0.23	0.01	0	0.021	0.007	-0.324	0.081	0.035	3.271
1.870	0.002	-0.002	0.000	-1.51	1.65	0.02	-0.01	-0.08	0.09	0	0.021	0.007	-0.324	0.081	0.035	3.296
1.880	0.001	-0.001	0.000	-1.60	1.70	0.02	-0.13	-0.14	0.07	0	0.021	0.007	-0.323	0.080	0.034	3.320
1.890	-0.000	-0.004	0.000	-1.25	1.87	0.01	-0.10	-0.27	0.04	0	0.021	0.007	-0.323	0.078	0.034	3.345
1.897	0.001	-0.001	0.000	-1.64	1.75	0.03	-0.14	-0.13	-0.13	0	0.021	0.007	-0.323	0.077	0.033	3.369
1.910	0.002	-0.002	0.000	-1.52	1.64	0.02	0.08	0.03	0.14	0	0.021	0.007	-0.323	0.076	0.033	3.394
1.920	0.002	-0.002	0.000	-1.52	1.66	0.02	0.18	-0.03	0.14	0	0.021	0.007	-0.322	0.076	0.032	3.418
1.930	0.001	-0.001	0.000	-1.69	1.85	0.03	0.08	-0.21	0.01	0	0.021	0.007	-0.322	0.074	0.032	3.443
1.938	0.002	-0.003	0.000	-1.49	1.77	0.02	-0.02	-0.15	0.01	0	0.021	0.007	-0.322	0.074	0.032	3.467
1.946	0.002	-0.002	0.000	-1.58	1.76	0.02	0.01	-0.14	0.12	0	0.021	0.007	-0.322	0.073	0.031	3.491
1.960	0.002	-0.001	0.000	-1.70	1.75	0.03	-0.04	0.01	0.02	0	0.021	0.007	-0.321	0.072	0.031	3.516
1.970	0.002	-0.001	0.000	-1.70	1.75	0.03	-0.09	0.07	0.02	0	0.021	0.007	-0.321	0.071	0.030	3.540
1.978	0.002	-0.003	0.000	-1.53	1.81	0.02	-0.02	-0.32	-0.01	0	0.021	0.007	-0.321	0.070	0.030	3.565
1.990	0.002	-0.003	0.000	-1.54	1.80	0.02	0.18	0.06	0.01	0	0.021	0.007	-0.320	0.069	0.029	3.589
1.999	0.001	-0.001	0.000	-1.72	1.88	0.03	-0.12	-0.37	-0.12	0	0.021	0.007	-0.320	0.068	0.029	3.613
2.009	0.001	-0.002	0.000	-1.66	1.85	0.03	-0.14	-0.22	0.11	0	0.020	0.007	-0.320	0.067	0.029	3.637
2.016	0.001	-0.003	0.000	-1.55	1.86	0.02	-0.08	0.11	0.01	0	0.020	0.007	-0.319	0.066	0.028	3.662
2.029	0.002	-0.002	0.000	-1.66	1.84	0.03	-0.04	-0.07	0.24	0	0.020	0.007	-0.319	0.065	0.028	3.686
2.040	0.002	-0.002	0.000	-1.66	1.84	0.03	-0.10	-0.17	0.12	0	0.020	0.007	-0.319	0.064	0.027	3.710
2.047	0.001	-0.002	0.000	-1.67	1.87	0.03	0.07	-0.04	-0.09	0	0.020	0.007	-0.318	0.063	0.027	3.734
2.060	0.001	-0.001	0.000	-1.75	1.88	0.04	-0.08	0.07	-0.17	0	0.020	0.007	-0.318	0.062	0.026	3.758
2.066	0.001	-0.001	0.000	-1.75	1.92	0.03	0.18	-0.12	-0.21	0	0.020	0.007	-0.318	0.061	0.026	3.783
2.079	0.001	-0.001	0.000	-1.69	1.91	0.03	-0.00	-0.07	0.07	0	0.019	0.007	-0.317	0.060	0.026	3.807
2.090	0.001	-0.001	0.000	-1.73	1.90	0.04	0.08	0.00	-0.16	0	0.019	0.007	-0.317	0.059	0.025	3.831
2.098	0.001	-0.001	0.000	-1.70	1.92	0.03	-0.15	-0.26	0.17	0	0.019	0.007	-0.316	0.058	0.025	3.855
2.109	0.002	-0.001	0.000	-1.75	1.86	0.04	0.02	-0.08	-0.06	0	0.019	0.007	-0.316	0.057	0.024	3.879
2.115	0.001	-0.003	0.000	-1.63	1.92	0.03	-0.18	-0.25	0.17	0	0.019	0.006	-0.316	0.057	0.024	3.903
2.129	0.001	-0.001	0.000	-1.76	1.93	0.04	-0.05	-0.19	-0.02	0	0.019	0.007	-0.315	0.056	0.024	3.927
2.140	0.001	-0.001	0.000	-1.76	1.92	0.04	0.01	-0.09	0.07	0	0.018	0.007	-0.315	0.055	0.023	3.950
2.149	0.000	-0.001	0.000	-1.76	1.99	0.04	0.08	-0.07	0.03	0	0.018	0.007	-0.314	0.054	0.023	3.974
2.156	0.001	-0.003	0.000	-1.64	1.95	0.03	0.04	0.11	0.10	0	0.018	0.006	-0.314	0.053	0.022	3.998
2.165	0.001	-0.002	0.000	-1.69	1.95	0.03	-0.04	-0.06	0.18	0	0.018	0.006	-0.313	0.052	0.022	4.022
2.179	0.001	-0.001	0.000	-1.76	1.97	0.04	-0.04	-0.17	0.08	0	0.018	0.006	-0.313	0.051	0.022	4.046
2.189	0.002	-0.002	0.000	-1.70	1.90	0.04	0.22	-0.05	0.05	0	0.017	0.006	-0.312	0.050	0.021	4.069
2.199	0.001	-0.001	0.000	-1.75	1.95	0.04	-0.06	-0.05	0.18	0	0.017	0.006	-0.312	0.050	0.021	4.093
2.207	0.001	-0.002	0.000	-1.71	1.95	0.04	-0.05	-0.08	0.11	0	0.017	0.006	-0.311	0.049	0.020	4.117
2.219	0.001	-0.001	0.000	-1.78	1.98	0.04	-0.19	-0.13	-0.08	0	0.017	0.006	-0.311	0.048	0.020	4.140
2.230	0.002	-0.001	0.000	-1.75	1.90	0.04	0.09	0.03	-0.03	0	0.017	0.006	-0.310	0.047	0.020	4.164
2.239	0.000	0.002	0.000	-1.93	2.01	0.05	-0.02	-0.08	0.11	0	0.017	0.006	-0.310	0.046	0.020	4.187
2.248	0.000	0.004	0.000	-2.00	2.00	0.06	0.05	0.01	0.11	0	0.016	0.007	-0.309	0.046	0.019	4.211
2.258	0.001	-0.002	0.000	-1.71	1.95	0.04	0.28	-0.32	0.01	0	0.016	0.007	-0.309	0.045	0.019	4.234
2.268	0.001	-0.001	0.000	-1.76	1.97	0.04	-0.06	-0.24	0.24	0	0.016	0.007	-0.308	0.044	0.019	4.258
2.279	0.007	-0.007	0.000	-1.44	1.69	0.03	0.13	0.14	0.05	0	0.017	0.006	-0.308	0.044	0.018	4.281
2.289	0.008	-0.004	0.000	-1.59	1.63	0.04	0.05	-0.02	-0.14	0	0.017	0.005	-0.307	0.043	0.018	4.304
2.298	0.015	-0.005	-0.000	-1.58	1.33	0.05	0.05	0.06	-0.05	0	0.018	0.005	-0.307	0.043	0.017	4.328
2.307	0.015	-0.005	-0.000	-1.57	1.33	0.05	0.02	0.01	-0.04	0	0.020	0.004	-0.306	0.043	0.017	4.351
2.315	0.015	-0.005	0.000	-1.59	1.40	0.05	-0.17	-0.23	-0.10	0	0.021	0.004	-0.306	0.042	0.016	4.374
2.329	0.011	-0.006	0.000	-1.54	1.60	0.04	0.12	-0.29	0.07	0	0.021	0.003	-0.305	0.042	0.016	4.397
2.339	0.015	-0.005	0.000	-1.62	1.44	0.05	-0.07	-0.05	0.01	0	0.022	0.003	-0.304	0.042	0.015	4.420
2.349	0.016	-0.006	0.000	-1.57	1.40	0.05	0.11	-0.09	0.27	0	0.023	0.003	-0.304	0.041	0.015	4.443
2.358	0.017	-0.005	0.000	-1.61	1.41	0.05	-0.21	-0.05	0.14	0	0.024	0.002	-0.303	0.041	0.014	4.466
2.369	0.017	-0.005	0.000	-1.63	1.46	0.05	-0.01	-0.04	0.02	0	0.024	0.002	-0.303	0.040	0.014	4.489
2.374	0.016	-0.005	0.000	-1.66	1.53	0.05	0.01	-0.19	-0.08	0	0.025	0.002	-0.302	0.040	0.014	4.512
2.389	0.016	-0.006	0.000	-1.62	1.58	0.05	0.18	-0.12	-0.28	0	0.025	0.002	-0.301	0.039	0.013	4.535
2.399	0.015	-0.005	0.001	-1.66	1.61	0.05	0.09	-0.24	0.01	0	0.026	0.002	-0.301	0.039	0.013	4.558
2.409	0.015	-0.004	0.000	-1.69	1.64	0.05	0.06	0.01	-0.09	0	0.026	0.001	-0.300	0.038	0.013	4.581
2.417	0.015	-0.005	0.000	-1.69	1.67	0.05	0.19	-0.23	0.07	0	0.026	0.001	-0.299	0.038	0.012	4.603
2.428	0.014	-0.005	0.000	-1.69	1.74	0.04	0.20	0.12	-0.07	0	0.026	0.001	-0.299	0.037	0.012	4.626
2.441	0.014	-0.004	0.001	-1.75	1.76	0.05	0.05	-0.05	0.03	0	0.026	0.001	-0.298	0.037	0.012	4.649
2.449	0.016	-0.004	0.000	-1.71	1.69	0.05	-0.12	-0.26	0.08	0	0.027	0.001	-0.297	0.036	0.011	4.671
2.458	0.016	-0.004	0.000	-1.74	1.73	0.05	-0.02	0.12	-0.04	0	0.027	0.001	-0.297	0.035	0.011	4.694
2.468	0.014	-0.005	0.000	-1.71	1.85	0.04	-0.09	-0.46	-0.15	0	0.027	0.001	-0.296	0.035	0.011	4.716
2.478	0.014	-0.005	0.000	-1.72	1.83	0.04	0.25	-0.27	-0.09	0	0.027	0.001	-0.295	0.034	0.011	4.739
2.489	0.015	-0.006	0.000	-1.68	1.83	0.04	0.22	0.09	-0.04	0	0.027	0.001	-0.295	0.034	0.010	4.761
2.499	0.014	-0.001	0.000	-1.90	1.90	0.05	-0.08	-0.29	-0.13	0	0.027	0.001	-0.294	0.033	0.010	4.784
2.508	0.013	-0.001	0.000	-1.90	1.97	0.05	-0.02	0.04	0.17	0	0.026	0.002	-0.293	0.032	0.010	4.806
2.516	0.014	0.000	0.000	-1.94	1.93	0.05	-0.28	-0.22	0.02	0	0.026	0.002	-0.293	0.032	0.010	4.828
2.529	0.013	-0.001	0.000	-1.88	1.96	0.05	0.07	-0.15	-0.02	0	0.026	0.002	-0.292	0.031	0.010	4.850
2.540	0.014	0.000	0.000	-1.93	1.95	0.05	-0.14	-0.14	0.05	0	0.026	0.003	-0.291	0.030	0.010	4.872
2.548	0.013	-0.001	0.000	-1.86	1.97	0.05	0.04	-0.03	-0.10	0	0.026	0.003	-0.291	0.030	0.010	4.895
2.557	0.015	-0.002	0.000	-1.82	1.92	0.05	0.09	-0.16	0.23	0	0.026	0.003	-0.290	0.029	0.009	4.917
2.567	0.013	-0.000	0.000	-1.91	2.02	0.05	0.01	-0.30	0.14	0	0.026	0.003	-0.289	0.028	0.009	4.939
2.576	0.013	-0.003	0.000	-1.76	2.04	0.04	0.01	-0.07	0.13	0	0.025	0.003	-0.289	0.028	0.009	4.960
2.585	0.013	-0.004	0.000	-1.72	2.03	0.04	0.17	0.01	0.08	0	0.025	0.003	-0.288	0.027	0.008	4.982
2.600	0.012	-0.001	0.000	-1.87	2.07	0.05	-0.14	0.06	-0.05	0	0.025	0.003	-0.287	0.027	0.008	5.004
2.609	0.012	-0.001	0.000	-1.85	2.07	0.04	0.06	-0.06	-0.24	0	0.025	0.003	-0.287	0.026	0.008	5.026
2.619	0.013	-0.001	0.000	-1.85	2.07	0.05	-0.30	-0.24	0.10	0	0.024	0.003	-0.286	0.025	0.008	5.048
2.630	0.012	-0.002	0.000	-1.83	2.09	0.04	0.25	-0.26	0.18	0	0.024	0.003	-0.285	0.025	0.008	5.069
2.635	0.007	0.000	0.000	-1.91	2.32	0.04	0.03	0.08	0.19	0	0.023	0.003	-0.284	0.024	0.008	5.091
2.648	0.006	-0.001	0.000	-1.86	2.37	0.04	0.14	-0.02	0.23	0	0.023	0.003	-0.284	0.023	0.007	5.112
2.659	0.008	-0.001	0.000	-1.85	2.28	0.04	0.10	0.11	0.14	0	0.022	0.003	-0.283	0.022	0.007	5.134
2.667	0.008	0.000	0.000	-1.91	2.25	0.04	0.06	-0.06	-0.03	0	0.021	0.003	-0.282	0.022	0.007	5.155
2.677	0.008	0.001	0.000	-1.96	2.26	0.05	-0.24	-0.09	-0.16	0	0.021	0.004	-0.282	0.021	0.007	5.177
2.690	0.008	-0.001	0.000	-1.85	2.23	0.04	-0.02	-0.08	-0.17	0	0.021	0.004	-0.281	0.020	0.007	5.198
2.700	0.010	-0.004	0.000	-1.70	2.14	0.03	0.26	-0.12	-0.02	0	0.021	0.003	-0.280	0.020	0.006	5.219
2.709	0.012	-0.005	0.000	-1.67	2.09	0.03	-0.01	-0.36	-0.02	0	0.021	0.003	-0.279	0.019	0.006	5.241
2.717	0.012	-0.004	0.000	-1.69	2.09	0.03	0.18	0.26	0.07	0	0.021	0.002	-0.279	0.019	0.006	5.262
2.729	0.012	-0.005	0.000	-1.67	2.09	0.03	-0.12	-0.21	-0.13	0	0.021	0.002	-0.278	0.019	0.005	5.283
2.734	0.010	-0.003	0.000	-1.75	2.15	0.03	-0.22	-0.12	-0.10	0	0.020	0.002	-0.277	0.018	0.005	5.304
2.743	0.011	-0.004	0.000	-1.71	2.11	0.03	-0.22	-0.27	0.12	0	0.020	0.002	-0.276	0.018	0.005	5.325
2.759	0.012	-0.005	0.000	-1.70	2.10	0.03	-0.08	-0.15	-0.17	0	0.020	0.001	-0.276	0.017	0.004	5.346
2.767	0.014	-0.007	0.000	-1.58	2.01	0.02	0.07	-0.16	-0.16	0	0.021	0.001	-0.275	0.017	0.004	5.367
2.778	0.013	-0.013	-0.000	-1.34	2.05	0.00	0.05	-0.08	0.01	0	0.021	-0.001	-0.274	0.016	0.003	5.387
2.785	0.013	-0.014	-0.000	-1.33	2.06	0.00	0.03	-0.09	0.08	0	0.021	-0.002	-0.274	0.016	0.003	5.408
2.799	0.014	-0.013	0.000	-1.39	2.03	0.01	-0.15	-0.21	0.08	0	0.021	-0.003	-0.273	0.016	0.002	5.429
2.809	0.013	-0.013	0.000	-1.43	2.06	0.01	-0.14	0.03	0.00	0	0.021	-0.004	-0.272	0.015	0.002	5.450
2.818	0.012	-0.013	0.000	-1.44	2.12	0.01	-0.04	-0.18	0.17	0	0.021	-0.004	-0.271	0.015	0.001	5.470
2.827	0.013	-0.014	0.000	-1.43	2.06	0.01	0.12	-0.07	0.04	0	0.021	-0.005	-0.271	0.014	0.001	5.491
2.838	0.012	-0.013	0.000	-1.50	2.12	0.02	0.12	-0.36	-0.06	0	0.021	-0.006	-0.270	0.014	0.001	5.511
2.849	0.012	-0.013	0.000	-1.52	2.13	0.02	0.10	-0.15	-0.05	0	0.021	-0.006	-0.269	0.013	0.000	5.532
2.859	0.014	-0.012	0.000	-1.54	2.04	0.02	0.12	-0.05	-0.10	0	0.021	-0.007	-0.268	0.013	-0.000	5.552
2.867	0.012	-0.013	0.000	-1.55	2.14	0.02	-0.06	-0.08	-0.08	0	0.021	-0.007	-0.267	0.013	-0.000	5.572
2.878	0.012	-0.013	0.000	-1.55	2.14	0.02	-0.10	0.09	0.02	0	0.020	-0.007	-0.267	0.012	-0.001	5.592
2.890	0.013	-0.013	0.000	-1.56	2.08	0.02	-0.29	-0.08	-0.02	0	0.020	-0.008	-0.266	0.012	-0.001	5.613
2.896	0.012	-0.012	0.000	-1.62	2.12	0.03	0.04	-0.26	0.00	0	0.020	-0.008	-0.265	0.011	-0.001	5.633
2.909	0.013	-0.014	0.000	-1.55	2.09	0.02	-0.04	-0.37	0.11	0	0.020	-0.009	-0.264	0.011	-0.001	5.653
2.921	0.012	-0.012	0.000	-1.65	2.11	0.03	0.05	-0.00	0.09	0	0.020	-0.009	-0.263	0.011	-0.002	5.673
2.928	0.013	-0.012	0.000	-1.68	2.10	0.03	-0.04	-0.24	-0.19	0	0.020	-0.009	-0.263	0.010	-0.002	5.693
2.933	0.013	-0.012	0.000	-1.68	2.10	0.03	-0.11	-0.20	0.00	0	0.020	-0.009	-0.262	0.010	-0.002	5.713
2.949	0.013	-0.014	0.000	-1.61	2.11	0.03	0.17	0.22	0.07	0	0.020	-0.009	-0.261	0.009	-0.002	5.732
2.958	0.013	-0.013	0.000	-1.66	2.07	0.03	-0.03	-0.17	-0.24	0	0.020	-0.009	-0.260	0.009	-0.002	5.752
2.968	0.012	-0.013	0.000	-1.67	2.14	0.03	-0.09	0.12	-0.07	0	0.020	-0.010	-0.259	0.009	-0.003	5.772
2.980	0.013	-0.013	0.000	-1.69	2.11	0.03	0.18	-0.38	0.12	0	0.020	-0.010	-0.259	0.008	-0.003	5.792
2.986	0.013	-0.012	0.000	-1.74	2.10	0.04	-0.10	-0.15	0.10	0	0.020	-0.010	-0.258	0.008	-0.003	5.811
2.996	0.013	-0.014	0.000	-1.68	2.10	0.03	0.18	-0.17	0.20	0	0.020	-0.010	-0.257	0.008	-0.003	5.831
3.008	0.013	-0.013	0.000	-1.72	2.11	0.04	-0.09	-0.00	-0.01	0	0.020	-0.010	-0.256	0.007	-0.003	5.850
3.019	0.014	-0.013	0.000	-1.73	2.07	0.04	-0.12	-0.35	-0.05	0	0.020	-0.010	-0.255	0.007	-0.003	5.870
3.025	0.012	-0.006	0.000	-2.05	2.15	0.06	0.05	0.00	0.04	0	0.020	-0.009	-0.255	0.006	-0.003	5.889
3.039	0.013	-0.006	0.000	-2.02	2.11	0.05	-0.03	-0.48	0.11	0	0.020	-0.009	-0.254	0.006	-0.003	5.908
3.048	0.010	-0.009	0.000	-1.89	2.21	0.05	-0.15	-0.28	-0.03	0	0.019	-0.009	-0.253	0.006	-0.003	5.927
3.058	0.010	-0.011	0.001	-1.83	2.24	0.04	0.09	-0.24	-0.01	0	0.019	-0.009	-0.252	0.005	-0.003	5.947
3.069	0.010	-0.009	0.000	-1.88	2.23	0.05	0.02	0.01	0.10	0	0.018	-0.008	-0.251	0.005	-0.003	5.966
3.080	0.013	-0.010	0.000	-1.87	2.09	0.05	-0.06	-0.21	0.05	0	0.018	-0.008	-0.250	0.004	-0.003	5.985
3.085	0.010	-0.010	0.000	-1.85	2.23	0.04	0.00	-0.20	-0.00	0	0.018	-0.008	-0.250	0.004	-0.003	6.004
3.095	0.010	-0.011	0.000	-1.80	2.20	0.04	0.03	0.17	0.12	0	0.018	-0.008	-0.249	0.004	-0.003	6.023
3.110	0.010	-0.011	0.000	-1.80	2.18	0.04	0.18	0.04	-0.04	0	0.018	-0.009	-0.248	0.003	-0.004	6.041
3.120	0.011	-0.009	0.000	-1.89	2.15	0.05	0.20	0.10	0.07	0	0.018	-0.008	-0.247	0.003	-0.004	6.060
3.130	0.011	-0.011	0.000	-1.81	2.16	0.04	-0.04	-0.12	0.03	0	0.017	-0.008	-0.246	0.003	-0.004	6.079
3.137	0.011	-0.011	0.000	-1.81	2.16	0.04	0.14	-0.10	-0.17	0	0.017	-0.009	-0.246	0.002	-0.004	6.098
3.149	0.011	-0.012	0.000	-1.81	2.16	0.04	-0.17	-0.26	-0.06	0	0.017	-0.009	-0.245	0.002	-0.004	6.116
3.157	0.011	-0.012	0.000	-1.81	2.16	0.04	0.04	-0.15	0.04	0	0.017	-0.009	-0.244	0.002	-0.004	6.135
3.169	0.010	-0.011	0.000	-1.85	2.16	0.04	0.09	0.10	0.03	0	0.017	-0.009	-0.243	0.001	-0.004	6.153
3.179	0.010	-0.011	0.000	-1.85	2.16	0.05	-0.06	-0.05	0.08	0	0.017	-0.009	-0.242	0.001	-0.004	6.172
3.189	0.010	-0.009	0.000	-1.91	2.17	0.05	-0.19	-0.27	0.07	0	0.016	-0.009	-0.242	0.001	-0.004	6.190
3.195	0.010	-0.011	0.000	-1.85	2.15	0.04	-0.16	-0.10	0.09	0	0.016	-0.009	-0.241	0.000	-0.005	6.208
3.206	0.009	-0.013	0.000	-1.75	2.20	0.04	0.09	-0.22	0.05	0	0.016	-0.009	-0.240	0.000	-0.005	6.226
3.218	0.010	-0.012	0.000	-1.81	2.14	0.04	0.05	0.00	-0.06	0	0.016	-0.009	-0.239	-0.000	-0.005	6.245
3.228	0.010	-0.011	0.000	-1.86	2.14	0.05	-0.03	-0.08	0.04	0	0.016	-0.009	-0.238	-0.001	-0.005	6.263
3.237	0.010	-0.011	0.000	-1.84	2.13	0.04	-0.21	0.00	0.07	0	0.016	-0.009	-0.238	-0.001	-0.005	6.281
3.249	0.011	-0.015	0.000	-1.67	2.09	0.04	0.13	-0.13	-0.00	0	0.016	-0.010	-0.237	-0.001	-0.005	6.299
3.259	0.012	-0.015	0.000	-1.71	2.08	0.04	-0.09	-0.05	0.06	0	0.016	-0.010	-0.236	-0.001	-0.006	6.317
3.269	0.009	-0.012	0.000	-1.82	2.19	0.04	-0.10	-0.07	0.08	0	0.016	-0.010	-0.235	-0.002	-0.006	6.334
3.279	0.014	-0.015	0.000	-1.72	1.99	0.04	0.14	-0.11	0.01	0	0.016	-0.011	-0.234	-0.002	-0.006	6.352
3.288	0.006	-0.011	0.000	-1.88	2.29	0.05	-0.03	-0.05	-0.26	0	0.015	-0.011	-0.233	-0.002	-0.006	6.370
3.297	0.004	-0.006	0.000	-2.08	2.36	0.06	0.05	-0.06	-0.08	0	0.015	-0.010	-0.233	-0.003	-0.006	6.388
3.309	0.004	-0.005	0.000	-2.13	2.38	0.06	-0.25	-0.05	-0.04	0	0.014	-0.009	-0.232	-0.003	-0.005	6.405
3.318	0.003	-0.006	0.000	-2.05	2.39	0.06	-0.10	-0.28	-0.07	0	0.013	-0.008	-0.231	-0.004	-0.005	6.423
3.327	0.003	-0.008	0.000	-1.96	2.36	0.05	-0.07	-0.09	-0.06	0	0.012	-0.008	-0.230	-0.004	-0.005	6.440
3.338	0.005	-0.011	0.000	-1.83	2.27	0.04	-0.09	-0.27	0.04	0	0.012	-0.008	-0.229	-0.005	-0.006	6.458
3.347	0.004	-0.012	0.000	-1.82	2.30	0.04	0.13	-0.20	-0.26	0	0.011	-0.009	-0.228	-0.005	-0.006	6.475
3.357	0.006	-0.012	0.001	-1.79	2.23	0.04	0.10	0.27	-0.11	0	0.011	-0.009	-0.228	-0.005	-0.006	6.492
3.368	0.005	-0.013	0.000	-1.77	2.26	0.04	-0.12	0.06	0.00	0	0.011	-0.009	-0.227	-0.005	-0.006	6.510
3.378	0.004	-0.013	0.000	-1.77	2.26	0.04	-0.15	-0.15	0.14	0	0.010	-0.009	-0.226	-0.006	-0.006	6.527
3.389	0.005	-0.009	0.000	-1.95	2.22	0.05	-0.23	-0.01	-0.01	0	0.010	-0.009	-0.225	-0.006	-0.006	6.544
3.396	0.004	-0.006	0.000	-2.06	2.24	0.06	0.10	-0.11	0.00	0	0.010	-0.009	-0.224	-0.006	-0.006	6.561
3.408	0.004	-0.006	0.000	-2.06	2.24	0.06	0.07	0.01	-0.09	0	0.010	-0.008	-0.223	-0.007	-0.006	6.578
3.418	0.005	-0.007	0.000	-2.00	2.21	0.05	-0.01	-0.14	-0.13	0	0.009	-0.008	-0.223	-0.007	-0.006	6.595
3.428	0.003	-0.002	0.000	-2.19	2.26	0.06	0.13	0.07	-0.02	0	0.009	-0.007	-0.222	-0.007	-0.006	6.612
3.439	0.003	-0.003	0.000	-2.12	2.25	0.06	-0.05	-0.17	-0.14	0	0.009	-0.006	-0.221	-0.007	-0.005	6.628
3.445	0.003	-0.004	0.000	-2.05	2.25	0.06	0.22	0.13	0.06	0	0.008	-0.006	-0.220	-0.008	-0.005	6.645
3.455	0.003	-0.003	0.000	-2.11	2.23	0.06	0.01	0.02	-0.30	0	0.008	-0.005	-0.219	-0.008	-0.005	6.662
3.468	0.005	-0.001	0.000	-2.15	2.15	0.06	-0.00	-0.29	0.06	0	0.008	-0.005	-0.219	-0.008	-0.005	6.678
3.479	0.005	-0.002	0.000	-2.09	2.12	0.06	0.03	-0.06	-0.01	0	0.008	-0.004	-0.218	-0.008	-0.005	6.695
3.489	0.003	-0.003	0.000	-2.05	2.22	0.06	0.15	0.19	-0.05	0	0.008	-0.004	-0.217	-0.009	-0.005	6.711
3.497	0.003	-0.004	0.000	-2.01	2.21	0.05	-0.12	-0.10	-0.09	0	0.007	-0.004	-0.216	-0.009	-0.005	6.728
3.503	0.004	0.001	0.000	-2.18	2.13	0.06	-0.05	-0.02	-0.05	0	0.007	-0.003	-0.215	-0.009	-0.005	6.744
3.519	0.004	0.002	0.000	-2.22	2.13	0.07	0.09	-0.09	0.20	0	0.007	-0.002	-0.215	-0.009	-0.005	6.761
3.530	0.004	0.003	0.000	-2.22	2.13	0.06	0.03	-0.10	-0.04	0	0.007	-0.001	-0.214	-0.009	-0.004	6.777
3.535	0.004	0.002	0.000	-2.18	2.13	0.06	-0.07	0.00	0.11	0	0.007	-0.000	-0.213	-0.009	-0.004	6.793
3.547	0.004	0.000	0.000	-2.07	2.13	0.06	0.08	0.06	-0.07	0	0.007	-0.000	-0.212	-0.010	-0.004	6.809
3.553	0.004	0.001	0.000	-2.07	2.13	0.06	0.09	-0.03	-0.21	0	0.007	0.000	-0.211	-0.010	-0.004	6.825
3.569	0.003	0.002	0.000	-2.13	2.14	0.06	-0.09	-0.00	0.06	0	0.007	0.001	-0.211	-0.010	-0.004	6.841
3.577	0.004	0.002	0.000	-2.11	2.09	0.06	0.01	-0.11	-0.11	35984	0.007	0.001	-0.210	-0.010	-0.004	6.857
3.587	0.003	0.003	0.000	-2.11	2.12	0.06	0.29	0.08	-0.08	35985	0.007	0.002	-0.209	-0.010	-0.004	6.873
3.597	0.004	0.003	0.000	-2.08	2.07	0.06	0.11	0.18	0.38	35987	0.007	0.002	-0.207	-0.010	-0.004	6.889
3.608	0.009	0.011	-0.000	-2.41	1.90	0.07	0.11	0.80	-0.20	36045	0.007	0.003	-0.205	-0.010	-0.004	6.904
3.618	0.008	0.012	-0.000	-2.39	1.94	0.07	0.25	-0.36	-1.84	36030	0.008	0.005	-0.203	-0.010	-0.003	6.919
3.629	0.008	0.011	0.000	-2.35	1.93	0.07	0.20	-0.68	-1.85	36001	0.008	0.006	-0.200	-0.010	-0.003	6.935
3.639	0.009	0.011	0.000	-2.30	1.86	0.07	-1.05	-0.96	0.50	35965	0.008	0.007	-0.198	-0.010	-0.003	6.950
3.648	0.007	0.011	0.000	-2.29	1.94	0.07	-1.15	-1.10	0.21	35982	0.009	0.008	-0.195	-0.010	-0.003	6.965
3.658	0.009	0.011	0.000	-2.24	1.88	0.07	-2.83	-2.40	-0.12	35958	0.009	0.009	-0.192	-0.010	-0.002	6.979
3.667	0.008	0.012	0.000	-2.29	1.96	0.07	-2.27	-1.57	0.07	35963	0.009	0.009	-0.189	-0.010	-0.002	6.994
3.678	0.009	0.010	0.000	-2.19	1.92	0.07	-1.95	-1.18	-0.29	35893	0.010	0.010	-0.186	-0.011	-0.002	7.008
3.689	0.007	0.009	0.000	-2.14	1.99	0.06	0.71	1.07	-0.41	35956	0.010	0.010	-0.183	-0.011	-0.002	7.022
3.698	0.008	0.011	0.001	-2.14	1.91	0.06	3.07	4.52	-0.93	35959	0.010	0.011	-0.180	-0.011	-0.002	7.035
3.706	0.009	0.011	0.001	-2.07	1.80	0.04	8.42	8.79	-4.35	35926	0.011	0.011	-0.177	-0.011	-0.002	7.049
3.715	0.008	0.010	0.001	-1.92	1.76	-0.02	7.09	6.89	-4.31	35901	0.011	0.012	-0.174	-0.011	-0.002	7.062
3.730	0.006	0.011	0.000	-1.91	1.79	-0.05	0.18	1.07	-0.54	35953	0.011	0.012	-0.171	-0.011	-0.003	7.075
3.738	0.002	0.014	0.000	-1.97	1.96	-0.06	0.27	0.70	-1.56	36023	0.010	0.013	-0.168	-0.012	-0.003	7.088
3.747	0.006	0.013	0.001	-1.87	1.73	-0.09	2.57	1.47	-5.72	35918	0.010	0.014	-0.164	-0.012	-0.003	7.100
3.754	0.007	0.013	0.001	-1.84	1.69	-0.16	2.54	3.44	-8.63	35922	0.010	0.014	-0.161	-0.012	-0.003	7.113
3.765	0.007	0.012	0.001	-1.75	1.63	-0.26	-0.71	-0.17	-9.65	35832	0.010	0.015	-0.158	-0.012	-0.003	7.125
3.776	0.009	0.014	0.001	-1.78	1.57	-0.35	-0.29	1.05	-10.12	35911	0.011	0.015	-0.155	-0.012	-0.003	7.136
3.788	0.007	0.012	0.001	-1.68	1.62	-0.45	0.86	2.46	-9.54	35896	0.011	0.015	-0.152	-0.012	-0.003	7.148
3.797	0.007	0.012	0.001	-1.61	1.56	-0.55	1.05	1.71	-9.39	38008	0.011	0.016	-0.148	-0.013	-0.003	7.159
3.808	0.005	0.012	0.001	-1.60	1.65	-0.64	0.40	-0.04	-8.50	38003	0.011	0.016	-0.145	-0.013	-0.003	7.170
3.819	0.005	0.013	0.001	-1.59	1.65	-0.72	1.41	1.23	-8.04	38158	0.010	0.016	-0.142	-0.013	-0.003	7.181
3.827	0.008	0.013	0.001	-1.52	1.50	-0.80	1.57	0.82	-7.30	38102	0.011	0.016	-0.139	-0.013	-0.004	7.192
3.839	0.008	0.012	0.001	-1.43	1.48	-0.87	0.78	0.51	-6.47	38068	0.011	0.016	-0.136	-0.013	-0.004	7.202
3.846	0.008	0.011	0.001	-1.37	1.45	-0.94	0.81	1.54	-7.76	38084	0.011	0.016	-0.132	-0.014	-0.004	7.212
3.859	0.008	0.012	0.001	-1.36	1.43	-1.00	-0.62	0.25	-4.97	38086	0.011	0.017	-0.129	-0.014	-0.004	7.222
3.868	0.008	0.011	0.001	-1.33	1.43	-1.04	-1.69	-1.80	-2.96	38168	0.011	0.017	-0.126	-0.014	-0.005	7.232
3.879	0.008	0.012	0.001	-1.35	1.42	-1.07	0.43	1.58	-3.12	38238	0.011	0.017	-0.123	-0.014	-0.005	7.241
3.887	0.008	0.012	0.001	-1.30	1.38	-1.10	1.56	1.40	-3.49	38207	0.011	0.017	-0.120	-0.014	-0.005	7.250
3.898	0.008	0.011	0.001	-1.25	1.37	-1.15	0.39	0.01	-7.65	38201	0.012	0.017	-0.117	-0.015	-0.005	7.259
3.908	0.012	0.013	0.001	-1.26	1.16	-1.24	3.28	-0.07	-7.59	38267	0.012	0.017	-0.114	-0.015	-0.006	7.268
3.914	0.010	0.012	0.001	-1.19	1.23	-1.31	-1.02	-0.09	-6.41	38254	0.013	0.017	-0.110	-0.015	-0.006	7.276
3.929	0.010	0.014	0.001	-1.24	1.24	-1.36	1.07	2.14	-4.10	38334	0.013	0.017	-0.107	-0.015	-0.006	7.285
3.938	0.011	0.012	0.001	-1.13	1.17	-1.38	0.11	0.84	-1.51	38276	0.013	0.017	-0.104	-0.015	-0.006	7.293
3.946	0.013	0.014	0.001	-1.19	1.07	-1.40	-0.98	-2.15	-1.01	38358	0.014	0.018	-0.101	-0.015	-0.007	7.300
3.957	0.012	0.014	0.001	-1.17	1.14	-1.40	-1.08	-0.03	0.40	38402	0.014	0.018	-0.098	-0.015	-0.007	7.308
3.968	0.009	0.014	0.001	-1.16	1.22	-1.39	-0.47	-1.92	0.61	38454	0.014	0.018	-0.095	-0.015	-0.007	7.315
3.978	0.009	0.015	0.001	-1.16	1.24	-1.38	0.02	-1.46	1.09	38511	0.014	0.019	-0.092	-0.016	-0.007	7.322
3.987	0.009	0.014	0.000	-1.11	1.22	-1.36	0.56	-0.80	4.87	38501	0.014	0.019	-0.089	-0.016	-0.007	7.329
3.999	0.010	0.014	0.001	-1.06	1.15	-1.30	2.22	3.17	4.60	40573	0.014	0.019	-0.086	-0.016	-0.008	7.336
4.006	0.010	0.014	0.001	-1.02	1.11	-1.26	4.07	-0.15	3.69	40521	0.014	0.019	-0.083	-0.016	-0.008	7.342
4.018	0.008	0.014	0.001	-0.95	1.17	-1.21	9.16	-0.73	5.88	40522	0.014	0.019	-0.081	-0.017	-0.008	7.348
4.024	0.010	0.013	0.001	-0.79	1.11	-1.16	12.14	-3.79	5.65	40468	0.014	0.019	-0.077	-0.017	-0.008	7.354
4.039	0.010	0.014	0.001	-0.65	1.14	-1.10	14.52	-1.65	5.62	40521	0.015	0.019	-0.074	-0.017	-0.009	7.360
4.048	0.009	0.014	0.001	-0.50	1.18	-1.04	16.65	-1.63	5.36	40498	0.014	0.019	-0.071	-0.017	-0.009	7.365
4.056	0.008	0.015	0.001	-0.36	1.24	-1.00	11.72	-2.60	4.69	40530	0.014	0.020	-0.068	-0.018	-0.009	7.370
4.069	0.009	0.014	0.001	-0.19	1.18	-0.95	14.16	-0.80	3.46	40544	0.014	0.020	-0.065	-0.018	-0.010	7.375
4.078	0.009	0.014	0.001	0.02	1.16	-0.92	21.05	-2.94	3.73	40541	0.014	0.020	-0.062	-0.018	-0.010	7.380
4.088	0.009	0.016	0.001	0.13	1.18	-0.89	17.04	-1.93	2.51	40604	0.014	0.020	-0.059	-0.018	-0.010	7.385
4.099	0.008	0.017	0.001	0.36	1.20	-0.87	27.21	-0.52	1.14	40568	0.014	0.020	-0.057	-0.019	-0.010	7.389
4.108	0.009	0.023	0.001	0.41	1.17	-0.89	30.98	2.72	0.05	40568	0.014	0.021	-0.054	-0.019	-0.010	7.393
4.117	0.009	0.025	0.001	0.67	1.09	-0.90	26.49	6.51	0.65	40493	0.014	0.023	-0.051	-0.019	-0.010	7.397
4.125	0.012	0.032	0.000	0.66	0.86	-0.92	16.67	14.71	2.62	40596	0.015	0.024	-0.048	-0.019	-0.010	7.401
4.138	0.011	0.032	0.001	0.78	0.71	-0.88	4.83	20.42	4.23	40642	0.015	0.026	-0.045	-0.020	-0.009	7.404
4.148	0.010	0.034	0.001	0.80	0.57	-0.81	4.50	20.19	6.79	40777	0.015	0.028	-0.042	-0.020	-0.009	7.408
4.157	0.008	0.035	0.001	0.90	0.44	-0.73	7.45	16.28	6.85	40874	0.015	0.029	-0.039	-0.020	-0.009	7.411
4.169	0.010	0.038	0.000	0.86	0.21	-0.69	9.49	12.12	5.58	41035	0.015	0.031	-0.037	-0.020	-0.008	7.413
4.174	0.011	0.038	0.001	1.02	0.04	-0.64	10.60	7.33	5.90	41049	0.015	0.033	-0.034	-0.021	-0.008	7.416
4.188	0.011	0.040	0.001	1.14	-0.04	-0.58	14.99	0.76	7.75	41054	0.015	0.034	-0.031	-0.021	-0.008	7.418
4.197	0.011	0.040	0.001	1.34	0.02	-0.49	16.70	-12.18	7.72	41092	0.015	0.036	-0.028	-0.021	-0.008	7.421
4.207	0.010	0.040	0.001	1.55	0.22	-0.42	24.95	-21.81	6.42	43209	0.015	0.037	-0.026	-0.021	-0.007	7.423
4.217	0.008	0.044	0.000	1.69	0.54	-0.36	27.53	-19.36	5.85	43364	0.015	0.039	-0.023	-0.022	-0.007	7.424
4.226	0.009	0.046	0.000	1.96	0.59	-0.33	34.76	-4.18	3.77	43482	0.015	0.040	-0.020	-0.022	-0.007	7.426
4.239	0.009	0.047	0.000	2.35	0.61	-0.31	46.07	-0.73	2.13	43469	0.015	0.042	-0.017	-0.022	-0.007	7.427
4.249	0.008	0.050	0.000	2.73	0.65	-0.31	27.06	-13.42	0.45	43505	0.014	0.043	-0.014	-0.023	-0.006	7.428
4.256	0.006	0.052	0.000	2.92	0.88	-0.28	22.82	-9.54	1.55	43584	0.014	0.045	-0.012	-0.023	-0.006	7.429
4.266	0.005	0.053	0.000	3.19	0.93	-0.26	29.48	4.22	2.25	43645	0.014	0.047	-0.009	-0.023	-0.006	7.430
4.277	0.007	0.053	0.000	3.51	0.79	-0.24	17.91	-1.88	6.35	43720	0.013	0.048	-0.006	-0.024	-0.005	7.430
4.288	0.006	0.053	0.000	3.68	0.83	-0.16	15.49	4.20	7.91	43738	0.013	0.049	-0.003	-0.024	-0.005	7.431
4.299	0.007	0.052	0.000	3.90	0.67	-0.09	11.77	17.12	6.67	43689	0.013	0.050	-0.000	-0.024	-0.005	7.431
4.307	0.010	0.053	0.001	4.02	0.31	-0.06	7.92	25.63	5.79	43707	0.013	0.051	0.003	-0.025	-0.005	7.431
4.318	0.007	0.052	0.001	4.11	0.17	0.06	2.50	25.52	5.50	43717	0.013	0.051	0.006	-0.025	-0.005	7.430
4.326	0.008	0.051	0.001	4.16	-0.16	0.13	-7.71	30.24	7.24	43705	0.013	0.052	0.008	-0.025	-0.005	7.430
4.339	0.009	0.049	0.001	4.17	-0.53	0.23	-9.22	32.82	10.78	43720	0.013	0.052	0.011	-0.025	-0.005	7.429
4.348	0.003	0.045	0.001	4.24	-0.60	0.51	-14.35	35.23	12.27	43844	0.012	0.051	0.014	-0.026	-0.005	7.428
4.358	0.006	0.044	0.001	4.10	-1.10	0.59	-18.54	38.75	10.52	43843	0.012	0.051	0.017	-0.026	-0.006	7.427
4.368	0.005	0.039	0.000	4.15	-1.50	0.77	-17.24	45.83	10.07	43929	0.011	0.049	0.019	-0.026	-0.006	7.425
4.376	0.009	0.038	0.000	3.99	-2.13	0.82	-16.24	45.28	10.90	43946	0.011	0.048	0.022	-0.026	-0.007	7.423
4.383	0.006	0.031	-0.000	4.10	-2.42	1.09	-12.68	42.36	9.38	44064	0.011	0.046	0.025	-0.027	-0.007	7.422
4.397	0.010	0.033	0.001	3.85	-2.98	1.07	-6.84	35.31	6.57	43936	0.011	0.044	0.027	-0.027	-0.008	7.420
4.413	0.016	0.032	0.000	3.78	-3.54	1.02	-9.20	26.37	5.11	46067	0.012	0.043	0.030	-0.026	-0.009	7.417
4.416	0.016	0.033	0.001	3.59	-3.75	1.07	-17.17	16.40	5.03	45962	0.012	0.041	0.033	-0.026	-0.009	7.415
4.427	0.019	0.033	0.001	3.35	-3.96	1.05	-19.98	0.71	4.86	45942	0.013	0.040	0.036	-0.026	-0.009	7.412
4.437	0.022	0.033	0.001	3.14	-3.94	1.05	-18.93	-14.92	4.73	45883	0.014	0.039	0.038	-0.025	-0.010	7.409
4.444	0.019	0.033	0.002	2.87	-3.61	1.15	-23.11	-25.16	5.70	45615	0.015	0.038	0.041	-0.025	-0.010	7.406
4.456	0.022	0.032	0.002	2.64	-3.37	1.15	-25.63	-38.59	4.99	45610	0.016	0.037	0.044	-0.025	-0.010	7.403
4.466	0.019	0.035	0.004	2.21	-2.77	1.19	-27.34	-51.17	4.16	45318	0.016	0.036	0.048	-0.025	-0.010	7.400
4.477	0.020	0.033	0.003	1.94	-2.21	1.21	-30.47	-61.98	2.46	45600	0.017	0.035	0.051	-0.025	-0.010	7.396
4.487	0.014	0.026	0.004	1.90	-1.23	1.49	-28.75	-70.81	2.76	45482	0.016	0.033	0.054	-0.025	-0.011	7.393
4.498	0.013	0.027	0.005	1.54	-0.48	1.49	-32.73	-69.94	2.30	45353	0.016	0.032	0.057	-0.025	-0.011	7.389
4.508	0.014	0.026	0.006	1.11	0.18	1.47	-44.50	-66.69	2.22	45240	0.016	0.031	0.060	-0.025	-0.011	7.385
4.516	0.014	0.027	0.004	0.55	0.84	1.46	-49.63	-60.06	2.85	45532	0.016	0.030	0.063	-0.025	-0.011	7.380
4.527	0.014	0.026	0.005	0.06	1.39	1.48	-50.00	-49.57	0.60	45432	0.016	0.029	0.065	-0.025	-0.011	7.376
4.536	0.014	0.029	0.006	-0.59	1.89	1.45	-48.20	-38.93	-0.35	45296	0.016	0.028	0.068	-0.025	-0.011	7.371
4.548	0.013	0.029	0.007	-1.11	2.28	1.45	-44.95	-31.77	-0.98	45126	0.016	0.027	0.071	-0.026	-0.011	7.366
4.558	0.013	0.028	0.005	-1.52	2.56	1.45	-33.83	-24.04	-0.88	44924	0.016	0.027	0.074	-0.026	-0.011	7.361
4.567	0.013	0.028	0.006	-1.81	2.77	1.45	-19.71	-12.32	-0.73	45348	0.016	0.026	0.077	-0.026	-0.011	7.355
4.576	0.013	0.027	0.007	-1.94	2.84	1.45	-2.98	-0.51	-0.14	45185	0.016	0.026	0.079	-0.026	-0.011	7.350
4.586	0.007	0.021	0.007	-1.67	3.05	1.58	12.83	9.87	-0.62	45186	0.015	0.025	0.082	-0.027	-0.011	7.344
4.598	0.007	0.020	0.008	-1.47	2.90	1.57	28.64	20.68	-0.51	45105	0.014	0.024	0.085	-0.027	-0.011	7.338
4.609	0.008	0.019	0.010	-1.12	2.57	1.54	39.67	29.66	0.65	44836	0.014	0.022	0.088	-0.027	-0.011	7.333
4.615	0.006	0.020	0.011	-0.79	2.31	1.55	40.15	35.55	1.10	46829	0.013	0.021	0.091	-0.028	-0.012	7.326
4.624	0.010	0.019	0.013	-0.40	1.78	1.52	36.41	39.72	1.47	46722	0.013	0.021	0.094	-0.028	-0.012	7.320
4.635	0.010	0.019	0.014	-0.08	1.34	1.52	32.69	38.80	1.69	46683	0.013	0.020	0.097	-0.028	-0.012	7.314
4.649	0.010	0.019	0.018	0.18	0.93	1.53	29.84	40.70	1.18	46620	0.013	0.019	0.101	-0.028	-0.012	7.308
4.657	0.012	0.020	0.020	0.36	0.46	1.52	18.99	37.45	0.20	45979	0.013	0.019	0.105	-0.028	-0.012	7.301
4.668	0.011	0.015	0.021	0.66	0.14	1.55	5.53	33.38	0.05	45984	0.013	0.018	0.109	-0.028	-0.012	7.295
4.677	0.014	0.017	0.023	0.55	-0.31	1.52	-6.07	30.48	-0.61	45858	0.013	0.017	0.113	-0.028	-0.012	7.288
4.686	0.014	0.017	0.024	0.39	-0.59	1.51	-18.16	26.83	-1.03	45773	0.013	0.017	0.116	-0.028	-0.012	7.281
4.693	0.016	0.020	0.028	0.03	-0.91	1.47	-25.88	20.78	-1.29	45279	0.014	0.016	0.120	-0.028	-0.012	7.274
4.707	0.016	0.019	0.030	-0.26	-1.09	1.45	-33.60	14.16	-1.84	45182	0.014	0.016	0.125	-0.028	-0.011	7.267
4.719	0.016	0.018	0.031	-0.59	-1.23	1.44	-35.90	9.39	-1.22	45125	0.014	0.016	0.129	-0.028	-0.011	7.259
4.725	0.016	0.020	0.033	-1.04	-1.30	1.41	-34.81	2.98	-2.35	45059	0.015	0.016	0.132	-0.028	-0.011	7.252
4.735	0.016	0.019	0.038	-1.37	-1.30	1.38	-30.40	-6.22	-2.76	44501	0.015	0.016	0.137	-0.027	-0.011	7.244
4.749	0.017	0.023	0.040	-1.84	-1.25	1.32	-22.74	-13.27	-3.41	44463	0.015	0.016	0.141	-0.027	-0.011	7.236
4.757	0.017	0.022	0.042	-1.98	-1.07	1.31	-13.55	-18.34	-2.90	44435	0.016	0.016	0.145	-0.027	-0.010	7.229
4.767	0.016	0.019	0.044	-1.98	-0.83	1.31	-2.09	-18.67	-2.47	44397	0.016	0.016	0.149	-0.027	-0.010	7.221
4.776	0.015	0.019	0.042	-1.96	-0.59	1.29	9.85	-17.38	-2.58	44379	0.016	0.016	0.153	-0.027	-0.010	7.212
4.784	0.014	0.016	0.044	-1.73	-0.38	1.29	18.96	-15.06	-2.52	44940	0.016	0.016	0.156	-0.027	-0.010	7.204
4.794	0.014	0.015	0.046	-1.47	-0.23	1.28	27.27	-12.23	-2.30	44965	0.016	0.015	0.160	-0.028	-0.010	7.195
4.808	0.012	0.014	0.047	-1.14	-0.05	1.27	34.49	-10.28	-1.40	45018	0.016	0.015	0.163	-0.028	-0.010	7.186
4.818	0.012	0.011	0.049	-0.70	0.03	1.26	40.10	-6.68	-0.24	45122	0.015	0.014	0.166	-0.028	-0.010	7.177
4.827	0.011	0.010	0.055	-0.25	0.11	1.27	40.96	-2.22	-1.04	46306	0.015	0.013	0.170	-0.028	-0.010	7.169
4.836	0.011	0.009	0.057	0.16	0.13	1.26	39.12	0.94	-0.81	46412	0.015	0.012	0.174	-0.028	-0.011	7.160
4.844	0.011	0.009	0.059	0.54	0.12	1.25	34.04	2.10	-0.78	46507	0.014	0.011	0.178	-0.028	-0.011	7.151
4.858	0.011	0.008	0.060	0.86	0.08	1.24	23.53	4.92	-1.29	46595	0.014	0.011	0.182	-0.029	-0.011	7.141
4.868	0.011	0.009	0.066	0.98	0.02	1.22	10.82	6.56	-1.43	46641	0.014	0.010	0.187	-0.029	-0.011	7.132
4.878	0.011	0.006	0.068	1.15	-0.06	1.22	-2.33	8.21	-2.43	45946	0.013	0.009	0.191	-0.029	-0.011	7.123
4.884	0.005	0.006	0.070	1.06	0.09	1.19	-14.70	7.53	-2.13	46002	0.013	0.008	0.195	-0.029	-0.011	7.113
4.896	0.006	0.004	0.071	0.89	-0.00	1.17	-24.91	5.30	-2.16	46062	0.012	0.007	0.200	-0.029	-0.011	7.104
4.908	0.005	0.004	0.073	0.62	-0.02	1.15	-32.73	1.35	-2.06	46163	0.011	0.006	0.203	-0.030	-0.012	7.094
4.918	0.005	0.001	0.074	0.33	-0.02	1.14	-38.53	-2.82	-1.95	46288	0.010	0.005	0.207	-0.030	-0.012	7.084
4.927	0.004	-0.001	0.076	0.00	0.03	1.13	-40.30	-6.37	-2.66	46419	0.009	0.004	0.211	-0.030	-0.012	7.073
4.936	0.004	-0.002	0.077	-0.41	0.08	1.11	-38.40	-6.06	-1.94	46481	0.009	0.003	0.215	-0.031	-0.012	7.063
4.948	0.003	-0.003	0.079	-0.78	0.18	1.09	-35.21	-4.50	-3.08	46555	0.008	0.002	0.218	-0.031	-0.012	7.052
4.958	0.002	-0.003	0.082	-1.13	0.22	1.06	-28.68	-2.56	-2.73	46236	0.007	0.001	0.222	-0.031	-0.013	7.042
4.967	0.002	-0.003	0.084	-1.41	0.25	1.03	-20.56	0.93	-2.52	46262	0.007	-0.000	0.225	-0.031	-0.013	7.031
4.978	0.002	-0.005	0.085	-1.57	0.23	1.01	-12.91	0.85	-1.78	46279	0.006	-0.001	0.229	-0.032	-0.013	7.020
4.986	0.001	-0.006	0.087	-1.67	0.23	0.99	-5.99	1.98	-1.41	46314	0.005	-0.002	0.232	-0.032	-0.013	7.009
4.994	0.001	-0.006	0.087	-1.70	0.21	0.98	-0.07	1.01	-1.48	46342	0.005	-0.003	0.236	-0.032	-0.013	6.998
5.009	-0.000	-0.009	0.089	-1.60	0.22	0.97	6.28	1.87	-1.17	46553	0.004	-0.004	0.239	-0.032	-0.014	6.987
5.019	-0.000	-0.009	0.090	-1.55	0.18	0.96	12.02	4.11	-1.05	46581	0.003	-0.005	0.242	-0.032	-0.014	6.975
5.027	-0.001	-0.010	0.091	-1.40	0.14	0.95	15.98	4.90	-1.21	48717	0.003	-0.006	0.245	-0.033	-0.014	6.963
5.038	-0.001	-0.011	0.093	-1.24	0.09	0.93	17.22	5.72	-1.47	48768	0.002	-0.007	0.248	-0.033	-0.014	6.952
5.046	-0.002	-0.012	0.088	-1.03	0.05	0.91	17.41	5.55	-1.60	49910	0.002	-0.008	0.250	-0.033	-0.014	6.939
5.053	-0.002	-0.013	0.089	-0.86	-0.04	0.90	14.96	5.92	-1.99	50002	0.001	-0.009	0.252	-0.033	-0.015	6.927
5.067	-0.003	-0.014	0.090	-0.74	-0.08	0.88	9.98	7.30	-1.34	50074	0.001	-0.010	0.255	-0.033	-0.015	6.914
5.078	-0.003	-0.014	0.091	-0.65	-0.17	0.87	4.66	9.38	-0.84	50132	0.000	-0.011	0.257	-0.033	-0.015	6.902
5.087	-0.003	-0.015	0.095	-0.61	-0.30	0.86	-0.60	13.21	-0.86	50188	-0.000	-0.012	0.260	-0.033	-0.015	6.889
5.095	-0.005	-0.016	0.096	-0.63	-0.38	0.85	-5.33	14.11	-0.39	49765	-0.001	-0.013	0.263	-0.034	-0.015	6.877
5.109	-0.005	-0.016	0.097	-0.71	-0.54	0.84	-8.88	14.42	-0.31	49772	-0.002	-0.014	0.266	-0.034	-0.015	6.864
5.117	-0.005	-0.017	0.098	-0.80	-0.69	0.84	-10.97	12.68	-0.35	49781	-0.002	-0.014	0.269	-0.034	-0.016	6.851
5.127	-0.005	-0.018	0.098	-0.91	-0.82	0.83	-11.49	9.88	-0.44	49786	-0.003	-0.015	0.272	-0.034	-0.016	6.838
5.138	-0.005	-0.019	0.099	-1.02	-0.92	0.83	-11.07	6.55	-0.38	50006	-0.003	-0.016	0.275	-0.034	-0.016	6.824
5.147	-0.005	-0.019	0.100	-1.13	-0.97	0.82	-10.02	1.94	-0.49	49987	-0.004	-0.017	0.278	-0.034	-0.016	6.811
5.158	-0.005	-0.020	0.101	-1.23	-0.98	0.82	-7.89	-0.49	-0.80	49971	-0.004	-0.017	0.280	-0.034	-0.016	6.797
5.168	-0.005	-0.021	0.102	-1.30	-0.97	0.81	-5.27	-3.51	-0.88	49953	-0.005	-0.018	0.283	-0.034	-0.016	6.783
5.177	-0.005	-0.021	0.101	-1.33	-0.93	0.81	-2.94	-6.70	-0.51	50285	-0.005	-0.019	0.286	-0.034	-0.016	6.769
5.186	-0.005	-0.021	0.101	-1.34	-0.94	0.81	-0.69	-8.67	-0.04	50245	-0.005	-0.019	0.288	-0.034	-0.016	6.755
5.194	-0.006	-0.021	0.103	-1.38	-0.85	0.80	1.58	-9.23	-0.09	50200	-0.006	-0.020	0.290	-0.034	-0.017	6.741
5.209	-0.006	-0.022	0.104	-1.36	-0.73	0.80	3.96	-8.25	-0.19	50175	-0.006	-0.020	0.293	-0.034	-0.017	6.727
5.218	-0.006	-0.022	0.103	-1.33	-0.65	0.80	5.88	-7.49	-0.11	50121	-0.006	-0.021	0.295	-0.034	-0.017	6.712
5.229	-0.007	-0.023	0.104	-1.26	-0.57	0.81	7.53	-7.56	0.29	50491	-0.007	-0.021	0.297	-0.034	-0.017	6.697
5.236	-0.007	-0.024	0.105	-1.19	-0.50	0.81	9.14	-4.41	0.01	52558	-0.007	-0.022	0.300	-0.034	-0.017	6.683
5.246	-0.007	-0.024	0.106	-1.11	-0.44	0.81	10.28	-3.98	1.06	52521	-0.007	-0.022	0.302	-0.034	-0.017	6.668
5.253	-0.007	-0.025	0.107	-0.99	-0.39	0.82	10.20	-1.83	1.13	52470	-0.008	-0.022	0.305	-0.034	-0.017	6.653
5.268	-0.007	-0.025	0.109	-0.80	-0.34	0.84	9.94	-1.84	1.09	52400	-0.008	-0.023	0.308	-0.034	-0.017	6.638
5.278	-0.008	-0.026	0.110	-0.70	-0.32	0.86	9.40	-1.80	1.29	52327	-0.008	-0.023	0.310	-0.034	-0.017	6.622
5.288	-0.008	-0.026	0.112	-0.62	-0.31	0.87	7.39	-1.09	1.53	52233	-0.009	-0.024	0.313	-0.034	-0.018	6.607
5.296	-0.008	-0.026	0.112	-0.62	-0.31	0.87	4.88	1.23	1.19	52134	-0.009	-0.024	0.316	-0.034	-0.018	6.592
5.307	-0.008	-0.027	0.112	-0.52	-0.31	0.90	2.96	-0.36	1.44	52034	-0.009	-0.025	0.319	-0.034	-0.018	6.576
5.310	-0.008	-0.027	0.112	-0.52	-0.31	0.90	1.07	0.63	1.04	52325	-0.010	-0.025	0.321	-0.034	-0.018	6.560
5.327	-0.009	-0.028	0.114	-0.45	-0.30	0.91	-0.39	-0.54	0.96	52210	-0.010	-0.025	0.324	-0.034	-0.018	6.544
5.338	-0.009	-0.029	0.115	-0.44	-0.30	0.93	-1.40	-1.42	0.70	52088	-0.010	-0.026	0.327	-0.034	-0.018	6.528
5.346	-0.009	-0.029	0.114	-0.45	-0.28	0.93	-1.87	-1.82	0.94	51932	-0.011	-0.027	0.329	-0.034	-0.018	6.512
5.355	-0.009	-0.029	0.116	-0.49	-0.25	0.94	-2.41	-3.11	0.89	52233	-0.011	-0.027	0.332	-0.034	-0.018	6.495
5.368	-0.010	-0.030	0.117	-0.51	-0.22	0.94	-1.95	-3.55	1.07	52091	-0.011	-0.027	0.334	-0.034	-0.019	6.479
5.378	-0.010	-0.030	0.119	-0.52	-0.19	0.96	-0.74	-3.11	1.09	51940	-0.011	-0.028	0.337	-0.033	-0.019	6.462
5.387	-0.010	-0.031	0.120	-0.53	-0.15	0.97	-0.50	-2.44	0.31	51791	-0.012	-0.028	0.340	-0.033	-0.019	6.446
5.395	-0.010	-0.031	0.122	-0.54	-0.12	0.97	-0.36	-2.61	0.63	51612	-0.012	-0.029	0.343	-0.033	-0.019	6.429
5.407	-0.010	-0.031	0.124	-0.54	-0.09	0.98	1.48	-1.24	0.03	51448	-0.012	-0.029	0.346	-0.033	-0.019	6.412
5.412	-0.010	-0.033	0.125	-0.46	-0.08	0.98	1.48	-0.23	0.29	51290	-0.012	-0.030	0.349	-0.033	-0.019	6.395
5.428	-0.010	-0.034	0.127	-0.45	-0.08	0.98	2.46	1.42	0.02	51123	-0.013	-0.030	0.352	-0.033	-0.019	6.378
5.437	-0.011	-0.034	0.133	-0.43	-0.07	0.98	1.71	2.00	0.16	50952	-0.013	-0.031	0.355	-0.033	-0.020	6.361
5.446	-0.011	-0.034	0.136	-0.42	-0.08	0.98	2.17	4.54	-0.18	51984	-0.013	-0.031	0.359	-0.033	-0.020	6.344
5.454	-0.011	-0.035	0.138	-0.38	-0.14	0.99	1.24	6.34	-0.39	51815	-0.013	-0.032	0.363	-0.033	-0.020	6.327
5.463	-0.011	-0.035	0.140	-0.38	-0.19	0.98	-0.06	7.03	-0.69	51649	-0.014	-0.032	0.366	-0.032	-0.020	6.310
5.479	-0.012	-0.035	0.143	-0.38	-0.25	0.97	-0.99	6.73	-1.00	51480	-0.014	-0.033	0.370	-0.032	-0.020	6.293
5.488	-0.011	-0.036	0.147	-0.36	-0.33	0.97	-2.22	6.58	-1.39	50880	-0.014	-0.033	0.374	-0.032	-0.020	6.276
5.497	-0.012	-0.037	0.150	-0.38	-0.40	0.95	-2.81	6.02	-1.52	50693	-0.014	-0.034	0.378	-0.032	-0.021	6.258
5.507	-0.012	-0.038	0.153	-0.37	-0.44	0.94	-3.74	4.87	-1.32	50515	-0.015	-0.034	0.382	-0.032	-0.021	6.241
5.513	-0.012	-0.038	0.155	-0.41	-0.50	0.93	-4.89	3.53	-1.57	50327	-0.015	-0.035	0.386	-0.032	-0.021	6.223
5.527	-0.012	-0.039	0.159	-0.44	-0.55	0.91	-5.15	1.52	-1.32	50138	-0.015	-0.035	0.390	-0.032	-0.021	6.206
5.537	-0.012	-0.039	0.162	-0.50	-0.57	0.90	-4.05	1.16	-0.99	49776	-0.015	-0.036	0.394	-0.032	-0.021	6.188
5.547	-0.012	-0.039	0.165	-0.55	-0.58	0.88	-3.84	-2.12	-0.98	49574	-0.015	-0.036	0.398	-0.031	-0.021	6.170
5.554	-0.012	-0.040	0.167	-0.59	-0.59	0.87	-2.54	-3.10	-1.00	49376	-0.016	-0.037	0.402	-0.031	-0.022	6.153
5.564	-0.012	-0.040	0.172	-0.63	-0.57	0.86	-1.79	-1.63	-0.75	49189	-0.016	-0.037	0.406	-0.031	-0.022	6.135
5.571	-0.012	-0.040	0.175	-0.66	-0.55	0.85	-1.06	-2.04	-0.42	48652	-0.016	-0.038	0.410	-0.031	-0.022	6.117
5.586	-0.012	-0.040	0.179	-0.68	-0.53	0.85	-1.14	-2.37	-0.35	48469	-0.016	-0.038	0.414	-0.031	-0.022	6.099
5.598	-0.005	-0.040	0.182	-0.70	-0.70	0.85	-0.22	-2.85	-1.05	48302	-0.015	-0.038	0.418	-0.030	-0.022	6.081
5.608	-0.005	-0.040	0.185	-0.71	-0.68	0.84	0.52	-3.18	-0.82	48117	-0.014	-0.038	0.422	-0.030	-0.022	6.063
5.613	-0.005	-0.040	0.188	-0.71	-0.65	0.84	1.23	-4.44	0.14	47965	-0.014	-0.039	0.426	-0.029	-0.022	6.045
5.621	-0.004	-0.040	0.191	-0.70	-0.62	0.83	2.28	-4.81	-0.28	47803	-0.013	-0.039	0.430	-0.029	-0.022	6.027
5.638	-0.004	-0.040	0.195	-0.68	-0.56	0.83	3.18	-5.88	0.19	47639	-0.013	-0.039	0.434	-0.028	-0.022	6.009
5.645	-0.004	-0.040	0.198	-0.66	-0.49	0.83	4.59	-7.49	0.50	47475	-0.012	-0.039	0.437	-0.028	-0.022	5.991
5.656	-0.003	-0.040	0.198	-0.62	-0.44	0.84	5.29	-7.60	0.23	49434	-0.012	-0.039	0.440	-0.027	-0.022	5.972
5.661	-0.004	-0.041	0.201	-0.55	-0.34	0.84	6.46	-8.64	0.60	50016	-0.011	-0.039	0.444	-0.027	-0.022	5.954
5.678	-0.004	-0.039	0.204	-0.54	-0.24	0.85	6.56	-7.44	0.72	49917	-0.011	-0.039	0.447	-0.027	-0.022	5.935
5.687	-0.005	-0.039	0.207	-0.47	-0.13	0.85	6.57	-6.90	0.49	49814	-0.011	-0.039	0.450	-0.026	-0.022	5.917
5.697	-0.005	-0.040	0.210	-0.39	-0.04	0.86	5.75	-6.43	0.51	49704	-0.010	-0.039	0.454	-0.026	-0.022	5.899
5.708	-0.006	-0.035	0.212	-0.48	0.05	0.85	5.37	-5.38	0.56	49809	-0.010	-0.039	0.457	-0.026	-0.022	5.880
5.715	-0.006	-0.035	0.215	-0.42	0.12	0.86	5.21	-4.11	0.01	49693	-0.010	-0.038	0.460	-0.026	-0.022	5.861
5.722	-0.006	-0.035	0.218	-0.37	0.16	0.86	4.74	-3.15	-0.48	49572	-0.010	-0.038	0.463	-0.026	-0.022	5.843
5.736	-0.006	-0.034	0.221	-0.32	0.19	0.86	4.50	-1.59	-1.09	49450	-0.010	-0.037	0.467	-0.025	-0.022	5.824
5.747	-0.006	-0.033	0.223	-0.29	0.21	0.85	4.89	-0.36	-2.01	49323	-0.010	-0.037	0.470	-0.025	-0.022	5.805
5.754	-0.005	-0.034	0.226	-0.24	0.21	0.84	5.39	0.59	-1.58	49453	-0.010	-0.036	0.473	-0.025	-0.021	5.787
5.765	-0.005	-0.033	0.229	-0.19	0.20	0.82	5.80	1.61	-1.92	49317	-0.010	-0.036	0.477	-0.025	-0.021	5.768
5.772	-0.005	-0.034	0.232	-0.12	0.19	0.80	6.03	1.93	-1.93	49167	-0.010	-0.035	0.480	-0.024	-0.021	5.749
5.787	-0.005	-0.034	0.235	-0.05	0.19	0.78	6.26	2.44	-2.07	49029	-0.010	-0.035	0.483	-0.024	-0.021	5.730
5.798	0.000	-0.030	0.238	-0.07	0.03	0.76	6.75	3.18	-2.19	49013	-0.009	-0.034	0.486	-0.024	-0.021	5.712
5.806	0.000	-0.030	0.241	-0.01	0.00	0.74	6.67	3.04	-2.15	48890	-0.008	-0.034	0.490	-0.023	-0.021	5.693
5.816	0.001	-0.030	0.244	0.06	-0.03	0.72	6.60	2.03	-1.98	48749	-0.008	-0.033	0.493	-0.023	-0.021	5.674
5.822	0.001	-0.029	0.247	0.13	-0.05	0.69	6.74	1.11	-2.51	48619	-0.007	-0.033	0.496	-0.022	-0.020	5.655
5.837	0.002	-0.028	0.250	0.18	-0.08	0.67	6.65	-0.66	-2.76	48600	-0.006	-0.032	0.499	-0.022	-0.020	5.636
5.848	0.002	-0.028	0.253	0.25	-0.08	0.64	5.50	-2.59	-2.79	48474	-0.006	-0.031	0.502	-0.022	-0.020	5.617
5.857	0.002	-0.028	0.256	0.31	-0.06	0.62	4.28	-4.39	-2.70	48347	-0.005	-0.031	0.506	-0.021	-0.020	5.598
5.864	0.003	-0.028	0.259	0.37	-0.02	0.59	4.07	-4.77	-2.90	50330	-0.005	-0.030	0.509	-0.021	-0.020	5.579
5.874	0.003	-0.028	0.264	0.40	0.02	0.56	3.27	-5.96	-2.90	50215	-0.004	-0.030	0.512	-0.020	-0.020	5.560
5.887	0.005	-0.028	0.267	0.44	0.05	0.53	2.43	-4.99	-2.63	49817	-0.003	-0.030	0.516	-0.020	-0.020	5.542
5.898	0.006	-0.028	0.270	0.47	0.08	0.50	1.40	-5.55	-2.92	49700	-0.002	-0.029	0.519	-0.020	-0.020	5.523
5.907	0.007	-0.027	0.273	0.49	0.13	0.47	0.97	-5.76	-2.99	49572	-0.002	-0.029	0.523	-0.019	-0.019	5.504
5.915	0.008	-0.027	0.277	0.49	0.18	0.44	0.62	-5.66	-3.59	49424	-0.001	-0.029	0.526	-0.019	-0.019	5.485
5.924	0.008	-0.026	0.281	0.50	0.25	0.41	-0.40	-5.12	-3.51	49026	-0.000	-0.028	0.530	-0.018	-0.019	5.466
5.938	0.008	-0.026	0.285	0.50	0.31	0.37	-0.56	-5.15	-3.56	48874	0.001	-0.028	0.534	-0.018	-0.019	5.447
5.948	0.009	-0.026	0.288	0.50	0.35	0.34	-0.68	-4.68	-3.46	48708	0.001	-0.028	0.537	-0.018	-0.019	5.428
5.957	0.009	-0.026	0.291	0.50	0.40	0.30	0.07	-3.77	-3.20	48553	0.002	-0.027	0.541	-0.017	-0.019	5.409
5.965	0.009	-0.026	0.294	0.50	0.43	0.27	0.76	-1.94	-3.18	48395	0.003	-0.027	0.544	-0.017	-0.019	5.390
5.975	0.009	-0.025	0.298	0.49	0.46	0.23	0.95	-1.55	-3.68	48279	0.003	-0.027	0.548	-0.017	-0.019	5.371
5.988	0.010	-0.024	0.301	0.48	0.46	0.20	1.08	-1.64	-3.89	48109	0.004	-0.026	0.551	-0.016	-0.019	5.352
5.996	0.010	-0.024	0.305	0.51	0.49	0.16	1.88	-0.95	-3.92	47950	0.004	-0.026	0.555	-0.016	-0.019	5.333
6.006	0.012	-0.024	0.308	0.51	0.48	0.12	2.20	-1.45	-4.03	47799	0.005	-0.026	0.558	-0.016	-0.018	5.314
6.016	0.011	-0.025	0.312	0.57	0.52	0.08	2.88	-0.64	-4.00	47574	0.006	-0.026	0.562	-0.015	-0.018	5.295
6.032	0.011	-0.025	0.315	0.59	0.52	0.04	2.65	0.49	-3.98	47427	0.006	-0.026	0.565	-0.015	-0.018	5.276
6.038	0.015	-0.023	0.319	0.59	0.46	0.00	2.73	0.76	-4.02	47278	0.007	-0.025	0.568	-0.015	-0.018	5.257
6.047	0.015	-0.023	0.322	0.62	0.45	-0.04	2.46	1.34	-4.06	47118	0.008	-0.025	0.572	-0.014	-0.018	5.239
6.056	0.015	-0.024	0.325	0.66	0.45	-0.08	1.56	0.51	-3.96	47094	0.009	-0.025	0.575	-0.014	-0.018	5.220
6.067	0.016	-0.024	0.328	0.68	0.43	-0.12	1.29	-0.19	-4.38	46962	0.009	-0.025	0.578	-0.014	-0.018	5.201
6.076	0.017	-0.023	0.332	0.69	0.41	-0.16	0.75	0.13	-5.03	48942	0.010	-0.025	0.581	-0.013	-0.018	5.182
6.082	0.018	-0.023	0.335	0.70	0.41	-0.21	-0.03	-0.91	-5.23	48867	0.011	-0.025	0.584	-0.013	-0.018	5.163
6.098	0.018	-0.023	0.340	0.70	0.42	-0.26	-0.83	-0.25	-5.60	48754	0.012	-0.024	0.588	-0.013	-0.018	5.144
6.108	0.018	-0.024	0.343	0.70	0.43	-0.31	-1.89	-2.26	-5.78	48397	0.013	-0.024	0.591	-0.012	-0.018	5.125
6.116	0.019	-0.024	0.347	0.69	0.45	-0.37	-2.77	-2.63	-5.56	48274	0.013	-0.024	0.594	-0.012	-0.018	5.107
6.126	0.019	-0.023	0.350	0.65	0.47	-0.43	-3.78	-2.85	-5.56	48153	0.014	-0.024	0.598	-0.012	-0.018	5.088
6.137	0.020	-0.023	0.354	0.62	0.50	-0.49	-4.00	-2.31	-5.58	48025	0.015	-0.024	0.601	-0.012	-0.018	5.069
6.147	0.020	-0.023	0.357	0.58	0.52	-0.54	-4.65	-1.99	-5.15	47960	0.015	-0.024	0.604	-0.011	-0.018	5.050
6.157	0.021	-0.021	0.360	0.49	0.54	-0.59	-5.64	-1.88	-5.67	47820	0.016	-0.024	0.608	-0.011	-0.017	5.032
6.167	0.022	-0.020	0.364	0.43	0.54	-0.65	-5.01	-0.41	-5.21	47678	0.017	-0.024	0.611	-0.011	-0.017	5.013
6.177	0.021	-0.022	0.367	0.41	0.57	-0.70	-4.65	0.53	-5.43	47543	0.017	-0.023	0.614	-0.011	-0.017	4.994
6.186	0.022	-0.020	0.369	0.33	0.56	-0.76	-4.72	0.30	-5.81	47410	0.018	-0.023	0.617	-0.010	-0.017	4.975
6.196	0.022	-0.020	0.372	0.29	0.56	-0.81	-3.06	2.33	-5.68	47639	0.019	-0.023	0.620	-0.010	-0.017	4.957
6.206	0.023	-0.020	0.376	0.25	0.53	-0.87	-1.81	4.13	-4.89	47522	0.019	-0.023	0.623	-0.010	-0.017	4.938
6.215	0.023	-0.021	0.379	0.24	0.50	-0.93	-0.81	4.33	-5.05	47397	0.020	-0.023	0.625	-0.010	-0.017	4.919
6.246	0.023	-0.020	0.382	0.22	0.47	-0.97	-0.63	4.64	-4.71	47276	0.020	-0.022	0.628	-0.010	-0.017	4.900
6.250	0.022	-0.021	0.385	0.22	0.44	-1.01	0.02	4.70	-3.91	47183	0.021	-0.022	0.631	-0.010	-0.016	4.882
6.253	0.022	-0.021	0.389	0.22	0.40	-1.05	0.91	4.50	-3.60	47078	0.021	-0.022	0.634	-0.010	-0.016	4.863
6.256	0.025	-0.019	0.392	0.21	0.33	-1.09	1.06	4.56	-3.13	46969	0.021	-0.022	0.637	-0.009	-0.016	4.845
6.266	0.027	-0.020	0.395	0.22	0.25	-1.12	0.57	3.97	-2.86	46856	0.022	-0.022	0.640	-0.009	-0.016	4.826
6.276	0.028	-0.020	0.400	0.23	0.21	-1.14	1.13	4.19	-3.04	46577	0.023	-0.022	0.643	-0.009	-0.016	4.808
6.287	0.028	-0.020	0.403	0.24	0.17	-1.17	1.09	3.97	-2.24	46477	0.024	-0.022	0.646	-0.009	-0.016	4.789
6.298	0.028	-0.020	0.406	0.25	0.15	-1.19	0.96	1.07	-1.53	46381	0.024	-0.022	0.648	-0.009	-0.016	4.771
6.306	0.028	-0.020	0.409	0.26	0.14	-1.21	1.56	1.88	-0.95	46291	0.025	-0.022	0.651	-0.008	-0.016	4.753
6.317	0.028	-0.020	0.413	0.28	0.12	-1.22	0.86	1.28	-0.23	46191	0.026	-0.022	0.654	-0.008	-0.016	4.734
6.327	0.027	-0.020	0.416	0.29	0.13	-1.23	1.43	-1.05	0.47	46073	0.026	-0.022	0.657	-0.008	-0.016	4.716
6.336	0.027	-0.023	0.419	0.34	0.14	-1.23	1.43	-2.94	0.91	45996	0.026	-0.022	0.659	-0.008	-0.016	4.698
6.341	0.028	-0.021	0.422	0.33	0.16	-1.22	1.27	-2.53	1.27	45912	0.027	-0.022	0.662	-0.008	-0.016	4.680
6.356	0.027	-0.023	0.426	0.37	0.19	-1.20	1.26	-3.05	1.62	45828	0.027	-0.022	0.665	-0.008	-0.016	4.661
6.367	0.027	-0.024	0.429	0.39	0.23	-1.19	0.10	-3.11	1.94	45640	0.027	-0.023	0.667	-0.008	-0.016	4.643
6.377	0.027	-0.024	0.432	0.40	0.26	-1.17	-0.05	-2.28	1.98	45565	0.027	-0.023	0.670	-0.008	-0.016	4.625
6.386	0.026	-0.023	0.435	0.37	0.30	-1.15	-1.32	-1.13	2.18	45498	0.027	-0.023	0.672	-0.008	-0.016	4.607
6.392	0.027	-0.023	0.439	0.36	0.32	-1.13	-2.60	-0.55	2.68	45433	0.027	-0.023	0.675	-0.008	-0.016	4.589
6.406	0.026	-0.022	0.443	0.34	0.34	-1.10	-3.71	0.42	2.89	45367	0.027	-0.023	0.678	-0.008	-0.016	4.572
6.416	0.026	-0.022	0.446	0.29	0.34	-1.08	-4.53	1.92	3.06	45056	0.027	-0.023	0.680	-0.008	-0.015	4.554
6.427	0.026	-0.022	0.449	0.25	0.32	-1.05	-4.88	3.80	3.16	45007	0.027	-0.023	0.683	-0.008	-0.015	4.536
6.435	0.028	-0.018	0.452	0.15	0.27	-1.01	-5.33	4.48	4.03	44951	0.028	-0.023	0.685	-0.008	-0.015	4.518
6.443	0.027	-0.021	0.455	0.14	0.23	-0.97	-4.55	5.24	4.00	44899	0.028	-0.023	0.687	-0.008	-0.015	4.501
6.455	0.028	-0.022	0.458	0.11	0.18	-0.93	-4.74	5.57	4.16	44860	0.028	-0.023	0.690	-0.009	-0.015	4.483
6.467	0.028	-0.021	0.461	0.05	0.12	-0.90	-3.24	6.92	4.49	44826	0.028	-0.023	0.692	-0.009	-0.015	4.466
6.477	0.028	-0.021	0.464	0.01	0.05	-0.85	-3.03	6.82	4.74	44799	0.028	-0.023	0.694	-0.009	-0.015	4.448
6.484	0.028	-0.021	0.466	-0.02	-0.02	-0.80	-2.41	5.83	5.07	44766	0.029	-0.023	0.696	-0.009	-0.015	4.431
6.496	0.030	-0.023	0.468	-0.03	-0.09	-0.75	-1.24	5.36	5.33	44919	0.029	-0.023	0.698	-0.008	-0.015	4.413
6.507	0.029	-0.023	0.471	-0.05	-0.14	-0.70	-1.07	4.50	5.10	44915	0.029	-0.024	0.700	-0.008	-0.015	4.396
6.517	0.030	-0.022	0.474	-0.06	-0.19	-0.65	-0.56	3.10	5.35	44907	0.029	-0.024	0.702	-0.008	-0.015	4.379
6.525	0.030	-0.021	0.476	-0.08	-0.23	-0.60	0.24	1.94	5.00	44892	0.030	-0.024	0.703	-0.008	-0.014	4.362
6.534	0.030	-0.021	0.479	-0.08	-0.25	-0.55	1.29	1.66	4.85	44892	0.030	-0.023	0.705	-0.008	-0.014	4.344
6.544	0.030	-0.021	0.481	-0.07	-0.26	-0.50	1.03	-1.41	5.25	44881	0.030	-0.023	0.707	-0.008	-0.014	4.327
6.560	0.030	-0.019	0.484	-0.08	-0.25	-0.45	1.32	-2.13	5.25	44882	0.030	-0.023	0.708	-0.008	-0.014	4.310
6.566	0.030	-0.019	0.486	-0.07	-0.23	-0.40	1.26	-2.84	5.10	44895	0.030	-0.023	0.710	-0.008	-0.014	4.293
6.577	0.031	-0.016	0.488	-0.08	-0.21	-0.34	0.56	-4.02	5.16	44918	0.031	-0.022	0.712	-0.008	-0.013	4.276
6.585	0.032	-0.017	0.492	-0.07	-0.17	-0.29	0.93	-3.41	5.48	44681	0.031	-0.022	0.713	-0.008	-0.013	4.260
6.594	0.032	-0.019	0.494	-0.04	-0.13	-0.24	0.42	-3.83	5.39	44685	0.031	-0.022	0.715	-0.008	-0.013	4.243
6.603	0.034	-0.016	0.497	-0.07	-0.12	-0.19	0.84	-2.71	5.09	44697	0.032	-0.021	0.716	-0.008	-0.013	4.226
6.617	0.029	-0.021	0.499	-0.00	-0.04	-0.13	0.75	-2.30	4.95	44708	0.032	-0.021	0.718	-0.008	-0.013	4.210
6.627	0.029	-0.018	0.500	-0.03	-0.01	-0.08	0.45	-0.95	4.60	44727	0.031	-0.021	0.719	-0.008	-0.013	4.193
6.636	0.035	-0.016	0.502	-0.05	-0.05	-0.04	0.38	-0.99	4.94	44963	0.032	-0.021	0.720	-0.008	-0.012	4.176
6.644	0.029	-0.025	0.504	0.05	0.02	0.01	0.37	1.88	4.12	44987	0.032	-0.021	0.722	-0.008	-0.013	4.160
6.657	0.030	-0.025	0.506	0.05	-0.00	0.06	-0.48	1.78	3.55	45006	0.032	-0.022	0.723	-0.009	-0.013	4.143
6.666	0.028	-0.025	0.508	0.05	0.00	0.10	-0.91	2.28	4.00	45038	0.032	-0.022	0.724	-0.009	-0.013	4.127
6.676	0.029	-0.021	0.510	0.00	-0.02	0.14	-1.90	3.40	3.83	45042	0.031	-0.022	0.725	-0.009	-0.013	4.111
6.687	0.029	-0.014	0.511	-0.08	-0.06	0.18	-2.36	4.36	3.84	45070	0.031	-0.022	0.726	-0.009	-0.012	4.094
6.696	0.029	-0.019	0.513	-0.06	-0.10	0.21	-2.47	4.08	3.46	45107	0.031	-0.021	0.727	-0.009	-0.012	4.078
6.707	0.030	-0.018	0.515	-0.09	-0.14	0.25	-2.89	4.64	3.62	45132	0.031	-0.021	0.728	-0.009	-0.012	4.062
6.716	0.031	-0.016	0.516	-0.14	-0.20	0.28	-3.08	4.31	2.85	45266	0.031	-0.021	0.729	-0.009	-0.012	4.046
6.724	0.031	-0.014	0.517	-0.18	-0.25	0.31	-2.49	3.66	2.23	45306	0.031	-0.020	0.730	-0.009	-0.012	4.030
6.737	0.032	-0.014	0.519	-0.21	-0.28	0.34	-1.85	2.81	1.63	45349	0.031	-0.020	0.730	-0.009	-0.011	4.014
6.746	0.032	-0.016	0.520	-0.21	-0.31	0.36	-0.88	1.70	1.57	45384	0.032	-0.019	0.731	-0.009	-0.011	3.998
6.758	0.032	-0.014	0.522	-0.24	-0.33	0.37	-0.02	-1.07	1.45	45432	0.032	-0.019	0.732	-0.009	-0.011	3.982
6.766	0.033	-0.014	0.523	-0.24	-0.33	0.38	1.44	-1.87	1.22	45474	0.032	-0.018	0.732	-0.009	-0.011	3.966
6.776	0.033	-0.014	0.525	-0.23	-0.32	0.40	2.87	-2.39	1.42	45505	0.032	-0.018	0.733	-0.009	-0.010	3.950
6.785	0.033	-0.014	0.526	-0.20	-0.30	0.41	3.56	-2.71	0.90	45548	0.032	-0.017	0.734	-0.009	-0.010	3.934
6.794	0.035	-0.014	0.527	-0.17	-0.29	0.42	4.43	-3.70	0.63	45588	0.033	-0.017	0.734	-0.009	-0.010	3.919
6.807	0.034	-0.014	0.529	-0.13	-0.23	0.43	5.15	-5.20	0.41	45568	0.033	-0.017	0.735	-0.009	-0.010	3.903
6.816	0.032	-0.015	0.530	-0.07	-0.18	0.43	5.93	-4.08	0.59	45613	0.033	-0.017	0.735	-0.009	-0.010	3.888
6.824	0.031	-0.015	0.531	-0.01	-0.12	0.44	5.16	-4.44	0.22	45646	0.033	-0.017	0.736	-0.009	-0.010	3.872
6.837	0.031	-0.015	0.532	0.04	-0.08	0.44	5.32	-5.21	0.38	45679	0.033	-0.017	0.736	-0.009	-0.010	3.857
6.842	0.033	-0.015	0.534	0.09	-0.04	0.45	4.88	-3.46	0.27	45726	0.033	-0.017	0.737	-0.009	-0.010	3.841
6.856	0.031	-0.016	0.535	0.16	0.01	0.45	3.46	-2.31	0.72	45726	0.033	-0.017	0.737	-0.009	-0.010	3.826
6.862	0.030	-0.027	0.536	0.29	0.05	0.45	2.21	-1.69	0.21	45776	0.033	-0.018	0.737	-0.009	-0.010	3.811
6.875	0.032	-0.017	0.537	0.23	0.05	0.46	1.07	0.27	-0.42	45832	0.033	-0.018	0.738	-0.009	-0.010	3.795
6.887	0.032	-0.017	0.537	0.24	0.05	0.45	-1.36	0.93	-0.14	45893	0.033	-0.018	0.738	-0.009	-0.010	3.780
6.895	0.030	-0.028	0.538	0.33	0.07	0.45	-3.03	1.96	-0.35	45976	0.033	-0.019	0.738	-0.009	-0.010	3.765
6.902	0.029	-0.023	0.539	0.26	0.06	0.45	-4.42	4.20	-0.48	46025	0.032	-0.020	0.738	-0.010	-0.011	3.750
6.917	0.030	-0.016	0.540	0.16	0.03	0.44	-5.68	2.97	-0.62	46071	0.032	-0.019	0.739	-0.010	-0.010	3.735
6.927	0.030	-0.016	0.541	0.11	-0.01	0.44	-6.68	4.84	-1.31	46111	0.032	-0.019	0.739	-0.010	-0.010	3.720
6.936	0.030	-0.017	0.542	0.04	-0.05	0.42	-7.05	3.44	-1.18	45967	0.032	-0.019	0.739	-0.010	-0.010	3.705
6.946	0.031	-0.012	0.543	-0.07	-0.09	0.41	-6.98	2.98	-1.20	46007	0.032	-0.018	0.739	-0.010	-0.010	3.690
6.954	0.030	-0.038	0.544	0.07	-0.11	0.40	-5.98	3.38	-1.48	46047	0.032	-0.021	0.739	-0.010	-0.011	3.675
6.967	0.030	-0.038	0.545	0.00	-0.14	0.39	-4.89	1.56	-1.36	46084	0.031	-0.023	0.739	-0.010	-0.011	3.660
6.977	0.030	-0.039	0.544	-0.05	-0.16	0.37	-4.22	1.90	-0.96	46124	0.031	-0.025	0.739	-0.010	-0.012	3.646
6.986	0.031	-0.039	0.544	-0.10	-0.18	0.36	-2.64	2.21	-0.87	46481	0.031	-0.027	0.739	-0.010	-0.013	3.631
6.994	0.031	-0.039	0.545	-0.13	-0.20	0.35	-2.17	1.68	-1.07	46518	0.031	-0.029	0.739	-0.010	-0.013	3.616
7.003	0.031	-0.040	0.545	-0.15	-0.23	0.34	-2.98	-0.46	-1.16	46559	0.031	-0.030	0.739	-0.010	-0.014	3.601
7.017	0.026	-0.042	0.546	-0.16	-0.18	0.33	-2.89	-1.09	-1.07	46616	0.031	-0.032	0.739	-0.010	-0.014	3.587
7.027	0.026	-0.043	0.546	-0.19	-0.17	0.32	-3.10	-1.12	-1.11	46646	0.030	-0.034	0.738	-0.011	-0.015	3.572
7.036	0.026	-0.043	0.547	-0.22	-0.16	0.31	-3.46	-1.09	-1.40	46689	0.029	-0.035	0.738	-0.011	-0.015	3.558
7.046	0.026	-0.044	0.547	-0.26	-0.14	0.30	-4.03	-2.69	-1.10	46747	0.029	-0.036	0.738	-0.011	-0.015	3.543
7.057	0.023	-0.044	0.548	-0.29	-0.10	0.29	-3.68	-2.72	-1.04	46798	0.028	-0.038	0.738	-0.011	-0.016	3.529
7.063	0.022	-0.047	0.549	-0.31	-0.07	0.28	-4.13	-0.93	-0.92	46835	0.028	-0.039	0.738	-0.011	-0.016	3.514
7.077	0.022	-0.047	0.549	-0.35	-0.06	0.27	-4.94	-1.53	-0.88	46737	0.027	-0.040	0.737	-0.012	-0.017	3.500
7.086	0.022	-0.049	0.549	-0.39	-0.04	0.26	-5.08	-0.05	-0.70	46794	0.026	-0.042	0.737	-0.012	-0.017	3.486
7.096	0.022	-0.047	0.550	-0.46	-0.03	0.25	-5.76	1.70	-0.94	46828	0.026	-0.043	0.737	-0.012	-0.017	3.472
7.103	0.022	-0.047	0.550	-0.51	-0.04	0.25	-6.33	2.21	-1.04	46861	0.025	-0.044	0.737	-0.012	-0.017	3.457
7.113	0.021	-0.049	0.550	-0.57	-0.05	0.24	-6.42	2.10	-0.95	46980	0.025	-0.045	0.737	-0.012	-0.018	3.443
7.127	0.021	-0.050	0.550	-0.63	-0.07	0.23	-6.80	2.80	-0.77	47017	0.024	-0.046	0.736	-0.013	-0.018	3.429
7.138	0.020	-0.049	0.550	-0.70	-0.09	0.22	-5.67	3.96	-0.85	47040	0.024	-0.046	0.736	-0.013	-0.018	3.415
7.145	0.020	-0.049	0.551	-0.76	-0.13	0.21	-4.71	4.29	-0.91	47073	0.023	-0.047	0.736	-0.013	-0.018	3.401
7.153	0.019	-0.048	0.550	-0.82	-0.16	0.20	-4.34	4.33	-0.98	47173	0.023	-0.047	0.735	-0.013	-0.018	3.387
7.162	0.019	-0.049	0.551	-0.86	-0.21	0.19	-3.14	3.78	-1.08	47191	0.022	-0.048	0.735	-0.013	-0.018	3.373
7.176	0.019	-0.049	0.551	-0.90	-0.25	0.18	-1.50	3.66	-1.51	47218	0.022	-0.048	0.734	-0.013	-0.018	3.359
7.187	0.020	-0.052	0.551	-0.90	-0.29	0.17	-0.67	3.19	-1.23	47252	0.021	-0.049	0.734	-0.013	-0.018	3.345
7.197	0.017	-0.050	0.550	-0.92	-0.30	0.15	0.64	2.80	-1.63	47263	0.021	-0.049	0.733	-0.014	-0.018	3.331
7.206	0.011	-0.050	0.550	-0.92	-0.29	0.13	0.85	2.47	-2.18	47510	0.019	-0.050	0.733	-0.014	-0.018	3.318
7.217	0.010	-0.050	0.550	-0.92	-0.30	0.11	0.49	1.91	-2.06	47552	0.018	-0.050	0.732	-0.014	-0.018	3.304
7.227	0.012	-0.050	0.550	-0.92	-0.33	0.09	0.25	0.40	-2.24	47588	0.017	-0.050	0.732	-0.015	-0.018	3.290
7.237	0.010	-0.050	0.551	-0.91	-0.33	0.07	1.15	1.04	-1.35	47622	0.016	-0.051	0.731	-0.015	-0.018	3.276
7.244	0.010	-0.050	0.551	-0.90	-0.34	0.06	1.90	1.02	-0.76	47444	0.015	-0.051	0.731	-0.015	-0.018	3.263
7.255	0.006	-0.052	0.551	-0.87	-0.33	0.05	1.56	1.96	-0.86	47466	0.014	-0.051	0.730	-0.016	-0.018	3.249
7.264	0.006	-0.051	0.551	-0.87	-0.35	0.03	1.57	1.68	-2.03	47502	0.013	-0.051	0.730	-0.016	-0.018	3.236
7.277	0.006	-0.051	0.551	-0.86	-0.36	0.02	2.50	1.63	-2.49	47511	0.012	-0.051	0.729	-0.016	-0.018	3.222
7.287	0.006	-0.051	0.551	-0.84	-0.37	-0.00	3.53	2.08	-2.22	47509	0.011	-0.052	0.729	-0.017	-0.018	3.209
7.296	0.005	-0.053	0.551	-0.79	-0.38	-0.02	2.55	1.85	-1.72	47559	0.010	-0.052	0.729	-0.017	-0.018	3.195
7.306	0.004	-0.053	0.551	-0.76	-0.41	-0.03	2.83	2.16	-1.26	47581	0.009	-0.052	0.728	-0.017	-0.018	3.182
7.314	0.005	-0.052	0.551	-0.74	-0.43	-0.05	5.55	1.84	-1.02	47593	0.008	-0.052	0.728	-0.017	-0.018	3.168
7.327	0.002	-0.049	0.552	-0.71	-0.43	-0.06	4.39	2.38	-1.46	47610	0.007	-0.052	0.727	-0.017	-0.018	3.155
7.337	0.002	-0.048	0.552	-0.67	-0.46	-0.08	4.48	2.49	-0.46	47593	0.006	-0.052	0.727	-0.018	-0.018	3.142
7.346	0.002	-0.048	0.552	-0.62	-0.48	-0.09	2.23	1.35	-1.30	47606	0.005	-0.051	0.726	-0.018	-0.018	3.129
7.355	0.002	-0.048	0.552	-0.60	-0.49	-0.10	3.09	3.36	-0.68	47614	0.004	-0.051	0.726	-0.018	-0.018	3.115
7.362	-0.001	-0.047	0.552	-0.57	-0.50	-0.11	1.67	1.00	-0.34	47639	0.003	-0.051	0.725	-0.018	-0.017	3.102
7.377	-0.001	-0.045	0.552	-0.57	-0.52	-0.11	2.00	3.34	-0.90	47637	0.002	-0.050	0.725	-0.018	-0.017	3.089
7.385	-0.001	-0.045	0.552	-0.55	-0.54	-0.12	2.06	2.38	-0.22	47653	0.002	-0.050	0.724	-0.018	-0.017	3.076
7.397	-0.002	-0.044	0.552	-0.54	-0.56	-0.13	2.20	3.27	-0.91	47652	0.001	-0.049	0.724	-0.019	-0.017	3.063
7.406	-0.002	-0.044	0.552	-0.52	-0.59	-0.13	2.87	2.25	0.40	47652	-0.000	-0.048	0.723	-0.019	-0.016	3.050
7.415	-0.003	-0.043	0.552	-0.50	-0.61	-0.14	2.65	2.59	-0.81	47669	-0.001	-0.048	0.723	-0.019	-0.016	3.037
7.425	-0.002	-0.042	0.552	-0.49	-0.64	-0.14	3.68	3.56	-0.20	47668	-0.001	-0.047	0.722	-0.019	-0.016	3.024
7.437	-0.002	-0.042	0.552	-0.45	-0.68	-0.15	4.07	2.30	0.65	47661	-0.002	-0.046	0.722	-0.019	-0.016	3.011
7.446	-0.002	-0.041	0.552	-0.42	-0.71	-0.14	5.24	1.71	0.38	47662	-0.002	-0.046	0.721	-0.019	-0.015	2.998
7.456	-0.005	-0.042	0.552	-0.36	-0.70	-0.14	4.46	0.31	-0.25	47666	-0.003	-0.045	0.721	-0.019	-0.015	2.986
7.465	-0.005	-0.042	0.552	-0.31	-0.72	-0.14	5.46	0.52	-0.05	47666	-0.004	-0.045	0.720	-0.019	-0.015	2.973
7.471	-0.005	-0.041	0.552	-0.26	-0.71	-0.14	5.09	-0.79	-0.35	47659	-0.005	-0.044	0.720	-0.019	-0.015	2.960
7.486	-0.005	-0.041	0.552	-0.21	-0.71	-0.14	5.01	0.31	-0.34	47659	-0.005	-0.044	0.719	-0.019	-0.015	2.947
7.496	-0.009	-0.040	0.552	-0.16	-0.69	-0.15	5.66	-1.19	0.09	47664	-0.006	-0.043	0.719	-0.019	-0.015	2.935
7.503	-0.009	-0.040	0.552	-0.11	-0.68	-0.15	5.03	-1.89	-0.24	47661	-0.007	-0.043	0.718	-0.019	-0.014	2.922
7.515	-0.013	-0.037	0.552	-0.08	-0.64	-0.15	4.70	-1.56	-0.34	47744	-0.008	-0.042	0.718	-0.019	-0.014	2.910
7.524	-0.014	-0.037	0.552	-0.03	-0.63	-0.15	4.28	-0.46	-0.32	47765	-0.010	-0.041	0.717	-0.020	-0.014	2.897
7.536	-0.012	-0.036	0.552	0.01	-0.63	-0.16	3.37	-1.13	-0.27	47786	-0.010	-0.041	0.717	-0.020	-0.014	2.885
7.547	-0.010	-0.032	0.550	0.04	-0.63	-0.16	3.15	-1.55	-1.39	47790	-0.011	-0.039	0.716	-0.020	-0.013	2.872
7.555	-0.010	-0.032	0.550	0.07	-0.61	-0.17	4.08	-0.49	-2.12	48044	-0.011	-0.038	0.715	-0.020	-0.013	2.859
7.564	-0.010	-0.032	0.550	0.11	-0.61	-0.19	5.09	0.04	-1.03	48060	-0.012	-0.038	0.714	-0.019	-0.013	2.847
7.572	-0.010	-0.031	0.550	0.15	-0.60	-0.21	4.93	-1.12	-0.08	48090	-0.012	-0.037	0.714	-0.019	-0.012	2.835
7.586	-0.010	-0.030	0.550	0.20	-0.59	-0.21	4.71	-2.29	-0.54	48091	-0.013	-0.036	0.713	-0.019	-0.012	2.822
7.597	-0.010	-0.030	0.550	0.24	-0.58	-0.21	4.54	-1.33	-0.79	48160	-0.013	-0.035	0.712	-0.019	-0.012	2.810
7.607	-0.010	-0.025	0.549	0.26	-0.56	-0.22	5.72	-2.89	-0.56	48181	-0.013	-0.034	0.712	-0.019	-0.011	2.798
7.615	-0.010	-0.024	0.549	0.32	-0.53	-0.23	5.95	-1.86	-0.70	48188	-0.014	-0.032	0.711	-0.019	-0.011	2.785
7.622	-0.011	-0.024	0.549	0.37	-0.51	-0.23	5.65	-3.79	-0.14	48179	-0.014	-0.031	0.710	-0.019	-0.011	2.773
7.637	-0.011	-0.023	0.549	0.43	-0.48	-0.23	5.18	-2.61	0.73	48173	-0.014	-0.030	0.710	-0.018	-0.010	2.761
7.646	-0.011	-0.023	0.549	0.48	-0.45	-0.23	4.79	-0.57	0.29	48197	-0.014	-0.029	0.709	-0.018	-0.010	2.749
7.653	-0.011	-0.023	0.549	0.53	-0.44	-0.23	3.33	-1.10	-0.84	48209	-0.014	-0.028	0.708	-0.018	-0.010	2.737
7.663	-0.010	-0.022	0.549	0.57	-0.43	-0.23	1.92	-1.87	0.63	48203	-0.015	-0.027	0.708	-0.018	-0.009	2.725
7.671	-0.011	-0.021	0.549	0.58	-0.41	-0.23	0.75	-2.26	-0.79	48198	-0.015	-0.026	0.707	-0.018	-0.009	2.713
7.687	-0.009	-0.019	0.549	0.58	-0.40	-0.24	0.65	-0.93	0.36	48192	-0.015	-0.025	0.707	-0.017	-0.009	2.701
7.697	-0.012	-0.019	0.549	0.59	-0.37	-0.23	-1.05	-2.34	-0.37	48194	-0.015	-0.024	0.706	-0.017	-0.009	2.689
7.704	-0.010	-0.019	0.549	0.58	-0.36	-0.24	-1.02	-2.00	0.47	48183	-0.015	-0.024	0.706	-0.017	-0.008	2.677
7.716	-0.010	-0.019	0.549	0.57	-0.34	-0.24	-1.23	-1.55	-0.79	48163	-0.015	-0.023	0.705	-0.017	-0.008	2.665
7.722	-0.010	-0.017	0.548	0.55	-0.32	-0.24	-1.26	-1.92	0.72	48154	-0.015	-0.022	0.704	-0.016	-0.008	2.653
7.732	-0.010	-0.016	0.547	0.54	-0.30	-0.24	0.31	-1.27	-0.67	48343	-0.015	-0.021	0.704	-0.016	-0.008	2.641
7.745	-0.010	-0.015	0.547	0.53	-0.28	-0.25	-0.21	-2.29	-1.34	48329	-0.015	-0.020	0.703	-0.016	-0.007	2.629
7.756	-0.009	-0.015	0.547	0.54	-0.27	-0.26	0.63	-1.68	0.51	48321	-0.015	-0.019	0.702	-0.015	-0.007	2.618
7.762	-0.009	-0.013	0.546	0.53	-0.24	-0.26	1.59	-1.35	-0.53	48316	-0.015	-0.019	0.702	-0.015	-0.007	2.606
7.770	-0.009	-0.013	0.546	0.55	-0.23	-0.26	1.74	-1.24	-1.22	48467	-0.015	-0.018	0.701	-0.015	-0.007	2.594
7.787	-0.009	-0.012	0.546	0.57	-0.22	-0.27	3.38	-1.74	-0.43	48450	-0.015	-0.017	0.700	-0.015	-0.006	2.582
7.796	-0.009	-0.012	0.546	0.59	-0.20	-0.28	2.90	-2.48	-0.99	48445	-0.015	-0.016	0.700	-0.014	-0.006	2.571
7.806	-0.009	-0.012	0.546	0.63	-0.18	-0.29	3.74	-1.95	-0.15	48446	-0.015	-0.016	0.699	-0.014	-0.006	2.559
7.816	-0.009	-0.011	0.546	0.66	-0.16	-0.29	2.99	-2.48	0.61	48373	-0.015	-0.015	0.699	-0.014	-0.006	2.548
7.823	-0.007	-0.005	0.546	0.66	-0.14	-0.29	2.45	-2.26	0.25	48359	-0.014	-0.014	0.698	-0.013	-0.005	2.536
7.832	-0.003	-0.008	0.546	0.71	-0.14	-0.29	2.18	-1.67	-0.00	48338	-0.013	-0.013	0.697	-0.013	-0.005	2.525
7.846	-0.006	-0.004	0.546	0.71	-0.10	-0.28	1.42	-1.35	-0.07	48324	-0.013	-0.012	0.697	-0.012	-0.005	2.513
7.856	-0.005	-0.004	0.546	0.73	-0.09	-0.28	1.18	-1.25	-0.02	48308	-0.013	-0.011	0.696	-0.012	-0.004	2.502
7.865	-0.005	-0.004	0.546	0.74	-0.08	-0.28	0.49	-1.02	0.28	48380	-0.012	-0.010	0.696	-0.012	-0.004	2.490
7.874	-0.003	-0.004	0.546	0.74	-0.08	-0.27	0.42	-0.50	0.18	48355	-0.012	-0.009	0.695	-0.011	-0.004	2.479
7.882	-0.003	-0.004	0.546	0.75	-0.07	-0.27	-0.23	-0.44	-0.12	48329	-0.011	-0.008	0.695	-0.011	-0.004	2.468
7.896	-0.003	-0.003	0.546	0.74	-0.06	-0.27	-0.73	-0.27	-0.12	48312	-0.011	-0.008	0.694	-0.010	-0.003	2.457
7.906	-0.001	-0.004	0.546	0.73	-0.07	-0.27	-1.31	-1.02	-0.85	48187	-0.010	-0.007	0.694	-0.010	-0.003	2.445
7.915	-0.001	-0.003	0.546	0.72	-0.06	-0.27	-1.45	-1.00	-0.66	48149	-0.010	-0.006	0.693	-0.009	-0.003	2.434
7.925	-0.000	-0.003	0.546	0.71	-0.05	-0.28	-1.75	-1.14	-0.44	48122	-0.009	-0.006	0.693	-0.009	-0.003	2.423
7.931	-0.001	-0.000	0.546	0.68	-0.03	-0.28	-2.25	-1.33	-0.82	48101	-0.009	-0.005	0.693	-0.009	-0.003	2.412
7.946	-0.001	-0.003	0.546	0.67	-0.01	-0.29	-2.85	-2.17	-0.51	48067	-0.008	-0.005	0.692	-0.008	-0.003	2.401
7.956	0.000	-0.002	0.546	0.65	-0.00	-0.30	-2.69	-2.99	-0.58	48069	-0.008	-0.005	0.692	-0.008	-0.002	2.390
7.965	-0.000	-0.007	0.547	0.65	0.03	-0.31	-1.55	-1.59	-0.87	48036	-0.007	-0.005	0.691	-0.007	-0.003	2.379
7.973	-0.000	-0.007	0.547	0.63	0.04	-0.32	-2.47	-3.04	0.06	48010	-0.007	-0.005	0.691	-0.007	-0.003	2.368
7.981	-0.000	-0.007	0.546	0.61	0.07	-0.32	-1.38	-2.09	-0.31	47988	-0.006	-0.005	0.690	-0.007	-0.003	2.357
7.996	0.002	-0.007	0.546	0.59	0.08	-0.32	-1.74	-2.12	-0.91	48094	-0.006	-0.005	0.690	-0.006	-0.003	2.346
8.006	0.003	-0.006	0.546	0.57	0.09	-0.33	-1.98	-3.21	0.06	48062	-0.005	-0.005	0.689	-0.006	-0.003	2.335
8.015	0.005	-0.006	0.546	0.55	0.12	-0.33	-1.32	-3.34	0.15	48027	-0.004	-0.006	0.689	-0.005	-0.003	2.324
8.025	0.005	-0.006	0.547	0.54	0.15	-0.33	-0.77	-2.86	0.33	47998	-0.004	-0.006	0.688	-0.005	-0.003	2.314
8.033	0.007	-0.006	0.546	0.53	0.17	-0.33	-0.53	-2.28	-0.26	48176	-0.003	-0.006	0.688	-0.005	-0.003	2.303
8.047	0.007	-0.006	0.546	0.52	0.19	-0.33	-0.89	-3.09	-0.98	48150	-0.002	-0.006	0.687	-0.004	-0.003	2.292
8.057	0.007	-0.006	0.546	0.52	0.22	-0.34	-1.49	-3.97	0.44	48126	-0.001	-0.006	0.687	-0.004	-0.003	2.281
8.067	0.006	-0.008	0.546	0.51	0.26	-0.34	-1.74	-3.49	0.47	48125	-0.001	-0.006	0.686	-0.003	-0.003	2.271
8.076	0.008	-0.010	0.546	0.51	0.30	-0.33	-2.32	-3.27	0.88	48117	0.000	-0.007	0.686	-0.003	-0.003	2.260
8.083	0.008	-0.010	0.546	0.49	0.33	-0.32	-3.14	-3.36	1.06	48111	0.001	-0.007	0.685	-0.003	-0.003	2.250
8.093	0.008	-0.010	0.546	0.46	0.36	-0.32	-4.82	-1.89	0.59	48095	0.001	-0.008	0.685	-0.002	-0.003	2.239
8.106	0.018	-0.009	0.546	0.41	0.34	-0.31	-12.04	0.13	0.83	48085	0.003	-0.008	0.684	-0.001	-0.003	2.229
8.116	0.018	-0.009	0.547	0.32	0.35	-0.30	-23.15	0.52	1.09	48082	0.005	-0.008	0.684	-0.001	-0.004	2.218
8.125	0.018	-0.009	0.548	0.13	0.35	-0.29	-35.10	2.04	0.92	47905	0.006	-0.008	0.684	-0.000	-0.004	2.208
8.134	0.018	-0.011	0.548	-0.16	0.34	-0.28	-47.46	2.12	0.92	47892	0.007	-0.009	0.684	0.000	-0.004	2.198
8.142	0.021	-0.003	0.548	-0.63	0.31	-0.27	-58.19	2.06	0.67	47884	0.009	-0.008	0.683	0.001	-0.003	2.187
8.157	0.021	-0.011	0.548	-1.14	0.29	-0.26	-66.59	0.93	0.66	47874	0.010	-0.009	0.683	0.002	-0.004	2.177
8.165	0.023	-0.004	0.549	-1.82	0.27	-0.26	-70.70	-0.69	0.66	47852	0.011	-0.008	0.683	0.002	-0.003	2.167
8.175	0.020	-0.007	0.549	-2.50	0.28	-0.25	-71.60	-0.94	0.57	47792	0.012	-0.008	0.682	0.003	-0.003	2.157
8.183	0.019	-0.007	0.549	-3.22	0.30	-0.24	-67.63	-1.38	0.83	47770	0.013	-0.008	0.682	0.003	-0.003	2.147
8.197	0.021	-0.008	0.549	-3.90	0.31	-0.23	-61.11	-2.92	1.33	47733	0.014	-0.008	0.682	0.003	-0.003	2.137
8.208	0.020	-0.006	0.551	-4.55	0.34	-0.21	-51.99	-4.15	1.63	47710	0.015	-0.008	0.682	0.003	-0.003	2.127
8.216	0.019	-0.012	0.551	-5.07	0.38	-0.19	-40.79	-3.39	1.81	47438	0.015	-0.008	0.682	0.004	-0.003	2.117
8.227	0.023	-0.012	0.551	-5.52	0.40	-0.17	-29.83	-2.91	1.73	47395	0.016	-0.009	0.681	0.004	-0.003	2.107
8.235	0.019	-0.013	0.552	-5.85	0.45	-0.15	-18.38	-4.04	1.65	47359	0.016	-0.009	0.681	0.004	-0.004	2.097
8.244	0.019	-0.015	0.552	-6.06	0.49	-0.13	-7.52	-2.61	2.07	47328	0.017	-0.009	0.681	0.004	-0.004	2.087
8.258	0.018	-0.016	0.555	-6.17	0.52	-0.11	1.80	-0.11	2.18	46732	0.017	-0.010	0.681	0.004	-0.004	2.078
8.266	0.020	-0.015	0.556	-6.19	0.52	-0.08	8.39	-1.44	2.76	46687	0.017	-0.010	0.682	0.004	-0.004	2.068
8.276	0.019	-0.015	0.556	-6.13	0.53	-0.06	12.37	-1.99	2.95	46659	0.017	-0.010	0.682	0.005	-0.005	2.059
8.285	0.023	-0.014	0.557	-6.02	0.53	-0.03	15.25	-1.59	3.50	46636	0.018	-0.010	0.682	0.005	-0.005	2.049
8.293	0.022	-0.013	0.558	-5.88	0.54	0.00	14.72	-2.70	2.48	46610	0.019	-0.010	0.682	0.005	-0.005	2.040
8.306	0.022	-0.014	0.559	-5.72	0.57	0.04	15.62	-2.71	3.05	46481	0.019	-0.009	0.682	0.005	-0.005	2.031
8.316	0.021	-0.011	0.559	-5.57	0.60	0.07	13.60	-2.59	3.43	46479	0.019	-0.009	0.682	0.005	-0.005	2.021
8.323	0.023	-0.010	0.560	-5.43	0.61	0.11	11.74	-3.58	3.32	46472	0.020	-0.008	0.682	0.005	-0.006	2.012
8.336	0.024	-0.011	0.560	-5.28	0.64	0.14	8.21	-5.20	2.35	46460	0.020	-0.008	0.682	0.006	-0.006	2.003
8.343	0.025	-0.009	0.560	-5.19	0.68	0.17	6.43	-4.55	1.80	46544	0.021	-0.007	0.682	0.006	-0.006	1.994
8.350	0.024	-0.003	0.561	-5.15	0.73	0.20	4.36	-4.43	2.62	46561	0.021	-0.005	0.681	0.006	-0.006	1.984
8.367	0.027	-0.003	0.561	-5.09	0.76	0.23	0.76	-6.17	1.02	46567	0.022	-0.004	0.681	0.006	-0.006	1.975
8.377	0.026	-0.002	0.561	-5.07	0.82	0.25	0.21	-5.50	1.06	46576	0.023	-0.002	0.681	0.006	-0.006	1.966
8.386	0.027	0.001	0.560	-5.07	0.88	0.27	1.07	-4.04	1.81	46843	0.024	-0.001	0.681	0.006	-0.006	1.957
8.392	0.026	0.003	0.561	-5.06	0.92	0.28	2.39	-3.88	1.93	46876	0.024	0.001	0.680	0.007	-0.006	1.948
8.407	0.026	0.005	0.561	-5.05	0.96	0.31	4.65	-3.32	2.91	46901	0.024	0.003	0.680	0.007	-0.005	1.939
8.416	0.025	0.011	0.561	-5.03	1.00	0.34	7.88	-2.40	3.19	46922	0.025	0.006	0.679	0.007	-0.005	1.930
8.425	0.025	0.012	0.560	-4.96	1.03	0.37	11.53	-2.60	3.28	46953	0.025	0.008	0.678	0.007	-0.005	1.921
8.436	0.025	0.015	0.560	-4.85	1.05	0.40	15.62	-1.57	3.64	47364	0.025	0.011	0.678	0.007	-0.005	1.912
8.442	0.025	0.018	0.560	-4.71	1.06	0.44	19.10	-1.95	3.43	47400	0.025	0.013	0.677	0.007	-0.004	1.903
8.457	0.024	0.023	0.560	-4.53	1.08	0.48	22.19	-2.26	4.69	47436	0.026	0.016	0.676	0.006	-0.004	1.894
8.466	0.024	0.022	0.560	-4.30	1.10	0.52	24.53	-2.87	4.88	47475	0.026	0.019	0.676	0.006	-0.004	1.886
8.476	0.027	0.026	0.559	-4.07	1.10	0.58	26.26	-3.29	2.73	47746	0.026	0.022	0.675	0.006	-0.004	1.877
8.484	0.025	0.026	0.559	-3.80	1.15	0.61	27.86	-3.16	3.21	47767	0.026	0.024	0.674	0.006	-0.004	1.868
8.494	0.022	0.033	0.559	-3.55	1.19	0.65	26.95	-2.94	3.41	47806	0.026	0.028	0.673	0.006	-0.003	1.859
8.502	0.022	0.029	0.559	-3.24	1.22	0.68	26.19	-3.72	3.14	47833	0.026	0.030	0.673	0.006	-0.003	1.851
8.516	0.021	0.034	0.557	-3.00	1.25	0.72	24.10	-3.89	3.37	47875	0.026	0.033	0.672	0.006	-0.003	1.842
8.527	0.021	0.036	0.557	-2.75	1.29	0.75	22.96	-3.38	3.74	48310	0.026	0.035	0.671	0.005	-0.003	1.833
8.535	0.020	0.042	0.556	-2.54	1.32	0.79	21.35	-3.51	3.60	48362	0.025	0.038	0.670	0.005	-0.003	1.825
8.544	0.020	0.044	0.556	-2.32	1.36	0.83	20.40	-3.07	3.15	48405	0.025	0.042	0.669	0.005	-0.003	1.816
8.553	0.019	0.049	0.555	-2.13	1.39	0.86	19.06	-0.86	3.44	48428	0.025	0.045	0.668	0.005	-0.003	1.808
8.566	0.019	0.047	0.554	-1.91	1.40	0.89	17.99	-1.27	2.97	48693	0.024	0.048	0.667	0.004	-0.003	1.799
8.576	0.019	0.050	0.554	-1.73	1.41	0.92	16.20	0.48	2.80	48744	0.024	0.050	0.666	0.004	-0.003	1.790
8.582	0.019	0.053	0.554	-1.57	1.41	0.95	14.83	1.46	2.73	48770	0.024	0.053	0.665	0.004	-0.003	1.782
8.593	0.020	0.058	0.553	-1.43	1.39	0.98	13.62	1.83	2.73	48794	0.024	0.056	0.665	0.004	-0.003	1.774
8.602	0.019	0.056	0.552	-1.26	1.37	1.01	13.30	3.99	2.49	49092	0.024	0.059	0.664	0.003	-0.003	1.765
8.616	0.019	0.063	0.551	-1.15	1.33	1.03	12.35	2.67	1.81	49127	0.024	0.062	0.663	0.003	-0.003	1.757
8.626	0.020	0.069	0.551	-1.04	1.30	1.05	12.53	2.78	1.98	49142	0.024	0.065	0.662	0.003	-0.003	1.748
8.636	0.020	0.070	0.550	-0.91	1.27	1.07	12.32	2.02	1.51	49155	0.024	0.069	0.661	0.003	-0.003	1.740
8.644	0.021	0.070	0.551	-0.77	1.24	1.09	11.98	1.12	1.57	49169	0.024	0.071	0.660	0.003	-0.003	1.732
8.653	0.023	0.072	0.551	-0.64	1.22	1.10	12.09	0.07	1.38	48930	0.024	0.074	0.660	0.003	-0.003	1.723
8.666	0.021	0.075	0.551	-0.52	1.22	1.12	12.85	-0.43	1.45	48928	0.025	0.077	0.659	0.002	-0.003	1.715
8.676	0.021	0.077	0.550	-0.38	1.22	1.13	12.84	-1.42	1.96	48917	0.025	0.080	0.659	0.002	-0.003	1.707
8.687	0.019	0.081	0.550	-0.26	1.24	1.15	12.39	-2.03	2.18	48909	0.025	0.082	0.658	0.002	-0.003	1.699
8.693	0.018	0.086	0.551	-0.15	1.26	1.16	12.89	-2.19	1.79	48759	0.024	0.086	0.658	0.002	-0.003	1.691
8.703	0.019	0.084	0.550	0.01	1.27	1.18	12.61	-1.98	1.69	48737	0.024	0.088	0.657	0.001	-0.003	1.682
8.713	0.017	0.089	0.550	0.12	1.30	1.20	12.12	-2.15	1.83	48712	0.024	0.091	0.657	0.001	-0.003	1.674
8.727	0.017	0.088	0.550	0.27	1.32	1.22	11.52	-1.40	2.05	48700	0.024	0.093	0.656	0.001	-0.004	1.666
8.736	0.019	0.093	0.549	0.38	1.32	1.24	9.98	-0.12	1.99	48700	0.024	0.096	0.656	0.000	-0.004	1.658
8.745	0.021	0.093	0.549	0.50	1.31	1.26	8.66	-0.40	2.67	48754	0.024	0.098	0.655	0.000	-0.004	1.650
8.754	0.019	0.099	0.549	0.57	1.32	1.29	6.71	2.58	2.35	48731	0.024	0.101	0.655	-0.000	-0.004	1.642
8.760	0.020	0.098	0.549	0.66	1.30	1.31	5.22	2.62	3.08	48719	0.024	0.103	0.654	-0.000	-0.004	1.634
8.777	0.020	0.105	0.549	0.70	1.27	1.34	3.33	4.13	3.55	48725	0.025	0.106	0.654	-0.001	-0.004	1.626
8.786	0.021	0.104	0.549	0.76	1.22	1.38	1.01	2.73	3.69	48618	0.025	0.108	0.653	-0.001	-0.005	1.618
8.794	0.022	0.108	0.549	0.77	1.19	1.41	1.11	3.09	4.09	48593	0.025	0.111	0.653	-0.001	-0.005	1.611
8.804	0.022	0.108	0.549	0.80	1.15	1.46	0.46	1.11	5.13	48564	0.026	0.113	0.652	-0.001	-0.005	1.603
8.817	0.021	0.113	0.549	0.79	1.14	1.51	-0.01	-0.02	5.26	48546	0.026	0.116	0.652	-0.001	-0.005	1.595
8.826	0.021	0.114	0.550	0.80	1.14	1.55	0.17	-1.38	5.53	48361	0.026	0.118	0.652	-0.002	-0.005	1.587
8.836	0.021	0.116	0.550	0.80	1.15	1.60	0.51	-2.20	5.49	48334	0.026	0.120	0.651	-0.002	-0.006	1.579
8.842	0.021	0.118	0.550	0.81	1.17	1.66	1.29	-2.36	5.72	48291	0.026	0.122	0.651	-0.002	-0.006	1.572
8.853	0.021	0.124	0.550	0.80	1.20	1.71	1.22	-3.70	5.64	48256	0.026	0.125	0.651	-0.002	-0.006	1.564
8.863	0.020	0.127	0.551	0.81	1.24	1.77	1.80	-3.84	6.13	48242	0.026	0.128	0.651	-0.003	-0.006	1.556
8.875	0.019	0.132	0.551	0.82	1.28	1.83	1.15	-4.64	6.02	48034	0.026	0.131	0.650	-0.003	-0.006	1.549
8.884	0.019	0.134	0.551	0.83	1.32	1.89	2.36	-5.26	6.62	47993	0.026	0.134	0.650	-0.003	-0.006	1.541
8.896	0.018	0.137	0.551	0.85	1.37	1.95	0.93	-3.93	6.81	47953	0.026	0.137	0.650	-0.004	-0.006	1.534
8.903	0.018	0.142	0.551	0.85	1.41	2.02	-0.04	-4.32	6.57	47923	0.026	0.140	0.650	-0.004	-0.006	1.526
8.914	0.017	0.143	0.553	0.86	1.45	2.09	-0.63	-1.76	6.56	47597	0.026	0.142	0.650	-0.005	-0.006	1.519
8.926	0.017	0.146	0.553	0.85	1.48	2.15	-1.38	-1.67	6.44	47550	0.026	0.145	0.650	-0.005	-0.006	1.512
8.936	0.017	0.149	0.553	0.84	1.50	2.22	-3.19	-1.41	5.98	47515	0.025	0.148	0.650	-0.006	-0.006	1.504
8.946	0.017	0.151	0.553	0.81	1.51	2.28	-2.63	-0.46	6.17	47489	0.025	0.151	0.650	-0.006	-0.006	1.497
8.954	0.017	0.154	0.554	0.79	1.51	2.34	-2.17	-0.30	5.77	47465	0.025	0.154	0.649	-0.006	-0.006	1.490
8.962	0.016	0.156	0.554	0.77	1.51	2.40	-1.93	-1.17	5.17	47405	0.025	0.156	0.649	-0.007	-0.006	1.483
8.976	0.016	0.159	0.554	0.74	1.53	2.45	-1.27	-0.84	5.24	47394	0.025	0.159	0.649	-0.007	-0.006	1.475
8.985	0.014	0.164	0.555	0.71	1.54	2.50	-0.61	-1.48	4.80	47387	0.024	0.162	0.649	-0.008	-0.005	1.468
8.995	0.013	0.167	0.555	0.70	1.56	2.55	0.37	-2.60	5.07	47363	0.024	0.165	0.649	-0.008	-0.005	1.461
9.004	0.013	0.169	0.556	0.70	1.58	2.60	0.99	-2.12	5.24	47268	0.024	0.168	0.649	-0.009	-0.005	1.454
9.012	0.013	0.173	0.556	0.71	1.60	2.65	0.71	-1.99	5.49	47267	0.023	0.171	0.648	-0.009	-0.005	1.447
9.027	0.013	0.175	0.556	0.72	1.61	2.71	0.57	-1.60	4.98	47250	0.023	0.174	0.648	-0.010	-0.005	1.440
9.034	0.011	0.178	0.556	0.73	1.63	2.76	0.12	-1.07	4.97	47240	0.022	0.176	0.648	-0.011	-0.005	1.433
9.045	0.010	0.181	0.557	0.73	1.64	2.81	-0.56	-0.78	4.06	47121	0.022	0.179	0.648	-0.011	-0.005	1.426
9.054	0.009	0.184	0.558	0.72	1.65	2.85	-0.65	-1.14	3.61	47118	0.021	0.182	0.648	-0.012	-0.005	1.419
9.063	0.009	0.186	0.558	0.72	1.65	2.88	-1.25	0.13	3.37	47119	0.021	0.185	0.648	-0.012	-0.005	1.413
9.070	0.007	0.192	0.558	0.69	1.65	2.92	-1.53	0.33	3.32	47134	0.020	0.188	0.647	-0.013	-0.005	1.406
9.087	0.006	0.194	0.559	0.67	1.65	2.95	-2.23	0.80	2.73	47141	0.019	0.191	0.647	-0.014	-0.004	1.399
9.096	0.007	0.198	0.559	0.64	1.64	2.98	-3.13	1.52	2.80	47092	0.019	0.194	0.647	-0.014	-0.004	1.392
9.103	0.007	0.201	0.559	0.61	1.62	3.01	-3.74	1.35	2.92	47108	0.018	0.197	0.647	-0.015	-0.004	1.386
9.115	0.007	0.207	0.559	0.55	1.59	3.04	-4.09	1.39	2.06	47115	0.018	0.201	0.647	-0.015	-0.004	1.379
9.126	0.003	0.209	0.561	0.51	1.60	3.05	-4.41	0.99	1.73	47108	0.017	0.204	0.647	-0.016	-0.003	1.372
9.135	0.001	0.212	0.561	0.46	1.59	3.07	-4.80	-0.38	0.75	46946	0.016	0.207	0.646	-0.017	-0.003	1.366
9.146	0.000	0.215	0.561	0.42	1.59	3.08	-2.22	-0.24	0.95	46976	0.015	0.210	0.646	-0.018	-0.003	1.360
9.155	-0.001	0.214	0.561	0.41	1.59	3.09	-1.02	-1.16	-0.19	46990	0.014	0.213	0.646	-0.018	-0.003	1.353
9.168	-0.002	0.216	0.561	0.40	1.60	3.09	0.61	-0.65	-0.04	47012	0.013	0.216	0.646	-0.019	-0.003	1.347
9.173	-0.007	0.222	0.563	0.38	1.63	3.09	1.02	-0.67	-0.55	47039	0.012	0.219	0.646	-0.020	-0.003	1.340
9.185	-0.009	0.224	0.563	0.39	1.63	3.08	1.73	-0.45	-1.14	46871	0.010	0.222	0.646	-0.021	-0.003	1.334
9.196	-0.009	0.229	0.563	0.40	1.63	3.08	2.94	0.69	-1.61	46888	0.009	0.225	0.646	-0.022	-0.002	1.328
9.205	-0.006	0.226	0.563	0.46	1.60	3.05	3.72	1.93	-1.57	46908	0.008	0.227	0.645	-0.023	-0.002	1.322
9.216	-0.007	0.230	0.563	0.50	1.59	3.04	4.08	2.30	-1.55	46922	0.007	0.230	0.645	-0.024	-0.002	1.315
9.225	-0.009	0.232	0.563	0.54	1.56	3.02	3.30	2.68	-1.65	47066	0.006	0.232	0.645	-0.024	-0.002	1.309
9.235	-0.015	0.237	0.563	0.56	1.56	3.01	2.25	2.80	-1.41	47105	0.005	0.235	0.644	-0.025	-0.002	1.303
9.245	-0.016	0.239	0.563	0.58	1.53	3.00	0.80	3.45	-1.54	47124	0.003	0.238	0.644	-0.026	-0.002	1.297
9.257	-0.017	0.240	0.563	0.61	1.49	2.98	-0.52	4.85	-1.62	47157	0.002	0.240	0.644	-0.027	-0.002	1.291
9.269	-0.017	0.240	0.565	0.62	1.43	2.96	-0.62	6.44	-2.49	47015	0.000	0.243	0.643	-0.028	-0.002	1.285
9.272	-0.016	0.246	0.565	0.59	1.35	2.94	-2.01	4.95	-3.78	47032	-0.001	0.245	0.643	-0.029	-0.002	1.279
9.286	-0.016	0.245	0.565	0.59	1.29	2.90	-3.60	4.21	-3.42	47051	-0.002	0.247	0.643	-0.030	-0.002	1.273
9.296	-0.017	0.245	0.565	0.58	1.24	2.87	-4.22	3.01	-3.58	47088	-0.003	0.249	0.643	-0.030	-0.003	1.267
9.306	-0.016	0.248	0.565	0.54	1.19	2.83	-4.03	1.74	-4.59	47130	-0.003	0.251	0.642	-0.031	-0.003	1.261
9.314	-0.020	0.254	0.565	0.47	1.18	2.79	-3.42	1.06	-4.33	47149	-0.004	0.254	0.642	-0.032	-0.003	1.255
9.322	-0.023	0.253	0.565	0.46	1.18	2.75	-4.16	-1.07	-3.42	47190	-0.006	0.256	0.642	-0.033	-0.003	1.250
9.336	-0.023	0.258	0.565	0.40	1.18	2.71	-3.07	-2.30	-4.12	47226	-0.007	0.258	0.641	-0.033	-0.003	1.244
9.344	-0.026	0.258	0.565	0.38	1.20	2.67	-2.49	-1.52	-3.89	47245	-0.008	0.260	0.641	-0.034	-0.003	1.238
9.355	-0.025	0.260	0.565	0.37	1.21	2.62	-2.49	-1.86	-4.68	47275	-0.009	0.262	0.640	-0.035	-0.003	1.232
9.366	-0.027	0.262	0.565	0.34	1.23	2.58	-1.83	-2.04	-4.39	47322	-0.011	0.264	0.640	-0.036	-0.003	1.227
9.369	-0.027	0.263	0.565	0.34	1.23	2.53	-1.54	-0.93	-4.43	47353	-0.012	0.266	0.640	-0.037	-0.004	1.221
9.386	-0.028	0.265	0.565	0.32	1.25	2.49	-0.92	-0.43	-4.27	47377	-0.013	0.268	0.639	-0.037	-0.004	1.215
9.394	-0.029	0.264	0.563	0.33	1.25	2.44	-1.05	0.51	-4.61	47692	-0.014	0.270	0.638	-0.038	-0.004	1.210
9.404	-0.031	0.267	0.563	0.32	1.25	2.40	-1.07	0.74	-4.50	47726	-0.015	0.272	0.638	-0.039	-0.004	1.204
9.414	-0.032	0.271	0.563	0.30	1.23	2.35	-0.92	2.02	-4.18	47757	-0.017	0.274	0.637	-0.040	-0.004	1.198
9.422	-0.033	0.270	0.563	0.31	1.21	2.31	-0.61	1.75	-4.10	47803	-0.018	0.275	0.636	-0.041	-0.005	1.193
9.434	-0.035	0.272	0.562	0.31	1.19	2.27	-0.98	3.02	-4.37	47843	-0.019	0.277	0.636	-0.041	-0.005	1.187
9.445	-0.035	0.273	0.561	0.30	1.15	2.22	-1.05	2.13	-4.19	48057	-0.020	0.278	0.635	-0.042	-0.005	1.182
9.456	-0.037	0.275	0.561	0.30	1.13	2.18	-1.49	2.60	-4.42	48091	-0.021	0.280	0.634	-0.043	-0.006	1.176
9.463	-0.041	0.279	0.561	0.27	1.12	2.14	-2.22	1.96	-4.46	48136	-0.023	0.282	0.633	-0.044	-0.006	1.171
9.471	-0.043	0.282	0.561	0.25	1.10	2.09	-2.24	-0.27	-4.86	48171	-0.025	0.284	0.633	-0.045	-0.006	1.165
9.482	-0.044	0.283	0.560	0.24	1.10	2.04	-1.83	0.28	-4.78	48156	-0.026	0.286	0.632	-0.046	-0.006	1.160
9.496	-0.047	0.287	0.560	0.21	1.10	2.00	-2.14	-0.85	-5.17	48190	-0.028	0.288	0.631	-0.047	-0.006	1.154
9.505	-0.046	0.288	0.560	0.20	1.09	1.95	-1.65	-0.46	-5.55	48216	-0.030	0.290	0.631	-0.048	-0.006	1.149
9.516	-0.048	0.290	0.559	0.18	1.09	1.89	-1.02	-0.76	-5.59	48240	-0.031	0.292	0.630	-0.048	-0.006	1.143
9.523	-0.050	0.292	0.559	0.18	1.10	1.84	0.40	-0.53	-5.60	48295	-0.033	0.294	0.629	-0.049	-0.006	1.138
9.533	-0.050	0.293	0.559	0.19	1.08	1.78	1.15	0.30	-4.97	48321	-0.034	0.296	0.629	-0.050	-0.006	1.133
9.545	-0.049	0.290	0.558	0.23	1.06	1.72	2.66	-0.91	-5.19	48333	-0.035	0.297	0.628	-0.051	-0.007	1.128
9.555	-0.044	0.289	0.558	0.28	1.03	1.67	3.43	-0.49	-4.76	48353	-0.036	0.298	0.628	-0.051	-0.007	1.122
9.563	-0.054	0.292	0.558	0.31	1.09	1.62	3.50	-0.35	-5.17	48381	-0.037	0.299	0.627	-0.052	-0.008	1.117
9.574	-0.056	0.294	0.557	0.34	1.09	1.57	3.21	-0.90	-4.84	48368	-0.039	0.300	0.626	-0.053	-0.008	1.112
9.587	-0.057	0.293	0.557	0.40	1.09	1.52	2.70	-0.87	-4.81	48374	-0.040	0.301	0.626	-0.054	-0.008	1.107
9.595	-0.058	0.296	0.557	0.41	1.10	1.47	2.14	-0.16	-4.23	48377	-0.042	0.303	0.625	-0.055	-0.009	1.101
9.604	-0.060	0.302	0.556	0.41	1.10	1.43	0.46	-0.26	-3.93	48390	-0.043	0.304	0.624	-0.055	-0.009	1.096
9.615	-0.063	0.304	0.555	0.42	1.11	1.39	0.09	0.78	-3.56	48580	-0.045	0.306	0.624	-0.056	-0.009	1.091
9.625	-0.064	0.306	0.555	0.42	1.10	1.35	-1.21	-0.10	-3.59	48591	-0.047	0.308	0.623	-0.057	-0.009	1.086
9.633	-0.064	0.307	0.554	0.42	1.08	1.31	-0.97	0.60	-3.26	48589	-0.048	0.310	0.622	-0.058	-0.009	1.081
9.645	-0.067	0.306	0.553	0.43	1.08	1.28	-1.07	0.30	-3.05	48591	-0.050	0.311	0.622	-0.059	-0.009	1.075
9.656	-0.069	0.308	0.552	0.42	1.08	1.25	-0.05	-0.42	-2.87	48881	-0.052	0.313	0.621	-0.060	-0.010	1.070
9.666	-0.068	0.306	0.552	0.45	1.06	1.22	0.16	-0.25	-2.60	48878	-0.053	0.314	0.620	-0.061	-0.010	1.065
9.672	-0.070	0.308	0.551	0.45	1.06	1.19	0.79	-0.04	-2.38	48874	-0.055	0.315	0.619	-0.061	-0.010	1.060
9.685	-0.070	0.307	0.551	0.48	1.05	1.16	0.28	0.75	-2.97	48874	-0.056	0.315	0.618	-0.062	-0.011	1.055
9.694	-0.076	0.306	0.549	0.50	1.07	1.13	-0.66	-0.39	-2.62	49097	-0.058	0.316	0.617	-0.063	-0.011	1.050
9.706	-0.078	0.307	0.549	0.49	1.07	1.11	-1.26	-0.09	-2.92	49107	-0.060	0.317	0.617	-0.064	-0.012	1.044
9.714	-0.080	0.309	0.549	0.48	1.07	1.08	-2.22	-0.72	-3.47	49091	-0.062	0.317	0.616	-0.065	-0.012	1.039
9.723	-0.086	0.309	0.548	0.48	1.10	1.05	-4.16	-0.47	-3.42	49080	-0.064	0.318	0.615	-0.066	-0.013	1.034
9.734	-0.088	0.310	0.548	0.44	1.11	1.02	-6.01	0.67	-3.58	49088	-0.067	0.319	0.614	-0.067	-0.013	1.029
9.739	-0.089	0.310	0.548	0.39	1.09	0.98	-7.47	2.32	-3.80	48995	-0.069	0.319	0.614	-0.068	-0.014	1.024
9.755	-0.089	0.309	0.547	0.34	1.06	0.94	-9.05	1.05	-4.17	48979	-0.071	0.320	0.613	-0.069	-0.014	1.019
9.766	-0.091	0.311	0.547	0.26	1.04	0.89	-9.70	3.04	-4.47	48958	-0.073	0.320	0.613	-0.070	-0.015	1.014
9.780	-0.091	0.312	0.546	0.17	1.00	0.85	-9.96	3.50	-3.56	48946	-0.075	0.321	0.612	-0.071	-0.015	1.009
9.782	-0.091	0.312	0.546	0.08	0.95	0.81	-8.71	3.47	-4.17	49068	-0.076	0.321	0.611	-0.072	-0.016	1.004
9.790	-0.092	0.313	0.545	-0.00	0.90	0.77	-7.66	1.95	-4.89	49036	-0.078	0.322	0.611	-0.072	-0.016	0.999
9.812	-0.095	0.313	0.545	-0.07	0.89	0.72	-6.41	1.37	-4.37	48998	-0.080	0.322	0.610	-0.073	-0.017	0.994
9.815	-0.097	0.314	0.545	-0.13	0.87	0.67	-4.46	1.88	-4.83	48977	-0.082	0.323	0.610	-0.074	-0.017	0.989
9.824	-0.100	0.314	0.546	-0.17	0.85	0.63	-2.60	0.14	-5.42	48702	-0.083	0.323	0.609	-0.075	-0.017	0.985
9.833	-0.102	0.314	0.546	-0.19	0.85	0.57	-1.94	0.50	-5.89	48669	-0.085	0.324	0.609	-0.075	-0.018	0.980
9.844	-0.104	0.312	0.546	-0.18	0.85	0.51	-1.26	-0.83	-4.95	48633	-0.087	0.324	0.609	-0.076	-0.018	0.975
9.855	-0.106	0.313	0.545	-0.20	0.85	0.46	-0.33	-0.03	-5.78	48594	-0.089	0.324	0.608	-0.077	-0.019	0.970
9.865	-0.107	0.313	0.545	-0.19	0.84	0.40	-0.46	-1.88	-5.80	48563	-0.091	0.324	0.608	-0.078	-0.020	0.965
9.875	-0.108	0.314	0.545	-0.19	0.85	0.34	-1.06	-1.63	-6.28	48626	-0.093	0.324	0.608	-0.079	-0.020	0.961
9.886	-0.110	0.321	0.545	-0.24	0.87	0.28	-1.75	-2.73	-6.17	48588	-0.095	0.325	0.607	-0.079	-0.020	0.956
9.894	-0.110	0.323	0.544	-0.25	0.87	0.22	-2.16	-2.73	-6.47	48552	-0.096	0.326	0.607	-0.080	-0.020	0.951
9.901	-0.111	0.324	0.545	-0.27	0.89	0.16	-3.33	-3.32	-6.88	48522	-0.098	0.327	0.607	-0.081	-0.021	0.946
9.915	-0.117	0.329	0.545	-0.32	0.95	0.09	-3.70	-2.57	-7.08	48380	-0.100	0.329	0.606	-0.082	-0.021	0.942
9.924	-0.119	0.330	0.545	-0.36	0.97	0.02	-4.16	-1.82	-7.11	48356	-0.102	0.330	0.606	-0.082	-0.021	0.937
9.933	-0.121	0.332	0.545	-0.40	0.99	-0.05	-3.95	0.08	-7.15	48327	-0.104	0.332	0.606	-0.083	-0.021	0.933
9.946	-0.124	0.333	0.545	-0.44	0.99	-0.12	-3.00	-0.51	-7.33	48297	-0.107	0.334	0.606	-0.084	-0.021	0.928
9.955	-0.124	0.333	0.544	-0.45	0.98	-0.20	-0.93	0.98	-8.43	48276	-0.109	0.335	0.605	-0.085	-0.021	0.923
9.966	-0.128	0.332	0.544	-0.45	0.99	-0.28	1.53	-0.22	-8.84	48462	-0.111	0.336	0.605	-0.086	-0.021	0.919
9.974	-0.130	0.331	0.544	-0.42	0.99	-0.37	4.17	1.02	-9.56	48435	-0.113	0.337	0.604	-0.087	-0.021	0.914
9.984	-0.132	0.340	0.544	-0.43	0.98	-0.46	5.77	0.61	-9.53	48408	-0.115	0.339	0.604	-0.088	-0.021	0.909
9.994	-0.131	0.340	0.544	-0.36	0.96	-0.56	7.32	-0.21	-9.84	48397	-0.117	0.340	0.604	-0.088	-0.021	0.905
10.003	-0.133	0.343	0.544	-0.30	0.96	-0.66	7.82	-0.05	-10.15	48351	-0.119	0.342	0.603	-0.089	-0.021	0.900
10.016	-0.136	0.345	0.544	-0.22	0.95	-0.76	8.10	0.95	-10.28	48344	-0.121	0.344	0.603	-0.090	-0.021	0.896
10.025	-0.141	0.346	0.544	-0.14	0.96	-0.86	8.82	0.56	-10.25	48343	-0.124	0.346	0.603	-0.091	-0.021	0.891
10.036	-0.142	0.341	0.544	-0.00	0.94	-0.96	8.16	1.25	-10.54	48320	-0.126	0.346	0.602	-0.091	-0.021	0.887
10.043	-0.144	0.343	0.543	0.08	0.94	-1.07	7.24	0.76	-10.66	48347	-0.128	0.347	0.602	-0.092	-0.022	0.883
10.055	-0.148	0.351	0.543	0.11	0.94	-1.17	5.83	0.75	-10.80	48348	-0.130	0.349	0.602	-0.093	-0.022	0.878
10.065	-0.150	0.351	0.543	0.18	0.93	-1.28	3.64	1.00	-10.95	48347	-0.133	0.351	0.601	-0.094	-0.022	0.874
10.075	-0.155	0.358	0.543	0.19	0.94	-1.38	1.69	2.95	-11.09	48348	-0.136	0.353	0.601	-0.095	-0.021	0.869
10.085	-0.157	0.360	0.544	0.20	0.91	-1.49	-0.72	2.91	-10.91	48346	-0.138	0.355	0.601	-0.096	-0.021	0.865
10.093	-0.156	0.358	0.544	0.23	0.86	-1.60	-2.70	3.49	-10.79	48211	-0.141	0.357	0.601	-0.097	-0.021	0.861
10.106	-0.156	0.357	0.544	0.22	0.81	-1.71	-3.06	3.50	-10.62	48196	-0.143	0.358	0.601	-0.097	-0.021	0.856
10.116	-0.161	0.357	0.544	0.21	0.78	-1.82	-2.69	3.93	-10.96	48194	-0.145	0.360	0.600	-0.098	-0.021	0.852
10.125	-0.161	0.357	0.544	0.19	0.73	-1.93	-1.46	1.89	-10.64	48185	-0.147	0.361	0.600	-0.099	-0.021	0.848
10.135	-0.161	0.355	0.545	0.20	0.69	-2.04	-0.04	0.89	-10.70	48112	-0.149	0.361	0.600	-0.099	-0.022	0.844
10.145	-0.163	0.355	0.545	0.21	0.67	-2.15	1.52	-0.52	-11.51	48100	-0.151	0.362	0.600	-0.100	-0.022	0.840
10.154	-0.164	0.354	0.545	0.24	0.65	-2.26	2.95	-1.40	-11.59	48087	-0.153	0.362	0.600	-0.101	-0.023	0.835
10.165	-0.164	0.355	0.545	0.27	0.65	-2.38	2.52	-3.59	-11.50	48080	-0.154	0.363	0.599	-0.101	-0.023	0.831
10.173	-0.168	0.360	0.545	0.27	0.69	-2.49	3.57	-2.39	-11.54	48084	-0.156	0.364	0.599	-0.102	-0.023	0.827
10.186	-0.168	0.362	0.545	0.31	0.70	-2.61	2.60	-5.18	-11.84	48067	-0.158	0.365	0.599	-0.102	-0.023	0.823
10.194	-0.169	0.363	0.545	0.34	0.73	-2.72	2.25	-4.85	-10.92	48063	-0.160	0.366	0.599	-0.103	-0.023	0.819
10.207	-0.170	0.364	0.545	0.37	0.77	-2.84	0.54	-5.62	-9.75	48058	-0.161	0.367	0.599	-0.103	-0.024	0.815
10.215	-0.171	0.363	0.545	0.39	0.81	-2.94	-1.05	-4.52	-10.49	48044	-0.163	0.368	0.598	-0.104	-0.024	0.811
10.225	-0.174	0.365	0.545	0.38	0.86	-3.04	-2.01	-4.39	-10.41	48120	-0.164	0.369	0.598	-0.104	-0.024	0.807
10.235	-0.175	0.365	0.545	0.37	0.90	-3.15	-3.33	-3.24	-10.13	48121	-0.166	0.369	0.598	-0.105	-0.024	0.803
10.246	-0.176	0.365	0.545	0.35	0.93	-3.25	-3.70	-3.70	-10.28	48121	-0.168	0.370	0.598	-0.105	-0.024	0.799
10.254	-0.179	0.366	0.545	0.32	0.96	-3.35	-3.83	-2.07	-9.62	48112	-0.169	0.371	0.597	-0.106	-0.025	0.795
10.264	-0.183	0.367	0.545	0.29	1.00	-3.45	-3.78	-2.14	-9.48	48023	-0.171	0.372	0.597	-0.106	-0.025	0.791
10.276	-0.184	0.367	0.545	0.26	1.01	-3.54	-2.53	-1.33	-9.51	48018	-0.173	0.372	0.597	-0.107	-0.025	0.787
10.283	-0.185	0.367	0.546	0.24	1.01	-3.64	-2.19	-1.70	-9.32	48013	-0.175	0.373	0.597	-0.107	-0.026	0.783
10.294	-0.187	0.368	0.546	0.22	1.02	-3.73	-1.14	-0.78	-8.83	48015	-0.177	0.373	0.597	-0.108	-0.026	0.779
10.301	-0.189	0.369	0.545	0.21	1.03	-3.82	-0.14	-2.56	-8.52	48016	-0.179	0.374	0.596	-0.108	-0.026	0.775
10.315	-0.192	0.371	0.545	0.21	1.05	-3.91	1.10	-1.63	-8.08	48205	-0.181	0.375	0.596	-0.109	-0.026	0.771
10.325	-0.191	0.375	0.545	0.21	1.05	-3.99	0.79	-1.26	-7.72	48205	-0.182	0.376	0.596	-0.109	-0.026	0.767
10.336	-0.192	0.374	0.545	0.22	1.05	-4.07	1.07	-1.41	-7.59	48203	-0.184	0.377	0.595	-0.110	-0.026	0.764
10.344	-0.196	0.378	0.543	0.21	1.08	-4.14	1.76	0.15	-6.83	48198	-0.186	0.378	0.595	-0.110	-0.026	0.760
10.352	-0.197	0.378	0.543	0.24	1.06	-4.21	1.93	-1.03	-6.57	48448	-0.188	0.379	0.594	-0.111	-0.026	0.756
10.368	-0.201	0.378	0.543	0.28	1.08	-4.28	2.59	0.30	-6.50	48444	-0.190	0.380	0.594	-0.111	-0.027	0.752
10.378	-0.202	0.376	0.543	0.33	1.06	-4.35	3.32	0.79	-6.30	48445	-0.192	0.381	0.593	-0.112	-0.027	0.748
10.385	-0.202	0.375	0.543	0.38	1.04	-4.41	3.83	-0.05	-5.96	48449	-0.193	0.381	0.593	-0.112	-0.027	0.744
10.396	-0.206	0.379	0.543	0.40	1.04	-4.47	3.00	0.12	-5.16	48392	-0.195	0.382	0.593	-0.113	-0.027	0.741
10.404	-0.205	0.381	0.543	0.42	1.02	-4.52	2.81	-0.77	-4.88	48386	-0.197	0.383	0.592	-0.113	-0.027	0.737
10.415	-0.205	0.383	0.543	0.44	1.01	-4.57	1.75	-0.18	-4.57	48378	-0.198	0.384	0.592	-0.113	-0.027	0.733
10.426	-0.205	0.386	0.543	0.45	0.99	-4.62	-0.33	0.07	-4.38	48379	-0.200	0.385	0.592	-0.114	-0.027	0.729
10.434	-0.210	0.387	0.544	0.45	1.01	-4.66	-1.09	-0.25	-3.59	48382	-0.201	0.386	0.592	-0.114	-0.027	0.726
10.444	-0.210	0.387	0.544	0.45	1.00	-4.70	-1.95	-0.28	-2.75	48247	-0.203	0.387	0.591	-0.115	-0.027	0.722
10.454	-0.213	0.388	0.544	0.43	1.00	-4.73	-2.30	-0.69	-2.46	48244	-0.205	0.388	0.591	-0.115	-0.027	0.719
10.462	-0.218	0.389	0.544	0.41	1.03	-4.75	-1.74	-1.52	-2.37	48236	-0.207	0.389	0.591	-0.116	-0.027	0.715
10.474	-0.220	0.389	0.545	0.41	1.03	-4.78	-0.62	-1.71	-2.14	48233	-0.209	0.390	0.591	-0.116	-0.027	0.712
10.485	-0.222	0.392	0.545	0.39	1.05	-4.80	0.07	-2.70	-1.58	48077	-0.211	0.391	0.591	-0.117	-0.027	0.708
10.494	-0.225	0.392	0.545	0.40	1.07	-4.81	1.52	-2.02	-1.12	48067	-0.213	0.392	0.591	-0.117	-0.027	0.705
10.500	-0.228	0.393	0.545	0.42	1.09	-4.83	2.63	-1.51	-0.52	48049	-0.216	0.393	0.591	-0.118	-0.027	0.701
10.515	-0.227	0.395	0.545	0.43	1.08	-4.84	4.06	-1.31	-0.58	48025	-0.218	0.395	0.591	-0.118	-0.027	0.698
10.524	-0.225	0.397	0.545	0.46	1.07	-4.84	4.27	-1.23	0.01	48005	-0.219	0.396	0.590	-0.119	-0.027	0.694
10.534	-0.231	0.401	0.545	0.49	1.10	-4.84	5.71	-1.05	-0.20	47999	-0.221	0.397	0.590	-0.119	-0.027	0.691
10.546	-0.232	0.399	0.545	0.56	1.10	-4.85	5.57	-1.00	-0.00	47998	-0.223	0.398	0.590	-0.120	-0.027	0.687
10.556	-0.233	0.398	0.545	0.63	1.10	-4.85	5.62	-0.79	0.33	47996	-0.225	0.399	0.590	-0.120	-0.027	0.684
10.564	-0.237	0.399	0.546	0.69	1.11	-4.84	6.34	0.05	0.90	47987	-0.227	0.400	0.590	-0.121	-0.027	0.681
10.576	-0.237	0.403	0.546	0.73	1.10	-4.83	4.92	0.49	1.03	47850	-0.229	0.401	0.590	-0.121	-0.027	0.677
10.585	-0.239	0.404	0.546	0.78	1.09	-4.82	3.28	-0.03	1.55	47855	-0.231	0.402	0.590	-0.121	-0.027	0.674
10.595	-0.243	0.408	0.546	0.80	1.10	-4.81	2.03	0.38	1.67	47860	-0.233	0.404	0.590	-0.122	-0.027	0.671
10.605	-0.242	0.409	0.546	0.82	1.07	-4.79	0.36	-0.34	1.68	47870	-0.235	0.405	0.589	-0.122	-0.027	0.667
10.614	-0.247	0.412	0.547	0.81	1.08	-4.77	1.07	-0.38	2.10	47820	-0.237	0.407	0.589	-0.123	-0.026	0.664
10.624	-0.249	0.413	0.547	0.82	1.09	-4.75	1.09	-1.17	2.10	47825	-0.239	0.408	0.589	-0.123	-0.026	0.661
10.635	-0.252	0.411	0.547	0.85	1.10	-4.74	1.23	-1.03	2.11	47832	-0.241	0.410	0.589	-0.124	-0.026	0.658
10.644	-0.254	0.413	0.547	0.87	1.11	-4.72	2.66	-0.20	2.11	47846	-0.243	0.411	0.589	-0.124	-0.026	0.654
10.652	-0.256	0.412	0.547	0.90	1.10	-4.70	3.44	0.53	2.59	47862	-0.246	0.412	0.589	-0.125	-0.026	0.651
10.665	-0.258	0.412	0.547	0.94	1.09	-4.67	4.21	1.85	3.11	47941	-0.248	0.412	0.589	-0.126	-0.026	0.648
10.674	-0.260	0.413	0.547	0.99	1.07	-4.64	5.60	1.83	3.27	47955	-0.250	0.413	0.588	-0.126	-0.026	0.645
10.684	-0.258	0.414	0.547	1.04	1.02	-4.61	6.35	1.07	3.99	47961	-0.252	0.414	0.588	-0.126	-0.026	0.642
10.695	-0.258	0.418	0.546	1.08	0.99	-4.57	7.00	1.69	3.70	47967	-0.253	0.415	0.588	-0.127	-0.026	0.639
10.704	-0.266	0.421	0.546	1.13	1.01	-4.53	6.82	2.74	4.31	48093	-0.256	0.417	0.587	-0.127	-0.026	0.635
10.712	-0.269	0.422	0.546	1.21	0.98	-4.49	7.23	3.69	4.19	48094	-0.258	0.418	0.587	-0.128	-0.025	0.632
10.720	-0.274	0.423	0.546	1.28	0.96	-4.45	6.45	3.96	4.39	48101	-0.261	0.419	0.587	-0.128	-0.025	0.629
10.734	-0.275	0.422	0.546	1.36	0.91	-4.41	6.24	4.04	4.03	48110	-0.263	0.420	0.586	-0.129	-0.025	0.626
10.744	-0.279	0.426	0.545	1.40	0.87	-4.36	5.52	4.25	3.93	48131	-0.266	0.421	0.586	-0.130	-0.025	0.623
10.754	-0.277	0.426	0.545	1.46	0.79	-4.32	4.98	4.16	3.48	48342	-0.268	0.423	0.586	-0.130	-0.025	0.620
10.763	-0.280	0.427	0.545	1.51	0.75	-4.29	4.16	4.07	3.49	48340	-0.270	0.424	0.585	-0.131	-0.025	0.617
10.775	-0.282	0.428	0.544	1.55	0.70	-4.25	3.57	4.46	3.29	48343	-0.273	0.425	0.585	-0.131	-0.024	0.614
10.786	-0.282	0.427	0.546	1.60	0.64	-4.22	3.16	4.08	3.12	48343	-0.275	0.426	0.585	-0.131	-0.024	0.611
10.794	-0.288	0.429	0.546	1.63	0.62	-4.19	2.45	3.18	3.29	48021	-0.277	0.427	0.584	-0.132	-0.024	0.608
10.804	-0.291	0.429	0.546	1.65	0.58	-4.16	2.78	2.02	3.41	48021	-0.280	0.427	0.584	-0.133	-0.024	0.605
10.812	-0.295	0.429	0.546	1.69	0.57	-4.12	2.23	1.72	3.87	48013	-0.283	0.428	0.584	-0.133	-0.024	0.602
10.823	-0.298	0.430	0.546	1.71	0.56	-4.08	1.36	0.89	3.82	48012	-0.285	0.429	0.584	-0.134	-0.024	0.599
10.834	-0.294	0.430	0.546	1.73	0.49	-4.05	1.13	0.81	3.60	48083	-0.287	0.429	0.584	-0.134	-0.024	0.596
10.844	-0.294	0.431	0.546	1.74	0.47	-4.01	0.57	0.80	3.12	48084	-0.289	0.430	0.584	-0.134	-0.024	0.594
10.853	-0.309	0.437	0.546	1.71	0.56	-3.97	0.38	0.18	3.10	48087	-0.293	0.431	0.583	-0.135	-0.024	0.591
10.861	-0.312	0.438	0.546	1.71	0.55	-3.94	0.23	-0.59	2.85	48084	-0.296	0.432	0.583	-0.136	-0.023	0.588
10.870	-0.317	0.439	0.546	1.71	0.57	-3.91	-0.72	-0.38	2.63	48086	-0.300	0.433	0.583	-0.137	-0.023	0.585
10.884	-0.318	0.439	0.546	1.70	0.55	-3.88	-1.22	0.10	3.15	48043	-0.303	0.434	0.583	-0.138	-0.023	0.582
10.895	-0.318	0.439	0.546	1.70	0.53	-3.85	-1.93	1.15	2.82	48052	-0.306	0.435	0.582	-0.138	-0.023	0.579
10.903	-0.320	0.440	0.546	1.68	0.52	-3.82	-2.68	1.98	2.81	48062	-0.309	0.436	0.582	-0.139	-0.022	0.577
10.912	-0.322	0.440	0.545	1.66	0.49	-3.79	-2.51	2.70	2.74	48081	-0.312	0.437	0.582	-0.139	-0.022	0.574
10.921	-0.328	0.442	0.545	1.62	0.49	-3.76	-2.89	2.94	2.44	48207	-0.315	0.438	0.581	-0.140	-0.022	0.571
10.934	-0.327	0.441	0.545	1.60	0.44	-3.74	-2.96	3.03	2.88	48209	-0.318	0.438	0.581	-0.141	-0.022	0.568
10.945	-0.330	0.441	0.545	1.57	0.41	-3.71	-2.01	2.30	3.09	48217	-0.320	0.439	0.581	-0.141	-0.022	0.566
10.951	-0.337	0.442	0.545	1.55	0.41	-3.68	-1.42	2.00	3.04	48234	-0.324	0.439	0.581	-0.142	-0.022	0.563
10.961	-0.339	0.443	0.543	1.53	0.38	-3.65	-0.24	2.58	2.35	48240	-0.327	0.440	0.580	-0.142	-0.022	0.560
11.009	-0.340	0.443	0.543	1.52	0.34	-3.62	0.62	2.20	2.87	48504	-0.330	0.440	0.580	-0.143	-0.021	0.557
11.010	-0.339	0.442	0.543	1.54	0.29	-3.60	1.07	1.52	3.11	48509	-0.332	0.441	0.579	-0.143	-0.021	0.555
11.016	-0.345	0.442	0.543	1.55	0.30	-3.56	1.63	1.26	3.27	48530	-0.335	0.441	0.579	-0.144	-0.021	0.552
11.019	-0.348	0.442	0.543	1.57	0.28	-3.53	1.95	2.39	3.12	48548	-0.338	0.441	0.578	-0.144	-0.021	0.549
11.020	-0.353	0.442	0.543	1.59	0.27	-3.50	2.62	1.22	2.91	48449	-0.341	0.441	0.578	-0.145	-0.021	0.546
11.025	-0.353	0.442	0.543	1.62	0.24	-3.47	1.61	0.39	3.16	48439	-0.344	0.441	0.578	-0.145	-0.021	0.544
11.034	-0.356	0.442	0.543	1.63	0.23	-3.44	1.46	0.29	3.40	48431	-0.347	0.441	0.577	-0.146	-0.021	0.541
11.045	-0.359	0.442	0.542	1.65	0.23	-3.41	0.46	0.27	3.34	48437	-0.350	0.441	0.577	-0.146	-0.021	0.539
11.056	-0.362	0.442	0.543	1.65	0.23	-3.37	-0.88	0.81	3.10	48410	-0.353	0.441	0.577	-0.147	-0.021	0.536
11.062	-0.365	0.442	0.542	1.65	0.22	-3.34	-1.69	1.29	3.71	48415	-0.356	0.441	0.577	-0.147	-0.021	0.533
11.076	-0.372	0.443	0.542	1.63	0.24	-3.30	-3.15	0.82	4.40	48413	-0.359	0.442	0.576	-0.148	-0.021	0.531
11.084	-0.375	0.443	0.542	1.60	0.24	-3.26	-4.72	-0.21	4.62	48412	-0.363	0.442	0.576	-0.148	-0.021	0.528
11.096	-0.380	0.444	0.542	1.55	0.26	-3.21	-5.54	-0.56	4.71	48428	-0.367	0.442	0.576	-0.149	-0.021	0.526
11.104	-0.381	0.446	0.542	1.48	0.24	-3.17	-5.67	-1.11	4.84	48439	-0.370	0.442	0.575	-0.150	-0.020	0.523
11.115	-0.384	0.447	0.542	1.42	0.25	-3.12	-5.20	-0.09	5.08	48448	-0.373	0.442	0.575	-0.150	-0.020	0.521
11.123	-0.385	0.447	0.542	1.36	0.24	-3.07	-3.82	0.93	5.09	48441	-0.376	0.443	0.575	-0.151	-0.020	0.518
11.136	-0.383	0.448	0.540	1.31	0.19	-3.03	-2.40	1.87	5.92	48427	-0.379	0.443	0.574	-0.151	-0.020	0.515
11.145	-0.379	0.445	0.540	1.30	0.13	-2.98	-0.74	3.41	6.31	48680	-0.381	0.443	0.574	-0.151	-0.020	0.513
11.155	-0.393	0.446	0.540	1.28	0.18	-2.91	1.11	3.80	6.52	48685	-0.384	0.443	0.574	-0.151	-0.019	0.510
11.165	-0.396	0.446	0.540	1.29	0.15	-2.84	2.35	3.00	6.40	48690	-0.387	0.443	0.573	-0.152	-0.019	0.508
11.174	-0.401	0.446	0.539	1.31	0.12	-2.77	3.05	2.56	6.74	48692	-0.391	0.443	0.573	-0.152	-0.019	0.505
11.184	-0.402	0.446	0.541	1.34	0.09	-2.71	3.27	2.56	7.57	48675	-0.394	0.443	0.573	-0.153	-0.019	0.503
11.194	-0.404	0.445	0.541	1.37	0.05	-2.64	3.00	2.26	6.06	48397	-0.397	0.443	0.572	-0.153	-0.019	0.500
11.205	-0.407	0.445	0.541	1.40	0.03	-2.57	3.92	3.38	6.78	48410	-0.400	0.443	0.572	-0.153	-0.019	0.498
11.216	-0.408	0.445	0.540	1.44	-0.03	-2.51	3.42	3.23	6.64	48414	-0.403	0.443	0.572	-0.154	-0.019	0.496
11.225	-0.413	0.445	0.540	1.47	-0.04	-2.44	1.91	0.81	6.70	48407	-0.406	0.443	0.572	-0.154	-0.019	0.493
11.233	-0.417	0.445	0.540	1.50	-0.05	-2.37	1.84	0.29	7.08	48424	-0.409	0.442	0.572	-0.154	-0.019	0.491
11.245	-0.421	0.445	0.540	1.51	-0.04	-2.30	-0.03	-0.38	7.30	48433	-0.413	0.442	0.572	-0.155	-0.018	0.488
11.256	-0.423	0.445	0.540	1.51	-0.05	-2.23	-1.69	-0.68	6.79	48449	-0.416	0.442	0.571	-0.155	-0.018	0.486
11.264	-0.426	0.445	0.540	1.50	-0.05	-2.16	-2.21	-0.92	7.33	48448	-0.419	0.442	0.571	-0.155	-0.018	0.484
11.275	-0.426	0.446	0.539	1.47	-0.06	-2.09	-2.85	-0.20	7.50	48647	-0.422	0.442	0.571	-0.156	-0.018	0.481
11.280	-0.429	0.445	0.538	1.44	-0.06	-2.02	-2.69	-0.36	8.57	48660	-0.425	0.442	0.570	-0.156	-0.018	0.479
11.295	-0.432	0.445	0.538	1.42	-0.05	-1.93	-2.50	0.48	8.00	48679	-0.428	0.442	0.570	-0.156	-0.018	0.476
11.302	-0.429	0.445	0.538	1.38	-0.10	-1.86	-2.65	0.68	7.62	48683	-0.430	0.441	0.570	-0.156	-0.017	0.474
11.319	-0.442	0.446	0.537	1.35	-0.03	-1.77	-1.54	1.26	8.87	48681	-0.434	0.441	0.569	-0.156	-0.017	0.472
11.324	-0.445	0.446	0.537	1.33	-0.03	-1.68	-1.53	0.47	7.95	48829	-0.437	0.441	0.569	-0.157	-0.017	0.469
11.333	-0.450	0.446	0.537	1.31	-0.03	-1.60	-0.32	1.18	7.42	48845	-0.441	0.441	0.568	-0.157	-0.017	0.467
11.344	-0.450	0.446	0.537	1.30	-0.06	-1.53	0.51	1.98	7.66	48846	-0.444	0.441	0.568	-0.158	-0.016	0.464
11.353	-0.452	0.448	0.536	1.29	-0.09	-1.45	1.09	2.13	8.23	48837	-0.447	0.441	0.568	-0.158	-0.016	0.462
11.364	-0.452	0.448	0.536	1.30	-0.13	-1.37	1.13	2.87	8.10	48936	-0.450	0.441	0.567	-0.158	-0.016	0.460
11.375	-0.455	0.447	0.535	1.31	-0.16	-1.29	1.21	4.05	8.47	48938	-0.453	0.441	0.567	-0.158	-0.015	0.457
11.385	-0.452	0.447	0.535	1.32	-0.24	-1.21	2.14	4.01	8.28	48928	-0.455	0.442	0.566	-0.158	-0.015	0.455
11.388	-0.448	0.447	0.535	1.34	-0.33	-1.13	1.39	4.03	8.23	48905	-0.457	0.441	0.566	-0.157	-0.015	0.453
11.405	-0.470	0.447	0.537	1.35	-0.24	-1.03	1.02	2.33	7.69	48903	-0.461	0.441	0.566	-0.158	-0.015	0.450
11.414	-0.473	0.447	0.537	1.37	-0.27	-0.95	1.02	2.01	7.67	48446	-0.464	0.441	0.566	-0.158	-0.014	0.448
11.424	-0.477	0.447	0.537	1.37	-0.27	-0.88	2.09	1.14	7.64	48427	-0.468	0.441	0.566	-0.159	-0.014	0.446
11.431	-0.478	0.447	0.537	1.39	-0.30	-0.80	0.29	-1.19	7.04	48404	-0.472	0.441	0.566	-0.159	-0.014	0.444
11.440	-0.479	0.447	0.537	1.39	-0.31	-0.73	0.74	-0.21	6.98	48403	-0.475	0.441	0.566	-0.159	-0.013	0.442
11.456	-0.481	0.447	0.537	1.39	-0.31	-0.66	0.90	-0.83	7.01	48413	-0.478	0.441	0.566	-0.159	-0.013	0.439
11.465	-0.479	0.447	0.537	1.39	-0.34	-0.60	2.21	-1.52	6.63	48393	-0.481	0.441	0.566	-0.159	-0.013	0.437
11.471	-0.482	0.446	0.537	1.41	-0.32	-0.53	3.34	-0.82	6.62	48383	-0.483	0.441	0.566	-0.159	-0.013	0.435
11.481	-0.481	0.448	0.537	1.43	-0.34	-0.47	4.34	-0.52	6.39	48384	-0.486	0.441	0.566	-0.159	-0.012	0.433
11.487	-0.490	0.446	0.537	1.48	-0.28	-0.40	5.27	-1.75	6.83	48374	-0.489	0.441	0.566	-0.159	-0.012	0.431
11.504	-0.493	0.445	0.537	1.53	-0.25	-0.33	6.58	-2.67	7.07	48368	-0.492	0.440	0.566	-0.159	-0.012	0.429
11.515	-0.494	0.445	0.537	1.59	-0.24	-0.27	7.36	-2.99	6.71	48373	-0.494	0.440	0.565	-0.159	-0.011	0.426
11.524	-0.498	0.444	0.537	1.67	-0.19	-0.19	6.84	-4.36	7.30	48371	-0.497	0.440	0.565	-0.159	-0.011	0.424
11.533	-0.502	0.443	0.536	1.74	-0.15	-0.12	6.80	-2.70	7.27	48376	-0.501	0.439	0.565	-0.159	-0.011	0.422
11.541	-0.503	0.443	0.536	1.81	-0.13	-0.05	6.40	-3.40	7.21	48515	-0.503	0.439	0.565	-0.159	-0.011	0.420
11.554	-0.504	0.442	0.536	1.87	-0.11	0.02	5.25	-3.84	7.65	48513	-0.506	0.438	0.564	-0.159	-0.011	0.418
11.565	-0.507	0.441	0.536	1.93	-0.07	0.09	4.28	-3.31	7.26	48521	-0.509	0.437	0.564	-0.159	-0.010	0.416
11.574	-0.510	0.440	0.536	1.98	-0.04	0.17	3.14	-3.03	7.01	48530	-0.512	0.437	0.564	-0.159	-0.010	0.413
11.581	-0.511	0.440	0.536	2.01	-0.02	0.23	1.92	-3.45	6.57	48513	-0.514	0.436	0.564	-0.159	-0.010	0.411
11.591	-0.506	0.440	0.536	2.03	-0.04	0.29	0.81	-2.62	6.73	48514	-0.516	0.436	0.564	-0.158	-0.010	0.409
11.605	-0.520	0.440	0.536	2.03	0.07	0.37	-0.28	-1.18	6.80	48533	-0.519	0.435	0.563	-0.158	-0.010	0.407
11.614	-0.522	0.439	0.536	2.03	0.09	0.44	-0.86	-1.58	6.84	48538	-0.522	0.435	0.563	-0.158	-0.009	0.405
11.624	-0.523	0.440	0.535	2.01	0.09	0.50	-0.50	-1.39	6.71	48531	-0.525	0.434	0.563	-0.158	-0.009	0.403
11.633	-0.523	0.442	0.535	1.99	0.09	0.56	-0.28	-0.99	6.49	48678	-0.527	0.434	0.563	-0.158	-0.009	0.401
11.645	-0.526	0.442	0.535	1.98	0.11	0.63	0.62	0.37	5.86	48690	-0.530	0.434	0.562	-0.158	-0.008	0.399
11.655	-0.528	0.442	0.535	1.97	0.10	0.69	0.96	0.61	5.84	48676	-0.532	0.434	0.562	-0.157	-0.008	0.397
11.664	-0.527	0.443	0.536	1.96	0.07	0.74	1.24	0.74	5.82	48682	-0.534	0.434	0.562	-0.157	-0.007	0.395
11.675	-0.531	0.442	0.536	1.97	0.06	0.80	1.96	0.94	4.86	48348	-0.537	0.433	0.562	-0.157	-0.007	0.393
11.683	-0.533	0.441	0.536	1.99	0.05	0.85	2.99	1.55	4.65	48331	-0.539	0.433	0.562	-0.157	-0.006	0.391
11.696	-0.530	0.440	0.536	2.02	-0.01	0.89	3.52	1.59	4.95	48315	-0.541	0.433	0.562	-0.156	-0.006	0.389
11.703	-0.540	0.432	0.536	2.10	0.03	0.95	4.01	1.01	4.77	48321	-0.543	0.431	0.562	-0.156	-0.006	0.387
11.714	-0.543	0.431	0.538	2.14	0.02	1.00	3.97	0.24	4.60	48015	-0.546	0.430	0.562	-0.156	-0.006	0.385
11.726	-0.546	0.430	0.538	2.18	0.01	1.05	3.10	-0.56	4.62	47990	-0.549	0.429	0.562	-0.156	-0.006	0.383
11.734	-0.551	0.431	0.538	2.19	0.04	1.10	1.58	-1.82	4.94	47980	-0.552	0.427	0.563	-0.155	-0.006	0.381
11.745	-0.553	0.431	0.538	2.20	0.05	1.14	-0.13	-1.11	4.35	47966	-0.555	0.427	0.563	-0.155	-0.006	0.379
11.754	-0.557	0.431	0.539	2.19	0.07	1.18	-1.86	-1.97	4.15	47941	-0.558	0.426	0.563	-0.155	-0.005	0.378
11.764	-0.559	0.430	0.539	2.17	0.09	1.22	-3.70	-1.82	3.67	47881	-0.561	0.425	0.563	-0.155	-0.005	0.376
11.775	-0.559	0.432	0.539	2.11	0.08	1.25	-5.08	-1.53	3.69	47895	-0.563	0.424	0.563	-0.155	-0.005	0.374
11.785	-0.558	0.415	0.539	2.19	0.07	1.29	-5.33	-0.66	3.08	47908	-0.565	0.422	0.563	-0.155	-0.005	0.372
11.795	-0.566	0.415	0.538	2.11	0.12	1.33	-4.40	-0.94	3.14	47901	-0.568	0.419	0.563	-0.155	-0.005	0.370
11.804	-0.565	0.418	0.538	2.04	0.10	1.35	-4.25	1.16	3.30	48136	-0.571	0.417	0.562	-0.154	-0.005	0.368
11.815	-0.566	0.420	0.538	1.97	0.07	1.38	-3.89	2.54	3.13	48136	-0.573	0.416	0.562	-0.154	-0.005	0.367
11.823	-0.566	0.421	0.538	1.91	0.03	1.41	-4.35	3.77	2.77	48125	-0.575	0.415	0.562	-0.153	-0.005	0.365
11.834	-0.573	0.406	0.538	1.97	0.02	1.46	-3.91	5.53	2.80	48139	-0.577	0.412	0.562	-0.153	-0.005	0.363
11.844	-0.576	0.402	0.536	1.95	-0.04	1.49	-4.01	5.80	1.90	48151	-0.580	0.409	0.561	-0.153	-0.005	0.361
11.855	-0.574	0.404	0.536	1.88	-0.12	1.50	-4.43	6.35	1.75	48544	-0.582	0.407	0.561	-0.153	-0.006	0.359
11.865	-0.578	0.406	0.536	1.81	-0.17	1.52	-4.28	6.11	1.75	48553	-0.584	0.405	0.560	-0.152	-0.005	0.357
11.875	-0.581	0.404	0.536	1.76	-0.23	1.54	-5.32	5.44	1.75	48573	-0.587	0.403	0.560	-0.152	-0.005	0.355
11.885	-0.581	0.396	0.536	1.76	-0.31	1.56	-6.44	4.87	1.38	48590	-0.589	0.401	0.560	-0.152	-0.006	0.354
11.893	-0.580	0.391	0.536	1.71	-0.39	1.57	-6.94	4.88	1.26	48562	-0.591	0.398	0.559	-0.151	-0.006	0.352
11.903	-0.581	0.393	0.535	1.62	-0.44	1.58	-8.41	3.98	1.27	48575	-0.593	0.395	0.559	-0.150	-0.006	0.350
11.914	-0.584	0.391	0.535	1.54	-0.48	1.60	-10.02	2.25	0.54	48582	-0.594	0.393	0.559	-0.150	-0.006	0.348
11.924	-0.588	0.382	0.535	1.49	-0.49	1.61	-10.41	1.03	0.35	48589	-0.596	0.389	0.558	-0.150	-0.007	0.346
11.934	-0.588	0.380	0.536	1.38	-0.52	1.61	-11.22	-0.92	0.61	48461	-0.598	0.386	0.558	-0.149	-0.007	0.345
11.944	-0.591	0.379	0.536	1.26	-0.50	1.61	-10.47	-2.13	0.09	48463	-0.600	0.383	0.558	-0.149	-0.007	0.343
11.951	-0.594	0.377	0.536	1.15	-0.48	1.61	-9.79	-2.82	-0.06	48451	-0.602	0.381	0.558	-0.148	-0.007	0.341
11.965	-0.593	0.380	0.536	1.01	-0.47	1.61	-8.41	-3.30	-0.00	48439	-0.604	0.378	0.558	-0.148	-0.007	0.340
11.974	-0.594	0.370	0.536	0.99	-0.45	1.61	-6.95	-3.41	0.01	48428	-0.606	0.375	0.558	-0.147	-0.007	0.338
11.982	-0.594	0.374	0.536	0.87	-0.44	1.60	-5.34	-1.25	-0.18	48370	-0.607	0.373	0.558	-0.146	-0.007	0.336
11.992	-0.594	0.374	0.536	0.79	-0.45	1.60	-3.55	-1.31	-0.32	48351	-0.609	0.371	0.558	-0.146	-0.007	0.335
12.000	-0.595	0.368	0.536	0.78	-0.44	1.59	-2.72	-0.45	-0.25	48337	-0.610	0.369	0.557	-0.145	-0.007	0.333
12.014	-0.598	0.361	0.535	0.79	-0.43	1.60	-0.76	-1.04	0.26	48328	-0.611	0.366	0.557	-0.144	-0.008	0.331
12.025	-0.599	0.361	0.535	0.76	-0.42	1.59	-0.42	0.49	0.56	48503	-0.613	0.363	0.557	-0.143	-0.008	0.330
12.033	-0.598	0.363	0.534	0.73	-0.45	1.60	-0.18	0.13	1.27	48495	-0.614	0.361	0.557	-0.143	-0.008	0.328
12.043	-0.603	0.364	0.534	0.70	-0.42	1.61	-0.51	-0.39	1.54	48485	-0.615	0.359	0.556	-0.142	-0.007	0.326
12.049	-0.607	0.355	0.534	0.75	-0.41	1.63	-0.16	-1.17	1.36	48466	-0.617	0.356	0.556	-0.141	-0.007	0.325
12.065	-0.606	0.351	0.535	0.76	-0.42	1.64	-1.25	-2.89	1.84	48456	-0.619	0.354	0.556	-0.141	-0.007	0.323
12.074	-0.609	0.346	0.535	0.76	-0.39	1.66	-2.16	-3.34	1.97	48323	-0.620	0.350	0.556	-0.140	-0.008	0.322
12.084	-0.611	0.344	0.535	0.74	-0.36	1.68	-2.61	-3.56	1.89	48289	-0.622	0.347	0.556	-0.140	-0.008	0.320
12.092	-0.611	0.348	0.535	0.67	-0.34	1.69	-3.57	-3.21	1.33	48257	-0.624	0.345	0.556	-0.139	-0.008	0.318
12.103	-0.606	0.357	0.534	0.55	-0.36	1.69	-3.90	-2.29	1.34	48250	-0.624	0.344	0.555	-0.138	-0.007	0.317
12.109	-0.608	0.355	0.534	0.51	-0.33	1.70	-3.22	-3.34	1.14	48379	-0.625	0.343	0.555	-0.137	-0.007	0.315
12.126	-0.603	0.364	0.534	0.39	-0.36	1.70	-2.21	-1.50	1.24	48353	-0.625	0.344	0.555	-0.136	-0.005	0.314
12.133	-0.598	0.369	0.534	0.32	-0.39	1.70	-1.59	-1.81	1.33	48349	-0.625	0.345	0.555	-0.135	-0.004	0.312
12.143	-0.596	0.383	0.534	0.18	-0.40	1.70	1.15	-1.73	1.02	48336	-0.624	0.347	0.555	-0.133	-0.002	0.311
12.151	-0.596	0.384	0.534	0.17	-0.39	1.71	4.51	-2.31	1.29	48406	-0.624	0.349	0.554	-0.132	-0.001	0.309
12.165	-0.598	0.382	0.534	0.22	-0.37	1.72	7.98	-3.14	1.21	48402	-0.623	0.351	0.554	-0.131	0.001	0.307
12.175	-0.600	0.381	0.534	0.29	-0.33	1.74	12.32	-4.63	1.06	48390	-0.623	0.353	0.554	-0.129	0.002	0.306
12.185	-0.605	0.380	0.534	0.41	-0.25	1.75	15.64	-6.70	1.40	48368	-0.624	0.354	0.554	-0.128	0.004	0.304
12.192	-0.607	0.378	0.534	0.57	-0.19	1.76	18.90	-8.36	1.51	48356	-0.624	0.355	0.553	-0.128	0.005	0.303
12.202	-0.608	0.376	0.534	0.75	-0.11	1.77	21.11	-8.64	1.77	48310	-0.625	0.356	0.553	-0.127	0.006	0.301
12.209	-0.610	0.374	0.534	0.96	-0.02	1.79	22.05	-9.58	1.87	48272	-0.626	0.356	0.553	-0.126	0.007	0.300
12.224	-0.612	0.372	0.534	1.18	0.07	1.81	21.95	-10.55	1.70	48248	-0.627	0.356	0.553	-0.125	0.008	0.298
12.235	-0.614	0.370	0.534	1.40	0.17	1.82	21.30	-9.72	1.55	48232	-0.628	0.356	0.553	-0.124	0.008	0.297
12.245	-0.616	0.368	0.534	1.62	0.27	1.83	19.52	-8.43	1.23	48121	-0.629	0.355	0.553	-0.124	0.009	0.296
12.252	-0.617	0.364	0.534	1.82	0.35	1.84	17.43	-7.75	1.42	48119	-0.630	0.355	0.553	-0.123	0.009	0.294
12.260	-0.619	0.363	0.534	2.00	0.43	1.85	14.47	-6.15	1.40	48129	-0.632	0.354	0.553	-0.122	0.010	0.293
12.274	-0.620	0.361	0.535	2.15	0.49	1.87	10.64	-5.58	1.55	48119	-0.633	0.353	0.553	-0.122	0.010	0.291
12.283	-0.618	0.360	0.535	2.25	0.52	1.88	6.20	-4.03	1.20	48108	-0.634	0.352	0.553	-0.121	0.011	0.290
12.294	-0.619	0.358	0.535	2.31	0.56	1.89	3.12	-1.81	0.82	48001	-0.634	0.350	0.553	-0.120	0.011	0.289
12.300	-0.618	0.358	0.535	2.33	0.55	1.89	-0.24	-0.14	1.04	47997	-0.635	0.349	0.553	-0.119	0.012	0.287
12.310	-0.624	0.360	0.535	2.30	0.59	1.90	-2.31	2.62	1.36	47988	-0.636	0.349	0.553	-0.119	0.012	0.286
12.324	-0.636	0.360	0.536	2.25	0.64	1.92	-3.91	5.41	0.97	47971	-0.639	0.348	0.553	-0.119	0.013	0.285
12.334	-0.637	0.364	0.536	2.17	0.58	1.93	-4.19	7.03	0.98	47843	-0.641	0.348	0.553	-0.118	0.014	0.284
12.343	-0.641	0.347	0.536	2.25	0.54	1.95	-3.91	7.94	0.97	47839	-0.643	0.346	0.553	-0.118	0.014	0.282
12.352	-0.643	0.345	0.536	2.21	0.46	1.96	-2.35	9.37	1.08	47839	-0.646	0.344	0.553	-0.118	0.014	0.281
12.360	-0.641	0.348	0.537	2.14	0.34	1.97	-0.91	9.76	0.79	47816	-0.648	0.342	0.553	-0.118	0.014	0.280
12.368	-0.645	0.349	0.536	2.11	0.26	1.98	1.00	11.14	0.79	47928	-0.650	0.341	0.553	-0.118	0.014	0.279
12.384	-0.650	0.351	0.536	2.08	0.18	2.00	1.50	10.03	0.70	47925	-0.653	0.340	0.553	-0.117	0.015	0.277
12.393	-0.650	0.333	0.536	2.22	0.06	2.01	2.49	9.31	1.53	47920	-0.655	0.337	0.552	-0.117	0.015	0.276
12.401	-0.648	0.330	0.536	2.25	-0.06	2.03	1.96	8.27	1.87	47918	-0.657	0.334	0.552	-0.117	0.015	0.275
12.410	-0.647	0.332	0.536	2.24	-0.17	2.05	0.86	7.25	2.20	47912	-0.658	0.331	0.552	-0.116	0.015	0.274
12.424	-0.652	0.338	0.536	2.19	-0.21	2.07	-0.49	6.17	2.13	48005	-0.660	0.330	0.552	-0.116	0.015	0.273
12.434	-0.654	0.335	0.536	2.18	-0.28	2.10	-1.85	5.38	2.23	48017	-0.662	0.328	0.552	-0.115	0.015	0.271
12.446	-0.656	0.341	0.536	2.10	-0.33	2.12	-2.97	5.66	2.28	48023	-0.663	0.328	0.552	-0.115	0.016	0.270
12.452	-0.658	0.339	0.536	2.07	-0.39	2.14	-3.24	5.31	2.35	48014	-0.665	0.327	0.551	-0.115	0.017	0.269
12.458	-0.657	0.322	0.536	2.16	-0.45	2.18	-3.74	6.48	2.35	48022	-0.667	0.324	0.551	-0.114	0.017	0.268
12.476	-0.659	0.322	0.536	2.09	-0.52	2.20	-3.72	6.54	2.32	48034	-0.668	0.321	0.551	-0.114	0.017	0.267
12.484	-0.660	0.309	0.536	2.14	-0.59	2.23	-4.17	6.30	2.80	48039	-0.670	0.317	0.551	-0.113	0.016	0.266
12.494	-0.661	0.306	0.536	2.10	-0.65	2.26	-4.03	6.15	3.04	48053	-0.671	0.313	0.551	-0.113	0.016	0.264
12.502	-0.664	0.310	0.535	2.01	-0.70	2.29	-4.43	7.27	2.37	48056	-0.673	0.311	0.550	-0.112	0.016	0.263
12.510	-0.666	0.307	0.535	1.96	-0.78	2.32	-5.09	7.42	1.97	48178	-0.675	0.308	0.550	-0.112	0.016	0.262
12.525	-0.666	0.298	0.535	1.96	-0.86	2.34	-5.77	7.64	1.27	48192	-0.676	0.304	0.550	-0.111	0.015	0.261
12.533	-0.670	0.296	0.535	1.90	-0.92	2.36	-6.50	7.58	1.66	48212	-0.678	0.301	0.550	-0.111	0.015	0.260
12.541	-0.671	0.294	0.535	1.77	-1.01	2.37	-6.77	7.01	1.44	48210	-0.680	0.297	0.550	-0.110	0.015	0.259
12.552	-0.670	0.299	0.535	1.70	-1.08	2.38	-7.04	6.32	1.61	48210	-0.681	0.295	0.549	-0.110	0.015	0.258
12.558	-0.670	0.288	0.535	1.69	-1.16	2.41	-6.82	6.16	1.52	48234	-0.683	0.291	0.549	-0.109	0.015	0.257
12.575	-0.672	0.289	0.535	1.59	-1.22	2.42	-7.06	6.20	1.17	48235	-0.684	0.288	0.549	-0.108	0.015	0.255
12.585	-0.671	0.284	0.535	1.53	-1.30	2.44	-6.98	3.93	1.23	48247	-0.685	0.285	0.549	-0.108	0.015	0.254
12.595	-0.676	0.279	0.535	1.48	-1.31	2.45	-7.30	2.78	0.90	48172	-0.687	0.282	0.549	-0.107	0.015	0.253
12.601	-0.677	0.280	0.535	1.37	-1.34	2.46	-7.36	2.77	0.86	48181	-0.688	0.279	0.548	-0.107	0.015	0.252
12.615	-0.678	0.281	0.535	1.27	-1.38	2.47	-7.24	2.26	1.23	48193	-0.689	0.276	0.548	-0.106	0.015	0.251
12.620	-0.678	0.275	0.535	1.23	-1.41	2.48	-7.08	2.09	0.70	48214	-0.691	0.273	0.548	-0.105	0.015	0.250
12.634	-0.680	0.272	0.535	1.16	-1.43	2.49	-6.57	2.01	0.34	48227	-0.692	0.270	0.548	-0.105	0.015	0.249
12.646	-0.682	0.266	0.535	1.11	-1.45	2.50	-5.87	2.69	0.55	48168	-0.694	0.267	0.548	-0.104	0.015	0.248
12.652	-0.683	0.262	0.535	1.06	-1.47	2.51	-5.17	1.90	0.17	48177	-0.695	0.264	0.548	-0.104	0.015	0.247
12.662	-0.684	0.266	0.535	0.95	-1.49	2.50	-5.04	1.59	0.36	48180	-0.696	0.261	0.548	-0.103	0.016	0.247
12.670	-0.685	0.263	0.535	0.90	-1.51	2.51	-5.23	0.90	0.38	48188	-0.698	0.258	0.548	-0.102	0.016	0.246
12.684	-0.688	0.257	0.535	0.87	-1.51	2.51	-5.48	0.69	-0.08	48199	-0.699	0.255	0.548	-0.102	0.016	0.245
12.692	-0.690	0.254	0.535	0.81	-1.51	2.51	-5.70	-0.10	0.01	48205	-0.701	0.252	0.547	-0.101	0.016	0.244
12.701	-0.689	0.253	0.535	0.74	-1.52	2.51	-6.25	-1.22	0.38	48216	-0.702	0.250	0.547	-0.100	0.016	0.243
12.713	-0.693	0.242	0.535	0.73	-1.49	2.52	-5.91	-1.34	0.86	48229	-0.704	0.246	0.547	-0.100	0.016	0.242
12.720	-0.694	0.247	0.535	0.60	-1.48	2.52	-5.99	-2.25	1.15	48221	-0.706	0.243	0.547	-0.099	0.016	0.241
12.734	-0.695	0.244	0.535	0.54	-1.46	2.53	-6.09	-3.17	1.44	48215	-0.707	0.240	0.547	-0.099	0.016	0.240
12.745	-0.695	0.241	0.535	0.49	-1.44	2.55	-5.27	-3.03	1.34	48228	-0.709	0.237	0.547	-0.098	0.017	0.239
12.753	-0.697	0.237	0.535	0.44	-1.41	2.56	-4.66	-3.75	1.68	48225	-0.710	0.235	0.547	-0.097	0.017	0.238
12.759	-0.698	0.237	0.534	0.37	-1.37	2.57	-3.27	-3.32	2.01	48233	-0.711	0.232	0.546	-0.097	0.017	0.237
12.768	-0.698	0.230	0.534	0.36	-1.34	2.60	-2.40	-3.98	2.63	48342	-0.712	0.229	0.546	-0.096	0.017	0.236
12.784	-0.699	0.226	0.534	0.35	-1.30	2.63	-1.72	-3.66	2.64	48347	-0.714	0.226	0.546	-0.095	0.017	0.235
12.792	-0.700	0.223	0.534	0.33	-1.27	2.65	-0.64	-2.85	2.79	48369	-0.715	0.222	0.546	-0.094	0.017	0.234
12.804	-0.703	0.223	0.533	0.30	-1.23	2.68	0.13	-2.73	3.02	48367	-0.716	0.219	0.545	-0.094	0.017	0.233
12.809	-0.704	0.225	0.533	0.26	-1.20	2.70	1.22	-2.30	3.16	48385	-0.718	0.217	0.545	-0.093	0.018	0.232
12.820	-0.704	0.217	0.533	0.31	-1.18	2.73	1.94	-2.14	2.87	48395	-0.719	0.214	0.545	-0.092	0.018	0.232
12.827	-0.705	0.214	0.533	0.33	-1.16	2.77	2.45	-1.93	2.87	48394	-0.720	0.211	0.545	-0.092	0.018	0.231
12.843	-0.705	0.208	0.533	0.37	-1.15	2.80	2.55	-2.43	2.85	48373	-0.721	0.208	0.545	-0.091	0.018	0.230
12.855	-0.704	0.206	0.533	0.39	-1.15	2.83	1.68	-2.44	2.73	48361	-0.722	0.205	0.544	-0.090	0.018	0.229
12.864	-0.708	0.201	0.533	0.42	-1.09	2.85	2.24	-1.80	2.76	48338	-0.723	0.202	0.544	-0.089	0.018	0.228
12.870	-0.709	0.198	0.533	0.44	-1.07	2.88	1.46	-3.30	2.28	48330	-0.724	0.198	0.544	-0.088	0.018	0.227
12.885	-0.710	0.203	0.533	0.39	-1.04	2.90	0.36	-3.81	2.55	48334	-0.725	0.196	0.544	-0.088	0.018	0.226
12.893	-0.711	0.200	0.533	0.39	-1.01	2.92	-0.78	-4.58	1.62	48342	-0.727	0.193	0.544	-0.087	0.019	0.225
12.903	-0.713	0.194	0.533	0.41	-0.95	2.94	-1.36	-4.35	1.25	48295	-0.728	0.190	0.544	-0.086	0.019	0.225
12.913	-0.714	0.191	0.532	0.39	-0.90	2.96	-3.23	-5.75	1.61	48285	-0.729	0.188	0.543	-0.085	0.019	0.224
12.920	-0.714	0.186	0.532	0.37	-0.85	2.97	-3.41	-6.02	1.96	48278	-0.730	0.184	0.543	-0.084	0.019	0.223
12.935	-0.714	0.179	0.532	0.36	-0.80	2.99	-4.33	-5.87	1.41	48264	-0.731	0.181	0.543	-0.084	0.019	0.222
12.946	-0.715	0.186	0.532	0.25	-0.75	3.00	-4.15	-4.37	1.23	48252	-0.732	0.179	0.543	-0.083	0.019	0.221
12.953	-0.715	0.183	0.532	0.21	-0.71	3.01	-3.97	-2.81	0.13	48344	-0.733	0.176	0.543	-0.082	0.020	0.220
12.963	-0.714	0.181	0.532	0.16	-0.69	3.01	-3.09	-0.90	-0.13	48332	-0.733	0.174	0.542	-0.081	0.020	0.220
12.971	-0.715	0.178	0.531	0.13	-0.68	3.01	-1.21	0.75	0.20	48319	-0.734	0.171	0.542	-0.080	0.020	0.219
12.985	-0.715	0.174	0.532	0.12	-0.69	3.01	0.99	2.70	-0.31	48331	-0.734	0.169	0.542	-0.079	0.021	0.218
12.994	-0.715	0.171	0.532	0.13	-0.72	3.01	3.26	4.22	-0.43	48275	-0.735	0.166	0.542	-0.078	0.021	0.217
13.005	-0.715	0.164	0.531	0.19	-0.77	3.01	4.50	4.50	-1.06	48262	-0.735	0.163	0.542	-0.077	0.021	0.216
13.011	-0.714	0.165	0.531	0.20	-0.83	3.00	6.02	5.59	-1.18	48257	-0.736	0.160	0.542	-0.076	0.021	0.216
13.021	-0.717	0.166	0.532	0.23	-0.87	2.98	6.20	5.55	-1.16	48251	-0.736	0.158	0.542	-0.075	0.022	0.215
13.027	-0.717	0.163	0.532	0.29	-0.92	2.97	5.92	5.24	-1.18	48127	-0.737	0.156	0.542	-0.074	0.022	0.214
13.044	-0.719	0.158	0.532	0.37	-0.96	2.96	5.55	4.34	-1.55	48133	-0.737	0.153	0.542	-0.073	0.022	0.214
13.054	-0.721	0.159	0.532	0.39	-1.00	2.94	4.87	3.53	-2.23	48124	-0.738	0.151	0.541	-0.072	0.023	0.213
13.062	-0.722	0.156	0.532	0.44	-1.03	2.92	3.93	2.45	-2.36	48112	-0.739	0.149	0.541	-0.071	0.023	0.212
13.069	-0.722	0.153	0.532	0.48	-1.06	2.90	3.17	1.83	-2.02	48118	-0.740	0.146	0.541	-0.070	0.023	0.211
13.086	-0.722	0.146	0.531	0.54	-1.09	2.88	2.53	0.76	-2.67	48185	-0.740	0.144	0.541	-0.069	0.023	0.211
13.094	-0.723	0.144	0.531	0.56	-1.10	2.85	1.49	0.10	-2.79	48193	-0.741	0.141	0.541	-0.068	0.024	0.210
13.103	-0.724	0.142	0.531	0.57	-1.09	2.83	1.34	-1.22	-2.75	48205	-0.741	0.138	0.541	-0.067	0.024	0.209
13.111	-0.725	0.142	0.530	0.56	-1.08	2.79	1.08	-1.21	-3.02	48207	-0.742	0.136	0.540	-0.067	0.024	0.208
13.124	-0.725	0.139	0.530	0.57	-1.06	2.76	0.22	-0.44	-3.16	48446	-0.743	0.133	0.540	-0.066	0.024	0.208
13.133	-0.727	0.130	0.530	0.62	-1.05	2.74	0.12	0.02	-3.32	48465	-0.744	0.130	0.540	-0.065	0.024	0.207
13.142	-0.728	0.127	0.530	0.62	-1.04	2.70	0.02	0.84	-2.89	48485	-0.745	0.127	0.540	-0.064	0.024	0.206
13.153	-0.728	0.129	0.529	0.58	-1.06	2.67	-0.98	1.48	-2.95	48501	-0.745	0.124	0.539	-0.063	0.025	0.205
13.163	-0.727	0.121	0.529	0.61	-1.08	2.65	-1.42	2.77	-2.28	48551	-0.746	0.121	0.539	-0.062	0.025	0.205
13.174	-0.726	0.114	0.529	0.63	-1.11	2.63	-1.99	3.68	-2.27	48562	-0.746	0.117	0.539	-0.061	0.024	0.204
13.184	-0.727	0.115	0.529	0.58	-1.15	2.60	-2.43	4.51	-2.12	48559	-0.747	0.114	0.538	-0.060	0.024	0.203
13.194	-0.727	0.111	0.529	0.55	-1.19	2.58	-3.49	4.59	-1.89	48568	-0.747	0.111	0.538	-0.059	0.024	0.202
13.204	-0.728	0.106	0.528	0.53	-1.24	2.56	-4.25	4.95	-1.03	48587	-0.747	0.107	0.538	-0.058	0.024	0.202
13.214	-0.728	0.103	0.528	0.49	-1.28	2.55	-5.00	3.86	-0.90	48632	-0.748	0.104	0.538	-0.057	0.024	0.201
13.220	-0.729	0.097	0.528	0.46	-1.32	2.54	-5.23	3.15	-0.42	48635	-0.748	0.100	0.538	-0.056	0.024	0.200
13.233	-0.728	0.096	0.528	0.39	-1.36	2.53	-4.61	2.01	-0.99	48652	-0.748	0.097	0.537	-0.055	0.024	0.199
13.243	-0.728	0.093	0.529	0.34	-1.38	2.53	-6.67	-1.28	-0.24	48668	-0.749	0.093	0.537	-0.054	0.024	0.199
13.253	-0.728	0.096	0.529	0.23	-1.38	2.52	-6.34	-1.01	-1.00	48406	-0.749	0.091	0.537	-0.053	0.024	0.198
13.263	-0.731	0.097	0.529	0.13	-1.35	2.50	-7.13	-3.60	-0.15	48402	-0.749	0.088	0.537	-0.052	0.025	0.198
13.271	-0.731	0.092	0.529	0.08	-1.31	2.51	-6.66	-3.61	0.39	48417	-0.750	0.086	0.537	-0.051	0.025	0.197
13.281	-0.731	0.076	0.529	0.11	-1.28	2.52	-6.41	-4.64	0.68	48411	-0.750	0.082	0.537	-0.050	0.025	0.196
13.292	-0.731	0.073	0.529	0.05	-1.23	2.53	-4.05	-3.45	0.81	48303	-0.750	0.078	0.537	-0.049	0.025	0.196
13.304	-0.731	0.076	0.529	-0.05	-1.20	2.53	-2.89	-1.90	0.93	48297	-0.751	0.075	0.537	-0.048	0.025	0.195
13.313	-0.731	0.073	0.529	-0.08	-1.17	2.54	-1.51	-0.23	0.90	48282	-0.751	0.072	0.537	-0.047	0.025	0.194
13.323	-0.731	0.066	0.529	-0.06	-1.17	2.55	-1.73	0.27	1.16	48273	-0.751	0.068	0.537	-0.046	0.025	0.194
13.333	-0.731	0.063	0.528	-0.08	-1.18	2.56	-0.42	2.82	1.29	48278	-0.751	0.064	0.537	-0.045	0.025	0.193
13.345	-0.730	0.061	0.528	-0.10	-1.22	2.57	-0.58	3.77	1.22	48397	-0.751	0.061	0.537	-0.044	0.025	0.192
13.355	-0.730	0.058	0.528	-0.11	-1.26	2.59	-0.21	3.85	0.76	48393	-0.751	0.058	0.537	-0.043	0.025	0.192
13.367	-0.729	0.052	0.528	-0.09	-1.30	2.60	-0.04	3.87	0.18	48395	-0.751	0.054	0.537	-0.042	0.024	0.191
13.371	-0.729	0.050	0.526	-0.10	-1.35	2.60	-0.33	3.76	0.26	48384	-0.751	0.051	0.536	-0.041	0.024	0.190
13.383	-0.728	0.048	0.526	-0.11	-1.39	2.60	-0.66	3.04	0.01	48652	-0.751	0.047	0.536	-0.039	0.024	0.190
13.391	-0.728	0.046	0.526	-0.13	-1.42	2.59	-0.46	0.72	-0.43	48659	-0.751	0.044	0.535	-0.038	0.025	0.189
13.398	-0.727	0.039	0.526	-0.10	-1.43	2.59	-1.26	-1.40	-0.86	48653	-0.750	0.041	0.535	-0.037	0.024	0.188
13.414	-0.727	0.036	0.526	-0.11	-1.42	2.59	-1.74	-3.67	-0.95	48656	-0.750	0.037	0.535	-0.036	0.024	0.188
13.422	-0.727	0.033	0.526	-0.13	-1.38	2.58	-1.36	-5.35	-0.42	48572	-0.750	0.034	0.535	-0.035	0.024	0.187
13.431	-0.727	0.029	0.526	-0.15	-1.33	2.57	-1.59	-7.58	-0.51	48549	-0.750	0.030	0.535	-0.033	0.024	0.186
13.439	-0.729	0.026	0.526	-0.17	-1.24	2.57	-2.53	-9.04	0.29	48542	-0.750	0.027	0.534	-0.032	0.024	0.186
13.454	-0.728	0.023	0.526	-0.19	-1.15	2.57	-2.77	-9.84	-0.30	48526	-0.750	0.024	0.534	-0.031	0.024	0.185
13.465	-0.728	0.016	0.525	-0.19	-1.05	2.57	-2.43	-9.00	-0.10	48552	-0.749	0.020	0.534	-0.030	0.024	0.184
13.472	-0.727	0.013	0.525	-0.22	-0.96	2.57	-2.90	-8.07	0.18	48546	-0.749	0.016	0.534	-0.029	0.024	0.184
13.481	-0.730	0.013	0.525	-0.27	-0.86	2.57	-2.97	-6.00	0.23	48538	-0.749	0.013	0.534	-0.028	0.024	0.183
13.488	-0.729	0.010	0.525	-0.30	-0.80	2.57	-2.46	-2.62	0.07	48518	-0.749	0.010	0.534	-0.027	0.024	0.182
13.498	-0.729	0.006	0.526	-0.32	-0.77	2.57	-1.35	0.28	0.43	48504	-0.749	0.006	0.534	-0.026	0.024	0.182
13.514	-0.729	0.003	0.526	-0.34	-0.77	2.57	-1.40	3.66	0.21	48365	-0.749	0.003	0.534	-0.025	0.024	0.181
13.523	-0.728	0.003	0.526	-0.38	-0.81	2.57	-1.76	4.42	0.31	48343	-0.749	0.000	0.534	-0.024	0.024	0.181
13.532	-0.728	-0.000	0.526	-0.39	-0.85	2.58	-1.56	6.61	0.66	48330	-0.749	-0.003	0.534	-0.023	0.024	0.180
13.549	-0.726	-0.006	0.525	-0.39	-0.92	2.59	-1.38	6.14	0.10	48335	-0.749	-0.006	0.533	-0.022	0.024	0.179
13.555	-0.727	-0.005	0.525	-0.43	-0.98	2.58	-1.19	6.89	-0.37	48505	-0.748	-0.009	0.533	-0.021	0.024	0.179
13.563	-0.727	-0.008	0.525	-0.45	-1.05	2.58	-0.98	5.77	-0.31	48488	-0.748	-0.011	0.533	-0.020	0.025	0.178
13.573	-0.726	-0.011	0.525	-0.46	-1.11	2.58	-0.15	4.33	-0.22	48489	-0.748	-0.014	0.533	-0.018	0.025	0.177
13.583	-0.727	-0.013	0.524	-0.47	-1.14	2.57	0.40	3.21	-0.66	48480	-0.748	-0.017	0.533	-0.017	0.025	0.177
13.590	-0.727	-0.013	0.524	-0.48	-1.18	2.56	0.99	1.22	-1.15	48496	-0.748	-0.019	0.532	-0.016	0.025	0.176
13.598	-0.727	-0.014	0.524	-0.49	-1.19	2.55	1.44	0.53	-1.33	48494	-0.747	-0.021	0.532	-0.015	0.026	0.176
13.613	-0.727	-0.019	0.524	-0.46	-1.19	2.54	2.03	-2.21	-1.43	48493	-0.747	-0.024	0.532	-0.014	0.026	0.175
13.622	-0.727	-0.024	0.524	-0.43	-1.17	2.52	1.93	-2.67	-1.59	48494	-0.747	-0.027	0.532	-0.013	0.026	0.174
13.631	-0.726	-0.027	0.524	-0.40	-1.14	2.51	2.41	-2.99	-2.05	48500	-0.747	-0.029	0.532	-0.012	0.026	0.174
13.641	-0.727	-0.029	0.524	-0.39	-1.10	2.49	2.04	-3.17	-2.14	48490	-0.747	-0.032	0.532	-0.011	0.026	0.173
13.649	-0.726	-0.032	0.524	-0.37	-1.07	2.47	1.63	-3.20	-2.11	48483	-0.746	-0.035	0.532	-0.010	0.026	0.173
13.663	-0.726	-0.035	0.524	-0.35	-1.04	2.45	1.26	-2.18	-1.83	48497	-0.746	-0.038	0.532	-0.009	0.027	0.172
13.674	-0.726	-0.040	0.524	-0.32	-1.01	2.43	1.30	-0.87	-2.12	48488	-0.746	-0.041	0.532	-0.008	0.027	0.171
13.683	-0.724	-0.039	0.524	-0.34	-1.01	2.41	0.81	-0.01	-2.15	48453	-0.746	-0.043	0.531	-0.007	0.027	0.171
13.691	-0.724	-0.042	0.524	-0.33	-1.01	2.39	0.50	2.00	-2.05	48453	-0.745	-0.046	0.531	-0.006	0.027	0.170
13.698	-0.724	-0.048	0.524	-0.30	-1.02	2.37	0.36	3.20	-2.37	48447	-0.745	-0.049	0.531	-0.005	0.027	0.170
13.708	-0.723	-0.049	0.524	-0.31	-1.05	2.34	0.42	4.70	-2.41	48427	-0.744	-0.051	0.531	-0.004	0.027	0.169
13.724	-0.723	-0.054	0.524	-0.30	-1.10	2.32	1.02	4.56	-2.53	48430	-0.744	-0.054	0.531	-0.003	0.027	0.169
13.732	-0.722	-0.057	0.524	-0.29	-1.15	2.29	1.75	5.50	-2.99	48411	-0.743	-0.057	0.531	-0.002	0.027	0.168
13.742	-0.723	-0.056	0.524	-0.30	-1.19	2.26	1.37	4.59	-2.91	48395	-0.743	-0.060	0.531	-0.000	0.027	0.167
13.750	-0.722	-0.059	0.524	-0.29	-1.24	2.23	2.20	3.67	-3.12	48404	-0.743	-0.062	0.531	0.001	0.027	0.167
13.764	-0.722	-0.062	0.524	-0.26	-1.27	2.19	3.29	3.29	-3.44	48411	-0.742	-0.065	0.531	0.002	0.028	0.166
13.775	-0.722	-0.065	0.524	-0.23	-1.30	2.16	4.22	1.92	-3.43	48384	-0.742	-0.067	0.531	0.003	0.028	0.166
13.783	-0.721	-0.068	0.524	-0.19	-1.32	2.13	3.91	0.77	-3.77	48381	-0.742	-0.070	0.531	0.004	0.028	0.165
13.791	-0.721	-0.069	0.524	-0.16	-1.32	2.09	5.04	1.27	-3.84	48368	-0.741	-0.072	0.531	0.005	0.028	0.165
13.799	-0.719	-0.073	0.524	-0.11	-1.34	2.05	3.99	2.14	-4.10	48365	-0.741	-0.075	0.531	0.006	0.028	0.164
13.809	-0.719	-0.075	0.524	-0.07	-1.36	2.01	3.61	1.90	-3.56	48356	-0.740	-0.077	0.531	0.007	0.028	0.164
13.824	-0.719	-0.078	0.524	-0.03	-1.38	1.97	2.61	3.14	-3.84	48371	-0.740	-0.080	0.531	0.008	0.028	0.163
13.833	-0.718	-0.080	0.524	-0.01	-1.41	1.93	1.69	3.38	-3.90	48372	-0.739	-0.083	0.531	0.009	0.029	0.163
13.840	-0.717	-0.083	0.524	0.01	-1.44	1.89	1.09	3.65	-3.66	48363	-0.739	-0.085	0.531	0.010	0.029	0.162
13.851	-0.717	-0.086	0.523	0.02	-1.48	1.86	0.39	4.26	-3.92	48372	-0.738	-0.088	0.531	0.011	0.029	0.162
13.858	-0.718	-0.083	0.523	-0.02	-1.51	1.81	-1.07	2.32	-3.70	48434	-0.738	-0.090	0.530	0.012	0.029	0.161
13.873	-0.717	-0.086	0.523	-0.03	-1.53	1.77	-2.15	2.07	-3.29	48435	-0.737	-0.092	0.530	0.013	0.029	0.161
13.883	-0.715	-0.094	0.523	-0.01	-1.56	1.75	-1.81	1.91	-3.54	48445	-0.736	-0.094	0.530	0.014	0.029	0.160
13.892	-0.714	-0.097	0.523	-0.03	-1.58	1.71	-2.02	1.22	-3.22	48454	-0.736	-0.097	0.530	0.015	0.029	0.159
13.899	-0.713	-0.103	0.523	-0.02	-1.59	1.68	-1.94	-0.51	-2.99	48470	-0.735	-0.100	0.530	0.017	0.029	0.159
13.909	-0.712	-0.106	0.523	-0.04	-1.58	1.65	-1.60	-1.82	-3.03	48478	-0.734	-0.104	0.530	0.018	0.029	0.158
13.923	-0.712	-0.106	0.523	-0.07	-1.55	1.62	-0.98	-3.02	-2.80	48484	-0.733	-0.106	0.530	0.019	0.029	0.158
13.933	-0.710	-0.109	0.523	-0.08	-1.53	1.59	-0.28	-3.29	-3.20	48479	-0.733	-0.109	0.530	0.020	0.029	0.157
13.942	-0.714	-0.105	0.524	-0.14	-1.47	1.55	-0.00	-3.53	-3.00	48477	-0.732	-0.111	0.530	0.021	0.030	0.157
13.950	-0.713	-0.108	0.524	-0.14	-1.43	1.51	-0.01	-3.37	-3.04	48274	-0.732	-0.113	0.530	0.022	0.030	0.156
13.959	-0.712	-0.110	0.524	-0.14	-1.40	1.48	0.90	-3.19	-3.41	48266	-0.731	-0.115	0.530	0.023	0.030	0.156
13.973	-0.710	-0.109	0.524	-0.16	-1.38	1.45	1.91	0.26	-3.55	48267	-0.731	-0.117	0.530	0.024	0.030	0.156
13.983	-0.703	-0.122	0.523	-0.07	-1.41	1.43	1.64	-0.75	-3.11	48284	-0.729	-0.120	0.530	0.025	0.030	0.155
13.991	-0.702	-0.125	0.523	-0.05	-1.40	1.40	2.39	1.65	-3.24	48505	-0.728	-0.123	0.530	0.027	0.030	0.155
14.006	-0.701	-0.128	0.523	-0.03	-1.41	1.36	1.81	1.75	-2.99	48514	-0.727	-0.126	0.530	0.028	0.030	0.154
14.008	-0.699	-0.135	0.523	0.01	-1.44	1.34	0.58	2.63	-3.31	48545	-0.725	-0.130	0.529	0.029	0.030	0.154
14.024	-0.700	-0.135	0.523	-0.00	-1.45	1.30	-0.02	3.96	-3.33	48564	-0.724	-0.133	0.529	0.030	0.030	0.153
14.034	-0.697	-0.135	0.522	-0.02	-1.50	1.27	-0.98	2.80	-3.01	48619	-0.722	-0.135	0.529	0.032	0.030	0.152
14.041	-0.696	-0.136	0.522	-0.05	-1.53	1.24	-1.99	0.25	-2.61	48638	-0.721	-0.138	0.529	0.033	0.030	0.152
14.051	-0.694	-0.138	0.522	-0.07	-1.53	1.21	-2.50	0.22	-2.57	48653	-0.720	-0.140	0.529	0.034	0.030	0.151
14.063	-0.700	-0.127	0.522	-0.19	-1.48	1.16	-3.02	-1.57	-2.70	48663	-0.719	-0.141	0.529	0.035	0.031	0.151
14.073	-0.699	-0.129	0.522	-0.22	-1.47	1.14	-3.37	-3.44	-2.51	48679	-0.718	-0.142	0.529	0.036	0.031	0.150
14.083	-0.695	-0.140	0.522	-0.20	-1.45	1.12	-3.10	-5.20	-2.32	48604	-0.717	-0.144	0.529	0.037	0.032	0.150
14.092	-0.694	-0.143	0.522	-0.23	-1.40	1.10	-2.15	-5.46	-2.62	48600	-0.716	-0.146	0.528	0.038	0.032	0.149
14.100	-0.690	-0.146	0.522	-0.24	-1.36	1.07	-1.01	-6.22	-2.31	48607	-0.715	-0.149	0.528	0.040	0.032	0.149
14.109	-0.689	-0.149	0.522	-0.25	-1.30	1.05	0.15	-7.86	-1.77	48615	-0.713	-0.151	0.528	0.041	0.032	0.149
14.123	-0.688	-0.152	0.522	-0.25	-1.22	1.03	1.24	-6.88	-1.77	48537	-0.712	-0.154	0.528	0.042	0.032	0.148
14.132	-0.687	-0.155	0.522	-0.24	-1.15	1.01	1.82	-5.97	-2.02	48544	-0.711	-0.156	0.528	0.043	0.032	0.148
14.141	-0.689	-0.149	0.522	-0.28	-1.06	0.98	2.20	-5.07	-2.58	48547	-0.710	-0.158	0.528	0.044	0.033	0.147
14.148	-0.688	-0.152	0.522	-0.26	-1.01	0.96	1.91	-2.97	-2.67	48531	-0.709	-0.159	0.528	0.045	0.033	0.147
14.156	-0.689	-0.149	0.520	-0.27	-0.96	0.93	1.71	-2.58	-2.75	48530	-0.708	-0.160	0.528	0.046	0.034	0.146
14.168	-0.688	-0.149	0.520	-0.28	-0.93	0.90	1.93	-0.32	-3.03	48833	-0.707	-0.161	0.528	0.047	0.034	0.146
14.185	-0.687	-0.148	0.520	-0.28	-0.92	0.87	2.07	0.78	-3.10	48832	-0.706	-0.162	0.527	0.048	0.035	0.145
14.194	-0.680	-0.159	0.520	-0.19	-0.97	0.85	2.79	1.09	-3.07	48842	-0.705	-0.164	0.527	0.050	0.035	0.144
14.200	-0.681	-0.154	0.521	-0.22	-0.96	0.81	3.54	1.45	-3.31	48856	-0.703	-0.165	0.527	0.051	0.036	0.144
14.210	-0.679	-0.157	0.521	-0.18	-0.97	0.78	4.47	1.81	-3.62	48687	-0.702	-0.166	0.527	0.052	0.036	0.143
14.218	-0.680	-0.155	0.520	-0.16	-0.98	0.74	5.79	2.07	-3.81	48679	-0.701	-0.167	0.527	0.053	0.037	0.143
14.232	-0.680	-0.152	0.520	-0.14	-0.99	0.69	6.34	0.55	-3.68	48688	-0.700	-0.167	0.527	0.054	0.037	0.142
14.244	-0.675	-0.164	0.520	-0.01	-1.02	0.67	7.07	0.06	-3.50	48692	-0.698	-0.169	0.527	0.055	0.038	0.142
14.251	-0.675	-0.167	0.521	0.06	-1.01	0.63	7.44	-1.04	-3.66	48554	-0.697	-0.171	0.527	0.056	0.038	0.141
14.260	-0.671	-0.175	0.521	0.18	-1.02	0.60	7.25	-1.56	-3.69	48567	-0.695	-0.173	0.527	0.057	0.038	0.141
14.268	-0.670	-0.178	0.521	0.25	-1.01	0.56	6.18	-1.61	-3.57	48574	-0.693	-0.176	0.527	0.059	0.038	0.141
14.285	-0.668	-0.174	0.521	0.27	-0.99	0.52	4.67	-0.66	-3.65	48565	-0.692	-0.178	0.527	0.060	0.038	0.140
14.292	-0.667	-0.176	0.522	0.31	-0.98	0.48	2.74	-1.02	-3.42	48565	-0.690	-0.180	0.527	0.061	0.038	0.140
14.302	-0.665	-0.178	0.522	0.35	-0.97	0.45	0.41	-0.53	-3.24	48402	-0.688	-0.182	0.527	0.062	0.038	0.139
14.311	-0.666	-0.175	0.522	0.31	-0.95	0.41	-1.83	-0.94	-2.89	48397	-0.687	-0.183	0.527	0.063	0.039	0.139
14.318	-0.664	-0.177	0.522	0.30	-0.94	0.38	-3.66	-0.29	-3.15	48389	-0.685	-0.184	0.527	0.064	0.039	0.138
14.333	-0.670	-0.170	0.521	0.20	-0.88	0.34	-5.41	-1.25	-3.05	48380	-0.685	-0.185	0.527	0.065	0.040	0.138
14.342	-0.659	-0.191	0.521	0.28	-0.93	0.33	-5.52	0.71	-2.89	48503	-0.683	-0.187	0.527	0.066	0.040	0.137
14.353	-0.658	-0.189	0.521	0.19	-0.93	0.29	-5.01	0.53	-3.04	48500	-0.681	-0.190	0.527	0.068	0.040	0.137
14.360	-0.657	-0.191	0.521	0.14	-0.94	0.26	-4.11	1.24	-2.99	48484	-0.679	-0.192	0.527	0.069	0.040	0.136
14.369	-0.651	-0.198	0.521	0.14	-0.98	0.24	-3.08	1.12	-3.24	48478	-0.677	-0.195	0.527	0.070	0.040	0.136
14.385	-0.652	-0.201	0.519	0.11	-0.98	0.21	-2.24	1.06	-3.35	48473	-0.675	-0.198	0.527	0.071	0.039	0.135
14.393	-0.652	-0.204	0.519	0.09	-0.97	0.17	-2.01	-0.31	-3.03	48800	-0.674	-0.200	0.526	0.072	0.039	0.135
14.401	-0.650	-0.202	0.519	0.04	-0.97	0.14	-1.11	0.74	-3.08	48798	-0.672	-0.203	0.526	0.073	0.039	0.134
14.411	-0.648	-0.201	0.519	0.00	-0.98	0.11	-1.09	-0.79	-2.76	48815	-0.670	-0.205	0.526	0.075	0.039	0.134
14.419	-0.648	-0.197	0.519	-0.05	-0.95	0.08	-1.22	-1.56	-2.92	48818	-0.668	-0.206	0.526	0.076	0.040	0.133
14.435	-0.651	-0.195	0.519	-0.09	-0.91	0.04	-0.61	-2.22	-2.75	48697	-0.667	-0.206	0.526	0.076	0.040	0.133
14.444	-0.651	-0.193	0.519	-0.13	-0.87	0.01	-0.59	-2.77	-3.13	48697	-0.666	-0.207	0.526	0.077	0.041	0.132
14.453	-0.644	-0.213	0.519	-0.00	-0.89	-0.01	0.59	-1.32	-2.97	48697	-0.665	-0.210	0.525	0.078	0.041	0.132
14.461	-0.643	-0.211	0.519	-0.03	-0.86	-0.04	-0.26	-1.55	-2.89	48689	-0.663	-0.212	0.525	0.079	0.041	0.131
14.470	-0.644	-0.209	0.518	-0.07	-0.83	-0.07	-0.31	-1.17	-2.84	48733	-0.662	-0.213	0.525	0.080	0.041	0.131
14.483	-0.644	-0.207	0.518	-0.10	-0.80	-0.10	-0.64	0.29	-2.41	48726	-0.660	-0.215	0.525	0.081	0.041	0.130
14.493	-0.639	-0.226	0.518	0.01	-0.82	-0.11	-2.18	0.57	-2.08	48726	-0.659	-0.218	0.525	0.082	0.041	0.130
14.501	-0.638	-0.228	0.518	-0.01	-0.83	-0.14	-0.86	1.78	-1.99	48708	-0.657	-0.221	0.525	0.083	0.041	0.129
14.511	-0.637	-0.225	0.518	-0.06	-0.84	-0.16	-2.63	2.36	-1.86	48701	-0.656	-0.224	0.525	0.084	0.041	0.129
14.519	-0.638	-0.222	0.518	-0.12	-0.85	-0.18	-2.32	3.92	-1.95	48791	-0.654	-0.225	0.525	0.085	0.041	0.128
14.534	-0.638	-0.218	0.518	-0.19	-0.87	-0.21	-2.90	4.12	-1.83	48799	-0.653	-0.226	0.524	0.085	0.041	0.127
14.544	-0.632	-0.239	0.517	-0.08	-0.93	-0.21	-3.32	3.56	-2.28	48789	-0.651	-0.230	0.524	0.086	0.041	0.127
14.552	-0.631	-0.239	0.517	-0.13	-0.97	-0.24	-2.16	3.74	-2.60	48768	-0.650	-0.233	0.524	0.087	0.040	0.126
14.560	-0.630	-0.238	0.517	-0.18	-1.00	-0.27	-2.21	3.54	-2.99	48855	-0.648	-0.236	0.524	0.088	0.040	0.126
14.570	-0.631	-0.235	0.517	-0.24	-1.01	-0.30	-3.29	2.82	-2.99	48838	-0.647	-0.237	0.524	0.089	0.040	0.125
14.583	-0.631	-0.231	0.517	-0.32	-1.03	-0.34	-1.85	0.60	-3.05	48811	-0.646	-0.239	0.524	0.090	0.041	0.125
14.595	-0.625	-0.256	0.516	-0.18	-1.06	-0.36	-2.59	-1.75	-2.99	48810	-0.644	-0.243	0.523	0.091	0.040	0.124
14.603	-0.626	-0.252	0.516	-0.25	-1.03	-0.39	-1.44	-0.59	-2.73	48904	-0.642	-0.246	0.523	0.092	0.040	0.124
14.612	-0.626	-0.250	0.516	-0.30	-1.00	-0.42	-2.36	-1.75	-2.73	48890	-0.641	-0.248	0.523	0.092	0.040	0.123
14.618	-0.627	-0.246	0.516	-0.37	-0.97	-0.45	-2.09	-1.81	-2.26	48875	-0.640	-0.250	0.523	0.093	0.040	0.123
14.629	-0.621	-0.266	0.516	-0.26	-0.98	-0.46	-3.46	-0.11	-2.52	48874	-0.638	-0.254	0.523	0.094	0.039	0.122
14.642	-0.618	-0.270	0.516	-0.28	-0.98	-0.49	-4.55	0.44	-3.37	48875	-0.637	-0.258	0.523	0.095	0.039	0.122
14.651	-0.618	-0.268	0.516	-0.35	-0.97	-0.52	-5.45	2.85	-3.59	48749	-0.635	-0.261	0.523	0.096	0.038	0.121
14.659	-0.618	-0.265	0.516	-0.44	-0.98	-0.56	-6.58	4.16	-3.65	48727	-0.634	-0.263	0.523	0.097	0.038	0.121
14.667	-0.613	-0.281	0.516	-0.41	-1.04	-0.58	-7.29	4.55	-3.10	48726	-0.632	-0.267	0.523	0.098	0.038	0.120
14.675	-0.613	-0.282	0.516	-0.50	-1.07	-0.62	-8.62	5.32	-3.67	48719	-0.630	-0.271	0.523	0.098	0.037	0.119
14.694	-0.613	-0.278	0.516	-0.62	-1.11	-0.66	-7.10	4.65	-4.41	48693	-0.628	-0.274	0.523	0.099	0.037	0.119
14.703	-0.612	-0.274	0.516	-0.74	-1.14	-0.70	-6.77	4.31	-3.36	48669	-0.627	-0.276	0.523	0.100	0.037	0.118
14.712	-0.606	-0.298	0.516	-0.65	-1.22	-0.73	-6.39	2.26	-4.16	48674	-0.625	-0.281	0.523	0.101	0.036	0.118
14.721	-0.606	-0.296	0.516	-0.75	-1.23	-0.77	-5.45	1.81	-2.92	48666	-0.623	-0.284	0.523	0.102	0.035	0.117
14.729	-0.606	-0.291	0.517	-0.87	-1.23	-0.81	-5.39	-0.84	-4.64	48638	-0.622	-0.287	0.523	0.103	0.035	0.117
14.743	-0.604	-0.289	0.517	-0.96	-1.23	-0.86	-5.55	-3.61	-3.80	48473	-0.620	-0.289	0.523	0.103	0.035	0.117
14.751	-0.599	-0.306	0.517	-0.91	-1.22	-0.89	-3.99	-3.18	-3.58	48482	-0.618	-0.293	0.523	0.104	0.035	0.116
14.762	-0.597	-0.309	0.517	-0.95	-1.19	-0.93	-5.01	-3.60	-4.33	48456	-0.616	-0.297	0.523	0.105	0.034	0.116
14.770	-0.597	-0.308	0.517	-1.02	-1.14	-0.98	-5.10	-4.37	-4.85	48433	-0.614	-0.300	0.523	0.106	0.034	0.115
14.779	-0.592	-0.304	0.518	-1.12	-1.11	-1.03	-4.62	-2.89	-5.25	48342	-0.612	-0.303	0.523	0.107	0.033	0.115
14.796	-0.591	-0.322	0.518	-1.05	-1.07	-1.07	-5.50	-2.86	-4.73	48338	-0.610	-0.307	0.523	0.108	0.033	0.114
14.803	-0.588	-0.326	0.518	-1.09	-1.05	-1.11	-6.29	-1.39	-4.40	48333	-0.607	-0.311	0.524	0.109	0.032	0.114
14.812	-0.588	-0.324	0.518	-1.19	-1.01	-1.16	-6.61	-1.35	-4.54	48306	-0.605	-0.315	0.524	0.110	0.031	0.113
14.820	-0.589	-0.321	0.517	-1.30	-0.99	-1.21	-7.43	-0.13	-4.33	48426	-0.604	-0.317	0.524	0.111	0.031	0.113
14.829	-0.586	-0.323	0.517	-1.37	-0.98	-1.25	-7.25	-0.26	-3.94	48426	-0.602	-0.320	0.524	0.112	0.031	0.112
14.843	-0.575	-0.347	0.517	-1.29	-1.05	-1.28	-5.98	0.14	-4.46	48433	-0.599	-0.325	0.524	0.113	0.030	0.112
14.854	-0.573	-0.343	0.517	-1.40	-1.04	-1.33	-5.73	-0.17	-4.57	48412	-0.596	-0.329	0.524	0.114	0.029	0.111
14.862	-0.573	-0.340	0.516	-1.50	-1.02	-1.37	-4.60	-1.42	-3.94	48399	-0.593	-0.332	0.523	0.115	0.029	0.111
14.872	-0.574	-0.337	0.516	-1.59	-0.98	-1.42	-3.07	-2.08	-3.87	48595	-0.591	-0.335	0.523	0.116	0.029	0.110
14.880	-0.567	-0.355	0.516	-1.49	-1.00	-1.45	-2.43	-3.37	-3.81	48602	-0.589	-0.339	0.523	0.117	0.028	0.110
14.888	-0.562	-0.361	0.516	-1.49	-0.99	-1.48	-1.40	-3.64	-3.77	48589	-0.585	-0.344	0.523	0.118	0.027	0.109
14.902	-0.560	-0.363	0.518	-1.51	-0.95	-1.51	-1.18	-4.80	-3.92	48592	-0.582	-0.348	0.523	0.119	0.026	0.109
14.912	-0.557	-0.361	0.518	-1.56	-0.90	-1.55	-1.88	-6.03	-3.47	48231	-0.579	-0.351	0.523	0.121	0.026	0.109
14.920	-0.555	-0.360	0.518	-1.61	-0.83	-1.59	-1.54	-5.94	-3.12	48225	-0.577	-0.354	0.523	0.122	0.026	0.108
14.929	-0.553	-0.363	0.519	-1.62	-0.77	-1.62	-2.15	-5.56	-2.79	48215	-0.574	-0.357	0.524	0.123	0.025	0.108
14.939	-0.551	-0.360	0.519	-1.69	-0.71	-1.65	-2.25	-4.76	-2.23	48197	-0.571	-0.359	0.524	0.124	0.025	0.108
14.954	-0.549	-0.362	0.517	-1.71	-0.66	-1.67	-2.34	-4.34	-1.84	48195	-0.568	-0.361	0.524	0.125	0.025	0.107
14.963	-0.540	-0.380	0.517	-1.61	-0.67	-1.68	-2.09	-3.29	-1.70	48501	-0.565	-0.365	0.523	0.126	0.024	0.107
14.972	-0.541	-0.378	0.517	-1.66	-0.60	-1.70	-1.94	-1.87	-1.65	48488	-0.562	-0.368	0.523	0.127	0.024	0.106
14.979	-0.536	-0.378	0.517	-1.71	-0.60	-1.72	-2.41	-2.32	-0.86	48480	-0.558	-0.371	0.523	0.128	0.024	0.106
14.989	-0.536	-0.377	0.517	-1.76	-0.55	-1.73	-2.22	-3.74	-1.49	48483	-0.555	-0.374	0.523	0.129	0.023	0.105
15.005	-0.535	-0.374	0.517	-1.82	-0.51	-1.75	-2.23	-1.16	-1.42	48512	-0.553	-0.375	0.523	0.130	0.023	0.105
15.013	-0.535	-0.374	0.517	-1.86	-0.48	-1.77	-2.47	-1.82	-0.90	48504	-0.550	-0.377	0.523	0.131	0.024	0.104
15.022	-0.532	-0.376	0.517	-1.89	-0.46	-1.78	-1.99	-0.85	-1.41	48494	-0.548	-0.378	0.523	0.132	0.024	0.104
15.028	-0.532	-0.373	0.517	-1.94	-0.43	-1.79	-1.23	-0.25	-1.10	48483	-0.546	-0.379	0.523	0.132	0.024	0.103
15.039	-0.535	-0.367	0.517	-2.01	-0.38	-1.81	0.54	1.36	-0.44	48572	-0.544	-0.379	0.523	0.133	0.025	0.103
15.052	-0.538	-0.361	0.517	-2.07	-0.35	-1.82	2.39	1.52	0.10	48577	-0.543	-0.378	0.523	0.133	0.026	0.103
15.062	-0.539	-0.361	0.517	-2.06	-0.34	-1.83	5.18	2.55	-0.33	48574	-0.542	-0.378	0.522	0.133	0.026	0.102
15.072	-0.535	-0.361	0.517	-2.01	-0.37	-1.83	7.94	2.62	0.25	48559	-0.541	-0.377	0.522	0.133	0.027	0.102
15.080	-0.533	-0.363	0.516	-1.93	-0.40	-1.83	11.29	4.39	0.49	48550	-0.540	-0.377	0.522	0.134	0.028	0.101
15.089	-0.532	-0.365	0.516	-1.81	-0.44	-1.83	14.55	4.12	0.89	48610	-0.538	-0.376	0.522	0.134	0.029	0.101
15.106	-0.531	-0.368	0.516	-1.65	-0.47	-1.82	17.06	5.70	1.08	48599	-0.537	-0.377	0.522	0.134	0.029	0.100
15.113	-0.530	-0.371	0.516	-1.47	-0.51	-1.81	18.85	6.90	1.33	48572	-0.536	-0.377	0.522	0.135	0.029	0.100
15.120	-0.531	-0.377	0.517	-1.24	-0.55	-1.81	18.82	7.35	1.48	48558	-0.535	-0.378	0.522	0.135	0.029	0.100
15.130	-0.530	-0.357	0.517	-1.22	-0.61	-1.80	17.67	8.41	1.20	48444	-0.534	-0.377	0.522	0.135	0.030	0.099
15.141	-0.528	-0.355	0.517	-1.07	-0.69	-1.79	14.62	7.49	1.66	48439	-0.533	-0.375	0.522	0.135	0.031	0.099
15.146	-0.526	-0.357	0.517	-0.93	-0.77	-1.78	12.97	9.39	0.85	48432	-0.532	-0.374	0.522	0.136	0.032	0.099
15.161	-0.523	-0.360	0.517	-0.78	-0.87	-1.77	11.22	9.79	2.19	48410	-0.530	-0.373	0.522	0.136	0.033	0.098
15.173	-0.522	-0.362	0.517	-0.66	-0.95	-1.75	8.46	8.78	2.52	48405	-0.529	-0.373	0.522	0.136	0.033	0.098
15.179	-0.521	-0.346	0.517	-0.72	-1.02	-1.72	6.59	7.60	2.20	48431	-0.527	-0.370	0.522	0.137	0.035	0.097
15.189	-0.520	-0.340	0.517	-0.70	-1.08	-1.71	6.24	7.02	1.09	48421	-0.526	-0.367	0.522	0.137	0.036	0.097
15.203	-0.518	-0.341	0.517	-0.64	-1.15	-1.70	7.87	6.86	0.48	48407	-0.525	-0.365	0.522	0.137	0.037	0.097
15.211	-0.515	-0.342	0.518	-0.56	-1.21	-1.69	8.52	4.20	0.91	48394	-0.523	-0.363	0.522	0.138	0.038	0.096
15.222	-0.516	-0.344	0.518	-0.45	-1.24	-1.68	11.09	2.96	1.53	48256	-0.522	-0.361	0.522	0.138	0.039	0.096
15.232	-0.511	-0.345	0.518	-0.34	-1.29	-1.66	13.30	1.82	1.19	48248	-0.520	-0.360	0.522	0.139	0.040	0.096
15.240	-0.508	-0.349	0.518	-0.17	-1.32	-1.65	14.92	1.32	1.02	48229	-0.518	-0.359	0.522	0.139	0.041	0.095
15.252	-0.508	-0.352	0.518	0.01	-1.31	-1.64	16.56	0.32	1.63	48210	-0.516	-0.359	0.522	0.139	0.041	0.095
15.264	-0.508	-0.335	0.518	0.03	-1.30	-1.63	17.26	-0.66	2.32	48314	-0.515	-0.357	0.522	0.140	0.042	0.095
15.272	-0.508	-0.333	0.518	0.19	-1.27	-1.62	18.12	-1.00	1.64	48312	-0.514	-0.354	0.522	0.140	0.043	0.094
15.281	-0.507	-0.335	0.518	0.38	-1.25	-1.61	17.21	-1.61	0.75	48299	-0.512	-0.352	0.522	0.140	0.044	0.094
15.290	-0.504	-0.339	0.518	0.58	-1.24	-1.59	15.76	-1.84	2.39	48283	-0.511	-0.351	0.522	0.141	0.045	0.094
15.299	-0.495	-0.353	0.518	0.84	-1.29	-1.56	13.99	-1.07	0.47	48286	-0.508	-0.352	0.522	0.141	0.045	0.093
15.313	-0.494	-0.355	0.518	1.00	-1.26	-1.56	11.26	-0.11	2.14	48374	-0.506	-0.353	0.522	0.142	0.044	0.093
15.320	-0.491	-0.359	0.518	1.13	-1.27	-1.54	7.23	0.95	1.73	48376	-0.504	-0.354	0.522	0.143	0.044	0.093
15.333	-0.490	-0.359	0.518	1.20	-1.26	-1.52	1.52	-0.05	1.66	48376	-0.501	-0.355	0.522	0.143	0.044	0.092
15.337	-0.486	-0.359	0.518	1.21	-1.27	-1.50	-2.07	0.60	2.05	48384	-0.499	-0.356	0.522	0.144	0.044	0.092
15.348	-0.484	-0.359	0.518	1.18	-1.27	-1.48	-6.80	-0.08	0.74	48382	-0.497	-0.357	0.522	0.145	0.044	0.092
15.363	-0.484	-0.357	0.518	1.09	-1.25	-1.48	-10.58	0.07	2.18	48392	-0.495	-0.358	0.522	0.145	0.044	0.092
15.372	-0.479	-0.356	0.518	0.97	-1.27	-1.45	-12.65	-0.96	1.77	48391	-0.492	-0.358	0.522	0.146	0.044	0.091
15.383	-0.479	-0.354	0.518	0.82	-1.24	-1.44	-12.48	0.56	1.04	48390	-0.490	-0.358	0.522	0.146	0.044	0.091
15.390	-0.474	-0.351	0.519	0.66	-1.26	-1.42	-12.72	-1.40	2.34	48388	-0.487	-0.358	0.522	0.147	0.044	0.091
15.399	-0.473	-0.348	0.519	0.51	-1.23	-1.40	-10.40	-1.57	2.73	48237	-0.485	-0.357	0.522	0.148	0.045	0.090
15.415	-0.469	-0.337	0.519	0.31	-1.23	-1.38	-7.65	-2.13	2.43	48240	-0.482	-0.355	0.522	0.148	0.046	0.090
15.423	-0.469	-0.335	0.519	0.22	-1.18	-1.35	-4.16	-3.33	2.34	48230	-0.480	-0.353	0.522	0.149	0.047	0.090
15.432	-0.465	-0.333	0.518	0.15	-1.16	-1.33	0.42	-3.89	2.17	48233	-0.478	-0.351	0.522	0.150	0.048	0.090
15.440	-0.464	-0.332	0.518	0.14	-1.10	-1.31	4.07	-4.03	2.85	48457	-0.475	-0.349	0.522	0.150	0.049	0.089
15.449	-0.462	-0.332	0.518	0.19	-1.06	-1.28	7.06	-4.28	2.45	48453	-0.473	-0.348	0.522	0.151	0.049	0.089
15.458	-0.461	-0.333	0.518	0.26	-1.00	-1.26	9.06	-4.19	2.63	48439	-0.471	-0.346	0.522	0.151	0.050	0.089
15.473	-0.459	-0.334	0.518	0.36	-0.95	-1.23	10.05	-3.12	2.53	48419	-0.469	-0.345	0.522	0.152	0.051	0.088
15.481	-0.453	-0.335	0.517	0.46	-0.95	-1.20	9.91	-1.35	2.46	48542	-0.466	-0.344	0.521	0.152	0.051	0.088
15.490	-0.452	-0.338	0.517	0.59	-0.91	-1.18	8.07	-0.61	2.30	48559	-0.464	-0.344	0.521	0.153	0.051	0.088
15.499	-0.447	-0.339	0.517	0.67	-0.93	-1.15	6.93	1.18	2.18	48566	-0.461	-0.344	0.521	0.154	0.052	0.087
15.516	-0.446	-0.340	0.517	0.75	-0.92	-1.13	4.29	1.24	1.74	48561	-0.458	-0.344	0.521	0.154	0.052	0.087
15.522	-0.443	-0.341	0.517	0.79	-0.93	-1.11	0.04	-0.29	2.46	48560	-0.456	-0.344	0.521	0.155	0.052	0.087
15.532	-0.445	-0.341	0.517	0.79	-0.90	-1.09	-2.83	1.76	1.89	48473	-0.453	-0.344	0.521	0.155	0.052	0.087
15.540	-0.439	-0.339	0.517	0.74	-0.93	-1.07	-6.25	-0.30	2.36	48489	-0.451	-0.344	0.521	0.156	0.052	0.086
15.550	-0.435	-0.337	0.517	0.65	-0.95	-1.04	-7.35	1.02	2.61	48495	-0.448	-0.343	0.521	0.157	0.053	0.086
15.557	-0.432	-0.335	0.519	0.56	-0.95	-1.02	-8.61	0.45	1.23	48492	-0.445	-0.343	0.521	0.157	0.053	0.086
15.573	-0.428	-0.331	0.519	0.43	-0.97	-1.01	-9.18	0.20	1.20	48218	-0.442	-0.341	0.521	0.158	0.054	0.086
15.581	-0.428	-0.327	0.519	0.30	-0.94	-1.00	-9.85	-1.77	1.49	48228	-0.440	-0.340	0.521	0.159	0.054	0.086
15.591	-0.427	-0.316	0.519	0.10	-0.90	-0.98	-8.31	-2.21	0.51	48237	-0.437	-0.337	0.521	0.159	0.055	0.085
15.599	-0.427	-0.313	0.519	-0.01	-0.85	-0.98	-6.29	-3.20	1.19	48231	-0.435	-0.335	0.521	0.160	0.057	0.085
15.608	-0.423	-0.309	0.519	-0.10	-0.83	-0.97	-3.42	-4.20	1.20	48219	-0.433	-0.332	0.521	0.160	0.058	0.085
15.622	-0.419	-0.309	0.519	-0.13	-0.80	-0.95	0.93	-3.89	1.07	48272	-0.430	-0.329	0.521	0.161	0.059	0.085
15.630	-0.417	-0.308	0.519	-0.13	-0.75	-0.94	4.65	-3.99	1.27	48273	-0.427	-0.327	0.521	0.161	0.060	0.085
15.641	-0.419	-0.305	0.519	-0.11	-0.67	-0.93	7.78	-3.85	1.90	48271	-0.425	-0.324	0.521	0.161	0.061	0.084
15.648	-0.417	-0.305	0.518	-0.03	-0.62	-0.91	10.21	-3.61	1.96	48258	-0.423	-0.322	0.521	0.162	0.062	0.084
15.658	-0.408	-0.308	0.518	0.10	-0.64	-0.89	10.55	-2.25	1.99	48377	-0.420	-0.320	0.521	0.162	0.062	0.084
15.672	-0.407	-0.309	0.518	0.22	-0.60	-0.87	11.27	-0.99	2.34	48390	-0.418	-0.319	0.521	0.163	0.063	0.084
15.683	-0.402	-0.311	0.518	0.35	-0.60	-0.85	10.39	0.16	2.44	48387	-0.415	-0.318	0.521	0.164	0.063	0.083
15.690	-0.401	-0.312	0.518	0.46	-0.59	-0.82	8.37	0.17	1.56	48385	-0.412	-0.318	0.521	0.164	0.063	0.083
15.700	-0.399	-0.313	0.518	0.55	-0.58	-0.81	5.48	0.75	3.09	48380	-0.409	-0.317	0.521	0.165	0.064	0.083
15.709	-0.398	-0.313	0.518	0.60	-0.57	-0.78	2.52	1.75	2.61	48389	-0.407	-0.317	0.521	0.165	0.064	0.083
15.722	-0.394	-0.314	0.518	0.63	-0.60	-0.75	0.32	2.35	1.37	48405	-0.404	-0.316	0.521	0.166	0.064	0.083
15.730	-0.391	-0.313	0.518	0.62	-0.62	-0.74	-3.05	1.97	-0.00	48406	-0.401	-0.316	0.521	0.166	0.064	0.082
15.738	-0.389	-0.311	0.518	0.58	-0.63	-0.73	-5.70	0.55	1.65	48412	-0.399	-0.315	0.521	0.167	0.064	0.082
15.754	-0.385	-0.308	0.518	0.49	-0.65	-0.72	-7.42	0.80	1.69	48411	-0.396	-0.314	0.520	0.167	0.065	0.082
15.759	-0.382	-0.308	0.518	0.41	-0.66	-0.70	-8.39	1.01	1.10	48426	-0.393	-0.314	0.520	0.168	0.065	0.082
15.772	-0.381	-0.297	0.518	0.24	-0.64	-0.69	-8.71	-0.46	-0.54	48440	-0.390	-0.312	0.520	0.168	0.066	0.082
15.782	-0.383	-0.294	0.518	0.13	-0.60	-0.70	-6.18	0.27	-0.16	48438	-0.388	-0.309	0.520	0.168	0.066	0.081
15.792	-0.373	-0.288	0.518	0.01	-0.66	-0.70	-5.61	-0.71	-0.56	48426	-0.385	-0.307	0.520	0.169	0.067	0.081
15.800	-0.376	-0.282	0.518	-0.10	-0.59	-0.70	-3.82	-1.21	-0.40	48440	-0.382	-0.304	0.520	0.169	0.068	0.081
15.809	-0.375	-0.280	0.518	-0.15	-0.56	-0.70	-1.12	-2.17	0.32	48440	-0.380	-0.301	0.520	0.170	0.070	0.081
15.825	-0.371	-0.277	0.518	-0.18	-0.55	-0.69	1.19	-2.34	0.66	48438	-0.378	-0.298	0.520	0.170	0.071	0.081
15.832	-0.369	-0.276	0.516	-0.16	-0.51	-0.69	3.74	-2.44	1.20	48440	-0.375	-0.295	0.520	0.170	0.072	0.080
15.843	-0.367	-0.273	0.516	-0.15	-0.48	-0.68	6.03	-1.36	1.41	48703	-0.373	-0.292	0.520	0.171	0.072	0.080
15.849	-0.364	-0.273	0.516	-0.09	-0.47	-0.66	8.07	-0.56	1.16	48715	-0.371	-0.289	0.519	0.171	0.073	0.080
15.860	-0.358	-0.271	0.516	-0.01	-0.49	-0.65	9.36	0.03	1.85	48723	-0.368	-0.287	0.519	0.171	0.074	0.080
15.873	-0.357	-0.271	0.515	0.08	-0.47	-0.64	9.97	0.61	1.52	48725	-0.365	-0.285	0.519	0.172	0.075	0.079
15.881	-0.351	-0.271	0.515	0.19	-0.50	-0.62	10.57	1.56	0.50	48792	-0.362	-0.283	0.519	0.172	0.075	0.079
15.891	-0.348	-0.272	0.515	0.31	-0.52	-0.62	9.68	0.94	1.83	48800	-0.359	-0.281	0.518	0.173	0.076	0.079
15.900	-0.345	-0.272	0.515	0.40	-0.53	-0.60	8.47	1.79	2.01	48805	-0.356	-0.279	0.518	0.173	0.076	0.079
15.909	-0.342	-0.271	0.515	0.49	-0.54	-0.58	6.99	2.25	0.49	48804	-0.352	-0.278	0.518	0.174	0.077	0.078
15.923	-0.340	-0.272	0.516	0.57	-0.56	-0.58	4.90	0.84	2.03	48648	-0.349	-0.277	0.518	0.174	0.077	0.078
15.932	-0.333	-0.270	0.515	0.61	-0.60	-0.56	2.95	0.77	0.48	48665	-0.346	-0.276	0.518	0.175	0.077	0.078
15.941	-0.331	-0.268	0.515	0.63	-0.60	-0.55	1.82	0.09	0.43	48671	-0.342	-0.274	0.518	0.176	0.077	0.078
15.951	-0.323	-0.268	0.515	0.65	-0.63	-0.55	-0.31	-1.47	1.33	48659	-0.338	-0.273	0.518	0.176	0.078	0.078
15.958	-0.322	-0.266	0.516	0.63	-0.60	-0.54	-1.84	-3.64	1.47	48649	-0.335	-0.272	0.518	0.177	0.078	0.077
15.968	-0.323	-0.265	0.515	0.60	-0.53	-0.52	-4.07	-4.60	1.66	48581	-0.332	-0.271	0.518	0.178	0.078	0.077
15.982	-0.329	-0.252	0.515	0.45	-0.40	-0.51	-6.12	-5.81	1.24	48573	-0.330	-0.268	0.518	0.178	0.079	0.077
15.992	-0.329	-0.250	0.515	0.39	-0.31	-0.49	-6.17	-4.50	1.38	48561	-0.328	-0.265	0.518	0.178	0.080	0.077
15.999	-0.322	-0.245	0.516	0.29	-0.30	-0.48	-6.11	-4.69	1.45	48545	-0.325	-0.262	0.518	0.178	0.081	0.077
16.009	-0.323	-0.236	0.516	0.15	-0.22	-0.46	-6.00	-4.83	1.32	48492	-0.323	-0.259	0.518	0.178	0.082	0.076
16.016	-0.319	-0.231	0.516	0.06	-0.18	-0.45	-3.60	-3.81	1.21	48490	-0.321	-0.255	0.518	0.178	0.083	0.076
16.033	-0.315	-0.230	0.515	0.02	-0.16	-0.44	-1.38	-1.76	0.77	48472	-0.319	-0.251	0.518	0.178	0.084	0.076
16.042	-0.307	-0.222	0.515	-0.05	-0.18	-0.43	2.39	0.36	0.71	48463	-0.315	-0.247	0.518	0.179	0.085	0.076
16.052	-0.305	-0.222	0.516	-0.01	-0.18	-0.42	5.59	2.51	0.86	48443	-0.312	-0.243	0.518	0.179	0.086	0.076
16.059	-0.298	-0.221	0.516	0.05	-0.24	-0.41	8.42	3.82	1.18	48259	-0.309	-0.240	0.518	0.179	0.087	0.076
16.066	-0.298	-0.220	0.517	0.14	-0.25	-0.40	11.13	4.09	1.10	48245	-0.306	-0.237	0.518	0.180	0.088	0.075
16.082	-0.300	-0.217	0.517	0.24	-0.25	-0.38	12.65	5.07	0.86	48220	-0.303	-0.233	0.518	0.180	0.089	0.075
16.090	-0.301	-0.214	0.516	0.36	-0.26	-0.37	14.16	3.92	1.38	48208	-0.301	-0.230	0.518	0.180	0.090	0.075
16.101	-0.298	-0.213	0.516	0.51	-0.30	-0.36	16.52	4.33	1.73	48329	-0.299	-0.227	0.518	0.180	0.091	0.075
16.110	-0.294	-0.214	0.516	0.70	-0.36	-0.34	15.84	4.25	1.91	48328	-0.296	-0.225	0.518	0.180	0.091	0.075
16.119	-0.292	-0.216	0.516	0.88	-0.39	-0.33	13.07	3.02	1.01	48319	-0.294	-0.223	0.518	0.180	0.092	0.075
16.135	-0.289	-0.217	0.516	1.04	-0.43	-0.31	9.33	2.30	1.09	48319	-0.291	-0.221	0.518	0.180	0.092	0.074
16.141	-0.288	-0.216	0.516	1.13	-0.43	-0.30	5.99	1.30	1.50	48414	-0.289	-0.220	0.518	0.180	0.092	0.074
16.151	-0.282	-0.214	0.516	1.18	-0.47	-0.29	1.45	0.29	1.10	48432	-0.286	-0.218	0.518	0.181	0.092	0.074
16.162	-0.278	-0.212	0.516	1.18	-0.49	-0.28	-3.44	-0.66	1.16	48435	-0.283	-0.216	0.518	0.181	0.092	0.074
16.171	-0.276	-0.211	0.516	1.14	-0.47	-0.27	-7.61	-0.90	0.61	48451	-0.280	-0.215	0.518	0.181	0.093	0.074
16.182	-0.274	-0.225	0.515	1.21	-0.45	-0.27	-10.55	-2.32	0.81	48474	-0.278	-0.215	0.518	0.181	0.092	0.073
16.191	-0.274	-0.229	0.515	1.14	-0.40	-0.26	-13.18	-2.57	0.91	48614	-0.275	-0.216	0.518	0.181	0.092	0.073
16.201	-0.270	-0.222	0.515	0.95	-0.38	-0.25	-14.07	-1.71	-0.23	48640	-0.273	-0.216	0.517	0.182	0.091	0.073
16.209	-0.286	-0.208	0.515	0.69	-0.20	-0.24	-15.64	-2.75	-1.12	48646	-0.272	-0.214	0.517	0.181	0.092	0.073
16.221	-0.282	-0.199	0.515	0.47	-0.19	-0.25	-15.12	-1.54	-0.23	48677	-0.271	-0.212	0.517	0.180	0.092	0.073
16.227	-0.296	-0.182	0.515	0.17	-0.02	-0.24	-12.97	-0.49	-0.32	48615	-0.272	-0.207	0.517	0.179	0.093	0.072
16.242	-0.293	-0.174	0.515	-0.02	-0.03	-0.24	-10.32	1.54	-0.38	48626	-0.273	-0.202	0.517	0.178	0.095	0.072
16.250	-0.291	-0.191	0.515	0.04	-0.04	-0.25	-5.36	3.18	-0.17	48606	-0.273	-0.200	0.517	0.177	0.095	0.072
16.258	-0.290	-0.192	0.515	0.02	-0.06	-0.25	-0.50	6.60	0.16	48605	-0.273	-0.198	0.517	0.176	0.096	0.072
16.267	-0.288	-0.189	0.514	-0.01	-0.14	-0.25	3.98	9.81	0.78	48613	-0.273	-0.196	0.517	0.176	0.096	0.072
16.277	-0.280	-0.188	0.514	0.04	-0.28	-0.24	7.05	12.72	0.30	48680	-0.272	-0.194	0.517	0.175	0.096	0.072
16.291	-0.275	-0.186	0.514	0.10	-0.44	-0.24	9.16	14.34	0.39	48683	-0.270	-0.192	0.517	0.175	0.097	0.071
16.302	-0.272	-0.185	0.514	0.19	-0.58	-0.23	8.83	15.53	-0.18	48677	-0.268	-0.190	0.517	0.175	0.097	0.071
16.311	-0.267	-0.181	0.514	0.26	-0.76	-0.23	8.52	15.77	-0.18	48681	-0.266	-0.188	0.517	0.175	0.097	0.071
16.319	-0.257	-0.180	0.514	0.34	-0.98	-0.23	6.06	12.84	0.63	48689	-0.263	-0.186	0.517	0.175	0.098	0.071
16.333	-0.254	-0.178	0.514	0.40	-1.11	-0.23	3.64	10.45	0.28	48690	-0.260	-0.184	0.516	0.175	0.098	0.071
16.342	-0.251	-0.176	0.514	0.43	-1.21	-0.22	0.66	6.44	0.51	48689	-0.257	-0.182	0.516	0.176	0.098	0.070
16.351	-0.249	-0.164	0.514	0.34	-1.26	-0.21	-2.26	2.36	1.12	48711	-0.254	-0.179	0.516	0.176	0.099	0.070
16.361	-0.248	-0.162	0.512	0.32	-1.27	-0.20	-4.32	-2.32	1.29	48728	-0.252	-0.176	0.516	0.176	0.100	0.070
16.370	-0.242	-0.157	0.512	0.25	-1.28	-0.18	-5.44	-6.22	1.13	48922	-0.248	-0.172	0.516	0.177	0.100	0.070
16.378	-0.243	-0.173	0.512	0.35	-1.18	-0.18	-4.93	-8.62	0.78	48921	-0.246	-0.171	0.516	0.177	0.100	0.069
16.392	-0.241	-0.175	0.512	0.32	-1.08	-0.17	-5.09	-12.10	1.99	48946	-0.243	-0.171	0.515	0.177	0.100	0.069
16.402	-0.238	-0.175	0.511	0.28	-0.97	-0.15	-4.92	-12.73	0.98	48958	-0.241	-0.170	0.515	0.177	0.100	0.069
16.410	-0.235	-0.189	0.511	0.36	-0.85	-0.15	-5.10	-13.44	0.61	49095	-0.238	-0.171	0.515	0.177	0.099	0.069
16.420	-0.236	-0.192	0.511	0.34	-0.68	-0.14	-5.32	-12.45	1.31	49093	-0.236	-0.173	0.515	0.177	0.098	0.068
16.428	-0.231	-0.187	0.511	0.25	-0.58	-0.13	-6.60	-9.82	2.30	49102	-0.233	-0.173	0.514	0.177	0.097	0.068
16.442	-0.231	-0.214	0.510	0.43	-0.46	-0.11	-9.43	-8.37	2.05	49123	-0.231	-0.177	0.514	0.177	0.095	0.068
16.451	-0.227	-0.208	0.510	0.29	-0.40	-0.09	-12.22	-5.24	1.80	49225	-0.228	-0.180	0.514	0.177	0.094	0.067
16.462	-0.243	-0.234	0.509	0.39	-0.17	-0.07	-15.20	-2.26	1.82	49238	-0.228	-0.186	0.514	0.176	0.091	0.067
16.471	-0.238	-0.228	0.509	0.19	-0.17	-0.06	-17.77	0.97	0.84	49248	-0.227	-0.190	0.513	0.176	0.090	0.067
16.480	-0.238	-0.246	0.509	0.16	-0.16	-0.05	-22.61	3.51	1.35	49279	-0.226	-0.196	0.513	0.175	0.087	0.066
16.492	-0.236	-0.239	0.509	-0.14	-0.20	-0.03	-27.24	5.21	1.14	49282	-0.226	-0.200	0.513	0.175	0.085	0.066
16.502	-0.232	-0.256	0.509	-0.27	-0.26	-0.03	-32.24	6.06	0.85	49234	-0.224	-0.206	0.513	0.174	0.083	0.066
16.512	-0.227	-0.268	0.509	-0.49	-0.34	-0.02	-35.74	6.74	0.85	49247	-0.223	-0.213	0.513	0.174	0.080	0.065
16.521	-0.227	-0.261	0.509	-0.91	-0.39	-0.01	-38.31	7.21	0.49	49246	-0.221	-0.219	0.513	0.174	0.078	0.065
16.530	-0.224	-0.273	0.508	-1.20	-0.47	-0.01	-41.28	7.78	0.26	49269	-0.219	-0.225	0.513	0.174	0.075	0.065
16.542	-0.226	-0.289	0.508	-1.48	-0.51	-0.02	-41.90	6.53	0.23	49307	-0.218	-0.232	0.513	0.173	0.072	0.064
16.551	-0.226	-0.299	0.508	-1.82	-0.55	-0.02	-42.65	5.81	0.07	49310	-0.217	-0.240	0.512	0.173	0.069	0.064
16.562	-0.225	-0.292	0.508	-2.32	-0.60	-0.02	-42.24	4.20	0.20	49283	-0.216	-0.246	0.512	0.172	0.067	0.064
16.571	-0.222	-0.300	0.507	-2.68	-0.65	-0.03	-41.88	2.93	-1.13	49290	-0.215	-0.252	0.512	0.172	0.064	0.063
16.579	-0.222	-0.318	0.509	-2.95	-0.66	-0.04	-39.51	1.48	0.48	49304	-0.214	-0.260	0.512	0.171	0.061	0.063
16.593	-0.222	-0.329	0.509	-3.25	-0.66	-0.04	-36.29	0.85	0.00	49028	-0.213	-0.268	0.513	0.171	0.058	0.063
16.601	-0.220	-0.322	0.508	-3.70	-0.67	-0.04	-33.05	0.57	-1.10	48990	-0.212	-0.274	0.513	0.171	0.056	0.062
16.612	-0.215	-0.336	0.508	-3.92	-0.70	-0.05	-29.11	1.11	-0.22	48992	-0.210	-0.281	0.513	0.170	0.053	0.062
16.619	-0.216	-0.352	0.510	-4.09	-0.68	-0.06	-28.04	0.10	1.07	48992	-0.209	-0.290	0.513	0.170	0.050	0.062
16.629	-0.218	-0.367	0.510	-4.25	-0.64	-0.06	-26.76	0.20	0.28	48627	-0.208	-0.299	0.513	0.169	0.047	0.062
16.638	-0.217	-0.362	0.510	-4.58	-0.63	-0.06	-27.96	-0.45	-1.00	48589	-0.207	-0.307	0.514	0.169	0.044	0.061
16.652	-0.215	-0.380	0.510	-4.72	-0.63	-0.07	-28.29	0.06	-0.19	48597	-0.206	-0.315	0.514	0.168	0.040	0.061
16.663	-0.217	-0.404	0.510	-4.81	-0.60	-0.08	-30.30	0.31	-1.63	48618	-0.206	-0.326	0.514	0.168	0.037	0.061
16.672	-0.216	-0.418	0.510	-5.01	-0.59	-0.10	-32.28	0.82	-0.03	48635	-0.205	-0.337	0.514	0.167	0.032	0.061
16.679	-0.215	-0.412	0.510	-5.41	-0.59	-0.10	-33.71	2.47	-0.84	48607	-0.204	-0.346	0.514	0.167	0.029	0.060
16.685	-0.210	-0.422	0.510	-5.67	-0.64	-0.12	-36.21	2.32	-1.45	48618	-0.203	-0.355	0.514	0.166	0.026	0.060
16.702	-0.207	-0.419	0.510	-6.08	-0.66	-0.13	-38.07	1.92	-0.99	48616	-0.202	-0.363	0.514	0.166	0.023	0.060
16.712	-0.211	-0.429	0.512	-6.40	-0.63	-0.16	-38.02	3.00	-1.47	48633	-0.201	-0.371	0.515	0.166	0.020	0.059
16.720	-0.211	-0.445	0.512	-6.65	-0.64	-0.18	-37.36	1.71	-0.07	48391	-0.200	-0.380	0.515	0.165	0.017	0.059
16.729	-0.216	-0.433	0.512	-7.15	-0.59	-0.19	-35.34	2.63	-0.17	48375	-0.200	-0.387	0.515	0.164	0.014	0.059
16.746	-0.200	-0.451	0.512	-7.36	-0.74	-0.19	-33.01	3.43	-0.41	48402	-0.199	-0.394	0.515	0.164	0.011	0.059
16.752	-0.198	-0.442	0.514	-7.79	-0.78	-0.20	-29.33	3.53	-0.49	48387	-0.197	-0.400	0.516	0.164	0.009	0.058
16.780	-0.194	-0.458	0.514	-7.96	-0.82	-0.21	-25.43	3.76	-0.73	48099	-0.194	-0.407	0.516	0.164	0.007	0.058
16.780	-0.194	-0.455	0.514	-8.25	-0.84	-0.22	-20.07	4.32	-1.17	48098	-0.192	-0.413	0.516	0.164	0.004	0.058
16.786	-0.186	-0.466	0.514	-8.37	-0.93	-0.23	-14.98	2.47	-1.11	48113	-0.190	-0.419	0.517	0.164	0.002	0.058
16.786	-0.184	-0.465	0.514	-8.54	-0.95	-0.25	-9.71	0.84	-0.98	48109	-0.187	-0.424	0.517	0.164	0.000	0.058
16.802	-0.179	-0.462	0.515	-8.67	-0.97	-0.25	-6.84	-2.73	-0.74	48116	-0.184	-0.428	0.517	0.165	-0.002	0.057
16.813	-0.177	-0.461	0.515	-8.75	-0.94	-0.26	-3.12	-5.38	-0.44	48096	-0.182	-0.432	0.517	0.165	-0.003	0.057
16.822	-0.174	-0.460	0.515	-8.80	-0.89	-0.25	1.48	-8.12	-0.19	48129	-0.179	-0.435	0.517	0.165	-0.004	0.057
16.830	-0.169	-0.461	0.515	-8.78	-0.83	-0.23	4.76	-9.87	0.02	48157	-0.176	-0.438	0.518	0.165	-0.006	0.057
16.838	-0.169	-0.463	0.515	-8.73	-0.71	-0.23	7.99	-11.31	0.43	48177	-0.173	-0.440	0.518	0.166	-0.007	0.057
16.845	-0.163	-0.463	0.515	-8.64	-0.62	-0.20	10.58	-13.57	-0.05	48225	-0.170	-0.442	0.518	0.166	-0.008	0.056
16.862	-0.162	-0.465	0.515	-8.52	-0.47	-0.18	13.52	-14.19	-0.26	48257	-0.167	-0.444	0.518	0.166	-0.009	0.056
16.873	-0.152	-0.454	0.515	-8.48	-0.40	-0.14	16.05	-14.20	-0.32	48295	-0.163	-0.444	0.518	0.167	-0.010	0.056
16.880	-0.149	-0.457	0.515	-8.30	-0.26	-0.12	18.08	-13.44	-0.53	48323	-0.159	-0.445	0.518	0.167	-0.010	0.056
16.887	-0.146	-0.447	0.515	-8.20	-0.13	-0.10	20.62	-12.99	-0.79	48449	-0.156	-0.444	0.518	0.168	-0.010	0.056
16.896	-0.145	-0.443	0.515	-8.02	0.02	-0.10	23.13	-12.01	-0.56	48484	-0.152	-0.442	0.517	0.168	-0.010	0.055
16.912	-0.144	-0.456	0.515	-7.67	0.16	-0.10	25.58	-10.66	-0.70	48498	-0.149	-0.442	0.517	0.168	-0.011	0.055
16.921	-0.138	-0.437	0.514	-7.57	0.23	-0.07	27.42	-8.80	-0.75	48543	-0.146	-0.440	0.517	0.169	-0.011	0.055
16.930	-0.137	-0.440	0.514	-7.27	0.33	-0.08	28.62	-7.99	-1.41	48576	-0.142	-0.438	0.517	0.169	-0.011	0.055
16.939	-0.145	-0.457	0.514	-6.81	0.50	-0.13	30.38	-6.81	-0.70	48616	-0.140	-0.439	0.517	0.169	-0.012	0.055
16.945	-0.144	-0.467	0.514	-6.41	0.58	-0.14	32.21	-4.83	-0.22	48618	-0.139	-0.440	0.517	0.169	-0.013	0.054
16.961	-0.138	-0.452	0.514	-6.22	0.60	-0.12	30.98	-3.46	-0.61	48654	-0.136	-0.440	0.517	0.168	-0.014	0.054
16.972	-0.116	-0.429	0.511	-6.11	0.46	-0.01	27.92	-4.71	0.11	48727	-0.132	-0.436	0.516	0.169	-0.013	0.054
16.980	-0.110	-0.414	0.511	-5.94	0.48	0.01	25.92	-3.01	-0.52	49281	-0.127	-0.432	0.516	0.170	-0.013	0.053
16.986	-0.106	-0.420	0.511	-5.62	0.50	0.01	25.09	-4.28	-1.24	49302	-0.122	-0.428	0.515	0.171	-0.012	0.053
16.996	-0.104	-0.403	0.510	-5.49	0.55	0.00	25.22	-5.49	-1.02	49345	-0.117	-0.423	0.515	0.172	-0.011	0.053
17.012	-0.099	-0.379	0.510	-5.43	0.59	0.02	26.46	-7.01	-1.47	49421	-0.113	-0.415	0.514	0.172	-0.009	0.052
17.022	-0.100	-0.385	0.507	-5.09	0.70	-0.01	29.54	-9.31	-1.85	49444	-0.109	-0.409	0.513	0.173	-0.008	0.052
17.031	-0.094	-0.363	0.507	-4.96	0.77	0.01	33.76	-11.02	-2.37	49898	-0.104	-0.400	0.513	0.173	-0.006	0.052
17.039	-0.089	-0.343	0.506	-4.77	0.86	0.02	38.39	-11.11	-2.16	49972	-0.100	-0.390	0.512	0.174	-0.004	0.051
17.054	-0.083	-0.333	0.506	-4.44	0.95	0.03	43.46	-11.30	-0.98	50009	-0.095	-0.380	0.511	0.174	-0.001	0.051
17.062	-0.083	-0.342	0.505	-3.89	1.09	-0.00	48.80	-11.08	-2.55	49969	-0.091	-0.373	0.511	0.175	0.000	0.050
17.071	-0.077	-0.340	0.504	-3.38	1.17	0.00	54.50	-10.27	-0.70	50063	-0.087	-0.365	0.510	0.175	0.001	0.050
17.081	-0.073	-0.323	0.504	-2.96	1.27	0.01	57.86	-9.42	-0.78	50098	-0.082	-0.357	0.510	0.176	0.003	0.049
17.088	-0.069	-0.317	0.503	-2.40	1.35	0.02	59.82	-8.92	-0.93	50105	-0.078	-0.348	0.509	0.176	0.005	0.049
17.095	-0.069	-0.319	0.501	-1.76	1.47	-0.00	60.26	-7.40	-0.37	50071	-0.074	-0.341	0.509	0.176	0.006	0.048
17.111	-0.065	-0.318	0.501	-1.13	1.54	-0.01	58.65	-7.74	-0.46	50402	-0.070	-0.335	0.508	0.177	0.007	0.048
17.120	-0.058	-0.315	0.500	-0.54	1.58	0.01	56.04	-4.90	-0.24	50395	-0.066	-0.329	0.508	0.177	0.007	0.047
17.128	-0.055	-0.303	0.500	-0.06	1.62	0.02	50.48	-4.51	-0.29	50401	-0.061	-0.322	0.507	0.177	0.008	0.047
17.140	-0.050	-0.296	0.499	0.42	1.65	0.03	43.87	-4.25	-0.41	50390	-0.057	-0.315	0.507	0.178	0.009	0.046
17.154	-0.047	-0.306	0.498	0.98	1.69	0.01	36.75	-3.61	-0.40	50377	-0.052	-0.310	0.506	0.178	0.010	0.045
17.161	-0.044	-0.303	0.498	1.35	1.73	0.00	30.31	-3.44	-0.22	50494	-0.048	-0.305	0.506	0.178	0.010	0.045
17.172	-0.040	-0.283	0.497	1.52	1.76	0.03	23.24	-3.48	-0.33	50480	-0.044	-0.299	0.505	0.178	0.010	0.044
17.181	-0.035	-0.272	0.497	1.68	1.78	0.04	16.32	-4.22	0.40	50482	-0.040	-0.292	0.505	0.179	0.011	0.043
17.189	-0.035	-0.274	0.498	1.91	1.84	0.03	11.74	-3.57	0.29	50475	-0.036	-0.286	0.505	0.179	0.012	0.043
17.199	-0.028	-0.258	0.498	1.93	1.84	0.06	7.93	-4.04	0.10	50090	-0.032	-0.279	0.505	0.179	0.013	0.042
17.205	-0.027	-0.262	0.498	2.08	1.89	0.04	6.64	-2.55	-0.41	50062	-0.028	-0.273	0.505	0.179	0.014	0.042
17.220	-0.019	-0.243	0.497	2.01	1.87	0.08	6.07	-2.66	-0.37	49993	-0.023	-0.266	0.505	0.179	0.015	0.041
17.231	-0.019	-0.246	0.497	2.14	1.93	0.06	8.10	-1.84	-0.90	49972	-0.019	-0.259	0.505	0.179	0.016	0.041
17.238	-0.011	-0.227	0.498	2.10	1.90	0.09	9.39	-1.61	-0.68	49898	-0.015	-0.252	0.505	0.179	0.017	0.040
17.249	-0.010	-0.230	0.498	2.26	1.94	0.06	11.58	-2.51	-0.96	49719	-0.010	-0.245	0.505	0.179	0.018	0.040
17.257	-0.005	-0.201	0.497	2.16	1.94	0.10	13.86	-1.33	-0.84	49680	-0.006	-0.236	0.505	0.179	0.019	0.039
17.273	-0.004	-0.206	0.497	2.39	1.97	0.07	17.25	-0.65	-1.36	49619	-0.002	-0.229	0.505	0.179	0.021	0.038
17.282	0.002	-0.188	0.498	2.45	1.94	0.09	20.11	-0.22	-1.19	49541	0.002	-0.220	0.506	0.179	0.022	0.038
17.290	0.003	-0.193	0.499	2.74	1.96	0.06	22.75	-1.22	-1.25	49326	0.006	-0.213	0.506	0.179	0.023	0.037
17.299	0.010	-0.168	0.498	2.78	1.94	0.10	24.87	-0.16	-0.74	49248	0.010	-0.204	0.506	0.179	0.025	0.037
17.311	0.012	-0.173	0.499	3.11	1.95	0.07	25.81	-0.39	-0.87	49208	0.014	-0.196	0.506	0.179	0.026	0.036
17.321	0.017	-0.160	0.500	3.30	1.93	0.08	25.32	-1.53	-0.53	49142	0.018	-0.188	0.507	0.179	0.028	0.035
17.329	0.020	-0.137	0.500	3.39	1.94	0.12	22.97	-1.04	-0.02	48956	0.023	-0.178	0.507	0.179	0.030	0.035
17.337	0.022	-0.141	0.500	3.70	1.96	0.10	20.76	-2.58	-0.40	48938	0.026	-0.170	0.507	0.179	0.031	0.034
17.347	0.026	-0.126	0.500	3.82	1.98	0.11	17.80	-3.45	-0.35	48886	0.030	-0.161	0.508	0.178	0.033	0.034
17.357	0.026	-0.130	0.500	4.07	2.03	0.08	15.28	-4.35	-0.37	48865	0.034	-0.153	0.508	0.178	0.034	0.033
17.371	0.031	-0.107	0.501	4.06	2.05	0.12	12.67	-5.04	-0.31	48814	0.038	-0.144	0.508	0.178	0.036	0.033
17.382	0.033	-0.110	0.501	4.26	2.10	0.09	9.62	-4.62	-0.47	48697	0.041	-0.136	0.509	0.177	0.037	0.032
17.391	0.035	-0.114	0.502	4.43	2.15	0.07	7.46	-3.07	-0.28	48665	0.045	-0.130	0.509	0.177	0.038	0.032
17.398	0.039	-0.093	0.502	4.36	2.17	0.10	5.60	-3.32	-0.56	48644	0.048	-0.121	0.509	0.176	0.039	0.031
17.408	0.043	-0.095	0.502	4.47	2.19	0.08	3.46	-2.59	-0.95	48644	0.052	-0.115	0.510	0.176	0.040	0.030
17.421	0.045	-0.098	0.502	4.58	2.22	0.05	1.76	-0.63	-0.65	48625	0.055	-0.109	0.510	0.175	0.041	0.030
17.431	0.047	-0.094	0.503	4.59	2.23	0.04	0.25	-0.41	-0.46	48600	0.059	-0.103	0.510	0.175	0.042	0.029
17.440	0.055	-0.074	0.503	4.46	2.19	0.08	-0.66	1.41	-0.85	48580	0.062	-0.096	0.510	0.174	0.043	0.029
17.449	0.056	-0.075	0.503	4.50	2.18	0.06	-2.44	3.39	-1.02	48587	0.066	-0.090	0.511	0.174	0.043	0.028
17.463	0.057	-0.075	0.504	4.51	2.15	0.04	-3.98	3.40	-0.79	48564	0.069	-0.085	0.511	0.173	0.044	0.028
17.466	0.060	-0.074	0.505	4.50	2.11	0.03	-5.97	2.67	-1.05	48401	0.073	-0.080	0.511	0.172	0.044	0.027
17.482	0.064	-0.074	0.505	4.47	2.05	0.01	-7.16	2.26	-1.29	48381	0.076	-0.076	0.511	0.172	0.044	0.027
17.491	0.065	-0.074	0.505	4.44	2.04	-0.01	-9.15	2.18	-1.19	48377	0.079	-0.073	0.512	0.171	0.044	0.026
17.499	0.069	-0.073	0.505	4.37	2.00	-0.03	-11.21	1.71	-1.16	48374	0.082	-0.069	0.512	0.170	0.044	0.026
17.506	0.071	-0.072	0.506	4.28	1.98	-0.05	-13.48	0.74	-1.56	48404	0.086	-0.067	0.512	0.170	0.044	0.025
17.522	0.073	-0.070	0.506	4.16	1.99	-0.06	-15.65	0.24	-1.33	48398	0.089	-0.064	0.512	0.169	0.044	0.025
17.530	0.075	-0.069	0.506	4.02	1.99	-0.08	-18.09	-0.54	-1.39	48384	0.091	-0.062	0.513	0.168	0.043	0.024
17.541	0.078	-0.066	0.506	3.84	1.98	-0.10	-20.46	-1.13	-0.76	48367	0.094	-0.059	0.513	0.167	0.043	0.024
17.549	0.079	-0.079	0.507	3.78	1.99	-0.15	-22.64	-0.84	-1.00	48397	0.097	-0.059	0.513	0.166	0.042	0.023
17.566	0.081	-0.078	0.507	3.57	2.00	-0.17	-23.90	-0.46	-0.91	48406	0.100	-0.058	0.513	0.165	0.041	0.023
17.572	0.086	-0.075	0.507	3.33	1.99	-0.18	-25.46	-0.69	-0.87	48398	0.103	-0.058	0.513	0.165	0.040	0.022
17.584	0.085	-0.074	0.507	3.09	2.01	-0.19	-26.50	-0.26	0.36	48393	0.105	-0.057	0.513	0.163	0.039	0.022
17.590	0.087	-0.084	0.505	2.94	2.01	-0.22	-27.38	1.11	-0.66	48407	0.108	-0.058	0.513	0.162	0.038	0.021
17.599	0.090	-0.081	0.505	2.65	2.00	-0.22	-28.80	1.20	-0.06	48870	0.110	-0.058	0.513	0.161	0.037	0.020
17.607	0.090	-0.087	0.505	2.43	2.00	-0.24	-29.59	2.96	-0.19	48887	0.113	-0.059	0.513	0.160	0.035	0.020
17.617	0.093	-0.091	0.505	2.19	1.96	-0.26	-30.49	3.58	0.13	48900	0.115	-0.061	0.513	0.159	0.034	0.019
17.631	0.094	-0.094	0.502	1.94	1.93	-0.28	-30.01	4.41	1.02	48926	0.117	-0.063	0.512	0.158	0.032	0.019
17.642	0.095	-0.102	0.502	1.72	1.90	-0.29	-31.05	4.11	-0.53	49487	0.119	-0.065	0.512	0.157	0.030	0.018
17.649	0.096	-0.105	0.502	1.45	1.86	-0.31	-32.61	3.05	-0.56	49512	0.121	-0.068	0.511	0.155	0.028	0.017
17.666	0.100	-0.108	0.502	1.16	1.81	-0.32	-34.39	2.52	-0.72	49547	0.123	-0.071	0.511	0.154	0.026	0.017
17.668	0.100	-0.120	0.499	0.94	1.80	-0.37	-36.04	2.59	-1.07	49577	0.125	-0.075	0.510	0.153	0.024	0.016
17.681	0.102	-0.119	0.499	0.58	1.77	-0.38	-38.00	2.68	-1.18	49601	0.127	-0.079	0.509	0.152	0.022	0.015
17.693	0.103	-0.116	0.498	0.18	1.75	-0.38	-39.19	2.51	-1.08	50203	0.129	-0.081	0.509	0.150	0.020	0.014
17.701	0.104	-0.119	0.498	-0.17	1.73	-0.41	-39.85	2.41	-1.53	50215	0.131	-0.084	0.508	0.149	0.019	0.013
17.707	0.106	-0.121	0.498	-0.55	1.69	-0.43	-39.94	3.01	-1.94	50237	0.132	-0.087	0.508	0.148	0.017	0.013
17.717	0.107	-0.128	0.495	-0.87	1.67	-0.47	-40.06	2.95	-1.94	50257	0.134	-0.090	0.507	0.146	0.015	0.012
17.732	0.109	-0.131	0.494	-1.24	1.64	-0.51	-39.32	3.87	-1.87	50738	0.136	-0.094	0.506	0.145	0.013	0.011
17.741	0.111	-0.133	0.494	-1.61	1.59	-0.54	-38.21	1.86	-2.19	50749	0.138	-0.097	0.505	0.144	0.011	0.010
17.751	0.112	-0.136	0.494	-1.95	1.57	-0.58	-35.83	3.33	-2.33	50760	0.139	-0.100	0.505	0.142	0.009	0.009
17.759	0.115	-0.139	0.494	-2.28	1.52	-0.61	-33.46	4.54	-2.77	50764	0.141	-0.103	0.505	0.141	0.008	0.008
17.766	0.115	-0.145	0.494	-2.55	1.49	-0.66	-31.86	5.96	-2.19	50649	0.143	-0.107	0.504	0.139	0.006	0.008
17.782	0.114	-0.146	0.493	-2.87	1.45	-0.68	-31.16	5.38	-2.06	50627	0.144	-0.110	0.504	0.138	0.004	0.007
17.791	0.114	-0.157	0.493	-3.07	1.41	-0.74	-29.34	5.16	-2.65	50589	0.145	-0.115	0.504	0.136	0.002	0.006
17.801	0.116	-0.153	0.493	-3.40	1.35	-0.77	-28.22	3.77	-2.80	50573	0.146	-0.118	0.504	0.135	-0.000	0.005
17.811	0.119	-0.158	0.495	-3.64	1.30	-0.82	-26.75	2.58	-3.56	50545	0.148	-0.121	0.504	0.133	-0.002	0.004
17.823	0.118	-0.166	0.495	-3.84	1.29	-0.87	-25.22	0.72	-3.91	50005	0.149	-0.125	0.504	0.132	-0.004	0.004
17.831	0.118	-0.166	0.495	-4.08	1.30	-0.92	-23.47	-0.22	-4.42	49949	0.150	-0.129	0.505	0.130	-0.006	0.003
17.842	0.117	-0.177	0.495	-4.22	1.32	-0.99	-22.79	-0.89	-4.75	49893	0.150	-0.133	0.505	0.128	-0.008	0.002
17.848	0.118	-0.174	0.499	-4.48	1.33	-1.03	-21.80	-1.29	-4.36	49851	0.151	-0.137	0.506	0.127	-0.010	0.002
17.858	0.122	-0.172	0.500	-4.72	1.32	-1.08	-21.66	-0.95	-5.38	49009	0.152	-0.140	0.507	0.125	-0.012	0.001
17.873	0.122	-0.175	0.500	-4.92	1.35	-1.15	-20.87	0.37	-4.99	48959	0.153	-0.143	0.507	0.124	-0.013	0.001
17.882	0.122	-0.175	0.500	-5.13	1.36	-1.19	-19.14	0.60	-3.55	48908	0.154	-0.145	0.508	0.122	-0.015	0.000
17.891	0.124	-0.172	0.504	-5.34	1.34	-1.24	-17.16	2.75	-4.00	48850	0.155	-0.147	0.509	0.120	-0.016	-0.000
17.901	0.125	-0.177	0.504	-5.46	1.32	-1.29	-14.62	3.74	-4.12	48199	0.156	-0.149	0.510	0.119	-0.018	-0.001
17.908	0.126	-0.175	0.505	-5.62	1.28	-1.33	-11.13	4.97	-3.87	48162	0.157	-0.150	0.511	0.117	-0.019	-0.001
17.917	0.127	-0.174	0.505	-5.73	1.24	-1.38	-7.62	4.28	-3.73	48109	0.158	-0.152	0.512	0.116	-0.020	-0.002
17.932	0.130	-0.175	0.508	-5.78	1.18	-1.43	-3.37	4.24	-3.33	48063	0.159	-0.153	0.513	0.114	-0.021	-0.002
17.942	0.131	-0.174	0.508	-5.81	1.14	-1.47	-0.46	4.72	-2.96	48036	0.160	-0.154	0.514	0.113	-0.022	-0.003
17.951	0.132	-0.176	0.509	-5.78	1.11	-1.51	1.91	4.00	-2.93	47625	0.162	-0.155	0.515	0.111	-0.023	-0.003
17.960	0.132	-0.177	0.509	-5.74	1.08	-1.55	3.47	1.62	-2.46	47593	0.162	-0.156	0.516	0.110	-0.024	-0.004
17.975	0.133	-0.177	0.510	-5.69	1.06	-1.58	4.89	0.88	-2.42	47569	0.163	-0.156	0.516	0.108	-0.025	-0.004
17.975	0.134	-0.176	0.511	-5.64	1.06	-1.60	5.42	0.18	-2.14	47553	0.164	-0.157	0.517	0.107	-0.026	-0.005
17.990	0.136	-0.168	0.512	-5.65	1.05	-1.61	5.36	-1.07	-2.28	47386	0.165	-0.156	0.518	0.105	-0.027	-0.005
18.001	0.137	-0.168	0.513	-5.58	1.07	-1.64	4.69	-1.95	-3.45	47385	0.167	-0.155	0.518	0.104	-0.028	-0.005
18.010	0.138	-0.168	0.513	-5.61	1.12	-1.80	-198.60	57.35	-171.32	47396	0.168	-0.155	0.519	0.102	-0.028	-0.006
18.017	0.143	-0.160	0.514	-7.60	0.76	-3.56	-217.70	63.12	-187.55	47319	0.169	-0.154	0.519	0.101	-0.029	-0.006
18.033	0.143	-0.161	0.514	-9.69	0.42	-5.47	-196.25	57.50	-167.10	47226	0.170	-0.152	0.520	0.099	-0.029	-0.007
18.041	0.146	-0.158	0.515	-11.60	0.16	-7.18	-168.71	46.92	-151.71	47151	0.172	-0.151	0.520	0.098	-0.029	-0.007
18.051	0.143	-0.169	0.516	-13.03	0.09	-8.72	-126.09	30.12	-133.71	47121	0.172	-0.151	0.521	0.097	-0.030	-0.007
18.061	0.144	-0.165	0.516	-14.19	0.14	-10.04	-83.92	14.63	-119.05	47053	0.173	-0.150	0.521	0.095	-0.031	-0.008
18.074	0.142	-0.170	0.525	-14.77	0.36	-11.19	-27.31	-3.38	-102.75	47041	0.174	-0.149	0.523	0.094	-0.032	-0.008
18.078	0.143	-0.167	0.526	-14.90	0.69	-12.13	21.43	-19.27	-89.40	45490	0.175	-0.149	0.524	0.092	-0.033	-0.008
18.091	0.143	-0.169	0.527	-14.44	1.15	-12.89	78.89	-34.01	-74.92	45416	0.175	-0.148	0.525	0.090	-0.034	-0.007
18.101	0.144	-0.166	0.528	-13.52	1.66	-13.51	118.63	-38.34	-64.45	45333	0.176	-0.147	0.526	0.089	-0.035	-0.007
18.112	0.144	-0.161	0.533	-12.19	2.19	-14.02	156.52	-38.72	-53.26	45281	0.177	-0.145	0.528	0.087	-0.036	-0.007
18.119	0.139	-0.167	0.534	-10.45	2.70	-14.48	179.38	-31.74	-46.38	44505	0.177	-0.144	0.529	0.085	-0.037	-0.007
18.128	0.136	-0.168	0.535	-8.52	3.08	-14.89	198.93	-20.22	-39.14	44425	0.176	-0.144	0.531	0.083	-0.038	-0.006
18.141	0.138	-0.160	0.536	-6.53	3.29	-15.23	208.24	-8.06	-33.54	44365	0.176	-0.142	0.532	0.081	-0.039	-0.006
18.151	0.139	-0.163	0.531	-4.38	3.34	-15.54	211.90	10.03	-28.05	44334	0.177	-0.141	0.532	0.079	-0.040	-0.006
18.161	0.143	-0.150	0.532	-2.33	3.21	-15.79	207.39	24.30	-22.76	45576	0.177	-0.138	0.532	0.077	-0.041	-0.006
18.169	0.144	-0.152	0.532	-0.24	2.92	-16.01	193.33	41.48	-17.25	45568	0.178	-0.136	0.532	0.075	-0.042	-0.006
18.178	0.146	-0.136	0.533	1.55	2.47	-16.13	177.77	52.68	-11.87	45568	0.179	-0.132	0.531	0.074	-0.042	-0.006
18.191	0.149	-0.151	0.457	3.03	1.98	-16.07	153.84	61.12	-6.80	45569	0.179	-0.130	0.519	0.072	-0.043	-0.010
18.201	0.152	-0.119	0.453	4.25	1.37	-16.02	129.24	65.15	-2.96	60765	0.181	-0.125	0.507	0.071	-0.043	-0.015
18.211	0.159	-0.115	0.450	5.47	0.67	-15.96	102.45	62.67	-0.25	61122	0.182	-0.120	0.497	0.070	-0.042	-0.018
18.218	0.150	-0.103	0.446	6.38	0.15	-15.92	74.49	55.65	2.81	61467	0.183	-0.115	0.489	0.068	-0.042	-0.021
18.228	0.127	-0.096	0.442	7.06	-0.16	-15.91	48.62	44.46	5.38	61782	0.180	-0.109	0.482	0.065	-0.041	-0.024
18.241	0.128	-0.118	0.251	6.76	-0.29	-15.54	25.28	29.31	7.73	62038	0.178	-0.107	0.444	0.063	-0.042	-0.039
18.250	0.099	-0.122	0.237	7.07	-0.29	-15.55	8.09	15.06	8.33	65535	0.173	-0.106	0.411	0.059	-0.043	-0.052
18.261	0.108	-0.111	0.223	7.04	-0.47	-15.39	-4.84	3.01	11.32	65535	0.169	-0.103	0.381	0.056	-0.043	-0.064
18.268	0.122	-0.077	0.210	6.67	-0.52	-15.18	-13.22	-5.57	13.04	65535	0.167	-0.097	0.354	0.054	-0.042	-0.075
18.276	0.145	-0.069	0.115	6.13	-0.46	-14.92	-17.29	-10.36	15.18	65535	0.168	-0.092	0.317	0.053	-0.041	-0.091
18.286	0.149	0.017	0.096	5.22	-0.21	-14.58	-15.38	-12.26	17.11	65535	0.170	-0.076	0.283	0.052	-0.036	-0.105
18.302	0.157	0.040	0.077	4.89	-0.12	-14.36	-9.08	-12.66	19.02	65535	0.172	-0.059	0.251	0.051	-0.031	-0.118
18.310	0.154	0.032	0.060	4.96	0.03	-14.22	2.23	-10.11	20.49	65535	0.174	-0.046	0.223	0.050	-0.027	-0.130
18.320	0.171	0.026	0.043	5.09	-0.05	-14.02	16.97	-5.82	23.12	65535	0.177	-0.035	0.196	0.049	-0.024	-0.142
18.329	0.172	0.030	0.025	5.30	0.00	-13.79	33.88	1.19	24.75	65535	0.180	-0.025	0.172	0.049	-0.021	-0.153
18.336	0.193	0.071	0.007	5.25	-0.14	-13.44	47.62	6.03	25.45	65535	0.185	-0.011	0.149	0.049	-0.017	-0.164
18.350	0.198	0.058	-0.009	5.94	-0.27	-13.24	58.41	9.51	27.27	65535	0.190	-0.000	0.127	0.050	-0.014	-0.174
18.361	0.201	0.057	-0.026	6.61	-0.37	-12.97	64.64	11.72	28.27	65535	0.195	0.009	0.107	0.050	-0.012	-0.184
18.372	0.201	0.070	-0.014	7.29	-0.46	-12.63	66.69	10.49	30.21	65535	0.199	0.018	0.092	0.050	-0.009	-0.192
18.384	0.205	0.072	-0.029	7.99	-0.58	-12.33	64.50	9.91	30.67	65535	0.203	0.027	0.078	0.050	-0.007	-0.200
18.392	0.204	0.069	-0.043	8.73	-0.62	-12.03	57.40	7.44	31.80	65535	0.207	0.033	0.064	0.050	-0.005	-0.208
18.409	0.205	0.066	-0.058	9.37	-0.67	-11.73	46.74	3.52	33.04	65535	0.210	0.039	0.051	0.050	-0.003	-0.217
18.416	0.206	0.097	0.008	9.76	-0.57	-11.14	34.46	-1.91	33.36	65535	0.213	0.047	0.051	0.050	-0.001	-0.220
18.421	0.206	0.095	-0.001	10.18	-0.48	-10.83	21.40	-5.64	33.44	65535	0.215	0.054	0.050	0.049	0.001	-0.224
18.429	0.203	0.095	-0.010	10.45	-0.30	-10.48	7.82	-10.32	34.06	65535	0.217	0.060	0.048	0.048	0.003	-0.228
18.437	0.203	0.095	-0.019	10.56	-0.12	-10.17	-3.12	-13.28	34.21	65535	0.218	0.065	0.046	0.048	0.004	-0.233
18.451	0.204	0.093	-0.028	10.63	0.05	-9.89	-13.84	-14.87	34.62	65535	0.220	0.069	0.043	0.047	0.006	-0.238
18.462	0.206	0.105	0.004	10.32	0.30	-9.42	-21.86	-14.27	35.35	65535	0.221	0.074	0.046	0.046	0.007	-0.242
18.469	0.205	0.105	-0.002	10.13	0.54	-9.06	-27.47	-12.12	35.16	65535	0.222	0.078	0.049	0.045	0.009	-0.245
18.484	0.205	0.106	-0.008	9.91	0.72	-8.72	-31.82	-10.09	35.17	65535	0.223	0.081	0.050	0.044	0.010	-0.250
18.487	0.205	0.107	-0.014	9.56	0.89	-8.38	-34.48	-7.15	34.95	65535	0.223	0.084	0.051	0.043	0.011	-0.255
18.502	0.206	0.104	0.022	9.23	1.01	-7.97	-35.41	-3.27	34.92	65535	0.224	0.086	0.058	0.042	0.012	-0.257
18.509	0.206	0.105	0.019	8.81	1.09	-7.61	-37.72	-0.73	35.00	65535	0.224	0.087	0.064	0.041	0.013	-0.261
18.521	0.206	0.106	0.016	8.44	1.16	-7.24	-37.61	3.60	34.76	65535	0.225	0.088	0.069	0.041	0.014	-0.265
18.530	0.206	0.106	0.014	8.05	1.14	-6.93	-36.92	6.28	34.17	65535	0.225	0.089	0.074	0.040	0.015	-0.269
18.537	0.206	0.099	0.045	7.69	1.05	-6.65	-36.46	8.07	33.77	65535	0.225	0.089	0.083	0.039	0.015	-0.272
18.551	0.206	0.099	0.045	7.32	1.01	-6.30	-36.80	8.30	32.98	65535	0.226	0.088	0.091	0.038	0.016	-0.276
18.561	0.206	0.098	0.046	7.06	0.95	-6.01	-36.47	9.76	32.78	65535	0.226	0.088	0.099	0.037	0.016	-0.280
18.571	0.206	0.098	0.046	6.70	0.90	-5.69	-37.77	7.20	32.79	65535	0.226	0.087	0.106	0.036	0.017	-0.284
18.579	0.206	0.097	0.047	6.34	0.85	-5.38	-38.85	6.49	31.58	65535	0.226	0.086	0.112	0.035	0.017	-0.289
18.590	0.204	0.083	0.087	5.93	0.84	-5.03	-40.08	2.63	31.57	65535	0.225	0.083	0.125	0.033	0.017	-0.292
18.596	0.204	0.081	0.090	5.50	0.86	-4.70	-42.50	-1.88	30.63	65535	0.225	0.080	0.137	0.032	0.018	-0.296
18.611	0.204	0.081	0.094	5.12	0.91	-4.42	-47.00	-4.25	30.03	65535	0.225	0.078	0.147	0.031	0.018	-0.300
18.618	0.204	0.079	0.098	4.60	0.98	-4.11	-50.43	-4.22	29.94	65535	0.225	0.075	0.158	0.030	0.018	-0.304
18.629	0.199	0.039	0.185	3.95	1.05	-3.77	-53.91	-3.45	30.21	65535	0.224	0.068	0.181	0.029	0.016	-0.304
18.640	0.198	0.036	0.194	3.38	1.09	-3.47	-56.36	-1.08	30.18	55708	0.223	0.061	0.203	0.028	0.015	-0.305
18.645	0.198	0.034	0.203	2.82	1.10	-3.18	-59.13	1.29	30.50	54605	0.222	0.054	0.223	0.026	0.014	-0.306
18.661	0.197	0.031	0.213	2.22	1.09	-2.87	-59.43	6.09	30.01	53504	0.222	0.048	0.241	0.025	0.013	-0.308
18.670	0.196	0.028	0.223	1.59	1.03	-2.57	-60.41	8.60	29.05	52410	0.221	0.042	0.258	0.024	0.013	-0.311
18.678	0.182	-0.067	0.421	0.46	0.93	-2.12	-60.34	13.07	27.83	51343	0.218	0.025	0.305	0.022	0.008	-0.302
18.688	0.181	-0.070	0.441	-0.14	0.79	-1.85	-57.56	16.38	25.53	20000	0.216	0.010	0.348	0.020	0.004	-0.295
18.695	0.180	-0.074	0.461	-0.70	0.61	-1.60	-54.80	19.94	25.63	20000	0.214	-0.004	0.387	0.019	0.000	-0.290
18.710	0.179	-0.078	0.482	-1.26	0.39	-1.35	-52.15	24.24	25.55	20000	0.212	-0.017	0.422	0.017	-0.003	-0.285
18.722	0.168	-0.136	0.610	-2.21	0.08	-0.99	-48.96	28.98	24.36	20000	0.208	-0.035	0.472	0.015	-0.008	-0.275
18.730	0.167	-0.140	0.637	-2.71	-0.22	-0.77	-45.05	31.10	23.47	20000	0.205	-0.052	0.518	0.013	-0.012	-0.266
18.737	0.166	-0.144	0.663	-3.13	-0.55	-0.55	-41.45	34.76	22.84	20000	0.202	-0.068	0.560	0.011	-0.016	-0.258
18.747	0.165	-0.148	0.689	-3.54	-0.92	-0.35	-36.78	36.36	21.40	20000	0.199	-0.082	0.598	0.009	-0.020	-0.251
18.761	0.160	-0.171	0.754	-4.10	-1.33	-0.13	-32.43	34.79	20.82	20000	0.196	-0.097	0.641	0.008	-0.024	-0.242
18.771	0.160	-0.174	0.781	-4.41	-1.69	0.05	-28.57	34.13	20.43	20000	0.193	-0.111	0.680	0.006	-0.027	-0.235
18.780	0.159	-0.178	0.809	-4.68	-2.05	0.22	-24.83	33.50	19.84	20000	0.191	-0.123	0.718	0.004	-0.030	-0.228
18.794	0.158	-0.181	0.836	-4.91	-2.39	0.39	-20.92	30.15	19.46	20000	0.188	-0.135	0.752	0.003	-0.032	-0.221
18.797	0.157	-0.185	0.864	-5.10	-2.70	0.56	-17.53	26.92	18.77	20000	0.185	-0.146	0.786	0.001	-0.034	-0.215
18.811	0.157	-0.186	0.885	-5.23	-2.97	0.72	-14.57	23.54	17.84	20000	0.183	-0.155	0.816	0.000	-0.035	-0.210
18.822	0.156	-0.189	0.911	-5.36	-3.21	0.87	-12.15	18.38	17.58	20000	0.181	-0.164	0.845	-0.001	-0.037	-0.205
18.830	0.155	-0.192	0.937	-5.46	-3.40	1.03	-10.06	13.47	17.23	20000	0.179	-0.172	0.874	-0.002	-0.038	-0.200
18.837	0.155	-0.196	0.962	-5.55	-3.54	1.19	-8.14	8.78	16.53	20000	0.177	-0.180	0.901	-0.003	-0.038	-0.196
18.847	0.156	-0.191	0.962	-5.52	-3.61	1.38	-7.31	3.41	15.89	20000	0.175	-0.186	0.923	-0.004	-0.039	-0.193
18.856	0.155	-0.195	0.985	-5.58	-3.65	1.53	-5.43	-1.13	14.41	20000	0.174	-0.192	0.944	-0.005	-0.039	-0.190
18.871	0.155	-0.198	1.008	-5.63	-3.64	1.68	-5.72	-4.89	14.02	20000	0.172	-0.198	0.965	-0.006	-0.039	-0.186
18.880	0.154	-0.201	1.031	-5.66	-3.60	1.82	-4.87	-7.69	13.26	20000	0.171	-0.203	0.986	-0.007	-0.039	-0.183
18.894	0.156	-0.194	1.004	-5.53	-3.51	2.06	-4.31	-9.17	12.32	20000	0.170	-0.206	0.998	-0.008	-0.038	-0.183
18.897	0.156	-0.197	1.023	-5.56	-3.42	2.19	-4.13	-11.03	11.47	20000	0.169	-0.210	1.011	-0.008	-0.038	-0.182
18.911	0.155	-0.200	1.041	-5.60	-3.32	2.31	-4.79	-11.89	10.53	20000	0.168	-0.214	1.024	-0.009	-0.037	-0.180
18.919	0.155	-0.203	1.060	-5.64	-3.21	2.43	-5.64	-11.38	9.67	20000	0.167	-0.217	1.037	-0.010	-0.036	-0.179
18.931	0.156	-0.201	1.028	-5.56	-3.10	2.65	-5.91	-10.33	8.98	20000	0.167	-0.220	1.042	-0.010	-0.035	-0.180
18.940	0.156	-0.204	1.043	-5.61	-3.01	2.74	-6.38	-8.42	8.22	20000	0.166	-0.222	1.048	-0.011	-0.034	-0.180
18.948	0.155	-0.207	1.057	-5.66	-2.94	2.83	-6.46	-6.39	6.94	20000	0.165	-0.225	1.055	-0.011	-0.033	-0.180
18.961	0.155	-0.210	1.071	-5.74	-2.89	2.90	-7.33	-3.53	6.03	20000	0.165	-0.228	1.062	-0.012	-0.032	-0.179
18.971	0.155	-0.213	1.085	-5.81	-2.87	2.97	-7.90	-1.51	5.34	20000	0.164	-0.230	1.070	-0.012	-0.031	-0.178
18.980	0.155	-0.214	1.051	-5.79	-2.86	3.12	-8.34	1.07	4.94	20000	0.164	-0.233	1.070	-0.013	-0.031	-0.180
18.991	0.154	-0.217	1.061	-5.86	-2.87	3.16	-8.39	1.98	4.19	20000	0.163	-0.235	1.071	-0.013	-0.030	-0.180
18.998	0.154	-0.220	1.070	-5.95	-2.90	3.20	-8.02	3.59	3.35	20000	0.163	-0.238	1.072	-0.014	-0.029	-0.181
19.006	0.154	-0.223	1.079	-6.03	-2.94	3.23	-7.48	4.22	3.02	20000	0.162	-0.240	1.074	-0.014	-0.028	-0.180
19.020	0.153	-0.226	1.046	-6.03	-3.00	3.33	-7.05	4.15	2.22	20000	0.162	-0.243	1.070	-0.015	-0.027	-0.182
19.030	0.153	-0.229	1.052	-6.10	-3.04	3.35	-5.83	4.16	1.87	20000	0.161	-0.246	1.067	-0.015	-0.026	-0.183
19.038	0.153	-0.232	1.058	-6.14	-3.09	3.36	-5.02	3.52	1.00	20000	0.161	-0.248	1.064	-0.015	-0.025	-0.184
19.048	0.153	-0.235	1.063	-6.19	-3.11	3.37	-3.73	0.84	0.92	20000	0.160	-0.251	1.062	-0.016	-0.024	-0.184
19.057	0.152	-0.241	1.030	-6.17	-3.13	3.44	-3.01	-0.26	0.73	20000	0.160	-0.254	1.054	-0.016	-0.024	-0.185
19.073	0.152	-0.243	1.032	-6.19	-3.12	3.44	-1.44	-2.69	0.00	20000	0.159	-0.257	1.047	-0.016	-0.023	-0.187
19.087	0.151	-0.246	1.034	-6.21	-3.09	3.44	-0.17	-4.46	-0.36	20000	0.158	-0.260	1.041	-0.017	-0.022	-0.187
19.090	0.151	-0.249	1.035	-6.21	-3.04	3.45	1.14	-7.21	-0.53	20000	0.158	-0.262	1.035	-0.017	-0.022	-0.187
19.098	0.151	-0.252	1.035	-6.18	-2.97	3.45	2.23	-9.83	-0.48	20000	0.158	-0.265	1.030	-0.018	-0.021	-0.187
19.112	0.150	-0.258	1.002	-6.12	-2.88	3.50	2.71	-12.01	-1.07	20000	0.157	-0.268	1.019	-0.018	-0.020	-0.188
19.120	0.150	-0.260	1.000	-6.09	-2.75	3.51	3.47	-13.17	-1.37	23762	0.157	-0.271	1.009	-0.018	-0.020	-0.189
19.131	0.150	-0.263	0.997	-6.06	-2.62	3.51	3.68	-14.47	-1.48	24913	0.156	-0.274	1.000	-0.019	-0.019	-0.189
19.140	0.150	-0.266	0.994	-6.02	-2.47	3.51	3.44	-15.72	-1.36	26096	0.156	-0.277	0.991	-0.019	-0.019	-0.189
19.147	0.149	-0.271	0.968	-5.95	-2.32	3.54	2.83	-15.43	-1.08	27290	0.155	-0.280	0.978	-0.019	-0.018	-0.189
19.156	0.149	-0.274	0.963	-5.93	-2.18	3.54	1.35	-16.06	-1.07	32582	0.155	-0.283	0.966	-0.019	-0.018	-0.190
19.170	0.149	-0.276	0.957	-5.92	-2.02	3.55	0.28	-15.47	-1.14	33888	0.154	-0.286	0.955	-0.020	-0.017	-0.189
19.180	0.149	-0.279	0.951	-5.92	-1.86	3.56	-1.72	-15.15	-0.92	35201	0.154	-0.289	0.944	-0.020	-0.017	-0.189
19.190	0.149	-0.283	0.931	-5.93	-1.72	3.57	-3.25	-15.24	-0.68	36492	0.154	-0.292	0.931	-0.020	-0.016	-0.189
19.204	0.149	-0.285	0.923	-5.97	-1.57	3.58	-5.63	-16.31	-0.49	40453	0.153	-0.295	0.919	-0.020	-0.016	-0.189
19.210	0.149	-0.287	0.915	-6.04	-1.41	3.58	-5.80	-14.10	-0.61	41774	0.153	-0.297	0.907	-0.021	-0.015	-0.188
19.221	0.150	-0.290	0.906	-6.07	-1.29	3.61	-6.59	-14.12	-0.24	43062	0.153	-0.300	0.895	-0.021	-0.015	-0.187
19.230	0.149	-0.292	0.898	-6.14	-1.14	3.62	-7.46	-13.98	0.28	44299	0.153	-0.302	0.884	-0.021	-0.014	-0.186
19.241	0.149	-0.296	0.878	-6.21	-1.02	3.64	-7.24	-12.78	-0.45	45492	0.153	-0.305	0.871	-0.021	-0.014	-0.186
19.249	0.149	-0.298	0.869	-6.29	-0.89	3.65	-5.60	-12.09	-0.47	48479	0.152	-0.307	0.859	-0.021	-0.013	-0.185
19.257	0.149	-0.300	0.858	-6.33	-0.77	3.65	-2.54	-10.16	-0.62	49624	0.152	-0.310	0.847	-0.022	-0.013	-0.184
19.272	0.150	-0.302	0.848	-6.34	-0.67	3.66	0.73	-11.25	-0.73	50723	0.152	-0.312	0.835	-0.022	-0.012	-0.183
19.281	0.149	-0.305	0.830	-6.31	-0.56	3.66	3.31	-10.23	-0.67	51776	0.152	-0.314	0.823	-0.022	-0.012	-0.183
19.290	0.149	-0.308	0.819	-6.24	-0.44	3.67	4.85	-11.19	-1.21	54101	0.151	-0.316	0.810	-0.022	-0.011	-0.182
19.299	0.149	-0.310	0.808	-6.18	-0.33	3.67	5.07	-12.81	-0.93	55065	0.151	-0.318	0.799	-0.022	-0.011	-0.181
19.306	0.150	-0.312	0.797	-6.13	-0.22	3.69	4.40	-13.92	-0.62	55962	0.151	-0.320	0.787	-0.022	-0.011	-0.180
19.316	0.151	-0.314	0.785	-6.10	-0.09	3.70	2.63	-12.67	-0.59	56799	0.151	-0.321	0.776	-0.022	-0.010	-0.180
19.331	0.151	-0.316	0.773	-6.06	0.05	3.71	0.35	-15.24	-0.40	57650	0.151	-0.323	0.764	-0.022	-0.010	-0.179
19.341	0.151	-0.317	0.762	-6.06	0.20	3.72	-1.10	-15.12	-0.47	58367	0.151	-0.324	0.754	-0.022	-0.010	-0.178
19.349	0.151	-0.319	0.750	-6.06	0.36	3.73	-1.18	-16.26	-0.28	59024	0.151	-0.326	0.743	-0.022	-0.009	-0.178
19.357	0.153	-0.320	0.738	-6.09	0.46	3.78	-2.08	-17.00	-0.15	59609	0.151	-0.327	0.733	-0.022	-0.009	-0.178
19.370	0.153	-0.321	0.726	-6.11	0.63	3.80	-1.31	-16.27	-0.52	60145	0.151	-0.328	0.722	-0.022	-0.009	-0.177
19.381	0.154	-0.323	0.715	-6.09	0.79	3.81	1.48	-16.09	-0.01	60839	0.152	-0.329	0.712	-0.022	-0.008	-0.177
19.390	0.154	-0.325	0.704	-6.04	0.96	3.83	4.90	-15.62	-0.83	61269	0.152	-0.330	0.702	-0.022	-0.008	-0.177
19.400	0.154	-0.325	0.692	-5.98	1.10	3.84	9.98	-13.59	-1.32	61631	0.152	-0.330	0.693	-0.022	-0.008	-0.177
19.411	0.155	-0.326	0.680	-5.88	1.22	3.84	14.27	-10.93	-1.30	61941	0.152	-0.331	0.683	-0.022	-0.007	-0.177
19.420	0.154	-0.327	0.669	-5.72	1.33	3.84	18.62	-9.04	-1.74	62528	0.153	-0.331	0.674	-0.022	-0.007	-0.178
19.432	0.154	-0.328	0.658	-5.52	1.42	3.83	21.70	-8.18	-1.92	62753	0.153	-0.332	0.665	-0.021	-0.007	-0.178
19.439	0.154	-0.327	0.647	-5.31	1.50	3.82	23.75	-6.84	-1.41	62930	0.153	-0.332	0.656	-0.021	-0.007	-0.179
19.447	0.154	-0.330	0.636	-5.04	1.57	3.81	25.30	-5.05	-1.79	63074	0.153	-0.332	0.647	-0.021	-0.007	-0.180
19.455	0.154	-0.331	0.626	-4.77	1.62	3.79	27.42	-4.41	-1.95	63340	0.153	-0.332	0.639	-0.021	-0.007	-0.181
19.467	0.155	-0.332	0.616	-4.46	1.64	3.79	27.08	-2.86	-2.23	63403	0.154	-0.332	0.631	-0.021	-0.007	-0.182
19.481	0.156	-0.334	0.606	-4.16	1.64	3.79	27.01	-1.05	-1.56	63423	0.154	-0.333	0.623	-0.021	-0.007	-0.183
19.489	0.164	-0.343	0.599	-3.71	1.52	3.87	26.08	1.58	-1.07	63406	0.155	-0.334	0.615	-0.021	-0.007	-0.184
19.500	0.164	-0.343	0.590	-3.45	1.50	3.86	24.95	3.37	-0.98	62939	0.157	-0.335	0.608	-0.020	-0.008	-0.186
19.508	0.165	-0.342	0.581	-3.23	1.45	3.86	22.89	5.43	-1.32	62842	0.158	-0.336	0.601	-0.020	-0.008	-0.187
19.516	0.165	-0.342	0.572	-3.01	1.39	3.84	18.88	5.50	-1.12	62722	0.159	-0.336	0.595	-0.020	-0.008	-0.189
19.531	0.165	-0.343	0.564	-2.81	1.34	3.82	15.22	5.04	-1.72	62583	0.160	-0.337	0.588	-0.019	-0.008	-0.191
19.539	0.165	-0.343	0.557	-2.66	1.29	3.81	11.26	3.10	-0.59	62421	0.161	-0.337	0.582	-0.019	-0.009	-0.193
19.549	0.163	-0.344	0.549	-2.56	1.29	3.78	7.68	1.78	-0.23	61989	0.161	-0.337	0.576	-0.019	-0.009	-0.195
19.559	0.163	-0.344	0.542	-2.48	1.28	3.78	5.03	-0.15	-0.05	61783	0.162	-0.338	0.571	-0.019	-0.009	-0.197
19.566	0.167	-0.344	0.534	-2.43	1.23	3.81	3.22	-0.61	-0.37	61558	0.163	-0.338	0.565	-0.019	-0.010	-0.199
19.575	0.170	-0.338	0.527	-2.48	1.19	3.84	2.77	-1.17	-0.12	61311	0.164	-0.337	0.560	-0.019	-0.010	-0.202
19.590	0.169	-0.337	0.520	-2.45	1.20	3.84	2.52	-2.51	0.02	61157	0.165	-0.337	0.554	-0.018	-0.010	-0.204
19.597	0.169	-0.337	0.514	-2.43	1.23	3.84	2.45	-3.09	-0.09	60888	0.166	-0.336	0.549	-0.018	-0.010	-0.207
19.614	0.170	-0.340	0.508	-2.35	1.26	3.84	3.24	-4.12	-0.57	60605	0.167	-0.336	0.545	-0.018	-0.010	-0.210
19.615	0.171	-0.337	0.505	-2.34	1.28	3.85	3.97	-4.14	-1.48	60301	0.168	-0.335	0.540	-0.018	-0.010	-0.213
19.631	0.170	-0.334	0.499	-2.33	1.32	3.83	5.44	-3.05	-1.98	59461	0.169	-0.334	0.536	-0.018	-0.010	-0.215
19.641	0.172	-0.332	0.494	-2.28	1.32	3.83	9.03	-1.41	-2.36	59126	0.170	-0.333	0.532	-0.018	-0.010	-0.218
19.650	0.171	-0.333	0.489	-2.16	1.35	3.80	12.09	2.06	-2.75	58782	0.171	-0.332	0.529	-0.018	-0.010	-0.221
19.659	0.173	-0.334	0.485	-2.00	1.31	3.78	15.17	3.05	-3.60	58440	0.171	-0.331	0.525	-0.018	-0.010	-0.224
19.668	0.172	-0.334	0.481	-1.84	1.27	3.74	19.81	6.72	-3.66	58095	0.172	-0.330	0.522	-0.018	-0.011	-0.227
19.677	0.174	-0.335	0.477	-1.60	1.17	3.72	22.45	9.10	-3.02	57585	0.173	-0.330	0.519	-0.018	-0.011	-0.231
19.691	0.175	-0.333	0.473	-1.39	1.07	3.69	24.06	11.43	-4.30	57251	0.174	-0.329	0.516	-0.018	-0.011	-0.234
19.699	0.177	-0.337	0.470	-1.09	0.93	3.65	25.67	14.05	-4.62	56927	0.175	-0.329	0.513	-0.017	-0.012	-0.237
19.709	0.178	-0.335	0.468	-0.85	0.77	3.61	24.33	14.72	-4.63	56603	0.176	-0.328	0.510	-0.017	-0.012	-0.240
19.721	0.179	-0.336	0.465	-0.58	0.60	3.57	22.38	12.53	-3.93	55858	0.177	-0.328	0.508	-0.017	-0.012	-0.243
19.726	0.178	-0.336	0.463	-0.35	0.49	3.53	21.22	11.62	-2.82	55542	0.178	-0.328	0.506	-0.017	-0.013	-0.247
19.740	0.177	-0.339	0.460	-0.10	0.39	3.49	19.02	10.03	-3.04	55241	0.179	-0.328	0.504	-0.017	-0.013	-0.250
19.750	0.176	-0.342	0.457	0.13	0.30	3.46	17.62	8.84	-2.16	54950	0.179	-0.328	0.501	-0.017	-0.014	-0.253
19.760	0.176	-0.342	0.458	0.30	0.22	3.44	15.41	5.33	-1.46	54670	0.179	-0.329	0.500	-0.018	-0.015	-0.257
19.768	0.176	-0.335	0.456	0.38	0.16	3.43	13.10	4.18	-1.28	53869	0.180	-0.328	0.498	-0.018	-0.015	-0.260
19.775	0.176	-0.334	0.454	0.51	0.12	3.42	10.56	3.57	-1.37	53599	0.180	-0.328	0.497	-0.018	-0.015	-0.263
19.792	0.176	-0.334	0.453	0.62	0.08	3.41	8.26	2.84	-1.55	53330	0.180	-0.327	0.496	-0.018	-0.016	-0.266
19.801	0.176	-0.337	0.451	0.73	0.06	3.40	7.85	2.63	-1.22	53070	0.181	-0.327	0.494	-0.018	-0.016	-0.270
19.810	0.175	-0.336	0.450	0.81	0.03	3.38	7.77	3.05	-1.39	52802	0.181	-0.327	0.493	-0.019	-0.017	-0.273
19.818	0.175	-0.335	0.449	0.88	0.01	3.37	7.51	3.17	-1.64	50491	0.181	-0.327	0.492	-0.019	-0.017	-0.276
19.825	0.175	-0.335	0.448	0.96	-0.02	3.35	7.49	2.11	-1.94	50238	0.181	-0.327	0.491	-0.019	-0.017	-0.279
19.840	0.174	-0.337	0.448	1.06	-0.05	3.33	7.77	3.64	-2.54	49999	0.181	-0.327	0.490	-0.020	-0.018	-0.282
19.850	0.175	-0.340	0.447	1.16	-0.09	3.30	6.18	2.02	-2.84	49534	0.181	-0.328	0.489	-0.020	-0.018	-0.286
19.858	0.175	-0.339	0.446	1.23	-0.13	3.28	6.43	4.52	-3.03	49324	0.181	-0.328	0.488	-0.020	-0.019	-0.289
19.868	0.174	-0.340	0.446	1.30	-0.16	3.25	7.00	3.80	-2.98	49130	0.181	-0.329	0.487	-0.021	-0.020	-0.292
19.876	0.174	-0.340	0.445	1.37	-0.20	3.22	6.81	3.27	-3.87	48943	0.180	-0.329	0.485	-0.021	-0.020	-0.295
19.890	0.172	-0.341	0.444	1.45	-0.21	3.17	6.69	3.43	-4.35	48784	0.180	-0.330	0.484	-0.021	-0.021	-0.298
19.900	0.172	-0.341	0.444	1.52	-0.24	3.13	6.07	3.29	-4.66	48805	0.180	-0.330	0.483	-0.022	-0.021	-0.301
19.910	0.171	-0.340	0.443	1.57	-0.28	3.08	4.46	4.09	-5.33	48685	0.179	-0.331	0.482	-0.022	-0.022	-0.304
19.919	0.171	-0.341	0.443	1.62	-0.32	3.02	2.75	5.22	-5.53	48578	0.179	-0.331	0.481	-0.022	-0.022	-0.307
19.927	0.173	-0.340	0.443	1.63	-0.40	2.97	-0.87	6.79	-6.17	48482	0.179	-0.332	0.480	-0.023	-0.023	-0.310
19.934	0.166	-0.349	0.442	1.69	-0.41	2.89	-4.10	8.18	-6.26	48370	0.178	-0.333	0.479	-0.023	-0.023	-0.312
19.950	0.166	-0.349	0.442	1.64	-0.49	2.83	-7.36	7.32	-6.47	48290	0.177	-0.334	0.478	-0.024	-0.024	-0.315
19.961	0.165	-0.349	0.442	1.56	-0.57	2.76	-9.31	8.46	-7.08	48204	0.176	-0.335	0.477	-0.024	-0.025	-0.318
19.967	0.164	-0.355	0.442	1.51	-0.65	2.69	-10.30	7.36	-6.83	48131	0.175	-0.337	0.476	-0.025	-0.026	-0.320
19.976	0.163	-0.362	0.441	1.47	-0.71	2.62	-11.64	6.56	-6.69	48085	0.174	-0.340	0.475	-0.026	-0.027	-0.323
19.990	0.162	-0.362	0.441	1.34	-0.77	2.55	-11.90	5.22	-6.76	48193	0.173	-0.342	0.474	-0.026	-0.028	-0.325
19.999	0.162	-0.362	0.441	1.22	-0.82	2.49	-12.42	3.95	-5.96	48144	0.172	-0.344	0.473	-0.027	-0.029	-0.328
20.009	0.163	-0.366	0.441	1.13	-0.87	2.43	-13.24	3.32	-6.06	48101	0.171	-0.347	0.472	-0.027	-0.030	-0.330
20.019	0.163	-0.367	0.441	0.99	-0.90	2.37	-13.91	2.12	-4.93	48070	0.171	-0.349	0.472	-0.027	-0.031	-0.333
20.028	0.163	-0.372	0.441	0.89	-0.93	2.32	-14.82	2.66	-4.61	48014	0.170	-0.352	0.471	-0.028	-0.032	-0.335
20.035	0.164	-0.373	0.441	0.74	-0.97	2.28	-14.51	3.23	-4.38	45794	0.170	-0.354	0.470	-0.028	-0.033	-0.337
20.051	0.163	-0.374	0.441	0.59	-0.99	2.24	-14.82	1.12	-3.95	45758	0.169	-0.356	0.469	-0.028	-0.034	-0.339
20.059	0.163	-0.374	0.442	0.44	-1.01	2.20	-14.19	2.42	-3.85	45714	0.169	-0.358	0.469	-0.029	-0.034	-0.341
20.070	0.164	-0.382	0.442	0.36	-1.03	2.16	-13.05	2.31	-4.03	45430	0.168	-0.361	0.468	-0.029	-0.036	-0.343
20.077	0.164	-0.382	0.442	0.22	-1.06	2.12	-11.45	2.78	-3.71	45415	0.168	-0.364	0.467	-0.029	-0.036	-0.345
20.086	0.164	-0.384	0.442	0.11	-1.09	2.09	-11.36	2.68	-2.49	45411	0.168	-0.366	0.466	-0.029	-0.037	-0.347
20.100	0.165	-0.391	0.442	0.05	-1.12	2.06	-10.06	1.70	-2.97	45411	0.168	-0.369	0.465	-0.029	-0.038	-0.349
20.109	0.164	-0.390	0.443	-0.07	-1.12	2.03	-10.68	-0.90	-2.17	45436	0.167	-0.372	0.465	-0.030	-0.039	-0.350
20.119	0.164	-0.391	0.443	-0.17	-1.12	2.02	-10.23	-0.49	-1.57	45270	0.167	-0.374	0.464	-0.030	-0.040	-0.352
20.129	0.164	-0.397	0.443	-0.24	-1.11	2.00	-9.37	-0.22	-1.01	45318	0.167	-0.377	0.463	-0.030	-0.041	-0.354
20.138	0.164	-0.398	0.443	-0.33	-1.10	2.00	-10.77	-2.60	0.54	45370	0.167	-0.380	0.462	-0.030	-0.042	-0.355
20.150	0.164	-0.405	0.443	-0.39	-1.07	2.00	-10.76	-3.00	0.75	45436	0.166	-0.383	0.462	-0.030	-0.043	-0.356
20.160	0.164	-0.406	0.443	-0.51	-1.04	2.01	-11.91	-3.78	0.51	45539	0.166	-0.386	0.461	-0.030	-0.044	-0.358
20.170	0.164	-0.407	0.443	-0.63	-0.99	2.01	-13.66	-5.49	0.77	45604	0.166	-0.389	0.460	-0.030	-0.045	-0.359
20.178	0.164	-0.410	0.443	-0.76	-0.94	2.02	-14.19	-5.95	0.99	45675	0.166	-0.392	0.459	-0.030	-0.046	-0.360
20.192	0.163	-0.409	0.442	-0.91	-0.87	2.03	-14.20	-6.06	1.08	45770	0.165	-0.394	0.458	-0.031	-0.047	-0.361
20.200	0.163	-0.410	0.442	-1.06	-0.81	2.04	-14.20	-6.98	1.05	45969	0.165	-0.396	0.457	-0.031	-0.048	-0.362
20.210	0.165	-0.419	0.441	-1.13	-0.76	2.06	-13.36	-5.24	1.12	46049	0.165	-0.399	0.455	-0.031	-0.048	-0.363
20.219	0.164	-0.418	0.441	-1.29	-0.69	2.07	-12.95	-6.83	1.24	46145	0.165	-0.402	0.454	-0.031	-0.049	-0.364
20.229	0.164	-0.420	0.441	-1.40	-0.63	2.09	-11.76	-6.43	1.61	46233	0.165	-0.405	0.453	-0.031	-0.050	-0.365
20.235	0.165	-0.418	0.440	-1.54	-0.57	2.10	-10.24	-5.80	1.76	46325	0.165	-0.407	0.452	-0.031	-0.051	-0.366
20.250	0.165	-0.424	0.439	-1.61	-0.52	2.12	-8.83	-3.81	1.56	44443	0.165	-0.409	0.451	-0.031	-0.051	-0.367
20.261	0.166	-0.422	0.439	-1.71	-0.49	2.14	-7.24	-3.30	2.03	44523	0.165	-0.411	0.449	-0.031	-0.052	-0.368
20.269	0.166	-0.423	0.438	-1.78	-0.46	2.16	-5.64	-1.89	2.05	44598	0.165	-0.413	0.448	-0.031	-0.053	-0.369
20.278	0.168	-0.427	0.438	-1.81	-0.46	2.19	-4.32	-0.77	2.63	44707	0.165	-0.415	0.447	-0.031	-0.053	-0.369
20.287	0.165	-0.426	0.438	-1.87	-0.43	2.21	-3.59	0.32	2.27	44717	0.165	-0.417	0.445	-0.031	-0.054	-0.370
20.301	0.167	-0.431	0.437	-1.87	-0.45	2.23	-2.32	1.04	2.00	44826	0.165	-0.419	0.444	-0.030	-0.054	-0.370
20.309	0.168	-0.430	0.436	-1.90	-0.47	2.25	-0.89	1.84	1.36	44951	0.166	-0.421	0.442	-0.030	-0.055	-0.371
20.320	0.169	-0.431	0.436	-1.91	-0.49	2.26	0.45	1.66	1.73	45077	0.166	-0.422	0.441	-0.030	-0.055	-0.371
20.328	0.169	-0.432	0.435	-1.90	-0.50	2.28	1.52	1.34	1.15	45203	0.166	-0.424	0.439	-0.030	-0.056	-0.372
20.337	0.168	-0.439	0.434	-1.84	-0.50	2.29	2.74	-0.51	2.20	45381	0.166	-0.426	0.438	-0.030	-0.056	-0.372
20.344	0.170	-0.440	0.433	-1.81	-0.51	2.31	3.72	-0.31	1.92	45513	0.166	-0.428	0.436	-0.030	-0.057	-0.372
20.359	0.170	-0.441	0.432	-1.77	-0.50	2.33	5.06	-1.27	2.33	45655	0.167	-0.430	0.434	-0.030	-0.057	-0.372
20.371	0.170	-0.447	0.430	-1.68	-0.48	2.35	4.98	-2.15	1.69	45810	0.167	-0.432	0.433	-0.029	-0.058	-0.373
20.378	0.172	-0.448	0.429	-1.64	-0.47	2.37	5.05	-4.07	2.02	46100	0.167	-0.435	0.431	-0.029	-0.059	-0.373
20.387	0.172	-0.448	0.428	-1.59	-0.43	2.39	5.46	-4.49	1.43	46248	0.168	-0.437	0.429	-0.029	-0.059	-0.373
20.395	0.172	-0.449	0.427	-1.54	-0.38	2.41	3.12	-6.68	1.37	46410	0.168	-0.439	0.427	-0.029	-0.060	-0.373
20.411	0.171	-0.452	0.426	-1.50	-0.29	2.42	2.22	-8.84	1.14	46563	0.168	-0.441	0.425	-0.029	-0.061	-0.373
20.419	0.171	-0.451	0.425	-1.49	-0.20	2.43	0.46	-10.09	0.45	46705	0.169	-0.442	0.424	-0.029	-0.061	-0.373
20.430	0.171	-0.452	0.423	-1.49	-0.09	2.44	-1.08	-10.09	-0.10	46869	0.169	-0.444	0.422	-0.028	-0.061	-0.373
20.437	0.170	-0.453	0.422	-1.50	0.02	2.44	-2.88	-9.33	0.09	47014	0.169	-0.445	0.420	-0.028	-0.062	-0.372
20.445	0.170	-0.454	0.421	-1.53	0.11	2.44	-3.48	-8.93	-0.10	47156	0.169	-0.447	0.418	-0.028	-0.062	-0.372
20.460	0.172	-0.454	0.420	-1.57	0.19	2.44	-3.89	-6.71	-0.72	45207	0.169	-0.448	0.417	-0.028	-0.063	-0.372
20.469	0.172	-0.455	0.419	-1.61	0.25	2.44	-4.13	-6.10	0.73	45173	0.169	-0.449	0.415	-0.028	-0.063	-0.372
20.479	0.172	-0.460	0.418	-1.61	0.30	2.44	-3.14	-2.51	-0.45	45280	0.170	-0.451	0.413	-0.028	-0.063	-0.371
20.487	0.171	-0.460	0.416	-1.65	0.33	2.44	-2.71	-2.56	-0.41	45408	0.170	-0.452	0.411	-0.028	-0.064	-0.371
20.493	0.171	-0.465	0.415	-1.64	0.35	2.43	-1.81	0.09	0.17	45554	0.170	-0.454	0.409	-0.028	-0.064	-0.371
20.509	0.174	-0.465	0.413	-1.67	0.33	2.44	-0.81	0.52	0.61	45672	0.170	-0.456	0.407	-0.028	-0.065	-0.370
20.530	0.174	-0.465	0.412	-1.67	0.32	2.44	-0.47	1.65	0.74	45815	0.171	-0.457	0.405	-0.027	-0.065	-0.370
20.537	0.174	-0.468	0.410	-1.66	0.31	2.45	0.07	2.36	0.27	45973	0.171	-0.459	0.403	-0.027	-0.066	-0.369
20.537	0.175	-0.468	0.409	-1.67	0.28	2.45	-0.71	1.99	0.97	46108	0.171	-0.460	0.401	-0.027	-0.066	-0.369
20.546	0.173	-0.472	0.406	-1.65	0.27	2.46	1.24	4.55	-0.03	46257	0.171	-0.462	0.399	-0.027	-0.066	-0.368
20.560	0.174	-0.473	0.405	-1.64	0.22	2.46	0.31	2.88	1.06	46537	0.172	-0.464	0.397	-0.027	-0.067	-0.367
20.570	0.174	-0.476	0.403	-1.62	0.19	2.46	1.15	3.07	0.56	46690	0.172	-0.466	0.395	-0.027	-0.067	-0.367
20.579	0.174	-0.476	0.401	-1.61	0.16	2.46	2.54	2.33	0.44	46837	0.172	-0.467	0.392	-0.027	-0.068	-0.366
20.589	0.172	-0.479	0.399	-1.56	0.16	2.46	3.90	2.09	0.10	46995	0.172	-0.469	0.390	-0.027	-0.068	-0.365
20.598	0.175	-0.479	0.397	-1.53	0.12	2.47	4.81	2.34	0.36	47231	0.172	-0.470	0.388	-0.026	-0.069	-0.365
20.610	0.175	-0.481	0.395	-1.47	0.09	2.47	6.18	2.42	0.44	47381	0.172	-0.472	0.386	-0.026	-0.069	-0.364
20.620	0.177	-0.483	0.393	-1.40	0.05	2.47	7.39	4.15	0.27	47546	0.173	-0.474	0.383	-0.026	-0.070	-0.363
20.629	0.177	-0.482	0.392	-1.34	0.01	2.48	7.12	4.43	0.80	47705	0.173	-0.475	0.381	-0.026	-0.070	-0.362
20.639	0.178	-0.484	0.390	-1.25	-0.04	2.48	6.69	4.87	0.82	47831	0.174	-0.476	0.379	-0.026	-0.071	-0.362
20.646	0.177	-0.484	0.388	-1.19	-0.08	2.49	5.26	4.59	1.15	48001	0.174	-0.477	0.377	-0.026	-0.071	-0.361
20.660	0.177	-0.485	0.386	-1.14	-0.12	2.50	2.59	4.10	1.72	46046	0.174	-0.479	0.374	-0.025	-0.071	-0.360
20.670	0.176	-0.485	0.384	-1.13	-0.15	2.52	-0.38	2.99	1.64	46176	0.174	-0.480	0.372	-0.025	-0.071	-0.359
20.679	0.176	-0.485	0.383	-1.13	-0.18	2.54	-3.29	1.34	2.48	46315	0.174	-0.481	0.370	-0.025	-0.072	-0.358
20.689	0.179	-0.487	0.381	-1.16	-0.21	2.56	-5.20	-0.58	2.87	46291	0.175	-0.482	0.368	-0.025	-0.072	-0.357
20.698	0.179	-0.496	0.379	-1.15	-0.20	2.59	-6.12	-1.57	3.49	46428	0.175	-0.484	0.366	-0.025	-0.073	-0.356
20.711	0.177	-0.497	0.377	-1.21	-0.16	2.62	-6.97	-4.56	4.05	46568	0.175	-0.486	0.363	-0.025	-0.073	-0.355
20.721	0.177	-0.497	0.375	-1.28	-0.12	2.67	-7.02	-6.17	4.44	46702	0.175	-0.487	0.361	-0.025	-0.074	-0.354
20.729	0.177	-0.500	0.373	-1.33	-0.05	2.71	-7.72	-7.79	4.78	46727	0.175	-0.489	0.359	-0.025	-0.074	-0.353
20.739	0.177	-0.501	0.371	-1.41	0.03	2.76	-7.46	-6.18	5.02	46877	0.176	-0.491	0.356	-0.024	-0.075	-0.352
20.746	0.178	-0.502	0.369	-1.47	0.09	2.81	-6.95	-6.87	5.18	47014	0.176	-0.493	0.354	-0.024	-0.075	-0.351
20.754	0.177	-0.502	0.367	-1.54	0.16	2.87	-6.28	-5.94	4.51	47146	0.176	-0.494	0.352	-0.024	-0.076	-0.349
20.769	0.179	-0.506	0.363	-1.58	0.20	2.91	-6.04	-4.38	4.27	47289	0.176	-0.496	0.349	-0.024	-0.076	-0.348
20.781	0.179	-0.506	0.361	-1.64	0.25	2.96	-5.37	-3.77	4.51	47694	0.176	-0.497	0.347	-0.024	-0.077	-0.347
20.788	0.179	-0.508	0.359	-1.68	0.29	3.00	-5.11	-3.56	5.25	47828	0.177	-0.499	0.344	-0.024	-0.077	-0.346
20.796	0.179	-0.509	0.357	-1.73	0.33	3.06	-4.71	-4.47	5.13	47973	0.177	-0.500	0.341	-0.024	-0.077	-0.345
20.806	0.178	-0.511	0.354	-1.77	0.38	3.11	-3.94	-2.72	4.68	48106	0.177	-0.502	0.339	-0.024	-0.078	-0.344
20.820	0.178	-0.513	0.352	-1.79	0.41	3.16	-3.01	-1.43	4.39	48194	0.177	-0.504	0.336	-0.024	-0.078	-0.343
20.830	0.178	-0.513	0.350	-1.82	0.42	3.20	-1.12	0.04	4.63	48322	0.177	-0.505	0.334	-0.024	-0.079	-0.341
20.839	0.178	-0.514	0.348	-1.83	0.42	3.25	1.14	1.93	4.73	48423	0.177	-0.506	0.332	-0.024	-0.079	-0.340
20.848	0.178	-0.515	0.344	-1.81	0.39	3.29	3.38	2.46	4.21	48533	0.177	-0.508	0.329	-0.024	-0.080	-0.339
20.856	0.179	-0.518	0.342	-1.76	0.36	3.33	5.10	2.44	4.11	48918	0.177	-0.509	0.326	-0.024	-0.080	-0.338
20.871	0.179	-0.518	0.340	-1.71	0.34	3.37	6.23	3.04	4.01	46915	0.177	-0.511	0.324	-0.023	-0.080	-0.337
20.881	0.179	-0.519	0.337	-1.64	0.30	3.41	7.20	3.24	4.02	47003	0.177	-0.512	0.321	-0.023	-0.081	-0.335
20.890	0.178	-0.519	0.335	-1.57	0.28	3.46	6.75	2.70	4.53	47100	0.177	-0.513	0.319	-0.023	-0.081	-0.334
20.900	0.179	-0.520	0.333	-1.50	0.23	3.50	6.09	3.11	4.32	47205	0.178	-0.514	0.316	-0.023	-0.081	-0.333
20.907	0.177	-0.521	0.331	-1.44	0.22	3.54	5.17	3.23	4.05	47151	0.177	-0.515	0.314	-0.023	-0.082	-0.332
20.920	0.177	-0.521	0.329	-1.39	0.19	3.58	4.54	2.29	4.22	47266	0.177	-0.516	0.312	-0.023	-0.082	-0.330
20.928	0.176	-0.521	0.327	-1.34	0.17	3.62	4.32	2.65	4.68	47370	0.177	-0.517	0.309	-0.023	-0.082	-0.329
20.940	0.176	-0.521	0.326	-1.30	0.15	3.67	4.27	2.99	4.63	47466	0.177	-0.518	0.307	-0.023	-0.082	-0.328
20.948	0.176	-0.522	0.324	-1.26	0.11	3.71	4.28	2.16	4.89	47274	0.177	-0.518	0.305	-0.024	-0.083	-0.326
20.961	0.171	-0.522	0.322	-1.21	0.12	3.76	4.57	3.43	5.20	47381	0.176	-0.519	0.302	-0.024	-0.083	-0.325
20.970	0.181	-0.522	0.320	-1.17	0.01	3.81	3.15	3.01	5.72	47478	0.176	-0.519	0.300	-0.023	-0.083	-0.323
20.980	0.177	-0.523	0.317	-1.13	0.02	3.87	2.60	2.17	6.27	47590	0.176	-0.520	0.298	-0.023	-0.083	-0.322
20.991	0.188	-0.522	0.315	-1.11	-0.10	3.93	0.46	1.58	7.17	47728	0.178	-0.520	0.296	-0.023	-0.083	-0.320
20.999	0.188	-0.510	0.313	-1.20	-0.13	4.00	-1.46	1.51	6.37	47842	0.179	-0.519	0.293	-0.022	-0.083	-0.319
21.005	0.189	-0.522	0.311	-1.12	-0.14	4.06	-1.25	1.46	6.67	47961	0.180	-0.520	0.291	-0.022	-0.083	-0.317
21.030	0.187	-0.522	0.309	-1.14	-0.14	4.13	-1.98	-0.47	7.36	48055	0.181	-0.520	0.289	-0.022	-0.083	-0.316
21.037	0.187	-0.523	0.304	-1.15	-0.13	4.21	-3.55	-1.82	7.30	48170	0.182	-0.521	0.286	-0.021	-0.083	-0.314
21.046	0.180	-0.528	0.302	-1.15	-0.06	4.28	-2.46	-2.74	7.29	48682	0.181	-0.522	0.283	-0.021	-0.083	-0.313
21.048	0.176	-0.538	0.300	-1.11	0.01	4.35	-2.29	-2.44	6.29	48780	0.181	-0.524	0.281	-0.022	-0.084	-0.311
21.057	0.176	-0.538	0.297	-1.13	0.04	4.41	-1.81	-4.38	6.15	48888	0.180	-0.526	0.278	-0.022	-0.085	-0.310
21.065	0.176	-0.539	0.297	-1.14	0.08	4.47	-2.37	-2.23	5.69	48988	0.179	-0.527	0.276	-0.022	-0.085	-0.309
21.079	0.175	-0.537	0.294	-1.18	0.11	4.53	-2.51	-2.48	5.67	46742	0.179	-0.529	0.274	-0.022	-0.086	-0.307
21.089	0.175	-0.538	0.292	-1.20	0.13	4.59	-1.85	-1.43	6.18	46813	0.178	-0.530	0.272	-0.022	-0.086	-0.305
21.099	0.175	-0.538	0.290	-1.22	0.14	4.65	0.26	0.96	5.64	46869	0.178	-0.531	0.270	-0.023	-0.086	-0.304
21.108	0.175	-0.537	0.288	-1.23	0.13	4.71	0.57	2.33	6.46	46956	0.177	-0.532	0.267	-0.023	-0.087	-0.302
21.115	0.175	-0.537	0.285	-1.22	0.10	4.77	2.06	3.59	6.98	47038	0.177	-0.533	0.265	-0.023	-0.087	-0.301
21.129	0.173	-0.543	0.283	-1.15	0.07	4.84	2.21	6.42	6.78	47258	0.176	-0.534	0.262	-0.023	-0.087	-0.299
21.137	0.173	-0.543	0.281	-1.13	-0.00	4.91	2.59	8.21	7.38	47358	0.176	-0.535	0.260	-0.023	-0.088	-0.298
21.146	0.174	-0.537	0.278	-1.15	-0.09	4.98	2.61	9.90	7.85	47467	0.176	-0.536	0.258	-0.023	-0.088	-0.296
21.156	0.176	-0.547	0.276	-1.04	-0.21	5.05	2.71	11.90	6.88	47580	0.175	-0.537	0.255	-0.023	-0.088	-0.295
21.166	0.177	-0.524	0.273	-1.21	-0.36	5.13	1.89	11.56	5.96	47802	0.175	-0.536	0.253	-0.023	-0.088	-0.293
21.179	0.187	-0.547	0.271	-0.99	-0.54	5.17	2.10	10.45	5.84	47917	0.177	-0.537	0.250	-0.023	-0.088	-0.291
21.189	0.191	-0.546	0.269	-0.97	-0.69	5.22	1.90	9.52	5.45	48047	0.178	-0.538	0.248	-0.022	-0.089	-0.290
21.199	0.190	-0.549	0.268	-0.92	-0.76	5.28	1.48	8.61	4.94	48175	0.179	-0.540	0.246	-0.021	-0.089	-0.288
21.207	0.190	-0.550	0.266	-0.90	-0.84	5.32	1.90	6.97	4.27	48028	0.181	-0.541	0.243	-0.021	-0.090	-0.286
21.216	0.190	-0.552	0.264	-0.87	-0.90	5.37	2.03	5.53	4.20	48139	0.182	-0.543	0.241	-0.020	-0.090	-0.285
21.230	0.186	-0.546	0.262	-0.90	-0.91	5.41	1.49	1.63	3.30	48247	0.182	-0.543	0.239	-0.020	-0.090	-0.283
21.240	0.189	-0.547	0.259	-0.87	-0.95	5.44	1.61	-1.07	2.31	48361	0.183	-0.544	0.237	-0.020	-0.090	-0.281
21.249	0.189	-0.546	0.260	-0.86	-0.92	5.46	1.76	-3.43	1.98	48460	0.183	-0.544	0.235	-0.020	-0.090	-0.279
21.257	0.185	-0.547	0.258	-0.84	-0.84	5.48	1.94	-6.32	1.54	48108	0.183	-0.545	0.233	-0.020	-0.091	-0.278
21.266	0.185	-0.547	0.256	-0.82	-0.77	5.49	2.45	-9.79	1.41	48193	0.183	-0.545	0.232	-0.019	-0.091	-0.276
21.280	0.184	-0.551	0.254	-0.76	-0.65	5.51	2.76	-11.90	1.46	48298	0.183	-0.546	0.230	-0.019	-0.091	-0.274
21.289	0.188	-0.564	0.252	-0.60	-0.57	5.52	3.12	-12.47	1.84	46296	0.184	-0.548	0.228	-0.019	-0.092	-0.272
21.300	0.188	-0.564	0.250	-0.57	-0.44	5.55	2.96	-12.00	2.77	46259	0.184	-0.550	0.226	-0.019	-0.092	-0.270
21.308	0.190	-0.564	0.248	-0.54	-0.33	5.57	2.36	-12.97	2.51	46338	0.184	-0.552	0.224	-0.019	-0.093	-0.269
21.317	0.190	-0.564	0.246	-0.52	-0.20	5.60	1.58	-12.51	2.30	46420	0.185	-0.554	0.222	-0.018	-0.093	-0.267
21.330	0.189	-0.563	0.244	-0.52	-0.07	5.63	-0.18	-10.91	3.45	46521	0.185	-0.555	0.220	-0.018	-0.094	-0.265
21.340	0.189	-0.561	0.240	-0.56	0.04	5.66	-2.88	-10.90	2.80	46612	0.186	-0.556	0.218	-0.018	-0.094	-0.263
21.350	0.189	-0.560	0.238	-0.60	0.14	5.69	-4.79	-9.59	2.87	47048	0.186	-0.557	0.215	-0.018	-0.094	-0.261
21.358	0.190	-0.559	0.236	-0.67	0.23	5.72	-6.73	-8.61	2.56	47150	0.186	-0.557	0.213	-0.018	-0.094	-0.260
21.368	0.189	-0.556	0.234	-0.77	0.33	5.75	-8.23	-8.19	2.38	47258	0.186	-0.557	0.211	-0.018	-0.094	-0.258
21.380	0.189	-0.556	0.230	-0.86	0.41	5.77	-8.19	-7.76	2.06	47381	0.186	-0.558	0.208	-0.018	-0.094	-0.256
21.390	0.191	-0.554	0.228	-0.96	0.47	5.79	-7.76	-7.52	2.23	47882	0.187	-0.557	0.205	-0.017	-0.094	-0.255
21.397	0.192	-0.552	0.225	-1.06	0.51	5.81	-4.97	-6.66	1.58	48002	0.187	-0.557	0.203	-0.017	-0.094	-0.253
21.408	0.193	-0.551	0.223	-1.10	0.57	5.82	-2.75	-3.90	1.67	48111	0.188	-0.556	0.200	-0.017	-0.093	-0.251
21.417	0.194	-0.551	0.221	-1.12	0.59	5.84	0.60	-1.91	1.08	48226	0.189	-0.556	0.198	-0.017	-0.093	-0.249
21.425	0.194	-0.551	0.218	-1.11	0.62	5.85	3.72	-0.44	1.09	48395	0.189	-0.556	0.195	-0.016	-0.093	-0.248
21.441	0.193	-0.550	0.216	-1.07	0.63	5.86	5.60	1.65	0.15	48505	0.190	-0.555	0.193	-0.016	-0.093	-0.246
21.449	0.194	-0.548	0.214	-1.03	0.60	5.86	8.51	3.98	-0.55	48607	0.190	-0.554	0.190	-0.016	-0.092	-0.244
21.459	0.194	-0.548	0.212	-0.94	0.56	5.85	8.96	4.80	-0.17	48703	0.190	-0.554	0.188	-0.016	-0.092	-0.242
21.467	0.193	-0.548	0.209	-0.84	0.52	5.85	9.35	4.42	-0.31	48800	0.191	-0.553	0.186	-0.016	-0.092	-0.241
21.474	0.191	-0.546	0.207	-0.78	0.51	5.85	7.89	4.53	-0.20	48922	0.191	-0.553	0.183	-0.016	-0.092	-0.239
21.489	0.190	-0.542	0.205	-0.75	0.47	5.85	7.83	4.04	-0.29	46911	0.191	-0.551	0.181	-0.016	-0.091	-0.237
21.499	0.190	-0.541	0.202	-0.68	0.44	5.85	7.07	1.94	-1.14	46981	0.191	-0.550	0.179	-0.016	-0.091	-0.235
21.508	0.191	-0.541	0.200	-0.60	0.43	5.84	6.89	0.73	-0.75	47052	0.190	-0.549	0.177	-0.016	-0.090	-0.233
21.515	0.190	-0.540	0.197	-0.55	0.42	5.83	7.20	-0.86	-0.84	47202	0.190	-0.548	0.174	-0.016	-0.090	-0.232
21.526	0.190	-0.539	0.195	-0.47	0.44	5.82	7.97	-1.53	-1.22	47284	0.190	-0.547	0.172	-0.016	-0.089	-0.230
21.539	0.189	-0.539	0.193	-0.39	0.47	5.81	8.43	-2.55	-1.61	47375	0.190	-0.546	0.169	-0.016	-0.089	-0.228
21.549	0.188	-0.538	0.191	-0.32	0.51	5.80	8.67	-2.49	-1.97	47468	0.190	-0.545	0.167	-0.016	-0.089	-0.226
21.556	0.188	-0.537	0.188	-0.23	0.54	5.77	9.42	-2.29	-2.84	47570	0.190	-0.544	0.165	-0.016	-0.088	-0.225
21.564	0.187	-0.539	0.186	-0.09	0.58	5.75	9.20	-1.79	-3.17	47728	0.189	-0.544	0.162	-0.016	-0.088	-0.223
21.574	0.188	-0.541	0.184	0.04	0.59	5.71	9.27	-0.86	-3.67	47842	0.189	-0.543	0.160	-0.016	-0.088	-0.221
21.590	0.187	-0.541	0.182	0.13	0.60	5.67	8.49	0.12	-4.12	47941	0.189	-0.543	0.158	-0.016	-0.088	-0.219
21.599	0.189	-0.540	0.180	0.21	0.57	5.63	7.14	1.38	-4.55	48047	0.189	-0.543	0.155	-0.016	-0.088	-0.217
21.609	0.188	-0.539	0.178	0.28	0.57	5.59	5.35	3.09	-4.55	48066	0.189	-0.542	0.153	-0.016	-0.088	-0.215
21.617	0.187	-0.539	0.176	0.32	0.54	5.55	3.33	4.10	-4.20	48189	0.189	-0.542	0.151	-0.016	-0.087	-0.214
21.625	0.187	-0.538	0.173	0.35	0.50	5.50	1.26	4.73	-4.12	48302	0.188	-0.541	0.149	-0.016	-0.087	-0.212
21.640	0.187	-0.539	0.172	0.37	0.46	5.46	-0.72	5.52	-4.04	48407	0.188	-0.541	0.147	-0.016	-0.087	-0.210
21.650	0.186	-0.538	0.170	0.36	0.40	5.42	-2.48	6.96	-4.30	48395	0.188	-0.541	0.145	-0.016	-0.087	-0.208
21.659	0.187	-0.537	0.168	0.31	0.32	5.38	-3.42	7.50	-4.63	48504	0.188	-0.540	0.143	-0.017	-0.087	-0.206
21.666	0.186	-0.540	0.165	0.35	0.25	5.33	-3.74	7.62	-4.63	48610	0.187	-0.540	0.141	-0.017	-0.087	-0.204
21.676	0.186	-0.530	0.163	0.10	0.17	5.30	-3.80	7.30	-4.80	48705	0.187	-0.539	0.139	-0.017	-0.086	-0.202
21.690	0.186	-0.529	0.160	0.06	0.09	5.25	-2.85	7.06	-4.90	48809	0.187	-0.538	0.136	-0.017	-0.086	-0.200
21.698	0.186	-0.529	0.158	0.03	0.00	5.20	-1.70	7.38	-4.86	47061	0.187	-0.537	0.134	-0.017	-0.086	-0.199
21.710	0.186	-0.528	0.156	0.03	-0.07	5.15	-0.19	7.54	-5.49	47138	0.187	-0.536	0.132	-0.017	-0.085	-0.197
21.718	0.185	-0.528	0.154	0.04	-0.13	5.10	1.94	6.28	-5.23	47208	0.186	-0.535	0.130	-0.017	-0.085	-0.195
21.726	0.185	-0.529	0.152	0.09	-0.19	5.04	3.98	5.24	-5.81	47306	0.186	-0.534	0.128	-0.017	-0.084	-0.193
21.740	0.184	-0.528	0.150	0.13	-0.23	4.99	6.93	4.29	-6.19	47283	0.186	-0.534	0.126	-0.017	-0.084	-0.191
21.750	0.185	-0.529	0.148	0.25	-0.29	4.91	8.35	3.07	-5.88	47391	0.186	-0.533	0.124	-0.017	-0.084	-0.189
21.758	0.185	-0.530	0.146	0.39	-0.32	4.85	9.68	2.06	-5.96	47489	0.186	-0.533	0.121	-0.017	-0.084	-0.188
21.766	0.187	-0.540	0.144	0.76	-0.37	4.76	10.60	1.77	-6.12	47593	0.186	-0.534	0.119	-0.017	-0.084	-0.186
21.777	0.187	-0.540	0.141	0.87	-0.39	4.70	10.55	0.62	-6.81	47688	0.186	-0.534	0.117	-0.017	-0.084	-0.184
21.792	0.187	-0.539	0.139	0.97	-0.39	4.63	9.08	0.96	-6.93	47863	0.186	-0.535	0.115	-0.017	-0.085	-0.182
21.800	0.187	-0.539	0.137	1.04	-0.41	4.56	5.75	0.25	-6.74	47970	0.186	-0.536	0.113	-0.017	-0.085	-0.180
21.808	0.186	-0.539	0.135	1.08	-0.40	4.50	0.98	0.03	-6.84	48074	0.186	-0.536	0.111	-0.017	-0.085	-0.178
21.821	0.186	-0.539	0.132	1.07	-0.40	4.43	-4.23	-0.23	-7.37	48195	0.186	-0.537	0.108	-0.017	-0.085	-0.177
21.825	0.186	-0.537	0.130	0.96	-0.37	4.37	-7.54	-0.04	-6.38	48431	0.186	-0.537	0.106	-0.017	-0.085	-0.175
21.841	0.186	-0.538	0.127	0.89	-0.38	4.30	-11.29	-1.51	-5.72	48539	0.186	-0.537	0.104	-0.017	-0.085	-0.173
21.849	0.188	-0.540	0.125	0.86	-0.43	4.22	-14.45	-2.08	-5.63	48649	0.186	-0.538	0.102	-0.017	-0.085	-0.171
21.860	0.186	-0.547	0.123	1.01	-0.30	4.20	-15.23	-1.22	-5.55	48755	0.186	-0.539	0.099	-0.017	-0.086	-0.169
21.867	0.186	-0.547	0.121	0.84	-0.29	4.14	-14.49	-1.28	-5.41	48806	0.186	-0.541	0.097	-0.017	-0.086	-0.168
21.875	0.186	-0.548	0.119	0.69	-0.28	4.09	-14.31	-2.06	-5.53	48876	0.186	-0.542	0.095	-0.017	-0.086	-0.166
21.888	0.186	-0.548	0.117	0.53	-0.26	4.03	-15.39	-1.92	-5.66	48955	0.186	-0.543	0.093	-0.017	-0.086	-0.164
21.894	0.186	-0.549	0.115	0.38	-0.24	3.98	-14.62	-1.03	-5.52	46939	0.185	-0.544	0.091	-0.017	-0.087	-0.162
21.909	0.186	-0.550	0.116	0.23	-0.24	3.92	-15.89	2.63	-5.64	46999	0.185	-0.545	0.090	-0.017	-0.087	-0.160
21.918	0.186	-0.551	0.114	0.10	-0.29	3.85	-14.79	4.93	-7.04	46531	0.185	-0.547	0.088	-0.017	-0.087	-0.158
21.927	0.185	-0.550	0.112	-0.16	-0.26	3.81	-13.57	6.06	-6.71	46571	0.185	-0.547	0.086	-0.017	-0.087	-0.156
21.952	0.186	-0.552	0.110	-0.17	-0.45	3.71	-11.60	7.92	-6.37	46583	0.185	-0.548	0.084	-0.017	-0.087	-0.155
21.959	0.186	-0.552	0.110	-0.33	-0.52	3.64	-10.33	9.30	-6.60	46651	0.185	-0.549	0.083	-0.017	-0.088	-0.152
21.966	0.187	-0.552	0.108	-0.46	-0.64	3.56	-9.24	8.34	-7.70	46399	0.185	-0.550	0.081	-0.016	-0.088	-0.150
21.969	0.187	-0.552	0.106	-0.59	-0.68	3.50	-7.07	5.42	-7.04	46464	0.185	-0.551	0.080	-0.016	-0.088	-0.148
21.977	0.187	-0.553	0.104	-0.66	-0.72	3.42	-5.57	1.35	-7.65	46527	0.185	-0.552	0.078	-0.016	-0.088	-0.146
21.985	0.188	-0.556	0.102	-0.49	-0.89	3.31	-6.59	-3.04	-7.68	46604	0.185	-0.553	0.076	-0.016	-0.088	-0.144
22.000	0.189	-0.556	0.101	-0.56	-0.86	3.23	-8.40	-4.20	-7.63	46735	0.186	-0.554	0.074	-0.016	-0.088	-0.142
22.009	0.189	-0.557	0.099	-0.71	-0.80	3.15	-9.91	-6.00	-7.57	46744	0.186	-0.555	0.072	-0.016	-0.088	-0.140
22.018	0.189	-0.557	0.097	-0.87	-0.74	3.07	-10.67	-8.77	-7.29	46825	0.186	-0.555	0.071	-0.016	-0.088	-0.138
22.026	0.189	-0.557	0.095	-1.04	-0.61	3.00	-11.27	-13.02	-6.79	46898	0.186	-0.556	0.069	-0.016	-0.088	-0.136
22.036	0.189	-0.557	0.094	-1.22	-0.38	2.96	-12.33	-15.68	-7.25	46975	0.186	-0.557	0.067	-0.015	-0.088	-0.134
22.044	0.190	-0.558	0.092	-1.16	-0.37	2.86	-10.92	-17.96	-8.24	47092	0.187	-0.557	0.065	-0.015	-0.088	-0.132
22.058	0.191	-0.559	0.090	-1.31	-0.15	2.79	-7.00	-17.67	-7.89	47209	0.187	-0.558	0.063	-0.015	-0.088	-0.130
22.069	0.191	-0.559	0.088	-1.45	0.03	2.71	-5.12	-15.85	-8.06	47300	0.187	-0.559	0.061	-0.015	-0.088	-0.128
22.078	0.191	-0.559	0.084	-1.53	0.20	2.63	-3.49	-16.80	-7.31	47377	0.188	-0.559	0.059	-0.015	-0.088	-0.126
22.083	0.192	-0.559	0.082	-1.63	0.41	2.57	-2.39	-19.35	-5.73	47841	0.188	-0.560	0.057	-0.015	-0.088	-0.124
