t	x	y	z	roll	pitch	yaw	g_x	g_y	g_z	thrust	eso_x	eso_y	eso_z	dist_x	dist_y	dist_z
0.023	-0.067	-0.075	0.000	-0.03	1.03	10.21	-0.02	0.12	0.18	0	-0.067	-0.075	0.000	0.000	0.000	-0.000
0.028	-0.068	-0.076	0.000	-0.00	1.11	10.20	0.22	-0.20	-0.16	0	-0.067	-0.075	-0.001	-0.000	-0.000	0.000
0.041	-0.068	-0.077	0.000	0.02	1.11	10.19	0.22	-0.24	0.04	0	-0.067	-0.075	-0.002	-0.000	-0.000	0.000
0.053	-0.069	-0.077	0.000	0.00	1.12	10.18	-0.06	-0.20	-0.05	0	-0.067	-0.075	-0.004	-0.000	-0.000	0.001
0.064	-0.069	-0.075	0.000	-0.07	1.12	10.16	0.06	0.05	-0.14	0	-0.068	-0.075	-0.007	-0.000	-0.000	0.001
0.073	-0.068	-0.077	0.000	0.01	1.08	10.16	0.01	0.04	-0.16	0	-0.068	-0.076	-0.010	-0.000	-0.000	0.002
0.079	-0.068	-0.077	0.000	0.01	1.08	10.15	0.05	-0.15	0.08	0	-0.068	-0.076	-0.013	-0.000	-0.000	0.003
0.088	-0.069	-0.076	0.000	-0.02	1.13	10.14	-0.03	-0.20	-0.16	0	-0.068	-0.076	-0.016	-0.000	-0.000	0.004
0.103	-0.069	-0.077	0.000	-0.02	1.13	10.13	0.07	-0.22	0.14	0	-0.068	-0.076	-0.020	-0.000	-0.001	0.006
0.111	-0.068	-0.076	0.000	-0.03	1.10	10.11	-0.13	-0.27	0.08	0	-0.068	-0.076	-0.024	-0.000	-0.001	0.007
0.125	-0.069	-0.076	0.000	-0.07	1.13	10.10	0.11	-0.24	0.01	0	-0.068	-0.076	-0.028	-0.001	-0.001	0.010
0.135	-0.069	-0.077	0.000	-0.03	1.13	10.10	0.18	-0.04	-0.05	0	-0.068	-0.076	-0.032	-0.001	-0.001	0.012
0.138	-0.067	-0.077	0.000	-0.01	1.08	10.09	-0.05	-0.11	-0.03	0	-0.068	-0.076	-0.036	-0.001	-0.001	0.015
0.154	-0.069	-0.076	0.000	-0.07	1.13	10.07	0.01	0.03	0.20	0	-0.068	-0.076	-0.040	-0.001	-0.001	0.018
0.164	-0.068	-0.077	0.000	-0.02	1.10	10.06	-0.03	0.13	0.05	0	-0.068	-0.076	-0.045	-0.001	-0.001	0.021
0.174	-0.068	-0.076	0.000	-0.06	1.10	10.05	0.04	-0.15	-0.09	0	-0.068	-0.076	-0.049	-0.001	-0.001	0.025
0.179	-0.068	-0.076	0.000	-0.07	1.08	10.04	0.03	-0.20	0.05	0	-0.068	-0.076	-0.053	-0.001	-0.001	0.029
0.188	-0.068	-0.075	0.000	-0.11	1.09	10.03	0.21	0.02	0.04	0	-0.068	-0.076	-0.058	-0.000	-0.001	0.033
0.203	-0.068	-0.076	0.000	-0.07	1.09	10.02	0.26	0.10	-0.12	0	-0.068	-0.076	-0.062	-0.000	-0.001	0.038
0.212	-0.068	-0.076	0.000	-0.08	1.11	10.01	-0.14	0.05	-0.08	0	-0.068	-0.076	-0.066	-0.000	-0.001	0.043
0.221	-0.068	-0.077	0.000	-0.04	1.12	10.00	0.24	-0.13	0.18	0	-0.068	-0.076	-0.071	-0.000	-0.001	0.048
0.231	-0.067	-0.076	0.000	-0.06	1.05	9.99	0.14	-0.01	-0.07	0	-0.068	-0.076	-0.075	-0.000	-0.001	0.054
0.242	-0.067	-0.074	0.000	-0.17	1.04	9.97	0.15	-0.34	0.11	0	-0.068	-0.076	-0.079	-0.000	-0.000	0.060
0.254	-0.068	-0.077	0.000	-0.04	1.11	9.97	-0.08	0.05	0.02	0	-0.068	-0.076	-0.083	-0.000	-0.001	0.066
0.263	-0.068	-0.076	0.000	-0.06	1.11	9.96	0.00	-0.29	-0.13	0	-0.068	-0.076	-0.087	-0.000	-0.001	0.073
0.272	-0.068	-0.077	0.000	-0.05	1.12	9.95	0.14	-0.08	0.00	0	-0.068	-0.076	-0.091	-0.000	-0.001	0.080
0.281	-0.069	-0.075	0.000	-0.14	1.14	9.93	0.10	-0.06	0.14	0	-0.068	-0.076	-0.096	-0.000	-0.000	0.087
0.291	-0.068	-0.077	0.000	-0.07	1.14	9.93	0.08	-0.08	-0.22	0	-0.068	-0.076	-0.100	-0.000	-0.001	0.095
0.303	-0.068	-0.077	0.000	-0.05	1.13	9.92	0.27	-0.20	0.19	0	-0.068	-0.076	-0.104	-0.000	-0.001	0.103
0.313	-0.068	-0.077	0.000	-0.06	1.14	9.91	-0.01	-0.21	0.10	0	-0.068	-0.076	-0.108	-0.000	-0.001	0.111
0.324	-0.067	-0.076	0.000	-0.09	1.07	9.90	-0.01	0.18	0.14	0	-0.068	-0.076	-0.111	-0.000	-0.001	0.119
0.331	-0.068	-0.076	0.000	-0.08	1.11	9.89	0.23	-0.02	-0.25	0	-0.068	-0.076	-0.115	-0.000	-0.001	0.128
0.340	-0.069	-0.076	0.000	-0.08	1.15	9.88	0.09	0.03	-0.04	0	-0.068	-0.076	-0.119	-0.000	-0.001	0.137
0.350	-0.068	-0.077	0.000	-0.05	1.12	9.87	0.16	-0.22	-0.07	0	-0.068	-0.076	-0.123	-0.000	-0.001	0.147
0.363	-0.068	-0.076	0.000	-0.09	1.11	9.86	0.04	-0.10	0.04	0	-0.068	-0.076	-0.127	-0.000	-0.001	0.156
0.373	-0.069	-0.075	0.000	-0.12	1.14	9.84	0.11	-0.15	0.06	0	-0.068	-0.076	-0.130	-0.001	-0.001	0.166
0.382	-0.068	-0.077	0.000	-0.05	1.11	9.84	0.12	0.13	-0.07	0	-0.068	-0.076	-0.134	-0.001	-0.001	0.176
0.389	-0.068	-0.076	0.000	-0.09	1.11	9.83	0.05	-0.21	0.01	0	-0.068	-0.076	-0.138	-0.000	-0.001	0.187
0.404	-0.068	-0.077	0.000	-0.06	1.09	9.83	0.11	-0.28	0.16	0	-0.068	-0.076	-0.141	-0.000	-0.001	0.197
0.414	-0.067	-0.077	0.000	-0.07	1.06	9.82	0.15	-0.03	0.06	0	-0.068	-0.076	-0.145	-0.000	-0.001	0.208
0.424	-0.068	-0.077	0.000	-0.06	1.11	9.81	0.18	-0.07	0.08	0	-0.068	-0.076	-0.148	-0.000	-0.001	0.220
0.432	-0.068	-0.077	0.000	-0.06	1.12	9.79	0.04	-0.02	0.09	0	-0.068	-0.077	-0.152	-0.000	-0.001	0.231
0.442	-0.069	-0.076	0.000	-0.10	1.14	9.78	-0.17	0.04	0.14	0	-0.068	-0.076	-0.155	-0.000	-0.001	0.243
0.450	-0.067	-0.075	0.000	-0.13	1.05	9.78	-0.05	-0.10	-0.00	0	-0.068	-0.076	-0.158	-0.000	-0.001	0.255
0.464	-0.069	-0.077	0.000	-0.05	1.14	9.76	-0.00	-0.01	0.14	0	-0.068	-0.076	-0.162	-0.000	-0.001	0.267
0.476	-0.068	-0.077	0.000	-0.05	1.13	9.76	0.10	-0.02	0.11	0	-0.068	-0.077	-0.165	-0.000	-0.001	0.280
0.484	-0.067	-0.077	0.000	-0.05	1.08	9.75	-0.10	-0.14	0.22	0	-0.068	-0.077	-0.168	-0.000	-0.001	0.292
0.490	-0.068	-0.077	0.000	-0.05	1.11	9.74	0.12	0.06	-0.08	0	-0.068	-0.077	-0.171	-0.000	-0.001	0.305
0.500	-0.067	-0.073	0.000	-0.21	1.06	9.72	-0.11	0.00	0.09	0	-0.068	-0.076	-0.174	-0.000	-0.001	0.319
0.513	-0.069	-0.075	0.000	-0.12	1.14	9.71	0.13	-0.01	-0.13	0	-0.068	-0.076	-0.177	-0.000	-0.000	0.332
0.524	-0.068	-0.077	0.000	-0.06	1.11	9.71	0.01	-0.11	0.30	0	-0.068	-0.076	-0.180	-0.000	-0.001	0.346
0.533	-0.068	-0.076	0.000	-0.10	1.10	9.70	0.23	0.11	0.11	0	-0.068	-0.076	-0.183	-0.000	-0.000	0.360
0.547	-0.069	-0.076	0.000	-0.08	1.14	9.69	-0.00	-0.12	0.07	0	-0.068	-0.076	-0.186	-0.000	-0.000	0.374
0.549	-0.068	-0.076	0.000	-0.07	1.10	9.68	0.19	-0.05	-0.07	0	-0.068	-0.076	-0.189	-0.000	-0.001	0.388
0.563	-0.069	-0.076	0.000	-0.08	1.14	9.67	0.08	0.08	0.16	0	-0.068	-0.076	-0.192	-0.000	-0.001	0.403
0.571	-0.068	-0.076	0.000	-0.07	1.11	9.66	0.11	-0.02	-0.10	0	-0.068	-0.076	-0.195	-0.000	-0.001	0.417
0.582	-0.068	-0.076	0.000	-0.07	1.09	9.65	0.22	0.19	0.11	0	-0.068	-0.076	-0.198	-0.000	-0.001	0.432
0.590	-0.069	-0.076	0.000	-0.07	1.13	9.64	0.24	-0.18	-0.13	0	-0.068	-0.076	-0.200	-0.000	-0.001	0.448
0.600	-0.069	-0.076	0.000	-0.08	1.13	9.63	-0.14	-0.20	0.05	0	-0.068	-0.076	-0.203	-0.000	-0.001	0.463
0.614	-0.069	-0.076	0.000	-0.07	1.12	9.62	0.09	-0.18	-0.16	0	-0.068	-0.076	-0.206	-0.000	-0.001	0.479
0.622	-0.068	-0.077	0.000	-0.05	1.09	9.61	0.11	-0.02	-0.12	0	-0.068	-0.076	-0.208	-0.000	-0.001	0.495
0.633	-0.067	-0.076	0.000	-0.10	1.05	9.60	0.09	-0.15	0.01	0	-0.068	-0.076	-0.211	-0.000	-0.001	0.511
0.646	-0.068	-0.076	0.000	-0.07	1.10	9.59	0.11	0.06	-0.22	0	-0.068	-0.076	-0.214	-0.000	-0.001	0.527
0.653	-0.068	-0.076	0.000	-0.08	1.10	9.58	-0.01	0.09	0.07	0	-0.068	-0.076	-0.216	-0.000	-0.001	0.543
0.663	-0.068	-0.076	0.000	-0.08	1.10	9.57	-0.07	-0.30	-0.05	0	-0.068	-0.076	-0.219	-0.000	-0.001	0.560
0.672	-0.068	-0.077	0.000	-0.05	1.09	9.57	0.18	-0.02	0.05	0	-0.068	-0.076	-0.221	-0.000	-0.001	0.576
0.682	-0.069	-0.076	0.000	-0.10	1.14	9.55	0.03	-0.20	-0.07	0	-0.068	-0.076	-0.223	-0.000	-0.001	0.593
0.684	-0.068	-0.076	0.000	-0.07	1.11	9.54	0.32	-0.09	-0.09	0	-0.068	-0.076	-0.226	-0.000	-0.001	0.611
0.703	-0.068	-0.077	0.000	-0.04	1.10	9.54	0.12	-0.11	-0.20	0	-0.068	-0.076	-0.228	-0.000	-0.001	0.628
0.713	-0.068	-0.077	0.000	-0.04	1.10	9.52	0.12	-0.07	0.30	0	-0.068	-0.076	-0.230	-0.000	-0.001	0.645
0.722	-0.070	-0.075	0.000	-0.14	1.18	9.50	0.27	-0.15	-0.08	0	-0.068	-0.076	-0.233	-0.000	-0.001	0.663
0.733	-0.068	-0.077	0.000	-0.04	1.12	9.50	0.16	-0.03	0.06	0	-0.068	-0.076	-0.235	-0.000	-0.001	0.681
0.742	-0.068	-0.076	0.000	-0.06	1.11	9.49	0.04	-0.03	-0.12	0	-0.068	-0.076	-0.237	-0.000	-0.001	0.699
0.749	-0.068	-0.075	0.000	-0.13	1.09	9.48	0.23	-0.26	-0.05	0	-0.068	-0.076	-0.239	-0.000	-0.000	0.717
0.763	-0.068	-0.077	0.000	-0.03	1.11	9.48	0.01	0.10	0.02	0	-0.068	-0.076	-0.241	-0.000	-0.001	0.735
0.769	-0.067	-0.073	0.000	-0.18	1.04	9.46	0.17	-0.20	-0.07	0	-0.068	-0.076	-0.243	-0.000	-0.000	0.754
0.782	-0.068	-0.076	0.000	-0.07	1.09	9.46	-0.03	-0.25	-0.09	0	-0.068	-0.076	-0.245	-0.000	-0.000	0.772
0.792	-0.068	-0.076	0.000	-0.06	1.10	9.45	0.13	-0.14	0.05	0	-0.068	-0.076	-0.248	-0.000	-0.000	0.791
0.800	-0.068	-0.077	0.000	-0.03	1.10	9.44	0.00	0.07	0.25	0	-0.068	-0.076	-0.249	-0.000	-0.000	0.810
0.809	-0.067	-0.076	0.000	-0.08	1.06	9.43	-0.02	-0.08	-0.13	0	-0.068	-0.076	-0.251	-0.000	-0.000	0.829
0.823	-0.068	-0.077	0.000	-0.03	1.13	9.42	0.09	0.07	-0.08	0	-0.068	-0.076	-0.253	-0.000	-0.000	0.848
0.833	-0.068	-0.077	0.000	-0.03	1.12	9.41	0.07	0.17	0.12	0	-0.068	-0.076	-0.255	-0.000	-0.001	0.868
0.847	-0.068	-0.077	0.000	-0.03	1.11	9.40	0.03	-0.28	-0.20	0	-0.068	-0.076	-0.257	-0.000	-0.001	0.887
0.850	-0.069	-0.077	0.000	-0.04	1.16	9.39	0.08	-0.16	-0.06	0	-0.068	-0.076	-0.259	-0.000	-0.001	0.907
0.859	-0.068	-0.076	0.000	-0.08	1.12	9.38	-0.09	-0.18	-0.11	0	-0.068	-0.076	-0.261	-0.000	-0.001	0.927
0.869	-0.069	-0.076	0.000	-0.08	1.14	9.37	0.06	0.11	0.01	0	-0.068	-0.076	-0.263	-0.000	-0.001	0.947
0.883	-0.067	-0.077	0.000	-0.03	1.08	9.36	0.18	0.08	-0.00	0	-0.068	-0.076	-0.264	-0.000	-0.001	0.967
0.891	-0.068	-0.077	0.000	-0.03	1.10	9.35	-0.08	-0.08	-0.08	0	-0.068	-0.076	-0.266	-0.000	-0.001	0.987
0.900	-0.069	-0.076	0.000	-0.07	1.14	9.34	-0.01	0.12	0.10	0	-0.068	-0.076	-0.268	-0.000	-0.001	1.007
0.909	-0.068	-0.077	0.000	-0.02	1.12	9.33	-0.20	0.01	-0.11	0	-0.068	-0.076	-0.269	-0.000	-0.001	1.028
0.919	-0.068	-0.077	0.000	-0.03	1.13	9.32	0.02	0.05	0.19	0	-0.068	-0.076	-0.271	-0.000	-0.001	1.048
0.935	-0.068	-0.076	0.000	-0.05	1.10	9.31	0.09	-0.13	0.07	0	-0.068	-0.076	-0.273	-0.000	-0.001	1.069
0.942	-0.069	-0.076	0.000	-0.08	1.14	9.30	-0.23	-0.09	-0.01	0	-0.068	-0.076	-0.274	-0.000	-0.001	1.090
0.958	-0.068	-0.076	0.000	-0.04	1.11	9.30	0.22	-0.17	-0.09	0	-0.068	-0.076	-0.276	-0.000	-0.001	1.111
0.966	-0.068	-0.076	0.000	-0.05	1.11	9.29	0.02	-0.01	-0.19	0	-0.068	-0.076	-0.277	-0.000	-0.001	1.132
0.974	-0.068	-0.076	0.000	-0.05	1.12	9.28	0.28	0.06	0.16	0	-0.068	-0.076	-0.279	-0.000	-0.001	1.153
0.983	-0.068	-0.076	0.000	-0.05	1.09	9.27	0.04	0.10	-0.17	0	-0.068	-0.076	-0.280	-0.000	-0.001	1.174
0.993	-0.069	-0.076	0.000	-0.05	1.13	9.26	0.11	-0.15	0.12	0	-0.068	-0.076	-0.281	-0.000	-0.001	1.195
1.002	-0.068	-0.077	0.000	-0.02	1.12	9.25	0.07	-0.10	-0.01	0	-0.068	-0.076	-0.283	-0.000	-0.001	1.217
1.010	-0.068	-0.076	0.000	-0.05	1.10	9.24	0.01	0.04	-0.11	0	-0.068	-0.076	-0.284	-0.000	-0.001	1.238
1.019	-0.068	-0.077	0.000	-0.03	1.10	9.23	-0.04	-0.04	0.15	0	-0.068	-0.076	-0.286	-0.000	-0.001	1.260
1.032	-0.067	-0.075	0.000	-0.08	1.05	9.22	0.21	-0.19	-0.01	0	-0.068	-0.076	-0.287	0.000	-0.001	1.282
1.042	-0.068	-0.076	0.000	-0.04	1.11	9.21	0.19	0.04	-0.07	0	-0.068	-0.076	-0.288	0.000	-0.001	1.304
1.051	-0.068	-0.076	0.000	-0.04	1.10	9.20	0.33	0.06	0.07	0	-0.068	-0.076	-0.289	0.000	-0.001	1.326
1.065	-0.067	-0.077	0.000	-0.01	1.08	9.19	-0.03	-0.01	-0.17	0	-0.068	-0.076	-0.291	0.000	-0.001	1.348
1.071	-0.067	-0.075	0.000	-0.08	1.06	9.18	0.03	0.22	0.16	0	-0.068	-0.076	-0.292	0.000	-0.001	1.370
1.077	-0.068	-0.076	0.000	-0.05	1.09	9.17	0.33	0.09	-0.11	0	-0.068	-0.076	-0.293	0.000	-0.001	1.392
1.092	-0.069	-0.076	0.000	-0.05	1.14	9.16	0.13	-0.16	-0.01	0	-0.068	-0.076	-0.294	0.000	-0.001	1.414
1.102	-0.067	-0.076	0.000	-0.05	1.06	9.15	0.08	-0.05	0.01	0	-0.068	-0.076	-0.295	0.000	-0.001	1.437
1.114	-0.069	-0.077	0.000	-0.03	1.13	9.14	0.09	0.00	0.26	0	-0.068	-0.076	-0.296	0.000	-0.001	1.459
1.114	-0.069	-0.076	0.000	-0.06	1.13	9.13	0.08	0.05	0.09	0	-0.068	-0.076	-0.298	0.000	-0.001	1.482
1.133	-0.068	-0.076	0.000	-0.03	1.09	9.13	0.05	-0.17	-0.08	0	-0.068	-0.076	-0.299	0.000	-0.001	1.505
1.142	-0.068	-0.075	0.000	-0.09	1.10	9.11	0.09	-0.08	-0.08	0	-0.068	-0.076	-0.300	0.000	-0.001	1.527
1.150	-0.068	-0.076	0.000	-0.05	1.10	9.11	0.31	0.06	0.19	0	-0.068	-0.076	-0.301	0.000	-0.001	1.550
1.162	-0.068	-0.073	0.000	-0.14	1.06	9.09	0.10	0.02	0.04	0	-0.068	-0.076	-0.302	0.000	-0.000	1.573
1.173	-0.068	-0.075	0.000	-0.08	1.10	9.09	0.22	0.04	0.15	0	-0.068	-0.075	-0.303	0.000	-0.000	1.596
1.181	-0.069	-0.077	0.000	-0.01	1.13	9.08	0.08	-0.14	0.06	0	-0.068	-0.076	-0.304	0.000	-0.000	1.619
1.191	-0.068	-0.077	0.000	0.00	1.11	9.08	0.02	-0.09	-0.12	0	-0.068	-0.076	-0.304	0.000	-0.001	1.642
1.198	-0.067	-0.077	0.000	0.01	1.05	9.07	0.00	-0.19	-0.10	0	-0.068	-0.076	-0.305	0.000	-0.001	1.665
1.209	-0.069	-0.076	0.000	-0.06	1.14	9.05	-0.07	-0.18	-0.07	0	-0.068	-0.076	-0.306	0.000	-0.001	1.688
1.222	-0.068	-0.076	0.000	-0.03	1.10	9.05	0.05	-0.21	-0.03	0	-0.068	-0.076	-0.307	0.000	-0.001	1.712
1.231	-0.068	-0.077	0.000	-0.00	1.09	9.04	0.21	-0.07	-0.27	0	-0.068	-0.076	-0.308	0.000	-0.001	1.735
1.242	-0.069	-0.076	0.000	-0.05	1.13	9.02	0.10	-0.17	0.02	0	-0.068	-0.076	-0.309	0.000	-0.001	1.759
1.242	-0.069	-0.076	0.000	-0.03	1.14	9.02	-0.03	0.08	0.02	0	-0.068	-0.076	-0.309	0.000	-0.001	1.782
1.263	-0.069	-0.076	0.000	-0.05	1.13	9.00	0.01	0.02	-0.00	0	-0.068	-0.076	-0.310	0.000	-0.001	1.806
1.271	-0.068	-0.076	0.000	-0.04	1.11	9.00	0.14	-0.07	-0.05	0	-0.068	-0.076	-0.311	0.000	-0.001	1.829
1.276	-0.069	-0.074	0.000	-0.11	1.10	8.98	0.10	-0.17	0.11	0	-0.069	-0.076	-0.312	0.000	-0.001	1.853
1.291	-0.071	-0.073	0.000	-0.16	1.18	8.97	0.08	-0.03	0.16	0	-0.069	-0.075	-0.312	0.000	-0.001	1.877
1.301	-0.070	-0.072	0.000	-0.22	1.15	8.95	0.14	-0.09	-0.15	0	-0.069	-0.075	-0.313	-0.000	-0.000	1.900
1.309	-0.070	-0.072	0.000	-0.17	1.13	8.95	-0.26	-0.13	-0.02	0	-0.069	-0.075	-0.314	-0.000	-0.000	1.924
1.319	-0.068	-0.078	0.000	0.07	1.09	8.96	-0.11	-0.15	0.13	0	-0.069	-0.075	-0.314	0.000	-0.000	1.948
1.333	-0.068	-0.078	0.000	0.07	1.09	8.95	-0.03	-0.18	-0.04	0	-0.069	-0.075	-0.315	0.000	-0.001	1.972
1.342	-0.069	-0.077	0.000	0.03	1.12	8.94	0.01	0.11	-0.04	0	-0.069	-0.076	-0.315	0.000	-0.001	1.996
1.351	-0.068	-0.077	0.000	0.02	1.10	8.93	0.36	-0.07	-0.15	0	-0.069	-0.076	-0.316	0.000	-0.001	2.020
1.360	-0.069	-0.076	0.000	-0.03	1.12	8.91	0.06	-0.31	0.14	0	-0.069	-0.076	-0.317	0.000	-0.001	2.044
1.369	-0.068	-0.077	0.000	0.03	1.07	8.91	0.15	-0.15	-0.07	0	-0.069	-0.076	-0.317	0.000	-0.001	2.068
1.376	-0.069	-0.077	0.000	0.02	1.12	8.90	0.03	-0.15	-0.01	0	-0.069	-0.076	-0.318	0.000	-0.001	2.092
1.387	-0.068	-0.076	0.000	-0.02	1.09	8.89	0.12	-0.16	0.08	0	-0.069	-0.076	-0.318	0.000	-0.001	2.116
1.401	-0.069	-0.077	0.000	0.01	1.13	8.88	0.07	-0.06	-0.17	0	-0.069	-0.076	-0.319	0.000	-0.001	2.140
1.411	-0.068	-0.077	0.000	0.02	1.09	8.87	-0.07	-0.17	0.03	0	-0.069	-0.076	-0.319	0.000	-0.001	2.165
1.418	-0.067	-0.076	0.000	-0.02	1.06	8.86	0.10	0.16	0.06	0	-0.069	-0.076	-0.320	0.000	-0.001	2.189
1.428	-0.069	-0.076	0.000	-0.03	1.12	8.85	0.17	-0.04	0.08	0	-0.069	-0.076	-0.320	0.000	-0.001	2.213
1.436	-0.068	-0.077	0.000	-0.01	1.10	8.84	0.09	-0.07	0.07	0	-0.069	-0.076	-0.320	0.000	-0.001	2.237
1.452	-0.068	-0.077	0.000	-0.00	1.11	8.84	0.02	-0.02	0.15	0	-0.069	-0.076	-0.321	0.000	-0.001	2.262
1.462	-0.068	-0.078	0.000	0.02	1.11	8.83	-0.08	-0.02	0.01	0	-0.069	-0.077	-0.321	0.000	-0.001	2.286
1.472	-0.068	-0.077	0.000	0.01	1.09	8.82	-0.03	0.05	-0.10	0	-0.068	-0.077	-0.322	0.000	-0.001	2.311
1.477	-0.069	-0.076	0.000	-0.04	1.10	8.80	0.13	0.12	-0.00	0	-0.069	-0.077	-0.322	0.001	-0.001	2.335
1.492	-0.068	-0.077	0.000	-0.00	1.09	8.80	-0.02	0.03	-0.09	0	-0.068	-0.077	-0.322	0.001	-0.001	2.359
1.501	-0.068	-0.077	0.000	-0.00	1.09	8.79	0.03	-0.01	0.17	0	-0.068	-0.077	-0.323	0.001	-0.001	2.384
1.510	-0.068	-0.075	0.000	-0.08	1.06	8.77	0.12	-0.21	0.01	0	-0.068	-0.077	-0.323	0.001	-0.001	2.408
1.520	-0.069	-0.076	0.000	-0.05	1.11	8.77	-0.20	-0.22	-0.08	0	-0.068	-0.077	-0.323	0.001	-0.001	2.433
1.528	-0.069	-0.076	0.000	-0.05	1.11	8.76	-0.00	0.05	0.10	0	-0.068	-0.076	-0.323	0.001	-0.001	2.457
1.542	-0.067	-0.077	0.000	-0.01	1.06	8.75	0.24	-0.15	-0.16	0	-0.068	-0.077	-0.324	0.001	-0.001	2.482
1.552	-0.068	-0.076	0.000	-0.04	1.09	8.74	0.13	0.07	0.06	0	-0.068	-0.076	-0.324	0.001	-0.001	2.507
1.563	-0.068	-0.076	0.000	-0.04	1.08	8.73	0.12	-0.38	0.02	0	-0.068	-0.076	-0.324	0.001	-0.001	2.531
1.571	-0.068	-0.077	0.000	-0.03	1.09	8.73	0.23	0.08	-0.11	0	-0.068	-0.076	-0.324	0.001	-0.001	2.556
1.582	-0.069	-0.078	0.000	0.03	1.14	8.72	-0.02	0.06	0.13	0	-0.068	-0.077	-0.324	0.001	-0.001	2.580
1.592	-0.068	-0.076	0.000	-0.04	1.08	8.71	0.17	0.29	-0.11	0	-0.068	-0.077	-0.325	0.001	-0.001	2.605
1.599	-0.069	-0.076	0.000	-0.05	1.13	8.70	0.35	-0.01	-0.12	0	-0.068	-0.077	-0.325	0.001	-0.001	2.630
1.612	-0.069	-0.076	0.000	-0.05	1.12	8.69	0.02	-0.17	-0.07	0	-0.068	-0.076	-0.325	0.001	-0.001	2.654
1.618	-0.068	-0.076	0.000	-0.04	1.08	8.68	-0.02	-0.24	0.21	0	-0.068	-0.076	-0.325	0.001	-0.001	2.679
1.631	-0.068	-0.077	0.000	-0.01	1.09	8.67	0.10	0.13	-0.03	0	-0.068	-0.076	-0.325	0.001	-0.001	2.704
1.642	-0.069	-0.078	0.000	0.04	1.13	8.67	-0.05	-0.01	0.04	0	-0.068	-0.077	-0.325	0.001	-0.001	2.728
1.654	-0.068	-0.077	0.000	-0.01	1.10	8.65	0.05	-0.21	-0.13	0	-0.068	-0.077	-0.325	0.001	-0.001	2.753
1.662	-0.068	-0.077	0.000	-0.01	1.10	8.64	0.11	-0.12	0.01	0	-0.068	-0.077	-0.325	0.001	-0.002	2.778
1.671	-0.069	-0.077	0.000	-0.02	1.13	8.64	0.08	-0.02	0.10	0	-0.068	-0.077	-0.325	0.001	-0.002	2.802
1.687	-0.069	-0.076	0.000	-0.04	1.14	8.63	-0.11	-0.11	-0.07	0	-0.069	-0.077	-0.326	0.001	-0.002	2.827
1.688	-0.069	-0.076	-0.000	-0.05	1.13	8.62	0.22	0.18	-0.06	0	-0.069	-0.077	-0.326	0.001	-0.001	2.852
1.702	-0.068	-0.076	-0.000	-0.05	1.09	8.61	-0.16	-0.04	0.09	0	-0.069	-0.077	-0.326	0.001	-0.001	2.876
1.709	-0.068	-0.077	-0.000	-0.01	1.09	8.60	0.20	0.02	-0.31	0	-0.069	-0.077	-0.326	0.001	-0.001	2.901
1.722	-0.067	-0.078	-0.000	0.04	1.08	8.60	0.29	0.06	0.11	0	-0.068	-0.077	-0.326	0.001	-0.002	2.926
1.732	-0.067	-0.078	-0.000	0.01	1.04	8.58	-0.01	-0.20	0.01	0	-0.068	-0.077	-0.326	0.001	-0.002	2.951
1.737	-0.068	-0.076	0.000	-0.04	1.09	8.57	0.12	-0.07	-0.10	0	-0.068	-0.077	-0.326	0.001	-0.002	2.975
1.744	-0.068	-0.076	0.000	-0.04	1.10	8.56	0.01	-0.22	0.16	0	-0.068	-0.077	-0.325	0.001	-0.002	3.000
1.763	-0.068	-0.077	0.000	-0.01	1.10	8.56	-0.05	-0.06	0.03	0	-0.068	-0.077	-0.325	0.001	-0.002	3.025
1.772	-0.068	-0.076	-0.000	-0.04	1.09	8.55	0.03	-0.03	0.01	0	-0.068	-0.077	-0.325	0.001	-0.002	3.049
1.785	-0.068	-0.077	-0.000	-0.03	1.09	8.54	0.02	0.02	-0.06	0	-0.068	-0.077	-0.325	0.001	-0.002	3.074
1.787	-0.068	-0.076	-0.000	-0.04	1.10	8.53	0.10	-0.16	0.03	0	-0.068	-0.077	-0.325	0.001	-0.002	3.099
1.801	-0.069	-0.076	-0.000	-0.05	1.11	8.52	0.00	0.12	-0.02	0	-0.068	-0.077	-0.325	0.001	-0.002	3.123
1.812	-0.068	-0.078	-0.000	0.03	1.09	8.52	0.04	0.12	-0.13	0	-0.068	-0.077	-0.325	0.001	-0.002	3.148
1.821	-0.069	-0.074	0.000	-0.15	1.13	8.49	0.07	-0.08	-0.29	0	-0.068	-0.076	-0.325	0.001	-0.001	3.173
1.829	-0.070	-0.074	0.000	-0.11	1.14	8.49	0.10	0.19	0.18	0	-0.069	-0.076	-0.325	0.001	-0.001	3.197
1.838	-0.069	-0.073	0.000	-0.16	1.12	8.48	-0.03	-0.01	0.04	0	-0.069	-0.076	-0.324	0.001	-0.001	3.222
1.852	-0.070	-0.075	0.000	-0.10	1.16	8.47	0.17	-0.33	-0.01	0	-0.069	-0.076	-0.324	0.001	-0.001	3.246
1.865	-0.071	-0.072	0.000	-0.19	1.17	8.45	0.08	-0.20	-0.17	0	-0.069	-0.075	-0.324	0.001	-0.001	3.271
1.874	0.000	-0.000	-0.000	0.00	0.00	0.00	0.08	-0.00	0.11	0	-0.061	-0.066	-0.324	0.005	0.004	3.296
1.882	0.000	-0.000	-0.271	0.00	0.00	0.00	0.25	-0.02	0.23	0	-0.053	-0.058	-0.369	0.009	0.008	3.303
1.887	0.000	-0.000	-0.336	-0.00	-0.02	0.00	0.05	-0.26	-0.09	0	-0.047	-0.050	-0.417	0.012	0.012	3.309
1.900	0.000	-0.000	0.000	-0.16	-0.10	0.00	0.16	-0.02	-0.05	0	-0.041	-0.044	-0.402	0.015	0.015	3.340
1.912	0.001	-0.000	0.000	-0.01	-0.13	0.00	0.23	-0.05	0.14	0	-0.035	-0.038	-0.390	0.018	0.018	3.369
1.921	0.000	-0.002	0.000	0.50	0.25	0.00	0.05	-0.06	-0.13	0	-0.031	-0.033	-0.379	0.020	0.020	3.398
1.931	0.000	-0.002	0.000	0.61	0.16	0.00	0.07	0.02	-0.12	0	-0.027	-0.029	-0.370	0.022	0.022	3.426
1.940	0.000	-0.002	0.000	0.54	0.14	0.00	0.18	-0.08	-0.05	0	-0.023	-0.025	-0.362	0.024	0.023	3.453
1.951	0.001	-0.002	0.000	0.40	0.01	-0.00	0.14	-0.24	-0.14	0	-0.020	-0.022	-0.355	0.025	0.025	3.480
1.962	0.000	-0.003	0.000	0.55	0.26	-0.00	0.16	-0.07	-0.05	0	-0.017	-0.019	-0.350	0.026	0.026	3.507
1.975	0.001	-0.003	0.000	0.55	0.26	-0.00	0.19	-0.28	0.12	0	-0.014	-0.016	-0.345	0.027	0.027	3.533
1.981	0.001	-0.003	0.000	0.31	0.29	-0.00	-0.07	-0.09	-0.18	0	-0.012	-0.014	-0.341	0.028	0.028	3.559
1.990	0.000	-0.003	0.000	0.23	0.43	0.00	0.38	0.06	0.03	0	-0.010	-0.012	-0.337	0.029	0.028	3.585
2.001	0.002	0.000	0.000	-1.10	0.03	0.00	0.17	-0.15	0.01	0	-0.008	-0.010	-0.334	0.030	0.029	3.610
2.011	0.002	0.000	0.000	-1.11	-0.01	0.00	0.04	0.12	-0.08	0	-0.006	-0.008	-0.332	0.030	0.030	3.635
2.021	0.002	-0.004	0.001	0.22	0.06	-0.00	0.08	-0.25	-0.01	0	-0.004	-0.007	-0.329	0.031	0.030	3.660
2.031	0.002	-0.004	0.000	0.36	0.03	-0.00	0.01	0.29	0.03	0	-0.003	-0.006	-0.328	0.031	0.030	3.685
2.040	0.002	-0.004	0.000	0.07	0.26	-0.00	0.05	0.08	-0.20	0	-0.002	-0.005	-0.326	0.031	0.030	3.710
2.048	0.003	-0.004	0.000	0.02	0.06	-0.00	0.24	-0.30	-0.20	0	-0.001	-0.004	-0.324	0.032	0.030	3.734
2.062	0.003	-0.003	0.000	-0.08	0.14	-0.00	0.06	-0.12	-0.11	0	0.000	-0.003	-0.323	0.032	0.030	3.759
2.075	0.003	-0.004	0.000	0.12	0.22	-0.00	0.12	-0.17	-0.05	0	0.001	-0.002	-0.322	0.032	0.030	3.783
2.083	0.001	-0.005	0.000	0.12	0.72	-0.00	0.22	-0.28	0.16	0	0.002	-0.002	-0.321	0.032	0.030	3.808
2.091	0.001	-0.005	0.000	0.06	0.70	-0.00	0.21	0.08	-0.06	0	0.003	-0.002	-0.320	0.032	0.029	3.832
2.100	0.003	-0.004	0.000	-0.17	0.37	-0.00	-0.10	-0.10	-0.04	0	0.003	-0.001	-0.319	0.032	0.029	3.856
2.111	0.003	-0.003	0.000	-0.38	0.43	0.00	0.11	-0.02	0.04	0	0.004	-0.001	-0.318	0.032	0.029	3.880
2.122	0.001	-0.003	0.000	-0.43	0.82	0.00	-0.01	0.06	-0.12	0	0.004	-0.000	-0.317	0.032	0.029	3.904
2.130	0.001	-0.002	0.000	-0.51	0.88	0.00	-0.05	-0.18	0.01	0	0.004	0.000	-0.316	0.031	0.029	3.928
2.139	0.003	-0.002	0.000	-0.46	0.54	0.00	0.01	-0.23	-0.26	0	0.005	0.001	-0.316	0.031	0.028	3.952
2.151	0.003	-0.005	0.000	-0.06	0.62	-0.00	-0.00	0.03	0.03	0	0.005	0.001	-0.315	0.031	0.028	3.976
2.161	0.003	-0.004	0.000	-0.17	0.62	-0.00	0.22	-0.08	-0.08	0	0.006	0.001	-0.314	0.031	0.028	4.000
2.171	-0.001	-0.005	0.000	-0.11	1.32	-0.00	0.18	0.05	-0.02	0	0.006	0.001	-0.314	0.030	0.027	4.024
2.183	-0.001	-0.005	0.000	-0.14	1.19	-0.00	0.18	0.14	-0.01	0	0.005	0.001	-0.313	0.030	0.027	4.048
2.191	-0.002	-0.005	0.000	-0.12	1.42	-0.01	0.00	-0.20	0.01	0	0.005	0.001	-0.313	0.029	0.026	4.072
2.200	-0.001	-0.006	0.000	-0.01	1.22	-0.01	0.08	-0.10	-0.07	0	0.005	0.001	-0.312	0.029	0.026	4.095
2.208	-0.003	-0.004	0.000	-0.30	1.40	-0.00	0.15	0.02	0.07	0	0.005	0.001	-0.311	0.028	0.025	4.119
2.220	-0.002	-0.006	0.000	-0.05	1.37	-0.01	0.02	-0.10	-0.14	0	0.005	0.001	-0.311	0.028	0.025	4.142
2.232	-0.002	-0.005	0.000	-0.23	1.28	-0.00	0.24	-0.06	0.13	0	0.004	0.001	-0.310	0.027	0.025	4.166
2.242	-0.002	-0.006	0.000	-0.09	1.26	-0.00	-0.03	-0.07	-0.06	0	0.004	0.001	-0.310	0.027	0.024	4.190
2.250	-0.000	-0.010	0.000	0.34	1.07	-0.01	0.03	-0.27	-0.20	0	0.004	0.000	-0.309	0.027	0.023	4.213
2.261	-0.000	-0.008	0.000	0.09	1.07	-0.01	0.18	-0.06	0.01	0	0.004	-0.000	-0.309	0.026	0.023	4.236
2.271	-0.000	-0.009	0.000	0.19	1.07	-0.01	0.22	-0.23	-0.05	0	0.004	-0.001	-0.308	0.026	0.022	4.260
2.283	-0.000	-0.009	0.000	0.13	1.07	-0.01	0.32	-0.11	-0.11	0	0.004	-0.001	-0.307	0.026	0.022	4.283
2.290	-0.001	-0.010	0.000	0.22	1.14	-0.01	-0.01	-0.11	0.02	0	0.004	-0.002	-0.307	0.025	0.021	4.306
2.301	-0.001	-0.008	0.000	-0.02	1.11	-0.01	0.11	-0.16	0.05	0	0.004	-0.002	-0.306	0.025	0.021	4.330
2.311	-0.000	-0.009	0.000	0.03	1.06	-0.01	0.14	0.00	-0.12	0	0.004	-0.002	-0.306	0.024	0.020	4.353
2.320	-0.000	-0.008	0.000	-0.05	1.03	-0.01	0.18	0.05	-0.12	0	0.004	-0.002	-0.305	0.024	0.020	4.376
2.329	-0.002	-0.008	0.000	-0.04	1.21	-0.01	0.05	0.20	0.01	0	0.004	-0.002	-0.305	0.024	0.019	4.399
2.342	-0.000	-0.010	0.000	0.07	1.05	-0.01	0.15	0.10	-0.11	0	0.004	-0.003	-0.304	0.023	0.019	4.422
2.351	-0.003	-0.008	0.000	-0.11	1.24	-0.00	0.19	0.08	-0.03	0	0.004	-0.003	-0.303	0.023	0.018	4.445
2.361	-0.000	-0.009	0.000	-0.06	1.04	-0.00	0.16	-0.12	0.21	0	0.004	-0.003	-0.303	0.023	0.018	4.468
2.370	-0.000	-0.010	0.000	0.03	1.04	-0.01	0.08	-0.10	-0.08	0	0.004	-0.003	-0.302	0.022	0.018	4.491
2.384	-0.000	-0.009	0.000	-0.06	1.04	-0.00	0.21	-0.03	-0.29	0	0.004	-0.003	-0.302	0.022	0.017	4.514
2.390	-0.002	-0.008	0.000	-0.17	1.14	-0.00	-0.06	-0.05	-0.10	0	0.004	-0.003	-0.301	0.022	0.017	4.537
2.397	-0.000	-0.007	0.000	-0.21	1.04	0.00	0.26	-0.03	0.06	0	0.004	-0.003	-0.300	0.021	0.016	4.560
2.410	-0.000	-0.009	0.000	-0.10	1.04	-0.00	-0.07	-0.07	0.10	0	0.004	-0.003	-0.300	0.021	0.016	4.583
2.419	-0.000	-0.009	0.000	-0.10	1.04	-0.00	0.01	-0.22	0.04	0	0.004	-0.004	-0.299	0.021	0.016	4.605
2.430	-0.002	-0.005	0.000	-0.41	1.17	0.01	0.03	-0.09	-0.23	0	0.004	-0.003	-0.299	0.020	0.016	4.628
2.439	-0.002	-0.004	0.000	-0.49	1.16	0.01	0.03	0.27	0.19	0	0.003	-0.003	-0.298	0.020	0.015	4.651
2.450	-0.001	-0.005	0.000	-0.40	1.10	0.01	0.23	-0.02	-0.04	0	0.003	-0.002	-0.297	0.020	0.015	4.673
2.460	-0.002	-0.006	0.000	-0.32	1.12	0.00	0.12	0.22	-0.08	0	0.003	-0.002	-0.297	0.019	0.015	4.696
2.471	-0.001	-0.004	0.000	-0.42	1.06	0.01	0.10	-0.11	0.14	0	0.003	-0.002	-0.296	0.019	0.015	4.718
2.485	-0.004	-0.005	0.000	-0.34	1.24	0.00	0.10	-0.21	-0.20	0	0.003	-0.002	-0.295	0.019	0.015	4.741
2.489	-0.004	-0.005	0.000	-0.35	1.23	0.00	0.26	-0.13	0.03	0	0.003	-0.002	-0.295	0.018	0.014	4.763
2.502	-0.001	-0.004	0.000	-0.38	1.06	0.01	0.00	-0.21	-0.05	0	0.003	-0.001	-0.294	0.018	0.014	4.785
2.508	-0.002	-0.005	0.000	-0.32	1.11	0.00	0.19	-0.12	-0.14	0	0.002	-0.001	-0.293	0.018	0.014	4.808
2.521	-0.001	-0.005	0.000	-0.31	1.06	0.00	0.29	0.03	-0.13	0	0.002	-0.001	-0.293	0.017	0.014	4.830
2.532	0.000	-0.006	0.000	-0.26	0.99	0.00	-0.03	0.10	-0.00	0	0.003	-0.001	-0.292	0.017	0.013	4.852
2.540	-0.001	-0.006	0.000	-0.26	1.07	-0.00	0.02	-0.01	-0.07	0	0.003	-0.001	-0.291	0.017	0.013	4.874
2.548	-0.003	-0.007	0.000	-0.18	1.19	-0.01	0.28	0.01	0.06	0	0.002	-0.002	-0.291	0.016	0.013	4.896
2.559	-0.001	-0.005	0.000	-0.29	1.08	0.00	0.04	-0.26	0.04	0	0.002	-0.001	-0.290	0.016	0.012	4.918
2.570	-0.002	-0.004	0.000	-0.34	1.13	0.00	-0.08	-0.28	0.21	0	0.002	-0.001	-0.289	0.016	0.012	4.940
2.581	-0.001	-0.005	0.000	-0.29	1.06	0.00	0.09	-0.05	0.18	0	0.002	-0.001	-0.289	0.016	0.012	4.962
2.592	-0.002	-0.006	0.000	-0.22	1.13	-0.00	0.23	-0.07	-0.04	0	0.002	-0.001	-0.288	0.015	0.012	4.984
2.600	-0.002	-0.006	0.000	-0.21	1.10	-0.00	-0.04	-0.05	0.21	0	0.002	-0.001	-0.287	0.015	0.011	5.006
2.611	-0.003	-0.006	0.000	-0.21	1.19	-0.00	0.31	-0.33	0.07	0	0.002	-0.002	-0.287	0.015	0.011	5.027
2.620	-0.002	-0.006	0.000	-0.21	1.11	-0.00	0.23	0.10	0.09	0	0.002	-0.002	-0.286	0.014	0.011	5.049
2.631	-0.001	-0.004	0.000	-0.33	1.07	0.00	-0.04	-0.19	-0.20	0	0.002	-0.001	-0.285	0.014	0.010	5.071
2.641	-0.001	-0.006	0.000	-0.21	1.07	-0.00	0.20	-0.18	0.03	0	0.002	-0.001	-0.285	0.014	0.010	5.092
2.648	-0.001	-0.002	0.000	-0.38	1.07	0.01	0.32	0.18	0.18	0	0.002	-0.001	-0.284	0.014	0.010	5.114
2.658	-0.003	-0.003	0.000	-0.31	1.14	0.00	0.12	-0.10	0.05	0	0.002	-0.001	-0.283	0.013	0.010	5.135
2.670	-0.001	-0.005	0.000	-0.21	1.07	0.00	0.18	-0.02	0.02	0	0.002	-0.001	-0.282	0.013	0.010	5.157
2.682	-0.002	-0.006	0.000	-0.18	1.09	-0.00	-0.06	-0.19	-0.06	0	0.002	-0.001	-0.282	0.013	0.009	5.178
2.693	-0.001	-0.005	0.000	-0.20	1.06	0.00	0.29	0.17	0.16	0	0.002	-0.001	-0.281	0.013	0.009	5.200
2.700	-0.001	-0.005	0.000	-0.21	1.06	0.00	0.20	-0.15	0.08	0	0.002	-0.001	-0.280	0.013	0.009	5.221
2.710	-0.002	-0.006	0.000	-0.16	1.10	0.00	-0.06	-0.18	0.05	0	0.002	-0.001	-0.279	0.012	0.008	5.242
2.719	-0.001	-0.006	0.000	-0.17	1.07	0.00	0.19	-0.22	-0.08	0	0.002	-0.002	-0.279	0.012	0.008	5.263
2.730	-0.001	-0.006	0.000	-0.14	1.07	-0.00	0.24	-0.18	-0.12	0	0.002	-0.002	-0.278	0.012	0.008	5.284
2.739	-0.001	-0.005	0.000	-0.19	1.07	0.00	0.11	-0.01	0.02	0	0.002	-0.002	-0.277	0.012	0.008	5.305
2.748	-0.001	-0.005	0.000	-0.17	1.07	-0.00	0.03	0.16	0.19	0	0.002	-0.002	-0.276	0.012	0.007	5.326
2.760	-0.002	-0.006	0.000	-0.14	1.08	-0.00	0.13	0.12	0.03	0	0.002	-0.002	-0.276	0.011	0.007	5.347
2.770	-0.001	-0.005	0.000	-0.20	1.07	0.00	0.16	-0.11	-0.08	0	0.002	-0.002	-0.275	0.011	0.007	5.368
2.780	-0.001	-0.004	0.000	-0.22	1.07	0.00	0.09	0.16	-0.02	0	0.002	-0.002	-0.274	0.011	0.007	5.389
2.792	-0.001	-0.004	0.000	-0.22	1.07	0.00	0.13	0.01	-0.15	0	0.001	-0.002	-0.273	0.011	0.006	5.410
2.799	-0.001	-0.006	0.000	-0.11	1.07	-0.00	0.15	-0.02	0.18	0	0.001	-0.002	-0.273	0.010	0.006	5.430
2.810	-0.001	-0.006	0.000	-0.11	1.07	-0.00	-0.01	-0.11	-0.11	0	0.001	-0.002	-0.272	0.010	0.006	5.451
2.819	-0.002	-0.004	0.000	-0.21	1.09	-0.00	0.20	0.01	-0.12	0	0.001	-0.002	-0.271	0.010	0.006	5.471
2.831	-0.002	-0.004	0.000	-0.21	1.12	-0.00	-0.00	0.05	0.23	0	0.001	-0.002	-0.270	0.010	0.006	5.492
2.839	-0.001	-0.005	0.000	-0.13	1.07	-0.00	0.25	-0.05	0.08	0	0.001	-0.002	-0.270	0.010	0.005	5.512
2.850	-0.001	-0.006	0.000	-0.09	1.06	-0.01	0.30	-0.06	-0.18	0	0.001	-0.002	-0.269	0.009	0.005	5.533
2.859	-0.003	-0.006	0.000	-0.11	1.15	-0.01	0.01	0.16	0.13	0	0.001	-0.002	-0.268	0.009	0.005	5.553
2.870	-0.003	-0.004	0.000	-0.17	1.13	-0.00	0.08	-0.23	0.02	0	0.001	-0.002	-0.267	0.009	0.005	5.573
2.881	-0.003	-0.005	0.000	-0.16	1.13	-0.00	-0.19	0.04	-0.01	0	0.001	-0.002	-0.267	0.009	0.004	5.594
2.893	-0.001	-0.006	0.000	-0.09	1.06	-0.00	0.14	0.01	0.03	0	0.001	-0.002	-0.266	0.009	0.004	5.614
2.901	-0.001	-0.005	0.000	-0.13	1.06	-0.00	-0.02	-0.09	0.17	0	0.001	-0.002	-0.265	0.008	0.004	5.634
2.910	-0.002	-0.004	0.000	-0.16	1.09	-0.00	0.10	-0.10	0.09	0	0.001	-0.002	-0.264	0.008	0.004	5.654
2.920	-0.003	-0.004	0.000	-0.17	1.16	-0.00	0.10	-0.14	-0.15	0	0.001	-0.002	-0.263	0.008	0.004	5.674
2.932	-0.001	-0.005	0.000	-0.12	1.05	-0.00	-0.07	0.17	0.23	0	0.001	-0.002	-0.263	0.008	0.003	5.694
2.940	-0.001	-0.005	0.000	-0.12	1.06	-0.00	0.15	0.03	-0.17	0	0.001	-0.002	-0.262	0.008	0.003	5.714
2.950	-0.001	-0.005	0.000	-0.12	1.06	-0.00	0.19	0.06	0.09	0	0.001	-0.002	-0.261	0.008	0.003	5.734
2.961	-0.003	-0.004	0.000	-0.14	1.12	-0.00	-0.10	-0.21	0.02	0	0.001	-0.002	-0.260	0.007	0.003	5.753
2.966	-0.001	-0.006	0.000	-0.06	1.07	-0.00	0.21	-0.15	0.07	0	0.001	-0.002	-0.259	0.007	0.002	5.773
2.982	-0.001	-0.006	0.000	-0.05	1.07	-0.00	0.06	-0.08	0.20	0	0.001	-0.002	-0.259	0.007	0.002	5.793
2.991	-0.001	-0.006	0.000	-0.06	1.06	-0.00	-0.03	0.02	-0.08	0	0.001	-0.003	-0.258	0.007	0.002	5.812
3.001	-0.001	-0.006	0.000	-0.07	1.06	-0.00	0.11	-0.01	0.10	0	0.001	-0.003	-0.257	0.007	0.002	5.832
3.010	-0.002	-0.006	0.000	-0.07	1.10	-0.00	0.11	-0.08	0.16	0	0.001	-0.003	-0.256	0.007	0.002	5.851
3.021	-0.002	-0.006	0.000	-0.07	1.10	-0.00	-0.06	-0.15	-0.09	0	0.001	-0.003	-0.255	0.006	0.001	5.871
3.031	-0.001	-0.006	0.000	-0.05	1.07	-0.00	-0.21	-0.20	-0.05	0	0.001	-0.003	-0.255	0.006	0.001	5.890
3.042	-0.001	-0.005	0.000	-0.09	1.08	-0.00	0.08	-0.10	-0.22	0	0.001	-0.003	-0.254	0.006	0.001	5.909
3.052	-0.002	-0.006	0.000	-0.05	1.09	-0.01	0.25	-0.01	0.01	0	0.001	-0.003	-0.253	0.006	0.001	5.928
3.059	-0.001	-0.006	0.000	-0.05	1.08	-0.01	0.12	-0.06	0.05	0	0.001	-0.003	-0.252	0.006	0.000	5.948
3.069	-0.002	-0.006	0.000	-0.05	1.09	-0.01	0.19	-0.13	-0.11	0	0.001	-0.003	-0.251	0.006	0.000	5.967
3.082	-0.001	-0.005	0.000	-0.11	1.07	-0.00	0.15	-0.25	0.13	0	0.001	-0.003	-0.251	0.006	0.000	5.986
3.092	-0.003	-0.004	0.000	-0.14	1.13	-0.00	0.10	-0.24	0.00	0	0.000	-0.003	-0.250	0.005	0.000	6.005
3.104	-0.003	-0.005	0.000	-0.08	1.15	-0.00	0.20	-0.32	0.09	0	0.000	-0.003	-0.249	0.005	-0.000	6.023
3.110	-0.001	-0.005	0.000	-0.08	1.08	-0.00	0.15	-0.08	0.08	0	0.000	-0.003	-0.248	0.005	-0.000	6.042
3.120	-0.001	-0.005	0.000	-0.08	1.08	-0.00	0.14	-0.16	0.04	0	0.000	-0.003	-0.247	0.005	-0.000	6.061
3.131	-0.001	-0.005	0.000	-0.10	1.08	-0.00	0.07	-0.12	0.06	0	0.000	-0.003	-0.247	0.005	-0.001	6.080
3.140	-0.003	-0.004	0.000	-0.13	1.14	-0.00	-0.07	-0.29	-0.10	0	0.000	-0.003	-0.246	0.005	-0.001	6.098
3.150	-0.001	-0.006	0.000	-0.06	1.08	-0.00	0.02	-0.09	-0.18	0	0.000	-0.003	-0.245	0.004	-0.001	6.117
3.161	-0.002	-0.006	0.000	-0.06	1.11	-0.01	-0.21	0.13	0.00	0	0.000	-0.003	-0.244	0.004	-0.001	6.136
3.171	-0.002	-0.004	0.000	-0.12	1.11	-0.00	0.07	0.16	0.01	0	0.000	-0.003	-0.243	0.004	-0.001	6.154
3.181	-0.003	-0.004	0.000	-0.11	1.14	-0.00	0.14	-0.02	0.04	0	-0.000	-0.003	-0.243	0.004	-0.001	6.172
3.192	-0.002	-0.006	0.000	-0.03	1.09	-0.01	-0.01	-0.10	0.03	0	-0.000	-0.003	-0.242	0.004	-0.001	6.191
3.202	-0.001	-0.004	0.000	-0.10	1.07	-0.01	0.15	-0.05	-0.11	0	-0.000	-0.003	-0.241	0.004	-0.001	6.209
3.210	-0.002	-0.006	0.000	-0.03	1.09	-0.01	0.17	-0.03	0.09	0	-0.000	-0.003	-0.240	0.004	-0.002	6.227
3.219	-0.003	-0.005	0.000	-0.06	1.14	-0.01	0.19	-0.06	0.16	0	-0.000	-0.003	-0.239	0.003	-0.002	6.245
3.226	-0.004	-0.000	0.000	-0.26	1.16	0.00	0.26	0.08	0.19	0	-0.001	-0.003	-0.238	0.003	-0.002	6.264
3.241	-0.004	0.000	0.000	-0.26	1.16	0.00	0.26	0.20	0.24	0	-0.001	-0.002	-0.238	0.003	-0.001	6.282
3.250	-0.005	-0.002	0.000	-0.15	1.19	-0.00	0.06	-0.01	0.08	0	-0.001	-0.002	-0.237	0.003	-0.001	6.300
3.259	-0.005	-0.003	0.000	-0.12	1.19	-0.00	0.15	-0.05	-0.01	0	-0.001	-0.002	-0.236	0.002	-0.002	6.317
3.270	-0.004	-0.001	0.000	-0.21	1.13	0.00	0.08	0.08	0.06	0	-0.001	-0.001	-0.235	0.002	-0.002	6.335
3.280	-0.004	-0.001	0.000	-0.19	1.14	0.00	0.09	-0.07	-0.03	0	-0.002	-0.001	-0.234	0.002	-0.002	6.353
3.291	-0.004	0.000	0.000	-0.22	1.13	0.00	-0.01	0.04	-0.00	0	-0.002	-0.001	-0.234	0.002	-0.001	6.371
3.303	-0.004	-0.000	0.000	-0.20	1.12	0.00	0.13	-0.06	-0.02	0	-0.002	-0.000	-0.233	0.002	-0.001	6.388
3.311	-0.003	-0.001	0.000	-0.16	1.09	0.00	-0.01	-0.01	0.05	0	-0.002	-0.000	-0.232	0.002	-0.001	6.406
3.318	-0.003	-0.000	0.000	-0.17	1.10	0.00	0.02	-0.08	-0.02	0	-0.002	-0.000	-0.231	0.002	-0.001	6.424
3.331	-0.004	-0.004	0.000	-0.03	1.15	-0.00	0.00	-0.03	0.07	0	-0.002	-0.000	-0.230	0.002	-0.002	6.441
3.340	-0.004	-0.001	0.000	-0.14	1.13	0.00	0.15	-0.18	-0.00	0	-0.002	-0.000	-0.229	0.001	-0.002	6.458
3.350	-0.003	-0.001	0.000	-0.15	1.07	0.00	0.18	0.01	0.12	0	-0.002	-0.000	-0.229	0.001	-0.002	6.476
3.360	-0.003	-0.000	0.000	-0.17	1.11	0.00	0.06	0.31	0.06	0	-0.002	0.000	-0.228	0.001	-0.002	6.493
3.369	-0.003	0.001	0.000	-0.19	1.10	0.00	0.08	-0.04	-0.05	0	-0.002	0.001	-0.227	0.001	-0.002	6.510
3.379	-0.003	-0.000	0.000	-0.15	1.10	0.00	0.07	0.04	-0.07	0	-0.002	0.001	-0.226	0.001	-0.002	6.527
3.392	-0.005	-0.004	0.000	0.01	1.14	-0.00	-0.21	-0.34	-0.05	0	-0.002	0.000	-0.225	0.001	-0.002	6.545
3.400	-0.005	-0.004	0.000	0.01	1.14	-0.00	-0.08	-0.11	0.08	0	-0.002	-0.000	-0.224	0.001	-0.003	6.562
3.410	-0.005	-0.005	0.000	0.06	1.14	-0.01	-0.13	0.02	0.22	0	-0.003	-0.000	-0.224	0.001	-0.003	6.579
3.420	-0.005	-0.005	0.000	0.06	1.14	-0.00	0.05	0.14	-0.32	0	-0.003	-0.001	-0.223	0.000	-0.003	6.595
3.430	-0.004	-0.005	0.000	0.03	1.12	-0.00	0.13	0.11	0.24	0	-0.003	-0.001	-0.222	0.000	-0.003	6.612
3.440	-0.005	-0.006	0.000	0.09	1.13	-0.00	0.10	-0.04	-0.03	0	-0.003	-0.002	-0.221	0.000	-0.004	6.629
3.450	-0.005	-0.005	0.000	0.04	1.13	-0.00	0.15	-0.19	-0.04	0	-0.003	-0.002	-0.220	0.000	-0.004	6.646
3.460	-0.005	-0.005	0.000	0.02	1.12	-0.00	0.36	-0.09	0.03	0	-0.003	-0.002	-0.220	-0.000	-0.004	6.662
3.471	-0.006	-0.005	0.000	0.02	1.16	-0.00	-0.05	0.02	-0.00	0	-0.003	-0.002	-0.219	-0.000	-0.004	6.679
3.480	-0.005	-0.005	0.000	0.04	1.12	-0.01	0.30	-0.16	0.19	0	-0.003	-0.002	-0.218	-0.000	-0.005	6.696
3.490	-0.004	-0.004	0.000	-0.01	1.08	-0.00	0.22	0.04	0.18	0	-0.003	-0.002	-0.217	-0.000	-0.005	6.712
3.500	-0.005	-0.005	0.000	0.03	1.12	-0.00	-0.19	0.08	0.01	0	-0.003	-0.003	-0.216	-0.000	-0.005	6.729
3.510	-0.004	-0.005	0.000	0.03	1.08	-0.00	-0.06	-0.11	-0.16	0	-0.003	-0.003	-0.216	-0.000	-0.005	6.745
3.522	-0.004	-0.005	0.000	0.02	1.10	-0.00	0.20	0.01	0.15	0	-0.003	-0.003	-0.215	-0.001	-0.005	6.761
3.530	-0.005	-0.006	-0.000	0.05	1.14	-0.00	0.04	0.14	-0.20	0	-0.004	-0.003	-0.214	-0.001	-0.005	6.777
3.540	-0.005	-0.005	-0.000	0.03	1.11	-0.00	0.14	-0.10	0.05	0	-0.004	-0.003	-0.213	-0.001	-0.005	6.794
3.549	-0.005	-0.005	-0.000	0.01	1.11	-0.00	0.10	0.02	-0.12	0	-0.004	-0.003	-0.212	-0.001	-0.006	6.810
3.561	-0.005	-0.006	-0.000	0.06	1.11	-0.00	0.01	-0.09	-0.12	0	-0.004	-0.003	-0.212	-0.001	-0.006	6.826
3.570	-0.005	-0.004	0.000	-0.01	1.10	-0.00	0.10	-0.26	0.04	0	-0.004	-0.003	-0.211	-0.001	-0.006	6.842
3.581	-0.005	-0.006	-0.000	0.06	1.12	-0.00	-0.00	-0.24	-0.01	0	-0.004	-0.004	-0.210	-0.001	-0.006	6.858
3.588	-0.005	-0.005	0.000	0.03	1.11	-0.00	-0.15	0.02	-0.05	0	-0.004	-0.004	-0.209	-0.001	-0.006	6.873
3.601	-0.004	-0.005	0.000	0.01	1.06	-0.00	0.12	-0.03	-0.04	0	-0.004	-0.004	-0.208	-0.001	-0.006	6.889
3.613	-0.004	-0.005	0.000	0.01	1.06	-0.00	0.08	0.02	-0.08	0	-0.004	-0.004	-0.207	-0.001	-0.006	6.905
3.620	-0.003	-0.007	-0.000	0.07	1.05	-0.00	0.12	-0.08	-0.14	0	-0.004	-0.004	-0.207	-0.001	-0.006	6.921
3.630	-0.006	-0.005	0.000	0.00	1.14	0.00	0.06	-0.14	0.04	0	-0.004	-0.004	-0.206	-0.001	-0.007	6.936
3.639	-0.004	-0.005	0.000	0.02	1.06	-0.00	0.01	-0.46	-0.11	0	-0.004	-0.004	-0.205	-0.001	-0.007	6.952
3.649	-0.005	-0.005	0.000	0.02	1.10	-0.00	0.29	-0.13	-0.20	0	-0.004	-0.004	-0.204	-0.001	-0.007	6.967
3.660	-0.005	-0.005	0.000	-0.00	1.10	-0.00	0.12	-0.08	0.08	0	-0.004	-0.004	-0.203	-0.001	-0.007	6.983
3.670	-0.004	-0.007	0.000	0.08	1.06	-0.00	0.10	-0.11	0.03	0	-0.004	-0.004	-0.203	-0.001	-0.007	6.998
3.680	-0.006	-0.006	0.000	0.05	1.13	-0.00	0.04	-0.30	0.06	0	-0.004	-0.005	-0.202	-0.001	-0.007	7.013
3.690	-0.004	-0.005	0.000	-0.01	1.06	-0.00	0.18	0.01	-0.09	0	-0.004	-0.005	-0.201	-0.001	-0.007	7.029
3.698	-0.005	-0.005	0.000	-0.01	1.10	-0.00	0.00	-0.30	-0.18	0	-0.004	-0.004	-0.200	-0.002	-0.007	7.044
3.713	-0.004	-0.006	0.000	0.01	1.05	-0.00	0.08	-0.29	0.01	0	-0.004	-0.005	-0.199	-0.002	-0.007	7.059
3.719	-0.005	-0.005	0.000	-0.02	1.10	-0.00	-0.04	0.20	-0.08	0	-0.004	-0.005	-0.199	-0.002	-0.007	7.074
3.730	-0.005	-0.004	0.000	-0.04	1.10	-0.00	0.23	-0.10	0.11	0	-0.004	-0.004	-0.198	-0.002	-0.007	7.089
3.740	-0.004	-0.005	0.000	-0.01	1.08	-0.00	0.08	0.02	0.05	0	-0.004	-0.004	-0.197	-0.002	-0.007	7.104
3.749	-0.005	-0.006	0.000	0.02	1.11	-0.00	0.03	0.19	0.03	0	-0.004	-0.004	-0.196	-0.002	-0.007	7.119
3.760	-0.005	-0.005	0.000	-0.03	1.11	-0.00	0.20	-0.11	-0.04	0	-0.004	-0.004	-0.195	-0.002	-0.007	7.134
3.770	-0.005	-0.006	0.000	0.02	1.10	-0.00	0.13	-0.07	-0.10	0	-0.004	-0.005	-0.195	-0.002	-0.008	7.149
3.780	-0.005	-0.004	0.000	-0.05	1.12	-0.00	0.27	0.12	0.08	0	-0.004	-0.004	-0.194	-0.002	-0.007	7.163
3.790	-0.004	-0.005	0.000	-0.02	1.07	-0.00	0.12	-0.44	-0.05	0	-0.004	-0.004	-0.193	-0.002	-0.008	7.178
3.799	-0.006	-0.004	0.000	-0.05	1.13	0.00	0.04	-0.11	-0.01	0	-0.004	-0.004	-0.192	-0.002	-0.008	7.193
3.808	-0.004	-0.005	0.000	-0.02	1.08	-0.00	-0.01	-0.11	-0.13	0	-0.004	-0.004	-0.191	-0.002	-0.008	7.207
3.821	-0.005	-0.005	0.000	-0.02	1.09	-0.00	-0.06	-0.18	-0.12	0	-0.004	-0.004	-0.191	-0.002	-0.008	7.222
3.831	-0.004	-0.005	0.000	-0.00	1.06	-0.00	-0.03	-0.14	-0.35	0	-0.004	-0.004	-0.190	-0.002	-0.008	7.236
3.841	-0.004	-0.005	0.000	0.00	1.06	-0.00	-0.07	-0.23	0.16	0	-0.004	-0.004	-0.189	-0.002	-0.008	7.250
3.849	-0.006	-0.005	0.000	-0.03	1.13	-0.00	0.09	-0.16	0.14	0	-0.004	-0.004	-0.188	-0.002	-0.008	7.265
3.860	-0.005	-0.005	0.000	-0.01	1.10	-0.00	0.19	0.09	0.14	0	-0.004	-0.004	-0.188	-0.002	-0.008	7.279
3.869	-0.004	-0.005	0.000	-0.01	1.09	-0.00	0.07	-0.32	-0.02	0	-0.004	-0.004	-0.187	-0.002	-0.008	7.293
3.880	-0.004	-0.004	0.000	-0.05	1.09	0.00	0.04	-0.17	0.26	0	-0.004	-0.004	-0.186	-0.002	-0.008	7.307
3.889	-0.003	-0.002	0.000	-0.15	1.04	0.00	0.10	0.22	0.16	0	-0.004	-0.004	-0.185	-0.002	-0.008	7.321
3.900	-0.003	-0.004	0.000	-0.05	1.04	0.00	-0.02	-0.17	-0.16	0	-0.004	-0.004	-0.184	-0.002	-0.008	7.335
3.908	-0.004	-0.005	0.000	-0.02	1.06	0.00	0.08	-0.27	-0.19	0	-0.004	-0.004	-0.184	-0.002	-0.008	7.349
3.922	-0.004	-0.006	0.000	0.04	1.08	-0.00	0.07	-0.17	-0.01	0	-0.004	-0.004	-0.183	-0.002	-0.008	7.363
3.929	-0.005	-0.005	0.000	-0.02	1.13	-0.00	0.03	-0.05	-0.05	0	-0.004	-0.004	-0.182	-0.002	-0.008	7.377
3.940	-0.004	-0.005	0.000	0.00	1.08	-0.00	-0.07	-0.11	-0.14	0	-0.004	-0.004	-0.181	-0.002	-0.008	7.391
3.950	-0.005	-0.006	0.000	0.05	1.12	-0.00	0.07	0.12	-0.06	0	-0.004	-0.004	-0.181	-0.002	-0.008	7.404
3.961	-0.005	-0.006	0.000	0.05	1.10	-0.00	0.01	0.19	0.02	0	-0.004	-0.005	-0.180	-0.002	-0.008	7.418
3.970	-0.005	-0.005	0.000	0.00	1.10	-0.00	0.28	-0.14	0.06	0	-0.004	-0.005	-0.179	-0.002	-0.008	7.431
3.981	-0.005	-0.006	0.000	0.03	1.10	-0.00	0.03	0.05	0.39	36003	-0.004	-0.005	-0.178	-0.003	-0.008	7.445
3.988	-0.005	-0.006	0.000	0.02	1.12	-0.00	0.48	-0.52	-0.25	36004	-0.004	-0.005	-0.177	-0.003	-0.009	7.458
3.999	-0.005	-0.004	0.000	-0.06	1.13	0.00	-0.08	-0.39	-0.22	35997	-0.004	-0.005	-0.175	-0.003	-0.009	7.472
4.009	-0.004	-0.006	0.000	0.01	1.07	-0.00	0.10	1.11	0.28	35980	-0.004	-0.005	-0.174	-0.003	-0.009	7.485
4.021	-0.004	-0.006	0.000	0.00	1.07	-0.00	-0.44	1.48	-0.09	35998	-0.004	-0.005	-0.171	-0.003	-0.009	7.498
4.029	-0.004	-0.005	0.000	-0.01	1.06	-0.00	-0.06	-0.94	-0.63	35997	-0.004	-0.005	-0.169	-0.003	-0.009	7.511
4.038	-0.004	-0.007	0.000	0.05	1.08	-0.01	-0.18	-0.33	0.46	35993	-0.004	-0.005	-0.167	-0.003	-0.009	7.523
4.050	-0.004	-0.006	0.000	-0.01	1.07	-0.01	-0.25	1.24	0.03	35990	-0.004	-0.005	-0.164	-0.003	-0.009	7.536
4.060	-0.004	-0.007	0.000	0.05	1.06	-0.01	0.29	-0.07	-0.12	35993	-0.004	-0.005	-0.161	-0.003	-0.009	7.548
4.071	-0.005	-0.005	0.000	-0.03	1.11	-0.00	-0.41	-0.51	-0.12	35980	-0.004	-0.005	-0.158	-0.003	-0.009	7.560
4.079	-0.005	-0.005	0.000	-0.03	1.07	0.00	0.20	-0.03	0.53	35970	-0.004	-0.005	-0.155	-0.003	-0.009	7.572
4.089	-0.005	-0.005	0.000	-0.06	1.09	0.00	-0.11	0.32	0.09	35951	-0.004	-0.005	-0.152	-0.003	-0.009	7.583
4.099	-0.005	-0.005	0.000	-0.03	1.09	0.00	-0.17	-0.00	-0.12	35953	-0.004	-0.005	-0.149	-0.003	-0.009	7.595
4.110	-0.003	-0.005	0.000	-0.03	1.01	-0.01	-0.26	-0.11	-0.59	35958	-0.004	-0.005	-0.146	-0.003	-0.009	7.606
4.119	-0.005	-0.002	0.000	-0.18	1.09	-0.00	0.64	0.00	-0.10	35967	-0.004	-0.005	-0.143	-0.003	-0.009	7.617
4.130	-0.005	-0.001	0.000	-0.22	1.05	-0.02	-0.65	-0.71	-2.53	35954	-0.004	-0.004	-0.140	-0.003	-0.009	7.627
4.138	-0.005	-0.001	0.000	-0.19	1.03	-0.05	1.91	1.63	-3.36	35931	-0.004	-0.004	-0.137	-0.003	-0.008	7.638
4.149	-0.006	-0.003	0.000	-0.10	1.10	-0.08	-0.24	-0.36	-2.31	35948	-0.004	-0.004	-0.134	-0.003	-0.008	7.648
4.160	-0.005	-0.001	0.000	-0.16	1.03	-0.09	3.18	2.01	-1.12	35924	-0.004	-0.003	-0.131	-0.004	-0.008	7.658
4.170	-0.005	-0.001	0.000	-0.15	0.99	-0.11	-1.59	-1.88	-2.83	35934	-0.004	-0.003	-0.128	-0.004	-0.008	7.667
4.178	-0.005	-0.005	0.000	0.04	0.99	-0.16	-0.11	0.00	-6.31	37953	-0.004	-0.003	-0.124	-0.004	-0.008	7.677
4.191	-0.005	-0.005	0.000	0.04	0.99	-0.24	0.90	1.64	-8.27	38005	-0.004	-0.003	-0.121	-0.004	-0.008	7.686
4.198	-0.005	-0.005	0.000	0.07	0.97	-0.34	3.97	2.08	-11.24	38029	-0.004	-0.003	-0.118	-0.004	-0.008	7.695
4.208	-0.006	-0.004	0.000	0.03	0.98	-0.45	-1.38	-0.80	-10.49	38033	-0.004	-0.003	-0.115	-0.004	-0.008	7.704
4.220	-0.006	-0.005	0.000	0.07	0.98	-0.54	-1.17	-1.71	-8.61	38093	-0.004	-0.004	-0.112	-0.004	-0.008	7.712
4.230	-0.005	-0.005	0.000	0.05	0.94	-0.64	-4.13	-1.34	-11.14	38143	-0.004	-0.004	-0.109	-0.004	-0.009	7.721
4.239	-0.004	-0.005	0.000	0.02	0.91	-0.76	-2.24	-2.38	-11.80	38156	-0.004	-0.004	-0.105	-0.004	-0.009	7.729
4.248	-0.004	-0.005	0.000	0.01	0.95	-0.88	-4.28	-4.46	-12.46	38200	-0.004	-0.004	-0.102	-0.004	-0.009	7.736
4.259	-0.004	-0.005	0.000	-0.03	0.99	-0.99	-3.33	-3.53	-10.15	38235	-0.003	-0.004	-0.099	-0.004	-0.009	7.744
4.271	-0.004	-0.005	0.000	-0.03	0.97	-1.08	6.21	3.91	-7.84	38269	-0.003	-0.004	-0.096	-0.004	-0.009	7.751
4.279	-0.002	-0.008	0.000	0.19	0.78	-1.16	10.57	7.93	-8.21	38299	-0.003	-0.005	-0.093	-0.004	-0.009	7.758
4.291	-0.002	-0.009	0.000	0.30	0.68	-1.25	9.29	9.36	-9.89	38263	-0.003	-0.005	-0.090	-0.004	-0.009	7.765
4.300	-0.001	-0.005	0.000	0.14	0.61	-1.34	-4.11	-3.27	-8.89	38281	-0.002	-0.005	-0.087	-0.004	-0.009	7.772
4.306	-0.002	-0.005	0.000	0.07	0.70	-1.44	-9.56	-3.93	-9.24	38308	-0.002	-0.005	-0.084	-0.004	-0.009	7.778
4.319	-0.002	-0.006	0.000	0.09	0.75	-1.53	-1.17	-7.38	-9.47	38351	-0.002	-0.005	-0.081	-0.004	-0.009	7.784
4.330	-0.001	-0.004	0.000	-0.04	0.74	-1.63	-2.36	-0.23	-10.89	38405	-0.001	-0.005	-0.078	-0.004	-0.009	7.790
4.340	-0.002	-0.005	0.000	-0.04	0.85	-1.75	-12.61	-9.49	-12.39	38472	-0.001	-0.005	-0.075	-0.004	-0.009	7.796
4.349	-0.001	-0.004	0.000	-0.26	0.91	-1.87	-18.79	-10.16	-13.08	38338	-0.001	-0.005	-0.072	-0.004	-0.009	7.801
4.359	-0.001	-0.004	0.000	-0.39	0.90	-2.00	-7.02	4.23	-12.60	38228	-0.001	-0.005	-0.069	-0.005	-0.009	7.807
4.370	-0.001	-0.004	0.000	-0.47	0.73	-2.12	-10.77	29.77	-11.11	38201	-0.000	-0.005	-0.066	-0.005	-0.009	7.812
4.380	-0.001	-0.004	0.000	-0.49	0.46	-2.22	14.22	11.79	-9.62	38267	-0.000	-0.004	-0.063	-0.005	-0.009	7.816
4.389	-0.001	-0.005	0.000	-0.28	0.30	-2.31	14.78	25.52	-7.70	38213	-0.000	-0.004	-0.060	-0.005	-0.009	7.821
4.400	-0.000	-0.005	0.001	-0.19	-0.11	-2.38	5.05	45.13	-6.50	40293	0.000	-0.004	-0.057	-0.005	-0.009	7.825
4.410	-0.002	-0.006	0.000	0.01	-0.44	-2.45	26.42	24.83	-7.03	40381	0.000	-0.005	-0.054	-0.005	-0.009	7.829
4.418	0.001	-0.004	0.001	0.25	-0.75	-2.51	32.32	16.94	-4.96	40427	0.000	-0.005	-0.051	-0.005	-0.009	7.833
4.434	-0.001	-0.004	0.001	0.49	-0.83	-2.54	15.40	10.68	-1.75	40442	0.000	-0.004	-0.048	-0.005	-0.009	7.837
4.439	0.001	-0.005	0.001	0.52	-0.90	-2.53	-7.25	-5.85	2.87	40600	0.001	-0.005	-0.045	-0.005	-0.009	7.840
4.450	0.001	-0.006	0.000	0.44	-0.82	-2.49	-18.48	-11.67	4.43	40686	0.001	-0.005	-0.042	-0.005	-0.009	7.844
4.460	0.001	-0.004	0.000	0.12	-0.67	-2.45	-30.71	-14.32	3.89	40747	0.001	-0.005	-0.039	-0.005	-0.009	7.847
4.468	0.003	-0.005	0.000	-0.19	-0.61	-2.40	-36.44	-10.75	5.24	40760	0.002	-0.005	-0.036	-0.005	-0.009	7.850
4.479	0.004	-0.005	0.000	-0.51	-0.59	-2.35	-29.64	-2.34	6.49	40791	0.002	-0.005	-0.034	-0.004	-0.009	7.852
4.491	0.004	-0.005	0.001	-0.80	-0.58	-2.27	-24.14	0.23	8.89	40739	0.002	-0.005	-0.031	-0.004	-0.009	7.854
4.500	-0.000	-0.004	0.001	-1.02	-0.37	-2.18	-10.97	-2.17	9.61	40707	0.002	-0.005	-0.028	-0.005	-0.009	7.857
4.510	0.000	-0.006	0.001	-0.99	-0.36	-2.08	-0.53	-8.39	9.09	40685	0.002	-0.005	-0.025	-0.005	-0.009	7.859
4.519	0.005	-0.011	0.001	-0.75	-0.44	-1.97	-0.69	-13.49	7.40	40585	0.003	-0.006	-0.022	-0.005	-0.010	7.860
4.532	0.003	-0.012	0.001	-0.72	-0.19	-1.89	3.54	-20.31	8.43	40469	0.003	-0.006	-0.019	-0.005	-0.010	7.862
4.539	0.007	-0.016	0.001	-0.46	-0.15	-1.76	7.36	-20.31	12.21	40425	0.004	-0.008	-0.016	-0.004	-0.011	7.863
4.549	0.007	-0.017	0.001	-0.39	0.08	-1.61	6.04	-22.96	15.63	40399	0.004	-0.009	-0.013	-0.004	-0.011	7.864
4.560	0.007	-0.019	0.001	-0.25	0.35	-1.45	10.09	-28.22	15.00	40383	0.005	-0.010	-0.010	-0.004	-0.012	7.865
4.569	0.007	-0.020	0.002	-0.14	0.69	-1.30	12.26	-38.16	13.85	40330	0.005	-0.011	-0.008	-0.004	-0.013	7.866
4.577	0.010	-0.020	0.001	-0.01	1.00	-1.17	17.16	-44.80	12.44	40289	0.006	-0.012	-0.005	-0.004	-0.013	7.866
4.592	0.009	-0.022	0.002	0.22	1.52	-1.05	18.18	-44.49	12.76	40403	0.007	-0.014	-0.002	-0.004	-0.014	7.867
4.599	0.008	-0.022	0.002	0.36	1.94	-0.92	13.33	-29.49	13.04	42415	0.008	-0.015	0.001	-0.004	-0.014	7.867
4.609	0.008	-0.021	0.003	0.40	2.15	-0.80	9.20	-10.43	12.77	42380	0.008	-0.016	0.003	-0.004	-0.015	7.867
4.620	0.008	-0.023	0.003	0.51	2.18	-0.67	4.04	8.21	12.70	42429	0.009	-0.017	0.006	-0.004	-0.015	7.866
4.625	0.006	-0.023	0.002	0.48	2.09	-0.56	-4.72	23.72	9.94	42499	0.009	-0.017	0.009	-0.004	-0.015	7.866
4.638	0.010	-0.021	0.003	0.24	1.61	-0.47	-13.77	31.03	9.98	42700	0.009	-0.018	0.012	-0.004	-0.016	7.865
4.649	0.011	-0.022	0.003	0.15	1.29	-0.36	-18.11	32.37	9.46	42740	0.010	-0.019	0.015	-0.004	-0.016	7.864
4.660	0.011	-0.024	0.003	0.01	0.93	-0.27	-22.13	35.61	9.39	42801	0.010	-0.020	0.018	-0.004	-0.016	7.863
4.667	0.012	-0.025	0.002	-0.24	0.53	-0.18	-24.58	37.87	8.55	42893	0.011	-0.020	0.020	-0.004	-0.017	7.862
4.681	0.011	-0.028	0.002	-0.38	0.21	-0.10	-25.39	37.09	7.53	43180	0.011	-0.021	0.023	-0.004	-0.017	7.860
4.690	0.011	-0.030	0.002	-0.55	-0.13	-0.03	-19.46	33.17	6.44	43169	0.012	-0.023	0.026	-0.004	-0.018	7.858
4.699	0.010	-0.030	0.003	-0.77	-0.37	0.03	-23.92	19.52	6.96	43098	0.012	-0.024	0.028	-0.004	-0.018	7.856
4.709	0.012	-0.030	0.002	-1.10	-0.59	0.09	-27.71	8.58	6.39	42982	0.012	-0.025	0.031	-0.004	-0.018	7.854
4.717	0.012	-0.023	0.003	-1.70	-0.60	0.14	-24.18	-4.28	5.42	43012	0.012	-0.025	0.034	-0.004	-0.018	7.852
4.731	0.013	-0.024	0.003	-1.83	-0.50	0.19	-14.60	-12.86	4.93	42866	0.013	-0.025	0.036	-0.004	-0.018	7.849
4.739	0.013	-0.025	0.004	-1.92	-0.33	0.25	-12.41	-21.69	5.78	42686	0.013	-0.025	0.039	-0.004	-0.018	7.847
4.748	0.012	-0.026	0.004	-2.06	-0.03	0.31	-18.04	-26.41	4.67	42503	0.013	-0.025	0.042	-0.004	-0.018	7.844
4.757	0.013	-0.022	0.003	-2.42	0.18	0.35	-19.01	-25.46	3.03	42415	0.014	-0.025	0.045	-0.004	-0.018	7.841
4.767	0.012	-0.026	0.004	-2.42	0.43	0.40	-16.01	-16.83	3.16	42597	0.014	-0.025	0.047	-0.004	-0.018	7.837
4.778	0.012	-0.025	0.005	-2.63	0.58	0.43	-13.43	-12.07	3.17	42487	0.014	-0.025	0.050	-0.004	-0.018	7.834
4.788	0.012	-0.023	0.005	-2.86	0.72	0.46	-12.90	-12.33	3.57	42400	0.014	-0.025	0.053	-0.004	-0.018	7.830
4.799	0.012	-0.024	0.004	-2.87	0.86	0.52	-6.27	-11.89	5.55	42239	0.015	-0.025	0.055	-0.005	-0.018	7.826
4.808	0.010	-0.020	0.004	-3.08	1.03	0.56	3.02	-4.52	6.15	44674	0.014	-0.024	0.058	-0.005	-0.018	7.822
4.816	0.010	-0.021	0.005	-2.95	1.00	0.63	9.80	5.15	6.88	44618	0.014	-0.024	0.060	-0.005	-0.017	7.818
4.829	0.009	-0.021	0.006	-2.78	0.95	0.69	20.29	8.39	6.64	44580	0.014	-0.023	0.063	-0.006	-0.017	7.814
4.843	0.011	-0.020	0.007	-2.56	0.83	0.77	33.60	5.04	7.98	44530	0.014	-0.023	0.066	-0.006	-0.017	7.809
4.850	0.011	-0.023	0.007	-2.03	0.78	0.85	40.40	0.42	7.21	44499	0.014	-0.023	0.069	-0.006	-0.017	7.805
4.859	0.010	-0.022	0.008	-1.63	0.86	0.91	44.27	-5.51	7.50	44394	0.014	-0.022	0.072	-0.006	-0.017	7.800
4.867	0.009	-0.021	0.009	-1.17	0.91	0.99	46.69	-5.11	7.07	44285	0.014	-0.022	0.075	-0.007	-0.017	7.795
4.880	0.009	-0.019	0.010	-0.78	0.95	1.06	46.48	-1.45	7.45	44160	0.014	-0.021	0.078	-0.007	-0.017	7.790
4.890	0.009	-0.018	0.014	-0.34	0.94	1.13	42.47	1.80	7.08	44010	0.014	-0.021	0.081	-0.007	-0.017	7.785
4.898	0.010	-0.021	0.015	0.18	0.87	1.21	37.23	4.68	5.63	43312	0.014	-0.020	0.085	-0.008	-0.017	7.779
4.908	0.010	-0.022	0.016	0.59	0.78	1.26	29.47	7.54	4.17	43155	0.014	-0.020	0.088	-0.008	-0.017	7.774
4.918	0.011	-0.023	0.018	0.85	0.68	1.30	15.72	7.34	2.27	43008	0.014	-0.020	0.092	-0.008	-0.017	7.768
4.929	0.011	-0.021	0.024	0.87	0.61	1.31	3.91	4.18	1.38	42906	0.014	-0.020	0.096	-0.008	-0.017	7.763
4.942	0.010	-0.015	0.026	0.62	0.58	1.32	-10.05	3.64	-0.30	41869	0.014	-0.019	0.100	-0.009	-0.017	7.757
4.949	0.010	-0.015	0.028	0.45	0.57	1.30	-19.66	4.81	-1.23	41771	0.014	-0.018	0.105	-0.009	-0.017	7.751
4.958	0.011	-0.010	0.029	0.06	0.45	1.29	-24.42	3.83	-3.20	41689	0.014	-0.017	0.109	-0.009	-0.016	7.745
4.969	0.011	-0.009	0.031	-0.18	0.41	1.25	-21.75	2.78	-4.44	41588	0.014	-0.016	0.112	-0.009	-0.016	7.739
4.977	0.010	-0.009	0.037	-0.31	0.44	1.20	-16.17	0.55	-5.18	41461	0.014	-0.015	0.117	-0.010	-0.015	7.733
4.989	0.010	-0.008	0.039	-0.45	0.42	1.14	-8.81	-0.38	-5.64	40541	0.014	-0.014	0.122	-0.010	-0.015	7.727
4.998	0.012	-0.010	0.042	-0.40	0.34	1.09	0.64	-1.90	-5.86	40414	0.014	-0.013	0.126	-0.010	-0.015	7.720
5.010	0.011	-0.008	0.044	-0.40	0.38	1.03	10.19	-0.90	-5.91	40342	0.014	-0.012	0.130	-0.010	-0.014	7.714
5.019	0.010	-0.005	0.048	-0.29	0.41	0.97	19.65	5.26	-6.24	42357	0.014	-0.011	0.135	-0.010	-0.014	7.707
5.032	0.010	-0.006	0.051	-0.02	0.33	0.91	24.14	11.12	-6.92	41740	0.014	-0.010	0.139	-0.011	-0.014	7.701
5.040	0.010	-0.005	0.053	0.24	0.19	0.84	23.65	14.75	-6.88	41673	0.014	-0.009	0.143	-0.011	-0.013	7.694
5.052	0.010	-0.005	0.055	0.50	0.05	0.77	20.83	14.26	-6.11	41637	0.014	-0.008	0.148	-0.011	-0.013	7.687
5.060	0.010	-0.004	0.057	0.67	-0.10	0.71	19.44	11.61	-6.73	41661	0.014	-0.007	0.152	-0.012	-0.013	7.680
5.069	0.010	-0.003	0.062	0.86	-0.20	0.65	18.27	7.38	-7.19	41267	0.014	-0.006	0.156	-0.012	-0.013	7.672
5.078	0.010	-0.004	0.064	1.09	-0.24	0.58	17.38	0.50	-6.60	41309	0.013	-0.006	0.161	-0.012	-0.012	7.665
5.088	0.009	-0.003	0.066	1.25	-0.22	0.52	15.38	-3.31	-5.09	41363	0.013	-0.005	0.165	-0.012	-0.012	7.658
5.100	0.011	-0.004	0.068	1.43	-0.24	0.47	12.44	-4.92	-4.73	41402	0.013	-0.005	0.169	-0.013	-0.012	7.650
5.108	0.011	-0.004	0.071	1.56	-0.20	0.43	9.71	-3.58	-3.79	41449	0.013	-0.004	0.173	-0.013	-0.012	7.642
5.120	0.010	-0.002	0.073	1.57	-0.18	0.39	5.71	-0.69	-3.66	41283	0.013	-0.004	0.177	-0.013	-0.012	7.634
5.128	0.010	-0.001	0.075	1.60	-0.18	0.35	0.36	0.24	-3.72	41311	0.013	-0.003	0.181	-0.013	-0.012	7.626
5.139	0.010	-0.002	0.077	1.63	-0.18	0.32	-5.14	-0.24	-3.47	41383	0.013	-0.003	0.185	-0.013	-0.012	7.618
5.149	0.010	-0.002	0.076	1.56	-0.14	0.28	-10.81	-1.67	-3.70	41493	0.013	-0.002	0.188	-0.014	-0.012	7.610
5.157	0.010	-0.002	0.078	1.46	-0.14	0.25	-14.39	-1.39	-3.53	42195	0.013	-0.002	0.191	-0.014	-0.012	7.601
5.168	0.010	-0.002	0.079	1.29	-0.13	0.21	-17.31	1.42	-3.49	42319	0.013	-0.002	0.194	-0.014	-0.012	7.592
5.178	0.011	-0.002	0.081	1.12	-0.22	0.17	-17.75	6.11	-3.93	42405	0.013	-0.002	0.197	-0.014	-0.012	7.584
5.189	0.010	-0.002	0.082	0.96	-0.28	0.14	-14.02	9.65	-4.27	42446	0.013	-0.002	0.200	-0.014	-0.012	7.575
5.198	0.010	-0.004	0.086	0.95	-0.39	0.11	-6.45	12.34	-3.81	42484	0.013	-0.002	0.203	-0.015	-0.012	7.566
5.208	0.010	-0.003	0.087	0.91	-0.53	0.07	-0.57	15.03	-3.34	42209	0.013	-0.002	0.207	-0.015	-0.012	7.557
5.218	0.010	-0.004	0.089	0.93	-0.67	0.05	0.98	14.77	-2.57	42298	0.013	-0.002	0.210	-0.015	-0.012	7.547
5.229	0.010	-0.005	0.090	0.98	-0.81	0.03	0.51	14.90	-1.28	44478	0.013	-0.002	0.213	-0.015	-0.012	7.538
5.238	0.010	-0.005	0.087	1.00	-0.94	0.03	1.01	11.91	-0.18	44572	0.012	-0.002	0.215	-0.015	-0.013	7.528
5.252	0.010	-0.007	0.088	1.05	-1.05	0.04	-1.52	7.01	0.80	45469	0.012	-0.003	0.218	-0.015	-0.013	7.519
5.258	0.010	-0.007	0.089	1.02	-1.07	0.05	-4.72	-2.00	0.83	45609	0.012	-0.003	0.220	-0.016	-0.013	7.509
5.269	0.008	-0.008	0.090	0.98	-0.95	0.06	-9.27	-9.18	0.25	45723	0.012	-0.004	0.223	-0.016	-0.013	7.499
5.279	0.009	-0.008	0.091	0.86	-0.84	0.05	-12.92	-15.05	-0.69	45861	0.012	-0.004	0.225	-0.016	-0.014	7.488
5.294	0.009	-0.009	0.094	0.75	-0.65	0.05	-16.77	-19.92	-0.86	45530	0.011	-0.005	0.228	-0.016	-0.014	7.478
5.299	0.008	-0.009	0.095	0.57	-0.42	0.04	-18.80	-20.56	-1.14	45560	0.011	-0.006	0.231	-0.016	-0.014	7.468
5.308	0.008	-0.010	0.096	0.41	-0.22	0.03	-18.72	-18.35	-1.24	45607	0.011	-0.006	0.234	-0.017	-0.015	7.458
5.320	0.008	-0.010	0.098	0.21	-0.08	0.01	-17.37	-10.29	-0.79	45634	0.011	-0.007	0.237	-0.017	-0.015	7.447
5.329	0.008	-0.011	0.095	0.06	-0.03	0.01	-15.77	-2.64	-0.28	45606	0.010	-0.007	0.239	-0.017	-0.015	7.436
5.336	0.008	-0.012	0.096	-0.04	-0.04	0.01	-12.78	4.05	-0.50	46254	0.010	-0.008	0.241	-0.017	-0.015	7.425
5.352	0.008	-0.013	0.096	-0.13	-0.11	0.01	-8.63	8.40	0.49	46254	0.010	-0.009	0.243	-0.017	-0.016	7.414
5.358	0.009	-0.013	0.097	-0.21	-0.21	0.01	-4.47	8.86	0.08	46242	0.010	-0.009	0.246	-0.017	-0.016	7.403
5.369	0.009	-0.014	0.099	-0.20	-0.30	0.01	-1.80	6.93	-0.23	46251	0.010	-0.010	0.248	-0.018	-0.016	7.391
5.378	0.009	-0.015	0.100	-0.21	-0.34	0.01	-0.36	3.35	-0.90	46066	0.010	-0.011	0.251	-0.018	-0.016	7.380
5.389	0.009	-0.015	0.101	-0.20	-0.36	-0.00	-0.46	-1.23	-1.51	46066	0.010	-0.011	0.253	-0.018	-0.017	7.368
5.395	0.009	-0.016	0.102	-0.22	-0.31	-0.02	-0.63	-7.14	-1.93	46060	0.010	-0.012	0.256	-0.018	-0.017	7.357
5.403	0.009	-0.016	0.103	-0.24	-0.21	-0.04	-3.44	-10.64	-2.28	46049	0.010	-0.013	0.258	-0.018	-0.017	7.345
5.417	0.009	-0.016	0.106	-0.30	-0.11	-0.06	-6.76	-11.45	-1.92	46026	0.010	-0.013	0.261	-0.018	-0.017	7.333
5.429	0.009	-0.018	0.107	-0.32	0.03	-0.07	-10.25	-10.19	-2.20	47757	0.010	-0.014	0.264	-0.018	-0.018	7.321
5.435	0.008	-0.019	0.108	-0.45	0.14	-0.09	-12.80	-8.59	-1.81	47738	0.009	-0.015	0.267	-0.018	-0.018	7.309
5.444	0.008	-0.019	0.109	-0.57	0.22	-0.10	-13.49	-6.45	-1.24	47715	0.009	-0.015	0.270	-0.018	-0.018	7.297
5.459	0.008	-0.020	0.110	-0.70	0.27	-0.11	-12.72	-2.87	-0.89	47658	0.009	-0.016	0.272	-0.018	-0.019	7.285
5.469	0.008	-0.021	0.111	-0.80	0.27	-0.12	-9.62	1.39	-1.00	47596	0.009	-0.017	0.275	-0.018	-0.019	7.272
5.478	0.008	-0.021	0.113	-0.88	0.23	-0.13	-6.88	5.03	-1.70	47515	0.009	-0.018	0.278	-0.018	-0.019	7.260
5.486	0.008	-0.021	0.114	-0.93	0.17	-0.14	-3.30	6.89	-0.82	47423	0.009	-0.018	0.281	-0.018	-0.019	7.247
5.496	0.008	-0.022	0.115	-0.94	0.10	-0.15	-2.56	7.35	-1.08	47322	0.009	-0.019	0.284	-0.019	-0.020	7.234
5.509	0.008	-0.023	0.109	-0.94	0.03	-0.16	-1.39	5.83	-0.84	48486	0.009	-0.019	0.285	-0.019	-0.020	7.221
5.518	0.009	-0.023	0.110	-0.94	-0.03	-0.17	-0.24	3.55	-0.81	48411	0.009	-0.020	0.287	-0.019	-0.020	7.207
5.528	0.009	-0.024	0.111	-0.93	-0.06	-0.18	0.64	1.33	-0.23	48325	0.009	-0.021	0.289	-0.019	-0.020	7.194
5.535	0.009	-0.024	0.113	-0.92	-0.05	-0.18	1.17	-1.76	-0.34	48216	0.009	-0.021	0.291	-0.019	-0.021	7.180
5.545	0.008	-0.024	0.113	-0.93	0.00	-0.18	0.41	-4.18	-0.12	48104	0.009	-0.022	0.293	-0.019	-0.021	7.167
5.553	0.009	-0.025	0.114	-0.93	0.03	-0.18	-0.99	-5.55	-0.19	48169	0.009	-0.022	0.295	-0.019	-0.021	7.153
5.569	0.009	-0.025	0.115	-0.93	0.08	-0.18	-1.65	-6.73	0.34	48055	0.009	-0.023	0.298	-0.019	-0.021	7.139
5.579	0.009	-0.025	0.116	-0.97	0.15	-0.18	-2.16	-6.97	0.40	47919	0.009	-0.023	0.300	-0.019	-0.021	7.125
5.586	0.009	-0.025	0.116	-1.02	0.22	-0.17	-1.96	-6.26	0.47	47772	0.009	-0.023	0.302	-0.019	-0.021	7.111
5.597	0.009	-0.024	0.117	-1.06	0.28	-0.16	-0.77	-4.77	1.18	47942	0.009	-0.023	0.304	-0.019	-0.021	7.097
5.603	0.009	-0.024	0.119	-1.07	0.32	-0.15	0.56	-4.17	1.42	47793	0.009	-0.024	0.307	-0.019	-0.021	7.083
5.613	0.009	-0.026	0.120	-0.98	0.35	-0.13	2.55	-1.81	1.33	47644	0.009	-0.024	0.309	-0.019	-0.022	7.068
5.629	0.009	-0.026	0.122	-0.95	0.35	-0.12	2.87	0.75	1.69	49524	0.009	-0.024	0.312	-0.019	-0.022	7.054
5.636	0.009	-0.026	0.121	-0.93	0.33	-0.10	2.77	3.88	2.49	49399	0.009	-0.025	0.314	-0.019	-0.022	7.039
5.647	0.009	-0.027	0.123	-0.90	0.27	-0.07	2.77	5.81	2.50	49624	0.009	-0.025	0.316	-0.019	-0.022	7.025
5.662	0.010	-0.027	0.124	-0.87	0.20	-0.04	3.11	6.70	3.15	49488	0.009	-0.025	0.319	-0.019	-0.022	7.010
5.669	0.010	-0.028	0.126	-0.81	0.14	-0.01	3.16	6.05	2.90	49329	0.009	-0.025	0.321	-0.019	-0.022	6.995
5.679	0.009	-0.028	0.128	-0.80	0.11	0.01	2.75	5.00	2.48	49160	0.009	-0.026	0.324	-0.019	-0.022	6.980
5.688	0.010	-0.028	0.130	-0.76	0.05	0.04	3.66	2.36	2.50	48892	0.009	-0.026	0.327	-0.019	-0.023	6.965
5.697	0.010	-0.027	0.132	-0.76	0.01	0.06	2.89	1.63	2.48	48691	0.010	-0.026	0.330	-0.019	-0.023	6.950
5.704	0.012	-0.026	0.134	-0.77	-0.08	0.09	2.50	0.15	2.30	48469	0.010	-0.026	0.333	-0.018	-0.023	6.935
5.718	0.011	-0.028	0.136	-0.69	-0.03	0.11	1.97	-1.48	2.10	48253	0.010	-0.026	0.336	-0.018	-0.023	6.920
5.728	0.011	-0.031	0.138	-0.57	0.01	0.14	2.52	-3.00	2.48	48015	0.010	-0.027	0.339	-0.018	-0.023	6.905
5.737	0.011	-0.031	0.140	-0.54	0.05	0.16	1.91	-4.11	2.40	47782	0.010	-0.027	0.342	-0.018	-0.023	6.889
5.745	0.011	-0.031	0.142	-0.52	0.09	0.19	2.36	-5.06	3.17	47551	0.010	-0.028	0.345	-0.018	-0.024	6.874
5.762	0.011	-0.031	0.145	-0.51	0.14	0.22	0.91	-4.88	3.08	47312	0.011	-0.028	0.349	-0.018	-0.024	6.858
5.769	0.011	-0.031	0.149	-0.50	0.18	0.25	0.82	-4.43	2.69	47069	0.011	-0.028	0.352	-0.018	-0.024	6.843
5.779	0.012	-0.031	0.152	-0.50	0.21	0.28	-0.42	-2.43	2.67	46451	0.011	-0.029	0.356	-0.018	-0.024	6.827
5.788	0.012	-0.032	0.154	-0.48	0.23	0.30	-1.13	-0.76	2.70	46217	0.011	-0.029	0.359	-0.018	-0.024	6.812
5.796	0.012	-0.033	0.157	-0.49	0.22	0.33	-1.66	0.53	2.79	45984	0.011	-0.029	0.363	-0.018	-0.025	6.796
5.804	0.011	-0.033	0.162	-0.52	0.23	0.36	-1.83	2.06	2.98	45765	0.011	-0.030	0.367	-0.018	-0.025	6.781
5.818	0.012	-0.030	0.165	-0.62	0.19	0.38	-1.75	2.72	2.75	45051	0.011	-0.030	0.371	-0.018	-0.025	6.765
5.828	0.009	-0.031	0.168	-0.59	0.23	0.41	-1.29	3.16	2.73	44827	0.011	-0.030	0.375	-0.018	-0.025	6.749
5.839	0.008	-0.032	0.171	-0.59	0.24	0.43	-0.02	2.92	2.52	46676	0.011	-0.030	0.378	-0.018	-0.025	6.734
5.847	0.003	-0.031	0.174	-0.59	0.37	0.44	1.60	2.84	2.33	46495	0.010	-0.030	0.382	-0.019	-0.025	6.718
5.858	0.003	-0.031	0.177	-0.58	0.34	0.47	3.47	3.77	2.37	46319	0.009	-0.030	0.386	-0.019	-0.025	6.702
5.869	0.002	-0.031	0.180	-0.53	0.30	0.49	5.74	3.46	2.50	46180	0.008	-0.030	0.389	-0.020	-0.025	6.686
5.880	0.002	-0.031	0.184	-0.47	0.26	0.51	6.26	4.62	1.97	45997	0.008	-0.030	0.393	-0.020	-0.025	6.670
5.890	0.002	-0.030	0.187	-0.43	0.20	0.53	6.93	5.21	1.94	45817	0.007	-0.030	0.397	-0.021	-0.025	6.655
5.902	0.001	-0.031	0.190	-0.35	0.16	0.55	6.99	6.72	1.48	45630	0.006	-0.030	0.401	-0.021	-0.025	6.639
5.909	0.002	-0.031	0.194	-0.28	0.06	0.57	7.18	7.07	1.32	45342	0.006	-0.030	0.404	-0.021	-0.025	6.623
5.920	0.001	-0.031	0.197	-0.21	-0.02	0.58	6.97	8.21	1.18	45164	0.005	-0.030	0.408	-0.022	-0.025	6.607
5.930	0.001	-0.031	0.200	-0.14	-0.09	0.59	5.89	8.55	0.85	44999	0.004	-0.030	0.412	-0.022	-0.025	6.590
5.940	0.000	-0.031	0.203	-0.09	-0.18	0.60	4.91	8.76	0.60	44836	0.004	-0.030	0.416	-0.022	-0.026	6.574
5.950	-0.002	-0.031	0.207	-0.04	-0.21	0.59	3.93	8.06	0.11	44561	0.003	-0.030	0.420	-0.022	-0.026	6.558
5.960	-0.002	-0.031	0.211	-0.01	-0.29	0.60	2.73	8.34	0.37	44405	0.002	-0.030	0.423	-0.023	-0.026	6.542
5.972	-0.003	-0.030	0.214	-0.01	-0.37	0.60	2.44	7.85	0.43	44256	0.002	-0.030	0.427	-0.023	-0.026	6.526
5.979	-0.003	-0.030	0.218	0.01	-0.45	0.60	1.12	7.26	0.14	44110	0.001	-0.030	0.431	-0.023	-0.026	6.510
5.988	-0.003	-0.030	0.220	0.02	-0.52	0.60	1.59	6.18	0.38	43945	0.000	-0.030	0.434	-0.024	-0.026	6.494
5.998	-0.004	-0.030	0.223	0.03	-0.58	0.60	0.70	5.19	-0.87	43961	-0.000	-0.030	0.438	-0.024	-0.026	6.477
6.008	-0.003	-0.029	0.227	0.05	-0.64	0.60	2.56	3.77	0.09	43823	-0.001	-0.030	0.441	-0.024	-0.026	6.461
6.020	-0.004	-0.029	0.230	0.07	-0.67	0.59	2.91	2.75	-0.79	43691	-0.001	-0.029	0.444	-0.024	-0.025	6.445
6.030	-0.002	-0.029	0.234	0.10	-0.73	0.58	2.92	0.69	-0.99	43547	-0.002	-0.029	0.448	-0.024	-0.025	6.429
6.039	-0.002	-0.029	0.237	0.14	-0.74	0.57	3.95	-1.27	-1.26	43337	-0.002	-0.029	0.451	-0.024	-0.025	6.412
6.050	0.002	-0.029	0.240	0.18	-0.83	0.56	4.04	-2.55	-1.30	45350	-0.002	-0.029	0.455	-0.024	-0.025	6.396
6.055	0.002	-0.029	0.244	0.23	-0.80	0.55	5.24	-3.95	-0.90	45264	-0.001	-0.029	0.458	-0.024	-0.026	6.380
6.072	0.003	-0.029	0.247	0.29	-0.76	0.54	5.30	-5.57	-1.61	45178	-0.001	-0.029	0.462	-0.023	-0.026	6.363
6.079	0.002	-0.029	0.248	0.32	-0.69	0.53	4.00	-6.66	-1.56	45093	-0.001	-0.029	0.465	-0.023	-0.026	6.347
6.089	0.003	-0.029	0.251	0.36	-0.64	0.51	3.15	-6.13	-1.69	45381	-0.000	-0.029	0.468	-0.023	-0.026	6.331
6.100	0.003	-0.029	0.255	0.39	-0.58	0.49	2.36	-6.09	-1.70	45290	-0.000	-0.029	0.471	-0.023	-0.025	6.314
6.106	0.003	-0.029	0.258	0.40	-0.53	0.47	1.09	-5.31	-1.88	45191	0.000	-0.029	0.474	-0.023	-0.025	6.298
6.120	0.004	-0.029	0.263	0.41	-0.49	0.45	0.20	-3.73	-2.11	45091	0.000	-0.029	0.478	-0.022	-0.025	6.281
6.128	0.004	-0.029	0.266	0.40	-0.45	0.43	-1.46	-4.06	-1.71	44684	0.001	-0.029	0.481	-0.022	-0.025	6.265
6.139	0.005	-0.028	0.269	0.38	-0.45	0.42	-2.13	-3.05	-2.01	44568	0.001	-0.029	0.485	-0.022	-0.025	6.249
6.149	0.007	-0.028	0.272	0.35	-0.44	0.39	-2.38	-3.30	-2.30	44437	0.001	-0.029	0.488	-0.021	-0.025	6.232
6.158	0.007	-0.028	0.275	0.33	-0.41	0.37	-1.47	-3.11	-2.41	44301	0.002	-0.029	0.491	-0.021	-0.025	6.216
6.172	0.007	-0.028	0.276	0.32	-0.37	0.34	-1.31	-4.23	-2.97	44665	0.002	-0.029	0.494	-0.021	-0.025	6.199
6.179	0.008	-0.028	0.279	0.31	-0.33	0.31	-1.29	-5.43	-3.10	44566	0.003	-0.029	0.497	-0.020	-0.025	6.183
6.188	0.008	-0.028	0.282	0.29	-0.28	0.28	-0.75	-5.36	-3.08	44462	0.003	-0.029	0.500	-0.020	-0.025	6.166
6.198	0.008	-0.027	0.285	0.28	-0.22	0.25	0.03	-5.44	-3.54	44358	0.004	-0.029	0.503	-0.020	-0.025	6.150
6.208	0.009	-0.027	0.288	0.27	-0.16	0.21	-0.03	-5.52	-3.45	44261	0.004	-0.028	0.506	-0.019	-0.025	6.133
6.218	0.009	-0.027	0.291	0.26	-0.09	0.18	0.05	-6.59	-3.28	44181	0.005	-0.028	0.509	-0.019	-0.025	6.117
6.229	0.010	-0.027	0.294	0.26	-0.06	0.15	0.01	-4.97	-2.69	44087	0.005	-0.028	0.512	-0.019	-0.025	6.100
6.237	0.008	-0.026	0.297	0.26	0.04	0.12	0.16	-4.56	-2.34	43987	0.005	-0.028	0.515	-0.019	-0.025	6.084
6.250	0.008	-0.026	0.301	0.26	0.09	0.10	1.01	-5.40	-2.29	45945	0.005	-0.028	0.518	-0.018	-0.025	6.067
6.258	0.008	-0.026	0.304	0.27	0.14	0.08	1.47	-4.99	-1.58	45824	0.006	-0.028	0.521	-0.018	-0.025	6.051
6.267	0.007	-0.026	0.306	0.29	0.20	0.07	1.67	-3.79	-1.57	45738	0.006	-0.028	0.524	-0.018	-0.024	6.034
6.279	0.015	-0.026	0.309	0.31	0.10	0.05	1.69	-4.27	-1.55	45640	0.007	-0.027	0.527	-0.017	-0.024	6.018
6.289	0.015	-0.026	0.312	0.33	0.14	0.03	2.06	-3.10	-1.20	45541	0.008	-0.027	0.530	-0.017	-0.024	6.002
6.299	0.015	-0.026	0.315	0.34	0.17	0.02	1.61	-2.64	-1.75	45446	0.008	-0.027	0.532	-0.016	-0.024	5.985
6.309	0.016	-0.026	0.318	0.35	0.18	0.00	0.57	-1.92	-1.34	45445	0.009	-0.027	0.535	-0.016	-0.024	5.969
6.319	0.016	-0.025	0.321	0.33	0.21	-0.01	0.02	-2.22	-0.88	45325	0.010	-0.027	0.538	-0.015	-0.024	5.952
6.322	0.017	-0.026	0.324	0.34	0.23	-0.02	-0.76	-2.03	-1.01	45211	0.011	-0.027	0.541	-0.015	-0.024	5.936
6.341	0.018	-0.026	0.326	0.33	0.24	-0.03	-1.36	-1.61	-0.96	45099	0.012	-0.027	0.544	-0.015	-0.024	5.919
6.348	0.018	-0.024	0.329	0.29	0.26	-0.04	-1.25	-1.14	-1.18	45100	0.012	-0.027	0.547	-0.014	-0.024	5.902
6.358	0.018	-0.026	0.332	0.30	0.28	-0.05	-1.64	-1.08	-1.10	44971	0.013	-0.027	0.550	-0.014	-0.024	5.886
6.369	0.018	-0.026	0.335	0.29	0.30	-0.06	-1.23	-2.16	-0.83	44835	0.014	-0.027	0.552	-0.014	-0.023	5.869
6.380	0.019	-0.027	0.338	0.29	0.32	-0.07	-1.28	-3.15	-0.63	44713	0.014	-0.027	0.555	-0.013	-0.023	5.853
6.388	0.019	-0.026	0.343	0.28	0.36	-0.08	-0.34	-3.30	-0.72	44203	0.015	-0.027	0.558	-0.013	-0.023	5.837
6.397	0.019	-0.027	0.346	0.28	0.40	-0.09	-0.99	-4.12	-0.76	44080	0.015	-0.027	0.562	-0.013	-0.023	5.820
6.407	0.018	-0.025	0.349	0.25	0.45	-0.10	-0.20	-4.12	-0.96	43951	0.016	-0.027	0.565	-0.013	-0.023	5.804
6.418	0.018	-0.024	0.352	0.22	0.50	-0.11	-0.77	-4.16	-1.18	43822	0.016	-0.026	0.568	-0.012	-0.023	5.787
6.430	0.024	-0.025	0.356	0.23	0.45	-0.12	-0.63	-2.43	-1.57	43709	0.017	-0.026	0.571	-0.012	-0.023	5.771
6.438	0.024	-0.025	0.359	0.23	0.47	-0.14	0.47	-1.74	-1.84	43378	0.018	-0.026	0.574	-0.011	-0.023	5.755
6.449	0.025	-0.025	0.362	0.23	0.48	-0.16	0.84	-1.18	-1.96	43255	0.019	-0.026	0.577	-0.011	-0.023	5.739
6.459	0.025	-0.025	0.365	0.24	0.49	-0.18	0.96	-1.01	-2.23	45216	0.020	-0.026	0.580	-0.011	-0.023	5.722
6.466	0.025	-0.024	0.370	0.24	0.50	-0.20	0.72	-0.82	-1.91	45122	0.021	-0.026	0.583	-0.010	-0.022	5.706
6.478	0.025	-0.023	0.373	0.23	0.51	-0.22	0.10	-0.81	-2.24	45005	0.021	-0.026	0.586	-0.010	-0.022	5.690
6.490	0.026	-0.023	0.376	0.23	0.52	-0.24	-0.60	-1.93	-1.95	44920	0.022	-0.026	0.589	-0.010	-0.022	5.674
6.499	0.027	-0.023	0.379	0.22	0.53	-0.26	-0.17	-2.33	-2.76	44816	0.023	-0.025	0.592	-0.009	-0.022	5.658
6.506	0.027	-0.023	0.382	0.21	0.55	-0.29	-1.37	-1.92	-2.66	44708	0.023	-0.025	0.595	-0.009	-0.022	5.642
6.518	0.028	-0.023	0.384	0.20	0.57	-0.32	-1.03	-2.17	-3.91	44609	0.024	-0.025	0.598	-0.009	-0.022	5.625
6.524	0.028	-0.024	0.387	0.19	0.60	-0.36	-1.73	-1.67	-3.90	44754	0.025	-0.025	0.601	-0.009	-0.021	5.609
6.539	0.028	-0.024	0.390	0.18	0.61	-0.40	-1.21	-1.18	-4.72	44648	0.025	-0.025	0.603	-0.008	-0.021	5.593
6.548	0.028	-0.024	0.393	0.17	0.62	-0.45	-1.86	-0.42	-4.63	44539	0.026	-0.025	0.606	-0.008	-0.021	5.577
6.557	0.027	-0.025	0.394	0.17	0.66	-0.50	-2.49	-0.47	-4.30	44436	0.026	-0.025	0.609	-0.008	-0.021	5.561
6.566	0.028	-0.024	0.397	0.13	0.64	-0.54	-2.65	0.07	-4.00	44628	0.027	-0.025	0.611	-0.008	-0.021	5.544
6.580	0.028	-0.026	0.400	0.13	0.64	-0.58	-2.50	0.57	-3.45	44531	0.027	-0.026	0.614	-0.008	-0.021	5.528
6.590	0.029	-0.026	0.403	0.11	0.63	-0.61	-2.76	0.70	-3.85	44422	0.027	-0.026	0.616	-0.008	-0.021	5.512
6.599	0.029	-0.027	0.406	0.08	0.63	-0.65	-2.23	0.54	-3.78	44310	0.028	-0.026	0.619	-0.008	-0.021	5.496
6.609	0.029	-0.028	0.409	0.08	0.62	-0.69	-1.92	1.06	-3.98	44200	0.028	-0.026	0.621	-0.008	-0.021	5.480
6.619	0.028	-0.028	0.412	0.06	0.63	-0.73	-1.56	1.34	-3.84	44113	0.028	-0.027	0.624	-0.008	-0.021	5.464
6.626	0.029	-0.028	0.414	0.04	0.60	-0.76	-1.35	2.13	-3.51	44007	0.029	-0.027	0.626	-0.008	-0.021	5.448
6.639	0.029	-0.028	0.417	0.04	0.57	-0.80	-1.01	2.64	-3.23	43907	0.029	-0.027	0.629	-0.008	-0.021	5.432
6.650	0.029	-0.030	0.418	0.05	0.55	-0.83	-0.93	2.08	-2.79	43820	0.029	-0.028	0.631	-0.008	-0.022	5.415
6.658	0.028	-0.028	0.421	0.00	0.55	-0.87	-1.97	3.23	-3.07	44113	0.029	-0.028	0.633	-0.008	-0.022	5.399
6.666	0.029	-0.025	0.423	-0.05	0.50	-0.90	-2.24	3.23	-3.80	44042	0.030	-0.028	0.635	-0.008	-0.021	5.383
6.679	0.029	-0.025	0.426	-0.07	0.46	-0.93	-1.08	2.75	-1.94	43964	0.030	-0.028	0.637	-0.008	-0.021	5.367
6.688	0.024	-0.028	0.430	-0.04	0.49	-0.95	-0.82	2.73	-2.78	43876	0.030	-0.028	0.639	-0.008	-0.021	5.351
6.698	0.027	-0.021	0.433	-0.13	0.44	-0.98	0.20	2.97	-3.31	43584	0.029	-0.028	0.642	-0.009	-0.021	5.336
6.710	0.025	-0.023	0.435	-0.09	0.44	-1.01	1.97	2.27	-2.97	43500	0.029	-0.027	0.644	-0.009	-0.021	5.320
6.717	0.030	-0.020	0.438	-0.11	0.36	-1.04	2.51	1.21	-3.03	43425	0.030	-0.026	0.646	-0.009	-0.020	5.304
6.728	0.026	-0.020	0.440	-0.07	0.39	-1.07	3.75	1.18	-3.08	43331	0.029	-0.026	0.648	-0.009	-0.020	5.288
6.739	0.028	-0.021	0.444	-0.02	0.37	-1.10	5.45	-0.60	-2.15	43249	0.030	-0.025	0.651	-0.009	-0.019	5.273
6.747	0.023	-0.024	0.447	0.06	0.43	-1.12	5.00	-0.67	-2.45	42993	0.029	-0.025	0.653	-0.010	-0.019	5.257
6.759	0.023	-0.029	0.449	0.17	0.44	-1.15	5.19	-0.91	-2.27	42919	0.029	-0.026	0.655	-0.010	-0.019	5.241
6.766	0.023	-0.031	0.452	0.24	0.44	-1.17	3.14	1.06	-2.58	42849	0.028	-0.027	0.657	-0.010	-0.020	5.226
6.779	0.023	-0.034	0.455	0.29	0.42	-1.19	1.63	2.67	-1.54	42789	0.028	-0.028	0.660	-0.011	-0.020	5.210
6.789	0.030	-0.028	0.458	0.22	0.30	-1.21	-1.29	4.35	-1.89	42591	0.028	-0.028	0.662	-0.011	-0.020	5.195
6.798	0.024	-0.030	0.461	0.22	0.32	-1.23	-4.22	6.59	-2.10	42557	0.028	-0.029	0.664	-0.011	-0.020	5.179
6.808	0.035	-0.029	0.463	0.15	0.12	-1.25	-5.94	7.24	-2.18	42520	0.029	-0.029	0.666	-0.010	-0.020	5.164
6.818	0.024	-0.036	0.466	0.16	0.17	-1.27	-7.86	7.87	-1.92	42474	0.029	-0.030	0.668	-0.011	-0.021	5.149
6.826	0.024	-0.036	0.468	0.06	0.10	-1.29	-9.21	6.42	-1.74	42401	0.029	-0.031	0.670	-0.011	-0.021	5.133
6.833	0.024	-0.035	0.471	-0.03	0.04	-1.31	-10.08	6.50	-1.83	42373	0.028	-0.032	0.672	-0.011	-0.021	5.118
6.848	0.023	-0.035	0.473	-0.14	-0.01	-1.32	-9.19	6.08	-1.51	42346	0.028	-0.032	0.674	-0.012	-0.022	5.103
6.858	0.023	-0.035	0.475	-0.23	-0.07	-1.34	-8.35	4.84	-1.41	42321	0.027	-0.033	0.676	-0.012	-0.022	5.088
6.869	0.022	-0.035	0.478	-0.32	-0.12	-1.35	-8.59	5.00	-1.19	42301	0.027	-0.033	0.677	-0.012	-0.022	5.072
6.878	0.023	-0.036	0.480	-0.38	-0.17	-1.36	-6.66	4.28	-1.07	42326	0.027	-0.034	0.679	-0.013	-0.022	5.057
6.891	0.022	-0.036	0.482	-0.45	-0.21	-1.37	-4.78	4.22	-1.16	42317	0.026	-0.035	0.681	-0.013	-0.022	5.042
6.898	0.022	-0.036	0.484	-0.48	-0.25	-1.38	-2.59	3.06	-1.00	42309	0.026	-0.035	0.682	-0.013	-0.022	5.027
6.907	0.023	-0.037	0.487	-0.50	-0.28	-1.39	-0.96	2.24	-0.62	42296	0.026	-0.036	0.684	-0.013	-0.022	5.012
6.917	0.023	-0.038	0.490	-0.49	-0.30	-1.40	1.12	2.40	-0.40	42110	0.026	-0.036	0.686	-0.014	-0.022	4.997
6.925	0.023	-0.037	0.492	-0.48	-0.32	-1.39	2.49	-0.17	0.43	42110	0.025	-0.036	0.687	-0.014	-0.022	4.983
6.936	0.023	-0.037	0.494	-0.46	-0.31	-1.39	3.40	-0.27	0.43	42102	0.025	-0.037	0.689	-0.014	-0.022	4.968
6.949	0.023	-0.037	0.496	-0.42	-0.30	-1.39	4.06	-0.86	0.71	42104	0.025	-0.037	0.690	-0.014	-0.022	4.953
6.958	0.023	-0.036	0.497	-0.40	-0.28	-1.38	3.02	-1.90	0.82	42117	0.025	-0.037	0.692	-0.014	-0.022	4.938
6.970	0.023	-0.036	0.499	-0.38	-0.26	-1.37	2.31	-3.04	0.42	42336	0.025	-0.037	0.693	-0.014	-0.022	4.924
6.978	0.022	-0.034	0.500	-0.37	-0.21	-1.37	1.43	-3.76	0.22	42343	0.025	-0.037	0.694	-0.015	-0.022	4.909
6.994	0.022	-0.034	0.502	-0.36	-0.18	-1.37	0.81	-3.27	-0.15	42369	0.024	-0.037	0.695	-0.015	-0.022	4.894
7.000	0.022	-0.034	0.504	-0.37	-0.16	-1.36	-0.18	-1.99	0.44	42396	0.024	-0.037	0.696	-0.015	-0.022	4.880
7.009	0.022	-0.035	0.506	-0.37	-0.13	-1.36	-2.52	-0.86	-0.05	42438	0.024	-0.037	0.697	-0.015	-0.021	4.865
7.019	0.021	-0.036	0.507	-0.38	-0.12	-1.36	-2.33	-0.33	-0.01	42478	0.024	-0.037	0.698	-0.015	-0.021	4.851
7.030	0.021	-0.037	0.509	-0.41	-0.13	-1.36	-2.20	0.63	0.19	42527	0.023	-0.037	0.699	-0.016	-0.021	4.836
7.039	0.021	-0.037	0.510	-0.44	-0.14	-1.36	-2.59	2.29	0.66	42567	0.023	-0.037	0.700	-0.016	-0.021	4.822
7.047	0.021	-0.037	0.512	-0.46	-0.17	-1.35	-2.35	3.56	0.51	42625	0.023	-0.037	0.701	-0.016	-0.021	4.808
7.059	0.024	-0.039	0.513	-0.46	-0.24	-1.34	-1.38	4.32	0.69	42679	0.023	-0.038	0.702	-0.016	-0.021	4.793
7.068	0.024	-0.039	0.515	-0.47	-0.28	-1.33	0.32	3.98	1.23	42727	0.023	-0.038	0.702	-0.016	-0.021	4.779
7.075	0.024	-0.039	0.516	-0.45	-0.31	-1.32	2.79	2.82	1.01	42749	0.024	-0.038	0.703	-0.016	-0.021	4.765
7.087	0.024	-0.039	0.516	-0.41	-0.34	-1.31	4.58	1.68	1.31	42777	0.024	-0.039	0.704	-0.016	-0.021	4.751
7.097	0.028	-0.030	0.517	-0.44	-0.38	-1.30	5.94	0.60	1.69	43033	0.024	-0.038	0.704	-0.015	-0.021	4.736
7.108	0.023	-0.030	0.518	-0.37	-0.33	-1.28	7.42	-1.22	1.48	43069	0.024	-0.037	0.705	-0.015	-0.020	4.722
7.118	0.023	-0.030	0.520	-0.29	-0.31	-1.27	7.97	-2.91	1.15	43103	0.024	-0.036	0.705	-0.016	-0.020	4.708
7.128	0.023	-0.030	0.521	-0.21	-0.27	-1.25	8.47	-3.57	2.10	43149	0.024	-0.036	0.706	-0.016	-0.020	4.694
7.136	0.023	-0.030	0.522	-0.12	-0.22	-1.23	8.04	-5.36	1.39	43149	0.024	-0.035	0.706	-0.016	-0.019	4.680
7.148	0.020	-0.032	0.523	-0.02	-0.15	-1.22	8.72	-5.92	1.52	43166	0.024	-0.035	0.707	-0.016	-0.019	4.666
7.159	0.027	-0.032	0.524	0.06	-0.14	-1.20	7.30	-5.37	1.42	43194	0.024	-0.035	0.707	-0.016	-0.019	4.652
7.168	0.027	-0.033	0.525	0.14	-0.09	-1.19	5.99	-4.49	1.33	43246	0.024	-0.035	0.708	-0.016	-0.019	4.638
7.178	0.019	-0.017	0.526	0.04	0.02	-1.18	4.66	-4.26	1.22	43282	0.024	-0.032	0.708	-0.016	-0.018	4.625
7.187	0.020	-0.016	0.527	0.07	0.05	-1.17	1.79	-3.09	1.35	43308	0.023	-0.030	0.708	-0.016	-0.016	4.611
7.198	0.020	-0.017	0.528	0.08	0.07	-1.15	-0.56	-1.19	1.68	43345	0.023	-0.029	0.709	-0.016	-0.016	4.597
7.208	0.020	-0.017	0.529	0.07	0.07	-1.13	-1.87	0.75	1.82	43380	0.023	-0.027	0.709	-0.017	-0.015	4.583
7.218	0.021	-0.018	0.528	0.06	0.05	-1.12	-1.90	1.95	1.54	43395	0.022	-0.026	0.709	-0.017	-0.014	4.570
7.229	0.021	-0.017	0.529	0.04	0.02	-1.10	-2.02	3.81	1.74	43666	0.022	-0.025	0.709	-0.017	-0.014	4.556
7.238	0.021	-0.016	0.529	0.02	-0.03	-1.09	0.24	4.57	1.43	43718	0.022	-0.024	0.709	-0.017	-0.013	4.542
7.248	0.021	-0.016	0.530	0.03	-0.07	-1.07	1.49	4.98	1.32	43756	0.022	-0.023	0.709	-0.017	-0.013	4.529
7.259	0.023	-0.016	0.530	0.05	-0.13	-1.06	3.45	3.79	0.93	43774	0.022	-0.022	0.709	-0.017	-0.012	4.515
7.267	0.022	-0.012	0.531	0.07	-0.16	-1.05	5.31	3.64	1.16	43938	0.022	-0.021	0.709	-0.017	-0.011	4.502
7.279	0.021	-0.010	0.531	0.11	-0.18	-1.04	5.10	2.18	1.20	43990	0.022	-0.020	0.709	-0.017	-0.011	4.488
7.288	0.020	-0.005	0.532	0.12	-0.20	-1.03	4.73	1.72	1.02	44037	0.022	-0.018	0.709	-0.017	-0.010	4.475
7.301	0.019	-0.002	0.532	0.15	-0.21	-1.02	5.66	1.59	1.58	44059	0.022	-0.016	0.709	-0.017	-0.009	4.461
7.309	0.019	-0.002	0.533	0.21	-0.22	-1.00	5.19	0.96	1.28	44082	0.021	-0.014	0.709	-0.017	-0.008	4.448
7.318	0.019	-0.005	0.534	0.30	-0.22	-0.98	6.23	-0.58	1.85	44056	0.021	-0.013	0.709	-0.017	-0.007	4.435
7.325	0.019	-0.004	0.534	0.36	-0.22	-0.97	6.23	0.02	1.21	44074	0.021	-0.012	0.709	-0.017	-0.007	4.421
7.341	0.022	-0.008	0.534	0.46	-0.24	-0.95	6.98	0.52	1.85	44083	0.021	-0.011	0.709	-0.017	-0.007	4.408
7.347	0.023	-0.009	0.536	0.53	-0.26	-0.93	6.43	1.28	1.20	44090	0.021	-0.011	0.709	-0.017	-0.006	4.395
7.351	0.023	-0.007	0.536	0.59	-0.26	-0.92	6.56	0.00	1.73	43930	0.021	-0.010	0.709	-0.017	-0.006	4.382
7.368	0.024	-0.007	0.537	0.65	-0.25	-0.90	6.79	-0.58	1.77	43938	0.022	-0.010	0.709	-0.017	-0.006	4.369
7.377	0.024	-0.003	0.537	0.69	-0.25	-0.89	5.90	-0.22	2.06	43938	0.022	-0.009	0.709	-0.017	-0.006	4.356
7.386	0.024	-0.003	0.538	0.76	-0.24	-0.87	5.59	-2.24	1.32	43957	0.022	-0.008	0.709	-0.017	-0.005	4.343
7.401	0.027	-0.004	0.538	0.81	-0.24	-0.85	5.19	-3.79	1.72	43988	0.023	-0.007	0.709	-0.016	-0.005	4.330
7.408	0.023	-0.007	0.538	0.88	-0.17	-0.84	2.75	-4.21	1.21	44142	0.023	-0.007	0.709	-0.016	-0.005	4.317
7.419	0.023	-0.007	0.538	0.90	-0.13	-0.83	1.06	-3.96	0.71	44165	0.023	-0.007	0.709	-0.016	-0.005	4.304
7.428	0.021	0.001	0.539	0.86	-0.07	-0.82	0.70	-3.47	0.40	44193	0.022	-0.006	0.708	-0.016	-0.004	4.291
7.439	0.021	0.002	0.539	0.86	-0.04	-0.82	0.27	-3.79	0.69	44215	0.022	-0.005	0.708	-0.016	-0.004	4.278
7.448	0.021	0.004	0.540	0.84	-0.00	-0.81	-0.71	-1.49	1.21	44138	0.022	-0.004	0.708	-0.016	-0.003	4.265
7.458	0.021	0.003	0.540	0.84	0.01	-0.80	-1.99	0.44	0.64	44135	0.022	-0.003	0.708	-0.016	-0.003	4.253
7.468	0.019	0.003	0.541	0.81	0.02	-0.79	-1.86	-0.98	1.78	44126	0.021	-0.002	0.708	-0.017	-0.003	4.240
7.478	0.019	0.005	0.539	0.79	0.02	-0.77	-1.99	0.07	1.02	44135	0.021	-0.001	0.708	-0.017	-0.002	4.227
7.487	0.019	0.005	0.539	0.78	0.02	-0.77	-1.33	0.16	0.74	44498	0.021	-0.000	0.707	-0.017	-0.002	4.214
7.499	0.019	0.005	0.539	0.77	0.02	-0.76	-0.55	1.04	1.41	44495	0.020	0.001	0.707	-0.017	-0.001	4.202
7.508	0.019	0.006	0.540	0.78	0.02	-0.74	2.21	-0.80	0.98	44497	0.020	0.001	0.706	-0.017	-0.001	4.189
7.519	0.019	0.007	0.540	0.80	0.02	-0.74	2.00	-0.28	0.73	44516	0.020	0.002	0.706	-0.017	-0.001	4.177
7.529	0.021	0.006	0.541	0.83	0.02	-0.73	2.49	0.09	0.24	44529	0.020	0.003	0.706	-0.017	-0.001	4.164
7.538	0.024	0.007	0.541	0.85	-0.01	-0.72	2.50	0.28	0.39	44448	0.020	0.003	0.705	-0.017	-0.000	4.152
7.547	0.024	0.008	0.541	0.88	-0.01	-0.72	2.22	0.40	0.23	44451	0.021	0.004	0.705	-0.017	0.000	4.139
7.560	0.024	0.008	0.541	0.90	-0.01	-0.72	2.09	0.70	0.51	44452	0.021	0.004	0.705	-0.016	0.000	4.127
7.570	0.024	0.006	0.540	0.92	-0.02	-0.71	0.60	1.66	0.85	44457	0.021	0.005	0.704	-0.016	0.000	4.114
7.578	0.024	0.006	0.540	0.92	-0.05	-0.70	-1.92	2.65	0.91	44683	0.022	0.005	0.704	-0.016	0.001	4.102
7.588	0.024	0.006	0.540	0.90	-0.07	-0.69	-2.66	2.40	0.69	44683	0.022	0.005	0.703	-0.016	0.001	4.089
7.599	0.024	0.006	0.541	0.86	-0.09	-0.69	-4.80	0.95	0.88	44692	0.022	0.005	0.703	-0.016	0.001	4.077
7.611	0.021	0.007	0.541	0.80	-0.08	-0.68	-5.50	-0.44	0.34	44704	0.022	0.005	0.702	-0.016	0.001	4.065
7.616	0.024	0.008	0.541	0.75	-0.09	-0.68	-5.78	-0.70	-0.01	44705	0.022	0.006	0.702	-0.016	0.001	4.053
7.628	0.024	0.008	0.541	0.69	-0.08	-0.68	-5.62	-1.91	-0.20	44751	0.022	0.006	0.702	-0.015	0.001	4.040
7.637	0.026	0.008	0.541	0.62	-0.08	-0.68	-6.37	-0.86	0.19	44756	0.023	0.006	0.701	-0.015	0.001	4.028
7.646	0.027	0.011	0.541	0.55	-0.07	-0.68	-5.33	-3.43	0.11	44742	0.023	0.007	0.701	-0.015	0.002	4.016
7.658	0.029	0.010	0.541	0.50	-0.04	-0.68	-4.82	-3.10	-0.09	44728	0.024	0.007	0.700	-0.015	0.002	4.004
7.665	0.028	0.012	0.542	0.43	-0.01	-0.68	-5.02	-2.00	0.04	44632	0.024	0.008	0.700	-0.014	0.002	3.992
7.678	0.028	0.011	0.542	0.40	0.02	-0.68	-4.45	-2.27	-0.35	44618	0.025	0.008	0.700	-0.014	0.002	3.980
7.688	0.028	0.011	0.542	0.37	0.04	-0.68	-3.35	-1.03	-0.07	44617	0.025	0.009	0.699	-0.014	0.003	3.968
7.698	0.029	0.012	0.542	0.34	0.03	-0.68	-2.01	-0.46	-0.07	44597	0.025	0.009	0.699	-0.014	0.003	3.956
7.710	0.028	0.012	0.542	0.32	0.05	-0.68	-0.89	-0.03	-0.12	44649	0.026	0.009	0.699	-0.013	0.003	3.944
7.719	0.028	0.012	0.542	0.31	0.04	-0.68	-0.27	1.08	-0.23	44630	0.026	0.010	0.698	-0.013	0.003	3.933
7.728	0.028	0.012	0.542	0.31	0.03	-0.68	0.20	1.40	-0.06	44611	0.026	0.010	0.698	-0.013	0.003	3.921
7.737	0.028	0.010	0.542	0.33	0.02	-0.68	1.21	0.66	0.20	44588	0.026	0.010	0.697	-0.013	0.003	3.909
7.746	0.030	0.010	0.543	0.34	0.01	-0.68	0.87	-0.59	0.37	44566	0.027	0.010	0.697	-0.013	0.003	3.897
7.759	0.030	0.010	0.543	0.35	0.01	-0.68	0.49	-0.95	-0.07	44435	0.027	0.010	0.697	-0.013	0.003	3.886
7.766	0.033	0.010	0.544	0.35	0.01	-0.68	-0.82	-1.53	-0.49	44433	0.028	0.010	0.697	-0.012	0.003	3.874
7.779	0.031	0.010	0.544	0.33	0.03	-0.69	-2.18	-0.92	-0.63	44417	0.028	0.010	0.696	-0.012	0.003	3.862
7.788	0.031	0.010	0.547	0.31	0.04	-0.70	-2.42	-0.38	-0.93	44396	0.028	0.010	0.697	-0.012	0.003	3.851
7.799	0.031	0.010	0.547	0.28	0.04	-0.71	-3.14	-0.09	-0.62	43886	0.029	0.010	0.697	-0.012	0.004	3.840
7.812	0.031	0.010	0.548	0.25	0.04	-0.71	-3.41	0.16	-0.70	43859	0.029	0.010	0.697	-0.012	0.004	3.828
7.818	0.033	0.011	0.548	0.21	0.02	-0.72	-3.20	0.86	-0.12	43826	0.030	0.010	0.697	-0.011	0.004	3.817
7.829	0.031	0.011	0.548	0.18	0.03	-0.72	-3.42	0.37	0.09	43808	0.030	0.010	0.697	-0.011	0.004	3.806
7.838	0.032	0.011	0.549	0.15	0.03	-0.71	-2.41	-0.42	0.41	43776	0.030	0.010	0.697	-0.011	0.004	3.795
7.848	0.032	0.011	0.550	0.13	0.04	-0.71	-1.19	-1.22	0.05	43626	0.030	0.010	0.697	-0.011	0.004	3.784
7.858	0.029	0.008	0.550	0.15	0.08	-0.70	0.22	-2.82	0.61	43604	0.030	0.010	0.697	-0.011	0.004	3.772
7.868	0.033	0.010	0.551	0.15	0.09	-0.70	1.12	-2.86	-0.36	43587	0.030	0.010	0.697	-0.011	0.004	3.761
7.878	0.028	0.008	0.553	0.18	0.15	-0.70	2.90	-4.55	1.13	43574	0.030	0.009	0.697	-0.011	0.004	3.750
7.889	0.031	0.009	0.554	0.21	0.19	-0.69	4.01	-5.13	0.28	43185	0.030	0.009	0.697	-0.011	0.004	3.740
7.897	0.030	0.010	0.554	0.23	0.24	-0.69	1.96	-3.88	-0.58	43177	0.030	0.009	0.697	-0.011	0.004	3.729
7.913	0.037	0.010	0.555	0.24	0.23	-0.70	0.64	-2.84	-0.59	43178	0.031	0.009	0.697	-0.011	0.004	3.718
7.917	0.042	0.008	0.558	0.26	0.23	-0.71	1.01	-1.76	-0.46	43175	0.033	0.009	0.698	-0.010	0.004	3.707
7.928	0.041	0.006	0.559	0.28	0.27	-0.71	0.06	-2.83	0.75	42606	0.034	0.009	0.698	-0.009	0.003	3.697
7.938	0.041	0.006	0.560	0.27	0.28	-0.70	-1.76	-1.52	0.29	42612	0.035	0.008	0.699	-0.009	0.003	3.686
7.947	0.041	0.004	0.560	0.26	0.30	-0.69	-2.74	-0.43	0.95	42624	0.036	0.008	0.699	-0.009	0.003	3.676
7.957	0.043	0.007	0.561	0.21	0.29	-0.69	-3.56	0.53	1.21	42637	0.037	0.007	0.699	-0.008	0.003	3.665
7.967	0.041	0.008	0.563	0.15	0.29	-0.67	-5.82	0.73	1.09	42651	0.037	0.007	0.699	-0.008	0.003	3.655
7.978	0.043	0.009	0.563	0.09	0.27	-0.66	-5.70	1.10	1.02	42439	0.038	0.007	0.699	-0.007	0.003	3.645
7.988	0.041	0.009	0.564	0.03	0.28	-0.65	-5.53	0.38	1.06	42474	0.039	0.008	0.700	-0.007	0.003	3.634
7.998	0.041	0.009	0.564	-0.03	0.28	-0.64	-5.21	-0.65	1.27	42492	0.039	0.008	0.700	-0.007	0.003	3.624
8.007	0.041	0.008	0.564	-0.08	0.29	-0.63	-4.50	-1.69	1.34	42519	0.039	0.008	0.700	-0.007	0.003	3.614
8.018	0.039	0.013	0.565	-0.14	0.32	-0.61	-3.68	-2.21	1.37	42651	0.039	0.008	0.699	-0.007	0.004	3.603
8.029	0.039	0.013	0.565	-0.17	0.35	-0.60	-2.60	-2.90	1.50	42695	0.040	0.009	0.699	-0.007	0.004	3.593
8.038	0.039	0.010	0.565	-0.18	0.38	-0.58	-1.53	-3.51	1.13	42726	0.040	0.009	0.699	-0.007	0.004	3.583
8.048	0.038	0.012	0.566	-0.19	0.42	-0.57	0.10	-3.15	1.70	42766	0.040	0.009	0.699	-0.007	0.004	3.573
8.057	0.047	0.011	0.565	-0.19	0.40	-0.55	0.29	-1.39	1.47	42815	0.041	0.009	0.698	-0.007	0.004	3.563
8.067	0.043	0.013	0.566	-0.19	0.43	-0.54	2.10	-0.64	1.87	43005	0.041	0.010	0.698	-0.007	0.005	3.553
8.077	0.046	0.013	0.566	-0.17	0.41	-0.52	1.67	0.43	1.78	43076	0.042	0.010	0.698	-0.006	0.005	3.543
8.089	0.042	0.009	0.566	-0.13	0.42	-0.50	2.10	2.67	2.17	43147	0.042	0.010	0.697	-0.006	0.005	3.533
8.098	0.034	0.009	0.567	-0.11	0.44	-0.48	2.22	3.12	2.44	43197	0.041	0.010	0.697	-0.007	0.005	3.523
8.106	0.041	0.009	0.568	-0.09	0.36	-0.45	2.09	3.61	2.22	43014	0.041	0.009	0.697	-0.007	0.005	3.513
8.120	0.049	0.010	0.568	-0.08	0.28	-0.44	1.34	3.07	1.97	43070	0.043	0.009	0.696	-0.006	0.005	3.504
8.128	0.044	0.008	0.568	-0.06	0.28	-0.42	0.67	2.37	1.98	43108	0.043	0.009	0.696	-0.006	0.005	3.494
8.139	0.046	0.008	0.569	-0.06	0.25	-0.40	-0.12	1.28	2.05	43156	0.044	0.009	0.696	-0.006	0.005	3.484
8.148	0.044	0.010	0.569	-0.08	0.25	-0.38	-0.48	1.49	1.59	42979	0.044	0.009	0.695	-0.006	0.005	3.475
8.158	0.048	0.010	0.570	-0.09	0.22	-0.36	-1.19	0.04	1.30	43029	0.045	0.009	0.695	-0.006	0.005	3.465
8.169	0.048	0.010	0.570	-0.11	0.21	-0.35	-2.25	0.50	1.26	43056	0.045	0.009	0.695	-0.006	0.005	3.456
8.177	0.048	0.010	0.570	-0.12	0.22	-0.34	-1.98	-1.16	1.23	43111	0.046	0.009	0.694	-0.006	0.005	3.446
8.187	0.049	0.010	0.570	-0.14	0.22	-0.33	-2.12	-0.55	1.50	43180	0.046	0.009	0.694	-0.005	0.005	3.437
8.198	0.045	0.009	0.570	-0.14	0.25	-0.33	-2.21	-0.96	1.57	43143	0.046	0.009	0.694	-0.006	0.005	3.428
8.208	0.048	0.009	0.570	-0.18	0.25	-0.29	-1.89	-0.98	1.69	43134	0.047	0.009	0.693	-0.005	0.005	3.418
8.221	0.050	0.009	0.570	-0.18	0.24	-0.29	-1.19	-0.96	1.64	43278	0.047	0.009	0.693	-0.005	0.005	3.409
8.225	0.048	0.009	0.569	-0.21	0.27	-0.26	-0.69	0.03	1.83	43271	0.048	0.009	0.692	-0.005	0.005	3.400
8.238	0.049	0.011	0.569	-0.22	0.26	-0.24	-0.10	0.30	1.66	43657	0.048	0.009	0.691	-0.005	0.005	3.390
8.248	0.049	0.011	0.569	-0.22	0.26	-0.24	0.11	0.75	1.43	43722	0.049	0.010	0.691	-0.005	0.005	3.381
8.258	0.049	0.009	0.569	-0.21	0.26	-0.22	1.01	1.70	1.37	43717	0.049	0.009	0.690	-0.005	0.005	3.372
8.268	0.050	0.011	0.568	-0.21	0.24	-0.21	1.86	0.39	1.76	43794	0.049	0.010	0.689	-0.005	0.005	3.363
8.277	0.050	0.011	0.568	-0.19	0.23	-0.19	2.61	1.03	1.68	43924	0.050	0.010	0.688	-0.005	0.005	3.354
8.288	0.050	0.009	0.568	-0.15	0.22	-0.18	1.61	0.43	0.85	43920	0.050	0.010	0.688	-0.005	0.005	3.345
8.297	0.050	0.010	0.568	-0.14	0.22	-0.17	3.06	-1.07	1.54	43983	0.050	0.010	0.687	-0.005	0.005	3.336
8.308	0.050	0.010	0.567	-0.11	0.23	-0.16	2.51	-0.66	1.24	44037	0.050	0.010	0.686	-0.005	0.005	3.327
8.316	0.050	0.010	0.567	-0.09	0.23	-0.14	1.97	0.20	1.20	44144	0.051	0.010	0.685	-0.005	0.005	3.318
8.328	0.050	0.010	0.566	-0.07	0.23	-0.13	0.55	-0.74	1.52	44228	0.051	0.010	0.684	-0.005	0.005	3.309
8.339	0.052	0.010	0.566	-0.06	0.23	-0.11	1.26	1.42	-0.00	44296	0.051	0.010	0.684	-0.005	0.005	3.300
8.348	0.052	0.010	0.566	-0.05	0.22	-0.11	0.20	2.02	0.36	44344	0.052	0.010	0.683	-0.005	0.005	3.291
8.356	0.054	0.008	0.564	-0.04	0.19	-0.11	2.03	0.95	0.87	44380	0.052	0.010	0.682	-0.005	0.005	3.282
8.369	0.052	0.012	0.564	-0.05	0.18	-0.10	-0.51	2.05	0.76	44682	0.053	0.010	0.681	-0.005	0.005	3.273
8.377	0.053	0.012	0.563	-0.05	0.16	-0.10	0.44	1.62	0.51	44755	0.053	0.010	0.680	-0.005	0.005	3.264
8.387	0.053	0.012	0.563	-0.04	0.15	-0.09	0.14	0.34	0.43	44756	0.053	0.010	0.679	-0.005	0.006	3.255
8.397	0.053	0.012	0.562	-0.04	0.14	-0.09	0.31	0.56	0.51	44829	0.053	0.011	0.678	-0.005	0.006	3.247
8.409	0.053	0.012	0.563	-0.03	0.14	-0.08	0.33	-1.78	0.19	44831	0.054	0.011	0.677	-0.005	0.006	3.238
8.417	0.052	0.008	0.562	-0.01	0.16	-0.08	0.54	-2.36	-0.54	44689	0.054	0.010	0.676	-0.005	0.006	3.229
8.428	0.052	0.010	0.562	-0.01	0.18	-0.08	1.00	-1.95	-0.87	44708	0.054	0.010	0.675	-0.005	0.005	3.221
8.439	0.054	0.009	0.561	-0.00	0.19	-0.09	1.34	-0.89	-1.05	44726	0.054	0.010	0.675	-0.005	0.005	3.212
8.448	0.057	0.009	0.560	0.01	0.19	-0.10	1.61	-0.19	-0.93	44752	0.055	0.010	0.674	-0.005	0.005	3.203
8.456	0.055	0.011	0.559	0.02	0.20	-0.11	1.09	0.58	-0.64	44987	0.055	0.010	0.673	-0.005	0.005	3.195
8.469	0.053	0.011	0.559	0.03	0.21	-0.11	0.97	-0.24	-0.21	44996	0.055	0.010	0.672	-0.005	0.005	3.186
8.477	0.053	0.006	0.558	0.07	0.21	-0.12	0.59	0.48	-0.20	44997	0.055	0.010	0.671	-0.005	0.005	3.178
8.489	0.053	0.008	0.558	0.06	0.21	-0.12	0.09	0.76	-0.25	45002	0.055	0.010	0.670	-0.006	0.005	3.169
8.497	0.053	0.012	0.558	0.05	0.20	-0.12	0.31	1.23	0.00	45008	0.055	0.010	0.669	-0.006	0.005	3.161
8.508	0.053	0.012	0.557	0.05	0.19	-0.12	0.32	0.86	-0.70	44966	0.055	0.010	0.668	-0.006	0.005	3.152
8.515	0.054	0.010	0.557	0.07	0.18	-0.13	0.66	0.25	-0.74	44948	0.056	0.010	0.668	-0.006	0.005	3.144
8.529	0.054	0.008	0.557	0.09	0.17	-0.14	1.24	0.98	-0.71	44940	0.056	0.010	0.667	-0.006	0.005	3.136
8.537	0.054	0.008	0.556	0.10	0.16	-0.15	1.27	1.07	-0.59	44895	0.056	0.010	0.666	-0.006	0.005	3.127
8.548	0.052	0.012	0.556	0.09	0.16	-0.15	0.91	0.89	-0.36	44834	0.056	0.010	0.665	-0.007	0.005	3.119
8.557	0.052	0.012	0.556	0.10	0.15	-0.16	-0.13	2.10	0.02	44785	0.055	0.010	0.665	-0.007	0.005	3.111
8.566	0.054	0.012	0.556	0.10	0.12	-0.16	-0.52	1.89	-0.11	44786	0.056	0.011	0.664	-0.007	0.006	3.103
8.574	0.054	0.012	0.554	0.10	0.10	-0.16	-0.52	1.99	-0.26	44743	0.056	0.011	0.663	-0.007	0.006	3.094
8.587	0.054	0.012	0.554	0.10	0.08	-0.16	0.03	2.60	-0.28	44977	0.056	0.011	0.662	-0.007	0.006	3.086
8.599	0.054	0.012	0.553	0.10	0.06	-0.16	0.75	0.98	-0.52	44936	0.056	0.011	0.661	-0.007	0.006	3.078
8.608	0.055	0.012	0.553	0.11	0.04	-0.17	1.79	0.27	-0.67	44938	0.056	0.011	0.660	-0.007	0.006	3.070
8.618	0.052	0.016	0.553	0.10	0.05	-0.17	2.25	-0.15	-0.65	44917	0.056	0.012	0.660	-0.008	0.006	3.062
8.628	0.052	0.018	0.552	0.11	0.05	-0.18	1.94	-0.31	-1.05	44898	0.056	0.013	0.659	-0.008	0.007	3.053
8.637	0.048	0.020	0.552	0.12	0.08	-0.19	1.88	-1.09	-0.87	44920	0.055	0.013	0.658	-0.008	0.007	3.045
8.648	0.050	0.015	0.552	0.16	0.08	-0.20	2.49	-0.47	-0.45	44898	0.055	0.014	0.657	-0.009	0.007	3.037
8.658	0.050	0.021	0.551	0.15	0.09	-0.21	2.02	0.11	-0.33	44868	0.054	0.015	0.657	-0.009	0.007	3.029
8.668	0.050	0.021	0.552	0.17	0.09	-0.21	1.33	0.69	-0.13	44842	0.054	0.015	0.656	-0.009	0.008	3.022
8.678	0.044	0.037	0.552	0.10	0.12	-0.21	1.20	1.98	-0.03	44624	0.053	0.018	0.656	-0.010	0.009	3.014
8.687	0.044	0.038	0.552	0.11	0.11	-0.21	1.47	1.49	-0.09	44603	0.052	0.021	0.655	-0.011	0.010	3.006
8.697	0.044	0.038	0.552	0.12	0.09	-0.21	2.15	1.58	-0.33	44522	0.051	0.023	0.655	-0.011	0.012	2.998
8.709	0.043	0.038	0.552	0.14	0.07	-0.22	3.52	1.61	-0.43	44522	0.050	0.025	0.654	-0.012	0.013	2.990
8.716	0.044	0.035	0.551	0.19	0.06	-0.22	5.19	1.21	-0.48	44489	0.050	0.026	0.654	-0.012	0.013	2.983
8.731	0.044	0.035	0.551	0.24	0.04	-0.23	6.69	1.33	-0.76	44600	0.049	0.028	0.653	-0.012	0.014	2.975
8.736	0.046	0.034	0.551	0.30	0.01	-0.23	6.37	1.72	-1.04	44582	0.049	0.029	0.652	-0.013	0.014	2.967
8.748	0.046	0.034	0.551	0.37	-0.00	-0.24	6.20	2.65	-1.00	44557	0.049	0.029	0.652	-0.013	0.014	2.959
8.758	0.051	0.033	0.551	0.44	-0.06	-0.25	5.48	3.23	-0.61	44539	0.049	0.030	0.651	-0.013	0.015	2.952
8.767	0.051	0.033	0.551	0.50	-0.09	-0.26	5.00	3.77	-0.74	44410	0.050	0.031	0.651	-0.013	0.015	2.944
8.777	0.047	0.045	0.551	0.48	-0.10	-0.26	3.88	4.08	-0.39	44389	0.049	0.033	0.650	-0.013	0.016	2.937
8.789	0.047	0.046	0.551	0.52	-0.14	-0.27	3.15	3.03	-0.10	44374	0.049	0.034	0.650	-0.013	0.017	2.929
8.794	0.043	0.045	0.551	0.56	-0.16	-0.27	2.16	1.71	-0.35	44345	0.049	0.036	0.649	-0.013	0.017	2.922
8.808	0.037	0.053	0.551	0.55	-0.14	-0.27	1.59	0.35	-0.13	44316	0.047	0.038	0.649	-0.014	0.018	2.914
8.816	0.037	0.057	0.551	0.55	-0.15	-0.28	2.15	-1.10	-0.27	44302	0.046	0.041	0.648	-0.015	0.019	2.907
8.828	0.039	0.049	0.551	0.61	-0.15	-0.28	2.42	-1.70	-0.17	44268	0.046	0.042	0.648	-0.015	0.020	2.900
8.838	0.037	0.055	0.551	0.60	-0.12	-0.28	2.58	-2.02	-0.60	44243	0.045	0.044	0.648	-0.016	0.021	2.892
8.849	0.037	0.055	0.549	0.63	-0.10	-0.29	2.32	-0.68	-0.50	44244	0.044	0.046	0.647	-0.016	0.021	2.885
8.858	0.037	0.056	0.549	0.65	-0.09	-0.29	2.54	0.47	-0.68	44554	0.043	0.047	0.646	-0.017	0.022	2.878
8.867	0.035	0.055	0.549	0.69	-0.08	-0.30	3.32	1.68	-0.24	44554	0.042	0.048	0.646	-0.017	0.022	2.870
8.876	0.035	0.055	0.549	0.72	-0.09	-0.30	2.55	3.80	-0.00	44529	0.041	0.050	0.645	-0.018	0.023	2.863
8.887	0.040	0.055	0.549	0.76	-0.15	-0.30	2.96	4.30	0.07	44529	0.041	0.051	0.644	-0.018	0.023	2.856
8.897	0.039	0.056	0.549	0.78	-0.18	-0.30	3.69	4.44	-0.51	44612	0.041	0.052	0.644	-0.018	0.024	2.849
8.909	0.042	0.055	0.548	0.82	-0.25	-0.30	4.02	4.89	-0.57	44616	0.041	0.052	0.643	-0.018	0.024	2.841
8.917	0.043	0.056	0.548	0.86	-0.31	-0.30	4.28	4.29	-0.55	44608	0.041	0.053	0.642	-0.018	0.024	2.834
8.928	0.043	0.053	0.548	0.92	-0.36	-0.31	3.87	2.27	-0.53	44607	0.041	0.053	0.642	-0.017	0.024	2.827
8.938	0.043	0.053	0.548	0.96	-0.38	-0.31	2.48	1.13	-0.94	44561	0.041	0.054	0.641	-0.017	0.024	2.820
8.947	0.043	0.053	0.548	0.99	-0.40	-0.32	1.12	0.18	-0.87	44573	0.042	0.054	0.641	-0.017	0.024	2.813
8.955	0.043	0.054	0.548	1.00	-0.40	-0.33	-0.56	-1.17	-0.71	44578	0.042	0.054	0.640	-0.017	0.024	2.806
8.968	0.043	0.054	0.548	0.99	-0.38	-0.33	-2.00	-3.20	-0.64	44569	0.042	0.054	0.640	-0.017	0.024	2.799
8.975	0.043	0.054	0.548	0.97	-0.35	-0.34	-3.95	-2.75	-0.52	44564	0.042	0.055	0.639	-0.017	0.024	2.792
8.987	0.040	0.055	0.548	0.93	-0.31	-0.35	-4.45	-3.39	-0.44	44587	0.042	0.055	0.639	-0.017	0.024	2.785
8.997	0.038	0.055	0.548	0.89	-0.26	-0.35	-5.05	-3.23	-0.83	44584	0.041	0.055	0.638	-0.017	0.024	2.778
9.004	0.037	0.054	0.548	0.84	-0.23	-0.36	-5.73	-3.12	-0.66	44564	0.041	0.055	0.638	-0.017	0.024	2.772
9.017	0.039	0.046	0.548	0.83	-0.21	-0.37	-5.01	-2.53	-0.29	44550	0.040	0.054	0.638	-0.018	0.023	2.765
9.026	0.036	0.049	0.548	0.77	-0.16	-0.37	-4.01	-3.04	-0.72	44466	0.040	0.054	0.637	-0.018	0.023	2.758
9.039	0.053	0.041	0.548	0.78	-0.22	-0.38	-3.36	-2.22	-0.99	44459	0.041	0.052	0.637	-0.017	0.022	2.751
9.047	0.052	0.035	0.548	0.77	-0.20	-0.39	-3.32	-1.30	-1.19	44442	0.043	0.050	0.636	-0.016	0.021	2.745
9.057	0.050	0.034	0.548	0.75	-0.17	-0.40	-2.96	-0.42	-1.20	44414	0.043	0.048	0.636	-0.016	0.020	2.738
9.067	0.054	0.034	0.548	0.71	-0.18	-0.41	-3.48	-0.14	-1.01	44399	0.045	0.047	0.636	-0.015	0.019	2.731
9.076	0.054	0.037	0.548	0.66	-0.18	-0.42	-4.70	-0.94	-0.58	44407	0.046	0.046	0.635	-0.015	0.018	2.725
9.087	0.054	0.037	0.548	0.61	-0.17	-0.43	-7.46	-0.61	-0.36	44406	0.047	0.045	0.635	-0.014	0.018	2.718
9.098	0.056	0.039	0.548	0.54	-0.18	-0.44	-8.54	-0.66	0.36	44401	0.048	0.044	0.634	-0.014	0.017	2.712
9.108	0.056	0.038	0.547	0.45	-0.17	-0.43	-10.44	-0.77	-0.46	44388	0.049	0.043	0.634	-0.013	0.017	2.705
9.118	0.056	0.038	0.547	0.35	-0.17	-0.44	-11.78	-2.14	-0.59	44540	0.050	0.043	0.633	-0.013	0.017	2.699
9.126	0.053	0.041	0.547	0.22	-0.13	-0.44	-11.48	-2.93	-0.96	44544	0.050	0.042	0.633	-0.012	0.017	2.692
9.143	0.054	0.040	0.547	0.10	-0.11	-0.45	-11.72	-3.27	-0.96	44522	0.051	0.042	0.632	-0.012	0.016	2.686
9.151	0.055	0.043	0.547	-0.03	-0.08	-0.46	-10.15	-5.32	-1.40	44505	0.051	0.042	0.632	-0.012	0.016	2.679
9.162	0.071	0.029	0.545	-0.06	-0.12	-0.47	-8.78	-5.11	-0.10	44497	0.054	0.040	0.631	-0.011	0.016	2.673
9.172	0.071	0.029	0.545	-0.15	-0.06	-0.47	-6.37	-5.31	-0.24	44775	0.056	0.039	0.630	-0.010	0.015	2.666
9.176	0.072	0.029	0.545	-0.22	-0.01	-0.48	-5.05	-4.45	-0.06	44759	0.058	0.038	0.630	-0.009	0.014	2.660
9.188	0.068	0.030	0.545	-0.28	0.05	-0.48	-4.66	-3.05	-0.65	44740	0.059	0.037	0.629	-0.008	0.014	2.654
9.200	0.063	0.031	0.545	-0.33	0.12	-0.48	-4.29	-1.57	-0.57	44724	0.060	0.036	0.629	-0.008	0.013	2.647
9.208	0.063	0.031	0.545	-0.38	0.14	-0.49	-2.32	-2.52	-0.08	44724	0.060	0.035	0.628	-0.007	0.013	2.641
9.217	0.064	0.031	0.545	-0.40	0.16	-0.49	-1.53	-2.79	-0.34	44708	0.061	0.035	0.627	-0.007	0.013	2.635
9.227	0.074	0.022	0.545	-0.38	0.13	-0.49	-0.73	-3.57	-0.55	44684	0.063	0.033	0.627	-0.006	0.012	2.628
9.238	0.064	0.023	0.545	-0.39	0.22	-0.50	0.07	-2.85	-0.55	44661	0.063	0.032	0.626	-0.006	0.012	2.622
9.247	0.083	0.019	0.545	-0.37	0.15	-0.50	0.33	-3.10	-0.48	44634	0.066	0.030	0.626	-0.005	0.011	2.616
9.256	0.083	0.018	0.545	-0.37	0.19	-0.51	0.42	-3.65	-0.84	44636	0.068	0.028	0.626	-0.004	0.010	2.610
9.267	0.084	0.014	0.545	-0.35	0.22	-0.51	-1.00	-4.23	-0.75	44620	0.070	0.026	0.625	-0.003	0.009	2.604
9.278	0.098	0.010	0.545	-0.34	0.18	-0.52	-2.38	-4.18	-1.33	44592	0.074	0.024	0.625	-0.001	0.008	2.598
9.287	0.099	0.010	0.546	-0.36	0.22	-0.53	-3.04	-4.31	-0.86	44598	0.077	0.022	0.625	0.000	0.007	2.592
9.297	0.100	0.010	0.547	-0.39	0.26	-0.54	-3.76	-3.85	-0.84	44283	0.080	0.021	0.624	0.002	0.006	2.586
9.305	0.100	0.009	0.547	-0.43	0.30	-0.55	-5.17	-5.27	-0.59	44271	0.083	0.019	0.624	0.003	0.006	2.580
9.317	0.092	0.008	0.547	-0.47	0.40	-0.56	-7.34	-5.38	-0.61	44263	0.085	0.018	0.624	0.003	0.005	2.574
9.326	0.092	0.010	0.547	-0.55	0.46	-0.56	-7.40	-6.86	-0.33	44242	0.086	0.016	0.624	0.004	0.005	2.568
9.336	0.095	0.012	0.547	-0.64	0.51	-0.57	-6.74	-8.02	0.16	44128	0.088	0.016	0.624	0.004	0.004	2.563
9.348	0.096	0.012	0.547	-0.71	0.59	-0.57	-5.15	-10.05	0.49	44117	0.089	0.015	0.624	0.005	0.004	2.557
9.357	0.087	0.013	0.548	-0.77	0.74	-0.56	-4.37	-10.21	-0.49	44108	0.089	0.014	0.623	0.005	0.004	2.551
9.368	0.104	0.005	0.548	-0.78	0.75	-0.56	-3.16	-10.82	-0.27	44089	0.092	0.013	0.623	0.006	0.003	2.545
9.380	0.105	0.005	0.547	-0.81	0.85	-0.57	-1.47	-9.51	-0.74	44255	0.094	0.012	0.623	0.006	0.003	2.540
9.387	0.105	0.004	0.547	-0.82	0.94	-0.57	1.26	-9.25	-0.06	44247	0.096	0.011	0.622	0.007	0.002	2.534
9.396	0.106	0.004	0.547	-0.81	1.04	-0.57	1.14	-7.30	-0.29	44257	0.098	0.010	0.622	0.008	0.002	2.528
9.406	0.104	0.008	0.547	-0.83	1.12	-0.57	1.32	-4.03	-1.23	44260	0.099	0.009	0.622	0.008	0.002	2.523
9.417	0.107	0.004	0.548	-0.79	1.15	-0.58	1.73	-3.01	-0.39	44254	0.101	0.008	0.621	0.008	0.002	2.517
9.429	0.102	0.006	0.548	-0.79	1.22	-0.59	0.72	-1.00	-0.34	44111	0.101	0.008	0.621	0.008	0.001	2.511
9.438	0.102	0.006	0.548	-0.78	1.23	-0.59	-1.61	0.60	-0.53	44113	0.102	0.008	0.621	0.008	0.001	2.506
9.451	0.103	0.006	0.548	-0.79	1.23	-0.60	-2.42	1.75	-0.26	44108	0.103	0.007	0.621	0.008	0.001	2.500
9.457	0.105	0.004	0.548	-0.81	1.20	-0.60	-3.02	2.81	0.13	44086	0.104	0.007	0.620	0.008	0.001	2.495
9.467	0.105	0.004	0.548	-0.84	1.17	-0.60	-2.03	3.86	0.64	44074	0.105	0.006	0.620	0.009	0.001	2.489
9.478	0.106	0.004	0.548	-0.86	1.14	-0.60	-2.19	4.54	0.06	44075	0.106	0.006	0.620	0.009	0.001	2.484
9.486	0.106	0.003	0.548	-0.88	1.09	-0.60	-1.34	3.57	0.31	44061	0.106	0.005	0.619	0.008	0.001	2.479
9.496	0.106	0.003	0.548	-0.89	1.05	-0.60	-0.58	3.10	0.51	44045	0.107	0.005	0.619	0.008	0.001	2.473
9.506	0.107	0.006	0.548	-0.91	1.02	-0.59	-0.09	2.79	-0.19	44038	0.108	0.005	0.619	0.008	0.001	2.468
9.515	0.105	0.008	0.548	-0.93	1.01	-0.59	0.08	3.04	-0.33	44154	0.108	0.005	0.618	0.008	0.001	2.463
9.527	0.105	0.008	0.548	-0.93	0.98	-0.60	0.17	2.34	-0.76	44168	0.109	0.005	0.618	0.008	0.001	2.457
9.537	0.105	0.008	0.548	-0.92	0.96	-0.60	2.65	1.28	-0.25	44180	0.109	0.006	0.618	0.008	0.001	2.452
9.546	0.105	0.010	0.547	-0.91	0.95	-0.61	3.73	1.71	0.48	44191	0.109	0.006	0.617	0.007	0.001	2.447
9.555	0.105	0.011	0.547	-0.88	0.93	-0.61	6.63	1.83	0.90	44363	0.110	0.007	0.617	0.007	0.002	2.441
9.567	0.105	0.011	0.547	-0.82	0.91	-0.60	7.63	1.86	0.91	44384	0.110	0.007	0.616	0.007	0.002	2.436
9.578	0.106	0.012	0.547	-0.75	0.89	-0.59	7.73	3.45	-0.44	44389	0.110	0.008	0.616	0.006	0.002	2.431
9.587	0.108	0.013	0.547	-0.67	0.84	-0.59	10.54	2.71	0.78	44385	0.111	0.008	0.615	0.006	0.003	2.426
9.597	0.109	0.008	0.546	-0.55	0.82	-0.59	9.12	3.42	0.06	44536	0.111	0.008	0.615	0.006	0.003	2.421
9.608	0.111	0.007	0.546	-0.45	0.77	-0.59	9.28	2.13	-0.23	44557	0.112	0.008	0.614	0.006	0.003	2.416
9.614	0.116	0.005	0.546	-0.34	0.72	-0.59	8.88	1.08	0.21	44563	0.113	0.008	0.613	0.006	0.002	2.411
9.628	0.116	0.001	0.546	-0.23	0.71	-0.59	8.37	1.85	0.02	44563	0.115	0.007	0.613	0.006	0.002	2.405
9.637	0.116	0.001	0.547	-0.15	0.69	-0.59	6.88	0.03	-0.16	44569	0.116	0.006	0.613	0.006	0.002	2.400
9.647	0.109	0.004	0.547	-0.10	0.73	-0.59	3.80	0.21	-0.31	44365	0.116	0.006	0.612	0.006	0.002	2.396
9.654	0.109	0.004	0.547	-0.06	0.73	-0.59	1.93	-0.54	-0.46	44378	0.116	0.006	0.612	0.005	0.001	2.391
9.668	0.109	0.009	0.547	-0.06	0.74	-0.60	-1.04	0.64	-0.17	44382	0.116	0.006	0.612	0.005	0.002	2.386
9.677	0.105	0.013	0.548	-0.09	0.75	-0.60	-3.29	2.52	0.03	44374	0.115	0.007	0.612	0.004	0.002	2.381
9.687	0.105	0.012	0.548	-0.11	0.73	-0.60	-3.72	4.13	-0.43	44231	0.115	0.008	0.611	0.003	0.002	2.376
9.698	0.108	0.012	0.548	-0.15	0.68	-0.60	-4.23	5.12	0.21	44224	0.115	0.008	0.611	0.003	0.003	2.371
9.706	0.109	0.009	0.548	-0.18	0.62	-0.60	-3.28	6.30	0.61	44208	0.115	0.008	0.611	0.002	0.003	2.366
9.716	0.104	0.015	0.548	-0.25	0.60	-0.60	-2.36	5.41	-0.20	44192	0.115	0.009	0.611	0.002	0.003	2.362
9.728	0.101	0.016	0.548	-0.27	0.56	-0.60	-1.06	6.91	-0.23	44186	0.114	0.010	0.610	0.001	0.004	2.357
9.738	0.098	0.016	0.548	-0.29	0.51	-0.61	-0.12	5.83	0.31	44110	0.113	0.011	0.610	-0.000	0.004	2.352
9.749	0.101	0.016	0.548	-0.29	0.43	-0.61	3.31	6.05	0.46	44104	0.112	0.012	0.610	-0.001	0.004	2.348
9.757	0.100	0.017	0.548	-0.26	0.38	-0.60	4.39	5.84	0.08	44083	0.111	0.012	0.610	-0.002	0.004	2.343
9.767	0.101	0.022	0.549	-0.25	0.31	-0.60	4.56	7.85	-0.67	44071	0.111	0.014	0.610	-0.003	0.005	2.338
9.778	0.103	0.025	0.549	-0.22	0.23	-0.60	5.60	8.72	0.03	43962	0.111	0.015	0.609	-0.003	0.006	2.334
9.787	0.103	0.025	0.549	-0.16	0.15	-0.60	6.91	8.22	0.19	43958	0.110	0.017	0.609	-0.004	0.006	2.329
9.796	0.103	0.026	0.549	-0.10	0.07	-0.60	8.16	7.05	1.22	43953	0.110	0.018	0.609	-0.004	0.007	2.325
9.806	0.102	0.026	0.549	-0.02	-0.01	-0.59	8.16	5.46	1.20	43937	0.110	0.019	0.609	-0.005	0.007	2.320
9.815	0.102	0.026	0.548	0.06	-0.07	-0.58	9.23	5.42	1.24	44163	0.110	0.020	0.608	-0.005	0.008	2.316
9.822	0.105	0.022	0.548	0.17	-0.14	-0.57	9.81	3.88	0.99	44175	0.110	0.020	0.608	-0.006	0.008	2.311
9.837	0.108	0.020	0.548	0.28	-0.20	-0.57	9.75	2.07	0.70	44176	0.110	0.021	0.607	-0.006	0.008	2.307
9.847	0.106	0.016	0.548	0.40	-0.21	-0.56	9.35	0.95	0.42	44167	0.110	0.020	0.607	-0.006	0.008	2.302
9.856	0.100	0.023	0.548	0.46	-0.18	-0.55	7.62	-0.50	0.54	44174	0.110	0.021	0.606	-0.007	0.008	2.298
9.867	0.100	0.025	0.548	0.53	-0.18	-0.55	6.56	0.26	0.38	44264	0.109	0.022	0.606	-0.007	0.008	2.293
9.875	0.100	0.026	0.548	0.60	-0.18	-0.54	4.82	0.88	0.29	44266	0.109	0.022	0.606	-0.008	0.008	2.289
9.887	0.102	0.025	0.548	0.65	-0.20	-0.54	2.08	2.63	-0.12	44246	0.109	0.023	0.605	-0.008	0.009	2.284
9.897	0.102	0.025	0.547	0.68	-0.22	-0.54	-0.10	4.47	-0.20	44218	0.108	0.023	0.605	-0.009	0.009	2.280
9.907	0.102	0.025	0.547	0.68	-0.27	-0.54	-1.82	6.53	-0.17	44250	0.108	0.024	0.604	-0.009	0.009	2.276
9.914	0.102	0.025	0.547	0.67	-0.33	-0.54	-3.48	10.02	0.41	44247	0.108	0.024	0.604	-0.010	0.009	2.272
9.925	0.104	0.028	0.547	0.62	-0.44	-0.54	-4.55	11.33	0.87	44232	0.108	0.025	0.603	-0.010	0.009	2.267
9.937	0.110	0.030	0.547	0.56	-0.58	-0.53	-5.59	13.55	0.75	44206	0.109	0.025	0.603	-0.010	0.009	2.263
9.946	0.098	0.029	0.548	0.51	-0.65	-0.52	-5.55	16.04	0.73	44169	0.108	0.026	0.603	-0.011	0.010	2.259
9.957	0.098	0.029	0.548	0.46	-0.80	-0.51	-5.73	20.44	0.50	44092	0.107	0.027	0.602	-0.011	0.010	2.255
9.966	0.098	0.026	0.548	0.42	-1.00	-0.51	-2.39	22.80	0.89	44049	0.107	0.027	0.602	-0.012	0.010	2.251
9.974	0.102	0.028	0.548	0.38	-1.24	-0.50	4.52	26.55	1.72	43958	0.106	0.027	0.602	-0.012	0.010	2.246
9.987	0.102	0.028	0.548	0.42	-1.51	-0.48	13.83	28.86	2.31	43857	0.106	0.027	0.601	-0.012	0.010	2.242
9.996	0.107	0.030	0.548	0.53	-1.82	-0.46	26.21	31.13	0.92	43736	0.107	0.028	0.601	-0.012	0.010	2.238
10.005	0.086	0.037	0.548	0.74	-2.01	-0.44	38.16	31.08	-3.13	43589	0.104	0.029	0.601	-0.014	0.011	2.234
10.017	0.091	0.034	0.549	1.12	-2.35	-0.46	45.32	22.75	-9.35	43411	0.103	0.030	0.601	-0.014	0.011	2.230
10.024	0.085	0.042	0.549	1.51	-2.56	-0.54	40.40	12.97	-14.83	43229	0.101	0.032	0.601	-0.016	0.012	2.226
10.039	0.085	0.035	0.549	1.95	-2.70	-0.68	27.26	-5.02	-19.39	43083	0.099	0.032	0.600	-0.017	0.012	2.223
10.047	0.085	0.036	0.550	2.24	-2.69	-0.86	6.91	-22.06	-22.97	42963	0.097	0.033	0.600	-0.017	0.012	2.219
10.057	0.095	0.035	0.550	2.33	-2.55	-1.09	-10.47	-34.73	-26.41	42934	0.097	0.033	0.600	-0.018	0.012	2.215
10.067	0.083	0.039	0.551	2.22	-2.16	-1.37	-30.81	-44.27	-28.40	42955	0.095	0.034	0.600	-0.019	0.013	2.211
10.077	0.079	0.045	0.552	1.90	-1.72	-1.67	-51.56	-48.93	-28.06	42977	0.093	0.035	0.600	-0.020	0.013	2.208
10.088	0.089	0.042	0.552	1.42	-1.30	-1.96	-67.87	-39.69	-27.35	42822	0.093	0.036	0.600	-0.020	0.014	2.204
10.097	0.075	0.046	0.553	0.74	-0.82	-2.24	-81.66	-19.37	-25.36	42927	0.091	0.037	0.600	-0.021	0.014	2.200
10.106	0.090	0.043	0.553	-0.04	-0.67	-2.50	-87.32	3.56	-21.29	43066	0.091	0.038	0.600	-0.021	0.015	2.197
10.115	0.089	0.057	0.552	-0.99	-0.66	-2.72	-83.33	23.21	-16.37	43251	0.090	0.040	0.599	-0.021	0.016	2.193
10.127	0.094	0.058	0.552	-1.84	-0.88	-2.90	-64.80	38.55	-10.94	43749	0.091	0.043	0.599	-0.021	0.017	2.190
10.140	0.099	0.043	0.551	-2.44	-1.27	-3.03	-45.14	47.52	-5.89	43926	0.092	0.043	0.599	-0.020	0.017	2.186
10.147	0.106	0.038	0.551	-2.89	-1.77	-3.11	-25.21	48.60	-1.35	44020	0.093	0.042	0.598	-0.019	0.017	2.183
10.156	0.104	0.027	0.551	-3.11	-2.25	-3.16	-5.25	39.09	2.89	44073	0.094	0.041	0.598	-0.019	0.016	2.179
10.172	0.100	0.029	0.550	-3.20	-2.63	-3.15	16.80	24.32	5.48	44123	0.095	0.040	0.597	-0.018	0.015	2.175
10.177	0.100	0.029	0.550	-3.07	-2.90	-3.12	36.38	11.49	7.54	44330	0.095	0.039	0.597	-0.018	0.014	2.172
10.189	0.114	0.028	0.550	-2.73	-3.11	-3.05	49.60	3.02	11.04	44333	0.097	0.038	0.596	-0.017	0.014	2.168
10.198	0.109	0.038	0.550	-2.31	-3.13	-2.96	50.83	-0.92	14.33	44346	0.098	0.038	0.596	-0.016	0.014	2.165
10.208	0.107	0.041	0.550	-1.80	-3.11	-2.82	47.03	3.42	15.63	44327	0.099	0.039	0.595	-0.015	0.014	2.161
10.217	0.109	0.040	0.550	-1.31	-3.14	-2.66	38.13	-0.02	16.12	44257	0.100	0.039	0.595	-0.015	0.014	2.158
10.226	0.108	0.031	0.549	-0.85	-3.15	-2.50	26.53	-18.30	17.33	44190	0.100	0.039	0.594	-0.014	0.013	2.155
10.234	0.103	0.043	0.549	-0.62	-2.97	-2.34	17.93	-38.72	16.92	44121	0.100	0.039	0.594	-0.014	0.013	2.151
10.249	0.103	0.042	0.549	-0.42	-2.61	-2.16	11.92	-55.42	14.77	44081	0.100	0.040	0.594	-0.014	0.014	2.148
10.257	0.101	0.042	0.550	-0.28	-2.06	-2.01	5.29	-67.73	13.05	43899	0.100	0.041	0.593	-0.014	0.014	2.145
10.269	0.108	0.063	0.550	-0.33	-1.44	-1.88	0.82	-74.03	12.93	43824	0.101	0.044	0.593	-0.013	0.015	2.141
10.277	0.106	0.063	0.550	-0.31	-0.68	-1.75	-0.99	-76.29	16.94	43726	0.101	0.047	0.593	-0.013	0.016	2.138
10.287	0.111	0.061	0.550	-0.30	0.05	-1.58	-2.31	-76.25	22.36	43619	0.102	0.049	0.592	-0.012	0.017	2.135
10.297	0.109	0.061	0.552	-0.32	0.84	-1.37	-1.15	-69.23	27.61	43485	0.103	0.051	0.592	-0.012	0.018	2.132
10.307	0.117	0.057	0.552	-0.31	1.49	-1.09	6.18	-54.63	30.28	42988	0.105	0.052	0.592	-0.011	0.018	2.129
10.316	0.116	0.056	0.553	-0.26	2.07	-0.79	18.36	-40.15	32.30	42873	0.106	0.053	0.592	-0.010	0.018	2.126
10.327	0.130	0.051	0.553	-0.07	2.41	-0.47	32.96	-28.19	32.97	42766	0.109	0.053	0.592	-0.009	0.018	2.123
10.333	0.128	0.050	0.556	0.23	2.73	-0.14	42.72	-24.55	33.83	42641	0.111	0.054	0.593	-0.008	0.018	2.120
10.347	0.127	0.052	0.556	0.62	2.99	0.20	41.86	-23.46	32.62	42130	0.114	0.054	0.593	-0.007	0.018	2.117
10.357	0.136	0.048	0.557	1.05	3.18	0.53	36.34	-24.78	32.02	42047	0.116	0.054	0.593	-0.005	0.017	2.114
10.368	0.139	0.048	0.557	1.41	3.43	0.84	25.34	-22.60	31.83	41983	0.119	0.054	0.593	-0.004	0.017	2.112
10.375	0.134	0.053	0.558	1.63	3.70	1.15	14.55	-10.35	31.11	41947	0.122	0.054	0.594	-0.003	0.017	2.109
10.385	0.138	0.053	0.559	1.78	3.82	1.46	5.71	5.16	30.22	41935	0.124	0.055	0.594	-0.002	0.017	2.106
10.397	0.142	0.052	0.560	1.84	3.78	1.77	-5.55	18.53	29.18	41701	0.127	0.055	0.594	-0.001	0.017	2.104
10.406	0.143	0.053	0.560	1.78	3.62	2.07	-17.89	22.65	29.76	41632	0.129	0.055	0.594	-0.000	0.016	2.101
10.417	0.143	0.053	0.561	1.60	3.40	2.37	-25.54	18.45	28.50	41582	0.131	0.055	0.594	0.001	0.016	2.098
10.428	0.141	0.053	0.561	1.34	3.24	2.66	-25.27	9.37	27.76	41566	0.133	0.055	0.595	0.001	0.016	2.096
10.436	0.141	0.055	0.562	1.06	3.14	2.94	-19.30	3.89	25.76	41621	0.134	0.056	0.595	0.002	0.016	2.094
10.446	0.141	0.051	0.562	0.87	3.10	3.20	-15.56	1.77	23.71	41669	0.136	0.055	0.595	0.002	0.016	2.091
10.456	0.143	0.053	0.563	0.69	3.08	3.44	-9.63	2.73	21.72	41703	0.137	0.055	0.595	0.003	0.015	2.089
10.464	0.143	0.053	0.563	0.57	3.05	3.66	-1.34	1.69	19.80	41735	0.139	0.056	0.595	0.003	0.015	2.086
10.476	0.143	0.054	0.564	0.53	3.04	3.86	6.46	-1.22	17.99	41781	0.140	0.056	0.594	0.003	0.015	2.084
10.484	0.149	0.056	0.564	0.56	3.01	4.05	14.58	-4.09	16.02	41813	0.142	0.056	0.594	0.004	0.015	2.082
10.496	0.149	0.057	0.564	0.68	3.04	4.21	18.06	-5.54	13.87	41852	0.144	0.057	0.594	0.004	0.015	2.079
10.507	0.152	0.054	0.565	0.87	3.09	4.35	25.42	-6.44	11.76	41931	0.146	0.057	0.594	0.005	0.015	2.077
10.517	0.153	0.051	0.564	1.13	3.15	4.47	34.47	-1.83	9.89	42028	0.147	0.056	0.594	0.005	0.015	2.075
10.527	0.157	0.055	0.565	1.43	3.15	4.57	40.94	9.18	7.59	42210	0.149	0.057	0.594	0.005	0.014	2.073
10.536	0.160	0.050	0.565	1.86	3.06	4.65	37.95	20.32	6.25	42364	0.152	0.056	0.593	0.006	0.014	2.071
10.543	0.156	0.057	0.565	2.19	2.90	4.72	26.74	32.34	4.95	42540	0.153	0.057	0.593	0.006	0.014	2.068
10.552	0.161	0.056	0.564	2.48	2.57	4.78	14.99	44.75	3.07	42696	0.155	0.057	0.593	0.007	0.014	2.066
10.567	0.164	0.057	0.564	2.65	2.12	4.84	6.31	53.54	0.29	42926	0.157	0.057	0.592	0.007	0.014	2.064
10.576	0.166	0.057	0.564	2.72	1.59	4.87	-7.70	63.02	-3.49	43052	0.160	0.057	0.592	0.008	0.014	2.062
10.586	0.164	0.058	0.563	2.65	0.99	4.87	-24.94	65.67	-3.33	43167	0.161	0.058	0.591	0.008	0.014	2.060
10.595	0.164	0.062	0.563	2.40	0.33	4.86	-36.82	61.43	-2.64	43254	0.162	0.058	0.591	0.008	0.014	2.058
10.605	0.171	0.056	0.561	2.09	-0.33	4.86	-42.39	53.45	-0.53	43325	0.164	0.058	0.590	0.009	0.014	2.056
10.616	0.174	0.058	0.560	1.65	-0.90	4.87	-47.65	38.80	0.01	43797	0.167	0.058	0.589	0.009	0.014	2.053
10.626	0.161	0.065	0.560	1.14	-1.23	4.88	-49.22	13.58	-0.77	43857	0.167	0.059	0.588	0.009	0.015	2.051
10.637	0.172	0.059	0.559	0.69	-1.48	4.87	-41.40	-14.51	-2.29	43920	0.168	0.059	0.587	0.009	0.015	2.049
10.649	0.164	0.060	0.558	0.25	-1.31	4.85	-23.36	-38.59	-3.02	44031	0.169	0.059	0.586	0.009	0.015	2.047
10.652	0.164	0.059	0.557	-0.01	-0.96	4.83	-3.51	-61.07	-2.81	44369	0.169	0.059	0.585	0.009	0.015	2.045
10.667	0.165	0.059	0.556	-0.08	-0.38	4.80	12.49	-70.54	-3.39	44529	0.170	0.059	0.584	0.008	0.014	2.043
10.676	0.161	0.057	0.556	0.04	0.34	4.77	25.65	-68.74	-3.27	44666	0.170	0.059	0.583	0.007	0.014	2.041
10.688	0.172	0.054	0.555	0.30	0.96	4.73	34.55	-53.46	-4.35	44764	0.171	0.059	0.583	0.007	0.014	2.038
10.695	0.176	0.050	0.554	0.66	1.50	4.68	39.20	-25.96	-4.02	44833	0.173	0.058	0.582	0.008	0.013	2.036
10.707	0.180	0.049	0.553	1.06	1.78	4.63	37.01	-0.35	-4.47	44907	0.175	0.057	0.581	0.008	0.013	2.034
10.716	0.170	0.055	0.553	1.39	1.88	4.59	31.44	21.96	-4.89	44985	0.176	0.057	0.580	0.008	0.013	2.032
10.724	0.178	0.052	0.552	1.73	1.64	4.55	22.28	38.15	-6.39	45110	0.177	0.056	0.579	0.008	0.012	2.030
10.732	0.178	0.052	0.550	1.97	1.29	4.50	14.02	51.41	-6.19	45267	0.179	0.056	0.578	0.008	0.012	2.028
10.742	0.183	0.051	0.549	2.13	0.76	4.46	5.86	56.95	-8.49	45534	0.180	0.055	0.577	0.008	0.012	2.026
10.758	0.184	0.054	0.548	2.18	0.19	4.40	-0.90	54.85	-10.80	45622	0.182	0.055	0.576	0.008	0.012	2.024
10.766	0.188	0.053	0.547	2.19	-0.39	4.31	-6.04	46.13	-11.53	45708	0.184	0.055	0.576	0.008	0.012	2.022
10.777	0.183	0.054	0.545	2.12	-0.83	4.21	-14.64	35.94	-12.41	45813	0.185	0.054	0.574	0.008	0.012	2.019
10.788	0.185	0.056	0.544	1.97	-1.23	4.11	-24.80	24.26	-14.23	46041	0.186	0.054	0.573	0.008	0.012	2.017
10.797	0.181	0.060	0.543	1.71	-1.47	3.98	-32.45	11.09	-16.01	46090	0.186	0.055	0.572	0.008	0.012	2.015
10.808	0.187	0.051	0.542	1.44	-1.64	3.82	-37.38	-5.42	-15.46	46153	0.187	0.054	0.572	0.008	0.012	2.013
10.819	0.181	0.054	0.541	1.05	-1.57	3.67	-35.92	-23.47	-15.23	46186	0.188	0.054	0.571	0.007	0.012	2.011
10.827	0.179	0.058	0.541	0.64	-1.34	3.51	-35.61	-32.93	-15.92	46185	0.188	0.054	0.570	0.007	0.012	2.008
10.836	0.180	0.054	0.541	0.31	-1.03	3.35	-37.19	-37.53	-15.94	46009	0.188	0.054	0.569	0.006	0.012	2.006
10.847	0.171	0.059	0.540	-0.09	-0.60	3.19	-38.44	-38.48	-15.38	46004	0.187	0.054	0.568	0.005	0.013	2.004
10.853	0.185	0.050	0.539	-0.42	-0.31	3.03	-33.50	-38.75	-15.80	45966	0.188	0.054	0.568	0.005	0.012	2.002
10.865	0.177	0.053	0.537	-0.79	0.14	2.89	-23.72	-33.65	-17.24	45925	0.187	0.053	0.567	0.004	0.012	2.000
10.877	0.187	0.048	0.537	-1.01	0.42	2.72	-15.74	-26.98	-17.41	45993	0.188	0.052	0.566	0.004	0.012	1.997
10.887	0.184	0.048	0.536	-1.18	0.73	2.55	-9.04	-18.40	-15.64	45895	0.189	0.052	0.565	0.004	0.012	1.995
10.896	0.183	0.049	0.535	-1.29	0.94	2.40	-3.17	-12.04	-15.14	45829	0.189	0.051	0.565	0.003	0.012	1.993
10.907	0.186	0.051	0.534	-1.35	1.05	2.25	3.49	-8.83	-16.09	45782	0.190	0.051	0.564	0.003	0.012	1.991
10.918	0.188	0.046	0.535	-1.29	1.14	2.09	14.14	-3.75	-17.97	45757	0.191	0.050	0.564	0.003	0.011	1.989
10.925	0.188	0.047	0.535	-1.17	1.20	1.91	20.06	10.84	-19.81	45490	0.192	0.050	0.563	0.002	0.011	1.986
10.937	0.188	0.047	0.534	-0.97	1.12	1.72	16.29	34.12	-21.47	45436	0.192	0.049	0.563	0.002	0.011	1.984
10.945	0.188	0.046	0.534	-0.80	0.82	1.50	13.93	47.94	-20.33	45374	0.193	0.049	0.562	0.002	0.011	1.982
10.957	0.193	0.046	0.532	-0.66	0.33	1.29	11.00	56.91	-18.13	45317	0.194	0.048	0.562	0.002	0.011	1.980
10.962	0.193	0.046	0.532	-0.54	-0.23	1.10	0.34	57.59	-16.95	45421	0.195	0.048	0.561	0.002	0.011	1.978
10.976	0.193	0.046	0.532	-0.53	-0.80	0.92	-7.47	58.12	-13.93	45346	0.195	0.048	0.561	0.001	0.010	1.975
10.988	0.194	0.048	0.531	-0.61	-1.38	0.77	-15.17	55.54	-7.65	45263	0.196	0.047	0.560	0.001	0.010	1.973
10.996	0.200	0.043	0.532	-0.71	-1.97	0.68	-14.69	44.16	-1.50	45180	0.197	0.047	0.560	0.001	0.010	1.971
11.003	0.203	0.042	0.531	-0.86	-2.45	0.65	-4.58	21.47	0.11	44910	0.199	0.046	0.560	0.002	0.010	1.969
11.017	0.204	0.041	0.531	-0.91	-2.70	0.65	15.12	-10.06	-2.04	44795	0.200	0.045	0.559	0.002	0.010	1.967
11.029	0.201	0.037	0.531	-0.77	-2.62	0.64	30.91	-35.91	-4.05	44706	0.201	0.044	0.559	0.002	0.009	1.965
11.037	0.200	0.036	0.531	-0.48	-2.29	0.60	42.98	-60.75	-5.16	44593	0.202	0.043	0.559	0.002	0.009	1.963
11.048	0.193	0.036	0.531	-0.08	-1.66	0.56	46.19	-79.10	-8.78	44500	0.202	0.042	0.559	0.001	0.008	1.961
11.057	0.198	0.037	0.531	0.38	-0.92	0.48	34.80	-76.38	-6.01	44361	0.202	0.041	0.558	0.001	0.008	1.958
11.066	0.199	0.035	0.532	0.76	-0.15	0.40	9.04	-60.51	-2.65	44257	0.203	0.041	0.558	0.001	0.007	1.956
11.077	0.204	0.035	0.532	0.88	0.44	0.36	-16.28	-42.02	0.18	44158	0.204	0.040	0.558	0.001	0.007	1.954
11.088	0.208	0.039	0.531	0.73	0.87	0.35	-36.26	-29.92	5.39	44043	0.205	0.040	0.558	0.001	0.007	1.952
11.097	0.201	0.046	0.531	0.33	1.24	0.39	-48.67	-20.56	9.69	44136	0.206	0.040	0.558	0.001	0.007	1.950
11.104	0.221	0.035	0.531	-0.05	1.31	0.48	-52.82	-15.77	10.98	44047	0.209	0.039	0.557	0.001	0.007	1.948
11.113	0.227	0.024	0.531	-0.50	1.44	0.59	-49.79	-15.18	8.97	43972	0.212	0.037	0.557	0.003	0.006	1.946
11.128	0.224	0.029	0.531	-1.05	1.62	0.68	-37.97	-18.83	4.20	43918	0.214	0.036	0.557	0.003	0.006	1.944
11.136	0.229	0.020	0.532	-1.39	1.77	0.73	-29.46	-23.23	-1.40	43853	0.217	0.034	0.557	0.004	0.005	1.942
11.147	0.242	0.011	0.532	-1.62	1.91	0.73	-18.02	-29.15	-7.53	43735	0.222	0.031	0.557	0.006	0.003	1.941
11.155	0.244	0.010	0.532	-1.81	2.19	0.67	-7.33	-37.92	-8.95	43645	0.225	0.028	0.557	0.007	0.002	1.939
11.167	0.242	0.010	0.533	-1.91	2.58	0.60	-1.94	-43.19	-9.65	43588	0.229	0.026	0.557	0.008	0.001	1.937
11.177	0.242	0.011	0.532	-1.94	3.02	0.52	1.03	-43.18	-9.20	43546	0.232	0.024	0.557	0.008	-0.000	1.935
11.191	0.242	0.010	0.533	-1.92	3.45	0.44	5.05	-39.53	-9.25	43578	0.235	0.022	0.557	0.009	-0.001	1.933
11.195	0.251	0.010	0.533	-1.88	3.79	0.36	1.43	-29.87	-6.49	43575	0.238	0.020	0.557	0.010	-0.002	1.931
11.205	0.251	0.010	0.533	-1.86	4.12	0.30	-6.56	-11.94	-2.35	43582	0.241	0.019	0.557	0.010	-0.002	1.930
11.217	0.252	0.011	0.533	-1.92	4.26	0.27	-11.71	3.67	1.44	43575	0.244	0.018	0.556	0.011	-0.003	1.928
11.226	0.253	0.011	0.533	-2.03	4.25	0.28	-11.96	14.60	4.82	43604	0.247	0.017	0.556	0.011	-0.003	1.926
11.235	0.254	0.012	0.534	-2.17	4.11	0.32	-11.26	24.66	6.15	43617	0.250	0.016	0.556	0.012	-0.003	1.924
11.245	0.255	0.014	0.534	-2.31	3.87	0.37	-5.03	31.33	7.14	43668	0.252	0.015	0.556	0.012	-0.004	1.923
11.251	0.259	0.013	0.534	-2.37	3.55	0.43	-0.07	32.91	7.32	43731	0.254	0.015	0.556	0.012	-0.004	1.921
11.261	0.260	0.013	0.535	-2.38	3.21	0.49	3.65	25.17	6.87	43768	0.257	0.015	0.556	0.013	-0.004	1.919
11.277	0.261	0.013	0.535	-2.35	2.94	0.55	7.20	15.94	6.72	43634	0.259	0.014	0.556	0.013	-0.004	1.918
11.292	0.262	0.014	0.535	-2.30	2.76	0.61	10.04	5.87	6.76	43640	0.261	0.014	0.556	0.013	-0.004	1.916
11.298	0.263	0.013	0.535	-2.20	2.68	0.68	13.26	-3.96	5.79	43640	0.264	0.014	0.556	0.013	-0.004	1.915
11.306	0.266	0.011	0.536	-2.05	2.68	0.74	15.48	-7.16	6.19	43613	0.266	0.014	0.556	0.013	-0.004	1.913
11.315	0.270	0.008	0.536	-1.88	2.72	0.80	15.60	-2.42	4.74	43507	0.268	0.013	0.556	0.013	-0.005	1.912
11.326	0.273	0.005	0.536	-1.71	2.74	0.85	15.81	0.88	3.04	43516	0.271	0.012	0.556	0.013	-0.005	1.910
11.335	0.278	0.002	0.537	-1.54	2.69	0.88	19.25	0.60	2.20	43507	0.274	0.011	0.556	0.013	-0.006	1.909
11.345	0.279	0.000	0.537	-1.34	2.68	0.90	23.08	-0.94	0.50	43490	0.276	0.010	0.556	0.014	-0.006	1.907
11.354	0.269	0.012	0.537	-1.20	2.77	0.91	27.20	-2.00	-4.22	43472	0.278	0.010	0.556	0.013	-0.006	1.906
11.365	0.275	0.009	0.537	-0.91	2.75	0.87	24.90	-1.69	-8.99	43469	0.279	0.010	0.556	0.013	-0.006	1.904
11.377	0.278	0.007	0.537	-0.63	2.74	0.79	11.64	-3.73	-14.52	43374	0.281	0.010	0.556	0.012	-0.007	1.903
11.385	0.283	0.005	0.537	-0.48	2.74	0.66	-0.90	-0.82	-18.84	43261	0.284	0.009	0.556	0.012	-0.007	1.901
11.398	0.290	0.006	0.537	-0.46	2.70	0.48	-10.71	0.33	-20.73	43174	0.287	0.009	0.556	0.012	-0.007	1.900
11.405	0.290	0.006	0.538	-0.54	2.70	0.28	-22.89	7.51	-21.00	43142	0.289	0.009	0.556	0.013	-0.007	1.898
11.415	0.291	0.006	0.538	-0.74	2.64	0.07	-40.80	13.76	-17.31	43075	0.292	0.008	0.556	0.012	-0.007	1.897
11.424	0.291	0.011	0.538	-1.15	2.51	-0.11	-54.78	16.88	-12.28	42989	0.294	0.009	0.556	0.012	-0.007	1.896
11.436	0.295	0.003	0.537	-1.61	2.32	-0.25	-65.44	6.58	-5.86	42910	0.297	0.008	0.556	0.012	-0.008	1.894
11.444	0.293	0.010	0.538	-2.30	2.26	-0.31	-68.53	-4.61	0.86	43079	0.298	0.008	0.555	0.012	-0.008	1.893
11.455	0.298	0.003	0.538	-2.93	2.25	-0.32	-53.42	-15.14	6.06	43036	0.301	0.008	0.555	0.012	-0.008	1.892
11.464	0.295	0.008	0.538	-3.53	2.41	-0.26	-32.31	-14.68	10.27	43035	0.303	0.008	0.555	0.011	-0.008	1.890
11.476	0.300	0.003	0.538	-3.85	2.52	-0.16	1.27	-8.35	12.66	43034	0.305	0.008	0.555	0.011	-0.008	1.889
11.486	0.302	0.003	0.538	-3.89	2.59	-0.03	28.55	0.75	15.63	42999	0.307	0.007	0.555	0.010	-0.009	1.888
11.498	0.291	0.008	0.539	-3.69	2.67	0.12	47.86	15.13	16.17	42947	0.307	0.008	0.555	0.009	-0.009	1.887
11.507	0.304	0.002	0.539	-3.20	2.45	0.28	53.85	32.68	17.51	42894	0.310	0.007	0.555	0.009	-0.009	1.885
11.516	0.308	0.001	0.539	-2.67	2.12	0.43	51.67	40.24	14.64	42855	0.312	0.007	0.554	0.009	-0.009	1.884
11.524	0.311	-0.000	0.540	-2.14	1.69	0.57	45.26	44.60	14.29	42826	0.314	0.007	0.554	0.008	-0.010	1.883
11.530	0.310	0.006	0.540	-1.73	1.26	0.70	35.31	49.54	16.72	42745	0.316	0.007	0.554	0.008	-0.010	1.882
11.546	0.298	0.017	0.540	-1.44	0.86	0.85	20.39	54.18	20.16	42688	0.316	0.009	0.554	0.007	-0.009	1.881
11.556	0.298	0.018	0.541	-1.22	0.32	1.04	8.31	57.20	22.84	42666	0.316	0.010	0.554	0.005	-0.009	1.880
11.566	0.296	0.022	0.541	-1.15	-0.24	1.25	0.50	47.61	24.10	42645	0.316	0.012	0.554	0.004	-0.008	1.879
11.573	0.297	0.025	0.540	-1.15	-0.74	1.48	8.47	29.81	23.61	42617	0.316	0.014	0.554	0.003	-0.007	1.878
11.586	0.293	0.028	0.541	-1.09	-1.03	1.71	28.43	20.49	20.51	42817	0.315	0.017	0.554	0.001	-0.006	1.877
11.596	0.295	0.026	0.541	-0.81	-1.26	1.92	55.22	9.22	14.33	42791	0.315	0.018	0.554	-0.000	-0.006	1.876
11.603	0.293	0.032	0.541	-0.35	-1.37	2.08	73.75	-2.41	9.18	42717	0.314	0.021	0.554	-0.002	-0.005	1.875
11.617	0.296	0.024	0.542	0.43	-1.39	2.17	83.18	-18.08	4.64	42665	0.314	0.022	0.553	-0.003	-0.005	1.874
11.622	0.285	0.041	0.542	1.12	-1.16	2.23	79.39	-34.63	2.76	42626	0.313	0.025	0.553	-0.005	-0.004	1.873
11.636	0.283	0.039	0.542	1.95	-0.83	2.25	69.29	-51.44	0.25	42663	0.311	0.027	0.553	-0.007	-0.003	1.872
11.648	0.289	0.042	0.542	2.67	-0.41	2.25	52.57	-65.43	-2.02	42709	0.311	0.030	0.553	-0.009	-0.002	1.872
11.655	0.287	0.039	0.542	3.27	0.22	2.20	34.14	-69.41	-5.61	42732	0.310	0.032	0.553	-0.010	-0.001	1.871
11.661	0.288	0.045	0.543	3.62	0.90	2.11	17.86	-68.46	-7.84	42803	0.309	0.034	0.553	-0.012	-0.001	1.870
11.670	0.291	0.045	0.543	3.85	1.56	2.00	2.30	-58.24	-10.36	42873	0.309	0.036	0.553	-0.013	0.000	1.869
11.686	0.298	0.045	0.543	3.92	2.10	1.87	-12.40	-45.18	-12.33	42941	0.310	0.038	0.553	-0.014	0.001	1.868
11.696	0.298	0.047	0.543	3.84	2.58	1.72	-22.68	-26.69	-12.44	43011	0.311	0.039	0.553	-0.015	0.001	1.868
11.706	0.300	0.049	0.543	3.63	2.87	1.58	-25.41	-3.79	-11.31	43102	0.312	0.041	0.552	-0.016	0.002	1.867
11.712	0.300	0.050	0.543	3.38	2.96	1.45	-26.96	12.38	-10.14	43196	0.312	0.042	0.552	-0.017	0.002	1.866
11.727	0.300	0.050	0.543	3.12	2.86	1.36	-26.87	24.60	-10.72	43272	0.313	0.044	0.552	-0.018	0.003	1.866
11.739	0.303	0.047	0.543	2.89	2.61	1.26	-25.93	34.59	-9.11	43345	0.314	0.045	0.552	-0.019	0.003	1.865
11.747	0.312	0.044	0.542	2.66	2.21	1.18	-21.69	36.94	-7.52	43423	0.316	0.045	0.552	-0.019	0.003	1.864
11.764	0.315	0.046	0.542	2.42	1.82	1.12	-15.69	35.95	-6.92	43554	0.318	0.045	0.551	-0.019	0.003	1.863
11.767	0.312	0.047	0.542	2.24	1.47	1.07	-6.77	29.68	-7.88	43634	0.319	0.046	0.551	-0.019	0.003	1.863
11.778	0.315	0.047	0.542	2.16	1.13	1.00	1.06	22.00	-9.99	43717	0.321	0.046	0.551	-0.020	0.003	1.862
11.787	0.316	0.047	0.542	2.16	0.88	0.92	4.45	13.91	-11.47	43818	0.322	0.047	0.551	-0.020	0.003	1.861
11.803	0.316	0.047	0.542	2.20	0.71	0.81	1.25	5.77	-11.51	43832	0.323	0.047	0.550	-0.021	0.003	1.861
11.803	0.315	0.047	0.542	2.22	0.64	0.70	-4.81	-3.08	-11.65	43915	0.324	0.047	0.550	-0.021	0.003	1.860
11.815	0.316	0.048	0.541	2.19	0.64	0.58	-13.56	-16.49	-11.61	43993	0.325	0.047	0.550	-0.022	0.003	1.860
11.821	0.319	0.048	0.541	2.08	0.74	0.46	-20.42	-28.63	-12.40	44099	0.327	0.048	0.550	-0.023	0.003	1.859
11.837	0.317	0.050	0.541	1.88	1.01	0.33	-25.21	-33.95	-12.39	44251	0.328	0.048	0.549	-0.023	0.003	1.858
11.846	0.323	0.042	0.541	1.71	1.29	0.19	-29.72	-35.62	-12.30	44205	0.329	0.047	0.549	-0.024	0.003	1.858
11.858	0.321	0.044	0.541	1.41	1.66	0.06	-32.20	-31.26	-12.21	44328	0.330	0.047	0.549	-0.025	0.003	1.857
11.866	0.319	0.047	0.540	1.07	1.99	-0.06	-33.16	-23.19	-11.62	44468	0.331	0.047	0.549	-0.026	0.003	1.856
11.871	0.319	0.047	0.540	0.74	2.25	-0.18	-31.31	-11.62	-9.54	44582	0.332	0.047	0.548	-0.026	0.003	1.856
11.885	0.320	0.043	0.539	0.46	2.38	-0.29	-25.45	2.60	-6.93	44617	0.332	0.047	0.548	-0.027	0.002	1.855
11.897	0.320	0.043	0.539	0.19	2.39	-0.37	-17.72	18.09	-3.88	44653	0.333	0.046	0.548	-0.028	0.002	1.854
11.905	0.319	0.046	0.538	-0.03	2.25	-0.41	-9.69	32.37	-0.59	44644	0.333	0.046	0.547	-0.029	0.002	1.854
11.916	0.324	0.044	0.538	-0.13	1.92	-0.42	-3.05	44.60	2.95	44617	0.334	0.046	0.547	-0.030	0.002	1.853
11.921	0.315	0.048	0.538	-0.21	1.57	-0.40	1.64	54.01	4.46	44575	0.334	0.046	0.547	-0.031	0.002	1.852
11.933	0.315	0.048	0.537	-0.20	1.05	-0.36	0.59	57.79	6.17	44464	0.334	0.046	0.546	-0.033	0.002	1.852
11.944	0.310	0.048	0.537	-0.19	0.52	-0.30	-2.29	53.78	9.42	44398	0.333	0.047	0.546	-0.034	0.002	1.851
11.955	0.309	0.048	0.536	-0.20	-0.03	-0.22	-5.24	41.94	12.91	44330	0.332	0.047	0.546	-0.036	0.002	1.850
11.966	0.306	0.049	0.535	-0.26	-0.50	-0.08	-11.58	25.71	15.20	44269	0.330	0.047	0.545	-0.038	0.002	1.849
11.975	0.306	0.050	0.535	-0.38	-0.78	0.06	-15.24	4.35	17.37	44417	0.329	0.047	0.545	-0.039	0.003	1.849
11.982	0.306	0.053	0.534	-0.55	-0.87	0.24	-17.56	-19.09	20.24	44370	0.328	0.048	0.544	-0.041	0.003	1.848
11.997	0.302	0.055	0.534	-0.75	-0.66	0.46	-19.20	-38.27	23.74	44341	0.327	0.049	0.544	-0.043	0.003	1.847
12.008	0.301	0.057	0.533	-0.95	-0.29	0.70	-16.99	-49.90	25.81	44312	0.325	0.050	0.543	-0.044	0.004	1.846
12.016	0.302	0.052	0.533	-1.09	0.19	0.96	-10.39	-56.56	27.47	44423	0.324	0.050	0.543	-0.046	0.004	1.846
12.026	0.308	0.051	0.532	-1.18	0.69	1.25	-2.67	-55.97	29.38	44418	0.324	0.051	0.542	-0.047	0.004	1.845
12.037	0.305	0.051	0.532	-1.21	1.27	1.55	6.34	-47.01	29.02	44413	0.323	0.051	0.542	-0.049	0.004	1.844
12.041	0.309	0.050	0.532	-1.15	1.70	1.85	16.28	-31.42	28.53	44390	0.323	0.051	0.541	-0.050	0.004	1.843
12.055	0.310	0.048	0.533	-0.99	2.01	2.14	23.77	-14.09	27.98	44386	0.324	0.051	0.541	-0.051	0.004	1.843
12.066	0.314	0.045	0.533	-0.74	2.12	2.41	27.70	1.06	27.25	44116	0.324	0.050	0.541	-0.051	0.003	1.842
12.074	0.313	0.048	0.533	-0.50	2.12	2.69	28.06	14.83	25.64	44100	0.324	0.050	0.541	-0.052	0.003	1.842
12.083	0.312	0.051	0.532	-0.25	1.98	2.95	27.41	24.24	23.64	44108	0.325	0.050	0.541	-0.053	0.003	1.841
12.093	0.311	0.051	0.532	0.02	1.74	3.19	25.38	30.83	22.21	44096	0.325	0.051	0.541	-0.054	0.003	1.840
12.106	0.315	0.051	0.532	0.27	1.41	3.41	19.78	32.38	20.32	44102	0.325	0.051	0.540	-0.055	0.003	1.840
12.115	0.317	0.052	0.532	0.46	1.06	3.61	14.39	31.18	17.60	44122	0.326	0.051	0.540	-0.056	0.003	1.839
12.125	0.316	0.053	0.532	0.60	0.76	3.79	8.70	26.93	15.38	44143	0.326	0.052	0.540	-0.056	0.004	1.838
12.133	0.320	0.052	0.531	0.69	0.46	3.95	3.94	19.29	12.42	44163	0.327	0.052	0.540	-0.057	0.004	1.838
12.147	0.318	0.052	0.530	0.73	0.29	4.08	1.13	12.04	10.15	44177	0.328	0.052	0.539	-0.057	0.004	1.837
12.158	0.318	0.052	0.530	0.74	0.17	4.18	-0.61	3.05	8.20	44381	0.328	0.052	0.539	-0.058	0.004	1.836
12.165	0.318	0.052	0.530	0.74	0.14	4.26	-2.49	-4.67	6.07	44393	0.328	0.052	0.539	-0.059	0.004	1.836
12.174	0.317	0.052	0.529	0.72	0.20	4.32	-2.84	-13.49	3.73	44394	0.328	0.052	0.538	-0.060	0.004	1.835
12.182	0.322	0.053	0.530	0.69	0.30	4.36	-3.19	-20.98	2.90	44420	0.329	0.053	0.538	-0.060	0.004	1.834
12.190	0.322	0.053	0.530	0.66	0.51	4.38	-4.06	-25.66	1.24	44287	0.330	0.053	0.538	-0.061	0.004	1.834
12.207	0.321	0.053	0.530	0.62	0.76	4.39	-2.15	-26.12	-0.08	44318	0.330	0.053	0.538	-0.061	0.004	1.833
12.217	0.320	0.053	0.529	0.60	1.04	4.39	-0.12	-25.31	-1.96	44337	0.331	0.053	0.538	-0.062	0.004	1.833
12.226	0.318	0.058	0.530	0.56	1.30	4.36	2.28	-21.81	-4.14	44353	0.331	0.054	0.537	-0.063	0.004	1.832
12.234	0.317	0.060	0.530	0.57	1.51	4.32	3.57	-14.81	-5.69	44222	0.331	0.055	0.537	-0.064	0.004	1.831
12.242	0.315	0.062	0.529	0.59	1.66	4.27	3.31	-6.01	-6.98	44240	0.330	0.056	0.537	-0.065	0.005	1.831
12.255	0.315	0.066	0.529	0.60	1.72	4.20	2.00	3.11	-8.13	44253	0.330	0.057	0.537	-0.066	0.005	1.830
12.264	0.315	0.067	0.529	0.61	1.67	4.11	1.70	11.63	-8.62	44275	0.330	0.058	0.537	-0.067	0.006	1.830
12.274	0.316	0.065	0.528	0.64	1.54	4.03	-0.15	20.96	-9.65	44292	0.329	0.059	0.537	-0.068	0.006	1.829
12.284	0.315	0.066	0.528	0.64	1.33	3.93	-0.43	27.90	-9.99	44474	0.329	0.060	0.536	-0.069	0.007	1.828
12.297	0.312	0.065	0.527	0.64	1.07	3.83	-1.80	32.14	-10.23	44512	0.328	0.061	0.536	-0.071	0.007	1.828
12.305	0.314	0.067	0.527	0.62	0.72	3.73	-1.05	33.88	-10.45	44545	0.328	0.062	0.536	-0.072	0.007	1.827
12.321	0.315	0.067	0.528	0.61	0.37	3.63	-1.21	32.26	-11.03	44543	0.328	0.063	0.536	-0.072	0.008	1.826
12.326	0.316	0.067	0.528	0.60	0.04	3.52	-0.51	29.01	-11.07	44394	0.328	0.063	0.536	-0.073	0.008	1.826
12.330	0.316	0.067	0.527	0.59	-0.25	3.42	0.84	24.97	-10.73	44397	0.328	0.064	0.535	-0.074	0.008	1.825
12.343	0.317	0.067	0.527	0.60	-0.52	3.31	0.77	21.09	-10.60	44384	0.327	0.065	0.535	-0.075	0.008	1.825
12.356	0.315	0.066	0.527	0.62	-0.72	3.21	0.51	16.26	-9.95	44374	0.327	0.065	0.535	-0.076	0.008	1.824
12.366	0.315	0.066	0.526	0.62	-0.88	3.11	-0.62	11.18	-9.84	44352	0.327	0.065	0.535	-0.076	0.009	1.823
12.373	0.312	0.066	0.526	0.62	-0.97	3.01	-1.31	6.13	-9.91	44403	0.326	0.065	0.535	-0.077	0.009	1.823
12.385	0.312	0.066	0.526	0.61	-1.03	2.91	-0.35	1.23	-9.25	44409	0.326	0.065	0.534	-0.078	0.009	1.822
12.394	0.311	0.066	0.526	0.60	-1.04	2.82	0.86	-5.11	-9.21	44406	0.325	0.066	0.534	-0.079	0.009	1.821
12.406	0.311	0.066	0.525	0.61	-0.99	2.73	0.59	-8.00	-8.67	44403	0.324	0.066	0.534	-0.080	0.009	1.821
12.418	0.310	0.066	0.525	0.61	-0.92	2.64	-0.27	-9.20	-8.02	44548	0.324	0.066	0.534	-0.081	0.009	1.820
12.428	0.310	0.066	0.525	0.61	-0.82	2.56	-1.25	-8.83	-8.77	44557	0.323	0.066	0.533	-0.082	0.009	1.819
12.435	0.310	0.066	0.524	0.59	-0.75	2.47	-2.46	-7.29	-8.94	44564	0.322	0.066	0.533	-0.083	0.009	1.819
12.446	0.310	0.066	0.523	0.56	-0.68	2.37	-2.91	-4.50	-8.87	44580	0.322	0.066	0.533	-0.084	0.009	1.818
12.456	0.313	0.067	0.523	0.53	-0.66	2.28	-3.52	-1.34	-8.88	44731	0.322	0.066	0.532	-0.085	0.009	1.817
12.467	0.312	0.067	0.523	0.50	-0.64	2.19	-3.50	0.09	-8.74	44727	0.321	0.066	0.532	-0.085	0.009	1.817
12.473	0.312	0.067	0.523	0.46	-0.64	2.10	-2.96	1.34	-9.40	44740	0.321	0.067	0.532	-0.086	0.009	1.816
12.485	0.312	0.067	0.522	0.43	-0.66	2.01	-2.37	2.01	-9.76	44755	0.321	0.067	0.531	-0.087	0.009	1.815
12.492	0.311	0.067	0.523	0.40	-0.67	1.91	-2.73	3.74	-9.77	44761	0.320	0.067	0.531	-0.087	0.009	1.815
12.505	0.310	0.067	0.523	0.37	-0.70	1.81	-3.80	4.28	-9.85	44585	0.320	0.067	0.531	-0.088	0.009	1.814
12.516	0.309	0.067	0.523	0.33	-0.75	1.71	-4.19	5.65	-9.89	44609	0.319	0.067	0.531	-0.089	0.009	1.813
12.526	0.309	0.068	0.523	0.29	-0.80	1.62	-3.67	4.80	-9.61	44615	0.319	0.067	0.531	-0.089	0.009	1.813
12.536	0.308	0.068	0.523	0.25	-0.85	1.52	-3.50	4.66	-8.90	44610	0.318	0.067	0.531	-0.090	0.009	1.812
12.542	0.308	0.068	0.522	0.21	-0.89	1.43	-3.01	4.41	-9.07	44559	0.317	0.067	0.531	-0.091	0.009	1.811
12.555	0.308	0.068	0.522	0.18	-0.94	1.34	-3.29	2.57	-8.90	44559	0.317	0.067	0.531	-0.091	0.009	1.811
12.566	0.308	0.067	0.522	0.16	-0.97	1.25	-3.02	1.61	-8.63	44557	0.316	0.067	0.531	-0.092	0.009	1.810
12.575	0.304	0.067	0.522	0.13	-0.95	1.16	-2.00	0.81	-8.66	44563	0.315	0.067	0.531	-0.093	0.009	1.809
12.586	0.304	0.067	0.521	0.10	-0.96	1.07	-1.77	-0.27	-8.59	44567	0.314	0.067	0.530	-0.093	0.009	1.809
12.595	0.304	0.067	0.521	0.09	-0.96	0.99	-1.86	-1.28	-8.95	44697	0.313	0.067	0.530	-0.094	0.009	1.808
12.605	0.304	0.066	0.521	0.08	-0.94	0.90	-1.27	-2.19	-8.66	44698	0.313	0.067	0.530	-0.095	0.009	1.807
12.615	0.303	0.066	0.520	0.06	-0.92	0.81	-0.60	-3.63	-8.98	44714	0.312	0.067	0.530	-0.095	0.009	1.807
12.627	0.303	0.065	0.521	0.05	-0.89	0.72	-1.21	-3.77	-9.01	44711	0.311	0.067	0.530	-0.096	0.008	1.806
12.635	0.303	0.065	0.521	0.04	-0.85	0.63	-2.49	-5.10	-8.71	44503	0.310	0.067	0.530	-0.096	0.008	1.805
12.646	0.306	0.066	0.521	0.01	-0.82	0.54	-2.61	-5.04	-8.37	44514	0.310	0.067	0.530	-0.097	0.008	1.805
12.655	0.306	0.066	0.521	-0.01	-0.77	0.46	-1.85	-6.06	-8.05	44529	0.310	0.066	0.530	-0.097	0.008	1.804
12.666	0.307	0.066	0.521	-0.04	-0.72	0.38	-2.75	-6.27	-7.31	44534	0.310	0.066	0.530	-0.097	0.008	1.803
12.674	0.307	0.067	0.521	-0.07	-0.66	0.31	-1.58	-6.18	-7.50	44539	0.310	0.066	0.529	-0.097	0.008	1.803
12.683	0.307	0.066	0.521	-0.09	-0.60	0.23	-0.97	-7.02	-7.26	44572	0.309	0.066	0.529	-0.098	0.008	1.802
12.695	0.308	0.063	0.520	-0.07	-0.53	0.16	0.54	-8.37	-7.48	44594	0.310	0.066	0.529	-0.098	0.008	1.801
12.706	0.308	0.063	0.520	-0.07	-0.45	0.08	1.56	-7.92	-7.35	44599	0.309	0.066	0.529	-0.098	0.008	1.801
12.711	0.307	0.065	0.520	-0.06	-0.36	0.01	3.03	-9.89	-6.86	44603	0.309	0.066	0.529	-0.098	0.008	1.800
12.728	0.309	0.064	0.520	-0.03	-0.28	-0.06	3.61	-9.34	-6.83	44720	0.309	0.065	0.529	-0.098	0.008	1.799
12.736	0.309	0.064	0.519	0.01	-0.18	-0.13	3.95	-10.14	-6.55	44740	0.309	0.065	0.529	-0.098	0.008	1.799
12.745	0.307	0.065	0.519	0.04	-0.07	-0.19	3.91	-9.72	-6.90	44739	0.309	0.065	0.529	-0.098	0.008	1.798
12.780	0.302	0.070	0.520	0.04	0.07	-0.27	3.13	-9.54	-6.94	44750	0.309	0.066	0.529	-0.099	0.008	1.797
12.791	0.304	0.068	0.520	0.09	0.15	-0.34	2.38	-9.88	-7.39	44545	0.308	0.066	0.529	-0.099	0.008	1.797
12.796	0.300	0.074	0.520	0.07	0.28	-0.41	2.02	-8.95	-7.50	44549	0.307	0.067	0.529	-0.100	0.009	1.796
12.801	0.300	0.074	0.520	0.09	0.37	-0.49	1.02	-7.57	-7.13	44558	0.306	0.068	0.529	-0.100	0.009	1.795
12.802	0.304	0.072	0.520	0.12	0.42	-0.56	0.21	-5.68	-6.95	44578	0.306	0.069	0.529	-0.100	0.009	1.795
12.808	0.300	0.074	0.518	0.10	0.50	-0.63	-1.25	-3.69	-6.09	44605	0.305	0.069	0.528	-0.101	0.010	1.794
12.814	0.297	0.076	0.518	0.08	0.56	-0.69	-0.82	-1.77	-6.11	44897	0.304	0.070	0.528	-0.101	0.010	1.793
12.837	0.302	0.074	0.518	0.09	0.54	-0.75	-1.25	1.46	-5.66	44921	0.304	0.071	0.528	-0.101	0.010	1.792
12.849	0.301	0.076	0.517	0.07	0.53	-0.80	-0.00	4.21	-4.56	44938	0.304	0.071	0.528	-0.102	0.011	1.791
12.870	0.301	0.076	0.517	0.06	0.48	-0.85	0.42	6.77	-3.92	44954	0.304	0.072	0.527	-0.102	0.011	1.791
12.877	0.297	0.076	0.517	0.06	0.44	-0.89	0.24	7.64	-4.06	44989	0.303	0.073	0.527	-0.102	0.011	1.790
12.877	0.297	0.076	0.517	0.07	0.36	-0.93	1.32	7.63	-3.40	45002	0.302	0.073	0.527	-0.103	0.011	1.789
12.883	0.297	0.076	0.516	0.08	0.29	-0.96	1.50	6.72	-3.23	45015	0.301	0.074	0.527	-0.103	0.011	1.788
12.888	0.296	0.076	0.517	0.10	0.22	-1.00	1.81	5.26	-3.25	45023	0.300	0.074	0.527	-0.103	0.012	1.788
12.894	0.296	0.076	0.517	0.12	0.17	-1.03	2.87	3.81	-2.98	44836	0.300	0.074	0.527	-0.104	0.012	1.787
12.903	0.298	0.076	0.517	0.15	0.12	-1.06	2.80	1.35	-3.26	44854	0.299	0.075	0.527	-0.104	0.012	1.786
12.917	0.298	0.076	0.517	0.18	0.10	-1.09	2.16	0.71	-2.94	44849	0.299	0.075	0.527	-0.104	0.012	1.785
12.925	0.298	0.076	0.517	0.20	0.10	-1.12	1.54	-2.36	-2.90	44841	0.299	0.075	0.527	-0.104	0.012	1.785
12.936	0.297	0.076	0.516	0.22	0.12	-1.14	-0.25	-2.91	-2.06	44844	0.299	0.075	0.526	-0.104	0.012	1.784
12.943	0.299	0.076	0.516	0.22	0.14	-1.17	-1.84	-3.31	-1.40	44970	0.298	0.075	0.526	-0.104	0.012	1.783
12.954	0.299	0.076	0.516	0.20	0.17	-1.18	-3.21	-2.59	-1.16	44977	0.298	0.076	0.526	-0.104	0.012	1.782
12.967	0.299	0.076	0.515	0.16	0.19	-1.19	-4.56	-1.18	-1.36	44975	0.298	0.076	0.526	-0.104	0.012	1.781
12.975	0.298	0.076	0.515	0.12	0.20	-1.20	-4.58	0.70	-0.81	44965	0.298	0.076	0.526	-0.104	0.012	1.781
12.984	0.287	0.077	0.515	0.07	0.27	-1.21	-3.92	1.97	-0.88	44983	0.297	0.076	0.526	-0.105	0.012	1.780
12.996	0.290	0.078	0.515	0.02	0.23	-1.22	-2.35	2.95	-0.73	44993	0.296	0.076	0.526	-0.105	0.012	1.779
13.004	0.290	0.078	0.515	-0.00	0.19	-1.23	-0.58	4.35	-0.19	44983	0.295	0.077	0.525	-0.105	0.012	1.778
13.013	0.289	0.078	0.515	-0.01	0.15	-1.23	1.32	5.37	-0.02	44968	0.294	0.077	0.525	-0.106	0.012	1.777
13.023	0.289	0.078	0.514	0.00	0.09	-1.24	1.95	7.56	-0.29	44954	0.293	0.077	0.525	-0.106	0.012	1.777
13.039	0.289	0.077	0.514	0.02	0.02	-1.24	2.23	8.69	-0.18	44986	0.292	0.077	0.525	-0.106	0.012	1.776
13.044	0.288	0.077	0.514	0.04	-0.07	-1.24	2.43	10.16	-0.24	44980	0.292	0.077	0.525	-0.106	0.012	1.775
13.060	0.288	0.078	0.514	0.06	-0.17	-1.24	1.79	9.84	-0.51	44969	0.291	0.078	0.525	-0.107	0.012	1.774
13.062	0.288	0.078	0.513	0.08	-0.27	-1.25	1.37	8.84	-0.03	44954	0.290	0.078	0.525	-0.107	0.012	1.773
13.072	0.289	0.075	0.513	0.11	-0.38	-1.25	0.98	8.26	0.52	44992	0.290	0.077	0.525	-0.107	0.012	1.772
13.084	0.287	0.077	0.513	0.11	-0.44	-1.24	1.01	4.86	0.46	44975	0.289	0.078	0.524	-0.107	0.012	1.772
13.094	0.284	0.077	0.513	0.12	-0.47	-1.24	0.94	2.81	0.49	44968	0.288	0.078	0.524	-0.107	0.012	1.771
13.105	0.283	0.077	0.513	0.13	-0.49	-1.23	1.59	-0.19	0.75	44961	0.287	0.078	0.524	-0.108	0.012	1.770
13.113	0.285	0.077	0.513	0.15	-0.51	-1.22	2.04	-2.87	1.39	44941	0.286	0.078	0.524	-0.108	0.012	1.769
13.125	0.281	0.076	0.513	0.16	-0.45	-1.21	1.46	-4.23	0.56	44926	0.285	0.078	0.524	-0.108	0.012	1.768
13.139	0.282	0.076	0.513	0.18	-0.42	-1.21	1.95	-5.35	0.57	44915	0.284	0.077	0.524	-0.108	0.012	1.767
13.146	0.278	0.076	0.513	0.21	-0.34	-1.20	2.16	-4.44	0.03	44891	0.283	0.077	0.524	-0.109	0.012	1.766
13.154	0.283	0.075	0.514	0.23	-0.34	-1.20	2.04	-3.02	0.24	44853	0.283	0.077	0.524	-0.109	0.012	1.766
13.165	0.286	0.075	0.514	0.25	-0.33	-1.20	1.82	-0.96	0.63	44672	0.283	0.077	0.524	-0.108	0.011	1.765
13.176	0.287	0.076	0.514	0.26	-0.33	-1.20	-0.17	2.94	0.67	44659	0.283	0.077	0.524	-0.108	0.011	1.764
13.184	0.273	0.079	0.514	0.25	-0.27	-1.19	-1.07	5.42	1.17	44643	0.281	0.077	0.524	-0.109	0.012	1.763
13.193	0.273	0.079	0.513	0.23	-0.32	-1.18	-2.22	6.12	1.35	44632	0.279	0.077	0.524	-0.109	0.012	1.762
13.205	0.270	0.079	0.513	0.21	-0.37	-1.16	-3.04	7.36	1.67	44724	0.278	0.078	0.524	-0.110	0.012	1.761
13.212	0.270	0.079	0.513	0.18	-0.44	-1.14	-2.96	7.39	1.95	44689	0.276	0.078	0.524	-0.110	0.012	1.761
13.225	0.267	0.080	0.513	0.15	-0.50	-1.12	-2.21	7.30	1.70	44674	0.274	0.078	0.524	-0.111	0.012	1.760
13.238	0.267	0.080	0.513	0.13	-0.57	-1.11	-1.21	6.66	1.61	44661	0.273	0.079	0.524	-0.111	0.012	1.759
13.245	0.267	0.080	0.514	0.12	-0.64	-1.09	-0.61	5.95	1.53	44631	0.271	0.079	0.524	-0.111	0.012	1.758
13.255	0.266	0.080	0.514	0.11	-0.70	-1.08	0.67	5.53	1.62	44406	0.270	0.079	0.525	-0.112	0.012	1.757
13.265	0.265	0.080	0.515	0.12	-0.76	-1.06	0.73	4.88	1.68	44396	0.269	0.079	0.525	-0.112	0.012	1.757
13.270	0.265	0.080	0.515	0.13	-0.81	-1.04	0.78	5.16	1.81	44385	0.268	0.079	0.525	-0.112	0.012	1.756
13.281	0.264	0.080	0.514	0.14	-0.86	-1.02	1.01	4.48	1.97	44365	0.266	0.080	0.525	-0.112	0.012	1.755
13.295	0.264	0.080	0.515	0.15	-0.90	-1.00	-0.01	3.77	1.89	44410	0.265	0.080	0.525	-0.112	0.012	1.754
13.303	0.267	0.080	0.515	0.15	-0.96	-0.98	0.31	3.78	1.78	44419	0.265	0.080	0.525	-0.112	0.012	1.753
13.316	0.265	0.078	0.515	0.16	-0.99	-0.97	-0.68	2.21	1.66	44431	0.264	0.080	0.525	-0.112	0.012	1.753
13.325	0.268	0.078	0.513	0.16	-1.03	-0.95	-1.11	1.69	1.54	44425	0.263	0.080	0.525	-0.112	0.012	1.752
13.338	0.267	0.078	0.513	0.15	-1.04	-0.93	-0.87	1.63	1.20	44753	0.263	0.079	0.525	-0.111	0.012	1.751
13.345	0.257	0.078	0.513	0.14	-0.99	-0.92	-1.34	0.93	1.76	44752	0.261	0.079	0.525	-0.112	0.012	1.750
13.355	0.257	0.078	0.513	0.13	-1.00	-0.90	-2.08	-0.53	1.81	44759	0.260	0.079	0.524	-0.112	0.012	1.749
13.366	0.255	0.079	0.513	0.11	-0.99	-0.89	-2.55	-2.63	1.81	44751	0.258	0.079	0.524	-0.112	0.012	1.748
13.369	0.255	0.079	0.513	0.08	-0.96	-0.87	-2.62	-2.81	1.43	44735	0.257	0.079	0.524	-0.112	0.012	1.747
13.385	0.255	0.079	0.513	0.05	-0.94	-0.85	-2.15	-3.98	1.51	44793	0.256	0.079	0.524	-0.112	0.012	1.746
13.394	0.254	0.079	0.513	0.04	-0.90	-0.84	-2.06	-3.15	1.31	44790	0.255	0.079	0.524	-0.112	0.012	1.746
13.402	0.254	0.079	0.513	0.02	-0.86	-0.83	-1.33	-4.70	0.97	44780	0.253	0.079	0.524	-0.112	0.012	1.745
13.416	0.252	0.079	0.514	0.00	-0.80	-0.82	-1.38	-3.04	0.58	44764	0.252	0.079	0.524	-0.112	0.012	1.744
13.425	0.251	0.079	0.514	-0.01	-0.77	-0.81	-0.97	-1.13	0.39	44431	0.251	0.079	0.524	-0.112	0.012	1.743
13.436	0.251	0.079	0.515	-0.01	-0.76	-0.80	-0.07	-0.28	0.02	44425	0.250	0.079	0.524	-0.112	0.011	1.743
13.446	0.251	0.079	0.515	-0.01	-0.76	-0.81	0.59	-0.72	-0.50	44409	0.249	0.079	0.525	-0.112	0.011	1.742
13.455	0.250	0.079	0.515	-0.00	-0.76	-0.81	0.75	2.08	0.08	44392	0.248	0.079	0.525	-0.112	0.011	1.741
13.463	0.249	0.077	0.515	0.02	-0.77	-0.81	0.62	2.16	-0.03	44379	0.247	0.079	0.525	-0.112	0.011	1.740
13.472	0.249	0.077	0.515	0.03	-0.78	-0.81	0.53	2.09	0.29	44279	0.246	0.079	0.525	-0.112	0.011	1.740
13.481	0.249	0.077	0.516	0.03	-0.80	-0.80	0.38	1.24	0.26	44272	0.245	0.079	0.525	-0.111	0.011	1.739
13.495	0.248	0.077	0.516	0.04	-0.81	-0.80	0.25	0.35	0.40	44254	0.244	0.078	0.525	-0.111	0.011	1.738
13.505	0.246	0.077	0.515	0.04	-0.80	-0.79	-0.38	-0.53	0.19	44235	0.243	0.078	0.525	-0.111	0.011	1.737
13.514	0.245	0.077	0.515	0.03	-0.79	-0.79	-0.83	-1.48	0.17	44370	0.242	0.078	0.525	-0.111	0.011	1.737
13.521	0.244	0.077	0.515	0.02	-0.77	-0.79	-1.32	-1.64	-0.46	44366	0.241	0.078	0.525	-0.110	0.011	1.736
13.536	0.244	0.077	0.515	0.01	-0.76	-0.79	-1.49	-1.51	-0.44	44356	0.240	0.078	0.525	-0.110	0.010	1.735
13.549	0.244	0.077	0.516	-0.01	-0.74	-0.80	-2.06	-2.01	-0.58	44352	0.240	0.078	0.525	-0.110	0.010	1.734
13.555	0.242	0.077	0.516	-0.03	-0.71	-0.81	-2.66	-2.29	-0.44	44326	0.239	0.078	0.526	-0.110	0.010	1.734
13.565	0.241	0.076	0.516	-0.05	-0.68	-0.81	-2.70	-2.50	-0.86	44324	0.238	0.078	0.526	-0.109	0.010	1.733
13.573	0.241	0.076	0.516	-0.07	-0.66	-0.82	-1.08	-2.38	-0.74	44319	0.237	0.077	0.526	-0.109	0.010	1.732
13.583	0.241	0.078	0.516	-0.10	-0.64	-0.82	-0.95	-0.78	-0.11	44324	0.236	0.077	0.526	-0.109	0.010	1.731
13.594	0.241	0.076	0.517	-0.10	-0.63	-0.82	-0.49	-1.04	-0.05	44338	0.235	0.077	0.526	-0.108	0.010	1.731
13.605	0.241	0.078	0.517	-0.12	-0.62	-0.82	-0.73	0.60	0.23	44289	0.235	0.077	0.526	-0.108	0.010	1.730
13.615	0.239	0.076	0.517	-0.11	-0.62	-0.82	0.55	1.02	0.63	44292	0.234	0.077	0.526	-0.107	0.010	1.729
13.626	0.242	0.078	0.517	-0.12	-0.64	-0.81	-0.11	1.56	0.62	44292	0.234	0.078	0.526	-0.107	0.010	1.729
13.631	0.242	0.076	0.516	-0.11	-0.66	-0.81	1.40	2.05	0.89	44306	0.233	0.077	0.526	-0.106	0.010	1.728
13.648	0.242	0.076	0.516	-0.09	-0.68	-0.80	2.24	1.31	0.55	44446	0.233	0.077	0.526	-0.106	0.010	1.727
13.654	0.225	0.097	0.516	-0.21	-0.58	-0.81	2.33	-0.22	0.47	44439	0.231	0.080	0.526	-0.106	0.011	1.726
13.666	0.225	0.098	0.516	-0.18	-0.58	-0.80	1.63	-0.58	0.66	44450	0.229	0.082	0.526	-0.106	0.012	1.726
13.674	0.223	0.095	0.516	-0.15	-0.57	-0.79	2.96	-1.26	0.81	44457	0.226	0.084	0.526	-0.106	0.013	1.725
13.681	0.223	0.096	0.516	-0.12	-0.55	-0.79	5.29	-1.87	0.64	44445	0.225	0.085	0.526	-0.107	0.014	1.724
13.698	0.222	0.096	0.516	-0.07	-0.53	-0.78	6.53	-1.61	0.70	44466	0.223	0.087	0.526	-0.107	0.014	1.724
13.706	0.222	0.096	0.516	-0.00	-0.52	-0.77	5.34	-0.98	0.68	44470	0.221	0.088	0.526	-0.107	0.015	1.723
13.714	0.226	0.101	0.516	0.02	-0.54	-0.77	6.61	1.67	1.03	44467	0.220	0.090	0.526	-0.106	0.016	1.722
13.724	0.221	0.106	0.516	0.06	-0.52	-0.76	6.21	2.32	1.28	44463	0.219	0.092	0.526	-0.106	0.017	1.721
13.732	0.218	0.114	0.516	0.07	-0.53	-0.76	5.03	3.85	1.31	44510	0.217	0.095	0.525	-0.106	0.018	1.721
13.748	0.217	0.117	0.516	0.11	-0.56	-0.74	3.88	5.39	1.37	44531	0.216	0.098	0.525	-0.106	0.019	1.720
13.756	0.216	0.118	0.516	0.15	-0.61	-0.73	4.22	5.36	1.22	44542	0.214	0.101	0.525	-0.106	0.021	1.719
13.763	0.216	0.116	0.516	0.21	-0.67	-0.72	4.82	6.24	1.07	44536	0.213	0.103	0.525	-0.106	0.022	1.719
13.773	0.215	0.115	0.517	0.27	-0.73	-0.71	6.26	6.02	1.11	44483	0.212	0.105	0.525	-0.105	0.022	1.718
13.785	0.216	0.110	0.517	0.36	-0.80	-0.69	5.16	5.79	1.45	44495	0.211	0.106	0.525	-0.105	0.023	1.717
13.795	0.216	0.110	0.517	0.42	-0.86	-0.67	6.77	3.80	1.65	44487	0.210	0.107	0.525	-0.105	0.023	1.717
13.804	0.216	0.111	0.517	0.49	-0.89	-0.66	6.75	1.61	1.68	44472	0.209	0.108	0.525	-0.104	0.023	1.716
13.815	0.216	0.108	0.516	0.58	-0.91	-0.64	4.93	-0.80	1.80	44460	0.208	0.108	0.525	-0.103	0.023	1.715
13.824	0.216	0.105	0.516	0.65	-0.90	-0.62	5.18	-1.17	1.55	44641	0.207	0.108	0.525	-0.103	0.023	1.714
13.837	0.216	0.105	0.516	0.70	-0.88	-0.60	2.67	-3.00	1.31	44640	0.207	0.108	0.525	-0.102	0.023	1.714
13.846	0.216	0.105	0.515	0.73	-0.85	-0.59	2.53	-3.75	1.14	44640	0.206	0.108	0.525	-0.102	0.022	1.713
13.859	0.215	0.106	0.516	0.75	-0.81	-0.58	0.53	-4.81	1.00	44659	0.206	0.108	0.525	-0.101	0.022	1.712
13.862	0.201	0.134	0.516	0.59	-0.68	-0.59	-1.08	-3.85	1.02	44496	0.204	0.112	0.525	-0.101	0.024	1.712
13.875	0.201	0.134	0.516	0.58	-0.64	-0.58	-2.70	-2.99	0.94	44499	0.202	0.115	0.525	-0.101	0.025	1.711
13.882	0.200	0.135	0.516	0.55	-0.61	-0.57	-2.73	-1.36	0.33	44500	0.200	0.118	0.525	-0.101	0.027	1.711
13.892	0.199	0.135	0.516	0.54	-0.59	-0.57	-0.83	0.82	0.78	44516	0.198	0.120	0.525	-0.101	0.028	1.710
13.904	0.198	0.135	0.517	0.53	-0.60	-0.56	1.10	2.65	0.92	44538	0.196	0.122	0.525	-0.101	0.029	1.709
13.913	0.198	0.136	0.517	0.54	-0.63	-0.56	3.47	4.58	1.44	44505	0.195	0.124	0.525	-0.101	0.029	1.709
13.920	0.197	0.137	0.517	0.57	-0.67	-0.54	5.90	5.65	1.68	44484	0.193	0.126	0.525	-0.100	0.030	1.708
13.932	0.199	0.133	0.517	0.66	-0.74	-0.52	8.63	6.22	1.33	44470	0.192	0.128	0.525	-0.100	0.030	1.707
13.942	0.202	0.131	0.516	0.76	-0.83	-0.50	9.76	5.65	1.40	44460	0.192	0.129	0.525	-0.099	0.031	1.707
13.958	0.207	0.127	0.516	0.89	-0.92	-0.49	9.83	5.63	1.27	44492	0.192	0.129	0.525	-0.098	0.030	1.706
13.963	0.210	0.125	0.516	1.00	-0.99	-0.47	9.65	4.10	1.22	44474	0.192	0.129	0.525	-0.097	0.030	1.705
13.975	0.195	0.137	0.516	1.03	-0.93	-0.47	8.62	1.52	1.48	44478	0.191	0.130	0.525	-0.096	0.031	1.705
13.983	0.180	0.149	0.516	1.04	-0.85	-0.46	5.12	-1.17	1.05	44484	0.188	0.133	0.525	-0.097	0.032	1.704
13.991	0.178	0.147	0.516	1.10	-0.83	-0.45	3.11	-3.25	1.11	44487	0.185	0.135	0.525	-0.097	0.033	1.703
14.004	0.180	0.146	0.516	1.14	-0.82	-0.44	0.65	-4.08	0.56	44532	0.183	0.137	0.525	-0.098	0.033	1.703
14.013	0.180	0.147	0.516	1.15	-0.77	-0.43	-1.36	-3.99	0.43	44547	0.180	0.139	0.525	-0.098	0.034	1.702
14.023	0.179	0.148	0.516	1.14	-0.74	-0.43	-1.43	-2.15	0.50	44535	0.178	0.140	0.525	-0.098	0.034	1.702
14.034	0.179	0.148	0.516	1.13	-0.71	-0.42	-0.41	-0.11	0.84	44523	0.177	0.142	0.525	-0.097	0.035	1.701
14.047	0.178	0.149	0.516	1.12	-0.71	-0.41	-1.98	2.31	0.78	44624	0.175	0.143	0.524	-0.097	0.035	1.700
14.058	0.181	0.148	0.516	1.11	-0.76	-0.40	-0.95	5.34	1.31	44631	0.174	0.144	0.524	-0.097	0.036	1.700
14.064	0.181	0.148	0.516	1.09	-0.81	-0.39	-2.21	6.74	1.57	44624	0.173	0.145	0.524	-0.096	0.036	1.699
14.075	0.180	0.148	0.515	1.07	-0.88	-0.37	-1.83	6.13	2.11	44613	0.172	0.146	0.524	-0.095	0.036	1.698
14.085	0.179	0.148	0.515	1.05	-0.95	-0.35	-1.68	6.60	2.32	44654	0.171	0.147	0.524	-0.095	0.036	1.698
14.091	0.183	0.148	0.515	1.04	-1.03	-0.32	-2.15	6.92	1.79	44654	0.170	0.147	0.524	-0.094	0.036	1.697
14.106	0.178	0.148	0.515	1.02	-1.08	-0.30	-0.12	4.50	2.09	44633	0.169	0.148	0.524	-0.093	0.036	1.696
14.114	0.181	0.148	0.515	1.02	-1.14	-0.28	-0.04	2.27	1.80	44608	0.169	0.148	0.524	-0.092	0.036	1.696
14.126	0.178	0.148	0.516	1.02	-1.14	-0.26	0.02	-0.28	1.72	44596	0.168	0.149	0.524	-0.092	0.036	1.695
14.135	0.178	0.148	0.516	1.02	-1.14	-0.25	-0.06	-2.09	1.75	44461	0.167	0.149	0.524	-0.091	0.036	1.694
14.141	0.177	0.148	0.516	1.02	-1.11	-0.23	-0.49	-4.80	1.31	44430	0.166	0.149	0.524	-0.090	0.036	1.694
14.155	0.175	0.148	0.516	1.02	-1.05	-0.22	1.03	-6.11	1.84	44419	0.166	0.150	0.524	-0.089	0.036	1.693
14.166	0.178	0.148	0.516	1.03	-1.01	-0.20	0.78	-7.74	1.54	44416	0.165	0.150	0.524	-0.088	0.036	1.693
14.175	0.178	0.148	0.517	1.03	-0.93	-0.19	-0.23	-7.80	1.87	44330	0.165	0.150	0.524	-0.088	0.036	1.692
14.183	0.177	0.148	0.517	1.03	-0.85	-0.17	-1.53	-7.20	1.17	44332	0.164	0.150	0.524	-0.087	0.036	1.692
14.195	0.178	0.152	0.517	0.99	-0.79	-0.16	-2.64	-6.26	1.15	44357	0.164	0.151	0.524	-0.086	0.036	1.691
14.206	0.178	0.153	0.516	0.97	-0.72	-0.15	-2.75	-5.10	1.15	44360	0.164	0.151	0.524	-0.085	0.036	1.690
14.215	0.178	0.153	0.516	0.94	-0.68	-0.14	-4.30	-2.59	1.01	44536	0.164	0.152	0.524	-0.084	0.036	1.690
14.227	0.176	0.153	0.516	0.89	-0.63	-0.13	-5.68	-1.85	1.05	44545	0.163	0.152	0.524	-0.083	0.036	1.689
14.235	0.176	0.153	0.516	0.83	-0.62	-0.12	-7.31	0.40	1.15	44568	0.163	0.153	0.524	-0.082	0.036	1.689
14.242	0.176	0.154	0.516	0.76	-0.62	-0.11	-6.91	1.41	1.27	44577	0.163	0.153	0.523	-0.081	0.036	1.688
14.252	0.176	0.154	0.516	0.69	-0.63	-0.10	-6.68	2.18	1.41	44577	0.162	0.153	0.524	-0.080	0.036	1.687
14.265	0.172	0.157	0.516	0.61	-0.63	-0.09	-6.19	2.00	1.45	44468	0.162	0.154	0.524	-0.079	0.036	1.687
14.274	0.172	0.157	0.516	0.55	-0.65	-0.07	-4.88	1.80	1.44	44467	0.161	0.155	0.524	-0.078	0.036	1.686
14.286	0.172	0.157	0.516	0.50	-0.66	-0.06	-3.38	0.23	1.41	44463	0.160	0.155	0.524	-0.077	0.036	1.686
14.295	0.174	0.147	0.517	0.53	-0.68	-0.04	-2.00	-1.46	1.24	44460	0.160	0.155	0.524	-0.076	0.036	1.685
14.306	0.188	0.131	0.517	0.61	-0.75	-0.02	-0.61	-2.56	1.35	44345	0.162	0.152	0.524	-0.075	0.034	1.685
14.315	0.189	0.128	0.517	0.62	-0.73	0.00	-0.48	-3.26	1.18	44343	0.163	0.149	0.524	-0.073	0.033	1.684
14.325	0.187	0.128	0.517	0.62	-0.68	0.01	-0.83	-4.34	0.88	44326	0.164	0.147	0.524	-0.071	0.032	1.684
14.332	0.187	0.128	0.517	0.61	-0.63	0.02	-1.68	-6.28	0.76	44337	0.165	0.145	0.524	-0.069	0.030	1.683
14.348	0.187	0.127	0.517	0.59	-0.57	0.03	-4.91	-7.68	1.17	44339	0.166	0.143	0.524	-0.068	0.029	1.683
14.351	0.183	0.130	0.517	0.52	-0.47	0.04	-6.14	-8.16	0.90	44391	0.166	0.141	0.524	-0.067	0.028	1.682
14.367	0.183	0.130	0.517	0.45	-0.39	0.05	-10.28	-8.31	0.18	44386	0.167	0.140	0.524	-0.066	0.028	1.681
14.374	0.178	0.134	0.517	0.32	-0.27	0.05	-12.30	-7.83	0.03	44403	0.166	0.139	0.524	-0.065	0.027	1.681
14.383	0.175	0.137	0.517	0.18	-0.17	0.05	-13.61	-8.66	-0.09	44400	0.166	0.139	0.524	-0.064	0.027	1.680
14.392	0.209	0.109	0.517	0.22	-0.30	0.05	-13.33	-7.31	-0.25	44303	0.169	0.135	0.524	-0.061	0.025	1.680
14.400	0.209	0.109	0.517	0.08	-0.22	0.05	-12.73	-5.98	-0.38	44320	0.173	0.132	0.524	-0.059	0.024	1.679
14.414	0.202	0.113	0.517	-0.08	-0.12	0.05	-11.64	-4.99	-0.34	44324	0.175	0.130	0.524	-0.057	0.022	1.679
14.423	0.202	0.113	0.517	-0.19	-0.07	0.04	-10.17	-4.40	0.04	44318	0.176	0.127	0.524	-0.055	0.021	1.678
14.432	0.211	0.105	0.517	-0.25	-0.07	0.05	-9.36	-4.27	0.40	44438	0.179	0.125	0.524	-0.053	0.020	1.678
14.442	0.212	0.101	0.517	-0.32	-0.03	0.05	-8.29	-4.57	0.67	44463	0.182	0.122	0.524	-0.050	0.019	1.677
14.455	0.211	0.095	0.517	-0.37	0.02	0.06	-8.49	-5.37	0.79	44472	0.184	0.118	0.524	-0.048	0.017	1.677
14.466	0.208	0.095	0.517	-0.46	0.10	0.07	-7.62	-6.95	0.84	44469	0.185	0.115	0.524	-0.047	0.015	1.676
14.475	0.208	0.095	0.518	-0.54	0.16	0.08	-8.61	-7.72	1.01	44471	0.187	0.112	0.524	-0.045	0.014	1.676
14.484	0.201	0.097	0.519	-0.64	0.29	0.09	-9.22	-8.93	0.78	44168	0.187	0.110	0.524	-0.044	0.013	1.676
14.493	0.199	0.103	0.519	-0.77	0.39	0.10	-9.66	-9.12	0.78	44156	0.187	0.109	0.524	-0.044	0.013	1.675
14.503	0.199	0.102	0.519	-0.87	0.48	0.10	-9.39	-8.66	0.14	44139	0.188	0.108	0.524	-0.043	0.012	1.675
14.511	0.232	0.076	0.518	-0.81	0.37	0.11	-8.91	-7.37	0.31	44142	0.192	0.104	0.524	-0.040	0.010	1.674
14.524	0.233	0.075	0.518	-0.90	0.44	0.12	-7.74	-6.15	0.25	44201	0.196	0.100	0.524	-0.037	0.008	1.674
14.534	0.233	0.074	0.519	-0.98	0.50	0.12	-6.63	-5.61	0.28	44188	0.199	0.096	0.524	-0.035	0.007	1.673
14.544	0.232	0.078	0.519	-1.07	0.57	0.12	-6.04	-5.16	0.36	44201	0.202	0.094	0.524	-0.033	0.006	1.673
14.552	0.226	0.079	0.519	-1.15	0.66	0.13	-6.51	-5.85	0.33	44210	0.204	0.092	0.524	-0.031	0.005	1.672
14.569	0.223	0.081	0.518	-1.22	0.74	0.13	-5.81	-6.80	0.44	44206	0.205	0.090	0.524	-0.030	0.004	1.672
14.574	0.224	0.080	0.518	-1.28	0.81	0.14	-5.83	-7.67	0.31	44266	0.207	0.088	0.524	-0.028	0.003	1.672
14.582	0.222	0.083	0.518	-1.37	0.90	0.14	-6.41	-7.11	0.05	44287	0.208	0.087	0.524	-0.027	0.003	1.671
14.593	0.223	0.083	0.518	-1.43	0.97	0.14	-5.40	-7.73	0.10	44288	0.209	0.086	0.524	-0.026	0.003	1.671
14.603	0.221	0.082	0.519	-1.48	1.06	0.15	-5.06	-5.94	0.07	44302	0.209	0.086	0.524	-0.026	0.003	1.670
14.608	0.221	0.082	0.519	-1.54	1.12	0.15	-4.42	-4.77	-0.23	44294	0.210	0.085	0.524	-0.025	0.002	1.670
14.624	0.236	0.068	0.519	-1.50	1.08	0.15	-3.21	-3.22	0.04	44311	0.212	0.082	0.524	-0.023	0.001	1.669
14.635	0.237	0.059	0.519	-1.48	1.10	0.15	-1.22	-1.52	-0.14	44330	0.215	0.079	0.524	-0.022	-0.000	1.669
14.644	0.237	0.058	0.518	-1.50	1.12	0.15	0.28	-0.37	0.37	44355	0.217	0.076	0.524	-0.020	-0.001	1.669
14.649	0.239	0.057	0.517	-1.49	1.12	0.15	0.76	0.98	0.90	44557	0.219	0.074	0.524	-0.019	-0.003	1.668
14.671	0.239	0.056	0.517	-1.49	1.11	0.16	-0.06	1.44	0.92	44580	0.221	0.071	0.524	-0.017	-0.004	1.668
14.675	0.240	0.055	0.517	-1.48	1.10	0.17	-0.60	0.37	1.47	44594	0.223	0.069	0.523	-0.016	-0.005	1.667
14.683	0.241	0.055	0.517	-1.49	1.10	0.19	-0.71	-1.08	1.64	44614	0.224	0.067	0.523	-0.015	-0.005	1.667
14.691	0.241	0.054	0.517	-1.50	1.11	0.20	-1.69	-1.07	1.77	44629	0.226	0.065	0.523	-0.014	-0.006	1.666
14.703	0.242	0.053	0.517	-1.52	1.12	0.22	-1.89	-1.39	1.44	44636	0.227	0.063	0.523	-0.013	-0.007	1.666
14.717	0.242	0.053	0.517	-1.54	1.13	0.24	-2.68	-1.15	1.70	44649	0.229	0.061	0.523	-0.012	-0.008	1.665
14.725	0.243	0.052	0.517	-1.57	1.14	0.25	-2.57	-2.30	1.71	44667	0.230	0.060	0.523	-0.011	-0.008	1.665
14.733	0.243	0.051	0.516	-1.59	1.17	0.27	-1.64	-2.72	1.37	44663	0.231	0.059	0.522	-0.010	-0.009	1.664
14.742	0.243	0.051	0.516	-1.61	1.19	0.28	-0.95	-2.18	1.00	44693	0.233	0.057	0.522	-0.009	-0.009	1.664
14.754	0.244	0.050	0.516	-1.62	1.21	0.29	0.44	-1.37	0.90	44706	0.234	0.056	0.522	-0.009	-0.010	1.664
14.762	0.250	0.051	0.516	-1.62	1.20	0.30	1.77	-1.30	0.82	44705	0.235	0.055	0.522	-0.008	-0.010	1.663
14.776	0.251	0.049	0.516	-1.59	1.20	0.31	3.15	-0.50	0.70	44699	0.237	0.054	0.522	-0.007	-0.010	1.663
14.776	0.231	0.061	0.516	-1.63	1.33	0.32	3.80	1.13	1.05	44716	0.236	0.055	0.522	-0.007	-0.010	1.662
14.790	0.215	0.078	0.516	-1.69	1.42	0.32	4.35	3.02	0.94	44731	0.233	0.057	0.522	-0.008	-0.008	1.662
14.790	0.214	0.078	0.516	-1.65	1.39	0.33	5.67	4.29	1.39	44741	0.231	0.060	0.521	-0.010	-0.007	1.661
14.813	0.218	0.072	0.515	-1.56	1.32	0.35	6.45	6.31	1.29	44743	0.229	0.061	0.521	-0.010	-0.006	1.661
14.825	0.221	0.071	0.515	-1.49	1.23	0.36	7.87	9.46	1.48	44759	0.228	0.062	0.521	-0.011	-0.006	1.660
14.834	0.225	0.070	0.515	-1.40	1.11	0.37	10.07	12.14	1.63	44781	0.227	0.063	0.521	-0.011	-0.005	1.660
14.843	0.205	0.098	0.515	-1.47	1.11	0.38	11.27	12.79	1.61	44772	0.224	0.067	0.521	-0.012	-0.003	1.660
14.851	0.213	0.096	0.515	-1.34	0.93	0.40	12.24	13.60	1.60	44795	0.223	0.071	0.521	-0.013	-0.001	1.659
14.864	0.216	0.091	0.514	-1.18	0.78	0.41	13.74	13.51	1.90	44805	0.222	0.073	0.521	-0.014	0.000	1.659
14.878	0.185	0.114	0.514	-1.18	0.83	0.42	15.95	13.59	2.31	44797	0.217	0.079	0.520	-0.016	0.003	1.658
14.882	0.188	0.109	0.514	-0.98	0.67	0.44	17.69	12.44	1.96	44868	0.213	0.083	0.520	-0.018	0.005	1.658
14.882	0.196	0.105	0.514	-0.78	0.49	0.46	18.33	12.22	2.30	44871	0.211	0.086	0.520	-0.019	0.006	1.657
14.904	0.166	0.128	0.514	-0.73	0.54	0.48	18.46	12.87	2.58	44858	0.205	0.091	0.520	-0.022	0.009	1.657
14.912	0.173	0.124	0.515	-0.52	0.36	0.50	19.28	12.85	2.41	44872	0.200	0.096	0.520	-0.024	0.011	1.656
14.925	0.177	0.121	0.515	-0.30	0.20	0.53	19.38	14.66	2.40	44684	0.197	0.099	0.520	-0.025	0.012	1.656
14.935	0.162	0.137	0.514	-0.19	0.14	0.55	19.89	15.51	1.65	44683	0.192	0.104	0.520	-0.027	0.015	1.655
14.945	0.161	0.138	0.514	0.00	-0.01	0.56	19.59	16.66	1.84	44702	0.188	0.109	0.520	-0.029	0.017	1.655
14.952	0.164	0.131	0.515	0.25	-0.21	0.58	19.25	17.63	1.55	44707	0.184	0.112	0.520	-0.030	0.018	1.655
14.960	0.168	0.129	0.515	0.46	-0.41	0.60	18.63	18.82	1.93	44585	0.182	0.115	0.520	-0.031	0.019	1.654
14.978	0.157	0.147	0.515	0.54	-0.54	0.62	17.63	19.64	2.08	44583	0.178	0.120	0.520	-0.033	0.021	1.654
14.984	0.164	0.144	0.515	0.74	-0.78	0.64	16.76	18.88	2.31	44594	0.175	0.123	0.520	-0.034	0.023	1.653
14.995	0.135	0.163	0.515	0.79	-0.81	0.66	14.22	18.44	1.98	44580	0.170	0.129	0.520	-0.036	0.025	1.653
15.003	0.134	0.165	0.514	0.94	-0.99	0.68	12.99	17.04	1.87	44600	0.164	0.134	0.520	-0.038	0.027	1.653
15.003	0.141	0.160	0.513	1.10	-1.21	0.71	12.59	15.02	2.10	44771	0.160	0.138	0.520	-0.040	0.029	1.652
15.022	0.140	0.161	0.513	1.23	-1.36	0.73	13.07	14.28	1.92	44758	0.157	0.142	0.520	-0.041	0.030	1.652
15.033	0.116	0.181	0.513	1.25	-1.36	0.75	13.69	13.32	1.57	44771	0.151	0.148	0.520	-0.044	0.033	1.651
15.047	0.114	0.183	0.513	1.39	-1.50	0.77	14.51	12.16	1.45	44788	0.145	0.153	0.519	-0.046	0.035	1.651
15.055	0.119	0.180	0.513	1.56	-1.66	0.79	16.01	11.54	1.56	44781	0.141	0.157	0.519	-0.047	0.037	1.650
15.063	0.107	0.199	0.513	1.61	-1.70	0.80	16.85	10.87	1.15	44776	0.135	0.163	0.519	-0.049	0.039	1.650
15.073	0.113	0.196	0.513	1.81	-1.86	0.82	17.50	10.96	1.05	44796	0.131	0.168	0.519	-0.051	0.041	1.649
15.084	0.117	0.189	0.514	2.04	-2.00	0.84	17.81	11.59	0.90	44782	0.128	0.172	0.519	-0.052	0.042	1.649
15.094	0.106	0.209	0.514	2.10	-2.05	0.84	16.92	10.85	0.58	44781	0.124	0.177	0.519	-0.053	0.045	1.648
15.097	0.110	0.206	0.514	2.30	-2.19	0.86	15.38	11.15	0.34	44578	0.121	0.182	0.519	-0.054	0.046	1.648
15.114	0.114	0.201	0.514	2.49	-2.34	0.87	14.03	10.67	-0.10	44572	0.118	0.185	0.519	-0.054	0.047	1.648
15.120	0.102	0.213	0.514	2.56	-2.38	0.87	12.54	9.47	-0.52	44571	0.115	0.190	0.519	-0.055	0.049	1.647
15.135	0.103	0.216	0.515	2.68	-2.48	0.87	11.71	7.45	0.86	44602	0.112	0.194	0.520	-0.055	0.051	1.647
15.145	0.103	0.213	0.515	2.82	-2.56	0.88	9.38	5.91	0.83	44448	0.109	0.197	0.520	-0.056	0.052	1.646
15.154	0.106	0.211	0.515	2.93	-2.64	0.89	7.38	5.59	-0.10	44446	0.107	0.200	0.520	-0.056	0.053	1.646
15.154	0.108	0.210	0.515	3.02	-2.72	0.90	5.57	4.18	1.29	44451	0.105	0.203	0.520	-0.056	0.053	1.646
15.171	0.080	0.234	0.515	2.93	-2.59	0.90	3.89	3.12	0.56	44455	0.100	0.207	0.520	-0.057	0.055	1.645
15.187	0.079	0.235	0.515	2.97	-2.62	0.90	2.37	2.08	0.75	44359	0.096	0.212	0.520	-0.058	0.057	1.645
15.194	0.078	0.236	0.515	3.00	-2.64	0.91	1.05	0.60	1.02	44357	0.092	0.216	0.520	-0.059	0.058	1.645
15.205	0.077	0.238	0.515	3.01	-2.65	0.92	1.01	0.69	0.95	44369	0.088	0.220	0.520	-0.060	0.060	1.644
15.213	0.076	0.239	0.515	3.02	-2.65	0.93	1.65	0.43	0.74	44362	0.084	0.223	0.520	-0.061	0.061	1.644
15.226	0.077	0.236	0.515	3.06	-2.67	0.94	2.76	-0.09	1.22	44363	0.081	0.226	0.520	-0.061	0.061	1.643
15.234	0.080	0.235	0.515	3.11	-2.70	0.95	3.84	0.24	1.35	44401	0.079	0.228	0.520	-0.061	0.062	1.643
15.245	0.080	0.237	0.515	3.15	-2.70	0.96	3.97	0.27	1.27	44405	0.077	0.230	0.520	-0.061	0.062	1.643
15.255	0.079	0.238	0.515	3.19	-2.70	0.97	3.95	0.45	0.76	44397	0.075	0.232	0.520	-0.061	0.063	1.642
15.266	0.078	0.238	0.516	3.23	-2.71	0.98	2.88	0.54	0.53	44416	0.073	0.234	0.520	-0.060	0.063	1.642
15.275	0.080	0.238	0.516	3.26	-2.73	0.99	1.10	-0.09	0.29	44366	0.072	0.235	0.520	-0.060	0.063	1.641
15.280	0.080	0.238	0.516	3.27	-2.73	0.99	-1.25	-1.73	0.19	44356	0.070	0.236	0.520	-0.059	0.064	1.641
15.293	0.079	0.239	0.516	3.26	-2.71	0.99	-4.14	-2.68	0.28	44375	0.069	0.238	0.520	-0.058	0.064	1.641
15.304	0.078	0.240	0.515	3.22	-2.68	0.99	-6.16	-4.47	-0.03	44395	0.068	0.239	0.520	-0.057	0.064	1.640
15.313	0.074	0.242	0.515	3.14	-2.61	0.99	-8.84	-7.17	0.20	44403	0.066	0.240	0.520	-0.057	0.064	1.640
15.322	0.075	0.243	0.515	3.05	-2.55	0.98	-10.92	-8.37	0.62	44471	0.065	0.241	0.520	-0.056	0.064	1.640
15.332	0.071	0.248	0.515	2.91	-2.44	0.98	-11.75	-9.05	0.77	44502	0.064	0.243	0.520	-0.056	0.064	1.639
15.345	0.063	0.249	0.515	2.79	-2.30	0.99	-12.26	-9.59	0.83	44516	0.061	0.244	0.520	-0.055	0.065	1.639
15.354	0.103	0.231	0.514	2.79	-2.47	0.99	-11.80	-9.59	0.49	44525	0.064	0.243	0.520	-0.053	0.064	1.638
15.363	0.103	0.231	0.514	2.67	-2.38	0.99	-10.92	-8.72	0.24	44788	0.066	0.242	0.520	-0.050	0.063	1.638
15.372	0.097	0.232	0.514	2.55	-2.25	0.99	-11.17	-8.84	0.59	44808	0.068	0.242	0.519	-0.048	0.062	1.638
15.389	0.094	0.236	0.514	2.42	-2.14	0.99	-11.42	-9.94	0.47	44813	0.069	0.241	0.519	-0.046	0.062	1.637
15.389	0.090	0.239	0.514	2.28	-2.01	0.99	-11.62	-12.81	0.75	44832	0.069	0.242	0.519	-0.045	0.062	1.637
15.405	0.121	0.217	0.513	2.31	-2.08	0.99	-12.36	-14.78	0.93	44796	0.073	0.239	0.519	-0.041	0.060	1.636
15.414	0.116	0.219	0.513	2.17	-1.90	0.99	-12.25	-16.28	1.33	44817	0.076	0.237	0.519	-0.038	0.059	1.636
15.421	0.110	0.222	0.513	2.02	-1.69	1.00	-13.12	-17.96	1.12	44829	0.078	0.236	0.519	-0.036	0.058	1.635
15.421	0.134	0.200	0.513	2.03	-1.66	1.00	-14.25	-20.08	1.01	44824	0.083	0.232	0.518	-0.032	0.056	1.635
15.445	0.131	0.204	0.511	1.87	-1.44	1.00	-14.83	-21.61	0.46	44839	0.087	0.228	0.518	-0.029	0.054	1.635
15.455	0.127	0.208	0.511	1.69	-1.20	1.00	-16.19	-23.71	0.33	45187	0.090	0.226	0.517	-0.026	0.053	1.634
15.464	0.146	0.187	0.510	1.66	-1.08	1.00	-17.36	-25.53	-0.09	45202	0.095	0.221	0.517	-0.023	0.050	1.634
15.472	0.144	0.190	0.510	1.47	-0.80	0.99	-19.15	-26.51	-0.05	45233	0.099	0.218	0.517	-0.019	0.048	1.633
15.481	0.156	0.173	0.511	1.38	-0.61	0.99	-20.70	-26.87	0.08	45232	0.104	0.212	0.517	-0.016	0.045	1.633
15.495	0.157	0.172	0.511	1.17	-0.34	0.99	-23.77	-25.54	0.21	45124	0.109	0.207	0.516	-0.012	0.043	1.632
15.503	0.176	0.157	0.510	1.03	-0.20	0.98	-25.40	-23.81	-0.29	45127	0.115	0.201	0.516	-0.008	0.040	1.632
15.509	0.170	0.161	0.510	0.74	0.08	0.98	-26.72	-23.05	-0.60	45152	0.121	0.196	0.516	-0.004	0.037	1.631
15.521	0.190	0.147	0.509	0.56	0.19	0.96	-29.13	-22.61	-0.51	45140	0.128	0.189	0.516	0.000	0.034	1.631
15.525	0.185	0.151	0.509	0.23	0.47	0.96	-30.30	-21.70	-0.53	45163	0.133	0.184	0.515	0.004	0.032	1.630
15.546	0.206	0.138	0.509	0.01	0.56	0.94	-31.65	-22.55	-0.12	45291	0.141	0.178	0.515	0.009	0.029	1.630
15.555	0.201	0.142	0.509	-0.35	0.83	0.94	-31.39	-22.24	-0.47	45310	0.147	0.173	0.515	0.012	0.027	1.629
15.565	0.208	0.129	0.508	-0.58	1.02	0.94	-31.06	-22.28	-0.33	45296	0.154	0.167	0.515	0.016	0.024	1.629
15.574	0.204	0.135	0.508	-0.94	1.28	0.94	-29.11	-23.12	-0.77	45299	0.159	0.163	0.515	0.019	0.022	1.628
15.581	0.215	0.120	0.508	-1.14	1.45	0.94	-27.22	-24.20	-1.19	45189	0.165	0.157	0.515	0.023	0.019	1.628
15.597	0.210	0.124	0.508	-1.46	1.74	0.93	-25.13	-23.94	-1.34	45186	0.170	0.152	0.514	0.026	0.017	1.627
15.606	0.227	0.110	0.508	-1.62	1.88	0.92	-22.15	-23.86	-1.29	45166	0.176	0.146	0.514	0.030	0.015	1.627
15.615	0.229	0.108	0.507	-1.84	2.12	0.91	-19.15	-23.41	-1.26	45164	0.182	0.141	0.514	0.033	0.012	1.626
15.623	0.233	0.102	0.507	-2.01	2.34	0.91	-16.25	-22.16	-1.30	45264	0.188	0.135	0.514	0.036	0.010	1.626
15.629	0.242	0.095	0.507	-2.13	2.51	0.90	-15.83	-20.69	-1.17	45259	0.194	0.129	0.514	0.040	0.008	1.625
15.645	0.244	0.093	0.507	-2.29	2.71	0.90	-14.13	-18.32	-1.14	45240	0.200	0.124	0.514	0.043	0.005	1.625
15.654	0.238	0.097	0.507	-2.47	2.96	0.90	-14.08	-17.29	-1.61	45213	0.205	0.120	0.513	0.045	0.004	1.624
15.663	0.253	0.081	0.508	-2.52	3.05	0.88	-14.58	-15.69	-1.66	45186	0.211	0.114	0.514	0.048	0.001	1.624
15.674	0.251	0.084	0.508	-2.70	3.24	0.87	-15.38	-14.12	-1.75	44882	0.216	0.109	0.514	0.051	-0.001	1.623
15.679	0.252	0.083	0.508	-2.86	3.38	0.86	-15.85	-12.79	-1.97	44850	0.221	0.105	0.514	0.053	-0.002	1.623
15.686	0.246	0.085	0.508	-3.05	3.57	0.85	-15.05	-10.60	-1.87	44832	0.224	0.102	0.514	0.055	-0.003	1.623
15.702	0.260	0.071	0.508	-3.10	3.59	0.83	-15.34	-9.31	-1.72	44818	0.229	0.097	0.514	0.057	-0.005	1.622
15.714	0.259	0.072	0.508	-3.27	3.70	0.82	-13.74	-5.86	-1.81	44831	0.233	0.093	0.514	0.059	-0.007	1.622
15.723	0.257	0.075	0.508	-3.45	3.77	0.81	-13.60	-2.82	-1.60	44809	0.237	0.090	0.514	0.060	-0.008	1.621
15.732	0.259	0.074	0.508	-3.58	3.80	0.79	-10.17	-1.25	-1.81	44787	0.240	0.087	0.514	0.062	-0.009	1.621
15.739	0.255	0.075	0.510	-3.70	3.85	0.78	-8.37	1.57	-1.30	44784	0.243	0.085	0.515	0.062	-0.010	1.620
15.754	0.263	0.064	0.510	-3.71	3.79	0.76	-5.34	2.42	-1.30	44773	0.246	0.081	0.515	0.064	-0.011	1.620
15.763	0.263	0.060	0.510	-3.74	3.78	0.74	-2.41	3.92	-0.83	44409	0.249	0.078	0.515	0.065	-0.012	1.620
15.772	0.265	0.058	0.510	-3.77	3.74	0.73	0.04	5.01	-1.20	44396	0.252	0.075	0.515	0.066	-0.013	1.619
15.781	0.262	0.059	0.511	-3.78	3.71	0.71	0.85	5.12	-1.05	44378	0.254	0.072	0.516	0.066	-0.014	1.619
15.799	0.263	0.057	0.511	-3.77	3.66	0.70	3.91	5.74	-0.70	44346	0.256	0.070	0.516	0.067	-0.015	1.618
15.802	0.264	0.056	0.511	-3.73	3.60	0.69	4.65	5.18	-0.76	44307	0.258	0.067	0.516	0.067	-0.016	1.618
15.814	0.264	0.055	0.511	-3.68	3.55	0.67	5.98	5.63	-0.92	44304	0.260	0.065	0.516	0.067	-0.017	1.618
15.823	0.265	0.054	0.511	-3.63	3.50	0.66	6.76	5.53	-0.80	44287	0.262	0.063	0.516	0.068	-0.017	1.617
15.834	0.264	0.052	0.511	-3.55	3.46	0.65	7.81	5.71	-0.88	44282	0.264	0.061	0.516	0.068	-0.018	1.617
15.843	0.263	0.050	0.511	-3.47	3.41	0.64	8.37	6.09	-0.74	44387	0.265	0.059	0.516	0.068	-0.019	1.616
15.850	0.259	0.055	0.511	-3.43	3.38	0.63	8.04	7.88	-1.05	44390	0.266	0.058	0.517	0.067	-0.019	1.616
15.864	0.250	0.068	0.511	-3.45	3.37	0.63	7.62	8.27	-1.15	44390	0.265	0.059	0.517	0.066	-0.018	1.616
15.873	0.252	0.067	0.511	-3.37	3.27	0.61	7.68	10.65	-1.51	44409	0.265	0.059	0.517	0.065	-0.018	1.615
15.883	0.254	0.065	0.510	-3.27	3.16	0.59	7.67	12.21	-1.98	44414	0.265	0.060	0.516	0.064	-0.017	1.615
15.895	0.258	0.064	0.510	-3.19	3.00	0.57	9.88	15.50	-2.06	44649	0.266	0.060	0.516	0.064	-0.017	1.614
15.902	0.243	0.081	0.510	-3.22	2.96	0.55	9.68	17.54	-2.63	44659	0.264	0.062	0.516	0.062	-0.016	1.614
15.913	0.243	0.081	0.510	-3.12	2.79	0.52	11.36	18.47	-2.81	44707	0.263	0.064	0.516	0.061	-0.014	1.613
15.921	0.243	0.080	0.510	-3.00	2.61	0.48	13.83	20.66	-2.55	44734	0.262	0.066	0.516	0.059	-0.013	1.613
15.934	0.245	0.077	0.510	-2.83	2.38	0.44	15.79	21.60	-2.55	44840	0.261	0.067	0.516	0.058	-0.013	1.612
15.943	0.245	0.073	0.510	-2.65	2.17	0.40	18.41	22.62	-2.52	44859	0.261	0.068	0.515	0.057	-0.012	1.612
15.954	0.245	0.070	0.510	-2.43	1.94	0.36	20.59	23.84	-1.88	44870	0.260	0.068	0.515	0.056	-0.012	1.612
15.964	0.229	0.085	0.507	-2.34	1.82	0.33	21.22	23.31	-1.78	44875	0.258	0.070	0.515	0.054	-0.011	1.611
15.973	0.232	0.081	0.507	-2.10	1.57	0.30	21.44	21.46	-1.76	44910	0.256	0.072	0.514	0.052	-0.011	1.610
15.984	0.226	0.086	0.506	-1.92	1.39	0.28	21.13	20.45	-1.93	45430	0.254	0.074	0.514	0.050	-0.010	1.610
15.995	0.227	0.091	0.506	-1.74	1.17	0.26	20.72	20.79	-1.50	45456	0.252	0.076	0.513	0.048	-0.009	1.609
16.006	0.226	0.091	0.506	-1.53	0.97	0.24	20.63	19.48	-1.41	45473	0.250	0.078	0.513	0.047	-0.008	1.609
16.015	0.230	0.087	0.505	-1.30	0.74	0.22	18.91	18.66	-1.54	45493	0.249	0.079	0.513	0.045	-0.007	1.608
16.023	0.215	0.101	0.505	-1.21	0.66	0.20	18.78	18.91	-2.05	45580	0.246	0.082	0.512	0.043	-0.006	1.608
16.034	0.214	0.102	0.505	-1.02	0.48	0.18	19.96	17.10	-1.08	45597	0.243	0.085	0.512	0.041	-0.004	1.607
16.044	0.207	0.117	0.505	-0.93	0.35	0.18	20.19	17.03	-1.36	45608	0.240	0.090	0.512	0.039	-0.002	1.606
16.054	0.206	0.118	0.505	-0.72	0.18	0.16	21.31	16.43	-1.15	45621	0.237	0.093	0.512	0.036	-0.001	1.606
16.064	0.189	0.132	0.505	-0.60	0.14	0.15	22.18	16.27	-1.39	45468	0.232	0.099	0.512	0.033	0.002	1.605
16.074	0.192	0.129	0.505	-0.35	-0.06	0.13	22.41	16.72	-1.07	45478	0.228	0.103	0.511	0.031	0.004	1.605
16.083	0.184	0.144	0.504	-0.22	-0.18	0.13	23.82	18.21	-0.55	45463	0.224	0.109	0.511	0.028	0.006	1.604
16.094	0.186	0.138	0.504	0.07	-0.39	0.12	24.49	19.40	-0.70	45460	0.220	0.113	0.511	0.025	0.008	1.604
16.107	0.177	0.155	0.504	0.20	-0.52	0.12	25.25	20.67	-0.41	45418	0.216	0.119	0.511	0.023	0.010	1.603
16.115	0.181	0.150	0.504	0.50	-0.77	0.12	25.53	22.16	-0.76	45437	0.212	0.123	0.511	0.020	0.012	1.603
16.124	0.165	0.165	0.504	0.65	-0.88	0.11	25.26	21.65	-0.96	45410	0.207	0.129	0.511	0.017	0.015	1.602
16.133	0.168	0.161	0.504	0.95	-1.13	0.10	25.61	21.70	-1.72	45410	0.203	0.134	0.511	0.015	0.017	1.602
16.143	0.158	0.176	0.505	1.10	-1.28	0.09	24.48	22.63	-1.98	45374	0.198	0.140	0.511	0.012	0.019	1.601
16.153	0.164	0.170	0.505	1.41	-1.57	0.08	23.67	22.00	-2.38	45155	0.194	0.145	0.511	0.010	0.021	1.601
16.191	0.156	0.186	0.504	1.53	-1.73	0.07	23.55	20.58	-2.03	45122	0.190	0.151	0.511	0.007	0.024	1.600
16.199	0.154	0.188	0.504	1.76	-1.94	0.05	22.05	20.05	-2.91	45115	0.186	0.156	0.511	0.005	0.026	1.600
16.208	0.137	0.202	0.505	1.89	-2.02	0.02	22.79	18.48	-2.67	45097	0.180	0.163	0.511	0.002	0.029	1.599
16.212	0.141	0.198	0.505	2.17	-2.24	0.00	20.90	16.62	-3.17	45098	0.175	0.168	0.512	-0.001	0.031	1.599
16.215	0.124	0.216	0.505	2.25	-2.29	-0.02	20.58	15.09	-2.67	45014	0.169	0.175	0.512	-0.004	0.034	1.598
16.216	0.126	0.212	0.505	2.50	-2.47	-0.05	19.19	14.27	-3.10	45017	0.164	0.181	0.512	-0.007	0.036	1.598
16.223	0.109	0.228	0.505	2.58	-2.49	-0.08	19.47	13.65	-2.36	44977	0.157	0.188	0.512	-0.010	0.039	1.597
16.233	0.111	0.224	0.504	2.82	-2.66	-0.10	19.98	12.07	-1.84	44972	0.151	0.194	0.512	-0.013	0.041	1.596
16.243	0.117	0.218	0.504	3.09	-2.85	-0.11	19.43	12.31	-2.31	45070	0.146	0.198	0.512	-0.015	0.043	1.596
16.253	0.097	0.239	0.504	3.13	-2.82	-0.13	19.20	13.34	-2.22	45039	0.140	0.204	0.512	-0.018	0.045	1.595
16.261	0.099	0.232	0.504	3.40	-2.99	-0.14	18.74	13.23	-1.56	45038	0.134	0.209	0.512	-0.021	0.047	1.595
16.273	0.104	0.228	0.507	3.64	-3.17	-0.14	18.21	12.40	-1.20	45009	0.130	0.213	0.512	-0.023	0.048	1.594
16.283	0.085	0.248	0.507	3.67	-3.16	-0.16	17.26	11.66	-0.79	44551	0.124	0.218	0.512	-0.025	0.050	1.594
16.291	0.087	0.246	0.507	3.88	-3.31	-0.16	14.59	12.46	-1.83	44539	0.118	0.223	0.513	-0.028	0.052	1.593
16.303	0.060	0.262	0.507	3.91	-3.23	-0.18	12.58	10.36	-0.99	44502	0.110	0.229	0.513	-0.031	0.054	1.593
16.313	0.058	0.264	0.507	4.03	-3.33	-0.18	10.72	9.93	-0.62	44524	0.103	0.235	0.513	-0.034	0.056	1.592
16.322	0.061	0.262	0.508	4.18	-3.47	-0.18	9.00	9.66	-1.11	44528	0.097	0.239	0.514	-0.037	0.058	1.592
16.332	0.064	0.261	0.508	4.29	-3.61	-0.18	6.40	10.38	-0.74	44445	0.091	0.243	0.514	-0.039	0.059	1.592
16.343	0.067	0.260	0.508	4.38	-3.76	-0.18	4.34	12.13	-0.46	44428	0.087	0.246	0.514	-0.040	0.060	1.591
16.354	0.068	0.257	0.508	4.46	-3.90	-0.17	4.14	12.10	-0.05	44433	0.083	0.249	0.514	-0.041	0.061	1.591
16.363	0.071	0.256	0.509	4.52	-4.06	-0.16	1.12	12.08	-0.05	44452	0.080	0.251	0.515	-0.042	0.061	1.590
16.373	0.050	0.284	0.509	4.31	-4.02	-0.17	-0.74	10.19	-0.04	44343	0.075	0.256	0.515	-0.044	0.063	1.590
16.383	0.050	0.285	0.509	4.31	-4.13	-0.16	-2.56	6.32	0.52	44344	0.070	0.261	0.515	-0.045	0.065	1.589
16.393	0.050	0.285	0.510	4.29	-4.20	-0.15	-5.48	3.92	0.16	44358	0.066	0.265	0.515	-0.046	0.066	1.589
16.401	0.051	0.286	0.510	4.24	-4.26	-0.14	-5.57	0.27	0.56	44379	0.062	0.269	0.515	-0.047	0.068	1.589
16.412	0.048	0.287	0.510	4.19	-4.26	-0.13	-5.35	-2.24	0.79	44385	0.059	0.272	0.516	-0.048	0.069	1.588
16.420	0.047	0.288	0.511	4.14	-4.23	-0.13	-4.61	-4.69	0.60	44296	0.055	0.275	0.516	-0.048	0.070	1.588
16.433	0.047	0.290	0.511	4.09	-4.19	-0.12	-3.70	-7.66	1.25	44318	0.052	0.278	0.516	-0.049	0.070	1.587
16.443	0.046	0.291	0.511	4.06	-4.11	-0.12	-3.59	-10.05	1.21	44336	0.049	0.280	0.516	-0.049	0.071	1.587
16.452	0.045	0.292	0.511	4.02	-4.01	-0.11	-2.64	-12.33	1.38	44336	0.046	0.283	0.516	-0.049	0.072	1.587
16.462	0.044	0.295	0.511	3.99	-3.89	-0.11	-1.71	-13.39	1.49	44424	0.044	0.285	0.516	-0.049	0.073	1.586
16.471	0.053	0.260	0.511	4.28	-3.84	-0.06	-0.79	-13.14	2.10	44446	0.043	0.283	0.516	-0.049	0.071	1.586
16.478	0.051	0.259	0.511	4.29	-3.70	-0.05	-0.77	-14.30	2.31	44474	0.041	0.281	0.517	-0.048	0.069	1.585
16.493	0.051	0.259	0.510	4.27	-3.56	-0.04	-4.48	-13.26	1.68	44503	0.040	0.279	0.516	-0.047	0.068	1.585
16.503	0.049	0.262	0.510	4.21	-3.42	-0.03	-6.70	-13.36	2.07	44707	0.039	0.277	0.516	-0.046	0.067	1.584
16.519	0.045	0.264	0.510	4.12	-3.25	-0.02	-13.28	-12.96	1.67	44742	0.037	0.276	0.516	-0.046	0.066	1.584
16.519	0.054	0.271	0.510	3.92	-3.20	-0.04	-18.23	-13.73	1.46	44764	0.037	0.276	0.516	-0.045	0.066	1.584
16.535	0.057	0.248	0.510	3.93	-3.10	0.00	-25.63	-12.70	1.75	44793	0.037	0.273	0.516	-0.043	0.064	1.583
16.544	0.055	0.253	0.509	3.63	-2.95	0.00	-29.60	-12.80	1.62	44863	0.037	0.271	0.516	-0.042	0.062	1.583
16.554	0.060	0.239	0.509	3.46	-2.87	0.03	-33.35	-13.12	1.44	45056	0.037	0.267	0.516	-0.040	0.060	1.582
16.562	0.056	0.243	0.509	3.08	-2.70	0.03	-34.26	-13.78	0.97	45086	0.037	0.265	0.515	-0.039	0.059	1.582
16.577	0.072	0.216	0.509	2.98	-2.70	0.06	-35.56	-14.49	0.89	45091	0.039	0.259	0.515	-0.037	0.056	1.581
16.583	0.078	0.200	0.509	2.75	-2.61	0.08	-35.88	-15.17	0.43	45169	0.042	0.252	0.515	-0.034	0.052	1.581
16.618	0.083	0.187	0.509	2.49	-2.49	0.09	-36.50	-16.14	-0.10	45108	0.044	0.243	0.515	-0.031	0.048	1.580
16.623	0.078	0.192	0.509	2.07	-2.28	0.08	-36.49	-17.74	-0.30	45133	0.046	0.237	0.515	-0.029	0.045	1.580
16.627	0.086	0.182	0.509	1.78	-2.17	0.07	-36.99	-21.39	-0.53	45135	0.049	0.230	0.515	-0.026	0.041	1.579
16.629	0.083	0.188	0.507	1.35	-1.92	0.05	-38.11	-24.71	-0.60	45172	0.051	0.224	0.514	-0.024	0.039	1.579
16.633	0.081	0.176	0.507	1.06	-1.66	0.07	-38.37	-26.60	-0.61	45144	0.052	0.218	0.514	-0.022	0.036	1.578
16.643	0.089	0.162	0.506	0.79	-1.45	0.07	-39.43	-28.08	-0.92	45513	0.054	0.210	0.514	-0.019	0.032	1.578
16.652	0.091	0.159	0.506	0.40	-1.18	0.05	-39.01	-29.07	-1.04	45572	0.057	0.203	0.513	-0.017	0.029	1.577
16.663	0.092	0.157	0.506	-0.00	-0.90	0.04	-39.95	-27.91	-1.01	45586	0.059	0.197	0.513	-0.015	0.026	1.577
16.675	0.094	0.153	0.505	-0.38	-0.63	0.03	-39.02	-24.69	-0.83	45584	0.061	0.191	0.513	-0.012	0.023	1.576
16.683	0.096	0.153	0.505	-0.80	-0.39	0.02	-38.75	-23.53	-1.38	45723	0.064	0.185	0.512	-0.010	0.021	1.575
16.691	0.088	0.161	0.504	-1.27	-0.08	0.01	-38.96	-20.67	-1.14	43664	0.065	0.181	0.512	-0.008	0.020	1.575
16.703	0.106	0.148	0.504	-1.56	-0.03	-0.01	-37.79	-18.39	-0.79	43639	0.068	0.176	0.512	-0.006	0.018	1.574
16.713	0.109	0.143	0.503	-1.92	0.14	-0.02	-36.13	-16.55	-0.91	43652	0.071	0.171	0.511	-0.003	0.016	1.574
16.723	0.110	0.143	0.503	-2.29	0.31	-0.02	-32.23	-14.37	-0.55	43706	0.074	0.167	0.511	-0.000	0.014	1.573
16.768	0.113	0.138	0.503	-2.58	0.44	-0.02	-28.12	-14.11	-0.36	43699	0.077	0.162	0.510	0.002	0.012	1.572
16.771	0.112	0.135	0.503	-2.86	0.60	-0.01	-24.10	-14.04	0.12	43684	0.080	0.158	0.510	0.005	0.010	1.572
16.771	0.109	0.138	0.502	-3.14	0.78	-0.00	-20.04	-14.48	0.27	43672	0.082	0.154	0.509	0.007	0.009	1.571
16.778	0.115	0.133	0.502	-3.31	0.88	0.01	-16.62	-15.27	0.39	43674	0.084	0.151	0.509	0.009	0.008	1.571
16.778	0.117	0.129	0.502	-3.46	1.02	0.02	-13.82	-15.27	-0.08	43649	0.087	0.147	0.509	0.011	0.007	1.570
16.784	0.117	0.130	0.502	-3.62	1.19	0.03	-10.21	-15.55	0.19	43645	0.089	0.144	0.508	0.013	0.006	1.570
16.793	0.112	0.132	0.502	-3.76	1.40	0.04	-8.29	-15.43	-0.06	43652	0.091	0.142	0.508	0.014	0.005	1.569
16.802	0.120	0.126	0.502	-3.80	1.48	0.05	-5.90	-15.39	-0.19	43675	0.093	0.139	0.507	0.016	0.004	1.569
16.810	0.127	0.118	0.502	-3.80	1.58	0.06	-3.53	-14.97	-0.03	43573	0.096	0.135	0.507	0.019	0.003	1.569
16.822	0.128	0.117	0.502	-3.84	1.73	0.07	-1.21	-13.71	0.27	43605	0.099	0.132	0.507	0.021	0.002	1.568
16.832	0.130	0.117	0.501	-3.87	1.86	0.08	-0.05	-12.82	0.70	43654	0.102	0.129	0.506	0.023	0.001	1.568
16.843	0.131	0.115	0.502	-3.88	1.98	0.09	-0.45	-9.97	0.72	43686	0.104	0.127	0.506	0.025	-0.000	1.568
16.853	0.133	0.115	0.502	-3.90	2.08	0.10	-0.50	-10.13	0.07	43734	0.107	0.125	0.506	0.027	-0.001	1.567
16.860	0.134	0.114	0.502	-3.91	2.18	0.10	-1.90	-7.76	0.43	43570	0.109	0.123	0.505	0.028	-0.001	1.567
16.873	0.135	0.113	0.501	-3.93	2.25	0.11	-1.37	-6.99	0.73	43625	0.112	0.121	0.505	0.030	-0.002	1.567
16.884	0.134	0.114	0.501	-3.97	2.33	0.12	-1.27	-4.74	0.62	43682	0.114	0.119	0.505	0.031	-0.002	1.567
16.892	0.133	0.115	0.501	-4.01	2.40	0.12	-1.64	-3.00	-0.54	41625	0.115	0.118	0.504	0.033	-0.002	1.566
16.902	0.142	0.114	0.501	-4.02	2.35	0.12	0.04	-0.71	-0.01	41610	0.118	0.117	0.504	0.034	-0.003	1.566
16.912	0.143	0.113	0.500	-4.02	2.36	0.12	1.96	-0.15	-0.32	41661	0.121	0.116	0.503	0.036	-0.003	1.566
16.926	0.144	0.113	0.500	-4.00	2.36	0.12	4.61	1.18	0.28	41705	0.123	0.115	0.503	0.038	-0.003	1.566
16.932	0.148	0.113	0.499	-3.96	2.33	0.13	8.14	0.19	0.32	41781	0.126	0.114	0.502	0.039	-0.003	1.565
16.944	0.148	0.112	0.499	-3.87	2.32	0.13	10.47	1.04	0.42	41907	0.128	0.114	0.501	0.041	-0.003	1.565
16.953	0.149	0.111	0.498	-3.77	2.32	0.13	12.40	0.55	-0.01	41976	0.130	0.113	0.501	0.042	-0.003	1.565
16.961	0.149	0.114	0.498	-3.66	2.32	0.13	14.60	0.63	0.19	42071	0.132	0.113	0.500	0.043	-0.003	1.565
16.972	0.148	0.123	0.497	-3.61	2.33	0.13	15.52	-0.52	0.31	42166	0.134	0.114	0.499	0.044	-0.003	1.565
16.983	0.148	0.120	0.497	-3.43	2.34	0.14	15.88	0.50	-0.07	42269	0.136	0.114	0.498	0.045	-0.002	1.565
16.995	0.150	0.119	0.496	-3.26	2.32	0.14	16.69	0.55	-0.29	42346	0.137	0.114	0.497	0.046	-0.002	1.565
17.003	0.151	0.116	0.496	-3.07	2.31	0.13	18.09	1.14	-0.01	42464	0.139	0.114	0.496	0.047	-0.002	1.565
17.012	0.153	0.114	0.495	-2.87	2.29	0.13	17.52	1.40	-0.73	42582	0.141	0.114	0.495	0.048	-0.002	1.565
17.029	0.151	0.119	0.496	-2.75	2.29	0.12	18.73	1.79	-0.53	42712	0.142	0.115	0.494	0.048	-0.001	1.565
17.035	0.152	0.119	0.495	-2.56	2.27	0.12	18.40	3.98	-0.54	42567	0.143	0.115	0.494	0.049	-0.001	1.565
17.046	0.156	0.117	0.494	-2.36	2.20	0.11	18.34	3.81	-0.28	42702	0.145	0.116	0.493	0.050	-0.001	1.565
17.053	0.149	0.129	0.493	-2.28	2.23	0.11	18.10	5.40	-0.26	42841	0.146	0.117	0.492	0.050	-0.000	1.565
17.061	0.151	0.127	0.491	-2.08	2.16	0.10	17.61	6.05	-0.26	42975	0.147	0.118	0.491	0.050	0.000	1.565
17.071	0.151	0.127	0.490	-1.91	2.10	0.09	18.68	6.51	-0.40	43096	0.147	0.120	0.490	0.051	0.001	1.565
17.082	0.158	0.125	0.489	-1.70	1.98	0.09	17.76	7.99	-0.33	43486	0.149	0.120	0.488	0.051	0.001	1.565
17.091	0.150	0.131	0.488	-1.58	1.97	0.08	18.13	8.70	-0.87	43613	0.149	0.122	0.487	0.051	0.002	1.565
17.102	0.155	0.130	0.487	-1.38	1.84	0.07	17.67	9.90	0.21	41680	0.150	0.123	0.486	0.052	0.002	1.565
17.112	0.156	0.129	0.485	-1.20	1.73	0.07	16.12	10.77	-1.72	41801	0.151	0.124	0.485	0.052	0.003	1.565
17.120	0.147	0.139	0.484	-1.13	1.71	0.05	15.42	11.00	-0.88	42055	0.151	0.126	0.483	0.052	0.004	1.565
17.131	0.147	0.140	0.483	-0.97	1.60	0.04	15.36	10.33	-1.03	42188	0.151	0.128	0.482	0.051	0.005	1.565
17.143	0.154	0.137	0.481	-0.79	1.43	0.03	14.87	10.62	-1.92	42342	0.152	0.129	0.480	0.052	0.005	1.566
17.154	0.158	0.135	0.481	-0.62	1.29	0.01	15.01	10.90	-1.78	42479	0.153	0.130	0.479	0.052	0.005	1.566
17.162	0.152	0.139	0.479	-0.51	1.24	-0.02	14.89	10.11	-2.04	42456	0.153	0.132	0.477	0.052	0.006	1.566
17.173	0.155	0.139	0.478	-0.35	1.10	-0.04	14.70	9.88	-1.85	42607	0.154	0.133	0.476	0.052	0.006	1.566
17.181	0.148	0.150	0.477	-0.30	1.07	-0.06	14.54	7.50	-2.31	42739	0.154	0.136	0.474	0.051	0.007	1.566
17.191	0.147	0.150	0.475	-0.15	1.00	-0.09	14.51	6.61	-2.12	42873	0.153	0.138	0.472	0.051	0.008	1.566
17.203	0.147	0.151	0.472	-0.00	0.93	-0.11	13.65	5.87	-2.80	43027	0.153	0.140	0.471	0.051	0.009	1.567
17.213	0.152	0.149	0.470	0.15	0.83	-0.14	13.74	5.09	-3.19	43480	0.153	0.142	0.469	0.050	0.010	1.567
17.222	0.147	0.152	0.469	0.27	0.82	-0.17	13.96	5.06	-3.86	43634	0.153	0.143	0.467	0.050	0.010	1.567
17.232	0.149	0.151	0.467	0.44	0.75	-0.21	14.84	5.36	-3.99	43806	0.153	0.145	0.465	0.050	0.011	1.567
17.239	0.152	0.149	0.466	0.60	0.67	-0.25	14.84	6.04	-4.58	43970	0.154	0.146	0.463	0.050	0.011	1.567
17.254	0.146	0.161	0.465	0.65	0.67	-0.29	13.85	7.16	-5.08	43927	0.153	0.148	0.461	0.049	0.012	1.568
17.263	0.145	0.162	0.463	0.80	0.60	-0.34	13.79	7.14	-5.06	44094	0.153	0.150	0.460	0.049	0.013	1.568
17.271	0.147	0.160	0.461	0.95	0.51	-0.39	12.63	7.60	-4.91	44257	0.153	0.152	0.458	0.048	0.013	1.568
17.279	0.154	0.158	0.460	1.10	0.36	-0.43	12.12	8.02	-4.57	44402	0.153	0.153	0.456	0.048	0.014	1.568
17.293	0.154	0.159	0.458	1.22	0.28	-0.48	9.19	9.19	-5.35	44545	0.154	0.155	0.455	0.048	0.014	1.569
17.303	0.148	0.166	0.456	1.26	0.24	-0.53	8.55	8.65	-4.30	42502	0.154	0.157	0.453	0.048	0.015	1.569
17.312	0.148	0.166	0.455	1.35	0.16	-0.57	7.51	6.46	-4.05	42598	0.153	0.158	0.451	0.048	0.015	1.569
17.322	0.150	0.167	0.453	1.43	0.07	-0.61	5.13	6.29	-3.67	42683	0.153	0.160	0.449	0.047	0.016	1.569
17.335	0.147	0.171	0.451	1.44	0.03	-0.64	3.07	4.46	-5.13	42802	0.153	0.162	0.448	0.047	0.016	1.570
17.342	0.144	0.177	0.449	1.43	0.01	-0.69	2.73	1.30	-5.31	42918	0.152	0.164	0.446	0.046	0.017	1.570
17.355	0.143	0.178	0.447	1.46	-0.00	-0.74	1.39	1.23	-5.00	43037	0.152	0.166	0.444	0.046	0.018	1.570
17.364	0.144	0.178	0.445	1.47	-0.01	-0.79	1.51	0.30	-5.13	43174	0.151	0.168	0.442	0.045	0.019	1.570
17.373	0.143	0.179	0.445	1.49	-0.02	-0.84	2.07	0.38	-5.42	43338	0.151	0.170	0.440	0.044	0.019	1.571
17.380	0.143	0.180	0.443	1.51	-0.04	-0.89	2.22	2.83	-5.83	43232	0.150	0.172	0.438	0.044	0.020	1.571
17.391	0.145	0.181	0.441	1.53	-0.08	-0.95	3.91	3.99	-5.19	43374	0.150	0.174	0.436	0.044	0.021	1.572
17.398	0.143	0.183	0.439	1.56	-0.11	-1.00	4.48	4.80	-5.23	43514	0.150	0.175	0.434	0.043	0.021	1.572
17.413	0.144	0.184	0.437	1.60	-0.16	-1.05	4.80	6.19	-4.90	43662	0.149	0.177	0.432	0.043	0.022	1.572
17.423	0.144	0.185	0.435	1.64	-0.23	-1.10	3.55	6.40	-5.19	43796	0.149	0.178	0.430	0.042	0.022	1.573
17.436	0.146	0.185	0.433	1.69	-0.31	-1.15	4.43	6.99	-5.01	43869	0.149	0.180	0.429	0.042	0.022	1.573
17.442	0.144	0.186	0.431	1.73	-0.37	-1.19	4.75	6.91	-4.87	44018	0.149	0.181	0.427	0.042	0.023	1.573
17.453	0.141	0.188	0.429	1.76	-0.42	-1.24	4.72	4.79	-5.45	44152	0.148	0.182	0.425	0.041	0.023	1.574
17.461	0.141	0.189	0.427	1.81	-0.47	-1.30	4.50	3.58	-5.00	44281	0.148	0.184	0.423	0.041	0.024	1.574
17.472	0.141	0.193	0.425	1.82	-0.51	-1.34	3.88	2.09	-5.11	44453	0.147	0.185	0.421	0.040	0.024	1.574
17.483	0.141	0.194	0.423	1.85	-0.53	-1.39	3.15	0.67	-5.73	44604	0.147	0.187	0.419	0.040	0.025	1.575
17.492	0.141	0.196	0.421	1.87	-0.54	-1.45	1.10	-1.22	-5.71	44743	0.147	0.188	0.416	0.039	0.025	1.575
17.504	0.141	0.197	0.418	1.88	-0.53	-1.51	0.11	-2.04	-5.65	44879	0.146	0.190	0.414	0.039	0.026	1.575
17.513	0.141	0.198	0.416	1.88	-0.52	-1.57	-1.40	-1.70	-5.76	43000	0.146	0.191	0.412	0.039	0.026	1.576
17.522	0.141	0.200	0.414	1.85	-0.50	-1.62	-2.01	-2.21	-5.87	43273	0.146	0.193	0.410	0.038	0.027	1.576
17.533	0.141	0.201	0.412	1.83	-0.48	-1.68	-4.15	-2.06	-5.84	43399	0.145	0.194	0.408	0.038	0.027	1.576
17.543	0.142	0.203	0.409	1.78	-0.47	-1.74	-4.46	-0.79	-5.29	43528	0.145	0.196	0.406	0.038	0.028	1.577
17.552	0.142	0.204	0.407	1.73	-0.47	-1.80	-5.27	0.14	-5.45	43668	0.145	0.197	0.403	0.038	0.028	1.577
17.562	0.142	0.205	0.405	1.67	-0.47	-1.85	-5.04	0.71	-5.10	43738	0.145	0.198	0.401	0.037	0.029	1.577
17.572	0.142	0.205	0.403	1.62	-0.48	-1.90	-4.57	1.54	-5.25	43865	0.145	0.200	0.399	0.037	0.029	1.577
17.583	0.142	0.206	0.401	1.58	-0.49	-1.95	-3.82	1.51	-5.11	43981	0.145	0.201	0.397	0.037	0.030	1.578
17.590	0.141	0.206	0.399	1.54	-0.50	-2.01	-2.47	1.02	-4.32	44105	0.144	0.202	0.394	0.037	0.030	1.578
17.598	0.140	0.206	0.397	1.52	-0.52	-2.05	-1.17	1.09	-4.58	44117	0.144	0.203	0.392	0.036	0.030	1.579
17.612	0.141	0.211	0.394	1.47	-0.53	-2.10	-0.03	-0.38	-4.90	44244	0.144	0.204	0.390	0.036	0.031	1.579
17.621	0.138	0.210	0.392	1.47	-0.51	-2.14	-0.12	-0.98	-5.49	44353	0.144	0.205	0.388	0.036	0.031	1.579
17.632	0.138	0.211	0.390	1.47	-0.50	-2.20	-0.13	-1.89	-5.61	44477	0.143	0.206	0.385	0.035	0.031	1.580
17.643	0.138	0.212	0.386	1.46	-0.48	-2.25	-0.61	-3.47	-5.57	44605	0.143	0.207	0.383	0.035	0.032	1.580
17.651	0.139	0.212	0.384	1.46	-0.45	-2.31	-0.46	-4.09	-5.42	44941	0.142	0.208	0.381	0.035	0.032	1.580
17.662	0.140	0.212	0.382	1.45	-0.42	-2.37	-1.29	-3.51	-5.41	45059	0.142	0.209	0.378	0.035	0.032	1.580
17.671	0.139	0.212	0.379	1.44	-0.39	-2.42	-2.83	-2.75	-5.01	45172	0.142	0.210	0.376	0.034	0.032	1.581
17.684	0.141	0.212	0.377	1.41	-0.37	-2.47	-4.23	-2.59	-4.84	45297	0.142	0.210	0.374	0.034	0.032	1.581
17.689	0.141	0.213	0.375	1.37	-0.35	-2.52	-5.16	-1.56	-4.88	45353	0.142	0.211	0.371	0.034	0.033	1.581
17.701	0.141	0.213	0.373	1.31	-0.34	-2.57	-6.75	-0.86	-4.53	45468	0.142	0.211	0.369	0.034	0.033	1.581
17.712	0.142	0.213	0.370	1.24	-0.35	-2.62	-7.99	1.21	-5.23	43488	0.142	0.212	0.367	0.034	0.033	1.582
17.722	0.142	0.214	0.369	1.16	-0.36	-2.67	-8.96	2.21	-5.10	43579	0.142	0.212	0.365	0.034	0.033	1.582
17.733	0.142	0.214	0.367	1.07	-0.38	-2.72	-8.61	2.20	-5.29	43673	0.143	0.213	0.363	0.034	0.033	1.582
17.740	0.142	0.214	0.365	0.99	-0.41	-2.77	-7.58	1.70	-4.96	43558	0.143	0.213	0.361	0.034	0.033	1.583
17.751	0.142	0.214	0.362	0.91	-0.43	-2.82	-7.58	1.61	-4.70	43661	0.143	0.213	0.358	0.034	0.033	1.583
17.761	0.141	0.215	0.360	0.82	-0.42	-2.87	-6.66	-0.21	-4.16	43762	0.143	0.214	0.356	0.034	0.033	1.583
17.772	0.141	0.215	0.358	0.76	-0.42	-2.91	-5.68	-1.81	-4.27	43856	0.143	0.214	0.354	0.034	0.033	1.584
17.782	0.136	0.218	0.355	0.68	-0.35	-2.94	-4.62	-3.81	-4.00	44024	0.142	0.215	0.352	0.033	0.034	1.584
17.793	0.137	0.218	0.353	0.63	-0.33	-2.99	-4.63	-3.89	-4.35	44145	0.141	0.215	0.349	0.033	0.034	1.584
17.799	0.139	0.218	0.351	0.58	-0.31	-3.03	-3.96	-5.21	-3.95	44259	0.141	0.216	0.347	0.033	0.034	1.584
17.814	0.139	0.220	0.347	0.53	-0.26	-3.07	-2.91	-5.65	-4.03	44369	0.141	0.217	0.344	0.033	0.034	1.585
17.824	0.137	0.219	0.345	0.51	-0.18	-3.11	-1.65	-5.19	-4.13	44722	0.141	0.217	0.342	0.032	0.034	1.585
17.836	0.141	0.221	0.342	0.48	-0.17	-3.15	-1.63	-5.19	-3.70	44846	0.141	0.218	0.339	0.032	0.035	1.585
17.846	0.138	0.221	0.340	0.46	-0.10	-3.19	-0.77	-3.88	-3.44	44980	0.141	0.218	0.337	0.032	0.035	1.585
17.852	0.140	0.222	0.338	0.45	-0.07	-3.22	-0.36	-3.01	-3.38	45107	0.141	0.219	0.335	0.032	0.035	1.585
17.857	0.140	0.222	0.335	0.44	-0.04	-3.26	-1.07	-2.15	-3.04	45226	0.141	0.220	0.332	0.032	0.035	1.586
17.873	0.139	0.224	0.333	0.42	-0.01	-3.29	-1.08	-0.64	-3.01	45298	0.141	0.220	0.330	0.032	0.035	1.586
17.883	0.139	0.224	0.331	0.41	-0.01	-3.32	-1.66	0.65	-3.37	45405	0.141	0.221	0.328	0.032	0.036	1.586
17.893	0.139	0.222	0.328	0.41	-0.01	-3.35	-2.42	1.12	-3.20	45510	0.141	0.221	0.325	0.032	0.036	1.586
17.901	0.133	0.231	0.327	0.30	0.04	-3.38	-2.27	1.93	-3.11	45610	0.140	0.223	0.323	0.031	0.036	1.587
17.907	0.133	0.232	0.324	0.28	0.02	-3.41	-2.70	2.24	-2.82	45549	0.139	0.224	0.321	0.031	0.037	1.587
17.923	0.133	0.233	0.322	0.24	-0.01	-3.44	-1.91	2.32	-2.19	43586	0.138	0.225	0.319	0.030	0.037	1.587
17.932	0.134	0.232	0.320	0.24	-0.04	-3.46	-1.21	2.56	-2.39	43657	0.138	0.226	0.317	0.030	0.038	1.587
17.942	0.134	0.232	0.318	0.23	-0.06	-3.48	-0.92	3.06	-2.17	43713	0.138	0.227	0.315	0.030	0.038	1.588
17.952	0.134	0.230	0.315	0.24	-0.10	-3.51	-0.21	4.07	-2.09	43790	0.137	0.228	0.312	0.030	0.038	1.588
17.962	0.133	0.230	0.313	0.24	-0.13	-3.53	0.66	4.29	-1.79	43834	0.137	0.229	0.310	0.029	0.038	1.588
17.972	0.133	0.230	0.311	0.25	-0.18	-3.54	1.14	4.60	-1.51	43918	0.136	0.229	0.308	0.029	0.038	1.588
17.982	0.133	0.231	0.309	0.26	-0.22	-3.56	1.51	3.86	-1.70	43998	0.136	0.229	0.306	0.029	0.039	1.589
17.992	0.133	0.231	0.305	0.28	-0.26	-3.57	1.98	4.01	-1.47	44090	0.136	0.230	0.303	0.029	0.039	1.589
17.999	0.133	0.231	0.302	0.30	-0.30	-3.59	1.83	3.42	-1.23	44522	0.135	0.230	0.301	0.029	0.039	1.589
18.008	0.134	0.238	0.300	0.25	-0.34	-3.60	1.49	3.31	-1.23	44641	0.135	0.232	0.298	0.029	0.039	1.589
18.024	0.133	0.237	0.298	0.27	-0.36	-3.61	0.92	1.04	-0.77	44757	0.135	0.233	0.296	0.028	0.039	1.589
18.033	0.134	0.240	0.295	0.26	-0.39	-3.62	0.06	0.56	-0.67	44854	0.135	0.234	0.293	0.028	0.040	1.589
18.042	0.133	0.239	0.293	0.27	-0.38	-3.63	-0.58	-0.71	-0.53	44981	0.135	0.235	0.291	0.028	0.040	1.589
18.052	0.133	0.240	0.291	0.26	-0.37	-3.64	-0.41	-1.73	-0.43	45101	0.135	0.236	0.288	0.028	0.041	1.590
18.064	0.132	0.239	0.288	0.26	-0.34	-3.64	0.82	-2.75	-0.50	45218	0.134	0.236	0.286	0.028	0.041	1.590
18.073	0.140	0.248	0.286	0.19	-0.39	-3.65	2.34	-3.38	-0.12	45318	0.135	0.238	0.284	0.028	0.041	1.590
18.083	0.127	0.244	0.282	0.26	-0.23	-3.64	3.76	-3.04	0.09	45403	0.134	0.239	0.281	0.028	0.042	1.590
18.092	0.117	0.244	0.280	0.31	-0.10	-3.64	5.03	-4.02	0.63	45754	0.132	0.240	0.279	0.027	0.042	1.590
18.103	0.117	0.244	0.277	0.36	-0.06	-3.63	6.04	-3.55	0.90	45859	0.130	0.241	0.276	0.026	0.042	1.590
18.111	0.117	0.244	0.275	0.42	-0.02	-3.62	5.68	-3.22	1.29	45956	0.128	0.242	0.274	0.025	0.042	1.590
18.123	0.117	0.245	0.275	0.48	0.00	-3.61	5.57	0.42	1.19	46046	0.127	0.242	0.272	0.024	0.043	1.590
18.132	0.116	0.245	0.272	0.54	0.00	-3.60	5.08	2.20	1.04	43638	0.126	0.243	0.270	0.023	0.043	1.591
18.140	0.118	0.244	0.270	0.60	-0.05	-3.59	3.88	5.11	0.81	43684	0.125	0.244	0.268	0.023	0.043	1.591
18.154	0.118	0.244	0.268	0.63	-0.10	-3.58	0.57	7.09	0.68	43740	0.124	0.244	0.266	0.023	0.043	1.591
18.162	0.118	0.244	0.266	0.64	-0.17	-3.57	0.05	7.91	1.10	43797	0.123	0.244	0.264	0.022	0.043	1.591
18.173	0.119	0.245	0.263	0.64	-0.26	-3.56	-0.26	9.05	1.73	43873	0.122	0.245	0.261	0.022	0.043	1.591
18.182	0.121	0.241	0.260	0.68	-0.38	-3.55	-1.02	8.06	2.20	44158	0.122	0.245	0.259	0.022	0.043	1.591
18.192	0.120	0.243	0.258	0.66	-0.44	-3.52	-1.04	6.69	1.95	44241	0.122	0.245	0.257	0.022	0.042	1.591
18.200	0.121	0.244	0.256	0.64	-0.52	-3.50	-1.64	3.99	1.99	44320	0.121	0.245	0.255	0.022	0.042	1.592
18.212	0.121	0.245	0.256	0.61	-0.57	-3.48	-1.96	2.21	1.99	44398	0.121	0.245	0.253	0.022	0.042	1.592
18.223	0.123	0.246	0.254	0.58	-0.61	-3.46	-2.20	0.16	1.41	44119	0.121	0.246	0.251	0.022	0.042	1.592
18.232	0.119	0.248	0.252	0.54	-0.56	-3.44	-2.73	-0.65	1.49	44225	0.121	0.246	0.249	0.022	0.042	1.592
18.241	0.126	0.245	0.250	0.55	-0.64	-3.43	-3.18	-2.22	1.44	44324	0.121	0.246	0.247	0.022	0.042	1.592
18.253	0.143	0.243	0.247	0.53	-0.81	-3.43	-3.83	-3.22	1.50	44423	0.124	0.246	0.244	0.024	0.042	1.593
18.262	0.144	0.243	0.244	0.49	-0.78	-3.41	-2.87	-3.76	1.63	44716	0.126	0.246	0.242	0.025	0.042	1.593
18.273	0.145	0.243	0.242	0.46	-0.74	-3.40	-2.44	-4.59	1.97	44829	0.128	0.246	0.240	0.026	0.042	1.593
18.282	0.145	0.242	0.240	0.45	-0.69	-3.38	-1.68	-6.52	2.19	44943	0.130	0.246	0.238	0.027	0.041	1.593
18.291	0.146	0.241	0.238	0.44	-0.63	-3.36	-0.70	-8.70	2.27	45051	0.132	0.246	0.236	0.028	0.041	1.593
18.300	0.146	0.238	0.236	0.48	-0.54	-3.33	-0.95	-10.12	2.99	45155	0.134	0.245	0.234	0.029	0.041	1.593
18.311	0.146	0.238	0.234	0.47	-0.44	-3.30	-1.16	-12.61	3.38	45191	0.135	0.244	0.232	0.030	0.040	1.594
18.317	0.148	0.238	0.232	0.45	-0.33	-3.27	-2.37	-12.38	3.43	45297	0.137	0.244	0.230	0.031	0.040	1.594
18.332	0.147	0.238	0.230	0.43	-0.19	-3.23	-2.80	-13.19	3.26	43373	0.138	0.243	0.228	0.031	0.039	1.594
18.343	0.148	0.238	0.228	0.40	-0.06	-3.20	-4.25	-12.64	3.24	43448	0.139	0.243	0.226	0.032	0.039	1.594
18.359	0.152	0.236	0.226	0.37	0.03	-3.17	-4.56	-11.41	3.46	43430	0.141	0.242	0.224	0.033	0.039	1.594
18.362	0.152	0.236	0.224	0.32	0.14	-3.14	-5.47	-9.79	3.11	43523	0.142	0.242	0.222	0.033	0.038	1.594
18.370	0.154	0.234	0.222	0.29	0.23	-3.11	-5.64	-9.01	3.69	43617	0.144	0.241	0.220	0.034	0.038	1.595
18.382	0.153	0.234	0.220	0.24	0.33	-3.07	-5.21	-7.77	4.39	43718	0.145	0.240	0.217	0.035	0.037	1.595
18.391	0.154	0.232	0.217	0.21	0.40	-3.03	-4.41	-5.59	4.14	43809	0.146	0.239	0.215	0.035	0.037	1.595
18.401	0.154	0.232	0.214	0.15	0.47	-2.99	-4.59	-5.54	4.30	44101	0.148	0.239	0.213	0.036	0.036	1.595
18.409	0.154	0.232	0.212	0.11	0.53	-2.95	-4.22	-5.92	4.60	44215	0.149	0.238	0.210	0.036	0.036	1.595
18.421	0.153	0.233	0.210	0.05	0.61	-2.90	-3.44	-5.39	4.59	44347	0.149	0.237	0.208	0.036	0.035	1.595
18.433	0.154	0.233	0.208	0.01	0.67	-2.86	-3.78	-6.50	5.26	44462	0.150	0.237	0.206	0.036	0.035	1.595
18.442	0.155	0.229	0.206	0.02	0.72	-2.81	-3.43	-6.06	4.62	44557	0.151	0.236	0.204	0.037	0.035	1.596
18.451	0.155	0.229	0.203	-0.02	0.80	-2.76	-3.50	-7.22	4.91	44668	0.152	0.235	0.201	0.037	0.034	1.596
18.460	0.155	0.229	0.201	-0.05	0.87	-2.71	-3.23	-6.62	5.08	44798	0.152	0.235	0.199	0.037	0.034	1.596
18.471	0.155	0.229	0.198	-0.10	0.94	-2.66	-3.22	-5.20	5.04	44928	0.153	0.234	0.197	0.037	0.033	1.596
18.482	0.156	0.227	0.196	-0.11	0.98	-2.61	-4.29	-4.36	4.19	45181	0.154	0.233	0.195	0.037	0.033	1.596
18.492	0.157	0.227	0.194	-0.15	1.03	-2.57	-3.92	-4.07	4.45	45300	0.155	0.233	0.192	0.038	0.032	1.596
18.503	0.157	0.226	0.191	-0.18	1.07	-2.52	-3.49	-1.70	3.72	45424	0.155	0.232	0.190	0.038	0.032	1.596
18.512	0.157	0.226	0.189	-0.22	1.09	-2.48	-3.31	-0.70	4.05	45542	0.156	0.231	0.188	0.038	0.032	1.596
18.523	0.157	0.226	0.186	-0.25	1.10	-2.44	-3.24	0.60	3.89	45647	0.156	0.231	0.186	0.038	0.031	1.596
18.532	0.158	0.225	0.184	-0.28	1.09	-2.40	-3.86	1.66	3.69	45842	0.157	0.230	0.183	0.038	0.031	1.597
18.541	0.160	0.226	0.182	-0.35	1.04	-2.36	-3.32	3.08	3.94	43780	0.158	0.230	0.181	0.038	0.031	1.597
18.551	0.158	0.229	0.180	-0.44	1.05	-2.32	-2.54	4.66	3.65	43862	0.158	0.230	0.179	0.038	0.031	1.597
18.558	0.160	0.230	0.179	-0.49	0.97	-2.28	-3.20	4.35	3.66	43940	0.159	0.230	0.177	0.038	0.031	1.597
18.567	0.157	0.229	0.177	-0.51	0.99	-2.25	-1.65	6.16	3.20	43681	0.159	0.230	0.175	0.038	0.031	1.597
18.583	0.158	0.230	0.175	-0.55	0.91	-2.22	-1.67	5.85	3.18	43772	0.160	0.230	0.173	0.038	0.031	1.597
18.591	0.148	0.233	0.173	-0.62	1.08	-2.18	-0.12	5.73	3.62	43873	0.159	0.230	0.171	0.037	0.031	1.597
18.602	0.148	0.233	0.171	-0.62	1.02	-2.15	1.08	5.08	3.74	43975	0.158	0.231	0.169	0.036	0.031	1.597
18.613	0.148	0.233	0.167	-0.61	0.97	-2.11	2.75	5.64	3.61	44087	0.157	0.231	0.166	0.036	0.031	1.597
18.618	0.147	0.233	0.165	-0.59	0.91	-2.07	4.00	7.04	3.82	44371	0.156	0.232	0.164	0.035	0.031	1.597
18.633	0.148	0.231	0.163	-0.51	0.82	-2.04	5.29	8.85	3.98	44482	0.156	0.232	0.162	0.034	0.031	1.598
18.641	0.148	0.231	0.161	-0.45	0.73	-2.00	6.63	10.43	4.28	44597	0.155	0.232	0.160	0.034	0.031	1.598
18.653	0.147	0.231	0.159	-0.38	0.63	-1.95	6.88	11.99	4.51	44706	0.155	0.232	0.157	0.033	0.031	1.598
18.666	0.147	0.231	0.157	-0.32	0.51	-1.91	6.83	12.58	4.24	44691	0.154	0.232	0.155	0.033	0.031	1.598
18.672	0.148	0.231	0.155	-0.25	0.36	-1.87	7.12	13.27	4.82	44802	0.154	0.232	0.153	0.032	0.031	1.598
18.682	0.148	0.230	0.152	-0.14	0.20	-1.82	6.63	12.86	4.17	44915	0.154	0.232	0.151	0.032	0.031	1.598
18.693	0.148	0.230	0.149	-0.09	0.06	-1.78	5.33	10.91	4.39	45016	0.153	0.232	0.149	0.032	0.031	1.598
18.702	0.149	0.237	0.146	-0.23	-0.06	-1.71	6.49	8.95	5.41	45407	0.153	0.233	0.146	0.031	0.031	1.598
18.713	0.149	0.236	0.144	-0.16	-0.16	-1.66	5.19	6.57	5.30	45520	0.153	0.233	0.144	0.031	0.031	1.598
18.721	0.149	0.236	0.142	-0.08	-0.22	-1.61	4.13	3.46	5.06	45630	0.153	0.234	0.142	0.031	0.031	1.598
18.732	0.149	0.235	0.139	0.00	-0.26	-1.56	4.52	0.75	4.91	45723	0.153	0.234	0.139	0.031	0.031	1.598
18.743	0.148	0.236	0.137	0.05	-0.27	-1.51	5.23	-1.82	4.80	45803	0.153	0.235	0.137	0.030	0.031	1.598
18.753	0.148	0.235	0.134	0.13	-0.24	-1.47	5.85	-3.01	5.11	43938	0.153	0.235	0.135	0.030	0.031	1.598
18.767	0.148	0.236	0.132	0.16	-0.20	-1.41	6.10	-4.01	5.15	44013	0.152	0.235	0.132	0.030	0.031	1.598
18.771	0.147	0.235	0.130	0.25	-0.15	-1.37	6.23	-5.04	5.47	44064	0.152	0.236	0.130	0.029	0.031	1.598
18.783	0.146	0.238	0.129	0.17	-0.04	-1.31	6.30	-4.18	5.73	44111	0.152	0.236	0.128	0.029	0.032	1.598
18.792	0.147	0.237	0.126	0.33	-0.08	-1.26	5.98	-2.10	4.89	44016	0.152	0.237	0.126	0.028	0.032	1.598
18.802	0.147	0.233	0.124	0.63	-0.06	-1.22	8.72	1.13	6.02	44079	0.151	0.236	0.124	0.028	0.031	1.598
18.811	0.147	0.233	0.122	0.73	-0.08	-1.16	9.00	5.19	4.95	44134	0.151	0.236	0.122	0.028	0.031	1.598
18.821	0.146	0.233	0.125	0.82	-0.12	-1.11	9.27	6.95	4.74	44203	0.151	0.236	0.120	0.027	0.031	1.599
18.830	0.146	0.233	0.123	0.91	-0.19	-1.06	7.48	6.77	4.72	44288	0.151	0.236	0.119	0.027	0.031	1.599
18.842	0.146	0.232	0.121	0.97	-0.23	-1.01	3.96	6.12	4.64	43535	0.151	0.236	0.117	0.027	0.030	1.599
18.851	0.146	0.233	0.119	0.95	-0.30	-0.96	-0.55	5.16	4.75	43598	0.150	0.235	0.116	0.026	0.030	1.599
18.862	0.146	0.231	0.117	1.15	-0.39	-0.91	-4.36	6.61	4.47	43641	0.150	0.235	0.114	0.026	0.030	1.600
18.873	0.146	0.231	0.116	1.09	-0.47	-0.87	-8.85	6.92	4.42	43743	0.150	0.235	0.112	0.026	0.030	1.600
18.881	0.146	0.230	0.115	1.01	-0.54	-0.82	-12.97	7.71	4.27	43625	0.150	0.234	0.111	0.026	0.029	1.600
18.891	0.145	0.230	0.113	0.85	-0.61	-0.78	-14.78	8.55	3.51	43707	0.149	0.234	0.109	0.025	0.029	1.601
18.901	0.145	0.229	0.111	0.68	-0.71	-0.74	-13.21	7.67	4.15	43794	0.149	0.233	0.107	0.025	0.029	1.601
18.912	0.145	0.229	0.110	0.51	-0.78	-0.70	-16.80	3.32	3.93	43896	0.149	0.233	0.106	0.025	0.028	1.601
18.921	0.145	0.228	0.108	0.29	-0.78	-0.66	-19.90	-1.12	3.90	43938	0.149	0.232	0.104	0.025	0.028	1.601
18.931	0.145	0.228	0.106	0.07	-0.86	-0.63	-20.81	-7.02	3.51	44029	0.148	0.232	0.102	0.024	0.028	1.602
18.940	0.145	0.228	0.104	0.11	-0.72	-0.58	-21.72	-12.51	2.96	44123	0.148	0.231	0.100	0.024	0.028	1.602
18.951	0.145	0.227	0.102	-0.13	-0.59	-0.55	-19.80	-13.26	3.17	42130	0.148	0.231	0.099	0.024	0.027	1.602
18.961	0.145	0.227	0.098	-0.33	-0.48	-0.52	-15.92	-10.13	2.76	42173	0.148	0.231	0.097	0.024	0.027	1.602
