t	x	y	z	roll	pitch	yaw	g_x	g_y	g_z	thrust	eso_x	eso_y	eso_z	dist_x	dist_y	dist_z
0.023	-0.260	-0.237	0.000	0.87	2.84	-0.60	0.10	-0.12	-0.05	0	-0.260	-0.237	0.000	-0.000	-0.000	0.000
0.032	-0.260	-0.235	0.000	0.79	2.84	-0.60	-0.05	-0.22	-0.27	0	-0.260	-0.237	-0.001	0.000	0.000	0.000
0.044	-0.261	-0.236	0.000	0.84	2.86	-0.61	-0.10	0.21	-0.22	0	-0.260	-0.237	-0.002	-0.000	0.000	0.000
0.053	-0.261	-0.236	0.000	0.88	2.87	-0.61	0.10	-0.23	0.02	0	-0.260	-0.237	-0.004	-0.000	0.000	0.001
0.065	-0.260	-0.236	0.000	0.89	2.81	-0.60	-0.06	-0.18	-0.03	0	-0.260	-0.237	-0.007	-0.000	0.000	0.001
0.073	-0.260	-0.236	0.000	0.89	2.83	-0.60	0.13	-0.15	-0.02	0	-0.260	-0.237	-0.010	-0.000	0.000	0.002
0.082	-0.261	-0.236	0.000	0.90	2.85	-0.60	0.08	-0.01	0.32	0	-0.260	-0.237	-0.013	-0.000	0.000	0.003
0.089	-0.260	-0.237	0.000	0.92	2.82	-0.60	-0.00	-0.14	-0.14	0	-0.260	-0.237	-0.016	-0.000	0.000	0.004
0.104	-0.259	-0.237	0.000	0.93	2.77	-0.60	-0.11	-0.24	0.07	0	-0.260	-0.237	-0.020	-0.000	0.000	0.006
0.114	-0.260	-0.236	0.000	0.93	2.81	-0.60	0.04	-0.04	0.04	0	-0.260	-0.237	-0.024	-0.000	0.000	0.007
0.126	-0.259	-0.235	0.000	0.88	2.77	-0.60	-0.12	0.13	0.09	0	-0.260	-0.236	-0.028	-0.000	0.000	0.010
0.132	-0.260	-0.236	0.000	0.93	2.79	-0.60	-0.07	-0.26	0.09	0	-0.260	-0.236	-0.032	-0.000	0.000	0.012
0.144	-0.260	-0.236	0.000	0.94	2.78	-0.59	-0.18	-0.08	0.26	0	-0.260	-0.236	-0.036	-0.000	0.000	0.015
0.153	-0.260	-0.237	0.000	0.95	2.79	-0.59	0.07	-0.01	-0.02	0	-0.260	-0.236	-0.041	-0.000	0.000	0.018
0.164	-0.256	-0.232	0.000	0.74	2.58	-0.59	-0.07	-0.32	0.12	0	-0.260	-0.236	-0.045	0.000	0.000	0.021
0.173	-0.255	-0.231	-0.000	0.71	2.57	-0.59	0.16	0.12	-0.12	0	-0.259	-0.235	-0.049	0.000	0.001	0.025
0.184	-0.259	-0.233	0.000	0.83	2.75	-0.59	-0.20	-0.16	0.04	0	-0.259	-0.235	-0.053	0.000	0.001	0.029
0.190	-0.259	-0.234	0.000	0.88	2.76	-0.59	-0.05	0.34	0.16	0	-0.259	-0.235	-0.058	0.000	0.001	0.033
0.204	-0.260	-0.233	0.000	0.85	2.80	-0.59	-0.04	0.17	0.05	0	-0.259	-0.234	-0.062	0.000	0.001	0.038
0.214	-0.258	-0.233	0.000	0.86	2.70	-0.59	-0.16	-0.05	0.02	0	-0.259	-0.234	-0.066	0.000	0.001	0.043
0.225	-0.259	-0.234	0.000	0.92	2.76	-0.58	0.10	-0.08	0.17	0	-0.259	-0.234	-0.070	0.000	0.001	0.049
0.233	-0.259	-0.233	0.000	0.90	2.76	-0.58	-0.07	-0.16	0.03	0	-0.259	-0.234	-0.075	0.000	0.001	0.054
0.244	-0.259	-0.234	0.000	0.92	2.76	-0.58	0.19	0.22	0.01	0	-0.259	-0.234	-0.079	0.000	0.001	0.060
0.252	-0.258	-0.233	0.000	0.90	2.71	-0.58	-0.01	0.00	0.02	0	-0.259	-0.234	-0.083	0.000	0.001	0.067
0.258	-0.259	-0.233	0.000	0.92	2.75	-0.58	-0.12	-0.13	-0.12	0	-0.259	-0.234	-0.087	0.000	0.001	0.073
0.274	-0.259	-0.234	0.000	0.95	2.75	-0.58	0.25	-0.08	0.17	0	-0.259	-0.234	-0.091	0.000	0.001	0.080
0.282	-0.259	-0.234	0.000	0.97	2.75	-0.58	0.22	-0.14	-0.01	0	-0.259	-0.234	-0.095	0.000	0.001	0.087
0.291	-0.260	-0.233	0.000	0.91	2.78	-0.58	-0.02	-0.28	-0.03	0	-0.259	-0.234	-0.099	0.000	0.001	0.095
0.304	-0.258	-0.236	0.000	1.08	2.70	-0.57	-0.08	0.08	0.17	0	-0.259	-0.234	-0.103	0.000	0.001	0.103
0.315	-0.262	-0.237	0.000	1.10	2.90	-0.57	0.03	-0.52	-0.02	0	-0.259	-0.234	-0.107	0.000	0.001	0.111
0.325	-0.263	-0.236	0.000	1.06	2.93	-0.58	-0.02	-0.01	0.03	0	-0.260	-0.234	-0.111	0.000	0.001	0.119
0.333	-0.262	-0.237	0.000	1.14	2.88	-0.57	0.10	0.05	0.15	0	-0.260	-0.235	-0.115	-0.000	0.001	0.128
0.342	-0.261	-0.240	0.000	1.24	2.82	-0.56	-0.04	-0.21	0.08	0	-0.260	-0.235	-0.119	-0.000	0.000	0.137
0.351	-0.261	-0.239	0.000	1.18	2.81	-0.56	-0.13	0.22	0.04	0	-0.260	-0.236	-0.123	-0.000	0.000	0.147
0.363	-0.262	-0.240	0.000	1.22	2.85	-0.56	0.02	-0.38	0.06	0	-0.261	-0.236	-0.127	-0.000	0.000	0.156
0.374	-0.262	-0.239	0.000	1.17	2.84	-0.56	-0.10	-0.09	-0.01	0	-0.261	-0.237	-0.130	-0.000	0.000	0.166
0.383	-0.260	-0.239	0.000	1.15	2.75	-0.56	-0.07	-0.12	0.14	0	-0.261	-0.237	-0.134	-0.000	-0.000	0.176
0.391	-0.262	-0.241	0.000	1.23	2.82	-0.56	0.11	0.02	-0.07	0	-0.261	-0.237	-0.137	-0.000	-0.000	0.187
0.403	-0.262	-0.241	0.000	1.23	2.82	-0.56	0.04	0.14	-0.01	0	-0.261	-0.238	-0.141	-0.000	-0.000	0.197
0.413	-0.262	-0.241	0.000	1.22	2.83	-0.56	0.11	-0.04	0.08	0	-0.261	-0.238	-0.145	-0.000	-0.001	0.208
0.422	-0.262	-0.240	0.000	1.17	2.83	-0.56	0.08	-0.15	-0.17	0	-0.261	-0.238	-0.148	-0.000	-0.001	0.220
0.433	-0.262	-0.241	0.000	1.20	2.82	-0.56	0.10	0.11	-0.10	0	-0.261	-0.239	-0.151	-0.000	-0.001	0.231
0.443	-0.262	-0.239	0.000	1.10	2.82	-0.56	-0.13	0.11	-0.00	0	-0.261	-0.239	-0.155	-0.001	-0.001	0.243
0.449	-0.262	-0.242	0.000	1.23	2.82	-0.55	0.03	-0.12	0.07	0	-0.262	-0.239	-0.158	-0.001	-0.001	0.255
0.463	-0.262	-0.238	0.000	1.02	2.78	-0.56	-0.07	-0.31	-0.03	0	-0.262	-0.239	-0.161	-0.001	-0.001	0.267
0.471	-0.262	-0.238	0.000	1.04	2.78	-0.56	0.09	-0.22	0.02	0	-0.262	-0.239	-0.165	-0.001	-0.001	0.280
0.484	-0.262	-0.238	0.000	1.04	2.81	-0.56	0.03	0.02	-0.02	0	-0.262	-0.239	-0.168	-0.001	-0.001	0.292
0.491	-0.262	-0.238	0.000	1.06	2.80	-0.56	0.15	-0.01	-0.07	0	-0.262	-0.239	-0.171	-0.001	-0.001	0.305
0.500	-0.262	-0.244	0.000	1.31	2.77	-0.55	-0.11	-0.06	-0.08	0	-0.262	-0.239	-0.174	-0.001	-0.001	0.319
0.513	-0.262	-0.244	0.000	1.31	2.77	-0.55	0.10	-0.16	-0.00	0	-0.262	-0.240	-0.177	-0.001	-0.001	0.332
0.522	-0.262	-0.245	0.000	1.31	2.77	-0.55	-0.11	0.08	0.07	0	-0.262	-0.241	-0.180	-0.001	-0.001	0.346
0.534	-0.262	-0.245	0.000	1.30	2.81	-0.54	0.16	0.01	-0.02	0	-0.262	-0.241	-0.183	-0.001	-0.002	0.360
0.541	-0.261	-0.245	0.000	1.26	2.72	-0.55	0.25	-0.18	-0.08	0	-0.262	-0.242	-0.186	-0.001	-0.002	0.374
0.551	-0.261	-0.244	0.000	1.22	2.75	-0.55	-0.15	-0.16	0.11	0	-0.262	-0.242	-0.189	-0.000	-0.002	0.388
0.564	-0.262	-0.247	0.000	1.34	2.80	-0.54	-0.05	-0.16	0.07	0	-0.262	-0.243	-0.192	-0.001	-0.002	0.403
0.574	-0.262	-0.246	0.000	1.27	2.77	-0.54	0.00	0.04	0.02	0	-0.262	-0.243	-0.195	-0.001	-0.002	0.417
0.580	-0.261	-0.244	0.000	1.16	2.75	-0.55	-0.19	-0.00	0.03	0	-0.262	-0.243	-0.198	-0.000	-0.002	0.432
0.592	-0.261	-0.245	0.000	1.19	2.75	-0.55	0.00	-0.05	0.02	0	-0.262	-0.244	-0.200	-0.000	-0.002	0.448
0.600	-0.261	-0.240	0.000	0.97	2.72	-0.56	-0.14	-0.18	-0.23	0	-0.262	-0.243	-0.203	-0.000	-0.002	0.463
0.611	-0.260	-0.241	0.000	1.02	2.72	-0.56	-0.03	-0.36	0.14	0	-0.262	-0.243	-0.206	-0.000	-0.002	0.479
0.623	-0.261	-0.245	0.000	1.20	2.76	-0.55	0.22	0.10	-0.09	0	-0.262	-0.243	-0.208	-0.000	-0.002	0.495
0.632	-0.260	-0.245	0.000	1.18	2.72	-0.55	0.01	0.24	0.01	0	-0.261	-0.244	-0.211	-0.000	-0.002	0.511
0.643	-0.261	-0.244	0.000	1.10	2.73	-0.55	0.27	-0.05	0.02	0	-0.261	-0.244	-0.213	-0.000	-0.002	0.527
0.648	-0.261	-0.245	0.000	1.14	2.73	-0.55	-0.19	-0.16	-0.08	0	-0.261	-0.244	-0.216	-0.000	-0.002	0.543
0.661	-0.261	-0.244	0.000	1.08	2.74	-0.55	0.04	-0.26	-0.06	0	-0.261	-0.244	-0.218	-0.000	-0.002	0.560
0.674	-0.260	-0.245	0.000	1.12	2.72	-0.55	0.09	0.17	0.10	0	-0.261	-0.244	-0.221	-0.000	-0.002	0.577
0.681	-0.261	-0.245	0.000	1.14	2.75	-0.55	0.03	-0.25	0.07	0	-0.261	-0.244	-0.223	-0.000	-0.002	0.593
0.690	-0.261	-0.246	0.000	1.16	2.77	-0.54	-0.07	-0.07	0.15	0	-0.261	-0.245	-0.226	-0.000	-0.002	0.611
0.700	-0.261	-0.245	0.000	1.10	2.77	-0.54	-0.18	-0.23	0.09	0	-0.261	-0.245	-0.228	-0.000	-0.002	0.628
0.707	-0.261	-0.245	0.000	1.10	2.76	-0.55	0.00	0.25	-0.07	0	-0.261	-0.245	-0.230	-0.000	-0.002	0.645
0.722	-0.261	-0.245	0.000	1.06	2.77	-0.55	0.13	0.08	0.06	0	-0.261	-0.245	-0.233	-0.000	-0.002	0.663
0.732	-0.261	-0.245	0.000	1.06	2.77	-0.55	0.11	-0.18	-0.09	0	-0.261	-0.245	-0.235	-0.000	-0.002	0.681
0.745	-0.262	-0.244	0.000	0.99	2.79	-0.55	-0.12	-0.43	-0.22	0	-0.261	-0.245	-0.237	-0.000	-0.002	0.699
0.752	-0.262	-0.244	0.000	0.99	2.81	-0.55	0.15	-0.19	-0.02	0	-0.262	-0.245	-0.239	-0.000	-0.002	0.717
0.761	-0.261	-0.245	0.000	1.06	2.75	-0.55	-0.12	0.36	0.20	0	-0.261	-0.245	-0.241	-0.000	-0.002	0.735
0.772	-0.261	-0.245	0.000	1.02	2.75	-0.55	-0.10	0.13	-0.13	0	-0.261	-0.245	-0.243	-0.000	-0.002	0.754
0.783	-0.261	-0.242	0.000	0.91	2.72	-0.55	-0.05	0.23	-0.01	0	-0.261	-0.245	-0.245	-0.000	-0.002	0.772
0.793	-0.260	-0.245	0.000	1.03	2.72	-0.55	-0.03	-0.08	-0.05	0	-0.261	-0.245	-0.247	-0.000	-0.002	0.791
0.804	-0.261	-0.245	0.000	1.01	2.74	-0.55	-0.28	-0.66	-0.25	0	-0.261	-0.245	-0.249	-0.000	-0.002	0.810
0.809	-0.260	-0.245	0.000	1.03	2.73	-0.55	-0.13	-0.36	-0.05	0	-0.261	-0.245	-0.251	-0.000	-0.002	0.829
0.819	-0.261	-0.245	0.000	0.99	2.77	-0.55	-0.12	0.39	0.15	0	-0.261	-0.245	-0.253	-0.000	-0.002	0.848
0.835	-0.261	-0.245	0.000	1.01	2.74	-0.54	-0.02	0.37	0.02	0	-0.261	-0.245	-0.255	-0.000	-0.002	0.868
0.841	-0.261	-0.245	0.000	0.98	2.77	-0.54	0.34	0.10	0.17	0	-0.261	-0.245	-0.257	-0.000	-0.002	0.887
0.853	-0.261	-0.245	0.000	1.01	2.77	-0.54	0.04	0.05	-0.01	0	-0.261	-0.245	-0.259	-0.000	-0.002	0.907
0.860	-0.261	-0.245	0.000	1.01	2.75	-0.54	-0.04	-0.16	-0.14	0	-0.261	-0.245	-0.261	-0.000	-0.002	0.927
0.872	-0.260	-0.245	0.000	0.97	2.73	-0.54	-0.58	-0.00	-0.02	0	-0.261	-0.245	-0.263	-0.000	-0.002	0.947
0.883	-0.261	-0.245	0.000	0.98	2.76	-0.54	-0.33	-0.17	-0.16	0	-0.261	-0.245	-0.264	0.000	-0.002	0.967
0.893	-0.261	-0.245	-0.000	0.98	2.76	-0.54	-0.13	0.10	-0.07	0	-0.261	-0.245	-0.266	0.000	-0.002	0.987
0.902	-0.261	-0.245	-0.000	0.98	2.75	-0.54	0.21	0.07	0.02	0	-0.261	-0.245	-0.268	0.000	-0.002	1.007
0.909	-0.262	-0.244	-0.000	0.90	2.80	-0.54	0.16	-0.01	-0.24	0	-0.261	-0.245	-0.269	-0.000	-0.002	1.028
0.923	-0.262	-0.244	-0.000	0.92	2.78	-0.54	-0.03	-0.02	-0.04	0	-0.261	-0.245	-0.271	-0.000	-0.002	1.048
0.935	-0.261	-0.245	-0.000	0.94	2.74	-0.54	-0.12	-0.17	-0.11	0	-0.261	-0.245	-0.273	0.000	-0.002	1.069
0.943	-0.261	-0.245	-0.000	0.97	2.78	-0.54	-0.22	-0.23	-0.04	0	-0.261	-0.245	-0.274	0.000	-0.002	1.090
0.951	-0.261	-0.246	-0.000	0.98	2.77	-0.54	-0.10	-0.10	0.16	0	-0.261	-0.245	-0.276	0.000	-0.002	1.111
0.960	-0.261	-0.246	-0.000	0.98	2.77	-0.54	0.19	0.12	0.02	0	-0.261	-0.245	-0.277	0.000	-0.002	1.132
0.974	-0.262	-0.244	-0.000	0.91	2.81	-0.54	0.26	-0.10	-0.05	0	-0.261	-0.245	-0.279	-0.000	-0.002	1.153
0.986	-0.261	-0.244	-0.000	0.92	2.74	-0.54	-0.05	-0.07	0.01	0	-0.261	-0.245	-0.280	0.000	-0.002	1.174
0.994	-0.261	-0.245	-0.000	0.95	2.75	-0.54	-0.04	-0.17	-0.02	0	-0.261	-0.245	-0.282	0.000	-0.002	1.195
1.004	-0.261	-0.244	-0.000	0.88	2.76	-0.54	-0.11	-0.16	-0.11	0	-0.261	-0.245	-0.283	0.000	-0.002	1.217
1.020	-0.261	-0.244	-0.000	0.91	2.76	-0.54	-0.25	-0.04	-0.02	0	-0.261	-0.245	-0.284	0.000	-0.002	1.238
1.032	-0.261	-0.244	-0.000	0.91	2.76	-0.54	-0.20	-0.08	0.15	0	-0.261	-0.245	-0.286	0.000	-0.002	1.260
1.041	-0.261	-0.245	-0.000	0.95	2.75	-0.54	-0.00	0.13	0.06	0	-0.261	-0.245	-0.287	0.000	-0.002	1.282
1.045	-0.261	-0.245	-0.000	0.91	2.78	-0.54	-0.04	0.11	0.21	0	-0.261	-0.245	-0.288	0.000	-0.002	1.304
1.052	-0.261	-0.245	-0.000	0.91	2.77	-0.54	0.03	0.12	-0.13	0	-0.261	-0.245	-0.290	0.000	-0.002	1.326
1.060	-0.261	-0.245	-0.000	0.91	2.78	-0.54	0.02	0.13	0.04	0	-0.261	-0.245	-0.291	0.000	-0.002	1.348
1.074	-0.262	-0.244	-0.000	0.88	2.79	-0.54	-0.29	-0.20	0.00	0	-0.261	-0.245	-0.292	0.000	-0.002	1.370
1.087	-0.261	-0.245	-0.000	0.92	2.77	-0.54	0.01	-0.09	-0.04	0	-0.261	-0.245	-0.293	0.000	-0.002	1.392
1.095	-0.263	-0.245	-0.000	0.93	2.87	-0.54	-0.02	-0.08	-0.12	0	-0.262	-0.245	-0.294	0.000	-0.002	1.414
1.103	-0.261	-0.245	-0.000	0.91	2.76	-0.54	-0.01	0.09	0.10	0	-0.262	-0.245	-0.296	0.000	-0.002	1.437
1.114	-0.261	-0.245	-0.000	0.90	2.76	-0.54	-0.09	0.04	-0.15	0	-0.261	-0.245	-0.297	0.000	-0.001	1.459
1.121	-0.260	-0.245	-0.000	0.91	2.73	-0.53	-0.07	-0.36	-0.04	0	-0.261	-0.245	-0.298	0.000	-0.001	1.482
1.133	-0.262	-0.246	-0.000	0.95	2.79	-0.54	0.11	0.03	0.15	0	-0.261	-0.245	-0.299	0.000	-0.002	1.505
1.144	-0.261	-0.245	-0.000	0.92	2.75	-0.53	0.01	0.20	0.08	0	-0.261	-0.245	-0.300	0.000	-0.002	1.527
1.153	-0.261	-0.244	-0.000	0.86	2.76	-0.54	0.03	-0.10	-0.10	0	-0.261	-0.245	-0.301	0.000	-0.001	1.550
1.161	-0.261	-0.245	-0.000	0.91	2.77	-0.53	-0.06	-0.13	-0.12	0	-0.261	-0.245	-0.302	0.000	-0.001	1.573
1.174	-0.260	-0.245	-0.000	0.93	2.74	-0.53	0.08	-0.05	-0.12	0	-0.261	-0.245	-0.303	0.000	-0.001	1.596
1.181	-0.260	-0.243	-0.000	0.85	2.72	-0.53	-0.23	0.02	-0.06	0	-0.261	-0.245	-0.304	0.000	-0.001	1.619
1.191	-0.260	-0.244	-0.000	0.89	2.72	-0.53	0.00	0.09	0.02	0	-0.261	-0.245	-0.305	0.000	-0.001	1.642
1.201	-0.261	-0.244	-0.000	0.89	2.76	-0.54	0.12	-0.10	-0.09	0	-0.261	-0.245	-0.306	0.000	-0.001	1.665
1.211	-0.261	-0.245	-0.000	0.93	2.76	-0.53	0.05	-0.23	-0.02	0	-0.261	-0.245	-0.306	0.000	-0.001	1.688
1.220	-0.261	-0.242	-0.000	0.80	2.78	-0.54	-0.10	0.14	-0.02	0	-0.261	-0.245	-0.307	0.000	-0.001	1.712
1.233	-0.261	-0.245	-0.000	0.93	2.77	-0.53	0.17	0.05	-0.00	0	-0.261	-0.245	-0.308	0.000	-0.001	1.735
1.247	-0.261	-0.245	-0.000	0.92	2.77	-0.53	0.07	0.09	-0.09	0	-0.261	-0.245	-0.309	0.000	-0.001	1.759
1.253	-0.261	-0.245	-0.000	0.90	2.79	-0.54	-0.04	-0.16	0.26	0	-0.261	-0.245	-0.310	0.000	-0.001	1.782
1.262	-0.262	-0.244	-0.000	0.87	2.81	-0.54	0.11	0.07	0.00	0	-0.261	-0.245	-0.310	0.000	-0.001	1.806
1.270	-0.261	-0.244	-0.000	0.88	2.78	-0.53	0.15	0.08	-0.07	0	-0.261	-0.245	-0.311	0.000	-0.001	1.829
1.283	-0.260	-0.244	-0.000	0.90	2.75	-0.53	-0.15	0.06	-0.15	0	-0.261	-0.245	-0.312	0.000	-0.001	1.853
1.293	-0.261	-0.245	-0.000	0.93	2.77	-0.53	0.06	-0.10	0.16	0	-0.261	-0.245	-0.313	0.000	-0.001	1.876
1.303	-0.261	-0.245	-0.000	0.92	2.75	-0.53	-0.02	-0.22	-0.08	0	-0.261	-0.245	-0.313	0.000	-0.001	1.900
1.312	-0.262	-0.244	-0.000	0.88	2.83	-0.54	-0.10	-0.12	-0.02	0	-0.261	-0.245	-0.314	0.000	-0.001	1.924
1.320	-0.262	-0.245	-0.000	0.91	2.80	-0.53	0.02	-0.14	0.05	0	-0.261	-0.245	-0.314	0.000	-0.001	1.948
1.328	-0.261	-0.245	-0.000	0.93	2.77	-0.53	0.08	-0.08	-0.15	0	-0.261	-0.245	-0.315	0.000	-0.001	1.972
1.347	-0.261	-0.245	-0.000	0.92	2.75	-0.53	0.24	0.17	0.23	0	-0.261	-0.245	-0.316	0.000	-0.001	1.996
1.354	-0.261	-0.245	-0.000	0.94	2.78	-0.53	-0.32	0.12	-0.08	0	-0.261	-0.245	-0.316	0.000	-0.001	2.020
1.362	-0.261	-0.245	-0.000	0.90	2.76	-0.53	0.17	-0.04	0.12	0	-0.261	-0.245	-0.317	0.000	-0.001	2.044
1.371	-0.261	-0.245	-0.000	0.91	2.77	-0.53	-0.29	-0.34	-0.14	0	-0.261	-0.245	-0.317	0.000	-0.001	2.068
1.384	-0.261	-0.244	-0.000	0.89	2.76	-0.53	0.03	0.08	-0.00	0	-0.261	-0.245	-0.318	0.000	-0.001	2.092
1.393	-0.262	-0.244	-0.000	0.86	2.83	-0.53	-0.04	-0.03	-0.01	0	-0.261	-0.245	-0.318	0.000	-0.001	2.116
1.402	-0.261	-0.245	0.000	0.93	2.76	-0.52	-0.09	-0.03	0.16	0	-0.261	-0.245	-0.319	0.000	-0.001	2.140
1.420	-0.262	-0.244	0.000	0.86	2.83	-0.53	0.09	0.15	0.02	0	-0.261	-0.245	-0.319	0.000	-0.001	2.164
1.427	-0.261	-0.245	0.000	0.93	2.76	-0.52	0.05	-0.23	-0.02	0	-0.261	-0.245	-0.320	0.000	-0.001	2.189
1.428	-0.261	-0.245	0.000	0.93	2.79	-0.52	0.00	0.20	0.02	0	-0.261	-0.245	-0.320	0.000	-0.001	2.213
1.443	-0.261	-0.244	0.000	0.86	2.77	-0.52	0.07	0.06	-0.03	0	-0.261	-0.245	-0.321	0.000	-0.001	2.237
1.452	-0.261	-0.244	0.000	0.89	2.77	-0.52	0.02	-0.11	-0.04	0	-0.261	-0.245	-0.321	0.000	-0.001	2.262
1.462	-0.261	-0.245	0.000	0.94	2.77	-0.52	0.07	0.03	0.04	0	-0.261	-0.245	-0.321	0.000	-0.001	2.286
1.470	-0.261	-0.245	0.000	0.93	2.77	-0.52	0.24	0.05	0.21	0	-0.261	-0.245	-0.322	0.000	-0.001	2.310
1.479	-0.261	-0.243	0.000	0.86	2.78	-0.52	0.07	-0.00	0.01	0	-0.261	-0.245	-0.322	0.000	-0.001	2.335
1.496	-0.261	-0.243	0.000	0.86	2.77	-0.52	-0.06	-0.02	-0.07	0	-0.261	-0.244	-0.322	0.000	-0.001	2.359
1.503	-0.260	-0.245	0.000	0.91	2.75	-0.52	-0.26	-0.32	0.10	0	-0.261	-0.245	-0.323	0.000	-0.001	2.384
1.513	-0.261	-0.245	0.000	0.94	2.77	-0.52	-0.03	0.20	0.27	0	-0.261	-0.245	-0.323	0.001	-0.001	2.408
1.520	-0.260	-0.245	0.000	0.93	2.75	-0.52	-0.03	-0.20	-0.25	0	-0.261	-0.245	-0.323	0.001	-0.001	2.433
1.530	-0.260	-0.245	0.000	0.93	2.75	-0.52	0.01	-0.30	-0.12	0	-0.261	-0.245	-0.323	0.001	-0.001	2.457
1.543	-0.261	-0.245	0.000	0.94	2.79	-0.52	0.01	0.07	0.03	0	-0.261	-0.245	-0.324	0.001	-0.001	2.482
1.551	-0.261	-0.245	0.000	0.94	2.78	-0.52	-0.03	-0.01	0.05	0	-0.261	-0.245	-0.324	0.001	-0.001	2.507
1.563	-0.262	-0.245	0.000	0.93	2.80	-0.52	0.06	-0.13	-0.07	0	-0.261	-0.245	-0.324	0.001	-0.001	2.531
1.573	-0.261	-0.244	0.000	0.87	2.76	-0.52	-0.04	-0.12	0.06	0	-0.261	-0.245	-0.324	0.001	-0.001	2.556
1.579	-0.260	-0.245	0.000	0.91	2.75	-0.52	-0.04	-0.11	0.01	0	-0.261	-0.245	-0.324	0.001	-0.001	2.580
1.593	-0.261	-0.245	0.000	0.92	2.78	-0.52	0.15	-0.09	-0.17	0	-0.261	-0.245	-0.325	0.001	-0.001	2.605
1.601	-0.261	-0.245	0.000	0.94	2.80	-0.52	0.09	-0.25	-0.05	0	-0.261	-0.245	-0.325	0.001	-0.001	2.630
1.614	-0.261	-0.244	0.000	0.87	2.80	-0.52	0.08	-0.25	-0.04	0	-0.261	-0.245	-0.325	0.001	-0.001	2.654
1.621	-0.261	-0.245	0.000	0.94	2.77	-0.52	0.13	-0.02	0.00	0	-0.261	-0.245	-0.325	0.001	-0.001	2.679
1.630	-0.261	-0.245	0.000	0.92	2.77	-0.52	-0.04	-0.07	0.02	0	-0.261	-0.245	-0.325	0.001	-0.001	2.704
1.638	-0.261	-0.245	0.000	0.94	2.78	-0.51	-0.03	-0.22	0.06	0	-0.261	-0.245	-0.325	0.001	-0.001	2.728
1.657	-0.261	-0.245	0.000	0.94	2.78	-0.51	0.03	0.03	0.02	0	-0.261	-0.245	-0.325	0.001	-0.001	2.753
1.663	-0.262	-0.243	0.000	0.86	2.81	-0.52	0.04	-0.06	0.02	0	-0.261	-0.245	-0.325	0.001	-0.001	2.778
1.672	-0.261	-0.244	0.000	0.91	2.80	-0.52	-0.01	0.14	0.03	0	-0.261	-0.245	-0.325	0.001	-0.001	2.802
1.680	-0.261	-0.245	0.000	0.95	2.77	-0.51	-0.11	0.06	-0.10	0	-0.261	-0.245	-0.325	0.001	-0.001	2.827
1.689	-0.261	-0.245	0.000	0.94	2.78	-0.51	0.07	-0.09	0.01	0	-0.261	-0.245	-0.325	0.001	-0.001	2.852
1.705	-0.261	-0.243	0.000	0.87	2.78	-0.52	-0.07	-0.12	-0.13	0	-0.261	-0.245	-0.325	0.001	-0.001	2.876
1.710	-0.260	-0.248	0.000	1.06	2.76	-0.51	-0.29	0.05	-0.19	0	-0.261	-0.245	-0.325	0.001	-0.001	2.901
1.719	-0.261	-0.247	0.000	1.00	2.78	-0.51	0.01	0.02	-0.18	0	-0.261	-0.245	-0.325	0.001	-0.001	2.926
1.731	-0.260	-0.243	0.000	0.86	2.74	-0.51	-0.16	0.11	0.29	0	-0.261	-0.245	-0.325	0.001	-0.001	2.951
1.742	-0.260	-0.243	0.000	0.86	2.74	-0.51	0.11	-0.20	0.02	0	-0.261	-0.245	-0.325	0.001	-0.001	2.975
1.756	-0.260	-0.240	0.000	0.72	2.76	-0.52	-0.19	-0.22	0.00	0	-0.261	-0.244	-0.325	0.001	-0.001	3.000
1.761	-0.257	-0.242	0.000	0.81	2.63	-0.51	-0.01	-0.21	0.01	0	-0.260	-0.244	-0.325	0.001	-0.001	3.025
1.773	-0.256	-0.242	0.000	0.81	2.63	-0.51	-0.01	-0.26	-0.09	0	-0.260	-0.244	-0.325	0.001	-0.001	3.049
1.781	-0.255	-0.242	0.000	0.83	2.60	-0.50	-0.22	-0.24	-0.11	0	-0.259	-0.243	-0.325	0.001	-0.001	3.074
1.792	-0.257	-0.243	0.000	0.88	2.69	-0.51	-0.01	-0.05	0.01	0	-0.259	-0.243	-0.325	0.002	-0.000	3.099
1.806	-0.255	-0.242	0.000	0.85	2.62	-0.50	-0.19	0.00	0.19	0	-0.259	-0.243	-0.325	0.002	-0.000	3.123
1.814	-0.257	-0.241	0.000	0.79	2.70	-0.51	0.21	-0.04	0.09	0	-0.258	-0.243	-0.325	0.002	-0.000	3.148
1.824	-0.256	-0.242	0.000	0.84	2.68	-0.51	-0.04	-0.01	-0.22	0	-0.258	-0.243	-0.325	0.002	-0.000	3.173
1.831	-0.256	-0.242	0.000	0.84	2.65	-0.51	0.05	-0.29	-0.05	0	-0.258	-0.243	-0.324	0.002	-0.000	3.197
1.843	-0.256	-0.247	0.000	1.04	2.68	-0.49	-0.02	0.15	0.06	0	-0.258	-0.243	-0.324	0.002	-0.000	3.222
1.847	-0.254	-0.245	0.000	0.99	2.62	-0.49	0.05	0.07	-0.06	0	-0.257	-0.243	-0.324	0.002	-0.001	3.246
1.862	-0.255	-0.248	0.000	1.09	2.65	-0.48	-0.16	-0.28	0.15	0	-0.257	-0.244	-0.324	0.002	-0.001	3.271
1.872	-0.256	-0.246	0.000	0.99	2.70	-0.49	-0.03	0.04	0.27	0	-0.257	-0.244	-0.324	0.002	-0.001	3.296
1.881	-0.256	-0.247	0.000	1.02	2.70	-0.49	0.10	-0.22	0.04	0	-0.257	-0.244	-0.323	0.002	-0.001	3.320
1.893	-0.255	-0.244	0.000	0.90	2.69	-0.50	-0.02	0.02	0.08	0	-0.256	-0.244	-0.323	0.002	-0.001	3.345
1.904	-0.255	-0.244	0.000	0.89	2.70	-0.50	-0.08	-0.03	0.20	0	-0.256	-0.244	-0.323	0.002	-0.001	3.369
1.912	-0.256	-0.243	0.000	0.86	2.73	-0.50	-0.14	0.06	-0.28	0	-0.256	-0.244	-0.323	0.002	-0.001	3.394
1.922	-0.255	-0.242	0.000	0.83	2.70	-0.50	-0.00	-0.05	0.14	0	-0.256	-0.244	-0.322	0.003	-0.001	3.418
1.931	-0.258	-0.237	0.000	0.63	2.84	-0.53	-0.05	-0.22	-0.17	0	-0.256	-0.243	-0.322	0.002	-0.000	3.443
1.939	-0.259	-0.239	0.000	0.73	2.86	-0.52	-0.18	-0.16	0.05	0	-0.257	-0.242	-0.322	0.002	-0.000	3.467
1.953	-0.258	-0.244	0.000	0.93	2.83	-0.50	-0.01	-0.03	0.06	0	-0.257	-0.243	-0.322	0.002	-0.000	3.492
1.963	-0.258	-0.244	0.000	0.93	2.82	-0.50	0.10	0.03	0.02	0	-0.257	-0.243	-0.321	0.002	-0.000	3.516
1.971	-0.257	-0.248	0.000	1.13	2.81	-0.49	-0.01	-0.17	0.14	0	-0.257	-0.243	-0.321	0.002	-0.001	3.540
1.982	-0.257	-0.246	0.000	1.03	2.80	-0.49	-0.02	0.02	0.15	0	-0.257	-0.244	-0.321	0.002	-0.001	3.565
1.996	-0.255	-0.249	0.000	1.15	2.73	-0.48	-0.18	-0.23	-0.04	0	-0.257	-0.244	-0.320	0.002	-0.001	3.589
2.001	-0.256	-0.246	0.001	0.99	2.76	-0.49	-0.03	-0.14	0.17	0	-0.257	-0.245	-0.320	0.002	-0.001	3.613
2.012	-0.257	-0.248	0.000	1.09	2.82	-0.49	-0.22	-0.10	-0.03	0	-0.257	-0.245	-0.320	0.002	-0.001	3.638
2.022	-0.256	-0.249	0.000	1.12	2.78	-0.48	0.14	0.06	0.05	0	-0.257	-0.246	-0.319	0.002	-0.001	3.662
2.030	-0.252	-0.254	0.000	1.31	2.59	-0.46	0.11	0.04	-0.15	0	-0.256	-0.247	-0.319	0.002	-0.002	3.686
2.040	-0.251	-0.254	0.000	1.29	2.57	-0.46	-0.08	0.03	0.10	0	-0.255	-0.248	-0.319	0.003	-0.002	3.710
2.049	-0.252	-0.254	0.000	1.27	2.62	-0.47	-0.05	-0.04	-0.06	0	-0.255	-0.248	-0.318	0.003	-0.002	3.734
2.062	-0.252	-0.254	0.000	1.24	2.64	-0.47	-0.11	-0.50	-0.08	0	-0.255	-0.249	-0.318	0.003	-0.003	3.759
2.072	-0.251	-0.255	0.000	1.27	2.61	-0.46	0.06	-0.23	-0.00	0	-0.254	-0.250	-0.318	0.003	-0.003	3.783
2.083	-0.251	-0.255	0.000	1.24	2.62	-0.47	0.11	-0.06	-0.10	0	-0.254	-0.251	-0.317	0.003	-0.003	3.807
2.089	-0.251	-0.254	0.000	1.20	2.66	-0.47	0.18	-0.19	0.03	0	-0.253	-0.251	-0.317	0.003	-0.003	3.831
2.096	0.000	0.000	-0.000	0.00	-0.00	0.00	0.13	0.11	-0.00	0	-0.222	-0.221	-0.316	0.015	0.008	3.855
2.112	0.000	-0.000	0.206	0.01	-0.00	0.00	0.13	-0.04	0.02	0	-0.195	-0.193	-0.282	0.025	0.018	3.892
2.121	0.000	-0.000	-0.601	0.02	-0.02	0.00	-0.05	0.02	-0.03	0	-0.171	-0.169	-0.387	0.033	0.026	3.875
2.130	0.000	-0.000	0.058	0.00	-0.02	0.00	-0.00	-0.17	-0.00	0	-0.149	-0.148	-0.366	0.041	0.034	3.908
2.140	0.001	-0.001	-0.000	0.30	-0.08	0.00	-0.10	-0.10	-0.08	0	-0.130	-0.129	-0.357	0.048	0.040	3.935
2.152	0.001	-0.001	0.000	0.20	0.06	0.00	-0.09	0.03	-0.06	0	-0.113	-0.112	-0.350	0.053	0.046	3.961
2.162	0.001	-0.001	0.000	0.16	0.06	0.00	0.06	-0.08	0.06	0	-0.098	-0.097	-0.344	0.059	0.051	3.987
2.171	0.001	-0.001	0.000	0.16	0.06	0.00	-0.02	0.19	0.19	0	-0.084	-0.084	-0.339	0.063	0.055	4.013
2.179	0.002	-0.003	-0.000	0.91	-0.15	0.00	-0.03	-0.24	0.05	0	-0.072	-0.072	-0.334	0.067	0.059	4.038
2.192	0.003	-0.002	0.000	0.45	-0.22	0.00	-0.03	-0.33	0.12	0	-0.061	-0.062	-0.330	0.070	0.062	4.063
2.200	0.003	-0.003	0.000	0.91	0.00	0.00	-0.32	-0.06	0.13	0	-0.052	-0.053	-0.327	0.073	0.064	4.088
2.207	0.003	-0.003	0.000	0.91	0.00	0.00	-0.01	0.03	-0.12	0	-0.043	-0.045	-0.324	0.075	0.067	4.113
2.221	0.004	-0.004	0.000	0.94	0.16	0.00	-0.21	-0.16	-0.14	0	-0.035	-0.038	-0.322	0.077	0.068	4.137
2.232	0.004	-0.002	0.000	0.16	0.25	0.00	-0.02	0.11	-0.13	0	-0.029	-0.032	-0.319	0.079	0.070	4.162
2.238	0.004	-0.004	0.000	0.74	0.31	0.00	-0.15	-0.25	-0.03	0	-0.022	-0.026	-0.318	0.080	0.071	4.186
2.255	0.004	-0.004	0.000	0.62	0.58	0.00	0.02	-0.22	0.00	0	-0.017	-0.021	-0.316	0.081	0.072	4.210
2.263	0.005	-0.004	0.000	0.73	0.62	0.00	-0.09	-0.13	-0.01	0	-0.012	-0.017	-0.314	0.082	0.072	4.233
2.271	0.004	-0.004	0.000	0.67	0.93	0.00	-0.10	0.16	0.03	0	-0.008	-0.013	-0.313	0.083	0.073	4.257
2.280	0.004	-0.003	0.000	0.25	1.06	0.01	0.28	-0.33	0.09	0	-0.004	-0.010	-0.311	0.083	0.073	4.281
2.289	0.005	-0.004	0.000	0.65	1.08	0.00	-0.06	-0.10	-0.07	0	-0.001	-0.007	-0.310	0.083	0.073	4.304
2.302	0.004	-0.004	0.000	0.41	1.41	0.00	-0.10	-0.16	0.13	0	0.002	-0.004	-0.309	0.083	0.073	4.328
2.305	0.004	-0.003	0.000	0.29	1.41	0.01	-0.05	-0.11	0.21	0	0.005	-0.002	-0.308	0.083	0.073	4.351
2.322	0.005	-0.005	0.000	0.62	1.46	0.00	0.24	-0.27	-0.12	0	0.007	0.000	-0.307	0.083	0.073	4.375
2.331	0.005	-0.004	0.000	0.45	1.51	0.00	-0.07	0.01	-0.01	0	0.009	0.002	-0.306	0.083	0.073	4.398
2.338	0.004	-0.004	0.000	0.39	1.70	0.01	0.02	0.23	0.06	0	0.011	0.003	-0.306	0.083	0.072	4.421
2.351	0.004	-0.003	0.000	0.26	1.78	0.01	0.00	-0.25	-0.18	0	0.012	0.005	-0.305	0.082	0.072	4.444
2.355	0.004	-0.003	0.000	0.18	1.86	0.01	-0.20	0.15	-0.09	0	0.014	0.006	-0.304	0.082	0.072	4.467
2.371	0.003	-0.003	0.000	0.24	2.13	0.01	-0.00	-0.02	0.01	0	0.015	0.007	-0.303	0.081	0.071	4.490
2.383	0.005	-0.003	0.000	0.33	1.90	0.00	-0.03	-0.05	-0.06	0	0.016	0.008	-0.303	0.081	0.071	4.513
2.394	0.004	-0.003	0.000	0.34	2.08	0.00	-0.14	0.04	0.01	0	0.017	0.009	-0.302	0.080	0.070	4.536
2.397	0.004	-0.003	0.000	0.24	2.13	0.01	-0.13	0.06	0.12	0	0.017	0.010	-0.301	0.079	0.069	4.559
2.410	0.007	0.004	-0.000	-0.71	1.64	0.04	-0.19	-0.37	-0.02	0	0.019	0.011	-0.300	0.079	0.069	4.582
2.422	0.007	0.004	0.000	-0.57	1.77	0.04	-0.06	-0.14	0.04	0	0.019	0.013	-0.300	0.078	0.068	4.605
2.432	0.007	0.005	-0.000	-0.65	1.82	0.04	0.12	0.05	0.24	0	0.020	0.014	-0.299	0.077	0.068	4.627
2.439	0.008	0.001	0.000	-0.11	1.77	0.02	0.23	0.33	-0.17	0	0.021	0.015	-0.298	0.077	0.067	4.650
2.448	0.007	0.005	0.000	-0.47	1.95	0.03	0.12	-0.34	0.06	0	0.022	0.016	-0.298	0.076	0.067	4.672
2.456	0.008	0.003	0.000	-0.19	1.92	0.02	-0.14	0.00	-0.06	0	0.022	0.016	-0.297	0.075	0.066	4.695
2.472	0.007	0.003	0.000	-0.13	2.08	0.02	-0.09	0.10	0.24	0	0.023	0.017	-0.296	0.075	0.065	4.718
2.481	0.006	0.004	0.000	-0.18	2.31	0.02	0.01	-0.28	-0.18	0	0.023	0.017	-0.296	0.074	0.065	4.740
2.493	0.006	0.002	0.000	0.09	2.35	0.00	0.05	-0.14	0.10	0	0.023	0.018	-0.295	0.073	0.064	4.762
2.500	0.005	-0.003	0.000	0.68	2.39	-0.03	-0.09	-0.20	-0.21	0	0.023	0.017	-0.294	0.072	0.063	4.785
2.506	0.005	-0.002	0.001	0.57	2.42	-0.02	-0.03	-0.08	0.04	0	0.023	0.017	-0.293	0.071	0.062	4.807
2.522	0.004	-0.002	0.001	0.55	2.58	-0.02	-0.04	-0.06	-0.14	0	0.023	0.017	-0.293	0.070	0.061	4.829
2.531	0.005	-0.003	0.001	0.66	2.47	-0.03	-0.24	-0.03	0.15	0	0.023	0.016	-0.292	0.069	0.060	4.851
2.541	0.007	-0.004	0.000	0.81	2.38	-0.03	-0.19	-0.33	0.04	0	0.023	0.016	-0.291	0.068	0.059	4.874
2.548	0.005	-0.002	0.000	0.61	2.53	-0.02	-0.09	-0.08	-0.11	0	0.023	0.016	-0.291	0.067	0.058	4.896
2.557	0.005	-0.002	0.000	0.64	2.57	-0.03	0.02	-0.06	-0.12	0	0.023	0.015	-0.290	0.067	0.057	4.918
2.574	0.005	-0.004	0.000	0.78	2.55	-0.04	-0.06	-0.05	0.15	0	0.023	0.015	-0.289	0.066	0.056	4.940
2.581	0.005	-0.002	0.000	0.64	2.57	-0.03	0.06	0.08	-0.05	0	0.023	0.015	-0.289	0.065	0.055	4.962
2.595	0.005	-0.002	0.000	0.63	2.64	-0.03	-0.11	0.17	0.14	0	0.023	0.015	-0.288	0.064	0.054	4.983
2.598	0.005	-0.004	0.000	0.78	2.64	-0.04	-0.00	-0.05	-0.22	0	0.023	0.014	-0.287	0.063	0.054	5.005
2.611	0.005	-0.003	0.000	0.70	2.65	-0.03	-0.06	-0.33	-0.12	0	0.022	0.014	-0.287	0.062	0.053	5.027
2.622	0.005	-0.002	0.000	0.62	2.68	-0.03	-0.24	-0.05	0.10	0	0.022	0.014	-0.286	0.061	0.052	5.049
2.632	0.006	-0.004	0.000	0.78	2.56	-0.04	-0.42	-0.33	-0.08	0	0.022	0.013	-0.285	0.060	0.051	5.070
2.642	0.004	-0.003	0.000	0.69	2.75	-0.03	-0.20	0.40	0.12	0	0.022	0.013	-0.284	0.059	0.050	5.092
2.651	0.005	-0.003	0.000	0.69	2.68	-0.03	0.18	0.02	0.14	0	0.022	0.013	-0.284	0.059	0.049	5.113
2.661	0.005	-0.002	0.000	0.66	2.70	-0.03	-0.04	-0.01	-0.02	0	0.022	0.013	-0.283	0.058	0.049	5.135
2.668	0.006	-0.003	0.000	0.69	2.64	-0.03	-0.05	-0.22	0.16	0	0.022	0.013	-0.282	0.057	0.048	5.156
2.681	0.005	-0.003	0.000	0.71	2.72	-0.03	-0.09	-0.11	-0.10	0	0.021	0.013	-0.282	0.056	0.047	5.178
2.690	0.005	-0.003	0.000	0.75	2.70	-0.03	-0.45	0.01	0.04	0	0.021	0.012	-0.281	0.055	0.046	5.199
2.701	0.005	-0.002	0.000	0.68	2.71	-0.03	0.03	0.11	0.07	0	0.021	0.012	-0.280	0.054	0.046	5.220
2.710	0.006	-0.004	0.000	0.79	2.68	-0.04	0.17	0.08	0.04	0	0.021	0.012	-0.279	0.054	0.045	5.242
2.718	0.005	0.001	0.000	0.50	2.75	-0.01	0.01	0.09	-0.21	0	0.021	0.012	-0.279	0.053	0.044	5.263
2.731	0.003	0.001	0.000	0.52	2.84	-0.01	-0.07	-0.06	-0.01	0	0.021	0.012	-0.278	0.052	0.044	5.284
2.742	0.005	-0.000	0.000	0.60	2.74	-0.02	-0.22	-0.30	-0.01	0	0.020	0.012	-0.277	0.051	0.043	5.305
2.750	0.006	0.003	0.000	0.40	2.70	0.00	-0.17	0.05	-0.02	0	0.020	0.013	-0.277	0.050	0.042	5.326
2.761	0.005	-0.001	0.000	0.63	2.77	-0.02	-0.12	0.03	-0.01	0	0.020	0.013	-0.276	0.049	0.042	5.347
2.769	0.005	0.000	0.000	0.60	2.77	-0.02	0.18	0.06	0.03	0	0.020	0.013	-0.275	0.049	0.041	5.368
2.782	0.008	-0.001	0.000	0.67	2.55	-0.03	-0.05	-0.21	0.00	0	0.020	0.013	-0.274	0.048	0.040	5.388
2.790	0.009	-0.001	0.000	0.71	2.51	-0.03	0.13	-0.11	0.12	0	0.021	0.013	-0.273	0.048	0.040	5.409
2.802	0.010	-0.001	0.000	0.71	2.50	-0.03	-0.24	-0.07	-0.13	0	0.021	0.012	-0.273	0.047	0.039	5.430
2.811	0.008	-0.001	0.000	0.70	2.63	-0.03	-0.19	-0.28	0.04	0	0.021	0.012	-0.272	0.046	0.038	5.450
2.820	0.008	-0.002	0.000	0.75	2.62	-0.04	0.21	-0.07	-0.18	0	0.021	0.012	-0.271	0.046	0.038	5.471
2.827	0.009	-0.002	0.000	0.77	2.61	-0.04	0.07	-0.06	0.05	0	0.021	0.012	-0.270	0.045	0.037	5.492
2.840	0.009	-0.002	0.000	0.78	2.58	-0.04	0.05	-0.00	-0.15	0	0.021	0.012	-0.270	0.044	0.036	5.512
2.852	0.006	-0.003	0.000	0.85	2.79	-0.04	-0.16	-0.37	-0.01	0	0.021	0.011	-0.269	0.044	0.035	5.532
2.860	0.009	-0.001	0.000	0.73	2.61	-0.03	-0.13	-0.24	-0.08	0	0.021	0.011	-0.268	0.043	0.035	5.553
2.869	0.009	-0.002	0.000	0.79	2.63	-0.04	0.15	-0.03	0.13	0	0.021	0.011	-0.267	0.042	0.034	5.573
2.882	0.009	-0.001	0.000	0.74	2.64	-0.03	-0.11	-0.10	-0.07	0	0.021	0.011	-0.266	0.042	0.033	5.593
2.891	0.007	-0.001	0.000	0.75	2.75	-0.03	0.06	-0.13	-0.15	0	0.021	0.011	-0.266	0.041	0.033	5.614
2.902	0.008	-0.002	0.000	0.80	2.72	-0.04	0.02	-0.14	0.09	0	0.021	0.011	-0.265	0.040	0.032	5.634
2.912	0.009	0.000	0.000	0.70	2.70	-0.03	0.08	0.11	-0.09	0	0.021	0.011	-0.264	0.040	0.032	5.654
2.920	0.008	0.000	0.000	0.70	2.75	-0.03	0.06	-0.19	-0.04	0	0.021	0.011	-0.263	0.039	0.031	5.674
2.928	0.007	-0.002	0.000	0.82	2.79	-0.04	-0.12	-0.32	-0.00	0	0.021	0.010	-0.263	0.038	0.030	5.694
2.937	0.009	-0.002	0.000	0.80	2.69	-0.04	0.07	-0.10	-0.11	0	0.021	0.010	-0.262	0.038	0.030	5.713
2.950	0.007	-0.001	0.000	0.75	2.81	-0.03	0.17	0.03	0.03	0	0.021	0.010	-0.261	0.037	0.029	5.733
2.960	0.008	-0.002	0.000	0.82	2.74	-0.04	-0.11	-0.16	-0.12	0	0.021	0.010	-0.260	0.036	0.029	5.753
2.970	0.009	-0.001	0.000	0.77	2.72	-0.04	-0.11	0.09	-0.01	0	0.021	0.010	-0.259	0.036	0.028	5.773
2.978	0.007	-0.002	0.000	0.81	2.82	-0.04	0.06	-0.08	0.08	0	0.020	0.010	-0.259	0.035	0.028	5.792
2.991	0.008	-0.002	0.000	0.84	2.76	-0.05	-0.02	-0.16	0.09	0	0.020	0.010	-0.258	0.035	0.027	5.812
3.001	0.009	-0.002	0.000	0.81	2.74	-0.04	-0.40	-0.56	-0.09	0	0.020	0.010	-0.257	0.034	0.026	5.831
3.010	0.009	-0.002	0.000	0.85	2.76	-0.05	0.08	-0.21	-0.19	0	0.020	0.009	-0.256	0.033	0.026	5.851
3.020	0.008	-0.002	0.000	0.85	2.78	-0.05	-0.08	-0.04	0.27	0	0.020	0.009	-0.255	0.033	0.025	5.870
3.030	0.009	-0.001	0.000	0.81	2.76	-0.04	0.09	-0.01	0.12	0	0.020	0.009	-0.255	0.032	0.025	5.890
3.039	0.007	-0.002	0.000	0.85	2.85	-0.04	-0.19	-0.17	-0.10	0	0.020	0.009	-0.254	0.032	0.024	5.909
3.051	0.008	-0.002	0.000	0.85	2.82	-0.05	0.15	-0.07	-0.04	0	0.020	0.009	-0.253	0.031	0.024	5.928
3.061	0.009	-0.002	0.000	0.84	2.77	-0.05	-0.11	0.06	-0.00	0	0.020	0.009	-0.252	0.030	0.023	5.947
3.069	0.009	-0.005	0.000	1.00	2.78	-0.06	-0.03	0.09	0.09	0	0.020	0.008	-0.251	0.030	0.022	5.966
3.081	0.009	-0.005	0.000	0.97	2.75	-0.06	-0.17	-0.14	-0.10	0	0.020	0.008	-0.251	0.029	0.022	5.985
3.089	0.012	-0.004	0.000	0.92	2.64	-0.06	-0.15	-0.15	-0.07	0	0.020	0.007	-0.250	0.029	0.021	6.004
3.101	0.013	-0.004	0.000	0.94	2.62	-0.06	0.19	-0.22	-0.10	0	0.020	0.007	-0.249	0.029	0.021	6.023
3.112	0.011	-0.004	0.000	0.92	2.70	-0.06	-0.07	0.08	-0.22	0	0.020	0.007	-0.248	0.028	0.020	6.042
3.119	0.012	-0.005	0.000	0.95	2.67	-0.06	-0.08	0.08	-0.17	0	0.021	0.006	-0.247	0.028	0.020	6.061
3.128	0.012	-0.004	0.000	0.90	2.69	-0.06	0.16	0.24	-0.21	0	0.021	0.006	-0.247	0.027	0.019	6.079
3.141	0.011	-0.003	0.000	0.89	2.73	-0.06	-0.32	-0.13	-0.12	0	0.021	0.006	-0.246	0.027	0.019	6.098
3.150	0.011	-0.003	0.000	0.89	2.72	-0.06	-0.09	-0.17	0.03	0	0.021	0.006	-0.245	0.026	0.018	6.117
3.162	0.009	0.001	0.000	0.68	2.84	-0.03	-0.01	-0.02	0.17	0	0.021	0.006	-0.244	0.026	0.018	6.135
3.171	0.010	-0.006	0.000	1.02	2.81	-0.07	0.04	0.06	-0.08	0	0.020	0.006	-0.243	0.025	0.017	6.154
3.181	0.010	-0.007	0.000	1.05	2.80	-0.07	-0.23	-0.27	-0.09	0	0.020	0.005	-0.243	0.024	0.017	6.172
3.189	0.011	-0.007	0.000	1.03	2.76	-0.07	0.11	0.03	0.08	0	0.020	0.005	-0.242	0.024	0.016	6.190
3.202	0.010	-0.007	0.000	1.02	2.81	-0.07	0.07	0.04	0.01	0	0.020	0.004	-0.241	0.023	0.015	6.209
3.211	0.011	-0.007	0.000	1.03	2.77	-0.07	-0.04	0.07	-0.11	0	0.020	0.004	-0.240	0.023	0.015	6.227
3.220	0.010	-0.005	0.000	0.94	2.82	-0.06	0.12	0.08	0.17	0	0.020	0.004	-0.239	0.022	0.014	6.245
3.228	0.010	-0.006	0.000	0.95	2.82	-0.06	-0.07	-0.11	0.16	0	0.020	0.003	-0.238	0.022	0.014	6.263
3.242	0.010	-0.006	0.000	0.97	2.81	-0.06	0.13	-0.10	-0.12	0	0.020	0.003	-0.238	0.021	0.014	6.281
3.250	0.011	-0.006	0.000	0.97	2.79	-0.06	-0.00	0.02	0.03	0	0.020	0.003	-0.237	0.021	0.013	6.299
3.259	0.009	-0.005	0.000	0.93	2.87	-0.05	0.10	-0.11	0.32	0	0.019	0.003	-0.236	0.020	0.013	6.317
3.270	0.009	-0.005	0.000	0.93	2.87	-0.05	0.02	-0.01	-0.04	0	0.019	0.003	-0.235	0.020	0.012	6.335
3.280	0.010	-0.006	0.000	0.97	2.80	-0.06	0.02	-0.15	-0.24	0	0.019	0.002	-0.234	0.020	0.012	6.353
3.292	0.006	-0.002	0.000	0.79	2.98	-0.04	0.01	0.07	-0.17	0	0.019	0.003	-0.234	0.019	0.012	6.371
3.301	0.006	-0.000	0.000	0.72	2.98	-0.03	0.21	0.21	0.09	0	0.018	0.003	-0.233	0.018	0.011	6.388
3.311	0.012	-0.003	0.000	0.85	2.73	-0.05	-0.03	-0.17	-0.07	0	0.018	0.003	-0.232	0.018	0.011	6.406
3.320	0.012	-0.003	0.000	0.84	2.72	-0.05	0.05	0.05	-0.02	0	0.019	0.003	-0.231	0.018	0.011	6.423
3.328	0.011	-0.002	0.000	0.80	2.77	-0.05	0.01	-0.06	-0.10	0	0.019	0.004	-0.230	0.017	0.010	6.441
3.343	0.012	-0.002	0.000	0.81	2.74	-0.05	0.05	0.02	-0.01	0	0.019	0.004	-0.229	0.017	0.010	6.458
3.352	0.012	-0.003	0.000	0.85	2.75	-0.05	-0.20	0.07	0.00	0	0.019	0.004	-0.229	0.017	0.010	6.476
3.359	0.012	-0.004	0.000	0.91	2.76	-0.06	-0.02	0.14	0.05	0	0.019	0.004	-0.228	0.016	0.009	6.493
3.371	0.013	-0.002	0.000	0.83	2.72	-0.05	0.18	-0.27	0.15	0	0.019	0.004	-0.227	0.016	0.009	6.510
3.380	0.011	-0.002	0.000	0.84	2.79	-0.05	0.06	-0.30	0.06	0	0.019	0.004	-0.226	0.015	0.009	6.527
3.396	0.012	-0.003	0.000	0.86	2.78	-0.05	0.07	0.05	0.08	0	0.019	0.004	-0.225	0.015	0.009	6.544
3.401	0.012	-0.002	0.000	0.84	2.79	-0.05	0.08	0.13	0.25	0	0.019	0.004	-0.224	0.015	0.008	6.561
3.409	0.012	-0.003	0.000	0.88	2.78	-0.05	-0.05	0.13	-0.04	0	0.019	0.004	-0.224	0.014	0.008	6.578
3.421	0.014	-0.003	0.000	0.89	2.70	-0.06	-0.16	-0.10	-0.24	0	0.019	0.004	-0.223	0.014	0.007	6.595
3.430	0.012	-0.003	0.000	0.90	2.79	-0.05	-0.02	-0.11	-0.04	0	0.019	0.004	-0.222	0.014	0.007	6.612
3.437	0.012	-0.003	0.000	0.89	2.81	-0.05	0.24	-0.03	0.11	0	0.019	0.003	-0.221	0.013	0.007	6.629
3.451	0.012	-0.002	0.000	0.85	2.80	-0.05	-0.02	-0.07	-0.03	0	0.019	0.003	-0.220	0.013	0.007	6.646
3.460	0.011	-0.003	0.000	0.86	2.83	-0.05	-0.35	-0.14	0.09	0	0.019	0.003	-0.220	0.012	0.006	6.662
3.471	0.012	-0.003	0.000	0.87	2.82	-0.05	-0.05	-0.17	-0.06	0	0.019	0.003	-0.219	0.012	0.006	6.679
3.480	0.011	-0.003	-0.000	0.88	2.84	-0.05	-0.37	-0.24	-0.02	0	0.019	0.003	-0.218	0.012	0.006	6.695
3.495	0.012	-0.003	-0.000	0.89	2.82	-0.05	-0.05	0.02	0.04	0	0.019	0.003	-0.217	0.011	0.005	6.712
3.501	0.012	-0.003	-0.000	0.89	2.82	-0.05	-0.02	-0.14	-0.17	0	0.019	0.003	-0.216	0.011	0.005	6.728
3.510	0.011	-0.003	-0.000	0.90	2.83	-0.06	-0.01	-0.13	0.20	0	0.019	0.003	-0.216	0.011	0.005	6.745
3.521	0.011	-0.002	-0.000	0.86	2.83	-0.05	0.03	-0.20	0.13	0	0.019	0.003	-0.215	0.010	0.004	6.761
3.530	0.012	-0.002	-0.000	0.86	2.82	-0.05	-0.08	0.00	-0.06	0	0.019	0.003	-0.214	0.010	0.004	6.777
3.540	0.012	-0.003	-0.000	0.90	2.82	-0.06	-0.08	-0.16	0.06	0	0.019	0.003	-0.213	0.010	0.004	6.793
3.546	0.013	0.001	-0.000	0.75	2.79	-0.05	-0.15	-0.19	0.00	0	0.019	0.003	-0.212	0.009	0.004	6.809
3.563	0.013	-0.003	0.000	0.90	2.79	-0.06	-0.23	0.05	-0.03	0	0.019	0.003	-0.212	0.009	0.003	6.826
3.572	0.013	-0.004	0.000	0.94	2.78	-0.06	0.05	-0.05	-0.11	0	0.019	0.003	-0.211	0.009	0.003	6.842
3.582	0.012	-0.003	0.000	0.89	2.84	-0.06	0.11	-0.00	0.00	0	0.019	0.003	-0.210	0.008	0.003	6.857
3.588	0.012	-0.004	0.000	0.95	2.84	-0.06	0.15	-0.02	-0.06	0	0.019	0.003	-0.209	0.008	0.002	6.873
3.596	0.011	-0.002	0.000	0.86	2.88	-0.05	0.18	-0.11	-0.15	0	0.018	0.003	-0.208	0.008	0.002	6.889
3.611	0.012	-0.002	0.000	0.87	2.82	-0.05	-0.18	-0.12	0.05	0	0.018	0.003	-0.208	0.007	0.002	6.905
3.622	0.013	-0.004	0.000	0.95	2.79	-0.06	0.07	0.29	-0.13	0	0.018	0.002	-0.207	0.007	0.001	6.921
3.631	0.013	-0.004	0.000	0.95	2.79	-0.06	0.04	0.07	0.24	0	0.018	0.002	-0.206	0.007	0.001	6.936
3.638	0.012	-0.001	0.000	0.81	2.85	-0.05	-0.01	-0.10	-0.09	0	0.018	0.002	-0.205	0.006	0.001	6.952
3.652	0.012	-0.002	0.000	0.89	2.84	-0.06	0.03	-0.06	-0.12	0	0.018	0.002	-0.204	0.006	0.001	6.967
3.660	0.012	-0.002	0.000	0.88	2.82	-0.05	0.03	0.01	0.06	0	0.018	0.002	-0.203	0.006	0.000	6.983
3.670	0.014	-0.004	0.000	0.94	2.77	-0.06	-0.19	-0.12	-0.05	0	0.018	0.002	-0.203	0.005	0.000	6.998
3.682	0.012	-0.002	0.000	0.88	2.82	-0.06	0.06	-0.34	0.09	0	0.018	0.002	-0.202	0.005	-0.000	7.013
3.690	0.012	-0.002	0.000	0.88	2.83	-0.06	-0.02	-0.05	-0.05	0	0.018	0.002	-0.201	0.005	-0.000	7.029
3.697	0.013	-0.004	0.000	0.95	2.82	-0.06	0.01	-0.24	0.12	0	0.018	0.002	-0.200	0.005	-0.001	7.044
3.707	0.014	-0.004	0.000	0.96	2.78	-0.06	0.02	-0.32	-0.03	0	0.018	0.002	-0.199	0.004	-0.001	7.059
3.723	0.013	-0.004	0.000	0.96	2.80	-0.06	0.12	-0.15	-0.09	0	0.018	0.002	-0.199	0.004	-0.001	7.074
3.732	0.014	-0.004	-0.000	0.96	2.79	-0.06	0.04	-0.06	0.02	0	0.018	0.001	-0.198	0.004	-0.001	7.089
3.740	0.012	-0.003	0.000	0.90	2.87	-0.06	0.00	0.14	0.12	0	0.018	0.001	-0.197	0.004	-0.002	7.104
3.750	0.012	-0.002	0.000	0.88	2.84	-0.06	0.26	0.12	0.12	0	0.018	0.001	-0.196	0.003	-0.002	7.119
3.759	0.013	-0.004	0.000	0.95	2.83	-0.06	0.07	-0.16	0.07	0	0.018	0.001	-0.195	0.003	-0.002	7.134
3.771	0.013	-0.004	0.000	0.96	2.82	-0.06	0.01	-0.27	-0.09	0	0.018	0.001	-0.195	0.003	-0.002	7.148
3.782	0.013	-0.004	-0.000	0.96	2.82	-0.06	-0.14	0.04	-0.09	0	0.018	0.001	-0.194	0.003	-0.003	7.163
3.789	0.013	-0.004	-0.000	0.94	2.84	-0.06	0.07	-0.20	-0.05	0	0.018	0.001	-0.193	0.002	-0.003	7.178
3.797	0.012	-0.003	-0.000	0.92	2.85	-0.06	-0.11	0.10	0.02	0	0.018	0.001	-0.192	0.002	-0.003	7.192
3.807	0.012	-0.002	-0.000	0.85	2.85	-0.06	-0.09	-0.33	-0.17	0	0.018	0.001	-0.192	0.002	-0.003	7.207
3.820	0.012	-0.006	0.000	1.02	2.85	-0.07	0.24	-0.02	-0.04	0	0.018	0.001	-0.191	0.001	-0.004	7.221
3.831	0.014	-0.004	0.000	0.93	2.80	-0.07	0.07	-0.14	-0.04	0	0.018	0.001	-0.190	0.001	-0.004	7.236
3.841	0.014	-0.004	0.000	0.93	2.80	-0.07	0.08	0.08	0.08	0	0.018	0.000	-0.189	0.001	-0.004	7.250
3.848	0.014	-0.004	0.000	0.93	2.80	-0.07	-0.17	0.17	-0.05	0	0.018	0.000	-0.188	0.001	-0.004	7.264
3.862	0.014	-0.004	0.000	0.93	2.79	-0.07	0.09	0.28	-0.11	0	0.018	0.000	-0.188	0.001	-0.004	7.279
3.870	0.014	-0.004	0.000	0.93	2.79	-0.06	-0.14	-0.07	-0.06	0	0.018	0.000	-0.187	0.000	-0.005	7.293
3.881	0.014	-0.004	0.000	0.93	2.79	-0.06	-0.04	0.02	0.08	0	0.018	0.000	-0.186	0.000	-0.005	7.307
3.890	0.012	-0.002	0.000	0.86	2.89	-0.06	0.04	-0.17	-0.14	0	0.018	0.000	-0.185	-0.000	-0.005	7.321
3.898	0.013	-0.002	0.000	0.86	2.85	-0.06	0.06	-0.00	0.09	0	0.018	0.001	-0.184	-0.000	-0.005	7.335
3.907	0.013	-0.004	0.000	0.96	2.84	-0.07	-0.14	-0.04	-0.13	0	0.018	0.000	-0.184	-0.001	-0.005	7.349
3.921	0.013	-0.003	0.000	0.90	2.84	-0.06	0.01	-0.06	0.02	0	0.017	0.000	-0.183	-0.001	-0.005	7.363
3.928	0.013	-0.003	0.000	0.92	2.83	-0.06	0.07	-0.03	-0.03	0	0.017	0.000	-0.182	-0.001	-0.006	7.377
3.939	0.014	-0.003	0.000	0.92	2.80	-0.06	0.01	-0.17	-0.14	0	0.017	0.000	-0.181	-0.001	-0.006	7.390
3.950	0.014	-0.002	0.000	0.87	2.78	-0.06	-0.01	-0.08	-0.03	0	0.018	0.000	-0.181	-0.001	-0.006	7.404
3.956	0.012	-0.002	0.000	0.88	2.88	-0.06	0.05	0.13	0.01	0	0.017	0.000	-0.180	-0.002	-0.006	7.418
3.970	0.014	-0.004	0.000	0.96	2.81	-0.07	-0.19	-0.22	-0.17	0	0.017	0.000	-0.179	-0.002	-0.006	7.431
3.982	0.014	-0.004	0.000	0.96	2.82	-0.07	-0.04	0.19	0.11	0	0.017	0.000	-0.178	-0.002	-0.006	7.445
3.987	0.013	-0.000	0.000	0.81	2.84	-0.06	-0.21	-0.04	0.01	0	0.017	0.000	-0.178	-0.002	-0.007	7.458
4.001	0.011	0.000	0.000	0.78	2.94	-0.06	0.04	-0.07	0.03	0	0.017	0.001	-0.177	-0.003	-0.007	7.472
4.007	0.011	-0.003	0.000	0.94	2.90	-0.07	-0.04	-0.20	-0.16	0	0.017	0.001	-0.176	-0.003	-0.007	7.485
4.021	0.011	-0.003	0.000	0.94	2.90	-0.07	-0.26	-0.06	0.09	0	0.017	0.000	-0.175	-0.003	-0.007	7.498
4.029	0.012	-0.004	0.000	0.97	2.85	-0.07	0.01	-0.05	0.02	0	0.016	0.000	-0.174	-0.003	-0.007	7.512
4.040	0.012	-0.004	0.000	0.94	2.88	-0.07	-0.13	-0.19	-0.18	0	0.016	0.000	-0.174	-0.004	-0.007	7.525
4.050	0.012	-0.004	0.000	0.96	2.88	-0.07	-0.02	-0.17	0.02	0	0.016	-0.000	-0.173	-0.004	-0.008	7.538
4.057	0.013	-0.004	0.000	0.96	2.84	-0.07	0.03	0.18	-0.12	0	0.016	-0.000	-0.172	-0.004	-0.008	7.551
4.070	0.012	-0.003	0.000	0.93	2.88	-0.07	0.03	-0.13	-0.08	0	0.016	-0.000	-0.171	-0.004	-0.008	7.564
4.080	0.012	-0.005	0.000	0.98	2.87	-0.07	-0.17	0.14	-0.05	0	0.016	-0.001	-0.171	-0.004	-0.008	7.577
4.092	0.012	-0.002	0.000	0.88	2.85	-0.07	0.11	-0.03	-0.31	0	0.016	-0.000	-0.170	-0.005	-0.008	7.590
4.102	0.013	-0.003	0.000	0.92	2.84	-0.07	-0.00	-0.32	0.29	0	0.016	-0.000	-0.169	-0.005	-0.008	7.603
4.107	0.012	-0.003	0.000	0.91	2.87	-0.06	0.00	-0.02	0.08	0	0.016	-0.000	-0.168	-0.005	-0.008	7.616
4.121	0.012	-0.005	0.000	0.98	2.88	-0.07	-0.08	-0.20	-0.05	0	0.016	-0.001	-0.168	-0.005	-0.009	7.628
4.129	0.010	-0.002	0.000	0.88	2.93	-0.06	-0.05	-0.41	-0.07	0	0.015	-0.001	-0.167	-0.005	-0.009	7.641
4.141	0.013	-0.005	0.000	0.98	2.83	-0.07	0.21	0.29	0.02	0	0.015	-0.001	-0.166	-0.006	-0.009	7.654
4.151	0.013	-0.004	0.000	0.95	2.83	-0.07	-0.05	-0.22	-0.25	0	0.015	-0.001	-0.166	-0.006	-0.009	7.666
4.160	0.013	-0.004	0.000	0.96	2.83	-0.07	-0.26	-0.34	-0.29	0	0.015	-0.001	-0.165	-0.006	-0.009	7.679
4.171	0.012	0.000	0.000	0.78	2.84	-0.06	-0.12	-0.18	-0.09	0	0.015	-0.001	-0.164	-0.006	-0.009	7.691
4.182	0.013	-0.003	0.000	0.93	2.81	-0.07	0.20	0.29	0.18	0	0.015	-0.001	-0.163	-0.006	-0.009	7.703
4.190	0.014	-0.003	0.000	0.93	2.80	-0.07	0.00	0.13	0.01	0	0.016	-0.001	-0.163	-0.006	-0.009	7.716
4.199	0.012	-0.003	0.000	0.93	2.85	-0.07	-0.11	0.04	0.13	0	0.015	-0.001	-0.162	-0.006	-0.010	7.728
4.210	0.014	-0.000	0.000	0.80	2.80	-0.06	0.02	0.00	-0.09	35984	0.016	-0.000	-0.161	-0.006	-0.010	7.740
4.222	0.013	-0.001	0.000	0.83	2.82	-0.07	-0.36	-0.23	0.06	35995	0.016	-0.000	-0.160	-0.007	-0.010	7.752
4.230	0.013	-0.001	0.000	0.83	2.84	-0.07	0.69	0.30	-0.74	35987	0.016	-0.000	-0.158	-0.007	-0.010	7.764
4.238	0.013	-0.002	0.000	0.90	2.84	-0.07	0.69	-0.23	-1.10	35990	0.016	-0.000	-0.156	-0.007	-0.010	7.776
4.250	0.013	-0.001	0.000	0.87	2.82	-0.06	-0.00	-0.81	-2.49	35996	0.016	0.000	-0.154	-0.007	-0.010	7.788
4.257	0.013	-0.001	0.000	0.87	2.80	-0.06	0.18	-0.50	-1.51	36015	0.016	0.000	-0.152	-0.007	-0.010	7.800
4.271	0.013	0.000	0.000	0.80	2.82	-0.06	0.39	0.39	-0.43	36021	0.016	0.000	-0.150	-0.007	-0.010	7.811
4.280	0.013	-0.002	0.000	0.89	2.78	-0.07	-0.12	-0.63	0.01	36040	0.016	0.000	-0.147	-0.007	-0.010	7.822
4.288	0.013	-0.001	0.000	0.88	2.78	-0.07	0.21	-0.17	-0.28	36036	0.016	0.000	-0.144	-0.008	-0.010	7.833
4.300	0.013	-0.001	0.000	0.88	2.78	-0.07	0.06	-0.09	-0.37	36051	0.016	0.000	-0.141	-0.008	-0.010	7.844
4.311	0.012	-0.001	-0.000	0.87	2.80	-0.07	0.10	0.32	0.16	36065	0.016	0.000	-0.139	-0.008	-0.010	7.854
4.317	0.014	-0.001	0.000	0.84	2.70	-0.07	-0.07	-0.28	-0.05	36074	0.016	0.000	-0.136	-0.008	-0.010	7.865
4.331	0.013	-0.001	0.000	0.86	2.72	-0.07	0.46	0.38	-0.62	36062	0.017	0.000	-0.133	-0.008	-0.010	7.875
4.339	0.013	-0.001	0.000	0.86	2.71	-0.08	-0.12	-0.95	-0.83	36074	0.017	0.000	-0.130	-0.008	-0.010	7.884
4.351	0.013	-0.002	-0.000	0.88	2.70	-0.10	0.44	-0.19	-2.58	36090	0.017	0.000	-0.127	-0.009	-0.011	7.894
4.361	0.013	0.002	0.000	0.72	2.70	-0.11	-0.16	0.10	-1.36	36083	0.017	0.001	-0.123	-0.009	-0.010	7.903
4.368	0.013	-0.003	0.000	0.92	2.67	-0.15	-0.31	0.36	-5.39	36083	0.017	0.000	-0.120	-0.009	-0.011	7.913
4.381	0.012	-0.002	0.000	0.90	2.67	-0.22	-0.41	0.29	-8.88	36053	0.017	0.000	-0.117	-0.009	-0.011	7.921
4.391	0.012	-0.000	0.000	0.81	2.64	-0.31	0.44	0.19	-8.11	36055	0.017	0.000	-0.114	-0.010	-0.011	7.930
4.402	0.013	-0.003	0.000	0.93	2.57	-0.39	0.37	0.16	-7.01	36053	0.017	-0.000	-0.111	-0.010	-0.011	7.939
4.409	0.012	-0.001	0.000	0.86	2.59	-0.44	-0.25	-0.58	-3.95	36063	0.017	-0.000	-0.108	-0.010	-0.011	7.947
4.417	0.012	-0.005	0.000	1.03	2.59	-0.50	-1.95	-0.22	-9.54	38111	0.017	-0.001	-0.105	-0.010	-0.011	7.955
4.431	0.011	-0.003	0.000	0.87	2.62	-0.61	-1.32	-0.15	-12.38	38124	0.017	-0.001	-0.102	-0.011	-0.011	7.963
4.439	0.010	-0.007	0.000	1.06	2.57	-0.75	2.83	3.60	-14.54	38129	0.017	-0.002	-0.099	-0.011	-0.011	7.970
4.448	0.009	-0.005	0.000	1.01	2.56	-0.90	0.46	-0.22	-15.09	38204	0.017	-0.002	-0.096	-0.011	-0.012	7.977
4.459	0.010	-0.005	0.000	1.00	2.50	-1.03	1.32	-0.25	-11.29	38220	0.017	-0.003	-0.093	-0.012	-0.012	7.984
4.467	0.009	-0.006	0.000	1.00	2.50	-1.15	-4.27	-3.12	-11.74	38205	0.017	-0.003	-0.090	-0.012	-0.012	7.991
4.480	0.007	-0.004	0.000	0.87	2.60	-1.27	-5.00	-2.69	-12.55	38216	0.016	-0.003	-0.086	-0.013	-0.012	7.998
4.491	0.006	-0.004	0.000	0.83	2.59	-1.40	1.74	2.21	-12.11	38245	0.016	-0.003	-0.083	-0.013	-0.012	8.004
4.500	0.004	-0.005	-0.000	0.90	2.64	-1.51	-1.50	0.74	-11.25	38267	0.015	-0.004	-0.080	-0.014	-0.012	8.010
4.508	0.003	-0.005	-0.000	0.88	2.65	-1.62	-0.06	0.15	-10.97	38385	0.014	-0.004	-0.077	-0.014	-0.012	8.016
4.521	-0.001	-0.005	-0.000	0.84	2.75	-1.74	1.84	1.89	-11.72	38352	0.013	-0.004	-0.074	-0.015	-0.012	8.022
4.530	-0.004	-0.009	-0.001	1.04	2.80	-1.85	2.58	3.47	-9.71	38422	0.012	-0.005	-0.071	-0.016	-0.012	8.027
4.542	-0.005	-0.008	-0.001	1.02	2.75	-1.94	2.30	3.43	-9.52	38563	0.011	-0.005	-0.068	-0.017	-0.013	8.032
4.550	-0.007	-0.007	-0.001	0.99	2.74	-2.03	-1.40	2.80	-9.57	38537	0.009	-0.006	-0.066	-0.017	-0.013	8.037
4.559	-0.013	-0.010	-0.001	1.08	2.90	-2.14	-3.14	-0.65	-10.79	38582	0.007	-0.006	-0.063	-0.018	-0.013	8.042
4.566	-0.016	-0.011	-0.002	1.06	2.98	-2.26	-4.66	-4.14	-12.76	38729	0.005	-0.007	-0.060	-0.019	-0.013	8.046
4.574	-0.017	-0.011	-0.002	0.99	2.95	-2.38	-4.96	-0.22	-12.43	38827	0.003	-0.008	-0.057	-0.020	-0.013	8.050
4.589	-0.017	-0.011	-0.001	0.93	2.89	-2.50	-1.68	2.54	-10.65	38798	0.002	-0.008	-0.054	-0.021	-0.013	8.054
4.598	-0.015	-0.011	-0.000	0.93	2.67	-2.60	5.43	5.24	-9.89	38719	0.000	-0.009	-0.051	-0.022	-0.013	8.058
4.609	-0.017	-0.012	-0.000	1.00	2.62	-2.70	7.91	4.36	-10.02	38506	-0.001	-0.009	-0.048	-0.023	-0.014	8.062
4.620	-0.018	-0.012	0.000	1.05	2.50	-2.80	3.03	7.85	-9.81	40615	-0.002	-0.010	-0.045	-0.024	-0.014	8.065
4.630	-0.019	-0.011	0.000	1.02	2.39	-2.90	1.20	5.47	-10.53	40609	-0.004	-0.010	-0.042	-0.025	-0.014	8.068
4.637	-0.017	-0.012	0.001	1.05	2.14	-2.99	4.80	16.25	-9.52	40560	-0.004	-0.011	-0.039	-0.025	-0.014	8.071
4.648	-0.017	-0.015	0.001	1.24	1.89	-3.09	6.25	17.09	-8.70	40350	-0.005	-0.012	-0.036	-0.026	-0.014	8.074
4.660	-0.016	-0.016	0.001	1.25	1.63	-3.16	-1.17	15.33	-5.64	40379	-0.006	-0.013	-0.033	-0.026	-0.014	8.077
4.671	-0.017	-0.014	0.002	1.12	1.45	-3.20	-5.13	19.54	-2.67	40313	-0.007	-0.013	-0.029	-0.027	-0.014	8.079
4.684	-0.015	-0.014	0.002	1.05	1.10	-3.21	-3.28	23.85	-0.97	40220	-0.007	-0.014	-0.026	-0.027	-0.014	8.081
4.684	-0.017	-0.017	0.002	1.16	0.88	-3.22	1.61	33.33	-2.88	40046	-0.007	-0.014	-0.023	-0.028	-0.014	8.083
4.701	-0.014	-0.018	0.002	1.11	0.34	-3.23	-6.99	33.60	1.29	40205	-0.008	-0.015	-0.020	-0.028	-0.014	8.085
4.710	-0.015	-0.017	0.003	0.93	0.00	-3.21	-15.92	28.81	3.53	40028	-0.008	-0.016	-0.017	-0.028	-0.015	8.086
4.717	-0.016	-0.010	0.004	0.43	-0.27	-3.18	-23.21	28.01	5.27	39903	-0.008	-0.015	-0.014	-0.029	-0.014	8.088
4.728	-0.014	-0.011	0.004	0.17	-0.66	-3.11	-28.33	25.68	8.08	39758	-0.009	-0.015	-0.011	-0.029	-0.014	8.089
4.740	-0.015	-0.004	0.003	-0.47	-0.90	-3.06	-38.89	27.66	9.00	39694	-0.009	-0.014	-0.008	-0.029	-0.013	8.090
4.748	-0.010	-0.002	0.003	-0.92	-1.45	-2.97	-39.71	31.72	12.02	39910	-0.009	-0.013	-0.005	-0.029	-0.013	8.090
4.760	-0.010	-0.000	0.004	-1.41	-1.78	-2.87	-42.13	31.89	11.86	39789	-0.008	-0.012	-0.002	-0.029	-0.012	8.091
4.768	-0.007	0.002	0.004	-1.96	-2.27	-2.78	-46.58	35.55	13.40	39749	-0.008	-0.010	0.001	-0.029	-0.012	8.091
4.778	-0.009	0.001	0.003	-2.34	-2.56	-2.64	-48.00	33.89	13.44	39745	-0.008	-0.009	0.004	-0.029	-0.011	8.091
4.790	-0.005	0.005	0.003	-2.96	-3.10	-2.56	-42.49	38.82	11.90	39912	-0.007	-0.008	0.006	-0.029	-0.011	8.091
4.799	-0.003	0.006	0.003	-3.35	-3.59	-2.46	-38.99	36.43	11.42	40048	-0.006	-0.006	0.009	-0.029	-0.010	8.090
4.811	-0.003	0.007	0.003	-3.74	-3.91	-2.38	-32.35	32.25	10.56	40144	-0.006	-0.005	0.011	-0.029	-0.009	8.090
4.816	-0.005	0.013	0.002	-4.22	-4.12	-2.40	-15.63	30.93	9.83	40177	-0.006	-0.003	0.014	-0.029	-0.009	8.089
4.829	-0.006	0.013	0.002	-4.25	-4.41	-2.30	5.67	28.71	12.62	42608	-0.006	-0.001	0.016	-0.029	-0.008	8.088
4.841	-0.003	0.015	0.002	-4.11	-4.79	-2.18	29.78	24.28	14.33	42630	-0.005	0.001	0.018	-0.029	-0.007	8.086
4.852	0.002	0.015	0.002	-3.64	-5.21	-1.98	46.38	19.71	15.96	42756	-0.005	0.003	0.021	-0.028	-0.006	8.085
4.859	0.002	0.014	0.003	-3.07	-5.40	-1.79	53.08	17.25	16.78	42884	-0.004	0.004	0.024	-0.028	-0.006	8.083
4.868	0.003	0.019	0.001	-2.67	-5.55	-1.72	55.87	9.23	15.66	42893	-0.003	0.006	0.026	-0.028	-0.005	8.081
4.879	0.004	0.021	0.001	-2.12	-5.60	-1.57	50.78	-1.76	15.67	43294	-0.003	0.008	0.028	-0.027	-0.005	8.079
4.891	0.004	0.021	0.002	-1.58	-5.47	-1.38	41.44	-19.07	16.19	43353	-0.002	0.010	0.031	-0.027	-0.004	8.077
4.899	0.004	0.020	0.002	-1.10	-5.20	-1.16	30.52	-29.74	16.06	43342	-0.002	0.012	0.034	-0.027	-0.004	8.075
4.910	0.004	0.018	0.002	-0.65	-4.82	-0.92	26.70	-36.37	15.12	43259	-0.001	0.013	0.036	-0.026	-0.003	8.072
4.917	0.005	0.017	0.002	-0.29	-4.45	-0.70	26.63	-40.45	15.05	43324	-0.001	0.014	0.039	-0.026	-0.003	8.069
4.930	0.005	0.016	0.003	0.05	-3.99	-0.51	18.65	-38.95	14.95	43313	-0.000	0.015	0.042	-0.026	-0.003	8.066
4.939	0.005	0.015	0.003	0.29	-3.56	-0.31	9.05	-39.85	14.88	43263	-0.000	0.015	0.045	-0.026	-0.003	8.063
4.949	0.004	0.016	0.004	0.35	-3.10	-0.18	-0.57	-36.66	14.50	43257	0.000	0.016	0.048	-0.025	-0.003	8.060
4.959	0.004	0.020	0.003	0.18	-2.67	-0.15	-12.86	-37.76	12.83	43226	0.000	0.016	0.050	-0.025	-0.003	8.056
4.970	0.007	0.020	0.003	0.04	-2.35	0.03	-22.73	-42.42	13.24	43570	0.001	0.017	0.053	-0.025	-0.003	8.053
4.977	0.008	0.019	0.003	-0.13	-1.93	0.21	-23.06	-41.48	14.84	43645	0.001	0.018	0.055	-0.025	-0.003	8.049
4.986	0.009	0.019	0.003	-0.32	-1.49	0.38	-22.98	-41.62	16.03	43636	0.002	0.018	0.058	-0.024	-0.003	8.044
4.999	0.013	0.017	0.002	-0.41	-1.24	0.66	-21.15	-38.52	16.82	43590	0.003	0.019	0.060	-0.024	-0.003	8.040
5.008	0.014	0.016	0.002	-0.52	-0.82	0.89	-19.85	-34.09	17.28	43785	0.004	0.019	0.063	-0.023	-0.003	8.035
5.021	0.015	0.014	0.002	-0.58	-0.50	1.13	-12.34	-26.52	16.96	43774	0.005	0.018	0.065	-0.023	-0.003	8.031
5.027	0.014	0.013	0.003	-0.64	-0.18	1.30	-5.61	-19.67	16.38	43784	0.006	0.018	0.068	-0.022	-0.003	8.026
5.039	0.015	0.014	0.002	-0.68	-0.00	1.46	-2.02	-16.59	14.62	45820	0.006	0.018	0.070	-0.022	-0.004	8.021
5.049	0.016	0.013	0.002	-0.62	0.14	1.63	1.31	-7.45	13.66	46068	0.007	0.018	0.073	-0.022	-0.004	8.015
5.060	0.019	0.009	0.002	-0.43	0.09	1.89	0.17	0.73	13.95	46107	0.008	0.017	0.075	-0.021	-0.004	8.010
5.069	0.020	0.009	0.002	-0.44	0.13	2.02	-0.67	-3.29	13.38	46199	0.009	0.016	0.078	-0.021	-0.005	8.004
5.079	0.018	0.010	0.003	-0.49	0.32	2.12	-3.45	-13.94	13.36	46222	0.010	0.016	0.080	-0.020	-0.005	7.998
5.090	0.018	0.010	0.002	-0.55	0.59	2.23	-5.74	-28.16	11.63	46123	0.011	0.016	0.083	-0.020	-0.005	7.992
5.099	0.017	0.010	0.002	-0.58	0.98	2.36	-6.73	-39.16	12.71	46291	0.011	0.015	0.086	-0.020	-0.006	7.986
5.111	0.017	0.009	0.003	-0.62	1.42	2.50	-4.33	-39.60	13.14	46234	0.012	0.015	0.088	-0.019	-0.006	7.979
5.120	0.017	0.008	0.003	-0.61	1.81	2.65	-1.70	-27.97	13.26	46221	0.012	0.015	0.091	-0.019	-0.006	7.972
5.129	0.018	0.008	0.002	-0.61	2.01	2.78	2.76	-13.30	12.85	46203	0.013	0.014	0.094	-0.019	-0.006	7.965
5.140	0.019	0.007	0.003	-0.53	2.09	2.92	3.24	-4.09	11.10	46339	0.014	0.014	0.096	-0.019	-0.007	7.958
5.145	0.019	0.007	0.003	-0.47	2.15	3.03	6.11	-2.21	10.59	46324	0.014	0.013	0.099	-0.018	-0.007	7.951
5.160	0.020	0.003	0.003	-0.23	2.17	3.19	5.95	-6.60	9.08	46291	0.015	0.012	0.102	-0.018	-0.008	7.944
5.170	0.020	0.001	0.004	-0.12	2.27	3.29	7.30	-7.71	8.78	46304	0.015	0.011	0.104	-0.018	-0.008	7.936
5.178	0.021	-0.000	0.007	0.02	2.38	3.39	10.17	-7.42	9.17	46352	0.016	0.010	0.107	-0.018	-0.009	7.928
5.193	0.020	-0.002	0.007	0.15	2.49	3.49	8.48	-6.93	9.17	45893	0.017	0.009	0.111	-0.017	-0.009	7.921
5.201	0.020	-0.002	0.008	0.25	2.56	3.58	5.82	-1.75	9.29	45857	0.017	0.008	0.114	-0.017	-0.010	7.912
5.210	0.021	-0.002	0.008	0.24	2.54	3.67	-2.14	1.82	10.05	45807	0.018	0.007	0.117	-0.017	-0.010	7.904
5.221	0.022	-0.005	0.011	0.29	2.51	3.79	-7.39	5.35	9.41	45755	0.018	0.006	0.120	-0.017	-0.011	7.896
5.230	0.021	-0.005	0.012	0.16	2.49	3.88	-16.02	6.92	8.97	45327	0.019	0.005	0.123	-0.017	-0.011	7.888
5.238	0.022	-0.006	0.013	-0.05	2.38	3.97	-26.09	10.29	7.88	47373	0.019	0.004	0.127	-0.017	-0.012	7.879
5.244	0.021	-0.006	0.013	-0.36	2.32	4.04	-37.20	9.92	6.09	47396	0.020	0.003	0.130	-0.017	-0.012	7.870
5.261	0.021	-0.008	0.017	-0.72	2.24	4.09	-46.54	11.21	4.10	47399	0.020	0.002	0.133	-0.017	-0.013	7.861
5.271	0.021	-0.009	0.018	-1.20	2.15	4.13	-46.66	8.60	4.34	46903	0.020	0.001	0.137	-0.017	-0.013	7.852
5.282	0.020	-0.011	0.019	-1.58	2.12	4.17	-44.60	6.67	3.25	46869	0.021	-0.001	0.141	-0.017	-0.014	7.843
5.289	0.019	-0.012	0.019	-1.98	2.07	4.19	-39.48	8.61	2.41	46837	0.021	-0.002	0.144	-0.017	-0.014	7.833
5.295	0.019	-0.013	0.021	-2.36	1.97	4.21	-30.46	12.56	1.50	46792	0.021	-0.003	0.148	-0.017	-0.015	7.824
5.310	0.017	-0.016	0.021	-2.51	1.91	4.21	-17.47	16.30	0.80	46736	0.021	-0.004	0.151	-0.017	-0.015	7.814
5.318	0.016	-0.017	0.022	-2.59	1.75	4.21	-4.54	21.41	1.26	46707	0.020	-0.006	0.154	-0.017	-0.016	7.804
5.329	0.015	-0.019	0.023	-2.55	1.52	4.21	6.90	25.69	0.80	46610	0.020	-0.007	0.157	-0.017	-0.016	7.794
5.339	0.015	-0.019	0.025	-2.45	1.27	4.20	18.33	26.32	0.37	46523	0.020	-0.008	0.161	-0.018	-0.017	7.783
5.346	0.015	-0.021	0.029	-2.20	0.99	4.20	22.82	26.97	0.28	46440	0.019	-0.009	0.165	-0.018	-0.017	7.773
5.358	0.013	-0.021	0.031	-1.96	0.79	4.18	26.89	26.80	-0.27	45715	0.019	-0.010	0.168	-0.018	-0.018	7.763
5.369	0.013	-0.021	0.032	-1.69	0.50	4.17	26.08	25.24	-0.67	45654	0.018	-0.011	0.172	-0.018	-0.019	7.752
5.380	0.011	-0.022	0.034	-1.44	0.30	4.15	22.99	23.25	-1.16	45566	0.018	-0.012	0.176	-0.019	-0.019	7.741
5.387	0.011	-0.023	0.035	-1.21	0.09	4.13	18.77	19.27	-1.50	45504	0.017	-0.013	0.179	-0.019	-0.020	7.730
5.399	0.009	-0.024	0.038	-1.06	-0.05	4.10	13.37	17.81	-2.06	45468	0.016	-0.014	0.183	-0.020	-0.020	7.719
5.412	0.008	-0.024	0.040	-0.95	-0.22	4.07	8.03	16.07	-2.91	45144	0.016	-0.015	0.187	-0.020	-0.020	7.708
5.420	0.008	-0.025	0.041	-0.87	-0.39	4.04	2.38	16.25	-3.00	45113	0.015	-0.016	0.190	-0.020	-0.021	7.697
5.428	0.007	-0.025	0.043	-0.89	-0.54	4.00	-3.02	16.11	-2.93	45115	0.014	-0.017	0.194	-0.021	-0.021	7.686
5.439	0.005	-0.025	0.044	-0.97	-0.68	3.97	-9.44	15.45	-2.85	45103	0.013	-0.017	0.197	-0.021	-0.022	7.674
5.447	0.006	-0.025	0.046	-1.10	-0.88	3.95	-13.58	16.33	-2.60	47295	0.012	-0.018	0.201	-0.021	-0.022	7.662
5.461	0.003	-0.026	0.047	-1.24	-0.97	3.91	-16.06	16.65	-1.96	47344	0.011	-0.019	0.204	-0.022	-0.022	7.650
5.469	0.004	-0.026	0.049	-1.42	-1.18	3.90	-15.20	16.39	-1.43	47421	0.011	-0.019	0.207	-0.022	-0.023	7.638
5.481	0.002	-0.026	0.048	-1.57	-1.29	3.87	-13.04	15.14	-0.41	47420	0.010	-0.019	0.210	-0.022	-0.023	7.626
5.489	0.001	-0.026	0.050	-1.70	-1.42	3.86	-10.98	11.99	-0.36	47732	0.009	-0.020	0.213	-0.023	-0.023	7.614
5.499	0.000	-0.026	0.051	-1.78	-1.53	3.86	-8.80	8.93	0.37	47736	0.008	-0.020	0.217	-0.023	-0.024	7.601
5.511	-0.000	-0.027	0.053	-1.86	-1.60	3.86	-5.27	6.16	-0.41	47740	0.007	-0.021	0.220	-0.024	-0.024	7.588
5.520	-0.001	-0.026	0.054	-1.92	-1.64	3.84	-3.95	4.50	-2.09	47768	0.006	-0.021	0.223	-0.024	-0.024	7.576
5.530	-0.002	-0.026	0.060	-1.96	-1.70	3.81	-1.86	4.26	-3.05	47817	0.005	-0.021	0.227	-0.024	-0.025	7.563
5.541	-0.002	-0.027	0.061	-1.97	-1.75	3.78	1.43	4.61	-3.67	47045	0.004	-0.021	0.230	-0.024	-0.025	7.550
5.548	-0.002	-0.026	0.063	-1.94	-1.83	3.74	6.71	6.16	-4.39	47058	0.003	-0.021	0.234	-0.025	-0.025	7.537
5.560	-0.004	-0.026	0.064	-1.87	-1.84	3.68	11.76	8.43	-5.70	47057	0.002	-0.022	0.238	-0.025	-0.025	7.524
5.569	-0.005	-0.026	0.071	-1.73	-1.92	3.61	16.93	10.39	-6.92	47060	0.001	-0.022	0.242	-0.025	-0.026	7.511
5.580	-0.005	-0.026	0.073	-1.55	-2.06	3.53	22.47	11.86	-8.69	46174	-0.000	-0.021	0.246	-0.026	-0.026	7.498
5.589	-0.005	-0.026	0.075	-1.29	-2.21	3.45	25.57	12.14	-9.69	46132	-0.001	-0.021	0.250	-0.026	-0.026	7.484
5.598	-0.005	-0.026	0.076	-1.01	-2.33	3.35	28.35	11.17	-10.56	46098	-0.002	-0.022	0.254	-0.026	-0.026	7.471
5.611	-0.006	-0.027	0.078	-0.71	-2.39	3.23	28.17	8.08	-11.46	46110	-0.003	-0.022	0.258	-0.026	-0.027	7.457
5.619	-0.006	-0.026	0.080	-0.45	-2.46	3.12	25.72	4.09	-11.55	46136	-0.004	-0.022	0.262	-0.026	-0.027	7.444
5.631	-0.006	-0.027	0.082	-0.18	-2.49	3.01	22.13	-0.46	-12.21	46100	-0.005	-0.022	0.265	-0.026	-0.027	7.430
5.636	-0.006	-0.027	0.084	0.02	-2.47	2.89	16.35	-5.39	-12.37	46147	-0.005	-0.022	0.269	-0.026	-0.027	7.416
5.645	-0.007	-0.027	0.085	0.15	-2.40	2.76	11.15	-8.61	-12.05	46189	-0.006	-0.022	0.272	-0.026	-0.028	7.401
5.661	-0.007	-0.027	0.088	0.25	-2.31	2.65	4.33	-11.49	-12.32	48282	-0.007	-0.022	0.276	-0.026	-0.028	7.387
5.670	-0.007	-0.026	0.089	0.21	-2.18	2.51	-0.73	-11.23	-12.51	48244	-0.007	-0.022	0.279	-0.026	-0.028	7.373
5.680	-0.007	-0.026	0.091	0.18	-2.08	2.38	-4.97	-10.41	-12.73	48300	-0.008	-0.022	0.282	-0.026	-0.028	7.358
5.688	-0.007	-0.024	0.093	0.04	-1.97	2.24	-8.33	-11.73	-12.67	48338	-0.008	-0.022	0.286	-0.026	-0.028	7.344
5.700	-0.007	-0.025	0.094	0.01	-1.84	2.13	-10.10	-12.57	-12.78	48370	-0.009	-0.022	0.289	-0.026	-0.028	7.329
5.708	-0.007	-0.024	0.095	-0.15	-1.72	1.99	-9.00	-13.52	-12.02	48499	-0.009	-0.021	0.292	-0.026	-0.029	7.314
5.719	-0.007	-0.025	0.097	-0.16	-1.58	1.89	-5.64	-13.86	-11.71	48528	-0.010	-0.021	0.295	-0.026	-0.029	7.299
5.728	-0.007	-0.026	0.099	-0.17	-1.44	1.78	-1.46	-12.10	-11.54	48523	-0.010	-0.021	0.298	-0.026	-0.029	7.284
5.739	-0.007	-0.025	0.100	-0.19	-1.34	1.66	2.92	-7.43	-11.26	48505	-0.011	-0.021	0.301	-0.025	-0.029	7.269
5.748	-0.007	-0.023	0.102	-0.21	-1.30	1.53	7.06	-1.65	-11.42	48485	-0.011	-0.021	0.304	-0.025	-0.029	7.253
5.758	-0.007	-0.025	0.103	-0.04	-1.29	1.44	8.71	3.75	-11.62	48471	-0.011	-0.021	0.308	-0.025	-0.030	7.238
5.771	-0.007	-0.026	0.105	0.06	-1.32	1.33	9.04	5.11	-11.59	48430	-0.012	-0.021	0.311	-0.025	-0.030	7.222
5.780	-0.007	-0.026	0.106	0.14	-1.35	1.21	7.46	2.01	-12.19	48406	-0.012	-0.022	0.314	-0.025	-0.030	7.206
5.790	-0.007	-0.028	0.107	0.33	-1.36	1.13	7.94	-3.12	-11.37	48404	-0.012	-0.022	0.316	-0.024	-0.030	7.190
5.800	-0.007	-0.028	0.108	0.40	-1.28	1.02	8.01	-8.42	-10.65	48661	-0.012	-0.022	0.319	-0.024	-0.031	7.174
5.811	-0.007	-0.028	0.110	0.46	-1.18	0.91	7.83	-12.48	-10.03	48680	-0.013	-0.023	0.322	-0.024	-0.031	7.158
5.814	-0.007	-0.028	0.111	0.54	-1.03	0.81	7.14	-15.39	-9.42	48679	-0.013	-0.023	0.325	-0.024	-0.031	7.142
5.831	-0.007	-0.028	0.113	0.61	-0.87	0.72	5.87	-15.35	-9.41	48654	-0.013	-0.023	0.328	-0.023	-0.031	7.126
5.840	-0.006	-0.028	0.107	0.65	-0.74	0.62	4.88	-13.94	-8.82	48613	-0.013	-0.024	0.329	-0.023	-0.032	7.109
5.849	-0.007	-0.028	0.109	0.69	-0.57	0.53	2.73	-9.52	-9.50	49806	-0.013	-0.024	0.331	-0.023	-0.032	7.092
5.856	-0.007	-0.028	0.110	0.71	-0.48	0.44	1.37	-7.57	-8.33	49774	-0.013	-0.024	0.333	-0.022	-0.032	7.075
5.869	-0.007	-0.029	0.111	0.73	-0.40	0.36	-0.39	-5.19	-7.98	51872	-0.013	-0.024	0.335	-0.022	-0.032	7.058
5.880	-0.007	-0.029	0.115	0.73	-0.34	0.29	-1.33	-3.67	-7.66	51884	-0.013	-0.025	0.338	-0.022	-0.033	7.041
5.890	-0.007	-0.029	0.116	0.67	-0.30	0.20	-4.84	-4.24	-7.02	51369	-0.014	-0.025	0.340	-0.021	-0.033	7.024
5.898	-0.007	-0.030	0.118	0.67	-0.25	0.15	-7.22	-4.09	-6.61	51324	-0.014	-0.026	0.343	-0.021	-0.033	7.007
5.910	-0.007	-0.030	0.119	0.57	-0.21	0.08	-9.94	-3.28	-6.52	51274	-0.014	-0.026	0.346	-0.021	-0.033	6.990
5.921	-0.007	-0.030	0.117	0.45	-0.17	0.01	-12.17	-3.10	-5.89	51210	-0.014	-0.026	0.348	-0.020	-0.033	6.972
5.930	-0.005	-0.030	0.119	0.30	-0.21	-0.05	-13.23	-2.27	-5.57	51771	-0.014	-0.027	0.351	-0.020	-0.034	6.955
5.940	-0.005	-0.029	0.120	0.15	-0.17	-0.11	-11.90	-1.92	-5.48	51680	-0.014	-0.027	0.353	-0.019	-0.034	6.937
5.947	-0.005	-0.030	0.121	0.07	-0.18	-0.16	-8.43	0.07	-5.18	51568	-0.013	-0.027	0.356	-0.019	-0.034	6.919
5.957	-0.004	-0.030	0.123	-0.02	-0.20	-0.22	-5.19	1.01	-5.26	51456	-0.013	-0.027	0.358	-0.019	-0.034	6.902
5.969	-0.004	-0.030	0.120	-0.05	-0.21	-0.28	-2.08	1.76	-5.36	51328	-0.013	-0.027	0.360	-0.018	-0.034	6.883
5.979	-0.004	-0.030	0.121	-0.07	-0.23	-0.33	-0.04	1.04	-5.32	52030	-0.013	-0.028	0.362	-0.018	-0.034	6.865
5.989	-0.004	-0.030	0.122	-0.07	-0.23	-0.38	1.47	0.14	-5.10	51897	-0.012	-0.028	0.365	-0.017	-0.034	6.847
5.999	-0.004	-0.030	0.124	-0.06	-0.22	-0.43	1.38	-1.86	-5.06	51762	-0.012	-0.028	0.367	-0.017	-0.034	6.828
6.006	-0.003	-0.030	0.125	-0.04	-0.20	-0.49	2.05	-2.94	-5.64	51630	-0.012	-0.028	0.369	-0.016	-0.034	6.810
6.018	-0.003	-0.031	0.127	-0.00	-0.16	-0.54	1.71	-4.21	-5.69	51577	-0.012	-0.028	0.372	-0.016	-0.035	6.791
6.030	-0.004	-0.031	0.128	0.01	-0.08	-0.60	0.41	-5.20	-5.53	51452	-0.012	-0.029	0.374	-0.016	-0.035	6.772
6.041	-0.004	-0.029	0.130	-0.07	-0.02	-0.66	-2.26	-5.27	-5.24	51303	-0.011	-0.029	0.377	-0.015	-0.035	6.754
6.050	-0.004	-0.030	0.132	-0.05	0.05	-0.70	-3.17	-5.94	-4.61	51150	-0.011	-0.029	0.380	-0.015	-0.035	6.735
6.059	-0.004	-0.031	0.133	-0.09	0.11	-0.75	-4.39	-5.18	-4.08	50995	-0.011	-0.029	0.382	-0.014	-0.035	6.716
6.068	-0.004	-0.031	0.135	-0.13	0.15	-0.78	-3.36	-3.89	-3.09	52929	-0.011	-0.029	0.385	-0.014	-0.035	6.697
6.080	-0.004	-0.031	0.137	-0.13	0.20	-0.81	-1.22	-2.38	-2.58	52797	-0.011	-0.029	0.388	-0.014	-0.035	6.678
6.089	-0.003	-0.028	0.139	-0.25	0.21	-0.84	0.79	-1.89	-2.00	52654	-0.011	-0.029	0.391	-0.013	-0.035	6.659
6.100	-0.004	-0.030	0.141	-0.18	0.24	-0.85	2.01	0.24	-1.42	52502	-0.010	-0.029	0.394	-0.013	-0.035	6.640
6.108	-0.001	-0.033	0.143	-0.05	0.16	-0.86	3.68	0.83	-1.35	52320	-0.010	-0.030	0.397	-0.013	-0.035	6.620
6.119	-0.001	-0.033	0.145	-0.00	0.14	-0.88	5.61	1.57	-0.97	52152	-0.010	-0.030	0.400	-0.012	-0.035	6.601
6.127	-0.001	-0.033	0.147	0.05	0.15	-0.88	6.43	0.49	-0.39	51972	-0.009	-0.030	0.403	-0.012	-0.035	6.582
6.140	-0.001	-0.033	0.150	0.09	0.16	-0.89	5.66	-1.13	-0.67	51788	-0.009	-0.031	0.407	-0.011	-0.036	6.562
6.150	-0.000	-0.033	0.152	0.14	0.17	-0.89	3.16	-0.57	-0.50	51554	-0.009	-0.031	0.410	-0.011	-0.036	6.542
6.160	-0.000	-0.032	0.154	0.13	0.17	-0.90	-0.54	-1.44	-0.17	51345	-0.008	-0.031	0.413	-0.010	-0.036	6.523
6.166	-0.001	-0.032	0.157	0.12	0.21	-0.90	-2.46	-1.85	0.31	51139	-0.008	-0.031	0.417	-0.010	-0.036	6.503
6.180	-0.000	-0.032	0.159	0.07	0.23	-0.89	-5.06	-2.87	0.32	50940	-0.008	-0.031	0.420	-0.010	-0.036	6.483
6.189	0.000	-0.033	0.161	0.01	0.25	-0.89	-7.58	-1.75	0.89	50737	-0.007	-0.032	0.423	-0.009	-0.036	6.463
6.200	0.000	-0.033	0.164	-0.08	0.27	-0.88	-8.58	-1.66	0.55	50691	-0.007	-0.032	0.427	-0.009	-0.036	6.443
6.208	0.000	-0.036	0.166	-0.07	0.29	-0.88	-8.97	-0.95	0.11	50469	-0.007	-0.032	0.430	-0.009	-0.036	6.423
6.220	0.000	-0.036	0.169	-0.15	0.30	-0.88	-8.36	-0.12	-0.18	50251	-0.006	-0.033	0.433	-0.008	-0.036	6.403
6.225	-0.000	-0.036	0.173	-0.27	0.33	-0.88	-7.85	0.49	-0.33	50030	-0.006	-0.033	0.437	-0.008	-0.036	6.383
6.239	-0.002	-0.033	0.176	-0.43	0.38	-0.88	-7.71	1.09	-0.80	49585	-0.006	-0.033	0.440	-0.008	-0.036	6.363
6.247	0.001	-0.036	0.179	-0.41	0.29	-0.90	-6.38	1.01	-0.96	49362	-0.006	-0.034	0.444	-0.007	-0.037	6.343
6.258	0.001	-0.036	0.182	-0.47	0.28	-0.91	-4.83	1.47	-1.07	49139	-0.006	-0.034	0.447	-0.007	-0.037	6.323
6.268	0.000	-0.036	0.185	-0.53	0.27	-0.92	-2.98	2.37	-1.07	48918	-0.005	-0.034	0.451	-0.007	-0.037	6.303
6.280	0.004	-0.033	0.189	-0.64	0.13	-0.93	-2.09	2.76	-0.91	50795	-0.005	-0.034	0.455	-0.006	-0.037	6.283
6.289	0.005	-0.033	0.192	-0.65	0.11	-0.94	0.75	2.64	-1.46	50449	-0.004	-0.034	0.458	-0.006	-0.037	6.263
6.297	0.005	-0.032	0.195	-0.66	0.09	-0.96	1.54	2.12	-1.43	50253	-0.003	-0.034	0.462	-0.005	-0.037	6.242
6.308	0.004	-0.032	0.198	-0.63	0.09	-0.97	3.31	0.66	-1.59	50044	-0.003	-0.034	0.466	-0.005	-0.037	6.222
6.317	0.006	-0.032	0.202	-0.59	0.05	-0.99	4.89	-0.42	-1.48	49830	-0.002	-0.033	0.469	-0.005	-0.036	6.202
6.327	0.005	-0.032	0.205	-0.54	0.09	-1.00	5.23	-0.59	-1.21	49578	-0.002	-0.033	0.473	-0.004	-0.036	6.181
6.339	0.005	-0.032	0.209	-0.49	0.11	-1.01	5.79	-2.10	-1.05	49376	-0.001	-0.033	0.477	-0.004	-0.036	6.161
6.350	0.005	-0.031	0.212	-0.43	0.13	-1.02	5.56	-2.55	-0.94	49178	-0.001	-0.033	0.481	-0.004	-0.036	6.141
6.360	0.006	-0.032	0.217	-0.38	0.14	-1.03	4.21	-3.00	-1.07	48976	-0.001	-0.033	0.485	-0.003	-0.036	6.120
6.369	0.006	-0.032	0.221	-0.32	0.18	-1.04	3.47	-3.23	-1.15	48517	-0.000	-0.033	0.489	-0.003	-0.036	6.100
6.380	0.004	-0.032	0.224	-0.29	0.28	-1.05	3.28	-3.28	-1.28	48309	0.000	-0.032	0.493	-0.003	-0.036	6.080
6.389	0.002	-0.030	0.228	-0.30	0.36	-1.06	2.60	-2.65	-2.07	48115	-0.000	-0.032	0.497	-0.003	-0.036	6.059
6.397	0.001	-0.031	0.231	-0.25	0.42	-1.09	1.48	-1.33	-2.60	47933	-0.000	-0.032	0.500	-0.003	-0.036	6.039
6.409	0.001	-0.031	0.235	-0.24	0.43	-1.11	0.52	-0.26	-1.67	47753	-0.001	-0.032	0.504	-0.003	-0.036	6.019
6.420	0.001	-0.031	0.239	-0.23	0.42	-1.12	-0.13	1.34	-1.26	47615	-0.001	-0.032	0.508	-0.002	-0.036	5.998
6.425	0.001	-0.031	0.242	-0.24	0.39	-1.14	-0.03	3.94	-1.63	47459	-0.001	-0.032	0.512	-0.002	-0.036	5.978
6.439	0.002	-0.031	0.246	-0.23	0.33	-1.15	0.10	4.38	-1.65	47302	-0.001	-0.031	0.515	-0.002	-0.036	5.957
6.448	0.002	-0.031	0.247	-0.22	0.28	-1.17	0.59	4.92	-1.19	47408	-0.001	-0.031	0.519	-0.002	-0.036	5.937
6.460	0.002	-0.032	0.251	-0.18	0.21	-1.18	1.36	5.96	-1.18	47265	-0.001	-0.031	0.522	-0.002	-0.036	5.916
6.470	0.001	-0.033	0.254	-0.15	0.18	-1.19	2.65	6.24	-1.28	47131	-0.001	-0.032	0.525	-0.002	-0.036	5.896
6.478	-0.000	-0.033	0.258	-0.12	0.14	-1.21	3.43	7.26	-1.10	49125	-0.001	-0.032	0.528	-0.002	-0.036	5.875
6.485	-0.001	-0.033	0.261	-0.08	0.07	-1.22	3.66	7.14	-1.14	49125	-0.001	-0.032	0.532	-0.002	-0.036	5.855
6.498	-0.001	-0.033	0.266	-0.04	0.01	-1.23	2.86	6.77	-1.07	48819	-0.002	-0.032	0.535	-0.002	-0.036	5.834
6.509	-0.001	-0.033	0.269	-0.02	-0.06	-1.24	3.35	5.89	-1.03	48708	-0.002	-0.032	0.539	-0.002	-0.036	5.814
6.519	-0.002	-0.033	0.273	0.01	-0.08	-1.25	2.37	4.04	-0.78	48597	-0.002	-0.032	0.542	-0.002	-0.036	5.793
6.527	-0.004	-0.033	0.276	0.04	-0.10	-1.25	2.40	3.30	-1.07	48487	-0.003	-0.032	0.546	-0.002	-0.036	5.773
6.540	-0.003	-0.033	0.275	0.06	-0.13	-1.26	2.00	2.73	-0.71	49182	-0.003	-0.032	0.548	-0.002	-0.036	5.752
6.549	-0.003	-0.033	0.279	0.08	-0.17	-1.27	1.62	2.68	-1.21	49079	-0.003	-0.032	0.551	-0.002	-0.036	5.731
6.559	-0.003	-0.033	0.282	0.09	-0.20	-1.28	0.32	1.17	-0.25	48966	-0.004	-0.032	0.554	-0.002	-0.036	5.711
6.569	-0.003	-0.033	0.285	0.09	-0.20	-1.28	-2.29	0.97	-0.55	48858	-0.004	-0.032	0.557	-0.002	-0.036	5.690
6.581	-0.003	-0.031	0.286	0.03	-0.22	-1.29	-3.31	2.24	-1.22	49227	-0.004	-0.032	0.560	-0.002	-0.036	5.669
6.585	-0.002	-0.031	0.289	0.00	-0.27	-1.30	-3.50	2.56	-0.82	49119	-0.004	-0.032	0.563	-0.001	-0.036	5.649
6.600	-0.004	-0.031	0.292	-0.03	-0.27	-1.31	-4.26	3.06	-0.79	49007	-0.004	-0.032	0.565	-0.001	-0.036	5.628
6.611	-0.002	-0.033	0.295	-0.05	-0.32	-1.32	-4.06	2.64	-0.93	48894	-0.005	-0.032	0.568	-0.001	-0.036	5.607
6.620	-0.003	-0.033	0.299	-0.09	-0.33	-1.33	-3.66	3.50	-0.92	48767	-0.005	-0.032	0.571	-0.001	-0.036	5.586
6.627	-0.003	-0.033	0.300	-0.12	-0.37	-1.33	-2.05	3.56	-0.54	48877	-0.005	-0.032	0.574	-0.001	-0.036	5.566
6.639	-0.003	-0.032	0.303	-0.14	-0.41	-1.34	-1.55	4.12	-0.97	48752	-0.005	-0.032	0.576	-0.001	-0.036	5.545
6.650	-0.005	-0.033	0.306	-0.14	-0.42	-1.35	0.56	2.85	-0.41	48633	-0.005	-0.033	0.579	-0.001	-0.036	5.524
6.658	-0.005	-0.032	0.310	-0.15	-0.45	-1.35	1.83	3.01	-0.70	48514	-0.006	-0.032	0.582	-0.001	-0.036	5.504
6.670	-0.005	-0.031	0.319	-0.14	-0.48	-1.36	3.16	1.85	-0.75	47231	-0.006	-0.032	0.586	-0.001	-0.036	5.484
6.678	-0.004	-0.030	0.323	-0.13	-0.51	-1.37	3.41	2.00	-0.87	49135	-0.006	-0.032	0.589	-0.001	-0.036	5.463
6.685	-0.003	-0.033	0.326	-0.03	-0.55	-1.38	4.19	0.73	-0.77	48999	-0.006	-0.032	0.593	-0.001	-0.036	5.443
6.700	-0.005	-0.031	0.329	-0.03	-0.53	-1.38	3.88	1.46	-0.89	48874	-0.006	-0.032	0.597	-0.001	-0.036	5.423
6.708	-0.005	-0.028	0.333	-0.03	-0.54	-1.39	3.87	-0.50	-0.78	49015	-0.006	-0.032	0.600	-0.001	-0.036	5.402
6.719	-0.004	-0.030	0.335	0.03	-0.55	-1.40	3.26	-0.79	-0.55	49108	-0.007	-0.031	0.604	-0.000	-0.036	5.382
6.732	-0.001	-0.030	0.339	0.06	-0.59	-1.41	1.66	-0.52	-1.09	48997	-0.006	-0.031	0.607	-0.000	-0.036	5.362
6.736	-0.005	-0.030	0.342	0.07	-0.51	-1.41	1.53	-0.93	-0.46	48878	-0.007	-0.031	0.610	-0.000	-0.036	5.341
6.749	-0.001	-0.018	0.345	-0.11	-0.57	-1.42	0.23	-0.40	-0.38	48744	-0.006	-0.030	0.613	0.000	-0.035	5.321
6.760	-0.000	-0.018	0.351	-0.10	-0.57	-1.42	0.37	-0.77	0.26	48198	-0.006	-0.028	0.617	0.000	-0.034	5.301
6.768	0.000	-0.018	0.354	-0.09	-0.57	-1.42	2.12	-1.48	0.41	48062	-0.006	-0.027	0.621	0.001	-0.034	5.281
6.780	0.000	-0.017	0.358	-0.07	-0.56	-1.41	2.83	-1.01	0.54	47922	-0.005	-0.026	0.624	0.001	-0.034	5.261
6.788	0.000	-0.017	0.361	-0.03	-0.54	-1.41	4.60	-2.34	0.52	47772	-0.005	-0.025	0.628	0.001	-0.033	5.240
6.799	0.002	-0.016	0.366	0.01	-0.54	-1.40	6.89	-3.18	0.67	47473	-0.004	-0.024	0.631	0.002	-0.033	5.220
6.810	0.002	-0.016	0.369	0.10	-0.50	-1.40	8.61	-3.53	0.51	47331	-0.004	-0.023	0.634	0.002	-0.032	5.200
6.821	0.002	-0.016	0.373	0.19	-0.46	-1.39	10.47	-4.14	0.40	47199	-0.004	-0.022	0.638	0.002	-0.032	5.180
6.829	0.002	-0.015	0.376	0.31	-0.42	-1.39	11.70	-4.82	0.75	47086	-0.003	-0.021	0.641	0.002	-0.032	5.160
6.840	0.003	-0.016	0.380	0.44	-0.37	-1.38	10.55	-6.41	0.39	46966	-0.003	-0.020	0.644	0.003	-0.032	5.140
6.849	0.002	-0.015	0.387	0.53	-0.30	-1.37	8.67	-5.70	0.67	46267	-0.003	-0.020	0.648	0.003	-0.031	5.120
6.858	0.002	-0.016	0.390	0.63	-0.24	-1.37	7.32	-5.83	1.13	46142	-0.002	-0.019	0.652	0.003	-0.031	5.100
6.870	0.002	-0.016	0.394	0.70	-0.17	-1.35	4.74	-5.05	1.10	46021	-0.002	-0.019	0.655	0.003	-0.031	5.080
6.878	0.002	-0.016	0.398	0.76	-0.11	-1.34	2.91	-4.78	1.61	45911	-0.002	-0.018	0.658	0.004	-0.031	5.061
6.890	0.003	-0.016	0.404	0.79	-0.08	-1.33	1.49	-4.57	1.66	45292	-0.002	-0.018	0.662	0.004	-0.031	5.041
6.894	0.002	-0.016	0.408	0.80	-0.01	-1.31	0.01	-4.17	1.71	45175	-0.002	-0.018	0.666	0.004	-0.031	5.021
6.910	0.002	-0.016	0.412	0.80	0.03	-1.29	-1.70	-3.89	1.57	45073	-0.002	-0.018	0.669	0.004	-0.031	5.002
6.919	0.001	-0.001	0.416	0.57	0.08	-1.27	-3.22	-2.57	2.15	45087	-0.002	-0.016	0.673	0.004	-0.030	4.982
6.928	0.001	-0.001	0.419	0.54	0.10	-1.25	-3.42	-2.24	1.91	44999	-0.002	-0.014	0.676	0.004	-0.029	4.963
6.936	0.001	-0.000	0.423	0.50	0.12	-1.24	-4.23	-0.64	1.07	44871	-0.002	-0.012	0.679	0.005	-0.029	4.944
6.948	0.001	0.001	0.427	0.47	0.13	-1.22	-1.92	-0.86	1.59	44796	-0.002	-0.011	0.682	0.005	-0.028	4.924
6.954	0.002	0.000	0.430	0.47	0.13	-1.21	-0.06	-0.54	2.25	44725	-0.001	-0.009	0.685	0.005	-0.028	4.905
6.968	0.002	0.000	0.434	0.49	0.12	-1.19	2.35	0.51	2.45	44661	-0.001	-0.008	0.688	0.005	-0.027	4.886
6.979	0.004	-0.000	0.439	0.54	0.10	-1.16	5.04	1.34	2.63	44303	-0.001	-0.007	0.691	0.005	-0.027	4.866
6.987	0.004	0.000	0.442	0.60	0.08	-1.13	7.08	1.46	3.18	44250	-0.001	-0.006	0.694	0.005	-0.027	4.847
6.998	0.004	0.001	0.446	0.67	0.07	-1.10	8.76	1.39	3.24	44190	-0.000	-0.005	0.697	0.006	-0.026	4.828
7.003	0.004	0.002	0.449	0.76	0.05	-1.07	9.75	1.97	3.10	44164	-0.000	-0.004	0.700	0.006	-0.026	4.809
7.021	0.005	0.001	0.452	0.87	0.03	-1.04	10.74	0.48	3.58	44298	0.000	-0.004	0.702	0.006	-0.026	4.790
7.028	0.005	0.002	0.455	0.97	0.03	-1.00	9.69	0.66	3.14	44277	0.001	-0.003	0.705	0.006	-0.025	4.771
7.037	0.005	0.002	0.458	1.07	0.02	-0.97	9.21	0.66	3.29	44259	0.001	-0.002	0.707	0.007	-0.025	4.752
7.045	0.005	0.002	0.461	1.15	0.01	-0.94	7.86	-0.12	2.79	44250	0.001	-0.002	0.709	0.007	-0.025	4.734
7.061	0.006	0.004	0.464	1.20	0.02	-0.91	5.59	-0.28	2.82	44243	0.002	-0.001	0.711	0.007	-0.025	4.715
7.067	0.006	0.003	0.466	1.27	0.02	-0.89	3.17	-0.84	2.43	44417	0.002	-0.001	0.713	0.007	-0.025	4.696
7.078	0.006	0.003	0.469	1.30	0.03	-0.86	0.22	-0.85	2.45	44445	0.002	-0.000	0.715	0.007	-0.024	4.677
7.088	0.007	0.003	0.472	1.29	0.04	-0.84	-2.23	-1.32	2.09	44481	0.003	0.000	0.717	0.008	-0.024	4.659
7.096	0.006	0.001	0.474	1.28	0.07	-0.83	-3.94	-1.33	1.90	44502	0.003	0.000	0.719	0.008	-0.024	4.640
7.109	0.006	0.001	0.475	1.28	0.07	-0.83	-4.71	-1.71	1.53	44489	0.003	0.000	0.720	0.008	-0.024	4.622
7.121	0.005	-0.004	0.477	1.30	0.10	-0.81	-6.32	-1.75	1.54	44522	0.003	-0.001	0.722	0.008	-0.024	4.603
7.129	0.005	-0.002	0.482	1.16	0.13	-0.78	-6.73	-1.72	1.01	44541	0.003	-0.001	0.724	0.008	-0.025	4.585
7.138	0.005	-0.003	0.482	1.17	0.13	-0.78	-6.45	-1.90	0.98	44563	0.003	-0.001	0.725	0.008	-0.025	4.566
7.146	0.006	-0.003	0.487	1.04	0.17	-0.76	-7.07	-2.02	1.10	44602	0.003	-0.002	0.727	0.008	-0.025	4.548
7.159	0.005	-0.007	0.488	1.08	0.17	-0.76	-6.83	-0.04	0.61	44499	0.003	-0.002	0.728	0.008	-0.025	4.530
7.170	0.005	-0.004	0.490	0.98	0.18	-0.75	-6.47	-0.32	0.56	44533	0.004	-0.003	0.730	0.009	-0.025	4.512
7.179	0.005	-0.010	0.493	0.98	0.18	-0.75	-5.99	0.80	0.31	44581	0.004	-0.004	0.731	0.009	-0.025	4.494
7.187	0.005	-0.010	0.495	0.92	0.18	-0.75	-6.01	0.48	0.49	44615	0.004	-0.005	0.732	0.009	-0.026	4.476
7.196	0.006	-0.010	0.498	0.86	0.17	-0.74	-5.64	0.57	0.43	44601	0.004	-0.006	0.733	0.009	-0.026	4.458
7.209	0.007	-0.010	0.502	0.74	0.15	-0.74	-5.75	0.11	0.38	44650	0.004	-0.007	0.735	0.009	-0.026	4.440
7.220	0.007	-0.009	0.502	0.73	0.15	-0.74	-5.55	-0.29	1.15	44693	0.004	-0.007	0.736	0.009	-0.026	4.422
7.230	0.008	-0.010	0.504	0.68	0.14	-0.73	-5.83	-1.14	1.20	44730	0.005	-0.008	0.737	0.009	-0.026	4.405
7.239	0.008	-0.013	0.507	0.65	0.15	-0.72	-6.26	-0.96	0.81	44541	0.005	-0.009	0.739	0.009	-0.026	4.387
7.244	0.009	-0.012	0.509	0.58	0.15	-0.71	-5.45	-1.15	0.23	44588	0.005	-0.010	0.740	0.010	-0.026	4.370
7.259	0.010	-0.012	0.511	0.51	0.15	-0.71	-4.68	-1.59	0.55	44622	0.006	-0.010	0.741	0.010	-0.027	4.352
7.268	0.009	-0.014	0.513	0.48	0.17	-0.70	-4.31	-1.67	0.75	44684	0.006	-0.011	0.742	0.010	-0.027	4.335
7.280	0.009	-0.014	0.515	0.43	0.18	-0.69	-4.65	-2.63	0.94	44739	0.007	-0.012	0.743	0.010	-0.027	4.317
7.289	0.010	-0.015	0.515	0.39	0.20	-0.68	-4.38	-2.46	0.95	44985	0.007	-0.013	0.744	0.010	-0.027	4.300
7.297	0.009	-0.015	0.517	0.34	0.22	-0.67	-4.98	-2.35	1.00	45053	0.007	-0.013	0.745	0.010	-0.027	4.283
7.305	0.013	-0.013	0.519	0.27	0.21	-0.66	-5.35	-2.18	1.08	45135	0.008	-0.014	0.746	0.011	-0.027	4.266
7.319	0.014	-0.013	0.520	0.21	0.22	-0.66	-5.59	-1.16	1.15	45206	0.009	-0.014	0.746	0.011	-0.027	4.248
7.331	0.014	-0.016	0.521	0.18	0.24	-0.64	-5.61	-0.20	1.61	45478	0.009	-0.015	0.747	0.011	-0.027	4.231
7.337	0.015	-0.018	0.522	0.14	0.24	-0.63	-6.35	-0.41	1.75	45558	0.010	-0.016	0.747	0.011	-0.027	4.214
7.347	0.016	-0.018	0.523	0.07	0.24	-0.61	-6.21	1.03	1.22	45618	0.011	-0.016	0.748	0.012	-0.027	4.197
7.356	0.016	-0.018	0.524	0.01	0.23	-0.60	-6.30	0.84	1.21	45690	0.011	-0.017	0.748	0.012	-0.027	4.180
7.368	0.017	-0.019	0.526	-0.05	0.23	-0.59	-6.91	0.95	1.06	45769	0.012	-0.018	0.748	0.012	-0.027	4.163
7.380	0.021	-0.018	0.525	-0.13	0.18	-0.58	-6.56	1.49	0.90	46204	0.013	-0.018	0.749	0.013	-0.027	4.146
7.389	0.020	-0.023	0.526	-0.15	0.18	-0.57	-6.42	1.66	1.06	46277	0.014	-0.019	0.749	0.013	-0.028	4.129
7.397	0.021	-0.019	0.527	-0.25	0.16	-0.56	-5.82	0.69	1.30	46353	0.015	-0.020	0.749	0.013	-0.027	4.113
7.409	0.020	-0.023	0.528	-0.28	0.16	-0.55	-4.47	0.83	1.04	46422	0.016	-0.021	0.749	0.013	-0.028	4.096
7.418	0.021	-0.023	0.529	-0.34	0.14	-0.54	-4.60	0.71	0.66	46285	0.016	-0.021	0.749	0.014	-0.028	4.079
7.429	0.022	-0.023	0.530	-0.38	0.12	-0.53	-3.49	-0.03	0.63	46345	0.017	-0.022	0.749	0.014	-0.028	4.063
7.440	0.022	-0.025	0.531	-0.41	0.12	-0.52	-3.11	-0.96	1.25	46408	0.018	-0.023	0.749	0.014	-0.028	4.046
7.446	0.022	-0.025	0.532	-0.44	0.12	-0.51	-2.59	-1.58	1.51	46460	0.019	-0.024	0.750	0.014	-0.028	4.030
7.457	0.023	-0.024	0.532	-0.49	0.12	-0.50	-2.11	-1.67	0.69	46711	0.019	-0.024	0.749	0.015	-0.028	4.013
7.465	0.024	-0.024	0.532	-0.52	0.15	-0.49	-2.08	-3.43	1.38	46769	0.020	-0.025	0.749	0.015	-0.028	3.997
7.478	0.026	-0.024	0.533	-0.54	0.16	-0.47	-1.08	-4.78	1.87	46811	0.021	-0.025	0.749	0.015	-0.028	3.980
7.490	0.026	-0.024	0.534	-0.56	0.20	-0.46	-1.10	-5.24	1.86	46856	0.022	-0.025	0.749	0.015	-0.028	3.964
7.497	0.031	-0.028	0.534	-0.53	0.21	-0.44	-0.20	-4.12	0.78	46913	0.023	-0.026	0.749	0.016	-0.028	3.947
7.509	0.031	-0.029	0.535	-0.54	0.26	-0.43	0.24	-4.28	1.15	46866	0.024	-0.027	0.749	0.016	-0.028	3.931
7.519	0.032	-0.029	0.536	-0.54	0.30	-0.42	0.08	-4.42	1.15	46908	0.025	-0.028	0.749	0.016	-0.028	3.915
7.528	0.032	-0.030	0.536	-0.54	0.34	-0.41	-0.11	-4.91	2.81	46963	0.026	-0.028	0.749	0.017	-0.028	3.899
7.540	0.034	-0.030	0.537	-0.54	0.38	-0.39	-1.21	-3.52	1.36	47012	0.028	-0.029	0.749	0.017	-0.028	3.883
7.547	0.035	-0.030	0.537	-0.55	0.42	-0.37	-2.10	-3.71	2.00	47126	0.029	-0.030	0.749	0.017	-0.028	3.867
7.556	0.036	-0.029	0.537	-0.56	0.46	-0.35	-3.06	-3.78	1.46	47160	0.030	-0.030	0.749	0.018	-0.028	3.851
7.563	0.036	-0.030	0.538	-0.59	0.50	-0.33	-3.68	-3.20	1.40	47201	0.031	-0.030	0.748	0.018	-0.028	3.835
7.582	0.036	-0.030	0.538	-0.62	0.53	-0.32	-3.20	-1.45	1.93	47232	0.032	-0.031	0.748	0.018	-0.028	3.819
7.589	0.037	-0.030	0.538	-0.66	0.55	-0.30	-3.84	-2.21	1.63	47252	0.033	-0.031	0.748	0.018	-0.028	3.803
7.595	0.040	-0.029	0.539	-0.70	0.55	-0.28	-4.07	-0.63	2.24	47251	0.034	-0.031	0.748	0.019	-0.028	3.787
7.604	0.039	-0.025	0.539	-0.77	0.57	-0.26	-2.65	0.79	1.76	47274	0.035	-0.031	0.748	0.019	-0.028	3.771
7.620	0.038	-0.027	0.540	-0.79	0.59	-0.24	-1.45	0.97	1.94	47286	0.036	-0.031	0.747	0.019	-0.027	3.755
7.628	0.042	-0.035	0.540	-0.75	0.55	-0.22	-1.56	1.25	1.93	47295	0.037	-0.032	0.747	0.019	-0.028	3.740
7.628	0.042	-0.028	0.539	-0.82	0.54	-0.20	0.88	0.25	1.74	47551	0.038	-0.032	0.747	0.019	-0.027	3.724
7.647	0.042	-0.033	0.539	-0.78	0.54	-0.19	3.13	0.56	1.21	47583	0.039	-0.032	0.746	0.020	-0.027	3.708
7.655	0.047	-0.031	0.539	-0.78	0.49	-0.17	2.88	0.77	1.13	47591	0.040	-0.032	0.746	0.020	-0.027	3.692
7.668	0.047	-0.029	0.540	-0.77	0.49	-0.16	3.14	-0.92	1.60	47603	0.042	-0.032	0.745	0.020	-0.027	3.677
7.678	0.047	-0.031	0.541	-0.74	0.49	-0.15	4.15	-0.97	0.98	47641	0.043	-0.032	0.745	0.020	-0.027	3.661
7.688	0.047	-0.031	0.541	-0.70	0.50	-0.14	5.70	-3.15	0.92	47520	0.044	-0.033	0.745	0.021	-0.027	3.646
7.699	0.050	-0.031	0.541	-0.65	0.51	-0.13	4.52	-2.83	0.59	47538	0.045	-0.033	0.744	0.021	-0.027	3.631
7.708	0.049	-0.026	0.541	-0.64	0.54	-0.12	3.19	-4.63	1.07	47555	0.046	-0.032	0.744	0.021	-0.027	3.615
7.716	0.053	-0.029	0.542	-0.58	0.56	-0.11	2.59	-4.11	1.22	47566	0.047	-0.032	0.744	0.021	-0.027	3.600
7.728	0.053	-0.030	0.543	-0.54	0.59	-0.10	1.83	-3.21	1.10	47413	0.049	-0.032	0.744	0.021	-0.026	3.585
7.739	0.054	-0.030	0.543	-0.52	0.63	-0.09	0.16	-3.49	1.40	47414	0.050	-0.032	0.743	0.022	-0.026	3.569
7.747	0.054	-0.030	0.543	-0.51	0.66	-0.07	-0.20	-1.30	1.32	47410	0.051	-0.032	0.743	0.022	-0.026	3.554
7.757	0.055	-0.030	0.543	-0.51	0.69	-0.06	0.09	-0.68	1.23	47421	0.052	-0.032	0.743	0.022	-0.026	3.539
7.766	0.056	-0.033	0.545	-0.49	0.68	-0.05	1.00	-0.33	1.38	47181	0.053	-0.032	0.743	0.022	-0.026	3.524
7.773	0.057	-0.029	0.545	-0.51	0.68	-0.03	0.92	0.41	1.24	47163	0.054	-0.032	0.743	0.022	-0.026	3.509
7.788	0.057	-0.028	0.546	-0.51	0.68	-0.01	3.87	-0.49	1.16	47152	0.055	-0.032	0.742	0.022	-0.026	3.494
7.798	0.058	-0.028	0.546	-0.48	0.68	-0.00	3.89	-1.08	1.05	47156	0.056	-0.032	0.742	0.022	-0.026	3.479
7.806	0.059	-0.027	0.546	-0.45	0.68	0.01	4.91	0.24	1.28	47146	0.057	-0.031	0.742	0.023	-0.025	3.464
7.819	0.060	-0.027	0.547	-0.41	0.68	0.02	5.39	-1.91	1.16	47028	0.058	-0.031	0.742	0.023	-0.025	3.450
7.828	0.061	-0.025	0.547	-0.37	0.69	0.03	5.50	-0.73	0.79	47041	0.059	-0.030	0.742	0.023	-0.025	3.435
7.839	0.061	-0.027	0.548	-0.30	0.71	0.04	6.89	-1.57	1.27	47054	0.060	-0.030	0.742	0.023	-0.025	3.420
7.852	0.062	-0.021	0.548	-0.28	0.72	0.05	6.57	-1.84	1.21	47052	0.061	-0.029	0.741	0.023	-0.024	3.406
7.857	0.066	-0.023	0.548	-0.20	0.71	0.07	5.77	-0.41	1.39	47159	0.062	-0.029	0.741	0.023	-0.024	3.391
7.869	0.067	-0.024	0.548	-0.13	0.72	0.08	6.22	-1.28	1.81	47163	0.064	-0.028	0.741	0.023	-0.024	3.376
7.880	0.067	-0.024	0.548	-0.07	0.73	0.10	4.19	-0.20	2.18	47170	0.065	-0.028	0.740	0.023	-0.024	3.362
7.888	0.068	-0.024	0.549	-0.02	0.73	0.12	3.92	1.32	2.28	47163	0.066	-0.027	0.740	0.023	-0.023	3.347
7.899	0.068	-0.023	0.549	0.03	0.73	0.14	5.31	0.70	2.67	47151	0.067	-0.027	0.739	0.023	-0.023	3.333
7.907	0.070	-0.030	0.549	0.12	0.71	0.16	2.93	-0.00	2.24	47158	0.068	-0.027	0.739	0.023	-0.023	3.318
7.918	0.069	-0.020	0.550	0.09	0.71	0.19	3.57	0.58	2.44	47170	0.069	-0.027	0.739	0.023	-0.023	3.304
7.928	0.069	-0.023	0.550	0.15	0.70	0.21	2.93	0.77	2.66	47158	0.070	-0.026	0.738	0.023	-0.023	3.290
7.937	0.074	-0.022	0.550	0.17	0.67	0.24	2.16	0.06	2.52	47152	0.071	-0.026	0.738	0.024	-0.023	3.276
7.949	0.074	-0.022	0.549	0.20	0.66	0.26	3.44	-0.20	2.98	47334	0.073	-0.026	0.737	0.024	-0.022	3.261
7.959	0.075	-0.022	0.550	0.22	0.67	0.29	2.60	-0.81	3.25	47357	0.074	-0.025	0.737	0.024	-0.022	3.247
7.969	0.074	-0.021	0.550	0.24	0.68	0.32	2.76	-1.42	3.51	47369	0.075	-0.025	0.736	0.024	-0.022	3.233
7.978	0.074	-0.020	0.550	0.26	0.70	0.35	2.26	-1.57	3.50	47372	0.076	-0.024	0.736	0.024	-0.022	3.219
7.990	0.074	-0.017	0.549	0.27	0.71	0.39	3.09	-1.55	4.07	47600	0.076	-0.024	0.735	0.023	-0.021	3.205
7.998	0.074	-0.017	0.549	0.29	0.72	0.43	3.45	-2.71	4.45	47612	0.077	-0.023	0.734	0.023	-0.021	3.191
8.008	0.074	-0.016	0.549	0.32	0.75	0.47	2.94	-1.85	4.50	47612	0.078	-0.022	0.734	0.023	-0.021	3.177
8.017	0.075	-0.016	0.549	0.36	0.77	0.52	3.62	-1.50	4.87	47615	0.078	-0.021	0.733	0.023	-0.021	3.163
8.028	0.078	-0.018	0.549	0.41	0.76	0.56	3.13	-0.19	4.99	47624	0.079	-0.021	0.732	0.023	-0.020	3.149
8.039	0.076	-0.016	0.550	0.42	0.78	0.61	3.40	0.94	5.25	47501	0.080	-0.021	0.732	0.023	-0.020	3.135
8.050	0.076	-0.014	0.550	0.44	0.78	0.67	4.26	1.19	5.00	47489	0.080	-0.020	0.731	0.023	-0.020	3.121
8.060	0.078	-0.020	0.550	0.52	0.76	0.71	3.08	1.47	4.36	47485	0.081	-0.020	0.731	0.022	-0.020	3.108
8.067	0.078	-0.020	0.550	0.55	0.75	0.76	3.88	1.44	4.62	47496	0.082	-0.020	0.730	0.022	-0.020	3.094
8.077	0.080	-0.020	0.551	0.59	0.72	0.80	2.80	1.63	4.79	47392	0.082	-0.020	0.730	0.022	-0.020	3.081
8.089	0.079	-0.014	0.551	0.58	0.72	0.85	0.55	1.87	4.78	47378	0.083	-0.020	0.730	0.022	-0.020	3.067
8.098	0.081	-0.020	0.551	0.64	0.69	0.90	0.19	2.72	5.13	47376	0.084	-0.020	0.729	0.022	-0.020	3.054
8.109	0.079	-0.016	0.552	0.61	0.67	0.95	-2.00	2.87	5.10	47380	0.084	-0.019	0.729	0.021	-0.019	3.040
8.117	0.081	-0.020	0.550	0.63	0.64	1.00	-3.03	2.31	5.12	47639	0.085	-0.020	0.728	0.021	-0.019	3.027
8.129	0.081	-0.020	0.550	0.61	0.61	1.05	-4.19	2.21	4.88	47637	0.085	-0.020	0.727	0.021	-0.019	3.013
8.138	0.081	-0.020	0.551	0.58	0.59	1.10	-4.37	1.96	4.87	47652	0.086	-0.020	0.727	0.021	-0.019	3.000
8.147	0.082	-0.020	0.551	0.54	0.57	1.15	-4.79	1.01	4.88	47653	0.086	-0.020	0.726	0.021	-0.019	2.987
8.159	0.082	-0.020	0.551	0.49	0.56	1.20	-4.17	-0.16	5.12	47643	0.087	-0.020	0.725	0.020	-0.019	2.973
8.168	0.082	-0.020	0.551	0.45	0.57	1.25	-3.20	1.02	4.66	47553	0.087	-0.021	0.725	0.020	-0.019	2.960
8.177	0.082	-0.020	0.551	0.42	0.56	1.30	-2.86	0.42	4.78	47547	0.088	-0.021	0.724	0.020	-0.019	2.947
8.187	0.082	-0.020	0.552	0.38	0.55	1.35	-2.12	0.24	4.83	47533	0.088	-0.021	0.724	0.019	-0.019	2.934
8.198	0.082	-0.020	0.552	0.36	0.55	1.40	-1.23	1.43	4.64	47527	0.088	-0.021	0.723	0.019	-0.019	2.921
8.208	0.082	-0.020	0.551	0.34	0.54	1.44	-0.99	1.49	4.44	47578	0.089	-0.021	0.723	0.019	-0.019	2.908
8.218	0.083	-0.020	0.552	0.33	0.53	1.49	0.43	1.08	4.75	47578	0.089	-0.021	0.722	0.018	-0.019	2.895
8.223	0.087	-0.020	0.552	0.32	0.49	1.53	0.51	2.06	4.77	47570	0.090	-0.021	0.722	0.018	-0.019	2.882
8.239	0.081	-0.018	0.552	0.31	0.50	1.58	-0.56	2.16	5.08	47575	0.090	-0.021	0.721	0.018	-0.019	2.869
8.247	0.083	-0.020	0.552	0.32	0.47	1.63	0.35	2.34	4.60	47574	0.090	-0.021	0.721	0.018	-0.019	2.856
8.259	0.086	-0.020	0.551	0.32	0.43	1.68	-0.64	1.54	4.73	47785	0.091	-0.022	0.720	0.017	-0.019	2.844
8.267	0.086	-0.020	0.551	0.32	0.42	1.72	-0.40	2.24	4.25	47785	0.091	-0.022	0.719	0.017	-0.019	2.831
8.276	0.086	-0.024	0.551	0.34	0.40	1.77	-0.59	2.63	3.87	47780	0.091	-0.022	0.719	0.017	-0.019	2.818
8.285	0.083	-0.024	0.551	0.33	0.40	1.81	-0.37	1.52	3.74	47775	0.091	-0.023	0.718	0.016	-0.019	2.805
8.299	0.083	-0.026	0.553	0.33	0.37	1.84	-0.99	2.05	3.13	47494	0.091	-0.023	0.718	0.016	-0.019	2.793
8.309	0.081	-0.023	0.553	0.31	0.37	1.88	-1.86	1.14	2.84	47478	0.091	-0.024	0.717	0.015	-0.019	2.780
8.318	0.081	-0.025	0.553	0.31	0.35	1.91	-2.67	1.28	2.59	47458	0.091	-0.024	0.717	0.015	-0.019	2.768
8.329	0.081	-0.025	0.553	0.28	0.34	1.94	-3.19	0.41	3.22	47454	0.091	-0.025	0.716	0.014	-0.019	2.756
8.338	0.085	-0.026	0.553	0.26	0.30	1.97	-4.25	1.42	3.33	47537	0.091	-0.025	0.716	0.014	-0.019	2.743
8.348	0.086	-0.027	0.553	0.22	0.29	2.00	-3.78	1.59	3.92	47527	0.092	-0.026	0.715	0.014	-0.019	2.731
8.359	0.084	-0.027	0.553	0.18	0.29	2.04	-4.34	2.60	2.99	47511	0.092	-0.026	0.715	0.013	-0.019	2.719
8.368	0.083	-0.028	0.553	0.14	0.28	2.07	-4.26	2.81	3.64	47520	0.092	-0.027	0.714	0.013	-0.019	2.706
8.379	0.083	-0.028	0.553	0.10	0.25	2.11	-3.86	2.93	3.27	47520	0.091	-0.027	0.714	0.012	-0.019	2.694
8.384	0.087	-0.034	0.552	0.10	0.19	2.14	-4.59	3.44	3.49	47817	0.092	-0.028	0.713	0.012	-0.020	2.682
8.398	0.087	-0.035	0.552	0.05	0.16	2.17	-3.65	3.17	2.92	47823	0.092	-0.029	0.712	0.012	-0.020	2.670
8.406	0.084	-0.032	0.552	-0.00	0.15	2.21	-3.11	2.80	3.26	47834	0.092	-0.030	0.712	0.012	-0.020	2.657
8.420	0.088	-0.033	0.552	-0.03	0.09	2.23	-3.49	1.83	3.43	47827	0.093	-0.031	0.711	0.011	-0.020	2.645
8.429	0.088	-0.034	0.553	-0.07	0.07	2.27	-3.67	2.30	3.09	47662	0.093	-0.032	0.711	0.011	-0.020	2.633
8.434	0.088	-0.034	0.553	-0.10	0.04	2.30	-3.58	2.44	2.98	47669	0.093	-0.032	0.710	0.011	-0.020	2.621
8.448	0.085	-0.031	0.553	-0.16	0.04	2.33	-3.44	3.00	3.24	47674	0.093	-0.032	0.710	0.010	-0.020	2.610
8.457	0.087	-0.032	0.553	-0.19	-0.00	2.36	-3.65	2.79	3.00	47670	0.094	-0.033	0.709	0.010	-0.020	2.598
8.469	0.089	-0.031	0.553	-0.23	-0.04	2.39	-4.23	2.21	3.47	47680	0.094	-0.033	0.709	0.010	-0.020	2.586
8.479	0.088	-0.032	0.553	-0.27	-0.06	2.42	-4.02	2.04	3.13	47603	0.094	-0.033	0.708	0.009	-0.020	2.574
8.490	0.090	-0.032	0.553	-0.32	-0.09	2.45	-3.55	2.00	2.87	47591	0.095	-0.033	0.708	0.009	-0.020	2.563
8.499	0.088	-0.031	0.554	-0.36	-0.10	2.48	-2.31	1.13	2.80	47585	0.095	-0.034	0.707	0.009	-0.020	2.551
8.507	0.090	-0.032	0.554	-0.38	-0.13	2.51	-1.47	0.84	2.28	47565	0.095	-0.034	0.707	0.009	-0.020	2.539
8.521	0.089	-0.032	0.554	-0.40	-0.13	2.54	-0.96	0.13	2.01	47594	0.095	-0.034	0.706	0.008	-0.020	2.528
8.527	0.089	-0.032	0.554	-0.41	-0.13	2.56	0.25	-0.11	1.61	47581	0.095	-0.034	0.706	0.008	-0.020	2.516
8.534	0.090	-0.032	0.554	-0.42	-0.15	2.58	1.32	-0.52	1.75	47576	0.096	-0.034	0.705	0.008	-0.020	2.505
8.544	0.090	-0.032	0.554	-0.41	-0.14	2.59	1.39	-1.09	1.77	47568	0.096	-0.034	0.705	0.007	-0.019	2.493
8.557	0.091	-0.033	0.552	-0.39	-0.13	2.61	1.59	-1.17	1.83	47833	0.096	-0.034	0.704	0.007	-0.019	2.482
8.568	0.091	-0.033	0.553	-0.38	-0.12	2.63	0.73	-0.82	1.65	47839	0.096	-0.035	0.703	0.007	-0.019	2.470
8.578	0.091	-0.033	0.553	-0.37	-0.11	2.65	0.47	-0.46	1.45	47844	0.096	-0.035	0.703	0.007	-0.019	2.459
8.585	0.095	-0.033	0.553	-0.36	-0.13	2.67	0.62	0.20	1.38	47845	0.097	-0.035	0.702	0.007	-0.019	2.448
8.598	0.095	-0.033	0.553	-0.36	-0.13	2.68	0.52	0.16	1.67	47843	0.098	-0.035	0.701	0.006	-0.019	2.436
8.609	0.103	-0.032	0.553	-0.35	-0.17	2.70	-0.49	-0.94	1.45	47742	0.099	-0.035	0.701	0.007	-0.019	2.425
8.617	0.103	-0.032	0.553	-0.35	-0.17	2.71	-0.83	-0.73	1.43	47733	0.100	-0.035	0.700	0.007	-0.019	2.414
8.629	0.103	-0.033	0.553	-0.36	-0.16	2.73	-0.92	-1.31	1.01	47721	0.102	-0.035	0.700	0.007	-0.019	2.403
8.636	0.104	-0.033	0.553	-0.37	-0.15	2.74	-0.33	-2.79	1.10	47698	0.103	-0.035	0.699	0.007	-0.019	2.392
8.643	0.105	-0.032	0.553	-0.38	-0.13	2.75	-0.31	-3.70	0.80	47711	0.104	-0.035	0.699	0.007	-0.018	2.381
8.657	0.105	-0.033	0.553	-0.38	-0.10	2.76	0.04	-4.56	0.91	47710	0.105	-0.035	0.698	0.007	-0.018	2.370
8.667	0.105	-0.041	0.553	-0.33	-0.05	2.77	0.64	-4.63	0.23	47692	0.106	-0.036	0.698	0.007	-0.019	2.359
8.678	0.103	-0.035	0.553	-0.36	0.00	2.77	1.61	-4.63	0.07	47679	0.106	-0.036	0.697	0.007	-0.018	2.348
8.685	0.108	-0.035	0.554	-0.35	0.02	2.78	1.88	-4.55	0.01	47675	0.107	-0.036	0.697	0.007	-0.018	2.337
8.699	0.109	-0.035	0.556	-0.33	0.07	2.78	2.17	-4.57	-0.26	47260	0.108	-0.036	0.696	0.007	-0.018	2.326
8.707	0.110	-0.035	0.556	-0.31	0.12	2.78	2.25	-4.71	-0.27	47242	0.109	-0.036	0.696	0.007	-0.018	2.316
8.719	0.110	-0.035	0.556	-0.29	0.16	2.77	1.03	-4.00	-0.19	47222	0.110	-0.036	0.696	0.007	-0.018	2.305
8.728	0.110	-0.035	0.556	-0.27	0.21	2.77	-3.52	-4.33	-0.05	47189	0.111	-0.037	0.696	0.007	-0.018	2.295
8.736	0.111	-0.035	0.557	-0.28	0.25	2.77	-14.52	-5.20	0.03	47146	0.112	-0.037	0.695	0.007	-0.018	2.284
8.741	0.111	-0.035	0.557	-0.37	0.29	2.77	-26.07	-5.13	0.56	47153	0.113	-0.037	0.695	0.007	-0.018	2.274
8.758	0.115	-0.038	0.557	-0.57	0.33	2.77	-39.73	-5.48	0.33	47157	0.114	-0.037	0.695	0.007	-0.018	2.263
8.766	0.113	-0.032	0.557	-0.94	0.39	2.78	-50.68	-4.91	0.16	47163	0.115	-0.037	0.694	0.007	-0.018	2.253
8.778	0.112	-0.033	0.559	-1.39	0.45	2.78	-60.14	-4.25	0.34	47012	0.115	-0.037	0.694	0.006	-0.018	2.243
8.788	0.113	-0.028	0.559	-1.99	0.50	2.79	-64.84	-3.37	-0.22	47021	0.116	-0.036	0.694	0.006	-0.017	2.232
8.795	0.112	-0.040	0.559	-2.55	0.54	2.79	-66.92	-1.40	-0.35	47016	0.116	-0.036	0.694	0.006	-0.017	2.222
8.808	0.113	-0.021	0.559	-3.31	0.56	2.79	-63.72	-0.90	-0.54	47013	0.117	-0.035	0.693	0.006	-0.017	2.212
8.816	0.114	-0.036	0.559	-3.89	0.57	2.78	-57.69	-0.11	-0.27	46998	0.117	-0.035	0.693	0.006	-0.017	2.202
8.830	0.113	-0.029	0.561	-4.53	0.58	2.78	-47.86	2.15	-0.75	46661	0.118	-0.034	0.693	0.005	-0.017	2.192
8.835	0.113	-0.030	0.562	-5.05	0.57	2.77	-38.00	2.31	-0.51	46629	0.118	-0.034	0.693	0.005	-0.016	2.182
8.848	0.114	-0.034	0.562	-5.45	0.54	2.76	-25.72	2.35	-0.52	46609	0.118	-0.034	0.693	0.005	-0.016	2.172
8.858	0.114	-0.033	0.562	-5.77	0.52	2.76	-15.97	3.54	-0.57	46566	0.119	-0.033	0.692	0.005	-0.016	2.162
8.866	0.115	-0.032	0.562	-5.97	0.49	2.75	-5.57	2.64	-0.47	46656	0.119	-0.033	0.692	0.005	-0.016	2.152
8.878	0.115	-0.039	0.562	-6.03	0.46	2.74	1.35	2.20	-0.46	46640	0.119	-0.034	0.692	0.004	-0.017	2.142
8.887	0.115	-0.028	0.563	-6.10	0.43	2.74	7.54	0.55	-0.65	46626	0.120	-0.032	0.691	0.004	-0.016	2.133
8.894	0.115	-0.034	0.563	-6.02	0.42	2.73	10.21	-0.36	-0.93	46618	0.120	-0.032	0.691	0.004	-0.016	2.123
8.908	0.115	-0.033	0.563	-5.93	0.42	2.72	11.89	-1.76	-1.34	46638	0.120	-0.032	0.691	0.004	-0.017	2.113
8.917	0.114	-0.030	0.563	-5.83	0.43	2.71	11.03	-3.26	-1.58	46650	0.120	-0.031	0.690	0.003	-0.016	2.104
8.928	0.113	-0.031	0.564	-5.70	0.47	2.69	10.52	-5.13	-1.61	46680	0.120	-0.030	0.690	0.003	-0.017	2.094
8.936	0.114	-0.033	0.564	-5.57	0.51	2.68	8.97	-6.92	-1.91	46691	0.120	-0.030	0.689	0.003	-0.017	2.085
8.946	0.115	-0.028	0.563	-5.50	0.57	2.67	7.31	-7.43	-2.35	46718	0.121	-0.029	0.689	0.002	-0.017	2.075
8.958	0.114	-0.034	0.564	-5.37	0.66	2.65	6.28	-8.87	-2.45	46894	0.121	-0.028	0.688	0.002	-0.017	2.066
8.967	0.114	-0.032	0.564	-5.31	0.74	2.64	4.54	-7.81	-3.15	46906	0.121	-0.028	0.687	0.002	-0.017	2.056
8.979	0.112	-0.026	0.564	-5.27	0.84	2.62	3.65	-7.65	-3.09	46940	0.121	-0.026	0.687	0.001	-0.017	2.047
8.987	0.113	-0.023	0.564	-5.24	0.92	2.59	3.06	-5.46	-3.30	46994	0.120	-0.025	0.686	0.001	-0.017	2.038
8.999	0.114	-0.025	0.563	-5.19	0.98	2.56	3.17	-4.12	-3.64	47245	0.121	-0.024	0.686	0.001	-0.017	2.028
9.009	0.114	-0.025	0.563	-5.15	1.03	2.53	4.44	-3.35	-3.44	47271	0.121	-0.023	0.685	0.000	-0.017	2.019
9.019	0.113	-0.019	0.563	-5.13	1.08	2.50	6.92	-1.88	-3.11	47321	0.121	-0.021	0.684	-0.000	-0.017	2.010
9.029	0.113	-0.020	0.563	-5.05	1.11	2.47	8.29	0.63	-4.02	47356	0.120	-0.019	0.683	-0.001	-0.017	2.001
9.038	0.113	-0.018	0.562	-4.98	1.11	2.43	11.80	1.95	-4.26	47441	0.120	-0.018	0.683	-0.001	-0.017	1.992
9.046	0.113	-0.012	0.562	-4.90	1.10	2.39	13.69	3.89	-4.57	47487	0.120	-0.015	0.682	-0.001	-0.017	1.982
9.058	0.113	-0.006	0.562	-4.78	1.08	2.35	16.56	3.26	-4.60	47531	0.120	-0.013	0.681	-0.002	-0.017	1.973
9.068	0.112	-0.011	0.562	-4.59	1.05	2.29	18.29	3.04	-5.10	47571	0.120	-0.011	0.681	-0.002	-0.017	1.964
9.078	0.113	-0.004	0.563	-4.44	1.02	2.25	19.78	1.00	-5.21	47490	0.120	-0.008	0.680	-0.003	-0.016	1.956
9.089	0.113	-0.007	0.563	-4.22	1.00	2.19	21.23	-0.93	-5.32	47522	0.120	-0.006	0.679	-0.003	-0.017	1.947
9.096	0.112	-0.000	0.563	-4.03	1.00	2.14	20.96	-2.45	-5.20	47552	0.120	-0.003	0.679	-0.003	-0.016	1.938
9.105	0.112	0.006	0.562	-3.84	1.03	2.09	21.33	-4.12	-5.49	47597	0.120	-0.000	0.678	-0.004	-0.016	1.929
9.119	0.111	0.012	0.562	-3.65	1.07	2.04	20.70	-4.89	-5.71	47627	0.120	0.003	0.678	-0.004	-0.016	1.920
9.127	0.111	0.015	0.561	-3.43	1.11	1.99	21.21	-5.34	-5.59	47952	0.119	0.007	0.677	-0.005	-0.015	1.912
9.139	0.110	0.021	0.560	-3.24	1.17	1.93	20.74	-6.00	-5.59	48004	0.119	0.011	0.676	-0.005	-0.015	1.903
9.148	0.109	0.025	0.560	-3.04	1.24	1.88	22.00	-5.42	-5.39	48056	0.119	0.015	0.675	-0.006	-0.014	1.894
9.156	0.108	0.027	0.560	-2.82	1.30	1.83	20.19	-4.22	-5.86	48086	0.118	0.019	0.674	-0.006	-0.014	1.885
9.167	0.108	0.026	0.559	-2.58	1.35	1.78	20.51	-3.19	-5.31	48162	0.118	0.022	0.674	-0.007	-0.014	1.877
9.179	0.108	0.028	0.559	-2.38	1.39	1.73	19.82	-1.28	-5.32	48217	0.117	0.025	0.673	-0.007	-0.013	1.868
9.188	0.108	0.034	0.559	-2.20	1.41	1.68	19.42	0.96	-5.13	48262	0.117	0.029	0.672	-0.008	-0.013	1.859
9.196	0.108	0.037	0.558	-2.00	1.41	1.62	18.68	2.85	-5.38	48292	0.117	0.032	0.671	-0.008	-0.013	1.851
9.204	0.107	0.045	0.558	-1.83	1.40	1.57	18.40	5.04	-5.46	48256	0.117	0.036	0.671	-0.009	-0.012	1.842
9.218	0.106	0.048	0.558	-1.65	1.36	1.52	17.62	5.82	-5.09	48282	0.116	0.040	0.670	-0.009	-0.012	1.834
9.230	0.108	0.055	0.558	-1.48	1.29	1.47	17.27	6.24	-5.03	48318	0.116	0.045	0.669	-0.009	-0.012	1.825
9.240	0.109	0.057	0.558	-1.30	1.22	1.42	17.98	4.88	-4.71	48357	0.116	0.049	0.668	-0.010	-0.011	1.817
9.249	0.109	0.063	0.557	-1.14	1.16	1.37	19.00	3.60	-4.72	48389	0.116	0.053	0.668	-0.010	-0.011	1.809
9.254	0.109	0.067	0.557	-0.96	1.12	1.32	19.25	2.26	-4.81	48473	0.116	0.058	0.667	-0.010	-0.010	1.800
9.265	0.106	0.069	0.556	-0.76	1.11	1.27	19.81	0.05	-4.83	48492	0.116	0.062	0.666	-0.011	-0.010	1.792
9.280	0.106	0.073	0.556	-0.56	1.10	1.22	20.21	-2.20	-4.77	48512	0.115	0.066	0.666	-0.011	-0.009	1.784
9.288	0.106	0.070	0.556	-0.32	1.11	1.17	19.49	-3.27	-4.58	48514	0.115	0.069	0.665	-0.012	-0.009	1.775
9.297	0.102	0.072	0.556	-0.12	1.15	1.12	18.28	-4.21	-4.20	48462	0.114	0.072	0.664	-0.013	-0.009	1.767
9.308	0.103	0.078	0.555	0.05	1.18	1.08	16.95	-4.26	-4.17	48477	0.114	0.076	0.664	-0.013	-0.009	1.759
9.316	0.103	0.083	0.555	0.22	1.22	1.04	14.53	-3.11	-3.88	48507	0.114	0.080	0.663	-0.014	-0.009	1.751
9.329	0.101	0.081	0.555	0.41	1.26	0.99	12.60	-1.84	-3.74	48521	0.113	0.083	0.662	-0.014	-0.009	1.742
9.340	0.101	0.083	0.554	0.55	1.28	0.96	10.06	-0.38	-3.40	48547	0.113	0.085	0.662	-0.015	-0.009	1.734
9.348	0.102	0.087	0.554	0.66	1.29	0.92	7.46	1.45	-3.01	48568	0.112	0.088	0.661	-0.015	-0.009	1.726
9.356	0.103	0.093	0.554	0.73	1.27	0.89	5.14	2.59	-3.27	48590	0.112	0.092	0.660	-0.016	-0.009	1.718
9.369	0.102	0.090	0.553	0.83	1.25	0.86	3.84	4.91	-3.13	48609	0.112	0.094	0.660	-0.016	-0.010	1.710
9.380	0.101	0.092	0.553	0.88	1.21	0.82	2.46	6.40	-3.05	48624	0.111	0.097	0.659	-0.017	-0.010	1.702
9.389	0.104	0.090	0.552	0.94	1.13	0.80	1.64	6.86	-3.10	48686	0.111	0.099	0.658	-0.017	-0.010	1.694
9.400	0.101	0.093	0.552	0.96	1.08	0.77	0.89	6.91	-3.11	48688	0.111	0.101	0.658	-0.018	-0.011	1.686
9.406	0.102	0.097	0.552	0.97	1.00	0.74	0.67	5.20	-2.97	48698	0.111	0.103	0.657	-0.018	-0.011	1.678
9.414	0.099	0.104	0.551	0.96	0.94	0.71	-0.63	3.50	-3.04	48705	0.110	0.106	0.656	-0.019	-0.011	1.670
9.428	0.098	0.099	0.551	1.00	0.90	0.68	-0.86	1.54	-3.06	48785	0.110	0.107	0.656	-0.019	-0.011	1.662
9.440	0.097	0.111	0.550	0.94	0.88	0.65	-0.89	-1.37	-3.42	48783	0.109	0.110	0.655	-0.020	-0.011	1.654
9.447	0.097	0.115	0.550	0.94	0.88	0.62	-0.46	-2.44	-3.34	48775	0.109	0.114	0.654	-0.021	-0.011	1.646
9.459	0.095	0.117	0.550	0.94	0.91	0.58	-1.03	-3.82	-3.59	48769	0.108	0.117	0.654	-0.021	-0.011	1.638
9.465	0.094	0.115	0.550	0.96	0.94	0.54	-0.12	-4.27	-2.89	48650	0.107	0.119	0.653	-0.022	-0.012	1.630
9.478	0.093	0.118	0.550	0.95	0.99	0.51	-0.99	-3.32	-2.77	48638	0.106	0.121	0.653	-0.023	-0.012	1.623
9.490	0.093	0.124	0.550	0.93	1.02	0.48	-0.93	-2.40	-2.34	48631	0.105	0.124	0.652	-0.023	-0.012	1.615
9.498	0.093	0.118	0.549	0.98	1.04	0.46	-2.57	-0.51	-2.55	48613	0.105	0.126	0.652	-0.024	-0.012	1.607
9.507	0.093	0.122	0.549	0.95	1.05	0.43	-3.21	0.45	-2.52	48539	0.104	0.128	0.651	-0.024	-0.013	1.599
9.516	0.092	0.129	0.549	0.90	1.05	0.41	-3.60	1.89	-2.60	48526	0.104	0.131	0.651	-0.025	-0.013	1.592
9.524	0.093	0.130	0.549	0.88	1.02	0.38	-5.29	2.59	-2.54	48508	0.103	0.133	0.650	-0.025	-0.013	1.584
9.539	0.087	0.136	0.549	0.81	1.03	0.36	-7.05	4.18	-2.09	48490	0.102	0.136	0.650	-0.026	-0.013	1.576
9.548	0.086	0.139	0.549	0.75	0.99	0.33	-7.64	4.75	-1.73	48471	0.101	0.139	0.649	-0.027	-0.013	1.569
9.558	0.087	0.137	0.548	0.70	0.93	0.32	-8.70	4.77	-1.75	48647	0.100	0.141	0.649	-0.028	-0.013	1.561
9.565	0.085	0.134	0.548	0.65	0.89	0.30	-9.32	5.40	-1.93	48633	0.099	0.142	0.648	-0.028	-0.013	1.553
9.573	0.084	0.137	0.547	0.56	0.83	0.28	-7.35	2.91	-1.52	48619	0.098	0.144	0.647	-0.029	-0.014	1.546
9.587	0.082	0.140	0.547	0.48	0.81	0.26	-6.57	2.24	-2.32	48600	0.097	0.146	0.647	-0.030	-0.014	1.538
9.597	0.083	0.148	0.547	0.38	0.77	0.25	-4.42	1.58	-2.07	48506	0.096	0.148	0.646	-0.031	-0.014	1.531
9.608	0.083	0.150	0.547	0.33	0.74	0.23	-2.29	-0.03	-2.36	48472	0.095	0.151	0.646	-0.031	-0.014	1.523
9.615	0.083	0.152	0.547	0.29	0.72	0.21	-1.64	-2.69	-2.20	48444	0.095	0.153	0.645	-0.032	-0.014	1.516
9.628	0.083	0.155	0.547	0.28	0.73	0.18	-1.22	-3.61	-2.10	48434	0.094	0.156	0.645	-0.032	-0.014	1.509
9.637	0.082	0.160	0.548	0.25	0.77	0.16	0.06	-3.70	-2.29	48287	0.093	0.159	0.644	-0.033	-0.014	1.501
9.648	0.082	0.157	0.548	0.28	0.80	0.14	0.36	-4.73	-2.42	48255	0.093	0.161	0.644	-0.033	-0.014	1.494
9.656	0.081	0.160	0.548	0.28	0.84	0.11	1.73	-5.05	-2.78	48222	0.092	0.163	0.644	-0.034	-0.014	1.487
9.667	0.076	0.165	0.548	0.27	0.91	0.09	1.75	-4.85	-2.84	48197	0.091	0.166	0.643	-0.035	-0.014	1.479
9.679	0.074	0.168	0.548	0.29	0.96	0.06	1.68	-3.57	-2.99	48180	0.090	0.168	0.643	-0.036	-0.014	1.472
9.688	0.075	0.170	0.548	0.31	0.99	0.03	1.30	-2.77	-2.51	48075	0.089	0.171	0.643	-0.036	-0.014	1.465
9.697	0.075	0.172	0.548	0.33	1.01	0.00	-0.21	-1.19	-2.50	48052	0.088	0.173	0.643	-0.037	-0.015	1.458
9.707	0.074	0.168	0.548	0.38	1.03	-0.03	-1.72	-0.62	-2.63	48025	0.087	0.175	0.642	-0.038	-0.015	1.451
9.715	0.073	0.165	0.548	0.40	1.04	-0.05	-3.42	1.18	-3.27	47998	0.086	0.176	0.642	-0.038	-0.015	1.444
9.726	0.073	0.175	0.550	0.33	1.02	-0.08	-4.29	1.90	-3.02	47745	0.085	0.178	0.642	-0.039	-0.016	1.437
9.738	0.071	0.179	0.550	0.28	1.01	-0.11	-5.32	2.15	-3.29	47733	0.084	0.180	0.642	-0.040	-0.016	1.430
9.747	0.070	0.182	0.550	0.24	0.99	-0.14	-5.71	1.94	-2.90	47712	0.083	0.182	0.642	-0.040	-0.016	1.423
9.755	0.067	0.186	0.550	0.17	0.98	-0.17	-6.12	-0.04	-2.23	47704	0.082	0.185	0.641	-0.041	-0.016	1.416
9.768	0.068	0.187	0.548	0.12	0.95	-0.20	-5.34	-0.70	-2.56	48078	0.081	0.187	0.641	-0.042	-0.016	1.409
9.777	0.063	0.187	0.548	0.08	0.98	-0.22	-3.91	-2.52	-2.62	48087	0.079	0.190	0.640	-0.042	-0.016	1.402
9.787	0.059	0.193	0.549	0.02	1.02	-0.25	-1.93	-3.80	-2.93	48091	0.077	0.192	0.640	-0.043	-0.016	1.395
9.797	0.057	0.195	0.549	-0.01	1.05	-0.28	-0.35	-2.56	-3.65	48075	0.076	0.195	0.639	-0.044	-0.016	1.388
9.807	0.058	0.196	0.549	-0.01	1.07	-0.31	1.26	-3.62	-3.67	48074	0.074	0.197	0.639	-0.045	-0.016	1.381
9.818	0.057	0.198	0.549	-0.00	1.09	-0.35	2.88	-3.27	-2.92	48052	0.073	0.199	0.639	-0.046	-0.016	1.374
9.826	0.058	0.203	0.549	0.01	1.12	-0.38	3.19	-2.45	-3.67	48059	0.072	0.202	0.638	-0.047	-0.016	1.368
9.838	0.055	0.201	0.549	0.06	1.16	-0.42	2.61	-0.87	-3.03	48065	0.070	0.204	0.638	-0.047	-0.016	1.361
9.848	0.052	0.203	0.549	0.10	1.18	-0.45	1.98	-0.15	-2.85	48080	0.069	0.206	0.637	-0.048	-0.016	1.354
9.855	0.053	0.204	0.549	0.13	1.17	-0.48	0.48	1.66	-2.54	48081	0.067	0.208	0.637	-0.049	-0.016	1.348
9.868	0.049	0.212	0.549	0.10	1.18	-0.50	0.55	1.45	-2.68	48085	0.066	0.210	0.637	-0.050	-0.016	1.341
9.878	0.048	0.211	0.549	0.13	1.16	-0.53	-0.59	2.38	-3.48	48088	0.064	0.213	0.636	-0.051	-0.016	1.334
9.888	0.049	0.206	0.549	0.18	1.12	-0.57	-1.44	1.91	-2.89	48085	0.063	0.214	0.636	-0.051	-0.017	1.328
9.897	0.046	0.211	0.548	0.15	1.11	-0.60	-1.48	1.67	-2.22	48230	0.061	0.216	0.635	-0.052	-0.017	1.321
9.905	0.045	0.217	0.548	0.11	1.08	-0.63	-1.57	1.45	-2.95	48235	0.060	0.218	0.635	-0.053	-0.017	1.315
9.917	0.046	0.219	0.548	0.10	1.05	-0.65	-0.65	0.72	-2.50	48252	0.059	0.220	0.634	-0.054	-0.017	1.308
9.927	0.039	0.230	0.548	0.03	1.07	-0.67	-0.76	0.69	-1.74	48274	0.057	0.224	0.634	-0.054	-0.017	1.302
9.938	0.039	0.228	0.550	0.06	1.06	-0.69	0.74	-0.18	-2.31	47943	0.055	0.226	0.634	-0.055	-0.017	1.295
9.947	0.040	0.224	0.550	0.10	1.04	-0.72	2.07	-1.03	-1.57	47925	0.054	0.228	0.634	-0.056	-0.017	1.289
9.959	0.037	0.231	0.550	0.09	1.06	-0.73	3.52	-2.78	-1.39	47920	0.052	0.230	0.633	-0.057	-0.017	1.282
9.967	0.033	0.238	0.550	0.08	1.09	-0.75	5.59	-3.20	-1.73	47918	0.050	0.234	0.633	-0.058	-0.016	1.276
9.974	0.033	0.241	0.550	0.13	1.11	-0.76	6.70	-4.55	-1.59	47907	0.049	0.237	0.633	-0.058	-0.016	1.270
9.984	0.032	0.240	0.550	0.22	1.14	-0.78	7.36	-2.80	-1.35	47915	0.047	0.239	0.633	-0.059	-0.016	1.264
9.993	0.027	0.243	0.550	0.29	1.20	-0.80	7.02	-2.78	-1.11	47911	0.045	0.242	0.632	-0.060	-0.016	1.257
10.007	0.026	0.243	0.550	0.37	1.23	-0.81	5.52	-1.21	-1.04	47898	0.043	0.244	0.632	-0.061	-0.016	1.251
10.018	0.027	0.247	0.550	0.42	1.23	-0.82	4.54	0.59	-0.87	47891	0.042	0.246	0.632	-0.062	-0.016	1.245
10.029	0.026	0.247	0.549	0.49	1.23	-0.83	2.89	2.57	-0.64	48140	0.040	0.248	0.631	-0.062	-0.016	1.239
10.035	0.023	0.251	0.549	0.52	1.22	-0.84	1.22	4.50	-0.48	48135	0.038	0.251	0.631	-0.063	-0.016	1.233
10.048	0.018	0.259	0.549	0.51	1.21	-0.84	-1.01	5.63	-0.33	48132	0.036	0.254	0.630	-0.064	-0.016	1.226
10.058	0.018	0.258	0.549	0.53	1.15	-0.85	-2.33	6.60	-0.21	48143	0.035	0.256	0.630	-0.065	-0.016	1.220
10.065	0.017	0.254	0.549	0.55	1.08	-0.85	-4.04	8.06	0.06	48098	0.033	0.258	0.629	-0.066	-0.016	1.214
10.077	0.016	0.256	0.549	0.52	1.01	-0.85	-3.52	6.74	0.63	48110	0.031	0.260	0.629	-0.067	-0.016	1.208
10.083	0.010	0.266	0.549	0.43	0.97	-0.84	-3.74	6.36	0.80	48110	0.029	0.263	0.629	-0.068	-0.016	1.202
10.095	0.011	0.269	0.549	0.40	0.89	-0.83	-1.95	5.09	1.12	48099	0.027	0.265	0.628	-0.068	-0.016	1.196
10.109	0.009	0.268	0.549	0.39	0.83	-0.83	-0.34	3.60	0.24	48090	0.025	0.268	0.628	-0.069	-0.016	1.190
10.118	0.010	0.269	0.550	0.39	0.76	-0.82	0.39	3.26	0.32	47982	0.024	0.270	0.628	-0.070	-0.016	1.184
10.127	0.003	0.273	0.550	0.38	0.77	-0.81	2.88	1.24	0.98	47983	0.021	0.272	0.627	-0.071	-0.016	1.179
10.139	0.001	0.275	0.550	0.40	0.74	-0.81	4.06	0.01	0.32	47969	0.019	0.275	0.627	-0.072	-0.016	1.173
10.147	-0.001	0.272	0.550	0.53	0.72	-0.80	3.93	0.71	0.85	47949	0.017	0.276	0.627	-0.073	-0.016	1.167
10.158	-0.001	0.269	0.551	0.55	0.71	-0.79	3.07	0.04	1.45	47882	0.015	0.277	0.627	-0.073	-0.017	1.161
10.169	-0.008	0.289	0.551	0.51	0.72	-0.77	2.31	2.29	0.90	47888	0.012	0.281	0.626	-0.074	-0.016	1.155
10.175	-0.010	0.295	0.551	0.50	0.70	-0.76	1.22	2.47	0.73	47887	0.010	0.284	0.626	-0.076	-0.016	1.150
10.186	-0.010	0.295	0.551	0.50	0.70	-0.76	0.37	1.98	1.18	47872	0.007	0.288	0.626	-0.076	-0.015	1.144
10.198	-0.012	0.293	0.551	0.55	0.64	-0.74	-0.31	1.73	1.38	47837	0.005	0.290	0.625	-0.077	-0.015	1.138
10.209	-0.016	0.292	0.551	0.56	0.64	-0.73	-1.04	1.98	1.27	47823	0.002	0.292	0.625	-0.078	-0.015	1.133
10.217	-0.017	0.298	0.551	0.53	0.60	-0.71	-1.32	2.41	1.47	47804	0.000	0.295	0.625	-0.079	-0.015	1.127
10.230	-0.020	0.303	0.551	0.49	0.58	-0.70	-2.00	2.04	1.57	47782	-0.002	0.298	0.625	-0.080	-0.015	1.122
10.238	-0.019	0.304	0.551	0.48	0.54	-0.68	-2.74	2.03	2.06	47763	-0.004	0.301	0.624	-0.081	-0.015	1.116
10.249	-0.018	0.309	0.551	0.44	0.49	-0.66	-2.23	2.94	1.99	47760	-0.006	0.304	0.624	-0.081	-0.014	1.111
10.257	-0.018	0.310	0.551	0.43	0.45	-0.64	-1.01	0.99	2.45	47752	-0.008	0.306	0.624	-0.082	-0.014	1.105
10.268	-0.027	0.310	0.551	0.45	0.49	-0.62	1.11	-1.07	2.87	47752	-0.010	0.309	0.623	-0.083	-0.014	1.100
10.274	-0.029	0.312	0.552	0.46	0.51	-0.59	2.20	-0.92	2.07	47748	-0.012	0.311	0.623	-0.084	-0.014	1.094
10.282	-0.030	0.309	0.552	0.54	0.52	-0.57	6.52	-3.37	2.56	47627	-0.015	0.313	0.623	-0.084	-0.014	1.089
10.297	-0.032	0.307	0.552	0.63	0.54	-0.55	6.32	-1.71	2.13	47608	-0.017	0.314	0.623	-0.085	-0.014	1.083
10.307	-0.034	0.313	0.552	0.68	0.56	-0.53	9.08	-3.78	1.95	47605	-0.019	0.316	0.622	-0.086	-0.015	1.078
10.316	-0.037	0.317	0.553	0.76	0.62	-0.50	8.71	-5.02	2.83	47603	-0.021	0.318	0.622	-0.087	-0.015	1.073
10.325	-0.040	0.320	0.554	0.84	0.66	-0.48	7.49	-4.36	2.13	47358	-0.024	0.320	0.622	-0.088	-0.015	1.068
10.335	-0.042	0.322	0.554	0.91	0.70	-0.46	6.10	-3.34	1.63	47339	-0.026	0.322	0.622	-0.088	-0.015	1.063
10.347	-0.042	0.320	0.554	0.99	0.72	-0.45	3.66	-3.23	1.14	47328	-0.028	0.323	0.622	-0.089	-0.015	1.057
10.359	-0.042	0.317	0.555	1.05	0.73	-0.44	1.34	-2.35	0.50	47331	-0.030	0.325	0.622	-0.090	-0.015	1.052
10.367	-0.043	0.317	0.555	1.07	0.75	-0.44	-0.52	-2.69	0.27	47297	-0.032	0.325	0.622	-0.090	-0.016	1.047
10.376	-0.045	0.318	0.555	1.06	0.77	-0.43	-2.68	-2.07	-0.23	47287	-0.034	0.326	0.621	-0.091	-0.016	1.042
10.387	-0.047	0.324	0.555	1.00	0.79	-0.43	-5.16	-1.43	0.28	47281	-0.036	0.328	0.621	-0.091	-0.016	1.037
10.392	-0.049	0.326	0.555	0.93	0.80	-0.43	-8.25	-0.35	0.32	47283	-0.038	0.329	0.621	-0.092	-0.016	1.032
10.409	-0.051	0.327	0.556	0.85	0.80	-0.43	-7.49	-0.66	-0.25	47293	-0.040	0.331	0.621	-0.093	-0.017	1.027
10.415	-0.057	0.327	0.553	0.79	0.83	-0.43	-7.41	-0.07	-0.69	47700	-0.042	0.332	0.620	-0.093	-0.017	1.022
10.426	-0.059	0.328	0.553	0.72	0.83	-0.44	-6.24	-0.39	-0.68	47705	-0.044	0.333	0.620	-0.094	-0.017	1.017
10.438	-0.063	0.329	0.553	0.67	0.84	-0.45	-4.79	-0.55	-1.36	47714	-0.047	0.334	0.619	-0.095	-0.017	1.012
10.443	-0.064	0.329	0.553	0.64	0.84	-0.47	-3.96	-0.12	-0.90	47724	-0.049	0.335	0.619	-0.096	-0.018	1.007
10.457	-0.064	0.330	0.553	0.61	0.83	-0.47	-2.58	0.22	-0.76	47835	-0.052	0.336	0.618	-0.096	-0.018	1.002
10.469	-0.062	0.327	0.553	0.64	0.81	-0.48	-2.14	0.41	-0.58	47841	-0.053	0.336	0.617	-0.097	-0.018	0.998
10.476	-0.063	0.328	0.553	0.61	0.79	-0.48	-1.60	1.41	-0.47	47845	-0.055	0.337	0.617	-0.097	-0.019	0.993
10.485	-0.065	0.331	0.553	0.59	0.78	-0.49	-1.82	0.95	-1.02	47861	-0.056	0.338	0.616	-0.098	-0.019	0.988
10.496	-0.070	0.336	0.553	0.54	0.79	-0.49	-1.89	-0.51	-1.18	47870	-0.058	0.339	0.616	-0.098	-0.019	0.983
10.507	-0.072	0.338	0.553	0.52	0.79	-0.50	-1.32	-1.84	-1.58	47869	-0.060	0.340	0.616	-0.099	-0.019	0.978
10.515	-0.075	0.337	0.553	0.53	0.80	-0.52	-1.39	-2.40	-1.87	47853	-0.063	0.341	0.615	-0.099	-0.020	0.974
10.527	-0.077	0.336	0.553	0.53	0.83	-0.53	-1.16	-3.46	-1.63	47854	-0.065	0.342	0.615	-0.100	-0.020	0.969
10.537	-0.080	0.336	0.552	0.53	0.86	-0.55	-1.60	-2.99	-1.66	47866	-0.067	0.343	0.614	-0.101	-0.020	0.964
10.543	-0.079	0.338	0.552	0.52	0.87	-0.57	-2.05	-2.64	-1.35	47917	-0.069	0.344	0.614	-0.101	-0.021	0.960
10.557	-0.083	0.339	0.552	0.50	0.91	-0.59	-2.68	-1.95	-1.73	47907	-0.071	0.345	0.613	-0.102	-0.021	0.955
10.566	-0.086	0.341	0.552	0.48	0.93	-0.60	-2.92	-1.27	-1.70	47904	-0.074	0.345	0.613	-0.102	-0.021	0.950
10.578	-0.085	0.345	0.552	0.43	0.92	-0.62	-2.54	-2.13	-1.20	47909	-0.076	0.347	0.612	-0.103	-0.021	0.946
10.583	-0.088	0.346	0.553	0.40	0.94	-0.64	-2.23	-1.55	-1.53	47843	-0.078	0.348	0.612	-0.103	-0.021	0.941
10.594	-0.093	0.348	0.552	0.38	0.98	-0.65	-1.36	-1.10	-1.48	47837	-0.080	0.349	0.612	-0.104	-0.021	0.937
10.607	-0.095	0.350	0.552	0.36	0.99	-0.66	-1.03	-1.09	-0.90	47830	-0.082	0.351	0.611	-0.105	-0.022	0.932
10.616	-0.098	0.352	0.552	0.34	1.00	-0.68	0.18	-1.09	-0.55	47820	-0.085	0.352	0.611	-0.105	-0.022	0.928
10.628	-0.100	0.353	0.553	0.34	1.01	-0.68	0.79	-1.01	-0.60	47689	-0.087	0.354	0.611	-0.106	-0.022	0.923
10.638	-0.103	0.352	0.553	0.37	1.02	-0.69	0.78	-0.21	-0.48	47676	-0.090	0.355	0.610	-0.107	-0.022	0.919
10.647	-0.106	0.351	0.553	0.39	1.03	-0.69	1.29	0.28	-0.26	47644	-0.092	0.356	0.610	-0.107	-0.022	0.915
10.658	-0.110	0.352	0.553	0.41	1.04	-0.70	1.84	0.71	-0.53	47624	-0.095	0.356	0.610	-0.108	-0.022	0.910
10.666	-0.112	0.357	0.553	0.40	1.03	-0.70	1.62	0.84	-0.75	47615	-0.098	0.358	0.610	-0.109	-0.022	0.906
10.674	-0.111	0.360	0.553	0.41	1.00	-0.71	1.06	1.82	-1.06	47690	-0.100	0.359	0.609	-0.109	-0.022	0.902
10.685	-0.114	0.361	0.553	0.43	0.98	-0.72	0.29	2.53	-1.21	47677	-0.102	0.361	0.609	-0.110	-0.022	0.898
10.694	-0.120	0.369	0.553	0.38	0.98	-0.72	-0.75	3.32	-1.05	47673	-0.105	0.363	0.608	-0.111	-0.022	0.893
10.708	-0.120	0.369	0.553	0.39	0.93	-0.74	-1.83	4.19	-1.12	47671	-0.108	0.365	0.608	-0.111	-0.022	0.889
10.716	-0.123	0.369	0.552	0.39	0.90	-0.75	-2.08	4.36	-0.72	47898	-0.110	0.367	0.608	-0.112	-0.021	0.885
10.725	-0.123	0.369	0.552	0.38	0.84	-0.76	-2.37	3.72	-1.07	47893	-0.113	0.368	0.607	-0.113	-0.021	0.881
10.739	-0.128	0.369	0.551	0.37	0.81	-0.77	-1.41	3.87	-0.87	47889	-0.115	0.369	0.607	-0.113	-0.021	0.877
10.744	-0.130	0.369	0.551	0.37	0.77	-0.78	-0.32	4.03	-0.79	47880	-0.118	0.371	0.606	-0.114	-0.022	0.872
10.750	-0.129	0.367	0.551	0.39	0.70	-0.79	1.91	2.52	-0.64	47989	-0.120	0.371	0.606	-0.114	-0.022	0.868
10.767	-0.126	0.366	0.551	0.41	0.64	-0.80	2.82	2.25	-0.94	48001	-0.121	0.372	0.605	-0.114	-0.022	0.864
10.777	-0.132	0.370	0.551	0.42	0.64	-0.81	3.37	0.89	-0.71	47995	-0.124	0.373	0.605	-0.115	-0.022	0.860
10.788	-0.135	0.371	0.551	0.45	0.63	-0.81	4.24	-0.68	-0.70	47978	-0.126	0.374	0.604	-0.115	-0.022	0.856
10.795	-0.136	0.370	0.550	0.51	0.62	-0.82	4.61	-0.68	-0.79	48011	-0.128	0.374	0.604	-0.116	-0.023	0.852
10.804	-0.137	0.370	0.550	0.57	0.61	-0.83	3.91	-2.74	-0.58	48006	-0.130	0.375	0.603	-0.116	-0.023	0.848
10.818	-0.141	0.373	0.550	0.59	0.63	-0.84	4.01	-3.01	-1.12	47985	-0.132	0.376	0.603	-0.117	-0.023	0.844
10.826	-0.146	0.374	0.550	0.64	0.69	-0.84	2.55	-3.58	-1.23	47962	-0.135	0.377	0.602	-0.117	-0.023	0.840
10.837	-0.146	0.376	0.550	0.66	0.71	-0.86	1.23	-4.36	-1.23	47950	-0.137	0.378	0.602	-0.118	-0.023	0.836
10.845	-0.147	0.376	0.550	0.69	0.74	-0.87	-0.17	-4.13	-1.51	47938	-0.139	0.379	0.601	-0.118	-0.023	0.832
10.859	-0.147	0.377	0.550	0.69	0.76	-0.89	-1.37	-3.03	-1.00	47920	-0.141	0.379	0.601	-0.118	-0.024	0.828
10.867	-0.150	0.378	0.550	0.68	0.79	-0.90	-2.82	-2.54	-1.12	47906	-0.143	0.380	0.601	-0.119	-0.024	0.824
10.875	-0.149	0.380	0.550	0.66	0.80	-0.91	-4.62	-1.48	-0.93	47886	-0.145	0.381	0.600	-0.119	-0.024	0.821
10.887	-0.157	0.382	0.549	0.62	0.85	-0.92	-5.12	-0.25	-0.75	47936	-0.147	0.382	0.600	-0.120	-0.024	0.817
10.895	-0.160	0.383	0.549	0.56	0.86	-0.93	-5.42	-0.61	-0.41	47936	-0.150	0.383	0.600	-0.120	-0.024	0.813
10.908	-0.163	0.384	0.549	0.51	0.86	-0.93	-4.27	0.80	-0.93	47928	-0.152	0.384	0.599	-0.121	-0.024	0.809
10.917	-0.169	0.386	0.549	0.46	0.89	-0.93	-3.29	1.00	-0.78	47912	-0.155	0.386	0.599	-0.121	-0.024	0.805
10.926	-0.172	0.387	0.549	0.42	0.88	-0.94	-1.13	-0.06	-0.38	47990	-0.158	0.387	0.598	-0.122	-0.024	0.802
10.938	-0.177	0.387	0.549	0.42	0.89	-0.94	1.95	-0.64	0.12	47982	-0.161	0.388	0.598	-0.123	-0.024	0.798
10.945	-0.180	0.388	0.549	0.43	0.89	-0.94	4.37	0.01	0.06	47977	-0.165	0.389	0.597	-0.124	-0.024	0.794
10.955	-0.182	0.389	0.549	0.46	0.89	-0.94	6.68	-0.23	0.50	47957	-0.168	0.390	0.597	-0.124	-0.024	0.791
10.967	-0.183	0.386	0.549	0.55	0.88	-0.94	7.87	0.74	0.48	47930	-0.171	0.390	0.597	-0.125	-0.024	0.787
10.975	-0.183	0.388	0.549	0.61	0.85	-0.94	8.16	0.90	0.55	47806	-0.173	0.391	0.596	-0.126	-0.024	0.783
10.984	-0.190	0.393	0.549	0.67	0.87	-0.93	7.67	1.64	0.25	47797	-0.176	0.392	0.596	-0.126	-0.024	0.780
10.998	-0.193	0.394	0.549	0.75	0.86	-0.93	6.21	1.83	0.35	47782	-0.180	0.393	0.596	-0.127	-0.024	0.776
11.004	-0.196	0.395	0.549	0.81	0.85	-0.92	4.15	2.81	0.06	47770	-0.183	0.394	0.596	-0.128	-0.024	0.773
11.018	-0.202	0.394	0.550	0.88	0.84	-0.92	1.80	3.69	0.32	47545	-0.186	0.395	0.596	-0.128	-0.024	0.769
11.027	-0.204	0.395	0.550	0.90	0.80	-0.92	-0.08	5.23	0.75	47538	-0.189	0.396	0.595	-0.129	-0.024	0.766
11.044	-0.203	0.395	0.550	0.92	0.73	-0.91	-1.99	5.76	0.54	47544	-0.192	0.397	0.595	-0.130	-0.024	0.762
11.074	-0.206	0.396	0.550	0.91	0.67	-0.91	-3.88	6.38	0.51	47549	-0.195	0.397	0.595	-0.130	-0.024	0.759
11.080	-0.202	0.390	0.551	0.92	0.55	-0.91	-4.25	6.27	0.35	47424	-0.197	0.397	0.595	-0.130	-0.025	0.756
11.085	-0.214	0.398	0.551	0.83	0.56	-0.89	-4.80	5.68	0.12	47420	-0.201	0.398	0.595	-0.131	-0.025	0.752
11.090	-0.213	0.399	0.551	0.79	0.48	-0.89	-4.40	3.54	0.32	47415	-0.203	0.399	0.595	-0.132	-0.025	0.749
11.094	-0.216	0.400	0.551	0.74	0.44	-0.89	-3.55	1.63	0.17	47407	-0.206	0.400	0.595	-0.132	-0.025	0.746
11.097	-0.224	0.400	0.550	0.70	0.45	-0.88	-0.91	1.31	0.17	47396	-0.210	0.401	0.594	-0.133	-0.025	0.742
11.103	-0.223	0.401	0.551	0.69	0.41	-0.88	0.54	-1.00	0.57	47572	-0.213	0.401	0.594	-0.133	-0.025	0.739
11.117	-0.225	0.401	0.551	0.69	0.40	-0.88	-0.04	-1.30	0.54	47588	-0.216	0.402	0.594	-0.134	-0.025	0.736
11.123	-0.228	0.402	0.551	0.70	0.42	-0.87	2.61	-2.23	0.54	47599	-0.219	0.403	0.593	-0.134	-0.025	0.733
11.137	-0.232	0.402	0.551	0.71	0.44	-0.87	2.94	-2.22	0.65	47604	-0.222	0.403	0.593	-0.135	-0.025	0.729
11.147	-0.231	0.400	0.551	0.76	0.43	-0.87	3.25	-1.61	0.61	47582	-0.224	0.404	0.593	-0.135	-0.025	0.726
11.156	-0.225	0.395	0.551	0.84	0.39	-0.87	3.17	-0.33	0.85	47601	-0.226	0.403	0.593	-0.135	-0.026	0.723
11.163	-0.247	0.402	0.551	0.82	0.54	-0.85	2.51	0.10	1.04	47620	-0.230	0.404	0.592	-0.136	-0.026	0.720
11.174	-0.248	0.400	0.551	0.87	0.52	-0.84	1.17	0.46	0.94	47614	-0.233	0.404	0.592	-0.137	-0.026	0.717
11.187	-0.251	0.401	0.552	0.89	0.52	-0.83	-0.28	1.62	1.05	47387	-0.237	0.404	0.592	-0.138	-0.026	0.714
11.195	-0.257	0.401	0.552	0.90	0.53	-0.81	-1.32	3.35	1.19	47414	-0.241	0.404	0.592	-0.138	-0.026	0.711
11.206	-0.259	0.402	0.552	0.88	0.49	-0.80	-2.49	4.82	1.30	47429	-0.245	0.404	0.592	-0.139	-0.026	0.708
11.213	-0.258	0.403	0.552	0.86	0.42	-0.79	-3.78	5.84	1.41	47434	-0.248	0.405	0.591	-0.140	-0.026	0.705
11.223	-0.258	0.403	0.552	0.83	0.34	-0.78	-4.18	6.34	1.37	47521	-0.251	0.405	0.591	-0.140	-0.026	0.702
11.237	-0.258	0.402	0.552	0.80	0.25	-0.77	-3.94	6.52	1.22	47544	-0.253	0.405	0.591	-0.140	-0.027	0.699
11.245	-0.263	0.402	0.552	0.76	0.20	-0.75	-3.77	7.10	1.41	47559	-0.256	0.405	0.591	-0.141	-0.027	0.696
11.258	-0.263	0.402	0.552	0.73	0.10	-0.74	-2.48	5.56	1.40	47557	-0.258	0.405	0.590	-0.141	-0.027	0.693
11.265	-0.266	0.403	0.552	0.69	0.04	-0.72	0.10	4.44	1.40	47571	-0.261	0.405	0.590	-0.141	-0.027	0.690
11.270	-0.269	0.402	0.551	0.69	-0.00	-0.70	1.25	3.29	1.33	47713	-0.264	0.405	0.590	-0.141	-0.027	0.687
11.286	-0.271	0.402	0.551	0.70	-0.05	-0.69	3.56	0.70	1.25	47735	-0.266	0.405	0.589	-0.142	-0.027	0.684
11.297	-0.274	0.402	0.551	0.73	-0.07	-0.68	4.03	-1.30	1.53	47741	-0.269	0.405	0.589	-0.142	-0.028	0.681
11.304	-0.273	0.400	0.551	0.79	-0.09	-0.67	5.38	-3.34	0.90	47749	-0.271	0.405	0.589	-0.142	-0.028	0.678
11.314	-0.276	0.401	0.550	0.84	-0.06	-0.66	4.59	-5.11	1.20	47970	-0.273	0.405	0.588	-0.142	-0.028	0.675
11.328	-0.279	0.401	0.549	0.89	-0.02	-0.64	3.92	-5.85	0.98	47989	-0.276	0.405	0.588	-0.142	-0.028	0.672
11.336	-0.288	0.404	0.549	0.91	0.09	-0.63	1.93	-6.94	0.78	48004	-0.279	0.405	0.587	-0.143	-0.028	0.670
11.346	-0.291	0.404	0.549	0.94	0.15	-0.62	0.75	-7.56	0.91	48019	-0.282	0.405	0.587	-0.143	-0.028	0.667
11.358	-0.294	0.404	0.549	0.95	0.23	-0.61	-1.44	-7.09	1.28	48112	-0.286	0.405	0.586	-0.144	-0.028	0.664
11.366	-0.297	0.405	0.548	0.94	0.30	-0.60	-2.39	-5.91	1.67	48136	-0.289	0.406	0.586	-0.144	-0.028	0.661
11.374	-0.298	0.405	0.548	0.92	0.35	-0.59	-3.62	-4.70	2.01	48157	-0.292	0.406	0.585	-0.144	-0.028	0.658
11.389	-0.302	0.406	0.548	0.88	0.41	-0.57	-3.83	-2.56	2.65	48177	-0.295	0.406	0.585	-0.145	-0.029	0.655
11.397	-0.303	0.406	0.549	0.84	0.43	-0.54	-3.82	-0.51	2.39	48205	-0.298	0.406	0.584	-0.145	-0.029	0.653
11.407	-0.308	0.408	0.548	0.78	0.46	-0.52	-3.73	0.55	2.56	48049	-0.301	0.407	0.584	-0.145	-0.028	0.650
11.414	-0.311	0.409	0.548	0.74	0.46	-0.49	-1.88	1.99	2.64	48042	-0.304	0.407	0.584	-0.146	-0.028	0.647
11.424	-0.314	0.409	0.548	0.72	0.45	-0.47	0.73	3.28	2.74	48034	-0.307	0.407	0.583	-0.146	-0.028	0.645
11.437	-0.312	0.405	0.548	0.74	0.38	-0.44	2.49	3.72	2.90	48032	-0.310	0.407	0.583	-0.146	-0.028	0.642
11.445	-0.312	0.405	0.547	0.77	0.32	-0.42	3.07	4.43	2.99	48164	-0.312	0.407	0.583	-0.146	-0.028	0.639
11.457	-0.318	0.406	0.547	0.79	0.30	-0.39	4.48	4.73	2.74	48160	-0.315	0.407	0.582	-0.146	-0.029	0.637
11.465	-0.321	0.406	0.547	0.83	0.26	-0.36	6.51	3.22	2.71	48156	-0.318	0.407	0.582	-0.146	-0.029	0.634
11.474	-0.321	0.405	0.546	0.90	0.19	-0.34	6.12	3.10	2.71	48160	-0.320	0.407	0.581	-0.147	-0.029	0.631
11.487	-0.326	0.404	0.545	0.97	0.18	-0.31	4.09	1.19	2.57	48451	-0.323	0.407	0.581	-0.147	-0.029	0.628
11.496	-0.326	0.404	0.544	1.02	0.14	-0.28	2.20	1.13	1.29	48441	-0.325	0.406	0.580	-0.147	-0.029	0.626
11.507	-0.329	0.405	0.544	1.04	0.12	-0.26	-0.55	0.87	1.78	48441	-0.328	0.406	0.580	-0.147	-0.029	0.623
11.517	-0.332	0.405	0.544	1.05	0.11	-0.25	-1.58	-1.78	2.05	48452	-0.330	0.406	0.579	-0.147	-0.029	0.620
11.526	-0.335	0.405	0.544	1.04	0.12	-0.23	-4.01	-1.27	1.76	48463	-0.333	0.406	0.579	-0.147	-0.029	0.618
11.536	-0.336	0.404	0.544	1.01	0.12	-0.21	-6.18	-2.82	1.73	48289	-0.336	0.406	0.578	-0.147	-0.029	0.615
11.548	-0.342	0.407	0.544	0.94	0.16	-0.19	-4.38	-4.06	1.97	48286	-0.338	0.406	0.578	-0.147	-0.029	0.613
11.558	-0.342	0.408	0.544	0.89	0.18	-0.17	-5.32	-2.99	1.10	48279	-0.341	0.406	0.578	-0.147	-0.029	0.610
11.564	-0.343	0.407	0.544	0.84	0.20	-0.16	-5.37	-3.62	1.11	48252	-0.343	0.406	0.577	-0.147	-0.029	0.608
11.573	-0.346	0.407	0.545	0.78	0.24	-0.15	-2.09	-5.07	2.08	47970	-0.346	0.406	0.577	-0.147	-0.029	0.605
11.582	-0.349	0.407	0.545	0.75	0.28	-0.14	-0.33	-4.72	1.81	47961	-0.348	0.406	0.577	-0.147	-0.029	0.603
11.597	-0.353	0.407	0.545	0.74	0.34	-0.12	2.05	-4.26	1.57	47952	-0.351	0.406	0.577	-0.147	-0.029	0.600
11.609	-0.356	0.406	0.545	0.75	0.38	-0.11	4.79	-3.13	1.69	47930	-0.354	0.406	0.577	-0.148	-0.029	0.598
11.614	-0.359	0.406	0.545	0.79	0.41	-0.09	6.58	-1.68	1.59	47814	-0.357	0.406	0.577	-0.148	-0.029	0.595
11.623	-0.363	0.405	0.545	0.86	0.44	-0.07	7.46	-0.36	1.57	47813	-0.359	0.406	0.577	-0.148	-0.029	0.593
11.635	-0.363	0.404	0.545	0.93	0.44	-0.06	6.27	1.06	1.05	47805	-0.362	0.405	0.576	-0.148	-0.029	0.591
11.647	-0.362	0.402	0.545	1.02	0.41	-0.05	5.90	2.84	0.70	47786	-0.364	0.405	0.576	-0.148	-0.029	0.588
11.657	-0.358	0.401	0.545	1.08	0.35	-0.04	5.35	3.39	0.83	47769	-0.366	0.404	0.576	-0.147	-0.029	0.586
11.665	-0.361	0.401	0.545	1.14	0.32	-0.03	4.34	4.20	0.92	47848	-0.367	0.403	0.576	-0.147	-0.029	0.583
11.676	-0.369	0.402	0.545	1.18	0.31	-0.02	1.76	3.24	0.50	47855	-0.370	0.403	0.576	-0.147	-0.029	0.581
11.687	-0.369	0.402	0.544	1.21	0.26	-0.02	-0.72	1.26	1.03	47859	-0.372	0.403	0.575	-0.147	-0.029	0.579
11.696	-0.372	0.402	0.544	1.21	0.24	-0.01	-2.95	-0.01	0.93	47877	-0.374	0.402	0.575	-0.147	-0.029	0.576
11.707	-0.377	0.403	0.545	1.18	0.25	0.00	-3.87	-0.47	0.65	47847	-0.377	0.402	0.575	-0.147	-0.029	0.574
11.715	-0.378	0.404	0.545	1.13	0.24	0.01	-5.20	-2.27	0.52	47839	-0.379	0.402	0.575	-0.147	-0.029	0.572
11.723	-0.380	0.404	0.544	1.08	0.25	0.01	-5.12	-4.18	1.02	47849	-0.382	0.402	0.574	-0.147	-0.029	0.570
11.736	-0.381	0.405	0.544	1.02	0.28	0.02	-4.93	-3.10	0.40	47877	-0.384	0.402	0.574	-0.146	-0.029	0.567
11.746	-0.384	0.405	0.544	0.97	0.30	0.02	-3.29	-2.11	-0.04	47883	-0.386	0.402	0.574	-0.146	-0.029	0.565
11.757	-0.387	0.405	0.544	0.92	0.33	0.02	-1.02	-1.81	-0.21	47894	-0.388	0.402	0.574	-0.146	-0.029	0.563
11.766	-0.390	0.404	0.544	0.90	0.35	0.02	1.51	-1.52	-0.53	47893	-0.391	0.402	0.574	-0.146	-0.028	0.561
11.778	-0.388	0.403	0.544	0.92	0.33	0.02	3.68	0.02	-0.63	47899	-0.393	0.401	0.573	-0.146	-0.028	0.558
11.782	-0.395	0.404	0.544	0.94	0.36	0.01	5.48	0.04	-1.13	47900	-0.395	0.401	0.573	-0.146	-0.028	0.556
11.796	-0.398	0.403	0.544	0.99	0.36	0.00	6.56	1.04	-1.21	47896	-0.398	0.401	0.573	-0.146	-0.028	0.554
11.807	-0.401	0.403	0.544	1.05	0.36	-0.01	6.19	1.26	-0.83	47923	-0.401	0.401	0.572	-0.146	-0.028	0.552
11.816	-0.408	0.402	0.544	1.12	0.37	-0.02	5.64	2.23	-1.01	47947	-0.404	0.401	0.572	-0.146	-0.028	0.550
11.823	-0.411	0.402	0.544	1.18	0.36	-0.03	4.34	1.12	-0.90	47970	-0.407	0.400	0.572	-0.146	-0.028	0.547
11.836	-0.413	0.401	0.544	1.23	0.34	-0.03	2.33	0.40	-0.81	47975	-0.410	0.400	0.572	-0.147	-0.028	0.545
11.842	-0.416	0.401	0.544	1.27	0.33	-0.04	1.15	1.92	-0.33	48004	-0.413	0.400	0.572	-0.147	-0.028	0.543
11.857	-0.419	0.400	0.543	1.28	0.31	-0.04	0.37	2.20	-0.67	48010	-0.416	0.399	0.571	-0.147	-0.028	0.541
11.868	-0.422	0.400	0.543	1.29	0.30	-0.05	-2.28	1.70	-0.78	48010	-0.419	0.399	0.571	-0.147	-0.028	0.539
11.875	-0.416	0.397	0.543	1.29	0.22	-0.06	-3.63	3.52	-1.21	48018	-0.421	0.398	0.571	-0.147	-0.028	0.537
11.883	-0.432	0.402	0.543	1.22	0.28	-0.06	-5.01	3.86	-1.20	48113	-0.425	0.398	0.570	-0.147	-0.027	0.535
11.898	-0.435	0.401	0.543	1.18	0.24	-0.07	-7.64	2.44	-1.19	48113	-0.428	0.398	0.570	-0.147	-0.027	0.533
11.906	-0.438	0.401	0.542	1.11	0.21	-0.09	-6.85	2.12	-1.55	48126	-0.432	0.397	0.570	-0.148	-0.027	0.531
11.917	-0.443	0.402	0.542	1.03	0.21	-0.10	-5.42	1.93	-1.81	48148	-0.436	0.397	0.570	-0.148	-0.027	0.529
11.924	-0.444	0.403	0.542	0.96	0.17	-0.12	-2.15	2.08	-1.89	48154	-0.439	0.397	0.569	-0.148	-0.027	0.526
11.937	-0.447	0.402	0.542	0.93	0.15	-0.14	0.68	2.40	-2.26	48145	-0.443	0.397	0.569	-0.149	-0.026	0.524
11.947	-0.449	0.402	0.542	0.92	0.12	-0.16	3.34	2.50	-2.25	48154	-0.446	0.397	0.569	-0.149	-0.026	0.522
11.957	-0.452	0.402	0.542	0.95	0.09	-0.18	6.03	3.04	-2.36	48154	-0.449	0.397	0.568	-0.149	-0.026	0.520
11.967	-0.448	0.399	0.543	1.01	0.01	-0.21	7.49	3.37	-2.21	48138	-0.451	0.397	0.568	-0.149	-0.026	0.518
11.977	-0.447	0.399	0.543	1.08	-0.04	-0.23	8.55	4.15	-1.97	47817	-0.453	0.396	0.568	-0.148	-0.025	0.517
11.987	-0.450	0.398	0.543	1.16	-0.08	-0.25	8.39	3.57	-2.44	47818	-0.456	0.396	0.568	-0.148	-0.025	0.515
11.997	-0.462	0.397	0.543	1.25	-0.06	-0.27	5.98	2.18	-2.24	47813	-0.459	0.395	0.568	-0.148	-0.025	0.513
12.007	-0.465	0.397	0.543	1.32	-0.08	-0.29	4.23	2.07	-2.46	47808	-0.462	0.394	0.568	-0.148	-0.025	0.511
12.016	-0.468	0.396	0.542	1.36	-0.10	-0.32	2.77	1.47	-2.32	48032	-0.466	0.394	0.568	-0.148	-0.025	0.509
12.026	-0.474	0.398	0.542	1.38	-0.10	-0.34	0.75	-0.39	-2.23	48050	-0.469	0.394	0.567	-0.149	-0.025	0.507
12.032	-0.477	0.397	0.542	1.40	-0.10	-0.36	-2.54	-1.41	-2.51	48052	-0.473	0.393	0.567	-0.149	-0.025	0.505
12.047	-0.479	0.398	0.541	1.37	-0.10	-0.38	-1.97	-2.52	-2.74	48053	-0.476	0.393	0.567	-0.149	-0.024	0.503
12.056	-0.481	0.399	0.541	1.34	-0.08	-0.41	-3.43	-3.13	-2.67	48086	-0.479	0.393	0.566	-0.149	-0.024	0.501
12.065	-0.484	0.398	0.541	1.31	-0.05	-0.44	-2.61	-2.37	-2.42	48114	-0.483	0.393	0.566	-0.149	-0.024	0.499
12.076	-0.487	0.398	0.541	1.28	-0.03	-0.46	-2.05	-1.70	-2.34	48118	-0.486	0.392	0.566	-0.149	-0.024	0.497
12.081	-0.490	0.397	0.541	1.25	-0.01	-0.49	-1.31	-2.01	-2.22	48119	-0.489	0.392	0.566	-0.149	-0.023	0.495
12.092	-0.488	0.395	0.541	1.24	-0.02	-0.51	2.27	0.21	-2.10	48134	-0.492	0.392	0.565	-0.149	-0.023	0.494
12.107	-0.491	0.395	0.540	1.25	-0.02	-0.53	1.96	1.75	-2.40	48180	-0.494	0.391	0.565	-0.149	-0.023	0.492
12.117	-0.498	0.395	0.540	1.27	0.00	-0.55	3.11	2.85	-2.00	48182	-0.497	0.391	0.565	-0.149	-0.023	0.490
12.126	-0.501	0.394	0.540	1.29	-0.02	-0.57	5.13	4.30	-1.79	48189	-0.501	0.390	0.564	-0.149	-0.022	0.488
12.137	-0.500	0.394	0.540	1.33	-0.09	-0.59	4.12	4.52	-2.06	48204	-0.503	0.390	0.564	-0.149	-0.022	0.486
12.148	-0.507	0.394	0.540	1.37	-0.11	-0.61	4.99	4.80	-2.10	48126	-0.506	0.389	0.564	-0.149	-0.022	0.484
12.156	-0.508	0.394	0.540	1.41	-0.17	-0.63	4.49	5.01	-2.17	48141	-0.509	0.389	0.564	-0.149	-0.022	0.483
12.165	-0.509	0.394	0.540	1.45	-0.24	-0.66	3.57	5.29	-2.17	48159	-0.512	0.388	0.563	-0.149	-0.021	0.481
12.177	-0.511	0.393	0.540	1.49	-0.29	-0.68	1.98	5.38	-1.83	48185	-0.515	0.388	0.563	-0.148	-0.021	0.479
12.185	-0.514	0.392	0.540	1.52	-0.35	-0.69	1.87	4.37	-1.81	48206	-0.518	0.388	0.563	-0.148	-0.021	0.477
12.195	-0.517	0.391	0.540	1.53	-0.39	-0.71	-0.39	3.76	-1.28	48120	-0.520	0.387	0.563	-0.148	-0.021	0.475
12.202	-0.527	0.392	0.540	1.53	-0.39	-0.72	0.03	3.44	-0.97	48133	-0.524	0.386	0.563	-0.148	-0.020	0.474
12.217	-0.530	0.391	0.540	1.52	-0.42	-0.73	-1.30	0.95	-0.78	48155	-0.528	0.386	0.563	-0.148	-0.020	0.472
12.226	-0.533	0.390	0.540	1.51	-0.44	-0.74	-1.96	-0.53	-0.31	48164	-0.531	0.385	0.562	-0.148	-0.020	0.470
12.237	-0.534	0.391	0.540	1.48	-0.45	-0.75	-1.95	-0.43	-0.22	47977	-0.534	0.385	0.562	-0.148	-0.020	0.469
12.248	-0.536	0.393	0.540	1.44	-0.45	-0.75	-1.80	-0.52	-0.45	47988	-0.538	0.385	0.562	-0.148	-0.019	0.467
12.256	-0.536	0.392	0.540	1.42	-0.47	-0.76	-0.48	-1.07	0.26	48006	-0.540	0.385	0.562	-0.148	-0.019	0.465
12.264	-0.540	0.393	0.540	1.40	-0.45	-0.76	0.28	-0.31	0.38	48004	-0.543	0.384	0.562	-0.148	-0.018	0.464
12.276	-0.543	0.392	0.539	1.40	-0.45	-0.76	1.95	1.11	0.97	48146	-0.546	0.384	0.562	-0.148	-0.018	0.462
12.285	-0.542	0.392	0.539	1.41	-0.47	-0.75	3.99	2.24	0.81	48160	-0.549	0.384	0.562	-0.147	-0.018	0.460
12.294	-0.540	0.387	0.539	1.46	-0.52	-0.75	3.98	1.06	-0.07	48171	-0.551	0.383	0.561	-0.147	-0.017	0.458
12.307	-0.538	0.385	0.539	1.50	-0.57	-0.75	6.00	2.53	-0.05	48175	-0.552	0.382	0.561	-0.146	-0.017	0.457
12.315	-0.540	0.384	0.538	1.57	-0.59	-0.74	6.91	3.78	0.37	48365	-0.554	0.381	0.561	-0.145	-0.017	0.455
12.326	-0.544	0.384	0.538	1.62	-0.62	-0.74	5.94	3.14	0.11	48385	-0.555	0.380	0.560	-0.145	-0.017	0.453
12.334	-0.546	0.382	0.537	1.68	-0.64	-0.74	4.74	0.60	0.03	48395	-0.557	0.379	0.560	-0.144	-0.017	0.452
12.343	-0.548	0.383	0.537	1.72	-0.66	-0.74	3.49	-1.11	0.32	48398	-0.559	0.378	0.560	-0.144	-0.017	0.450
12.358	-0.548	0.384	0.537	1.75	-0.68	-0.74	1.46	-2.63	-0.03	48404	-0.561	0.378	0.559	-0.143	-0.016	0.448
12.366	-0.547	0.382	0.537	1.77	-0.69	-0.74	-0.56	-3.65	0.08	48400	-0.562	0.377	0.559	-0.142	-0.016	0.447
12.377	-0.550	0.381	0.537	1.77	-0.66	-0.74	-2.16	-4.70	-0.22	48407	-0.564	0.376	0.559	-0.141	-0.016	0.445
12.387	-0.554	0.383	0.536	1.73	-0.59	-0.75	-3.84	-8.46	-0.05	48404	-0.566	0.376	0.558	-0.141	-0.015	0.443
12.394	-0.557	0.381	0.536	1.70	-0.53	-0.75	-4.45	-7.47	-0.23	48400	-0.568	0.375	0.558	-0.140	-0.015	0.442
12.407	-0.559	0.380	0.536	1.66	-0.45	-0.75	-3.07	-10.13	-0.05	48416	-0.570	0.374	0.558	-0.140	-0.015	0.440
12.416	-0.555	0.368	0.536	1.69	-0.40	-0.76	-2.26	-8.08	-0.52	48427	-0.571	0.372	0.557	-0.139	-0.015	0.438
12.428	-0.555	0.366	0.536	1.66	-0.33	-0.77	-0.67	-8.34	-0.16	48417	-0.572	0.370	0.557	-0.138	-0.015	0.437
12.437	-0.560	0.365	0.535	1.64	-0.22	-0.77	0.48	-6.22	-0.26	48417	-0.574	0.368	0.557	-0.137	-0.015	0.435
12.444	-0.562	0.363	0.535	1.64	-0.16	-0.78	1.11	-4.53	-0.27	48427	-0.575	0.366	0.557	-0.137	-0.015	0.433
12.458	-0.561	0.362	0.535	1.65	-0.13	-0.78	1.25	-3.70	-0.21	48514	-0.577	0.364	0.556	-0.136	-0.015	0.432
12.466	-0.562	0.363	0.534	1.65	-0.10	-0.79	1.39	-3.10	-0.06	48505	-0.578	0.362	0.556	-0.135	-0.015	0.430
12.477	-0.564	0.362	0.534	1.66	-0.07	-0.79	1.15	-3.04	-0.10	48519	-0.579	0.361	0.556	-0.134	-0.015	0.428
12.487	-0.567	0.360	0.534	1.68	-0.04	-0.79	-0.55	-3.28	-0.52	48532	-0.581	0.359	0.555	-0.134	-0.015	0.427
12.496	-0.571	0.364	0.533	1.64	0.00	-0.80	-2.38	-2.54	-0.49	48667	-0.583	0.358	0.555	-0.133	-0.015	0.425
12.507	-0.573	0.362	0.533	1.63	0.03	-0.80	-3.90	-2.10	-1.08	48668	-0.584	0.357	0.555	-0.133	-0.015	0.424
12.516	-0.576	0.360	0.533	1.59	0.05	-0.81	-5.39	-1.76	-0.97	48680	-0.586	0.355	0.554	-0.132	-0.014	0.422
12.526	-0.574	0.353	0.532	1.58	0.05	-0.82	-7.27	-1.27	-0.84	48691	-0.588	0.353	0.554	-0.131	-0.015	0.420
12.537	-0.576	0.351	0.532	1.51	0.06	-0.83	-8.11	-1.01	-0.83	48709	-0.589	0.351	0.554	-0.131	-0.015	0.419
12.544	-0.579	0.349	0.532	1.43	0.07	-0.84	-9.18	-1.38	-0.91	48709	-0.591	0.349	0.553	-0.130	-0.015	0.417
12.554	-0.581	0.347	0.532	1.35	0.08	-0.85	-9.74	-1.57	-0.48	48702	-0.593	0.347	0.553	-0.130	-0.015	0.415
12.566	-0.577	0.330	0.531	1.34	0.06	-0.85	-9.43	-1.92	-0.32	48712	-0.594	0.343	0.553	-0.129	-0.015	0.414
12.576	-0.582	0.329	0.531	1.24	0.09	-0.85	-8.65	-1.24	-0.44	48710	-0.595	0.340	0.552	-0.128	-0.016	0.412
12.587	-0.584	0.335	0.532	1.10	0.11	-0.86	-6.98	0.04	-0.90	48554	-0.597	0.337	0.552	-0.127	-0.016	0.411
12.594	-0.584	0.339	0.532	0.99	0.10	-0.87	-5.47	-0.48	-0.70	48520	-0.598	0.336	0.552	-0.127	-0.016	0.409
12.606	-0.585	0.344	0.532	0.89	0.09	-0.89	-4.24	0.67	-0.85	48487	-0.600	0.335	0.552	-0.126	-0.015	0.408
12.613	-0.587	0.346	0.531	0.82	0.10	-0.90	-2.17	-0.47	-1.12	48473	-0.601	0.334	0.552	-0.125	-0.015	0.406
12.626	-0.587	0.336	0.532	0.84	0.08	-0.90	0.10	-0.74	-1.34	48427	-0.602	0.333	0.552	-0.124	-0.015	0.404
12.633	-0.589	0.334	0.531	0.83	0.08	-0.92	2.49	-0.64	-1.32	48405	-0.603	0.331	0.552	-0.124	-0.014	0.403
12.645	-0.590	0.335	0.531	0.83	0.07	-0.93	4.11	-0.85	-1.15	48371	-0.605	0.329	0.552	-0.123	-0.014	0.401
12.656	-0.592	0.333	0.531	0.87	0.08	-0.94	5.89	-2.49	-1.37	48351	-0.606	0.328	0.551	-0.122	-0.014	0.400
12.666	-0.597	0.334	0.532	0.91	0.11	-0.96	5.42	-2.42	-1.43	48342	-0.608	0.327	0.551	-0.122	-0.013	0.398
12.676	-0.592	0.334	0.532	0.95	0.09	-0.97	4.50	-3.14	-1.10	48197	-0.609	0.326	0.551	-0.121	-0.013	0.397
12.686	-0.594	0.335	0.532	0.98	0.13	-0.99	3.41	-4.03	-1.12	48171	-0.610	0.325	0.551	-0.120	-0.013	0.395
12.695	-0.595	0.336	0.532	1.00	0.16	-1.00	2.18	-2.91	-1.42	48158	-0.611	0.324	0.551	-0.119	-0.012	0.394
12.705	-0.595	0.333	0.532	1.03	0.17	-1.02	1.25	-3.05	-1.54	48155	-0.612	0.323	0.551	-0.118	-0.011	0.392
12.717	-0.594	0.323	0.531	1.10	0.18	-1.03	0.04	-3.75	-1.77	48291	-0.612	0.321	0.551	-0.117	-0.011	0.391
12.726	-0.593	0.321	0.531	1.10	0.20	-1.05	-0.85	-1.04	-1.99	48283	-0.613	0.320	0.551	-0.116	-0.011	0.389
12.734	-0.596	0.319	0.531	1.10	0.23	-1.07	-1.76	-2.66	-2.07	48290	-0.613	0.318	0.551	-0.116	-0.011	0.388
12.746	-0.597	0.321	0.531	1.06	0.25	-1.09	-2.28	-2.40	-2.68	48306	-0.614	0.316	0.551	-0.115	-0.011	0.387
12.750	-0.599	0.319	0.531	1.04	0.27	-1.12	-2.93	-1.18	-2.54	48237	-0.615	0.314	0.550	-0.114	-0.011	0.385
12.767	-0.599	0.324	0.531	0.96	0.28	-1.15	-2.47	-0.15	-2.63	48221	-0.616	0.314	0.550	-0.113	-0.010	0.384
12.775	-0.601	0.323	0.531	0.94	0.28	-1.17	-1.33	-2.00	-2.57	48218	-0.616	0.313	0.550	-0.112	-0.010	0.382
12.787	-0.603	0.321	0.531	0.92	0.30	-1.20	-1.27	-0.45	-2.80	48228	-0.617	0.312	0.550	-0.111	-0.009	0.381
12.794	-0.605	0.319	0.531	0.91	0.30	-1.23	0.10	1.29	-2.86	48221	-0.619	0.310	0.550	-0.111	-0.009	0.379
12.803	-0.603	0.310	0.531	0.95	0.27	-1.25	1.39	1.51	-2.71	48232	-0.619	0.308	0.550	-0.110	-0.009	0.378
12.817	-0.605	0.308	0.531	0.95	0.26	-1.28	1.87	2.42	-2.26	48228	-0.620	0.306	0.550	-0.109	-0.009	0.377
12.826	-0.605	0.310	0.531	0.95	0.22	-1.31	1.30	1.73	-2.09	48226	-0.621	0.305	0.550	-0.108	-0.008	0.375
12.836	-0.610	0.313	0.531	0.93	0.22	-1.33	1.08	1.76	-2.28	48228	-0.622	0.304	0.550	-0.108	-0.008	0.374
12.846	-0.610	0.309	0.530	0.96	0.19	-1.35	1.84	2.41	-1.88	48442	-0.623	0.302	0.549	-0.107	-0.007	0.372
12.857	-0.612	0.305	0.530	0.99	0.17	-1.37	1.43	0.01	-1.52	48438	-0.624	0.301	0.549	-0.106	-0.007	0.371
12.860	-0.614	0.302	0.530	1.00	0.16	-1.39	0.93	0.32	-1.67	48439	-0.626	0.299	0.549	-0.106	-0.007	0.369
12.876	-0.613	0.294	0.530	1.04	0.14	-1.40	1.19	0.02	-1.46	48454	-0.627	0.296	0.548	-0.105	-0.007	0.368
12.886	-0.615	0.292	0.530	1.06	0.14	-1.42	1.19	-0.86	-1.12	48464	-0.628	0.294	0.548	-0.105	-0.007	0.367
12.898	-0.616	0.294	0.530	1.04	0.13	-1.43	0.29	-0.17	-1.25	48432	-0.629	0.291	0.548	-0.104	-0.007	0.365
12.904	-0.618	0.291	0.530	1.05	0.14	-1.44	0.38	-0.48	-0.87	48438	-0.630	0.289	0.548	-0.103	-0.007	0.364
12.911	-0.617	0.294	0.529	1.02	0.14	-1.46	0.62	-0.78	-1.00	48453	-0.631	0.288	0.548	-0.103	-0.007	0.362
12.924	-0.619	0.292	0.529	1.03	0.15	-1.47	0.28	0.08	-0.76	48458	-0.632	0.286	0.548	-0.102	-0.006	0.361
12.937	-0.617	0.295	0.529	1.01	0.13	-1.48	0.82	2.20	-0.87	48484	-0.633	0.285	0.547	-0.101	-0.006	0.360
12.947	-0.619	0.293	0.529	1.01	0.11	-1.48	1.66	2.96	-0.67	48480	-0.633	0.284	0.547	-0.100	-0.005	0.358
12.952	-0.627	0.295	0.529	1.00	0.12	-1.49	2.35	3.22	-0.78	48462	-0.635	0.283	0.547	-0.100	-0.005	0.357
12.962	-0.628	0.292	0.529	1.02	0.09	-1.50	3.24	4.10	-0.96	48459	-0.637	0.282	0.547	-0.099	-0.004	0.355
12.976	-0.628	0.293	0.528	1.03	0.04	-1.51	4.49	3.41	-0.88	48603	-0.638	0.281	0.547	-0.099	-0.004	0.354
12.986	-0.626	0.296	0.528	1.05	-0.02	-1.52	6.02	2.75	-0.78	48606	-0.639	0.281	0.546	-0.098	-0.003	0.353
12.997	-0.632	0.299	0.528	1.07	-0.03	-1.52	6.06	1.99	-0.84	48602	-0.641	0.281	0.546	-0.098	-0.002	0.351
13.002	-0.632	0.299	0.528	1.11	-0.06	-1.53	5.91	1.19	-0.60	48605	-0.642	0.281	0.546	-0.097	-0.001	0.350
13.013	-0.633	0.299	0.528	1.16	-0.08	-1.54	5.93	0.75	-0.49	48615	-0.643	0.281	0.546	-0.097	-0.000	0.349
13.021	-0.634	0.298	0.530	1.21	-0.10	-1.55	6.47	0.48	-0.08	48228	-0.645	0.281	0.546	-0.096	0.001	0.347
13.036	-0.634	0.288	0.530	1.32	-0.12	-1.55	6.01	0.37	-0.16	48215	-0.646	0.280	0.546	-0.096	0.001	0.346
13.046	-0.635	0.285	0.530	1.39	-0.13	-1.55	6.57	0.41	-0.20	48201	-0.647	0.278	0.546	-0.095	0.001	0.345
13.055	-0.635	0.278	0.530	1.47	-0.15	-1.56	4.86	-0.75	-0.20	48206	-0.648	0.276	0.546	-0.094	0.001	0.344
13.062	-0.634	0.277	0.531	1.52	-0.16	-1.56	3.27	-0.70	-0.43	48045	-0.649	0.274	0.546	-0.094	0.002	0.342
13.075	-0.636	0.275	0.531	1.56	-0.15	-1.56	4.43	-0.76	-0.51	48034	-0.649	0.272	0.547	-0.093	0.002	0.341
13.085	-0.643	0.278	0.531	1.57	-0.11	-1.57	1.20	-0.82	-0.06	48028	-0.651	0.271	0.547	-0.093	0.002	0.340
13.098	-0.643	0.282	0.531	1.56	-0.11	-1.57	1.66	0.27	-0.11	48036	-0.652	0.270	0.547	-0.092	0.003	0.339
13.103	-0.643	0.283	0.530	1.55	-0.11	-1.57	-0.65	1.32	0.11	48050	-0.654	0.269	0.547	-0.092	0.004	0.338
13.116	-0.645	0.281	0.530	1.55	-0.12	-1.57	-1.03	3.08	0.18	48264	-0.655	0.269	0.546	-0.091	0.004	0.336
13.121	-0.647	0.274	0.530	1.57	-0.15	-1.57	-1.47	4.24	0.27	48268	-0.656	0.267	0.546	-0.091	0.005	0.335
13.137	-0.649	0.272	0.530	1.55	-0.18	-1.57	-1.87	5.15	0.01	48278	-0.658	0.266	0.546	-0.090	0.005	0.334
13.144	-0.654	0.267	0.530	1.55	-0.22	-1.56	-1.81	6.02	0.60	48301	-0.660	0.264	0.546	-0.090	0.005	0.332
13.159	-0.654	0.269	0.529	1.51	-0.28	-1.56	-1.29	6.13	0.20	48433	-0.661	0.262	0.546	-0.089	0.005	0.331
13.165	-0.656	0.267	0.529	1.50	-0.34	-1.55	-1.69	6.26	0.61	48451	-0.663	0.260	0.546	-0.089	0.006	0.330
13.171	-0.654	0.270	0.529	1.45	-0.43	-1.55	-1.79	6.45	0.15	48468	-0.664	0.259	0.545	-0.089	0.006	0.329
13.186	-0.652	0.269	0.529	1.42	-0.51	-1.55	-0.98	4.63	0.09	48475	-0.665	0.258	0.545	-0.088	0.007	0.327
13.197	-0.651	0.272	0.528	1.37	-0.58	-1.54	-1.05	4.65	0.31	48528	-0.666	0.258	0.545	-0.087	0.008	0.326
13.203	-0.656	0.264	0.528	1.40	-0.60	-1.54	-0.87	1.70	0.27	48531	-0.667	0.256	0.545	-0.087	0.008	0.325
13.214	-0.658	0.261	0.528	1.39	-0.62	-1.53	-1.19	1.26	0.10	48525	-0.668	0.254	0.545	-0.086	0.008	0.324
13.225	-0.657	0.266	0.528	1.34	-0.65	-1.53	-0.41	-0.05	0.39	48530	-0.669	0.254	0.544	-0.085	0.009	0.322
13.236	-0.659	0.264	0.528	1.33	-0.65	-1.53	-0.87	-1.70	0.67	48545	-0.670	0.253	0.544	-0.085	0.010	0.321
13.244	-0.662	0.241	0.528	1.46	-0.63	-1.52	-0.92	-1.02	0.26	48552	-0.672	0.249	0.544	-0.084	0.009	0.320
13.258	-0.662	0.244	0.528	1.41	-0.63	-1.52	-0.42	-0.40	0.37	48538	-0.673	0.246	0.544	-0.084	0.009	0.319
13.264	-0.661	0.247	0.528	1.37	-0.63	-1.51	-0.50	0.70	0.34	48541	-0.674	0.244	0.544	-0.083	0.009	0.317
13.276	-0.662	0.240	0.528	1.40	-0.64	-1.51	-0.97	0.98	0.91	48556	-0.675	0.241	0.544	-0.082	0.009	0.316
13.285	-0.661	0.238	0.528	1.39	-0.65	-1.50	-0.40	2.64	0.24	48520	-0.675	0.238	0.544	-0.082	0.009	0.315
13.295	-0.662	0.231	0.528	1.41	-0.68	-1.50	-1.22	2.91	0.31	48517	-0.676	0.235	0.543	-0.081	0.009	0.314
13.306	-0.664	0.233	0.527	1.37	-0.70	-1.49	-2.16	2.64	0.42	48511	-0.677	0.232	0.543	-0.080	0.009	0.313
13.315	-0.666	0.234	0.527	1.33	-0.72	-1.49	-3.21	4.49	-0.16	48524	-0.678	0.230	0.543	-0.080	0.009	0.311
13.322	-0.668	0.239	0.527	1.25	-0.75	-1.49	-3.85	3.60	-0.29	48537	-0.679	0.229	0.543	-0.079	0.010	0.310
13.336	-0.670	0.237	0.527	1.21	-0.79	-1.49	-4.28	2.96	-0.22	48560	-0.680	0.227	0.543	-0.079	0.010	0.309
13.345	-0.671	0.232	0.527	1.18	-0.82	-1.49	-4.09	1.54	-0.22	48554	-0.682	0.225	0.543	-0.078	0.011	0.308
13.353	-0.672	0.230	0.527	1.14	-0.84	-1.49	-3.74	0.30	-0.35	48556	-0.683	0.223	0.543	-0.078	0.011	0.307
13.364	-0.672	0.220	0.527	1.14	-0.86	-1.49	-3.13	-0.63	-0.76	48564	-0.684	0.220	0.543	-0.077	0.011	0.305
13.376	-0.673	0.209	0.528	1.16	-0.86	-1.50	-2.65	-2.08	-0.71	48396	-0.685	0.217	0.543	-0.076	0.011	0.304
13.383	-0.673	0.212	0.528	1.10	-0.85	-1.51	-2.52	-3.48	-1.02	48379	-0.686	0.214	0.543	-0.076	0.010	0.303
13.395	-0.672	0.217	0.528	1.02	-0.83	-1.52	-3.83	-3.28	-1.25	48361	-0.687	0.211	0.543	-0.075	0.011	0.302
13.404	-0.673	0.214	0.528	0.99	-0.80	-1.53	-3.58	-4.44	-1.33	48353	-0.687	0.209	0.542	-0.074	0.011	0.301
13.414	-0.675	0.194	0.527	1.06	-0.76	-1.54	-4.12	-4.39	-1.50	48394	-0.688	0.205	0.542	-0.074	0.011	0.300
13.425	-0.675	0.198	0.527	0.97	-0.72	-1.56	-4.43	-3.39	-1.60	48386	-0.689	0.201	0.542	-0.073	0.010	0.299
13.432	-0.676	0.174	0.527	1.07	-0.69	-1.56	-4.89	-0.90	-1.40	48394	-0.690	0.195	0.542	-0.072	0.009	0.297
13.442	-0.677	0.177	0.527	0.97	-0.67	-1.58	-5.44	-0.79	-1.63	48389	-0.690	0.190	0.542	-0.071	0.009	0.296
13.456	-0.676	0.184	0.527	0.86	-0.67	-1.60	-6.11	1.83	-1.85	48374	-0.691	0.187	0.542	-0.071	0.008	0.295
13.464	-0.677	0.180	0.526	0.80	-0.68	-1.62	-7.97	1.40	-1.23	48514	-0.692	0.183	0.542	-0.070	0.008	0.294
13.475	-0.680	0.164	0.526	0.81	-0.69	-1.63	-9.19	2.68	-1.03	48524	-0.693	0.178	0.542	-0.069	0.007	0.293
13.488	-0.679	0.168	0.526	0.67	-0.73	-1.64	-9.97	2.70	-0.92	48524	-0.693	0.174	0.541	-0.068	0.007	0.292
13.496	-0.680	0.163	0.526	0.59	-0.76	-1.65	-9.86	2.75	-0.46	48533	-0.694	0.170	0.541	-0.068	0.007	0.291
13.507	-0.681	0.152	0.525	0.54	-0.79	-1.65	-9.87	1.69	-0.48	48685	-0.695	0.165	0.541	-0.067	0.006	0.289
13.516	-0.682	0.149	0.525	0.44	-0.82	-1.65	-9.04	0.72	-0.36	48687	-0.696	0.160	0.541	-0.066	0.006	0.288
13.527	-0.685	0.131	0.525	0.45	-0.82	-1.65	-8.90	-0.50	-0.16	48704	-0.697	0.154	0.540	-0.066	0.004	0.287
13.533	-0.686	0.127	0.525	0.36	-0.81	-1.65	-8.49	-1.36	-0.26	48712	-0.698	0.148	0.540	-0.065	0.003	0.286
13.550	-0.688	0.124	0.526	0.28	-0.80	-1.65	-7.99	-3.75	-0.02	48715	-0.699	0.142	0.540	-0.065	0.002	0.285
13.556	-0.688	0.123	0.525	0.18	-0.78	-1.66	-8.69	-4.78	0.32	48546	-0.700	0.137	0.540	-0.064	0.002	0.284
13.566	-0.689	0.115	0.525	0.12	-0.74	-1.65	-9.74	-4.66	0.62	48546	-0.701	0.131	0.540	-0.063	0.001	0.282
13.576	-0.689	0.119	0.525	-0.03	-0.69	-1.65	-10.56	-4.00	0.41	48535	-0.702	0.127	0.540	-0.063	0.001	0.281
13.586	-0.687	0.126	0.525	-0.20	-0.67	-1.65	-11.05	-3.16	1.12	48537	-0.702	0.123	0.540	-0.062	0.001	0.280
13.595	-0.691	0.108	0.525	-0.21	-0.62	-1.64	-10.87	-2.44	0.64	48646	-0.703	0.119	0.540	-0.061	0.000	0.279
13.605	-0.692	0.105	0.525	-0.32	-0.59	-1.63	-9.80	-1.10	0.97	48633	-0.704	0.114	0.540	-0.061	-0.000	0.278
13.617	-0.691	0.109	0.525	-0.47	-0.58	-1.62	-8.52	0.56	1.02	48613	-0.705	0.110	0.539	-0.060	-0.000	0.277
13.624	-0.689	0.113	0.525	-0.62	-0.60	-1.62	-6.99	2.24	1.15	48604	-0.705	0.108	0.539	-0.059	-0.000	0.276
13.632	-0.691	0.105	0.524	-0.66	-0.61	-1.61	-4.10	3.14	1.23	48643	-0.706	0.104	0.539	-0.058	-0.000	0.275
13.643	-0.690	0.105	0.524	-0.73	-0.65	-1.60	-2.27	4.09	1.27	48643	-0.706	0.101	0.539	-0.058	0.000	0.273
13.657	-0.691	0.102	0.524	-0.76	-0.69	-1.59	0.62	4.79	1.12	48627	-0.707	0.098	0.539	-0.057	0.000	0.272
13.666	-0.693	0.094	0.524	-0.74	-0.72	-1.57	3.19	4.24	1.14	48610	-0.707	0.095	0.539	-0.056	0.000	0.271
13.675	-0.694	0.090	0.525	-0.72	-0.77	-1.56	5.18	3.85	1.13	48602	-0.708	0.091	0.539	-0.055	0.000	0.270
13.683	-0.695	0.088	0.525	-0.68	-0.81	-1.55	7.27	2.77	0.84	48467	-0.709	0.088	0.539	-0.055	0.000	0.269
13.691	-0.696	0.086	0.525	-0.63	-0.84	-1.55	6.61	1.21	0.96	48464	-0.709	0.085	0.539	-0.054	0.000	0.268
13.701	-0.696	0.083	0.525	-0.55	-0.85	-1.53	7.13	-0.58	1.09	48456	-0.710	0.082	0.539	-0.053	0.000	0.267
13.715	-0.697	0.080	0.525	-0.48	-0.86	-1.52	6.50	-1.81	1.10	48453	-0.711	0.079	0.539	-0.053	0.000	0.266
13.725	-0.699	0.080	0.525	-0.43	-0.84	-1.52	4.72	-2.71	0.74	48428	-0.712	0.076	0.539	-0.052	0.001	0.265
13.732	-0.699	0.082	0.525	-0.42	-0.82	-1.51	2.20	-4.23	1.59	48437	-0.712	0.074	0.539	-0.051	0.001	0.264
13.742	-0.699	0.084	0.525	-0.42	-0.79	-1.50	-0.12	-4.89	1.60	48433	-0.713	0.072	0.539	-0.051	0.002	0.263
13.755	-0.700	0.084	0.525	-0.43	-0.74	-1.49	-0.36	-4.09	1.62	48425	-0.714	0.071	0.539	-0.050	0.002	0.262
13.766	-0.700	0.086	0.525	-0.47	-0.70	-1.47	-0.68	-1.82	1.42	48424	-0.714	0.070	0.539	-0.049	0.003	0.261
13.776	-0.701	0.077	0.525	-0.44	-0.66	-1.45	-0.24	-1.04	1.37	48343	-0.715	0.068	0.539	-0.048	0.004	0.260
13.782	-0.701	0.079	0.525	-0.48	-0.65	-1.45	1.81	0.49	1.69	48337	-0.715	0.067	0.539	-0.048	0.004	0.259
13.796	-0.702	0.077	0.525	-0.47	-0.65	-1.43	4.24	2.88	1.54	48332	-0.716	0.065	0.539	-0.047	0.005	0.258
13.806	-0.701	0.079	0.525	-0.48	-0.68	-1.42	6.98	6.14	1.56	48334	-0.716	0.064	0.539	-0.046	0.006	0.257
13.816	-0.702	0.079	0.525	-0.44	-0.72	-1.40	8.15	8.03	1.44	48430	-0.717	0.063	0.539	-0.045	0.006	0.256
13.826	-0.702	0.080	0.525	-0.39	-0.80	-1.39	10.17	8.34	1.74	48432	-0.717	0.063	0.538	-0.045	0.007	0.255
13.833	-0.702	0.078	0.525	-0.30	-0.88	-1.38	11.08	7.85	2.01	48424	-0.718	0.062	0.538	-0.044	0.008	0.254
13.841	-0.707	0.073	0.525	-0.18	-0.93	-1.36	12.30	5.18	1.79	48420	-0.719	0.061	0.538	-0.043	0.009	0.253
13.855	-0.708	0.070	0.524	-0.05	-1.00	-1.34	11.79	6.26	1.05	48475	-0.720	0.059	0.538	-0.043	0.009	0.251
13.864	-0.710	0.070	0.524	0.05	-1.05	-1.33	11.90	4.12	1.50	48492	-0.721	0.058	0.538	-0.042	0.010	0.250
13.875	-0.710	0.067	0.524	0.17	-1.10	-1.32	11.59	2.00	1.62	48498	-0.722	0.057	0.538	-0.041	0.011	0.249
13.884	-0.713	0.058	0.524	0.34	-1.11	-1.29	8.81	0.79	2.16	48502	-0.723	0.054	0.538	-0.041	0.011	0.248
13.897	-0.713	0.057	0.525	0.42	-1.13	-1.28	7.12	0.76	2.02	48499	-0.724	0.052	0.538	-0.040	0.011	0.247
13.905	-0.713	0.055	0.525	0.50	-1.14	-1.26	5.85	-0.14	1.47	48451	-0.725	0.050	0.538	-0.040	0.011	0.246
13.913	-0.714	0.056	0.525	0.54	-1.14	-1.24	3.50	-0.52	1.82	48459	-0.726	0.048	0.538	-0.039	0.012	0.245
13.926	-0.714	0.050	0.524	0.60	-1.14	-1.23	2.32	0.21	1.64	48457	-0.726	0.046	0.538	-0.039	0.012	0.244
13.933	-0.714	0.050	0.524	0.62	-1.14	-1.21	1.96	2.66	0.90	48441	-0.727	0.044	0.537	-0.038	0.012	0.243
13.943	-0.714	0.047	0.525	0.64	-1.16	-1.20	3.37	3.19	1.11	48254	-0.728	0.042	0.538	-0.037	0.012	0.243
13.957	-0.715	0.044	0.525	0.67	-1.18	-1.19	3.39	3.36	1.53	48255	-0.729	0.040	0.538	-0.036	0.013	0.242
13.967	-0.714	0.046	0.526	0.67	-1.23	-1.18	3.73	3.81	1.50	48244	-0.729	0.038	0.538	-0.036	0.013	0.241
13.977	-0.715	0.048	0.526	0.67	-1.26	-1.16	2.43	3.66	1.61	48238	-0.730	0.036	0.538	-0.035	0.014	0.240
13.984	-0.715	0.045	0.525	0.70	-1.30	-1.15	3.26	4.98	1.31	48235	-0.730	0.035	0.538	-0.034	0.014	0.239
13.992	-0.716	0.042	0.525	0.74	-1.35	-1.13	4.32	3.57	1.62	48413	-0.731	0.033	0.537	-0.033	0.015	0.238
14.006	-0.715	0.045	0.525	0.74	-1.40	-1.12	5.43	2.13	1.96	48419	-0.731	0.032	0.537	-0.033	0.015	0.237
14.014	-0.721	0.045	0.525	0.77	-1.38	-1.11	5.65	2.53	1.31	48421	-0.732	0.031	0.537	-0.032	0.016	0.236
14.028	-0.721	0.043	0.525	0.83	-1.40	-1.09	5.44	-0.23	1.47	48428	-0.733	0.030	0.537	-0.031	0.017	0.235
14.035	-0.721	0.040	0.524	0.88	-1.41	-1.08	6.31	0.41	1.28	48561	-0.734	0.029	0.537	-0.031	0.017	0.234
14.043	-0.722	0.038	0.524	0.94	-1.41	-1.06	7.03	-1.76	1.91	48585	-0.735	0.028	0.537	-0.030	0.018	0.233
14.051	-0.722	0.039	0.524	0.98	-1.40	-1.05	7.11	-2.15	1.55	48597	-0.735	0.027	0.537	-0.029	0.018	0.232
14.060	-0.722	0.044	0.524	1.00	-1.38	-1.04	7.00	-3.16	2.07	48609	-0.736	0.026	0.536	-0.029	0.019	0.231
14.074	-0.721	0.039	0.524	1.09	-1.36	-1.02	5.90	-4.23	2.55	48517	-0.736	0.026	0.536	-0.028	0.020	0.230
14.085	-0.721	0.032	0.524	1.18	-1.32	-0.99	4.08	-3.17	2.37	48534	-0.737	0.024	0.536	-0.027	0.020	0.229
14.094	-0.722	0.031	0.524	1.22	-1.28	-0.97	4.48	-1.45	2.56	48552	-0.737	0.022	0.536	-0.026	0.021	0.228
14.103	-0.722	0.022	0.524	1.32	-1.27	-0.94	4.10	-0.50	2.26	48554	-0.738	0.020	0.536	-0.026	0.021	0.227
14.114	-0.723	0.022	0.524	1.34	-1.25	-0.92	4.29	1.89	1.88	48545	-0.738	0.018	0.536	-0.025	0.021	0.226
14.125	-0.723	0.021	0.523	1.37	-1.27	-0.90	4.06	3.07	1.69	48627	-0.739	0.016	0.536	-0.024	0.021	0.225
14.135	-0.723	0.018	0.523	1.41	-1.29	-0.89	2.86	4.01	1.36	48647	-0.739	0.014	0.536	-0.023	0.022	0.225
14.142	-0.723	0.020	0.523	1.41	-1.34	-0.87	1.04	3.59	1.09	48645	-0.739	0.012	0.536	-0.022	0.022	0.224
14.154	-0.722	0.024	0.523	1.38	-1.38	-0.87	1.20	3.13	1.31	48641	-0.739	0.011	0.535	-0.021	0.023	0.223
14.164	-0.722	0.026	0.523	1.36	-1.41	-0.86	-0.99	3.39	1.24	48660	-0.740	0.010	0.535	-0.021	0.023	0.222
14.175	-0.721	0.030	0.523	1.31	-1.44	-0.85	-0.98	2.25	1.27	48668	-0.740	0.010	0.535	-0.020	0.024	0.221
14.183	-0.720	0.024	0.523	1.33	-1.48	-0.83	-1.79	1.27	0.88	48682	-0.740	0.009	0.535	-0.019	0.025	0.220
14.195	-0.722	0.018	0.523	1.33	-1.48	-0.82	-0.38	0.48	1.08	48682	-0.740	0.008	0.535	-0.018	0.026	0.219
14.200	-0.721	0.020	0.523	1.29	-1.48	-0.81	0.45	-0.78	1.13	48672	-0.740	0.007	0.535	-0.017	0.026	0.218
14.216	-0.721	0.017	0.523	1.29	-1.48	-0.80	1.34	-2.28	1.57	48564	-0.740	0.006	0.535	-0.016	0.027	0.217
14.224	-0.722	0.012	0.523	1.32	-1.46	-0.79	1.40	-1.83	0.88	48579	-0.740	0.004	0.535	-0.015	0.027	0.216
14.235	-0.724	0.010	0.523	1.33	-1.42	-0.78	1.39	-3.97	1.55	48584	-0.740	0.002	0.535	-0.014	0.028	0.215
14.242	-0.724	0.004	0.523	1.37	-1.38	-0.76	1.80	-2.99	1.33	48573	-0.740	-0.000	0.535	-0.013	0.028	0.214
14.255	-0.725	0.006	0.522	1.35	-1.34	-0.75	0.63	-2.29	1.20	48719	-0.741	-0.002	0.535	-0.012	0.028	0.214
14.268	-0.725	0.008	0.522	1.33	-1.30	-0.74	0.20	-0.94	1.31	48722	-0.741	-0.003	0.534	-0.012	0.029	0.213
14.275	-0.725	0.007	0.522	1.31	-1.29	-0.73	0.40	-0.46	1.03	48728	-0.741	-0.004	0.534	-0.011	0.029	0.212
14.287	-0.725	-0.011	0.522	1.44	-1.28	-0.71	-0.25	1.35	0.92	48740	-0.742	-0.008	0.534	-0.010	0.029	0.211
14.291	-0.725	-0.014	0.521	1.44	-1.29	-0.70	-0.14	2.83	0.38	48790	-0.742	-0.011	0.534	-0.009	0.029	0.210
14.300	-0.725	-0.012	0.521	1.40	-1.32	-0.70	-1.03	4.01	0.53	48773	-0.742	-0.014	0.534	-0.008	0.029	0.209
14.315	-0.724	-0.018	0.521	1.42	-1.36	-0.69	-2.60	4.56	0.59	48775	-0.742	-0.017	0.533	-0.007	0.029	0.208
14.324	-0.725	-0.027	0.521	1.45	-1.39	-0.68	-4.25	3.68	0.21	48790	-0.742	-0.021	0.533	-0.006	0.029	0.207
14.336	-0.725	-0.030	0.521	1.41	-1.43	-0.67	-6.05	3.75	-0.10	48789	-0.743	-0.024	0.533	-0.005	0.028	0.206
14.345	-0.725	-0.033	0.520	1.36	-1.47	-0.67	-7.91	2.36	0.27	48869	-0.743	-0.028	0.533	-0.005	0.028	0.205
14.355	-0.725	-0.043	0.520	1.33	-1.50	-0.66	-9.41	1.69	-0.03	48879	-0.743	-0.033	0.533	-0.004	0.028	0.204
14.366	-0.725	-0.048	0.520	1.26	-1.52	-0.66	-10.16	-0.06	0.35	48874	-0.743	-0.037	0.533	-0.003	0.027	0.203
14.374	-0.725	-0.051	0.520	1.16	-1.52	-0.66	-11.98	-1.20	0.86	48868	-0.743	-0.042	0.532	-0.002	0.027	0.202
14.385	-0.725	-0.057	0.520	1.07	-1.50	-0.65	-12.34	-2.76	0.95	48945	-0.743	-0.046	0.532	-0.001	0.026	0.201
14.395	-0.726	-0.063	0.519	0.97	-1.47	-0.64	-12.13	-2.57	0.64	48934	-0.743	-0.051	0.532	-0.000	0.026	0.200
14.406	-0.725	-0.066	0.519	0.85	-1.44	-0.63	-13.66	-2.37	0.67	48921	-0.743	-0.056	0.532	0.001	0.025	0.199
14.415	-0.726	-0.072	0.519	0.73	-1.41	-0.62	-12.18	-3.94	0.71	48921	-0.743	-0.061	0.532	0.002	0.024	0.199
14.425	-0.725	-0.075	0.520	0.61	-1.37	-0.62	-11.29	-2.00	0.39	48915	-0.743	-0.065	0.532	0.003	0.024	0.198
14.436	-0.724	-0.079	0.520	0.49	-1.35	-0.61	-11.83	-1.46	0.63	48744	-0.743	-0.070	0.532	0.004	0.023	0.197
14.441	-0.723	-0.078	0.520	0.34	-1.33	-0.61	-12.04	0.21	0.36	48723	-0.743	-0.074	0.532	0.005	0.023	0.196
14.455	-0.724	-0.084	0.520	0.24	-1.32	-0.60	-12.21	2.56	0.57	48713	-0.743	-0.078	0.531	0.006	0.023	0.195
14.466	-0.723	-0.084	0.520	0.09	-1.34	-0.60	-12.17	2.71	0.83	48703	-0.743	-0.082	0.531	0.007	0.023	0.194
14.475	-0.723	-0.087	0.519	-0.03	-1.36	-0.59	-11.44	2.78	0.92	48735	-0.742	-0.085	0.531	0.008	0.023	0.193
14.485	-0.722	-0.093	0.519	-0.13	-1.40	-0.58	-11.00	3.53	1.23	48706	-0.742	-0.089	0.531	0.009	0.023	0.192
14.495	-0.721	-0.089	0.519	-0.30	-1.44	-0.58	-8.87	3.12	1.26	48676	-0.742	-0.092	0.531	0.010	0.023	0.191
14.503	-0.721	-0.097	0.519	-0.36	-1.47	-0.56	-8.92	3.25	1.05	48668	-0.741	-0.096	0.531	0.011	0.023	0.190
14.511	-0.721	-0.102	0.520	-0.43	-1.50	-0.55	-8.04	2.24	1.03	48448	-0.741	-0.099	0.531	0.012	0.022	0.190
14.525	-0.721	-0.106	0.520	-0.52	-1.52	-0.54	-8.01	1.35	0.85	48429	-0.741	-0.103	0.531	0.013	0.022	0.189
14.533	-0.719	-0.115	0.520	-0.55	-1.54	-0.53	-5.08	0.58	1.05	48418	-0.740	-0.107	0.531	0.014	0.022	0.188
14.545	-0.720	-0.116	0.521	-0.62	-1.54	-0.52	-4.58	-2.42	1.11	48394	-0.740	-0.111	0.532	0.015	0.022	0.187
14.553	-0.719	-0.115	0.522	-0.71	-1.52	-0.51	-5.01	-3.11	1.44	48384	-0.739	-0.115	0.532	0.016	0.022	0.186
14.566	-0.717	-0.115	0.522	-0.79	-1.51	-0.50	-4.39	-3.54	1.56	48127	-0.739	-0.118	0.532	0.017	0.022	0.186
14.574	-0.716	-0.118	0.522	-0.83	-1.47	-0.49	-3.00	-4.65	1.13	48103	-0.738	-0.121	0.532	0.018	0.022	0.185
14.584	-0.716	-0.125	0.522	-0.84	-1.41	-0.47	-3.29	-4.47	1.03	48067	-0.738	-0.124	0.532	0.019	0.022	0.184
14.594	-0.715	-0.124	0.523	-0.91	-1.38	-0.47	-2.23	-3.81	0.95	48049	-0.737	-0.127	0.533	0.020	0.022	0.183
14.600	-0.714	-0.127	0.523	-0.93	-1.34	-0.46	-0.92	-2.40	0.80	48012	-0.736	-0.130	0.533	0.021	0.022	0.183
14.609	-0.711	-0.133	0.523	-0.92	-1.32	-0.45	-0.73	-0.61	0.71	48001	-0.735	-0.133	0.533	0.023	0.022	0.182
14.625	-0.713	-0.135	0.523	-0.95	-1.29	-0.44	-0.55	-0.50	0.53	47989	-0.734	-0.136	0.533	0.024	0.022	0.181
14.634	-0.709	-0.138	0.523	-0.95	-1.31	-0.44	-0.37	1.93	0.49	47997	-0.733	-0.139	0.533	0.025	0.022	0.180
14.646	-0.709	-0.139	0.523	-0.97	-1.32	-0.44	0.00	3.15	0.76	48112	-0.732	-0.142	0.533	0.026	0.022	0.179
14.654	-0.708	-0.142	0.523	-0.97	-1.34	-0.43	0.35	2.48	1.49	48120	-0.731	-0.144	0.533	0.027	0.023	0.179
14.662	-0.708	-0.140	0.523	-1.01	-1.36	-0.42	0.75	2.85	1.69	48120	-0.731	-0.147	0.533	0.028	0.023	0.178
14.675	-0.707	-0.139	0.523	-1.03	-1.39	-0.41	0.49	2.23	1.17	48122	-0.730	-0.148	0.533	0.030	0.023	0.177
14.684	-0.706	-0.142	0.523	-1.03	-1.41	-0.40	0.53	1.17	1.00	48140	-0.729	-0.150	0.533	0.031	0.024	0.176
14.695	-0.702	-0.148	0.523	-0.99	-1.44	-0.38	1.76	-0.32	1.40	48262	-0.727	-0.153	0.533	0.032	0.024	0.176
14.703	-0.701	-0.151	0.523	-0.97	-1.44	-0.37	3.40	-1.73	1.34	48274	-0.726	-0.155	0.533	0.033	0.024	0.175
14.711	-0.700	-0.150	0.523	-0.98	-1.43	-0.36	3.39	-1.95	1.51	48290	-0.725	-0.157	0.533	0.035	0.025	0.174
14.725	-0.701	-0.151	0.523	-0.96	-1.40	-0.35	5.81	-4.12	1.26	48308	-0.724	-0.159	0.533	0.036	0.025	0.173
14.734	-0.697	-0.157	0.524	-0.87	-1.38	-0.33	5.50	-4.01	1.67	48187	-0.722	-0.161	0.533	0.037	0.025	0.173
14.742	-0.697	-0.158	0.524	-0.84	-1.33	-0.32	6.98	-4.14	1.16	48210	-0.721	-0.163	0.533	0.038	0.026	0.172
14.754	-0.698	-0.162	0.524	-0.76	-1.28	-0.30	6.17	-3.75	1.41	48220	-0.720	-0.166	0.533	0.039	0.026	0.171
14.764	-0.694	-0.167	0.524	-0.68	-1.25	-0.29	6.60	-5.00	1.82	48235	-0.719	-0.168	0.533	0.041	0.026	0.171
14.776	-0.693	-0.170	0.524	-0.62	-1.20	-0.27	4.83	-2.50	1.78	48248	-0.717	-0.171	0.533	0.042	0.026	0.170
14.784	-0.692	-0.170	0.524	-0.59	-1.17	-0.26	3.71	-1.24	1.43	48276	-0.716	-0.173	0.533	0.043	0.026	0.169
14.794	-0.691	-0.173	0.524	-0.54	-1.15	-0.24	1.38	0.90	1.59	48300	-0.715	-0.176	0.533	0.044	0.026	0.169
14.805	-0.691	-0.171	0.524	-0.56	-1.14	-0.23	1.14	0.56	1.57	48311	-0.714	-0.177	0.533	0.045	0.027	0.168
14.811	-0.689	-0.170	0.524	-0.58	-1.16	-0.22	1.29	1.16	1.24	48400	-0.712	-0.179	0.533	0.047	0.027	0.167
14.822	-0.684	-0.168	0.524	-0.60	-1.20	-0.20	0.57	0.23	1.43	48417	-0.710	-0.180	0.533	0.048	0.028	0.167
14.835	-0.684	-0.166	0.524	-0.63	-1.19	-0.20	0.91	-0.46	1.84	48440	-0.709	-0.181	0.532	0.049	0.028	0.166
14.842	-0.683	-0.169	0.523	-0.62	-1.18	-0.18	2.78	-0.17	2.05	48467	-0.707	-0.182	0.532	0.050	0.029	0.165
14.854	-0.682	-0.169	0.524	-0.62	-1.17	-0.16	4.46	-1.38	1.92	48478	-0.706	-0.182	0.532	0.052	0.030	0.165
14.862	-0.681	-0.170	0.524	-0.59	-1.16	-0.15	6.26	-1.83	2.46	48439	-0.704	-0.183	0.532	0.053	0.030	0.164
14.873	-0.679	-0.174	0.524	-0.52	-1.15	-0.12	7.52	-2.72	2.77	48461	-0.703	-0.184	0.532	0.054	0.031	0.163
14.885	-0.677	-0.177	0.523	-0.44	-1.12	-0.09	8.01	-3.41	2.65	48480	-0.701	-0.185	0.532	0.055	0.031	0.163
14.894	-0.676	-0.178	0.523	-0.38	-1.08	-0.07	9.47	-4.74	2.97	48480	-0.700	-0.187	0.532	0.057	0.032	0.162
14.906	-0.676	-0.180	0.524	-0.29	-1.03	-0.04	9.76	-4.37	2.86	48354	-0.698	-0.188	0.532	0.058	0.032	0.161
14.915	-0.674	-0.182	0.524	-0.19	-0.98	-0.01	10.77	-5.89	2.38	48358	-0.697	-0.189	0.532	0.059	0.033	0.161
14.921	-0.673	-0.184	0.524	-0.09	-0.93	0.01	10.39	-4.84	2.24	48359	-0.695	-0.191	0.532	0.060	0.033	0.160
14.932	-0.670	-0.185	0.524	0.00	-0.89	0.03	8.37	-3.72	2.29	48356	-0.694	-0.192	0.532	0.061	0.033	0.160
14.944	-0.666	-0.189	0.524	0.11	-0.86	0.06	7.05	-1.75	2.49	48417	-0.692	-0.194	0.532	0.062	0.034	0.159
14.955	-0.665	-0.191	0.523	0.18	-0.84	0.09	3.92	-0.05	2.41	48432	-0.690	-0.196	0.532	0.064	0.034	0.158
14.964	-0.664	-0.191	0.523	0.21	-0.83	0.11	2.15	2.30	2.24	48457	-0.688	-0.197	0.532	0.065	0.034	0.158
14.975	-0.662	-0.191	0.523	0.21	-0.85	0.13	0.44	3.08	2.33	48472	-0.686	-0.198	0.532	0.066	0.034	0.157
14.982	-0.661	-0.193	0.523	0.22	-0.87	0.15	-1.46	4.49	2.00	48471	-0.684	-0.200	0.531	0.067	0.035	0.156
14.994	-0.658	-0.191	0.523	0.18	-0.93	0.17	-1.76	4.50	2.04	48563	-0.682	-0.201	0.531	0.069	0.035	0.156
15.005	-0.657	-0.202	0.523	0.24	-0.97	0.20	-1.24	3.61	1.93	48564	-0.680	-0.203	0.531	0.070	0.035	0.155
15.013	-0.657	-0.204	0.522	0.22	-0.99	0.22	0.32	2.07	1.72	48554	-0.679	-0.205	0.531	0.071	0.035	0.154
15.024	-0.655	-0.203	0.522	0.19	-1.01	0.23	1.17	2.14	1.04	48543	-0.677	-0.207	0.531	0.072	0.036	0.154
15.030	-0.654	-0.203	0.521	0.17	-1.03	0.24	1.74	0.18	1.89	48868	-0.675	-0.208	0.530	0.073	0.036	0.153
15.045	-0.654	-0.204	0.520	0.18	-1.03	0.25	3.43	-1.90	1.49	48888	-0.674	-0.210	0.530	0.074	0.036	0.152
15.055	-0.654	-0.205	0.520	0.19	-1.00	0.26	4.19	-1.60	1.90	48901	-0.673	-0.211	0.530	0.075	0.037	0.152
15.065	-0.654	-0.205	0.520	0.21	-0.97	0.28	4.20	-2.03	2.28	48905	-0.671	-0.212	0.529	0.076	0.037	0.151
15.075	-0.652	-0.204	0.521	0.22	-0.95	0.30	4.37	-2.41	2.45	48737	-0.670	-0.213	0.529	0.077	0.037	0.150
15.085	-0.650	-0.206	0.521	0.27	-0.92	0.32	3.13	-2.08	2.62	48738	-0.669	-0.214	0.529	0.078	0.038	0.150
15.096	-0.642	-0.204	0.520	0.28	-0.95	0.35	2.78	-1.17	2.61	48747	-0.667	-0.215	0.529	0.079	0.038	0.149
15.106	-0.641	-0.206	0.520	0.30	-0.94	0.38	1.22	1.13	2.73	48741	-0.664	-0.216	0.529	0.080	0.039	0.148
15.114	-0.641	-0.204	0.520	0.29	-0.93	0.40	0.57	2.40	2.50	48723	-0.663	-0.216	0.529	0.081	0.039	0.148
15.122	-0.641	-0.200	0.520	0.25	-0.93	0.42	-0.15	2.21	2.18	48805	-0.661	-0.216	0.528	0.082	0.040	0.147
15.132	-0.637	-0.202	0.519	0.25	-0.97	0.44	-0.42	3.23	2.15	48795	-0.659	-0.216	0.528	0.084	0.041	0.146
15.144	-0.636	-0.220	0.519	0.38	-1.00	0.47	-0.27	3.53	1.99	48778	-0.657	-0.219	0.528	0.085	0.041	0.146
15.156	-0.634	-0.222	0.519	0.38	-1.03	0.49	0.39	2.01	2.28	48763	-0.655	-0.221	0.528	0.086	0.041	0.145
15.164	-0.633	-0.222	0.519	0.36	-1.05	0.51	0.85	1.19	2.86	48698	-0.653	-0.223	0.528	0.087	0.041	0.144
15.172	-0.631	-0.224	0.519	0.37	-1.06	0.54	0.63	0.40	2.83	48694	-0.651	-0.225	0.528	0.088	0.041	0.144
15.184	-0.627	-0.221	0.519	0.34	-1.08	0.57	1.30	-0.29	2.82	48681	-0.649	-0.226	0.528	0.089	0.041	0.143
15.194	-0.625	-0.223	0.519	0.35	-1.08	0.59	0.83	-0.66	2.47	48655	-0.647	-0.228	0.527	0.090	0.042	0.143
15.207	-0.625	-0.221	0.520	0.32	-1.07	0.61	-0.23	-1.52	2.64	48413	-0.645	-0.229	0.528	0.091	0.042	0.142
15.215	-0.620	-0.222	0.520	0.32	-1.08	0.64	-0.20	-2.54	2.12	48394	-0.643	-0.230	0.528	0.092	0.042	0.141
15.223	-0.619	-0.220	0.520	0.28	-1.04	0.66	-0.16	-3.44	2.26	48364	-0.641	-0.230	0.528	0.093	0.043	0.141
15.231	-0.619	-0.219	0.520	0.26	-1.00	0.68	0.20	-2.85	2.23	48325	-0.639	-0.231	0.528	0.094	0.044	0.140
15.244	-0.616	-0.219	0.519	0.25	-0.98	0.70	0.33	-3.05	1.57	48532	-0.637	-0.231	0.528	0.095	0.044	0.140
15.256	-0.615	-0.226	0.519	0.30	-0.93	0.72	0.59	-2.48	1.59	48524	-0.635	-0.232	0.527	0.096	0.044	0.139
15.264	-0.616	-0.230	0.519	0.31	-0.88	0.73	0.81	-1.53	1.47	48522	-0.633	-0.234	0.527	0.097	0.045	0.138
15.274	-0.614	-0.232	0.519	0.32	-0.87	0.75	0.27	-0.69	1.51	48523	-0.631	-0.235	0.527	0.098	0.045	0.138
15.280	-0.613	-0.232	0.519	0.31	-0.85	0.76	0.32	0.81	1.43	48503	-0.630	-0.237	0.527	0.099	0.045	0.137
15.295	-0.611	-0.234	0.519	0.31	-0.85	0.78	-0.44	2.00	1.16	48413	-0.628	-0.238	0.527	0.100	0.045	0.137
15.306	-0.610	-0.233	0.519	0.29	-0.86	0.79	-1.56	3.23	1.03	48403	-0.626	-0.239	0.527	0.101	0.046	0.136
15.315	-0.607	-0.230	0.519	0.24	-0.89	0.79	-2.31	3.12	0.80	48387	-0.625	-0.240	0.527	0.102	0.046	0.135
15.322	-0.605	-0.241	0.519	0.29	-0.93	0.81	-2.86	3.66	0.62	48365	-0.623	-0.242	0.527	0.103	0.046	0.135
15.331	-0.602	-0.240	0.520	0.24	-0.98	0.81	-2.92	3.91	0.75	48301	-0.621	-0.243	0.527	0.104	0.046	0.134
15.346	-0.602	-0.238	0.520	0.18	-1.00	0.82	-4.08	3.23	0.51	48286	-0.619	-0.244	0.527	0.104	0.047	0.134
15.355	-0.602	-0.235	0.520	0.10	-1.01	0.82	-4.86	2.50	0.65	48271	-0.617	-0.245	0.527	0.105	0.047	0.133
15.366	-0.602	-0.253	0.520	0.19	-1.02	0.83	-5.02	2.25	0.58	48263	-0.616	-0.248	0.527	0.106	0.047	0.133
15.375	-0.599	-0.252	0.519	0.11	-1.06	0.84	-4.17	1.84	0.28	48242	-0.614	-0.250	0.527	0.107	0.047	0.132
15.381	-0.597	-0.251	0.519	0.04	-1.07	0.84	-3.16	1.43	-0.09	48434	-0.613	-0.252	0.527	0.107	0.047	0.132
15.394	-0.598	-0.248	0.519	-0.04	-1.06	0.84	-2.36	1.86	-0.35	48425	-0.611	-0.253	0.526	0.108	0.047	0.131
15.398	-0.598	-0.246	0.519	-0.10	-1.06	0.83	-2.61	1.27	-0.06	48410	-0.610	-0.254	0.526	0.109	0.047	0.130
15.414	-0.593	-0.248	0.519	-0.12	-1.10	0.83	-1.82	1.02	-0.18	48392	-0.608	-0.255	0.526	0.110	0.048	0.130
15.423	-0.593	-0.256	0.519	-0.08	-1.10	0.83	-1.06	1.42	-0.33	48447	-0.607	-0.257	0.526	0.110	0.048	0.129
15.430	-0.591	-0.255	0.519	-0.12	-1.12	0.83	-0.59	2.72	-0.14	48457	-0.605	-0.258	0.526	0.111	0.048	0.129
15.446	-0.589	-0.257	0.519	-0.12	-1.14	0.83	-1.45	3.67	-0.49	48446	-0.604	-0.259	0.526	0.112	0.048	0.128
15.454	-0.589	-0.265	0.519	-0.08	-1.15	0.82	-2.22	4.51	-0.59	48430	-0.602	-0.262	0.526	0.112	0.048	0.128
15.466	-0.586	-0.271	0.519	-0.07	-1.20	0.82	-3.29	5.05	-1.10	48328	-0.600	-0.265	0.526	0.113	0.048	0.127
15.471	-0.583	-0.272	0.519	-0.10	-1.25	0.81	-4.28	4.74	-0.82	48328	-0.599	-0.267	0.526	0.114	0.047	0.127
15.484	-0.583	-0.269	0.519	-0.19	-1.28	0.80	-5.04	4.45	-0.74	48311	-0.597	-0.269	0.526	0.115	0.047	0.126
15.496	-0.582	-0.266	0.519	-0.28	-1.32	0.79	-5.34	3.55	-0.85	48292	-0.595	-0.270	0.526	0.115	0.048	0.126
15.505	-0.580	-0.283	0.520	-0.20	-1.36	0.79	-5.88	2.65	-1.31	48298	-0.594	-0.273	0.526	0.116	0.047	0.125
15.514	-0.578	-0.285	0.520	-0.26	-1.39	0.77	-4.68	1.51	-1.27	48179	-0.592	-0.277	0.526	0.117	0.047	0.125
15.523	-0.578	-0.283	0.520	-0.34	-1.39	0.76	-4.02	-0.66	-0.98	48170	-0.591	-0.279	0.526	0.117	0.047	0.125
15.530	-0.576	-0.282	0.520	-0.42	-1.39	0.74	-5.24	-0.96	-1.10	48164	-0.589	-0.281	0.526	0.118	0.046	0.124
15.544	-0.573	-0.297	0.520	-0.35	-1.39	0.74	-4.27	-1.71	-1.31	48172	-0.587	-0.285	0.526	0.119	0.046	0.124
15.554	-0.571	-0.300	0.520	-0.39	-1.38	0.73	-4.80	-1.92	-0.93	48264	-0.586	-0.288	0.526	0.120	0.045	0.123
15.565	-0.569	-0.296	0.520	-0.49	-1.36	0.71	-4.63	-1.72	-1.06	48261	-0.584	-0.291	0.526	0.120	0.045	0.123
15.572	-0.566	-0.297	0.520	-0.55	-1.34	0.70	-5.27	-1.80	-0.63	48264	-0.582	-0.293	0.526	0.121	0.045	0.122
15.583	-0.566	-0.312	0.520	-0.49	-1.30	0.70	-5.61	-1.71	-0.01	48275	-0.580	-0.297	0.526	0.122	0.044	0.122
15.595	-0.565	-0.308	0.520	-0.60	-1.28	0.70	-6.51	-1.59	-0.09	48285	-0.578	-0.300	0.526	0.123	0.044	0.121
15.604	-0.562	-0.310	0.520	-0.66	-1.27	0.70	-7.49	-0.15	-0.03	48367	-0.577	-0.303	0.525	0.123	0.043	0.121
15.614	-0.559	-0.326	0.520	-0.62	-1.27	0.71	-8.90	0.79	0.04	48382	-0.575	-0.307	0.525	0.124	0.042	0.121
15.623	-0.558	-0.324	0.520	-0.75	-1.27	0.70	-9.97	1.67	0.07	48384	-0.573	-0.311	0.525	0.125	0.042	0.120
15.633	-0.555	-0.332	0.520	-0.80	-1.28	0.71	-11.20	2.13	-0.17	48405	-0.571	-0.315	0.525	0.126	0.041	0.120
15.646	-0.553	-0.337	0.519	-0.89	-1.29	0.71	-12.17	2.64	-0.12	48603	-0.569	-0.320	0.525	0.126	0.040	0.119
15.649	-0.551	-0.339	0.518	-1.01	-1.32	0.71	-13.33	2.12	-0.49	48620	-0.567	-0.324	0.525	0.127	0.039	0.119
15.662	-0.547	-0.335	0.518	-1.19	-1.35	0.70	-13.84	1.95	-0.65	48638	-0.564	-0.327	0.524	0.128	0.039	0.118
15.674	-0.547	-0.329	0.518	-1.39	-1.34	0.69	-14.05	0.60	-0.68	48658	-0.562	-0.329	0.524	0.129	0.039	0.118
15.684	-0.545	-0.339	0.520	-1.47	-1.35	0.69	-13.22	0.85	-0.31	48398	-0.560	-0.332	0.524	0.130	0.038	0.117
15.691	-0.543	-0.341	0.520	-1.61	-1.36	0.69	-11.18	-0.96	-0.35	48390	-0.558	-0.335	0.524	0.130	0.038	0.117
15.705	-0.539	-0.358	0.520	-1.60	-1.36	0.69	-8.46	-2.03	-0.64	48383	-0.556	-0.339	0.524	0.131	0.037	0.117
15.713	-0.540	-0.356	0.520	-1.74	-1.31	0.68	-5.68	-2.98	-0.93	48373	-0.554	-0.343	0.525	0.132	0.036	0.116
15.724	-0.538	-0.351	0.521	-1.86	-1.28	0.67	-4.30	-3.97	-1.22	48373	-0.552	-0.345	0.525	0.133	0.036	0.116
15.733	-0.536	-0.353	0.521	-1.91	-1.23	0.66	-2.28	-3.55	-1.17	48201	-0.550	-0.348	0.525	0.133	0.036	0.116
15.744	-0.534	-0.365	0.521	-1.86	-1.19	0.65	-1.95	-3.79	-1.29	48201	-0.548	-0.352	0.525	0.134	0.035	0.115
15.749	-0.533	-0.368	0.521	-1.87	-1.15	0.64	-1.31	-2.74	-1.26	48203	-0.546	-0.355	0.525	0.135	0.034	0.115
15.764	-0.530	-0.370	0.521	-1.88	-1.12	0.63	-2.51	-1.24	-1.03	48211	-0.544	-0.359	0.525	0.136	0.034	0.115
15.775	-0.523	-0.369	0.522	-1.93	-1.14	0.63	-4.46	0.73	-0.82	48043	-0.541	-0.361	0.525	0.136	0.033	0.114
15.784	-0.523	-0.364	0.522	-2.03	-1.12	0.61	-6.81	2.10	-0.46	48035	-0.539	-0.363	0.525	0.137	0.033	0.114
15.792	-0.522	-0.387	0.522	-1.92	-1.12	0.61	-8.55	2.55	-0.49	48047	-0.537	-0.368	0.526	0.138	0.032	0.114
15.800	-0.522	-0.385	0.522	-2.04	-1.13	0.60	-9.59	2.86	-0.85	48064	-0.535	-0.371	0.526	0.139	0.032	0.114
15.814	-0.520	-0.381	0.523	-2.19	-1.16	0.59	-10.48	2.37	-0.53	48073	-0.533	-0.374	0.526	0.139	0.031	0.113
15.822	-0.517	-0.376	0.523	-2.35	-1.18	0.58	-11.01	1.46	-0.42	47912	-0.531	-0.376	0.526	0.140	0.031	0.113
15.835	-0.515	-0.396	0.523	-2.31	-1.19	0.58	-10.16	0.09	-0.97	47916	-0.529	-0.380	0.526	0.141	0.031	0.113
15.844	-0.515	-0.392	0.523	-2.46	-1.16	0.57	-9.55	-2.09	-0.83	47925	-0.527	-0.383	0.526	0.141	0.030	0.113
15.851	-0.513	-0.388	0.523	-2.62	-1.15	0.56	-7.45	-2.15	-0.48	47920	-0.525	-0.385	0.526	0.142	0.030	0.112
15.862	-0.511	-0.404	0.522	-2.58	-1.13	0.56	-5.79	-2.22	-0.60	48062	-0.523	-0.388	0.526	0.143	0.029	0.112
15.876	-0.512	-0.402	0.522	-2.67	-1.07	0.55	-1.49	-4.35	0.24	48064	-0.522	-0.391	0.526	0.143	0.029	0.112
15.884	-0.507	-0.400	0.522	-2.73	-1.06	0.55	0.11	-4.27	0.77	48067	-0.520	-0.394	0.526	0.144	0.028	0.111
15.893	-0.503	-0.400	0.522	-2.75	-1.03	0.56	2.29	-3.34	0.99	48079	-0.517	-0.396	0.526	0.144	0.028	0.111
15.900	-0.502	-0.398	0.522	-2.76	-0.98	0.57	4.48	-3.01	1.24	48173	-0.515	-0.397	0.526	0.145	0.028	0.111
15.917	-0.499	-0.400	0.522	-2.72	-0.95	0.58	5.16	-2.51	1.67	48182	-0.513	-0.399	0.526	0.146	0.028	0.111
15.923	-0.497	-0.401	0.522	-2.67	-0.93	0.60	5.77	-1.76	1.60	48205	-0.511	-0.400	0.526	0.147	0.028	0.110
15.934	-0.503	-0.399	0.522	-2.65	-0.83	0.60	5.12	-0.97	1.44	48212	-0.509	-0.401	0.526	0.147	0.028	0.110
15.945	-0.485	-0.401	0.522	-2.59	-0.94	0.64	4.06	-0.17	1.01	48231	-0.506	-0.402	0.525	0.148	0.028	0.110
15.951	-0.483	-0.401	0.521	-2.56	-0.93	0.65	2.98	0.27	0.91	48303	-0.503	-0.403	0.525	0.149	0.028	0.109
15.964	-0.481	-0.403	0.521	-2.53	-0.94	0.66	2.81	0.48	1.00	48339	-0.500	-0.404	0.525	0.150	0.028	0.109
15.973	-0.479	-0.403	0.521	-2.51	-0.94	0.67	2.97	0.46	1.08	48373	-0.497	-0.405	0.525	0.151	0.028	0.109
15.984	-0.476	-0.403	0.521	-2.49	-0.95	0.68	4.06	0.01	0.76	48391	-0.494	-0.406	0.525	0.152	0.028	0.109
15.995	-0.473	-0.404	0.520	-2.45	-0.95	0.69	5.13	-1.04	1.04	48544	-0.491	-0.406	0.524	0.153	0.029	0.108
16.005	-0.470	-0.405	0.520	-2.40	-0.94	0.70	5.90	-2.53	1.09	48550	-0.488	-0.407	0.524	0.154	0.029	0.108
16.009	-0.470	-0.406	0.520	-2.35	-0.90	0.71	7.62	-3.47	1.01	48546	-0.485	-0.408	0.524	0.154	0.029	0.108
16.023	-0.463	-0.406	0.520	-2.28	-0.90	0.72	8.97	-4.97	0.57	48547	-0.482	-0.408	0.524	0.155	0.029	0.107
16.036	-0.463	-0.408	0.520	-2.18	-0.83	0.73	9.75	-4.94	0.49	48544	-0.479	-0.409	0.524	0.156	0.029	0.107
16.044	-0.459	-0.409	0.520	-2.09	-0.79	0.74	10.38	-5.66	0.18	48527	-0.476	-0.410	0.523	0.157	0.029	0.107
16.052	-0.458	-0.413	0.520	-1.96	-0.72	0.74	10.61	-5.74	0.03	48536	-0.473	-0.411	0.523	0.158	0.029	0.107
16.065	-0.455	-0.414	0.519	-1.86	-0.67	0.74	11.35	-5.15	0.04	48545	-0.470	-0.412	0.523	0.159	0.029	0.106
16.077	-0.455	-0.416	0.519	-1.74	-0.58	0.74	10.44	-4.39	0.57	48538	-0.468	-0.413	0.523	0.159	0.028	0.106
16.081	-0.459	-0.419	0.520	-1.61	-0.49	0.73	9.93	-4.33	0.59	48493	-0.466	-0.414	0.523	0.160	0.028	0.106
16.093	-0.463	-0.422	0.519	-1.48	-0.38	0.73	7.90	-3.82	0.55	48503	-0.465	-0.416	0.523	0.160	0.028	0.106
16.103	-0.445	-0.403	0.519	-1.57	-0.47	0.76	6.20	-2.32	0.79	48507	-0.462	-0.415	0.523	0.160	0.028	0.105
16.115	-0.442	-0.403	0.519	-1.51	-0.45	0.77	4.26	0.26	-0.26	48493	-0.459	-0.414	0.522	0.161	0.029	0.105
16.123	-0.437	-0.404	0.519	-1.46	-0.46	0.77	3.19	0.81	-0.03	48435	-0.455	-0.413	0.522	0.162	0.029	0.105
16.135	-0.434	-0.405	0.519	-1.42	-0.47	0.77	2.70	1.15	-0.03	48444	-0.452	-0.412	0.522	0.163	0.030	0.105
16.146	-0.431	-0.405	0.519	-1.39	-0.48	0.77	3.82	2.19	-0.02	48434	-0.448	-0.412	0.522	0.164	0.030	0.104
16.152	-0.427	-0.407	0.519	-1.35	-0.50	0.77	5.05	1.02	-0.29	48411	-0.445	-0.411	0.522	0.165	0.030	0.104
16.161	-0.424	-0.407	0.519	-1.30	-0.52	0.77	6.50	0.11	-0.23	48390	-0.441	-0.411	0.522	0.166	0.031	0.104
16.176	-0.423	-0.411	0.519	-1.21	-0.50	0.76	8.04	-0.58	-0.33	48387	-0.438	-0.411	0.522	0.167	0.031	0.104
16.187	-0.418	-0.411	0.519	-1.13	-0.52	0.76	9.97	-1.66	-0.08	48372	-0.435	-0.412	0.522	0.167	0.031	0.103
16.193	-0.419	-0.414	0.519	-1.02	-0.47	0.75	10.12	-2.44	0.12	48359	-0.432	-0.412	0.522	0.168	0.030	0.103
16.207	-0.413	-0.417	0.519	-0.90	-0.47	0.76	10.88	-2.10	0.99	48352	-0.429	-0.413	0.522	0.169	0.030	0.103
16.216	-0.414	-0.419	0.519	-0.77	-0.42	0.76	10.89	-2.74	1.61	48399	-0.426	-0.414	0.522	0.170	0.030	0.103
16.224	-0.409	-0.423	0.518	-0.64	-0.41	0.78	10.25	-3.47	2.08	48403	-0.423	-0.415	0.522	0.170	0.030	0.103
16.232	-0.410	-0.425	0.518	-0.52	-0.35	0.79	9.07	-3.67	3.21	48398	-0.420	-0.416	0.521	0.171	0.029	0.102
16.246	-0.407	-0.406	0.518	-0.59	-0.32	0.82	5.40	-2.73	2.99	48377	-0.417	-0.415	0.521	0.171	0.030	0.102
16.249	-0.403	-0.399	0.518	-0.59	-0.30	0.85	2.44	-3.24	4.28	48374	-0.414	-0.414	0.521	0.172	0.030	0.102
16.263	-0.403	-0.399	0.518	-0.55	-0.24	0.89	0.95	-3.38	5.10	48473	-0.412	-0.412	0.521	0.172	0.031	0.102
16.274	-0.400	-0.400	0.518	-0.53	-0.21	0.94	0.77	-3.08	5.54	48479	-0.409	-0.411	0.521	0.173	0.032	0.101
16.285	-0.398	-0.400	0.518	-0.52	-0.18	0.99	0.24	-1.79	5.95	48476	-0.407	-0.409	0.521	0.173	0.032	0.101
16.293	-0.397	-0.400	0.518	-0.52	-0.14	1.04	0.35	-0.73	6.16	48466	-0.404	-0.408	0.521	0.173	0.032	0.101
16.304	-0.394	-0.399	0.517	-0.53	-0.13	1.10	1.46	0.87	6.91	48493	-0.402	-0.407	0.520	0.174	0.033	0.101
16.310	-0.394	-0.400	0.517	-0.51	-0.11	1.16	1.38	3.11	7.10	48474	-0.399	-0.406	0.520	0.174	0.033	0.100
16.324	-0.389	-0.401	0.517	-0.50	-0.16	1.24	2.47	3.45	7.71	48469	-0.397	-0.406	0.520	0.174	0.033	0.100
16.334	-0.387	-0.401	0.517	-0.47	-0.19	1.31	3.32	5.02	7.59	48463	-0.394	-0.405	0.520	0.175	0.034	0.100
16.344	-0.384	-0.401	0.517	-0.45	-0.24	1.39	3.66	6.32	7.97	48380	-0.392	-0.404	0.520	0.175	0.034	0.100
16.354	-0.383	-0.401	0.517	-0.41	-0.29	1.46	3.74	7.37	7.46	48367	-0.389	-0.404	0.520	0.176	0.034	0.100
16.364	-0.381	-0.402	0.517	-0.37	-0.35	1.53	3.95	6.45	8.18	48357	-0.387	-0.404	0.520	0.176	0.034	0.099
16.374	-0.379	-0.402	0.517	-0.33	-0.41	1.61	4.43	6.40	8.81	48347	-0.385	-0.403	0.520	0.176	0.034	0.099
16.377	-0.378	-0.402	0.517	-0.28	-0.47	1.69	2.06	5.82	8.97	48326	-0.382	-0.403	0.520	0.176	0.034	0.099
16.394	-0.375	-0.402	0.518	-0.26	-0.53	1.78	2.26	4.22	9.36	48120	-0.380	-0.403	0.520	0.177	0.034	0.099
16.404	-0.375	-0.404	0.518	-0.22	-0.55	1.87	1.81	3.20	9.06	48108	-0.378	-0.403	0.520	0.177	0.034	0.099
16.413	-0.374	-0.404	0.518	-0.20	-0.57	1.95	1.04	2.14	9.27	48095	-0.376	-0.403	0.520	0.177	0.034	0.099
16.424	-0.370	-0.402	0.518	-0.21	-0.60	2.05	-0.63	1.63	10.11	48094	-0.374	-0.403	0.520	0.177	0.034	0.099
16.434	-0.368	-0.402	0.518	-0.21	-0.62	2.15	-2.65	1.77	10.86	48136	-0.372	-0.402	0.520	0.177	0.034	0.098
16.442	-0.364	-0.400	0.518	-0.25	-0.65	2.25	-4.48	1.33	11.43	48130	-0.369	-0.402	0.520	0.178	0.034	0.098
16.453	-0.363	-0.400	0.518	-0.29	-0.65	2.37	-6.07	1.38	11.50	48110	-0.367	-0.402	0.520	0.178	0.034	0.098
16.465	-0.361	-0.399	0.518	-0.34	-0.66	2.48	-7.65	1.64	11.88	48109	-0.365	-0.401	0.520	0.178	0.034	0.098
16.471	-0.361	-0.397	0.518	-0.43	-0.65	2.60	-8.03	1.35	12.14	48092	-0.363	-0.400	0.520	0.178	0.035	0.098
16.483	-0.359	-0.396	0.518	-0.51	-0.66	2.71	-7.44	1.30	12.26	48161	-0.361	-0.400	0.520	0.178	0.035	0.098
16.492	-0.356	-0.396	0.518	-0.59	-0.67	2.84	-6.49	1.16	12.76	48137	-0.358	-0.399	0.520	0.178	0.035	0.098
16.503	-0.349	-0.396	0.518	-0.65	-0.72	2.96	-5.10	1.83	12.24	48135	-0.356	-0.399	0.520	0.179	0.035	0.097
16.515	-0.348	-0.396	0.518	-0.71	-0.72	3.09	-3.56	3.39	12.35	48123	-0.353	-0.398	0.520	0.179	0.035	0.097
16.520	-0.344	-0.394	0.518	-0.76	-0.76	3.21	-1.29	4.69	11.97	48170	-0.351	-0.397	0.520	0.179	0.035	0.097
16.533	-0.342	-0.394	0.518	-0.77	-0.81	3.32	1.34	5.26	10.56	48152	-0.348	-0.397	0.519	0.179	0.035	0.097
16.544	-0.341	-0.393	0.518	-0.77	-0.84	3.43	2.59	4.18	10.04	48123	-0.345	-0.396	0.519	0.180	0.035	0.097
16.555	-0.338	-0.393	0.518	-0.75	-0.89	3.53	2.91	4.15	9.31	48095	-0.343	-0.395	0.519	0.180	0.036	0.097
16.564	-0.335	-0.393	0.517	-0.71	-0.93	3.63	2.49	2.64	8.37	48138	-0.340	-0.395	0.519	0.180	0.036	0.097
16.573	-0.333	-0.393	0.518	-0.69	-0.97	3.71	1.05	0.84	7.42	48123	-0.338	-0.394	0.519	0.180	0.036	0.097
16.584	-0.327	-0.393	0.518	-0.67	-1.00	3.79	0.08	-0.02	6.66	48104	-0.335	-0.394	0.519	0.181	0.036	0.096
16.592	-0.327	-0.393	0.518	-0.66	-0.98	3.85	-1.83	-2.62	6.01	48097	-0.332	-0.393	0.519	0.181	0.036	0.096
16.605	-0.324	-0.392	0.518	-0.67	-0.96	3.91	-4.03	-3.64	5.31	48075	-0.330	-0.393	0.519	0.181	0.036	0.096
16.612	-0.322	-0.392	0.519	-0.71	-0.91	3.97	-7.05	-4.78	4.81	47891	-0.327	-0.392	0.519	0.182	0.036	0.096
16.623	-0.318	-0.388	0.519	-0.80	-0.88	4.02	-9.09	-5.50	4.55	47892	-0.324	-0.391	0.519	0.182	0.036	0.096
16.635	-0.318	-0.387	0.519	-0.89	-0.80	4.06	-11.23	-5.30	4.04	47879	-0.322	-0.391	0.519	0.182	0.036	0.096
16.643	-0.314	-0.386	0.519	-1.00	-0.76	4.11	-11.44	-5.63	3.62	47871	-0.319	-0.390	0.519	0.182	0.036	0.096
16.653	-0.313	-0.385	0.520	-1.13	-0.69	4.14	-10.32	-4.83	3.55	47716	-0.317	-0.389	0.519	0.183	0.037	0.096
16.664	-0.311	-0.382	0.520	-1.25	-0.63	4.18	-7.90	-4.00	3.69	47694	-0.314	-0.387	0.519	0.183	0.037	0.096
16.675	-0.311	-0.381	0.520	-1.34	-0.56	4.22	-5.21	-2.39	3.27	47688	-0.312	-0.386	0.519	0.183	0.037	0.096
16.685	-0.308	-0.380	0.520	-1.40	-0.53	4.25	-3.10	-1.60	2.85	47681	-0.310	-0.385	0.520	0.183	0.037	0.096
16.694	-0.306	-0.380	0.521	-1.44	-0.51	4.28	0.81	-1.21	2.84	47660	-0.307	-0.384	0.520	0.183	0.037	0.097
16.704	-0.305	-0.380	0.521	-1.43	-0.49	4.30	2.01	1.60	2.13	47535	-0.305	-0.383	0.520	0.183	0.038	0.097
16.712	-0.299	-0.380	0.521	-1.41	-0.52	4.33	4.28	2.24	1.19	47528	-0.303	-0.382	0.520	0.183	0.038	0.097
16.722	-0.298	-0.381	0.521	-1.36	-0.53	4.34	4.80	3.49	0.54	47519	-0.300	-0.381	0.520	0.183	0.038	0.097
16.729	-0.296	-0.382	0.522	-1.30	-0.55	4.35	5.46	4.86	-0.03	47526	-0.298	-0.380	0.520	0.183	0.038	0.097
16.745	-0.291	-0.381	0.521	-1.24	-0.61	4.35	5.14	4.13	0.10	47587	-0.295	-0.380	0.520	0.184	0.037	0.097
16.753	-0.291	-0.383	0.522	-1.17	-0.63	4.34	3.28	3.35	0.26	47610	-0.293	-0.379	0.520	0.184	0.037	0.097
16.764	-0.288	-0.383	0.522	-1.14	-0.67	4.34	0.28	1.79	-0.34	47646	-0.291	-0.379	0.520	0.184	0.037	0.097
16.772	-0.286	-0.382	0.522	-1.12	-0.69	4.34	-1.96	-0.02	-0.38	47670	-0.288	-0.379	0.520	0.184	0.037	0.097
16.779	-0.284	-0.382	0.521	-1.13	-0.68	4.34	-4.87	-2.27	-0.84	47838	-0.286	-0.378	0.520	0.184	0.037	0.097
16.794	-0.281	-0.381	0.521	-1.18	-0.67	4.33	-5.23	-3.97	-1.35	47866	-0.283	-0.378	0.520	0.184	0.037	0.097
16.805	-0.280	-0.380	0.521	-1.23	-0.62	4.32	-7.50	-4.81	-2.30	47890	-0.281	-0.377	0.520	0.184	0.036	0.098
16.814	-0.277	-0.380	0.521	-1.30	-0.58	4.30	-7.15	-5.91	-2.06	47935	-0.279	-0.377	0.520	0.184	0.036	0.098
16.825	-0.275	-0.378	0.521	-1.38	-0.51	4.28	-7.41	-7.17	-2.46	47960	-0.276	-0.376	0.520	0.184	0.036	0.098
16.832	-0.275	-0.376	0.520	-1.47	-0.41	4.25	-6.30	-6.70	-2.66	48133	-0.274	-0.375	0.520	0.184	0.036	0.098
16.844	-0.268	-0.375	0.520	-1.54	-0.38	4.23	-4.84	-6.02	-3.13	48180	-0.272	-0.374	0.519	0.185	0.036	0.098
16.852	-0.268	-0.374	0.520	-1.59	-0.30	4.20	-3.99	-3.58	-3.31	48214	-0.269	-0.374	0.519	0.185	0.036	0.098
16.863	-0.264	-0.374	0.520	-1.63	-0.27	4.17	-1.22	-2.20	-3.73	48262	-0.267	-0.373	0.519	0.185	0.036	0.098
16.873	-0.263	-0.374	0.521	-1.64	-0.22	4.13	1.02	-1.10	-3.96	48139	-0.264	-0.372	0.519	0.185	0.036	0.098
16.885	-0.260	-0.374	0.521	-1.63	-0.21	4.09	2.92	1.68	-5.28	48159	-0.262	-0.371	0.519	0.185	0.036	0.098
16.894	-0.257	-0.373	0.520	-1.60	-0.22	4.04	4.72	1.95	-5.30	48196	-0.259	-0.370	0.519	0.185	0.036	0.098
16.901	-0.254	-0.374	0.520	-1.54	-0.23	3.99	6.40	1.78	-6.05	48213	-0.256	-0.370	0.519	0.185	0.036	0.099
16.914	-0.250	-0.375	0.520	-1.46	-0.26	3.93	7.60	1.88	-6.55	48231	-0.254	-0.370	0.519	0.185	0.035	0.099
16.921	-0.249	-0.377	0.520	-1.36	-0.26	3.86	7.35	1.13	-7.05	48278	-0.251	-0.369	0.518	0.185	0.035	0.099
16.930	-0.245	-0.377	0.520	-1.27	-0.27	3.79	6.84	-0.46	-7.76	48317	-0.248	-0.369	0.518	0.186	0.035	0.099
16.944	-0.242	-0.377	0.520	-1.19	-0.27	3.72	3.78	-0.23	-7.84	48351	-0.245	-0.369	0.518	0.186	0.034	0.099
16.952	-0.241	-0.379	0.520	-1.12	-0.25	3.64	1.13	-0.73	-8.41	48386	-0.243	-0.369	0.518	0.186	0.034	0.099
16.964	-0.238	-0.378	0.518	-1.10	-0.24	3.55	-2.67	-0.69	-8.67	48592	-0.240	-0.369	0.518	0.186	0.033	0.099
16.974	-0.238	-0.379	0.518	-1.11	-0.21	3.46	-5.50	-0.89	-9.22	48634	-0.238	-0.369	0.518	0.186	0.033	0.099
16.981	-0.232	-0.377	0.518	-1.17	-0.23	3.38	-8.07	-2.06	-9.33	48675	-0.235	-0.369	0.517	0.186	0.032	0.099
16.992	-0.229	-0.376	0.518	-1.24	-0.21	3.29	-8.88	-3.08	-10.36	48709	-0.232	-0.369	0.517	0.186	0.032	0.099
17.003	-0.225	-0.374	0.517	-1.34	-0.18	3.19	-9.20	-3.78	-10.37	48821	-0.229	-0.369	0.517	0.186	0.032	0.099
17.015	-0.223	-0.373	0.517	-1.43	-0.14	3.09	-8.17	-4.44	-11.01	48840	-0.226	-0.368	0.516	0.187	0.031	0.099
17.024	-0.222	-0.372	0.516	-1.51	-0.08	2.98	-6.30	-4.64	-11.04	48866	-0.223	-0.367	0.516	0.187	0.031	0.099
17.031	-0.218	-0.372	0.516	-1.58	-0.04	2.87	-2.91	-5.97	-10.80	48888	-0.221	-0.367	0.516	0.187	0.031	0.099
17.044	-0.216	-0.372	0.517	-1.61	0.03	2.76	-0.98	-6.05	-10.68	48908	-0.218	-0.366	0.516	0.187	0.031	0.099
17.053	-0.213	-0.372	0.517	-1.62	0.09	2.66	2.30	-6.11	-10.79	48698	-0.215	-0.366	0.516	0.187	0.030	0.099
17.065	-0.212	-0.372	0.516	-1.59	0.17	2.55	4.89	-6.00	-10.19	48708	-0.212	-0.365	0.516	0.187	0.030	0.100
17.074	-0.210	-0.373	0.516	-1.53	0.25	2.45	6.12	-5.75	-10.38	48714	-0.210	-0.365	0.515	0.187	0.030	0.100
17.082	-0.208	-0.375	0.516	-1.45	0.31	2.35	7.86	-4.75	-9.80	48730	-0.207	-0.365	0.515	0.187	0.029	0.100
17.095	-0.203	-0.374	0.515	-1.37	0.34	2.25	7.85	-3.00	-9.27	48790	-0.204	-0.365	0.515	0.187	0.029	0.100
17.103	-0.200	-0.373	0.515	-1.29	0.37	2.15	6.39	-1.00	-9.13	48790	-0.201	-0.365	0.515	0.187	0.028	0.100
17.111	-0.195	-0.374	0.515	-1.21	0.38	2.06	4.59	-0.89	-8.70	48803	-0.198	-0.365	0.515	0.187	0.028	0.100
17.124	-0.193	-0.374	0.515	-1.14	0.39	1.97	1.78	1.32	-8.05	48808	-0.195	-0.364	0.515	0.187	0.027	0.100
17.132	-0.193	-0.372	0.514	-1.13	0.41	1.89	-0.26	1.44	-7.84	48802	-0.193	-0.364	0.515	0.187	0.027	0.100
17.144	-0.191	-0.369	0.514	-1.14	0.41	1.81	-2.05	1.89	-7.48	48831	-0.190	-0.363	0.514	0.187	0.026	0.100
17.155	-0.187	-0.366	0.514	-1.16	0.38	1.74	-3.80	1.79	-7.00	48825	-0.187	-0.362	0.514	0.187	0.026	0.100
17.165	-0.184	-0.365	0.514	-1.19	0.37	1.67	-4.08	1.63	-6.48	48806	-0.184	-0.361	0.514	0.187	0.026	0.100
17.174	-0.181	-0.364	0.513	-1.23	0.36	1.60	-4.50	2.52	-6.05	48772	-0.181	-0.360	0.514	0.187	0.026	0.099
17.183	-0.178	-0.364	0.513	-1.26	0.33	1.54	-2.59	3.30	-5.36	48700	-0.178	-0.360	0.514	0.187	0.026	0.099
17.191	-0.176	-0.364	0.513	-1.29	0.31	1.48	-0.34	1.61	-4.69	48689	-0.176	-0.359	0.514	0.187	0.025	0.099
17.197	-0.175	-0.365	0.513	-1.28	0.30	1.43	1.96	1.13	-3.75	48657	-0.173	-0.358	0.514	0.187	0.025	0.099
17.213	-0.174	-0.365	0.513	-1.25	0.30	1.38	3.75	0.74	-3.32	48621	-0.171	-0.358	0.513	0.187	0.025	0.099
17.225	-0.172	-0.367	0.512	-1.20	0.30	1.34	5.92	-0.59	-2.85	48650	-0.168	-0.357	0.513	0.187	0.024	0.099
17.232	-0.167	-0.364	0.512	-1.16	0.28	1.32	6.07	-0.97	-1.98	48623	-0.165	-0.357	0.513	0.187	0.024	0.099
17.240	-0.166	-0.364	0.512	-1.08	0.30	1.29	5.77	-1.65	-2.22	48599	-0.163	-0.356	0.513	0.187	0.023	0.099
17.254	-0.163	-0.366	0.512	-1.00	0.32	1.27	5.57	-0.49	-2.04	48581	-0.160	-0.356	0.513	0.186	0.023	0.099
17.265	-0.162	-0.367	0.512	-0.93	0.34	1.25	3.84	0.28	-2.05	48559	-0.158	-0.356	0.513	0.186	0.022	0.099
17.275	-0.160	-0.357	0.512	-0.95	0.35	1.24	2.31	-0.38	-1.50	48627	-0.155	-0.355	0.513	0.186	0.022	0.099
17.281	-0.158	-0.351	0.511	-0.96	0.36	1.23	1.06	-0.01	-2.23	48615	-0.153	-0.353	0.512	0.186	0.022	0.099
17.293	-0.156	-0.351	0.511	-0.94	0.36	1.21	0.37	-0.58	-0.93	48589	-0.151	-0.351	0.512	0.185	0.022	0.099
17.304	-0.154	-0.351	0.511	-0.92	0.36	1.19	-1.48	1.67	-1.01	48549	-0.148	-0.350	0.512	0.185	0.022	0.099
17.313	-0.151	-0.352	0.511	-0.91	0.36	1.18	-1.19	1.90	0.02	48601	-0.146	-0.348	0.512	0.185	0.022	0.099
17.324	-0.151	-0.354	0.511	-0.90	0.36	1.17	-1.51	3.46	-0.42	48573	-0.144	-0.347	0.512	0.185	0.022	0.099
17.332	-0.148	-0.355	0.511	-0.89	0.32	1.16	-0.88	3.89	0.78	48540	-0.142	-0.347	0.512	0.184	0.021	0.098
17.340	-0.145	-0.353	0.511	-0.91	0.28	1.16	-1.37	6.26	0.08	48501	-0.139	-0.346	0.512	0.184	0.021	0.098
17.354	-0.141	-0.353	0.511	-0.91	0.22	1.17	-0.72	6.48	1.00	48457	-0.137	-0.345	0.512	0.184	0.021	0.098
17.363	-0.139	-0.342	0.511	-1.01	0.15	1.18	-0.21	6.52	0.88	48325	-0.134	-0.344	0.512	0.183	0.021	0.098
17.373	-0.136	-0.343	0.511	-0.99	0.09	1.19	-0.69	6.59	1.78	48292	-0.132	-0.342	0.512	0.183	0.021	0.098
17.384	-0.134	-0.342	0.511	-1.00	0.02	1.20	-1.68	5.38	3.10	48245	-0.129	-0.340	0.512	0.183	0.021	0.098
17.390	-0.130	-0.342	0.511	-1.00	-0.05	1.23	-2.48	5.10	3.22	48213	-0.126	-0.339	0.512	0.183	0.020	0.098
17.399	-0.130	-0.340	0.513	-1.01	-0.08	1.26	-2.19	3.34	3.36	47933	-0.124	-0.338	0.512	0.183	0.020	0.098
17.413	-0.127	-0.336	0.513	-1.07	-0.12	1.29	-2.85	2.66	3.71	47921	-0.122	-0.336	0.512	0.182	0.020	0.098
17.422	-0.125	-0.331	0.513	-1.12	-0.15	1.33	-1.38	1.51	4.05	47893	-0.119	-0.333	0.512	0.182	0.020	0.098
17.432	-0.123	-0.328	0.513	-1.15	-0.16	1.37	-1.85	0.50	4.52	47868	-0.117	-0.331	0.512	0.182	0.021	0.098
17.440	-0.123	-0.326	0.514	-1.16	-0.14	1.41	-1.32	-1.28	4.44	47804	-0.115	-0.329	0.513	0.181	0.021	0.099
17.448	-0.118	-0.326	0.514	-1.16	-0.16	1.46	-0.96	-3.78	5.15	47787	-0.112	-0.327	0.513	0.181	0.021	0.099
17.463	-0.117	-0.326	0.514	-1.16	-0.11	1.50	-1.84	-4.94	6.00	47759	-0.110	-0.325	0.513	0.181	0.021	0.099
17.472	-0.114	-0.327	0.514	-1.15	-0.08	1.56	-1.54	-7.40	5.69	47744	-0.108	-0.324	0.513	0.180	0.021	0.099
17.481	-0.113	-0.327	0.514	-1.15	0.00	1.61	-2.46	-6.73	5.29	47744	-0.106	-0.322	0.513	0.180	0.020	0.099
17.489	-0.108	-0.329	0.514	-1.14	0.05	1.67	-2.73	-6.39	5.66	47829	-0.103	-0.321	0.513	0.180	0.020	0.099
17.497	-0.109	-0.322	0.514	-1.21	0.14	1.73	-2.63	-5.95	5.78	47823	-0.101	-0.320	0.513	0.179	0.020	0.099
17.513	-0.103	-0.322	0.514	-1.23	0.17	1.79	-2.79	-5.84	5.86	47833	-0.098	-0.318	0.513	0.179	0.020	0.099
17.523	-0.101	-0.322	0.514	-1.24	0.24	1.85	-2.27	-5.34	5.99	47826	-0.096	-0.317	0.513	0.179	0.019	0.099
17.532	-0.100	-0.322	0.515	-1.25	0.30	1.91	-1.68	-4.64	6.63	47705	-0.093	-0.316	0.514	0.178	0.019	0.099
17.540	-0.099	-0.322	0.515	-1.25	0.37	1.97	-2.59	-2.91	5.88	47702	-0.091	-0.315	0.514	0.178	0.019	0.099
17.548	-0.096	-0.317	0.515	-1.30	0.40	2.04	-1.70	-1.64	4.81	47704	-0.089	-0.313	0.514	0.178	0.018	0.099
17.563	-0.092	-0.319	0.516	-1.29	0.40	2.08	-0.59	-1.39	4.56	47686	-0.086	-0.312	0.514	0.177	0.018	0.100
17.572	-0.088	-0.320	0.515	-1.28	0.39	2.13	-0.83	-0.04	4.18	47686	-0.083	-0.311	0.514	0.177	0.018	0.100
17.582	-0.087	-0.320	0.515	-1.27	0.41	2.17	-1.12	1.27	3.55	47827	-0.081	-0.310	0.514	0.177	0.017	0.100
17.590	-0.085	-0.321	0.515	-1.26	0.41	2.20	-1.41	1.65	3.06	47828	-0.078	-0.310	0.514	0.176	0.017	0.100
17.598	-0.083	-0.319	0.515	-1.27	0.39	2.23	-4.27	1.82	2.18	47834	-0.076	-0.309	0.514	0.176	0.016	0.100
17.613	-0.079	-0.312	0.515	-1.35	0.35	2.26	-4.77	0.57	1.51	47863	-0.073	-0.308	0.514	0.176	0.016	0.100
17.624	-0.079	-0.315	0.516	-1.36	0.37	2.27	-5.87	-1.08	0.97	47821	-0.071	-0.307	0.514	0.175	0.016	0.100
17.632	-0.072	-0.308	0.516	-1.46	0.33	2.29	-6.13	-2.32	0.23	47832	-0.068	-0.305	0.514	0.175	0.015	0.100
17.640	-0.069	-0.306	0.516	-1.52	0.35	2.30	-5.21	-3.96	-0.29	47837	-0.065	-0.303	0.514	0.175	0.015	0.101
17.649	-0.066	-0.305	0.516	-1.56	0.39	2.29	-4.70	-4.99	-0.70	47835	-0.062	-0.301	0.514	0.175	0.015	0.101
17.664	-0.066	-0.305	0.518	-1.60	0.45	2.28	-2.45	-7.11	-1.02	47496	-0.060	-0.300	0.514	0.174	0.015	0.101
17.673	-0.062	-0.304	0.518	-1.61	0.51	2.28	-1.30	-6.40	-2.05	47490	-0.057	-0.298	0.514	0.174	0.015	0.101
17.684	-0.061	-0.302	0.518	-1.62	0.58	2.26	1.67	-7.32	-2.11	47479	-0.054	-0.297	0.515	0.174	0.014	0.102
17.692	-0.057	-0.300	0.518	-1.61	0.64	2.24	2.53	-5.91	-2.86	47466	-0.051	-0.295	0.515	0.174	0.014	0.102
17.700	-0.054	-0.300	0.519	-1.57	0.70	2.21	3.13	-5.65	-3.17	47463	-0.049	-0.294	0.515	0.173	0.014	0.102
17.707	-0.053	-0.300	0.519	-1.52	0.77	2.18	4.25	-4.40	-3.29	47326	-0.046	-0.293	0.515	0.173	0.013	0.102
17.723	-0.051	-0.296	0.519	-1.50	0.82	2.15	4.28	-3.67	-3.70	47314	-0.043	-0.291	0.515	0.172	0.013	0.103
17.733	-0.051	-0.288	0.520	-1.51	0.88	2.12	4.91	-2.57	-3.71	47316	-0.041	-0.289	0.516	0.172	0.013	0.103
17.744	-0.049	-0.289	0.520	-1.43	0.91	2.09	4.34	-2.47	-3.51	47317	-0.039	-0.287	0.516	0.171	0.013	0.103
17.751	-0.043	-0.291	0.520	-1.35	0.91	2.05	4.54	-0.67	-3.20	47378	-0.036	-0.285	0.516	0.171	0.013	0.104
17.760	-0.041	-0.289	0.520	-1.31	0.92	2.01	3.01	0.76	-3.23	47381	-0.033	-0.283	0.516	0.171	0.012	0.104
17.773	-0.038	-0.290	0.520	-1.24	0.90	1.98	2.90	0.72	-3.67	47403	-0.031	-0.282	0.516	0.170	0.012	0.104
17.782	-0.037	-0.282	0.520	-1.27	0.90	1.95	0.95	1.04	-3.35	47430	-0.028	-0.280	0.516	0.170	0.012	0.104
17.793	-0.037	-0.277	0.520	-1.28	0.91	1.92	-0.65	0.70	-3.47	47446	-0.026	-0.278	0.516	0.169	0.012	0.105
17.801	-0.035	-0.276	0.521	-1.28	0.91	1.88	-2.17	1.29	-3.45	47386	-0.024	-0.275	0.516	0.169	0.012	0.105
17.809	-0.032	-0.276	0.521	-1.28	0.89	1.84	-3.61	1.43	-3.75	47417	-0.022	-0.273	0.516	0.168	0.012	0.106
17.823	-0.031	-0.278	0.521	-1.28	0.89	1.80	-4.52	1.28	-3.64	47431	-0.019	-0.272	0.516	0.168	0.011	0.106
17.835	-0.028	-0.278	0.521	-1.30	0.87	1.76	-4.36	0.80	-3.30	47451	-0.017	-0.270	0.516	0.167	0.011	0.106
17.843	-0.026	-0.279	0.521	-1.32	0.87	1.72	-4.58	1.00	-3.07	47551	-0.015	-0.269	0.516	0.167	0.010	0.107
17.852	-0.026	-0.281	0.521	-1.33	0.88	1.69	-3.85	0.54	-2.96	47573	-0.013	-0.268	0.516	0.166	0.010	0.107
17.863	-0.022	-0.279	0.521	-1.36	0.86	1.66	-3.65	0.65	-2.75	47597	-0.011	-0.267	0.516	0.165	0.009	0.107
17.876	-0.021	-0.271	0.521	-1.45	0.87	1.64	-1.29	1.57	-2.73	47643	-0.009	-0.266	0.516	0.165	0.009	0.108
17.885	-0.020	-0.263	0.519	-1.52	0.86	1.62	-0.71	1.75	-1.90	47881	-0.007	-0.263	0.516	0.164	0.009	0.108
17.894	-0.018	-0.263	0.519	-1.51	0.84	1.59	1.20	2.09	-1.76	47893	-0.005	-0.261	0.515	0.163	0.009	0.108
17.900	-0.018	-0.267	0.519	-1.44	0.84	1.57	3.99	1.90	-1.73	47916	-0.003	-0.259	0.515	0.163	0.008	0.109
17.913	-0.016	-0.259	0.519	-1.46	0.81	1.56	4.01	2.41	-2.09	47950	-0.001	-0.257	0.515	0.162	0.008	0.109
17.924	-0.016	-0.250	0.518	-1.49	0.80	1.54	5.28	2.82	-1.95	47980	0.000	-0.254	0.515	0.161	0.009	0.109
17.934	-0.013	-0.253	0.518	-1.38	0.77	1.51	5.65	2.38	-2.32	48156	0.002	-0.251	0.514	0.160	0.008	0.109
17.942	-0.013	-0.256	0.518	-1.28	0.76	1.48	7.15	1.20	-2.03	48180	0.004	-0.250	0.514	0.159	0.008	0.110
17.958	-0.010	-0.242	0.518	-1.31	0.74	1.48	7.87	0.71	-2.26	48200	0.005	-0.246	0.514	0.159	0.008	0.110
17.961	-0.009	-0.240	0.518	-1.22	0.74	1.46	7.56	0.08	-3.28	48210	0.007	-0.243	0.514	0.158	0.008	0.110
17.971	-0.007	-0.244	0.517	-1.08	0.74	1.42	6.86	-0.39	-3.66	48344	0.009	-0.241	0.513	0.157	0.008	0.111
17.983	-0.007	-0.247	0.517	-0.96	0.77	1.37	6.75	-1.43	-3.21	48350	0.010	-0.239	0.513	0.156	0.008	0.111
17.993	-0.005	-0.225	0.516	-1.07	0.78	1.37	6.46	-2.89	-3.14	48364	0.012	-0.235	0.513	0.155	0.008	0.111
18.003	-0.003	-0.227	0.516	-0.97	0.80	1.33	5.14	-2.39	-4.08	48378	0.013	-0.231	0.512	0.154	0.009	0.111
18.013	-0.001	-0.224	0.516	-0.92	0.83	1.29	4.45	-2.17	-4.28	48401	0.015	-0.228	0.512	0.154	0.009	0.112
18.023	0.001	-0.209	0.516	-0.98	0.84	1.27	4.73	-0.57	-4.04	48398	0.017	-0.223	0.512	0.153	0.010	0.112
18.035	0.002	-0.214	0.515	-0.86	0.85	1.22	5.59	1.91	-3.67	48384	0.018	-0.219	0.512	0.152	0.010	0.112
18.044	0.003	-0.212	0.515	-0.79	0.85	1.18	5.52	3.52	-4.00	48392	0.020	-0.216	0.511	0.151	0.010	0.113
18.054	0.005	-0.195	0.515	-0.86	0.82	1.16	6.56	5.70	-3.36	48421	0.021	-0.211	0.511	0.150	0.011	0.113
18.063	0.005	-0.197	0.515	-0.75	0.78	1.12	6.91	5.24	-3.58	48405	0.023	-0.207	0.511	0.149	0.011	0.113
18.066	0.007	-0.200	0.515	-0.63	0.73	1.07	9.47	5.68	-3.40	48388	0.024	-0.203	0.511	0.148	0.011	0.113
18.083	0.008	-0.180	0.514	-0.69	0.67	1.06	10.37	5.43	-3.82	48409	0.026	-0.198	0.511	0.148	0.012	0.114
18.090	0.010	-0.186	0.514	-0.51	0.62	1.00	10.06	5.46	-4.12	48390	0.027	-0.193	0.510	0.147	0.013	0.114
18.102	0.011	-0.183	0.515	-0.40	0.56	0.96	12.10	5.43	-3.88	48220	0.029	-0.189	0.510	0.146	0.013	0.114
18.109	0.015	-0.167	0.515	-0.40	0.49	0.94	10.29	4.47	-4.88	48226	0.030	-0.184	0.510	0.145	0.014	0.115
18.124	0.015	-0.171	0.514	-0.22	0.46	0.88	9.54	2.71	-4.79	48213	0.032	-0.180	0.510	0.144	0.014	0.115
18.133	0.015	-0.175	0.514	-0.07	0.44	0.82	9.23	0.78	-4.14	48195	0.033	-0.176	0.510	0.143	0.014	0.115
18.142	0.017	-0.152	0.514	-0.15	0.42	0.81	6.63	-0.00	-4.18	48207	0.035	-0.170	0.510	0.142	0.015	0.116
18.152	0.019	-0.159	0.514	0.01	0.42	0.75	5.82	-0.67	-4.69	48283	0.036	-0.166	0.510	0.142	0.016	0.116
18.163	0.022	-0.148	0.513	0.01	0.41	0.72	4.07	-0.47	-5.17	48304	0.038	-0.161	0.510	0.141	0.016	0.116
18.173	0.024	-0.143	0.513	0.04	0.41	0.67	3.30	-0.56	-5.13	48313	0.039	-0.156	0.510	0.140	0.017	0.116
18.183	0.024	-0.145	0.513	0.11	0.43	0.61	2.66	0.27	-5.15	48307	0.041	-0.152	0.509	0.139	0.017	0.117
18.193	0.027	-0.147	0.513	0.19	0.41	0.55	1.72	1.40	-5.51	48248	0.042	-0.148	0.509	0.138	0.018	0.117
18.203	0.027	-0.131	0.513	0.10	0.41	0.52	3.96	2.92	-5.36	48262	0.044	-0.143	0.509	0.137	0.018	0.117
18.212	0.029	-0.127	0.513	0.13	0.38	0.46	3.74	4.44	-5.60	48272	0.045	-0.138	0.509	0.137	0.019	0.118
18.222	0.029	-0.130	0.513	0.22	0.34	0.40	3.28	6.07	-5.80	48276	0.047	-0.134	0.509	0.136	0.019	0.118
18.232	0.031	-0.132	0.513	0.30	0.28	0.33	3.82	7.10	-5.96	48282	0.048	-0.131	0.509	0.135	0.019	0.118
18.243	0.032	-0.115	0.513	0.22	0.21	0.29	5.29	7.93	-6.40	48302	0.049	-0.126	0.509	0.134	0.019	0.119
18.251	0.035	-0.116	0.513	0.32	0.12	0.22	6.87	6.82	-6.96	48296	0.051	-0.122	0.509	0.133	0.020	0.119
18.260	0.036	-0.119	0.513	0.44	0.07	0.15	7.14	4.12	-7.74	48278	0.052	-0.119	0.509	0.132	0.020	0.119
18.270	0.036	-0.096	0.512	0.33	0.03	0.10	8.98	1.82	-8.25	48308	0.054	-0.113	0.509	0.131	0.021	0.119
18.282	0.039	-0.101	0.511	0.50	0.00	0.00	8.93	-3.50	-8.54	48480	0.055	-0.109	0.508	0.131	0.021	0.120
18.293	0.038	-0.099	0.511	0.60	0.05	-0.08	9.95	-7.87	-8.37	48481	0.056	-0.104	0.508	0.130	0.021	0.120
18.303	0.041	-0.088	0.511	0.64	0.12	-0.16	10.04	-13.80	-8.59	48469	0.058	-0.099	0.508	0.129	0.022	0.120
18.312	0.041	-0.091	0.511	0.80	0.26	-0.25	9.51	-16.98	-8.18	48447	0.059	-0.095	0.508	0.128	0.022	0.120
18.319	0.042	-0.071	0.511	0.75	0.44	-0.31	9.40	-18.60	-7.80	48353	0.060	-0.089	0.508	0.127	0.023	0.120
18.333	0.042	-0.073	0.511	0.89	0.63	-0.40	5.99	-15.73	-8.24	48343	0.061	-0.084	0.508	0.126	0.024	0.121
18.342	0.043	-0.078	0.511	1.04	0.80	-0.50	5.53	-12.61	-7.84	48322	0.062	-0.081	0.508	0.125	0.024	0.121
18.354	0.044	-0.082	0.511	1.16	0.92	-0.59	3.35	-7.18	-7.10	48303	0.063	-0.078	0.508	0.124	0.023	0.121
18.362	0.046	-0.063	0.511	1.05	0.99	-0.64	2.74	-2.00	-6.57	48300	0.064	-0.073	0.507	0.123	0.024	0.121
18.372	0.045	-0.066	0.511	1.14	1.04	-0.72	1.82	1.94	-6.70	48242	0.065	-0.069	0.507	0.122	0.024	0.122
18.383	0.046	-0.067	0.511	1.19	1.02	-0.79	1.75	5.31	-6.24	48214	0.066	-0.066	0.507	0.121	0.024	0.122
18.392	0.050	-0.067	0.511	1.24	0.94	-0.86	1.86	6.60	-6.15	48183	0.067	-0.063	0.507	0.120	0.024	0.122
18.404	0.051	-0.041	0.510	1.06	0.88	-0.89	2.65	6.79	-5.57	48168	0.069	-0.058	0.507	0.119	0.025	0.122
18.410	0.053	-0.042	0.511	1.12	0.81	-0.95	2.85	5.93	-4.79	48016	0.070	-0.053	0.507	0.118	0.025	0.123
18.421	0.054	-0.044	0.511	1.21	0.74	-1.01	3.91	5.99	-4.67	47964	0.071	-0.049	0.507	0.118	0.025	0.123
18.432	0.055	-0.049	0.511	1.32	0.69	-1.06	4.98	4.16	-4.28	47911	0.072	-0.046	0.507	0.117	0.025	0.123
18.443	0.056	-0.030	0.511	1.22	0.65	-1.09	4.27	3.84	-3.89	47886	0.073	-0.041	0.507	0.116	0.026	0.124
18.452	0.057	-0.032	0.512	1.32	0.60	-1.13	2.12	3.37	-4.27	47842	0.075	-0.037	0.508	0.115	0.026	0.124
18.463	0.058	-0.029	0.512	1.35	0.57	-1.18	0.99	1.69	-4.53	47599	0.076	-0.033	0.508	0.114	0.026	0.124
18.472	0.059	-0.030	0.513	1.40	0.55	-1.23	-2.15	0.63	-4.35	47559	0.077	-0.030	0.508	0.113	0.026	0.125
18.482	0.061	-0.029	0.513	1.40	0.53	-1.27	-4.21	0.47	-4.29	47524	0.078	-0.027	0.508	0.112	0.026	0.125
18.493	0.062	-0.009	0.513	1.20	0.54	-1.29	-6.91	0.32	-4.60	47521	0.079	-0.022	0.508	0.111	0.027	0.125
18.502	0.063	-0.008	0.511	1.16	0.54	-1.34	-9.48	0.26	-4.73	47790	0.080	-0.017	0.508	0.110	0.027	0.126
18.512	0.064	-0.008	0.512	1.09	0.53	-1.39	-10.96	0.08	-4.62	47777	0.082	-0.013	0.508	0.110	0.028	0.126
18.519	0.064	-0.004	0.512	0.99	0.54	-1.43	-10.24	0.34	-4.50	47773	0.083	-0.009	0.508	0.109	0.028	0.126
18.530	0.066	-0.005	0.512	0.92	0.52	-1.48	-9.85	0.86	-3.26	47771	0.084	-0.006	0.508	0.108	0.028	0.126
18.542	0.068	-0.004	0.511	0.84	0.51	-1.52	-8.08	0.13	-2.43	47827	0.085	-0.003	0.508	0.107	0.028	0.127
18.553	0.069	-0.001	0.512	0.76	0.51	-1.55	-6.72	1.47	-2.97	47832	0.086	0.000	0.508	0.106	0.028	0.127
18.562	0.070	-0.000	0.512	0.72	0.49	-1.58	-6.17	3.61	-3.51	47833	0.087	0.003	0.508	0.105	0.028	0.127
18.572	0.071	0.003	0.512	0.66	0.46	-1.61	-5.24	5.31	-3.68	47847	0.088	0.006	0.507	0.104	0.027	0.128
18.582	0.072	0.006	0.511	0.61	0.41	-1.65	-5.38	4.05	-2.71	47870	0.089	0.009	0.507	0.103	0.027	0.128
18.594	0.073	0.006	0.511	0.58	0.36	-1.68	-4.84	3.16	-1.48	48010	0.090	0.011	0.507	0.103	0.027	0.128
18.601	0.077	0.005	0.511	0.57	0.31	-1.70	-4.55	2.11	-2.40	48025	0.092	0.013	0.507	0.102	0.027	0.128
18.612	0.077	0.004	0.511	0.56	0.29	-1.73	-5.14	0.65	-1.85	48036	0.093	0.015	0.507	0.101	0.026	0.129
18.619	0.079	0.004	0.511	0.53	0.28	-1.75	-4.24	-1.62	-1.63	48057	0.094	0.016	0.507	0.100	0.025	0.129
18.630	0.082	0.004	0.511	0.51	0.27	-1.77	-4.86	-5.21	-1.25	48148	0.096	0.017	0.507	0.099	0.025	0.129
18.642	0.083	0.004	0.510	0.49	0.33	-1.78	-4.88	-6.89	-1.61	48154	0.097	0.018	0.507	0.099	0.024	0.130
18.651	0.083	0.005	0.510	0.46	0.40	-1.80	-5.67	-9.08	-1.61	48157	0.099	0.019	0.506	0.098	0.023	0.130
18.662	0.085	0.005	0.510	0.43	0.48	-1.82	-7.58	-10.97	-2.01	48175	0.100	0.020	0.506	0.097	0.023	0.130
18.672	0.085	0.006	0.511	0.37	0.60	-1.84	-11.47	-11.58	-1.66	48201	0.101	0.021	0.506	0.096	0.022	0.131
18.682	0.085	0.007	0.511	0.27	0.73	-1.86	-15.66	-11.02	-1.19	48030	0.102	0.022	0.507	0.096	0.021	0.131
18.693	0.088	0.009	0.511	0.11	0.83	-1.87	-19.50	-10.53	-0.90	48064	0.104	0.023	0.507	0.095	0.020	0.131
18.701	0.087	0.013	0.511	-0.10	0.95	-1.88	-22.22	-8.17	-0.93	48091	0.105	0.024	0.507	0.094	0.020	0.132
18.712	0.087	0.017	0.511	-0.32	1.04	-1.89	-24.20	-4.31	-2.47	48104	0.105	0.026	0.507	0.093	0.019	0.132
18.721	0.093	0.018	0.510	-0.56	1.04	-1.92	-22.57	-0.58	-2.96	48273	0.107	0.027	0.506	0.092	0.019	0.132
18.732	0.093	0.022	0.510	-0.80	1.06	-1.95	-19.68	-1.02	-1.31	48293	0.108	0.029	0.506	0.091	0.018	0.133
18.740	0.095	0.025	0.510	-0.99	1.06	-1.97	-15.82	2.17	-2.49	48309	0.110	0.031	0.506	0.091	0.018	0.133
18.752	0.097	0.026	0.510	-1.14	1.04	-1.99	-10.13	3.13	-1.65	48322	0.111	0.033	0.506	0.090	0.018	0.133
18.762	0.098	0.026	0.510	-1.22	1.00	-2.01	2.31	2.28	-1.02	48230	0.112	0.035	0.506	0.089	0.017	0.134
18.770	0.099	0.029	0.510	-1.20	0.98	-2.02	17.21	-0.57	-1.01	48230	0.114	0.037	0.506	0.088	0.017	0.134
18.782	0.100	0.023	0.510	-0.97	0.98	-2.04	33.37	-3.85	-1.06	48213	0.115	0.037	0.506	0.088	0.016	0.134
18.786	0.100	0.016	0.510	-0.55	1.02	-2.05	47.74	-6.54	-0.50	48181	0.116	0.037	0.506	0.087	0.015	0.134
18.803	0.099	0.012	0.511	-0.03	1.10	-2.06	61.62	-9.96	-0.25	48161	0.117	0.037	0.506	0.086	0.014	0.135
18.813	0.104	0.014	0.511	0.58	1.17	-2.07	68.41	-13.59	0.52	48006	0.119	0.036	0.506	0.085	0.013	0.135
18.823	0.105	0.025	0.511	1.18	1.30	-2.06	70.64	-12.67	-0.41	47993	0.120	0.038	0.506	0.084	0.012	0.135
18.830	0.107	0.033	0.511	1.83	1.42	-2.06	67.14	-12.30	-0.25	47991	0.121	0.039	0.506	0.084	0.012	0.136
18.839	0.106	0.023	0.511	2.62	1.56	-2.08	59.55	-10.93	0.06	48016	0.123	0.040	0.506	0.083	0.011	0.136
18.852	0.107	0.034	0.511	3.14	1.67	-2.07	48.30	-8.18	0.18	48024	0.124	0.041	0.506	0.082	0.011	0.136
18.862	0.109	0.042	0.511	3.57	1.74	-2.07	36.55	-5.23	0.17	48047	0.125	0.044	0.506	0.081	0.010	0.137
18.872	0.111	0.038	0.511	3.99	1.78	-2.08	23.51	-2.46	0.04	48074	0.126	0.045	0.506	0.080	0.010	0.137
18.882	0.112	0.052	0.511	4.13	1.81	-2.06	11.60	0.40	0.14	48101	0.128	0.048	0.506	0.080	0.010	0.137
18.890	0.112	0.054	0.511	4.25	1.81	-2.06	2.40	1.55	0.77	48136	0.129	0.051	0.506	0.079	0.010	0.138
18.903	0.113	0.056	0.511	4.28	1.79	-2.05	-3.43	3.39	0.45	48124	0.130	0.054	0.506	0.078	0.011	0.138
18.912	0.114	0.058	0.511	4.25	1.76	-2.04	-7.52	3.20	0.48	48159	0.131	0.056	0.506	0.077	0.011	0.138
18.924	0.115	0.059	0.510	4.19	1.72	-2.04	-8.46	2.98	0.12	48192	0.132	0.059	0.506	0.076	0.011	0.139
18.929	0.116	0.061	0.510	4.11	1.69	-2.04	-9.16	3.70	0.71	48208	0.133	0.061	0.506	0.075	0.011	0.139
18.942	0.119	0.063	0.511	4.02	1.64	-2.03	-7.21	1.92	0.58	48183	0.135	0.063	0.506	0.074	0.011	0.139
18.953	0.119	0.064	0.510	3.95	1.62	-2.02	-4.23	0.43	1.82	48197	0.136	0.065	0.506	0.074	0.011	0.140
18.962	0.120	0.066	0.510	3.91	1.62	-2.01	-0.66	-1.26	1.32	48197	0.137	0.067	0.506	0.073	0.011	0.140
18.973	0.121	0.065	0.510	3.92	1.63	-2.00	2.85	-1.64	1.46	48213	0.138	0.068	0.506	0.072	0.010	0.140
18.984	0.122	0.067	0.510	3.94	1.64	-1.98	4.64	-2.07	1.86	48162	0.139	0.070	0.506	0.071	0.010	0.140
18.994	0.122	0.068	0.510	3.99	1.67	-1.97	5.88	-1.23	0.72	48176	0.140	0.071	0.506	0.070	0.010	0.141
19.004	0.124	0.070	0.510	4.05	1.67	-1.96	6.13	-0.04	1.00	48184	0.142	0.072	0.506	0.069	0.010	0.141
19.012	0.125	0.068	0.510	4.14	1.67	-1.96	4.50	1.20	0.51	48198	0.143	0.073	0.506	0.068	0.010	0.141
19.023	0.125	0.069	0.510	4.18	1.66	-1.96	2.41	1.64	0.54	48225	0.144	0.074	0.506	0.067	0.010	0.142
19.032	0.125	0.071	0.510	4.20	1.65	-1.94	-0.79	2.45	0.34	48328	0.145	0.075	0.506	0.066	0.009	0.142
19.039	0.126	0.073	0.509	4.19	1.63	-1.94	-4.83	3.28	0.76	48351	0.145	0.076	0.506	0.065	0.009	0.142
19.052	0.126	0.074	0.509	4.14	1.60	-1.92	-9.23	4.49	0.96	48378	0.146	0.077	0.506	0.064	0.009	0.142
19.063	0.129	0.056	0.509	4.22	1.54	-1.95	-12.86	5.27	0.38	48415	0.147	0.075	0.506	0.063	0.008	0.143
19.073	0.129	0.051	0.510	4.14	1.49	-1.95	-15.50	4.33	0.21	48167	0.148	0.073	0.506	0.062	0.007	0.143
19.083	0.130	0.056	0.510	3.94	1.45	-1.93	-18.47	5.77	-0.10	48191	0.149	0.072	0.506	0.061	0.006	0.143
19.090	0.129	0.057	0.510	3.75	1.40	-1.92	-21.67	6.34	-0.66	48212	0.150	0.071	0.506	0.060	0.005	0.144
19.102	0.129	0.047	0.510	3.63	1.34	-1.93	-22.77	5.88	-0.60	48235	0.150	0.069	0.506	0.059	0.004	0.144
19.113	0.130	0.051	0.510	3.37	1.28	-1.93	-23.15	3.26	0.41	48234	0.151	0.067	0.506	0.058	0.004	0.144
19.121	0.130	0.034	0.510	3.28	1.24	-1.95	-23.79	5.62	-0.90	48250	0.151	0.064	0.506	0.057	0.002	0.144
19.132	0.130	0.034	0.510	3.04	1.18	-1.96	-23.67	5.66	-0.18	48260	0.152	0.060	0.506	0.056	0.001	0.145
19.142	0.131	0.043	0.510	2.72	1.13	-1.95	-23.08	4.82	0.19	48254	0.152	0.059	0.506	0.055	-0.000	0.145
19.152	0.131	0.025	0.509	2.64	1.07	-1.97	-22.60	4.64	0.72	48273	0.153	0.055	0.506	0.054	-0.002	0.145
19.162	0.131	0.029	0.509	2.38	1.02	-1.96	-22.24	4.23	0.53	48376	0.153	0.052	0.506	0.053	-0.003	0.145
19.174	0.130	0.011	0.509	2.30	0.98	-1.97	-21.34	2.98	0.64	48410	0.153	0.047	0.506	0.052	-0.005	0.146
19.183	0.130	0.017	0.508	2.02	0.95	-1.96	-21.22	4.25	0.31	48413	0.153	0.043	0.506	0.050	-0.006	0.146
19.192	0.129	0.002	0.508	1.93	0.92	-1.97	-22.16	3.97	-1.04	48432	0.153	0.038	0.506	0.049	-0.008	0.146
19.200	0.130	0.008	0.507	1.65	0.88	-1.97	-22.87	3.73	0.20	48656	0.154	0.034	0.505	0.048	-0.009	0.146
19.213	0.130	-0.007	0.507	1.53	0.84	-1.98	-24.40	3.62	0.15	48687	0.154	0.029	0.505	0.047	-0.011	0.146
19.223	0.130	-0.000	0.506	1.22	0.80	-1.98	-25.86	2.72	-0.49	48700	0.154	0.025	0.505	0.046	-0.012	0.146
19.235	0.129	-0.016	0.506	1.09	0.78	-1.99	-25.69	2.14	-1.23	48735	0.153	0.020	0.504	0.044	-0.014	0.147
19.245	0.130	-0.012	0.504	0.79	0.75	-2.00	-26.75	0.72	-0.84	48737	0.154	0.016	0.504	0.043	-0.016	0.147
19.253	0.131	-0.003	0.504	0.44	0.74	-1.99	-26.52	-0.15	-0.29	49012	0.154	0.013	0.504	0.042	-0.016	0.147
19.262	0.130	-0.018	0.504	0.29	0.74	-2.02	-27.95	-0.17	-1.02	49041	0.154	0.009	0.503	0.041	-0.018	0.147
19.273	0.130	-0.017	0.504	-0.01	0.74	-2.02	-26.01	-2.53	0.51	49049	0.154	0.005	0.503	0.040	-0.019	0.147
19.283	0.130	-0.024	0.503	-0.22	0.76	-2.03	-24.90	-2.01	-0.26	49063	0.154	0.001	0.503	0.038	-0.020	0.147
19.296	0.128	-0.020	0.502	-0.52	0.79	-2.02	-23.18	-1.19	-0.57	49153	0.153	-0.002	0.502	0.037	-0.021	0.147
19.304	0.130	-0.036	0.502	-0.64	0.79	-2.05	-22.28	0.22	-1.29	49158	0.153	-0.007	0.502	0.036	-0.023	0.147
19.312	0.130	-0.041	0.502	-0.83	0.79	-2.06	-20.97	2.48	-2.75	49153	0.153	-0.012	0.502	0.035	-0.024	0.147
19.322	0.130	-0.046	0.501	-1.01	0.77	-2.09	-17.93	0.61	-2.13	49153	0.153	-0.017	0.501	0.034	-0.026	0.147
19.331	0.131	-0.042	0.501	-1.24	0.75	-2.11	-16.85	1.59	-2.10	49128	0.153	-0.021	0.501	0.032	-0.027	0.147
19.342	0.130	-0.065	0.501	-1.23	0.74	-2.15	-17.64	2.62	-2.35	49154	0.153	-0.027	0.501	0.031	-0.029	0.147
19.352	0.131	-0.058	0.501	-1.49	0.71	-2.17	-18.65	4.88	-2.82	49137	0.153	-0.031	0.501	0.030	-0.030	0.147
19.363	0.131	-0.070	0.500	-1.59	0.65	-2.22	-18.35	4.25	-2.13	49145	0.153	-0.037	0.500	0.029	-0.032	0.147
19.372	0.131	-0.074	0.500	-1.76	0.61	-2.24	-18.07	3.54	-1.96	49140	0.153	-0.042	0.500	0.028	-0.033	0.147
19.383	0.131	-0.076	0.501	-1.94	0.57	-2.26	-20.28	5.20	-3.14	48842	0.153	-0.047	0.500	0.027	-0.035	0.147
19.391	0.130	-0.089	0.501	-2.06	0.52	-2.30	-19.05	2.68	-2.29	48832	0.153	-0.053	0.501	0.026	-0.036	0.147
19.400	0.129	-0.086	0.501	-2.29	0.50	-2.32	-21.58	4.84	-3.14	48814	0.152	-0.058	0.501	0.024	-0.038	0.147
19.410	0.129	-0.093	0.501	-2.46	0.45	-2.36	-22.42	4.27	-2.62	48804	0.152	-0.063	0.501	0.023	-0.039	0.147
19.421	0.130	-0.094	0.501	-2.69	0.40	-2.39	-22.56	5.72	-3.21	48771	0.152	-0.068	0.501	0.022	-0.041	0.147
19.432	0.130	-0.093	0.501	-2.94	0.34	-2.42	-21.31	2.80	-1.85	48769	0.152	-0.072	0.501	0.021	-0.042	0.147
19.442	0.131	-0.088	0.501	-3.21	0.29	-2.44	-21.28	5.64	-3.28	48753	0.152	-0.075	0.501	0.020	-0.042	0.147
19.452	0.132	-0.085	0.501	-3.46	0.24	-2.47	-18.39	4.80	-2.55	48737	0.152	-0.077	0.501	0.019	-0.043	0.147
19.461	0.132	-0.092	0.502	-3.60	0.19	-2.51	-16.27	4.37	-2.25	48723	0.152	-0.080	0.501	0.018	-0.044	0.147
19.468	0.131	-0.094	0.502	-3.76	0.15	-2.53	-12.17	5.61	-2.51	48383	0.152	-0.083	0.501	0.017	-0.044	0.147
19.483	0.132	-0.092	0.502	-3.92	0.10	-2.56	-6.85	4.36	-1.91	48344	0.152	-0.084	0.502	0.016	-0.044	0.147
19.490	0.132	-0.098	0.502	-3.95	0.05	-2.58	-1.79	2.03	-2.13	48309	0.152	-0.087	0.502	0.015	-0.045	0.147
19.501	0.131	-0.103	0.502	-3.94	0.04	-2.61	2.83	-0.13	-1.92	48289	0.151	-0.090	0.502	0.014	-0.046	0.147
19.508	0.131	-0.104	0.502	-3.91	0.04	-2.62	6.91	-0.42	-2.37	48286	0.151	-0.092	0.502	0.013	-0.046	0.147
19.522	0.131	-0.106	0.502	-3.85	0.04	-2.65	8.78	-1.89	-2.11	48252	0.151	-0.094	0.502	0.012	-0.047	0.147
19.532	0.132	-0.096	0.502	-3.85	0.05	-2.66	9.16	-1.27	-1.67	48238	0.151	-0.095	0.502	0.011	-0.047	0.147
19.543	0.133	-0.097	0.503	-3.76	0.05	-2.68	8.48	-0.34	-1.23	48223	0.151	-0.096	0.503	0.010	-0.047	0.147
19.551	0.133	-0.093	0.502	-3.71	0.05	-2.69	7.75	0.18	-1.21	48207	0.151	-0.096	0.503	0.009	-0.047	0.147
19.561	0.132	-0.094	0.502	-3.64	0.06	-2.70	6.50	-0.03	-1.13	48253	0.151	-0.096	0.503	0.008	-0.047	0.147
19.571	0.132	-0.097	0.503	-3.55	0.06	-2.71	6.41	-0.14	-1.35	48245	0.151	-0.097	0.503	0.007	-0.047	0.147
19.582	0.132	-0.097	0.503	-3.49	0.07	-2.73	7.16	-1.44	-1.30	48227	0.151	-0.097	0.503	0.006	-0.047	0.147
19.593	0.133	-0.100	0.503	-3.40	0.08	-2.74	10.12	-3.22	-1.09	48194	0.151	-0.098	0.503	0.005	-0.047	0.147
19.601	0.134	-0.102	0.502	-3.30	0.10	-2.75	14.07	-4.67	-0.06	48278	0.151	-0.099	0.503	0.004	-0.047	0.147
19.612	0.133	-0.102	0.502	-3.16	0.15	-2.75	17.03	-6.46	1.34	48237	0.151	-0.099	0.503	0.003	-0.047	0.147
19.624	0.135	-0.102	0.502	-3.00	0.19	-2.73	19.08	-6.15	2.20	48188	0.151	-0.100	0.503	0.003	-0.047	0.147
19.633	0.134	-0.096	0.502	-2.86	0.27	-2.70	21.31	-7.81	2.99	48151	0.151	-0.100	0.503	0.002	-0.047	0.147
19.645	0.134	-0.095	0.502	-2.67	0.34	-2.67	22.52	-7.10	4.04	48206	0.151	-0.099	0.503	0.001	-0.047	0.147
19.653	0.134	-0.095	0.502	-2.44	0.41	-2.62	22.94	-6.17	5.59	48162	0.151	-0.099	0.503	-0.000	-0.047	0.147
19.662	0.134	-0.095	0.502	-2.21	0.48	-2.56	24.78	-4.54	7.31	48115	0.151	-0.098	0.503	-0.001	-0.047	0.147
19.672	0.138	-0.092	0.502	-2.00	0.49	-2.49	24.81	-2.69	9.34	48066	0.151	-0.097	0.503	-0.002	-0.046	0.147
19.682	0.137	-0.096	0.503	-1.72	0.51	-2.40	23.88	2.80	9.70	48013	0.152	-0.097	0.503	-0.002	-0.046	0.147
19.693	0.140	-0.080	0.503	-1.61	0.47	-2.30	23.93	5.14	11.62	47857	0.152	-0.095	0.503	-0.003	-0.045	0.147
19.701	0.140	-0.083	0.503	-1.34	0.41	-2.19	21.25	9.48	11.35	47803	0.153	-0.093	0.503	-0.004	-0.045	0.147
19.712	0.142	-0.073	0.504	-1.21	0.30	-2.07	18.80	12.11	10.74	47765	0.153	-0.091	0.503	-0.004	-0.044	0.147
19.723	0.143	-0.078	0.504	-0.98	0.17	-1.97	17.34	14.26	10.13	47724	0.154	-0.089	0.503	-0.005	-0.043	0.147
19.734	0.143	-0.077	0.504	-0.81	0.03	-1.87	14.92	14.80	9.61	47752	0.155	-0.087	0.503	-0.005	-0.043	0.147
19.741	0.145	-0.081	0.504	-0.62	-0.13	-1.78	14.01	14.82	8.52	47718	0.155	-0.086	0.503	-0.006	-0.043	0.147
19.751	0.145	-0.083	0.504	-0.46	-0.28	-1.69	13.26	13.33	7.51	47677	0.156	-0.086	0.504	-0.007	-0.042	0.147
19.760	0.145	-0.067	0.505	-0.46	-0.41	-1.62	12.93	11.41	7.36	47650	0.156	-0.083	0.504	-0.007	-0.042	0.147
19.768	0.144	-0.072	0.503	-0.28	-0.52	-1.55	12.93	8.38	6.34	47613	0.157	-0.081	0.504	-0.008	-0.041	0.147
19.781	0.145	-0.069	0.503	-0.17	-0.61	-1.48	12.12	6.08	6.02	47858	0.157	-0.080	0.503	-0.008	-0.041	0.147
19.792	0.145	-0.061	0.504	-0.11	-0.67	-1.42	11.27	1.89	6.26	47840	0.157	-0.077	0.503	-0.009	-0.040	0.147
19.802	0.145	-0.060	0.504	0.01	-0.69	-1.36	11.46	-1.49	5.36	47829	0.158	-0.075	0.503	-0.010	-0.039	0.147
19.811	0.145	-0.062	0.504	0.14	-0.67	-1.30	11.39	-4.62	5.16	47814	0.158	-0.073	0.503	-0.010	-0.039	0.147
19.817	0.144	-0.066	0.504	0.29	-0.63	-1.25	10.37	-5.06	4.35	47881	0.158	-0.071	0.503	-0.011	-0.038	0.147
19.831	0.144	-0.065	0.504	0.39	-0.58	-1.21	8.47	-6.53	3.76	47889	0.158	-0.070	0.503	-0.012	-0.038	0.147
19.840	0.146	-0.050	0.504	0.36	-0.53	-1.17	7.99	-5.91	2.90	47909	0.158	-0.067	0.503	-0.012	-0.037	0.147
19.851	0.148	-0.052	0.504	0.46	-0.48	-1.14	6.27	-4.00	2.02	47905	0.159	-0.065	0.503	-0.013	-0.036	0.147
19.860	0.148	-0.056	0.506	0.57	-0.44	-1.12	6.70	-1.43	2.07	47633	0.159	-0.064	0.503	-0.013	-0.036	0.148
19.871	0.148	-0.056	0.506	0.64	-0.42	-1.10	7.94	0.06	1.21	47630	0.159	-0.062	0.504	-0.014	-0.036	0.148
19.881	0.149	-0.060	0.506	0.76	-0.43	-1.09	9.90	2.45	0.47	47618	0.159	-0.061	0.504	-0.014	-0.036	0.148
19.892	0.152	-0.042	0.506	0.72	-0.47	-1.08	10.12	4.09	0.03	47606	0.160	-0.059	0.504	-0.015	-0.035	0.148
19.901	0.151	-0.042	0.507	0.82	-0.50	-1.08	8.51	5.64	-0.74	47595	0.161	-0.056	0.504	-0.015	-0.034	0.148
19.910	0.152	-0.046	0.507	0.95	-0.56	-1.08	6.44	5.67	-0.95	47500	0.161	-0.055	0.505	-0.016	-0.034	0.149
19.920	0.152	-0.049	0.508	1.05	-0.61	-1.09	4.44	5.01	-1.60	47506	0.161	-0.053	0.505	-0.016	-0.033	0.149
19.926	0.152	-0.051	0.508	1.12	-0.66	-1.10	2.24	2.87	-2.45	47518	0.162	-0.053	0.505	-0.017	-0.033	0.149
19.942	0.153	-0.051	0.508	1.14	-0.69	-1.12	1.27	-3.62	-2.35	47522	0.162	-0.052	0.505	-0.017	-0.033	0.149
19.952	0.153	-0.053	0.508	1.18	-0.66	-1.15	0.85	-7.67	-2.77	47598	0.162	-0.052	0.505	-0.018	-0.033	0.149
19.960	0.154	-0.032	0.508	1.01	-0.59	-1.19	-0.18	-12.05	-2.16	47602	0.163	-0.049	0.505	-0.018	-0.032	0.150
19.968	0.154	-0.032	0.508	1.02	-0.47	-1.21	0.23	-13.04	-1.42	47595	0.163	-0.047	0.506	-0.019	-0.032	0.150
19.984	0.154	-0.031	0.508	1.02	-0.33	-1.23	-0.10	-13.26	-1.05	47577	0.163	-0.044	0.506	-0.019	-0.031	0.150
19.995	0.157	-0.032	0.507	1.03	-0.22	-1.24	0.86	-15.64	-0.40	47549	0.164	-0.042	0.505	-0.019	-0.030	0.150
20.003	0.157	-0.034	0.507	1.07	-0.07	-1.25	2.12	-12.71	-0.23	47853	0.164	-0.041	0.505	-0.020	-0.030	0.150
20.012	0.157	-0.033	0.507	1.09	0.06	-1.25	2.72	-10.32	0.75	47824	0.165	-0.040	0.505	-0.020	-0.030	0.150
20.018	0.158	-0.027	0.507	1.07	0.16	-1.25	1.45	-8.36	0.55	47784	0.165	-0.038	0.505	-0.021	-0.029	0.151
20.033	0.159	-0.016	0.507	1.00	0.25	-1.25	-0.44	-7.50	1.24	47744	0.166	-0.035	0.505	-0.021	-0.028	0.151
20.045	0.159	-0.017	0.508	1.02	0.32	-1.24	-2.15	-5.98	2.04	47574	0.166	-0.032	0.505	-0.021	-0.027	0.151
20.052	0.160	-0.016	0.508	1.00	0.38	-1.22	-2.82	-4.95	3.03	47550	0.167	-0.030	0.505	-0.022	-0.027	0.151
20.064	0.162	-0.016	0.508	0.98	0.42	-1.19	-2.68	-0.67	1.51	47535	0.168	-0.028	0.505	-0.022	-0.026	0.151
20.072	0.163	-0.016	0.509	0.95	0.43	-1.18	-3.66	-2.05	2.20	47502	0.168	-0.026	0.505	-0.022	-0.026	0.152
20.083	0.164	-0.017	0.510	0.93	0.44	-1.16	0.50	-1.06	1.33	47292	0.169	-0.025	0.505	-0.022	-0.025	0.152
20.094	0.165	-0.017	0.510	0.93	0.45	-1.14	1.03	1.18	-1.04	47271	0.170	-0.023	0.506	-0.023	-0.025	0.152
20.100	0.165	-0.017	0.510	0.94	0.44	-1.15	4.67	-2.70	-0.96	47250	0.170	-0.022	0.506	-0.023	-0.025	0.153
20.111	0.166	-0.020	0.510	1.02	0.46	-1.16	6.76	-0.43	-3.34	47215	0.171	-0.022	0.506	-0.023	-0.025	0.153
20.120	0.167	-0.019	0.511	1.08	0.47	-1.19	8.74	-3.69	-3.93	47188	0.172	-0.021	0.506	-0.023	-0.025	0.153
20.129	0.171	-0.001	0.511	1.03	0.48	-1.23	9.83	-5.61	-4.41	47073	0.173	-0.018	0.506	-0.024	-0.024	0.154
20.141	0.169	-0.002	0.512	1.14	0.55	-1.27	6.79	-8.14	-4.10	47053	0.174	-0.016	0.507	-0.024	-0.023	0.154
20.154	0.170	-0.000	0.512	1.21	0.63	-1.32	3.91	-10.36	-4.03	47032	0.175	-0.014	0.507	-0.024	-0.022	0.155
20.162	0.171	-0.001	0.512	1.25	0.72	-1.36	1.22	-10.09	-4.17	47020	0.175	-0.012	0.507	-0.024	-0.022	0.155
20.168	0.171	-0.000	0.513	1.27	0.83	-1.40	-0.81	-11.15	-2.81	46974	0.176	-0.010	0.507	-0.025	-0.021	0.155
20.178	0.174	-0.000	0.513	1.27	0.91	-1.44	-2.57	-9.71	-3.10	46971	0.177	-0.009	0.507	-0.025	-0.021	0.156
20.194	0.173	-0.001	0.513	1.26	1.02	-1.47	-2.40	-9.12	-3.10	46967	0.178	-0.007	0.507	-0.025	-0.020	0.156
20.201	0.174	0.000	0.514	1.23	1.10	-1.50	-2.75	-8.28	-2.97	46974	0.179	-0.006	0.508	-0.025	-0.020	0.157
20.212	0.175	0.001	0.514	1.20	1.19	-1.53	-3.21	-6.17	-2.45	46979	0.180	-0.005	0.508	-0.025	-0.020	0.157
20.219	0.174	-0.000	0.515	1.18	1.25	-1.56	-2.46	-3.20	-2.12	46908	0.180	-0.004	0.508	-0.026	-0.020	0.158
20.230	0.175	0.000	0.515	1.15	1.28	-1.58	-1.40	1.12	-1.74	46915	0.181	-0.003	0.508	-0.026	-0.019	0.158
20.241	0.175	0.001	0.515	1.14	1.28	-1.60	0.43	4.59	-0.44	46925	0.182	-0.003	0.508	-0.026	-0.019	0.159
20.252	0.177	0.002	0.515	1.14	1.22	-1.60	2.67	6.72	0.41	46949	0.182	-0.002	0.509	-0.027	-0.019	0.159
20.262	0.178	-0.002	0.515	1.20	1.15	-1.60	3.74	7.34	0.87	46985	0.183	-0.002	0.509	-0.027	-0.019	0.160
20.272	0.179	0.007	0.516	1.16	1.07	-1.59	4.58	8.09	1.03	46994	0.184	-0.000	0.509	-0.027	-0.019	0.160
20.279	0.179	0.008	0.516	1.21	1.00	-1.58	4.06	7.46	1.36	47008	0.184	0.001	0.509	-0.027	-0.018	0.161
20.291	0.180	0.008	0.516	1.25	0.92	-1.56	4.23	7.01	1.48	47041	0.185	0.002	0.509	-0.028	-0.018	0.161
20.304	0.179	0.013	0.516	1.27	0.86	-1.55	3.83	6.56	1.34	47006	0.186	0.003	0.509	-0.028	-0.018	0.162
20.310	0.180	0.010	0.517	1.33	0.79	-1.53	2.22	5.26	1.97	47038	0.186	0.004	0.509	-0.028	-0.017	0.163
20.320	0.181	0.008	0.517	1.37	0.73	-1.50	0.78	3.65	3.09	47066	0.187	0.005	0.509	-0.029	-0.017	0.163
20.332	0.181	0.009	0.517	1.37	0.70	-1.47	-2.05	1.27	3.50	47108	0.188	0.006	0.509	-0.029	-0.017	0.164
20.342	0.180	0.009	0.517	1.36	0.69	-1.44	-3.65	1.63	2.69	47156	0.188	0.006	0.509	-0.029	-0.017	0.164
20.351	0.182	0.009	0.517	1.33	0.66	-1.41	-6.91	1.59	2.22	47192	0.188	0.007	0.509	-0.030	-0.017	0.165
20.360	0.182	0.010	0.517	1.26	0.65	-1.39	-6.99	1.89	2.65	47232	0.189	0.007	0.509	-0.030	-0.017	0.166
20.370	0.182	0.012	0.517	1.18	0.63	-1.36	-7.90	0.53	2.74	47282	0.189	0.008	0.509	-0.030	-0.016	0.166
20.381	0.182	0.010	0.517	1.12	0.63	-1.33	-8.62	-0.09	3.61	47319	0.190	0.008	0.509	-0.031	-0.016	0.167
20.392	0.182	0.010	0.517	1.04	0.63	-1.29	-7.17	-1.38	4.95	47291	0.190	0.008	0.509	-0.031	-0.016	0.167
20.403	0.182	0.010	0.517	0.96	0.64	-1.24	-5.95	1.78	4.26	47325	0.191	0.009	0.509	-0.032	-0.016	0.168
20.413	0.182	0.003	0.517	0.96	0.63	-1.20	-3.54	0.69	5.40	47369	0.191	0.008	0.509	-0.032	-0.016	0.169
20.419	0.184	0.003	0.517	0.93	0.61	-1.15	-1.93	0.52	6.42	47399	0.191	0.007	0.509	-0.032	-0.017	0.169
20.432	0.184	0.003	0.517	0.91	0.61	-1.08	-0.29	4.08	5.94	47413	0.192	0.007	0.509	-0.033	-0.017	0.170
20.439	0.184	0.003	0.517	0.90	0.57	-1.02	1.43	4.46	6.47	47535	0.192	0.006	0.509	-0.033	-0.017	0.170
20.454	0.184	0.003	0.517	0.91	0.53	-0.96	2.07	6.12	6.30	47577	0.192	0.006	0.509	-0.034	-0.017	0.171
20.462	0.184	0.003	0.516	0.93	0.47	-0.90	1.06	6.62	6.02	47605	0.192	0.006	0.509	-0.034	-0.017	0.172
20.471	0.184	0.003	0.517	0.94	0.40	-0.83	0.23	6.86	6.38	45463	0.193	0.005	0.509	-0.035	-0.017	0.172
20.478	0.184	0.003	0.517	0.94	0.34	-0.77	-1.14	6.53	5.38	45380	0.193	0.005	0.508	-0.035	-0.017	0.173
20.495	0.184	0.003	0.517	0.92	0.27	-0.72	-2.93	6.51	5.30	45405	0.193	0.005	0.508	-0.035	-0.017	0.173
20.500	0.185	0.003	0.517	0.89	0.21	-0.66	-4.09	5.30	5.44	45436	0.193	0.004	0.508	-0.036	-0.017	0.174
20.512	0.185	0.003	0.516	0.85	0.16	-0.61	-7.38	5.05	5.13	45478	0.193	0.004	0.508	-0.036	-0.017	0.175
20.522	0.184	0.003	0.517	0.78	0.12	-0.55	-8.59	3.59	4.99	45477	0.193	0.004	0.507	-0.037	-0.018	0.175
20.531	0.184	0.006	0.516	0.68	0.08	-0.50	-9.20	2.05	4.65	45534	0.193	0.004	0.507	-0.037	-0.017	0.176
20.542	0.184	0.006	0.516	0.59	0.06	-0.46	-9.75	0.88	4.35	45598	0.193	0.004	0.507	-0.038	-0.017	0.177
20.552	0.184	0.008	0.516	0.47	0.05	-0.41	-9.42	0.49	3.77	45677	0.193	0.004	0.506	-0.038	-0.017	0.178
20.562	0.185	0.009	0.515	0.37	0.04	-0.38	-8.34	-1.06	3.17	45755	0.193	0.005	0.506	-0.039	-0.017	0.178
20.569	0.187	0.006	0.515	0.32	0.03	-0.34	-6.48	-0.70	3.40	45941	0.194	0.005	0.505	-0.039	-0.017	0.179
20.579	0.188	0.005	0.514	0.26	0.03	-0.31	-5.51	0.53	3.15	46041	0.194	0.004	0.504	-0.039	-0.017	0.180
20.589	0.188	0.009	0.514	0.17	0.03	-0.28	-2.32	-0.75	3.72	46142	0.194	0.005	0.504	-0.039	-0.017	0.181
20.601	0.190	0.004	0.513	0.18	0.02	-0.24	-0.30	-0.27	3.11	46230	0.195	0.004	0.503	-0.040	-0.017	0.181
20.612	0.190	0.004	0.512	0.17	0.03	-0.20	0.57	0.01	2.68	46476	0.195	0.004	0.502	-0.040	-0.017	0.182
20.623	0.190	0.004	0.511	0.17	0.03	-0.18	1.61	-1.21	2.63	46594	0.196	0.004	0.501	-0.040	-0.017	0.183
20.631	0.194	0.004	0.511	0.19	0.01	-0.15	1.88	-2.43	2.56	46693	0.196	0.004	0.500	-0.040	-0.017	0.184
20.639	0.195	0.004	0.510	0.21	0.03	-0.12	1.97	-3.79	2.99	46793	0.197	0.004	0.500	-0.041	-0.017	0.184
20.652	0.196	0.004	0.509	0.23	0.07	-0.09	2.45	-4.15	2.95	46908	0.198	0.003	0.499	-0.041	-0.016	0.185
20.664	0.196	0.004	0.508	0.25	0.11	-0.06	1.39	-3.55	3.63	47103	0.199	0.003	0.498	-0.041	-0.016	0.186
20.672	0.197	0.004	0.507	0.27	0.15	-0.03	0.33	-3.04	3.50	45094	0.200	0.003	0.497	-0.041	-0.016	0.187
20.682	0.198	0.005	0.506	0.26	0.17	0.00	-1.28	-1.24	3.66	45186	0.200	0.003	0.496	-0.041	-0.016	0.188
20.698	0.199	0.006	0.506	0.24	0.18	0.04	-2.85	-0.13	3.73	45264	0.201	0.003	0.495	-0.041	-0.016	0.188
20.703	0.200	0.006	0.505	0.22	0.18	0.08	-3.52	0.72	3.72	45335	0.202	0.003	0.494	-0.041	-0.016	0.189
20.712	0.201	0.006	0.504	0.18	0.16	0.12	-3.52	0.61	5.24	45449	0.203	0.003	0.493	-0.041	-0.016	0.190
20.721	0.202	0.006	0.503	0.14	0.16	0.17	-3.81	0.27	5.91	45546	0.204	0.003	0.492	-0.041	-0.016	0.191
20.727	0.201	0.008	0.502	0.09	0.15	0.22	-3.36	-0.65	6.03	45659	0.204	0.004	0.490	-0.042	-0.016	0.192
20.740	0.201	0.007	0.502	0.06	0.17	0.28	-2.13	-2.18	6.81	45579	0.205	0.004	0.489	-0.042	-0.015	0.193
20.752	0.201	0.009	0.501	0.03	0.19	0.35	-1.12	-2.14	7.55	45682	0.205	0.004	0.488	-0.042	-0.015	0.194
20.760	0.202	0.007	0.500	0.02	0.20	0.42	0.62	-2.32	8.20	45795	0.206	0.004	0.487	-0.042	-0.015	0.195
20.771	0.202	0.007	0.499	0.03	0.23	0.51	2.16	-2.13	9.19	45920	0.206	0.004	0.486	-0.043	-0.015	0.196
20.781	0.206	-0.001	0.497	0.11	0.22	0.60	3.05	-2.22	9.47	46037	0.207	0.004	0.485	-0.043	-0.015	0.197
20.787	0.204	0.003	0.496	0.11	0.26	0.69	3.07	-3.16	9.56	46316	0.208	0.003	0.483	-0.043	-0.015	0.198
20.798	0.207	-0.003	0.495	0.19	0.27	0.79	1.60	-1.88	9.46	46448	0.209	0.002	0.482	-0.043	-0.015	0.199
20.812	0.207	-0.003	0.494	0.20	0.29	0.88	0.06	-2.46	9.09	46559	0.209	0.001	0.481	-0.043	-0.016	0.200
20.822	0.208	-0.004	0.493	0.21	0.31	0.98	-2.39	-1.80	9.05	46694	0.210	0.000	0.479	-0.043	-0.016	0.201
20.829	0.208	-0.004	0.492	0.19	0.33	1.07	-4.47	-0.37	9.24	46722	0.211	-0.000	0.478	-0.043	-0.016	0.202
20.838	0.209	-0.003	0.491	0.14	0.33	1.16	-6.47	0.48	9.42	46855	0.212	-0.001	0.477	-0.043	-0.016	0.203
20.846	0.210	-0.003	0.489	0.08	0.33	1.25	-10.10	1.04	9.37	47010	0.212	-0.002	0.476	-0.043	-0.016	0.204
20.860	0.211	-0.002	0.488	-0.03	0.31	1.35	-10.95	1.02	8.95	47142	0.213	-0.002	0.474	-0.044	-0.016	0.205
20.870	0.213	-0.001	0.486	-0.14	0.29	1.43	-11.81	2.52	8.70	47260	0.214	-0.002	0.473	-0.044	-0.016	0.206
20.881	0.213	-0.002	0.484	-0.26	0.26	1.52	-10.32	2.70	8.62	45393	0.215	-0.002	0.471	-0.044	-0.016	0.207
20.887	0.217	-0.005	0.483	-0.35	0.21	1.61	-9.44	2.45	8.59	45501	0.216	-0.003	0.470	-0.044	-0.016	0.208
20.902	0.218	-0.005	0.481	-0.44	0.18	1.69	-7.45	0.92	8.49	45613	0.217	-0.004	0.468	-0.044	-0.016	0.209
20.911	0.217	-0.002	0.480	-0.54	0.17	1.77	-5.84	-0.52	7.88	45722	0.218	-0.004	0.467	-0.044	-0.016	0.210
20.921	0.217	-0.003	0.478	-0.61	0.18	1.85	-3.69	-2.74	7.45	45838	0.219	-0.004	0.465	-0.044	-0.016	0.211
20.931	0.220	-0.003	0.477	-0.65	0.18	1.92	-1.60	-4.74	6.96	45967	0.220	-0.004	0.463	-0.044	-0.016	0.212
20.937	0.219	-0.009	0.475	-0.63	0.24	2.00	-1.12	-6.67	7.01	46080	0.221	-0.005	0.461	-0.044	-0.016	0.213
20.950	0.219	-0.009	0.474	-0.65	0.30	2.07	-0.87	-8.59	6.81	46220	0.221	-0.006	0.460	-0.044	-0.016	0.214
20.961	0.219	-0.009	0.473	-0.65	0.38	2.14	-0.01	-9.89	6.40	46136	0.222	-0.006	0.458	-0.044	-0.017	0.215
20.969	0.219	-0.009	0.472	-0.66	0.48	2.21	-0.02	-11.07	5.66	46274	0.222	-0.007	0.457	-0.044	-0.017	0.216
20.982	0.219	-0.009	0.470	-0.66	0.58	2.27	0.24	-9.20	4.55	46420	0.223	-0.008	0.455	-0.044	-0.017	0.217
20.990	0.220	-0.009	0.468	-0.66	0.68	2.31	0.00	-6.83	3.35	46563	0.224	-0.008	0.453	-0.045	-0.017	0.219
21.004	0.220	-0.007	0.467	-0.67	0.75	2.35	0.42	-5.38	2.95	46711	0.224	-0.008	0.452	-0.045	-0.017	0.220
21.011	0.221	-0.009	0.465	-0.66	0.80	2.38	1.04	-4.85	2.27	46814	0.225	-0.008	0.450	-0.045	-0.017	0.221
21.022	0.221	-0.009	0.463	-0.65	0.85	2.40	1.97	-3.74	1.86	46964	0.225	-0.009	0.448	-0.045	-0.017	0.222
21.031	0.222	-0.009	0.461	-0.63	0.89	2.42	1.97	-2.22	1.69	47111	0.226	-0.009	0.446	-0.045	-0.017	0.223
21.041	0.222	-0.009	0.460	-0.61	0.91	2.44	1.96	-1.25	1.23	47243	0.226	-0.009	0.445	-0.046	-0.017	0.224
21.048	0.223	-0.009	0.458	-0.59	0.92	2.45	1.35	-0.41	0.93	47286	0.227	-0.009	0.443	-0.046	-0.017	0.225
21.062	0.225	-0.009	0.457	-0.58	0.91	2.46	-0.61	0.26	0.34	47407	0.227	-0.010	0.441	-0.046	-0.017	0.227
21.070	0.225	-0.009	0.455	-0.58	0.91	2.46	-0.53	1.13	-0.30	47543	0.228	-0.010	0.440	-0.046	-0.017	0.228
21.082	0.222	-0.008	0.453	-0.60	0.93	2.46	-0.54	0.82	-1.25	47684	0.228	-0.010	0.438	-0.046	-0.017	0.229
21.091	0.225	-0.011	0.451	-0.59	0.90	2.45	-1.62	0.85	-1.62	45747	0.229	-0.010	0.436	-0.047	-0.017	0.230
21.098	0.227	-0.011	0.449	-0.60	0.87	2.43	-0.96	1.04	-2.21	45777	0.230	-0.010	0.434	-0.047	-0.017	0.231
21.112	0.227	-0.007	0.448	-0.63	0.87	2.41	0.74	1.47	-2.93	45890	0.230	-0.010	0.433	-0.047	-0.017	0.232
21.122	0.222	-0.004	0.446	-0.64	0.89	2.38	1.59	1.40	-3.82	46003	0.230	-0.009	0.431	-0.047	-0.016	0.233
21.130	0.227	-0.006	0.442	-0.61	0.83	2.34	2.29	1.64	-3.88	46127	0.231	-0.009	0.429	-0.047	-0.016	0.235
21.140	0.229	-0.010	0.440	-0.56	0.81	2.30	4.87	1.51	-4.38	46547	0.231	-0.009	0.426	-0.047	-0.016	0.236
21.150	0.230	-0.010	0.438	-0.52	0.79	2.26	4.72	2.33	-5.21	46680	0.232	-0.010	0.424	-0.048	-0.016	0.237
21.158	0.223	-0.001	0.436	-0.53	0.82	2.21	4.99	2.90	-5.67	46831	0.232	-0.009	0.422	-0.048	-0.016	0.238
21.170	0.223	-0.000	0.434	-0.48	0.79	2.16	5.61	3.02	-5.73	46967	0.232	-0.008	0.420	-0.049	-0.015	0.239
21.179	0.223	0.000	0.431	-0.42	0.76	2.10	6.11	2.83	-6.14	47279	0.232	-0.007	0.417	-0.049	-0.015	0.240
21.190	0.224	0.003	0.429	-0.38	0.72	2.04	6.46	4.49	-6.22	47441	0.231	-0.006	0.415	-0.049	-0.015	0.241
21.200	0.224	0.003	0.427	-0.32	0.67	1.98	5.12	5.47	-6.93	47588	0.231	-0.005	0.413	-0.050	-0.014	0.242
21.212	0.221	0.019	0.424	-0.38	0.64	1.91	5.09	4.61	-6.98	47740	0.231	-0.002	0.411	-0.050	-0.013	0.243
21.220	0.221	0.020	0.423	-0.33	0.59	1.84	4.66	3.94	-7.99	47910	0.231	0.001	0.409	-0.051	-0.012	0.244
21.229	0.221	0.020	0.421	-0.28	0.55	1.76	5.94	2.31	-7.88	47814	0.230	0.003	0.407	-0.051	-0.011	0.245
21.237	0.221	0.021	0.419	-0.22	0.53	1.68	7.14	1.65	-7.97	47942	0.230	0.005	0.404	-0.052	-0.010	0.246
21.250	0.221	0.021	0.417	-0.15	0.51	1.60	8.73	1.94	-7.72	48090	0.230	0.007	0.402	-0.052	-0.010	0.247
21.258	0.220	0.019	0.414	-0.05	0.50	1.52	9.45	2.26	-8.06	48221	0.229	0.009	0.400	-0.053	-0.009	0.248
21.271	0.221	0.019	0.412	0.05	0.48	1.44	9.64	3.98	-7.67	48467	0.229	0.010	0.398	-0.053	-0.009	0.249
21.282	0.220	0.019	0.409	0.15	0.45	1.36	10.42	4.86	-7.47	48608	0.229	0.011	0.396	-0.053	-0.008	0.250
21.291	0.221	0.020	0.407	0.25	0.39	1.29	9.27	6.13	-7.04	48725	0.229	0.013	0.394	-0.054	-0.008	0.251
21.298	0.220	0.018	0.405	0.36	0.33	1.22	8.84	5.69	-6.99	46750	0.228	0.014	0.392	-0.054	-0.008	0.252
21.311	0.220	0.019	0.403	0.45	0.28	1.15	8.73	6.81	-6.33	46866	0.228	0.014	0.390	-0.055	-0.008	0.253
21.322	0.219	0.017	0.401	0.55	0.21	1.09	6.80	6.08	-6.10	46851	0.228	0.015	0.388	-0.055	-0.008	0.254
21.330	0.222	0.016	0.399	0.63	0.13	1.03	5.67	6.46	-6.03	46958	0.228	0.015	0.386	-0.055	-0.007	0.255
21.341	0.221	0.020	0.396	0.66	0.07	0.97	3.16	6.37	-6.48	47076	0.228	0.016	0.383	-0.056	-0.007	0.256
21.350	0.222	0.021	0.395	0.69	0.00	0.90	1.09	5.21	-6.19	47207	0.228	0.017	0.381	-0.056	-0.007	0.257
21.358	0.223	0.024	0.392	0.68	-0.06	0.84	-2.04	4.14	-6.06	47172	0.228	0.018	0.379	-0.056	-0.007	0.258
21.371	0.222	0.021	0.390	0.69	-0.09	0.78	-3.07	2.54	-5.25	47308	0.228	0.018	0.377	-0.057	-0.007	0.259
21.382	0.222	0.023	0.388	0.65	-0.12	0.73	-2.52	-1.28	-4.85	47455	0.228	0.019	0.375	-0.057	-0.006	0.260
21.389	0.222	0.020	0.386	0.65	-0.11	0.68	-1.77	-1.98	-4.50	47596	0.228	0.019	0.373	-0.057	-0.006	0.261
21.399	0.222	0.023	0.382	0.61	-0.09	0.63	0.63	-3.37	-4.19	47940	0.228	0.020	0.370	-0.058	-0.006	0.262
21.410	0.224	0.016	0.380	0.66	-0.08	0.59	1.00	-3.10	-4.30	47932	0.228	0.019	0.368	-0.058	-0.006	0.263
21.421	0.219	0.028	0.377	0.59	-0.01	0.54	0.35	-0.82	-4.60	48078	0.227	0.021	0.366	-0.058	-0.006	0.264
21.430	0.218	0.027	0.375	0.60	0.01	0.50	-0.85	1.97	-4.98	48229	0.227	0.021	0.363	-0.059	-0.006	0.265
21.442	0.218	0.028	0.371	0.60	-0.01	0.45	-3.81	4.24	-5.50	48384	0.226	0.022	0.361	-0.059	-0.005	0.266
21.453	0.217	0.028	0.368	0.56	-0.05	0.39	-3.78	7.02	-5.62	48810	0.226	0.023	0.358	-0.059	-0.005	0.266
21.458	0.218	0.027	0.366	0.53	-0.14	0.34	-4.73	8.59	-5.66	48991	0.226	0.024	0.356	-0.060	-0.005	0.267
21.472	0.218	0.027	0.363	0.48	-0.22	0.28	-5.07	10.84	-5.97	49164	0.225	0.024	0.353	-0.060	-0.005	0.268
21.480	0.218	0.026	0.361	0.44	-0.34	0.22	-4.06	12.25	-6.45	49327	0.225	0.025	0.351	-0.060	-0.005	0.269
21.492	0.220	0.023	0.358	0.42	-0.48	0.16	-3.70	12.58	-7.33	49492	0.225	0.025	0.349	-0.061	-0.005	0.269
21.500	0.220	0.024	0.356	0.39	-0.60	0.09	-2.43	11.09	-8.11	47572	0.225	0.024	0.346	-0.061	-0.005	0.270
21.509	0.220	0.024	0.353	0.36	-0.71	0.01	-2.33	9.46	-8.99	47709	0.224	0.024	0.344	-0.061	-0.005	0.271
21.522	0.220	0.024	0.350	0.34	-0.81	-0.09	-1.56	7.53	-10.10	47856	0.224	0.024	0.341	-0.061	-0.005	0.272
21.531	0.220	0.024	0.350	0.32	-0.88	-0.19	-1.42	4.32	-11.23	48026	0.224	0.024	0.339	-0.062	-0.005	0.272
21.539	0.219	0.023	0.347	0.32	-0.91	-0.30	-1.02	0.88	-12.02	47790	0.224	0.024	0.337	-0.062	-0.005	0.273
21.550	0.220	0.023	0.345	0.31	-0.93	-0.42	0.27	-2.82	-12.43	47939	0.224	0.024	0.335	-0.062	-0.005	0.274
21.561	0.220	0.023	0.342	0.31	-0.90	-0.54	-0.14	-5.60	-12.89	48097	0.224	0.024	0.333	-0.062	-0.005	0.275
21.572	0.219	0.027	0.339	0.27	-0.84	-0.68	0.69	-8.01	-13.53	48272	0.223	0.024	0.331	-0.062	-0.005	0.275
21.580	0.218	0.023	0.337	0.31	-0.75	-0.81	-0.63	-11.41	-14.28	48483	0.223	0.024	0.328	-0.063	-0.005	0.276
21.589	0.218	0.023	0.334	0.30	-0.64	-0.95	-0.64	-14.14	-14.92	48641	0.223	0.024	0.326	-0.063	-0.005	0.276
21.601	0.226	0.028	0.331	0.25	-0.56	-1.11	-1.53	-15.40	-16.25	48816	0.223	0.025	0.323	-0.063	-0.005	0.277
21.609	0.225	0.029	0.329	0.22	-0.40	-1.27	-2.46	-16.99	-17.40	48995	0.224	0.025	0.321	-0.063	-0.005	0.278
21.618	0.201	0.025	0.326	0.24	-0.03	-1.44	-1.20	-17.31	-17.58	49220	0.221	0.025	0.319	-0.064	-0.005	0.278
21.631	0.213	0.024	0.323	0.23	0.04	-1.62	-0.75	-16.97	-18.26	49376	0.221	0.025	0.316	-0.064	-0.005	0.279
21.639	0.206	0.027	0.320	0.20	0.26	-1.81	-0.17	-12.15	-19.34	49513	0.219	0.025	0.314	-0.065	-0.005	0.279
21.652	0.206	0.032	0.318	0.16	0.39	-2.01	0.23	-8.80	-19.77	49649	0.218	0.026	0.311	-0.065	-0.004	0.280
21.660	0.217	0.052	0.315	-0.01	0.37	-2.22	-0.02	-4.36	-19.65	49802	0.218	0.029	0.309	-0.065	-0.003	0.280
21.670	0.218	0.051	0.312	0.00	0.40	-2.41	0.58	1.19	-20.45	49941	0.218	0.032	0.307	-0.065	-0.002	0.281
21.678	0.218	0.052	0.310	0.01	0.39	-2.62	1.67	4.41	-21.11	50078	0.218	0.035	0.304	-0.065	-0.001	0.281
21.692	0.220	0.050	0.307	0.05	0.32	-2.83	4.00	6.84	-21.72	50198	0.219	0.036	0.302	-0.065	-0.001	0.281
21.703	0.220	0.050	0.304	0.09	0.25	-3.04	6.11	7.64	-22.20	50315	0.219	0.038	0.300	-0.065	-0.000	0.282
21.711	0.221	0.050	0.301	0.16	0.17	-3.27	7.65	6.88	-23.03	48529	0.219	0.040	0.297	-0.065	0.000	0.282
21.721	0.221	0.045	0.298	0.29	0.10	-3.50	9.58	3.42	-24.05	48624	0.220	0.041	0.295	-0.065	0.001	0.282
21.726	0.220	0.047	0.295	0.38	0.07	-3.74	11.21	0.97	-25.14	48726	0.220	0.042	0.293	-0.065	0.001	0.282
21.741	0.222	0.049	0.293	0.47	0.05	-3.99	11.58	-0.39	-26.30	48814	0.220	0.043	0.290	-0.065	0.001	0.282
21.750	0.225	0.049	0.292	0.60	0.02	-4.26	10.71	-1.70	-26.89	48924	0.221	0.044	0.288	-0.065	0.001	0.283
21.760	0.225	0.049	0.289	0.70	0.04	-4.53	9.15	-4.64	-27.08	48719	0.222	0.044	0.286	-0.065	0.002	0.283
21.772	0.222	0.047	0.286	0.82	0.11	-4.80	6.87	-6.75	-27.19	48815	0.222	0.045	0.284	-0.065	0.002	0.283
21.778	0.220	0.046	0.284	0.90	0.20	-5.07	3.97	-9.03	-26.64	48928	0.222	0.045	0.281	-0.065	0.002	0.283
21.785	0.218	0.046	0.281	0.95	0.30	-5.34	2.59	-7.18	-26.85	49045	0.221	0.045	0.279	-0.065	0.002	0.284
21.800	0.219	0.047	0.279	0.97	0.36	-5.61	1.39	-8.67	-25.91	49190	0.221	0.046	0.277	-0.065	0.002	0.284
21.810	0.217	0.043	0.276	1.03	0.46	-5.87	2.95	-7.86	-25.46	49299	0.221	0.045	0.274	-0.065	0.002	0.284
21.819	0.216	0.044	0.274	1.05	0.54	-6.13	3.90	-8.01	-24.52	49401	0.220	0.045	0.272	-0.065	0.002	0.284
21.832	0.214	0.043	0.271	1.11	0.63	-6.38	5.00	-7.61	-23.84	49492	0.220	0.045	0.270	-0.066	0.002	0.284
21.841	0.215	0.036	0.268	1.24	0.68	-6.62	4.30	-5.98	-22.71	49716	0.219	0.044	0.268	-0.066	0.001	0.284
21.851	0.213	0.038	0.265	1.27	0.75	-6.85	3.11	-2.55	-21.42	49798	0.219	0.043	0.265	-0.066	0.001	0.284
21.860	0.212	0.038	0.263	1.30	0.77	-7.06	1.11	0.33	-20.56	49890	0.218	0.043	0.263	-0.067	0.001	0.284
21.870	0.214	0.045	0.260	1.23	0.75	-7.27	-0.30	2.09	-19.55	49970	0.218	0.043	0.261	-0.067	0.001	0.284
21.882	0.217	0.045	0.257	1.22	0.69	-7.47	-1.41	3.81	-18.83	50040	0.218	0.043	0.258	-0.067	0.001	0.284
21.891	0.219	0.044	0.254	1.21	0.62	-7.65	-1.67	3.87	-17.66	50314	0.218	0.043	0.256	-0.067	0.001	0.284
21.901	0.217	0.045	0.252	1.19	0.61	-7.83	-1.78	3.87	-16.65	50378	0.218	0.043	0.254	-0.067	0.001	0.284
21.912	0.212	0.040	0.249	1.25	0.62	-7.99	-0.66	1.90	-13.85	50423	0.217	0.043	0.251	-0.067	0.001	0.283
21.918	0.211	0.040	0.247	1.25	0.59	-8.13	-0.89	0.58	-11.70	48370	0.217	0.042	0.249	-0.067	0.001	0.283
21.927	0.211	0.038	0.245	1.26	0.58	-8.24	-1.97	0.13	-9.63	48242	0.216	0.042	0.247	-0.067	0.001	0.283
21.942	0.212	0.039	0.243	1.22	0.57	-8.34	-4.45	-0.43	-7.67	48255	0.216	0.041	0.245	-0.068	0.001	0.283
21.949	0.210	0.040	0.241	1.16	0.58	-8.41	-7.38	1.38	-5.57	48270	0.215	0.041	0.243	-0.068	0.000	0.283
21.961	0.211	0.039	0.239	1.10	0.55	-8.47	-11.54	2.13	-4.53	48301	0.215	0.040	0.241	-0.068	0.000	0.283
21.971	0.212	0.039	0.238	0.98	0.52	-8.51	-13.43	1.44	-3.85	48342	0.214	0.040	0.239	-0.068	0.000	0.283
21.977	0.211	0.033	0.236	0.93	0.50	-8.55	-11.64	1.26	-3.06	48146	0.214	0.039	0.237	-0.068	0.000	0.283
21.991	0.211	0.033	0.234	0.81	0.49	-8.58	-11.41	3.00	-1.80	48197	0.213	0.038	0.235	-0.069	-0.000	0.282
22.002	0.210	0.029	0.232	0.75	0.45	-8.60	-10.45	1.65	-0.66	48254	0.213	0.036	0.233	-0.069	-0.001	0.282
22.012	0.212	0.029	0.229	0.63	0.41	-8.61	-10.20	0.39	0.66	48300	0.213	0.035	0.231	-0.069	-0.001	0.282
22.024	0.212	0.028	0.227	0.53	0.40	-8.60	-10.48	0.28	1.92	48539	0.213	0.034	0.229	-0.069	-0.001	0.282
22.027	0.212	0.028	0.225	0.42	0.40	-8.58	-10.53	-1.10	2.44	48609	0.213	0.033	0.227	-0.069	-0.001	0.282
22.043	0.212	0.027	0.222	0.32	0.40	-8.56	-11.39	-0.85	3.85	48684	0.213	0.032	0.225	-0.069	-0.002	0.282
22.055	0.213	0.027	0.220	0.20	0.40	-8.52	-11.37	0.49	4.59	48765	0.213	0.031	0.223	-0.069	-0.002	0.281
22.062	0.214	0.025	0.216	0.10	0.36	-8.47	-11.05	1.36	7.08	49217	0.213	0.030	0.220	-0.069	-0.002	0.281
22.071	0.214	0.025	0.214	-0.02	0.34	-8.40	-11.87	4.06	8.06	49319	0.213	0.029	0.218	-0.069	-0.002	0.281
22.084	0.214	0.024	0.212	-0.14	0.29	-8.32	-10.50	6.90	8.93	49423	0.213	0.028	0.216	-0.069	-0.002	0.280
22.092	0.215	0.022	0.210	-0.22	0.20	-8.24	-10.14	9.94	9.38	49530	0.213	0.027	0.214	-0.069	-0.003	0.280
22.100	0.215	0.022	0.208	-0.33	0.10	-8.14	-9.77	10.48	9.72	49640	0.214	0.026	0.212	-0.069	-0.003	0.280
22.113	0.215	0.020	0.206	-0.41	-0.02	-8.05	-9.96	9.36	9.72	49720	0.214	0.024	0.210	-0.068	-0.003	0.280
22.120	0.216	0.020	0.204	-0.52	-0.12	-7.95	-10.70	9.23	9.27	49812	0.214	0.023	0.208	-0.068	-0.003	0.279
22.128	0.216	0.020	0.201	-0.63	-0.23	-7.86	-11.72	7.90	8.09	47796	0.214	0.023	0.206	-0.068	-0.003	0.279
22.142	0.216	0.019	0.199	-0.75	-0.32	-7.78	-11.35	6.77	7.72	47874	0.214	0.022	0.204	-0.068	-0.004	0.279
22.151	0.217	0.019	0.197	-0.86	-0.39	-7.70	-10.16	6.30	7.54	48049	0.215	0.021	0.202	-0.068	-0.004	0.278
22.162	0.217	0.018	0.195	-0.97	-0.46	-7.63	-10.41	5.94	7.30	48148	0.215	0.020	0.199	-0.068	-0.004	0.278
22.169	0.217	0.018	0.192	-1.07	-0.52	-7.56	-11.54	4.47	7.16	48252	0.215	0.019	0.197	-0.068	-0.004	0.278
22.182	0.217	0.017	0.190	-1.17	-0.57	-7.49	-11.66	3.62	7.17	48360	0.215	0.019	0.195	-0.068	-0.004	0.277
22.191	0.217	0.017	0.189	-1.30	-0.60	-7.42	-10.42	2.49	6.55	48464	0.215	0.018	0.193	-0.068	-0.004	0.277
22.199	0.218	0.016	0.186	-1.39	-0.65	-7.35	-8.90	0.58	5.92	48512	0.216	0.017	0.191	-0.068	-0.004	0.276
22.211	0.218	0.016	0.184	-1.49	-0.65	-7.29	-6.99	-1.42	5.04	48631	0.216	0.017	0.189	-0.067	-0.004	0.276
22.220	0.218	0.016	0.182	-1.57	-0.65	-7.24	-3.94	-1.14	4.12	48757	0.216	0.016	0.187	-0.067	-0.004	0.276
22.232	0.219	0.015	0.182	-1.60	-0.66	-7.20	-3.30	-2.82	3.20	48903	0.216	0.016	0.185	-0.067	-0.004	0.275
22.242	0.219	0.014	0.180	-1.63	-0.63	-7.16	-2.00	-2.44	2.52	48686	0.216	0.015	0.183	-0.067	-0.004	0.275
22.251	0.219	0.014	0.178	-1.66	-0.61	-7.14	-1.35	-0.50	2.51	48827	0.217	0.015	0.182	-0.067	-0.004	0.275
22.260	0.219	0.014	0.176	-1.68	-0.62	-7.11	0.53	0.81	1.83	48957	0.217	0.015	0.180	-0.067	-0.004	0.275
22.272	0.220	0.013	0.174	-1.66	-0.64	-7.09	-0.29	0.83	1.51	49083	0.217	0.014	0.178	-0.067	-0.004	0.274
22.278	0.220	0.014	0.170	-1.69	-0.63	-7.07	-0.93	0.89	1.53	49531	0.217	0.014	0.176	-0.067	-0.004	0.274
22.292	0.219	0.011	0.167	-1.58	-0.62	-7.05	-1.79	0.82	0.83	49674	0.217	0.013	0.174	-0.066	-0.004	0.273
22.301	0.219	0.010	0.165	-1.60	-0.63	-7.04	-2.08	-0.01	1.09	49819	0.217	0.013	0.172	-0.066	-0.005	0.273
22.311	0.220	0.010	0.163	-1.63	-0.64	-7.03	-2.90	0.18	1.06	49971	0.217	0.012	0.170	-0.066	-0.005	0.272
22.320	0.220	0.010	0.161	-1.67	-0.65	-7.02	-1.69	0.29	0.27	50114	0.218	0.012	0.168	-0.066	-0.005	0.272
22.328	0.220	0.010	0.159	-1.69	-0.66	-7.01	0.22	2.07	0.29	48134	0.218	0.012	0.166	-0.066	-0.005	0.271
22.337	0.221	0.010	0.156	-1.71	-0.67	-7.02	3.09	1.75	-0.73	48235	0.218	0.011	0.163	-0.066	-0.005	0.271
22.351	0.221	0.011	0.154	-1.72	-0.68	-7.03	5.21	2.77	-1.65	48335	0.218	0.011	0.161	-0.066	-0.005	0.270
22.361	0.221	0.010	0.152	-1.66	-0.71	-7.05	7.75	3.52	-2.72	48444	0.218	0.011	0.159	-0.066	-0.005	0.270
22.372	0.222	0.010	0.150	-1.58	-0.77	-7.07	9.53	3.34	-4.47	48547	0.218	0.011	0.157	-0.065	-0.005	0.269
22.381	0.222	0.008	0.147	-1.35	-0.85	-7.09	11.46	1.40	-6.16	48658	0.219	0.011	0.155	-0.065	-0.005	0.268
22.388	0.223	0.008	0.145	-1.24	-0.84	-7.16	11.72	-1.81	-8.27	48758	0.219	0.010	0.153	-0.065	-0.005	0.268
22.401	0.223	0.007	0.143	-1.12	-0.84	-7.23	10.74	-5.83	-9.67	48882	0.219	0.010	0.151	-0.065	-0.005	0.267
22.412	0.224	0.008	0.142	-1.05	-0.79	-7.34	8.30	-10.67	-11.26	49001	0.220	0.010	0.149	-0.065	-0.006	0.267
22.422	0.224	0.008	0.139	-0.97	-0.67	-7.45	6.93	-14.65	-12.39	48958	0.220	0.010	0.147	-0.064	-0.006	0.266
22.431	0.225	0.008	0.137	-0.92	-0.56	-7.56	4.80	-19.05	-12.60	49092	0.220	0.010	0.145	-0.064	-0.006	0.266
22.443	0.226	0.008	0.135	-0.88	-0.36	-7.69	2.42	-21.54	-13.89	49216	0.221	0.009	0.143	-0.064	-0.006	0.265
22.452	0.227	0.008	0.133	-0.88	-0.17	-7.83	1.12	-23.62	-14.74	49338	0.221	0.009	0.141	-0.064	-0.006	0.264
22.463	0.227	0.008	0.131	-0.87	0.06	-7.97	2.08	-24.05	-16.23	49358	0.222	0.009	0.139	-0.063	-0.006	0.264
22.470	0.228	0.008	0.129	-0.85	0.26	-8.12	3.27	-22.82	-16.87	49469	0.222	0.009	0.137	-0.063	-0.006	0.263
22.478	0.229	0.008	0.127	-0.82	0.52	-8.29	5.55	-21.57	-17.27	49557	0.223	0.009	0.135	-0.063	-0.006	0.263
22.491	0.230	0.008	0.124	-0.77	0.73	-8.46	7.26	-19.44	-17.82	49639	0.224	0.009	0.133	-0.062	-0.006	0.262
22.496	0.230	0.008	0.121	-0.72	0.89	-8.63	10.36	-16.52	-17.19	50029	0.224	0.009	0.131	-0.062	-0.006	0.261
22.514	0.231	0.008	0.118	-0.60	1.08	-8.81	13.45	-12.43	-16.80	50102	0.225	0.009	0.128	-0.062	-0.006	0.260
22.521	0.231	0.008	0.116	-0.47	1.16	-8.96	16.18	-9.24	-15.99	50165	0.226	0.009	0.126	-0.062	-0.007	0.260
22.532	0.232	0.008	0.114	-0.30	1.25	-9.12	19.15	-6.73	-15.28	50210	0.226	0.009	0.124	-0.061	-0.007	0.259
22.539	0.233	0.008	0.117	-0.12	1.28	-9.27	19.86	-2.87	-15.55	48141	0.227	0.010	0.123	-0.061	-0.007	0.258
22.552	0.234	0.008	0.115	0.07	1.31	-9.42	21.63	-1.18	-14.80	47262	0.228	0.010	0.122	-0.061	-0.007	0.258
22.562	0.234	0.009	0.113	0.27	1.29	-9.56	20.18	0.77	-13.98	47265	0.229	0.010	0.120	-0.060	-0.007	0.257
22.572	0.235	0.009	0.111	0.48	1.28	-9.71	17.51	3.17	-13.80	47272	0.229	0.010	0.119	-0.060	-0.007	0.257
22.580	0.236	0.009	0.109	0.64	1.25	-9.84	12.75	5.89	-12.65	47298	0.230	0.010	0.117	-0.060	-0.007	0.256
22.591	0.236	0.009	0.108	0.73	1.16	-9.96	8.75	7.52	-11.28	47312	0.231	0.010	0.115	-0.060	-0.007	0.256
22.599	0.237	0.009	0.106	0.82	1.08	-10.08	3.64	8.91	-9.98	47381	0.232	0.010	0.114	-0.059	-0.007	0.255
22.611	0.238	0.009	0.104	0.85	1.00	-10.17	0.76	8.95	-8.04	47458	0.232	0.010	0.112	-0.059	-0.007	0.254
22.621	0.238	0.009	0.103	0.86	0.91	-10.25	-1.22	10.23	-7.02	47519	0.233	0.010	0.110	-0.059	-0.007	0.254
22.630	0.238	0.009	0.102	0.82	0.77	-10.31	-0.93	11.10	-6.02	47596	0.234	0.010	0.109	-0.059	-0.007	0.253
22.641	0.239	0.010	0.100	0.81	0.66	-10.37	-1.70	11.06	-4.58	47420	0.234	0.010	0.107	-0.058	-0.007	0.253
22.651	0.239	0.010	0.099	0.79	0.52	-10.41	-2.10	8.43	-2.18	47495	0.235	0.010	0.105	-0.058	-0.007	0.252
22.661	0.240	0.010	0.097	0.77	0.45	-10.44	-2.40	9.35	-1.74	47565	0.236	0.010	0.104	-0.058	-0.007	0.252
22.669	0.241	0.010	0.095	0.76	0.37	-10.45	-3.25	7.63	-0.50	47634	0.236	0.011	0.102	-0.058	-0.007	0.251
22.680	0.240	0.011	0.092	0.73	0.20	-10.46	-3.93	5.32	-0.04	48051	0.237	0.011	0.100	-0.057	-0.007	0.251
22.689	0.241	0.011	0.090	0.69	0.15	-10.46	-4.37	5.51	0.48	48157	0.237	0.011	0.098	-0.057	-0.007	0.250
22.698	0.241	0.011	0.088	0.65	0.07	-10.45	-3.79	3.45	2.12	48276	0.238	0.011	0.096	-0.057	-0.007	0.250
22.712	0.242	0.011	0.086	0.61	0.08	-10.43	-4.19	-1.89	2.30	48357	0.238	0.011	0.094	-0.057	-0.007	0.249
22.720	0.242	0.010	0.083	0.53	0.05	-10.40	-4.73	-7.17	4.73	48680	0.239	0.011	0.092	-0.057	-0.007	0.248
22.737	0.243	0.011	0.081	0.49	0.14	-10.36	-4.09	-10.60	7.55	48745	0.239	0.011	0.090	-0.057	-0.007	0.248
