t	x	y	z	roll	pitch	yaw	g_x	g_y	g_z	thrust	eso_x	eso_y	eso_z	dist_x	dist_y	dist_z
0.022	-0.218	0.003	0.000	-0.45	0.75	-1.90	0.02	-0.15	0.20	0	-0.218	0.003	0.000	-0.000	-0.000	0.000
0.030	-0.218	0.002	-0.000	-0.42	0.75	-1.90	0.05	0.07	-0.14	0	-0.218	0.003	-0.001	-0.000	-0.000	0.000
0.042	-0.218	0.003	-0.000	-0.46	0.74	-1.89	0.02	-0.24	0.19	0	-0.218	0.003	-0.002	-0.000	-0.000	0.000
0.051	-0.218	0.003	-0.000	-0.46	0.74	-1.89	0.13	-0.09	-0.19	0	-0.218	0.003	-0.004	-0.000	0.000	0.001
0.060	-0.217	0.003	-0.000	-0.45	0.69	-1.89	-0.02	-0.14	0.08	0	-0.218	0.003	-0.007	0.000	0.000	0.001
0.070	-0.216	0.003	-0.000	-0.44	0.65	-1.89	-0.04	0.09	0.03	0	-0.218	0.003	-0.010	0.000	0.000	0.002
0.082	-0.218	0.003	-0.000	-0.48	0.72	-1.88	0.11	-0.28	-0.10	0	-0.218	0.003	-0.013	0.000	0.000	0.003
0.088	-0.218	0.003	-0.000	-0.47	0.74	-1.88	0.11	-0.13	-0.19	0	-0.218	0.003	-0.017	0.000	0.000	0.004
0.096	-0.217	0.002	-0.000	-0.43	0.67	-1.88	-0.06	-0.00	-0.04	0	-0.218	0.003	-0.020	0.000	0.000	0.006
0.110	-0.218	0.003	-0.000	-0.45	0.73	-1.88	-0.06	0.06	-0.09	0	-0.218	0.003	-0.024	0.000	0.000	0.007
0.120	-0.218	0.003	-0.000	-0.45	0.73	-1.88	0.13	-0.07	0.05	0	-0.218	0.003	-0.028	0.000	0.000	0.010
0.130	-0.218	0.003	-0.000	-0.44	0.73	-1.88	0.14	-0.37	-0.04	0	-0.218	0.003	-0.032	0.000	0.000	0.012
0.141	-0.218	0.003	-0.000	-0.45	0.74	-1.87	0.07	0.16	-0.05	0	-0.218	0.003	-0.036	0.000	0.000	0.015
0.151	-0.217	0.003	-0.000	-0.43	0.66	-1.87	0.00	0.07	-0.19	0	-0.218	0.003	-0.041	0.000	0.000	0.018
0.161	-0.220	0.001	0.000	-0.37	0.82	-1.87	0.13	-0.13	-0.09	0	-0.218	0.003	-0.045	0.000	-0.000	0.021
0.172	-0.219	0.002	0.000	-0.42	0.75	-1.87	0.07	0.02	0.21	0	-0.218	0.003	-0.049	0.000	-0.000	0.025
0.187	-0.214	0.005	0.000	-0.56	0.52	-1.86	0.15	-0.12	-0.02	0	-0.218	0.003	-0.053	0.000	0.000	0.029
0.190	-0.214	0.006	0.000	-0.60	0.53	-1.86	0.14	-0.13	0.09	0	-0.217	0.003	-0.058	0.001	0.000	0.033
0.196	-0.213	0.004	0.000	-0.47	0.52	-1.86	0.10	-0.02	-0.17	0	-0.217	0.003	-0.062	0.001	0.000	0.038
0.210	-0.213	0.005	0.000	-0.51	0.53	-1.86	-0.07	-0.01	-0.31	0	-0.216	0.004	-0.066	0.001	0.000	0.043
0.221	-0.213	0.005	0.000	-0.50	0.55	-1.86	0.28	-0.02	0.15	0	-0.216	0.004	-0.071	0.001	0.001	0.049
0.229	-0.214	0.005	0.000	-0.51	0.60	-1.86	0.10	-0.10	-0.10	0	-0.216	0.004	-0.075	0.001	0.001	0.054
0.239	-0.211	0.002	0.000	-0.40	0.46	-1.86	0.19	-0.19	0.16	0	-0.215	0.004	-0.079	0.002	0.001	0.060
0.250	-0.211	0.003	0.000	-0.42	0.48	-1.85	0.02	0.14	0.04	0	-0.215	0.004	-0.083	0.002	0.000	0.067
0.260	-0.212	0.003	0.000	-0.44	0.53	-1.85	0.00	0.08	-0.04	0	-0.214	0.004	-0.087	0.002	0.000	0.073
0.271	-0.212	0.003	0.000	-0.43	0.52	-1.85	0.07	-0.22	0.07	0	-0.214	0.004	-0.091	0.002	0.000	0.080
0.278	-0.211	0.005	0.000	-0.51	0.53	-1.85	0.10	-0.06	0.26	0	-0.214	0.004	-0.095	0.002	0.000	0.087
0.292	-0.212	0.005	0.000	-0.49	0.58	-1.85	0.16	-0.11	0.10	0	-0.213	0.004	-0.100	0.002	0.001	0.095
0.300	-0.212	0.005	0.000	-0.49	0.58	-1.84	0.03	-0.05	0.05	0	-0.213	0.004	-0.104	0.003	0.001	0.103
0.311	-0.213	0.006	0.000	-0.56	0.61	-1.84	0.11	-0.27	-0.17	0	-0.213	0.004	-0.107	0.003	0.001	0.111
0.318	-0.213	0.006	0.000	-0.56	0.61	-1.84	-0.09	0.09	0.02	0	-0.213	0.005	-0.111	0.003	0.001	0.119
0.326	-0.213	0.005	0.000	-0.47	0.61	-1.84	0.12	-0.18	0.03	0	-0.213	0.005	-0.115	0.003	0.001	0.128
0.335	-0.212	0.005	0.000	-0.49	0.60	-1.84	-0.08	0.20	-0.17	0	-0.213	0.005	-0.119	0.003	0.001	0.137
0.351	-0.213	0.005	0.000	-0.48	0.64	-1.84	0.07	-0.02	-0.00	0	-0.213	0.005	-0.123	0.003	0.001	0.147
0.362	-0.212	0.005	0.000	-0.45	0.62	-1.83	0.21	0.01	0.25	0	-0.213	0.005	-0.127	0.003	0.001	0.156
0.371	-0.212	0.005	0.000	-0.48	0.61	-1.83	0.33	0.06	0.13	0	-0.213	0.005	-0.130	0.003	0.001	0.166
0.381	-0.215	0.001	0.000	-0.30	0.76	-1.83	0.25	-0.34	0.05	0	-0.213	0.004	-0.134	0.003	0.001	0.176
0.392	-0.212	0.002	0.000	-0.35	0.60	-1.83	0.20	-0.21	0.11	0	-0.213	0.004	-0.137	0.003	0.001	0.187
0.397	-0.214	0.002	0.000	-0.36	0.70	-1.82	0.20	-0.08	-0.08	0	-0.213	0.004	-0.141	0.002	0.000	0.197
0.410	-0.211	0.002	0.000	-0.36	0.58	-1.82	0.05	-0.22	0.01	0	-0.212	0.004	-0.144	0.003	0.000	0.208
0.420	-0.213	0.000	0.000	-0.27	0.67	-1.82	0.32	-0.21	-0.03	0	-0.212	0.003	-0.148	0.003	0.000	0.220
0.431	-0.212	0.003	0.000	-0.42	0.63	-1.82	0.17	0.03	-0.11	0	-0.212	0.003	-0.151	0.003	0.000	0.231
0.439	-0.213	0.002	0.000	-0.37	0.69	-1.82	0.02	-0.16	-0.08	0	-0.212	0.003	-0.155	0.003	0.000	0.243
0.447	-0.213	0.004	0.000	-0.43	0.68	-1.82	-0.03	-0.08	-0.18	0	-0.212	0.003	-0.158	0.002	0.000	0.255
0.460	-0.211	0.003	0.000	-0.40	0.59	-1.82	0.21	0.03	0.08	0	-0.212	0.003	-0.161	0.003	0.000	0.267
0.469	-0.214	0.006	0.000	-0.54	0.73	-1.81	0.09	-0.10	-0.05	0	-0.212	0.004	-0.165	0.002	0.000	0.280
0.480	-0.211	0.003	0.000	-0.42	0.62	-1.81	0.12	-0.20	0.03	0	-0.212	0.004	-0.168	0.003	0.000	0.292
0.491	-0.211	0.003	0.000	-0.41	0.63	-1.81	0.05	0.02	0.05	0	-0.212	0.004	-0.171	0.003	0.000	0.305
0.497	-0.212	0.004	0.000	-0.45	0.64	-1.81	-0.04	-0.25	0.04	0	-0.212	0.004	-0.174	0.003	0.000	0.319
0.554	-0.212	0.003	0.000	-0.41	0.66	-1.81	0.27	-0.04	-0.02	0	-0.212	0.004	-0.177	0.003	0.000	0.332
0.561	-0.211	0.003	0.000	-0.41	0.64	-1.81	0.00	0.10	-0.21	0	-0.212	0.004	-0.180	0.003	0.000	0.346
0.565	-0.212	0.004	0.000	-0.45	0.65	-1.80	0.02	-0.18	-0.01	0	-0.212	0.004	-0.183	0.003	0.000	0.360
0.569	-0.213	0.004	0.000	-0.46	0.70	-1.80	0.14	-0.05	0.02	0	-0.212	0.004	-0.186	0.003	0.000	0.374
0.569	-0.209	0.005	0.000	-0.48	0.54	-1.80	0.02	0.17	0.30	0	-0.211	0.004	-0.189	0.003	0.000	0.388
0.579	-0.209	0.005	0.000	-0.47	0.55	-1.80	0.05	-0.15	0.16	0	-0.211	0.004	-0.192	0.003	0.000	0.403
0.590	-0.209	0.004	0.000	-0.44	0.57	-1.80	0.06	0.27	-0.13	0	-0.211	0.004	-0.195	0.003	0.000	0.418
0.595	-0.210	0.004	0.000	-0.42	0.59	-1.80	0.08	-0.14	0.19	0	-0.211	0.004	-0.197	0.003	0.000	0.433
0.601	-0.210	0.005	0.000	-0.48	0.60	-1.79	0.18	0.01	-0.16	0	-0.210	0.004	-0.200	0.003	0.000	0.448
0.603	-0.209	0.006	0.000	-0.52	0.61	-1.79	0.11	-0.01	0.02	0	-0.210	0.004	-0.203	0.003	0.000	0.463
0.612	-0.210	0.005	0.000	-0.46	0.63	-1.79	-0.03	0.06	0.02	0	-0.210	0.004	-0.206	0.003	0.000	0.479
0.620	-0.210	0.005	0.000	-0.46	0.63	-1.79	0.10	-0.09	0.07	0	-0.210	0.004	-0.208	0.003	0.000	0.495
0.622	-0.209	0.006	0.000	-0.49	0.61	-1.79	-0.18	-0.05	0.12	0	-0.210	0.005	-0.211	0.003	0.001	0.511
0.638	-0.209	0.006	0.000	-0.51	0.63	-1.78	-0.03	-0.11	0.02	0	-0.210	0.005	-0.213	0.003	0.001	0.527
0.649	-0.209	0.004	0.000	-0.41	0.63	-1.78	0.42	0.00	0.07	0	-0.210	0.005	-0.216	0.003	0.001	0.543
0.655	-0.209	0.006	0.000	-0.48	0.63	-1.78	0.35	0.02	0.19	0	-0.209	0.005	-0.218	0.003	0.001	0.560
0.670	-0.204	0.002	0.000	-0.32	0.42	-1.78	-0.01	-0.08	0.13	0	-0.209	0.005	-0.221	0.004	0.000	0.577
0.679	-0.204	0.003	0.000	-0.38	0.43	-1.78	-0.15	-0.10	-0.00	0	-0.208	0.004	-0.223	0.004	0.000	0.593
0.691	-0.205	0.001	0.000	-0.28	0.49	-1.77	0.14	0.13	-0.11	0	-0.208	0.004	-0.226	0.004	0.000	0.611
0.698	-0.204	0.003	0.000	-0.37	0.46	-1.77	0.20	-0.19	0.14	0	-0.207	0.004	-0.228	0.004	-0.000	0.628
0.712	-0.204	0.002	0.000	-0.34	0.48	-1.77	-0.08	-0.48	0.04	0	-0.207	0.004	-0.230	0.004	-0.000	0.645
0.718	-0.204	0.002	0.000	-0.35	0.47	-1.77	-0.01	-0.25	-0.04	0	-0.206	0.003	-0.233	0.005	-0.000	0.663
0.729	-0.205	0.002	0.000	-0.35	0.53	-1.76	0.09	0.02	-0.21	0	-0.206	0.003	-0.235	0.005	-0.000	0.681
0.738	-0.205	0.003	0.000	-0.39	0.56	-1.76	0.30	0.03	0.07	0	-0.206	0.003	-0.237	0.005	-0.000	0.699
0.751	-0.204	0.003	0.000	-0.39	0.53	-1.76	0.13	-0.19	-0.13	0	-0.206	0.003	-0.239	0.005	-0.000	0.717
0.759	-0.205	0.002	0.000	-0.38	0.59	-1.76	0.18	-0.03	0.07	0	-0.206	0.003	-0.241	0.005	-0.000	0.735
0.775	-0.205	-0.002	0.000	-0.20	0.59	-1.75	-0.01	0.26	0.01	0	-0.205	0.002	-0.243	0.005	-0.001	0.754
0.785	-0.205	0.000	0.000	-0.30	0.60	-1.75	0.11	-0.20	-0.24	0	-0.205	0.002	-0.245	0.005	-0.001	0.772
0.796	-0.206	0.001	0.000	-0.34	0.66	-1.75	-0.03	-0.10	0.02	0	-0.205	0.002	-0.247	0.005	-0.001	0.791
0.805	-0.206	0.001	0.000	-0.35	0.62	-1.75	0.16	-0.23	-0.03	0	-0.205	0.002	-0.249	0.005	-0.001	0.810
0.808	-0.207	0.002	0.000	-0.40	0.69	-1.75	0.12	-0.03	-0.03	0	-0.205	0.002	-0.251	0.005	-0.001	0.829
0.819	-0.207	-0.001	0.000	-0.28	0.71	-1.75	-0.16	0.09	-0.12	0	-0.205	0.002	-0.253	0.005	-0.001	0.848
0.830	-0.206	0.001	0.000	-0.37	0.68	-1.75	0.04	-0.23	-0.02	0	-0.205	0.002	-0.255	0.005	-0.001	0.868
0.840	-0.206	0.002	0.000	-0.39	0.68	-1.75	-0.06	-0.02	-0.03	0	-0.206	0.002	-0.257	0.004	-0.001	0.887
0.875	-0.206	0.001	0.000	-0.36	0.65	-1.75	0.17	0.08	-0.11	0	-0.205	0.001	-0.259	0.004	-0.001	0.907
0.886	-0.207	0.002	0.000	-0.43	0.72	-1.74	0.12	0.15	0.05	0	-0.206	0.002	-0.261	0.004	-0.001	0.927
0.886	-0.206	0.001	0.000	-0.35	0.67	-1.74	0.04	-0.05	-0.16	0	-0.206	0.001	-0.262	0.004	-0.001	0.947
0.886	-0.207	0.002	0.000	-0.40	0.73	-1.74	-0.17	-0.43	-0.04	0	-0.206	0.001	-0.264	0.004	-0.001	0.967
0.905	-0.206	0.001	0.000	-0.35	0.67	-1.74	0.29	0.02	0.16	0	-0.206	0.001	-0.266	0.004	-0.001	0.987
0.909	-0.207	0.002	0.000	-0.43	0.71	-1.74	0.10	0.07	0.11	0	-0.206	0.001	-0.268	0.004	-0.001	1.007
0.916	-0.207	0.002	0.000	-0.42	0.74	-1.74	0.00	-0.15	0.13	0	-0.206	0.001	-0.269	0.004	-0.001	1.028
0.921	-0.206	0.000	0.000	-0.36	0.67	-1.73	0.18	-0.29	-0.19	0	-0.206	0.001	-0.271	0.004	-0.001	1.048
0.930	-0.206	0.000	0.000	-0.36	0.67	-1.73	0.22	0.14	0.16	0	-0.206	0.001	-0.272	0.004	-0.001	1.069
0.940	-0.207	0.002	0.000	-0.43	0.71	-1.73	0.06	-0.01	-0.03	0	-0.206	0.001	-0.274	0.004	-0.001	1.090
0.952	-0.207	0.000	0.000	-0.36	0.74	-1.73	0.22	0.28	0.03	0	-0.206	0.001	-0.276	0.004	-0.001	1.111
0.959	-0.206	0.000	0.000	-0.36	0.70	-1.73	0.11	0.00	-0.14	0	-0.206	0.001	-0.277	0.004	-0.001	1.132
1.000	-0.206	0.001	0.000	-0.41	0.70	-1.72	-0.07	-0.19	-0.16	0	-0.206	0.001	-0.279	0.004	-0.001	1.153
1.013	-0.207	0.001	0.000	-0.41	0.75	-1.72	0.04	0.12	-0.08	0	-0.206	0.001	-0.280	0.004	-0.001	1.174
1.013	-0.204	0.002	0.000	-0.46	0.61	-1.72	0.01	-0.05	-0.08	0	-0.206	0.001	-0.281	0.004	-0.001	1.195
1.023	-0.208	0.001	0.000	-0.39	0.80	-1.72	0.12	-0.11	-0.21	0	-0.206	0.001	-0.283	0.003	-0.001	1.217
1.032	-0.207	0.002	0.000	-0.44	0.72	-1.72	-0.08	0.15	0.11	0	-0.206	0.001	-0.284	0.003	-0.001	1.238
1.043	-0.207	0.002	0.000	-0.43	0.72	-1.72	0.32	-0.10	0.13	0	-0.206	0.001	-0.285	0.003	-0.001	1.260
1.048	-0.206	0.001	0.000	-0.42	0.71	-1.71	0.17	0.26	0.13	0	-0.206	0.001	-0.287	0.003	-0.001	1.282
1.058	-0.205	0.001	0.000	-0.42	0.66	-1.71	0.21	-0.22	0.05	0	-0.206	0.001	-0.288	0.003	-0.001	1.304
1.058	-0.205	0.001	0.000	-0.41	0.66	-1.71	0.10	0.02	0.04	0	-0.206	0.001	-0.289	0.003	-0.001	1.326
1.065	-0.206	0.001	0.000	-0.41	0.69	-1.71	-0.08	-0.22	-0.09	0	-0.206	0.001	-0.291	0.003	-0.001	1.348
1.075	-0.206	0.000	0.000	-0.38	0.70	-1.71	0.07	-0.45	0.23	0	-0.206	0.001	-0.292	0.003	-0.001	1.370
1.083	-0.206	0.000	0.000	-0.38	0.72	-1.70	0.20	0.02	-0.06	0	-0.206	0.001	-0.293	0.003	-0.001	1.392
1.092	-0.205	0.001	0.000	-0.42	0.64	-1.70	0.09	0.01	-0.01	0	-0.205	0.001	-0.294	0.003	-0.001	1.414
1.104	-0.205	0.001	0.000	-0.42	0.67	-1.70	0.04	-0.08	0.06	0	-0.205	0.001	-0.295	0.003	-0.001	1.437
1.111	-0.205	0.001	0.000	-0.42	0.64	-1.70	0.15	-0.09	0.07	0	-0.205	0.001	-0.296	0.003	-0.001	1.459
1.123	-0.205	0.001	0.000	-0.42	0.64	-1.70	0.04	-0.11	-0.15	0	-0.205	0.001	-0.297	0.003	-0.001	1.482
1.131	-0.207	0.001	0.000	-0.40	0.74	-1.70	0.02	-0.11	-0.21	0	-0.205	0.001	-0.299	0.003	-0.001	1.505
1.143	-0.206	-0.001	0.000	-0.34	0.73	-1.69	-0.17	0.13	-0.01	0	-0.205	0.001	-0.300	0.003	-0.002	1.527
1.152	-0.206	0.000	0.000	-0.38	0.73	-1.69	0.09	0.02	0.17	0	-0.205	0.001	-0.301	0.003	-0.002	1.550
1.161	-0.206	0.000	0.000	-0.38	0.71	-1.69	0.11	0.01	-0.16	0	-0.205	0.001	-0.302	0.003	-0.002	1.573
1.169	-0.207	-0.001	0.000	-0.36	0.75	-1.69	0.09	-0.29	-0.06	0	-0.205	0.000	-0.303	0.003	-0.002	1.596
1.175	-0.206	0.001	0.000	-0.43	0.72	-1.69	0.10	-0.09	0.03	0	-0.205	0.001	-0.303	0.003	-0.002	1.619
1.189	-0.206	0.000	0.000	-0.41	0.72	-1.69	0.04	0.18	0.02	0	-0.205	0.001	-0.304	0.003	-0.002	1.642
1.206	-0.207	0.001	0.000	-0.43	0.74	-1.68	0.14	0.05	0.07	0	-0.206	0.001	-0.305	0.003	-0.002	1.665
1.233	-0.208	0.001	0.000	-0.44	0.81	-1.68	0.02	-0.39	-0.08	0	-0.206	0.001	-0.306	0.003	-0.002	1.688
1.259	-0.207	0.000	0.000	-0.40	0.74	-1.68	0.20	-0.10	-0.09	0	-0.206	0.001	-0.307	0.003	-0.002	1.712
1.266	-0.207	0.004	0.000	-0.58	0.76	-1.67	0.07	-0.05	-0.06	0	-0.206	0.001	-0.308	0.002	-0.001	1.735
1.274	-0.207	0.004	0.000	-0.56	0.72	-1.67	0.15	0.18	-0.00	0	-0.206	0.001	-0.309	0.002	-0.001	1.759
1.276	-0.208	0.004	0.000	-0.54	0.76	-1.67	0.01	-0.17	0.02	0	-0.206	0.002	-0.309	0.002	-0.001	1.782
1.281	-0.204	0.001	0.000	-0.40	0.58	-1.68	-0.13	-0.04	-0.10	0	-0.206	0.002	-0.310	0.002	-0.001	1.806
1.290	-0.202	0.005	0.000	-0.58	0.54	-1.67	0.16	-0.21	0.10	0	-0.205	0.002	-0.311	0.003	-0.001	1.829
1.293	-0.202	0.004	0.000	-0.54	0.55	-1.67	-0.11	-0.15	-0.11	0	-0.205	0.002	-0.312	0.003	-0.001	1.853
1.302	-0.202	0.004	0.000	-0.54	0.55	-1.67	0.09	0.08	-0.02	0	-0.205	0.002	-0.312	0.003	-0.001	1.877
1.310	-0.202	0.004	0.000	-0.55	0.53	-1.67	0.16	0.11	-0.06	0	-0.204	0.003	-0.313	0.003	-0.001	1.900
1.314	-0.202	0.004	0.000	-0.53	0.54	-1.67	-0.06	-0.34	-0.14	0	-0.204	0.003	-0.314	0.003	-0.001	1.924
1.318	-0.202	0.004	0.000	-0.52	0.55	-1.67	0.08	0.22	-0.10	0	-0.203	0.003	-0.314	0.003	-0.000	1.948
1.330	-0.201	0.004	0.000	-0.52	0.55	-1.66	-0.15	-0.03	0.04	0	-0.203	0.003	-0.315	0.004	-0.000	1.972
1.335	-0.203	0.004	0.000	-0.53	0.62	-1.66	0.09	-0.20	0.04	0	-0.203	0.003	-0.316	0.004	-0.000	1.996
1.350	-0.203	0.005	0.000	-0.56	0.63	-1.66	0.26	0.02	0.13	0	-0.203	0.004	-0.316	0.004	-0.000	2.020
1.350	-0.201	0.004	0.000	-0.50	0.57	-1.66	0.05	-0.20	-0.02	0	-0.203	0.004	-0.317	0.004	-0.000	2.044
1.366	-0.202	0.004	0.000	-0.49	0.60	-1.66	0.38	0.04	-0.08	0	-0.203	0.004	-0.317	0.004	-0.000	2.068
1.374	-0.203	0.004	0.000	-0.51	0.65	-1.66	0.20	-0.06	-0.04	0	-0.202	0.004	-0.318	0.004	-0.000	2.092
1.388	-0.203	0.004	0.000	-0.50	0.65	-1.65	-0.05	0.16	0.02	0	-0.202	0.004	-0.318	0.004	-0.000	2.116
1.400	-0.203	0.005	0.000	-0.51	0.65	-1.65	0.05	0.11	0.28	0	-0.202	0.004	-0.319	0.004	-0.000	2.140
1.405	-0.202	0.005	0.000	-0.51	0.62	-1.65	0.08	-0.08	-0.08	0	-0.202	0.004	-0.319	0.004	-0.000	2.164
1.419	-0.202	0.004	0.000	-0.47	0.60	-1.65	0.13	-0.17	-0.02	0	-0.202	0.004	-0.320	0.004	-0.000	2.189
1.430	-0.201	0.004	0.000	-0.46	0.58	-1.64	0.14	-0.02	0.05	0	-0.202	0.004	-0.320	0.004	-0.000	2.213
1.440	-0.202	0.004	0.000	-0.49	0.65	-1.64	0.13	-0.16	0.12	0	-0.202	0.004	-0.320	0.004	-0.000	2.237
1.450	-0.201	0.004	0.000	-0.46	0.61	-1.64	-0.04	-0.01	-0.10	0	-0.202	0.004	-0.321	0.004	-0.000	2.262
1.460	-0.202	0.004	0.000	-0.48	0.63	-1.64	0.10	0.05	-0.13	0	-0.202	0.004	-0.321	0.004	-0.000	2.286
1.470	-0.202	0.004	0.000	-0.48	0.66	-1.64	0.22	-0.34	0.12	0	-0.202	0.004	-0.322	0.004	-0.000	2.310
1.477	-0.202	0.002	0.000	-0.36	0.66	-1.64	0.10	0.02	0.22	0	-0.202	0.004	-0.322	0.004	-0.000	2.335
1.491	-0.203	0.004	0.000	-0.44	0.70	-1.63	0.06	0.01	0.05	0	-0.202	0.004	-0.322	0.004	-0.000	2.359
1.499	-0.203	0.003	0.000	-0.40	0.68	-1.63	0.05	-0.09	0.16	0	-0.202	0.004	-0.323	0.004	-0.000	2.384
1.510	-0.202	0.002	0.000	-0.37	0.63	-1.63	0.36	-0.07	-0.12	0	-0.202	0.004	-0.323	0.004	-0.001	2.408
1.521	-0.202	0.001	0.000	-0.31	0.64	-1.63	0.12	-0.27	-0.07	0	-0.202	0.003	-0.323	0.004	-0.001	2.433
1.527	-0.203	0.003	0.000	-0.41	0.71	-1.63	0.00	-0.25	-0.08	0	-0.202	0.003	-0.323	0.003	-0.001	2.457
1.536	-0.203	0.003	0.000	-0.41	0.71	-1.63	0.10	-0.11	-0.10	0	-0.202	0.003	-0.324	0.003	-0.001	2.482
1.550	-0.203	0.003	0.000	-0.41	0.71	-1.63	0.08	-0.19	0.31	0	-0.202	0.003	-0.324	0.003	-0.001	2.507
1.559	-0.199	0.002	0.000	-0.41	0.53	-1.63	-0.03	0.06	-0.03	0	-0.202	0.003	-0.324	0.003	-0.001	2.531
1.571	-0.199	0.002	0.000	-0.37	0.53	-1.62	0.26	-0.04	0.02	0	-0.201	0.003	-0.324	0.004	-0.001	2.556
1.583	-0.198	0.001	0.000	-0.37	0.53	-1.62	-0.01	-0.13	-0.01	0	-0.201	0.003	-0.324	0.004	-0.001	2.580
1.592	-0.198	0.001	0.000	-0.37	0.53	-1.62	0.15	0.08	0.11	0	-0.200	0.003	-0.325	0.004	-0.001	2.605
1.600	-0.198	0.001	0.000	-0.37	0.52	-1.62	-0.03	0.12	0.11	0	-0.200	0.002	-0.325	0.004	-0.001	2.630
1.609	-0.198	-0.003	0.000	-0.21	0.52	-1.61	0.06	0.19	0.18	0	-0.200	0.002	-0.325	0.004	-0.002	2.654
1.620	-0.199	-0.003	0.000	-0.20	0.57	-1.61	0.05	-0.08	0.03	0	-0.199	0.001	-0.325	0.004	-0.002	2.679
1.629	-0.200	-0.008	-0.000	-0.02	0.62	-1.60	0.06	0.02	-0.13	0	-0.199	0.000	-0.325	0.004	-0.003	2.704
1.639	-0.200	-0.007	0.000	-0.09	0.63	-1.61	0.17	-0.11	-0.11	0	-0.199	-0.001	-0.325	0.004	-0.003	2.728
1.644	-0.199	-0.008	-0.000	-0.03	0.60	-1.60	0.22	-0.27	0.07	0	-0.199	-0.002	-0.325	0.004	-0.003	2.753
1.662	-0.199	-0.008	-0.000	-0.06	0.60	-1.60	-0.14	-0.22	-0.03	0	-0.199	-0.003	-0.325	0.004	-0.004	2.778
1.670	-0.199	-0.009	-0.000	-0.06	0.60	-1.60	0.02	-0.04	0.14	0	-0.199	-0.003	-0.326	0.004	-0.004	2.802
1.678	-0.201	-0.007	0.000	-0.15	0.69	-1.60	0.31	0.14	-0.04	0	-0.199	-0.004	-0.326	0.004	-0.004	2.827
1.689	-0.199	-0.008	0.000	-0.13	0.60	-1.60	0.27	-0.08	-0.06	0	-0.199	-0.004	-0.326	0.004	-0.005	2.852
1.700	-0.199	-0.012	-0.000	0.00	0.61	-1.60	0.14	-0.00	0.10	0	-0.199	-0.005	-0.326	0.004	-0.005	2.876
1.709	-0.198	-0.011	0.000	-0.07	0.58	-1.60	0.21	0.02	0.13	0	-0.199	-0.006	-0.326	0.004	-0.005	2.901
1.720	-0.198	-0.011	0.000	-0.08	0.58	-1.59	0.21	-0.26	0.06	0	-0.198	-0.007	-0.326	0.004	-0.006	2.926
1.729	-0.199	-0.010	0.000	-0.12	0.62	-1.59	0.13	0.12	0.11	0	-0.198	-0.007	-0.325	0.004	-0.006	2.951
1.737	-0.199	-0.012	0.000	-0.08	0.63	-1.59	0.05	-0.13	0.10	0	-0.198	-0.008	-0.325	0.004	-0.006	2.975
1.750	-0.199	-0.010	0.000	-0.16	0.67	-1.58	0.16	-0.09	0.13	0	-0.198	-0.008	-0.325	0.004	-0.006	3.000
1.760	-0.198	-0.009	0.000	-0.22	0.60	-1.59	-0.07	-0.31	-0.15	0	-0.198	-0.009	-0.325	0.004	-0.006	3.025
1.768	-0.198	-0.012	0.000	-0.10	0.61	-1.58	0.12	-0.22	-0.15	0	-0.198	-0.009	-0.325	0.004	-0.007	3.049
1.777	-0.200	-0.010	0.000	-0.20	0.69	-1.58	-0.03	0.06	-0.18	0	-0.198	-0.009	-0.325	0.004	-0.007	3.074
1.789	-0.199	-0.010	0.000	-0.22	0.65	-1.58	0.10	-0.08	0.16	0	-0.198	-0.010	-0.325	0.004	-0.007	3.099
1.800	-0.200	-0.010	0.000	-0.24	0.71	-1.57	-0.02	0.04	0.03	0	-0.198	-0.010	-0.325	0.004	-0.007	3.123
1.810	-0.198	-0.010	0.000	-0.25	0.63	-1.58	-0.01	-0.08	0.20	0	-0.198	-0.010	-0.325	0.004	-0.007	3.148
1.821	-0.199	-0.010	0.000	-0.26	0.66	-1.57	-0.16	-0.25	0.23	0	-0.198	-0.010	-0.324	0.004	-0.007	3.173
1.829	-0.199	-0.010	0.000	-0.28	0.67	-1.57	0.11	-0.24	0.02	0	-0.198	-0.010	-0.324	0.004	-0.007	3.197
1.838	-0.200	-0.008	0.000	-0.36	0.72	-1.57	0.05	-0.01	-0.21	0	-0.198	-0.010	-0.324	0.004	-0.007	3.222
1.846	-0.200	-0.010	0.000	-0.31	0.72	-1.57	-0.12	-0.01	-0.23	0	-0.198	-0.010	-0.324	0.004	-0.007	3.246
1.862	-0.200	-0.008	0.000	-0.40	0.72	-1.56	-0.06	-0.12	-0.07	0	-0.199	-0.010	-0.324	0.004	-0.007	3.271
1.869	-0.201	-0.007	0.000	-0.45	0.76	-1.56	0.02	-0.28	-0.08	0	-0.199	-0.010	-0.324	0.003	-0.006	3.296
1.880	-0.202	-0.009	0.000	-0.37	0.79	-1.56	-0.02	-0.12	-0.01	0	-0.199	-0.010	-0.323	0.003	-0.006	3.320
1.890	-0.204	-0.007	0.000	-0.44	0.86	-1.55	0.10	0.02	-0.23	0	-0.200	-0.009	-0.323	0.003	-0.006	3.345
1.902	-0.204	-0.008	0.000	-0.42	0.85	-1.55	0.09	-0.18	-0.15	0	-0.200	-0.009	-0.323	0.003	-0.006	3.369
1.910	-0.203	-0.007	0.000	-0.47	0.81	-1.55	-0.02	0.12	0.10	0	-0.200	-0.009	-0.323	0.002	-0.006	3.394
1.920	-0.203	-0.007	0.000	-0.45	0.81	-1.55	0.15	-0.09	0.00	0	-0.201	-0.009	-0.322	0.002	-0.006	3.418
1.926	-0.204	-0.006	0.000	-0.49	0.84	-1.55	0.22	0.01	0.24	0	-0.201	-0.009	-0.322	0.002	-0.005	3.443
1.940	-0.204	-0.008	0.000	-0.42	0.82	-1.55	-0.13	-0.13	0.07	0	-0.201	-0.009	-0.322	0.002	-0.005	3.467
1.947	-0.204	-0.007	0.000	-0.47	0.82	-1.54	0.25	0.13	-0.10	0	-0.202	-0.008	-0.322	0.002	-0.005	3.491
1.960	-0.203	-0.008	0.000	-0.43	0.79	-1.54	0.10	0.09	-0.14	0	-0.202	-0.008	-0.321	0.002	-0.005	3.516
1.971	-0.203	-0.007	0.000	-0.44	0.78	-1.54	0.00	-0.29	-0.22	0	-0.202	-0.008	-0.321	0.001	-0.005	3.540
1.978	-0.204	-0.006	0.000	-0.49	0.81	-1.54	0.26	-0.19	-0.07	0	-0.202	-0.008	-0.321	0.001	-0.005	3.565
1.986	-0.205	-0.006	0.000	-0.48	0.83	-1.54	0.18	-0.08	0.19	0	-0.202	-0.008	-0.321	0.001	-0.005	3.589
2.002	-0.207	-0.006	0.000	-0.50	0.92	-1.53	0.07	-0.04	-0.06	0	-0.203	-0.008	-0.320	0.001	-0.005	3.613
2.009	-0.206	-0.006	0.000	-0.50	0.87	-1.53	-0.06	-0.14	-0.10	0	-0.203	-0.008	-0.320	0.001	-0.005	3.637
2.020	-0.203	-0.002	0.000	-0.65	0.74	-1.53	0.07	-0.16	-0.11	0	-0.203	-0.007	-0.320	0.001	-0.004	3.662
2.029	-0.203	-0.001	0.000	-0.69	0.74	-1.53	-0.02	0.02	0.18	0	-0.203	-0.006	-0.319	0.001	-0.004	3.686
2.037	-0.203	-0.000	0.000	-0.71	0.72	-1.52	0.17	-0.19	-0.05	0	-0.203	-0.006	-0.319	0.001	-0.004	3.710
2.049	-0.202	-0.002	0.000	-0.61	0.69	-1.52	0.11	-0.07	0.13	0	-0.203	-0.005	-0.318	0.001	-0.003	3.734
2.053	-0.203	-0.001	0.000	-0.65	0.71	-1.52	0.22	0.13	-0.01	0	-0.203	-0.005	-0.318	0.001	-0.003	3.758
2.071	-0.203	-0.000	0.000	-0.67	0.71	-1.52	-0.14	-0.09	0.24	0	-0.203	-0.004	-0.318	0.001	-0.003	3.783
2.078	-0.203	-0.000	0.000	-0.67	0.71	-1.52	0.09	-0.30	-0.06	0	-0.203	-0.004	-0.317	0.001	-0.003	3.807
2.090	-0.203	-0.000	0.000	-0.66	0.73	-1.52	0.04	-0.16	0.13	0	-0.203	-0.003	-0.317	0.001	-0.002	3.831
2.097	-0.202	-0.002	0.000	-0.57	0.68	-1.52	0.16	0.02	-0.08	0	-0.203	-0.003	-0.316	0.001	-0.002	3.855
2.106	-0.203	-0.002	0.000	-0.56	0.70	-1.51	0.12	0.17	0.00	0	-0.203	-0.003	-0.316	0.001	-0.002	3.879
2.120	-0.203	-0.002	0.000	-0.55	0.69	-1.51	0.05	0.02	-0.16	0	-0.203	-0.003	-0.316	0.001	-0.002	3.903
2.130	-0.202	-0.001	0.000	-0.58	0.67	-1.51	0.07	-0.15	-0.18	0	-0.203	-0.003	-0.315	0.001	-0.002	3.927
2.138	-0.203	-0.001	0.000	-0.57	0.69	-1.51	-0.04	0.20	-0.09	0	-0.203	-0.002	-0.315	0.001	-0.002	3.950
2.146	-0.203	-0.001	0.000	-0.56	0.68	-1.51	-0.01	-0.32	-0.07	0	-0.203	-0.002	-0.314	0.001	-0.002	3.974
2.156	-0.203	-0.000	0.000	-0.60	0.68	-1.50	0.18	-0.04	-0.30	0	-0.203	-0.002	-0.314	0.001	-0.002	3.998
2.170	-0.203	-0.000	0.000	-0.59	0.68	-1.50	0.03	0.07	-0.18	0	-0.203	-0.002	-0.313	0.001	-0.002	4.022
2.179	-0.203	-0.000	0.000	-0.57	0.68	-1.50	0.14	-0.06	0.04	0	-0.203	-0.002	-0.313	0.001	-0.002	4.046
2.185	-0.202	-0.002	0.000	-0.51	0.65	-1.50	-0.06	-0.16	0.06	0	-0.203	-0.002	-0.312	0.001	-0.002	4.069
2.197	-0.203	-0.000	0.000	-0.57	0.68	-1.50	0.07	-0.15	0.10	0	-0.203	-0.001	-0.312	0.001	-0.002	4.093
2.210	-0.204	-0.002	0.000	-0.47	0.70	-1.50	-0.03	-0.10	0.18	0	-0.203	-0.001	-0.311	0.001	-0.002	4.117
2.218	-0.202	-0.000	0.000	-0.56	0.65	-1.50	0.19	0.09	-0.01	0	-0.203	-0.001	-0.311	0.001	-0.001	4.140
2.230	-0.204	-0.002	0.000	-0.48	0.70	-1.50	0.05	-0.04	-0.07	0	-0.203	-0.001	-0.310	0.001	-0.002	4.164
2.238	-0.202	-0.002	0.000	-0.48	0.63	-1.49	0.02	-0.08	-0.03	0	-0.203	-0.001	-0.310	0.001	-0.002	4.187
2.247	-0.203	-0.002	0.000	-0.48	0.66	-1.49	0.09	0.11	0.28	0	-0.203	-0.001	-0.309	0.001	-0.002	4.211
2.260	-0.203	-0.000	0.000	-0.54	0.67	-1.49	0.11	-0.11	-0.14	0	-0.203	-0.001	-0.309	0.001	-0.001	4.234
2.268	-0.204	-0.001	0.000	-0.48	0.70	-1.49	-0.15	0.15	0.10	0	-0.203	-0.001	-0.308	0.001	-0.001	4.258
2.279	-0.203	-0.001	0.000	-0.48	0.65	-1.49	0.06	-0.15	0.01	0	-0.203	-0.001	-0.308	0.001	-0.002	4.281
2.290	0.000	0.000	0.000	0.00	0.00	0.00	0.12	-0.03	-0.02	0	-0.178	-0.001	-0.307	0.014	-0.001	4.304
2.297	0.000	-0.000	0.000	0.00	0.00	0.00	-0.00	-0.18	-0.12	0	-0.156	-0.001	-0.307	0.025	-0.001	4.328
2.306	-0.000	-0.000	0.000	0.02	0.02	-0.00	0.26	0.13	-0.31	0	-0.136	-0.001	-0.306	0.035	-0.001	4.351
2.319	0.000	-0.000	-0.000	0.08	-0.04	-0.00	0.17	0.18	0.12	0	-0.119	-0.001	-0.306	0.043	-0.001	4.374
2.330	0.000	-0.000	0.000	0.05	0.01	-0.00	0.34	-0.32	-0.17	0	-0.103	-0.001	-0.305	0.051	-0.001	4.397
2.338	0.000	-0.000	0.000	0.04	-0.00	-0.00	-0.08	-0.21	-0.09	0	-0.089	-0.001	-0.304	0.057	-0.001	4.420
2.347	0.000	-0.000	0.000	-0.17	0.00	-0.00	-0.02	-0.06	-0.02	0	-0.077	-0.001	-0.304	0.063	-0.001	4.443
2.355	0.000	-0.001	0.000	0.09	0.04	-0.00	0.21	-0.04	0.03	0	-0.066	-0.001	-0.303	0.067	-0.001	4.466
2.364	0.000	-0.001	0.000	-0.04	-0.02	-0.00	0.15	0.09	-0.07	0	-0.057	-0.001	-0.303	0.072	-0.001	4.489
2.378	0.000	-0.001	0.000	0.06	-0.00	-0.00	0.13	0.01	-0.13	0	-0.048	-0.001	-0.302	0.075	-0.001	4.512
2.390	0.000	-0.000	0.000	-0.31	0.02	-0.00	0.18	-0.11	0.04	0	-0.040	-0.001	-0.301	0.078	-0.001	4.535
2.398	-0.000	-0.000	0.000	-0.17	0.27	0.00	0.21	0.01	-0.02	0	-0.034	-0.001	-0.301	0.080	-0.001	4.558
2.409	0.000	-0.000	0.000	-0.19	0.08	0.00	0.34	-0.01	0.20	0	-0.028	-0.001	-0.300	0.082	-0.001	4.581
2.418	0.001	-0.001	0.000	-0.19	0.08	0.00	-0.03	0.04	-0.03	0	-0.022	-0.000	-0.300	0.084	-0.001	4.603
2.428	-0.000	-0.001	0.000	-0.10	0.33	0.00	0.19	-0.23	0.02	0	-0.018	-0.001	-0.299	0.085	-0.001	4.626
2.436	-0.000	-0.000	0.000	-0.39	0.33	0.00	0.06	-0.27	0.01	0	-0.014	-0.000	-0.298	0.086	-0.001	4.649
2.444	-0.003	-0.003	0.000	0.35	1.15	-0.00	-0.08	0.01	0.02	0	-0.010	-0.001	-0.298	0.087	-0.001	4.671
2.452	-0.002	-0.002	0.000	0.12	0.92	0.00	0.14	-0.03	0.14	0	-0.007	-0.001	-0.297	0.087	-0.001	4.694
2.464	-0.002	-0.003	0.000	0.22	0.86	0.00	0.07	-0.05	-0.20	0	-0.005	-0.001	-0.296	0.087	-0.002	4.716
2.472	0.001	-0.002	0.000	-0.10	-0.05	0.00	-0.00	-0.23	0.02	0	-0.002	-0.001	-0.296	0.088	-0.002	4.739
2.489	0.001	-0.001	0.000	-0.39	-0.01	0.00	0.28	-0.21	-0.10	0	0.000	-0.001	-0.295	0.088	-0.002	4.761
2.499	0.001	-0.002	0.000	-0.00	-0.01	0.00	0.08	-0.12	0.10	0	0.002	-0.001	-0.294	0.088	-0.002	4.784
2.506	0.002	-0.002	0.000	-0.14	-0.16	0.00	0.06	-0.13	-0.06	0	0.004	-0.001	-0.294	0.087	-0.002	4.806
2.520	0.002	-0.002	0.000	-0.14	-0.16	0.00	0.12	-0.30	0.06	0	0.006	-0.001	-0.293	0.087	-0.002	4.828
2.529	-0.001	-0.001	0.000	-0.48	0.66	0.00	0.15	0.15	0.09	0	0.007	-0.001	-0.292	0.087	-0.002	4.850
2.537	0.001	-0.001	0.000	-0.48	0.21	0.00	0.13	-0.05	-0.08	0	0.009	-0.001	-0.292	0.086	-0.002	4.872
2.549	0.001	-0.002	0.000	-0.25	0.24	0.00	0.01	0.09	-0.07	0	0.010	-0.001	-0.291	0.085	-0.002	4.894
2.555	0.002	-0.002	0.000	-0.28	0.05	0.00	-0.24	-0.17	0.26	0	0.011	-0.001	-0.290	0.085	-0.002	4.917
2.567	0.002	-0.001	0.000	-0.52	0.18	0.00	0.21	-0.17	0.20	0	0.012	-0.001	-0.289	0.084	-0.002	4.939
2.578	0.002	-0.001	0.000	-0.39	0.10	0.00	0.01	0.02	0.22	0	0.012	-0.001	-0.289	0.083	-0.002	4.960
2.589	0.002	-0.003	0.000	-0.17	0.18	0.00	0.14	-0.16	0.05	0	0.013	-0.001	-0.288	0.083	-0.002	4.982
2.598	0.002	-0.001	0.000	-0.43	0.29	0.01	-0.02	-0.22	-0.04	0	0.014	-0.001	-0.287	0.082	-0.002	5.004
2.607	0.002	-0.001	0.000	-0.43	0.29	0.01	0.03	0.03	0.16	0	0.014	-0.001	-0.287	0.081	-0.002	5.026
2.618	0.002	0.001	0.000	-0.78	0.28	0.01	0.03	-0.12	-0.05	0	0.015	-0.001	-0.286	0.080	-0.002	5.048
2.628	0.000	-0.000	0.000	-0.57	0.49	0.00	0.12	-0.07	-0.13	0	0.015	-0.001	-0.285	0.079	-0.002	5.069
2.639	0.001	-0.000	0.000	-0.57	0.47	0.00	0.18	-0.30	0.08	0	0.015	-0.001	-0.285	0.078	-0.002	5.091
2.647	0.000	-0.001	0.000	-0.46	0.55	0.00	-0.01	-0.35	0.01	0	0.015	-0.001	-0.284	0.077	-0.002	5.112
2.658	-0.000	-0.002	0.000	-0.40	0.58	0.00	0.02	0.00	0.06	0	0.015	-0.001	-0.283	0.076	-0.002	5.134
2.665	-0.000	-0.000	0.000	-0.54	0.58	0.00	-0.04	-0.14	-0.12	0	0.015	-0.001	-0.282	0.075	-0.002	5.155
2.676	0.001	-0.000	0.000	-0.54	0.49	0.00	0.13	-0.01	-0.01	0	0.015	-0.001	-0.282	0.073	-0.002	5.177
2.688	0.001	-0.000	0.000	-0.53	0.49	0.00	0.22	-0.07	-0.28	0	0.015	-0.001	-0.281	0.072	-0.002	5.198
2.700	0.002	-0.002	0.000	-0.41	0.41	0.00	0.07	-0.20	-0.27	0	0.015	-0.001	-0.280	0.071	-0.002	5.219
2.707	-0.000	-0.005	0.000	-0.04	0.63	-0.00	0.05	0.04	0.25	0	0.015	-0.001	-0.280	0.070	-0.002	5.241
2.715	0.001	-0.005	0.000	-0.08	0.49	-0.00	0.17	0.04	0.07	0	0.015	-0.002	-0.279	0.069	-0.002	5.262
2.724	-0.005	-0.001	0.000	-0.53	1.03	0.00	0.26	-0.08	0.04	0	0.015	-0.002	-0.278	0.068	-0.002	5.283
2.738	-0.005	-0.002	0.000	-0.42	1.07	0.00	0.20	-0.28	0.29	0	0.014	-0.002	-0.277	0.066	-0.002	5.304
2.748	-0.006	-0.002	0.000	-0.43	1.11	0.00	0.07	-0.00	0.02	0	0.013	-0.002	-0.277	0.065	-0.002	5.325
2.757	-0.005	-0.002	0.000	-0.44	0.99	0.00	0.07	-0.02	-0.11	0	0.013	-0.002	-0.276	0.064	-0.002	5.346
2.769	-0.005	-0.001	0.000	-0.56	0.91	0.00	0.33	0.15	0.01	0	0.012	-0.002	-0.275	0.063	-0.002	5.367
2.775	-0.005	-0.001	0.000	-0.56	0.91	0.01	0.22	-0.19	0.08	0	0.012	-0.001	-0.274	0.061	-0.002	5.387
2.788	-0.005	-0.000	0.000	-0.58	0.88	0.01	-0.13	0.09	-0.03	0	0.011	-0.001	-0.274	0.060	-0.002	5.408
2.799	-0.004	-0.002	0.000	-0.41	0.81	0.00	0.20	0.09	-0.02	0	0.011	-0.001	-0.273	0.059	-0.002	5.429
2.808	-0.004	-0.000	0.000	-0.57	0.79	0.01	0.05	-0.27	-0.04	0	0.011	-0.001	-0.272	0.058	-0.002	5.450
2.818	-0.005	-0.001	0.000	-0.55	0.84	0.01	-0.02	-0.09	0.08	0	0.011	-0.001	-0.271	0.057	-0.002	5.470
2.824	-0.003	-0.001	0.000	-0.50	0.71	0.01	0.16	0.01	-0.27	0	0.010	-0.001	-0.270	0.056	-0.002	5.491
2.838	-0.006	0.001	0.000	-0.64	0.88	0.01	0.12	-0.06	-0.16	0	0.010	-0.001	-0.270	0.055	-0.002	5.511
2.846	-0.005	-0.000	0.000	-0.58	0.84	0.00	-0.10	0.04	-0.04	0	0.010	-0.001	-0.269	0.054	-0.002	5.532
2.859	-0.005	-0.001	0.000	-0.53	0.82	0.00	0.10	0.18	0.02	0	0.009	-0.001	-0.268	0.053	-0.002	5.552
2.867	-0.006	-0.001	0.000	-0.53	0.82	0.00	-0.04	0.18	0.07	0	0.009	-0.001	-0.267	0.052	-0.002	5.572
2.874	-0.003	-0.001	0.000	-0.49	0.64	0.00	0.07	0.10	-0.15	0	0.009	-0.001	-0.267	0.051	-0.002	5.592
2.889	-0.004	-0.002	0.000	-0.46	0.69	0.00	-0.09	-0.16	-0.21	0	0.009	-0.001	-0.266	0.050	-0.002	5.613
2.897	-0.004	-0.000	0.000	-0.55	0.68	0.01	-0.15	-0.29	-0.07	0	0.009	-0.001	-0.265	0.049	-0.002	5.633
2.909	-0.005	-0.000	0.000	-0.55	0.76	0.01	0.10	0.17	0.05	0	0.008	-0.001	-0.264	0.048	-0.002	5.653
2.916	-0.004	-0.002	0.000	-0.46	0.64	0.00	-0.02	0.02	-0.23	0	0.008	-0.001	-0.263	0.047	-0.002	5.673
2.929	-0.005	-0.001	0.000	-0.53	0.75	0.00	0.10	-0.25	0.04	0	0.008	-0.001	-0.263	0.046	-0.002	5.693
2.938	-0.004	-0.002	0.000	-0.46	0.63	0.00	0.03	0.33	-0.13	0	0.008	-0.001	-0.262	0.045	-0.002	5.713
2.949	-0.004	0.000	0.000	-0.59	0.67	0.01	0.19	0.05	0.23	0	0.008	-0.001	-0.261	0.044	-0.002	5.732
2.959	-0.004	-0.002	0.000	-0.44	0.66	0.00	-0.00	-0.28	0.20	0	0.008	-0.001	-0.260	0.044	-0.002	5.752
2.965	-0.008	-0.002	0.000	-0.43	0.87	0.00	-0.06	0.06	0.23	0	0.007	-0.001	-0.260	0.042	-0.002	5.772
2.972	-0.009	-0.003	0.000	-0.37	0.92	-0.00	0.02	-0.20	-0.21	0	0.006	-0.001	-0.259	0.041	-0.002	5.792
2.988	-0.007	-0.001	0.000	-0.51	0.75	0.00	0.04	0.07	0.31	0	0.006	-0.001	-0.258	0.040	-0.002	5.811
3.000	-0.007	-0.001	0.000	-0.51	0.75	0.00	0.22	-0.01	0.13	0	0.006	-0.001	-0.257	0.040	-0.002	5.831
3.011	-0.014	-0.004	0.000	-0.31	1.13	-0.01	0.01	-0.14	0.07	0	0.005	-0.001	-0.256	0.038	-0.003	5.850
3.020	-0.013	-0.004	0.000	-0.34	1.05	-0.00	0.10	-0.08	-0.13	0	0.004	-0.002	-0.256	0.037	-0.003	5.870
3.030	-0.013	-0.005	0.000	-0.32	1.04	-0.01	0.10	-0.23	-0.10	0	0.003	-0.002	-0.255	0.036	-0.003	5.889
3.039	-0.013	-0.003	0.000	-0.39	1.03	-0.00	0.29	0.18	-0.04	0	0.002	-0.002	-0.254	0.035	-0.003	5.908
3.047	-0.014	-0.002	0.000	-0.45	1.02	-0.00	0.09	-0.09	0.00	0	0.001	-0.002	-0.253	0.034	-0.003	5.927
3.057	-0.014	-0.004	0.000	-0.34	1.00	-0.00	0.13	0.04	0.18	0	0.001	-0.003	-0.252	0.033	-0.003	5.946
3.069	-0.013	-0.004	0.000	-0.35	0.93	-0.00	0.16	-0.09	0.02	0	0.000	-0.003	-0.252	0.032	-0.003	5.966
3.077	-0.014	-0.003	0.000	-0.41	0.97	0.00	0.10	-0.03	0.30	0	-0.001	-0.003	-0.251	0.031	-0.003	5.985
3.083	-0.012	-0.004	0.000	-0.40	0.84	0.00	0.06	-0.07	-0.05	0	-0.001	-0.003	-0.250	0.030	-0.003	6.004
3.099	-0.013	-0.003	0.000	-0.43	0.86	0.00	0.28	0.11	0.09	0	-0.001	-0.003	-0.249	0.029	-0.003	6.022
3.111	-0.013	-0.003	0.000	-0.42	0.86	0.00	0.13	-0.08	-0.14	0	-0.002	-0.003	-0.248	0.028	-0.003	6.041
3.117	-0.013	-0.004	0.000	-0.38	0.81	0.00	0.10	0.10	0.10	0	-0.002	-0.003	-0.247	0.027	-0.003	6.060
3.127	-0.013	-0.003	0.000	-0.43	0.82	0.00	0.07	-0.05	0.12	0	-0.002	-0.003	-0.247	0.027	-0.003	6.079
3.139	-0.012	-0.004	0.000	-0.40	0.78	0.00	0.16	0.02	0.10	0	-0.002	-0.003	-0.246	0.026	-0.003	6.097
3.147	-0.012	-0.004	0.000	-0.42	0.73	0.01	0.10	-0.20	0.11	0	-0.003	-0.003	-0.245	0.025	-0.004	6.116
3.160	-0.013	-0.002	0.000	-0.49	0.79	0.01	-0.05	0.13	0.06	0	-0.003	-0.003	-0.244	0.025	-0.003	6.135
3.169	-0.013	-0.004	0.000	-0.41	0.75	0.01	0.02	-0.24	0.03	0	-0.003	-0.003	-0.243	0.024	-0.004	6.153
3.178	-0.013	-0.003	0.000	-0.45	0.78	0.01	0.21	0.01	-0.15	0	-0.003	-0.003	-0.243	0.023	-0.003	6.172
3.184	-0.013	-0.004	0.000	-0.42	0.76	0.01	0.07	-0.07	-0.21	0	-0.004	-0.003	-0.242	0.022	-0.004	6.190
3.198	-0.013	-0.002	0.000	-0.51	0.75	0.01	0.13	-0.14	0.00	0	-0.004	-0.003	-0.241	0.022	-0.003	6.208
3.206	-0.013	-0.002	0.000	-0.49	0.74	0.01	0.20	0.08	-0.17	0	-0.004	-0.003	-0.240	0.021	-0.003	6.226
3.218	-0.013	-0.002	0.000	-0.50	0.71	0.01	0.05	-0.23	-0.15	0	-0.004	-0.003	-0.239	0.021	-0.003	6.245
3.229	-0.013	-0.002	0.000	-0.50	0.71	0.01	0.09	-0.18	-0.09	0	-0.005	-0.003	-0.239	0.020	-0.003	6.263
3.236	-0.011	-0.004	0.000	-0.40	0.61	0.01	-0.05	-0.05	0.14	0	-0.005	-0.003	-0.238	0.019	-0.003	6.281
3.249	-0.013	-0.004	0.000	-0.44	0.67	0.01	0.26	-0.04	0.00	0	-0.005	-0.003	-0.237	0.019	-0.003	6.299
3.257	-0.012	-0.004	0.000	-0.42	0.65	0.01	0.09	0.07	-0.03	0	-0.005	-0.003	-0.236	0.018	-0.003	6.317
3.268	-0.013	-0.002	0.000	-0.50	0.65	0.01	0.10	-0.21	0.04	0	-0.005	-0.003	-0.235	0.018	-0.003	6.334
3.277	-0.011	-0.004	0.000	-0.41	0.58	0.01	0.05	0.06	-0.09	0	-0.005	-0.003	-0.234	0.017	-0.003	6.352
3.284	-0.012	-0.004	0.000	-0.42	0.60	0.01	0.06	-0.23	0.09	0	-0.005	-0.003	-0.234	0.017	-0.004	6.370
3.299	-0.013	-0.003	0.000	-0.49	0.66	0.01	0.13	-0.16	-0.13	0	-0.005	-0.003	-0.233	0.016	-0.003	6.388
3.310	-0.013	-0.003	0.000	-0.48	0.64	0.01	0.14	0.03	-0.02	0	-0.005	-0.003	-0.232	0.016	-0.003	6.405
3.319	-0.013	-0.003	0.000	-0.48	0.62	0.01	-0.12	0.00	0.16	0	-0.005	-0.003	-0.231	0.015	-0.003	6.423
3.326	-0.011	-0.003	0.000	-0.45	0.56	0.01	0.29	-0.09	0.14	0	-0.005	-0.003	-0.230	0.015	-0.003	6.440
3.338	-0.013	-0.003	0.000	-0.47	0.65	0.01	-0.12	-0.26	-0.05	0	-0.005	-0.003	-0.230	0.014	-0.003	6.458
3.349	-0.013	-0.004	-0.000	-0.44	0.62	0.01	0.17	-0.26	-0.01	0	-0.006	-0.003	-0.229	0.014	-0.003	6.475
3.358	-0.012	-0.004	-0.000	-0.43	0.61	0.01	0.22	-0.06	-0.01	0	-0.006	-0.003	-0.228	0.013	-0.003	6.492
3.368	-0.011	-0.004	-0.000	-0.43	0.54	0.01	0.07	0.01	0.03	0	-0.006	-0.003	-0.227	0.013	-0.004	6.509
3.376	-0.013	-0.003	-0.000	-0.49	0.62	0.01	0.03	-0.12	0.09	0	-0.006	-0.003	-0.226	0.012	-0.003	6.527
3.389	-0.013	-0.003	-0.000	-0.49	0.62	0.01	0.08	-0.21	-0.00	0	-0.006	-0.003	-0.226	0.012	-0.003	6.544
3.399	-0.013	-0.002	-0.000	-0.51	0.61	0.01	0.12	-0.20	0.04	0	-0.006	-0.003	-0.225	0.011	-0.003	6.561
3.407	-0.013	-0.003	-0.000	-0.45	0.61	0.01	-0.13	-0.01	-0.20	0	-0.006	-0.003	-0.224	0.011	-0.003	6.578
3.418	-0.013	-0.003	-0.000	-0.47	0.60	0.01	0.24	0.10	-0.02	0	-0.006	-0.003	-0.223	0.010	-0.003	6.595
3.427	-0.012	-0.004	-0.000	-0.42	0.58	0.01	0.23	-0.15	0.07	0	-0.006	-0.003	-0.222	0.010	-0.003	6.612
3.436	-0.013	-0.002	-0.000	-0.52	0.62	0.01	-0.24	-0.19	0.13	0	-0.007	-0.003	-0.221	0.009	-0.003	6.628
3.445	-0.013	-0.003	-0.000	-0.46	0.61	0.01	0.25	-0.26	-0.03	0	-0.007	-0.003	-0.221	0.009	-0.003	6.645
3.457	-0.013	-0.002	-0.000	-0.50	0.59	0.01	0.09	-0.32	0.05	0	-0.007	-0.003	-0.220	0.009	-0.003	6.662
3.468	-0.013	-0.003	-0.000	-0.45	0.61	0.01	0.26	-0.09	-0.14	0	-0.007	-0.003	-0.219	0.008	-0.003	6.678
3.474	-0.012	-0.004	-0.000	-0.43	0.57	0.01	0.05	0.01	0.11	0	-0.007	-0.003	-0.218	0.008	-0.003	6.695
3.486	-0.012	-0.004	-0.000	-0.43	0.56	0.01	0.17	-0.02	0.05	0	-0.007	-0.003	-0.217	0.007	-0.003	6.711
3.492	-0.012	-0.004	-0.000	-0.42	0.56	0.01	-0.05	-0.26	-0.26	0	-0.007	-0.003	-0.217	0.007	-0.004	6.728
3.508	-0.012	-0.002	-0.000	-0.51	0.58	0.01	-0.15	0.10	0.12	0	-0.007	-0.003	-0.216	0.007	-0.003	6.744
3.516	-0.012	-0.004	-0.000	-0.44	0.57	0.01	-0.06	0.04	-0.01	0	-0.007	-0.003	-0.215	0.006	-0.003	6.760
3.526	-0.012	-0.004	-0.000	-0.43	0.55	0.01	0.18	-0.07	0.18	0	-0.007	-0.003	-0.214	0.006	-0.004	6.777
3.535	-0.013	-0.003	-0.000	-0.48	0.61	0.01	-0.25	0.27	0.14	0	-0.007	-0.003	-0.213	0.005	-0.004	6.793
3.549	-0.013	-0.003	-0.000	-0.47	0.59	0.01	0.13	0.09	-0.14	0	-0.007	-0.003	-0.213	0.005	-0.004	6.809
3.559	-0.013	-0.004	-0.000	-0.43	0.58	0.01	0.17	-0.01	0.20	0	-0.007	-0.004	-0.212	0.005	-0.004	6.825
3.569	-0.013	-0.003	-0.000	-0.47	0.59	0.01	0.29	0.05	-0.09	0	-0.007	-0.003	-0.211	0.004	-0.004	6.841
3.578	-0.012	-0.003	-0.000	-0.47	0.57	0.01	0.05	0.12	-0.04	0	-0.008	-0.003	-0.210	0.004	-0.004	6.857
3.586	-0.013	-0.002	-0.000	-0.51	0.58	0.01	0.03	-0.04	-0.15	0	-0.008	-0.003	-0.209	0.004	-0.003	6.873
3.597	-0.012	-0.004	-0.000	-0.44	0.56	0.01	0.12	0.09	0.09	0	-0.008	-0.003	-0.208	0.003	-0.003	6.889
3.609	-0.012	-0.003	-0.000	-0.47	0.57	0.01	0.11	0.06	0.09	0	-0.008	-0.003	-0.208	0.003	-0.003	6.904
3.617	-0.012	-0.003	-0.000	-0.47	0.56	0.01	0.09	-0.05	0.09	0	-0.008	-0.003	-0.207	0.003	-0.003	6.920
3.628	-0.015	-0.004	-0.000	-0.42	0.65	0.01	-0.12	-0.10	-0.02	0	-0.008	-0.003	-0.206	0.002	-0.004	6.936
3.635	-0.012	-0.004	-0.000	-0.42	0.57	0.01	0.02	0.16	-0.15	0	-0.008	-0.004	-0.205	0.002	-0.004	6.951
3.645	-0.012	-0.002	-0.000	-0.51	0.57	0.01	0.12	0.14	-0.17	0	-0.008	-0.003	-0.204	0.002	-0.004	6.967
3.658	-0.013	-0.003	-0.000	-0.49	0.59	0.01	0.12	-0.15	-0.02	0	-0.008	-0.003	-0.204	0.001	-0.003	6.982
3.667	-0.013	-0.004	-0.000	-0.44	0.59	0.01	-0.11	-0.14	0.14	0	-0.008	-0.003	-0.203	0.001	-0.003	6.998
3.679	-0.013	-0.002	0.000	-0.50	0.57	0.01	0.09	-0.11	0.14	0	-0.008	-0.003	-0.202	0.001	-0.003	7.013
3.688	-0.013	-0.004	0.000	-0.43	0.57	0.01	0.22	0.11	-0.09	0	-0.008	-0.003	-0.201	0.000	-0.003	7.028
3.697	-0.013	-0.002	0.000	-0.50	0.57	0.01	0.01	-0.10	-0.10	0	-0.009	-0.003	-0.200	-0.000	-0.003	7.043
3.706	-0.012	-0.003	0.000	-0.47	0.55	0.01	0.09	-0.22	-0.13	0	-0.009	-0.003	-0.200	-0.000	-0.003	7.059
3.718	-0.012	-0.002	0.000	-0.50	0.57	0.01	-0.02	0.13	0.15	0	-0.009	-0.003	-0.199	-0.001	-0.003	7.074
3.728	-0.012	-0.004	0.000	-0.41	0.55	0.01	0.10	-0.01	-0.11	0	-0.009	-0.003	-0.198	-0.001	-0.003	7.089
3.734	-0.012	-0.004	0.000	-0.41	0.55	0.01	0.02	-0.14	0.06	0	-0.009	-0.003	-0.197	-0.001	-0.003	7.104
3.746	-0.012	-0.003	0.000	-0.47	0.55	0.01	0.21	-0.16	-0.08	0	-0.009	-0.003	-0.196	-0.001	-0.003	7.118
3.759	-0.012	-0.003	0.000	-0.48	0.56	0.01	-0.11	0.00	0.01	0	-0.009	-0.003	-0.196	-0.002	-0.003	7.133
3.769	-0.013	-0.002	0.000	-0.50	0.58	0.01	0.23	0.04	-0.20	0	-0.009	-0.003	-0.195	-0.002	-0.003	7.148
3.779	-0.013	-0.003	0.000	-0.47	0.60	0.01	0.02	-0.13	-0.04	0	-0.009	-0.003	-0.194	-0.002	-0.003	7.163
3.790	-0.013	-0.003	0.000	-0.47	0.60	0.01	0.06	-0.12	0.08	0	-0.009	-0.003	-0.193	-0.003	-0.003	7.177
3.796	-0.013	-0.003	0.000	-0.47	0.60	0.01	0.11	-0.27	-0.00	0	-0.009	-0.003	-0.192	-0.003	-0.003	7.192
3.808	-0.011	-0.002	0.000	-0.50	0.52	0.01	0.15	0.08	-0.05	0	-0.009	-0.003	-0.192	-0.003	-0.003	7.207
3.816	-0.011	-0.004	0.000	-0.40	0.53	0.01	0.24	0.10	0.07	0	-0.009	-0.003	-0.191	-0.003	-0.003	7.221
3.828	-0.012	-0.004	0.000	-0.41	0.54	0.01	0.17	0.09	0.20	0	-0.009	-0.003	-0.190	-0.003	-0.003	7.235
3.837	-0.012	-0.003	0.000	-0.45	0.55	0.01	0.10	-0.16	0.06	0	-0.009	-0.003	-0.189	-0.004	-0.003	7.250
3.847	-0.012	-0.002	0.000	-0.49	0.58	0.01	0.05	-0.21	0.12	0	-0.009	-0.003	-0.188	-0.004	-0.003	7.264
3.853	-0.014	-0.003	0.000	-0.47	0.64	0.01	0.20	-0.02	0.07	0	-0.009	-0.003	-0.188	-0.004	-0.003	7.278
3.867	-0.015	-0.002	0.000	-0.48	0.68	0.01	-0.02	0.03	0.10	0	-0.009	-0.003	-0.187	-0.005	-0.003	7.293
3.878	-0.016	-0.002	0.000	-0.49	0.71	0.01	-0.09	-0.22	0.04	0	-0.010	-0.003	-0.186	-0.005	-0.003	7.307
3.888	-0.014	-0.003	0.000	-0.47	0.64	0.01	0.36	0.11	0.14	0	-0.010	-0.003	-0.185	-0.005	-0.003	7.321
3.896	-0.015	-0.003	0.000	-0.44	0.65	0.01	0.00	-0.14	-0.16	0	-0.010	-0.003	-0.185	-0.006	-0.003	7.335
3.907	-0.014	-0.002	0.000	-0.47	0.63	0.01	-0.19	-0.25	-0.08	0	-0.011	-0.003	-0.184	-0.006	-0.003	7.349
3.918	-0.015	-0.001	0.000	-0.51	0.67	0.01	-0.03	-0.09	-0.09	0	-0.011	-0.003	-0.183	-0.006	-0.003	7.363
3.927	-0.014	-0.003	0.000	-0.43	0.62	0.01	0.05	-0.02	-0.14	0	-0.011	-0.003	-0.182	-0.007	-0.003	7.376
3.939	-0.015	-0.003	0.000	-0.42	0.63	0.01	-0.11	-0.05	0.09	0	-0.011	-0.003	-0.181	-0.007	-0.003	7.390
3.948	-0.014	-0.003	0.000	-0.45	0.62	0.01	0.05	-0.24	0.03	0	-0.011	-0.003	-0.181	-0.007	-0.003	7.404
3.958	-0.015	-0.002	0.000	-0.48	0.64	0.01	0.06	-0.07	0.06	0	-0.011	-0.003	-0.180	-0.007	-0.003	7.417
3.968	-0.016	-0.002	0.000	-0.47	0.69	0.01	0.25	0.21	0.14	0	-0.012	-0.003	-0.179	-0.008	-0.003	7.431
3.977	-0.016	-0.002	0.000	-0.46	0.68	0.01	0.06	-0.07	0.10	0	-0.012	-0.003	-0.178	-0.008	-0.003	7.445
3.989	-0.016	-0.002	0.000	-0.46	0.68	0.01	0.03	-0.45	-0.08	0	-0.012	-0.003	-0.178	-0.008	-0.003	7.458
3.996	-0.016	-0.002	0.000	-0.48	0.68	0.01	0.11	0.06	-0.10	0	-0.012	-0.002	-0.177	-0.008	-0.003	7.472
4.008	-0.015	-0.002	0.000	-0.47	0.63	0.01	-0.04	-0.07	-0.02	0	-0.013	-0.002	-0.176	-0.009	-0.003	7.485
4.012	-0.016	-0.002	0.000	-0.49	0.67	0.01	-0.02	-0.02	-0.03	0	-0.013	-0.002	-0.175	-0.009	-0.003	7.498
4.028	-0.015	-0.004	0.000	-0.41	0.59	0.01	-0.11	0.06	-0.22	0	-0.013	-0.002	-0.175	-0.009	-0.003	7.511
4.036	-0.015	-0.003	0.000	-0.45	0.59	0.01	-0.02	-0.22	0.04	0	-0.013	-0.002	-0.174	-0.009	-0.003	7.525
4.049	-0.015	-0.003	0.000	-0.42	0.60	0.01	0.09	-0.00	0.09	0	-0.013	-0.003	-0.173	-0.009	-0.003	7.538
4.059	-0.014	-0.003	0.000	-0.44	0.58	0.01	0.14	-0.25	-0.05	0	-0.013	-0.003	-0.172	-0.009	-0.003	7.551
4.068	-0.016	-0.002	0.000	-0.46	0.67	0.01	0.19	0.11	-0.04	0	-0.013	-0.003	-0.171	-0.010	-0.003	7.564
4.077	-0.015	-0.001	0.000	-0.49	0.62	0.01	0.06	0.03	0.11	0	-0.013	-0.002	-0.171	-0.010	-0.003	7.577
4.088	-0.016	-0.003	0.000	-0.44	0.65	0.01	0.17	-0.18	-0.09	0	-0.013	-0.002	-0.170	-0.010	-0.003	7.590
4.097	-0.016	-0.003	0.000	-0.42	0.63	0.01	-0.06	-0.25	-0.15	0	-0.013	-0.002	-0.169	-0.010	-0.003	7.603
4.108	-0.016	-0.002	0.000	-0.45	0.63	0.01	-0.04	-0.04	0.14	0	-0.013	-0.002	-0.168	-0.010	-0.003	7.615
4.120	-0.016	-0.002	0.000	-0.46	0.64	0.01	0.08	-0.37	-0.14	0	-0.013	-0.002	-0.168	-0.011	-0.003	7.628
4.128	-0.015	-0.001	0.000	-0.48	0.61	0.01	0.08	-0.01	0.01	0	-0.014	-0.002	-0.167	-0.011	-0.003	7.641
4.136	-0.015	-0.002	0.000	-0.45	0.60	0.01	0.16	-0.13	0.02	0	-0.014	-0.002	-0.166	-0.011	-0.003	7.653
4.146	-0.015	-0.003	0.000	-0.43	0.60	0.01	-0.16	-0.01	0.04	0	-0.014	-0.002	-0.165	-0.011	-0.003	7.666
4.154	-0.017	-0.004	0.000	-0.39	0.65	0.01	0.14	-0.21	-0.16	0	-0.014	-0.002	-0.165	-0.011	-0.003	7.678
4.168	-0.015	-0.003	0.000	-0.42	0.60	0.01	0.10	-0.17	-0.04	0	-0.014	-0.003	-0.164	-0.011	-0.003	7.691
4.178	-0.016	-0.002	0.000	-0.44	0.63	0.01	0.01	0.01	-0.01	0	-0.014	-0.002	-0.163	-0.011	-0.003	7.703
4.188	-0.016	-0.002	0.000	-0.44	0.63	0.01	0.21	-0.05	-0.21	0	-0.014	-0.002	-0.163	-0.012	-0.003	7.716
4.197	-0.014	-0.006	0.000	-0.30	0.54	0.01	-0.11	-0.05	-0.03	0	-0.014	-0.003	-0.162	-0.012	-0.003	7.728
4.209	-0.013	-0.007	0.000	-0.26	0.50	0.01	0.08	-0.08	-0.11	0	-0.014	-0.003	-0.161	-0.012	-0.004	7.740
4.218	-0.019	-0.001	0.000	-0.51	0.74	0.01	-0.00	-0.15	0.03	0	-0.014	-0.003	-0.160	-0.012	-0.003	7.752
4.228	-0.019	-0.001	0.000	-0.51	0.74	0.01	0.16	-0.17	-0.07	0	-0.014	-0.003	-0.160	-0.012	-0.003	7.764
4.238	-0.019	-0.001	0.000	-0.50	0.74	0.01	0.05	-0.03	-0.01	0	-0.015	-0.003	-0.159	-0.013	-0.003	7.776
4.247	-0.019	0.000	0.000	-0.55	0.71	0.01	0.26	0.11	0.12	0	-0.015	-0.002	-0.158	-0.013	-0.003	7.789
4.257	-0.020	0.000	0.000	-0.54	0.74	0.01	0.15	-0.17	-0.01	0	-0.016	-0.002	-0.157	-0.013	-0.003	7.800
4.268	-0.018	-0.001	0.000	-0.48	0.68	0.01	0.02	-0.15	-0.07	0	-0.016	-0.002	-0.157	-0.013	-0.003	7.812
4.276	-0.019	-0.001	0.000	-0.48	0.70	0.01	0.28	0.08	-0.07	0	-0.016	-0.002	-0.156	-0.014	-0.003	7.824
4.288	-0.020	-0.000	0.000	-0.50	0.74	0.01	0.05	0.20	0.04	0	-0.016	-0.001	-0.155	-0.014	-0.003	7.836
4.297	-0.029	-0.000	-0.000	-0.50	1.09	0.01	0.08	-0.37	0.32	0	-0.018	-0.001	-0.155	-0.015	-0.003	7.848
4.307	-0.029	-0.001	-0.000	-0.48	1.07	0.01	0.09	-0.13	-0.06	0	-0.019	-0.001	-0.154	-0.015	-0.002	7.859
4.314	-0.029	-0.001	0.000	-0.46	1.03	0.01	0.15	0.01	-0.19	0	-0.020	-0.001	-0.153	-0.016	-0.002	7.871
4.327	-0.028	-0.000	0.000	-0.48	0.98	0.01	0.07	-0.17	0.09	0	-0.021	-0.001	-0.152	-0.016	-0.002	7.883
4.336	-0.030	0.001	0.000	-0.53	1.03	0.02	0.22	-0.12	0.12	0	-0.022	-0.001	-0.152	-0.017	-0.002	7.894
4.349	-0.029	-0.001	0.000	-0.44	0.94	0.01	0.09	-0.28	-0.22	0	-0.023	-0.001	-0.151	-0.017	-0.002	7.906
4.357	-0.029	-0.001	0.000	-0.44	0.94	0.01	0.31	0.03	-0.07	0	-0.024	-0.001	-0.150	-0.018	-0.002	7.917
4.368	-0.029	0.000	0.000	-0.49	0.92	0.01	-0.17	-0.48	-0.14	0	-0.024	-0.001	-0.150	-0.018	-0.002	7.928
4.376	-0.028	-0.001	0.000	-0.44	0.88	0.01	0.03	-0.28	0.05	0	-0.025	-0.001	-0.149	-0.018	-0.002	7.940
4.388	-0.029	0.001	0.000	-0.51	0.91	0.02	0.22	0.10	-0.07	0	-0.025	-0.001	-0.148	-0.019	-0.002	7.951
4.397	-0.029	0.001	0.000	-0.51	0.89	0.01	0.18	-0.09	-0.08	36006	-0.026	-0.000	-0.148	-0.019	-0.002	7.962
4.407	-0.030	-0.001	0.000	-0.44	0.90	0.01	0.12	-0.02	-0.63	35999	-0.026	-0.000	-0.146	-0.019	-0.002	7.973
4.414	-0.028	0.001	0.000	-0.50	0.80	0.01	0.38	0.43	-0.05	35996	-0.027	-0.000	-0.145	-0.019	-0.002	7.984
4.427	-0.030	0.001	0.000	-0.51	0.87	0.01	-0.58	-0.94	0.30	36005	-0.027	0.000	-0.143	-0.020	-0.002	7.995
4.437	-0.029	0.000	0.000	-0.46	0.80	0.01	0.04	-0.97	-0.63	35986	-0.027	0.000	-0.141	-0.020	-0.002	8.006
4.448	-0.029	0.000	0.000	-0.45	0.77	0.01	-0.99	-1.15	0.15	35980	-0.027	0.000	-0.139	-0.020	-0.002	8.016
4.456	-0.029	0.000	0.000	-0.46	0.76	0.01	-0.03	0.96	-0.15	35972	-0.028	0.000	-0.136	-0.020	-0.002	8.027
4.466	-0.029	0.002	0.000	-0.51	0.75	0.01	0.24	0.98	-0.30	35984	-0.028	0.001	-0.134	-0.020	-0.002	8.037
4.475	-0.029	0.001	0.000	-0.47	0.74	0.01	-1.23	-1.57	0.80	35981	-0.028	0.001	-0.131	-0.020	-0.002	8.047
4.487	-0.028	-0.001	0.000	-0.39	0.69	0.01	0.82	0.40	0.21	35959	-0.028	0.001	-0.128	-0.020	-0.002	8.057
4.496	-0.028	-0.001	0.000	-0.39	0.70	0.02	-0.99	-0.70	0.72	35929	-0.028	0.000	-0.125	-0.020	-0.002	8.066
4.509	-0.030	-0.002	0.000	-0.36	0.75	0.02	-0.21	-1.06	0.17	35933	-0.028	0.000	-0.122	-0.020	-0.002	8.075
4.515	-0.033	-0.004	0.000	-0.29	0.85	0.02	-0.55	0.16	-1.31	35960	-0.029	-0.000	-0.119	-0.021	-0.002	8.084
4.527	-0.035	-0.008	-0.000	-0.10	0.93	0.00	-0.42	-0.80	-0.97	35998	-0.029	-0.001	-0.116	-0.021	-0.003	8.093
4.538	-0.034	-0.009	0.000	-0.11	0.88	-0.01	-2.66	-2.39	-1.71	35954	-0.030	-0.002	-0.113	-0.021	-0.003	8.102
4.546	-0.035	-0.009	0.000	-0.13	0.90	-0.03	-2.07	-1.34	-2.91	35939	-0.030	-0.003	-0.110	-0.022	-0.004	8.110
4.559	-0.035	-0.010	0.000	-0.13	0.88	-0.07	-0.89	-1.62	-4.82	35958	-0.031	-0.004	-0.107	-0.022	-0.004	8.118
4.563	-0.035	-0.010	0.000	-0.14	0.89	-0.12	0.25	0.57	-4.01	35960	-0.031	-0.005	-0.104	-0.022	-0.005	8.126
4.579	-0.036	-0.009	0.000	-0.20	0.89	-0.16	0.16	0.31	-5.59	35934	-0.032	-0.005	-0.101	-0.022	-0.005	8.134
4.588	-0.035	-0.010	0.000	-0.17	0.84	-0.23	-0.07	0.59	-11.26	35936	-0.032	-0.006	-0.098	-0.023	-0.005	8.142
4.597	-0.041	-0.011	-0.000	-0.13	1.06	-0.36	-0.30	-1.50	-16.70	38081	-0.033	-0.006	-0.095	-0.023	-0.006	8.149
4.608	-0.039	-0.012	0.000	-0.12	0.94	-0.54	-2.77	-2.67	-17.68	37978	-0.034	-0.007	-0.092	-0.023	-0.006	8.156
4.618	-0.035	-0.010	0.001	-0.26	0.82	-0.71	-1.31	-1.30	-13.08	37932	-0.034	-0.007	-0.089	-0.023	-0.006	8.163
4.628	-0.036	-0.010	0.001	-0.28	0.86	-0.82	-0.79	-1.09	-8.27	38024	-0.034	-0.008	-0.086	-0.024	-0.006	8.169
4.639	-0.038	-0.010	0.000	-0.28	0.90	-0.89	-1.54	-0.32	-6.09	38065	-0.035	-0.008	-0.083	-0.024	-0.006	8.176
4.646	-0.037	-0.009	0.000	-0.31	0.83	-0.95	0.87	0.72	-6.40	38045	-0.035	-0.008	-0.080	-0.024	-0.007	8.182
4.665	-0.034	-0.011	0.001	-0.24	0.70	-1.02	3.14	2.55	-7.67	38086	-0.035	-0.009	-0.077	-0.024	-0.007	8.187
4.667	-0.034	-0.010	0.001	-0.24	0.67	-1.11	-0.41	-0.78	-9.46	38080	-0.035	-0.009	-0.074	-0.024	-0.007	8.193
4.675	-0.034	-0.010	0.001	-0.30	0.69	-1.21	-6.86	-5.49	-10.60	38068	-0.035	-0.009	-0.071	-0.024	-0.007	8.199
4.687	-0.036	-0.011	0.000	-0.32	0.78	-1.31	-1.96	-1.99	-7.14	38174	-0.035	-0.009	-0.067	-0.024	-0.007	8.204
4.697	-0.035	-0.010	0.000	-0.35	0.75	-1.36	4.60	1.60	-1.75	38168	-0.035	-0.009	-0.064	-0.024	-0.007	8.209
4.706	-0.034	-0.010	0.001	-0.35	0.68	-1.39	0.23	0.96	-6.71	38190	-0.035	-0.009	-0.061	-0.024	-0.007	8.213
4.715	-0.034	-0.011	0.001	-0.31	0.64	-1.47	1.62	2.68	-8.52	38210	-0.034	-0.010	-0.058	-0.024	-0.007	8.218
4.724	-0.034	-0.013	0.000	-0.17	0.61	-1.55	5.13	0.74	-6.95	38207	-0.034	-0.010	-0.055	-0.024	-0.007	8.222
4.736	-0.035	-0.012	0.000	-0.17	0.60	-1.62	6.28	7.00	-8.48	38273	-0.034	-0.010	-0.052	-0.024	-0.008	8.226
4.746	-0.035	-0.010	0.000	-0.19	0.51	-1.71	4.71	5.75	-9.62	38331	-0.034	-0.010	-0.050	-0.024	-0.008	8.230
4.756	-0.034	-0.010	0.000	-0.18	0.41	-1.80	-1.40	0.89	-8.48	38208	-0.034	-0.010	-0.047	-0.024	-0.008	8.233
4.766	-0.034	-0.011	0.000	-0.17	0.40	-1.89	-3.59	1.45	-9.03	38229	-0.034	-0.010	-0.044	-0.024	-0.008	8.237
4.775	-0.034	-0.011	0.000	-0.19	0.37	-1.98	3.01	0.82	-8.09	38310	-0.034	-0.011	-0.041	-0.024	-0.008	8.240
4.783	-0.034	-0.011	0.000	-0.15	0.38	-2.06	10.38	-3.36	-7.50	38378	-0.034	-0.011	-0.038	-0.024	-0.008	8.243
4.797	-0.035	-0.011	0.000	-0.03	0.40	-2.13	7.78	12.56	-7.52	38483	-0.034	-0.011	-0.035	-0.024	-0.008	8.245
4.811	-0.034	-0.011	0.000	0.09	0.27	-2.20	7.75	6.76	-5.72	40719	-0.034	-0.011	-0.033	-0.024	-0.008	8.248
4.819	-0.035	-0.011	0.000	0.11	0.25	-2.25	-3.25	5.64	-5.19	40581	-0.034	-0.011	-0.030	-0.024	-0.008	8.250
4.825	-0.033	-0.011	0.000	0.04	0.10	-2.30	-11.60	3.10	-5.07	40485	-0.034	-0.011	-0.027	-0.024	-0.008	8.252
4.833	-0.033	-0.011	0.000	-0.07	0.08	-2.36	-12.15	-3.77	-5.66	40523	-0.034	-0.011	-0.024	-0.024	-0.008	8.254
4.847	-0.034	-0.012	0.000	-0.16	0.11	-2.41	-19.82	0.07	-5.18	40490	-0.034	-0.011	-0.021	-0.024	-0.008	8.256
4.857	-0.033	-0.012	0.000	-0.44	0.09	-2.46	-29.34	5.94	-4.07	40440	-0.034	-0.011	-0.018	-0.024	-0.008	8.257
4.867	-0.034	-0.012	0.000	-0.75	0.01	-2.50	-25.87	6.12	-3.78	40417	-0.034	-0.011	-0.015	-0.024	-0.008	8.258
4.876	-0.032	-0.018	0.001	-0.74	-0.12	-2.53	-19.71	10.10	-1.35	40347	-0.034	-0.012	-0.012	-0.024	-0.008	8.259
4.883	-0.032	-0.018	0.001	-0.97	-0.31	-2.55	-26.95	22.38	-1.63	40225	-0.033	-0.013	-0.009	-0.024	-0.009	8.260
4.896	-0.031	-0.018	0.001	-1.27	-0.57	-2.57	-24.30	21.19	-0.05	40209	-0.033	-0.014	-0.007	-0.023	-0.009	8.261
4.907	-0.028	-0.023	0.001	-1.29	-0.90	-2.56	-17.93	15.51	2.60	40321	-0.032	-0.015	-0.004	-0.023	-0.009	8.261
4.919	-0.029	-0.026	0.001	-1.34	-0.97	-2.51	-5.90	10.81	6.18	40312	-0.032	-0.016	-0.001	-0.023	-0.010	8.261
4.925	-0.028	-0.027	0.001	-1.33	-1.10	-2.45	4.79	9.69	8.10	40350	-0.032	-0.017	0.002	-0.023	-0.011	8.261
4.937	-0.028	-0.027	0.001	-1.26	-1.21	-2.35	11.89	13.85	11.91	40345	-0.031	-0.019	0.005	-0.022	-0.011	8.261
4.948	-0.028	-0.028	0.001	-1.14	-1.38	-2.23	8.35	18.42	13.64	40448	-0.031	-0.020	0.007	-0.022	-0.012	8.260
4.958	-0.028	-0.029	0.001	-1.04	-1.52	-2.10	6.00	4.97	12.67	40439	-0.031	-0.021	0.010	-0.022	-0.013	8.260
4.966	-0.029	-0.031	0.001	-0.93	-1.46	-1.96	1.05	-15.38	13.70	40431	-0.031	-0.022	0.013	-0.022	-0.013	8.259
4.975	-0.024	-0.029	0.002	-1.07	-1.47	-1.83	-3.02	-19.95	14.19	40378	-0.030	-0.023	0.016	-0.021	-0.014	8.258
4.983	-0.023	-0.029	0.001	-1.11	-1.29	-1.68	-7.23	-18.23	13.98	40345	-0.029	-0.024	0.018	-0.021	-0.014	8.256
4.998	-0.024	-0.030	0.002	-1.18	-1.07	-1.54	-17.10	-15.68	13.67	40463	-0.029	-0.025	0.021	-0.021	-0.014	8.255
5.006	-0.024	-0.029	0.002	-1.46	-0.90	-1.42	-25.41	-12.14	11.28	40385	-0.028	-0.025	0.024	-0.020	-0.015	8.253
5.017	-0.027	-0.031	0.002	-1.66	-0.67	-1.30	-25.94	-12.77	8.54	42387	-0.028	-0.026	0.026	-0.020	-0.015	8.251
5.025	-0.021	-0.029	0.003	-1.99	-0.76	-1.23	-21.40	-11.68	6.75	42370	-0.027	-0.026	0.029	-0.020	-0.015	8.249
5.036	-0.017	-0.027	0.002	-2.29	-0.79	-1.16	-19.81	-5.49	6.82	42565	-0.026	-0.027	0.032	-0.019	-0.015	8.247
5.048	-0.012	-0.028	0.002	-2.43	-0.92	-1.08	-9.46	-1.68	7.54	42602	-0.024	-0.027	0.034	-0.018	-0.015	8.245
5.056	-0.011	-0.027	0.002	-2.56	-0.89	-1.01	-6.11	-9.13	8.32	42543	-0.023	-0.027	0.037	-0.018	-0.015	8.242
5.064	-0.011	-0.028	0.003	-2.54	-0.73	-0.91	0.34	-18.40	9.22	42452	-0.021	-0.027	0.040	-0.017	-0.015	8.239
5.077	-0.009	-0.031	0.002	-2.38	-0.57	-0.78	10.65	-20.03	8.96	42573	-0.020	-0.027	0.042	-0.016	-0.016	8.236
5.084	-0.006	-0.030	0.002	-2.29	-0.45	-0.68	15.82	-21.49	7.80	42548	-0.018	-0.028	0.045	-0.015	-0.016	8.233
5.093	-0.006	-0.032	0.003	-2.08	-0.19	-0.60	16.33	-30.74	7.00	42457	-0.017	-0.028	0.048	-0.014	-0.016	8.230
5.107	-0.007	-0.028	0.004	-2.04	0.22	-0.54	19.23	-34.85	7.65	42360	-0.015	-0.028	0.050	-0.014	-0.016	8.226
5.118	-0.009	-0.032	0.005	-1.68	0.71	-0.45	24.65	-35.40	7.13	42216	-0.014	-0.028	0.053	-0.013	-0.016	8.222
5.126	-0.015	-0.039	0.004	-1.15	1.29	-0.36	29.18	-33.29	7.13	42447	-0.014	-0.029	0.056	-0.014	-0.017	8.218
5.137	-0.013	-0.036	0.004	-0.98	1.59	-0.29	32.26	-33.66	8.31	42330	-0.014	-0.030	0.059	-0.013	-0.017	8.214
5.144	-0.019	-0.039	0.005	-0.55	2.14	-0.21	32.93	-33.68	9.81	42317	-0.014	-0.031	0.061	-0.014	-0.018	8.210
5.157	-0.022	-0.041	0.005	-0.13	2.65	-0.11	33.34	-38.08	11.69	42382	-0.015	-0.032	0.064	-0.014	-0.019	8.206
5.167	-0.023	-0.039	0.004	0.07	3.06	-0.00	32.38	-40.98	13.43	42685	-0.016	-0.033	0.066	-0.015	-0.019	8.201
5.177	-0.026	-0.034	0.004	0.18	3.58	0.11	27.45	-35.80	13.20	42681	-0.017	-0.033	0.069	-0.016	-0.019	8.196
5.185	-0.025	-0.034	0.005	0.40	3.82	0.25	18.40	-19.11	11.92	42655	-0.017	-0.033	0.071	-0.016	-0.019	8.191
5.198	-0.029	-0.036	0.005	0.65	4.12	0.34	9.81	-2.20	11.70	42776	-0.018	-0.033	0.074	-0.017	-0.020	8.186
5.207	-0.029	-0.036	0.003	0.70	4.06	0.46	-0.54	18.31	11.36	42761	-0.019	-0.033	0.076	-0.018	-0.020	8.180
5.218	-0.030	-0.035	0.004	0.59	3.81	0.59	-11.72	32.24	10.94	43122	-0.020	-0.033	0.078	-0.019	-0.020	8.174
5.227	-0.036	-0.038	0.003	0.56	3.65	0.67	-21.07	44.71	9.05	45359	-0.022	-0.034	0.081	-0.020	-0.020	8.169
5.235	-0.034	-0.034	0.004	0.13	3.05	0.78	-23.19	56.46	5.78	45216	-0.023	-0.034	0.083	-0.020	-0.020	8.163
5.249	-0.034	-0.034	0.005	-0.10	2.45	0.83	-28.49	60.90	4.29	45189	-0.024	-0.034	0.086	-0.021	-0.020	8.156
5.251	-0.033	-0.032	0.004	-0.50	1.73	0.89	-32.59	60.87	4.06	45367	-0.025	-0.033	0.088	-0.022	-0.020	8.150
5.266	-0.034	-0.034	0.005	-0.71	1.12	0.91	-25.26	60.13	5.86	45282	-0.026	-0.033	0.091	-0.022	-0.020	8.144
5.276	-0.033	-0.033	0.005	-0.97	0.48	0.97	-12.60	57.52	6.68	45153	-0.026	-0.033	0.093	-0.023	-0.020	8.137
5.287	-0.033	-0.033	0.006	-1.06	-0.15	1.03	-2.46	53.48	5.63	45026	-0.027	-0.033	0.096	-0.023	-0.020	8.130
5.293	-0.034	-0.032	0.010	-1.04	-0.67	1.07	7.48	48.26	4.15	44396	-0.028	-0.033	0.099	-0.023	-0.020	8.123
5.306	-0.034	-0.032	0.011	-0.97	-1.15	1.10	15.38	35.89	2.68	44263	-0.028	-0.033	0.103	-0.024	-0.020	8.116
5.318	-0.035	-0.032	0.012	-0.78	-1.47	1.12	25.86	25.44	1.50	44093	-0.029	-0.032	0.106	-0.024	-0.020	8.109
5.326	-0.034	-0.030	0.013	-0.54	-1.73	1.13	32.01	15.81	-0.14	43943	-0.030	-0.032	0.109	-0.024	-0.020	8.102
5.337	-0.034	-0.029	0.015	-0.24	-1.88	1.13	32.71	9.95	-1.38	43807	-0.030	-0.031	0.113	-0.025	-0.020	8.095
5.345	-0.035	-0.029	0.017	0.04	-1.99	1.11	26.23	8.96	-3.58	43401	-0.031	-0.031	0.116	-0.025	-0.019	8.087
5.352	-0.035	-0.028	0.018	0.27	-2.11	1.07	20.40	9.31	-5.09	43329	-0.031	-0.030	0.120	-0.025	-0.019	8.079
5.368	-0.035	-0.027	0.019	0.42	-2.19	1.01	8.53	6.38	-6.61	43293	-0.032	-0.030	0.123	-0.025	-0.019	8.071
5.376	-0.035	-0.025	0.020	0.40	-2.28	0.94	-3.93	1.92	-7.84	43299	-0.032	-0.029	0.126	-0.026	-0.019	8.063
5.386	-0.035	-0.024	0.026	0.29	-2.28	0.86	-15.26	-3.07	-7.90	42469	-0.032	-0.028	0.130	-0.026	-0.019	8.055
5.397	-0.036	-0.024	0.028	0.11	-2.23	0.78	-22.19	-8.98	-7.13	42429	-0.033	-0.028	0.134	-0.026	-0.018	8.047
5.402	-0.035	-0.025	0.029	-0.04	-2.17	0.72	-23.00	-11.23	-6.11	42319	-0.033	-0.027	0.138	-0.026	-0.018	8.039
5.417	-0.035	-0.025	0.031	-0.27	-2.05	0.67	-18.35	-12.73	-4.33	42231	-0.034	-0.027	0.142	-0.026	-0.018	8.031
5.428	-0.035	-0.024	0.034	-0.43	-1.91	0.63	-9.75	-14.85	-3.32	42165	-0.034	-0.026	0.146	-0.026	-0.018	8.022
5.435	-0.037	-0.024	0.035	-0.52	-1.70	0.60	-3.39	-17.02	-2.24	43941	-0.034	-0.026	0.149	-0.026	-0.018	8.014
5.448	-0.034	-0.025	0.037	-0.49	-1.63	0.59	-0.33	-17.15	-2.03	43901	-0.034	-0.025	0.153	-0.026	-0.018	8.005
5.452	-0.036	-0.022	0.038	-0.56	-1.40	0.57	2.87	-13.63	-1.28	43918	-0.035	-0.025	0.157	-0.027	-0.018	7.996
5.467	-0.038	-0.019	0.040	-0.65	-1.21	0.54	2.44	-6.74	-1.36	43961	-0.035	-0.024	0.160	-0.027	-0.017	7.987
5.477	-0.038	-0.019	0.046	-0.58	-1.19	0.53	3.15	2.58	-0.95	43216	-0.036	-0.023	0.164	-0.027	-0.017	7.978
5.485	-0.037	-0.018	0.047	-0.58	-1.25	0.52	5.29	10.17	0.40	43186	-0.036	-0.022	0.169	-0.027	-0.017	7.968
5.495	-0.037	-0.017	0.049	-0.51	-1.38	0.53	10.84	14.57	1.10	43153	-0.037	-0.021	0.173	-0.027	-0.016	7.959
5.502	-0.036	-0.017	0.051	-0.39	-1.58	0.53	17.17	13.65	1.36	43128	-0.037	-0.021	0.176	-0.027	-0.016	7.950
5.517	-0.036	-0.017	0.055	-0.16	-1.70	0.56	19.80	6.53	2.13	42702	-0.037	-0.020	0.181	-0.027	-0.016	7.940
5.526	-0.034	-0.015	0.057	-0.02	-1.80	0.56	21.19	-3.77	2.83	42771	-0.037	-0.019	0.185	-0.027	-0.015	7.930
5.537	-0.034	-0.015	0.058	0.21	-1.74	0.60	20.58	-10.19	3.30	42789	-0.037	-0.018	0.189	-0.026	-0.015	7.920
5.546	-0.032	-0.013	0.060	0.38	-1.68	0.62	17.09	-11.90	2.66	42824	-0.037	-0.017	0.192	-0.026	-0.015	7.910
5.558	-0.032	-0.012	0.062	0.54	-1.56	0.64	14.92	-11.91	1.76	42804	-0.037	-0.016	0.196	-0.026	-0.015	7.900
5.567	-0.031	-0.012	0.064	0.72	-1.49	0.67	13.09	-9.02	1.20	42670	-0.036	-0.015	0.200	-0.025	-0.014	7.890
5.577	-0.029	-0.011	0.066	0.83	-1.44	0.67	11.22	-9.52	1.39	42651	-0.036	-0.015	0.203	-0.025	-0.014	7.880
5.586	-0.028	-0.011	0.068	0.95	-1.35	0.68	11.86	-11.94	1.64	42663	-0.035	-0.014	0.207	-0.024	-0.014	7.869
5.596	-0.028	-0.011	0.069	1.09	-1.21	0.70	9.41	-16.43	1.29	42687	-0.035	-0.013	0.210	-0.024	-0.014	7.858
5.608	-0.026	-0.008	0.073	1.11	-1.11	0.69	3.28	-21.21	0.98	42375	-0.034	-0.012	0.214	-0.023	-0.013	7.848
5.618	-0.025	-0.008	0.075	1.13	-0.88	0.70	2.12	-26.69	0.79	42437	-0.033	-0.012	0.217	-0.023	-0.013	7.837
5.627	-0.024	-0.008	0.076	1.16	-0.63	0.70	-0.54	-29.49	0.35	42471	-0.032	-0.011	0.221	-0.022	-0.013	7.826
5.638	-0.023	-0.007	0.078	1.16	-0.32	0.70	-2.59	-27.90	0.61	44579	-0.031	-0.010	0.224	-0.022	-0.013	7.815
5.645	-0.021	-0.007	0.080	1.15	-0.10	0.70	-3.06	-25.49	0.03	44634	-0.030	-0.010	0.227	-0.021	-0.013	7.804
5.655	-0.020	-0.007	0.082	1.14	0.17	0.70	-0.23	-24.59	0.80	44579	-0.029	-0.009	0.231	-0.020	-0.012	7.792
5.666	-0.019	-0.006	0.083	1.14	0.38	0.70	2.03	-24.60	2.00	44643	-0.028	-0.009	0.234	-0.020	-0.012	7.781
5.677	-0.018	-0.006	0.085	1.17	0.63	0.72	4.49	-26.52	2.99	44694	-0.027	-0.008	0.237	-0.019	-0.012	7.769
5.687	-0.017	-0.006	0.087	1.24	0.87	0.75	5.00	-27.32	4.09	44729	-0.026	-0.008	0.241	-0.018	-0.012	7.758
5.697	-0.016	-0.005	0.092	1.28	1.17	0.78	5.17	-25.98	3.84	44140	-0.025	-0.007	0.244	-0.018	-0.012	7.746
5.707	-0.015	-0.006	0.093	1.35	1.40	0.81	4.05	-23.79	3.55	44154	-0.024	-0.007	0.248	-0.017	-0.012	7.734
5.717	-0.014	-0.005	0.095	1.37	1.66	0.84	1.87	-20.48	3.13	44155	-0.023	-0.006	0.252	-0.016	-0.012	7.722
5.725	-0.013	-0.005	0.097	1.39	1.80	0.86	-1.72	-15.11	2.68	44167	-0.022	-0.006	0.255	-0.016	-0.012	7.710
5.737	-0.012	-0.005	0.100	1.38	1.97	0.89	-4.63	-9.14	1.59	43858	-0.020	-0.006	0.259	-0.015	-0.011	7.698
5.745	-0.011	-0.005	0.102	1.33	2.01	0.89	-6.85	-5.00	0.65	43887	-0.019	-0.006	0.262	-0.015	-0.011	7.686
5.754	-0.010	-0.004	0.103	1.24	2.06	0.90	-9.98	0.40	-0.47	43905	-0.018	-0.005	0.266	-0.014	-0.011	7.674
5.767	-0.009	-0.005	0.105	1.15	2.03	0.89	-12.39	6.43	-0.74	43922	-0.017	-0.005	0.269	-0.014	-0.011	7.661
5.776	-0.009	-0.005	0.104	1.02	1.95	0.89	-13.28	11.51	-1.24	43952	-0.016	-0.005	0.272	-0.013	-0.011	7.649
5.788	-0.008	-0.005	0.106	0.90	1.80	0.87	-12.23	15.58	-1.59	44489	-0.015	-0.005	0.275	-0.013	-0.011	7.636
5.798	-0.007	-0.005	0.107	0.78	1.63	0.86	-10.19	17.93	-2.31	44532	-0.014	-0.005	0.277	-0.012	-0.011	7.623
5.804	-0.007	-0.004	0.109	0.68	1.44	0.83	-8.46	17.12	-2.42	44573	-0.013	-0.005	0.280	-0.012	-0.011	7.610
5.817	-0.006	-0.005	0.110	0.61	1.25	0.81	-7.83	17.73	-3.27	44614	-0.012	-0.005	0.283	-0.011	-0.011	7.597
5.827	-0.005	-0.005	0.111	0.54	1.09	0.77	-7.23	15.56	-3.44	44797	-0.011	-0.005	0.285	-0.011	-0.011	7.584
5.836	-0.005	-0.004	0.112	0.45	0.93	0.74	-6.80	13.90	-3.01	44827	-0.010	-0.005	0.288	-0.010	-0.011	7.570
5.843	-0.004	-0.004	0.113	0.39	0.83	0.72	-6.42	8.80	-2.92	44843	-0.009	-0.005	0.290	-0.010	-0.011	7.557
5.853	-0.004	-0.005	0.114	0.34	0.75	0.68	-6.67	3.57	-3.30	47048	-0.008	-0.005	0.293	-0.010	-0.011	7.543
5.861	-0.003	-0.004	0.115	0.27	0.73	0.65	-6.51	-1.77	-2.98	47083	-0.007	-0.005	0.295	-0.009	-0.011	7.530
5.878	-0.003	-0.005	0.117	0.20	0.78	0.62	-6.62	-6.63	-3.24	47150	-0.006	-0.005	0.298	-0.009	-0.011	7.516
5.886	-0.002	-0.004	0.118	0.12	0.86	0.58	-5.95	-10.44	-3.78	47181	-0.005	-0.005	0.301	-0.009	-0.011	7.502
5.896	-0.001	-0.004	0.119	0.07	0.96	0.54	-6.86	-11.64	-4.18	47180	-0.005	-0.005	0.303	-0.009	-0.011	7.488
5.908	-0.001	-0.004	0.120	0.00	1.08	0.50	-5.96	-13.38	-4.24	47162	-0.004	-0.005	0.306	-0.009	-0.011	7.474
5.917	-0.001	-0.004	0.119	-0.06	1.21	0.46	-6.66	-12.47	-3.93	47757	-0.003	-0.005	0.308	-0.008	-0.011	7.460
5.928	0.001	-0.004	0.120	-0.13	1.30	0.41	-8.05	-10.27	-3.53	47725	-0.002	-0.005	0.310	-0.008	-0.011	7.445
5.937	0.001	-0.004	0.121	-0.21	1.39	0.38	-7.24	-5.27	-3.70	47667	-0.001	-0.005	0.312	-0.008	-0.011	7.431
5.947	0.002	-0.004	0.122	-0.26	1.42	0.34	-4.95	-0.98	-3.12	47611	-0.000	-0.005	0.315	-0.008	-0.011	7.416
5.956	0.002	-0.004	0.123	-0.26	1.42	0.34	-3.53	3.69	-3.62	47391	0.000	-0.005	0.317	-0.008	-0.011	7.401
5.963	0.002	-0.004	0.124	-0.30	1.40	0.31	-1.90	9.01	-3.82	47312	0.001	-0.005	0.319	-0.008	-0.011	7.387
5.976	0.003	-0.004	0.127	-0.34	1.24	0.24	-0.54	12.15	-3.77	47215	0.002	-0.005	0.322	-0.008	-0.010	7.372
5.985	0.003	-0.004	0.128	-0.33	1.11	0.20	1.15	12.88	-3.43	47116	0.002	-0.005	0.325	-0.008	-0.010	7.357
5.996	0.003	-0.004	0.130	-0.32	0.98	0.16	2.14	12.85	-3.28	47013	0.003	-0.005	0.327	-0.008	-0.010	7.342
6.006	0.003	-0.004	0.130	-0.31	0.97	0.16	2.78	11.80	-3.00	46765	0.004	-0.005	0.330	-0.008	-0.010	7.327
6.017	0.004	-0.005	0.132	-0.27	0.83	0.13	3.47	9.02	-2.89	46640	0.004	-0.005	0.332	-0.008	-0.010	7.312
6.027	0.004	-0.004	0.135	-0.24	0.68	0.08	3.56	6.83	-2.46	46507	0.005	-0.005	0.335	-0.008	-0.010	7.296
6.035	0.005	-0.004	0.135	-0.23	0.65	0.07	3.05	3.38	-2.44	46360	0.005	-0.005	0.338	-0.008	-0.010	7.281
6.047	0.006	-0.005	0.136	-0.16	0.55	0.04	2.89	1.08	-2.55	46321	0.006	-0.005	0.340	-0.008	-0.010	7.265
6.058	0.007	-0.005	0.137	-0.13	0.53	0.02	1.37	-1.21	-2.83	46189	0.007	-0.005	0.342	-0.008	-0.010	7.250
6.065	0.007	-0.005	0.139	-0.11	0.53	-0.01	0.68	-2.65	-3.53	48149	0.007	-0.005	0.345	-0.008	-0.010	7.234
6.072	0.008	-0.005	0.141	-0.09	0.55	-0.04	0.36	-5.47	-3.52	48024	0.008	-0.005	0.348	-0.008	-0.010	7.219
6.087	0.008	-0.005	0.143	-0.09	0.60	-0.07	-0.63	-4.55	-3.84	47897	0.009	-0.005	0.350	-0.008	-0.010	7.203
6.097	0.008	-0.005	0.145	-0.09	0.65	-0.11	0.03	-5.12	-4.42	47647	0.009	-0.005	0.353	-0.008	-0.010	7.187
6.105	0.008	-0.004	0.147	-0.13	0.71	-0.15	0.87	-4.30	-4.26	47509	0.010	-0.005	0.356	-0.008	-0.010	7.171
6.117	0.008	-0.004	0.149	-0.10	0.76	-0.19	0.65	-2.51	-4.88	47356	0.010	-0.005	0.359	-0.008	-0.010	7.155
6.127	0.008	-0.004	0.151	-0.11	0.80	-0.24	1.55	-0.99	-4.68	47190	0.010	-0.005	0.362	-0.008	-0.010	7.139
6.137	0.008	-0.004	0.152	-0.10	0.82	-0.29	1.62	1.19	-5.30	47243	0.011	-0.005	0.364	-0.008	-0.010	7.123
6.147	0.008	-0.001	0.154	-0.17	0.83	-0.32	1.24	3.53	-5.83	47080	0.011	-0.004	0.367	-0.009	-0.010	7.107
6.153	0.008	-0.000	0.156	-0.17	0.81	-0.38	2.65	3.70	-4.83	46911	0.012	-0.004	0.370	-0.009	-0.010	7.091
6.164	0.009	-0.001	0.158	-0.14	0.77	-0.43	4.05	4.18	-5.40	46727	0.012	-0.003	0.373	-0.009	-0.009	7.074
6.177	0.009	-0.000	0.160	-0.10	0.73	-0.48	5.17	4.26	-5.77	46549	0.012	-0.003	0.376	-0.009	-0.009	7.058
6.185	0.009	0.000	0.162	-0.07	0.69	-0.54	7.63	4.17	-5.75	46371	0.012	-0.002	0.379	-0.009	-0.009	7.042
6.194	0.009	0.001	0.164	-0.01	0.64	-0.60	7.96	3.50	-5.77	46185	0.013	-0.002	0.381	-0.010	-0.009	7.025
6.205	0.010	0.001	0.167	0.07	0.60	-0.65	7.33	2.15	-5.46	46003	0.013	-0.002	0.384	-0.010	-0.009	7.009
6.215	0.010	0.001	0.166	0.15	0.57	-0.71	8.45	0.63	-5.55	45842	0.013	-0.001	0.387	-0.010	-0.008	6.992
6.229	0.010	0.001	0.168	0.23	0.55	-0.76	8.66	-0.63	-6.00	46303	0.014	-0.001	0.389	-0.011	-0.008	6.975
6.237	0.010	0.001	0.170	0.34	0.54	-0.82	7.23	-1.57	-6.14	46157	0.014	-0.001	0.392	-0.011	-0.008	6.958
6.246	0.009	0.000	0.173	0.44	0.58	-0.88	6.27	-0.91	-6.47	46018	0.014	-0.001	0.394	-0.011	-0.008	6.942
6.256	0.009	-0.002	0.175	0.59	0.59	-0.95	4.09	0.07	-6.61	45875	0.014	-0.001	0.397	-0.011	-0.008	6.925
6.266	0.008	-0.002	0.173	0.63	0.65	-1.02	1.71	0.39	-6.73	48653	0.014	-0.001	0.399	-0.012	-0.008	6.908
6.272	0.008	-0.000	0.175	0.61	0.64	-1.08	-1.36	1.65	-6.31	48534	0.014	-0.001	0.401	-0.012	-0.008	6.890
6.281	0.008	-0.003	0.177	0.69	0.62	-1.15	-3.53	3.23	-6.20	48432	0.014	-0.001	0.403	-0.013	-0.008	6.873
6.300	0.008	-0.003	0.179	0.67	0.59	-1.22	-5.47	4.78	-5.83	48313	0.014	-0.001	0.406	-0.013	-0.009	6.856
6.306	0.008	-0.003	0.180	0.61	0.55	-1.27	-6.30	6.77	-5.79	48164	0.014	-0.002	0.408	-0.014	-0.009	6.839
6.317	0.008	-0.007	0.182	0.69	0.49	-1.34	-7.18	7.67	-5.50	48274	0.014	-0.002	0.411	-0.014	-0.009	6.821
6.325	0.008	-0.008	0.185	0.62	0.42	-1.40	-7.67	7.35	-4.89	48114	0.014	-0.003	0.413	-0.014	-0.009	6.804
6.333	0.008	-0.008	0.187	0.54	0.34	-1.45	-7.73	6.89	-4.59	47942	0.013	-0.004	0.416	-0.015	-0.010	6.787
6.346	0.008	-0.008	0.189	0.46	0.26	-1.50	-7.63	6.37	-4.11	47774	0.013	-0.004	0.418	-0.015	-0.010	6.769
6.356	0.008	-0.008	0.190	0.38	0.19	-1.54	-7.16	5.98	-4.22	47864	0.013	-0.005	0.421	-0.016	-0.010	6.752
6.364	0.007	-0.008	0.192	0.29	0.13	-1.58	-7.38	5.21	-4.21	47679	0.013	-0.006	0.424	-0.016	-0.010	6.734
6.375	0.007	-0.009	0.195	0.23	0.07	-1.62	-5.38	3.70	-3.44	47484	0.013	-0.006	0.426	-0.017	-0.010	6.717
6.382	0.007	-0.009	0.197	0.17	0.02	-1.66	-2.95	3.02	-2.95	47286	0.013	-0.007	0.429	-0.017	-0.011	6.699
6.396	0.007	-0.009	0.198	0.12	-0.01	-1.69	-2.44	2.62	-3.33	47367	0.013	-0.007	0.432	-0.017	-0.011	6.681
6.406	0.007	-0.011	0.201	0.14	-0.05	-1.73	-2.34	1.68	-2.58	47165	0.013	-0.008	0.434	-0.018	-0.011	6.664
6.415	0.007	-0.015	0.203	0.22	-0.07	-1.76	-2.68	1.03	-2.03	46968	0.013	-0.009	0.437	-0.018	-0.011	6.646
6.427	0.007	-0.016	0.206	0.19	-0.08	-1.78	-3.55	0.97	-1.90	46768	0.013	-0.010	0.440	-0.018	-0.012	6.628
6.437	0.007	-0.015	0.208	0.14	-0.08	-1.80	-3.85	0.00	-1.01	46554	0.012	-0.011	0.443	-0.019	-0.012	6.610
6.445	0.007	-0.016	0.211	0.11	-0.09	-1.81	-5.20	0.21	-0.80	46383	0.012	-0.012	0.445	-0.019	-0.012	6.593
6.456	0.007	-0.017	0.214	0.06	-0.09	-1.82	-7.22	1.13	-0.45	46184	0.012	-0.012	0.448	-0.020	-0.013	6.575
6.466	0.007	-0.017	0.216	-0.01	-0.11	-1.83	-8.82	1.32	-0.61	45989	0.012	-0.013	0.451	-0.020	-0.013	6.557
6.474	0.007	-0.017	0.219	-0.10	-0.13	-1.84	-9.35	1.48	-0.40	47869	0.012	-0.014	0.454	-0.020	-0.013	6.539
6.483	0.007	-0.017	0.224	-0.21	-0.14	-1.84	-10.05	2.64	-0.30	47302	0.012	-0.015	0.457	-0.021	-0.013	6.522
6.495	0.006	-0.015	0.227	-0.36	-0.14	-1.85	-9.98	2.99	-0.32	47115	0.011	-0.015	0.461	-0.021	-0.013	6.504
6.507	0.000	-0.012	0.230	-0.55	-0.04	-1.84	-8.46	2.01	0.25	46930	0.011	-0.015	0.464	-0.022	-0.013	6.486
6.515	-0.000	-0.011	0.233	-0.65	-0.06	-1.84	-7.33	1.84	0.42	46728	0.010	-0.015	0.467	-0.023	-0.013	6.468
6.524	-0.000	-0.012	0.238	-0.73	-0.08	-1.84	-3.93	1.90	0.61	46517	0.009	-0.014	0.471	-0.023	-0.013	6.451
6.537	-0.000	-0.012	0.241	-0.78	-0.11	-1.83	-1.12	2.18	0.57	45952	0.008	-0.014	0.475	-0.024	-0.013	6.433
6.546	-0.000	-0.013	0.245	-0.78	-0.14	-1.83	2.34	2.62	0.63	45731	0.008	-0.014	0.478	-0.025	-0.012	6.415
6.558	-0.001	-0.013	0.248	-0.77	-0.16	-1.82	5.02	2.92	0.72	45515	0.007	-0.014	0.482	-0.025	-0.012	6.397
6.565	-0.001	-0.012	0.251	-0.76	-0.18	-1.81	8.01	2.68	1.08	45308	0.006	-0.014	0.485	-0.026	-0.012	6.380
6.575	-0.001	-0.012	0.255	-0.69	-0.21	-1.81	9.66	3.16	0.78	45059	0.006	-0.014	0.489	-0.026	-0.012	6.362
6.583	-0.002	-0.012	0.258	-0.61	-0.23	-1.80	10.96	2.47	0.77	44842	0.005	-0.014	0.493	-0.027	-0.012	6.344
6.596	-0.001	-0.015	0.262	-0.45	-0.28	-1.79	10.69	1.35	1.06	44636	0.005	-0.014	0.496	-0.027	-0.012	6.326
6.606	-0.002	-0.015	0.265	-0.33	-0.29	-1.78	10.73	1.65	1.12	44442	0.004	-0.015	0.500	-0.027	-0.012	6.309
6.618	-0.003	-0.017	0.269	-0.18	-0.30	-1.77	8.63	0.69	1.06	44225	0.004	-0.015	0.503	-0.028	-0.012	6.291
6.625	-0.011	-0.009	0.272	-0.25	-0.13	-1.76	6.26	-0.10	1.26	44056	0.002	-0.014	0.506	-0.029	-0.012	6.273
6.636	-0.011	-0.009	0.276	-0.20	-0.14	-1.75	3.69	-0.85	1.36	43884	0.001	-0.014	0.510	-0.030	-0.011	6.255
6.646	-0.012	-0.009	0.279	-0.15	-0.13	-1.74	0.53	0.22	1.69	43719	-0.001	-0.013	0.513	-0.031	-0.011	6.238
6.655	-0.012	-0.008	0.284	-0.14	-0.14	-1.72	-1.28	2.00	1.67	43563	-0.002	-0.013	0.517	-0.031	-0.011	6.220
6.666	-0.013	-0.007	0.287	-0.16	-0.14	-1.71	-3.00	3.88	1.68	43247	-0.003	-0.012	0.520	-0.032	-0.010	6.202
6.677	-0.013	-0.007	0.291	-0.18	-0.17	-1.69	-3.35	6.28	0.82	43084	-0.004	-0.012	0.523	-0.033	-0.010	6.185
6.679	-0.014	-0.007	0.294	-0.21	-0.22	-1.68	-2.88	7.73	0.85	45047	-0.005	-0.011	0.527	-0.033	-0.010	6.167
6.695	-0.014	-0.007	0.298	-0.24	-0.29	-1.67	-0.60	8.52	1.99	44933	-0.006	-0.011	0.530	-0.034	-0.009	6.149
6.705	-0.015	-0.007	0.302	-0.26	-0.37	-1.66	0.83	9.31	1.29	44793	-0.007	-0.010	0.534	-0.034	-0.009	6.132
6.717	-0.015	-0.006	0.305	-0.26	-0.46	-1.64	4.68	8.85	2.52	44674	-0.008	-0.010	0.537	-0.035	-0.009	6.114
6.727	-0.016	-0.006	0.309	-0.23	-0.55	-1.62	6.84	8.13	2.35	44546	-0.009	-0.009	0.540	-0.035	-0.009	6.097
6.733	-0.021	-0.005	0.312	-0.19	-0.56	-1.60	6.57	7.69	1.09	44434	-0.010	-0.009	0.544	-0.036	-0.008	6.079
6.747	-0.021	-0.005	0.316	-0.13	-0.65	-1.58	9.32	6.21	2.94	44327	-0.012	-0.008	0.547	-0.037	-0.008	6.062
6.755	-0.021	-0.004	0.319	-0.05	-0.72	-1.56	9.23	5.70	1.55	44202	-0.013	-0.008	0.550	-0.037	-0.008	6.044
6.767	-0.021	-0.004	0.323	0.04	-0.79	-1.54	9.66	3.17	1.57	44088	-0.014	-0.007	0.554	-0.038	-0.007	6.027
6.776	-0.021	-0.004	0.326	0.14	-0.84	-1.52	8.95	2.03	1.48	43983	-0.015	-0.007	0.557	-0.038	-0.007	6.009
6.783	-0.021	-0.003	0.330	0.23	-0.86	-1.51	7.77	1.00	1.15	43878	-0.016	-0.007	0.560	-0.039	-0.007	5.992
6.797	-0.021	-0.003	0.334	0.32	-0.88	-1.49	5.79	0.22	0.85	43732	-0.017	-0.006	0.563	-0.039	-0.007	5.974
6.805	-0.022	-0.003	0.337	0.39	-0.89	-1.48	5.51	-0.07	1.65	43620	-0.017	-0.006	0.567	-0.039	-0.007	5.957
6.816	-0.023	-0.003	0.341	0.45	-0.88	-1.47	1.96	0.26	0.20	43526	-0.018	-0.006	0.570	-0.040	-0.006	5.939
6.825	-0.023	-0.003	0.344	0.49	-0.88	-1.46	0.19	1.41	0.45	43430	-0.019	-0.005	0.573	-0.040	-0.006	5.922
6.830	-0.024	-0.003	0.347	0.50	-0.88	-1.45	-1.12	1.80	1.27	43436	-0.020	-0.005	0.576	-0.040	-0.006	5.905
6.841	-0.024	-0.003	0.350	0.49	-0.90	-1.45	-2.02	2.67	1.45	43363	-0.021	-0.005	0.579	-0.041	-0.006	5.887
6.855	-0.025	-0.003	0.353	0.48	-0.91	-1.43	-2.49	2.10	1.64	43285	-0.021	-0.004	0.582	-0.041	-0.006	5.870
6.866	-0.026	-0.002	0.357	0.45	-0.94	-1.42	-3.04	1.76	1.43	43197	-0.022	-0.004	0.585	-0.041	-0.006	5.853
6.876	-0.026	-0.005	0.363	0.46	-0.97	-1.40	-4.10	0.70	1.56	43116	-0.023	-0.004	0.588	-0.041	-0.006	5.836
6.886	-0.026	-0.007	0.366	0.46	-0.98	-1.38	-3.27	-0.78	1.59	44594	-0.024	-0.005	0.591	-0.041	-0.006	5.818
6.894	-0.026	-0.008	0.369	0.44	-0.99	-1.36	-2.42	-1.44	1.51	44543	-0.024	-0.005	0.594	-0.041	-0.006	5.801
6.906	-0.025	-0.008	0.373	0.41	-1.00	-1.35	-3.12	-0.99	1.83	44613	-0.025	-0.006	0.598	-0.042	-0.006	5.784
6.917	-0.023	-0.011	0.376	0.44	-1.01	-1.33	-2.16	-0.70	2.21	44557	-0.025	-0.006	0.601	-0.041	-0.007	5.767
6.925	-0.026	-0.014	0.378	0.45	-0.97	-1.30	-1.74	-0.04	2.03	44742	-0.025	-0.007	0.604	-0.041	-0.007	5.750
6.934	-0.026	-0.014	0.381	0.43	-0.97	-1.28	-2.68	-0.76	2.04	44691	-0.026	-0.008	0.606	-0.041	-0.008	5.733
6.943	-0.026	-0.015	0.384	0.41	-0.96	-1.26	-1.84	-1.33	1.96	44635	-0.026	-0.009	0.609	-0.041	-0.008	5.716
6.951	-0.026	-0.015	0.387	0.38	-0.95	-1.25	-2.50	-1.48	1.94	44561	-0.027	-0.010	0.612	-0.041	-0.008	5.699
6.966	-0.026	-0.015	0.389	0.36	-0.95	-1.23	-1.75	-2.35	1.74	44490	-0.027	-0.011	0.615	-0.041	-0.009	5.682
6.976	-0.024	-0.015	0.392	0.33	-0.95	-1.21	-3.00	-3.35	2.02	44588	-0.027	-0.011	0.617	-0.041	-0.009	5.665
6.986	-0.024	-0.015	0.395	0.30	-0.93	-1.19	-2.51	-4.25	2.07	44512	-0.027	-0.012	0.620	-0.041	-0.009	5.648
6.992	-0.024	-0.014	0.398	0.27	-0.89	-1.17	-2.01	-5.19	1.77	44434	-0.027	-0.012	0.623	-0.041	-0.009	5.631
7.006	-0.025	-0.014	0.401	0.24	-0.84	-1.15	-4.04	-4.88	0.15	44367	-0.027	-0.013	0.625	-0.041	-0.009	5.614
7.018	-0.025	-0.015	0.403	0.21	-0.78	-1.14	-3.84	-4.82	0.32	44527	-0.027	-0.013	0.628	-0.040	-0.009	5.597
7.026	-0.024	-0.014	0.406	0.15	-0.74	-1.15	-4.55	-6.33	0.90	44464	-0.028	-0.014	0.630	-0.040	-0.009	5.580
7.034	-0.025	-0.015	0.408	0.12	-0.68	-1.14	-3.75	-4.25	0.53	44405	-0.028	-0.014	0.632	-0.040	-0.009	5.563
7.042	-0.025	-0.016	0.411	0.09	-0.63	-1.13	-3.51	-4.21	0.36	44344	-0.028	-0.014	0.635	-0.040	-0.010	5.546
7.056	-0.024	-0.017	0.414	0.07	-0.59	-1.12	-3.15	-3.24	0.70	44271	-0.028	-0.015	0.637	-0.039	-0.010	5.529
7.065	-0.024	-0.017	0.417	0.04	-0.55	-1.12	-2.17	-4.20	0.33	44203	-0.028	-0.015	0.639	-0.039	-0.010	5.512
7.075	-0.024	-0.017	0.419	0.00	-0.52	-1.12	-2.07	-3.89	-0.04	44137	-0.028	-0.016	0.642	-0.039	-0.010	5.495
7.083	-0.025	-0.018	0.422	-0.01	-0.47	-1.11	-2.58	-4.06	-1.00	44065	-0.028	-0.016	0.644	-0.039	-0.010	5.478
7.092	-0.025	-0.016	0.426	-0.06	-0.43	-1.12	-2.50	-3.91	-1.45	43982	-0.028	-0.016	0.646	-0.038	-0.010	5.462
7.100	-0.025	-0.017	0.429	-0.09	-0.39	-1.13	-2.20	-4.82	-1.35	43620	-0.028	-0.017	0.649	-0.038	-0.010	5.445
7.115	-0.025	-0.014	0.432	-0.15	-0.34	-1.15	-1.31	-4.70	-0.45	43547	-0.028	-0.017	0.651	-0.038	-0.010	5.428
7.126	-0.026	-0.029	0.435	0.02	-0.29	-1.14	-2.23	-5.13	-0.64	43478	-0.029	-0.018	0.654	-0.038	-0.010	5.412
7.136	-0.026	-0.030	0.437	-0.01	-0.24	-1.15	-2.25	-3.50	-1.52	43398	-0.029	-0.020	0.656	-0.038	-0.011	5.395
7.145	-0.025	-0.029	0.439	-0.03	-0.21	-1.17	-2.55	-3.68	-0.71	43458	-0.029	-0.021	0.658	-0.037	-0.012	5.378
7.157	-0.024	-0.029	0.442	-0.06	-0.19	-1.18	-3.88	-3.41	-0.77	43407	-0.029	-0.023	0.660	-0.037	-0.012	5.362
7.165	-0.024	-0.030	0.444	-0.10	-0.15	-1.19	-5.25	-1.59	-0.88	43361	-0.029	-0.024	0.662	-0.037	-0.013	5.345
7.176	-0.024	-0.030	0.447	-0.15	-0.13	-1.19	-6.69	-0.79	-1.41	43302	-0.029	-0.025	0.664	-0.036	-0.013	5.329
7.186	-0.023	-0.030	0.450	-0.21	-0.12	-1.20	-6.82	-1.13	-1.48	43248	-0.028	-0.026	0.666	-0.036	-0.013	5.312
7.194	-0.023	-0.031	0.452	-0.27	-0.11	-1.22	-6.82	-0.39	-1.84	43164	-0.028	-0.027	0.668	-0.036	-0.014	5.296
7.199	-0.023	-0.032	0.455	-0.34	-0.10	-1.23	-7.07	-1.44	-1.75	43131	-0.028	-0.028	0.670	-0.035	-0.014	5.280
7.215	-0.022	-0.032	0.457	-0.41	-0.10	-1.25	-6.40	-1.05	-1.74	43086	-0.028	-0.029	0.672	-0.035	-0.014	5.263
7.227	-0.021	-0.033	0.460	-0.47	-0.11	-1.27	-6.17	-1.15	-2.04	43051	-0.027	-0.029	0.674	-0.034	-0.014	5.247
7.235	-0.020	-0.034	0.462	-0.54	-0.10	-1.29	-4.85	-1.47	-1.78	43076	-0.027	-0.030	0.676	-0.034	-0.015	5.231
7.248	-0.020	-0.034	0.464	-0.59	-0.08	-1.31	-4.38	-2.96	-1.81	43035	-0.027	-0.031	0.677	-0.033	-0.015	5.215
7.257	-0.020	-0.035	0.466	-0.64	-0.06	-1.33	-3.67	-2.78	-1.65	43010	-0.026	-0.032	0.679	-0.033	-0.015	5.199
7.265	-0.017	-0.035	0.468	-0.68	-0.07	-1.34	-1.83	-5.11	-1.58	42981	-0.026	-0.033	0.681	-0.032	-0.015	5.182
7.276	-0.017	-0.036	0.472	-0.70	-0.03	-1.36	-1.67	-4.75	-1.54	42650	-0.025	-0.033	0.683	-0.032	-0.015	5.166
7.285	-0.013	-0.034	0.475	-0.75	-0.02	-1.38	-1.43	-4.50	-1.65	42614	-0.024	-0.034	0.685	-0.031	-0.015	5.151
7.297	-0.013	-0.034	0.477	-0.76	0.03	-1.39	-1.42	-5.14	-1.63	42590	-0.023	-0.034	0.686	-0.030	-0.015	5.135
7.306	-0.010	-0.034	0.479	-0.78	0.05	-1.40	-0.89	-5.41	-2.05	42571	-0.022	-0.034	0.688	-0.029	-0.015	5.119
7.315	-0.009	-0.035	0.481	-0.79	0.10	-1.42	-0.51	-4.94	-1.88	42550	-0.021	-0.035	0.690	-0.029	-0.015	5.103
7.326	-0.010	-0.034	0.483	-0.81	0.16	-1.44	-0.26	-4.34	-1.99	42636	-0.020	-0.035	0.691	-0.028	-0.015	5.087
7.336	-0.009	-0.034	0.485	-0.81	0.20	-1.46	0.73	-3.69	-1.65	42627	-0.019	-0.035	0.693	-0.027	-0.015	5.071
7.349	-0.008	-0.033	0.487	-0.82	0.24	-1.48	1.54	-3.13	-1.25	42626	-0.018	-0.035	0.694	-0.026	-0.015	5.056
7.353	-0.009	-0.032	0.489	-0.82	0.28	-1.49	2.95	-4.37	-0.98	42616	-0.017	-0.035	0.695	-0.026	-0.015	5.040
7.366	-0.008	-0.032	0.490	-0.79	0.32	-1.50	4.49	-5.23	-0.66	42762	-0.016	-0.035	0.697	-0.025	-0.015	5.024
7.376	-0.008	-0.032	0.492	-0.76	0.37	-1.51	5.92	-6.26	-0.54	42766	-0.015	-0.035	0.698	-0.025	-0.015	5.009
7.386	-0.004	-0.032	0.494	-0.71	0.39	-1.52	6.60	-6.15	-0.66	42783	-0.014	-0.035	0.699	-0.024	-0.014	4.993
7.397	-0.006	-0.032	0.496	-0.64	0.48	-1.52	6.22	-5.11	-0.92	42789	-0.013	-0.034	0.700	-0.024	-0.014	4.978
7.400	-0.005	-0.032	0.499	-0.58	0.54	-1.53	5.35	-5.31	-1.09	42786	-0.013	-0.034	0.701	-0.023	-0.014	4.963
7.416	-0.004	-0.033	0.501	-0.51	0.58	-1.54	4.63	-4.23	-0.79	42564	-0.012	-0.034	0.703	-0.022	-0.014	4.947
7.427	-0.004	-0.032	0.503	-0.47	0.63	-1.54	3.38	-1.76	-0.60	42587	-0.011	-0.034	0.704	-0.022	-0.014	4.932
7.439	-0.004	-0.033	0.504	-0.42	0.66	-1.55	2.52	-1.43	-0.62	42615	-0.010	-0.034	0.705	-0.022	-0.014	4.917
7.451	-0.002	-0.033	0.506	-0.39	0.66	-1.56	1.87	-0.39	-0.34	42633	-0.009	-0.034	0.706	-0.021	-0.014	4.902
7.457	-0.001	-0.012	0.507	-0.57	0.66	-1.57	2.27	0.36	-0.78	42777	-0.008	-0.032	0.707	-0.020	-0.012	4.886
7.460	-0.000	-0.011	0.509	-0.55	0.65	-1.58	3.25	0.26	-0.50	42799	-0.008	-0.029	0.708	-0.020	-0.011	4.871
7.476	0.000	-0.011	0.510	-0.53	0.65	-1.58	4.00	0.21	-0.68	42830	-0.007	-0.027	0.709	-0.019	-0.010	4.856
7.485	0.000	-0.014	0.512	-0.46	0.65	-1.59	5.78	0.22	-0.81	42852	-0.006	-0.026	0.710	-0.019	-0.009	4.841
7.495	0.001	-0.014	0.513	-0.40	0.64	-1.60	7.06	0.20	-0.49	42944	-0.005	-0.024	0.710	-0.019	-0.008	4.826
7.506	0.002	-0.007	0.514	-0.39	0.63	-1.60	8.77	0.66	0.22	42980	-0.004	-0.022	0.711	-0.018	-0.007	4.811
7.516	0.002	-0.007	0.515	-0.31	0.63	-1.60	10.11	0.44	0.13	43026	-0.003	-0.020	0.712	-0.018	-0.006	4.796
7.525	0.006	-0.006	0.517	-0.22	0.60	-1.60	10.84	0.56	0.42	43061	-0.002	-0.018	0.712	-0.017	-0.005	4.782
7.538	0.006	-0.006	0.519	-0.12	0.59	-1.60	11.28	0.24	0.81	43089	-0.001	-0.017	0.713	-0.017	-0.004	4.767
7.545	0.006	-0.006	0.520	-0.01	0.58	-1.59	11.32	-0.26	0.49	42909	-0.000	-0.015	0.714	-0.016	-0.004	4.752
7.555	0.006	-0.006	0.522	0.10	0.58	-1.59	11.86	-0.50	0.43	42951	0.000	-0.014	0.715	-0.016	-0.003	4.737
7.567	0.007	-0.004	0.523	0.22	0.57	-1.58	12.21	-0.79	0.35	42979	0.001	-0.013	0.715	-0.015	-0.002	4.723
7.571	0.007	-0.001	0.524	0.31	0.58	-1.58	11.00	-1.02	0.16	43000	0.002	-0.011	0.716	-0.015	-0.002	4.708
7.585	0.008	-0.001	0.525	0.43	0.60	-1.58	9.13	-0.89	0.62	43109	0.003	-0.010	0.716	-0.015	-0.001	4.694
7.595	0.006	-0.004	0.526	0.57	0.62	-1.57	7.49	-0.97	0.99	43155	0.003	-0.009	0.717	-0.014	-0.001	4.679
7.604	0.007	0.004	0.527	0.59	0.62	-1.56	5.61	-1.42	1.53	43202	0.004	-0.007	0.717	-0.014	0.000	4.665
7.613	0.008	0.004	0.528	0.66	0.64	-1.55	3.38	-0.15	1.49	43235	0.005	-0.006	0.718	-0.014	0.001	4.650
7.626	0.011	0.011	0.530	0.65	0.62	-1.54	1.85	-0.70	1.49	43279	0.006	-0.003	0.718	-0.013	0.002	4.636
7.637	0.010	0.011	0.531	0.68	0.63	-1.53	1.62	-0.41	1.16	43168	0.006	-0.001	0.719	-0.013	0.003	4.622
7.644	0.013	0.010	0.531	0.70	0.62	-1.51	2.04	0.68	0.90	43210	0.007	0.000	0.719	-0.013	0.003	4.608
7.657	0.013	0.011	0.532	0.72	0.62	-1.50	2.38	0.72	0.35	43232	0.008	0.002	0.719	-0.012	0.004	4.593
7.667	0.013	0.012	0.533	0.74	0.61	-1.50	3.41	1.94	0.50	43246	0.009	0.003	0.720	-0.012	0.005	4.579
7.674	0.013	0.010	0.533	0.79	0.60	-1.49	3.78	1.68	0.79	43432	0.010	0.004	0.720	-0.012	0.005	4.565
7.685	0.013	0.010	0.534	0.83	0.59	-1.48	4.11	1.71	1.10	43466	0.010	0.005	0.720	-0.012	0.006	4.551
7.693	0.014	0.011	0.535	0.87	0.57	-1.47	4.59	2.22	1.14	43501	0.011	0.006	0.720	-0.011	0.006	4.537
7.705	0.014	0.011	0.536	0.91	0.55	-1.46	4.13	1.99	1.43	43530	0.011	0.007	0.720	-0.011	0.006	4.523
7.717	0.010	0.007	0.537	0.99	0.56	-1.45	2.99	2.55	1.29	43367	0.011	0.007	0.720	-0.011	0.006	4.509
7.725	0.014	0.012	0.538	0.99	0.50	-1.43	3.27	2.42	1.35	43415	0.012	0.008	0.721	-0.011	0.006	4.495
7.736	0.015	0.013	0.539	1.02	0.47	-1.42	2.01	1.68	1.27	43446	0.013	0.009	0.721	-0.011	0.007	4.481
7.744	0.015	0.018	0.539	1.01	0.46	-1.41	0.56	1.97	1.03	43464	0.013	0.010	0.721	-0.011	0.007	4.468
7.759	0.017	0.017	0.540	1.03	0.42	-1.40	-0.46	1.92	0.78	43493	0.014	0.011	0.721	-0.011	0.008	4.454
7.766	0.017	0.018	0.541	1.03	0.40	-1.39	-1.37	1.03	0.44	43434	0.014	0.012	0.721	-0.011	0.008	4.440
7.776	0.017	0.018	0.542	1.02	0.38	-1.38	-2.36	1.20	1.00	43467	0.015	0.013	0.721	-0.010	0.009	4.427
7.787	0.017	0.019	0.542	1.00	0.37	-1.38	-2.02	0.93	1.15	43498	0.016	0.014	0.721	-0.010	0.009	4.413
7.797	0.017	0.017	0.543	0.99	0.36	-1.37	-1.91	0.47	1.26	43531	0.016	0.014	0.721	-0.010	0.009	4.400
7.807	0.017	0.018	0.544	0.97	0.36	-1.35	-1.43	-0.35	1.33	43527	0.016	0.015	0.721	-0.010	0.009	4.386
7.815	0.014	0.018	0.544	0.96	0.38	-1.34	-0.95	-0.96	1.50	43572	0.016	0.015	0.721	-0.010	0.009	4.373
7.826	0.014	0.018	0.545	0.95	0.38	-1.33	-0.70	-0.67	1.46	43598	0.017	0.016	0.721	-0.010	0.010	4.359
7.838	0.017	0.018	0.545	0.94	0.36	-1.31	-1.63	-0.07	2.22	43615	0.017	0.016	0.721	-0.010	0.010	4.346
7.847	0.017	0.018	0.545	0.93	0.37	-1.29	-1.24	-0.56	1.79	43632	0.017	0.017	0.721	-0.010	0.010	4.333
7.859	0.018	0.019	0.545	0.91	0.37	-1.27	-2.98	0.94	1.68	43852	0.018	0.017	0.721	-0.010	0.010	4.319
7.867	0.018	0.017	0.545	0.90	0.37	-1.26	-3.42	1.64	1.80	43894	0.018	0.017	0.720	-0.010	0.010	4.306
7.876	0.018	0.018	0.546	0.87	0.35	-1.24	-3.07	2.59	1.73	43934	0.018	0.017	0.720	-0.010	0.010	4.293
7.884	0.018	0.018	0.546	0.84	0.33	-1.22	-2.97	3.67	1.74	43975	0.019	0.017	0.720	-0.011	0.010	4.280
7.893	0.018	0.020	0.545	0.79	0.30	-1.20	-2.80	3.42	2.18	44192	0.019	0.018	0.719	-0.011	0.010	4.266
7.906	0.019	0.020	0.546	0.76	0.27	-1.18	-2.77	3.50	1.84	44246	0.019	0.018	0.719	-0.011	0.010	4.253
7.914	0.019	0.020	0.546	0.74	0.23	-1.16	-1.48	2.46	1.56	44282	0.019	0.018	0.719	-0.011	0.010	4.240
7.926	0.019	0.020	0.546	0.72	0.20	-1.15	-0.81	2.21	1.60	44312	0.020	0.019	0.718	-0.011	0.010	4.227
7.935	0.021	0.020	0.546	0.71	0.17	-1.13	-0.19	0.90	1.74	44368	0.020	0.019	0.718	-0.011	0.011	4.214
7.945	0.021	0.020	0.546	0.71	0.16	-1.11	0.26	0.56	1.27	44405	0.020	0.019	0.717	-0.011	0.011	4.201
7.956	0.019	0.018	0.546	0.72	0.16	-1.10	0.58	-0.98	1.12	44440	0.021	0.019	0.717	-0.011	0.011	4.188
7.963	0.019	0.018	0.547	0.73	0.16	-1.09	-0.27	-1.41	1.16	44466	0.021	0.019	0.716	-0.011	0.010	4.175
7.974	0.021	0.018	0.547	0.73	0.17	-1.07	-0.77	-0.78	0.82	44496	0.021	0.019	0.716	-0.011	0.010	4.162
7.985	0.020	0.020	0.546	0.71	0.18	-1.07	-2.53	0.29	1.61	44574	0.021	0.019	0.715	-0.011	0.011	4.150
7.994	0.024	0.022	0.547	0.68	0.16	-1.05	-3.23	0.40	1.69	44606	0.022	0.020	0.715	-0.011	0.011	4.137
8.006	0.024	0.023	0.547	0.65	0.15	-1.04	-5.87	1.46	2.06	44641	0.022	0.020	0.714	-0.011	0.011	4.124
8.015	0.024	0.023	0.547	0.60	0.14	-1.02	-7.11	1.12	1.64	44659	0.023	0.020	0.714	-0.011	0.011	4.111
8.023	0.024	0.023	0.548	0.54	0.13	-1.00	-7.20	1.58	1.60	44437	0.024	0.021	0.714	-0.010	0.011	4.099
8.036	0.025	0.023	0.548	0.47	0.12	-0.98	-6.84	1.83	1.57	44443	0.024	0.021	0.713	-0.010	0.011	4.086
8.044	0.025	0.023	0.548	0.40	0.11	-0.97	-6.16	0.59	1.44	44441	0.024	0.021	0.713	-0.010	0.012	4.074
8.055	0.025	0.023	0.548	0.33	0.10	-0.95	-4.94	0.87	0.68	44437	0.025	0.021	0.713	-0.010	0.012	4.061
8.069	0.025	0.026	0.548	0.26	0.09	-0.94	-4.28	0.56	1.16	44442	0.025	0.022	0.712	-0.010	0.012	4.049
8.073	0.025	0.024	0.548	0.22	0.08	-0.93	-3.20	1.39	1.06	44556	0.025	0.022	0.712	-0.010	0.012	4.036
8.085	0.025	0.027	0.548	0.17	0.07	-0.92	-1.63	1.84	0.74	44570	0.026	0.023	0.711	-0.011	0.012	4.024
8.096	0.025	0.027	0.548	0.15	0.06	-0.91	-1.06	2.31	1.02	44574	0.026	0.023	0.711	-0.011	0.013	4.012
8.107	0.025	0.027	0.548	0.13	0.04	-0.90	0.23	2.42	1.82	44576	0.026	0.024	0.710	-0.011	0.013	3.999
8.116	0.026	0.027	0.547	0.13	0.01	-0.88	1.21	2.00	1.68	44729	0.026	0.024	0.710	-0.011	0.013	3.987
8.123	0.026	0.027	0.547	0.13	-0.01	-0.87	1.36	2.29	1.56	44737	0.027	0.024	0.709	-0.011	0.013	3.975
8.136	0.026	0.027	0.547	0.15	-0.03	-0.85	1.66	0.60	1.04	44743	0.027	0.025	0.709	-0.011	0.013	3.962
8.147	0.026	0.027	0.547	0.16	-0.05	-0.84	2.44	-1.18	0.48	44726	0.027	0.025	0.708	-0.011	0.014	3.950
8.157	0.028	0.024	0.546	0.20	-0.05	-0.84	3.39	-2.06	0.71	45024	0.027	0.025	0.707	-0.011	0.013	3.938
8.169	0.028	0.024	0.546	0.23	-0.04	-0.83	3.17	-1.90	0.95	45031	0.028	0.025	0.706	-0.011	0.013	3.926
8.174	0.028	0.024	0.546	0.27	-0.02	-0.82	3.51	-4.27	1.12	45046	0.028	0.025	0.706	-0.011	0.013	3.914
8.181	0.030	0.024	0.546	0.31	0.01	-0.81	1.38	-3.69	1.01	45058	0.029	0.025	0.705	-0.011	0.013	3.902
8.196	0.030	0.024	0.545	0.32	0.04	-0.81	-0.59	-2.44	-0.57	45052	0.029	0.025	0.704	-0.011	0.013	3.890
8.204	0.030	0.024	0.545	0.33	0.07	-0.80	-1.89	-3.22	0.50	45084	0.029	0.024	0.704	-0.011	0.013	3.878
8.214	0.030	0.024	0.545	0.32	0.10	-0.80	-3.30	-2.75	0.83	45083	0.030	0.024	0.703	-0.011	0.013	3.866
8.226	0.030	0.024	0.545	0.29	0.13	-0.80	-5.33	-2.10	-0.30	45087	0.030	0.024	0.702	-0.011	0.013	3.854
8.237	0.037	0.025	0.545	0.24	0.12	-0.79	-5.59	-1.29	1.16	45099	0.031	0.024	0.702	-0.010	0.013	3.842
8.246	0.039	0.028	0.545	0.16	0.13	-0.79	-6.34	-0.45	0.57	45019	0.033	0.025	0.701	-0.010	0.013	3.830
8.256	0.039	0.028	0.545	0.10	0.14	-0.78	-7.10	0.76	-0.04	44995	0.034	0.025	0.701	-0.010	0.014	3.818
8.271	0.039	0.028	0.545	0.03	0.14	-0.78	-5.89	0.78	0.31	44976	0.035	0.026	0.700	-0.009	0.014	3.806
8.274	0.037	0.030	0.545	-0.04	0.15	-0.77	-4.61	-0.14	0.52	44962	0.035	0.026	0.700	-0.009	0.014	3.795
8.284	0.038	0.030	0.544	-0.10	0.14	-0.77	-2.45	-1.62	0.46	44959	0.036	0.027	0.699	-0.009	0.014	3.783
8.295	0.039	0.030	0.544	-0.13	0.15	-0.76	-1.20	-1.57	0.05	45183	0.037	0.027	0.698	-0.009	0.015	3.771
8.306	0.038	0.028	0.544	-0.13	0.17	-0.76	0.45	-2.56	0.73	45158	0.037	0.027	0.698	-0.009	0.015	3.760
8.315	0.037	0.020	0.544	-0.10	0.20	-0.76	2.52	-2.62	0.99	45139	0.038	0.026	0.697	-0.009	0.014	3.748
8.324	0.039	0.025	0.544	-0.10	0.22	-0.75	2.85	-1.61	1.63	45128	0.038	0.026	0.696	-0.009	0.014	3.736
8.337	0.039	0.025	0.545	-0.07	0.24	-0.73	3.19	-0.87	1.76	44963	0.039	0.026	0.696	-0.009	0.014	3.725
8.346	0.039	0.029	0.545	-0.07	0.26	-0.71	2.19	0.54	0.47	44955	0.039	0.026	0.695	-0.009	0.014	3.714
8.355	0.046	0.028	0.545	-0.03	0.22	-0.70	2.76	-0.06	1.63	44926	0.040	0.027	0.695	-0.008	0.014	3.702
8.364	0.046	0.028	0.545	-0.01	0.22	-0.69	1.87	1.25	1.06	44896	0.041	0.027	0.694	-0.008	0.014	3.691
8.377	0.046	0.028	0.545	0.01	0.21	-0.68	1.69	1.27	0.57	44802	0.042	0.027	0.694	-0.008	0.014	3.680
8.386	0.047	0.028	0.545	0.03	0.20	-0.67	1.85	0.21	0.61	44789	0.043	0.027	0.694	-0.008	0.014	3.668
8.396	0.047	0.028	0.545	0.05	0.19	-0.67	2.35	-0.36	0.22	44773	0.044	0.027	0.693	-0.007	0.015	3.657
8.405	0.047	0.028	0.546	0.07	0.19	-0.67	1.74	-2.23	-0.02	44745	0.045	0.027	0.693	-0.007	0.015	3.646
8.416	0.047	0.028	0.546	0.09	0.21	-0.66	1.58	-4.14	0.00	44720	0.046	0.028	0.692	-0.007	0.015	3.635
8.425	0.044	0.028	0.545	0.11	0.26	-0.66	1.21	-4.68	0.03	44766	0.046	0.028	0.692	-0.007	0.015	3.624
8.434	0.045	0.028	0.546	0.13	0.29	-0.66	1.29	-5.37	0.83	44754	0.046	0.028	0.692	-0.007	0.015	3.613
8.443	0.045	0.028	0.546	0.14	0.34	-0.65	0.97	-3.60	-0.29	44737	0.047	0.028	0.691	-0.007	0.015	3.602
8.456	0.046	0.028	0.546	0.15	0.39	-0.65	0.92	-3.40	0.67	44734	0.047	0.028	0.691	-0.008	0.015	3.591
8.466	0.046	0.028	0.546	0.16	0.43	-0.65	-0.90	-2.25	-0.60	44717	0.047	0.028	0.690	-0.008	0.015	3.580
8.474	0.046	0.028	0.546	0.16	0.45	-0.65	-1.88	0.13	0.13	44702	0.048	0.028	0.690	-0.008	0.015	3.569
8.484	0.046	0.025	0.546	0.16	0.46	-0.66	-1.44	0.79	0.01	44695	0.048	0.027	0.689	-0.008	0.014	3.558
8.490	0.046	0.025	0.546	0.14	0.46	-0.66	-2.26	1.46	0.23	44688	0.048	0.027	0.689	-0.008	0.014	3.547
8.506	0.046	0.025	0.547	0.12	0.45	-0.66	-1.46	1.39	0.53	44682	0.048	0.027	0.689	-0.008	0.014	3.536
8.515	0.046	0.025	0.548	0.10	0.43	-0.65	-1.55	1.33	0.46	44475	0.048	0.027	0.688	-0.008	0.014	3.526
8.525	0.046	0.025	0.548	0.09	0.41	-0.65	-1.79	1.76	0.27	44440	0.049	0.027	0.688	-0.008	0.014	3.515
8.534	0.047	0.025	0.548	0.07	0.40	-0.64	-1.16	2.20	0.85	44420	0.049	0.026	0.688	-0.009	0.014	3.504
8.547	0.047	0.025	0.548	0.06	0.37	-0.64	-1.54	1.82	0.56	44413	0.049	0.026	0.687	-0.009	0.014	3.494
8.555	0.047	0.025	0.549	0.04	0.35	-0.63	-1.93	1.89	0.35	44357	0.049	0.026	0.687	-0.009	0.014	3.483
8.565	0.047	0.025	0.549	0.02	0.33	-0.62	-1.29	2.03	1.32	44333	0.049	0.026	0.687	-0.009	0.014	3.473
8.574	0.047	0.025	0.549	0.01	0.31	-0.61	-0.45	2.11	2.24	44302	0.050	0.026	0.687	-0.009	0.014	3.462
8.587	0.047	0.025	0.549	0.00	0.29	-0.60	-0.44	2.60	2.23	44290	0.050	0.026	0.686	-0.010	0.013	3.452
8.596	0.047	0.025	0.549	-0.00	0.27	-0.57	-0.37	2.20	0.97	44282	0.050	0.026	0.686	-0.010	0.013	3.442
8.605	0.048	0.025	0.549	-0.01	0.25	-0.56	0.25	2.00	0.72	44371	0.050	0.026	0.685	-0.010	0.013	3.431
8.615	0.048	0.025	0.549	-0.01	0.23	-0.55	0.62	1.15	0.95	44366	0.050	0.025	0.685	-0.010	0.013	3.421
8.624	0.048	0.025	0.549	-0.01	0.22	-0.54	1.27	0.99	0.50	44355	0.050	0.025	0.685	-0.010	0.013	3.411
8.636	0.048	0.025	0.550	-0.00	0.21	-0.53	0.77	0.07	0.51	44354	0.050	0.025	0.684	-0.010	0.013	3.401
8.647	0.048	0.025	0.551	0.01	0.20	-0.53	0.65	-0.65	0.01	44190	0.051	0.025	0.684	-0.011	0.013	3.390
8.649	0.048	0.025	0.551	0.02	0.20	-0.52	1.29	-1.35	0.35	44178	0.051	0.025	0.684	-0.011	0.013	3.380
8.664	0.044	0.024	0.551	0.03	0.23	-0.52	1.29	-1.44	0.91	44190	0.050	0.025	0.683	-0.011	0.013	3.370
8.675	0.047	0.023	0.551	0.06	0.23	-0.52	0.65	-0.22	0.80	44194	0.050	0.025	0.683	-0.012	0.013	3.360
8.684	0.047	0.023	0.551	0.07	0.23	-0.51	-0.15	1.23	0.11	44311	0.050	0.025	0.683	-0.012	0.013	3.350
8.695	0.047	0.023	0.551	0.07	0.23	-0.50	-1.39	2.06	0.34	44328	0.050	0.024	0.682	-0.012	0.013	3.340
8.706	0.047	0.023	0.551	0.06	0.21	-0.50	-1.06	1.04	1.57	44332	0.050	0.024	0.682	-0.012	0.013	3.331
8.717	0.044	0.024	0.551	0.05	0.21	-0.49	-1.82	1.41	0.45	44334	0.050	0.024	0.681	-0.013	0.013	3.321
8.723	0.044	0.024	0.551	0.03	0.20	-0.48	-0.96	-0.78	1.27	44345	0.050	0.024	0.681	-0.013	0.013	3.311
8.735	0.047	0.028	0.551	0.00	0.17	-0.47	-1.68	0.15	1.01	44407	0.050	0.025	0.680	-0.013	0.013	3.301
8.743	0.047	0.025	0.552	0.01	0.18	-0.46	-1.68	-0.05	0.11	44418	0.050	0.025	0.680	-0.013	0.013	3.291
8.758	0.047	0.025	0.552	-0.01	0.18	-0.46	-1.76	0.19	-0.25	44413	0.050	0.025	0.679	-0.014	0.013	3.282
8.764	0.047	0.029	0.552	-0.05	0.19	-0.45	-0.40	-1.05	0.71	44418	0.050	0.025	0.679	-0.014	0.013	3.272
8.775	0.047	0.029	0.551	-0.06	0.20	-0.46	-0.80	0.06	0.79	44647	0.050	0.026	0.678	-0.014	0.013	3.262
8.785	0.047	0.029	0.551	-0.06	0.21	-0.45	-0.66	0.74	1.19	44658	0.050	0.026	0.678	-0.014	0.014	3.253
8.796	0.047	0.025	0.551	-0.06	0.20	-0.44	0.08	0.52	1.36	44663	0.050	0.026	0.677	-0.015	0.013	3.243
8.805	0.047	0.025	0.551	-0.07	0.19	-0.43	0.94	1.80	1.26	44674	0.050	0.026	0.677	-0.015	0.013	3.234
8.815	0.047	0.025	0.551	-0.06	0.18	-0.42	0.68	3.22	0.45	44693	0.050	0.026	0.676	-0.015	0.013	3.224
8.826	0.047	0.025	0.551	-0.05	0.15	-0.41	1.83	2.44	1.35	44675	0.050	0.026	0.675	-0.015	0.013	3.215
8.836	0.047	0.025	0.551	-0.04	0.13	-0.40	1.69	2.04	1.31	44671	0.050	0.026	0.675	-0.015	0.013	3.205
8.845	0.048	0.028	0.551	-0.04	0.10	-0.39	2.20	1.59	1.24	44670	0.050	0.026	0.674	-0.016	0.013	3.196
8.852	0.044	0.028	0.551	-0.01	0.10	-0.38	1.92	1.40	0.56	44674	0.050	0.026	0.674	-0.016	0.014	3.187
8.866	0.044	0.028	0.552	0.01	0.08	-0.37	1.15	1.36	-0.86	44532	0.049	0.027	0.673	-0.016	0.014	3.177
8.875	0.045	0.024	0.552	0.04	0.07	-0.37	0.32	2.19	-0.53	44527	0.049	0.026	0.673	-0.017	0.013	3.168
8.887	0.045	0.024	0.552	0.05	0.05	-0.38	-0.03	2.11	-0.11	44526	0.049	0.026	0.673	-0.017	0.013	3.159
8.893	0.039	0.024	0.552	0.05	0.06	-0.38	-1.00	3.53	-0.97	44536	0.048	0.026	0.672	-0.018	0.013	3.150
8.903	0.039	0.024	0.552	0.04	0.03	-0.38	-2.31	4.22	-0.40	44531	0.047	0.026	0.672	-0.018	0.013	3.141
8.916	0.039	0.024	0.552	0.02	-0.01	-0.39	-0.82	4.99	1.29	44533	0.046	0.025	0.671	-0.019	0.013	3.132
8.924	0.037	0.024	0.552	0.01	-0.05	-0.38	-1.06	6.12	0.85	44521	0.046	0.025	0.671	-0.019	0.013	3.123
8.936	0.037	0.024	0.552	-0.00	-0.10	-0.37	-1.66	8.03	-0.33	44495	0.045	0.025	0.670	-0.020	0.013	3.114
8.943	0.036	0.025	0.553	-0.01	-0.17	-0.37	0.32	7.51	1.41	44472	0.044	0.025	0.670	-0.020	0.013	3.105
8.953	0.036	0.025	0.553	-0.02	-0.25	-0.36	0.72	8.82	0.26	44330	0.043	0.025	0.670	-0.021	0.013	3.096
8.966	0.039	0.027	0.553	-0.02	-0.34	-0.36	2.44	9.61	0.86	44304	0.043	0.025	0.669	-0.021	0.013	3.087
8.974	0.028	0.026	0.553	0.00	-0.39	-0.35	5.22	12.11	2.06	44259	0.041	0.026	0.669	-0.022	0.013	3.078
8.986	0.028	0.026	0.553	0.04	-0.50	-0.33	10.38	14.03	3.02	44185	0.039	0.026	0.669	-0.023	0.013	3.070
8.993	0.033	0.019	0.555	0.15	-0.65	-0.31	15.44	18.41	3.53	43837	0.039	0.025	0.669	-0.024	0.013	3.061
9.002	0.036	0.014	0.555	0.30	-0.83	-0.27	20.66	22.68	3.79	43737	0.038	0.024	0.668	-0.024	0.012	3.052
9.016	0.025	0.015	0.555	0.48	-1.00	-0.23	23.57	18.03	3.55	43614	0.037	0.023	0.668	-0.025	0.011	3.044
9.024	0.023	0.009	0.556	0.74	-1.19	-0.20	15.23	5.79	2.01	43501	0.035	0.021	0.668	-0.025	0.010	3.035
9.035	0.023	0.016	0.557	0.91	-1.31	-0.17	10.33	-5.49	1.73	43445	0.033	0.020	0.668	-0.026	0.010	3.027
9.049	0.020	0.017	0.557	1.03	-1.30	-0.15	6.78	-21.69	1.68	43287	0.032	0.020	0.668	-0.027	0.010	3.019
9.055	0.022	0.019	0.558	1.11	-1.17	-0.13	-0.13	-37.29	2.64	43287	0.030	0.020	0.667	-0.028	0.010	3.010
9.065	0.021	0.019	0.558	1.10	-0.45	-0.10	-7.36	-43.24	3.37	43315	0.029	0.019	0.667	-0.028	0.010	3.002
9.075	0.023	0.019	0.558	1.10	-0.45	-0.10	-14.12	-42.60	3.10	43341	0.028	0.019	0.667	-0.029	0.010	2.994
9.089	0.019	0.018	0.559	0.99	0.01	-0.07	-18.91	-36.11	3.51	43362	0.027	0.019	0.667	-0.029	0.010	2.986
9.092	0.008	0.018	0.559	0.82	0.44	-0.05	-25.34	-24.65	2.56	43405	0.025	0.019	0.667	-0.031	0.010	2.977
9.097	0.007	0.025	0.560	0.29	0.93	0.01	-29.00	-11.86	3.23	43446	0.023	0.019	0.666	-0.032	0.010	2.969
9.114	0.032	0.032	0.560	0.26	0.82	0.01	-29.90	2.89	3.59	43457	0.024	0.021	0.666	-0.031	0.011	2.961
9.125	0.032	0.032	0.559	-0.35	0.76	0.07	-29.95	17.22	3.75	43671	0.025	0.022	0.666	-0.031	0.012	2.953
9.134	0.031	0.019	0.559	-0.29	0.55	0.11	-26.72	23.50	3.47	43670	0.025	0.022	0.665	-0.030	0.011	2.945
9.141	0.032	0.017	0.559	-0.81	0.30	0.14	-21.09	25.73	3.49	43677	0.026	0.021	0.665	-0.030	0.011	2.937
9.149	0.031	0.017	0.560	-0.99	0.04	0.17	-14.77	26.34	3.50	43697	0.027	0.020	0.664	-0.029	0.011	2.929
9.161	0.032	0.022	0.558	-1.13	-0.23	0.20	-7.53	26.30	3.11	43716	0.027	0.021	0.663	-0.029	0.011	2.921
9.175	0.032	0.022	0.558	-1.17	-0.50	0.23	-0.02	30.37	3.96	43993	0.028	0.021	0.663	-0.029	0.011	2.913
9.185	0.034	0.022	0.558	-1.14	-0.85	0.26	7.60	36.13	4.36	44019	0.028	0.021	0.662	-0.028	0.011	2.906
9.192	0.023	0.020	0.559	-1.04	-1.15	0.29	7.12	30.35	2.48	44060	0.027	0.021	0.662	-0.029	0.011	2.898
9.200	0.027	0.019	0.559	-0.98	-1.43	0.30	3.75	22.23	0.02	44107	0.027	0.020	0.661	-0.029	0.011	2.890
9.218	0.023	0.018	0.557	-0.94	-1.60	0.29	4.66	13.84	-1.14	44306	0.026	0.020	0.660	-0.029	0.011	2.882
9.226	0.023	0.017	0.557	-0.90	-1.71	0.28	1.81	7.28	-1.11	44325	0.026	0.020	0.659	-0.029	0.011	2.874
9.234	0.023	0.017	0.557	-0.89	-1.74	0.27	1.81	-2.47	0.25	44336	0.025	0.019	0.659	-0.029	0.010	2.867
9.244	0.023	0.017	0.557	-0.86	-1.66	0.28	3.39	-14.54	0.89	44358	0.024	0.019	0.658	-0.029	0.010	2.859
9.274	0.019	0.013	0.557	-0.80	-1.47	0.29	5.87	-21.97	1.40	44419	0.023	0.018	0.657	-0.030	0.010	2.852
9.284	0.021	0.011	0.557	-0.71	-1.23	0.31	11.67	-27.69	1.81	44546	0.023	0.017	0.657	-0.030	0.010	2.844
9.296	0.022	0.022	0.556	-0.62	-0.93	0.33	16.45	-33.21	0.96	44553	0.022	0.018	0.656	-0.030	0.010	2.836
9.300	0.017	0.018	0.556	-0.44	-0.57	0.33	15.09	-32.71	-0.01	44599	0.022	0.018	0.655	-0.030	0.010	2.829
9.302	0.026	0.030	0.556	-0.34	-0.29	0.34	13.34	-29.27	0.17	44651	0.022	0.020	0.654	-0.030	0.011	2.821
9.302	0.020	0.025	0.556	-0.19	0.00	0.33	11.94	-22.67	-0.93	44684	0.021	0.020	0.654	-0.030	0.011	2.814
9.314	0.010	0.022	0.556	-0.06	0.23	0.33	12.04	-14.14	-1.23	44713	0.020	0.021	0.653	-0.031	0.011	2.807
9.325	0.029	0.022	0.555	0.06	0.22	0.31	10.87	1.08	-2.36	44748	0.021	0.021	0.652	-0.030	0.011	2.799
9.335	0.029	0.022	0.555	0.17	0.16	0.28	10.47	14.62	-3.33	44785	0.021	0.021	0.652	-0.029	0.011	2.792
9.346	0.029	0.022	0.556	0.26	-0.05	0.24	8.29	26.35	-4.74	44621	0.022	0.021	0.651	-0.029	0.011	2.785
9.356	0.033	0.021	0.556	0.32	-0.35	0.19	1.24	31.54	-3.90	44616	0.023	0.021	0.651	-0.028	0.011	2.778
9.362	0.035	0.021	0.556	0.29	-0.69	0.17	-6.94	32.46	-2.24	44608	0.024	0.021	0.650	-0.027	0.011	2.770
9.376	0.039	0.023	0.556	0.18	-1.01	0.15	-12.79	27.11	-1.75	44597	0.026	0.022	0.650	-0.026	0.011	2.763
9.387	0.033	0.024	0.557	0.05	-1.21	0.13	-13.54	15.80	-1.11	44587	0.026	0.022	0.650	-0.026	0.011	2.756
9.393	0.035	0.028	0.557	-0.10	-1.32	0.12	-13.20	4.77	-0.95	44355	0.027	0.023	0.649	-0.025	0.012	2.749
9.404	0.035	0.029	0.557	-0.22	-1.34	0.11	-12.88	-0.19	-1.12	44354	0.027	0.024	0.649	-0.025	0.012	2.742
9.415	0.039	0.033	0.557	-0.35	-1.33	0.10	-7.49	-3.94	-1.69	44335	0.028	0.025	0.649	-0.024	0.013	2.735
9.425	0.040	0.033	0.557	-0.39	-1.29	0.08	4.09	-4.47	-2.76	44302	0.030	0.026	0.648	-0.023	0.013	2.728
9.433	0.041	0.032	0.557	-0.29	-1.26	0.05	13.01	-3.10	-2.42	44159	0.031	0.027	0.648	-0.022	0.014	2.721
9.446	0.041	0.032	0.557	-0.13	-1.23	0.03	18.28	-5.60	-1.45	44087	0.032	0.028	0.647	-0.022	0.014	2.715
9.454	0.041	0.028	0.557	0.05	-1.11	0.02	14.42	-17.54	-0.74	44021	0.032	0.028	0.647	-0.021	0.014	2.708
9.461	0.041	0.025	0.557	0.18	-0.90	0.01	9.39	-24.67	-0.24	44002	0.033	0.028	0.647	-0.021	0.014	2.701
9.475	0.040	0.031	0.556	0.24	-0.63	0.02	7.76	-27.64	1.11	43997	0.034	0.028	0.646	-0.020	0.014	2.694
9.485	0.039	0.029	0.556	0.31	-0.35	0.04	5.04	-27.50	3.31	44154	0.034	0.029	0.646	-0.020	0.014	2.687
9.494	0.042	0.031	0.556	0.34	-0.08	0.08	1.48	-27.61	4.71	44161	0.035	0.029	0.645	-0.019	0.014	2.681
9.505	0.044	0.031	0.556	0.34	0.18	0.12	-3.28	-24.70	4.76	44179	0.036	0.029	0.645	-0.019	0.014	2.674
9.514	0.044	0.031	0.556	0.29	0.41	0.17	-4.80	-21.16	5.01	44187	0.037	0.030	0.644	-0.018	0.014	2.667
9.524	0.044	0.031	0.556	0.26	0.62	0.22	-2.91	-21.98	5.58	44296	0.037	0.030	0.643	-0.018	0.014	2.661
9.530	0.056	0.032	0.556	0.24	0.78	0.28	-0.12	-17.37	6.22	44318	0.039	0.030	0.643	-0.016	0.014	2.654
9.544	0.055	0.033	0.556	0.25	0.94	0.34	6.35	-13.52	7.32	44363	0.041	0.031	0.642	-0.016	0.015	2.647
9.555	0.059	0.032	0.556	0.33	1.04	0.41	8.98	-9.56	7.45	44425	0.043	0.031	0.642	-0.014	0.015	2.641
9.563	0.059	0.030	0.555	0.44	1.11	0.49	10.85	-4.84	7.42	44583	0.045	0.031	0.641	-0.013	0.015	2.634
9.576	0.059	0.030	0.555	0.55	1.14	0.56	9.70	0.67	6.74	44614	0.047	0.031	0.640	-0.013	0.014	2.628
9.584	0.062	0.033	0.554	0.61	1.10	0.63	5.80	6.46	6.29	44640	0.049	0.032	0.640	-0.012	0.015	2.621
9.594	0.065	0.039	0.554	0.64	0.99	0.69	3.72	14.85	5.35	44656	0.051	0.033	0.639	-0.011	0.015	2.615
9.604	0.068	0.043	0.554	0.64	0.80	0.74	2.27	20.97	4.61	44640	0.053	0.034	0.639	-0.010	0.016	2.609
9.619	0.069	0.044	0.554	0.65	0.60	0.78	0.84	17.54	3.19	44543	0.055	0.036	0.638	-0.009	0.016	2.602
9.628	0.071	0.046	0.554	0.64	0.45	0.81	-0.41	9.78	2.03	44517	0.057	0.037	0.637	-0.007	0.017	2.596
9.639	0.072	0.048	0.554	0.63	0.38	0.82	-0.58	4.52	0.23	44509	0.059	0.039	0.637	-0.007	0.018	2.590
9.649	0.072	0.049	0.554	0.63	0.32	0.82	1.41	8.55	-1.13	44501	0.060	0.040	0.636	-0.006	0.018	2.583
9.656	0.073	0.046	0.554	0.66	0.23	0.81	2.22	6.88	-2.10	44387	0.062	0.041	0.636	-0.005	0.019	2.577
9.666	0.074	0.046	0.554	0.68	0.19	0.78	-0.29	-0.75	-2.59	44326	0.064	0.042	0.635	-0.004	0.019	2.571
9.674	0.072	0.050	0.554	0.64	0.26	0.75	-3.04	-12.54	-3.67	44266	0.065	0.043	0.635	-0.004	0.019	2.565
9.684	0.077	0.049	0.554	0.61	0.42	0.71	-6.24	-22.84	-4.32	44242	0.067	0.044	0.635	-0.003	0.020	2.559
9.695	0.072	0.052	0.553	0.54	0.71	0.67	-5.76	-28.35	-3.12	44235	0.068	0.045	0.634	-0.003	0.020	2.553
9.704	0.068	0.042	0.553	0.58	0.73	0.67	-2.39	-32.05	-3.21	44370	0.068	0.045	0.633	-0.003	0.020	2.547
9.713	0.072	0.042	0.553	0.54	1.01	0.64	1.94	-34.69	-3.60	44341	0.069	0.045	0.633	-0.002	0.020	2.541
9.718	0.074	0.042	0.553	0.55	1.34	0.60	2.41	-33.01	-3.93	44340	0.070	0.045	0.632	-0.002	0.020	2.535
9.735	0.072	0.041	0.554	0.58	1.73	0.56	-0.50	-23.12	-4.15	44369	0.070	0.044	0.632	-0.002	0.019	2.529
9.746	0.073	0.041	0.553	0.60	2.01	0.52	-3.42	-6.73	-4.22	44341	0.071	0.044	0.631	-0.002	0.019	2.523
9.754	0.074	0.041	0.553	0.57	2.15	0.47	-7.03	15.01	-4.63	44358	0.072	0.044	0.631	-0.002	0.019	2.517
9.765	0.074	0.041	0.553	0.51	2.07	0.42	-6.10	32.13	-3.98	44334	0.073	0.044	0.630	-0.002	0.019	2.511
9.776	0.080	0.044	0.553	0.43	1.76	0.38	-6.44	42.76	-3.90	44306	0.074	0.044	0.630	-0.001	0.019	2.505
9.784	0.084	0.046	0.552	0.36	1.35	0.35	-9.27	46.98	-3.84	44526	0.076	0.044	0.629	-0.001	0.019	2.499
9.794	0.089	0.048	0.552	0.28	0.87	0.31	-11.00	34.26	-4.00	44470	0.078	0.045	0.629	0.000	0.019	2.493
9.808	0.083	0.047	0.552	0.17	0.52	0.27	-6.69	17.37	-3.03	44456	0.079	0.045	0.628	0.001	0.019	2.488
9.814	0.085	0.040	0.552	0.12	0.29	0.24	0.31	0.78	-1.78	44447	0.080	0.045	0.627	0.001	0.019	2.482
9.825	0.085	0.040	0.551	0.11	0.25	0.22	8.66	-11.42	-1.39	44437	0.081	0.044	0.627	0.001	0.019	2.476
9.835	0.084	0.040	0.551	0.17	0.33	0.20	15.11	-16.56	-0.89	44565	0.082	0.044	0.626	0.001	0.018	2.471
9.844	0.087	0.045	0.551	0.27	0.47	0.19	20.06	-13.19	-1.92	44554	0.083	0.044	0.625	0.002	0.018	2.465
9.852	0.085	0.040	0.551	0.49	0.63	0.18	21.67	-9.09	-3.60	44517	0.084	0.044	0.625	0.002	0.018	2.459
9.860	0.085	0.035	0.551	0.73	0.73	0.15	16.76	-15.01	-5.31	44474	0.085	0.043	0.624	0.002	0.018	2.454
9.874	0.085	0.033	0.551	0.92	0.86	0.09	1.65	-12.29	-6.29	44460	0.085	0.042	0.624	0.002	0.017	2.448
9.880	0.085	0.033	0.551	0.98	1.00	0.03	-17.37	-4.41	-5.67	44480	0.086	0.041	0.623	0.002	0.016	2.443
9.898	0.088	0.037	0.551	0.83	1.05	-0.03	-30.86	-2.34	-4.84	44446	0.087	0.040	0.623	0.002	0.016	2.437
9.906	0.087	0.044	0.551	0.52	1.08	-0.08	-34.05	-5.12	-4.03	44439	0.087	0.041	0.622	0.002	0.016	2.432
9.914	0.084	0.036	0.550	0.22	1.14	-0.12	-30.59	-9.18	-4.54	44454	0.088	0.040	0.622	0.002	0.016	2.426
9.923	0.083	0.035	0.550	-0.09	1.23	-0.16	-23.81	-9.28	-4.39	44543	0.088	0.039	0.621	0.001	0.016	2.421
9.931	0.087	0.036	0.550	-0.35	1.30	-0.20	-17.83	-6.92	-4.03	44571	0.088	0.039	0.621	0.001	0.016	2.415
9.944	0.095	0.041	0.550	-0.56	1.33	-0.25	-12.44	-0.31	-4.55	44536	0.090	0.039	0.620	0.002	0.016	2.410
9.956	0.095	0.041	0.551	-0.70	1.36	-0.29	-0.97	16.90	-5.33	44504	0.091	0.039	0.620	0.002	0.016	2.405
9.963	0.096	0.041	0.551	-0.74	1.24	-0.34	7.36	31.07	-5.33	44283	0.093	0.040	0.620	0.002	0.016	2.400
9.974	0.096	0.040	0.551	-0.68	0.96	-0.40	8.67	31.37	-4.39	44170	0.094	0.040	0.619	0.002	0.016	2.394
9.986	0.097	0.039	0.551	-0.59	0.63	-0.45	11.27	24.43	-3.05	44059	0.095	0.040	0.619	0.002	0.016	2.389
9.990	0.094	0.037	0.551	-0.47	0.38	-0.49	12.77	14.45	-1.96	44005	0.095	0.039	0.619	0.002	0.016	2.384
10.006	0.094	0.033	0.552	-0.33	0.21	-0.51	17.02	4.34	-1.90	43736	0.096	0.039	0.619	0.002	0.015	2.379
10.012	0.094	0.033	0.552	-0.17	0.15	-0.53	19.51	-3.79	-1.69	43694	0.096	0.038	0.618	0.002	0.015	2.374
10.024	0.094	0.033	0.553	0.02	0.17	-0.55	23.44	-8.33	-1.50	43643	0.097	0.037	0.618	0.002	0.015	2.369
10.032	0.100	0.039	0.553	0.21	0.21	-0.56	19.72	-12.60	-0.76	43591	0.098	0.038	0.618	0.002	0.015	2.364
10.044	0.099	0.040	0.553	0.42	0.32	-0.58	15.28	-18.15	0.01	43573	0.099	0.038	0.618	0.002	0.015	2.359
10.054	0.096	0.043	0.553	0.56	0.51	-0.58	7.34	-19.88	-0.17	43565	0.099	0.039	0.618	0.002	0.015	2.354
10.065	0.093	0.044	0.553	0.65	0.73	-0.58	-1.62	-18.54	0.15	43579	0.099	0.039	0.617	0.001	0.015	2.350
10.075	0.098	0.045	0.554	0.66	0.89	-0.58	-10.34	-14.49	-0.17	43617	0.100	0.040	0.617	0.001	0.016	2.345
10.082	0.100	0.047	0.554	0.56	1.04	-0.58	-16.07	-4.92	-0.84	43642	0.101	0.041	0.617	0.001	0.016	2.340
10.095	0.100	0.043	0.553	0.44	1.11	-0.59	-19.59	12.12	0.14	43775	0.101	0.041	0.617	0.001	0.016	2.335
10.103	0.102	0.039	0.553	0.28	1.02	-0.59	-25.61	24.43	1.48	43739	0.102	0.041	0.616	0.001	0.016	2.330
10.118	0.094	0.038	0.554	0.04	0.85	-0.58	-23.86	29.05	1.50	43701	0.102	0.041	0.616	0.000	0.016	2.326
10.124	0.094	0.038	0.554	-0.21	0.57	-0.57	-18.44	31.53	3.33	43682	0.102	0.040	0.615	-0.000	0.016	2.321
10.132	0.101	0.040	0.553	-0.42	0.22	-0.54	-10.34	40.16	2.78	43647	0.102	0.040	0.615	-0.000	0.016	2.316
10.146	0.107	0.045	0.554	-0.57	-0.19	-0.51	-8.36	33.36	2.27	43603	0.104	0.041	0.615	0.000	0.016	2.312
10.154	0.106	0.042	0.554	-0.64	-0.54	-0.49	-6.22	15.83	1.90	43527	0.105	0.041	0.614	0.000	0.016	2.307
10.165	0.103	0.043	0.554	-0.72	-0.73	-0.47	-0.20	-2.06	0.12	43517	0.105	0.041	0.614	0.000	0.016	2.303
10.175	0.104	0.043	0.554	-0.73	-0.75	-0.47	1.47	-11.54	-2.27	43545	0.106	0.042	0.613	-0.000	0.016	2.298
10.182	0.110	0.042	0.554	-0.71	-0.70	-0.48	-0.35	-20.21	-3.83	43664	0.107	0.042	0.613	0.000	0.016	2.294
10.195	0.108	0.043	0.554	-0.71	-0.50	-0.51	-0.89	-26.85	-4.47	43716	0.108	0.042	0.613	0.000	0.016	2.289
10.204	0.103	0.043	0.554	-0.73	-0.21	-0.55	-0.10	-32.35	-3.83	43793	0.108	0.042	0.612	-0.000	0.016	2.285
10.218	0.103	0.043	0.554	-0.73	0.10	-0.59	0.30	-34.62	-3.77	43842	0.108	0.042	0.612	-0.001	0.016	2.280
10.225	0.106	0.043	0.554	-0.73	0.42	-0.62	0.31	-32.16	-2.83	43803	0.109	0.043	0.612	-0.001	0.016	2.276
10.229	0.104	0.043	0.554	-0.72	0.77	-0.65	-0.03	-26.69	-2.06	43840	0.109	0.043	0.611	-0.001	0.016	2.272
10.245	0.108	0.041	0.554	-0.71	1.02	-0.67	0.21	-18.45	-1.75	43874	0.110	0.043	0.611	-0.001	0.016	2.267
10.257	0.106	0.039	0.554	-0.70	1.24	-0.69	0.72	-11.64	-1.62	43886	0.110	0.042	0.611	-0.002	0.016	2.263
10.263	0.100	0.039	0.555	-0.69	1.42	-0.70	0.71	-3.91	0.51	43900	0.110	0.042	0.610	-0.002	0.016	2.259
10.275	0.102	0.039	0.555	-0.68	1.47	-0.70	5.84	1.94	1.15	43892	0.110	0.042	0.610	-0.003	0.016	2.255
10.282	0.104	0.038	0.555	-0.63	1.45	-0.69	10.91	3.42	2.46	43933	0.110	0.042	0.610	-0.003	0.015	2.251
10.291	0.104	0.034	0.555	-0.51	1.41	-0.67	17.10	4.59	2.39	44000	0.110	0.041	0.609	-0.004	0.015	2.246
10.304	0.100	0.032	0.555	-0.34	1.39	-0.65	21.18	7.04	2.40	44080	0.109	0.040	0.609	-0.004	0.014	2.242
10.314	0.101	0.032	0.555	-0.15	1.33	-0.63	16.46	14.35	2.81	44023	0.109	0.039	0.609	-0.005	0.014	2.238
10.322	0.108	0.038	0.555	-0.00	1.15	-0.60	6.50	24.56	2.19	44046	0.110	0.039	0.608	-0.005	0.014	2.234
10.332	0.115	0.043	0.555	0.06	0.89	-0.57	-1.81	28.45	3.63	44082	0.111	0.040	0.608	-0.005	0.014	2.230
10.344	0.118	0.044	0.555	0.04	0.59	-0.54	-6.26	26.86	4.90	44113	0.113	0.041	0.608	-0.004	0.014	2.226
10.354	0.123	0.048	0.554	-0.03	0.29	-0.49	-4.89	17.89	4.73	44135	0.115	0.042	0.607	-0.004	0.015	2.222
10.364	0.123	0.047	0.554	-0.08	0.09	-0.44	-4.71	9.78	4.46	44228	0.117	0.043	0.607	-0.003	0.015	2.218
10.375	0.125	0.046	0.554	-0.12	-0.04	-0.39	-6.56	4.33	3.26	44305	0.119	0.043	0.606	-0.003	0.015	2.214
10.384	0.126	0.046	0.554	-0.18	-0.09	-0.36	-6.49	2.65	2.88	44376	0.120	0.044	0.606	-0.002	0.015	2.210
10.388	0.123	0.046	0.553	-0.25	-0.11	-0.33	-5.78	7.65	2.93	44405	0.121	0.044	0.605	-0.002	0.016	2.206
10.405	0.124	0.044	0.553	-0.29	-0.17	-0.30	-2.09	8.29	3.16	44526	0.123	0.044	0.605	-0.002	0.015	2.202
10.414	0.122	0.044	0.552	-0.32	-0.24	-0.27	0.34	7.01	2.70	44521	0.123	0.045	0.604	-0.002	0.015	2.198
10.425	0.124	0.047	0.552	-0.33	-0.33	-0.24	3.19	0.94	1.52	44503	0.124	0.045	0.604	-0.002	0.016	2.195
10.436	0.124	0.043	0.552	-0.28	-0.35	-0.22	10.38	-10.56	0.15	44515	0.125	0.045	0.603	-0.002	0.015	2.191
10.444	0.122	0.046	0.552	-0.21	-0.26	-0.22	16.78	-17.33	-2.00	44573	0.126	0.045	0.603	-0.003	0.015	2.187
10.447	0.123	0.043	0.551	-0.05	-0.11	-0.23	19.01	-17.13	-3.00	44611	0.126	0.045	0.602	-0.003	0.015	2.183
10.465	0.120	0.040	0.551	0.16	0.09	-0.26	11.77	-8.40	-1.90	44619	0.126	0.045	0.602	-0.003	0.015	2.179
10.472	0.116	0.039	0.551	0.31	0.22	-0.28	-0.50	-1.51	-0.64	44627	0.126	0.044	0.601	-0.004	0.015	2.175
10.483	0.116	0.039	0.553	0.34	0.25	-0.29	-7.20	3.69	0.73	44246	0.125	0.044	0.601	-0.005	0.014	2.172
10.494	0.118	0.040	0.553	0.27	0.21	-0.29	-12.41	8.60	2.14	44243	0.125	0.044	0.601	-0.005	0.014	2.168
10.507	0.118	0.042	0.552	0.15	0.14	-0.27	-13.34	4.84	3.06	44227	0.125	0.044	0.600	-0.006	0.014	2.164
10.514	0.120	0.043	0.552	0.01	0.07	-0.24	-6.35	-2.28	3.60	44238	0.125	0.044	0.600	-0.006	0.014	2.161
10.528	0.126	0.045	0.552	-0.09	0.03	-0.21	1.79	-5.67	2.60	44258	0.126	0.044	0.600	-0.006	0.014	2.157
10.532	0.120	0.044	0.552	-0.08	0.13	-0.18	11.45	-0.71	1.85	44205	0.126	0.044	0.600	-0.007	0.014	2.154
10.545	0.127	0.042	0.552	0.02	0.10	-0.16	21.58	7.99	0.49	44199	0.127	0.044	0.599	-0.007	0.014	2.150
10.555	0.116	0.035	0.552	0.27	0.12	-0.15	29.39	10.21	-1.34	44221	0.126	0.044	0.599	-0.007	0.013	2.146
10.565	0.129	0.043	0.552	0.49	-0.07	-0.16	28.49	7.90	-2.25	44250	0.127	0.044	0.599	-0.007	0.013	2.143
10.575	0.129	0.041	0.553	0.80	-0.17	-0.18	31.68	-3.54	-1.59	44080	0.128	0.043	0.598	-0.007	0.013	2.139
10.585	0.130	0.051	0.553	1.03	-0.16	-0.19	26.56	-11.94	-0.87	44103	0.129	0.045	0.598	-0.007	0.013	2.136
10.593	0.128	0.049	0.552	1.33	-0.05	-0.21	14.26	-13.31	0.97	44137	0.130	0.045	0.598	-0.007	0.013	2.132
10.600	0.131	0.048	0.552	1.52	0.07	-0.21	7.83	-17.24	1.86	44168	0.131	0.046	0.598	-0.007	0.014	2.129
10.613	0.130	0.045	0.553	1.64	0.24	-0.20	3.01	-16.85	1.46	44221	0.131	0.046	0.597	-0.007	0.014	2.126
10.630	0.130	0.045	0.553	1.68	0.42	-0.18	-5.23	-6.45	0.99	44133	0.132	0.046	0.597	-0.007	0.014	2.122
10.634	0.131	0.047	0.553	1.63	0.51	-0.18	-16.36	1.88	-0.25	44161	0.133	0.046	0.597	-0.008	0.014	2.119
10.641	0.134	0.051	0.552	1.47	0.48	-0.18	-25.98	8.59	-0.62	44184	0.134	0.047	0.597	-0.008	0.014	2.116
10.653	0.135	0.055	0.553	1.19	0.41	-0.18	-35.58	16.31	0.72	44180	0.134	0.048	0.596	-0.008	0.014	2.112
10.664	0.137	0.058	0.553	0.84	0.25	-0.17	-42.30	16.99	3.19	44011	0.136	0.049	0.596	-0.008	0.015	2.109
10.674	0.136	0.050	0.553	0.49	0.08	-0.15	-40.02	9.00	4.31	43966	0.136	0.049	0.596	-0.008	0.015	2.106
10.684	0.136	0.050	0.553	0.08	-0.03	-0.11	-33.24	-1.08	5.32	43943	0.137	0.050	0.596	-0.008	0.015	2.102
10.692	0.138	0.050	0.553	-0.27	-0.05	-0.06	-27.91	-9.67	5.63	43913	0.138	0.050	0.595	-0.008	0.015	2.099
10.705	0.133	0.042	0.552	-0.50	0.06	-0.00	-19.94	-20.50	7.27	43907	0.138	0.049	0.595	-0.008	0.015	2.096
10.711	0.130	0.042	0.552	-0.73	0.26	0.07	-7.53	-27.03	7.12	43918	0.138	0.048	0.595	-0.008	0.014	2.093
10.725	0.129	0.041	0.552	-0.83	0.52	0.14	5.23	-29.16	7.38	43965	0.138	0.047	0.594	-0.009	0.014	2.090
10.734	0.137	0.042	0.552	-0.81	0.75	0.22	15.34	-28.87	8.17	43966	0.138	0.047	0.594	-0.009	0.013	2.086
10.744	0.135	0.040	0.551	-0.67	1.05	0.30	21.15	-18.58	8.12	43956	0.139	0.046	0.593	-0.010	0.013	2.083
10.757	0.134	0.036	0.551	-0.45	1.28	0.38	17.19	-3.60	8.25	44090	0.139	0.045	0.593	-0.010	0.012	2.080
10.765	0.134	0.036	0.551	-0.26	1.35	0.46	9.72	10.24	9.16	44040	0.139	0.044	0.593	-0.010	0.012	2.077
10.774	0.141	0.044	0.551	-0.22	1.23	0.56	1.95	15.76	9.70	43968	0.140	0.044	0.592	-0.010	0.012	2.074
10.785	0.141	0.044	0.551	-0.18	1.08	0.65	1.08	18.80	9.80	43909	0.141	0.044	0.592	-0.010	0.012	2.071
10.793	0.141	0.050	0.549	-0.22	0.91	0.75	3.34	21.00	8.96	44226	0.142	0.045	0.591	-0.010	0.012	2.067
10.801	0.143	0.049	0.549	-0.18	0.69	0.84	7.02	19.14	8.70	44201	0.143	0.045	0.590	-0.010	0.013	2.064
10.815	0.145	0.050	0.549	-0.13	0.48	0.93	11.00	11.93	7.51	44175	0.144	0.046	0.590	-0.010	0.013	2.061
10.824	0.145	0.050	0.549	-0.03	0.34	1.00	14.10	2.75	6.23	44184	0.145	0.047	0.589	-0.010	0.013	2.058
10.835	0.145	0.050	0.548	0.10	0.29	1.07	12.39	-6.14	4.16	44184	0.146	0.047	0.588	-0.010	0.013	2.055
10.842	0.144	0.047	0.548	0.26	0.33	1.11	10.65	-9.55	2.22	44222	0.146	0.047	0.588	-0.010	0.013	2.052
10.858	0.144	0.047	0.548	0.37	0.42	1.14	5.09	-9.95	0.97	44240	0.147	0.047	0.587	-0.011	0.013	2.049
10.866	0.143	0.045	0.548	0.45	0.54	1.16	-3.97	-9.13	-0.85	44233	0.147	0.047	0.587	-0.011	0.013	2.046
10.875	0.147	0.046	0.548	0.43	0.60	1.15	-11.51	-11.07	-4.38	44226	0.148	0.047	0.586	-0.011	0.013	2.043
10.885	0.147	0.046	0.548	0.34	0.70	1.12	-17.46	-12.67	-6.14	44231	0.149	0.047	0.586	-0.011	0.013	2.040
10.894	0.147	0.048	0.548	0.16	0.83	1.06	-21.31	-14.95	-5.08	44265	0.150	0.047	0.585	-0.011	0.013	2.037
10.903	0.148	0.053	0.547	-0.09	0.97	1.01	-13.16	-20.81	-3.13	44291	0.150	0.048	0.585	-0.011	0.013	2.035
10.913	0.148	0.053	0.547	-0.25	1.16	0.97	-0.59	-26.02	-0.84	44316	0.151	0.049	0.585	-0.012	0.014	2.032
10.924	0.148	0.053	0.547	-0.29	1.41	0.96	13.34	-22.35	1.96	44280	0.152	0.049	0.584	-0.012	0.014	2.029
10.933	0.163	0.051	0.547	-0.18	1.52	0.97	24.18	-13.17	3.36	44308	0.154	0.050	0.584	-0.011	0.014	2.026
10.943	0.164	0.051	0.547	0.04	1.68	1.00	28.11	2.83	1.45	44333	0.156	0.050	0.584	-0.011	0.014	2.023
10.952	0.165	0.056	0.547	0.27	1.70	1.02	26.79	22.75	0.73	44351	0.158	0.051	0.583	-0.010	0.014	2.021
10.965	0.171	0.064	0.546	0.48	1.47	1.04	23.14	37.35	0.27	44360	0.161	0.053	0.583	-0.009	0.015	2.018
10.973	0.174	0.061	0.546	0.75	1.11	1.04	19.26	38.34	-0.37	44478	0.163	0.054	0.582	-0.009	0.016	2.015
10.984	0.178	0.057	0.546	0.98	0.69	1.04	19.77	25.64	-1.82	44477	0.166	0.055	0.582	-0.008	0.016	2.012
10.994	0.173	0.054	0.545	1.21	0.44	1.03	18.11	7.07	-3.03	44530	0.168	0.055	0.581	-0.007	0.016	2.010
11.002	0.174	0.054	0.545	1.39	0.32	1.01	13.50	-10.51	-4.05	44631	0.170	0.055	0.581	-0.007	0.016	2.007
11.011	0.176	0.060	0.546	1.48	0.36	0.97	6.06	-19.60	-6.15	44607	0.172	0.055	0.581	-0.007	0.016	2.004
11.025	0.176	0.061	0.545	1.56	0.54	0.91	-4.17	-21.55	-8.18	44674	0.173	0.056	0.580	-0.007	0.016	2.002
11.034	0.179	0.063	0.545	1.53	0.74	0.83	-12.68	-18.64	-10.01	44724	0.175	0.057	0.580	-0.006	0.017	1.999
11.043	0.178	0.065	0.545	1.41	0.94	0.72	-25.09	-8.94	-10.91	44742	0.177	0.058	0.579	-0.006	0.017	1.996
11.053	0.179	0.070	0.544	1.15	1.05	0.61	-35.45	-5.57	-10.67	44752	0.178	0.060	0.579	-0.006	0.018	1.994
11.057	0.180	0.065	0.544	0.87	1.10	0.50	-40.88	-1.48	-10.07	44888	0.179	0.060	0.579	-0.006	0.018	1.991
11.074	0.183	0.065	0.543	0.46	1.11	0.40	-44.42	6.13	-8.56	44931	0.181	0.061	0.578	-0.006	0.019	1.988
11.083	0.186	0.072	0.543	-0.03	1.04	0.32	-43.48	14.13	-6.87	44948	0.183	0.062	0.578	-0.006	0.019	1.986
11.093	0.184	0.070	0.542	-0.44	0.94	0.24	-35.27	19.64	-3.37	44937	0.184	0.063	0.577	-0.006	0.020	1.983
11.104	0.188	0.070	0.542	-0.83	0.73	0.19	-23.61	24.37	-1.09	45033	0.186	0.064	0.576	-0.006	0.020	1.980
11.115	0.185	0.057	0.541	-0.98	0.52	0.17	-13.19	20.52	1.35	45018	0.187	0.064	0.576	-0.006	0.020	1.978
11.122	0.186	0.057	0.541	-1.13	0.30	0.18	-1.53	12.01	-0.07	44994	0.188	0.063	0.575	-0.006	0.019	1.975
11.135	0.186	0.057	0.541	-1.18	0.16	0.18	11.40	2.15	-0.46	44972	0.189	0.062	0.575	-0.006	0.019	1.973
11.143	0.187	0.055	0.541	-1.08	0.11	0.17	18.10	-6.71	-0.22	44914	0.190	0.062	0.575	-0.006	0.018	1.970
11.153	0.183	0.050	0.540	-0.87	0.19	0.17	16.32	-16.93	0.97	44900	0.190	0.060	0.574	-0.007	0.018	1.967
11.163	0.183	0.050	0.540	-0.70	0.33	0.18	13.27	-22.67	2.88	44905	0.191	0.059	0.574	-0.007	0.017	1.965
11.174	0.179	0.048	0.540	-0.54	0.59	0.20	9.44	-20.91	6.27	44958	0.190	0.058	0.573	-0.008	0.016	1.962
11.184	0.173	0.045	0.540	-0.42	0.85	0.25	11.68	-8.14	10.86	45019	0.190	0.056	0.573	-0.009	0.015	1.960
11.194	0.185	0.058	0.540	-0.42	0.88	0.36	20.56	9.90	13.09	44903	0.190	0.057	0.573	-0.010	0.016	1.957
11.202	0.187	0.059	0.540	-0.25	0.81	0.48	31.89	22.23	11.58	44882	0.191	0.057	0.572	-0.010	0.016	1.955
11.214	0.186	0.053	0.539	0.09	0.62	0.60	35.45	25.11	7.70	44856	0.192	0.057	0.572	-0.011	0.015	1.952
11.219	0.186	0.046	0.539	0.50	0.37	0.69	31.65	22.07	3.82	44842	0.192	0.056	0.572	-0.011	0.015	1.950
11.234	0.188	0.054	0.538	0.77	0.13	0.74	27.10	26.00	0.37	44980	0.193	0.056	0.571	-0.011	0.015	1.947
11.245	0.193	0.051	0.538	1.07	-0.16	0.75	20.26	36.31	-2.57	44943	0.194	0.055	0.571	-0.011	0.014	1.945
11.253	0.192	0.047	0.538	1.33	-0.48	0.74	10.67	37.99	-5.56	44842	0.195	0.054	0.570	-0.011	0.014	1.942
11.263	0.194	0.051	0.537	1.42	-0.89	0.71	3.35	21.22	-6.22	44721	0.196	0.054	0.570	-0.012	0.013	1.940
11.272	0.197	0.060	0.537	1.40	-1.17	0.65	-6.35	-1.43	-5.59	44657	0.197	0.055	0.570	-0.012	0.014	1.937
11.284	0.191	0.046	0.537	1.47	-1.16	0.59	-10.70	-19.41	-7.11	44624	0.197	0.054	0.569	-0.012	0.013	1.935
11.294	0.190	0.049	0.537	1.34	-1.00	0.52	-14.81	-30.21	-10.04	44581	0.197	0.053	0.569	-0.012	0.013	1.933
11.305	0.193	0.051	0.537	1.19	-0.75	0.43	-19.73	-30.94	-10.53	44572	0.198	0.053	0.569	-0.013	0.013	1.930
11.314	0.192	0.055	0.536	0.97	-0.42	0.32	-28.98	-19.88	-10.59	44564	0.198	0.053	0.568	-0.013	0.013	1.928
11.322	0.194	0.061	0.536	0.66	-0.21	0.21	-31.15	-12.38	-8.64	44593	0.199	0.054	0.568	-0.014	0.013	1.925
11.334	0.190	0.049	0.536	0.44	-0.03	0.11	-27.78	-7.68	-6.26	44571	0.199	0.053	0.568	-0.014	0.013	1.923
11.346	0.193	0.052	0.536	0.12	0.03	0.04	-22.22	-5.64	-2.67	44550	0.199	0.053	0.567	-0.015	0.013	1.921
11.353	0.193	0.051	0.536	-0.11	0.10	0.00	-20.09	-3.07	2.00	44511	0.199	0.053	0.567	-0.015	0.013	1.918
11.361	0.198	0.055	0.537	-0.35	0.10	0.01	-13.25	0.66	7.30	44244	0.200	0.053	0.567	-0.015	0.013	1.916
11.371	0.198	0.058	0.537	-0.53	0.10	0.07	-0.69	-1.59	13.32	44182	0.201	0.054	0.567	-0.016	0.013	1.914
11.384	0.199	0.057	0.537	-0.58	0.11	0.18	16.52	-4.01	17.20	44116	0.202	0.054	0.567	-0.016	0.014	1.912
11.391	0.197	0.053	0.537	-0.41	0.16	0.35	24.91	-0.66	18.91	44049	0.202	0.054	0.566	-0.016	0.014	1.909
11.403	0.197	0.049	0.537	-0.15	0.18	0.53	22.50	-0.10	19.53	43977	0.202	0.053	0.566	-0.016	0.013	1.907
11.413	0.197	0.044	0.538	0.12	0.19	0.72	20.16	-3.87	20.89	43969	0.203	0.052	0.566	-0.017	0.013	1.905
11.424	0.193	0.040	0.538	0.35	0.26	0.93	18.97	-9.12	19.60	43936	0.203	0.051	0.566	-0.018	0.012	1.903
11.434	0.192	0.049	0.538	0.47	0.35	1.13	18.72	-15.86	18.85	43928	0.202	0.050	0.566	-0.018	0.012	1.901
11.448	0.211	0.055	0.538	0.61	0.33	1.32	14.54	-23.95	18.48	43978	0.204	0.051	0.566	-0.018	0.012	1.899
11.451	0.209	0.051	0.538	0.79	0.58	1.50	6.13	-31.72	18.91	44092	0.206	0.051	0.566	-0.018	0.012	1.897
11.458	0.210	0.051	0.538	0.88	0.88	1.68	-4.72	-40.96	21.26	44122	0.207	0.051	0.565	-0.017	0.012	1.894
11.474	0.210	0.053	0.538	0.83	1.27	1.88	-11.27	-43.61	23.35	44153	0.209	0.051	0.565	-0.017	0.012	1.892
11.511	0.204	0.053	0.538	0.72	1.76	2.10	-17.03	-35.19	25.34	44158	0.209	0.051	0.565	-0.018	0.012	1.890
11.519	0.211	0.058	0.539	0.52	2.08	2.34	-23.32	-19.57	26.52	44144	0.211	0.052	0.565	-0.018	0.013	1.888
11.522	0.211	0.060	0.540	0.27	2.33	2.61	-25.30	-4.96	26.62	43828	0.212	0.053	0.565	-0.018	0.013	1.886
11.526	0.212	0.045	0.540	0.14	2.41	2.87	-20.79	7.54	26.20	43838	0.213	0.052	0.565	-0.018	0.013	1.885
11.528	0.212	0.045	0.540	-0.09	2.37	3.13	-11.18	23.26	24.85	43870	0.214	0.051	0.565	-0.018	0.012	1.883
11.528	0.215	0.047	0.539	-0.26	2.16	3.38	-0.77	32.34	24.24	43902	0.215	0.050	0.565	-0.018	0.012	1.881
11.547	0.215	0.046	0.539	-0.30	1.85	3.62	9.00	32.88	21.58	44038	0.216	0.050	0.565	-0.018	0.012	1.879
11.554	0.213	0.045	0.539	-0.23	1.54	3.84	15.90	24.74	18.78	44026	0.217	0.049	0.565	-0.019	0.012	1.877
11.563	0.214	0.042	0.539	-0.07	1.26	4.03	18.21	16.85	14.10	44046	0.218	0.048	0.565	-0.019	0.011	1.875
11.572	0.216	0.038	0.539	0.14	1.06	4.18	15.03	9.82	10.32	44061	0.219	0.047	0.564	-0.019	0.011	1.873
11.584	0.216	0.038	0.538	0.29	0.95	4.29	9.38	1.30	6.88	44254	0.220	0.046	0.564	-0.019	0.010	1.871
11.594	0.217	0.037	0.538	0.40	0.91	4.37	-0.72	-3.51	5.78	44252	0.221	0.044	0.564	-0.020	0.009	1.869
11.604	0.217	0.037	0.538	0.42	0.93	4.43	-16.39	3.68	4.43	44283	0.221	0.043	0.563	-0.020	0.009	1.867
11.613	0.217	0.036	0.538	0.30	0.93	4.48	-32.12	8.43	5.78	44289	0.222	0.042	0.563	-0.020	0.009	1.865
11.620	0.217	0.036	0.539	0.01	0.84	4.53	-34.67	0.91	5.58	44272	0.223	0.041	0.563	-0.021	0.008	1.863
11.634	0.221	0.035	0.538	-0.33	0.79	4.59	-27.11	-0.54	5.08	44254	0.224	0.040	0.563	-0.021	0.008	1.862
11.642	0.220	0.033	0.538	-0.61	0.80	4.64	-16.08	-3.20	2.92	44259	0.224	0.039	0.563	-0.021	0.007	1.860
11.654	0.222	0.033	0.538	-0.81	0.81	4.67	-11.60	-8.44	1.39	44245	0.225	0.038	0.562	-0.021	0.007	1.858
11.663	0.222	0.034	0.538	-0.94	0.88	4.69	-16.51	-13.97	0.00	44219	0.226	0.038	0.562	-0.022	0.007	1.856
11.673	0.223	0.036	0.538	-1.11	1.00	4.70	-11.32	-16.33	-2.84	44257	0.227	0.037	0.562	-0.022	0.007	1.854
11.682	0.220	0.035	0.538	-1.24	1.18	4.68	-2.96	-17.71	-5.50	44251	0.227	0.037	0.562	-0.022	0.006	1.853
11.695	0.220	0.030	0.538	-1.25	1.37	4.64	0.59	-9.85	-7.40	44231	0.228	0.036	0.561	-0.023	0.006	1.851
11.702	0.220	0.030	0.538	-1.25	1.49	4.57	-0.07	1.25	-5.30	44207	0.228	0.035	0.561	-0.024	0.006	1.849
11.715	0.220	0.029	0.539	-1.25	1.51	4.51	4.53	2.13	-3.04	44157	0.228	0.034	0.561	-0.024	0.005	1.847
11.724	0.220	0.029	0.539	-1.22	1.48	4.47	11.99	2.92	-0.89	43986	0.228	0.033	0.561	-0.025	0.005	1.846
11.734	0.222	0.026	0.539	-1.10	1.44	4.46	14.07	3.84	-0.60	43964	0.229	0.032	0.561	-0.025	0.004	1.844
11.743	0.224	0.024	0.539	-0.95	1.39	4.45	12.71	4.59	-0.62	43949	0.229	0.031	0.561	-0.026	0.004	1.842
11.755	0.225	0.023	0.539	-0.81	1.33	4.44	8.32	-3.12	0.14	43971	0.230	0.030	0.561	-0.026	0.003	1.841
11.762	0.223	0.019	0.539	-0.69	1.37	4.44	8.60	-7.56	-1.30	44038	0.231	0.029	0.560	-0.027	0.003	1.839
11.772	0.226	0.018	0.539	-0.61	1.41	4.44	12.58	-2.41	-3.06	44155	0.231	0.027	0.560	-0.027	0.002	1.837
11.784	0.227	0.022	0.539	-0.52	1.44	4.41	17.12	5.61	-3.65	44284	0.232	0.026	0.560	-0.027	0.002	1.836
11.790	0.227	0.028	0.539	-0.41	1.40	4.38	21.48	13.70	-5.50	44400	0.233	0.027	0.560	-0.028	0.002	1.834
11.804	0.230	0.032	0.538	-0.24	1.26	4.33	24.44	24.08	-9.16	44544	0.234	0.027	0.560	-0.028	0.002	1.833
11.813	0.230	0.032	0.538	-0.01	1.04	4.26	28.66	41.45	-13.03	44603	0.234	0.028	0.559	-0.028	0.003	1.831
11.823	0.231	0.038	0.538	0.22	0.66	4.14	21.81	50.04	-17.43	44636	0.235	0.029	0.559	-0.029	0.003	1.829
11.830	0.230	0.045	0.538	0.40	0.18	3.98	9.27	54.97	-18.68	44658	0.236	0.031	0.559	-0.029	0.004	1.828
11.842	0.229	0.043	0.538	0.55	-0.35	3.80	3.64	48.36	-23.13	44654	0.236	0.032	0.559	-0.029	0.005	1.826
11.855	0.233	0.044	0.537	0.58	-0.89	3.59	2.64	40.03	-26.61	44611	0.237	0.034	0.558	-0.030	0.006	1.825
11.861	0.233	0.044	0.537	0.61	-1.31	3.34	0.88	32.70	-31.75	44582	0.237	0.035	0.558	-0.030	0.006	1.823
11.873	0.233	0.044	0.537	0.61	-1.66	3.05	2.36	22.45	-39.02	44514	0.238	0.036	0.558	-0.030	0.007	1.821
11.881	0.228	0.044	0.537	0.62	-1.87	2.68	2.74	-1.69	-45.08	44455	0.238	0.037	0.558	-0.031	0.007	1.820
11.893	0.227	0.045	0.536	0.63	-1.91	2.24	-2.60	-30.47	-49.89	44535	0.237	0.038	0.557	-0.032	0.008	1.818
11.902	0.226	0.047	0.536	0.59	-1.68	1.75	-15.87	-47.86	-52.38	44521	0.237	0.039	0.557	-0.032	0.009	1.817
11.913	0.223	0.050	0.536	0.43	-1.21	1.24	-34.78	-50.14	-51.66	44578	0.236	0.041	0.557	-0.033	0.009	1.815
11.924	0.218	0.043	0.536	0.18	-0.67	0.71	-49.72	-39.81	-46.69	44606	0.235	0.041	0.556	-0.035	0.009	1.814
11.931	0.226	0.051	0.535	-0.35	-0.31	0.24	-56.78	-27.14	-40.05	44560	0.235	0.042	0.556	-0.035	0.010	1.812
11.941	0.223	0.043	0.535	-0.84	0.02	-0.17	-65.04	-12.95	-32.40	44510	0.234	0.042	0.556	-0.036	0.010	1.810
11.959	0.224	0.051	0.535	-1.53	0.18	-0.51	-63.53	-1.14	-23.17	44437	0.234	0.043	0.555	-0.037	0.011	1.809
11.963	0.222	0.045	0.535	-2.13	0.26	-0.76	-56.43	12.14	-13.03	44344	0.233	0.044	0.555	-0.038	0.011	1.807
11.974	0.221	0.032	0.535	-2.60	0.19	-0.92	-42.82	15.28	-1.34	44246	0.233	0.042	0.555	-0.039	0.010	1.806
11.980	0.222	0.030	0.535	-3.06	0.03	-0.97	-13.63	14.64	6.46	44086	0.232	0.041	0.555	-0.039	0.009	1.804
11.994	0.224	0.027	0.535	-3.25	-0.13	-0.93	27.71	15.88	9.98	44039	0.232	0.039	0.554	-0.040	0.008	1.803
12.002	0.227	0.032	0.535	-3.12	-0.32	-0.84	66.00	28.36	7.74	44008	0.232	0.039	0.554	-0.040	0.008	1.802
12.014	0.231	0.021	0.536	-2.46	-0.60	-0.77	94.82	42.11	4.27	43964	0.233	0.037	0.554	-0.040	0.007	1.800
12.023	0.228	0.020	0.535	-1.57	-0.97	-0.74	113.97	45.60	2.74	44027	0.233	0.035	0.554	-0.041	0.006	1.799
12.031	0.231	0.026	0.535	-0.52	-1.44	-0.71	116.28	37.65	-0.06	43966	0.233	0.034	0.554	-0.041	0.005	1.797
12.039	0.234	0.037	0.535	0.55	-1.88	-0.71	108.41	21.38	-3.05	43943	0.234	0.035	0.553	-0.041	0.005	1.796
12.053	0.236	0.030	0.535	1.72	-2.15	-0.72	75.82	4.52	-7.41	43982	0.235	0.034	0.553	-0.041	0.005	1.795
12.065	0.235	0.041	0.536	2.49	-2.23	-0.79	17.77	-7.22	-9.23	44014	0.235	0.035	0.553	-0.041	0.005	1.793
12.073	0.237	0.048	0.536	2.76	-2.19	-0.88	-39.64	-21.58	-8.03	43841	0.236	0.037	0.553	-0.041	0.006	1.792
12.082	0.240	0.051	0.536	2.48	-2.04	-0.97	-81.52	-35.18	-7.13	43837	0.237	0.039	0.553	-0.040	0.007	1.791
12.091	0.240	0.061	0.537	1.67	-1.73	-1.06	-109.19	-47.95	-8.04	43809	0.238	0.042	0.553	-0.040	0.008	1.790
12.103	0.231	0.044	0.537	0.79	-1.20	-1.14	-127.09	-60.92	-8.01	43748	0.238	0.042	0.553	-0.041	0.008	1.788
12.112	0.223	0.044	0.537	-0.44	-0.56	-1.22	-125.21	-68.37	-6.02	43533	0.237	0.042	0.553	-0.042	0.009	1.787
12.124	0.215	0.030	0.538	-1.59	0.18	-1.27	-108.07	-68.62	-4.83	43388	0.234	0.041	0.553	-0.043	0.008	1.786
12.132	0.202	0.022	0.538	-2.66	0.98	-1.29	-81.73	-63.20	-2.28	43255	0.231	0.039	0.553	-0.045	0.007	1.785
12.139	0.203	0.015	0.538	-3.49	1.61	-1.29	-51.01	-52.77	0.54	43124	0.228	0.036	0.553	-0.047	0.005	1.784
12.153	0.203	0.021	0.539	-4.13	2.17	-1.25	-15.91	-43.11	2.87	42999	0.226	0.034	0.553	-0.049	0.004	1.783
12.166	0.205	0.021	0.539	-4.39	2.61	-1.20	15.29	-25.79	4.68	42769	0.224	0.033	0.553	-0.050	0.003	1.782
12.173	0.204	0.021	0.540	-4.31	2.91	-1.13	43.59	0.61	7.63	42707	0.222	0.031	0.553	-0.052	0.003	1.781
12.183	0.203	0.009	0.540	-3.85	2.98	-1.06	69.73	28.43	8.79	42619	0.220	0.029	0.553	-0.053	0.001	1.780
12.191	0.204	-0.003	0.541	-3.12	2.76	-0.98	89.43	50.22	7.11	42503	0.219	0.025	0.553	-0.054	-0.001	1.779
12.199	0.215	0.015	0.541	-2.43	2.20	-0.92	98.76	57.64	5.38	42363	0.219	0.024	0.554	-0.054	-0.002	1.778
12.207	0.222	0.016	0.542	-1.47	1.58	-0.88	96.22	53.05	4.02	42269	0.220	0.024	0.554	-0.054	-0.002	1.777
12.225	0.220	0.024	0.542	-0.56	1.04	-0.85	83.72	39.62	3.36	42211	0.220	0.024	0.554	-0.054	-0.002	1.776
12.233	0.221	0.019	0.543	0.36	0.60	-0.82	62.81	25.87	2.83	42216	0.221	0.024	0.554	-0.054	-0.003	1.775
12.240	0.223	0.022	0.542	1.02	0.29	-0.78	35.40	15.78	1.93	42585	0.221	0.024	0.554	-0.054	-0.003	1.774
12.253	0.225	0.030	0.542	1.38	0.10	-0.75	8.77	10.03	2.23	42612	0.222	0.025	0.553	-0.054	-0.002	1.773
12.267	0.226	0.037	0.543	1.48	-0.02	-0.73	-11.98	5.53	0.70	42620	0.223	0.026	0.553	-0.054	-0.002	1.773
12.273	0.226	0.038	0.543	1.41	-0.09	-0.72	-28.28	-0.68	-1.12	42594	0.224	0.028	0.553	-0.053	-0.001	1.772
12.282	0.228	0.042	0.544	1.13	-0.11	-0.72	-41.03	-9.04	-2.28	42580	0.225	0.030	0.553	-0.053	0.000	1.771
12.298	0.229	0.048	0.544	0.71	-0.05	-0.74	-54.38	-18.68	-2.80	42541	0.225	0.033	0.553	-0.053	0.001	1.770
12.303	0.229	0.039	0.544	0.27	0.11	-0.77	-59.11	-28.58	-1.61	42549	0.226	0.034	0.553	-0.053	0.002	1.770
12.309	0.229	0.048	0.545	-0.38	0.37	-0.79	-57.35	-32.65	1.78	42562	0.227	0.036	0.553	-0.053	0.002	1.769
12.324	0.223	0.034	0.545	-0.85	0.74	-0.78	-44.93	-38.25	4.38	42567	0.227	0.036	0.553	-0.053	0.002	1.768
12.332	0.221	0.030	0.545	-1.30	1.13	-0.74	-26.09	-37.87	5.69	42664	0.227	0.035	0.553	-0.053	0.002	1.768
12.342	0.219	0.023	0.545	-1.55	1.51	-0.67	-5.50	-31.66	5.76	42665	0.227	0.034	0.553	-0.054	0.001	1.767
12.352	0.222	0.023	0.545	-1.65	1.82	-0.61	17.93	-23.39	6.49	42657	0.227	0.033	0.553	-0.054	0.000	1.767
12.367	0.223	0.016	0.545	-1.48	2.07	-0.54	41.16	-15.28	5.62	42660	0.227	0.031	0.553	-0.055	-0.001	1.766
12.372	0.224	0.025	0.545	-1.20	2.23	-0.47	55.12	-7.42	4.27	42674	0.227	0.031	0.552	-0.055	-0.001	1.766
12.384	0.222	0.017	0.546	-0.61	2.34	-0.43	60.64	2.22	1.64	42761	0.227	0.030	0.552	-0.055	-0.002	1.765
12.392	0.231	0.025	0.546	-0.08	2.26	-0.39	58.35	8.83	-0.40	42802	0.228	0.029	0.552	-0.055	-0.002	1.765
12.400	0.232	0.032	0.546	0.45	2.17	-0.39	48.00	12.48	-3.93	42857	0.229	0.030	0.552	-0.055	-0.002	1.764
12.415	0.234	0.027	0.546	1.01	2.05	-0.42	35.98	15.13	-5.54	42925	0.230	0.030	0.552	-0.055	-0.002	1.764
12.424	0.235	0.026	0.547	1.42	1.89	-0.47	19.55	14.28	-6.78	42871	0.232	0.030	0.552	-0.054	-0.003	1.763
12.434	0.237	0.031	0.547	1.61	1.72	-0.52	3.90	16.44	-7.89	42959	0.233	0.030	0.552	-0.054	-0.002	1.763
12.441	0.237	0.032	0.547	1.69	1.56	-0.60	-9.87	16.96	-7.68	43059	0.234	0.031	0.552	-0.054	-0.002	1.763
12.455	0.238	0.032	0.547	1.62	1.38	-0.67	-20.53	12.40	-8.39	43142	0.235	0.031	0.552	-0.054	-0.002	1.762
12.467	0.239	0.036	0.548	1.42	1.23	-0.75	-29.13	8.29	-7.91	43219	0.236	0.032	0.552	-0.053	-0.002	1.762
12.472	0.242	0.041	0.548	1.10	1.10	-0.82	-35.91	5.08	-7.85	43127	0.238	0.033	0.552	-0.053	-0.001	1.762
12.484	0.244	0.041	0.548	0.76	1.03	-0.90	-37.05	-0.45	-7.99	43189	0.239	0.034	0.552	-0.053	-0.001	1.761
12.491	0.239	0.036	0.548	0.44	1.06	-0.98	-32.83	-4.54	-7.55	43266	0.240	0.035	0.551	-0.053	-0.001	1.761
12.498	0.239	0.036	0.548	0.10	1.09	-1.06	-22.45	-10.41	-6.62	43343	0.241	0.035	0.551	-0.053	-0.001	1.761
12.514	0.239	0.037	0.548	-0.16	1.18	-1.12	-10.85	-12.94	-5.99	43281	0.241	0.035	0.551	-0.053	-0.001	1.761
12.522	0.239	0.038	0.548	-0.30	1.30	-1.18	-0.89	-14.26	-5.55	43320	0.242	0.036	0.551	-0.053	-0.001	1.760
12.531	0.243	0.037	0.548	-0.33	1.41	-1.24	8.13	-12.58	-4.89	43381	0.243	0.036	0.551	-0.053	-0.000	1.760
12.541	0.242	0.035	0.547	-0.24	1.55	-1.29	15.61	-9.83	-3.90	43453	0.243	0.036	0.551	-0.053	-0.001	1.760
12.552	0.242	0.033	0.547	-0.08	1.65	-1.33	20.81	-5.28	-3.39	43528	0.244	0.036	0.551	-0.053	-0.001	1.759
12.564	0.245	0.043	0.547	0.03	1.69	-1.36	23.18	-0.95	-2.96	43588	0.245	0.037	0.550	-0.053	-0.000	1.759
12.575	0.244	0.044	0.547	0.26	1.70	-1.39	22.62	5.30	-2.06	43660	0.246	0.038	0.550	-0.054	0.000	1.759
12.582	0.244	0.041	0.546	0.51	1.67	-1.42	21.27	8.91	-1.62	43731	0.246	0.039	0.550	-0.054	0.000	1.759
12.593	0.245	0.038	0.545	0.76	1.58	-1.43	16.26	14.85	-1.07	43808	0.247	0.039	0.549	-0.054	0.000	1.758
12.604	0.245	0.039	0.545	0.94	1.44	-1.44	10.63	19.41	-1.07	44029	0.248	0.039	0.549	-0.054	0.000	1.758
12.613	0.246	0.044	0.544	1.02	1.25	-1.45	6.31	22.59	-0.29	44101	0.248	0.040	0.548	-0.054	0.000	1.758
12.622	0.248	0.047	0.544	1.06	1.01	-1.45	-0.25	23.23	0.30	44174	0.249	0.041	0.548	-0.054	0.001	1.757
12.633	0.246	0.047	0.544	1.08	0.79	-1.44	-4.58	21.04	0.04	44247	0.250	0.042	0.548	-0.055	0.001	1.757
12.643	0.246	0.048	0.542	1.04	0.57	-1.44	-7.62	17.94	0.93	44592	0.250	0.043	0.547	-0.055	0.002	1.757
12.650	0.247	0.051	0.541	0.95	0.37	-1.42	-9.23	11.21	0.79	44674	0.250	0.044	0.546	-0.055	0.002	1.756
12.664	0.247	0.051	0.541	0.86	0.24	-1.42	-10.04	4.82	1.82	44754	0.251	0.045	0.546	-0.055	0.003	1.756
12.676	0.247	0.051	0.540	0.76	0.17	-1.40	-8.25	-0.82	2.24	44833	0.251	0.046	0.545	-0.056	0.003	1.756
12.681	0.246	0.049	0.539	0.70	0.17	-1.38	-6.56	-4.26	1.90	44895	0.251	0.046	0.544	-0.056	0.003	1.755
12.692	0.245	0.049	0.539	0.63	0.21	-1.36	-6.42	-4.32	1.92	44997	0.251	0.047	0.544	-0.056	0.003	1.755
12.703	0.244	0.049	0.538	0.57	0.26	-1.34	-5.33	-3.05	1.99	45068	0.251	0.047	0.543	-0.057	0.003	1.754
12.709	0.244	0.050	0.537	0.51	0.29	-1.32	-3.70	0.03	2.10	45116	0.251	0.048	0.542	-0.057	0.003	1.754
12.723	0.243	0.050	0.536	0.47	0.31	-1.30	-0.06	2.34	2.42	45168	0.251	0.048	0.542	-0.058	0.004	1.754
12.734	0.242	0.050	0.536	0.46	0.29	-1.28	5.62	3.90	2.39	45269	0.251	0.049	0.541	-0.059	0.004	1.753
12.743	0.244	0.051	0.535	0.49	0.24	-1.26	7.95	7.03	2.09	45334	0.250	0.049	0.541	-0.059	0.004	1.753
12.752	0.244	0.052	0.534	0.56	0.18	-1.23	8.50	11.61	0.58	45391	0.250	0.050	0.540	-0.059	0.004	1.752
12.762	0.244	0.052	0.533	0.65	0.09	-1.22	7.51	15.46	0.48	45450	0.250	0.050	0.539	-0.060	0.004	1.752
12.776	0.244	0.050	0.532	0.74	-0.07	-1.21	6.41	18.82	0.11	45561	0.250	0.050	0.539	-0.060	0.004	1.751
12.783	0.244	0.049	0.532	0.82	-0.25	-1.21	4.71	19.18	-0.51	45615	0.250	0.050	0.538	-0.061	0.004	1.751
12.794	0.244	0.054	0.531	0.84	-0.44	-1.21	3.96	14.74	-0.44	45660	0.250	0.051	0.538	-0.061	0.004	1.750
12.803	0.244	0.054	0.530	0.88	-0.60	-1.21	2.85	9.20	-0.41	45718	0.250	0.051	0.537	-0.062	0.005	1.750
12.810	0.245	0.057	0.529	0.89	-0.72	-1.22	0.71	6.83	-0.54	45769	0.250	0.052	0.536	-0.062	0.005	1.749
12.818	0.245	0.057	0.528	0.91	-0.79	-1.22	-2.02	4.58	-0.65	45846	0.250	0.053	0.536	-0.062	0.005	1.749
12.835	0.244	0.057	0.528	0.90	-0.85	-1.22	-4.11	1.57	-0.68	45900	0.250	0.053	0.535	-0.063	0.005	1.748
12.844	0.244	0.057	0.527	0.86	-0.87	-1.23	-7.09	-1.16	-0.29	45947	0.249	0.054	0.535	-0.063	0.006	1.748
12.853	0.244	0.057	0.526	0.80	-0.86	-1.23	-10.83	-3.89	0.54	45977	0.249	0.054	0.534	-0.063	0.006	1.747
12.861	0.244	0.057	0.524	0.70	-0.83	-1.23	-14.11	-7.59	0.83	46211	0.249	0.055	0.533	-0.064	0.006	1.746
12.877	0.243	0.061	0.523	0.54	-0.76	-1.22	-15.37	-11.18	1.34	46211	0.249	0.056	0.533	-0.064	0.006	1.746
12.883	0.242	0.061	0.523	0.39	-0.65	-1.21	-15.38	-11.54	1.40	46195	0.248	0.056	0.532	-0.065	0.007	1.745
12.894	0.243	0.066	0.522	0.20	-0.54	-1.19	-13.33	-11.78	1.83	46166	0.248	0.058	0.531	-0.065	0.007	1.744
12.902	0.242	0.066	0.522	0.06	-0.42	-1.18	-11.64	-12.07	2.50	45912	0.248	0.059	0.531	-0.065	0.008	1.743
12.911	0.241	0.058	0.522	0.00	-0.29	-1.15	-6.81	-11.26	2.94	45857	0.247	0.059	0.531	-0.066	0.008	1.743
12.919	0.244	0.062	0.521	-0.11	-0.20	-1.13	-2.67	-8.81	3.80	45801	0.247	0.059	0.530	-0.066	0.008	1.742
12.931	0.246	0.061	0.520	-0.15	-0.12	-1.09	1.29	-7.08	2.93	45763	0.248	0.059	0.530	-0.066	0.008	1.741
12.940	0.246	0.062	0.521	-0.14	-0.05	-1.06	5.47	-6.56	3.43	45720	0.248	0.060	0.530	-0.066	0.008	1.741
12.954	0.245	0.064	0.520	-0.11	0.03	-1.02	7.84	-4.16	3.35	45520	0.248	0.060	0.529	-0.067	0.008	1.740
12.961	0.245	0.064	0.520	-0.03	0.08	-0.99	8.45	-1.94	3.67	45471	0.248	0.061	0.529	-0.067	0.009	1.739
12.969	0.245	0.061	0.519	0.07	0.10	-0.95	8.58	-0.38	3.78	45426	0.248	0.061	0.529	-0.067	0.009	1.739
12.985	0.245	0.061	0.519	0.16	0.11	-0.92	7.03	0.92	4.18	45402	0.248	0.061	0.529	-0.067	0.009	1.738
12.994	0.245	0.061	0.518	0.23	0.10	-0.88	5.37	1.43	4.25	45432	0.248	0.061	0.528	-0.067	0.009	1.737
13.003	0.245	0.061	0.518	0.29	0.09	-0.83	2.50	1.91	4.78	45399	0.248	0.061	0.528	-0.068	0.009	1.736
13.010	0.245	0.060	0.518	0.34	0.07	-0.79	-0.19	1.47	4.85	45373	0.248	0.061	0.528	-0.068	0.009	1.736
13.023	0.245	0.060	0.517	0.35	0.06	-0.74	-2.24	1.25	4.57	45346	0.248	0.061	0.528	-0.068	0.008	1.735
13.031	0.244	0.060	0.517	0.33	0.06	-0.69	-3.75	-1.57	5.03	45316	0.247	0.061	0.527	-0.068	0.008	1.734
13.039	0.243	0.060	0.516	0.30	0.06	-0.64	-3.75	-1.20	4.62	45377	0.247	0.061	0.527	-0.069	0.008	1.733
13.048	0.243	0.060	0.516	0.26	0.07	-0.59	-3.15	-2.11	4.69	45363	0.247	0.061	0.527	-0.069	0.008	1.732
13.061	0.245	0.064	0.516	0.20	0.08	-0.55	-2.01	-1.24	4.79	45340	0.247	0.062	0.526	-0.069	0.008	1.732
13.069	0.245	0.064	0.516	0.18	0.10	-0.50	-1.97	-0.96	4.62	45327	0.247	0.062	0.526	-0.069	0.009	1.731
13.086	0.245	0.064	0.516	0.16	0.11	-0.45	-1.66	0.48	4.53	45223	0.247	0.062	0.526	-0.069	0.009	1.730
13.092	0.243	0.066	0.516	0.13	0.11	-0.41	0.34	1.31	4.31	45190	0.247	0.063	0.526	-0.070	0.009	1.729
13.103	0.243	0.066	0.516	0.12	0.11	-0.36	0.92	1.66	4.56	45145	0.246	0.063	0.526	-0.070	0.009	1.728
13.112	0.240	0.069	0.515	0.11	0.11	-0.32	1.72	2.32	4.28	45118	0.246	0.064	0.526	-0.070	0.009	1.728
13.124	0.244	0.070	0.515	0.12	0.06	-0.28	3.35	1.97	3.71	45104	0.246	0.065	0.526	-0.070	0.010	1.727
13.134	0.244	0.073	0.515	0.13	0.04	-0.24	3.92	2.66	3.07	45108	0.246	0.066	0.526	-0.070	0.010	1.726
13.142	0.241	0.072	0.515	0.17	0.03	-0.21	3.58	3.48	2.38	45082	0.245	0.067	0.525	-0.071	0.011	1.725
13.152	0.244	0.073	0.515	0.20	-0.02	-0.18	3.83	4.72	1.61	45050	0.245	0.068	0.525	-0.071	0.011	1.724
13.162	0.241	0.073	0.515	0.25	-0.04	-0.16	2.91	4.61	0.76	45033	0.245	0.069	0.525	-0.071	0.011	1.724
13.173	0.242	0.074	0.515	0.27	-0.10	-0.15	2.24	4.93	0.23	44928	0.244	0.069	0.525	-0.071	0.012	1.723
13.187	0.242	0.074	0.515	0.29	-0.15	-0.15	0.95	3.26	-0.34	44898	0.244	0.070	0.525	-0.071	0.012	1.722
13.193	0.239	0.074	0.515	0.31	-0.17	-0.15	-0.15	3.80	-0.01	44864	0.244	0.071	0.525	-0.072	0.012	1.721
13.203	0.239	0.074	0.515	0.32	-0.20	-0.15	-1.95	1.80	-0.09	44835	0.243	0.071	0.525	-0.072	0.012	1.721
13.215	0.239	0.074	0.515	0.30	-0.23	-0.15	-3.00	0.61	0.09	44738	0.243	0.072	0.525	-0.072	0.013	1.720
13.226	0.238	0.075	0.515	0.27	-0.24	-0.15	-3.98	-1.19	0.55	44721	0.242	0.072	0.525	-0.073	0.013	1.719
13.230	0.238	0.075	0.515	0.24	-0.23	-0.15	-3.69	-3.58	0.59	44696	0.242	0.073	0.525	-0.073	0.013	1.718
13.243	0.238	0.075	0.515	0.19	-0.20	-0.14	-2.97	-5.27	0.49	44673	0.241	0.073	0.526	-0.073	0.013	1.718
13.251	0.235	0.075	0.515	0.16	-0.13	-0.14	-1.59	-6.49	0.48	44671	0.240	0.074	0.526	-0.074	0.013	1.717
13.263	0.235	0.075	0.515	0.14	-0.07	-0.13	0.20	-7.29	0.55	44697	0.240	0.074	0.526	-0.074	0.013	1.716
13.273	0.234	0.077	0.515	0.12	0.00	-0.13	1.83	-6.75	1.17	44676	0.239	0.075	0.526	-0.074	0.013	1.715
13.279	0.233	0.075	0.515	0.15	0.08	-0.12	2.48	-5.82	-0.05	44650	0.238	0.075	0.526	-0.075	0.013	1.714
13.293	0.233	0.076	0.514	0.17	0.14	-0.11	3.30	-3.43	0.50	44641	0.238	0.075	0.525	-0.075	0.014	1.714
13.302	0.233	0.076	0.514	0.20	0.18	-0.11	4.28	-1.22	0.90	44881	0.237	0.075	0.525	-0.075	0.014	1.713
13.313	0.233	0.082	0.514	0.19	0.20	-0.11	4.71	0.38	1.33	44881	0.236	0.076	0.525	-0.075	0.014	1.712
13.322	0.233	0.083	0.514	0.24	0.21	-0.09	4.44	2.94	0.06	44876	0.236	0.077	0.525	-0.076	0.014	1.711
13.327	0.233	0.080	0.514	0.31	0.18	-0.09	2.65	5.10	0.55	44875	0.235	0.078	0.525	-0.076	0.015	1.710
13.343	0.232	0.080	0.514	0.34	0.13	-0.09	1.95	7.89	-0.57	44888	0.235	0.078	0.525	-0.076	0.015	1.709
13.353	0.232	0.080	0.514	0.37	0.07	-0.08	1.44	8.97	-0.34	44903	0.235	0.079	0.525	-0.076	0.015	1.709
13.363	0.230	0.078	0.514	0.40	-0.01	-0.09	0.58	9.12	-0.30	44903	0.234	0.079	0.525	-0.076	0.015	1.708
13.372	0.228	0.076	0.514	0.42	-0.09	-0.09	0.24	9.35	0.02	44898	0.233	0.079	0.525	-0.077	0.015	1.707
13.384	0.228	0.076	0.512	0.43	-0.18	-0.09	-0.68	8.84	0.06	44897	0.232	0.078	0.524	-0.077	0.014	1.706
13.395	0.224	0.078	0.512	0.42	-0.25	-0.09	-1.14	7.73	-0.12	45189	0.231	0.079	0.524	-0.078	0.014	1.705
13.404	0.227	0.092	0.512	0.31	-0.35	-0.09	-0.65	6.38	-0.08	45182	0.230	0.080	0.524	-0.078	0.015	1.704
13.413	0.228	0.094	0.512	0.30	-0.42	-0.09	-0.31	4.78	-0.18	45166	0.230	0.082	0.524	-0.078	0.016	1.704
13.420	0.227	0.093	0.512	0.29	-0.47	-0.09	-0.17	2.65	-0.15	45162	0.229	0.084	0.523	-0.078	0.017	1.703
13.430	0.227	0.107	0.511	0.19	-0.51	-0.09	1.56	1.41	-0.05	45313	0.229	0.087	0.523	-0.078	0.018	1.702
13.437	0.227	0.108	0.511	0.20	-0.53	-0.10	3.24	0.62	-0.59	45299	0.228	0.090	0.523	-0.078	0.019	1.701
13.453	0.227	0.108	0.511	0.23	-0.54	-0.10	5.76	-0.82	-0.52	45278	0.228	0.092	0.523	-0.078	0.021	1.700
13.463	0.223	0.105	0.511	0.30	-0.51	-0.10	7.79	-1.82	-0.96	45266	0.227	0.094	0.523	-0.079	0.021	1.699
13.470	0.223	0.102	0.512	0.40	-0.50	-0.11	10.70	-1.44	-1.20	45272	0.226	0.095	0.523	-0.079	0.022	1.698
13.480	0.223	0.096	0.512	0.53	-0.48	-0.12	11.68	-0.99	-0.89	45110	0.225	0.096	0.523	-0.079	0.022	1.697
13.496	0.234	0.127	0.512	0.44	-0.54	-0.14	11.71	-0.35	-1.10	45099	0.226	0.100	0.523	-0.078	0.024	1.697
13.502	0.233	0.128	0.512	0.56	-0.53	-0.15	10.45	0.37	-0.86	45106	0.227	0.104	0.523	-0.078	0.026	1.696
13.514	0.232	0.124	0.512	0.70	-0.52	-0.16	6.91	0.57	-1.13	45110	0.227	0.107	0.523	-0.078	0.027	1.695
13.521	0.232	0.119	0.512	0.82	-0.53	-0.17	6.76	0.53	-1.03	45001	0.227	0.109	0.523	-0.077	0.028	1.694
13.533	0.232	0.115	0.512	0.93	-0.54	-0.18	4.59	0.56	-0.92	45007	0.227	0.110	0.523	-0.077	0.028	1.693
13.543	0.232	0.122	0.512	0.94	-0.54	-0.19	4.36	-0.97	-0.55	45016	0.228	0.112	0.523	-0.077	0.029	1.692
13.551	0.236	0.156	0.512	0.76	-0.56	-0.21	2.82	-0.82	-0.52	45022	0.228	0.118	0.523	-0.076	0.031	1.692
13.563	0.236	0.157	0.513	0.79	-0.55	-0.21	1.74	-1.97	-0.57	44891	0.229	0.123	0.523	-0.076	0.034	1.691
13.568	0.236	0.158	0.513	0.81	-0.53	-0.22	2.00	-3.25	-0.03	44884	0.229	0.128	0.523	-0.075	0.036	1.690
13.576	0.235	0.156	0.513	0.85	-0.50	-0.22	4.32	-4.71	0.25	44863	0.230	0.132	0.523	-0.075	0.038	1.689
13.597	0.235	0.157	0.513	0.89	-0.46	-0.22	6.59	-6.26	0.39	44847	0.230	0.135	0.524	-0.074	0.039	1.688
13.602	0.235	0.158	0.514	0.94	-0.40	-0.22	9.66	-9.03	0.22	44851	0.230	0.139	0.524	-0.074	0.041	1.688
13.613	0.232	0.150	0.514	1.09	-0.29	-0.21	11.07	-9.15	-0.33	44694	0.230	0.141	0.524	-0.074	0.041	1.687
13.623	0.231	0.146	0.514	1.23	-0.20	-0.21	14.09	-9.01	0.41	44666	0.230	0.142	0.524	-0.074	0.042	1.686
13.631	0.235	0.171	0.514	1.21	-0.13	-0.22	15.87	-9.23	0.75	44640	0.230	0.146	0.524	-0.073	0.043	1.685
13.638	0.233	0.175	0.514	1.34	-0.03	-0.22	15.26	-8.64	0.07	44648	0.230	0.151	0.525	-0.073	0.045	1.684
13.652	0.232	0.169	0.513	1.55	0.07	-0.22	12.70	-5.73	-0.16	44814	0.230	0.154	0.525	-0.073	0.046	1.684
13.662	0.230	0.165	0.513	1.71	0.14	-0.22	12.41	-4.42	0.24	44800	0.229	0.156	0.525	-0.073	0.047	1.683
13.671	0.230	0.166	0.513	1.84	0.19	-0.22	9.42	-1.05	0.20	44784	0.229	0.158	0.525	-0.073	0.048	1.682
13.682	0.230	0.162	0.514	1.97	0.21	-0.22	7.49	0.77	0.14	44773	0.229	0.159	0.525	-0.073	0.048	1.681
13.687	0.230	0.153	0.514	2.12	0.20	-0.21	4.09	2.63	0.81	44772	0.229	0.159	0.525	-0.073	0.047	1.680
13.703	0.234	0.189	0.514	1.93	0.15	-0.22	1.40	4.58	0.82	44665	0.229	0.163	0.525	-0.072	0.049	1.680
13.714	0.234	0.190	0.514	1.95	0.11	-0.21	-2.46	5.66	0.82	44657	0.229	0.167	0.525	-0.072	0.051	1.679
13.722	0.234	0.191	0.514	1.93	0.06	-0.20	-4.54	7.12	1.00	44657	0.229	0.171	0.525	-0.072	0.052	1.678
13.731	0.233	0.191	0.515	1.90	-0.00	-0.19	-5.80	7.82	0.57	44674	0.229	0.174	0.525	-0.071	0.054	1.677
13.743	0.229	0.193	0.515	1.84	-0.05	-0.18	-5.92	5.82	0.25	44548	0.229	0.177	0.525	-0.071	0.055	1.676
13.752	0.228	0.195	0.515	1.77	-0.11	-0.17	-4.67	4.95	-0.49	44547	0.228	0.180	0.526	-0.071	0.056	1.676
13.761	0.229	0.197	0.515	1.73	-0.16	-0.17	-1.16	2.03	0.95	44531	0.228	0.183	0.526	-0.071	0.057	1.675
13.772	0.229	0.198	0.516	1.71	-0.19	-0.16	1.64	0.07	-0.35	44529	0.228	0.186	0.526	-0.071	0.058	1.674
13.782	0.227	0.199	0.516	1.73	-0.18	-0.17	3.13	-0.87	-0.88	44527	0.227	0.188	0.526	-0.071	0.059	1.673
13.790	0.227	0.200	0.516	1.75	-0.17	-0.17	3.13	-1.25	-0.90	44500	0.227	0.190	0.526	-0.071	0.059	1.673
13.804	0.227	0.201	0.516	1.78	-0.15	-0.18	5.78	-2.67	-0.63	44490	0.226	0.192	0.526	-0.071	0.060	1.672
13.814	0.227	0.202	0.516	1.84	-0.12	-0.19	6.50	-2.66	0.58	44494	0.226	0.194	0.526	-0.071	0.060	1.671
13.820	0.225	0.200	0.515	1.91	-0.09	-0.18	6.27	-0.96	0.59	44523	0.225	0.196	0.526	-0.071	0.061	1.670
13.832	0.225	0.201	0.515	1.97	-0.08	-0.18	3.70	0.71	0.24	44724	0.225	0.197	0.526	-0.071	0.061	1.669
13.839	0.227	0.200	0.515	2.02	-0.09	-0.18	2.67	1.02	-0.35	44727	0.225	0.198	0.526	-0.071	0.061	1.669
13.852	0.227	0.201	0.515	2.04	-0.11	-0.18	-0.76	4.81	-1.02	44748	0.224	0.199	0.526	-0.071	0.061	1.668
13.863	0.228	0.203	0.515	2.02	-0.16	-0.19	-4.21	5.73	0.04	44783	0.224	0.200	0.526	-0.070	0.061	1.667
13.872	0.228	0.204	0.516	1.97	-0.22	-0.18	-5.13	5.62	1.05	44773	0.224	0.201	0.526	-0.070	0.062	1.666
13.882	0.214	0.180	0.516	2.09	-0.18	-0.15	-6.86	4.85	-0.03	44800	0.223	0.199	0.526	-0.071	0.060	1.665
13.889	0.214	0.180	0.516	2.02	-0.23	-0.15	-6.19	5.05	0.61	44823	0.221	0.198	0.526	-0.071	0.059	1.665
13.907	0.214	0.184	0.516	1.92	-0.29	-0.15	-6.92	3.38	-0.04	44856	0.220	0.196	0.526	-0.072	0.058	1.664
13.912	0.220	0.187	0.516	1.83	-0.36	-0.15	-7.88	2.87	0.96	44881	0.219	0.196	0.526	-0.072	0.057	1.663
13.923	0.207	0.165	0.516	1.90	-0.31	-0.12	-8.92	2.52	1.11	44860	0.217	0.192	0.526	-0.072	0.055	1.662
13.931	0.206	0.158	0.516	1.85	-0.33	-0.11	-10.91	0.60	1.38	44877	0.215	0.189	0.526	-0.073	0.053	1.662
13.941	0.207	0.163	0.516	1.70	-0.34	-0.10	-11.59	0.71	1.87	44901	0.213	0.186	0.526	-0.073	0.052	1.661
13.948	0.209	0.168	0.515	1.54	-0.37	-0.09	-12.92	0.95	2.00	44922	0.212	0.184	0.526	-0.074	0.051	1.660
13.962	0.201	0.138	0.515	1.61	-0.33	-0.05	-13.88	-0.11	2.12	45048	0.210	0.178	0.526	-0.074	0.048	1.659
13.974	0.201	0.142	0.515	1.43	-0.33	-0.04	-14.69	0.84	2.02	45079	0.208	0.174	0.526	-0.075	0.045	1.658
13.981	0.201	0.149	0.515	1.23	-0.35	-0.02	-15.44	0.73	1.92	45106	0.207	0.171	0.525	-0.075	0.044	1.658
13.993	0.203	0.155	0.515	1.03	-0.37	-0.01	-16.84	1.78	1.62	45124	0.206	0.169	0.525	-0.075	0.043	1.657
14.008	0.196	0.128	0.514	1.04	-0.34	0.02	-18.50	2.39	1.79	45127	0.204	0.164	0.525	-0.076	0.040	1.656
14.012	0.196	0.134	0.514	0.80	-0.37	0.04	-18.47	3.26	2.22	45199	0.202	0.160	0.525	-0.076	0.038	1.655
14.023	0.197	0.141	0.514	0.56	-0.41	0.05	-18.29	4.59	1.83	45215	0.200	0.158	0.525	-0.077	0.037	1.654
14.032	0.196	0.119	0.514	0.53	-0.45	0.08	-18.55	3.97	1.98	45228	0.199	0.153	0.525	-0.077	0.035	1.653
14.039	0.194	0.122	0.513	0.32	-0.48	0.10	-18.39	5.14	1.85	45238	0.198	0.149	0.525	-0.077	0.033	1.653
14.053	0.196	0.126	0.512	0.10	-0.55	0.12	-17.98	5.30	2.20	45452	0.197	0.146	0.524	-0.077	0.031	1.652
14.057	0.190	0.100	0.512	0.09	-0.56	0.16	-18.05	5.23	1.84	45478	0.195	0.140	0.524	-0.078	0.028	1.651
14.074	0.190	0.104	0.512	-0.12	-0.62	0.17	-17.79	5.73	1.71	45510	0.193	0.135	0.524	-0.078	0.026	1.650
14.085	0.193	0.113	0.512	-0.36	-0.69	0.18	-17.34	5.06	2.54	45498	0.192	0.132	0.524	-0.078	0.025	1.649
14.093	0.185	0.087	0.512	-0.36	-0.69	0.22	-18.32	5.39	2.18	45415	0.190	0.126	0.523	-0.078	0.022	1.648
14.102	0.184	0.091	0.512	-0.59	-0.74	0.24	-18.91	4.74	2.27	45443	0.189	0.121	0.523	-0.078	0.020	1.647
14.110	0.189	0.099	0.512	-0.84	-0.83	0.25	-19.97	4.52	2.41	45448	0.188	0.118	0.523	-0.078	0.018	1.646
14.122	0.183	0.077	0.512	-0.90	-0.83	0.29	-20.60	3.85	2.92	45429	0.186	0.112	0.523	-0.079	0.016	1.645
14.132	0.183	0.082	0.510	-1.15	-0.88	0.32	-21.04	3.13	2.23	45447	0.185	0.108	0.523	-0.079	0.014	1.644
14.142	0.185	0.088	0.510	-1.41	-0.93	0.34	-19.85	2.67	2.37	45735	0.184	0.105	0.523	-0.079	0.013	1.644
14.149	0.177	0.070	0.510	-1.49	-0.91	0.37	-19.24	3.61	2.46	45765	0.182	0.100	0.522	-0.079	0.011	1.643
14.161	0.177	0.074	0.509	-1.72	-0.95	0.39	-17.77	3.34	1.52	45790	0.180	0.096	0.522	-0.079	0.009	1.642
14.172	0.177	0.056	0.510	-1.78	-0.97	0.42	-15.53	3.71	1.69	45799	0.179	0.090	0.522	-0.079	0.007	1.641
14.182	0.177	0.059	0.510	-1.97	-1.02	0.43	-15.40	2.01	1.60	45616	0.177	0.086	0.522	-0.079	0.005	1.640
14.192	0.179	0.066	0.510	-2.18	-1.06	0.44	-13.01	2.24	1.66	45607	0.176	0.083	0.522	-0.079	0.003	1.639
14.199	0.178	0.075	0.510	-2.38	-1.07	0.45	-12.30	2.57	1.73	45593	0.175	0.081	0.522	-0.079	0.003	1.638
14.214	0.173	0.045	0.510	-2.30	-1.07	0.48	-10.39	2.35	1.82	45594	0.174	0.076	0.522	-0.079	0.001	1.637
14.222	0.173	0.043	0.509	-2.40	-1.09	0.50	-8.55	2.66	1.55	45724	0.172	0.071	0.522	-0.079	-0.001	1.636
14.232	0.173	0.049	0.509	-2.54	-1.13	0.51	-8.35	2.80	1.02	45722	0.171	0.067	0.522	-0.079	-0.003	1.635
14.241	0.173	0.047	0.508	-2.62	-1.15	0.52	-6.88	2.04	1.31	45729	0.170	0.064	0.521	-0.079	-0.004	1.634
14.252	0.174	0.050	0.508	-2.72	-1.19	0.53	-7.61	2.72	1.44	45733	0.169	0.062	0.521	-0.078	-0.005	1.633
14.263	0.175	0.053	0.508	-2.82	-1.22	0.54	-6.67	1.51	1.89	45727	0.169	0.060	0.521	-0.078	-0.005	1.632
14.271	0.167	0.040	0.508	-2.80	-1.18	0.57	-5.58	1.48	2.10	45732	0.167	0.057	0.521	-0.078	-0.007	1.631
14.282	0.166	0.031	0.508	-2.81	-1.19	0.59	-5.23	0.18	2.60	45723	0.166	0.053	0.521	-0.078	-0.008	1.630
14.292	0.166	0.034	0.508	-2.88	-1.20	0.62	-3.72	-0.48	2.60	45721	0.164	0.050	0.521	-0.078	-0.009	1.629
14.300	0.165	0.032	0.507	-2.92	-1.19	0.64	-2.33	-1.03	2.20	45721	0.163	0.047	0.521	-0.078	-0.010	1.628
14.315	0.165	0.034	0.508	-2.96	-1.19	0.66	-1.91	-0.62	2.22	45591	0.162	0.045	0.521	-0.077	-0.011	1.627
14.322	0.165	0.033	0.508	-2.98	-1.18	0.68	-1.43	-1.92	2.57	45564	0.161	0.043	0.521	-0.077	-0.012	1.626
14.330	0.162	0.034	0.508	-3.01	-1.14	0.71	-1.14	-2.52	2.48	45550	0.160	0.041	0.521	-0.077	-0.012	1.625
14.343	0.162	0.033	0.508	-3.01	-1.12	0.73	-0.36	-2.55	2.51	45551	0.159	0.039	0.521	-0.077	-0.013	1.624
14.351	0.162	0.032	0.508	-3.02	-1.09	0.76	0.87	-3.50	2.46	45545	0.157	0.038	0.521	-0.076	-0.013	1.623
14.362	0.163	0.032	0.508	-3.02	-1.07	0.79	2.14	-3.45	2.45	45488	0.157	0.037	0.521	-0.076	-0.014	1.622
14.373	0.158	0.030	0.508	-2.99	-1.00	0.81	3.93	-4.36	1.90	45467	0.155	0.035	0.521	-0.076	-0.014	1.621
14.383	0.156	0.029	0.508	-2.94	-0.95	0.83	6.02	-4.96	1.86	45464	0.154	0.034	0.521	-0.075	-0.014	1.620
14.392	0.156	0.027	0.509	-2.87	-0.90	0.85	7.30	-4.97	2.10	45445	0.153	0.033	0.521	-0.075	-0.015	1.619
14.399	0.156	0.025	0.509	-2.78	-0.85	0.87	9.40	-5.11	1.77	45252	0.152	0.031	0.521	-0.075	-0.015	1.618
14.416	0.125	0.017	0.509	-2.63	-0.57	0.88	11.33	-4.54	1.12	45239	0.147	0.029	0.522	-0.076	-0.016	1.617
14.416	0.125	0.014	0.509	-2.51	-0.53	0.90	12.24	-3.74	0.89	45239	0.143	0.027	0.522	-0.078	-0.017	1.616
14.431	0.122	0.010	0.509	-2.36	-0.47	0.91	11.93	-3.38	0.52	45232	0.138	0.024	0.522	-0.079	-0.018	1.615
14.442	0.124	0.028	0.509	-2.38	-0.47	0.90	11.51	0.01	0.27	45274	0.135	0.025	0.522	-0.080	-0.018	1.614
14.450	0.125	0.031	0.509	-2.29	-0.47	0.90	9.47	2.99	-0.15	45259	0.132	0.025	0.522	-0.080	-0.017	1.613
14.463	0.124	0.030	0.509	-2.20	-0.50	0.90	7.46	6.62	-0.29	45262	0.129	0.025	0.522	-0.081	-0.017	1.612
14.472	0.125	0.027	0.509	-2.11	-0.58	0.89	5.74	9.41	-0.77	45272	0.127	0.025	0.522	-0.081	-0.017	1.611
14.480	0.102	0.021	0.509	-2.01	-0.50	0.87	5.68	12.49	-0.84	45277	0.122	0.025	0.522	-0.082	-0.017	1.610
14.493	0.102	0.016	0.509	-1.92	-0.64	0.86	5.36	13.82	-0.96	45256	0.118	0.023	0.522	-0.083	-0.018	1.609
14.500	0.099	0.016	0.509	-1.87	-0.76	0.84	5.80	14.42	-1.29	45236	0.114	0.022	0.522	-0.084	-0.018	1.608
14.516	0.098	0.015	0.509	-1.81	-0.90	0.83	6.15	14.25	-1.33	45238	0.110	0.021	0.522	-0.085	-0.019	1.607
14.522	0.117	0.045	0.509	-1.97	-1.21	0.81	7.52	12.97	-1.22	45245	0.109	0.024	0.522	-0.085	-0.017	1.606
14.530	0.116	0.041	0.508	-1.87	-1.33	0.79	6.54	11.66	-0.79	45450	0.108	0.026	0.522	-0.084	-0.016	1.605
14.541	0.116	0.038	0.508	-1.77	-1.45	0.78	7.53	9.62	-1.76	45444	0.107	0.027	0.522	-0.083	-0.015	1.604
14.550	0.117	0.057	0.508	-1.84	-1.55	0.75	9.45	7.32	-1.44	45441	0.106	0.031	0.522	-0.083	-0.013	1.603
14.563	0.124	0.061	0.508	-1.78	-1.68	0.74	11.25	1.94	-1.11	45469	0.106	0.035	0.522	-0.081	-0.012	1.602
14.570	0.125	0.058	0.508	-1.64	-1.71	0.73	12.73	0.80	-1.79	45484	0.106	0.038	0.522	-0.080	-0.010	1.601
14.582	0.123	0.067	0.508	-1.57	-1.70	0.70	15.00	-3.12	-1.87	45464	0.106	0.042	0.522	-0.079	-0.008	1.600
14.592	0.126	0.072	0.508	-1.46	-1.70	0.68	17.61	-6.45	-1.68	45480	0.107	0.046	0.522	-0.077	-0.006	1.599
14.606	0.126	0.073	0.508	-1.28	-1.63	0.67	20.06	-7.26	-2.23	45501	0.107	0.049	0.522	-0.076	-0.005	1.597
14.614	0.128	0.087	0.507	-1.19	-1.57	0.63	22.99	-9.06	-2.24	45510	0.108	0.054	0.522	-0.074	-0.002	1.596
14.618	0.126	0.082	0.507	-0.91	-1.46	0.62	24.22	-10.46	-2.50	45573	0.108	0.058	0.522	-0.073	-0.000	1.595
14.633	0.128	0.101	0.507	-0.81	-1.38	0.58	25.19	-9.60	-2.69	45568	0.108	0.064	0.522	-0.072	0.002	1.594
14.643	0.127	0.095	0.507	-0.50	-1.28	0.56	26.16	-10.40	-2.46	45605	0.109	0.068	0.522	-0.070	0.004	1.593
14.656	0.131	0.112	0.507	-0.37	-1.20	0.52	25.20	-9.54	-2.39	45607	0.110	0.074	0.522	-0.069	0.007	1.592
14.663	0.130	0.107	0.507	-0.06	-1.10	0.50	25.05	-8.92	-2.00	45720	0.110	0.079	0.521	-0.068	0.009	1.591
14.674	0.134	0.123	0.507	0.07	-1.04	0.47	24.98	-7.82	-2.16	45720	0.111	0.085	0.521	-0.066	0.012	1.590
14.684	0.132	0.119	0.506	0.37	-0.95	0.45	24.03	-7.01	-2.11	45742	0.112	0.090	0.521	-0.064	0.014	1.589
14.692	0.133	0.136	0.506	0.49	-0.89	0.42	24.39	-5.57	-1.66	45742	0.113	0.097	0.521	-0.063	0.016	1.588
14.700	0.133	0.131	0.508	0.78	-0.83	0.40	24.92	-5.00	-1.29	45766	0.113	0.102	0.521	-0.062	0.019	1.587
14.711	0.133	0.147	0.508	0.91	-0.78	0.38	25.09	-7.33	-0.89	45478	0.114	0.108	0.521	-0.060	0.021	1.586
14.725	0.133	0.140	0.508	1.23	-0.70	0.37	25.74	-8.28	-0.87	45484	0.114	0.113	0.522	-0.059	0.023	1.584
14.731	0.134	0.157	0.508	1.37	-0.62	0.35	26.16	-8.57	-1.28	45475	0.115	0.120	0.522	-0.058	0.026	1.583
14.739	0.132	0.151	0.508	1.69	-0.53	0.34	26.97	-7.57	-0.96	45481	0.115	0.125	0.522	-0.056	0.028	1.582
14.751	0.137	0.168	0.507	1.85	-0.49	0.32	27.14	-7.76	-0.77	45648	0.116	0.131	0.522	-0.055	0.031	1.581
14.758	0.135	0.162	0.507	2.18	-0.40	0.32	26.32	-7.34	-1.01	45663	0.117	0.136	0.522	-0.053	0.032	1.580
14.773	0.135	0.178	0.507	2.32	-0.32	0.29	25.16	-7.50	-1.19	45645	0.117	0.142	0.522	-0.052	0.035	1.579
14.781	0.135	0.173	0.507	2.63	-0.24	0.28	23.40	-5.56	-1.20	45651	0.118	0.147	0.522	-0.051	0.037	1.578
14.792	0.138	0.191	0.508	2.75	-0.21	0.25	21.76	-5.21	-1.30	45644	0.118	0.154	0.522	-0.050	0.040	1.577
14.802	0.136	0.187	0.508	3.01	-0.14	0.24	19.43	-4.01	-0.89	45316	0.119	0.159	0.522	-0.048	0.042	1.576
14.812	0.135	0.182	0.508	3.27	-0.09	0.24	17.66	-3.21	-0.55	45290	0.119	0.163	0.522	-0.047	0.043	1.575
14.826	0.135	0.199	0.508	3.31	-0.06	0.21	15.77	-2.64	-0.57	45266	0.120	0.169	0.522	-0.046	0.045	1.574
14.832	0.135	0.196	0.509	3.51	-0.03	0.21	13.04	-3.31	-0.13	45271	0.120	0.174	0.523	-0.045	0.047	1.573
14.843	0.137	0.215	0.509	3.51	-0.01	0.20	12.59	-3.90	-0.31	45156	0.120	0.180	0.523	-0.044	0.049	1.571
14.852	0.136	0.212	0.509	3.67	0.04	0.19	10.96	-4.95	-0.13	45161	0.121	0.185	0.523	-0.043	0.051	1.570
14.862	0.135	0.210	0.509	3.81	0.10	0.19	9.90	-5.48	-0.18	45148	0.121	0.189	0.523	-0.042	0.053	1.569
14.872	0.134	0.205	0.510	3.97	0.16	0.19	9.03	-5.04	-0.46	45136	0.121	0.193	0.523	-0.041	0.054	1.568
14.882	0.135	0.223	0.510	3.92	0.21	0.17	8.41	-4.60	-0.65	45108	0.121	0.198	0.524	-0.040	0.055	1.567
14.892	0.135	0.221	0.510	4.04	0.26	0.16	7.40	-3.39	-0.76	45113	0.121	0.202	0.524	-0.039	0.057	1.566
14.902	0.136	0.221	0.510	4.13	0.27	0.15	5.80	-3.00	-0.86	45095	0.122	0.205	0.524	-0.038	0.058	1.565
14.912	0.135	0.217	0.510	4.23	0.32	0.15	4.33	-2.61	-0.35	45090	0.122	0.208	0.524	-0.037	0.059	1.564
14.924	0.135	0.218	0.509	4.27	0.34	0.14	2.75	-0.65	-0.17	45099	0.122	0.210	0.524	-0.036	0.059	1.563
14.932	0.134	0.217	0.509	4.32	0.36	0.14	0.13	0.00	0.10	45367	0.122	0.212	0.524	-0.035	0.059	1.562
14.940	0.134	0.218	0.509	4.32	0.36	0.15	-1.34	1.15	0.32	45396	0.122	0.214	0.524	-0.034	0.060	1.561
14.952	0.134	0.219	0.509	4.31	0.35	0.15	-3.39	2.26	0.39	45401	0.122	0.216	0.524	-0.033	0.060	1.560
14.960	0.134	0.221	0.509	4.27	0.33	0.16	-5.69	2.51	0.50	45407	0.123	0.217	0.524	-0.033	0.060	1.559
14.970	0.135	0.222	0.507	4.21	0.31	0.16	-7.13	3.00	0.71	45726	0.123	0.219	0.523	-0.032	0.061	1.557
14.984	0.135	0.225	0.507	4.12	0.28	0.17	-9.30	1.99	0.26	45744	0.123	0.220	0.523	-0.031	0.061	1.556
14.986	0.137	0.226	0.507	4.03	0.23	0.18	-9.93	1.74	0.78	45746	0.123	0.222	0.523	-0.030	0.061	1.555
15.001	0.136	0.229	0.507	3.91	0.23	0.19	-11.55	-0.24	1.60	45762	0.124	0.224	0.523	-0.029	0.062	1.554
15.012	0.136	0.231	0.509	3.78	0.23	0.20	-11.58	0.33	1.04	45782	0.124	0.225	0.523	-0.028	0.062	1.553
15.019	0.137	0.234	0.509	3.65	0.22	0.21	-11.76	-1.42	1.29	45512	0.124	0.227	0.523	-0.027	0.062	1.552
15.028	0.137	0.237	0.509	3.51	0.24	0.22	-11.67	-2.87	1.29	45514	0.125	0.229	0.523	-0.026	0.063	1.551
15.036	0.138	0.241	0.509	3.36	0.26	0.23	-10.31	-2.92	1.47	45523	0.125	0.231	0.523	-0.025	0.064	1.550
15.053	0.135	0.223	0.509	3.42	0.31	0.25	-10.74	-2.46	0.72	45542	0.125	0.231	0.523	-0.025	0.063	1.548
15.063	0.135	0.221	0.509	3.34	0.34	0.26	-8.24	-2.60	1.15	45464	0.125	0.230	0.523	-0.024	0.063	1.547
15.070	0.135	0.223	0.509	3.25	0.36	0.27	-7.05	-0.73	1.06	45465	0.126	0.230	0.523	-0.023	0.062	1.546
15.084	0.136	0.225	0.509	3.16	0.36	0.28	-8.74	0.68	1.12	45464	0.126	0.230	0.523	-0.022	0.062	1.545
15.092	0.136	0.229	0.509	3.04	0.35	0.29	-10.51	2.19	1.51	45487	0.126	0.230	0.523	-0.022	0.062	1.544
15.100	0.134	0.211	0.509	3.09	0.35	0.31	-11.34	2.47	1.27	45503	0.126	0.228	0.523	-0.021	0.060	1.543
15.111	0.133	0.210	0.509	2.98	0.34	0.33	-12.26	3.85	1.36	45535	0.126	0.226	0.523	-0.021	0.059	1.542
15.119	0.135	0.213	0.509	2.83	0.29	0.34	-17.22	3.98	0.91	45563	0.126	0.225	0.523	-0.020	0.058	1.541
15.134	0.131	0.193	0.509	2.83	0.28	0.36	-18.56	4.44	1.23	45591	0.125	0.221	0.523	-0.020	0.056	1.540
15.142	0.131	0.196	0.508	2.62	0.24	0.37	-20.01	5.26	1.45	45632	0.125	0.218	0.523	-0.019	0.055	1.539
15.153	0.126	0.180	0.508	2.55	0.23	0.40	-23.82	5.43	1.17	45863	0.124	0.213	0.523	-0.019	0.052	1.537
15.158	0.127	0.183	0.508	2.27	0.17	0.41	-25.51	6.72	1.53	45903	0.124	0.210	0.523	-0.019	0.050	1.536
15.166	0.130	0.189	0.507	1.95	0.08	0.43	-28.20	6.69	2.06	45907	0.123	0.207	0.523	-0.018	0.049	1.535
15.184	0.126	0.174	0.507	1.79	0.04	0.46	-31.24	6.55	2.18	45908	0.123	0.203	0.523	-0.018	0.047	1.534
15.191	0.127	0.179	0.507	1.42	-0.03	0.48	-33.42	6.26	1.63	45952	0.122	0.200	0.523	-0.018	0.046	1.533
15.200	0.126	0.165	0.507	1.21	-0.09	0.50	-33.45	5.70	1.76	45937	0.122	0.195	0.522	-0.017	0.043	1.532
15.212	0.127	0.170	0.507	0.81	-0.16	0.52	-32.89	5.35	1.58	45945	0.121	0.192	0.522	-0.017	0.042	1.530
15.224	0.127	0.159	0.507	0.58	-0.21	0.54	-30.93	4.50	1.81	45934	0.121	0.187	0.522	-0.017	0.040	1.529
15.236	0.127	0.157	0.508	0.26	-0.26	0.55	-29.88	2.82	1.40	45922	0.121	0.183	0.522	-0.016	0.038	1.528
15.242	0.126	0.142	0.508	0.09	-0.28	0.57	-27.64	2.08	1.40	45567	0.120	0.177	0.523	-0.016	0.035	1.527
15.252	0.124	0.123	0.508	-0.04	-0.29	0.59	-25.31	1.05	1.40	45566	0.120	0.170	0.523	-0.015	0.032	1.526
15.262	0.125	0.127	0.508	-0.34	-0.30	0.60	-24.07	0.35	1.40	45570	0.120	0.164	0.523	-0.015	0.029	1.525
15.271	0.121	0.111	0.510	-0.46	-0.28	0.62	-24.79	-0.15	1.16	45539	0.119	0.157	0.523	-0.015	0.026	1.524
15.279	0.121	0.109	0.510	-0.71	-0.28	0.63	-25.35	-0.44	1.63	45276	0.118	0.150	0.524	-0.015	0.023	1.523
15.292	0.119	0.097	0.510	-0.87	-0.26	0.65	-26.02	-0.52	1.41	45248	0.117	0.143	0.524	-0.014	0.020	1.522
15.303	0.118	0.102	0.510	-1.20	-0.25	0.67	-27.57	0.33	1.47	45225	0.116	0.137	0.524	-0.014	0.017	1.521
15.310	0.117	0.086	0.510	-1.35	-0.25	0.68	-29.94	1.87	1.29	45178	0.116	0.130	0.524	-0.014	0.014	1.520
15.322	0.117	0.090	0.510	-1.71	-0.27	0.70	-31.65	2.86	1.28	45180	0.115	0.124	0.524	-0.014	0.011	1.519
15.337	0.113	0.076	0.510	-1.92	-0.27	0.71	-32.00	3.99	0.98	45150	0.114	0.117	0.525	-0.014	0.009	1.517
15.343	0.115	0.080	0.510	-2.30	-0.33	0.72	-32.26	4.08	0.98	45138	0.113	0.111	0.525	-0.014	0.006	1.516
15.351	0.112	0.061	0.511	-2.47	-0.34	0.73	-32.00	4.72	0.87	45100	0.112	0.104	0.525	-0.014	0.003	1.515
15.360	0.112	0.065	0.510	-2.85	-0.40	0.74	-29.26	3.54	1.45	45111	0.111	0.098	0.525	-0.014	0.001	1.514
15.370	0.109	0.049	0.510	-3.02	-0.40	0.75	-27.04	2.76	1.31	45289	0.110	0.091	0.525	-0.014	-0.002	1.513
15.381	0.108	0.046	0.510	-3.29	-0.43	0.76	-23.88	2.34	1.24	45285	0.108	0.084	0.525	-0.014	-0.005	1.512
15.387	0.106	0.032	0.510	-3.43	-0.44	0.78	-20.93	0.67	1.77	45267	0.107	0.077	0.525	-0.014	-0.008	1.511
15.401	0.108	0.035	0.510	-3.69	-0.47	0.79	-17.45	2.22	1.96	45278	0.106	0.070	0.525	-0.014	-0.011	1.510
15.412	0.108	0.041	0.511	-3.94	-0.50	0.81	-15.92	1.06	2.65	45187	0.105	0.066	0.525	-0.014	-0.012	1.509
15.422	0.104	0.020	0.511	-3.93	-0.48	0.84	-14.79	2.09	2.24	45156	0.104	0.059	0.525	-0.014	-0.015	1.507
15.429	0.104	0.022	0.511	-4.13	-0.51	0.86	-14.03	2.52	1.89	45163	0.103	0.053	0.525	-0.014	-0.017	1.506
15.442	0.104	0.025	0.511	-4.31	-0.54	0.88	-13.36	2.37	2.13	45155	0.102	0.048	0.525	-0.013	-0.019	1.505
15.451	0.106	0.024	0.512	-4.46	-0.58	0.89	-13.07	2.78	1.61	45136	0.102	0.044	0.525	-0.013	-0.021	1.504
15.460	0.103	0.011	0.512	-4.49	-0.59	0.91	-11.48	2.72	1.70	44974	0.101	0.039	0.525	-0.013	-0.023	1.503
15.472	0.103	0.009	0.512	-4.61	-0.62	0.92	-11.50	2.77	1.39	44990	0.100	0.034	0.525	-0.013	-0.024	1.502
15.483	0.104	0.011	0.512	-4.75	-0.66	0.93	-9.24	2.24	1.31	44990	0.099	0.030	0.525	-0.012	-0.026	1.501
15.488	0.104	0.009	0.512	-4.84	-0.68	0.95	-5.98	1.63	1.39	44971	0.099	0.026	0.526	-0.012	-0.027	1.500
15.499	0.104	0.011	0.512	-4.93	-0.70	0.96	-3.99	0.74	0.97	45072	0.098	0.023	0.526	-0.012	-0.028	1.499
15.511	0.103	0.009	0.512	-4.97	-0.71	0.97	-1.33	-0.44	0.72	45089	0.098	0.020	0.526	-0.011	-0.029	1.498
15.521	0.103	0.007	0.512	-4.99	-0.70	0.97	1.18	-0.70	1.00	45092	0.097	0.018	0.526	-0.011	-0.030	1.497
15.531	0.103	0.005	0.512	-4.97	-0.70	0.98	3.73	-0.61	0.59	45083	0.097	0.015	0.526	-0.010	-0.030	1.496
15.544	0.102	0.005	0.512	-4.95	-0.68	0.99	5.17	-1.87	0.48	45092	0.096	0.013	0.525	-0.010	-0.031	1.495
15.548	0.100	0.002	0.512	-4.89	-0.66	0.99	6.40	-1.36	0.55	45275	0.096	0.011	0.525	-0.010	-0.032	1.494
15.562	0.100	-0.001	0.512	-4.81	-0.65	1.00	7.97	-2.60	0.63	45283	0.095	0.009	0.525	-0.009	-0.032	1.493
15.573	0.100	-0.003	0.512	-4.72	-0.63	1.01	10.00	-2.21	0.96	45296	0.095	0.006	0.525	-0.009	-0.033	1.492
15.581	0.100	-0.005	0.512	-4.62	-0.60	1.02	10.55	-3.17	0.66	45323	0.094	0.004	0.525	-0.009	-0.034	1.491
15.592	0.101	0.013	0.512	-4.68	-0.59	1.03	12.76	-2.40	0.69	45245	0.094	0.005	0.525	-0.008	-0.033	1.490
15.600	0.100	0.011	0.512	-4.54	-0.56	1.04	12.88	-3.10	0.08	45263	0.094	0.005	0.525	-0.008	-0.032	1.489
15.611	0.098	0.006	0.512	-4.38	-0.52	1.04	12.09	-2.15	0.17	45285	0.093	0.005	0.525	-0.007	-0.032	1.488
15.620	0.101	0.016	0.512	-4.34	-0.53	1.04	12.88	-0.93	0.38	45310	0.093	0.005	0.525	-0.007	-0.032	1.487
15.634	0.101	0.022	0.512	-4.27	-0.53	1.05	13.54	0.87	0.46	45359	0.093	0.007	0.525	-0.006	-0.031	1.486
15.645	0.099	0.018	0.512	-4.10	-0.52	1.05	15.30	2.57	0.64	45388	0.093	0.008	0.525	-0.006	-0.030	1.485
15.646	0.100	0.037	0.512	-4.10	-0.56	1.05	16.98	2.78	0.03	45420	0.093	0.011	0.525	-0.005	-0.028	1.484
15.662	0.099	0.034	0.512	-3.91	-0.58	1.05	18.26	4.33	0.14	45467	0.092	0.014	0.525	-0.005	-0.027	1.483
15.672	0.104	0.051	0.512	-3.87	-0.67	1.05	20.21	3.71	0.08	45470	0.093	0.018	0.525	-0.004	-0.024	1.482
15.681	0.105	0.047	0.512	-3.63	-0.71	1.05	22.74	3.82	-0.12	45576	0.093	0.022	0.525	-0.003	-0.022	1.481
15.690	0.106	0.061	0.511	-3.52	-0.76	1.05	25.09	2.83	0.38	45603	0.094	0.027	0.525	-0.002	-0.020	1.480
15.702	0.112	0.080	0.511	-3.42	-0.84	1.06	28.96	1.45	0.97	45645	0.095	0.034	0.524	-0.001	-0.017	1.479
15.712	0.116	0.095	0.511	-3.25	-0.89	1.07	31.74	-0.23	1.13	45686	0.096	0.042	0.524	0.001	-0.013	1.478
15.721	0.116	0.089	0.510	-2.86	-0.89	1.08	34.75	-1.49	1.71	45945	0.098	0.048	0.524	0.002	-0.010	1.477
15.733	0.119	0.103	0.510	-2.62	-0.89	1.10	38.81	-4.57	1.94	45938	0.099	0.055	0.524	0.003	-0.006	1.476
15.748	0.122	0.118	0.509	-2.34	-0.87	1.13	41.99	-6.03	1.54	45958	0.101	0.064	0.523	0.005	-0.002	1.475
15.753	0.121	0.129	0.509	-2.00	-0.80	1.14	45.19	-9.00	1.40	45979	0.103	0.073	0.523	0.006	0.002	1.474
15.763	0.119	0.120	0.509	-1.45	-0.69	1.16	47.59	-11.53	1.75	46001	0.104	0.079	0.523	0.007	0.005	1.473
15.770	0.117	0.130	0.509	-1.04	-0.57	1.17	49.17	-12.42	1.17	45902	0.104	0.087	0.523	0.008	0.008	1.472
15.783	0.119	0.144	0.509	-0.64	-0.46	1.18	50.45	-12.69	0.92	45903	0.105	0.095	0.523	0.009	0.011	1.471
15.788	0.119	0.153	0.509	-0.20	-0.33	1.19	50.78	-12.86	1.84	45927	0.106	0.103	0.523	0.010	0.015	1.470
15.799	0.118	0.144	0.508	0.41	-0.19	1.21	49.11	-11.73	1.27	45944	0.107	0.110	0.522	0.011	0.017	1.469
15.812	0.117	0.157	0.508	0.80	-0.05	1.21	45.56	-11.00	1.03	45956	0.107	0.117	0.522	0.011	0.020	1.468
15.822	0.117	0.166	0.508	1.20	0.06	1.22	43.59	-9.09	0.90	45967	0.108	0.124	0.522	0.012	0.023	1.467
15.831	0.116	0.159	0.508	1.72	0.16	1.22	40.36	-7.96	0.92	45972	0.108	0.130	0.522	0.013	0.025	1.466
15.837	0.115	0.167	0.508	2.07	0.25	1.23	37.58	-6.41	0.83	45950	0.108	0.136	0.522	0.013	0.028	1.465
15.851	0.116	0.185	0.507	2.31	0.30	1.23	34.44	-6.32	1.65	45999	0.108	0.144	0.522	0.014	0.031	1.464
15.861	0.117	0.200	0.507	2.55	0.36	1.25	31.67	-5.32	1.13	45992	0.109	0.152	0.521	0.014	0.034	1.462
15.870	0.116	0.194	0.507	2.95	0.43	1.25	27.06	-4.31	-0.00	45989	0.109	0.159	0.521	0.015	0.037	1.461
15.883	0.116	0.215	0.507	3.06	0.46	1.25	24.20	-3.50	0.15	45962	0.109	0.167	0.521	0.015	0.040	1.460
15.889	0.115	0.239	0.508	3.13	0.51	1.24	23.68	-3.31	-0.45	45973	0.109	0.178	0.521	0.016	0.044	1.459
15.900	0.115	0.233	0.508	3.44	0.54	1.24	22.36	-3.86	-0.49	45819	0.109	0.186	0.521	0.016	0.048	1.458
15.913	0.116	0.252	0.507	3.53	0.58	1.23	23.79	-2.76	-1.11	45783	0.109	0.196	0.521	0.017	0.052	1.457
15.920	0.115	0.246	0.507	3.85	0.61	1.22	26.54	-2.65	-0.55	45798	0.110	0.204	0.521	0.017	0.055	1.456
15.931	0.115	0.261	0.507	4.02	0.64	1.21	29.47	-1.67	-0.25	45751	0.110	0.213	0.521	0.017	0.058	1.455
15.940	0.115	0.256	0.507	4.39	0.66	1.20	32.48	-0.82	-0.12	45780	0.110	0.220	0.521	0.018	0.061	1.454
15.954	0.114	0.272	0.507	4.60	0.67	1.20	33.41	0.44	0.26	45775	0.110	0.229	0.521	0.018	0.064	1.453
15.962	0.115	0.299	0.507	4.74	0.66	1.21	33.87	1.56	-0.17	45782	0.110	0.239	0.521	0.019	0.068	1.452
15.970	0.114	0.318	0.507	4.94	0.65	1.21	31.58	2.10	-0.35	45799	0.110	0.251	0.521	0.019	0.073	1.451
15.981	0.114	0.312	0.508	5.35	0.63	1.21	29.55	3.13	-0.02	45823	0.110	0.260	0.521	0.019	0.077	1.450
15.991	0.114	0.304	0.508	5.74	0.60	1.21	28.18	2.82	0.41	45586	0.110	0.268	0.521	0.019	0.079	1.449
16.003	0.113	0.323	0.508	5.88	0.59	1.22	24.80	1.86	0.31	45564	0.110	0.277	0.521	0.020	0.083	1.448
16.011	0.114	0.317	0.508	6.20	0.56	1.22	24.62	1.55	1.03	45580	0.110	0.284	0.521	0.020	0.085	1.447
16.022	0.112	0.342	0.511	6.28	0.56	1.23	22.91	1.10	1.33	45565	0.110	0.293	0.522	0.020	0.089	1.446
16.031	0.112	0.337	0.511	6.57	0.55	1.24	19.59	0.82	1.32	45100	0.110	0.300	0.522	0.020	0.091	1.445
16.042	0.112	0.352	0.511	6.67	0.55	1.26	16.39	0.82	1.72	45080	0.109	0.309	0.523	0.021	0.094	1.444
16.055	0.112	0.349	0.511	6.88	0.54	1.28	14.07	0.13	1.85	45070	0.109	0.316	0.523	0.021	0.097	1.443
16.057	0.112	0.346	0.512	7.07	0.54	1.29	10.10	0.34	2.08	45056	0.109	0.321	0.523	0.021	0.099	1.443
16.073	0.112	0.343	0.514	7.23	0.54	1.31	9.63	0.48	1.82	44740	0.109	0.326	0.524	0.021	0.100	1.442
16.081	0.112	0.345	0.514	7.33	0.54	1.33	8.57	0.37	2.13	44721	0.109	0.330	0.524	0.021	0.101	1.441
16.089	0.112	0.344	0.514	7.45	0.54	1.35	6.07	0.70	2.49	44711	0.109	0.334	0.525	0.021	0.102	1.440
16.101	0.112	0.346	0.514	7.51	0.53	1.38	3.53	0.19	2.56	44728	0.109	0.337	0.525	0.022	0.102	1.439
16.112	0.112	0.348	0.516	7.54	0.53	1.40	-0.01	-0.08	2.54	44742	0.109	0.340	0.526	0.022	0.103	1.439
16.121	0.112	0.350	0.517	7.54	0.54	1.43	-4.42	0.11	2.46	44428	0.109	0.343	0.526	0.022	0.103	1.438
16.129	0.112	0.351	0.517	7.49	0.54	1.45	-8.37	0.33	2.17	44440	0.109	0.345	0.527	0.022	0.104	1.437
16.140	0.112	0.354	0.517	7.40	0.54	1.47	-12.89	0.83	2.10	44457	0.109	0.348	0.527	0.022	0.104	1.436
16.156	0.111	0.361	0.518	7.22	0.54	1.50	-17.01	1.06	1.40	44466	0.109	0.351	0.528	0.023	0.105	1.436
16.159	0.111	0.364	0.517	7.04	0.53	1.51	-20.76	1.65	1.12	44663	0.109	0.354	0.528	0.023	0.106	1.435
16.168	0.109	0.370	0.517	6.79	0.52	1.53	-22.43	0.85	1.32	44703	0.109	0.357	0.528	0.023	0.107	1.434
16.181	0.111	0.351	0.517	6.74	0.50	1.53	-24.13	0.77	0.79	44734	0.109	0.358	0.528	0.023	0.106	1.433
16.191	0.111	0.356	0.517	6.47	0.49	1.54	-24.33	1.76	0.44	44776	0.109	0.358	0.528	0.023	0.106	1.432
16.201	0.111	0.347	0.516	6.31	0.48	1.54	-25.28	1.84	-0.52	44813	0.109	0.358	0.528	0.023	0.105	1.431
16.212	0.111	0.352	0.516	6.03	0.46	1.54	-24.13	2.49	-0.82	45079	0.109	0.358	0.527	0.023	0.105	1.431
16.213	0.111	0.339	0.516	5.90	0.43	1.53	-23.83	3.23	-1.23	45117	0.109	0.357	0.527	0.023	0.104	1.430
16.233	0.110	0.341	0.516	5.64	0.40	1.53	-23.95	3.93	-1.18	45173	0.109	0.355	0.527	0.023	0.103	1.429
16.238	0.116	0.320	0.516	5.58	0.31	1.49	-24.39	3.74	-0.86	45212	0.110	0.352	0.527	0.024	0.100	1.428
16.250	0.116	0.326	0.516	5.29	0.27	1.49	-25.78	3.83	-1.45	45367	0.111	0.349	0.527	0.024	0.099	1.427
16.260	0.118	0.302	0.515	5.23	0.21	1.46	-27.69	4.54	-2.10	45413	0.111	0.344	0.527	0.025	0.096	1.426
16.271	0.119	0.286	0.515	5.08	0.16	1.43	-30.61	3.46	-2.30	45492	0.112	0.337	0.526	0.025	0.092	1.426
16.281	0.120	0.293	0.515	4.70	0.12	1.41	-34.13	2.47	-2.58	45572	0.113	0.332	0.526	0.026	0.089	1.425
16.289	0.121	0.281	0.514	4.45	0.08	1.38	-38.14	2.53	-2.49	45840	0.114	0.325	0.526	0.026	0.086	1.424
16.300	0.122	0.265	0.513	4.19	0.05	1.35	-42.41	1.75	-2.28	45918	0.115	0.318	0.525	0.027	0.082	1.423
16.312	0.122	0.255	0.513	3.84	0.03	1.33	-47.11	0.26	-2.14	45987	0.116	0.310	0.525	0.027	0.078	1.422
16.321	0.122	0.265	0.513	3.26	0.03	1.31	-50.31	0.52	-2.32	46040	0.117	0.304	0.525	0.028	0.075	1.421
16.331	0.123	0.257	0.511	2.82	0.01	1.28	-54.04	-1.11	-2.69	46055	0.117	0.298	0.524	0.028	0.072	1.420
16.347	0.125	0.245	0.511	2.36	0.01	1.24	-55.37	-0.72	-2.44	46371	0.118	0.291	0.524	0.029	0.069	1.419
16.352	0.124	0.254	0.510	1.71	0.02	1.22	-56.28	-1.76	-2.81	46422	0.119	0.285	0.523	0.029	0.067	1.418
16.358	0.124	0.239	0.510	1.26	0.04	1.19	-54.45	-2.77	-2.00	46430	0.120	0.279	0.523	0.029	0.064	1.417
16.371	0.124	0.238	0.510	0.71	0.07	1.17	-51.83	-3.06	-1.24	46475	0.120	0.273	0.522	0.030	0.062	1.416
16.381	0.124	0.230	0.508	0.24	0.10	1.15	-48.27	-4.16	-0.90	46645	0.121	0.267	0.522	0.030	0.059	1.415
16.390	0.124	0.230	0.508	-0.26	0.14	1.14	-43.18	-2.10	-1.33	46650	0.121	0.261	0.521	0.030	0.057	1.414
16.400	0.125	0.234	0.507	-0.74	0.16	1.13	-39.38	-1.56	-1.48	46645	0.122	0.257	0.521	0.030	0.055	1.413
16.409	0.125	0.217	0.507	-1.01	0.17	1.11	-36.06	0.93	-1.70	46626	0.122	0.251	0.520	0.030	0.053	1.412
16.423	0.125	0.206	0.506	-1.29	0.16	1.09	-34.10	1.40	-1.47	46625	0.123	0.244	0.520	0.030	0.050	1.411
16.432	0.125	0.212	0.506	-1.71	0.15	1.08	-31.19	3.03	-1.17	46763	0.123	0.239	0.519	0.031	0.048	1.410
16.440	0.126	0.197	0.505	-1.91	0.11	1.06	-29.26	3.92	-0.92	46736	0.124	0.233	0.519	0.031	0.045	1.409
16.451	0.124	0.183	0.505	-2.10	0.09	1.04	-27.95	3.42	-1.16	46716	0.124	0.226	0.519	0.031	0.042	1.408
16.466	0.124	0.189	0.505	-2.45	0.05	1.03	-26.92	2.25	-1.17	46702	0.124	0.220	0.518	0.031	0.040	1.407
16.468	0.122	0.175	0.505	-2.62	0.06	1.03	-26.60	1.31	-0.98	46540	0.124	0.213	0.518	0.031	0.037	1.406
16.480	0.118	0.157	0.504	-2.75	0.08	1.02	-27.02	0.02	-1.34	46521	0.123	0.205	0.518	0.030	0.034	1.405
16.490	0.115	0.143	0.504	-2.93	0.11	1.01	-26.46	-0.52	-0.88	46506	0.122	0.196	0.518	0.030	0.030	1.404
16.502	0.116	0.148	0.504	-3.27	0.10	1.00	-27.95	-1.05	-0.78	46492	0.122	0.189	0.518	0.029	0.027	1.403
16.512	0.113	0.135	0.503	-3.46	0.14	1.00	-28.28	-0.03	-0.93	46650	0.121	0.181	0.517	0.029	0.024	1.402
16.518	0.108	0.118	0.502	-3.63	0.18	0.99	-29.89	0.35	-1.12	46625	0.119	0.172	0.517	0.028	0.020	1.401
16.530	0.109	0.106	0.502	-3.85	0.17	0.97	-29.11	1.21	-0.94	46609	0.118	0.162	0.517	0.027	0.016	1.400
16.541	0.109	0.111	0.502	-4.21	0.15	0.96	-28.85	2.86	-1.38	46574	0.117	0.154	0.516	0.027	0.013	1.398
16.551	0.107	0.100	0.503	-4.44	0.14	0.95	-29.51	3.93	-1.48	46510	0.116	0.146	0.516	0.026	0.009	1.397
16.559	0.109	0.104	0.503	-4.80	0.09	0.94	-28.33	4.52	-0.89	46160	0.115	0.139	0.517	0.026	0.007	1.396
16.571	0.104	0.091	0.503	-4.99	0.09	0.92	-26.97	5.94	-1.42	46111	0.114	0.132	0.517	0.025	0.004	1.395
16.581	0.103	0.087	0.503	-5.26	0.03	0.91	-24.20	5.81	-1.15	46063	0.112	0.125	0.517	0.024	0.001	1.394
16.592	0.102	0.074	0.503	-5.41	-0.01	0.88	-20.46	5.36	-1.04	46003	0.111	0.117	0.517	0.024	-0.002	1.393
16.601	0.102	0.071	0.504	-5.61	-0.07	0.87	-16.54	5.76	-1.26	45853	0.110	0.110	0.517	0.023	-0.005	1.392
16.611	0.098	0.053	0.504	-5.65	-0.10	0.85	-13.13	6.99	-1.70	45807	0.108	0.102	0.517	0.022	-0.008	1.391
16.618	0.099	0.055	0.504	-5.83	-0.17	0.83	-10.78	6.14	-0.72	45761	0.107	0.094	0.517	0.022	-0.011	1.390
16.631	0.095	0.040	0.504	-5.82	-0.20	0.81	-8.38	6.68	-1.21	45694	0.106	0.086	0.517	0.021	-0.014	1.389
16.640	0.095	0.036	0.505	-5.91	-0.27	0.79	-6.78	5.38	-1.32	45669	0.104	0.079	0.517	0.020	-0.017	1.388
16.651	0.095	0.038	0.505	-6.02	-0.33	0.77	-5.41	4.90	-1.04	45583	0.103	0.072	0.518	0.020	-0.020	1.387
16.661	0.096	0.040	0.505	-6.11	-0.38	0.76	-5.38	3.62	-1.08	45537	0.102	0.067	0.518	0.019	-0.022	1.387
16.669	0.098	0.043	0.505	-6.21	-0.44	0.75	-6.16	3.01	-0.71	45492	0.101	0.062	0.518	0.019	-0.023	1.386
16.676	0.098	0.041	0.507	-6.27	-0.46	0.74	-5.73	2.08	-0.86	45474	0.101	0.058	0.518	0.019	-0.024	1.385
16.691	0.090	0.020	0.507	-6.17	-0.42	0.72	-5.62	1.92	-0.62	45197	0.099	0.052	0.519	0.018	-0.027	1.384
16.701	0.089	0.020	0.507	-6.26	-0.43	0.71	-4.61	2.32	-1.02	45178	0.098	0.047	0.519	0.018	-0.029	1.383
16.709	0.090	0.022	0.508	-6.34	-0.46	0.70	-2.57	0.98	-0.75	45145	0.097	0.043	0.519	0.017	-0.030	1.382
16.719	0.091	0.022	0.508	-6.39	-0.48	0.69	-1.35	2.04	-1.05	45116	0.096	0.039	0.519	0.017	-0.031	1.381
16.732	0.090	0.020	0.507	-6.40	-0.50	0.68	0.52	3.69	-1.23	45361	0.095	0.036	0.519	0.016	-0.033	1.380
16.740	0.090	0.018	0.507	-6.39	-0.54	0.66	2.98	5.07	-0.88	45352	0.094	0.032	0.519	0.016	-0.034	1.379
16.748	0.089	0.018	0.507	-6.37	-0.59	0.65	5.94	5.73	-0.53	45348	0.093	0.029	0.520	0.016	-0.034	1.378
16.757	0.089	0.016	0.507	-6.31	-0.64	0.64	8.71	5.92	0.04	45339	0.092	0.027	0.520	0.016	-0.035	1.377
16.774	0.086	0.012	0.508	-6.20	-0.68	0.63	11.39	5.61	0.11	45323	0.091	0.024	0.520	0.015	-0.036	1.376
16.781	0.087	0.009	0.508	-6.08	-0.75	0.62	14.58	4.36	0.22	45208	0.090	0.021	0.520	0.015	-0.037	1.376
16.791	0.096	0.028	0.509	-6.10	-0.88	0.64	17.69	2.53	0.39	45193	0.091	0.022	0.520	0.015	-0.037	1.375
16.801	0.096	0.028	0.509	-5.93	-0.90	0.64	18.69	1.48	0.11	45173	0.091	0.022	0.520	0.016	-0.036	1.374
16.812	0.098	0.040	0.508	-5.85	-0.94	0.65	19.34	0.32	0.10	45159	0.092	0.023	0.520	0.016	-0.035	1.373
16.820	0.098	0.036	0.508	-5.63	-0.94	0.65	20.50	-1.65	-0.01	45306	0.092	0.024	0.520	0.017	-0.034	1.372
16.831	0.098	0.041	0.509	-5.47	-0.93	0.65	23.30	-3.29	0.07	45297	0.092	0.026	0.520	0.017	-0.033	1.371
16.840	0.097	0.049	0.509	-5.31	-0.89	0.66	24.13	-5.41	-0.27	45294	0.093	0.029	0.520	0.017	-0.031	1.370
16.849	0.096	0.041	0.509	-5.00	-0.83	0.65	26.99	-5.51	-0.38	45290	0.093	0.030	0.520	0.017	-0.031	1.369
16.860	0.098	0.059	0.508	-4.88	-0.80	0.66	27.24	-6.55	-0.52	45276	0.093	0.033	0.520	0.018	-0.029	1.369
16.877	0.098	0.074	0.508	-4.73	-0.73	0.66	30.76	-6.96	-0.89	45514	0.093	0.038	0.520	0.018	-0.026	1.368
16.883	0.097	0.068	0.508	-4.37	-0.66	0.66	32.15	-5.84	-0.85	45553	0.093	0.042	0.520	0.018	-0.024	1.367
16.891	0.099	0.081	0.508	-4.15	-0.62	0.66	34.98	-4.45	-0.35	45553	0.094	0.047	0.520	0.019	-0.022	1.366
16.902	0.097	0.074	0.507	-3.75	-0.56	0.65	35.78	-3.60	-0.32	45585	0.094	0.051	0.520	0.019	-0.020	1.365
16.910	0.098	0.088	0.507	-3.49	-0.53	0.65	38.01	-2.90	0.20	45732	0.094	0.056	0.519	0.019	-0.018	1.364
16.921	0.104	0.106	0.507	-3.26	-0.56	0.68	40.21	-1.45	0.34	45743	0.095	0.062	0.519	0.020	-0.015	1.363
16.925	0.104	0.117	0.507	-2.94	-0.54	0.68	40.65	-0.34	0.26	45777	0.096	0.070	0.519	0.021	-0.011	1.362
16.934	0.103	0.108	0.507	-2.44	-0.52	0.68	41.79	-1.02	0.03	45794	0.096	0.075	0.519	0.021	-0.009	1.361
16.951	0.104	0.121	0.507	-2.12	-0.52	0.68	42.58	-1.17	0.37	45780	0.097	0.082	0.519	0.021	-0.006	1.360
16.962	0.106	0.134	0.507	-1.78	-0.53	0.69	43.53	-1.67	0.53	45772	0.098	0.089	0.519	0.022	-0.003	1.360
16.975	0.106	0.145	0.507	-1.42	-0.51	0.70	43.85	-2.34	0.44	45775	0.099	0.097	0.519	0.023	0.000	1.359
16.982	0.104	0.137	0.507	-0.90	-0.47	0.70	45.08	-3.68	0.15	45777	0.099	0.103	0.519	0.023	0.003	1.358
16.991	0.105	0.144	0.507	-0.49	-0.44	0.70	44.38	-4.40	-0.24	45738	0.099	0.109	0.518	0.023	0.005	1.357
17.000	0.106	0.160	0.507	-0.16	-0.41	0.70	45.11	-5.22	-0.18	45749	0.100	0.117	0.518	0.024	0.009	1.356
17.011	0.108	0.169	0.507	0.23	-0.36	0.71	44.49	-6.54	-0.05	45763	0.101	0.125	0.518	0.024	0.012	1.355
17.020	0.105	0.160	0.507	0.77	-0.27	0.70	43.64	-6.62	-0.03	45781	0.101	0.130	0.518	0.025	0.014	1.354
17.030	0.105	0.171	0.507	1.14	-0.21	0.70	41.61	-6.18	0.76	45742	0.101	0.137	0.518	0.025	0.016	1.354
17.041	0.108	0.188	0.507	1.43	-0.17	0.71	39.47	-5.41	0.58	45685	0.102	0.145	0.518	0.025	0.019	1.353
17.050	0.109	0.199	0.507	1.76	-0.12	0.71	36.92	-4.23	0.91	45702	0.103	0.153	0.518	0.026	0.023	1.352
17.061	0.108	0.192	0.508	2.22	-0.07	0.72	34.82	-3.46	1.00	45711	0.103	0.159	0.518	0.026	0.025	1.351
17.069	0.109	0.204	0.508	2.48	-0.04	0.73	32.77	-2.99	1.20	45673	0.104	0.167	0.518	0.027	0.028	1.350
17.080	0.110	0.221	0.509	2.71	-0.02	0.74	30.93	-2.48	1.04	45665	0.104	0.175	0.519	0.027	0.031	1.350
17.091	0.108	0.214	0.509	3.10	0.02	0.75	30.19	-2.30	1.29	45434	0.104	0.181	0.519	0.027	0.033	1.349
17.100	0.110	0.227	0.509	3.31	0.03	0.76	29.88	-3.12	0.82	45389	0.105	0.189	0.519	0.028	0.036	1.348
17.110	0.111	0.253	0.509	3.42	0.05	0.77	30.29	-2.47	0.90	45359	0.106	0.199	0.519	0.028	0.040	1.347
17.121	0.111	0.243	0.509	3.83	0.08	0.77	27.96	-2.59	0.46	43219	0.106	0.206	0.519	0.028	0.043	1.347
17.128	0.111	0.262	0.509	3.98	0.11	0.78	27.71	-2.61	0.73	43192	0.107	0.215	0.519	0.029	0.046	1.346
17.138	0.109	0.253	0.510	4.36	0.16	0.78	26.61	-2.85	0.33	43181	0.107	0.221	0.519	0.029	0.049	1.345
17.145	0.111	0.272	0.510	4.49	0.17	0.78	26.26	-3.65	0.37	43128	0.107	0.229	0.519	0.029	0.052	1.344
17.162	0.111	0.292	0.510	4.61	0.21	0.78	25.65	-3.93	0.59	43133	0.108	0.239	0.519	0.029	0.055	1.344
17.169	0.110	0.288	0.510	4.93	0.26	0.79	24.63	-3.79	1.06	43073	0.108	0.247	0.519	0.029	0.058	1.343
17.184	0.109	0.282	0.510	5.25	0.31	0.79	24.19	-3.36	1.62	43083	0.108	0.253	0.519	0.029	0.060	1.342
17.193	0.112	0.301	0.510	5.36	0.32	0.81	22.98	-2.36	1.92	43105	0.108	0.261	0.519	0.030	0.063	1.342
17.203	0.111	0.295	0.511	5.66	0.36	0.82	21.44	-1.81	2.15	43174	0.109	0.267	0.519	0.030	0.065	1.341
17.211	0.112	0.315	0.510	5.74	0.37	0.85	20.21	-1.19	2.03	43206	0.109	0.275	0.518	0.030	0.068	1.340
17.220	0.112	0.311	0.510	6.00	0.38	0.86	16.97	-0.58	1.83	43388	0.109	0.282	0.518	0.030	0.070	1.340
17.230	0.114	0.338	0.510	5.97	0.38	0.89	14.20	0.30	2.56	43455	0.110	0.290	0.517	0.031	0.074	1.339
17.234	0.114	0.336	0.510	6.16	0.38	0.91	11.35	0.07	2.41	43549	0.110	0.298	0.517	0.031	0.077	1.339
17.253	0.115	0.331	0.512	6.34	0.37	0.93	9.12	-0.39	2.27	43605	0.111	0.304	0.517	0.031	0.079	1.338
17.259	0.115	0.334	0.512	6.43	0.38	0.96	8.10	-1.50	2.27	43290	0.112	0.310	0.517	0.031	0.080	1.338
17.268	0.115	0.332	0.512	6.55	0.40	0.97	7.35	-2.61	2.40	43362	0.112	0.314	0.516	0.032	0.082	1.338
17.284	0.114	0.348	0.511	6.52	0.45	1.00	5.86	-3.83	2.44	43432	0.112	0.320	0.516	0.032	0.084	1.337
17.284	0.114	0.351	0.511	6.58	0.49	1.02	2.93	-4.77	2.27	43538	0.113	0.326	0.516	0.032	0.085	1.337
17.302	0.114	0.353	0.512	6.61	0.54	1.04	1.26	-4.86	2.37	43614	0.113	0.331	0.516	0.032	0.087	1.337
17.310	0.114	0.356	0.511	6.61	0.59	1.05	-1.73	-4.33	1.48	43572	0.113	0.336	0.515	0.032	0.088	1.336
17.321	0.115	0.357	0.511	6.61	0.63	1.06	-2.10	-4.47	2.62	43656	0.114	0.340	0.515	0.032	0.090	1.336
17.332	0.115	0.359	0.511	6.58	0.68	1.08	-4.33	-4.32	2.15	41635	0.114	0.344	0.515	0.032	0.091	1.336
17.341	0.115	0.361	0.512	6.53	0.72	1.09	-7.50	-2.71	1.11	41715	0.114	0.348	0.514	0.032	0.092	1.336
17.346	0.115	0.364	0.511	6.45	0.75	1.10	-7.69	-1.84	1.02	41616	0.115	0.351	0.514	0.032	0.093	1.335
17.361	0.115	0.367	0.511	6.36	0.77	1.11	-9.60	-0.46	0.96	41703	0.115	0.355	0.513	0.032	0.093	1.335
17.371	0.116	0.351	0.511	6.41	0.76	1.12	-10.39	-0.63	1.03	41808	0.115	0.356	0.513	0.032	0.093	1.335
17.384	0.116	0.345	0.510	6.36	0.77	1.12	-11.30	0.66	1.21	41914	0.116	0.356	0.512	0.032	0.092	1.335
17.388	0.116	0.352	0.509	6.19	0.76	1.14	-13.76	0.31	1.32	42135	0.116	0.357	0.511	0.032	0.092	1.335
17.399	0.116	0.354	0.509	6.04	0.76	1.15	-15.56	0.94	0.93	42258	0.116	0.358	0.510	0.032	0.092	1.335
17.411	0.117	0.332	0.508	6.07	0.75	1.16	-17.75	1.08	1.21	42393	0.116	0.356	0.509	0.033	0.090	1.335
17.419	0.117	0.337	0.507	5.85	0.74	1.17	-20.84	0.70	1.38	42569	0.117	0.354	0.508	0.033	0.089	1.334
17.431	0.116	0.312	0.504	5.85	0.75	1.18	-23.71	1.32	1.38	42713	0.117	0.350	0.507	0.032	0.086	1.334
17.441	0.116	0.318	0.503	5.55	0.74	1.19	-26.65	0.46	1.39	43292	0.117	0.347	0.505	0.032	0.084	1.334
17.451	0.116	0.325	0.502	5.23	0.73	1.21	-29.75	1.06	1.47	43458	0.117	0.345	0.504	0.032	0.082	1.334
17.460	0.116	0.309	0.501	5.05	0.73	1.22	-33.24	1.60	1.18	43619	0.117	0.341	0.502	0.032	0.080	1.334
17.471	0.116	0.290	0.500	4.86	0.71	1.23	-36.01	2.31	1.83	43802	0.118	0.336	0.501	0.032	0.077	1.334
17.481	0.117	0.275	0.499	4.61	0.69	1.24	-38.92	2.14	1.52	44019	0.118	0.328	0.500	0.032	0.073	1.334
17.488	0.120	0.291	0.498	4.08	0.63	1.25	-40.20	3.65	1.64	44201	0.118	0.324	0.498	0.032	0.071	1.334
17.496	0.120	0.276	0.496	3.78	0.61	1.27	-41.66	2.86	1.68	44326	0.119	0.318	0.497	0.032	0.068	1.334
17.510	0.118	0.262	0.495	3.47	0.60	1.29	-43.28	3.90	1.68	44487	0.119	0.311	0.495	0.032	0.064	1.334
17.523	0.119	0.270	0.492	2.95	0.54	1.30	-45.45	4.66	1.13	44637	0.120	0.306	0.494	0.032	0.061	1.334
17.531	0.117	0.259	0.491	2.58	0.52	1.32	-46.32	5.54	0.85	45009	0.120	0.300	0.492	0.032	0.058	1.334
17.542	0.117	0.247	0.490	2.20	0.46	1.33	-46.84	5.50	0.61	43020	0.120	0.294	0.490	0.032	0.055	1.333
17.548	0.118	0.239	0.488	1.79	0.40	1.33	-45.85	5.82	1.02	43145	0.120	0.286	0.489	0.032	0.052	1.333
17.562	0.120	0.248	0.488	1.24	0.33	1.35	-45.45	5.57	0.86	43263	0.120	0.281	0.487	0.032	0.049	1.333
17.572	0.121	0.235	0.486	0.88	0.27	1.35	-43.39	5.02	0.68	43123	0.121	0.275	0.486	0.032	0.046	1.334
17.583	0.118	0.226	0.485	0.51	0.24	1.36	-42.18	5.46	0.54	43243	0.121	0.268	0.484	0.031	0.043	1.334
17.593	0.117	0.216	0.483	0.15	0.19	1.36	-40.47	5.45	0.50	43353	0.121	0.261	0.482	0.031	0.040	1.334
17.599	0.120	0.225	0.482	-0.35	0.11	1.36	-38.87	5.32	0.36	43475	0.121	0.256	0.481	0.031	0.038	1.334
17.605	0.114	0.210	0.478	-0.62	0.11	1.38	-36.72	4.09	-0.16	43864	0.120	0.250	0.479	0.031	0.035	1.334
17.621	0.112	0.198	0.477	-0.90	0.09	1.38	-36.09	4.15	-0.14	43986	0.120	0.242	0.477	0.030	0.032	1.334
17.630	0.112	0.204	0.475	-1.33	0.05	1.38	-33.09	3.00	0.39	44127	0.119	0.237	0.475	0.030	0.029	1.334
17.638	0.109	0.192	0.473	-1.58	0.05	1.39	-32.21	2.92	0.15	44231	0.118	0.230	0.473	0.029	0.027	1.334
17.638	0.110	0.179	0.471	-1.81	0.02	1.38	-30.76	3.16	0.17	44361	0.118	0.223	0.471	0.028	0.023	1.334
17.661	0.106	0.169	0.470	-2.05	0.02	1.39	-29.03	2.81	0.37	44538	0.117	0.215	0.469	0.028	0.020	1.334
17.664	0.106	0.173	0.468	-2.39	-0.02	1.40	-27.04	3.89	0.56	44662	0.116	0.209	0.467	0.027	0.017	1.334
17.681	0.105	0.165	0.466	-2.61	-0.05	1.40	-27.05	4.83	-0.32	44777	0.115	0.203	0.465	0.026	0.015	1.334
17.695	0.104	0.151	0.464	-2.79	-0.09	1.39	-27.68	6.04	-0.77	44912	0.114	0.195	0.463	0.026	0.012	1.334
17.699	0.104	0.148	0.462	-3.06	-0.15	1.38	-27.71	6.76	-0.76	45049	0.113	0.188	0.461	0.025	0.009	1.334
17.708	0.101	0.138	0.460	-3.28	-0.20	1.37	-25.74	7.18	-0.80	45173	0.112	0.181	0.459	0.024	0.006	1.334
17.722	0.101	0.136	0.459	-3.53	-0.27	1.36	-25.19	7.33	-1.02	45303	0.110	0.174	0.457	0.024	0.003	1.335
17.733	0.097	0.126	0.457	-3.73	-0.31	1.35	-24.47	6.84	-0.86	45420	0.109	0.167	0.455	0.023	-0.000	1.335
17.740	0.102	0.130	0.455	-4.02	-0.42	1.32	-23.04	6.76	-1.51	43527	0.108	0.161	0.453	0.022	-0.002	1.335
17.749	0.099	0.122	0.453	-4.21	-0.46	1.31	-22.41	5.94	-1.67	43521	0.107	0.155	0.451	0.022	-0.005	1.335
17.756	0.098	0.123	0.452	-4.47	-0.51	1.29	-21.16	5.66	-2.13	43614	0.106	0.150	0.449	0.021	-0.007	1.335
17.770	0.098	0.121	0.450	-4.68	-0.57	1.26	-19.93	5.14	-2.34	43721	0.105	0.145	0.448	0.020	-0.008	1.335
17.782	0.097	0.115	0.448	-4.84	-0.61	1.23	-17.83	3.82	-2.58	43835	0.105	0.140	0.446	0.020	-0.010	1.335
17.796	0.097	0.112	0.446	-5.01	-0.65	1.20	-14.86	3.79	-2.44	43859	0.104	0.135	0.444	0.020	-0.012	1.336
17.798	0.098	0.109	0.444	-5.15	-0.69	1.17	-11.32	3.78	-2.54	43999	0.103	0.131	0.442	0.019	-0.013	1.336
17.808	0.097	0.109	0.442	-5.27	-0.73	1.14	-8.60	2.86	-2.82	44122	0.102	0.127	0.440	0.019	-0.015	1.336
17.820	0.094	0.105	0.440	-5.34	-0.73	1.11	-5.38	2.72	-2.92	44257	0.101	0.123	0.438	0.018	-0.016	1.336
17.830	0.094	0.105	0.438	-5.41	-0.76	1.08	-2.07	2.02	-2.85	44440	0.101	0.120	0.436	0.018	-0.017	1.337
17.840	0.094	0.103	0.436	-5.42	-0.77	1.06	-0.04	1.02	-2.65	44584	0.100	0.117	0.433	0.017	-0.018	1.337
17.851	0.094	0.101	0.434	-5.41	-0.77	1.03	2.46	-0.02	-2.01	44743	0.099	0.114	0.431	0.017	-0.019	1.337
17.862	0.094	0.100	0.432	-5.39	-0.77	1.01	5.79	-0.97	-1.95	44903	0.098	0.111	0.429	0.017	-0.020	1.337
17.871	0.093	0.098	0.430	-5.33	-0.76	0.99	6.18	-1.11	-1.82	45043	0.098	0.108	0.427	0.016	-0.021	1.337
17.881	0.092	0.099	0.428	-5.29	-0.74	0.97	7.87	-1.99	-1.95	45126	0.097	0.106	0.425	0.016	-0.021	1.338
17.881	0.092	0.101	0.426	-5.24	-0.72	0.96	8.90	-1.75	-1.84	45288	0.096	0.105	0.423	0.016	-0.021	1.338
17.901	0.092	0.103	0.424	-5.18	-0.70	0.94	9.02	-1.70	-2.03	45436	0.096	0.104	0.421	0.015	-0.021	1.338
17.911	0.094	0.105	0.422	-5.12	-0.70	0.92	9.26	-1.81	-2.14	45590	0.095	0.103	0.419	0.015	-0.021	1.338
17.919	0.093	0.104	0.420	-5.02	-0.67	0.90	10.71	-1.60	-1.22	45720	0.095	0.103	0.417	0.015	-0.021	1.339
17.932	0.093	0.103	0.417	-4.91	-0.65	0.89	12.34	-2.25	-1.39	45863	0.094	0.102	0.415	0.015	-0.021	1.339
17.941	0.092	0.103	0.415	-4.78	-0.63	0.88	14.89	-2.40	-0.92	45999	0.094	0.102	0.413	0.015	-0.021	1.339
17.951	0.092	0.108	0.413	-4.68	-0.61	0.87	17.35	-3.00	-0.48	44012	0.094	0.102	0.411	0.015	-0.021	1.339
17.959	0.091	0.108	0.409	-4.51	-0.56	0.87	18.81	-2.70	-0.20	44123	0.093	0.103	0.408	0.015	-0.020	1.339
17.970	0.090	0.108	0.407	-4.33	-0.54	0.87	19.33	-2.66	0.42	44514	0.093	0.103	0.406	0.014	-0.020	1.339
17.981	0.093	0.110	0.405	-4.15	-0.54	0.88	20.52	-2.46	0.23	44611	0.093	0.104	0.403	0.014	-0.020	1.339
17.990	0.096	0.120	0.402	-4.03	-0.54	0.89	21.63	-2.55	0.42	44725	0.093	0.105	0.401	0.015	-0.019	1.340
17.999	0.096	0.122	0.402	-3.84	-0.51	0.89	23.04	-3.94	0.25	44834	0.093	0.107	0.399	0.015	-0.017	1.340
18.007	0.096	0.122	0.399	-3.61	-0.48	0.89	24.18	-3.96	-0.03	44616	0.093	0.109	0.397	0.015	-0.017	1.340
18.020	0.095	0.125	0.397	-3.38	-0.43	0.89	24.92	-4.06	-0.14	44732	0.093	0.111	0.394	0.015	-0.016	1.340
18.030	0.095	0.124	0.395	-3.12	-0.39	0.90	26.17	-4.85	-0.05	44861	0.093	0.113	0.392	0.015	-0.015	1.340
18.040	0.094	0.127	0.393	-2.88	-0.33	0.90	27.23	-5.47	1.31	44975	0.093	0.115	0.390	0.015	-0.014	1.341
18.050	0.095	0.129	0.390	-2.62	-0.29	0.92	28.79	-4.94	1.69	45135	0.093	0.117	0.388	0.016	-0.013	1.341
18.061	0.094	0.131	0.388	-2.34	-0.23	0.94	27.62	-4.39	1.76	45260	0.093	0.119	0.385	0.016	-0.012	1.341
18.069	0.094	0.131	0.386	-2.06	-0.19	0.96	27.21	-3.50	1.63	45372	0.093	0.121	0.383	0.016	-0.011	1.341
18.081	0.093	0.134	0.383	-1.82	-0.16	0.98	25.66	-2.14	2.58	45463	0.093	0.123	0.381	0.016	-0.011	1.341
18.090	0.093	0.135	0.380	-1.56	-0.15	1.00	24.25	-1.84	2.41	45575	0.093	0.125	0.378	0.016	-0.010	1.341
18.105	0.093	0.138	0.378	-1.35	-0.13	1.03	23.74	-0.81	2.60	45844	0.093	0.127	0.376	0.016	-0.009	1.342
18.110	0.093	0.139	0.375	-1.12	-0.12	1.05	21.96	-1.67	2.87	45940	0.093	0.129	0.374	0.016	-0.008	1.342
18.120	0.093	0.142	0.373	-0.92	-0.10	1.08	21.34	-1.75	2.83	46041	0.092	0.131	0.371	0.016	-0.007	1.342
18.130	0.093	0.142	0.373	-0.70	-0.08	1.11	21.15	-3.40	2.95	46154	0.092	0.133	0.370	0.016	-0.007	1.342
18.141	0.092	0.146	0.371	-0.51	-0.04	1.13	20.49	-2.89	3.11	45773	0.092	0.135	0.368	0.016	-0.006	1.342
18.152	0.092	0.146	0.369	-0.30	-0.01	1.16	19.21	-2.55	3.05	45846	0.092	0.137	0.366	0.016	-0.005	1.343
18.160	0.092	0.149	0.367	-0.13	0.01	1.20	19.06	-1.73	3.61	43819	0.092	0.139	0.364	0.016	-0.005	1.343
18.167	0.091	0.149	0.365	0.07	0.03	1.23	17.59	-1.13	3.11	43885	0.092	0.141	0.362	0.016	-0.004	1.343
18.181	0.090	0.153	0.363	0.22	0.05	1.26	17.08	-0.27	3.36	43929	0.091	0.143	0.360	0.016	-0.003	1.343
18.192	0.090	0.154	0.361	0.38	0.06	1.29	16.38	-0.19	3.37	43890	0.091	0.145	0.358	0.016	-0.003	1.343
18.202	0.091	0.154	0.359	0.55	0.05	1.33	16.03	-0.44	3.48	43968	0.091	0.147	0.356	0.016	-0.002	1.344
18.212	0.091	0.157	0.357	0.70	0.05	1.36	15.89	-0.53	3.37	44049	0.091	0.149	0.354	0.016	-0.002	1.344
18.219	0.091	0.158	0.354	0.86	0.06	1.40	15.29	-0.16	3.56	44124	0.091	0.151	0.352	0.016	-0.001	1.344
18.230	0.090	0.161	0.352	0.99	0.07	1.43	14.17	-0.34	3.32	44358	0.090	0.153	0.349	0.016	-0.001	1.344
18.240	0.089	0.161	0.350	1.14	0.08	1.46	12.71	0.97	3.24	44453	0.090	0.154	0.347	0.016	-0.000	1.344
18.247	0.089	0.164	0.348	1.24	0.07	1.50	11.44	1.11	3.40	44541	0.090	0.156	0.345	0.016	0.000	1.345
18.257	0.089	0.165	0.346	1.36	0.06	1.53	10.39	1.71	4.17	44641	0.089	0.158	0.343	0.016	0.001	1.345
18.265	0.088	0.168	0.343	1.44	0.06	1.57	9.50	1.25	4.21	44861	0.089	0.160	0.340	0.015	0.001	1.345
18.279	0.087	0.167	0.341	1.54	0.06	1.61	8.58	1.24	4.49	44946	0.089	0.162	0.338	0.015	0.002	1.345
18.291	0.087	0.168	0.339	1.63	0.05	1.66	7.65	1.30	4.34	45050	0.088	0.163	0.336	0.015	0.002	1.346
18.306	0.087	0.170	0.336	1.69	0.03	1.71	6.25	1.84	4.53	45148	0.088	0.165	0.334	0.015	0.003	1.346
18.310	0.088	0.171	0.334	1.76	0.01	1.75	6.21	2.44	4.74	45227	0.088	0.166	0.331	0.015	0.003	1.346
18.320	0.088	0.174	0.332	1.79	-0.02	1.80	4.56	2.36	4.74	45419	0.088	0.168	0.329	0.015	0.003	1.346
18.333	0.087	0.174	0.329	1.84	-0.03	1.85	3.33	1.91	5.06	45513	0.087	0.169	0.327	0.015	0.004	1.346
18.342	0.086	0.178	0.327	1.84	-0.04	1.89	2.84	2.43	5.02	45607	0.087	0.171	0.324	0.015	0.004	1.347
18.351	0.086	0.178	0.326	1.87	-0.06	1.94	2.20	2.25	5.18	45716	0.087	0.172	0.322	0.015	0.005	1.347
18.364	0.086	0.180	0.324	1.88	-0.09	1.99	1.83	2.21	5.05	45671	0.087	0.174	0.320	0.015	0.005	1.347
18.368	0.086	0.179	0.322	1.91	-0.10	2.05	1.08	2.31	4.99	43617	0.086	0.175	0.318	0.015	0.005	1.347
18.378	0.085	0.181	0.320	1.91	-0.12	2.10	0.14	2.37	4.73	43682	0.086	0.176	0.316	0.015	0.006	1.348
18.391	0.085	0.183	0.317	1.90	-0.14	2.14	-0.55	2.38	4.47	43746	0.086	0.178	0.314	0.015	0.006	1.348
18.402	0.085	0.183	0.315	1.89	-0.17	2.19	-1.33	3.65	4.56	43809	0.086	0.179	0.312	0.015	0.006	1.348
18.409	0.085	0.185	0.313	1.87	-0.20	2.24	-0.65	3.39	4.09	43919	0.085	0.180	0.310	0.015	0.007	1.348
18.417	0.085	0.186	0.311	1.86	-0.23	2.28	-0.69	3.87	4.07	43991	0.085	0.181	0.307	0.015	0.007	1.349
18.428	0.085	0.188	0.309	1.84	-0.27	2.32	-0.19	3.21	3.91	44071	0.085	0.183	0.305	0.015	0.007	1.349
18.441	0.085	0.189	0.307	1.83	-0.30	2.36	-0.43	3.72	3.23	44154	0.085	0.184	0.303	0.015	0.008	1.349
18.449	0.085	0.190	0.305	1.83	-0.33	2.39	-0.06	3.33	2.93	44144	0.085	0.185	0.301	0.015	0.008	1.350
18.460	0.084	0.190	0.303	1.82	-0.35	2.42	-0.57	2.87	2.95	44242	0.084	0.186	0.299	0.015	0.008	1.350
18.469	0.084	0.192	0.301	1.80	-0.38	2.45	-0.81	1.31	2.90	44338	0.084	0.188	0.297	0.015	0.009	1.350
18.481	0.084	0.194	0.299	1.77	-0.39	2.48	-1.23	0.91	3.03	44431	0.084	0.189	0.294	0.015	0.009	1.351
18.490	0.084	0.195	0.297	1.76	-0.40	2.50	-1.79	0.13	2.52	44621	0.084	0.190	0.292	0.015	0.009	1.351
18.500	0.084	0.197	0.295	1.72	-0.41	2.53	-2.11	-0.29	2.44	44725	0.084	0.191	0.290	0.015	0.010	1.351
18.511	0.084	0.198	0.292	1.68	-0.40	2.55	-2.28	-1.33	2.41	44830	0.084	0.192	0.288	0.015	0.010	1.352
18.519	0.083	0.197	0.290	1.69	-0.37	2.58	-2.47	-1.01	2.16	44930	0.083	0.193	0.286	0.015	0.011	1.352
18.526	0.083	0.200	0.288	1.63	-0.37	2.60	-3.05	-0.85	1.91	45029	0.083	0.195	0.283	0.015	0.011	1.352
18.539	0.083	0.202	0.286	1.58	-0.36	2.62	-1.51	-1.37	2.56	45165	0.083	0.196	0.281	0.015	0.011	1.353
18.549	0.083	0.202	0.284	1.57	-0.34	2.64	-1.74	-1.71	2.77	45280	0.083	0.197	0.279	0.015	0.012	1.353
18.561	0.083	0.203	0.282	1.55	-0.33	2.67	-1.46	-0.51	2.70	45381	0.083	0.198	0.277	0.015	0.012	1.353
18.568	0.083	0.203	0.281	1.53	-0.32	2.70	-2.29	-0.56	2.57	43450	0.082	0.199	0.275	0.015	0.012	1.354
18.578	0.085	0.203	0.279	1.51	-0.34	2.72	-2.14	-0.47	2.56	43281	0.083	0.200	0.273	0.015	0.013	1.354
18.590	0.085	0.205	0.277	1.47	-0.33	2.75	-1.12	-1.17	3.55	43347	0.083	0.201	0.271	0.015	0.013	1.355
18.599	0.084	0.207	0.275	1.44	-0.32	2.78	-2.12	-0.02	3.27	43422	0.083	0.202	0.269	0.015	0.013	1.355
18.611	0.084	0.208	0.273	1.42	-0.31	2.82	-1.53	-0.77	3.91	43497	0.083	0.203	0.267	0.016	0.014	1.356
18.620	0.086	0.209	0.269	1.39	-0.33	2.85	-1.46	-1.51	4.23	43607	0.083	0.204	0.265	0.016	0.014	1.356
18.631	0.086	0.209	0.267	1.37	-0.31	2.89	-1.34	-2.62	4.36	43976	0.083	0.205	0.262	0.016	0.014	1.356
18.640	0.081	0.209	0.265	1.36	-0.22	2.94	-1.53	-2.47	4.09	44085	0.083	0.205	0.260	0.016	0.015	1.357
18.649	0.081	0.209	0.263	1.35	-0.20	2.98	-1.14	-2.49	3.75	44198	0.082	0.206	0.257	0.016	0.015	1.357
18.660	0.081	0.209	0.260	1.34	-0.17	3.03	-0.49	-2.96	4.73	44316	0.082	0.207	0.255	0.016	0.015	1.358
18.668	0.081	0.210	0.258	1.33	-0.15	3.07	-1.07	-3.16	3.74	44560	0.082	0.207	0.253	0.016	0.015	1.358
18.678	0.082	0.211	0.256	1.32	-0.12	3.10	-0.24	-2.74	3.97	44655	0.082	0.208	0.250	0.016	0.015	1.358
18.685	0.082	0.211	0.253	1.31	-0.09	3.14	-0.66	-1.90	3.63	44764	0.081	0.209	0.248	0.016	0.016	1.359
18.701	0.083	0.211	0.251	1.31	-0.09	3.18	-1.53	-0.80	4.43	44861	0.081	0.209	0.245	0.016	0.016	1.359
18.712	0.083	0.212	0.249	1.28	-0.09	3.23	-1.75	-0.26	3.98	44993	0.082	0.210	0.243	0.016	0.016	1.360
18.718	0.083	0.212	0.247	1.27	-0.09	3.27	-2.66	0.43	3.83	45100	0.082	0.210	0.241	0.016	0.016	1.360
18.728	0.083	0.211	0.244	1.25	-0.09	3.31	-3.17	1.15	3.93	45193	0.082	0.210	0.239	0.016	0.016	1.361
18.736	0.084	0.212	0.242	1.22	-0.11	3.34	-3.75	0.99	3.47	45299	0.082	0.211	0.236	0.016	0.016	1.361
18.751	0.087	0.214	0.241	1.14	-0.16	3.37	-3.98	1.47	2.87	45385	0.082	0.211	0.234	0.017	0.016	1.362
18.760	0.087	0.215	0.239	1.10	-0.17	3.40	-5.24	1.51	2.85	45295	0.083	0.212	0.232	0.017	0.017	1.362
18.770	0.087	0.215	0.237	1.04	-0.19	3.43	-6.03	0.93	2.51	43354	0.083	0.212	0.230	0.017	0.017	1.363
18.779	0.087	0.215	0.235	0.98	-0.20	3.45	-5.77	0.25	2.56	43418	0.083	0.213	0.228	0.018	0.017	1.363
18.786	0.089	0.215	0.232	0.93	-0.22	3.47	-6.14	-0.69	2.33	43500	0.084	0.213	0.226	0.018	0.017	1.364
18.795	0.089	0.214	0.230	0.88	-0.20	3.50	-5.02	-1.73	2.44	43634	0.084	0.213	0.224	0.018	0.017	1.364
18.810	0.089	0.214	0.228	0.85	-0.18	3.52	-4.12	-2.16	2.35	43729	0.085	0.213	0.221	0.019	0.017	1.365
18.820	0.090	0.214	0.226	0.80	-0.16	3.54	-3.64	-3.31	2.15	43817	0.085	0.213	0.219	0.019	0.017	1.365
18.829	0.090	0.214	0.224	0.77	-0.12	3.56	-3.20	-4.33	1.92	43905	0.086	0.214	0.217	0.019	0.017	1.366
18.836	0.090	0.214	0.222	0.74	-0.08	3.58	-2.99	-4.36	1.67	44012	0.086	0.214	0.215	0.019	0.017	1.366
18.851	0.091	0.215	0.220	0.71	-0.03	3.60	-2.24	-4.90	1.83	44103	0.087	0.214	0.212	0.020	0.017	1.367
18.859	0.091	0.221	0.217	0.59	0.01	3.61	-2.36	-5.24	1.92	44216	0.087	0.215	0.210	0.020	0.018	1.367
18.867	0.091	0.221	0.215	0.57	0.07	3.63	-2.29	-5.32	2.10	44313	0.088	0.216	0.208	0.020	0.018	1.368
18.875	0.092	0.221	0.215	0.54	0.12	3.65	-2.72	-5.43	1.30	44432	0.088	0.216	0.206	0.021	0.019	1.368
18.886	0.093	0.220	0.213	0.53	0.16	3.66	-2.65	-4.89	1.84	44185	0.089	0.217	0.204	0.021	0.019	1.369
18.900	0.093	0.221	0.211	0.51	0.21	3.68	-1.85	-4.83	1.97	44305	0.089	0.217	0.202	0.021	0.019	1.370
18.911	0.094	0.219	0.209	0.51	0.25	3.70	-1.57	-4.63	1.67	44410	0.090	0.218	0.200	0.021	0.019	1.370
18.920	0.095	0.219	0.207	0.51	0.28	3.71	-1.33	-4.00	1.37	44521	0.090	0.218	0.198	0.022	0.019	1.371
18.929	0.095	0.218	0.202	0.50	0.33	3.72	-1.83	-4.17	1.03	45042	0.091	0.218	0.196	0.022	0.019	1.372
18.939	0.095	0.218	0.200	0.48	0.37	3.73	-2.26	-4.25	0.62	45162	0.092	0.218	0.193	0.022	0.019	1.372
18.949	0.097	0.218	0.198	0.47	0.38	3.73	-2.60	-4.39	0.49	45295	0.092	0.218	0.191	0.023	0.019	1.373
18.959	0.098	0.218	0.196	0.44	0.42	3.73	-3.48	-4.27	0.57	45416	0.093	0.218	0.188	0.023	0.019	1.373
18.970	0.098	0.219	0.193	0.39	0.45	3.74	-4.57	-4.02	-0.30	45543	0.094	0.218	0.186	0.023	0.019	1.374
18.980	0.099	0.219	0.190	0.34	0.49	3.73	-5.11	-3.85	-0.65	43675	0.094	0.218	0.184	0.024	0.019	1.374
18.988	0.099	0.219	0.188	0.28	0.53	3.73	-5.21	-2.59	-0.90	43773	0.095	0.218	0.181	0.024	0.019	1.375
19.000	0.101	0.218	0.186	0.26	0.54	3.71	-4.98	-3.73	-1.02	43873	0.096	0.218	0.179	0.024	0.019	1.375
19.009	0.101	0.218	0.183	0.20	0.56	3.70	-5.22	-2.56	-1.20	43985	0.097	0.218	0.177	0.024	0.019	1.376
19.020	0.101	0.218	0.181	0.16	0.60	3.69	-4.99	-2.82	-0.95	44143	0.097	0.218	0.174	0.025	0.019	1.376
19.028	0.101	0.218	0.179	0.11	0.63	3.68	-5.00	-2.50	-1.07	44262	0.098	0.218	0.172	0.025	0.019	1.377
19.040	0.102	0.218	0.176	0.06	0.66	3.67	-4.27	-2.00	-0.58	44385	0.099	0.218	0.169	0.025	0.019	1.377
19.049	0.102	0.218	0.174	0.02	0.68	3.66	-4.76	-1.59	-1.48	44529	0.099	0.218	0.167	0.025	0.019	1.378
19.060	0.107	0.220	0.172	-0.06	0.59	3.64	-3.97	-0.06	-0.93	44675	0.100	0.218	0.165	0.026	0.019	1.378
19.070	0.107	0.220	0.170	-0.10	0.60	3.63	-3.56	-0.81	-1.54	44671	0.102	0.219	0.162	0.026	0.019	1.379
19.079	0.107	0.219	0.168	-0.13	0.61	3.62	-2.31	0.02	-1.11	44809	0.102	0.219	0.160	0.027	0.020	1.380
19.090	0.107	0.218	0.165	-0.13	0.62	3.60	-2.71	-0.46	-1.66	44944	0.103	0.219	0.158	0.027	0.019	1.380
19.095	0.107	0.217	0.165	-0.13	0.65	3.59	-1.14	-1.07	-1.60	45088	0.104	0.219	0.156	0.027	0.019	1.381
19.110	0.108	0.218	0.162	-0.14	0.65	3.57	-0.92	-1.63	-1.83	44911	0.105	0.218	0.154	0.027	0.019	1.381
19.118	0.108	0.217	0.160	-0.14	0.67	3.55	0.24	-2.24	-1.78	45025	0.106	0.218	0.152	0.027	0.019	1.382
19.130	0.105	0.218	0.158	-0.15	0.77	3.54	0.03	-2.56	-2.41	45164	0.106	0.218	0.149	0.027	0.019	1.383
19.140	0.111	0.222	0.155	-0.27	0.64	3.52	-0.38	-2.66	-2.25	45284	0.107	0.219	0.147	0.028	0.019	1.383
19.146	0.111	0.222	0.151	-0.25	0.69	3.49	0.43	-3.74	-3.20	45785	0.108	0.219	0.145	0.028	0.020	1.384
19.159	0.111	0.222	0.148	-0.24	0.74	3.46	0.20	-3.31	-2.96	45901	0.109	0.220	0.142	0.028	0.020	1.384
19.171	0.111	0.221	0.146	-0.21	0.78	3.43	0.76	-2.49	-3.47	46021	0.109	0.220	0.140	0.028	0.020	1.385
19.180	0.112	0.221	0.144	-0.18	0.80	3.39	0.88	-2.55	-3.89	46150	0.110	0.220	0.138	0.028	0.020	1.385
19.188	0.111	0.220	0.139	-0.17	0.86	3.35	2.16	-1.78	-4.01	44172	0.111	0.220	0.135	0.028	0.020	1.386
19.195	0.111	0.220	0.137	-0.15	0.88	3.32	2.22	-1.54	-3.89	44597	0.111	0.220	0.132	0.028	0.020	1.386
19.209	0.107	0.221	0.134	-0.15	1.04	3.28	3.33	-0.81	-3.92	44688	0.111	0.220	0.130	0.028	0.020	1.386
19.217	0.108	0.221	0.132	-0.11	1.01	3.24	3.64	-0.72	-3.93	44772	0.111	0.221	0.127	0.028	0.020	1.387
19.230	0.107	0.222	0.129	-0.12	1.05	3.20	3.81	-1.14	-3.45	44871	0.111	0.221	0.125	0.028	0.020	1.387
19.239	0.110	0.215	0.128	0.18	0.96	3.12	2.68	0.98	-4.07	44856	0.112	0.220	0.122	0.027	0.020	1.387
19.247	0.110	0.215	0.125	0.22	0.97	3.09	4.87	0.59	-2.97	44940	0.112	0.220	0.120	0.027	0.019	1.388
19.260	0.110	0.215	0.123	0.26	0.96	3.06	2.74	2.47	-3.69	45036	0.112	0.219	0.117	0.027	0.019	1.388
19.268	0.110	0.214	0.120	0.29	0.94	3.02	1.95	2.31	-3.40	45124	0.112	0.219	0.115	0.027	0.019	1.389
19.279	0.109	0.216	0.118	0.22	0.97	3.00	-0.61	2.69	-3.58	45225	0.112	0.218	0.112	0.027	0.019	1.389
19.287	0.108	0.216	0.115	0.20	0.94	2.97	-3.85	3.74	-3.82	45356	0.112	0.218	0.110	0.026	0.018	1.390
19.298	0.110	0.216	0.113	0.14	0.83	2.93	-6.68	6.25	-4.34	45446	0.113	0.218	0.108	0.026	0.018	1.390
19.311	0.110	0.211	0.111	0.34	0.78	2.85	-8.68	8.59	-3.58	45536	0.113	0.217	0.105	0.026	0.018	1.390
19.319	0.109	0.210	0.114	0.26	0.71	2.81	-10.25	11.71	-2.62	45658	0.113	0.216	0.104	0.026	0.017	1.391
19.331	0.109	0.210	0.112	0.12	0.59	2.79	-12.01	12.13	-1.85	44728	0.113	0.216	0.102	0.025	0.017	1.392
19.339	0.109	0.210	0.110	-0.03	0.45	2.78	-15.90	13.25	-1.28	44790	0.113	0.215	0.101	0.025	0.017	1.392
19.348	0.109	0.209	0.108	-0.20	0.32	2.77	-15.68	12.69	-0.40	44856	0.113	0.214	0.099	0.025	0.016	1.393
19.360	0.109	0.210	0.106	-0.41	0.21	2.78	-12.79	11.01	0.43	44920	0.113	0.214	0.097	0.024	0.016	1.394
19.369	0.108	0.209	0.106	-0.49	0.16	2.77	-9.41	5.61	-0.26	44577	0.113	0.213	0.096	0.024	0.016	1.394
19.379	0.108	0.208	0.104	-0.60	0.12	2.77	-5.29	-0.43	-0.73	44625	0.113	0.212	0.095	0.024	0.015	1.395
19.388	0.108	0.208	0.102	-0.65	0.13	2.76	-2.55	-4.07	-0.43	42621	0.113	0.212	0.093	0.023	0.015	1.396
