t	x	y	z	roll	pitch	yaw	g_x	g_y	g_z	thrust	eso_x	eso_y	eso_z	dist_x	dist_y	dist_z
0.019	0.165	0.535	0.000	-0.51	1.59	-4.53	0.19	-0.06	0.24	0	0.165	0.535	0.000	-0.000	-0.000	-0.000
0.034	0.166	0.536	0.000	-0.52	1.53	-4.52	-0.15	0.16	0.07	0	0.165	0.535	-0.001	0.000	0.000	0.000
0.044	0.166	0.534	0.000	-0.42	1.50	-4.53	0.09	0.01	0.14	0	0.165	0.535	-0.002	0.000	-0.000	0.000
0.055	0.166	0.535	0.000	-0.47	1.52	-4.52	-0.13	-0.11	0.04	0	0.165	0.535	-0.004	0.000	-0.000	0.001
0.061	0.166	0.535	0.000	-0.47	1.51	-4.51	0.03	-0.35	-0.03	0	0.165	0.535	-0.007	0.000	-0.000	0.001
0.073	0.165	0.536	0.000	-0.49	1.54	-4.51	-0.18	0.24	0.05	0	0.165	0.535	-0.010	0.000	-0.000	0.002
0.085	0.163	0.535	0.000	-0.42	1.61	-4.51	0.09	0.14	0.09	0	0.165	0.535	-0.013	0.000	-0.000	0.003
0.095	0.166	0.532	0.000	-0.28	1.48	-4.52	0.11	0.09	-0.09	0	0.165	0.535	-0.016	0.000	-0.000	0.004
0.107	0.164	0.538	0.000	-0.55	1.56	-4.49	-0.07	0.11	0.10	0	0.165	0.535	-0.020	0.000	-0.000	0.006
0.113	0.166	0.536	0.000	-0.48	1.47	-4.49	-0.02	-0.24	-0.15	0	0.165	0.535	-0.024	0.000	-0.000	0.007
0.123	0.165	0.537	0.000	-0.52	1.48	-4.49	0.10	-0.02	0.11	0	0.165	0.535	-0.028	0.000	0.000	0.009
0.135	0.165	0.536	0.000	-0.45	1.49	-4.49	-0.14	0.23	0.12	0	0.165	0.536	-0.032	0.000	0.000	0.012
0.145	0.165	0.536	0.000	-0.45	1.47	-4.48	0.06	-0.12	-0.04	0	0.165	0.536	-0.036	0.000	0.000	0.015
0.153	0.166	0.536	0.000	-0.44	1.45	-4.48	-0.09	0.48	0.17	0	0.165	0.536	-0.040	0.000	0.000	0.018
0.164	0.166	0.536	0.000	-0.43	1.42	-4.47	-0.10	-0.01	-0.17	0	0.165	0.536	-0.045	0.000	0.000	0.021
0.176	0.165	0.537	0.000	-0.45	1.49	-4.47	0.03	0.04	0.04	0	0.165	0.536	-0.049	0.000	0.000	0.025
0.186	0.166	0.538	0.000	-0.49	1.44	-4.46	0.09	-0.02	0.14	0	0.165	0.536	-0.053	0.000	0.000	0.028
0.197	0.166	0.538	0.000	-0.47	1.44	-4.46	-0.06	0.12	-0.01	0	0.165	0.536	-0.057	0.000	0.000	0.033
0.203	0.165	0.536	0.000	-0.40	1.47	-4.45	-0.08	0.08	0.26	0	0.165	0.536	-0.062	0.000	0.000	0.037
0.213	0.166	0.536	0.000	-0.39	1.42	-4.45	0.11	-0.00	-0.02	0	0.165	0.536	-0.066	0.000	0.000	0.042
0.222	0.172	0.536	0.000	-0.40	1.15	-4.45	0.12	-0.21	0.11	0	0.166	0.536	-0.070	0.001	0.000	0.047
0.234	0.172	0.536	0.000	-0.40	1.15	-4.44	-0.10	0.05	0.15	0	0.167	0.536	-0.075	0.001	0.000	0.053
0.243	0.173	0.536	0.000	-0.40	1.15	-4.44	-0.16	-0.01	0.07	0	0.168	0.536	-0.079	0.001	0.000	0.058
0.252	0.173	0.536	0.000	-0.40	1.15	-4.43	0.14	0.22	0.20	0	0.168	0.536	-0.083	0.001	0.000	0.064
0.264	0.174	0.536	0.000	-0.39	1.13	-4.43	0.13	-0.15	-0.24	0	0.169	0.536	-0.087	0.002	0.000	0.071
0.274	0.174	0.536	0.000	-0.37	1.15	-4.42	-0.13	-0.16	-0.11	0	0.170	0.536	-0.091	0.002	0.000	0.077
0.285	0.173	0.536	0.000	-0.38	1.20	-4.42	0.12	0.02	0.20	0	0.170	0.536	-0.095	0.002	0.000	0.084
0.294	0.172	0.537	0.000	-0.40	1.25	-4.41	-0.09	-0.13	0.01	0	0.170	0.536	-0.099	0.002	0.000	0.091
0.303	0.172	0.535	0.000	-0.34	1.25	-4.41	0.07	-0.06	0.06	0	0.170	0.536	-0.103	0.002	0.000	0.099
0.312	0.174	0.532	0.000	-0.22	1.18	-4.40	-0.25	-0.11	-0.08	0	0.171	0.536	-0.107	0.002	0.000	0.106
0.324	0.174	0.531	0.000	-0.22	1.17	-4.39	0.01	0.03	0.13	0	0.171	0.535	-0.111	0.002	-0.000	0.114
0.334	0.172	0.533	0.000	-0.26	1.26	-4.39	0.00	-0.14	0.17	0	0.171	0.535	-0.115	0.002	-0.000	0.123
0.345	0.173	0.530	0.000	-0.17	1.22	-4.38	0.07	-0.01	-0.18	0	0.172	0.534	-0.119	0.002	-0.000	0.131
0.354	0.175	0.530	0.000	-0.20	1.18	-4.38	-0.11	-0.16	0.18	0	0.172	0.534	-0.123	0.003	-0.001	0.140
0.362	0.172	0.533	0.000	-0.29	1.29	-4.37	-0.16	-0.17	0.06	0	0.172	0.533	-0.126	0.003	-0.001	0.149
0.373	0.173	0.531	0.000	-0.23	1.28	-4.36	0.22	0.09	-0.15	0	0.172	0.533	-0.130	0.003	-0.001	0.158
0.385	0.172	0.533	0.000	-0.31	1.31	-4.36	0.04	-0.20	-0.08	0	0.172	0.533	-0.134	0.003	-0.001	0.167
0.393	0.173	0.535	0.000	-0.36	1.30	-4.37	-0.12	0.20	-0.08	0	0.172	0.533	-0.137	0.003	-0.001	0.177
0.403	0.173	0.533	0.000	-0.31	1.31	-4.36	-0.17	0.02	0.11	0	0.173	0.533	-0.141	0.002	-0.001	0.187
0.413	0.174	0.529	0.000	-0.17	1.25	-4.34	-0.24	-0.21	0.09	0	0.173	0.533	-0.144	0.003	-0.001	0.197
0.422	0.175	0.526	0.000	-0.08	1.19	-4.33	-0.11	0.07	0.23	0	0.173	0.532	-0.148	0.003	-0.001	0.207
0.434	0.177	0.527	0.000	-0.12	1.16	-4.33	-0.07	0.35	0.39	0	0.174	0.531	-0.151	0.003	-0.001	0.217
0.446	0.173	0.525	0.000	-0.08	1.30	-4.31	-0.09	-0.05	0.04	0	0.174	0.530	-0.155	0.003	-0.002	0.228
0.453	0.175	0.528	0.000	-0.17	1.22	-4.32	0.09	0.02	0.11	0	0.174	0.530	-0.158	0.003	-0.002	0.239
0.463	0.176	0.527	0.000	-0.16	1.21	-4.32	-0.20	-0.01	0.08	0	0.174	0.530	-0.161	0.003	-0.002	0.250
0.473	0.176	0.528	0.000	-0.19	1.21	-4.32	0.02	0.05	-0.10	0	0.174	0.529	-0.165	0.003	-0.002	0.261
0.484	0.176	0.526	0.000	-0.14	1.25	-4.30	-0.12	0.17	-0.07	0	0.175	0.529	-0.168	0.003	-0.002	0.273
0.494	0.176	0.528	0.000	-0.21	1.25	-4.30	0.00	-0.18	0.19	0	0.175	0.529	-0.171	0.003	-0.002	0.284
0.505	0.176	0.528	0.000	-0.22	1.25	-4.30	-0.09	-0.10	0.14	0	0.175	0.528	-0.174	0.003	-0.002	0.296
0.514	0.176	0.527	0.000	-0.20	1.25	-4.29	-0.13	0.22	0.11	0	0.175	0.528	-0.177	0.003	-0.002	0.308
0.525	0.178	0.529	0.000	-0.28	1.17	-4.31	0.13	-0.28	-0.20	0	0.176	0.528	-0.180	0.003	-0.002	0.320
0.533	0.179	0.529	0.000	-0.28	1.17	-4.31	0.09	0.06	-0.06	0	0.176	0.528	-0.183	0.003	-0.002	0.333
0.544	0.176	0.534	0.000	-0.46	1.30	-4.31	-0.17	-0.20	-0.09	0	0.176	0.529	-0.186	0.003	-0.002	0.345
0.555	0.178	0.532	0.000	-0.39	1.25	-4.30	0.05	0.23	0.20	0	0.177	0.529	-0.189	0.003	-0.002	0.358
0.565	0.178	0.532	0.000	-0.38	1.24	-4.30	0.25	0.06	0.07	0	0.177	0.530	-0.192	0.003	-0.001	0.370
0.574	0.176	0.530	0.000	-0.32	1.33	-4.27	0.03	-0.07	-0.07	0	0.177	0.530	-0.195	0.003	-0.001	0.383
0.584	0.177	0.534	0.000	-0.47	1.29	-4.29	-0.12	-0.19	-0.07	0	0.177	0.530	-0.198	0.003	-0.001	0.396
0.596	0.177	0.533	0.000	-0.41	1.31	-4.28	0.08	-0.04	0.08	0	0.177	0.530	-0.200	0.003	-0.001	0.410
0.603	0.178	0.533	0.000	-0.41	1.27	-4.28	0.14	0.03	0.16	0	0.177	0.531	-0.203	0.003	-0.001	0.423
0.613	0.176	0.533	0.000	-0.41	1.36	-4.26	-0.04	-0.20	-0.22	0	0.177	0.531	-0.206	0.003	-0.001	0.437
0.623	0.177	0.534	0.000	-0.44	1.33	-4.27	0.19	-0.14	-0.12	0	0.177	0.531	-0.208	0.003	-0.001	0.450
0.630	0.176	0.533	0.000	-0.42	1.37	-4.26	0.06	-0.11	-0.07	0	0.177	0.531	-0.211	0.003	-0.001	0.464
0.644	0.176	0.533	0.000	-0.43	1.38	-4.26	-0.03	0.03	0.16	0	0.177	0.532	-0.213	0.003	-0.001	0.478
0.653	0.178	0.532	0.000	-0.40	1.30	-4.25	-0.13	-0.42	0.09	0	0.177	0.532	-0.216	0.003	-0.000	0.492
0.665	0.177	0.524	0.000	-0.13	1.31	-4.22	-0.10	-0.09	0.06	0	0.177	0.531	-0.219	0.003	-0.001	0.506
0.674	0.178	0.523	0.000	-0.08	1.29	-4.21	0.05	-0.09	-0.15	0	0.178	0.530	-0.221	0.003	-0.001	0.520
0.684	0.178	0.522	0.000	-0.06	1.29	-4.20	-0.27	-0.02	0.12	0	0.178	0.529	-0.223	0.003	-0.002	0.535
0.695	0.178	0.523	0.000	-0.10	1.29	-4.20	0.04	-0.03	0.02	0	0.178	0.528	-0.226	0.003	-0.002	0.549
0.703	0.178	0.524	0.000	-0.15	1.30	-4.20	0.00	-0.04	-0.07	0	0.178	0.527	-0.228	0.003	-0.002	0.564
0.713	0.178	0.525	0.000	-0.21	1.35	-4.20	0.11	0.12	0.02	0	0.178	0.527	-0.231	0.003	-0.002	0.578
0.724	0.178	0.525	0.000	-0.21	1.35	-4.19	0.07	0.03	-0.16	0	0.178	0.527	-0.233	0.003	-0.002	0.593
0.733	0.177	0.526	0.000	-0.26	1.37	-4.19	-0.09	-0.23	0.09	0	0.178	0.526	-0.235	0.003	-0.002	0.608
0.744	0.181	0.521	0.000	-0.09	1.20	-4.19	0.18	0.33	0.21	0	0.179	0.526	-0.237	0.003	-0.002	0.623
0.749	0.181	0.522	0.000	-0.14	1.23	-4.19	0.01	0.05	-0.17	0	0.179	0.525	-0.240	0.003	-0.002	0.638
0.766	0.180	0.515	0.000	0.07	1.28	-4.15	0.02	-0.11	0.08	0	0.179	0.524	-0.242	0.003	-0.003	0.653
0.775	0.181	0.516	0.000	0.04	1.24	-4.16	0.17	-0.03	-0.02	0	0.180	0.523	-0.244	0.003	-0.003	0.669
0.782	0.180	0.516	0.000	0.01	1.28	-4.15	-0.10	0.07	-0.00	0	0.180	0.522	-0.246	0.003	-0.004	0.684
0.791	0.183	0.515	0.000	0.04	1.19	-4.15	-0.09	0.08	0.01	0	0.180	0.521	-0.248	0.003	-0.004	0.699
0.806	0.180	0.516	0.000	-0.04	1.30	-4.14	-0.08	-0.16	-0.11	0	0.180	0.520	-0.250	0.003	-0.004	0.715
0.815	0.180	0.515	0.000	-0.04	1.32	-4.13	0.02	-0.16	-0.00	0	0.180	0.519	-0.252	0.003	-0.004	0.730
0.824	0.181	0.516	0.000	-0.08	1.30	-4.14	0.18	0.36	0.31	0	0.181	0.519	-0.254	0.003	-0.004	0.746
0.835	0.181	0.517	0.000	-0.13	1.31	-4.14	-0.15	-0.35	0.19	0	0.181	0.519	-0.256	0.003	-0.004	0.762
0.845	0.181	0.517	0.000	-0.13	1.31	-4.13	0.05	-0.22	-0.11	0	0.181	0.518	-0.258	0.003	-0.004	0.778
0.853	0.180	0.516	0.000	-0.14	1.36	-4.12	-0.05	0.04	0.03	0	0.181	0.518	-0.260	0.003	-0.004	0.793
0.864	0.180	0.515	0.000	-0.11	1.35	-4.11	-0.08	0.21	0.15	0	0.181	0.517	-0.261	0.003	-0.005	0.809
0.873	0.182	0.515	0.000	-0.13	1.30	-4.12	-0.17	-0.11	0.10	0	0.181	0.517	-0.263	0.003	-0.005	0.825
0.880	0.181	0.515	0.000	-0.15	1.35	-4.11	-0.03	-0.04	-0.03	0	0.181	0.517	-0.265	0.003	-0.005	0.841
0.891	0.181	0.515	0.000	-0.15	1.35	-4.11	0.10	0.14	0.03	0	0.181	0.516	-0.267	0.003	-0.005	0.857
0.902	0.181	0.516	0.000	-0.19	1.35	-4.10	-0.00	0.20	0.01	0	0.181	0.516	-0.268	0.003	-0.005	0.873
0.915	0.181	0.516	0.000	-0.23	1.35	-4.10	-0.06	0.22	-0.13	0	0.181	0.516	-0.270	0.003	-0.005	0.889
0.924	0.182	0.520	0.000	-0.37	1.33	-4.12	0.05	-0.28	0.03	0	0.182	0.516	-0.272	0.003	-0.004	0.906
0.933	0.180	0.516	0.000	-0.24	1.41	-4.09	0.10	0.07	-0.28	0	0.182	0.516	-0.273	0.003	-0.004	0.922
0.943	0.181	0.516	0.000	-0.24	1.38	-4.09	0.01	0.04	-0.07	0	0.182	0.516	-0.275	0.003	-0.004	0.938
0.954	0.179	0.516	0.000	-0.27	1.47	-4.07	0.19	-0.10	-0.20	0	0.181	0.516	-0.277	0.003	-0.004	0.955
0.965	0.181	0.516	0.000	-0.27	1.38	-4.08	-0.02	-0.13	-0.13	0	0.181	0.515	-0.278	0.003	-0.004	0.971
0.972	0.182	0.518	0.000	-0.35	1.38	-4.08	-0.19	-0.17	0.11	0	0.182	0.516	-0.280	0.003	-0.004	0.987
0.984	0.180	0.515	0.000	-0.27	1.45	-4.07	-0.17	0.01	0.00	0	0.181	0.515	-0.281	0.003	-0.004	1.004
0.993	0.180	0.516	0.000	-0.30	1.43	-4.06	0.10	0.02	-0.05	0	0.181	0.515	-0.283	0.003	-0.004	1.020
1.003	0.180	0.517	0.000	-0.36	1.44	-4.06	0.15	-0.09	-0.07	0	0.181	0.515	-0.284	0.003	-0.004	1.037
1.015	0.180	0.516	0.000	-0.33	1.46	-4.06	-0.06	0.12	0.20	0	0.181	0.515	-0.286	0.003	-0.004	1.053
1.023	0.181	0.516	0.000	-0.32	1.41	-4.05	-0.06	0.07	-0.00	0	0.181	0.515	-0.287	0.002	-0.004	1.070
1.033	0.180	0.517	0.000	-0.38	1.44	-4.05	-0.12	0.15	-0.03	0	0.181	0.515	-0.288	0.002	-0.004	1.086
1.044	0.181	0.515	0.000	-0.33	1.42	-4.05	0.04	-0.00	0.10	0	0.181	0.515	-0.290	0.002	-0.004	1.103
1.051	0.179	0.517	0.000	-0.39	1.49	-4.04	0.02	-0.18	0.15	0	0.181	0.515	-0.291	0.002	-0.004	1.119
1.064	0.180	0.515	0.000	-0.34	1.44	-4.04	0.09	-0.06	0.14	0	0.181	0.515	-0.292	0.002	-0.004	1.136
1.073	0.180	0.517	0.000	-0.41	1.49	-4.03	0.09	0.13	0.03	0	0.181	0.515	-0.294	0.002	-0.004	1.153
1.084	0.179	0.516	0.000	-0.38	1.49	-4.02	-0.05	-0.05	0.15	0	0.181	0.515	-0.295	0.002	-0.003	1.169
1.094	0.181	0.516	0.000	-0.37	1.42	-4.02	-0.17	0.03	0.01	0	0.181	0.515	-0.296	0.002	-0.003	1.186
1.104	0.187	0.513	0.000	-0.24	1.16	-4.03	-0.07	-0.19	-0.04	0	0.182	0.515	-0.297	0.002	-0.004	1.202
1.114	0.185	0.514	0.000	-0.32	1.28	-4.02	-0.07	-0.12	-0.17	0	0.182	0.514	-0.299	0.002	-0.004	1.219
1.123	0.184	0.514	0.000	-0.35	1.32	-4.02	0.01	-0.08	-0.13	0	0.183	0.514	-0.300	0.002	-0.004	1.236
1.134	0.183	0.516	0.001	-0.41	1.37	-4.01	0.20	-0.02	-0.04	0	0.183	0.514	-0.301	0.002	-0.003	1.252
1.143	0.183	0.514	0.000	-0.33	1.36	-4.01	-0.33	-0.26	-0.23	0	0.183	0.514	-0.302	0.002	-0.003	1.269
1.153	0.183	0.516	0.000	-0.42	1.40	-4.01	0.01	0.20	-0.04	0	0.183	0.514	-0.303	0.002	-0.003	1.286
1.164	0.183	0.515	0.000	-0.40	1.39	-4.00	-0.11	-0.03	0.17	0	0.183	0.514	-0.304	0.002	-0.003	1.302
1.175	0.183	0.515	0.000	-0.40	1.39	-4.00	-0.12	-0.22	-0.06	0	0.183	0.514	-0.305	0.002	-0.003	1.319
1.182	0.183	0.515	0.000	-0.39	1.40	-3.99	0.03	-0.05	-0.14	0	0.183	0.514	-0.306	0.002	-0.003	1.336
1.195	0.179	0.518	0.000	-0.52	1.59	-3.99	-0.15	-0.03	-0.08	0	0.183	0.514	-0.307	0.002	-0.003	1.352
1.203	0.178	0.517	0.000	-0.49	1.60	-3.98	0.00	-0.11	0.07	0	0.182	0.515	-0.308	0.002	-0.003	1.369
1.213	0.179	0.518	0.000	-0.53	1.58	-3.98	0.15	0.07	-0.06	0	0.182	0.515	-0.309	0.002	-0.003	1.386
1.223	0.176	0.523	0.000	-0.71	1.70	-3.97	0.11	-0.13	-0.11	0	0.181	0.516	-0.310	0.002	-0.002	1.402
1.235	0.177	0.522	0.000	-0.66	1.66	-3.97	0.04	-0.16	0.01	0	0.181	0.516	-0.311	0.001	-0.002	1.419
1.244	0.175	0.523	0.000	-0.70	1.71	-3.97	-0.02	-0.13	0.12	0	0.180	0.517	-0.312	0.001	-0.002	1.436
1.253	0.175	0.523	0.000	-0.69	1.72	-3.96	0.18	0.08	-0.21	0	0.180	0.518	-0.313	0.001	-0.001	1.452
1.262	0.177	0.523	0.000	-0.67	1.62	-3.95	-0.12	-0.09	-0.12	0	0.179	0.518	-0.314	0.001	-0.001	1.469
1.275	0.176	0.522	0.000	-0.63	1.66	-3.95	0.03	0.04	-0.14	0	0.179	0.519	-0.315	0.000	-0.001	1.485
1.283	0.175	0.522	0.000	-0.63	1.66	-3.95	0.09	0.21	0.05	0	0.179	0.519	-0.316	0.000	-0.001	1.502
1.294	0.175	0.523	0.000	-0.62	1.65	-3.95	-0.04	0.02	0.01	0	0.178	0.520	-0.316	0.000	-0.001	1.518
1.303	0.176	0.522	0.000	-0.62	1.61	-3.94	0.02	-0.37	-0.01	0	0.178	0.520	-0.317	0.000	-0.001	1.535
1.314	0.176	0.523	0.000	-0.62	1.61	-3.94	0.23	0.15	0.01	0	0.178	0.520	-0.318	-0.000	-0.000	1.551
1.322	0.179	0.518	0.000	-0.46	1.46	-3.93	0.15	-0.12	0.10	0	0.178	0.520	-0.319	-0.000	-0.001	1.568
1.334	0.180	0.522	0.000	-0.63	1.45	-3.91	-0.20	0.10	0.07	0	0.178	0.520	-0.319	0.000	-0.000	1.584
1.344	0.179	0.523	0.000	-0.64	1.48	-3.91	0.04	0.22	-0.01	0	0.178	0.520	-0.320	0.000	-0.000	1.600
1.353	0.181	0.522	0.000	-0.63	1.40	-3.90	-0.08	0.09	-0.01	0	0.179	0.521	-0.321	0.000	-0.000	1.617
1.364	0.179	0.522	0.000	-0.58	1.45	-3.91	0.05	-0.25	0.08	0	0.179	0.521	-0.321	0.000	-0.000	1.633
1.373	0.179	0.522	0.000	-0.56	1.45	-3.90	-0.13	-0.08	-0.02	0	0.179	0.521	-0.322	0.000	-0.000	1.649
1.384	0.180	0.522	0.000	-0.59	1.45	-3.90	0.05	-0.03	0.19	0	0.179	0.521	-0.323	0.000	-0.000	1.666
1.393	0.176	0.520	0.000	-0.45	1.57	-3.91	-0.13	0.03	-0.01	0	0.179	0.521	-0.323	0.000	-0.000	1.682
1.404	0.176	0.519	0.000	-0.42	1.58	-3.92	0.11	0.10	0.09	0	0.178	0.521	-0.324	0.000	-0.000	1.698
1.413	0.175	0.520	0.000	-0.44	1.59	-3.91	-0.16	-0.18	0.06	0	0.178	0.521	-0.325	-0.000	-0.000	1.714
1.422	0.176	0.521	0.000	-0.51	1.55	-3.90	-0.24	-0.15	0.04	0	0.178	0.521	-0.325	-0.000	-0.000	1.730
1.433	0.178	0.526	0.000	-0.74	1.50	-3.88	0.09	-0.11	0.12	0	0.178	0.521	-0.326	-0.000	0.000	1.746
1.444	0.179	0.526	0.000	-0.72	1.45	-3.87	0.14	0.02	-0.05	0	0.178	0.522	-0.326	-0.000	0.000	1.763
1.452	0.178	0.528	0.000	-0.76	1.48	-3.86	-0.11	-0.09	-0.06	0	0.178	0.523	-0.327	-0.000	0.001	1.779
1.462	0.000	-0.000	0.000	0.00	-0.00	0.00	-0.00	-0.14	0.14	0	0.156	0.459	-0.328	-0.008	-0.023	1.794
1.473	0.000	-0.000	-1.348	0.01	0.00	0.00	-0.11	-0.18	0.39	0	0.137	0.402	-0.552	-0.015	-0.043	1.725
1.483	0.000	-0.000	0.028	-0.02	-0.01	0.00	-0.00	-0.16	-0.21	0	0.120	0.352	-0.513	-0.021	-0.061	1.758
1.494	0.000	-0.000	-0.000	-0.00	-0.05	0.00	-0.03	0.18	-0.06	0	0.105	0.307	-0.485	-0.026	-0.076	1.785
1.504	0.000	-0.001	-0.000	0.25	0.07	0.00	0.04	-0.13	0.12	0	0.091	0.267	-0.461	-0.031	-0.089	1.811
1.513	0.000	-0.001	-0.000	0.35	0.03	0.00	0.10	-0.03	0.07	0	0.079	0.232	-0.440	-0.035	-0.101	1.836
1.525	0.001	-0.001	-0.000	0.15	-0.07	0.00	-0.15	-0.20	0.01	0	0.068	0.200	-0.424	-0.038	-0.111	1.859
1.533	0.001	-0.001	0.000	-0.00	-0.07	0.00	0.08	0.12	-0.21	0	0.059	0.173	-0.409	-0.041	-0.119	1.881
1.543	0.001	-0.002	0.000	0.12	0.01	0.00	0.03	0.00	-0.06	0	0.051	0.148	-0.397	-0.043	-0.126	1.901
1.552	0.001	-0.002	0.000	0.12	0.01	0.00	-0.12	-0.26	0.02	0	0.043	0.126	-0.387	-0.045	-0.132	1.921
1.563	0.001	-0.003	0.000	0.29	0.11	0.00	0.22	-0.10	-0.10	0	0.037	0.106	-0.379	-0.046	-0.137	1.940
1.573	0.001	-0.002	0.000	0.06	0.37	0.00	-0.00	-0.06	0.15	0	0.031	0.089	-0.372	-0.048	-0.141	1.959
1.582	0.001	-0.001	0.000	-0.51	0.41	0.00	-0.04	-0.25	-0.10	0	0.026	0.074	-0.366	-0.049	-0.144	1.977
1.594	0.001	-0.002	0.000	-0.17	0.45	0.00	0.15	0.13	0.01	0	0.021	0.060	-0.361	-0.050	-0.146	1.994
1.600	0.001	-0.002	0.000	-0.32	0.39	0.00	0.21	-0.02	0.06	0	0.017	0.048	-0.357	-0.050	-0.148	2.011
1.609	0.001	-0.001	0.000	-0.57	0.60	0.00	0.10	0.27	-0.05	0	0.014	0.037	-0.354	-0.051	-0.149	2.028
1.623	0.002	-0.000	0.000	-0.95	0.43	0.01	-0.02	-0.08	-0.07	0	0.011	0.028	-0.351	-0.051	-0.150	2.045
1.632	0.001	-0.001	0.000	-0.72	0.54	0.01	0.11	0.05	-0.24	0	0.008	0.020	-0.348	-0.051	-0.150	2.061
1.643	0.000	-0.004	0.000	0.10	0.95	-0.00	0.12	0.00	-0.18	0	0.005	0.012	-0.346	-0.051	-0.150	2.077
1.651	0.000	-0.003	0.000	-0.17	1.01	0.00	0.15	0.11	-0.19	0	0.003	0.006	-0.345	-0.051	-0.150	2.093
1.662	-0.001	-0.003	0.000	-0.22	1.17	0.00	0.02	0.19	0.10	0	0.001	-0.000	-0.343	-0.051	-0.150	2.108
1.672	0.001	-0.003	0.000	-0.22	0.73	0.00	-0.14	-0.09	-0.09	0	-0.001	-0.005	-0.342	-0.050	-0.149	2.124
1.683	0.001	-0.005	0.000	0.11	0.81	-0.00	0.01	0.17	0.10	0	-0.002	-0.010	-0.341	-0.050	-0.148	2.139
1.695	-0.001	-0.004	0.000	-0.15	1.21	0.00	-0.20	0.20	0.13	0	-0.003	-0.014	-0.341	-0.049	-0.146	2.154
1.702	0.000	-0.004	0.000	-0.20	1.07	0.00	-0.03	-0.11	0.09	0	-0.005	-0.018	-0.340	-0.049	-0.145	2.169
1.712	-0.001	-0.004	0.000	-0.29	1.21	0.00	0.05	0.02	0.09	0	-0.006	-0.021	-0.340	-0.048	-0.143	2.184
1.724	-0.001	-0.007	0.000	0.26	1.25	-0.01	0.03	0.06	0.05	0	-0.007	-0.024	-0.339	-0.048	-0.142	2.199
1.733	-0.001	-0.014	-0.000	1.47	1.28	-0.03	0.21	0.06	0.00	0	-0.008	-0.028	-0.339	-0.047	-0.140	2.214
1.742	-0.000	-0.015	-0.000	1.35	1.11	-0.03	-0.02	-0.01	0.12	0	-0.008	-0.031	-0.339	-0.047	-0.139	2.228
1.753	-0.000	-0.013	0.000	0.94	1.12	-0.02	-0.04	-0.33	0.06	0	-0.009	-0.034	-0.339	-0.046	-0.137	2.243
1.763	-0.000	-0.015	0.000	1.16	1.13	-0.02	0.22	0.16	0.09	0	-0.009	-0.036	-0.339	-0.045	-0.135	2.257
1.772	-0.000	-0.013	0.000	0.63	1.13	-0.01	-0.02	-0.18	-0.08	0	-0.010	-0.038	-0.339	-0.045	-0.134	2.272
1.783	-0.001	-0.015	0.000	0.79	1.21	-0.01	0.17	-0.06	0.06	0	-0.010	-0.040	-0.338	-0.044	-0.132	2.286
1.793	-0.001	-0.014	0.000	0.55	1.21	-0.01	-0.03	-0.04	-0.11	0	-0.011	-0.042	-0.338	-0.043	-0.129	2.301
1.804	-0.001	-0.013	0.000	0.31	1.21	-0.00	0.05	-0.25	-0.10	0	-0.011	-0.043	-0.338	-0.042	-0.127	2.315
1.813	-0.000	-0.014	0.000	0.37	1.15	-0.01	0.07	-0.10	-0.04	0	-0.011	-0.044	-0.338	-0.042	-0.125	2.329
1.823	-0.001	-0.012	0.001	0.09	1.28	0.00	0.00	0.25	0.05	0	-0.012	-0.045	-0.338	-0.041	-0.123	2.343
1.833	-0.001	-0.013	0.001	0.09	1.28	0.00	-0.01	-0.04	-0.00	0	-0.012	-0.045	-0.338	-0.040	-0.121	2.357
1.842	0.000	-0.013	0.000	0.02	1.12	0.00	-0.07	0.11	0.15	0	-0.012	-0.046	-0.338	-0.039	-0.118	2.371
1.853	0.001	-0.016	0.000	0.37	1.07	-0.01	0.08	0.10	0.13	0	-0.012	-0.047	-0.338	-0.039	-0.116	2.385
1.859	0.000	-0.014	0.000	0.01	1.14	0.01	0.09	-0.18	0.08	0	-0.012	-0.047	-0.338	-0.038	-0.114	2.398
1.872	-0.000	-0.014	0.001	0.03	1.18	0.01	0.00	-0.04	0.02	0	-0.012	-0.048	-0.338	-0.037	-0.112	2.412
1.882	-0.000	-0.012	0.001	-0.25	1.21	0.01	0.19	0.16	-0.00	0	-0.012	-0.048	-0.338	-0.036	-0.109	2.426
1.891	-0.001	-0.012	0.000	-0.31	1.29	0.02	0.16	0.05	0.19	0	-0.012	-0.048	-0.338	-0.035	-0.107	2.439
1.901	-0.001	-0.012	0.000	-0.31	1.29	0.02	0.21	0.08	0.37	0	-0.012	-0.048	-0.338	-0.035	-0.105	2.453
1.913	0.000	-0.013	0.000	-0.21	1.16	0.02	0.03	0.05	0.19	0	-0.012	-0.048	-0.338	-0.034	-0.102	2.466
1.923	-0.002	-0.014	0.000	-0.16	1.34	0.01	0.12	-0.23	-0.00	0	-0.012	-0.048	-0.338	-0.033	-0.100	2.480
1.931	0.000	-0.009	0.000	-0.66	1.17	0.03	-0.11	0.06	0.15	0	-0.012	-0.047	-0.338	-0.032	-0.098	2.493
1.942	-0.000	-0.009	0.000	-0.69	1.20	0.03	0.25	0.24	0.27	0	-0.012	-0.047	-0.338	-0.032	-0.095	2.506
1.952	-0.004	-0.005	0.000	-0.96	1.52	0.04	-0.17	0.05	0.10	0	-0.012	-0.046	-0.338	-0.031	-0.093	2.519
1.962	-0.004	-0.006	0.000	-0.88	1.48	0.04	0.01	-0.04	-0.02	0	-0.013	-0.045	-0.338	-0.030	-0.090	2.532
1.972	-0.003	-0.006	0.000	-0.88	1.38	0.04	0.03	0.04	0.01	0	-0.013	-0.044	-0.338	-0.030	-0.088	2.545
1.982	-0.002	-0.011	0.000	-0.50	1.35	0.03	0.00	-0.06	0.05	0	-0.013	-0.044	-0.338	-0.029	-0.086	2.558
1.992	-0.001	-0.011	0.000	-0.51	1.27	0.03	0.00	0.05	0.23	0	-0.013	-0.044	-0.338	-0.028	-0.084	2.571
2.001	-0.001	-0.010	0.001	-0.62	1.25	0.03	0.15	-0.02	0.07	0	-0.013	-0.043	-0.338	-0.028	-0.082	2.584
2.012	0.002	-0.010	0.001	-0.60	1.05	0.03	-0.00	-0.02	0.10	0	-0.012	-0.043	-0.338	-0.027	-0.080	2.597
2.023	0.002	-0.010	0.000	-0.60	1.05	0.03	0.17	-0.04	0.09	0	-0.012	-0.043	-0.338	-0.026	-0.077	2.610
2.032	0.002	-0.010	0.000	-0.57	1.07	0.03	0.06	0.09	0.06	0	-0.011	-0.042	-0.338	-0.025	-0.075	2.622
2.042	0.001	-0.010	0.000	-0.57	1.16	0.03	-0.08	-0.09	-0.09	0	-0.011	-0.042	-0.338	-0.024	-0.073	2.635
2.052	0.001	-0.010	0.000	-0.57	1.16	0.03	0.04	0.06	-0.05	0	-0.011	-0.042	-0.338	-0.024	-0.071	2.647
2.060	0.001	-0.010	0.000	-0.61	1.17	0.03	0.06	0.07	0.09	0	-0.010	-0.042	-0.338	-0.023	-0.070	2.660
2.073	0.003	-0.011	0.000	-0.54	1.07	0.03	-0.27	-0.08	0.13	0	-0.010	-0.041	-0.338	-0.022	-0.068	2.672
2.082	0.004	-0.012	0.000	-0.46	1.00	0.03	-0.00	-0.16	0.31	0	-0.010	-0.041	-0.338	-0.021	-0.066	2.684
2.092	0.004	-0.008	0.000	-0.73	1.03	0.04	-0.08	-0.16	-0.39	0	-0.009	-0.041	-0.338	-0.021	-0.064	2.696
2.102	0.004	-0.008	0.000	-0.73	1.03	0.04	-0.14	-0.06	0.14	0	-0.009	-0.040	-0.338	-0.020	-0.062	2.709
2.112	0.007	-0.009	0.000	-0.65	0.90	0.04	0.27	0.05	-0.14	0	-0.008	-0.040	-0.338	-0.019	-0.060	2.721
2.119	0.004	-0.009	0.000	-0.68	1.08	0.04	-0.10	0.21	0.03	0	-0.008	-0.039	-0.337	-0.018	-0.058	2.733
2.132	0.003	-0.009	0.000	-0.67	1.15	0.03	-0.21	-0.10	-0.00	0	-0.007	-0.039	-0.337	-0.018	-0.056	2.745
2.143	0.002	-0.010	0.000	-0.62	1.19	0.03	-0.08	-0.07	0.08	0	-0.007	-0.038	-0.337	-0.017	-0.055	2.756
2.153	0.004	-0.008	0.000	-0.73	1.11	0.04	0.16	0.17	-0.08	0	-0.007	-0.038	-0.337	-0.017	-0.053	2.768
2.163	0.003	-0.009	0.000	-0.66	1.19	0.03	-0.01	0.16	0.12	0	-0.007	-0.037	-0.337	-0.016	-0.051	2.780
2.173	0.002	-0.008	0.000	-0.67	1.21	0.03	-0.13	-0.12	0.04	0	-0.007	-0.037	-0.337	-0.015	-0.049	2.792
2.181	0.003	-0.007	0.000	-0.73	1.20	0.04	0.04	-0.12	0.00	0	-0.007	-0.037	-0.337	-0.015	-0.048	2.803
2.193	0.005	-0.008	0.000	-0.65	1.12	0.03	-0.11	-0.27	-0.13	0	-0.006	-0.036	-0.337	-0.014	-0.046	2.815
2.204	0.003	-0.007	0.000	-0.75	1.24	0.03	0.21	0.01	0.07	0	-0.006	-0.036	-0.336	-0.014	-0.044	2.826
2.211	0.002	-0.008	0.000	-0.65	1.26	0.03	-0.11	0.02	-0.02	0	-0.006	-0.035	-0.336	-0.013	-0.043	2.838
2.222	0.003	-0.009	0.000	-0.59	1.23	0.03	0.08	0.06	-0.02	0	-0.006	-0.035	-0.336	-0.013	-0.041	2.849
2.232	0.003	-0.007	0.000	-0.70	1.21	0.03	0.04	-0.11	-0.11	0	-0.006	-0.035	-0.336	-0.012	-0.039	2.860
2.242	0.002	-0.008	0.000	-0.66	1.30	0.03	-0.14	-0.06	-0.07	0	-0.006	-0.034	-0.336	-0.012	-0.038	2.871
2.251	0.003	-0.007	0.000	-0.68	1.27	0.03	0.21	0.20	0.27	0	-0.006	-0.034	-0.336	-0.011	-0.036	2.883
2.263	0.002	-0.008	0.000	-0.66	1.28	0.03	-0.12	-0.01	-0.07	0	-0.006	-0.033	-0.336	-0.011	-0.035	2.894
2.271	0.002	-0.008	0.000	-0.64	1.30	0.03	-0.01	-0.03	-0.11	0	-0.006	-0.033	-0.335	-0.010	-0.033	2.905
2.284	0.003	-0.008	0.000	-0.62	1.26	0.03	-0.18	-0.03	0.03	0	-0.006	-0.033	-0.335	-0.010	-0.032	2.916
2.293	0.011	-0.011	0.000	-0.48	0.89	0.04	-0.02	-0.24	-0.16	0	-0.004	-0.033	-0.335	-0.009	-0.031	2.926
2.303	0.007	-0.007	0.000	-0.68	1.10	0.03	0.05	0.06	-0.11	0	-0.004	-0.032	-0.335	-0.008	-0.029	2.937
2.312	0.007	-0.008	0.000	-0.63	1.12	0.03	-0.24	0.19	-0.02	0	-0.004	-0.032	-0.335	-0.008	-0.028	2.948
2.319	0.008	-0.007	0.000	-0.64	1.08	0.03	0.17	0.02	0.05	0	-0.003	-0.032	-0.334	-0.007	-0.027	2.959
2.332	0.008	-0.008	0.000	-0.61	1.09	0.03	0.05	-0.16	0.29	0	-0.002	-0.031	-0.334	-0.007	-0.025	2.969
2.343	0.007	-0.008	0.000	-0.60	1.14	0.03	0.15	-0.03	-0.23	0	-0.002	-0.031	-0.334	-0.006	-0.024	2.980
2.353	0.007	-0.007	0.000	-0.64	1.18	0.03	0.12	0.07	0.07	0	-0.002	-0.031	-0.334	-0.006	-0.023	2.990
2.362	0.007	-0.006	0.000	-0.70	1.19	0.03	0.10	0.13	0.13	0	-0.002	-0.030	-0.333	-0.005	-0.021	3.000
2.373	0.006	-0.006	0.000	-0.68	1.22	0.03	0.08	0.16	0.14	0	-0.002	-0.030	-0.333	-0.005	-0.020	3.011
2.383	0.008	-0.003	0.000	-0.79	1.16	0.04	-0.07	0.06	0.10	0	-0.001	-0.029	-0.333	-0.004	-0.019	3.021
2.394	0.008	-0.004	0.000	-0.75	1.14	0.04	0.02	-0.01	-0.05	0	-0.001	-0.028	-0.333	-0.004	-0.017	3.031
2.404	0.007	-0.004	0.000	-0.74	1.20	0.04	-0.07	-0.04	0.05	0	-0.001	-0.027	-0.333	-0.003	-0.016	3.041
2.413	0.007	-0.004	0.000	-0.72	1.24	0.04	-0.14	-0.20	-0.12	0	-0.000	-0.027	-0.332	-0.003	-0.015	3.051
2.422	0.007	-0.002	0.000	-0.79	1.23	0.04	-0.07	0.38	0.03	0	-0.000	-0.026	-0.332	-0.003	-0.013	3.061
2.431	0.003	0.003	0.000	-1.00	1.42	0.04	-0.10	0.05	-0.13	0	-0.001	-0.025	-0.332	-0.003	-0.012	3.071
2.443	0.003	0.003	0.000	-0.98	1.42	0.04	-0.06	-0.28	0.04	0	-0.001	-0.024	-0.332	-0.002	-0.010	3.081
2.452	0.003	0.003	0.000	-0.96	1.40	0.04	0.11	0.20	-0.10	0	-0.001	-0.022	-0.332	-0.002	-0.009	3.091
2.463	0.002	0.003	0.000	-0.92	1.46	0.03	0.11	-0.13	-0.05	0	-0.001	-0.021	-0.331	-0.002	-0.008	3.100
2.473	0.005	0.000	0.000	-0.77	1.33	0.03	0.05	-0.03	0.07	0	-0.001	-0.021	-0.331	-0.002	-0.007	3.110
2.483	0.005	0.000	0.000	-0.75	1.35	0.03	-0.17	-0.20	-0.05	0	-0.001	-0.020	-0.331	-0.001	-0.006	3.120
2.492	0.004	0.004	0.000	-0.90	1.38	0.03	0.09	-0.08	-0.15	0	-0.001	-0.020	-0.330	-0.001	-0.004	3.129
2.503	0.005	0.004	0.000	-0.87	1.35	0.03	-0.16	0.25	0.00	0	-0.001	-0.019	-0.330	-0.001	-0.003	3.139
2.512	0.005	0.007	0.000	-1.00	1.35	0.04	-0.01	-0.25	0.01	0	-0.001	-0.017	-0.330	-0.000	-0.002	3.148
2.523	0.004	0.003	0.001	-0.79	1.40	0.03	0.10	0.26	-0.20	0	-0.001	-0.017	-0.330	-0.000	-0.001	3.157
2.532	0.004	0.004	0.001	-0.79	1.39	0.03	-0.12	-0.09	0.11	0	-0.001	-0.016	-0.329	0.000	0.000	3.166
2.539	0.004	0.004	0.001	-0.80	1.40	0.03	0.03	0.09	0.00	0	-0.001	-0.016	-0.329	0.000	0.001	3.176
2.550	0.004	0.002	0.000	-0.68	1.39	0.02	0.18	0.04	-0.03	0	-0.001	-0.015	-0.329	0.001	0.002	3.185
2.562	0.004	0.003	0.000	-0.72	1.39	0.02	-0.14	-0.11	-0.10	0	-0.001	-0.015	-0.329	0.001	0.003	3.194
2.573	0.003	0.004	0.000	-0.74	1.42	0.02	-0.00	-0.02	0.15	0	-0.001	-0.014	-0.328	0.001	0.004	3.203
2.582	0.003	0.004	0.001	-0.74	1.42	0.03	-0.10	0.04	0.09	0	-0.001	-0.014	-0.328	0.001	0.005	3.212
2.590	0.005	0.003	0.000	-0.68	1.35	0.03	0.03	-0.06	-0.00	0	-0.001	-0.014	-0.328	0.002	0.006	3.220
2.599	0.005	0.002	0.000	-0.61	1.35	0.02	-0.03	0.17	-0.20	0	-0.001	-0.013	-0.328	0.002	0.006	3.229
2.612	0.003	0.004	0.000	-0.65	1.41	0.02	-0.04	-0.15	-0.06	0	-0.001	-0.013	-0.327	0.002	0.007	3.238
2.622	0.003	0.004	0.001	-0.67	1.41	0.02	-0.08	0.17	-0.02	0	-0.001	-0.013	-0.327	0.002	0.008	3.247
2.631	0.003	0.005	0.000	-0.67	1.41	0.02	0.28	0.12	0.12	0	-0.001	-0.012	-0.327	0.003	0.009	3.255
2.643	0.004	0.004	0.000	-0.65	1.40	0.02	0.02	-0.32	-0.03	0	-0.001	-0.012	-0.326	0.003	0.010	3.264
2.653	0.003	0.004	0.000	-0.60	1.41	0.02	-0.05	0.10	0.12	0	-0.001	-0.011	-0.326	0.003	0.010	3.272
2.663	0.002	0.004	0.000	-0.60	1.45	0.02	-0.04	-0.08	-0.06	0	-0.001	-0.011	-0.326	0.003	0.011	3.281
2.671	0.004	0.003	0.001	-0.55	1.37	0.02	-0.23	-0.11	0.09	0	-0.001	-0.011	-0.326	0.004	0.012	3.289
2.681	0.005	0.002	0.000	-0.51	1.36	0.02	0.02	0.02	0.03	0	-0.001	-0.011	-0.325	0.004	0.012	3.297
2.692	0.003	0.004	0.000	-0.58	1.41	0.02	-0.07	0.05	0.14	0	-0.001	-0.011	-0.325	0.004	0.013	3.305
2.701	0.003	0.004	0.000	-0.55	1.44	0.02	-0.07	-0.30	-0.19	0	-0.001	-0.010	-0.325	0.004	0.014	3.313
2.713	0.004	0.003	0.000	-0.50	1.37	0.02	0.14	-0.16	0.12	0	-0.001	-0.010	-0.324	0.004	0.014	3.322
2.721	0.003	0.003	0.000	-0.53	1.41	0.02	-0.00	0.05	-0.14	0	-0.001	-0.010	-0.324	0.005	0.015	3.330
2.731	-0.001	-0.002	0.000	-0.31	1.58	0.00	-0.00	-0.11	0.02	0	-0.001	-0.011	-0.324	0.005	0.015	3.338
2.743	-0.002	-0.002	0.000	-0.29	1.62	-0.00	-0.02	-0.24	-0.15	0	-0.002	-0.011	-0.324	0.005	0.016	3.345
2.752	-0.003	-0.002	0.000	-0.29	1.65	-0.00	-0.08	0.11	0.07	0	-0.003	-0.011	-0.323	0.005	0.016	3.353
2.762	-0.001	-0.003	0.000	-0.28	1.57	-0.00	0.07	-0.00	0.03	0	-0.003	-0.012	-0.323	0.005	0.016	3.361
2.771	-0.001	-0.004	0.000	-0.25	1.54	-0.00	-0.01	-0.03	0.07	0	-0.003	-0.012	-0.323	0.005	0.017	3.369
2.782	-0.001	-0.003	0.000	-0.28	1.54	0.00	-0.00	0.26	-0.10	0	-0.003	-0.012	-0.322	0.005	0.017	3.376
2.792	-0.002	-0.003	0.000	-0.28	1.56	-0.00	-0.23	-0.12	0.00	0	-0.004	-0.013	-0.322	0.005	0.018	3.384
2.802	-0.002	-0.003	0.000	-0.30	1.57	0.00	0.35	0.18	0.12	0	-0.004	-0.013	-0.322	0.005	0.018	3.391
2.812	-0.001	-0.006	0.000	-0.16	1.50	-0.00	0.08	-0.21	-0.16	0	-0.004	-0.013	-0.322	0.005	0.018	3.399
2.823	-0.002	-0.005	0.000	-0.22	1.53	-0.00	-0.01	0.06	-0.02	0	-0.004	-0.014	-0.321	0.005	0.019	3.406
2.831	-0.000	-0.005	0.000	-0.23	1.45	-0.00	0.15	-0.03	0.17	0	-0.004	-0.014	-0.321	0.005	0.019	3.414
2.841	-0.001	-0.005	0.000	-0.23	1.50	0.00	0.01	0.19	0.10	0	-0.004	-0.014	-0.321	0.006	0.019	3.421
2.852	-0.001	-0.006	0.000	-0.18	1.47	-0.00	0.12	0.00	0.03	0	-0.004	-0.014	-0.320	0.006	0.020	3.428
2.862	-0.001	-0.007	0.000	-0.16	1.48	-0.00	-0.05	-0.13	0.01	0	-0.005	-0.015	-0.320	0.006	0.020	3.435
2.872	-0.002	-0.003	0.000	-0.34	1.51	0.01	-0.09	0.17	0.23	0	-0.005	-0.015	-0.320	0.006	0.020	3.442
2.882	-0.002	-0.003	0.000	-0.34	1.48	0.01	0.11	-0.16	0.04	0	-0.005	-0.014	-0.320	0.006	0.021	3.450
2.889	-0.001	-0.003	0.000	-0.35	1.47	0.01	-0.01	-0.24	-0.17	0	-0.005	-0.014	-0.319	0.006	0.021	3.457
2.902	-0.003	0.002	0.000	-0.53	1.52	0.02	0.06	0.03	0.18	0	-0.005	-0.013	-0.319	0.006	0.022	3.463
2.912	-0.002	0.001	0.000	-0.50	1.50	0.02	-0.03	0.09	-0.08	0	-0.005	-0.013	-0.319	0.006	0.023	3.470
2.921	-0.002	0.003	0.000	-0.58	1.49	0.02	0.06	0.26	-0.02	0	-0.005	-0.012	-0.318	0.007	0.023	3.477
2.931	-0.002	0.003	0.000	-0.55	1.48	0.02	0.18	-0.01	-0.04	0	-0.005	-0.011	-0.318	0.007	0.024	3.484
2.942	-0.001	-0.000	0.000	-0.41	1.43	0.01	-0.11	-0.30	0.09	0	-0.005	-0.011	-0.318	0.007	0.024	3.491
2.952	-0.005	0.003	0.000	-0.52	1.57	0.02	0.02	0.07	-0.06	0	-0.006	-0.010	-0.317	0.007	0.025	3.497
2.963	-0.002	-0.000	0.001	-0.39	1.45	0.01	0.10	0.02	0.11	0	-0.006	-0.010	-0.317	0.007	0.025	3.504
2.972	-0.006	0.007	0.000	-0.70	1.60	0.03	0.17	0.26	-0.05	0	-0.006	-0.009	-0.317	0.007	0.026	3.510
2.981	-0.006	0.008	0.000	-0.71	1.58	0.03	-0.08	0.22	0.12	0	-0.006	-0.008	-0.316	0.007	0.027	3.517
2.991	-0.008	0.011	0.000	-0.81	1.66	0.03	-0.20	-0.13	0.12	0	-0.007	-0.007	-0.316	0.007	0.027	3.523
3.003	-0.008	0.012	0.000	-0.81	1.66	0.04	-0.11	0.08	-0.11	0	-0.008	-0.005	-0.316	0.007	0.028	3.530
3.013	-0.009	0.012	0.000	-0.81	1.65	0.03	0.10	-0.04	-0.15	0	-0.008	-0.004	-0.316	0.007	0.029	3.536
3.022	-0.009	0.013	-0.000	-0.83	1.63	0.04	-0.13	0.00	-0.00	0	-0.009	-0.003	-0.315	0.007	0.030	3.542
3.033	-0.009	0.011	0.000	-0.70	1.60	0.03	-0.19	-0.09	-0.03	0	-0.009	-0.002	-0.315	0.007	0.030	3.548
3.041	-0.010	0.012	0.000	-0.73	1.64	0.03	-0.11	0.00	0.08	0	-0.010	-0.001	-0.315	0.007	0.031	3.555
3.050	-0.009	0.013	0.000	-0.74	1.60	0.03	-0.10	0.01	-0.02	0	-0.010	-0.000	-0.315	0.007	0.031	3.561
3.058	-0.009	0.012	0.000	-0.67	1.58	0.03	-0.14	0.24	-0.02	0	-0.010	0.000	-0.314	0.007	0.032	3.567
3.071	-0.009	0.011	0.000	-0.60	1.56	0.03	0.10	0.09	0.11	0	-0.011	0.001	-0.314	0.007	0.032	3.573
3.083	-0.009	0.011	0.000	-0.58	1.56	0.02	0.03	0.32	0.12	0	-0.011	0.001	-0.314	0.007	0.032	3.579
3.089	-0.009	0.013	0.000	-0.65	1.55	0.03	-0.05	-0.06	0.01	0	-0.011	0.002	-0.313	0.007	0.033	3.585
3.101	-0.009	0.011	0.000	-0.55	1.50	0.02	0.06	-0.18	-0.08	0	-0.011	0.002	-0.313	0.007	0.033	3.590
3.112	-0.008	0.011	0.001	-0.56	1.45	0.02	0.04	-0.01	0.08	0	-0.011	0.003	-0.313	0.007	0.033	3.596
3.121	-0.007	0.010	0.000	-0.50	1.42	0.02	-0.21	-0.08	-0.04	0	-0.011	0.003	-0.312	0.007	0.033	3.602
3.132	-0.007	0.011	0.000	-0.51	1.42	0.02	-0.00	0.03	-0.04	0	-0.011	0.003	-0.312	0.007	0.034	3.608
3.142	-0.009	0.012	0.000	-0.53	1.48	0.02	0.21	-0.14	0.12	0	-0.011	0.004	-0.312	0.007	0.034	3.613
3.152	-0.009	0.012	0.000	-0.55	1.47	0.02	-0.02	-0.04	0.02	0	-0.011	0.004	-0.311	0.007	0.034	3.619
3.164	-0.008	0.011	0.000	-0.49	1.41	0.02	0.07	0.37	-0.10	0	-0.011	0.004	-0.311	0.008	0.034	3.624
3.172	-0.009	0.011	0.000	-0.47	1.47	0.02	0.04	-0.16	0.07	0	-0.011	0.004	-0.311	0.008	0.034	3.630
3.183	-0.008	0.011	0.000	-0.46	1.42	0.02	-0.13	0.02	0.14	0	-0.011	0.005	-0.310	0.008	0.035	3.635
3.194	-0.013	0.016	0.000	-0.65	1.61	0.03	-0.11	0.05	0.01	0	-0.012	0.005	-0.310	0.008	0.035	3.641
3.202	-0.013	0.016	0.000	-0.64	1.58	0.03	0.09	-0.14	-0.03	0	-0.012	0.006	-0.310	0.008	0.035	3.646
3.213	-0.014	0.016	0.000	-0.60	1.62	0.03	-0.03	0.08	-0.04	0	-0.013	0.007	-0.310	0.008	0.036	3.651
3.220	-0.014	0.018	0.000	-0.67	1.59	0.03	0.01	0.11	-0.10	0	-0.013	0.008	-0.309	0.007	0.036	3.656
3.233	-0.012	0.017	0.000	-0.62	1.49	0.03	-0.03	-0.03	0.03	0	-0.014	0.008	-0.309	0.008	0.036	3.662
3.241	-0.010	0.013	0.001	-0.40	1.38	0.02	0.05	-0.18	-0.21	0	-0.013	0.008	-0.309	0.008	0.036	3.667
3.251	-0.007	0.012	0.000	-0.36	1.27	0.02	-0.15	-0.19	0.11	0	-0.013	0.008	-0.308	0.008	0.036	3.672
3.262	-0.010	0.012	0.001	-0.35	1.37	0.02	0.01	-0.02	-0.24	0	-0.013	0.008	-0.308	0.008	0.036	3.677
3.271	-0.010	0.012	0.001	-0.35	1.38	0.02	-0.17	-0.23	0.06	0	-0.013	0.008	-0.308	0.008	0.036	3.682
3.283	-0.010	0.013	0.001	-0.37	1.40	0.02	0.09	0.02	-0.01	0	-0.013	0.008	-0.307	0.008	0.036	3.687
3.292	-0.010	0.012	0.000	-0.32	1.37	0.02	-0.20	0.07	0.08	0	-0.013	0.008	-0.307	0.008	0.036	3.692
3.302	-0.010	0.014	0.000	-0.43	1.37	0.02	-0.01	-0.04	0.06	0	-0.013	0.008	-0.307	0.009	0.036	3.697
3.312	-0.010	0.012	0.000	-0.30	1.36	0.02	-0.00	-0.09	0.11	0	-0.013	0.008	-0.306	0.009	0.036	3.701
3.321	-0.010	0.013	0.000	-0.36	1.37	0.02	-0.25	-0.02	0.07	0	-0.013	0.008	-0.306	0.009	0.037	3.706
3.332	-0.009	0.012	0.001	-0.32	1.32	0.02	0.06	-0.04	-0.07	0	-0.013	0.008	-0.306	0.009	0.037	3.711
3.341	-0.008	0.012	0.000	-0.29	1.27	0.02	0.08	0.10	-0.07	0	-0.013	0.008	-0.306	0.009	0.037	3.716
3.353	-0.010	0.012	0.000	-0.32	1.37	0.02	-0.32	-0.34	0.27	0	-0.013	0.008	-0.305	0.009	0.037	3.720
3.362	-0.010	0.012	0.000	-0.28	1.32	0.02	0.23	-0.03	0.23	0	-0.013	0.008	-0.305	0.009	0.037	3.725
3.371	-0.009	0.012	0.000	-0.28	1.31	0.02	0.13	0.23	-0.12	0	-0.012	0.008	-0.305	0.009	0.036	3.729
3.382	-0.009	0.012	0.000	-0.28	1.28	0.02	0.07	0.03	0.01	0	-0.012	0.008	-0.304	0.009	0.036	3.734
3.392	-0.009	0.012	0.000	-0.28	1.28	0.02	-0.12	-0.04	0.13	0	-0.012	0.008	-0.304	0.010	0.036	3.738
3.402	-0.010	0.012	0.000	-0.27	1.32	0.02	-0.12	-0.02	-0.21	0	-0.012	0.008	-0.304	0.010	0.036	3.743
3.413	-0.008	0.010	0.000	-0.22	1.27	0.02	0.20	0.35	0.27	0	-0.012	0.008	-0.304	0.010	0.036	3.747
3.420	-0.008	0.010	0.000	-0.22	1.27	0.02	0.15	-0.11	0.02	0	-0.012	0.008	-0.303	0.010	0.036	3.751
3.432	-0.008	0.016	0.000	-0.49	1.27	0.02	0.00	-0.05	0.18	0	-0.012	0.009	-0.303	0.010	0.037	3.755
3.441	-0.006	0.017	0.000	-0.51	1.15	0.02	-0.13	0.01	0.09	0	-0.011	0.009	-0.303	0.010	0.037	3.760
3.451	-0.006	0.018	0.000	-0.54	1.15	0.02	0.01	-0.17	-0.18	0	-0.011	0.010	-0.303	0.011	0.037	3.764
3.462	-0.005	0.016	0.000	-0.44	1.13	0.02	-0.02	-0.19	0.07	0	-0.010	0.011	-0.302	0.011	0.037	3.768
3.468	-0.003	0.012	0.000	-0.26	1.04	0.01	0.02	0.07	0.15	0	-0.010	0.010	-0.302	0.011	0.037	3.772
3.483	-0.004	0.013	0.000	-0.30	1.10	0.02	-0.01	-0.04	0.15	0	-0.009	0.010	-0.302	0.011	0.037	3.776
3.493	-0.003	0.010	0.000	-0.16	1.08	0.02	-0.26	0.43	0.25	0	-0.009	0.010	-0.301	0.011	0.037	3.780
3.502	-0.002	0.012	0.000	-0.26	1.03	0.02	-0.04	0.04	0.25	0	-0.008	0.010	-0.301	0.012	0.037	3.784
3.511	-0.001	0.012	0.000	-0.26	1.03	0.02	0.05	0.18	0.12	0	-0.008	0.010	-0.301	0.012	0.037	3.788
3.521	-0.002	0.012	0.000	-0.26	1.08	0.02	0.14	-0.03	-0.14	0	-0.007	0.010	-0.301	0.012	0.037	3.792
3.533	-0.003	0.013	0.000	-0.30	1.12	0.02	-0.22	0.09	0.10	0	-0.007	0.010	-0.300	0.012	0.036	3.796
3.542	-0.002	0.012	0.000	-0.23	1.11	0.02	0.05	0.06	0.06	0	-0.006	0.010	-0.300	0.012	0.036	3.800
3.553	-0.002	0.012	0.000	-0.26	1.09	0.02	-0.12	-0.00	0.11	0	-0.006	0.010	-0.300	0.013	0.036	3.803
3.561	-0.001	0.011	0.000	-0.21	1.09	0.02	0.02	-0.15	0.08	0	-0.006	0.010	-0.300	0.013	0.036	3.807
3.574	-0.002	0.011	0.000	-0.22	1.13	0.02	-0.57	0.24	-0.50	35956	-0.005	0.010	-0.299	0.013	0.036	3.811
3.582	-0.002	0.012	0.000	-0.25	1.16	0.02	0.43	0.22	-0.02	35951	-0.005	0.010	-0.299	0.013	0.036	3.814
3.590	-0.002	0.011	0.000	-0.24	1.17	0.02	0.38	-0.22	0.60	35936	-0.005	0.010	-0.297	0.013	0.036	3.818
3.602	-0.003	0.012	0.000	-0.26	1.23	0.02	-0.38	0.11	0.72	35924	-0.005	0.010	-0.296	0.013	0.036	3.821
3.608	-0.003	0.013	0.000	-0.31	1.21	0.02	0.22	0.03	0.86	35935	-0.005	0.010	-0.294	0.013	0.036	3.825
3.618	-0.004	0.013	0.000	-0.31	1.28	0.02	0.30	-0.63	0.44	35937	-0.005	0.010	-0.293	0.013	0.036	3.828
3.631	-0.003	0.013	0.000	-0.31	1.24	0.02	-1.37	-0.81	-0.60	35925	-0.005	0.010	-0.291	0.013	0.036	3.831
3.642	-0.004	0.013	0.000	-0.32	1.30	0.02	0.86	-0.21	-0.40	35931	-0.005	0.010	-0.288	0.013	0.036	3.833
3.653	-0.003	0.012	0.000	-0.28	1.23	0.01	-1.70	-2.32	0.80	35962	-0.005	0.010	-0.286	0.013	0.036	3.836
3.661	-0.004	0.013	0.000	-0.32	1.30	0.02	-1.88	-1.24	0.75	35929	-0.005	0.011	-0.284	0.013	0.036	3.838
3.671	-0.004	0.013	0.000	-0.34	1.31	0.02	-0.96	-2.48	0.76	35938	-0.005	0.011	-0.281	0.013	0.035	3.840
3.680	-0.004	0.013	0.000	-0.35	1.34	0.03	-1.34	-1.69	0.84	35924	-0.004	0.011	-0.279	0.013	0.035	3.842
3.685	-0.005	0.012	0.000	-0.29	1.38	0.04	-0.01	-0.06	-0.46	35921	-0.005	0.011	-0.276	0.013	0.035	3.844
3.702	-0.003	0.011	0.000	-0.25	1.30	0.03	-1.06	-1.13	-1.34	35971	-0.004	0.011	-0.274	0.013	0.035	3.846
3.710	-0.002	0.011	0.000	-0.27	1.25	0.01	-0.42	-1.30	-2.89	35951	-0.004	0.011	-0.271	0.013	0.035	3.847
3.722	-0.006	0.012	0.000	-0.31	1.46	-0.03	-0.45	-0.71	-7.18	35936	-0.004	0.011	-0.269	0.013	0.035	3.848
3.732	-0.005	0.011	0.000	-0.28	1.41	-0.11	-2.95	-1.89	-12.01	35941	-0.004	0.010	-0.266	0.013	0.035	3.849
3.743	-0.004	0.011	0.000	-0.30	1.39	-0.24	-0.49	-2.79	-13.61	35949	-0.004	0.010	-0.263	0.013	0.035	3.850
3.752	-0.003	0.010	0.000	-0.28	1.35	-0.38	-2.46	-1.68	-12.61	35940	-0.004	0.010	-0.261	0.013	0.034	3.850
3.762	-0.009	0.005	0.000	-0.08	1.60	-0.50	-0.53	0.76	-10.80	35906	-0.005	0.010	-0.258	0.012	0.034	3.851
3.772	-0.009	0.005	0.000	-0.07	1.58	-0.60	2.59	3.19	-8.91	35958	-0.005	0.009	-0.256	0.012	0.034	3.851
3.779	-0.010	0.005	0.000	-0.06	1.59	-0.68	2.32	1.63	-6.90	38064	-0.005	0.008	-0.253	0.012	0.033	3.851
3.792	-0.010	0.005	0.000	-0.02	1.54	-0.76	5.32	5.52	-8.61	38067	-0.006	0.008	-0.250	0.011	0.033	3.851
3.803	-0.008	0.004	0.000	0.05	1.36	-0.85	8.05	7.07	-11.55	38081	-0.006	0.007	-0.248	0.011	0.033	3.850
3.812	-0.009	0.004	0.000	0.13	1.30	-0.98	4.52	4.86	-15.53	38059	-0.006	0.007	-0.245	0.011	0.032	3.850
3.819	-0.009	0.003	0.000	0.17	1.29	-1.15	-7.42	-6.19	-18.02	38058	-0.007	0.006	-0.242	0.011	0.032	3.849
3.829	-0.009	0.005	0.000	0.01	1.34	-1.32	-15.74	-13.10	-16.41	38112	-0.007	0.006	-0.240	0.011	0.032	3.848
3.843	-0.010	0.004	0.000	-0.15	1.51	-1.48	-16.38	-13.39	-14.13	38124	-0.007	0.006	-0.237	0.011	0.032	3.846
3.850	-0.010	0.004	0.000	-0.25	1.52	-1.62	1.86	6.96	-13.99	38156	-0.007	0.005	-0.234	0.010	0.031	3.845
3.861	-0.008	0.004	0.000	-0.22	1.39	-1.76	0.46	-0.65	-13.23	38050	-0.007	0.005	-0.232	0.010	0.031	3.843
3.872	-0.007	0.001	0.000	-0.08	1.34	-1.89	3.94	-2.21	-9.55	38114	-0.007	0.004	-0.229	0.010	0.031	3.842
3.884	-0.009	-0.001	0.000	0.03	1.37	-1.98	3.76	4.14	-7.08	38255	-0.007	0.004	-0.226	0.010	0.030	3.840
3.891	-0.008	-0.001	0.000	0.04	1.28	-2.06	-3.07	-0.31	-9.70	38251	-0.007	0.003	-0.224	0.010	0.030	3.837
3.901	-0.007	-0.001	0.001	-0.04	1.25	-2.16	-11.20	-7.80	-10.23	38150	-0.007	0.002	-0.221	0.010	0.030	3.835
3.912	-0.010	0.002	0.000	-0.27	1.45	-2.25	2.50	3.73	-6.81	38180	-0.007	0.002	-0.219	0.010	0.030	3.832
3.925	-0.011	0.001	0.000	-0.23	1.41	-2.31	-0.34	9.51	-4.67	38200	-0.007	0.002	-0.216	0.009	0.029	3.830
3.936	-0.010	-0.001	0.001	-0.15	1.25	-2.37	-0.40	2.30	-5.82	38213	-0.007	0.001	-0.214	0.009	0.029	3.827
3.942	-0.011	-0.002	0.001	-0.18	1.22	-2.42	-16.50	10.61	-5.49	38122	-0.007	0.001	-0.211	0.009	0.029	3.824
3.954	-0.008	-0.004	0.001	-0.26	1.00	-2.49	-15.89	1.96	-5.88	38096	-0.007	-0.000	-0.209	0.009	0.029	3.820
3.961	-0.009	-0.005	0.001	-0.40	1.01	-2.54	-18.73	-0.10	-3.98	38120	-0.007	-0.001	-0.206	0.009	0.028	3.817
3.973	-0.009	-0.006	0.001	-0.58	0.94	-2.59	-21.15	-0.15	-6.08	38097	-0.007	-0.002	-0.204	0.009	0.028	3.813
3.981	-0.010	-0.007	0.001	-0.77	1.02	-2.65	-20.01	-1.32	-8.03	38093	-0.007	-0.002	-0.201	0.008	0.027	3.810
3.992	-0.010	-0.011	0.001	-0.83	0.97	-2.73	-16.45	3.71	-8.56	40218	-0.007	-0.004	-0.199	0.008	0.027	3.806
4.002	-0.012	-0.013	0.000	-0.93	0.99	-2.81	-14.58	3.57	-6.52	40271	-0.008	-0.005	-0.196	0.008	0.026	3.802
4.011	-0.013	-0.016	0.000	-0.98	0.99	-2.87	-19.44	2.36	-4.36	40387	-0.008	-0.006	-0.194	0.008	0.026	3.797
4.019	-0.012	-0.016	0.000	-1.18	0.94	-2.91	-16.87	-4.34	-3.23	40461	-0.008	-0.008	-0.192	0.007	0.025	3.793
4.031	-0.014	-0.016	0.001	-1.39	1.03	-2.94	-16.51	-5.17	-1.46	40486	-0.009	-0.009	-0.189	0.007	0.025	3.788
4.043	-0.014	-0.016	0.000	-1.59	1.07	-2.95	-7.03	-9.10	1.51	40578	-0.009	-0.010	-0.187	0.007	0.024	3.784
4.052	-0.015	-0.019	0.000	-1.50	1.20	-2.92	6.06	-11.95	4.41	40612	-0.009	-0.011	-0.184	0.007	0.024	3.779
4.061	-0.017	-0.019	0.000	-1.48	1.34	-2.86	1.13	0.57	7.00	40603	-0.010	-0.012	-0.182	0.006	0.023	3.774
4.070	-0.015	-0.020	0.001	-1.49	1.17	-2.79	-13.67	16.86	10.71	40611	-0.010	-0.013	-0.179	0.006	0.023	3.769
4.082	-0.015	-0.019	0.001	-1.75	0.92	-2.68	-32.49	36.24	11.48	40590	-0.011	-0.014	-0.177	0.006	0.023	3.763
4.091	-0.017	-0.021	0.001	-2.01	0.58	-2.58	-33.07	32.90	10.11	40696	-0.011	-0.015	-0.175	0.005	0.022	3.758
4.101	-0.019	-0.021	0.001	-2.26	0.45	-2.50	-2.40	0.33	9.61	40803	-0.012	-0.016	-0.172	0.005	0.022	3.752
4.113	-0.020	-0.021	0.001	-2.33	0.44	-2.40	-6.33	1.32	9.74	40678	-0.013	-0.016	-0.170	0.004	0.021	3.746
4.121	-0.018	-0.022	0.001	-2.36	0.34	-2.30	2.88	-7.10	11.19	40623	-0.013	-0.017	-0.167	0.004	0.021	3.740
4.126	-0.021	-0.022	0.001	-2.32	0.51	-2.17	7.23	-6.85	15.23	40520	-0.014	-0.018	-0.165	0.004	0.021	3.734
4.141	-0.019	-0.021	0.001	-2.32	0.42	-2.01	-1.14	-6.02	14.08	40609	-0.014	-0.018	-0.163	0.004	0.020	3.728
4.150	-0.019	-0.020	0.001	-2.42	0.43	-1.87	-5.50	3.59	13.91	40612	-0.014	-0.018	-0.160	0.003	0.020	3.721
4.159	-0.022	-0.019	0.001	-2.52	0.47	-1.74	-18.46	13.28	14.04	40602	-0.015	-0.018	-0.158	0.003	0.020	3.715
4.169	-0.021	-0.019	0.001	-2.73	0.25	-1.61	-21.42	25.07	13.39	40667	-0.015	-0.018	-0.156	0.003	0.020	3.708
4.181	-0.022	-0.020	0.001	-2.89	-0.01	-1.48	-14.68	28.85	15.81	40842	-0.016	-0.019	-0.153	0.002	0.020	3.701
4.191	-0.024	-0.015	0.001	-3.27	-0.24	-1.35	-5.65	27.50	15.61	40921	-0.017	-0.018	-0.151	0.002	0.020	3.694
4.200	-0.021	-0.015	0.001	-3.29	-0.67	-1.19	-1.13	20.58	15.85	43174	-0.017	-0.017	-0.149	0.002	0.020	3.687
4.212	-0.022	-0.016	0.002	-3.20	-0.85	-1.04	3.67	7.94	16.12	43141	-0.018	-0.017	-0.147	0.002	0.020	3.680
4.215	-0.026	-0.016	0.001	-3.16	-0.76	-0.90	5.53	7.41	17.85	43109	-0.019	-0.017	-0.144	0.001	0.020	3.673
4.232	-0.020	-0.015	0.002	-3.13	-1.17	-0.67	3.18	12.63	18.34	43227	-0.019	-0.016	-0.142	0.001	0.020	3.665
4.240	-0.018	-0.015	0.002	-3.08	-1.39	-0.49	7.41	13.96	18.59	43155	-0.018	-0.016	-0.140	0.001	0.020	3.658
4.249	-0.018	-0.016	0.002	-2.93	-1.55	-0.29	4.58	7.40	17.85	43167	-0.018	-0.015	-0.137	0.001	0.020	3.650
4.257	-0.020	-0.016	0.002	-2.84	-1.53	-0.13	7.85	-3.57	16.89	43098	-0.019	-0.015	-0.135	0.001	0.019	3.642
4.270	-0.021	-0.020	0.002	-2.56	-1.43	0.07	7.35	-9.87	17.03	43152	-0.019	-0.015	-0.132	0.001	0.019	3.634
4.274	-0.022	-0.020	0.002	-2.47	-1.28	0.23	15.60	-18.46	14.06	43014	-0.019	-0.015	-0.130	0.001	0.019	3.626
4.290	-0.021	-0.022	0.003	-2.19	-1.16	0.41	18.20	-30.06	13.46	42929	-0.019	-0.016	-0.127	0.001	0.018	3.618
4.299	-0.021	-0.022	0.003	-1.99	-0.85	0.56	25.98	-36.96	15.04	42806	-0.019	-0.016	-0.125	0.001	0.018	3.609
4.307	-0.021	-0.021	0.002	-1.75	-0.48	0.72	28.66	-36.06	15.42	42732	-0.020	-0.016	-0.123	0.001	0.018	3.601
4.315	-0.021	-0.017	0.003	-1.61	-0.12	0.86	23.44	-35.13	16.64	42907	-0.020	-0.016	-0.120	0.000	0.017	3.592
4.331	-0.023	-0.017	0.003	-1.38	0.27	1.03	27.93	-29.61	17.47	42824	-0.020	-0.015	-0.118	0.000	0.017	3.583
4.340	-0.021	-0.019	0.004	-0.96	0.47	1.25	29.24	-27.71	15.94	42717	-0.020	-0.015	-0.116	0.000	0.017	3.574
4.349	-0.022	-0.020	0.003	-0.64	0.77	1.41	19.99	-24.67	13.75	42560	-0.020	-0.015	-0.113	0.000	0.017	3.565
4.361	-0.021	-0.022	0.004	-0.38	0.95	1.58	10.99	-14.62	11.56	42763	-0.020	-0.015	-0.111	0.000	0.016	3.556
4.371	-0.023	-0.017	0.004	-0.46	1.13	1.64	6.64	3.63	8.78	42674	-0.020	-0.015	-0.109	-0.000	0.016	3.547
4.376	-0.022	-0.015	0.005	-0.46	1.01	1.72	6.78	19.26	9.54	42597	-0.020	-0.014	-0.107	-0.000	0.016	3.538
4.384	-0.023	-0.013	0.003	-0.45	0.83	1.80	13.58	28.53	10.61	42529	-0.020	-0.014	-0.105	-0.000	0.016	3.528
4.401	-0.023	-0.012	0.004	-0.31	0.50	1.91	13.81	35.15	9.77	42926	-0.021	-0.013	-0.103	-0.000	0.016	3.519
4.413	-0.027	-0.007	0.004	-0.39	0.31	1.95	10.48	33.74	8.44	44987	-0.021	-0.012	-0.101	-0.001	0.016	3.509
4.421	-0.024	-0.007	0.005	-0.24	-0.15	2.06	10.63	29.69	8.50	45030	-0.022	-0.010	-0.098	-0.001	0.016	3.499
4.430	-0.023	-0.009	0.006	0.01	-0.48	2.17	14.17	26.07	7.85	44935	-0.022	-0.010	-0.096	-0.001	0.016	3.490
4.437	-0.026	-0.007	0.005	0.07	-0.62	2.21	19.28	18.99	4.80	44790	-0.022	-0.009	-0.094	-0.001	0.016	3.480
4.445	-0.031	-0.009	0.005	0.39	-0.60	2.26	20.37	8.40	2.88	45057	-0.023	-0.008	-0.092	-0.001	0.016	3.470
4.461	-0.031	-0.011	0.006	0.72	-0.67	2.31	19.95	2.55	2.97	44948	-0.024	-0.008	-0.089	-0.002	0.016	3.459
4.472	-0.031	-0.011	0.007	0.95	-0.70	2.35	17.70	-0.36	3.51	44843	-0.025	-0.008	-0.087	-0.002	0.015	3.449
4.480	-0.034	-0.011	0.008	1.12	-0.62	2.38	14.08	-0.22	1.57	44722	-0.026	-0.007	-0.084	-0.002	0.015	3.439
4.488	-0.034	-0.010	0.009	1.24	-0.62	2.38	12.32	-0.46	-0.11	44490	-0.027	-0.007	-0.082	-0.003	0.015	3.429
4.495	-0.034	-0.011	0.010	1.40	-0.63	2.39	7.10	0.14	-0.93	44413	-0.028	-0.007	-0.079	-0.003	0.015	3.418
4.513	-0.035	-0.011	0.011	1.47	-0.64	2.38	0.68	1.60	-1.19	44320	-0.029	-0.007	-0.076	-0.003	0.014	3.408
4.522	-0.036	-0.011	0.012	1.47	-0.60	2.37	-7.02	-0.36	-0.75	44248	-0.030	-0.007	-0.073	-0.004	0.014	3.397
4.530	-0.037	-0.010	0.016	1.34	-0.58	2.35	-16.82	-6.80	-0.78	44222	-0.031	-0.007	-0.070	-0.004	0.014	3.387
4.539	-0.038	-0.010	0.017	1.17	-0.50	2.35	-24.05	-10.53	-1.69	43743	-0.032	-0.007	-0.067	-0.004	0.014	3.376
4.547	-0.038	-0.010	0.018	0.94	-0.39	2.33	-29.23	-14.39	-3.61	43670	-0.033	-0.006	-0.064	-0.004	0.013	3.366
4.556	-0.038	-0.010	0.019	0.66	-0.26	2.29	-26.10	-13.92	-3.95	43585	-0.034	-0.006	-0.061	-0.005	0.013	3.355
4.572	-0.039	-0.003	0.024	0.14	-0.14	2.20	-20.04	-10.83	-4.43	43508	-0.034	-0.006	-0.057	-0.005	0.013	3.344
4.581	-0.039	-0.004	0.025	-0.01	-0.05	2.15	-14.08	-6.21	-5.51	42895	-0.035	-0.005	-0.054	-0.005	0.013	3.333
4.588	-0.039	-0.003	0.026	-0.13	-0.01	2.09	-6.07	-0.22	-6.40	42789	-0.036	-0.004	-0.051	-0.005	0.013	3.323
4.597	-0.038	-0.000	0.028	-0.28	-0.08	2.00	2.13	5.50	-7.15	42707	-0.036	-0.003	-0.047	-0.005	0.013	3.312
4.608	-0.038	0.001	0.028	-0.27	-0.18	1.92	8.20	12.81	-6.24	44737	-0.036	-0.002	-0.044	-0.005	0.013	3.301
4.620	-0.037	0.002	0.029	-0.20	-0.38	1.85	13.99	14.83	-5.82	44944	-0.037	-0.001	-0.041	-0.005	0.013	3.290
4.629	-0.036	0.004	0.031	-0.06	-0.57	1.78	20.93	16.74	-6.19	44902	-0.037	-0.000	-0.038	-0.005	0.014	3.278
4.637	-0.036	0.004	0.032	0.16	-0.76	1.71	24.31	17.35	-5.53	44868	-0.037	0.001	-0.035	-0.005	0.014	3.267
4.647	-0.035	0.004	0.034	0.44	-0.97	1.66	24.70	13.42	-4.16	44843	-0.037	0.002	-0.032	-0.005	0.014	3.256
4.656	-0.034	0.006	0.035	0.63	-1.14	1.61	23.73	15.68	-3.57	44786	-0.037	0.003	-0.029	-0.005	0.014	3.244
4.671	-0.034	0.007	0.036	0.85	-1.30	1.58	19.63	14.72	-3.12	44791	-0.037	0.004	-0.026	-0.005	0.014	3.233
4.682	-0.033	0.009	0.038	1.01	-1.49	1.54	16.83	13.18	-2.31	44747	-0.037	0.005	-0.023	-0.005	0.014	3.221
4.688	-0.033	0.009	0.039	1.18	-1.64	1.52	15.14	8.42	-1.33	44734	-0.037	0.006	-0.020	-0.004	0.014	3.210
4.696	-0.032	0.011	0.045	1.28	-1.73	1.50	10.20	1.64	-2.05	44722	-0.036	0.007	-0.017	-0.004	0.014	3.198
4.713	-0.032	0.012	0.047	1.38	-1.75	1.47	7.23	-4.63	-4.12	43867	-0.036	0.008	-0.013	-0.004	0.014	3.187
4.721	-0.031	0.012	0.049	1.47	-1.71	1.43	4.33	-9.65	-4.29	43807	-0.036	0.009	-0.009	-0.004	0.014	3.175
4.732	-0.031	0.012	0.050	1.51	-1.61	1.38	-0.70	-13.66	-5.09	43756	-0.036	0.010	-0.006	-0.003	0.014	3.164
4.742	-0.028	0.013	0.057	1.47	-1.54	1.31	-3.23	-17.63	-5.70	43739	-0.035	0.011	-0.002	-0.003	0.014	3.152
4.749	-0.028	0.014	0.059	1.43	-1.35	1.25	-4.90	-20.51	-6.13	42875	-0.035	0.012	0.002	-0.003	0.014	3.141
4.760	-0.029	0.012	0.061	1.46	-1.10	1.21	-10.67	-22.66	-6.00	42824	-0.034	0.012	0.006	-0.002	0.014	3.129
4.773	-0.028	0.013	0.063	1.32	-0.86	1.14	-13.14	-25.60	-6.27	42747	-0.034	0.013	0.010	-0.002	0.014	3.118
4.781	-0.027	0.012	0.064	1.24	-0.63	1.07	-12.65	-24.32	-6.84	42717	-0.033	0.013	0.013	-0.002	0.014	3.106
4.792	-0.026	0.013	0.070	1.13	-0.40	1.00	-8.84	-19.98	-6.32	42679	-0.033	0.013	0.018	-0.001	0.014	3.094
4.798	-0.027	0.013	0.072	1.03	-0.19	0.94	-7.59	-12.55	-5.92	42041	-0.032	0.014	0.021	-0.001	0.014	3.083
4.812	-0.025	0.014	0.074	0.96	-0.15	0.87	-7.29	-3.27	-5.66	42019	-0.032	0.014	0.025	-0.001	0.014	3.071
4.821	-0.024	0.014	0.076	0.89	-0.15	0.81	-5.66	2.12	-6.20	44133	-0.031	0.014	0.029	-0.000	0.014	3.059
4.831	-0.024	0.014	0.080	0.85	-0.17	0.75	-1.16	6.31	-6.90	44137	-0.030	0.015	0.032	-0.000	0.014	3.047
4.843	-0.022	0.015	0.082	0.83	-0.28	0.67	4.23	9.24	-6.03	43798	-0.030	0.015	0.036	0.000	0.014	3.036
4.847	-0.022	0.015	0.084	0.89	-0.37	0.61	4.73	7.39	-5.59	43797	-0.029	0.015	0.040	0.001	0.014	3.024
4.856	-0.021	0.015	0.086	0.93	-0.45	0.55	1.64	-0.06	-5.30	43817	-0.028	0.015	0.043	0.001	0.014	3.012
4.872	-0.020	0.015	0.088	0.96	-0.40	0.51	1.01	-10.67	-4.26	43862	-0.027	0.016	0.047	0.001	0.013	3.000
4.879	-0.019	0.016	0.091	0.93	-0.29	0.45	-0.15	-18.68	-3.91	43873	-0.027	0.016	0.050	0.002	0.013	2.988
4.891	-0.019	0.016	0.093	0.94	-0.08	0.41	-0.73	-22.66	-2.88	43706	-0.026	0.016	0.054	0.002	0.013	2.976
4.901	-0.018	0.016	0.095	0.94	0.15	0.38	-1.95	-22.50	-2.87	43696	-0.025	0.016	0.057	0.002	0.013	2.964
4.912	-0.017	0.016	0.097	0.95	0.35	0.35	-2.35	-17.73	-3.51	43696	-0.024	0.017	0.060	0.003	0.013	2.952
4.921	-0.016	0.015	0.099	0.93	0.50	0.31	-4.07	-12.20	-3.22	43699	-0.023	0.017	0.064	0.003	0.013	2.940
4.930	-0.016	0.015	0.101	0.89	0.61	0.28	-7.59	-6.91	-3.32	43617	-0.023	0.017	0.067	0.003	0.013	2.928
4.942	-0.014	0.015	0.103	0.84	0.63	0.24	-8.10	-3.69	-3.42	43649	-0.022	0.017	0.070	0.004	0.013	2.916
4.951	-0.014	0.015	0.105	0.75	0.69	0.21	-9.88	-1.23	-3.72	43691	-0.021	0.017	0.073	0.004	0.012	2.903
4.959	-0.013	0.015	0.106	0.64	0.67	0.17	-10.14	-0.35	-3.50	43686	-0.020	0.017	0.076	0.004	0.012	2.891
4.970	-0.012	0.015	0.108	0.54	0.68	0.13	-9.51	-0.55	-4.03	43749	-0.019	0.016	0.079	0.005	0.012	2.879
4.981	-0.012	0.015	0.110	0.46	0.69	0.09	-8.28	-2.11	-3.58	43767	-0.018	0.016	0.082	0.005	0.012	2.867
4.990	-0.012	0.015	0.112	0.37	0.75	0.07	-5.87	-5.44	-3.25	43789	-0.017	0.016	0.085	0.005	0.012	2.854
5.000	-0.009	0.015	0.113	0.31	0.74	0.02	-4.31	-7.96	-2.79	43789	-0.017	0.016	0.088	0.006	0.012	2.842
5.011	-0.010	0.014	0.110	0.30	0.84	-0.00	-2.47	-9.08	-2.50	43803	-0.016	0.016	0.089	0.006	0.012	2.829
5.021	-0.009	0.014	0.111	0.28	0.93	-0.03	-1.13	-8.72	-2.67	46796	-0.015	0.016	0.091	0.006	0.011	2.817
5.029	-0.008	0.014	0.113	0.28	1.01	-0.06	-1.49	-6.97	-2.07	46845	-0.014	0.016	0.093	0.006	0.011	2.804
5.039	-0.007	0.015	0.114	0.24	1.05	-0.08	-1.13	-4.03	-1.72	46883	-0.013	0.016	0.096	0.007	0.011	2.791
5.045	-0.007	0.015	0.114	0.21	1.09	-0.10	-2.09	-1.41	-1.57	46908	-0.012	0.016	0.098	0.007	0.011	2.779
5.061	-0.006	0.015	0.115	0.19	1.10	-0.11	-0.97	0.77	-1.07	47175	-0.011	0.016	0.100	0.007	0.011	2.766
5.072	-0.006	0.015	0.117	0.19	1.09	-0.12	-0.35	3.44	-0.93	47194	-0.010	0.016	0.102	0.007	0.011	2.753
5.080	-0.005	0.015	0.118	0.19	1.07	-0.13	0.33	0.78	-0.74	47188	-0.010	0.016	0.104	0.008	0.011	2.741
5.091	-0.005	0.015	0.119	0.19	1.07	-0.14	-0.82	-0.54	-0.97	47155	-0.009	0.016	0.106	0.008	0.011	2.728
5.101	-0.003	0.014	0.116	0.20	1.01	-0.16	-1.47	-3.23	-0.88	47120	-0.008	0.016	0.108	0.008	0.010	2.715
5.112	-0.002	0.014	0.117	0.18	1.06	-0.17	-2.13	-4.90	-0.66	47907	-0.007	0.016	0.110	0.008	0.010	2.702
5.121	-0.002	0.014	0.118	0.16	1.10	-0.18	-2.93	-4.89	-0.26	47856	-0.006	0.016	0.111	0.008	0.010	2.689
5.131	-0.001	0.014	0.120	0.14	1.16	-0.18	-3.49	-4.80	0.08	47816	-0.005	0.015	0.113	0.009	0.010	2.676
5.140	-0.001	0.014	0.116	0.12	1.21	-0.18	-2.64	-4.51	-0.08	47758	-0.004	0.015	0.115	0.009	0.010	2.663
5.151	-0.001	0.014	0.117	0.09	1.26	-0.18	-2.07	-2.90	0.46	48576	-0.004	0.015	0.116	0.009	0.010	2.649
5.161	0.000	0.014	0.118	0.05	1.25	-0.18	-2.26	-2.21	0.04	48508	-0.003	0.015	0.117	0.009	0.010	2.636
5.172	0.001	0.014	0.119	0.03	1.27	-0.18	-2.30	0.31	-0.15	48428	-0.002	0.015	0.119	0.009	0.010	2.623
5.181	0.001	0.014	0.122	0.01	1.26	-0.18	-2.00	2.43	-0.52	48332	-0.001	0.015	0.121	0.009	0.010	2.610
5.190	0.001	0.013	0.124	0.01	1.24	-0.19	-2.67	3.92	-0.31	47780	-0.001	0.015	0.124	0.009	0.009	2.597
5.201	0.002	0.014	0.125	-0.04	1.21	-0.19	-3.23	4.79	-0.33	47653	0.000	0.015	0.126	0.009	0.009	2.584
5.211	0.002	0.014	0.126	-0.07	1.15	-0.19	-3.10	5.85	-0.27	47507	0.001	0.015	0.128	0.009	0.009	2.571
5.220	0.002	0.014	0.128	-0.10	1.10	-0.19	-3.00	5.49	-0.03	47372	0.001	0.015	0.130	0.009	0.009	2.558
5.231	0.003	0.013	0.128	-0.09	1.04	-0.20	-1.35	5.16	0.00	49341	0.002	0.014	0.133	0.009	0.009	2.545
5.243	0.003	0.013	0.130	-0.14	1.00	-0.19	0.13	3.39	0.18	49400	0.003	0.014	0.135	0.009	0.009	2.532
5.252	0.002	0.013	0.131	-0.11	0.99	-0.19	1.25	2.29	0.67	49259	0.003	0.014	0.137	0.009	0.009	2.518
5.261	0.002	0.014	0.133	-0.15	0.97	-0.18	1.33	1.14	0.39	49095	0.004	0.014	0.140	0.009	0.009	2.505
5.273	0.003	0.014	0.139	-0.13	0.97	-0.17	1.91	-0.90	0.24	48928	0.004	0.014	0.143	0.009	0.009	2.492
5.282	0.003	0.014	0.141	-0.11	0.98	-0.17	1.23	-0.12	0.03	47979	0.004	0.014	0.146	0.009	0.009	2.480
5.290	0.002	0.013	0.143	-0.06	1.00	-0.17	1.37	0.56	0.45	47759	0.005	0.014	0.150	0.008	0.008	2.467
5.300	0.000	0.015	0.145	-0.12	1.05	-0.16	2.21	3.01	0.56	47544	0.005	0.014	0.153	0.008	0.008	2.454
5.311	0.000	0.015	0.147	-0.10	1.02	-0.15	1.30	4.96	0.55	47324	0.005	0.015	0.156	0.008	0.008	2.441
5.320	-0.002	0.008	0.149	0.13	1.04	-0.17	-0.05	8.76	-0.32	47109	0.004	0.014	0.159	0.008	0.008	2.428
5.332	-0.002	0.008	0.151	0.13	0.94	-0.17	0.11	10.63	-0.25	46964	0.004	0.013	0.162	0.007	0.008	2.415
5.342	-0.003	0.008	0.154	0.12	0.84	-0.17	-0.32	12.29	-0.36	46753	0.004	0.013	0.165	0.007	0.007	2.402
5.350	-0.003	0.007	0.156	0.12	0.70	-0.18	-1.78	13.60	-1.51	46539	0.004	0.012	0.169	0.006	0.007	2.389
5.359	-0.003	0.007	0.157	0.10	0.58	-0.19	-2.72	14.09	-1.03	46328	0.003	0.011	0.171	0.006	0.007	2.376
5.366	-0.004	0.007	0.159	0.07	0.44	-0.20	-3.37	14.31	-1.87	46422	0.003	0.011	0.174	0.006	0.007	2.363
5.381	-0.003	0.006	0.162	0.03	0.28	-0.22	-4.87	13.93	-2.08	46224	0.003	0.010	0.177	0.005	0.006	2.350
5.392	-0.003	0.006	0.164	-0.02	0.13	-0.24	-3.84	12.78	-2.08	46028	0.003	0.010	0.180	0.005	0.006	2.337
5.400	-0.005	0.004	0.169	-0.02	0.04	-0.26	-4.23	11.00	-1.84	45833	0.002	0.009	0.184	0.005	0.006	2.324
5.412	-0.005	0.005	0.171	-0.07	-0.05	-0.28	-4.06	9.99	-2.17	45366	0.002	0.009	0.187	0.004	0.006	2.311
5.420	-0.006	0.004	0.174	-0.10	-0.15	-0.30	-3.57	8.65	-2.17	45169	0.002	0.008	0.190	0.004	0.005	2.298
5.426	-0.006	0.004	0.177	-0.14	-0.23	-0.32	-3.07	7.90	-2.45	44984	0.001	0.008	0.193	0.004	0.005	2.286
5.440	-0.007	0.003	0.180	-0.17	-0.29	-0.35	-2.67	6.67	-2.55	46901	0.001	0.007	0.196	0.003	0.005	2.273
5.452	-0.007	0.003	0.183	-0.20	-0.36	-0.37	-2.82	6.88	-2.61	46737	0.000	0.007	0.200	0.003	0.005	2.260
5.458	-0.007	0.003	0.186	-0.22	-0.44	-0.40	-2.18	5.97	-2.17	46405	-0.000	0.006	0.203	0.002	0.005	2.248
5.466	-0.007	0.002	0.189	-0.24	-0.51	-0.42	-1.35	5.64	-1.97	46245	-0.001	0.006	0.206	0.002	0.004	2.235
5.474	-0.007	0.002	0.192	-0.26	-0.56	-0.44	-0.66	4.77	-2.05	46079	-0.001	0.005	0.210	0.002	0.004	2.223
5.491	-0.007	0.002	0.195	-0.26	-0.62	-0.46	0.29	4.28	-2.17	45901	-0.001	0.005	0.213	0.001	0.004	2.210
5.501	-0.007	-0.001	0.198	-0.19	-0.67	-0.49	0.01	3.96	-1.80	45828	-0.001	0.004	0.217	0.001	0.004	2.198
5.510	-0.007	-0.002	0.201	-0.19	-0.71	-0.51	-0.18	4.60	-1.77	45663	-0.002	0.003	0.220	0.001	0.004	2.185
5.518	-0.007	-0.002	0.204	-0.20	-0.76	-0.53	-0.50	4.65	-1.35	45492	-0.002	0.003	0.223	0.001	0.003	2.173
5.528	-0.007	-0.002	0.207	-0.21	-0.80	-0.54	-1.43	4.36	-1.85	45333	-0.002	0.002	0.227	0.000	0.003	2.161
5.541	-0.007	-0.002	0.209	-0.24	-0.84	-0.56	-2.56	4.80	-1.70	45164	-0.003	0.002	0.230	0.000	0.003	2.148
5.548	-0.008	-0.003	0.212	-0.26	-0.88	-0.57	-2.75	4.65	-1.12	45145	-0.003	0.001	0.233	-0.000	0.003	2.136
5.561	-0.008	-0.002	0.215	-0.31	-0.93	-0.58	-3.19	2.41	-0.82	44995	-0.003	0.001	0.236	-0.000	0.003	2.124
5.573	-0.008	-0.003	0.219	-0.34	-0.95	-0.59	-2.99	2.78	-0.69	44838	-0.004	0.000	0.240	-0.001	0.002	2.111
5.578	-0.008	-0.003	0.219	-0.37	-0.98	-0.60	-2.01	2.18	-0.69	44682	-0.004	-0.000	0.242	-0.001	0.002	2.099
5.592	-0.008	-0.003	0.222	-0.39	-1.00	-0.61	-1.75	0.82	-0.95	45060	-0.004	-0.001	0.245	-0.001	0.002	2.087
5.600	-0.012	-0.004	0.225	-0.39	-0.92	-0.62	-0.92	-0.49	-0.50	44918	-0.005	-0.001	0.248	-0.001	0.002	2.075
5.611	-0.012	-0.004	0.228	-0.40	-0.91	-0.62	-0.71	-2.17	-0.67	44787	-0.005	-0.001	0.251	-0.002	0.002	2.063
5.621	-0.012	-0.004	0.229	-0.41	-0.90	-0.63	-0.54	-2.89	-0.65	44653	-0.006	-0.002	0.253	-0.002	0.002	2.050
5.630	-0.012	-0.005	0.232	-0.42	-0.88	-0.63	0.45	-2.32	0.74	44864	-0.007	-0.002	0.256	-0.002	0.001	2.038
5.641	-0.011	-0.005	0.235	-0.41	-0.87	-0.62	-1.00	-1.22	-0.54	46776	-0.007	-0.003	0.259	-0.002	0.001	2.026
5.652	-0.011	-0.005	0.238	-0.43	-0.87	-0.62	0.09	-1.86	0.79	46680	-0.007	-0.003	0.262	-0.002	0.001	2.014
5.660	-0.010	-0.005	0.241	-0.44	-0.86	-0.62	-0.36	-1.07	0.49	46579	-0.008	-0.003	0.265	-0.003	0.001	2.002
5.670	-0.010	-0.005	0.244	-0.45	-0.86	-0.62	-1.33	0.23	0.49	46473	-0.008	-0.003	0.268	-0.003	0.001	1.991
5.680	-0.010	-0.005	0.247	-0.46	-0.86	-0.61	-2.23	0.67	0.59	46181	-0.008	-0.004	0.271	-0.003	0.001	1.979
5.690	-0.010	-0.005	0.250	-0.50	-0.87	-0.61	-2.27	-0.30	0.71	46062	-0.008	-0.004	0.274	-0.003	0.001	1.967
5.701	-0.012	-0.005	0.253	-0.52	-0.82	-0.60	-2.21	-0.30	0.47	45933	-0.009	-0.004	0.277	-0.003	0.001	1.956
5.711	-0.010	-0.005	0.256	-0.55	-0.85	-0.59	-0.62	-1.58	1.01	45793	-0.009	-0.004	0.280	-0.003	0.001	1.944
5.720	-0.013	-0.007	0.258	-0.52	-0.77	-0.58	1.39	-2.98	0.76	45826	-0.009	-0.004	0.283	-0.003	0.001	1.932
5.727	-0.013	-0.006	0.261	-0.52	-0.74	-0.58	2.71	-3.82	0.47	45683	-0.010	-0.005	0.286	-0.004	0.001	1.921
5.742	-0.013	-0.007	0.264	-0.47	-0.70	-0.57	3.42	-3.97	0.55	45542	-0.010	-0.005	0.289	-0.004	0.000	1.909
5.751	-0.014	-0.007	0.268	-0.44	-0.65	-0.56	3.47	-4.05	0.52	45408	-0.011	-0.005	0.292	-0.004	0.000	1.898
5.761	-0.014	-0.007	0.272	-0.40	-0.60	-0.56	4.08	-4.10	0.27	45266	-0.011	-0.005	0.296	-0.004	0.000	1.887
5.769	-0.013	-0.007	0.275	-0.36	-0.56	-0.55	3.81	-3.68	0.26	44865	-0.011	-0.006	0.299	-0.004	0.000	1.875
5.778	-0.015	-0.006	0.278	-0.37	-0.50	-0.55	3.16	-2.72	0.08	44720	-0.012	-0.006	0.302	-0.004	0.000	1.864
5.792	-0.011	-0.007	0.281	-0.31	-0.55	-0.55	1.95	-1.85	-0.01	44573	-0.012	-0.006	0.305	-0.004	0.000	1.853
5.800	-0.011	-0.007	0.285	-0.29	-0.53	-0.54	1.05	-0.08	-0.34	44425	-0.012	-0.006	0.309	-0.004	0.000	1.842
5.813	-0.010	-0.005	0.288	-0.33	-0.54	-0.55	-0.02	0.12	0.47	44245	-0.011	-0.006	0.312	-0.004	0.000	1.831
5.821	-0.010	-0.004	0.291	-0.34	-0.55	-0.54	-0.60	1.74	0.16	44117	-0.011	-0.005	0.315	-0.004	0.000	1.820
5.827	-0.009	-0.008	0.294	-0.29	-0.57	-0.53	-0.19	0.20	1.32	43996	-0.011	-0.006	0.318	-0.004	0.000	1.809
5.840	-0.009	-0.008	0.298	-0.29	-0.58	-0.51	0.86	-0.38	1.48	43873	-0.011	-0.006	0.321	-0.004	-0.000	1.798
5.850	-0.015	-0.011	0.302	-0.23	-0.45	-0.50	0.66	-1.51	0.89	45651	-0.011	-0.006	0.325	-0.004	-0.000	1.787
5.860	-0.015	-0.005	0.305	-0.32	-0.43	-0.50	1.65	-2.70	0.63	45548	-0.012	-0.006	0.328	-0.004	-0.000	1.777
5.870	-0.016	-0.008	0.308	-0.26	-0.38	-0.49	1.88	-3.07	1.05	45433	-0.013	-0.006	0.331	-0.004	-0.000	1.766
5.878	-0.012	-0.008	0.311	-0.23	-0.42	-0.48	3.17	-3.98	1.14	45323	-0.013	-0.007	0.334	-0.004	-0.000	1.755
5.888	-0.013	-0.004	0.315	-0.27	-0.36	-0.47	2.92	-5.05	1.17	45206	-0.013	-0.006	0.338	-0.004	-0.000	1.745
5.896	-0.019	0.008	0.319	-0.46	-0.21	-0.48	1.95	-3.06	0.84	44891	-0.014	-0.004	0.341	-0.004	0.000	1.735
5.910	-0.019	0.009	0.322	-0.44	-0.19	-0.47	1.14	-1.91	0.01	44788	-0.014	-0.003	0.344	-0.004	0.001	1.724
5.920	-0.019	0.010	0.325	-0.44	-0.17	-0.47	2.32	-2.11	0.67	44666	-0.015	-0.001	0.348	-0.005	0.001	1.714
5.929	-0.019	0.010	0.329	-0.42	-0.16	-0.47	3.72	-0.36	0.26	44547	-0.016	0.001	0.351	-0.005	0.002	1.704
5.942	-0.018	0.010	0.333	-0.36	-0.17	-0.46	5.36	1.35	0.39	44226	-0.016	0.002	0.355	-0.005	0.002	1.693
5.950	-0.018	0.011	0.336	-0.31	-0.19	-0.46	8.56	2.09	0.27	44083	-0.016	0.003	0.358	-0.005	0.003	1.683
5.964	-0.017	0.011	0.339	-0.22	-0.23	-0.46	10.94	4.72	0.43	43948	-0.017	0.004	0.361	-0.005	0.003	1.673
5.973	-0.017	0.012	0.342	-0.10	-0.27	-0.45	13.25	2.98	0.57	43823	-0.017	0.006	0.364	-0.005	0.003	1.663
5.983	-0.017	0.012	0.346	0.03	-0.30	-0.45	13.64	4.42	0.34	43706	-0.017	0.007	0.368	-0.005	0.004	1.653
5.991	-0.017	0.014	0.349	0.15	-0.34	-0.45	15.26	2.90	0.50	43547	-0.017	0.008	0.371	-0.005	0.004	1.643
6.000	-0.017	0.014	0.352	0.30	-0.37	-0.44	14.41	1.55	-0.08	43430	-0.017	0.009	0.374	-0.005	0.004	1.634
6.009	-0.017	0.016	0.356	0.42	-0.38	-0.45	13.84	0.67	-0.30	43327	-0.018	0.010	0.377	-0.005	0.005	1.624
6.021	-0.017	0.017	0.358	0.56	-0.39	-0.45	12.89	-0.24	-0.27	43235	-0.018	0.011	0.380	-0.005	0.005	1.614
6.030	-0.016	0.017	0.361	0.69	-0.39	-0.45	10.77	-0.86	-0.19	43260	-0.018	0.012	0.383	-0.004	0.005	1.604
6.041	-0.015	0.017	0.364	0.79	-0.40	-0.45	7.17	-1.59	-0.35	43172	-0.018	0.013	0.385	-0.004	0.005	1.595
6.051	-0.015	0.018	0.368	0.86	-0.38	-0.45	5.29	-0.73	-0.36	43086	-0.017	0.014	0.388	-0.004	0.005	1.585
6.060	-0.015	0.018	0.370	0.91	-0.38	-0.46	3.40	-1.08	0.24	45130	-0.017	0.014	0.391	-0.004	0.006	1.576
6.072	-0.014	0.018	0.373	0.95	-0.37	-0.45	2.13	-1.08	0.71	45241	-0.017	0.015	0.394	-0.004	0.006	1.566
6.077	-0.014	0.019	0.376	0.96	-0.36	-0.45	0.14	-1.52	0.60	45206	-0.017	0.016	0.397	-0.004	0.006	1.557
6.090	-0.014	0.019	0.379	0.96	-0.34	-0.44	-0.34	-2.31	0.58	45149	-0.017	0.016	0.399	-0.004	0.006	1.548
6.101	-0.014	0.020	0.382	0.95	-0.31	-0.44	0.17	-2.91	0.78	45066	-0.017	0.017	0.402	-0.003	0.006	1.538
6.110	-0.014	0.020	0.387	0.95	-0.28	-0.43	-0.59	-3.94	0.57	44985	-0.016	0.018	0.405	-0.003	0.006	1.529
6.120	-0.013	0.020	0.390	0.95	-0.24	-0.43	0.56	-4.36	0.52	44571	-0.016	0.018	0.408	-0.003	0.006	1.520
6.130	-0.013	0.021	0.393	0.95	-0.20	-0.42	1.23	-4.37	0.47	44473	-0.016	0.019	0.411	-0.003	0.006	1.511
6.139	-0.013	0.021	0.396	0.97	-0.16	-0.42	1.40	-3.91	0.25	44371	-0.016	0.019	0.414	-0.003	0.006	1.502
6.148	-0.013	0.020	0.398	1.00	-0.12	-0.42	1.49	-3.33	0.00	44280	-0.016	0.019	0.417	-0.003	0.006	1.493
6.161	-0.013	0.020	0.401	1.01	-0.08	-0.42	0.67	-2.31	-0.01	44352	-0.016	0.020	0.420	-0.002	0.006	1.485
6.171	-0.013	0.018	0.404	1.05	-0.06	-0.41	-0.11	-1.06	0.40	44261	-0.016	0.020	0.423	-0.002	0.006	1.476
6.182	-0.013	0.015	0.407	1.09	-0.05	-0.40	0.10	-0.08	0.23	44179	-0.015	0.019	0.425	-0.002	0.006	1.467
6.190	-0.012	0.015	0.410	1.09	-0.06	-0.40	-0.44	0.75	0.32	44083	-0.015	0.019	0.428	-0.002	0.006	1.458
6.200	-0.012	0.016	0.413	1.08	-0.07	-0.40	-1.62	0.62	0.25	43993	-0.015	0.019	0.431	-0.002	0.006	1.450
6.211	-0.012	0.019	0.416	1.03	-0.07	-0.40	-2.60	0.60	-0.14	43916	-0.015	0.019	0.433	-0.002	0.006	1.441
6.219	-0.012	0.005	0.419	1.17	-0.08	-0.39	-2.65	0.56	0.13	43836	-0.015	0.017	0.436	-0.002	0.005	1.432
6.231	-0.012	0.005	0.421	1.15	-0.09	-0.39	-2.81	-0.25	0.07	43752	-0.015	0.016	0.439	-0.001	0.004	1.424
6.238	-0.011	0.005	0.424	1.11	-0.09	-0.39	-4.60	-1.34	-0.25	43664	-0.014	0.014	0.441	-0.001	0.004	1.416
6.250	-0.011	0.004	0.427	1.06	-0.08	-0.39	-6.91	-1.27	-0.53	43541	-0.014	0.013	0.444	-0.001	0.003	1.407
6.261	-0.011	0.004	0.430	0.99	-0.07	-0.39	-8.44	-0.57	-0.24	43463	-0.014	0.012	0.446	-0.001	0.003	1.399
6.272	-0.009	0.003	0.433	0.91	-0.08	-0.40	-10.07	-1.34	-0.17	43391	-0.014	0.011	0.449	-0.001	0.003	1.391
6.279	-0.009	0.003	0.435	0.80	-0.07	-0.40	-12.13	-1.27	0.13	43320	-0.013	0.010	0.451	-0.001	0.002	1.383
6.288	-0.009	0.002	0.438	0.68	-0.06	-0.39	-13.92	-0.54	0.27	43351	-0.013	0.009	0.454	-0.000	0.002	1.374
6.298	-0.009	0.002	0.440	0.54	-0.05	-0.39	-12.73	-1.07	1.16	43285	-0.012	0.008	0.456	-0.000	0.001	1.366
6.312	-0.008	0.001	0.443	0.41	-0.04	-0.38	-11.34	-0.86	1.00	43229	-0.012	0.007	0.458	0.000	0.001	1.358
6.323	-0.008	0.002	0.446	0.29	-0.04	-0.37	-10.27	-1.47	0.74	43175	-0.012	0.006	0.460	0.000	0.001	1.351
6.329	-0.008	0.001	0.446	0.20	-0.02	-0.36	-9.70	-2.04	0.72	43109	-0.011	0.005	0.462	0.000	0.001	1.343
6.339	-0.008	-0.001	0.449	0.12	0.01	-0.36	-7.94	-4.06	0.24	43378	-0.011	0.004	0.464	0.001	0.000	1.335
6.350	-0.006	-0.005	0.451	0.08	0.04	-0.35	-5.72	-3.75	0.41	43351	-0.011	0.003	0.466	0.001	0.000	1.327
6.361	-0.006	-0.004	0.454	0.02	0.07	-0.35	-3.83	-3.07	0.87	43320	-0.010	0.002	0.468	0.001	-0.000	1.319
6.369	-0.006	-0.005	0.456	-0.02	0.10	-0.34	-3.30	-1.88	0.80	43289	-0.010	0.001	0.470	0.001	-0.001	1.312
6.380	-0.006	-0.006	0.458	-0.06	0.12	-0.33	-3.99	-2.47	0.66	43264	-0.009	-0.000	0.472	0.001	-0.001	1.304
6.389	-0.004	-0.005	0.461	-0.11	0.12	-0.33	-5.83	-1.72	0.54	43251	-0.009	-0.001	0.474	0.002	-0.001	1.296
6.400	-0.002	-0.005	0.463	-0.17	0.11	-0.32	-5.50	-0.19	0.93	43232	-0.008	-0.002	0.476	0.002	-0.001	1.289
6.410	-0.002	-0.006	0.465	-0.23	0.11	-0.32	-7.20	0.23	0.51	43214	-0.007	-0.002	0.477	0.002	-0.001	1.282
6.421	-0.002	-0.006	0.468	-0.30	0.11	-0.31	-6.80	0.32	0.45	43194	-0.007	-0.003	0.479	0.002	-0.001	1.274
6.432	-0.002	-0.006	0.470	-0.37	0.11	-0.30	-6.63	0.14	0.24	43046	-0.006	-0.004	0.481	0.003	-0.002	1.267
6.439	-0.002	-0.007	0.472	-0.43	0.11	-0.30	-5.13	-0.85	0.67	43032	-0.006	-0.004	0.483	0.003	-0.002	1.260
6.450	-0.002	-0.006	0.475	-0.50	0.12	-0.30	-4.39	-2.77	0.16	43004	-0.005	-0.005	0.485	0.003	-0.002	1.253
6.460	-0.001	-0.006	0.478	-0.54	0.15	-0.30	-2.63	-2.78	0.16	42983	-0.005	-0.005	0.487	0.003	-0.002	1.246
6.470	-0.001	-0.007	0.480	-0.57	0.18	-0.30	-1.49	-3.21	-0.16	42803	-0.004	-0.006	0.489	0.003	-0.002	1.239
6.481	-0.000	-0.007	0.482	-0.58	0.22	-0.30	0.60	-4.24	0.03	42791	-0.004	-0.006	0.490	0.003	-0.002	1.232
6.490	0.001	-0.007	0.484	-0.57	0.26	-0.30	0.68	-4.63	-0.46	42773	-0.003	-0.006	0.492	0.004	-0.002	1.225
6.500	0.003	-0.008	0.485	-0.56	0.28	-0.30	1.00	-3.16	-0.33	42765	-0.002	-0.007	0.494	0.004	-0.002	1.219
6.507	0.003	-0.008	0.487	-0.55	0.31	-0.30	0.12	-3.52	-0.29	42986	-0.002	-0.007	0.495	0.004	-0.002	1.212
6.521	0.004	-0.008	0.488	-0.54	0.34	-0.31	-0.41	-2.35	-0.27	43005	-0.001	-0.007	0.497	0.004	-0.002	1.205
6.531	0.005	-0.008	0.490	-0.55	0.34	-0.31	-0.96	-0.75	-0.29	43020	-0.000	-0.008	0.498	0.005	-0.002	1.199
6.540	0.004	-0.008	0.492	-0.56	0.36	-0.31	-1.82	-0.27	-0.05	43037	0.000	-0.008	0.499	0.005	-0.002	1.192
6.547	0.006	-0.008	0.494	-0.58	0.35	-0.31	-1.72	0.25	0.22	43050	0.001	-0.008	0.501	0.005	-0.002	1.186
6.555	0.007	-0.008	0.495	-0.60	0.34	-0.31	-1.25	0.91	0.17	43059	0.002	-0.008	0.502	0.005	-0.002	1.179
6.566	0.008	-0.009	0.497	-0.60	0.33	-0.31	-0.21	1.22	0.27	43073	0.003	-0.009	0.503	0.005	-0.002	1.173
6.581	0.009	-0.010	0.499	-0.59	0.31	-0.31	-0.13	0.18	-0.07	43094	0.004	-0.009	0.505	0.006	-0.002	1.166
6.595	0.009	-0.011	0.500	-0.59	0.31	-0.31	-0.43	-0.37	-0.10	43109	0.004	-0.009	0.506	0.006	-0.002	1.160
6.604	0.010	-0.010	0.501	-0.60	0.32	-0.31	0.64	-1.10	-0.18	43208	0.005	-0.010	0.507	0.006	-0.002	1.154
6.610	0.009	-0.012	0.503	-0.58	0.35	-0.31	1.93	-1.78	0.03	43232	0.006	-0.010	0.508	0.006	-0.002	1.148
6.627	0.009	-0.012	0.504	-0.56	0.37	-0.31	0.99	-2.56	-0.24	43256	0.006	-0.010	0.509	0.006	-0.002	1.142
6.641	0.011	-0.012	0.506	-0.55	0.38	-0.31	1.15	-2.20	0.36	43269	0.007	-0.011	0.510	0.006	-0.002	1.136
6.646	0.011	-0.012	0.508	-0.54	0.40	-0.30	0.75	-1.64	0.36	43282	0.008	-0.011	0.511	0.007	-0.002	1.130
6.662	0.012	-0.012	0.510	-0.53	0.41	-0.30	0.54	-0.58	0.90	43063	0.009	-0.011	0.512	0.007	-0.002	1.124
6.705	0.013	-0.013	0.511	-0.52	0.42	-0.29	-0.34	-0.59	0.51	43088	0.009	-0.012	0.514	0.007	-0.002	1.118
6.713	0.013	-0.013	0.512	-0.52	0.42	-0.29	-0.00	-0.09	0.65	43110	0.010	-0.012	0.515	0.007	-0.002	1.112
6.721	0.014	-0.013	0.512	-0.52	0.41	-0.28	0.23	-0.20	0.50	43126	0.011	-0.012	0.515	0.007	-0.003	1.107
6.729	0.014	-0.013	0.514	-0.52	0.42	-0.27	-0.06	-0.42	0.50	43399	0.011	-0.012	0.516	0.007	-0.003	1.101
6.733	0.014	-0.012	0.515	-0.51	0.42	-0.27	1.62	-0.58	0.17	43428	0.012	-0.012	0.517	0.007	-0.003	1.095
6.746	0.015	-0.012	0.516	-0.49	0.43	-0.27	3.15	-1.16	0.09	43451	0.013	-0.012	0.518	0.007	-0.002	1.090
6.749	0.014	-0.011	0.515	-0.47	0.45	-0.26	3.67	-1.32	0.34	43482	0.013	-0.012	0.518	0.007	-0.002	1.084
6.759	0.015	-0.008	0.516	-0.47	0.46	-0.26	3.77	-0.88	0.36	43884	0.014	-0.012	0.519	0.008	-0.002	1.078
6.763	0.016	-0.008	0.517	-0.44	0.47	-0.26	2.96	-0.90	0.40	43927	0.014	-0.012	0.519	0.008	-0.002	1.073
6.768	0.016	-0.008	0.518	-0.41	0.48	-0.25	3.27	-0.29	0.32	43973	0.015	-0.011	0.519	0.008	-0.002	1.067
6.773	0.016	-0.008	0.519	-0.38	0.48	-0.25	3.44	-0.45	0.63	44020	0.015	-0.011	0.520	0.008	-0.002	1.062
6.780	0.017	-0.008	0.520	-0.35	0.48	-0.24	1.70	0.08	0.50	44058	0.016	-0.011	0.520	0.008	-0.002	1.056
6.784	0.017	-0.008	0.520	-0.33	0.48	-0.24	2.56	1.32	0.22	44066	0.016	-0.010	0.521	0.008	-0.001	1.051
6.791	0.017	-0.008	0.521	-0.30	0.47	-0.24	2.72	1.06	0.56	44074	0.016	-0.010	0.521	0.008	-0.001	1.046
6.798	0.017	-0.008	0.522	-0.27	0.46	-0.23	2.72	0.89	0.55	44113	0.017	-0.010	0.522	0.008	-0.001	1.041
6.814	0.017	-0.007	0.523	-0.25	0.45	-0.23	3.05	0.58	0.43	44036	0.017	-0.010	0.522	0.008	-0.001	1.035
6.821	0.019	-0.007	0.524	-0.22	0.44	-0.22	3.42	0.04	0.19	44041	0.018	-0.009	0.523	0.008	-0.001	1.030
6.831	0.017	-0.008	0.525	-0.18	0.46	-0.22	4.23	-0.19	0.21	44049	0.018	-0.009	0.523	0.007	-0.001	1.025
6.845	0.017	-0.008	0.525	-0.14	0.45	-0.22	3.92	0.96	-0.19	44068	0.018	-0.009	0.524	0.007	-0.001	1.020
6.850	0.017	-0.008	0.526	-0.10	0.44	-0.22	4.46	1.99	-0.21	44068	0.018	-0.009	0.524	0.007	-0.001	1.015
6.860	0.018	-0.002	0.526	-0.10	0.42	-0.22	3.18	2.07	-0.53	44165	0.019	-0.008	0.525	0.007	-0.001	1.010
6.870	0.018	-0.007	0.527	-0.03	0.41	-0.23	2.79	2.15	-0.14	44169	0.019	-0.008	0.525	0.007	-0.000	1.006
6.880	0.021	0.004	0.528	-0.09	0.36	-0.23	2.52	1.42	0.14	44175	0.020	-0.006	0.525	0.007	0.000	1.001
6.891	0.021	0.004	0.528	-0.06	0.35	-0.23	2.09	1.76	0.20	44192	0.020	-0.005	0.526	0.007	0.001	0.996
6.901	0.021	0.004	0.530	-0.04	0.33	-0.23	2.23	1.70	-0.29	44073	0.021	-0.004	0.526	0.007	0.001	0.991
6.911	0.021	0.005	0.530	-0.02	0.31	-0.23	3.83	2.12	-0.02	44054	0.021	-0.003	0.527	0.007	0.001	0.987
6.921	0.022	0.005	0.531	0.02	0.29	-0.23	4.50	-0.04	-0.45	44048	0.022	-0.002	0.527	0.007	0.002	0.982
6.925	0.022	0.005	0.532	0.06	0.29	-0.23	6.07	-0.33	-0.50	44052	0.022	-0.001	0.527	0.007	0.002	0.977
6.938	0.022	0.005	0.533	0.13	0.29	-0.24	6.89	-0.61	-0.36	43841	0.022	-0.000	0.528	0.007	0.002	0.973
6.951	0.022	0.011	0.534	0.16	0.30	-0.24	6.73	-0.41	-0.73	43830	0.023	0.001	0.528	0.007	0.003	0.968
6.957	0.022	0.011	0.535	0.22	0.31	-0.25	6.59	-0.68	-0.33	43825	0.023	0.003	0.529	0.007	0.003	0.964
6.969	0.021	0.013	0.535	0.28	0.32	-0.25	5.79	-0.22	-0.43	43828	0.023	0.004	0.529	0.007	0.004	0.960
6.980	0.023	0.012	0.536	0.34	0.31	-0.26	4.72	0.75	-0.25	43836	0.024	0.005	0.530	0.007	0.004	0.955
6.991	0.023	0.016	0.537	0.36	0.30	-0.26	3.44	0.87	-0.10	43826	0.024	0.007	0.530	0.007	0.004	0.951
7.000	0.023	0.017	0.537	0.40	0.29	-0.26	3.42	1.04	0.29	43829	0.024	0.008	0.530	0.007	0.005	0.947
7.009	0.025	0.017	0.538	0.44	0.27	-0.26	3.85	0.44	0.30	43840	0.025	0.009	0.531	0.006	0.005	0.943
7.019	0.025	0.015	0.538	0.49	0.27	-0.26	3.23	0.37	-0.35	43844	0.025	0.010	0.531	0.006	0.005	0.938
7.031	0.025	0.015	0.538	0.53	0.27	-0.26	4.97	0.36	-0.02	44053	0.025	0.011	0.531	0.006	0.006	0.934
7.041	0.025	0.015	0.538	0.58	0.26	-0.26	5.00	-0.04	-0.93	44055	0.026	0.012	0.531	0.006	0.006	0.930
7.051	0.025	0.015	0.539	0.63	0.26	-0.27	5.93	0.39	-0.61	44070	0.026	0.012	0.531	0.006	0.006	0.926
7.060	0.025	0.013	0.539	0.71	0.26	-0.28	6.13	0.55	-0.48	44099	0.026	0.012	0.532	0.006	0.006	0.922
7.067	0.023	0.014	0.540	0.76	0.27	-0.28	3.17	0.54	-0.46	44126	0.027	0.013	0.532	0.006	0.006	0.918
7.081	0.024	0.014	0.540	0.80	0.26	-0.29	2.78	1.42	-0.29	44114	0.027	0.013	0.532	0.006	0.006	0.914
7.086	0.024	0.015	0.541	0.81	0.24	-0.29	-0.21	1.61	-0.03	44117	0.027	0.013	0.532	0.006	0.006	0.910
7.100	0.024	0.017	0.541	0.80	0.22	-0.29	-1.04	1.91	-0.10	44131	0.027	0.014	0.532	0.005	0.006	0.906
7.108	0.024	0.017	0.541	0.79	0.21	-0.29	-1.87	1.48	-0.10	44154	0.027	0.014	0.532	0.005	0.006	0.902
7.119	0.024	0.022	0.540	0.74	0.19	-0.29	-1.97	2.12	0.11	44409	0.027	0.015	0.532	0.005	0.006	0.898
7.126	0.024	0.022	0.541	0.72	0.17	-0.29	-1.94	1.94	-0.21	44408	0.027	0.016	0.532	0.005	0.007	0.895
7.140	0.025	0.023	0.541	0.70	0.15	-0.29	-1.36	1.43	-0.28	44413	0.027	0.017	0.532	0.005	0.007	0.891
7.154	0.025	0.023	0.541	0.68	0.14	-0.30	-1.23	-0.22	-0.16	44427	0.027	0.018	0.532	0.005	0.007	0.887
7.163	0.025	0.023	0.541	0.67	0.14	-0.30	0.14	-0.84	-0.05	44564	0.027	0.019	0.532	0.004	0.007	0.883
7.170	0.025	0.023	0.541	0.67	0.14	-0.30	1.11	-0.44	-0.09	44583	0.027	0.020	0.532	0.004	0.007	0.880
7.177	0.025	0.021	0.541	0.70	0.15	-0.29	0.83	-0.43	0.06	44587	0.027	0.020	0.532	0.004	0.007	0.876
7.189	0.025	0.021	0.542	0.71	0.15	-0.29	0.71	-0.37	0.30	44588	0.028	0.020	0.532	0.004	0.008	0.872
7.200	0.025	0.021	0.542	0.72	0.15	-0.29	0.27	1.20	0.47	44595	0.028	0.020	0.531	0.004	0.008	0.869
7.213	0.025	0.021	0.543	0.72	0.14	-0.28	-0.27	1.92	0.74	44380	0.028	0.021	0.532	0.004	0.008	0.865
7.221	0.025	0.022	0.544	0.71	0.12	-0.27	-1.21	1.36	0.69	44369	0.028	0.021	0.532	0.003	0.008	0.862
7.234	0.025	0.022	0.544	0.70	0.11	-0.26	-1.96	1.92	0.53	44348	0.028	0.021	0.532	0.003	0.008	0.859
7.239	0.025	0.022	0.544	0.68	0.08	-0.26	-2.38	0.74	0.51	44344	0.028	0.021	0.532	0.003	0.008	0.855
7.254	0.025	0.022	0.544	0.66	0.07	-0.25	-1.76	1.64	0.10	44429	0.028	0.021	0.532	0.003	0.008	0.852
7.259	0.025	0.022	0.544	0.64	0.06	-0.25	-1.89	1.43	0.48	44426	0.028	0.021	0.532	0.003	0.007	0.849
7.269	0.025	0.022	0.544	0.61	0.05	-0.25	-2.88	1.20	0.20	44429	0.028	0.022	0.532	0.003	0.007	0.845
7.280	0.025	0.022	0.545	0.58	0.04	-0.25	-3.23	1.03	0.58	44424	0.028	0.022	0.532	0.002	0.007	0.842
7.290	0.025	0.022	0.545	0.55	0.03	-0.24	-3.49	1.29	0.46	44425	0.028	0.022	0.532	0.002	0.007	0.839
7.300	0.025	0.025	0.547	0.49	0.02	-0.24	-3.70	1.02	0.40	44102	0.028	0.022	0.532	0.002	0.008	0.836
7.311	0.023	0.025	0.547	0.45	0.02	-0.24	-3.87	0.81	-0.17	44097	0.028	0.023	0.532	0.002	0.008	0.833
7.318	0.023	0.026	0.548	0.42	0.01	-0.23	-3.11	0.71	0.16	44075	0.028	0.023	0.533	0.002	0.008	0.830
7.326	0.023	0.026	0.548	0.39	0.00	-0.23	-2.33	1.10	0.25	44061	0.027	0.023	0.533	0.001	0.008	0.827
7.335	0.023	0.026	0.547	0.37	-0.01	-0.23	-1.39	0.66	0.02	44296	0.027	0.024	0.533	0.001	0.008	0.824
7.350	0.026	0.026	0.547	0.35	-0.03	-0.23	-0.71	0.14	-0.05	44301	0.027	0.024	0.533	0.001	0.008	0.821
7.360	0.026	0.023	0.547	0.36	-0.03	-0.23	0.15	0.34	-0.10	44298	0.028	0.024	0.533	0.001	0.008	0.818
7.370	0.026	0.026	0.548	0.35	-0.03	-0.23	0.95	0.50	-0.71	44295	0.028	0.024	0.533	0.001	0.008	0.815
7.378	0.026	0.023	0.548	0.37	-0.04	-0.24	1.26	0.60	-0.49	44204	0.028	0.024	0.533	0.001	0.008	0.812
7.391	0.026	0.023	0.549	0.39	-0.04	-0.24	1.18	0.67	-0.55	44208	0.028	0.024	0.533	0.001	0.008	0.809
7.399	0.026	0.023	0.549	0.39	-0.05	-0.25	-0.78	0.37	-0.76	44209	0.028	0.024	0.533	0.001	0.008	0.806
7.407	0.026	0.026	0.549	0.37	-0.05	-0.26	-0.83	0.75	-0.26	44210	0.028	0.024	0.533	0.001	0.008	0.803
7.421	0.026	0.026	0.549	0.35	-0.05	-0.26	-2.74	0.17	0.28	44197	0.028	0.024	0.533	0.000	0.008	0.800
7.425	0.026	0.024	0.549	0.33	-0.06	-0.26	-2.94	1.08	-0.03	44296	0.028	0.024	0.533	0.000	0.008	0.798
7.440	0.026	0.024	0.549	0.30	-0.07	-0.26	-3.95	0.48	-0.22	44299	0.028	0.024	0.533	0.000	0.008	0.795
7.452	0.026	0.024	0.549	0.26	-0.07	-0.26	-4.08	0.27	0.23	44299	0.028	0.024	0.532	0.000	0.008	0.792
7.462	0.026	0.024	0.550	0.22	-0.07	-0.26	-3.89	0.10	0.03	44298	0.028	0.024	0.532	0.000	0.008	0.790
7.470	0.026	0.027	0.549	0.16	-0.07	-0.26	-2.96	-0.61	-0.05	44422	0.028	0.024	0.532	-0.000	0.008	0.787
7.479	0.026	0.025	0.549	0.14	-0.06	-0.26	-2.47	-0.94	0.01	44430	0.028	0.025	0.532	-0.000	0.008	0.784
7.486	0.026	0.021	0.549	0.14	-0.05	-0.26	-2.24	-1.15	-0.16	44447	0.028	0.024	0.532	-0.000	0.007	0.782
7.499	0.025	0.024	0.550	0.10	-0.04	-0.27	-1.89	-0.52	-0.58	44451	0.028	0.024	0.532	-0.001	0.007	0.779
7.510	0.025	0.017	0.550	0.12	-0.03	-0.27	-2.27	-0.14	-0.67	44459	0.028	0.023	0.532	-0.001	0.007	0.777
7.519	0.025	0.020	0.549	0.08	-0.03	-0.28	-1.63	0.46	-0.12	44604	0.028	0.023	0.531	-0.001	0.007	0.774
7.529	0.025	0.018	0.549	0.07	-0.04	-0.28	-2.52	0.88	0.15	44604	0.028	0.022	0.531	-0.001	0.007	0.772
7.539	0.025	0.018	0.549	0.05	-0.05	-0.27	-2.89	1.06	0.13	44609	0.028	0.022	0.531	-0.001	0.006	0.769
7.549	0.028	0.019	0.549	0.02	-0.08	-0.27	-1.68	1.48	-0.18	44609	0.028	0.021	0.531	-0.001	0.006	0.767
7.559	0.028	0.019	0.551	0.00	-0.09	-0.28	-1.81	1.79	0.01	44377	0.028	0.021	0.531	-0.001	0.006	0.764
7.570	0.028	0.019	0.551	-0.02	-0.11	-0.28	-2.02	1.01	-0.31	44367	0.029	0.021	0.531	-0.001	0.006	0.762
7.576	0.028	0.017	0.551	-0.03	-0.12	-0.28	-1.17	-0.22	0.17	44366	0.029	0.020	0.531	-0.001	0.006	0.760
7.587	0.028	0.017	0.551	-0.04	-0.12	-0.28	-1.21	-0.73	-0.22	44353	0.029	0.020	0.531	-0.001	0.006	0.758
7.600	0.025	0.010	0.551	-0.02	-0.09	-0.28	-1.34	-0.88	-0.25	44264	0.029	0.018	0.531	-0.001	0.005	0.755
7.609	0.025	0.009	0.552	-0.03	-0.08	-0.28	-1.41	-2.51	-0.01	44244	0.029	0.017	0.531	-0.002	0.005	0.753
7.622	0.026	0.009	0.552	-0.05	-0.05	-0.28	-1.72	-1.61	-0.48	44235	0.028	0.016	0.531	-0.002	0.004	0.751
7.631	0.026	0.009	0.552	-0.07	-0.04	-0.29	-2.80	-1.75	-0.78	44233	0.028	0.015	0.531	-0.002	0.004	0.749
7.640	0.026	0.009	0.552	-0.10	-0.02	-0.29	-4.16	-1.37	-0.57	44228	0.028	0.014	0.531	-0.002	0.004	0.747
7.649	0.025	0.007	0.552	-0.13	-0.01	-0.30	-5.16	-0.23	-0.70	44243	0.028	0.013	0.531	-0.002	0.003	0.745
7.662	0.028	0.009	0.552	-0.19	-0.02	-0.31	-5.55	0.97	-0.37	44240	0.028	0.013	0.531	-0.002	0.003	0.743
7.671	0.028	0.008	0.553	-0.25	-0.04	-0.31	-5.45	1.22	-0.31	44241	0.029	0.012	0.531	-0.002	0.003	0.741
7.681	0.028	0.007	0.553	-0.31	-0.05	-0.32	-5.60	2.26	-0.46	44249	0.029	0.011	0.531	-0.002	0.003	0.739
7.690	0.028	0.007	0.554	-0.36	-0.07	-0.32	-3.68	2.08	-0.41	44068	0.029	0.011	0.531	-0.002	0.003	0.737
7.695	0.028	0.007	0.554	-0.39	-0.09	-0.32	-2.23	0.90	-0.39	44052	0.029	0.010	0.531	-0.002	0.002	0.735
7.710	0.028	0.005	0.554	-0.40	-0.09	-0.33	-1.25	-0.15	-0.69	44036	0.029	0.009	0.531	-0.002	0.002	0.733
7.721	0.028	0.005	0.554	-0.41	-0.09	-0.33	-0.56	-1.48	-0.77	44031	0.029	0.009	0.531	-0.002	0.002	0.731
7.729	0.029	0.005	0.555	-0.41	-0.07	-0.34	0.77	-2.50	-0.69	44040	0.029	0.008	0.531	-0.002	0.002	0.729
7.739	0.029	0.004	0.554	-0.40	-0.04	-0.35	2.20	-3.15	-0.57	44164	0.030	0.007	0.531	-0.002	0.002	0.727
7.744	0.029	0.004	0.554	-0.38	-0.01	-0.36	2.02	-2.94	-0.78	44165	0.030	0.007	0.531	-0.002	0.001	0.725
7.759	0.036	0.004	0.554	-0.36	-0.02	-0.37	1.02	-2.41	-0.90	44170	0.031	0.006	0.530	-0.002	0.001	0.724
7.769	0.030	0.004	0.555	-0.35	0.03	-0.38	0.49	-1.21	-0.74	44176	0.031	0.006	0.530	-0.002	0.001	0.722
7.778	0.030	0.003	0.554	-0.34	0.04	-0.38	-1.17	-0.89	-1.14	44221	0.031	0.006	0.530	-0.002	0.001	0.720
7.790	0.030	0.003	0.555	-0.36	0.05	-0.39	-1.92	-0.60	-0.50	44234	0.031	0.005	0.530	-0.002	0.001	0.718
7.799	0.030	0.003	0.555	-0.38	0.05	-0.40	-2.39	0.98	-0.29	44246	0.031	0.005	0.530	-0.002	0.001	0.716
7.809	0.036	0.004	0.555	-0.41	0.02	-0.40	-3.13	-0.10	-0.26	44238	0.032	0.005	0.530	-0.002	0.001	0.715
7.819	0.033	0.005	0.555	-0.45	0.03	-0.40	-1.88	1.62	0.60	44146	0.032	0.005	0.530	-0.002	0.001	0.713
7.831	0.033	0.005	0.555	-0.47	0.02	-0.40	-2.78	0.53	-0.07	44144	0.033	0.004	0.530	-0.002	0.001	0.712
7.838	0.033	0.005	0.556	-0.50	0.02	-0.40	-1.99	-0.33	-0.11	44142	0.033	0.004	0.530	-0.002	0.001	0.710
7.844	0.030	0.005	0.556	-0.51	0.04	-0.40	0.80	-1.61	0.16	44140	0.033	0.004	0.530	-0.002	0.001	0.708
7.860	0.030	0.005	0.556	-0.50	0.06	-0.40	1.52	-1.79	0.10	44139	0.033	0.004	0.530	-0.002	0.001	0.707
7.872	0.035	0.005	0.555	-0.48	0.06	-0.40	2.46	-2.82	-0.57	44352	0.033	0.004	0.529	-0.002	0.001	0.705
7.877	0.035	0.005	0.555	-0.45	0.08	-0.40	3.81	-1.53	-0.74	44364	0.034	0.004	0.529	-0.002	0.001	0.704
7.889	0.036	0.005	0.555	-0.41	0.10	-0.41	3.35	-2.14	-0.77	44372	0.034	0.004	0.529	-0.002	0.001	0.702
7.899	0.036	0.005	0.555	-0.39	0.12	-0.42	2.91	-0.87	-0.80	44378	0.035	0.004	0.529	-0.002	0.001	0.701
7.909	0.036	0.005	0.555	-0.36	0.12	-0.43	2.16	-0.75	-0.73	44459	0.035	0.004	0.528	-0.002	0.001	0.699
7.919	0.036	0.004	0.555	-0.33	0.12	-0.43	2.30	0.34	-0.80	44482	0.035	0.004	0.528	-0.002	0.001	0.698
7.931	0.033	0.004	0.555	-0.32	0.14	-0.44	1.35	-0.01	-0.68	44499	0.035	0.004	0.528	-0.002	0.001	0.696
7.939	0.030	0.004	0.555	-0.31	0.15	-0.45	0.42	1.03	-0.50	44514	0.035	0.004	0.528	-0.002	0.001	0.695
7.949	0.036	0.004	0.554	-0.31	0.11	-0.46	-0.64	0.71	0.01	44515	0.035	0.004	0.527	-0.002	0.001	0.693
7.960	0.030	0.005	0.554	-0.32	0.13	-0.46	-0.24	1.53	-0.29	44551	0.035	0.004	0.527	-0.002	0.001	0.692
7.974	0.030	0.004	0.554	-0.32	0.12	-0.46	0.33	1.47	-0.12	44554	0.034	0.004	0.527	-0.002	0.001	0.691
7.981	0.030	0.008	0.554	-0.33	0.10	-0.46	1.02	1.27	0.15	44555	0.034	0.005	0.527	-0.003	0.001	0.689
7.989	0.027	0.007	0.554	-0.32	0.11	-0.46	1.35	0.69	-0.28	44553	0.033	0.005	0.526	-0.003	0.001	0.688
7.996	0.030	0.007	0.553	-0.30	0.09	-0.47	2.19	0.07	0.03	44788	0.033	0.005	0.526	-0.003	0.001	0.686
8.011	0.036	0.006	0.553	-0.27	0.06	-0.47	2.68	-0.44	0.08	44797	0.034	0.005	0.526	-0.003	0.001	0.685
8.022	0.033	0.005	0.553	-0.24	0.08	-0.47	3.25	-0.10	0.14	44804	0.034	0.005	0.525	-0.003	0.001	0.684
8.033	0.027	0.007	0.553	-0.21	0.11	-0.47	3.77	-0.78	0.01	44802	0.033	0.006	0.525	-0.003	0.001	0.682
8.039	0.030	0.006	0.553	-0.17	0.10	-0.47	3.98	-0.04	-0.14	44686	0.033	0.006	0.525	-0.003	0.002	0.681
8.052	0.030	0.006	0.553	-0.13	0.10	-0.47	3.41	-0.29	0.10	44689	0.033	0.006	0.525	-0.004	0.002	0.680
8.065	0.030	0.014	0.553	-0.14	0.11	-0.47	2.23	0.38	0.16	44691	0.033	0.007	0.524	-0.004	0.002	0.679
8.076	0.030	0.016	0.553	-0.13	0.10	-0.47	1.06	0.72	0.20	44690	0.033	0.008	0.524	-0.004	0.002	0.677
8.080	0.030	0.016	0.553	-0.12	0.09	-0.46	0.17	1.64	-0.06	44693	0.032	0.009	0.524	-0.004	0.003	0.676
8.091	0.030	0.016	0.553	-0.11	0.07	-0.46	0.74	3.22	0.09	44678	0.032	0.010	0.524	-0.004	0.003	0.675
8.097	0.030	0.016	0.553	-0.11	0.04	-0.46	1.07	2.65	-0.24	44665	0.032	0.011	0.524	-0.004	0.003	0.674
8.108	0.031	0.018	0.553	-0.10	0.02	-0.46	2.15	1.33	-0.08	44657	0.032	0.012	0.524	-0.004	0.003	0.673
8.121	0.028	0.017	0.553	-0.07	0.02	-0.46	3.47	0.88	0.22	44656	0.032	0.012	0.523	-0.004	0.004	0.672
8.128	0.031	0.019	0.553	-0.04	0.00	-0.46	4.47	-0.02	0.26	44561	0.032	0.013	0.523	-0.004	0.004	0.670
8.141	0.028	0.018	0.553	0.01	0.02	-0.46	5.14	-0.80	-0.27	44545	0.032	0.014	0.523	-0.004	0.004	0.669
8.148	0.028	0.022	0.553	0.05	0.03	-0.46	5.79	-1.69	-0.21	44525	0.031	0.015	0.523	-0.005	0.004	0.668
8.158	0.028	0.022	0.553	0.11	0.04	-0.47	6.07	-1.68	-0.02	44514	0.031	0.016	0.523	-0.005	0.005	0.667
8.171	0.028	0.022	0.553	0.16	0.06	-0.47	5.04	-0.91	-0.07	44517	0.031	0.017	0.523	-0.005	0.005	0.666
8.178	0.028	0.023	0.554	0.21	0.07	-0.47	4.15	-0.44	-0.33	44449	0.031	0.018	0.523	-0.005	0.005	0.665
8.188	0.028	0.024	0.554	0.25	0.07	-0.48	3.49	0.14	-0.44	44438	0.030	0.019	0.523	-0.005	0.005	0.664
8.199	0.028	0.020	0.554	0.30	0.06	-0.48	2.35	1.20	-0.43	44432	0.030	0.019	0.523	-0.005	0.006	0.663
8.209	0.028	0.022	0.554	0.31	0.05	-0.49	1.42	3.00	-0.33	44430	0.030	0.019	0.523	-0.005	0.006	0.662
8.220	0.028	0.022	0.554	0.32	0.01	-0.49	0.57	3.45	-0.30	44408	0.030	0.020	0.523	-0.005	0.006	0.661
8.229	0.028	0.022	0.554	0.32	-0.02	-0.49	-0.03	3.22	-0.43	44417	0.030	0.020	0.523	-0.005	0.006	0.660
8.238	0.028	0.022	0.554	0.32	-0.05	-0.50	-0.11	3.91	-0.15	44415	0.030	0.021	0.522	-0.005	0.006	0.660
8.248	0.028	0.023	0.554	0.32	-0.09	-0.50	0.65	3.23	-0.13	44407	0.030	0.021	0.522	-0.005	0.006	0.659
8.259	0.028	0.023	0.554	0.33	-0.11	-0.51	1.18	1.83	-0.80	44311	0.030	0.022	0.522	-0.006	0.006	0.658
8.269	0.028	0.023	0.554	0.34	-0.13	-0.51	1.66	1.58	-0.76	44305	0.030	0.022	0.522	-0.006	0.006	0.657
8.282	0.028	0.023	0.554	0.36	-0.15	-0.52	2.92	1.01	-0.83	44297	0.029	0.022	0.522	-0.006	0.006	0.656
8.297	0.028	0.023	0.555	0.39	-0.15	-0.53	2.62	-0.12	-0.94	44279	0.029	0.022	0.522	-0.006	0.006	0.655
8.301	0.028	0.025	0.555	0.42	-0.15	-0.54	2.90	-0.15	-0.46	44264	0.029	0.023	0.522	-0.006	0.006	0.654
8.314	0.028	0.021	0.554	0.46	-0.16	-0.54	2.53	0.94	-1.06	44446	0.029	0.023	0.522	-0.006	0.006	0.653
8.320	0.026	0.023	0.554	0.48	-0.15	-0.55	2.06	0.71	-0.73	44447	0.029	0.023	0.522	-0.006	0.006	0.653
8.334	0.026	0.024	0.554	0.50	-0.17	-0.56	1.90	1.92	-1.08	44443	0.029	0.023	0.522	-0.006	0.006	0.652
8.341	0.024	0.023	0.554	0.52	-0.18	-0.57	0.15	3.93	-0.86	44438	0.028	0.023	0.521	-0.006	0.006	0.651
8.352	0.027	0.023	0.554	0.51	-0.25	-0.58	-1.91	7.99	-1.66	44403	0.028	0.023	0.521	-0.006	0.006	0.650
8.360	0.027	0.026	0.554	0.47	-0.35	-0.60	-4.51	14.46	-1.72	44365	0.028	0.024	0.521	-0.006	0.006	0.649
8.369	0.027	0.026	0.554	0.43	-0.53	-0.61	-4.99	22.73	-1.13	44306	0.028	0.024	0.521	-0.006	0.006	0.649
8.383	0.025	0.022	0.554	0.40	-0.77	-0.61	-5.29	27.80	0.53	44235	0.027	0.024	0.521	-0.006	0.006	0.648
8.390	0.028	0.023	0.554	0.34	-1.04	-0.60	-3.33	21.53	1.80	44171	0.027	0.024	0.521	-0.006	0.006	0.647
8.397	0.028	0.023	0.553	0.32	-1.21	-0.58	-2.50	6.33	3.96	44355	0.027	0.024	0.520	-0.006	0.006	0.646
8.405	0.023	0.023	0.553	0.29	-1.18	-0.53	-2.75	-13.46	5.73	44373	0.027	0.024	0.520	-0.006	0.006	0.646
8.419	0.021	0.027	0.553	0.24	-0.99	-0.47	-4.00	-25.62	6.54	44429	0.026	0.024	0.520	-0.007	0.006	0.645
8.431	0.015	0.025	0.553	0.22	-0.67	-0.41	-3.96	-31.46	6.60	44497	0.025	0.024	0.520	-0.007	0.006	0.644
8.442	0.021	0.025	0.552	0.16	-0.38	-0.35	-7.29	-32.37	6.18	44725	0.024	0.025	0.519	-0.007	0.006	0.644
8.450	0.017	0.027	0.552	0.08	-0.07	-0.28	-6.92	-24.97	6.50	44802	0.023	0.025	0.519	-0.007	0.006	0.643
8.457	0.017	0.028	0.552	0.01	0.18	-0.22	-6.58	-24.17	4.65	44873	0.022	0.025	0.519	-0.008	0.006	0.642
8.465	0.017	0.030	0.552	-0.08	0.41	-0.19	-10.46	-15.86	2.66	44961	0.022	0.026	0.518	-0.008	0.006	0.641
8.483	0.017	0.032	0.552	-0.21	0.52	-0.16	-14.89	-0.53	2.20	44979	0.021	0.027	0.518	-0.008	0.006	0.641
8.488	0.017	0.032	0.552	-0.37	0.48	-0.14	-15.49	8.95	2.25	44948	0.020	0.028	0.518	-0.008	0.006	0.640
8.500	0.017	0.033	0.551	-0.49	0.37	-0.12	-6.61	15.65	0.84	44911	0.020	0.028	0.518	-0.008	0.007	0.640
8.508	0.020	0.031	0.551	-0.53	0.17	-0.12	-2.73	20.51	-0.39	44870	0.020	0.029	0.518	-0.008	0.007	0.639
8.521	0.018	0.026	0.551	-0.52	-0.04	-0.12	3.05	26.18	0.58	44825	0.020	0.029	0.517	-0.008	0.007	0.638
8.530	0.018	0.026	0.551	-0.44	-0.33	-0.12	14.73	35.01	1.22	44772	0.019	0.028	0.517	-0.008	0.006	0.638
8.541	0.025	0.030	0.551	-0.29	-0.74	-0.11	20.45	40.79	-0.21	44702	0.020	0.029	0.517	-0.008	0.006	0.637
8.550	0.027	0.025	0.551	-0.05	-1.16	-0.12	24.12	42.44	-3.19	44665	0.020	0.028	0.517	-0.008	0.006	0.636
8.559	0.027	0.020	0.551	0.21	-1.58	-0.17	22.22	38.70	-7.15	44671	0.021	0.028	0.517	-0.007	0.006	0.636
8.570	0.030	0.016	0.551	0.47	-1.97	-0.25	25.70	37.24	-10.20	44622	0.022	0.026	0.517	-0.007	0.005	0.635
8.580	0.033	0.025	0.551	0.69	-2.34	-0.36	29.64	32.86	-12.97	44598	0.023	0.026	0.516	-0.006	0.005	0.635
8.591	0.043	0.028	0.551	0.97	-2.68	-0.49	30.18	17.59	-14.24	44586	0.025	0.027	0.516	-0.005	0.005	0.634
8.599	0.038	0.022	0.551	1.29	-2.74	-0.64	25.34	-5.71	-15.08	44620	0.026	0.026	0.516	-0.005	0.005	0.634
8.610	0.038	0.022	0.551	1.50	-2.64	-0.79	16.86	-19.23	-15.03	44692	0.027	0.026	0.516	-0.004	0.005	0.633
8.616	0.036	0.019	0.553	1.64	-2.42	-0.95	5.68	-21.38	-14.45	44452	0.028	0.025	0.516	-0.004	0.004	0.633
8.630	0.036	0.026	0.553	1.60	-2.22	-1.09	-10.87	-21.19	-12.78	44480	0.029	0.025	0.516	-0.003	0.004	0.632
8.638	0.034	0.022	0.553	1.45	-1.98	-1.22	-26.74	-26.09	-10.42	44527	0.029	0.025	0.517	-0.003	0.004	0.632
8.649	0.037	0.032	0.553	1.09	-1.74	-1.32	-32.58	-21.73	-9.49	44568	0.030	0.026	0.517	-0.003	0.005	0.632
8.656	0.036	0.029	0.552	0.79	-1.55	-1.42	-30.20	-11.85	-10.56	44626	0.030	0.026	0.517	-0.002	0.005	0.631
8.666	0.038	0.033	0.552	0.47	-1.48	-1.53	-30.74	-0.67	-10.38	44620	0.031	0.027	0.517	-0.002	0.005	0.631
8.680	0.044	0.032	0.552	0.16	-1.52	-1.63	-28.36	3.03	-10.16	44631	0.032	0.027	0.516	-0.001	0.005	0.630
8.692	0.044	0.032	0.552	-0.13	-1.56	-1.73	-31.50	4.14	-8.13	44676	0.033	0.028	0.516	-0.001	0.005	0.630
8.700	0.046	0.034	0.552	-0.46	-1.59	-1.80	-31.62	-1.52	-3.29	44681	0.035	0.029	0.516	-0.000	0.006	0.629
8.708	0.047	0.033	0.552	-0.73	-1.54	-1.81	-18.25	-12.70	0.98	44795	0.036	0.029	0.516	0.000	0.006	0.629
8.720	0.048	0.033	0.552	-0.83	-1.39	-1.79	4.55	-17.68	2.97	44933	0.037	0.030	0.516	0.001	0.006	0.628
8.725	0.046	0.031	0.552	-0.69	-1.19	-1.76	28.49	-20.02	2.64	45026	0.038	0.030	0.516	0.001	0.006	0.628
8.740	0.054	0.026	0.552	-0.29	-1.03	-1.73	53.70	-19.59	1.23	45059	0.039	0.029	0.516	0.002	0.006	0.628
8.746	0.055	0.026	0.550	0.30	-0.84	-1.73	67.71	-17.16	-1.18	45367	0.041	0.029	0.516	0.003	0.006	0.627
8.757	0.064	0.035	0.550	0.94	-0.73	-1.76	66.81	-11.63	-4.22	45470	0.044	0.030	0.515	0.004	0.006	0.627
8.767	0.065	0.035	0.549	1.58	-0.64	-1.81	56.47	-3.27	-6.02	45602	0.046	0.031	0.515	0.005	0.006	0.626
8.776	0.071	0.046	0.549	2.03	-0.65	-1.88	40.79	4.18	-7.36	45690	0.049	0.033	0.515	0.006	0.007	0.625
8.793	0.071	0.050	0.549	2.36	-0.71	-1.95	26.04	8.32	-7.21	45621	0.051	0.035	0.514	0.007	0.007	0.625
8.800	0.074	0.062	0.549	2.53	-0.79	-2.03	14.03	1.70	-8.29	45580	0.054	0.038	0.514	0.008	0.009	0.624
8.808	0.075	0.063	0.548	2.59	-0.76	-2.11	-6.01	-15.25	-6.90	45560	0.056	0.041	0.514	0.009	0.010	0.624
8.816	0.077	0.065	0.548	2.45	-0.54	-2.18	-27.78	-34.33	-4.81	45542	0.059	0.044	0.514	0.010	0.011	0.623
8.825	0.079	0.070	0.548	2.07	-0.14	-2.24	-46.55	-51.01	-3.59	45535	0.061	0.047	0.513	0.010	0.012	0.623
8.839	0.083	0.060	0.547	1.63	0.40	-2.29	-54.14	-64.88	-3.65	45510	0.064	0.049	0.513	0.011	0.012	0.622
8.849	0.080	0.071	0.547	1.01	1.12	-2.35	-58.73	-79.86	-4.30	45545	0.066	0.052	0.513	0.012	0.013	0.622
8.859	0.087	0.061	0.547	0.47	1.93	-2.40	-60.74	-90.07	-5.10	45584	0.068	0.053	0.513	0.013	0.014	0.621
8.869	0.081	0.070	0.546	-0.17	2.90	-2.46	-57.07	-96.08	-6.29	45632	0.070	0.055	0.512	0.013	0.014	0.621
8.875	0.077	0.057	0.544	-0.65	3.87	-2.52	-47.97	-86.79	-7.74	46001	0.071	0.055	0.512	0.013	0.014	0.620
8.889	0.065	0.038	0.544	-0.95	4.73	-2.59	-31.42	-62.22	-8.33	45992	0.071	0.053	0.511	0.013	0.013	0.620
8.899	0.071	0.044	0.544	-1.24	5.19	-2.66	-14.48	-22.27	-9.04	45903	0.072	0.052	0.511	0.013	0.013	0.619
8.911	0.067	0.032	0.543	-1.27	5.29	-2.75	-5.44	18.69	-6.97	45770	0.072	0.050	0.511	0.013	0.012	0.618
8.919	0.070	0.016	0.544	-1.22	4.99	-2.82	-1.50	42.01	-4.76	45461	0.072	0.046	0.510	0.012	0.010	0.618
8.928	0.071	0.016	0.544	-1.20	4.52	-2.87	7.79	54.29	-3.93	45372	0.072	0.042	0.510	0.012	0.009	0.617
8.939	0.070	0.014	0.544	-1.07	3.96	-2.92	21.46	58.96	-4.16	45291	0.072	0.039	0.510	0.012	0.008	0.617
8.950	0.072	0.005	0.544	-0.78	3.39	-2.97	28.26	47.76	-2.62	45239	0.073	0.035	0.510	0.012	0.006	0.616
8.960	0.075	0.000	0.543	-0.45	2.95	-3.01	33.08	35.43	-1.61	45239	0.074	0.030	0.510	0.012	0.005	0.616
8.968	0.086	0.017	0.541	-0.21	2.56	-3.02	37.82	30.28	-0.42	45629	0.076	0.029	0.509	0.012	0.004	0.615
8.976	0.088	0.013	0.541	0.22	2.27	-3.03	41.31	24.63	-1.36	45647	0.078	0.027	0.509	0.013	0.003	0.614
8.989	0.092	0.010	0.541	0.63	2.03	-3.04	39.75	16.67	-1.85	45677	0.080	0.025	0.508	0.013	0.003	0.614
9.000	0.096	0.023	0.540	0.95	1.88	-3.05	37.15	6.45	-1.93	45696	0.083	0.024	0.508	0.014	0.002	0.613
9.010	0.094	0.019	0.538	1.31	1.87	-3.07	26.60	-4.73	-0.46	46120	0.085	0.023	0.507	0.014	0.002	0.612
9.018	0.099	0.037	0.538	1.43	1.91	-3.07	15.32	-7.25	0.15	46180	0.087	0.025	0.507	0.015	0.003	0.612
9.028	0.100	0.037	0.537	1.54	1.96	-3.06	3.10	3.91	0.44	46222	0.090	0.026	0.506	0.015	0.003	0.611
9.042	0.103	0.037	0.537	1.52	1.82	-3.06	-8.85	27.57	-0.43	46230	0.092	0.027	0.506	0.016	0.004	0.610
9.048	0.103	0.037	0.536	1.40	1.47	-3.06	-18.34	46.63	-1.38	46210	0.094	0.028	0.505	0.016	0.004	0.610
9.060	0.111	0.044	0.536	1.14	0.93	-3.06	-28.86	54.53	-1.65	46223	0.097	0.030	0.505	0.017	0.005	0.609
9.068	0.121	0.048	0.536	0.79	0.33	-3.07	-39.55	52.67	-0.35	46182	0.101	0.032	0.505	0.018	0.006	0.608
9.077	0.115	0.033	0.535	0.44	-0.14	-3.06	-47.96	43.10	2.13	46120	0.104	0.032	0.504	0.018	0.006	0.608
9.088	0.119	0.042	0.535	-0.09	-0.53	-3.02	-46.95	24.21	5.59	46020	0.106	0.033	0.504	0.019	0.006	0.607
9.101	0.119	0.028	0.535	-0.48	-0.68	-2.97	-47.39	-1.33	6.01	45944	0.109	0.032	0.504	0.019	0.006	0.606
9.109	0.119	0.028	0.535	-0.92	-0.57	-2.90	-36.34	-27.55	6.90	45862	0.111	0.031	0.503	0.020	0.006	0.606
9.118	0.118	0.012	0.535	-1.15	-0.22	-2.83	-24.41	-47.09	6.51	45749	0.113	0.029	0.503	0.020	0.005	0.605
9.128	0.118	0.015	0.535	-1.38	0.30	-2.75	-12.83	-57.39	8.19	45617	0.115	0.027	0.503	0.020	0.004	0.604
9.143	0.121	0.018	0.535	-1.49	0.86	-2.64	-0.18	-59.10	10.79	45471	0.117	0.026	0.503	0.020	0.004	0.604
9.150	0.123	0.018	0.535	-1.45	1.43	-2.51	11.27	-52.77	12.43	45367	0.119	0.025	0.503	0.020	0.004	0.603
9.160	0.126	0.016	0.535	-1.30	1.89	-2.38	22.83	-40.05	12.28	45286	0.121	0.023	0.503	0.020	0.003	0.603
9.168	0.122	0.011	0.535	-1.01	2.25	-2.25	30.28	-18.12	11.88	45204	0.122	0.022	0.503	0.020	0.003	0.602
9.177	0.135	0.023	0.535	-0.75	2.28	-2.13	40.49	1.59	9.61	45107	0.125	0.022	0.503	0.021	0.003	0.601
9.191	0.134	0.017	0.539	-0.32	2.21	-2.05	40.96	17.31	6.19	44430	0.128	0.021	0.503	0.021	0.002	0.601
9.200	0.137	0.021	0.539	0.07	1.98	-2.00	40.51	29.49	2.04	44350	0.130	0.021	0.504	0.021	0.002	0.601
9.210	0.143	0.022	0.539	0.45	1.60	-1.99	33.93	41.92	-2.91	44275	0.133	0.021	0.504	0.021	0.002	0.600
9.216	0.145	0.015	0.540	0.79	1.15	-2.04	17.26	48.15	-7.01	44181	0.136	0.020	0.505	0.022	0.002	0.600
9.226	0.147	0.014	0.541	0.87	0.64	-2.11	-11.76	52.15	-8.53	43994	0.138	0.019	0.505	0.022	0.002	0.600
9.241	0.149	0.016	0.541	0.64	0.10	-2.18	-40.11	50.15	-5.95	43921	0.141	0.018	0.506	0.022	0.002	0.599
9.249	0.157	0.024	0.542	0.09	-0.42	-2.21	-65.37	42.92	-1.74	43847	0.144	0.019	0.506	0.023	0.002	0.599
9.261	0.157	0.018	0.542	-0.59	-0.81	-2.22	-82.73	29.44	1.65	43779	0.147	0.019	0.507	0.023	0.002	0.599
9.267	0.165	0.033	0.541	-1.54	-1.08	-2.20	-87.01	11.42	2.64	43711	0.151	0.020	0.507	0.024	0.003	0.598
9.280	0.157	0.017	0.542	-2.28	-1.08	-2.18	-77.61	-8.35	2.83	43889	0.153	0.020	0.507	0.024	0.003	0.598
9.286	0.157	0.017	0.542	-3.00	-0.91	-2.15	-59.92	-29.18	1.31	43837	0.155	0.019	0.507	0.024	0.002	0.598
9.300	0.146	0.004	0.543	-3.43	-0.49	-2.12	-36.37	-44.14	-0.29	43791	0.155	0.017	0.507	0.024	0.002	0.597
9.309	0.146	0.003	0.543	-3.71	-0.01	-2.10	-13.05	-53.84	-1.49	43788	0.155	0.015	0.507	0.023	0.001	0.597
9.319	0.149	0.003	0.545	-3.75	0.53	-2.08	15.15	-57.89	-0.15	43610	0.156	0.014	0.508	0.023	0.001	0.597
9.329	0.154	-0.001	0.545	-3.48	1.09	-2.03	43.70	-58.59	2.63	43643	0.157	0.012	0.508	0.022	-0.000	0.597
9.341	0.160	0.001	0.546	-2.98	1.61	-1.97	63.41	-48.55	4.29	43719	0.159	0.010	0.509	0.022	-0.001	0.597
9.345	0.154	0.001	0.546	-2.31	2.09	-1.90	72.07	-36.48	4.46	43801	0.160	0.009	0.509	0.022	-0.001	0.597
9.359	0.166	0.011	0.547	-1.65	2.33	-1.84	72.13	-21.54	4.41	43904	0.163	0.010	0.509	0.022	-0.001	0.596
9.369	0.162	-0.001	0.547	-0.86	2.49	-1.80	70.03	1.22	5.10	43955	0.164	0.008	0.509	0.022	-0.001	0.596
9.378	0.169	0.011	0.547	-0.27	2.38	-1.75	59.52	15.73	1.09	43955	0.166	0.009	0.510	0.022	-0.001	0.596
9.388	0.176	0.020	0.548	0.23	2.17	-1.74	47.02	17.48	-2.57	43957	0.169	0.010	0.510	0.022	-0.001	0.596
9.396	0.178	0.025	0.548	0.60	2.01	-1.77	27.70	10.64	-5.12	43987	0.172	0.012	0.510	0.022	-0.000	0.596
9.409	0.179	0.032	0.549	0.78	1.91	-1.82	11.22	5.86	-5.42	43787	0.174	0.015	0.510	0.022	0.001	0.596
9.420	0.177	0.030	0.550	0.86	1.89	-1.87	-2.66	-0.86	-4.57	43794	0.177	0.017	0.511	0.022	0.002	0.596
9.429	0.177	0.029	0.550	0.80	1.92	-1.93	-17.21	-5.17	-4.82	43781	0.178	0.018	0.511	0.022	0.002	0.596
9.436	0.182	0.034	0.550	0.55	1.97	-1.96	-25.81	-10.71	-3.85	43739	0.181	0.020	0.511	0.022	0.003	0.596
9.448	0.183	0.037	0.550	0.28	2.08	-2.00	-23.44	-13.46	-3.23	43781	0.183	0.022	0.512	0.022	0.003	0.596
9.458	0.187	0.042	0.550	0.04	2.22	-2.03	-17.78	-20.19	-3.54	43748	0.185	0.025	0.512	0.022	0.004	0.596
9.468	0.184	0.040	0.551	-0.09	2.44	-2.07	-9.91	-20.69	-4.35	43721	0.187	0.027	0.512	0.021	0.005	0.596
9.479	0.177	0.027	0.551	-0.08	2.68	-2.14	-2.81	-16.45	-5.98	43701	0.188	0.027	0.512	0.021	0.005	0.596
9.486	0.173	0.022	0.552	-0.06	2.86	-2.21	-3.77	-10.48	-7.44	43691	0.188	0.027	0.512	0.020	0.005	0.596
9.500	0.173	0.022	0.552	-0.10	2.93	-2.28	-3.61	2.78	-7.44	43552	0.188	0.026	0.512	0.019	0.004	0.596
9.509	0.174	0.024	0.553	-0.14	2.82	-2.35	-2.96	20.96	-5.74	43508	0.188	0.026	0.513	0.018	0.004	0.596
9.519	0.174	0.024	0.553	-0.16	2.56	-2.40	1.06	32.46	-3.69	43457	0.189	0.026	0.513	0.017	0.004	0.596
9.527	0.174	0.024	0.553	-0.11	2.22	-2.44	10.20	37.59	-1.83	43434	0.189	0.026	0.513	0.017	0.004	0.596
9.537	0.177	0.022	0.553	0.03	1.82	-2.45	12.81	38.61	-0.28	43520	0.189	0.026	0.513	0.016	0.004	0.596
9.550	0.180	0.018	0.553	0.20	1.41	-2.45	20.42	37.50	1.92	43511	0.190	0.025	0.513	0.015	0.004	0.596
9.553	0.180	0.023	0.554	0.40	1.07	-2.42	26.97	26.44	4.07	43512	0.191	0.025	0.513	0.015	0.003	0.596
9.568	0.197	0.034	0.554	0.59	0.75	-2.36	25.98	10.91	6.12	43536	0.193	0.026	0.513	0.015	0.004	0.596
9.578	0.197	0.029	0.554	0.87	0.70	-2.29	21.93	-5.91	8.90	43704	0.196	0.027	0.513	0.015	0.004	0.596
9.589	0.196	0.034	0.554	1.05	0.83	-2.19	18.29	-21.45	11.22	43746	0.198	0.028	0.513	0.015	0.004	0.596
9.600	0.192	0.033	0.554	1.21	1.11	-2.08	14.29	-29.25	13.22	43784	0.199	0.028	0.513	0.014	0.004	0.597
9.611	0.202	0.040	0.554	1.29	1.34	-1.94	8.74	-29.09	14.06	43834	0.201	0.030	0.513	0.014	0.005	0.597
9.619	0.200	0.039	0.553	1.37	1.62	-1.81	3.77	-22.81	14.75	43910	0.203	0.031	0.513	0.014	0.005	0.597
9.630	0.194	0.037	0.553	1.40	1.89	-1.66	-1.42	-16.43	15.74	44297	0.204	0.032	0.512	0.013	0.005	0.597
9.637	0.189	0.034	0.552	1.38	2.07	-1.51	-6.67	-11.45	16.31	44376	0.205	0.032	0.512	0.013	0.006	0.597
9.646	0.211	0.038	0.552	1.26	2.02	-1.33	-11.30	-8.42	18.50	44437	0.207	0.033	0.512	0.013	0.006	0.597
9.659	0.210	0.041	0.552	1.12	2.11	-1.14	-11.28	-7.33	19.51	44500	0.210	0.034	0.512	0.013	0.006	0.597
9.667	0.214	0.042	0.552	0.99	2.16	-0.95	-9.18	-7.18	19.99	44588	0.213	0.035	0.511	0.013	0.006	0.597
9.678	0.214	0.041	0.552	0.90	2.25	-0.75	-7.01	-8.70	19.72	44642	0.215	0.036	0.511	0.012	0.007	0.597
9.686	0.220	0.040	0.552	0.86	2.29	-0.55	3.38	-7.56	19.31	44685	0.218	0.037	0.511	0.013	0.007	0.597
9.698	0.221	0.041	0.552	0.93	2.36	-0.37	13.46	-4.61	17.36	44724	0.220	0.037	0.511	0.012	0.007	0.598
9.710	0.221	0.041	0.552	1.09	2.40	-0.19	21.53	-3.41	15.09	44678	0.223	0.038	0.511	0.012	0.007	0.598
9.720	0.218	0.038	0.552	1.34	2.44	-0.05	23.60	2.73	13.17	44716	0.224	0.038	0.510	0.012	0.007	0.598
9.729	0.219	0.034	0.552	1.58	2.39	0.07	16.82	11.87	10.69	44758	0.226	0.038	0.510	0.011	0.007	0.598
9.738	0.219	0.034	0.551	1.70	2.24	0.18	4.99	21.23	9.53	44818	0.228	0.037	0.510	0.011	0.007	0.598
9.746	0.219	0.034	0.551	1.70	2.00	0.27	-6.41	30.52	8.06	44874	0.229	0.037	0.510	0.010	0.006	0.598
9.753	0.220	0.035	0.551	1.60	1.67	0.36	-12.55	35.44	6.36	44917	0.230	0.037	0.510	0.010	0.006	0.598
9.769	0.223	0.037	0.551	1.47	1.27	0.43	-12.69	41.47	5.99	44947	0.231	0.037	0.510	0.009	0.006	0.599
9.780	0.223	0.037	0.550	1.34	0.83	0.50	-11.84	51.57	4.74	44938	0.233	0.037	0.509	0.009	0.006	0.599
9.789	0.228	0.037	0.550	1.23	0.25	0.56	-10.11	56.99	4.33	44885	0.234	0.037	0.509	0.008	0.006	0.599
9.795	0.229	0.038	0.551	1.15	-0.32	0.62	-1.50	52.53	5.53	44709	0.236	0.037	0.509	0.008	0.006	0.599
9.803	0.229	0.037	0.550	1.16	-0.80	0.68	5.88	41.34	4.49	44715	0.237	0.037	0.509	0.008	0.006	0.599
9.820	0.231	0.036	0.550	1.26	-1.19	0.73	13.98	27.59	3.61	44741	0.238	0.036	0.509	0.007	0.006	0.599
9.830	0.232	0.036	0.550	1.41	-1.42	0.76	15.65	16.03	1.92	44762	0.240	0.036	0.509	0.007	0.006	0.599
9.837	0.232	0.036	0.549	1.56	-1.54	0.78	11.06	4.82	2.02	44951	0.241	0.036	0.508	0.006	0.006	0.599
9.848	0.232	0.036	0.549	1.64	-1.55	0.81	0.21	-7.53	3.27	44979	0.242	0.036	0.508	0.006	0.006	0.599
9.856	0.232	0.036	0.549	1.59	-1.42	0.84	-13.93	-21.73	5.30	44991	0.243	0.036	0.508	0.005	0.006	0.600
9.869	0.233	0.035	0.548	1.42	-1.16	0.90	-24.07	-32.01	7.15	45005	0.243	0.035	0.508	0.005	0.006	0.600
9.880	0.231	0.036	0.548	1.14	-0.79	0.97	-34.53	-42.17	9.05	44990	0.244	0.035	0.507	0.004	0.006	0.600
9.889	0.234	0.033	0.548	0.77	-0.36	1.06	-43.56	-49.42	11.65	44982	0.245	0.035	0.507	0.003	0.006	0.600
9.897	0.229	0.035	0.548	0.30	0.19	1.18	-49.13	-51.61	15.19	44990	0.245	0.034	0.507	0.003	0.006	0.600
9.906	0.224	0.038	0.547	-0.22	0.75	1.35	-51.13	-49.89	18.45	45010	0.245	0.035	0.507	0.002	0.006	0.600
9.920	0.227	0.028	0.547	-0.66	1.19	1.54	-48.41	-41.73	21.38	45027	0.245	0.034	0.507	0.001	0.006	0.600
9.930	0.226	0.034	0.546	-1.18	1.57	1.78	-40.78	-27.28	25.09	45112	0.244	0.033	0.506	-0.000	0.006	0.600
9.940	0.219	0.015	0.546	-1.40	1.83	2.03	-22.48	-8.42	26.06	45157	0.244	0.031	0.506	-0.002	0.005	0.600
9.947	0.219	0.019	0.546	-1.59	1.82	2.29	-3.68	14.75	23.62	45201	0.243	0.029	0.506	-0.003	0.004	0.600
9.957	0.224	0.012	0.546	-1.52	1.56	2.51	13.85	32.64	21.03	45251	0.242	0.027	0.505	-0.004	0.004	0.600
9.967	0.227	0.014	0.546	-1.36	1.15	2.70	28.48	50.08	16.94	45167	0.242	0.025	0.505	-0.005	0.003	0.600
9.978	0.227	0.013	0.546	-1.04	0.60	2.84	36.37	61.60	12.80	45260	0.242	0.023	0.505	-0.005	0.003	0.600
9.988	0.228	0.006	0.546	-0.61	-0.05	2.94	40.39	64.99	8.78	45362	0.243	0.021	0.505	-0.006	0.002	0.600
9.999	0.228	0.005	0.545	-0.22	-0.68	3.02	33.75	60.75	7.84	45446	0.243	0.019	0.505	-0.007	0.001	0.601
10.005	0.233	0.017	0.545	-0.02	-1.29	3.10	21.30	49.23	8.82	45458	0.243	0.018	0.505	-0.007	0.001	0.601
10.021	0.224	0.014	0.545	0.16	-1.67	3.20	6.05	34.93	9.41	45374	0.242	0.017	0.505	-0.008	0.001	0.601
10.028	0.224	0.014	0.545	0.16	-1.96	3.29	-11.12	18.18	9.22	45336	0.242	0.017	0.505	-0.009	0.001	0.601
10.039	0.223	0.018	0.544	-0.03	-2.07	3.38	-27.50	-0.42	8.95	45279	0.241	0.017	0.504	-0.010	0.001	0.601
10.048	0.224	0.025	0.544	-0.40	-2.01	3.47	-37.29	-16.12	9.99	45185	0.240	0.017	0.504	-0.011	0.001	0.601
10.059	0.222	0.009	0.543	-0.68	-1.78	3.57	-42.55	-29.16	11.33	45184	0.240	0.016	0.504	-0.011	0.001	0.601
10.069	0.221	0.016	0.543	-1.18	-1.44	3.70	-45.71	-42.92	12.58	45019	0.239	0.016	0.504	-0.012	0.001	0.601
10.078	0.218	0.024	0.543	-1.69	-0.93	3.85	-43.20	-58.87	15.40	44874	0.238	0.017	0.504	-0.013	0.001	0.601
10.089	0.215	0.011	0.543	-1.99	-0.29	4.03	-35.50	-67.74	18.33	44785	0.237	0.016	0.503	-0.014	0.001	0.601
10.098	0.218	0.005	0.542	-2.25	0.37	4.25	-17.84	-67.97	21.72	44695	0.236	0.014	0.503	-0.015	0.001	0.601
10.107	0.217	-0.005	0.542	-2.28	1.04	4.50	7.04	-62.69	23.64	44656	0.235	0.011	0.503	-0.016	-0.000	0.601
10.119	0.215	-0.010	0.542	-2.10	1.63	4.76	30.08	-51.51	23.93	44548	0.235	0.009	0.503	-0.017	-0.001	0.601
10.128	0.223	-0.016	0.542	-1.71	2.03	5.00	43.03	-37.09	21.15	44421	0.235	0.005	0.503	-0.018	-0.002	0.601
10.138	0.223	-0.024	0.543	-1.21	2.34	5.21	47.65	-17.87	18.05	44293	0.235	0.002	0.503	-0.018	-0.004	0.601
10.150	0.215	-0.013	0.543	-0.85	2.51	5.38	40.91	-2.41	13.33	44062	0.234	-0.000	0.503	-0.019	-0.004	0.601
10.157	0.226	-0.015	0.544	-0.48	2.41	5.50	26.67	7.48	9.02	43952	0.235	-0.002	0.503	-0.019	-0.005	0.601
10.164	0.232	-0.019	0.544	-0.27	2.27	5.58	4.03	15.28	5.82	43878	0.236	-0.005	0.503	-0.019	-0.006	0.601
10.179	0.234	-0.019	0.544	-0.31	2.09	5.62	-18.22	17.69	1.94	43821	0.237	-0.007	0.503	-0.020	-0.006	0.601
10.187	0.235	-0.014	0.544	-0.61	1.90	5.63	-36.11	17.49	-0.51	43764	0.239	-0.008	0.503	-0.020	-0.006	0.601
10.199	0.234	-0.006	0.545	-1.08	1.74	5.62	-51.12	13.83	-2.03	43723	0.239	-0.008	0.503	-0.020	-0.006	0.601
10.208	0.236	-0.020	0.545	-1.52	1.61	5.58	-58.01	9.93	-4.06	43711	0.241	-0.010	0.503	-0.020	-0.007	0.602
10.215	0.236	-0.008	0.545	-2.19	1.52	5.54	-56.09	5.56	-5.63	43695	0.242	-0.010	0.503	-0.020	-0.007	0.602
10.228	0.239	-0.019	0.546	-2.63	1.46	5.47	-42.90	3.72	-6.57	43671	0.243	-0.011	0.503	-0.020	-0.007	0.602
10.239	0.237	-0.014	0.546	-3.03	1.43	5.41	-23.26	4.10	-7.28	43589	0.244	-0.012	0.503	-0.020	-0.007	0.602
10.249	0.240	-0.021	0.546	-3.13	1.37	5.33	1.37	4.33	-7.96	43531	0.245	-0.013	0.503	-0.021	-0.007	0.602
10.256	0.242	-0.022	0.547	-3.02	1.32	5.24	24.85	4.13	-9.38	43485	0.246	-0.014	0.503	-0.021	-0.008	0.603
10.267	0.240	-0.015	0.547	-2.76	1.29	5.14	42.47	5.94	-11.25	43454	0.247	-0.014	0.504	-0.021	-0.008	0.603
10.275	0.242	-0.023	0.547	-2.23	1.22	5.02	52.64	8.21	-12.45	43433	0.248	-0.016	0.504	-0.021	-0.008	0.603
10.288	0.247	-0.055	0.548	-1.44	1.11	4.87	56.86	8.97	-13.25	43417	0.249	-0.020	0.504	-0.021	-0.010	0.604
10.300	0.250	-0.065	0.548	-0.80	1.01	4.72	52.45	7.39	-15.00	43408	0.251	-0.026	0.504	-0.021	-0.012	0.604
10.308	0.249	-0.052	0.548	-0.41	0.94	4.57	42.17	3.27	-15.80	43415	0.252	-0.029	0.504	-0.021	-0.013	0.604
10.318	0.250	-0.059	0.548	-0.00	0.92	4.41	22.36	-1.80	-16.84	43441	0.253	-0.033	0.504	-0.021	-0.014	0.605
10.329	0.250	-0.065	0.548	0.18	0.97	4.23	-0.96	-9.48	-17.19	43573	0.255	-0.037	0.504	-0.021	-0.015	0.605
10.337	0.250	-0.066	0.548	0.09	1.09	4.06	-25.26	-15.38	-16.66	43590	0.256	-0.041	0.504	-0.021	-0.017	0.605
10.349	0.253	-0.057	0.549	-0.31	1.23	3.90	-47.97	-17.85	-16.83	43606	0.257	-0.043	0.504	-0.022	-0.017	0.606
10.357	0.250	-0.049	0.549	-0.91	1.42	3.74	-61.91	-14.48	-15.56	43629	0.258	-0.044	0.504	-0.022	-0.017	0.606
10.367	0.252	-0.057	0.548	-1.49	1.54	3.59	-67.84	-10.46	-14.72	43784	0.259	-0.046	0.504	-0.022	-0.018	0.606
10.379	0.250	-0.049	0.548	-2.24	1.66	3.46	-64.80	-8.78	-12.95	43800	0.259	-0.047	0.504	-0.022	-0.018	0.607
10.389	0.252	-0.051	0.549	-2.83	1.72	3.33	-53.80	-3.47	-11.83	43806	0.260	-0.048	0.504	-0.023	-0.018	0.607
10.397	0.248	-0.049	0.549	-3.33	1.76	3.22	-37.28	5.24	-10.81	43806	0.260	-0.048	0.504	-0.023	-0.018	0.607
10.406	0.249	-0.050	0.550	-3.62	1.68	3.11	-17.23	10.49	-9.96	43639	0.261	-0.049	0.504	-0.024	-0.018	0.608
10.419	0.250	-0.048	0.550	-3.74	1.55	3.01	2.40	14.94	-9.40	43620	0.261	-0.049	0.504	-0.024	-0.018	0.608
10.430	0.252	-0.050	0.550	-3.62	1.38	2.90	22.14	19.06	-8.95	43591	0.262	-0.049	0.504	-0.025	-0.018	0.609
10.439	0.256	-0.054	0.550	-3.31	1.16	2.80	37.83	21.36	-8.23	43558	0.262	-0.050	0.504	-0.025	-0.018	0.609
10.451	0.256	-0.044	0.550	-2.97	0.93	2.72	48.72	21.84	-7.79	43544	0.263	-0.049	0.504	-0.025	-0.018	0.610
10.457	0.255	-0.049	0.550	-2.43	0.73	2.62	54.24	21.64	-7.50	43546	0.264	-0.049	0.504	-0.025	-0.017	0.610
10.468	0.254	-0.040	0.550	-1.94	0.52	2.55	56.93	21.86	-7.72	43554	0.264	-0.048	0.504	-0.026	-0.017	0.610
10.479	0.257	-0.049	0.551	-1.30	0.28	2.46	55.06	22.58	-8.23	43538	0.265	-0.048	0.504	-0.026	-0.017	0.611
10.488	0.259	-0.037	0.551	-0.86	0.04	2.38	48.37	20.28	-9.60	43509	0.266	-0.047	0.504	-0.026	-0.016	0.611
10.499	0.260	-0.019	0.549	-0.55	-0.17	2.29	38.11	17.49	-10.00	43766	0.266	-0.043	0.504	-0.026	-0.015	0.612
10.508	0.262	-0.020	0.549	-0.18	-0.35	2.19	29.22	15.26	-10.36	43759	0.267	-0.040	0.504	-0.026	-0.014	0.612
10.516	0.261	-0.008	0.549	-0.02	-0.49	2.09	19.23	11.82	-10.43	43758	0.268	-0.036	0.503	-0.027	-0.012	0.613
10.529	0.263	-0.012	0.550	0.18	-0.60	1.98	10.91	6.86	-9.93	43757	0.269	-0.033	0.503	-0.027	-0.011	0.613
10.538	0.263	-0.012	0.550	0.27	-0.66	1.88	4.77	1.20	-9.79	43652	0.269	-0.030	0.503	-0.027	-0.010	0.614
10.549	0.262	-0.002	0.550	0.24	-0.64	1.79	1.87	-5.14	-9.08	43655	0.270	-0.026	0.503	-0.027	-0.009	0.614
10.558	0.261	0.002	0.550	0.22	-0.56	1.70	0.07	-12.50	-8.89	43658	0.270	-0.023	0.503	-0.028	-0.008	0.615
10.569	0.260	0.005	0.550	0.20	-0.41	1.61	-0.30	-16.93	-8.71	43648	0.270	-0.019	0.503	-0.028	-0.006	0.615
10.575	0.260	0.006	0.550	0.20	-0.23	1.53	-0.59	-19.80	-7.05	43644	0.270	-0.016	0.503	-0.028	-0.005	0.616
10.589	0.262	0.004	0.549	0.22	-0.05	1.47	2.67	-18.82	-5.25	43984	0.271	-0.013	0.503	-0.029	-0.004	0.616
10.597	0.262	0.004	0.549	0.26	0.14	1.42	4.43	-17.85	-3.71	43983	0.271	-0.010	0.502	-0.029	-0.004	0.617
10.609	0.264	0.003	0.549	0.32	0.30	1.38	5.91	-15.66	-3.32	43970	0.272	-0.008	0.502	-0.029	-0.003	0.617
10.617	0.262	0.000	0.549	0.42	0.46	1.35	8.88	-11.64	-2.48	43958	0.272	-0.007	0.502	-0.030	-0.003	0.617
10.629	0.261	-0.003	0.549	0.55	0.56	1.32	12.44	-5.35	-2.09	43781	0.272	-0.006	0.502	-0.030	-0.003	0.618
10.638	0.262	-0.005	0.549	0.71	0.59	1.31	14.78	0.68	-1.27	43770	0.272	-0.005	0.502	-0.030	-0.003	0.619
10.648	0.264	0.002	0.550	0.81	0.55	1.30	15.72	5.97	-0.99	43747	0.272	-0.004	0.501	-0.031	-0.002	0.619
10.658	0.264	0.003	0.550	0.97	0.48	1.29	14.83	7.92	-0.19	43733	0.273	-0.003	0.501	-0.031	-0.002	0.620
10.667	0.265	-0.000	0.549	1.14	0.39	1.29	12.69	9.57	0.14	43729	0.273	-0.002	0.501	-0.031	-0.002	0.620
10.676	0.265	0.021	0.548	1.09	0.28	1.30	10.08	8.82	0.40	43940	0.273	0.001	0.501	-0.032	-0.001	0.621
10.689	0.266	0.018	0.548	1.22	0.19	1.31	7.30	7.18	0.61	43960	0.274	0.004	0.501	-0.032	-0.000	0.621
10.697	0.268	0.016	0.548	1.31	0.12	1.32	5.38	3.91	1.73	43964	0.274	0.006	0.501	-0.032	0.000	0.622
10.709	0.268	0.015	0.548	1.38	0.08	1.34	4.95	2.86	1.67	43979	0.275	0.007	0.500	-0.032	0.001	0.622
10.717	0.267	0.024	0.549	1.37	0.07	1.36	4.94	0.10	-0.06	43811	0.275	0.010	0.500	-0.032	0.002	0.623
10.725	0.266	0.036	0.549	1.32	0.09	1.36	5.42	-4.36	-0.50	43831	0.275	0.013	0.500	-0.033	0.003	0.623
10.739	0.266	0.034	0.549	1.40	0.15	1.35	6.28	-9.26	-1.07	43845	0.275	0.016	0.500	-0.033	0.004	0.624
10.747	0.266	0.035	0.549	1.47	0.25	1.34	8.78	-10.22	-1.41	43879	0.275	0.019	0.500	-0.033	0.004	0.625
10.758	0.265	0.033	0.549	1.58	0.38	1.32	9.06	-11.93	-1.89	43861	0.275	0.021	0.500	-0.034	0.005	0.625
10.769	0.265	0.034	0.549	1.69	0.50	1.30	10.42	-11.90	-1.80	43884	0.275	0.023	0.500	-0.034	0.005	0.626
10.777	0.263	0.049	0.549	1.68	0.62	1.28	11.64	-8.48	-2.39	43920	0.275	0.027	0.500	-0.035	0.007	0.626
10.788	0.268	0.048	0.549	1.81	0.65	1.25	11.18	-5.13	-2.87	43965	0.275	0.030	0.500	-0.035	0.007	0.627
10.797	0.268	0.048	0.549	1.92	0.69	1.21	8.74	-0.55	-3.82	44005	0.275	0.033	0.500	-0.035	0.008	0.628
10.807	0.268	0.049	0.550	2.00	0.67	1.17	7.05	2.77	-3.97	43891	0.276	0.035	0.500	-0.035	0.009	0.628
10.822	0.269	0.045	0.550	2.11	0.62	1.13	6.24	7.02	-4.56	43903	0.276	0.037	0.500	-0.035	0.009	0.629
10.828	0.269	0.046	0.550	2.17	0.54	1.09	6.20	9.36	-5.00	43921	0.276	0.038	0.500	-0.036	0.010	0.629
10.842	0.266	0.044	0.549	2.25	0.46	1.04	5.59	10.64	-5.12	43942	0.276	0.040	0.500	-0.036	0.010	0.630
10.848	0.265	0.042	0.549	2.32	0.35	0.99	4.52	10.28	-5.95	43985	0.276	0.040	0.500	-0.036	0.010	0.631
10.858	0.266	0.040	0.549	2.39	0.24	0.94	4.46	10.42	-5.09	44003	0.276	0.041	0.500	-0.037	0.010	0.631
10.868	0.266	0.041	0.549	2.43	0.14	0.89	1.90	8.05	-5.17	44031	0.275	0.041	0.500	-0.037	0.010	0.632
10.876	0.266	0.041	0.549	2.44	0.07	0.84	0.07	5.13	-5.52	44071	0.275	0.042	0.500	-0.037	0.010	0.632
10.884	0.265	0.042	0.549	2.43	0.03	0.78	-3.92	3.45	-6.43	44114	0.275	0.042	0.499	-0.038	0.010	0.633
10.894	0.265	0.042	0.549	2.38	-0.00	0.72	-6.34	1.50	-6.22	44112	0.275	0.042	0.499	-0.038	0.009	0.634
10.909	0.265	0.043	0.548	2.31	-0.02	0.67	-8.95	0.92	-4.94	44140	0.275	0.043	0.499	-0.038	0.009	0.634
10.918	0.267	0.045	0.548	2.19	-0.04	0.61	-11.41	-0.17	-5.15	44163	0.275	0.043	0.499	-0.038	0.009	0.635
10.925	0.265	0.046	0.548	2.07	-0.02	0.56	-11.90	-1.06	-5.00	44196	0.275	0.044	0.499	-0.039	0.010	0.635
10.942	0.265	0.052	0.548	1.91	-0.01	0.51	-11.08	-2.83	-3.95	44211	0.274	0.045	0.499	-0.039	0.010	0.636
10.948	0.265	0.052	0.548	1.80	0.02	0.47	-10.62	-3.21	-4.08	44219	0.274	0.046	0.499	-0.039	0.010	0.636
10.959	0.264	0.056	0.547	1.67	0.05	0.43	-8.50	-2.81	-4.10	44231	0.274	0.047	0.498	-0.039	0.011	0.637
10.968	0.264	0.056	0.547	1.59	0.08	0.39	-6.43	-2.19	-4.28	44235	0.274	0.049	0.498	-0.040	0.011	0.637
10.976	0.264	0.060	0.546	1.51	0.10	0.34	-4.90	-1.93	-4.14	44317	0.273	0.050	0.498	-0.040	0.011	0.638
10.989	0.265	0.060	0.546	1.46	0.10	0.30	-2.41	-0.55	-3.41	44319	0.273	0.052	0.498	-0.040	0.012	0.638
10.992	0.265	0.063	0.546	1.43	0.11	0.27	-0.75	-0.59	-3.44	44328	0.273	0.053	0.497	-0.040	0.012	0.639
11.007	0.264	0.063	0.546	1.42	0.12	0.23	-0.45	-0.12	-3.52	44342	0.273	0.054	0.497	-0.041	0.012	0.639
11.017	0.264	0.063	0.545	1.42	0.12	0.20	1.73	1.95	-3.68	44350	0.273	0.056	0.497	-0.041	0.013	0.640
11.026	0.264	0.064	0.545	1.44	0.09	0.16	0.35	3.80	-3.54	44471	0.272	0.057	0.497	-0.041	0.013	0.640
11.037	0.266	0.063	0.544	1.45	0.03	0.13	-0.15	5.95	-3.43	44487	0.272	0.058	0.496	-0.041	0.013	0.641
11.046	0.265	0.064	0.544	1.44	-0.04	0.10	-1.41	7.40	-2.88	44507	0.272	0.059	0.496	-0.041	0.013	0.641
11.058	0.265	0.064	0.544	1.42	-0.11	0.07	-3.89	7.04	-2.50	44525	0.272	0.059	0.496	-0.042	0.014	0.642
11.072	0.269	0.067	0.543	1.36	-0.21	0.05	-5.32	5.42	-2.50	44674	0.273	0.060	0.495	-0.042	0.014	0.642
11.080	0.260	0.055	0.542	1.40	-0.19	0.03	-6.91	3.66	-2.79	44698	0.272	0.060	0.495	-0.042	0.014	0.642
11.089	0.260	0.047	0.542	1.39	-0.23	0.00	-6.01	2.15	-2.74	44705	0.271	0.058	0.495	-0.042	0.013	0.643
11.093	0.260	0.046	0.542	1.33	-0.25	-0.03	-6.49	0.45	-2.85	44717	0.270	0.057	0.494	-0.043	0.012	0.643
11.108	0.259	0.047	0.539	1.25	-0.23	-0.05	-8.40	-2.26	-2.64	44740	0.270	0.056	0.493	-0.043	0.012	0.643
11.119	0.259	0.050	0.539	1.14	-0.22	-0.08	-9.66	-3.06	-2.86	45160	0.269	0.055	0.493	-0.043	0.012	0.644
11.127	0.259	0.050	0.538	1.04	-0.19	-0.11	-11.16	-2.31	-3.11	45171	0.268	0.054	0.492	-0.043	0.011	0.644
11.134	0.258	0.040	0.538	1.00	-0.17	-0.14	-12.07	-2.27	-3.09	45175	0.268	0.052	0.492	-0.044	0.011	0.644
11.146	0.257	0.028	0.538	0.96	-0.13	-0.17	-12.84	-1.23	-3.07	45186	0.267	0.049	0.491	-0.044	0.009	0.645
11.158	0.257	0.031	0.537	0.81	-0.13	-0.21	-12.87	0.07	-3.42	45218	0.266	0.047	0.491	-0.044	0.009	0.645
11.167	0.258	0.037	0.536	0.63	-0.14	-0.25	-13.25	0.77	-3.56	45211	0.266	0.046	0.490	-0.044	0.008	0.645
11.175	0.258	0.056	0.536	0.35	-0.16	-0.29	-13.73	2.02	-3.37	45196	0.266	0.047	0.490	-0.045	0.009	0.645
11.184	0.259	0.059	0.536	0.18	-0.18	-0.32	-14.21	2.82	-3.31	45193	0.265	0.048	0.490	-0.045	0.009	0.646
11.195	0.262	0.065	0.536	0.00	-0.24	-0.36	-12.39	3.83	-2.91	45097	0.265	0.050	0.489	-0.045	0.010	0.646
11.208	0.262	0.068	0.535	-0.14	-0.28	-0.39	-9.07	4.11	-2.48	45078	0.265	0.052	0.489	-0.045	0.011	0.646
11.220	0.259	0.042	0.535	-0.03	-0.29	-0.40	-4.89	2.96	-1.83	45054	0.265	0.051	0.489	-0.045	0.010	0.646
11.227	0.258	0.042	0.535	-0.07	-0.31	-0.42	0.07	1.50	-1.94	45039	0.265	0.050	0.489	-0.045	0.010	0.647
11.235	0.259	0.043	0.534	-0.07	-0.33	-0.44	3.11	-0.55	-1.67	45020	0.264	0.049	0.488	-0.045	0.009	0.647
11.252	0.259	0.043	0.534	-0.03	-0.32	-0.46	3.82	-1.69	-1.65	45110	0.264	0.048	0.488	-0.045	0.009	0.647
11.260	0.258	0.043	0.533	-0.00	-0.31	-0.48	3.05	-2.16	-1.66	45079	0.264	0.047	0.488	-0.045	0.009	0.647
11.268	0.258	0.044	0.533	0.02	-0.28	-0.49	0.94	-0.44	-1.45	45046	0.264	0.046	0.487	-0.045	0.009	0.648
11.278	0.258	0.046	0.533	0.00	-0.28	-0.51	-2.09	-0.47	-2.16	45020	0.263	0.046	0.487	-0.045	0.009	0.648
11.285	0.258	0.045	0.535	-0.03	-0.28	-0.53	-4.32	0.62	-1.05	44545	0.263	0.046	0.487	-0.045	0.009	0.648
11.298	0.258	0.045	0.535	-0.07	-0.29	-0.54	-6.33	2.38	-0.90	44509	0.263	0.046	0.488	-0.045	0.008	0.649
11.308	0.258	0.037	0.535	-0.08	-0.31	-0.55	-7.84	2.39	-1.86	44465	0.263	0.044	0.488	-0.045	0.008	0.649
11.319	0.253	0.025	0.535	-0.07	-0.29	-0.56	-8.70	1.99	-1.38	44423	0.262	0.042	0.488	-0.045	0.007	0.649
11.326	0.251	0.026	0.534	-0.17	-0.30	-0.57	-8.58	1.60	-1.59	44389	0.261	0.040	0.488	-0.046	0.006	0.650
11.339	0.252	0.029	0.534	-0.28	-0.32	-0.59	-8.71	0.80	-2.04	44476	0.260	0.038	0.488	-0.046	0.006	0.650
11.347	0.252	0.033	0.534	-0.40	-0.32	-0.61	-8.56	0.25	-2.20	44454	0.259	0.037	0.488	-0.046	0.006	0.650
11.359	0.250	0.034	0.534	-0.50	-0.32	-0.63	-8.89	-0.07	-2.11	44429	0.258	0.037	0.488	-0.046	0.005	0.650
11.369	0.249	0.038	0.534	-0.62	-0.31	-0.66	-7.76	0.79	-2.22	44397	0.257	0.037	0.488	-0.046	0.006	0.651
11.378	0.249	0.038	0.533	-0.69	-0.32	-0.68	-6.80	0.14	-2.36	44427	0.257	0.037	0.487	-0.046	0.006	0.651
11.383	0.249	0.038	0.533	-0.76	-0.32	-0.70	-5.26	0.05	-2.33	44402	0.256	0.036	0.487	-0.047	0.006	0.651
11.399	0.245	0.003	0.533	-0.56	-0.29	-0.71	-4.03	-0.20	-2.24	44385	0.255	0.032	0.487	-0.047	0.004	0.651
11.409	0.245	0.002	0.533	-0.59	-0.29	-0.73	-2.23	0.23	-2.43	44362	0.254	0.028	0.487	-0.047	0.003	0.651
11.416	0.245	0.004	0.534	-0.63	-0.30	-0.76	-2.35	1.25	-2.48	44288	0.253	0.025	0.487	-0.047	0.002	0.652
11.427	0.249	0.008	0.534	-0.70	-0.34	-0.79	-4.17	2.93	-2.31	44272	0.252	0.022	0.487	-0.047	0.001	0.652
11.439	0.248	0.007	0.534	-0.74	-0.37	-0.81	-6.48	3.73	-2.21	44248	0.252	0.020	0.487	-0.047	0.000	0.652
11.449	0.248	0.006	0.534	-0.81	-0.41	-0.84	-8.30	4.08	-2.99	44230	0.252	0.018	0.487	-0.047	-0.000	0.652
11.453	0.239	-0.015	0.534	-0.75	-0.39	-0.85	-8.89	4.82	-2.94	44226	0.250	0.014	0.487	-0.047	-0.002	0.653
11.467	0.239	-0.017	0.532	-0.84	-0.44	-0.88	-9.16	3.51	-3.13	44404	0.249	0.010	0.487	-0.048	-0.003	0.653
11.478	0.239	-0.014	0.532	-0.97	-0.48	-0.92	-9.92	1.93	-2.78	44399	0.248	0.006	0.487	-0.048	-0.004	0.653
11.486	0.239	-0.015	0.532	-1.07	-0.48	-0.95	-10.72	0.47	-3.20	44390	0.246	0.003	0.487	-0.048	-0.005	0.653
11.494	0.241	-0.010	0.532	-1.21	-0.50	-0.99	-10.40	0.06	-3.23	44367	0.246	0.001	0.487	-0.048	-0.006	0.653
11.506	0.241	-0.010	0.533	-1.33	-0.50	-1.02	-11.00	-1.31	-3.47	44310	0.245	-0.001	0.487	-0.048	-0.006	0.654
11.518	0.233	-0.031	0.533	-1.29	-0.43	-1.04	-9.97	-1.98	-3.39	44315	0.243	-0.005	0.487	-0.048	-0.008	0.654
11.528	0.232	-0.032	0.533	-1.38	-0.41	-1.08	-7.85	-1.94	-3.66	44305	0.242	-0.008	0.486	-0.049	-0.009	0.654
11.538	0.232	-0.029	0.533	-1.49	-0.39	-1.11	-6.68	-0.82	-3.42	44284	0.241	-0.011	0.486	-0.049	-0.010	0.654
11.548	0.232	-0.030	0.533	-1.55	-0.38	-1.15	-6.49	-0.63	-3.14	44266	0.240	-0.014	0.486	-0.049	-0.010	0.655
11.558	0.232	-0.026	0.533	-1.65	-0.38	-1.18	-6.31	1.20	-2.90	44217	0.238	-0.016	0.486	-0.049	-0.011	0.655
11.568	0.231	-0.025	0.533	-1.73	-0.40	-1.21	-5.32	2.74	-2.90	44212	0.237	-0.018	0.486	-0.049	-0.011	0.655
11.578	0.233	-0.024	0.533	-1.79	-0.44	-1.24	-5.90	2.54	-2.81	44207	0.237	-0.019	0.486	-0.049	-0.011	0.655
11.587	0.232	-0.024	0.533	-1.85	-0.47	-1.27	-4.28	3.62	-2.60	44207	0.236	-0.020	0.486	-0.049	-0.011	0.656
11.595	0.226	-0.041	0.533	-1.77	-0.46	-1.29	-3.02	3.83	-2.82	44112	0.234	-0.023	0.487	-0.049	-0.012	0.656
11.607	0.225	-0.044	0.533	-1.79	-0.50	-1.32	-1.49	4.22	-2.54	44108	0.233	-0.026	0.487	-0.049	-0.013	0.656
11.618	0.224	-0.048	0.533	-1.78	-0.53	-1.34	-1.70	3.50	-2.01	44103	0.232	-0.029	0.487	-0.049	-0.014	0.656
11.626	0.224	-0.048	0.533	-1.80	-0.56	-1.36	-1.55	3.52	-1.66	44090	0.230	-0.032	0.487	-0.049	-0.015	0.657
11.637	0.221	-0.048	0.532	-1.83	-0.58	-1.38	-2.51	2.63	-1.69	44356	0.229	-0.034	0.487	-0.050	-0.015	0.657
11.647	0.221	-0.049	0.532	-1.85	-0.61	-1.40	-3.27	2.73	-1.85	44360	0.228	-0.036	0.486	-0.050	-0.016	0.657
11.658	0.218	-0.048	0.532	-1.90	-0.61	-1.41	-4.42	2.21	-1.55	44367	0.226	-0.038	0.486	-0.050	-0.016	0.657
11.666	0.217	-0.047	0.532	-1.96	-0.63	-1.43	-4.08	2.99	-1.56	44367	0.225	-0.040	0.486	-0.050	-0.017	0.657
11.679	0.216	-0.046	0.533	-2.01	-0.65	-1.45	-3.93	2.48	-1.45	44365	0.223	-0.041	0.486	-0.050	-0.017	0.658
11.686	0.216	-0.047	0.533	-2.04	-0.68	-1.46	-2.59	2.11	-1.36	44185	0.222	-0.042	0.486	-0.050	-0.017	0.658
11.698	0.216	-0.043	0.533	-2.10	-0.70	-1.48	-1.83	2.44	-1.42	44187	0.221	-0.043	0.486	-0.050	-0.017	0.658
11.706	0.215	-0.044	0.533	-2.11	-0.72	-1.49	0.33	1.88	-1.15	44185	0.220	-0.043	0.486	-0.050	-0.017	0.658
11.712	0.214	-0.044	0.533	-2.10	-0.74	-1.51	2.57	1.80	-1.06	44172	0.218	-0.044	0.486	-0.050	-0.017	0.659
11.727	0.213	-0.044	0.532	-2.07	-0.75	-1.52	4.60	2.15	-1.27	44396	0.217	-0.044	0.486	-0.050	-0.017	0.659
11.738	0.213	-0.046	0.532	-2.01	-0.77	-1.53	7.04	2.54	-0.64	44395	0.216	-0.045	0.486	-0.050	-0.017	0.659
11.746	0.215	-0.047	0.531	-1.93	-0.81	-1.54	8.54	1.50	-0.73	44395	0.215	-0.045	0.486	-0.050	-0.017	0.659
11.763	0.212	-0.050	0.531	-1.83	-0.81	-1.55	9.04	1.70	-1.24	44404	0.215	-0.046	0.486	-0.050	-0.017	0.659
11.768	0.213	-0.054	0.531	-1.70	-0.83	-1.56	9.54	1.38	-1.54	44431	0.214	-0.047	0.485	-0.049	-0.017	0.659
11.777	0.205	-0.058	0.531	-1.58	-0.79	-1.57	10.34	0.33	-1.62	44418	0.212	-0.049	0.485	-0.049	-0.018	0.660
11.788	0.205	-0.060	0.531	-1.46	-0.80	-1.58	9.42	-0.13	-1.20	44416	0.211	-0.050	0.485	-0.049	-0.018	0.660
11.797	0.204	-0.064	0.531	-1.35	-0.79	-1.59	7.28	0.10	-1.35	44419	0.209	-0.052	0.485	-0.049	-0.018	0.660
11.810	0.204	-0.064	0.531	-1.28	-0.78	-1.61	5.16	0.06	-1.54	44424	0.208	-0.054	0.485	-0.049	-0.019	0.660
11.815	0.210	-0.036	0.532	-1.45	-0.83	-1.64	2.63	0.86	-1.17	44240	0.207	-0.052	0.485	-0.049	-0.018	0.660
11.828	0.209	-0.036	0.532	-1.43	-0.83	-1.65	0.41	1.06	-1.10	44228	0.207	-0.050	0.485	-0.049	-0.017	0.661
11.838	0.209	-0.036	0.532	-1.43	-0.84	-1.66	-1.32	0.82	-0.94	44223	0.207	-0.048	0.485	-0.048	-0.016	0.661
11.847	0.209	-0.039	0.532	-1.42	-0.85	-1.67	0.28	0.33	-1.04	44203	0.206	-0.047	0.485	-0.048	-0.016	0.661
11.857	0.209	-0.039	0.531	-1.41	-0.85	-1.68	2.86	-0.08	-0.83	44248	0.206	-0.046	0.485	-0.048	-0.015	0.661
11.868	0.209	-0.040	0.531	-1.35	-0.85	-1.68	6.25	-1.36	-0.43	44242	0.205	-0.046	0.485	-0.047	-0.015	0.662
11.878	0.207	-0.038	0.531	-1.29	-0.82	-1.69	9.96	-2.05	-0.84	44244	0.205	-0.045	0.485	-0.047	-0.015	0.662
11.889	0.218	-0.017	0.531	-1.34	-0.87	-1.71	13.30	-2.78	-0.55	44249	0.206	-0.041	0.485	-0.046	-0.013	0.662
11.898	0.216	-0.020	0.531	-1.17	-0.82	-1.71	14.94	-4.11	-0.66	44225	0.206	-0.039	0.485	-0.045	-0.012	0.662
11.905	0.215	-0.023	0.531	-0.98	-0.77	-1.72	17.78	-4.51	-0.63	44227	0.206	-0.037	0.485	-0.045	-0.012	0.662
11.912	0.218	-0.003	0.531	-0.95	-0.75	-1.74	18.31	-5.09	-0.51	44225	0.207	-0.032	0.485	-0.044	-0.010	0.663
11.928	0.217	-0.007	0.531	-0.73	-0.69	-1.74	18.26	-5.82	-0.46	44216	0.208	-0.029	0.485	-0.043	-0.009	0.663
11.935	0.215	-0.012	0.531	-0.50	-0.61	-1.74	18.86	-6.24	-0.34	44216	0.208	-0.027	0.485	-0.042	-0.008	0.663
11.948	0.219	0.007	0.532	-0.44	-0.57	-1.75	19.43	-6.22	-0.04	43998	0.208	-0.022	0.485	-0.042	-0.006	0.663
11.955	0.217	0.003	0.532	-0.22	-0.49	-1.75	18.83	-6.80	-0.23	43978	0.209	-0.019	0.485	-0.041	-0.005	0.663
11.971	0.218	0.008	0.532	-0.06	-0.43	-1.75	18.17	-5.94	-0.38	43971	0.209	-0.015	0.485	-0.040	-0.004	0.664
11.980	0.217	0.016	0.532	0.06	-0.37	-1.76	17.95	-5.39	-0.54	43972	0.209	-0.011	0.485	-0.040	-0.003	0.664
11.988	0.218	0.011	0.532	0.28	-0.32	-1.76	16.85	-5.44	-0.40	44078	0.210	-0.008	0.485	-0.039	-0.002	0.664
11.999	0.221	0.032	0.532	0.30	-0.29	-1.78	16.14	-4.23	-0.56	44094	0.210	-0.003	0.485	-0.039	0.000	0.664
12.008	0.221	0.034	0.532	0.46	-0.25	-1.79	15.76	-3.78	-0.42	44104	0.211	0.002	0.485	-0.038	0.002	0.665
12.019	0.219	0.027	0.532	0.67	-0.20	-1.79	15.47	-2.68	-0.35	44108	0.211	0.006	0.485	-0.037	0.003	0.665
12.028	0.219	0.041	0.532	0.74	-0.17	-1.80	16.36	-2.88	-0.05	44125	0.211	0.011	0.485	-0.037	0.004	0.665
12.038	0.221	0.044	0.531	0.89	-0.17	-1.80	15.96	-2.23	0.40	44279	0.212	0.015	0.485	-0.036	0.006	0.665
12.049	0.221	0.040	0.531	1.08	-0.14	-1.79	15.83	-1.89	0.29	44289	0.212	0.019	0.485	-0.035	0.007	0.665
12.056	0.221	0.041	0.531	1.25	-0.12	-1.79	16.17	-3.02	0.53	44305	0.213	0.022	0.485	-0.035	0.008	0.666
12.075	0.223	0.059	0.531	1.28	-0.10	-1.79	16.57	-3.29	0.67	44341	0.213	0.028	0.485	-0.034	0.009	0.666
12.080	0.223	0.054	0.530	1.50	-0.06	-1.78	16.70	-3.76	0.70	44420	0.214	0.031	0.484	-0.034	0.010	0.666
12.088	0.223	0.055	0.530	1.67	-0.02	-1.78	17.29	-3.94	0.62	44429	0.214	0.035	0.484	-0.033	0.011	0.666
12.098	0.224	0.071	0.530	1.73	0.01	-1.78	17.37	-3.25	0.77	44448	0.215	0.040	0.484	-0.032	0.013	0.666
12.107	0.224	0.070	0.530	1.92	0.06	-1.77	16.79	-4.45	0.77	44454	0.215	0.045	0.484	-0.032	0.014	0.666
12.114	0.223	0.066	0.529	2.13	0.11	-1.76	15.84	-4.79	0.73	44464	0.216	0.048	0.484	-0.031	0.015	0.666
12.123	0.221	0.063	0.529	2.31	0.17	-1.75	14.16	-3.70	0.73	44631	0.216	0.051	0.483	-0.031	0.015	0.667
12.137	0.221	0.057	0.529	2.51	0.21	-1.74	13.69	-3.67	1.19	44649	0.216	0.052	0.483	-0.030	0.016	0.667
12.148	0.220	0.054	0.529	2.67	0.25	-1.73	11.51	-2.98	1.43	44656	0.216	0.053	0.483	-0.030	0.016	0.667
12.156	0.220	0.065	0.528	2.70	0.27	-1.72	8.49	-1.81	1.86	44667	0.216	0.055	0.483	-0.030	0.016	0.667
12.170	0.219	0.064	0.529	2.78	0.29	-1.70	4.48	0.55	1.57	44555	0.216	0.057	0.483	-0.029	0.016	0.667
12.178	0.217	0.062	0.529	2.83	0.30	-1.68	1.12	1.63	1.86	44569	0.215	0.058	0.483	-0.029	0.016	0.667
12.187	0.217	0.063	0.529	2.83	0.28	-1.67	-1.41	2.64	1.63	44575	0.215	0.059	0.483	-0.029	0.016	0.667
12.199	0.215	0.063	0.528	2.81	0.27	-1.65	-3.54	3.54	1.44	44587	0.214	0.060	0.483	-0.029	0.016	0.667
12.207	0.215	0.063	0.529	2.77	0.24	-1.63	-4.70	2.67	1.94	44556	0.214	0.061	0.483	-0.029	0.016	0.668
12.217	0.214	0.064	0.528	2.72	0.22	-1.61	-6.08	2.44	1.47	44546	0.213	0.062	0.482	-0.028	0.016	0.668
12.229	0.214	0.065	0.528	2.66	0.20	-1.59	-5.62	1.57	1.97	44542	0.213	0.063	0.482	-0.028	0.016	0.668
12.237	0.213	0.066	0.528	2.60	0.20	-1.57	-5.31	1.45	1.95	44538	0.212	0.064	0.482	-0.028	0.016	0.668
12.247	0.210	0.067	0.528	2.54	0.20	-1.55	-5.22	0.28	1.98	44540	0.211	0.065	0.482	-0.028	0.017	0.668
12.258	0.209	0.069	0.528	2.48	0.21	-1.53	-5.51	0.43	1.88	44541	0.211	0.066	0.482	-0.028	0.017	0.668
12.266	0.209	0.071	0.528	2.42	0.20	-1.51	-5.41	1.26	1.97	44538	0.210	0.067	0.482	-0.028	0.017	0.668
12.273	0.212	0.071	0.528	2.36	0.17	-1.50	-5.47	2.07	1.72	44534	0.210	0.068	0.482	-0.027	0.017	0.669
12.287	0.212	0.074	0.528	2.29	0.14	-1.48	-5.87	2.64	1.66	44526	0.209	0.069	0.482	-0.027	0.017	0.669
12.297	0.212	0.075	0.528	2.22	0.11	-1.46	-5.52	4.10	1.86	44490	0.209	0.070	0.482	-0.027	0.017	0.669
12.305	0.214	0.076	0.528	2.15	0.05	-1.44	-7.66	4.18	1.90	44477	0.209	0.071	0.482	-0.026	0.017	0.669
12.314	0.219	0.080	0.527	2.06	-0.03	-1.42	-6.28	5.16	2.55	44470	0.210	0.072	0.482	-0.026	0.018	0.669
12.324	0.228	0.084	0.527	1.95	-0.15	-1.40	-6.96	5.89	2.05	44471	0.211	0.074	0.482	-0.025	0.018	0.669
12.337	0.266	0.096	0.527	1.79	-0.50	-1.40	-7.02	4.86	2.85	44493	0.217	0.077	0.482	-0.022	0.019	0.669
12.345	0.268	0.098	0.527	1.71	-0.54	-1.37	-6.41	2.99	2.74	44516	0.223	0.080	0.482	-0.020	0.020	0.669
12.358	0.267	0.100	0.527	1.64	-0.54	-1.35	-5.17	-0.75	2.76	44509	0.228	0.083	0.482	-0.018	0.021	0.669
12.366	0.270	0.102	0.527	1.59	-0.52	-1.32	-2.53	-7.21	2.62	44508	0.233	0.085	0.482	-0.016	0.021	0.669
12.379	0.271	0.102	0.527	1.58	-0.42	-1.30	-1.09	-13.34	2.54	44503	0.237	0.088	0.482	-0.014	0.022	0.669
12.389	0.269	0.103	0.527	1.57	-0.24	-1.27	0.63	-18.33	2.72	44469	0.241	0.090	0.481	-0.013	0.022	0.670
12.399	0.260	0.091	0.527	1.68	0.04	-1.24	2.11	-22.10	2.39	44443	0.243	0.090	0.481	-0.012	0.022	0.670
12.408	0.255	0.078	0.527	1.82	0.31	-1.21	1.42	-24.56	2.39	44425	0.244	0.089	0.481	-0.011	0.022	0.670
12.414	0.256	0.078	0.527	1.83	0.56	-1.19	0.02	-23.32	2.59	44416	0.246	0.088	0.481	-0.010	0.021	0.670
12.429	0.257	0.078	0.525	1.81	0.78	-1.17	-2.42	-20.00	2.93	44670	0.247	0.087	0.481	-0.010	0.021	0.670
12.440	0.256	0.080	0.525	1.76	0.97	-1.14	-6.19	-14.58	2.89	44679	0.248	0.086	0.481	-0.009	0.020	0.670
12.448	0.256	0.080	0.525	1.68	1.09	-1.12	-9.82	-8.96	3.15	44683	0.249	0.086	0.481	-0.009	0.020	0.670
12.458	0.249	0.056	0.525	1.75	1.21	-1.08	-13.19	-2.92	3.34	44699	0.249	0.082	0.480	-0.009	0.018	0.670
12.467	0.249	0.059	0.525	1.58	1.23	-1.05	-15.51	0.82	3.35	44688	0.249	0.079	0.480	-0.009	0.017	0.670
12.480	0.249	0.064	0.525	1.37	1.21	-1.01	-17.52	4.02	3.50	44504	0.249	0.078	0.480	-0.009	0.016	0.670
12.489	0.251	0.069	0.525	1.15	1.15	-0.98	-18.61	6.37	2.92	44512	0.249	0.076	0.480	-0.009	0.016	0.670
12.497	0.243	0.045	0.525	1.15	1.14	-0.94	-18.84	7.67	2.77	44530	0.248	0.073	0.480	-0.009	0.014	0.670
12.508	0.247	0.053	0.525	0.89	1.03	-0.91	-17.36	7.27	3.08	44519	0.248	0.070	0.480	-0.009	0.013	0.670
12.517	0.245	0.037	0.525	0.84	0.99	-0.88	-17.01	6.33	3.14	44601	0.248	0.066	0.480	-0.009	0.012	0.670
12.525	0.239	0.036	0.525	0.69	0.98	-0.84	-15.13	5.12	3.45	44591	0.247	0.062	0.480	-0.009	0.011	0.670
12.538	0.239	0.035	0.524	0.53	0.93	-0.81	-16.06	3.58	2.85	44580	0.246	0.058	0.480	-0.010	0.009	0.670
12.542	0.232	0.023	0.524	0.46	0.95	-0.76	-16.46	3.05	3.37	44583	0.244	0.054	0.480	-0.010	0.008	0.670
12.556	0.233	0.021	0.524	0.30	0.91	-0.73	-16.99	2.76	3.43	44569	0.243	0.049	0.480	-0.011	0.006	0.670
12.567	0.232	0.020	0.524	0.12	0.89	-0.69	-17.69	3.58	3.48	44658	0.241	0.046	0.480	-0.011	0.005	0.670
12.581	0.237	0.027	0.524	-0.13	0.81	-0.66	-19.25	4.32	3.82	44652	0.241	0.043	0.479	-0.011	0.004	0.670
12.585	0.225	0.007	0.523	-0.18	0.85	-0.61	-19.94	6.11	3.78	44678	0.239	0.038	0.479	-0.012	0.002	0.670
12.597	0.227	0.013	0.523	-0.44	0.77	-0.58	-21.27	6.96	4.03	44669	0.237	0.034	0.479	-0.012	0.001	0.670
12.605	0.231	0.018	0.524	-0.70	0.66	-0.54	-22.03	8.54	3.94	44532	0.237	0.032	0.479	-0.013	0.001	0.670
12.616	0.222	-0.002	0.524	-0.77	0.63	-0.50	-21.55	9.87	4.36	44546	0.235	0.027	0.479	-0.013	-0.001	0.670
12.625	0.225	0.002	0.524	-1.03	0.51	-0.46	-20.92	10.29	3.89	44538	0.233	0.024	0.479	-0.013	-0.002	0.670
12.639	0.218	-0.019	0.524	-1.07	0.45	-0.42	-19.16	10.47	3.66	44560	0.232	0.018	0.479	-0.014	-0.004	0.670
12.647	0.218	-0.013	0.524	-1.32	0.34	-0.38	-17.65	11.04	3.60	44447	0.230	0.013	0.479	-0.015	-0.005	0.670
12.657	0.222	-0.010	0.524	-1.52	0.20	-0.35	-17.56	10.72	3.67	44434	0.229	0.010	0.479	-0.015	-0.006	0.670
12.665	0.211	-0.029	0.524	-1.55	0.17	-0.31	-16.49	11.08	3.30	44449	0.226	0.004	0.479	-0.016	-0.008	0.670
12.682	0.213	-0.026	0.524	-1.75	0.04	-0.28	-16.28	10.49	3.40	44442	0.225	0.000	0.479	-0.016	-0.009	0.670
12.684	0.215	-0.021	0.524	-1.96	-0.09	-0.25	-16.02	10.85	3.48	44432	0.223	-0.003	0.479	-0.016	-0.010	0.671
12.696	0.200	-0.042	0.523	-1.96	-0.07	-0.21	-15.42	10.64	3.31	44667	0.220	-0.009	0.479	-0.017	-0.012	0.670
12.707	0.201	-0.038	0.523	-2.16	-0.19	-0.18	-15.66	10.08	3.38	44653	0.218	-0.013	0.479	-0.018	-0.013	0.670
12.717	0.202	-0.033	0.522	-2.37	-0.31	-0.16	-15.01	10.37	3.52	44642	0.215	-0.016	0.479	-0.019	-0.014	0.670
12.725	0.191	-0.057	0.522	-2.33	-0.33	-0.12	-14.64	10.49	3.51	44667	0.212	-0.022	0.479	-0.020	-0.015	0.670
12.735	0.192	-0.054	0.522	-2.52	-0.46	-0.09	-13.74	11.18	3.54	44684	0.209	-0.027	0.479	-0.020	-0.017	0.670
12.743	0.188	-0.052	0.522	-2.68	-0.55	-0.06	-13.78	12.15	3.05	44683	0.206	-0.030	0.479	-0.021	-0.018	0.670
12.757	0.187	-0.050	0.522	-2.84	-0.67	-0.03	-12.70	12.02	4.04	44671	0.204	-0.034	0.478	-0.022	-0.018	0.670
12.767	0.186	-0.057	0.522	-2.92	-0.80	-0.00	-12.85	13.65	3.67	44670	0.201	-0.037	0.478	-0.023	-0.019	0.670
12.774	0.185	-0.063	0.521	-3.01	-0.93	0.02	-12.16	12.34	3.08	44675	0.199	-0.041	0.478	-0.023	-0.020	0.670
12.786	0.185	-0.060	0.521	-3.16	-1.06	0.05	-10.30	10.65	3.61	44725	0.196	-0.044	0.478	-0.024	-0.021	0.670
12.798	0.183	-0.059	0.521	-3.28	-1.15	0.08	-8.39	10.05	4.39	44715	0.194	-0.047	0.478	-0.024	-0.022	0.670
12.808	0.183	-0.056	0.521	-3.39	-1.25	0.12	-6.22	9.06	5.06	44698	0.192	-0.049	0.478	-0.024	-0.022	0.670
12.818	0.181	-0.057	0.521	-3.44	-1.34	0.17	-4.05	8.37	5.04	44683	0.190	-0.051	0.478	-0.025	-0.022	0.670
12.826	0.177	-0.065	0.521	-3.42	-1.39	0.21	-2.18	6.27	3.99	44756	0.188	-0.053	0.478	-0.025	-0.023	0.670
12.836	0.175	-0.065	0.520	-3.45	-1.45	0.24	-0.36	6.76	3.33	44747	0.186	-0.055	0.477	-0.026	-0.023	0.670
12.844	0.172	-0.065	0.520	-3.45	-1.49	0.28	2.41	4.75	4.75	44739	0.183	-0.057	0.477	-0.026	-0.023	0.670
12.856	0.172	-0.066	0.520	-3.41	-1.54	0.32	4.17	4.95	4.10	44731	0.181	-0.059	0.477	-0.026	-0.023	0.669
12.868	0.167	-0.068	0.519	-3.35	-1.56	0.36	6.38	2.68	3.74	44880	0.179	-0.060	0.477	-0.027	-0.024	0.669
12.875	0.167	-0.069	0.519	-3.27	-1.60	0.40	6.83	3.98	3.94	44872	0.176	-0.062	0.477	-0.027	-0.024	0.669
12.890	0.166	-0.068	0.519	-3.22	-1.63	0.43	7.84	3.30	4.03	44867	0.174	-0.063	0.477	-0.027	-0.024	0.669
12.896	0.165	-0.067	0.519	-3.15	-1.66	0.47	7.80	2.24	3.83	44871	0.172	-0.064	0.476	-0.028	-0.024	0.669
12.907	0.165	-0.053	0.519	-3.20	-1.71	0.50	7.64	4.00	3.86	44867	0.170	-0.063	0.476	-0.028	-0.023	0.669
12.917	0.165	-0.053	0.519	-3.12	-1.75	0.54	7.98	2.89	4.12	44773	0.169	-0.062	0.476	-0.028	-0.023	0.669
12.928	0.161	-0.057	0.519	-3.01	-1.75	0.57	7.98	1.53	3.65	44768	0.167	-0.062	0.476	-0.028	-0.023	0.669
12.936	0.161	-0.057	0.519	-2.91	-1.77	0.61	11.16	2.05	3.88	44751	0.165	-0.062	0.476	-0.028	-0.022	0.669
12.948	0.160	-0.048	0.519	-2.87	-1.78	0.64	12.70	2.49	3.88	44737	0.163	-0.060	0.476	-0.028	-0.021	0.669
12.958	0.160	-0.042	0.519	-2.79	-1.82	0.68	14.57	1.56	4.25	44737	0.162	-0.058	0.476	-0.028	-0.020	0.668
12.966	0.159	-0.043	0.519	-2.62	-1.82	0.72	15.52	0.07	4.27	44720	0.160	-0.056	0.476	-0.028	-0.020	0.668
12.974	0.155	-0.046	0.519	-2.43	-1.80	0.77	17.15	0.73	4.44	44701	0.158	-0.055	0.476	-0.028	-0.019	0.668
12.991	0.154	-0.052	0.519	-2.20	-1.80	0.81	18.67	-0.89	4.58	44674	0.157	-0.055	0.476	-0.028	-0.019	0.668
12.996	0.154	-0.055	0.518	-1.98	-1.79	0.87	20.03	-2.69	4.73	44643	0.155	-0.055	0.476	-0.028	-0.019	0.668
13.007	0.154	-0.039	0.518	-1.92	-1.76	0.90	20.00	-2.93	4.77	44771	0.154	-0.053	0.476	-0.028	-0.018	0.668
13.018	0.154	-0.044	0.518	-1.68	-1.74	0.95	18.92	-2.56	4.61	44768	0.153	-0.052	0.476	-0.028	-0.018	0.668
13.027	0.153	-0.025	0.518	-1.65	-1.71	0.98	17.61	-2.47	4.08	44768	0.151	-0.048	0.476	-0.027	-0.016	0.668
13.043	0.153	-0.028	0.518	-1.45	-1.70	1.03	15.59	-2.45	3.59	44751	0.150	-0.046	0.475	-0.027	-0.015	0.668
13.049	0.151	-0.022	0.518	-1.33	-1.65	1.06	17.01	-4.86	4.11	44734	0.149	-0.043	0.475	-0.027	-0.014	0.667
13.057	0.151	-0.014	0.518	-1.22	-1.61	1.09	16.88	-4.51	3.58	44720	0.148	-0.039	0.475	-0.027	-0.013	0.667
13.066	0.149	-0.017	0.518	-1.00	-1.54	1.13	18.83	-5.94	3.88	44687	0.147	-0.036	0.475	-0.026	-0.012	0.667
13.076	0.149	-0.014	0.518	-0.83	-1.49	1.17	20.68	-5.28	3.47	44653	0.146	-0.033	0.475	-0.026	-0.011	0.667
13.086	0.149	-0.006	0.520	-0.66	-1.44	1.20	22.82	-6.72	3.95	44189	0.145	-0.029	0.476	-0.026	-0.010	0.667
13.092	0.149	-0.010	0.520	-0.40	-1.37	1.24	23.90	-6.81	3.56	44151	0.144	-0.026	0.476	-0.025	-0.009	0.667
13.103	0.148	0.006	0.521	-0.27	-1.31	1.26	24.83	-6.03	2.79	44124	0.143	-0.022	0.476	-0.025	-0.007	0.667
13.117	0.148	0.002	0.521	0.02	-1.24	1.29	25.06	-6.03	2.58	44076	0.142	-0.019	0.477	-0.024	-0.006	0.667
13.127	0.147	0.016	0.521	0.17	-1.18	1.30	25.70	-5.60	2.50	44065	0.141	-0.014	0.477	-0.024	-0.005	0.667
13.136	0.145	0.012	0.523	0.47	-1.12	1.33	25.00	-5.88	1.97	43735	0.140	-0.010	0.477	-0.024	-0.003	0.667
13.145	0.144	0.026	0.523	0.61	-1.06	1.33	24.99	-4.69	1.88	43704	0.139	-0.005	0.478	-0.023	-0.002	0.667
13.155	0.144	0.027	0.523	0.86	-1.01	1.35	24.16	-4.50	1.73	43667	0.139	-0.001	0.478	-0.023	-0.000	0.667
13.167	0.143	0.038	0.524	1.02	-0.95	1.36	24.28	-5.77	1.50	43657	0.138	0.005	0.479	-0.023	0.001	0.667
13.177	0.143	0.034	0.524	1.31	-0.90	1.38	24.58	-4.88	1.80	43538	0.137	0.009	0.479	-0.022	0.003	0.668
13.185	0.142	0.045	0.525	1.47	-0.84	1.38	23.54	-4.94	1.73	43536	0.136	0.014	0.479	-0.022	0.004	0.668
13.195	0.142	0.042	0.525	1.74	-0.79	1.40	22.55	-3.59	1.37	43526	0.135	0.018	0.480	-0.021	0.005	0.668
13.208	0.141	0.048	0.525	1.93	-0.75	1.41	21.14	-3.41	1.92	43535	0.135	0.023	0.480	-0.021	0.007	0.668
13.216	0.141	0.052	0.527	2.11	-0.72	1.43	19.80	-2.61	2.22	43554	0.134	0.027	0.481	-0.020	0.008	0.668
13.227	0.141	0.049	0.527	2.33	-0.70	1.45	17.85	-1.71	2.24	43284	0.133	0.031	0.481	-0.020	0.009	0.668
13.236	0.141	0.054	0.528	2.48	-0.68	1.47	17.22	-1.31	2.26	43275	0.133	0.034	0.481	-0.019	0.010	0.668
13.249	0.140	0.062	0.528	2.58	-0.66	1.48	13.94	-2.16	1.79	43290	0.132	0.039	0.482	-0.019	0.011	0.669
13.259	0.139	0.059	0.528	2.75	-0.63	1.50	12.73	-2.23	2.12	43302	0.132	0.042	0.482	-0.018	0.012	0.669
13.268	0.138	0.058	0.529	2.90	-0.60	1.52	11.59	-2.58	1.88	43244	0.131	0.045	0.482	-0.018	0.012	0.669
13.278	0.137	0.060	0.529	3.02	-0.56	1.54	11.94	-2.54	1.82	43251	0.130	0.047	0.483	-0.018	0.013	0.669
13.287	0.137	0.067	0.529	3.09	-0.53	1.55	9.57	-3.25	1.54	43274	0.130	0.050	0.483	-0.017	0.014	0.669
13.300	0.136	0.068	0.529	3.18	-0.49	1.56	8.72	-3.68	1.15	43313	0.129	0.053	0.483	-0.017	0.014	0.669
13.308	0.136	0.069	0.528	3.27	-0.45	1.58	7.56	-3.92	1.76	43591	0.129	0.056	0.483	-0.016	0.015	0.669
13.317	0.136	0.071	0.528	3.32	-0.41	1.59	3.84	-1.65	0.88	43628	0.128	0.059	0.483	-0.016	0.015	0.670
13.325	0.136	0.072	0.528	3.36	-0.40	1.60	3.70	-1.21	2.28	43685	0.128	0.061	0.483	-0.015	0.016	0.670
13.335	0.135	0.070	0.529	3.41	-0.38	1.62	2.55	-1.64	1.74	43738	0.127	0.063	0.483	-0.015	0.016	0.670
13.345	0.134	0.070	0.529	3.44	-0.36	1.64	0.47	1.03	1.26	43773	0.126	0.064	0.483	-0.014	0.016	0.670
13.357	0.132	0.070	0.529	3.45	-0.35	1.65	-0.63	-0.48	1.26	43709	0.126	0.066	0.483	-0.014	0.017	0.670
13.367	0.131	0.070	0.529	3.45	-0.34	1.67	-2.36	-0.44	1.33	43760	0.125	0.067	0.483	-0.013	0.017	0.670
13.375	0.131	0.069	0.529	3.43	-0.34	1.68	-3.88	-0.31	1.04	43801	0.124	0.068	0.483	-0.013	0.017	0.670
13.387	0.131	0.070	0.529	3.38	-0.33	1.69	-4.96	-0.60	1.19	43836	0.124	0.068	0.483	-0.013	0.017	0.670
13.401	0.131	0.070	0.529	3.32	-0.33	1.71	-6.26	-1.20	1.07	43892	0.123	0.069	0.483	-0.012	0.017	0.671
13.405	0.127	0.071	0.529	3.25	-0.28	1.72	-7.81	-1.12	0.76	43920	0.123	0.070	0.483	-0.012	0.016	0.671
13.417	0.128	0.073	0.529	3.16	-0.28	1.72	-8.66	-1.71	0.28	43949	0.122	0.070	0.483	-0.011	0.017	0.671
13.426	0.126	0.074	0.529	3.07	-0.25	1.73	-9.53	-1.34	0.08	43996	0.121	0.071	0.483	-0.011	0.017	0.671
13.439	0.126	0.076	0.528	2.95	-0.24	1.73	-9.90	-0.08	0.89	44034	0.120	0.072	0.483	-0.011	0.017	0.671
13.446	0.126	0.076	0.528	2.85	-0.23	1.73	-11.60	-0.74	-0.45	44130	0.120	0.073	0.482	-0.010	0.017	0.671
13.456	0.126	0.075	0.528	2.75	-0.24	1.74	-10.63	0.92	0.89	44177	0.119	0.073	0.482	-0.010	0.017	0.671
13.468	0.126	0.071	0.528	2.68	-0.25	1.75	-10.47	1.31	0.99	44227	0.118	0.073	0.482	-0.010	0.017	0.672
13.479	0.126	0.066	0.528	2.61	-0.27	1.76	-12.20	1.06	0.01	44270	0.118	0.073	0.482	-0.009	0.016	0.672
13.489	0.126	0.066	0.526	2.50	-0.28	1.77	-10.49	2.10	0.97	44523	0.118	0.072	0.482	-0.009	0.016	0.672
13.501	0.126	0.066	0.526	2.38	-0.30	1.77	-12.00	0.07	0.65	44567	0.117	0.071	0.481	-0.008	0.015	0.672
13.504	0.126	0.066	0.526	2.25	-0.31	1.78	-13.97	1.13	0.97	44607	0.117	0.071	0.481	-0.008	0.015	0.672
13.517	0.122	0.070	0.526	2.09	-0.28	1.79	-13.66	0.45	0.94	44639	0.116	0.071	0.481	-0.007	0.015	0.672
13.527	0.122	0.064	0.524	1.98	-0.28	1.81	-16.54	-0.76	0.65	44859	0.116	0.070	0.480	-0.007	0.015	0.672
13.538	0.121	0.064	0.524	1.82	-0.27	1.81	-15.60	-0.31	0.68	44890	0.115	0.069	0.480	-0.007	0.014	0.672
13.546	0.118	0.062	0.524	1.68	-0.24	1.82	-15.91	-0.54	0.03	44910	0.114	0.068	0.479	-0.007	0.014	0.672
13.556	0.118	0.062	0.523	1.52	-0.23	1.82	-16.19	-0.99	0.31	44918	0.113	0.068	0.479	-0.006	0.014	0.672
13.568	0.118	0.055	0.523	1.42	-0.23	1.83	-14.84	-0.72	-0.04	44946	0.113	0.066	0.479	-0.006	0.013	0.672
13.577	0.117	0.049	0.522	1.32	-0.21	1.83	-14.57	0.05	-0.05	45101	0.112	0.064	0.478	-0.006	0.012	0.672
13.585	0.117	0.048	0.521	1.18	-0.22	1.83	-14.26	0.83	-0.39	45110	0.111	0.062	0.478	-0.005	0.011	0.672
13.596	0.113	0.050	0.521	1.02	-0.20	1.83	-13.27	0.98	-0.47	45127	0.110	0.060	0.477	-0.005	0.011	0.672
13.604	0.114	0.054	0.521	0.84	-0.22	1.81	-13.36	1.52	-0.77	45125	0.109	0.059	0.477	-0.005	0.010	0.672
13.615	0.113	0.049	0.520	0.74	-0.23	1.81	-14.63	1.97	-1.11	45166	0.109	0.057	0.476	-0.005	0.010	0.672
13.626	0.113	0.053	0.520	0.54	-0.26	1.79	-15.47	2.00	-1.16	45167	0.108	0.057	0.476	-0.004	0.010	0.672
13.637	0.112	0.055	0.519	0.37	-0.28	1.78	-15.39	3.11	-1.51	45167	0.107	0.056	0.476	-0.004	0.010	0.672
13.646	0.112	0.043	0.519	0.31	-0.31	1.77	-15.12	3.48	-1.63	45164	0.107	0.054	0.475	-0.004	0.009	0.672
13.656	0.114	0.043	0.518	0.15	-0.36	1.75	-14.42	3.14	-1.78	45146	0.106	0.053	0.475	-0.003	0.008	0.672
13.663	0.113	0.046	0.518	-0.03	-0.38	1.73	-14.21	3.48	-1.75	45266	0.106	0.051	0.475	-0.003	0.008	0.671
13.677	0.113	0.050	0.517	-0.20	-0.43	1.71	-14.13	3.80	-1.55	45262	0.105	0.051	0.474	-0.003	0.008	0.671
13.687	0.111	0.048	0.517	-0.33	-0.45	1.70	-12.91	2.86	-1.78	45253	0.105	0.050	0.474	-0.002	0.008	0.671
13.697	0.110	0.041	0.517	-0.40	-0.47	1.68	-11.74	1.77	-1.94	45243	0.104	0.049	0.474	-0.002	0.007	0.671
13.710	0.107	0.043	0.515	-0.53	-0.46	1.66	-10.43	1.01	-2.09	45504	0.103	0.048	0.473	-0.002	0.007	0.671
13.713	0.108	0.043	0.514	-0.63	-0.48	1.64	-8.59	1.00	-1.79	45498	0.103	0.047	0.473	-0.001	0.007	0.671
13.727	0.108	0.035	0.514	-0.66	-0.49	1.62	-7.76	0.18	-1.84	45472	0.102	0.045	0.472	-0.001	0.006	0.671
13.735	0.106	0.031	0.514	-0.71	-0.47	1.61	-7.47	0.75	-1.75	45458	0.101	0.043	0.472	-0.001	0.006	0.670
13.747	0.106	0.030	0.512	-0.78	-0.47	1.59	-6.63	-0.32	-1.86	45710	0.101	0.041	0.471	-0.001	0.005	0.670
13.755	0.104	0.031	0.512	-0.86	-0.46	1.57	-7.38	1.25	-2.11	45694	0.100	0.039	0.471	-0.000	0.005	0.670
13.763	0.104	0.031	0.511	-0.94	-0.48	1.55	-7.27	1.75	-1.88	45682	0.099	0.038	0.470	-0.000	0.004	0.670
13.777	0.104	0.034	0.511	-1.05	-0.50	1.53	-8.14	2.44	-2.09	45665	0.098	0.037	0.470	0.000	0.004	0.669
13.785	0.105	0.033	0.510	-1.12	-0.53	1.51	-8.69	2.73	-1.94	45637	0.098	0.036	0.470	0.000	0.004	0.669
13.797	0.105	0.028	0.510	-1.18	-0.56	1.49	-8.18	2.43	-1.72	45646	0.098	0.035	0.469	0.001	0.004	0.669
13.811	0.104	0.029	0.510	-1.27	-0.58	1.47	-7.02	2.10	-1.86	45608	0.097	0.034	0.469	0.001	0.003	0.669
13.816	0.104	0.032	0.509	-1.36	-0.60	1.45	-5.79	1.05	-1.89	45568	0.097	0.033	0.469	0.002	0.003	0.668
13.823	0.103	0.032	0.509	-1.43	-0.60	1.43	-5.67	0.00	-2.51	45526	0.096	0.033	0.468	0.002	0.003	0.668
13.836	0.103	0.034	0.510	-1.49	-0.60	1.41	-4.37	-0.42	-2.34	45279	0.096	0.033	0.468	0.002	0.003	0.668
13.849	0.103	0.021	0.510	-1.42	-0.59	1.40	-1.96	-1.11	-1.78	45232	0.096	0.031	0.468	0.003	0.003	0.668
13.857	0.103	0.022	0.510	-1.45	-0.58	1.38	-0.62	-1.70	-1.29	45180	0.095	0.030	0.468	0.003	0.002	0.668
13.868	0.102	0.017	0.510	-1.41	-0.55	1.37	1.03	-1.86	-1.26	45121	0.095	0.028	0.468	0.003	0.002	0.667
13.877	0.102	0.017	0.510	-1.40	-0.53	1.35	2.05	-1.51	-1.75	45066	0.095	0.026	0.468	0.004	0.001	0.667
13.886	0.100	0.017	0.510	-1.38	-0.51	1.34	0.59	-0.78	-2.14	44984	0.094	0.025	0.468	0.004	0.001	0.667
13.894	0.100	0.016	0.510	-1.38	-0.50	1.31	-0.03	-0.22	-1.95	44923	0.094	0.023	0.468	0.004	0.001	0.667
13.906	0.099	0.016	0.510	-1.39	-0.49	1.30	-0.73	0.10	-2.02	44854	0.093	0.022	0.469	0.005	0.000	0.667
13.915	0.099	0.016	0.510	-1.40	-0.49	1.27	-1.96	-0.11	-2.04	44797	0.093	0.021	0.469	0.005	-0.000	0.666
13.926	0.099	0.015	0.511	-1.41	-0.49	1.25	-1.02	0.14	-1.91	44589	0.092	0.020	0.469	0.005	-0.000	0.666
13.937	0.098	0.015	0.511	-1.42	-0.49	1.24	-0.04	-0.07	-1.95	44524	0.092	0.019	0.469	0.005	-0.001	0.666
13.947	0.098	0.016	0.511	-1.44	-0.49	1.21	0.61	-0.83	-2.37	44446	0.091	0.019	0.469	0.006	-0.001	0.666
13.955	0.098	0.018	0.511	-1.43	-0.48	1.19	1.98	-1.20	-2.07	44379	0.091	0.018	0.469	0.006	-0.001	0.666
13.966	0.098	0.017	0.511	-1.41	-0.47	1.17	4.34	-1.81	-1.99	44340	0.091	0.018	0.470	0.007	-0.001	0.666
13.971	0.098	0.017	0.512	-1.36	-0.44	1.15	6.20	-2.59	-1.98	44285	0.090	0.018	0.470	0.007	-0.001	0.665
13.986	0.096	0.016	0.512	-1.28	-0.40	1.13	7.77	-3.62	-1.75	44223	0.090	0.018	0.470	0.007	-0.001	0.665
13.997	0.096	0.016	0.512	-1.21	-0.37	1.11	8.72	-2.79	-1.93	44170	0.090	0.017	0.470	0.007	-0.001	0.665
14.005	0.096	0.014	0.512	-1.09	-0.33	1.09	9.07	-3.01	-2.12	44129	0.089	0.017	0.470	0.008	-0.001	0.665
14.015	0.096	0.013	0.512	-1.00	-0.30	1.07	8.61	-3.04	-2.40	44186	0.089	0.016	0.470	0.008	-0.001	0.665
14.020	0.096	0.011	0.512	-0.89	-0.28	1.05	8.35	-2.57	-2.16	44148	0.089	0.015	0.470	0.008	-0.001	0.665
14.036	0.096	0.011	0.513	-0.82	-0.26	1.03	8.60	-0.54	-1.35	44109	0.088	0.015	0.471	0.009	-0.002	0.664
14.044	0.095	0.011	0.513	-0.74	-0.25	1.01	5.90	-1.05	-1.78	44082	0.088	0.014	0.471	0.009	-0.002	0.664
14.056	0.095	0.011	0.513	-0.69	-0.24	1.00	4.91	-0.31	-1.86	44058	0.088	0.014	0.471	0.009	-0.002	0.664
14.067	0.094	0.012	0.513	-0.66	-0.24	0.99	4.22	0.43	-0.78	44051	0.088	0.013	0.471	0.010	-0.002	0.664
14.078	0.094	0.016	0.514	-0.66	-0.25	0.97	1.14	0.91	-0.84	44045	0.087	0.014	0.471	0.010	-0.002	0.664
14.086	0.094	0.016	0.514	-0.66	-0.25	0.96	-0.05	0.95	-1.50	44032	0.087	0.014	0.471	0.010	-0.002	0.664
14.097	0.094	0.018	0.514	-0.67	-0.26	0.95	-0.31	1.08	-1.22	44017	0.087	0.014	0.472	0.011	-0.002	0.664
14.107	0.094	0.018	0.515	-0.67	-0.27	0.94	1.27	0.33	0.09	43948	0.087	0.015	0.472	0.011	-0.001	0.664
14.113	0.093	0.018	0.515	-0.65	-0.27	0.94	1.99	0.43	-0.37	43945	0.086	0.015	0.472	0.011	-0.001	0.664
14.122	0.093	0.018	0.515	-0.61	-0.26	0.94	4.98	-0.99	0.85	43931	0.086	0.015	0.472	0.011	-0.001	0.664
14.129	0.092	0.018	0.515	-0.55	-0.26	0.95	6.89	-0.47	0.47	43913	0.086	0.016	0.472	0.012	-0.001	0.664
14.147	0.094	0.026	0.515	-0.54	-0.26	0.96	8.90	-1.18	1.63	44003	0.086	0.017	0.472	0.012	-0.001	0.664
14.156	0.092	0.023	0.515	-0.43	-0.24	0.98	9.16	-1.22	1.11	44014	0.085	0.018	0.472	0.012	-0.000	0.664
14.165	0.092	0.023	0.516	-0.34	-0.22	0.98	9.38	-1.71	0.66	44011	0.085	0.018	0.473	0.013	0.000	0.663
14.173	0.090	0.022	0.516	-0.23	-0.18	0.99	9.43	-2.69	0.67	44006	0.085	0.019	0.473	0.013	0.000	0.663
14.181	0.090	0.022	0.516	-0.14	-0.16	1.00	8.91	-2.40	0.98	44065	0.084	0.019	0.473	0.013	0.000	0.663
14.199	0.090	0.022	0.516	-0.05	-0.14	1.01	8.11	-2.12	1.16	44082	0.084	0.020	0.473	0.013	0.000	0.663
14.207	0.090	0.020	0.516	0.04	-0.12	1.02	5.91	-0.66	0.04	44092	0.084	0.020	0.473	0.014	0.000	0.663
14.218	0.090	0.020	0.516	0.09	-0.13	1.02	3.56	2.49	0.49	44099	0.084	0.020	0.473	0.014	0.000	0.663
14.223	0.090	0.020	0.516	0.12	-0.17	1.03	2.93	3.09	2.00	44110	0.083	0.020	0.473	0.014	0.000	0.663
14.234	0.090	0.020	0.517	0.14	-0.18	1.04	0.20	2.12	0.90	44068	0.083	0.020	0.473	0.014	0.000	0.663
14.245	0.092	0.020	0.517	0.14	-0.22	1.06	0.64	1.77	0.68	44081	0.083	0.020	0.473	0.015	0.000	0.663
14.257	0.087	0.020	0.517	0.14	-0.21	1.06	-0.69	3.09	0.92	44082	0.083	0.020	0.473	0.015	0.000	0.663
14.266	0.087	0.020	0.517	0.14	-0.23	1.07	0.73	1.47	-0.10	44088	0.082	0.020	0.473	0.015	0.000	0.663
14.276	0.087	0.020	0.517	0.14	-0.24	1.07	0.57	0.72	0.74	44174	0.082	0.020	0.473	0.015	0.000	0.663
14.287	0.087	0.020	0.517	0.15	-0.23	1.07	0.43	-1.01	-0.86	44180	0.082	0.020	0.473	0.015	0.000	0.663
14.296	0.087	0.020	0.517	0.16	-0.22	1.06	1.90	-1.32	-0.00	44174	0.081	0.021	0.473	0.016	0.000	0.663
14.306	0.081	0.020	0.517	0.19	-0.17	1.06	4.08	-2.05	0.03	44178	0.080	0.021	0.473	0.016	0.000	0.663
14.316	0.079	0.019	0.518	0.24	-0.13	1.06	4.59	-1.96	-0.73	44195	0.079	0.020	0.474	0.015	0.000	0.663
14.322	0.079	0.019	0.518	0.28	-0.12	1.05	1.99	-0.22	-1.56	43985	0.078	0.020	0.474	0.015	0.000	0.663
14.336	0.079	0.019	0.518	0.29	-0.13	1.03	0.76	1.92	-1.90	43991	0.077	0.020	0.474	0.015	0.000	0.663
14.346	0.079	0.019	0.519	0.29	-0.16	1.01	0.36	4.25	-1.88	44001	0.077	0.020	0.474	0.015	0.000	0.663
14.356	0.078	0.019	0.519	0.29	-0.20	1.00	-0.74	5.37	-1.77	44019	0.076	0.020	0.474	0.015	0.000	0.663
14.366	0.077	0.019	0.520	0.28	-0.26	0.98	-1.69	6.19	-2.25	43855	0.075	0.020	0.475	0.015	0.000	0.663
14.376	0.077	0.019	0.520	0.27	-0.33	0.95	-0.88	7.37	-2.28	43853	0.074	0.020	0.475	0.016	-0.000	0.664
14.384	0.077	0.019	0.520	0.26	-0.40	0.93	-1.06	6.48	-2.32	43863	0.074	0.020	0.475	0.016	-0.000	0.664
14.394	0.073	0.019	0.520	0.25	-0.44	0.91	-0.24	5.33	-2.25	43864	0.073	0.020	0.475	0.016	-0.000	0.664
14.407	0.072	0.019	0.520	0.25	-0.48	0.88	0.42	3.08	-2.48	43927	0.072	0.020	0.475	0.016	-0.000	0.664
14.417	0.072	0.019	0.520	0.26	-0.51	0.86	0.80	1.71	-2.74	43929	0.071	0.020	0.475	0.015	-0.000	0.664
14.423	0.072	0.019	0.520	0.28	-0.52	0.83	2.14	0.49	-1.79	43944	0.070	0.020	0.475	0.016	-0.000	0.664
14.436	0.070	0.019	0.520	0.30	-0.51	0.81	1.79	0.00	-2.01	43958	0.069	0.020	0.475	0.015	-0.000	0.664
14.446	0.070	0.019	0.520	0.31	-0.51	0.79	0.72	-1.29	-2.98	43965	0.068	0.020	0.475	0.015	-0.000	0.664
14.457	0.070	0.019	0.520	0.32	-0.49	0.76	-0.80	-1.25	-2.50	43985	0.067	0.019	0.476	0.016	-0.000	0.664
14.466	0.069	0.019	0.520	0.30	-0.48	0.73	-1.39	-0.29	-2.61	44012	0.067	0.019	0.476	0.016	-0.000	0.664
14.476	0.069	0.019	0.520	0.29	-0.48	0.71	-1.65	-0.15	-2.83	44038	0.066	0.019	0.476	0.016	-0.000	0.664
14.483	0.069	0.019	0.520	0.27	-0.48	0.68	-3.36	0.24	-2.49	44059	0.065	0.019	0.476	0.016	-0.000	0.664
14.497	0.069	0.019	0.520	0.23	-0.49	0.66	-2.88	1.12	-2.63	44094	0.065	0.019	0.476	0.016	-0.000	0.664
14.509	0.069	0.022	0.520	0.18	-0.51	0.63	-3.47	1.64	-2.34	44103	0.064	0.019	0.475	0.016	-0.000	0.664
14.516	0.069	0.022	0.520	0.15	-0.52	0.61	-3.45	1.69	-2.59	44123	0.064	0.020	0.475	0.016	-0.000	0.664
14.528	0.069	0.022	0.520	0.12	-0.54	0.58	-1.73	1.68	-2.42	44137	0.064	0.020	0.475	0.016	-0.000	0.665
14.535	0.068	0.022	0.518	0.10	-0.56	0.56	-0.55	1.20	-2.53	44147	0.063	0.020	0.475	0.017	0.000	0.665
14.547	0.068	0.022	0.518	0.10	-0.56	0.53	1.33	0.27	-2.58	44465	0.063	0.020	0.475	0.017	0.000	0.664
14.556	0.068	0.022	0.518	0.12	-0.56	0.51	2.14	-0.57	-2.60	44489	0.063	0.020	0.475	0.017	0.000	0.664
14.567	0.068	0.022	0.518	0.15	-0.55	0.48	2.99	-1.24	-2.37	44509	0.062	0.020	0.474	0.017	0.000	0.664
14.574	0.068	0.022	0.518	0.17	-0.54	0.46	2.28	-0.82	-2.86	44516	0.062	0.021	0.474	0.017	0.000	0.664
14.586	0.065	0.021	0.517	0.20	-0.52	0.43	0.88	-0.98	-2.99	44602	0.062	0.021	0.474	0.017	0.000	0.664
14.598	0.065	0.021	0.517	0.20	-0.51	0.40	0.43	-0.17	-2.49	44619	0.061	0.021	0.474	0.018	0.000	0.664
14.606	0.065	0.021	0.517	0.20	-0.51	0.38	-1.75	-0.15	-2.43	44636	0.061	0.021	0.473	0.018	0.000	0.664
14.617	0.065	0.024	0.517	0.16	-0.51	0.36	-3.04	0.30	-1.90	44658	0.060	0.021	0.473	0.018	0.000	0.664
14.631	0.065	0.024	0.517	0.12	-0.52	0.34	-3.51	0.34	-2.02	44592	0.060	0.021	0.473	0.018	0.001	0.664
14.634	0.065	0.024	0.517	0.07	-0.52	0.32	-4.41	0.58	-2.06	44577	0.060	0.022	0.473	0.018	0.001	0.664
14.642	0.065	0.024	0.517	0.04	-0.53	0.30	-3.41	0.33	-1.78	44570	0.059	0.022	0.473	0.018	0.001	0.665
14.658	0.065	0.024	0.517	0.01	-0.52	0.28	-2.89	-0.57	-2.01	44567	0.059	0.022	0.473	0.019	0.001	0.665
14.669	0.065	0.024	0.517	-0.01	-0.52	0.26	-1.43	-1.61	-2.11	44563	0.059	0.022	0.473	0.019	0.001	0.665
14.678	0.064	0.019	0.517	0.01	-0.50	0.24	-0.57	-2.23	-2.02	44526	0.059	0.022	0.473	0.019	0.001	0.665
14.718	0.064	0.024	0.517	-0.03	-0.47	0.22	0.39	-2.39	-1.85	44510	0.058	0.022	0.472	0.019	0.001	0.665
14.735	0.064	0.022	0.517	-0.01	-0.45	0.20	0.22	-2.67	-2.15	44502	0.058	0.022	0.472	0.019	0.001	0.665
14.740	0.066	0.014	0.516	0.04	-0.43	0.18	0.46	-3.25	-1.98	44487	0.058	0.021	0.472	0.020	0.001	0.665
14.746	0.065	0.019	0.516	0.01	-0.40	0.16	-0.13	-2.02	-1.77	44503	0.058	0.021	0.472	0.020	0.000	0.665
14.749	0.065	0.017	0.516	0.02	-0.38	0.15	-1.11	-1.93	-1.64	44497	0.058	0.020	0.472	0.020	0.000	0.665
14.749	0.065	0.008	0.516	0.05	-0.37	0.13	-2.03	-0.92	-1.53	44491	0.058	0.019	0.472	0.020	-0.000	0.665
14.757	0.067	0.009	0.516	0.02	-0.38	0.11	-2.69	0.52	-1.57	44491	0.058	0.018	0.472	0.021	-0.001	0.665
14.758	0.067	0.008	0.516	-0.01	-0.38	0.09	-3.88	-0.43	-1.20	44492	0.058	0.016	0.472	0.021	-0.001	0.665
14.767	0.067	0.002	0.516	-0.02	-0.37	0.08	-4.77	-0.84	-0.80	44485	0.059	0.014	0.472	0.021	-0.002	0.665
14.778	0.067	0.001	0.516	-0.07	-0.36	0.08	-5.75	-0.77	-1.14	44465	0.059	0.013	0.472	0.022	-0.002	0.665
14.784	0.067	0.001	0.516	-0.13	-0.36	0.07	-6.23	-0.90	-0.94	44445	0.059	0.011	0.472	0.022	-0.003	0.665
14.797	0.067	0.000	0.516	-0.20	-0.34	0.06	-6.54	-3.36	-0.81	44435	0.059	0.010	0.472	0.022	-0.003	0.665
14.814	0.067	0.000	0.515	-0.25	-0.31	0.05	-5.78	-3.97	-0.50	44479	0.059	0.008	0.471	0.023	-0.004	0.665
14.818	0.067	-0.000	0.515	-0.32	-0.27	0.04	-5.47	-3.61	-0.26	44477	0.059	0.007	0.471	0.023	-0.004	0.665
14.826	0.067	-0.001	0.515	-0.37	-0.23	0.04	-5.55	-4.92	-1.03	44461	0.060	0.006	0.471	0.023	-0.004	0.665
14.835	0.068	0.003	0.515	-0.44	-0.19	0.03	-4.62	-3.98	-1.06	44448	0.060	0.006	0.471	0.023	-0.005	0.665
14.845	0.068	0.003	0.515	-0.49	-0.15	0.02	-4.22	-3.60	-1.04	44387	0.060	0.005	0.471	0.024	-0.005	0.665
14.857	0.070	0.004	0.515	-0.53	-0.13	0.01	-3.63	-3.54	-1.44	44377	0.061	0.005	0.471	0.024	-0.005	0.665
14.865	0.070	0.004	0.515	-0.57	-0.09	-0.00	-3.16	-4.23	-0.98	44369	0.061	0.005	0.471	0.024	-0.005	0.665
14.876	0.072	0.005	0.515	-0.61	-0.06	-0.02	-3.37	-3.25	-1.01	44351	0.062	0.004	0.471	0.025	-0.005	0.665
14.884	0.072	0.005	0.515	-0.64	-0.03	-0.03	-3.40	-0.60	-1.95	44336	0.062	0.004	0.471	0.025	-0.005	0.665
14.896	0.072	0.004	0.516	-0.66	-0.03	-0.04	-1.78	0.30	-0.88	44202	0.063	0.004	0.471	0.025	-0.005	0.665
14.907	0.071	0.010	0.516	-0.71	-0.02	-0.06	-1.45	-2.05	-1.39	44198	0.063	0.005	0.471	0.026	-0.004	0.665
14.916	0.076	0.010	0.516	-0.73	-0.03	-0.07	-0.96	-0.40	-2.02	44186	0.064	0.005	0.471	0.026	-0.004	0.665
14.926	0.073	0.010	0.516	-0.73	-0.01	-0.09	1.43	-0.49	-1.99	44162	0.064	0.006	0.471	0.027	-0.004	0.665
14.941	0.073	0.007	0.515	-0.69	0.00	-0.11	2.44	-1.62	-2.28	44375	0.065	0.006	0.471	0.027	-0.004	0.665
14.943	0.070	0.007	0.515	-0.66	0.04	-0.14	4.38	-2.28	-2.67	44385	0.065	0.006	0.471	0.027	-0.004	0.665
14.955	0.070	0.007	0.515	-0.61	0.06	-0.16	5.19	-2.50	-2.27	44383	0.065	0.006	0.471	0.027	-0.004	0.665
14.962	0.070	0.007	0.515	-0.55	0.09	-0.18	6.01	-2.56	-2.09	44368	0.065	0.006	0.471	0.027	-0.003	0.665
14.978	0.070	0.007	0.515	-0.49	0.13	-0.21	6.22	-3.50	-2.31	44360	0.065	0.006	0.471	0.027	-0.003	0.665
14.987	0.074	0.006	0.515	-0.43	0.14	-0.23	5.00	-2.92	-2.75	44271	0.066	0.006	0.471	0.028	-0.003	0.665
14.994	0.073	0.002	0.515	-0.37	0.17	-0.26	3.97	-2.95	-2.74	44264	0.066	0.006	0.471	0.028	-0.004	0.665
15.007	0.073	-0.000	0.515	-0.32	0.20	-0.29	2.67	-2.26	-3.08	44253	0.066	0.005	0.471	0.028	-0.004	0.665
15.016	0.073	-0.001	0.515	-0.30	0.22	-0.32	1.35	-0.95	-2.60	44244	0.067	0.004	0.471	0.028	-0.004	0.665
15.027	0.073	-0.001	0.516	-0.29	0.22	-0.34	-0.19	0.18	-2.57	44197	0.067	0.004	0.471	0.028	-0.004	0.666
15.037	0.073	-0.001	0.516	-0.30	0.22	-0.37	-1.44	0.93	-2.30	44185	0.067	0.003	0.471	0.029	-0.004	0.666
15.044	0.073	-0.001	0.516	-0.32	0.20	-0.39	-2.72	1.93	-1.99	44174	0.067	0.002	0.471	0.029	-0.005	0.666
15.052	0.073	-0.001	0.516	-0.35	0.18	-0.41	-3.91	2.42	-2.10	44168	0.068	0.002	0.471	0.029	-0.005	0.666
15.067	0.073	-0.001	0.516	-0.39	0.15	-0.43	-3.52	2.80	-1.74	44136	0.068	0.002	0.471	0.029	-0.005	0.666
15.074	0.071	0.002	0.516	-0.43	0.14	-0.44	-2.20	2.29	-1.55	44116	0.068	0.002	0.471	0.029	-0.005	0.666
15.082	0.074	0.000	0.516	-0.44	0.10	-0.46	-1.01	1.24	-1.11	44098	0.068	0.001	0.471	0.029	-0.005	0.666
15.091	0.074	0.000	0.516	-0.45	0.09	-0.47	0.41	-0.02	-1.34	44089	0.068	0.001	0.471	0.029	-0.005	0.666
15.107	0.074	0.000	0.516	-0.43	0.10	-0.48	1.99	-1.20	-1.17	44074	0.069	0.001	0.471	0.029	-0.005	0.666
15.115	0.074	0.002	0.515	-0.42	0.12	-0.49	2.91	-2.32	-1.13	44206	0.069	0.001	0.471	0.030	-0.005	0.666
15.126	0.074	0.002	0.515	-0.39	0.14	-0.50	3.54	-2.77	-0.54	44185	0.069	0.001	0.471	0.030	-0.005	0.666
15.139	0.074	0.002	0.515	-0.35	0.17	-0.51	3.83	-2.71	-0.78	44171	0.069	0.001	0.471	0.030	-0.005	0.666
15.144	0.074	0.006	0.515	-0.34	0.20	-0.52	3.21	-3.00	-0.67	44164	0.070	0.002	0.471	0.030	-0.004	0.666
15.156	0.075	0.006	0.514	-0.30	0.21	-0.53	2.94	-1.33	-1.06	44317	0.070	0.002	0.470	0.030	-0.004	0.666
15.166	0.075	0.007	0.514	-0.29	0.22	-0.54	2.14	-0.86	-1.08	44309	0.070	0.003	0.470	0.030	-0.004	0.666
15.175	0.075	0.009	0.514	-0.28	0.23	-0.55	1.05	-0.59	-1.27	44305	0.071	0.004	0.470	0.030	-0.004	0.666
15.187	0.075	0.009	0.514	-0.27	0.23	-0.56	0.14	0.95	-0.94	44306	0.071	0.005	0.470	0.030	-0.003	0.666
15.195	0.075	0.010	0.515	-0.27	0.22	-0.57	-0.29	1.87	-1.41	44306	0.071	0.005	0.470	0.030	-0.003	0.667
15.205	0.075	0.019	0.515	-0.32	0.20	-0.59	0.26	2.19	-1.61	44120	0.071	0.007	0.470	0.030	-0.002	0.667
15.219	0.073	0.019	0.515	-0.32	0.19	-0.60	-0.00	2.29	-1.34	44117	0.071	0.008	0.470	0.030	-0.002	0.667
15.226	0.074	0.021	0.516	-0.32	0.17	-0.61	1.31	2.28	-0.91	44107	0.071	0.010	0.470	0.030	-0.001	0.667
15.237	0.074	0.027	0.516	-0.34	0.14	-0.62	2.97	2.25	-1.09	44098	0.071	0.012	0.470	0.030	-0.001	0.667
15.250	0.074	0.027	0.517	-0.30	0.12	-0.63	4.05	1.71	-1.01	43923	0.071	0.014	0.470	0.030	0.000	0.667
15.256	0.072	0.026	0.517	-0.25	0.12	-0.64	5.62	1.00	-1.11	43923	0.071	0.016	0.471	0.030	0.001	0.667
15.267	0.072	0.026	0.517	-0.18	0.11	-0.65	7.84	0.67	-1.06	43913	0.071	0.017	0.471	0.030	0.001	0.667
15.275	0.072	0.027	0.517	-0.09	0.10	-0.67	10.45	0.62	-0.86	43889	0.071	0.019	0.471	0.030	0.001	0.668
15.288	0.072	0.022	0.518	0.04	0.09	-0.67	11.09	0.67	-0.68	43652	0.071	0.019	0.471	0.030	0.002	0.668
15.297	0.072	0.022	0.518	0.15	0.09	-0.68	10.56	0.12	-0.30	43644	0.071	0.020	0.471	0.030	0.002	0.668
15.306	0.072	0.022	0.518	0.26	0.08	-0.68	10.14	1.07	-0.38	43629	0.071	0.020	0.472	0.030	0.002	0.668
15.316	0.073	0.027	0.519	0.32	0.07	-0.69	7.98	0.09	-0.48	43613	0.071	0.021	0.472	0.030	0.002	0.668
15.330	0.073	0.028	0.519	0.40	0.07	-0.69	5.86	0.66	-0.37	43599	0.071	0.022	0.472	0.030	0.002	0.669
15.337	0.073	0.028	0.519	0.44	0.06	-0.70	2.48	1.27	-0.82	43655	0.071	0.023	0.472	0.030	0.003	0.669
15.352	0.073	0.039	0.519	0.41	0.04	-0.70	1.01	2.02	-1.14	43652	0.071	0.026	0.472	0.029	0.003	0.669
15.355	0.073	0.040	0.519	0.42	0.02	-0.72	0.28	2.30	-1.26	43647	0.071	0.028	0.472	0.029	0.004	0.669
15.365	0.071	0.042	0.519	0.41	0.01	-0.73	0.08	1.44	-1.27	43632	0.071	0.029	0.472	0.029	0.004	0.669
15.376	0.069	0.041	0.518	0.43	0.01	-0.74	0.45	0.43	-1.12	43830	0.071	0.031	0.472	0.029	0.005	0.670
15.387	0.070	0.042	0.518	0.44	0.00	-0.75	1.79	0.78	-1.03	43837	0.070	0.033	0.472	0.029	0.005	0.670
15.401	0.070	0.046	0.518	0.44	-0.01	-0.76	2.99	1.95	-1.50	43851	0.070	0.035	0.472	0.029	0.006	0.670
15.404	0.070	0.046	0.518	0.48	-0.03	-0.78	3.00	1.08	-0.98	43861	0.070	0.036	0.472	0.029	0.006	0.670
15.416	0.070	0.047	0.519	0.51	-0.04	-0.79	3.37	2.01	-1.33	43876	0.070	0.038	0.472	0.029	0.007	0.670
15.427	0.070	0.043	0.519	0.57	-0.07	-0.80	4.53	3.56	-1.24	43686	0.069	0.039	0.472	0.028	0.007	0.671
15.435	0.070	0.044	0.519	0.61	-0.10	-0.81	4.45	3.06	-0.61	43704	0.069	0.040	0.472	0.028	0.007	0.671
15.451	0.070	0.044	0.519	0.66	-0.14	-0.81	4.51	4.25	-0.65	43714	0.069	0.041	0.472	0.028	0.007	0.671
15.456	0.069	0.043	0.520	0.72	-0.16	-0.82	3.85	2.57	-0.29	43719	0.069	0.041	0.472	0.028	0.007	0.671
15.464	0.069	0.043	0.519	0.75	-0.19	-0.82	3.64	1.82	0.06	43902	0.069	0.042	0.472	0.028	0.007	0.671
15.479	0.071	0.037	0.519	0.82	-0.23	-0.82	3.01	2.53	0.16	43914	0.069	0.042	0.472	0.028	0.007	0.672
15.496	0.069	0.053	0.519	0.76	-0.24	-0.82	1.36	1.94	-0.04	43938	0.069	0.043	0.472	0.028	0.008	0.672
15.508	0.068	0.052	0.519	0.78	-0.24	-0.82	-0.34	-0.55	-0.00	43947	0.068	0.045	0.472	0.028	0.008	0.672
15.513	0.068	0.054	0.518	0.76	-0.23	-0.82	-0.71	-1.34	-0.21	44117	0.068	0.046	0.471	0.027	0.008	0.672
15.537	0.068	0.054	0.517	0.75	-0.22	-0.82	-0.95	-1.81	-0.34	44127	0.068	0.047	0.471	0.027	0.009	0.672
15.541	0.067	0.055	0.517	0.75	-0.20	-0.82	-0.98	-2.15	-0.31	44153	0.068	0.049	0.471	0.027	0.009	0.672
15.543	0.067	0.055	0.517	0.74	-0.18	-0.83	0.41	-2.75	-0.34	44167	0.067	0.050	0.471	0.027	0.009	0.673
15.552	0.067	0.055	0.517	0.75	-0.15	-0.83	1.12	-3.76	-0.58	44162	0.067	0.051	0.471	0.027	0.009	0.673
15.559	0.069	0.057	0.516	0.76	-0.12	-0.84	2.29	-3.28	-0.77	44397	0.067	0.052	0.470	0.027	0.009	0.673
15.571	0.069	0.057	0.516	0.78	-0.09	-0.85	2.37	-2.97	-1.16	44427	0.067	0.053	0.470	0.027	0.010	0.673
15.580	0.069	0.058	0.515	0.81	-0.06	-0.86	2.58	-2.28	-1.26	44450	0.067	0.054	0.470	0.027	0.010	0.673
15.606	0.069	0.058	0.515	0.84	-0.05	-0.88	2.85	-0.71	-1.15	44455	0.067	0.055	0.469	0.027	0.010	0.673
15.614	0.069	0.069	0.516	0.81	-0.04	-0.89	2.52	0.06	-1.54	44265	0.068	0.057	0.469	0.027	0.011	0.673
15.620	0.069	0.070	0.516	0.83	-0.04	-0.90	2.41	0.12	-1.56	44271	0.068	0.059	0.469	0.027	0.011	0.674
15.620	0.069	0.071	0.516	0.85	-0.05	-0.92	1.85	1.09	-1.47	44277	0.068	0.060	0.469	0.026	0.012	0.674
15.628	0.069	0.072	0.516	0.88	-0.06	-0.93	1.98	0.83	-1.27	44274	0.068	0.062	0.469	0.026	0.012	0.674
15.636	0.069	0.072	0.516	0.89	-0.06	-0.95	0.95	0.68	-1.17	44271	0.068	0.064	0.469	0.026	0.012	0.674
15.652	0.062	0.071	0.516	0.91	-0.03	-0.96	1.04	0.32	-1.08	44252	0.067	0.065	0.469	0.026	0.013	0.674
15.656	0.067	0.068	0.516	0.94	-0.06	-0.97	0.88	0.21	-0.51	44260	0.067	0.066	0.469	0.026	0.013	0.675
15.664	0.067	0.068	0.516	0.94	-0.06	-0.97	-0.98	0.59	-0.78	44265	0.067	0.066	0.469	0.026	0.013	0.675
15.676	0.067	0.069	0.515	0.94	-0.07	-0.98	0.08	0.78	-0.34	44266	0.066	0.067	0.469	0.026	0.013	0.675
15.686	0.067	0.069	0.515	0.94	-0.08	-0.99	-0.60	-0.28	-1.01	44364	0.066	0.067	0.468	0.026	0.013	0.675
15.694	0.067	0.069	0.515	0.93	-0.07	-1.00	-0.80	0.50	-0.39	44367	0.066	0.068	0.468	0.025	0.013	0.675
15.705	0.067	0.067	0.515	0.93	-0.08	-1.00	-1.75	0.78	-0.00	44372	0.066	0.068	0.468	0.025	0.013	0.675
15.719	0.067	0.060	0.514	0.95	-0.09	-1.00	-2.42	0.95	-0.08	44380	0.066	0.067	0.468	0.025	0.012	0.675
15.722	0.067	0.060	0.514	0.92	-0.09	-1.00	-3.52	0.38	0.22	44341	0.066	0.067	0.468	0.025	0.012	0.676
15.737	0.067	0.058	0.514	0.89	-0.10	-0.99	-4.14	0.66	0.90	44347	0.066	0.066	0.468	0.025	0.011	0.676
15.746	0.067	0.058	0.514	0.84	-0.11	-0.99	-4.86	0.85	1.08	44349	0.066	0.065	0.468	0.025	0.011	0.676
15.756	0.067	0.056	0.514	0.85	-0.11	-0.99	-6.64	1.40	0.94	44358	0.066	0.064	0.468	0.025	0.010	0.676
15.763	0.067	0.048	0.514	0.77	-0.13	-0.97	-7.21	0.68	1.25	44364	0.066	0.062	0.467	0.025	0.010	0.676
15.776	0.063	0.047	0.514	0.78	-0.11	-0.97	-7.37	0.81	1.84	44379	0.065	0.061	0.467	0.025	0.009	0.676
15.787	0.063	0.047	0.514	0.70	-0.11	-0.95	-9.35	0.42	1.54	44383	0.065	0.059	0.467	0.024	0.008	0.677
15.795	0.063	0.047	0.514	0.62	-0.12	-0.93	-9.10	0.09	2.16	44389	0.065	0.058	0.467	0.024	0.008	0.677
15.806	0.063	0.047	0.514	0.53	-0.13	-0.92	-10.12	0.10	1.84	44397	0.064	0.056	0.467	0.024	0.007	0.677
15.814	0.063	0.047	0.511	0.43	-0.12	-0.90	-9.87	-1.27	2.02	44831	0.064	0.055	0.467	0.024	0.007	0.677
15.826	0.063	0.054	0.511	0.29	-0.11	-0.87	-9.00	-1.06	2.21	44843	0.064	0.055	0.466	0.024	0.007	0.677
15.831	0.065	0.054	0.511	0.20	-0.12	-0.85	-8.31	-1.74	2.10	44850	0.064	0.055	0.466	0.024	0.007	0.677
15.846	0.067	0.055	0.511	0.10	-0.11	-0.84	-7.31	-1.07	1.91	44863	0.064	0.055	0.466	0.024	0.007	0.677
15.859	0.066	0.042	0.511	0.09	-0.10	-0.82	-5.75	-0.67	1.89	44874	0.064	0.053	0.465	0.024	0.006	0.677
15.866	0.066	0.042	0.511	0.03	-0.09	-0.80	-3.41	-0.96	1.71	44663	0.064	0.052	0.465	0.024	0.005	0.677
15.875	0.066	0.041	0.511	-0.01	-0.08	-0.78	-1.92	-1.26	1.89	44649	0.064	0.051	0.465	0.024	0.005	0.677
15.886	0.066	0.040	0.511	-0.03	-0.07	-0.76	-0.99	-1.26	1.36	44637	0.064	0.049	0.465	0.024	0.004	0.677
15.897	0.066	0.040	0.511	-0.04	-0.06	-0.75	-1.23	-0.99	1.54	44634	0.065	0.048	0.465	0.023	0.004	0.677
15.903	0.061	0.034	0.511	-0.02	-0.02	-0.73	-1.87	-0.88	1.38	44589	0.064	0.046	0.465	0.023	0.003	0.677
15.917	0.066	0.035	0.511	-0.04	-0.03	-0.72	-2.55	-0.90	1.36	44566	0.064	0.045	0.465	0.023	0.003	0.678
15.923	0.066	0.034	0.511	-0.07	-0.02	-0.71	-3.87	-0.79	1.40	44554	0.064	0.043	0.465	0.023	0.002	0.678
15.933	0.066	0.034	0.510	-0.10	-0.02	-0.70	-4.58	-0.53	1.18	44545	0.064	0.042	0.465	0.023	0.002	0.678
15.946	0.066	0.034	0.510	-0.15	-0.01	-0.68	-5.06	-0.98	1.26	44561	0.064	0.041	0.465	0.023	0.001	0.678
15.956	0.066	0.033	0.510	-0.20	0.00	-0.67	-6.09	-1.69	0.78	44546	0.064	0.040	0.465	0.023	0.001	0.678
15.965	0.066	0.033	0.510	-0.26	0.01	-0.66	-6.22	-1.76	0.76	44521	0.065	0.039	0.465	0.023	0.001	0.678
15.975	0.066	0.033	0.510	-0.32	0.03	-0.66	-5.32	-1.83	0.97	44500	0.065	0.038	0.464	0.023	0.001	0.678
15.987	0.066	0.032	0.510	-0.38	0.04	-0.65	-4.79	-1.32	0.90	44496	0.065	0.037	0.464	0.023	0.000	0.678
15.995	0.068	0.034	0.509	-0.44	0.05	-0.64	-3.94	-1.71	0.80	44634	0.065	0.037	0.464	0.023	0.000	0.678
16.003	0.068	0.033	0.509	-0.48	0.06	-0.63	-3.11	-1.69	1.03	44627	0.065	0.036	0.464	0.023	-0.000	0.678
16.015	0.068	0.033	0.509	-0.51	0.08	-0.62	-2.27	-1.33	1.20	44618	0.066	0.035	0.464	0.023	-0.000	0.678
16.024	0.068	0.029	0.509	-0.51	0.09	-0.61	-1.12	-0.54	1.02	44601	0.066	0.035	0.464	0.023	-0.000	0.678
16.031	0.068	0.028	0.508	-0.53	0.10	-0.60	-1.02	-0.46	0.74	44727	0.066	0.034	0.464	0.023	-0.001	0.678
16.045	0.068	0.026	0.508	-0.53	0.11	-0.59	-0.48	0.02	0.63	44729	0.066	0.033	0.463	0.023	-0.001	0.678
16.053	0.068	0.026	0.508	-0.54	0.11	-0.59	-0.40	0.07	0.31	44721	0.066	0.032	0.463	0.023	-0.001	0.678
16.067	0.068	0.024	0.508	-0.53	0.10	-0.58	-1.15	0.14	0.44	44699	0.066	0.031	0.463	0.023	-0.002	0.678
16.076	0.068	0.030	0.507	-0.58	0.11	-0.58	-1.28	-0.45	0.29	44684	0.067	0.030	0.463	0.023	-0.002	0.678
16.082	0.068	0.029	0.507	-0.59	0.11	-0.57	-1.43	-0.42	0.34	44783	0.067	0.030	0.463	0.023	-0.002	0.678
16.096	0.070	0.030	0.507	-0.60	0.10	-0.57	-1.78	0.08	0.34	44776	0.067	0.030	0.462	0.023	-0.002	0.678
16.106	0.072	0.021	0.506	-0.57	0.09	-0.57	-1.73	-0.15	-0.03	44774	0.068	0.029	0.462	0.023	-0.002	0.678
16.114	0.073	0.020	0.506	-0.59	0.09	-0.57	-1.11	-0.40	0.61	44765	0.068	0.027	0.462	0.023	-0.002	0.678
16.124	0.070	0.021	0.505	-0.60	0.10	-0.56	-0.54	-0.48	0.48	44938	0.068	0.027	0.462	0.023	-0.003	0.678
16.136	0.070	0.021	0.505	-0.61	0.11	-0.56	-0.62	-0.84	0.68	44929	0.069	0.026	0.462	0.023	-0.003	0.678
16.144	0.070	0.020	0.505	-0.62	0.12	-0.55	-0.28	-0.95	0.75	44920	0.069	0.025	0.461	0.023	-0.003	0.677
16.155	0.070	0.020	0.505	-0.62	0.12	-0.54	0.30	-0.86	1.24	44908	0.069	0.024	0.461	0.023	-0.003	0.677
16.168	0.070	0.020	0.507	-0.62	0.13	-0.53	0.29	-1.41	1.53	44407	0.069	0.024	0.462	0.023	-0.003	0.677
16.176	0.072	0.020	0.507	-0.62	0.13	-0.52	0.29	-0.52	1.73	44373	0.070	0.023	0.462	0.023	-0.004	0.678
16.184	0.072	0.020	0.507	-0.62	0.14	-0.50	0.60	-0.18	1.59	44336	0.070	0.023	0.462	0.023	-0.004	0.678
16.197	0.072	0.020	0.507	-0.61	0.14	-0.49	0.81	-0.38	1.50	44312	0.070	0.022	0.462	0.023	-0.004	0.678
16.204	0.072	0.020	0.507	-0.60	0.15	-0.47	0.77	-0.34	1.56	44294	0.071	0.022	0.462	0.023	-0.004	0.678
16.216	0.072	0.020	0.507	-0.60	0.15	-0.46	1.99	-0.51	1.76	44299	0.071	0.021	0.462	0.023	-0.004	0.678
16.226	0.072	0.017	0.507	-0.57	0.16	-0.44	2.04	-0.47	1.69	44265	0.071	0.021	0.462	0.022	-0.004	0.678
16.234	0.072	0.016	0.507	-0.55	0.16	-0.42	3.06	-0.27	2.00	44242	0.071	0.020	0.463	0.022	-0.004	0.678
16.246	0.072	0.016	0.508	-0.52	0.16	-0.40	3.59	-0.14	2.10	44217	0.072	0.019	0.463	0.022	-0.004	0.678
16.254	0.072	0.016	0.507	-0.49	0.16	-0.38	3.89	0.12	2.39	44401	0.072	0.019	0.463	0.022	-0.005	0.678
16.267	0.072	0.013	0.507	-0.43	0.16	-0.36	3.84	0.88	2.58	44382	0.072	0.018	0.463	0.022	-0.005	0.678
16.274	0.070	0.012	0.507	-0.39	0.17	-0.34	2.78	0.66	2.44	44364	0.072	0.017	0.462	0.022	-0.005	0.678
16.288	0.070	0.012	0.507	-0.36	0.17	-0.31	2.05	2.44	2.39	42204	0.072	0.017	0.462	0.022	-0.005	0.678
16.291	0.070	0.012	0.508	-0.34	0.14	-0.29	0.83	1.98	2.54	42172	0.071	0.016	0.463	0.022	-0.005	0.678
16.303	0.070	0.015	0.508	-0.34	0.12	-0.26	-0.73	1.20	2.82	41972	0.071	0.016	0.463	0.021	-0.005	0.678
16.316	0.071	0.007	0.508	-0.31	0.10	-0.24	-1.22	2.55	3.21	41954	0.071	0.015	0.462	0.021	-0.006	0.678
16.325	0.071	0.026	0.508	-0.42	0.08	-0.21	-2.11	1.90	3.55	41954	0.071	0.016	0.462	0.021	-0.005	0.678
16.335	0.072	0.029	0.508	-0.46	0.06	-0.17	-3.02	2.26	3.59	41957	0.072	0.017	0.462	0.021	-0.005	0.678
16.346	0.072	0.020	0.508	-0.43	0.03	-0.13	-1.95	2.03	3.29	41973	0.072	0.018	0.462	0.021	-0.004	0.678
16.356	0.072	0.030	0.508	-0.50	0.01	-0.10	0.94	0.56	3.90	42006	0.072	0.019	0.462	0.021	-0.004	0.678
16.363	0.070	0.032	0.508	-0.52	0.01	-0.06	2.15	0.12	3.77	42042	0.072	0.020	0.462	0.021	-0.003	0.678
16.376	0.070	0.032	0.508	-0.49	0.00	-0.02	4.30	-0.42	4.05	42068	0.072	0.022	0.461	0.021	-0.003	0.678
16.383	0.070	0.045	0.507	-0.53	0.00	0.02	6.50	-0.82	3.61	42416	0.072	0.025	0.461	0.020	-0.002	0.678
16.393	0.070	0.041	0.506	-0.45	0.01	0.05	8.49	-0.77	4.06	42483	0.071	0.027	0.460	0.020	-0.001	0.679
16.402	0.070	0.041	0.506	-0.37	0.02	0.09	9.48	-1.20	3.99	42538	0.071	0.028	0.460	0.020	-0.000	0.679
16.416	0.070	0.041	0.506	-0.28	0.03	0.13	10.78	-0.24	3.69	42592	0.071	0.030	0.459	0.020	0.000	0.679
16.425	0.070	0.037	0.506	-0.15	0.04	0.17	11.20	-0.09	3.82	42658	0.071	0.031	0.459	0.020	0.001	0.679
16.435	0.070	0.037	0.504	-0.04	0.04	0.21	10.77	0.10	3.66	42939	0.071	0.032	0.458	0.019	0.001	0.679
16.443	0.070	0.037	0.504	0.08	0.04	0.25	9.27	0.21	3.87	43016	0.071	0.033	0.457	0.019	0.001	0.679
16.455	0.070	0.037	0.504	0.18	0.04	0.28	7.52	0.91	3.30	43112	0.071	0.033	0.457	0.019	0.001	0.679
16.465	0.070	0.045	0.503	0.21	0.03	0.32	5.48	1.41	3.10	43212	0.071	0.035	0.456	0.019	0.002	0.680
16.475	0.070	0.045	0.505	0.28	0.01	0.35	3.45	2.20	3.11	42916	0.071	0.036	0.456	0.019	0.002	0.680
16.484	0.070	0.047	0.505	0.31	-0.01	0.38	1.90	1.87	3.19	40940	0.071	0.038	0.455	0.019	0.003	0.680
16.494	0.071	0.044	0.504	0.35	-0.03	0.42	1.15	1.96	3.02	41017	0.071	0.039	0.455	0.019	0.003	0.681
16.506	0.071	0.044	0.504	0.37	-0.05	0.45	1.18	1.17	3.34	41100	0.071	0.039	0.454	0.018	0.003	0.681
16.514	0.071	0.044	0.503	0.38	-0.06	0.48	0.89	1.10	2.80	41171	0.071	0.040	0.454	0.018	0.003	0.681
16.524	0.068	0.044	0.502	0.39	-0.07	0.50	1.62	0.41	2.93	41357	0.071	0.041	0.453	0.018	0.003	0.682
16.534	0.068	0.044	0.502	0.41	-0.08	0.53	1.76	0.26	3.03	41464	0.071	0.041	0.452	0.018	0.004	0.682
16.544	0.071	0.053	0.501	0.38	-0.10	0.56	3.17	0.58	3.11	41568	0.071	0.043	0.451	0.018	0.004	0.682
16.555	0.071	0.053	0.501	0.40	-0.10	0.60	2.99	-0.15	3.08	41692	0.071	0.044	0.451	0.018	0.005	0.683
16.564	0.071	0.054	0.502	0.43	-0.10	0.63	4.12	0.72	2.98	41426	0.071	0.046	0.450	0.018	0.005	0.683
16.579	0.068	0.053	0.501	0.48	-0.09	0.66	4.12	-0.29	2.84	41532	0.071	0.047	0.449	0.017	0.005	0.684
16.584	0.071	0.054	0.501	0.52	-0.10	0.68	4.85	-0.89	2.75	41651	0.071	0.048	0.449	0.017	0.005	0.684
16.596	0.070	0.064	0.500	0.51	-0.09	0.71	5.42	0.39	2.61	41777	0.071	0.050	0.448	0.017	0.006	0.685
16.608	0.068	0.063	0.499	0.57	-0.08	0.74	4.66	0.41	2.23	41987	0.071	0.052	0.447	0.017	0.007	0.685
16.616	0.068	0.063	0.498	0.62	-0.08	0.76	4.24	0.51	2.38	42138	0.070	0.054	0.446	0.017	0.007	0.686
16.626	0.068	0.064	0.497	0.67	-0.09	0.78	3.95	0.24	2.23	42285	0.070	0.055	0.445	0.017	0.008	0.686
16.636	0.068	0.064	0.496	0.71	-0.09	0.81	3.85	-0.45	2.13	42432	0.070	0.056	0.444	0.016	0.008	0.687
16.642	0.068	0.065	0.495	0.74	-0.09	0.83	4.63	0.49	1.83	42583	0.070	0.058	0.443	0.016	0.008	0.687
16.658	0.068	0.066	0.495	0.78	-0.09	0.85	2.55	-0.34	1.85	42531	0.070	0.059	0.442	0.016	0.009	0.688
16.665	0.062	0.065	0.494	0.82	-0.05	0.87	2.37	0.35	2.20	42674	0.069	0.060	0.441	0.016	0.009	0.689
16.673	0.066	0.064	0.493	0.85	-0.08	0.89	0.76	-0.14	2.31	42833	0.069	0.061	0.440	0.015	0.009	0.689
16.687	0.066	0.064	0.492	0.87	-0.08	0.91	-0.13	-0.22	2.13	42989	0.069	0.061	0.439	0.015	0.009	0.690
16.693	0.064	0.066	0.492	0.86	-0.07	0.93	-0.84	0.55	2.44	42994	0.068	0.062	0.438	0.015	0.009	0.690
16.699	0.064	0.066	0.491	0.86	-0.08	0.96	-1.98	1.31	1.82	40981	0.068	0.063	0.437	0.015	0.009	0.691
16.715	0.066	0.069	0.490	0.83	-0.10	0.98	-2.70	0.70	2.05	41108	0.068	0.064	0.436	0.015	0.009	0.692
16.723	0.067	0.071	0.488	0.80	-0.11	1.00	-2.47	1.17	1.53	41225	0.068	0.065	0.435	0.015	0.010	0.692
16.735	0.071	0.071	0.486	0.77	-0.14	1.01	-2.87	0.51	1.59	41365	0.068	0.066	0.433	0.015	0.010	0.693
16.745	0.069	0.072	0.485	0.74	-0.13	1.03	-1.48	0.71	1.28	41650	0.068	0.067	0.432	0.015	0.010	0.693
16.755	0.069	0.072	0.484	0.72	-0.14	1.04	-0.62	0.08	1.27	41785	0.068	0.068	0.430	0.015	0.010	0.694
16.760	0.067	0.074	0.482	0.70	-0.13	1.05	0.44	0.31	1.07	41952	0.068	0.069	0.429	0.014	0.011	0.695
16.778	0.067	0.074	0.481	0.70	-0.14	1.07	1.88	0.20	0.93	42110	0.068	0.070	0.427	0.014	0.011	0.695
16.786	0.067	0.074	0.479	0.71	-0.13	1.07	1.77	-0.02	0.90	42363	0.068	0.070	0.425	0.014	0.011	0.696
16.794	0.067	0.075	0.477	0.72	-0.13	1.08	2.06	-0.20	0.65	42532	0.068	0.071	0.424	0.014	0.011	0.696
16.805	0.067	0.075	0.476	0.74	-0.13	1.09	0.99	-0.34	0.54	42699	0.068	0.072	0.422	0.014	0.011	0.697
16.820	0.064	0.077	0.474	0.75	-0.11	1.10	0.41	-0.89	0.28	42873	0.067	0.073	0.420	0.014	0.011	0.697
16.827	0.067	0.076	0.471	0.76	-0.12	1.10	-0.08	-0.39	0.28	43267	0.067	0.073	0.418	0.014	0.011	0.698
16.835	0.064	0.076	0.469	0.76	-0.10	1.10	-0.77	-0.28	0.18	43452	0.067	0.074	0.416	0.013	0.011	0.699
16.845	0.064	0.080	0.467	0.74	-0.10	1.10	-1.48	0.59	-0.50	43635	0.067	0.075	0.414	0.013	0.012	0.699
16.852	0.064	0.081	0.465	0.73	-0.10	1.10	-1.00	-0.22	-0.66	43792	0.066	0.076	0.412	0.013	0.012	0.700
16.866	0.064	0.081	0.463	0.72	-0.10	1.10	-0.45	0.76	-1.02	43959	0.066	0.077	0.410	0.013	0.012	0.700
16.875	0.064	0.081	0.461	0.71	-0.11	1.09	-1.52	0.82	-1.54	44161	0.066	0.077	0.408	0.013	0.012	0.701
16.888	0.060	0.081	0.459	0.70	-0.09	1.08	-2.00	-0.02	-1.64	44304	0.065	0.078	0.406	0.012	0.012	0.701
16.895	0.064	0.079	0.457	0.70	-0.12	1.06	-1.08	0.27	-0.85	44468	0.065	0.078	0.404	0.012	0.012	0.702
16.903	0.064	0.081	0.455	0.67	-0.12	1.05	-2.59	-0.76	-1.36	44622	0.065	0.079	0.402	0.012	0.012	0.702
16.908	0.060	0.081	0.452	0.66	-0.09	1.04	-2.54	-0.51	-0.99	42876	0.065	0.079	0.400	0.012	0.012	0.703
16.925	0.066	0.082	0.450	0.63	-0.12	1.03	-2.90	-0.58	-1.38	43010	0.065	0.080	0.398	0.012	0.012	0.703
16.937	0.060	0.078	0.448	0.63	-0.08	1.01	-2.59	-0.20	-1.03	43138	0.064	0.080	0.396	0.012	0.012	0.703
16.948	0.060	0.078	0.445	0.60	-0.08	1.00	-2.83	-0.86	-0.99	43253	0.064	0.080	0.394	0.011	0.012	0.704
16.961	0.064	0.083	0.444	0.55	-0.10	0.99	-3.00	0.01	-0.89	43390	0.064	0.080	0.392	0.011	0.012	0.704
16.965	0.060	0.071	0.441	0.59	-0.07	0.98	-3.04	1.02	-0.85	43495	0.063	0.079	0.389	0.011	0.012	0.705
16.968	0.060	0.071	0.439	0.56	-0.07	0.97	-3.47	0.91	-0.18	43638	0.063	0.079	0.387	0.011	0.011	0.705
16.987	0.076	0.066	0.437	0.56	-0.19	0.96	-3.24	1.07	0.26	43774	0.065	0.077	0.385	0.011	0.010	0.705
16.994	0.061	0.068	0.435	0.51	-0.09	0.97	-3.37	1.96	0.81	43918	0.064	0.076	0.383	0.011	0.010	0.706
17.004	0.059	0.073	0.433	0.45	-0.10	0.97	-4.51	2.87	0.83	43952	0.063	0.076	0.381	0.011	0.010	0.706
17.011	0.060	0.070	0.431	0.43	-0.13	0.98	-5.42	2.30	1.16	44080	0.063	0.075	0.378	0.011	0.009	0.707
17.025	0.051	0.069	0.429	0.38	-0.10	0.99	-6.39	1.77	1.16	44212	0.061	0.075	0.376	0.010	0.009	0.707
17.036	0.056	0.080	0.426	0.25	-0.16	1.00	-7.28	0.96	1.55	44347	0.061	0.075	0.374	0.010	0.009	0.708
17.044	0.060	0.079	0.424	0.18	-0.20	1.01	-7.58	0.74	2.00	44476	0.061	0.076	0.372	0.010	0.009	0.708
17.053	0.060	0.078	0.422	0.10	-0.21	1.03	-6.96	-0.15	2.51	44590	0.061	0.076	0.370	0.010	0.009	0.708
17.064	0.061	0.065	0.419	0.12	-0.21	1.05	-5.94	0.05	2.35	44710	0.061	0.075	0.368	0.010	0.009	0.709
17.075	0.059	0.071	0.417	0.02	-0.20	1.08	-4.31	-0.14	2.73	44832	0.060	0.074	0.366	0.010	0.009	0.709
17.088	0.061	0.077	0.415	-0.07	-0.21	1.11	-3.29	-0.45	2.55	44938	0.060	0.075	0.363	0.009	0.009	0.710
17.095	0.060	0.076	0.412	-0.10	-0.21	1.13	-1.94	-0.09	2.81	45107	0.060	0.075	0.361	0.009	0.009	0.710
17.105	0.060	0.078	0.410	-0.14	-0.20	1.16	-1.85	-0.52	3.07	45215	0.060	0.075	0.359	0.009	0.009	0.710
17.112	0.052	0.073	0.408	-0.12	-0.14	1.19	-1.09	-0.55	2.86	45313	0.059	0.075	0.357	0.009	0.009	0.710
17.125	0.054	0.060	0.405	-0.04	-0.14	1.22	-0.36	-0.34	3.03	45399	0.059	0.073	0.355	0.009	0.008	0.711
17.135	0.054	0.060	0.405	-0.05	-0.13	1.25	-1.93	-0.47	3.05	42936	0.058	0.072	0.353	0.008	0.007	0.711
17.144	0.056	0.061	0.403	-0.08	-0.14	1.27	-3.81	0.06	1.63	42987	0.058	0.070	0.351	0.008	0.007	0.712
17.154	0.056	0.058	0.401	-0.09	-0.14	1.30	-2.40	0.33	2.47	43032	0.057	0.069	0.349	0.008	0.006	0.712
17.164	0.056	0.057	0.399	-0.12	-0.14	1.32	-3.99	0.88	2.14	43089	0.057	0.067	0.347	0.008	0.006	0.712
17.174	0.054	0.058	0.396	-0.17	-0.13	1.34	-3.77	1.34	2.54	43169	0.057	0.066	0.345	0.008	0.005	0.713
17.187	0.055	0.056	0.394	-0.19	-0.15	1.37	-4.04	2.28	2.60	43352	0.056	0.065	0.343	0.008	0.005	0.713
17.194	0.055	0.055	0.392	-0.23	-0.16	1.39	-3.75	1.86	2.64	43444	0.056	0.064	0.341	0.008	0.004	0.713
17.204	0.056	0.056	0.389	-0.27	-0.20	1.42	-2.95	2.28	2.77	43549	0.056	0.063	0.339	0.008	0.004	0.713
17.208	0.056	0.056	0.387	-0.30	-0.22	1.44	-2.93	1.54	2.97	43660	0.056	0.062	0.336	0.008	0.004	0.714
17.225	0.058	0.056	0.385	-0.34	-0.25	1.47	-2.39	0.89	2.99	43694	0.056	0.061	0.334	0.008	0.003	0.714
17.232	0.057	0.057	0.383	-0.37	-0.25	1.50	-2.73	1.51	3.04	43802	0.056	0.061	0.332	0.008	0.003	0.714
17.243	0.057	0.057	0.381	-0.40	-0.26	1.54	-1.39	0.62	3.38	43915	0.056	0.060	0.330	0.008	0.003	0.715
17.255	0.058	0.057	0.379	-0.42	-0.28	1.57	-0.72	-1.21	3.11	44017	0.056	0.060	0.328	0.008	0.003	0.715
17.265	0.056	0.057	0.377	-0.43	-0.26	1.60	-1.17	-0.35	2.98	44195	0.056	0.059	0.326	0.008	0.003	0.715
17.270	0.056	0.056	0.374	-0.43	-0.25	1.63	-0.27	-3.04	3.00	44317	0.056	0.059	0.323	0.008	0.003	0.716
17.284	0.053	0.056	0.372	-0.45	-0.21	1.66	1.08	-2.25	4.32	44414	0.056	0.058	0.321	0.008	0.002	0.716
17.295	0.057	0.056	0.370	-0.44	-0.21	1.69	0.80	-1.83	3.92	44519	0.056	0.058	0.319	0.008	0.002	0.716
17.304	0.057	0.056	0.368	-0.43	-0.19	1.73	2.30	-2.58	3.82	44634	0.056	0.058	0.317	0.008	0.002	0.716
17.313	0.057	0.056	0.365	-0.42	-0.17	1.77	0.52	-1.48	2.44	44927	0.056	0.057	0.315	0.008	0.002	0.717
17.320	0.057	0.056	0.362	-0.40	-0.15	1.80	0.45	-1.72	2.55	45023	0.056	0.057	0.312	0.008	0.002	0.717
17.335	0.053	0.055	0.360	-0.39	-0.09	1.83	-0.18	-1.06	3.13	43079	0.055	0.057	0.310	0.008	0.002	0.717
17.343	0.063	0.047	0.358	-0.32	-0.16	1.86	-0.24	-1.34	3.04	43164	0.056	0.056	0.308	0.008	0.001	0.717
17.354	0.058	0.053	0.355	-0.38	-0.11	1.89	-0.59	-1.67	3.12	43418	0.056	0.055	0.305	0.008	0.001	0.717
17.363	0.035	0.055	0.352	-0.41	0.11	1.92	-1.01	-1.06	2.83	43503	0.054	0.055	0.303	0.007	0.001	0.718
17.372	0.035	0.054	0.350	-0.41	0.11	1.95	-1.08	-0.72	3.46	43607	0.051	0.055	0.301	0.006	0.001	0.718
17.384	0.035	0.054	0.348	-0.43	0.11	1.98	-1.94	-0.78	2.08	43700	0.049	0.055	0.298	0.005	0.001	0.718
17.395	0.034	0.054	0.344	-0.44	0.12	2.00	-1.14	0.92	3.36	43810	0.047	0.055	0.296	0.005	0.001	0.718
17.405	0.034	0.054	0.341	-0.46	0.12	2.03	-1.38	3.50	2.25	44262	0.045	0.055	0.293	0.004	0.001	0.718
17.413	0.033	0.054	0.339	-0.47	0.09	2.05	-0.83	6.27	2.42	44370	0.044	0.055	0.290	0.003	0.001	0.718
17.426	0.032	0.054	0.337	-0.48	0.05	2.08	1.19	7.27	2.84	44481	0.042	0.054	0.288	0.003	0.001	0.718
17.435	0.031	0.054	0.334	-0.48	-0.02	2.11	1.66	9.61	2.19	44610	0.040	0.054	0.285	0.002	0.001	0.718
17.445	0.031	0.054	0.333	-0.46	-0.11	2.13	2.91	9.08	2.36	44575	0.039	0.054	0.283	0.002	0.001	0.719
17.455	0.028	0.053	0.330	-0.44	-0.18	2.15	4.26	8.04	2.33	44692	0.037	0.054	0.281	0.002	0.001	0.719
17.465	0.032	0.050	0.328	-0.37	-0.31	2.17	3.49	7.25	1.46	44805	0.036	0.054	0.279	0.001	0.001	0.719
17.473	0.032	0.050	0.326	-0.33	-0.38	2.19	2.96	6.99	1.55	44902	0.036	0.053	0.276	0.001	0.001	0.719
17.484	0.030	0.052	0.324	-0.33	-0.44	2.20	1.78	5.57	1.17	44967	0.035	0.053	0.274	0.001	0.001	0.719
17.496	0.031	0.054	0.321	-0.32	-0.51	2.21	1.60	2.81	1.46	45085	0.034	0.053	0.272	0.001	0.001	0.719
17.506	0.030	0.056	0.319	-0.32	-0.55	2.23	1.39	1.39	1.05	45184	0.033	0.054	0.270	0.001	0.001	0.719
17.515	0.032	0.057	0.317	-0.32	-0.59	2.24	0.09	-0.02	1.20	45281	0.033	0.054	0.268	0.001	0.001	0.720
17.527	0.043	0.060	0.314	-0.34	-0.72	2.25	0.59	-0.86	1.16	45392	0.034	0.055	0.265	0.001	0.001	0.720
17.536	0.032	0.059	0.312	-0.33	-0.60	2.26	0.81	-1.24	1.30	45518	0.033	0.055	0.263	0.001	0.001	0.720
17.544	0.049	0.060	0.310	-0.32	-0.76	2.28	1.49	-2.48	1.43	43483	0.035	0.056	0.261	0.002	0.001	0.720
17.554	0.044	0.057	0.307	-0.28	-0.69	2.29	3.14	-4.05	1.32	43552	0.035	0.056	0.259	0.002	0.002	0.720
17.564	0.044	0.057	0.305	-0.25	-0.65	2.31	4.89	-4.83	1.58	43618	0.036	0.056	0.257	0.003	0.002	0.720
17.574	0.047	0.058	0.303	-0.22	-0.64	2.32	5.87	-5.28	1.49	43746	0.037	0.057	0.254	0.003	0.002	0.720
17.585	0.053	0.072	0.300	-0.32	-0.65	2.33	6.84	-5.95	1.13	43835	0.039	0.059	0.252	0.004	0.002	0.720
17.597	0.052	0.072	0.298	-0.25	-0.58	2.34	7.01	-6.34	1.47	43928	0.040	0.060	0.250	0.004	0.003	0.720
17.605	0.052	0.072	0.296	-0.18	-0.52	2.36	7.87	-6.95	1.14	44008	0.041	0.062	0.248	0.005	0.003	0.720
17.614	0.052	0.071	0.295	-0.09	-0.45	2.37	8.26	-7.54	0.95	44100	0.042	0.063	0.246	0.005	0.004	0.720
17.624	0.053	0.073	0.293	-0.02	-0.38	2.38	8.59	-8.50	0.96	43965	0.043	0.065	0.244	0.006	0.004	0.721
17.632	0.054	0.072	0.290	0.08	-0.31	2.39	9.52	-9.00	0.97	44061	0.044	0.066	0.241	0.006	0.004	0.721
17.647	0.054	0.071	0.288	0.18	-0.21	2.40	10.29	-8.69	1.28	44160	0.045	0.066	0.239	0.007	0.005	0.721
17.655	0.054	0.072	0.286	0.28	-0.12	2.41	8.99	-8.75	0.60	44273	0.046	0.067	0.237	0.007	0.005	0.721
17.665	0.055	0.072	0.284	0.38	-0.04	2.42	8.47	-7.90	0.48	44297	0.047	0.068	0.235	0.007	0.005	0.721
17.673	0.055	0.072	0.282	0.47	0.04	2.42	6.35	-7.45	0.59	44414	0.048	0.069	0.233	0.008	0.005	0.721
17.685	0.059	0.072	0.280	0.55	0.07	2.43	5.04	-6.75	0.83	44552	0.049	0.069	0.231	0.008	0.005	0.721
17.696	0.058	0.073	0.278	0.60	0.15	2.44	3.56	-5.42	0.73	44672	0.050	0.070	0.229	0.009	0.005	0.721
17.705	0.059	0.073	0.275	0.65	0.20	2.45	2.60	-4.82	0.91	44785	0.051	0.070	0.227	0.009	0.006	0.721
17.714	0.060	0.073	0.273	0.67	0.25	2.45	1.35	-4.10	1.06	44946	0.052	0.071	0.225	0.009	0.006	0.721
17.722	0.061	0.074	0.271	0.68	0.28	2.46	0.28	-4.34	1.07	45057	0.053	0.071	0.223	0.010	0.006	0.721
17.734	0.061	0.074	0.269	0.69	0.33	2.47	-0.32	-4.59	0.93	45165	0.054	0.072	0.221	0.010	0.006	0.722
17.746	0.062	0.075	0.267	0.68	0.37	2.48	-1.18	-5.55	1.06	45283	0.055	0.072	0.219	0.010	0.006	0.722
17.754	0.062	0.075	0.264	0.68	0.42	2.49	-0.91	-6.82	1.19	43400	0.055	0.073	0.216	0.011	0.006	0.722
17.763	0.063	0.076	0.262	0.64	0.48	2.50	-0.74	-6.22	1.12	43474	0.056	0.073	0.214	0.011	0.006	0.722
17.775	0.063	0.076	0.259	0.64	0.55	2.51	-0.67	-6.72	1.24	43555	0.057	0.074	0.212	0.011	0.006	0.721
17.782	0.062	0.081	0.257	0.56	0.63	2.52	1.27	-6.41	1.14	43645	0.058	0.075	0.210	0.011	0.006	0.721
17.795	0.064	0.066	0.256	0.81	0.68	2.53	2.38	-5.29	1.62	43500	0.059	0.074	0.208	0.011	0.006	0.722
17.806	0.066	0.069	0.254	0.78	0.72	2.54	3.61	-4.47	1.12	43584	0.059	0.073	0.206	0.012	0.006	0.722
17.814	0.066	0.069	0.252	0.81	0.77	2.56	3.32	-2.64	0.97	43678	0.060	0.073	0.204	0.012	0.005	0.722
17.824	0.066	0.069	0.250	0.83	0.81	2.57	1.26	-1.64	0.49	43784	0.061	0.073	0.202	0.012	0.005	0.722
17.833	0.066	0.069	0.248	0.86	0.83	2.57	0.48	-0.87	0.60	43889	0.062	0.072	0.200	0.012	0.005	0.722
17.846	0.067	0.069	0.246	0.86	0.82	2.58	-1.47	-0.42	0.24	43969	0.062	0.072	0.197	0.012	0.005	0.722
17.854	0.068	0.069	0.243	0.85	0.83	2.58	-3.63	-0.60	0.11	44093	0.063	0.072	0.195	0.013	0.005	0.722
17.865	0.068	0.069	0.241	0.82	0.83	2.58	-5.53	0.35	0.07	44203	0.064	0.072	0.193	0.013	0.005	0.722
17.874	0.069	0.068	0.239	0.79	0.81	2.58	-6.80	0.49	0.55	44325	0.065	0.071	0.191	0.013	0.004	0.722
17.885	0.069	0.067	0.239	0.75	0.81	2.58	-7.31	0.28	0.38	44152	0.065	0.071	0.189	0.013	0.004	0.722
17.895	0.070	0.068	0.236	0.67	0.80	2.59	-7.72	-1.08	0.33	44272	0.066	0.070	0.187	0.013	0.004	0.722
17.905	0.069	0.079	0.234	0.35	0.82	2.61	-7.25	-2.05	0.29	44371	0.067	0.071	0.185	0.013	0.005	0.722
17.913	0.070	0.080	0.232	0.27	0.83	2.61	-5.83	-1.59	0.42	44483	0.067	0.072	0.183	0.013	0.005	0.722
17.925	0.070	0.079	0.230	0.22	0.86	2.61	-2.99	-2.51	0.65	44599	0.068	0.073	0.182	0.013	0.005	0.722
17.935	0.071	0.078	0.228	0.21	0.87	2.62	0.03	-3.27	0.62	44633	0.068	0.074	0.180	0.013	0.005	0.722
17.945	0.071	0.078	0.226	0.20	0.90	2.62	3.08	-2.98	0.28	44749	0.069	0.074	0.178	0.013	0.006	0.723
17.956	0.071	0.078	0.224	0.22	0.93	2.62	5.66	-2.00	0.22	44870	0.070	0.075	0.176	0.013	0.006	0.723
17.965	0.071	0.079	0.222	0.27	0.95	2.63	7.68	-0.65	0.18	44964	0.070	0.075	0.174	0.013	0.006	0.723
17.974	0.072	0.078	0.219	0.35	0.96	2.63	7.69	0.26	-0.15	43094	0.071	0.076	0.172	0.013	0.006	0.723
17.983	0.072	0.078	0.217	0.44	0.95	2.63	6.96	0.89	-0.36	43194	0.071	0.076	0.170	0.013	0.006	0.723
17.992	0.073	0.078	0.214	0.52	0.94	2.63	5.73	2.05	-0.74	43293	0.072	0.076	0.167	0.013	0.006	0.722
18.007	0.073	0.078	0.212	0.58	0.92	2.62	4.00	4.05	-0.97	43389	0.072	0.077	0.165	0.013	0.006	0.722
18.014	0.071	0.080	0.209	0.58	0.93	2.62	1.67	4.55	-1.52	43797	0.072	0.077	0.163	0.013	0.006	0.722
18.025	0.069	0.080	0.206	0.61	0.96	2.61	-0.63	4.99	-1.65	43931	0.072	0.077	0.160	0.013	0.006	0.722
18.032	0.077	0.082	0.204	0.57	0.66	2.59	-2.72	4.63	-1.55	44055	0.073	0.078	0.158	0.013	0.006	0.722
18.046	0.078	0.082	0.202	0.55	0.61	2.57	-3.17	4.44	-1.30	44180	0.074	0.078	0.156	0.013	0.007	0.722
18.054	0.078	0.082	0.199	0.52	0.57	2.56	-2.11	3.97	-1.47	44324	0.075	0.079	0.153	0.013	0.007	0.722
18.065	0.078	0.081	0.197	0.53	0.53	2.54	-2.03	1.79	-1.14	44558	0.076	0.079	0.151	0.013	0.007	0.722
18.071	0.078	0.081	0.194	0.50	0.53	2.53	-1.31	-0.47	-1.56	44678	0.077	0.079	0.148	0.013	0.007	0.722
18.083	0.078	0.081	0.192	0.50	0.53	2.51	-0.02	-2.97	-1.67	44819	0.077	0.080	0.146	0.013	0.007	0.721
18.090	0.078	0.081	0.190	0.51	0.56	2.50	0.83	-5.32	-1.91	44958	0.078	0.080	0.143	0.013	0.007	0.721
18.104	0.077	0.080	0.187	0.54	0.63	2.48	1.94	-6.91	-1.90	45159	0.078	0.080	0.141	0.013	0.007	0.721
18.113	0.077	0.080	0.184	0.55	0.72	2.46	1.53	-6.39	-1.84	45288	0.078	0.080	0.139	0.013	0.007	0.721
18.124	0.078	0.080	0.182	0.57	0.74	2.44	0.17	-5.65	-1.96	45425	0.079	0.080	0.136	0.013	0.007	0.721
18.132	0.077	0.087	0.180	0.30	0.85	2.45	-0.03	-3.62	-2.04	45543	0.079	0.081	0.134	0.013	0.007	0.721
18.142	0.076	0.087	0.176	0.32	0.91	2.43	-2.06	-1.91	-2.34	45660	0.079	0.082	0.132	0.012	0.007	0.721
18.153	0.077	0.087	0.174	0.33	0.92	2.41	-2.34	0.45	-1.84	45934	0.080	0.082	0.129	0.012	0.008	0.720
18.164	0.077	0.087	0.171	0.33	0.94	2.38	-1.75	2.80	-1.68	46047	0.080	0.083	0.127	0.012	0.008	0.720
18.175	0.077	0.087	0.169	0.31	0.92	2.36	-0.38	4.59	-1.36	44065	0.080	0.083	0.125	0.012	0.008	0.720
18.183	0.077	0.087	0.167	0.30	0.88	2.35	0.98	5.52	-1.51	44147	0.080	0.084	0.122	0.012	0.008	0.720
18.193	0.076	0.087	0.166	0.32	0.85	2.34	3.46	7.01	-1.74	43950	0.080	0.084	0.120	0.011	0.008	0.720
18.201	0.076	0.087	0.163	0.34	0.79	2.32	5.96	6.68	-1.23	44040	0.080	0.085	0.118	0.011	0.008	0.719
18.213	0.076	0.087	0.161	0.41	0.69	2.30	6.50	6.79	-1.46	44117	0.080	0.085	0.116	0.011	0.008	0.719
18.224	0.076	0.087	0.159	0.48	0.63	2.29	6.81	6.22	-2.00	44213	0.080	0.085	0.114	0.011	0.008	0.719
18.233	0.077	0.087	0.156	0.57	0.52	2.27	7.48	6.71	-2.11	44420	0.080	0.086	0.111	0.010	0.008	0.719
18.245	0.079	0.091	0.154	0.41	0.26	2.27	6.22	5.41	-2.28	44525	0.081	0.086	0.109	0.010	0.009	0.719
18.249	0.079	0.091	0.151	0.53	0.22	2.24	4.73	4.12	-2.47	44603	0.081	0.087	0.107	0.010	0.009	0.718
18.263	0.079	0.091	0.149	0.63	0.19	2.21	2.81	2.32	-2.31	44708	0.081	0.087	0.104	0.010	0.009	0.718
18.276	0.079	0.091	0.145	0.69	0.17	2.19	2.79	1.63	-2.32	44824	0.082	0.088	0.102	0.010	0.009	0.718
18.280	0.079	0.091	0.143	0.77	0.16	2.16	2.55	-1.00	-1.86	45188	0.082	0.088	0.100	0.010	0.009	0.718
18.295	0.079	0.091	0.141	0.80	0.17	2.14	1.17	-3.24	-2.17	45304	0.082	0.088	0.097	0.009	0.009	0.717
18.305	0.079	0.091	0.138	0.88	0.22	2.11	0.92	-4.81	-2.18	45406	0.082	0.089	0.095	0.009	0.009	0.717
18.315	0.079	0.091	0.136	0.93	0.30	2.08	-0.06	-5.74	-1.88	45528	0.083	0.089	0.092	0.009	0.009	0.717
18.322	0.080	0.091	0.134	0.95	0.36	2.06	-1.04	-5.58	-1.53	45529	0.083	0.089	0.090	0.009	0.009	0.716
18.335	0.080	0.091	0.132	0.95	0.46	2.05	-2.83	-4.56	-1.52	45625	0.083	0.089	0.088	0.009	0.009	0.716
18.343	0.080	0.090	0.129	0.94	0.52	2.03	-4.39	-1.90	-1.56	45718	0.083	0.089	0.086	0.008	0.009	0.716
18.350	0.079	0.091	0.127	0.98	0.53	2.00	-5.74	-0.76	-1.88	45811	0.083	0.089	0.084	0.008	0.009	0.716
18.364	0.079	0.090	0.123	0.93	0.55	1.99	-8.02	1.89	-2.12	45890	0.083	0.089	0.081	0.008	0.009	0.715
18.372	0.079	0.090	0.121	0.91	0.54	1.96	-9.23	3.90	-2.57	46238	0.083	0.089	0.079	0.008	0.009	0.715
18.384	0.079	0.090	0.119	0.84	0.52	1.94	-10.06	5.05	-2.46	44229	0.084	0.089	0.077	0.007	0.009	0.714
18.394	0.080	0.090	0.116	0.78	0.49	1.91	-11.36	6.84	-1.99	44291	0.084	0.089	0.074	0.007	0.009	0.714
18.405	0.079	0.089	0.114	0.67	0.42	1.90	-10.14	7.34	-2.00	44340	0.084	0.089	0.072	0.007	0.009	0.714
18.418	0.079	0.089	0.116	0.60	0.36	1.87	-10.46	6.47	-1.94	43552	0.084	0.089	0.071	0.007	0.009	0.713
18.425	0.079	0.089	0.114	0.50	0.29	1.85	-10.75	4.58	-1.62	43564	0.084	0.089	0.069	0.006	0.009	0.713
18.435	0.079	0.089	0.112	0.43	0.27	1.84	-11.07	2.81	-1.68	43589	0.084	0.089	0.067	0.006	0.009	0.713
18.444	0.079	0.088	0.110	0.34	0.22	1.82	-10.39	0.07	-1.62	43612	0.084	0.089	0.065	0.006	0.009	0.713
18.452	0.079	0.088	0.108	0.28	0.23	1.80	-6.82	-1.88	-1.47	43579	0.084	0.088	0.064	0.006	0.009	0.713
18.465	0.079	0.087	0.106	0.16	0.26	1.79	-3.77	-0.79	-1.93	43599	0.084	0.088	0.062	0.005	0.009	0.713
18.474	0.079	0.088	0.105	0.18	0.25	1.77	-4.12	0.58	-1.69	43665	0.084	0.088	0.060	0.005	0.009	0.712
18.484	0.078	0.087	0.103	0.15	0.24	1.75	-5.17	1.29	-2.98	43736	0.084	0.088	0.058	0.005	0.009	0.712
18.496	0.079	0.086	0.101	0.12	0.25	1.73	-5.72	1.88	-2.81	43824	0.083	0.087	0.056	0.004	0.009	0.712
18.501	0.078	0.085	0.099	0.04	0.24	1.70	-6.20	4.55	-2.47	43805	0.083	0.087	0.054	0.004	0.009	0.712
18.514	0.078	0.085	0.098	0.00	0.20	1.67	-7.73	8.14	-2.48	43864	0.083	0.086	0.052	0.004	0.008	0.712
18.523	0.077	0.084	0.096	-0.06	0.10	1.65	-10.85	11.76	-2.77	43934	0.083	0.086	0.051	0.004	0.008	0.712
18.535	0.078	0.084	0.094	-0.13	0.02	1.62	-13.98	11.35	-3.37	44037	0.083	0.086	0.049	0.003	0.008	0.712
18.544	0.077	0.083	0.091	-0.27	-0.10	1.59	-13.20	12.08	-2.89	44334	0.083	0.085	0.047	0.003	0.008	0.711
18.552	0.078	0.083	0.089	-0.38	-0.20	1.56	-13.78	12.51	-3.12	44452	0.083	0.085	0.045	0.003	0.008	0.711
