t	x	y	z	roll	pitch	yaw	g_x	g_y	g_z	thrust	eso_x	eso_y	eso_z	dist_x	dist_y	dist_z
0.024	24.988	-47.121	0.000	1.16	0.56	-0.01	0.20	-0.03	0.11	0	24.988	-47.121	0.000	-0.000	-0.000	-0.000
0.029	25.012	-47.177	0.000	1.16	0.56	-0.01	-0.09	-0.08	0.12	0	24.991	-47.128	-0.001	0.001	-0.004	0.000
0.043	25.066	-47.232	0.000	1.16	0.56	-0.01	-0.01	0.17	-0.04	0	25.000	-47.141	-0.002	0.006	-0.010	0.000
0.054	25.089	-47.289	0.000	1.16	0.56	-0.01	0.29	-0.10	-0.02	0	25.012	-47.159	-0.004	0.012	-0.019	0.001
0.072	25.113	-47.345	0.000	1.16	0.56	-0.01	0.12	-0.15	0.02	0	25.024	-47.183	-0.007	0.018	-0.031	0.001
0.080	25.137	-47.401	0.000	1.16	0.56	-0.01	0.16	0.14	0.05	0	25.039	-47.210	-0.010	0.025	-0.045	0.002
0.085	25.160	-47.457	0.000	1.16	0.56	-0.01	0.08	0.15	-0.14	0	25.054	-47.242	-0.013	0.033	-0.060	0.003
0.094	25.214	-47.513	0.000	1.16	0.56	-0.01	0.23	-0.22	0.02	0	25.074	-47.276	-0.016	0.043	-0.078	0.004
0.104	25.237	-47.569	0.000	1.16	0.56	-0.01	-0.01	0.10	-0.01	0	25.096	-47.314	-0.020	0.053	-0.096	0.006
0.111	25.261	-47.625	0.000	1.16	0.56	-0.01	0.25	-0.12	-0.10	0	25.117	-47.355	-0.024	0.064	-0.115	0.007
0.120	25.285	-47.682	0.000	1.16	0.56	-0.01	0.13	-0.03	-0.22	0	25.139	-47.398	-0.028	0.074	-0.136	0.010
0.132	25.342	-47.737	0.000	1.16	0.56	-0.01	0.36	-0.19	-0.09	0	25.166	-47.442	-0.032	0.087	-0.157	0.012
0.143	25.366	-47.794	0.000	1.16	0.56	-0.01	0.19	0.05	0.09	0	25.192	-47.489	-0.036	0.099	-0.179	0.015
0.154	25.389	-47.850	0.000	1.16	0.56	-0.01	0.09	-0.14	0.09	0	25.219	-47.538	-0.040	0.112	-0.202	0.018
0.163	25.413	-47.907	0.000	1.16	0.56	-0.01	0.06	-0.18	-0.27	0	25.245	-47.588	-0.045	0.124	-0.225	0.021
0.179	25.437	-47.963	0.000	1.16	0.56	-0.01	0.14	-0.10	-0.14	0	25.272	-47.639	-0.049	0.136	-0.248	0.025
0.187	25.490	-48.019	0.000	1.16	0.56	-0.01	0.18	-0.02	-0.01	0	25.302	-47.692	-0.053	0.149	-0.272	0.029
0.193	25.514	-48.076	0.000	1.16	0.56	-0.01	-0.02	-0.19	0.01	0	25.331	-47.745	-0.058	0.162	-0.296	0.033
0.202	25.538	-48.132	0.000	1.16	0.56	-0.01	-0.10	-0.15	-0.05	0	25.360	-47.799	-0.062	0.175	-0.320	0.038
0.213	25.561	-48.189	0.000	1.16	0.56	-0.01	-0.08	0.05	0.03	0	25.389	-47.855	-0.066	0.188	-0.344	0.043
0.220	25.619	-48.245	0.000	1.16	0.56	-0.01	0.28	-0.04	0.04	0	25.422	-47.911	-0.071	0.202	-0.368	0.049
0.229	25.643	-48.301	0.000	1.16	0.56	-0.01	0.25	0.12	0.07	0	25.454	-47.967	-0.075	0.216	-0.392	0.054
0.244	25.667	-48.358	0.000	1.16	0.56	-0.01	0.15	-0.52	-0.19	0	25.485	-48.024	-0.079	0.229	-0.416	0.060
0.252	25.691	-48.415	0.000	1.16	0.56	-0.01	0.13	0.22	0.08	0	25.515	-48.082	-0.083	0.241	-0.440	0.067
0.263	25.749	-48.471	0.000	1.16	0.56	-0.01	0.22	0.07	0.10	0	25.550	-48.140	-0.087	0.256	-0.464	0.073
0.272	25.773	-48.528	0.000	1.16	0.56	-0.01	0.03	-0.30	-0.03	0	25.583	-48.198	-0.091	0.269	-0.488	0.080
0.279	25.797	-48.585	0.000	1.16	0.56	-0.01	0.14	0.14	0.19	0	25.616	-48.257	-0.096	0.283	-0.511	0.087
0.289	25.821	-48.642	0.000	1.16	0.56	-0.01	0.28	-0.04	0.05	0	25.647	-48.316	-0.100	0.295	-0.535	0.095
0.305	25.845	-48.699	0.000	1.16	0.56	-0.01	0.31	0.04	0.06	0	25.679	-48.376	-0.104	0.307	-0.558	0.103
0.319	25.906	-48.754	0.000	1.16	0.56	-0.01	0.05	-0.10	-0.19	0	25.714	-48.435	-0.108	0.321	-0.581	0.111
0.327	25.930	-48.811	0.000	1.16	0.56	-0.01	0.19	0.01	-0.01	0	25.748	-48.495	-0.111	0.334	-0.604	0.119
0.331	25.954	-48.868	0.000	1.16	0.56	-0.01	0.05	0.24	0.11	0	25.781	-48.555	-0.115	0.347	-0.627	0.128
0.338	25.979	-48.926	0.000	1.16	0.56	-0.01	0.04	-0.09	0.02	0	25.813	-48.615	-0.119	0.359	-0.649	0.137
0.354	26.047	-48.980	0.000	1.16	0.56	-0.01	0.13	-0.04	0.12	0	25.851	-48.675	-0.123	0.373	-0.671	0.147
0.364	26.072	-49.037	0.000	1.16	0.56	-0.01	0.11	-0.13	-0.04	0	25.887	-48.735	-0.127	0.386	-0.693	0.156
0.371	26.096	-49.095	0.000	1.16	0.56	-0.01	0.12	-0.51	0.10	0	25.921	-48.796	-0.130	0.399	-0.714	0.166
0.388	26.120	-49.152	0.000	1.16	0.56	-0.01	0.22	0.21	0.22	0	25.955	-48.856	-0.134	0.411	-0.736	0.176
0.396	26.144	-49.210	0.000	1.16	0.56	-0.01	0.22	-0.19	-0.02	0	25.988	-48.917	-0.138	0.422	-0.757	0.187
0.403	26.210	-49.264	0.000	1.16	0.56	-0.01	0.13	0.11	0.02	0	26.025	-48.978	-0.141	0.435	-0.777	0.197
0.413	26.235	-49.322	0.000	1.16	0.56	-0.01	-0.06	-0.16	0.13	0	26.061	-49.038	-0.145	0.448	-0.798	0.208
0.422	26.259	-49.379	0.000	1.16	0.56	-0.01	0.29	0.06	-0.15	0	26.096	-49.099	-0.148	0.459	-0.818	0.220
0.431	26.283	-49.437	0.000	1.16	0.56	-0.01	0.28	-0.23	-0.00	0	26.130	-49.160	-0.151	0.471	-0.838	0.231
0.443	26.358	-49.491	0.000	1.16	0.56	-0.01	0.26	-0.10	0.17	0	26.169	-49.221	-0.155	0.484	-0.858	0.243
0.452	26.382	-49.549	0.000	1.16	0.56	-0.01	0.09	-0.03	-0.15	0	26.207	-49.281	-0.158	0.497	-0.877	0.255
0.464	26.406	-49.606	0.000	1.16	0.56	-0.01	-0.02	-0.04	0.04	0	26.243	-49.342	-0.161	0.509	-0.896	0.267
0.472	26.431	-49.664	0.000	1.16	0.56	-0.01	0.14	-0.10	0.07	0	26.279	-49.403	-0.165	0.520	-0.915	0.280
0.483	26.502	-49.719	0.000	1.16	0.56	-0.01	0.13	0.10	-0.09	0	26.318	-49.464	-0.168	0.533	-0.933	0.292
0.494	26.527	-49.776	0.000	1.16	0.56	-0.01	0.17	0.09	0.07	0	26.357	-49.525	-0.171	0.545	-0.951	0.305
0.503	26.551	-49.834	0.000	1.16	0.56	-0.01	0.24	-0.35	-0.25	0	26.394	-49.586	-0.174	0.556	-0.969	0.319
0.513	26.576	-49.892	0.000	1.16	0.57	-0.01	0.11	-0.02	-0.11	0	26.430	-49.647	-0.177	0.567	-0.987	0.332
0.523	26.600	-49.950	0.000	1.16	0.57	-0.01	0.22	-0.08	-0.09	0	26.464	-49.708	-0.180	0.577	-1.004	0.346
0.530	26.673	-50.004	0.000	1.16	0.57	-0.01	-0.01	-0.16	0.05	0	26.504	-49.769	-0.183	0.589	-1.021	0.360
0.539	26.697	-50.062	0.000	1.16	0.57	-0.01	0.13	0.13	-0.06	0	26.542	-49.829	-0.186	0.600	-1.038	0.374
0.553	26.722	-50.120	0.000	1.16	0.57	-0.01	-0.08	-0.31	-0.05	0	26.579	-49.890	-0.189	0.611	-1.055	0.388
0.562	26.747	-50.178	0.000	1.16	0.57	-0.01	0.19	-0.36	0.08	0	26.614	-49.951	-0.192	0.620	-1.071	0.403
0.574	26.830	-50.232	0.000	1.16	0.57	-0.01	0.17	-0.01	0.13	0	26.656	-50.012	-0.195	0.633	-1.087	0.418
0.579	26.855	-50.290	0.000	1.16	0.57	-0.01	0.17	0.02	-0.16	0	26.696	-50.073	-0.198	0.644	-1.103	0.433
0.588	26.879	-50.348	0.000	1.16	0.57	-0.01	0.02	-0.50	0.04	0	26.734	-50.134	-0.200	0.655	-1.118	0.448
0.604	26.904	-50.406	0.000	1.16	0.57	-0.01	0.13	-0.20	0.10	0	26.771	-50.194	-0.203	0.664	-1.133	0.463
0.612	26.929	-50.464	0.000	1.16	0.57	-0.01	0.06	-0.11	-0.06	0	26.806	-50.256	-0.206	0.673	-1.148	0.479
0.617	27.009	-50.518	0.000	1.16	0.57	-0.01	0.09	0.08	0.08	0	26.848	-50.316	-0.208	0.685	-1.163	0.495
0.630	27.034	-50.576	0.000	1.16	0.57	-0.01	-0.01	-0.11	-0.11	0	26.888	-50.377	-0.211	0.695	-1.177	0.511
0.644	27.058	-50.635	0.000	1.16	0.57	-0.01	-0.00	0.04	0.03	0	26.926	-50.438	-0.214	0.705	-1.192	0.527
0.646	27.083	-50.693	0.000	1.16	0.57	-0.01	0.25	-0.10	0.07	0	26.962	-50.499	-0.216	0.713	-1.206	0.543
0.662	27.167	-50.746	0.000	1.16	0.57	-0.01	0.12	-0.02	-0.04	0	27.005	-50.559	-0.219	0.725	-1.219	0.560
0.672	27.192	-50.805	0.000	1.16	0.57	-0.01	0.10	-0.15	0.15	0	27.046	-50.620	-0.221	0.736	-1.232	0.577
0.681	27.217	-50.863	0.000	1.16	0.57	-0.01	0.14	-0.07	0.05	0	27.085	-50.680	-0.223	0.745	-1.246	0.594
0.696	27.242	-50.922	0.000	1.16	0.57	-0.01	-0.02	-0.30	0.07	0	27.123	-50.741	-0.226	0.754	-1.259	0.611
0.706	27.315	-50.976	0.000	1.16	0.57	-0.01	-0.02	-0.10	-0.21	0	27.166	-50.802	-0.228	0.764	-1.271	0.628
0.713	27.340	-51.035	0.000	1.16	0.57	-0.01	0.12	0.06	0.10	0	27.206	-50.862	-0.230	0.774	-1.284	0.646
0.721	27.365	-51.093	0.000	1.16	0.57	-0.01	0.05	0.03	0.04	0	27.245	-50.923	-0.233	0.783	-1.296	0.663
0.732	27.390	-51.152	0.000	1.16	0.57	-0.01	0.26	-0.13	-0.15	0	27.282	-50.984	-0.235	0.791	-1.308	0.681
0.743	27.415	-51.211	0.000	1.16	0.57	-0.01	0.10	-0.19	-0.14	0	27.319	-51.045	-0.237	0.797	-1.320	0.699
0.753	27.483	-51.265	0.000	1.16	0.57	-0.01	0.05	-0.12	-0.11	0	27.359	-51.105	-0.239	0.806	-1.332	0.717
0.764	27.508	-51.324	0.000	1.16	0.58	-0.01	0.10	-0.00	0.07	0	27.398	-51.166	-0.241	0.814	-1.343	0.736
0.772	27.533	-51.383	0.000	1.16	0.58	-0.01	0.33	-0.13	-0.07	0	27.435	-51.227	-0.243	0.821	-1.354	0.754
0.782	27.558	-51.442	0.000	1.16	0.58	-0.01	0.18	-0.13	-0.23	0	27.471	-51.288	-0.246	0.828	-1.365	0.773
0.789	27.629	-51.496	0.000	1.16	0.58	-0.01	0.21	0.10	0.04	0	27.511	-51.348	-0.248	0.836	-1.376	0.792
0.803	27.654	-51.555	0.000	1.17	0.58	-0.01	-0.01	0.05	0.01	0	27.550	-51.409	-0.250	0.844	-1.387	0.810
0.805	27.679	-51.614	0.000	1.17	0.58	-0.01	0.12	0.07	0.02	0	27.588	-51.470	-0.252	0.850	-1.397	0.830
0.824	27.704	-51.673	0.000	1.17	0.57	-0.01	-0.04	-0.35	0.10	0	27.624	-51.531	-0.253	0.856	-1.407	0.849
0.831	27.729	-51.732	0.000	1.16	0.58	-0.01	0.24	0.11	0.10	0	27.659	-51.592	-0.255	0.861	-1.417	0.868
0.842	27.792	-51.787	0.000	1.17	0.58	-0.01	0.07	-0.10	-0.10	0	27.697	-51.653	-0.257	0.868	-1.427	0.888
0.853	27.817	-51.846	0.000	1.17	0.58	-0.01	0.23	-0.00	-0.01	0	27.734	-51.713	-0.259	0.874	-1.437	0.907
0.855	27.842	-51.905	0.000	1.17	0.58	-0.01	0.16	0.01	0.06	0	27.770	-51.774	-0.261	0.879	-1.446	0.927
0.873	27.868	-51.964	0.000	1.17	0.57	-0.01	0.33	-0.14	-0.04	0	27.805	-51.835	-0.263	0.884	-1.455	0.947
0.881	27.932	-52.019	0.000	1.17	0.57	-0.01	0.29	-0.03	0.10	0	27.843	-51.896	-0.264	0.890	-1.464	0.967
0.892	27.957	-52.078	0.000	1.17	0.57	-0.01	0.11	-0.05	0.18	0	27.880	-51.957	-0.266	0.896	-1.473	0.987
0.898	27.982	-52.138	0.000	1.17	0.57	-0.01	0.03	-0.14	-0.03	0	27.916	-52.018	-0.268	0.900	-1.482	1.008
0.913	28.007	-52.197	0.000	1.17	0.57	-0.01	0.35	-0.07	-0.16	0	27.951	-52.079	-0.269	0.904	-1.490	1.028
0.924	28.062	-52.253	0.000	1.17	0.58	-0.01	0.08	-0.06	0.05	0	27.988	-52.139	-0.271	0.910	-1.498	1.049
0.932	28.087	-52.312	0.000	1.17	0.58	-0.01	0.28	0.05	0.09	0	28.024	-52.200	-0.273	0.914	-1.507	1.069
0.943	28.113	-52.372	0.000	1.17	0.58	-0.01	-0.02	0.09	-0.15	0	28.059	-52.261	-0.274	0.918	-1.514	1.090
0.949	28.138	-52.431	0.000	1.17	0.58	-0.01	-0.00	-0.05	0.06	0	28.093	-52.322	-0.276	0.921	-1.522	1.111
0.956	28.163	-52.491	0.000	1.17	0.58	-0.01	0.11	-0.05	-0.13	0	28.126	-52.384	-0.277	0.924	-1.530	1.132
0.975	28.216	-52.547	0.000	1.17	0.58	-0.01	0.10	-0.08	0.06	0	28.162	-52.444	-0.279	0.928	-1.537	1.153
0.982	28.241	-52.607	0.000	1.17	0.58	-0.01	0.24	-0.27	0.18	0	28.196	-52.506	-0.280	0.931	-1.545	1.175
0.990	28.267	-52.666	0.000	1.17	0.58	-0.01	-0.09	0.12	-0.05	0	28.230	-52.567	-0.282	0.934	-1.552	1.196
0.990	28.292	-52.726	0.000	1.17	0.58	-0.01	0.07	0.05	0.08	0	28.262	-52.628	-0.283	0.936	-1.559	1.217
1.010	28.349	-52.782	0.000	1.17	0.58	-0.01	0.15	0.05	0.07	0	28.298	-52.689	-0.284	0.940	-1.566	1.239
1.015	28.374	-52.841	0.000	1.17	0.58	-0.01	0.07	0.08	-0.05	0	28.333	-52.750	-0.286	0.943	-1.572	1.261
1.032	28.400	-52.901	0.000	1.17	0.58	-0.01	0.23	-0.17	0.08	0	28.366	-52.811	-0.287	0.945	-1.579	1.282
1.042	28.425	-52.961	0.000	1.17	0.58	-0.01	0.18	-0.16	0.09	0	28.399	-52.872	-0.288	0.947	-1.585	1.304
1.049	28.451	-53.021	0.000	1.17	0.58	-0.01	0.17	-0.25	0.05	0	28.431	-52.934	-0.289	0.948	-1.591	1.326
1.066	28.504	-53.077	0.000	1.17	0.58	-0.01	0.03	0.04	-0.03	0	28.466	-52.995	-0.291	0.951	-1.597	1.348
1.074	28.530	-53.137	0.000	1.17	0.58	-0.01	0.23	-0.08	0.07	0	28.500	-53.056	-0.292	0.953	-1.603	1.371
1.085	28.555	-53.197	0.000	1.17	0.58	-0.01	0.13	-0.07	-0.00	0	28.533	-53.117	-0.293	0.955	-1.609	1.393
1.093	28.581	-53.257	0.000	1.17	0.58	-0.01	0.20	-0.14	-0.08	0	28.565	-53.178	-0.294	0.956	-1.615	1.415
1.105	28.637	-53.313	0.000	1.17	0.58	-0.01	0.31	-0.36	0.08	0	28.600	-53.239	-0.295	0.959	-1.620	1.438
1.113	28.663	-53.373	0.000	1.17	0.58	-0.01	0.28	-0.04	0.17	0	28.634	-53.301	-0.297	0.961	-1.625	1.460
1.122	28.688	-53.433	0.000	1.17	0.58	-0.01	0.15	-0.12	-0.17	0	28.667	-53.362	-0.298	0.962	-1.630	1.483
1.134	28.714	-53.493	0.000	1.17	0.59	-0.01	0.02	-0.09	0.16	0	28.700	-53.423	-0.299	0.963	-1.635	1.505
1.144	28.765	-53.550	0.000	1.17	0.59	-0.01	0.14	0.14	0.33	0	28.735	-53.484	-0.300	0.965	-1.640	1.528
1.154	28.791	-53.610	0.000	1.17	0.58	-0.01	0.04	-0.22	-0.11	0	28.768	-53.545	-0.301	0.967	-1.645	1.551
1.164	28.816	-53.670	0.000	1.17	0.58	-0.01	-0.10	-0.24	-0.18	0	28.801	-53.607	-0.302	0.968	-1.649	1.574
1.171	28.842	-53.731	0.000	1.17	0.58	-0.01	0.03	-0.10	-0.27	0	28.834	-53.668	-0.303	0.969	-1.654	1.597
1.184	28.868	-53.791	0.000	1.17	0.58	-0.01	0.07	-0.10	0.24	0	28.865	-53.730	-0.304	0.969	-1.658	1.620
1.192	28.923	-53.848	0.000	1.17	0.59	-0.01	0.17	-0.16	-0.12	0	28.899	-53.791	-0.304	0.971	-1.662	1.643
1.200	28.948	-53.908	0.000	1.17	0.59	-0.01	0.07	0.14	-0.05	0	28.933	-53.852	-0.305	0.972	-1.666	1.666
1.214	28.974	-53.968	0.000	1.17	0.58	-0.01	0.07	-0.20	0.06	0	28.966	-53.914	-0.306	0.972	-1.670	1.689
1.223	29.000	-54.029	0.000	1.17	0.59	-0.01	0.15	-0.16	-0.03	0	28.997	-53.975	-0.307	0.973	-1.674	1.713
1.233	29.052	-54.086	0.000	1.17	0.59	-0.01	0.32	-0.04	0.11	0	29.032	-54.037	-0.308	0.974	-1.678	1.736
1.242	29.078	-54.147	0.000	1.17	0.59	-0.01	0.04	-0.18	-0.10	0	29.065	-54.098	-0.309	0.975	-1.681	1.759
1.250	29.104	-54.207	0.000	1.17	0.59	-0.01	0.07	-0.08	-0.03	0	29.098	-54.160	-0.309	0.975	-1.685	1.783
1.261	29.130	-54.268	0.000	1.17	0.59	-0.01	0.19	-0.08	-0.01	0	29.130	-54.221	-0.310	0.975	-1.688	1.806
1.272	29.155	-54.328	0.000	1.17	0.59	-0.01	0.17	-0.13	-0.25	0	29.161	-54.283	-0.311	0.975	-1.691	1.830
1.283	29.206	-54.386	0.000	1.17	0.59	-0.01	0.33	-0.05	-0.14	0	29.195	-54.344	-0.312	0.976	-1.694	1.854
1.293	29.232	-54.447	0.000	1.17	0.59	-0.01	0.39	-0.01	-0.21	0	29.228	-54.406	-0.312	0.976	-1.697	1.877
1.302	29.258	-54.508	0.000	1.17	0.59	-0.01	0.23	0.16	0.07	0	29.260	-54.468	-0.313	0.976	-1.700	1.901
1.310	29.284	-54.568	0.000	1.17	0.59	-0.01	0.41	-0.10	-0.03	0	29.292	-54.529	-0.314	0.975	-1.703	1.925
1.323	29.337	-54.626	0.000	1.17	0.59	-0.02	0.18	0.00	-0.07	0	29.326	-54.591	-0.314	0.976	-1.706	1.949
1.332	29.363	-54.687	0.000	1.17	0.59	-0.02	0.18	-0.37	-0.13	0	29.359	-54.653	-0.315	0.976	-1.708	1.973
1.342	29.389	-54.748	0.000	1.18	0.59	-0.02	0.09	-0.03	-0.03	0	29.391	-54.714	-0.316	0.976	-1.711	1.997
1.353	29.415	-54.809	0.000	1.18	0.59	-0.02	0.13	-0.05	0.17	0	29.423	-54.776	-0.316	0.976	-1.713	2.021
1.360	29.465	-54.867	0.000	1.18	0.59	-0.02	0.18	0.07	-0.03	0	29.457	-54.838	-0.317	0.976	-1.715	2.045
1.372	29.491	-54.928	0.000	1.18	0.59	-0.02	0.23	-0.08	-0.09	0	29.490	-54.899	-0.317	0.976	-1.717	2.069
1.381	29.517	-54.989	0.000	1.18	0.59	-0.02	0.05	0.05	0.04	0	29.523	-54.961	-0.318	0.976	-1.719	2.093
1.391	29.543	-55.050	0.000	1.18	0.59	-0.02	0.12	-0.03	0.10	0	29.554	-55.023	-0.318	0.975	-1.721	2.117
1.398	29.569	-55.111	0.000	1.18	0.59	-0.01	0.02	-0.23	-0.11	0	29.585	-55.085	-0.319	0.974	-1.723	2.141
1.407	29.621	-55.169	0.000	1.18	0.59	-0.02	-0.06	-0.26	-0.01	0	29.619	-55.147	-0.319	0.974	-1.725	2.165
1.420	29.647	-55.231	0.000	1.17	0.59	-0.02	0.08	-0.29	-0.02	0	29.652	-55.209	-0.320	0.973	-1.726	2.190
1.437	29.673	-55.292	0.000	1.17	0.59	-0.02	0.25	-0.34	-0.11	0	29.684	-55.271	-0.320	0.973	-1.728	2.214
1.442	29.699	-55.353	0.000	1.17	0.59	-0.02	0.20	-0.15	0.16	0	29.715	-55.333	-0.321	0.971	-1.729	2.238
1.452	29.758	-55.410	0.000	1.17	0.59	-0.02	0.01	-0.26	-0.04	0	29.750	-55.394	-0.321	0.972	-1.730	2.263
1.459	29.784	-55.472	0.000	1.17	0.60	-0.01	0.30	-0.06	0.03	0	29.784	-55.456	-0.321	0.972	-1.731	2.287
1.470	29.811	-55.533	0.000	1.18	0.60	-0.01	0.22	-0.00	0.07	0	29.817	-55.518	-0.322	0.972	-1.733	2.311
1.484	29.837	-55.595	0.000	1.18	0.60	-0.01	0.20	0.11	0.06	0	29.849	-55.580	-0.322	0.971	-1.734	2.336
1.493	29.863	-55.656	0.000	1.18	0.59	-0.01	0.04	-0.17	-0.02	0	29.881	-55.642	-0.322	0.969	-1.735	2.360
1.501	29.922	-55.713	0.000	1.18	0.59	-0.01	0.05	-0.16	0.03	0	29.916	-55.704	-0.323	0.970	-1.735	2.385
1.510	29.949	-55.775	0.000	1.18	0.59	-0.01	0.09	-0.11	-0.09	0	29.950	-55.766	-0.323	0.970	-1.736	2.409
1.518	29.975	-55.836	0.000	1.18	0.59	-0.01	0.18	-0.00	-0.22	0	29.983	-55.828	-0.323	0.969	-1.737	2.434
1.535	30.001	-55.898	0.000	1.18	0.59	-0.02	-0.01	0.02	0.08	0	30.016	-55.890	-0.323	0.968	-1.737	2.458
1.543	30.071	-55.954	0.000	1.18	0.59	-0.02	0.28	0.01	-0.04	0	30.053	-55.952	-0.324	0.969	-1.737	2.483
1.552	30.097	-56.016	0.000	1.18	0.59	-0.02	0.18	-0.13	-0.05	0	30.089	-56.013	-0.324	0.970	-1.737	2.508
1.560	30.123	-56.077	0.000	1.18	0.59	-0.02	0.22	0.09	-0.06	0	30.123	-56.075	-0.324	0.970	-1.738	2.532
1.568	30.149	-56.139	0.000	1.18	0.59	-0.02	-0.02	-0.14	0.22	0	30.157	-56.137	-0.324	0.969	-1.738	2.557
1.584	30.222	-56.194	0.000	1.18	0.59	-0.02	0.08	-0.00	-0.13	0	30.196	-56.198	-0.324	0.971	-1.738	2.581
1.594	30.248	-56.256	0.000	1.18	0.59	-0.02	0.17	-0.02	-0.01	0	30.233	-56.260	-0.325	0.972	-1.737	2.606
1.601	30.274	-56.318	0.000	1.18	0.59	-0.02	0.34	0.19	-0.07	0	30.269	-56.322	-0.325	0.973	-1.737	2.631
1.610	30.301	-56.380	0.000	1.18	0.59	-0.02	0.26	0.11	0.08	0	30.304	-56.384	-0.325	0.973	-1.737	2.655
1.622	30.327	-56.442	0.000	1.18	0.59	-0.02	0.16	-0.29	-0.07	0	30.338	-56.446	-0.325	0.972	-1.736	2.680
1.632	30.416	-56.494	0.000	1.18	0.59	-0.02	0.15	-0.24	0.03	0	30.379	-56.507	-0.325	0.974	-1.736	2.705
1.644	30.443	-56.556	0.000	1.18	0.59	-0.02	0.28	-0.04	-0.07	0	30.418	-56.568	-0.325	0.976	-1.735	2.729
1.653	30.469	-56.618	0.000	1.18	0.59	-0.02	0.20	-0.24	-0.09	0	30.456	-56.629	-0.325	0.977	-1.734	2.754
1.662	30.496	-56.680	0.000	1.18	0.59	-0.02	0.20	0.03	0.08	0	30.492	-56.691	-0.325	0.978	-1.733	2.779
1.669	30.586	-56.732	0.000	1.18	0.59	-0.02	0.19	-0.11	-0.00	0	30.535	-56.752	-0.325	0.981	-1.732	2.803
1.679	30.612	-56.794	0.000	1.18	0.59	-0.02	0.02	-0.14	-0.13	0	30.576	-56.812	-0.325	0.984	-1.731	2.828
1.694	30.639	-56.857	0.000	1.18	0.59	-0.02	0.19	-0.01	0.11	0	30.616	-56.874	-0.325	0.985	-1.729	2.853
1.704	30.665	-56.919	0.000	1.18	0.59	-0.02	0.09	-0.14	-0.10	0	30.654	-56.935	-0.325	0.986	-1.728	2.878
1.711	30.692	-56.981	0.000	1.18	0.59	-0.02	0.18	0.22	-0.16	0	30.691	-56.997	-0.325	0.986	-1.727	2.902
1.720	30.786	-57.032	0.000	1.19	0.59	-0.02	0.12	0.03	0.20	0	30.735	-57.057	-0.325	0.990	-1.725	2.927
1.733	30.813	-57.094	0.000	1.19	0.59	-0.02	-0.06	-0.11	0.02	0	30.777	-57.118	-0.325	0.993	-1.723	2.952
1.741	30.840	-57.157	0.000	1.19	0.59	-0.02	0.19	-0.29	0.07	0	30.817	-57.179	-0.325	0.994	-1.722	2.976
1.751	30.866	-57.219	0.000	1.19	0.59	-0.02	0.01	0.01	0.07	0	30.856	-57.241	-0.325	0.995	-1.720	3.001
1.760	30.978	-57.266	0.000	1.19	0.59	-0.02	-0.05	-0.11	0.07	0	30.904	-57.300	-0.325	1.000	-1.718	3.026
1.772	31.005	-57.329	0.000	1.18	0.59	-0.02	0.06	-0.14	-0.07	0	30.949	-57.360	-0.325	1.004	-1.715	3.050
1.779	31.032	-57.391	0.000	1.18	0.59	-0.02	0.19	-0.14	-0.11	0	30.993	-57.421	-0.325	1.007	-1.713	3.075
1.791	31.059	-57.453	0.000	1.18	0.59	-0.02	0.19	-0.24	-0.09	0	31.034	-57.482	-0.325	1.009	-1.711	3.100
1.803	31.167	-57.501	0.000	1.18	0.60	-0.02	0.19	0.18	0.03	0	31.084	-57.541	-0.325	1.015	-1.708	3.124
1.808	31.194	-57.564	0.000	1.18	0.59	-0.02	0.07	-0.15	-0.09	0	31.131	-57.601	-0.325	1.020	-1.706	3.149
1.822	31.221	-57.626	0.000	1.18	0.60	-0.02	-0.09	-0.09	0.13	0	31.176	-57.661	-0.324	1.023	-1.703	3.174
1.827	31.248	-57.689	0.000	1.18	0.60	-0.02	0.24	0.10	-0.09	0	31.219	-57.722	-0.324	1.025	-1.701	3.198
1.844	31.275	-57.751	0.000	1.18	0.59	-0.02	0.06	-0.31	-0.23	0	31.260	-57.783	-0.324	1.026	-1.698	3.223
1.844	31.397	-57.796	0.000	1.18	0.60	-0.02	0.40	-0.07	0.08	0	31.311	-57.842	-0.324	1.032	-1.695	3.248
1.857	31.424	-57.859	0.000	1.19	0.60	-0.02	0.13	-0.19	-0.04	0	31.359	-57.902	-0.324	1.037	-1.692	3.272
1.857	31.451	-57.921	0.000	1.19	0.60	-0.02	0.10	0.05	0.16	0	31.405	-57.962	-0.324	1.040	-1.689	3.297
1.883	31.478	-57.984	0.000	1.18	0.60	-0.02	0.34	0.02	0.07	0	31.449	-58.022	-0.323	1.042	-1.686	3.321
1.893	31.591	-58.030	0.000	1.19	0.60	-0.02	0.31	-0.08	-0.09	0	31.502	-58.081	-0.323	1.049	-1.683	3.346
1.900	31.618	-58.093	0.000	1.19	0.60	-0.02	-0.08	0.09	0.11	0	31.551	-58.140	-0.323	1.054	-1.679	3.370
1.910	31.645	-58.156	0.000	1.19	0.60	-0.02	0.02	-0.36	-0.12	0	31.598	-58.200	-0.323	1.057	-1.676	3.395
1.923	31.673	-58.219	0.000	1.19	0.60	-0.02	0.11	0.08	0.28	0	31.643	-58.260	-0.322	1.059	-1.673	3.419
1.932	31.700	-58.282	0.000	1.19	0.60	-0.02	0.27	-0.12	0.06	0	31.686	-58.321	-0.322	1.060	-1.670	3.444
1.942	0.000	-0.000	-0.000	0.00	0.00	0.00	0.00	0.09	-0.21	0	27.817	-51.192	-0.321	-0.946	2.022	3.469
1.952	0.000	-0.000	-0.000	0.00	0.00	-0.00	0.10	-0.05	-0.27	0	24.380	-44.860	-0.320	-2.705	5.258	3.494
1.962	0.000	-0.000	-0.000	0.00	0.00	-0.00	0.27	0.04	-0.13	0	21.329	-39.237	-0.320	-4.243	8.089	3.518
1.970	0.000	-0.000	-0.000	0.00	0.00	-0.00	0.02	-0.20	0.02	0	18.619	-34.244	-0.319	-5.586	10.559	3.543
1.981	0.000	-0.000	-0.000	0.00	0.00	-0.00	0.09	-0.10	0.07	0	16.213	-29.811	-0.318	-6.756	12.709	3.567
1.987	0.000	-0.000	-0.000	0.01	0.00	-0.00	0.14	0.12	0.02	0	14.077	-25.877	-0.318	-7.771	14.576	3.592
2.002	0.000	-0.000	-0.000	0.01	0.00	-0.00	0.19	0.19	0.12	0	12.182	-22.384	-0.317	-8.650	16.191	3.616
2.011	0.000	-0.000	-0.000	0.01	0.00	-0.00	0.11	-0.00	0.14	0	10.500	-19.286	-0.317	-9.408	17.582	3.640
2.021	0.001	-0.001	-0.000	0.01	0.00	-0.00	0.13	-0.12	0.09	0	9.008	-16.537	-0.316	-10.057	18.775	3.665
2.028	0.001	-0.001	-0.000	0.01	0.00	-0.00	0.17	-0.15	0.16	0	7.685	-14.099	-0.316	-10.612	19.792	3.689
2.039	0.001	-0.001	-0.000	0.01	0.01	-0.00	0.04	0.09	0.25	0	6.511	-11.937	-0.315	-11.081	20.653	3.713
2.046	0.001	-0.001	-0.000	0.01	0.01	-0.00	0.16	-0.05	0.02	0	5.471	-10.021	-0.315	-11.476	21.376	3.737
2.062	0.001	-0.001	-0.000	0.01	0.01	-0.00	0.02	0.00	-0.04	0	4.550	-8.324	-0.314	-11.804	21.976	3.761
2.072	0.001	-0.001	-0.000	0.01	0.01	-0.00	0.34	0.11	0.18	0	3.734	-6.820	-0.314	-12.073	22.468	3.785
2.081	0.002	-0.002	-0.000	0.02	0.01	-0.00	0.13	-0.12	0.02	0	3.011	-5.490	-0.314	-12.291	22.864	3.809
2.089	0.002	-0.002	-0.000	0.02	0.01	0.00	0.10	-0.16	0.02	0	2.372	-4.312	-0.313	-12.462	23.175	3.832
2.103	0.002	-0.002	-0.000	0.02	0.01	0.00	0.19	-0.13	-0.08	0	1.807	-3.271	-0.313	-12.592	23.411	3.856
2.111	0.002	-0.002	0.000	0.02	0.01	-0.00	0.27	0.00	0.14	0	1.307	-2.351	-0.312	-12.686	23.580	3.880
2.122	0.003	-0.003	0.000	0.02	0.01	0.00	0.16	-0.03	0.10	0	0.866	-1.538	-0.312	-12.748	23.691	3.904
2.132	0.003	-0.003	0.000	0.03	0.01	0.00	-0.04	-0.18	-0.10	0	0.477	-0.822	-0.312	-12.782	23.750	3.927
2.137	0.003	-0.003	0.000	0.03	0.01	0.00	0.18	-0.05	0.05	0	0.134	-0.190	-0.311	-12.792	23.763	3.951
2.151	0.004	-0.004	0.000	0.03	0.01	0.00	-0.07	0.02	0.12	0	-0.168	0.366	-0.311	-12.779	23.737	3.974
2.162	0.004	-0.004	0.000	0.03	0.01	0.00	0.23	0.10	0.08	0	-0.434	0.855	-0.310	-12.748	23.675	3.998
2.170	0.004	-0.004	0.000	0.03	0.01	0.00	0.15	-0.12	0.13	0	-0.667	1.285	-0.310	-12.699	23.582	4.021
2.180	0.005	-0.005	0.000	0.03	0.01	0.00	0.02	-0.25	0.24	0	-0.872	1.662	-0.310	-12.636	23.461	4.045
2.193	0.005	-0.005	0.000	0.03	0.02	0.00	-0.02	0.29	0.11	0	-1.051	1.991	-0.309	-12.560	23.317	4.068
2.201	0.006	-0.006	0.000	0.03	0.02	0.00	0.22	0.05	-0.02	0	-1.207	2.279	-0.309	-12.473	23.153	4.092
2.211	0.006	-0.006	0.000	0.04	0.02	0.00	0.13	0.02	-0.06	0	-1.343	2.529	-0.308	-12.375	22.970	4.115
2.222	0.007	-0.007	0.000	0.04	0.02	0.00	0.02	-0.18	0.20	0	-1.461	2.747	-0.308	-12.269	22.771	4.138
2.229	0.007	-0.007	0.000	0.04	0.02	0.00	-0.02	-0.24	-0.18	0	-1.564	2.936	-0.308	-12.156	22.559	4.162
2.241	0.008	-0.008	0.000	0.04	0.02	0.00	0.09	0.02	0.27	0	-1.652	3.098	-0.307	-12.036	22.335	4.185
2.251	0.008	-0.008	0.000	0.04	0.02	0.00	0.13	0.07	0.16	0	-1.728	3.238	-0.307	-11.911	22.101	4.208
2.261	0.009	-0.009	0.000	0.04	0.02	0.00	0.04	-0.07	-0.00	0	-1.792	3.356	-0.306	-11.781	21.858	4.231
2.271	0.009	-0.009	0.000	0.04	0.02	0.00	0.29	-0.22	0.06	0	-1.847	3.457	-0.306	-11.647	21.608	4.255
2.280	0.010	-0.010	0.000	0.04	0.02	0.00	0.11	-0.08	-0.34	0	-1.893	3.542	-0.305	-11.510	21.352	4.278
2.287	0.010	-0.010	0.000	0.05	0.02	-0.00	0.11	-0.10	-0.06	0	-1.932	3.613	-0.305	-11.370	21.090	4.301
2.302	0.011	-0.011	0.000	0.05	0.02	-0.00	0.09	0.15	-0.04	0	-1.963	3.670	-0.304	-11.228	20.825	4.324
2.311	0.012	-0.012	0.000	0.05	0.02	-0.00	0.08	0.01	0.16	0	-1.988	3.717	-0.304	-11.083	20.556	4.347
2.321	0.012	-0.012	0.000	0.05	0.02	0.00	0.21	-0.02	-0.22	0	-2.008	3.754	-0.303	-10.938	20.284	4.370
2.331	0.013	-0.013	0.000	0.05	0.02	0.00	0.20	-0.11	-0.06	0	-2.024	3.782	-0.303	-10.791	20.010	4.393
2.340	0.014	-0.014	0.000	0.05	0.02	0.00	0.14	0.06	-0.07	0	-2.034	3.802	-0.302	-10.643	19.735	4.416
2.352	0.014	-0.014	0.000	0.05	0.02	0.00	0.15	-0.18	-0.02	0	-2.042	3.815	-0.302	-10.495	19.459	4.438
2.361	0.015	-0.015	0.000	0.05	0.02	-0.00	0.28	0.16	0.06	0	-2.046	3.822	-0.301	-10.346	19.182	4.461
2.372	0.016	-0.016	0.000	0.06	0.02	-0.00	0.15	-0.02	0.11	0	-2.046	3.824	-0.301	-10.197	18.905	4.484
2.380	0.016	-0.016	0.000	0.06	0.02	-0.00	0.22	-0.09	-0.16	0	-2.045	3.821	-0.300	-10.048	18.628	4.507
2.388	0.017	-0.017	0.000	0.06	0.02	-0.00	0.23	-0.03	-0.10	0	-2.041	3.814	-0.300	-9.900	18.352	4.529
2.399	0.018	-0.018	0.000	0.06	0.03	-0.00	0.22	-0.16	-0.06	0	-2.035	3.803	-0.299	-9.752	18.076	4.552
2.410	0.019	-0.019	0.000	0.06	0.03	-0.00	0.05	-0.27	-0.11	0	-2.027	3.789	-0.299	-9.604	17.802	4.575
2.422	0.020	-0.020	0.000	0.07	0.03	-0.00	0.25	-0.03	-0.05	0	-2.018	3.772	-0.298	-9.457	17.528	4.597
2.425	0.020	-0.020	0.000	0.07	0.03	-0.00	0.10	0.05	0.17	0	-2.008	3.753	-0.297	-9.311	17.256	4.620
2.437	0.021	-0.021	0.000	0.07	0.03	-0.00	0.08	0.10	0.08	0	-1.996	3.731	-0.297	-9.166	16.985	4.642
2.450	0.022	-0.022	0.000	0.07	0.03	-0.00	-0.18	-0.29	-0.05	0	-1.983	3.708	-0.296	-9.021	16.716	4.665
2.461	0.023	-0.023	0.000	0.07	0.03	-0.00	0.22	-0.22	-0.04	0	-1.969	3.683	-0.296	-8.877	16.449	4.687
2.471	0.024	-0.024	0.000	0.07	0.03	-0.00	0.24	0.11	0.11	0	-1.955	3.656	-0.295	-8.734	16.183	4.709
2.480	0.025	-0.025	0.000	0.07	0.03	-0.00	0.19	0.20	-0.07	0	-1.939	3.628	-0.295	-8.593	15.920	4.732
2.494	0.026	-0.026	0.000	0.07	0.03	-0.00	0.21	-0.16	-0.14	0	-1.924	3.599	-0.294	-8.452	15.658	4.754
2.501	0.027	-0.027	0.000	0.07	0.03	-0.00	0.30	-0.19	-0.04	0	-1.907	3.570	-0.293	-8.313	15.399	4.776
2.512	0.028	-0.028	0.000	0.08	0.03	-0.00	0.07	-0.10	0.09	0	-1.891	3.539	-0.293	-8.174	15.142	4.798
2.520	0.029	-0.029	0.000	0.08	0.03	-0.00	0.01	-0.47	-0.07	0	-1.873	3.508	-0.292	-8.037	14.887	4.820
2.530	0.030	-0.030	0.000	0.08	0.04	-0.00	0.01	-0.19	-0.04	0	-1.856	3.476	-0.292	-7.901	14.634	4.843
2.540	0.031	-0.031	0.000	0.08	0.04	-0.00	0.25	-0.09	-0.07	0	-1.838	3.444	-0.291	-7.766	14.383	4.865
2.549	0.032	-0.032	0.000	0.08	0.04	-0.00	0.36	0.20	-0.14	0	-1.820	3.411	-0.290	-7.633	14.135	4.887
2.561	0.033	-0.033	0.000	0.09	0.04	-0.00	0.18	-0.14	-0.02	0	-1.802	3.378	-0.290	-7.500	13.889	4.908
2.573	0.034	-0.034	0.000	0.09	0.04	-0.00	-0.02	-0.14	0.08	0	-1.784	3.345	-0.289	-7.369	13.645	4.930
2.578	0.035	-0.035	0.000	0.09	0.04	-0.00	0.23	-0.33	0.03	0	-1.765	3.311	-0.288	-7.239	13.404	4.952
2.589	0.036	-0.036	0.000	0.09	0.04	-0.00	0.17	0.22	0.16	0	-1.747	3.278	-0.288	-7.111	13.164	4.974
2.603	0.037	-0.037	0.000	0.09	0.04	-0.00	0.15	-0.12	-0.11	0	-1.728	3.244	-0.287	-6.983	12.928	4.996
2.615	0.038	-0.038	0.000	0.09	0.04	-0.00	0.13	-0.17	0.15	0	-1.710	3.210	-0.286	-6.857	12.693	5.017
2.619	0.039	-0.040	0.000	0.09	0.04	0.00	0.09	-0.12	-0.00	0	-1.691	3.176	-0.286	-6.732	12.461	5.039
2.632	0.041	-0.041	0.000	0.10	0.04	0.00	0.16	-0.09	0.15	0	-1.673	3.143	-0.285	-6.609	12.232	5.061
2.641	0.042	-0.042	0.000	0.10	0.04	0.00	0.23	-0.10	0.16	0	-1.654	3.109	-0.284	-6.486	12.004	5.082
2.649	0.043	-0.043	0.000	0.10	0.04	0.00	0.38	0.20	0.03	0	-1.635	3.075	-0.284	-6.365	11.780	5.104
2.656	0.044	-0.045	0.000	0.10	0.04	0.00	0.16	-0.03	-0.26	0	-1.617	3.042	-0.283	-6.246	11.557	5.125
2.671	0.045	-0.046	0.000	0.10	0.04	0.00	0.04	-0.03	-0.16	0	-1.599	3.008	-0.282	-6.127	11.337	5.147
2.680	0.047	-0.047	0.000	0.10	0.04	0.00	0.08	-0.11	-0.12	0	-1.580	2.975	-0.282	-6.010	11.119	5.168
2.691	0.048	-0.048	0.000	0.10	0.04	0.00	0.11	-0.24	0.02	0	-1.562	2.942	-0.281	-5.894	10.903	5.189
2.699	0.049	-0.050	0.000	0.11	0.05	0.00	-0.11	-0.08	-0.16	0	-1.543	2.909	-0.280	-5.779	10.689	5.210
2.708	0.051	-0.051	0.000	0.11	0.05	0.00	0.23	0.04	0.18	0	-1.525	2.876	-0.280	-5.665	10.478	5.232
2.719	0.052	-0.052	0.000	0.11	0.05	0.00	0.19	-0.08	0.06	0	-1.507	2.843	-0.279	-5.552	10.269	5.253
2.731	0.053	-0.054	0.000	0.11	0.05	0.00	-0.05	-0.01	-0.06	0	-1.489	2.811	-0.278	-5.441	10.063	5.274
2.741	0.055	-0.055	0.000	0.11	0.05	0.00	0.37	-0.28	0.13	0	-1.471	2.778	-0.278	-5.331	9.858	5.295
2.748	0.056	-0.057	0.000	0.11	0.05	0.00	0.15	0.10	-0.06	0	-1.453	2.746	-0.277	-5.222	9.656	5.316
2.758	0.057	-0.058	0.000	0.11	0.05	0.00	0.36	-0.20	0.06	0	-1.436	2.714	-0.276	-5.115	9.456	5.337
2.771	0.059	-0.059	0.000	0.11	0.05	0.00	0.16	-0.27	-0.00	0	-1.418	2.682	-0.275	-5.008	9.258	5.358
2.779	0.060	-0.061	0.000	0.12	0.05	0.00	0.26	0.07	-0.04	0	-1.400	2.651	-0.275	-4.903	9.063	5.378
2.790	0.062	-0.062	0.000	0.12	0.05	0.00	0.03	-0.01	0.20	0	-1.383	2.619	-0.274	-4.799	8.869	5.399
2.801	0.063	-0.064	0.000	0.12	0.05	0.00	0.21	-0.22	-0.00	0	-1.366	2.588	-0.273	-4.696	8.678	5.420
2.808	0.064	-0.065	0.000	0.12	0.05	0.00	-0.01	-0.18	0.15	0	-1.348	2.557	-0.273	-4.594	8.489	5.440
2.820	0.066	-0.067	0.000	0.12	0.06	0.00	0.08	-0.16	-0.03	0	-1.331	2.527	-0.272	-4.493	8.302	5.461
2.829	0.067	-0.069	0.000	0.12	0.06	0.00	0.15	-0.22	-0.09	0	-1.314	2.496	-0.271	-4.393	8.117	5.482
2.840	0.069	-0.070	0.000	0.12	0.06	0.00	0.13	0.15	0.02	0	-1.297	2.466	-0.270	-4.295	7.934	5.502
2.850	0.070	-0.072	0.000	0.13	0.06	0.01	-0.15	-0.34	-0.13	0	-1.280	2.436	-0.270	-4.197	7.753	5.522
2.861	0.072	-0.073	0.000	0.12	0.06	0.01	0.10	-0.24	-0.07	0	-1.264	2.406	-0.269	-4.101	7.574	5.543
2.872	0.074	-0.075	0.000	0.13	0.06	0.01	0.15	-0.47	-0.14	0	-1.247	2.376	-0.268	-4.006	7.397	5.563
2.880	0.075	-0.077	0.000	0.13	0.07	0.01	0.21	-0.05	0.10	0	-1.231	2.347	-0.267	-3.911	7.222	5.583
2.889	0.077	-0.078	0.000	0.13	0.07	0.01	0.04	0.10	0.03	0	-1.214	2.318	-0.267	-3.818	7.050	5.604
2.898	0.078	-0.080	0.000	0.13	0.07	0.01	0.17	-0.15	0.13	0	-1.198	2.289	-0.266	-3.726	6.879	5.624
2.908	0.080	-0.082	0.000	0.13	0.07	0.01	0.18	-0.01	-0.12	0	-1.182	2.260	-0.265	-3.635	6.710	5.644
2.922	0.082	-0.083	0.000	0.13	0.07	0.01	0.20	0.15	0.02	0	-1.166	2.231	-0.264	-3.545	6.543	5.664
2.930	0.083	-0.085	0.000	0.13	0.07	0.00	-0.06	-0.17	0.07	0	-1.150	2.203	-0.264	-3.456	6.378	5.684
2.940	0.085	-0.087	0.000	0.13	0.07	0.01	0.18	0.11	-0.18	0	-1.134	2.175	-0.263	-3.368	6.215	5.704
2.949	0.087	-0.089	0.000	0.13	0.07	0.00	0.22	-0.04	-0.02	0	-1.118	2.147	-0.262	-3.281	6.053	5.723
2.956	0.088	-0.091	0.000	0.14	0.07	0.00	0.02	-0.15	0.14	0	-1.103	2.119	-0.261	-3.195	5.894	5.743
2.964	0.090	-0.092	0.000	0.14	0.07	0.00	0.21	-0.10	0.10	0	-1.087	2.092	-0.260	-3.110	5.736	5.763
2.980	0.092	-0.094	0.000	0.14	0.07	0.00	-0.02	0.12	0.07	0	-1.072	2.064	-0.260	-3.026	5.581	5.783
2.991	0.094	-0.096	0.000	0.14	0.07	0.00	0.12	-0.06	0.02	0	-1.057	2.037	-0.259	-2.943	5.427	5.802
2.999	0.095	-0.098	0.000	0.14	0.07	0.00	0.21	0.16	-0.14	0	-1.041	2.010	-0.258	-2.861	5.275	5.822
3.009	0.097	-0.100	0.000	0.14	0.07	0.00	0.16	-0.37	-0.07	0	-1.026	1.984	-0.257	-2.780	5.124	5.841
3.022	0.099	-0.102	0.000	0.14	0.07	0.00	-0.03	-0.30	-0.12	0	-1.011	1.957	-0.257	-2.700	4.976	5.861
3.029	0.101	-0.104	0.000	0.14	0.07	0.00	0.18	-0.09	-0.00	0	-0.996	1.931	-0.256	-2.621	4.829	5.880
3.042	0.103	-0.106	0.000	0.15	0.07	0.00	0.24	0.02	0.10	0	-0.982	1.905	-0.255	-2.543	4.684	5.899
3.048	0.105	-0.108	0.000	0.15	0.07	0.00	0.17	0.15	-0.22	0	-0.967	1.879	-0.254	-2.466	4.541	5.919
3.060	0.107	-0.110	0.000	0.15	0.07	0.00	0.29	0.06	-0.15	0	-0.952	1.853	-0.253	-2.389	4.399	5.938
3.071	0.108	-0.112	0.000	0.15	0.07	0.00	0.27	0.04	0.06	0	-0.938	1.828	-0.253	-2.314	4.259	5.957
3.080	0.110	-0.114	0.000	0.15	0.07	0.00	0.22	0.00	0.04	0	-0.923	1.802	-0.252	-2.239	4.121	5.976
3.091	0.112	-0.116	0.000	0.15	0.07	0.00	0.06	-0.03	-0.17	0	-0.909	1.777	-0.251	-2.166	3.984	5.995
3.099	0.114	-0.118	0.000	0.15	0.07	0.00	0.14	-0.00	-0.24	0	-0.895	1.752	-0.250	-2.093	3.849	6.014
3.107	0.116	-0.120	0.000	0.15	0.07	-0.00	0.18	-0.23	0.01	0	-0.881	1.728	-0.249	-2.021	3.716	6.033
3.118	0.118	-0.122	0.000	0.16	0.07	-0.00	0.08	0.03	-0.02	0	-0.867	1.703	-0.249	-1.950	3.585	6.052
3.129	0.120	-0.124	0.000	0.16	0.07	-0.00	0.08	-0.18	0.16	0	-0.853	1.679	-0.248	-1.880	3.454	6.071
3.141	0.122	-0.126	0.000	0.16	0.08	-0.00	-0.01	-0.03	-0.05	0	-0.839	1.655	-0.247	-1.810	3.326	6.089
3.150	0.124	-0.128	0.000	0.16	0.08	-0.00	0.38	0.07	0.03	0	-0.825	1.631	-0.246	-1.742	3.199	6.108
3.160	0.126	-0.131	0.000	0.16	0.08	-0.00	-0.04	-0.02	0.23	0	-0.812	1.607	-0.245	-1.674	3.074	6.127
3.172	0.128	-0.133	0.000	0.16	0.08	0.00	0.14	-0.29	-0.08	0	-0.798	1.583	-0.245	-1.607	2.950	6.145
3.180	0.130	-0.135	0.000	0.16	0.08	-0.00	0.22	0.15	0.27	0	-0.785	1.560	-0.244	-1.541	2.828	6.164
3.191	0.132	-0.137	0.000	0.16	0.08	0.00	0.10	-0.24	0.16	0	-0.771	1.537	-0.243	-1.476	2.707	6.182
3.197	0.135	-0.140	0.000	0.17	0.08	0.00	0.23	-0.33	-0.03	0	-0.758	1.513	-0.242	-1.412	2.588	6.200
3.210	0.137	-0.142	0.000	0.17	0.08	0.00	0.39	0.03	0.12	0	-0.745	1.490	-0.241	-1.348	2.470	6.219
3.217	0.139	-0.144	0.000	0.17	0.08	0.00	0.03	0.02	0.31	0	-0.732	1.468	-0.241	-1.285	2.354	6.237
3.230	0.141	-0.146	0.000	0.17	0.08	0.00	0.13	-0.22	-0.07	0	-0.718	1.445	-0.240	-1.223	2.239	6.255
3.240	0.143	-0.149	0.000	0.17	0.09	0.00	0.11	0.02	-0.03	0	-0.706	1.423	-0.239	-1.162	2.125	6.273
3.251	0.145	-0.151	0.000	0.17	0.09	0.00	-0.02	0.15	0.06	0	-0.693	1.401	-0.238	-1.102	2.014	6.291
3.261	0.147	-0.154	0.000	0.17	0.08	0.00	0.12	0.08	0.05	0	-0.680	1.378	-0.237	-1.042	1.903	6.309
3.271	0.150	-0.156	0.000	0.17	0.08	0.00	0.16	0.11	-0.02	0	-0.667	1.357	-0.237	-0.983	1.794	6.327
3.281	0.152	-0.158	0.000	0.18	0.08	0.00	0.18	-0.05	-0.20	0	-0.655	1.335	-0.236	-0.925	1.686	6.345
3.290	0.154	-0.161	0.000	0.18	0.08	0.00	0.18	0.02	0.01	0	-0.642	1.313	-0.235	-0.868	1.580	6.363
3.301	0.156	-0.163	0.000	0.18	0.08	0.00	-0.01	-0.35	0.08	0	-0.630	1.292	-0.234	-0.811	1.475	6.381
3.311	0.159	-0.166	0.000	0.18	0.09	0.00	-0.09	-0.05	0.03	0	-0.617	1.271	-0.233	-0.755	1.371	6.398
3.317	0.161	-0.168	0.000	0.18	0.09	0.00	0.29	-0.03	0.16	0	-0.605	1.249	-0.232	-0.700	1.269	6.416
3.331	0.163	-0.171	0.000	0.18	0.09	0.00	0.16	-0.25	0.03	0	-0.593	1.229	-0.232	-0.645	1.168	6.433
3.339	0.166	-0.173	0.000	0.18	0.09	0.00	0.20	-0.03	-0.06	0	-0.581	1.208	-0.231	-0.591	1.068	6.451
3.351	0.168	-0.176	0.000	0.18	0.09	0.00	0.25	0.14	0.00	0	-0.569	1.187	-0.230	-0.538	0.970	6.468
3.356	0.170	-0.178	0.000	0.18	0.09	0.00	-0.04	-0.03	-0.03	0	-0.557	1.167	-0.229	-0.486	0.873	6.486
3.369	0.173	-0.181	0.000	0.18	0.09	0.00	0.27	-0.21	0.26	0	-0.545	1.146	-0.228	-0.434	0.777	6.503
3.381	0.175	-0.184	0.000	0.19	0.09	0.00	0.00	-0.12	-0.00	0	-0.533	1.126	-0.228	-0.383	0.683	6.520
3.391	0.177	-0.186	0.000	0.19	0.09	0.00	0.02	-0.08	-0.09	0	-0.521	1.106	-0.227	-0.333	0.590	6.537
3.400	0.180	-0.189	0.000	0.19	0.09	0.00	0.07	-0.26	0.03	0	-0.509	1.086	-0.226	-0.283	0.498	6.555
3.411	0.182	-0.192	0.000	0.19	0.09	0.00	0.16	0.11	0.17	0	-0.498	1.066	-0.225	-0.234	0.407	6.572
3.418	0.185	-0.194	0.000	0.19	0.09	0.00	0.24	-0.04	-0.07	0	-0.486	1.047	-0.224	-0.185	0.317	6.589
3.431	0.187	-0.197	0.000	0.19	0.09	0.00	0.05	-0.09	-0.03	0	-0.475	1.027	-0.223	-0.138	0.229	6.606
3.443	0.190	-0.200	0.000	0.19	0.09	0.00	0.01	-0.25	0.02	0	-0.463	1.008	-0.223	-0.090	0.142	6.623
3.448	0.192	-0.202	0.000	0.19	0.09	0.00	0.25	-0.10	0.11	0	-0.452	0.989	-0.222	-0.044	0.056	6.639
3.459	0.195	-0.205	0.000	0.19	0.09	0.00	0.14	-0.19	-0.01	0	-0.441	0.970	-0.221	0.002	-0.029	6.656
3.471	0.197	-0.208	0.000	0.20	0.09	0.00	0.29	-0.06	0.13	0	-0.430	0.951	-0.220	0.047	-0.112	6.673
3.477	0.200	-0.211	0.000	0.20	0.09	0.00	-0.23	-0.10	-0.15	0	-0.419	0.932	-0.219	0.092	-0.195	6.689
3.490	0.202	-0.214	0.000	0.20	0.09	0.00	0.17	-0.09	0.06	0	-0.407	0.914	-0.219	0.136	-0.276	6.706
3.498	0.205	-0.217	0.000	0.20	0.09	0.00	0.10	-0.12	0.01	0	-0.396	0.895	-0.218	0.179	-0.356	6.722
3.506	0.208	-0.219	0.000	0.20	0.10	0.00	0.13	0.07	-0.10	0	-0.386	0.877	-0.217	0.222	-0.435	6.739
3.520	0.210	-0.222	0.000	0.20	0.09	0.00	-0.04	-0.19	-0.21	0	-0.375	0.859	-0.216	0.264	-0.513	6.755
3.526	0.213	-0.225	0.000	0.20	0.10	0.00	0.11	-0.09	0.05	0	-0.364	0.840	-0.215	0.306	-0.590	6.772
3.540	0.216	-0.228	0.000	0.20	0.10	0.00	0.10	-0.08	-0.05	0	-0.353	0.822	-0.214	0.347	-0.666	6.788
3.550	0.218	-0.231	0.000	0.20	0.10	0.00	0.12	0.02	-0.04	0	-0.342	0.805	-0.214	0.387	-0.741	6.804
3.560	0.221	-0.234	0.000	0.20	0.10	0.00	-0.06	0.06	-0.22	0	-0.332	0.787	-0.213	0.427	-0.814	6.820
3.568	0.224	-0.237	0.000	0.20	0.10	0.00	0.08	-0.23	0.15	0	-0.321	0.769	-0.212	0.466	-0.887	6.836
3.577	0.226	-0.240	0.000	0.20	0.10	0.00	0.06	0.02	-0.06	0	-0.311	0.752	-0.211	0.505	-0.959	6.852
3.588	0.229	-0.243	0.000	0.21	0.10	0.00	0.10	-0.13	-0.19	0	-0.300	0.734	-0.210	0.543	-1.029	6.868
3.602	0.232	-0.246	0.000	0.21	0.10	0.00	0.16	-0.21	0.12	0	-0.290	0.717	-0.210	0.581	-1.099	6.884
3.612	0.235	-0.249	0.000	0.21	0.11	0.00	0.16	0.00	-0.11	0	-0.280	0.700	-0.209	0.618	-1.167	6.900
3.619	0.237	-0.253	0.000	0.21	0.11	0.00	-0.06	-0.16	0.11	0	-0.269	0.683	-0.208	0.655	-1.235	6.916
3.631	0.240	-0.256	0.000	0.21	0.11	0.00	0.37	-0.08	0.02	0	-0.259	0.666	-0.207	0.691	-1.301	6.932
3.642	0.243	-0.259	0.000	0.21	0.11	0.00	-0.09	0.18	0.01	0	-0.249	0.650	-0.206	0.726	-1.367	6.947
3.650	0.246	-0.262	0.000	0.21	0.11	0.00	0.13	0.18	0.03	0	-0.239	0.633	-0.206	0.761	-1.431	6.963
3.662	0.249	-0.265	0.000	0.21	0.11	0.00	0.12	-0.12	-0.01	0	-0.229	0.616	-0.205	0.796	-1.495	6.978
3.669	0.252	-0.268	0.000	0.21	0.11	0.00	0.13	-0.19	-0.01	0	-0.219	0.600	-0.204	0.830	-1.558	6.994
3.677	0.254	-0.272	0.000	0.21	0.11	0.00	0.03	-0.22	0.16	0	-0.209	0.584	-0.203	0.863	-1.619	7.009
3.691	0.257	-0.275	0.000	0.21	0.11	0.00	0.10	0.16	0.17	0	-0.199	0.567	-0.202	0.896	-1.680	7.025
3.703	0.260	-0.278	0.000	0.21	0.11	0.00	0.17	-0.04	-0.01	0	-0.189	0.551	-0.201	0.928	-1.740	7.040
3.709	0.263	-0.281	0.000	0.22	0.11	0.00	0.15	-0.42	0.06	0	-0.180	0.535	-0.201	0.960	-1.799	7.055
3.721	0.266	-0.285	0.000	0.22	0.12	0.00	0.23	-0.36	0.22	0	-0.170	0.520	-0.200	0.992	-1.857	7.070
3.731	0.269	-0.288	0.000	0.22	0.12	0.00	0.26	-0.00	0.03	0	-0.160	0.504	-0.199	1.023	-1.914	7.085
3.741	0.272	-0.291	0.000	0.22	0.12	0.00	-0.09	-0.12	-0.10	0	-0.151	0.488	-0.198	1.053	-1.970	7.100
3.749	0.275	-0.295	0.000	0.22	0.12	0.00	0.07	-0.14	0.14	0	-0.141	0.473	-0.198	1.083	-2.025	7.115
3.762	0.278	-0.298	0.000	0.22	0.12	0.00	0.26	-0.38	0.02	0	-0.132	0.457	-0.197	1.113	-2.080	7.130
3.770	0.281	-0.301	0.000	0.22	0.12	0.00	0.25	-0.08	0.17	0	-0.122	0.442	-0.196	1.142	-2.134	7.145
3.778	0.284	-0.305	0.000	0.22	0.12	0.00	0.21	0.14	0.14	0	-0.113	0.427	-0.195	1.171	-2.186	7.160
3.791	0.287	-0.308	0.000	0.23	0.12	0.00	-0.03	-0.01	-0.05	0	-0.104	0.412	-0.194	1.199	-2.238	7.175
3.803	0.290	-0.312	0.000	0.23	0.12	0.00	0.19	-0.16	-0.16	0	-0.094	0.397	-0.194	1.227	-2.289	7.189
3.811	0.293	-0.315	0.000	0.23	0.12	0.00	0.04	0.10	-0.03	0	-0.085	0.382	-0.193	1.254	-2.340	7.204
3.819	0.296	-0.319	0.000	0.23	0.12	0.00	0.26	-0.01	-0.26	0	-0.076	0.367	-0.192	1.281	-2.389	7.218
3.831	0.299	-0.322	0.000	0.23	0.12	0.00	-0.08	-0.05	-0.09	0	-0.067	0.352	-0.191	1.307	-2.438	7.233
3.842	0.303	-0.326	0.000	0.23	0.12	0.00	0.05	-0.04	0.13	0	-0.058	0.338	-0.190	1.333	-2.486	7.247
3.852	0.306	-0.329	0.000	0.23	0.12	0.00	0.28	-0.07	-0.02	0	-0.049	0.323	-0.190	1.359	-2.533	7.262
3.858	0.309	-0.333	0.000	0.23	0.12	0.00	0.27	0.02	0.05	0	-0.040	0.309	-0.189	1.384	-2.579	7.276
3.871	0.312	-0.337	0.000	0.23	0.12	0.00	0.16	-0.27	-0.11	0	-0.031	0.294	-0.188	1.409	-2.625	7.290
3.879	0.315	-0.340	0.000	0.24	0.12	0.00	-0.08	-0.26	0.21	0	-0.022	0.280	-0.187	1.433	-2.669	7.305
3.891	0.318	-0.344	0.000	0.24	0.12	0.00	0.25	-0.17	0.04	0	-0.013	0.266	-0.186	1.457	-2.713	7.319
3.902	0.322	-0.347	0.000	0.24	0.12	0.00	0.24	-0.15	-0.04	0	-0.004	0.252	-0.186	1.480	-2.756	7.333
3.909	0.325	-0.351	0.000	0.24	0.13	0.00	0.05	0.11	-0.14	0	0.005	0.238	-0.185	1.503	-2.799	7.347
3.920	0.328	-0.355	0.000	0.24	0.12	0.00	0.13	0.04	0.07	0	0.013	0.224	-0.184	1.526	-2.841	7.361
3.930	0.331	-0.359	0.000	0.24	0.13	0.00	0.00	-0.31	0.02	0	0.022	0.210	-0.183	1.548	-2.882	7.375
3.934	0.335	-0.362	0.000	0.24	0.13	0.00	0.28	0.14	-0.07	0	0.031	0.196	-0.183	1.570	-2.922	7.389
3.950	0.338	-0.366	0.000	0.24	0.13	0.00	0.07	-0.21	0.08	0	0.039	0.183	-0.182	1.592	-2.962	7.402
3.960	0.341	-0.370	0.000	0.24	0.13	0.00	0.24	-0.01	0.12	0	0.048	0.169	-0.181	1.613	-3.000	7.416
3.970	0.345	-0.374	0.000	0.24	0.13	0.00	0.22	0.13	0.16	0	0.056	0.156	-0.180	1.634	-3.039	7.430
3.980	0.348	-0.378	0.000	0.25	0.13	0.01	0.12	-0.00	0.05	0	0.065	0.142	-0.179	1.654	-3.076	7.443
3.986	0.351	-0.381	0.000	0.25	0.13	0.01	0.25	-0.12	-0.05	0	0.073	0.129	-0.179	1.674	-3.113	7.457
4.000	0.355	-0.385	0.000	0.25	0.13	0.01	-0.11	-0.26	-0.15	0	0.082	0.116	-0.178	1.694	-3.149	7.470
4.012	0.358	-0.389	0.000	0.25	0.13	0.01	0.09	-0.04	-0.01	0	0.090	0.103	-0.177	1.713	-3.185	7.484
4.019	0.361	-0.393	0.000	0.25	0.13	0.01	0.24	0.25	0.02	0	0.099	0.090	-0.176	1.732	-3.219	7.497
4.028	0.365	-0.397	0.000	0.25	0.13	0.01	0.28	-0.20	0.24	0	0.107	0.077	-0.176	1.751	-3.254	7.511
4.037	0.368	-0.401	0.000	0.25	0.13	0.01	-0.04	-0.34	-0.07	35972	0.115	0.064	-0.175	1.769	-3.287	7.524
4.045	0.372	-0.405	0.000	0.25	0.13	0.01	0.05	-0.02	-0.54	35977	0.123	0.051	-0.174	1.787	-3.320	7.537
4.060	0.375	-0.409	0.000	0.26	0.13	0.01	-0.40	-0.81	-0.10	35970	0.132	0.038	-0.172	1.805	-3.352	7.550
4.070	0.379	-0.413	0.000	0.25	0.14	0.01	-1.76	-1.50	0.54	35959	0.140	0.025	-0.170	1.822	-3.384	7.563
4.083	0.383	-0.417	0.000	0.24	0.15	0.00	0.24	-1.03	1.49	35959	0.148	0.013	-0.168	1.839	-3.415	7.576
4.087	0.386	-0.422	0.000	0.24	0.16	0.01	-2.53	-2.27	0.58	35970	0.156	0.000	-0.166	1.855	-3.445	7.588
4.101	0.390	-0.426	0.000	0.22	0.18	0.00	-2.58	-2.83	0.92	35934	0.164	-0.012	-0.163	1.872	-3.475	7.601
4.109	0.393	-0.430	0.000	0.20	0.20	0.00	-0.46	-1.31	1.47	35938	0.172	-0.025	-0.161	1.888	-3.504	7.613
4.120	0.397	-0.434	0.000	0.19	0.21	0.00	-1.61	-2.48	0.64	35944	0.180	-0.037	-0.158	1.903	-3.533	7.625
4.126	0.400	-0.438	0.000	0.17	0.22	0.00	-2.91	-3.22	0.69	35920	0.188	-0.049	-0.155	1.919	-3.561	7.637
4.140	0.404	-0.442	0.000	0.15	0.25	0.00	-2.73	-1.54	-0.14	35915	0.196	-0.062	-0.152	1.934	-3.588	7.648
4.149	0.407	-0.446	0.000	0.13	0.27	0.00	-0.47	-0.99	-1.40	35940	0.204	-0.074	-0.149	1.948	-3.615	7.659
4.160	0.411	-0.450	0.000	0.12	0.28	-0.01	-1.79	-1.14	-2.97	35948	0.212	-0.086	-0.146	1.963	-3.642	7.670
4.169	0.414	-0.454	0.000	0.10	0.29	-0.04	-1.54	-2.20	-3.86	35935	0.220	-0.098	-0.143	1.977	-3.667	7.681
4.179	0.418	-0.458	0.000	0.09	0.31	-0.08	-3.13	-3.33	-4.48	35933	0.227	-0.110	-0.140	1.990	-3.692	7.692
4.190	0.421	-0.462	0.000	0.06	0.34	-0.14	-0.31	-0.47	-9.92	35915	0.235	-0.121	-0.137	2.004	-3.717	7.702
4.201	0.425	-0.467	0.000	0.05	0.36	-0.23	-3.06	-1.51	-11.88	35918	0.243	-0.133	-0.134	2.017	-3.741	7.712
4.211	0.428	-0.471	0.000	0.02	0.37	-0.36	-2.50	-3.22	-10.50	35893	0.250	-0.145	-0.130	2.030	-3.765	7.722
4.220	0.432	-0.475	0.000	0.00	0.40	-0.46	-1.89	-1.05	-7.29	35907	0.258	-0.156	-0.127	2.042	-3.788	7.732
4.227	0.435	-0.479	0.000	-0.01	0.41	-0.52	-2.32	-0.63	-0.77	35928	0.265	-0.168	-0.124	2.055	-3.810	7.741
4.240	0.439	-0.483	0.000	-0.04	0.43	-0.53	-6.52	-0.79	-2.29	35895	0.273	-0.179	-0.121	2.066	-3.832	7.751
4.250	0.442	-0.487	0.000	-0.11	0.43	-0.55	-12.30	-1.86	-2.72	37928	0.280	-0.191	-0.118	2.078	-3.853	7.760
4.260	0.445	-0.491	0.000	-0.24	0.44	-0.58	-18.51	-2.27	-1.57	37855	0.288	-0.202	-0.115	2.090	-3.874	7.768
4.271	0.449	-0.495	0.000	-0.43	0.47	-0.59	-25.90	-0.58	1.20	37771	0.295	-0.213	-0.112	2.101	-3.895	7.777
4.278	0.452	-0.500	0.000	-0.69	0.47	-0.58	-32.49	-3.47	0.99	37693	0.302	-0.224	-0.109	2.111	-3.914	7.785
4.290	0.456	-0.504	0.001	-1.03	0.50	-0.57	-38.76	-1.99	-0.88	37577	0.310	-0.235	-0.106	2.122	-3.934	7.793
4.296	0.459	-0.508	0.001	-1.42	0.53	-0.58	-42.98	-5.18	-0.96	37437	0.317	-0.246	-0.102	2.132	-3.953	7.801
4.303	0.463	-0.512	0.001	-1.87	0.59	-0.59	-54.09	-7.07	-0.47	37373	0.324	-0.257	-0.099	2.142	-3.971	7.809
4.320	0.466	-0.516	0.001	-2.42	0.66	-0.59	-62.32	-9.87	0.22	37181	0.331	-0.268	-0.096	2.152	-3.989	7.816
4.328	0.469	-0.520	0.001	-3.06	0.77	-0.58	-67.96	-18.26	0.30	36952	0.338	-0.278	-0.093	2.161	-4.006	7.823
4.338	0.473	-0.524	0.002	-3.75	0.98	-0.57	-70.35	-30.18	1.53	36731	0.345	-0.289	-0.090	2.171	-4.023	7.830
4.351	0.476	-0.528	0.003	-4.46	1.28	-0.53	-70.76	-37.53	3.17	36566	0.352	-0.299	-0.086	2.180	-4.040	7.837
4.362	0.479	-0.532	0.002	-5.16	1.68	-0.46	-65.02	-56.47	6.08	36641	0.359	-0.310	-0.083	2.188	-4.056	7.843
4.370	0.482	-0.535	0.003	-5.79	2.26	-0.33	-58.50	-76.52	11.24	36502	0.366	-0.320	-0.080	2.197	-4.071	7.850
4.380	0.486	-0.539	0.003	-6.37	3.03	-0.14	-50.73	-91.16	13.34	36326	0.373	-0.330	-0.077	2.205	-4.087	7.856
4.391	0.489	-0.542	0.004	-6.89	3.94	0.11	-44.54	-105.80	17.82	36224	0.380	-0.339	-0.074	2.212	-4.101	7.861
4.397	0.490	-0.542	0.003	-7.35	4.98	0.43	-40.94	-111.78	19.38	36549	0.387	-0.349	-0.071	2.220	-4.115	7.867
4.410	0.493	-0.545	0.003	-7.79	6.06	0.77	-40.67	-110.58	19.39	36565	0.394	-0.358	-0.068	2.227	-4.129	7.872
4.421	0.496	-0.548	0.004	-8.24	7.12	1.11	-46.47	-104.36	16.13	36618	0.401	-0.367	-0.065	2.234	-4.142	7.878
4.430	0.499	-0.551	0.005	-8.75	8.11	1.42	-46.56	-96.07	11.85	36675	0.407	-0.375	-0.062	2.240	-4.154	7.883
4.441	0.497	-0.545	0.003	-9.26	9.03	1.69	-44.30	-81.52	12.00	36800	0.414	-0.383	-0.059	2.246	-4.166	7.887
4.446	0.499	-0.548	0.003	-9.75	9.80	1.95	-41.09	-72.82	12.29	39440	0.420	-0.390	-0.057	2.252	-4.178	7.892
4.454	0.502	-0.550	0.004	-10.19	10.48	2.20	-37.65	-62.35	11.84	39667	0.426	-0.398	-0.054	2.257	-4.189	7.896
4.472	0.504	-0.553	0.004	-10.61	11.05	2.42	-36.95	-48.41	10.38	39909	0.432	-0.405	-0.051	2.262	-4.199	7.901
4.481	0.506	-0.555	0.004	-11.02	11.50	2.62	-33.93	-37.94	9.37	40184	0.438	-0.412	-0.048	2.267	-4.210	7.904
4.486	0.499	-0.545	0.002	-11.40	11.83	2.78	-26.59	-20.63	7.21	40742	0.443	-0.418	-0.046	2.271	-4.219	7.908
4.498	0.500	-0.546	0.002	-11.69	12.00	2.89	-29.28	-8.71	6.11	41033	0.447	-0.423	-0.043	2.275	-4.228	7.912
4.511	0.502	-0.548	0.002	-11.99	12.05	2.97	-20.87	8.67	5.74	41350	0.452	-0.429	-0.040	2.279	-4.236	7.915
4.520	0.503	-0.549	0.001	-12.19	11.93	3.00	-10.85	22.91	5.76	41650	0.457	-0.434	-0.038	2.282	-4.245	7.918
4.528	0.510	-0.558	0.001	-12.27	11.67	3.01	1.01	28.62	5.38	41871	0.462	-0.440	-0.035	2.285	-4.253	7.920
4.540	0.511	-0.559	0.001	-12.24	11.37	3.00	13.01	36.43	4.71	42183	0.467	-0.446	-0.033	2.289	-4.261	7.923
4.545	0.512	-0.559	0.000	-12.09	10.99	2.96	25.92	42.15	4.19	42465	0.472	-0.452	-0.030	2.291	-4.269	7.925
4.553	0.512	-0.560	-0.001	-11.80	10.57	2.91	38.42	45.72	4.04	42751	0.477	-0.457	-0.028	2.294	-4.276	7.927
4.570	0.512	-0.561	-0.002	-11.39	10.11	2.86	47.43	49.66	2.36	43023	0.481	-0.462	-0.025	2.296	-4.283	7.929
4.581	0.529	-0.579	-0.001	-10.86	9.58	2.78	54.85	48.94	2.38	43116	0.488	-0.470	-0.022	2.299	-4.291	7.931
4.586	0.529	-0.580	-0.002	-10.30	9.10	2.71	55.99	42.41	2.24	43374	0.494	-0.476	-0.020	2.302	-4.299	7.932
4.598	0.529	-0.580	-0.003	-9.73	8.69	2.66	56.31	36.70	2.86	43595	0.499	-0.483	-0.018	2.304	-4.306	7.933
4.610	0.529	-0.580	-0.004	-9.17	8.33	2.63	52.91	33.50	1.63	43799	0.504	-0.489	-0.015	2.306	-4.312	7.934
4.621	0.574	-0.627	-0.003	-8.56	7.92	2.59	44.01	27.43	2.11	43574	0.515	-0.500	-0.013	2.310	-4.322	7.935
4.630	0.573	-0.627	-0.004	-8.13	7.65	2.57	37.75	21.17	2.06	43704	0.524	-0.511	-0.010	2.314	-4.330	7.935
4.640	0.573	-0.627	-0.005	-7.76	7.45	2.56	31.49	16.97	0.67	43795	0.533	-0.521	-0.007	2.317	-4.338	7.935
4.648	0.573	-0.627	-0.006	-7.45	7.29	2.54	23.90	17.01	-0.66	43875	0.540	-0.530	-0.005	2.319	-4.345	7.935
4.658	0.628	-0.685	-0.004	-7.10	7.02	2.50	22.95	16.64	-2.29	46055	0.554	-0.545	-0.002	2.324	-4.355	7.935
4.666	0.627	-0.685	-0.005	-6.87	6.85	2.45	20.59	20.66	-5.05	45603	0.567	-0.559	0.000	2.329	-4.364	7.935
4.679	0.954	-0.485	-0.006	-6.97	6.09	2.36	22.36	30.45	-5.11	45694	0.619	-0.547	0.003	2.353	-4.359	7.934
4.690	0.960	-0.566	-0.006	-6.60	5.79	2.27	24.25	30.34	-2.97	45621	0.666	-0.547	0.006	2.374	-4.361	7.933
4.699	0.906	-0.639	-0.006	-6.22	5.60	2.20	26.56	20.87	-3.98	45487	0.701	-0.556	0.009	2.389	-4.367	7.932
4.710	0.913	-0.622	0.001	-5.93	5.38	2.13	31.20	13.47	-5.90	43953	0.733	-0.563	0.013	2.402	-4.371	7.931
4.720	0.914	-0.630	0.001	-5.58	5.27	2.05	36.90	1.52	-6.64	43864	0.762	-0.569	0.017	2.413	-4.375	7.930
4.730	0.943	-0.607	0.001	-5.24	5.23	2.00	43.96	-12.07	-5.29	43813	0.792	-0.573	0.020	2.424	-4.378	7.928
4.738	0.927	-0.587	0.001	-4.83	5.41	1.96	50.20	-25.59	-5.84	43737	0.816	-0.574	0.024	2.432	-4.378	7.927
4.751	0.929	-0.582	0.003	-4.33	5.70	1.92	50.54	-42.88	-6.64	43327	0.838	-0.575	0.027	2.438	-4.379	7.925
4.757	0.907	-0.620	0.003	-3.71	6.21	1.86	50.06	-52.11	-6.22	43176	0.856	-0.580	0.031	2.442	-4.382	7.923
4.765	0.916	-0.610	0.003	-3.22	6.72	1.83	57.72	-54.42	-7.38	43116	0.872	-0.585	0.034	2.445	-4.384	7.920
4.780	0.925	-0.606	0.004	-2.64	7.22	1.80	63.07	-42.40	-5.89	43059	0.888	-0.588	0.038	2.448	-4.385	7.918
4.788	0.926	-0.604	0.004	-2.01	7.62	1.75	57.92	-25.23	-5.81	42980	0.903	-0.591	0.041	2.450	-4.386	7.915
4.800	0.927	-0.599	0.006	-1.44	7.86	1.70	47.43	-12.17	-6.55	42609	0.916	-0.594	0.045	2.450	-4.386	7.912
4.807	0.945	-0.598	0.007	-0.98	7.87	1.65	32.94	7.27	-6.52	42461	0.930	-0.596	0.048	2.451	-4.386	7.909
4.821	0.975	-0.585	0.007	-0.72	7.63	1.62	19.94	21.32	-5.18	42301	0.947	-0.597	0.051	2.453	-4.386	7.905
4.829	0.998	-0.575	0.008	-0.58	7.27	1.60	9.00	30.14	-4.51	42186	0.964	-0.597	0.055	2.456	-4.384	7.902
4.837	0.998	-0.575	0.008	-0.50	6.95	1.56	4.97	49.11	-3.26	42227	0.980	-0.597	0.058	2.457	-4.382	7.898
4.849	1.010	-0.581	0.008	-0.37	6.34	1.50	8.87	75.42	-3.75	41991	0.995	-0.599	0.061	2.458	-4.381	7.894
4.859	1.034	-0.574	0.009	-0.32	5.35	1.49	7.00	89.53	-3.38	43869	1.012	-0.599	0.064	2.460	-4.379	7.890
4.871	1.048	-0.568	0.009	-0.28	4.33	1.48	7.40	82.90	-1.73	43790	1.029	-0.600	0.067	2.461	-4.377	7.886
4.880	1.049	-0.566	0.011	-0.21	3.52	1.46	9.07	67.43	-2.93	43601	1.044	-0.600	0.070	2.462	-4.374	7.881
4.890	1.050	-0.571	0.012	0.01	2.88	1.39	15.91	44.97	-3.01	43270	1.057	-0.601	0.073	2.461	-4.372	7.876
4.900	1.057	-0.568	0.013	0.15	2.35	1.37	22.40	18.05	-4.07	43189	1.070	-0.602	0.076	2.460	-4.370	7.872
4.907	1.060	-0.566	0.014	0.40	2.16	1.33	30.73	-6.46	-3.96	43022	1.082	-0.603	0.079	2.459	-4.367	7.867
4.917	1.059	-0.568	0.016	0.87	2.32	1.24	40.99	-32.21	-3.20	42674	1.093	-0.604	0.082	2.456	-4.365	7.862
4.930	1.060	-0.569	0.015	1.29	2.67	1.20	45.33	-48.24	-2.02	42865	1.102	-0.606	0.085	2.453	-4.362	7.856
4.938	1.060	-0.568	0.017	1.81	3.20	1.16	46.92	-51.01	-1.71	42680	1.111	-0.607	0.089	2.449	-4.359	7.851
4.950	1.061	-0.566	0.018	2.27	3.66	1.12	41.22	-42.15	-3.26	42552	1.119	-0.609	0.092	2.445	-4.356	7.845
4.960	1.062	-0.565	0.019	2.65	4.00	1.06	27.45	-33.67	-5.62	42476	1.126	-0.611	0.095	2.441	-4.353	7.840
4.966	1.062	-0.563	0.020	2.91	4.31	0.99	15.68	-20.10	-5.95	42427	1.133	-0.612	0.098	2.435	-4.349	7.834
4.980	1.063	-0.561	0.022	3.14	4.52	0.90	5.12	-5.91	-6.69	42272	1.139	-0.614	0.101	2.430	-4.345	7.828
4.991	1.062	-0.560	0.023	3.15	4.46	0.83	-2.34	6.49	-8.95	42168	1.144	-0.615	0.104	2.424	-4.341	7.822
4.999	1.061	-0.560	0.025	3.07	4.32	0.75	-9.87	12.73	-10.19	42107	1.149	-0.617	0.108	2.418	-4.337	7.815
5.010	1.060	-0.562	0.026	2.90	4.13	0.67	-13.97	18.92	-9.45	42137	1.153	-0.619	0.111	2.411	-4.333	7.809
5.019	1.060	-0.560	0.028	2.77	3.92	0.58	-13.09	25.60	-9.23	42072	1.157	-0.620	0.114	2.404	-4.329	7.802
5.030	1.059	-0.556	0.029	2.71	3.62	0.48	-9.56	28.78	-8.50	42020	1.160	-0.622	0.117	2.397	-4.324	7.796
5.041	1.051	-0.558	0.031	2.57	3.15	0.40	-4.04	31.77	-7.24	42046	1.162	-0.623	0.121	2.389	-4.319	7.789
5.050	1.046	-0.557	0.032	2.54	2.71	0.32	0.12	34.69	-7.76	42067	1.163	-0.625	0.124	2.380	-4.314	7.782
5.061	1.047	-0.556	0.034	2.54	2.37	0.25	-0.84	32.45	-8.18	41924	1.164	-0.627	0.127	2.372	-4.309	7.775
5.068	1.046	-0.552	0.036	2.59	2.03	0.16	-0.59	28.34	-10.33	43949	1.165	-0.628	0.130	2.363	-4.304	7.768
5.080	1.040	-0.552	0.037	2.56	1.64	0.06	-0.73	21.85	-10.68	43947	1.165	-0.630	0.134	2.354	-4.298	7.760
5.088	1.037	-0.553	0.038	2.52	1.35	-0.05	-5.25	13.61	-10.52	43998	1.164	-0.631	0.137	2.345	-4.293	7.753
5.097	1.037	-0.552	0.040	2.46	1.23	-0.15	-11.19	1.31	-9.29	43995	1.164	-0.633	0.140	2.336	-4.287	7.745
5.105	1.038	-0.551	0.041	2.34	1.23	-0.24	-16.42	-7.28	-8.83	44033	1.164	-0.635	0.143	2.327	-4.281	7.737
5.117	1.036	-0.553	0.042	2.14	1.26	-0.34	-19.66	-14.81	-9.69	44058	1.164	-0.636	0.147	2.318	-4.275	7.730
5.130	1.039	-0.554	0.044	1.92	1.44	-0.43	-18.58	-17.39	-8.86	44061	1.164	-0.638	0.150	2.309	-4.269	7.722
5.140	1.044	-0.552	0.045	1.76	1.67	-0.51	-16.92	-15.01	-8.35	44047	1.165	-0.640	0.153	2.300	-4.262	7.713
5.148	1.044	-0.551	0.048	1.60	1.81	-0.60	-10.13	-9.15	-7.75	43804	1.166	-0.642	0.157	2.291	-4.256	7.705
5.159	1.045	-0.551	0.050	1.51	1.89	-0.68	-2.36	-6.26	-9.04	43776	1.166	-0.644	0.160	2.282	-4.249	7.697
5.170	1.045	-0.550	0.051	1.50	1.95	-0.78	7.31	-6.33	-9.39	43755	1.167	-0.645	0.163	2.274	-4.242	7.688
5.177	1.046	-0.549	0.053	1.59	2.01	-0.87	15.18	-7.03	-8.25	43775	1.168	-0.647	0.167	2.265	-4.235	7.680
5.189	1.046	-0.548	0.054	1.75	2.08	-0.96	19.34	-7.44	-8.69	43833	1.169	-0.648	0.170	2.256	-4.228	7.671
5.199	1.047	-0.548	0.056	1.95	2.14	-1.05	18.80	-4.77	-8.38	43876	1.170	-0.650	0.174	2.247	-4.220	7.662
5.209	1.047	-0.547	0.057	2.14	2.19	-1.13	16.77	-4.69	-7.05	43924	1.170	-0.651	0.177	2.238	-4.213	7.653
5.219	1.048	-0.546	0.058	2.30	2.24	-1.20	10.41	-6.14	-6.42	44020	1.171	-0.653	0.180	2.229	-4.205	7.644
5.227	1.048	-0.546	0.060	2.40	2.30	-1.27	3.52	-7.73	-5.68	44129	1.172	-0.654	0.183	2.220	-4.197	7.634
5.234	1.048	-0.546	0.063	2.43	2.38	-1.33	-4.55	-6.57	-5.88	43914	1.172	-0.656	0.187	2.211	-4.190	7.625
5.251	1.048	-0.545	0.064	2.37	2.43	-1.39	-12.43	-1.88	-5.34	43995	1.173	-0.657	0.190	2.202	-4.181	7.615
5.260	1.049	-0.545	0.065	2.23	2.44	-1.44	-21.35	5.22	-5.00	44054	1.174	-0.659	0.193	2.193	-4.173	7.606
5.269	1.049	-0.545	0.067	2.01	2.37	-1.49	-30.20	11.48	-4.22	44099	1.174	-0.660	0.196	2.184	-4.165	7.596
5.277	1.049	-0.544	0.066	1.69	2.25	-1.52	-38.59	19.44	-2.39	46523	1.175	-0.661	0.199	2.175	-4.156	7.586
5.289	1.049	-0.543	0.067	1.31	2.05	-1.54	-38.16	23.58	-1.55	46592	1.175	-0.663	0.202	2.166	-4.148	7.575
5.303	1.049	-0.543	0.069	0.93	1.81	-1.55	-34.31	26.49	-1.88	46662	1.176	-0.664	0.205	2.157	-4.139	7.565
5.312	1.050	-0.543	0.070	0.59	1.53	-1.57	-28.42	32.23	-0.90	46692	1.176	-0.665	0.208	2.148	-4.130	7.555
5.319	1.050	-0.542	0.069	0.32	1.20	-1.57	-23.18	37.61	-0.40	46686	1.177	-0.667	0.211	2.139	-4.121	7.544
5.326	1.050	-0.541	0.070	0.09	0.82	-1.58	-15.92	34.04	-0.29	47031	1.177	-0.668	0.213	2.130	-4.112	7.533
5.340	1.050	-0.541	0.071	-0.05	0.49	-1.58	-9.19	26.90	-0.30	47022	1.177	-0.669	0.216	2.120	-4.103	7.522
5.351	1.050	-0.541	0.072	-0.14	0.24	-1.58	-3.33	16.02	-2.08	47014	1.178	-0.670	0.219	2.111	-4.093	7.511
5.358	1.050	-0.541	0.073	-0.16	0.10	-1.60	5.76	1.45	-1.93	47012	1.178	-0.671	0.221	2.102	-4.084	7.500
5.367	1.050	-0.540	0.072	-0.10	0.11	-1.62	7.89	-9.17	-1.72	47315	1.178	-0.672	0.224	2.093	-4.074	7.488
5.376	1.050	-0.540	0.073	-0.02	0.21	-1.64	9.00	-17.88	-0.48	47301	1.178	-0.673	0.227	2.084	-4.065	7.476
5.389	1.050	-0.539	0.074	0.07	0.40	-1.64	9.44	-20.25	-0.00	47267	1.178	-0.674	0.229	2.074	-4.055	7.465
5.403	1.050	-0.539	0.075	0.16	0.59	-1.64	7.54	-13.57	0.34	47219	1.178	-0.675	0.232	2.065	-4.045	7.453
5.411	1.050	-0.538	0.076	0.24	0.72	-1.64	5.24	-7.08	-0.11	47244	1.179	-0.676	0.234	2.056	-4.035	7.441
5.417	1.050	-0.538	0.077	0.28	0.78	-1.64	-0.32	-0.16	1.74	47153	1.179	-0.677	0.237	2.047	-4.025	7.429
5.424	1.050	-0.538	0.078	0.27	0.78	-1.62	-5.92	6.02	2.37	47040	1.179	-0.678	0.240	2.037	-4.015	7.416
5.440	1.050	-0.538	0.079	0.20	0.71	-1.60	-10.38	11.88	2.78	46934	1.179	-0.679	0.242	2.028	-4.005	7.404
5.450	1.050	-0.537	0.080	0.10	0.59	-1.57	-11.36	13.75	2.64	46849	1.179	-0.680	0.245	2.019	-3.995	7.391
5.460	1.050	-0.536	0.078	-0.02	0.45	-1.54	-12.32	18.14	2.68	47387	1.179	-0.681	0.247	2.009	-3.984	7.379
5.468	1.050	-0.536	0.079	-0.15	0.25	-1.51	-16.59	25.60	3.59	47345	1.179	-0.682	0.249	2.000	-3.974	7.366
5.479	1.050	-0.536	0.080	-0.32	-0.01	-1.47	-17.70	29.13	6.06	47291	1.178	-0.682	0.252	1.991	-3.963	7.353
5.485	1.050	-0.536	0.081	-0.49	-0.30	-1.41	-13.14	26.05	7.87	49330	1.178	-0.683	0.254	1.982	-3.952	7.340
5.500	1.050	-0.535	0.082	-0.61	-0.54	-1.33	-5.42	14.18	8.89	49278	1.178	-0.684	0.256	1.972	-3.942	7.326
5.511	1.050	-0.535	0.084	-0.65	-0.67	-1.24	4.95	4.25	9.07	49178	1.178	-0.685	0.259	1.963	-3.931	7.313
5.519	1.049	-0.535	0.085	-0.59	-0.69	-1.16	11.59	-5.35	8.81	49064	1.178	-0.685	0.262	1.954	-3.920	7.300
5.531	1.049	-0.534	0.086	-0.46	-0.63	-1.07	17.95	-11.52	8.76	48934	1.177	-0.686	0.264	1.945	-3.909	7.286
5.535	1.049	-0.534	0.088	-0.28	-0.51	-0.98	21.72	-15.74	9.00	48803	1.177	-0.687	0.267	1.935	-3.898	7.273
5.550	1.049	-0.534	0.089	-0.06	-0.36	-0.89	22.26	-13.81	8.40	48618	1.177	-0.687	0.270	1.926	-3.887	7.259
5.558	1.049	-0.533	0.091	0.16	-0.22	-0.80	20.85	-11.30	7.99	48442	1.177	-0.688	0.273	1.917	-3.876	7.245
5.569	1.049	-0.533	0.092	0.36	-0.11	-0.73	15.24	-8.37	7.17	48257	1.176	-0.688	0.276	1.908	-3.865	7.231
5.577	1.049	-0.533	0.094	0.51	-0.04	-0.65	8.77	-3.54	6.65	48066	1.176	-0.689	0.279	1.899	-3.853	7.217
5.589	1.049	-0.532	0.095	0.58	-0.01	-0.59	-0.01	2.25	5.75	47933	1.176	-0.689	0.282	1.890	-3.842	7.203
5.600	1.049	-0.532	0.097	0.57	-0.04	-0.53	-6.23	5.16	6.63	47737	1.176	-0.690	0.285	1.880	-3.831	7.189
5.608	1.049	-0.532	0.099	0.50	-0.09	-0.46	-10.65	6.60	6.22	47541	1.175	-0.690	0.288	1.871	-3.819	7.174
5.617	1.049	-0.531	0.101	0.39	-0.15	-0.40	-11.15	5.28	5.84	47355	1.175	-0.691	0.291	1.862	-3.808	7.160
5.626	1.049	-0.531	0.103	0.28	-0.21	-0.34	-10.27	5.14	5.04	47134	1.175	-0.691	0.294	1.853	-3.796	7.145
5.636	1.049	-0.531	0.105	0.18	-0.26	-0.29	-8.79	5.14	3.79	46949	1.174	-0.692	0.297	1.844	-3.784	7.131
5.661	1.049	-0.530	0.107	0.10	-0.31	-0.26	-6.34	4.73	2.55	46763	1.174	-0.692	0.301	1.835	-3.773	7.116
5.661	1.049	-0.530	0.109	0.04	-0.36	-0.23	-3.57	2.72	0.92	46567	1.174	-0.693	0.304	1.826	-3.761	7.101
5.671	1.049	-0.530	0.111	0.02	-0.38	-0.22	0.99	-2.36	0.69	46368	1.173	-0.693	0.307	1.817	-3.749	7.086
5.677	1.049	-0.530	0.113	0.03	-0.35	-0.22	4.02	-4.38	0.30	46204	1.173	-0.694	0.310	1.808	-3.737	7.071
5.685	1.049	-0.529	0.116	0.07	-0.30	-0.22	5.30	-6.29	0.31	46021	1.173	-0.694	0.313	1.799	-3.726	7.056
5.732	1.049	-0.529	0.118	0.12	-0.24	-0.21	5.04	-7.74	0.77	47937	1.172	-0.694	0.317	1.790	-3.714	7.041
5.736	1.049	-0.529	0.120	0.17	-0.16	-0.20	4.38	-7.87	0.68	47757	1.172	-0.695	0.320	1.781	-3.702	7.026
5.738	1.049	-0.529	0.124	0.22	-0.08	-0.20	6.08	-7.89	0.52	47287	1.172	-0.695	0.323	1.772	-3.690	7.011
5.744	1.049	-0.528	0.127	0.29	0.00	-0.19	6.70	-6.33	0.45	47120	1.171	-0.695	0.327	1.764	-3.678	6.996
5.747	1.049	-0.528	0.130	0.36	0.06	-0.19	6.41	-4.81	0.37	46936	1.171	-0.696	0.331	1.755	-3.665	6.981
5.750	1.049	-0.528	0.132	0.42	0.11	-0.18	3.76	-1.60	0.20	46741	1.171	-0.696	0.334	1.746	-3.653	6.965
5.759	1.049	-0.527	0.136	0.45	0.11	-0.18	-0.76	2.33	-0.56	46542	1.170	-0.696	0.338	1.737	-3.641	6.950
5.770	1.049	-0.527	0.139	0.43	0.08	-0.19	-5.44	6.31	-1.18	46208	1.170	-0.697	0.342	1.728	-3.629	6.935
5.777	1.049	-0.527	0.141	0.37	0.02	-0.20	-6.80	7.37	-1.86	46013	1.170	-0.697	0.345	1.720	-3.617	6.919
5.789	1.049	-0.527	0.144	0.31	-0.06	-0.22	-5.87	7.71	-3.17	45820	1.169	-0.697	0.349	1.711	-3.604	6.904
5.800	1.049	-0.527	0.147	0.25	-0.14	-0.25	-4.40	7.88	-3.55	45620	1.169	-0.697	0.353	1.702	-3.592	6.888
5.811	1.049	-0.526	0.148	0.21	-0.22	-0.29	-3.18	7.15	-5.04	45859	1.169	-0.698	0.356	1.694	-3.580	6.872
5.821	1.049	-0.526	0.151	0.18	-0.29	-0.34	-3.53	3.93	-5.41	45681	1.168	-0.698	0.359	1.685	-3.567	6.856
5.829	1.049	-0.526	0.154	0.15	-0.32	-0.40	-2.07	1.59	-5.30	45504	1.168	-0.698	0.363	1.677	-3.555	6.840
5.839	1.049	-0.526	0.156	0.13	-0.33	-0.45	-0.64	-0.74	-6.14	45309	1.168	-0.698	0.366	1.668	-3.542	6.825
5.850	1.049	-0.526	0.157	0.13	-0.33	-0.51	0.48	-2.79	-5.80	45514	1.167	-0.699	0.369	1.659	-3.530	6.808
5.859	1.049	-0.525	0.160	0.13	-0.30	-0.57	2.00	-4.00	-5.85	45341	1.167	-0.699	0.372	1.651	-3.517	6.792
5.869	1.049	-0.525	0.163	0.15	-0.26	-0.63	1.05	-2.10	-6.29	45166	1.167	-0.699	0.375	1.642	-3.505	6.776
5.880	1.049	-0.525	0.166	0.15	-0.25	-0.70	-3.00	3.37	-6.40	44968	1.166	-0.699	0.379	1.634	-3.492	6.760
5.887	1.049	-0.525	0.169	0.12	-0.28	-0.76	-5.71	7.23	-6.07	44760	1.166	-0.699	0.382	1.626	-3.480	6.744
5.895	1.049	-0.525	0.172	0.06	-0.36	-0.82	-7.27	9.79	-5.36	44549	1.166	-0.699	0.385	1.617	-3.467	6.728
5.912	1.049	-0.524	0.175	-0.01	-0.46	-0.88	-5.69	10.30	-5.85	46440	1.165	-0.700	0.388	1.609	-3.454	6.712
5.919	1.049	-0.524	0.178	-0.06	-0.56	-0.94	-1.17	7.42	-5.89	46256	1.165	-0.700	0.392	1.600	-3.442	6.696
5.930	1.049	-0.524	0.181	-0.07	-0.63	-1.00	2.89	4.48	-5.58	46075	1.165	-0.700	0.395	1.592	-3.429	6.679
5.937	1.049	-0.524	0.184	-0.04	-0.67	-1.04	47.46	0.68	82.23	46012	1.164	-0.700	0.398	1.584	-3.416	6.663
5.949	1.049	-0.524	0.187	1.52	-1.01	0.68	403.70	96.57	448.85	46283	1.164	-0.700	0.402	1.576	-3.404	6.647
5.958	1.050	-0.523	0.190	5.37	-1.53	5.07	279.99	2.35	413.15	46983	1.163	-0.700	0.405	1.567	-3.391	6.631
5.968	1.050	-0.523	0.193	8.26	-0.97	9.25	226.66	-64.51	431.42	47550	1.163	-0.700	0.409	1.559	-3.378	6.614
5.979	1.050	-0.523	0.198	10.35	0.50	13.30	100.46	-161.73	390.46	48144	1.163	-0.700	0.412	1.551	-3.366	6.598
5.988	1.050	-0.523	0.200	11.21	2.89	16.66	261.30	-295.37	114.71	48096	1.163	-0.700	0.416	1.543	-3.353	6.582
5.999	1.050	-0.523	0.202	14.19	6.25	16.54	301.43	-423.58	-76.10	47631	1.164	-0.701	0.420	1.534	-3.340	6.565
6.012	1.050	-0.524	0.205	17.21	10.16	14.63	130.68	-434.76	-77.83	48299	1.164	-0.701	0.423	1.526	-3.327	6.548
6.021	1.051	-0.524	0.206	18.72	14.06	12.48	-30.33	-430.21	-76.96	49308	1.166	-0.702	0.426	1.518	-3.314	6.532
6.028	1.051	-0.525	0.192	18.81	17.83	10.30	-180.25	-404.75	-72.79	53138	1.167	-0.703	0.427	1.509	-3.301	6.514
6.038	1.051	-0.526	0.192	17.50	21.39	8.25	-307.31	-365.71	-67.93	54151	1.169	-0.705	0.427	1.500	-3.288	6.496
6.050	1.051	-0.527	0.192	14.97	24.65	6.45	-407.19	-319.22	-62.88	55082	1.171	-0.707	0.428	1.491	-3.275	6.478
6.056	1.050	-0.529	0.192	11.43	27.53	4.98	-479.23	-262.41	-57.15	55894	1.172	-0.710	0.429	1.482	-3.262	6.460
6.070	1.049	-0.531	0.209	7.03	29.94	3.91	-530.63	-203.16	-51.86	53172	1.174	-0.712	0.433	1.473	-3.249	6.443
6.079	1.048	-0.533	0.209	2.08	31.83	3.13	-559.83	-136.41	-47.59	53731	1.176	-0.715	0.437	1.463	-3.236	6.426
6.088	1.046	-0.535	0.209	-3.25	33.09	2.58	-570.51	-65.10	-44.71	54219	1.178	-0.717	0.440	1.454	-3.223	6.408
6.098	1.044	-0.537	0.209	-8.69	33.67	2.12	-562.36	12.60	-42.56	54669	1.179	-0.720	0.443	1.444	-3.210	6.391
6.110	1.041	-0.539	0.208	-13.97	33.51	1.56	-539.45	93.66	-40.97	57126	1.181	-0.722	0.446	1.434	-3.196	6.373
6.121	1.038	-0.541	0.222	-18.93	32.58	0.80	-505.62	176.86	-38.98	54871	1.181	-0.724	0.451	1.423	-3.183	6.355
6.130	1.034	-0.542	0.223	-23.27	30.94	-0.43	-459.55	264.17	-35.61	55151	1.182	-0.726	0.455	1.412	-3.170	6.338
6.135	1.029	-0.543	0.223	-26.93	28.59	-2.15	-399.86	345.86	-30.60	55388	1.182	-0.727	0.459	1.401	-3.156	6.320
6.143	1.024	-0.543	0.223	-29.83	25.61	-4.35	-332.45	408.02	-27.50	55558	1.181	-0.728	0.462	1.390	-3.143	6.302
6.158	1.018	-0.544	0.230	-32.03	22.13	-6.86	-260.80	448.14	-24.21	54251	1.180	-0.728	0.466	1.379	-3.130	6.284
6.169	1.012	-0.543	0.231	-33.55	18.46	-9.68	-185.92	469.82	-19.24	54305	1.178	-0.728	0.469	1.367	-3.116	6.266
6.177	1.006	-0.541	0.231	-34.46	14.66	-12.59	-106.85	475.75	-13.30	54310	1.176	-0.727	0.472	1.355	-3.103	6.248
6.190	1.000	-0.539	0.232	-34.77	10.83	-15.46	-25.07	467.16	-7.84	54272	1.173	-0.725	0.475	1.343	-3.089	6.229
6.194	0.994	-0.535	0.230	-34.47	7.08	-18.23	59.05	446.17	-2.68	54183	1.170	-0.723	0.476	1.330	-3.076	6.210
6.210	0.988	-0.532	0.230	-33.80	3.67	-20.61	-246.39	100.19	-26.28	55005	1.166	-0.720	0.478	1.318	-3.062	6.192
6.224	0.982	-0.528	0.230	-37.96	4.27	-20.76	-1053.09	-586.55	-125.75	59370	1.163	-0.717	0.479	1.305	-3.048	6.173
6.230	0.975	-0.524	0.228	-48.94	9.39	-17.63	-1131.98	-613.76	-127.13	62592	1.160	-0.713	0.479	1.291	-3.034	6.154
6.239	0.969	-0.521	0.225	-61.21	13.90	-13.29	-1174.17	-592.33	-128.02	64369	1.158	-0.708	0.479	1.278	-3.021	6.134
6.249	0.963	-0.516	0.220	-74.41	17.31	-8.17	-1210.70	-562.42	-125.30	65535	1.156	-0.702	0.479	1.264	-3.007	6.115
6.256	0.957	-0.510	0.216	-88.36	19.38	-2.54	-1243.02	-529.32	-122.13	65535	1.154	-0.695	0.477	1.249	-2.994	6.095
6.269	0.951	-0.504	0.210	-102.77	20.07	3.11	-1279.02	-481.86	-117.70	65535	1.152	-0.686	0.475	1.235	-2.981	6.075
6.281	0.945	-0.497	0.203	-117.32	19.55	8.23	-1281.46	-416.49	-116.95	65535	1.149	-0.675	0.471	1.220	-2.968	6.055
6.290	0.939	-0.489	0.195	-130.51	18.18	12.43	275.44	52.80	149.17	65535	1.145	-0.663	0.465	1.205	-2.956	6.034
6.299	0.933	-0.481	0.185	-123.18	17.29	9.69	1685.81	476.06	450.47	65535	1.140	-0.649	0.457	1.190	-2.944	6.014
6.309	0.926	-0.474	0.175	-104.42	15.21	3.26	1780.44	537.27	416.97	65535	1.134	-0.634	0.447	1.175	-2.932	5.993
6.319	0.920	-0.465	0.163	-85.03	11.55	-2.67	1890.67	609.98	394.58	65535	1.128	-0.619	0.436	1.160	-2.921	5.972
6.331	0.913	-0.455	0.150	-65.19	6.21	-7.71	1976.20	686.51	368.73	65535	1.121	-0.603	0.423	1.145	-2.911	5.951
6.340	0.951	-0.697	0.365	-39.70	-8.10	1.08	1212.14	-221.71	143.85	58168	1.118	-0.618	0.448	1.133	-2.916	5.945
6.348	0.949	-0.698	0.362	-27.51	-6.74	3.74	945.60	-568.68	139.99	64582	1.116	-0.631	0.469	1.122	-2.921	5.937
6.357	0.947	-0.700	0.358	-18.00	-1.79	7.40	843.36	-735.78	158.56	65535	1.115	-0.642	0.485	1.109	-2.925	5.927
6.369	0.945	-0.701	0.352	-9.56	5.08	10.65	1279.12	-452.89	138.16	65535	1.114	-0.650	0.499	1.097	-2.929	5.916
6.378	1.190	-1.137	0.243	9.07	7.48	11.64	1762.69	-261.47	157.50	65535	1.144	-0.712	0.493	1.100	-2.960	5.897
6.390	1.197	-1.153	0.226	26.68	10.43	12.30	1803.22	-302.17	119.31	65535	1.171	-0.768	0.486	1.102	-2.987	5.877
6.399	1.204	-1.171	0.208	44.48	13.54	11.48	357.17	713.66	218.32	65535	1.196	-0.821	0.477	1.103	-3.012	5.857
6.409	1.212	-1.192	0.191	45.56	10.58	18.49	-14.69	674.18	353.96	65535	1.219	-0.872	0.468	1.102	-3.035	5.836
6.421	1.502	-1.817	0.069	50.63	8.08	26.56	-127.01	493.90	278.14	65535	1.275	-0.996	0.440	1.119	-3.094	5.808
6.430	1.522	-1.862	0.037	48.53	7.05	32.11	-230.95	351.16	253.29	65535	1.327	-1.112	0.412	1.133	-3.148	5.779
6.439	1.543	-1.908	0.004	45.56	6.65	36.26	-325.41	210.47	236.78	65535	1.376	-1.222	0.384	1.145	-3.198	5.751
6.449	1.563	-1.955	-0.029	41.82	6.93	39.18	-400.49	57.96	209.97	65535	1.423	-1.326	0.354	1.155	-3.243	5.721
6.458	1.584	-2.002	-0.062	37.48	7.95	41.04	-457.21	-68.71	184.45	65535	1.468	-1.426	0.324	1.163	-3.285	5.692
6.466	1.481	-1.666	-0.009	28.80	8.51	41.70	-486.80	-156.43	168.83	65535	1.496	-1.473	0.308	1.162	-3.299	5.668
6.479	1.498	-1.703	-0.034	23.78	10.76	42.45	-494.94	-222.01	151.91	65535	1.524	-1.520	0.291	1.160	-3.312	5.643
6.488	1.515	-1.741	-0.059	18.73	13.46	42.99	-477.71	-275.59	131.67	65535	1.551	-1.567	0.273	1.157	-3.324	5.618
6.498	1.532	-1.779	-0.085	13.90	16.51	43.47	-431.70	-307.21	116.92	65535	1.578	-1.614	0.254	1.154	-3.336	5.593
6.510	1.442	-1.362	-0.001	5.21	18.29	44.58	-370.64	-329.11	106.14	65535	1.591	-1.605	0.252	1.143	-3.319	5.573
6.516	1.455	-1.387	-0.019	1.29	21.67	45.49	-304.33	-346.64	94.18	65535	1.605	-1.599	0.249	1.132	-3.303	5.553
6.532	1.468	-1.412	-0.038	-2.06	25.16	46.51	-232.05	-358.45	80.97	65535	1.619	-1.598	0.243	1.121	-3.290	5.532
6.538	1.481	-1.438	-0.056	-4.83	28.60	47.64	-254.96	-267.39	90.48	65535	1.634	-1.600	0.236	1.110	-3.279	5.510
6.550	1.493	-1.464	-0.076	-8.21	30.89	49.08	-386.50	-77.18	143.64	65535	1.648	-1.604	0.228	1.098	-3.268	5.487
6.554	1.414	-1.139	0.001	-17.10	29.86	54.17	-499.18	59.27	187.71	65535	1.651	-1.568	0.234	1.081	-3.238	5.469
6.565	1.424	-1.156	-0.015	-22.91	28.66	55.94	-480.73	81.93	178.73	65535	1.655	-1.537	0.237	1.064	-3.210	5.450
6.579	1.433	-1.172	-0.032	-28.32	27.11	57.32	-455.62	115.08	166.99	65535	1.659	-1.511	0.237	1.048	-3.186	5.429
6.590	1.441	-1.190	-0.048	-33.25	25.22	58.21	-435.26	157.18	156.88	65535	1.663	-1.490	0.235	1.032	-3.164	5.408
6.598	1.330	-0.991	0.031	-40.63	21.51	63.50	-410.90	206.21	145.94	65535	1.652	-1.445	0.247	1.009	-3.132	5.392
6.605	1.334	-1.004	0.018	-44.55	18.96	63.09	-383.44	259.61	136.36	65535	1.642	-1.406	0.255	0.986	-3.103	5.373
6.614	1.337	-1.017	0.004	-48.03	16.13	62.04	-355.07	314.52	126.63	65535	1.632	-1.372	0.260	0.965	-3.077	5.354
6.633	1.340	-1.029	-0.010	-51.13	13.06	60.25	-399.11	426.29	103.34	65535	1.623	-1.343	0.262	0.945	-3.054	5.333
6.641	1.221	-1.059	0.053	-55.59	8.93	60.61	-458.63	506.95	103.34	65535	1.599	-1.320	0.274	0.918	-3.035	5.317
6.647	1.220	-1.073	0.042	-59.66	5.35	56.87	-435.47	505.21	107.43	65535	1.576	-1.300	0.283	0.893	-3.019	5.298
6.657	1.218	-1.087	0.031	-63.73	2.03	52.94	-409.57	491.09	109.59	65535	1.554	-1.283	0.288	0.869	-3.005	5.279
6.663	1.216	-1.100	0.019	-67.75	-0.97	48.94	-380.77	464.84	112.93	65535	1.532	-1.269	0.290	0.846	-2.993	5.258
6.673	1.213	-1.113	0.006	-71.66	-3.61	45.02	-343.64	425.12	114.34	65535	1.511	-1.257	0.289	0.825	-2.982	5.237
6.689	1.105	-1.348	0.070	-74.88	-6.58	44.64	-285.99	371.41	112.67	65535	1.478	-1.274	0.299	0.798	-2.987	5.220
6.700	1.100	-1.365	0.061	-78.06	-8.51	41.35	-213.74	303.51	121.17	65535	1.447	-1.291	0.305	0.773	-2.993	5.201
6.707	1.094	-1.382	0.051	-80.89	-10.09	38.48	-913.33	202.43	-304.32	65535	1.417	-1.307	0.307	0.750	-2.998	5.182
6.720	1.090	-1.401	0.040	-88.57	-8.62	37.19	186.72	-119.72	221.56	65535	1.389	-1.322	0.307	0.729	-3.004	5.161
6.732	1.088	-1.424	0.028	-87.15	-11.28	38.53	122.87	-278.19	543.97	65535	1.363	-1.337	0.304	0.709	-3.010	5.140
6.774	1.087	-1.447	0.014	-85.72	-16.66	41.56	-180.49	-186.25	602.22	65535	1.337	-1.353	0.299	0.691	-3.017	5.119
6.778	1.086	-1.471	0.000	-86.33	-22.44	44.14	16.56	-57.02	500.63	65535	1.313	-1.368	0.291	0.675	-3.024	5.097
6.781	1.085	-1.495	-0.015	-85.71	-27.19	43.91	368.97	259.79	350.53	65535	1.290	-1.384	0.282	0.661	-3.032	5.074
6.783	0.938	-2.853	0.232	-70.16	-42.52	72.18	435.26	180.58	322.82	65535	1.249	-1.565	0.314	0.639	-3.125	5.068
6.790	0.954	-2.900	0.231	-66.90	-46.08	71.61	-96.21	-16.94	301.80	65535	1.214	-1.731	0.340	0.621	-3.209	5.060
6.798	0.970	-2.948	0.228	-66.11	-48.79	73.60	-34.85	-71.87	248.77	65535	1.182	-1.884	0.361	0.606	-3.286	5.050
6.800	0.986	-2.996	0.224	-65.17	-50.20	75.57	-160.90	28.23	-92.68	65535	1.155	-2.024	0.378	0.594	-3.356	5.038
6.810	1.001	-3.043	0.220	-67.60	-49.95	74.31	-162.99	143.21	15.41	65535	1.132	-2.155	0.391	0.584	-3.420	5.025
6.822	1.495	-2.814	0.176	-66.57	-51.59	74.68	29.19	-44.57	-32.14	65535	1.171	-2.242	0.394	0.608	-3.461	5.009
6.830	1.515	-2.855	0.166	-65.89	-51.13	75.07	29.25	-47.42	-38.19	65535	1.206	-2.324	0.394	0.630	-3.499	4.991
6.839	1.535	-2.895	0.155	-65.55	-50.65	75.20	-1.11	17.27	-51.43	65535	1.239	-2.401	0.392	0.652	-3.535	4.973
6.848	1.554	-2.936	0.143	-65.84	-50.12	74.78	-8.29	-20.08	-105.61	65535	1.269	-2.475	0.388	0.673	-3.568	4.954
6.859	-0.695	-4.340	0.280	-83.23	-35.40	56.74	-43.38	11.37	-116.79	65535	1.018	-2.713	0.407	0.549	-3.686	4.945
6.869	-0.704	-4.414	0.269	-83.64	-34.21	56.36	9.60	-3.78	-134.61	65535	0.793	-2.933	0.421	0.441	-3.793	4.933
6.878	-0.712	-4.488	0.258	-83.75	-32.83	56.18	-10.08	28.89	-147.92	65535	0.590	-3.138	0.431	0.347	-3.890	4.920
6.889	-0.721	-4.563	0.246	-84.10	-31.38	55.79	-9.25	-8.66	-158.17	65535	0.409	-3.328	0.436	0.265	-3.979	4.906
6.900	-0.729	-4.637	0.233	-84.20	-29.75	55.70	10.92	22.31	-183.99	65535	0.246	-3.506	0.438	0.195	-4.061	4.890
6.909	-0.737	-4.711	0.219	-84.37	-27.88	55.43	0.60	29.75	-210.56	65535	0.099	-3.672	0.437	0.134	-4.136	4.874
6.917	-0.746	-4.785	0.204	-84.67	-25.77	54.95	-23.65	-14.97	-241.18	65535	-0.033	-3.828	0.433	0.083	-4.205	4.856
6.928	-0.754	-4.860	0.188	-84.88	-23.34	54.66	-21.67	14.38	-254.32	65535	-0.152	-3.976	0.426	0.039	-4.269	4.838
6.941	-0.762	-4.934	0.171	-85.12	-20.77	54.27	-3.39	-26.86	-268.55	65535	-0.260	-4.115	0.417	0.003	-4.328	4.820
6.947	-0.770	-5.008	0.153	-84.79	-18.79	54.57	209.69	-77.64	106.22	65535	-0.357	-4.248	0.406	-0.027	-4.383	4.801
6.959	-0.778	-5.083	0.134	-82.86	-19.52	55.39	-35.83	-22.27	0.56	65535	-0.445	-4.374	0.392	-0.051	-4.434	4.781
6.968	-0.786	-5.157	0.114	-83.30	-19.39	55.55	-46.16	34.71	-25.14	65535	-0.526	-4.494	0.377	-0.070	-4.482	4.761
6.978	-0.794	-5.232	0.093	-83.79	-19.36	55.16	-68.22	30.14	66.52	65535	-0.599	-4.610	0.361	-0.085	-4.527	4.741
6.986	-0.561	-5.039	0.133	-84.31	-24.97	58.31	-40.09	78.77	43.46	65535	-0.636	-4.688	0.353	-0.079	-4.552	4.724
6.997	-0.564	-5.110	0.114	-84.81	-25.42	57.73	0.69	-39.00	20.06	65535	-0.670	-4.765	0.342	-0.071	-4.577	4.707
7.008	-0.567	-5.180	0.095	-84.65	-25.56	57.93	-11.02	0.39	-0.98	65535	-0.701	-4.841	0.329	-0.062	-4.602	4.689
7.020	-0.570	-5.250	0.074	-84.77	-25.54	57.86	2.09	-2.54	-11.47	65535	-0.731	-4.917	0.315	-0.050	-4.626	4.671
7.025	-0.573	-5.321	0.053	-84.71	-25.43	57.88	4.27	-11.21	-4.11	65535	-0.758	-4.993	0.298	-0.037	-4.649	4.652
7.041	-0.576	-5.391	0.030	-84.68	-25.39	57.90	2.42	-6.98	-1.22	65535	-0.783	-5.068	0.280	-0.022	-4.673	4.633
7.047	-0.579	-5.462	0.007	-84.66	-25.38	57.93	-4.79	12.26	-1.89	65535	-0.806	-5.142	0.260	-0.006	-4.696	4.614
7.055	-0.582	-5.532	-0.018	-84.72	-25.39	57.87	2.98	-3.78	1.32	65535	-0.828	-5.216	0.238	0.012	-4.719	4.595
7.067	-0.585	-5.603	-0.043	-84.69	-25.40	57.89	3.65	-2.32	-2.27	65535	-0.849	-5.290	0.216	0.031	-4.741	4.575
7.067	-0.588	-5.674	-0.070	-84.66	-25.39	57.87	8.65	-3.34	1.55	65535	-0.868	-5.363	0.191	0.051	-4.764	4.555
7.088	-0.591	-5.744	-0.097	-84.58	-25.39	57.95	-12.76	14.57	2.23	65535	-0.886	-5.437	0.166	0.073	-4.786	4.535
7.091	-0.594	-5.815	-0.126	-84.70	-25.42	57.85	7.08	-11.08	-3.50	65535	-0.903	-5.510	0.139	0.095	-4.808	4.515
7.109	-0.597	-5.886	-0.155	-84.58	-25.39	57.91	7.98	-9.83	-1.95	65535	-0.919	-5.583	0.111	0.118	-4.830	4.495
7.120	-0.600	-5.956	-0.186	-84.51	-25.38	57.94	-9.99	-0.41	-0.41	65535	-0.935	-5.655	0.082	0.142	-4.851	4.475
7.126	-0.602	-6.027	-0.217	-84.58	-25.38	57.92	6.36	-7.42	-1.77	65535	-0.949	-5.728	0.051	0.167	-4.873	4.454
7.143	-0.605	-6.097	-0.249	-84.53	-25.36	57.98	10.96	3.41	-1.17	65535	-0.963	-5.800	0.020	0.193	-4.894	4.434
7.150	-0.608	-6.168	-0.283	-84.44	-25.35	57.98	-7.59	-8.72	-0.41	65535	-0.977	-5.873	-0.013	0.220	-4.916	4.413
7.157	-0.611	-6.239	-0.317	-84.49	-25.35	58.00	4.14	-4.45	-0.97	65535	-0.989	-5.945	-0.047	0.247	-4.937	4.393
7.168	-0.614	-6.310	-0.353	-84.45	-25.34	58.05	-6.26	1.91	2.23	65535	-1.002	-6.017	-0.082	0.275	-4.958	4.372
7.179	-0.616	-6.380	-0.389	-84.50	-25.36	58.02	1.80	-8.77	-2.43	65535	-1.013	-6.090	-0.118	0.304	-4.979	4.352
7.187	-0.619	-6.451	-0.426	-84.48	-25.33	58.06	-1.46	2.29	-0.47	65535	-1.025	-6.162	-0.154	0.333	-5.000	4.331
7.199	-0.622	-6.522	-0.464	-84.49	-25.33	58.04	9.47	1.79	-1.46	65535	-1.036	-6.234	-0.192	0.363	-5.020	4.311
7.210	-0.625	-6.592	-0.504	-84.40	-25.31	58.08	-4.25	5.79	0.12	65535	-1.047	-6.306	-0.231	0.393	-5.041	4.290
7.221	-0.627	-6.663	-0.544	-84.45	-25.32	58.04	-1.15	-0.78	-1.26	65535	-1.057	-6.378	-0.271	0.424	-5.062	4.269
7.227	-0.630	-6.734	-0.585	-84.46	-25.31	58.04	-0.65	-0.52	0.82	65535	-1.067	-6.450	-0.313	0.456	-5.082	4.249
7.234	-0.633	-6.805	-0.627	-84.46	-25.32	58.04	-2.42	-7.15	0.68	65535	-1.077	-6.522	-0.355	0.488	-5.103	4.228
7.251	-0.635	-6.875	-0.671	-84.48	-25.32	58.05	1.06	-6.56	0.25	65535	-1.086	-6.594	-0.398	0.520	-5.123	4.207
7.259	-0.638	-6.946	-0.715	-84.44	-25.32	58.10	2.19	-3.69	-0.27	65535	-1.095	-6.666	-0.442	0.553	-5.143	4.186
7.269	-0.641	-7.017	-0.760	-84.43	-25.32	58.11	3.49	2.62	-0.87	65535	-1.104	-6.737	-0.487	0.587	-5.163	4.166
7.278	-0.643	-7.088	-0.806	-84.42	-25.31	58.09	-2.52	-7.71	0.14	65535	-1.113	-6.809	-0.533	0.621	-5.183	4.145
7.285	-0.646	-7.159	-0.853	-84.41	-25.31	58.11	5.04	-8.66	-0.91	65535	-1.122	-6.881	-0.580	0.655	-5.203	4.124
7.299	-0.648	-7.230	-0.901	-84.40	-25.31	58.13	-2.93	6.59	1.23	65535	-1.130	-6.953	-0.628	0.690	-5.223	4.104
7.309	-0.651	-7.300	-0.950	-84.42	-25.31	58.10	3.64	1.59	-0.83	65535	-1.138	-7.025	-0.677	0.725	-5.243	4.083
7.318	-0.653	-7.371	-1.000	-84.41	-25.31	58.10	-11.33	1.04	0.97	65535	-1.146	-7.097	-0.728	0.760	-5.263	4.062
7.328	-0.656	-7.442	-1.052	-84.48	-25.32	58.10	5.92	-5.01	-0.77	65535	-1.154	-7.169	-0.779	0.796	-5.283	4.041
7.339	-0.658	-7.513	-1.104	-84.41	-25.30	58.16	-2.26	-2.74	2.44	65535	-1.162	-7.241	-0.831	0.833	-5.302	4.021
7.351	-0.660	-7.584	-1.157	-84.41	-25.31	58.18	4.06	2.67	-1.80	65535	-1.169	-7.313	-0.884	0.869	-5.322	4.000
7.360	-0.663	-7.655	-1.211	-84.38	-25.29	58.18	0.49	2.05	-1.37	65535	-1.177	-7.385	-0.938	0.906	-5.341	3.979
7.369	-0.665	-7.726	-1.266	-84.41	-25.29	58.15	3.78	-6.87	-2.03	65535	-1.184	-7.457	-0.993	0.944	-5.361	3.959
7.379	-0.668	-7.797	-1.322	-84.37	-25.28	58.20	-3.47	6.97	1.09	65535	-1.191	-7.529	-1.049	0.982	-5.380	3.938
7.389	-0.670	-7.868	-1.379	-84.41	-25.29	58.15	4.50	-5.41	1.16	65535	-1.198	-7.601	-1.106	1.020	-5.399	3.917
7.399	-0.672	-7.939	-1.436	-84.36	-25.29	58.19	-0.59	-7.17	-0.16	65535	-1.204	-7.673	-1.164	1.058	-5.419	3.897
7.410	-0.675	-8.010	-1.495	-84.36	-25.29	58.22	8.48	-7.86	-1.35	65535	-1.211	-7.745	-1.224	1.097	-5.438	3.876
7.419	-0.677	-8.081	-1.555	-84.28	-25.27	58.28	-8.47	6.21	-0.34	65535	-1.218	-7.817	-1.284	1.136	-5.457	3.856
7.428	-0.679	-8.152	-1.616	-84.33	-25.28	58.23	11.49	-5.66	-2.13	65535	-1.224	-7.889	-1.345	1.175	-5.476	3.835
7.435	-0.682	-8.223	-1.678	-84.24	-25.25	58.27	-3.20	-5.58	-1.65	65535	-1.230	-7.961	-1.407	1.215	-5.495	3.814
7.453	-0.684	-8.294	-1.741	-84.26	-25.24	58.31	0.32	1.71	-1.71	65535	-1.237	-8.033	-1.470	1.255	-5.514	3.794
7.460	-0.686	-8.365	-1.805	-84.25	-25.23	58.30	1.72	0.14	-1.70	65535	-1.243	-8.105	-1.534	1.295	-5.532	3.773
7.460	-0.689	-8.436	-1.870	-84.25	-25.22	58.29	-2.49	0.99	-0.51	65535	-1.249	-8.177	-1.599	1.335	-5.551	3.753
7.479	-0.691	-8.507	-1.935	-84.24	-25.21	58.27	9.03	-10.39	-3.79	65535	-1.255	-8.249	-1.665	1.376	-5.570	3.732
7.489	-0.693	-8.578	-2.002	-84.21	-25.18	58.30	-9.11	7.20	1.89	65535	-1.260	-8.321	-1.732	1.417	-5.588	3.712
7.499	-0.695	-8.649	-2.070	-84.29	-25.18	58.26	6.32	-0.29	-3.52	65535	-1.266	-8.393	-1.800	1.458	-5.607	3.691
7.509	-0.697	-8.720	-2.139	-84.25	-25.16	58.28	-3.06	3.74	-2.25	65535	-1.272	-8.465	-1.869	1.499	-5.625	3.671
7.515	-0.700	-8.791	-2.208	-84.25	-25.14	58.25	6.38	-7.77	-4.48	65535	-1.277	-8.537	-1.939	1.541	-5.643	3.650
7.529	-0.702	-8.863	-2.279	-84.20	-25.11	58.29	-1.52	-3.78	-0.52	65535	-1.282	-8.610	-2.010	1.583	-5.662	3.630
7.537	-0.704	-8.934	-2.351	-84.19	-25.09	58.32	1.48	-3.67	-2.53	65535	-1.288	-8.682	-2.082	1.625	-5.680	3.609
7.550	-0.706	-9.005	-2.424	-84.16	-25.07	58.35	-0.28	3.23	-2.17	65535	-1.293	-8.754	-2.155	1.667	-5.698	3.589
7.561	-0.708	-9.076	-2.497	-84.16	-25.04	58.35	5.09	-5.51	-7.80	65535	-1.298	-8.826	-2.229	1.710	-5.716	3.569
7.569	-0.710	-9.147	-2.572	-84.09	-24.94	58.41	8.93	-8.22	-10.09	65535	-1.303	-8.898	-2.303	1.753	-5.734	3.548
7.578	-0.712	-9.218	-2.647	-83.95	-24.87	58.48	9.40	-1.56	1.34	65535	-1.308	-8.971	-2.379	1.795	-5.752	3.528
7.586	-0.714	-9.290	-2.724	-83.88	-24.89	58.54	-7.87	4.19	11.99	65535	-1.312	-9.043	-2.456	1.839	-5.769	3.507
7.599	-0.716	-9.361	-2.802	-83.96	-25.01	58.51	3.27	0.31	3.23	65535	-1.317	-9.115	-2.534	1.882	-5.787	3.487
7.607	-0.718	-9.432	-2.880	-83.93	-25.04	58.48	1.96	-6.01	-5.52	65535	-1.322	-9.187	-2.613	1.926	-5.805	3.467
7.617	-0.720	-9.503	-2.960	-83.92	-24.99	58.51	-6.93	4.86	-2.49	65535	-1.326	-9.260	-2.693	1.969	-5.822	3.447
7.627	-0.722	-9.575	-3.040	-83.94	-24.96	58.48	5.25	-4.49	-6.05	65535	-1.330	-9.332	-2.774	2.013	-5.840	3.426
7.627	-0.724	-9.646	-3.122	-83.93	-24.91	58.50	-3.76	2.16	0.22	65535	-1.335	-9.404	-2.856	2.057	-5.857	3.406
7.653	-0.726	-9.717	-3.204	-83.97	-24.91	58.50	1.39	-0.20	-2.30	65535	-1.339	-9.477	-2.938	2.101	-5.875	3.386
7.662	-0.727	-9.788	-3.288	-83.96	-24.89	58.48	0.72	-6.55	-1.80	65535	-1.343	-9.549	-3.022	2.146	-5.892	3.366
7.681	-0.729	-9.860	-3.372	-83.94	-24.87	58.51	3.31	-3.55	-4.44	65535	-1.347	-9.621	-3.107	2.190	-5.909	3.346
7.685	-0.731	-9.931	-3.458	-83.93	-24.83	58.51	-1.05	4.99	-0.91	65535	-1.351	-9.694	-3.193	2.235	-5.926	3.326
7.693	0.000	0.000	0.000	0.00	0.00	0.00	-0.90	-2.17	-2.09	65535	-1.264	-8.538	-2.690	2.326	-5.309	3.530
7.701	0.000	0.000	-0.000	-0.00	0.00	-0.01	2.81	-1.66	1.61	65535	-1.186	-7.510	-2.267	2.411	-4.767	3.702
7.703	0.000	-0.000	-0.002	-0.00	0.01	-0.02	-4.29	5.70	-0.80	65535	-1.117	-6.598	-1.910	2.492	-4.291	3.847
7.716	0.000	-0.000	0.829	-0.02	-0.01	-0.03	1.58	-1.83	-2.35	65535	-1.055	-5.787	-1.471	2.568	-3.873	4.021
7.726	0.000	-0.000	0.826	-0.03	0.01	-0.06	0.92	5.45	-0.47	65535	-1.000	-5.067	-1.100	2.640	-3.507	4.167
7.742	0.000	-0.000	0.821	-0.03	0.01	-0.08	-2.15	3.26	-0.76	65535	-0.950	-4.428	-0.787	2.709	-3.187	4.289
7.749	0.000	-0.000	0.816	-0.06	0.00	-0.09	0.79	6.88	-3.73	65535	-0.906	-3.860	-0.524	2.774	-2.909	4.391
7.760	0.000	-0.000	0.804	-0.05	-0.02	-0.11	-4.29	1.81	6.83	65535	-0.865	-3.355	-0.303	2.836	-2.666	4.475
7.769	0.000	-0.000	0.797	-0.08	-0.06	-0.05	-0.51	1.95	2.69	65535	-0.828	-2.908	-0.116	2.896	-2.457	4.544
7.769	-0.000	-0.000	0.788	-0.08	-0.08	-0.02	-3.40	3.86	4.18	65535	-0.794	-2.511	0.040	2.953	-2.275	4.601
7.787	-0.000	-0.000	0.779	-0.12	-0.11	0.01	0.50	1.19	-2.43	65535	-0.763	-2.159	0.171	3.008	-2.120	4.647
7.795	-0.000	-0.000	0.768	-0.11	-0.11	-0.01	-0.84	2.46	-2.51	65535	-0.734	-1.847	0.281	3.061	-1.986	4.684
7.805	-0.000	-0.000	0.763	-0.12	-0.14	-0.03	0.54	1.15	-4.45	65535	-0.708	-1.571	0.374	3.112	-1.873	4.713
7.819	-0.000	-0.000	0.751	-0.12	-0.15	-0.07	-0.96	0.09	-4.25	65535	-0.683	-1.326	0.451	3.162	-1.777	4.736
7.828	-0.000	-0.000	0.737	-0.14	-0.16	-0.10	-0.60	0.71	-2.05	65535	-0.661	-1.109	0.514	3.209	-1.697	4.753
7.845	-0.000	-0.000	0.723	-0.15	-0.17	-0.11	-0.03	-0.88	1.76	65535	-0.639	-0.918	0.566	3.255	-1.631	4.765
7.852	-0.000	-0.000	0.778	-0.15	-0.17	-0.10	-0.44	0.57	0.12	65535	-0.619	-0.748	0.620	3.300	-1.577	4.777
7.863	-0.000	-0.000	0.765	-0.15	-0.18	-0.08	-0.37	1.48	1.52	65535	-0.600	-0.599	0.664	3.343	-1.534	4.785
7.870	-0.000	-0.000	0.752	-0.15	-0.18	-0.07	2.12	1.24	-0.57	65535	-0.583	-0.466	0.700	3.385	-1.500	4.789
7.878	-0.000	-0.000	0.737	-0.15	-0.17	-0.07	2.53	4.20	1.09	0	-0.566	-0.350	0.729	3.426	-1.475	4.789
7.878	-0.000	-0.000	0.772	-0.15	-0.18	-0.08	-0.31	3.26	13.21	0	-0.550	-0.248	0.758	3.466	-1.457	4.790
7.897	-0.000	-0.002	0.758	-0.17	-0.21	0.08	-4.91	6.46	12.82	0	-0.535	-0.158	0.780	3.504	-1.446	4.789
7.903	-0.001	-0.004	0.743	-0.22	-0.26	0.19	2.14	-2.35	1.72	0	-0.521	-0.079	0.795	3.542	-1.440	4.785
7.920	-0.002	-0.008	0.727	-0.21	-0.25	0.21	0.42	-0.36	1.03	0	-0.507	-0.011	0.804	3.578	-1.440	4.779
7.929	-0.003	-0.012	0.710	-0.21	-0.24	0.22	1.47	-3.66	1.03	0	-0.494	0.049	0.809	3.614	-1.445	4.771
7.938	-0.004	-0.017	0.770	-1.30	-0.48	0.23	3.62	-0.01	2.15	0	-0.482	0.100	0.822	3.648	-1.453	4.767
7.950	-0.005	-0.023	0.755	-1.30	-0.47	0.24	5.47	5.46	1.17	0	-0.470	0.144	0.830	3.682	-1.465	4.762
7.962	-0.006	-0.030	0.740	-1.27	-0.47	0.24	-6.85	4.00	3.10	0	-0.459	0.182	0.833	3.715	-1.480	4.755
7.968	-0.008	-0.038	0.724	-1.31	-0.48	0.27	2.38	-2.17	-0.84	0	-0.449	0.213	0.833	3.746	-1.498	4.746
7.980	-0.009	-0.044	0.766	-3.61	-0.98	0.24	0.05	-4.45	-1.11	0	-0.439	0.239	0.839	3.777	-1.519	4.741
7.989	-0.011	-0.053	0.751	-3.62	-0.97	0.24	-0.12	-1.02	3.03	0	-0.429	0.260	0.841	3.808	-1.541	4.734
7.996	-0.013	-0.063	0.736	-3.60	-0.96	0.26	2.79	-1.38	0.39	0	-0.420	0.277	0.840	3.837	-1.566	4.726
8.008	-0.016	-0.075	0.719	-3.59	-0.94	0.27	-0.73	1.21	0.39	0	-0.411	0.290	0.835	3.865	-1.592	4.717
8.020	-0.015	-0.073	0.793	-9.89	-2.28	0.09	3.33	-1.29	0.07	0	-0.402	0.301	0.843	3.893	-1.619	4.714
8.029	-0.017	-0.084	0.781	-9.86	-2.27	0.10	-1.59	0.58	0.53	0	-0.394	0.308	0.847	3.921	-1.648	4.708
8.038	-0.020	-0.096	0.767	-9.88	-2.27	0.11	3.38	-0.14	-0.37	0	-0.386	0.312	0.847	3.947	-1.677	4.702
8.048	-0.023	-0.109	0.753	-9.83	-2.26	0.11	1.69	1.74	-0.01	0	-0.379	0.314	0.845	3.973	-1.708	4.695
8.055	-0.022	-0.108	0.810	-14.70	-3.27	-0.13	0.32	-0.97	0.46	0	-0.371	0.315	0.852	3.998	-1.738	4.692
8.069	-0.025	-0.120	0.798	-14.68	-3.27	-0.13	-0.70	-2.39	-0.11	0	-0.364	0.313	0.855	4.022	-1.770	4.688
8.079	-0.027	-0.134	0.786	-14.68	-3.25	-0.12	-2.51	-1.57	0.25	0	-0.357	0.309	0.855	4.046	-1.802	4.683
8.088	-0.030	-0.148	0.772	-14.68	-3.26	-0.11	4.58	-4.61	-0.88	0	-0.351	0.303	0.852	4.069	-1.834	4.677
8.098	-0.034	-0.164	0.759	-14.64	-3.25	-0.11	6.29	-2.92	-1.22	0	-0.345	0.295	0.847	4.092	-1.867	4.670
8.105	-0.036	-0.177	0.760	-15.44	-3.40	-0.17	3.94	2.47	-0.39	0	-0.339	0.286	0.843	4.114	-1.901	4.664
8.119	-0.040	-0.193	0.745	-15.39	-3.40	-0.18	-0.85	1.73	-0.06	0	-0.333	0.274	0.836	4.135	-1.934	4.657
8.129	-0.043	-0.211	0.730	-15.37	-3.40	-0.17	-0.16	-1.99	0.13	0	-0.328	0.261	0.827	4.155	-1.969	4.649
8.139	-0.047	-0.230	0.714	-15.36	-3.40	-0.17	0.22	-0.90	-0.23	0	-0.323	0.247	0.816	4.175	-2.003	4.642
8.148	-0.049	-0.239	0.734	-17.60	-3.83	-0.31	-1.84	4.67	1.69	0	-0.318	0.232	0.810	4.195	-2.037	4.636
8.164	-0.053	-0.258	0.718	-17.58	-3.84	-0.31	2.39	-1.04	-0.44	0	-0.314	0.216	0.802	4.213	-2.071	4.630
8.170	-0.057	-0.279	0.702	-17.54	-3.83	-0.31	3.18	-0.88	0.15	0	-0.309	0.198	0.791	4.232	-2.106	4.623
8.186	-0.061	-0.300	0.686	-17.49	-3.82	-0.31	0.76	2.14	-0.00	0	-0.305	0.179	0.780	4.249	-2.140	4.616
8.190	-0.063	-0.310	0.698	-19.44	-4.21	-0.45	1.93	-0.42	-0.71	0	-0.301	0.160	0.771	4.266	-2.174	4.610
8.197	-0.068	-0.332	0.681	-19.40	-4.20	-0.45	-0.38	-0.27	1.64	0	-0.297	0.140	0.761	4.283	-2.208	4.604
8.204	-0.073	-0.355	0.664	-19.39	-4.20	-0.44	-0.36	-0.59	0.16	0	-0.294	0.119	0.749	4.299	-2.242	4.598
8.220	-0.078	-0.379	0.646	-19.38	-4.19	-0.44	0.45	0.20	-1.24	0	-0.291	0.096	0.735	4.314	-2.277	4.591
8.229	-0.083	-0.403	0.628	-19.35	-4.18	-0.43	-0.26	0.98	-0.22	0	-0.288	0.073	0.720	4.329	-2.311	4.584
8.241	-0.083	-0.406	0.651	-22.16	-4.73	-0.66	3.20	0.24	1.08	0	-0.285	0.050	0.711	4.344	-2.344	4.579
8.248	-0.088	-0.431	0.634	-22.10	-4.72	-0.66	2.52	0.68	-1.19	0	-0.282	0.027	0.700	4.358	-2.377	4.574
8.255	-0.093	-0.457	0.616	-22.06	-4.72	-0.66	1.91	-0.33	-1.15	0	-0.280	0.003	0.687	4.371	-2.410	4.569
8.270	-0.099	-0.483	0.597	-22.02	-4.72	-0.66	-1.02	0.23	-0.19	0	-0.278	-0.023	0.672	4.384	-2.443	4.563
8.278	-0.099	-0.487	0.617	-24.68	-5.22	-0.89	-0.94	0.29	0.99	0	-0.275	-0.047	0.663	4.397	-2.475	4.560
8.286	-0.105	-0.513	0.599	-24.66	-5.21	-0.89	-0.32	0.17	0.84	0	-0.273	-0.072	0.652	4.409	-2.507	4.556
8.299	-0.111	-0.541	0.581	-24.64	-5.20	-0.89	1.85	0.31	-0.00	0	-0.271	-0.098	0.639	4.420	-2.539	4.551
8.312	-0.116	-0.569	0.562	-24.61	-5.20	-0.88	1.82	0.06	-0.93	0	-0.270	-0.125	0.625	4.431	-2.571	4.547
8.320	-0.115	-0.565	0.599	-28.08	-5.84	-1.23	1.85	-0.12	-1.51	0	-0.267	-0.150	0.618	4.442	-2.601	4.545
8.329	-0.121	-0.593	0.582	-28.04	-5.83	-1.23	0.92	-0.04	-1.13	0	-0.266	-0.175	0.609	4.453	-2.631	4.543
8.339	-0.127	-0.621	0.565	-28.00	-5.83	-1.22	0.03	-0.17	-0.83	0	-0.264	-0.202	0.599	4.463	-2.662	4.540
8.359	-0.133	-0.651	0.547	-27.97	-5.82	-1.22	-0.65	0.30	-0.60	0	-0.263	-0.230	0.587	4.472	-2.692	4.537
8.365	-0.136	-0.666	0.583	-30.36	-6.25	-1.47	-0.33	0.20	-0.75	0	-0.262	-0.258	0.582	4.481	-2.721	4.537
8.373	-0.142	-0.696	0.567	-30.33	-6.24	-1.47	0.36	0.44	-0.68	0	-0.261	-0.286	0.575	4.490	-2.751	4.537
8.379	-0.148	-0.726	0.550	-30.29	-6.24	-1.46	1.35	0.95	-0.49	0	-0.260	-0.315	0.566	4.498	-2.781	4.536
8.390	-0.154	-0.757	0.533	-30.25	-6.23	-1.46	1.54	0.88	-0.48	0	-0.260	-0.346	0.555	4.506	-2.810	4.534
8.398	-0.161	-0.789	0.516	-30.20	-6.22	-1.46	1.22	0.69	-0.03	0	-0.260	-0.378	0.542	4.513	-2.840	4.532
8.407	-0.169	-0.830	0.553	-31.49	-6.45	-1.61	1.02	0.04	0.59	0	-0.261	-0.411	0.538	4.519	-2.870	4.533
8.415	-0.176	-0.862	0.537	-31.45	-6.44	-1.61	0.93	-0.52	1.07	0	-0.261	-0.446	0.531	4.526	-2.900	4.534
8.430	-0.183	-0.896	0.521	-31.42	-6.44	-1.60	0.83	-1.83	0.81	0	-0.262	-0.481	0.522	4.531	-2.930	4.534
8.443	-0.190	-0.930	0.505	-31.39	-6.43	-1.60	0.61	-2.72	-0.15	0	-0.263	-0.517	0.511	4.537	-2.960	4.533
8.449	-0.200	-0.983	0.542	-32.44	-6.61	-1.72	0.83	-2.45	-0.54	0	-0.265	-0.556	0.508	4.541	-2.991	4.536
8.458	-0.208	-1.018	0.528	-32.40	-6.60	-1.72	0.75	-0.21	-0.77	0	-0.267	-0.595	0.503	4.546	-3.021	4.538
8.466	-0.215	-1.054	0.513	-32.36	-6.59	-1.71	0.80	2.00	0.29	0	-0.269	-0.635	0.495	4.550	-3.052	4.539
8.473	-0.222	-1.090	0.497	-32.32	-6.58	-1.71	0.46	2.34	0.84	0	-0.271	-0.675	0.486	4.553	-3.082	4.540
8.489	-0.231	-1.132	0.529	-33.59	-6.80	-1.87	0.56	-0.39	0.22	0	-0.274	-0.717	0.484	4.556	-3.112	4.543
8.498	-0.238	-1.169	0.516	-33.55	-6.80	-1.86	0.15	-2.57	-1.05	0	-0.277	-0.758	0.479	4.559	-3.141	4.546
8.505	-0.246	-1.207	0.502	-33.52	-6.79	-1.86	0.01	-1.14	-0.44	0	-0.280	-0.801	0.472	4.561	-3.171	4.548
8.515	-0.254	-1.246	0.487	-33.49	-6.78	-1.85	0.37	1.85	0.82	0	-0.283	-0.844	0.464	4.563	-3.200	4.550
8.524	-0.262	-1.286	0.472	-33.45	-6.77	-1.85	0.31	1.65	0.55	0	-0.286	-0.887	0.454	4.565	-3.228	4.552
8.539	-0.268	-1.314	0.503	-35.02	-7.04	-2.04	0.48	-1.39	-1.05	0	-0.289	-0.929	0.450	4.567	-3.256	4.556
8.550	-0.276	-1.354	0.490	-34.97	-7.03	-2.04	0.74	-1.13	-0.21	0	-0.293	-0.972	0.445	4.568	-3.284	4.559
8.558	-0.284	-1.395	0.476	-34.93	-7.02	-2.03	0.67	0.94	0.90	0	-0.296	-1.016	0.437	4.569	-3.311	4.562
8.564	-0.293	-1.436	0.462	-34.89	-7.02	-2.03	-0.22	0.56	-0.58	0	-0.300	-1.060	0.429	4.569	-3.338	4.564
8.579	-0.293	-1.439	0.511	-37.65	-7.47	-2.38	0.03	-0.67	-0.23	0	-0.303	-1.099	0.429	4.570	-3.363	4.571
8.589	-0.302	-1.480	0.499	-37.61	-7.46	-2.37	0.51	0.64	1.01	0	-0.306	-1.140	0.427	4.570	-3.387	4.576
8.607	-0.310	-1.521	0.488	-37.57	-7.46	-2.37	0.07	-0.59	-0.45	0	-0.309	-1.182	0.424	4.570	-3.412	4.581
8.614	-0.319	-1.562	0.475	-37.53	-7.45	-2.36	0.35	-0.21	-0.22	0	-0.313	-1.224	0.418	4.570	-3.436	4.585
8.617	-0.326	-1.602	0.512	-38.99	-7.68	-2.56	0.75	0.50	0.55	0	-0.317	-1.267	0.419	4.569	-3.460	4.592
8.629	-0.335	-1.644	0.502	-38.94	-7.68	-2.55	-0.17	-0.39	-0.92	0	-0.321	-1.311	0.418	4.568	-3.484	4.599
8.638	-0.344	-1.686	0.492	-38.90	-7.67	-2.55	0.21	-0.05	0.43	0	-0.325	-1.355	0.416	4.567	-3.508	4.605
8.647	-0.353	-1.730	0.481	-38.86	-7.66	-2.54	0.26	0.07	-0.13	0	-0.329	-1.400	0.411	4.565	-3.532	4.610
8.658	-0.362	-1.774	0.469	-38.82	-7.65	-2.54	-0.16	-0.77	-0.68	0	-0.334	-1.445	0.405	4.563	-3.556	4.615
8.667	-0.374	-1.836	0.495	-39.47	-7.75	-2.63	0.84	0.46	0.98	0	-0.339	-1.494	0.404	4.560	-3.581	4.622
8.691	-0.383	-1.881	0.485	-39.43	-7.75	-2.62	-0.37	-0.61	-0.86	0	-0.344	-1.543	0.401	4.558	-3.605	4.628
8.698	-0.393	-1.927	0.474	-39.39	-7.74	-2.62	0.71	0.15	0.52	0	-0.350	-1.592	0.397	4.555	-3.629	4.634
8.698	-0.402	-1.973	0.464	-39.35	-7.73	-2.61	0.36	-0.29	-0.44	0	-0.356	-1.642	0.391	4.551	-3.653	4.639
8.708	-0.412	-2.025	0.493	-40.43	-7.90	-2.76	-0.08	-0.06	-0.05	0	-0.362	-1.693	0.391	4.547	-3.677	4.647
8.716	-0.422	-2.072	0.484	-40.39	-7.89	-2.75	0.41	-0.08	0.02	0	-0.368	-1.744	0.389	4.544	-3.701	4.654
8.722	-0.432	-2.120	0.475	-40.34	-7.89	-2.75	-0.44	-0.74	-0.34	0	-0.374	-1.796	0.386	4.539	-3.724	4.661
8.738	-0.442	-2.168	0.465	-40.31	-7.88	-2.74	0.69	0.10	0.45	0	-0.380	-1.848	0.381	4.535	-3.747	4.667
8.749	-0.448	-2.199	0.493	-41.71	-8.09	-2.94	-0.15	-0.47	-0.37	0	-0.386	-1.898	0.382	4.530	-3.769	4.676
8.757	-0.458	-2.248	0.485	-41.66	-8.08	-2.93	0.54	0.49	0.60	0	-0.392	-1.949	0.381	4.526	-3.790	4.684
8.765	-0.468	-2.297	0.476	-41.62	-8.08	-2.92	-0.15	-0.55	-0.55	0	-0.399	-2.001	0.378	4.521	-3.812	4.691
8.787	-0.478	-2.347	0.467	-41.58	-8.07	-2.92	0.99	0.50	0.46	0	-0.405	-2.053	0.374	4.516	-3.833	4.698
8.790	-0.484	-2.378	0.489	-42.74	-8.25	-3.08	-0.57	-0.67	-0.65	0	-0.412	-2.103	0.374	4.510	-3.853	4.707
8.795	-0.495	-2.429	0.481	-42.70	-8.24	-3.08	0.89	0.47	0.41	0	-0.418	-2.154	0.372	4.505	-3.873	4.715
8.806	-0.505	-2.479	0.472	-42.65	-8.24	-3.07	-0.17	-0.37	-0.64	0	-0.425	-2.206	0.370	4.499	-3.892	4.723
8.814	-0.516	-2.531	0.464	-42.61	-8.23	-3.07	0.80	0.30	0.56	0	-0.432	-2.258	0.365	4.493	-3.912	4.730
8.830	-0.526	-2.583	0.455	-42.56	-8.22	-3.06	-0.25	-0.27	-0.13	0	-0.439	-2.312	0.360	4.487	-3.932	4.737
8.839	-0.533	-2.619	0.473	-43.53	-8.36	-3.20	0.43	0.05	0.14	0	-0.446	-2.364	0.359	4.480	-3.950	4.746
8.851	-0.545	-2.677	0.464	-43.48	-8.36	-3.19	0.03	-0.05	-0.07	0	-0.453	-2.417	0.356	4.474	-3.969	4.754
8.858	-0.556	-2.730	0.455	-43.43	-8.35	-3.18	-0.06	-0.20	-0.16	0	-0.460	-2.471	0.352	4.467	-3.987	4.762
8.867	-0.567	-2.784	0.447	-43.39	-8.34	-3.18	0.32	0.19	0.11	0	-0.468	-2.526	0.346	4.460	-4.006	4.770
8.878	-0.570	-2.801	0.474	-44.94	-8.57	-3.41	-0.07	-0.43	-0.25	0	-0.475	-2.577	0.346	4.453	-4.022	4.779
8.889	-0.581	-2.854	0.466	-44.90	-8.56	-3.40	0.46	0.29	-0.14	0	-0.482	-2.629	0.345	4.446	-4.039	4.789
8.897	-0.592	-2.909	0.459	-44.85	-8.56	-3.39	0.12	0.01	0.09	0	-0.489	-2.681	0.342	4.438	-4.055	4.797
8.906	-0.604	-2.964	0.451	-44.80	-8.55	-3.39	0.15	-0.13	-0.08	0	-0.497	-2.735	0.339	4.431	-4.072	4.806
8.916	-0.610	-2.999	0.477	-46.08	-8.73	-3.58	0.64	-0.16	0.14	0	-0.504	-2.787	0.340	4.423	-4.087	4.816
8.925	-0.622	-3.054	0.471	-46.03	-8.72	-3.57	0.03	-0.23	-0.24	0	-0.512	-2.841	0.339	4.415	-4.102	4.826
8.934	-0.633	-3.110	0.464	-45.99	-8.71	-3.57	0.27	0.12	0.23	0	-0.520	-2.895	0.338	4.407	-4.118	4.836
8.948	-0.645	-3.166	0.457	-45.94	-8.71	-3.56	0.26	-0.05	0.13	0	-0.528	-2.950	0.335	4.398	-4.133	4.845
8.984	-0.656	-3.224	0.450	-45.89	-8.70	-3.55	-0.06	0.02	-0.08	0	-0.536	-3.006	0.331	4.390	-4.149	4.854
8.993	-0.669	-3.285	0.462	-46.39	-8.77	-3.63	0.34	-0.26	0.01	0	-0.545	-3.064	0.330	4.381	-4.165	4.864
8.993	-0.681	-3.343	0.455	-46.34	-8.76	-3.62	0.16	-0.10	-0.08	0	-0.554	-3.122	0.328	4.372	-4.181	4.874
8.999	-0.693	-3.402	0.448	-46.30	-8.75	-3.61	0.22	-0.18	-0.09	0	-0.563	-3.181	0.325	4.362	-4.197	4.883
8.999	-0.705	-3.461	0.441	-46.25	-8.75	-3.60	0.22	-0.16	0.07	0	-0.572	-3.241	0.321	4.353	-4.213	4.892
9.009	-0.714	-3.507	0.457	-47.12	-8.87	-3.74	0.35	-0.09	0.01	0	-0.581	-3.300	0.320	4.343	-4.228	4.903
9.019	-0.726	-3.567	0.451	-47.07	-8.86	-3.73	0.18	-0.17	-0.14	0	-0.591	-3.359	0.318	4.333	-4.243	4.913
9.025	-0.739	-3.627	0.444	-47.02	-8.85	-3.72	0.32	-0.13	0.13	0	-0.600	-3.420	0.315	4.323	-4.258	4.923
9.034	-0.751	-3.688	0.437	-46.97	-8.84	-3.71	0.45	0.01	-0.25	0	-0.610	-3.481	0.311	4.313	-4.273	4.932
9.048	-0.755	-3.712	0.458	-48.16	-9.01	-3.90	-0.16	-0.45	0.02	0	-0.619	-3.538	0.311	4.303	-4.285	4.943
9.058	-0.768	-3.772	0.452	-48.11	-9.00	-3.89	0.42	0.14	-0.00	0	-0.628	-3.596	0.310	4.293	-4.298	4.954
9.066	-0.781	-3.834	0.446	-48.06	-8.99	-3.88	0.24	-0.10	0.06	0	-0.637	-3.656	0.308	4.283	-4.311	4.965
9.088	-0.793	-3.896	0.440	-48.01	-8.98	-3.88	0.14	-0.21	0.01	0	-0.647	-3.716	0.305	4.272	-4.324	4.975
9.091	-0.806	-3.959	0.434	-47.97	-8.98	-3.87	-0.06	-0.13	-0.18	0	-0.657	-3.777	0.302	4.262	-4.337	4.985
9.099	-0.813	-3.995	0.452	-48.91	-9.10	-4.01	0.21	-0.11	-0.09	0	-0.667	-3.836	0.301	4.251	-4.348	4.996
9.107	-0.826	-4.058	0.446	-48.86	-9.09	-4.00	0.24	-0.14	0.04	0	-0.676	-3.896	0.300	4.240	-4.360	5.007
9.116	-0.839	-4.121	0.441	-48.81	-9.09	-4.00	-0.00	0.11	0.01	0	-0.686	-3.957	0.298	4.229	-4.372	5.018
9.125	-0.854	-4.192	0.434	-48.76	-9.08	-3.99	0.17	0.06	0.15	0	-0.697	-4.020	0.295	4.218	-4.384	5.029
9.135	-0.863	-4.240	0.452	-49.60	-9.19	-4.12	0.21	-0.21	-0.00	0	-0.707	-4.081	0.296	4.207	-4.396	5.040
9.147	-0.876	-4.304	0.447	-49.55	-9.18	-4.11	0.44	-0.05	0.03	0	-0.717	-4.144	0.295	4.195	-4.407	5.052
9.156	-0.890	-4.370	0.442	-49.49	-9.18	-4.10	-0.09	0.11	-0.03	0	-0.728	-4.208	0.294	4.184	-4.419	5.063
9.170	-0.903	-4.435	0.436	-49.45	-9.17	-4.10	-0.01	-0.05	-0.09	0	-0.739	-4.272	0.292	4.172	-4.431	5.074
9.200	-0.913	-4.484	0.451	-50.20	-9.27	-4.21	0.31	-0.34	0.01	0	-0.750	-4.335	0.292	4.160	-4.441	5.086
9.200	-0.926	-4.550	0.446	-50.14	-9.26	-4.20	0.33	0.03	0.00	0	-0.761	-4.399	0.291	4.148	-4.452	5.098
9.209	-0.940	-4.617	0.441	-50.09	-9.25	-4.20	0.36	0.11	-0.10	0	-0.772	-4.464	0.290	4.136	-4.463	5.109
9.213	-0.954	-4.684	0.436	-50.04	-9.24	-4.19	0.15	-0.17	0.18	0	-0.783	-4.530	0.288	4.124	-4.474	5.121
9.219	-0.960	-4.718	0.452	-50.94	-9.36	-4.33	0.06	-0.11	0.03	0	-0.794	-4.593	0.288	4.112	-4.483	5.133
9.228	-0.974	-4.786	0.447	-50.89	-9.35	-4.32	0.13	-0.01	0.04	0	-0.805	-4.657	0.288	4.099	-4.493	5.145
9.234	-0.988	-4.855	0.443	-50.83	-9.35	-4.31	0.23	-0.13	0.01	0	-0.816	-4.722	0.287	4.087	-4.502	5.157
9.244	-1.002	-4.923	0.438	-50.78	-9.34	-4.31	0.22	-0.13	-0.14	0	-0.828	-4.788	0.285	4.074	-4.512	5.169
9.257	-1.017	-4.993	0.433	-50.73	-9.33	-4.30	-0.05	-0.13	0.20	0	-0.840	-4.855	0.283	4.062	-4.522	5.180
9.265	-1.027	-5.046	0.438	-51.14	-9.39	-4.36	0.28	0.12	-0.00	0	-0.851	-4.921	0.282	4.049	-4.531	5.192
9.278	-1.042	-5.116	0.433	-51.09	-9.38	-4.35	0.35	-0.14	0.13	0	-0.863	-4.988	0.280	4.036	-4.540	5.203
9.288	-1.056	-5.187	0.428	-51.03	-9.37	-4.34	0.42	0.37	-0.04	0	-0.875	-5.057	0.277	4.023	-4.550	5.215
9.295	-1.071	-5.259	0.422	-50.98	-9.37	-4.34	0.18	0.12	0.21	0	-0.887	-5.126	0.274	4.010	-4.559	5.226
9.307	-1.072	-5.267	0.434	-51.93	-9.49	-4.49	0.02	-0.42	0.04	0	-0.898	-5.188	0.273	3.997	-4.565	5.238
9.316	-1.086	-5.339	0.429	-51.88	-9.48	-4.48	0.06	-0.02	-0.02	0	-0.910	-5.252	0.271	3.984	-4.571	5.250
9.327	-1.101	-5.411	0.424	-51.82	-9.47	-4.47	-0.00	0.01	0.13	0	-0.921	-5.317	0.269	3.972	-4.578	5.262
9.332	-1.116	-5.483	0.419	-51.77	-9.47	-4.46	0.12	-0.13	-0.06	0	-0.933	-5.384	0.266	3.958	-4.585	5.274
9.347	-1.117	-5.493	0.430	-52.68	-9.58	-4.61	0.42	-0.21	0.03	0	-0.944	-5.445	0.265	3.946	-4.589	5.286
9.358	-1.132	-5.566	0.425	-52.62	-9.57	-4.60	0.21	-0.11	0.00	0	-0.955	-5.507	0.264	3.933	-4.593	5.299
9.366	-1.147	-5.639	0.420	-52.57	-9.56	-4.59	0.10	-0.02	-0.09	0	-0.966	-5.571	0.262	3.920	-4.598	5.311
9.379	-1.162	-5.712	0.415	-52.52	-9.56	-4.58	-0.01	0.17	0.12	0	-0.978	-5.637	0.259	3.907	-4.603	5.322
9.387	-1.177	-5.787	0.409	-52.47	-9.55	-4.57	0.20	0.02	-0.15	0	-0.990	-5.705	0.256	3.893	-4.609	5.334
9.396	-1.183	-5.814	0.423	-53.34	-9.65	-4.72	0.07	-0.17	0.04	0	-1.002	-5.767	0.255	3.880	-4.613	5.347
9.409	-1.198	-5.889	0.418	-53.28	-9.65	-4.71	0.25	-0.13	-0.04	0	-1.014	-5.832	0.254	3.867	-4.617	5.359
9.417	-1.214	-5.963	0.413	-53.23	-9.64	-4.70	0.30	-0.26	-0.07	0	-1.026	-5.899	0.252	3.853	-4.621	5.371
9.428	-1.229	-6.039	0.408	-53.17	-9.63	-4.69	0.05	0.04	0.06	0	-1.038	-5.967	0.249	3.840	-4.626	5.383
9.437	-1.243	-6.107	0.415	-53.59	-9.68	-4.76	0.26	0.12	-0.07	0	-1.051	-6.036	0.248	3.826	-4.632	5.396
9.445	-1.258	-6.183	0.410	-53.53	-9.67	-4.75	0.10	-0.01	0.24	0	-1.064	-6.106	0.246	3.812	-4.637	5.409
9.459	-1.274	-6.260	0.404	-53.48	-9.67	-4.74	0.04	-0.35	-0.13	0	-1.077	-6.177	0.244	3.798	-4.643	5.421
9.467	-1.290	-6.337	0.399	-53.43	-9.66	-4.73	0.27	-0.22	0.02	0	-1.091	-6.250	0.241	3.783	-4.649	5.433
9.478	-1.294	-6.364	0.419	-54.57	-9.80	-4.92	0.40	0.14	-0.19	0	-1.103	-6.318	0.241	3.769	-4.653	5.446
9.486	-1.310	-6.441	0.415	-54.51	-9.79	-4.91	0.56	0.25	0.11	0	-1.116	-6.387	0.241	3.755	-4.657	5.459
9.501	-1.326	-6.519	0.410	-54.46	-9.78	-4.90	0.13	-0.05	-0.12	0	-1.129	-6.458	0.240	3.741	-4.661	5.472
9.504	-1.342	-6.598	0.405	-54.40	-9.78	-4.89	0.12	-0.37	0.31	0	-1.143	-6.530	0.239	3.727	-4.666	5.485
9.514	-1.358	-6.677	0.400	-54.35	-9.77	-4.88	0.05	0.02	0.07	0	-1.157	-6.604	0.236	3.712	-4.671	5.497
9.526	-1.373	-6.748	0.410	-54.84	-9.83	-4.96	0.17	0.04	-0.05	0	-1.171	-6.677	0.236	3.698	-4.676	5.511
9.536	-1.389	-6.828	0.405	-54.79	-9.82	-4.95	0.37	-0.16	-0.01	0	-1.185	-6.752	0.235	3.683	-4.682	5.523
9.543	-1.406	-6.908	0.401	-54.73	-9.81	-4.94	0.24	-0.13	-0.20	0	-1.199	-6.829	0.233	3.668	-4.688	5.536
9.556	-1.422	-6.989	0.396	-54.67	-9.81	-4.94	0.34	-0.25	-0.05	0	-1.214	-6.906	0.231	3.653	-4.693	5.549
9.567	-1.436	-7.058	0.402	-55.09	-9.85	-5.00	0.05	0.08	-0.14	0	-1.229	-6.983	0.230	3.638	-4.699	5.562
9.578	-1.453	-7.140	0.398	-55.03	-9.84	-5.00	0.01	-0.06	-0.13	0	-1.244	-7.061	0.228	3.623	-4.705	5.575
9.589	-1.470	-7.222	0.393	-54.98	-9.84	-4.99	0.07	-0.13	0.13	0	-1.259	-7.140	0.226	3.608	-4.711	5.587
9.602	-1.486	-7.304	0.388	-54.92	-9.83	-4.98	-0.04	-0.20	-0.06	0	-1.274	-7.220	0.224	3.593	-4.717	5.600
9.608	-1.476	-7.259	0.414	-56.61	-10.02	-5.26	0.16	-0.20	-0.10	0	-1.286	-7.285	0.226	3.579	-4.715	5.614
9.617	-1.492	-7.340	0.411	-56.55	-10.01	-5.25	0.41	-0.28	-0.09	0	-1.299	-7.352	0.227	3.565	-4.714	5.628
9.626	-1.509	-7.422	0.407	-56.49	-10.00	-5.24	0.00	-0.02	0.00	0	-1.312	-7.422	0.227	3.551	-4.714	5.642
9.637	-1.526	-7.504	0.403	-56.43	-10.00	-5.23	0.26	0.21	0.01	0	-1.326	-7.493	0.227	3.536	-4.715	5.655
9.650	-1.547	-7.609	0.410	-56.68	-10.03	-5.27	0.16	-0.44	-0.09	0	-1.341	-7.569	0.228	3.522	-4.718	5.669
9.656	-1.564	-7.692	0.406	-56.63	-10.02	-5.26	0.04	-0.18	0.02	0	-1.356	-7.647	0.228	3.506	-4.721	5.682
9.668	-1.582	-7.776	0.402	-56.57	-10.01	-5.25	0.17	-0.04	-0.18	0	-1.371	-7.726	0.227	3.491	-4.725	5.696
9.678	-1.599	-7.861	0.398	-56.52	-10.01	-5.24	0.23	0.07	-0.08	0	-1.386	-7.805	0.226	3.476	-4.729	5.709
9.687	-1.616	-7.946	0.394	-56.46	-10.00	-5.23	0.23	-0.02	0.09	0	-1.402	-7.887	0.224	3.461	-4.733	5.722
9.693	-1.636	-8.042	0.395	-56.55	-10.01	-5.25	0.43	0.11	0.06	0	-1.419	-7.970	0.223	3.445	-4.738	5.735
9.705	-1.654	-8.128	0.391	-56.49	-10.00	-5.24	0.04	0.02	0.04	0	-1.435	-8.054	0.221	3.429	-4.743	5.748
9.717	-1.671	-8.215	0.386	-56.44	-10.00	-5.23	0.16	0.00	0.00	0	-1.452	-8.139	0.218	3.413	-4.749	5.760
9.727	-1.689	-8.302	0.381	-56.38	-9.99	-5.22	0.10	-0.04	0.00	0	-1.469	-8.225	0.216	3.397	-4.754	5.773
9.736	-1.699	-8.354	0.389	-56.92	-10.05	-5.31	0.18	0.05	0.07	0	-1.485	-8.308	0.215	3.382	-4.758	5.786
9.743	-1.717	-8.441	0.385	-56.87	-10.05	-5.30	0.11	-0.12	-0.22	0	-1.501	-8.391	0.213	3.366	-4.761	5.799
9.754	-1.735	-8.529	0.380	-56.81	-10.04	-5.29	0.13	-0.08	-0.15	0	-1.518	-8.475	0.211	3.351	-4.765	5.812
9.767	-1.753	-8.618	0.375	-56.75	-10.03	-5.28	0.22	-0.04	0.10	0	-1.535	-8.561	0.208	3.335	-4.769	5.825
9.777	-1.742	-8.568	0.389	-57.91	-10.16	-5.48	-0.05	-0.13	0.06	0	-1.548	-8.630	0.208	3.321	-4.765	5.839
9.785	-1.760	-8.656	0.385	-57.85	-10.15	-5.47	0.09	-0.35	-0.03	0	-1.562	-8.702	0.208	3.307	-4.762	5.852
9.795	-1.778	-8.744	0.381	-57.79	-10.15	-5.46	-0.05	-0.01	0.01	0	-1.577	-8.776	0.207	3.292	-4.759	5.865
9.811	-1.796	-8.833	0.377	-57.73	-10.14	-5.45	0.29	0.12	-0.08	0	-1.592	-8.852	0.205	3.277	-4.758	5.878
9.816	-1.815	-8.922	0.372	-57.68	-10.13	-5.44	0.35	-0.20	0.24	0	-1.607	-8.931	0.203	3.262	-4.757	5.891
9.827	-1.826	-8.979	0.379	-58.13	-10.18	-5.52	0.34	0.04	-0.06	0	-1.622	-9.007	0.202	3.248	-4.755	5.905
9.837	-1.844	-9.068	0.375	-58.07	-10.17	-5.51	0.13	0.23	0.18	0	-1.638	-9.085	0.201	3.233	-4.754	5.918
9.844	-1.863	-9.159	0.370	-58.01	-10.17	-5.50	0.07	-0.15	0.12	0	-1.654	-9.165	0.199	3.218	-4.754	5.931
9.854	-1.881	-9.249	0.366	-57.95	-10.16	-5.49	0.24	-0.04	-0.11	0	-1.670	-9.247	0.196	3.202	-4.754	5.944
9.860	-1.892	-9.306	0.386	-58.90	-10.26	-5.65	0.42	0.19	-0.20	0	-1.685	-9.326	0.198	3.188	-4.753	5.958
9.878	-1.911	-9.397	0.383	-58.84	-10.26	-5.64	0.03	-0.12	0.11	0	-1.701	-9.406	0.198	3.172	-4.752	5.972
9.888	-1.929	-9.488	0.379	-58.78	-10.25	-5.63	0.01	-0.13	-0.00	0	-1.718	-9.489	0.198	3.157	-4.752	5.986
9.894	-1.948	-9.580	0.375	-58.72	-10.24	-5.62	0.09	-0.15	-0.12	0	-1.735	-9.573	0.198	3.142	-4.752	5.999
9.910	-1.974	-9.707	0.384	-59.06	-10.28	-5.68	0.32	0.11	-0.05	0	-1.753	-9.663	0.199	3.126	-4.756	6.013
9.911	-1.993	-9.800	0.381	-59.00	-10.27	-5.67	0.02	0.04	0.20	0	-1.771	-9.754	0.199	3.110	-4.759	6.027
9.926	-2.012	-9.893	0.378	-58.94	-10.26	-5.66	0.21	0.04	0.10	0	-1.789	-9.845	0.199	3.094	-4.762	6.041
9.937	-2.031	-9.987	0.374	-58.88	-10.26	-5.65	0.01	-0.02	0.15	0	-1.808	-9.937	0.198	3.078	-4.766	6.054
9.946	-2.051	-10.082	0.370	-58.82	-10.25	-5.64	0.11	0.09	0.05	0	-1.826	-10.030	0.196	3.061	-4.770	6.067
9.957	-2.068	-10.170	0.377	-59.20	-10.29	-5.70	0.22	-0.29	0.15	0	-1.845	-10.123	0.196	3.045	-4.773	6.081
9.986	-2.088	-10.265	0.374	-59.14	-10.29	-5.69	0.03	-0.19	-0.05	0	-1.864	-10.217	0.196	3.029	-4.777	6.094
9.986	-2.107	-10.360	0.370	-59.08	-10.28	-5.68	0.11	-0.08	0.08	0	-1.883	-10.311	0.195	3.013	-4.780	6.108
9.997	-2.127	-10.456	0.366	-59.02	-10.27	-5.67	0.21	-0.09	-0.12	0	-1.902	-10.406	0.193	2.997	-4.784	6.121
10.001	-2.136	-10.500	0.373	-59.49	-10.32	-5.75	0.21	0.04	0.11	0	-1.920	-10.496	0.193	2.981	-4.784	6.135
10.012	-2.155	-10.597	0.369	-59.43	-10.32	-5.74	-0.13	0.06	0.00	0	-1.939	-10.586	0.192	2.966	-4.785	6.148
10.018	-2.175	-10.694	0.365	-59.37	-10.31	-5.73	0.01	-0.12	-0.13	0	-1.957	-10.678	0.191	2.950	-4.786	6.161
10.029	-2.195	-10.791	0.361	-59.31	-10.30	-5.72	0.37	0.01	0.41	0	-1.976	-10.771	0.190	2.934	-4.787	6.174
10.040	-2.173	-10.691	0.378	-60.60	-10.44	-5.95	0.22	-0.25	-0.07	0	-1.990	-10.841	0.191	2.921	-4.777	6.188
10.045	-2.192	-10.787	0.375	-60.54	-10.43	-5.94	0.07	-0.23	-0.01	0	-2.004	-10.914	0.192	2.907	-4.767	6.202
10.055	-2.212	-10.884	0.372	-60.48	-10.42	-5.93	0.18	0.12	-0.01	0	-2.020	-10.990	0.192	2.893	-4.760	6.216
10.067	-2.232	-10.981	0.369	-60.42	-10.42	-5.92	0.25	-0.27	0.02	0	-2.036	-11.069	0.191	2.879	-4.754	6.229
10.077	-2.255	-11.093	0.376	-60.74	-10.45	-5.98	0.16	0.13	0.06	0	-2.052	-11.152	0.192	2.865	-4.749	6.243
10.086	-2.275	-11.191	0.373	-60.68	-10.44	-5.97	0.44	0.01	0.05	0	-2.070	-11.237	0.193	2.850	-4.746	6.257
10.096	-2.295	-11.289	0.370	-60.62	-10.44	-5.95	0.26	0.13	0.16	0	-2.087	-11.325	0.192	2.835	-4.743	6.270
10.107	-2.316	-11.388	0.367	-60.56	-10.43	-5.94	-0.14	0.04	0.20	0	-2.106	-11.414	0.192	2.820	-4.742	6.284
10.114	-2.336	-11.487	0.363	-60.50	-10.42	-5.93	0.17	0.12	0.13	0	-2.124	-11.505	0.191	2.804	-4.740	6.297
10.127	-2.360	-11.607	0.365	-60.59	-10.43	-5.95	-0.06	-0.26	0.20	0	-2.143	-11.599	0.190	2.789	-4.741	6.310
10.139	-2.381	-11.707	0.362	-60.53	-10.43	-5.94	0.04	-0.18	0.13	0	-2.163	-11.695	0.189	2.773	-4.742	6.323
10.145	-2.402	-11.807	0.358	-60.47	-10.42	-5.93	0.30	0.05	0.11	0	-2.183	-11.792	0.187	2.757	-4.743	6.336
10.155	-2.422	-11.909	0.354	-60.41	-10.42	-5.92	0.36	-0.12	0.05	0	-2.203	-11.890	0.185	2.741	-4.744	6.349
10.166	-2.432	-11.962	0.366	-61.05	-10.48	-6.03	0.12	-0.21	-0.09	0	-2.222	-11.982	0.186	2.726	-4.743	6.363
10.174	-2.453	-12.063	0.363	-60.98	-10.47	-6.02	0.16	0.16	0.03	0	-2.241	-12.076	0.186	2.711	-4.742	6.376
10.199	-2.474	-12.165	0.359	-60.92	-10.46	-6.01	0.27	-0.00	0.12	0	-2.260	-12.172	0.185	2.695	-4.741	6.389
10.206	-2.495	-12.267	0.355	-60.86	-10.46	-6.00	0.05	-0.17	0.09	0	-2.280	-12.269	0.184	2.680	-4.741	6.402
10.210	-2.495	-12.274	0.367	-61.63	-10.53	-6.13	-0.05	-0.34	0.05	0	-2.298	-12.355	0.185	2.666	-4.735	6.416
10.212	-2.516	-12.376	0.364	-61.57	-10.53	-6.12	0.14	-0.32	-0.17	0	-2.316	-12.443	0.185	2.651	-4.730	6.430
10.223	-2.537	-12.478	0.361	-61.51	-10.52	-6.11	0.08	0.03	0.11	0	-2.334	-12.533	0.185	2.637	-4.726	6.443
10.239	-2.558	-12.581	0.358	-61.44	-10.52	-6.10	0.42	0.06	-0.14	0	-2.353	-12.625	0.185	2.622	-4.723	6.456
10.247	-2.579	-12.685	0.354	-61.38	-10.51	-6.09	0.02	0.02	0.08	0	-2.372	-12.719	0.184	2.607	-4.721	6.469
10.257	-2.594	-12.760	0.362	-61.79	-10.55	-6.16	0.02	-0.34	-0.11	0	-2.391	-12.811	0.184	2.592	-4.717	6.483
10.265	-2.615	-12.864	0.359	-61.73	-10.54	-6.15	0.10	-0.13	0.17	0	-2.410	-12.905	0.184	2.577	-4.714	6.496
10.275	-2.637	-12.968	0.356	-61.67	-10.54	-6.14	0.02	-0.13	-0.08	0	-2.430	-13.001	0.183	2.562	-4.712	6.509
10.287	-2.658	-13.073	0.352	-61.61	-10.53	-6.12	0.16	-0.28	-0.00	0	-2.450	-13.098	0.182	2.547	-4.710	6.522
10.296	-2.675	-13.156	0.360	-62.00	-10.56	-6.19	0.02	-0.08	-0.13	0	-2.469	-13.193	0.183	2.533	-4.707	6.535
10.306	-2.696	-13.261	0.357	-61.94	-10.56	-6.18	0.27	-0.06	-0.15	0	-2.489	-13.290	0.183	2.518	-4.705	6.549
10.314	-2.718	-13.367	0.354	-61.88	-10.55	-6.17	0.13	-0.01	-0.07	0	-2.509	-13.389	0.182	2.503	-4.704	6.562
10.325	-2.740	-13.474	0.350	-61.81	-10.54	-6.16	0.22	0.14	-0.04	0	-2.530	-13.489	0.181	2.488	-4.703	6.574
10.340	-2.743	-13.498	0.361	-62.49	-10.61	-6.28	0.28	-0.07	0.13	0	-2.548	-13.580	0.182	2.474	-4.697	6.588
10.348	-2.764	-13.604	0.359	-62.43	-10.60	-6.27	-0.02	-0.19	-0.26	0	-2.567	-13.673	0.183	2.459	-4.692	6.601
10.357	-2.786	-13.711	0.356	-62.37	-10.60	-6.26	0.02	0.01	-0.01	0	-2.587	-13.768	0.183	2.445	-4.688	6.615
10.366	-2.808	-13.818	0.353	-62.31	-10.59	-6.25	0.28	-0.24	0.05	0	-2.607	-13.865	0.182	2.430	-4.684	6.627
10.377	-2.830	-13.926	0.349	-62.25	-10.58	-6.23	0.16	0.02	-0.07	0	-2.627	-13.964	0.181	2.416	-4.682	6.640
10.387	-2.847	-14.010	0.354	-62.52	-10.61	-6.28	0.35	0.02	0.16	0	-2.647	-14.061	0.181	2.401	-4.678	6.653
10.398	0.000	0.000	0.000	0.00	0.00	0.00	0.11	0.14	-0.17	0	-2.313	-12.423	0.122	2.568	-3.781	6.644
10.407	-0.000	-0.000	-0.000	0.00	-0.00	-0.00	0.07	-0.16	0.14	0	-2.016	-10.968	0.073	2.713	-2.990	6.639
10.422	-0.000	-0.002	-0.002	0.00	0.00	-0.00	0.30	-0.29	-0.14	0	-1.753	-9.675	0.031	2.840	-2.291	6.636
10.423	-0.001	-0.004	0.626	0.00	0.00	-0.00	0.08	-0.19	-0.05	0	-1.519	-8.527	0.100	2.949	-1.676	6.676
10.437	-0.002	-0.007	0.622	0.01	0.00	-0.00	0.20	0.48	-0.03	0	-1.311	-7.508	0.158	3.044	-1.135	6.711
10.445	-0.002	-0.012	0.618	0.01	0.00	-0.00	0.06	-0.58	0.05	0	-1.127	-6.603	0.206	3.125	-0.660	6.743
10.456	-0.004	-0.017	0.613	0.01	0.01	-0.00	-0.01	0.06	-0.04	0	-0.963	-5.800	0.245	3.194	-0.242	6.771
10.467	-0.005	-0.023	0.612	-0.08	-0.01	-0.00	0.04	0.12	0.04	0	-0.818	-5.087	0.279	3.253	0.123	6.796
10.474	-0.006	-0.030	0.605	-0.08	-0.01	-0.00	-0.02	-0.13	0.01	0	-0.690	-4.455	0.306	3.302	0.442	6.819
10.487	-0.008	-0.039	0.596	-0.08	-0.01	-0.00	0.14	0.32	-0.02	0	-0.576	-3.896	0.327	3.343	0.721	6.839
10.496	-0.010	-0.048	0.587	-0.08	-0.01	-0.00	-0.00	-0.22	0.06	0	-0.475	-3.400	0.344	3.376	0.963	6.858
10.507	-0.012	-0.058	0.603	-1.61	-0.34	-0.01	-0.03	-0.13	0.08	0	-0.386	-2.961	0.360	3.403	1.172	6.876
10.516	-0.014	-0.069	0.592	-1.61	-0.34	-0.00	0.21	0.00	0.02	0	-0.307	-2.572	0.372	3.424	1.353	6.893
10.525	-0.017	-0.081	0.581	-1.60	-0.33	-0.01	0.19	-0.21	0.01	0	-0.237	-2.229	0.381	3.440	1.508	6.908
10.532	-0.020	-0.094	0.569	-1.60	-0.33	-0.01	0.07	-0.15	0.14	0	-0.176	-1.927	0.386	3.452	1.640	6.922
10.546	-0.023	-0.108	0.556	-1.63	-0.30	0.01	-16.41	-13.07	7.09	0	-0.122	-1.660	0.388	3.459	1.752	6.935
10.554	-0.026	-0.122	0.575	-5.10	-0.84	0.12	-12.68	-12.19	27.84	0	-0.075	-1.425	0.394	3.462	1.846	6.948
10.566	-0.029	-0.138	0.562	-4.99	-0.74	0.41	-0.52	-27.49	16.10	0	-0.033	-1.219	0.396	3.463	1.924	6.961
10.574	-0.033	-0.155	0.549	-5.00	-0.59	0.53	9.49	10.91	1.71	0	0.003	-1.039	0.395	3.460	1.988	6.973
10.588	-0.037	-0.172	0.534	-4.94	-0.68	0.53	-0.01	-3.77	-0.55	0	0.034	-0.881	0.393	3.455	2.039	6.983
10.597	-0.040	-0.189	0.569	-10.76	-1.86	0.37	-0.24	-9.21	-8.04	0	0.062	-0.743	0.396	3.448	2.079	6.996
10.605	-0.044	-0.208	0.556	-10.72	-1.79	0.29	10.91	-0.45	-4.58	0	0.085	-0.624	0.397	3.438	2.109	7.008
10.615	-0.049	-0.228	0.543	-10.56	-1.81	0.28	25.86	0.34	4.47	0	0.106	-0.520	0.396	3.427	2.130	7.020
10.625	-0.054	-0.248	0.528	-10.14	-1.70	0.35	68.09	-45.25	4.02	0	0.123	-0.432	0.392	3.414	2.143	7.030
10.633	-0.059	-0.270	0.511	-9.25	-1.00	0.44	71.70	-93.81	-14.27	0	0.137	-0.356	0.387	3.400	2.149	7.039
10.646	-0.064	-0.293	0.494	-8.52	-0.07	0.46	67.41	-67.90	-5.45	0	0.150	-0.292	0.379	3.385	2.149	7.048
10.657	-0.070	-0.316	0.477	-7.95	0.37	0.48	41.69	-11.38	-9.16	0	0.160	-0.239	0.370	3.368	2.143	7.056
10.667	-0.075	-0.341	0.459	-7.63	0.42	0.35	16.34	3.93	-8.23	0	0.168	-0.195	0.359	3.351	2.133	7.064
10.677	-0.081	-0.366	0.440	-7.44	0.41	0.28	20.99	-8.91	-8.96	0	0.174	-0.160	0.347	3.332	2.118	7.071
10.694	-0.089	-0.402	0.350	-0.15	2.22	0.04	44.35	-20.08	-12.02	0	0.178	-0.134	0.322	3.313	2.099	7.073
10.700	-0.095	-0.430	0.324	0.39	2.45	-0.11	68.62	-31.97	-18.47	0	0.182	-0.115	0.296	3.293	2.076	7.075
10.708	-0.102	-0.459	0.297	1.13	2.82	-0.32	78.85	-43.41	-24.28	0	0.183	-0.102	0.271	3.272	2.051	7.077
10.717	-0.108	-0.489	0.269	1.94	3.23	-0.57	79.70	-35.56	-22.34	0	0.184	-0.095	0.244	3.251	2.022	7.079
10.724	-0.116	-0.523	0.221	4.64	3.92	-0.91	77.09	-13.07	-18.58	0	0.183	-0.094	0.214	3.230	1.991	7.080
10.734	-0.123	-0.555	0.190	5.40	3.98	-1.11	72.91	-3.10	-20.90	0	0.182	-0.097	0.183	3.208	1.958	7.080
10.747	-0.130	-0.588	0.157	6.15	3.98	-1.33	77.37	-0.08	-24.45	0	0.180	-0.104	0.152	3.185	1.923	7.081
10.755	-0.137	-0.622	0.124	6.99	3.93	-1.59	99.40	2.41	-30.99	0	0.177	-0.116	0.120	3.163	1.887	7.081
10.767	-0.142	-0.649	0.135	3.53	3.05	-1.56	130.73	-18.55	-37.08	0	0.173	-0.129	0.096	3.140	1.849	7.084
10.776	-0.149	-0.684	0.103	4.95	3.35	-1.95	155.61	-55.53	-35.41	0	0.169	-0.146	0.069	3.117	1.811	7.086
10.785	-0.157	-0.721	0.070	6.63	3.88	-2.37	184.40	-53.24	-41.79	0	0.164	-0.166	0.042	3.094	1.771	7.088
10.797	-0.165	-0.758	0.035	8.55	4.30	-2.89	192.09	-44.33	-53.20	0	0.158	-0.189	0.013	3.070	1.730	7.090
10.810	-0.174	-0.796	-0.000	10.51	4.63	-3.51	188.69	-40.98	-56.28	0	0.152	-0.215	-0.017	3.047	1.688	7.091
10.831	-0.179	-0.827	0.020	7.54	4.29	-3.65	168.22	-42.53	-46.47	0	0.146	-0.241	-0.039	3.023	1.645	7.096
10.834	-0.188	-0.867	-0.013	9.03	4.71	-4.08	119.64	-43.18	-15.63	0	0.139	-0.270	-0.063	3.000	1.602	7.100
10.840	-0.196	-0.908	-0.047	10.15	4.94	-4.18	92.24	2.38	6.16	0	0.132	-0.302	-0.089	2.976	1.558	7.103
10.849	-0.205	-0.950	-0.081	10.99	4.85	-4.05	82.31	25.58	13.06	0	0.125	-0.335	-0.116	2.952	1.514	7.106
10.858	-0.209	-0.984	-0.020	4.22	4.08	-3.08	101.92	7.20	17.83	0	0.117	-0.369	-0.129	2.929	1.470	7.114
10.865	-0.218	-1.028	-0.051	5.43	4.16	-2.86	151.90	-32.53	17.79	0	0.109	-0.405	-0.145	2.905	1.425	7.121
10.879	-0.228	-1.072	-0.082	6.95	4.64	-2.84	153.30	-77.09	-7.99	0	0.101	-0.443	-0.163	2.881	1.379	7.127
10.882	-0.237	-1.117	-0.115	8.48	5.53	-3.05	152.21	-121.07	-6.38	0	0.092	-0.483	-0.184	2.858	1.333	7.132
10.903	-0.247	-1.163	-0.149	9.97	6.89	-3.30	121.86	-173.85	4.66	0	0.083	-0.524	-0.207	2.834	1.287	7.137
10.907	-0.252	-1.213	-0.080	4.28	8.32	-2.34	59.14	-225.09	12.23	0	0.075	-0.567	-0.215	2.810	1.241	7.147
10.916	-0.262	-1.260	-0.110	4.93	10.75	-2.36	92.06	-272.27	29.83	0	0.066	-0.611	-0.227	2.786	1.194	7.156
10.931	-0.272	-1.308	-0.141	5.96	13.45	-2.25	125.19	-248.53	43.37	0	0.057	-0.657	-0.242	2.762	1.147	7.163
10.934	-0.282	-1.357	-0.173	7.19	15.76	-2.19	121.60	-191.02	8.69	0	0.048	-0.704	-0.259	2.738	1.100	7.170
10.949	-0.256	-1.438	-0.102	2.95	16.65	0.40	128.36	-131.72	-28.33	0	0.044	-0.756	-0.262	2.717	1.050	7.182
10.957	-0.265	-1.487	-0.128	4.12	17.55	-0.15	12.54	-7.70	-77.27	0	0.038	-0.808	-0.269	2.695	1.001	7.193
10.967	-0.274	-1.538	-0.156	4.20	17.21	-1.10	-43.87	60.89	-121.16	0	0.032	-0.861	-0.279	2.672	0.952	7.202
10.975	-0.284	-1.589	-0.184	4.39	16.52	-2.45	49.39	50.34	-149.82	0	0.025	-0.915	-0.293	2.650	0.904	7.210
10.984	-0.154	-1.734	-0.096	0.93	15.18	2.40	165.69	19.15	-140.98	0	0.035	-0.981	-0.289	2.636	0.849	7.225
10.995	-0.159	-1.788	-0.116	3.22	15.09	0.92	227.56	-20.68	-151.18	0	0.043	-1.047	-0.289	2.622	0.796	7.238
11.006	-0.165	-1.843	-0.137	6.00	15.19	-0.74	240.67	-17.83	-164.92	0	0.049	-1.112	-0.293	2.606	0.743	7.250
11.016	-0.171	-1.900	-0.159	8.72	15.02	-2.39	204.66	9.57	-159.82	0	0.053	-1.178	-0.299	2.590	0.691	7.261
11.026	-0.177	-1.958	-0.181	11.07	14.62	-4.06	178.60	6.21	-178.86	0	0.056	-1.243	-0.309	2.573	0.639	7.270
11.036	-0.052	-2.115	-0.100	9.72	16.48	-0.13	191.37	-24.64	-189.50	0	0.074	-1.321	-0.303	2.564	0.582	7.286
11.043	-0.055	-2.175	-0.118	12.22	16.62	-2.27	188.77	-115.08	-211.46	0	0.089	-1.398	-0.301	2.554	0.526	7.299
11.056	-0.058	-2.237	-0.138	14.80	17.53	-4.81	170.98	-201.03	-217.57	0	0.103	-1.475	-0.302	2.542	0.471	7.312
11.066	-0.061	-2.300	-0.158	17.26	19.05	-7.65	131.74	-254.02	-219.36	0	0.114	-1.551	-0.306	2.529	0.417	7.323
11.076	0.082	-2.483	-0.071	15.27	26.01	-4.08	107.71	-248.27	-215.57	0	0.142	-1.641	-0.296	2.525	0.356	7.340
11.092	0.080	-2.551	-0.085	17.82	27.62	-7.05	156.41	-202.58	-194.77	0	0.167	-1.730	-0.289	2.519	0.297	7.356
11.097	0.077	-2.620	-0.099	20.89	28.71	-9.73	233.06	-148.78	-172.29	0	0.188	-1.817	-0.285	2.510	0.239	7.370
11.102	0.074	-2.691	-0.113	24.56	29.23	-11.98	313.42	-81.01	-140.37	0	0.207	-1.904	-0.284	2.501	0.182	7.383
11.116	0.070	-2.763	-0.127	28.67	29.12	-13.56	360.22	-11.20	-111.42	0	0.223	-1.991	-0.286	2.490	0.127	7.395
11.126	0.359	-2.968	-0.037	27.91	33.07	-5.25	341.05	55.03	-81.76	0	0.272	-2.093	-0.272	2.496	0.064	7.413
11.140	0.360	-3.044	-0.045	31.20	32.02	-5.44	278.82	128.70	-32.85	0	0.316	-2.193	-0.262	2.499	0.002	7.429
11.145	0.361	-3.122	-0.054	33.24	30.64	-4.60	196.76	190.65	25.97	0	0.355	-2.292	-0.254	2.499	-0.058	7.444
11.157	0.362	-3.201	-0.063	34.02	29.15	-2.84	122.30	224.31	78.36	0	0.389	-2.389	-0.250	2.497	-0.116	7.458
11.165	0.741	-3.378	0.000	30.05	28.70	8.16	65.14	217.09	108.93	0	0.466	-2.498	-0.235	2.517	-0.180	7.476
11.177	0.753	-3.458	-0.006	29.47	27.47	10.38	20.54	165.41	109.53	0	0.536	-2.604	-0.224	2.533	-0.242	7.493
11.182	0.766	-3.539	-0.013	28.71	26.75	12.14	-12.22	75.97	88.09	0	0.599	-2.708	-0.215	2.545	-0.302	7.508
11.193	0.779	-3.620	-0.021	28.06	26.75	13.11	-23.15	-29.62	63.47	0	0.656	-2.811	-0.209	2.554	-0.360	7.522
11.207	1.112	-3.762	0.025	24.75	27.04	19.72	-7.48	-122.13	53.98	0	0.748	-2.920	-0.196	2.580	-0.421	7.539
11.217	1.134	-3.843	0.020	24.79	28.55	19.63	22.04	-168.51	72.05	0	0.832	-3.026	-0.186	2.602	-0.480	7.555
11.224	1.157	-3.925	0.014	25.08	30.43	19.67	55.59	-168.78	115.12	0	0.909	-3.131	-0.179	2.620	-0.537	7.569
11.240	1.181	-4.009	0.008	25.39	32.39	20.29	84.52	-128.49	168.83	0	0.981	-3.235	-0.173	2.634	-0.593	7.583
11.245	1.205	-4.093	0.002	25.51	34.06	21.76	113.33	-42.95	209.83	0	1.048	-3.337	-0.170	2.645	-0.648	7.596
11.254	1.452	-4.218	0.046	22.01	35.51	29.34	120.38	41.51	212.36	0	1.137	-3.443	-0.159	2.668	-0.704	7.612
11.266	1.482	-4.303	0.044	21.67	35.67	31.97	130.50	93.73	198.98	0	1.220	-3.548	-0.150	2.687	-0.758	7.627
11.274	1.512	-4.390	0.041	21.47	35.43	34.61	147.13	94.92	188.56	0	1.297	-3.651	-0.144	2.702	-0.812	7.641
11.286	1.544	-4.477	0.038	21.52	35.29	37.12	161.89	66.59	197.53	0	1.369	-3.754	-0.138	2.715	-0.864	7.654
11.297	1.775	-4.583	0.074	18.90	35.48	44.10	165.16	39.26	235.18	0	1.462	-3.858	-0.128	2.737	-0.916	7.669
11.303	1.812	-4.671	0.073	18.69	35.94	47.17	148.39	27.29	299.52	0	1.548	-3.961	-0.119	2.756	-0.968	7.684
11.316	1.851	-4.759	0.073	17.71	36.67	51.10	113.41	29.23	380.85	0	1.629	-4.063	-0.111	2.772	-1.018	7.698
11.325	1.890	-4.849	0.073	15.71	37.51	56.02	78.97	28.87	447.28	0	1.706	-4.164	-0.105	2.785	-1.068	7.711
11.337	1.931	-4.938	0.072	12.89	38.36	61.73	64.76	19.64	486.22	0	1.779	-4.265	-0.099	2.796	-1.116	7.724
11.344	2.143	-5.018	0.099	8.71	37.94	70.20	72.33	5.75	494.33	0	1.870	-4.364	-0.090	2.816	-1.164	7.739
11.358	2.190	-5.106	0.101	5.67	38.51	76.32	88.47	-6.63	480.69	0	1.956	-4.462	-0.082	2.833	-1.211	7.752
11.366	2.238	-5.194	0.103	2.87	38.93	82.25	104.71	-13.52	454.57	0	2.039	-4.560	-0.075	2.847	-1.257	7.766
11.376	2.287	-5.283	0.106	0.39	39.17	87.89	121.36	-12.80	434.36	0	2.118	-4.657	-0.068	2.859	-1.302	7.779
11.387	2.573	-5.331	0.135	-0.82	37.32	94.41	141.72	-3.67	431.25	0	2.223	-4.749	-0.058	2.884	-1.344	7.794
11.395	2.629	-5.416	0.141	-2.55	37.18	99.73	174.36	4.47	434.41	0	2.323	-4.841	-0.048	2.906	-1.386	7.808
11.403	2.685	-5.501	0.148	-3.90	36.82	105.07	218.26	16.56	437.62	0	2.418	-4.932	-0.038	2.925	-1.427	7.822
11.417	2.742	-5.586	0.156	-4.77	36.27	110.38	250.61	26.61	438.65	0	2.509	-5.024	-0.028	2.942	-1.468	7.836
11.426	2.950	-5.635	0.177	-4.01	34.70	115.65	256.65	39.46	440.27	0	2.615	-5.111	-0.017	2.966	-1.506	7.851
11.438	3.011	-5.718	0.188	-4.44	33.90	120.82	236.19	59.58	440.33	0	2.717	-5.198	-0.005	2.987	-1.544	7.866
11.450	3.072	-5.800	0.199	-5.00	32.88	125.87	198.97	75.02	435.25	0	2.814	-5.285	0.007	3.006	-1.581	7.880
11.452	3.133	-5.882	0.211	-5.80	31.66	130.76	156.73	89.63	428.93	0	2.907	-5.372	0.019	3.022	-1.618	7.895
11.467	3.193	-5.963	0.223	-6.78	30.24	135.45	130.44	102.95	415.70	0	2.997	-5.459	0.031	3.036	-1.655	7.909
11.479	3.328	-6.023	0.242	-6.83	28.53	139.65	133.78	102.27	387.51	0	3.093	-5.543	0.044	3.053	-1.690	7.924
11.486	3.389	-6.103	0.255	-7.25	27.12	143.59	165.81	76.82	346.33	0	3.185	-5.627	0.058	3.068	-1.725	7.939
11.496	3.450	-6.183	0.269	-7.08	26.08	147.05	185.71	40.10	303.46	0	3.274	-5.711	0.072	3.081	-1.759	7.954
11.507	3.511	-6.262	0.283	-6.59	25.44	150.12	175.44	9.47	277.07	0	3.360	-5.796	0.086	3.092	-1.793	7.969
11.512	3.529	-6.355	0.293	-6.70	25.10	153.17	145.87	-4.07	270.01	0	3.438	-5.882	0.100	3.098	-1.827	7.984
11.528	3.588	-6.435	0.307	-6.58	24.81	156.03	115.67	2.66	277.00	0	3.514	-5.968	0.114	3.104	-1.861	7.998
11.536	3.645	-6.515	0.321	-6.74	24.39	158.95	98.10	27.12	281.25	0	3.588	-6.054	0.128	3.108	-1.894	8.013
11.546	3.702	-6.595	0.335	-6.95	23.66	161.80	98.06	67.92	269.46	0	3.661	-6.140	0.142	3.111	-1.927	8.028
11.554	3.759	-6.675	0.350	-6.99	22.52	164.40	106.30	104.76	246.99	0	3.731	-6.226	0.157	3.113	-1.959	8.042
11.566	3.755	-6.775	0.356	-7.46	20.95	166.94	119.39	117.19	217.71	0	3.793	-6.315	0.170	3.110	-1.993	8.056
11.576	3.808	-6.857	0.370	-6.88	19.55	168.87	142.97	106.37	190.55	0	3.853	-6.403	0.184	3.107	-2.026	8.071
11.587	3.861	-6.939	0.383	-5.90	18.39	170.54	176.26	75.60	165.99	0	3.913	-6.492	0.197	3.103	-2.058	8.085
11.595	3.914	-7.021	0.396	-4.52	17.64	172.02	197.55	32.83	143.13	0	3.972	-6.580	0.211	3.099	-2.090	8.099
11.605	3.930	-7.116	0.404	-3.34	17.18	173.48	194.63	-1.86	126.32	0	4.026	-6.670	0.224	3.092	-2.122	8.112
11.614	3.980	-7.199	0.416	-1.83	17.18	174.65	167.83	-3.51	118.76	0	4.080	-6.760	0.237	3.085	-2.154	8.126
11.625	4.030	-7.283	0.428	-0.61	17.11	175.76	138.08	20.26	114.24	0	4.133	-6.850	0.251	3.078	-2.185	8.139
11.635	4.079	-7.367	0.440	0.39	16.81	176.81	126.99	44.82	106.69	0	4.186	-6.940	0.264	3.070	-2.216	8.153
11.647	4.103	-7.459	0.447	1.09	16.16	177.91	125.85	54.97	90.23	0	4.235	-7.031	0.276	3.061	-2.247	8.166
11.654	4.150	-7.544	0.457	2.13	15.65	178.69	129.95	44.93	75.06	0	4.284	-7.123	0.288	3.051	-2.277	8.179
11.666	4.198	-7.630	0.468	3.28	15.32	179.33	140.92	16.75	66.37	0	4.333	-7.214	0.300	3.041	-2.307	8.191
11.677	4.245	-7.716	0.477	4.56	15.32	179.89	151.38	-20.72	65.60	0	4.381	-7.306	0.312	3.032	-2.337	8.204
11.686	4.291	-7.803	0.487	5.92	15.71	-179.56	149.64	-52.15	74.21	0	4.429	-7.398	0.323	3.022	-2.366	8.216
11.698	4.349	-7.887	0.499	7.29	16.45	-179.00	130.83	-61.51	90.40	0	4.479	-7.490	0.335	3.012	-2.395	8.229
11.705	4.395	-7.974	0.508	8.26	17.14	-178.20	103.05	-44.54	109.78	0	4.528	-7.582	0.346	3.003	-2.423	8.241
11.713	4.440	-8.063	0.517	8.86	17.64	-177.17	72.50	-13.06	125.74	0	4.577	-7.674	0.358	2.993	-2.451	8.253
11.726	4.485	-8.151	0.525	9.10	17.84	-175.95	48.36	23.17	133.79	0	4.625	-7.767	0.369	2.983	-2.479	8.265
11.735	4.541	-8.238	0.538	9.26	17.83	-174.78	33.29	52.92	131.25	0	4.674	-7.860	0.380	2.973	-2.506	8.277
11.751	4.586	-8.328	0.546	9.14	17.44	-173.47	25.57	68.93	123.77	0	4.723	-7.953	0.391	2.964	-2.533	8.289
11.755	4.630	-8.418	0.555	9.02	16.93	-172.23	27.57	68.88	111.41	0	4.771	-8.047	0.402	2.953	-2.560	8.300
11.764	4.674	-8.509	0.563	9.01	16.45	-171.14	43.75	53.28	98.67	0	4.819	-8.141	0.412	2.943	-2.586	8.312
11.777	4.718	-8.601	0.571	9.26	16.14	-170.22	66.87	32.32	83.02	0	4.866	-8.236	0.423	2.932	-2.613	8.323
11.788	4.758	-8.693	0.577	9.72	15.94	-169.43	81.56	20.49	68.31	0	4.912	-8.331	0.432	2.921	-2.639	8.334
11.794	0.000	0.000	0.000	0.00	0.00	0.00	86.38	22.03	58.04	0	4.366	-7.343	0.345	2.606	-2.109	8.308
11.806	0.000	0.000	-0.000	0.77	-0.23	0.49	82.17	33.02	49.70	0	3.880	-6.466	0.271	2.327	-1.643	8.287
11.817	0.000	0.001	-0.001	1.55	-0.60	0.97	69.61	46.34	44.37	0	3.448	-5.686	0.208	2.078	-1.233	8.272
11.823	0.001	0.002	0.615	2.20	-1.09	1.42	53.92	55.38	40.39	0	3.064	-4.993	0.258	1.857	-0.873	8.299
11.836	0.002	0.004	0.614	2.70	-1.62	1.84	41.43	53.12	38.41	0	2.723	-4.378	0.300	1.661	-0.557	8.322
11.846	0.003	0.007	0.612	3.10	-2.09	2.24	35.12	40.18	36.58	0	2.420	-3.831	0.335	1.487	-0.280	8.343
11.858	0.004	0.010	0.609	3.44	-2.43	2.62	28.56	30.54	36.88	0	2.150	-3.345	0.365	1.332	-0.038	8.362
11.866	0.006	0.014	0.624	3.82	-2.62	3.01	17.84	23.96	40.03	0	1.910	-2.913	0.392	1.195	0.173	8.380
11.877	0.007	0.018	0.621	3.98	-2.82	3.44	8.95	21.93	44.88	0	1.698	-2.530	0.414	1.073	0.357	8.395
11.887	0.009	0.022	0.618	4.08	-3.02	3.92	7.25	26.66	48.36	0	1.509	-2.189	0.433	0.965	0.516	8.409
11.897	0.011	0.028	0.613	4.19	-3.29	4.43	12.99	42.26	52.03	0	1.341	-1.885	0.448	0.869	0.654	8.422
11.905	0.013	0.033	0.627	5.03	-3.41	5.03	18.98	62.10	55.55	0	1.192	-1.616	0.463	0.784	0.773	8.435
11.915	0.016	0.040	0.623	5.26	-4.04	5.65	21.09	82.07	59.42	0	1.060	-1.376	0.474	0.708	0.875	8.446
11.926	0.018	0.047	0.619	5.51	-4.85	6.34	17.20	94.74	63.17	0	0.943	-1.162	0.484	0.642	0.963	8.456
11.930	0.021	0.054	0.614	5.71	-5.73	7.06	4.23	92.41	65.28	0	0.839	-0.972	0.491	0.583	1.037	8.466
11.946	0.024	0.062	0.609	5.76	-6.53	7.79	-13.57	75.16	63.79	0	0.747	-0.803	0.496	0.531	1.099	8.474
11.957	0.026	0.069	0.622	6.81	-6.47	8.59	-28.33	46.34	63.31	0	0.665	-0.652	0.503	0.485	1.151	8.483
11.986	0.029	0.078	0.617	6.56	-6.74	9.26	-35.51	15.17	64.55	0	0.593	-0.518	0.508	0.444	1.194	8.491
11.994	0.032	0.088	0.611	6.27	-6.73	9.92	-37.20	-5.49	72.50	0	0.529	-0.397	0.511	0.408	1.229	8.499
11.997	0.036	0.098	0.605	5.99	-6.57	10.67	-32.50	-7.38	83.79	0	0.473	-0.290	0.512	0.377	1.257	8.506
12.002	0.048	0.133	0.441	-6.12	-13.00	9.60	-22.78	4.43	97.37	0	0.424	-0.190	0.487	0.350	1.280	8.503
12.006	0.052	0.146	0.424	-6.09	-13.20	10.61	-16.35	25.29	108.16	0	0.381	-0.100	0.462	0.326	1.298	8.500
12.013	0.056	0.159	0.406	-5.98	-13.65	11.69	-13.49	52.11	115.11	0	0.344	-0.020	0.438	0.305	1.311	8.497
12.026	0.061	0.173	0.388	-5.85	-14.36	12.80	-16.78	77.53	115.21	0	0.311	0.053	0.415	0.287	1.319	8.495
12.036	0.080	0.223	0.227	-21.69	-23.35	8.92	-20.52	94.25	109.38	0	0.283	0.125	0.369	0.273	1.326	8.484
12.047	0.084	0.236	0.195	-21.60	-24.60	9.61	-21.26	93.43	101.90	0	0.259	0.189	0.325	0.260	1.330	8.475
12.057	0.089	0.250	0.164	-21.50	-25.76	10.27	-17.36	73.02	94.57	0	0.238	0.247	0.283	0.250	1.330	8.465
12.066	0.094	0.264	0.131	-21.31	-26.64	10.98	-9.94	39.83	92.55	0	0.220	0.300	0.242	0.241	1.327	8.457
12.077	0.100	0.279	0.098	-20.97	-27.22	11.84	-3.03	7.64	97.17	0	0.205	0.349	0.202	0.233	1.322	8.449
12.086	0.107	0.299	0.045	-22.68	-28.59	11.97	-3.84	-14.30	107.26	0	0.192	0.394	0.160	0.227	1.315	8.440
12.094	0.113	0.315	0.009	-22.12	-28.82	13.22	-13.56	-19.28	121.93	0	0.182	0.435	0.118	0.222	1.306	8.432
12.106	0.119	0.332	-0.028	-21.60	-29.11	14.63	-28.20	-10.61	137.19	0	0.173	0.474	0.077	0.219	1.296	8.424
12.115	0.126	0.350	-0.065	-21.15	-29.54	16.16	-41.32	1.48	149.48	0	0.166	0.509	0.036	0.216	1.285	8.417
12.122	0.120	0.353	0.003	-9.22	-22.65	22.34	-53.27	8.12	156.96	0	0.159	0.540	0.013	0.213	1.271	8.416
12.136	0.127	0.374	-0.028	-9.13	-22.96	24.01	-63.35	4.37	163.84	0	0.154	0.569	-0.011	0.211	1.257	8.415
12.147	0.134	0.395	-0.059	-9.08	-23.20	25.77	-65.58	-7.91	169.27	0	0.151	0.597	-0.037	0.210	1.243	8.413
12.155	0.142	0.417	-0.090	-8.98	-23.31	27.60	-59.93	-26.12	173.82	0	0.148	0.624	-0.064	0.209	1.228	8.411
12.165	0.149	0.439	-0.123	-8.78	-23.22	29.52	-52.31	-48.32	178.30	0	0.147	0.650	-0.092	0.209	1.213	8.409
12.179	0.140	0.455	-0.046	-1.25	-14.53	33.83	-51.12	-73.29	181.03	0	0.146	0.674	-0.103	0.209	1.197	8.413
12.204	0.147	0.478	-0.073	-1.31	-13.75	35.70	-51.20	-93.08	185.95	0	0.145	0.697	-0.116	0.209	1.182	8.416
12.206	0.155	0.502	-0.100	-1.16	-12.88	37.49	42.90	-74.65	141.75	0	0.146	0.721	-0.132	0.210	1.166	8.419
12.212	0.163	0.526	-0.127	-0.18	-12.24	38.72	89.26	-40.24	100.13	0	0.148	0.744	-0.149	0.211	1.150	8.420
12.216	0.154	0.560	-0.053	3.92	-4.50	40.53	29.59	1.20	86.65	0	0.149	0.768	-0.152	0.211	1.135	8.428
12.225	0.161	0.586	-0.074	4.05	-4.66	41.33	-32.24	60.10	78.48	0	0.150	0.792	-0.158	0.212	1.121	8.434
12.238	0.168	0.612	-0.096	3.59	-5.35	42.13	-87.54	95.71	81.39	0	0.153	0.815	-0.166	0.213	1.106	8.439
12.245	0.176	0.639	-0.118	2.71	-6.35	42.98	-108.34	119.36	84.66	0	0.156	0.839	-0.176	0.214	1.092	8.444
12.258	0.170	0.705	-0.030	1.89	-0.82	44.42	-98.38	131.52	84.58	0	0.158	0.868	-0.170	0.215	1.080	8.455
12.264	0.175	0.732	-0.046	1.07	-2.14	45.29	-54.55	131.70	91.39	0	0.160	0.897	-0.168	0.216	1.068	8.464
12.276	0.181	0.760	-0.062	0.72	-3.27	46.16	-8.35	72.56	82.46	0	0.163	0.925	-0.168	0.217	1.056	8.472
12.281	0.187	0.788	-0.078	0.85	-3.74	46.91	32.14	5.81	71.86	0	0.166	0.953	-0.172	0.219	1.045	8.479
12.296	0.193	0.817	-0.095	1.31	-3.56	47.44	56.05	-49.32	32.36	0	0.170	0.981	-0.177	0.220	1.033	8.485
12.312	0.208	0.894	-0.011	1.48	-0.09	47.81	18.29	-43.48	29.75	0	0.175	1.015	-0.167	0.223	1.024	8.497
12.313	0.213	0.924	-0.022	1.44	0.19	48.09	-45.39	5.39	36.39	0	0.180	1.048	-0.161	0.225	1.015	8.508
12.326	0.219	0.955	-0.034	0.77	-0.02	48.39	-98.47	49.02	26.10	0	0.186	1.081	-0.158	0.228	1.006	8.517
12.335	0.224	0.986	-0.046	-0.30	-0.60	48.55	-118.54	67.31	13.11	0	0.191	1.114	-0.157	0.230	0.997	8.525
12.347	0.279	1.071	0.039	-0.93	-1.08	48.29	-105.52	59.67	11.40	0	0.203	1.152	-0.142	0.235	0.991	8.539
12.356	0.286	1.104	0.032	-1.88	-1.61	48.35	-72.77	43.66	11.02	0	0.214	1.191	-0.130	0.241	0.985	8.551
12.364	0.293	1.137	0.025	-2.47	-2.01	48.35	-37.25	27.73	1.98	0	0.225	1.228	-0.121	0.246	0.978	8.562
12.372	0.300	1.170	0.018	-2.81	-2.19	48.33	-31.08	4.49	-2.61	0	0.235	1.265	-0.115	0.250	0.971	8.572
12.385	0.307	1.204	0.011	-3.13	-2.21	48.20	-37.30	0.64	-9.55	0	0.245	1.301	-0.111	0.255	0.964	8.582
12.396	0.362	1.279	0.077	-3.29	-2.17	47.48	-64.76	-3.29	3.63	0	0.261	1.342	-0.096	0.262	0.960	8.595
12.406	0.371	1.314	0.074	-4.01	-2.24	47.52	-91.45	22.40	24.01	0	0.276	1.382	-0.084	0.269	0.955	8.607
12.414	0.380	1.350	0.070	-4.97	-2.56	47.81	-106.90	42.93	53.10	0	0.290	1.422	-0.075	0.276	0.950	8.618
12.423	0.389	1.387	0.066	-6.08	-3.09	48.27	-130.60	55.53	49.07	0	0.304	1.462	-0.068	0.282	0.944	8.628
12.430	0.432	1.453	0.117	-7.43	-3.14	47.81	-159.20	59.85	24.99	0	0.322	1.504	-0.053	0.290	0.941	8.641
12.447	0.441	1.491	0.116	-9.10	-3.75	47.82	-176.96	62.01	0.31	0	0.338	1.546	-0.041	0.297	0.937	8.653
12.455	0.451	1.529	0.115	-10.87	-4.34	47.71	-179.56	48.87	21.39	0	0.354	1.587	-0.030	0.304	0.932	8.664
12.468	0.461	1.567	0.113	-12.53	-4.92	47.84	-146.30	68.27	35.91	0	0.370	1.629	-0.022	0.311	0.928	8.674
12.472	0.496	1.620	0.152	-13.97	-4.54	46.94	-127.74	68.11	20.69	0	0.387	1.671	-0.008	0.319	0.924	8.686
12.482	0.506	1.659	0.153	-15.18	-5.18	46.88	-112.29	55.28	7.00	0	0.405	1.713	0.004	0.326	0.920	8.698
12.496	0.517	1.699	0.154	-16.23	-5.69	46.75	-91.96	48.35	5.97	0	0.421	1.755	0.014	0.333	0.916	8.708
12.504	0.527	1.739	0.154	-17.08	-6.15	46.66	-72.77	45.35	19.98	0	0.437	1.797	0.022	0.340	0.912	8.718
12.512	0.538	1.780	0.154	-17.73	-6.63	46.74	-59.30	39.63	33.90	0	0.452	1.838	0.030	0.346	0.908	8.728
12.524	0.573	1.822	0.185	-18.18	-6.08	45.87	-46.73	34.48	38.83	0	0.470	1.880	0.041	0.353	0.904	8.739
12.530	0.584	1.863	0.187	-18.55	-6.45	46.13	-30.02	5.92	43.93	0	0.487	1.921	0.051	0.360	0.900	8.749
12.544	0.595	1.904	0.189	-18.67	-6.50	46.57	13.19	-31.06	53.90	0	0.504	1.963	0.060	0.367	0.895	8.759
12.556	0.607	1.946	0.191	-18.21	-6.30	47.11	66.81	-57.23	32.83	0	0.520	2.004	0.068	0.373	0.891	8.768
12.564	0.637	1.983	0.209	-17.45	-5.06	46.70	42.05	-76.31	14.89	0	0.538	2.045	0.078	0.380	0.887	8.778
12.574	0.648	2.025	0.212	-17.15	-4.48	47.07	-9.03	-38.05	36.35	0	0.555	2.086	0.086	0.387	0.882	8.788
12.591	0.659	2.068	0.215	-17.34	-4.42	47.49	-46.49	13.73	53.27	0	0.572	2.127	0.094	0.393	0.878	8.797
12.591	0.671	2.111	0.217	-17.81	-4.78	47.90	-58.15	24.27	51.88	0	0.589	2.169	0.101	0.399	0.874	8.806
12.606	0.682	2.155	0.220	-18.29	-5.08	48.27	-34.50	1.66	44.50	0	0.605	2.210	0.108	0.405	0.870	8.814
12.616	0.679	2.206	0.208	-18.56	-5.62	49.24	-2.38	-33.63	33.10	0	0.618	2.253	0.111	0.409	0.866	8.821
12.625	0.691	2.251	0.210	-18.44	-5.29	49.64	20.64	-60.65	29.61	0	0.632	2.296	0.115	0.413	0.863	8.829
12.634	0.702	2.296	0.211	-18.10	-4.74	50.09	45.15	-74.71	33.86	0	0.645	2.340	0.118	0.417	0.860	8.836
12.647	0.714	2.341	0.213	-17.50	-4.11	50.64	69.04	-80.02	46.01	0	0.659	2.383	0.121	0.421	0.857	8.843
12.655	0.728	2.386	0.216	-16.69	-3.40	51.22	77.54	-77.84	54.59	0	0.673	2.427	0.124	0.425	0.854	8.850
12.667	0.740	2.432	0.218	-15.89	-2.83	51.91	66.82	-66.16	51.18	0	0.687	2.471	0.127	0.429	0.851	8.857
12.677	0.753	2.479	0.219	-15.27	-2.37	52.48	37.41	-46.27	40.79	0	0.701	2.515	0.129	0.433	0.849	8.863
12.684	0.766	2.526	0.220	-15.00	-2.11	52.88	-0.78	-17.95	30.31	0	0.714	2.560	0.132	0.437	0.846	8.870
12.696	0.778	2.572	0.223	-15.11	-2.00	53.06	-33.43	6.49	22.34	0	0.728	2.605	0.135	0.440	0.844	8.877
12.706	0.791	2.620	0.224	-15.48	-2.15	53.17	-44.86	17.42	19.08	0	0.742	2.650	0.137	0.444	0.842	8.883
12.715	0.804	2.668	0.225	-15.88	-2.35	53.27	-30.35	9.04	21.91	0	0.756	2.696	0.139	0.447	0.840	8.890
12.725	0.817	2.717	0.225	-16.05	-2.45	53.44	1.22	-4.70	29.28	0	0.770	2.742	0.141	0.451	0.838	8.896
12.735	0.831	2.766	0.226	-15.91	-2.43	53.74	29.57	-22.54	41.11	0	0.784	2.789	0.143	0.454	0.836	8.902
12.745	0.844	2.816	0.227	-15.51	-2.23	54.17	48.70	-39.25	45.93	0	0.797	2.836	0.145	0.457	0.835	8.909
12.755	0.857	2.866	0.228	-14.96	-1.91	54.67	54.80	-51.49	45.13	0	0.812	2.883	0.147	0.461	0.833	8.915
12.765	0.871	2.916	0.228	-14.40	-1.50	55.17	44.44	-53.04	32.47	0	0.826	2.931	0.149	0.464	0.832	8.921
12.777	0.885	2.967	0.229	-14.01	-1.10	55.44	28.36	-31.43	17.09	0	0.840	2.979	0.150	0.467	0.832	8.927
12.786	0.909	3.022	0.225	-13.73	-1.14	55.73	5.11	-18.53	19.94	0	0.856	3.028	0.151	0.471	0.831	8.932
12.794	0.924	3.073	0.225	-13.68	-1.07	55.84	4.84	3.26	9.57	0	0.871	3.077	0.151	0.475	0.831	8.938
12.806	0.938	3.126	0.225	-13.62	-1.09	55.89	1.52	-9.06	11.30	0	0.887	3.127	0.152	0.478	0.831	8.943
12.816	0.954	3.178	0.225	-13.57	-1.02	55.98	9.24	-10.82	19.00	0	0.903	3.177	0.152	0.482	0.831	8.949
12.826	0.969	3.231	0.224	-13.44	-0.95	56.20	16.68	-14.21	37.22	0	0.918	3.228	0.153	0.486	0.831	8.954
12.837	0.999	3.288	0.220	-13.15	-1.15	56.62	22.93	-23.91	47.16	0	0.936	3.279	0.152	0.490	0.832	8.960
12.845	1.015	3.342	0.219	-12.89	-0.97	57.10	21.33	-34.94	48.38	0	0.954	3.331	0.152	0.495	0.832	8.965
12.856	1.031	3.397	0.219	-12.69	-0.71	57.59	13.10	-39.46	45.36	0	0.971	3.384	0.152	0.499	0.833	8.970
12.864	1.047	3.452	0.218	-12.57	-0.41	58.06	5.70	-42.09	43.50	0	0.989	3.436	0.151	0.503	0.834	8.975
12.876	1.080	3.510	0.214	-12.43	-0.31	58.51	1.85	-44.03	39.27	0	1.009	3.490	0.151	0.508	0.836	8.979
12.885	1.097	3.565	0.213	-12.41	0.04	58.91	-2.26	-39.68	33.94	0	1.028	3.544	0.150	0.513	0.837	8.984
12.893	1.115	3.622	0.212	-12.43	0.33	59.23	-3.45	-27.02	23.94	0	1.048	3.598	0.149	0.518	0.839	8.989
12.906	1.132	3.679	0.211	-12.45	0.51	59.42	-1.54	-15.62	11.85	0	1.067	3.653	0.148	0.523	0.841	8.994
12.915	1.141	3.735	0.212	-12.49	0.72	59.47	1.40	-9.07	-1.40	0	1.085	3.708	0.148	0.527	0.843	8.999
12.923	1.159	3.793	0.211	-12.45	0.82	59.37	5.62	-6.04	-13.87	0	1.104	3.763	0.147	0.531	0.845	9.004
12.934	1.176	3.851	0.210	-12.38	0.90	59.18	5.04	-0.68	-15.96	0	1.122	3.819	0.146	0.535	0.847	9.008
12.946	1.194	3.909	0.209	-12.32	0.93	58.97	2.62	4.15	-14.90	0	1.141	3.875	0.146	0.538	0.850	9.013
12.962	1.212	3.967	0.207	-12.28	0.93	58.77	5.52	3.60	-9.68	0	1.159	3.932	0.145	0.542	0.852	9.018
12.966	1.218	4.025	0.208	-12.23	1.05	58.66	23.78	-9.00	-0.10	0	1.176	3.989	0.145	0.545	0.855	9.023
12.978	1.236	4.085	0.207	-11.91	1.19	58.65	47.91	-29.85	2.94	0	1.194	4.046	0.144	0.548	0.858	9.027
12.987	1.255	4.145	0.205	-11.39	1.54	58.69	59.02	-51.63	1.31	0	1.211	4.104	0.144	0.551	0.861	9.032
12.993	1.273	4.205	0.204	-10.80	2.08	58.73	54.04	-61.05	-4.92	0	1.229	4.163	0.143	0.555	0.864	9.037
13.005	1.238	4.259	0.211	-10.49	3.21	58.82	51.10	-56.95	0.80	0	1.241	4.221	0.144	0.554	0.867	9.042
13.017	1.255	4.319	0.210	-9.97	3.74	58.91	54.20	-48.40	16.18	0	1.253	4.279	0.144	0.554	0.869	9.047
13.035	1.274	4.380	0.209	-9.40	4.18	59.13	68.26	-49.65	30.78	0	1.267	4.338	0.144	0.555	0.873	9.052
13.040	1.292	4.442	0.208	-8.72	4.62	59.49	74.86	-49.68	39.91	0	1.281	4.397	0.144	0.556	0.876	9.057
13.046	1.311	4.504	0.207	-8.00	5.04	59.90	71.06	-41.06	40.54	0	1.295	4.457	0.144	0.557	0.879	9.061
13.058	1.235	4.549	0.222	-7.64	6.24	60.49	61.26	-32.37	37.79	0	1.299	4.515	0.147	0.552	0.882	9.067
13.066	1.253	4.612	0.221	-7.09	6.49	60.84	55.16	-24.93	36.36	0	1.305	4.574	0.149	0.548	0.884	9.072
13.074	1.270	4.675	0.221	-6.58	6.69	61.17	53.27	-24.36	37.13	0	1.312	4.634	0.151	0.545	0.887	9.078
13.082	1.288	4.738	0.220	-6.09	6.89	61.52	49.75	-24.88	38.56	0	1.320	4.694	0.152	0.543	0.891	9.083
13.094	1.206	4.778	0.240	-5.82	8.03	62.23	41.89	-21.47	39.65	0	1.317	4.751	0.156	0.535	0.892	9.089
13.105	1.222	4.841	0.240	-5.48	8.19	62.59	32.57	-18.40	38.87	0	1.316	4.810	0.160	0.528	0.895	9.095
13.116	1.239	4.905	0.240	-5.23	8.33	62.93	22.83	-17.01	35.96	0	1.318	4.869	0.164	0.522	0.897	9.101
13.124	1.256	4.970	0.240	-5.06	8.46	63.23	11.83	-12.21	28.09	0	1.321	4.930	0.167	0.518	0.900	9.107
13.136	1.180	5.010	0.265	-4.98	9.42	64.08	-4.13	1.20	18.06	0	1.315	4.987	0.173	0.508	0.902	9.114
13.145	1.196	5.075	0.266	-5.07	9.35	64.17	-16.98	21.43	9.02	0	1.311	5.046	0.179	0.500	0.904	9.120
13.157	1.212	5.140	0.268	-5.27	9.06	64.16	-26.89	46.51	3.05	0	1.310	5.106	0.184	0.492	0.906	9.127
13.166	1.228	5.205	0.269	-5.53	8.53	64.06	-30.09	69.68	-2.55	0	1.310	5.166	0.189	0.487	0.909	9.133
13.174	1.245	5.271	0.270	-5.81	7.80	63.89	-32.64	85.42	-6.74	0	1.312	5.228	0.193	0.482	0.912	9.139
