t	x	y	z	roll	pitch	yaw	g_x	g_y	g_z	thrust	eso_x	eso_y	eso_z	dist_x	dist_y	dist_z
0.023	0.003	-0.046	0.000	-2.31	2.28	0.01	0.14	-0.04	0.23	0	0.003	-0.046	0.000	-0.000	-0.000	-0.000
0.032	0.003	-0.045	0.000	-2.37	2.28	0.01	0.03	-0.27	-0.08	0	0.003	-0.046	-0.001	-0.000	0.000	0.000
0.041	0.003	-0.047	0.000	-2.26	2.26	0.02	-0.06	0.00	0.16	0	0.003	-0.046	-0.002	0.000	0.000	0.000
0.052	0.004	-0.045	0.000	-2.30	2.24	0.02	-0.07	-0.07	0.06	0	0.003	-0.046	-0.004	0.000	0.000	0.001
0.061	0.004	-0.047	0.000	-2.21	2.24	0.02	-0.22	-0.02	0.08	0	0.003	-0.046	-0.007	0.000	0.000	0.001
0.070	0.004	-0.046	0.000	-2.23	2.25	0.02	-0.02	-0.03	0.07	0	0.003	-0.046	-0.010	0.000	0.000	0.002
0.079	0.003	-0.046	0.000	-2.23	2.28	0.02	0.22	-0.09	0.06	0	0.003	-0.046	-0.013	0.000	0.000	0.003
0.090	0.003	-0.046	0.000	-2.21	2.26	0.02	0.24	-0.02	0.20	0	0.003	-0.046	-0.016	0.000	0.000	0.004
0.102	0.004	-0.047	0.000	-2.14	2.25	0.03	-0.00	-0.23	-0.13	0	0.003	-0.046	-0.020	0.000	0.000	0.006
0.112	0.004	-0.048	0.000	-2.10	2.25	0.03	0.00	-0.09	-0.23	0	0.003	-0.046	-0.024	0.000	-0.000	0.007
0.121	0.004	-0.046	0.000	-2.15	2.25	0.02	0.12	-0.19	-0.01	0	0.003	-0.046	-0.028	0.000	-0.000	0.010
0.133	0.004	-0.045	0.000	-2.19	2.26	0.02	-0.05	-0.25	0.06	0	0.003	-0.046	-0.032	0.000	0.000	0.012
0.139	0.004	-0.047	0.000	-2.10	2.25	0.03	-0.04	-0.14	0.03	0	0.003	-0.046	-0.036	0.000	0.000	0.015
0.151	0.003	-0.048	0.000	-2.03	2.30	0.03	-0.18	-0.11	0.12	0	0.003	-0.047	-0.040	0.000	-0.000	0.018
0.160	0.003	-0.046	0.000	-2.13	2.30	0.02	0.09	-0.26	0.12	0	0.003	-0.047	-0.045	0.000	-0.000	0.021
0.170	0.003	-0.046	0.000	-2.12	2.27	0.02	0.14	-0.14	0.08	0	0.003	-0.047	-0.049	0.000	-0.000	0.025
0.179	0.004	-0.046	0.000	-2.09	2.26	0.03	0.08	-0.09	0.16	0	0.003	-0.047	-0.053	0.000	-0.000	0.029
0.190	0.004	-0.047	0.000	-2.07	2.27	0.03	0.05	-0.12	0.14	0	0.003	-0.047	-0.058	0.000	-0.000	0.033
0.199	0.005	-0.051	0.000	-1.88	2.21	0.04	-0.10	-0.11	0.09	0	0.004	-0.047	-0.062	0.000	-0.000	0.038
0.210	0.005	-0.051	0.000	-1.88	2.21	0.04	-0.05	-0.18	0.13	0	0.004	-0.048	-0.066	0.000	-0.000	0.043
0.210	0.004	-0.049	0.000	-1.96	2.24	0.03	0.05	-0.10	-0.08	0	0.004	-0.048	-0.070	0.000	-0.000	0.049
0.230	0.004	-0.046	0.000	-2.08	2.25	0.03	-0.13	-0.22	-0.18	0	0.004	-0.048	-0.075	0.000	-0.000	0.054
0.243	0.004	-0.047	0.000	-2.04	2.25	0.03	-0.01	-0.26	-0.00	0	0.004	-0.048	-0.079	0.000	-0.000	0.060
0.250	0.004	-0.047	0.000	-2.05	2.27	0.03	-0.35	0.04	-0.04	0	0.004	-0.047	-0.083	0.000	-0.000	0.067
0.255	0.004	-0.047	0.000	-2.05	2.27	0.03	0.06	-0.13	-0.04	0	0.004	-0.047	-0.087	0.000	-0.000	0.073
0.272	0.005	-0.047	0.000	-2.01	2.24	0.03	0.10	-0.24	0.17	0	0.004	-0.047	-0.091	0.000	-0.000	0.080
0.278	0.004	-0.047	0.000	-2.04	2.27	0.03	-0.06	-0.17	0.12	0	0.004	-0.047	-0.095	0.000	-0.000	0.087
0.288	0.005	-0.046	0.000	-2.08	2.25	0.03	-0.16	-0.23	-0.05	0	0.004	-0.047	-0.099	0.000	-0.000	0.095
0.297	0.003	-0.046	0.000	-2.03	2.30	0.04	-0.08	-0.18	0.08	0	0.004	-0.047	-0.103	0.000	-0.000	0.103
0.297	0.004	-0.047	0.000	-2.00	2.28	0.04	-0.08	-0.30	0.11	0	0.004	-0.047	-0.107	0.000	-0.000	0.111
0.315	0.004	-0.046	0.000	-2.07	2.27	0.03	0.11	-0.25	-0.16	0	0.004	-0.047	-0.111	0.000	0.000	0.119
0.330	0.004	-0.046	0.000	-2.05	2.27	0.03	-0.11	-0.27	-0.13	0	0.004	-0.047	-0.115	0.000	0.000	0.128
0.330	0.004	-0.047	0.000	-2.00	2.27	0.03	-0.07	0.07	0.27	0	0.004	-0.047	-0.119	0.000	0.000	0.137
0.345	0.004	-0.046	0.000	-2.01	2.27	0.04	-0.11	0.04	-0.07	0	0.004	-0.047	-0.123	0.000	0.000	0.147
0.361	0.004	-0.046	0.000	-2.04	2.29	0.04	-0.08	-0.17	-0.06	0	0.004	-0.047	-0.127	0.000	0.000	0.156
0.364	0.005	-0.047	0.000	-1.95	2.24	0.04	0.04	-0.08	0.22	0	0.004	-0.047	-0.130	0.000	0.000	0.166
0.376	0.004	-0.047	0.000	-1.99	2.29	0.04	-0.07	-0.19	-0.12	0	0.004	-0.047	-0.134	0.000	0.000	0.176
0.392	0.004	-0.046	0.000	-2.00	2.29	0.04	-0.10	-0.20	0.05	0	0.004	-0.047	-0.137	0.000	0.000	0.187
0.392	0.003	-0.046	0.000	-2.00	2.32	0.04	-0.15	0.00	0.10	0	0.004	-0.047	-0.141	0.000	0.000	0.197
0.408	0.003	-0.047	0.000	-1.96	2.32	0.04	-0.27	-0.46	-0.10	0	0.004	-0.047	-0.145	0.000	0.000	0.208
0.408	0.004	-0.047	0.000	-1.96	2.28	0.04	0.19	-0.01	-0.10	0	0.004	-0.047	-0.148	0.000	0.000	0.220
0.424	0.004	-0.047	0.000	-1.96	2.30	0.04	0.03	-0.15	-0.09	0	0.004	-0.047	-0.151	0.000	0.000	0.231
0.439	0.004	-0.047	0.000	-1.95	2.30	0.04	0.18	-0.11	0.15	0	0.004	-0.047	-0.155	0.000	0.000	0.243
0.439	0.004	-0.046	0.000	-2.02	2.30	0.04	-0.11	-0.53	-0.06	0	0.004	-0.047	-0.158	0.000	0.000	0.255
0.455	0.005	-0.049	0.000	-1.84	2.25	0.04	-0.11	-0.11	0.12	0	0.004	-0.047	-0.161	0.000	0.000	0.267
0.471	0.005	-0.055	0.000	-1.59	2.25	0.05	-0.05	-0.43	0.10	0	0.004	-0.048	-0.165	0.000	-0.000	0.280
0.471	0.005	-0.054	0.000	-1.64	2.26	0.05	-0.01	0.38	0.09	0	0.004	-0.049	-0.168	0.000	-0.001	0.292
0.489	0.005	-0.054	0.000	-1.68	2.26	0.05	0.06	0.19	-0.13	0	0.005	-0.049	-0.171	0.000	-0.001	0.305
0.489	0.005	-0.054	0.000	-1.70	2.29	0.06	0.07	-0.50	0.04	0	0.005	-0.050	-0.174	0.000	-0.001	0.319
0.507	0.004	-0.053	0.000	-1.75	2.33	0.06	-0.07	0.09	-0.22	0	0.004	-0.050	-0.177	0.000	-0.001	0.332
0.519	0.004	-0.053	0.000	-1.75	2.31	0.06	-0.04	-0.39	0.07	0	0.004	-0.051	-0.180	0.000	-0.001	0.346
0.519	0.004	-0.053	0.000	-1.77	2.33	0.06	0.06	-0.20	-0.14	0	0.004	-0.051	-0.183	0.000	-0.001	0.360
0.541	0.005	-0.053	0.000	-1.77	2.26	0.05	0.05	-0.14	-0.11	0	0.004	-0.052	-0.186	0.000	-0.001	0.374
0.552	0.004	-0.054	0.000	-1.77	2.34	0.06	-0.21	-0.36	0.01	0	0.004	-0.052	-0.189	0.000	-0.001	0.388
0.559	0.005	-0.054	0.000	-1.76	2.27	0.05	0.06	-0.14	-0.07	0	0.004	-0.052	-0.192	0.000	-0.002	0.403
0.571	0.005	-0.054	0.000	-1.78	2.27	0.05	-0.02	-0.20	-0.08	0	0.005	-0.053	-0.195	0.000	-0.002	0.417
0.579	0.005	-0.054	0.000	-1.78	2.27	0.05	0.14	-0.23	-0.26	0	0.005	-0.053	-0.198	0.000	-0.002	0.432
0.591	0.005	-0.055	0.000	-1.77	2.28	0.05	-0.13	0.02	0.04	0	0.005	-0.053	-0.200	0.000	-0.002	0.448
0.600	0.005	-0.054	0.000	-1.82	2.30	0.05	-0.01	-0.16	-0.04	0	0.005	-0.053	-0.203	0.000	-0.002	0.463
0.610	0.005	-0.055	0.000	-1.80	2.28	0.04	-0.14	-0.26	0.09	0	0.005	-0.054	-0.206	0.000	-0.002	0.479
0.619	0.004	-0.055	0.000	-1.80	2.33	0.05	-0.06	-0.43	-0.03	0	0.005	-0.054	-0.208	0.000	-0.002	0.495
0.631	0.005	-0.054	0.000	-1.88	2.28	0.04	0.05	-0.20	0.12	0	0.005	-0.054	-0.211	0.000	-0.002	0.511
0.640	0.005	-0.055	0.000	-1.83	2.27	0.04	-0.10	-0.26	0.09	0	0.005	-0.054	-0.213	0.000	-0.002	0.527
0.650	0.005	-0.054	0.000	-1.87	2.28	0.04	-0.12	-0.20	-0.09	0	0.005	-0.054	-0.216	0.001	-0.002	0.543
0.660	0.005	-0.054	0.000	-1.87	2.28	0.04	-0.05	-0.08	0.01	0	0.005	-0.054	-0.218	0.001	-0.002	0.560
0.668	0.005	-0.054	0.000	-1.91	2.28	0.04	-0.05	-0.22	-0.15	0	0.005	-0.054	-0.221	0.001	-0.002	0.577
0.682	0.005	-0.058	0.000	-1.74	2.28	0.05	-0.11	-0.15	0.12	0	0.005	-0.055	-0.223	0.001	-0.002	0.593
0.692	0.006	-0.057	0.000	-1.80	2.27	0.04	0.09	-0.19	-0.03	0	0.005	-0.055	-0.226	0.001	-0.002	0.611
0.699	0.006	-0.057	0.000	-1.81	2.28	0.04	-0.01	-0.18	-0.12	0	0.005	-0.055	-0.228	0.001	-0.002	0.628
0.709	0.005	-0.060	0.000	-1.68	2.33	0.06	0.03	-0.14	0.22	0	0.005	-0.056	-0.230	0.001	-0.002	0.645
0.720	0.004	-0.060	0.000	-1.67	2.35	0.06	-0.18	-0.38	0.08	0	0.005	-0.057	-0.233	0.001	-0.003	0.663
0.727	0.004	-0.057	0.000	-1.86	2.38	0.06	0.04	0.01	0.07	0	0.005	-0.057	-0.235	0.000	-0.003	0.681
0.743	0.002	-0.056	0.000	-1.91	2.42	0.07	-0.22	-0.35	-0.03	0	0.005	-0.057	-0.237	0.000	-0.003	0.699
0.750	0.002	-0.056	0.000	-1.91	2.42	0.07	0.00	-0.21	-0.11	0	0.004	-0.057	-0.239	0.000	-0.003	0.717
0.763	0.003	-0.059	0.000	-1.81	2.37	0.06	-0.12	-0.17	-0.06	0	0.004	-0.057	-0.241	0.000	-0.003	0.735
0.765	0.003	-0.058	0.000	-1.87	2.37	0.06	0.05	-0.32	0.00	0	0.004	-0.057	-0.243	0.000	-0.003	0.754
0.779	0.004	-0.057	0.000	-1.90	2.33	0.05	-0.07	-0.15	0.09	0	0.004	-0.057	-0.245	0.000	-0.003	0.772
0.789	0.002	-0.057	0.000	-1.90	2.41	0.07	-0.05	-0.33	-0.24	0	0.004	-0.057	-0.247	0.000	-0.003	0.791
0.791	0.004	-0.056	0.000	-1.96	2.32	0.05	-0.10	-0.33	0.21	0	0.004	-0.057	-0.249	0.000	-0.003	0.810
0.809	0.004	-0.060	0.000	-1.79	2.32	0.05	0.08	-0.30	-0.28	0	0.004	-0.058	-0.251	0.000	-0.003	0.829
0.821	0.004	-0.061	0.000	-1.79	2.32	0.05	0.07	-0.31	0.21	0	0.004	-0.058	-0.253	0.000	-0.003	0.848
0.821	0.004	-0.061	0.000	-1.78	2.32	0.05	-0.02	-0.20	-0.23	0	0.004	-0.059	-0.255	0.000	-0.003	0.868
0.837	0.004	-0.061	0.000	-1.80	2.33	0.05	-0.00	-0.14	0.16	0	0.004	-0.059	-0.257	0.000	-0.003	0.887
0.837	0.004	-0.060	0.000	-1.86	2.33	0.05	0.04	-0.29	-0.03	0	0.004	-0.059	-0.259	0.000	-0.003	0.907
0.861	0.003	-0.062	0.000	-1.76	2.37	0.06	-0.09	0.07	-0.13	0	0.004	-0.060	-0.261	0.000	-0.003	0.927
0.871	0.004	-0.061	0.000	-1.85	2.32	0.05	-0.00	-0.22	-0.05	0	0.004	-0.060	-0.262	0.000	-0.003	0.947
0.880	0.005	-0.061	0.000	-1.86	2.29	0.04	0.07	-0.31	-0.07	0	0.004	-0.060	-0.264	0.000	-0.003	0.967
0.890	0.005	-0.061	0.000	-1.86	2.31	0.05	0.04	0.12	-0.10	0	0.004	-0.061	-0.266	0.000	-0.003	0.987
0.901	0.003	-0.063	0.000	-1.81	2.37	0.06	0.14	-0.10	0.16	0	0.004	-0.061	-0.268	0.000	-0.003	1.007
0.910	0.005	-0.062	0.000	-1.86	2.29	0.04	-0.02	-0.12	-0.08	0	0.004	-0.061	-0.269	0.000	-0.003	1.028
0.920	0.004	-0.061	0.000	-1.93	2.32	0.05	0.05	-0.30	-0.08	0	0.004	-0.061	-0.271	0.000	-0.003	1.048
0.930	0.003	-0.061	0.000	-1.94	2.36	0.05	-0.00	-0.12	0.09	0	0.004	-0.061	-0.272	0.000	-0.003	1.069
0.941	0.003	-0.060	0.000	-1.99	2.37	0.05	0.15	-0.20	0.05	0	0.004	-0.061	-0.274	0.000	-0.003	1.090
0.950	0.004	-0.061	0.000	-1.95	2.34	0.05	-0.04	-0.09	-0.03	0	0.004	-0.061	-0.275	0.000	-0.003	1.111
0.960	0.003	-0.060	0.000	-2.00	2.37	0.05	-0.02	-0.20	-0.11	0	0.004	-0.061	-0.277	0.000	-0.003	1.132
0.969	0.005	-0.061	0.000	-1.96	2.29	0.04	-0.21	-0.48	-0.05	0	0.004	-0.061	-0.278	0.000	-0.003	1.153
0.982	0.004	-0.061	0.000	-1.98	2.31	0.04	0.01	-0.28	0.03	0	0.004	-0.061	-0.280	0.000	-0.003	1.174
0.992	0.004	-0.061	0.000	-1.98	2.33	0.05	-0.09	-0.33	-0.10	0	0.004	-0.061	-0.281	0.000	-0.003	1.195
1.000	0.004	-0.061	0.000	-1.98	2.32	0.04	-0.17	-0.16	0.16	0	0.004	-0.061	-0.283	0.000	-0.003	1.217
1.010	0.004	-0.060	0.000	-2.04	2.33	0.04	-0.09	-0.21	-0.04	0	0.004	-0.061	-0.284	0.000	-0.003	1.238
1.020	0.004	-0.060	0.000	-2.04	2.33	0.04	-0.17	-0.41	-0.01	0	0.004	-0.061	-0.285	0.000	-0.003	1.260
1.031	0.004	-0.060	0.000	-2.05	2.33	0.04	-0.07	-0.32	-0.05	0	0.004	-0.061	-0.287	0.000	-0.003	1.282
1.041	0.004	-0.060	0.000	-2.03	2.33	0.05	-0.21	-0.13	-0.10	0	0.004	-0.061	-0.288	0.000	-0.003	1.304
1.050	0.004	-0.060	0.000	-2.03	2.33	0.05	-0.01	-0.51	0.08	0	0.004	-0.061	-0.289	0.000	-0.003	1.326
1.060	0.004	-0.061	0.000	-2.02	2.33	0.05	0.02	-0.06	-0.15	0	0.004	-0.061	-0.291	0.000	-0.003	1.348
1.071	0.004	-0.060	0.000	-2.06	2.33	0.04	-0.10	-0.22	-0.04	0	0.004	-0.061	-0.292	0.000	-0.003	1.370
1.080	0.003	-0.060	0.000	-2.07	2.37	0.05	-0.06	-0.26	-0.09	0	0.004	-0.061	-0.293	0.000	-0.003	1.392
1.090	0.004	-0.060	0.000	-2.06	2.32	0.04	-0.13	-0.16	-0.01	0	0.004	-0.061	-0.294	0.000	-0.003	1.414
1.100	0.004	-0.060	0.000	-2.07	2.33	0.04	-0.02	-0.29	0.03	0	0.004	-0.061	-0.295	0.000	-0.003	1.437
1.110	0.005	-0.061	0.000	-2.02	2.29	0.04	0.01	-0.13	-0.05	0	0.004	-0.061	-0.296	0.000	-0.003	1.459
1.122	0.004	-0.062	0.000	-2.00	2.33	0.05	0.04	-0.29	-0.20	0	0.004	-0.061	-0.297	0.000	-0.003	1.482
1.130	0.004	-0.062	0.000	-2.01	2.32	0.04	-0.09	-0.01	-0.25	0	0.004	-0.061	-0.299	0.000	-0.003	1.505
1.141	0.005	-0.061	0.000	-2.04	2.29	0.04	-0.03	-0.06	-0.08	0	0.004	-0.061	-0.300	0.000	-0.003	1.527
1.149	0.003	-0.060	0.000	-2.08	2.37	0.04	-0.25	-0.24	-0.10	0	0.004	-0.061	-0.301	0.000	-0.003	1.550
1.162	0.003	-0.065	0.000	-1.88	2.37	0.05	0.21	-0.28	-0.18	0	0.004	-0.062	-0.302	0.000	-0.003	1.573
1.171	0.004	-0.063	0.000	-1.97	2.33	0.04	-0.14	-0.28	0.06	0	0.004	-0.062	-0.302	0.000	-0.003	1.596
1.178	0.003	-0.061	0.000	-2.08	2.38	0.04	-0.02	-0.03	0.12	0	0.004	-0.062	-0.303	-0.000	-0.003	1.619
1.178	0.002	-0.061	0.000	-2.08	2.41	0.05	0.04	-0.27	-0.05	0	0.003	-0.062	-0.304	-0.000	-0.003	1.642
1.201	0.003	-0.061	0.000	-2.08	2.37	0.04	-0.16	-0.03	0.02	0	0.003	-0.062	-0.305	-0.000	-0.003	1.665
1.211	0.003	-0.061	0.000	-2.09	2.33	0.04	-0.18	-0.33	0.09	0	0.003	-0.062	-0.306	-0.000	-0.003	1.689
1.221	0.003	-0.061	0.000	-2.10	2.37	0.04	-0.03	-0.14	0.10	0	0.003	-0.062	-0.307	-0.000	-0.002	1.712
1.228	0.003	-0.061	0.000	-2.10	2.37	0.04	-0.06	-0.13	-0.32	0	0.003	-0.062	-0.308	-0.000	-0.002	1.735
1.242	0.003	-0.060	0.000	-2.11	2.36	0.04	0.04	-0.09	-0.04	0	0.003	-0.062	-0.309	-0.000	-0.002	1.759
1.251	0.002	-0.061	0.000	-2.09	2.40	0.04	0.00	-0.30	-0.01	0	0.003	-0.062	-0.309	-0.000	-0.002	1.782
1.261	0.003	-0.063	0.000	-2.01	2.35	0.04	-0.02	0.05	0.17	0	0.003	-0.062	-0.310	-0.000	-0.002	1.806
1.268	0.003	-0.064	0.000	-1.99	2.34	0.04	0.07	-0.18	-0.13	0	0.003	-0.062	-0.311	-0.000	-0.002	1.829
1.274	0.003	-0.063	0.000	-2.02	2.32	0.04	-0.00	-0.19	-0.07	0	0.003	-0.062	-0.312	-0.000	-0.002	1.853
1.290	0.003	-0.063	0.000	-2.03	2.34	0.04	0.02	-0.07	-0.10	0	0.003	-0.063	-0.312	-0.000	-0.002	1.877
1.302	0.005	-0.063	0.000	-2.04	2.26	0.04	0.15	-0.17	-0.09	0	0.003	-0.063	-0.313	-0.000	-0.003	1.900
1.311	0.003	-0.060	0.000	-2.15	2.33	0.04	0.21	-0.05	-0.09	0	0.003	-0.062	-0.314	-0.000	-0.002	1.924
1.321	0.003	-0.060	0.000	-2.15	2.32	0.04	-0.18	-0.10	0.08	0	0.003	-0.062	-0.314	-0.000	-0.002	1.948
1.330	0.000	0.000	0.000	0.00	0.00	0.00	-0.09	-0.40	0.01	0	0.003	-0.055	-0.315	-0.000	0.001	1.972
1.340	0.000	-0.000	0.000	-0.00	-0.01	-0.00	-0.01	0.02	0.20	0	0.002	-0.048	-0.315	-0.000	0.003	1.996
1.351	0.000	0.000	0.000	-0.07	0.02	0.00	-0.04	-0.02	0.10	0	0.002	-0.042	-0.316	-0.001	0.005	2.020
1.359	0.000	-0.000	0.000	0.03	0.03	-0.00	0.04	-0.09	0.03	0	0.001	-0.037	-0.317	-0.001	0.007	2.044
1.370	-0.000	-0.000	0.000	-0.00	0.14	-0.00	0.12	-0.32	-0.21	0	0.001	-0.033	-0.317	-0.001	0.009	2.068
1.380	0.000	-0.001	-0.000	0.46	-0.05	-0.00	-0.18	-0.23	-0.03	0	0.001	-0.029	-0.318	-0.001	0.010	2.092
1.388	0.001	-0.001	-0.000	0.37	-0.19	-0.00	0.04	-0.07	0.04	0	0.001	-0.025	-0.318	-0.001	0.011	2.116
1.399	0.000	-0.002	0.000	0.19	0.18	-0.00	-0.09	-0.26	-0.07	0	0.000	-0.022	-0.319	-0.001	0.012	2.140
1.409	0.001	-0.001	0.000	-0.19	-0.09	-0.00	-0.38	-0.24	0.08	0	0.000	-0.019	-0.319	-0.001	0.013	2.164
1.420	0.001	-0.002	0.000	0.08	0.32	-0.00	-0.10	-0.05	0.10	0	0.000	-0.017	-0.320	-0.001	0.014	2.189
1.424	0.001	-0.002	0.000	0.07	0.15	-0.00	-0.26	-0.16	-0.08	0	0.000	-0.015	-0.320	-0.000	0.015	2.213
1.432	0.001	-0.004	0.000	0.57	0.47	-0.00	0.08	-0.21	-0.19	0	0.000	-0.013	-0.320	-0.000	0.015	2.237
1.447	0.001	-0.001	0.001	-0.85	0.54	0.00	-0.13	-0.11	0.20	0	0.000	-0.012	-0.321	-0.000	0.016	2.262
1.447	0.001	-0.001	0.001	-1.16	0.66	0.01	-0.05	-0.28	0.07	0	0.000	-0.010	-0.321	-0.000	0.016	2.286
1.469	0.000	-0.001	0.000	-0.99	0.98	0.01	0.07	-0.34	-0.12	0	-0.000	-0.008	-0.321	-0.000	0.017	2.311
1.479	0.001	-0.002	0.000	-0.84	0.88	0.00	0.07	-0.29	0.17	0	-0.000	-0.007	-0.322	-0.000	0.017	2.335
1.486	0.001	-0.001	0.001	-1.27	0.99	0.01	-0.09	-0.17	0.20	0	-0.000	-0.006	-0.322	-0.000	0.017	2.359
1.495	0.001	-0.001	0.001	-1.21	1.05	0.01	-0.09	-0.21	0.03	0	-0.000	-0.005	-0.322	-0.000	0.017	2.384
1.504	0.002	-0.002	0.001	-1.01	0.90	0.01	0.09	0.30	-0.04	0	0.000	-0.004	-0.323	-0.000	0.017	2.408
1.512	0.001	-0.001	0.000	-1.33	1.18	0.01	0.11	-0.17	-0.02	0	0.000	-0.004	-0.323	-0.000	0.017	2.433
1.527	0.001	-0.001	0.000	-1.52	1.19	0.02	0.07	-0.28	-0.15	0	0.000	-0.003	-0.323	-0.000	0.018	2.457
1.527	0.001	-0.001	0.000	-1.50	1.29	0.02	-0.04	-0.46	-0.02	0	0.000	-0.002	-0.323	0.000	0.018	2.482
1.543	0.001	-0.001	0.000	-1.58	1.30	0.02	-0.12	-0.09	-0.06	0	0.000	-0.001	-0.324	0.000	0.018	2.507
1.559	0.001	-0.005	0.000	-0.69	1.49	-0.00	-0.10	-0.11	-0.07	0	0.000	-0.001	-0.324	0.000	0.017	2.531
1.566	0.001	-0.003	0.000	-1.24	1.52	0.01	0.03	-0.06	-0.05	0	0.000	-0.001	-0.324	0.000	0.017	2.556
1.575	-0.000	-0.004	0.000	-1.13	1.73	0.01	0.00	-0.12	0.15	0	0.000	-0.001	-0.324	0.000	0.017	2.580
1.597	0.001	-0.005	0.000	-0.95	1.41	0.01	-0.08	-0.06	0.16	0	0.000	-0.001	-0.324	0.000	0.017	2.605
1.606	-0.000	-0.007	0.000	-0.64	1.79	-0.00	0.03	-0.18	-0.04	0	0.000	-0.001	-0.324	0.000	0.017	2.630
1.609	0.000	-0.003	0.001	-1.55	1.68	0.02	0.01	-0.30	0.02	0	0.000	-0.001	-0.325	0.000	0.017	2.654
1.609	-0.000	-0.006	0.001	-1.01	1.83	0.01	-0.13	-0.16	-0.02	0	-0.000	-0.001	-0.325	0.000	0.016	2.679
1.625	-0.000	-0.008	0.000	-0.73	1.88	-0.00	0.10	-0.22	0.05	0	-0.000	-0.002	-0.325	0.000	0.016	2.704
1.639	-0.000	-0.009	0.000	-0.73	1.88	-0.00	0.07	-0.02	0.03	0	-0.000	-0.002	-0.325	0.000	0.016	2.728
1.648	-0.000	-0.009	0.000	-0.78	1.89	-0.00	0.02	-0.17	-0.00	0	-0.000	-0.002	-0.325	0.000	0.015	2.753
1.655	-0.000	-0.009	0.000	-0.93	1.91	0.00	0.06	-0.05	-0.01	0	-0.000	-0.003	-0.325	0.000	0.015	2.778
1.671	-0.000	-0.009	0.000	-0.93	1.91	0.00	-0.26	-0.33	0.10	0	-0.000	-0.003	-0.325	0.000	0.015	2.802
1.680	-0.000	-0.008	0.000	-1.19	1.92	0.01	0.02	-0.39	0.08	0	-0.000	-0.003	-0.325	0.000	0.015	2.827
1.689	-0.000	-0.009	0.000	-1.18	1.92	0.01	-0.08	-0.20	-0.05	0	-0.000	-0.004	-0.325	0.000	0.014	2.852
1.701	-0.001	-0.007	0.000	-1.49	2.04	0.03	-0.02	0.28	-0.07	0	-0.001	-0.004	-0.325	0.000	0.014	2.877
1.710	-0.001	-0.007	0.000	-1.44	1.98	0.03	0.09	-0.19	0.00	0	-0.001	-0.004	-0.325	0.000	0.014	2.901
1.718	-0.001	-0.008	0.000	-1.44	1.98	0.02	-0.08	-0.15	0.03	0	-0.001	-0.004	-0.325	0.000	0.014	2.926
1.728	-0.000	-0.006	0.000	-1.65	1.93	0.03	0.20	-0.19	0.04	0	-0.001	-0.004	-0.325	0.000	0.014	2.951
1.739	-0.001	-0.006	0.000	-1.75	2.00	0.04	-0.08	-0.36	0.19	0	-0.001	-0.004	-0.325	0.000	0.014	2.975
1.750	-0.001	-0.006	0.000	-1.75	2.01	0.04	-0.14	-0.16	0.11	0	-0.001	-0.003	-0.325	0.000	0.013	3.000
1.757	-0.000	-0.006	0.000	-1.73	1.98	0.04	-0.24	-0.21	-0.05	0	-0.001	-0.003	-0.325	0.000	0.013	3.025
1.766	-0.000	-0.007	0.000	-1.73	1.98	0.04	-0.06	-0.25	-0.05	0	-0.001	-0.003	-0.325	0.000	0.013	3.049
1.773	-0.001	-0.007	0.000	-1.69	2.02	0.04	-0.05	-0.17	0.10	0	-0.001	-0.003	-0.325	0.000	0.013	3.074
1.789	-0.001	-0.001	0.000	-2.31	2.03	0.07	-0.14	-0.09	-0.09	0	-0.001	-0.003	-0.325	0.000	0.013	3.099
1.795	-0.000	-0.003	0.000	-2.08	2.01	0.06	0.09	-0.17	-0.06	0	-0.001	-0.002	-0.325	0.000	0.013	3.123
1.809	-0.001	-0.003	0.000	-2.06	2.09	0.05	-0.17	0.05	-0.02	0	-0.001	-0.002	-0.325	0.000	0.013	3.148
1.821	-0.001	-0.005	0.000	-1.95	2.07	0.05	-0.09	-0.06	0.00	0	-0.001	-0.002	-0.324	0.000	0.013	3.173
1.821	-0.001	-0.007	0.000	-1.74	2.12	0.04	-0.11	-0.13	-0.21	0	-0.001	-0.002	-0.324	0.000	0.012	3.197
1.837	-0.002	-0.004	0.000	-2.00	2.19	0.05	-0.04	-0.34	-0.20	0	-0.001	-0.002	-0.324	0.000	0.012	3.222
1.837	-0.002	-0.004	0.000	-2.07	2.19	0.05	-0.07	-0.05	0.03	0	-0.001	-0.002	-0.324	0.000	0.012	3.246
1.854	-0.002	-0.005	0.000	-1.99	2.17	0.05	-0.04	-0.04	0.00	0	-0.001	-0.002	-0.324	0.000	0.012	3.271
1.869	-0.002	-0.004	0.000	-2.02	2.17	0.05	-0.04	-0.25	-0.01	0	-0.002	-0.002	-0.324	-0.000	0.012	3.296
1.876	-0.001	-0.003	0.000	-2.10	2.09	0.06	0.18	-0.38	0.07	0	-0.001	-0.001	-0.323	0.000	0.012	3.320
1.885	-0.001	-0.005	0.000	-1.99	2.14	0.05	-0.26	-0.30	0.12	0	-0.002	-0.001	-0.323	0.000	0.012	3.345
1.896	-0.001	-0.004	0.000	-2.07	2.14	0.06	0.11	-0.25	0.12	0	-0.002	-0.001	-0.323	0.000	0.012	3.369
1.902	-0.003	-0.007	0.000	-1.85	2.25	0.04	-0.08	-0.18	0.24	0	-0.002	-0.002	-0.323	-0.000	0.011	3.394
1.918	-0.003	-0.007	0.000	-1.84	2.25	0.04	-0.13	-0.01	-0.06	0	-0.002	-0.002	-0.323	-0.000	0.011	3.418
1.918	-0.002	-0.003	0.000	-2.10	2.18	0.06	0.02	-0.13	0.18	0	-0.002	-0.002	-0.322	-0.000	0.011	3.443
1.934	-0.002	-0.003	0.000	-2.10	2.14	0.06	0.00	0.02	0.05	0	-0.002	-0.001	-0.322	-0.000	0.011	3.467
1.950	-0.002	-0.003	0.000	-2.10	2.16	0.06	-0.08	-0.36	0.15	0	-0.002	-0.001	-0.322	-0.000	0.011	3.491
1.950	-0.001	-0.003	0.000	-2.10	2.12	0.06	0.08	-0.21	-0.05	0	-0.002	-0.001	-0.321	-0.000	0.011	3.516
1.967	-0.003	-0.008	0.000	-1.80	2.23	0.04	0.15	-0.10	0.26	0	-0.002	-0.002	-0.321	-0.000	0.010	3.540
1.967	-0.004	-0.009	0.000	-1.74	2.29	0.03	-0.06	-0.12	0.03	0	-0.002	-0.002	-0.321	-0.000	0.010	3.565
1.982	-0.003	-0.007	0.000	-1.89	2.24	0.04	-0.07	-0.28	0.05	0	-0.002	-0.003	-0.321	-0.000	0.010	3.589
1.999	-0.002	-0.007	0.000	-1.90	2.18	0.05	-0.17	-0.05	0.11	0	-0.002	-0.003	-0.320	-0.000	0.009	3.613
2.004	-0.004	-0.009	0.000	-1.78	2.29	0.03	-0.11	-0.26	-0.04	0	-0.003	-0.003	-0.320	-0.000	0.009	3.637
2.020	-0.002	-0.010	0.000	-1.79	2.18	0.04	-0.33	-0.18	-0.05	0	-0.003	-0.004	-0.320	-0.000	0.009	3.662
2.023	-0.002	-0.006	0.000	-2.04	2.18	0.06	0.22	-0.02	-0.15	0	-0.003	-0.004	-0.319	-0.000	0.009	3.686
2.031	-0.002	-0.013	0.000	-1.64	2.16	0.03	-0.10	-0.32	-0.06	0	-0.002	-0.004	-0.319	-0.000	0.008	3.710
2.048	-0.002	-0.011	0.000	-1.73	2.16	0.03	-0.01	-0.26	-0.06	0	-0.002	-0.005	-0.318	-0.000	0.008	3.734
2.048	-0.002	-0.014	0.000	-1.60	2.17	0.02	-0.04	-0.09	0.09	0	-0.002	-0.006	-0.318	-0.000	0.008	3.758
2.067	-0.002	-0.012	0.000	-1.75	2.17	0.03	-0.11	0.09	-0.08	0	-0.002	-0.006	-0.318	-0.000	0.007	3.783
2.080	-0.002	-0.011	0.000	-1.84	2.19	0.04	-0.13	-0.12	0.12	0	-0.002	-0.007	-0.317	0.000	0.007	3.807
2.080	-0.002	-0.012	0.000	-1.79	2.19	0.04	-0.33	-0.16	0.01	0	-0.002	-0.007	-0.317	0.000	0.007	3.831
2.097	-0.002	-0.012	0.000	-1.79	2.19	0.04	-0.05	-0.09	0.04	0	-0.002	-0.007	-0.316	0.000	0.007	3.855
2.097	-0.002	-0.011	0.000	-1.90	2.21	0.05	-0.04	-0.17	-0.06	0	-0.002	-0.007	-0.316	0.000	0.006	3.879
2.113	-0.002	-0.011	0.000	-1.89	2.21	0.05	-0.00	-0.00	0.14	0	-0.002	-0.008	-0.315	0.000	0.006	3.903
2.130	-0.003	-0.012	0.000	-1.84	2.25	0.04	0.00	-0.28	-0.03	0	-0.002	-0.008	-0.315	0.000	0.006	3.927
2.130	-0.003	-0.011	0.000	-1.89	2.25	0.04	-0.15	-0.32	-0.14	0	-0.002	-0.008	-0.315	0.000	0.006	3.950
2.146	-0.002	-0.010	0.000	-1.96	2.23	0.05	0.08	0.01	0.11	0	-0.003	-0.008	-0.314	0.000	0.006	3.974
2.146	-0.002	-0.011	0.000	-1.92	2.20	0.05	-0.04	-0.48	-0.12	0	-0.002	-0.008	-0.314	0.000	0.006	3.998
2.168	-0.003	-0.011	0.000	-1.93	2.25	0.05	0.15	0.06	0.04	0	-0.003	-0.008	-0.313	0.000	0.005	4.022
2.181	-0.003	-0.012	0.000	-1.88	2.24	0.04	-0.08	-0.03	-0.03	0	-0.003	-0.009	-0.313	0.000	0.005	4.046
2.183	-0.003	-0.011	0.000	-1.98	2.24	0.05	0.12	-0.32	-0.03	0	-0.003	-0.009	-0.312	0.000	0.005	4.069
2.199	-0.002	-0.010	0.000	-2.01	2.22	0.05	-0.08	-0.29	0.10	0	-0.003	-0.009	-0.312	0.000	0.005	4.093
2.210	-0.001	-0.012	0.000	-1.95	2.16	0.05	0.01	-0.34	0.01	0	-0.002	-0.009	-0.311	0.000	0.005	4.117
2.219	-0.004	-0.013	0.000	-1.88	2.33	0.04	-0.06	-0.24	0.13	0	-0.003	-0.009	-0.311	0.000	0.005	4.140
2.222	-0.002	-0.010	0.000	-2.03	2.22	0.06	0.01	-0.12	-0.10	0	-0.003	-0.009	-0.310	0.000	0.005	4.164
2.235	-0.003	-0.011	0.000	-2.02	2.26	0.06	0.21	-0.23	-0.19	0	-0.003	-0.009	-0.310	0.000	0.004	4.187
2.235	-0.001	-0.011	0.000	-2.00	2.17	0.06	0.11	-0.15	0.06	0	-0.003	-0.009	-0.309	0.000	0.004	4.211
2.252	-0.002	-0.010	0.000	-2.05	2.22	0.06	0.11	-0.38	-0.03	0	-0.003	-0.009	-0.309	0.000	0.004	4.234
2.268	-0.002	-0.011	0.000	-2.01	2.24	0.06	-0.09	-0.13	0.02	0	-0.003	-0.009	-0.308	0.000	0.004	4.258
2.268	-0.002	-0.010	0.000	-2.07	2.23	0.06	-0.07	-0.21	-0.06	0	-0.003	-0.009	-0.308	0.000	0.004	4.281
2.284	-0.003	-0.011	0.000	-2.05	2.27	0.06	-0.12	-0.28	-0.10	0	-0.003	-0.009	-0.307	0.000	0.004	4.304
2.300	-0.002	-0.011	0.000	-2.04	2.22	0.06	0.09	0.05	-0.01	0	-0.003	-0.009	-0.306	0.000	0.004	4.328
2.304	-0.003	-0.012	0.000	-1.99	2.27	0.05	-0.03	-0.28	0.03	0	-0.003	-0.009	-0.306	0.000	0.004	4.351
2.316	-0.002	-0.010	0.000	-2.09	2.23	0.06	-0.05	-0.49	-0.13	0	-0.003	-0.009	-0.305	0.000	0.004	4.374
2.316	-0.002	-0.010	0.000	-2.09	2.23	0.06	-0.02	-0.18	-0.08	0	-0.003	-0.009	-0.305	0.000	0.004	4.397
2.333	-0.002	-0.011	0.000	-2.07	2.23	0.06	0.02	-0.20	-0.03	0	-0.003	-0.009	-0.304	0.000	0.004	4.420
2.349	-0.001	-0.010	0.000	-2.10	2.19	0.06	-0.06	-0.10	-0.05	0	-0.002	-0.009	-0.304	0.000	0.003	4.443
2.349	-0.002	-0.011	0.000	-2.04	2.23	0.06	-0.10	-0.16	0.02	0	-0.002	-0.009	-0.303	0.000	0.003	4.466
2.368	-0.002	-0.010	0.000	-2.09	2.23	0.06	0.05	-0.09	-0.07	0	-0.002	-0.009	-0.302	0.000	0.003	4.489
2.383	-0.002	-0.010	0.000	-2.10	2.26	0.06	0.00	-0.38	0.04	0	-0.002	-0.009	-0.302	0.000	0.003	4.512
2.387	-0.003	-0.011	0.000	-2.07	2.28	0.06	0.08	-0.30	-0.31	0	-0.002	-0.009	-0.301	0.000	0.003	4.535
2.397	-0.003	-0.013	0.000	-1.98	2.29	0.05	-0.10	-0.13	-0.09	0	-0.003	-0.009	-0.301	0.000	0.003	4.558
2.401	-0.002	-0.011	0.000	-2.08	2.26	0.06	0.10	-0.26	-0.12	0	-0.003	-0.009	-0.300	0.000	0.003	4.581
2.414	-0.002	-0.012	0.000	-2.03	2.24	0.06	0.11	-0.31	0.02	0	-0.003	-0.009	-0.299	0.000	0.003	4.603
2.430	-0.002	-0.011	0.000	-2.08	2.24	0.06	-0.02	-0.42	0.15	0	-0.002	-0.009	-0.299	0.000	0.003	4.626
2.430	-0.002	-0.011	0.000	-2.10	2.26	0.06	-0.12	-0.06	-0.06	0	-0.002	-0.009	-0.298	0.000	0.003	4.649
2.447	-0.002	-0.010	0.000	-2.11	2.26	0.06	-0.05	-0.18	0.04	0	-0.002	-0.009	-0.298	0.000	0.003	4.671
2.447	-0.002	-0.011	0.000	-2.08	2.26	0.06	0.02	0.03	-0.01	0	-0.002	-0.009	-0.297	0.000	0.002	4.694
2.469	-0.002	-0.011	0.000	-2.08	2.26	0.06	-0.19	-0.25	-0.10	0	-0.002	-0.009	-0.296	0.000	0.002	4.716
2.479	-0.003	-0.011	0.000	-2.07	2.30	0.06	-0.05	-0.20	0.25	0	-0.003	-0.009	-0.296	0.000	0.002	4.739
2.479	-0.002	-0.010	0.000	-2.13	2.27	0.07	-0.03	-0.16	0.01	0	-0.003	-0.009	-0.295	0.000	0.002	4.761
2.495	-0.002	-0.010	0.000	-2.13	2.27	0.07	0.16	0.04	0.15	0	-0.003	-0.009	-0.294	0.000	0.002	4.783
2.512	-0.003	-0.010	0.000	-2.11	2.29	0.06	-0.05	-0.22	0.07	0	-0.003	-0.009	-0.294	0.000	0.002	4.806
2.512	-0.002	-0.011	0.000	-2.07	2.25	0.06	-0.01	-0.23	0.18	0	-0.003	-0.009	-0.293	0.000	0.002	4.828
2.528	-0.003	-0.010	0.000	-2.14	2.28	0.07	-0.04	-0.42	0.01	0	-0.003	-0.009	-0.292	0.000	0.002	4.850
2.528	-0.002	-0.012	0.000	-2.03	2.25	0.06	0.13	-0.06	0.06	0	-0.003	-0.009	-0.292	0.000	0.002	4.872
2.545	-0.002	-0.010	0.000	-2.13	2.26	0.07	0.19	0.10	0.11	0	-0.003	-0.009	-0.291	0.000	0.002	4.894
2.545	-0.002	-0.012	0.000	-2.05	2.25	0.06	-0.07	-0.10	-0.01	0	-0.002	-0.009	-0.290	0.001	0.002	4.916
2.570	-0.003	-0.011	0.000	-2.11	2.29	0.07	-0.12	-0.06	0.14	0	-0.003	-0.009	-0.290	0.000	0.002	4.938
2.577	-0.002	-0.010	0.000	-2.12	2.27	0.07	-0.10	-0.14	-0.06	0	-0.003	-0.009	-0.289	0.000	0.001	4.960
2.577	-0.002	-0.010	0.000	-2.13	2.27	0.07	-0.02	-0.05	0.24	0	-0.003	-0.009	-0.288	0.001	0.001	4.982
2.594	-0.002	-0.010	0.000	-2.13	2.27	0.07	-0.13	-0.20	-0.21	0	-0.003	-0.009	-0.288	0.001	0.001	5.004
2.611	-0.003	-0.012	0.000	-2.06	2.30	0.06	-0.16	-0.28	0.06	0	-0.003	-0.009	-0.287	0.000	0.001	5.026
2.611	-0.001	-0.012	0.000	-2.04	2.21	0.07	-0.14	-0.01	0.01	0	-0.002	-0.009	-0.286	0.001	0.001	5.047
2.626	-0.003	-0.011	0.000	-2.09	2.30	0.07	-0.03	-0.32	-0.20	0	-0.003	-0.009	-0.285	0.001	0.001	5.069
2.626	-0.002	-0.010	0.000	-2.13	2.25	0.07	-0.04	-0.23	-0.04	0	-0.003	-0.009	-0.285	0.001	0.001	5.091
2.642	-0.002	-0.012	0.000	-2.04	2.25	0.06	0.06	-0.05	0.07	0	-0.003	-0.010	-0.284	0.001	0.001	5.112
2.658	-0.002	-0.011	0.000	-2.07	2.25	0.07	0.11	-0.15	0.02	0	-0.002	-0.010	-0.283	0.001	0.001	5.134
2.670	-0.002	-0.010	0.000	-2.12	2.25	0.07	-0.07	-0.07	0.16	0	-0.002	-0.010	-0.283	0.001	0.001	5.155
2.674	-0.002	-0.010	0.000	-2.13	2.25	0.07	-0.12	-0.56	-0.14	0	-0.002	-0.009	-0.282	0.001	0.001	5.177
2.690	-0.002	-0.011	0.000	-2.10	2.26	0.07	-0.23	-0.41	0.00	0	-0.002	-0.009	-0.281	0.001	0.001	5.198
2.690	-0.003	-0.010	0.000	-2.11	2.30	0.07	-0.01	-0.10	-0.07	0	-0.002	-0.009	-0.280	0.001	0.001	5.219
2.706	-0.003	-0.013	0.000	-1.99	2.31	0.06	0.14	-0.22	-0.04	0	-0.003	-0.010	-0.280	0.001	0.000	5.240
2.706	-0.004	-0.017	-0.000	-1.84	2.35	0.05	-0.15	-0.11	-0.03	0	-0.003	-0.010	-0.279	0.001	0.000	5.262
2.724	-0.003	-0.018	-0.000	-1.80	2.29	0.05	0.04	-0.32	-0.19	0	-0.003	-0.011	-0.278	0.001	-0.000	5.283
2.741	-0.002	-0.018	-0.000	-1.83	2.25	0.05	-0.13	0.02	-0.21	0	-0.003	-0.012	-0.277	0.001	-0.001	5.304
2.750	-0.004	-0.018	-0.000	-1.82	2.33	0.05	-0.19	-0.16	-0.11	0	-0.003	-0.013	-0.277	0.001	-0.001	5.325
2.750	-0.003	-0.018	-0.000	-1.84	2.29	0.05	0.07	0.21	0.16	0	-0.003	-0.013	-0.276	0.001	-0.001	5.346
2.770	-0.003	-0.017	0.000	-1.90	2.29	0.05	-0.06	-0.17	0.13	0	-0.003	-0.014	-0.275	0.001	-0.001	5.367
2.778	-0.003	-0.018	0.000	-1.87	2.29	0.05	-0.02	-0.13	0.01	0	-0.003	-0.014	-0.274	0.001	-0.002	5.387
2.785	-0.002	-0.018	0.000	-1.89	2.25	0.05	0.03	-0.14	0.06	0	-0.003	-0.014	-0.274	0.001	-0.002	5.408
2.795	-0.003	-0.018	0.000	-1.91	2.27	0.05	0.03	-0.16	0.08	0	-0.003	-0.015	-0.273	0.001	-0.002	5.429
2.811	-0.002	-0.018	0.000	-1.91	2.25	0.05	0.11	-0.26	-0.03	0	-0.003	-0.015	-0.272	0.001	-0.002	5.450
2.811	-0.004	-0.019	0.000	-1.88	2.33	0.05	-0.03	-0.05	0.22	0	-0.003	-0.016	-0.271	0.001	-0.002	5.470
2.828	-0.003	-0.022	-0.000	-1.74	2.30	0.04	-0.15	-0.14	-0.01	0	-0.003	-0.016	-0.271	0.001	-0.002	5.491
2.828	-0.002	-0.022	-0.000	-1.80	2.25	0.05	0.07	-0.14	-0.10	0	-0.003	-0.017	-0.270	0.001	-0.003	5.511
2.843	-0.002	-0.018	0.000	-1.98	2.25	0.06	-0.05	-0.19	0.13	0	-0.003	-0.017	-0.269	0.001	-0.003	5.532
2.859	-0.002	-0.018	0.000	-1.98	2.24	0.06	-0.01	-0.17	-0.18	0	-0.003	-0.017	-0.268	0.001	-0.003	5.552
2.870	-0.002	-0.018	0.000	-2.00	2.24	0.06	-0.13	-0.17	-0.01	0	-0.003	-0.017	-0.267	0.001	-0.003	5.572
2.880	-0.001	-0.018	0.000	-2.02	2.21	0.06	-0.02	-0.15	0.07	0	-0.003	-0.017	-0.267	0.001	-0.003	5.592
2.881	-0.001	-0.018	0.000	-2.01	2.22	0.06	0.11	-0.11	-0.01	0	-0.002	-0.017	-0.266	0.001	-0.003	5.613
2.891	-0.002	-0.018	0.000	-2.02	2.24	0.06	-0.07	-0.07	-0.03	0	-0.002	-0.017	-0.265	0.001	-0.003	5.633
2.908	-0.002	-0.018	0.000	-2.04	2.24	0.06	0.01	-0.20	-0.00	0	-0.002	-0.017	-0.264	0.001	-0.003	5.653
2.908	-0.003	-0.018	0.000	-2.06	2.29	0.06	0.00	0.09	0.11	0	-0.002	-0.017	-0.264	0.001	-0.003	5.673
2.924	-0.002	-0.019	0.000	-2.01	2.24	0.06	-0.06	-0.58	0.04	0	-0.002	-0.017	-0.263	0.001	-0.003	5.693
2.924	-0.003	-0.018	0.000	-2.03	2.30	0.06	0.38	-0.25	0.08	0	-0.002	-0.018	-0.262	0.001	-0.003	5.713
2.948	-0.002	-0.018	0.000	-2.05	2.27	0.06	-0.31	0.07	0.11	0	-0.002	-0.018	-0.261	0.001	-0.003	5.732
2.960	-0.001	-0.018	0.000	-2.05	2.23	0.06	0.09	-0.09	0.06	0	-0.002	-0.018	-0.260	0.001	-0.003	5.752
2.971	-0.002	-0.018	0.000	-2.05	2.26	0.06	-0.08	-0.27	0.20	0	-0.002	-0.018	-0.260	0.001	-0.003	5.772
2.979	-0.002	-0.018	0.000	-2.07	2.26	0.06	-0.28	-0.12	-0.06	0	-0.002	-0.018	-0.259	0.001	-0.003	5.792
2.983	-0.001	-0.018	0.000	-2.09	2.24	0.06	-0.05	0.04	0.16	0	-0.002	-0.018	-0.258	0.001	-0.003	5.811
2.999	-0.001	-0.018	0.000	-2.09	2.24	0.07	-0.03	-0.51	-0.04	0	-0.002	-0.018	-0.257	0.001	-0.003	5.831
3.006	-0.003	-0.018	0.000	-2.08	2.31	0.06	-0.28	-0.15	-0.10	0	-0.002	-0.018	-0.256	0.001	-0.003	5.850
3.015	-0.001	-0.018	0.000	-2.08	2.24	0.06	0.01	-0.13	-0.13	0	-0.002	-0.018	-0.256	0.001	-0.003	5.869
3.015	-0.001	-0.018	0.000	-2.08	2.24	0.06	0.02	-0.34	-0.05	0	-0.002	-0.018	-0.255	0.001	-0.003	5.889
3.032	-0.003	-0.018	0.000	-2.12	2.31	0.07	-0.00	-0.37	-0.09	0	-0.002	-0.018	-0.254	0.001	-0.003	5.908
3.049	-0.002	-0.018	0.000	-2.11	2.26	0.07	0.12	-0.10	-0.06	0	-0.002	-0.018	-0.253	0.001	-0.003	5.927
3.054	-0.003	-0.018	0.000	-2.11	2.33	0.07	-0.04	-0.33	0.10	0	-0.002	-0.018	-0.252	0.001	-0.003	5.946
3.071	-0.002	-0.018	0.000	-2.12	2.27	0.07	0.06	0.01	0.06	0	-0.002	-0.018	-0.252	0.001	-0.003	5.966
3.071	-0.002	-0.018	0.000	-2.11	2.27	0.07	-0.09	0.08	-0.16	0	-0.002	-0.018	-0.251	0.001	-0.003	5.985
3.080	-0.002	-0.019	0.000	-2.07	2.27	0.07	-0.05	-0.23	-0.10	0	-0.002	-0.018	-0.250	0.001	-0.003	6.004
3.097	-0.002	-0.022	-0.000	-1.90	2.29	0.06	-0.07	-0.24	-0.09	0	-0.002	-0.018	-0.249	0.001	-0.004	6.022
3.108	-0.003	-0.019	0.000	-2.07	2.34	0.06	-0.12	0.01	-0.05	0	-0.002	-0.018	-0.248	0.001	-0.004	6.041
3.113	-0.004	-0.018	0.000	-2.12	2.35	0.07	-0.08	0.08	0.05	0	-0.003	-0.018	-0.248	0.001	-0.004	6.060
3.129	-0.004	-0.018	0.000	-2.13	2.34	0.07	0.02	-0.19	0.17	0	-0.003	-0.018	-0.247	0.001	-0.004	6.079
3.129	-0.003	-0.019	0.000	-2.08	2.29	0.07	-0.05	-0.28	-0.13	0	-0.003	-0.018	-0.246	0.001	-0.004	6.097
3.145	-0.003	-0.017	0.000	-2.18	2.29	0.07	-0.12	-0.41	-0.28	0	-0.003	-0.018	-0.245	0.001	-0.004	6.116
3.145	-0.004	-0.018	0.000	-2.14	2.34	0.07	-0.05	-0.00	-0.02	0	-0.003	-0.018	-0.244	0.001	-0.004	6.135
3.162	-0.004	-0.018	0.000	-2.13	2.34	0.07	0.09	-0.24	0.15	0	-0.003	-0.018	-0.243	0.001	-0.004	6.153
3.178	-0.004	-0.019	0.000	-2.08	2.33	0.06	-0.27	-0.31	0.04	0	-0.003	-0.018	-0.243	0.001	-0.004	6.171
3.178	-0.004	-0.023	0.000	-1.91	2.33	0.06	-0.02	-0.12	0.32	0	-0.003	-0.018	-0.242	0.001	-0.004	6.190
3.194	-0.003	-0.022	0.000	-1.97	2.30	0.06	0.03	-0.17	0.14	0	-0.003	-0.019	-0.241	0.001	-0.004	6.208
3.208	-0.004	-0.018	0.000	-2.13	2.33	0.07	-0.01	-0.20	0.01	0	-0.003	-0.019	-0.240	0.001	-0.004	6.226
3.216	-0.004	-0.019	0.000	-2.09	2.32	0.07	0.00	-0.21	0.19	0	-0.003	-0.019	-0.239	0.001	-0.004	6.245
3.226	-0.004	-0.018	0.000	-2.14	2.32	0.07	-0.05	-0.25	0.01	0	-0.003	-0.019	-0.238	0.001	-0.004	6.263
3.226	-0.003	-0.019	0.000	-2.09	2.30	0.07	0.07	0.02	0.22	0	-0.003	-0.019	-0.238	0.001	-0.004	6.281
3.243	-0.003	-0.018	0.000	-2.14	2.29	0.07	-0.17	-0.24	0.01	0	-0.003	-0.019	-0.237	0.001	-0.004	6.299
3.259	-0.004	-0.019	0.000	-2.10	2.32	0.07	0.01	-0.23	0.16	0	-0.003	-0.019	-0.236	0.001	-0.004	6.317
3.259	-0.003	-0.019	0.000	-2.09	2.29	0.07	0.10	-0.03	-0.06	0	-0.003	-0.019	-0.235	0.001	-0.004	6.334
3.280	-0.004	-0.019	0.000	-2.11	2.32	0.07	-0.09	-0.17	0.35	0	-0.003	-0.019	-0.234	0.001	-0.004	6.352
3.285	-0.004	-0.019	0.000	-2.10	2.30	0.07	-0.03	-0.13	-0.13	0	-0.004	-0.019	-0.234	0.001	-0.004	6.370
3.293	-0.004	-0.018	0.000	-2.14	2.30	0.07	-0.09	0.02	0.19	0	-0.004	-0.019	-0.233	0.001	-0.004	6.388
3.309	-0.003	-0.019	0.000	-2.11	2.28	0.07	-0.16	-0.13	-0.05	0	-0.004	-0.019	-0.232	0.001	-0.004	6.405
3.317	-0.004	-0.018	0.000	-2.17	2.31	0.07	-0.20	-0.42	-0.06	0	-0.004	-0.018	-0.231	0.001	-0.004	6.423
3.317	-0.004	-0.018	0.000	-2.14	2.31	0.07	0.03	-0.15	0.26	0	-0.004	-0.018	-0.230	0.001	-0.004	6.440
3.337	-0.004	-0.019	0.000	-2.09	2.30	0.07	-0.00	-0.12	0.01	0	-0.004	-0.018	-0.229	0.001	-0.004	6.458
3.350	-0.004	-0.019	0.000	-2.10	2.30	0.07	0.11	-0.05	0.18	0	-0.004	-0.019	-0.229	0.001	-0.004	6.475
3.350	-0.004	-0.019	0.000	-2.09	2.30	0.07	0.05	-0.14	-0.10	0	-0.004	-0.019	-0.228	0.001	-0.004	6.492
3.367	-0.004	-0.018	0.000	-2.14	2.31	0.07	-0.01	-0.23	-0.02	0	-0.004	-0.019	-0.227	0.001	-0.004	6.510
3.373	-0.004	-0.019	0.000	-2.09	2.31	0.07	0.03	-0.09	-0.02	0	-0.004	-0.019	-0.226	0.001	-0.004	6.527
3.386	-0.004	-0.018	0.000	-2.13	2.30	0.07	-0.16	-0.19	0.04	0	-0.004	-0.019	-0.225	0.001	-0.004	6.544
3.399	-0.003	-0.019	0.000	-2.12	2.28	0.07	0.02	-0.28	-0.12	0	-0.004	-0.019	-0.225	0.001	-0.004	6.561
3.399	-0.004	-0.019	0.000	-2.09	2.30	0.07	-0.01	0.08	-0.15	0	-0.004	-0.019	-0.224	0.001	-0.004	6.578
3.416	-0.004	-0.019	0.000	-2.09	2.29	0.07	-0.08	-0.16	-0.03	0	-0.004	-0.019	-0.223	0.001	-0.004	6.595
3.425	-0.003	-0.019	0.000	-2.09	2.27	0.07	-0.19	-0.19	-0.11	0	-0.004	-0.019	-0.222	0.001	-0.004	6.612
3.434	-0.003	-0.018	0.000	-2.13	2.28	0.08	-0.07	-0.13	-0.08	36003	-0.004	-0.019	-0.221	0.001	-0.004	6.628
3.448	-0.003	-0.018	0.000	-2.13	2.27	0.08	0.19	0.04	-0.21	36003	-0.004	-0.019	-0.220	0.001	-0.004	6.645
3.448	-0.003	-0.019	0.000	-2.09	2.27	0.07	-0.04	-0.38	0.27	35998	-0.004	-0.019	-0.218	0.001	-0.004	6.662
3.464	-0.004	-0.018	0.000	-2.13	2.29	0.08	-0.88	-0.28	0.42	35989	-0.003	-0.018	-0.217	0.001	-0.004	6.678
3.480	-0.004	-0.019	0.000	-2.09	2.29	0.08	-0.90	-0.29	0.64	35990	-0.003	-0.018	-0.214	0.001	-0.004	6.694
3.480	-0.004	-0.018	0.000	-2.13	2.29	0.08	-0.29	0.23	2.27	35988	-0.003	-0.018	-0.212	0.001	-0.004	6.710
3.497	-0.004	-0.019	0.000	-2.11	2.29	0.08	0.02	-0.53	-0.56	35991	-0.003	-0.018	-0.209	0.001	-0.004	6.726
3.507	-0.003	-0.019	0.000	-2.07	2.28	0.07	-0.22	0.04	0.05	35996	-0.003	-0.018	-0.207	0.001	-0.004	6.742
3.512	-0.003	-0.018	0.000	-2.11	2.26	0.07	-0.31	0.51	0.16	36003	-0.003	-0.018	-0.204	0.001	-0.004	6.757
3.529	-0.003	-0.018	0.000	-2.12	2.27	0.07	-0.46	-0.32	0.54	35990	-0.003	-0.018	-0.201	0.001	-0.004	6.773
3.529	-0.004	-0.020	0.000	-2.02	2.29	0.07	0.55	0.48	0.95	35996	-0.003	-0.018	-0.198	0.001	-0.004	6.788
3.546	-0.004	-0.019	0.000	-2.06	2.27	0.08	-0.05	-0.04	-0.54	35987	-0.003	-0.018	-0.195	0.001	-0.004	6.802
3.546	-0.004	-0.019	0.000	-2.06	2.27	0.08	-0.23	-0.11	-2.15	35998	-0.003	-0.018	-0.192	0.001	-0.005	6.817
3.561	-0.004	-0.019	0.000	-2.06	2.27	0.06	0.05	0.10	-3.83	35992	-0.003	-0.018	-0.189	0.001	-0.005	6.831
3.578	-0.004	-0.019	0.000	-2.05	2.26	0.02	-0.07	-0.32	-4.89	35994	-0.003	-0.018	-0.185	0.000	-0.005	6.845
3.578	-0.005	-0.019	0.000	-2.00	2.27	-0.03	0.63	-0.53	-9.49	36023	-0.003	-0.017	-0.182	0.000	-0.005	6.859
3.594	-0.005	-0.018	0.000	-2.03	2.26	-0.12	0.35	-0.40	-10.47	36028	-0.003	-0.017	-0.179	0.000	-0.005	6.873
3.594	-0.005	-0.018	0.000	-2.02	2.24	-0.22	-0.46	0.16	-9.02	36027	-0.003	-0.017	-0.176	0.000	-0.005	6.886
3.614	-0.005	-0.018	0.000	-2.01	2.24	-0.31	0.01	-0.25	-9.14	36029	-0.003	-0.017	-0.173	0.000	-0.005	6.899
3.627	-0.004	-0.017	0.000	-2.02	2.19	-0.41	-0.54	-0.01	-12.03	36004	-0.003	-0.017	-0.170	-0.000	-0.005	6.912
3.627	-0.005	-0.017	0.000	-2.00	2.20	-0.52	-1.12	-0.60	-13.27	36015	-0.002	-0.016	-0.166	-0.000	-0.005	6.925
3.643	-0.004	-0.019	0.000	-1.90	2.13	-0.66	-0.53	0.00	-12.43	38060	-0.002	-0.016	-0.163	-0.000	-0.005	6.937
3.659	-0.003	-0.023	0.001	-1.70	2.05	-0.79	1.01	1.26	-9.38	38027	-0.002	-0.017	-0.160	-0.000	-0.005	6.949
3.659	-0.003	-0.019	0.000	-1.83	2.07	-0.88	3.26	2.89	-11.19	37923	-0.002	-0.017	-0.157	-0.000	-0.005	6.961
3.675	-0.003	-0.021	0.001	-1.71	2.03	-0.99	-0.79	-0.49	-10.75	38024	-0.002	-0.017	-0.153	-0.000	-0.006	6.973
3.675	-0.003	-0.021	0.001	-1.70	1.99	-1.10	-1.41	-2.30	-13.59	38074	-0.001	-0.017	-0.150	-0.001	-0.006	6.984
3.694	-0.003	-0.021	0.001	-1.71	1.99	-1.24	1.70	2.53	-12.24	38065	-0.001	-0.017	-0.147	-0.001	-0.006	6.996
3.707	-0.002	-0.023	0.001	-1.59	1.91	-1.36	-2.98	-0.12	-13.66	38048	-0.001	-0.017	-0.144	-0.001	-0.006	7.007
3.715	-0.001	-0.023	0.001	-1.60	1.89	-1.50	0.42	1.03	-11.10	38108	-0.000	-0.018	-0.140	-0.001	-0.007	7.017
3.723	-0.001	-0.027	0.001	-1.41	1.86	-1.61	1.73	2.40	-10.81	38093	-0.000	-0.018	-0.137	-0.001	-0.007	7.028
3.740	-0.002	-0.027	0.001	-1.38	1.85	-1.72	-0.75	0.67	-6.84	38100	0.000	-0.019	-0.134	-0.001	-0.007	7.038
3.740	-0.001	-0.027	0.001	-1.37	1.79	-1.79	1.61	1.64	-6.10	38138	0.000	-0.020	-0.131	-0.001	-0.008	7.048
3.756	-0.005	-0.031	0.000	-1.16	1.90	-1.85	-1.24	-3.61	-5.53	38126	0.000	-0.021	-0.128	-0.001	-0.008	7.058
3.756	-0.005	-0.035	0.000	-1.03	1.90	-1.91	-1.92	-1.04	-3.96	38267	0.000	-0.022	-0.124	-0.002	-0.009	7.067
3.776	-0.005	-0.035	0.000	-1.04	1.88	-1.95	0.86	0.31	-3.10	38280	0.000	-0.023	-0.121	-0.002	-0.010	7.076
3.788	-0.005	-0.035	0.000	-1.06	1.85	-1.98	-0.53	2.65	-5.32	38233	0.000	-0.024	-0.118	-0.002	-0.010	7.085
3.788	-0.004	-0.035	0.000	-1.08	1.78	-2.03	-2.40	-1.29	-5.06	38277	0.000	-0.025	-0.115	-0.002	-0.011	7.094
3.808	-0.005	-0.034	0.000	-1.15	1.79	-2.09	4.20	3.72	-2.07	38299	0.000	-0.026	-0.112	-0.002	-0.011	7.103
3.816	-0.005	-0.035	0.000	-1.08	1.75	-2.11	-1.62	-0.67	1.09	38287	0.000	-0.027	-0.109	-0.003	-0.011	7.111
3.820	-0.004	-0.035	0.000	-1.10	1.72	-2.11	1.07	-2.03	1.10	38327	0.000	-0.027	-0.106	-0.003	-0.012	7.119
3.832	-0.004	-0.035	0.001	-1.10	1.65	-2.10	-2.17	2.35	2.75	38348	0.000	-0.028	-0.103	-0.003	-0.012	7.127
3.846	0.000	-0.031	0.001	-1.31	1.47	-2.09	-3.88	-1.59	3.29	40471	0.001	-0.028	-0.100	-0.003	-0.012	7.135
3.846	-0.002	-0.031	0.001	-1.33	1.56	-2.05	1.63	1.52	3.89	40433	0.001	-0.028	-0.097	-0.003	-0.012	7.142
3.863	-0.001	-0.032	0.001	-1.28	1.48	-2.02	0.58	0.32	4.00	40464	0.001	-0.028	-0.094	-0.003	-0.013	7.149
3.879	0.004	-0.034	0.001	-1.16	1.22	-1.99	3.64	6.28	3.71	40464	0.002	-0.028	-0.091	-0.003	-0.013	7.156
3.879	0.003	-0.030	0.001	-1.32	1.23	-1.96	14.44	1.25	4.97	40312	0.003	-0.028	-0.088	-0.003	-0.013	7.163
3.900	-0.000	-0.025	0.001	-1.38	1.33	-1.91	25.10	-7.00	4.41	40278	0.003	-0.027	-0.085	-0.004	-0.013	7.169
3.901	-0.001	-0.024	0.001	-1.14	1.42	-1.86	35.96	-8.37	5.62	40219	0.003	-0.027	-0.082	-0.004	-0.013	7.176
3.917	0.000	-0.025	0.001	-0.75	1.43	-1.81	29.12	4.13	6.14	40120	0.004	-0.026	-0.079	-0.004	-0.013	7.182
3.928	0.001	-0.025	0.001	-0.40	1.35	-1.74	25.95	12.02	6.82	40028	0.004	-0.025	-0.076	-0.004	-0.013	7.187
3.928	0.001	-0.026	0.001	-0.10	1.21	-1.67	19.49	14.29	7.83	40139	0.004	-0.025	-0.073	-0.004	-0.013	7.193
3.944	0.001	-0.025	0.001	0.09	1.08	-1.60	13.23	9.35	7.24	40226	0.005	-0.025	-0.070	-0.004	-0.013	7.198
3.944	-0.001	-0.025	0.001	0.26	1.01	-1.52	8.68	21.89	6.42	40314	0.005	-0.024	-0.067	-0.005	-0.013	7.204
3.967	0.003	-0.025	0.002	0.34	0.65	-1.47	-6.62	18.51	7.05	40419	0.005	-0.024	-0.064	-0.005	-0.013	7.209
3.977	-0.004	-0.019	0.001	0.04	0.75	-1.38	-0.03	20.31	6.84	40494	0.005	-0.023	-0.061	-0.005	-0.013	7.213
3.977	-0.003	-0.015	0.001	-0.09	0.51	-1.33	-9.41	24.58	5.91	40764	0.004	-0.022	-0.058	-0.006	-0.012	7.218
3.993	-0.005	-0.009	0.000	-0.44	0.32	-1.29	-17.31	36.19	6.86	40817	0.004	-0.020	-0.055	-0.006	-0.012	7.222
4.010	-0.005	-0.005	-0.000	-0.69	-0.04	-1.23	-10.49	34.96	7.36	40968	0.003	-0.017	-0.052	-0.006	-0.011	7.226
4.018	-0.004	0.000	-0.001	-1.00	-0.45	-1.20	-12.38	25.77	7.05	41064	0.003	-0.015	-0.050	-0.007	-0.011	7.230
4.032	-0.005	0.003	-0.001	-1.20	-0.72	-1.14	-6.41	18.88	7.47	41168	0.002	-0.012	-0.047	-0.007	-0.010	7.233
4.032	-0.004	0.007	-0.002	-1.36	-0.96	-1.09	17.24	26.91	9.28	41197	0.002	-0.009	-0.045	-0.007	-0.009	7.236
4.042	-0.004	0.008	-0.001	-1.15	-1.25	-1.00	17.02	5.97	8.07	41255	0.002	-0.006	-0.042	-0.008	-0.008	7.239
4.058	-0.004	0.008	-0.001	-0.87	-1.39	-0.91	24.38	-9.03	7.21	43257	0.001	-0.004	-0.040	-0.008	-0.008	7.242
4.058	-0.009	0.008	-0.000	-0.57	-1.09	-0.80	44.47	-10.10	7.74	43107	0.001	-0.002	-0.037	-0.008	-0.007	7.245
4.078	-0.010	0.016	-0.001	-0.42	-0.97	-0.78	61.10	-9.11	9.43	43058	-0.000	0.001	-0.034	-0.009	-0.006	7.248
4.078	-0.009	0.016	-0.000	0.29	-0.95	-0.67	66.96	-3.68	10.59	43241	-0.001	0.004	-0.031	-0.009	-0.006	7.250
4.095	-0.007	0.016	0.000	1.03	-1.00	-0.56	40.36	-3.88	7.71	43046	-0.001	0.006	-0.028	-0.010	-0.005	7.252
4.107	-0.007	0.017	0.000	1.45	-0.95	-0.48	41.20	3.44	5.07	42868	-0.002	0.008	-0.025	-0.010	-0.005	7.254
4.119	-0.007	0.018	0.001	1.92	-0.99	-0.41	40.18	5.29	6.60	42911	-0.002	0.010	-0.022	-0.010	-0.004	7.256
4.124	-0.007	0.018	0.001	2.39	-1.04	-0.33	43.44	7.09	5.44	42864	-0.002	0.012	-0.019	-0.010	-0.004	7.257
4.124	-0.006	0.016	0.002	2.99	-1.17	-0.23	41.43	8.33	5.40	42757	-0.002	0.013	-0.016	-0.011	-0.004	7.259
4.140	-0.006	0.017	0.002	3.41	-1.28	-0.18	28.82	11.08	9.51	42587	-0.003	0.014	-0.013	-0.011	-0.004	7.260
4.156	-0.006	0.016	0.002	3.76	-1.38	-0.06	16.52	17.17	10.83	42760	-0.003	0.015	-0.010	-0.011	-0.004	7.261
4.156	-0.007	0.016	0.002	3.99	-1.48	0.08	7.59	20.34	9.63	42746	-0.003	0.016	-0.007	-0.011	-0.004	7.261
4.179	-0.005	0.016	0.003	4.11	-1.80	0.17	-2.10	21.52	10.05	42748	-0.003	0.016	-0.004	-0.011	-0.004	7.262
4.189	-0.002	0.017	0.003	4.12	-2.09	0.27	-9.42	17.75	8.62	42789	-0.003	0.017	-0.001	-0.011	-0.004	7.262
4.196	-0.003	0.018	0.002	4.02	-2.21	0.38	-10.53	10.52	8.79	42854	-0.003	0.018	0.002	-0.011	-0.004	7.262
4.205	-0.005	0.018	0.003	3.93	-2.23	0.51	-15.01	0.32	9.03	43116	-0.003	0.018	0.005	-0.011	-0.004	7.262
4.205	-0.005	0.017	0.003	3.85	-2.22	0.63	-14.19	-8.42	8.70	43087	-0.003	0.018	0.008	-0.011	-0.004	7.262
4.222	-0.006	0.017	0.003	3.72	-2.07	0.74	-12.67	-7.62	8.47	43087	-0.004	0.018	0.010	-0.012	-0.004	7.261
4.238	-0.008	0.016	0.004	3.66	-1.93	0.87	-18.09	-5.14	6.94	43131	-0.004	0.018	0.013	-0.012	-0.004	7.260
4.238	-0.009	0.016	0.003	3.49	-1.81	0.97	-26.17	-4.33	3.81	43498	-0.005	0.018	0.016	-0.012	-0.004	7.259
4.254	-0.008	0.014	0.003	3.33	-1.80	1.02	-28.49	-6.99	3.43	43580	-0.005	0.018	0.019	-0.012	-0.004	7.258
4.254	-0.008	0.013	0.003	3.07	-1.71	1.07	-28.46	-13.96	2.27	45717	-0.006	0.017	0.021	-0.012	-0.004	7.257
4.270	-0.007	0.012	0.003	2.82	-1.60	1.09	-33.89	-17.77	3.63	45713	-0.006	0.017	0.024	-0.012	-0.005	7.255
4.286	-0.007	0.011	0.002	2.53	-1.44	1.13	-30.85	-19.73	2.58	45996	-0.006	0.016	0.026	-0.012	-0.005	7.253
4.286	-0.007	0.009	0.002	2.30	-1.22	1.19	-30.54	-22.80	1.45	46040	-0.006	0.015	0.029	-0.012	-0.005	7.251
4.302	-0.007	0.007	0.002	2.03	-1.00	1.21	-29.24	-23.56	2.01	46092	-0.006	0.014	0.032	-0.012	-0.006	7.249
4.319	-0.005	0.003	0.002	1.89	-0.82	1.25	-28.79	-24.60	1.42	46121	-0.006	0.013	0.034	-0.012	-0.006	7.247
4.321	-0.005	0.002	0.001	1.61	-0.58	1.26	-26.32	-26.68	0.38	46163	-0.006	0.011	0.037	-0.012	-0.007	7.244
4.335	-0.004	-0.000	0.001	1.42	-0.31	1.28	-19.51	-24.31	-0.22	46245	-0.006	0.010	0.039	-0.012	-0.007	7.241
4.348	-0.004	-0.002	0.002	1.25	-0.06	1.28	-11.95	-22.38	1.25	46122	-0.006	0.008	0.042	-0.012	-0.008	7.238
4.356	-0.004	-0.003	0.002	1.12	0.18	1.29	-9.53	-22.65	2.52	46013	-0.006	0.006	0.045	-0.012	-0.008	7.235
4.356	-0.004	-0.003	0.003	0.98	0.41	1.30	-8.24	-23.47	3.80	45924	-0.005	0.005	0.048	-0.012	-0.008	7.231
4.378	-0.005	-0.009	0.002	1.12	0.70	1.44	-12.13	-19.70	4.64	46023	-0.005	0.003	0.050	-0.012	-0.009	7.228
4.389	-0.007	-0.011	0.002	1.02	1.02	1.53	-11.19	-10.65	3.62	46083	-0.006	0.001	0.053	-0.012	-0.010	7.224
4.397	-0.008	-0.012	0.002	0.90	1.17	1.58	-17.47	-2.99	4.41	46062	-0.006	-0.001	0.056	-0.012	-0.010	7.220
4.409	-0.006	-0.011	0.003	0.64	1.13	1.57	-21.65	5.32	4.06	46038	-0.006	-0.003	0.059	-0.012	-0.011	7.216
4.418	-0.008	-0.017	0.005	0.60	1.20	1.70	-23.56	12.20	5.06	45911	-0.006	-0.005	0.062	-0.012	-0.011	7.211
4.429	-0.009	-0.018	0.006	0.33	1.10	1.75	-24.29	21.62	5.00	45571	-0.007	-0.007	0.065	-0.012	-0.012	7.207
4.441	-0.009	-0.020	0.007	0.14	0.90	1.82	-22.76	32.45	4.22	45449	-0.007	-0.009	0.068	-0.013	-0.012	7.202
4.447	-0.010	-0.022	0.007	-0.07	0.60	1.87	-21.59	44.33	3.60	45363	-0.007	-0.011	0.071	-0.013	-0.013	7.197
4.458	-0.010	-0.023	0.008	-0.32	0.17	1.91	-24.65	50.42	2.35	45264	-0.008	-0.013	0.074	-0.013	-0.013	7.192
4.469	-0.010	-0.023	0.012	-0.64	-0.35	1.90	-29.24	51.51	1.29	44673	-0.008	-0.015	0.078	-0.013	-0.014	7.187
4.478	-0.006	-0.022	0.013	-1.04	-1.02	1.84	-29.78	47.07	-0.06	46680	-0.008	-0.016	0.081	-0.013	-0.014	7.182
4.488	-0.006	-0.021	0.015	-1.44	-1.52	1.80	-27.65	34.24	-1.12	46529	-0.008	-0.018	0.085	-0.013	-0.014	7.177
4.499	-0.004	-0.021	0.016	-1.77	-1.92	1.75	-24.76	20.81	-0.92	46407	-0.008	-0.019	0.089	-0.012	-0.014	7.171
4.509	-0.007	-0.018	0.018	-2.21	-2.00	1.72	-22.70	8.82	-0.65	46191	-0.008	-0.019	0.092	-0.012	-0.014	7.166
4.517	-0.005	-0.020	0.020	-2.38	-2.19	1.71	-19.51	-2.69	-0.41	46027	-0.008	-0.020	0.096	-0.012	-0.014	7.160
4.527	-0.005	-0.021	0.021	-2.60	-2.15	1.70	-12.99	-9.94	0.60	45982	-0.008	-0.020	0.100	-0.012	-0.014	7.154
4.538	-0.003	-0.020	0.022	-2.78	-2.13	1.69	-8.45	-12.82	1.24	45887	-0.008	-0.021	0.104	-0.012	-0.014	7.148
4.549	-0.003	-0.021	0.023	-2.84	-1.99	1.71	-0.85	-13.16	1.63	45826	-0.007	-0.021	0.107	-0.012	-0.014	7.142
4.558	-0.003	-0.021	0.025	-2.88	-1.84	1.73	7.37	-10.18	1.92	45772	-0.007	-0.022	0.111	-0.011	-0.014	7.135
4.567	-0.003	-0.021	0.026	-2.85	-1.72	1.74	13.87	-7.28	1.46	45659	-0.007	-0.022	0.114	-0.011	-0.014	7.128
4.578	-0.003	-0.020	0.028	-2.77	-1.64	1.75	22.65	-6.09	0.90	45553	-0.007	-0.022	0.118	-0.011	-0.014	7.121
4.589	-0.003	-0.020	0.029	-2.54	-1.57	1.76	26.72	-5.41	-0.23	45446	-0.007	-0.022	0.122	-0.011	-0.014	7.114
4.599	-0.002	-0.021	0.034	-2.27	-1.51	1.76	32.43	-4.36	-1.26	44727	-0.006	-0.022	0.126	-0.011	-0.014	7.108
4.608	-0.001	-0.023	0.036	-1.90	-1.49	1.76	35.99	-3.56	-2.31	44640	-0.006	-0.022	0.130	-0.010	-0.014	7.100
4.618	-0.002	-0.023	0.038	-1.52	-1.40	1.75	35.60	-1.39	-3.33	44529	-0.006	-0.023	0.134	-0.010	-0.014	7.093
4.628	-0.003	-0.025	0.040	-1.11	-1.32	1.73	35.45	-0.40	-4.71	44453	-0.006	-0.023	0.138	-0.010	-0.014	7.086
4.639	-0.001	-0.026	0.046	-0.75	-1.35	1.69	32.67	-0.74	-5.55	44442	-0.006	-0.023	0.142	-0.010	-0.015	7.078
4.650	-0.000	-0.032	0.048	-0.18	-1.35	1.70	27.35	-3.59	-5.97	43554	-0.006	-0.025	0.147	-0.009	-0.015	7.071
4.657	0.001	-0.032	0.050	0.07	-1.33	1.64	19.74	-6.85	-5.97	43534	-0.005	-0.026	0.151	-0.009	-0.015	7.063
4.670	0.001	-0.031	0.052	0.22	-1.24	1.56	10.71	-11.94	-5.77	43498	-0.005	-0.026	0.155	-0.009	-0.015	7.056
4.672	-0.000	-0.029	0.059	0.21	-1.06	1.46	3.00	-17.48	-6.59	43456	-0.005	-0.027	0.160	-0.009	-0.016	7.048
4.687	0.000	-0.029	0.061	0.25	-0.89	1.40	-4.37	-20.33	-6.75	44744	-0.005	-0.027	0.165	-0.008	-0.016	7.040
4.698	0.002	-0.029	0.063	0.18	-0.72	1.32	-11.96	-20.60	-6.65	44777	-0.004	-0.028	0.169	-0.008	-0.016	7.032
4.709	0.002	-0.029	0.065	0.06	-0.51	1.26	-15.97	-23.43	-7.09	44793	-0.004	-0.028	0.173	-0.008	-0.016	7.024
4.719	0.002	-0.029	0.067	-0.15	-0.23	1.17	-18.58	-22.35	-7.41	44740	-0.003	-0.028	0.178	-0.008	-0.016	7.015
4.728	0.002	-0.028	0.072	-0.36	-0.01	1.10	-20.20	-18.46	-8.24	44326	-0.003	-0.029	0.182	-0.007	-0.016	7.007
4.733	0.003	-0.028	0.074	-0.59	0.16	1.01	-18.22	-16.49	-8.19	44336	-0.003	-0.029	0.187	-0.007	-0.016	6.998
4.748	0.004	-0.027	0.076	-0.82	0.33	0.92	-15.89	-11.83	-8.44	44356	-0.002	-0.029	0.191	-0.007	-0.016	6.990
4.758	0.004	-0.027	0.078	-0.98	0.47	0.84	-10.97	-9.11	-10.03	44397	-0.002	-0.029	0.195	-0.006	-0.016	6.981
4.769	0.003	-0.026	0.078	-1.13	0.60	0.73	-4.69	-8.15	-9.67	44453	-0.001	-0.028	0.199	-0.006	-0.015	6.972
4.778	0.004	-0.026	0.080	-1.17	0.67	0.64	2.59	-9.24	-8.85	45040	-0.001	-0.028	0.202	-0.006	-0.015	6.962
4.787	0.005	-0.024	0.081	-1.22	0.75	0.54	7.67	-7.29	-8.90	45081	-0.001	-0.028	0.206	-0.006	-0.015	6.953
4.798	0.005	-0.024	0.083	-1.14	0.84	0.45	13.55	-4.57	-9.15	45103	-0.000	-0.027	0.209	-0.005	-0.015	6.943
4.808	0.006	-0.024	0.085	-1.00	0.88	0.35	20.65	-0.43	-9.12	45129	0.000	-0.027	0.213	-0.005	-0.015	6.934
4.819	0.006	-0.024	0.088	-0.80	0.91	0.26	25.68	5.22	-10.28	45034	0.001	-0.027	0.216	-0.005	-0.015	6.924
4.829	0.006	-0.023	0.090	-0.58	0.86	0.15	28.50	7.74	-9.28	45077	0.001	-0.026	0.220	-0.005	-0.014	6.914
4.835	0.007	-0.023	0.091	-0.27	0.76	0.06	30.42	10.95	-9.68	45124	0.002	-0.026	0.223	-0.004	-0.014	6.904
4.848	0.006	-0.023	0.093	0.01	0.70	-0.04	29.53	13.94	-9.52	45148	0.002	-0.026	0.226	-0.004	-0.014	6.894
4.857	0.006	-0.022	0.093	0.28	0.59	-0.14	29.06	12.07	-9.15	45160	0.002	-0.025	0.229	-0.004	-0.014	6.884
4.869	0.006	-0.022	0.094	0.56	0.47	-0.23	24.02	11.87	-9.94	45622	0.003	-0.025	0.232	-0.004	-0.014	6.873
4.879	0.006	-0.021	0.096	0.81	0.37	-0.33	18.54	6.20	-9.77	45676	0.003	-0.024	0.235	-0.004	-0.014	6.863
4.890	0.006	-0.022	0.097	1.02	0.31	-0.42	12.24	0.72	-9.63	45737	0.003	-0.024	0.238	-0.003	-0.014	6.852
4.898	0.007	-0.021	0.095	1.12	0.28	-0.52	4.79	-4.50	-9.01	47948	0.003	-0.024	0.240	-0.003	-0.013	6.841
4.908	0.007	-0.021	0.096	1.16	0.34	-0.61	-1.68	-9.78	-8.04	48739	0.004	-0.023	0.243	-0.003	-0.013	6.830
4.919	0.007	-0.020	0.098	1.12	0.45	-0.70	-6.64	-12.86	-8.13	48831	0.004	-0.023	0.245	-0.003	-0.013	6.819
4.930	0.007	-0.019	0.099	1.06	0.58	-0.78	-9.57	-15.57	-7.87	48896	0.004	-0.023	0.248	-0.003	-0.013	6.807
4.936	0.007	-0.018	0.100	0.93	0.72	-0.86	-10.79	-15.16	-7.44	48950	0.004	-0.022	0.251	-0.003	-0.013	6.796
4.948	0.007	-0.018	0.099	0.82	0.89	-0.94	-8.88	-13.86	-6.71	49282	0.005	-0.022	0.253	-0.003	-0.013	6.784
4.959	0.007	-0.019	0.101	0.78	1.05	-1.01	-7.13	-9.83	-6.41	49300	0.005	-0.022	0.256	-0.003	-0.013	6.773
4.969	0.006	-0.019	0.102	0.70	1.16	-1.07	-5.80	-6.02	-6.30	49316	0.005	-0.021	0.258	-0.002	-0.012	6.761
4.979	0.007	-0.020	0.103	0.68	1.20	-1.14	-4.56	-1.37	-6.42	49335	0.005	-0.021	0.261	-0.002	-0.012	6.749
4.988	0.007	-0.018	0.100	0.57	1.20	-1.20	-2.20	2.47	-6.11	49333	0.006	-0.021	0.263	-0.002	-0.012	6.736
4.998	0.007	-0.018	0.101	0.55	1.19	-1.26	-0.87	7.50	-6.49	50023	0.006	-0.021	0.265	-0.002	-0.012	6.724
5.008	0.007	-0.018	0.102	0.54	1.12	-1.32	0.18	10.44	-6.29	50010	0.006	-0.021	0.267	-0.002	-0.012	6.711
5.018	0.007	-0.018	0.103	0.55	1.02	-1.39	2.21	12.13	-6.30	49977	0.006	-0.020	0.270	-0.002	-0.012	6.699
5.029	0.007	-0.018	0.104	0.58	0.90	-1.45	4.53	13.14	-6.14	49942	0.006	-0.020	0.272	-0.002	-0.012	6.686
5.035	0.007	-0.019	0.101	0.64	0.76	-1.51	6.66	12.93	-6.05	50516	0.006	-0.020	0.274	-0.002	-0.012	6.673
5.049	0.007	-0.018	0.102	0.70	0.62	-1.57	6.77	12.92	-6.25	50454	0.007	-0.020	0.276	-0.002	-0.011	6.660
5.058	0.007	-0.018	0.103	0.77	0.50	-1.63	6.38	12.66	-6.23	50384	0.007	-0.020	0.278	-0.002	-0.011	6.646
5.069	0.007	-0.018	0.104	0.84	0.37	-1.69	5.73	9.90	-5.73	50319	0.007	-0.020	0.281	-0.002	-0.011	6.633
5.079	0.007	-0.018	0.105	0.87	0.26	-1.75	2.73	8.40	-5.70	50261	0.007	-0.020	0.283	-0.002	-0.011	6.619
5.088	0.008	-0.018	0.106	0.94	0.15	-1.81	0.63	7.22	-5.91	50123	0.007	-0.020	0.285	-0.002	-0.011	6.606
5.098	0.008	-0.018	0.108	0.95	0.08	-1.86	-2.34	5.27	-5.72	50057	0.007	-0.020	0.288	-0.002	-0.011	6.592
5.109	0.008	-0.019	0.109	0.94	0.02	-1.92	-4.98	2.96	-6.11	52069	0.007	-0.020	0.290	-0.002	-0.011	6.578
5.119	0.006	-0.016	0.113	0.78	0.07	-1.97	-6.85	1.38	-6.29	52006	0.007	-0.020	0.294	-0.002	-0.011	6.565
5.130	0.005	-0.016	0.115	0.71	0.06	-2.03	-8.58	-0.20	-5.75	51255	0.007	-0.020	0.297	-0.002	-0.010	6.551
5.139	0.005	-0.016	0.116	0.63	0.05	-2.09	-9.53	-0.87	-6.38	51145	0.007	-0.020	0.300	-0.002	-0.010	6.537
5.149	0.005	-0.016	0.118	0.55	0.06	-2.15	-9.20	-1.65	-6.41	51017	0.007	-0.019	0.304	-0.002	-0.010	6.523
5.160	0.006	-0.016	0.119	0.46	0.05	-2.22	-8.60	-2.84	-6.39	50896	0.007	-0.019	0.307	-0.002	-0.010	6.509
5.168	0.006	-0.016	0.119	0.37	0.08	-2.28	-7.32	-0.91	-5.77	50756	0.007	-0.019	0.310	-0.002	-0.010	6.494
5.178	0.005	-0.016	0.121	0.29	0.10	-2.34	-7.48	0.26	-5.88	50862	0.007	-0.019	0.313	-0.002	-0.010	6.479
5.189	0.005	-0.016	0.122	0.22	0.09	-2.40	-5.61	2.68	-5.76	50688	0.007	-0.019	0.316	-0.002	-0.010	6.465
5.198	0.005	-0.016	0.124	0.16	0.07	-2.46	-4.15	2.82	-5.29	50524	0.007	-0.019	0.319	-0.002	-0.009	6.450
5.208	0.005	-0.016	0.128	0.12	0.04	-2.51	-0.51	3.18	-4.94	50354	0.007	-0.019	0.323	-0.003	-0.009	6.435
5.219	0.006	-0.017	0.130	0.12	-0.02	-2.56	2.27	2.82	-4.76	49814	0.007	-0.019	0.326	-0.003	-0.009	6.420
5.229	0.004	-0.019	0.132	0.22	0.01	-2.61	5.69	2.51	-4.99	49646	0.006	-0.019	0.329	-0.003	-0.009	6.405
5.239	0.004	-0.019	0.134	0.29	-0.02	-2.66	7.45	2.78	-4.91	49476	0.006	-0.020	0.333	-0.003	-0.009	6.390
5.248	0.004	-0.019	0.136	0.35	-0.06	-2.71	7.64	3.46	-4.89	49308	0.006	-0.020	0.336	-0.003	-0.009	6.375
5.258	0.004	-0.018	0.139	0.40	-0.10	-2.76	7.09	4.14	-4.44	49301	0.006	-0.020	0.340	-0.003	-0.009	6.360
5.268	0.004	-0.019	0.141	0.47	-0.14	-2.80	5.29	5.52	-4.84	49118	0.006	-0.020	0.343	-0.003	-0.009	6.344
5.279	0.005	-0.019	0.143	0.53	-0.23	-2.86	1.58	5.76	-4.61	48959	0.006	-0.020	0.347	-0.003	-0.009	6.329
5.288	0.004	-0.020	0.146	0.58	-0.27	-2.90	-1.26	6.04	-4.70	48803	0.005	-0.021	0.350	-0.003	-0.009	6.313
5.297	0.003	-0.021	0.146	0.58	-0.30	-2.95	-3.42	5.80	-4.14	48653	0.005	-0.021	0.353	-0.003	-0.009	6.298
5.308	0.003	-0.021	0.148	0.55	-0.35	-2.99	-6.22	3.72	-3.92	48935	0.005	-0.021	0.356	-0.003	-0.009	6.282
5.318	0.003	-0.020	0.150	0.45	-0.40	-3.03	-8.46	2.76	-4.30	50863	0.005	-0.022	0.359	-0.003	-0.009	6.266
5.329	0.003	-0.018	0.152	0.31	-0.43	-3.07	-10.12	2.23	-3.41	50734	0.005	-0.022	0.363	-0.004	-0.008	6.250
5.339	0.003	-0.019	0.157	0.23	-0.45	-3.10	-12.76	1.72	-3.49	50604	0.004	-0.022	0.366	-0.004	-0.008	6.234
5.348	0.003	-0.020	0.160	0.14	-0.47	-3.13	-12.32	0.83	-2.80	50013	0.004	-0.022	0.370	-0.004	-0.008	6.218
5.358	0.003	-0.023	0.162	0.09	-0.48	-3.16	-11.97	0.48	-2.54	49855	0.004	-0.022	0.374	-0.004	-0.008	6.202
5.368	0.003	-0.023	0.165	-0.03	-0.50	-3.19	-10.86	-0.40	-2.22	49691	0.004	-0.023	0.377	-0.004	-0.008	6.186
5.378	0.003	-0.024	0.168	-0.14	-0.50	-3.21	-8.21	-0.72	-2.48	49510	0.004	-0.023	0.381	-0.004	-0.008	6.170
5.388	0.003	-0.024	0.169	-0.22	-0.49	-3.24	-6.62	-0.94	-2.15	49598	0.004	-0.024	0.384	-0.004	-0.008	6.154
5.398	0.003	-0.024	0.172	-0.29	-0.48	-3.26	-4.37	-1.46	-2.21	49425	0.003	-0.024	0.388	-0.004	-0.008	6.137
5.408	0.003	-0.024	0.174	-0.34	-0.47	-3.28	-2.55	-2.11	-1.95	49251	0.003	-0.025	0.391	-0.004	-0.008	6.121
5.418	0.003	-0.025	0.177	-0.37	-0.45	-3.30	-0.25	-2.01	-2.45	49075	0.003	-0.025	0.395	-0.004	-0.008	6.104
5.429	0.003	-0.025	0.182	-0.38	-0.45	-3.33	0.88	-2.30	-1.89	48892	0.003	-0.025	0.399	-0.004	-0.008	6.088
5.438	0.003	-0.025	0.185	-0.37	-0.43	-3.35	1.18	-1.20	-1.84	48378	0.003	-0.026	0.402	-0.004	-0.008	6.071
5.449	0.003	-0.025	0.188	-0.37	-0.40	-3.36	1.06	-0.77	-1.34	48194	0.003	-0.026	0.406	-0.004	-0.008	6.055
5.458	0.010	-0.026	0.191	-0.36	-0.59	-3.39	0.66	0.70	-1.08	48004	0.004	-0.026	0.410	-0.004	-0.008	6.038
5.469	0.011	-0.026	0.194	-0.36	-0.61	-3.40	-0.29	-0.18	-0.73	47820	0.005	-0.027	0.414	-0.003	-0.008	6.021
5.478	0.011	-0.026	0.197	-0.36	-0.61	-3.41	-1.20	0.98	-0.15	47604	0.005	-0.027	0.417	-0.003	-0.008	6.005
5.488	0.011	-0.027	0.200	-0.35	-0.61	-3.41	-2.22	-0.33	-0.13	47418	0.006	-0.027	0.421	-0.003	-0.008	5.988
5.498	0.011	-0.027	0.203	-0.37	-0.61	-3.41	-2.90	0.06	0.19	47243	0.006	-0.028	0.425	-0.003	-0.008	5.971
5.509	0.012	-0.027	0.206	-0.40	-0.61	-3.41	-2.42	-2.70	0.64	47077	0.007	-0.028	0.428	-0.002	-0.008	5.954
5.519	0.011	-0.028	0.206	-0.42	-0.56	-3.40	-1.95	-4.11	0.85	46908	0.008	-0.028	0.431	-0.002	-0.008	5.937
5.529	0.012	-0.027	0.209	-0.46	-0.53	-3.39	-2.01	-6.45	1.21	49495	0.008	-0.028	0.434	-0.002	-0.008	5.920
5.539	0.012	-0.027	0.212	-0.48	-0.45	-3.38	-1.47	-9.02	1.40	49368	0.008	-0.029	0.438	-0.002	-0.008	5.903
5.548	0.012	-0.027	0.215	-0.49	-0.36	-3.37	-0.68	-10.13	1.97	49249	0.009	-0.029	0.441	-0.002	-0.008	5.886
5.557	0.013	-0.028	0.222	-0.50	-0.26	-3.35	-0.09	-10.65	1.81	49123	0.009	-0.029	0.445	-0.001	-0.008	5.869
5.569	0.012	-0.035	0.225	-0.32	-0.14	-3.32	0.01	-10.34	1.99	48397	0.010	-0.030	0.449	-0.001	-0.008	5.852
5.579	0.013	-0.035	0.228	-0.32	-0.04	-3.30	0.39	-10.37	1.96	48237	0.010	-0.031	0.453	-0.001	-0.008	5.835
5.589	0.013	-0.036	0.231	-0.31	0.06	-3.28	0.24	-9.05	2.73	48076	0.010	-0.032	0.456	-0.001	-0.008	5.818
5.598	0.014	-0.036	0.235	-0.31	0.15	-3.25	-0.15	-7.90	2.90	47922	0.011	-0.033	0.460	-0.001	-0.009	5.801
5.609	0.014	-0.038	0.239	-0.29	0.24	-3.22	-1.04	-6.58	3.39	47507	0.011	-0.034	0.464	-0.001	-0.009	5.784
5.618	0.014	-0.038	0.243	-0.32	0.31	-3.19	-2.57	-5.04	3.40	47339	0.012	-0.034	0.468	-0.001	-0.009	5.767
5.630	0.014	-0.038	0.246	-0.35	0.37	-3.15	-1.96	-3.33	3.60	47178	0.012	-0.035	0.472	-0.000	-0.009	5.750
5.640	0.014	-0.038	0.250	-0.38	0.40	-3.12	-3.04	-2.60	3.66	47025	0.012	-0.036	0.476	-0.000	-0.009	5.732
5.648	0.015	-0.038	0.250	-0.41	0.43	-3.08	-4.11	-2.11	4.20	46872	0.013	-0.036	0.479	-0.000	-0.009	5.715
5.659	0.014	-0.040	0.253	-0.43	0.47	-3.04	-4.81	-0.41	4.15	47367	0.013	-0.037	0.482	-0.000	-0.009	5.698
5.668	0.014	-0.038	0.256	-0.51	0.48	-3.00	-5.02	-0.36	4.20	47232	0.013	-0.037	0.486	-0.000	-0.009	5.680
5.679	0.014	-0.039	0.260	-0.56	0.48	-2.95	-5.27	0.95	4.07	47090	0.013	-0.038	0.489	-0.000	-0.010	5.663
5.688	0.015	-0.039	0.263	-0.62	0.47	-2.91	-5.65	2.12	4.43	46949	0.013	-0.038	0.492	-0.000	-0.010	5.646
5.698	0.015	-0.041	0.266	-0.65	0.45	-2.87	-4.95	3.17	4.82	46808	0.014	-0.039	0.495	0.000	-0.010	5.628
5.708	0.015	-0.042	0.270	-0.67	0.43	-2.83	-5.25	3.51	4.54	46677	0.014	-0.040	0.499	0.000	-0.010	5.611
5.717	0.015	-0.042	0.273	-0.73	0.39	-2.78	-4.42	3.36	4.85	46546	0.014	-0.040	0.502	0.000	-0.010	5.593
5.727	0.015	-0.043	0.276	-0.77	0.36	-2.73	-3.25	3.99	4.94	48511	0.014	-0.041	0.505	0.000	-0.010	5.576
5.738	0.016	-0.044	0.278	-0.78	0.30	-2.68	-1.47	3.72	5.01	48402	0.014	-0.041	0.508	0.000	-0.010	5.558
5.748	0.016	-0.043	0.281	-0.82	0.26	-2.63	-0.21	3.89	4.81	48647	0.015	-0.042	0.511	0.000	-0.010	5.541
5.758	0.016	-0.044	0.284	-0.82	0.23	-2.59	1.45	3.19	5.05	48549	0.015	-0.042	0.515	0.000	-0.010	5.524
5.768	0.017	-0.045	0.287	-0.81	0.20	-2.54	1.75	2.67	4.58	48428	0.015	-0.043	0.518	0.000	-0.010	5.506
5.778	0.017	-0.045	0.291	-0.79	0.17	-2.49	2.69	0.31	5.21	48311	0.016	-0.043	0.521	0.001	-0.010	5.489
5.787	0.018	-0.044	0.294	-0.78	0.15	-2.44	3.41	-1.08	4.64	48155	0.016	-0.044	0.524	0.001	-0.011	5.471
5.798	0.018	-0.044	0.297	-0.76	0.17	-2.39	4.19	-2.03	4.88	48030	0.016	-0.044	0.528	0.001	-0.011	5.454
5.808	0.017	-0.044	0.300	-0.73	0.19	-2.34	4.74	-2.89	4.70	47891	0.016	-0.044	0.531	0.001	-0.011	5.436
5.819	0.017	-0.042	0.304	-0.72	0.22	-2.30	4.71	-4.27	4.43	47762	0.017	-0.044	0.534	0.001	-0.010	5.419
5.827	0.018	-0.042	0.305	-0.67	0.27	-2.25	4.38	-4.59	4.30	47951	0.017	-0.044	0.537	0.001	-0.010	5.401
5.838	0.018	-0.042	0.308	-0.64	0.31	-2.21	4.73	-4.36	4.45	47804	0.017	-0.044	0.540	0.001	-0.010	5.383
5.849	0.017	-0.042	0.311	-0.59	0.37	-2.16	3.71	-3.70	4.22	47667	0.017	-0.044	0.543	0.001	-0.010	5.366
5.858	0.017	-0.042	0.314	-0.55	0.41	-2.12	2.60	-3.01	4.60	47544	0.017	-0.044	0.546	0.001	-0.010	5.348
5.868	0.018	-0.047	0.315	-0.44	0.43	-2.07	2.22	-1.65	4.84	47406	0.018	-0.044	0.549	0.001	-0.010	5.330
5.878	0.017	-0.042	0.318	-0.51	0.46	-2.03	2.24	-0.41	5.10	47775	0.018	-0.044	0.552	0.001	-0.010	5.313
5.888	0.017	-0.046	0.321	-0.42	0.46	-1.98	2.47	1.10	5.30	47660	0.018	-0.045	0.554	0.001	-0.010	5.295
5.898	0.017	-0.044	0.324	-0.44	0.45	-1.92	2.13	1.19	4.72	47528	0.018	-0.045	0.557	0.001	-0.010	5.277
5.908	0.017	-0.046	0.327	-0.38	0.44	-1.87	2.69	2.22	4.89	47390	0.018	-0.045	0.560	0.001	-0.010	5.260
5.918	0.018	-0.043	0.331	-0.41	0.41	-1.83	3.04	3.17	4.95	47047	0.018	-0.045	0.563	0.001	-0.010	5.242
5.930	0.018	-0.039	0.334	-0.45	0.38	-1.78	3.11	3.64	4.43	46917	0.018	-0.044	0.566	0.001	-0.010	5.225
5.938	0.018	-0.039	0.338	-0.42	0.34	-1.73	2.93	3.47	4.80	48922	0.018	-0.044	0.569	0.001	-0.010	5.207
5.949	0.019	-0.038	0.341	-0.40	0.30	-1.69	3.43	4.10	4.86	48811	0.019	-0.043	0.572	0.001	-0.009	5.189
5.958	0.019	-0.038	0.346	-0.36	0.26	-1.64	3.89	3.73	4.72	48701	0.019	-0.043	0.575	0.001	-0.009	5.172
5.969	0.019	-0.039	0.349	-0.32	0.21	-1.59	4.82	3.81	5.07	48186	0.019	-0.042	0.579	0.001	-0.009	5.155
5.981	0.020	-0.038	0.352	-0.27	0.17	-1.54	5.14	2.87	5.17	48050	0.019	-0.042	0.582	0.001	-0.009	5.137
5.990	0.020	-0.038	0.356	-0.23	0.14	-1.49	5.87	2.70	5.44	47904	0.020	-0.041	0.586	0.001	-0.009	5.120
5.999	0.020	-0.037	0.359	-0.18	0.11	-1.43	6.17	1.82	5.23	47752	0.020	-0.041	0.589	0.001	-0.008	5.102
6.008	0.021	-0.037	0.362	-0.12	0.09	-1.38	6.35	1.29	4.80	47604	0.020	-0.040	0.592	0.001	-0.008	5.085
6.017	0.021	-0.036	0.366	-0.06	0.08	-1.33	7.22	0.01	4.93	47456	0.021	-0.040	0.595	0.001	-0.008	5.067
6.029	0.021	-0.037	0.369	0.02	0.08	-1.28	8.13	-0.76	4.27	47304	0.021	-0.039	0.599	0.001	-0.008	5.050
6.039	0.021	-0.037	0.372	0.10	0.08	-1.24	8.84	-1.08	5.08	47148	0.021	-0.039	0.602	0.001	-0.008	5.033
6.047	0.021	-0.036	0.378	0.19	0.09	-1.19	8.98	-1.86	4.63	46577	0.021	-0.039	0.605	0.001	-0.008	5.015
6.057	0.022	-0.037	0.381	0.30	0.11	-1.14	8.57	-2.20	5.22	46430	0.022	-0.039	0.609	0.001	-0.008	4.998
6.067	0.021	-0.038	0.385	0.39	0.14	-1.10	7.60	-2.86	4.75	46283	0.022	-0.038	0.612	0.001	-0.008	4.981
6.077	0.022	-0.038	0.388	0.47	0.16	-1.05	6.08	-2.29	4.53	46139	0.022	-0.038	0.616	0.001	-0.008	4.963
6.088	0.022	-0.035	0.396	0.49	0.19	-1.00	4.89	-1.59	4.64	46001	0.022	-0.038	0.620	0.001	-0.007	4.946
6.097	0.023	-0.039	0.399	0.60	0.19	-0.95	3.64	-1.57	5.14	45081	0.022	-0.038	0.624	0.001	-0.007	4.929
6.106	0.023	-0.036	0.403	0.59	0.21	-0.90	2.06	-0.97	5.39	44927	0.023	-0.038	0.627	0.001	-0.007	4.912
6.117	0.023	-0.037	0.407	0.63	0.22	-0.85	1.39	-0.04	5.17	44772	0.023	-0.038	0.631	0.001	-0.007	4.895
6.127	0.023	-0.038	0.410	0.65	0.22	-0.80	0.40	0.00	5.16	44632	0.023	-0.038	0.634	0.001	-0.007	4.878
6.138	0.023	-0.038	0.419	0.65	0.22	-0.75	0.16	0.46	4.76	43657	0.024	-0.038	0.638	0.001	-0.007	4.862
6.146	0.022	-0.039	0.422	0.68	0.24	-0.70	-0.10	0.91	4.71	43499	0.024	-0.038	0.642	0.001	-0.007	4.845
6.158	0.022	-0.029	0.426	0.53	0.22	-0.65	-0.00	0.87	4.68	43345	0.024	-0.037	0.646	0.000	-0.007	4.828
6.168	0.023	-0.029	0.430	0.53	0.22	-0.61	-0.32	0.63	4.92	43220	0.024	-0.036	0.650	0.000	-0.007	4.812
6.177	0.023	-0.030	0.436	0.55	0.21	-0.56	-1.22	1.82	4.45	43111	0.024	-0.035	0.654	0.000	-0.006	4.795
6.188	0.024	-0.030	0.440	0.54	0.17	-0.51	-0.78	2.08	4.82	42614	0.024	-0.035	0.657	0.000	-0.006	4.779
6.198	0.024	-0.030	0.444	0.53	0.15	-0.47	0.17	2.73	5.05	42498	0.024	-0.034	0.661	0.000	-0.006	4.762
6.207	0.024	-0.030	0.447	0.53	0.13	-0.42	0.76	1.92	4.64	42396	0.025	-0.034	0.664	0.000	-0.006	4.746
6.218	0.024	-0.031	0.451	0.55	0.11	-0.37	1.35	2.54	4.72	42298	0.025	-0.034	0.667	0.000	-0.006	4.729
6.228	0.025	-0.031	0.454	0.57	0.08	-0.32	2.81	3.33	4.74	42277	0.025	-0.033	0.670	0.000	-0.005	4.713
6.238	0.025	-0.031	0.458	0.59	0.06	-0.27	2.45	1.62	5.24	42197	0.025	-0.033	0.673	0.000	-0.005	4.697
6.248	0.026	-0.031	0.462	0.62	0.02	-0.22	2.63	1.52	4.42	42135	0.026	-0.033	0.676	0.000	-0.005	4.680
6.258	0.026	-0.032	0.465	0.65	0.01	-0.18	2.84	2.57	3.94	42082	0.026	-0.033	0.679	0.000	-0.005	4.664
6.267	0.026	-0.031	0.467	0.68	-0.01	-0.14	2.31	2.57	4.12	42241	0.026	-0.033	0.681	0.000	-0.005	4.648
6.277	0.027	-0.030	0.471	0.69	-0.05	-0.09	1.58	0.95	4.59	42207	0.027	-0.033	0.684	0.000	-0.005	4.632
6.287	0.027	-0.029	0.474	0.69	-0.06	-0.05	1.25	0.86	4.77	42187	0.027	-0.032	0.686	0.000	-0.005	4.616
6.297	0.028	-0.029	0.477	0.70	-0.06	0.00	-0.62	1.48	3.81	42160	0.027	-0.032	0.688	0.000	-0.005	4.600
6.307	0.028	-0.029	0.480	0.70	-0.08	0.04	-1.47	0.26	4.46	42147	0.028	-0.032	0.691	0.000	-0.004	4.584
6.319	0.028	-0.029	0.483	0.68	-0.08	0.09	-2.99	0.03	4.17	42181	0.028	-0.031	0.693	0.000	-0.004	4.568
6.333	0.028	-0.030	0.486	0.66	-0.08	0.13	-2.64	-1.31	4.92	42183	0.028	-0.031	0.695	0.000	-0.004	4.552
6.343	0.028	-0.030	0.489	0.64	-0.06	0.18	-2.66	-2.01	4.89	42167	0.028	-0.031	0.697	0.000	-0.004	4.536
6.350	0.027	-0.031	0.492	0.62	-0.05	0.22	-3.25	-2.38	5.15	42179	0.028	-0.031	0.699	0.000	-0.004	4.521
6.357	0.027	-0.032	0.493	0.60	-0.02	0.27	-3.71	-3.33	4.44	42487	0.028	-0.032	0.701	0.000	-0.004	4.505
6.369	0.027	-0.031	0.496	0.55	0.01	0.32	-4.19	-3.02	4.31	42509	0.029	-0.032	0.702	0.000	-0.004	4.489
6.375	0.028	-0.034	0.499	0.54	0.04	0.36	-3.20	-3.15	4.90	42552	0.029	-0.032	0.704	0.000	-0.004	4.474
6.387	0.027	-0.029	0.501	0.45	0.07	0.41	-3.20	-3.44	4.94	42597	0.029	-0.032	0.705	0.000	-0.004	4.458
6.397	0.027	-0.037	0.504	0.50	0.11	0.46	-2.92	-3.54	5.10	42627	0.029	-0.033	0.707	-0.000	-0.004	4.443
6.407	0.027	-0.037	0.507	0.47	0.14	0.51	-2.62	-2.98	5.45	42560	0.029	-0.034	0.708	-0.000	-0.005	4.427
6.417	0.027	-0.039	0.509	0.46	0.18	0.57	-2.72	-2.70	5.29	42601	0.029	-0.034	0.710	-0.000	-0.005	4.412
6.428	0.027	-0.038	0.511	0.42	0.20	0.62	-2.64	-2.46	5.39	42634	0.029	-0.035	0.711	-0.000	-0.005	4.397
6.439	0.029	-0.040	0.512	0.41	0.21	0.67	-3.15	-1.46	5.65	42684	0.029	-0.036	0.713	-0.000	-0.005	4.382
6.447	0.029	-0.041	0.514	0.38	0.22	0.73	-3.73	-0.14	5.29	43044	0.029	-0.037	0.714	-0.000	-0.005	4.367
6.458	0.031	-0.039	0.516	0.33	0.21	0.78	-4.09	1.43	5.34	43095	0.030	-0.037	0.715	-0.000	-0.006	4.351
6.468	0.031	-0.041	0.518	0.29	0.20	0.84	-5.57	2.04	5.16	43166	0.030	-0.038	0.716	-0.000	-0.006	4.336
6.477	0.031	-0.041	0.520	0.24	0.18	0.89	-5.48	2.84	5.39	43220	0.031	-0.039	0.717	-0.000	-0.006	4.321
6.487	0.032	-0.042	0.520	0.18	0.14	0.95	-6.43	3.32	4.30	43517	0.031	-0.039	0.717	-0.000	-0.006	4.306
6.498	0.032	-0.043	0.522	0.13	0.11	0.99	-7.34	2.56	4.66	43593	0.031	-0.040	0.718	-0.000	-0.006	4.292
6.508	0.033	-0.043	0.523	0.05	0.08	1.04	-8.28	2.16	4.09	43657	0.032	-0.041	0.719	-0.000	-0.006	4.277
6.516	0.033	-0.047	0.525	0.01	0.06	1.08	-7.49	0.09	4.82	43715	0.032	-0.042	0.720	-0.000	-0.006	4.262
6.528	0.033	-0.046	0.525	-0.09	0.06	1.13	-7.73	0.35	3.95	43791	0.033	-0.043	0.720	-0.000	-0.007	4.247
6.537	0.033	-0.046	0.526	-0.16	0.06	1.17	-6.69	-1.00	4.35	44163	0.033	-0.043	0.720	-0.000	-0.007	4.232
6.548	0.034	-0.048	0.527	-0.22	0.07	1.21	-7.02	-1.80	3.86	44226	0.033	-0.044	0.721	-0.000	-0.007	4.218
6.557	0.034	-0.048	0.528	-0.30	0.09	1.25	-7.32	-2.37	3.90	44300	0.034	-0.045	0.721	-0.000	-0.007	4.203
6.568	0.036	-0.049	0.530	-0.36	0.10	1.29	-6.78	-3.02	3.59	44363	0.034	-0.046	0.722	-0.000	-0.007	4.188
6.577	0.036	-0.048	0.530	-0.44	0.13	1.33	-6.09	-3.35	3.89	44538	0.035	-0.046	0.722	0.000	-0.007	4.174
6.587	0.037	-0.048	0.531	-0.50	0.16	1.37	-5.29	-3.20	3.57	44602	0.035	-0.047	0.722	0.000	-0.007	4.159
6.597	0.039	-0.050	0.532	-0.54	0.16	1.41	-4.81	-2.76	3.26	44648	0.036	-0.047	0.722	0.000	-0.008	4.145
6.606	0.039	-0.051	0.533	-0.59	0.19	1.44	-4.46	-1.91	3.00	44705	0.037	-0.048	0.723	0.000	-0.008	4.131
6.618	0.040	-0.051	0.534	-0.63	0.21	1.47	-2.84	-2.06	2.71	44772	0.037	-0.049	0.723	0.001	-0.008	4.116
6.628	0.039	-0.052	0.535	-0.66	0.23	1.49	-1.66	-1.90	2.40	44832	0.038	-0.049	0.723	0.001	-0.008	4.102
6.638	0.040	-0.052	0.536	-0.68	0.24	1.52	-0.47	-2.55	2.11	44894	0.039	-0.050	0.723	0.001	-0.008	4.088
6.646	0.040	-0.053	0.537	-0.68	0.27	1.54	0.51	-2.10	2.16	44955	0.039	-0.051	0.724	0.001	-0.008	4.074
6.658	0.041	-0.054	0.537	-0.66	0.28	1.56	-0.07	-2.10	2.03	44999	0.040	-0.051	0.724	0.001	-0.008	4.059
6.665	0.041	-0.054	0.538	-0.66	0.30	1.58	0.75	-1.44	1.84	45160	0.040	-0.052	0.724	0.001	-0.008	4.045
6.678	0.041	-0.055	0.538	-0.65	0.31	1.60	-0.01	-1.24	1.76	45226	0.041	-0.053	0.724	0.001	-0.009	4.031
6.688	0.042	-0.055	0.539	-0.65	0.33	1.62	-0.59	-1.10	1.39	45271	0.041	-0.053	0.724	0.001	-0.009	4.017
6.698	0.043	-0.055	0.539	-0.66	0.33	1.64	-0.24	0.37	1.12	45302	0.042	-0.054	0.724	0.001	-0.009	4.003
6.707	0.044	-0.055	0.539	-0.67	0.32	1.65	-0.71	-0.93	1.12	45361	0.042	-0.054	0.724	0.001	-0.009	3.989
6.717	0.044	-0.056	0.540	-0.67	0.33	1.66	-0.35	-0.85	0.76	45519	0.043	-0.055	0.724	0.001	-0.009	3.975
6.727	0.045	-0.056	0.540	-0.68	0.32	1.67	-0.13	0.25	0.77	45555	0.044	-0.055	0.724	0.001	-0.009	3.961
6.737	0.045	-0.056	0.541	-0.68	0.32	1.68	0.03	-1.40	0.78	45606	0.044	-0.055	0.724	0.001	-0.009	3.948
6.747	0.046	-0.056	0.542	-0.68	0.33	1.68	-0.09	-1.35	0.07	45655	0.045	-0.056	0.724	0.001	-0.009	3.934
6.757	0.047	-0.056	0.542	-0.68	0.33	1.69	-0.02	-1.32	-0.09	45569	0.045	-0.056	0.723	0.001	-0.009	3.920
6.768	0.047	-0.057	0.543	-0.68	0.35	1.69	0.23	-1.41	-0.40	45604	0.046	-0.056	0.723	0.001	-0.009	3.906
6.779	0.051	-0.059	0.543	-0.66	0.33	1.68	-0.07	-1.35	-0.45	45638	0.047	-0.057	0.723	0.002	-0.009	3.893
6.788	0.052	-0.060	0.544	-0.65	0.34	1.68	0.22	-2.07	-0.46	45667	0.048	-0.057	0.723	0.002	-0.009	3.879
6.798	0.052	-0.061	0.543	-0.65	0.36	1.67	1.10	-1.42	-0.21	45820	0.049	-0.058	0.723	0.002	-0.009	3.865
6.807	0.053	-0.061	0.544	-0.64	0.37	1.67	1.54	-2.68	-0.39	45862	0.050	-0.059	0.723	0.002	-0.009	3.852
6.817	0.053	-0.061	0.544	-0.62	0.40	1.67	1.68	-2.87	-0.69	45895	0.051	-0.059	0.723	0.002	-0.010	3.838
6.829	0.053	-0.061	0.544	-0.60	0.43	1.66	1.93	-1.88	-0.36	45917	0.051	-0.059	0.722	0.002	-0.010	3.825
6.838	0.057	-0.061	0.546	-0.58	0.42	1.66	2.08	-2.38	-0.97	45957	0.053	-0.060	0.722	0.003	-0.010	3.812
6.847	0.057	-0.060	0.547	-0.58	0.45	1.65	2.03	-3.36	-1.30	45656	0.054	-0.060	0.722	0.003	-0.010	3.798
6.857	0.058	-0.060	0.547	-0.56	0.48	1.64	1.62	-2.51	-1.53	45652	0.055	-0.060	0.722	0.003	-0.010	3.785
6.867	0.058	-0.060	0.547	-0.55	0.50	1.62	0.85	-2.80	-1.75	45650	0.055	-0.060	0.722	0.003	-0.010	3.772
6.875	0.059	-0.060	0.548	-0.54	0.53	1.61	0.06	-2.88	-2.05	45667	0.056	-0.060	0.722	0.003	-0.010	3.758
6.887	0.059	-0.061	0.549	-0.53	0.57	1.58	0.02	-1.94	-1.87	45528	0.057	-0.061	0.722	0.003	-0.010	3.745
6.897	0.060	-0.060	0.549	-0.54	0.58	1.56	-0.19	-2.62	-2.10	45542	0.058	-0.061	0.722	0.003	-0.010	3.732
6.908	0.060	-0.060	0.550	-0.54	0.61	1.54	1.33	-1.15	-2.05	45549	0.059	-0.061	0.722	0.003	-0.010	3.719
6.916	0.061	-0.060	0.550	-0.53	0.61	1.52	0.18	-1.83	-1.98	45562	0.060	-0.061	0.722	0.003	-0.010	3.706
6.929	0.061	-0.060	0.551	-0.53	0.63	1.50	1.34	-0.81	-2.39	45571	0.060	-0.061	0.722	0.003	-0.010	3.693
6.937	0.063	-0.060	0.551	-0.52	0.63	1.48	1.19	-1.10	-2.64	45499	0.061	-0.061	0.722	0.004	-0.010	3.680
6.947	0.063	-0.060	0.551	-0.50	0.64	1.45	0.98	0.02	-2.69	45509	0.062	-0.061	0.722	0.004	-0.009	3.667
6.957	0.063	-0.062	0.552	-0.48	0.64	1.43	2.09	0.43	-3.38	45525	0.063	-0.061	0.722	0.004	-0.010	3.654
6.967	0.063	-0.062	0.551	-0.46	0.64	1.39	2.04	1.62	-3.40	45518	0.063	-0.061	0.721	0.004	-0.010	3.641
6.977	0.063	-0.062	0.552	-0.44	0.63	1.36	2.85	1.13	-3.65	45654	0.064	-0.062	0.721	0.004	-0.010	3.628
6.987	0.064	-0.062	0.552	-0.41	0.61	1.32	2.65	1.44	-3.58	45661	0.065	-0.062	0.721	0.004	-0.010	3.616
6.997	0.064	-0.061	0.552	-0.39	0.60	1.28	2.46	2.05	-3.54	45682	0.065	-0.062	0.720	0.003	-0.010	3.603
7.007	0.066	-0.061	0.552	-0.36	0.57	1.25	2.62	2.47	-3.17	45713	0.066	-0.062	0.720	0.003	-0.010	3.590
7.017	0.066	-0.061	0.553	-0.34	0.55	1.22	2.98	1.71	-3.27	45673	0.067	-0.062	0.720	0.003	-0.010	3.578
7.027	0.066	-0.061	0.553	-0.31	0.53	1.18	3.31	1.27	-3.14	45693	0.067	-0.062	0.719	0.003	-0.009	3.565
7.035	0.066	-0.061	0.553	-0.28	0.51	1.15	2.94	1.45	-2.96	45725	0.068	-0.062	0.719	0.003	-0.009	3.552
7.047	0.075	-0.061	0.553	-0.25	0.44	1.12	1.16	0.88	-3.33	45736	0.069	-0.062	0.719	0.004	-0.009	3.540
7.057	0.075	-0.061	0.554	-0.23	0.43	1.09	1.92	0.78	-3.53	45740	0.071	-0.062	0.718	0.004	-0.009	3.527
7.067	0.077	-0.062	0.554	-0.21	0.42	1.06	2.22	0.39	-3.10	45735	0.072	-0.062	0.718	0.004	-0.009	3.515
7.077	0.077	-0.064	0.554	-0.17	0.42	1.02	1.60	-0.70	-3.43	45754	0.073	-0.062	0.718	0.004	-0.009	3.502
7.087	0.078	-0.064	0.554	-0.16	0.42	0.99	1.24	-0.91	-3.11	45752	0.075	-0.062	0.717	0.004	-0.010	3.490
7.097	0.078	-0.062	0.555	-0.16	0.43	0.95	0.45	-1.11	-3.40	45755	0.076	-0.062	0.717	0.005	-0.010	3.478
7.108	0.078	-0.062	0.556	-0.15	0.44	0.92	0.04	-1.05	-3.14	45591	0.077	-0.062	0.717	0.005	-0.010	3.466
7.117	0.081	-0.062	0.556	-0.15	0.43	0.89	0.57	-1.81	-3.29	45600	0.078	-0.062	0.717	0.005	-0.010	3.453
7.128	0.082	-0.062	0.556	-0.14	0.44	0.86	0.60	-0.89	-3.34	45594	0.079	-0.062	0.716	0.005	-0.010	3.441
7.137	0.083	-0.062	0.556	-0.14	0.45	0.82	0.14	-2.58	-3.51	45594	0.080	-0.062	0.716	0.005	-0.009	3.429
7.148	0.083	-0.062	0.555	-0.14	0.48	0.79	2.30	-3.03	-3.52	45605	0.082	-0.062	0.715	0.005	-0.009	3.417
7.158	0.084	-0.062	0.555	-0.12	0.51	0.75	1.96	-3.17	-3.76	45917	0.083	-0.062	0.715	0.005	-0.009	3.405
7.167	0.085	-0.062	0.555	-0.10	0.53	0.71	2.37	-2.15	-3.49	45930	0.084	-0.063	0.714	0.005	-0.009	3.393
7.177	0.084	-0.061	0.555	-0.08	0.56	0.68	3.12	-2.33	-3.29	45950	0.085	-0.062	0.714	0.005	-0.009	3.381
7.189	0.084	-0.061	0.554	-0.05	0.59	0.64	2.99	-1.89	-3.18	45976	0.085	-0.062	0.713	0.005	-0.009	3.369
7.197	0.085	-0.061	0.554	-0.02	0.60	0.61	2.81	-0.71	-2.95	46303	0.086	-0.062	0.712	0.005	-0.009	3.357
7.207	0.084	-0.059	0.554	-0.00	0.62	0.58	2.00	-0.51	-2.59	46314	0.087	-0.062	0.711	0.005	-0.009	3.345
7.217	0.085	-0.059	0.553	0.02	0.62	0.55	1.44	0.07	-2.81	46319	0.087	-0.062	0.711	0.005	-0.009	3.333
7.227	0.085	-0.062	0.553	0.05	0.62	0.53	1.09	1.00	-2.83	46338	0.088	-0.062	0.710	0.005	-0.009	3.321
7.237	0.085	-0.061	0.554	0.06	0.61	0.50	0.18	2.95	-2.85	46255	0.088	-0.062	0.710	0.005	-0.009	3.309
7.247	0.085	-0.061	0.554	0.06	0.58	0.47	-0.14	2.51	-3.27	46260	0.089	-0.062	0.709	0.004	-0.009	3.297
7.257	0.086	-0.059	0.554	0.05	0.55	0.44	-0.64	3.52	-3.50	46248	0.089	-0.061	0.709	0.004	-0.009	3.285
7.267	0.088	-0.061	0.554	0.05	0.51	0.41	-0.23	3.19	-3.36	46250	0.090	-0.061	0.708	0.004	-0.009	3.274
7.277	0.088	-0.061	0.554	0.05	0.47	0.38	-1.80	3.20	-3.11	46259	0.091	-0.061	0.707	0.004	-0.009	3.262
7.288	0.088	-0.061	0.554	0.03	0.44	0.34	-1.46	2.33	-3.05	46264	0.091	-0.061	0.707	0.004	-0.009	3.251
7.296	0.090	-0.061	0.554	0.01	0.41	0.31	-1.96	0.43	-2.68	46259	0.092	-0.061	0.706	0.004	-0.009	3.239
7.307	0.091	-0.061	0.554	-0.01	0.40	0.29	-1.58	1.50	-2.58	46259	0.093	-0.061	0.706	0.004	-0.009	3.227
7.317	0.091	-0.061	0.554	-0.02	0.39	0.26	-2.56	-0.41	-2.57	46267	0.093	-0.061	0.705	0.003	-0.009	3.216
7.327	0.091	-0.061	0.555	-0.05	0.39	0.23	-2.08	-0.05	-2.04	46071	0.094	-0.061	0.705	0.003	-0.009	3.205
7.338	0.091	-0.061	0.555	-0.07	0.39	0.21	-2.31	-0.47	-2.63	46065	0.094	-0.061	0.705	0.003	-0.009	3.193
7.347	0.089	-0.061	0.555	-0.09	0.41	0.18	-1.31	-0.58	-2.45	46052	0.095	-0.061	0.704	0.003	-0.009	3.182
7.358	0.089	-0.061	0.555	-0.10	0.42	0.16	-0.12	-2.24	-2.72	46056	0.095	-0.061	0.704	0.003	-0.009	3.171
7.366	0.089	-0.061	0.555	-0.10	0.44	0.13	0.41	-2.96	-2.67	46059	0.095	-0.061	0.703	0.002	-0.009	3.159
7.378	0.091	-0.061	0.555	-0.10	0.46	0.10	1.18	-1.10	-2.70	46222	0.095	-0.061	0.703	0.002	-0.009	3.148
7.387	0.095	-0.059	0.555	-0.09	0.45	0.08	3.42	-1.16	-2.42	46222	0.096	-0.061	0.702	0.002	-0.009	3.137
7.397	0.088	-0.062	0.555	-0.04	0.50	0.05	4.31	-0.74	-2.15	46227	0.096	-0.061	0.702	0.002	-0.009	3.126
7.407	0.094	-0.063	0.555	0.00	0.47	0.03	3.70	-0.70	-2.29	46237	0.097	-0.061	0.701	0.002	-0.009	3.115
7.416	0.095	-0.063	0.555	0.04	0.47	0.01	3.20	1.06	-1.56	46144	0.097	-0.062	0.701	0.001	-0.009	3.104
7.427	0.095	-0.061	0.555	0.06	0.47	-0.01	2.46	1.23	-1.89	46153	0.098	-0.062	0.701	0.001	-0.009	3.093
7.437	0.095	-0.064	0.555	0.10	0.45	-0.03	2.65	1.99	-1.53	46152	0.098	-0.062	0.700	0.001	-0.009	3.082
7.447	0.089	-0.064	0.555	0.13	0.47	-0.04	1.35	2.99	-1.15	46154	0.098	-0.062	0.700	0.001	-0.009	3.071
7.456	0.096	-0.064	0.556	0.14	0.40	-0.06	0.27	3.91	-1.85	46118	0.099	-0.063	0.699	0.000	-0.009	3.060
7.467	0.096	-0.062	0.556	0.13	0.36	-0.07	-0.22	2.06	-1.15	46122	0.099	-0.063	0.699	0.000	-0.009	3.049
7.478	0.090	-0.062	0.556	0.13	0.37	-0.09	-1.54	2.45	-1.31	46111	0.099	-0.063	0.698	-0.000	-0.009	3.038
7.488	0.097	-0.064	0.556	0.12	0.31	-0.10	-1.73	2.18	-1.30	46112	0.100	-0.063	0.698	-0.000	-0.009	3.027
7.497	0.099	-0.061	0.555	0.09	0.27	-0.11	-2.59	2.77	-1.38	46112	0.100	-0.063	0.697	-0.000	-0.009	3.016
7.507	0.108	-0.063	0.555	0.07	0.20	-0.13	-3.72	1.08	-1.51	46234	0.102	-0.063	0.697	-0.000	-0.009	3.006
7.516	0.108	-0.063	0.555	0.04	0.19	-0.14	-2.77	1.65	-0.99	46235	0.104	-0.063	0.696	0.000	-0.009	2.995
7.528	0.108	-0.064	0.555	0.02	0.17	-0.15	-2.93	2.42	-0.88	46233	0.105	-0.063	0.696	0.000	-0.009	2.984
7.538	0.109	-0.064	0.555	-0.01	0.15	-0.16	-3.65	2.07	-0.77	46236	0.106	-0.063	0.695	0.000	-0.009	2.974
7.547	0.109	-0.064	0.555	-0.05	0.13	-0.17	-2.71	0.65	-0.70	46180	0.108	-0.063	0.695	0.001	-0.009	2.963
7.556	0.109	-0.064	0.556	-0.08	0.12	-0.17	-3.05	1.33	-0.96	46189	0.109	-0.064	0.694	0.001	-0.009	2.953
7.567	0.106	-0.064	0.556	-0.11	0.13	-0.18	-2.54	-0.62	-0.69	46185	0.109	-0.064	0.694	0.000	-0.009	2.942
7.578	0.107	-0.064	0.556	-0.13	0.13	-0.19	-0.93	-1.16	-0.70	46181	0.110	-0.064	0.693	0.000	-0.009	2.932
7.586	0.108	-0.066	0.555	-0.13	0.13	-0.20	-0.71	-2.90	-0.66	46191	0.111	-0.064	0.693	0.000	-0.009	2.921
7.596	0.105	-0.070	0.555	-0.11	0.18	-0.21	0.34	-3.04	-0.54	46306	0.111	-0.065	0.692	-0.000	-0.010	2.911
7.607	0.107	-0.066	0.555	-0.13	0.20	-0.21	0.52	-2.93	-1.00	46297	0.111	-0.065	0.692	-0.000	-0.010	2.900
7.616	0.107	-0.066	0.555	-0.13	0.23	-0.22	1.58	-4.55	-1.01	46293	0.112	-0.065	0.691	-0.001	-0.010	2.890
7.626	0.108	-0.073	0.554	-0.07	0.27	-0.23	0.86	-2.91	-0.75	46301	0.112	-0.066	0.690	-0.001	-0.010	2.880
7.638	0.107	-0.066	0.554	-0.10	0.31	-0.24	0.43	-3.51	-0.84	46449	0.112	-0.066	0.690	-0.001	-0.010	2.869
7.646	0.109	-0.073	0.554	-0.06	0.33	-0.25	1.01	-2.86	-0.65	46456	0.113	-0.067	0.689	-0.001	-0.010	2.859
7.656	0.112	-0.067	0.554	-0.09	0.34	-0.25	0.32	-1.09	-0.54	46469	0.114	-0.067	0.689	-0.001	-0.010	2.849
7.667	0.112	-0.064	0.554	-0.09	0.36	-0.26	0.16	-0.95	-0.43	46477	0.114	-0.067	0.688	-0.001	-0.010	2.839
7.678	0.112	-0.064	0.554	-0.09	0.37	-0.26	0.44	0.46	-0.52	46426	0.115	-0.067	0.687	-0.002	-0.010	2.829
7.688	0.112	-0.067	0.554	-0.08	0.36	-0.27	-0.70	-0.56	-0.95	46434	0.115	-0.067	0.687	-0.002	-0.010	2.819
7.696	0.112	-0.069	0.554	-0.07	0.37	-0.28	0.68	1.65	-0.58	46428	0.116	-0.067	0.686	-0.002	-0.010	2.809
7.707	0.112	-0.069	0.554	-0.07	0.35	-0.28	0.71	0.10	-0.39	46435	0.116	-0.067	0.686	-0.002	-0.010	2.799
7.718	0.114	-0.069	0.553	-0.06	0.34	-0.29	0.12	0.86	-0.74	46438	0.117	-0.068	0.685	-0.002	-0.010	2.789
7.727	0.114	-0.069	0.553	-0.06	0.33	-0.30	0.07	1.14	-0.48	46600	0.117	-0.068	0.685	-0.003	-0.010	2.779
7.737	0.114	-0.069	0.553	-0.06	0.32	-0.30	0.48	1.30	0.07	46596	0.118	-0.068	0.684	-0.003	-0.010	2.769
7.746	0.116	-0.065	0.553	-0.08	0.31	-0.30	0.42	-0.11	-0.29	46595	0.119	-0.068	0.683	-0.003	-0.010	2.759
7.754	0.116	-0.065	0.553	-0.07	0.30	-0.30	-0.15	-1.18	0.34	46609	0.119	-0.068	0.683	-0.003	-0.010	2.749
7.763	0.116	-0.071	0.554	-0.04	0.32	-0.30	-0.34	-0.70	0.58	46404	0.120	-0.068	0.683	-0.003	-0.010	2.739
7.777	0.118	-0.075	0.554	-0.03	0.31	-0.29	-0.39	-1.20	0.70	46407	0.120	-0.069	0.682	-0.003	-0.010	2.730
7.787	0.118	-0.076	0.554	-0.03	0.32	-0.29	-0.20	-0.58	0.24	46399	0.121	-0.070	0.682	-0.003	-0.011	2.720
7.798	0.118	-0.076	0.554	-0.04	0.33	-0.29	-0.88	-1.18	0.27	46377	0.121	-0.071	0.681	-0.004	-0.011	2.710
7.806	0.118	-0.076	0.554	-0.05	0.34	-0.28	-1.04	-0.34	0.59	46367	0.122	-0.071	0.681	-0.004	-0.011	2.701
7.817	0.118	-0.076	0.554	-0.06	0.34	-0.28	-1.27	-0.37	0.47	46382	0.122	-0.072	0.680	-0.004	-0.011	2.691
7.827	0.119	-0.076	0.554	-0.07	0.35	-0.27	-1.19	-0.48	0.23	46377	0.123	-0.073	0.680	-0.004	-0.011	2.681
7.837	0.121	-0.076	0.554	-0.09	0.34	-0.27	-1.72	0.25	0.08	46350	0.123	-0.073	0.680	-0.004	-0.012	2.672
7.847	0.121	-0.077	0.554	-0.10	0.34	-0.27	-2.18	1.34	-0.00	46322	0.124	-0.074	0.679	-0.005	-0.012	2.662
7.858	0.121	-0.077	0.555	-0.12	0.33	-0.27	-2.84	1.60	-0.24	46237	0.125	-0.074	0.679	-0.005	-0.012	2.653
7.866	0.121	-0.078	0.555	-0.15	0.31	-0.27	-2.65	1.77	-0.16	46220	0.125	-0.075	0.678	-0.005	-0.012	2.644
7.879	0.119	-0.082	0.555	-0.15	0.31	-0.28	-3.05	1.09	0.08	46207	0.125	-0.076	0.678	-0.005	-0.012	2.634
7.887	0.121	-0.078	0.555	-0.20	0.28	-0.27	-2.80	1.58	0.15	46190	0.126	-0.076	0.678	-0.005	-0.012	2.625
7.897	0.121	-0.076	0.555	-0.24	0.26	-0.27	-2.63	0.78	0.30	46146	0.126	-0.076	0.677	-0.006	-0.012	2.616
7.907	0.122	-0.076	0.555	-0.27	0.25	-0.27	-2.02	0.93	-0.23	46135	0.126	-0.077	0.677	-0.006	-0.012	2.606
7.917	0.119	-0.082	0.555	-0.26	0.26	-0.27	-1.66	0.07	-0.24	46128	0.126	-0.077	0.676	-0.006	-0.013	2.597
7.927	0.119	-0.082	0.555	-0.28	0.26	-0.28	-1.76	-0.40	-0.15	46107	0.126	-0.078	0.676	-0.007	-0.013	2.588
7.938	0.119	-0.082	0.555	-0.29	0.26	-0.28	-0.79	-0.25	-0.76	46079	0.126	-0.079	0.676	-0.007	-0.013	2.579
7.947	0.119	-0.083	0.555	-0.30	0.26	-0.29	0.68	-0.75	-0.54	46093	0.126	-0.079	0.675	-0.007	-0.013	2.570
7.957	0.120	-0.083	0.555	-0.30	0.27	-0.29	-1.37	-0.81	-0.45	46106	0.126	-0.080	0.675	-0.008	-0.013	2.561
7.968	0.122	-0.076	0.555	-0.35	0.26	-0.30	-8.15	-1.15	-0.28	46105	0.127	-0.080	0.674	-0.008	-0.013	2.552
7.977	0.121	-0.078	0.556	-0.42	0.27	-0.30	-17.41	-0.92	-0.41	46096	0.127	-0.080	0.674	-0.008	-0.013	2.543
7.987	0.124	-0.072	0.557	-0.62	0.27	-0.31	-28.33	0.02	-0.47	45908	0.127	-0.079	0.674	-0.008	-0.013	2.534
7.997	0.123	-0.079	0.557	-0.86	0.27	-0.31	-39.96	-0.33	-1.25	45904	0.128	-0.079	0.673	-0.009	-0.013	2.525
8.008	0.126	-0.083	0.557	-1.23	0.27	-0.32	-48.54	0.13	-1.16	45900	0.128	-0.080	0.673	-0.009	-0.013	2.516
8.017	0.123	-0.072	0.557	-1.77	0.28	-0.33	-56.88	-0.17	-1.35	45908	0.128	-0.079	0.673	-0.009	-0.012	2.507
8.027	0.123	-0.074	0.556	-2.33	0.28	-0.34	-62.50	0.13	-1.59	46192	0.129	-0.078	0.672	-0.009	-0.012	2.499
8.039	0.126	-0.073	0.556	-2.95	0.27	-0.36	-65.15	0.64	-1.56	46195	0.129	-0.078	0.672	-0.009	-0.012	2.490
8.048	0.126	-0.072	0.556	-3.60	0.26	-0.37	-63.08	1.68	-1.38	46190	0.129	-0.077	0.671	-0.010	-0.012	2.481
8.056	0.126	-0.073	0.556	-4.23	0.25	-0.39	-58.44	1.01	-1.52	46181	0.130	-0.077	0.671	-0.010	-0.012	2.472
8.066	0.126	-0.077	0.557	-4.80	0.24	-0.40	-51.07	0.43	-1.37	46178	0.130	-0.077	0.670	-0.010	-0.012	2.464
8.077	0.126	-0.076	0.557	-5.31	0.23	-0.42	-39.88	0.93	-1.16	45988	0.130	-0.077	0.670	-0.010	-0.012	2.455
8.087	0.126	-0.084	0.557	-5.67	0.23	-0.43	-29.91	0.37	-1.37	45958	0.131	-0.077	0.669	-0.010	-0.012	2.447
8.098	0.128	-0.081	0.557	-5.99	0.21	-0.44	-20.14	-0.49	-1.90	45931	0.131	-0.077	0.669	-0.011	-0.012	2.438
8.106	0.128	-0.086	0.557	-6.17	0.22	-0.45	-10.06	-0.05	-1.10	45923	0.131	-0.078	0.669	-0.011	-0.012	2.430
8.117	0.127	-0.088	0.557	-6.26	0.23	-0.47	0.53	-1.98	-0.99	45915	0.132	-0.079	0.668	-0.011	-0.013	2.421
8.127	0.126	-0.084	0.557	-6.28	0.26	-0.47	8.70	-6.12	-0.84	45903	0.132	-0.079	0.668	-0.011	-0.013	2.413
8.137	0.126	-0.085	0.557	-6.18	0.32	-0.48	15.80	-11.39	-0.72	45906	0.132	-0.079	0.667	-0.012	-0.013	2.404
8.147	0.127	-0.079	0.557	-6.04	0.43	-0.47	22.09	-18.19	-0.63	45921	0.132	-0.079	0.667	-0.012	-0.014	2.396
8.158	0.127	-0.085	0.556	-5.79	0.62	-0.45	24.26	-24.23	-0.25	46169	0.132	-0.079	0.666	-0.012	-0.014	2.388
8.167	0.124	-0.080	0.556	-5.56	0.88	-0.43	26.73	-30.13	-0.30	46168	0.132	-0.078	0.666	-0.013	-0.014	2.380
8.177	0.122	-0.083	0.556	-5.25	1.23	-0.41	26.23	-34.68	0.07	46194	0.132	-0.078	0.665	-0.013	-0.014	2.371
8.187	0.118	-0.080	0.556	-4.99	1.60	-0.38	24.52	-37.36	0.17	46215	0.131	-0.077	0.664	-0.014	-0.014	2.363
8.196	0.126	-0.081	0.557	-4.74	1.93	-0.34	22.34	-37.94	-0.31	46227	0.131	-0.077	0.664	-0.014	-0.015	2.355
8.206	0.128	-0.079	0.557	-4.53	2.30	-0.31	18.79	-37.13	0.12	46187	0.132	-0.076	0.663	-0.014	-0.015	2.347
8.218	0.126	-0.077	0.557	-4.33	2.71	-0.28	15.24	-34.32	-0.05	46218	0.132	-0.075	0.663	-0.015	-0.015	2.339
8.227	0.125	-0.070	0.556	-4.22	3.05	-0.26	12.66	-29.78	-0.13	46258	0.132	-0.073	0.662	-0.015	-0.015	2.331
8.235	0.119	-0.073	0.556	-4.06	3.39	-0.24	9.41	-24.76	0.03	46287	0.132	-0.072	0.662	-0.016	-0.015	2.323
8.248	0.130	-0.076	0.556	-3.96	3.56	-0.22	7.51	-18.94	-0.03	46343	0.133	-0.071	0.661	-0.016	-0.015	2.315
8.257	0.132	-0.076	0.556	-3.87	3.72	-0.21	7.69	-13.49	0.02	46345	0.134	-0.071	0.661	-0.016	-0.015	2.307
8.267	0.131	-0.069	0.556	-3.83	3.83	-0.20	6.36	-6.66	0.01	46354	0.134	-0.069	0.660	-0.016	-0.015	2.299
8.275	0.130	-0.067	0.556	-3.76	3.88	-0.19	8.02	-1.11	0.47	46378	0.135	-0.067	0.660	-0.016	-0.015	2.291
8.286	0.131	-0.062	0.556	-3.68	3.87	-0.18	9.24	2.19	1.06	46324	0.136	-0.065	0.659	-0.017	-0.015	2.283
8.298	0.132	-0.066	0.556	-3.66	3.86	-0.18	14.80	3.03	1.20	46333	0.137	-0.064	0.659	-0.017	-0.015	2.275
8.306	0.133	-0.059	0.556	-3.56	3.82	-0.17	21.28	1.71	1.12	46324	0.137	-0.062	0.658	-0.017	-0.015	2.268
8.317	0.132	-0.057	0.556	-3.38	3.80	-0.16	30.52	-1.28	1.01	46321	0.138	-0.059	0.658	-0.017	-0.015	2.260
8.326	0.132	-0.051	0.556	-3.14	3.80	-0.15	37.33	-5.48	1.25	46324	0.139	-0.057	0.657	-0.018	-0.014	2.252
8.337	0.129	-0.053	0.556	-2.77	3.84	-0.14	43.24	-9.69	1.09	46416	0.139	-0.055	0.657	-0.018	-0.014	2.245
8.346	0.127	-0.051	0.556	-2.37	3.91	-0.12	49.37	-13.35	0.97	46397	0.139	-0.052	0.656	-0.019	-0.014	2.237
8.357	0.127	-0.050	0.556	-1.90	4.03	-0.11	52.63	-16.61	1.27	46393	0.139	-0.050	0.656	-0.019	-0.014	2.229
8.368	0.123	-0.045	0.554	-1.40	4.20	-0.09	53.71	-18.21	1.38	46403	0.139	-0.048	0.655	-0.020	-0.014	2.222
8.374	0.121	-0.036	0.554	-0.90	4.38	-0.07	53.46	-18.54	1.49	46694	0.138	-0.044	0.654	-0.021	-0.014	2.214
8.386	0.121	-0.046	0.554	-0.30	4.56	-0.07	49.49	-17.54	1.00	46704	0.138	-0.043	0.654	-0.022	-0.014	2.206
8.397	0.119	-0.034	0.554	0.16	4.75	-0.05	45.08	-15.89	1.42	46707	0.137	-0.040	0.653	-0.023	-0.014	2.199
8.406	0.121	-0.038	0.554	0.67	4.90	-0.04	39.86	-13.10	1.11	46725	0.137	-0.038	0.652	-0.024	-0.014	2.191
8.415	0.121	-0.028	0.554	1.05	5.04	-0.02	32.83	-8.08	0.59	46713	0.137	-0.035	0.652	-0.024	-0.013	2.184
8.427	0.121	-0.026	0.553	1.41	5.14	-0.02	25.90	-3.24	0.46	46741	0.137	-0.032	0.651	-0.025	-0.013	2.177
8.436	0.120	-0.018	0.553	1.67	5.19	-0.00	17.98	1.31	0.90	46753	0.136	-0.028	0.651	-0.026	-0.012	2.169
8.445	0.120	-0.021	0.553	1.92	5.19	-0.00	11.45	5.38	1.19	46768	0.136	-0.025	0.650	-0.027	-0.012	2.162
8.457	0.117	-0.022	0.553	2.08	5.16	0.00	8.69	9.56	0.74	46772	0.136	-0.023	0.650	-0.028	-0.012	2.154
8.466	0.120	-0.019	0.553	2.17	5.06	0.02	9.64	12.99	1.34	46777	0.136	-0.021	0.649	-0.029	-0.012	2.147
8.475	0.120	-0.015	0.553	2.25	4.94	0.04	12.79	16.39	1.36	46777	0.136	-0.018	0.649	-0.029	-0.012	2.140
8.485	0.118	-0.014	0.553	2.36	4.79	0.06	19.70	17.45	1.56	46773	0.136	-0.016	0.648	-0.030	-0.012	2.133
8.496	0.115	-0.012	0.554	2.52	4.63	0.08	26.18	19.47	1.84	46765	0.135	-0.014	0.648	-0.031	-0.012	2.126
8.508	0.122	-0.019	0.554	2.81	4.40	0.10	33.17	19.23	1.95	46460	0.136	-0.013	0.647	-0.032	-0.012	2.118
8.517	0.122	-0.014	0.554	3.09	4.20	0.14	39.57	18.60	1.77	46416	0.136	-0.011	0.647	-0.033	-0.012	2.111
8.522	0.119	-0.014	0.554	3.47	4.01	0.16	43.63	17.81	1.62	46395	0.136	-0.010	0.647	-0.034	-0.012	2.104
8.538	0.115	-0.013	0.553	4.35	3.67	0.22	45.48	16.02	1.08	46385	0.136	-0.009	0.646	-0.035	-0.013	2.097
8.546	0.117	-0.010	0.553	4.33	3.66	0.22	45.49	13.65	1.22	46420	0.136	-0.007	0.646	-0.036	-0.013	2.090
8.557	0.116	-0.007	0.553	4.78	3.50	0.25	41.67	10.35	0.97	46399	0.135	-0.006	0.646	-0.037	-0.013	2.083
8.566	0.113	-0.005	0.553	5.21	3.39	0.27	36.39	7.70	0.70	46388	0.135	-0.004	0.645	-0.038	-0.013	2.076
8.574	0.110	-0.001	0.553	5.59	3.30	0.29	29.65	6.05	0.46	46393	0.134	-0.003	0.645	-0.039	-0.013	2.069
8.586	0.108	0.000	0.553	5.92	3.24	0.30	21.44	4.38	0.64	46511	0.133	-0.001	0.644	-0.040	-0.013	2.062
8.597	0.103	0.006	0.553	6.15	3.20	0.32	12.38	3.82	0.52	46524	0.131	0.001	0.644	-0.042	-0.013	2.056
8.606	0.101	0.006	0.553	6.32	3.16	0.33	4.61	4.34	0.83	46545	0.130	0.003	0.643	-0.043	-0.012	2.049
8.617	0.098	0.006	0.553	6.41	3.12	0.34	-3.05	5.09	0.39	46558	0.128	0.004	0.643	-0.045	-0.012	2.042
8.626	0.095	0.007	0.553	6.41	3.08	0.35	-8.70	7.29	0.45	46580	0.126	0.005	0.642	-0.046	-0.012	2.035
8.637	0.093	0.008	0.553	6.35	3.02	0.36	-9.90	11.80	-0.06	46573	0.124	0.007	0.642	-0.048	-0.012	2.028
8.644	0.085	0.011	0.553	6.24	2.96	0.37	-8.42	18.12	-0.37	46584	0.122	0.008	0.641	-0.050	-0.012	2.022
8.656	0.083	0.011	0.552	6.15	2.81	0.39	-4.82	24.75	-0.51	46584	0.119	0.009	0.641	-0.052	-0.012	2.015
8.666	0.085	0.011	0.552	6.09	2.56	0.40	1.01	30.97	-0.59	46582	0.117	0.010	0.640	-0.053	-0.012	2.008
8.678	0.085	0.010	0.551	6.08	2.26	0.42	6.87	36.94	-0.17	46742	0.115	0.010	0.640	-0.055	-0.012	2.001
8.686	0.080	0.010	0.551	6.13	1.93	0.46	12.46	42.79	0.18	46740	0.113	0.011	0.639	-0.056	-0.012	1.995
8.697	0.078	0.006	0.551	6.26	1.52	0.50	16.26	45.36	-0.22	46754	0.111	0.010	0.638	-0.058	-0.012	1.988
8.707	0.084	0.003	0.551	6.42	1.03	0.54	19.77	45.77	-0.65	46753	0.109	0.010	0.638	-0.059	-0.012	1.982
8.716	0.072	0.008	0.549	6.57	0.63	0.60	20.85	44.39	0.19	47189	0.107	0.010	0.637	-0.061	-0.012	1.975
8.726	0.072	0.006	0.548	6.79	0.16	0.64	20.14	40.65	-0.53	47200	0.104	0.009	0.636	-0.063	-0.013	1.968
8.734	0.070	0.004	0.548	7.01	-0.26	0.69	16.34	35.55	-0.38	47217	0.102	0.009	0.635	-0.064	-0.013	1.962
8.746	0.072	0.004	0.548	7.19	-0.67	0.73	12.00	28.85	-0.33	47216	0.100	0.008	0.635	-0.066	-0.013	1.955
8.756	0.067	0.003	0.547	7.33	-0.97	0.76	5.91	21.98	-0.48	47220	0.098	0.007	0.634	-0.067	-0.013	1.948
8.767	0.064	0.005	0.546	7.40	-1.22	0.80	-0.74	15.20	-0.35	47439	0.095	0.006	0.633	-0.069	-0.013	1.942
8.777	0.060	0.006	0.546	7.41	-1.39	0.82	-8.17	8.95	-0.01	47457	0.092	0.006	0.632	-0.070	-0.013	1.935
8.786	0.060	0.007	0.546	7.36	-1.52	0.83	-14.36	5.23	-0.15	47464	0.090	0.006	0.631	-0.072	-0.013	1.929
8.796	0.060	0.004	0.546	7.25	-1.61	0.83	-18.34	5.04	-0.64	47466	0.088	0.005	0.631	-0.073	-0.013	1.922
8.808	0.056	0.000	0.545	7.10	-1.64	0.83	-21.66	7.94	-0.45	47440	0.085	0.003	0.630	-0.075	-0.014	1.916
8.817	0.056	-0.004	0.545	6.91	-1.72	0.83	-22.42	14.27	-0.81	47442	0.083	0.001	0.629	-0.076	-0.014	1.910
8.827	0.056	-0.003	0.545	6.68	-1.85	0.83	-22.29	20.20	-0.10	47429	0.081	-0.000	0.629	-0.077	-0.014	1.903
8.836	0.052	-0.005	0.545	6.46	-2.02	0.85	-21.20	27.07	-0.85	47393	0.078	-0.002	0.628	-0.079	-0.014	1.897
8.847	0.058	-0.004	0.542	6.24	-2.31	0.86	-19.80	32.83	-0.99	47370	0.077	-0.003	0.627	-0.080	-0.014	1.890
8.856	0.051	-0.004	0.542	6.02	-2.59	0.89	-18.35	37.22	-1.33	47776	0.075	-0.005	0.627	-0.081	-0.014	1.884
8.864	0.051	-0.006	0.542	5.83	-2.95	0.91	-15.83	39.26	-1.17	47753	0.073	-0.006	0.626	-0.082	-0.014	1.878
8.877	0.052	-0.013	0.541	5.69	-3.36	0.93	-14.44	38.46	-0.97	47715	0.071	-0.009	0.625	-0.083	-0.014	1.871
8.887	0.047	-0.012	0.539	5.53	-3.73	0.97	-12.50	36.71	-0.90	47683	0.069	-0.011	0.624	-0.084	-0.014	1.865
8.896	0.044	-0.012	0.539	5.39	-4.10	1.00	-13.17	31.69	-0.93	48038	0.066	-0.012	0.623	-0.085	-0.014	1.858
8.906	0.045	-0.016	0.538	5.28	-4.46	1.02	-13.36	25.26	-1.02	48031	0.064	-0.015	0.622	-0.086	-0.014	1.852
8.916	0.045	-0.018	0.538	5.15	-4.75	1.03	-14.77	18.53	-0.78	48016	0.062	-0.017	0.621	-0.087	-0.014	1.846
8.927	0.040	-0.021	0.538	5.01	-4.95	1.04	-15.67	11.87	-1.10	47980	0.060	-0.019	0.621	-0.088	-0.015	1.839
8.936	0.041	-0.024	0.537	4.86	-5.12	1.04	-17.03	4.85	-1.51	48004	0.058	-0.022	0.620	-0.089	-0.015	1.833
8.946	0.040	-0.024	0.537	4.68	-5.20	1.03	-18.57	-1.05	-2.00	48006	0.056	-0.024	0.619	-0.089	-0.015	1.827
8.956	0.040	-0.025	0.537	4.49	-5.23	1.01	-21.02	-6.76	-2.31	47987	0.054	-0.026	0.619	-0.090	-0.015	1.821
8.966	0.039	-0.030	0.537	4.31	-5.19	0.98	-23.49	-6.60	-1.98	47951	0.052	-0.029	0.618	-0.091	-0.015	1.814
8.976	0.038	-0.033	0.537	4.08	-5.13	0.96	-26.83	-4.26	-1.83	47934	0.050	-0.032	0.618	-0.091	-0.015	1.808
8.987	0.038	-0.036	0.537	3.83	-5.08	0.93	-30.02	0.57	-1.55	47791	0.048	-0.034	0.617	-0.092	-0.015	1.802
8.997	0.038	-0.040	0.537	3.55	-5.07	0.91	-32.26	6.05	-0.98	47750	0.047	-0.038	0.617	-0.092	-0.015	1.796
9.006	0.039	-0.040	0.536	3.22	-5.12	0.89	-34.94	12.73	-1.29	47700	0.045	-0.040	0.617	-0.093	-0.015	1.790
9.015	0.039	-0.044	0.536	2.89	-5.22	0.89	-35.24	18.79	-1.94	47659	0.044	-0.043	0.616	-0.093	-0.015	1.784
9.026	0.039	-0.046	0.536	2.53	-5.39	0.88	-35.34	22.88	-1.62	47648	0.043	-0.046	0.616	-0.093	-0.015	1.778
9.037	0.042	-0.049	0.536	2.17	-5.63	0.86	-35.32	24.91	-1.53	47607	0.042	-0.049	0.615	-0.093	-0.015	1.772
9.046	0.039	-0.050	0.536	1.80	-5.85	0.85	-33.45	25.09	-2.14	47560	0.041	-0.052	0.615	-0.093	-0.015	1.766
9.055	0.041	-0.057	0.536	1.48	-6.11	0.84	-31.11	22.28	-2.06	47490	0.040	-0.055	0.615	-0.093	-0.015	1.760
9.067	0.042	-0.054	0.538	1.11	-6.36	0.81	-28.69	17.68	-2.65	47438	0.039	-0.058	0.615	-0.093	-0.015	1.754
9.076	0.039	-0.060	0.538	0.83	-6.54	0.80	-24.90	11.32	-2.22	47003	0.038	-0.061	0.615	-0.093	-0.015	1.748
9.087	0.040	-0.061	0.538	0.54	-6.69	0.77	-20.43	3.79	-2.28	46951	0.037	-0.064	0.615	-0.093	-0.014	1.742
9.096	0.041	-0.063	0.538	0.31	-6.77	0.75	-16.73	-3.51	-2.29	46885	0.036	-0.066	0.615	-0.093	-0.014	1.737
9.106	0.040	-0.064	0.539	0.11	-6.76	0.73	-14.13	-9.98	-2.26	46815	0.035	-0.069	0.615	-0.092	-0.014	1.731
9.118	0.038	-0.068	0.539	-0.04	-6.68	0.71	-10.93	-16.85	-2.57	46726	0.034	-0.071	0.615	-0.092	-0.014	1.725
9.125	0.035	-0.074	0.539	-0.14	-6.52	0.70	-10.63	-22.52	-2.16	46680	0.033	-0.074	0.615	-0.092	-0.014	1.719
9.136	0.038	-0.076	0.539	-0.26	-6.33	0.67	-12.23	-24.12	-2.07	46622	0.032	-0.077	0.615	-0.092	-0.014	1.714
9.146	0.036	-0.075	0.540	-0.40	-6.08	0.65	-16.67	-22.44	-1.87	46573	0.030	-0.080	0.614	-0.091	-0.014	1.708
9.156	0.039	-0.082	0.540	-0.52	-5.86	0.63	-21.52	-20.25	-2.15	46531	0.030	-0.083	0.614	-0.091	-0.013	1.702
9.166	0.039	-0.085	0.540	-0.72	-5.64	0.62	-27.94	-15.62	-1.90	46504	0.029	-0.086	0.614	-0.090	-0.013	1.697
9.176	0.041	-0.084	0.541	-1.00	-5.47	0.59	-32.84	-10.98	-2.30	46468	0.029	-0.088	0.614	-0.090	-0.013	1.691
9.185	0.044	-0.088	0.541	-1.31	-5.36	0.57	-36.44	-6.16	-2.68	46433	0.029	-0.091	0.614	-0.089	-0.013	1.686
9.195	0.044	-0.091	0.541	-1.66	-5.26	0.55	-39.07	-1.48	-3.13	46401	0.029	-0.094	0.614	-0.088	-0.013	1.680
9.207	0.045	-0.094	0.541	-2.04	-5.23	0.52	-39.07	1.64	-3.07	46379	0.028	-0.096	0.614	-0.087	-0.013	1.675
9.215	0.046	-0.097	0.542	-2.44	-5.22	0.49	-39.41	5.05	-3.13	46354	0.028	-0.099	0.614	-0.086	-0.013	1.669
9.226	0.046	-0.099	0.542	-2.83	-5.25	0.46	-35.68	5.86	-2.67	46321	0.028	-0.102	0.614	-0.086	-0.012	1.664
9.237	0.047	-0.105	0.542	-3.19	-5.30	0.43	-32.05	5.80	-2.90	46277	0.028	-0.105	0.613	-0.085	-0.012	1.658
9.246	0.048	-0.103	0.542	-3.56	-5.36	0.39	-26.70	4.04	-3.17	46326	0.028	-0.107	0.613	-0.084	-0.012	1.653
9.256	0.052	-0.107	0.542	-3.85	-5.42	0.35	-21.30	1.23	-2.90	46290	0.029	-0.110	0.613	-0.082	-0.012	1.648
9.265	0.050	-0.111	0.543	-4.07	-5.42	0.33	-13.30	-2.35	-2.51	46277	0.029	-0.112	0.613	-0.081	-0.012	1.642
9.276	0.051	-0.115	0.543	-4.23	-5.40	0.31	-7.69	-7.11	-2.68	46259	0.029	-0.115	0.613	-0.080	-0.012	1.637
9.285	0.053	-0.116	0.546	-4.35	-5.34	0.28	-1.02	-11.71	-2.55	46226	0.030	-0.118	0.613	-0.079	-0.012	1.632
9.295	0.056	-0.117	0.546	-4.40	-5.25	0.26	2.35	-17.07	-2.06	45782	0.030	-0.120	0.613	-0.078	-0.012	1.627
9.306	0.054	-0.119	0.546	-4.40	-5.07	0.25	2.69	-20.99	-1.57	45758	0.031	-0.122	0.613	-0.077	-0.012	1.622
9.316	0.060	-0.121	0.547	-4.37	-4.91	0.25	-0.18	-24.56	-1.61	45738	0.032	-0.124	0.613	-0.075	-0.012	1.617
9.326	0.059	-0.123	0.550	-4.36	-4.64	0.25	-5.53	-26.69	-1.37	45722	0.032	-0.126	0.614	-0.074	-0.011	1.612
9.336	0.062	-0.124	0.551	-4.39	-4.38	0.25	-11.88	-27.50	-1.32	45151	0.033	-0.128	0.615	-0.072	-0.011	1.607
9.346	0.063	-0.125	0.551	-4.49	-4.10	0.26	-17.91	-28.26	-1.60	45143	0.034	-0.129	0.615	-0.071	-0.011	1.602
9.356	0.067	-0.128	0.552	-4.63	-3.83	0.27	-22.93	-27.04	-1.74	45132	0.036	-0.131	0.615	-0.069	-0.011	1.597
9.366	0.070	-0.129	0.552	-4.85	-3.56	0.27	-27.20	-26.57	-2.40	45110	0.037	-0.133	0.615	-0.068	-0.011	1.593
9.375	0.072	-0.129	0.555	-5.11	-3.27	0.27	-30.41	-25.45	-2.88	44660	0.039	-0.134	0.616	-0.066	-0.010	1.588
9.387	0.078	-0.131	0.556	-5.40	-3.03	0.26	-30.84	-22.61	-2.32	44653	0.041	-0.136	0.617	-0.064	-0.010	1.583
9.396	0.078	-0.128	0.557	-5.74	-2.77	0.25	-28.40	-20.40	-2.52	44648	0.043	-0.136	0.617	-0.062	-0.010	1.579
9.405	0.081	-0.131	0.557	-6.02	-2.56	0.26	-25.48	-16.71	-2.19	44648	0.045	-0.137	0.617	-0.061	-0.009	1.574
9.414	0.082	-0.130	0.562	-6.30	-2.35	0.25	-20.37	-14.57	-1.96	44650	0.047	-0.138	0.618	-0.059	-0.009	1.570
9.425	0.088	-0.136	0.563	-6.50	-2.22	0.26	-12.78	-13.03	-2.10	43919	0.049	-0.139	0.619	-0.057	-0.009	1.566
9.436	0.089	-0.135	0.563	-6.67	-2.06	0.25	-5.05	-11.10	-2.18	43894	0.052	-0.140	0.620	-0.055	-0.009	1.561
9.447	0.092	-0.135	0.564	-6.76	-1.94	0.24	2.74	-10.59	-2.22	43891	0.054	-0.141	0.620	-0.053	-0.008	1.557
9.457	0.096	-0.137	0.567	-6.76	-1.83	0.24	9.80	-10.88	-2.30	43891	0.057	-0.141	0.621	-0.051	-0.008	1.553
9.466	0.096	-0.139	0.568	-6.69	-1.70	0.23	14.32	-13.04	-2.63	43523	0.059	-0.142	0.622	-0.049	-0.008	1.549
9.477	0.100	-0.140	0.568	-6.56	-1.59	0.22	15.26	-16.50	-1.62	43523	0.062	-0.143	0.622	-0.047	-0.008	1.545
9.486	0.105	-0.141	0.569	-6.41	-1.46	0.22	13.60	-22.10	-2.09	43556	0.065	-0.144	0.623	-0.045	-0.008	1.541
9.495	0.103	-0.141	0.570	-6.26	-1.22	0.22	11.25	-25.11	-1.23	43593	0.067	-0.144	0.623	-0.043	-0.007	1.537
9.505	0.111	-0.142	0.571	-6.14	-1.02	0.23	5.29	-29.96	-1.00	43608	0.070	-0.145	0.623	-0.041	-0.007	1.533
9.517	0.109	-0.142	0.571	-6.06	-0.70	0.25	0.31	-33.12	-0.98	43609	0.072	-0.145	0.624	-0.039	-0.007	1.529
9.526	0.114	-0.141	0.572	-6.04	-0.40	0.27	-3.74	-36.03	-0.73	43665	0.075	-0.145	0.624	-0.037	-0.007	1.525
9.536	0.118	-0.138	0.573	-6.08	-0.06	0.29	-7.47	-37.40	-0.60	43727	0.078	-0.145	0.624	-0.035	-0.007	1.521
9.545	0.120	-0.139	0.573	-6.13	0.31	0.33	-9.97	-37.25	-0.95	43778	0.082	-0.144	0.624	-0.033	-0.006	1.517
9.555	0.118	-0.138	0.574	-6.23	0.72	0.35	-10.82	-35.39	-1.06	43769	0.084	-0.144	0.624	-0.032	-0.006	1.513
9.566	0.127	-0.136	0.574	-6.35	1.03	0.39	-10.22	-33.22	-0.89	43824	0.087	-0.143	0.624	-0.030	-0.006	1.510
9.577	0.127	-0.137	0.575	-6.45	1.40	0.41	-8.37	-28.32	-0.98	43892	0.090	-0.143	0.624	-0.028	-0.005	1.506
9.586	0.132	-0.135	0.574	-6.56	1.70	0.44	-5.81	-23.71	-0.71	43937	0.094	-0.142	0.624	-0.026	-0.005	1.502
9.595	0.129	-0.135	0.574	-6.62	2.00	0.45	-0.91	-17.82	-0.96	44292	0.096	-0.141	0.623	-0.024	-0.005	1.498
9.606	0.138	-0.135	0.574	-6.65	2.15	0.48	3.61	-13.33	-0.82	44369	0.100	-0.140	0.623	-0.022	-0.005	1.495
9.617	0.138	-0.136	0.574	-6.62	2.33	0.49	9.39	-8.33	-0.76	44437	0.103	-0.140	0.622	-0.021	-0.004	1.491
9.625	0.142	-0.135	0.575	-6.55	2.42	0.49	14.81	-5.41	-0.77	44504	0.106	-0.139	0.622	-0.019	-0.004	1.487
9.636	0.145	-0.134	0.576	-6.42	2.49	0.49	18.15	-4.44	-0.87	44401	0.110	-0.138	0.622	-0.017	-0.004	1.484
9.646	0.144	-0.131	0.576	-6.28	2.57	0.48	20.34	-7.79	-0.07	44474	0.113	-0.137	0.622	-0.015	-0.004	1.481
9.657	0.147	-0.129	0.576	-6.08	2.63	0.49	21.16	-11.39	-0.99	44541	0.115	-0.135	0.621	-0.014	-0.003	1.477
9.665	0.152	-0.121	0.576	-5.93	2.70	0.49	21.44	-16.89	-0.74	44603	0.119	-0.133	0.621	-0.012	-0.003	1.474
9.676	0.155	-0.123	0.575	-5.69	2.85	0.50	19.78	-23.53	-0.35	44698	0.122	-0.131	0.620	-0.011	-0.002	1.470
9.687	0.157	-0.123	0.575	-5.47	3.06	0.51	19.08	-28.28	-0.35	44911	0.125	-0.129	0.620	-0.009	-0.002	1.467
9.694	0.160	-0.122	0.575	-5.27	3.31	0.54	16.59	-33.10	-0.64	44975	0.129	-0.127	0.619	-0.007	-0.002	1.464
9.705	0.164	-0.120	0.575	-5.10	3.61	0.56	14.88	-35.77	-0.51	45050	0.132	-0.126	0.619	-0.006	-0.002	1.460
9.716	0.163	-0.119	0.573	-4.94	3.99	0.58	13.16	-37.22	-0.86	45132	0.135	-0.124	0.618	-0.004	-0.001	1.457
9.725	0.169	-0.116	0.573	-4.82	4.32	0.61	11.20	-36.45	-0.99	45554	0.139	-0.122	0.617	-0.003	-0.001	1.453
9.738	0.167	-0.117	0.572	-4.68	4.73	0.62	10.80	-32.91	-1.30	45633	0.142	-0.120	0.616	-0.002	-0.001	1.450
9.746	0.172	-0.111	0.572	-4.60	5.04	0.65	9.74	-28.38	-0.65	45703	0.145	-0.117	0.615	-0.000	-0.000	1.447
9.756	0.171	-0.112	0.572	-4.48	5.37	0.66	9.85	-22.07	-1.03	45786	0.148	-0.115	0.615	0.001	-0.000	1.444
9.766	0.172	-0.108	0.571	-4.39	5.63	0.67	11.49	-15.58	-0.45	45896	0.151	-0.113	0.614	0.002	0.000	1.440
9.776	0.178	-0.105	0.571	-4.29	5.78	0.68	12.16	-8.87	-0.27	45976	0.154	-0.111	0.613	0.003	0.000	1.437
9.785	0.178	-0.105	0.570	-4.15	5.92	0.69	12.88	-0.33	-1.65	46040	0.157	-0.108	0.612	0.004	0.001	1.434
9.797	0.180	-0.103	0.570	-4.02	5.96	0.68	16.02	4.45	-0.50	46111	0.160	-0.106	0.612	0.005	0.001	1.431
9.805	0.181	-0.103	0.568	-3.86	5.94	0.67	19.41	6.21	0.15	46183	0.163	-0.104	0.611	0.006	0.001	1.428
9.815	0.183	-0.100	0.567	-3.69	5.89	0.66	22.11	4.43	0.04	46572	0.166	-0.102	0.610	0.007	0.001	1.424
9.826	0.183	-0.097	0.567	-3.48	5.84	0.66	26.78	0.99	0.13	46637	0.168	-0.099	0.609	0.008	0.001	1.421
9.835	0.183	-0.093	0.566	-3.24	5.82	0.65	29.95	-3.30	0.67	46689	0.171	-0.097	0.608	0.008	0.001	1.418
9.846	0.182	-0.095	0.564	-2.92	5.85	0.65	32.22	-8.68	0.65	46748	0.173	-0.095	0.606	0.009	0.001	1.415
9.855	0.185	-0.082	0.563	-2.70	5.90	0.68	33.73	-14.73	0.34	47108	0.175	-0.091	0.605	0.009	0.002	1.411
9.864	0.185	-0.086	0.562	-2.31	6.03	0.68	33.88	-17.97	0.29	47176	0.177	-0.089	0.604	0.010	0.002	1.408
9.876	0.184	-0.083	0.561	-1.97	6.21	0.68	33.62	-21.14	1.12	47234	0.179	-0.086	0.603	0.010	0.002	1.405
9.886	0.186	-0.083	0.561	-1.61	6.40	0.70	32.78	-19.90	1.10	47300	0.181	-0.084	0.602	0.010	0.002	1.402
9.895	0.188	-0.076	0.561	-1.31	6.58	0.73	31.39	-18.50	0.59	47208	0.183	-0.081	0.601	0.010	0.002	1.399
9.906	0.187	-0.072	0.560	-1.00	6.79	0.73	29.11	-14.94	0.79	47260	0.185	-0.077	0.601	0.010	0.002	1.396
9.915	0.187	-0.071	0.559	-0.68	6.96	0.74	25.37	-9.50	0.73	47304	0.186	-0.075	0.600	0.010	0.003	1.393
9.926	0.187	-0.069	0.558	-0.41	7.09	0.75	21.25	-3.83	0.23	47352	0.188	-0.072	0.599	0.010	0.003	1.390
9.935	0.188	-0.065	0.556	-0.19	7.16	0.76	17.46	2.92	-0.18	47403	0.190	-0.069	0.598	0.010	0.003	1.387
9.945	0.188	-0.059	0.555	-0.02	7.16	0.76	13.24	9.72	-0.87	47716	0.191	-0.065	0.597	0.010	0.003	1.383
9.953	0.189	-0.063	0.555	0.18	7.08	0.75	11.52	14.32	-0.96	47777	0.193	-0.063	0.596	0.010	0.003	1.380
9.966	0.189	-0.060	0.554	0.30	6.95	0.74	12.70	16.52	-1.27	47818	0.194	-0.060	0.595	0.010	0.003	1.377
9.975	0.189	-0.051	0.552	0.37	6.80	0.74	15.65	17.86	-1.93	47858	0.195	-0.057	0.594	0.009	0.004	1.374
9.985	0.190	-0.048	0.551	0.51	6.61	0.73	19.32	17.03	-2.75	48093	0.197	-0.054	0.593	0.009	0.004	1.371
9.995	0.188	-0.047	0.550	0.71	6.45	0.70	24.47	16.22	-3.54	48116	0.198	-0.051	0.592	0.009	0.004	1.368
10.006	0.187	-0.050	0.549	0.99	6.29	0.65	28.28	14.89	-4.27	48152	0.199	-0.048	0.591	0.008	0.004	1.364
10.017	0.187	-0.043	0.549	1.22	6.12	0.63	32.56	11.15	-4.51	48186	0.199	-0.045	0.590	0.007	0.004	1.361
10.025	0.187	-0.039	0.548	1.53	5.99	0.59	34.95	8.88	-4.78	48176	0.200	-0.042	0.589	0.007	0.004	1.358
10.032	0.186	-0.036	0.547	1.87	5.89	0.55	35.22	6.45	-5.69	48202	0.201	-0.039	0.588	0.006	0.004	1.355
10.045	0.181	-0.026	0.546	2.17	5.84	0.51	33.30	4.83	-6.40	48220	0.201	-0.036	0.587	0.005	0.005	1.352
10.055	0.180	-0.024	0.545	2.52	5.78	0.45	29.20	4.36	-6.67	48247	0.201	-0.032	0.587	0.004	0.005	1.349
10.066	0.181	-0.014	0.544	2.78	5.72	0.41	24.65	4.94	-6.49	48301	0.201	-0.028	0.586	0.003	0.006	1.346
10.076	0.181	-0.009	0.543	3.04	5.66	0.35	19.36	7.00	-6.49	48330	0.201	-0.023	0.585	0.002	0.007	1.342
10.086	0.179	-0.003	0.543	3.24	5.59	0.30	13.70	9.82	-6.12	48364	0.201	-0.019	0.584	0.001	0.008	1.339
10.097	0.181	-0.007	0.542	3.46	5.48	0.23	9.08	13.18	-5.97	48389	0.201	-0.015	0.583	-0.000	0.008	1.336
10.105	0.177	0.009	0.540	3.47	5.38	0.20	4.50	16.15	-5.68	48397	0.201	-0.010	0.583	-0.002	0.009	1.333
10.116	0.175	0.012	0.539	3.54	5.23	0.15	1.44	18.91	-5.18	48642	0.201	-0.006	0.582	-0.003	0.010	1.330
10.125	0.173	0.014	0.538	3.57	5.05	0.11	1.06	21.01	-4.98	48664	0.200	-0.001	0.581	-0.004	0.011	1.326
10.135	0.165	0.012	0.537	3.63	4.90	0.05	4.85	23.96	-4.58	48687	0.199	0.002	0.580	-0.006	0.011	1.323
10.146	0.167	0.011	0.536	3.69	4.64	0.01	11.94	25.81	-3.91	48704	0.198	0.005	0.579	-0.007	0.011	1.320
10.156	0.164	0.009	0.536	3.82	4.39	-0.03	19.38	26.67	-3.14	48750	0.196	0.008	0.578	-0.009	0.011	1.317
10.167	0.165	0.012	0.535	3.97	4.11	-0.04	27.93	27.52	-2.08	48747	0.195	0.010	0.578	-0.011	0.012	1.314
10.176	0.163	0.010	0.534	4.24	3.83	-0.06	35.72	27.58	-2.03	48729	0.194	0.012	0.577	-0.012	0.012	1.310
10.186	0.161	0.006	0.533	4.62	3.54	-0.08	39.93	27.12	-1.98	48712	0.193	0.013	0.576	-0.014	0.011	1.307
10.195	0.159	0.014	0.534	4.95	3.26	-0.05	42.61	25.34	-1.92	48694	0.192	0.015	0.576	-0.016	0.011	1.304
10.207	0.159	0.009	0.534	5.42	2.98	-0.07	41.70	23.71	-1.47	48355	0.191	0.016	0.575	-0.017	0.011	1.301
10.214	0.162	0.010	0.533	5.85	2.69	-0.06	37.54	22.69	-1.71	48332	0.190	0.016	0.575	-0.019	0.010	1.298
10.225	0.160	0.012	0.533	6.25	2.46	-0.05	31.36	21.49	-1.16	48309	0.189	0.017	0.575	-0.020	0.010	1.294
10.236	0.157	0.012	0.531	6.60	2.24	-0.04	22.89	20.93	-0.58	48290	0.188	0.018	0.574	-0.022	0.010	1.291
10.246	0.154	0.021	0.531	6.81	2.03	-0.00	13.45	17.76	0.22	48432	0.187	0.019	0.574	-0.023	0.010	1.288
10.257	0.155	0.023	0.530	6.98	1.81	0.02	3.38	16.29	0.65	48417	0.186	0.021	0.573	-0.025	0.010	1.285
10.268	0.148	0.023	0.530	7.06	1.68	0.04	-6.82	12.73	1.37	48400	0.184	0.022	0.573	-0.027	0.010	1.281
10.277	0.146	0.025	0.529	7.03	1.54	0.07	-13.50	9.32	1.96	48399	0.182	0.023	0.572	-0.028	0.010	1.278
10.285	0.144	0.025	0.530	6.93	1.43	0.10	-19.06	6.98	2.46	48238	0.180	0.024	0.572	-0.030	0.010	1.275
10.296	0.143	0.024	0.529	6.78	1.34	0.12	-20.86	6.18	2.38	48209	0.179	0.025	0.572	-0.032	0.010	1.272
10.305	0.143	0.023	0.529	6.59	1.26	0.15	-18.78	7.54	2.58	48166	0.177	0.025	0.571	-0.034	0.010	1.269
10.311	0.142	0.024	0.529	6.39	1.18	0.18	-14.43	9.92	2.85	48124	0.175	0.026	0.571	-0.036	0.010	1.265
10.325	0.137	0.020	0.529	6.26	1.11	0.21	-7.85	12.95	3.52	48070	0.173	0.025	0.571	-0.037	0.010	1.262
10.336	0.134	0.020	0.529	6.15	1.00	0.25	-0.48	17.34	4.13	47898	0.171	0.025	0.571	-0.039	0.009	1.259
10.344	0.134	0.019	0.528	6.11	0.83	0.31	6.38	22.19	4.95	47838	0.169	0.024	0.570	-0.041	0.009	1.256
10.357	0.131	0.017	0.528	6.17	0.64	0.37	11.76	25.65	5.38	47771	0.167	0.024	0.570	-0.043	0.009	1.253
10.365	0.129	0.017	0.528	6.26	0.40	0.44	15.92	27.48	5.84	47703	0.165	0.023	0.570	-0.045	0.009	1.249
10.377	0.126	0.015	0.527	6.42	0.15	0.53	16.43	27.76	5.80	47783	0.162	0.022	0.570	-0.047	0.008	1.246
10.385	0.123	0.013	0.527	6.59	-0.12	0.61	15.23	27.24	5.48	47741	0.160	0.020	0.569	-0.048	0.008	1.243
10.393	0.126	0.011	0.527	6.77	-0.44	0.69	11.07	24.80	5.92	47704	0.158	0.019	0.569	-0.050	0.007	1.240
10.405	0.128	0.009	0.527	6.91	-0.72	0.77	6.54	20.82	5.96	47654	0.157	0.017	0.569	-0.052	0.007	1.237
10.415	0.119	0.011	0.525	6.98	-0.89	0.87	0.03	14.98	6.27	47597	0.154	0.016	0.568	-0.053	0.007	1.233
10.426	0.116	0.011	0.525	7.00	-1.05	0.95	-6.15	8.30	7.01	47821	0.152	0.015	0.568	-0.055	0.006	1.230
10.435	0.116	0.010	0.525	6.97	-1.18	1.03	-12.26	1.63	7.21	47780	0.149	0.013	0.567	-0.057	0.006	1.227
10.446	0.115	0.008	0.525	6.88	-1.23	1.10	-17.73	-3.43	6.75	47742	0.147	0.012	0.567	-0.058	0.006	1.224
10.456	0.113	0.009	0.525	6.71	-1.21	1.17	-22.00	-7.02	6.31	47688	0.145	0.011	0.567	-0.060	0.006	1.221
10.466	0.110	0.003	0.524	6.55	-1.15	1.22	-24.64	-8.03	6.15	47700	0.142	0.009	0.566	-0.062	0.006	1.217
10.475	0.113	0.006	0.524	6.28	-1.10	1.27	-24.98	-5.23	5.34	47641	0.141	0.007	0.566	-0.063	0.006	1.214
10.484	0.108	0.004	0.524	6.03	-1.01	1.33	-23.85	0.11	4.62	47595	0.138	0.005	0.566	-0.065	0.006	1.211
10.495	0.107	0.001	0.524	5.80	-0.99	1.37	-21.28	8.38	4.23	47528	0.136	0.004	0.566	-0.066	0.005	1.208
10.504	0.105	-0.002	0.523	5.60	-1.03	1.42	-18.33	17.73	3.71	47787	0.134	0.001	0.565	-0.068	0.005	1.205
10.515	0.104	-0.000	0.523	5.37	-1.17	1.47	-14.47	25.68	3.55	47715	0.132	-0.000	0.565	-0.069	0.005	1.202
10.525	0.104	-0.009	0.523	5.27	-1.41	1.52	-12.51	34.13	2.53	47661	0.130	-0.003	0.564	-0.070	0.005	1.198
10.536	0.103	-0.008	0.523	5.11	-1.71	1.58	-9.96	38.77	1.95	47591	0.128	-0.005	0.564	-0.072	0.005	1.195
10.545	0.101	-0.013	0.521	5.04	-2.08	1.62	-9.85	42.22	0.89	47517	0.126	-0.008	0.563	-0.073	0.005	1.192
10.555	0.105	-0.017	0.521	4.95	-2.54	1.66	-10.33	41.25	-0.10	47851	0.125	-0.011	0.563	-0.074	0.004	1.189
10.566	0.100	-0.019	0.521	4.72	-3.35	1.73	-12.21	39.07	-0.49	47798	0.123	-0.014	0.562	-0.075	0.004	1.186
10.575	0.100	-0.019	0.521	4.72	-3.35	1.73	-14.51	34.59	-1.11	47748	0.121	-0.016	0.562	-0.076	0.004	1.183
10.586	0.096	-0.028	0.521	4.64	-3.70	1.75	-16.61	26.94	-0.85	47693	0.119	-0.020	0.562	-0.077	0.003	1.179
10.596	0.095	-0.026	0.519	4.45	-4.01	1.77	-19.27	19.04	-1.46	47942	0.117	-0.023	0.561	-0.078	0.003	1.176
10.605	0.093	-0.028	0.519	4.28	-4.24	1.78	-22.99	11.71	-2.06	47898	0.115	-0.026	0.561	-0.079	0.003	1.173
10.616	0.092	-0.032	0.519	4.06	-4.39	1.77	-24.64	4.05	-2.89	47858	0.112	-0.029	0.560	-0.080	0.003	1.170
10.626	0.088	-0.031	0.519	3.51	-4.47	1.73	-27.20	-1.67	-3.43	47800	0.110	-0.031	0.560	-0.081	0.003	1.167
10.636	0.088	-0.031	0.517	3.52	-4.47	1.73	-30.35	-3.97	-3.77	47736	0.108	-0.034	0.559	-0.082	0.003	1.164
10.646	0.089	-0.033	0.517	2.88	-4.44	1.64	-32.69	-1.83	-4.08	48006	0.106	-0.036	0.559	-0.083	0.003	1.160
10.656	0.089	-0.033	0.517	2.88	-4.44	1.64	-34.33	3.17	-4.22	47956	0.104	-0.038	0.559	-0.084	0.004	1.157
10.665	0.086	-0.045	0.517	2.62	-4.42	1.60	-35.22	7.76	-4.28	47914	0.102	-0.042	0.558	-0.085	0.003	1.154
10.676	0.089	-0.043	0.517	2.22	-4.51	1.55	-35.01	13.74	-4.32	47855	0.101	-0.045	0.558	-0.086	0.004	1.151
10.687	0.088	-0.051	0.518	1.53	-4.79	1.47	-33.73	20.42	-4.36	47843	0.099	-0.048	0.558	-0.086	0.003	1.148
10.696	0.088	-0.051	0.518	1.53	-4.79	1.47	-32.63	24.13	-4.96	47794	0.098	-0.051	0.558	-0.087	0.003	1.145
10.706	0.088	-0.056	0.518	0.87	-5.28	1.38	-29.55	26.71	-4.64	47740	0.096	-0.054	0.558	-0.087	0.003	1.142
10.715	0.089	-0.058	0.518	0.88	-5.29	1.38	-27.14	27.95	-5.27	47676	0.095	-0.058	0.557	-0.087	0.003	1.139
10.726	0.087	-0.061	0.519	0.30	-5.81	1.28	-24.72	25.06	-5.08	47532	0.094	-0.061	0.557	-0.088	0.003	1.136
10.733	0.087	-0.061	0.519	0.30	-5.81	1.28	-20.78	21.26	-5.31	47472	0.092	-0.064	0.557	-0.088	0.003	1.133
10.746	0.090	-0.068	0.519	-0.13	-6.27	1.17	-18.37	15.48	-5.40	47425	0.092	-0.067	0.558	-0.088	0.003	1.130
10.754	0.090	-0.068	0.519	-0.13	-6.27	1.17	-15.43	9.87	-5.45	47362	0.091	-0.070	0.558	-0.088	0.003	1.127
10.762	0.087	-0.077	0.520	-0.44	-6.44	1.07	-12.90	2.58	-5.44	47295	0.089	-0.073	0.558	-0.088	0.003	1.124
10.768	0.087	-0.077	0.520	-0.44	-6.44	1.07	-10.44	-5.13	-5.69	47114	0.088	-0.077	0.558	-0.088	0.003	1.121
10.787	0.088	-0.082	0.521	-0.67	-6.35	0.95	-9.60	-12.15	-6.15	47071	0.087	-0.080	0.558	-0.088	0.003	1.119
10.797	0.088	-0.082	0.521	-0.67	-6.35	0.95	-8.82	-17.99	-6.03	47014	0.086	-0.083	0.558	-0.088	0.003	1.116
10.799	0.091	-0.090	0.523	-0.87	-6.01	0.83	-11.00	-20.83	-5.83	46955	0.086	-0.087	0.559	-0.088	0.003	1.113
10.810	0.091	-0.090	0.523	-0.87	-6.01	0.83	-15.32	-21.27	-6.08	46652	0.085	-0.090	0.559	-0.087	0.003	1.110
10.826	0.090	-0.094	0.524	-1.20	-5.57	0.72	-20.28	-19.27	-5.66	46600	0.085	-0.093	0.560	-0.087	0.003	1.108
10.826	0.090	-0.094	0.524	-1.20	-5.57	0.72	-27.34	-15.71	-6.32	46543	0.084	-0.096	0.560	-0.087	0.003	1.105
10.845	0.092	-0.098	0.525	-1.76	-5.27	0.60	-31.34	-9.90	-6.19	46495	0.084	-0.099	0.560	-0.086	0.003	1.102
10.851	0.093	-0.099	0.529	-1.77	-5.26	0.60	-35.76	-5.13	-6.69	46461	0.083	-0.102	0.561	-0.086	0.003	1.100
10.859	0.093	-0.105	0.530	-2.48	-5.15	0.48	-38.52	0.45	-6.40	45674	0.083	-0.105	0.562	-0.085	0.003	1.097
10.875	0.093	-0.105	0.530	-2.48	-5.15	0.48	-39.52	5.07	-6.21	45607	0.083	-0.107	0.563	-0.085	0.003	1.095
10.875	0.096	-0.110	0.532	-3.28	-5.24	0.34	-38.29	8.09	-6.32	45562	0.083	-0.110	0.564	-0.084	0.003	1.093
10.891	0.096	-0.110	0.534	-3.28	-5.23	0.34	-35.14	10.71	-5.91	45518	0.082	-0.113	0.565	-0.084	0.003	1.090
10.891	0.099	-0.116	0.536	-4.00	-5.41	0.21	-30.45	8.50	-5.46	45013	0.083	-0.116	0.566	-0.083	0.003	1.088
10.908	0.099	-0.116	0.536	-4.00	-5.41	0.21	-25.29	7.62	-5.50	44955	0.083	-0.118	0.566	-0.082	0.003	1.086
10.924	0.100	-0.122	0.537	-4.51	-5.54	0.09	-18.57	4.54	-5.61	44906	0.083	-0.121	0.567	-0.081	0.003	1.083
10.936	0.100	-0.122	0.537	-4.51	-5.54	0.09	-11.21	0.41	-5.35	44869	0.083	-0.124	0.568	-0.080	0.003	1.081
10.940	0.106	-0.132	0.544	-4.72	-5.53	0.00	-4.98	-4.34	-4.66	43907	0.084	-0.127	0.569	-0.079	0.003	1.079
10.956	0.106	-0.132	0.544	-4.72	-5.53	0.00	2.49	-8.78	-3.61	43857	0.085	-0.130	0.571	-0.078	0.003	1.077
10.956	0.109	-0.135	0.547	-4.72	-5.34	-0.07	5.97	-13.71	-3.90	43820	0.085	-0.133	0.572	-0.077	0.003	1.075
10.973	0.109	-0.135	0.547	-4.72	-5.34	-0.07	6.38	-18.05	-3.71	43809	0.086	-0.135	0.573	-0.076	0.003	1.073
10.973	0.111	-0.138	0.552	-4.60	-4.97	-0.12	4.57	-21.68	-3.24	43786	0.087	-0.137	0.574	-0.074	0.003	1.072
10.988	0.115	-0.140	0.552	-4.58	-5.00	-0.11	-0.09	-23.93	-3.03	43245	0.088	-0.140	0.575	-0.073	0.003	1.070
11.004	0.117	-0.142	0.554	-4.62	-4.49	-0.14	-6.69	-25.96	-2.59	43256	0.090	-0.142	0.576	-0.072	0.003	1.068
11.012	0.117	-0.142	0.554	-4.62	-4.49	-0.14	-13.41	-27.41	-2.59	43268	0.091	-0.144	0.577	-0.070	0.003	1.066
11.020	0.119	-0.144	0.559	-4.90	-3.92	-0.16	-20.10	-27.67	-1.87	43283	0.092	-0.146	0.579	-0.069	0.003	1.065
11.037	0.119	-0.144	0.559	-4.90	-3.92	-0.16	-23.60	-26.86	-1.86	42793	0.093	-0.147	0.580	-0.068	0.003	1.063
11.037	0.123	-0.145	0.560	-5.14	-3.62	-0.15	-27.61	-26.12	-2.88	42803	0.095	-0.149	0.581	-0.066	0.004	1.062
11.053	0.125	-0.147	0.561	-5.40	-3.35	-0.15	-26.82	-24.26	-2.34	42824	0.096	-0.150	0.581	-0.065	0.004	1.060
11.053	0.125	-0.148	0.562	-5.67	-3.08	-0.15	-24.92	-22.07	-1.91	42841	0.098	-0.152	0.582	-0.063	0.004	1.059
11.075	0.130	-0.147	0.563	-5.95	-2.87	-0.15	-22.89	-19.31	-1.37	42774	0.100	-0.153	0.583	-0.062	0.004	1.057
11.085	0.132	-0.147	0.564	-6.21	-2.65	-0.16	-18.31	-17.76	-1.00	42803	0.101	-0.154	0.583	-0.060	0.005	1.056
11.089	0.135	-0.148	0.565	-6.41	-2.47	-0.15	-12.61	-15.31	-0.27	42845	0.103	-0.154	0.584	-0.059	0.005	1.054
11.103	0.136	-0.150	0.566	-6.54	-2.29	-0.13	-6.09	-12.68	0.36	42890	0.105	-0.155	0.584	-0.057	0.005	1.053
11.103	0.139	-0.151	0.569	-6.63	-2.15	-0.11	0.77	-10.52	0.91	42930	0.107	-0.156	0.585	-0.056	0.005	1.052
11.118	0.145	-0.153	0.569	-6.64	-2.06	-0.09	7.34	-9.09	1.34	42694	0.110	-0.157	0.586	-0.054	0.006	1.050
11.136	0.148	-0.154	0.570	-6.60	-1.96	-0.07	12.32	-9.87	1.85	42744	0.112	-0.157	0.586	-0.052	0.006	1.049
11.145	0.148	-0.155	0.571	-6.49	-1.85	-0.04	14.28	-11.35	2.00	42791	0.115	-0.158	0.587	-0.050	0.006	1.048
11.154	0.151	-0.155	0.572	-6.35	-1.74	-0.01	13.71	-15.21	2.12	42860	0.117	-0.159	0.587	-0.049	0.006	1.047
11.154	0.154	-0.157	0.572	-6.20	-1.62	0.03	11.01	-19.12	2.14	42991	0.120	-0.159	0.587	-0.047	0.006	1.046
11.167	0.157	-0.157	0.573	-6.08	-1.45	0.06	6.66	-23.80	3.66	43055	0.122	-0.160	0.587	-0.045	0.006	1.045
11.183	0.158	-0.158	0.573	-5.99	-1.21	0.11	1.51	-29.42	4.25	43148	0.125	-0.160	0.587	-0.043	0.006	1.044
11.189	0.161	-0.158	0.574	-5.96	-0.94	0.18	-4.12	-33.30	4.52	43255	0.127	-0.160	0.587	-0.042	0.007	1.043
11.201	0.165	-0.157	0.573	-5.99	-0.64	0.25	-8.36	-37.46	5.45	43652	0.130	-0.161	0.587	-0.040	0.007	1.041
11.217	0.163	-0.156	0.573	-6.06	-0.25	0.33	-11.72	-40.65	5.20	43746	0.132	-0.160	0.587	-0.038	0.007	1.040
11.224	0.170	-0.153	0.573	-6.20	0.10	0.42	-13.90	-40.42	4.74	43855	0.135	-0.160	0.586	-0.037	0.007	1.039
11.228	0.173	-0.152	0.573	-6.32	0.51	0.52	-14.13	-39.84	5.00	43972	0.138	-0.159	0.586	-0.035	0.008	1.038
11.240	0.176	-0.151	0.571	-6.48	0.90	0.61	-12.94	-37.15	5.26	44073	0.141	-0.158	0.585	-0.033	0.008	1.037
11.255	0.178	-0.151	0.571	-6.62	1.27	0.70	-9.45	-33.13	5.62	44719	0.144	-0.158	0.585	-0.032	0.008	1.036
11.257	0.183	-0.151	0.571	-6.73	1.60	0.81	-5.10	-28.47	5.45	44829	0.148	-0.157	0.584	-0.030	0.009	1.035
11.275	0.186	-0.150	0.570	-6.80	1.90	0.90	1.04	-21.73	5.18	44917	0.151	-0.156	0.583	-0.028	0.009	1.034
11.278	0.196	-0.151	0.569	-6.80	2.07	0.99	6.33	-15.83	5.63	45021	0.155	-0.155	0.582	-0.026	0.009	1.033
11.289	0.199	-0.150	0.569	-6.77	2.24	1.07	11.44	-10.04	5.49	45314	0.160	-0.154	0.582	-0.024	0.009	1.032
11.306	0.200	-0.153	0.569	-6.64	2.38	1.14	14.91	-11.23	5.45	45415	0.163	-0.154	0.581	-0.022	0.009	1.031
11.306	0.203	-0.152	0.568	-6.50	2.48	1.21	16.48	-12.27	4.43	45512	0.167	-0.153	0.580	-0.020	0.009	1.031
11.322	0.207	-0.146	0.566	-6.40	2.56	1.27	16.84	-16.71	4.00	45601	0.171	-0.152	0.579	-0.018	0.010	1.029
11.322	0.210	-0.145	0.565	-6.23	2.70	1.33	15.22	-21.98	3.89	46173	0.175	-0.150	0.578	-0.017	0.010	1.029
11.338	0.210	-0.144	0.564	-6.08	2.92	1.38	13.56	-27.27	3.27	46268	0.179	-0.149	0.577	-0.015	0.010	1.028
11.356	0.211	-0.144	0.564	-5.92	3.18	1.43	11.88	-33.02	3.20	46367	0.182	-0.147	0.576	-0.014	0.010	1.027
11.356	0.207	-0.144	0.563	-5.79	3.54	1.48	10.62	-37.38	2.87	46479	0.184	-0.146	0.575	-0.013	0.011	1.026
11.372	0.217	-0.141	0.561	-5.69	3.83	1.57	9.48	-39.78	2.15	46845	0.188	-0.144	0.574	-0.011	0.011	1.025
11.372	0.215	-0.140	0.560	-5.59	4.26	1.62	9.59	-39.83	1.42	46930	0.191	-0.143	0.573	-0.010	0.011	1.024
11.390	0.217	-0.136	0.559	-5.51	4.66	1.67	10.29	-37.84	1.50	47031	0.194	-0.141	0.572	-0.009	0.011	1.023
11.404	0.219	-0.133	0.558	-5.43	5.04	1.73	11.51	-33.74	1.53	47127	0.197	-0.138	0.571	-0.008	0.011	1.022
11.408	0.223	-0.132	0.555	-5.32	5.37	1.78	13.35	-27.45	1.69	47198	0.200	-0.136	0.569	-0.006	0.012	1.021
11.419	0.224	-0.132	0.554	-5.19	5.68	1.82	14.75	-21.37	0.96	47698	0.203	-0.134	0.568	-0.005	0.012	1.020
11.435	0.223	-0.131	0.553	-5.04	5.95	1.84	16.25	-14.75	0.24	47797	0.206	-0.132	0.567	-0.004	0.012	1.019
11.439	0.224	-0.133	0.552	-4.85	6.12	1.87	17.47	-9.59	0.12	47871	0.208	-0.131	0.566	-0.004	0.012	1.018
11.457	0.233	-0.123	0.550	-4.74	6.18	1.90	18.92	-2.57	-0.08	47932	0.211	-0.128	0.564	-0.003	0.012	1.017
11.457	0.233	-0.121	0.549	-4.56	6.25	1.90	21.58	0.98	-0.90	48173	0.215	-0.125	0.563	-0.002	0.012	1.016
11.468	0.233	-0.121	0.548	-4.33	6.26	1.89	23.27	0.70	-1.06	48231	0.217	-0.123	0.562	-0.001	0.012	1.015
11.484	0.238	-0.121	0.547	-4.08	6.22	1.88	25.87	-1.53	-1.33	48277	0.221	-0.121	0.561	-0.000	0.012	1.014
11.490	0.236	-0.113	0.546	-3.87	6.25	1.87	27.50	-5.87	-1.45	48302	0.223	-0.118	0.560	0.001	0.013	1.012
11.500	0.235	-0.109	0.545	-3.61	6.31	1.85	29.23	-12.03	-1.19	48254	0.226	-0.115	0.559	0.001	0.013	1.011
11.516	0.234	-0.108	0.544	-3.31	6.44	1.83	30.40	-16.71	-0.99	48274	0.228	-0.112	0.558	0.001	0.013	1.010
11.516	0.236	-0.102	0.543	-3.04	6.57	1.84	32.28	-19.67	-1.04	48301	0.230	-0.108	0.557	0.002	0.013	1.009
11.534	0.237	-0.105	0.542	-2.67	6.76	1.83	33.04	-22.32	-0.83	48328	0.232	-0.106	0.556	0.002	0.013	1.008
11.534	0.234	-0.102	0.540	-2.35	7.01	1.82	33.80	-23.83	-0.69	48327	0.233	-0.103	0.555	0.002	0.013	1.007
11.549	0.236	-0.096	0.539	-2.04	7.23	1.83	34.50	-22.60	-0.45	48569	0.235	-0.100	0.554	0.002	0.014	1.006
11.565	0.235	-0.095	0.538	-1.67	7.47	1.82	33.73	-18.53	0.17	48565	0.237	-0.097	0.553	0.002	0.014	1.005
11.565	0.234	-0.096	0.537	-1.30	7.69	1.82	31.60	-12.92	-0.38	48571	0.238	-0.094	0.552	0.002	0.014	1.004
11.581	0.238	-0.092	0.536	-0.98	7.81	1.83	29.25	-5.51	-0.11	48573	0.240	-0.091	0.552	0.002	0.014	1.002
11.590	0.239	-0.086	0.535	-0.70	7.89	1.84	26.39	3.51	-0.17	48563	0.242	-0.088	0.551	0.001	0.014	1.001
11.606	0.240	-0.084	0.534	-0.42	7.88	1.84	21.75	11.82	0.25	48551	0.244	-0.085	0.550	0.001	0.014	1.000
11.614	0.242	-0.085	0.533	-0.15	7.78	1.84	16.67	20.39	0.09	48535	0.245	-0.083	0.549	0.001	0.014	0.999
11.614	0.241	-0.078	0.532	0.01	7.62	1.85	12.64	27.22	0.14	48519	0.247	-0.080	0.548	0.001	0.014	0.998
11.630	0.243	-0.079	0.532	0.19	7.35	1.85	10.42	32.57	1.11	48465	0.249	-0.077	0.548	0.001	0.014	0.996
11.646	0.241	-0.071	0.531	0.26	7.05	1.86	10.82	33.49	1.32	48428	0.250	-0.074	0.547	0.000	0.014	0.995
11.646	0.241	-0.069	0.530	0.37	6.71	1.88	13.07	31.27	1.69	48391	0.251	-0.071	0.547	-0.000	0.014	0.994
11.662	0.246	-0.073	0.530	0.55	6.34	1.89	17.77	27.05	1.97	48350	0.253	-0.068	0.546	-0.001	0.014	0.993
11.662	0.255	-0.095	0.529	0.92	5.96	1.88	23.47	22.20	2.76	48289	0.256	-0.069	0.545	-0.001	0.012	0.991
11.679	0.260	-0.111	0.529	1.28	5.68	1.88	28.59	15.34	3.02	48138	0.259	-0.072	0.545	-0.001	0.010	0.990
11.695	0.257	-0.098	0.528	1.45	5.52	1.93	32.60	8.61	3.07	48079	0.261	-0.072	0.545	-0.001	0.009	0.989
11.695	0.258	-0.106	0.528	1.84	5.39	1.94	32.88	2.74	3.43	48004	0.264	-0.074	0.544	-0.001	0.007	0.988
11.711	0.254	-0.093	0.527	2.08	5.37	2.00	31.48	-2.64	3.26	47947	0.265	-0.074	0.544	-0.002	0.007	0.986
11.711	0.254	-0.099	0.526	2.47	5.37	2.00	27.55	-5.87	3.36	48000	0.267	-0.075	0.543	-0.002	0.005	0.985
11.728	0.252	-0.090	0.526	2.70	5.43	2.05	21.07	-7.60	3.13	47959	0.268	-0.074	0.543	-0.003	0.004	0.984
11.745	0.251	-0.080	0.525	2.86	5.49	2.11	14.96	-7.09	2.95	47914	0.269	-0.073	0.542	-0.004	0.004	0.983
11.752	0.248	-0.076	0.525	3.02	5.58	2.14	8.01	-5.53	3.24	47874	0.270	-0.071	0.542	-0.005	0.004	0.981
11.765	0.248	-0.080	0.524	3.18	5.64	2.15	1.23	-2.15	3.11	47848	0.270	-0.070	0.541	-0.006	0.003	0.980
11.774	0.247	-0.081	0.524	3.24	5.67	2.17	-3.97	2.48	2.86	47860	0.271	-0.070	0.541	-0.008	0.003	0.979
11.785	0.246	-0.078	0.524	3.21	5.66	2.21	-8.66	7.82	2.27	47832	0.271	-0.069	0.541	-0.009	0.002	0.977
11.795	0.244	-0.067	0.523	3.05	5.60	2.27	-12.37	12.94	1.85	47791	0.271	-0.067	0.540	-0.010	0.002	0.976
11.805	0.241	-0.065	0.524	2.94	5.49	2.29	-13.82	18.01	1.48	47750	0.271	-0.065	0.540	-0.012	0.002	0.975
11.814	0.243	-0.067	0.524	2.83	5.31	2.30	-10.77	23.25	1.61	47571	0.271	-0.063	0.540	-0.013	0.002	0.974
11.817	0.242	-0.069	0.523	2.74	5.09	2.32	-3.05	26.89	1.98	47515	0.271	-0.062	0.540	-0.015	0.002	0.972
11.834	0.246	-0.069	0.523	2.69	4.78	2.35	6.36	30.12	1.96	47463	0.271	-0.061	0.540	-0.016	0.001	0.971
11.845	0.236	-0.063	0.523	2.68	4.55	2.39	15.88	30.85	2.27	47405	0.270	-0.060	0.540	-0.018	0.001	0.970
11.854	0.235	-0.064	0.524	2.82	4.24	2.41	23.68	30.71	2.16	47184	0.269	-0.059	0.540	-0.019	0.001	0.969
11.864	0.232	-0.056	0.524	2.97	3.94	2.47	31.07	28.83	1.78	47108	0.268	-0.057	0.539	-0.021	0.001	0.967
11.877	0.232	-0.061	0.524	3.32	3.63	2.49	36.13	26.81	0.93	47055	0.267	-0.056	0.539	-0.023	0.001	0.966
11.883	0.228	-0.058	0.523	3.65	3.37	2.52	37.75	22.41	1.12	47001	0.266	-0.054	0.539	-0.025	0.000	0.965
11.896	0.230	-0.060	0.523	4.05	3.10	2.54	38.93	18.78	0.65	46939	0.265	-0.054	0.539	-0.027	0.000	0.964
11.897	0.230	-0.067	0.523	4.50	2.88	2.54	35.55	14.89	-0.02	46996	0.264	-0.054	0.539	-0.028	-0.000	0.963
11.915	0.221	-0.054	0.523	4.77	2.77	2.59	30.88	11.02	-0.04	46962	0.262	-0.053	0.539	-0.031	-0.001	0.961
11.917	0.219	-0.053	0.523	5.10	2.65	2.60	24.53	8.50	-0.65	46923	0.260	-0.051	0.539	-0.033	-0.001	0.960
11.927	0.212	-0.041	0.523	5.27	2.59	2.64	17.21	6.29	-1.47	46882	0.258	-0.049	0.539	-0.035	-0.000	0.959
11.944	0.209	-0.039	0.523	5.46	2.52	2.63	8.80	4.68	-1.31	46844	0.255	-0.047	0.539	-0.037	0.000	0.958
11.944	0.204	-0.041	0.523	5.60	2.49	2.62	1.51	4.62	-1.82	46828	0.252	-0.045	0.539	-0.040	0.000	0.957
11.961	0.204	-0.041	0.523	5.65	2.41	2.60	-2.78	7.63	-2.41	46813	0.250	-0.043	0.539	-0.042	0.000	0.955
11.975	0.200	-0.035	0.523	5.59	2.36	2.60	-3.42	12.44	-3.05	46781	0.247	-0.041	0.539	-0.044	0.001	0.954
11.976	0.196	-0.035	0.525	5.57	2.26	2.58	-1.96	18.62	-3.66	46733	0.244	-0.040	0.539	-0.047	0.001	0.953
11.991	0.193	-0.034	0.525	5.54	2.09	2.56	1.37	25.22	-4.42	46413	0.241	-0.038	0.539	-0.049	0.001	0.952
12.006	0.190	-0.035	0.525	5.55	1.87	2.54	5.70	32.80	-4.62	46374	0.238	-0.037	0.539	-0.052	0.001	0.951
12.014	0.190	-0.036	0.525	5.61	1.53	2.52	11.56	39.11	-4.65	46330	0.235	-0.036	0.540	-0.054	0.001	0.950
12.023	0.180	-0.038	0.528	5.72	1.21	2.50	16.34	44.61	-4.67	46268	0.231	-0.036	0.540	-0.057	0.001	0.949
12.023	0.184	-0.040	0.528	5.89	0.72	2.49	18.63	48.48	-4.65	45841	0.228	-0.036	0.540	-0.059	0.001	0.948
12.044	0.175	-0.037	0.528	6.03	0.29	2.51	21.14	49.25	-5.08	45796	0.225	-0.036	0.541	-0.061	0.001	0.947
12.054	0.175	-0.038	0.529	6.26	-0.23	2.51	20.25	48.31	-5.92	45755	0.221	-0.036	0.541	-0.064	0.001	0.946
12.061	0.174	-0.040	0.529	6.48	-0.74	2.50	18.07	44.85	-6.55	45705	0.218	-0.036	0.541	-0.066	0.001	0.945
12.073	0.170	-0.039	0.529	6.66	-1.20	2.49	14.36	40.15	-7.00	45754	0.215	-0.036	0.542	-0.068	0.000	0.944
12.085	0.168	-0.040	0.529	6.82	-1.63	2.47	9.42	33.71	-7.01	45735	0.212	-0.037	0.542	-0.070	0.000	0.943
12.091	0.167	-0.041	0.530	6.93	-2.02	2.44	3.76	26.82	-7.10	45706	0.209	-0.037	0.542	-0.072	0.000	0.942
12.101	0.161	-0.041	0.530	6.98	-2.29	2.41	-2.67	18.56	-7.29	45689	0.205	-0.038	0.542	-0.075	-0.000	0.941
12.109	0.159	-0.040	0.530	6.96	-2.52	2.37	-9.10	11.15	-8.00	45693	0.202	-0.038	0.542	-0.077	-0.000	0.940
12.117	0.157	-0.039	0.530	6.87	-2.67	2.31	-15.46	4.46	-8.31	45889	0.198	-0.039	0.542	-0.079	-0.000	0.940
12.137	0.158	-0.040	0.530	6.74	-2.78	2.23	-19.71	-0.24	-9.24	45886	0.195	-0.039	0.542	-0.081	-0.000	0.939
12.143	0.153	-0.043	0.530	6.57	-2.79	2.14	-22.02	-0.64	-9.20	45881	0.192	-0.040	0.542	-0.083	-0.000	0.938
12.152	0.152	-0.044	0.528	6.36	-2.80	2.05	-22.06	1.90	-10.15	45891	0.189	-0.041	0.542	-0.085	-0.001	0.937
12.164	0.147	-0.040	0.528	6.10	-2.80	1.96	-21.66	7.22	-10.19	46441	0.186	-0.042	0.541	-0.087	-0.000	0.936
12.164	0.146	-0.036	0.528	5.82	-2.87	1.87	-19.18	13.50	-10.26	46451	0.183	-0.042	0.541	-0.088	-0.000	0.935
12.180	0.144	-0.040	0.528	5.64	-3.00	1.78	-16.10	20.68	-10.03	46456	0.179	-0.042	0.541	-0.090	-0.000	0.934
12.191	0.144	-0.041	0.528	5.46	-3.21	1.69	-11.51	27.27	-9.89	46463	0.177	-0.043	0.540	-0.092	-0.000	0.933
12.196	0.143	-0.045	0.526	5.35	-3.48	1.61	-8.62	32.27	-9.58	46460	0.174	-0.044	0.540	-0.093	-0.000	0.932
12.211	0.140	-0.044	0.526	5.23	-3.79	1.54	-6.69	34.50	-9.48	46829	0.171	-0.045	0.539	-0.095	0.000	0.931
12.225	0.139	-0.043	0.526	5.13	-4.14	1.48	-4.59	35.02	-10.08	46822	0.168	-0.046	0.539	-0.096	0.000	0.930
12.227	0.138	-0.047	0.526	5.09	-4.51	1.41	-4.56	33.20	-10.58	46832	0.165	-0.048	0.539	-0.098	0.000	0.929
12.243	0.139	-0.051	0.524	5.07	-4.88	1.33	-3.68	29.75	-10.45	46845	0.163	-0.049	0.538	-0.099	0.000	0.928
12.253	0.136	-0.052	0.524	5.01	-5.20	1.25	-4.41	22.90	-10.34	47272	0.160	-0.051	0.537	-0.100	0.000	0.927
12.262	0.132	-0.052	0.523	4.94	-5.44	1.18	-6.29	17.10	-10.47	47284	0.158	-0.053	0.537	-0.101	0.000	0.926
12.276	0.133	-0.056	0.523	4.89	-5.66	1.08	-9.61	7.61	-10.66	47308	0.155	-0.054	0.536	-0.103	-0.000	0.925
12.282	0.132	-0.059	0.523	4.81	-5.78	0.99	-11.54	-0.31	-10.32	47327	0.153	-0.057	0.536	-0.104	-0.000	0.924
12.291	0.131	-0.061	0.522	4.69	-5.82	0.89	-14.96	-8.27	-10.33	47543	0.150	-0.059	0.535	-0.105	-0.000	0.923
12.304	0.128	-0.062	0.521	4.52	-5.76	0.78	-18.78	-13.63	-9.92	47559	0.148	-0.061	0.535	-0.106	-0.000	0.922
12.316	0.127	-0.067	0.521	4.37	-5.65	0.67	-22.09	-15.07	-9.65	47567	0.145	-0.063	0.534	-0.107	-0.001	0.921
12.317	0.126	-0.071	0.521	4.16	-5.51	0.57	-26.29	-12.28	-9.65	47567	0.143	-0.066	0.534	-0.107	-0.001	0.920
12.332	0.125	-0.072	0.520	3.88	-5.38	0.46	-30.13	-8.31	-9.54	47562	0.141	-0.069	0.533	-0.108	-0.001	0.919
12.332	0.124	-0.076	0.519	3.60	-5.29	0.35	-33.03	-1.82	-9.95	47757	0.138	-0.072	0.533	-0.109	-0.001	0.918
12.346	0.125	-0.077	0.519	3.25	-5.27	0.25	-35.13	4.94	-9.86	47763	0.136	-0.074	0.532	-0.110	-0.001	0.917
12.363	0.126	-0.080	0.519	2.90	-5.31	0.14	-36.80	10.64	-9.80	47756	0.135	-0.077	0.532	-0.110	-0.001	0.916
12.377	0.126	-0.081	0.520	2.51	-5.41	0.04	-35.83	16.46	-9.02	47736	0.133	-0.080	0.532	-0.110	-0.002	0.915
12.387	0.128	-0.086	0.519	2.16	-5.58	-0.05	-35.36	19.32	-8.86	47535	0.132	-0.083	0.532	-0.111	-0.002	0.914
12.394	0.125	-0.087	0.519	1.78	-5.75	-0.13	-32.06	20.98	-8.18	47506	0.130	-0.086	0.532	-0.111	-0.002	0.913
12.403	0.125	-0.093	0.519	1.47	-5.96	-0.20	-29.83	20.33	-7.87	47470	0.129	-0.089	0.531	-0.111	-0.002	0.912
12.409	0.125	-0.095	0.519	1.14	-6.17	-0.28	-26.05	16.62	-7.66	47442	0.127	-0.092	0.531	-0.111	-0.002	0.911
12.426	0.127	-0.099	0.519	0.87	-6.37	-0.36	-21.41	11.67	-7.52	47407	0.126	-0.095	0.531	-0.111	-0.002	0.910
12.426	0.127	-0.098	0.519	0.59	-6.50	-0.44	-18.28	5.16	-7.39	47267	0.125	-0.098	0.531	-0.111	-0.002	0.909
12.447	0.126	-0.102	0.519	0.40	-6.56	-0.51	-15.32	-2.12	-7.15	47214	0.124	-0.101	0.531	-0.111	-0.002	0.908
12.455	0.126	-0.102	0.519	0.20	-6.57	-0.59	-12.65	-9.51	-6.70	47170	0.123	-0.103	0.531	-0.111	-0.002	0.907
12.463	0.124	-0.111	0.519	0.11	-6.49	-0.63	-10.32	-16.29	-6.45	47138	0.121	-0.106	0.531	-0.111	-0.003	0.906
12.472	0.126	-0.109	0.519	-0.04	-6.36	-0.72	-10.24	-21.94	-5.74	47111	0.120	-0.109	0.531	-0.110	-0.003	0.905
12.472	0.124	-0.111	0.519	-0.17	-6.14	-0.77	-11.91	-24.91	-5.14	47063	0.119	-0.112	0.531	-0.110	-0.002	0.904
12.492	0.125	-0.113	0.519	-0.28	-5.90	-0.83	-16.50	-24.83	-4.64	47017	0.118	-0.114	0.531	-0.110	-0.002	0.904
12.504	0.127	-0.117	0.519	-0.43	-5.66	-0.88	-22.34	-23.11	-4.15	46986	0.118	-0.117	0.531	-0.109	-0.002	0.903
12.514	0.127	-0.118	0.521	-0.66	-5.40	-0.92	-27.59	-18.50	-4.10	46611	0.117	-0.119	0.531	-0.109	-0.002	0.902
12.520	0.129	-0.115	0.521	-0.97	-5.21	-0.98	-32.42	-13.90	-4.00	46566	0.117	-0.121	0.532	-0.108	-0.002	0.901
12.520	0.129	-0.121	0.521	-1.25	-5.05	-1.00	-36.61	-9.11	-3.74	46523	0.116	-0.124	0.532	-0.107	-0.002	0.900
12.536	0.130	-0.124	0.522	-1.61	-4.93	-1.04	-38.13	-4.95	-3.76	46484	0.116	-0.126	0.532	-0.107	-0.002	0.899
12.552	0.133	-0.127	0.525	-2.00	-4.87	-1.08	-37.53	-0.79	-3.43	46435	0.116	-0.128	0.533	-0.106	-0.002	0.899
12.564	0.134	-0.130	0.525	-2.38	-4.85	-1.12	-35.03	1.41	-2.63	45883	0.116	-0.131	0.533	-0.105	-0.002	0.898
12.567	0.134	-0.131	0.525	-2.76	-4.84	-1.15	-31.16	3.20	-1.97	45825	0.116	-0.133	0.534	-0.104	-0.002	0.898
12.583	0.138	-0.129	0.526	-3.14	-4.88	-1.20	-27.31	3.44	-2.44	45776	0.117	-0.135	0.534	-0.103	-0.001	0.897
12.592	0.138	-0.133	0.530	-3.42	-4.89	-1.22	-20.59	1.65	-1.54	45737	0.117	-0.137	0.535	-0.102	-0.001	0.896
12.599	0.138	-0.138	0.530	-3.62	-4.90	-1.22	-14.16	-0.59	-1.55	44986	0.117	-0.139	0.536	-0.101	-0.001	0.896
12.610	0.140	-0.143	0.531	-3.77	-4.91	-1.23	-7.91	-3.70	-1.35	44920	0.118	-0.142	0.537	-0.100	-0.001	0.896
12.615	0.141	-0.142	0.532	-3.90	-4.87	-1.25	-2.86	-7.18	-1.90	44871	0.118	-0.144	0.538	-0.099	-0.001	0.895
12.631	0.142	-0.143	0.532	-3.96	-4.80	-1.27	1.78	-10.98	-1.24	44839	0.119	-0.146	0.539	-0.097	-0.001	0.895
12.642	0.143	-0.144	0.536	-3.97	-4.68	-1.28	1.16	-13.57	-0.74	44818	0.119	-0.147	0.540	-0.096	-0.001	0.894
12.647	0.147	-0.149	0.536	-3.93	-4.57	-1.27	-1.68	-16.53	-0.50	44280	0.120	-0.149	0.541	-0.095	-0.001	0.894
12.664	0.149	-0.149	0.537	-3.95	-4.41	-1.27	-7.16	-18.91	-0.32	44266	0.121	-0.151	0.541	-0.093	-0.001	0.894
12.664	0.149	-0.151	0.538	-4.00	-4.21	-1.26	-12.66	-21.55	-0.31	44262	0.122	-0.153	0.542	-0.092	-0.001	0.893
12.679	0.150	-0.151	0.540	-4.13	-4.00	-1.25	-17.99	-22.51	0.01	44274	0.123	-0.154	0.543	-0.091	-0.000	0.893
12.694	0.155	-0.155	0.541	-4.26	-3.80	-1.23	-23.57	-24.91	-0.15	43967	0.124	-0.156	0.544	-0.089	-0.000	0.893
12.694	0.156	-0.155	0.542	-4.50	-3.55	-1.22	-26.51	-25.61	-0.51	43966	0.126	-0.158	0.545	-0.088	-0.000	0.893
12.714	0.158	-0.162	0.542	-4.70	-3.29	-1.18	-27.14	-27.31	0.69	43962	0.127	-0.160	0.545	-0.086	-0.000	0.892
12.714	0.162	-0.160	0.543	-5.00	-3.04	-1.17	-26.51	-26.68	0.78	43946	0.129	-0.161	0.546	-0.084	-0.000	0.892
12.726	0.165	-0.160	0.545	-5.28	-2.78	-1.15	-24.08	-26.90	0.91	43721	0.131	-0.163	0.546	-0.083	-0.000	0.892
12.744	0.165	-0.161	0.546	-5.54	-2.49	-1.12	-19.53	-24.19	1.66	43732	0.133	-0.164	0.547	-0.081	0.000	0.892
12.756	0.173	-0.163	0.546	-5.74	-2.28	-1.08	-14.95	-23.29	2.43	43725	0.135	-0.165	0.548	-0.079	0.000	0.892
12.765	0.172	-0.162	0.547	-5.93	-2.02	-1.04	-9.62	-20.10	2.49	43726	0.137	-0.166	0.548	-0.077	0.000	0.892
12.773	0.177	-0.162	0.549	-6.06	-1.83	-1.00	-3.80	-16.69	2.35	43743	0.140	-0.166	0.549	-0.075	0.001	0.892
12.777	0.178	-0.162	0.549	-6.12	-1.64	-0.96	1.22	-12.30	2.66	43617	0.142	-0.167	0.549	-0.074	0.001	0.892
12.794	0.183	-0.167	0.550	-6.10	-1.52	-0.90	4.39	-8.76	3.27	43643	0.145	-0.168	0.550	-0.072	0.001	0.892
12.805	0.184	-0.169	0.551	-6.05	-1.41	-0.86	7.68	-6.75	3.31	43671	0.147	-0.169	0.550	-0.070	0.001	0.892
12.810	0.187	-0.169	0.551	-5.99	-1.34	-0.82	6.58	-6.67	3.42	43701	0.150	-0.170	0.550	-0.068	0.001	0.892
12.818	0.188	-0.170	0.552	-5.92	-1.27	-0.79	3.45	-8.61	3.09	43700	0.152	-0.170	0.551	-0.066	0.001	0.892
12.834	0.188	-0.170	0.552	-5.87	-1.17	-0.75	0.12	-12.47	3.18	43768	0.154	-0.171	0.551	-0.064	0.001	0.892
12.843	0.195	-0.169	0.553	-5.87	-1.10	-0.71	-4.51	-16.21	3.22	43823	0.157	-0.171	0.551	-0.063	0.001	0.892
12.850	0.199	-0.169	0.554	-5.90	-0.97	-0.66	-9.41	-20.43	3.36	43892	0.160	-0.172	0.551	-0.061	0.001	0.893
12.850	0.202	-0.169	0.554	-5.98	-0.78	-0.61	-13.29	-25.83	3.87	43866	0.163	-0.172	0.552	-0.059	0.001	0.893
12.866	0.200	-0.167	0.555	-6.10	-0.51	-0.56	-15.41	-30.13	3.43	43951	0.166	-0.172	0.552	-0.057	0.002	0.893
12.883	0.208	-0.166	0.555	-6.26	-0.27	-0.49	-16.16	-32.76	3.49	44015	0.169	-0.171	0.552	-0.055	0.002	0.893
12.893	0.212	-0.166	0.555	-6.42	0.04	-0.42	-14.83	-35.47	3.34	44100	0.172	-0.171	0.552	-0.053	0.002	0.894
12.899	0.214	-0.166	0.553	-6.57	0.38	-0.34	-13.63	-35.79	2.42	44174	0.176	-0.170	0.552	-0.051	0.002	0.894
12.914	0.226	-0.165	0.553	-6.73	0.66	-0.27	-9.64	-34.72	2.24	44644	0.180	-0.170	0.551	-0.049	0.003	0.894
12.916	0.225	-0.165	0.553	-6.84	1.04	-0.21	-5.24	-31.28	2.33	44730	0.184	-0.169	0.551	-0.047	0.003	0.894
12.929	0.226	-0.165	0.553	-6.91	1.37	-0.15	1.23	-27.92	2.50	44815	0.187	-0.168	0.551	-0.045	0.003	0.894
12.945	0.232	-0.163	0.552	-6.93	1.64	-0.09	7.05	-23.67	1.99	44892	0.191	-0.168	0.550	-0.043	0.003	0.894
12.947	0.237	-0.165	0.552	-6.86	1.87	-0.03	12.57	-18.77	2.00	45205	0.195	-0.167	0.549	-0.040	0.003	0.895
12.961	0.238	-0.162	0.552	-6.77	2.09	0.01	17.15	-13.56	1.85	45297	0.199	-0.166	0.549	-0.039	0.004	0.895
12.966	0.237	-0.163	0.552	-6.61	2.27	0.04	21.33	-10.91	1.20	45375	0.203	-0.165	0.548	-0.037	0.004	0.895
12.977	0.240	-0.162	0.551	-6.40	2.38	0.07	22.25	-11.22	0.57	45434	0.206	-0.164	0.548	-0.035	0.004	0.895
12.993	0.244	-0.164	0.550	-6.16	2.48	0.10	22.21	-14.65	0.54	45670	0.209	-0.163	0.547	-0.033	0.004	0.896
12.993	0.247	-0.157	0.550	-5.98	2.60	0.11	20.99	-18.19	0.60	45750	0.213	-0.162	0.547	-0.032	0.004	0.896
13.015	0.246	-0.156	0.549	-5.77	2.79	0.13	19.71	-23.75	0.58	45841	0.216	-0.160	0.546	-0.030	0.004	0.896
13.025	0.254	-0.157	0.549	-5.54	2.97	0.17	16.98	-29.03	0.69	45918	0.220	-0.159	0.546	-0.028	0.004	0.896
13.026	0.253	-0.160	0.546	-5.34	3.27	0.21	12.63	-33.32	0.56	45987	0.223	-0.158	0.545	-0.027	0.004	0.896
13.040	0.256	-0.153	0.546	-5.24	3.58	0.24	10.64	-37.22	0.72	46475	0.227	-0.156	0.544	-0.025	0.004	0.897
13.040	0.255	-0.154	0.545	-5.11	3.97	0.27	7.88	-37.97	0.83	46557	0.230	-0.155	0.543	-0.024	0.004	0.897
13.058	0.258	-0.150	0.545	-5.04	4.34	0.31	6.48	-37.86	0.89	46616	0.233	-0.153	0.542	-0.023	0.004	0.897
13.072	0.262	-0.151	0.544	-4.96	4.71	0.36	5.47	-34.47	0.58	46680	0.236	-0.151	0.541	-0.021	0.004	0.897
13.072	0.263	-0.147	0.543	-4.92	5.08	0.39	5.87	-28.87	0.23	46738	0.239	-0.149	0.541	-0.020	0.005	0.897
13.093	0.261	-0.140	0.543	-4.91	5.43	0.40	7.54	-23.00	0.16	46808	0.242	-0.147	0.540	-0.019	0.005	0.897
13.104	0.267	-0.142	0.542	-4.80	5.64	0.44	9.06	-16.13	-0.17	46869	0.245	-0.144	0.539	-0.018	0.005	0.898
13.115	0.268	-0.140	0.541	-4.72	5.83	0.45	10.78	-8.54	-0.11	46906	0.248	-0.142	0.539	-0.017	0.005	0.898
13.119	0.270	-0.140	0.541	-4.60	5.94	0.46	13.35	-1.77	-0.24	46975	0.250	-0.140	0.538	-0.016	0.005	0.898
13.119	0.273	-0.136	0.540	-4.49	5.98	0.46	16.14	5.33	0.08	47025	0.253	-0.138	0.537	-0.015	0.005	0.898
13.135	0.275	-0.138	0.539	-4.30	5.94	0.46	18.57	10.37	0.47	47077	0.256	-0.136	0.537	-0.014	0.005	0.898
13.152	0.276	-0.133	0.538	-4.14	5.86	0.46	21.40	9.99	0.43	47116	0.259	-0.134	0.536	-0.013	0.005	0.899
13.158	0.278	-0.130	0.537	-3.94	5.75	0.46	24.00	7.84	0.54	47345	0.262	-0.131	0.535	-0.013	0.005	0.899
13.168	0.278	-0.126	0.536	-3.72	5.68	0.45	26.61	1.99	0.84	47374	0.265	-0.129	0.535	-0.012	0.006	0.899
13.182	0.278	-0.133	0.535	-3.38	5.64	0.45	29.53	-4.59	0.94	47413	0.267	-0.127	0.534	-0.011	0.005	0.899
13.193	0.278	-0.118	0.534	-3.20	5.67	0.46	30.70	-10.90	0.73	47433	0.269	-0.124	0.533	-0.011	0.006	0.899
13.201	0.278	-0.114	0.533	-2.90	5.77	0.47	30.96	-16.62	0.33	47461	0.271	-0.120	0.532	-0.011	0.006	0.899
13.214	0.276	-0.114	0.532	-2.57	5.94	0.47	30.94	-21.45	0.42	47656	0.273	-0.117	0.532	-0.010	0.006	0.899
13.214	0.281	-0.108	0.531	-2.29	6.11	0.50	31.02	-22.57	-0.19	47681	0.275	-0.114	0.531	-0.010	0.006	0.899
13.232	0.280	-0.110	0.530	-1.94	6.35	0.50	29.53	-23.16	-0.18	47713	0.277	-0.111	0.530	-0.010	0.006	0.899
13.232	0.280	-0.107	0.530	-1.64	6.58	0.50	26.92	-20.52	0.03	47729	0.278	-0.108	0.529	-0.010	0.006	0.899
13.251	0.276	-0.096	0.527	-1.43	6.83	0.51	24.48	-16.72	-0.13	48008	0.280	-0.104	0.529	-0.010	0.007	0.899
13.262	0.277	-0.093	0.527	-1.18	7.02	0.51	22.53	-10.65	0.29	48040	0.281	-0.100	0.528	-0.010	0.007	0.899
13.268	0.277	-0.090	0.526	-0.94	7.14	0.52	20.78	-4.27	0.02	48056	0.282	-0.097	0.527	-0.011	0.008	0.899
13.279	0.277	-0.087	0.525	-0.73	7.21	0.52	19.00	3.83	0.12	48079	0.283	-0.093	0.526	-0.011	0.008	0.899
13.294	0.280	-0.083	0.524	-0.55	7.18	0.53	16.93	10.56	0.32	48082	0.285	-0.089	0.526	-0.011	0.008	0.898
13.296	0.280	-0.079	0.523	-0.37	7.09	0.53	17.38	17.39	0.20	48190	0.286	-0.085	0.525	-0.012	0.009	0.898
13.311	0.276	-0.070	0.522	-0.25	6.97	0.54	18.73	19.90	0.68	48192	0.287	-0.081	0.524	-0.012	0.009	0.898
13.311	0.276	-0.066	0.521	-0.07	6.78	0.54	22.84	20.92	0.72	48191	0.287	-0.077	0.523	-0.013	0.010	0.898
13.325	0.281	-0.067	0.519	0.18	6.52	0.56	28.27	20.95	0.54	48176	0.289	-0.073	0.523	-0.013	0.010	0.898
13.347	0.280	-0.064	0.518	0.44	6.31	0.56	33.67	17.96	0.80	48426	0.290	-0.069	0.522	-0.014	0.010	0.898
13.354	0.276	-0.066	0.518	0.81	6.15	0.55	37.81	15.15	0.67	48422	0.290	-0.066	0.521	-0.014	0.010	0.897
13.362	0.276	-0.053	0.517	1.08	5.97	0.59	40.88	11.02	0.50	48417	0.291	-0.062	0.520	-0.015	0.011	0.897
13.369	0.275	-0.043	0.516	1.43	5.85	0.61	42.43	6.93	0.08	48408	0.291	-0.057	0.520	-0.016	0.011	0.897
13.382	0.277	-0.042	0.517	1.87	5.74	0.62	42.08	2.85	-0.61	48189	0.292	-0.052	0.519	-0.017	0.012	0.896
13.394	0.277	-0.031	0.516	2.23	5.69	0.64	40.17	0.53	0.14	48176	0.293	-0.047	0.519	-0.017	0.013	0.896
13.401	0.276	-0.028	0.515	2.64	5.68	0.64	36.44	0.18	0.04	48167	0.293	-0.042	0.519	-0.018	0.013	0.896
13.409	0.276	-0.024	0.515	3.03	5.68	0.64	32.29	0.35	0.06	48154	0.294	-0.037	0.518	-0.019	0.014	0.896
13.409	0.274	-0.021	0.515	3.37	5.67	0.64	27.97	2.28	-0.08	48129	0.294	-0.033	0.518	-0.020	0.015	0.895
13.425	0.276	-0.021	0.514	3.68	5.64	0.64	23.11	5.16	-0.37	48059	0.295	-0.029	0.518	-0.021	0.015	0.895
13.443	0.275	-0.014	0.514	3.90	5.59	0.65	17.58	8.72	-0.39	48054	0.295	-0.024	0.517	-0.022	0.016	0.895
13.446	0.275	-0.009	0.513	4.08	5.51	0.66	13.84	11.57	-0.38	48051	0.296	-0.020	0.517	-0.023	0.016	0.895
13.465	0.274	-0.006	0.513	4.24	5.40	0.67	9.34	15.99	0.06	48045	0.296	-0.016	0.517	-0.024	0.017	0.894
13.474	0.270	0.007	0.512	4.26	5.28	0.71	8.38	19.21	0.29	48002	0.296	-0.011	0.517	-0.026	0.018	0.894
13.482	0.269	0.006	0.512	4.39	5.09	0.71	10.99	22.12	0.40	47981	0.295	-0.006	0.517	-0.027	0.018	0.894
13.494	0.274	0.001	0.511	4.56	4.83	0.71	16.71	23.02	0.87	47946	0.296	-0.003	0.516	-0.028	0.018	0.893
13.504	0.272	0.003	0.511	4.70	4.60	0.74	23.14	24.81	0.65	47896	0.296	0.000	0.516	-0.029	0.018	0.893
13.515	0.260	0.018	0.512	4.80	4.44	0.79	30.34	24.67	0.54	47869	0.294	0.005	0.516	-0.031	0.019	0.892
13.524	0.261	0.014	0.511	5.14	4.16	0.80	35.43	23.70	0.31	47649	0.293	0.008	0.516	-0.033	0.019	0.892
13.532	0.260	0.015	0.511	5.49	3.91	0.82	39.32	22.41	-0.03	47605	0.292	0.011	0.516	-0.034	0.020	0.892
13.546	0.258	0.018	0.511	5.80	3.70	0.87	41.16	20.90	-0.38	47566	0.291	0.014	0.516	-0.036	0.020	0.891
13.554	0.257	0.019	0.513	6.28	3.45	0.86	41.66	18.16	-0.95	47538	0.290	0.016	0.516	-0.038	0.020	0.891
13.564	0.249	0.034	0.513	6.59	3.30	0.91	39.04	14.58	-1.19	47135	0.288	0.021	0.516	-0.039	0.021	0.891
13.573	0.251	0.027	0.513	7.07	3.10	0.89	35.46	12.39	-0.55	47098	0.287	0.023	0.517	-0.041	0.021	0.890
13.580	0.246	0.036	0.512	7.38	2.99	0.92	28.79	9.73	-0.73	47056	0.285	0.027	0.517	-0.043	0.021	0.890
13.596	0.244	0.038	0.512	7.70	2.88	0.93	22.14	7.70	-0.24	47029	0.283	0.030	0.517	-0.045	0.022	0.890
13.604	0.243	0.036	0.514	7.98	2.77	0.92	11.93	7.35	-0.12	46698	0.281	0.032	0.517	-0.047	0.022	0.890
13.613	0.242	0.034	0.514	8.16	2.69	0.92	4.16	7.27	0.43	46681	0.279	0.034	0.518	-0.049	0.022	0.889
13.613	0.238	0.034	0.514	8.25	2.62	0.92	-5.16	8.54	0.72	46665	0.277	0.035	0.518	-0.051	0.022	0.889
13.628	0.235	0.037	0.514	8.22	2.55	0.95	-12.03	9.33	0.69	46650	0.275	0.037	0.518	-0.053	0.022	0.889
13.645	0.230	0.040	0.515	8.11	2.47	0.97	-17.26	13.70	0.73	46640	0.272	0.038	0.519	-0.055	0.022	0.888
13.655	0.231	0.041	0.515	7.96	2.33	1.00	-18.16	17.80	0.41	46612	0.270	0.040	0.519	-0.057	0.022	0.888
13.666	0.233	0.025	0.515	7.92	2.13	0.96	-15.64	24.19	0.07	46606	0.268	0.039	0.519	-0.059	0.021	0.888
13.674	0.230	0.026	0.515	7.75	1.92	0.99	-12.68	31.16	-0.31	46610	0.267	0.038	0.519	-0.061	0.021	0.887
13.685	0.232	0.028	0.515	7.60	1.60	1.03	-7.60	36.65	-0.13	46589	0.265	0.037	0.519	-0.062	0.020	0.887
13.694	0.232	0.027	0.515	7.51	1.23	1.06	-4.32	41.16	-0.62	46645	0.264	0.037	0.519	-0.064	0.020	0.887
13.705	0.225	0.025	0.515	7.47	0.87	1.11	-1.04	43.82	-0.21	46644	0.262	0.036	0.519	-0.066	0.019	0.886
13.715	0.228	0.024	0.515	7.46	0.40	1.15	2.06	43.83	0.09	46643	0.260	0.035	0.519	-0.067	0.019	0.886
13.725	0.222	0.023	0.515	7.46	-0.01	1.21	2.57	41.92	0.21	46620	0.258	0.034	0.519	-0.069	0.018	0.886
13.733	0.220	0.025	0.514	7.48	-0.44	1.27	1.69	37.91	0.07	46625	0.256	0.033	0.519	-0.071	0.018	0.885
13.742	0.216	0.025	0.514	7.50	-0.83	1.33	-0.83	31.73	0.11	46861	0.253	0.032	0.519	-0.073	0.017	0.885
13.755	0.214	0.025	0.514	7.49	-1.18	1.37	-3.68	26.49	0.06	46883	0.251	0.031	0.519	-0.075	0.017	0.884
13.766	0.211	0.027	0.514	7.45	-1.45	1.42	-8.42	19.05	-0.13	46881	0.248	0.030	0.519	-0.077	0.017	0.884
13.776	0.209	0.022	0.514	7.41	-1.68	1.43	-11.94	12.25	-0.35	46884	0.245	0.029	0.519	-0.079	0.017	0.884
13.787	0.209	0.022	0.514	7.31	-1.85	1.44	-16.55	5.68	-0.39	46902	0.243	0.027	0.519	-0.080	0.016	0.883
13.795	0.203	0.019	0.514	7.18	-1.90	1.45	-19.27	1.59	-0.13	46909	0.240	0.026	0.519	-0.082	0.016	0.883
13.805	0.200	0.018	0.514	6.99	-1.94	1.45	-22.93	-2.45	-0.40	46912	0.237	0.024	0.519	-0.084	0.016	0.883
13.816	0.199	0.013	0.514	6.82	-1.94	1.44	-25.18	-2.88	-0.23	46932	0.235	0.022	0.519	-0.086	0.015	0.882
13.825	0.196	0.012	0.514	6.57	-1.91	1.43	-24.75	1.30	-0.24	46932	0.232	0.020	0.519	-0.088	0.015	0.882
13.833	0.195	0.006	0.514	6.35	-1.91	1.42	-24.05	6.04	-0.22	46913	0.229	0.017	0.519	-0.089	0.014	0.881
13.842	0.194	0.008	0.514	6.07	-1.97	1.42	-22.64	15.80	-0.96	46906	0.226	0.015	0.519	-0.091	0.014	0.881
13.850	0.194	-0.001	0.514	5.91	-2.11	1.41	-21.00	22.51	-0.78	46898	0.224	0.012	0.519	-0.093	0.013	0.881
13.864	0.195	0.000	0.512	5.67	-2.34	1.41	-18.42	31.51	0.02	46897	0.222	0.009	0.519	-0.094	0.013	0.880
13.875	0.194	-0.011	0.512	5.56	-2.62	1.42	-18.56	35.78	-0.10	47141	0.220	0.005	0.518	-0.095	0.012	0.880
13.883	0.194	-0.008	0.512	5.33	-2.98	1.45	-17.19	40.38	-0.09	47162	0.218	0.002	0.518	-0.096	0.011	0.879
13.894	0.193	-0.020	0.512	5.23	-3.38	1.47	-17.05	40.56	-0.15	47169	0.216	-0.002	0.518	-0.098	0.011	0.879
13.901	0.193	-0.019	0.509	5.06	-3.79	1.50	-18.69	39.27	-0.71	47184	0.214	-0.006	0.517	-0.099	0.010	0.878
13.915	0.191	-0.028	0.508	4.93	-4.19	1.53	-19.61	35.63	-0.61	47797	0.212	-0.010	0.517	-0.100	0.009	0.878
13.925	0.194	-0.025	0.508	4.69	-4.60	1.54	-22.35	28.10	-0.75	47824	0.211	-0.014	0.516	-0.101	0.008	0.877
13.933	0.189	-0.029	0.508	4.49	-4.89	1.57	-24.42	20.19	-0.86	47840	0.209	-0.018	0.516	-0.102	0.008	0.876
13.946	0.190	-0.033	0.508	4.24	-5.17	1.57	-26.68	10.03	-0.67	47847	0.207	-0.022	0.515	-0.102	0.007	0.876
13.954	0.188	-0.035	0.506	3.98	-5.30	1.58	-28.27	1.80	-1.24	47867	0.205	-0.025	0.515	-0.103	0.007	0.875
13.962	0.187	-0.041	0.505	3.73	-5.35	1.57	-29.00	-7.62	-1.57	48170	0.204	-0.029	0.514	-0.104	0.006	0.874
13.973	0.186	-0.051	0.505	3.50	-5.30	1.55	-29.96	-13.69	-1.70	48182	0.202	-0.034	0.514	-0.105	0.005	0.874
13.984	0.185	-0.054	0.505	3.20	-5.18	1.53	-30.29	-16.48	-1.81	48197	0.200	-0.039	0.513	-0.106	0.005	0.873
13.992	0.184	-0.061	0.503	2.93	-5.02	1.51	-30.30	-15.25	-1.64	48180	0.198	-0.044	0.513	-0.106	0.004	0.872
14.003	0.183	-0.061	0.503	2.60	-4.87	1.48	-31.44	-10.31	-1.49	48410	0.197	-0.049	0.512	-0.107	0.003	0.872
14.006	0.183	-0.068	0.502	2.32	-4.75	1.46	-31.60	-4.32	-1.11	48397	0.195	-0.054	0.512	-0.108	0.002	0.871
14.019	0.182	-0.072	0.502	2.00	-4.70	1.44	-32.87	3.62	-1.50	48382	0.193	-0.059	0.511	-0.108	0.002	0.870
14.033	0.181	-0.076	0.502	1.68	-4.71	1.43	-33.40	10.05	-1.29	48356	0.192	-0.064	0.511	-0.109	0.001	0.870
14.044	0.183	-0.084	0.502	1.38	-4.81	1.41	-33.33	17.40	-0.98	48166	0.190	-0.069	0.511	-0.109	0.000	0.869
14.048	0.182	-0.089	0.502	1.06	-4.96	1.41	-32.56	20.90	-0.92	48137	0.189	-0.074	0.511	-0.109	-0.000	0.868
14.060	0.182	-0.090	0.502	0.70	-5.17	1.39	-32.34	22.72	-0.47	48092	0.187	-0.079	0.511	-0.110	-0.001	0.868
14.073	0.182	-0.094	0.502	0.38	-5.39	1.39	-31.01	21.60	-0.68	48029	0.186	-0.084	0.511	-0.110	-0.001	0.867
14.077	0.182	-0.099	0.501	0.08	-5.61	1.39	-29.05	18.72	-0.73	47955	0.185	-0.088	0.511	-0.110	-0.002	0.866
14.093	0.183	-0.106	0.501	-0.20	-5.82	1.38	-27.92	13.20	-1.43	48018	0.184	-0.093	0.511	-0.110	-0.003	0.865
14.096	0.183	-0.103	0.501	-0.54	-5.97	1.36	-24.06	7.23	-1.55	47980	0.183	-0.097	0.510	-0.110	-0.003	0.865
14.111	0.183	-0.110	0.501	-0.77	-6.06	1.35	-20.99	0.93	-1.88	47928	0.182	-0.102	0.510	-0.110	-0.003	0.864
14.116	0.182	-0.110	0.501	-1.01	-6.08	1.32	-17.44	-6.59	-1.89	47869	0.181	-0.106	0.510	-0.110	-0.004	0.863
14.125	0.181	-0.117	0.501	-1.17	-6.02	1.32	-15.76	-12.27	-1.74	47773	0.180	-0.110	0.510	-0.110	-0.004	0.862
14.141	0.180	-0.115	0.501	-1.38	-5.91	1.29	-15.18	-16.76	-1.52	47720	0.178	-0.114	0.511	-0.110	-0.004	0.862
14.141	0.182	-0.120	0.501	-1.53	-5.77	1.28	-18.02	-19.04	-1.28	47663	0.178	-0.117	0.511	-0.110	-0.004	0.861
14.159	0.182	-0.126	0.501	-1.68	-5.57	1.28	-21.86	-16.50	-1.55	47604	0.177	-0.121	0.511	-0.109	-0.004	0.860
14.173	0.183	-0.128	0.504	-1.91	-5.40	1.26	-26.46	-12.64	-1.56	47542	0.176	-0.125	0.511	-0.109	-0.004	0.860
14.183	0.182	-0.138	0.504	-2.11	-5.25	1.27	-31.89	-8.26	-1.92	46987	0.175	-0.129	0.512	-0.109	-0.005	0.859
14.190	0.183	-0.143	0.504	-2.40	-5.15	1.26	-35.54	-3.87	-2.24	46931	0.175	-0.134	0.512	-0.108	-0.005	0.858
14.204	0.184	-0.142	0.504	-2.79	-5.10	1.23	-38.81	0.40	-2.84	46869	0.174	-0.138	0.513	-0.108	-0.006	0.858
14.204	0.186	-0.145	0.508	-3.18	-5.08	1.20	-40.24	3.41	-3.17	46788	0.174	-0.142	0.514	-0.107	-0.006	0.857
14.225	0.189	-0.147	0.509	-3.60	-5.13	1.15	-40.30	5.72	-2.84	45973	0.174	-0.145	0.515	-0.106	-0.006	0.857
14.236	0.189	-0.153	0.510	-3.98	-5.17	1.13	-37.69	5.72	-2.95	45895	0.174	-0.149	0.515	-0.106	-0.006	0.856
14.244	0.191	-0.152	0.510	-4.41	-5.22	1.09	-34.03	5.37	-3.15	45820	0.174	-0.152	0.516	-0.105	-0.006	0.856
14.255	0.192	-0.155	0.511	-4.77	-5.28	1.05	-28.91	2.98	-3.07	45741	0.174	-0.155	0.517	-0.104	-0.006	0.856
14.258	0.193	-0.157	0.513	-5.09	-5.30	1.02	-22.44	0.79	-3.10	45332	0.174	-0.158	0.518	-0.103	-0.006	0.855
14.274	0.195	-0.162	0.514	-5.32	-5.31	0.99	-15.52	-3.20	-3.09	45254	0.175	-0.161	0.519	-0.102	-0.006	0.855
14.283	0.195	-0.167	0.515	-5.47	-5.27	0.97	-7.58	-7.08	-2.78	45196	0.175	-0.164	0.520	-0.101	-0.006	0.854
14.283	0.197	-0.169	0.515	-5.57	-5.21	0.95	-1.12	-11.52	-3.19	45135	0.175	-0.167	0.520	-0.100	-0.006	0.854
14.299	0.198	-0.172	0.518	-5.60	-5.10	0.93	5.26	-14.27	-2.87	45072	0.176	-0.170	0.521	-0.099	-0.006	0.854
14.299	0.200	-0.175	0.519	-5.57	-4.95	0.92	7.82	-17.83	-3.45	44706	0.177	-0.173	0.522	-0.097	-0.007	0.853
14.318	0.202	-0.175	0.519	-5.52	-4.79	0.89	8.83	-18.94	-3.48	44673	0.177	-0.175	0.523	-0.096	-0.007	0.853
14.331	0.204	-0.178	0.520	-5.43	-4.60	0.87	4.28	-21.25	-3.45	44632	0.178	-0.178	0.524	-0.095	-0.007	0.853
14.331	0.209	-0.176	0.520	-5.41	-4.41	0.84	-0.62	-21.86	-3.38	44596	0.180	-0.180	0.524	-0.093	-0.006	0.853
14.347	0.211	-0.178	0.521	-5.40	-4.19	0.83	-7.62	-22.33	-2.93	44722	0.181	-0.181	0.525	-0.092	-0.006	0.852
14.364	0.210	-0.180	0.522	-5.45	-3.94	0.82	-14.46	-21.76	-2.71	44719	0.182	-0.183	0.525	-0.090	-0.006	0.852
14.374	0.212	-0.182	0.522	-5.58	-3.71	0.81	-20.83	-20.96	-3.09	44713	0.184	-0.185	0.526	-0.089	-0.006	0.852
14.380	0.219	-0.181	0.523	-5.79	-3.54	0.79	-25.75	-19.47	-3.09	44719	0.186	-0.186	0.526	-0.087	-0.006	0.852
14.396	0.222	-0.183	0.525	-6.04	-3.34	0.78	-28.71	-18.12	-3.11	44732	0.188	-0.188	0.527	-0.086	-0.005	0.851
14.405	0.222	-0.187	0.526	-6.30	-3.13	0.78	-28.38	-16.78	-3.47	44516	0.189	-0.189	0.527	-0.084	-0.005	0.851
14.409	0.224	-0.188	0.526	-6.58	-2.95	0.77	-26.39	-14.71	-3.37	44535	0.191	-0.191	0.528	-0.082	-0.005	0.851
14.418	0.226	-0.187	0.527	-6.89	-2.79	0.74	-21.93	-13.22	-2.15	44536	0.193	-0.192	0.528	-0.081	-0.005	0.851
14.435	0.228	-0.188	0.525	-7.13	-2.65	0.73	-16.72	-12.52	-1.83	44530	0.195	-0.193	0.528	-0.079	-0.005	0.851
14.435	0.230	-0.190	0.526	-7.31	-2.52	0.73	-10.75	-9.25	-1.54	44983	0.197	-0.194	0.528	-0.077	-0.004	0.851
14.452	0.234	-0.189	0.526	-7.45	-2.43	0.72	-3.54	-8.67	-0.85	45018	0.199	-0.194	0.528	-0.075	-0.004	0.851
14.467	0.239	-0.188	0.527	-7.52	-2.34	0.72	3.15	-9.74	-0.12	45042	0.202	-0.195	0.528	-0.074	-0.004	0.850
14.478	0.242	-0.189	0.527	-7.50	-2.25	0.73	11.37	-9.86	0.59	45084	0.204	-0.195	0.528	-0.072	-0.004	0.850
14.487	0.241	-0.192	0.526	-7.41	-2.13	0.74	14.85	-11.02	-0.46	45337	0.206	-0.195	0.528	-0.070	-0.003	0.850
14.491	0.244	-0.192	0.526	-7.27	-2.02	0.75	17.90	-15.75	-0.08	45361	0.209	-0.196	0.528	-0.068	-0.003	0.850
14.506	0.249	-0.196	0.527	-7.07	-1.90	0.79	16.91	-20.37	0.14	45402	0.211	-0.196	0.528	-0.066	-0.003	0.850
14.516	0.252	-0.196	0.527	-6.89	-1.71	0.81	13.91	-28.47	-0.24	45456	0.214	-0.197	0.528	-0.064	-0.003	0.850
14.523	0.249	-0.198	0.527	-6.73	-1.41	0.83	10.32	-33.55	0.14	45501	0.216	-0.198	0.528	-0.063	-0.003	0.850
14.535	0.252	-0.198	0.527	-6.61	-1.09	0.87	5.10	-39.34	0.05	45548	0.219	-0.198	0.528	-0.061	-0.003	0.850
14.545	0.255	-0.197	0.527	-6.55	-0.71	0.91	1.32	-42.20	0.35	45603	0.221	-0.198	0.528	-0.059	-0.003	0.850
14.555	0.262	-0.196	0.528	-6.53	-0.33	0.97	-3.64	-43.90	0.51	45657	0.224	-0.198	0.528	-0.057	-0.003	0.850
14.565	0.262	-0.196	0.526	-6.56	0.12	1.02	-6.12	-42.93	0.26	45717	0.227	-0.198	0.527	-0.056	-0.003	0.850
14.565	0.265	-0.196	0.526	-6.61	0.55	1.07	-7.54	-39.04	0.78	46097	0.229	-0.198	0.527	-0.054	-0.003	0.850
14.578	0.267	-0.196	0.526	-6.68	0.96	1.12	-8.32	-35.09	0.65	46157	0.232	-0.198	0.527	-0.052	-0.003	0.850
14.595	0.270	-0.195	0.526	-6.76	1.32	1.17	-6.53	-29.92	1.11	46218	0.235	-0.197	0.526	-0.050	-0.003	0.850
14.604	0.269	-0.195	0.525	-6.83	1.67	1.21	-4.13	-23.51	1.06	46266	0.237	-0.197	0.526	-0.049	-0.002	0.850
14.608	0.269	-0.195	0.525	-6.87	1.94	1.24	-0.26	-17.30	1.47	46353	0.240	-0.196	0.526	-0.047	-0.002	0.850
14.624	0.278	-0.195	0.525	-6.88	2.07	1.30	3.33	-11.77	1.65	46404	0.243	-0.196	0.525	-0.045	-0.002	0.849
14.627	0.279	-0.196	0.525	-6.84	2.22	1.33	7.93	-7.08	1.54	46454	0.246	-0.195	0.525	-0.044	-0.002	0.849
14.640	0.283	-0.191	0.525	-6.81	2.29	1.36	11.14	-3.44	1.22	46483	0.249	-0.194	0.525	-0.042	-0.002	0.849
14.652	0.286	-0.190	0.525	-6.70	2.33	1.37	13.94	-2.45	-0.17	46521	0.252	-0.193	0.525	-0.040	-0.002	0.850
14.663	0.285	-0.190	0.525	-6.55	2.39	1.37	14.78	-5.02	-0.35	46532	0.255	-0.192	0.524	-0.039	-0.002	0.850
14.675	0.286	-0.190	0.524	-6.39	2.44	1.37	14.67	-11.07	-0.63	46573	0.257	-0.191	0.524	-0.037	-0.002	0.850
14.685	0.291	-0.191	0.524	-6.22	2.51	1.39	13.50	-16.86	-0.41	46612	0.260	-0.190	0.524	-0.036	-0.002	0.850
14.694	0.294	-0.190	0.523	-6.08	2.66	1.40	13.04	-23.66	-1.30	46646	0.263	-0.189	0.524	-0.034	-0.002	0.850
14.703	0.292	-0.183	0.523	-5.99	2.92	1.39	13.63	-28.80	-1.33	46839	0.266	-0.187	0.523	-0.033	-0.002	0.850
14.703	0.294	-0.181	0.523	-5.86	3.19	1.40	13.61	-34.93	-1.74	46890	0.268	-0.185	0.523	-0.031	-0.002	0.849
14.719	0.299	-0.184	0.522	-5.68	3.50	1.43	13.56	-37.69	-2.15	46915	0.271	-0.183	0.523	-0.030	-0.002	0.849
14.735	0.300	-0.173	0.522	-5.62	3.88	1.43	15.86	-38.97	-2.58	46945	0.274	-0.181	0.522	-0.029	-0.001	0.849
14.743	0.302	-0.174	0.521	-5.44	4.27	1.45	15.43	-37.67	-3.12	47010	0.277	-0.178	0.522	-0.027	-0.001	0.849
14.754	0.305	-0.172	0.521	-5.29	4.65	1.46	16.85	-33.96	-3.70	47106	0.280	-0.176	0.522	-0.026	-0.001	0.849
14.763	0.301	-0.168	0.521	-5.14	5.06	1.43	18.41	-29.22	-3.36	47150	0.282	-0.173	0.521	-0.025	-0.001	0.849
14.772	0.304	-0.155	0.520	-5.05	5.35	1.42	20.08	-23.16	-3.97	47166	0.284	-0.169	0.521	-0.024	0.000	0.849
14.782	0.304	-0.160	0.520	-4.78	5.62	1.40	21.32	-16.72	-4.23	47223	0.286	-0.166	0.521	-0.023	0.000	0.849
14.794	0.305	-0.152	0.520	-4.62	5.81	1.37	22.90	-7.15	-4.66	47234	0.289	-0.163	0.520	-0.023	0.001	0.849
14.802	0.308	-0.153	0.519	-4.36	5.90	1.33	23.71	-0.76	-5.07	47263	0.291	-0.160	0.520	-0.022	0.001	0.849
14.814	0.308	-0.144	0.519	-4.17	5.94	1.28	25.36	5.70	-4.96	47269	0.293	-0.155	0.520	-0.021	0.002	0.849
14.825	0.310	-0.146	0.518	-3.87	5.89	1.23	27.39	7.88	-4.86	47298	0.295	-0.152	0.519	-0.020	0.002	0.849
14.831	0.311	-0.133	0.517	-3.69	5.83	1.18	30.42	7.73	-5.34	47418	0.297	-0.148	0.519	-0.020	0.003	0.849
14.846	0.312	-0.123	0.517	-3.45	5.75	1.13	34.00	4.42	-5.52	47448	0.300	-0.142	0.519	-0.019	0.004	0.849
14.854	0.313	-0.119	0.517	-3.12	5.69	1.07	37.12	-1.87	-5.73	47453	0.302	-0.137	0.518	-0.018	0.005	0.848
14.866	0.314	-0.114	0.516	-2.77	5.70	1.01	40.63	-6.83	-6.49	47438	0.304	-0.132	0.518	-0.018	0.006	0.848
14.870	0.313	-0.110	0.516	-2.37	5.78	0.95	43.82	-14.13	-6.15	47461	0.305	-0.126	0.518	-0.017	0.006	0.848
14.884	0.311	-0.111	0.516	-1.89	5.92	0.87	45.52	-18.87	-6.15	47366	0.307	-0.122	0.518	-0.017	0.007	0.848
14.894	0.309	-0.102	0.516	-1.48	6.12	0.81	46.16	-22.34	-6.15	47335	0.308	-0.117	0.517	-0.017	0.008	0.848
14.901	0.308	-0.101	0.515	-0.99	6.34	0.74	45.79	-23.37	-5.69	47326	0.309	-0.112	0.517	-0.017	0.008	0.848
14.910	0.307	-0.094	0.515	-0.55	6.59	0.69	44.03	-22.74	-5.98	47298	0.310	-0.107	0.517	-0.017	0.009	0.848
14.910	0.307	-0.101	0.515	-0.01	6.82	0.61	42.17	-20.62	-5.61	47211	0.310	-0.104	0.517	-0.018	0.009	0.848
14.936	0.309	-0.085	0.515	0.30	7.01	0.58	38.14	-15.48	-5.40	47177	0.311	-0.099	0.517	-0.018	0.010	0.847
14.945	0.308	-0.081	0.515	0.71	7.19	0.52	35.57	-9.98	-5.11	47156	0.312	-0.094	0.517	-0.018	0.010	0.847
14.953	0.307	-0.070	0.515	1.01	7.32	0.48	29.97	-2.60	-4.18	47131	0.313	-0.088	0.517	-0.018	0.011	0.847
14.964	0.309	-0.075	0.515	1.41	7.35	0.43	24.19	5.35	-4.75	47100	0.314	-0.083	0.517	-0.018	0.012	0.847
14.968	0.311	-0.067	0.515	1.64	7.30	0.40	19.95	12.91	-4.22	46955	0.315	-0.079	0.517	-0.019	0.012	0.847
14.982	0.310	-0.067	0.515	1.89	7.19	0.35	15.93	19.78	-4.39	46914	0.316	-0.074	0.517	-0.019	0.013	0.847
14.995	0.310	-0.062	0.515	2.04	7.00	0.32	14.65	24.11	-4.56	46854	0.317	-0.070	0.516	-0.019	0.013	0.847
15.005	0.310	-0.058	0.515	2.19	6.76	0.29	15.19	26.39	-4.32	46812	0.318	-0.066	0.517	-0.020	0.014	0.846
15.011	0.310	-0.053	0.515	2.33	6.50	0.26	17.23	26.04	-4.09	46666	0.319	-0.061	0.517	-0.020	0.014	0.846
15.022	0.310	-0.057	0.515	2.57	6.22	0.21	19.70	24.33	-4.38	46616	0.320	-0.058	0.517	-0.021	0.014	0.846
15.029	0.308	-0.050	0.515	2.73	5.97	0.19	22.74	19.58	-3.97	46567	0.320	-0.054	0.517	-0.021	0.014	0.846
15.045	0.308	-0.046	0.515	2.95	5.76	0.16	25.27	15.30	-3.94	46536	0.321	-0.050	0.517	-0.022	0.015	0.846
15.054	0.307	-0.044	0.515	3.22	5.59	0.13	27.66	10.34	-4.09	46513	0.321	-0.047	0.517	-0.023	0.015	0.846
15.062	0.305	-0.048	0.515	3.55	5.47	0.07	28.28	5.83	-3.85	46478	0.321	-0.044	0.517	-0.023	0.015	0.846
15.070	0.304	-0.035	0.515	3.76	5.39	0.07	28.05	2.53	-3.98	46433	0.321	-0.041	0.517	-0.024	0.015	0.846
15.080	0.305	-0.040	0.515	4.11	5.34	0.01	25.82	1.70	-4.22	46402	0.321	-0.038	0.517	-0.025	0.015	0.846
15.091	0.304	-0.028	0.516	4.30	5.31	0.00	21.81	1.48	-4.53	46383	0.321	-0.034	0.517	-0.026	0.015	0.845
15.102	0.304	-0.030	0.516	4.59	5.27	-0.06	17.37	2.71	-4.42	46332	0.322	-0.031	0.517	-0.027	0.015	0.845
15.102	0.303	-0.014	0.516	4.66	5.24	-0.05	11.76	6.31	-4.92	46316	0.322	-0.027	0.517	-0.028	0.016	0.845
15.120	0.303	-0.016	0.516	4.84	5.17	-0.11	7.10	9.26	-4.73	46306	0.322	-0.023	0.517	-0.029	0.016	0.845
15.135	0.303	-0.014	0.517	4.94	5.07	-0.15	2.43	13.53	-4.45	46298	0.322	-0.020	0.517	-0.030	0.016	0.845
15.135	0.301	-0.005	0.517	4.93	4.95	-0.16	-1.19	16.97	-3.98	46160	0.322	-0.016	0.517	-0.031	0.017	0.845
15.150	0.301	-0.006	0.517	4.96	4.77	-0.20	-2.05	20.47	-3.57	46168	0.322	-0.012	0.517	-0.032	0.017	0.845
15.150	0.301	-0.003	0.517	4.93	4.55	-0.21	-0.05	21.96	-2.96	46167	0.322	-0.009	0.517	-0.033	0.017	0.845
15.173	0.300	-0.003	0.517	4.95	4.32	-0.24	5.64	24.53	-2.86	46159	0.321	-0.006	0.518	-0.034	0.018	0.845
15.181	0.300	-0.007	0.517	5.05	4.06	-0.27	11.15	25.35	-2.41	46161	0.321	-0.004	0.518	-0.035	0.017	0.845
15.181	0.300	0.009	0.517	5.02	3.79	-0.21	17.59	25.50	-1.59	46176	0.321	-0.001	0.518	-0.036	0.018	0.845
15.204	0.297	0.006	0.518	5.24	3.54	-0.23	25.70	24.49	-0.77	46172	0.321	0.002	0.518	-0.037	0.018	0.845
15.213	0.298	0.021	0.518	5.36	3.26	-0.17	28.09	22.43	-0.69	46176	0.321	0.006	0.518	-0.039	0.019	0.845
15.213	0.295	0.015	0.517	5.71	3.03	-0.19	31.46	20.92	-0.07	46157	0.320	0.009	0.518	-0.040	0.019	0.845
15.234	0.293	0.032	0.518	5.89	2.82	-0.11	32.77	17.79	0.18	46206	0.319	0.014	0.518	-0.041	0.020	0.845
15.244	0.295	0.026	0.518	6.28	2.59	-0.12	31.61	15.39	0.75	46206	0.319	0.017	0.518	-0.042	0.021	0.845
15.245	0.289	0.038	0.518	6.51	2.47	-0.05	28.57	13.41	0.19	46208	0.318	0.021	0.518	-0.044	0.021	0.845
15.259	0.287	0.041	0.517	6.81	2.33	-0.03	24.68	11.38	0.68	46199	0.316	0.025	0.518	-0.045	0.022	0.845
15.259	0.283	0.040	0.517	7.09	2.22	-0.02	18.72	8.25	0.63	46324	0.315	0.028	0.517	-0.047	0.023	0.845
15.282	0.282	0.046	0.517	7.26	2.12	0.01	13.92	6.76	0.46	46356	0.313	0.032	0.517	-0.048	0.023	0.845
15.293	0.280	0.049	0.517	7.41	2.05	0.03	6.77	5.40	0.47	46384	0.312	0.035	0.517	-0.050	0.024	0.845
15.298	0.279	0.049	0.517	7.51	1.97	0.03	1.19	5.05	0.42	46397	0.310	0.038	0.517	-0.052	0.025	0.845
15.311	0.275	0.049	0.518	7.55	1.93	0.04	-3.22	5.72	-0.02	46418	0.308	0.041	0.517	-0.053	0.025	0.845
15.323	0.275	0.049	0.518	7.54	1.86	0.04	-3.13	9.02	-0.18	46317	0.307	0.043	0.517	-0.055	0.025	0.845
15.332	0.276	0.051	0.518	7.51	1.74	0.04	-1.62	14.04	0.09	46350	0.305	0.045	0.517	-0.056	0.026	0.845
15.339	0.269	0.050	0.518	7.50	1.66	0.06	1.36	19.75	0.13	46365	0.303	0.047	0.517	-0.058	0.026	0.845
15.355	0.271	0.050	0.517	7.52	1.45	0.07	5.77	24.28	0.11	46374	0.302	0.048	0.517	-0.060	0.026	0.845
15.355	0.265	0.050	0.517	7.56	1.25	0.11	9.73	28.95	0.21	46507	0.299	0.049	0.517	-0.061	0.026	0.845
15.371	0.262	0.051	0.517	7.65	0.98	0.14	12.91	32.51	0.66	46523	0.297	0.050	0.517	-0.063	0.026	0.845
15.382	0.254	0.050	0.517	7.78	0.71	0.19	14.56	34.06	0.85	46524	0.294	0.050	0.517	-0.065	0.026	0.845
15.390	0.256	0.050	0.517	7.93	0.33	0.24	14.81	35.08	0.39	46536	0.291	0.051	0.517	-0.067	0.026	0.845
15.402	0.253	0.048	0.518	8.09	-0.01	0.28	12.86	33.66	0.24	46554	0.289	0.051	0.517	-0.069	0.026	0.845
15.405	0.250	0.048	0.518	8.23	-0.35	0.33	7.87	31.08	-0.13	46289	0.286	0.051	0.517	-0.071	0.026	0.845
15.418	0.252	0.047	0.518	8.33	-0.71	0.36	4.10	28.20	-0.27	46300	0.284	0.050	0.517	-0.072	0.026	0.845
15.418	0.246	0.049	0.518	8.37	-0.98	0.41	-1.84	24.85	-0.96	46316	0.281	0.050	0.517	-0.074	0.026	0.846
15.434	0.247	0.052	0.519	8.33	-1.26	0.44	-7.74	19.92	-0.74	46339	0.278	0.050	0.517	-0.076	0.026	0.846
15.452	0.241	0.037	0.519	8.40	-1.44	0.43	-14.21	15.23	-0.45	46172	0.275	0.048	0.517	-0.077	0.025	0.846
15.464	0.240	0.040	0.519	8.24	-1.62	0.46	-19.15	11.28	-0.51	46215	0.273	0.047	0.518	-0.079	0.025	0.846
15.471	0.237	0.029	0.519	8.15	-1.75	0.44	-23.53	7.22	-0.06	46235	0.270	0.044	0.518	-0.081	0.024	0.846
15.483	0.236	0.033	0.519	7.88	-1.83	0.46	-27.35	5.30	0.51	46287	0.267	0.042	0.518	-0.082	0.024	0.846
15.486	0.236	0.020	0.518	7.72	-1.92	0.43	-29.55	5.73	0.45	46478	0.265	0.039	0.518	-0.084	0.023	0.846
15.504	0.236	0.015	0.518	7.46	-1.99	0.43	-28.95	10.74	0.26	46519	0.263	0.035	0.517	-0.085	0.022	0.846
15.506	0.233	0.015	0.518	7.15	-2.08	0.45	-28.85	17.60	0.13	46538	0.260	0.032	0.517	-0.086	0.021	0.846
15.518	0.233	0.009	0.518	6.90	-2.25	0.45	-27.05	23.25	0.40	46560	0.258	0.028	0.517	-0.088	0.020	0.846
15.518	0.234	0.012	0.518	6.58	-2.49	0.48	-25.53	28.79	-0.14	46592	0.256	0.025	0.517	-0.089	0.019	0.847
15.534	0.232	0.003	0.517	6.38	-2.77	0.50	-24.25	32.73	-0.13	46646	0.254	0.021	0.517	-0.090	0.018	0.847
15.552	0.232	0.009	0.517	6.07	-3.11	0.53	-23.49	35.19	-0.11	46670	0.252	0.018	0.517	-0.091	0.018	0.847
15.552	0.234	-0.003	0.517	5.92	-3.50	0.54	-23.07	34.90	0.20	46668	0.251	0.014	0.517	-0.092	0.017	0.847
15.569	0.236	-0.012	0.517	5.74	-3.88	0.55	-23.24	33.55	-0.41	46684	0.250	0.009	0.516	-0.092	0.016	0.847
15.583	0.235	-0.007	0.516	5.45	-4.22	0.59	-24.53	29.26	-0.63	46757	0.249	0.005	0.516	-0.093	0.015	0.847
15.583	0.229	-0.019	0.516	5.29	-4.50	0.62	-26.39	23.05	-0.90	46766	0.247	0.000	0.516	-0.094	0.014	0.847
15.598	0.229	-0.028	0.516	5.09	-4.76	0.63	-28.25	17.00	-0.59	46796	0.245	-0.005	0.516	-0.095	0.013	0.847
15.613	0.227	-0.031	0.516	4.81	-4.95	0.64	-30.35	8.43	-0.60	46813	0.243	-0.010	0.516	-0.096	0.012	0.847
15.623	0.226	-0.039	0.516	4.55	-5.06	0.63	-32.60	1.58	-0.98	46827	0.241	-0.016	0.515	-0.096	0.011	0.847
15.631	0.226	-0.048	0.516	4.28	-5.10	0.62	-34.95	-4.83	-0.94	46751	0.240	-0.022	0.515	-0.097	0.010	0.847
15.631	0.225	-0.041	0.516	3.84	-5.07	0.61	-36.75	-10.68	-0.92	46767	0.238	-0.027	0.515	-0.098	0.009	0.847
15.645	0.224	-0.057	0.516	3.59	-4.98	0.60	-38.91	-13.01	-1.42	46729	0.236	-0.033	0.515	-0.098	0.008	0.847
15.661	0.223	-0.059	0.515	3.18	-4.86	0.58	-40.27	-11.00	-2.16	46753	0.234	-0.039	0.515	-0.099	0.007	0.847
15.665	0.222	-0.067	0.515	2.82	-4.74	0.55	-42.76	-6.59	-2.67	46851	0.233	-0.045	0.515	-0.099	0.006	0.847
15.684	0.222	-0.063	0.515	2.33	-4.67	0.51	-43.76	-1.49	-2.97	46843	0.231	-0.050	0.515	-0.100	0.005	0.847
15.695	0.223	-0.070	0.514	1.92	-4.65	0.48	-44.18	6.88	-3.23	46829	0.230	-0.055	0.514	-0.100	0.004	0.847
15.698	0.224	-0.077	0.514	1.50	-4.72	0.44	-44.21	13.66	-3.64	46837	0.229	-0.061	0.514	-0.101	0.003	0.847
15.709	0.225	-0.077	0.514	1.02	-4.84	0.40	-43.27	20.00	-3.42	46792	0.228	-0.066	0.514	-0.101	0.003	0.847
15.709	0.226	-0.075	0.514	0.53	-5.04	0.36	-40.18	23.77	-3.36	46764	0.227	-0.070	0.514	-0.101	0.002	0.847
15.732	0.226	-0.086	0.514	0.18	-5.28	0.33	-36.82	26.17	-2.84	46731	0.226	-0.075	0.514	-0.101	0.002	0.847
15.740	0.226	-0.096	0.514	-0.16	-5.54	0.31	-34.98	25.74	-2.71	46732	0.225	-0.080	0.514	-0.101	0.001	0.847
15.740	0.227	-0.098	0.514	-0.53	-5.81	0.27	-30.41	22.76	-2.49	46733	0.224	-0.085	0.514	-0.100	0.000	0.847
15.762	0.228	-0.097	0.513	-0.90	-6.05	0.23	-27.03	17.22	-1.93	46773	0.224	-0.090	0.514	-0.100	-0.000	0.847
15.772	0.227	-0.106	0.513	-1.13	-6.23	0.21	-23.88	11.02	-1.99	46753	0.223	-0.095	0.514	-0.100	-0.001	0.847
15.775	0.228	-0.114	0.513	-1.35	-6.36	0.20	-21.60	3.60	-1.57	46744	0.223	-0.100	0.513	-0.100	-0.001	0.847
15.790	0.228	-0.118	0.513	-1.57	-6.42	0.18	-19.94	-4.25	-1.68	46718	0.222	-0.105	0.513	-0.099	-0.002	0.847
15.803	0.227	-0.115	0.513	-1.84	-6.38	0.15	-17.93	-11.60	-1.51	46628	0.221	-0.109	0.513	-0.099	-0.002	0.847
15.803	0.227	-0.125	0.513	-1.97	-6.28	0.16	-16.65	-19.05	-1.61	46604	0.221	-0.114	0.513	-0.099	-0.003	0.847
15.819	0.226	-0.132	0.513	-2.11	-6.10	0.16	-16.45	-23.62	-0.94	46589	0.220	-0.119	0.513	-0.099	-0.003	0.847
15.819	0.227	-0.132	0.513	-2.32	-5.88	0.15	-18.91	-24.29	-1.00	46558	0.219	-0.124	0.513	-0.098	-0.004	0.847
15.835	0.227	-0.140	0.514	-2.47	-5.63	0.16	-22.34	-23.15	-0.63	46526	0.219	-0.129	0.513	-0.098	-0.004	0.847
15.854	0.229	-0.143	0.514	-2.69	-5.40	0.16	-26.51	-19.84	-1.22	46389	0.218	-0.133	0.513	-0.097	-0.005	0.847
15.854	0.229	-0.144	0.514	-2.96	-5.19	0.15	-30.82	-14.87	-1.70	46372	0.218	-0.138	0.513	-0.097	-0.005	0.847
15.867	0.231	-0.153	0.514	-3.22	-5.03	0.16	-34.85	-9.53	-1.90	46338	0.218	-0.142	0.513	-0.096	-0.006	0.847
15.883	0.232	-0.157	0.514	-3.56	-4.91	0.15	-38.22	-4.35	-2.09	46307	0.217	-0.147	0.513	-0.095	-0.006	0.847
15.885	0.234	-0.164	0.514	-3.90	-4.87	0.14	-39.04	0.22	-2.53	46381	0.218	-0.152	0.513	-0.094	-0.007	0.847
15.900	0.235	-0.174	0.514	-4.24	-4.85	0.13	-37.33	4.32	-2.31	46377	0.218	-0.157	0.513	-0.093	-0.008	0.847
15.900	0.237	-0.167	0.514	-4.72	-4.88	0.07	-35.69	4.90	-2.23	46372	0.218	-0.161	0.513	-0.093	-0.008	0.847
15.914	0.239	-0.177	0.513	-5.02	-4.94	0.07	-30.70	5.51	-1.53	46357	0.219	-0.166	0.513	-0.091	-0.008	0.847
15.930	0.240	-0.184	0.513	-5.33	-4.99	0.05	-25.66	5.20	-1.11	46478	0.219	-0.171	0.513	-0.090	-0.009	0.847
15.930	0.242	-0.187	0.513	-5.60	-5.04	0.04	-21.56	2.02	-0.30	46468	0.220	-0.176	0.513	-0.089	-0.010	0.847
15.949	0.242	-0.190	0.513	-5.83	-5.06	0.03	-15.98	-1.23	-0.35	46466	0.220	-0.180	0.513	-0.088	-0.010	0.847
15.962	0.245	-0.198	0.513	-5.97	-5.07	0.04	-10.70	-5.79	-0.28	46465	0.221	-0.185	0.513	-0.087	-0.011	0.847
15.968	0.246	-0.198	0.513	-6.12	-5.02	0.03	-3.61	-10.04	0.39	46454	0.222	-0.189	0.513	-0.086	-0.011	0.847
15.980	0.247	-0.202	0.514	-6.17	-4.93	0.05	-1.76	-13.06	0.46	46379	0.223	-0.193	0.513	-0.084	-0.012	0.847
15.994	0.248	-0.208	0.514	-6.16	-4.79	0.08	-1.79	-18.72	0.95	46377	0.223	-0.197	0.513	-0.083	-0.012	0.848
15.999	0.249	-0.210	0.514	-6.18	-4.62	0.10	-4.31	-21.54	0.96	46376	0.224	-0.201	0.513	-0.082	-0.013	0.848
16.015	0.254	-0.208	0.513	-6.25	-4.44	0.11	-10.05	-24.96	1.53	46372	0.225	-0.204	0.513	-0.080	-0.013	0.848
16.016	0.255	-0.206	0.513	-6.37	-4.19	0.14	-15.69	-26.66	1.39	46433	0.227	-0.206	0.513	-0.079	-0.013	0.848
16.032	0.259	-0.216	0.513	-6.45	-3.94	0.21	-21.28	-27.68	1.07	46450	0.228	-0.210	0.513	-0.078	-0.013	0.848
16.032	0.263	-0.213	0.513	-6.69	-3.69	0.23	-24.77	-27.60	0.70	46458	0.230	-0.212	0.512	-0.076	-0.013	0.848
16.046	0.265	-0.212	0.513	-6.96	-3.41	0.25	-26.64	-26.95	-0.17	46463	0.232	-0.214	0.512	-0.074	-0.013	0.848
16.064	0.267	-0.215	0.514	-7.20	-3.13	0.29	-26.35	-24.55	-0.42	46482	0.234	-0.216	0.512	-0.073	-0.013	0.848
16.066	0.267	-0.217	0.514	-7.47	-2.86	0.32	-24.83	-22.71	-0.23	46375	0.235	-0.218	0.513	-0.071	-0.013	0.848
16.078	0.274	-0.214	0.514	-7.76	-2.67	0.33	-20.07	-20.17	-0.01	46380	0.238	-0.219	0.513	-0.069	-0.013	0.848
16.095	0.275	-0.214	0.514	-7.99	-2.45	0.35	-13.08	-17.41	0.39	46389	0.240	-0.220	0.513	-0.067	-0.013	0.848
16.099	0.277	-0.217	0.515	-8.12	-2.26	0.39	-6.28	-15.06	0.58	46385	0.242	-0.221	0.513	-0.066	-0.013	0.849
16.110	0.284	-0.221	0.515	-8.18	-2.13	0.43	2.48	-13.61	0.62	46250	0.245	-0.222	0.513	-0.064	-0.013	0.849
16.110	0.288	-0.222	0.515	-8.20	-2.01	0.45	7.81	-12.36	0.03	46258	0.248	-0.223	0.513	-0.062	-0.012	0.849
16.129	0.291	-0.223	0.515	-8.13	-1.88	0.47	15.86	-11.47	-0.17	46253	0.251	-0.224	0.513	-0.059	-0.012	0.849
16.142	0.294	-0.224	0.515	-8.00	-1.77	0.49	20.83	-12.17	-0.56	46235	0.253	-0.225	0.513	-0.057	-0.012	0.849
16.142	0.299	-0.228	0.515	-7.77	-1.67	0.52	22.47	-13.48	-0.64	46151	0.257	-0.226	0.513	-0.055	-0.012	0.849
16.158	0.300	-0.230	0.515	-7.54	-1.52	0.53	21.29	-16.71	-1.19	46158	0.260	-0.227	0.513	-0.053	-0.013	0.849
16.158	0.302	-0.229	0.515	-7.33	-1.35	0.53	17.35	-22.47	-1.66	46165	0.263	-0.228	0.513	-0.051	-0.013	0.850
16.177	0.305	-0.230	0.516	-7.14	-1.14	0.55	12.57	-26.46	-1.20	46169	0.266	-0.229	0.513	-0.049	-0.013	0.850
16.189	0.311	-0.221	0.515	-7.08	-0.91	0.53	4.81	-32.19	-1.33	46189	0.269	-0.228	0.513	-0.047	-0.012	0.850
16.199	0.314	-0.221	0.515	-7.01	-0.61	0.56	-0.96	-36.94	-1.26	46323	0.273	-0.228	0.513	-0.045	-0.012	0.850
16.208	0.316	-0.220	0.515	-7.01	-0.24	0.59	-5.46	-39.18	-2.07	46332	0.276	-0.227	0.513	-0.043	-0.012	0.850
16.221	0.319	-0.220	0.515	-7.05	0.14	0.61	-8.57	-40.60	-2.45	46340	0.279	-0.226	0.513	-0.041	-0.011	0.850
16.234	0.315	-0.219	0.512	-7.15	0.59	0.62	-9.31	-40.42	-2.68	46346	0.282	-0.225	0.512	-0.039	-0.011	0.850
16.243	0.318	-0.219	0.512	-7.25	1.00	0.64	-7.64	-39.70	-3.20	46849	0.285	-0.224	0.512	-0.038	-0.011	0.850
16.252	0.322	-0.218	0.512	-7.33	1.39	0.67	-3.56	-34.83	-2.88	46862	0.287	-0.223	0.512	-0.036	-0.011	0.850
16.252	0.325	-0.218	0.512	-7.38	1.75	0.68	0.99	-30.53	-2.72	46872	0.290	-0.222	0.511	-0.034	-0.010	0.850
16.269	0.329	-0.221	0.512	-7.35	2.06	0.71	7.04	-23.64	-2.82	46881	0.294	-0.222	0.511	-0.032	-0.010	0.850
16.269	0.332	-0.220	0.512	-7.30	2.32	0.71	12.76	-18.42	-3.41	46891	0.297	-0.221	0.511	-0.031	-0.010	0.851
16.292	0.333	-0.222	0.512	-7.17	2.54	0.71	19.76	-11.94	-3.39	46863	0.300	-0.221	0.511	-0.029	-0.010	0.851
16.301	0.336	-0.221	0.511	-6.99	2.68	0.69	23.94	-7.37	-3.93	46862	0.303	-0.220	0.510	-0.027	-0.010	0.851
16.301	0.342	-0.219	0.511	-6.77	2.75	0.67	28.01	-1.75	-3.78	46866	0.306	-0.219	0.510	-0.026	-0.010	0.851
16.315	0.345	-0.218	0.511	-6.50	2.78	0.64	30.48	-0.36	-3.81	46852	0.310	-0.218	0.510	-0.024	-0.010	0.851
16.331	0.347	-0.217	0.511	-6.20	2.80	0.60	30.14	-1.04	-4.24	46924	0.313	-0.217	0.510	-0.022	-0.010	0.851
16.331	0.350	-0.215	0.510	-5.89	2.81	0.56	28.07	-6.43	-4.67	46924	0.317	-0.215	0.510	-0.020	-0.010	0.851
16.348	0.348	-0.215	0.510	-5.59	2.90	0.51	24.97	-12.87	-4.98	46909	0.320	-0.214	0.509	-0.019	-0.010	0.851
16.362	0.351	-0.214	0.510	-5.33	3.01	0.47	19.99	-20.25	-5.18	46893	0.323	-0.213	0.509	-0.017	-0.010	0.851
16.365	0.353	-0.206	0.508	-5.17	3.20	0.43	14.67	-26.54	-5.27	47176	0.325	-0.211	0.509	-0.016	-0.010	0.851
16.381	0.355	-0.204	0.508	-5.00	3.45	0.40	11.04	-31.19	-4.92	47168	0.328	-0.208	0.508	-0.015	-0.010	0.851
16.394	0.352	-0.208	0.508	-4.82	3.79	0.36	7.51	-33.77	-4.91	47164	0.331	-0.207	0.508	-0.014	-0.010	0.851
16.402	0.348	-0.191	0.508	-4.86	4.18	0.30	6.00	-34.60	-4.70	47192	0.332	-0.203	0.508	-0.013	-0.009	0.851
16.410	0.352	-0.190	0.508	-4.79	4.51	0.28	5.80	-32.73	-4.88	47177	0.334	-0.200	0.508	-0.012	-0.009	0.851
16.410	0.348	-0.181	0.508	-4.78	4.90	0.23	7.03	-28.74	-5.28	47138	0.336	-0.196	0.507	-0.011	-0.008	0.851
16.426	0.357	-0.182	0.507	-4.69	5.15	0.24	10.35	-22.70	-4.97	47126	0.338	-0.192	0.507	-0.011	-0.008	0.851
16.441	0.355	-0.188	0.507	-4.52	5.43	0.20	12.96	-16.08	-4.63	47109	0.340	-0.190	0.507	-0.010	-0.008	0.851
16.441	0.361	-0.173	0.509	-4.49	5.58	0.17	17.50	-6.48	-4.85	47116	0.343	-0.186	0.507	-0.009	-0.007	0.851
16.458	0.362	-0.176	0.508	-4.28	5.68	0.13	21.85	0.35	-4.96	46814	0.345	-0.183	0.507	-0.008	-0.007	0.851
16.458	0.363	-0.171	0.508	-4.08	5.71	0.08	25.94	7.00	-4.93	46804	0.347	-0.179	0.507	-0.007	-0.006	0.851
16.474	0.364	-0.168	0.508	-3.83	5.67	0.03	29.38	12.65	-4.54	46776	0.350	-0.175	0.508	-0.007	-0.006	0.851
16.493	0.365	-0.162	0.508	-3.57	5.57	-0.02	31.73	16.31	-4.13	46758	0.352	-0.172	0.508	-0.006	-0.005	0.851
16.499	0.367	-0.164	0.507	-3.21	5.41	-0.08	34.61	14.78	-4.10	46721	0.354	-0.168	0.508	-0.005	-0.005	0.851
16.505	0.368	-0.157	0.507	-2.91	5.26	-0.12	36.99	10.46	-4.51	46878	0.356	-0.164	0.507	-0.005	-0.005	0.851
16.524	0.369	-0.147	0.507	-2.59	5.14	-0.17	38.06	4.02	-4.99	46864	0.359	-0.160	0.507	-0.004	-0.004	0.851
16.534	0.370	-0.141	0.507	-2.23	5.08	-0.22	38.47	-4.08	-5.32	46835	0.361	-0.155	0.507	-0.004	-0.003	0.851
16.542	0.369	-0.144	0.507	-1.79	5.10	-0.28	38.00	-10.87	-5.03	46798	0.362	-0.151	0.507	-0.003	-0.003	0.851
16.553	0.370	-0.139	0.507	-1.42	5.19	-0.33	36.50	-16.99	-4.97	46860	0.364	-0.147	0.507	-0.003	-0.003	0.851
16.557	0.370	-0.133	0.507	-1.07	5.34	-0.38	33.99	-21.68	-5.08	46848	0.366	-0.143	0.507	-0.003	-0.002	0.851
16.569	0.370	-0.129	0.507	-0.71	5.55	-0.42	30.00	-23.21	-4.45	46823	0.367	-0.138	0.507	-0.003	-0.002	0.851
16.585	0.369	-0.125	0.507	-0.40	5.79	-0.47	26.53	-23.57	-4.25	46806	0.369	-0.134	0.507	-0.003	-0.001	0.851
16.590	0.371	-0.125	0.506	-0.09	6.01	-0.51	21.53	-19.88	-4.30	46893	0.370	-0.130	0.507	-0.003	-0.001	0.851
16.602	0.369	-0.119	0.506	0.12	6.25	-0.56	18.63	-15.56	-3.81	46883	0.371	-0.126	0.507	-0.003	-0.001	0.851
16.609	0.371	-0.118	0.506	0.35	6.40	-0.60	15.67	-9.79	-3.75	46880	0.373	-0.122	0.507	-0.003	-0.000	0.851
16.619	0.371	-0.114	0.506	0.52	6.52	-0.64	13.86	-2.41	-3.64	46869	0.374	-0.119	0.507	-0.003	-0.000	0.851
16.632	0.371	-0.105	0.506	0.62	6.57	-0.66	12.63	3.89	-3.74	46868	0.375	-0.114	0.507	-0.003	0.000	0.851
16.637	0.372	-0.095	0.506	0.70	6.55	-0.68	12.68	7.91	-3.60	46769	0.377	-0.109	0.507	-0.003	0.001	0.851
16.650	0.372	-0.091	0.506	0.83	6.49	-0.71	15.78	11.88	-3.21	46752	0.378	-0.104	0.507	-0.004	0.002	0.851
16.663	0.373	-0.081	0.506	0.92	6.36	-0.72	23.45	13.05	-2.88	46738	0.379	-0.098	0.507	-0.004	0.003	0.851
16.664	0.374	-0.080	0.506	1.15	6.23	-0.75	31.95	11.20	-2.66	46723	0.380	-0.093	0.507	-0.004	0.003	0.851
16.680	0.374	-0.079	0.506	1.47	6.10	-0.78	40.69	7.83	-2.62	46709	0.381	-0.089	0.507	-0.005	0.004	0.851
16.690	0.373	-0.075	0.506	1.85	6.01	-0.81	49.04	3.38	-2.64	46667	0.382	-0.084	0.507	-0.005	0.004	0.851
16.700	0.372	-0.068	0.506	2.29	5.97	-0.82	55.28	-1.32	-2.85	46625	0.383	-0.080	0.507	-0.006	0.005	0.851
16.712	0.372	-0.069	0.506	2.86	5.96	-0.86	60.59	-5.06	-3.19	46576	0.384	-0.075	0.507	-0.006	0.005	0.851
16.715	0.371	-0.073	0.507	3.52	5.99	-0.92	61.52	-7.42	-2.99	46512	0.385	-0.072	0.507	-0.007	0.005	0.851
16.728	0.371	-0.061	0.507	4.07	6.05	-0.93	60.10	-7.87	-2.37	46421	0.385	-0.068	0.507	-0.008	0.005	0.851
16.728	0.369	-0.063	0.507	4.73	6.13	-0.98	54.92	-6.79	-1.68	46370	0.386	-0.065	0.507	-0.009	0.006	0.851
16.751	0.368	-0.059	0.507	5.29	6.20	-1.00	47.00	-4.62	-1.77	46326	0.386	-0.062	0.507	-0.009	0.006	0.851
16.760	0.367	-0.058	0.509	5.81	6.24	-1.03	35.10	-1.51	-1.27	46297	0.386	-0.059	0.508	-0.010	0.006	0.851
16.760	0.368	-0.055	0.509	6.20	6.25	-1.04	22.48	3.28	-0.88	45955	0.386	-0.056	0.508	-0.011	0.006	0.851
16.776	0.366	-0.052	0.510	6.47	6.23	-1.05	10.00	8.12	-0.78	45925	0.386	-0.053	0.508	-0.012	0.006	0.851
16.793	0.365	-0.044	0.510	6.57	6.16	-1.03	-1.36	13.31	-0.94	45905	0.386	-0.049	0.508	-0.013	0.006	0.851
16.800	0.364	-0.041	0.512	6.60	6.04	-1.03	-11.94	18.00	-1.38	45889	0.386	-0.046	0.509	-0.015	0.006	0.851
16.807	0.363	-0.037	0.512	6.50	5.87	-1.01	-21.47	23.86	-0.99	45626	0.386	-0.043	0.509	-0.016	0.007	0.852
16.823	0.361	-0.034	0.512	6.31	5.65	-1.00	-25.71	27.85	-1.08	45611	0.386	-0.040	0.510	-0.017	0.007	0.852
16.823	0.357	-0.032	0.513	6.06	5.40	-0.99	-25.57	30.66	-0.64	45603	0.385	-0.037	0.510	-0.018	0.007	0.852
16.843	0.353	-0.030	0.513	5.80	5.12	-0.97	-21.06	31.74	-0.50	45600	0.384	-0.034	0.510	-0.020	0.007	0.852
16.843	0.356	-0.030	0.512	5.59	4.77	-0.95	-12.47	31.11	-0.98	45582	0.383	-0.032	0.511	-0.021	0.008	0.852
16.864	0.348	-0.029	0.513	5.45	4.49	-0.94	-3.19	30.03	-0.97	45702	0.381	-0.030	0.511	-0.023	0.008	0.852
16.874	0.349	-0.030	0.513	5.41	4.12	-0.92	7.37	29.07	-1.30	45675	0.380	-0.028	0.511	-0.025	0.007	0.853
16.878	0.346	-0.031	0.513	5.49	3.83	-0.92	16.10	26.65	-1.41	45636	0.379	-0.027	0.511	-0.026	0.007	0.853
16.891	0.345	-0.026	0.514	5.60	3.55	-0.89	23.47	24.83	-1.32	45610	0.377	-0.025	0.511	-0.028	0.007	0.853
16.903	0.342	-0.025	0.514	5.83	3.30	-0.88	25.45	22.43	-1.40	45484	0.376	-0.023	0.511	-0.030	0.007	0.853
16.906	0.339	-0.025	0.515	6.10	3.07	-0.88	26.33	21.41	-0.95	45485	0.374	-0.022	0.512	-0.031	0.007	0.853
16.918	0.339	-0.019	0.515	6.32	2.83	-0.85	21.92	20.84	-0.56	45478	0.372	-0.020	0.512	-0.033	0.007	0.854
16.934	0.338	-0.018	0.515	6.55	2.61	-0.83	16.16	20.74	0.09	45485	0.371	-0.019	0.512	-0.035	0.007	0.854
16.940	0.336	-0.019	0.515	6.75	2.40	-0.82	8.45	20.04	0.40	45524	0.369	-0.018	0.512	-0.036	0.007	0.854
16.951	0.333	-0.022	0.515	6.87	2.19	-0.81	0.67	20.01	0.87	45737	0.367	-0.017	0.512	-0.038	0.007	0.854
16.960	0.330	-0.021	0.515	6.89	1.99	-0.78	-6.74	18.72	1.12	45781	0.365	-0.017	0.512	-0.040	0.007	0.855
16.968	0.323	-0.015	0.515	6.79	1.84	-0.72	-12.90	16.77	2.28	45819	0.363	-0.016	0.512	-0.042	0.007	0.855
16.983	0.324	-0.013	0.516	6.66	1.65	-0.68	-17.95	15.25	2.35	45865	0.361	-0.015	0.512	-0.044	0.007	0.855
16.992	0.322	-0.010	0.516	6.46	1.49	-0.63	-21.76	15.56	1.93	45850	0.358	-0.013	0.512	-0.046	0.007	0.855
17.000	0.319	-0.009	0.516	6.24	1.34	-0.59	-20.88	16.47	1.59	45881	0.356	-0.012	0.512	-0.047	0.007	0.856
17.013	0.321	-0.017	0.516	6.10	1.13	-0.60	-16.76	19.18	1.94	45916	0.354	-0.012	0.512	-0.049	0.007	0.856
17.023	0.320	-0.020	0.516	5.96	0.93	-0.58	-9.36	23.46	2.80	45957	0.352	-0.013	0.512	-0.051	0.006	0.856
17.030	0.319	-0.020	0.516	5.86	0.69	-0.53	-2.44	24.98	3.36	45986	0.350	-0.013	0.512	-0.052	0.006	0.856
17.042	0.318	-0.019	0.516	5.82	0.44	-0.47	3.71	30.09	3.06	46000	0.349	-0.014	0.512	-0.054	0.006	0.857
17.053	0.314	-0.020	0.516	5.85	0.16	-0.41	9.20	31.70	3.49	46000	0.347	-0.014	0.512	-0.055	0.006	0.857
17.062	0.311	-0.022	0.516	5.95	-0.15	-0.36	11.61	31.98	3.91	46016	0.344	-0.015	0.512	-0.057	0.005	0.857
17.073	0.311	-0.023	0.516	6.07	-0.49	-0.30	13.15	31.64	3.49	46041	0.342	-0.016	0.512	-0.059	0.005	0.858
17.085	0.313	-0.025	0.516	6.22	-0.84	-0.25	12.43	30.75	3.42	46150	0.341	-0.017	0.512	-0.060	0.004	0.858
17.093	0.310	-0.027	0.516	6.36	-1.14	-0.18	9.67	27.64	3.75	46180	0.339	-0.019	0.512	-0.062	0.004	0.858
17.103	0.309	-0.027	0.516	6.46	-1.44	-0.12	5.17	23.76	4.06	46212	0.337	-0.020	0.512	-0.063	0.004	0.858
17.115	0.309	-0.026	0.515	6.50	-1.69	-0.05	-0.27	19.21	4.48	46242	0.336	-0.021	0.512	-0.064	0.003	0.859
17.125	0.302	-0.026	0.515	6.50	-1.84	0.03	-7.26	13.61	4.25	46389	0.333	-0.022	0.512	-0.066	0.003	0.859
17.133	0.298	-0.022	0.515	6.40	-1.97	0.11	-13.36	8.22	4.64	46431	0.330	-0.023	0.511	-0.067	0.003	0.859
17.146	0.297	-0.021	0.515	6.27	-2.07	0.16	-18.25	3.03	4.29	46460	0.328	-0.023	0.511	-0.069	0.003	0.859
17.153	0.295	-0.028	0.514	6.14	-2.11	0.19	-22.67	-0.80	4.62	46491	0.326	-0.024	0.511	-0.071	0.003	0.860
17.164	0.295	-0.029	0.514	5.93	-2.13	0.23	-23.85	-1.90	3.52	46536	0.323	-0.026	0.511	-0.072	0.003	0.860
17.174	0.293	-0.035	0.514	5.72	-2.11	0.25	-23.28	0.14	4.00	46518	0.321	-0.028	0.511	-0.073	0.003	0.860
17.182	0.291	-0.036	0.514	5.49	-2.10	0.29	-21.36	5.12	3.47	46537	0.319	-0.030	0.511	-0.075	0.002	0.860
17.193	0.289	-0.037	0.514	5.28	-2.14	0.33	-18.67	11.03	4.39	46545	0.316	-0.032	0.511	-0.076	0.002	0.861
17.203	0.286	-0.045	0.513	5.14	-2.23	0.38	-15.00	18.07	4.45	46556	0.314	-0.035	0.510	-0.078	0.002	0.861
17.212	0.287	-0.042	0.513	4.95	-2.43	0.43	-11.01	24.60	4.38	46652	0.312	-0.037	0.510	-0.079	0.001	0.861
17.226	0.285	-0.046	0.513	4.85	-2.65	0.49	-6.15	29.67	4.48	46653	0.309	-0.039	0.510	-0.080	0.001	0.861
17.235	0.286	-0.058	0.513	4.87	-2.97	0.53	-5.58	33.61	3.59	46641	0.307	-0.043	0.510	-0.081	0.000	0.862
17.246	0.282	-0.057	0.513	4.79	-3.28	0.61	-5.21	34.68	3.87	46663	0.305	-0.046	0.510	-0.082	-0.000	0.862
17.254	0.286	-0.063	0.513	4.78	-3.67	0.65	-6.00	34.17	3.86	46647	0.303	-0.050	0.510	-0.083	-0.001	0.862
17.264	0.289	-0.070	0.512	4.76	-4.05	0.69	-8.87	30.82	3.92	46649	0.302	-0.054	0.510	-0.084	-0.002	0.862
17.266	0.286	-0.066	0.512	4.63	-4.35	0.76	-12.89	26.87	3.42	46663	0.301	-0.057	0.509	-0.085	-0.002	0.862
17.280	0.287	-0.080	0.512	4.61	-4.64	0.80	-16.63	20.55	3.04	46675	0.299	-0.062	0.509	-0.085	-0.003	0.863
17.293	0.287	-0.093	0.512	4.53	-4.87	0.83	-21.51	13.26	2.89	46709	0.298	-0.068	0.509	-0.086	-0.005	0.863
17.304	0.286	-0.089	0.512	4.27	-5.01	0.88	-24.84	5.24	3.25	46640	0.297	-0.072	0.509	-0.086	-0.005	0.863
17.306	0.286	-0.099	0.512	4.08	-5.09	0.91	-28.43	-3.40	3.42	46642	0.296	-0.078	0.509	-0.087	-0.007	0.863
17.324	0.285	-0.105	0.512	3.83	-5.07	0.94	-31.77	-8.26	3.36	46669	0.294	-0.083	0.509	-0.087	-0.008	0.864
17.333	0.283	-0.101	0.511	3.46	-4.98	0.97	-35.10	-9.98	3.12	46674	0.293	-0.088	0.509	-0.088	-0.008	0.864
17.340	0.283	-0.110	0.511	3.16	-4.89	0.99	-36.96	-7.85	2.88	46718	0.292	-0.093	0.509	-0.088	-0.009	0.864
17.349	0.283	-0.110	0.511	2.77	-4.81	1.01	-39.13	-4.26	2.34	46729	0.290	-0.097	0.509	-0.089	-0.010	0.864
17.362	0.283	-0.112	0.511	2.36	-4.77	1.03	-40.26	1.10	1.34	46710	0.289	-0.102	0.509	-0.089	-0.010	0.864
17.374	0.284	-0.122	0.511	2.02	-4.79	1.04	-40.92	7.78	0.72	46693	0.288	-0.107	0.508	-0.089	-0.011	0.864
17.383	0.285	-0.125	0.510	1.61	-4.87	1.04	-39.67	13.70	0.73	46698	0.287	-0.112	0.508	-0.089	-0.012	0.865
17.391	0.283	-0.123	0.510	1.17	-4.99	1.05	-37.63	17.31	0.87	46741	0.286	-0.116	0.508	-0.089	-0.012	0.865
17.402	0.283	-0.128	0.510	0.80	-5.16	1.07	-35.46	20.62	0.83	46714	0.285	-0.120	0.508	-0.089	-0.013	0.865
17.413	0.285	-0.139	0.510	0.51	-5.38	1.08	-33.43	21.66	0.77	46682	0.285	-0.125	0.508	-0.089	-0.013	0.865
17.422	0.286	-0.131	0.511	0.08	-5.61	1.07	-29.82	20.77	1.65	46671	0.284	-0.129	0.508	-0.089	-0.013	0.865
17.431	0.286	-0.147	0.511	-0.12	-5.81	1.10	-26.22	18.91	1.36	46489	0.283	-0.134	0.508	-0.089	-0.014	0.865
17.439	0.287	-0.158	0.510	-0.33	-6.02	1.12	-23.63	14.89	1.82	46477	0.283	-0.139	0.508	-0.089	-0.015	0.866
17.449	0.288	-0.169	0.510	-0.51	-6.18	1.15	-21.18	9.39	1.78	46466	0.282	-0.146	0.508	-0.089	-0.016	0.866
17.456	0.289	-0.173	0.510	-0.72	-6.28	1.16	-19.15	2.93	1.35	46467	0.282	-0.152	0.508	-0.088	-0.017	0.866
17.473	0.288	-0.181	0.510	-0.87	-6.32	1.19	-17.58	-3.80	0.78	46481	0.281	-0.158	0.508	-0.088	-0.018	0.866
17.482	0.288	-0.179	0.510	-1.10	-6.29	1.19	-17.55	-10.42	0.73	46473	0.281	-0.164	0.508	-0.088	-0.019	0.866
17.490	0.287	-0.176	0.510	-1.34	-6.18	1.19	-19.32	-16.00	1.12	46462	0.280	-0.168	0.508	-0.087	-0.020	0.867
17.505	0.290	-0.188	0.510	-1.46	-6.05	1.22	-23.36	-17.96	1.37	46438	0.280	-0.174	0.508	-0.087	-0.020	0.867
17.513	0.291	-0.192	0.511	-1.68	-5.87	1.23	-29.37	-18.82	1.07	46442	0.280	-0.179	0.508	-0.086	-0.021	0.867
17.523	0.291	-0.200	0.511	-1.93	-5.68	1.26	-34.50	-17.77	0.68	46217	0.280	-0.184	0.508	-0.086	-0.022	0.867
17.533	0.296	-0.214	0.511	-2.17	-5.53	1.29	-38.88	-15.27	0.23	46225	0.280	-0.191	0.508	-0.085	-0.023	0.867
17.540	0.297	-0.225	0.511	-2.50	-5.38	1.33	-42.38	-11.45	-0.13	46234	0.281	-0.198	0.508	-0.084	-0.024	0.868
17.549	0.296	-0.216	0.512	-3.04	-5.23	1.30	-45.08	-7.67	-0.88	46228	0.281	-0.203	0.508	-0.083	-0.025	0.868
17.557	0.300	-0.224	0.512	-3.44	-5.17	1.30	-46.09	-4.97	-1.17	46156	0.281	-0.209	0.509	-0.082	-0.026	0.868
17.567	0.306	-0.237	0.512	-3.83	-5.15	1.31	-44.50	-2.21	-0.43	46171	0.282	-0.215	0.509	-0.081	-0.027	0.868
17.583	0.308	-0.246	0.512	-4.23	-5.13	1.32	-41.30	-0.96	-0.33	46178	0.284	-0.222	0.509	-0.080	-0.028	0.869
17.595	0.308	-0.241	0.512	-4.73	-5.10	1.29	-37.58	-0.23	-0.60	46163	0.285	-0.227	0.509	-0.079	-0.029	0.869
17.601	0.308	-0.246	0.510	-5.10	-5.09	1.30	-33.88	-2.01	-0.26	46139	0.286	-0.232	0.508	-0.078	-0.029	0.869
17.607	0.312	-0.245	0.510	-5.49	-5.10	1.27	-28.73	-3.09	-0.00	46472	0.287	-0.237	0.508	-0.076	-0.030	0.869
17.623	0.314	-0.248	0.510	-5.78	-5.07	1.27	-23.65	-6.73	0.17	46481	0.288	-0.241	0.508	-0.075	-0.030	0.869
17.632	0.316	-0.259	0.510	-5.96	-5.00	1.31	-17.46	-9.78	0.33	46494	0.290	-0.246	0.508	-0.074	-0.031	0.869
17.640	0.316	-0.258	0.512	-6.19	-4.88	1.30	-11.99	-13.48	0.60	46507	0.291	-0.250	0.508	-0.072	-0.031	0.870
17.650	0.320	-0.264	0.512	-6.29	-4.77	1.33	-5.31	-16.25	0.63	46027	0.292	-0.254	0.508	-0.071	-0.032	0.870
17.664	0.321	-0.268	0.512	-6.35	-4.61	1.36	-2.46	-20.11	1.43	46022	0.294	-0.258	0.509	-0.070	-0.032	0.870
17.672	0.325	-0.267	0.512	-6.40	-4.42	1.38	-2.66	-22.97	1.04	46022	0.295	-0.262	0.509	-0.068	-0.032	0.870
17.682	0.323	-0.267	0.512	-6.46	-4.17	1.41	-5.56	-25.39	0.92	46043	0.296	-0.265	0.509	-0.067	-0.033	0.871
17.692	0.325	-0.266	0.512	-6.54	-3.91	1.43	-10.43	-25.89	0.37	46147	0.298	-0.267	0.509	-0.065	-0.032	0.871
17.706	0.323	-0.264	0.512	-6.67	-3.62	1.45	-15.49	-27.13	0.22	46158	0.299	-0.269	0.509	-0.064	-0.032	0.871
17.708	0.326	-0.267	0.512	-6.82	-3.35	1.48	-19.88	-26.50	-0.07	46180	0.300	-0.271	0.509	-0.063	-0.032	0.871
17.723	0.337	-0.273	0.512	-6.97	-3.16	1.53	-22.84	-26.17	-1.49	46205	0.302	-0.273	0.509	-0.061	-0.032	0.872
17.733	0.338	-0.271	0.511	-7.23	-2.88	1.53	-23.71	-23.75	-1.51	46222	0.304	-0.275	0.509	-0.059	-0.032	0.872
17.741	0.339	-0.275	0.511	-7.45	-2.63	1.56	-23.93	-21.86	-1.86	46380	0.306	-0.277	0.508	-0.058	-0.032	0.872
17.749	0.345	-0.276	0.511	-7.69	-2.44	1.57	-19.92	-18.63	-2.11	46409	0.309	-0.279	0.508	-0.056	-0.031	0.872
17.765	0.349	-0.275	0.511	-7.92	-2.25	1.56	-15.83	-15.79	-2.33	46436	0.311	-0.280	0.508	-0.054	-0.031	0.872
17.773	0.348	-0.274	0.511	-8.11	-2.06	1.55	-10.54	-14.32	-2.86	46446	0.314	-0.281	0.508	-0.052	-0.031	0.873
17.783	0.351	-0.275	0.511	-8.22	-1.91	1.54	-3.74	-11.99	-2.99	46447	0.316	-0.281	0.508	-0.050	-0.031	0.873
17.793	0.356	-0.275	0.511	-8.28	-1.80	1.53	3.28	-11.10	-3.41	46477	0.319	-0.282	0.508	-0.049	-0.030	0.873
17.802	0.359	-0.276	0.511	-8.26	-1.68	1.51	10.28	-10.23	-3.52	46491	0.322	-0.282	0.508	-0.047	-0.030	0.873
17.809	0.364	-0.279	0.510	-8.16	-1.58	1.50	15.95	-10.90	-4.02	46491	0.325	-0.283	0.508	-0.045	-0.030	0.873
17.823	0.363	-0.278	0.509	-8.02	-1.44	1.47	21.59	-11.85	-4.50	46503	0.327	-0.283	0.507	-0.043	-0.029	0.874
17.823	0.362	-0.272	0.509	-7.87	-1.29	1.41	23.71	-13.86	-4.50	46698	0.330	-0.283	0.507	-0.041	-0.029	0.874
17.839	0.370	-0.274	0.509	-7.63	-1.19	1.39	22.36	-17.83	-4.50	46708	0.332	-0.282	0.507	-0.039	-0.028	0.874
17.849	0.373	-0.274	0.509	-7.41	-1.01	1.37	18.93	-21.96	-5.15	46718	0.335	-0.282	0.507	-0.037	-0.028	0.874
17.858	0.371	-0.266	0.508	-7.29	-0.75	1.31	14.05	-26.91	-5.29	46746	0.338	-0.281	0.506	-0.036	-0.027	0.874
17.866	0.370	-0.267	0.507	-7.13	-0.45	1.28	8.60	-30.87	-5.21	46971	0.340	-0.279	0.506	-0.034	-0.027	0.874
17.881	0.376	-0.268	0.507	-7.03	-0.16	1.28	3.19	-34.71	-5.63	46979	0.342	-0.278	0.506	-0.032	-0.026	0.874
17.891	0.378	-0.269	0.507	-6.97	0.19	1.27	-1.24	-36.94	-6.00	46983	0.345	-0.277	0.505	-0.031	-0.026	0.875
17.902	0.379	-0.258	0.507	-7.08	0.57	1.21	-3.29	-36.28	-6.27	46999	0.348	-0.275	0.505	-0.029	-0.025	0.875
17.912	0.383	-0.257	0.507	-7.11	0.94	1.19	-3.49	-34.63	-5.94	47023	0.350	-0.273	0.505	-0.028	-0.024	0.875
17.923	0.385	-0.258	0.506	-7.13	1.30	1.18	-2.04	-31.61	-6.26	47040	0.353	-0.271	0.505	-0.026	-0.023	0.875
17.923	0.386	-0.257	0.506	-7.15	1.64	1.15	1.14	-27.66	-6.58	47039	0.355	-0.269	0.504	-0.024	-0.023	0.875
17.940	0.391	-0.244	0.506	-7.24	1.91	1.10	6.55	-22.05	-6.46	47039	0.358	-0.265	0.504	-0.023	-0.022	0.875
17.951	0.390	-0.249	0.506	-7.13	2.18	1.07	11.33	-16.32	-6.60	47073	0.361	-0.263	0.504	-0.021	-0.021	0.875
17.962	0.392	-0.245	0.506	-7.05	2.36	1.01	17.09	-11.44	-6.52	47032	0.363	-0.260	0.504	-0.020	-0.020	0.875
17.966	0.394	-0.240	0.505	-6.92	2.50	0.95	23.33	-4.62	-6.57	47030	0.366	-0.257	0.504	-0.018	-0.019	0.876
17.976	0.398	-0.242	0.505	-6.65	2.55	0.91	29.65	-0.39	-6.04	47030	0.369	-0.254	0.504	-0.017	-0.019	0.876
17.992	0.398	-0.228	0.504	-6.47	2.59	0.81	37.11	3.16	-6.05	47002	0.371	-0.250	0.503	-0.016	-0.018	0.876
18.004	0.398	-0.226	0.504	-6.10	2.60	0.74	47.57	0.68	-5.50	47145	0.373	-0.246	0.503	-0.014	-0.017	0.876
18.012	0.397	-0.219	0.504	-5.68	2.62	0.66	59.34	-3.06	-5.15	47125	0.375	-0.241	0.503	-0.013	-0.015	0.876
18.022	0.397	-0.219	0.504	-5.08	2.67	0.61	69.32	-9.14	-5.42	47091	0.377	-0.237	0.503	-0.012	-0.015	0.876
18.032	0.401	-0.210	0.503	-4.46	2.74	0.56	79.40	-15.67	-6.03	47034	0.379	-0.232	0.503	-0.011	-0.013	0.876
18.040	0.399	-0.211	0.502	-3.65	2.93	0.50	85.75	-22.90	-5.35	47008	0.381	-0.228	0.502	-0.010	-0.013	0.876
18.049	0.400	-0.220	0.502	-2.69	3.16	0.47	89.92	-27.45	-5.25	47139	0.382	-0.225	0.502	-0.009	-0.012	0.876
18.062	0.402	-0.204	0.502	-1.91	3.43	0.41	90.05	-31.56	-4.89	47083	0.384	-0.221	0.502	-0.008	-0.011	0.876
18.070	0.401	-0.204	0.502	-0.98	3.77	0.36	87.85	-32.43	-4.35	47050	0.386	-0.217	0.502	-0.008	-0.011	0.876
18.081	0.402	-0.199	0.499	-0.13	4.10	0.30	81.77	-29.69	-4.20	47002	0.387	-0.213	0.501	-0.007	-0.010	0.876
18.090	0.404	-0.200	0.499	0.73	4.40	0.26	73.45	-26.52	-4.38	47478	0.389	-0.210	0.501	-0.006	-0.010	0.876
18.102	0.406	-0.195	0.499	1.46	4.67	0.21	63.57	-21.28	-4.69	47456	0.391	-0.206	0.500	-0.005	-0.009	0.876
18.110	0.407	-0.194	0.499	2.13	4.90	0.16	52.91	-14.81	-4.84	47431	0.392	-0.203	0.500	-0.005	-0.009	0.876
18.124	0.410	-0.188	0.500	2.66	5.03	0.12	41.22	-7.40	-5.27	47411	0.394	-0.199	0.500	-0.004	-0.008	0.876
18.135	0.410	-0.187	0.500	3.11	5.13	0.05	32.26	0.15	-4.67	47144	0.396	-0.196	0.500	-0.003	-0.008	0.875
18.143	0.411	-0.191	0.500	3.51	5.15	0.00	23.46	6.24	-5.51	47125	0.398	-0.193	0.500	-0.002	-0.007	0.875
18.152	0.412	-0.177	0.499	3.66	5.09	-0.05	16.76	11.83	-4.77	47096	0.400	-0.189	0.500	-0.002	-0.007	0.875
18.161	0.413	-0.173	0.499	3.83	4.97	-0.09	11.61	16.56	-4.79	47072	0.402	-0.186	0.500	-0.001	-0.006	0.875
18.169	0.415	-0.169	0.500	3.94	4.81	-0.12	8.03	20.37	-5.32	47055	0.404	-0.182	0.500	-0.001	-0.005	0.875
18.183	0.417	-0.161	0.500	3.99	4.60	-0.15	6.82	21.59	-5.07	46916	0.406	-0.178	0.500	-0.000	-0.005	0.875
18.192	0.418	-0.162	0.500	4.08	4.38	-0.19	6.78	21.58	-4.78	46893	0.407	-0.174	0.500	0.000	-0.004	0.875
18.200	0.418	-0.156	0.500	4.13	4.17	-0.22	8.96	20.43	-5.06	46869	0.409	-0.170	0.500	0.001	-0.003	0.875
18.211	0.420	-0.156	0.502	4.25	3.94	-0.25	11.06	18.65	-5.55	46838	0.411	-0.167	0.501	0.001	-0.003	0.876
18.222	0.421	-0.157	0.502	4.39	3.75	-0.29	12.89	16.87	-5.58	46368	0.413	-0.164	0.501	0.002	-0.002	0.876
18.232	0.422	-0.149	0.503	4.46	3.57	-0.32	15.57	14.88	-6.08	46310	0.415	-0.161	0.501	0.002	-0.002	0.876
18.242	0.421	-0.145	0.503	4.60	3.43	-0.37	16.40	13.21	-5.91	46255	0.416	-0.157	0.502	0.002	-0.001	0.876
18.252	0.422	-0.144	0.503	4.78	3.29	-0.42	16.27	10.55	-5.78	46212	0.418	-0.154	0.502	0.003	-0.001	0.876
18.262	0.423	-0.141	0.504	4.94	3.17	-0.46	15.36	9.42	-5.79	46174	0.419	-0.151	0.502	0.003	-0.000	0.876
18.267	0.424	-0.137	0.504	5.08	3.07	-0.51	12.88	8.33	-5.22	46071	0.420	-0.148	0.503	0.003	0.001	0.876
18.279	0.424	-0.135	0.504	5.21	2.98	-0.55	10.40	8.59	-5.02	46045	0.422	-0.145	0.503	0.003	0.001	0.876
18.292	0.424	-0.129	0.504	5.29	2.89	-0.59	7.59	9.11	-5.07	46014	0.423	-0.142	0.503	0.003	0.002	0.876
18.303	0.425	-0.126	0.506	5.36	2.79	-0.62	4.87	9.87	-4.99	45995	0.424	-0.139	0.504	0.003	0.002	0.876
18.310	0.425	-0.124	0.506	5.41	2.69	-0.67	0.86	10.46	-5.34	45747	0.425	-0.136	0.504	0.003	0.003	0.877
18.321	0.425	-0.124	0.507	5.44	2.58	-0.71	-2.73	11.66	-5.11	45748	0.426	-0.134	0.505	0.003	0.004	0.877
18.330	0.427	-0.118	0.507	5.38	2.45	-0.74	-5.80	13.36	-4.56	45738	0.427	-0.131	0.505	0.003	0.004	0.877
18.341	0.426	-0.118	0.507	5.34	2.33	-0.78	-8.75	14.72	-4.22	45731	0.428	-0.128	0.505	0.003	0.005	0.877
18.350	0.426	-0.116	0.506	5.26	2.18	-0.81	-10.93	15.50	-4.15	45724	0.429	-0.126	0.506	0.003	0.005	0.877
18.361	0.426	-0.115	0.506	5.16	2.02	-0.84	-12.85	16.88	-3.71	45952	0.430	-0.124	0.506	0.003	0.006	0.877
18.371	0.427	-0.113	0.507	5.02	1.84	-0.86	-14.24	16.35	-3.58	45962	0.431	-0.122	0.506	0.003	0.006	0.877
18.380	0.427	-0.112	0.507	4.89	1.68	-0.88	-13.95	16.33	-3.57	45971	0.431	-0.120	0.506	0.002	0.006	0.877
18.393	0.428	-0.110	0.508	4.75	1.51	-0.90	-13.90	15.44	-3.18	45975	0.432	-0.118	0.506	0.002	0.007	0.877
18.402	0.427	-0.109	0.508	4.61	1.35	-0.92	-13.76	15.93	-3.30	45756	0.433	-0.116	0.506	0.002	0.007	0.877
18.413	0.427	-0.109	0.509	4.48	1.20	-0.94	-13.80	15.67	-2.84	45758	0.433	-0.115	0.507	0.002	0.008	0.878
18.420	0.427	-0.107	0.509	4.33	1.04	-0.95	-13.89	14.91	-2.59	45769	0.433	-0.113	0.507	0.001	0.008	0.878
18.437	0.427	-0.106	0.508	4.19	0.88	-0.97	-14.06	14.38	-2.64	45774	0.434	-0.112	0.507	0.001	0.008	0.878
18.442	0.426	-0.105	0.509	4.04	0.75	-0.98	-12.64	12.63	-2.33	45919	0.434	-0.111	0.507	0.001	0.008	0.878
18.452	0.432	-0.103	0.509	3.91	0.56	-1.00	-13.58	10.83	-2.21	45924	0.435	-0.110	0.507	0.000	0.009	0.878
18.461	0.422	-0.102	0.509	3.77	0.53	-1.01	-11.89	10.76	-1.93	45943	0.435	-0.108	0.507	-0.000	0.009	0.878
18.470	0.422	-0.102	0.509	3.65	0.42	-1.02	-11.71	8.66	-1.82	45961	0.434	-0.107	0.507	-0.001	0.009	0.878
18.484	0.423	-0.099	0.508	3.51	0.32	-1.03	-12.69	7.45	-1.97	45964	0.434	-0.106	0.507	-0.001	0.010	0.878
18.493	0.423	-0.098	0.508	3.38	0.25	-1.04	-13.25	7.01	-1.56	46249	0.434	-0.105	0.507	-0.002	0.010	0.879
18.501	0.423	-0.095	0.508	3.23	0.17	-1.05	-14.48	6.13	-1.40	46266	0.434	-0.104	0.507	-0.002	0.011	0.879
18.511	0.423	-0.095	0.508	3.09	0.11	-1.06	-14.39	7.33	-1.10	46289	0.433	-0.102	0.507	-0.003	0.011	0.879
18.522	0.424	-0.099	0.506	2.99	0.03	-1.08	-15.26	6.28	-0.90	46325	0.433	-0.102	0.506	-0.003	0.011	0.879
18.526	0.421	-0.096	0.506	2.81	-0.02	-1.08	-16.25	6.41	-0.26	46623	0.433	-0.101	0.506	-0.004	0.011	0.879
18.541	0.421	-0.101	0.506	2.69	-0.09	-1.09	-16.84	6.94	-0.13	46645	0.432	-0.101	0.506	-0.005	0.011	0.879
18.551	0.421	-0.101	0.506	2.53	-0.16	-1.09	-16.49	8.18	-0.36	46673	0.432	-0.101	0.506	-0.005	0.011	0.879
18.559	0.422	-0.098	0.506	2.34	-0.25	-1.09	-17.21	7.54	0.01	46698	0.432	-0.101	0.505	-0.006	0.011	0.879
18.571	0.422	-0.098	0.506	2.17	-0.32	-1.08	-16.48	6.29	0.32	46690	0.432	-0.101	0.505	-0.006	0.012	0.879
18.581	0.421	-0.098	0.506	2.00	-0.39	-1.08	-16.22	6.54	0.21	46693	0.431	-0.100	0.505	-0.007	0.012	0.879
18.592	0.422	-0.098	0.506	1.83	-0.46	-1.08	-16.01	5.48	0.18	46707	0.431	-0.100	0.505	-0.007	0.012	0.879
18.602	0.423	-0.095	0.506	1.65	-0.52	-1.07	-15.55	4.76	-0.21	46712	0.431	-0.100	0.505	-0.008	0.012	0.879
18.612	0.419	-0.101	0.505	1.54	-0.54	-1.07	-15.17	3.79	-0.48	46705	0.430	-0.100	0.505	-0.008	0.012	0.879
18.621	0.420	-0.098	0.505	1.36	-0.59	-1.08	-14.97	2.43	-0.49	46734	0.430	-0.100	0.505	-0.009	0.012	0.879
18.632	0.419	-0.098	0.505	1.21	-0.62	-1.08	-14.46	2.83	-0.27	46736	0.430	-0.100	0.505	-0.009	0.012	0.879
18.641	0.419	-0.104	0.505	1.12	-0.65	-1.09	-13.77	1.51	-0.57	46741	0.429	-0.101	0.504	-0.010	0.012	0.879
18.652	0.419	-0.104	0.505	0.98	-0.66	-1.09	-13.74	1.60	-0.06	46742	0.429	-0.101	0.504	-0.010	0.012	0.879
18.662	0.419	-0.110	0.504	0.89	-0.68	-1.10	-12.89	0.82	0.23	46805	0.428	-0.103	0.504	-0.011	0.012	0.879
18.673	0.419	-0.105	0.504	0.72	-0.69	-1.10	-12.69	0.30	0.55	46802	0.428	-0.103	0.504	-0.011	0.012	0.879
18.681	0.419	-0.105	0.504	0.59	-0.69	-1.09	-12.90	-0.06	0.84	46800	0.428	-0.104	0.504	-0.012	0.011	0.879
18.691	0.419	-0.105	0.504	0.46	-0.69	-1.09	-12.62	-1.01	0.87	46792	0.427	-0.104	0.504	-0.012	0.011	0.879
18.702	0.419	-0.106	0.505	0.33	-0.69	-1.08	-12.19	-1.29	0.75	46778	0.427	-0.105	0.504	-0.012	0.011	0.879
18.711	0.419	-0.103	0.505	0.19	-0.68	-1.07	-10.83	-1.11	0.84	46646	0.427	-0.105	0.504	-0.013	0.011	0.879
18.722	0.419	-0.103	0.505	0.08	-0.67	-1.06	-9.99	-1.46	1.02	46651	0.427	-0.105	0.504	-0.013	0.012	0.879
18.731	0.419	-0.106	0.505	0.00	-0.65	-1.05	-9.00	-1.95	0.93	46641	0.426	-0.106	0.504	-0.014	0.012	0.879
18.739	0.421	-0.107	0.504	-0.09	-0.65	-1.05	-8.04	-2.50	0.80	46614	0.426	-0.106	0.504	-0.014	0.012	0.879
18.751	0.422	-0.108	0.504	-0.16	-0.63	-1.04	-7.07	-3.44	0.67	46634	0.426	-0.107	0.504	-0.014	0.011	0.879
18.761	0.421	-0.110	0.504	-0.22	-0.59	-1.04	-6.53	-3.35	0.88	46622	0.426	-0.108	0.504	-0.014	0.011	0.879
18.772	0.421	-0.111	0.504	-0.28	-0.56	-1.03	-5.81	-3.95	0.61	46616	0.426	-0.108	0.504	-0.015	0.011	0.879
18.781	0.422	-0.110	0.504	-0.34	-0.52	-1.02	-5.58	-4.04	0.87	46600	0.426	-0.109	0.504	-0.015	0.011	0.879
18.790	0.422	-0.108	0.504	-0.42	-0.48	-1.01	-6.12	-4.65	0.39	46573	0.426	-0.109	0.504	-0.015	0.011	0.879
18.802	0.424	-0.108	0.504	-0.48	-0.45	-1.01	-6.43	-4.27	0.16	46652	0.427	-0.109	0.504	-0.015	0.011	0.879
18.811	0.424	-0.109	0.504	-0.54	-0.40	-1.00	-6.56	-4.34	0.02	46661	0.427	-0.109	0.504	-0.015	0.011	0.879
18.821	0.425	-0.109	0.504	-0.60	-0.36	-1.01	-6.64	-4.26	0.28	46655	0.427	-0.110	0.504	-0.015	0.011	0.879
18.831	0.424	-0.112	0.503	-0.65	-0.31	-1.00	-6.77	-4.39	0.11	46642	0.427	-0.110	0.504	-0.016	0.011	0.879
18.836	0.425	-0.115	0.503	-0.69	-0.27	-1.01	-6.05	-5.32	0.61	46682	0.428	-0.111	0.504	-0.016	0.011	0.879
18.849	0.426	-0.115	0.503	-0.76	-0.23	-1.00	-5.74	-4.04	0.69	46679	0.428	-0.112	0.504	-0.016	0.011	0.879
18.861	0.426	-0.114	0.503	-0.83	-0.19	-0.99	-4.64	-5.13	0.66	46676	0.428	-0.113	0.504	-0.016	0.011	0.879
18.869	0.426	-0.118	0.504	-0.85	-0.13	-0.98	-3.59	-3.93	0.55	46662	0.428	-0.113	0.504	-0.016	0.011	0.879
18.880	0.426	-0.118	0.504	-0.89	-0.09	-0.98	-3.42	-4.84	0.84	46525	0.429	-0.114	0.504	-0.016	0.010	0.879
18.890	0.426	-0.119	0.504	-0.92	-0.05	-0.97	-2.34	-3.20	0.70	46513	0.429	-0.115	0.504	-0.016	0.010	0.879
18.899	0.426	-0.119	0.504	-0.95	-0.01	-0.96	-1.95	-2.97	0.27	46503	0.429	-0.116	0.504	-0.017	0.010	0.879
18.911	0.427	-0.118	0.504	-0.98	0.01	-0.96	-0.90	-3.03	0.56	46473	0.429	-0.116	0.504	-0.017	0.010	0.879
18.919	0.427	-0.118	0.504	-1.00	0.04	-0.95	-0.93	-1.68	0.28	46436	0.429	-0.117	0.504	-0.017	0.010	0.879
18.929	0.433	-0.118	0.504	-1.01	0.01	-0.96	-0.56	-1.85	0.41	46484	0.430	-0.117	0.504	-0.017	0.010	0.879
18.938	0.434	-0.118	0.504	-1.02	0.02	-0.95	-1.24	-0.99	-0.07	46475	0.431	-0.117	0.504	-0.016	0.010	0.879
18.938	0.435	-0.118	0.504	-1.02	0.03	-0.95	0.11	-2.05	-0.38	46470	0.432	-0.118	0.504	-0.016	0.010	0.879
18.954	0.435	-0.118	0.504	-1.03	0.05	-0.96	-0.71	-2.71	-0.53	46451	0.433	-0.118	0.504	-0.016	0.010	0.879
18.970	0.435	-0.118	0.504	-1.03	0.08	-0.96	-0.73	-2.58	-0.31	46500	0.434	-0.118	0.504	-0.016	0.010	0.879
18.970	0.439	-0.119	0.504	-1.04	0.08	-0.97	0.80	-4.51	-0.15	46493	0.435	-0.118	0.504	-0.016	0.010	0.879
18.985	0.439	-0.119	0.504	-1.04	0.12	-0.97	0.76	-3.74	-0.00	46487	0.436	-0.119	0.504	-0.016	0.010	0.879
19.002	0.440	-0.119	0.504	-1.03	0.16	-0.97	1.63	-5.25	0.17	46482	0.437	-0.119	0.504	-0.016	0.010	0.879
19.006	0.441	-0.119	0.504	-1.01	0.21	-0.97	2.35	-4.85	0.50	46472	0.438	-0.119	0.504	-0.015	0.010	0.879
19.019	0.441	-0.119	0.504	-0.99	0.26	-0.96	2.23	-5.58	0.66	46437	0.439	-0.119	0.504	-0.015	0.010	0.879
19.019	0.442	-0.120	0.504	-0.96	0.31	-0.95	3.58	-5.34	0.82	46427	0.440	-0.119	0.504	-0.015	0.010	0.879
19.033	0.444	-0.119	0.504	-0.94	0.35	-0.95	3.69	-4.22	0.80	46411	0.441	-0.119	0.505	-0.015	0.010	0.879
19.051	0.444	-0.119	0.506	-0.90	0.39	-0.94	4.26	-4.70	0.64	46386	0.442	-0.119	0.505	-0.015	0.010	0.879
19.061	0.444	-0.116	0.507	-0.88	0.44	-0.93	4.20	-3.44	0.59	45929	0.442	-0.119	0.505	-0.015	0.010	0.879
19.061	0.444	-0.116	0.507	-0.84	0.48	-0.92	4.97	-4.28	0.30	45915	0.443	-0.119	0.506	-0.015	0.010	0.879
19.073	0.444	-0.116	0.507	-0.79	0.52	-0.92	5.32	-3.53	0.13	45887	0.444	-0.118	0.506	-0.015	0.010	0.879
19.088	0.445	-0.116	0.507	-0.73	0.56	-0.92	5.32	-3.85	-0.33	45852	0.444	-0.118	0.506	-0.015	0.010	0.879
19.088	0.447	-0.114	0.507	-0.69	0.58	-0.92	5.55	-3.57	-0.25	45916	0.445	-0.117	0.506	-0.015	0.010	0.879
19.105	0.452	-0.108	0.507	-0.68	0.58	-0.92	5.92	-3.14	-0.45	45904	0.447	-0.116	0.507	-0.015	0.011	0.879
19.120	0.452	-0.108	0.507	-0.63	0.61	-0.92	6.00	-2.81	-0.06	45901	0.448	-0.115	0.507	-0.014	0.011	0.879
19.120	0.452	-0.108	0.508	-0.57	0.64	-0.92	6.70	-2.88	0.12	45894	0.449	-0.114	0.507	-0.014	0.012	0.879
19.135	0.453	-0.107	0.509	-0.51	0.67	-0.92	7.04	-3.38	0.28	45887	0.450	-0.113	0.507	-0.014	0.012	0.879
19.151	0.454	-0.110	0.510	-0.42	0.70	-0.92	7.10	-3.56	0.54	45570	0.451	-0.113	0.508	-0.014	0.012	0.879
19.151	0.454	-0.110	0.510	-0.35	0.73	-0.92	6.95	-2.78	0.29	45565	0.452	-0.112	0.508	-0.014	0.012	0.880
19.167	0.454	-0.109	0.510	-0.28	0.76	-0.91	7.45	-1.28	0.51	45559	0.453	-0.112	0.508	-0.014	0.012	0.880
19.167	0.454	-0.101	0.510	-0.27	0.78	-0.90	6.52	-2.59	0.34	45542	0.454	-0.110	0.509	-0.014	0.013	0.880
19.183	0.458	-0.096	0.510	-0.24	0.78	-0.90	5.57	-0.57	0.16	45727	0.455	-0.108	0.509	-0.014	0.013	0.880
19.199	0.458	-0.094	0.510	-0.19	0.79	-0.89	5.95	-1.81	0.40	45748	0.456	-0.106	0.509	-0.013	0.014	0.880
19.205	0.458	-0.093	0.510	-0.13	0.81	-0.89	6.00	-0.83	-0.10	45742	0.457	-0.105	0.509	-0.013	0.015	0.880
19.219	0.459	-0.094	0.510	-0.06	0.81	-0.89	5.53	-2.74	-0.17	45752	0.458	-0.103	0.509	-0.013	0.015	0.880
19.231	0.460	-0.097	0.511	0.02	0.83	-0.90	6.82	-2.83	-0.33	45752	0.459	-0.102	0.509	-0.013	0.015	0.880
19.233	0.459	-0.101	0.511	0.12	0.86	-0.90	8.22	-2.62	-0.50	45714	0.460	-0.102	0.509	-0.013	0.015	0.880
19.247	0.460	-0.100	0.511	0.20	0.89	-0.91	8.64	-3.41	-0.17	45714	0.461	-0.101	0.509	-0.013	0.015	0.880
19.247	0.460	-0.100	0.511	0.28	0.92	-0.91	9.14	-3.10	-0.46	45721	0.461	-0.101	0.509	-0.013	0.015	0.881
19.270	0.460	-0.100	0.511	0.37	0.94	-0.91	9.21	-1.52	-0.02	45741	0.462	-0.100	0.509	-0.014	0.015	0.881
19.279	0.460	-0.090	0.511	0.40	0.97	-0.91	8.20	-0.51	0.17	45860	0.462	-0.099	0.509	-0.014	0.016	0.881
19.279	0.460	-0.089	0.511	0.48	0.97	-0.91	7.06	0.29	0.10	45885	0.463	-0.097	0.509	-0.014	0.016	0.881
19.300	0.461	-0.089	0.511	0.55	0.97	-0.91	5.66	1.78	0.48	45900	0.463	-0.096	0.509	-0.014	0.017	0.881
19.312	0.464	-0.092	0.510	0.63	0.93	-0.91	3.98	2.87	0.37	45918	0.464	-0.095	0.509	-0.014	0.017	0.881
19.312	0.461	-0.086	0.510	0.63	0.93	-0.90	3.65	3.00	0.56	46100	0.465	-0.094	0.509	-0.014	0.017	0.881
19.327	0.461	-0.085	0.510	0.67	0.89	-0.89	1.43	3.84	0.12	46135	0.465	-0.092	0.509	-0.014	0.018	0.881
19.327	0.463	-0.086	0.510	0.70	0.85	-0.89	1.99	3.60	-0.05	46149	0.466	-0.091	0.509	-0.014	0.018	0.881
19.342	0.465	-0.086	0.510	0.72	0.80	-0.89	-0.06	3.84	-0.55	46163	0.467	-0.090	0.509	-0.015	0.018	0.882
19.363	0.466	-0.085	0.510	0.72	0.76	-0.90	1.85	3.68	-0.54	46186	0.467	-0.089	0.509	-0.015	0.018	0.882
19.372	0.464	-0.085	0.510	0.74	0.73	-0.90	0.25	2.07	-0.46	46289	0.468	-0.089	0.508	-0.015	0.019	0.882
19.382	0.465	-0.085	0.510	0.75	0.71	-0.91	1.27	2.76	0.03	46301	0.468	-0.088	0.508	-0.015	0.019	0.882
19.391	0.465	-0.083	0.509	0.76	0.68	-0.91	2.34	2.14	0.49	46317	0.469	-0.087	0.508	-0.015	0.019	0.882
19.393	0.465	-0.083	0.510	0.77	0.66	-0.90	2.02	1.03	0.78	46339	0.469	-0.086	0.508	-0.015	0.019	0.882
19.407	0.465	-0.083	0.510	0.80	0.64	-0.90	2.03	1.32	1.24	46323	0.469	-0.085	0.508	-0.016	0.019	0.882
19.407	0.465	-0.082	0.509	0.82	0.63	-0.88	2.50	1.47	1.34	46352	0.470	-0.085	0.508	-0.016	0.019	0.882
19.423	0.465	-0.082	0.509	0.85	0.62	-0.87	2.82	1.51	1.35	46366	0.470	-0.084	0.508	-0.016	0.020	0.882
19.439	0.466	-0.077	0.508	0.84	0.60	-0.85	1.30	1.01	1.64	46408	0.470	-0.083	0.508	-0.016	0.020	0.882
19.439	0.465	-0.081	0.508	0.89	0.59	-0.84	0.43	-0.21	1.75	46408	0.471	-0.083	0.507	-0.017	0.020	0.882
19.454	0.465	-0.080	0.508	0.89	0.59	-0.82	1.17	-0.15	1.67	46579	0.471	-0.082	0.507	-0.017	0.020	0.883
19.470	0.465	-0.080	0.508	0.90	0.59	-0.80	1.80	1.84	1.53	46577	0.471	-0.082	0.507	-0.017	0.020	0.883
19.470	0.465	-0.080	0.508	0.92	0.58	-0.79	-0.32	0.96	1.29	46590	0.471	-0.081	0.507	-0.017	0.020	0.883
19.491	0.468	-0.075	0.508	0.89	0.55	-0.77	0.13	3.12	1.21	46617	0.472	-0.080	0.507	-0.018	0.020	0.883
19.505	0.468	-0.074	0.508	0.89	0.52	-0.76	-0.93	2.32	1.20	46530	0.472	-0.079	0.507	-0.018	0.021	0.883
19.514	0.468	-0.072	0.508	0.87	0.50	-0.75	-1.66	2.32	1.40	46538	0.472	-0.078	0.507	-0.018	0.021	0.883
19.523	0.469	-0.079	0.508	0.90	0.47	-0.74	-2.66	2.95	1.73	46565	0.473	-0.078	0.507	-0.018	0.021	0.883
19.531	0.467	-0.074	0.508	0.84	0.44	-0.72	-2.52	2.99	1.80	46474	0.473	-0.077	0.507	-0.018	0.021	0.883
19.542	0.468	-0.079	0.508	0.85	0.41	-0.71	-2.80	2.02	1.89	46470	0.473	-0.077	0.507	-0.019	0.021	0.883
19.550	0.468	-0.079	0.508	0.82	0.39	-0.69	-2.14	2.57	2.08	46470	0.473	-0.077	0.507	-0.019	0.021	0.883
19.564	0.468	-0.080	0.508	0.81	0.36	-0.67	-2.01	1.37	2.17	46479	0.473	-0.078	0.507	-0.019	0.021	0.884
19.572	0.468	-0.080	0.508	0.79	0.34	-0.65	-1.27	2.31	2.30	46480	0.473	-0.078	0.507	-0.020	0.021	0.884
19.583	0.470	-0.076	0.507	0.75	0.30	-0.62	-1.05	1.35	2.02	46594	0.474	-0.077	0.506	-0.020	0.021	0.884
19.586	0.468	-0.080	0.507	0.76	0.29	-0.60	-1.33	1.12	2.17	46604	0.474	-0.078	0.506	-0.020	0.021	0.884
19.599	0.468	-0.080	0.507	0.75	0.28	-0.58	-1.50	0.53	1.92	46626	0.474	-0.078	0.506	-0.020	0.021	0.884
19.608	0.468	-0.080	0.507	0.73	0.28	-0.56	-1.72	0.36	1.29	46631	0.474	-0.078	0.506	-0.021	0.020	0.884
19.623	0.468	-0.081	0.506	0.72	0.27	-0.55	-2.45	1.64	1.44	46731	0.474	-0.078	0.506	-0.021	0.020	0.884
19.632	0.468	-0.081	0.506	0.70	0.26	-0.53	-3.33	0.88	1.32	46744	0.474	-0.078	0.506	-0.021	0.020	0.884
19.642	0.468	-0.081	0.506	0.67	0.25	-0.52	-3.50	2.10	1.22	46762	0.474	-0.079	0.505	-0.022	0.020	0.884
19.648	0.468	-0.081	0.505	0.64	0.23	-0.51	-4.05	1.78	1.62	46771	0.474	-0.079	0.505	-0.022	0.020	0.884
19.656	0.468	-0.086	0.505	0.63	0.21	-0.49	-4.39	1.50	1.95	46776	0.474	-0.080	0.505	-0.022	0.020	0.884
19.665	0.469	-0.087	0.505	0.60	0.19	-0.47	-3.98	1.36	2.39	46723	0.474	-0.081	0.505	-0.022	0.019	0.884
19.680	0.469	-0.087	0.505	0.56	0.18	-0.45	-4.58	0.18	2.66	46730	0.474	-0.081	0.505	-0.023	0.019	0.884
19.691	0.471	-0.086	0.505	0.50	0.16	-0.43	-5.38	0.30	2.61	44562	0.475	-0.082	0.505	-0.023	0.019	0.884
19.700	0.469	-0.085	0.505	0.44	0.17	-0.40	-6.04	0.65	2.34	44533	0.475	-0.082	0.505	-0.023	0.019	0.884
19.708	0.469	-0.085	0.505	0.38	0.17	-0.37	-5.61	0.57	2.38	44485	0.475	-0.083	0.505	-0.024	0.018	0.884
19.712	0.469	-0.086	0.505	0.33	0.16	-0.35	-6.78	0.58	2.18	44470	0.475	-0.083	0.504	-0.024	0.018	0.884
19.728	0.471	-0.084	0.505	0.25	0.14	-0.33	-5.90	0.74	2.02	44477	0.475	-0.083	0.504	-0.024	0.018	0.884
19.728	0.471	-0.091	0.504	0.23	0.13	-0.31	-6.21	1.55	1.98	44480	0.475	-0.084	0.504	-0.024	0.018	0.884
19.743	0.471	-0.092	0.505	0.17	0.12	-0.30	-5.10	1.43	1.74	44369	0.475	-0.085	0.503	-0.024	0.018	0.884
19.761	0.471	-0.092	0.505	0.12	0.10	-0.28	-4.66	0.88	1.50	44393	0.476	-0.086	0.503	-0.025	0.017	0.884
19.767	0.472	-0.093	0.505	0.07	0.09	-0.26	-4.36	1.92	1.57	44425	0.476	-0.087	0.503	-0.025	0.017	0.884
19.775	0.472	-0.093	0.505	0.03	0.07	-0.25	-4.03	2.26	1.92	44449	0.476	-0.088	0.503	-0.025	0.017	0.885
19.791	0.470	-0.092	0.504	-0.02	0.06	-0.22	-3.52	2.14	2.06	44495	0.476	-0.089	0.502	-0.025	0.017	0.885
19.791	0.470	-0.093	0.505	-0.05	0.04	-0.20	-3.39	2.24	2.05	44365	0.476	-0.089	0.502	-0.026	0.016	0.885
19.809	0.472	-0.092	0.505	-0.09	0.01	-0.18	-3.30	2.95	2.46	44415	0.476	-0.090	0.502	-0.026	0.016	0.885
19.814	0.472	-0.092	0.505	-0.12	-0.02	-0.16	-4.12	2.30	2.14	44470	0.476	-0.090	0.501	-0.026	0.016	0.885
19.823	0.471	-0.099	0.505	-0.12	-0.03	-0.13	-4.28	2.07	2.09	44538	0.476	-0.091	0.501	-0.026	0.016	0.886
19.839	0.471	-0.094	0.505	-0.20	-0.05	-0.11	-4.50	1.45	2.37	44543	0.476	-0.092	0.501	-0.027	0.016	0.886
19.839	0.471	-0.094	0.504	-0.24	-0.06	-0.09	-4.51	1.17	2.60	44601	0.476	-0.092	0.500	-0.027	0.015	0.886
19.855	0.471	-0.095	0.504	-0.29	-0.08	-0.07	-4.62	0.75	2.78	44679	0.476	-0.093	0.500	-0.027	0.015	0.887
19.871	0.471	-0.092	0.504	-0.35	-0.08	-0.04	-4.53	-0.19	3.03	44743	0.476	-0.093	0.499	-0.027	0.015	0.887
19.880	0.473	-0.091	0.503	-0.41	-0.09	-0.01	-4.60	-0.57	2.79	44849	0.476	-0.092	0.499	-0.028	0.015	0.887
19.889	0.473	-0.091	0.503	-0.45	-0.09	0.01	-4.48	-0.80	2.58	44942	0.476	-0.092	0.498	-0.028	0.016	0.888
19.899	0.476	-0.100	0.503	-0.44	-0.10	0.04	-4.05	-1.80	2.03	42930	0.477	-0.093	0.498	-0.028	0.015	0.888
19.910	0.477	-0.100	0.502	-0.48	-0.08	0.06	-3.32	-1.82	1.58	42965	0.477	-0.094	0.497	-0.028	0.015	0.888
19.917	0.474	-0.100	0.502	-0.51	-0.05	0.07	-2.01	-1.38	1.77	43024	0.478	-0.095	0.497	-0.028	0.015	0.889
19.923	0.476	-0.103	0.500	-0.51	-0.04	0.09	-0.78	-2.00	1.99	43389	0.478	-0.096	0.496	-0.028	0.014	0.889
19.939	0.476	-0.107	0.499	-0.50	-0.02	0.11	0.05	-1.47	2.44	43473	0.478	-0.098	0.495	-0.028	0.014	0.889
19.939	0.476	-0.107	0.498	-0.50	-0.01	0.13	0.47	-0.97	2.18	43570	0.478	-0.099	0.494	-0.028	0.013	0.890
19.959	0.476	-0.108	0.498	-0.50	-0.00	0.15	0.89	-0.77	2.19	43670	0.479	-0.100	0.493	-0.028	0.013	0.890
19.971	0.476	-0.108	0.497	-0.49	0.01	0.17	0.47	-0.55	1.66	43773	0.479	-0.101	0.492	-0.029	0.013	0.891
19.971	0.476	-0.108	0.496	-0.49	0.01	0.18	0.14	0.40	2.02	43888	0.479	-0.102	0.490	-0.029	0.012	0.891
19.986	0.476	-0.108	0.496	-0.49	0.01	0.20	-1.00	0.72	1.60	44012	0.479	-0.103	0.489	-0.029	0.012	0.892
20.002	0.476	-0.106	0.495	-0.51	0.01	0.22	-2.03	0.13	1.45	44130	0.479	-0.103	0.488	-0.029	0.012	0.892
20.013	0.476	-0.106	0.492	-0.53	0.00	0.24	-1.78	-0.26	1.76	44263	0.479	-0.104	0.487	-0.029	0.012	0.892
20.020	0.476	-0.106	0.490	-0.55	0.01	0.25	-2.37	0.42	1.82	44868	0.479	-0.104	0.485	-0.029	0.012	0.893
20.026	0.476	-0.106	0.489	-0.58	0.00	0.27	-2.61	0.00	1.44	44999	0.479	-0.105	0.484	-0.030	0.012	0.893
20.042	0.476	-0.101	0.488	-0.64	0.01	0.28	-2.92	-0.27	1.62	45139	0.479	-0.104	0.482	-0.030	0.012	0.894
20.053	0.480	-0.116	0.487	-0.58	-0.02	0.30	-2.54	-0.04	1.36	45265	0.480	-0.106	0.481	-0.030	0.011	0.894
20.060	0.478	-0.100	0.485	-0.70	-0.00	0.31	-2.25	-0.34	0.86	45487	0.480	-0.105	0.479	-0.030	0.011	0.895
20.067	0.480	-0.114	0.484	-0.64	-0.01	0.32	-1.75	-0.83	0.62	45632	0.480	-0.106	0.478	-0.030	0.011	0.895
20.076	0.481	-0.114	0.483	-0.66	-0.01	0.32	-0.74	-1.10	0.68	45765	0.481	-0.107	0.476	-0.030	0.011	0.896
20.092	0.481	-0.116	0.482	-0.66	-0.00	0.33	-0.31	-0.85	0.76	45888	0.481	-0.108	0.475	-0.030	0.010	0.896
20.101	0.483	-0.110	0.482	-0.70	-0.01	0.34	0.29	-0.32	0.87	43572	0.482	-0.109	0.474	-0.030	0.010	0.897
20.111	0.483	-0.115	0.481	-0.66	0.01	0.35	-0.24	-0.89	0.60	43673	0.483	-0.110	0.473	-0.030	0.010	0.897
20.117	0.483	-0.116	0.480	-0.65	0.01	0.36	0.22	-0.94	0.63	43768	0.483	-0.110	0.472	-0.030	0.010	0.898
20.126	0.483	-0.116	0.478	-0.65	0.02	0.36	0.22	-0.78	0.84	43869	0.483	-0.111	0.470	-0.030	0.010	0.899
20.141	0.483	-0.116	0.477	-0.65	0.03	0.37	-0.27	-1.92	1.26	43976	0.484	-0.112	0.469	-0.030	0.009	0.899
20.151	0.485	-0.116	0.477	-0.65	0.04	0.38	0.01	-2.46	1.25	43928	0.484	-0.112	0.467	-0.030	0.009	0.900
20.159	0.485	-0.116	0.475	-0.65	0.06	0.40	0.49	-2.30	1.47	44044	0.485	-0.113	0.466	-0.030	0.009	0.901
20.168	0.485	-0.116	0.474	-0.65	0.09	0.41	0.47	-2.60	1.63	44169	0.485	-0.113	0.465	-0.030	0.009	0.901
20.176	0.486	-0.116	0.472	-0.65	0.11	0.43	0.58	-3.05	1.59	44293	0.486	-0.114	0.463	-0.030	0.009	0.902
20.192	0.486	-0.118	0.472	-0.63	0.14	0.45	0.37	-2.72	1.19	44269	0.486	-0.114	0.462	-0.030	0.008	0.903
20.202	0.486	-0.118	0.470	-0.62	0.17	0.46	0.35	-2.44	0.88	44406	0.487	-0.115	0.460	-0.030	0.008	0.903
20.212	0.486	-0.118	0.469	-0.62	0.20	0.47	0.67	-2.57	0.51	44532	0.487	-0.115	0.459	-0.030	0.008	0.904
20.218	0.485	-0.114	0.467	-0.64	0.22	0.47	1.33	-2.49	0.33	44674	0.487	-0.115	0.457	-0.030	0.008	0.905
20.227	0.487	-0.117	0.466	-0.61	0.24	0.48	1.57	-2.36	0.21	44821	0.488	-0.115	0.456	-0.030	0.008	0.906
20.243	0.487	-0.117	0.464	-0.59	0.26	0.48	2.26	-2.05	0.33	44959	0.488	-0.116	0.454	-0.030	0.008	0.907
20.252	0.487	-0.113	0.463	-0.60	0.28	0.49	2.33	-2.24	-0.06	45115	0.488	-0.115	0.453	-0.030	0.008	0.907
20.260	0.484	-0.117	0.461	-0.54	0.32	0.48	1.97	-1.96	-0.10	45269	0.488	-0.115	0.451	-0.031	0.008	0.908
20.268	0.484	-0.118	0.460	-0.52	0.34	0.48	2.43	-1.45	-0.48	45412	0.488	-0.116	0.449	-0.031	0.008	0.909
20.277	0.482	-0.118	0.458	-0.49	0.37	0.48	2.63	-0.58	-1.17	45535	0.488	-0.116	0.448	-0.031	0.008	0.910
20.285	0.482	-0.118	0.456	-0.47	0.38	0.47	2.56	-0.11	-1.10	45688	0.487	-0.116	0.446	-0.031	0.008	0.910
20.301	0.482	-0.099	0.455	-0.56	0.38	0.46	2.75	0.39	-0.96	43795	0.487	-0.114	0.444	-0.032	0.009	0.911
20.313	0.482	-0.119	0.453	-0.41	0.38	0.45	3.19	1.05	-0.69	43917	0.487	-0.115	0.443	-0.032	0.008	0.912
20.318	0.482	-0.119	0.450	-0.38	0.36	0.44	2.73	1.35	-0.91	44276	0.487	-0.115	0.441	-0.032	0.008	0.913
20.327	0.482	-0.107	0.448	-0.43	0.35	0.43	2.44	2.28	-0.68	44415	0.486	-0.114	0.439	-0.032	0.008	0.913
20.335	0.483	-0.120	0.446	-0.32	0.32	0.42	2.60	2.39	-0.91	44552	0.486	-0.115	0.437	-0.032	0.008	0.914
20.354	0.484	-0.143	0.444	-0.15	0.29	0.41	2.66	3.46	-0.90	44705	0.486	-0.118	0.435	-0.033	0.007	0.915
20.365	0.484	-0.143	0.442	-0.12	0.25	0.41	2.09	3.45	-1.02	44858	0.486	-0.121	0.432	-0.033	0.006	0.916
20.373	0.484	-0.145	0.441	-0.09	0.21	0.40	1.85	3.73	-1.36	44937	0.487	-0.124	0.430	-0.033	0.005	0.916
20.385	0.484	-0.145	0.439	-0.07	0.18	0.38	1.73	3.81	-0.87	45095	0.487	-0.127	0.428	-0.033	0.004	0.917
20.393	0.484	-0.146	0.436	-0.05	0.14	0.37	-0.51	3.65	-1.22	45254	0.487	-0.129	0.426	-0.033	0.003	0.918
20.405	0.485	-0.143	0.434	-0.08	0.10	0.36	-1.43	3.93	-0.88	45402	0.487	-0.131	0.424	-0.033	0.002	0.919
20.409	0.485	-0.143	0.433	-0.10	0.07	0.35	-3.03	2.36	-1.76	45445	0.487	-0.132	0.422	-0.033	0.002	0.919
20.420	0.485	-0.144	0.431	-0.13	0.04	0.34	-4.86	1.10	-1.25	45608	0.487	-0.134	0.420	-0.033	0.001	0.920
20.430	0.487	-0.144	0.429	-0.18	0.02	0.32	-7.08	-0.23	-2.09	45764	0.487	-0.135	0.418	-0.033	0.001	0.921
20.439	0.487	-0.144	0.427	-0.25	0.02	0.30	-8.48	-1.32	-2.64	45927	0.488	-0.136	0.416	-0.033	0.000	0.922
20.451	0.487	-0.149	0.425	-0.31	0.03	0.28	-9.69	0.14	-2.16	46110	0.488	-0.138	0.414	-0.033	-0.000	0.923
20.461	0.487	-0.149	0.423	-0.40	0.03	0.25	-8.20	0.88	-2.64	46182	0.488	-0.139	0.412	-0.033	-0.001	0.923
20.471	0.490	-0.147	0.421	-0.50	0.01	0.23	-8.13	2.73	-2.42	46346	0.489	-0.140	0.410	-0.033	-0.001	0.924
20.483	0.492	-0.143	0.419	-0.61	-0.04	0.20	-6.50	4.21	-2.44	46516	0.489	-0.141	0.408	-0.033	-0.001	0.925
20.494	0.493	-0.144	0.416	-0.68	-0.08	0.18	-5.14	4.71	-2.54	46690	0.490	-0.141	0.406	-0.033	-0.001	0.926
20.501	0.493	-0.144	0.412	-0.72	-0.13	0.15	-2.84	7.17	-2.54	47178	0.491	-0.142	0.404	-0.033	-0.001	0.926
20.510	0.496	-0.141	0.410	-0.77	-0.22	0.13	-1.86	7.70	-2.76	47364	0.492	-0.142	0.402	-0.033	-0.001	0.927
20.522	0.493	-0.141	0.408	-0.79	-0.28	0.10	-0.06	8.62	-2.40	45403	0.492	-0.142	0.399	-0.033	-0.001	0.928
20.528	0.494	-0.135	0.405	-0.83	-0.37	0.07	1.75	7.31	-2.46	45546	0.493	-0.141	0.397	-0.033	-0.001	0.928
20.540	0.495	-0.140	0.402	-0.79	-0.44	0.05	2.32	5.44	-2.73	45745	0.493	-0.141	0.395	-0.033	-0.001	0.929
20.545	0.497	-0.138	0.400	-0.77	-0.51	0.02	2.55	4.18	-2.61	45908	0.494	-0.141	0.392	-0.032	-0.001	0.929
20.561	0.497	-0.142	0.397	-0.72	-0.55	-0.00	3.25	1.61	-3.03	46070	0.495	-0.141	0.390	-0.032	-0.001	0.930
20.569	0.497	-0.132	0.395	-0.75	-0.56	-0.03	3.11	-0.35	-2.91	46235	0.495	-0.140	0.388	-0.032	-0.000	0.931
20.581	0.496	-0.138	0.392	-0.68	-0.55	-0.06	3.00	-3.27	-2.46	46415	0.496	-0.140	0.385	-0.032	-0.000	0.931
20.589	0.493	-0.136	0.390	-0.66	-0.49	-0.09	2.76	-5.72	-2.61	46618	0.496	-0.139	0.383	-0.032	-0.000	0.932
20.595	0.493	-0.136	0.387	-0.63	-0.42	-0.11	2.89	-7.51	-2.89	46788	0.496	-0.139	0.380	-0.032	0.000	0.932
20.611	0.495	-0.130	0.384	-0.65	-0.36	-0.14	3.32	-7.57	-3.77	46961	0.496	-0.138	0.378	-0.032	0.001	0.933
20.623	0.494	-0.111	0.382	-0.74	-0.28	-0.18	4.70	-6.30	-4.79	47132	0.496	-0.135	0.375	-0.032	0.002	0.933
20.631	0.494	-0.111	0.381	-0.69	-0.21	-0.23	5.98	-2.62	-5.44	47026	0.496	-0.132	0.373	-0.033	0.003	0.934
20.642	0.497	-0.107	0.378	-0.65	-0.21	-0.28	7.23	-0.71	-6.20	47210	0.496	-0.129	0.371	-0.033	0.004	0.934
20.647	0.497	-0.107	0.376	-0.57	-0.20	-0.34	8.51	2.21	-5.49	47395	0.496	-0.126	0.369	-0.033	0.005	0.935
20.660	0.499	-0.109	0.373	-0.47	-0.23	-0.40	9.02	2.31	-5.09	47556	0.497	-0.123	0.366	-0.032	0.006	0.935
20.672	0.499	-0.108	0.370	-0.38	-0.25	-0.45	9.59	2.14	-4.45	47707	0.497	-0.121	0.364	-0.032	0.006	0.936
20.677	0.500	-0.106	0.368	-0.30	-0.28	-0.49	11.50	1.11	-4.50	47823	0.498	-0.119	0.362	-0.032	0.007	0.936
20.685	0.501	-0.109	0.365	-0.17	-0.30	-0.54	12.43	-0.11	-4.45	47974	0.498	-0.118	0.360	-0.032	0.007	0.937
20.698	0.502	-0.109	0.363	-0.04	-0.30	-0.58	12.48	-2.61	-3.89	48098	0.499	-0.116	0.358	-0.032	0.008	0.937
20.713	0.503	-0.109	0.360	0.10	-0.28	-0.64	16.98	-46.09	-95.73	48242	0.500	-0.115	0.355	-0.032	0.008	0.937
20.720	0.488	-0.104	0.357	0.22	0.32	-1.51	22.41	-140.04	6.41	46383	0.499	-0.113	0.353	-0.032	0.009	0.938
20.720	0.491	-0.100	0.354	0.39	1.62	-1.56	10.86	-110.35	22.37	46574	0.498	-0.111	0.351	-0.033	0.009	0.938
20.739	0.492	-0.098	0.352	0.48	2.70	-1.35	5.13	-72.26	20.40	46812	0.498	-0.109	0.348	-0.033	0.010	0.938
20.752	0.495	-0.095	0.349	0.50	3.38	-1.15	0.24	-31.01	16.64	47046	0.498	-0.107	0.346	-0.033	0.010	0.938
20.762	0.498	-0.096	0.345	0.50	3.66	-0.99	-3.41	8.07	12.83	47474	0.499	-0.106	0.343	-0.033	0.011	0.938
20.770	0.502	-0.096	0.342	0.46	3.54	-0.85	-4.77	43.13	10.64	47655	0.499	-0.104	0.341	-0.033	0.011	0.939
20.780	0.506	-0.093	0.339	0.39	3.06	-0.74	-6.48	71.26	8.38	47812	0.501	-0.102	0.338	-0.033	0.012	0.939
20.788	0.505	-0.103	0.336	0.40	2.34	-0.65	-7.54	89.37	7.15	47958	0.502	-0.102	0.335	-0.033	0.012	0.939
20.799	0.510	-0.098	0.333	0.29	1.41	-0.58	-8.12	98.34	5.66	48083	0.503	-0.101	0.333	-0.032	0.012	0.939
20.813	0.499	-0.093	0.331	0.17	0.52	-0.52	-9.09	97.20	4.81	48154	0.503	-0.100	0.330	-0.032	0.012	0.939
20.822	0.506	-0.091	0.328	0.07	-0.50	-0.46	-7.99	86.36	4.03	48269	0.503	-0.098	0.328	-0.032	0.013	0.939
20.831	0.504	-0.092	0.325	0.01	-1.34	-0.43	-6.63	69.16	2.57	48358	0.504	-0.097	0.325	-0.032	0.013	0.939
20.839	0.500	-0.092	0.322	-0.05	-1.99	-0.40	-4.83	47.76	1.75	48424	0.503	-0.096	0.323	-0.032	0.013	0.939
20.839	0.502	-0.091	0.321	-0.10	-2.46	-0.38	-1.78	24.10	1.40	48165	0.503	-0.095	0.321	-0.032	0.013	0.939
20.854	0.500	-0.093	0.319	-0.10	-2.68	-0.37	1.63	0.26	0.21	48216	0.503	-0.094	0.318	-0.033	0.013	0.939
20.872	0.498	-0.090	0.316	-0.09	-2.66	-0.37	5.31	-19.69	-0.91	48261	0.503	-0.094	0.316	-0.033	0.013	0.939
20.882	0.496	-0.093	0.314	-0.01	-2.44	-0.38	8.20	-37.17	-2.20	48308	0.502	-0.093	0.314	-0.033	0.013	0.939
20.882	0.494	-0.093	0.310	0.08	-2.04	-0.40	10.64	-49.15	-2.18	48344	0.501	-0.093	0.312	-0.033	0.013	0.939
20.898	0.494	-0.094	0.307	0.19	-1.55	-0.42	12.67	-55.03	-2.47	48610	0.500	-0.092	0.309	-0.034	0.013	0.939
20.912	0.491	-0.094	0.305	0.32	-0.97	-0.45	13.56	-55.01	-2.56	48656	0.499	-0.092	0.307	-0.034	0.013	0.938
20.917	0.487	-0.096	0.302	0.48	-0.39	-0.48	14.36	-50.16	-3.46	48680	0.498	-0.092	0.305	-0.035	0.013	0.938
20.926	0.487	-0.096	0.300	0.63	0.10	-0.52	13.27	-41.42	-3.07	48706	0.497	-0.092	0.303	-0.035	0.013	0.938
20.926	0.487	-0.096	0.296	0.76	0.51	-0.56	10.68	-29.40	-3.46	46752	0.496	-0.092	0.300	-0.036	0.013	0.938
20.947	0.482	-0.097	0.294	0.87	0.85	-0.60	7.27	-15.30	-3.20	46768	0.495	-0.092	0.298	-0.037	0.012	0.937
20.957	0.477	-0.097	0.292	0.96	1.04	-0.63	3.65	-1.51	-4.22	46811	0.493	-0.093	0.296	-0.037	0.012	0.937
20.970	0.477	-0.097	0.289	0.99	1.04	-0.68	0.06	10.85	-4.64	46861	0.491	-0.093	0.293	-0.038	0.012	0.937
20.973	0.482	-0.097	0.288	0.99	0.88	-0.72	-3.49	22.15	-4.64	46602	0.490	-0.093	0.291	-0.038	0.012	0.937
20.988	0.482	-0.097	0.286	0.96	0.65	-0.76	-6.85	29.66	-4.46	46641	0.489	-0.093	0.289	-0.039	0.012	0.936
20.999	0.488	-0.090	0.284	0.81	0.29	-0.81	-9.60	34.92	-4.38	46682	0.489	-0.092	0.287	-0.039	0.012	0.936
21.012	0.489	-0.083	0.282	0.65	-0.07	-0.85	-9.96	35.32	-4.46	46726	0.489	-0.091	0.285	-0.039	0.012	0.936
21.023	0.489	-0.080	0.280	0.53	-0.43	-0.89	-9.82	33.76	-4.97	46779	0.489	-0.089	0.283	-0.039	0.013	0.936
21.030	0.490	-0.081	0.278	0.44	-0.77	-0.93	-8.47	27.26	-3.86	46749	0.489	-0.088	0.281	-0.039	0.013	0.935
21.040	0.490	-0.081	0.276	0.36	-1.04	-0.97	-4.07	19.09	-3.70	46803	0.489	-0.087	0.279	-0.039	0.013	0.935
21.048	0.490	-0.080	0.274	0.32	-1.23	-1.01	0.76	9.89	-3.61	46855	0.489	-0.086	0.277	-0.039	0.014	0.935
21.063	0.490	-0.082	0.272	0.35	-1.33	-1.04	6.11	0.52	-3.50	46903	0.489	-0.085	0.275	-0.039	0.014	0.935
21.073	0.490	-0.083	0.270	0.43	-1.33	-1.07	10.24	-8.59	-4.31	46947	0.489	-0.084	0.273	-0.038	0.014	0.935
21.081	0.490	-0.080	0.268	0.50	-1.24	-1.12	11.67	-14.75	-5.03	46999	0.489	-0.083	0.271	-0.038	0.014	0.934
21.089	0.489	-0.081	0.266	0.64	-1.08	-1.17	12.29	-20.24	-5.53	47056	0.489	-0.083	0.269	-0.038	0.014	0.934
21.098	0.489	-0.083	0.264	0.78	-0.88	-1.23	11.10	-21.87	-5.68	47118	0.489	-0.083	0.267	-0.038	0.014	0.934
21.109	0.491	-0.082	0.261	0.87	-0.68	-1.29	8.58	-22.39	-6.08	47194	0.489	-0.082	0.265	-0.038	0.014	0.934
21.121	0.489	-0.060	0.259	0.69	-0.43	-1.38	2.96	-20.03	13.43	47422	0.489	-0.079	0.263	-0.038	0.015	0.933
21.132	0.486	-0.060	0.257	0.76	0.04	-1.13	-3.37	-145.79	8.54	47556	0.489	-0.077	0.261	-0.038	0.016	0.933
21.140	0.484	-0.061	0.255	0.78	1.46	-1.01	2.19	-116.10	-5.36	45704	0.488	-0.074	0.259	-0.039	0.017	0.933
21.149	0.486	-0.061	0.253	0.82	2.57	-1.08	-0.40	-75.80	-5.22	45891	0.488	-0.072	0.257	-0.039	0.017	0.932
21.158	0.486	-0.061	0.251	0.83	3.30	-1.14	0.02	-32.29	-5.86	46004	0.488	-0.071	0.255	-0.039	0.018	0.932
21.171	0.486	-0.061	0.249	0.84	3.60	-1.20	0.50	9.59	-5.24	46150	0.488	-0.069	0.253	-0.039	0.018	0.932
21.182	0.488	-0.061	0.247	0.87	3.46	-1.26	2.82	45.56	-4.58	46287	0.488	-0.068	0.251	-0.039	0.018	0.932
21.190	0.490	-0.062	0.245	0.91	2.96	-1.30	4.38	73.95	-4.45	46416	0.489	-0.067	0.249	-0.039	0.019	0.931
21.190	0.488	-0.062	0.244	0.98	2.24	-1.33	7.25	93.71	-4.19	46388	0.488	-0.066	0.247	-0.039	0.019	0.931
21.210	0.491	-0.063	0.242	1.07	1.25	-1.36	8.43	102.69	-4.53	46489	0.489	-0.065	0.245	-0.039	0.019	0.931
21.221	0.486	-0.063	0.239	1.16	0.30	-1.38	9.93	100.71	-4.41	46567	0.488	-0.064	0.243	-0.039	0.019	0.930
21.224	0.487	-0.063	0.237	1.27	-0.74	-1.41	7.98	90.74	-4.27	46633	0.488	-0.064	0.241	-0.039	0.019	0.930
21.241	0.484	-0.063	0.235	1.37	-1.58	-1.43	6.36	73.85	-4.03	46708	0.487	-0.064	0.239	-0.039	0.019	0.930
21.253	0.485	-0.064	0.232	1.44	-2.32	-1.45	4.74	50.82	-3.55	47016	0.487	-0.063	0.237	-0.039	0.019	0.930
21.256	0.482	-0.064	0.230	1.50	-2.78	-1.47	3.68	26.01	-3.48	47079	0.486	-0.063	0.235	-0.039	0.019	0.929
21.266	0.482	-0.064	0.228	1.53	-3.03	-1.50	2.86	1.64	-3.45	47148	0.485	-0.063	0.232	-0.040	0.019	0.929
21.280	0.480	-0.063	0.226	1.55	-3.01	-1.53	0.55	-21.11	-2.64	47209	0.484	-0.063	0.230	-0.040	0.019	0.928
21.280	0.480	-0.063	0.223	1.55	-2.79	-1.56	-1.95	-38.55	-2.49	47288	0.483	-0.062	0.228	-0.040	0.019	0.928
21.295	0.478	-0.063	0.221	1.53	-2.37	-1.59	-5.81	-50.47	-1.86	47353	0.482	-0.062	0.226	-0.040	0.019	0.928
21.310	0.479	-0.064	0.219	1.49	-1.88	-1.63	-8.08	-56.88	-1.27	47423	0.482	-0.062	0.224	-0.040	0.019	0.927
21.318	0.478	-0.065	0.217	1.45	-1.29	-1.65	-10.28	-58.06	-1.63	47491	0.481	-0.063	0.222	-0.040	0.019	0.927
21.331	0.478	-0.065	0.215	1.34	-0.72	-1.68	-11.52	-53.83	-1.44	47546	0.481	-0.063	0.220	-0.041	0.019	0.927
21.331	0.479	-0.065	0.213	1.22	-0.20	-1.71	-12.09	-44.99	-1.49	47666	0.480	-0.063	0.218	-0.041	0.019	0.926
21.342	0.480	-0.065	0.211	1.10	0.22	-1.74	-13.73	-32.34	-1.71	45577	0.480	-0.063	0.216	-0.041	0.018	0.926
21.358	0.480	-0.064	0.209	0.95	0.53	-1.76	-14.37	-18.93	-2.10	45620	0.480	-0.063	0.214	-0.041	0.018	0.925
21.358	0.480	-0.065	0.207	0.84	0.70	-1.78	-12.30	-4.88	-0.58	45664	0.480	-0.063	0.212	-0.041	0.018	0.925
21.374	0.480	-0.066	0.203	0.73	0.74	-1.79	-11.82	8.24	-1.25	45966	0.479	-0.064	0.210	-0.041	0.018	0.924
21.389	0.480	-0.066	0.201	0.61	0.65	-1.80	-10.75	18.78	-1.30	46020	0.479	-0.064	0.207	-0.041	0.018	0.924
21.399	0.481	-0.066	0.199	0.50	0.44	-1.81	-8.04	26.51	0.07	46080	0.479	-0.064	0.205	-0.040	0.018	0.924
21.410	0.482	-0.067	0.197	0.44	0.14	-1.81	-6.39	31.11	-0.51	46151	0.479	-0.065	0.203	-0.040	0.018	0.923
21.418	0.482	-0.068	0.195	0.39	-0.16	-1.82	-3.69	30.00	-0.31	46251	0.479	-0.065	0.201	-0.040	0.018	0.923
21.431	0.483	-0.068	0.193	0.36	-0.48	-1.82	-1.47	26.92	-0.15	46327	0.479	-0.065	0.198	-0.040	0.018	0.922
21.433	0.483	-0.069	0.191	0.35	-0.75	-1.82	0.93	21.27	0.12	46402	0.479	-0.066	0.196	-0.040	0.017	0.922
21.445	0.483	-0.069	0.189	0.35	-0.96	-1.82	1.90	14.77	-0.18	46479	0.480	-0.066	0.194	-0.040	0.017	0.922
21.457	0.483	-0.069	0.187	0.37	-1.10	-1.82	1.87	6.61	-0.23	46559	0.480	-0.067	0.192	-0.039	0.017	0.921
21.464	0.484	-0.070	0.185	0.42	-1.18	-1.82	0.97	-0.32	-0.29	46730	0.480	-0.067	0.190	-0.039	0.017	0.921
21.481	0.484	-0.070	0.183	0.42	-1.19	-1.83	-1.31	-7.62	-0.86	46830	0.480	-0.067	0.188	-0.039	0.017	0.921
21.491	0.484	-0.071	0.181	0.42	-1.10	-1.83	-1.25	-13.06	-0.24	46928	0.480	-0.068	0.186	-0.039	0.017	0.920
21.500	0.484	-0.070	0.179	0.36	-0.88	-1.78	-11.84	-72.53	111.54	47044	0.480	-0.068	0.183	-0.039	0.017	0.920
21.510	0.484	-0.070	0.178	0.22	-0.14	-0.83	-14.34	-122.35	-3.66	47011	0.480	-0.069	0.182	-0.038	0.017	0.920
21.519	0.483	-0.070	0.176	0.08	1.04	-0.77	-3.07	-94.02	-18.42	47220	0.480	-0.069	0.180	-0.038	0.016	0.919
21.524	0.484	-0.070	0.174	0.07	1.93	-0.96	0.49	-55.85	-17.24	47311	0.481	-0.069	0.178	-0.038	0.016	0.919
21.540	0.484	-0.071	0.172	0.08	2.47	-1.13	4.05	-18.71	-15.54	47425	0.481	-0.069	0.176	-0.038	0.016	0.919
21.548	0.484	-0.071	0.170	0.13	2.64	-1.29	6.27	16.21	-13.45	47555	0.481	-0.070	0.174	-0.038	0.016	0.918
21.557	0.484	-0.071	0.168	0.20	2.46	-1.42	7.15	45.21	-12.67	47754	0.482	-0.070	0.172	-0.038	0.016	0.918
21.570	0.485	-0.072	0.166	0.28	1.98	-1.55	7.01	66.03	-12.15	45715	0.482	-0.070	0.170	-0.038	0.016	0.918
21.580	0.484	-0.072	0.163	0.35	1.33	-1.67	6.11	77.16	-10.93	45810	0.482	-0.070	0.169	-0.038	0.016	0.917
21.590	0.484	-0.072	0.161	0.42	0.55	-1.77	4.58	79.66	-10.07	45887	0.482	-0.071	0.167	-0.037	0.016	0.917
21.599	0.484	-0.072	0.159	0.46	-0.18	-1.86	2.45	75.61	-9.09	46050	0.482	-0.071	0.164	-0.037	0.016	0.916
21.611	0.484	-0.073	0.157	0.47	-0.95	-1.95	0.39	63.37	-7.79	46108	0.482	-0.071	0.162	-0.037	0.016	0.916
21.620	0.483	-0.073	0.155	0.47	-1.53	-2.02	-1.65	46.03	-6.73	46167	0.481	-0.072	0.160	-0.037	0.016	0.916
21.630	0.483	-0.073	0.153	0.43	-1.97	-2.08	-4.31	26.66	-5.68	46201	0.481	-0.072	0.158	-0.037	0.016	0.915
21.630	0.483	-0.073	0.149	0.39	-2.23	-2.14	-6.73	6.42	-4.63	46497	0.481	-0.072	0.156	-0.037	0.016	0.915
21.643	0.483	-0.073	0.147	0.33	-2.28	-2.18	-10.10	-11.39	-3.68	46561	0.481	-0.073	0.153	-0.037	0.016	0.914
21.661	0.482	-0.074	0.145	0.23	-2.16	-2.22	-12.10	-26.63	-2.69	46645	0.480	-0.073	0.151	-0.037	0.016	0.914
21.661	0.482	-0.074	0.143	0.08	-1.87	-2.24	-15.78	-38.01	-1.80	46717	0.480	-0.073	0.149	-0.036	0.016	0.913
21.675	0.482	-0.074	0.141	-0.08	-1.49	-2.26	-15.38	-44.52	-1.30	46781	0.480	-0.073	0.147	-0.036	0.016	0.913
21.675	0.483	-0.075	0.139	-0.22	-1.10	-2.27	-15.34	-48.51	-0.42	46928	0.480	-0.074	0.144	-0.036	0.015	0.912
21.691	0.482	-0.075	0.137	-0.43	-0.56	-2.28	-13.78	-47.32	0.42	47001	0.480	-0.074	0.142	-0.036	0.015	0.912
21.711	0.483	-0.075	0.135	-0.54	-0.19	-2.27	-10.74	-41.95	1.72	47052	0.480	-0.074	0.140	-0.036	0.015	0.912
21.720	0.483	-0.075	0.133	-0.67	0.25	-2.25	-8.38	-34.36	1.68	47107	0.480	-0.074	0.138	-0.036	0.015	0.911
21.723	0.483	-0.075	0.130	-0.74	0.56	-2.23	-5.02	-24.65	1.69	47187	0.480	-0.075	0.136	-0.036	0.015	0.911
21.739	0.483	-0.076	0.128	-0.77	0.78	-2.21	-0.63	-12.79	1.92	47226	0.480	-0.075	0.134	-0.036	0.015	0.910
21.739	0.483	-0.076	0.126	-0.78	0.89	-2.19	3.34	-2.48	1.81	47282	0.480	-0.075	0.132	-0.035	0.015	0.910
21.755	0.484	-0.076	0.124	-0.75	0.90	-2.17	5.53	5.77	2.11	47346	0.480	-0.075	0.130	-0.035	0.015	0.910
21.755	0.484	-0.076	0.123	-0.69	0.84	-2.15	6.78	14.14	1.80	47411	0.481	-0.076	0.128	-0.035	0.015	0.909
21.771	0.484	-0.076	0.121	-0.64	0.67	-2.14	7.19	18.75	1.36	45187	0.481	-0.076	0.126	-0.035	0.015	0.909
21.787	0.484	-0.077	0.119	-0.56	0.48	-2.13	6.38	20.39	0.98	45213	0.481	-0.076	0.124	-0.035	0.015	0.908
21.787	0.484	-0.077	0.117	-0.50	0.28	-2.12	5.25	19.72	0.41	45248	0.481	-0.076	0.122	-0.035	0.015	0.908
21.806	0.485	-0.077	0.116	-0.45	0.09	-2.12	2.47	17.35	0.49	45304	0.481	-0.076	0.120	-0.034	0.015	0.908
21.821	0.485	-0.077	0.117	-0.45	-0.11	-2.11	1.47	15.08	1.15	44788	0.481	-0.076	0.119	-0.034	0.015	0.908
21.821	0.485	-0.077	0.115	-0.37	-0.28	-2.10	-2.88	10.79	1.62	44860	0.481	-0.076	0.117	-0.034	0.015	0.907
21.835	0.485	-0.077	0.114	-0.39	-0.38	-2.08	-3.04	7.00	2.30	44932	0.481	-0.076	0.116	-0.034	0.015	0.907
21.835	0.486	-0.078	0.112	-0.48	-0.43	-2.06	-10.59	-3.87	23.73	45020	0.481	-0.077	0.114	-0.034	0.015	0.907
21.853	0.486	-0.080	0.113	-0.80	-0.28	-1.71	-13.68	-40.91	98.62	44646	0.482	-0.077	0.113	-0.033	0.015	0.907
21.868	0.487	-0.080	0.111	-0.92	0.14	-0.77	-13.73	-77.52	2.81	44779	0.482	-0.077	0.111	-0.033	0.015	0.907
21.868	0.487	-0.079	0.110	-0.99	0.88	-0.69	2.25	-59.26	-21.77	44864	0.483	-0.078	0.110	-0.033	0.015	0.907
21.884	0.487	-0.079	0.108	-0.95	1.45	-0.89	11.04	-29.96	-19.02	45013	0.483	-0.078	0.108	-0.033	0.015	0.907
21.900	0.487	-0.078	0.107	-0.83	1.75	-1.07	18.82	-2.31	-15.76	45130	0.483	-0.078	0.107	-0.032	0.014	0.907
21.906	0.488	-0.078	0.104	-0.64	1.80	-1.23	25.03	18.48	-12.99	45501	0.484	-0.078	0.105	-0.032	0.014	0.907
21.916	0.488	-0.078	0.102	-0.36	1.65	-1.37	29.62	34.27	-10.84	45620	0.484	-0.078	0.103	-0.032	0.014	0.907
21.921	0.487	-0.077	0.100	-0.04	1.28	-1.48	31.78	43.97	-10.32	45740	0.484	-0.078	0.101	-0.032	0.015	0.907
21.933	0.488	-0.076	0.098	0.30	0.89	-1.59	32.65	51.55	-9.90	45856	0.485	-0.077	0.099	-0.032	0.015	0.907
21.951	0.488	-0.076	0.097	0.65	0.35	-1.69	30.59	56.92	-8.24	45924	0.485	-0.077	0.098	-0.032	0.015	0.907
21.951	0.488	-0.076	0.095	0.94	-0.19	-1.76	25.50	58.39	-6.33	46025	0.485	-0.077	0.096	-0.031	0.015	0.907
21.969	0.488	-0.075	0.093	1.21	-0.79	-1.82	17.67	54.37	-6.22	46113	0.485	-0.077	0.094	-0.031	0.015	0.907
