t	x	y	z	roll	pitch	yaw	g_x	g_y	g_z	thrust	eso_x	eso_y	eso_z	dist_x	dist_y	dist_z
0.024	-2.006	2.548	0.000	-1.78	2.00	2.50	0.03	-0.23	-0.03	0	-2.006	2.548	0.000	-0.000	-0.000	0.000
0.032	-2.004	2.548	0.000	-1.79	1.92	2.50	0.08	-0.29	0.04	0	-2.006	2.548	-0.001	0.000	-0.000	0.000
0.042	-2.003	2.547	0.000	-1.77	1.89	2.49	0.30	-0.25	0.15	0	-2.005	2.548	-0.002	0.000	-0.000	0.000
0.054	-2.005	2.550	0.000	-1.91	1.93	2.48	-0.15	-0.24	-0.06	0	-2.005	2.548	-0.004	0.000	0.000	0.001
0.062	-2.005	2.550	0.000	-1.91	1.93	2.48	0.06	-0.08	0.05	0	-2.005	2.548	-0.007	0.000	0.000	0.001
0.073	-2.004	2.547	0.000	-1.80	1.92	2.49	0.01	-0.32	0.01	0	-2.005	2.548	-0.010	0.000	0.000	0.002
0.084	-2.003	2.547	0.000	-1.82	1.89	2.48	0.32	-0.17	0.08	0	-2.005	2.548	-0.013	0.000	0.000	0.003
0.091	-2.005	2.548	0.000	-1.87	1.95	2.48	-0.14	-0.22	-0.25	0	-2.005	2.548	-0.016	0.000	0.000	0.004
0.103	-2.004	2.543	0.000	-1.65	1.97	2.49	0.02	-0.15	-0.02	0	-2.005	2.547	-0.020	0.000	-0.000	0.006
0.113	-2.006	2.544	0.000	-1.72	2.01	2.49	0.13	-0.17	0.15	0	-2.005	2.547	-0.024	0.000	-0.000	0.007
0.127	-2.006	2.541	0.000	-1.60	2.02	2.49	-0.01	0.11	0.07	0	-2.005	2.546	-0.028	0.000	-0.001	0.010
0.133	-2.009	2.545	0.001	-1.82	2.17	2.49	0.12	-0.36	-0.02	0	-2.005	2.546	-0.032	0.000	-0.001	0.012
0.142	-2.010	2.545	0.000	-1.81	2.17	2.49	-0.07	-0.04	-0.08	0	-2.006	2.546	-0.036	-0.000	-0.001	0.015
0.153	-2.010	2.544	0.000	-1.78	2.19	2.48	0.08	-0.01	-0.13	0	-2.006	2.546	-0.040	-0.000	-0.001	0.018
0.163	-2.010	2.544	0.000	-1.81	2.15	2.48	0.19	0.05	-0.04	0	-2.007	2.545	-0.045	-0.000	-0.001	0.021
0.173	-2.010	2.544	0.000	-1.82	2.13	2.47	-0.10	-0.38	-0.01	0	-2.007	2.545	-0.049	-0.000	-0.001	0.025
0.183	-2.010	2.544	0.000	-1.85	2.13	2.47	0.23	0.06	0.27	0	-2.007	2.545	-0.053	-0.001	-0.001	0.029
0.191	-2.011	2.545	0.000	-1.92	2.16	2.47	0.05	-0.18	0.10	0	-2.008	2.545	-0.057	-0.001	-0.001	0.033
0.201	-2.010	2.544	0.000	-1.85	2.11	2.46	0.06	0.01	0.01	0	-2.008	2.545	-0.062	-0.001	-0.001	0.038
0.210	-2.011	2.545	0.000	-1.93	2.14	2.46	0.07	0.09	0.03	0	-2.008	2.545	-0.066	-0.001	-0.001	0.043
0.222	-2.011	2.545	0.000	-1.93	2.14	2.46	0.11	-0.07	0.17	0	-2.009	2.545	-0.070	-0.001	-0.001	0.049
0.230	-2.010	2.544	0.000	-1.89	2.10	2.46	-0.07	-0.25	-0.05	0	-2.009	2.545	-0.075	-0.001	-0.001	0.054
0.241	-2.011	2.544	0.000	-1.92	2.12	2.45	0.29	-0.16	0.02	0	-2.009	2.545	-0.079	-0.001	-0.001	0.060
0.252	-2.010	2.544	0.000	-1.91	2.07	2.45	0.09	-0.02	0.05	0	-2.009	2.544	-0.083	-0.001	-0.001	0.067
0.262	-2.011	2.545	0.000	-1.95	2.09	2.45	-0.18	0.06	0.09	0	-2.010	2.544	-0.087	-0.001	-0.001	0.073
0.273	-2.010	2.545	0.000	-1.96	2.04	2.44	-0.18	-0.24	-0.11	0	-2.010	2.544	-0.091	-0.001	-0.001	0.080
0.282	-2.008	2.545	0.000	-2.00	1.94	2.43	-0.00	0.12	-0.03	0	-2.009	2.545	-0.095	-0.001	-0.001	0.087
0.293	-2.010	2.545	0.000	-1.98	2.03	2.44	0.08	-0.14	0.04	0	-2.010	2.545	-0.099	-0.001	-0.001	0.095
0.303	-2.010	2.544	0.000	-1.94	2.04	2.44	0.04	-0.11	-0.16	0	-2.010	2.544	-0.103	-0.001	-0.001	0.103
0.312	-2.010	2.545	0.000	-1.99	2.04	2.43	-0.09	-0.26	-0.06	0	-2.010	2.545	-0.107	-0.001	-0.001	0.111
0.321	-2.009	2.546	0.000	-2.04	1.98	2.43	-0.07	-0.00	-0.03	0	-2.010	2.545	-0.111	-0.001	-0.001	0.119
0.336	-2.010	2.545	0.000	-2.02	2.04	2.43	0.17	-0.27	-0.26	0	-2.010	2.545	-0.115	-0.001	-0.001	0.128
0.343	-2.011	2.544	0.000	-1.96	2.05	2.42	0.01	-0.08	-0.01	0	-2.010	2.545	-0.119	-0.001	-0.001	0.137
0.351	-2.011	2.544	0.000	-1.98	2.05	2.42	0.14	-0.09	-0.07	0	-2.010	2.545	-0.123	-0.001	-0.001	0.147
0.363	-2.011	2.545	0.000	-2.00	2.05	2.42	0.00	0.11	0.23	0	-2.010	2.545	-0.126	-0.001	-0.001	0.156
0.373	-2.010	2.545	0.000	-2.02	2.01	2.41	-0.04	-0.21	-0.06	0	-2.010	2.545	-0.130	-0.001	-0.001	0.166
0.382	-2.010	2.545	0.000	-2.02	2.01	2.41	0.01	-0.36	0.17	0	-2.010	2.545	-0.134	-0.001	-0.001	0.176
0.393	-2.010	2.544	0.000	-1.96	2.00	2.41	-0.04	-0.16	-0.15	0	-2.010	2.545	-0.137	-0.001	-0.001	0.187
0.405	-2.010	2.544	0.000	-1.96	2.00	2.41	0.06	-0.12	-0.13	0	-2.010	2.544	-0.141	-0.001	-0.001	0.197
0.413	-2.011	2.544	0.000	-2.00	2.03	2.41	0.23	-0.17	0.08	0	-2.011	2.544	-0.144	-0.001	-0.001	0.208
0.424	-2.011	2.544	0.000	-2.00	2.03	2.40	-0.13	-0.30	0.15	0	-2.011	2.544	-0.148	-0.001	-0.001	0.220
0.437	-2.011	2.544	0.000	-2.00	2.03	2.40	0.07	-0.33	0.21	0	-2.011	2.544	-0.151	-0.001	-0.001	0.231
0.445	-2.011	2.543	0.000	-1.95	2.00	2.40	0.24	0.12	0.04	0	-2.011	2.544	-0.155	-0.001	-0.001	0.243
0.454	-2.009	2.544	0.000	-1.97	1.94	2.40	0.26	-0.33	-0.15	0	-2.011	2.544	-0.158	-0.001	-0.001	0.255
0.464	-2.012	2.552	0.000	-2.36	2.01	2.39	-0.13	-0.03	0.04	0	-2.011	2.545	-0.161	-0.001	-0.001	0.267
0.471	-2.013	2.553	0.000	-2.37	2.04	2.38	-0.05	-0.25	-0.07	0	-2.011	2.546	-0.165	-0.002	-0.001	0.280
0.483	-2.011	2.552	0.000	-2.33	1.97	2.38	0.15	-0.10	0.13	0	-2.011	2.547	-0.168	-0.002	-0.000	0.292
0.494	-2.011	2.552	0.000	-2.30	1.96	2.38	0.08	-0.17	-0.08	0	-2.011	2.547	-0.171	-0.001	-0.000	0.305
0.503	-2.011	2.557	0.000	-2.49	1.97	2.37	-0.00	-0.09	-0.09	0	-2.011	2.549	-0.174	-0.001	0.000	0.319
0.513	-2.011	2.556	0.000	-2.42	1.97	2.37	-0.02	-0.09	0.09	0	-2.011	2.549	-0.177	-0.001	0.001	0.332
0.523	-2.011	2.552	0.001	-2.22	1.96	2.38	0.08	-0.25	-0.21	0	-2.011	2.550	-0.180	-0.001	0.001	0.346
0.538	-2.011	2.552	0.001	-2.21	1.96	2.37	0.04	-0.34	0.13	0	-2.011	2.550	-0.183	-0.001	0.001	0.360
0.541	-2.011	2.552	0.000	-2.21	1.96	2.37	0.05	-0.10	0.09	0	-2.011	2.550	-0.186	-0.001	0.001	0.374
0.555	-2.012	2.553	0.000	-2.25	2.03	2.37	-0.12	-0.21	0.09	0	-2.011	2.551	-0.189	-0.001	0.001	0.388
0.564	-2.010	2.551	0.001	-2.15	1.94	2.37	-0.08	-0.21	-0.01	0	-2.011	2.551	-0.192	-0.001	0.001	0.403
0.572	-2.010	2.551	0.001	-2.15	1.94	2.37	-0.17	-0.22	-0.05	0	-2.011	2.551	-0.195	-0.001	0.001	0.418
0.582	-2.010	2.552	0.000	-2.14	1.95	2.37	0.03	-0.13	-0.11	0	-2.011	2.551	-0.197	-0.001	0.001	0.433
0.592	-2.006	2.553	0.000	-2.20	1.79	2.37	0.22	-0.07	-0.10	0	-2.011	2.551	-0.200	-0.001	0.001	0.448
0.604	-2.007	2.553	0.000	-2.19	1.84	2.36	-0.18	-0.13	-0.08	0	-2.010	2.552	-0.203	-0.001	0.001	0.463
0.613	-2.008	2.554	0.000	-2.22	1.88	2.36	-0.04	-0.23	0.12	0	-2.010	2.552	-0.205	-0.001	0.001	0.479
0.621	-2.005	2.550	0.001	-2.02	1.77	2.37	0.01	-0.11	-0.06	0	-2.010	2.552	-0.208	-0.001	0.001	0.495
0.632	-2.006	2.551	0.000	-2.05	1.79	2.37	-0.21	-0.47	0.07	0	-2.009	2.552	-0.211	-0.000	0.001	0.511
0.642	-2.005	2.550	0.000	-1.98	1.79	2.37	-0.06	-0.01	0.25	0	-2.009	2.552	-0.213	-0.000	0.001	0.527
0.653	-2.006	2.550	0.001	-2.00	1.81	2.36	0.08	-0.07	-0.16	0	-2.008	2.552	-0.216	-0.000	0.001	0.543
0.661	-2.005	2.549	0.001	-1.96	1.81	2.36	0.06	-0.21	0.09	0	-2.008	2.551	-0.218	-0.000	0.001	0.560
0.671	-2.006	2.550	0.000	-2.00	1.83	2.36	0.07	-0.20	-0.00	0	-2.008	2.551	-0.221	0.000	0.001	0.577
0.685	-2.006	2.550	0.000	-2.00	1.86	2.36	-0.25	0.03	-0.06	0	-2.007	2.551	-0.223	0.000	0.001	0.594
0.692	-2.006	2.550	0.000	-1.98	1.87	2.35	0.13	0.06	-0.08	0	-2.007	2.551	-0.225	0.000	0.001	0.611
0.699	-2.006	2.551	0.000	-2.05	1.88	2.35	0.14	-0.13	-0.05	0	-2.007	2.551	-0.228	0.000	0.001	0.628
0.713	-2.006	2.550	0.000	-1.99	1.86	2.35	0.02	-0.15	-0.11	0	-2.007	2.551	-0.230	0.000	0.001	0.645
0.720	-2.005	2.550	0.000	-2.00	1.83	2.34	-0.03	-0.21	0.00	0	-2.007	2.551	-0.232	0.000	0.001	0.663
0.733	-2.006	2.550	0.000	-1.98	1.89	2.34	0.04	-0.05	-0.02	0	-2.007	2.551	-0.235	0.000	0.001	0.681
0.747	-2.007	2.550	0.000	-2.00	1.91	2.34	0.07	-0.15	-0.12	0	-2.007	2.551	-0.237	0.000	0.001	0.699
0.754	-2.006	2.550	0.000	-1.99	1.91	2.34	0.04	-0.30	0.12	0	-2.007	2.551	-0.239	0.000	0.001	0.717
0.760	-2.007	2.551	0.000	-2.01	1.92	2.33	0.06	-0.19	-0.01	0	-2.007	2.551	-0.241	0.000	0.001	0.735
0.771	-2.007	2.550	0.000	-1.97	1.93	2.33	0.31	0.07	0.13	0	-2.007	2.551	-0.243	0.000	0.001	0.754
0.784	-2.005	2.549	0.000	-1.92	1.85	2.33	0.16	0.03	0.18	0	-2.006	2.551	-0.245	0.001	0.001	0.772
0.793	-2.006	2.550	0.000	-1.98	1.92	2.33	0.26	-0.41	-0.09	0	-2.006	2.551	-0.247	0.001	0.001	0.791
0.801	-2.006	2.550	0.000	-1.97	1.92	2.33	0.02	-0.33	-0.08	0	-2.006	2.551	-0.249	0.001	0.000	0.810
0.812	-2.004	2.549	0.000	-1.90	1.86	2.33	-0.09	-0.28	0.08	0	-2.006	2.550	-0.251	0.001	0.000	0.829
0.824	-2.005	2.549	0.000	-1.90	1.88	2.33	0.12	0.03	-0.24	0	-2.006	2.550	-0.253	0.001	0.000	0.848
0.832	-2.006	2.550	0.000	-1.95	1.94	2.32	0.07	-0.25	0.08	0	-2.006	2.550	-0.255	0.001	0.000	0.868
0.847	-2.005	2.550	0.000	-1.95	1.92	2.32	0.20	-0.38	-0.05	0	-2.006	2.550	-0.257	0.001	0.000	0.887
0.852	-2.000	2.546	0.000	-1.75	1.73	2.33	0.13	-0.15	-0.08	0	-2.005	2.550	-0.259	0.001	0.000	0.907
0.862	-1.996	2.545	0.000	-1.74	1.56	2.32	0.09	0.09	0.02	0	-2.004	2.549	-0.261	0.001	-0.000	0.927
0.873	-1.997	2.544	0.000	-1.69	1.62	2.33	0.08	-0.09	0.00	0	-2.003	2.549	-0.262	0.002	-0.000	0.947
0.882	-1.996	2.544	0.000	-1.69	1.61	2.32	-0.07	-0.25	-0.10	0	-2.002	2.548	-0.264	0.002	-0.001	0.967
0.892	-1.996	2.544	0.000	-1.72	1.63	2.32	0.02	0.02	0.12	0	-2.001	2.548	-0.266	0.002	-0.001	0.987
0.902	-1.996	2.544	0.000	-1.75	1.65	2.32	0.06	-0.35	-0.15	0	-2.001	2.547	-0.268	0.003	-0.001	1.007
0.914	-1.997	2.545	0.000	-1.79	1.71	2.31	-0.07	-0.44	-0.13	0	-2.000	2.547	-0.269	0.003	-0.001	1.028
0.921	-1.996	2.544	0.000	-1.74	1.69	2.31	0.16	-0.14	0.38	0	-2.000	2.547	-0.271	0.003	-0.001	1.048
0.930	-1.997	2.544	0.000	-1.75	1.74	2.31	-0.02	-0.41	0.10	0	-1.999	2.546	-0.272	0.003	-0.001	1.069
0.947	-1.996	2.547	0.000	-1.89	1.72	2.29	0.00	0.25	0.00	0	-1.999	2.546	-0.274	0.003	-0.001	1.090
0.952	-1.992	2.544	0.000	-1.75	1.56	2.30	-0.07	-0.35	0.01	0	-1.998	2.546	-0.276	0.004	-0.001	1.111
0.962	-1.992	2.544	0.000	-1.80	1.61	2.29	-0.00	-0.16	-0.05	0	-1.997	2.546	-0.277	0.004	-0.001	1.132
0.972	-1.991	2.543	0.000	-1.75	1.58	2.29	-0.08	-0.30	-0.18	0	-1.996	2.545	-0.278	0.004	-0.001	1.153
0.984	-1.991	2.543	0.000	-1.76	1.60	2.29	-0.11	-0.22	0.04	0	-1.995	2.545	-0.280	0.004	-0.002	1.174
0.999	-1.992	2.544	0.000	-1.82	1.66	2.29	0.05	-0.28	-0.07	0	-1.995	2.545	-0.281	0.005	-0.002	1.195
1.007	-1.991	2.543	0.000	-1.76	1.68	2.29	0.12	0.01	-0.13	0	-1.994	2.545	-0.283	0.005	-0.002	1.217
1.015	-1.992	2.544	0.001	-1.84	1.74	2.28	-0.17	-0.17	0.02	0	-1.994	2.545	-0.284	0.005	-0.002	1.238
1.024	-1.991	2.543	0.000	-1.77	1.70	2.29	0.05	-0.16	0.11	0	-1.994	2.544	-0.285	0.005	-0.002	1.260
1.035	-1.995	2.545	0.001	-1.86	1.90	2.29	-0.11	-0.32	0.25	0	-1.994	2.544	-0.287	0.005	-0.002	1.282
1.042	-1.999	2.544	0.001	-1.83	2.09	2.31	0.03	0.11	-0.16	0	-1.994	2.544	-0.288	0.005	-0.002	1.304
1.055	-1.999	2.544	0.001	-1.82	2.08	2.31	0.09	-0.04	0.17	0	-1.995	2.544	-0.289	0.004	-0.002	1.326
1.063	-1.998	2.543	0.000	-1.82	2.06	2.30	-0.05	-0.23	0.02	0	-1.995	2.544	-0.290	0.004	-0.002	1.348
1.072	-1.999	2.548	0.001	-2.06	2.05	2.28	-0.01	-0.17	-0.02	0	-1.995	2.545	-0.291	0.004	-0.002	1.370
1.084	-1.998	2.549	0.001	-2.10	2.00	2.27	-0.27	0.01	0.11	0	-1.996	2.545	-0.293	0.004	-0.001	1.392
1.093	-2.000	2.549	0.001	-2.06	2.08	2.28	0.08	-0.21	-0.22	0	-1.996	2.546	-0.294	0.004	-0.001	1.415
1.103	-2.000	2.548	0.001	-2.02	2.09	2.28	0.13	-0.15	0.13	0	-1.996	2.546	-0.295	0.003	-0.001	1.437
1.112	-1.999	2.545	0.001	-1.87	2.04	2.28	0.21	0.02	-0.10	0	-1.997	2.546	-0.296	0.003	-0.001	1.459
1.123	-1.999	2.546	0.001	-1.91	2.07	2.28	0.30	-0.28	0.17	0	-1.997	2.546	-0.297	0.003	-0.001	1.482
1.130	-1.999	2.545	0.001	-1.88	2.07	2.28	-0.18	-0.10	-0.21	0	-1.997	2.546	-0.298	0.003	-0.001	1.505
1.139	-1.998	2.544	0.001	-1.84	2.01	2.27	0.11	-0.24	-0.01	0	-1.997	2.546	-0.299	0.003	-0.001	1.527
1.155	-1.998	2.545	0.000	-1.89	2.01	2.26	0.25	-0.39	-0.03	0	-1.997	2.545	-0.300	0.003	-0.001	1.550
1.160	-1.998	2.545	0.000	-1.89	2.01	2.26	-0.06	-0.08	0.12	0	-1.997	2.545	-0.301	0.003	-0.001	1.573
1.172	-1.998	2.545	0.000	-1.87	2.01	2.26	0.09	-0.18	-0.01	0	-1.997	2.545	-0.302	0.003	-0.001	1.596
1.183	-1.998	2.544	0.000	-1.85	2.01	2.26	-0.00	-0.09	-0.11	0	-1.997	2.545	-0.303	0.003	-0.001	1.619
1.191	-1.998	2.544	0.001	-1.87	2.01	2.26	0.05	-0.30	0.02	0	-1.997	2.545	-0.304	0.003	-0.001	1.642
1.201	-1.998	2.544	0.000	-1.87	2.02	2.25	-0.14	-0.55	-0.01	0	-1.997	2.545	-0.305	0.003	-0.001	1.665
1.211	-1.998	2.544	0.000	-1.85	2.02	2.25	0.21	-0.20	-0.05	0	-1.997	2.545	-0.306	0.003	-0.002	1.689
1.222	-1.999	2.545	0.000	-1.90	2.10	2.25	0.06	-0.35	0.11	0	-1.997	2.545	-0.307	0.003	-0.002	1.712
1.233	-1.998	2.545	0.000	-1.92	2.05	2.25	-0.03	-0.22	-0.08	0	-1.997	2.545	-0.307	0.003	-0.002	1.735
1.238	-1.998	2.545	0.000	-1.91	2.02	2.24	-0.14	-0.11	0.02	0	-1.997	2.545	-0.308	0.003	-0.002	1.759
1.256	-2.000	2.549	0.000	-2.11	2.10	2.25	0.18	-0.23	-0.12	0	-1.998	2.545	-0.309	0.003	-0.001	1.782
1.263	-2.000	2.547	0.000	-2.00	2.10	2.24	0.04	-0.39	-0.09	0	-1.998	2.546	-0.310	0.002	-0.001	1.806
1.271	-2.001	2.547	0.000	-1.99	2.16	2.25	0.04	-0.22	0.05	0	-1.998	2.546	-0.311	0.002	-0.001	1.829
1.280	-1.999	2.544	0.000	-1.84	2.06	2.24	0.09	0.02	-0.02	0	-1.998	2.545	-0.311	0.002	-0.001	1.853
1.291	-2.001	2.543	0.000	-1.80	2.15	2.24	0.17	-0.06	0.04	0	-1.998	2.545	-0.312	0.002	-0.001	1.877
1.303	-1.999	2.543	0.000	-1.82	2.05	2.23	-0.11	-0.06	0.06	0	-1.998	2.545	-0.313	0.002	-0.001	1.900
1.313	-1.999	2.543	0.000	-1.84	2.04	2.23	0.04	-0.38	-0.25	0	-1.998	2.545	-0.313	0.002	-0.002	1.924
1.322	-1.999	2.543	0.000	-1.85	2.08	2.23	-0.13	-0.16	-0.08	0	-1.998	2.544	-0.314	0.002	-0.002	1.948
1.333	-2.000	2.544	0.000	-1.91	2.10	2.23	0.02	-0.29	0.06	0	-1.999	2.544	-0.315	0.002	-0.002	1.972
1.342	-1.998	2.545	0.000	-1.92	2.02	2.23	0.03	-0.15	-0.12	0	-1.998	2.544	-0.315	0.002	-0.002	1.996
1.353	-2.000	2.543	0.000	-1.86	2.08	2.23	-0.19	-0.05	-0.14	0	-1.999	2.544	-0.316	0.002	-0.002	2.020
1.363	-1.999	2.543	0.000	-1.87	2.05	2.22	0.07	0.05	-0.03	0	-1.999	2.544	-0.316	0.002	-0.002	2.044
1.373	-1.998	2.544	0.000	-1.88	2.02	2.22	-0.19	-0.10	0.10	0	-1.998	2.544	-0.317	0.002	-0.002	2.068
1.383	-1.997	2.543	0.000	-1.84	1.95	2.21	0.07	-0.26	0.06	0	-1.998	2.544	-0.318	0.002	-0.002	2.092
1.394	-1.999	2.543	0.000	-1.86	2.04	2.22	0.17	-0.03	0.03	0	-1.998	2.544	-0.318	0.002	-0.002	2.116
1.404	-1.999	2.544	0.000	-1.91	2.04	2.22	0.02	-0.22	-0.03	0	-1.998	2.544	-0.319	0.002	-0.002	2.140
1.413	-1.998	2.543	0.000	-1.88	2.01	2.21	0.04	0.00	0.07	0	-1.998	2.544	-0.319	0.002	-0.002	2.164
1.423	-1.999	2.543	0.000	-1.87	2.03	2.21	-0.23	-0.22	0.06	0	-1.998	2.544	-0.319	0.002	-0.002	2.189
1.433	-1.999	2.543	0.000	-1.89	2.05	2.21	0.12	-0.27	-0.19	0	-1.998	2.544	-0.320	0.002	-0.002	2.213
1.443	-1.999	2.544	0.000	-1.92	2.07	2.21	-0.11	-0.30	0.19	0	-1.998	2.544	-0.320	0.002	-0.002	2.237
1.450	-2.000	2.544	0.000	-1.94	2.09	2.21	0.07	-0.40	-0.13	0	-1.999	2.544	-0.321	0.002	-0.002	2.262
1.463	-1.999	2.544	0.000	-1.94	2.04	2.21	-0.02	-0.16	-0.06	0	-1.999	2.544	-0.321	0.002	-0.002	2.286
1.471	-2.003	2.543	0.000	-1.87	2.25	2.22	0.15	-0.29	-0.06	0	-1.999	2.544	-0.321	0.001	-0.002	2.310
1.482	-2.003	2.543	0.000	-1.86	2.25	2.21	0.22	0.03	0.01	0	-1.999	2.543	-0.322	0.001	-0.002	2.335
1.493	-2.003	2.543	0.000	-1.88	2.23	2.21	0.13	-0.37	0.04	0	-2.000	2.543	-0.322	0.001	-0.002	2.359
1.503	-2.003	2.543	0.000	-1.88	2.23	2.21	0.18	-0.11	0.24	0	-2.000	2.543	-0.323	0.001	-0.002	2.384
1.512	-2.006	2.541	-0.000	-1.81	2.33	2.21	-0.08	-0.29	-0.12	0	-2.001	2.543	-0.323	0.001	-0.002	2.408
1.522	-2.004	2.543	0.000	-1.89	2.22	2.20	-0.00	-0.27	0.08	0	-2.001	2.543	-0.323	0.001	-0.002	2.433
1.533	-2.004	2.542	0.000	-1.89	2.22	2.20	-0.14	-0.28	-0.14	0	-2.002	2.543	-0.323	0.000	-0.002	2.457
1.545	-2.004	2.543	0.000	-1.93	2.21	2.20	0.11	-0.18	0.18	0	-2.002	2.543	-0.324	0.000	-0.002	2.482
1.552	-2.006	2.543	0.000	-1.94	2.29	2.21	-0.04	-0.21	-0.06	0	-2.002	2.543	-0.324	0.000	-0.002	2.506
1.566	-2.004	2.541	0.000	-1.84	2.19	2.19	0.14	-0.07	-0.03	0	-2.003	2.543	-0.324	0.000	-0.002	2.531
1.572	-2.005	2.543	0.000	-1.92	2.19	2.19	0.08	-0.31	0.04	0	-2.003	2.543	-0.324	-0.000	-0.002	2.556
1.582	-2.004	2.543	0.000	-1.91	2.15	2.19	-0.06	-0.26	-0.03	0	-2.003	2.543	-0.324	-0.000	-0.002	2.580
1.592	-2.003	2.542	0.000	-1.89	2.10	2.18	0.06	-0.23	-0.04	0	-2.003	2.543	-0.325	-0.000	-0.002	2.605
1.602	-2.004	2.547	0.000	-2.11	2.15	2.19	0.18	-0.12	-0.23	0	-2.003	2.543	-0.325	-0.000	-0.002	2.630
1.612	-2.006	2.551	0.000	-2.26	2.22	2.20	0.11	-0.04	-0.10	0	-2.003	2.544	-0.325	-0.000	-0.002	2.654
1.621	-2.006	2.551	0.000	-2.26	2.22	2.20	0.19	-0.35	0.01	0	-2.004	2.545	-0.325	-0.000	-0.001	2.679
1.629	-2.006	2.550	0.000	-2.20	2.18	2.19	-0.09	-0.23	-0.06	0	-2.004	2.545	-0.325	-0.000	-0.001	2.704
1.642	-2.006	2.550	0.000	-2.17	2.17	2.19	0.00	-0.14	0.14	0	-2.004	2.546	-0.325	-0.001	-0.001	2.728
1.652	-2.006	2.550	0.000	-2.20	2.19	2.19	0.24	-0.16	-0.09	0	-2.004	2.547	-0.325	-0.001	-0.001	2.753
1.666	-2.007	2.551	0.000	-2.20	2.20	2.19	0.06	0.01	0.02	0	-2.005	2.547	-0.325	-0.001	-0.000	2.778
1.673	-2.006	2.550	0.000	-2.13	2.13	2.18	-0.16	-0.43	0.07	0	-2.005	2.548	-0.325	-0.001	-0.000	2.802
1.681	-2.006	2.550	0.000	-2.15	2.12	2.18	-0.05	-0.42	-0.21	0	-2.005	2.548	-0.325	-0.001	-0.000	2.827
1.692	-2.006	2.551	0.000	-2.15	2.12	2.18	0.07	-0.09	-0.06	0	-2.005	2.548	-0.325	-0.001	-0.000	2.852
1.702	-2.006	2.550	0.000	-2.11	2.11	2.17	0.13	-0.23	0.20	0	-2.005	2.549	-0.325	-0.001	-0.000	2.876
1.713	-2.006	2.550	0.000	-2.11	2.14	2.17	-0.02	-0.37	-0.07	0	-2.005	2.549	-0.325	-0.001	0.000	2.901
1.721	0.000	0.000	0.000	0.00	0.00	0.00	0.13	-0.07	-0.12	0	-1.761	2.238	-0.325	0.089	-0.114	2.926
1.730	0.000	0.000	-0.000	0.00	0.00	-0.00	-0.01	0.07	-0.07	0	-1.544	1.962	-0.326	0.167	-0.214	2.951
1.740	0.000	-0.000	0.000	0.05	0.00	-0.00	0.01	-0.25	-0.04	0	-1.351	1.716	-0.326	0.236	-0.301	2.975
1.749	0.000	-0.000	0.000	0.02	0.05	-0.00	0.02	-0.15	0.09	0	-1.179	1.498	-0.325	0.296	-0.378	3.000
1.766	0.000	-0.000	0.000	0.02	0.01	-0.00	0.10	-0.22	-0.03	0	-1.027	1.305	-0.325	0.349	-0.444	3.025
1.772	0.001	-0.000	0.000	-0.08	-0.22	-0.00	-0.13	-0.30	0.16	0	-0.892	1.133	-0.325	0.394	-0.502	3.049
1.782	0.001	-0.001	0.000	0.16	-0.10	-0.00	0.09	-0.29	0.07	0	-0.772	0.980	-0.325	0.434	-0.552	3.074
1.790	0.000	0.001	0.000	-0.52	0.23	-0.00	-0.16	-0.16	0.02	0	-0.666	0.845	-0.325	0.467	-0.595	3.099
1.803	0.001	-0.000	0.000	-0.08	0.22	-0.00	0.14	0.08	-0.05	0	-0.571	0.725	-0.325	0.497	-0.632	3.123
1.811	0.001	-0.000	0.000	-0.23	0.22	-0.00	-0.10	-0.42	-0.15	0	-0.487	0.618	-0.325	0.521	-0.663	3.148
1.820	0.002	0.000	0.000	-0.39	-0.28	-0.00	0.11	-0.06	0.32	0	-0.413	0.524	-0.325	0.543	-0.690	3.173
1.834	0.002	-0.001	0.000	0.13	0.09	-0.00	0.10	-0.08	0.07	0	-0.347	0.440	-0.325	0.560	-0.712	3.197
1.841	0.001	-0.001	0.000	0.00	0.40	-0.00	0.06	-0.21	-0.08	0	-0.288	0.365	-0.324	0.575	-0.731	3.222
1.852	0.002	-0.000	0.000	-0.61	0.32	0.00	0.20	-0.28	-0.05	0	-0.236	0.300	-0.324	0.587	-0.746	3.247
1.862	0.002	0.001	0.000	-1.20	0.45	0.00	-0.11	-0.19	0.04	0	-0.190	0.242	-0.324	0.597	-0.758	3.271
1.872	0.003	0.002	0.000	-1.29	0.28	0.00	0.11	-0.26	0.06	0	-0.150	0.190	-0.324	0.605	-0.768	3.296
1.882	0.003	0.001	0.000	-0.96	0.38	0.00	0.04	-0.21	-0.05	0	-0.114	0.145	-0.324	0.611	-0.775	3.320
1.890	0.003	0.002	0.000	-1.34	0.48	0.00	-0.08	-0.00	-0.11	0	-0.082	0.105	-0.323	0.615	-0.781	3.345
1.901	0.003	0.001	0.000	-0.97	0.62	0.00	-0.11	-0.16	0.04	0	-0.054	0.069	-0.323	0.618	-0.784	3.369
1.912	0.003	0.001	0.000	-1.14	0.71	0.00	0.11	-0.29	-0.10	0	-0.029	0.038	-0.323	0.620	-0.786	3.394
1.921	0.003	0.001	0.000	-1.10	0.79	0.00	0.09	0.04	0.06	0	-0.007	0.010	-0.323	0.620	-0.786	3.418
1.932	0.003	0.001	0.000	-1.03	0.87	0.00	0.21	-0.31	0.06	0	0.013	-0.014	-0.322	0.620	-0.786	3.443
1.940	0.003	0.000	0.000	-1.02	0.87	0.00	0.14	0.04	0.06	0	0.030	-0.036	-0.322	0.618	-0.784	3.467
1.951	0.002	0.001	0.000	-1.21	1.31	0.01	0.04	-0.27	-0.20	0	0.045	-0.054	-0.322	0.616	-0.781	3.492
1.962	0.003	0.000	0.000	-1.08	1.01	0.00	-0.07	-0.11	-0.02	0	0.058	-0.071	-0.322	0.613	-0.777	3.516
1.971	0.004	0.000	0.000	-1.08	1.01	0.00	0.04	0.05	0.14	0	0.069	-0.086	-0.321	0.610	-0.773	3.541
1.982	0.001	0.000	0.000	-1.12	1.48	0.01	0.04	-0.01	0.20	0	0.079	-0.098	-0.321	0.606	-0.768	3.565
1.990	0.002	0.005	0.000	-2.05	1.37	0.03	-0.14	-0.12	0.04	0	0.088	-0.109	-0.321	0.601	-0.762	3.589
2.002	0.001	0.003	0.000	-1.59	1.64	0.02	0.05	-0.42	-0.00	0	0.096	-0.118	-0.320	0.597	-0.756	3.614
2.012	0.001	0.003	0.000	-1.59	1.64	0.02	0.08	-0.07	-0.25	0	0.102	-0.126	-0.320	0.591	-0.749	3.638
2.023	0.005	0.005	0.000	-1.90	0.93	0.02	0.00	-0.29	-0.17	0	0.108	-0.133	-0.320	0.586	-0.742	3.662
2.028	0.004	0.002	0.000	-1.39	1.24	0.01	0.17	-0.03	0.15	0	0.113	-0.139	-0.319	0.581	-0.735	3.686
2.041	0.005	-0.003	0.000	-0.75	1.14	-0.00	0.18	-0.16	-0.18	0	0.118	-0.145	-0.319	0.575	-0.728	3.711
2.052	0.006	-0.007	0.000	-0.17	1.02	-0.01	0.23	-0.14	-0.04	0	0.122	-0.151	-0.318	0.569	-0.721	3.735
2.059	0.006	-0.006	0.000	-0.42	1.10	-0.01	0.05	-0.36	0.00	0	0.125	-0.155	-0.318	0.563	-0.713	3.759
2.074	0.007	-0.006	0.000	-0.54	1.03	-0.01	0.24	-0.08	0.05	0	0.128	-0.159	-0.318	0.557	-0.705	3.783
2.081	0.005	-0.005	0.000	-0.81	1.38	-0.00	-0.11	-0.01	0.02	0	0.130	-0.162	-0.317	0.550	-0.697	3.807
2.091	0.006	-0.007	0.000	-0.59	1.29	-0.01	0.02	-0.10	0.02	0	0.132	-0.165	-0.317	0.544	-0.689	3.831
2.102	0.004	-0.006	0.000	-0.79	1.47	-0.00	-0.02	-0.48	-0.22	0	0.133	-0.167	-0.316	0.537	-0.681	3.855
2.111	0.004	-0.005	0.001	-0.96	1.51	0.00	-0.06	0.06	-0.09	0	0.135	-0.169	-0.316	0.531	-0.673	3.879
2.121	0.007	-0.005	0.000	-0.99	1.29	0.00	0.01	-0.25	-0.22	0	0.136	-0.170	-0.315	0.524	-0.664	3.903
2.132	0.004	-0.005	0.000	-1.08	1.59	0.00	-0.18	-0.26	0.07	0	0.136	-0.171	-0.315	0.517	-0.656	3.927
2.142	0.005	-0.005	0.000	-1.06	1.51	0.00	0.03	-0.39	-0.09	0	0.137	-0.172	-0.315	0.511	-0.647	3.951
2.153	0.005	-0.004	0.001	-1.25	1.57	0.01	-0.06	-0.20	-0.10	0	0.137	-0.172	-0.314	0.504	-0.639	3.975
2.162	0.006	-0.005	0.000	-1.21	1.45	0.01	0.17	-0.10	-0.06	0	0.137	-0.172	-0.314	0.497	-0.630	3.999
2.177	0.005	0.001	0.000	-1.72	1.64	0.03	0.12	0.03	-0.12	0	0.137	-0.171	-0.313	0.491	-0.621	4.023
2.181	0.010	0.001	0.001	-1.72	1.19	0.03	-0.00	-0.22	0.02	0	0.137	-0.170	-0.313	0.484	-0.613	4.046
2.191	0.009	0.002	0.001	-1.84	1.32	0.03	-0.05	-0.14	-0.03	0	0.137	-0.169	-0.312	0.478	-0.604	4.070
2.201	0.009	0.001	0.001	-1.72	1.39	0.03	0.14	-0.35	0.01	0	0.137	-0.168	-0.312	0.471	-0.595	4.094
2.212	0.009	0.001	0.000	-1.72	1.39	0.03	0.18	-0.23	0.07	0	0.137	-0.167	-0.311	0.465	-0.587	4.117
2.221	0.009	0.002	0.000	-1.82	1.46	0.03	0.10	-0.23	-0.08	0	0.137	-0.166	-0.311	0.458	-0.578	4.141
2.232	0.010	-0.001	0.000	-1.64	1.37	0.02	0.00	-0.15	0.07	0	0.136	-0.165	-0.310	0.452	-0.570	4.164
2.240	0.010	0.000	0.001	-1.70	1.42	0.03	0.07	-0.11	-0.06	0	0.136	-0.164	-0.310	0.445	-0.562	4.188
2.252	0.009	0.001	0.000	-1.74	1.51	0.03	0.04	-0.27	-0.08	0	0.135	-0.163	-0.309	0.439	-0.553	4.211
2.261	0.009	0.001	0.000	-1.77	1.58	0.03	0.09	-0.22	0.04	0	0.134	-0.161	-0.309	0.432	-0.545	4.235
2.268	0.010	-0.000	0.000	-1.67	1.54	0.03	0.04	-0.12	-0.12	0	0.134	-0.160	-0.308	0.426	-0.537	4.258
2.282	0.009	0.000	0.000	-1.74	1.59	0.03	0.01	-0.26	0.28	0	0.133	-0.159	-0.307	0.420	-0.529	4.282
2.292	0.008	0.002	0.000	-1.84	1.70	0.03	-0.03	-0.13	0.14	0	0.132	-0.157	-0.307	0.413	-0.521	4.305
2.300	0.008	-0.001	0.000	-1.64	1.72	0.02	0.42	-0.35	-0.13	0	0.131	-0.156	-0.306	0.407	-0.513	4.328
2.311	0.008	0.003	0.000	-1.95	1.76	0.03	-0.00	-0.31	-0.00	0	0.130	-0.154	-0.306	0.401	-0.505	4.351
2.321	0.008	0.001	0.000	-1.76	1.78	0.03	0.01	-0.01	-0.11	0	0.129	-0.153	-0.305	0.395	-0.497	4.375
2.332	0.009	0.001	0.000	-1.77	1.70	0.03	-0.03	-0.46	0.06	0	0.128	-0.151	-0.305	0.389	-0.489	4.398
2.342	0.009	0.001	0.000	-1.77	1.74	0.03	0.11	-0.43	0.14	0	0.127	-0.150	-0.304	0.383	-0.482	4.421
2.348	0.010	0.000	0.000	-1.74	1.68	0.03	0.19	-0.16	0.20	0	0.126	-0.149	-0.304	0.377	-0.474	4.444
2.358	0.009	0.001	0.000	-1.78	1.78	0.03	0.11	-0.20	0.26	0	0.125	-0.147	-0.303	0.371	-0.466	4.467
2.371	0.009	0.001	0.000	-1.77	1.78	0.03	0.15	-0.10	0.05	0	0.124	-0.146	-0.302	0.365	-0.459	4.490
2.385	0.010	-0.000	0.000	-1.71	1.75	0.02	-0.03	-0.20	0.15	0	0.123	-0.145	-0.302	0.359	-0.452	4.513
2.391	0.008	-0.001	0.000	-1.71	1.88	0.02	0.16	-0.09	0.10	0	0.122	-0.143	-0.301	0.353	-0.444	4.536
2.400	0.010	-0.000	0.000	-1.75	1.75	0.03	0.05	0.10	0.06	0	0.121	-0.142	-0.301	0.348	-0.437	4.559
2.412	0.007	0.001	0.000	-1.78	1.91	0.03	-0.18	-0.26	-0.18	0	0.120	-0.141	-0.300	0.342	-0.430	4.581
2.421	0.008	0.000	0.000	-1.78	1.91	0.03	0.16	-0.19	0.11	0	0.119	-0.139	-0.299	0.336	-0.423	4.604
2.431	0.009	0.000	0.000	-1.77	1.84	0.03	0.01	-0.17	0.07	0	0.118	-0.138	-0.299	0.331	-0.416	4.627
2.440	0.007	-0.002	0.000	-1.65	1.93	0.02	-0.04	-0.38	-0.02	0	0.117	-0.137	-0.298	0.325	-0.409	4.649
2.450	0.008	0.000	0.000	-1.79	1.90	0.03	0.03	-0.15	0.11	0	0.116	-0.135	-0.297	0.320	-0.402	4.672
2.461	0.010	0.000	0.000	-1.79	1.82	0.03	0.23	-0.19	0.01	0	0.115	-0.134	-0.297	0.314	-0.395	4.694
2.471	0.010	-0.000	0.000	-1.76	1.85	0.03	-0.08	-0.30	0.01	0	0.114	-0.133	-0.296	0.309	-0.388	4.717
2.485	0.010	0.002	0.000	-1.89	1.85	0.04	-0.00	-0.37	0.09	0	0.113	-0.131	-0.296	0.304	-0.382	4.739
2.491	0.009	-0.000	0.000	-1.77	1.91	0.03	0.05	-0.16	-0.10	0	0.112	-0.130	-0.295	0.298	-0.375	4.762
2.501	0.009	0.000	0.000	-1.79	1.92	0.03	0.05	-0.43	0.04	0	0.111	-0.128	-0.294	0.293	-0.368	4.784
2.512	0.007	0.000	0.000	-1.79	2.01	0.02	0.14	-0.05	0.06	0	0.110	-0.127	-0.294	0.288	-0.362	4.806
2.521	0.008	0.000	0.000	-1.79	1.97	0.03	0.31	-0.23	0.13	0	0.109	-0.126	-0.293	0.283	-0.356	4.829
2.528	0.003	0.006	0.000	-2.10	2.22	0.04	0.12	-0.38	-0.22	0	0.107	-0.124	-0.292	0.278	-0.349	4.851
2.541	0.008	0.005	0.000	-2.02	1.96	0.04	-0.09	-0.40	0.03	0	0.106	-0.122	-0.292	0.273	-0.342	4.873
2.552	0.009	0.004	0.001	-1.95	1.92	0.04	-0.08	-0.07	0.10	0	0.105	-0.120	-0.291	0.268	-0.336	4.895
2.561	0.009	0.004	0.000	-1.97	1.92	0.04	0.02	-0.20	0.05	0	0.104	-0.119	-0.290	0.263	-0.330	4.917
2.571	0.012	0.006	0.000	-2.04	1.80	0.05	0.05	-0.14	-0.08	0	0.104	-0.117	-0.289	0.258	-0.324	4.939
2.587	0.010	0.002	0.001	-1.87	1.92	0.03	-0.18	-0.16	0.03	0	0.103	-0.116	-0.289	0.253	-0.318	4.961
2.591	0.012	0.002	0.001	-1.84	1.84	0.03	0.11	-0.32	0.04	0	0.102	-0.115	-0.288	0.249	-0.312	4.983
2.601	0.010	0.002	0.000	-1.87	1.93	0.03	0.14	-0.13	0.22	0	0.101	-0.113	-0.287	0.244	-0.306	5.005
2.610	0.009	0.003	0.000	-1.90	1.95	0.04	0.12	-0.05	0.21	0	0.100	-0.112	-0.287	0.239	-0.300	5.026
2.621	0.010	0.002	0.000	-1.85	1.93	0.03	-0.21	-0.21	0.02	0	0.100	-0.111	-0.286	0.235	-0.294	5.048
2.630	0.010	0.002	0.000	-1.84	1.95	0.03	0.08	0.02	-0.16	0	0.099	-0.110	-0.285	0.230	-0.288	5.070
2.641	0.009	0.003	0.001	-1.87	1.99	0.03	0.08	-0.02	0.13	0	0.098	-0.109	-0.284	0.226	-0.283	5.091
2.651	0.011	0.002	0.000	-1.83	1.89	0.03	0.10	-0.26	-0.04	0	0.097	-0.107	-0.284	0.221	-0.277	5.113
2.661	0.010	0.001	0.000	-1.78	1.96	0.03	0.05	-0.10	-0.26	0	0.096	-0.107	-0.283	0.217	-0.272	5.135
2.671	0.010	0.003	0.000	-1.90	1.96	0.04	-0.17	-0.03	0.04	0	0.095	-0.105	-0.282	0.213	-0.266	5.156
2.681	0.009	0.004	0.000	-1.93	2.02	0.04	0.04	-0.29	-0.07	0	0.094	-0.104	-0.281	0.208	-0.261	5.177
2.692	0.009	0.004	0.000	-1.93	2.03	0.04	0.07	-0.37	-0.16	0	0.093	-0.103	-0.281	0.204	-0.255	5.199
2.700	0.008	0.005	0.000	-1.95	2.04	0.04	0.16	-0.13	-0.09	0	0.092	-0.101	-0.280	0.200	-0.250	5.220
2.714	0.008	0.004	0.000	-1.90	2.04	0.03	0.11	-0.19	-0.11	0	0.091	-0.100	-0.279	0.196	-0.245	5.241
2.721	0.009	0.003	0.000	-1.87	2.03	0.03	0.11	-0.04	0.12	0	0.090	-0.099	-0.279	0.191	-0.239	5.262
2.730	0.009	0.003	0.000	-1.86	2.03	0.03	0.03	-0.05	0.03	0	0.089	-0.098	-0.278	0.187	-0.234	5.283
2.744	0.007	-0.002	0.000	-1.66	2.09	0.01	-0.21	-0.12	-0.10	0	0.088	-0.097	-0.277	0.183	-0.229	5.304
2.753	0.006	-0.000	0.000	-1.73	2.15	0.02	0.26	-0.13	-0.07	0	0.087	-0.097	-0.276	0.179	-0.225	5.325
2.761	0.003	0.002	0.000	-1.86	2.27	0.02	0.10	-0.29	-0.13	0	0.085	-0.095	-0.276	0.175	-0.220	5.346
2.772	0.002	0.002	0.000	-1.86	2.28	0.02	-0.00	-0.17	-0.10	0	0.084	-0.094	-0.275	0.171	-0.215	5.367
2.780	0.002	0.002	0.000	-1.84	2.28	0.02	-0.06	-0.28	-0.03	0	0.083	-0.093	-0.274	0.167	-0.210	5.388
2.795	0.002	0.007	0.000	-2.05	2.27	0.04	0.13	-0.19	0.00	0	0.081	-0.092	-0.273	0.162	-0.205	5.409
2.801	0.005	0.010	0.000	-2.16	2.11	0.06	0.04	0.10	-0.07	0	0.080	-0.090	-0.273	0.159	-0.200	5.429
2.811	0.005	0.009	0.000	-2.12	2.13	0.05	-0.04	-0.36	-0.14	0	0.079	-0.088	-0.272	0.155	-0.195	5.450
2.820	0.006	0.008	0.000	-2.07	2.06	0.05	-0.05	-0.34	-0.09	0	0.079	-0.086	-0.271	0.151	-0.190	5.471
2.831	0.005	0.008	0.000	-2.04	2.13	0.05	0.17	0.12	-0.04	0	0.078	-0.085	-0.270	0.147	-0.185	5.491
2.839	0.006	0.008	0.000	-2.03	2.09	0.05	0.14	-0.31	0.01	0	0.077	-0.084	-0.270	0.144	-0.180	5.512
2.851	0.005	0.010	0.000	-2.09	2.12	0.05	0.02	-0.05	-0.01	0	0.076	-0.082	-0.269	0.140	-0.176	5.532
2.860	0.005	0.009	0.000	-2.04	2.11	0.05	-0.02	-0.24	-0.07	0	0.075	-0.081	-0.268	0.137	-0.171	5.552
2.870	0.005	0.009	0.000	-2.05	2.11	0.05	0.06	0.03	0.05	0	0.074	-0.080	-0.267	0.133	-0.167	5.573
2.881	0.006	0.009	0.000	-2.05	2.07	0.05	-0.01	-0.34	-0.07	0	0.073	-0.078	-0.266	0.130	-0.162	5.593
2.893	0.005	0.009	0.000	-2.04	2.10	0.05	0.08	-0.16	-0.00	0	0.073	-0.077	-0.266	0.126	-0.158	5.613
2.902	0.005	0.009	0.000	-2.02	2.10	0.04	-0.06	-0.31	0.08	0	0.072	-0.076	-0.265	0.123	-0.154	5.633
2.910	0.005	0.009	0.000	-1.99	2.07	0.04	0.10	0.02	-0.09	0	0.071	-0.075	-0.264	0.119	-0.149	5.653
2.921	0.003	0.006	0.000	-1.85	2.17	0.03	0.07	-0.16	-0.19	0	0.070	-0.074	-0.263	0.116	-0.145	5.673
2.931	0.005	0.009	0.000	-1.98	2.09	0.04	-0.01	-0.06	-0.16	0	0.069	-0.073	-0.262	0.113	-0.141	5.693
2.941	0.003	0.010	0.000	-2.02	2.15	0.04	0.02	-0.48	-0.14	0	0.068	-0.072	-0.262	0.109	-0.137	5.713
2.955	0.003	0.010	0.000	-2.02	2.14	0.04	0.14	-0.23	-0.04	0	0.067	-0.070	-0.261	0.106	-0.133	5.733
2.980	0.001	0.012	0.000	-2.09	2.21	0.04	0.10	-0.01	0.15	0	0.066	-0.069	-0.260	0.103	-0.129	5.753
2.987	0.002	0.011	0.000	-2.03	2.16	0.04	0.21	-0.24	-0.04	0	0.065	-0.068	-0.259	0.100	-0.125	5.772
2.989	0.003	0.010	0.000	-1.99	2.12	0.04	0.08	-0.07	0.13	0	0.065	-0.067	-0.259	0.097	-0.121	5.792
2.997	0.003	0.011	0.000	-1.99	2.12	0.04	0.11	-0.28	-0.15	0	0.064	-0.066	-0.258	0.093	-0.117	5.812
3.002	0.003	0.010	0.000	-1.96	2.11	0.04	0.17	-0.14	-0.16	0	0.063	-0.065	-0.257	0.090	-0.113	5.831
3.009	0.003	0.009	0.000	-1.89	2.11	0.03	0.01	-0.15	0.11	0	0.062	-0.064	-0.256	0.087	-0.109	5.851
3.021	0.002	0.010	0.000	-1.97	2.15	0.04	-0.16	-0.35	-0.23	0	0.061	-0.063	-0.255	0.084	-0.106	5.870
3.030	0.003	0.010	0.000	-1.95	2.09	0.04	-0.13	-0.13	0.07	0	0.061	-0.062	-0.255	0.081	-0.102	5.889
3.041	0.003	0.010	0.000	-1.95	2.09	0.04	0.13	-0.03	-0.05	0	0.060	-0.061	-0.254	0.079	-0.098	5.909
3.050	0.003	0.010	0.000	-1.92	2.09	0.04	-0.10	-0.14	-0.02	0	0.059	-0.060	-0.253	0.076	-0.095	5.928
3.061	0.003	0.014	0.000	-2.08	2.11	0.05	-0.11	-0.11	0.01	0	0.058	-0.059	-0.252	0.073	-0.091	5.947
3.069	0.002	0.014	0.000	-2.05	2.12	0.05	0.04	-0.18	0.24	0	0.058	-0.058	-0.251	0.070	-0.087	5.966
3.080	0.002	0.014	0.000	-2.05	2.12	0.05	0.26	-0.11	0.04	0	0.057	-0.056	-0.251	0.067	-0.084	5.985
3.092	0.002	0.014	0.000	-2.02	2.10	0.05	0.04	-0.17	-0.11	0	0.056	-0.055	-0.250	0.065	-0.080	6.004
3.100	0.002	0.014	0.000	-2.03	2.10	0.05	0.25	-0.07	0.01	0	0.056	-0.054	-0.249	0.062	-0.077	6.023
3.110	0.002	0.015	0.000	-2.06	2.09	0.05	-0.36	-0.22	0.17	0	0.055	-0.053	-0.248	0.059	-0.073	6.042
3.121	0.002	0.013	0.000	-1.98	2.09	0.05	0.19	-0.34	0.02	0	0.054	-0.052	-0.247	0.057	-0.070	6.060
3.131	0.002	0.014	0.000	-2.00	2.08	0.05	0.17	-0.32	0.11	0	0.054	-0.051	-0.247	0.054	-0.067	6.079
3.141	0.002	0.013	0.000	-1.96	2.08	0.05	0.23	-0.11	-0.10	0	0.053	-0.050	-0.246	0.051	-0.063	6.098
3.151	0.002	0.014	0.000	-1.95	2.08	0.05	-0.02	-0.11	-0.17	0	0.052	-0.049	-0.245	0.049	-0.060	6.116
3.161	0.002	0.016	0.000	-2.02	2.07	0.05	0.17	-0.23	0.23	0	0.052	-0.048	-0.244	0.046	-0.057	6.135
3.171	0.002	0.011	0.000	-1.83	2.07	0.04	0.07	-0.29	0.09	0	0.051	-0.048	-0.243	0.044	-0.054	6.153
3.180	-0.002	0.014	0.000	-1.94	2.25	0.04	0.03	-0.15	-0.08	0	0.050	-0.047	-0.242	0.041	-0.051	6.172
3.191	0.000	0.011	0.000	-1.82	2.15	0.03	0.19	-0.31	-0.16	0	0.049	-0.046	-0.242	0.039	-0.048	6.190
3.203	0.000	0.011	0.000	-1.81	2.15	0.03	-0.15	-0.21	-0.12	0	0.048	-0.046	-0.241	0.036	-0.045	6.208
3.212	-0.001	0.012	0.000	-1.85	2.18	0.04	0.25	-0.17	-0.03	0	0.047	-0.045	-0.240	0.034	-0.042	6.227
3.220	-0.001	0.010	0.000	-1.75	2.16	0.03	0.07	-0.31	-0.11	0	0.047	-0.045	-0.239	0.031	-0.039	6.245
3.231	0.000	0.013	0.000	-1.89	2.12	0.04	0.03	-0.37	-0.13	0	0.046	-0.044	-0.238	0.029	-0.037	6.263
3.241	-0.001	0.012	0.000	-1.84	2.15	0.03	-0.02	-0.13	0.07	0	0.045	-0.043	-0.237	0.027	-0.034	6.281
3.251	0.001	0.012	0.001	-1.82	2.09	0.03	0.11	-0.11	0.03	0	0.045	-0.043	-0.237	0.024	-0.031	6.299
3.261	0.001	0.010	0.000	-1.75	2.06	0.03	0.11	-0.05	-0.05	0	0.044	-0.042	-0.236	0.022	-0.028	6.317
3.269	0.002	0.010	0.000	-1.74	2.01	0.03	0.04	-0.18	-0.19	0	0.044	-0.042	-0.235	0.020	-0.026	6.335
3.280	0.000	0.010	0.000	-1.76	2.09	0.03	0.10	-0.14	-0.09	0	0.043	-0.041	-0.234	0.018	-0.023	6.353
3.290	0.000	0.011	0.000	-1.81	2.08	0.03	0.09	-0.10	-0.05	0	0.042	-0.041	-0.233	0.016	-0.020	6.370
3.305	0.001	0.010	0.000	-1.75	2.04	0.03	0.14	-0.14	-0.15	0	0.042	-0.040	-0.232	0.014	-0.018	6.388
3.312	-0.001	0.012	0.000	-1.84	2.11	0.03	0.12	-0.15	0.14	0	0.041	-0.040	-0.232	0.012	-0.015	6.406
3.321	0.000	0.011	0.000	-1.80	2.07	0.03	0.10	-0.31	0.02	0	0.041	-0.039	-0.231	0.010	-0.013	6.423
3.330	-0.001	0.010	0.000	-1.76	2.09	0.03	0.18	-0.18	-0.09	0	0.040	-0.038	-0.230	0.007	-0.010	6.441
3.341	-0.001	0.011	0.000	-1.80	2.09	0.03	-0.04	-0.18	0.11	0	0.039	-0.038	-0.229	0.005	-0.008	6.458
3.350	0.000	0.012	0.000	-1.82	2.05	0.03	-0.07	-0.41	0.06	0	0.039	-0.037	-0.228	0.003	-0.005	6.475
3.360	-0.001	0.013	0.000	-1.88	2.08	0.04	0.01	0.01	-0.10	0	0.038	-0.036	-0.228	0.001	-0.003	6.493
3.370	0.001	0.011	0.000	-1.79	2.01	0.03	0.02	-0.38	-0.13	0	0.038	-0.036	-0.227	-0.000	-0.000	6.510
3.379	0.000	0.011	0.000	-1.79	2.04	0.03	-0.07	0.00	0.11	0	0.037	-0.035	-0.226	-0.002	0.002	6.527
3.391	0.001	0.011	0.000	-1.81	2.01	0.03	-0.12	-0.22	-0.14	0	0.037	-0.035	-0.225	-0.004	0.004	6.544
3.405	0.001	0.010	0.000	-1.74	1.99	0.03	0.18	-0.08	-0.17	0	0.037	-0.034	-0.224	-0.006	0.007	6.561
3.411	0.000	0.011	0.000	-1.81	2.03	0.03	0.16	0.06	-0.01	0	0.036	-0.034	-0.223	-0.008	0.009	6.578
3.421	0.000	0.011	0.000	-1.80	2.04	0.03	-0.11	-0.42	0.15	0	0.036	-0.033	-0.223	-0.010	0.011	6.595
3.431	-0.001	0.011	0.000	-1.78	2.07	0.03	0.26	-0.29	-0.21	0	0.035	-0.033	-0.222	-0.011	0.013	6.612
3.442	-0.000	0.012	0.000	-1.84	2.05	0.03	-0.07	-0.23	-0.13	0	0.035	-0.032	-0.221	-0.013	0.016	6.629
3.451	0.002	0.012	0.000	-1.84	1.94	0.03	0.17	-0.20	0.17	0	0.034	-0.031	-0.220	-0.015	0.018	6.645
3.461	-0.000	0.011	0.000	-1.79	2.04	0.03	-0.09	-0.23	-0.01	0	0.034	-0.031	-0.219	-0.017	0.020	6.662
3.471	0.000	0.011	0.000	-1.78	2.03	0.03	0.18	-0.41	-0.02	0	0.033	-0.030	-0.219	-0.018	0.022	6.679
3.479	-0.001	0.012	0.000	-1.82	2.05	0.04	0.01	-0.18	-0.01	0	0.033	-0.030	-0.218	-0.020	0.024	6.695
3.488	-0.001	0.017	0.000	-2.02	2.06	0.05	-0.06	-0.27	0.07	0	0.032	-0.029	-0.217	-0.022	0.027	6.712
3.502	-0.002	0.015	0.000	-1.97	2.09	0.04	-0.14	-0.12	0.01	0	0.032	-0.028	-0.216	-0.023	0.029	6.728
3.511	0.001	0.016	0.000	-1.97	1.96	0.04	-0.02	-0.18	-0.10	0	0.031	-0.027	-0.215	-0.025	0.031	6.744
3.520	-0.002	0.016	0.000	-1.96	2.09	0.04	0.08	-0.25	0.09	0	0.031	-0.026	-0.214	-0.027	0.033	6.761
3.529	-0.001	0.016	0.000	-1.95	2.07	0.05	-0.06	-0.28	0.00	0	0.030	-0.025	-0.214	-0.028	0.035	6.777
3.541	-0.003	0.015	0.000	-1.90	2.13	0.04	0.05	0.20	0.03	0	0.029	-0.024	-0.213	-0.030	0.037	6.793
3.550	-0.002	0.011	0.000	-1.76	2.06	0.04	0.17	-0.18	0.06	0	0.029	-0.024	-0.212	-0.031	0.039	6.809
3.561	-0.002	0.011	0.000	-1.76	2.06	0.04	0.07	-0.21	-0.17	0	0.028	-0.024	-0.211	-0.033	0.041	6.825
3.572	-0.001	0.010	0.000	-1.72	2.01	0.04	0.13	-0.10	-0.10	0	0.028	-0.024	-0.210	-0.034	0.042	6.841
3.580	-0.002	0.012	0.000	-1.80	2.07	0.04	0.05	-0.12	0.01	0	0.027	-0.023	-0.210	-0.036	0.044	6.857
3.597	-0.002	0.012	0.000	-1.79	2.08	0.04	-0.03	-0.20	-0.03	0	0.027	-0.023	-0.209	-0.037	0.046	6.873
3.601	-0.001	0.011	0.000	-1.74	2.03	0.04	0.14	-0.36	-0.18	0	0.026	-0.023	-0.208	-0.039	0.048	6.889
3.611	-0.001	0.011	0.000	-1.75	2.00	0.04	0.07	-0.22	0.23	0	0.026	-0.022	-0.207	-0.040	0.049	6.905
3.622	-0.001	0.014	0.000	-1.87	2.01	0.04	-0.04	-0.15	-0.03	0	0.026	-0.022	-0.206	-0.041	0.051	6.920
3.630	-0.002	0.011	0.000	-1.76	2.05	0.04	0.15	0.01	0.08	0	0.025	-0.021	-0.206	-0.043	0.053	6.936
3.642	-0.001	0.011	0.000	-1.76	1.99	0.04	-0.07	-0.03	0.11	0	0.025	-0.021	-0.205	-0.044	0.054	6.951
3.649	-0.001	0.011	0.000	-1.79	1.99	0.04	0.12	-0.14	-0.08	0	0.025	-0.021	-0.204	-0.045	0.056	6.967
3.661	-0.001	0.011	0.000	-1.76	1.98	0.04	-0.11	-0.55	0.11	0	0.024	-0.020	-0.203	-0.047	0.058	6.982
3.671	-0.004	0.015	0.000	-1.96	2.12	0.05	0.06	-0.20	-0.09	0	0.024	-0.019	-0.202	-0.048	0.059	6.998
3.680	-0.004	0.017	0.000	-2.01	2.10	0.05	0.12	-0.21	0.12	0	0.023	-0.018	-0.202	-0.049	0.061	7.013
3.691	-0.001	0.015	0.000	-1.94	2.01	0.05	0.11	-0.40	-0.03	0	0.023	-0.018	-0.201	-0.051	0.063	7.028
3.701	-0.004	0.014	0.000	-1.89	2.10	0.05	0.06	-0.09	-0.01	0	0.022	-0.017	-0.200	-0.052	0.064	7.044
3.714	-0.004	0.018	0.000	-2.04	2.11	0.05	0.10	-0.18	-0.02	0	0.021	-0.016	-0.199	-0.053	0.066	7.059
3.721	-0.003	0.014	0.001	-1.85	2.04	0.04	0.15	-0.22	0.20	0	0.021	-0.016	-0.198	-0.055	0.068	7.074
3.731	-0.002	0.017	0.001	-2.00	2.00	0.05	-0.05	-0.28	-0.12	0	0.021	-0.015	-0.197	-0.056	0.069	7.089
3.742	-0.005	0.017	0.001	-1.99	2.12	0.05	0.19	-0.25	-0.03	0	0.020	-0.014	-0.197	-0.057	0.071	7.104
3.750	-0.006	0.018	0.000	-2.01	2.15	0.05	0.06	-0.19	0.15	0	0.019	-0.013	-0.196	-0.058	0.072	7.119
3.760	-0.006	0.018	0.000	-2.00	2.15	0.05	0.14	0.13	0.08	0	0.019	-0.012	-0.195	-0.060	0.074	7.133
3.771	-0.005	0.017	0.000	-1.95	2.11	0.05	0.08	-0.00	-0.02	0	0.018	-0.012	-0.194	-0.061	0.075	7.148
3.781	-0.006	0.017	0.000	-1.94	2.11	0.05	0.01	-0.09	-0.03	0	0.017	-0.011	-0.193	-0.062	0.077	7.163
3.791	-0.005	0.017	0.000	-1.94	2.07	0.05	-0.11	-0.03	0.00	0	0.017	-0.010	-0.193	-0.063	0.078	7.178
3.802	-0.005	0.017	0.000	-1.94	2.06	0.05	-0.14	-0.22	-0.00	0	0.017	-0.010	-0.192	-0.064	0.080	7.192
3.815	-0.005	0.017	0.000	-1.92	2.05	0.05	0.22	-0.27	0.03	0	0.016	-0.009	-0.191	-0.065	0.081	7.207
3.822	-0.005	0.017	0.000	-1.93	2.05	0.05	0.13	-0.57	0.04	0	0.016	-0.009	-0.190	-0.066	0.082	7.221
3.831	-0.005	0.018	0.000	-1.96	2.06	0.05	0.30	-0.16	-0.07	35934	0.015	-0.008	-0.190	-0.067	0.084	7.236
3.840	-0.006	0.018	0.000	-1.94	2.07	0.05	-0.10	-0.19	0.12	35957	0.015	-0.008	-0.188	-0.068	0.085	7.250
3.851	-0.004	0.015	0.000	-1.82	1.98	0.04	0.40	0.23	-0.33	35932	0.015	-0.007	-0.187	-0.069	0.086	7.264
3.856	-0.004	0.015	0.000	-1.81	1.98	0.04	0.35	0.06	1.05	35920	0.014	-0.007	-0.185	-0.070	0.087	7.278
3.872	-0.004	0.015	0.000	-1.82	2.00	0.05	-0.00	-0.14	2.08	35921	0.014	-0.007	-0.183	-0.071	0.088	7.292
3.879	-0.003	0.015	0.000	-1.82	1.93	0.05	-0.19	-0.65	1.07	35916	0.014	-0.007	-0.180	-0.072	0.089	7.306
3.889	-0.005	0.016	0.000	-1.86	2.01	0.05	0.28	-0.02	-0.08	35947	0.014	-0.006	-0.178	-0.073	0.090	7.319
3.899	-0.003	0.014	0.000	-1.78	1.93	0.04	-1.41	-1.95	-0.66	35942	0.014	-0.006	-0.175	-0.074	0.091	7.332
3.910	-0.003	0.014	0.000	-1.77	1.93	0.04	0.97	-0.40	0.20	35934	0.014	-0.006	-0.172	-0.075	0.092	7.346
3.920	-0.003	0.014	0.000	-1.78	1.93	0.04	0.11	-0.18	-0.13	35940	0.014	-0.006	-0.169	-0.075	0.093	7.358
3.929	-0.005	0.014	0.000	-1.79	2.01	0.04	-1.41	-1.06	-0.80	35981	0.013	-0.005	-0.167	-0.076	0.094	7.371
3.940	-0.005	0.015	0.000	-1.83	2.01	0.03	-0.66	-0.61	-3.28	35988	0.013	-0.005	-0.164	-0.077	0.095	7.383
3.952	-0.003	0.015	0.000	-1.83	1.95	0.00	1.53	0.91	-5.66	35973	0.013	-0.004	-0.160	-0.078	0.096	7.396
3.960	-0.003	0.015	0.000	-1.79	1.89	-0.05	5.52	4.50	-7.16	35955	0.013	-0.004	-0.157	-0.079	0.097	7.408
3.970	-0.005	0.014	0.000	-1.67	1.93	-0.12	1.17	0.58	-7.38	35987	0.013	-0.004	-0.154	-0.080	0.098	7.419
3.981	-0.003	0.014	0.000	-1.64	1.84	-0.19	-0.27	-0.53	-6.72	35969	0.013	-0.003	-0.151	-0.081	0.099	7.431
3.991	-0.003	0.014	0.000	-1.63	1.82	-0.26	0.61	-0.04	-10.12	36035	0.013	-0.003	-0.148	-0.081	0.100	7.442
4.001	-0.003	0.015	0.000	-1.65	1.82	-0.36	2.81	2.31	-14.72	36031	0.013	-0.003	-0.145	-0.082	0.101	7.453
4.008	-0.003	0.014	0.000	-1.58	1.77	-0.50	1.70	2.01	-18.23	35993	0.012	-0.002	-0.142	-0.083	0.102	7.464
4.023	-0.006	0.013	0.000	-1.53	1.87	-0.67	-5.00	-3.44	-19.64	36055	0.012	-0.002	-0.139	-0.084	0.103	7.474
4.031	-0.003	0.013	0.000	-1.55	1.76	-0.87	-12.21	-10.92	-23.02	36064	0.012	-0.002	-0.136	-0.085	0.103	7.485
4.039	-0.003	0.014	0.000	-1.66	1.86	-1.09	-13.53	-11.06	-21.69	38153	0.012	-0.002	-0.133	-0.085	0.104	7.495
4.050	-0.003	0.015	0.000	-1.82	1.95	-1.31	7.02	6.83	-18.50	38182	0.012	-0.001	-0.129	-0.086	0.105	7.505
4.061	-0.004	0.015	0.000	-1.76	1.93	-1.49	12.96	11.11	-18.71	38221	0.012	-0.001	-0.126	-0.087	0.106	7.514
4.069	-0.008	0.010	0.000	-1.38	2.01	-1.68	15.59	13.63	-17.46	38195	0.011	-0.001	-0.123	-0.088	0.106	7.524
4.081	-0.009	0.011	0.000	-1.26	1.90	-1.86	-3.77	-3.32	-17.05	38189	0.010	-0.001	-0.120	-0.089	0.107	7.533
4.090	-0.009	0.010	0.000	-1.23	1.90	-2.03	-2.18	-2.67	-16.60	38303	0.010	-0.001	-0.117	-0.090	0.107	7.542
4.102	-0.008	0.009	0.000	-1.22	1.82	-2.20	2.56	-0.66	-15.57	38267	0.009	-0.001	-0.114	-0.091	0.108	7.550
4.110	-0.009	0.012	0.000	-1.31	1.87	-2.35	1.18	0.91	-16.25	38290	0.009	-0.001	-0.110	-0.092	0.109	7.559
4.125	-0.009	0.009	0.000	-1.18	1.84	-2.51	-1.55	0.19	-14.21	38287	0.008	-0.001	-0.107	-0.093	0.109	7.567
4.132	-0.009	0.010	0.000	-1.20	1.81	-2.66	-1.46	0.29	-13.95	38321	0.008	-0.001	-0.104	-0.093	0.110	7.575
4.141	-0.008	0.008	0.000	-1.15	1.72	-2.80	-0.73	1.26	-10.23	38283	0.007	-0.001	-0.101	-0.094	0.110	7.582
4.147	-0.006	0.013	0.000	-1.36	1.62	-2.92	2.16	-0.77	-7.15	38328	0.007	-0.000	-0.098	-0.095	0.111	7.590
4.159	-0.008	0.013	0.000	-1.30	1.69	-3.00	-2.45	-3.80	-7.44	38363	0.007	0.000	-0.095	-0.096	0.111	7.597
4.171	-0.008	0.013	0.000	-1.30	1.69	-3.07	1.88	-0.06	-9.66	38401	0.007	0.001	-0.092	-0.096	0.112	7.604
4.181	-0.009	0.011	0.000	-1.20	1.69	-3.16	2.21	0.23	-12.19	38378	0.006	0.001	-0.088	-0.097	0.113	7.611
4.193	-0.011	0.007	0.000	-1.00	1.74	-3.27	-2.31	2.48	-12.41	38419	0.006	0.001	-0.085	-0.098	0.113	7.617
4.202	-0.012	0.007	0.000	-1.01	1.72	-3.39	1.33	0.88	-10.32	38421	0.005	0.000	-0.082	-0.099	0.113	7.624
4.209	-0.012	0.007	0.000	-0.99	1.67	-3.51	-3.34	-0.77	-11.42	38450	0.005	0.000	-0.079	-0.100	0.114	7.630
4.223	-0.013	0.007	0.000	-1.01	1.68	-3.62	1.91	-3.79	-11.48	38482	0.004	0.000	-0.076	-0.101	0.114	7.635
4.230	-0.011	0.008	0.000	-1.02	1.62	-3.74	-3.02	-2.05	-11.75	38446	0.004	0.000	-0.073	-0.101	0.114	7.641
4.242	-0.013	0.011	0.000	-1.15	1.67	-3.85	0.72	-1.82	-12.51	38521	0.003	0.001	-0.071	-0.102	0.115	7.646
4.251	-0.013	0.010	0.000	-1.09	1.66	-3.97	-3.12	3.79	-8.44	40655	0.003	0.001	-0.068	-0.103	0.115	7.652
4.261	-0.012	0.010	0.000	-1.11	1.58	-4.07	1.19	1.72	-10.34	40622	0.002	0.001	-0.065	-0.104	0.116	7.656
4.270	-0.012	0.007	0.001	-0.97	1.54	-4.17	-3.67	2.18	-10.39	40578	0.002	0.001	-0.062	-0.104	0.116	7.661
4.280	-0.013	0.008	0.000	-1.04	1.51	-4.28	0.56	7.99	-9.60	40629	0.001	0.001	-0.059	-0.105	0.116	7.666
4.291	-0.014	0.008	0.000	-1.04	1.46	-4.37	-3.16	4.54	-8.53	40662	0.001	0.001	-0.056	-0.106	0.117	7.670
4.301	-0.015	0.009	0.000	-1.06	1.42	-4.46	2.50	2.27	-3.84	40703	0.000	0.002	-0.053	-0.107	0.117	7.674
4.309	-0.015	0.008	0.001	-1.00	1.34	-4.52	11.61	5.85	1.11	40670	0.000	0.002	-0.050	-0.107	0.117	7.678
4.320	-0.012	0.008	0.001	-0.90	1.17	-4.53	5.80	1.62	1.42	40611	-0.000	0.002	-0.047	-0.108	0.118	7.681
4.331	-0.013	0.008	0.001	-0.84	1.17	-4.51	5.99	1.72	-0.56	40685	-0.000	0.002	-0.044	-0.109	0.118	7.685
4.342	-0.013	0.008	0.001	-0.75	1.10	-4.52	8.26	4.62	-0.24	40685	-0.001	0.002	-0.041	-0.109	0.118	7.688
4.351	-0.012	0.008	0.001	-0.67	0.98	-4.53	11.67	12.91	2.04	40630	-0.001	0.002	-0.038	-0.110	0.119	7.691
4.357	-0.012	0.007	0.001	-0.51	0.85	-4.52	2.61	19.21	2.68	40550	-0.001	0.002	-0.035	-0.110	0.119	7.694
4.372	-0.011	0.006	0.001	-0.42	0.63	-4.50	-3.38	25.09	3.79	40608	-0.001	0.002	-0.032	-0.111	0.119	7.696
4.381	-0.010	0.007	0.001	-0.48	0.35	-4.47	-21.63	29.72	2.56	40674	-0.001	0.002	-0.029	-0.111	0.119	7.698
4.388	-0.010	0.007	0.001	-0.64	0.01	-4.44	-21.33	34.97	2.23	40791	-0.001	0.002	-0.026	-0.112	0.120	7.700
4.398	-0.011	0.006	0.001	-0.83	-0.29	-4.42	-19.11	29.48	3.19	40864	-0.001	0.002	-0.023	-0.112	0.120	7.702
4.410	-0.008	0.014	0.001	-1.36	-0.72	-4.44	10.81	4.79	2.41	40908	-0.001	0.003	-0.021	-0.113	0.120	7.704
4.421	-0.008	0.020	0.001	-1.48	-0.76	-4.43	18.22	10.18	4.26	40900	-0.001	0.005	-0.018	-0.113	0.121	7.705
4.432	-0.006	0.028	-0.000	-1.62	-0.91	-4.44	30.96	14.77	4.24	41143	-0.000	0.008	-0.015	-0.113	0.122	7.706
4.439	-0.005	0.029	-0.000	-1.31	-1.11	-4.40	26.42	-0.50	2.44	41111	0.000	0.010	-0.013	-0.114	0.123	7.707
4.449	-0.004	0.028	0.000	-0.95	-1.18	-4.36	42.56	6.19	6.36	42935	0.000	0.012	-0.010	-0.114	0.124	7.708
4.460	-0.006	0.028	0.001	-0.54	-1.16	-4.30	58.06	13.40	8.64	42817	0.001	0.014	-0.007	-0.114	0.125	7.709
4.471	-0.005	0.026	0.001	0.12	-1.33	-4.20	46.49	1.34	7.73	42674	0.001	0.015	-0.004	-0.114	0.125	7.709
4.481	-0.004	0.024	0.002	0.77	-1.43	-4.10	48.13	0.08	9.22	42507	0.001	0.016	-0.001	-0.115	0.126	7.709
4.494	-0.001	0.023	0.002	1.32	-1.52	-4.00	41.94	-4.97	9.37	42479	0.002	0.017	0.002	-0.115	0.126	7.709
4.500	-0.002	0.027	0.002	1.65	-1.43	-3.93	29.16	-2.32	9.97	42617	0.002	0.018	0.004	-0.115	0.126	7.709
4.513	-0.003	0.041	0.002	1.42	-1.32	-3.96	16.07	6.81	10.61	42733	0.002	0.021	0.007	-0.115	0.127	7.709
4.522	-0.004	0.044	0.002	1.55	-1.32	-3.87	6.15	14.62	12.97	42837	0.002	0.024	0.010	-0.116	0.128	7.708
4.534	-0.004	0.051	0.001	1.44	-1.40	-3.79	-7.06	31.02	15.02	43094	0.002	0.027	0.013	-0.116	0.130	7.707
4.541	-0.003	0.052	0.001	1.43	-1.72	-3.64	-9.34	27.42	18.01	43151	0.002	0.030	0.015	-0.116	0.131	7.706
4.551	-0.004	0.057	0.001	1.21	-1.94	-3.49	1.87	12.27	20.16	43330	0.002	0.033	0.018	-0.116	0.132	7.705
4.563	-0.002	0.058	0.001	1.22	-2.15	-3.29	9.81	5.41	23.06	43268	0.002	0.037	0.021	-0.117	0.133	7.703
4.572	-0.001	0.060	0.001	1.30	-2.24	-3.08	9.03	20.27	24.80	43232	0.002	0.040	0.023	-0.117	0.134	7.702
4.579	-0.000	0.061	0.001	1.45	-2.42	-2.82	8.94	31.16	25.29	43221	0.002	0.042	0.026	-0.117	0.135	7.700
4.591	0.002	0.066	0.001	1.40	-2.75	-2.62	10.89	31.83	25.92	43510	0.003	0.045	0.029	-0.117	0.136	7.698
4.599	0.002	0.067	0.001	1.57	-3.06	-2.34	20.57	22.56	26.31	43447	0.003	0.048	0.031	-0.117	0.137	7.695
4.611	0.004	0.070	0.001	1.70	-3.37	-2.11	24.89	14.07	27.28	43464	0.003	0.051	0.034	-0.117	0.138	7.693
4.621	0.005	0.072	0.001	1.96	-3.51	-1.84	32.46	5.81	27.84	43416	0.004	0.054	0.037	-0.117	0.139	7.690
4.633	0.007	0.074	0.001	2.26	-3.64	-1.58	38.39	0.72	27.07	43515	0.004	0.057	0.039	-0.117	0.140	7.687
4.641	0.007	0.076	0.001	2.68	-3.60	-1.27	36.09	-9.95	25.71	43550	0.005	0.059	0.042	-0.116	0.140	7.684
4.650	0.010	0.078	0.001	3.05	-3.56	-1.04	30.26	-25.83	24.41	43521	0.005	0.062	0.044	-0.116	0.141	7.681
4.660	0.009	0.079	0.002	3.38	-3.25	-0.78	20.74	-29.44	24.87	45503	0.006	0.064	0.047	-0.116	0.142	7.677
4.668	0.012	0.080	0.001	3.65	-3.03	-0.56	7.97	-29.20	24.38	45522	0.007	0.066	0.050	-0.116	0.143	7.674
4.682	0.014	0.081	0.002	3.79	-2.74	-0.33	-0.20	-34.41	22.83	45685	0.008	0.068	0.052	-0.115	0.143	7.670
4.688	0.017	0.082	0.002	3.81	-2.45	-0.14	-10.42	-40.82	22.35	45767	0.009	0.070	0.055	-0.115	0.144	7.666
4.699	0.020	0.082	0.002	3.80	-2.11	0.06	-12.29	-50.40	21.76	45795	0.010	0.072	0.058	-0.115	0.145	7.662
4.709	0.023	0.080	0.002	3.79	-1.67	0.28	-16.45	-59.22	21.12	45785	0.012	0.073	0.060	-0.114	0.145	7.657
4.722	0.024	0.079	0.002	3.72	-1.05	0.51	-16.20	-60.54	21.00	45870	0.013	0.074	0.063	-0.114	0.145	7.653
4.730	0.028	0.077	0.002	3.67	-0.52	0.69	-15.12	-56.63	19.98	45863	0.015	0.074	0.066	-0.113	0.145	7.648
4.740	0.029	0.076	0.003	3.58	0.08	0.89	-12.53	-49.01	18.76	45778	0.017	0.075	0.069	-0.112	0.145	7.643
4.751	0.033	0.073	0.003	3.57	0.52	1.07	-15.24	-43.03	17.34	45769	0.019	0.075	0.071	-0.112	0.145	7.638
4.761	0.034	0.072	0.002	3.46	0.98	1.24	-20.04	-33.77	16.68	45679	0.021	0.074	0.074	-0.111	0.145	7.632
4.771	0.037	0.069	0.002	3.40	1.31	1.41	-22.65	-25.80	16.84	45945	0.023	0.074	0.077	-0.110	0.145	7.627
4.780	0.038	0.069	0.003	3.19	1.64	1.60	-21.63	-22.95	17.32	45869	0.025	0.073	0.079	-0.110	0.145	7.621
4.790	0.040	0.067	0.003	3.00	1.88	1.77	-22.75	-18.11	17.46	45890	0.027	0.072	0.082	-0.109	0.144	7.615
4.800	0.040	0.066	0.004	2.80	2.13	1.97	-21.89	-15.94	15.89	45832	0.029	0.071	0.085	-0.109	0.144	7.609
4.811	0.041	0.064	0.005	2.65	2.34	2.16	-22.17	-15.94	14.37	45811	0.031	0.070	0.088	-0.108	0.144	7.602
4.819	0.042	0.063	0.005	2.42	2.54	2.31	-24.41	-15.21	12.07	45724	0.032	0.069	0.090	-0.108	0.144	7.596
4.830	0.042	0.061	0.006	2.25	2.74	2.47	-25.77	-13.62	10.68	45677	0.034	0.068	0.093	-0.107	0.143	7.589
4.840	0.042	0.059	0.007	2.03	2.96	2.62	-26.88	-13.81	9.73	45607	0.035	0.066	0.096	-0.107	0.143	7.583
4.851	0.043	0.055	0.007	1.87	3.12	2.73	-27.48	-13.08	8.18	45590	0.037	0.065	0.099	-0.107	0.142	7.576
4.859	0.043	0.054	0.008	1.58	3.30	2.83	-28.64	-18.51	6.95	45516	0.038	0.063	0.102	-0.106	0.142	7.569
4.868	0.043	0.051	0.009	1.36	3.52	2.93	-29.79	-22.81	6.18	47544	0.039	0.061	0.105	-0.106	0.141	7.561
4.882	0.043	0.052	0.010	1.00	3.76	2.99	-29.23	-23.95	4.26	47497	0.040	0.060	0.108	-0.106	0.141	7.554
4.887	0.043	0.052	0.016	0.62	4.05	3.06	-26.23	-19.96	3.24	47414	0.041	0.058	0.112	-0.106	0.141	7.547
4.900	0.047	0.056	0.017	0.13	4.14	3.05	-22.14	-14.40	0.94	46424	0.042	0.058	0.116	-0.106	0.141	7.539
4.910	0.046	0.053	0.019	-0.02	4.35	3.08	-17.21	-6.60	-0.46	46350	0.044	0.057	0.120	-0.106	0.140	7.531
4.921	0.046	0.052	0.020	-0.21	4.48	3.09	-16.15	3.84	-3.08	46217	0.045	0.056	0.123	-0.106	0.140	7.524
4.931	0.045	0.049	0.024	-0.29	4.54	3.09	-13.20	14.06	-4.79	46132	0.045	0.055	0.128	-0.106	0.140	7.516
4.946	0.045	0.048	0.026	-0.41	4.42	3.04	-6.81	19.65	-6.37	45406	0.046	0.053	0.132	-0.106	0.140	7.508
4.950	0.044	0.047	0.027	-0.49	4.30	3.00	-1.69	25.15	-6.57	45298	0.047	0.052	0.136	-0.106	0.139	7.500
4.959	0.043	0.045	0.029	-0.47	4.09	2.94	-0.35	28.09	-7.39	45201	0.047	0.051	0.140	-0.106	0.139	7.491
4.971	0.042	0.043	0.030	-0.47	3.85	2.88	-1.87	32.35	-8.00	45109	0.047	0.050	0.144	-0.106	0.139	7.483
4.980	0.042	0.043	0.033	-0.54	3.51	2.80	-2.14	37.14	-7.88	44988	0.048	0.049	0.148	-0.107	0.138	7.474
4.991	0.040	0.041	0.035	-0.49	3.24	2.73	-4.88	41.84	-8.26	44822	0.048	0.047	0.152	-0.107	0.138	7.465
5.001	0.039	0.040	0.036	-0.56	2.83	2.64	-4.09	47.05	-8.51	44771	0.048	0.046	0.155	-0.107	0.138	7.456
5.010	0.038	0.038	0.038	-0.58	2.40	2.55	-1.21	49.17	-8.68	44751	0.047	0.045	0.159	-0.108	0.137	7.447
5.021	0.036	0.037	0.045	-0.61	1.97	2.47	1.71	50.48	-9.42	44661	0.047	0.044	0.164	-0.108	0.137	7.438
5.031	0.036	0.036	0.047	-0.59	1.46	2.37	2.18	48.55	-10.59	43493	0.046	0.042	0.168	-0.109	0.137	7.429
5.041	0.034	0.036	0.050	-0.61	1.00	2.28	3.39	44.35	-10.70	43382	0.046	0.041	0.172	-0.109	0.136	7.419
5.046	0.034	0.034	0.052	-0.57	0.55	2.16	-0.10	40.03	-11.23	43320	0.045	0.040	0.177	-0.110	0.136	7.410
5.060	0.033	0.033	0.054	-0.57	0.15	2.04	-4.28	32.73	-11.92	43275	0.044	0.039	0.181	-0.111	0.136	7.400
5.070	0.037	0.033	0.060	-0.64	-0.41	1.90	-6.95	27.13	-12.12	42462	0.044	0.038	0.185	-0.111	0.136	7.391
5.081	0.038	0.033	0.063	-0.74	-0.73	1.77	-8.92	22.89	-12.15	44567	0.044	0.037	0.190	-0.111	0.135	7.381
5.089	0.036	0.033	0.065	-0.88	-0.90	1.66	-12.18	20.36	-11.15	44519	0.044	0.037	0.194	-0.112	0.135	7.371
5.100	0.036	0.032	0.067	-1.02	-1.11	1.55	-14.48	17.65	-10.06	44509	0.043	0.036	0.198	-0.112	0.135	7.361
5.111	0.035	0.032	0.070	-1.20	-1.27	1.46	-15.49	13.10	-8.33	44530	0.043	0.035	0.203	-0.112	0.135	7.351
5.122	0.034	0.030	0.072	-1.30	-1.39	1.37	-13.37	6.19	-7.83	44539	0.042	0.034	0.207	-0.113	0.135	7.341
5.130	0.033	0.029	0.074	-1.44	-1.42	1.29	-9.33	0.40	-7.52	44574	0.042	0.034	0.211	-0.113	0.134	7.331
5.139	0.031	0.028	0.076	-1.53	-1.37	1.22	-4.26	-3.84	-6.92	44603	0.041	0.033	0.215	-0.114	0.134	7.320
5.150	0.030	0.028	0.080	-1.61	-1.30	1.15	-0.87	-5.77	-7.47	44603	0.040	0.032	0.219	-0.114	0.134	7.310
5.159	0.030	0.027	0.082	-1.64	-1.27	1.08	0.97	-7.21	-7.54	44365	0.039	0.032	0.223	-0.115	0.134	7.299
5.165	0.028	0.027	0.084	-1.65	-1.11	1.01	2.94	-6.85	-7.15	44401	0.038	0.031	0.227	-0.115	0.133	7.288
5.180	0.027	0.028	0.086	-1.66	-1.03	0.94	5.29	-6.33	-7.08	44397	0.037	0.031	0.231	-0.116	0.133	7.277
5.191	0.026	0.027	0.088	-1.62	-0.97	0.87	6.66	-6.06	-7.90	44387	0.036	0.030	0.234	-0.116	0.133	7.266
5.200	0.026	0.026	0.091	-1.55	-0.91	0.79	8.16	-7.35	-7.41	44417	0.035	0.030	0.238	-0.117	0.133	7.255
5.212	0.024	0.026	0.093	-1.49	-0.80	0.72	8.53	-9.09	-6.86	44234	0.034	0.030	0.242	-0.117	0.133	7.244
5.221	0.024	0.025	0.095	-1.37	-0.70	0.65	9.65	-9.49	-6.85	44261	0.033	0.029	0.246	-0.118	0.133	7.232
5.227	0.023	0.025	0.097	-1.30	-0.58	0.58	9.64	-6.74	-6.61	44308	0.032	0.029	0.249	-0.118	0.132	7.221
5.240	0.023	0.025	0.096	-1.20	-0.54	0.52	9.99	-1.25	-6.86	44353	0.031	0.028	0.252	-0.119	0.132	7.209
5.250	0.020	0.024	0.098	-1.10	-0.43	0.44	10.45	5.19	-6.13	44967	0.030	0.028	0.255	-0.119	0.132	7.197
5.261	0.020	0.024	0.100	-1.00	-0.51	0.38	10.57	12.30	-6.24	44996	0.029	0.028	0.258	-0.120	0.132	7.185
5.270	0.020	0.023	0.101	-0.89	-0.63	0.31	9.33	15.83	-6.32	45057	0.028	0.028	0.261	-0.120	0.132	7.173
5.281	0.020	0.023	0.103	-0.80	-0.81	0.25	7.37	18.00	-6.84	47152	0.027	0.027	0.264	-0.120	0.131	7.161
5.291	0.018	0.024	0.102	-0.75	-0.93	0.17	5.18	17.37	-6.26	47735	0.026	0.027	0.266	-0.121	0.131	7.148
5.300	0.018	0.023	0.103	-0.70	-1.14	0.11	3.27	17.90	-5.82	47806	0.025	0.027	0.269	-0.121	0.131	7.136
5.310	0.018	0.022	0.105	-0.63	-1.32	0.05	1.78	16.79	-5.17	47913	0.024	0.027	0.272	-0.121	0.131	7.123
5.320	0.017	0.023	0.106	-0.66	-1.44	-0.01	-0.16	14.41	-4.26	47999	0.023	0.026	0.274	-0.122	0.131	7.110
5.331	0.016	0.023	0.107	-0.66	-1.59	-0.06	-0.33	10.77	-3.65	48050	0.022	0.026	0.277	-0.122	0.130	7.097
5.339	0.016	0.023	0.109	-0.68	-1.72	-0.10	-1.16	7.16	-2.99	48103	0.021	0.026	0.280	-0.122	0.130	7.084
5.353	0.015	0.022	0.110	-0.67	-1.78	-0.13	-1.28	2.91	-3.15	48137	0.020	0.026	0.283	-0.123	0.130	7.071
5.359	0.015	0.022	0.111	-0.70	-1.82	-0.16	-0.07	-0.08	-2.95	48166	0.019	0.026	0.285	-0.123	0.130	7.058
5.367	0.014	0.022	0.107	-0.71	-1.79	-0.19	1.87	-1.83	-2.32	48176	0.018	0.026	0.287	-0.123	0.130	7.044
5.380	0.014	0.022	0.108	-0.70	-1.77	-0.21	3.79	-2.86	-2.15	49170	0.017	0.026	0.289	-0.123	0.129	7.031
5.389	0.014	0.022	0.109	-0.66	-1.74	-0.24	5.14	-3.49	-2.15	49199	0.017	0.026	0.292	-0.123	0.129	7.017
5.400	0.013	0.021	0.110	-0.61	-1.72	-0.26	6.88	-3.48	-1.79	49213	0.016	0.026	0.294	-0.123	0.129	7.003
5.411	0.013	0.021	0.111	-0.54	-1.68	-0.27	9.03	-3.94	-1.35	49217	0.015	0.026	0.296	-0.123	0.129	6.989
5.420	0.013	0.021	0.112	-0.45	-1.64	-0.29	10.13	-5.13	-1.01	49212	0.014	0.026	0.298	-0.124	0.129	6.975
5.431	0.013	0.021	0.113	-0.35	-1.59	-0.30	8.47	-6.61	-0.65	49298	0.014	0.025	0.301	-0.124	0.128	6.960
5.439	0.013	0.021	0.114	-0.26	-1.52	-0.30	7.98	-7.33	-0.41	49278	0.013	0.025	0.303	-0.124	0.128	6.946
5.451	0.012	0.021	0.115	-0.18	-1.45	-0.31	8.41	-7.07	-0.12	49254	0.012	0.025	0.305	-0.124	0.128	6.932
5.458	0.012	0.021	0.112	-0.10	-1.38	-0.31	6.91	-8.66	0.25	49219	0.012	0.025	0.307	-0.124	0.128	6.917
5.468	0.012	0.020	0.113	-0.03	-1.29	-0.30	5.32	-7.29	-0.19	50018	0.011	0.025	0.309	-0.123	0.127	6.902
5.481	0.012	0.020	0.113	0.02	-1.22	-0.31	2.97	-7.15	0.07	49971	0.010	0.025	0.311	-0.123	0.127	6.887
5.490	0.012	0.020	0.114	0.05	-1.15	-0.31	1.14	-6.24	-0.17	52051	0.010	0.025	0.313	-0.123	0.127	6.872
5.498	0.012	0.020	0.115	0.09	-1.10	-0.30	-0.22	-4.54	0.63	52011	0.010	0.025	0.315	-0.123	0.127	6.857
5.510	0.012	0.020	0.120	0.09	-1.05	-0.30	-1.79	-3.42	0.58	51322	0.009	0.025	0.318	-0.123	0.126	6.842
5.519	0.012	0.021	0.121	0.00	-1.00	-0.31	-1.54	-1.55	0.75	51245	0.009	0.025	0.321	-0.123	0.126	6.826
5.530	0.012	0.021	0.122	-0.01	-0.99	-0.30	-1.79	-2.61	0.71	51142	0.008	0.025	0.324	-0.123	0.126	6.811
5.540	0.012	0.020	0.124	0.02	-0.98	-0.28	-1.91	-2.24	0.73	51016	0.008	0.025	0.327	-0.122	0.126	6.796
5.554	0.012	0.020	0.122	-0.00	-0.95	-0.27	-0.99	-3.68	1.00	50873	0.008	0.025	0.330	-0.122	0.125	6.780
5.560	0.012	0.020	0.124	-0.02	-0.89	-0.27	-0.75	-3.99	0.71	51282	0.007	0.025	0.332	-0.122	0.125	6.764
5.570	0.012	0.020	0.125	-0.03	-0.85	-0.26	-0.33	-5.32	0.92	51129	0.007	0.025	0.335	-0.122	0.125	6.748
5.578	0.011	0.023	0.127	-0.14	-0.78	-0.27	0.60	-5.29	1.14	50964	0.007	0.025	0.338	-0.121	0.125	6.732
5.590	0.012	0.023	0.127	-0.14	-0.73	-0.26	0.42	-5.79	1.34	50798	0.006	0.025	0.340	-0.121	0.125	6.716
5.600	0.011	0.023	0.128	-0.15	-0.66	-0.25	0.49	-5.70	1.02	50924	0.006	0.026	0.343	-0.121	0.124	6.700
5.611	0.011	0.023	0.130	-0.13	-0.60	-0.24	2.27	-4.76	0.98	50751	0.006	0.026	0.345	-0.121	0.124	6.683
5.618	0.011	0.023	0.131	-0.10	-0.53	-0.23	3.32	-3.76	0.42	50580	0.005	0.026	0.348	-0.120	0.124	6.667
5.628	0.011	0.023	0.133	-0.07	-0.49	-0.22	4.60	-3.50	0.20	50402	0.005	0.026	0.351	-0.120	0.124	6.651
5.640	0.022	0.027	0.134	-0.17	-0.82	-0.23	4.26	-3.28	0.13	50219	0.006	0.027	0.354	-0.119	0.124	6.634
5.650	0.022	0.027	0.135	-0.12	-0.79	-0.23	4.50	-3.42	0.54	50239	0.007	0.028	0.356	-0.119	0.124	6.617
5.660	0.023	0.027	0.137	-0.08	-0.75	-0.22	5.25	-3.08	0.72	50040	0.008	0.028	0.359	-0.118	0.124	6.600
5.670	0.023	0.027	0.139	-0.00	-0.70	-0.21	4.89	-5.62	0.55	49842	0.009	0.029	0.362	-0.117	0.124	6.583
5.681	0.024	0.026	0.139	0.07	-0.66	-0.20	4.85	-8.28	0.68	49645	0.010	0.029	0.365	-0.116	0.124	6.566
5.689	0.024	0.027	0.141	0.12	-0.58	-0.19	5.18	-10.75	0.75	49845	0.010	0.030	0.367	-0.116	0.123	6.549
5.699	0.025	0.026	0.143	0.18	-0.47	-0.18	4.74	-11.70	1.15	51728	0.011	0.030	0.370	-0.115	0.123	6.532
5.711	0.026	0.026	0.145	0.25	-0.37	-0.17	3.83	-12.95	1.05	51548	0.012	0.030	0.373	-0.114	0.123	6.515
5.721	0.028	0.026	0.147	0.30	-0.30	-0.16	3.36	-11.99	0.66	51378	0.013	0.030	0.376	-0.114	0.123	6.497
5.730	0.029	0.026	0.151	0.33	-0.18	-0.15	1.76	-12.62	0.33	50880	0.014	0.030	0.379	-0.113	0.123	6.480
5.738	0.030	0.026	0.154	0.35	-0.05	-0.15	2.00	-12.58	0.61	50697	0.015	0.031	0.383	-0.112	0.122	6.463
5.750	0.030	0.026	0.156	0.37	0.07	-0.15	2.49	-13.29	-0.22	50506	0.016	0.031	0.386	-0.111	0.122	6.445
5.760	0.030	0.026	0.159	0.41	0.23	-0.15	3.18	-12.58	-0.26	50295	0.017	0.031	0.390	-0.111	0.122	6.428
5.769	0.031	0.026	0.161	0.44	0.35	-0.15	4.07	-11.34	-1.41	50076	0.018	0.031	0.393	-0.110	0.122	6.410
5.780	0.033	0.026	0.164	0.48	0.45	-0.17	3.60	-11.08	-0.85	49885	0.019	0.031	0.397	-0.109	0.121	6.392
5.790	0.033	0.026	0.167	0.51	0.56	-0.18	2.70	-9.53	-0.93	49671	0.020	0.031	0.400	-0.109	0.121	6.375
5.801	0.034	0.026	0.169	0.54	0.68	-0.19	2.52	-7.29	-1.21	49449	0.021	0.031	0.404	-0.108	0.121	6.357
5.809	0.034	0.026	0.172	0.58	0.75	-0.20	0.65	-6.87	-1.13	49215	0.021	0.031	0.407	-0.107	0.121	6.339
5.817	0.034	0.026	0.175	0.59	0.83	-0.22	-0.21	-5.13	-0.92	49060	0.022	0.031	0.411	-0.107	0.120	6.321
5.828	0.034	0.025	0.177	0.60	0.90	-0.22	-1.47	-4.61	-1.10	48839	0.023	0.031	0.414	-0.106	0.120	6.303
5.837	0.035	0.025	0.180	0.59	0.94	-0.24	-1.67	-2.55	-0.86	48624	0.023	0.031	0.418	-0.105	0.120	6.285
5.850	0.035	0.025	0.183	0.58	0.97	-0.24	-3.10	-1.85	-0.44	48415	0.024	0.031	0.421	-0.105	0.119	6.267
5.862	0.037	0.026	0.187	0.52	0.96	-0.25	-3.46	-0.31	-0.80	48221	0.025	0.031	0.425	-0.104	0.119	6.249
5.871	0.037	0.026	0.191	0.48	0.96	-0.26	-3.74	1.23	-0.48	47832	0.026	0.031	0.428	-0.104	0.119	6.231
5.879	0.038	0.025	0.194	0.46	0.97	-0.26	-4.47	1.04	-0.33	47630	0.027	0.031	0.432	-0.103	0.119	6.213
5.891	0.038	0.025	0.197	0.42	0.95	-0.26	-4.20	1.35	0.70	47426	0.027	0.031	0.436	-0.103	0.118	6.195
5.899	0.038	0.025	0.201	0.38	0.95	-0.26	-3.97	0.51	0.51	49300	0.028	0.031	0.440	-0.102	0.118	6.177
5.905	0.038	0.025	0.204	0.33	0.96	-0.25	-4.00	0.90	0.71	48980	0.029	0.030	0.443	-0.102	0.118	6.159
5.919	0.039	0.025	0.208	0.29	0.95	-0.24	-3.06	0.49	1.16	48806	0.029	0.030	0.447	-0.101	0.118	6.141
5.930	0.038	0.028	0.211	0.18	0.98	-0.23	-1.81	0.79	1.13	48632	0.030	0.031	0.451	-0.101	0.117	6.122
5.940	0.037	0.028	0.214	0.16	1.00	-0.22	-1.34	0.53	1.53	48455	0.030	0.031	0.455	-0.100	0.117	6.104
5.946	0.040	0.025	0.219	0.21	0.93	-0.21	-1.46	1.64	1.16	48015	0.031	0.031	0.459	-0.100	0.117	6.086
5.962	0.040	0.025	0.223	0.19	0.92	-0.19	-1.05	2.55	1.66	47819	0.031	0.031	0.463	-0.099	0.117	6.068
5.968	0.040	0.025	0.226	0.18	0.90	-0.18	-1.45	3.43	1.22	47630	0.032	0.031	0.467	-0.099	0.116	6.049
5.978	0.037	0.026	0.230	0.16	0.94	-0.16	-1.31	4.50	1.04	47442	0.032	0.031	0.471	-0.099	0.116	6.031
5.989	0.037	0.026	0.232	0.13	0.90	-0.15	-1.71	4.66	1.37	47263	0.032	0.031	0.475	-0.098	0.116	6.013
6.003	0.037	0.025	0.236	0.13	0.86	-0.14	-2.04	4.63	1.61	47261	0.032	0.031	0.478	-0.098	0.116	5.994
6.010	0.043	0.028	0.240	0.05	0.69	-0.12	-1.72	4.60	1.90	47093	0.033	0.031	0.482	-0.098	0.115	5.976
6.015	0.045	0.027	0.243	0.04	0.60	-0.11	-1.19	4.73	1.74	46920	0.034	0.031	0.486	-0.097	0.115	5.958
6.029	0.045	0.027	0.247	0.03	0.55	-0.09	-0.91	4.01	1.43	46746	0.035	0.031	0.490	-0.097	0.115	5.939
6.041	0.044	0.026	0.251	0.04	0.54	-0.07	-0.02	2.82	1.21	46480	0.036	0.031	0.493	-0.096	0.115	5.921
6.046	0.045	0.026	0.254	0.04	0.51	-0.06	1.33	0.92	1.35	46323	0.036	0.031	0.497	-0.096	0.115	5.902
6.060	0.045	0.026	0.258	0.06	0.50	-0.05	2.50	-0.35	0.74	46177	0.037	0.031	0.501	-0.095	0.114	5.884
6.074	0.045	0.026	0.262	0.09	0.51	-0.04	2.42	-1.52	0.90	46022	0.037	0.031	0.504	-0.095	0.114	5.866
6.079	0.046	0.025	0.264	0.12	0.52	-0.03	3.89	-3.60	0.90	45863	0.038	0.031	0.508	-0.094	0.114	5.847
6.091	0.046	0.025	0.268	0.16	0.56	-0.02	3.75	-4.62	1.16	45904	0.039	0.031	0.511	-0.094	0.113	5.829
6.103	0.047	0.024	0.271	0.21	0.58	-0.01	3.72	-4.85	1.12	45768	0.039	0.031	0.515	-0.094	0.113	5.810
6.110	0.047	0.025	0.275	0.23	0.65	0.00	3.55	-4.65	0.49	47670	0.040	0.031	0.518	-0.093	0.113	5.792
6.117	0.047	0.025	0.278	0.26	0.69	0.01	2.24	-3.24	0.33	47544	0.040	0.031	0.521	-0.093	0.113	5.773
6.130	0.047	0.024	0.281	0.31	0.74	0.01	1.41	-1.86	0.39	47617	0.041	0.031	0.524	-0.093	0.112	5.755
6.140	0.044	0.027	0.285	0.25	0.82	0.02	-0.05	0.00	0.56	47511	0.041	0.031	0.528	-0.093	0.112	5.737
6.149	0.044	0.027	0.288	0.25	0.82	0.03	-1.24	1.84	0.15	47405	0.041	0.031	0.531	-0.092	0.112	5.718
6.159	0.044	0.029	0.292	0.21	0.80	0.03	-3.67	3.82	-0.07	47295	0.041	0.031	0.535	-0.092	0.112	5.700
6.172	0.043	0.029	0.296	0.17	0.78	0.03	-4.31	5.82	-0.06	46942	0.041	0.032	0.538	-0.092	0.112	5.681
6.175	0.040	0.029	0.300	0.13	0.78	0.03	-3.36	6.90	-0.40	46806	0.041	0.032	0.542	-0.092	0.111	5.663
6.187	0.041	0.029	0.304	0.10	0.70	0.03	-2.73	8.34	0.30	46662	0.040	0.032	0.545	-0.092	0.111	5.645
6.199	0.040	0.027	0.307	0.09	0.64	0.03	-1.30	8.63	1.37	46533	0.040	0.032	0.549	-0.092	0.111	5.626
6.208	0.040	0.027	0.317	0.08	0.55	0.04	-0.61	9.09	0.58	46410	0.040	0.032	0.553	-0.092	0.111	5.608
6.219	0.040	0.027	0.321	0.07	0.46	0.05	0.06	9.06	0.31	44985	0.039	0.032	0.558	-0.092	0.110	5.590
6.229	0.040	0.027	0.325	0.07	0.37	0.05	0.82	8.37	1.56	44825	0.039	0.032	0.562	-0.092	0.110	5.572
6.239	0.040	0.026	0.329	0.10	0.28	0.06	1.19	8.60	0.97	44684	0.039	0.032	0.566	-0.092	0.110	5.554
6.246	0.040	0.025	0.334	0.12	0.19	0.07	0.92	8.44	0.49	44541	0.039	0.032	0.571	-0.092	0.110	5.537
6.257	0.040	0.024	0.338	0.15	0.10	0.08	1.44	8.62	0.98	44255	0.038	0.032	0.575	-0.092	0.109	5.519
6.273	0.040	0.024	0.342	0.16	0.01	0.09	-0.94	6.86	1.09	44116	0.038	0.031	0.578	-0.092	0.109	5.501
6.278	0.039	0.022	0.345	0.18	-0.04	0.10	-0.42	6.75	0.57	43999	0.038	0.031	0.582	-0.092	0.108	5.483
6.289	0.039	0.022	0.349	0.18	-0.11	0.10	-1.92	4.57	0.45	43896	0.038	0.030	0.586	-0.092	0.108	5.465
6.298	0.039	0.020	0.353	0.19	-0.16	0.11	-1.90	3.85	0.23	43787	0.037	0.030	0.589	-0.091	0.108	5.447
6.308	0.038	0.020	0.357	0.17	-0.19	0.11	-2.31	2.74	0.09	45706	0.037	0.029	0.593	-0.091	0.107	5.429
6.321	0.038	0.020	0.361	0.15	-0.22	0.11	-2.31	1.98	0.07	45635	0.037	0.029	0.596	-0.091	0.107	5.411
6.329	0.038	0.020	0.365	0.12	-0.25	0.11	-2.38	1.63	-0.06	45765	0.037	0.028	0.600	-0.091	0.106	5.393
6.341	0.038	0.019	0.368	0.10	-0.27	0.11	-2.26	-0.20	0.26	45683	0.036	0.028	0.603	-0.091	0.106	5.375
6.349	0.038	0.019	0.371	0.08	-0.27	0.11	-2.83	-0.88	0.39	45708	0.036	0.027	0.606	-0.091	0.105	5.358
6.359	0.038	0.019	0.375	0.05	-0.26	0.12	-3.21	-0.70	0.69	45648	0.036	0.027	0.610	-0.091	0.105	5.340
6.369	0.038	0.019	0.378	0.02	-0.25	0.12	-2.69	-2.19	0.48	45575	0.036	0.026	0.613	-0.091	0.105	5.322
6.380	0.037	0.017	0.382	0.01	-0.22	0.13	-3.27	-0.13	-0.17	45509	0.035	0.026	0.616	-0.091	0.104	5.304
6.389	0.037	0.017	0.386	-0.02	-0.22	0.13	-3.05	-1.04	-0.08	45377	0.035	0.025	0.619	-0.091	0.104	5.286
6.397	0.039	0.017	0.389	-0.06	-0.24	0.13	-3.90	0.78	0.15	45305	0.035	0.025	0.623	-0.091	0.103	5.269
6.408	0.039	0.016	0.393	-0.10	-0.25	0.13	-5.72	0.55	0.06	45232	0.035	0.024	0.626	-0.090	0.103	5.251
6.420	0.038	0.014	0.396	-0.13	-0.24	0.13	-4.88	0.25	0.29	45163	0.035	0.024	0.629	-0.090	0.102	5.233
6.429	0.038	0.013	0.397	-0.17	-0.24	0.13	-5.11	1.13	0.87	45100	0.035	0.023	0.631	-0.090	0.102	5.216
6.438	0.037	0.012	0.401	-0.22	-0.24	0.14	-4.42	0.77	0.72	45446	0.035	0.022	0.634	-0.090	0.101	5.198
6.449	0.037	0.011	0.404	-0.26	-0.25	0.14	-3.95	2.39	0.82	45382	0.035	0.021	0.637	-0.090	0.101	5.180
6.462	0.037	0.011	0.407	-0.30	-0.28	0.15	-3.44	1.43	1.17	45329	0.034	0.021	0.639	-0.090	0.100	5.163
6.470	0.037	0.011	0.410	-0.33	-0.29	0.16	-3.12	1.37	1.19	45290	0.034	0.020	0.642	-0.090	0.100	5.145
6.478	0.037	0.010	0.413	-0.36	-0.31	0.17	-3.04	1.23	1.55	45295	0.034	0.019	0.645	-0.089	0.099	5.127
6.493	0.037	0.010	0.416	-0.39	-0.32	0.19	-3.26	0.24	1.20	45233	0.034	0.019	0.647	-0.089	0.099	5.110
6.499	0.038	0.010	0.419	-0.43	-0.33	0.20	-3.29	-0.19	0.90	45184	0.034	0.018	0.650	-0.089	0.099	5.092
6.510	0.038	0.010	0.422	-0.46	-0.33	0.21	-3.74	-0.54	0.92	45123	0.034	0.018	0.652	-0.089	0.098	5.075
6.519	0.038	0.008	0.423	-0.48	-0.33	0.22	-3.61	-0.08	0.52	45061	0.034	0.017	0.654	-0.089	0.098	5.057
6.528	0.038	0.008	0.426	-0.52	-0.33	0.22	-3.24	-0.96	0.73	45279	0.034	0.016	0.656	-0.088	0.097	5.040
6.541	0.038	0.005	0.429	-0.51	-0.32	0.23	-2.40	-0.23	0.50	45242	0.034	0.016	0.659	-0.088	0.097	5.022
6.549	0.038	0.004	0.432	-0.54	-0.31	0.24	-2.25	-0.73	0.58	45202	0.034	0.015	0.661	-0.088	0.096	5.005
6.558	0.038	0.004	0.435	-0.56	-0.30	0.24	-2.50	-1.75	0.89	45176	0.034	0.014	0.663	-0.088	0.096	4.988
6.570	0.038	0.004	0.438	-0.59	-0.29	0.25	-3.00	-1.69	0.83	45025	0.034	0.013	0.665	-0.088	0.095	4.971
6.582	0.038	0.002	0.440	-0.60	-0.27	0.26	-1.96	-0.75	1.15	44983	0.033	0.012	0.668	-0.087	0.095	4.953
6.589	0.038	0.001	0.443	-0.61	-0.26	0.27	-1.21	-1.53	1.38	44944	0.033	0.012	0.670	-0.087	0.094	4.936
6.596	0.038	0.001	0.446	-0.63	-0.25	0.28	-2.42	-1.09	0.64	44909	0.033	0.011	0.672	-0.087	0.094	4.919
6.610	0.037	-0.000	0.449	-0.65	-0.24	0.29	-1.79	-0.66	0.59	44774	0.033	0.010	0.674	-0.087	0.093	4.902
6.619	0.038	-0.000	0.451	-0.67	-0.23	0.30	-1.53	-1.29	0.25	44723	0.033	0.009	0.676	-0.086	0.093	4.885
6.627	0.038	-0.001	0.454	-0.68	-0.22	0.30	-2.44	-0.96	0.02	44684	0.033	0.009	0.678	-0.086	0.092	4.868
6.639	0.038	-0.001	0.457	-0.71	-0.23	0.30	-1.70	-1.27	0.01	44641	0.033	0.008	0.680	-0.086	0.092	4.851
6.647	0.039	-0.001	0.457	-0.73	-0.22	0.30	-1.82	-0.04	-0.16	44593	0.033	0.007	0.682	-0.086	0.091	4.834
6.658	0.040	-0.001	0.460	-0.75	-0.22	0.30	-1.66	-0.02	-0.55	44851	0.033	0.007	0.684	-0.085	0.091	4.817
6.668	0.040	-0.001	0.462	-0.77	-0.22	0.30	-1.00	-0.06	-0.74	44830	0.034	0.007	0.685	-0.085	0.090	4.800
6.683	0.040	-0.004	0.464	-0.75	-0.21	0.29	-1.16	-0.64	-0.57	44804	0.034	0.006	0.687	-0.085	0.090	4.783
6.686	0.039	-0.008	0.466	-0.72	-0.20	0.28	0.37	-0.74	-0.22	44786	0.034	0.005	0.688	-0.085	0.089	4.766
6.696	0.039	-0.008	0.468	-0.71	-0.19	0.28	-0.02	-1.25	-0.22	44910	0.034	0.004	0.690	-0.084	0.089	4.749
6.710	0.039	-0.008	0.470	-0.71	-0.17	0.28	0.12	-0.95	-0.06	44906	0.034	0.003	0.691	-0.084	0.088	4.733
6.718	0.040	-0.008	0.473	-0.71	-0.17	0.28	-0.37	-2.07	0.53	44892	0.034	0.002	0.693	-0.084	0.088	4.716
6.728	0.040	-0.009	0.475	-0.71	-0.15	0.29	-0.25	-1.70	0.85	44887	0.034	0.001	0.694	-0.083	0.087	4.699
6.738	0.040	-0.012	0.476	-0.70	-0.13	0.30	-1.44	-1.44	0.81	44887	0.034	0.000	0.696	-0.083	0.086	4.683
6.748	0.040	-0.012	0.478	-0.71	-0.12	0.30	-2.16	-1.55	0.88	45082	0.034	-0.001	0.697	-0.083	0.086	4.666
6.759	0.040	-0.012	0.480	-0.73	-0.10	0.31	-3.12	-1.55	0.45	45077	0.035	-0.001	0.698	-0.083	0.085	4.649
6.768	0.040	-0.013	0.481	-0.76	-0.08	0.32	-2.85	-1.11	0.59	45086	0.035	-0.002	0.699	-0.082	0.085	4.633
6.779	0.040	-0.014	0.483	-0.77	-0.07	0.32	-2.46	-2.31	0.66	45091	0.035	-0.003	0.700	-0.082	0.084	4.616
6.790	0.040	-0.015	0.485	-0.80	-0.04	0.33	-1.76	-1.55	0.69	45102	0.035	-0.004	0.702	-0.082	0.084	4.600
6.800	0.042	-0.015	0.487	-0.82	-0.04	0.34	-0.73	-1.89	0.68	45108	0.035	-0.005	0.703	-0.081	0.083	4.584
6.810	0.042	-0.015	0.489	-0.83	-0.03	0.34	0.76	-2.00	1.07	45115	0.035	-0.005	0.704	-0.081	0.083	4.567
6.819	0.043	-0.015	0.492	-0.82	-0.01	0.35	1.46	-3.01	1.37	45108	0.036	-0.006	0.705	-0.081	0.082	4.551
6.827	0.043	-0.015	0.493	-0.81	0.02	0.36	2.31	-2.99	1.32	44858	0.036	-0.007	0.706	-0.080	0.082	4.535
6.837	0.043	-0.016	0.495	-0.78	0.05	0.38	3.00	-2.61	1.47	44871	0.036	-0.007	0.708	-0.080	0.081	4.519
6.849	0.044	-0.016	0.497	-0.75	0.07	0.39	2.17	-2.68	1.37	44865	0.037	-0.007	0.709	-0.080	0.081	4.503
6.859	0.044	-0.016	0.498	-0.73	0.10	0.41	2.85	-2.69	1.21	44861	0.037	-0.008	0.710	-0.079	0.080	4.487
6.869	0.044	-0.018	0.500	-0.68	0.13	0.42	3.73	-2.90	1.61	44866	0.037	-0.009	0.711	-0.079	0.080	4.471
6.880	0.044	-0.018	0.502	-0.66	0.16	0.44	2.65	-1.99	1.03	44800	0.038	-0.009	0.712	-0.079	0.079	4.455
6.890	0.044	-0.018	0.504	-0.63	0.18	0.45	2.03	-3.24	1.14	44793	0.038	-0.009	0.713	-0.078	0.079	4.439
6.899	0.044	-0.018	0.505	-0.61	0.21	0.46	2.03	-0.00	1.17	44804	0.038	-0.010	0.714	-0.078	0.079	4.423
6.911	0.044	-0.018	0.507	-0.59	0.22	0.47	1.58	-1.60	0.89	44812	0.038	-0.010	0.715	-0.078	0.078	4.407
6.919	0.044	-0.018	0.508	-0.57	0.23	0.48	2.17	-1.23	1.52	44788	0.038	-0.011	0.716	-0.077	0.078	4.391
6.929	0.044	-0.019	0.510	-0.55	0.24	0.49	2.00	-0.32	1.49	44795	0.039	-0.011	0.717	-0.077	0.077	4.376
6.937	0.044	-0.019	0.511	-0.53	0.25	0.51	2.88	-1.75	1.37	44816	0.039	-0.011	0.718	-0.077	0.077	4.360
6.949	0.045	-0.019	0.513	-0.50	0.26	0.52	2.73	-0.29	1.25	44817	0.039	-0.012	0.719	-0.076	0.077	4.344
6.956	0.046	-0.019	0.513	-0.47	0.25	0.53	2.73	-1.14	1.01	44827	0.039	-0.012	0.719	-0.076	0.076	4.329
6.967	0.046	-0.019	0.514	-0.44	0.26	0.54	2.22	-0.00	0.96	45067	0.040	-0.012	0.720	-0.076	0.076	4.313
6.978	0.046	-0.019	0.515	-0.42	0.26	0.56	2.64	0.56	1.30	45072	0.040	-0.012	0.720	-0.076	0.076	4.298
6.990	0.046	-0.020	0.517	-0.40	0.26	0.57	2.15	-0.01	1.01	45080	0.040	-0.013	0.721	-0.075	0.075	4.282
6.998	0.047	-0.020	0.517	-0.38	0.24	0.58	1.44	0.20	1.13	45100	0.040	-0.013	0.721	-0.075	0.075	4.267
7.009	0.048	-0.020	0.518	-0.36	0.24	0.60	1.15	0.37	1.23	45315	0.041	-0.013	0.721	-0.074	0.075	4.251
7.019	0.048	-0.019	0.519	-0.36	0.23	0.61	1.51	1.19	1.47	45329	0.041	-0.013	0.722	-0.074	0.074	4.236
7.029	0.048	-0.019	0.520	-0.35	0.22	0.62	1.59	1.56	1.34	45346	0.041	-0.013	0.722	-0.074	0.074	4.220
7.040	0.048	-0.019	0.521	-0.33	0.21	0.63	1.07	-0.14	1.32	45366	0.042	-0.013	0.722	-0.074	0.074	4.205
7.049	0.048	-0.019	0.523	-0.32	0.21	0.65	2.48	-0.85	1.63	45240	0.042	-0.013	0.723	-0.073	0.073	4.190
7.059	0.049	-0.019	0.524	-0.30	0.21	0.66	2.25	-0.08	1.66	45246	0.042	-0.013	0.723	-0.073	0.073	4.175
7.070	0.049	-0.019	0.525	-0.27	0.21	0.68	2.56	-1.18	1.66	45263	0.043	-0.013	0.724	-0.073	0.073	4.160
7.079	0.051	-0.019	0.526	-0.24	0.21	0.70	3.57	-0.44	1.34	45283	0.043	-0.013	0.724	-0.072	0.072	4.145
7.092	0.051	-0.020	0.526	-0.21	0.22	0.71	2.75	-1.17	0.99	45291	0.044	-0.013	0.724	-0.072	0.072	4.130
7.097	0.054	-0.020	0.527	-0.18	0.21	0.72	1.97	-1.23	0.69	45504	0.045	-0.014	0.724	-0.071	0.072	4.115
7.110	0.054	-0.020	0.527	-0.16	0.22	0.73	1.90	-0.75	1.28	45535	0.045	-0.014	0.725	-0.071	0.072	4.100
7.118	0.052	-0.020	0.528	-0.14	0.25	0.74	1.28	-1.73	1.30	45568	0.046	-0.014	0.725	-0.071	0.071	4.085
7.129	0.052	-0.020	0.528	-0.13	0.26	0.76	1.72	-1.66	1.28	45586	0.046	-0.014	0.725	-0.070	0.071	4.070
7.139	0.053	-0.020	0.529	-0.11	0.27	0.77	1.58	-1.72	0.91	45745	0.046	-0.014	0.725	-0.070	0.071	4.055
7.149	0.053	-0.020	0.530	-0.10	0.29	0.78	1.27	-1.83	1.11	45770	0.047	-0.014	0.725	-0.070	0.070	4.040
7.158	0.051	-0.021	0.530	-0.08	0.32	0.79	1.41	-1.08	1.29	45783	0.047	-0.014	0.725	-0.069	0.070	4.025
7.168	0.051	-0.021	0.531	-0.07	0.33	0.80	1.94	-0.21	1.31	45808	0.047	-0.014	0.725	-0.069	0.070	4.011
7.176	0.058	-0.021	0.531	-0.05	0.29	0.81	1.49	0.21	1.42	45835	0.048	-0.014	0.725	-0.069	0.069	3.996
7.192	0.058	-0.021	0.531	-0.04	0.29	0.83	0.51	0.66	1.21	46041	0.049	-0.015	0.725	-0.068	0.069	3.981
7.200	0.060	-0.021	0.532	-0.03	0.27	0.84	0.48	0.21	1.14	46048	0.050	-0.015	0.724	-0.068	0.069	3.967
7.208	0.060	-0.021	0.532	-0.02	0.27	0.85	0.69	1.01	0.99	46067	0.051	-0.015	0.724	-0.067	0.068	3.952
7.219	0.060	-0.021	0.533	-0.02	0.26	0.86	0.08	0.53	1.09	46085	0.052	-0.015	0.724	-0.067	0.068	3.938
7.228	0.060	-0.019	0.533	-0.03	0.25	0.87	-0.17	0.86	1.13	46144	0.052	-0.015	0.724	-0.066	0.068	3.923
7.239	0.058	-0.021	0.534	-0.02	0.26	0.88	-0.06	0.41	1.05	46152	0.053	-0.015	0.724	-0.066	0.067	3.909
7.249	0.058	-0.021	0.534	-0.03	0.26	0.89	0.13	-0.84	1.01	46175	0.053	-0.015	0.724	-0.066	0.067	3.894
7.259	0.060	-0.019	0.534	-0.04	0.25	0.90	1.06	-0.80	1.28	46179	0.053	-0.015	0.724	-0.066	0.067	3.880
7.270	0.059	-0.021	0.536	-0.02	0.27	0.91	1.49	-1.32	1.04	46081	0.054	-0.015	0.724	-0.065	0.067	3.866
7.278	0.061	-0.021	0.536	-0.01	0.27	0.92	1.34	-2.25	0.63	46099	0.054	-0.015	0.724	-0.065	0.066	3.851
7.288	0.061	-0.021	0.537	-0.00	0.30	0.93	2.00	-2.05	0.91	46098	0.055	-0.015	0.723	-0.065	0.066	3.837
7.299	0.061	-0.021	0.537	0.02	0.32	0.94	1.18	-1.30	0.32	46078	0.055	-0.015	0.723	-0.064	0.066	3.823
7.307	0.061	-0.021	0.538	0.03	0.33	0.94	2.64	-1.05	-0.02	46072	0.056	-0.015	0.723	-0.064	0.065	3.809
7.319	0.061	-0.021	0.539	0.06	0.34	0.94	1.35	-0.66	-0.28	45964	0.056	-0.015	0.723	-0.064	0.065	3.795
7.327	0.061	-0.021	0.539	0.07	0.35	0.94	1.76	-0.70	-0.03	45960	0.057	-0.016	0.723	-0.064	0.065	3.781
7.338	0.062	-0.021	0.540	0.09	0.36	0.94	2.37	-0.54	-0.06	45944	0.057	-0.016	0.723	-0.063	0.065	3.767
7.349	0.063	-0.022	0.540	0.11	0.35	0.94	1.14	-0.48	-0.15	45948	0.057	-0.016	0.723	-0.063	0.064	3.753
7.354	0.061	-0.020	0.541	0.12	0.37	0.94	-0.10	-0.75	-0.39	45874	0.058	-0.016	0.723	-0.063	0.064	3.739
7.364	0.061	-0.020	0.541	0.12	0.38	0.94	-0.37	0.18	-0.19	45847	0.058	-0.016	0.723	-0.063	0.064	3.726
7.375	0.061	-0.022	0.542	0.13	0.38	0.94	1.16	-0.23	-0.03	45837	0.058	-0.016	0.723	-0.063	0.064	3.712
7.387	0.061	-0.022	0.542	0.14	0.38	0.94	-1.08	-0.85	-0.57	45836	0.058	-0.016	0.723	-0.063	0.063	3.698
7.401	0.061	-0.022	0.543	0.13	0.39	0.94	-1.08	0.13	-0.49	45821	0.058	-0.016	0.723	-0.062	0.063	3.684
7.406	0.061	-0.022	0.544	0.12	0.39	0.93	0.67	1.35	-0.51	45693	0.058	-0.016	0.723	-0.062	0.063	3.671
7.418	0.065	-0.029	0.544	0.17	0.35	0.93	-0.16	0.01	-0.97	45694	0.059	-0.017	0.723	-0.062	0.062	3.657
7.427	0.065	-0.030	0.545	0.17	0.35	0.92	-1.36	1.55	-1.15	45702	0.060	-0.018	0.723	-0.062	0.061	3.644
7.437	0.064	-0.025	0.545	0.13	0.35	0.90	-0.97	1.84	-0.84	45685	0.060	-0.018	0.723	-0.061	0.061	3.630
7.447	0.064	-0.025	0.545	0.12	0.33	0.90	-0.78	1.04	-0.89	45783	0.060	-0.019	0.723	-0.061	0.061	3.617
7.457	0.064	-0.029	0.546	0.13	0.32	0.89	-1.38	0.39	-0.89	45792	0.060	-0.019	0.722	-0.061	0.060	3.603
7.468	0.064	-0.029	0.546	0.12	0.32	0.88	-0.92	-0.57	-0.70	45792	0.061	-0.020	0.722	-0.061	0.060	3.590
7.478	0.066	-0.027	0.547	0.09	0.31	0.87	-2.52	0.11	-0.40	45783	0.061	-0.020	0.722	-0.061	0.059	3.577
7.484	0.067	-0.026	0.547	0.06	0.30	0.86	-2.09	-0.64	-0.79	45834	0.062	-0.021	0.722	-0.060	0.059	3.564
7.501	0.067	-0.025	0.547	0.04	0.31	0.86	-2.36	-0.36	-0.96	45848	0.062	-0.021	0.721	-0.060	0.059	3.550
7.506	0.067	-0.025	0.548	0.02	0.31	0.85	-3.20	-0.23	-1.31	45846	0.063	-0.021	0.721	-0.060	0.059	3.537
7.517	0.065	-0.027	0.548	-0.01	0.33	0.83	-4.46	-0.67	-1.45	45838	0.063	-0.021	0.721	-0.060	0.058	3.524
7.529	0.065	-0.028	0.548	-0.05	0.33	0.82	-3.62	-0.08	-1.23	45853	0.063	-0.021	0.721	-0.060	0.058	3.511
7.534	0.065	-0.029	0.549	-0.08	0.34	0.81	-1.90	0.29	-1.45	45881	0.063	-0.022	0.720	-0.060	0.058	3.498
7.545	0.065	-0.029	0.549	-0.10	0.33	0.79	-2.12	1.67	-1.64	45875	0.063	-0.022	0.720	-0.059	0.057	3.485
7.556	0.065	-0.029	0.549	-0.12	0.32	0.78	-0.34	1.69	-2.04	45877	0.063	-0.022	0.720	-0.059	0.057	3.472
7.568	0.065	-0.030	0.549	-0.13	0.30	0.76	1.00	1.62	-1.91	45895	0.063	-0.023	0.719	-0.059	0.057	3.459
7.574	0.065	-0.030	0.550	-0.12	0.29	0.74	0.02	1.21	-2.06	45929	0.063	-0.023	0.719	-0.059	0.056	3.446
7.590	0.065	-0.030	0.550	-0.12	0.27	0.72	1.08	1.24	-1.55	45938	0.063	-0.024	0.719	-0.059	0.056	3.433
7.595	0.065	-0.030	0.550	-0.11	0.26	0.70	2.34	1.85	-1.13	45956	0.064	-0.024	0.718	-0.059	0.056	3.421
7.606	0.065	-0.030	0.550	-0.08	0.25	0.69	0.34	1.32	-1.46	45967	0.064	-0.024	0.718	-0.059	0.055	3.408
7.618	0.065	-0.030	0.550	-0.08	0.23	0.67	-0.85	0.21	-1.40	45973	0.064	-0.024	0.718	-0.059	0.055	3.395
7.628	0.065	-0.031	0.550	-0.09	0.23	0.66	0.65	0.94	-1.16	46079	0.064	-0.025	0.717	-0.059	0.055	3.383
7.635	0.068	-0.033	0.551	-0.07	0.21	0.65	-1.53	0.89	-1.34	46099	0.064	-0.025	0.717	-0.059	0.054	3.370
7.648	0.068	-0.033	0.551	-0.08	0.20	0.64	-0.85	1.10	-1.36	46114	0.064	-0.026	0.716	-0.058	0.054	3.358
7.658	0.068	-0.033	0.551	-0.09	0.19	0.62	-2.82	0.65	-1.70	46116	0.065	-0.026	0.716	-0.058	0.054	3.345
7.669	0.066	-0.032	0.552	-0.13	0.19	0.60	-3.18	0.85	-1.95	46051	0.065	-0.026	0.715	-0.058	0.053	3.333
7.678	0.066	-0.032	0.552	-0.16	0.18	0.58	-1.68	1.13	-1.63	46068	0.065	-0.027	0.715	-0.058	0.053	3.320
7.688	0.066	-0.033	0.552	-0.18	0.18	0.57	-3.55	0.69	-1.76	46082	0.065	-0.027	0.715	-0.058	0.053	3.308
7.698	0.068	-0.032	0.552	-0.22	0.15	0.55	-2.38	1.18	-1.05	46088	0.065	-0.027	0.714	-0.058	0.052	3.296
7.708	0.066	-0.031	0.552	-0.24	0.15	0.54	-3.93	0.78	-1.48	46103	0.065	-0.027	0.714	-0.058	0.052	3.283
7.717	0.068	-0.033	0.553	-0.27	0.13	0.52	-1.25	1.22	-1.30	46117	0.065	-0.027	0.714	-0.058	0.052	3.271
7.731	0.068	-0.033	0.553	-0.28	0.12	0.51	-0.50	1.18	-0.99	46136	0.065	-0.028	0.713	-0.058	0.052	3.259
7.741	0.068	-0.033	0.553	-0.29	0.10	0.50	-1.55	1.22	-1.09	46142	0.066	-0.028	0.713	-0.057	0.051	3.247
7.747	0.069	-0.038	0.553	-0.28	0.09	0.49	0.30	1.46	-1.15	46154	0.066	-0.029	0.712	-0.057	0.051	3.235
7.757	0.067	-0.031	0.554	-0.32	0.09	0.48	1.64	2.22	-1.04	46101	0.066	-0.028	0.712	-0.057	0.051	3.223
7.768	0.067	-0.038	0.554	-0.26	0.07	0.47	-0.17	1.83	-1.08	46099	0.066	-0.029	0.712	-0.057	0.050	3.211
7.780	0.067	-0.031	0.554	-0.30	0.05	0.46	1.73	2.40	-0.90	46090	0.066	-0.029	0.711	-0.057	0.050	3.199
7.789	0.063	-0.038	0.553	-0.25	0.04	0.45	0.90	2.50	-0.84	46092	0.065	-0.029	0.711	-0.057	0.050	3.187
7.799	0.071	-0.038	0.553	-0.24	-0.02	0.44	-0.14	2.67	-0.86	46248	0.066	-0.030	0.710	-0.057	0.049	3.175
7.812	0.067	-0.038	0.554	-0.24	-0.02	0.43	0.15	2.75	-0.51	46251	0.066	-0.030	0.710	-0.057	0.049	3.163
7.819	0.069	-0.035	0.554	-0.25	-0.06	0.42	1.01	2.61	-0.75	46250	0.066	-0.031	0.709	-0.057	0.049	3.151
7.828	0.070	-0.037	0.554	-0.24	-0.09	0.42	-0.78	2.15	-0.54	46266	0.066	-0.031	0.709	-0.057	0.049	3.140
7.839	0.064	-0.046	0.554	-0.20	-0.09	0.41	-0.22	0.69	-0.95	46275	0.066	-0.032	0.708	-0.057	0.048	3.128
7.848	0.064	-0.046	0.554	-0.20	-0.09	0.40	0.50	-0.00	-0.79	46248	0.065	-0.034	0.708	-0.057	0.047	3.116
7.860	0.064	-0.046	0.554	-0.19	-0.09	0.39	0.01	-0.78	-0.61	46244	0.065	-0.035	0.707	-0.057	0.047	3.105
7.868	0.064	-0.047	0.554	-0.19	-0.08	0.39	-0.39	-1.24	-0.19	46252	0.065	-0.036	0.707	-0.057	0.046	3.093
7.878	0.064	-0.047	0.555	-0.19	-0.07	0.39	-2.17	-1.87	0.02	46256	0.064	-0.037	0.706	-0.057	0.046	3.082
7.888	0.066	-0.048	0.555	-0.20	-0.06	0.39	-2.18	-1.63	0.06	46205	0.064	-0.038	0.706	-0.057	0.045	3.070
7.899	0.066	-0.049	0.555	-0.21	-0.05	0.39	-2.12	-1.39	0.17	46206	0.064	-0.039	0.705	-0.057	0.045	3.059
7.913	0.065	-0.049	0.555	-0.24	-0.03	0.39	-2.20	-0.66	0.13	46207	0.064	-0.040	0.705	-0.057	0.044	3.047
7.917	0.065	-0.049	0.555	-0.26	-0.02	0.39	-2.90	0.24	0.21	46215	0.064	-0.040	0.705	-0.057	0.044	3.036
7.928	0.066	-0.051	0.556	-0.28	-0.02	0.39	-3.67	0.30	0.14	46077	0.064	-0.041	0.704	-0.057	0.043	3.025
7.937	0.066	-0.051	0.556	-0.31	-0.03	0.39	-3.71	0.75	0.21	46066	0.064	-0.042	0.704	-0.056	0.043	3.014
7.948	0.068	-0.050	0.556	-0.35	-0.05	0.40	-4.32	1.05	-0.17	46066	0.064	-0.043	0.704	-0.056	0.042	3.002
7.959	0.068	-0.050	0.556	-0.39	-0.06	0.39	-4.08	1.47	-0.11	46077	0.065	-0.043	0.703	-0.056	0.042	2.991
7.968	0.066	-0.056	0.558	-0.40	-0.06	0.39	-2.30	1.69	-0.24	46082	0.065	-0.044	0.703	-0.056	0.041	2.980
7.978	0.066	-0.056	0.558	-0.42	-0.07	0.39	-1.94	1.08	-0.47	45815	0.064	-0.046	0.703	-0.056	0.041	2.969
7.988	0.069	-0.056	0.558	-0.45	-0.10	0.38	-2.83	1.20	-0.38	45804	0.065	-0.046	0.703	-0.056	0.040	2.958
7.998	0.069	-0.056	0.558	-0.48	-0.11	0.38	-1.36	1.30	0.00	45808	0.065	-0.047	0.702	-0.056	0.040	2.947
8.011	0.066	-0.055	0.558	-0.49	-0.11	0.38	-1.01	0.66	0.37	45805	0.065	-0.048	0.702	-0.055	0.040	2.936
8.016	0.069	-0.055	0.559	-0.51	-0.13	0.38	-0.15	-0.07	0.80	45836	0.065	-0.048	0.702	-0.055	0.039	2.926
8.026	0.069	-0.055	0.559	-0.51	-0.13	0.39	-0.80	-0.80	0.70	45840	0.065	-0.049	0.701	-0.055	0.039	2.915
8.037	0.069	-0.055	0.559	-0.52	-0.12	0.40	-0.58	-1.86	1.23	45855	0.066	-0.049	0.701	-0.055	0.039	2.904
8.048	0.069	-0.056	0.559	-0.53	-0.11	0.41	-0.36	-2.61	1.42	45847	0.066	-0.050	0.700	-0.055	0.038	2.893
8.054	0.069	-0.056	0.559	-0.54	-0.09	0.42	-0.16	-2.59	1.67	45913	0.066	-0.050	0.700	-0.055	0.038	2.883
8.068	0.069	-0.056	0.559	-0.54	-0.06	0.44	0.43	-2.59	1.34	45926	0.066	-0.051	0.699	-0.054	0.038	2.872
8.077	0.069	-0.056	0.559	-0.53	-0.04	0.45	2.49	-2.07	0.96	45935	0.066	-0.051	0.699	-0.054	0.037	2.861
8.088	0.069	-0.056	0.559	-0.51	-0.02	0.46	2.22	-0.37	1.07	45934	0.066	-0.051	0.698	-0.054	0.037	2.851
8.100	0.072	-0.056	0.558	-0.48	-0.02	0.47	1.72	-1.00	1.05	45942	0.067	-0.052	0.698	-0.054	0.037	2.840
8.106	0.072	-0.057	0.558	-0.47	-0.01	0.48	1.11	-0.33	1.10	46129	0.067	-0.052	0.697	-0.054	0.037	2.830
8.117	0.072	-0.057	0.559	-0.45	-0.01	0.49	1.28	0.22	0.77	46143	0.068	-0.052	0.697	-0.053	0.036	2.819
8.128	0.075	-0.054	0.559	-0.46	-0.03	0.50	2.42	0.27	0.71	46144	0.068	-0.052	0.696	-0.053	0.036	2.809
8.139	0.075	-0.054	0.558	-0.43	-0.03	0.51	1.96	0.44	0.30	46158	0.069	-0.052	0.695	-0.053	0.036	2.798
8.149	0.075	-0.054	0.558	-0.42	-0.04	0.51	2.19	0.17	0.16	46362	0.069	-0.052	0.694	-0.053	0.036	2.788
8.158	0.075	-0.052	0.558	-0.41	-0.04	0.51	2.97	-0.95	0.18	46373	0.070	-0.051	0.694	-0.052	0.036	2.778
8.166	0.077	-0.053	0.558	-0.38	-0.04	0.51	2.67	-0.86	0.11	46384	0.070	-0.051	0.693	-0.052	0.036	2.767
8.176	0.077	-0.053	0.557	-0.35	-0.03	0.52	1.66	-2.39	0.21	46412	0.071	-0.051	0.692	-0.052	0.036	2.757
8.189	0.077	-0.053	0.556	-0.33	-0.01	0.52	1.97	-4.09	0.25	46429	0.071	-0.051	0.692	-0.051	0.036	2.747
8.199	0.076	-0.048	0.556	-0.34	0.03	0.52	2.44	-3.73	0.79	46693	0.072	-0.050	0.691	-0.051	0.036	2.737
8.211	0.078	-0.051	0.556	-0.30	0.06	0.53	3.05	-3.67	0.43	46699	0.072	-0.050	0.690	-0.051	0.036	2.727
8.221	0.077	-0.049	0.556	-0.28	0.11	0.53	2.74	-3.52	0.39	46715	0.073	-0.049	0.689	-0.051	0.036	2.716
8.230	0.076	-0.052	0.556	-0.24	0.15	0.53	1.65	-3.57	0.16	46728	0.073	-0.049	0.689	-0.051	0.036	2.706
8.239	0.080	-0.050	0.556	-0.23	0.17	0.54	1.10	-3.01	0.32	46631	0.074	-0.049	0.688	-0.050	0.036	2.696
8.249	0.077	-0.050	0.556	-0.22	0.21	0.54	0.92	-1.87	0.19	46633	0.074	-0.049	0.687	-0.050	0.036	2.686
8.258	0.079	-0.050	0.556	-0.21	0.22	0.54	1.72	-0.86	0.02	46645	0.074	-0.048	0.687	-0.050	0.036	2.676
8.268	0.076	-0.051	0.556	-0.19	0.25	0.54	1.82	0.35	0.07	46652	0.074	-0.048	0.686	-0.050	0.035	2.667
8.281	0.078	-0.051	0.555	-0.17	0.23	0.54	2.26	1.38	0.19	46843	0.075	-0.048	0.685	-0.050	0.035	2.657
8.289	0.079	-0.051	0.554	-0.15	0.22	0.53	2.38	1.66	0.40	46836	0.075	-0.048	0.685	-0.049	0.035	2.647
8.299	0.079	-0.049	0.554	-0.14	0.20	0.54	1.77	2.03	-0.39	46842	0.075	-0.048	0.684	-0.049	0.035	2.637
8.310	0.082	-0.050	0.554	-0.12	0.16	0.53	2.15	2.02	0.10	46856	0.076	-0.048	0.683	-0.049	0.035	2.627
8.322	0.082	-0.050	0.552	-0.10	0.14	0.54	1.71	0.93	0.61	46847	0.076	-0.047	0.682	-0.049	0.035	2.617
8.327	0.082	-0.050	0.552	-0.08	0.13	0.54	1.97	0.29	0.39	47160	0.077	-0.047	0.681	-0.048	0.035	2.608
8.337	0.082	-0.049	0.552	-0.06	0.13	0.54	-1.77	0.24	-0.44	47168	0.077	-0.047	0.680	-0.048	0.035	2.598
8.348	0.085	-0.049	0.552	-0.09	0.12	0.54	-9.87	-1.25	-0.71	47163	0.078	-0.047	0.680	-0.048	0.034	2.588
8.358	0.082	-0.047	0.551	-0.20	0.15	0.54	-20.18	-1.49	-0.47	47148	0.078	-0.046	0.679	-0.048	0.034	2.578
8.369	0.081	-0.045	0.551	-0.42	0.17	0.53	-33.35	-1.68	-0.24	47260	0.079	-0.046	0.678	-0.047	0.034	2.569
8.379	0.083	-0.040	0.551	-0.78	0.18	0.53	-44.87	-2.69	-0.09	47265	0.079	-0.045	0.677	-0.047	0.035	2.559
8.390	0.082	-0.038	0.550	-1.24	0.21	0.53	-54.97	-2.43	-0.65	47280	0.079	-0.043	0.676	-0.047	0.035	2.550
8.445	0.082	-0.037	0.550	-1.79	0.23	0.52	-61.72	-2.21	-0.60	47285	0.079	-0.042	0.676	-0.047	0.035	2.540
8.448	0.081	-0.039	0.550	-2.40	0.25	0.52	-64.34	-2.71	-0.18	47275	0.080	-0.041	0.675	-0.047	0.035	2.531
8.452	0.083	-0.041	0.550	-3.03	0.27	0.51	-64.21	-2.65	-0.36	47190	0.080	-0.041	0.674	-0.047	0.035	2.521
8.455	0.085	-0.042	0.550	-3.66	0.28	0.51	-59.15	-0.92	0.06	47165	0.080	-0.040	0.674	-0.047	0.035	2.512
8.456	0.084	-0.043	0.550	-4.25	0.29	0.51	-51.95	-0.86	0.21	47137	0.081	-0.040	0.673	-0.046	0.035	2.502
8.462	0.084	-0.042	0.554	-4.76	0.30	0.51	-41.62	0.12	0.43	47109	0.081	-0.040	0.673	-0.046	0.035	2.493
8.466	0.084	-0.044	0.554	-5.17	0.30	0.52	-32.11	1.18	0.33	46208	0.081	-0.039	0.674	-0.046	0.035	2.484
8.468	0.086	-0.038	0.554	-5.51	0.27	0.52	-20.88	2.24	-0.09	46150	0.082	-0.038	0.674	-0.046	0.035	2.475
8.478	0.087	-0.046	0.555	-5.67	0.26	0.51	-9.63	2.52	0.21	46091	0.082	-0.038	0.673	-0.046	0.034	2.466
8.487	0.087	-0.046	0.555	-5.77	0.24	0.51	-0.75	1.33	-0.02	46047	0.083	-0.038	0.673	-0.045	0.034	2.457
8.497	0.087	-0.045	0.557	-5.77	0.22	0.51	5.84	1.42	0.39	45581	0.083	-0.038	0.674	-0.045	0.034	2.448
8.508	0.087	-0.044	0.558	-5.71	0.21	0.51	10.15	0.37	0.36	45524	0.084	-0.038	0.674	-0.045	0.033	2.440
8.518	0.087	-0.037	0.558	-5.64	0.20	0.52	13.50	-1.09	0.57	45485	0.084	-0.037	0.674	-0.045	0.033	2.431
8.528	0.087	-0.036	0.558	-5.51	0.21	0.52	13.71	-2.28	0.32	45457	0.084	-0.035	0.674	-0.045	0.033	2.422
8.538	0.086	-0.038	0.557	-5.36	0.24	0.53	13.49	-4.15	0.41	45429	0.084	-0.034	0.673	-0.045	0.033	2.413
8.549	0.085	-0.032	0.557	-5.24	0.29	0.54	12.12	-5.56	0.24	45796	0.084	-0.033	0.673	-0.045	0.033	2.404
8.555	0.085	-0.031	0.557	-5.13	0.35	0.54	9.33	-6.83	0.10	45796	0.085	-0.031	0.673	-0.045	0.033	2.396
8.565	0.086	-0.029	0.557	-5.03	0.42	0.55	6.49	-8.24	-0.11	45809	0.085	-0.029	0.672	-0.045	0.033	2.387
8.578	0.086	-0.023	0.552	-5.00	0.50	0.55	4.97	-8.53	0.34	45822	0.085	-0.027	0.671	-0.044	0.033	2.378
8.588	0.087	-0.021	0.552	-4.96	0.58	0.56	2.44	-9.14	-0.31	46982	0.085	-0.024	0.670	-0.044	0.033	2.369
8.597	0.090	-0.016	0.551	-4.94	0.66	0.57	1.25	-8.41	0.25	47024	0.085	-0.022	0.668	-0.044	0.034	2.360
8.607	0.088	-0.016	0.551	-4.92	0.75	0.58	2.14	-6.99	-0.34	47073	0.086	-0.019	0.667	-0.044	0.034	2.351
8.619	0.088	-0.014	0.551	-4.90	0.82	0.58	3.45	-5.82	-0.55	47111	0.086	-0.017	0.666	-0.044	0.034	2.343
8.630	0.091	-0.010	0.543	-4.88	0.86	0.59	6.07	-4.76	-0.35	47133	0.087	-0.014	0.664	-0.044	0.034	2.333
8.639	0.090	-0.007	0.542	-4.83	0.91	0.58	8.72	-2.60	-0.79	48711	0.087	-0.011	0.662	-0.044	0.034	2.324
8.657	0.090	-0.006	0.541	-4.73	0.94	0.58	11.22	-0.83	-1.16	48769	0.088	-0.008	0.660	-0.043	0.034	2.315
8.694	0.090	-0.002	0.541	-4.62	0.95	0.57	14.26	0.85	-0.92	48820	0.088	-0.005	0.658	-0.043	0.035	2.306
8.698	0.090	-0.003	0.536	-4.47	0.94	0.56	16.85	2.71	-1.59	48848	0.088	-0.003	0.656	-0.043	0.035	2.297
8.701	0.093	-0.009	0.535	-4.26	0.90	0.54	19.27	3.66	-0.78	49670	0.089	-0.001	0.654	-0.043	0.034	2.288
8.704	0.091	-0.006	0.534	-4.07	0.87	0.53	19.81	4.03	-0.92	49724	0.089	0.001	0.652	-0.043	0.034	2.279
8.707	0.092	-0.001	0.533	-3.89	0.83	0.52	20.54	2.55	-0.94	49758	0.090	0.003	0.651	-0.043	0.034	2.270
8.709	0.093	0.003	0.533	-3.69	0.80	0.51	20.74	1.77	-1.73	49764	0.090	0.006	0.649	-0.043	0.034	2.261
8.714	0.093	-0.001	0.527	-3.46	0.78	0.49	20.77	-0.74	-1.40	50636	0.091	0.007	0.647	-0.043	0.033	2.252
8.731	0.093	0.001	0.526	-3.26	0.79	0.48	20.54	-2.55	-1.44	50655	0.091	0.009	0.645	-0.042	0.033	2.243
8.740	0.092	0.007	0.525	-3.07	0.83	0.46	18.11	-5.08	-1.50	50678	0.091	0.012	0.643	-0.042	0.032	2.234
8.746	0.092	0.012	0.524	-2.90	0.88	0.45	16.45	-6.26	-1.64	50680	0.091	0.015	0.642	-0.042	0.032	2.225
8.754	0.091	0.008	0.522	-2.70	0.95	0.44	14.98	-7.14	-1.24	50660	0.092	0.017	0.640	-0.042	0.032	2.216
8.765	0.089	0.011	0.521	-2.55	1.03	0.43	13.83	-6.86	-0.96	50808	0.091	0.019	0.639	-0.043	0.031	2.207
8.777	0.088	0.017	0.520	-2.42	1.10	0.42	12.81	-6.75	-0.86	50778	0.091	0.021	0.638	-0.043	0.031	2.199
8.785	0.092	0.020	0.520	-2.30	1.15	0.42	12.60	-6.35	-1.07	50732	0.092	0.024	0.636	-0.043	0.031	2.190
8.798	0.089	0.017	0.522	-2.13	1.23	0.40	13.25	-5.03	-0.88	50672	0.091	0.026	0.636	-0.043	0.031	2.181
8.811	0.090	0.020	0.521	-2.00	1.27	0.40	13.90	-2.57	-1.34	49993	0.091	0.029	0.635	-0.043	0.030	2.172
8.819	0.090	0.027	0.521	-1.88	1.30	0.39	13.97	0.03	-1.04	49891	0.091	0.031	0.635	-0.043	0.030	2.164
8.832	0.090	0.032	0.521	-1.75	1.30	0.38	13.06	1.10	-1.57	49782	0.092	0.035	0.635	-0.043	0.030	2.155
8.837	0.090	0.030	0.520	-1.59	1.28	0.36	13.07	2.94	-0.87	49661	0.092	0.037	0.634	-0.043	0.029	2.147
8.847	0.091	0.036	0.527	-1.45	1.25	0.35	13.69	4.97	-1.50	49543	0.092	0.040	0.635	-0.043	0.029	2.138
8.858	0.092	0.039	0.527	-1.31	1.19	0.34	14.04	3.73	-0.85	48112	0.092	0.043	0.636	-0.043	0.029	2.130
8.867	0.093	0.042	0.527	-1.17	1.15	0.33	13.96	2.38	-0.94	47951	0.092	0.046	0.636	-0.043	0.029	2.122
8.878	0.093	0.039	0.528	-1.00	1.12	0.32	13.93	1.24	-1.65	47804	0.093	0.048	0.637	-0.043	0.028	2.114
8.888	0.093	0.046	0.534	-0.87	1.11	0.30	12.94	-0.37	-0.99	47667	0.093	0.051	0.638	-0.043	0.028	2.106
8.898	0.093	0.050	0.534	-0.74	1.11	0.29	12.89	-2.29	-1.17	46461	0.094	0.054	0.639	-0.043	0.028	2.098
8.909	0.091	0.053	0.535	-0.61	1.14	0.27	12.54	-3.18	-1.26	46305	0.094	0.057	0.640	-0.043	0.028	2.090
8.917	0.091	0.053	0.536	-0.47	1.17	0.26	11.37	-4.90	-0.87	46159	0.094	0.060	0.641	-0.043	0.027	2.082
8.928	0.092	0.058	0.537	-0.36	1.21	0.25	11.00	-5.33	-1.24	46017	0.094	0.063	0.642	-0.044	0.027	2.074
8.940	0.092	0.062	0.542	-0.24	1.26	0.24	10.22	-5.02	-1.38	44961	0.094	0.066	0.644	-0.044	0.027	2.066
8.945	0.091	0.067	0.544	-0.15	1.31	0.22	8.23	-6.06	-1.53	44815	0.094	0.069	0.645	-0.044	0.027	2.058
8.959	0.092	0.066	0.545	-0.04	1.36	0.21	8.40	-4.73	-2.03	44678	0.094	0.072	0.646	-0.044	0.026	2.051
8.969	0.092	0.070	0.546	0.04	1.41	0.19	7.50	-5.51	-2.01	44555	0.094	0.075	0.647	-0.044	0.026	2.043
8.977	0.091	0.071	0.550	0.14	1.46	0.16	7.02	-4.11	-2.15	44442	0.094	0.078	0.648	-0.044	0.026	2.036
8.989	0.090	0.080	0.552	0.18	1.50	0.14	6.84	-2.45	-1.63	43737	0.094	0.081	0.650	-0.044	0.026	2.028
8.997	0.092	0.080	0.553	0.27	1.51	0.13	5.75	-1.08	-1.96	43630	0.094	0.084	0.651	-0.045	0.026	2.021
9.010	0.092	0.081	0.554	0.34	1.52	0.11	5.56	0.09	-1.82	43536	0.095	0.087	0.652	-0.045	0.025	2.013
9.017	0.091	0.082	0.556	0.40	1.52	0.09	4.75	0.97	-1.67	43452	0.095	0.089	0.653	-0.045	0.025	2.006
9.025	0.091	0.090	0.558	0.43	1.51	0.08	4.78	0.72	-1.49	43299	0.095	0.093	0.654	-0.045	0.025	1.999
9.042	0.090	0.093	0.559	0.48	1.50	0.06	6.06	2.31	-1.76	43255	0.095	0.096	0.655	-0.045	0.025	1.991
9.048	0.092	0.099	0.560	0.53	1.46	0.05	6.68	2.66	-1.56	43212	0.095	0.099	0.655	-0.045	0.025	1.984
9.058	0.091	0.098	0.562	0.62	1.43	0.03	6.94	1.53	-0.85	43168	0.095	0.102	0.656	-0.046	0.024	1.977
9.068	0.092	0.101	0.561	0.69	1.41	0.02	8.29	2.15	-0.72	43138	0.095	0.105	0.656	-0.046	0.024	1.970
9.078	0.092	0.105	0.562	0.76	1.39	0.02	5.44	1.91	-1.01	43543	0.095	0.108	0.656	-0.046	0.024	1.963
9.086	0.091	0.112	0.563	0.79	1.37	0.01	4.37	1.12	-0.95	43547	0.095	0.112	0.656	-0.046	0.024	1.956
9.099	0.090	0.116	0.564	0.84	1.36	0.00	4.91	2.20	-0.67	43549	0.095	0.115	0.656	-0.046	0.024	1.949
9.107	0.091	0.117	0.567	0.90	1.33	-0.00	6.09	0.46	-0.98	43565	0.095	0.119	0.657	-0.047	0.024	1.942
9.117	0.091	0.117	0.568	0.98	1.32	-0.02	3.94	0.55	-1.18	43294	0.095	0.121	0.657	-0.047	0.024	1.935
9.128	0.091	0.124	0.569	0.99	1.32	-0.02	3.87	-0.08	-0.56	43318	0.095	0.125	0.657	-0.047	0.024	1.928
9.141	0.088	0.126	0.570	1.04	1.33	-0.03	2.68	-1.46	-0.88	43343	0.095	0.128	0.658	-0.047	0.024	1.922
9.148	0.087	0.131	0.571	1.06	1.34	-0.04	2.71	-1.32	-0.41	43382	0.094	0.131	0.658	-0.048	0.024	1.915
9.155	0.087	0.131	0.573	1.10	1.35	-0.05	1.77	-0.56	-0.27	43113	0.094	0.134	0.658	-0.048	0.023	1.908
9.168	0.087	0.132	0.574	1.13	1.35	-0.05	0.45	-0.41	-1.03	43148	0.094	0.137	0.659	-0.048	0.023	1.902
9.174	0.087	0.132	0.575	1.15	1.35	-0.06	-0.11	0.45	-0.92	43191	0.094	0.139	0.659	-0.049	0.023	1.896
9.184	0.087	0.144	0.576	1.09	1.34	-0.07	-0.65	0.03	-0.97	43255	0.093	0.143	0.659	-0.049	0.023	1.889
9.198	0.087	0.147	0.576	1.09	1.34	-0.08	-1.42	-0.47	-0.74	43325	0.093	0.146	0.659	-0.049	0.023	1.883
9.208	0.087	0.150	0.576	1.07	1.34	-0.09	-1.13	-0.34	-1.29	43598	0.093	0.150	0.659	-0.050	0.023	1.877
9.218	0.087	0.151	0.577	1.08	1.34	-0.10	-0.48	-2.39	-1.10	43674	0.093	0.153	0.659	-0.050	0.023	1.871
9.225	0.087	0.152	0.578	1.09	1.36	-0.11	-0.11	-3.48	-0.80	43755	0.093	0.156	0.659	-0.050	0.023	1.864
9.240	0.086	0.153	0.578	1.10	1.39	-0.12	-0.25	-3.97	-1.41	43829	0.092	0.158	0.658	-0.051	0.022	1.858
9.246	0.086	0.156	0.579	1.10	1.43	-0.14	0.78	-4.92	-1.21	43918	0.092	0.161	0.658	-0.051	0.022	1.852
9.258	0.085	0.159	0.579	1.11	1.48	-0.15	-0.05	-4.75	-1.62	44006	0.092	0.163	0.658	-0.051	0.022	1.846
9.267	0.085	0.166	0.579	1.08	1.53	-0.16	0.53	-4.52	-1.73	44087	0.092	0.167	0.658	-0.052	0.022	1.840
9.278	0.085	0.168	0.580	1.09	1.57	-0.18	0.92	-4.82	-1.16	44166	0.091	0.170	0.657	-0.052	0.022	1.835
9.288	0.084	0.172	0.578	1.10	1.62	-0.19	0.46	-3.64	-1.28	44264	0.091	0.173	0.657	-0.052	0.022	1.829
9.297	0.083	0.175	0.578	1.11	1.65	-0.21	0.92	-2.36	-1.18	44699	0.091	0.176	0.656	-0.053	0.022	1.823
9.305	0.083	0.177	0.578	1.12	1.67	-0.22	-0.17	-1.22	-1.21	44798	0.091	0.179	0.655	-0.053	0.022	1.817
9.317	0.083	0.179	0.578	1.12	1.67	-0.24	0.62	0.86	-1.21	44899	0.090	0.182	0.655	-0.053	0.021	1.811
9.328	0.082	0.180	0.578	1.14	1.66	-0.25	-0.55	2.17	-1.12	45010	0.090	0.184	0.654	-0.054	0.021	1.805
9.336	0.081	0.181	0.578	1.15	1.64	-0.26	-0.53	3.29	-1.30	45134	0.090	0.186	0.653	-0.054	0.021	1.800
9.348	0.082	0.186	0.578	1.12	1.59	-0.27	-2.80	4.86	-1.41	45219	0.089	0.189	0.653	-0.055	0.021	1.794
9.356	0.082	0.187	0.578	1.11	1.54	-0.29	-2.05	5.57	-1.55	45328	0.089	0.192	0.652	-0.055	0.021	1.788
9.369	0.082	0.191	0.578	1.08	1.48	-0.30	-4.28	4.15	-2.02	45438	0.089	0.194	0.651	-0.055	0.020	1.783
9.379	0.082	0.193	0.576	1.05	1.43	-0.32	-4.21	4.63	-1.66	45721	0.089	0.197	0.650	-0.056	0.020	1.777
9.388	0.081	0.193	0.576	1.02	1.39	-0.34	-6.63	2.84	-2.03	45821	0.088	0.199	0.650	-0.056	0.020	1.771
9.398	0.080	0.195	0.576	0.95	1.36	-0.36	-8.99	1.49	-2.13	45936	0.088	0.201	0.649	-0.056	0.020	1.766
9.403	0.078	0.197	0.575	0.87	1.36	-0.38	-8.66	-1.81	-2.17	46044	0.087	0.203	0.648	-0.057	0.019	1.760
9.419	0.077	0.199	0.582	0.78	1.36	-0.40	-8.54	-3.13	-2.00	46136	0.087	0.205	0.648	-0.057	0.019	1.755
9.426	0.077	0.201	0.582	0.70	1.39	-0.43	-9.21	-4.37	-2.49	44902	0.086	0.207	0.648	-0.058	0.019	1.750
9.438	0.075	0.204	0.582	0.61	1.43	-0.45	-7.72	-4.64	-2.17	44983	0.086	0.209	0.648	-0.058	0.018	1.745
9.449	0.075	0.205	0.582	0.54	1.48	-0.48	-7.74	-6.45	-1.94	45043	0.085	0.211	0.648	-0.059	0.018	1.740
9.458	0.073	0.207	0.586	0.46	1.54	-0.50	-7.71	-4.36	-1.55	45101	0.084	0.213	0.649	-0.060	0.018	1.735
9.466	0.071	0.211	0.586	0.38	1.58	-0.51	-6.28	-3.54	-1.51	44423	0.083	0.216	0.649	-0.060	0.018	1.731
9.476	0.070	0.213	0.586	0.32	1.62	-0.53	-6.08	-2.12	-1.13	44482	0.082	0.218	0.649	-0.061	0.017	1.726
9.489	0.068	0.218	0.586	0.24	1.64	-0.54	-4.61	-0.50	-0.70	44543	0.081	0.220	0.649	-0.061	0.017	1.721
9.497	0.067	0.220	0.585	0.19	1.64	-0.54	-3.46	1.23	-0.89	44583	0.080	0.223	0.649	-0.062	0.017	1.716
9.507	0.067	0.225	0.589	0.15	1.62	-0.55	-2.32	3.17	-0.68	44629	0.079	0.225	0.650	-0.063	0.017	1.711
9.517	0.066	0.225	0.589	0.15	1.58	-0.56	-1.08	3.91	-0.87	44020	0.078	0.228	0.650	-0.063	0.017	1.707
9.528	0.066	0.227	0.589	0.14	1.54	-0.57	-0.23	3.30	-0.51	44065	0.077	0.230	0.650	-0.064	0.017	1.702
9.539	0.064	0.230	0.589	0.13	1.51	-0.58	0.37	3.42	-0.69	44106	0.076	0.233	0.650	-0.065	0.017	1.698
9.549	0.059	0.232	0.590	0.14	1.50	-0.58	2.82	3.75	-0.56	44153	0.075	0.235	0.650	-0.065	0.016	1.693
9.558	0.057	0.234	0.590	0.17	1.47	-0.59	1.55	2.09	-0.91	44148	0.073	0.237	0.650	-0.066	0.016	1.688
9.564	0.055	0.237	0.589	0.19	1.44	-0.60	3.71	1.31	-0.71	44207	0.072	0.240	0.650	-0.067	0.016	1.684
9.578	0.056	0.239	0.589	0.23	1.42	-0.61	3.97	0.66	-0.87	44264	0.070	0.242	0.649	-0.068	0.016	1.679
9.588	0.053	0.244	0.589	0.25	1.42	-0.61	3.22	-0.07	-0.66	44328	0.069	0.245	0.649	-0.069	0.016	1.675
9.597	0.052	0.246	0.589	0.29	1.42	-0.62	1.01	-0.58	-0.77	44368	0.067	0.247	0.648	-0.069	0.016	1.670
9.607	0.052	0.248	0.589	0.30	1.41	-0.63	0.78	-1.08	-0.62	44468	0.066	0.250	0.648	-0.070	0.016	1.666
9.616	0.051	0.249	0.589	0.32	1.42	-0.64	0.98	-0.11	-0.25	44553	0.065	0.252	0.647	-0.071	0.016	1.661
9.627	0.050	0.250	0.589	0.33	1.42	-0.64	-0.85	-0.23	-0.42	44633	0.064	0.254	0.647	-0.071	0.015	1.657
9.637	0.048	0.252	0.587	0.32	1.43	-0.65	0.51	0.72	-0.51	44721	0.062	0.256	0.646	-0.072	0.015	1.653
9.651	0.048	0.253	0.587	0.34	1.41	-0.65	-0.77	0.86	-0.65	45082	0.061	0.258	0.645	-0.073	0.015	1.648
9.658	0.047	0.254	0.586	0.34	1.39	-0.66	0.99	1.28	-0.90	45177	0.060	0.260	0.644	-0.073	0.015	1.644
9.666	0.042	0.259	0.586	0.33	1.40	-0.67	0.01	1.32	-1.29	45263	0.058	0.262	0.643	-0.074	0.014	1.639
9.677	0.044	0.259	0.583	0.35	1.36	-0.68	0.11	1.94	-1.05	45361	0.057	0.264	0.642	-0.075	0.014	1.635
9.688	0.042	0.261	0.582	0.36	1.34	-0.69	0.38	2.23	-0.85	45910	0.056	0.266	0.641	-0.076	0.014	1.631
9.695	0.039	0.267	0.582	0.34	1.33	-0.70	-0.21	2.63	-0.75	46019	0.054	0.269	0.639	-0.076	0.014	1.626
9.707	0.039	0.268	0.581	0.35	1.29	-0.71	1.02	0.71	-0.44	46107	0.053	0.271	0.638	-0.077	0.014	1.622
9.716	0.037	0.268	0.580	0.37	1.28	-0.72	2.36	1.41	-0.63	46200	0.051	0.273	0.637	-0.078	0.013	1.617
9.727	0.036	0.269	0.577	0.41	1.27	-0.72	2.90	-0.44	-0.49	46716	0.050	0.275	0.636	-0.079	0.013	1.613
9.737	0.032	0.271	0.576	0.44	1.28	-0.73	3.45	1.10	-0.99	46799	0.048	0.277	0.634	-0.079	0.013	1.609
9.748	0.034	0.272	0.575	0.49	1.24	-0.75	3.35	0.44	-0.98	46866	0.047	0.278	0.633	-0.080	0.012	1.604
9.757	0.033	0.272	0.574	0.53	1.23	-0.76	1.87	0.14	-1.24	46945	0.046	0.280	0.631	-0.081	0.012	1.600
9.767	0.034	0.274	0.572	0.55	1.21	-0.77	0.31	0.58	-1.45	47027	0.045	0.281	0.630	-0.081	0.012	1.596
9.778	0.033	0.280	0.571	0.53	1.20	-0.78	-0.84	0.74	-1.26	47332	0.044	0.283	0.628	-0.082	0.012	1.591
9.787	0.031	0.279	0.570	0.54	1.20	-0.80	-1.88	0.76	-1.62	47404	0.042	0.285	0.627	-0.082	0.011	1.587
9.798	0.031	0.282	0.569	0.51	1.17	-0.82	-2.87	1.21	-1.30	47472	0.042	0.287	0.626	-0.083	0.011	1.583
9.810	0.029	0.284	0.566	0.48	1.16	-0.83	-4.10	1.47	-1.31	47546	0.040	0.289	0.624	-0.083	0.011	1.578
9.818	0.024	0.287	0.565	0.44	1.17	-0.84	-4.49	1.28	-1.35	47979	0.039	0.291	0.622	-0.084	0.011	1.574
9.828	0.022	0.287	0.564	0.41	1.16	-0.86	-3.79	2.21	-0.74	48039	0.037	0.293	0.621	-0.085	0.010	1.570
9.835	0.022	0.292	0.563	0.36	1.12	-0.86	-3.45	1.76	-1.08	48083	0.036	0.295	0.619	-0.086	0.010	1.565
9.847	0.020	0.293	0.559	0.32	1.11	-0.87	-2.95	2.16	-1.19	48123	0.034	0.296	0.618	-0.086	0.010	1.561
9.856	0.017	0.295	0.558	0.29	1.09	-0.88	-1.03	1.68	-0.97	48546	0.032	0.298	0.616	-0.087	0.010	1.556
9.866	0.015	0.296	0.557	0.29	1.07	-0.89	0.99	0.24	-1.12	48584	0.031	0.300	0.615	-0.088	0.010	1.552
9.876	0.012	0.297	0.556	0.31	1.08	-0.91	2.87	-1.91	-0.98	48605	0.029	0.302	0.613	-0.089	0.009	1.548
9.888	0.012	0.297	0.555	0.35	1.09	-0.92	4.63	-1.99	-1.28	48612	0.027	0.304	0.612	-0.090	0.009	1.543
9.895	0.011	0.299	0.550	0.40	1.10	-0.93	5.23	-2.61	-1.23	48619	0.025	0.305	0.610	-0.090	0.009	1.539
9.908	0.010	0.302	0.549	0.44	1.12	-0.95	5.49	-3.44	-0.95	49238	0.024	0.307	0.608	-0.091	0.008	1.534
9.918	0.006	0.308	0.548	0.47	1.17	-0.95	4.67	-2.75	-0.88	49256	0.022	0.309	0.607	-0.092	0.008	1.530
9.926	0.004	0.310	0.546	0.52	1.19	-0.96	3.48	-1.84	-0.73	49268	0.020	0.311	0.605	-0.093	0.008	1.525
9.938	0.004	0.312	0.545	0.55	1.19	-0.97	1.83	-1.82	-0.73	49276	0.018	0.313	0.604	-0.093	0.008	1.521
9.948	0.000	0.312	0.544	0.59	1.22	-0.98	0.01	-0.33	-1.43	49288	0.016	0.315	0.602	-0.094	0.008	1.517
9.961	-0.002	0.314	0.543	0.58	1.22	-0.99	-1.92	0.85	-1.18	49265	0.014	0.317	0.601	-0.095	0.008	1.512
9.967	-0.004	0.318	0.542	0.55	1.21	-1.00	-2.97	1.92	-1.16	49231	0.012	0.319	0.600	-0.096	0.008	1.508
9.978	-0.006	0.320	0.541	0.52	1.19	-1.01	-3.86	3.48	-1.38	49191	0.010	0.321	0.599	-0.097	0.008	1.503
9.987	-0.011	0.321	0.539	0.48	1.17	-1.02	-4.58	4.19	-0.63	49270	0.008	0.323	0.598	-0.098	0.008	1.499
9.998	-0.013	0.323	0.538	0.44	1.13	-1.03	-4.51	4.84	-0.66	49232	0.005	0.325	0.596	-0.098	0.008	1.494
10.007	-0.016	0.325	0.537	0.39	1.08	-1.04	-5.17	5.67	-0.50	49195	0.003	0.327	0.595	-0.099	0.008	1.490
10.017	-0.016	0.329	0.536	0.32	1.01	-1.04	-4.73	5.56	-0.43	49148	0.001	0.329	0.594	-0.100	0.007	1.486
10.027	-0.016	0.329	0.533	0.29	0.94	-1.05	-3.37	5.67	-0.74	49095	-0.001	0.331	0.593	-0.101	0.007	1.481
10.038	-0.017	0.330	0.532	0.26	0.87	-1.05	-1.93	5.58	-0.95	49439	-0.003	0.333	0.592	-0.102	0.007	1.477
10.046	-0.022	0.331	0.531	0.25	0.83	-1.06	-0.10	4.26	-1.09	49396	-0.005	0.335	0.591	-0.103	0.007	1.472
10.059	-0.024	0.333	0.531	0.25	0.79	-1.07	1.51	2.53	-1.67	49335	-0.008	0.337	0.590	-0.103	0.007	1.467
10.067	-0.026	0.335	0.531	0.27	0.77	-1.09	3.07	0.92	-1.96	49260	-0.010	0.338	0.589	-0.104	0.007	1.463
10.077	-0.032	0.337	0.530	0.30	0.78	-1.11	4.54	-0.30	-2.16	48954	-0.012	0.340	0.588	-0.105	0.007	1.459
10.084	-0.034	0.339	0.530	0.34	0.79	-1.13	4.69	-2.62	-2.26	48876	-0.015	0.342	0.588	-0.106	0.006	1.454
10.098	-0.038	0.345	0.529	0.36	0.82	-1.15	4.48	-2.47	-2.98	48797	-0.018	0.344	0.587	-0.107	0.007	1.450
10.107	-0.037	0.346	0.529	0.42	0.82	-1.18	3.74	-2.56	-2.94	48718	-0.020	0.346	0.587	-0.108	0.006	1.445
10.116	-0.038	0.344	0.527	0.47	0.84	-1.22	2.30	-1.84	-3.67	48627	-0.022	0.348	0.586	-0.109	0.006	1.441
10.126	-0.040	0.346	0.526	0.50	0.85	-1.25	0.17	-1.95	-3.59	48799	-0.025	0.350	0.585	-0.110	0.006	1.436
10.138	-0.042	0.347	0.526	0.50	0.87	-1.29	-0.12	0.67	-3.71	48726	-0.027	0.351	0.585	-0.110	0.006	1.432
10.148	-0.046	0.348	0.525	0.51	0.87	-1.33	-1.64	0.70	-3.79	48646	-0.029	0.353	0.584	-0.111	0.006	1.428
10.157	-0.046	0.348	0.525	0.51	0.84	-1.37	-2.55	2.11	-3.00	48561	-0.032	0.354	0.583	-0.112	0.005	1.423
10.167	-0.048	0.349	0.525	0.48	0.82	-1.40	-2.02	3.73	-2.89	48486	-0.034	0.355	0.583	-0.113	0.005	1.419
10.178	-0.049	0.348	0.524	0.48	0.78	-1.43	-1.96	4.04	-2.84	48398	-0.036	0.356	0.582	-0.113	0.005	1.414
10.187	-0.052	0.353	0.524	0.44	0.74	-1.45	-1.83	3.90	-2.67	48310	-0.038	0.357	0.582	-0.114	0.004	1.410
10.198	-0.054	0.354	0.523	0.42	0.70	-1.48	-2.03	2.24	-2.25	48216	-0.040	0.359	0.582	-0.115	0.004	1.406
10.205	-0.052	0.356	0.523	0.40	0.65	-1.51	-0.42	2.76	-2.08	48267	-0.042	0.360	0.581	-0.115	0.004	1.401
10.217	-0.053	0.356	0.523	0.42	0.61	-1.53	1.65	1.48	-1.94	48188	-0.044	0.361	0.581	-0.116	0.004	1.397
10.227	-0.058	0.355	0.523	0.45	0.61	-1.55	3.69	0.05	-2.06	48109	-0.046	0.362	0.580	-0.116	0.003	1.392
10.239	-0.058	0.354	0.523	0.51	0.59	-1.57	4.97	-1.11	-2.09	48019	-0.047	0.363	0.580	-0.117	0.003	1.388
10.246	-0.061	0.356	0.522	0.56	0.61	-1.60	5.78	-2.31	-2.01	47924	-0.049	0.364	0.580	-0.117	0.002	1.384
10.255	-0.066	0.363	0.522	0.57	0.65	-1.61	5.77	-3.34	-2.21	47966	-0.052	0.365	0.579	-0.118	0.002	1.379
10.268	-0.065	0.363	0.522	0.64	0.67	-1.64	5.85	-4.87	-2.16	47891	-0.054	0.367	0.579	-0.119	0.002	1.375
10.276	-0.068	0.368	0.522	0.68	0.72	-1.66	5.80	-4.70	-2.36	47812	-0.056	0.369	0.579	-0.119	0.002	1.371
10.286	-0.069	0.367	0.522	0.75	0.76	-1.68	4.02	-4.60	-2.49	47731	-0.058	0.370	0.579	-0.120	0.002	1.366
10.298	-0.070	0.367	0.523	0.80	0.80	-1.71	2.28	-3.82	-2.84	47591	-0.060	0.371	0.579	-0.121	0.002	1.362
10.307	-0.071	0.366	0.523	0.84	0.83	-1.74	0.43	-4.14	-2.99	47515	-0.061	0.372	0.579	-0.121	0.001	1.358
10.318	-0.071	0.365	0.523	0.87	0.85	-1.77	-1.60	-4.57	-3.06	47439	-0.063	0.373	0.578	-0.121	0.001	1.354
10.328	-0.071	0.366	0.523	0.85	0.87	-1.81	-4.13	-4.92	-2.95	47362	-0.064	0.374	0.578	-0.122	0.001	1.350
10.337	-0.074	0.366	0.524	0.82	0.92	-1.84	-5.81	-4.54	-2.55	47299	-0.066	0.374	0.578	-0.122	0.000	1.345
10.347	-0.079	0.369	0.524	0.75	0.99	-1.86	-7.24	-3.56	-3.82	47111	-0.068	0.375	0.579	-0.123	-0.000	1.341
10.358	-0.081	0.371	0.525	0.68	1.02	-1.90	-8.00	-2.70	-4.28	47033	-0.070	0.376	0.579	-0.123	-0.000	1.337
10.368	-0.084	0.371	0.525	0.61	1.04	-1.95	-7.17	-2.27	-4.36	46950	-0.072	0.377	0.579	-0.124	-0.001	1.333
10.373	-0.086	0.372	0.526	0.54	1.06	-1.99	-6.18	-2.22	-4.88	46871	-0.074	0.378	0.579	-0.124	-0.001	1.329
10.387	-0.087	0.374	0.526	0.48	1.07	-2.04	-4.11	-2.20	-4.56	46755	-0.076	0.379	0.579	-0.125	-0.001	1.325
10.397	-0.088	0.374	0.526	0.45	1.09	-2.09	-2.83	-2.64	-4.93	46682	-0.078	0.380	0.579	-0.125	-0.002	1.321
10.407	-0.090	0.374	0.527	0.43	1.11	-2.14	-1.50	-2.01	-5.06	46617	-0.080	0.380	0.579	-0.126	-0.002	1.317
10.415	-0.093	0.375	0.528	0.42	1.13	-2.19	0.03	-2.29	-5.20	46550	-0.082	0.381	0.579	-0.127	-0.002	1.313
10.424	-0.094	0.376	0.528	0.42	1.14	-2.24	0.75	-2.13	-5.31	46438	-0.084	0.382	0.580	-0.127	-0.002	1.309
10.438	-0.099	0.382	0.529	0.40	1.18	-2.29	2.06	-1.17	-4.96	46374	-0.087	0.383	0.580	-0.128	-0.003	1.305
10.446	-0.101	0.381	0.529	0.43	1.19	-2.34	1.23	-1.57	-5.68	46310	-0.089	0.384	0.580	-0.128	-0.003	1.302
10.457	-0.104	0.382	0.530	0.45	1.21	-2.40	1.01	-0.64	-5.42	46243	-0.091	0.385	0.580	-0.129	-0.003	1.298
10.471	-0.106	0.382	0.529	0.47	1.21	-2.45	-0.02	0.25	-5.21	46189	-0.094	0.386	0.580	-0.129	-0.003	1.294
10.477	-0.109	0.385	0.530	0.46	1.21	-2.50	-0.79	1.20	-5.02	46302	-0.096	0.387	0.580	-0.130	-0.003	1.290
10.489	-0.111	0.385	0.530	0.46	1.19	-2.55	-2.12	3.15	-4.91	46264	-0.098	0.388	0.580	-0.131	-0.003	1.286
10.497	-0.112	0.387	0.531	0.43	1.15	-2.60	-3.69	4.61	-5.01	46239	-0.101	0.390	0.580	-0.131	-0.003	1.282
10.507	-0.113	0.388	0.532	0.41	1.09	-2.65	-4.49	4.90	-4.50	46205	-0.103	0.391	0.581	-0.132	-0.004	1.279
10.517	-0.113	0.388	0.532	0.37	1.01	-2.70	-4.83	6.25	-4.33	46040	-0.105	0.392	0.581	-0.132	-0.004	1.275
10.526	-0.120	0.389	0.533	0.32	0.98	-2.75	-3.71	5.71	-3.69	46011	-0.107	0.392	0.581	-0.133	-0.004	1.271
10.538	-0.118	0.390	0.533	0.28	0.89	-2.79	-4.46	5.42	-4.44	45989	-0.109	0.393	0.581	-0.133	-0.004	1.268
10.547	-0.123	0.391	0.534	0.25	0.85	-2.83	-2.55	4.51	-2.81	45964	-0.112	0.394	0.581	-0.134	-0.004	1.264
10.557	-0.123	0.392	0.534	0.22	0.79	-2.86	-1.49	4.91	-3.42	45941	-0.114	0.395	0.581	-0.134	-0.005	1.261
10.567	-0.126	0.393	0.534	0.21	0.74	-2.90	0.11	3.74	-3.12	46069	-0.116	0.396	0.581	-0.135	-0.005	1.257
10.574	-0.128	0.394	0.535	0.21	0.70	-2.93	0.75	2.84	-2.74	46053	-0.118	0.397	0.581	-0.135	-0.005	1.254
10.585	-0.125	0.394	0.535	0.23	0.63	-2.96	2.09	1.26	-2.34	46043	-0.120	0.398	0.581	-0.136	-0.005	1.250
10.596	-0.135	0.398	0.537	0.23	0.67	-2.98	3.81	0.26	-1.25	46048	-0.122	0.399	0.582	-0.136	-0.005	1.247
10.606	-0.137	0.399	0.537	0.27	0.67	-2.99	4.72	-1.13	-0.70	45851	-0.125	0.400	0.582	-0.137	-0.005	1.243
10.617	-0.138	0.398	0.537	0.33	0.67	-3.00	5.53	-2.67	-0.36	45830	-0.128	0.401	0.582	-0.137	-0.005	1.240
10.627	-0.142	0.399	0.538	0.39	0.70	-3.00	5.82	-2.49	0.38	45820	-0.130	0.402	0.582	-0.138	-0.006	1.237
10.637	-0.143	0.403	0.539	0.42	0.71	-3.00	4.53	-2.95	0.29	45818	-0.133	0.404	0.582	-0.139	-0.006	1.233
10.647	-0.145	0.404	0.539	0.47	0.74	-3.00	4.11	-2.34	0.78	45784	-0.135	0.405	0.582	-0.139	-0.006	1.230
10.657	-0.148	0.408	0.540	0.49	0.76	-2.99	1.20	-1.58	0.92	45788	-0.137	0.406	0.583	-0.140	-0.005	1.227
10.668	-0.145	0.407	0.540	0.51	0.74	-2.98	-0.65	0.57	0.75	45791	-0.139	0.408	0.583	-0.140	-0.005	1.223
10.678	-0.143	0.406	0.540	0.52	0.70	-2.98	-1.92	2.47	-0.36	45793	-0.141	0.409	0.583	-0.140	-0.006	1.220
10.686	-0.155	0.408	0.540	0.50	0.74	-2.98	-1.03	3.86	1.10	45795	-0.143	0.410	0.583	-0.141	-0.006	1.217
10.694	-0.158	0.409	0.540	0.49	0.70	-2.97	-0.52	3.50	2.28	45937	-0.146	0.411	0.583	-0.141	-0.006	1.214
10.706	-0.158	0.409	0.541	0.50	0.65	-2.94	-0.52	3.39	1.82	45958	-0.149	0.412	0.583	-0.142	-0.006	1.211
10.715	-0.163	0.409	0.541	0.50	0.63	-2.93	0.71	3.85	1.21	45991	-0.151	0.412	0.583	-0.142	-0.006	1.207
10.727	-0.165	0.410	0.542	0.51	0.58	-2.91	1.93	3.48	1.34	46012	-0.154	0.413	0.583	-0.143	-0.006	1.204
10.736	-0.164	0.411	0.543	0.53	0.52	-2.90	3.78	2.30	2.05	45830	-0.156	0.414	0.583	-0.143	-0.006	1.201
10.747	-0.162	0.411	0.543	0.58	0.46	-2.88	5.19	1.62	2.55	45838	-0.158	0.415	0.583	-0.143	-0.007	1.198
10.757	-0.163	0.415	0.543	0.60	0.43	-2.86	4.91	-0.76	3.68	45860	-0.160	0.416	0.583	-0.144	-0.007	1.195
10.767	-0.175	0.417	0.544	0.65	0.51	-2.81	5.53	-1.63	3.15	45888	-0.163	0.417	0.583	-0.144	-0.007	1.192
10.779	-0.178	0.418	0.543	0.70	0.53	-2.78	5.70	-3.82	3.84	45899	-0.165	0.418	0.583	-0.145	-0.007	1.189
10.788	-0.181	0.419	0.543	0.75	0.56	-2.75	4.24	-2.66	2.93	46017	-0.168	0.419	0.583	-0.145	-0.007	1.186
10.797	-0.180	0.421	0.544	0.79	0.57	-2.71	4.35	-3.05	4.28	46034	-0.171	0.421	0.583	-0.146	-0.007	1.183
10.807	-0.187	0.422	0.544	0.83	0.63	-2.67	2.75	-2.74	4.76	46059	-0.174	0.422	0.582	-0.147	-0.006	1.180
10.817	-0.186	0.423	0.544	0.85	0.63	-2.63	1.61	-1.77	4.24	46086	-0.177	0.423	0.582	-0.147	-0.006	1.178
10.827	-0.189	0.426	0.544	0.86	0.65	-2.58	1.20	-0.66	4.33	46206	-0.179	0.424	0.582	-0.148	-0.006	1.175
10.837	-0.188	0.427	0.544	0.87	0.63	-2.54	0.83	0.72	4.93	46235	-0.182	0.426	0.582	-0.148	-0.006	1.172
10.861	-0.191	0.428	0.544	0.87	0.63	-2.49	0.24	0.82	5.34	46253	-0.184	0.427	0.582	-0.148	-0.006	1.169
10.866	-0.198	0.432	0.544	0.85	0.66	-2.43	-0.26	1.01	5.58	46290	-0.187	0.428	0.582	-0.149	-0.006	1.166
10.869	-0.199	0.432	0.544	0.86	0.63	-2.38	1.16	1.36	5.63	46400	-0.190	0.430	0.581	-0.149	-0.006	1.163
10.879	-0.200	0.432	0.544	0.87	0.60	-2.33	3.04	2.47	5.55	46431	-0.192	0.431	0.581	-0.150	-0.006	1.160
10.887	-0.204	0.434	0.544	0.89	0.59	-2.27	4.70	1.04	5.28	46451	-0.195	0.432	0.581	-0.150	-0.006	1.158
10.896	-0.206	0.433	0.544	0.95	0.58	-2.22	6.36	1.24	5.93	46470	-0.198	0.433	0.580	-0.151	-0.006	1.155
10.907	-0.209	0.434	0.545	1.02	0.56	-2.16	7.58	0.42	5.56	46502	-0.200	0.434	0.580	-0.151	-0.006	1.152
10.916	-0.209	0.437	0.545	1.08	0.54	-2.11	8.74	-0.15	5.84	46366	-0.203	0.435	0.580	-0.151	-0.006	1.149
10.925	-0.211	0.438	0.545	1.17	0.54	-2.05	9.31	-0.46	5.25	46376	-0.205	0.437	0.580	-0.152	-0.006	1.147
10.936	-0.221	0.442	0.545	1.24	0.60	-1.99	9.16	-1.13	5.14	46390	-0.209	0.438	0.580	-0.152	-0.006	1.144
10.946	-0.221	0.442	0.545	1.34	0.59	-1.94	8.94	-1.29	5.02	46417	-0.212	0.439	0.580	-0.153	-0.005	1.141
10.956	-0.222	0.443	0.545	1.43	0.59	-1.89	9.39	-1.00	5.30	46349	-0.214	0.441	0.580	-0.153	-0.005	1.139
10.966	-0.223	0.443	0.545	1.53	0.58	-1.84	6.89	-0.65	4.66	46365	-0.217	0.442	0.580	-0.153	-0.005	1.136
10.977	-0.230	0.447	0.545	1.57	0.62	-1.79	5.37	1.02	4.20	46378	-0.220	0.443	0.579	-0.154	-0.005	1.134
10.987	-0.227	0.449	0.545	1.61	0.57	-1.75	2.87	1.44	4.03	46388	-0.222	0.445	0.579	-0.154	-0.005	1.131
10.998	-0.230	0.450	0.545	1.64	0.55	-1.71	1.36	2.20	3.72	46428	-0.225	0.446	0.579	-0.155	-0.005	1.128
11.007	-0.228	0.450	0.545	1.66	0.50	-1.68	-0.03	3.00	3.51	46459	-0.227	0.447	0.579	-0.155	-0.004	1.126
11.017	-0.238	0.450	0.545	1.66	0.52	-1.64	-1.05	2.48	3.61	46477	-0.230	0.448	0.579	-0.155	-0.004	1.123
11.027	-0.241	0.451	0.545	1.65	0.50	-1.60	-0.22	2.26	3.38	46499	-0.233	0.449	0.578	-0.155	-0.004	1.121
11.035	-0.243	0.451	0.545	1.65	0.46	-1.57	-0.15	3.11	3.24	46520	-0.235	0.450	0.578	-0.156	-0.004	1.118
11.046	-0.246	0.453	0.544	1.64	0.44	-1.53	0.39	2.46	3.36	46605	-0.238	0.451	0.578	-0.156	-0.004	1.116
11.057	-0.246	0.453	0.544	1.65	0.39	-1.50	1.25	2.66	3.09	46625	-0.241	0.452	0.578	-0.157	-0.004	1.113
11.067	-0.248	0.453	0.544	1.68	0.36	-1.47	2.20	1.85	3.06	46632	-0.243	0.453	0.577	-0.157	-0.004	1.111
11.077	-0.246	0.453	0.544	1.71	0.31	-1.44	3.26	0.48	2.77	46633	-0.245	0.453	0.577	-0.157	-0.004	1.108
11.088	-0.245	0.452	0.544	1.74	0.27	-1.42	3.90	-0.01	3.01	46739	-0.247	0.454	0.577	-0.157	-0.004	1.106
11.098	-0.245	0.453	0.544	1.78	0.25	-1.39	4.51	-1.53	2.90	46761	-0.248	0.454	0.576	-0.157	-0.004	1.103
11.108	-0.257	0.456	0.543	1.81	0.34	-1.35	5.83	-2.84	3.37	46785	-0.251	0.455	0.576	-0.157	-0.004	1.101
11.116	-0.258	0.456	0.543	1.87	0.36	-1.32	4.49	-4.44	3.16	46799	-0.254	0.456	0.575	-0.157	-0.004	1.098
11.125	-0.261	0.456	0.544	1.91	0.40	-1.29	3.58	-4.26	2.60	46809	-0.256	0.456	0.575	-0.157	-0.004	1.096
11.138	-0.266	0.458	0.544	1.94	0.46	-1.26	2.53	-4.96	3.52	46701	-0.259	0.457	0.575	-0.158	-0.004	1.093
11.148	-0.269	0.457	0.544	1.98	0.51	-1.23	0.93	-4.97	3.40	46720	-0.262	0.457	0.575	-0.158	-0.004	1.091
11.155	-0.269	0.458	0.543	1.98	0.54	-1.20	0.16	-4.55	3.75	46732	-0.265	0.458	0.575	-0.158	-0.004	1.089
11.166	-0.271	0.458	0.544	1.98	0.58	-1.17	-1.70	-4.43	2.92	46740	-0.267	0.458	0.574	-0.158	-0.004	1.086
11.177	-0.273	0.458	0.543	1.96	0.62	-1.14	-3.75	-2.83	2.61	46692	-0.270	0.459	0.574	-0.159	-0.004	1.084
11.189	-0.275	0.459	0.543	1.93	0.63	-1.11	-4.63	-1.08	2.59	46715	-0.272	0.459	0.574	-0.159	-0.004	1.082
11.196	-0.273	0.456	0.543	1.91	0.61	-1.09	-5.29	0.04	2.73	46736	-0.274	0.459	0.574	-0.159	-0.004	1.079
11.207	-0.270	0.454	0.543	1.87	0.57	-1.07	-4.22	0.73	2.62	46746	-0.275	0.458	0.573	-0.158	-0.005	1.077
11.215	-0.287	0.463	0.541	1.76	0.67	-1.03	-3.24	0.96	2.74	46751	-0.278	0.459	0.573	-0.159	-0.004	1.075
11.227	-0.288	0.463	0.541	1.72	0.65	-1.01	-2.52	1.19	2.61	47122	-0.281	0.460	0.572	-0.159	-0.004	1.072
11.236	-0.295	0.464	0.540	1.70	0.67	-0.97	-1.89	1.75	2.11	47136	-0.285	0.460	0.572	-0.160	-0.004	1.070
11.250	-0.296	0.464	0.540	1.68	0.64	-0.95	-0.97	1.39	1.98	47152	-0.288	0.461	0.571	-0.160	-0.004	1.068
11.257	-0.295	0.463	0.540	1.68	0.60	-0.93	0.61	1.37	1.91	47158	-0.291	0.461	0.571	-0.160	-0.004	1.065
11.267	-0.297	0.463	0.540	1.69	0.57	-0.92	1.36	0.52	2.41	47158	-0.293	0.462	0.570	-0.161	-0.004	1.063
11.280	-0.300	0.463	0.540	1.70	0.57	-0.89	2.15	1.68	2.17	47170	-0.296	0.462	0.570	-0.161	-0.004	1.061
11.290	-0.303	0.463	0.539	1.73	0.55	-0.87	2.06	2.27	1.46	47175	-0.299	0.462	0.569	-0.161	-0.004	1.058
11.296	-0.313	0.463	0.539	1.75	0.58	-0.85	1.43	1.51	0.98	47161	-0.302	0.462	0.569	-0.161	-0.004	1.056
11.308	-0.316	0.463	0.538	1.76	0.56	-0.84	1.41	0.89	0.83	47228	-0.306	0.462	0.569	-0.162	-0.004	1.054
11.317	-0.320	0.464	0.538	1.77	0.56	-0.83	1.50	1.33	0.65	47237	-0.310	0.462	0.568	-0.163	-0.004	1.051
11.324	-0.322	0.462	0.538	1.79	0.54	-0.82	-0.53	0.18	0.70	47250	-0.313	0.462	0.568	-0.163	-0.004	1.049
11.335	-0.324	0.463	0.538	1.78	0.53	-0.82	-2.10	0.72	0.16	47241	-0.317	0.462	0.567	-0.163	-0.003	1.047
11.345	-0.328	0.462	0.538	1.76	0.52	-0.81	-3.87	2.17	0.56	47222	-0.320	0.462	0.567	-0.164	-0.003	1.045
11.356	-0.331	0.462	0.538	1.72	0.50	-0.81	-5.80	1.36	0.38	47121	-0.323	0.462	0.567	-0.164	-0.003	1.043
11.367	-0.328	0.463	0.538	1.65	0.45	-0.81	-6.05	3.39	0.21	47113	-0.326	0.462	0.567	-0.164	-0.003	1.040
11.377	-0.338	0.462	0.537	1.59	0.47	-0.80	-6.49	4.72	-0.47	47111	-0.330	0.462	0.566	-0.165	-0.003	1.038
11.385	-0.341	0.462	0.536	1.53	0.42	-0.80	-4.77	6.20	-0.36	47108	-0.333	0.462	0.566	-0.165	-0.003	1.036
11.397	-0.345	0.462	0.536	1.48	0.37	-0.81	-2.76	6.16	-0.36	47265	-0.337	0.462	0.565	-0.166	-0.003	1.034
11.404	-0.347	0.462	0.536	1.45	0.29	-0.81	-1.15	7.92	-0.78	47265	-0.340	0.461	0.565	-0.166	-0.003	1.032
11.417	-0.351	0.462	0.536	1.44	0.22	-0.82	-0.21	6.85	-0.69	47267	-0.344	0.461	0.565	-0.166	-0.003	1.029
11.424	-0.348	0.461	0.536	1.44	0.10	-0.83	1.15	7.27	-1.09	47258	-0.346	0.461	0.564	-0.166	-0.003	1.027
11.435	-0.344	0.459	0.536	1.46	-0.03	-0.84	1.13	7.51	-1.14	47235	-0.348	0.460	0.564	-0.166	-0.003	1.025
11.446	-0.351	0.459	0.536	1.47	-0.07	-0.85	0.47	7.01	-1.39	47113	-0.351	0.460	0.564	-0.166	-0.003	1.023
11.456	-0.351	0.460	0.536	1.47	-0.17	-0.86	1.53	5.85	-1.08	47092	-0.353	0.460	0.564	-0.166	-0.003	1.021
11.466	-0.360	0.460	0.536	1.48	-0.19	-0.87	-0.11	4.43	-0.99	47075	-0.356	0.459	0.563	-0.166	-0.003	1.019
11.476	-0.357	0.459	0.536	1.48	-0.27	-0.88	-0.21	2.83	-0.97	47069	-0.359	0.459	0.563	-0.166	-0.003	1.017
11.487	-0.360	0.459	0.536	1.48	-0.30	-0.89	-2.00	0.45	-0.68	46945	-0.361	0.458	0.563	-0.166	-0.003	1.015
11.497	-0.363	0.458	0.536	1.46	-0.31	-0.90	-2.26	-1.57	-0.51	46920	-0.364	0.458	0.563	-0.166	-0.003	1.012
11.505	-0.362	0.457	0.536	1.44	-0.33	-0.91	-3.59	-3.22	-0.50	46902	-0.366	0.457	0.563	-0.166	-0.003	1.010
11.517	-0.363	0.458	0.534	1.39	-0.31	-0.92	-4.17	-4.71	-0.37	46890	-0.368	0.457	0.563	-0.166	-0.003	1.008
11.524	-0.372	0.457	0.534	1.36	-0.21	-0.91	-4.25	-6.44	-0.23	47157	-0.371	0.456	0.562	-0.166	-0.003	1.006
11.534	-0.375	0.456	0.534	1.32	-0.15	-0.92	-2.68	-6.63	-0.19	47141	-0.373	0.456	0.562	-0.166	-0.003	1.004
11.546	-0.374	0.457	0.534	1.28	-0.12	-0.93	-1.70	-8.10	-0.13	47119	-0.376	0.456	0.562	-0.166	-0.003	1.002
11.555	-0.378	0.457	0.534	1.26	-0.03	-0.93	-0.01	-7.56	-0.15	47105	-0.378	0.455	0.561	-0.166	-0.003	1.000
11.566	-0.381	0.457	0.532	1.26	0.04	-0.93	1.90	-5.48	-0.03	47105	-0.381	0.455	0.561	-0.166	-0.003	0.998
11.576	-0.382	0.454	0.532	1.29	0.09	-0.93	3.40	-6.64	-0.04	47388	-0.384	0.454	0.560	-0.166	-0.003	0.996
11.587	-0.388	0.454	0.532	1.32	0.17	-0.93	3.16	-4.20	0.29	47379	-0.386	0.453	0.560	-0.166	-0.003	0.994
11.598	-0.387	0.455	0.532	1.34	0.20	-0.93	2.65	-2.83	0.33	47367	-0.389	0.453	0.559	-0.166	-0.003	0.991
11.603	-0.384	0.454	0.533	1.36	0.18	-0.94	2.73	-2.06	0.55	47365	-0.391	0.452	0.559	-0.165	-0.003	0.989
11.615	-0.387	0.453	0.533	1.39	0.19	-0.93	2.89	-0.96	0.52	47124	-0.393	0.452	0.559	-0.165	-0.003	0.988
11.626	-0.387	0.452	0.533	1.43	0.18	-0.93	2.64	-0.32	0.82	47121	-0.394	0.451	0.559	-0.164	-0.003	0.986
11.637	-0.389	0.451	0.533	1.45	0.18	-0.92	1.14	0.60	0.87	47108	-0.396	0.450	0.559	-0.164	-0.003	0.984
11.649	-0.399	0.451	0.533	1.46	0.23	-0.91	0.05	0.34	0.33	47093	-0.399	0.450	0.559	-0.164	-0.003	0.982
11.657	-0.399	0.448	0.533	1.48	0.20	-0.90	-1.26	-0.59	0.40	47084	-0.402	0.449	0.558	-0.164	-0.003	0.980
11.668	-0.402	0.448	0.533	1.46	0.21	-0.90	-2.93	-1.75	0.29	47057	-0.404	0.448	0.558	-0.164	-0.003	0.978
11.676	-0.406	0.449	0.533	1.42	0.24	-0.90	-3.47	-2.00	0.86	47057	-0.407	0.447	0.558	-0.164	-0.003	0.976
11.687	-0.409	0.447	0.533	1.39	0.25	-0.89	-4.33	-3.01	0.81	47047	-0.409	0.447	0.558	-0.164	-0.003	0.974
11.699	-0.413	0.448	0.532	1.33	0.29	-0.88	-5.44	-1.87	0.62	47031	-0.412	0.446	0.558	-0.164	-0.003	0.972
11.706	-0.412	0.446	0.532	1.29	0.28	-0.88	-5.44	-2.06	0.74	47060	-0.415	0.445	0.558	-0.164	-0.002	0.970
11.717	-0.411	0.446	0.532	1.23	0.27	-0.88	-3.67	-0.92	0.91	47048	-0.417	0.445	0.558	-0.163	-0.002	0.968
11.726	-0.413	0.445	0.532	1.19	0.27	-0.87	-3.44	-0.20	0.70	47032	-0.419	0.444	0.557	-0.163	-0.002	0.966
11.736	-0.411	0.442	0.532	1.17	0.24	-0.87	-1.13	1.18	1.14	47020	-0.421	0.443	0.557	-0.163	-0.002	0.964
11.747	-0.421	0.441	0.532	1.16	0.29	-0.85	0.22	1.67	1.17	47008	-0.423	0.441	0.557	-0.163	-0.002	0.962
11.757	-0.424	0.440	0.532	1.16	0.27	-0.84	0.95	2.83	1.44	46983	-0.426	0.440	0.557	-0.162	-0.003	0.961
11.763	-0.425	0.438	0.532	1.17	0.22	-0.83	2.26	3.07	1.42	46966	-0.428	0.439	0.557	-0.162	-0.003	0.959
11.776	-0.429	0.438	0.532	1.19	0.20	-0.81	2.62	3.94	1.54	46957	-0.431	0.438	0.557	-0.162	-0.003	0.957
11.786	-0.432	0.437	0.532	1.21	0.16	-0.80	1.47	2.78	0.86	46940	-0.434	0.437	0.556	-0.162	-0.003	0.955
11.800	-0.436	0.439	0.532	1.21	0.15	-0.79	2.18	2.78	1.20	46850	-0.436	0.436	0.556	-0.162	-0.002	0.953
11.808	-0.435	0.437	0.533	1.22	0.10	-0.78	1.24	1.08	1.13	46829	-0.439	0.435	0.556	-0.162	-0.002	0.951
11.816	-0.432	0.435	0.533	1.25	0.04	-0.77	0.32	0.35	1.44	46816	-0.441	0.434	0.556	-0.162	-0.002	0.950
11.826	-0.430	0.435	0.533	1.24	0.00	-0.76	-0.65	-0.35	1.13	46805	-0.442	0.433	0.556	-0.161	-0.002	0.948
11.837	-0.442	0.433	0.533	1.24	0.07	-0.74	-2.36	-1.71	1.24	46685	-0.445	0.432	0.556	-0.161	-0.002	0.946
11.847	-0.443	0.433	0.533	1.20	0.08	-0.73	-2.39	-0.95	0.78	46665	-0.447	0.431	0.556	-0.161	-0.002	0.944
11.857	-0.444	0.432	0.533	1.17	0.07	-0.72	-4.06	-1.89	1.16	46645	-0.449	0.430	0.556	-0.160	-0.002	0.943
11.864	-0.448	0.433	0.533	1.11	0.10	-0.71	-3.45	-1.04	0.79	46638	-0.452	0.430	0.556	-0.160	-0.002	0.941
11.877	-0.449	0.434	0.533	1.07	0.10	-0.71	-1.28	-1.56	0.99	46737	-0.454	0.429	0.556	-0.160	-0.002	0.939
11.888	-0.448	0.430	0.533	1.07	0.09	-0.70	-0.84	-0.33	0.71	46721	-0.456	0.428	0.556	-0.159	-0.002	0.937
11.893	-0.450	0.429	0.533	1.07	0.09	-0.69	1.33	0.29	1.54	46716	-0.458	0.427	0.556	-0.159	-0.001	0.936
11.907	-0.450	0.428	0.533	1.08	0.06	-0.68	2.43	1.14	1.69	46714	-0.459	0.426	0.556	-0.159	-0.001	0.934
11.916	-0.453	0.427	0.533	1.10	0.05	-0.66	2.82	2.03	1.82	46709	-0.461	0.425	0.556	-0.158	-0.001	0.932
11.926	-0.455	0.423	0.533	1.16	0.03	-0.64	4.32	2.19	2.12	46724	-0.463	0.424	0.555	-0.158	-0.001	0.931
11.937	-0.460	0.422	0.533	1.19	0.03	-0.62	3.79	0.78	2.09	46718	-0.465	0.422	0.555	-0.157	-0.001	0.929
11.946	-0.458	0.422	0.533	1.22	-0.01	-0.60	3.87	0.30	2.75	46708	-0.467	0.421	0.555	-0.157	-0.001	0.927
11.957	-0.465	0.422	0.534	1.25	0.01	-0.57	3.39	1.52	2.72	46708	-0.469	0.420	0.555	-0.157	-0.001	0.926
11.966	-0.465	0.422	0.534	1.27	-0.02	-0.54	1.63	0.95	2.26	46575	-0.472	0.419	0.555	-0.156	-0.001	0.924
11.977	-0.465	0.421	0.534	1.29	-0.04	-0.52	1.12	0.20	2.26	46556	-0.473	0.418	0.555	-0.156	-0.001	0.922
11.987	-0.466	0.421	0.534	1.28	-0.05	-0.50	0.34	-2.06	2.19	46538	-0.475	0.417	0.555	-0.156	-0.001	0.921
11.998	-0.466	0.417	0.534	1.31	-0.05	-0.48	-1.25	-2.63	2.66	46534	-0.477	0.416	0.555	-0.155	-0.001	0.919
12.007	-0.468	0.415	0.534	1.30	-0.02	-0.46	-1.21	-3.52	2.29	46541	-0.478	0.414	0.555	-0.154	-0.001	0.918
12.015	-0.466	0.415	0.534	1.27	-0.02	-0.44	-2.37	-4.92	2.24	46577	-0.479	0.413	0.555	-0.154	-0.000	0.916
12.025	-0.467	0.412	0.534	1.26	0.03	-0.42	-2.53	-6.42	2.44	46567	-0.480	0.412	0.555	-0.153	-0.000	0.915
12.037	-0.476	0.413	0.535	1.22	0.15	-0.39	-1.71	-5.74	2.17	46563	-0.483	0.411	0.555	-0.153	-0.000	0.913
12.046	-0.477	0.412	0.534	1.20	0.18	-0.37	-0.47	-4.17	2.35	46574	-0.484	0.409	0.555	-0.152	-0.000	0.912
12.056	-0.479	0.410	0.534	1.19	0.23	-0.35	-0.04	-5.13	2.25	46612	-0.486	0.408	0.554	-0.152	-0.000	0.910
12.066	-0.480	0.411	0.534	1.18	0.27	-0.33	1.42	-3.33	2.16	46606	-0.488	0.407	0.554	-0.152	0.000	0.909
12.076	-0.484	0.411	0.535	1.18	0.31	-0.31	1.81	-1.90	2.04	46593	-0.490	0.406	0.554	-0.151	0.000	0.907
12.086	-0.485	0.408	0.534	1.21	0.32	-0.29	2.02	0.23	1.62	46593	-0.492	0.405	0.554	-0.151	0.000	0.906
12.096	-0.487	0.404	0.534	1.25	0.31	-0.28	2.67	1.39	1.67	46644	-0.494	0.404	0.554	-0.151	0.000	0.904
12.107	-0.489	0.404	0.534	1.27	0.29	-0.26	3.64	3.20	1.50	46645	-0.496	0.402	0.554	-0.150	0.001	0.903
12.115	-0.492	0.403	0.534	1.30	0.26	-0.24	2.92	4.28	1.40	46644	-0.498	0.401	0.554	-0.150	0.001	0.901
12.125	-0.491	0.399	0.534	1.35	0.18	-0.23	1.88	6.17	1.28	46646	-0.500	0.399	0.554	-0.149	0.001	0.900
12.134	-0.496	0.398	0.534	1.36	0.14	-0.21	1.48	6.53	1.25	46658	-0.502	0.398	0.553	-0.149	0.001	0.898
12.147	-0.499	0.396	0.534	1.37	0.07	-0.19	0.38	7.10	1.78	46702	-0.505	0.396	0.553	-0.149	0.001	0.897
12.155	-0.500	0.396	0.534	1.36	-0.01	-0.18	-1.42	6.76	1.59	46701	-0.507	0.394	0.553	-0.148	0.001	0.895
12.166	-0.503	0.395	0.534	1.33	-0.07	-0.16	-3.13	5.54	1.68	46699	-0.509	0.393	0.553	-0.148	0.001	0.894
12.177	-0.504	0.396	0.534	1.28	-0.13	-0.14	-3.85	5.77	1.76	46711	-0.511	0.392	0.553	-0.148	0.001	0.893
12.187	-0.505	0.393	0.534	1.25	-0.20	-0.12	-4.74	3.48	1.92	46828	-0.513	0.390	0.552	-0.147	0.001	0.891
12.196	-0.505	0.392	0.534	1.20	-0.24	-0.10	-4.02	2.99	2.23	46836	-0.515	0.389	0.552	-0.147	0.001	0.890
12.205	-0.509	0.389	0.534	1.18	-0.26	-0.08	-1.96	0.74	2.45	46845	-0.517	0.388	0.552	-0.147	0.001	0.888
12.217	-0.512	0.387	0.533	1.16	-0.26	-0.05	-1.42	0.25	1.96	46863	-0.519	0.386	0.552	-0.146	0.001	0.887
12.223	-0.514	0.385	0.534	1.15	-0.26	-0.03	2.16	0.98	2.27	46872	-0.521	0.384	0.552	-0.146	0.001	0.886
12.237	-0.514	0.384	0.535	1.16	-0.29	-0.02	2.61	0.33	1.65	46669	-0.523	0.383	0.552	-0.145	0.002	0.884
12.243	-0.513	0.383	0.535	1.19	-0.32	0.00	3.06	0.56	1.84	46656	-0.524	0.381	0.552	-0.145	0.002	0.883
12.258	-0.517	0.380	0.534	1.23	-0.31	0.02	3.97	0.33	1.81	46661	-0.526	0.379	0.552	-0.144	0.002	0.882
12.265	-0.520	0.380	0.536	1.26	-0.30	0.04	3.66	-1.01	1.84	46674	-0.528	0.378	0.552	-0.144	0.002	0.880
12.276	-0.523	0.377	0.536	1.30	-0.29	0.05	4.04	0.17	1.98	46406	-0.530	0.376	0.552	-0.144	0.002	0.879
12.287	-0.525	0.375	0.536	1.34	-0.29	0.08	2.46	-0.35	2.12	46401	-0.532	0.374	0.552	-0.143	0.002	0.878
12.296	-0.525	0.371	0.536	1.38	-0.31	0.10	1.68	0.26	2.19	46412	-0.534	0.372	0.552	-0.143	0.002	0.877
12.307	-0.526	0.371	0.536	1.38	-0.32	0.11	0.38	-0.30	1.77	46429	-0.536	0.370	0.552	-0.142	0.002	0.876
12.312	-0.533	0.369	0.536	1.38	-0.28	0.13	-0.70	-0.36	1.85	46437	-0.538	0.368	0.552	-0.142	0.002	0.874
12.327	-0.535	0.367	0.536	1.37	-0.27	0.15	-1.88	-0.37	1.61	46434	-0.540	0.367	0.552	-0.142	0.002	0.873
12.335	-0.537	0.365	0.536	1.35	-0.27	0.17	-3.55	-1.23	1.71	46437	-0.543	0.365	0.552	-0.141	0.002	0.872
12.345	-0.541	0.363	0.536	1.32	-0.24	0.18	-2.98	-1.76	1.44	46452	-0.545	0.363	0.552	-0.141	0.002	0.871
12.353	-0.541	0.361	0.535	1.28	-0.24	0.20	-3.24	-2.01	1.37	46468	-0.548	0.361	0.552	-0.141	0.002	0.870
12.364	-0.545	0.357	0.535	1.27	-0.21	0.21	-2.47	-1.28	1.21	46714	-0.550	0.358	0.551	-0.141	0.002	0.868
12.400	-0.547	0.355	0.535	1.24	-0.21	0.22	-2.19	-0.78	1.12	46733	-0.552	0.356	0.551	-0.140	0.002	0.867
12.403	-0.549	0.354	0.535	1.21	-0.21	0.24	-1.56	0.76	1.32	46765	-0.555	0.354	0.551	-0.140	0.002	0.866
12.407	-0.551	0.354	0.534	1.18	-0.21	0.25	0.14	2.54	1.44	46786	-0.557	0.352	0.550	-0.140	0.002	0.865
12.410	-0.553	0.352	0.534	1.17	-0.24	0.26	-0.32	2.23	1.75	46925	-0.559	0.350	0.550	-0.139	0.002	0.863
12.414	-0.553	0.350	0.534	1.17	-0.29	0.28	0.60	3.39	1.77	46947	-0.561	0.348	0.550	-0.139	0.002	0.862
12.427	-0.553	0.350	0.534	1.16	-0.34	0.30	0.89	4.47	2.27	46967	-0.563	0.347	0.549	-0.139	0.002	0.861
12.436	-0.556	0.347	0.533	1.17	-0.38	0.32	0.92	5.40	2.83	46992	-0.565	0.345	0.549	-0.138	0.002	0.860
12.448	-0.558	0.347	0.533	1.16	-0.44	0.35	0.33	4.97	3.06	47015	-0.567	0.343	0.549	-0.138	0.003	0.859
12.457	-0.559	0.346	0.532	1.16	-0.50	0.39	0.42	4.52	3.55	47130	-0.569	0.342	0.548	-0.137	0.003	0.857
12.466	-0.562	0.344	0.532	1.16	-0.54	0.42	-0.33	3.83	3.91	47150	-0.571	0.340	0.548	-0.137	0.003	0.856
12.476	-0.566	0.338	0.532	1.19	-0.56	0.47	-0.05	3.41	3.55	47165	-0.573	0.338	0.548	-0.136	0.003	0.855
12.486	-0.568	0.335	0.531	1.19	-0.58	0.51	-1.20	0.99	3.58	47164	-0.575	0.335	0.547	-0.136	0.003	0.854
12.497	-0.567	0.332	0.531	1.19	-0.61	0.54	-2.06	-0.16	3.44	47246	-0.577	0.333	0.547	-0.135	0.003	0.853
12.506	-0.567	0.332	0.531	1.15	-0.63	0.58	-2.04	-1.76	4.46	47264	-0.579	0.331	0.547	-0.135	0.003	0.851
12.519	-0.568	0.332	0.531	1.10	-0.61	0.62	-2.58	-2.39	3.21	47276	-0.580	0.329	0.546	-0.134	0.003	0.850
12.526	-0.569	0.333	0.530	1.06	-0.59	0.65	-2.77	-3.38	3.50	47271	-0.582	0.327	0.546	-0.134	0.004	0.849
12.535	-0.565	0.334	0.530	1.00	-0.60	0.68	-2.17	-3.30	3.68	47393	-0.583	0.326	0.546	-0.133	0.004	0.848
12.546	-0.585	0.328	0.530	1.01	-0.43	0.72	-1.60	-3.17	3.31	47401	-0.586	0.324	0.545	-0.133	0.004	0.847
12.556	-0.587	0.325	0.529	1.00	-0.40	0.75	0.27	-2.11	3.00	47400	-0.589	0.322	0.545	-0.133	0.004	0.845
12.567	-0.587	0.325	0.529	1.00	-0.40	0.78	1.58	-1.15	2.77	47384	-0.592	0.321	0.545	-0.132	0.005	0.844
12.576	-0.587	0.321	0.530	1.02	-0.41	0.81	2.39	1.05	2.87	47373	-0.594	0.319	0.545	-0.132	0.005	0.843
12.587	-0.587	0.320	0.530	1.05	-0.43	0.83	4.06	2.17	2.78	47229	-0.596	0.317	0.544	-0.131	0.005	0.842
12.593	-0.588	0.320	0.529	1.07	-0.47	0.85	4.30	3.82	2.26	47212	-0.598	0.315	0.544	-0.131	0.005	0.841
12.604	-0.591	0.314	0.529	1.13	-0.50	0.88	4.58	4.81	1.87	47190	-0.600	0.313	0.544	-0.131	0.005	0.840
12.620	-0.593	0.312	0.528	1.18	-0.54	0.90	4.32	5.21	1.77	47191	-0.602	0.310	0.544	-0.130	0.005	0.838
12.626	-0.595	0.311	0.528	1.21	-0.60	0.92	3.79	5.28	1.84	47357	-0.604	0.308	0.543	-0.130	0.005	0.837
12.636	-0.592	0.311	0.528	1.22	-0.68	0.93	2.37	5.04	1.85	47362	-0.606	0.307	0.543	-0.129	0.006	0.836
12.645	-0.593	0.311	0.528	1.22	-0.74	0.95	1.26	3.75	2.42	47366	-0.607	0.305	0.543	-0.128	0.006	0.835
12.657	-0.602	0.308	0.528	1.24	-0.71	0.98	-0.73	2.96	2.25	47369	-0.609	0.303	0.543	-0.128	0.006	0.834
12.666	-0.604	0.305	0.528	1.23	-0.74	1.00	-2.32	1.86	2.09	47372	-0.612	0.301	0.543	-0.127	0.006	0.833
12.676	-0.604	0.303	0.527	1.20	-0.77	1.03	-3.21	0.09	2.22	47342	-0.614	0.299	0.542	-0.127	0.007	0.832
12.685	-0.602	0.304	0.527	1.14	-0.80	1.04	-4.10	-1.13	2.16	47337	-0.615	0.298	0.542	-0.126	0.007	0.830
12.695	-0.607	0.301	0.527	1.10	-0.76	1.06	-4.72	-1.93	1.22	47319	-0.617	0.296	0.542	-0.126	0.007	0.829
12.704	-0.609	0.299	0.528	1.06	-0.74	1.08	-4.63	-2.35	1.27	47305	-0.619	0.294	0.542	-0.125	0.007	0.828
12.716	-0.613	0.294	0.528	1.03	-0.70	1.09	-3.05	-1.93	1.42	47157	-0.621	0.292	0.542	-0.125	0.008	0.827
12.726	-0.614	0.292	0.528	1.00	-0.69	1.11	-2.30	-0.03	0.39	47145	-0.623	0.290	0.542	-0.124	0.008	0.826
12.736	-0.617	0.290	0.527	0.99	-0.69	1.11	-0.65	0.53	0.26	47127	-0.626	0.287	0.542	-0.124	0.008	0.825
12.744	-0.620	0.292	0.528	0.95	-0.69	1.11	1.37	2.30	0.24	47110	-0.628	0.286	0.542	-0.123	0.008	0.824
12.756	-0.619	0.291	0.528	0.96	-0.73	1.11	2.73	2.99	0.42	47052	-0.630	0.284	0.542	-0.123	0.008	0.823
12.765	-0.619	0.286	0.528	1.01	-0.79	1.12	4.07	4.02	0.30	47043	-0.632	0.282	0.542	-0.122	0.009	0.822
12.776	-0.620	0.283	0.527	1.05	-0.83	1.12	5.07	4.88	0.65	47025	-0.633	0.280	0.542	-0.122	0.009	0.821
12.785	-0.623	0.282	0.527	1.09	-0.87	1.12	5.10	4.68	0.72	47019	-0.635	0.278	0.542	-0.121	0.009	0.820
12.796	-0.622	0.278	0.527	1.15	-0.94	1.13	3.88	4.63	0.12	47026	-0.637	0.276	0.541	-0.120	0.009	0.819
12.808	-0.623	0.275	0.527	1.19	-0.99	1.13	3.70	4.39	0.74	47063	-0.638	0.273	0.541	-0.119	0.009	0.817
12.816	-0.623	0.273	0.527	1.22	-1.04	1.14	2.27	2.67	1.09	47057	-0.639	0.271	0.541	-0.119	0.009	0.816
12.829	-0.622	0.272	0.527	1.23	-1.08	1.15	0.34	1.75	0.70	47052	-0.640	0.269	0.541	-0.118	0.009	0.815
12.836	-0.626	0.271	0.527	1.22	-1.08	1.16	-0.81	0.92	0.63	47058	-0.641	0.267	0.541	-0.117	0.010	0.814
12.843	-0.627	0.268	0.527	1.21	-1.09	1.16	-2.27	-0.15	0.23	46990	-0.643	0.265	0.541	-0.116	0.010	0.813
12.857	-0.628	0.268	0.527	1.16	-1.09	1.16	-3.37	-1.47	-0.27	46972	-0.644	0.263	0.541	-0.115	0.010	0.812
12.865	-0.629	0.262	0.527	1.16	-1.08	1.16	-4.51	-1.72	-1.02	46951	-0.645	0.260	0.541	-0.115	0.010	0.811
12.875	-0.630	0.263	0.527	1.08	-1.06	1.14	-3.63	-1.79	-1.11	46950	-0.647	0.258	0.541	-0.114	0.011	0.810
12.885	-0.632	0.259	0.528	1.06	-1.05	1.13	-3.40	-2.29	-1.33	46948	-0.648	0.256	0.541	-0.113	0.011	0.809
12.896	-0.631	0.258	0.528	1.01	-1.04	1.12	-1.75	-1.80	-1.85	46884	-0.649	0.254	0.541	-0.112	0.011	0.808
12.905	-0.634	0.255	0.528	1.00	-1.01	1.10	-1.05	-1.96	-2.59	46870	-0.650	0.252	0.541	-0.111	0.011	0.807
12.915	-0.635	0.252	0.528	0.99	-0.99	1.07	0.63	-1.70	-2.79	46863	-0.651	0.249	0.541	-0.110	0.011	0.806
12.926	-0.637	0.250	0.527	1.00	-0.98	1.04	1.75	-1.53	-3.19	46862	-0.653	0.247	0.541	-0.110	0.011	0.805
12.935	-0.638	0.248	0.527	1.02	-0.96	1.01	2.25	-1.09	-3.02	47047	-0.654	0.245	0.540	-0.109	0.012	0.804
12.945	-0.638	0.247	0.527	1.03	-0.97	0.98	3.47	-0.92	-3.10	47041	-0.655	0.242	0.540	-0.108	0.012	0.803
12.955	-0.639	0.247	0.526	1.04	-0.96	0.94	3.26	-0.83	-3.17	47046	-0.656	0.240	0.540	-0.107	0.012	0.802
12.966	-0.640	0.242	0.525	1.09	-0.96	0.91	2.18	-0.47	-2.93	47051	-0.657	0.238	0.540	-0.106	0.012	0.801
12.977	-0.641	0.241	0.525	1.10	-0.95	0.88	1.42	-0.37	-2.68	47382	-0.658	0.236	0.539	-0.105	0.013	0.800
12.988	-0.640	0.237	0.524	1.12	-0.96	0.86	0.10	-0.42	-2.45	47393	-0.659	0.234	0.539	-0.104	0.013	0.799
12.996	-0.640	0.235	0.524	1.11	-0.97	0.83	-1.57	-0.65	-2.56	47398	-0.660	0.232	0.538	-0.103	0.013	0.798
13.006	-0.640	0.232	0.524	1.09	-0.97	0.81	-2.76	-1.20	-1.95	47412	-0.660	0.229	0.538	-0.102	0.013	0.797
13.018	-0.640	0.232	0.524	1.04	-0.97	0.79	-4.62	-1.63	-1.94	47431	-0.661	0.227	0.538	-0.101	0.013	0.796
13.035	-0.644	0.233	0.524	0.96	-0.93	0.76	-5.20	-2.03	-1.86	47368	-0.662	0.225	0.538	-0.100	0.014	0.795
13.038	-0.644	0.230	0.524	0.91	-0.92	0.74	-4.69	-2.10	-1.93	47351	-0.663	0.223	0.538	-0.099	0.014	0.793
13.046	-0.644	0.227	0.524	0.87	-0.91	0.72	-3.73	-2.13	-2.11	47342	-0.663	0.221	0.537	-0.098	0.014	0.792
13.059	-0.645	0.225	0.523	0.83	-0.89	0.70	-2.79	-1.36	-2.32	47342	-0.664	0.219	0.537	-0.097	0.015	0.791
13.062	-0.644	0.227	0.523	0.77	-0.88	0.67	-1.39	-1.64	-2.32	47466	-0.665	0.218	0.537	-0.096	0.015	0.790
13.077	-0.644	0.220	0.523	0.80	-0.88	0.65	-0.02	-1.00	-2.56	47449	-0.665	0.215	0.537	-0.095	0.015	0.789
13.087	-0.644	0.215	0.523	0.81	-0.88	0.63	1.44	0.60	-2.46	47440	-0.666	0.213	0.536	-0.094	0.016	0.788
13.095	-0.647	0.217	0.525	0.79	-0.87	0.60	2.48	-0.59	-2.74	47432	-0.666	0.211	0.536	-0.093	0.016	0.787
13.105	-0.648	0.214	0.525	0.82	-0.87	0.57	3.12	-0.79	-2.50	47422	-0.667	0.209	0.537	-0.092	0.016	0.786
13.119	-0.649	0.211	0.525	0.85	-0.86	0.55	2.86	-1.36	-2.60	47032	-0.668	0.207	0.537	-0.091	0.016	0.786
13.125	-0.650	0.209	0.525	0.88	-0.85	0.52	2.99	0.55	-2.01	47012	-0.668	0.204	0.537	-0.090	0.017	0.785
13.134	-0.651	0.209	0.525	0.88	-0.84	0.50	2.53	-1.03	-1.60	46986	-0.669	0.202	0.537	-0.089	0.017	0.784
13.145	-0.650	0.203	0.524	0.93	-0.84	0.49	1.23	-2.29	-1.34	46976	-0.670	0.200	0.537	-0.088	0.017	0.783
13.157	-0.650	0.201	0.524	0.93	-0.83	0.47	0.97	-3.10	-1.49	47023	-0.670	0.197	0.537	-0.087	0.017	0.782
13.167	-0.651	0.197	0.524	0.94	-0.79	0.46	-0.05	-3.46	-1.30	47006	-0.671	0.195	0.537	-0.086	0.017	0.781
13.176	-0.651	0.196	0.525	0.92	-0.76	0.44	-0.77	-3.96	-1.29	46988	-0.671	0.192	0.537	-0.085	0.018	0.780
13.186	-0.651	0.192	0.524	0.93	-0.72	0.43	-0.18	-4.98	-0.64	46971	-0.672	0.190	0.537	-0.084	0.018	0.779
13.196	-0.652	0.189	0.524	0.93	-0.67	0.43	-1.08	-4.76	-0.76	47148	-0.672	0.187	0.536	-0.083	0.018	0.778
13.205	-0.652	0.186	0.523	0.92	-0.62	0.42	-0.26	-4.07	-0.82	47133	-0.673	0.184	0.536	-0.082	0.018	0.777
13.216	-0.654	0.179	0.523	0.95	-0.57	0.41	0.04	-4.67	-0.93	47115	-0.673	0.181	0.536	-0.081	0.018	0.776
13.226	-0.655	0.175	0.523	0.95	-0.53	0.40	-0.11	-2.55	-0.97	47111	-0.674	0.178	0.536	-0.080	0.018	0.775
13.238	-0.653	0.176	0.524	0.92	-0.52	0.39	0.21	-1.48	-0.54	47108	-0.674	0.175	0.536	-0.079	0.018	0.774
13.243	-0.655	0.172	0.524	0.93	-0.50	0.39	-0.26	-0.36	-0.81	46994	-0.674	0.172	0.536	-0.078	0.018	0.773
13.259	-0.655	0.169	0.524	0.93	-0.50	0.38	-1.38	0.84	-0.52	46981	-0.675	0.169	0.536	-0.077	0.018	0.772
13.268	-0.655	0.167	0.524	0.90	-0.52	0.38	-1.64	1.58	0.12	46974	-0.675	0.166	0.536	-0.076	0.018	0.772
13.280	-0.655	0.164	0.524	0.88	-0.54	0.38	-2.33	2.07	0.29	46976	-0.676	0.163	0.536	-0.075	0.018	0.771
13.290	-0.655	0.161	0.524	0.85	-0.57	0.38	-3.80	1.70	0.49	47064	-0.676	0.160	0.536	-0.074	0.018	0.770
13.295	-0.656	0.159	0.524	0.80	-0.58	0.38	-4.28	2.32	0.81	47062	-0.676	0.157	0.536	-0.073	0.018	0.769
13.306	-0.656	0.154	0.524	0.78	-0.61	0.39	-4.06	1.97	0.95	47060	-0.676	0.154	0.536	-0.072	0.018	0.768
13.316	-0.654	0.155	0.524	0.70	-0.65	0.40	-4.28	1.61	0.68	47057	-0.676	0.152	0.536	-0.071	0.018	0.767
13.321	-0.654	0.149	0.524	0.67	-0.66	0.41	-4.66	0.59	0.96	47049	-0.676	0.149	0.535	-0.070	0.018	0.766
13.337	-0.654	0.146	0.524	0.63	-0.67	0.42	-3.95	-0.43	0.58	47032	-0.676	0.146	0.535	-0.069	0.018	0.765
13.343	-0.654	0.142	0.524	0.60	-0.67	0.43	-3.18	-1.13	0.88	47029	-0.676	0.142	0.535	-0.067	0.018	0.764
13.354	-0.654	0.139	0.524	0.57	-0.66	0.44	-3.00	-1.38	0.93	47010	-0.676	0.139	0.535	-0.066	0.018	0.763
13.366	-0.655	0.136	0.524	0.54	-0.64	0.45	-2.37	-2.61	0.97	47003	-0.676	0.136	0.535	-0.065	0.018	0.763
13.374	-0.658	0.128	0.524	0.56	-0.60	0.46	-2.34	-2.62	0.73	46930	-0.677	0.132	0.535	-0.064	0.018	0.762
13.386	-0.658	0.131	0.524	0.49	-0.57	0.46	-1.50	-2.87	1.02	46924	-0.677	0.130	0.535	-0.063	0.018	0.761
13.395	-0.658	0.129	0.524	0.47	-0.55	0.47	-1.39	-2.34	0.72	46901	-0.677	0.127	0.535	-0.062	0.018	0.760
13.405	-0.658	0.125	0.525	0.47	-0.53	0.48	-1.24	-0.77	0.65	46875	-0.677	0.124	0.536	-0.061	0.018	0.759
13.415	-0.657	0.119	0.526	0.48	-0.54	0.49	-1.32	0.56	0.48	46684	-0.677	0.120	0.536	-0.060	0.018	0.759
13.424	-0.658	0.121	0.526	0.42	-0.54	0.49	-2.26	2.43	0.69	46685	-0.678	0.118	0.536	-0.059	0.018	0.758
13.439	-0.659	0.118	0.526	0.40	-0.57	0.49	-3.31	3.87	0.56	46674	-0.678	0.115	0.536	-0.058	0.018	0.757
13.445	-0.658	0.121	0.526	0.31	-0.61	0.49	-4.64	4.68	0.75	46674	-0.678	0.113	0.536	-0.057	0.019	0.756
13.456	-0.659	0.113	0.525	0.31	-0.65	0.50	-5.46	5.46	0.91	46672	-0.678	0.110	0.536	-0.056	0.019	0.755
13.464	-0.658	0.107	0.525	0.27	-0.71	0.52	-5.29	5.57	0.91	46811	-0.678	0.107	0.536	-0.055	0.019	0.755
13.475	-0.658	0.109	0.525	0.18	-0.77	0.52	-6.00	4.97	1.16	46823	-0.678	0.104	0.536	-0.054	0.019	0.754
13.486	-0.658	0.109	0.525	0.10	-0.83	0.53	-4.85	4.70	1.25	46819	-0.678	0.102	0.536	-0.053	0.019	0.753
13.495	-0.658	0.106	0.524	0.05	-0.87	0.54	-3.96	3.72	0.96	46802	-0.678	0.100	0.536	-0.052	0.020	0.752
13.507	-0.657	0.101	0.524	0.03	-0.92	0.55	-2.29	1.84	0.83	46976	-0.678	0.097	0.535	-0.051	0.020	0.751
13.515	-0.656	0.099	0.524	-0.00	-0.93	0.56	-2.11	-0.48	0.82	46997	-0.678	0.095	0.535	-0.050	0.020	0.751
13.522	-0.656	0.096	0.524	-0.02	-0.92	0.57	1.82	-2.06	0.64	46997	-0.678	0.092	0.535	-0.049	0.020	0.750
13.536	-0.657	0.092	0.524	0.00	-0.90	0.57	1.01	-2.36	0.44	46991	-0.677	0.089	0.535	-0.048	0.020	0.749
13.545	-0.657	0.092	0.524	0.01	-0.87	0.58	4.54	-2.90	1.04	47001	-0.677	0.087	0.535	-0.047	0.021	0.748
13.555	-0.657	0.088	0.524	0.06	-0.85	0.59	4.32	-3.18	0.30	47037	-0.677	0.084	0.535	-0.046	0.021	0.747
13.567	-0.657	0.085	0.524	0.11	-0.81	0.59	6.16	-2.90	0.92	47028	-0.677	0.082	0.534	-0.045	0.021	0.747
13.575	-0.658	0.084	0.524	0.16	-0.79	0.60	5.32	-2.21	0.52	47023	-0.677	0.079	0.534	-0.044	0.021	0.746
13.585	-0.658	0.086	0.523	0.18	-0.77	0.60	5.22	0.02	0.93	47028	-0.677	0.077	0.534	-0.043	0.022	0.745
13.594	-0.658	0.083	0.523	0.23	-0.77	0.61	4.62	0.38	0.80	47180	-0.677	0.075	0.534	-0.042	0.022	0.744
13.605	-0.659	0.083	0.523	0.24	-0.76	0.61	2.96	0.97	0.47	47185	-0.677	0.074	0.534	-0.041	0.023	0.743
13.615	-0.659	0.077	0.523	0.30	-0.78	0.62	1.59	1.83	0.35	47186	-0.677	0.071	0.533	-0.040	0.023	0.743
13.625	-0.657	0.075	0.522	0.31	-0.81	0.62	0.69	2.49	-0.07	47194	-0.677	0.069	0.533	-0.039	0.023	0.742
13.635	-0.657	0.073	0.522	0.31	-0.84	0.62	-0.25	3.18	-0.03	47427	-0.677	0.067	0.533	-0.038	0.023	0.741
13.647	-0.656	0.066	0.522	0.32	-0.88	0.63	-0.90	3.61	0.40	47437	-0.677	0.064	0.532	-0.037	0.024	0.740
13.655	-0.656	0.065	0.521	0.31	-0.92	0.63	-1.48	2.96	0.36	47448	-0.676	0.062	0.532	-0.036	0.024	0.739
13.666	-0.656	0.067	0.521	0.25	-0.95	0.63	-1.69	1.81	0.39	47458	-0.676	0.060	0.532	-0.035	0.024	0.739
13.675	-0.656	0.064	0.522	0.24	-0.97	0.63	-1.18	0.76	0.45	47469	-0.676	0.058	0.532	-0.034	0.024	0.738
13.685	-0.655	0.059	0.522	0.24	-0.98	0.64	-0.78	-0.73	0.55	47347	-0.675	0.055	0.532	-0.033	0.025	0.737
13.699	-0.656	0.059	0.522	0.21	-0.96	0.64	0.05	-1.92	0.78	47340	-0.675	0.053	0.532	-0.032	0.025	0.736
13.706	-0.656	0.056	0.522	0.22	-0.94	0.65	1.31	-2.32	1.09	47334	-0.675	0.051	0.531	-0.031	0.025	0.736
13.724	-0.656	0.055	0.523	0.22	-0.92	0.66	1.97	-1.50	0.75	47332	-0.675	0.049	0.532	-0.030	0.025	0.735
13.726	-0.656	0.052	0.523	0.24	-0.90	0.67	2.73	-1.52	1.37	47073	-0.675	0.046	0.532	-0.029	0.026	0.734
13.737	-0.656	0.050	0.523	0.27	-0.89	0.69	3.30	-0.59	1.15	47044	-0.675	0.044	0.532	-0.028	0.026	0.734
13.749	-0.656	0.047	0.523	0.31	-0.89	0.70	3.42	0.52	1.21	47020	-0.674	0.042	0.532	-0.027	0.026	0.733
13.754	-0.656	0.044	0.522	0.34	-0.89	0.71	3.28	1.34	0.83	47013	-0.674	0.040	0.532	-0.026	0.026	0.732
13.765	-0.656	0.042	0.522	0.37	-0.91	0.72	3.14	2.40	0.71	47134	-0.674	0.037	0.532	-0.025	0.027	0.731
13.775	-0.655	0.034	0.522	0.44	-0.93	0.73	3.14	3.62	0.47	47114	-0.674	0.034	0.532	-0.024	0.027	0.731
13.786	-0.655	0.036	0.522	0.43	-0.97	0.73	2.28	3.58	0.10	47100	-0.674	0.032	0.532	-0.023	0.027	0.730
13.798	-0.653	0.035	0.522	0.44	-1.01	0.73	1.78	3.79	0.10	47104	-0.673	0.030	0.531	-0.022	0.027	0.729
13.810	-0.654	0.033	0.523	0.45	-1.04	0.73	0.90	3.61	0.07	47106	-0.673	0.028	0.532	-0.021	0.027	0.729
13.817	-0.654	0.031	0.523	0.45	-1.08	0.73	0.44	2.90	-0.48	46948	-0.673	0.025	0.532	-0.020	0.028	0.728
13.825	-0.653	0.023	0.523	0.48	-1.10	0.73	0.28	1.41	-0.54	46935	-0.672	0.023	0.532	-0.020	0.028	0.727
13.836	-0.653	0.020	0.523	0.48	-1.11	0.72	0.36	-0.20	-0.96	46942	-0.672	0.020	0.532	-0.019	0.028	0.727
13.849	-0.653	0.017	0.524	0.48	-1.11	0.72	-0.75	-1.38	-0.64	46943	-0.672	0.017	0.532	-0.018	0.028	0.726
13.855	-0.652	0.015	0.524	0.48	-1.09	0.71	-0.49	-3.61	-0.45	46786	-0.671	0.014	0.532	-0.017	0.028	0.725
13.866	-0.651	0.010	0.524	0.49	-1.06	0.71	0.02	-4.61	-0.35	46783	-0.671	0.011	0.532	-0.016	0.028	0.725
13.875	-0.649	0.011	0.524	0.46	-1.03	0.70	0.05	-4.44	-0.49	46796	-0.670	0.008	0.532	-0.015	0.028	0.724
13.886	-0.650	0.006	0.523	0.47	-0.98	0.70	-1.17	-4.19	-0.32	46802	-0.670	0.006	0.532	-0.014	0.028	0.723
13.895	-0.650	0.006	0.523	0.45	-0.93	0.69	-1.16	-1.92	0.16	46944	-0.669	0.003	0.532	-0.013	0.028	0.723
13.903	-0.651	0.004	0.523	0.42	-0.91	0.69	-2.44	-1.58	-0.25	46943	-0.669	0.000	0.532	-0.012	0.028	0.722
13.914	-0.650	0.001	0.523	0.40	-0.90	0.69	-2.54	1.01	-0.41	46934	-0.669	-0.002	0.532	-0.011	0.028	0.721
13.924	-0.649	-0.004	0.525	0.38	-0.92	0.69	-2.59	3.27	-0.68	46938	-0.668	-0.005	0.532	-0.010	0.028	0.721
13.935	-0.648	-0.007	0.525	0.36	-0.95	0.68	-2.52	3.07	-0.85	46952	-0.668	-0.008	0.532	-0.009	0.028	0.720
13.946	-0.648	-0.007	0.525	0.32	-0.99	0.67	-1.94	4.10	-0.57	46678	-0.667	-0.010	0.532	-0.008	0.029	0.720
13.955	-0.648	-0.007	0.525	0.28	-1.03	0.66	-2.17	4.47	-1.03	46662	-0.667	-0.012	0.532	-0.007	0.029	0.719
13.964	-0.647	-0.010	0.525	0.26	-1.07	0.65	-0.73	3.97	-1.12	46666	-0.666	-0.015	0.533	-0.006	0.029	0.719
13.973	-0.647	-0.016	0.524	0.28	-1.11	0.64	-0.72	3.53	-1.59	46679	-0.666	-0.018	0.532	-0.005	0.029	0.718
13.984	-0.645	-0.016	0.524	0.25	-1.15	0.62	1.45	0.84	-1.73	46822	-0.665	-0.020	0.532	-0.004	0.029	0.717
13.994	-0.645	-0.016	0.524	0.25	-1.15	0.60	3.97	0.39	-1.68	46820	-0.665	-0.022	0.532	-0.003	0.030	0.717
14.004	-0.645	-0.019	0.524	0.29	-1.15	0.59	4.93	-2.33	-1.64	46832	-0.664	-0.024	0.532	-0.002	0.030	0.716
14.014	-0.644	-0.022	0.524	0.34	-1.12	0.57	4.66	-2.76	-1.42	46845	-0.663	-0.027	0.532	-0.001	0.030	0.716
14.024	-0.643	-0.028	0.524	0.41	-1.09	0.56	5.97	-5.30	-0.98	46870	-0.663	-0.029	0.532	0.000	0.030	0.715
14.034	-0.643	-0.027	0.524	0.44	-1.04	0.54	4.84	-5.03	-1.39	46872	-0.662	-0.032	0.532	0.001	0.030	0.714
14.044	-0.643	-0.030	0.524	0.48	-0.98	0.53	4.96	-4.74	-1.07	46885	-0.662	-0.034	0.532	0.002	0.031	0.714
14.057	-0.643	-0.032	0.524	0.52	-0.94	0.52	1.76	-2.50	-0.93	46902	-0.661	-0.036	0.532	0.003	0.031	0.713
14.066	-0.639	-0.038	0.522	0.56	-0.94	0.51	-0.24	-0.66	-1.06	46915	-0.660	-0.039	0.531	0.004	0.031	0.713
14.075	-0.638	-0.041	0.522	0.55	-0.94	0.50	-1.61	0.61	-1.16	47225	-0.659	-0.042	0.531	0.005	0.031	0.712
14.086	-0.637	-0.044	0.522	0.53	-0.94	0.49	-3.70	2.11	-0.97	47242	-0.658	-0.045	0.531	0.006	0.031	0.711
14.091	-0.636	-0.043	0.522	0.46	-0.98	0.48	-4.46	3.57	-1.16	47276	-0.657	-0.047	0.531	0.007	0.031	0.711
14.105	-0.636	-0.044	0.522	0.40	-1.01	0.46	-6.25	5.29	-1.30	47304	-0.656	-0.049	0.530	0.008	0.031	0.710
14.112	-0.634	-0.050	0.522	0.35	-1.07	0.45	-6.88	4.77	-1.58	47327	-0.655	-0.052	0.530	0.009	0.031	0.709
14.124	-0.635	-0.049	0.522	0.27	-1.11	0.43	-6.44	5.24	-1.67	47343	-0.654	-0.054	0.530	0.010	0.032	0.709
14.133	-0.635	-0.055	0.522	0.22	-1.15	0.42	-5.64	3.31	-1.58	47352	-0.654	-0.057	0.530	0.011	0.032	0.708
14.143	-0.633	-0.057	0.520	0.17	-1.18	0.40	-4.42	3.35	-1.64	47362	-0.653	-0.059	0.529	0.012	0.032	0.707
14.157	-0.632	-0.057	0.519	0.10	-1.22	0.38	-3.40	-0.10	-1.82	47694	-0.652	-0.062	0.529	0.013	0.032	0.707
14.165	-0.633	-0.058	0.519	0.05	-1.19	0.36	-1.16	-0.61	-1.90	47699	-0.651	-0.064	0.528	0.014	0.032	0.706
14.176	-0.631	-0.062	0.519	0.06	-1.20	0.34	-0.01	-1.10	-1.82	47706	-0.650	-0.066	0.528	0.015	0.033	0.705
14.184	-0.631	-0.064	0.519	0.05	-1.18	0.32	1.53	-2.06	-1.61	47722	-0.649	-0.068	0.528	0.016	0.033	0.705
14.194	-0.629	-0.068	0.519	0.07	-1.16	0.31	1.97	-4.21	-1.30	47644	-0.648	-0.071	0.528	0.017	0.033	0.704
14.205	-0.628	-0.071	0.519	0.09	-1.12	0.30	1.31	-2.88	-1.02	47651	-0.648	-0.073	0.527	0.018	0.033	0.703
14.216	-0.626	-0.076	0.519	0.12	-1.10	0.29	1.70	-3.09	-0.87	47651	-0.646	-0.076	0.527	0.019	0.033	0.703
14.224	-0.625	-0.076	0.518	0.12	-1.07	0.27	1.11	-2.28	-1.22	47652	-0.645	-0.079	0.527	0.020	0.033	0.702
14.234	-0.627	-0.076	0.518	0.11	-1.03	0.26	0.32	-0.65	-1.32	47655	-0.645	-0.081	0.527	0.021	0.034	0.701
14.246	-0.626	-0.079	0.518	0.11	-1.02	0.25	0.26	0.18	-1.15	47610	-0.644	-0.083	0.527	0.022	0.034	0.701
14.260	-0.625	-0.078	0.518	0.09	-1.02	0.23	-0.44	0.52	-1.62	47598	-0.643	-0.085	0.527	0.023	0.034	0.700
14.265	-0.622	-0.083	0.518	0.09	-1.04	0.22	-0.72	1.03	-1.46	47584	-0.642	-0.087	0.526	0.024	0.034	0.700
14.275	-0.621	-0.082	0.518	0.06	-1.06	0.20	0.03	2.18	-1.37	47577	-0.641	-0.089	0.526	0.025	0.035	0.699
14.286	-0.621	-0.085	0.518	0.06	-1.07	0.19	-0.57	1.30	-1.46	47570	-0.640	-0.091	0.526	0.026	0.035	0.698
14.294	-0.620	-0.086	0.518	0.04	-1.09	0.17	0.45	2.19	-1.98	47563	-0.639	-0.093	0.526	0.027	0.035	0.698
14.303	-0.620	-0.091	0.517	0.06	-1.09	0.15	0.13	0.61	-1.83	47547	-0.638	-0.095	0.526	0.028	0.035	0.697
14.312	-0.616	-0.093	0.517	0.05	-1.12	0.13	1.23	1.34	-2.08	47537	-0.637	-0.097	0.526	0.029	0.036	0.696
14.325	-0.615	-0.095	0.517	0.07	-1.13	0.11	1.78	0.52	-1.96	47520	-0.635	-0.099	0.526	0.030	0.036	0.696
14.335	-0.615	-0.098	0.517	0.08	-1.12	0.09	2.39	-0.03	-2.31	47602	-0.634	-0.102	0.526	0.031	0.036	0.695
14.344	-0.611	-0.100	0.516	0.10	-1.13	0.07	2.38	-1.31	-2.07	47593	-0.633	-0.104	0.525	0.032	0.036	0.694
14.355	-0.610	-0.103	0.516	0.12	-1.12	0.05	2.44	-3.18	-1.91	47583	-0.631	-0.106	0.525	0.033	0.036	0.694
14.366	-0.611	-0.104	0.517	0.14	-1.06	0.03	2.32	-4.11	-1.93	47560	-0.630	-0.108	0.525	0.034	0.037	0.693
14.374	-0.610	-0.107	0.516	0.16	-1.02	0.01	2.46	-3.99	-1.97	47498	-0.629	-0.110	0.525	0.035	0.037	0.692
14.385	-0.606	-0.111	0.516	0.19	-1.01	-0.01	1.12	-3.83	-2.44	47488	-0.627	-0.113	0.525	0.036	0.037	0.692
14.395	-0.605	-0.112	0.516	0.19	-0.97	-0.03	1.35	-1.76	-2.37	47478	-0.626	-0.115	0.525	0.037	0.037	0.691
14.401	-0.604	-0.112	0.516	0.18	-0.94	-0.06	0.88	-1.87	-2.29	47457	-0.625	-0.117	0.525	0.038	0.037	0.690
14.416	-0.602	-0.113	0.516	0.17	-0.93	-0.08	-1.11	0.37	-1.96	47459	-0.623	-0.119	0.525	0.039	0.038	0.690
14.421	-0.601	-0.116	0.516	0.16	-0.93	-0.10	-2.28	-0.08	-1.67	47444	-0.621	-0.121	0.525	0.040	0.038	0.689
14.434	-0.601	-0.118	0.516	0.13	-0.93	-0.12	-2.74	1.98	-1.38	47428	-0.620	-0.123	0.525	0.041	0.038	0.688
14.442	-0.600	-0.117	0.516	0.07	-0.95	-0.13	-3.82	3.28	-1.04	47408	-0.619	-0.124	0.525	0.042	0.039	0.688
14.455	-0.600	-0.121	0.516	0.04	-0.96	-0.14	-3.97	0.91	-0.60	47380	-0.618	-0.126	0.525	0.043	0.039	0.687
14.467	-0.599	-0.123	0.516	0.01	-0.97	-0.15	-3.58	0.69	-0.11	47424	-0.616	-0.128	0.525	0.044	0.039	0.686
14.474	-0.596	-0.129	0.516	-0.02	-0.98	-0.15	-2.74	1.17	-0.12	47403	-0.615	-0.131	0.524	0.045	0.039	0.686
14.485	-0.595	-0.129	0.516	-0.05	-0.99	-0.15	-2.10	1.27	-0.07	47381	-0.614	-0.133	0.524	0.046	0.039	0.685
14.496	-0.594	-0.127	0.516	-0.10	-1.00	-0.15	-1.58	-0.30	0.16	47350	-0.612	-0.134	0.524	0.047	0.040	0.684
14.503	-0.591	-0.133	0.516	-0.09	-1.00	-0.15	-0.99	-2.06	0.41	47211	-0.611	-0.136	0.524	0.048	0.040	0.684
14.513	-0.589	-0.136	0.516	-0.10	-0.98	-0.14	-0.05	-1.27	0.88	47197	-0.609	-0.139	0.525	0.049	0.040	0.683
14.525	-0.588	-0.138	0.516	-0.09	-0.97	-0.13	1.52	-2.66	1.32	47181	-0.608	-0.141	0.525	0.050	0.040	0.682
14.535	-0.589	-0.140	0.517	-0.08	-0.93	-0.12	1.89	-3.14	1.58	47161	-0.606	-0.143	0.525	0.051	0.040	0.682
14.545	-0.587	-0.139	0.517	-0.08	-0.90	-0.10	1.33	-3.35	2.24	47139	-0.605	-0.145	0.525	0.052	0.041	0.681
14.555	-0.587	-0.143	0.517	-0.07	-0.85	-0.08	-0.04	-1.99	2.38	46991	-0.604	-0.147	0.525	0.053	0.041	0.681
14.565	-0.586	-0.145	0.517	-0.07	-0.84	-0.06	-0.38	0.03	2.76	46967	-0.602	-0.149	0.525	0.053	0.041	0.680
14.574	-0.584	-0.142	0.517	-0.12	-0.83	-0.03	-1.54	-0.08	2.81	46952	-0.601	-0.150	0.525	0.054	0.041	0.679
14.583	-0.584	-0.145	0.517	-0.13	-0.83	-0.00	-1.53	1.95	2.71	46916	-0.600	-0.152	0.525	0.055	0.042	0.679
14.596	-0.582	-0.147	0.518	-0.15	-0.85	0.02	-1.76	1.68	2.72	46901	-0.599	-0.153	0.525	0.056	0.042	0.678
14.603	-0.580	-0.149	0.518	-0.17	-0.87	0.05	-2.52	3.44	2.98	46870	-0.597	-0.155	0.525	0.057	0.042	0.678
14.612	-0.580	-0.150	0.518	-0.20	-0.89	0.08	-1.63	3.16	3.32	46838	-0.596	-0.156	0.525	0.058	0.043	0.677
14.624	-0.577	-0.154	0.518	-0.21	-0.93	0.12	-1.24	4.72	3.68	46816	-0.595	-0.158	0.526	0.059	0.043	0.676
14.634	-0.576	-0.156	0.519	-0.22	-0.98	0.16	-0.78	3.65	4.07	46732	-0.593	-0.160	0.526	0.059	0.043	0.676
14.644	-0.574	-0.159	0.519	-0.23	-1.01	0.20	-0.73	3.63	3.58	46708	-0.592	-0.162	0.526	0.060	0.043	0.675
14.655	-0.573	-0.158	0.519	-0.25	-1.05	0.23	0.95	3.28	4.12	46674	-0.590	-0.164	0.526	0.061	0.043	0.675
14.665	-0.572	-0.158	0.519	-0.25	-1.07	0.27	2.11	1.51	4.32	46659	-0.589	-0.165	0.526	0.062	0.044	0.674
14.675	-0.572	-0.159	0.519	-0.23	-1.07	0.32	2.51	-0.10	4.53	46648	-0.587	-0.166	0.526	0.063	0.044	0.674
14.685	-0.569	-0.168	0.519	-0.15	-1.08	0.37	3.12	-0.62	4.46	46637	-0.586	-0.168	0.526	0.064	0.044	0.673
14.692	-0.568	-0.168	0.520	-0.14	-1.07	0.41	2.88	-1.60	4.48	46626	-0.584	-0.170	0.526	0.065	0.044	0.673
14.703	-0.566	-0.170	0.520	-0.11	-1.05	0.46	3.52	-1.98	4.27	46616	-0.583	-0.172	0.526	0.065	0.045	0.672
14.715	-0.565	-0.171	0.519	-0.08	-1.02	0.50	2.72	-1.87	4.31	46613	-0.582	-0.174	0.526	0.066	0.045	0.672
14.725	-0.564	-0.172	0.519	-0.06	-1.00	0.54	2.50	-1.89	4.73	46763	-0.580	-0.176	0.526	0.067	0.045	0.671
14.735	-0.562	-0.175	0.519	-0.04	-0.98	0.59	1.51	-0.80	4.85	46761	-0.579	-0.178	0.526	0.068	0.045	0.671
14.745	-0.562	-0.178	0.520	-0.01	-0.97	0.63	0.85	0.73	4.81	46751	-0.577	-0.180	0.526	0.069	0.045	0.670
14.755	-0.562	-0.179	0.520	-0.02	-0.97	0.68	-0.77	2.26	4.41	46757	-0.576	-0.182	0.526	0.069	0.045	0.670
14.764	-0.558	-0.179	0.518	-0.05	-1.01	0.72	-1.45	2.26	4.43	46774	-0.574	-0.183	0.526	0.070	0.045	0.669
14.777	-0.556	-0.181	0.518	-0.06	-1.04	0.77	-2.69	3.42	3.83	47045	-0.573	-0.185	0.526	0.071	0.046	0.669
14.786	-0.556	-0.186	0.518	-0.06	-1.06	0.81	-2.35	3.96	3.76	47050	-0.571	-0.187	0.525	0.072	0.046	0.668
14.794	-0.554	-0.189	0.518	-0.09	-1.09	0.85	-2.62	3.45	4.53	47054	-0.570	-0.189	0.525	0.073	0.046	0.668
14.804	-0.553	-0.188	0.519	-0.13	-1.12	0.89	-2.69	2.94	4.72	47061	-0.568	-0.191	0.525	0.074	0.046	0.667
14.815	-0.553	-0.194	0.519	-0.13	-1.14	0.94	-2.20	2.57	5.09	47025	-0.567	-0.193	0.525	0.074	0.046	0.667
14.826	-0.549	-0.199	0.519	-0.12	-1.17	1.00	-1.64	2.17	5.58	47039	-0.565	-0.196	0.525	0.075	0.046	0.666
14.836	-0.549	-0.201	0.519	-0.15	-1.18	1.05	-2.18	0.91	5.46	47041	-0.564	-0.198	0.525	0.076	0.046	0.666
14.846	-0.547	-0.198	0.519	-0.21	-1.19	1.11	-2.38	0.81	5.39	47033	-0.563	-0.200	0.525	0.077	0.046	0.665
14.855	-0.547	-0.196	0.519	-0.27	-1.18	1.15	-2.80	-0.73	5.46	47028	-0.561	-0.202	0.525	0.077	0.046	0.665
14.865	-0.544	-0.202	0.519	-0.27	-1.18	1.21	-2.12	-0.78	4.99	47037	-0.560	-0.204	0.525	0.078	0.046	0.664
14.877	-0.544	-0.200	0.519	-0.32	-1.16	1.25	-2.02	-0.87	4.78	47033	-0.558	-0.205	0.525	0.079	0.046	0.664
14.884	-0.543	-0.199	0.519	-0.36	-1.14	1.30	-2.81	-1.78	4.99	47026	-0.557	-0.206	0.525	0.080	0.047	0.663
14.893	-0.539	-0.210	0.518	-0.32	-1.14	1.35	-2.76	-1.17	4.45	47038	-0.555	-0.208	0.525	0.080	0.047	0.663
14.904	-0.539	-0.211	0.518	-0.36	-1.12	1.40	-2.65	-0.22	4.60	47185	-0.554	-0.211	0.524	0.081	0.047	0.662
14.915	-0.535	-0.211	0.518	-0.40	-1.13	1.44	-2.45	0.18	5.21	47186	-0.552	-0.213	0.524	0.082	0.047	0.662
14.924	-0.533	-0.213	0.518	-0.43	-1.13	1.49	-2.29	0.71	4.72	47191	-0.550	-0.214	0.524	0.083	0.047	0.662
14.935	-0.534	-0.210	0.517	-0.49	-1.13	1.54	-1.76	0.84	4.83	47208	-0.548	-0.216	0.524	0.084	0.047	0.661
14.946	-0.532	-0.212	0.517	-0.50	-1.14	1.59	-1.98	1.22	4.95	47362	-0.547	-0.217	0.524	0.084	0.047	0.661
14.955	-0.530	-0.223	0.517	-0.45	-1.14	1.64	-1.27	1.35	4.86	47354	-0.545	-0.219	0.523	0.085	0.047	0.660
14.962	-0.529	-0.222	0.517	-0.48	-1.15	1.69	-0.91	1.34	4.81	47352	-0.544	-0.222	0.523	0.086	0.047	0.660
14.976	-0.528	-0.222	0.517	-0.51	-1.16	1.73	-0.82	1.72	4.44	47359	-0.542	-0.223	0.523	0.087	0.047	0.659
14.984	-0.524	-0.236	0.518	-0.42	-1.19	1.78	-0.57	2.07	3.68	47358	-0.540	-0.227	0.523	0.087	0.047	0.659
14.995	-0.523	-0.236	0.518	-0.45	-1.21	1.82	-0.75	1.59	3.80	47136	-0.539	-0.229	0.523	0.088	0.046	0.658
15.005	-0.523	-0.234	0.518	-0.49	-1.21	1.85	-0.49	1.04	4.52	47133	-0.537	-0.232	0.523	0.089	0.046	0.658
15.014	-0.522	-0.232	0.518	-0.53	-1.21	1.89	-1.33	1.40	3.72	47125	-0.536	-0.234	0.523	0.090	0.046	0.658
15.025	-0.521	-0.232	0.520	-0.56	-1.22	1.93	-1.80	0.54	3.91	47126	-0.534	-0.235	0.524	0.090	0.046	0.657
15.036	-0.520	-0.231	0.520	-0.60	-1.21	1.96	-3.76	-0.36	3.52	46834	-0.533	-0.236	0.524	0.091	0.047	0.657
15.042	-0.523	-0.226	0.520	-0.70	-1.18	1.99	-4.46	-0.10	2.95	46809	-0.532	-0.237	0.524	0.091	0.047	0.657
15.056	-0.524	-0.236	0.520	-0.67	-1.15	2.02	-5.13	0.62	2.34	46790	-0.531	-0.238	0.524	0.092	0.047	0.656
15.063	-0.523	-0.235	0.520	-0.74	-1.15	2.04	-5.27	0.96	2.56	46776	-0.530	-0.240	0.524	0.092	0.048	0.656
15.078	-0.520	-0.241	0.520	-0.76	-1.17	2.07	-3.53	2.71	2.73	46826	-0.529	-0.241	0.524	0.093	0.048	0.656
15.085	-0.517	-0.252	0.520	-0.73	-1.20	2.10	-5.29	3.18	2.37	46816	-0.528	-0.244	0.524	0.093	0.047	0.655
15.095	-0.517	-0.250	0.520	-0.81	-1.22	2.12	-1.80	5.34	2.74	46811	-0.527	-0.247	0.524	0.094	0.047	0.655
15.105	-0.515	-0.252	0.520	-0.83	-1.27	2.15	-2.70	5.26	2.27	46803	-0.526	-0.249	0.525	0.094	0.047	0.654
15.114	-0.515	-0.249	0.520	-0.89	-1.31	2.17	-1.55	5.59	2.26	46782	-0.525	-0.250	0.524	0.095	0.047	0.654
15.124	-0.507	-0.265	0.520	-0.79	-1.41	2.21	-2.49	6.04	2.03	46815	-0.523	-0.254	0.524	0.096	0.046	0.654
15.134	-0.507	-0.263	0.520	-0.84	-1.46	2.22	-1.42	6.26	1.61	46821	-0.521	-0.256	0.524	0.096	0.046	0.653
15.146	-0.505	-0.263	0.520	-0.87	-1.52	2.23	-1.32	4.62	0.46	46810	-0.520	-0.259	0.524	0.097	0.046	0.653
15.155	-0.505	-0.261	0.520	-0.92	-1.55	2.23	-2.06	4.10	1.20	46793	-0.518	-0.261	0.524	0.098	0.046	0.653
15.166	-0.504	-0.261	0.520	-0.96	-1.59	2.24	-2.11	1.81	1.06	46856	-0.517	-0.262	0.524	0.098	0.046	0.652
15.175	-0.504	-0.257	0.520	-1.03	-1.59	2.24	-1.74	0.66	1.11	46862	-0.515	-0.263	0.524	0.099	0.046	0.652
15.184	-0.501	-0.272	0.520	-0.94	-1.59	2.26	-3.35	-1.20	0.16	46840	-0.514	-0.266	0.524	0.100	0.046	0.652
15.195	-0.499	-0.274	0.520	-0.96	-1.58	2.26	-0.77	-2.05	0.10	46825	-0.512	-0.268	0.524	0.100	0.046	0.651
15.205	-0.498	-0.273	0.519	-0.99	-1.55	2.26	-0.53	-1.62	0.20	46829	-0.511	-0.270	0.524	0.101	0.046	0.651
15.218	-0.494	-0.274	0.519	-1.00	-1.55	2.26	1.45	-2.07	0.56	46958	-0.509	-0.272	0.524	0.102	0.045	0.651
15.223	-0.492	-0.283	0.519	-0.93	-1.52	2.27	0.60	-1.83	0.16	46939	-0.507	-0.275	0.524	0.102	0.045	0.650
15.236	-0.490	-0.288	0.519	-0.90	-1.50	2.28	-1.77	-2.14	-0.12	46931	-0.505	-0.278	0.524	0.103	0.044	0.650
15.244	-0.490	-0.287	0.519	-0.94	-1.47	2.28	-1.60	-2.49	-0.15	46937	-0.503	-0.281	0.523	0.104	0.044	0.649
15.254	-0.489	-0.285	0.519	-0.99	-1.43	2.27	-2.13	-1.55	0.09	47009	-0.502	-0.283	0.523	0.105	0.044	0.649
15.265	-0.486	-0.284	0.519	-1.03	-1.42	2.27	-3.00	-1.63	-0.04	47002	-0.500	-0.284	0.523	0.105	0.044	0.649
15.289	-0.482	-0.294	0.519	-1.01	-1.41	2.28	-3.59	0.06	-0.18	47011	-0.498	-0.287	0.523	0.106	0.044	0.648
15.300	-0.481	-0.298	0.518	-1.03	-1.40	2.28	-4.55	0.15	-0.14	47026	-0.496	-0.290	0.523	0.107	0.043	0.648
15.318	-0.479	-0.300	0.518	-1.08	-1.41	2.28	-5.15	1.55	-0.36	47063	-0.494	-0.292	0.523	0.108	0.043	0.648
15.325	-0.472	-0.298	0.518	-1.16	-1.46	2.27	-3.01	1.81	-0.08	47050	-0.492	-0.294	0.523	0.109	0.043	0.647
15.328	-0.469	-0.300	0.518	-1.19	-1.48	2.27	-3.52	1.42	-0.24	47054	-0.489	-0.296	0.522	0.110	0.042	0.647
15.351	-0.467	-0.297	0.518	-1.26	-1.49	2.27	-3.43	0.30	-0.48	47043	-0.486	-0.298	0.522	0.111	0.043	0.647
15.360	-0.464	-0.296	0.517	-1.32	-1.50	2.26	-3.33	-0.64	-0.50	47021	-0.484	-0.299	0.522	0.112	0.043	0.647
15.370	-0.461	-0.310	0.517	-1.25	-1.49	2.26	-2.36	-1.98	-0.54	47170	-0.481	-0.302	0.522	0.113	0.042	0.646
15.374	-0.458	-0.309	0.517	-1.29	-1.47	2.26	-0.58	-3.15	-0.78	47169	-0.478	-0.304	0.522	0.114	0.042	0.646
15.378	-0.453	-0.311	0.517	-1.29	-1.46	2.25	0.89	-4.68	-0.32	47166	-0.475	-0.306	0.521	0.115	0.042	0.646
15.385	-0.451	-0.311	0.517	-1.30	-1.40	2.25	0.69	-5.44	-0.34	47158	-0.472	-0.308	0.521	0.116	0.042	0.645
15.389	-0.452	-0.310	0.517	-1.31	-1.31	2.24	2.50	-6.78	-0.19	47155	-0.470	-0.309	0.521	0.117	0.042	0.645
15.394	-0.448	-0.309	0.517	-1.30	-1.25	2.24	2.02	-7.15	0.01	47149	-0.467	-0.311	0.521	0.118	0.042	0.645
15.405	-0.445	-0.311	0.517	-1.29	-1.18	2.24	1.52	-6.57	-0.05	47135	-0.464	-0.312	0.521	0.119	0.042	0.644
15.413	-0.445	-0.308	0.517	-1.30	-1.09	2.24	0.53	-6.17	-0.33	47112	-0.462	-0.313	0.521	0.120	0.042	0.644
15.423	-0.443	-0.310	0.517	-1.30	-1.03	2.24	0.39	-5.31	-0.31	47097	-0.459	-0.313	0.521	0.121	0.042	0.644
15.435	-0.424	-0.330	0.517	-1.14	-1.10	2.27	0.39	-4.29	0.28	47094	-0.455	-0.317	0.521	0.122	0.041	0.643
15.445	-0.421	-0.332	0.517	-1.13	-1.06	2.27	-0.14	-2.61	0.71	47108	-0.451	-0.320	0.521	0.124	0.041	0.643
15.455	-0.417	-0.330	0.517	-1.17	-1.04	2.28	-0.85	-1.97	0.94	47093	-0.446	-0.322	0.520	0.125	0.040	0.643
15.465	-0.416	-0.330	0.517	-1.20	-1.00	2.28	-2.67	-2.54	-0.00	47076	-0.442	-0.324	0.520	0.126	0.040	0.643
15.474	-0.415	-0.329	0.517	-1.24	-0.95	2.28	-2.13	-3.02	0.55	46982	-0.439	-0.326	0.520	0.128	0.040	0.642
15.489	-0.415	-0.335	0.517	-1.24	-0.90	2.29	-2.87	-4.16	1.12	46958	-0.436	-0.328	0.520	0.129	0.040	0.642
15.495	-0.415	-0.349	0.517	-1.17	-0.82	2.30	-4.03	-5.12	0.08	46925	-0.433	-0.332	0.520	0.130	0.039	0.642
15.504	-0.412	-0.348	0.518	-1.23	-0.76	2.31	-2.46	-5.56	1.20	46912	-0.430	-0.335	0.521	0.131	0.038	0.642
15.515	-0.413	-0.346	0.518	-1.30	-0.67	2.31	-3.42	-6.38	0.44	46862	-0.427	-0.337	0.521	0.131	0.038	0.641
15.525	-0.412	-0.345	0.518	-1.36	-0.60	2.32	-4.24	-6.61	0.97	46852	-0.425	-0.339	0.521	0.132	0.037	0.641
15.534	-0.412	-0.343	0.518	-1.43	-0.51	2.32	-4.09	-6.64	1.21	46836	-0.423	-0.341	0.521	0.132	0.037	0.641
15.542	-0.425	-0.335	0.518	-1.55	-0.32	2.31	-3.96	-5.92	1.07	46837	-0.423	-0.341	0.521	0.132	0.038	0.641
15.555	-0.427	-0.330	0.517	-1.64	-0.24	2.32	-3.91	-4.43	0.96	46832	-0.423	-0.341	0.520	0.132	0.038	0.641
15.566	-0.428	-0.328	0.517	-1.70	-0.18	2.32	-3.58	-1.54	0.80	47078	-0.423	-0.340	0.520	0.132	0.039	0.640
15.575	-0.423	-0.326	0.517	-1.76	-0.20	2.33	-2.82	1.34	0.99	47068	-0.423	-0.340	0.520	0.132	0.039	0.640
15.585	-0.422	-0.326	0.517	-1.79	-0.21	2.33	-2.23	5.13	0.76	47060	-0.422	-0.339	0.520	0.132	0.040	0.640
15.594	-0.420	-0.323	0.517	-1.83	-0.27	2.34	0.42	7.44	0.88	47056	-0.421	-0.338	0.520	0.132	0.041	0.640
15.604	-0.418	-0.324	0.517	-1.81	-0.36	2.34	2.93	10.83	0.80	47038	-0.420	-0.337	0.520	0.132	0.041	0.639
15.615	-0.417	-0.334	0.517	-1.69	-0.45	2.35	7.19	12.42	1.00	47025	-0.419	-0.337	0.520	0.132	0.042	0.639
15.623	-0.414	-0.334	0.517	-1.62	-0.59	2.36	8.43	13.87	1.08	47001	-0.418	-0.338	0.520	0.132	0.042	0.639
15.636	-0.422	-0.354	0.517	-1.39	-0.64	2.35	8.45	14.56	0.31	46994	-0.418	-0.340	0.520	0.132	0.041	0.639
15.644	-0.421	-0.353	0.517	-1.31	-0.77	2.35	9.69	13.72	0.92	46990	-0.418	-0.342	0.520	0.132	0.041	0.638
15.654	-0.420	-0.355	0.517	-1.20	-0.90	2.36	10.71	12.94	1.22	46976	-0.418	-0.345	0.520	0.132	0.040	0.638
15.664	-0.416	-0.356	0.517	-1.11	-1.03	2.37	7.74	11.24	1.23	46973	-0.417	-0.347	0.520	0.132	0.040	0.638
15.677	-0.414	-0.356	0.517	-1.04	-1.14	2.38	4.88	9.42	1.49	46979	-0.417	-0.349	0.520	0.132	0.039	0.638
15.683	-0.411	-0.357	0.517	-1.00	-1.24	2.40	2.90	7.82	1.80	46984	-0.415	-0.350	0.519	0.132	0.039	0.638
15.696	-0.409	-0.357	0.517	-0.99	-1.30	2.41	-0.66	5.98	1.17	47059	-0.414	-0.352	0.519	0.133	0.039	0.637
15.706	-0.407	-0.356	0.516	-1.01	-1.36	2.43	-3.08	4.46	1.13	47058	-0.413	-0.353	0.519	0.133	0.038	0.637
15.715	-0.408	-0.356	0.516	-1.06	-1.38	2.43	-6.20	3.71	0.77	47071	-0.412	-0.354	0.519	0.133	0.038	0.637
15.726	-0.402	-0.354	0.517	-1.14	-1.44	2.44	-8.06	2.63	1.42	47086	-0.410	-0.354	0.519	0.134	0.038	0.637
15.734	-0.402	-0.352	0.517	-1.25	-1.44	2.45	-8.69	1.77	1.37	46973	-0.409	-0.355	0.519	0.134	0.039	0.637
15.744	-0.397	-0.349	0.517	-1.37	-1.47	2.47	-8.68	0.68	1.29	46973	-0.407	-0.355	0.519	0.134	0.039	0.637
15.753	-0.395	-0.348	0.517	-1.46	-1.48	2.48	-7.28	0.37	1.51	46984	-0.405	-0.354	0.519	0.135	0.039	0.636
15.765	-0.393	-0.346	0.517	-1.55	-1.48	2.49	-5.95	0.34	0.91	46983	-0.403	-0.354	0.519	0.136	0.039	0.636
15.774	-0.393	-0.354	0.518	-1.54	-1.46	2.50	-3.60	0.53	0.69	46974	-0.401	-0.354	0.519	0.136	0.040	0.636
15.784	-0.396	-0.368	0.518	-1.46	-1.43	2.50	-2.21	2.07	0.45	46800	-0.400	-0.357	0.519	0.136	0.039	0.636
15.796	-0.395	-0.368	0.518	-1.47	-1.44	2.51	2.97	1.91	1.29	46784	-0.399	-0.358	0.520	0.136	0.038	0.636
15.804	-0.390	-0.368	0.518	-1.44	-1.48	2.52	3.67	2.08	0.91	46771	-0.398	-0.360	0.520	0.137	0.038	0.636
15.815	-0.385	-0.368	0.518	-1.40	-1.52	2.53	5.39	2.84	0.95	46755	-0.396	-0.361	0.520	0.137	0.038	0.636
15.824	-0.383	-0.369	0.518	-1.35	-1.55	2.54	4.23	3.03	0.66	46761	-0.394	-0.363	0.520	0.138	0.037	0.635
15.834	-0.380	-0.370	0.518	-1.31	-1.58	2.54	3.12	3.48	0.27	46764	-0.391	-0.364	0.520	0.138	0.037	0.635
15.844	-0.373	-0.370	0.518	-1.29	-1.66	2.55	2.27	3.58	0.50	46763	-0.389	-0.365	0.520	0.139	0.037	0.635
15.852	-0.370	-0.370	0.518	-1.27	-1.69	2.55	2.24	3.14	0.39	46769	-0.386	-0.366	0.520	0.140	0.037	0.635
15.864	-0.365	-0.370	0.517	-1.25	-1.73	2.56	1.08	2.46	0.41	46783	-0.383	-0.367	0.520	0.141	0.036	0.635
15.873	-0.363	-0.370	0.517	-1.25	-1.75	2.56	0.92	1.70	0.09	46986	-0.380	-0.368	0.520	0.142	0.036	0.635
15.883	-0.360	-0.370	0.517	-1.25	-1.76	2.56	-0.75	-0.49	-0.26	46989	-0.377	-0.368	0.519	0.143	0.036	0.635
15.898	-0.357	-0.370	0.517	-1.27	-1.75	2.56	-2.37	-2.61	-0.96	47001	-0.374	-0.369	0.519	0.144	0.036	0.634
15.904	-0.348	-0.370	0.517	-1.31	-1.76	2.55	-4.65	-4.65	-1.54	47020	-0.370	-0.369	0.519	0.145	0.036	0.634
15.914	-0.346	-0.369	0.517	-1.38	-1.69	2.53	-6.64	-7.34	-1.32	47131	-0.367	-0.370	0.519	0.146	0.036	0.634
15.923	-0.343	-0.368	0.516	-1.45	-1.62	2.52	-6.07	-8.03	-1.29	47130	-0.363	-0.370	0.519	0.147	0.036	0.634
15.933	-0.340	-0.367	0.516	-1.51	-1.53	2.51	-5.67	-10.28	-1.64	47139	-0.360	-0.370	0.519	0.148	0.036	0.634
15.944	-0.341	-0.365	0.517	-1.59	-1.40	2.49	-5.30	-11.13	-1.75	47152	-0.357	-0.369	0.519	0.149	0.037	0.634
15.953	-0.335	-0.365	0.517	-1.65	-1.31	2.48	-4.45	-12.02	-2.08	47036	-0.353	-0.369	0.519	0.150	0.037	0.633
15.964	-0.332	-0.364	0.517	-1.69	-1.19	2.46	-2.82	-12.08	-2.01	47025	-0.350	-0.368	0.518	0.151	0.037	0.633
15.975	-0.327	-0.363	0.517	-1.72	-1.08	2.44	-0.42	-11.32	-2.27	47024	-0.347	-0.368	0.518	0.152	0.037	0.633
15.984	-0.324	-0.364	0.517	-1.71	-0.96	2.42	2.39	-11.80	-2.88	47017	-0.343	-0.368	0.518	0.152	0.037	0.633
15.992	-0.316	-0.364	0.517	-1.67	-0.89	2.41	4.62	-10.43	-2.98	46988	-0.339	-0.367	0.518	0.154	0.038	0.633
16.005	-0.312	-0.364	0.517	-1.61	-0.78	2.38	8.45	-8.52	-3.05	46947	-0.335	-0.367	0.518	0.155	0.038	0.633
16.012	-0.311	-0.366	0.517	-1.51	-0.68	2.35	9.60	-8.86	-3.23	46943	-0.331	-0.367	0.518	0.156	0.038	0.633
16.023	-0.312	-0.369	0.517	-1.38	-0.56	2.31	11.95	-7.47	-3.13	46954	-0.328	-0.367	0.518	0.157	0.038	0.633
16.036	-0.315	-0.372	0.516	-1.24	-0.45	2.28	12.17	-5.76	-3.36	46953	-0.325	-0.367	0.518	0.157	0.037	0.633
16.044	-0.297	-0.355	0.516	-1.25	-0.52	2.26	11.71	-4.63	-3.73	46997	-0.321	-0.366	0.518	0.158	0.038	0.632
16.055	-0.297	-0.356	0.516	-1.13	-0.45	2.22	9.29	-4.95	-3.87	47015	-0.317	-0.365	0.518	0.159	0.038	0.632
16.064	-0.293	-0.358	0.516	-1.03	-0.41	2.18	6.18	-4.27	-4.47	47013	-0.313	-0.364	0.518	0.160	0.039	0.632
16.074	-0.292	-0.361	0.516	-0.95	-0.34	2.13	3.83	-4.13	-4.96	47008	-0.309	-0.363	0.518	0.161	0.039	0.632
16.084	-0.289	-0.361	0.516	-0.93	-0.30	2.08	1.02	-3.90	-5.09	46998	-0.306	-0.363	0.518	0.162	0.039	0.632
16.094	-0.290	-0.364	0.516	-0.90	-0.22	2.02	-0.44	-4.34	-4.87	47011	-0.303	-0.363	0.518	0.163	0.039	0.632
16.104	-0.273	-0.344	0.516	-1.07	-0.30	1.99	-1.42	-3.96	-5.05	47005	-0.298	-0.360	0.518	0.164	0.040	0.632
16.114	-0.273	-0.344	0.516	-1.09	-0.22	1.93	-2.27	-4.83	-5.43	47021	-0.294	-0.358	0.517	0.165	0.040	0.632
16.123	-0.269	-0.343	0.517	-1.11	-0.17	1.88	-1.48	-5.02	-5.56	47007	-0.289	-0.356	0.518	0.166	0.041	0.632
16.134	-0.265	-0.343	0.517	-1.12	-0.12	1.82	0.10	-4.41	-6.20	46770	-0.285	-0.354	0.518	0.167	0.042	0.632
16.143	-0.261	-0.342	0.517	-1.11	-0.07	1.76	2.82	-5.21	-6.06	46758	-0.281	-0.352	0.518	0.168	0.042	0.631
16.153	-0.252	-0.344	0.517	-1.05	-0.06	1.70	4.95	-6.42	-5.90	46748	-0.276	-0.351	0.518	0.169	0.042	0.631
16.164	-0.250	-0.346	0.517	-0.98	0.01	1.64	7.56	-5.63	-6.03	46742	-0.271	-0.350	0.518	0.171	0.043	0.631
16.175	-0.248	-0.349	0.517	-0.86	0.09	1.58	9.45	-6.04	-6.40	46820	-0.267	-0.349	0.518	0.171	0.043	0.631
16.185	-0.250	-0.351	0.517	-0.72	0.19	1.51	12.88	-6.65	-6.08	46812	-0.264	-0.349	0.518	0.172	0.042	0.631
16.194	-0.238	-0.329	0.517	-0.77	0.18	1.46	14.22	-7.39	-6.44	46799	-0.259	-0.346	0.518	0.173	0.043	0.631
16.208	-0.237	-0.332	0.517	-0.60	0.27	1.39	13.61	-6.95	-6.76	46797	-0.255	-0.344	0.518	0.174	0.044	0.631
16.212	-0.235	-0.333	0.515	-0.45	0.36	1.32	14.17	-7.63	-6.52	46778	-0.251	-0.342	0.517	0.175	0.044	0.631
16.221	-0.234	-0.338	0.515	-0.26	0.46	1.26	12.50	-8.11	-6.55	47070	-0.247	-0.341	0.517	0.176	0.044	0.631
16.234	-0.230	-0.328	0.515	-0.23	0.53	1.20	10.02	-7.03	-5.74	47073	-0.243	-0.339	0.517	0.176	0.045	0.631
16.243	-0.224	-0.323	0.515	-0.18	0.57	1.14	8.02	-5.95	-5.75	47088	-0.239	-0.336	0.517	0.177	0.046	0.631
16.253	-0.221	-0.322	0.515	-0.10	0.63	1.09	4.73	-4.02	-5.98	47088	-0.235	-0.334	0.517	0.178	0.046	0.630
16.263	-0.217	-0.323	0.515	-0.05	0.66	1.02	2.91	-2.64	-6.03	47102	-0.231	-0.332	0.516	0.178	0.047	0.630
16.275	-0.217	-0.324	0.515	-0.01	0.71	0.96	0.26	-1.98	-6.41	47113	-0.227	-0.330	0.516	0.179	0.047	0.630
16.282	-0.209	-0.322	0.515	-0.03	0.69	0.90	-0.92	-1.27	-6.13	47110	-0.223	-0.328	0.516	0.180	0.047	0.630
16.294	-0.208	-0.323	0.515	-0.02	0.72	0.84	-1.33	0.40	-6.02	47113	-0.219	-0.327	0.516	0.180	0.048	0.630
16.306	-0.205	-0.323	0.515	-0.02	0.71	0.78	-0.95	0.33	-5.90	47104	-0.215	-0.326	0.516	0.181	0.048	0.630
16.317	-0.200	-0.323	0.515	-0.02	0.70	0.72	0.00	0.50	-5.67	47073	-0.212	-0.325	0.516	0.181	0.048	0.630
16.327	-0.201	-0.324	0.515	-0.00	0.72	0.66	0.73	1.11	-5.49	47073	-0.208	-0.324	0.516	0.182	0.048	0.630
16.333	-0.199	-0.327	0.515	0.04	0.72	0.61	2.41	0.91	-5.14	47071	-0.205	-0.323	0.516	0.182	0.048	0.630
16.344	-0.192	-0.327	0.514	0.08	0.68	0.56	3.61	0.64	-5.32	47054	-0.201	-0.323	0.515	0.183	0.047	0.630
16.355	-0.187	-0.327	0.514	0.13	0.66	0.50	4.01	1.16	-4.77	47093	-0.197	-0.323	0.515	0.183	0.047	0.630
16.364	-0.187	-0.328	0.514	0.18	0.67	0.45	3.87	0.86	-4.45	47086	-0.194	-0.323	0.515	0.183	0.047	0.630
16.374	-0.183	-0.328	0.514	0.23	0.66	0.41	2.99	0.56	-4.44	47082	-0.190	-0.323	0.515	0.184	0.047	0.629
16.383	-0.182	-0.331	0.512	0.28	0.68	0.36	0.96	0.31	-4.56	47079	-0.187	-0.323	0.515	0.184	0.046	0.629
16.395	-0.180	-0.331	0.512	0.28	0.68	0.31	-1.19	0.03	-4.24	47439	-0.184	-0.323	0.514	0.184	0.046	0.629
16.404	-0.175	-0.331	0.512	0.26	0.66	0.27	-3.69	-0.16	-4.40	47426	-0.180	-0.323	0.514	0.184	0.046	0.629
16.414	-0.172	-0.331	0.512	0.22	0.66	0.22	-7.09	-0.01	-4.69	47433	-0.177	-0.324	0.514	0.185	0.045	0.629
16.424	-0.167	-0.331	0.512	0.14	0.66	0.18	-9.45	0.39	-4.42	47437	-0.173	-0.324	0.514	0.185	0.045	0.629
16.435	-0.164	-0.330	0.512	0.04	0.65	0.14	-11.29	0.46	-4.38	47442	-0.170	-0.324	0.513	0.185	0.045	0.628
16.444	-0.156	-0.329	0.511	-0.09	0.60	0.09	-12.65	1.76	-4.51	47417	-0.166	-0.324	0.513	0.186	0.044	0.628
16.453	-0.155	-0.328	0.511	-0.22	0.61	0.05	-13.69	0.58	-4.68	47412	-0.162	-0.324	0.513	0.186	0.044	0.628
16.462	-0.151	-0.327	0.511	-0.36	0.59	0.00	-13.13	1.48	-4.39	47395	-0.158	-0.323	0.513	0.186	0.044	0.628
16.473	-0.148	-0.323	0.511	-0.51	0.57	-0.04	-12.00	2.47	-4.76	47383	-0.154	-0.323	0.513	0.187	0.044	0.628
16.482	-0.145	-0.322	0.511	-0.63	0.56	-0.09	-10.42	1.37	-4.15	47399	-0.150	-0.322	0.513	0.187	0.044	0.628
16.493	-0.141	-0.321	0.511	-0.73	0.53	-0.13	-8.02	1.48	-4.43	47389	-0.146	-0.321	0.512	0.187	0.044	0.628
16.503	-0.139	-0.320	0.511	-0.79	0.53	-0.18	-5.25	1.14	-4.49	47379	-0.143	-0.320	0.512	0.187	0.044	0.628
16.514	-0.134	-0.320	0.512	-0.83	0.51	-0.22	-3.12	1.16	-4.79	47364	-0.139	-0.320	0.512	0.188	0.044	0.628
16.524	-0.132	-0.320	0.512	-0.84	0.51	-0.27	-0.44	1.18	-5.30	47348	-0.135	-0.319	0.513	0.188	0.044	0.627
16.534	-0.129	-0.321	0.512	-0.82	0.50	-0.32	1.85	2.10	-5.50	47161	-0.132	-0.318	0.513	0.188	0.044	0.627
16.545	-0.128	-0.321	0.512	-0.79	0.50	-0.38	3.15	1.92	-5.36	47149	-0.129	-0.318	0.513	0.188	0.044	0.627
16.555	-0.122	-0.321	0.512	-0.74	0.46	-0.43	3.16	2.05	-5.72	47134	-0.125	-0.318	0.513	0.188	0.043	0.627
16.560	-0.119	-0.322	0.511	-0.70	0.43	-0.49	3.35	2.86	-5.25	47118	-0.121	-0.317	0.513	0.188	0.043	0.627
16.574	-0.118	-0.322	0.511	-0.67	0.42	-0.54	1.17	2.44	-5.38	47213	-0.118	-0.317	0.513	0.188	0.043	0.627
16.584	-0.115	-0.323	0.511	-0.65	0.41	-0.60	-0.84	2.51	-5.63	47199	-0.115	-0.317	0.513	0.188	0.043	0.627
16.592	-0.113	-0.323	0.511	-0.67	0.39	-0.65	-4.02	2.30	-5.19	47183	-0.112	-0.317	0.512	0.188	0.042	0.627
16.604	-0.110	-0.324	0.511	-0.70	0.37	-0.71	-5.69	1.21	-5.45	47175	-0.108	-0.317	0.513	0.188	0.042	0.627
16.616	-0.106	-0.322	0.511	-0.79	0.36	-0.76	-7.26	0.33	-5.16	47093	-0.105	-0.317	0.513	0.188	0.042	0.627
16.624	-0.104	-0.321	0.511	-0.86	0.37	-0.81	-7.82	0.06	-5.23	47086	-0.102	-0.317	0.513	0.188	0.041	0.626
16.634	-0.100	-0.320	0.511	-0.94	0.36	-0.87	-8.08	-0.58	-4.99	47071	-0.099	-0.316	0.513	0.188	0.041	0.626
16.643	-0.097	-0.320	0.511	-1.02	0.36	-0.92	-7.97	-0.21	-6.01	47061	-0.096	-0.316	0.513	0.188	0.041	0.626
16.653	-0.096	-0.319	0.513	-1.09	0.39	-0.97	-5.33	-1.52	-4.33	47043	-0.093	-0.315	0.513	0.188	0.041	0.626
16.665	-0.094	-0.318	0.513	-1.13	0.41	-1.02	-2.94	-1.36	-4.28	46681	-0.090	-0.315	0.513	0.187	0.041	0.626
16.674	-0.090	-0.318	0.514	-1.14	0.41	-1.06	-1.15	-1.25	-3.90	46660	-0.087	-0.314	0.514	0.187	0.040	0.626
16.683	-0.088	-0.318	0.514	-1.15	0.43	-1.11	-2.04	-0.65	-5.25	46642	-0.084	-0.314	0.514	0.187	0.040	0.626
16.693	-0.084	-0.319	0.513	-1.14	0.43	-1.15	1.48	-0.43	-3.00	46618	-0.080	-0.314	0.514	0.187	0.040	0.626
16.704	-0.082	-0.319	0.513	-1.11	0.43	-1.19	2.56	1.44	-3.03	46718	-0.077	-0.314	0.514	0.187	0.040	0.626
16.716	-0.079	-0.321	0.513	-1.06	0.43	-1.22	3.08	1.75	-2.94	46691	-0.074	-0.314	0.514	0.186	0.039	0.626
16.725	-0.075	-0.319	0.514	-1.05	0.40	-1.24	2.93	2.80	-2.37	46668	-0.071	-0.313	0.514	0.186	0.039	0.626
16.731	-0.071	-0.319	0.514	-1.01	0.37	-1.27	2.28	2.17	-2.26	46656	-0.068	-0.313	0.514	0.186	0.039	0.626
16.741	-0.069	-0.321	0.514	-0.98	0.36	-1.29	1.16	1.61	-0.99	46647	-0.065	-0.313	0.514	0.186	0.038	0.626
16.754	-0.068	-0.321	0.515	-0.96	0.36	-1.30	0.33	2.61	-0.14	46550	-0.062	-0.313	0.515	0.186	0.038	0.626
16.765	-0.065	-0.324	0.515	-0.93	0.34	-1.31	-2.74	1.14	-0.56	46541	-0.059	-0.314	0.515	0.185	0.037	0.626
16.773	-0.061	-0.319	0.515	-1.01	0.32	-1.30	-4.24	0.33	0.68	46524	-0.056	-0.313	0.515	0.185	0.037	0.626
16.784	-0.057	-0.313	0.515	-1.11	0.31	-1.29	-6.44	-0.80	0.71	46519	-0.053	-0.312	0.515	0.185	0.037	0.626
16.793	-0.054	-0.312	0.516	-1.17	0.33	-1.27	-7.07	-1.19	2.13	46434	-0.050	-0.311	0.515	0.185	0.037	0.626
16.803	-0.052	-0.313	0.516	-1.23	0.35	-1.25	-7.44	-2.11	1.88	46431	-0.047	-0.310	0.515	0.184	0.037	0.626
16.814	-0.050	-0.312	0.516	-1.31	0.39	-1.23	-7.57	-3.89	2.96	46427	-0.044	-0.310	0.515	0.184	0.037	0.626
16.824	-0.042	-0.312	0.517	-1.38	0.39	-1.20	-6.92	-3.12	1.84	46427	-0.040	-0.309	0.516	0.184	0.037	0.626
16.833	-0.042	-0.311	0.517	-1.44	0.45	-1.18	-6.24	-4.14	2.57	46293	-0.037	-0.308	0.516	0.184	0.036	0.626
16.842	-0.038	-0.312	0.517	-1.47	0.47	-1.15	-3.21	-3.08	3.41	46298	-0.034	-0.307	0.516	0.184	0.036	0.626
16.853	-0.037	-0.311	0.517	-1.50	0.52	-1.12	-2.11	-2.31	3.76	46300	-0.031	-0.307	0.516	0.183	0.036	0.627
16.865	-0.035	-0.310	0.518	-1.51	0.55	-1.08	-0.52	-2.34	4.02	46298	-0.028	-0.306	0.516	0.183	0.036	0.627
16.875	-0.033	-0.311	0.518	-1.48	0.57	-1.04	2.22	-1.57	5.30	46295	-0.025	-0.306	0.517	0.182	0.035	0.627
16.884	-0.027	-0.311	0.518	-1.45	0.55	-0.99	2.14	-0.70	4.44	46267	-0.022	-0.305	0.517	0.182	0.035	0.627
16.893	-0.025	-0.312	0.518	-1.42	0.55	-0.95	2.30	-0.14	4.78	46287	-0.019	-0.305	0.517	0.182	0.035	0.627
16.901	-0.023	-0.311	0.518	-1.39	0.56	-0.89	2.99	1.03	6.60	46296	-0.016	-0.304	0.517	0.182	0.035	0.627
16.912	-0.019	-0.308	0.518	-1.39	0.54	-0.83	1.35	0.78	6.76	46310	-0.013	-0.304	0.517	0.181	0.034	0.627
16.925	-0.018	-0.307	0.518	-1.38	0.55	-0.76	0.75	0.72	6.87	46344	-0.010	-0.303	0.517	0.181	0.034	0.627
16.933	-0.013	-0.305	0.519	-1.39	0.52	-0.69	-0.29	-0.05	6.85	46350	-0.007	-0.302	0.517	0.181	0.034	0.627
16.942	-0.009	-0.303	0.519	-1.40	0.52	-0.62	-0.82	-0.21	7.80	46364	-0.003	-0.301	0.517	0.180	0.034	0.628
16.953	-0.007	-0.303	0.518	-1.40	0.53	-0.54	-0.78	-0.20	8.16	46385	-0.000	-0.300	0.517	0.180	0.034	0.628
16.962	-0.004	-0.303	0.518	-1.40	0.53	-0.46	-0.52	-1.18	8.27	46408	0.003	-0.299	0.517	0.180	0.033	0.628
16.973	-0.003	-0.303	0.518	-1.40	0.55	-0.38	-0.71	-1.57	8.29	46557	0.006	-0.298	0.517	0.179	0.033	0.628
16.982	0.000	-0.297	0.518	-1.45	0.57	-0.29	-0.81	-1.67	8.45	46566	0.008	-0.297	0.517	0.179	0.033	0.628
16.993	0.002	-0.297	0.518	-1.44	0.59	-0.20	-0.47	-1.57	8.49	46576	0.011	-0.295	0.517	0.178	0.033	0.628
17.004	0.008	-0.292	0.518	-1.48	0.57	-0.11	0.41	-1.79	8.49	46593	0.014	-0.294	0.516	0.178	0.033	0.628
17.014	0.010	-0.292	0.518	-1.46	0.59	-0.03	1.05	-1.50	8.47	46635	0.018	-0.292	0.516	0.178	0.033	0.628
17.026	0.012	-0.292	0.518	-1.44	0.61	0.06	1.38	-1.75	8.47	46656	0.021	-0.291	0.516	0.177	0.033	0.628
17.032	0.014	-0.294	0.518	-1.38	0.63	0.14	3.73	-1.29	9.04	46671	0.023	-0.290	0.516	0.177	0.033	0.629
17.041	0.018	-0.293	0.518	-1.34	0.63	0.23	3.47	-2.10	9.33	46687	0.027	-0.289	0.516	0.176	0.033	0.629
17.051	0.023	-0.284	0.518	-1.39	0.64	0.34	1.60	-2.78	9.47	46636	0.030	-0.287	0.516	0.176	0.033	0.629
17.063	0.025	-0.284	0.518	-1.36	0.67	0.43	0.14	-2.96	9.88	46664	0.033	-0.285	0.516	0.175	0.033	0.629
17.073	0.027	-0.283	0.518	-1.37	0.70	0.53	-1.45	-3.70	9.60	46690	0.036	-0.283	0.516	0.175	0.033	0.629
17.086	0.028	-0.283	0.518	-1.38	0.75	0.63	-3.32	-3.75	10.01	46705	0.039	-0.282	0.516	0.174	0.033	0.629
17.094	0.033	-0.277	0.516	-1.46	0.77	0.74	-5.08	-4.18	9.95	46711	0.042	-0.280	0.516	0.174	0.033	0.629
17.104	0.034	-0.277	0.516	-1.50	0.83	0.83	-4.75	-4.37	10.22	47036	0.044	-0.278	0.515	0.173	0.033	0.629
17.114	0.039	-0.276	0.516	-1.54	0.85	0.94	-4.28	-3.64	10.48	47064	0.047	-0.276	0.515	0.173	0.033	0.630
17.125	0.039	-0.276	0.516	-1.57	0.89	1.04	-3.14	-2.51	10.34	47093	0.050	-0.274	0.515	0.172	0.033	0.630
17.133	0.040	-0.277	0.515	-1.57	0.93	1.14	-1.44	-2.86	10.76	47115	0.053	-0.273	0.514	0.172	0.033	0.630
17.143	0.044	-0.276	0.515	-1.57	0.93	1.25	-0.94	-1.35	11.00	47193	0.056	-0.272	0.514	0.171	0.033	0.630
17.153	0.046	-0.276	0.515	-1.56	0.94	1.36	0.99	-0.23	10.84	47206	0.058	-0.271	0.514	0.171	0.032	0.630
17.163	0.048	-0.269	0.515	-1.61	0.94	1.47	0.75	0.63	10.89	47219	0.061	-0.269	0.514	0.170	0.032	0.630
17.174	0.051	-0.263	0.515	-1.63	0.92	1.59	1.69	1.38	10.03	47224	0.064	-0.266	0.513	0.169	0.032	0.630
17.185	0.055	-0.263	0.515	-1.60	0.89	1.69	1.61	2.06	10.74	47216	0.066	-0.264	0.513	0.169	0.032	0.630
17.190	0.057	-0.265	0.515	-1.55	0.86	1.79	0.70	3.64	10.11	47110	0.069	-0.263	0.513	0.168	0.032	0.630
17.203	0.058	-0.258	0.515	-1.59	0.84	1.89	1.90	3.31	10.03	47124	0.072	-0.260	0.513	0.168	0.032	0.630
17.213	0.061	-0.257	0.514	-1.55	0.80	1.99	2.43	4.28	9.51	47131	0.074	-0.258	0.513	0.167	0.032	0.631
17.222	0.062	-0.253	0.515	-1.56	0.77	2.09	1.58	2.56	8.67	47130	0.076	-0.256	0.513	0.166	0.033	0.631
17.230	0.068	-0.253	0.514	-1.53	0.71	2.17	-1.26	2.51	7.61	47113	0.079	-0.253	0.513	0.166	0.033	0.631
17.244	0.070	-0.251	0.514	-1.54	0.70	2.24	-0.43	0.24	7.24	47119	0.082	-0.251	0.513	0.165	0.033	0.631
17.254	0.075	-0.251	0.514	-1.53	0.66	2.31	-0.33	0.16	6.77	47125	0.085	-0.249	0.513	0.164	0.033	0.631
17.262	0.076	-0.250	0.513	-1.54	0.68	2.37	-0.34	-1.34	6.44	47128	0.088	-0.247	0.512	0.164	0.032	0.631
17.273	0.077	-0.243	0.513	-1.59	0.71	2.44	-0.24	-2.04	5.63	47280	0.090	-0.245	0.512	0.163	0.033	0.631
17.286	0.077	-0.241	0.513	-1.59	0.76	2.49	0.09	-2.97	4.56	47282	0.093	-0.242	0.512	0.162	0.033	0.631
17.293	0.080	-0.241	0.513	-1.57	0.78	2.54	0.43	-2.13	4.19	47280	0.095	-0.240	0.512	0.162	0.033	0.631
17.301	0.086	-0.241	0.512	-1.54	0.77	2.58	2.29	-1.74	4.04	47281	0.098	-0.238	0.512	0.161	0.032	0.631
17.313	0.087	-0.241	0.512	-1.49	0.80	2.61	3.03	-0.85	3.26	47290	0.100	-0.237	0.511	0.160	0.032	0.631
17.324	0.091	-0.239	0.512	-1.47	0.78	2.64	3.99	1.20	2.69	47312	0.103	-0.235	0.511	0.160	0.032	0.631
17.334	0.092	-0.233	0.512	-1.46	0.77	2.67	4.33	2.29	2.12	47308	0.106	-0.232	0.511	0.159	0.032	0.632
17.342	0.094	-0.231	0.512	-1.42	0.75	2.69	5.34	3.00	1.93	47319	0.108	-0.230	0.511	0.158	0.032	0.632
17.359	0.096	-0.231	0.512	-1.35	0.71	2.70	5.38	3.65	1.52	47320	0.111	-0.228	0.511	0.158	0.032	0.632
17.364	0.099	-0.229	0.511	-1.30	0.67	2.71	5.23	3.53	0.80	47271	0.113	-0.226	0.511	0.157	0.032	0.632
17.373	0.099	-0.214	0.511	-1.36	0.65	2.74	5.27	3.58	0.10	47266	0.115	-0.222	0.511	0.156	0.032	0.632
17.382	0.102	-0.215	0.511	-1.29	0.61	2.73	3.99	2.68	-0.06	47275	0.118	-0.219	0.510	0.155	0.032	0.632
17.392	0.105	-0.216	0.511	-1.22	0.58	2.72	3.34	1.58	-0.60	47273	0.120	-0.217	0.510	0.154	0.032	0.632
17.407	0.105	-0.210	0.510	-1.22	0.58	2.72	2.07	0.56	-1.00	47258	0.122	-0.213	0.510	0.154	0.032	0.632
17.415	0.106	-0.204	0.510	-1.23	0.60	2.71	2.08	-0.89	-1.60	47336	0.124	-0.210	0.510	0.153	0.033	0.632
17.423	0.108	-0.201	0.510	-1.21	0.61	2.69	3.01	-2.51	-2.14	47346	0.126	-0.207	0.510	0.152	0.033	0.632
17.433	0.112	-0.202	0.510	-1.14	0.63	2.66	3.69	-3.47	-3.14	47333	0.128	-0.204	0.510	0.151	0.033	0.632
17.444	0.116	-0.202	0.511	-1.07	0.65	2.63	3.95	-4.54	-3.93	47318	0.131	-0.201	0.510	0.150	0.033	0.632
17.454	0.120	-0.205	0.511	-0.98	0.69	2.59	6.09	-5.60	-3.79	47185	0.133	-0.199	0.510	0.150	0.033	0.632
17.463	0.122	-0.206	0.510	-0.90	0.75	2.54	4.79	-5.62	-3.75	47182	0.136	-0.198	0.510	0.149	0.032	0.632
17.474	0.120	-0.192	0.510	-0.94	0.84	2.52	6.89	-5.94	-4.38	47160	0.138	-0.194	0.510	0.148	0.033	0.632
17.482	0.121	-0.193	0.509	-0.83	0.91	2.47	7.20	-5.11	-5.22	47161	0.140	-0.192	0.510	0.147	0.032	0.632
17.492	0.123	-0.194	0.509	-0.73	0.97	2.40	6.92	-5.78	-6.06	47330	0.142	-0.190	0.509	0.146	0.032	0.632
17.503	0.131	-0.197	0.509	-0.62	0.98	2.33	6.59	-5.54	-5.91	47314	0.144	-0.188	0.509	0.145	0.032	0.632
17.515	0.134	-0.200	0.509	-0.50	1.03	2.27	6.36	-5.65	-6.19	47289	0.147	-0.187	0.509	0.145	0.031	0.632
17.542	0.133	-0.186	0.509	-0.54	1.10	2.23	5.52	-4.65	-6.20	47274	0.149	-0.185	0.509	0.144	0.031	0.632
17.546	0.132	-0.188	0.509	-0.45	1.17	2.16	4.20	-2.78	-6.45	47270	0.151	-0.183	0.509	0.143	0.031	0.632
17.551	0.136	-0.180	0.508	-0.46	1.17	2.10	2.83	-1.93	-6.72	47321	0.153	-0.180	0.509	0.142	0.031	0.632
17.556	0.135	-0.173	0.508	-0.48	1.21	2.04	0.70	-1.42	-7.08	47295	0.155	-0.176	0.509	0.141	0.031	0.632
17.561	0.136	-0.174	0.508	-0.44	1.23	1.96	-0.28	-0.36	-7.41	47279	0.157	-0.174	0.508	0.140	0.031	0.632
17.573	0.139	-0.177	0.509	-0.40	1.23	1.88	-0.06	0.14	-6.75	47261	0.158	-0.172	0.509	0.139	0.031	0.632
17.583	0.143	-0.179	0.509	-0.36	1.21	1.81	0.32	0.81	-6.78	47038	0.160	-0.170	0.509	0.138	0.030	0.632
17.592	0.147	-0.179	0.509	-0.33	1.18	1.74	0.96	0.69	-6.76	47001	0.163	-0.169	0.509	0.137	0.030	0.632
17.603	0.147	-0.181	0.509	-0.27	1.19	1.66	1.84	0.99	-7.09	46967	0.165	-0.168	0.509	0.136	0.029	0.632
17.612	0.150	-0.176	0.509	-0.28	1.17	1.59	1.90	1.43	-6.89	46934	0.167	-0.166	0.509	0.136	0.029	0.632
17.623	0.151	-0.174	0.509	-0.26	1.17	1.53	1.98	0.87	-6.60	46906	0.169	-0.165	0.509	0.135	0.028	0.632
17.632	0.152	-0.168	0.509	-0.28	1.16	1.47	0.84	2.35	-5.93	46985	0.171	-0.163	0.509	0.134	0.028	0.632
17.642	0.154	-0.168	0.509	-0.25	1.13	1.41	-0.73	3.53	-5.10	46955	0.173	-0.161	0.509	0.133	0.027	0.632
17.654	0.156	-0.169	0.509	-0.23	1.09	1.35	-1.59	4.11	-4.54	46930	0.175	-0.159	0.509	0.132	0.027	0.632
17.662	0.157	-0.159	0.509	-0.31	1.05	1.33	-2.49	5.08	-3.58	46922	0.177	-0.157	0.509	0.131	0.027	0.632
17.673	0.159	-0.153	0.509	-0.36	1.00	1.30	-3.69	5.55	-2.53	46909	0.178	-0.154	0.509	0.130	0.027	0.632
17.683	0.160	-0.154	0.509	-0.38	0.94	1.27	-4.79	6.04	-1.42	46893	0.180	-0.151	0.509	0.129	0.027	0.632
17.692	0.161	-0.151	0.509	-0.43	0.90	1.26	-5.48	6.05	-0.86	46870	0.182	-0.149	0.509	0.128	0.027	0.632
17.703	0.163	-0.144	0.509	-0.52	0.83	1.26	-4.18	5.88	-0.57	46852	0.183	-0.146	0.509	0.127	0.027	0.632
17.712	0.165	-0.137	0.509	-0.60	0.78	1.27	-2.63	4.75	-0.43	46850	0.185	-0.142	0.509	0.126	0.027	0.632
17.723	0.167	-0.137	0.509	-0.58	0.72	1.26	-0.45	4.08	0.52	46845	0.187	-0.139	0.509	0.125	0.027	0.632
17.733	0.169	-0.135	0.509	-0.58	0.69	1.27	2.15	2.35	0.81	46829	0.188	-0.136	0.509	0.124	0.027	0.633
17.742	0.172	-0.127	0.509	-0.58	0.65	1.29	5.22	1.90	1.71	46813	0.190	-0.133	0.509	0.123	0.027	0.633
17.754	0.172	-0.120	0.508	-0.55	0.65	1.31	8.76	1.17	2.62	46778	0.192	-0.129	0.509	0.122	0.028	0.633
17.762	0.174	-0.126	0.508	-0.38	0.64	1.33	10.84	0.62	3.23	46989	0.194	-0.126	0.508	0.121	0.028	0.632
17.772	0.177	-0.126	0.508	-0.25	0.63	1.37	11.12	-0.98	4.73	46975	0.195	-0.123	0.508	0.120	0.028	0.632
17.785	0.176	-0.108	0.508	-0.27	0.66	1.44	9.43	-2.09	5.27	46966	0.197	-0.119	0.508	0.119	0.028	0.632
17.793	0.177	-0.111	0.509	-0.14	0.69	1.49	7.15	-3.87	6.40	46964	0.198	-0.115	0.508	0.118	0.028	0.633
17.803	0.176	-0.097	0.509	-0.19	0.75	1.57	3.47	-5.07	5.92	46820	0.200	-0.110	0.508	0.116	0.029	0.633
17.813	0.177	-0.098	0.509	-0.13	0.81	1.62	0.41	-5.49	6.67	46840	0.201	-0.106	0.508	0.115	0.030	0.633
17.823	0.179	-0.098	0.509	-0.11	0.85	1.69	-1.13	-4.54	6.37	46837	0.202	-0.103	0.508	0.114	0.030	0.633
17.832	0.180	-0.086	0.509	-0.20	0.90	1.77	-2.39	-3.10	6.98	46826	0.203	-0.098	0.508	0.113	0.030	0.633
17.846	0.181	-0.083	0.509	-0.23	0.92	1.83	-3.28	-0.73	6.98	46828	0.204	-0.093	0.508	0.112	0.031	0.633
17.855	0.183	-0.082	0.509	-0.25	0.91	1.90	-3.67	1.81	5.70	46838	0.205	-0.089	0.508	0.111	0.031	0.633
17.862	0.187	-0.081	0.509	-0.25	0.86	1.95	-2.44	4.24	4.86	46837	0.207	-0.086	0.508	0.110	0.031	0.633
17.892	0.188	-0.081	0.509	-0.24	0.81	2.00	1.23	6.13	5.75	46838	0.209	-0.082	0.508	0.109	0.032	0.633
17.896	0.190	-0.078	0.509	-0.22	0.74	2.05	1.80	6.99	4.87	46830	0.210	-0.079	0.508	0.108	0.032	0.633
17.899	0.190	-0.065	0.509	-0.30	0.69	2.10	0.61	4.03	3.60	46932	0.211	-0.075	0.508	0.106	0.032	0.633
17.903	0.191	-0.065	0.509	-0.28	0.66	2.13	-0.60	1.47	3.16	46952	0.213	-0.071	0.508	0.105	0.032	0.633
17.913	0.192	-0.062	0.509	-0.29	0.66	2.16	-2.98	-1.61	2.01	46951	0.214	-0.067	0.508	0.104	0.033	0.633
17.923	0.192	-0.066	0.508	-0.26	0.71	2.17	-4.70	-4.34	0.61	46961	0.215	-0.064	0.508	0.103	0.032	0.633
17.932	0.197	-0.065	0.508	-0.29	0.73	2.17	-5.72	-6.88	-0.56	47117	0.216	-0.061	0.508	0.102	0.032	0.633
17.948	0.195	-0.066	0.508	-0.32	0.85	2.15	-6.14	-10.84	-1.56	47144	0.218	-0.059	0.508	0.101	0.032	0.633
17.954	0.202	-0.065	0.508	-0.36	0.92	2.12	-6.14	-11.87	-2.60	47156	0.219	-0.057	0.508	0.100	0.031	0.633
17.963	0.202	-0.067	0.508	-0.38	1.06	2.09	-5.14	-12.52	-3.33	47176	0.221	-0.056	0.508	0.099	0.031	0.633
17.973	0.204	-0.067	0.508	-0.39	1.17	2.05	-1.76	-11.07	-3.92	47185	0.223	-0.054	0.508	0.098	0.030	0.633
17.982	0.204	-0.066	0.507	-0.38	1.29	2.01	0.65	-10.91	-4.26	47248	0.224	-0.053	0.507	0.097	0.030	0.633
17.994	0.206	-0.054	0.507	-0.45	1.39	1.98	2.81	-9.63	-4.99	47244	0.226	-0.050	0.507	0.096	0.029	0.633
18.003	0.205	-0.053	0.507	-0.40	1.50	1.92	3.76	-6.94	-5.48	47254	0.227	-0.048	0.507	0.095	0.029	0.633
18.014	0.212	-0.053	0.510	-0.33	1.50	1.86	3.87	-4.39	-5.77	47251	0.229	-0.046	0.508	0.094	0.029	0.633
18.021	0.212	-0.056	0.510	-0.24	1.55	1.79	3.87	-0.81	-6.66	46771	0.230	-0.044	0.508	0.093	0.028	0.634
18.033	0.213	-0.061	0.510	-0.14	1.54	1.71	3.44	2.67	-7.02	46747	0.232	-0.043	0.508	0.092	0.027	0.634
18.043	0.216	-0.045	0.510	-0.22	1.48	1.66	2.21	5.19	-6.57	46720	0.234	-0.041	0.508	0.091	0.027	0.634
18.053	0.217	-0.042	0.510	-0.21	1.42	1.60	-0.57	6.28	-7.13	46706	0.235	-0.038	0.509	0.090	0.027	0.634
18.061	0.219	-0.044	0.510	-0.19	1.35	1.52	-4.72	7.61	-6.81	46701	0.237	-0.036	0.509	0.089	0.026	0.634
18.073	0.220	-0.046	0.510	-0.21	1.28	1.44	-7.89	8.37	-7.12	46717	0.239	-0.035	0.509	0.088	0.026	0.634
18.083	0.220	-0.044	0.510	-0.29	1.20	1.37	-10.44	7.66	-6.55	46724	0.240	-0.033	0.509	0.087	0.025	0.634
18.091	0.222	-0.031	0.510	-0.49	1.13	1.32	-12.26	6.12	-7.45	46727	0.242	-0.030	0.509	0.086	0.025	0.634
18.102	0.222	-0.023	0.509	-0.65	1.09	1.25	-12.24	3.19	-7.12	46740	0.243	-0.026	0.509	0.085	0.025	0.634
18.112	0.223	-0.020	0.509	-0.76	1.06	1.18	-10.79	1.45	-7.63	46996	0.244	-0.023	0.509	0.084	0.026	0.634
18.122	0.224	-0.021	0.509	-0.83	1.06	1.10	-7.83	-0.18	-7.10	47002	0.245	-0.020	0.509	0.083	0.026	0.634
18.133	0.225	-0.021	0.509	-0.87	1.07	1.02	-5.78	-1.69	-7.09	47008	0.247	-0.017	0.509	0.082	0.025	0.634
18.143	0.225	-0.023	0.509	-0.88	1.10	0.95	-3.19	-2.53	-7.12	47020	0.248	-0.015	0.509	0.081	0.025	0.634
18.154	0.228	-0.023	0.509	-0.87	1.11	0.87	-1.01	-1.43	-7.22	47109	0.249	-0.013	0.508	0.080	0.024	0.634
18.160	0.228	-0.014	0.508	-0.91	1.13	0.81	2.82	-1.53	-6.56	47134	0.250	-0.011	0.508	0.079	0.024	0.634
18.171	0.229	-0.006	0.508	-0.93	1.14	0.75	4.53	1.04	-6.57	47153	0.251	-0.007	0.508	0.078	0.024	0.634
18.184	0.230	-0.006	0.508	-0.84	1.13	0.68	5.99	2.06	-6.68	47162	0.252	-0.004	0.508	0.077	0.024	0.634
18.195	0.231	-0.010	0.508	-0.72	1.09	0.60	6.45	4.54	-6.33	47169	0.253	-0.002	0.508	0.075	0.024	0.634
18.205	0.231	-0.015	0.508	-0.59	1.04	0.53	6.87	6.16	-5.77	47282	0.254	-0.001	0.508	0.074	0.023	0.634
18.214	0.233	0.006	0.507	-0.67	0.97	0.50	6.39	5.70	-5.78	47300	0.255	0.003	0.508	0.073	0.023	0.634
18.223	0.235	0.005	0.507	-0.58	0.91	0.43	4.95	6.23	-5.73	47321	0.256	0.006	0.507	0.072	0.023	0.634
18.233	0.235	0.002	0.508	-0.48	0.85	0.37	3.76	5.05	-5.84	47336	0.257	0.008	0.508	0.071	0.023	0.634
18.244	0.236	0.022	0.508	-0.59	0.80	0.33	1.59	4.00	-5.55	47168	0.258	0.013	0.508	0.070	0.023	0.635
18.256	0.237	0.021	0.508	-0.55	0.77	0.27	-0.41	2.23	-5.44	47199	0.259	0.017	0.508	0.069	0.024	0.635
18.264	0.237	0.017	0.508	-0.50	0.76	0.21	-1.97	1.33	-5.31	47213	0.260	0.020	0.508	0.068	0.024	0.635
18.272	0.237	0.016	0.508	-0.49	0.76	0.15	-2.24	0.32	-5.05	47216	0.261	0.022	0.508	0.066	0.023	0.635
18.283	0.239	0.033	0.508	-0.63	0.76	0.12	-1.73	-2.20	-4.60	47217	0.261	0.026	0.508	0.065	0.024	0.635
18.293	0.241	0.034	0.508	-0.62	0.77	0.07	-1.23	-1.70	-4.66	47157	0.262	0.030	0.508	0.064	0.024	0.635
18.303	0.242	0.033	0.508	-0.60	0.78	0.02	-1.05	-2.17	-4.30	47168	0.263	0.033	0.508	0.063	0.024	0.635
18.313	0.243	0.032	0.508	-0.56	0.81	-0.02	1.49	-2.08	-4.04	47181	0.264	0.036	0.508	0.062	0.024	0.635
18.323	0.244	0.034	0.506	-0.54	0.83	-0.06	2.30	-1.94	-3.62	47191	0.265	0.039	0.508	0.061	0.023	0.635
18.333	0.246	0.030	0.506	-0.45	0.83	-0.10	2.74	-0.50	-3.15	47498	0.266	0.041	0.507	0.060	0.023	0.635
18.343	0.247	0.039	0.506	-0.47	0.82	-0.13	4.12	0.89	-2.64	47502	0.267	0.043	0.507	0.059	0.023	0.635
18.356	0.248	0.042	0.506	-0.43	0.81	-0.15	4.55	1.86	-2.12	47523	0.268	0.046	0.507	0.058	0.022	0.634
18.361	0.249	0.048	0.507	-0.41	0.78	-0.17	3.95	2.36	-1.84	47547	0.269	0.049	0.507	0.057	0.022	0.634
18.373	0.248	0.060	0.506	-0.44	0.78	-0.17	4.30	1.69	-1.70	47410	0.270	0.053	0.507	0.056	0.023	0.634
18.380	0.249	0.063	0.506	-0.39	0.75	-0.19	6.91	1.84	-1.07	47423	0.271	0.058	0.507	0.054	0.023	0.634
18.392	0.249	0.071	0.506	-0.33	0.74	-0.19	14.87	1.06	-0.49	47429	0.272	0.062	0.507	0.053	0.023	0.634
18.403	0.250	0.077	0.506	-0.15	0.73	-0.19	25.78	-0.09	-0.04	47420	0.272	0.067	0.507	0.052	0.024	0.634
18.413	0.251	0.075	0.506	0.20	0.73	-0.20	37.35	-1.69	0.18	47408	0.273	0.071	0.507	0.051	0.024	0.634
18.422	0.251	0.083	0.505	0.61	0.74	-0.19	49.82	-0.81	0.43	47462	0.274	0.076	0.507	0.050	0.024	0.634
18.432	0.251	0.076	0.505	1.24	0.76	-0.20	60.63	-0.38	0.44	47439	0.274	0.079	0.506	0.049	0.024	0.634
18.440	0.251	0.099	0.505	1.72	0.76	-0.17	68.58	0.22	0.93	47400	0.275	0.084	0.506	0.048	0.025	0.634
18.457	0.252	0.092	0.506	2.52	0.76	-0.17	72.27	-0.82	0.96	47405	0.275	0.088	0.506	0.046	0.025	0.634
18.461	0.252	0.103	0.506	3.18	0.78	-0.16	73.56	-1.09	1.08	47265	0.275	0.093	0.507	0.045	0.026	0.634
18.471	0.252	0.100	0.506	3.96	0.80	-0.15	71.32	-0.80	1.43	47251	0.276	0.097	0.507	0.044	0.026	0.634
18.480	0.254	0.113	0.506	4.57	0.80	-0.13	64.03	-2.21	1.07	47239	0.276	0.102	0.507	0.043	0.026	0.634
18.494	0.254	0.110	0.506	5.22	0.83	-0.13	54.58	-2.14	1.32	47243	0.277	0.106	0.507	0.042	0.027	0.634
18.503	0.253	0.120	0.506	5.66	0.87	-0.11	42.94	-2.90	1.24	47251	0.277	0.110	0.507	0.040	0.027	0.634
18.513	0.254	0.116	0.506	6.09	0.89	-0.11	30.40	-3.23	1.07	47175	0.277	0.114	0.507	0.039	0.027	0.633
18.523	0.253	0.131	0.506	6.24	0.94	-0.09	18.83	-3.95	0.83	47194	0.277	0.119	0.507	0.038	0.028	0.633
18.532	0.252	0.125	0.506	6.46	0.99	-0.09	8.41	-3.04	0.57	47213	0.277	0.122	0.507	0.037	0.028	0.633
18.543	0.252	0.144	0.506	6.36	1.02	-0.08	-1.28	-2.11	0.28	47177	0.277	0.128	0.507	0.035	0.029	0.633
18.553	0.253	0.144	0.506	6.35	1.04	-0.08	-6.59	-1.26	0.35	47177	0.278	0.132	0.507	0.034	0.030	0.633
18.564	0.254	0.144	0.506	6.29	1.04	-0.08	-11.17	-0.09	-0.62	47191	0.278	0.136	0.507	0.033	0.030	0.633
18.574	0.254	0.146	0.506	6.17	1.03	-0.09	-12.80	1.24	-0.20	47208	0.278	0.140	0.507	0.032	0.030	0.633
18.579	0.257	0.148	0.507	6.05	1.00	-0.09	-12.74	1.95	0.10	47216	0.278	0.143	0.507	0.031	0.031	0.633
18.593	0.259	0.150	0.507	5.93	0.95	-0.09	-10.13	4.42	0.22	47098	0.279	0.146	0.507	0.030	0.031	0.633
18.604	0.259	0.153	0.507	5.84	0.90	-0.09	-8.00	4.52	-0.05	47098	0.279	0.149	0.508	0.029	0.031	0.633
18.610	0.260	0.155	0.507	5.77	0.86	-0.08	-4.32	4.91	0.30	47090	0.280	0.152	0.508	0.028	0.031	0.633
18.620	0.261	0.156	0.507	5.75	0.80	-0.08	-1.09	5.06	0.23	47101	0.281	0.154	0.508	0.027	0.031	0.633
18.633	0.262	0.155	0.506	5.78	0.75	-0.07	2.45	5.33	0.85	47255	0.281	0.156	0.508	0.026	0.031	0.633
18.643	0.262	0.157	0.506	5.81	0.70	-0.06	3.98	4.59	0.54	47266	0.282	0.158	0.508	0.025	0.031	0.633
18.653	0.264	0.157	0.506	5.86	0.64	-0.05	3.69	3.17	1.13	47301	0.282	0.160	0.507	0.024	0.031	0.633
18.665	0.264	0.159	0.506	5.89	0.62	-0.04	1.58	2.45	0.88	47334	0.283	0.161	0.507	0.023	0.031	0.632
18.673	0.267	0.157	0.505	5.93	0.58	-0.04	-0.65	0.96	1.21	47560	0.284	0.163	0.507	0.022	0.031	0.632
18.682	0.267	0.158	0.505	5.91	0.58	-0.03	-4.59	-0.29	1.04	47585	0.285	0.164	0.507	0.021	0.030	0.632
18.693	0.267	0.161	0.504	5.84	0.58	-0.02	-8.90	-1.80	0.80	47621	0.285	0.165	0.507	0.020	0.030	0.632
18.700	0.268	0.162	0.504	5.73	0.60	-0.01	-12.82	-2.03	0.68	47655	0.286	0.166	0.506	0.019	0.030	0.632
18.713	0.267	0.152	0.504	5.68	0.63	-0.02	-17.95	-3.01	0.26	47687	0.287	0.165	0.506	0.018	0.029	0.632
18.721	0.273	0.145	0.504	5.54	0.62	-0.04	-21.52	-3.82	0.44	47649	0.288	0.164	0.506	0.017	0.028	0.631
18.733	0.274	0.152	0.504	5.26	0.65	-0.04	-25.58	-2.82	0.19	47664	0.289	0.163	0.506	0.017	0.028	0.631
18.743	0.276	0.140	0.504	5.09	0.67	-0.05	-29.54	-2.38	0.45	47699	0.290	0.162	0.506	0.016	0.027	0.631
18.752	0.276	0.142	0.504	4.78	0.69	-0.04	-31.04	-1.27	0.58	47717	0.291	0.160	0.506	0.015	0.026	0.631
18.767	0.278	0.145	0.502	4.44	0.69	-0.05	-33.04	-0.83	-0.06	48001	0.292	0.159	0.506	0.014	0.025	0.631
18.773	0.278	0.133	0.502	4.21	0.70	-0.05	-33.62	-0.51	0.04	48019	0.293	0.156	0.505	0.013	0.024	0.630
18.782	0.278	0.138	0.502	3.83	0.71	-0.05	-34.19	-1.21	-0.21	48018	0.294	0.155	0.505	0.013	0.023	0.630
18.793	0.273	0.145	0.501	3.44	0.76	-0.02	-32.57	-0.64	-0.40	48017	0.294	0.154	0.505	0.012	0.023	0.630
18.804	0.282	0.131	0.500	3.23	0.70	-0.07	-31.83	-0.69	-0.58	48258	0.295	0.152	0.504	0.011	0.021	0.630
18.814	0.282	0.129	0.500	2.94	0.71	-0.08	-28.97	-0.53	-0.27	48255	0.296	0.149	0.504	0.010	0.020	0.629
18.823	0.283	0.127	0.499	2.67	0.72	-0.09	-27.25	-2.03	-0.17	48245	0.297	0.147	0.504	0.009	0.019	0.629
18.832	0.283	0.120	0.499	2.45	0.74	-0.09	-26.72	-1.91	-0.71	48241	0.298	0.143	0.503	0.009	0.018	0.629
18.843	0.284	0.118	0.499	2.20	0.75	-0.10	-24.84	-2.60	-0.26	48241	0.299	0.140	0.503	0.008	0.017	0.628
18.853	0.283	0.123	0.498	1.91	0.78	-0.10	-23.53	-1.98	-0.44	48344	0.300	0.138	0.503	0.007	0.016	0.628
18.861	0.287	0.109	0.497	1.79	0.77	-0.12	-23.64	-1.83	-0.74	48329	0.301	0.135	0.502	0.006	0.015	0.627
18.875	0.287	0.112	0.497	1.51	0.79	-0.13	-23.41	-2.38	-0.73	48298	0.302	0.132	0.502	0.006	0.014	0.627
18.884	0.287	0.108	0.497	1.31	0.82	-0.14	-23.40	-1.98	-1.11	48276	0.303	0.129	0.502	0.005	0.013	0.627
18.895	0.287	0.103	0.496	1.10	0.84	-0.15	-24.55	-2.17	-1.42	48331	0.303	0.125	0.502	0.004	0.012	0.626
18.903	0.287	0.107	0.496	0.82	0.87	-0.16	-25.23	-1.46	-1.38	48314	0.304	0.123	0.502	0.003	0.011	0.626
18.912	0.288	0.093	0.496	0.67	0.87	-0.19	-26.07	0.06	-1.55	48306	0.305	0.119	0.501	0.002	0.010	0.625
18.923	0.288	0.090	0.496	0.42	0.87	-0.20	-26.67	0.51	-1.86	48288	0.305	0.115	0.501	0.001	0.008	0.625
18.932	0.289	0.087	0.494	0.17	0.85	-0.23	-27.18	0.87	-2.34	48268	0.306	0.111	0.501	0.000	0.007	0.625
18.942	0.289	0.086	0.493	-0.12	0.84	-0.26	-26.64	1.65	-2.50	48603	0.306	0.108	0.500	-0.000	0.006	0.624
18.953	0.290	0.081	0.493	-0.36	0.81	-0.29	-26.54	1.92	-2.66	48595	0.307	0.104	0.500	-0.001	0.005	0.623
18.963	0.291	0.075	0.493	-0.58	0.78	-0.32	-26.30	2.28	-2.85	48585	0.307	0.100	0.500	-0.002	0.004	0.623
18.974	0.291	0.073	0.493	-0.84	0.76	-0.34	-24.87	2.92	-2.40	48564	0.308	0.096	0.500	-0.003	0.002	0.622
18.983	0.292	0.075	0.493	-1.12	0.72	-0.37	-23.91	2.23	-2.48	48508	0.308	0.093	0.499	-0.004	0.001	0.622
18.993	0.292	0.071	0.492	-1.33	0.69	-0.40	-22.97	1.99	-2.56	48480	0.309	0.090	0.499	-0.005	0.000	0.621
19.003	0.293	0.078	0.492	-1.62	0.67	-0.42	-21.20	2.25	-2.92	48453	0.309	0.088	0.499	-0.006	0.000	0.621
19.012	0.295	0.065	0.492	-1.73	0.63	-0.46	-18.85	1.40	-3.14	48434	0.310	0.085	0.499	-0.006	-0.001	0.620
19.022	0.295	0.064	0.494	-1.91	0.61	-0.49	-16.93	2.19	-2.96	48112	0.311	0.081	0.499	-0.007	-0.002	0.620
19.033	0.295	0.062	0.494	-2.07	0.59	-0.52	-15.60	0.85	-3.24	48068	0.311	0.079	0.500	-0.008	-0.003	0.619
19.039	0.295	0.056	0.493	-2.17	0.58	-0.56	-12.82	2.16	-3.55	48018	0.312	0.075	0.500	-0.009	-0.004	0.619
19.053	0.297	0.057	0.494	-2.31	0.55	-0.60	-10.80	1.94	-3.41	47972	0.312	0.072	0.500	-0.010	-0.004	0.618
19.063	0.297	0.057	0.494	-2.43	0.54	-0.63	-9.25	0.83	-3.24	47938	0.313	0.070	0.500	-0.010	-0.005	0.618
19.075	0.298	0.051	0.494	-2.48	0.52	-0.67	-8.36	1.19	-3.14	47788	0.313	0.067	0.500	-0.011	-0.006	0.618
19.083	0.297	0.046	0.494	-2.52	0.54	-0.69	-6.63	0.78	-2.75	47742	0.314	0.064	0.501	-0.012	-0.007	0.617
19.091	0.298	0.049	0.494	-2.62	0.52	-0.72	-7.17	0.21	-2.54	47695	0.314	0.062	0.501	-0.013	-0.008	0.617
19.102	0.298	0.051	0.495	-2.71	0.52	-0.74	-5.89	0.93	-2.27	47655	0.315	0.060	0.501	-0.014	-0.008	0.616
19.112	0.298	0.054	0.494	-2.81	0.51	-0.76	-6.06	0.70	-1.77	47667	0.315	0.059	0.501	-0.014	-0.008	0.616
19.123	0.302	0.051	0.495	-2.85	0.48	-0.79	-5.10	-0.13	-1.64	47640	0.316	0.057	0.501	-0.015	-0.009	0.615
19.133	0.303	0.041	0.495	-2.82	0.48	-0.81	-3.64	-0.59	-0.76	47599	0.316	0.055	0.502	-0.016	-0.009	0.615
19.144	0.303	0.040	0.495	-2.86	0.49	-0.82	-3.12	-1.49	-1.10	47553	0.317	0.053	0.502	-0.017	-0.010	0.614
19.152	0.303	0.039	0.496	-2.88	0.50	-0.82	-2.16	-1.29	-0.54	47519	0.317	0.051	0.502	-0.017	-0.011	0.614
19.162	0.305	0.041	0.497	-2.92	0.49	-0.83	-0.97	0.09	-0.95	47256	0.318	0.049	0.503	-0.018	-0.011	0.613
19.175	0.306	0.040	0.497	-2.92	0.49	-0.84	0.30	-0.32	-0.74	47229	0.319	0.048	0.503	-0.019	-0.011	0.613
19.185	0.306	0.044	0.497	-2.95	0.51	-0.84	0.84	-1.84	-0.71	47202	0.319	0.047	0.503	-0.019	-0.012	0.612
19.194	0.309	0.037	0.497	-2.89	0.51	-0.85	0.91	-2.48	-0.31	47175	0.320	0.045	0.504	-0.020	-0.012	0.612
19.203	0.309	0.037	0.498	-2.88	0.52	-0.85	1.92	-0.70	-0.04	47092	0.321	0.044	0.504	-0.021	-0.012	0.611
19.212	0.310	0.037	0.498	-2.86	0.53	-0.86	2.42	-2.17	-0.52	47061	0.322	0.043	0.504	-0.021	-0.013	0.611
19.223	0.311	0.030	0.499	-2.78	0.55	-0.86	4.41	-2.15	-0.13	47039	0.323	0.041	0.505	-0.022	-0.013	0.610
19.235	0.312	0.030	0.499	-2.74	0.56	-0.87	6.56	-1.17	-0.57	47010	0.324	0.040	0.505	-0.022	-0.014	0.610
19.244	0.312	0.032	0.499	-2.69	0.58	-0.87	6.75	-1.22	-0.00	46961	0.324	0.039	0.505	-0.023	-0.014	0.609
19.253	0.313	0.036	0.500	-2.66	0.59	-0.87	7.43	-1.48	-0.45	46936	0.325	0.038	0.505	-0.024	-0.014	0.609
19.263	0.313	0.041	0.500	-2.70	0.60	-0.87	8.28	-1.08	0.18	46911	0.326	0.039	0.506	-0.024	-0.014	0.609
19.276	0.313	0.037	0.500	-2.51	0.62	-0.87	8.71	-0.49	0.07	46895	0.326	0.038	0.506	-0.025	-0.014	0.608
19.284	0.313	0.037	0.500	-2.41	0.62	-0.86	9.72	0.59	0.20	46884	0.327	0.038	0.506	-0.026	-0.014	0.608
19.293	0.313	0.035	0.500	-2.40	0.62	-0.86	9.20	0.83	0.23	46905	0.327	0.038	0.506	-0.026	-0.014	0.607
19.303	0.312	0.035	0.501	-2.31	0.62	-0.86	10.21	0.07	0.51	46882	0.327	0.038	0.507	-0.027	-0.014	0.607
19.313	0.314	0.033	0.501	-2.20	0.59	-0.86	11.82	0.39	0.70	46874	0.328	0.037	0.507	-0.028	-0.015	0.606
19.324	0.313	0.032	0.502	-1.96	0.59	-0.85	11.80	-0.42	0.19	46876	0.328	0.037	0.507	-0.029	-0.015	0.606
19.333	0.319	0.028	0.502	-1.82	0.54	-0.85	11.94	-0.02	0.19	46914	0.329	0.036	0.507	-0.029	-0.015	0.606
19.342	0.319	0.028	0.502	-1.82	0.54	-0.85	12.46	-0.62	0.92	46912	0.330	0.035	0.507	-0.030	-0.016	0.605
19.351	0.319	0.025	0.502	-1.67	0.55	-0.84	11.65	-0.33	1.21	46909	0.330	0.034	0.507	-0.030	-0.016	0.605
19.363	0.321	0.023	0.502	-1.42	0.55	-0.82	10.59	-0.65	1.42	46902	0.331	0.033	0.508	-0.031	-0.017	0.604
19.373	0.320	0.028	0.502	-1.37	0.56	-0.80	9.87	-0.06	2.25	46912	0.332	0.033	0.508	-0.031	-0.017	0.604
19.384	0.320	0.038	0.503	-1.36	0.58	-0.78	9.33	-1.29	1.95	46954	0.332	0.033	0.508	-0.032	-0.017	0.603
19.391	0.324	0.037	0.503	-1.35	0.54	-0.78	9.59	-0.60	1.67	46945	0.333	0.034	0.508	-0.033	-0.016	0.603
19.403	0.326	0.034	0.503	-1.13	0.55	-0.74	9.48	-0.99	1.73	46940	0.334	0.034	0.508	-0.033	-0.016	0.603
19.408	0.326	0.034	0.503	-1.04	0.55	-0.72	9.42	0.17	1.71	46944	0.335	0.035	0.508	-0.033	-0.016	0.602
19.423	0.326	0.032	0.503	-0.92	0.55	-0.70	10.08	-0.11	1.97	47063	0.336	0.035	0.508	-0.034	-0.017	0.602
19.432	0.326	0.032	0.503	-0.82	0.56	-0.68	9.96	-0.40	2.10	47081	0.337	0.035	0.508	-0.034	-0.017	0.601
19.442	0.327	0.032	0.503	-0.72	0.57	-0.66	9.81	-0.97	2.44	47087	0.337	0.034	0.509	-0.035	-0.017	0.601
19.452	0.326	0.027	0.503	-0.68	0.57	-0.66	8.89	-0.83	2.58	47087	0.338	0.034	0.509	-0.036	-0.017	0.601
19.463	0.326	0.046	0.503	-0.67	0.58	-0.61	6.68	-0.08	2.65	47301	0.338	0.036	0.508	-0.036	-0.017	0.600
19.470	0.326	0.046	0.503	-0.67	0.58	-0.61	5.78	-2.13	2.23	47320	0.339	0.037	0.508	-0.037	-0.016	0.600
19.486	0.328	0.045	0.503	-0.52	0.62	-0.56	7.19	-2.59	2.40	47322	0.339	0.039	0.508	-0.037	-0.016	0.599
19.494	0.327	0.040	0.503	-0.41	0.63	-0.54	7.78	-0.73	2.42	47321	0.340	0.039	0.508	-0.038	-0.016	0.599
19.501	0.328	0.039	0.503	-0.32	0.63	-0.52	8.44	-1.44	1.77	47333	0.340	0.040	0.508	-0.039	-0.016	0.599
19.513	0.328	0.052	0.503	-0.33	0.65	-0.49	9.71	-0.17	2.35	47258	0.341	0.041	0.508	-0.039	-0.015	0.598
19.523	0.329	0.051	0.504	-0.23	0.64	-0.47	9.14	-0.50	2.51	47263	0.341	0.043	0.508	-0.040	-0.015	0.598
19.532	0.332	0.052	0.504	-0.14	0.62	-0.45	9.64	0.88	2.33	47261	0.342	0.045	0.509	-0.040	-0.015	0.597
19.542	0.332	0.053	0.504	-0.03	0.61	-0.42	10.94	1.62	2.07	47255	0.342	0.046	0.509	-0.041	-0.014	0.597
19.553	0.332	0.053	0.503	0.08	0.59	-0.40	11.18	1.60	1.84	47311	0.343	0.047	0.509	-0.042	-0.014	0.597
19.563	0.334	0.049	0.504	0.22	0.57	-0.38	10.20	0.93	1.85	47315	0.344	0.048	0.509	-0.042	-0.014	0.596
19.571	0.334	0.047	0.504	0.34	0.56	-0.36	9.22	0.79	1.77	47304	0.344	0.048	0.509	-0.043	-0.014	0.596
19.585	0.335	0.044	0.504	0.46	0.54	-0.35	8.60	0.69	1.76	47297	0.345	0.048	0.509	-0.043	-0.014	0.596
19.592	0.335	0.045	0.503	0.53	0.54	-0.33	6.72	0.16	1.76	47309	0.345	0.048	0.509	-0.044	-0.014	0.595
19.603	0.335	0.062	0.503	0.45	0.55	-0.31	5.52	-0.49	1.56	47457	0.346	0.050	0.509	-0.044	-0.014	0.595
19.613	0.336	0.061	0.503	0.51	0.55	-0.29	4.54	-1.56	1.45	47460	0.346	0.052	0.509	-0.045	-0.013	0.594
19.622	0.337	0.062	0.503	0.56	0.57	-0.28	3.82	-1.67	1.23	47460	0.347	0.054	0.508	-0.045	-0.013	0.594
19.636	0.337	0.062	0.503	0.59	0.59	-0.27	3.74	-2.16	0.96	47465	0.347	0.055	0.508	-0.046	-0.013	0.593
19.643	0.336	0.065	0.502	0.62	0.62	-0.26	4.31	-2.56	1.12	47710	0.348	0.057	0.508	-0.046	-0.012	0.593
19.652	0.337	0.069	0.502	0.63	0.63	-0.25	4.94	-1.90	1.45	47717	0.348	0.059	0.508	-0.047	-0.012	0.593
19.662	0.337	0.074	0.502	0.65	0.65	-0.23	5.47	-1.96	1.87	47721	0.349	0.061	0.508	-0.047	-0.011	0.592
19.673	0.342	0.074	0.502	0.71	0.63	-0.21	5.95	-0.28	2.00	47718	0.349	0.063	0.508	-0.048	-0.010	0.592
19.686	0.342	0.075	0.503	0.77	0.63	-0.19	5.98	-0.02	2.05	47558	0.350	0.065	0.508	-0.048	-0.010	0.591
19.691	0.342	0.075	0.503	0.83	0.62	-0.17	6.29	1.03	2.02	47566	0.351	0.067	0.508	-0.049	-0.009	0.591
19.700	0.344	0.074	0.503	0.91	0.60	-0.15	7.09	1.45	1.74	47549	0.352	0.068	0.508	-0.049	-0.009	0.590
19.713	0.344	0.072	0.503	1.00	0.58	-0.13	7.19	1.17	1.86	47530	0.352	0.069	0.508	-0.049	-0.009	0.590
19.722	0.344	0.073	0.503	1.07	0.57	-0.12	6.51	1.75	1.23	47515	0.353	0.070	0.508	-0.050	-0.009	0.590
19.731	0.344	0.070	0.503	1.15	0.56	-0.10	5.83	1.56	1.45	47477	0.354	0.070	0.508	-0.050	-0.009	0.589
19.742	0.346	0.067	0.503	1.24	0.53	-0.09	4.95	0.98	1.50	47479	0.354	0.070	0.508	-0.051	-0.009	0.589
19.750	0.346	0.067	0.503	1.28	0.52	-0.07	3.62	0.61	1.84	47472	0.355	0.070	0.508	-0.051	-0.009	0.588
19.760	0.349	0.078	0.503	1.23	0.50	-0.06	1.96	-0.03	1.86	47465	0.356	0.072	0.508	-0.052	-0.009	0.588
19.771	0.349	0.078	0.502	1.24	0.50	-0.04	0.60	-0.29	1.71	47668	0.356	0.073	0.508	-0.052	-0.009	0.588
19.781	0.349	0.079	0.502	1.24	0.50	-0.03	-0.56	-0.51	1.43	47677	0.357	0.074	0.508	-0.052	-0.008	0.587
19.792	0.349	0.079	0.502	1.23	0.51	-0.01	-0.75	-0.45	1.40	47676	0.358	0.075	0.508	-0.053	-0.008	0.587
19.802	0.349	0.080	0.502	1.22	0.51	-0.00	-0.57	-1.31	1.20	47672	0.358	0.076	0.508	-0.053	-0.008	0.586
19.811	0.350	0.080	0.500	1.22	0.53	0.01	-0.75	-0.61	1.51	47677	0.359	0.077	0.507	-0.054	-0.008	0.586
19.822	0.354	0.080	0.500	1.21	0.50	0.03	-0.94	-0.69	1.44	47947	0.360	0.077	0.507	-0.054	-0.008	0.585
19.833	0.354	0.080	0.500	1.20	0.50	0.04	-1.08	-0.17	1.47	47960	0.361	0.078	0.507	-0.054	-0.008	0.584
19.840	0.356	0.080	0.500	1.20	0.49	0.06	-0.88	0.65	1.48	47963	0.361	0.079	0.507	-0.055	-0.007	0.584
19.852	0.356	0.081	0.500	1.19	0.49	0.08	-0.81	1.01	1.46	47961	0.362	0.079	0.507	-0.055	-0.007	0.583
19.861	0.356	0.081	0.499	1.18	0.48	0.09	-1.52	0.28	1.39	48030	0.363	0.080	0.506	-0.055	-0.007	0.583
19.871	0.358	0.079	0.499	1.18	0.47	0.11	-1.56	-0.14	1.38	48041	0.364	0.080	0.506	-0.056	-0.007	0.582
19.882	0.358	0.080	0.499	1.16	0.47	0.12	-1.52	0.41	1.18	48028	0.365	0.080	0.506	-0.056	-0.007	0.582
19.895	0.359	0.080	0.499	1.14	0.46	0.13	-1.98	-0.01	0.39	48012	0.365	0.080	0.506	-0.056	-0.007	0.581
19.905	0.358	0.080	0.499	1.12	0.47	0.13	-2.20	-0.12	0.49	48083	0.366	0.080	0.506	-0.057	-0.007	0.581
19.912	0.361	0.082	0.498	1.09	0.46	0.14	-1.97	-0.80	1.39	48085	0.367	0.081	0.506	-0.057	-0.007	0.580
19.923	0.361	0.082	0.498	1.07	0.47	0.16	-1.89	-1.57	1.41	48085	0.368	0.081	0.506	-0.057	-0.007	0.580
19.932	0.362	0.082	0.498	1.05	0.48	0.17	-3.17	-1.57	1.85	48083	0.368	0.081	0.505	-0.058	-0.007	0.579
19.939	0.362	0.082	0.498	1.01	0.49	0.19	-3.45	-1.34	1.65	48074	0.369	0.081	0.505	-0.058	-0.007	0.579
19.953	0.363	0.082	0.498	0.98	0.51	0.21	-3.56	-1.77	1.36	48151	0.370	0.082	0.505	-0.058	-0.007	0.578
19.963	0.359	0.083	0.497	0.94	0.56	0.22	-3.88	-2.52	1.15	48141	0.370	0.082	0.505	-0.059	-0.007	0.577
19.971	0.362	0.083	0.497	0.89	0.56	0.22	-4.67	-1.97	0.66	48125	0.370	0.082	0.505	-0.059	-0.007	0.577
19.982	0.365	0.084	0.497	0.84	0.56	0.23	-4.91	-1.95	0.52	48111	0.371	0.082	0.505	-0.060	-0.007	0.576
19.995	0.365	0.084	0.497	0.79	0.58	0.23	-4.94	-1.75	0.38	48051	0.372	0.083	0.505	-0.060	-0.007	0.576
20.003	0.373	0.084	0.497	0.73	0.53	0.23	-5.10	-1.02	0.46	48040	0.373	0.083	0.505	-0.060	-0.007	0.575
20.013	0.374	0.085	0.497	0.68	0.53	0.24	-5.39	-0.00	0.64	48020	0.375	0.083	0.505	-0.060	-0.007	0.575
20.023	0.374	0.085	0.497	0.63	0.53	0.24	-4.91	0.13	0.59	47994	0.376	0.083	0.505	-0.060	-0.007	0.574
20.032	0.374	0.092	0.497	0.52	0.54	0.25	-5.52	-0.63	0.92	47967	0.377	0.084	0.505	-0.061	-0.006	0.573
20.041	0.375	0.090	0.497	0.50	0.54	0.26	-4.50	-1.18	0.95	47982	0.378	0.085	0.505	-0.061	-0.006	0.573
20.052	0.376	0.090	0.497	0.45	0.56	0.26	-3.99	-1.88	0.30	47968	0.379	0.086	0.505	-0.061	-0.006	0.572
20.060	0.376	0.090	0.497	0.42	0.58	0.26	-2.52	-2.32	-0.24	47941	0.380	0.086	0.505	-0.061	-0.006	0.572
20.074	0.379	0.089	0.497	0.42	0.57	0.26	-0.08	-1.42	0.39	45851	0.382	0.086	0.505	-0.061	-0.005	0.571
20.082	0.380	0.089	0.497	0.42	0.59	0.27	-0.35	-2.46	0.76	45834	0.383	0.087	0.505	-0.061	-0.005	0.570
20.094	0.380	0.089	0.497	0.42	0.61	0.27	0.57	-2.07	0.41	45804	0.384	0.087	0.505	-0.062	-0.005	0.570
20.102	0.380	0.090	0.497	0.41	0.64	0.27	0.30	-1.75	0.46	45783	0.385	0.087	0.505	-0.062	-0.005	0.569
20.113	0.379	0.088	0.497	0.42	0.66	0.28	-0.37	-1.48	0.69	45765	0.386	0.087	0.505	-0.062	-0.005	0.569
20.122	0.381	0.088	0.496	0.42	0.67	0.28	-0.68	-1.84	0.90	45908	0.386	0.088	0.504	-0.062	-0.005	0.568
20.131	0.381	0.089	0.496	0.41	0.69	0.29	-0.61	-2.21	0.52	45926	0.387	0.088	0.504	-0.063	-0.005	0.567
20.144	0.382	0.094	0.496	0.36	0.70	0.30	-2.04	-1.41	0.79	45947	0.388	0.088	0.504	-0.063	-0.005	0.567
20.154	0.383	0.089	0.496	0.37	0.71	0.30	-2.20	-1.79	0.60	45957	0.389	0.088	0.503	-0.063	-0.005	0.566
20.162	0.383	0.083	0.496	0.40	0.74	0.31	-0.84	-2.23	0.71	45985	0.389	0.088	0.503	-0.064	-0.005	0.566
20.171	0.384	0.088	0.495	0.35	0.76	0.32	-2.79	-2.98	0.49	46180	0.390	0.088	0.502	-0.064	-0.005	0.565
20.178	0.384	0.095	0.495	0.27	0.80	0.32	-1.26	-2.79	0.49	46208	0.391	0.088	0.502	-0.064	-0.005	0.565
20.192	0.384	0.095	0.495	0.26	0.82	0.33	-2.62	-2.08	0.36	46240	0.391	0.089	0.501	-0.065	-0.004	0.564
20.200	0.380	0.092	0.495	0.25	0.87	0.33	-3.34	-1.30	0.92	46285	0.391	0.089	0.501	-0.065	-0.004	0.564
20.211	0.378	0.095	0.494	0.18	0.89	0.34	-4.45	-0.23	0.69	46448	0.391	0.090	0.500	-0.066	-0.004	0.563
20.222	0.378	0.098	0.493	0.13	0.89	0.35	-2.73	0.11	0.51	46493	0.391	0.091	0.500	-0.067	-0.004	0.563
20.233	0.381	0.082	0.493	0.22	0.86	0.35	-3.05	1.57	0.64	46533	0.391	0.090	0.499	-0.067	-0.004	0.562
20.242	0.380	0.082	0.493	0.20	0.85	0.36	-0.82	2.80	0.15	46589	0.391	0.089	0.499	-0.068	-0.004	0.562
20.252	0.380	0.082	0.493	0.19	0.82	0.36	0.14	2.95	0.41	46644	0.391	0.088	0.498	-0.068	-0.005	0.561
20.263	0.380	0.082	0.493	0.18	0.78	0.36	0.27	3.72	0.11	46621	0.391	0.087	0.498	-0.069	-0.005	0.561
20.272	0.379	0.098	0.492	0.06	0.76	0.36	-0.99	2.79	0.19	46681	0.391	0.089	0.497	-0.069	-0.004	0.561
20.282	0.392	0.079	0.492	0.20	0.62	0.36	0.10	5.26	0.30	44574	0.392	0.087	0.497	-0.069	-0.005	0.560
20.291	0.392	0.079	0.492	0.20	0.58	0.36	-0.89	3.18	-0.33	44614	0.393	0.086	0.496	-0.069	-0.005	0.560
20.303	0.393	0.079	0.492	0.18	0.53	0.36	-2.40	5.03	-0.19	44476	0.395	0.085	0.496	-0.069	-0.006	0.560
20.312	0.393	0.079	0.492	0.15	0.49	0.36	-3.27	3.64	-0.59	44518	0.396	0.084	0.495	-0.070	-0.006	0.559
20.319	0.393	0.078	0.491	0.11	0.46	0.36	-4.45	2.39	-0.51	44583	0.396	0.083	0.495	-0.070	-0.006	0.559
20.331	0.393	0.078	0.491	0.06	0.44	0.35	-6.05	1.51	-0.40	44640	0.397	0.083	0.494	-0.070	-0.006	0.559
20.342	0.393	0.078	0.490	-0.00	0.43	0.35	-6.27	0.30	-0.89	44766	0.398	0.082	0.493	-0.070	-0.007	0.559
20.351	0.393	0.078	0.490	-0.07	0.43	0.34	-7.00	-1.10	-0.65	44831	0.399	0.081	0.492	-0.070	-0.007	0.558
20.361	0.394	0.077	0.489	-0.14	0.45	0.33	-6.98	-2.13	-0.74	44919	0.399	0.081	0.492	-0.071	-0.007	0.558
20.372	0.394	0.077	0.489	-0.21	0.48	0.32	-6.82	-3.16	-0.20	45003	0.400	0.080	0.491	-0.071	-0.007	0.558
20.382	0.396	0.072	0.488	-0.24	0.50	0.33	-6.06	-3.99	0.26	45093	0.401	0.079	0.490	-0.071	-0.007	0.558
20.392	0.396	0.072	0.488	-0.29	0.54	0.33	-5.12	-4.19	0.80	45133	0.401	0.078	0.489	-0.072	-0.008	0.558
20.405	0.399	0.075	0.487	-0.37	0.56	0.33	-4.75	-4.73	0.55	45234	0.402	0.077	0.488	-0.072	-0.008	0.558
20.408	0.400	0.076	0.486	-0.40	0.59	0.34	-2.95	-2.82	0.03	45331	0.403	0.077	0.487	-0.072	-0.008	0.558
20.429	0.400	0.076	0.486	-0.43	0.62	0.35	-1.05	-1.84	1.11	45444	0.404	0.077	0.486	-0.072	-0.008	0.558
20.432	0.400	0.075	0.484	-0.44	0.63	0.36	-0.51	-1.17	1.13	45743	0.405	0.076	0.485	-0.072	-0.008	0.558
20.442	0.402	0.076	0.483	-0.44	0.63	0.36	-0.11	-0.29	0.82	45856	0.406	0.076	0.484	-0.072	-0.008	0.558
20.450	0.400	0.076	0.482	-0.45	0.64	0.37	0.19	0.47	0.79	45986	0.406	0.076	0.483	-0.073	-0.008	0.558
20.461	0.402	0.076	0.481	-0.45	0.61	0.38	-0.11	1.70	0.20	46119	0.407	0.076	0.482	-0.073	-0.008	0.557
20.470	0.402	0.076	0.479	-0.45	0.59	0.38	0.04	1.96	0.17	46251	0.407	0.076	0.480	-0.073	-0.008	0.557
20.481	0.404	0.074	0.478	-0.43	0.56	0.38	0.00	1.93	0.71	46543	0.408	0.075	0.479	-0.074	-0.008	0.557
20.491	0.404	0.080	0.477	-0.47	0.53	0.39	-0.02	1.92	0.81	44621	0.409	0.076	0.478	-0.074	-0.008	0.557
20.502	0.406	0.074	0.476	-0.44	0.49	0.40	0.73	2.52	1.09	44726	0.410	0.075	0.476	-0.074	-0.008	0.557
20.512	0.405	0.080	0.475	-0.47	0.48	0.42	0.33	2.29	1.64	44824	0.410	0.076	0.475	-0.074	-0.008	0.557
20.522	0.405	0.081	0.473	-0.48	0.46	0.43	0.12	2.54	1.84	45092	0.411	0.076	0.473	-0.075	-0.007	0.557
20.532	0.405	0.085	0.472	-0.51	0.43	0.45	-0.48	2.51	1.89	45213	0.411	0.077	0.472	-0.075	-0.007	0.557
20.539	0.405	0.081	0.470	-0.49	0.40	0.47	-0.89	2.35	2.06	45337	0.411	0.078	0.470	-0.075	-0.007	0.557
20.553	0.406	0.080	0.469	-0.49	0.38	0.49	-0.71	3.20	2.09	45485	0.412	0.078	0.469	-0.075	-0.007	0.557
20.563	0.406	0.080	0.467	-0.49	0.35	0.51	-0.03	2.77	2.20	45777	0.412	0.078	0.467	-0.076	-0.007	0.557
20.573	0.406	0.080	0.465	-0.49	0.33	0.53	0.38	1.30	1.75	45930	0.413	0.078	0.465	-0.076	-0.007	0.557
20.580	0.406	0.082	0.464	-0.50	0.31	0.55	0.52	1.32	1.77	46089	0.413	0.079	0.463	-0.076	-0.006	0.557
20.593	0.406	0.082	0.462	-0.48	0.31	0.57	1.69	-0.33	1.82	46236	0.413	0.079	0.462	-0.077	-0.006	0.557
20.600	0.406	0.085	0.461	-0.50	0.32	0.59	1.19	-1.79	1.83	46376	0.413	0.080	0.460	-0.077	-0.006	0.558
20.612	0.406	0.083	0.460	-0.46	0.35	0.61	2.31	-2.47	1.73	46446	0.413	0.080	0.458	-0.078	-0.006	0.558
20.623	0.405	0.084	0.458	-0.44	0.37	0.63	4.53	-1.51	2.55	46587	0.413	0.081	0.457	-0.078	-0.006	0.558
20.634	0.405	0.089	0.457	-0.41	0.39	0.65	6.32	-1.00	2.39	46717	0.413	0.082	0.455	-0.078	-0.005	0.558
20.644	0.405	0.089	0.455	-0.35	0.40	0.68	6.55	-1.01	1.84	46866	0.413	0.082	0.453	-0.079	-0.005	0.558
20.652	0.408	0.088	0.454	-0.27	0.38	0.70	7.85	-0.43	1.95	46920	0.414	0.083	0.452	-0.079	-0.005	0.558
20.659	0.417	0.086	0.452	-0.18	0.33	0.72	7.56	0.17	1.07	47037	0.415	0.084	0.450	-0.079	-0.005	0.558
20.671	0.418	0.085	0.450	-0.10	0.32	0.73	7.55	-0.56	1.41	47164	0.416	0.084	0.448	-0.079	-0.005	0.559
20.680	0.418	0.089	0.449	-0.05	0.32	0.74	7.58	-0.39	1.47	47279	0.418	0.085	0.447	-0.079	-0.004	0.559
20.690	0.420	0.088	0.446	0.04	0.32	0.76	6.99	-1.49	1.82	47383	0.419	0.085	0.445	-0.079	-0.004	0.559
20.702	0.419	0.088	0.444	0.11	0.34	0.78	7.12	-1.98	2.67	45517	0.420	0.086	0.443	-0.079	-0.004	0.559
20.713	0.420	0.087	0.442	0.18	0.36	0.81	6.74	-2.05	3.05	45634	0.421	0.086	0.441	-0.079	-0.004	0.559
20.721	0.421	0.088	0.441	0.25	0.37	0.84	6.57	-1.36	2.58	45728	0.422	0.086	0.439	-0.079	-0.004	0.559
20.729	0.421	0.092	0.439	0.28	0.38	0.86	5.76	0.20	1.78	45815	0.423	0.087	0.437	-0.079	-0.004	0.559
20.741	0.424	0.093	0.432	0.33	0.35	0.88	4.41	0.11	1.10	46717	0.424	0.088	0.435	-0.079	-0.003	0.559
20.751	0.425	0.093	0.430	0.36	0.36	0.88	1.56	-1.12	0.30	46839	0.425	0.088	0.432	-0.079	-0.003	0.559
20.761	0.424	0.091	0.428	0.38	0.38	0.88	-0.20	-2.07	-0.43	46948	0.426	0.089	0.429	-0.079	-0.003	0.559
20.773	0.424	0.096	0.426	0.34	0.42	0.88	-1.37	-3.82	-0.85	47069	0.426	0.090	0.427	-0.079	-0.003	0.559
20.781	0.424	0.096	0.421	0.32	0.45	0.86	-0.23	-2.83	-1.40	47696	0.427	0.091	0.424	-0.079	-0.003	0.559
20.792	0.424	0.096	0.419	0.35	0.44	0.85	4.73	3.34	-0.45	47821	0.428	0.091	0.421	-0.080	-0.002	0.558
20.803	0.424	0.094	0.417	0.42	0.41	0.84	5.02	3.82	-2.41	47967	0.428	0.092	0.419	-0.080	-0.002	0.558
20.813	0.425	0.098	0.414	0.44	0.38	0.81	5.68	1.98	-2.50	48097	0.429	0.093	0.416	-0.080	-0.002	0.558
20.819	0.425	0.100	0.407	0.48	0.37	0.78	4.53	-0.48	-2.33	48200	0.429	0.094	0.413	-0.080	-0.002	0.558
20.832	0.426	0.099	0.405	0.52	0.35	0.78	4.04	2.73	0.11	49197	0.430	0.094	0.410	-0.080	-0.001	0.557
20.839	0.430	0.099	0.402	0.57	0.28	0.79	4.07	5.80	2.22	49333	0.431	0.095	0.407	-0.080	-0.001	0.557
20.851	0.432	0.098	0.400	0.61	0.20	0.82	2.83	7.11	2.92	49472	0.432	0.096	0.404	-0.080	-0.001	0.557
20.861	0.432	0.098	0.397	0.49	0.33	0.82	-55.73	-85.70	-8.25	49582	0.433	0.096	0.401	-0.080	-0.001	0.556
20.868	0.413	0.114	0.387	-0.18	2.67	0.64	-34.12	-247.38	-17.84	50670	0.432	0.098	0.397	-0.081	-0.000	0.556
20.880	0.426	0.110	0.385	-0.45	4.92	0.48	-28.32	-225.52	-16.47	49676	0.432	0.100	0.394	-0.082	0.000	0.555
20.889	0.421	0.114	0.383	-0.69	7.06	0.36	-18.47	-196.53	-13.50	49587	0.432	0.102	0.391	-0.082	0.001	0.555
20.902	0.428	0.120	0.381	-0.84	8.80	0.26	-6.37	-163.79	-12.20	49724	0.434	0.104	0.388	-0.083	0.002	0.554
20.914	0.425	0.121	0.243	-0.88	10.27	0.19	5.05	-124.82	-10.90	47726	0.434	0.106	0.362	-0.083	0.003	0.545
20.922	0.435	0.127	0.234	-0.80	11.19	0.11	12.91	-78.66	-9.81	65535	0.436	0.109	0.339	-0.084	0.004	0.537
20.932	0.441	0.119	0.225	-0.56	11.66	0.02	19.54	-29.53	-8.09	65535	0.439	0.110	0.319	-0.084	0.004	0.530
20.941	0.447	0.124	0.216	-0.35	11.63	-0.05	24.78	22.28	-6.17	65535	0.442	0.112	0.302	-0.083	0.005	0.523
20.951	0.447	0.124	0.207	-0.06	11.14	-0.10	28.27	67.89	-4.46	65535	0.445	0.114	0.286	-0.083	0.005	0.517
20.959	0.484	0.123	0.130	0.57	10.43	-0.14	101.57	6.59	-19.79	65535	0.452	0.116	0.261	-0.082	0.005	0.507
20.972	0.494	0.095	0.118	1.18	10.81	-0.33	8.50	-49.15	-5.94	65535	0.460	0.113	0.238	-0.080	0.005	0.498
20.982	0.537	0.094	0.107	1.24	10.65	-0.38	0.61	6.42	-6.44	65535	0.472	0.111	0.218	-0.077	0.004	0.490
20.992	0.541	0.108	0.096	1.10	10.26	-0.39	-6.46	57.82	-6.58	65535	0.484	0.111	0.200	-0.074	0.003	0.482
21.002	0.574	0.106	0.084	1.05	9.17	-0.43	-9.85	100.76	-4.72	65535	0.498	0.111	0.183	-0.070	0.003	0.474
21.009	0.592	0.100	0.073	1.00	7.79	-0.48	-12.23	139.48	-3.39	65535	0.514	0.110	0.168	-0.066	0.003	0.467
21.022	0.589	0.103	0.063	0.84	6.29	-0.46	-11.23	165.14	-1.61	65535	0.527	0.109	0.154	-0.063	0.002	0.460
21.031	0.603	0.107	0.052	0.70	4.43	-0.43	-10.47	175.88	-1.42	65535	0.540	0.109	0.141	-0.059	0.002	0.453
21.040	0.519	0.109	0.138	0.59	3.22	-0.48	-11.38	167.86	0.00	65535	0.542	0.109	0.146	-0.061	0.002	0.453
21.051	0.517	0.109	0.133	0.48	1.66	-0.47	-11.15	145.70	-0.49	65535	0.543	0.109	0.149	-0.062	0.002	0.452
21.061	0.524	0.109	0.129	0.37	0.27	-0.46	-11.76	114.68	-0.03	65535	0.545	0.109	0.152	-0.063	0.002	0.450
21.072	0.522	0.108	0.124	0.27	-0.69	-0.47	-10.49	84.43	0.27	65535	0.547	0.109	0.154	-0.064	0.002	0.448
21.080	0.522	0.107	0.120	0.18	-1.39	-0.46	-8.59	54.01	1.22	65535	0.549	0.109	0.155	-0.065	0.002	0.445
21.091	0.424	0.106	0.246	0.13	-1.40	-0.49	-5.19	26.08	1.53	45929	0.538	0.108	0.178	-0.071	0.002	0.450
21.099	0.421	0.106	0.249	0.11	-1.53	-0.47	-1.56	4.13	2.25	45039	0.529	0.108	0.198	-0.076	0.002	0.454
21.111	0.419	0.106	0.253	0.11	-1.51	-0.44	1.60	-5.99	2.44	42031	0.520	0.108	0.215	-0.082	0.002	0.457
21.123	0.417	0.106	0.256	0.15	-1.45	-0.42	4.42	-6.64	2.40	41117	0.512	0.108	0.230	-0.086	0.002	0.459
21.131	0.360	0.105	0.342	0.20	-1.38	-0.38	5.49	-1.00	2.82	40284	0.497	0.107	0.256	-0.093	0.002	0.466
21.141	0.356	0.105	0.350	0.26	-1.43	-0.36	7.52	10.11	2.57	24754	0.484	0.107	0.280	-0.100	0.002	0.471
21.152	0.354	0.104	0.359	0.35	-1.62	-0.33	8.15	23.11	2.22	23749	0.472	0.107	0.300	-0.106	0.002	0.475
21.161	0.350	0.104	0.367	0.44	-1.93	-0.30	8.95	39.31	2.14	22817	0.461	0.106	0.318	-0.111	0.001	0.479
21.172	0.348	0.104	0.376	0.53	-2.44	-0.28	9.33	56.49	2.32	21974	0.451	0.106	0.334	-0.117	0.001	0.482
21.181	0.318	0.103	0.431	0.62	-3.16	-0.23	9.57	71.69	2.35	20000	0.438	0.106	0.356	-0.123	0.001	0.488
21.190	0.316	0.103	0.442	0.72	-3.97	-0.20	10.08	84.24	1.94	20000	0.426	0.105	0.375	-0.128	0.001	0.493
21.201	0.313	0.103	0.453	0.81	-4.87	-0.17	7.83	94.47	1.34	20000	0.414	0.105	0.393	-0.133	0.001	0.497
21.210	0.310	0.103	0.463	0.91	-5.88	-0.15	8.89	100.37	0.96	20000	0.404	0.105	0.409	-0.138	0.001	0.502
21.223	0.300	0.102	0.490	0.99	-6.94	-0.12	7.19	101.08	0.98	20000	0.393	0.104	0.426	-0.143	0.001	0.507
21.229	0.297	0.102	0.502	1.07	-7.96	-0.09	6.98	97.44	1.10	20000	0.383	0.104	0.442	-0.147	0.001	0.511
21.241	0.295	0.102	0.513	1.14	-8.89	-0.06	6.01	88.11	0.45	20000	0.374	0.103	0.456	-0.151	0.001	0.515
21.252	0.292	0.101	0.524	1.20	-9.71	-0.04	5.63	76.26	0.60	20000	0.365	0.103	0.469	-0.155	0.001	0.519
21.262	0.290	0.101	0.534	1.25	-10.41	-0.02	4.20	60.90	0.53	20000	0.357	0.103	0.482	-0.158	0.000	0.523
21.270	0.289	0.101	0.539	1.29	-10.91	-0.00	2.03	42.96	0.55	20000	0.350	0.103	0.492	-0.161	0.000	0.527
21.281	0.287	0.101	0.549	1.30	-11.25	0.00	0.87	24.42	-0.12	20000	0.343	0.102	0.502	-0.164	0.000	0.531
21.291	0.285	0.101	0.558	1.30	-11.39	0.01	-0.78	5.87	0.23	20000	0.336	0.102	0.511	-0.167	0.000	0.534
21.301	0.282	0.101	0.568	1.30	-11.32	0.01	-1.21	-11.74	0.68	20000	0.330	0.102	0.520	-0.169	0.000	0.538
21.312	0.282	0.101	0.565	1.28	-11.09	0.02	-2.78	-26.96	0.11	20000	0.324	0.101	0.526	-0.171	0.000	0.541
21.325	0.280	0.101	0.573	1.25	-10.75	0.02	-3.28	-39.25	0.19	20000	0.319	0.101	0.532	-0.173	0.000	0.544
21.332	0.278	0.100	0.581	1.21	-10.31	0.01	-4.52	-48.34	0.17	20000	0.314	0.101	0.538	-0.175	0.000	0.547
21.340	0.277	0.100	0.588	1.16	-9.81	-0.00	-4.63	-53.90	0.28	20000	0.310	0.101	0.543	-0.177	0.000	0.550
21.349	0.276	0.101	0.574	1.12	-9.23	0.01	-4.64	-54.77	0.58	20000	0.306	0.101	0.545	-0.178	0.000	0.553
21.362	0.274	0.101	0.579	1.07	-8.68	-0.00	-4.53	-52.11	0.47	20000	0.302	0.101	0.547	-0.180	0.000	0.555
21.372	0.273	0.100	0.584	1.02	-8.24	-0.02	-4.61	-46.37	0.59	20000	0.299	0.100	0.548	-0.181	0.000	0.558
21.382	0.272	0.100	0.589	0.96	-7.83	-0.04	-4.38	-38.61	0.63	20000	0.296	0.100	0.550	-0.182	0.000	0.561
21.392	0.272	0.100	0.592	0.92	-7.51	-0.04	-4.04	-29.37	0.87	20000	0.293	0.100	0.551	-0.183	0.000	0.564
21.401	0.267	0.101	0.570	0.88	-7.24	-0.03	-3.52	-19.31	0.68	20000	0.290	0.100	0.548	-0.185	0.000	0.566
21.411	0.266	0.101	0.572	0.85	-7.10	-0.03	-2.66	-9.46	0.46	20197	0.287	0.100	0.545	-0.186	0.000	0.568
21.422	0.266	0.100	0.573	0.83	-7.09	-0.02	-1.83	-0.19	0.57	21013	0.284	0.100	0.542	-0.187	0.000	0.570
21.432	0.265	0.100	0.574	0.82	-7.14	-0.02	-1.45	7.12	0.34	21871	0.282	0.100	0.540	-0.187	0.000	0.573
21.442	0.260	0.100	0.552	0.81	-7.24	0.00	-1.00	12.11	0.52	26701	0.279	0.100	0.533	-0.188	0.000	0.574
21.451	0.259	0.100	0.551	0.81	-7.38	0.00	-0.62	14.64	0.25	27708	0.276	0.100	0.527	-0.189	0.000	0.576
21.462	0.258	0.100	0.549	0.78	-7.54	-0.02	-0.69	13.91	-0.00	28752	0.273	0.099	0.521	-0.190	0.000	0.578
21.471	0.258	0.099	0.547	0.82	-7.67	0.05	-1.77	11.49	0.03	29819	0.271	0.099	0.516	-0.191	0.000	0.580
21.481	0.253	0.099	0.527	0.81	-7.77	0.06	-2.21	5.60	0.47	34089	0.268	0.099	0.507	-0.191	0.000	0.582
21.492	0.252	0.099	0.523	0.78	-7.78	0.06	-4.12	-2.37	0.89	35225	0.265	0.099	0.499	-0.192	0.000	0.584
21.500	0.252	0.099	0.519	0.73	-7.71	0.07	-5.69	-11.57	1.30	36367	0.263	0.099	0.491	-0.193	0.000	0.586
21.511	0.252	0.098	0.514	0.66	-7.55	0.07	-8.14	-21.77	1.56	37507	0.261	0.099	0.484	-0.193	0.000	0.588
21.521	0.251	0.098	0.509	0.57	-7.28	0.09	-9.76	-31.67	2.28	38622	0.259	0.098	0.476	-0.194	0.000	0.591
21.533	0.247	0.099	0.489	0.38	-6.92	0.01	-11.87	-40.32	2.67	42411	0.256	0.098	0.467	-0.194	0.000	0.592
21.541	0.246	0.098	0.482	0.32	-6.45	0.11	-14.06	-47.49	2.82	41409	0.254	0.098	0.457	-0.194	0.000	0.594
21.551	0.245	0.099	0.475	0.10	-5.91	0.05	-14.49	-52.27	3.19	42478	0.252	0.098	0.448	-0.195	0.000	0.596
21.562	0.244	0.099	0.468	-0.08	-5.32	0.05	-14.69	-54.94	3.61	43510	0.250	0.098	0.440	-0.195	0.001	0.598
21.567	0.240	0.100	0.450	-0.23	-4.76	0.07	-15.03	-53.92	3.20	46526	0.247	0.098	0.429	-0.195	0.001	0.600
21.581	0.242	0.101	0.442	-0.49	-4.32	-0.06	-14.51	-49.73	2.50	47558	0.245	0.098	0.419	-0.196	0.001	0.602
21.591	0.241	0.101	0.433	-0.62	-3.82	-0.02	-12.87	-43.70	3.10	48534	0.243	0.098	0.409	-0.196	0.001	0.603
21.598	0.241	0.101	0.425	-0.71	-3.43	0.04	-10.54	-35.82	3.26	49469	0.242	0.098	0.400	-0.196	0.001	0.605
21.609	0.240	0.101	0.408	-0.80	-3.20	0.07	-7.20	-25.75	3.10	50352	0.240	0.099	0.389	-0.196	0.001	0.607
21.619	0.240	0.100	0.399	-0.83	-2.99	0.14	-5.76	-16.22	2.65	52575	0.238	0.099	0.379	-0.196	0.001	0.608
21.630	0.241	0.100	0.390	-0.86	-2.89	0.18	-2.96	-9.87	2.72	53404	0.237	0.099	0.370	-0.196	0.001	0.610
21.640	0.242	0.100	0.380	-0.90	-2.87	0.19	-4.51	-4.08	2.09	54205	0.236	0.099	0.360	-0.195	0.001	0.611
21.651	0.243	0.100	0.371	-0.95	-2.86	0.20	-3.15	-1.76	1.44	54946	0.235	0.099	0.351	-0.195	0.001	0.613
21.662	0.242	0.100	0.354	-0.97	-2.84	0.22	-2.05	-5.05	0.95	56876	0.234	0.099	0.341	-0.194	0.002	0.614
21.672	0.242	0.100	0.344	-1.00	-2.75	0.21	-2.21	-11.59	0.01	57525	0.232	0.099	0.331	-0.194	0.002	0.615
21.681	0.242	0.101	0.334	-1.02	-2.55	0.20	0.81	-20.16	-1.02	58105	0.231	0.099	0.322	-0.193	0.002	0.616
21.688	0.238	0.101	0.324	-0.99	-2.15	0.21	3.38	-30.49	-1.55	58613	0.230	0.099	0.313	-0.193	0.002	0.617
21.701	0.237	0.099	0.309	-0.89	-1.79	0.25	4.26	-38.10	-3.57	60040	0.229	0.099	0.303	-0.193	0.002	0.617
21.712	0.237	0.101	0.299	-0.90	-1.36	0.15	4.89	-42.05	-5.67	60459	0.227	0.099	0.294	-0.192	0.002	0.617
21.720	0.237	0.101	0.289	-0.85	-0.94	0.09	4.83	-41.20	-7.50	60812	0.226	0.100	0.285	-0.192	0.002	0.618
21.736	0.235	0.102	0.279	-0.85	-0.46	-0.03	2.63	-38.55	-10.62	61135	0.225	0.100	0.276	-0.191	0.002	0.618
21.740	0.231	0.098	0.269	-0.70	0.02	0.04	-4.63	-29.54	-12.00	59361	0.223	0.100	0.268	-0.191	0.002	0.618
21.750	0.229	0.097	0.258	-0.86	0.94	1.17	-10.35	-166.23	258.18	59808	0.222	0.100	0.260	-0.191	0.002	0.618
21.761	0.225	0.098	0.248	-1.20	2.67	3.97	-31.66	-142.25	266.53	60089	0.220	0.100	0.252	-0.190	0.002	0.618
21.770	0.223	0.105	0.239	-1.97	3.86	6.27	-39.14	-103.77	240.08	60316	0.218	0.100	0.244	-0.190	0.002	0.617
21.781	0.224	0.104	0.230	-2.21	4.89	7.33	4.20	-145.40	-41.64	60566	0.217	0.101	0.237	-0.190	0.002	0.617
21.792	0.226	0.102	0.221	-1.84	6.05	6.81	28.57	-81.32	-63.89	60626	0.216	0.101	0.229	-0.189	0.002	0.616
21.803	0.226	0.101	0.212	-1.36	6.36	6.21	40.42	4.57	-64.42	60897	0.215	0.102	0.222	-0.189	0.002	0.615
21.813	0.229	0.102	0.203	-0.87	5.80	5.56	45.39	80.89	-61.36	61192	0.215	0.102	0.216	-0.188	0.002	0.614
21.822	0.231	0.098	0.195	-0.25	4.55	5.03	42.92	139.56	-60.92	61431	0.215	0.102	0.209	-0.187	0.002	0.613
21.836	0.232	0.094	0.187	0.33	2.91	4.52	37.36	175.99	-61.16	61651	0.215	0.101	0.203	-0.187	0.002	0.612
21.839	0.234	0.093	0.178	0.71	0.96	3.94	27.27	193.53	-62.26	61665	0.215	0.101	0.196	-0.185	0.001	0.611
21.851	0.229	0.093	0.170	0.93	-0.86	3.36	15.72	190.73	-61.66	61778	0.214	0.100	0.190	-0.185	0.001	0.609
21.860	0.231	0.092	0.162	1.01	-2.75	2.79	2.62	170.73	-60.82	61831	0.214	0.099	0.185	-0.184	0.000	0.607
21.870	0.226	0.092	0.154	0.92	-4.18	2.20	-9.98	138.34	-60.89	61794	0.213	0.099	0.179	-0.183	0.000	0.605
21.881	0.227	0.092	0.145	0.70	-5.38	1.61	-21.23	95.28	-59.72	61952	0.212	0.098	0.173	-0.182	-0.000	0.603
21.891	0.224	0.092	0.138	0.36	-5.97	1.02	-31.93	47.84	-57.57	61853	0.211	0.098	0.168	-0.181	-0.001	0.601
21.901	0.223	0.092	0.130	-0.06	-6.19	0.46	-39.47	1.81	-55.43	61683	0.210	0.097	0.163	-0.181	-0.001	0.599
21.912	0.221	0.091	0.123	-0.54	-5.95	-0.10	-45.41	-36.78	-55.73	61495	0.209	0.097	0.157	-0.180	-0.001	0.596
21.921	0.221	0.094	0.115	-1.18	-5.40	-0.73	-46.31	-65.69	-55.52	61590	0.208	0.097	0.152	-0.179	-0.001	0.593
21.931	0.218	0.098	0.109	-1.81	-4.51	-1.35	-44.22	-84.10	-55.09	61330	0.207	0.097	0.147	-0.179	-0.001	0.590
21.938	0.223	0.094	0.102	-2.10	-3.78	-1.77	-31.38	-93.10	-53.23	61056	0.207	0.097	0.143	-0.178	-0.001	0.587
21.951	0.220	0.094	0.096	-2.37	-2.76	-2.26	-15.66	-87.51	-52.99	58608	0.206	0.097	0.138	-0.177	-0.001	0.584
21.961	0.222	0.088	0.091	-2.22	-1.99	-2.57	-4.51	-75.60	-51.30	58162	0.206	0.096	0.134	-0.176	-0.002	0.581
21.971	0.222	0.088	0.088	-2.26	-1.31	-3.06	1.10	-49.18	-49.05	57380	0.205	0.096	0.130	-0.176	-0.002	0.577
21.980	0.222	0.087	0.083	-2.24	-0.94	-3.52	3.91	-20.43	-47.47	56962	0.205	0.095	0.127	-0.175	-0.003	0.574
21.991	0.223	0.088	0.078	-2.21	-0.86	-3.99	8.68	4.40	-46.10	56538	0.205	0.095	0.123	-0.174	-0.003	0.571
22.001	0.222	0.086	0.074	-2.06	-0.93	-4.43	10.97	24.93	-43.48	56056	0.204	0.094	0.120	-0.173	-0.003	0.567
22.010	0.222	0.086	0.071	-1.95	-1.24	-4.86	14.09	38.89	-39.27	55336	0.204	0.094	0.117	-0.172	-0.004	0.564
22.020	0.224	0.086	0.067	-1.82	-1.72	-5.24	16.90	46.26	-37.68	54839	0.204	0.093	0.114	-0.171	-0.004	0.560
22.031	0.222	0.084	0.064	-1.52	-2.06	-5.60	15.88	50.60	-34.18	54291	0.203	0.093	0.111	-0.170	-0.005	0.557
22.041	0.224	0.085	0.061	-1.48	-2.63	-5.96	16.76	45.59	-32.43	53808	0.203	0.093	0.108	-0.169	-0.005	0.553
22.052	0.224	0.084	0.056	-1.28	-3.05	-6.26	13.05	38.79	-29.93	53324	0.203	0.092	0.105	-0.168	-0.005	0.549
22.060	0.224	0.085	0.053	-1.30	-3.37	-6.61	11.26	30.64	-26.64	53299	0.202	0.092	0.102	-0.167	-0.006	0.546
22.068	0.226	0.086	0.051	-1.29	-3.67	-6.88	8.42	19.42	-23.89	52858	0.202	0.092	0.100	-0.166	-0.006	0.542
22.080	0.226	0.086	0.048	-1.24	-3.80	-7.10	4.44	0.81	-19.79	52403	0.202	0.092	0.097	-0.164	-0.006	0.538
22.090	0.228	0.087	0.046	-1.34	-3.77	-7.30	-1.21	-16.46	-15.39	52005	0.202	0.092	0.095	-0.163	-0.007	0.535
22.102	0.229	0.087	0.044	-1.39	-3.51	-7.44	-5.21	-34.34	-12.18	51574	0.203	0.092	0.093	-0.162	-0.007	0.531
22.112	0.230	0.088	0.042	-1.54	-3.15	-7.55	-3.87	-50.70	-9.19	51203	0.203	0.092	0.091	-0.160	-0.007	0.527
22.121	0.231	0.088	0.041	-1.60	-2.57	-7.62	-1.12	-66.00	-5.51	50704	0.204	0.093	0.089	-0.159	-0.007	0.524
22.131	0.233	0.089	0.039	-1.73	-1.65	-7.15	-5.24	-169.62	154.09	50284	0.204	0.093	0.087	-0.157	-0.008	0.520
22.145	0.234	0.089	0.037	-1.80	0.00	-5.34	-12.11	-139.46	176.80	49999	0.205	0.093	0.085	-0.156	-0.008	0.516
22.151	0.236	0.090	0.036	-2.02	1.21	-3.62	-9.39	-111.89	161.18	49732	0.206	0.094	0.083	-0.155	-0.008	0.513
22.162	0.237	0.091	0.036	-2.16	2.20	-2.08	-3.80	-78.41	146.29	47300	0.208	0.094	0.082	-0.153	-0.008	0.509
22.171	0.239	0.092	0.035	-2.31	2.77	-0.67	5.05	-46.41	131.12	46959	0.209	0.095	0.080	-0.152	-0.008	0.506
22.181	0.240	0.093	0.035	-2.28	3.16	0.55	14.79	-24.14	116.34	46528	0.210	0.096	0.079	-0.150	-0.008	0.503
22.192	0.242	0.094	0.034	-2.26	3.30	1.66	21.28	-4.42	105.10	46129	0.212	0.096	0.077	-0.149	-0.009	0.499
22.201	0.243	0.095	0.034	-2.10	3.28	2.64	28.06	14.57	94.13	45733	0.213	0.097	0.076	-0.147	-0.009	0.496
22.210	0.244	0.096	0.034	-1.94	3.08	3.53	30.66	29.84	84.22	45396	0.215	0.098	0.075	-0.146	-0.009	0.493
22.220	0.245	0.097	0.034	-1.66	2.77	4.28	32.49	36.74	73.98	45015	0.216	0.099	0.074	-0.144	-0.009	0.490
22.232	0.247	0.099	0.036	-1.46	2.47	4.95	32.73	36.38	64.07	44383	0.217	0.100	0.073	-0.143	-0.009	0.487
22.240	0.247	0.100	0.037	-1.17	2.17	5.54	31.50	28.67	55.99	44000	0.219	0.101	0.072	-0.141	-0.009	0.485
22.249	0.248	0.101	0.037	-0.97	1.99	6.06	34.51	22.84	47.57	43737	0.220	0.102	0.072	-0.140	-0.009	0.482
22.261	0.249	0.103	0.038	-0.62	1.81	6.49	37.75	13.82	40.96	43389	0.221	0.104	0.071	-0.138	-0.009	0.479
22.271	0.250	0.104	0.040	-0.37	1.78	6.89	37.68	5.78	33.85	43212	0.223	0.105	0.071	-0.137	-0.009	0.477
22.281	0.250	0.107	0.041	0.00	1.78	7.19	39.22	0.58	28.63	42533	0.224	0.106	0.070	-0.136	-0.009	0.475
22.291	0.250	0.108	0.041	0.31	1.85	7.48	43.38	0.15	21.99	42371	0.225	0.108	0.070	-0.134	-0.009	0.473
22.300	0.250	0.110	0.043	0.79	1.89	7.63	48.48	0.29	16.34	42098	0.226	0.109	0.070	-0.133	-0.009	0.471
22.312	0.250	0.112	0.043	1.23	1.91	7.79	50.36	0.92	11.26	41937	0.227	0.111	0.069	-0.132	-0.009	0.469
22.319	0.250	0.115	0.048	1.78	1.91	7.84	52.71	2.06	7.65	41090	0.228	0.112	0.069	-0.131	-0.009	0.467
22.334	0.250	0.116	0.049	2.25	1.90	7.96	52.19	6.84	3.41	40958	0.229	0.114	0.070	-0.130	-0.009	0.465
22.342	0.249	0.119	0.051	2.77	1.80	7.95	47.16	11.83	-0.99	40794	0.229	0.116	0.070	-0.129	-0.009	0.464
22.355	0.249	0.121	0.052	3.18	1.72	7.95	40.74	14.13	-4.84	40740	0.230	0.118	0.070	-0.128	-0.008	0.463
