# time(s)	x(m)	y(m)	z(m)	roll(deg)	pitch(deg)	yaw(deg)
9.280	0.000	0.000	1.002	0.00	0.00	0.00
9.288	0.000	0.000	1.002	0.00	0.00	0.00
9.296	0.000	0.000	1.002	0.00	0.00	0.00
9.304	0.000	0.000	1.002	0.00	0.00	0.00
9.312	0.000	0.000	1.002	0.00	0.00	0.00
9.320	0.000	0.000	1.002	0.00	0.00	0.00
9.328	0.000	0.000	1.002	0.00	0.00	0.00
9.336	0.000	0.000	1.002	0.00	0.00	0.00
9.344	0.000	0.000	1.002	0.00	0.00	0.00
9.352	0.000	0.000	1.002	0.00	0.00	0.00
9.360	0.000	0.000	1.002	0.00	0.00	0.00
9.368	0.000	0.000	1.002	0.00	0.00	0.00
9.376	0.000	0.000	1.002	0.00	0.00	0.00
9.384	0.000	0.000	1.002	0.00	0.00	0.00
9.392	0.000	0.000	1.002	0.00	0.00	0.00
9.400	0.000	0.000	1.002	0.00	0.00	0.00
9.408	0.000	0.000	1.002	0.00	0.00	0.00
9.416	0.000	0.000	1.002	0.00	0.00	0.00
9.424	0.000	0.000	1.002	0.00	0.00	0.00
9.432	0.000	0.000	1.002	0.00	0.00	0.00
9.440	0.000	0.000	1.002	0.00	0.00	0.00
9.448	0.000	0.000	1.002	0.00	0.00	0.00
9.456	0.000	0.000	1.002	0.00	0.00	0.00
9.464	0.000	0.000	1.002	0.00	0.00	0.00
9.472	0.000	0.000	1.002	0.00	0.00	0.00
9.480	0.000	0.000	1.002	0.00	0.00	0.00
9.488	0.000	0.000	1.002	0.00	0.00	0.00
9.496	0.000	0.000	1.002	0.00	0.00	0.00
9.504	0.000	0.000	1.002	0.00	0.00	0.00
9.512	0.000	0.000	1.002	0.00	0.00	0.00
9.520	0.000	0.000	1.002	0.00	0.00	0.00
9.528	0.000	0.000	1.002	0.00	0.00	0.00
9.536	0.000	0.000	1.002	0.00	0.00	0.00
9.544	0.000	0.000	1.002	0.00	0.00	0.00
9.552	0.000	0.000	1.002	0.00	0.00	0.00
9.560	0.000	0.000	1.003	0.00	0.00	0.00
9.568	0.000	0.000	1.003	0.00	0.00	0.00
9.576	0.000	0.000	1.003	0.00	0.00	0.00
9.584	0.000	0.000	1.003	0.00	0.00	0.00
9.592	0.000	0.000	1.003	0.00	0.00	0.00
9.600	0.000	0.000	1.003	0.00	0.00	0.00
9.608	0.000	0.000	1.003	0.00	0.00	0.00
9.616	0.000	0.000	1.003	0.00	0.00	0.00
9.624	0.000	0.000	1.003	0.00	0.00	0.00
9.632	0.000	0.000	1.003	0.00	0.00	0.00
9.640	0.000	0.000	1.003	0.00	0.00	0.00
9.648	0.000	0.000	1.003	0.00	0.00	0.00
9.656	0.000	0.000	1.003	0.00	0.00	0.00
9.664	0.000	0.000	1.003	0.00	0.00	0.00
9.672	0.000	0.000	1.003	0.00	0.00	0.00
9.680	0.000	0.000	1.003	0.00	0.00	0.00
9.688	0.000	0.000	1.003	0.00	0.00	0.00
9.696	0.000	0.000	1.003	0.00	0.00	0.00
9.704	0.000	0.000	1.003	0.00	0.00	0.00
9.712	0.000	0.000	1.003	0.00	0.00	0.00
9.720	0.000	0.000	1.003	0.00	0.00	0.00
9.728	0.000	0.000	1.003	0.00	0.00	0.00
9.736	0.000	0.000	1.003	0.00	0.00	0.00
9.744	0.000	0.000	1.003	0.00	0.00	0.00
9.752	0.000	0.000	1.003	0.00	0.00	0.00
9.760	0.000	0.000	1.003	0.00	0.00	0.00
9.768	0.000	0.000	1.003	0.00	0.00	0.00
9.776	0.000	0.000	1.003	0.00	0.00	0.00
9.784	0.000	0.000	1.003	0.00	0.00	0.00
9.792	0.000	0.000	1.003	0.00	0.00	0.00
9.800	0.000	0.000	1.003	0.00	0.00	0.00
9.808	0.000	0.000	1.003	0.00	0.00	0.00
9.816	0.000	0.000	1.003	0.00	0.00	0.00
9.824	0.000	0.000	1.003	0.00	0.00	0.00
9.832	0.000	0.000	1.003	0.00	0.00	0.00
9.840	0.000	0.000	1.003	0.00	0.00	0.00
9.848	0.000	0.000	1.003	0.00	0.00	0.00
9.856	0.000	0.000	1.003	0.00	0.00	0.00
9.864	0.000	0.000	1.003	0.00	0.00	0.00
9.872	0.000	0.000	1.003	0.00	0.00	0.00
9.880	0.000	0.000	1.003	0.00	0.00	0.00
9.888	0.000	0.000	1.003	0.00	0.00	0.00
9.896	0.000	0.000	1.003	0.00	0.00	0.00
9.904	0.000	0.000	1.003	0.00	0.00	0.00
9.912	0.000	0.000	1.003	0.00	0.00	0.00
9.920	0.000	0.000	1.003	0.00	0.00	0.00
9.928	0.000	0.000	1.003	0.00	0.00	0.00
9.936	0.000	0.000	1.003	0.00	0.00	0.00
9.944	0.000	0.000	1.003	0.00	0.00	0.00
9.952	0.000	0.000	1.003	0.00	0.00	0.00
9.960	0.000	0.000	1.003	0.00	0.00	0.00
9.968	0.000	0.000	1.003	0.00	0.00	0.00
9.976	0.000	0.000	1.003	0.00	0.00	0.00
9.984	0.000	0.000	1.003	0.00	0.00	0.00
9.992	0.000	0.000	1.003	0.00	0.00	0.00
10.000	0.000	0.000	1.003	0.00	0.00	0.00
10.008	0.000	0.000	1.003	0.00	0.00	0.00
10.016	0.000	0.000	1.004	0.00	0.00	0.00
10.024	0.000	0.000	1.004	0.00	0.00	0.00
10.032	0.000	0.000	1.004	0.00	0.00	0.00
10.040	0.000	0.000	1.004	0.00	0.00	0.00
10.048	0.000	0.000	1.004	0.00	0.00	0.00
10.056	0.000	0.000	1.004	0.00	0.00	0.00
10.064	0.000	0.000	1.004	0.00	0.00	0.00
10.072	0.000	0.000	1.004	0.00	0.00	0.00
10.080	0.000	0.000	1.004	0.00	0.00	0.00
10.088	0.000	0.000	1.004	0.00	0.00	0.00
10.096	0.000	0.000	1.004	0.00	0.00	0.00
10.104	0.000	0.000	1.004	0.00	0.00	0.00
10.112	0.000	0.000	1.004	0.00	0.00	0.00
10.120	0.000	0.000	1.004	0.00	0.00	0.00
10.128	0.000	0.000	1.004	0.00	0.00	0.00
10.136	0.000	0.000	1.004	0.00	0.00	0.00
10.144	0.000	0.000	1.004	0.00	0.00	0.00
10.152	0.000	0.000	1.004	0.00	0.00	0.00
10.160	0.000	0.000	1.004	0.00	0.00	0.00
10.168	0.000	0.000	1.004	0.00	0.00	0.00
10.176	0.000	0.000	1.004	0.00	0.00	0.00
10.184	0.000	0.000	1.004	0.00	0.00	0.00
10.192	0.000	0.000	1.004	0.00	0.00	0.00
10.200	0.000	0.000	1.004	0.00	0.00	0.00
10.208	0.000	0.000	1.004	0.00	0.00	0.00
10.216	0.000	0.000	1.004	0.00	0.00	0.00
10.224	0.000	0.000	1.004	0.00	0.00	0.00
10.232	0.000	0.000	1.004	0.00	0.00	0.00
10.240	0.000	0.000	1.004	0.00	0.00	0.00
10.248	0.000	0.000	1.004	0.00	0.00	0.00
10.256	0.000	0.000	1.004	0.00	0.00	0.00
10.264	0.000	0.000	1.004	0.00	0.00	0.00
10.272	0.000	0.000	1.004	0.00	0.00	0.00
10.280	0.000	0.000	1.004	0.00	0.00	0.00
10.288	0.000	0.000	1.004	0.00	0.00	0.00
10.296	0.000	0.000	1.004	0.00	0.00	0.00
10.304	0.000	0.000	1.004	0.00	0.00	0.00
10.312	0.000	0.000	1.004	0.00	0.00	0.00
10.320	0.000	0.000	1.004	0.00	0.00	0.00
10.328	0.000	0.000	1.004	0.00	0.00	0.00
10.336	0.000	0.000	1.004	0.00	0.00	0.00
10.344	0.000	0.000	1.004	0.00	0.00	0.00
10.352	0.000	0.000	1.004	0.00	0.00	0.00
10.360	0.000	0.000	1.004	0.00	0.00	0.00
10.368	0.000	0.000	1.004	0.00	0.00	0.00
10.376	0.000	0.000	1.004	0.00	0.00	0.00
10.384	0.000	0.000	1.004	0.00	0.00	0.00
10.392	0.000	0.000	1.004	0.00	0.00	0.00
10.400	0.000	0.000	1.004	0.00	0.00	0.00
10.408	0.000	0.000	1.004	0.00	0.00	0.00
10.416	0.000	0.000	1.004	0.00	0.00	0.00
10.424	0.000	0.000	1.004	0.00	0.00	0.00
10.432	0.000	0.000	1.004	0.00	0.00	0.00
10.440	0.000	0.000	1.004	0.00	0.00	0.00
10.448	0.000	0.000	1.004	0.00	0.00	0.00
10.456	0.000	0.000	1.004	0.00	0.00	0.00
10.464	0.000	0.000	1.004	0.00	0.00	0.00
10.472	0.000	0.000	1.004	0.00	0.00	0.00
10.480	0.000	0.000	1.004	0.00	0.00	0.00
10.488	0.000	0.000	1.004	0.00	0.00	0.00
10.496	0.000	0.000	1.004	0.00	0.00	0.00
10.504	0.000	0.000	1.004	0.00	0.00	0.00
10.512	0.000	0.000	1.004	0.00	0.00	0.00
10.520	0.000	0.000	1.004	0.00	0.00	0.00
10.528	0.000	0.000	1.004	0.00	0.00	0.00
10.536	0.000	0.000	1.004	0.00	0.00	0.00
10.544	0.000	0.000	1.004	0.00	0.00	0.00
10.552	0.000	0.000	1.004	0.00	0.00	0.00
10.560	0.000	0.000	1.004	0.00	0.00	0.00
10.568	0.000	0.000	1.004	0.00	0.00	0.00
10.576	0.000	0.000	1.004	0.00	0.00	0.00
10.584	0.000	0.000	1.004	0.00	0.00	0.00
10.592	0.000	0.000	1.004	0.00	0.00	0.00
10.600	0.000	0.000	1.004	0.00	0.00	0.00
10.608	0.000	0.000	1.004	0.00	0.00	0.00
10.616	0.000	0.000	1.004	0.00	0.00	0.00
10.624	0.000	0.000	1.004	0.00	0.00	0.00
10.632	0.000	0.000	1.004	0.00	0.00	0.00
10.640	0.000	0.000	1.004	0.00	0.00	0.00
10.648	0.000	0.000	1.004	0.00	0.00	0.00
10.656	0.000	0.000	1.004	0.00	0.00	0.00
10.664	0.000	0.000	1.004	0.00	0.00	0.00
10.672	0.000	0.000	1.004	0.00	0.00	0.00
10.680	0.000	0.000	1.004	0.00	0.00	0.00
10.688	0.000	0.000	1.004	0.00	0.00	0.00
10.696	0.000	0.000	1.004	0.00	0.00	0.00
10.704	0.000	0.000	1.004	0.00	0.00	0.00
10.712	0.000	0.000	1.004	0.00	0.00	0.00
10.720	0.000	0.000	1.004	0.00	0.00	0.00
10.728	0.000	0.000	1.004	0.00	0.00	0.00
10.736	0.000	0.000	1.004	0.00	0.00	0.00
10.744	0.000	0.000	1.004	0.00	0.00	0.00
10.752	0.000	0.000	1.004	0.00	0.00	0.00
10.760	0.000	0.000	1.004	0.00	0.00	0.00
10.768	0.000	0.000	1.004	0.00	0.00	0.00
10.776	0.000	0.000	1.004	0.00	0.00	0.00
10.784	0.000	0.000	1.004	0.00	0.00	0.00
10.792	0.000	0.000	1.004	0.00	0.00	0.00
10.800	0.000	0.000	1.004	0.00	0.00	0.00
10.808	0.000	0.000	1.004	0.00	0.00	0.00
10.816	0.000	0.000	1.004	0.00	0.00	0.00
10.824	0.000	0.000	1.004	0.00	0.00	0.00
10.832	0.000	0.000	1.004	0.00	0.00	0.00
10.840	0.000	0.000	1.004	0.00	0.00	0.00
10.848	0.000	0.000	1.004	0.00	0.00	0.00
10.856	0.000	0.000	1.004	0.00	0.00	0.00
10.864	0.000	0.000	1.004	0.00	0.00	0.00
10.872	0.000	0.000	1.004	0.00	0.00	0.00
10.880	0.000	0.000	1.004	0.00	0.00	0.00
10.888	0.000	0.000	1.003	0.00	0.00	0.00
10.896	0.000	0.000	1.003	0.00	0.00	0.00
10.904	0.000	0.000	1.003	0.00	0.00	0.00
10.912	0.000	0.000	1.003	0.00	0.00	0.00
10.920	0.000	0.000	1.003	0.00	0.00	0.00
10.928	0.000	0.000	1.003	0.00	0.00	0.00
10.936	0.000	0.000	1.003	0.00	0.00	0.00
10.944	0.000	0.000	1.003	0.00	0.00	0.00
10.952	0.000	0.000	1.003	0.00	0.00	0.00
10.960	0.000	0.000	1.003	0.00	0.00	0.00
10.968	0.000	0.000	1.003	0.00	0.00	0.00
10.976	0.000	0.000	1.003	0.00	0.00	0.00
10.984	0.000	0.000	1.003	0.00	0.00	0.00
10.992	0.000	0.000	1.003	0.00	0.00	0.00
11.000	0.000	0.000	1.003	0.00	0.00	0.00
11.008	0.000	0.000	1.003	0.00	0.00	0.00
11.016	0.000	0.000	1.003	0.00	0.00	0.00
11.024	0.000	0.000	1.003	0.00	0.00	0.00
11.032	0.000	0.000	1.003	0.00	0.00	0.00
11.040	0.000	0.000	1.003	0.00	0.00	0.00
11.048	0.000	0.000	1.003	0.00	0.00	0.00
11.056	0.000	0.000	1.003	0.00	0.00	0.00
11.064	0.000	0.000	1.003	0.00	0.00	0.00
11.072	0.000	0.000	1.003	0.00	0.00	0.00
11.080	0.000	0.000	1.003	0.00	0.00	0.00
11.088	0.000	0.000	1.003	0.00	0.00	0.00
11.096	0.000	0.000	1.003	0.00	0.00	0.00
11.104	0.000	0.000	1.003	0.00	0.00	0.00
11.112	0.000	0.000	1.003	0.00	0.00	0.00
11.120	0.000	0.000	1.003	0.00	0.00	0.00
11.128	0.000	0.000	1.003	0.00	0.00	0.00
11.136	0.000	0.000	1.003	0.00	0.00	0.00
11.144	0.000	0.000	1.003	0.00	0.00	0.00
11.152	0.000	0.000	1.003	0.00	0.00	0.00
11.160	0.000	0.000	1.003	0.00	0.00	0.00
11.168	0.000	0.000	1.003	0.00	0.00	0.00
11.176	0.000	0.000	1.003	0.00	0.00	0.00
11.184	0.000	0.000	1.003	0.00	0.00	0.00
11.192	0.000	0.000	1.003	0.00	0.00	0.00
11.200	0.000	0.000	1.003	0.00	0.00	0.00
11.208	0.000	0.000	1.003	0.00	0.00	0.00
11.216	0.000	0.000	1.003	0.00	0.00	0.00
11.224	0.000	0.000	1.003	0.00	0.00	0.00
11.232	0.000	0.000	1.003	0.00	0.00	0.00
11.240	0.000	0.000	1.003	0.00	0.00	0.00
11.248	0.000	0.000	1.003	0.00	0.00	0.00
11.256	0.000	0.000	1.003	0.00	0.00	0.00
11.264	0.000	0.000	1.003	0.00	0.00	0.00
11.272	0.000	0.000	1.003	0.00	0.00	0.00
11.280	0.000	0.000	1.003	0.00	0.00	0.00
11.288	0.000	0.000	1.003	0.00	0.00	0.00
11.296	0.000	0.000	1.003	0.00	0.00	0.00
11.304	0.000	0.000	1.003	0.00	0.00	0.00
11.312	0.000	0.000	1.003	0.00	0.00	0.00
11.320	0.000	0.000	1.003	0.00	0.00	0.00
11.328	0.000	0.000	1.003	0.00	0.00	0.00
11.336	0.000	0.000	1.003	0.00	0.00	0.00
11.344	0.000	0.000	1.003	0.00	0.00	0.00
11.352	0.000	0.000	1.003	0.00	0.00	0.00
11.360	0.000	0.000	1.003	0.00	0.00	0.00
11.368	0.000	0.000	1.003	0.00	0.00	0.00
11.376	0.000	0.000	1.003	0.00	0.00	0.00
11.384	0.000	0.000	1.002	0.00	0.00	0.00
11.392	0.000	0.000	1.002	0.00	0.00	0.00
11.400	0.000	0.000	1.002	0.00	0.00	0.00
11.408	0.000	0.000	1.002	0.00	0.00	0.00
11.416	0.000	0.000	1.002	0.00	0.00	0.00
11.424	0.000	0.000	1.002	0.00	0.00	0.00
11.432	0.000	0.000	1.002	0.00	0.00	0.00
11.440	0.000	0.000	1.002	0.00	0.00	0.00
11.448	0.000	0.000	1.002	0.00	0.00	0.00
11.456	0.000	0.000	1.002	0.00	0.00	0.00
11.464	0.000	0.000	1.002	0.00	0.00	0.00
11.472	0.000	0.000	1.002	0.00	0.00	0.00
11.480	0.000	0.000	1.002	0.00	0.00	0.00
11.488	0.000	0.000	1.002	0.00	0.00	0.00
11.496	0.000	0.000	1.002	0.00	0.00	0.00
11.504	0.000	0.000	1.002	0.00	0.00	0.00
11.512	0.000	0.000	1.002	0.00	0.00	0.00
11.520	0.000	0.000	1.002	0.00	0.00	0.00
11.528	0.000	0.000	1.002	0.00	0.00	0.00
11.536	0.000	0.000	1.002	0.00	0.00	0.00
11.544	0.000	0.000	1.002	0.00	0.00	0.00
11.552	0.000	0.000	1.002	0.00	0.00	0.00
11.560	0.000	0.000	1.002	0.00	0.00	0.00
11.568	0.000	0.000	1.002	0.00	0.00	0.00
11.576	0.000	0.000	1.002	0.00	0.00	0.00
11.584	0.000	0.000	1.002	0.00	0.00	0.00
11.592	0.000	0.000	1.002	0.00	0.00	0.00
11.600	0.000	0.000	1.002	0.00	0.00	0.00
11.608	0.000	0.000	1.002	0.00	0.00	0.00
11.616	0.000	0.000	1.002	0.00	0.00	0.00
11.624	0.000	0.000	1.002	0.00	0.00	0.00
11.632	0.000	0.000	1.002	0.00	0.00	0.00
11.640	0.000	0.000	1.002	0.00	0.00	0.00
11.648	0.000	0.000	1.002	0.00	0.00	0.00
11.656	0.000	0.000	1.002	0.00	0.00	0.00
11.664	0.000	0.000	1.002	0.00	0.00	0.00
11.672	0.000	0.000	1.002	0.00	0.00	0.00
11.680	0.000	0.000	1.002	0.00	0.00	0.00
11.688	0.000	0.000	1.002	0.00	0.00	0.00
11.696	0.000	0.000	1.002	0.00	0.00	0.00
11.704	0.000	0.000	1.002	0.00	0.00	0.00
11.712	0.000	0.000	1.002	0.00	0.00	0.00
11.720	0.000	0.000	1.002	0.00	0.00	0.00
11.728	0.000	0.000	1.002	0.00	0.00	0.00
11.736	0.000	0.000	1.002	0.00	0.00	0.00
11.744	0.000	0.000	1.002	0.00	0.00	0.00
11.752	0.000	0.000	1.002	0.00	0.00	0.00
11.760	0.000	0.000	1.002	0.00	0.00	0.00
11.768	0.000	0.000	1.002	0.00	0.00	0.00
11.776	0.000	0.000	1.002	0.00	0.00	0.00
11.784	0.000	0.000	1.002	0.00	0.00	0.00
11.792	0.000	0.000	1.002	0.00	0.00	0.00
11.800	0.000	0.000	1.002	0.00	0.00	0.00
11.808	0.000	0.000	1.002	0.00	0.00	0.00
11.816	0.000	0.000	1.002	0.00	0.00	0.00
11.824	0.000	0.000	1.002	0.00	0.00	0.00
11.832	0.000	0.000	1.002	0.00	0.00	0.00
11.840	0.000	0.000	1.002	0.00	0.00	0.00
11.848	0.000	0.000	1.002	0.00	0.00	0.00
11.856	0.000	0.000	1.002	0.00	0.00	0.00
11.864	0.000	0.000	1.002	0.00	0.00	0.00
11.872	0.000	0.000	1.002	0.00	0.00	0.00
11.880	0.000	0.000	1.002	0.00	0.00	0.00
11.888	0.000	0.000	1.001	0.00	0.00	0.00
11.896	0.000	0.000	1.001	0.00	0.00	0.00
11.904	0.000	0.000	1.001	0.00	0.00	0.00
11.912	0.000	0.000	1.001	0.00	0.00	0.00
11.920	0.000	0.000	1.001	0.00	0.00	0.00
11.928	0.000	0.000	1.001	0.00	0.00	0.00
11.936	0.000	0.000	1.001	0.00	0.00	0.00
11.944	0.000	0.000	1.001	0.00	0.00	0.00
11.952	0.000	0.000	1.001	0.00	0.00	0.00
11.960	0.000	0.000	1.001	0.00	0.00	0.00
11.968	0.000	0.000	1.001	0.00	0.00	0.00
11.976	0.000	0.000	1.001	0.00	0.00	0.00
11.984	0.000	0.000	1.001	0.00	0.00	0.00
11.992	0.000	0.000	1.001	0.00	0.00	0.00
12.000	0.000	0.000	1.001	0.00	0.00	0.00
12.008	0.000	0.000	1.001	0.00	0.00	0.00
12.016	0.000	0.000	1.001	0.00	0.00	0.00
12.024	0.000	0.000	1.001	0.00	0.00	0.00
12.032	0.000	0.000	1.001	0.00	0.00	0.00
12.040	0.000	0.000	1.001	0.00	0.00	0.00
12.048	0.000	0.000	1.001	0.00	0.00	0.00
12.056	0.000	0.000	1.001	0.00	0.00	0.00
12.064	0.000	0.000	1.001	0.00	0.00	0.00
12.072	0.000	0.000	1.001	0.00	0.00	0.00
12.080	0.000	0.000	1.001	0.00	0.00	0.00
12.088	0.000	0.000	1.001	0.00	0.00	0.00
12.096	0.000	0.000	1.001	0.00	0.00	0.00
12.104	0.000	0.000	1.001	0.00	0.00	0.00
12.112	0.000	0.000	1.001	0.00	0.00	0.00
12.120	0.000	0.000	1.001	0.00	0.00	0.00
12.128	0.000	0.000	1.001	0.00	0.00	0.00
12.136	0.000	0.000	1.001	0.00	0.00	0.00
12.144	0.000	0.000	1.001	0.00	0.00	0.00
12.152	0.000	0.000	1.001	0.00	0.00	0.00
12.160	0.000	0.000	1.001	0.00	0.00	0.00
12.168	0.000	0.000	1.001	0.00	0.00	0.00
12.176	0.000	0.000	1.001	0.00	0.00	0.00
12.184	0.000	0.000	1.001	0.00	0.00	0.00
12.192	0.000	0.000	1.001	0.00	0.00	0.00
12.200	0.000	0.000	1.001	0.00	0.00	0.00
12.208	0.000	0.000	1.001	0.00	0.00	0.00
12.216	0.000	0.000	1.001	0.00	0.00	0.00
12.224	0.000	0.000	1.001	0.00	0.00	0.00
12.232	0.000	0.000	1.001	0.00	0.00	0.00
12.240	0.000	0.000	1.001	0.00	0.00	0.00
12.248	0.000	0.000	1.001	0.00	0.00	0.00
12.256	0.000	0.000	1.001	0.00	0.00	0.00
12.264	0.000	0.000	1.001	0.00	0.00	0.00
12.272	0.000	0.000	1.001	0.00	0.00	0.00
12.280	0.000	0.000	1.001	0.00	0.00	0.00
12.288	0.000	0.000	1.001	0.00	0.00	0.00
12.296	0.000	0.000	1.001	0.00	0.00	0.00
12.304	0.000	0.000	1.001	0.00	0.00	0.00
12.312	0.000	0.000	1.001	0.00	0.00	0.00
12.320	0.000	0.000	1.001	0.00	0.00	0.00
12.328	0.000	0.000	1.001	0.00	0.00	0.00
12.336	0.000	0.000	1.001	0.00	0.00	0.00
12.344	0.000	0.000	1.001	0.00	0.00	0.00
12.352	0.000	0.000	1.001	0.00	0.00	0.00
12.360	0.000	0.000	1.001	0.00	0.00	0.00
12.368	0.000	0.000	1.001	0.00	0.00	0.00
12.376	0.000	0.000	1.001	0.00	0.00	0.00
12.384	0.000	0.000	1.001	0.00	0.00	0.00
12.392	0.000	0.000	1.001	0.00	0.00	0.00
12.400	0.000	0.000	1.001	0.00	0.00	0.00
12.408	0.000	0.000	1.001	0.00	0.00	0.00
12.416	0.000	0.000	1.001	0.00	0.00	0.00
12.424	0.000	0.000	1.001	0.00	0.00	0.00
12.432	0.000	0.000	1.001	0.00	0.00	0.00
12.440	0.000	0.000	1.001	0.00	0.00	0.00
12.448	0.000	0.000	1.001	0.00	0.00	0.00
12.456	0.000	0.000	1.001	0.00	0.00	0.00
12.464	0.000	0.000	1.001	0.00	0.00	0.00
12.472	0.000	0.000	1.001	0.00	0.00	0.00
12.480	0.000	0.000	1.001	0.00	0.00	0.00
12.488	0.000	0.000	1.001	0.00	0.00	0.00
12.496	0.000	0.000	1.001	0.00	0.00	0.00
12.504	0.000	0.000	1.001	0.00	0.00	0.00
12.512	0.000	0.000	1.001	0.00	0.00	0.00
12.520	0.000	0.000	1.001	0.00	0.00	0.00
12.528	0.000	0.000	1.001	0.00	0.00	0.00
12.536	0.000	0.000	1.001	0.00	0.00	0.00
12.544	0.000	0.000	1.001	0.00	0.00	0.00
12.552	0.000	0.000	1.001	0.00	0.00	0.00
12.560	0.000	0.000	1.001	0.00	0.00	0.00
12.568	0.000	0.000	1.001	0.00	0.00	0.00
12.576	0.000	0.000	1.001	0.00	0.00	0.00
12.584	0.000	0.000	1.001	0.00	0.00	0.00
12.592	0.000	0.000	1.001	0.00	0.00	0.00
12.600	0.000	0.000	1.001	0.00	0.00	0.00
12.608	0.000	0.000	1.001	0.00	0.00	0.00
12.616	0.000	0.000	1.001	0.00	0.00	0.00
12.624	0.000	0.000	1.001	0.00	0.00	0.00
12.632	0.000	0.000	1.001	0.00	0.00	0.00
12.640	0.000	0.000	1.001	0.00	0.00	0.00
12.648	0.000	0.000	1.001	0.00	0.00	0.00
12.656	0.000	0.000	1.001	0.00	0.00	0.00
12.664	0.000	0.000	1.001	0.00	0.00	0.00
12.672	0.000	0.000	1.001	0.00	0.00	0.00
12.680	0.000	0.000	1.001	0.00	0.00	0.00
12.688	0.000	0.000	1.001	0.00	0.00	0.00
12.696	0.000	0.000	1.001	0.00	0.00	0.00
12.704	0.000	0.000	1.001	0.00	0.00	0.00
12.712	0.000	0.000	1.001	0.00	0.00	0.00
12.720	0.000	0.000	1.001	0.00	0.00	0.00
12.728	0.000	0.000	1.001	0.00	0.00	0.00
12.736	0.000	0.000	1.001	0.00	0.00	0.00
12.744	0.000	0.000	1.001	0.00	0.00	0.00
12.752	0.000	0.000	1.001	0.00	0.00	0.00
12.760	0.000	0.000	1.001	0.00	0.00	0.00
12.768	0.000	0.000	1.001	0.00	0.00	0.00
12.776	0.000	0.000	1.001	0.00	0.00	0.00
12.784	0.000	0.000	1.001	0.00	0.00	0.00
12.792	0.000	0.000	1.001	0.00	0.00	0.00
12.800	0.000	0.000	1.001	0.00	0.00	0.00
12.808	0.000	0.000	1.001	0.00	0.00	0.00
12.816	0.000	0.000	1.001	0.00	0.00	0.00
12.824	0.000	0.000	1.001	0.00	0.00	0.00
12.832	0.000	0.000	1.001	0.00	0.00	0.00
12.840	0.000	0.000	1.001	0.00	0.00	0.00
12.848	0.000	0.000	1.001	0.00	0.00	0.00
12.856	0.000	0.000	1.001	0.00	0.00	0.00
12.864	0.000	0.000	1.001	0.00	0.00	0.00
12.872	0.000	0.000	1.001	0.00	0.00	0.00
12.880	0.000	0.000	1.001	0.00	0.00	0.00
12.888	0.000	0.000	1.000	0.00	0.00	0.00
12.896	0.000	0.000	1.000	0.00	0.00	0.00
12.904	0.000	0.000	1.000	0.00	0.00	0.00
12.912	0.000	0.000	1.000	0.00	0.00	0.00
12.920	0.000	0.000	1.000	0.00	0.00	0.00
12.928	0.000	0.000	1.000	0.00	0.00	0.00
12.936	0.000	0.000	1.000	0.00	0.00	0.00
12.944	0.000	0.000	1.000	0.00	0.00	0.00
12.952	0.000	0.000	1.000	0.00	0.00	0.00
12.960	0.000	0.000	1.000	0.00	0.00	0.00
12.968	0.000	0.000	1.000	0.00	0.00	0.00
12.976	0.000	0.000	1.000	0.00	0.00	0.00
12.984	0.000	0.000	1.000	0.00	0.00	0.00
12.992	0.000	0.000	1.000	0.00	0.00	0.00
13.000	0.000	0.000	1.000	0.00	0.00	0.00
13.008	0.000	0.000	1.000	0.00	0.00	0.00
13.016	0.000	0.000	1.000	0.00	0.00	0.00
13.024	0.000	0.000	1.000	0.00	0.00	0.00
13.032	0.000	0.000	1.000	0.00	0.00	0.00
13.040	0.000	0.000	1.000	0.00	0.00	0.00
13.048	0.000	0.000	1.000	0.00	0.00	0.00
13.056	0.000	0.000	1.000	0.00	0.00	0.00
13.064	0.000	0.000	1.000	0.00	0.00	0.00
13.072	0.000	0.000	1.000	0.00	0.00	0.00
13.080	0.000	0.000	1.000	0.00	0.00	0.00
13.088	0.000	0.000	1.000	0.00	0.00	0.00
13.096	0.000	0.000	1.000	0.00	0.00	0.00
13.104	0.000	0.000	1.000	0.00	0.00	0.00
13.112	0.000	0.000	1.000	0.00	0.00	0.00
13.120	0.000	0.000	1.000	0.00	0.00	0.00
13.128	0.000	0.000	1.000	0.00	0.00	0.00
13.136	0.000	0.000	1.000	0.00	0.00	0.00
13.144	0.000	0.000	1.000	0.00	0.00	0.00
13.152	0.000	0.000	1.000	0.00	0.00	0.00
13.160	0.000	0.000	1.000	0.00	0.00	0.00
13.168	0.000	0.000	1.000	0.00	0.00	0.00
13.176	0.000	0.000	1.000	0.00	0.00	0.00
13.184	0.000	0.000	1.000	0.00	0.00	0.00
13.192	0.000	0.000	1.000	0.00	0.00	0.00
13.200	0.000	0.000	1.000	0.00	0.00	0.00
13.208	0.000	0.000	1.000	0.00	0.00	0.00
13.216	0.000	0.000	1.000	0.00	0.00	0.00
13.224	0.000	0.000	1.000	0.00	0.00	0.00
13.232	0.000	0.000	1.000	0.00	0.00	0.00
13.240	0.000	0.000	1.000	0.00	0.00	0.00
13.248	0.000	0.000	1.000	0.00	0.00	0.00
13.256	0.000	0.000	1.000	0.00	0.00	0.00
13.264	0.000	0.000	1.000	0.00	0.00	0.00
13.272	0.000	0.000	1.000	0.00	0.00	0.00
13.280	0.000	0.000	1.000	0.00	0.00	0.00
13.288	0.000	0.000	1.000	0.00	0.00	0.00
13.296	0.000	0.000	1.000	0.00	0.00	0.00
13.304	0.000	0.000	1.000	0.00	0.00	0.00
13.312	0.000	0.000	1.000	0.00	0.00	0.00
13.320	0.000	0.000	1.000	0.00	0.00	0.00
13.328	0.000	0.000	1.000	0.00	0.00	0.00
13.336	0.000	0.000	1.000	0.00	0.00	0.00
13.344	0.000	0.000	1.000	0.00	0.00	0.00
13.352	0.000	0.000	1.000	0.00	0.00	0.00
13.360	0.000	0.000	1.000	0.00	0.00	0.00
13.368	0.000	0.000	1.000	0.00	0.00	0.00
13.376	0.000	0.000	1.000	0.00	0.00	0.00
13.384	0.000	0.000	1.000	0.00	0.00	0.00
13.392	0.000	0.000	1.000	0.00	0.00	0.00
13.400	0.000	0.000	1.000	0.00	0.00	0.00
13.408	0.000	0.000	1.000	0.00	0.00	0.00
13.416	0.000	0.000	1.000	0.00	0.00	0.00
13.424	0.000	0.000	1.000	0.00	0.00	0.00
13.432	0.000	0.000	1.000	0.00	0.00	0.00
13.440	0.000	0.000	1.000	0.00	0.00	0.00
13.448	0.000	0.000	1.000	0.00	0.00	0.00
13.456	0.000	0.000	1.000	0.00	0.00	0.00
13.464	0.000	0.000	1.000	0.00	0.00	0.00
13.472	0.000	0.000	1.000	0.00	0.00	0.00
13.480	0.000	0.000	1.000	0.00	0.00	0.00
13.488	0.000	0.000	1.000	0.00	0.00	0.00
13.496	0.000	0.000	1.000	0.00	0.00	0.00
13.504	0.000	0.000	1.000	0.00	0.00	0.00
13.512	0.000	0.000	1.000	0.00	0.00	0.00
13.520	0.000	0.000	1.000	0.00	0.00	0.00
13.528	0.000	0.000	1.000	0.00	0.00	0.00
13.536	0.000	0.000	1.000	0.00	0.00	0.00
13.544	0.000	0.000	1.000	0.00	0.00	0.00
13.552	0.000	0.000	1.000	0.00	0.00	0.00
13.560	0.000	0.000	1.000	0.00	0.00	0.00
13.568	0.000	0.000	1.000	0.00	0.00	0.00
13.576	0.000	0.000	1.000	0.00	0.00	0.00
13.584	0.000	0.000	1.000	0.00	0.00	0.00
13.592	0.000	0.000	1.000	0.00	0.00	0.00
13.600	0.000	0.000	1.000	0.00	0.00	0.00
13.608	0.000	0.000	1.000	0.00	0.00	0.00
13.616	0.000	0.000	1.000	0.00	0.00	0.00
13.624	0.000	0.000	1.000	0.00	0.00	0.00
13.632	0.000	0.000	1.000	0.00	0.00	0.00
13.640	0.000	0.000	1.000	0.00	0.00	0.00
13.648	0.000	0.000	1.000	0.00	0.00	0.00
13.656	0.000	0.000	1.000	0.00	0.00	0.00
13.664	0.000	0.000	1.000	0.00	0.00	0.00
13.672	0.000	0.000	1.000	0.00	0.00	0.00
13.680	0.000	0.000	1.000	0.00	0.00	0.00
13.688	0.000	0.000	1.000	0.00	0.00	0.00
13.696	0.000	0.000	1.000	0.00	0.00	0.00
13.704	0.000	0.000	1.000	0.00	0.00	0.00
13.712	0.000	0.000	1.000	0.00	0.00	0.00
13.720	0.000	0.000	1.000	0.00	0.00	0.00
13.728	0.000	0.000	1.000	0.00	0.00	0.00
13.736	0.000	0.000	1.000	0.00	0.00	0.00
13.744	0.000	0.000	1.000	0.00	0.00	0.00
13.752	0.000	0.000	1.000	0.00	0.00	0.00
13.760	0.000	0.000	1.000	0.00	0.00	0.00
13.768	0.000	0.000	1.000	0.00	0.00	0.00
13.776	0.000	0.000	1.000	0.00	0.00	0.00
13.784	0.000	0.000	1.000	0.00	0.00	0.00
13.792	0.000	0.000	1.000	0.00	0.00	0.00
13.800	0.000	0.000	1.000	0.00	0.00	0.00
13.808	0.000	0.000	1.000	0.00	0.00	0.00
13.816	0.000	0.000	1.000	0.00	0.00	0.00
13.824	0.000	0.000	1.000	0.00	0.00	0.00
13.832	0.000	0.000	1.000	0.00	0.00	0.00
13.840	0.000	0.000	1.000	0.00	0.00	0.00
13.848	0.000	0.000	1.000	0.00	0.00	0.00
13.856	0.000	0.000	1.000	0.00	0.00	0.00
13.864	0.000	0.000	1.000	0.00	0.00	0.00
13.872	0.000	0.000	1.000	0.00	0.00	0.00
13.880	0.000	0.000	1.000	0.00	0.00	0.00
13.888	0.000	0.000	1.000	0.00	0.00	0.00
13.896	0.000	0.000	1.000	0.00	0.00	0.00
13.904	0.000	0.000	1.000	0.00	0.00	0.00
13.912	0.000	0.000	1.000	0.00	0.00	0.00
13.920	0.000	0.000	1.000	0.00	0.00	0.00
13.928	0.000	0.000	1.000	0.00	0.00	0.00
13.936	0.000	0.000	1.000	0.00	0.00	0.00
13.944	0.000	0.000	1.000	0.00	0.00	0.00
13.952	0.000	0.000	1.000	0.00	0.00	0.00
13.960	0.000	0.000	1.000	0.00	0.00	0.00
13.968	0.000	0.000	1.000	0.00	0.00	0.00
13.976	0.000	0.000	1.000	0.00	0.00	0.00
13.984	0.000	0.000	1.000	0.00	0.00	0.00
13.992	0.000	0.000	1.000	0.00	0.00	0.00
14.000	0.000	0.000	1.000	0.00	0.00	0.00
14.008	0.000	0.000	1.000	0.00	0.00	0.00
14.016	0.000	0.000	1.000	0.00	0.00	0.00
14.024	0.000	0.000	1.000	0.00	0.00	0.00
14.032	0.000	0.000	1.000	0.00	0.00	0.00
14.040	0.000	0.000	1.000	0.00	0.00	0.00
14.048	0.000	0.000	1.000	0.00	0.00	0.00
14.056	0.000	0.000	1.000	0.00	0.00	0.00
14.064	0.000	0.000	1.000	0.00	0.00	0.00
14.072	0.000	0.000	1.000	0.00	0.00	0.00
14.080	0.000	0.000	1.000	0.00	0.00	0.00
14.088	0.000	0.000	1.000	0.00	0.00	0.00
14.096	0.000	0.000	1.000	0.00	0.00	0.00
14.104	0.000	0.000	1.000	0.00	0.00	0.00
14.112	0.000	0.000	1.000	0.00	0.00	0.00
14.120	0.000	0.000	1.000	0.00	0.00	0.00
14.128	0.000	0.000	1.000	0.00	0.00	0.00
14.136	0.000	0.000	1.000	0.00	0.00	0.00
14.144	0.000	0.000	1.000	0.00	0.00	0.00
14.152	0.000	0.000	1.000	0.00	0.00	0.00
14.160	0.000	0.000	1.000	0.00	0.00	0.00
14.168	0.000	0.000	1.000	0.00	0.00	0.00
14.176	0.000	0.000	1.000	0.00	0.00	0.00
14.184	0.000	0.000	1.000	0.00	0.00	0.00
14.192	0.000	0.000	1.000	0.00	0.00	0.00
14.200	0.000	0.000	1.000	0.00	0.00	0.00
14.208	0.000	0.000	1.000	0.00	0.00	0.00
14.216	0.000	0.000	1.000	0.00	0.00	0.00
14.224	0.000	0.000	1.000	0.00	0.00	0.00
14.232	0.000	0.000	1.000	0.00	0.00	0.00
14.240	0.000	0.000	1.000	0.00	0.00	0.00
14.248	0.000	0.000	1.000	0.00	0.00	0.00
14.256	0.000	0.000	1.000	0.00	0.00	0.00
14.264	0.000	0.000	1.000	0.00	0.00	0.00
14.272	0.000	0.000	1.000	0.00	0.00	0.00
14.280	0.000	0.000	1.000	0.00	0.00	0.00
14.288	0.000	0.000	1.000	0.00	0.00	0.00
14.296	0.000	0.000	1.000	0.00	0.00	0.00
14.304	0.000	0.000	1.000	0.00	0.00	0.00
14.312	0.000	0.000	1.000	0.00	0.00	0.00
14.320	0.000	0.000	1.000	0.00	0.00	0.00
14.328	0.000	0.000	1.000	0.00	0.00	0.00
14.336	0.000	0.000	1.000	0.00	0.00	0.00
14.344	0.000	0.000	1.000	0.00	0.00	0.00
14.352	0.000	0.000	1.000	0.00	0.00	0.00
14.360	0.000	0.000	1.000	0.00	0.00	0.00
14.368	0.000	0.000	1.000	0.00	0.00	0.00
14.376	0.000	0.000	1.000	0.00	0.00	0.00
14.384	0.000	0.000	1.000	0.00	0.00	0.00
14.392	0.000	0.000	1.000	0.00	-0.08	0.00
14.400	-0.000	0.000	1.000	0.00	-0.24	-0.00
14.408	-0.000	-0.000	1.000	0.00	-0.49	-0.00
14.416	-0.000	-0.000	1.000	0.00	-0.81	0.00
14.424	-0.000	-0.000	1.000	0.00	-1.21	0.00
14.432	-0.000	-0.000	1.000	0.00	-1.70	0.00
14.440	-0.000	-0.000	1.000	0.00	-2.26	0.00
14.448	-0.000	-0.000	0.999	0.00	-2.89	0.00
14.456	-0.000	-0.000	0.999	0.00	-3.61	0.00
14.464	-0.000	-0.000	0.999	0.00	-4.40	0.00
14.472	-0.001	-0.000	0.998	0.00	-5.27	0.00
14.480	-0.001	-0.000	0.997	0.00	-6.21	0.00
14.488	-0.001	-0.000	0.997	-0.01	-7.21	-0.02
14.496	-0.001	0.000	0.996	-0.02	-8.22	-0.06
14.504	-0.002	0.000	0.995	-0.04	-9.14	-0.11
14.512	-0.002	0.000	0.994	-0.06	-9.93	-0.16
14.520	-0.003	0.000	0.993	-0.07	-10.55	-0.20
14.528	-0.004	0.000	0.992	-0.08	-10.97	-0.23
14.536	-0.004	0.000	0.991	-0.09	-11.20	-0.26
14.544	-0.005	0.000	0.989	-0.10	-11.20	-0.30
14.552	-0.006	0.000	0.988	-0.12	-10.99	-0.34
14.560	-0.007	0.000	0.986	-0.13	-10.53	-0.39
14.568	-0.009	0.000	0.984	-0.18	-9.89	-0.39
14.576	-0.010	0.000	0.982	-0.24	-9.10	-0.36
14.584	-0.011	0.000	0.980	-0.29	-8.21	-0.31
14.592	-0.013	0.000	0.978	-0.36	-7.26	-0.29
14.600	-0.014	0.000	0.976	-0.45	-6.31	-0.29
14.608	-0.016	0.000	0.973	-0.55	-5.41	-0.31
14.616	-0.017	0.000	0.971	-0.66	-4.57	-0.32
14.624	-0.019	0.000	0.968	-0.74	-3.80	-0.33
14.632	-0.020	0.000	0.965	-0.80	-3.10	-0.34
14.640	-0.022	0.000	0.963	-0.83	-2.47	-0.35
14.648	-0.024	0.000	0.960	-0.86	-1.88	-0.36
14.656	-0.025	0.000	0.957	-0.88	-1.33	-0.36
14.664	-0.027	0.000	0.953	-0.90	-0.82	-0.37
14.672	-0.029	0.001	0.950	-0.91	-0.35	-0.38
14.680	-0.031	0.001	0.947	-0.92	0.07	-0.39
14.688	-0.032	0.001	0.943	-0.93	0.45	-0.39
14.696	-0.034	0.001	0.940	-0.94	0.79	-0.40
14.704	-0.036	0.001	0.936	-0.94	1.09	-0.40
14.712	-0.037	0.001	0.933	-0.95	1.35	-0.41
14.720	-0.039	0.001	0.929	-0.95	1.59	-0.41
14.728	-0.041	0.001	0.925	-0.95	1.80	-0.42
14.736	-0.042	0.002	0.921	-0.95	1.98	-0.42
14.744	-0.044	0.002	0.917	-0.95	2.14	-0.42
14.752	-0.046	0.002	0.913	-0.95	2.27	-0.42
14.760	-0.047	0.002	0.909	-0.95	2.40	-0.43
14.768	-0.049	0.002	0.905	-0.95	2.50	-0.43
14.776	-0.050	0.002	0.901	-0.95	2.59	-0.43
14.784	-0.052	0.003	0.896	-0.94	2.66	-0.43
14.792	-0.053	0.003	0.892	-0.94	2.73	-0.43
14.800	-0.055	0.003	0.887	-0.94	2.78	-0.43
14.808	-0.056	0.003	0.883	-0.93	2.82	-0.43
14.816	-0.057	0.004	0.878	-0.93	2.85	-0.43
14.824	-0.059	0.004	0.874	-0.92	2.88	-0.43
14.832	-0.060	0.004	0.869	-0.92	2.89	-0.43
14.840	-0.061	0.004	0.864	-0.91	2.90	-0.43
14.848	-0.063	0.005	0.860	-0.91	2.91	-0.43
14.856	-0.064	0.005	0.855	-0.90	2.91	-0.43
14.864	-0.065	0.005	0.850	-0.90	2.90	-0.43
14.872	-0.066	0.005	0.845	-0.89	2.89	-0.43
14.880	-0.067	0.006	0.840	-0.88	2.87	-0.43
14.888	-0.068	0.006	0.835	-0.88	2.85	-0.43
14.896	-0.069	0.006	0.830	-0.87	2.83	-0.43
14.904	-0.070	0.007	0.825	-0.87	2.81	-0.43
14.912	-0.071	0.007	0.820	-0.86	2.78	-0.43
14.920	-0.072	0.007	0.815	-0.85	2.75	-0.43
14.928	-0.073	0.008	0.810	-0.85	2.72	-0.43
14.936	-0.074	0.008	0.804	-0.84	2.68	-0.43
14.944	-0.075	0.009	0.799	-0.83	2.65	-0.43
14.952	-0.076	0.009	0.794	-0.83	2.61	-0.43
14.960	-0.077	0.009	0.789	-0.82	2.57	-0.43
14.968	-0.078	0.010	0.784	-0.81	2.53	-0.43
14.976	-0.078	0.010	0.778	-0.81	2.49	-0.43
14.984	-0.079	0.011	0.773	-0.80	2.45	-0.43
14.992	-0.080	0.011	0.768	-0.79	2.41	-0.43
15.000	-0.081	0.011	0.762	-0.79	2.37	-0.43
15.008	-0.081	0.012	0.757	-0.78	2.32	-0.43
15.016	-0.082	0.012	0.752	-0.77	2.28	-0.42
15.024	-0.083	0.013	0.746	-0.77	2.24	-0.42
15.032	-0.083	0.013	0.741	-0.76	2.19	-0.42
15.040	-0.084	0.014	0.735	-0.75	2.15	-0.42
15.048	-0.084	0.014	0.730	-0.75	2.11	-0.42
15.056	-0.085	0.015	0.725	-0.74	2.06	-0.42
15.064	-0.085	0.015	0.719	-0.74	2.02	-0.42
15.072	-0.086	0.016	0.714	-0.73	1.97	-0.42
15.080	-0.086	0.016	0.709	-0.72	1.93	-0.42
15.088	-0.087	0.017	0.703	-0.72	1.89	-0.42
15.096	-0.087	0.017	0.698	-0.71	1.85	-0.42
15.104	-0.087	0.018	0.692	-0.70	1.80	-0.42
15.112	-0.088	0.018	0.687	-0.70	1.76	-0.42
15.120	-0.088	0.019	0.682	-0.69	1.72	-0.42
15.128	-0.088	0.019	0.676	-0.69	1.68	-0.42
15.136	-0.089	0.020	0.671	-0.68	1.64	-0.42
15.144	-0.089	0.020	0.666	-0.68	1.60	-0.42
15.152	-0.089	0.021	0.660	-0.67	1.56	-0.42
15.160	-0.090	0.021	0.655	-0.66	1.52	-0.42
15.168	-0.090	0.022	0.650	-0.66	1.48	-0.41
15.176	-0.090	0.023	0.644	-0.65	1.44	-0.41
15.184	-0.090	0.023	0.639	-0.65	1.41	-0.41
15.192	-0.090	0.024	0.634	-0.64	1.37	-0.41
15.200	-0.091	0.024	0.629	-0.64	1.33	-0.41
15.208	-0.091	0.025	0.624	-0.63	1.30	-0.41
15.216	-0.091	0.026	0.618	-0.63	1.26	-0.41
15.224	-0.091	0.026	0.613	-0.62	1.22	-0.41
15.232	-0.091	0.027	0.608	-0.62	1.19	-0.41
15.240	-0.091	0.028	0.603	-0.61	1.16	-0.41
15.248	-0.091	0.028	0.598	-0.61	1.12	-0.41
15.256	-0.091	0.029	0.593	-0.60	1.09	-0.41
15.264	-0.092	0.029	0.588	-0.60	1.06	-0.41
15.272	-0.092	0.030	0.583	-0.59	1.03	-0.41
15.280	-0.092	0.031	0.578	-0.59	1.00	-0.41
15.288	-0.092	0.031	0.573	-0.59	0.97	-0.41
15.296	-0.092	0.032	0.568	-0.58	0.94	-0.41
15.304	-0.092	0.033	0.563	-0.58	0.91	-0.41
15.312	-0.092	0.034	0.558	-0.57	0.88	-0.41
15.320	-0.092	0.034	0.553	-0.57	0.85	-0.41
15.328	-0.092	0.035	0.549	-0.56	0.82	-0.41
15.336	-0.092	0.036	0.544	-0.56	0.79	-0.41
15.344	-0.092	0.036	0.539	-0.56	0.77	-0.41
15.352	-0.092	0.037	0.535	-0.55	0.74	-0.41
15.360	-0.091	0.038	0.530	-0.55	0.72	-0.41
15.368	-0.091	0.038	0.525	-0.54	0.69	-0.41
15.376	-0.091	0.039	0.521	-0.54	0.67	-0.41
15.384	-0.091	0.040	0.516	-0.54	0.64	-0.41
15.392	-0.091	0.041	0.512	-0.53	0.62	-0.41
15.400	-0.091	0.041	0.507	-0.53	0.59	-0.41
15.408	-0.091	0.042	0.503	-0.52	0.57	-0.41
15.416	-0.091	0.043	0.499	-0.52	0.55	-0.41
15.424	-0.091	0.044	0.494	-0.52	0.53	-0.40
15.432	-0.091	0.044	0.490	-0.51	0.51	-0.40
15.440	-0.090	0.045	0.486	-0.51	0.49	-0.40
15.448	-0.090	0.046	0.482	-0.51	0.46	-0.40
15.456	-0.090	0.047	0.477	-0.50	0.44	-0.40
15.464	-0.090	0.048	0.473	-0.50	0.42	-0.40
15.472	-0.090	0.048	0.469	-0.50	0.41	-0.40
15.480	-0.090	0.049	0.465	-0.49	0.39	-0.40
15.488	-0.090	0.050	0.461	-0.49	0.37	-0.40
15.496	-0.089	0.051	0.457	-0.49	0.35	-0.40
15.504	-0.089	0.052	0.454	-0.48	0.33	-0.40
15.512	-0.089	0.052	0.450	-0.48	0.31	-0.40
15.520	-0.089	0.053	0.446	-0.48	0.30	-0.40
15.528	-0.089	0.054	0.442	-0.48	0.28	-0.40
15.536	-0.089	0.055	0.438	-0.47	0.26	-0.40
15.544	-0.088	0.056	0.435	-0.47	0.25	-0.40
15.552	-0.088	0.056	0.431	-0.47	0.23	-0.40
15.560	-0.088	0.057	0.428	-0.46	0.22	-0.40
15.568	-0.088	0.058	0.424	-0.46	0.20	-0.40
15.576	-0.088	0.059	0.421	-0.46	0.19	-0.40
15.584	-0.087	0.060	0.417	-0.46	0.17	-0.40
15.592	-0.087	0.061	0.414	-0.45	0.16	-0.40
15.600	-0.087	0.062	0.411	-0.45	0.15	-0.40
15.608	-0.087	0.062	0.407	-0.45	0.13	-0.40
15.616	-0.087	0.063	0.404	-0.44	0.12	-0.40
15.624	-0.086	0.064	0.401	-0.44	0.11	-0.40
15.632	-0.086	0.065	0.398	-0.44	0.09	-0.40
15.640	-0.086	0.066	0.395	-0.44	0.08	-0.40
15.648	-0.086	0.067	0.392	-0.43	0.07	-0.40
15.656	-0.086	0.068	0.389	-0.43	0.06	-0.40
15.664	-0.085	0.069	0.386	-0.43	0.05	-0.40
15.672	-0.085	0.070	0.383	-0.43	0.04	-0.40
15.680	-0.085	0.070	0.380	-0.42	0.02	-0.40
15.688	-0.085	0.071	0.378	-0.42	0.01	-0.40
15.696	-0.085	0.072	0.375	-0.42	0.00	-0.40
15.704	-0.084	0.073	0.372	-0.42	-0.01	-0.40
15.712	-0.084	0.074	0.370	-0.41	-0.02	-0.40
15.720	-0.084	0.075	0.367	-0.41	-0.03	-0.40
15.728	-0.084	0.076	0.365	-0.41	-0.04	-0.40
15.736	-0.084	0.077	0.362	-0.41	-0.05	-0.40
15.744	-0.083	0.078	0.360	-0.40	-0.06	-0.40
15.752	-0.083	0.079	0.357	-0.40	-0.07	-0.40
15.760	-0.083	0.080	0.355	-0.40	-0.07	-0.40
15.768	-0.083	0.081	0.353	-0.40	-0.08	-0.40
15.776	-0.082	0.082	0.350	-0.40	-0.09	-0.40
15.784	-0.082	0.082	0.348	-0.39	-0.10	-0.40
15.792	-0.082	0.083	0.346	-0.39	-0.11	-0.40
15.800	-0.082	0.084	0.344	-0.39	-0.12	-0.40
15.808	-0.082	0.085	0.342	-0.39	-0.12	-0.40
15.816	-0.082	0.086	0.340	-0.39	-0.13	-0.40
15.824	-0.081	0.087	0.338	-0.38	-0.14	-0.40
15.832	-0.081	0.088	0.336	-0.38	-0.15	-0.40
15.840	-0.081	0.089	0.334	-0.38	-0.15	-0.40
15.848	-0.081	0.090	0.333	-0.38	-0.16	-0.40
15.856	-0.081	0.091	0.331	-0.37	-0.17	-0.40
15.864	-0.080	0.092	0.329	-0.37	-0.18	-0.40
15.872	-0.080	0.093	0.328	-0.37	-0.18	-0.40
15.880	-0.080	0.094	0.326	-0.37	-0.19	-0.40
15.888	-0.080	0.095	0.324	-0.37	-0.20	-0.40
15.896	-0.080	0.096	0.323	-0.36	-0.20	-0.40
15.904	-0.080	0.097	0.321	-0.36	-0.21	-0.40
15.912	-0.079	0.098	0.320	-0.36	-0.21	-0.40
15.920	-0.079	0.099	0.319	-0.36	-0.22	-0.40
15.928	-0.079	0.100	0.317	-0.36	-0.23	-0.40
15.936	-0.079	0.101	0.316	-0.35	-0.23	-0.40
15.944	-0.079	0.102	0.315	-0.35	-0.24	-0.40
15.952	-0.079	0.103	0.313	-0.35	-0.24	-0.40
15.960	-0.078	0.104	0.312	-0.35	-0.25	-0.40
15.968	-0.078	0.105	0.311	-0.35	-0.25	-0.40
15.976	-0.078	0.106	0.310	-0.35	-0.26	-0.40
15.984	-0.078	0.107	0.309	-0.34	-0.26	-0.40
15.992	-0.078	0.108	0.308	-0.34	-0.27	-0.40
16.000	-0.078	0.109	0.307	-0.34	-0.27	-0.40
16.008	-0.078	0.110	0.306	-0.34	-0.28	-0.40
16.016	-0.077	0.111	0.305	-0.34	-0.28	-0.40
16.024	-0.077	0.112	0.305	-0.33	-0.29	-0.40
16.032	-0.077	0.113	0.304	-0.33	-0.29	-0.40
16.040	-0.077	0.114	0.303	-0.33	-0.30	-0.40
16.048	-0.077	0.115	0.302	-0.33	-0.30	-0.40
16.056	-0.077	0.117	0.302	-0.33	-0.30	-0.40
16.064	-0.077	0.118	0.301	-0.32	-0.31	-0.40
16.072	-0.077	0.119	0.300	-0.32	-0.31	-0.40
16.080	-0.077	0.120	0.300	-0.32	-0.32	-0.40
16.088	-0.077	0.121	0.299	-0.32	-0.32	-0.40
16.096	-0.076	0.122	0.299	-0.32	-0.32	-0.40
16.104	-0.076	0.123	0.299	-0.32	-0.33	-0.40
16.112	-0.076	0.124	0.298	-0.31	-0.33	-0.40
16.120	-0.076	0.125	0.298	-0.31	-0.34	-0.40
16.128	-0.076	0.126	0.297	-0.31	-0.34	-0.40
16.136	-0.076	0.127	0.297	-0.31	-0.34	-0.40
16.144	-0.076	0.128	0.297	-0.31	-0.35	-0.40
16.152	-0.076	0.129	0.297	-0.30	-0.35	-0.40
16.160	-0.076	0.130	0.296	-0.30	-0.35	-0.40
16.168	-0.076	0.131	0.296	-0.30	-0.36	-0.40
16.176	-0.076	0.132	0.296	-0.30	-0.36	-0.40
16.184	-0.076	0.134	0.296	-0.30	-0.36	-0.40
16.192	-0.076	0.135	0.296	-0.30	-0.37	-0.40
16.200	-0.076	0.136	0.296	-0.29	-0.37	-0.40
16.208	-0.076	0.137	0.296	-0.29	-0.37	-0.40
16.216	-0.076	0.138	0.296	-0.29	-0.37	-0.40
16.224	-0.076	0.139	0.296	-0.29	-0.38	-0.40
16.232	-0.076	0.140	0.296	-0.29	-0.38	-0.40
16.240	-0.076	0.141	0.296	-0.28	-0.38	-0.40
16.248	-0.075	0.142	0.297	-0.28	-0.39	-0.40
16.256	-0.075	0.143	0.297	-0.28	-0.39	-0.40
16.264	-0.075	0.145	0.297	-0.28	-0.39	-0.40
16.272	-0.075	0.146	0.297	-0.28	-0.39	-0.40
16.280	-0.075	0.147	0.297	-0.28	-0.40	-0.40
16.288	-0.076	0.148	0.298	-0.27	-0.40	-0.40
16.296	-0.076	0.149	0.298	-0.27	-0.40	-0.40
16.304	-0.076	0.150	0.298	-0.27	-0.40	-0.40
16.312	-0.076	0.151	0.299	-0.27	-0.41	-0.40
16.320	-0.076	0.152	0.299	-0.27	-0.41	-0.40
16.328	-0.076	0.153	0.300	-0.26	-0.41	-0.40
16.336	-0.076	0.155	0.300	-0.26	-0.41	-0.40
16.344	-0.076	0.156	0.301	-0.26	-0.42	-0.40
16.352	-0.076	0.157	0.301	-0.26	-0.42	-0.40
16.360	-0.076	0.158	0.302	-0.26	-0.42	-0.40
16.368	-0.076	0.159	0.302	-0.26	-0.42	-0.40
16.376	-0.076	0.160	0.303	-0.25	-0.42	-0.40
16.384	-0.076	0.161	0.303	-0.25	-0.43	-0.40
16.392	-0.076	0.162	0.304	-0.25	-0.43	-0.40
16.400	-0.076	0.164	0.305	-0.25	-0.43	-0.40
16.408	-0.076	0.165	0.305	-0.25	-0.43	-0.40
16.416	-0.076	0.166	0.306	-0.25	-0.43	-0.40
16.424	-0.076	0.167	0.307	-0.24	-0.44	-0.40
16.432	-0.076	0.168	0.308	-0.24	-0.44	-0.40
16.440	-0.077	0.169	0.308	-0.24	-0.44	-0.40
16.448	-0.077	0.170	0.309	-0.24	-0.44	-0.40
16.456	-0.077	0.171	0.310	-0.24	-0.44	-0.40
16.464	-0.077	0.173	0.311	-0.23	-0.45	-0.40
16.472	-0.077	0.174	0.311	-0.23	-0.45	-0.40
16.480	-0.077	0.175	0.312	-0.23	-0.45	-0.40
16.488	-0.077	0.176	0.313	-0.23	-0.45	-0.40
16.496	-0.077	0.177	0.314	-0.23	-0.45	-0.40
16.504	-0.078	0.178	0.315	-0.23	-0.45	-0.40
16.512	-0.078	0.179	0.316	-0.22	-0.46	-0.40
16.520	-0.078	0.181	0.317	-0.22	-0.46	-0.40
16.528	-0.078	0.182	0.318	-0.22	-0.46	-0.40
16.536	-0.078	0.183	0.319	-0.22	-0.46	-0.40
16.544	-0.078	0.184	0.320	-0.22	-0.46	-0.40
16.552	-0.079	0.185	0.321	-0.21	-0.46	-0.40
16.560	-0.079	0.186	0.322	-0.21	-0.46	-0.40
16.568	-0.079	0.188	0.323	-0.21	-0.47	-0.40
16.576	-0.079	0.189	0.324	-0.21	-0.47	-0.40
16.584	-0.079	0.190	0.325	-0.21	-0.47	-0.40
16.592	-0.079	0.191	0.326	-0.21	-0.47	-0.40
16.600	-0.080	0.192	0.327	-0.20	-0.47	-0.40
16.608	-0.080	0.193	0.328	-0.20	-0.47	-0.40
16.616	-0.080	0.194	0.329	-0.20	-0.47	-0.40
16.624	-0.080	0.196	0.330	-0.20	-0.48	-0.40
16.632	-0.080	0.197	0.331	-0.20	-0.48	-0.40
16.640	-0.081	0.198	0.332	-0.19	-0.48	-0.40
16.648	-0.081	0.199	0.333	-0.19	-0.48	-0.40
16.656	-0.081	0.200	0.335	-0.19	-0.48	-0.40
16.664	-0.081	0.201	0.336	-0.19	-0.48	-0.40
16.672	-0.082	0.203	0.337	-0.19	-0.48	-0.40
16.680	-0.082	0.204	0.338	-0.18	-0.48	-0.40
16.688	-0.082	0.205	0.339	-0.18	-0.48	-0.40
16.696	-0.082	0.206	0.340	-0.18	-0.49	-0.40
16.704	-0.083	0.207	0.342	-0.18	-0.49	-0.40
16.712	-0.083	0.208	0.343	-0.18	-0.49	-0.40
16.720	-0.083	0.210	0.344	-0.18	-0.49	-0.40
16.728	-0.083	0.211	0.345	-0.17	-0.49	-0.40
16.736	-0.084	0.212	0.346	-0.17	-0.49	-0.40
16.744	-0.084	0.213	0.348	-0.17	-0.49	-0.40
16.752	-0.084	0.214	0.349	-0.17	-0.49	-0.40
16.760	-0.085	0.215	0.350	-0.17	-0.49	-0.40
16.768	-0.085	0.217	0.351	-0.16	-0.50	-0.40
16.776	-0.085	0.218	0.352	-0.16	-0.50	-0.40
16.784	-0.086	0.219	0.354	-0.16	-0.50	-0.40
16.792	-0.086	0.220	0.355	-0.16	-0.50	-0.40
16.800	-0.086	0.221	0.356	-0.16	-0.50	-0.40
16.808	-0.087	0.222	0.357	-0.15	-0.50	-0.40
16.816	-0.087	0.224	0.359	-0.15	-0.50	-0.40
16.824	-0.087	0.225	0.360	-0.15	-0.50	-0.40
16.832	-0.088	0.226	0.361	-0.15	-0.50	-0.40
16.840	-0.088	0.227	0.362	-0.15	-0.50	-0.40
16.848	-0.088	0.228	0.364	-0.15	-0.50	-0.40
16.856	-0.089	0.230	0.365	-0.14	-0.50	-0.40
16.864	-0.089	0.231	0.366	-0.14	-0.51	-0.40
16.872	-0.089	0.232	0.368	-0.14	-0.51	-0.40
16.880	-0.090	0.233	0.369	-0.14	-0.51	-0.40
16.888	-0.090	0.234	0.370	-0.14	-0.51	-0.40
16.896	-0.091	0.235	0.371	-0.13	-0.51	-0.40
16.904	-0.091	0.237	0.373	-0.13	-0.51	-0.40
16.912	-0.091	0.238	0.374	-0.13	-0.51	-0.40
16.920	-0.092	0.239	0.375	-0.13	-0.51	-0.40
16.928	-0.092	0.240	0.376	-0.13	-0.51	-0.40
16.936	-0.093	0.241	0.378	-0.12	-0.51	-0.40
16.944	-0.093	0.242	0.379	-0.12	-0.51	-0.40
16.952	-0.093	0.244	0.380	-0.12	-0.51	-0.40
16.960	-0.094	0.245	0.382	-0.12	-0.51	-0.40
16.968	-0.094	0.246	0.383	-0.12	-0.51	-0.40
16.976	-0.095	0.247	0.384	-0.11	-0.51	-0.40
16.984	-0.095	0.248	0.385	-0.11	-0.52	-0.40
16.992	-0.096	0.249	0.387	-0.11	-0.52	-0.40
17.000	-0.096	0.251	0.388	-0.11	-0.52	-0.40
17.008	-0.096	0.252	0.389	-0.11	-0.52	-0.40
17.016	-0.097	0.253	0.390	-0.10	-0.52	-0.40
17.024	-0.097	0.254	0.392	-0.10	-0.52	-0.40
17.032	-0.098	0.255	0.393	-0.10	-0.52	-0.40
17.040	-0.098	0.256	0.394	-0.10	-0.52	-0.40
17.048	-0.099	0.258	0.395	-0.10	-0.52	-0.40
17.056	-0.099	0.259	0.397	-0.09	-0.52	-0.40
17.064	-0.100	0.260	0.398	-0.09	-0.52	-0.40
17.072	-0.100	0.261	0.399	-0.09	-0.52	-0.40
17.080	-0.101	0.262	0.400	-0.09	-0.52	-0.40
17.088	-0.101	0.263	0.401	-0.09	-0.52	-0.40
17.096	-0.102	0.265	0.403	-0.09	-0.52	-0.40
17.104	-0.102	0.266	0.404	-0.08	-0.52	-0.40
17.112	-0.103	0.267	0.405	-0.08	-0.52	-0.40
17.120	-0.103	0.268	0.406	-0.08	-0.52	-0.40
17.128	-0.104	0.269	0.408	-0.08	-0.52	-0.40
17.136	-0.104	0.270	0.409	-0.08	-0.52	-0.40
17.144	-0.105	0.272	0.410	-0.07	-0.52	-0.40
17.152	-0.106	0.273	0.411	-0.07	-0.52	-0.40
17.160	-0.106	0.274	0.412	-0.07	-0.52	-0.40
17.168	-0.107	0.275	0.413	-0.07	-0.52	-0.40
17.176	-0.107	0.276	0.415	-0.07	-0.52	-0.40
17.184	-0.108	0.277	0.416	-0.06	-0.53	-0.40
17.192	-0.108	0.279	0.417	-0.06	-0.53	-0.40
17.200	-0.109	0.280	0.418	-0.06	-0.53	-0.40
17.208	-0.110	0.281	0.419	-0.06	-0.53	-0.40
17.216	-0.110	0.282	0.420	-0.06	-0.53	-0.40
17.224	-0.111	0.283	0.421	-0.05	-0.53	-0.40
17.232	-0.111	0.284	0.423	-0.05	-0.53	-0.40
17.240	-0.112	0.286	0.424	-0.05	-0.53	-0.40
17.248	-0.112	0.287	0.425	-0.05	-0.53	-0.40
17.256	-0.113	0.288	0.426	-0.05	-0.53	-0.40
17.264	-0.114	0.289	0.427	-0.04	-0.53	-0.40
17.272	-0.114	0.290	0.428	-0.04	-0.53	-0.40
17.280	-0.115	0.291	0.429	-0.04	-0.53	-0.40
17.288	-0.116	0.292	0.430	-0.04	-0.53	-0.40
17.296	-0.116	0.294	0.431	-0.04	-0.53	-0.40
17.304	-0.117	0.295	0.432	-0.03	-0.53	-0.40
17.312	-0.118	0.296	0.433	-0.03	-0.53	-0.40
17.320	-0.118	0.297	0.434	-0.03	-0.53	-0.40
17.328	-0.119	0.298	0.435	-0.03	-0.53	-0.40
17.336	-0.119	0.299	0.436	-0.03	-0.53	-0.40
17.344	-0.120	0.300	0.437	-0.02	-0.53	-0.40
17.352	-0.121	0.302	0.438	-0.02	-0.53	-0.40
17.360	-0.122	0.303	0.439	-0.02	-0.53	-0.40
17.368	-0.122	0.304	0.440	-0.02	-0.53	-0.40
17.376	-0.123	0.305	0.441	-0.02	-0.53	-0.40
17.384	-0.124	0.306	0.442	-0.01	-0.53	-0.40
17.392	-0.124	0.307	0.443	-0.01	-0.53	-0.40
17.400	-0.125	0.308	0.444	-0.01	-0.53	-0.40
17.408	-0.126	0.309	0.445	-0.01	-0.53	-0.40
17.416	-0.126	0.311	0.446	-0.01	-0.53	-0.40
17.424	-0.127	0.312	0.447	-0.00	-0.53	-0.40
17.432	-0.128	0.313	0.448	-0.00	-0.53	-0.40
17.440	-0.129	0.314	0.449	-0.00	-0.53	-0.40
17.448	-0.129	0.315	0.450	0.00	-0.53	-0.40
17.456	-0.130	0.316	0.451	0.00	-0.53	-0.40
17.464	-0.131	0.317	0.452	0.01	-0.53	-0.40
17.472	-0.131	0.318	0.452	0.01	-0.53	-0.40
17.480	-0.132	0.320	0.453	0.01	-0.53	-0.40
17.488	-0.133	0.321	0.454	0.01	-0.53	-0.40
17.496	-0.134	0.322	0.455	0.01	-0.53	-0.40
17.504	-0.134	0.323	0.456	0.02	-0.53	-0.40
17.512	-0.135	0.324	0.457	0.02	-0.53	-0.40
17.520	-0.136	0.325	0.457	0.02	-0.53	-0.40
17.528	-0.137	0.326	0.458	0.02	-0.53	-0.40
17.536	-0.138	0.327	0.459	0.02	-0.53	-0.40
17.544	-0.138	0.328	0.460	0.03	-0.53	-0.40
17.552	-0.139	0.330	0.461	0.03	-0.53	-0.40
17.560	-0.140	0.331	0.461	0.03	-0.53	-0.40
17.568	-0.141	0.332	0.462	0.03	-0.53	-0.40
17.576	-0.142	0.333	0.463	0.03	-0.53	-0.40
17.584	-0.142	0.334	0.464	0.04	-0.53	-0.40
17.592	-0.143	0.335	0.464	0.04	-0.53	-0.40
17.600	-0.144	0.336	0.465	0.04	-0.53	-0.40
17.608	-0.145	0.337	0.466	0.04	-0.52	-0.40
17.616	-0.146	0.338	0.467	0.04	-0.52	-0.40
17.624	-0.146	0.339	0.467	0.04	-0.52	-0.40
17.632	-0.147	0.340	0.468	0.05	-0.52	-0.40
17.640	-0.148	0.342	0.469	0.05	-0.52	-0.40
17.648	-0.149	0.343	0.469	0.05	-0.52	-0.40
17.656	-0.150	0.344	0.470	0.05	-0.52	-0.40
17.664	-0.151	0.345	0.471	0.05	-0.52	-0.40
17.672	-0.152	0.346	0.471	0.06	-0.52	-0.40
17.680	-0.152	0.347	0.472	0.06	-0.52	-0.40
17.688	-0.153	0.348	0.473	0.06	-0.52	-0.40
17.696	-0.154	0.349	0.473	0.06	-0.52	-0.40
17.704	-0.155	0.350	0.474	0.06	-0.52	-0.40
17.712	-0.156	0.351	0.474	0.07	-0.52	-0.40
17.720	-0.157	0.352	0.475	0.07	-0.52	-0.40
17.728	-0.158	0.353	0.476	0.07	-0.52	-0.40
17.736	-0.159	0.354	0.476	0.07	-0.52	-0.40
17.744	-0.159	0.355	0.477	0.07	-0.52	-0.40
17.752	-0.160	0.356	0.477	0.08	-0.52	-0.40
17.760	-0.161	0.358	0.478	0.08	-0.52	-0.40
17.768	-0.162	0.359	0.478	0.08	-0.52	-0.40
17.776	-0.163	0.360	0.479	0.08	-0.52	-0.40
17.784	-0.164	0.361	0.479	0.08	-0.52	-0.40
17.792	-0.165	0.362	0.480	0.09	-0.52	-0.40
17.800	-0.166	0.363	0.480	0.09	-0.52	-0.40
17.808	-0.167	0.364	0.481	0.09	-0.52	-0.40
17.816	-0.168	0.365	0.481	0.09	-0.52	-0.40
17.824	-0.169	0.366	0.482	0.09	-0.52	-0.40
17.832	-0.170	0.367	0.482	0.09	-0.51	-0.40
17.840	-0.171	0.368	0.483	0.10	-0.51	-0.40
17.848	-0.172	0.369	0.483	0.10	-0.51	-0.40
17.856	-0.173	0.370	0.484	0.10	-0.51	-0.40
17.864	-0.173	0.371	0.484	0.10	-0.51	-0.40
17.872	-0.174	0.372	0.485	0.10	-0.51	-0.40
17.880	-0.175	0.373	0.485	0.11	-0.51	-0.40
17.888	-0.176	0.374	0.485	0.11	-0.51	-0.40
17.896	-0.177	0.375	0.486	0.11	-0.51	-0.40
17.904	-0.178	0.376	0.486	0.11	-0.51	-0.40
17.912	-0.179	0.377	0.487	0.11	-0.51	-0.40
17.920	-0.180	0.378	0.487	0.12	-0.51	-0.40
17.928	-0.181	0.379	0.487	0.12	-0.51	-0.40
17.936	-0.182	0.380	0.488	0.12	-0.51	-0.40
17.944	-0.183	0.381	0.488	0.12	-0.51	-0.40
17.952	-0.184	0.382	0.489	0.12	-0.51	-0.40
17.960	-0.185	0.383	0.489	0.12	-0.51	-0.40
17.968	-0.186	0.384	0.489	0.13	-0.51	-0.40
17.976	-0.187	0.385	0.490	0.13	-0.51	-0.40
17.984	-0.188	0.386	0.490	0.13	-0.50	-0.40
17.992	-0.190	0.387	0.490	0.13	-0.50	-0.40
18.000	-0.191	0.388	0.491	0.13	-0.50	-0.40
18.008	-0.192	0.389	0.491	0.14	-0.50	-0.40
18.016	-0.193	0.390	0.491	0.14	-0.50	-0.40
18.024	-0.194	0.391	0.491	0.14	-0.50	-0.40
18.032	-0.195	0.392	0.492	0.14	-0.50	-0.40
18.040	-0.196	0.393	0.492	0.14	-0.50	-0.40
18.048	-0.197	0.394	0.492	0.14	-0.50	-0.40
18.056	-0.198	0.395	0.493	0.15	-0.50	-0.40
18.064	-0.199	0.396	0.493	0.15	-0.50	-0.40
18.072	-0.200	0.397	0.493	0.15	-0.50	-0.40
18.080	-0.201	0.398	0.493	0.15	-0.50	-0.40
18.088	-0.202	0.399	0.494	0.15	-0.50	-0.40
18.096	-0.203	0.400	0.494	0.16	-0.50	-0.40
18.104	-0.204	0.401	0.494	0.16	-0.50	-0.40
18.112	-0.205	0.401	0.494	0.16	-0.49	-0.40
18.120	-0.207	0.402	0.494	0.16	-0.49	-0.40
18.128	-0.208	0.403	0.495	0.16	-0.49	-0.40
18.136	-0.209	0.404	0.495	0.16	-0.49	-0.40
18.144	-0.210	0.405	0.495	0.17	-0.49	-0.40
18.152	-0.211	0.406	0.495	0.17	-0.49	-0.40
18.160	-0.212	0.407	0.495	0.17	-0.49	-0.40
18.168	-0.213	0.408	0.496	0.17	-0.49	-0.40
18.176	-0.214	0.409	0.496	0.17	-0.49	-0.40
18.184	-0.216	0.410	0.496	0.18	-0.49	-0.40
18.192	-0.217	0.411	0.496	0.18	-0.49	-0.40
18.200	-0.218	0.412	0.496	0.18	-0.49	-0.40
18.208	-0.219	0.413	0.496	0.18	-0.49	-0.40
18.216	-0.220	0.413	0.496	0.18	-0.48	-0.40
18.224	-0.221	0.414	0.497	0.18	-0.48	-0.40
18.232	-0.222	0.415	0.497	0.19	-0.48	-0.40
18.240	-0.224	0.416	0.497	0.19	-0.48	-0.40
18.248	-0.225	0.417	0.497	0.19	-0.48	-0.40
18.256	-0.226	0.418	0.497	0.19	-0.48	-0.40
18.264	-0.227	0.419	0.497	0.19	-0.48	-0.40
18.272	-0.228	0.420	0.497	0.19	-0.48	-0.40
18.280	-0.229	0.421	0.497	0.20	-0.48	-0.40
18.288	-0.231	0.421	0.498	0.20	-0.48	-0.40
18.296	-0.232	0.422	0.498	0.20	-0.48	-0.40
18.304	-0.233	0.423	0.498	0.20	-0.48	-0.40
18.312	-0.234	0.424	0.498	0.20	-0.48	-0.40
18.320	-0.235	0.425	0.498	0.21	-0.47	-0.40
18.328	-0.236	0.426	0.498	0.21	-0.47	-0.40
18.336	-0.238	0.427	0.498	0.21	-0.47	-0.40
18.344	-0.239	0.427	0.498	0.21	-0.47	-0.40
18.352	-0.240	0.428	0.498	0.21	-0.47	-0.40
18.360	-0.241	0.429	0.498	0.21	-0.47	-0.40
18.368	-0.243	0.430	0.498	0.22	-0.47	-0.40
18.376	-0.244	0.431	0.498	0.22	-0.47	-0.40
18.384	-0.245	0.432	0.498	0.22	-0.47	-0.40
18.392	-0.246	0.432	0.498	0.22	-0.47	-0.40
18.400	-0.247	0.433	0.499	0.22	-0.47	-0.40
18.408	-0.249	0.434	0.499	0.22	-0.46	-0.40
18.416	-0.250	0.435	0.499	0.23	-0.46	-0.40
18.424	-0.251	0.436	0.499	0.23	-0.46	-0.40
18.432	-0.252	0.437	0.499	0.23	-0.46	-0.40
18.440	-0.254	0.437	0.499	0.23	-0.46	-0.40
18.448	-0.255	0.438	0.499	0.23	-0.46	-0.40
18.456	-0.256	0.439	0.499	0.23	-0.46	-0.40
18.464	-0.257	0.440	0.499	0.24	-0.46	-0.40
18.472	-0.259	0.441	0.499	0.24	-0.46	-0.40
18.480	-0.260	0.441	0.499	0.24	-0.46	-0.40
18.488	-0.261	0.442	0.499	0.24	-0.46	-0.40
18.496	-0.262	0.443	0.499	0.24	-0.45	-0.40
18.504	-0.264	0.444	0.499	0.24	-0.45	-0.40
18.512	-0.265	0.444	0.499	0.25	-0.45	-0.40
18.520	-0.266	0.445	0.499	0.25	-0.45	-0.40
18.528	-0.268	0.446	0.499	0.25	-0.45	-0.40
18.536	-0.269	0.447	0.499	0.25	-0.45	-0.40
18.544	-0.270	0.448	0.499	0.25	-0.45	-0.40
18.552	-0.271	0.448	0.499	0.25	-0.45	-0.40
18.560	-0.273	0.449	0.499	0.25	-0.45	-0.40
18.568	-0.274	0.450	0.499	0.26	-0.45	-0.40
18.576	-0.275	0.451	0.499	0.26	-0.44	-0.40
18.584	-0.277	0.451	0.499	0.26	-0.44	-0.40
18.592	-0.278	0.452	0.499	0.26	-0.44	-0.40
18.600	-0.279	0.453	0.498	0.26	-0.44	-0.40
18.608	-0.281	0.453	0.498	0.26	-0.44	-0.40
18.616	-0.282	0.454	0.498	0.27	-0.44	-0.40
18.624	-0.283	0.455	0.498	0.27	-0.44	-0.40
18.632	-0.284	0.456	0.498	0.27	-0.44	-0.40
18.640	-0.286	0.456	0.498	0.27	-0.44	-0.40
18.648	-0.287	0.457	0.498	0.27	-0.44	-0.40
18.656	-0.288	0.458	0.498	0.27	-0.43	-0.40
18.664	-0.290	0.458	0.498	0.28	-0.43	-0.40
18.672	-0.291	0.459	0.498	0.28	-0.43	-0.40
18.680	-0.292	0.460	0.498	0.28	-0.43	-0.40
18.688	-0.294	0.461	0.498	0.28	-0.43	-0.40
18.696	-0.295	0.461	0.498	0.28	-0.43	-0.40
18.704	-0.297	0.462	0.498	0.28	-0.43	-0.40
18.712	-0.298	0.463	0.498	0.28	-0.43	-0.40
18.720	-0.299	0.463	0.498	0.29	-0.43	-0.40
18.728	-0.301	0.464	0.498	0.29	-0.42	-0.40
18.736	-0.302	0.465	0.498	0.29	-0.42	-0.40
18.744	-0.303	0.465	0.498	0.29	-0.42	-0.40
18.752	-0.305	0.466	0.498	0.29	-0.42	-0.40
18.760	-0.306	0.467	0.497	0.29	-0.42	-0.40
18.768	-0.307	0.467	0.497	0.30	-0.42	-0.40
18.776	-0.309	0.468	0.497	0.30	-0.42	-0.40
18.784	-0.310	0.469	0.497	0.30	-0.42	-0.40
18.792	-0.312	0.469	0.497	0.30	-0.42	-0.40
18.800	-0.313	0.470	0.497	0.30	-0.41	-0.40
18.808	-0.314	0.470	0.497	0.30	-0.41	-0.40
18.816	-0.316	0.471	0.497	0.30	-0.41	-0.40
18.824	-0.317	0.472	0.497	0.31	-0.41	-0.40
18.832	-0.319	0.472	0.497	0.31	-0.41	-0.40
18.840	-0.320	0.473	0.497	0.31	-0.41	-0.40
18.848	-0.321	0.474	0.497	0.31	-0.41	-0.40
18.856	-0.323	0.474	0.497	0.31	-0.41	-0.40
18.864	-0.324	0.475	0.497	0.31	-0.41	-0.40
18.872	-0.326	0.475	0.496	0.31	-0.40	-0.40
18.880	-0.327	0.476	0.496	0.32	-0.40	-0.40
18.888	-0.328	0.477	0.496	0.32	-0.40	-0.40
18.896	-0.330	0.477	0.496	0.32	-0.40	-0.40
18.904	-0.331	0.478	0.496	0.32	-0.40	-0.40
18.912	-0.333	0.478	0.496	0.32	-0.40	-0.40
18.920	-0.334	0.479	0.496	0.32	-0.40	-0.40
18.928	-0.335	0.479	0.496	0.32	-0.40	-0.40
18.936	-0.337	0.480	0.496	0.33	-0.39	-0.40
18.944	-0.338	0.481	0.496	0.33	-0.39	-0.40
18.952	-0.340	0.481	0.496	0.33	-0.39	-0.40
18.960	-0.341	0.482	0.496	0.33	-0.39	-0.40
18.968	-0.343	0.482	0.495	0.33	-0.39	-0.40
18.976	-0.344	0.483	0.495	0.33	-0.39	-0.40
18.984	-0.346	0.483	0.495	0.33	-0.39	-0.40
18.992	-0.347	0.484	0.495	0.34	-0.39	-0.40
19.000	-0.348	0.484	0.495	0.34	-0.38	-0.40
19.008	-0.350	0.485	0.495	0.34	-0.38	-0.40
19.016	-0.351	0.485	0.495	0.34	-0.38	-0.40
19.024	-0.353	0.486	0.495	0.34	-0.38	-0.40
19.032	-0.354	0.486	0.495	0.34	-0.38	-0.40
19.040	-0.356	0.487	0.495	0.34	-0.38	-0.40
19.048	-0.357	0.488	0.495	0.35	-0.38	-0.40
19.056	-0.359	0.488	0.495	0.35	-0.38	-0.40
19.064	-0.360	0.489	0.495	0.35	-0.37	-0.40
19.072	-0.362	0.489	0.494	0.35	-0.37	-0.40
19.080	-0.363	0.489	0.494	0.35	-0.37	-0.40
19.088	-0.365	0.490	0.494	0.35	-0.37	-0.40
19.096	-0.366	0.490	0.494	0.35	-0.37	-0.40
19.104	-0.367	0.491	0.494	0.36	-0.37	-0.40
19.112	-0.369	0.491	0.494	0.36	-0.37	-0.40
19.120	-0.370	0.492	0.494	0.36	-0.37	-0.40
19.128	-0.372	0.492	0.494	0.36	-0.36	-0.40
19.136	-0.373	0.493	0.494	0.36	-0.36	-0.40
19.144	-0.375	0.493	0.494	0.36	-0.36	-0.40
19.152	-0.376	0.494	0.494	0.36	-0.36	-0.40
19.160	-0.378	0.494	0.494	0.36	-0.36	-0.40
19.168	-0.379	0.495	0.494	0.37	-0.36	-0.40
19.176	-0.381	0.495	0.493	0.37	-0.36	-0.40
19.184	-0.382	0.495	0.493	0.37	-0.36	-0.40
19.192	-0.384	0.496	0.493	0.37	-0.35	-0.40
19.200	-0.385	0.496	0.493	0.37	-0.35	-0.40
19.208	-0.387	0.497	0.493	0.37	-0.35	-0.40
19.216	-0.388	0.497	0.493	0.37	-0.35	-0.40
19.224	-0.390	0.497	0.493	0.37	-0.35	-0.40
19.232	-0.391	0.498	0.493	0.38	-0.35	-0.40
19.240	-0.393	0.498	0.493	0.38	-0.35	-0.40
19.248	-0.394	0.499	0.493	0.38	-0.34	-0.40
19.256	-0.396	0.499	0.493	0.38	-0.34	-0.40
19.264	-0.397	0.499	0.493	0.38	-0.34	-0.40
19.272	-0.399	0.500	0.493	0.38	-0.34	-0.40
19.280	-0.401	0.500	0.493	0.38	-0.34	-0.40
19.288	-0.402	0.501	0.492	0.38	-0.34	-0.40
19.296	-0.404	0.501	0.492	0.39	-0.34	-0.40
19.304	-0.405	0.501	0.492	0.39	-0.33	-0.40
19.312	-0.407	0.502	0.492	0.39	-0.33	-0.40
19.320	-0.408	0.502	0.492	0.39	-0.33	-0.40
19.328	-0.410	0.502	0.492	0.39	-0.33	-0.40
19.336	-0.411	0.503	0.492	0.39	-0.33	-0.40
19.344	-0.413	0.503	0.492	0.39	-0.33	-0.40
19.352	-0.414	0.503	0.492	0.39	-0.33	-0.40
19.360	-0.416	0.504	0.492	0.40	-0.33	-0.40
19.368	-0.417	0.504	0.492	0.40	-0.32	-0.40
19.376	-0.419	0.504	0.492	0.40	-0.32	-0.40
19.384	-0.420	0.505	0.492	0.40	-0.32	-0.40
19.392	-0.422	0.505	0.492	0.40	-0.32	-0.40
19.400	-0.424	0.505	0.492	0.40	-0.32	-0.40
19.408	-0.425	0.506	0.492	0.40	-0.32	-0.40
19.416	-0.427	0.506	0.492	0.40	-0.32	-0.40
19.424	-0.428	0.506	0.492	0.40	-0.31	-0.40
19.432	-0.430	0.506	0.491	0.41	-0.31	-0.40
19.440	-0.431	0.507	0.491	0.41	-0.31	-0.40
19.448	-0.433	0.507	0.491	0.41	-0.31	-0.40
19.456	-0.434	0.507	0.491	0.41	-0.31	-0.40
19.464	-0.436	0.507	0.491	0.41	-0.31	-0.40
19.472	-0.438	0.508	0.491	0.41	-0.31	-0.40
19.480	-0.439	0.508	0.491	0.41	-0.30	-0.40
19.488	-0.441	0.508	0.491	0.41	-0.30	-0.40
19.496	-0.442	0.508	0.491	0.41	-0.30	-0.40
19.504	-0.444	0.509	0.491	0.42	-0.30	-0.40
19.512	-0.445	0.509	0.491	0.42	-0.30	-0.40
19.520	-0.447	0.509	0.491	0.42	-0.30	-0.40
19.528	-0.449	0.509	0.491	0.42	-0.29	-0.40
19.536	-0.450	0.510	0.491	0.42	-0.29	-0.40
19.544	-0.452	0.510	0.491	0.42	-0.29	-0.40
19.552	-0.453	0.510	0.491	0.42	-0.29	-0.40
19.560	-0.455	0.510	0.491	0.42	-0.29	-0.40
19.568	-0.456	0.510	0.491	0.42	-0.29	-0.40
19.576	-0.458	0.511	0.491	0.43	-0.29	-0.40
19.584	-0.460	0.511	0.491	0.43	-0.28	-0.40
19.592	-0.461	0.511	0.491	0.43	-0.28	-0.40
19.600	-0.463	0.511	0.491	0.43	-0.28	-0.40
19.608	-0.464	0.511	0.491	0.43	-0.28	-0.40
19.616	-0.466	0.512	0.491	0.43	-0.28	-0.40
19.624	-0.467	0.512	0.491	0.43	-0.28	-0.40
19.632	-0.469	0.512	0.491	0.43	-0.28	-0.40
19.640	-0.471	0.512	0.491	0.43	-0.27	-0.40
19.648	-0.472	0.512	0.491	0.43	-0.27	-0.40
19.656	-0.474	0.512	0.491	0.44	-0.27	-0.40
19.664	-0.475	0.512	0.491	0.44	-0.27	-0.40
19.672	-0.477	0.513	0.491	0.44	-0.27	-0.40
19.680	-0.479	0.513	0.491	0.44	-0.27	-0.40
19.688	-0.480	0.513	0.490	0.44	-0.26	-0.40
19.696	-0.482	0.513	0.490	0.44	-0.26	-0.40
19.704	-0.483	0.513	0.490	0.44	-0.26	-0.40
19.712	-0.485	0.513	0.490	0.44	-0.26	-0.40
19.720	-0.486	0.513	0.490	0.44	-0.26	-0.40
19.728	-0.488	0.513	0.490	0.44	-0.26	-0.40
19.736	-0.490	0.514	0.490	0.45	-0.26	-0.40
19.744	-0.491	0.514	0.490	0.45	-0.25	-0.40
19.752	-0.493	0.514	0.490	0.45	-0.25	-0.40
19.760	-0.494	0.514	0.490	0.45	-0.25	-0.40
19.768	-0.496	0.514	0.490	0.45	-0.25	-0.40
19.776	-0.498	0.514	0.490	0.45	-0.25	-0.40
19.784	-0.499	0.514	0.490	0.45	-0.25	-0.40
19.792	-0.501	0.514	0.490	0.45	-0.24	-0.40
19.800	-0.502	0.514	0.490	0.45	-0.24	-0.40
19.808	-0.504	0.514	0.490	0.45	-0.24	-0.40
19.816	-0.506	0.514	0.490	0.45	-0.24	-0.40
19.824	-0.507	0.514	0.490	0.46	-0.24	-0.40
19.832	-0.509	0.514	0.490	0.46	-0.24	-0.40
19.840	-0.510	0.514	0.490	0.46	-0.23	-0.40
19.848	-0.512	0.514	0.490	0.46	-0.23	-0.40
19.856	-0.514	0.514	0.490	0.46	-0.23	-0.40
19.864	-0.515	0.514	0.490	0.46	-0.23	-0.40
19.872	-0.517	0.514	0.490	0.46	-0.23	-0.40
19.880	-0.519	0.514	0.490	0.46	-0.23	-0.40
19.888	-0.520	0.514	0.490	0.46	-0.23	-0.40
19.896	-0.522	0.514	0.490	0.46	-0.22	-0.40
19.904	-0.523	0.514	0.490	0.46	-0.22	-0.40
19.912	-0.525	0.514	0.490	0.46	-0.22	-0.40
19.920	-0.527	0.514	0.490	0.47	-0.22	-0.40
19.928	-0.528	0.514	0.490	0.47	-0.22	-0.40
19.936	-0.530	0.514	0.490	0.47	-0.22	-0.40
19.944	-0.531	0.514	0.490	0.47	-0.21	-0.40
19.952	-0.533	0.514	0.490	0.47	-0.21	-0.40
19.960	-0.535	0.514	0.491	0.47	-0.21	-0.40
19.968	-0.536	0.514	0.491	0.47	-0.21	-0.40
19.976	-0.538	0.514	0.491	0.47	-0.21	-0.40
19.984	-0.539	0.514	0.491	0.47	-0.21	-0.40
19.992	-0.541	0.514	0.491	0.47	-0.20	-0.40
20.000	-0.543	0.514	0.491	0.47	-0.20	-0.40
20.008	-0.544	0.514	0.491	0.47	-0.20	-0.40
20.016	-0.546	0.514	0.491	0.48	-0.20	-0.40
20.024	-0.547	0.514	0.491	0.48	-0.20	-0.40
20.032	-0.549	0.514	0.491	0.48	-0.20	-0.40
20.040	-0.551	0.514	0.491	0.48	-0.19	-0.40
20.048	-0.552	0.513	0.491	0.48	-0.19	-0.40
20.056	-0.554	0.513	0.491	0.48	-0.19	-0.40
20.064	-0.556	0.513	0.491	0.48	-0.19	-0.40
20.072	-0.557	0.513	0.491	0.48	-0.19	-0.40
20.080	-0.559	0.513	0.491	0.48	-0.19	-0.40
20.088	-0.560	0.513	0.491	0.48	-0.18	-0.40
20.096	-0.562	0.513	0.491	0.48	-0.18	-0.40
20.104	-0.564	0.513	0.491	0.48	-0.18	-0.40
20.112	-0.565	0.512	0.491	0.48	-0.18	-0.40
20.120	-0.567	0.512	0.491	0.48	-0.18	-0.40
20.128	-0.568	0.512	0.491	0.49	-0.18	-0.40
20.136	-0.570	0.512	0.491	0.49	-0.17	-0.40
20.144	-0.572	0.512	0.491	0.49	-0.17	-0.40
20.152	-0.573	0.512	0.491	0.49	-0.17	-0.40
20.160	-0.575	0.511	0.491	0.49	-0.17	-0.40
20.168	-0.576	0.511	0.491	0.49	-0.17	-0.40
20.176	-0.578	0.511	0.491	0.49	-0.17	-0.40
20.184	-0.580	0.511	0.491	0.49	-0.16	-0.40
20.192	-0.581	0.511	0.491	0.49	-0.16	-0.40
20.200	-0.583	0.511	0.491	0.49	-0.16	-0.40
20.208	-0.585	0.510	0.491	0.49	-0.16	-0.40
20.216	-0.586	0.510	0.491	0.49	-0.16	-0.40
20.224	-0.588	0.510	0.491	0.49	-0.16	-0.40
20.232	-0.589	0.510	0.491	0.49	-0.15	-0.40
20.240	-0.591	0.509	0.491	0.49	-0.15	-0.40
20.248	-0.593	0.509	0.491	0.49	-0.15	-0.40
20.256	-0.594	0.509	0.491	0.50	-0.15	-0.40
20.264	-0.596	0.509	0.492	0.50	-0.15	-0.40
20.272	-0.597	0.509	0.492	0.50	-0.14	-0.40
20.280	-0.599	0.508	0.492	0.50	-0.14	-0.40
20.288	-0.601	0.508	0.492	0.50	-0.14	-0.40
20.296	-0.602	0.508	0.492	0.50	-0.14	-0.40
20.304	-0.604	0.508	0.492	0.50	-0.14	-0.40
20.312	-0.605	0.507	0.492	0.50	-0.14	-0.40
20.320	-0.607	0.507	0.492	0.50	-0.13	-0.40
20.328	-0.609	0.507	0.492	0.50	-0.13	-0.40
20.336	-0.610	0.506	0.492	0.50	-0.13	-0.40
20.344	-0.612	0.506	0.492	0.50	-0.13	-0.40
20.352	-0.613	0.506	0.492	0.50	-0.13	-0.40
20.360	-0.615	0.506	0.492	0.50	-0.13	-0.40
20.368	-0.617	0.505	0.492	0.50	-0.12	-0.40
20.376	-0.618	0.505	0.492	0.50	-0.12	-0.40
20.384	-0.620	0.505	0.492	0.50	-0.12	-0.40
20.392	-0.621	0.504	0.492	0.50	-0.12	-0.39
20.400	-0.623	0.504	0.492	0.50	-0.12	-0.39
20.408	-0.625	0.504	0.492	0.51	-0.12	-0.39
20.416	-0.626	0.503	0.492	0.51	-0.11	-0.39
20.424	-0.628	0.503	0.492	0.51	-0.11	-0.39
20.432	-0.629	0.503	0.492	0.51	-0.11	-0.39
20.440	-0.631	0.502	0.492	0.51	-0.11	-0.39
20.448	-0.633	0.502	0.492	0.51	-0.11	-0.39
20.456	-0.634	0.502	0.492	0.51	-0.10	-0.39
20.464	-0.636	0.501	0.493	0.51	-0.10	-0.39
20.472	-0.637	0.501	0.493	0.51	-0.10	-0.39
20.480	-0.639	0.500	0.493	0.51	-0.10	-0.39
20.488	-0.640	0.500	0.493	0.51	-0.10	-0.39
20.496	-0.642	0.500	0.493	0.51	-0.10	-0.39
20.504	-0.644	0.499	0.493	0.51	-0.09	-0.39
20.512	-0.645	0.499	0.493	0.51	-0.09	-0.39
20.520	-0.647	0.498	0.493	0.51	-0.09	-0.39
20.528	-0.648	0.498	0.493	0.51	-0.09	-0.39
20.536	-0.650	0.498	0.493	0.51	-0.09	-0.39
20.544	-0.652	0.497	0.493	0.51	-0.09	-0.39
20.552	-0.653	0.497	0.493	0.51	-0.08	-0.39
20.560	-0.655	0.496	0.493	0.51	-0.08	-0.39
20.568	-0.656	0.496	0.493	0.51	-0.08	-0.39
20.576	-0.658	0.496	0.493	0.51	-0.08	-0.39
20.584	-0.659	0.495	0.493	0.51	-0.08	-0.39
20.592	-0.661	0.495	0.493	0.51	-0.07	-0.39
20.600	-0.663	0.494	0.493	0.51	-0.07	-0.39
20.608	-0.664	0.494	0.493	0.51	-0.07	-0.39
20.616	-0.666	0.493	0.493	0.52	-0.07	-0.39
20.624	-0.667	0.493	0.493	0.52	-0.07	-0.39
20.632	-0.669	0.492	0.493	0.52	-0.07	-0.39
20.640	-0.670	0.492	0.494	0.52	-0.06	-0.39
20.648	-0.672	0.491	0.494	0.52	-0.06	-0.39
20.656	-0.674	0.491	0.494	0.52	-0.06	-0.39
20.664	-0.675	0.490	0.494	0.52	-0.06	-0.39
20.672	-0.677	0.490	0.494	0.52	-0.06	-0.39
20.680	-0.678	0.489	0.494	0.52	-0.06	-0.39
20.688	-0.680	0.489	0.494	0.52	-0.05	-0.39
20.696	-0.681	0.488	0.494	0.52	-0.05	-0.39
20.704	-0.683	0.488	0.494	0.52	-0.05	-0.39
20.712	-0.684	0.487	0.494	0.52	-0.05	-0.39
20.720	-0.686	0.487	0.494	0.52	-0.05	-0.39
20.728	-0.688	0.486	0.494	0.52	-0.04	-0.39
20.736	-0.689	0.486	0.494	0.52	-0.04	-0.39
20.744	-0.691	0.485	0.494	0.52	-0.04	-0.39
20.752	-0.692	0.485	0.494	0.52	-0.04	-0.39
20.760	-0.694	0.484	0.494	0.52	-0.04	-0.39
20.768	-0.695	0.484	0.494	0.52	-0.04	-0.39
20.776	-0.697	0.483	0.494	0.52	-0.03	-0.39
20.784	-0.698	0.482	0.494	0.52	-0.03	-0.39
20.792	-0.700	0.482	0.494	0.52	-0.03	-0.39
20.800	-0.701	0.481	0.494	0.52	-0.03	-0.39
20.808	-0.703	0.481	0.495	0.52	-0.03	-0.39
20.816	-0.705	0.480	0.495	0.52	-0.02	-0.39
20.824	-0.706	0.479	0.495	0.52	-0.02	-0.39
20.832	-0.708	0.479	0.495	0.52	-0.02	-0.39
20.840	-0.709	0.478	0.495	0.52	-0.02	-0.39
20.848	-0.711	0.478	0.495	0.52	-0.02	-0.39
20.856	-0.712	0.477	0.495	0.52	-0.02	-0.39
20.864	-0.714	0.476	0.495	0.52	-0.01	-0.39
20.872	-0.715	0.476	0.495	0.52	-0.01	-0.39
20.880	-0.717	0.475	0.495	0.52	-0.01	-0.39
20.888	-0.718	0.475	0.495	0.52	-0.01	-0.39
20.896	-0.720	0.474	0.495	0.52	-0.01	-0.39
20.904	-0.721	0.473	0.495	0.52	-0.01	-0.39
20.912	-0.723	0.473	0.495	0.52	-0.00	-0.39
20.920	-0.724	0.472	0.495	0.52	-0.00	-0.39
20.928	-0.726	0.471	0.495	0.52	0.00	-0.39
20.936	-0.727	0.471	0.495	0.52	0.00	-0.39
20.944	-0.729	0.470	0.495	0.52	0.00	-0.39
20.952	-0.730	0.469	0.495	0.52	0.01	-0.39
20.960	-0.732	0.469	0.495	0.52	0.01	-0.39
20.968	-0.733	0.468	0.495	0.52	0.01	-0.39
20.976	-0.735	0.467	0.495	0.52	0.01	-0.39
20.984	-0.736	0.467	0.495	0.52	0.01	-0.39
20.992	-0.738	0.466	0.496	0.52	0.01	-0.39
21.000	-0.739	0.465	0.496	0.52	0.02	-0.39
21.008	-0.741	0.465	0.496	0.52	0.02	-0.39
21.016	-0.742	0.464	0.496	0.52	0.02	-0.39
21.024	-0.744	0.463	0.496	0.52	0.02	-0.39
21.032	-0.745	0.462	0.496	0.52	0.02	-0.39
21.040	-0.747	0.462	0.496	0.52	0.03	-0.39
21.048	-0.748	0.461	0.496	0.52	0.03	-0.39
21.056	-0.750	0.460	0.496	0.52	0.03	-0.39
21.064	-0.751	0.459	0.496	0.52	0.03	-0.39
21.072	-0.753	0.459	0.496	0.52	0.03	-0.39
21.080	-0.754	0.458	0.496	0.52	0.03	-0.39
21.088	-0.756	0.457	0.496	0.52	0.04	-0.39
21.096	-0.757	0.456	0.496	0.52	0.04	-0.39
21.104	-0.758	0.456	0.496	0.52	0.04	-0.39
21.112	-0.760	0.455	0.496	0.52	0.04	-0.39
21.120	-0.761	0.454	0.496	0.52	0.04	-0.39
21.128	-0.763	0.453	0.496	0.52	0.05	-0.39
21.136	-0.764	0.453	0.496	0.52	0.05	-0.39
21.144	-0.766	0.452	0.496	0.52	0.05	-0.39
21.152	-0.767	0.451	0.496	0.52	0.05	-0.39
21.160	-0.769	0.450	0.496	0.52	0.05	-0.39
21.168	-0.770	0.449	0.496	0.52	0.05	-0.39
21.176	-0.772	0.449	0.496	0.52	0.06	-0.39
21.184	-0.773	0.448	0.496	0.52	0.06	-0.39
21.192	-0.774	0.447	0.496	0.52	0.06	-0.39
21.200	-0.776	0.446	0.497	0.52	0.06	-0.39
21.208	-0.777	0.445	0.497	0.52	0.06	-0.39
21.216	-0.779	0.445	0.497	0.52	0.06	-0.39
21.224	-0.780	0.444	0.497	0.52	0.07	-0.39
21.232	-0.782	0.443	0.497	0.52	0.07	-0.39
21.240	-0.783	0.442	0.497	0.52	0.07	-0.39
21.248	-0.784	0.441	0.497	0.52	0.07	-0.39
21.256	-0.786	0.440	0.497	0.52	0.07	-0.39
21.264	-0.787	0.439	0.497	0.52	0.08	-0.39
21.272	-0.789	0.439	0.497	0.52	0.08	-0.39
21.280	-0.790	0.438	0.497	0.52	0.08	-0.39
21.288	-0.791	0.437	0.497	0.52	0.08	-0.39
21.296	-0.793	0.436	0.497	0.52	0.08	-0.39
21.304	-0.794	0.435	0.497	0.52	0.08	-0.39
21.312	-0.796	0.434	0.497	0.52	0.09	-0.39
21.320	-0.797	0.433	0.497	0.52	0.09	-0.39
21.328	-0.798	0.432	0.497	0.52	0.09	-0.39
21.336	-0.800	0.432	0.497	0.52	0.09	-0.39
21.344	-0.801	0.431	0.497	0.52	0.09	-0.39
21.352	-0.803	0.430	0.497	0.52	0.09	-0.39
21.360	-0.804	0.429	0.497	0.52	0.10	-0.39
21.368	-0.805	0.428	0.497	0.52	0.10	-0.39
21.376	-0.807	0.427	0.497	0.52	0.10	-0.39
21.384	-0.808	0.426	0.497	0.52	0.10	-0.39
21.392	-0.809	0.425	0.497	0.52	0.10	-0.39
21.400	-0.811	0.424	0.497	0.52	0.11	-0.39
21.408	-0.812	0.423	0.497	0.52	0.11	-0.39
21.416	-0.814	0.422	0.497	0.51	0.11	-0.39
21.424	-0.815	0.421	0.497	0.51	0.11	-0.39
21.432	-0.816	0.420	0.497	0.51	0.11	-0.39
21.440	-0.818	0.420	0.497	0.51	0.11	-0.39
21.448	-0.819	0.419	0.497	0.51	0.12	-0.39
21.456	-0.820	0.418	0.498	0.51	0.12	-0.39
21.464	-0.822	0.417	0.498	0.51	0.12	-0.39
21.472	-0.823	0.416	0.498	0.51	0.12	-0.39
21.480	-0.824	0.415	0.498	0.51	0.12	-0.39
21.488	-0.826	0.414	0.498	0.51	0.12	-0.39
21.496	-0.827	0.413	0.498	0.51	0.13	-0.39
21.504	-0.828	0.412	0.498	0.51	0.13	-0.39
21.512	-0.830	0.411	0.498	0.51	0.13	-0.39
21.520	-0.831	0.410	0.498	0.51	0.13	-0.39
21.528	-0.832	0.409	0.498	0.51	0.13	-0.39
21.536	-0.834	0.408	0.498	0.51	0.14	-0.39
21.544	-0.835	0.407	0.498	0.51	0.14	-0.39
21.552	-0.836	0.406	0.498	0.51	0.14	-0.39
21.560	-0.838	0.405	0.498	0.51	0.14	-0.39
21.568	-0.839	0.404	0.498	0.51	0.14	-0.39
21.576	-0.840	0.403	0.498	0.51	0.14	-0.39
21.584	-0.841	0.402	0.498	0.51	0.15	-0.39
21.592	-0.843	0.401	0.498	0.51	0.15	-0.39
21.600	-0.844	0.400	0.498	0.51	0.15	-0.39
21.608	-0.845	0.398	0.498	0.51	0.15	-0.39
21.616	-0.847	0.397	0.498	0.51	0.15	-0.39
21.624	-0.848	0.396	0.498	0.50	0.15	-0.39
21.632	-0.849	0.395	0.498	0.50	0.16	-0.39
21.640	-0.850	0.394	0.498	0.50	0.16	-0.39
21.648	-0.852	0.393	0.498	0.50	0.16	-0.39
21.656	-0.853	0.392	0.498	0.50	0.16	-0.39
21.664	-0.854	0.391	0.498	0.50	0.16	-0.39
21.672	-0.855	0.390	0.498	0.50	0.16	-0.39
21.680	-0.857	0.389	0.498	0.50	0.17	-0.39
21.688	-0.858	0.388	0.498	0.50	0.17	-0.39
21.696	-0.859	0.387	0.498	0.50	0.17	-0.39
21.704	-0.860	0.386	0.498	0.50	0.17	-0.39
21.712	-0.862	0.385	0.498	0.50	0.17	-0.39
21.720	-0.863	0.383	0.498	0.50	0.18	-0.39
21.728	-0.864	0.382	0.498	0.50	0.18	-0.39
21.736	-0.865	0.381	0.498	0.50	0.18	-0.39
21.744	-0.867	0.380	0.498	0.50	0.18	-0.39
21.752	-0.868	0.379	0.498	0.50	0.18	-0.39
21.760	-0.869	0.378	0.498	0.50	0.18	-0.39
21.768	-0.870	0.377	0.498	0.50	0.19	-0.39
21.776	-0.872	0.376	0.498	0.49	0.19	-0.39
21.784	-0.873	0.374	0.498	0.49	0.19	-0.39
21.792	-0.874	0.373	0.498	0.49	0.19	-0.39
21.800	-0.875	0.372	0.498	0.49	0.19	-0.39
21.808	-0.876	0.371	0.498	0.49	0.19	-0.39
21.816	-0.878	0.370	0.498	0.49	0.20	-0.39
21.824	-0.879	0.369	0.498	0.49	0.20	-0.39
21.832	-0.880	0.368	0.498	0.49	0.20	-0.39
21.840	-0.881	0.366	0.498	0.49	0.20	-0.39
21.848	-0.882	0.365	0.499	0.49	0.20	-0.39
21.856	-0.883	0.364	0.499	0.49	0.20	-0.39
21.864	-0.885	0.363	0.499	0.49	0.21	-0.39
21.872	-0.886	0.362	0.499	0.49	0.21	-0.39
21.880	-0.887	0.361	0.499	0.49	0.21	-0.39
21.888	-0.888	0.359	0.499	0.49	0.21	-0.39
21.896	-0.889	0.358	0.499	0.49	0.21	-0.39
21.904	-0.890	0.357	0.499	0.48	0.21	-0.39
21.912	-0.892	0.356	0.499	0.48	0.22	-0.39
21.920	-0.893	0.355	0.499	0.48	0.22	-0.39
21.928	-0.894	0.353	0.499	0.48	0.22	-0.39
21.936	-0.895	0.352	0.499	0.48	0.22	-0.39
21.944	-0.896	0.351	0.499	0.48	0.22	-0.39
21.952	-0.897	0.350	0.499	0.48	0.22	-0.39
21.960	-0.898	0.349	0.499	0.48	0.23	-0.39
21.968	-0.900	0.347	0.499	0.48	0.23	-0.39
21.976	-0.901	0.346	0.499	0.48	0.23	-0.39
21.984	-0.902	0.345	0.499	0.48	0.23	-0.39
21.992	-0.903	0.344	0.499	0.48	0.23	-0.39
22.000	-0.904	0.342	0.499	0.48	0.23	-0.39
22.008	-0.905	0.341	0.499	0.48	0.24	-0.39
22.016	-0.906	0.340	0.499	0.47	0.24	-0.39
22.024	-0.907	0.339	0.499	0.47	0.24	-0.39
22.032	-0.908	0.337	0.499	0.47	0.24	-0.39
22.040	-0.909	0.336	0.499	0.47	0.24	-0.39
22.048	-0.911	0.335	0.499	0.47	0.24	-0.39
22.056	-0.912	0.334	0.499	0.47	0.24	-0.39
22.064	-0.913	0.332	0.499	0.47	0.25	-0.39
22.072	-0.914	0.331	0.499	0.47	0.25	-0.39
22.080	-0.915	0.330	0.499	0.47	0.25	-0.39
22.088	-0.916	0.329	0.499	0.47	0.25	-0.39
22.096	-0.917	0.327	0.499	0.47	0.25	-0.39
22.104	-0.918	0.326	0.499	0.47	0.25	-0.39
22.112	-0.919	0.325	0.499	0.47	0.26	-0.39
22.120	-0.920	0.323	0.499	0.46	0.26	-0.39
22.128	-0.921	0.322	0.499	0.46	0.26	-0.39
22.136	-0.922	0.321	0.499	0.46	0.26	-0.39
22.144	-0.923	0.320	0.499	0.46	0.26	-0.39
22.152	-0.924	0.318	0.499	0.46	0.26	-0.39
22.160	-0.925	0.317	0.499	0.46	0.27	-0.39
22.168	-0.926	0.316	0.499	0.46	0.27	-0.39
22.176	-0.927	0.314	0.499	0.46	0.27	-0.39
22.184	-0.928	0.313	0.499	0.46	0.27	-0.39
22.192	-0.929	0.312	0.499	0.46	0.27	-0.39
22.200	-0.930	0.310	0.499	0.46	0.27	-0.39
22.208	-0.931	0.309	0.499	0.46	0.27	-0.39
22.216	-0.932	0.308	0.499	0.45	0.28	-0.39
22.224	-0.933	0.306	0.499	0.45	0.28	-0.39
22.232	-0.934	0.305	0.499	0.45	0.28	-0.39
22.240	-0.935	0.304	0.499	0.45	0.28	-0.39
22.248	-0.936	0.302	0.499	0.45	0.28	-0.39
22.256	-0.937	0.301	0.499	0.45	0.28	-0.39
22.264	-0.938	0.300	0.499	0.45	0.29	-0.39
22.272	-0.939	0.298	0.499	0.45	0.29	-0.39
22.280	-0.940	0.297	0.499	0.45	0.29	-0.39
22.288	-0.941	0.296	0.499	0.45	0.29	-0.39
22.296	-0.942	0.294	0.499	0.45	0.29	-0.39
22.304	-0.943	0.293	0.499	0.44	0.29	-0.39
22.312	-0.944	0.291	0.499	0.44	0.29	-0.39
22.320	-0.945	0.290	0.499	0.44	0.30	-0.39
22.328	-0.946	0.289	0.499	0.44	0.30	-0.39
22.336	-0.947	0.287	0.499	0.44	0.30	-0.39
22.344	-0.948	0.286	0.499	0.44	0.30	-0.39
22.352	-0.949	0.285	0.499	0.44	0.30	-0.39
22.360	-0.950	0.283	0.499	0.44	0.30	-0.39
22.368	-0.951	0.282	0.499	0.44	0.31	-0.39
22.376	-0.951	0.280	0.499	0.44	0.31	-0.39
22.384	-0.952	0.279	0.499	0.43	0.31	-0.39
22.392	-0.953	0.278	0.499	0.43	0.31	-0.39
22.400	-0.954	0.276	0.499	0.43	0.31	-0.39
22.408	-0.955	0.275	0.499	0.43	0.31	-0.39
22.416	-0.956	0.273	0.499	0.43	0.31	-0.39
22.424	-0.957	0.272	0.499	0.43	0.32	-0.39
22.432	-0.958	0.271	0.499	0.43	0.32	-0.39
22.440	-0.959	0.269	0.499	0.43	0.32	-0.39
22.448	-0.959	0.268	0.499	0.43	0.32	-0.39
22.456	-0.960	0.266	0.499	0.43	0.32	-0.39
22.464	-0.961	0.265	0.499	0.42	0.32	-0.39
22.472	-0.962	0.263	0.499	0.42	0.32	-0.39
22.480	-0.963	0.262	0.499	0.42	0.33	-0.39
22.488	-0.964	0.261	0.499	0.42	0.33	-0.39
22.496	-0.965	0.259	0.499	0.42	0.33	-0.39
22.504	-0.965	0.258	0.499	0.42	0.33	-0.39
22.512	-0.966	0.256	0.499	0.42	0.33	-0.39
22.520	-0.967	0.255	0.499	0.42	0.33	-0.39
22.528	-0.968	0.253	0.499	0.42	0.33	-0.39
22.536	-0.969	0.252	0.499	0.41	0.34	-0.39
22.544	-0.969	0.251	0.499	0.41	0.34	-0.39
22.552	-0.970	0.249	0.499	0.41	0.34	-0.39
22.560	-0.971	0.248	0.499	0.41	0.34	-0.39
22.568	-0.972	0.246	0.499	0.41	0.34	-0.39
22.576	-0.973	0.245	0.499	0.41	0.34	-0.39
22.584	-0.973	0.243	0.499	0.41	0.34	-0.39
22.592	-0.974	0.242	0.499	0.41	0.35	-0.39
22.600	-0.975	0.240	0.499	0.41	0.35	-0.39
22.608	-0.976	0.239	0.499	0.40	0.35	-0.39
22.616	-0.977	0.237	0.499	0.40	0.35	-0.39
22.624	-0.977	0.236	0.499	0.40	0.35	-0.39
22.632	-0.978	0.234	0.499	0.40	0.35	-0.39
22.640	-0.979	0.233	0.499	0.40	0.35	-0.39
22.648	-0.980	0.231	0.499	0.40	0.36	-0.39
22.656	-0.980	0.230	0.499	0.40	0.36	-0.39
22.664	-0.981	0.228	0.499	0.40	0.36	-0.39
22.672	-0.982	0.227	0.499	0.40	0.36	-0.39
22.680	-0.983	0.225	0.499	0.39	0.36	-0.39
22.688	-0.983	0.224	0.499	0.39	0.36	-0.39
22.696	-0.984	0.222	0.499	0.39	0.36	-0.39
22.704	-0.985	0.221	0.499	0.39	0.36	-0.39
22.712	-0.985	0.219	0.499	0.39	0.37	-0.39
22.720	-0.986	0.218	0.499	0.39	0.37	-0.39
22.728	-0.987	0.216	0.499	0.39	0.37	-0.39
22.736	-0.988	0.215	0.499	0.39	0.37	-0.39
22.744	-0.988	0.213	0.499	0.38	0.37	-0.39
22.752	-0.989	0.212	0.499	0.38	0.37	-0.39
22.760	-0.990	0.210	0.499	0.38	0.37	-0.39
22.768	-0.990	0.209	0.499	0.38	0.38	-0.39
22.776	-0.991	0.207	0.499	0.38	0.38	-0.39
22.784	-0.992	0.206	0.499	0.38	0.38	-0.39
22.792	-0.992	0.204	0.499	0.38	0.38	-0.39
22.800	-0.993	0.203	0.499	0.38	0.38	-0.39
22.808	-0.994	0.201	0.499	0.37	0.38	-0.39
22.816	-0.994	0.200	0.499	0.37	0.38	-0.39
22.824	-0.995	0.198	0.499	0.37	0.38	-0.39
22.832	-0.995	0.197	0.499	0.37	0.39	-0.39
22.840	-0.996	0.195	0.499	0.37	0.39	-0.39
22.848	-0.997	0.194	0.499	0.37	0.39	-0.39
22.856	-0.997	0.192	0.499	0.37	0.39	-0.39
22.864	-0.998	0.190	0.499	0.37	0.39	-0.39
22.872	-0.999	0.189	0.499	0.36	0.39	-0.39
22.880	-0.999	0.187	0.499	0.36	0.39	-0.39
22.888	-1.000	0.186	0.499	0.36	0.39	-0.39
22.896	-1.000	0.184	0.499	0.36	0.40	-0.39
22.904	-1.001	0.183	0.499	0.36	0.40	-0.39
22.912	-1.002	0.181	0.499	0.36	0.40	-0.39
22.920	-1.002	0.180	0.499	0.36	0.40	-0.39
22.928	-1.003	0.178	0.499	0.36	0.40	-0.39
22.936	-1.003	0.176	0.499	0.35	0.40	-0.39
22.944	-1.004	0.175	0.499	0.35	0.40	-0.39
22.952	-1.004	0.173	0.499	0.35	0.40	-0.39
22.960	-1.005	0.172	0.499	0.35	0.41	-0.39
22.968	-1.006	0.170	0.499	0.35	0.41	-0.39
22.976	-1.006	0.169	0.499	0.35	0.41	-0.39
22.984	-1.007	0.167	0.499	0.35	0.41	-0.39
22.992	-1.007	0.165	0.499	0.35	0.41	-0.39
23.000	-1.008	0.164	0.499	0.34	0.41	-0.39
23.008	-1.008	0.162	0.499	0.34	0.41	-0.39
23.016	-1.009	0.161	0.499	0.34	0.41	-0.39
23.024	-1.009	0.159	0.499	0.34	0.41	-0.39
23.032	-1.010	0.157	0.499	0.34	0.42	-0.39
23.040	-1.010	0.156	0.499	0.34	0.42	-0.39
23.048	-1.011	0.154	0.499	0.34	0.42	-0.39
23.056	-1.011	0.153	0.499	0.33	0.42	-0.39
23.064	-1.012	0.151	0.499	0.33	0.42	-0.39
23.072	-1.012	0.150	0.499	0.33	0.42	-0.39
23.080	-1.013	0.148	0.499	0.33	0.42	-0.39
23.088	-1.013	0.146	0.499	0.33	0.42	-0.39
23.096	-1.014	0.145	0.499	0.33	0.42	-0.39
23.104	-1.014	0.143	0.499	0.33	0.43	-0.39
23.112	-1.015	0.142	0.499	0.32	0.43	-0.39
23.120	-1.015	0.140	0.499	0.32	0.43	-0.39
23.128	-1.015	0.138	0.499	0.32	0.43	-0.39
23.136	-1.016	0.137	0.499	0.32	0.43	-0.39
23.144	-1.016	0.135	0.499	0.32	0.43	-0.39
23.152	-1.017	0.134	0.499	0.32	0.43	-0.39
23.160	-1.017	0.132	0.499	0.32	0.43	-0.39
23.168	-1.018	0.130	0.499	0.31	0.43	-0.39
23.176	-1.018	0.129	0.499	0.31	0.44	-0.39
23.184	-1.018	0.127	0.499	0.31	0.44	-0.39
23.192	-1.019	0.125	0.499	0.31	0.44	-0.39
23.200	-1.019	0.124	0.499	0.31	0.44	-0.39
23.208	-1.020	0.122	0.499	0.31	0.44	-0.39
23.216	-1.020	0.121	0.499	0.31	0.44	-0.39
23.224	-1.020	0.119	0.499	0.30	0.44	-0.39
23.232	-1.021	0.117	0.499	0.30	0.44	-0.39
23.240	-1.021	0.116	0.499	0.30	0.44	-0.39
23.248	-1.022	0.114	0.499	0.30	0.45	-0.39
23.256	-1.022	0.112	0.499	0.30	0.45	-0.39
23.264	-1.022	0.111	0.499	0.30	0.45	-0.39
23.272	-1.023	0.109	0.499	0.30	0.45	-0.39
23.280	-1.023	0.108	0.499	0.29	0.45	-0.39
23.288	-1.023	0.106	0.499	0.29	0.45	-0.39
23.296	-1.024	0.104	0.499	0.29	0.45	-0.39
23.304	-1.024	0.103	0.499	0.29	0.45	-0.39
23.312	-1.024	0.101	0.499	0.29	0.45	-0.39
23.320	-1.025	0.099	0.499	0.29	0.45	-0.39
23.328	-1.025	0.098	0.499	0.29	0.46	-0.39
23.336	-1.025	0.096	0.499	0.28	0.46	-0.39
23.344	-1.026	0.095	0.499	0.28	0.46	-0.39
23.352	-1.026	0.093	0.499	0.28	0.46	-0.39
23.360	-1.026	0.091	0.499	0.28	0.46	-0.39
23.368	-1.026	0.090	0.499	0.28	0.46	-0.39
23.376	-1.027	0.088	0.499	0.28	0.46	-0.39
23.384	-1.027	0.086	0.499	0.27	0.46	-0.39
23.392	-1.027	0.085	0.499	0.27	0.46	-0.39
23.400	-1.027	0.083	0.499	0.27	0.46	-0.39
23.408	-1.028	0.081	0.499	0.27	0.46	-0.39
23.416	-1.028	0.080	0.499	0.27	0.47	-0.39
23.424	-1.028	0.078	0.499	0.27	0.47	-0.39
23.432	-1.028	0.076	0.499	0.27	0.47	-0.39
23.440	-1.029	0.075	0.499	0.26	0.47	-0.39
23.448	-1.029	0.073	0.499	0.26	0.47	-0.39
23.456	-1.029	0.071	0.499	0.26	0.47	-0.39
23.464	-1.029	0.070	0.499	0.26	0.47	-0.39
23.472	-1.030	0.068	0.499	0.26	0.47	-0.39
23.480	-1.030	0.067	0.499	0.26	0.47	-0.39
23.488	-1.030	0.065	0.499	0.25	0.47	-0.39
23.496	-1.030	0.063	0.499	0.25	0.47	-0.39
23.504	-1.030	0.062	0.499	0.25	0.48	-0.39
23.512	-1.031	0.060	0.499	0.25	0.48	-0.39
23.520	-1.031	0.058	0.499	0.25	0.48	-0.39
23.528	-1.031	0.057	0.499	0.25	0.48	-0.39
23.536	-1.031	0.055	0.499	0.25	0.48	-0.39
23.544	-1.031	0.053	0.499	0.24	0.48	-0.39
23.552	-1.031	0.052	0.499	0.24	0.48	-0.39
23.560	-1.032	0.050	0.499	0.24	0.48	-0.39
23.568	-1.032	0.048	0.499	0.24	0.48	-0.39
23.576	-1.032	0.047	0.499	0.24	0.48	-0.39
23.584	-1.032	0.045	0.499	0.24	0.48	-0.39
23.592	-1.032	0.043	0.499	0.23	0.48	-0.39
23.600	-1.032	0.042	0.499	0.23	0.49	-0.39
23.608	-1.032	0.040	0.499	0.23	0.49	-0.39
23.616	-1.033	0.038	0.499	0.23	0.49	-0.39
23.624	-1.033	0.037	0.499	0.23	0.49	-0.39
23.632	-1.033	0.035	0.499	0.23	0.49	-0.39
23.640	-1.033	0.033	0.499	0.22	0.49	-0.39
23.648	-1.033	0.032	0.499	0.22	0.49	-0.39
23.656	-1.033	0.030	0.499	0.22	0.49	-0.39
23.664	-1.033	0.028	0.499	0.22	0.49	-0.39
23.672	-1.033	0.027	0.499	0.22	0.49	-0.39
23.680	-1.033	0.025	0.499	0.22	0.49	-0.39
23.688	-1.033	0.023	0.499	0.21	0.49	-0.39
23.696	-1.033	0.022	0.499	0.21	0.49	-0.39
23.704	-1.034	0.020	0.499	0.21	0.50	-0.39
23.712	-1.034	0.018	0.499	0.21	0.50	-0.39
23.720	-1.034	0.017	0.499	0.21	0.50	-0.39
23.728	-1.034	0.015	0.499	0.21	0.50	-0.39
23.736	-1.034	0.013	0.499	0.21	0.50	-0.39
23.744	-1.034	0.012	0.499	0.20	0.50	-0.39
23.752	-1.034	0.010	0.499	0.20	0.50	-0.39
23.760	-1.034	0.008	0.499	0.20	0.50	-0.39
23.768	-1.034	0.007	0.499	0.20	0.50	-0.39
23.776	-1.034	0.005	0.499	0.20	0.50	-0.39
23.784	-1.034	0.003	0.499	0.20	0.50	-0.39
23.792	-1.034	0.002	0.499	0.19	0.50	-0.39
23.800	-1.034	0.000	0.499	0.19	0.50	-0.39
23.808	-1.034	-0.002	0.499	0.19	0.50	-0.39
23.816	-1.034	-0.003	0.499	0.19	0.51	-0.39
23.824	-1.034	-0.005	0.499	0.19	0.51	-0.39
23.832	-1.034	-0.007	0.499	0.19	0.51	-0.39
23.840	-1.034	-0.008	0.499	0.18	0.51	-0.39
23.848	-1.034	-0.010	0.499	0.18	0.51	-0.39
23.856	-1.034	-0.012	0.499	0.18	0.51	-0.39
23.864	-1.034	-0.013	0.499	0.18	0.51	-0.39
23.872	-1.033	-0.015	0.499	0.18	0.51	-0.39
23.880	-1.033	-0.017	0.499	0.18	0.51	-0.39
23.888	-1.033	-0.018	0.499	0.17	0.51	-0.39
23.896	-1.033	-0.020	0.499	0.17	0.51	-0.39
23.904	-1.033	-0.022	0.499	0.17	0.51	-0.39
23.912	-1.033	-0.023	0.499	0.17	0.51	-0.39
23.920	-1.033	-0.025	0.499	0.17	0.51	-0.39
23.928	-1.033	-0.027	0.499	0.16	0.51	-0.39
23.936	-1.033	-0.028	0.499	0.16	0.51	-0.39
23.944	-1.033	-0.030	0.499	0.16	0.51	-0.39
23.952	-1.033	-0.032	0.499	0.16	0.52	-0.39
23.960	-1.032	-0.033	0.499	0.16	0.52	-0.39
23.968	-1.032	-0.035	0.499	0.16	0.52	-0.39
23.976	-1.032	-0.037	0.499	0.15	0.52	-0.39
23.984	-1.032	-0.038	0.499	0.15	0.52	-0.39
23.992	-1.032	-0.040	0.499	0.15	0.52	-0.39
24.000	-1.032	-0.042	0.499	0.15	0.52	-0.39
24.008	-1.032	-0.043	0.499	0.15	0.52	-0.39
24.016	-1.031	-0.045	0.499	0.15	0.52	-0.39
24.024	-1.031	-0.047	0.499	0.14	0.52	-0.39
24.032	-1.031	-0.048	0.499	0.14	0.52	-0.39
24.040	-1.031	-0.050	0.500	0.14	0.52	-0.39
24.048	-1.031	-0.052	0.500	0.14	0.52	-0.39
24.056	-1.031	-0.053	0.500	0.14	0.52	-0.39
24.064	-1.030	-0.055	0.500	0.14	0.52	-0.39
24.072	-1.030	-0.056	0.500	0.13	0.52	-0.39
24.080	-1.030	-0.058	0.500	0.13	0.52	-0.39
24.088	-1.030	-0.060	0.500	0.13	0.52	-0.39
24.096	-1.030	-0.061	0.500	0.13	0.52	-0.39
24.104	-1.029	-0.063	0.500	0.13	0.52	-0.39
24.112	-1.029	-0.065	0.500	0.13	0.53	-0.39
24.120	-1.029	-0.066	0.500	0.12	0.53	-0.39
24.128	-1.029	-0.068	0.500	0.12	0.53	-0.39
24.136	-1.028	-0.070	0.500	0.12	0.53	-0.39
24.144	-1.028	-0.071	0.500	0.12	0.53	-0.39
24.152	-1.028	-0.073	0.500	0.12	0.53	-0.39
24.160	-1.028	-0.075	0.500	0.11	0.53	-0.39
24.168	-1.027	-0.076	0.500	0.11	0.53	-0.39
24.176	-1.027	-0.078	0.500	0.11	0.53	-0.39
24.184	-1.027	-0.080	0.500	0.11	0.53	-0.39
24.192	-1.027	-0.081	0.500	0.11	0.53	-0.39
24.200	-1.026	-0.083	0.500	0.11	0.53	-0.39
24.208	-1.026	-0.085	0.500	0.10	0.53	-0.39
24.216	-1.026	-0.086	0.500	0.10	0.53	-0.39
24.224	-1.026	-0.088	0.500	0.10	0.53	-0.39
24.232	-1.025	-0.089	0.500	0.10	0.53	-0.39
24.240	-1.025	-0.091	0.500	0.10	0.53	-0.39
24.248	-1.025	-0.093	0.500	0.10	0.53	-0.39
24.256	-1.024	-0.094	0.500	0.09	0.53	-0.39
24.264	-1.024	-0.096	0.500	0.09	0.53	-0.39
24.272	-1.024	-0.098	0.500	0.09	0.53	-0.39
24.280	-1.023	-0.099	0.500	0.09	0.53	-0.39
24.288	-1.023	-0.101	0.500	0.09	0.53	-0.39
24.296	-1.023	-0.103	0.500	0.09	0.53	-0.39
24.304	-1.022	-0.104	0.500	0.08	0.53	-0.39
24.312	-1.022	-0.106	0.500	0.08	0.53	-0.39
24.320	-1.022	-0.107	0.500	0.08	0.53	-0.39
24.328	-1.021	-0.109	0.500	0.08	0.53	-0.39
24.336	-1.021	-0.111	0.500	0.08	0.54	-0.39
24.344	-1.020	-0.112	0.500	0.07	0.54	-0.39
24.352	-1.020	-0.114	0.500	0.07	0.54	-0.39
24.360	-1.020	-0.116	0.500	0.07	0.54	-0.39
24.368	-1.019	-0.117	0.500	0.07	0.54	-0.39
24.376	-1.019	-0.119	0.500	0.07	0.54	-0.39
24.384	-1.018	-0.120	0.500	0.07	0.54	-0.39
24.392	-1.018	-0.122	0.500	0.06	0.54	-0.39
24.400	-1.018	-0.124	0.500	0.06	0.54	-0.39
24.408	-1.017	-0.125	0.500	0.06	0.54	-0.39
24.416	-1.017	-0.127	0.500	0.06	0.54	-0.39
24.424	-1.016	-0.128	0.500	0.06	0.54	-0.39
24.432	-1.016	-0.130	0.500	0.05	0.54	-0.39
24.440	-1.015	-0.132	0.500	0.05	0.54	-0.39
24.448	-1.015	-0.133	0.500	0.05	0.54	-0.39
24.456	-1.015	-0.135	0.500	0.05	0.54	-0.39
24.464	-1.014	-0.136	0.500	0.05	0.54	-0.39
24.472	-1.014	-0.138	0.500	0.05	0.54	-0.39
24.480	-1.013	-0.140	0.500	0.04	0.54	-0.39
24.488	-1.013	-0.141	0.500	0.04	0.54	-0.39
24.496	-1.012	-0.143	0.500	0.04	0.54	-0.39
24.504	-1.012	-0.144	0.500	0.04	0.54	-0.39
24.512	-1.011	-0.146	0.500	0.04	0.54	-0.39
24.520	-1.011	-0.148	0.500	0.04	0.54	-0.39
24.528	-1.010	-0.149	0.500	0.03	0.54	-0.39
24.536	-1.010	-0.151	0.500	0.03	0.54	-0.39
24.544	-1.009	-0.152	0.500	0.03	0.54	-0.39
24.552	-1.009	-0.154	0.500	0.03	0.54	-0.39
24.560	-1.008	-0.156	0.500	0.03	0.54	-0.39
24.568	-1.008	-0.157	0.500	0.02	0.54	-0.39
24.576	-1.007	-0.159	0.500	0.02	0.54	-0.39
24.584	-1.007	-0.160	0.500	0.02	0.54	-0.39
24.592	-1.006	-0.162	0.500	0.02	0.54	-0.39
24.600	-1.005	-0.163	0.500	0.02	0.54	-0.39
24.608	-1.005	-0.165	0.500	0.02	0.54	-0.39
24.616	-1.004	-0.167	0.500	0.01	0.54	-0.39
24.624	-1.004	-0.168	0.500	0.01	0.54	-0.39
24.632	-1.003	-0.170	0.500	0.01	0.54	-0.39
24.640	-1.003	-0.171	0.500	0.01	0.54	-0.39
24.648	-1.002	-0.173	0.500	0.01	0.54	-0.39
24.656	-1.001	-0.174	0.500	0.00	0.54	-0.39
24.664	-1.001	-0.176	0.500	0.00	0.54	-0.39
24.672	-1.000	-0.178	0.500	0.00	0.54	-0.39
24.680	-1.000	-0.179	0.500	-0.00	0.54	-0.39
24.688	-0.999	-0.181	0.500	-0.00	0.54	-0.39
24.696	-0.998	-0.182	0.500	-0.00	0.54	-0.39
24.704	-0.998	-0.184	0.500	-0.01	0.54	-0.39
24.712	-0.997	-0.185	0.500	-0.01	0.54	-0.39
24.720	-0.997	-0.187	0.500	-0.01	0.54	-0.39
24.728	-0.996	-0.188	0.500	-0.01	0.54	-0.39
24.736	-0.995	-0.190	0.500	-0.01	0.54	-0.39
24.744	-0.995	-0.191	0.500	-0.01	0.54	-0.39
24.752	-0.994	-0.193	0.500	-0.02	0.54	-0.39
24.760	-0.993	-0.195	0.500	-0.02	0.54	-0.39
24.768	-0.993	-0.196	0.500	-0.02	0.54	-0.39
24.776	-0.992	-0.198	0.500	-0.02	0.54	-0.39
24.784	-0.991	-0.199	0.500	-0.02	0.54	-0.39
24.792	-0.991	-0.201	0.500	-0.03	0.54	-0.39
24.800	-0.990	-0.202	0.500	-0.03	0.54	-0.39
24.808	-0.989	-0.204	0.500	-0.03	0.54	-0.39
24.816	-0.989	-0.205	0.500	-0.03	0.54	-0.39
24.824	-0.988	-0.207	0.500	-0.03	0.54	-0.39
24.832	-0.987	-0.208	0.500	-0.03	0.54	-0.39
24.840	-0.987	-0.210	0.500	-0.04	0.54	-0.39
24.848	-0.986	-0.211	0.500	-0.04	0.54	-0.39
24.856	-0.985	-0.213	0.500	-0.04	0.54	-0.39
24.864	-0.984	-0.214	0.500	-0.04	0.54	-0.39
24.872	-0.984	-0.216	0.500	-0.04	0.54	-0.39
24.880	-0.983	-0.217	0.500	-0.05	0.54	-0.39
24.888	-0.982	-0.219	0.500	-0.05	0.54	-0.39
24.896	-0.982	-0.220	0.500	-0.05	0.54	-0.39
24.904	-0.981	-0.222	0.500	-0.05	0.54	-0.39
24.912	-0.980	-0.223	0.500	-0.05	0.54	-0.39
24.920	-0.979	-0.225	0.500	-0.05	0.54	-0.39
24.928	-0.979	-0.226	0.500	-0.06	0.54	-0.39
24.936	-0.978	-0.228	0.500	-0.06	0.54	-0.39
24.944	-0.977	-0.229	0.500	-0.06	0.54	-0.39
24.952	-0.976	-0.231	0.500	-0.06	0.54	-0.39
24.960	-0.975	-0.232	0.500	-0.06	0.54	-0.39
24.968	-0.975	-0.234	0.500	-0.07	0.54	-0.39
24.976	-0.974	-0.235	0.500	-0.07	0.54	-0.39
24.984	-0.973	-0.237	0.500	-0.07	0.54	-0.39
24.992	-0.972	-0.238	0.500	-0.07	0.54	-0.39
25.000	-0.971	-0.240	0.500	-0.07	0.54	-0.39
25.008	-0.971	-0.241	0.500	-0.07	0.54	-0.39
25.016	-0.970	-0.242	0.500	-0.08	0.54	-0.39
25.024	-0.969	-0.244	0.500	-0.08	0.54	-0.39
25.032	-0.968	-0.245	0.500	-0.08	0.54	-0.39
25.040	-0.967	-0.247	0.500	-0.08	0.54	-0.39
25.048	-0.967	-0.248	0.500	-0.08	0.54	-0.39
25.056	-0.966	-0.250	0.500	-0.08	0.53	-0.39
25.064	-0.965	-0.251	0.500	-0.09	0.53	-0.39
25.072	-0.964	-0.253	0.500	-0.09	0.53	-0.39
25.080	-0.963	-0.254	0.500	-0.09	0.53	-0.39
25.088	-0.962	-0.255	0.500	-0.09	0.53	-0.39
25.096	-0.962	-0.257	0.500	-0.09	0.53	-0.39
25.104	-0.961	-0.258	0.500	-0.10	0.53	-0.39
25.112	-0.960	-0.260	0.500	-0.10	0.53	-0.39
25.120	-0.959	-0.261	0.500	-0.10	0.53	-0.39
25.128	-0.958	-0.263	0.500	-0.10	0.53	-0.39
25.136	-0.957	-0.264	0.500	-0.10	0.53	-0.39
25.144	-0.956	-0.265	0.500	-0.10	0.53	-0.39
25.152	-0.955	-0.267	0.500	-0.11	0.53	-0.39
25.160	-0.954	-0.268	0.500	-0.11	0.53	-0.39
25.168	-0.954	-0.270	0.500	-0.11	0.53	-0.39
25.176	-0.953	-0.271	0.500	-0.11	0.53	-0.39
25.184	-0.952	-0.272	0.500	-0.11	0.53	-0.39
25.192	-0.951	-0.274	0.500	-0.11	0.53	-0.39
25.200	-0.950	-0.275	0.500	-0.12	0.53	-0.39
25.208	-0.949	-0.277	0.500	-0.12	0.53	-0.39
25.216	-0.948	-0.278	0.500	-0.12	0.53	-0.39
25.224	-0.947	-0.279	0.500	-0.12	0.53	-0.39
25.232	-0.946	-0.281	0.500	-0.12	0.53	-0.39
25.240	-0.945	-0.282	0.500	-0.13	0.53	-0.39
25.248	-0.944	-0.284	0.500	-0.13	0.53	-0.39
25.256	-0.943	-0.285	0.500	-0.13	0.53	-0.39
25.264	-0.942	-0.286	0.500	-0.13	0.53	-0.39
25.272	-0.941	-0.288	0.500	-0.13	0.53	-0.39
25.280	-0.940	-0.289	0.500	-0.13	0.52	-0.39
25.288	-0.940	-0.290	0.500	-0.14	0.52	-0.39
25.296	-0.939	-0.292	0.500	-0.14	0.52	-0.39
25.304	-0.938	-0.293	0.500	-0.14	0.52	-0.39
25.312	-0.937	-0.294	0.500	-0.14	0.52	-0.39
25.320	-0.936	-0.296	0.500	-0.14	0.52	-0.39
25.328	-0.935	-0.297	0.500	-0.14	0.52	-0.39
25.336	-0.934	-0.298	0.500	-0.15	0.52	-0.39
25.344	-0.933	-0.300	0.500	-0.15	0.52	-0.39
25.352	-0.932	-0.301	0.500	-0.15	0.52	-0.39
25.360	-0.931	-0.302	0.500	-0.15	0.52	-0.39
25.368	-0.930	-0.304	0.500	-0.15	0.52	-0.39
25.376	-0.929	-0.305	0.500	-0.15	0.52	-0.39
25.384	-0.928	-0.306	0.500	-0.16	0.52	-0.39
25.392	-0.927	-0.308	0.500	-0.16	0.52	-0.39
25.400	-0.925	-0.309	0.500	-0.16	0.52	-0.39
25.408	-0.924	-0.310	0.500	-0.16	0.52	-0.39
25.416	-0.923	-0.312	0.500	-0.16	0.52	-0.39
25.424	-0.922	-0.313	0.500	-0.16	0.52	-0.39
25.432	-0.921	-0.314	0.500	-0.17	0.52	-0.39
25.440	-0.920	-0.315	0.500	-0.17	0.52	-0.39
25.448	-0.919	-0.317	0.500	-0.17	0.51	-0.39
25.456	-0.918	-0.318	0.500	-0.17	0.51	-0.39
25.464	-0.917	-0.319	0.500	-0.17	0.51	-0.39
25.472	-0.916	-0.321	0.500	-0.18	0.51	-0.39
25.480	-0.915	-0.322	0.500	-0.18	0.51	-0.39
25.488	-0.914	-0.323	0.500	-0.18	0.51	-0.39
25.496	-0.913	-0.324	0.500	-0.18	0.51	-0.39
25.504	-0.912	-0.326	0.500	-0.18	0.51	-0.39
25.512	-0.911	-0.327	0.500	-0.18	0.51	-0.39
25.520	-0.909	-0.328	0.500	-0.19	0.51	-0.39
25.528	-0.908	-0.330	0.500	-0.19	0.51	-0.39
25.536	-0.907	-0.331	0.500	-0.19	0.51	-0.39
25.544	-0.906	-0.332	0.500	-0.19	0.51	-0.39
25.552	-0.905	-0.333	0.500	-0.19	0.51	-0.39
25.560	-0.904	-0.334	0.500	-0.19	0.51	-0.39
25.568	-0.903	-0.336	0.500	-0.20	0.51	-0.39
25.576	-0.902	-0.337	0.500	-0.20	0.50	-0.39
25.584	-0.901	-0.338	0.500	-0.20	0.50	-0.39
25.592	-0.899	-0.339	0.500	-0.20	0.50	-0.39
25.600	-0.898	-0.341	0.500	-0.20	0.50	-0.39
25.608	-0.897	-0.342	0.500	-0.20	0.50	-0.39
25.616	-0.896	-0.343	0.500	-0.21	0.50	-0.39
25.624	-0.895	-0.344	0.500	-0.21	0.50	-0.39
25.632	-0.894	-0.345	0.500	-0.21	0.50	-0.39
25.640	-0.893	-0.347	0.500	-0.21	0.50	-0.39
25.648	-0.891	-0.348	0.500	-0.21	0.50	-0.39
25.656	-0.890	-0.349	0.500	-0.21	0.50	-0.39
25.664	-0.889	-0.350	0.500	-0.22	0.50	-0.39
25.672	-0.888	-0.351	0.500	-0.22	0.50	-0.39
25.680	-0.887	-0.353	0.500	-0.22	0.50	-0.39
25.688	-0.886	-0.354	0.500	-0.22	0.50	-0.39
25.696	-0.884	-0.355	0.500	-0.22	0.49	-0.39
25.704	-0.883	-0.356	0.500	-0.22	0.49	-0.39
25.712	-0.882	-0.357	0.500	-0.23	0.49	-0.39
25.720	-0.881	-0.359	0.500	-0.23	0.49	-0.39
25.728	-0.880	-0.360	0.500	-0.23	0.49	-0.39
25.736	-0.878	-0.361	0.500	-0.23	0.49	-0.39
25.744	-0.877	-0.362	0.500	-0.23	0.49	-0.39
25.752	-0.876	-0.363	0.500	-0.23	0.49	-0.39
25.760	-0.875	-0.364	0.500	-0.24	0.49	-0.39
25.768	-0.874	-0.365	0.500	-0.24	0.49	-0.39
25.776	-0.872	-0.367	0.500	-0.24	0.49	-0.39
25.784	-0.871	-0.368	0.500	-0.24	0.49	-0.39
25.792	-0.870	-0.369	0.500	-0.24	0.49	-0.39
25.800	-0.869	-0.370	0.500	-0.24	0.48	-0.39
25.808	-0.867	-0.371	0.500	-0.24	0.48	-0.39
25.816	-0.866	-0.372	0.500	-0.25	0.48	-0.39
25.824	-0.865	-0.373	0.500	-0.25	0.48	-0.39
25.832	-0.864	-0.374	0.500	-0.25	0.48	-0.39
25.840	-0.862	-0.375	0.500	-0.25	0.48	-0.39
25.848	-0.861	-0.377	0.500	-0.25	0.48	-0.39
25.856	-0.860	-0.378	0.500	-0.25	0.48	-0.39
25.864	-0.859	-0.379	0.500	-0.26	0.48	-0.39
25.872	-0.857	-0.380	0.500	-0.26	0.48	-0.39
25.880	-0.856	-0.381	0.500	-0.26	0.48	-0.39
25.888	-0.855	-0.382	0.500	-0.26	0.48	-0.39
25.896	-0.854	-0.383	0.500	-0.26	0.47	-0.39
25.904	-0.852	-0.384	0.500	-0.26	0.47	-0.39
25.912	-0.851	-0.385	0.500	-0.27	0.47	-0.39
25.920	-0.850	-0.386	0.500	-0.27	0.47	-0.39
25.928	-0.848	-0.387	0.500	-0.27	0.47	-0.39
25.936	-0.847	-0.388	0.500	-0.27	0.47	-0.39
25.944	-0.846	-0.389	0.500	-0.27	0.47	-0.39
25.952	-0.844	-0.390	0.500	-0.27	0.47	-0.39
25.960	-0.843	-0.392	0.500	-0.27	0.47	-0.39
25.968	-0.842	-0.393	0.500	-0.28	0.47	-0.39
25.976	-0.841	-0.394	0.500	-0.28	0.47	-0.39
25.984	-0.839	-0.395	0.500	-0.28	0.46	-0.39
25.992	-0.838	-0.396	0.500	-0.28	0.46	-0.39
26.000	-0.837	-0.397	0.500	-0.28	0.46	-0.39
26.008	-0.835	-0.398	0.500	-0.28	0.46	-0.39
26.016	-0.834	-0.399	0.500	-0.29	0.46	-0.39
26.024	-0.833	-0.400	0.500	-0.29	0.46	-0.39
26.032	-0.831	-0.401	0.500	-0.29	0.46	-0.39
26.040	-0.830	-0.402	0.500	-0.29	0.46	-0.39
26.048	-0.829	-0.403	0.500	-0.29	0.46	-0.39
26.056	-0.827	-0.404	0.500	-0.29	0.46	-0.39
26.064	-0.826	-0.405	0.500	-0.29	0.45	-0.39
26.072	-0.825	-0.406	0.500	-0.30	0.45	-0.39
26.080	-0.823	-0.407	0.500	-0.30	0.45	-0.39
26.088	-0.822	-0.408	0.500	-0.30	0.45	-0.39
26.096	-0.820	-0.409	0.500	-0.30	0.45	-0.39
26.104	-0.819	-0.409	0.500	-0.30	0.45	-0.39
26.112	-0.818	-0.410	0.500	-0.30	0.45	-0.39
26.120	-0.816	-0.411	0.500	-0.31	0.45	-0.39
26.128	-0.815	-0.412	0.500	-0.31	0.45	-0.39
26.136	-0.814	-0.413	0.500	-0.31	0.45	-0.39
26.144	-0.812	-0.414	0.500	-0.31	0.44	-0.39
26.152	-0.811	-0.415	0.500	-0.31	0.44	-0.39
26.160	-0.809	-0.416	0.500	-0.31	0.44	-0.39
26.168	-0.808	-0.417	0.500	-0.31	0.44	-0.39
26.176	-0.807	-0.418	0.500	-0.32	0.44	-0.39
26.184	-0.805	-0.419	0.500	-0.32	0.44	-0.39
26.192	-0.804	-0.420	0.500	-0.32	0.44	-0.39
26.200	-0.802	-0.421	0.500	-0.32	0.44	-0.39
26.208	-0.801	-0.422	0.500	-0.32	0.44	-0.39
26.216	-0.800	-0.422	0.500	-0.32	0.44	-0.39
26.224	-0.798	-0.423	0.500	-0.32	0.43	-0.39
26.232	-0.797	-0.424	0.500	-0.33	0.43	-0.39
26.240	-0.795	-0.425	0.500	-0.33	0.43	-0.39
26.248	-0.794	-0.426	0.500	-0.33	0.43	-0.39
26.256	-0.793	-0.427	0.500	-0.33	0.43	-0.39
26.264	-0.791	-0.428	0.500	-0.33	0.43	-0.39
26.272	-0.790	-0.429	0.500	-0.33	0.43	-0.39
26.280	-0.788	-0.429	0.500	-0.33	0.43	-0.39
26.288	-0.787	-0.430	0.500	-0.34	0.43	-0.39
26.296	-0.785	-0.431	0.500	-0.34	0.42	-0.39
26.304	-0.784	-0.432	0.500	-0.34	0.42	-0.39
26.312	-0.783	-0.433	0.500	-0.34	0.42	-0.39
26.320	-0.781	-0.434	0.500	-0.34	0.42	-0.39
26.328	-0.780	-0.434	0.500	-0.34	0.42	-0.39
26.336	-0.778	-0.435	0.500	-0.34	0.42	-0.39
26.344	-0.777	-0.436	0.500	-0.35	0.42	-0.39
26.352	-0.775	-0.437	0.500	-0.35	0.42	-0.39
26.360	-0.774	-0.438	0.500	-0.35	0.42	-0.39
26.368	-0.772	-0.439	0.500	-0.35	0.41	-0.39
26.376	-0.771	-0.439	0.500	-0.35	0.41	-0.39
26.384	-0.769	-0.440	0.500	-0.35	0.41	-0.39
26.392	-0.768	-0.441	0.500	-0.35	0.41	-0.39
26.400	-0.766	-0.442	0.500	-0.36	0.41	-0.39
26.408	-0.765	-0.443	0.500	-0.36	0.41	-0.39
26.416	-0.764	-0.443	0.500	-0.36	0.41	-0.39
26.424	-0.762	-0.444	0.500	-0.36	0.41	-0.39
26.432	-0.761	-0.445	0.500	-0.36	0.40	-0.39
26.440	-0.759	-0.446	0.500	-0.36	0.40	-0.39
26.448	-0.758	-0.446	0.500	-0.36	0.40	-0.39
26.456	-0.756	-0.447	0.500	-0.36	0.40	-0.39
26.464	-0.755	-0.448	0.500	-0.37	0.40	-0.39
26.472	-0.753	-0.449	0.500	-0.37	0.40	-0.39
26.480	-0.752	-0.449	0.500	-0.37	0.40	-0.39
26.488	-0.750	-0.450	0.500	-0.37	0.40	-0.39
26.496	-0.749	-0.451	0.500	-0.37	0.39	-0.39
26.504	-0.747	-0.452	0.500	-0.37	0.39	-0.39
26.512	-0.746	-0.452	0.500	-0.37	0.39	-0.39
26.520	-0.744	-0.453	0.500	-0.38	0.39	-0.39
26.528	-0.743	-0.454	0.500	-0.38	0.39	-0.39
26.536	-0.741	-0.454	0.500	-0.38	0.39	-0.39
26.544	-0.740	-0.455	0.500	-0.38	0.39	-0.39
26.552	-0.738	-0.456	0.500	-0.38	0.39	-0.39
26.560	-0.736	-0.456	0.500	-0.38	0.38	-0.39
26.568	-0.735	-0.457	0.500	-0.38	0.38	-0.39
26.576	-0.733	-0.458	0.500	-0.38	0.38	-0.39
26.584	-0.732	-0.458	0.500	-0.39	0.38	-0.39
26.592	-0.730	-0.459	0.500	-0.39	0.38	-0.39
26.600	-0.729	-0.460	0.500	-0.39	0.38	-0.39
26.608	-0.727	-0.460	0.500	-0.39	0.38	-0.39
26.616	-0.726	-0.461	0.500	-0.39	0.38	-0.39
26.624	-0.724	-0.462	0.500	-0.39	0.37	-0.39
26.632	-0.723	-0.462	0.500	-0.39	0.37	-0.39
26.640	-0.721	-0.463	0.500	-0.39	0.37	-0.39
26.648	-0.720	-0.464	0.500	-0.40	0.37	-0.39
26.656	-0.718	-0.464	0.500	-0.40	0.37	-0.39
26.664	-0.717	-0.465	0.500	-0.40	0.37	-0.39
26.672	-0.715	-0.466	0.500	-0.40	0.37	-0.39
26.680	-0.713	-0.466	0.500	-0.40	0.37	-0.39
26.688	-0.712	-0.467	0.500	-0.40	0.36	-0.39
26.696	-0.710	-0.467	0.500	-0.40	0.36	-0.39
26.704	-0.709	-0.468	0.500	-0.40	0.36	-0.39
26.712	-0.707	-0.469	0.500	-0.41	0.36	-0.39
26.720	-0.706	-0.469	0.500	-0.41	0.36	-0.39
26.728	-0.704	-0.470	0.500	-0.41	0.36	-0.39
26.736	-0.702	-0.470	0.500	-0.41	0.36	-0.39
26.744	-0.701	-0.471	0.500	-0.41	0.35	-0.39
26.752	-0.699	-0.471	0.500	-0.41	0.35	-0.39
26.760	-0.698	-0.472	0.500	-0.41	0.35	-0.39
26.768	-0.696	-0.472	0.500	-0.41	0.35	-0.39
26.776	-0.695	-0.473	0.500	-0.41	0.35	-0.39
26.784	-0.693	-0.474	0.500	-0.42	0.35	-0.39
26.792	-0.691	-0.474	0.500	-0.42	0.35	-0.39
26.800	-0.690	-0.475	0.500	-0.42	0.34	-0.39
26.808	-0.688	-0.475	0.500	-0.42	0.34	-0.39
26.816	-0.687	-0.476	0.500	-0.42	0.34	-0.39
26.824	-0.685	-0.476	0.500	-0.42	0.34	-0.39
26.832	-0.684	-0.477	0.500	-0.42	0.34	-0.39
26.840	-0.682	-0.477	0.500	-0.42	0.34	-0.39
26.848	-0.680	-0.478	0.500	-0.42	0.34	-0.39
26.856	-0.679	-0.478	0.500	-0.43	0.33	-0.39
26.864	-0.677	-0.479	0.500	-0.43	0.33	-0.39
26.872	-0.676	-0.479	0.500	-0.43	0.33	-0.39
26.880	-0.674	-0.480	0.500	-0.43	0.33	-0.39
26.888	-0.672	-0.480	0.500	-0.43	0.33	-0.39
26.896	-0.671	-0.481	0.500	-0.43	0.33	-0.39
26.904	-0.669	-0.481	0.500	-0.43	0.33	-0.39
26.912	-0.668	-0.482	0.500	-0.43	0.32	-0.39
26.920	-0.666	-0.482	0.500	-0.43	0.32	-0.39
26.928	-0.664	-0.482	0.500	-0.44	0.32	-0.39
26.936	-0.663	-0.483	0.500	-0.44	0.32	-0.39
26.944	-0.661	-0.483	0.500	-0.44	0.32	-0.39
26.952	-0.659	-0.484	0.500	-0.44	0.32	-0.39
26.960	-0.658	-0.484	0.500	-0.44	0.32	-0.39
26.968	-0.656	-0.485	0.500	-0.44	0.31	-0.39
26.976	-0.655	-0.485	0.500	-0.44	0.31	-0.39
26.984	-0.653	-0.485	0.500	-0.44	0.31	-0.39
26.992	-0.651	-0.486	0.500	-0.44	0.31	-0.39
27.000	-0.650	-0.486	0.500	-0.45	0.31	-0.39
27.008	-0.648	-0.487	0.500	-0.45	0.31	-0.39
27.016	-0.647	-0.487	0.500	-0.45	0.31	-0.39
27.024	-0.645	-0.487	0.500	-0.45	0.30	-0.39
27.032	-0.643	-0.488	0.500	-0.45	0.30	-0.39
27.040	-0.642	-0.488	0.500	-0.45	0.30	-0.39
27.048	-0.640	-0.489	0.500	-0.45	0.30	-0.39
27.056	-0.638	-0.489	0.500	-0.45	0.30	-0.39
27.064	-0.637	-0.489	0.500	-0.45	0.30	-0.39
27.072	-0.635	-0.490	0.500	-0.45	0.30	-0.39
27.080	-0.634	-0.490	0.500	-0.46	0.29	-0.39
27.088	-0.632	-0.490	0.500	-0.46	0.29	-0.39
27.096	-0.630	-0.491	0.500	-0.46	0.29	-0.39
27.104	-0.629	-0.491	0.500	-0.46	0.29	-0.39
27.112	-0.627	-0.491	0.500	-0.46	0.29	-0.39
27.120	-0.625	-0.492	0.500	-0.46	0.29	-0.39
27.128	-0.624	-0.492	0.500	-0.46	0.28	-0.39
27.136	-0.622	-0.492	0.500	-0.46	0.28	-0.39
27.144	-0.620	-0.493	0.500	-0.46	0.28	-0.39
27.152	-0.619	-0.493	0.500	-0.46	0.28	-0.39
27.160	-0.617	-0.493	0.500	-0.46	0.28	-0.39
27.168	-0.615	-0.493	0.500	-0.47	0.28	-0.39
27.176	-0.614	-0.494	0.500	-0.47	0.28	-0.39
27.184	-0.612	-0.494	0.500	-0.47	0.27	-0.39
27.192	-0.611	-0.494	0.500	-0.47	0.27	-0.39
27.200	-0.609	-0.494	0.500	-0.47	0.27	-0.39
27.208	-0.607	-0.495	0.500	-0.47	0.27	-0.39
27.216	-0.606	-0.495	0.500	-0.47	0.27	-0.39
27.224	-0.604	-0.495	0.500	-0.47	0.27	-0.39
27.232	-0.602	-0.495	0.500	-0.47	0.26	-0.39
27.240	-0.601	-0.496	0.500	-0.47	0.26	-0.39
27.248	-0.599	-0.496	0.500	-0.47	0.26	-0.39
27.256	-0.597	-0.496	0.500	-0.48	0.26	-0.39
27.264	-0.596	-0.496	0.500	-0.48	0.26	-0.39
27.272	-0.594	-0.497	0.500	-0.48	0.26	-0.39
27.280	-0.592	-0.497	0.500	-0.48	0.25	-0.39
27.288	-0.591	-0.497	0.500	-0.48	0.25	-0.39
27.296	-0.589	-0.497	0.500	-0.48	0.25	-0.39
27.304	-0.587	-0.497	0.500	-0.48	0.25	-0.39
27.312	-0.586	-0.498	0.500	-0.48	0.25	-0.39
27.320	-0.584	-0.498	0.500	-0.48	0.25	-0.39
27.328	-0.582	-0.498	0.500	-0.48	0.25	-0.39
27.336	-0.581	-0.498	0.500	-0.48	0.24	-0.39
27.344	-0.579	-0.498	0.500	-0.48	0.24	-0.39
27.352	-0.577	-0.498	0.500	-0.49	0.24	-0.39
27.360	-0.576	-0.499	0.500	-0.49	0.24	-0.39
27.368	-0.574	-0.499	0.500	-0.49	0.24	-0.39
27.376	-0.572	-0.499	0.500	-0.49	0.24	-0.39
27.384	-0.571	-0.499	0.500	-0.49	0.23	-0.39
27.392	-0.569	-0.499	0.500	-0.49	0.23	-0.39
27.400	-0.567	-0.499	0.500	-0.49	0.23	-0.39
27.408	-0.566	-0.499	0.500	-0.49	0.23	-0.39
27.416	-0.564	-0.500	0.500	-0.49	0.23	-0.39
27.424	-0.562	-0.500	0.500	-0.49	0.23	-0.39
27.432	-0.561	-0.500	0.500	-0.49	0.22	-0.39
27.440	-0.559	-0.500	0.500	-0.49	0.22	-0.39
27.448	-0.557	-0.500	0.500	-0.49	0.22	-0.39
27.456	-0.556	-0.500	0.500	-0.50	0.22	-0.39
27.464	-0.554	-0.500	0.500	-0.50	0.22	-0.39
27.472	-0.552	-0.500	0.500	-0.50	0.22	-0.39
27.480	-0.551	-0.500	0.500	-0.50	0.21	-0.39
27.488	-0.549	-0.500	0.500	-0.50	0.21	-0.39
27.496	-0.547	-0.500	0.500	-0.50	0.21	-0.39
27.504	-0.546	-0.500	0.500	-0.50	0.21	-0.39
27.512	-0.544	-0.500	0.500	-0.50	0.21	-0.39
27.520	-0.542	-0.501	0.500	-0.50	0.21	-0.39
27.528	-0.541	-0.501	0.500	-0.50	0.20	-0.39
27.536	-0.539	-0.501	0.500	-0.50	0.20	-0.39
27.544	-0.537	-0.501	0.500	-0.50	0.20	-0.39
27.552	-0.536	-0.501	0.500	-0.50	0.20	-0.39
27.560	-0.534	-0.501	0.500	-0.50	0.20	-0.39
27.568	-0.532	-0.501	0.500	-0.50	0.20	-0.39
27.576	-0.531	-0.501	0.500	-0.51	0.19	-0.39
27.584	-0.529	-0.501	0.500	-0.51	0.19	-0.39
27.592	-0.527	-0.501	0.500	-0.51	0.19	-0.39
27.600	-0.526	-0.501	0.500	-0.51	0.19	-0.39
27.608	-0.524	-0.501	0.500	-0.51	0.19	-0.39
27.616	-0.522	-0.501	0.500	-0.51	0.19	-0.39
27.624	-0.521	-0.501	0.500	-0.51	0.18	-0.39
27.632	-0.519	-0.501	0.500	-0.51	0.18	-0.39
27.640	-0.517	-0.501	0.500	-0.51	0.18	-0.39
27.648	-0.516	-0.500	0.500	-0.51	0.18	-0.39
27.656	-0.514	-0.500	0.500	-0.51	0.18	-0.39
27.664	-0.512	-0.500	0.500	-0.51	0.18	-0.39
27.672	-0.511	-0.500	0.500	-0.51	0.17	-0.39
27.680	-0.509	-0.500	0.500	-0.51	0.17	-0.39
27.688	-0.507	-0.500	0.500	-0.51	0.17	-0.39
27.696	-0.506	-0.500	0.500	-0.51	0.17	-0.39
27.704	-0.504	-0.500	0.500	-0.51	0.17	-0.39
27.712	-0.502	-0.500	0.500	-0.52	0.17	-0.39
27.720	-0.501	-0.500	0.500	-0.52	0.16	-0.39
27.728	-0.499	-0.500	0.500	-0.52	0.16	-0.39
27.736	-0.497	-0.500	0.500	-0.52	0.16	-0.39
27.744	-0.496	-0.500	0.500	-0.52	0.16	-0.39
27.752	-0.494	-0.499	0.500	-0.52	0.16	-0.39
27.760	-0.492	-0.499	0.500	-0.52	0.15	-0.39
27.768	-0.491	-0.499	0.500	-0.52	0.15	-0.39
27.776	-0.489	-0.499	0.500	-0.52	0.15	-0.39
27.784	-0.487	-0.499	0.500	-0.52	0.15	-0.39
27.792	-0.486	-0.499	0.500	-0.52	0.15	-0.39
27.800	-0.484	-0.499	0.500	-0.52	0.15	-0.39
27.808	-0.482	-0.498	0.500	-0.52	0.14	-0.39
27.816	-0.481	-0.498	0.500	-0.52	0.14	-0.39
27.824	-0.479	-0.498	0.500	-0.52	0.14	-0.39
27.832	-0.477	-0.498	0.500	-0.52	0.14	-0.39
27.840	-0.476	-0.498	0.500	-0.52	0.14	-0.39
27.848	-0.474	-0.498	0.500	-0.52	0.14	-0.39
27.856	-0.473	-0.497	0.500	-0.52	0.13	-0.39
27.864	-0.471	-0.497	0.500	-0.52	0.13	-0.39
27.872	-0.469	-0.497	0.500	-0.53	0.13	-0.39
27.880	-0.468	-0.497	0.500	-0.53	0.13	-0.39
27.888	-0.466	-0.497	0.500	-0.53	0.13	-0.39
27.896	-0.464	-0.496	0.500	-0.53	0.12	-0.39
27.904	-0.463	-0.496	0.500	-0.53	0.12	-0.39
27.912	-0.461	-0.496	0.500	-0.53	0.12	-0.39
27.920	-0.459	-0.496	0.500	-0.53	0.12	-0.39
27.928	-0.458	-0.495	0.500	-0.53	0.12	-0.39
27.936	-0.456	-0.495	0.500	-0.53	0.12	-0.39
27.944	-0.454	-0.495	0.500	-0.53	0.11	-0.39
27.952	-0.453	-0.495	0.500	-0.53	0.11	-0.39
27.960	-0.451	-0.494	0.500	-0.53	0.11	-0.39
27.968	-0.449	-0.494	0.500	-0.53	0.11	-0.39
27.976	-0.448	-0.494	0.500	-0.53	0.11	-0.39
27.984	-0.446	-0.494	0.500	-0.53	0.11	-0.39
27.992	-0.444	-0.493	0.500	-0.53	0.10	-0.39
28.000	-0.443	-0.493	0.500	-0.53	0.10	-0.39
28.008	-0.441	-0.493	0.500	-0.53	0.10	-0.39
28.016	-0.440	-0.492	0.500	-0.53	0.10	-0.39
28.024	-0.438	-0.492	0.500	-0.53	0.10	-0.39
28.032	-0.436	-0.492	0.500	-0.53	0.09	-0.39
28.040	-0.435	-0.492	0.500	-0.53	0.09	-0.39
28.048	-0.433	-0.491	0.500	-0.53	0.09	-0.39
28.056	-0.431	-0.491	0.500	-0.53	0.09	-0.39
28.064	-0.430	-0.491	0.500	-0.53	0.09	-0.39
28.072	-0.428	-0.490	0.500	-0.53	0.09	-0.39
28.080	-0.426	-0.490	0.500	-0.53	0.08	-0.39
28.088	-0.425	-0.490	0.500	-0.53	0.08	-0.39
28.096	-0.423	-0.489	0.500	-0.53	0.08	-0.39
28.104	-0.422	-0.489	0.500	-0.54	0.08	-0.39
28.112	-0.420	-0.488	0.500	-0.54	0.08	-0.39
28.120	-0.418	-0.488	0.500	-0.54	0.08	-0.39
28.128	-0.417	-0.488	0.500	-0.54	0.07	-0.39
28.136	-0.415	-0.487	0.500	-0.54	0.07	-0.39
28.144	-0.413	-0.487	0.500	-0.54	0.07	-0.39
28.152	-0.412	-0.487	0.500	-0.54	0.07	-0.39
28.160	-0.410	-0.486	0.500	-0.54	0.07	-0.39
28.168	-0.409	-0.486	0.500	-0.54	0.06	-0.39
28.176	-0.407	-0.485	0.500	-0.54	0.06	-0.39
28.184	-0.405	-0.485	0.500	-0.54	0.06	-0.39
28.192	-0.404	-0.485	0.500	-0.54	0.06	-0.39
28.200	-0.402	-0.484	0.500	-0.54	0.06	-0.39
28.208	-0.400	-0.484	0.500	-0.54	0.06	-0.39
28.216	-0.399	-0.483	0.500	-0.54	0.05	-0.39
28.224	-0.397	-0.483	0.500	-0.54	0.05	-0.39
28.232	-0.396	-0.482	0.500	-0.54	0.05	-0.39
28.240	-0.394	-0.482	0.500	-0.54	0.05	-0.39
28.248	-0.392	-0.482	0.500	-0.54	0.05	-0.39
28.256	-0.391	-0.481	0.500	-0.54	0.04	-0.39
28.264	-0.389	-0.481	0.500	-0.54	0.04	-0.39
28.272	-0.388	-0.480	0.500	-0.54	0.04	-0.39
28.280	-0.386	-0.480	0.500	-0.54	0.04	-0.39
28.288	-0.384	-0.479	0.500	-0.54	0.04	-0.39
28.296	-0.383	-0.479	0.500	-0.54	0.04	-0.39
28.304	-0.381	-0.478	0.500	-0.54	0.03	-0.39
28.312	-0.380	-0.478	0.500	-0.54	0.03	-0.39
28.320	-0.378	-0.477	0.500	-0.54	0.03	-0.39
28.328	-0.376	-0.477	0.500	-0.54	0.03	-0.39
28.336	-0.375	-0.476	0.500	-0.54	0.03	-0.39
28.344	-0.373	-0.476	0.500	-0.54	0.02	-0.39
28.352	-0.372	-0.475	0.500	-0.54	0.02	-0.39
28.360	-0.370	-0.475	0.500	-0.54	0.02	-0.39
28.368	-0.369	-0.474	0.500	-0.54	0.02	-0.39
28.376	-0.367	-0.474	0.500	-0.54	0.02	-0.39
28.384	-0.365	-0.473	0.500	-0.54	0.02	-0.39
28.392	-0.364	-0.472	0.500	-0.54	0.01	-0.39
28.400	-0.362	-0.472	0.500	-0.54	0.01	-0.39
28.408	-0.361	-0.471	0.500	-0.54	0.01	-0.39
28.416	-0.359	-0.471	0.500	-0.54	0.01	-0.39
28.424	-0.358	-0.470	0.500	-0.54	0.01	-0.39
28.432	-0.356	-0.470	0.500	-0.54	0.00	-0.39
28.440	-0.354	-0.469	0.500	-0.54	0.00	-0.39
28.448	-0.353	-0.468	0.500	-0.54	0.00	-0.39
28.456	-0.351	-0.468	0.500	-0.54	-0.00	-0.39
28.464	-0.350	-0.467	0.500	-0.54	-0.00	-0.39
28.472	-0.348	-0.467	0.500	-0.54	-0.00	-0.39
28.480	-0.347	-0.466	0.500	-0.54	-0.01	-0.39
28.488	-0.345	-0.465	0.500	-0.54	-0.01	-0.39
28.496	-0.344	-0.465	0.500	-0.54	-0.01	-0.39
28.504	-0.342	-0.464	0.500	-0.54	-0.01	-0.39
28.512	-0.340	-0.464	0.500	-0.54	-0.01	-0.39
28.520	-0.339	-0.463	0.500	-0.54	-0.01	-0.39
28.528	-0.337	-0.462	0.500	-0.54	-0.02	-0.39
28.536	-0.336	-0.462	0.500	-0.54	-0.02	-0.39
28.544	-0.334	-0.461	0.500	-0.54	-0.02	-0.39
28.552	-0.333	-0.460	0.500	-0.54	-0.02	-0.39
28.560	-0.331	-0.460	0.500	-0.54	-0.02	-0.39
28.568	-0.330	-0.459	0.500	-0.54	-0.03	-0.39
28.576	-0.328	-0.458	0.500	-0.54	-0.03	-0.39
28.584	-0.327	-0.458	0.500	-0.54	-0.03	-0.39
28.592	-0.325	-0.457	0.500	-0.54	-0.03	-0.39
28.600	-0.324	-0.456	0.500	-0.54	-0.03	-0.39
28.608	-0.322	-0.456	0.500	-0.54	-0.03	-0.39
28.616	-0.321	-0.455	0.500	-0.54	-0.04	-0.39
28.624	-0.319	-0.454	0.500	-0.54	-0.04	-0.39
28.632	-0.318	-0.454	0.500	-0.54	-0.04	-0.39
28.640	-0.316	-0.453	0.500	-0.54	-0.04	-0.39
28.648	-0.315	-0.452	0.500	-0.54	-0.04	-0.39
28.656	-0.313	-0.452	0.500	-0.54	-0.05	-0.39
28.664	-0.312	-0.451	0.500	-0.54	-0.05	-0.39
28.672	-0.310	-0.450	0.500	-0.54	-0.05	-0.39
28.680	-0.309	-0.449	0.500	-0.54	-0.05	-0.39
28.688	-0.307	-0.449	0.500	-0.54	-0.05	-0.39
28.696	-0.306	-0.448	0.500	-0.54	-0.05	-0.39
28.704	-0.304	-0.447	0.500	-0.54	-0.06	-0.39
28.712	-0.303	-0.446	0.500	-0.54	-0.06	-0.39
28.720	-0.301	-0.446	0.500	-0.54	-0.06	-0.39
28.728	-0.300	-0.445	0.500	-0.54	-0.06	-0.39
28.736	-0.298	-0.444	0.500	-0.54	-0.06	-0.39
28.744	-0.297	-0.443	0.500	-0.54	-0.07	-0.39
28.752	-0.295	-0.443	0.500	-0.54	-0.07	-0.39
28.760	-0.294	-0.442	0.500	-0.54	-0.07	-0.39
28.768	-0.292	-0.441	0.500	-0.54	-0.07	-0.39
28.776	-0.291	-0.440	0.500	-0.54	-0.07	-0.39
28.784	-0.289	-0.439	0.500	-0.54	-0.07	-0.39
28.792	-0.288	-0.439	0.500	-0.53	-0.08	-0.39
28.800	-0.286	-0.438	0.500	-0.53	-0.08	-0.39
28.808	-0.285	-0.437	0.500	-0.53	-0.08	-0.39
28.816	-0.283	-0.436	0.500	-0.53	-0.08	-0.39
28.824	-0.282	-0.435	0.500	-0.53	-0.08	-0.39
28.832	-0.281	-0.435	0.500	-0.53	-0.09	-0.39
28.840	-0.279	-0.434	0.500	-0.53	-0.09	-0.39
28.848	-0.278	-0.433	0.500	-0.53	-0.09	-0.39
28.856	-0.276	-0.432	0.500	-0.53	-0.09	-0.39
28.864	-0.275	-0.431	0.500	-0.53	-0.09	-0.39
28.872	-0.273	-0.430	0.500	-0.53	-0.09	-0.39
28.880	-0.272	-0.429	0.500	-0.53	-0.10	-0.39
28.888	-0.271	-0.429	0.500	-0.53	-0.10	-0.39
28.896	-0.269	-0.428	0.500	-0.53	-0.10	-0.39
28.904	-0.268	-0.427	0.500	-0.53	-0.10	-0.39
28.912	-0.266	-0.426	0.500	-0.53	-0.10	-0.39
28.920	-0.265	-0.425	0.500	-0.53	-0.10	-0.39
28.928	-0.263	-0.424	0.500	-0.53	-0.11	-0.38
28.936	-0.262	-0.423	0.500	-0.53	-0.11	-0.38
28.944	-0.261	-0.422	0.500	-0.53	-0.11	-0.38
28.952	-0.259	-0.422	0.500	-0.53	-0.11	-0.38
28.960	-0.258	-0.421	0.500	-0.53	-0.11	-0.38
28.968	-0.256	-0.420	0.500	-0.53	-0.12	-0.38
28.976	-0.255	-0.419	0.500	-0.53	-0.12	-0.38
28.984	-0.254	-0.418	0.500	-0.53	-0.12	-0.38
28.992	-0.252	-0.417	0.500	-0.53	-0.12	-0.38
29.000	-0.251	-0.416	0.500	-0.53	-0.12	-0.38
29.008	-0.249	-0.415	0.500	-0.53	-0.12	-0.38
29.016	-0.248	-0.414	0.500	-0.53	-0.13	-0.38
29.024	-0.247	-0.413	0.500	-0.52	-0.13	-0.38
29.032	-0.245	-0.412	0.500	-0.52	-0.13	-0.38
29.040	-0.244	-0.411	0.500	-0.52	-0.13	-0.38
29.048	-0.243	-0.410	0.500	-0.52	-0.13	-0.38
29.056	-0.241	-0.410	0.500	-0.52	-0.13	-0.38
29.064	-0.240	-0.409	0.500	-0.52	-0.14	-0.38
29.072	-0.239	-0.408	0.500	-0.52	-0.14	-0.38
29.080	-0.237	-0.407	0.500	-0.52	-0.14	-0.38
29.088	-0.236	-0.406	0.500	-0.52	-0.14	-0.38
29.096	-0.234	-0.405	0.500	-0.52	-0.14	-0.38
29.104	-0.233	-0.404	0.500	-0.52	-0.14	-0.38
29.112	-0.232	-0.403	0.500	-0.52	-0.15	-0.38
29.120	-0.230	-0.402	0.500	-0.52	-0.15	-0.38
29.128	-0.229	-0.401	0.500	-0.52	-0.15	-0.38
29.136	-0.228	-0.400	0.500	-0.52	-0.15	-0.38
29.144	-0.226	-0.399	0.500	-0.52	-0.15	-0.38
29.152	-0.225	-0.398	0.500	-0.52	-0.16	-0.38
29.160	-0.224	-0.397	0.500	-0.52	-0.16	-0.38
29.168	-0.223	-0.396	0.500	-0.52	-0.16	-0.38
29.176	-0.221	-0.395	0.500	-0.52	-0.16	-0.38
29.184	-0.220	-0.394	0.500	-0.51	-0.16	-0.38
29.192	-0.219	-0.393	0.500	-0.51	-0.16	-0.38
29.200	-0.217	-0.392	0.500	-0.51	-0.17	-0.38
29.208	-0.216	-0.391	0.500	-0.51	-0.17	-0.38
29.216	-0.215	-0.390	0.500	-0.51	-0.17	-0.38
29.224	-0.213	-0.388	0.500	-0.51	-0.17	-0.38
29.232	-0.212	-0.387	0.500	-0.51	-0.17	-0.38
29.240	-0.211	-0.386	0.500	-0.51	-0.17	-0.38
29.248	-0.210	-0.385	0.500	-0.51	-0.18	-0.38
29.256	-0.208	-0.384	0.500	-0.51	-0.18	-0.38
29.264	-0.207	-0.383	0.500	-0.51	-0.18	-0.38
29.272	-0.206	-0.382	0.500	-0.51	-0.18	-0.38
29.280	-0.204	-0.381	0.500	-0.51	-0.18	-0.38
29.288	-0.203	-0.380	0.500	-0.51	-0.18	-0.38
29.296	-0.202	-0.379	0.500	-0.51	-0.19	-0.38
29.304	-0.201	-0.378	0.500	-0.51	-0.19	-0.38
29.312	-0.199	-0.377	0.500	-0.51	-0.19	-0.38
29.320	-0.198	-0.376	0.500	-0.50	-0.19	-0.38
29.328	-0.197	-0.375	0.500	-0.50	-0.19	-0.38
29.336	-0.196	-0.373	0.500	-0.50	-0.19	-0.38
29.344	-0.194	-0.372	0.500	-0.50	-0.20	-0.38
29.352	-0.193	-0.371	0.500	-0.50	-0.20	-0.38
29.360	-0.192	-0.370	0.500	-0.50	-0.20	-0.38
29.368	-0.191	-0.369	0.500	-0.50	-0.20	-0.38
29.376	-0.190	-0.368	0.500	-0.50	-0.20	-0.38
29.384	-0.188	-0.367	0.500	-0.50	-0.20	-0.38
29.392	-0.187	-0.366	0.500	-0.50	-0.21	-0.38
29.400	-0.186	-0.364	0.500	-0.50	-0.21	-0.38
29.408	-0.185	-0.363	0.500	-0.50	-0.21	-0.38
29.416	-0.183	-0.362	0.500	-0.50	-0.21	-0.38
29.424	-0.182	-0.361	0.500	-0.50	-0.21	-0.38
29.432	-0.181	-0.360	0.500	-0.50	-0.21	-0.38
29.440	-0.180	-0.359	0.500	-0.49	-0.22	-0.38
29.448	-0.179	-0.358	0.500	-0.49	-0.22	-0.38
29.456	-0.177	-0.356	0.500	-0.49	-0.22	-0.38
29.464	-0.176	-0.355	0.500	-0.49	-0.22	-0.38
29.472	-0.175	-0.354	0.500	-0.49	-0.22	-0.38
29.480	-0.174	-0.353	0.500	-0.49	-0.22	-0.38
29.488	-0.173	-0.352	0.500	-0.49	-0.23	-0.38
29.496	-0.172	-0.350	0.500	-0.49	-0.23	-0.38
29.504	-0.170	-0.349	0.500	-0.49	-0.23	-0.38
29.512	-0.169	-0.348	0.500	-0.49	-0.23	-0.38
29.520	-0.168	-0.347	0.500	-0.49	-0.23	-0.38
29.528	-0.167	-0.346	0.500	-0.49	-0.23	-0.38
29.536	-0.166	-0.344	0.500	-0.49	-0.24	-0.38
29.544	-0.165	-0.343	0.500	-0.48	-0.24	-0.38
29.552	-0.164	-0.342	0.500	-0.48	-0.24	-0.38
29.560	-0.162	-0.341	0.500	-0.48	-0.24	-0.38
29.568	-0.161	-0.340	0.500	-0.48	-0.24	-0.38
29.576	-0.160	-0.338	0.500	-0.48	-0.24	-0.38
29.584	-0.159	-0.337	0.500	-0.48	-0.25	-0.38
29.592	-0.158	-0.336	0.500	-0.48	-0.25	-0.38
29.600	-0.157	-0.335	0.500	-0.48	-0.25	-0.38
29.608	-0.156	-0.333	0.500	-0.48	-0.25	-0.38
29.616	-0.155	-0.332	0.500	-0.48	-0.25	-0.38
29.624	-0.154	-0.331	0.500	-0.48	-0.25	-0.38
29.632	-0.152	-0.330	0.500	-0.48	-0.26	-0.38
29.640	-0.151	-0.329	0.500	-0.47	-0.26	-0.38
29.648	-0.150	-0.327	0.500	-0.47	-0.26	-0.38
29.656	-0.149	-0.326	0.500	-0.47	-0.26	-0.38
29.664	-0.148	-0.325	0.500	-0.47	-0.26	-0.38
29.672	-0.147	-0.323	0.500	-0.47	-0.26	-0.38
29.680	-0.146	-0.322	0.500	-0.47	-0.26	-0.38
29.688	-0.145	-0.321	0.500	-0.47	-0.27	-0.38
29.696	-0.144	-0.320	0.500	-0.47	-0.27	-0.38
29.704	-0.143	-0.318	0.500	-0.47	-0.27	-0.38
29.712	-0.142	-0.317	0.500	-0.47	-0.27	-0.38
29.720	-0.141	-0.316	0.500	-0.47	-0.27	-0.38
29.728	-0.140	-0.315	0.500	-0.46	-0.27	-0.38
29.736	-0.139	-0.313	0.500	-0.46	-0.28	-0.38
29.744	-0.138	-0.312	0.500	-0.46	-0.28	-0.38
29.752	-0.136	-0.311	0.500	-0.46	-0.28	-0.38
29.760	-0.135	-0.309	0.500	-0.46	-0.28	-0.38
29.768	-0.134	-0.308	0.500	-0.46	-0.28	-0.38
29.776	-0.133	-0.307	0.500	-0.46	-0.28	-0.38
29.784	-0.132	-0.305	0.500	-0.46	-0.28	-0.38
29.792	-0.131	-0.304	0.500	-0.46	-0.29	-0.38
29.800	-0.130	-0.303	0.500	-0.46	-0.29	-0.38
29.808	-0.129	-0.301	0.500	-0.46	-0.29	-0.38
29.816	-0.128	-0.300	0.500	-0.45	-0.29	-0.38
29.824	-0.127	-0.299	0.500	-0.45	-0.29	-0.38
29.832	-0.126	-0.297	0.500	-0.45	-0.29	-0.38
29.840	-0.125	-0.296	0.500	-0.45	-0.30	-0.38
29.848	-0.124	-0.295	0.500	-0.45	-0.30	-0.38
29.856	-0.123	-0.293	0.500	-0.45	-0.30	-0.38
29.864	-0.122	-0.292	0.500	-0.45	-0.30	-0.38
29.872	-0.122	-0.291	0.500	-0.45	-0.30	-0.38
29.880	-0.121	-0.289	0.500	-0.45	-0.30	-0.38
29.888	-0.120	-0.288	0.500	-0.45	-0.30	-0.38
29.896	-0.119	-0.287	0.500	-0.44	-0.31	-0.38
29.904	-0.118	-0.285	0.500	-0.44	-0.31	-0.38
29.912	-0.117	-0.284	0.500	-0.44	-0.31	-0.38
29.920	-0.116	-0.283	0.500	-0.44	-0.31	-0.38
29.928	-0.115	-0.281	0.500	-0.44	-0.31	-0.38
29.936	-0.114	-0.280	0.500	-0.44	-0.31	-0.38
29.944	-0.113	-0.278	0.500	-0.44	-0.31	-0.38
29.952	-0.112	-0.277	0.500	-0.44	-0.32	-0.38
29.960	-0.111	-0.276	0.500	-0.44	-0.32	-0.38
29.968	-0.110	-0.274	0.500	-0.43	-0.32	-0.38
29.976	-0.109	-0.273	0.500	-0.43	-0.32	-0.38
29.984	-0.108	-0.272	0.500	-0.43	-0.32	-0.38
29.992	-0.108	-0.270	0.500	-0.43	-0.32	-0.38
30.000	-0.107	-0.269	0.500	-0.43	-0.33	-0.38
30.008	-0.106	-0.267	0.500	-0.43	-0.33	-0.38
30.016	-0.105	-0.266	0.500	-0.43	-0.33	-0.38
30.024	-0.104	-0.265	0.500	-0.43	-0.33	-0.38
30.032	-0.103	-0.263	0.500	-0.43	-0.33	-0.38
30.040	-0.102	-0.262	0.500	-0.42	-0.33	-0.38
30.048	-0.101	-0.260	0.500	-0.42	-0.33	-0.38
30.056	-0.101	-0.259	0.500	-0.42	-0.34	-0.38
30.064	-0.100	-0.257	0.500	-0.42	-0.34	-0.38
30.072	-0.099	-0.256	0.500	-0.42	-0.34	-0.38
30.080	-0.098	-0.255	0.500	-0.42	-0.34	-0.38
30.088	-0.097	-0.253	0.500	-0.42	-0.34	-0.38
30.096	-0.096	-0.252	0.500	-0.42	-0.34	-0.38
30.104	-0.096	-0.250	0.500	-0.42	-0.34	-0.38
30.112	-0.095	-0.249	0.500	-0.41	-0.34	-0.38
30.120	-0.094	-0.247	0.500	-0.41	-0.35	-0.38
30.128	-0.093	-0.246	0.500	-0.41	-0.35	-0.38
30.136	-0.092	-0.245	0.500	-0.41	-0.35	-0.38
30.144	-0.091	-0.243	0.500	-0.41	-0.35	-0.38
30.152	-0.091	-0.242	0.500	-0.41	-0.35	-0.38
30.160	-0.090	-0.240	0.500	-0.41	-0.35	-0.38
30.168	-0.089	-0.239	0.500	-0.41	-0.35	-0.38
30.176	-0.088	-0.237	0.500	-0.40	-0.36	-0.38
30.184	-0.087	-0.236	0.500	-0.40	-0.36	-0.38
30.192	-0.087	-0.234	0.500	-0.40	-0.36	-0.38
30.200	-0.086	-0.233	0.500	-0.40	-0.36	-0.38
30.208	-0.085	-0.231	0.500	-0.40	-0.36	-0.38
30.216	-0.084	-0.230	0.500	-0.40	-0.36	-0.38
30.224	-0.084	-0.228	0.500	-0.40	-0.36	-0.38
30.232	-0.083	-0.227	0.500	-0.40	-0.37	-0.38
30.240	-0.082	-0.225	0.500	-0.40	-0.37	-0.38
30.248	-0.081	-0.224	0.500	-0.39	-0.37	-0.38
30.256	-0.081	-0.223	0.500	-0.39	-0.37	-0.38
30.264	-0.080	-0.221	0.500	-0.39	-0.37	-0.38
30.272	-0.079	-0.220	0.500	-0.39	-0.37	-0.38
30.280	-0.078	-0.218	0.500	-0.39	-0.37	-0.38
30.288	-0.078	-0.217	0.500	-0.39	-0.37	-0.38
30.296	-0.077	-0.215	0.500	-0.39	-0.38	-0.38
30.304	-0.076	-0.214	0.500	-0.39	-0.38	-0.38
30.312	-0.076	-0.212	0.500	-0.38	-0.38	-0.38
30.320	-0.075	-0.211	0.500	-0.38	-0.38	-0.38
30.328	-0.074	-0.209	0.500	-0.38	-0.38	-0.38
30.336	-0.074	-0.208	0.500	-0.38	-0.38	-0.38
30.344	-0.073	-0.206	0.500	-0.38	-0.38	-0.38
30.352	-0.072	-0.205	0.500	-0.38	-0.38	-0.38
30.360	-0.072	-0.203	0.500	-0.38	-0.39	-0.38
30.368	-0.071	-0.202	0.500	-0.37	-0.39	-0.38
30.376	-0.070	-0.200	0.500	-0.37	-0.39	-0.38
30.384	-0.070	-0.198	0.500	-0.37	-0.39	-0.38
30.392	-0.069	-0.197	0.500	-0.37	-0.39	-0.38
30.400	-0.068	-0.195	0.500	-0.37	-0.39	-0.38
30.408	-0.068	-0.194	0.500	-0.37	-0.39	-0.38
30.416	-0.067	-0.192	0.500	-0.37	-0.39	-0.38
30.424	-0.066	-0.191	0.500	-0.37	-0.40	-0.38
30.432	-0.066	-0.189	0.500	-0.36	-0.40	-0.38
30.440	-0.065	-0.188	0.500	-0.36	-0.40	-0.38
30.448	-0.064	-0.186	0.500	-0.36	-0.40	-0.38
30.456	-0.064	-0.185	0.500	-0.36	-0.40	-0.38
30.464	-0.063	-0.183	0.500	-0.36	-0.40	-0.38
30.472	-0.063	-0.182	0.500	-0.36	-0.40	-0.38
30.480	-0.062	-0.180	0.500	-0.36	-0.40	-0.38
30.488	-0.061	-0.179	0.500	-0.35	-0.41	-0.38
30.496	-0.061	-0.177	0.500	-0.35	-0.41	-0.38
30.504	-0.060	-0.175	0.500	-0.35	-0.41	-0.38
30.512	-0.060	-0.174	0.500	-0.35	-0.41	-0.38
30.520	-0.059	-0.172	0.500	-0.35	-0.41	-0.38
30.528	-0.059	-0.171	0.500	-0.35	-0.41	-0.38
30.536	-0.058	-0.169	0.500	-0.35	-0.41	-0.38
30.544	-0.057	-0.168	0.500	-0.35	-0.41	-0.38
30.552	-0.057	-0.166	0.500	-0.34	-0.41	-0.38
30.560	-0.056	-0.165	0.500	-0.34	-0.42	-0.38
30.568	-0.056	-0.163	0.500	-0.34	-0.42	-0.38
30.576	-0.055	-0.161	0.500	-0.34	-0.42	-0.38
30.584	-0.055	-0.160	0.500	-0.34	-0.42	-0.38
30.592	-0.054	-0.158	0.500	-0.34	-0.42	-0.38
30.600	-0.054	-0.157	0.500	-0.34	-0.42	-0.38
30.608	-0.053	-0.155	0.500	-0.33	-0.42	-0.38
30.616	-0.053	-0.154	0.500	-0.33	-0.42	-0.38
30.624	-0.052	-0.152	0.500	-0.33	-0.43	-0.38
30.632	-0.052	-0.150	0.500	-0.33	-0.43	-0.38
30.640	-0.051	-0.149	0.500	-0.33	-0.43	-0.38
30.648	-0.051	-0.147	0.500	-0.33	-0.43	-0.38
30.656	-0.050	-0.146	0.500	-0.33	-0.43	-0.38
30.664	-0.050	-0.144	0.500	-0.32	-0.43	-0.38
30.672	-0.049	-0.142	0.500	-0.32	-0.43	-0.38
30.680	-0.049	-0.141	0.500	-0.32	-0.43	-0.38
30.688	-0.048	-0.139	0.500	-0.32	-0.43	-0.38
30.696	-0.048	-0.138	0.500	-0.32	-0.43	-0.38
30.704	-0.048	-0.136	0.500	-0.32	-0.44	-0.38
30.712	-0.047	-0.135	0.500	-0.32	-0.44	-0.38
30.720	-0.047	-0.133	0.500	-0.31	-0.44	-0.38
30.728	-0.046	-0.131	0.500	-0.31	-0.44	-0.38
30.736	-0.046	-0.130	0.500	-0.31	-0.44	-0.38
30.744	-0.045	-0.128	0.500	-0.31	-0.44	-0.38
30.752	-0.045	-0.127	0.500	-0.31	-0.44	-0.38
30.760	-0.045	-0.125	0.500	-0.31	-0.44	-0.38
30.768	-0.044	-0.123	0.500	-0.30	-0.44	-0.38
30.776	-0.044	-0.122	0.500	-0.30	-0.45	-0.38
30.784	-0.043	-0.120	0.500	-0.30	-0.45	-0.38
30.792	-0.043	-0.118	0.500	-0.30	-0.45	-0.38
30.800	-0.043	-0.117	0.500	-0.30	-0.45	-0.38
30.808	-0.042	-0.115	0.500	-0.30	-0.45	-0.38
30.816	-0.042	-0.114	0.500	-0.30	-0.45	-0.38
30.824	-0.041	-0.112	0.500	-0.29	-0.45	-0.38
30.832	-0.041	-0.110	0.500	-0.29	-0.45	-0.38
30.840	-0.041	-0.109	0.500	-0.29	-0.45	-0.38
30.848	-0.040	-0.107	0.500	-0.29	-0.45	-0.38
30.856	-0.040	-0.106	0.500	-0.29	-0.46	-0.38
30.864	-0.040	-0.104	0.500	-0.29	-0.46	-0.38
30.872	-0.039	-0.102	0.500	-0.29	-0.46	-0.38
30.880	-0.039	-0.101	0.500	-0.28	-0.46	-0.38
30.888	-0.039	-0.099	0.500	-0.28	-0.46	-0.38
30.896	-0.038	-0.098	0.500	-0.28	-0.46	-0.38
30.904	-0.038	-0.096	0.500	-0.28	-0.46	-0.38
30.912	-0.038	-0.094	0.500	-0.28	-0.46	-0.38
30.920	-0.037	-0.093	0.500	-0.28	-0.46	-0.38
30.928	-0.037	-0.091	0.500	-0.27	-0.46	-0.38
30.936	-0.037	-0.089	0.500	-0.27	-0.46	-0.38
30.944	-0.037	-0.088	0.500	-0.27	-0.47	-0.38
30.952	-0.036	-0.086	0.500	-0.27	-0.47	-0.38
30.960	-0.036	-0.084	0.500	-0.27	-0.47	-0.38
30.968	-0.036	-0.083	0.500	-0.27	-0.47	-0.38
30.976	-0.035	-0.081	0.500	-0.27	-0.47	-0.38
30.984	-0.035	-0.080	0.500	-0.26	-0.47	-0.38
30.992	-0.035	-0.078	0.500	-0.26	-0.47	-0.38
31.000	-0.035	-0.076	0.500	-0.26	-0.47	-0.38
31.008	-0.034	-0.075	0.500	-0.26	-0.47	-0.38
31.016	-0.034	-0.073	0.500	-0.26	-0.47	-0.38
31.024	-0.034	-0.071	0.500	-0.26	-0.47	-0.38
31.032	-0.034	-0.070	0.500	-0.25	-0.48	-0.38
31.040	-0.034	-0.068	0.500	-0.25	-0.48	-0.38
31.048	-0.033	-0.067	0.500	-0.25	-0.48	-0.38
31.056	-0.033	-0.065	0.500	-0.25	-0.48	-0.38
31.064	-0.033	-0.063	0.500	-0.25	-0.48	-0.38
31.072	-0.033	-0.062	0.500	-0.25	-0.48	-0.38
31.080	-0.033	-0.060	0.500	-0.24	-0.48	-0.38
31.088	-0.032	-0.058	0.500	-0.24	-0.48	-0.38
31.096	-0.032	-0.057	0.500	-0.24	-0.48	-0.38
31.104	-0.032	-0.055	0.500	-0.24	-0.48	-0.38
31.112	-0.032	-0.053	0.500	-0.24	-0.48	-0.38
31.120	-0.032	-0.052	0.500	-0.24	-0.48	-0.38
31.128	-0.032	-0.050	0.500	-0.23	-0.48	-0.38
31.136	-0.031	-0.048	0.500	-0.23	-0.49	-0.38
31.144	-0.031	-0.047	0.500	-0.23	-0.49	-0.38
31.152	-0.031	-0.045	0.500	-0.23	-0.49	-0.38
31.160	-0.031	-0.044	0.500	-0.23	-0.49	-0.38
31.168	-0.031	-0.042	0.500	-0.23	-0.49	-0.38
31.176	-0.031	-0.040	0.500	-0.22	-0.49	-0.38
31.184	-0.031	-0.039	0.500	-0.22	-0.49	-0.38
31.192	-0.030	-0.037	0.500	-0.22	-0.49	-0.38
31.200	-0.030	-0.035	0.500	-0.22	-0.49	-0.38
31.208	-0.030	-0.034	0.500	-0.22	-0.49	-0.38
31.216	-0.030	-0.032	0.500	-0.22	-0.49	-0.38
31.224	-0.030	-0.030	0.500	-0.21	-0.49	-0.38
31.232	-0.030	-0.029	0.500	-0.21	-0.49	-0.38
31.240	-0.030	-0.027	0.500	-0.21	-0.50	-0.38
31.248	-0.030	-0.025	0.500	-0.21	-0.50	-0.38
31.256	-0.030	-0.024	0.500	-0.21	-0.50	-0.38
31.264	-0.030	-0.022	0.500	-0.21	-0.50	-0.38
31.272	-0.030	-0.020	0.500	-0.20	-0.50	-0.38
31.280	-0.030	-0.019	0.500	-0.20	-0.50	-0.38
31.288	-0.029	-0.017	0.500	-0.20	-0.50	-0.38
31.296	-0.029	-0.016	0.500	-0.20	-0.50	-0.38
31.304	-0.029	-0.014	0.500	-0.20	-0.50	-0.38
31.312	-0.029	-0.012	0.500	-0.20	-0.50	-0.38
31.320	-0.029	-0.011	0.500	-0.19	-0.50	-0.38
31.328	-0.029	-0.009	0.500	-0.19	-0.50	-0.38
31.336	-0.029	-0.007	0.500	-0.19	-0.50	-0.38
31.344	-0.029	-0.006	0.500	-0.19	-0.50	-0.38
31.352	-0.029	-0.004	0.500	-0.19	-0.50	-0.38
31.360	-0.029	-0.002	0.500	-0.19	-0.51	-0.38
31.368	-0.029	-0.001	0.500	-0.18	-0.51	-0.38
31.376	-0.029	0.001	0.500	-0.18	-0.51	-0.38
31.384	-0.029	0.003	0.500	-0.18	-0.51	-0.38
31.392	-0.029	0.004	0.500	-0.18	-0.51	-0.38
31.400	-0.029	0.006	0.500	-0.18	-0.51	-0.38
31.408	-0.029	0.008	0.500	-0.18	-0.51	-0.38
31.416	-0.029	0.009	0.500	-0.17	-0.51	-0.38
31.424	-0.029	0.011	0.500	-0.17	-0.51	-0.38
31.432	-0.030	0.012	0.500	-0.17	-0.51	-0.38
31.440	-0.030	0.014	0.500	-0.17	-0.51	-0.38
31.448	-0.030	0.016	0.500	-0.17	-0.51	-0.38
31.456	-0.030	0.017	0.500	-0.17	-0.51	-0.38
31.464	-0.030	0.019	0.500	-0.16	-0.51	-0.38
31.472	-0.030	0.021	0.500	-0.16	-0.51	-0.38
31.480	-0.030	0.022	0.500	-0.16	-0.51	-0.38
31.488	-0.030	0.024	0.500	-0.16	-0.51	-0.38
31.496	-0.030	0.026	0.500	-0.16	-0.52	-0.38
31.504	-0.030	0.027	0.500	-0.16	-0.52	-0.38
31.512	-0.030	0.029	0.500	-0.15	-0.52	-0.38
31.520	-0.030	0.031	0.500	-0.15	-0.52	-0.38
31.528	-0.031	0.032	0.500	-0.15	-0.52	-0.38
31.536	-0.031	0.034	0.500	-0.15	-0.52	-0.38
31.544	-0.031	0.036	0.500	-0.15	-0.52	-0.38
31.552	-0.031	0.037	0.500	-0.15	-0.52	-0.38
31.560	-0.031	0.039	0.500	-0.14	-0.52	-0.38
31.568	-0.031	0.040	0.500	-0.14	-0.52	-0.38
31.576	-0.031	0.042	0.500	-0.14	-0.52	-0.38
31.584	-0.031	0.044	0.500	-0.14	-0.52	-0.38
31.592	-0.032	0.045	0.500	-0.14	-0.52	-0.38
31.600	-0.032	0.047	0.500	-0.13	-0.52	-0.38
31.608	-0.032	0.049	0.500	-0.13	-0.52	-0.38
31.616	-0.032	0.050	0.500	-0.13	-0.52	-0.38
31.624	-0.032	0.052	0.500	-0.13	-0.52	-0.38
31.632	-0.033	0.054	0.500	-0.13	-0.52	-0.38
31.640	-0.033	0.055	0.500	-0.13	-0.52	-0.38
31.648	-0.033	0.057	0.500	-0.12	-0.52	-0.38
31.656	-0.033	0.058	0.500	-0.12	-0.52	-0.38
31.664	-0.033	0.060	0.500	-0.12	-0.52	-0.38
31.672	-0.034	0.062	0.500	-0.12	-0.53	-0.38
31.680	-0.034	0.063	0.500	-0.12	-0.53	-0.38
31.688	-0.034	0.065	0.500	-0.12	-0.53	-0.38
31.696	-0.034	0.067	0.500	-0.11	-0.53	-0.38
31.704	-0.034	0.068	0.500	-0.11	-0.53	-0.38
31.712	-0.035	0.070	0.500	-0.11	-0.53	-0.38
31.720	-0.035	0.072	0.500	-0.11	-0.53	-0.38
31.728	-0.035	0.073	0.500	-0.11	-0.53	-0.38
31.736	-0.035	0.075	0.500	-0.10	-0.53	-0.38
31.744	-0.036	0.076	0.500	-0.10	-0.53	-0.38
31.752	-0.036	0.078	0.500	-0.10	-0.53	-0.38
31.760	-0.036	0.080	0.500	-0.10	-0.53	-0.38
31.768	-0.037	0.081	0.500	-0.10	-0.53	-0.38
31.776	-0.037	0.083	0.500	-0.10	-0.53	-0.38
31.784	-0.037	0.085	0.500	-0.09	-0.53	-0.38
31.792	-0.037	0.086	0.500	-0.09	-0.53	-0.38
31.800	-0.038	0.088	0.500	-0.09	-0.53	-0.38
31.808	-0.038	0.089	0.500	-0.09	-0.53	-0.38
31.816	-0.038	0.091	0.500	-0.09	-0.53	-0.38
31.824	-0.039	0.093	0.500	-0.08	-0.53	-0.38
31.832	-0.039	0.094	0.500	-0.08	-0.53	-0.38
31.840	-0.039	0.096	0.500	-0.08	-0.53	-0.38
31.848	-0.040	0.097	0.500	-0.08	-0.53	-0.38
31.856	-0.040	0.099	0.500	-0.08	-0.53	-0.38
31.864	-0.040	0.101	0.500	-0.08	-0.53	-0.38
31.872	-0.041	0.102	0.500	-0.07	-0.53	-0.38
31.880	-0.041	0.104	0.500	-0.07	-0.53	-0.38
31.888	-0.041	0.105	0.500	-0.07	-0.53	-0.38
31.896	-0.042	0.107	0.500	-0.07	-0.53	-0.38
31.904	-0.042	0.109	0.500	-0.07	-0.53	-0.38
31.912	-0.043	0.110	0.500	-0.07	-0.53	-0.38
31.920	-0.043	0.112	0.500	-0.06	-0.53	-0.38
31.928	-0.043	0.113	0.500	-0.06	-0.53	-0.38
31.936	-0.044	0.115	0.500	-0.06	-0.53	-0.38
31.944	-0.044	0.117	0.500	-0.06	-0.54	-0.38
31.952	-0.044	0.118	0.500	-0.06	-0.54	-0.38
31.960	-0.045	0.120	0.500	-0.05	-0.54	-0.38
31.968	-0.045	0.121	0.500	-0.05	-0.54	-0.38
31.976	-0.046	0.123	0.500	-0.05	-0.54	-0.38
31.984	-0.046	0.125	0.500	-0.05	-0.54	-0.38
31.992	-0.047	0.126	0.500	-0.05	-0.54	-0.38
32.000	-0.047	0.128	0.500	-0.05	-0.54	-0.38
32.008	-0.047	0.129	0.500	-0.04	-0.54	-0.38
32.016	-0.048	0.131	0.500	-0.04	-0.54	-0.38
32.024	-0.048	0.133	0.500	-0.04	-0.54	-0.38
32.032	-0.049	0.134	0.500	-0.04	-0.54	-0.38
32.040	-0.049	0.136	0.500	-0.04	-0.54	-0.38
32.048	-0.050	0.137	0.500	-0.03	-0.54	-0.38
32.056	-0.050	0.139	0.500	-0.03	-0.54	-0.38
32.064	-0.051	0.140	0.500	-0.03	-0.54	-0.38
32.072	-0.051	0.142	0.500	-0.03	-0.54	-0.38
32.080	-0.052	0.144	0.500	-0.03	-0.54	-0.38
32.088	-0.052	0.145	0.500	-0.03	-0.54	-0.38
32.096	-0.053	0.147	0.500	-0.02	-0.54	-0.38
32.104	-0.053	0.148	0.500	-0.02	-0.54	-0.38
32.112	-0.054	0.150	0.500	-0.02	-0.54	-0.38
32.120	-0.054	0.151	0.500	-0.02	-0.54	-0.38
32.128	-0.055	0.153	0.500	-0.02	-0.54	-0.38
32.136	-0.055	0.155	0.500	-0.01	-0.54	-0.38
32.144	-0.056	0.156	0.500	-0.01	-0.54	-0.38
32.152	-0.056	0.158	0.500	-0.01	-0.54	-0.38
32.160	-0.057	0.159	0.500	-0.01	-0.54	-0.38
32.168	-0.057	0.161	0.500	-0.01	-0.54	-0.38
32.176	-0.058	0.162	0.500	-0.01	-0.54	-0.38
32.184	-0.058	0.164	0.500	-0.00	-0.54	-0.38
32.192	-0.059	0.165	0.500	-0.00	-0.54	-0.38
32.200	-0.060	0.167	0.500	-0.00	-0.54	-0.38
32.208	-0.060	0.168	0.500	0.00	-0.54	-0.38
32.216	-0.061	0.170	0.500	0.00	-0.54	-0.38
32.224	-0.061	0.172	0.500	0.01	-0.54	-0.38
32.232	-0.062	0.173	0.500	0.01	-0.54	-0.38
32.240	-0.063	0.175	0.500	0.01	-0.54	-0.38
32.248	-0.063	0.176	0.500	0.01	-0.54	-0.38
32.256	-0.064	0.178	0.500	0.01	-0.54	-0.38
32.264	-0.064	0.179	0.500	0.01	-0.54	-0.38
32.272	-0.065	0.181	0.500	0.02	-0.54	-0.38
32.280	-0.066	0.182	0.500	0.02	-0.54	-0.38
32.288	-0.066	0.184	0.500	0.02	-0.54	-0.38
32.296	-0.067	0.185	0.500	0.02	-0.54	-0.38
32.304	-0.067	0.187	0.500	0.02	-0.54	-0.38
32.312	-0.068	0.188	0.500	0.02	-0.54	-0.38
32.320	-0.069	0.190	0.500	0.03	-0.54	-0.38
32.328	-0.069	0.191	0.500	0.03	-0.54	-0.38
32.336	-0.070	0.193	0.500	0.03	-0.54	-0.38
32.344	-0.071	0.194	0.500	0.03	-0.54	-0.38
32.352	-0.071	0.196	0.500	0.03	-0.54	-0.38
32.360	-0.072	0.197	0.500	0.04	-0.54	-0.38
32.368	-0.073	0.199	0.500	0.04	-0.54	-0.38
32.376	-0.073	0.200	0.500	0.04	-0.54	-0.38
32.384	-0.074	0.202	0.500	0.04	-0.54	-0.38
32.392	-0.075	0.203	0.500	0.04	-0.54	-0.38
32.400	-0.075	0.205	0.500	0.04	-0.54	-0.38
32.408	-0.076	0.206	0.500	0.05	-0.54	-0.38
32.416	-0.077	0.208	0.500	0.05	-0.54	-0.38
32.424	-0.078	0.209	0.500	0.05	-0.54	-0.38
32.432	-0.078	0.211	0.500	0.05	-0.54	-0.38
32.440	-0.079	0.212	0.500	0.05	-0.54	-0.38
32.448	-0.080	0.214	0.500	0.06	-0.54	-0.38
32.456	-0.080	0.215	0.500	0.06	-0.54	-0.38
32.464	-0.081	0.217	0.500	0.06	-0.53	-0.38
32.472	-0.082	0.218	0.500	0.06	-0.53	-0.38
32.480	-0.083	0.220	0.500	0.06	-0.53	-0.38
32.488	-0.083	0.221	0.500	0.06	-0.53	-0.38
32.496	-0.084	0.222	0.500	0.07	-0.53	-0.38
32.504	-0.085	0.224	0.500	0.07	-0.53	-0.38
32.512	-0.086	0.225	0.500	0.07	-0.53	-0.38
32.520	-0.086	0.227	0.500	0.07	-0.53	-0.38
32.528	-0.087	0.228	0.500	0.07	-0.53	-0.38
32.536	-0.088	0.230	0.500	0.08	-0.53	-0.38
32.544	-0.089	0.231	0.500	0.08	-0.53	-0.38
32.552	-0.090	0.233	0.500	0.08	-0.53	-0.38
32.560	-0.090	0.234	0.500	0.08	-0.53	-0.38
32.568	-0.091	0.236	0.500	0.08	-0.53	-0.38
32.576	-0.092	0.237	0.500	0.08	-0.53	-0.38
32.584	-0.093	0.238	0.500	0.09	-0.53	-0.38
32.592	-0.094	0.240	0.500	0.09	-0.53	-0.38
32.600	-0.094	0.241	0.500	0.09	-0.53	-0.38
32.608	-0.095	0.243	0.500	0.09	-0.53	-0.38
32.616	-0.096	0.244	0.500	0.09	-0.53	-0.38
32.624	-0.097	0.245	0.500	0.09	-0.53	-0.38
32.632	-0.098	0.247	0.500	0.10	-0.53	-0.38
32.640	-0.099	0.248	0.500	0.10	-0.53	-0.38
32.648	-0.099	0.250	0.500	0.10	-0.53	-0.38
32.656	-0.100	0.251	0.500	0.10	-0.53	-0.38
32.664	-0.101	0.253	0.500	0.10	-0.53	-0.38
32.672	-0.102	0.254	0.500	0.11	-0.53	-0.38
32.680	-0.103	0.255	0.500	0.11	-0.53	-0.38
32.688	-0.104	0.257	0.500	0.11	-0.53	-0.38
32.696	-0.105	0.258	0.500	0.11	-0.53	-0.38
32.704	-0.105	0.259	0.500	0.11	-0.53	-0.38
32.712	-0.106	0.261	0.500	0.11	-0.53	-0.38
32.720	-0.107	0.262	0.500	0.12	-0.53	-0.38
32.728	-0.108	0.264	0.500	0.12	-0.53	-0.38
32.736	-0.109	0.265	0.500	0.12	-0.52	-0.38
32.744	-0.110	0.266	0.500	0.12	-0.52	-0.38
32.752	-0.111	0.268	0.500	0.12	-0.52	-0.38
32.760	-0.112	0.269	0.500	0.12	-0.52	-0.38
32.768	-0.113	0.270	0.500	0.13	-0.52	-0.38
32.776	-0.114	0.272	0.500	0.13	-0.52	-0.38
32.784	-0.114	0.273	0.500	0.13	-0.52	-0.38
32.792	-0.115	0.275	0.500	0.13	-0.52	-0.38
32.800	-0.116	0.276	0.500	0.13	-0.52	-0.38
32.808	-0.117	0.277	0.500	0.14	-0.52	-0.38
32.816	-0.118	0.279	0.500	0.14	-0.52	-0.38
32.824	-0.119	0.280	0.500	0.14	-0.52	-0.38
32.832	-0.120	0.281	0.500	0.14	-0.52	-0.38
32.840	-0.121	0.283	0.500	0.14	-0.52	-0.38
32.848	-0.122	0.284	0.500	0.14	-0.52	-0.38
32.856	-0.123	0.285	0.500	0.15	-0.52	-0.38
32.864	-0.124	0.287	0.500	0.15	-0.52	-0.38
32.872	-0.125	0.288	0.500	0.15	-0.52	-0.38
32.880	-0.126	0.289	0.500	0.15	-0.52	-0.38
32.888	-0.127	0.291	0.500	0.15	-0.52	-0.38
32.896	-0.128	0.292	0.500	0.15	-0.52	-0.38
32.904	-0.129	0.293	0.500	0.16	-0.52	-0.38
32.912	-0.130	0.294	0.500	0.16	-0.51	-0.38
32.920	-0.131	0.296	0.500	0.16	-0.51	-0.38
32.928	-0.132	0.297	0.500	0.16	-0.51	-0.38
32.936	-0.133	0.298	0.500	0.16	-0.51	-0.38
32.944	-0.134	0.300	0.500	0.16	-0.51	-0.38
32.952	-0.135	0.301	0.500	0.17	-0.51	-0.38
32.960	-0.136	0.302	0.500	0.17	-0.51	-0.38
32.968	-0.137	0.303	0.500	0.17	-0.51	-0.38
32.976	-0.138	0.305	0.500	0.17	-0.51	-0.38
32.984	-0.139	0.306	0.500	0.17	-0.51	-0.38
32.992	-0.140	0.307	0.500	0.18	-0.51	-0.38
33.000	-0.141	0.309	0.500	0.18	-0.51	-0.38
33.008	-0.142	0.310	0.500	0.18	-0.51	-0.38
33.016	-0.143	0.311	0.500	0.18	-0.51	-0.38
33.024	-0.144	0.312	0.500	0.18	-0.51	-0.38
33.032	-0.145	0.314	0.500	0.18	-0.51	-0.38
33.040	-0.146	0.315	0.500	0.19	-0.51	-0.38
33.048	-0.147	0.316	0.500	0.19	-0.50	-0.38
33.056	-0.148	0.317	0.500	0.19	-0.50	-0.38
33.064	-0.150	0.319	0.500	0.19	-0.50	-0.38
33.072	-0.151	0.320	0.500	0.19	-0.50	-0.38
33.080	-0.152	0.321	0.500	0.19	-0.50	-0.38
33.088	-0.153	0.322	0.500	0.20	-0.50	-0.38
33.096	-0.154	0.323	0.500	0.20	-0.50	-0.38
33.104	-0.155	0.325	0.500	0.20	-0.50	-0.38
33.112	-0.156	0.326	0.500	0.20	-0.50	-0.38
33.120	-0.157	0.327	0.500	0.20	-0.50	-0.38
33.128	-0.158	0.328	0.500	0.20	-0.50	-0.38
33.136	-0.159	0.329	0.500	0.21	-0.50	-0.38
33.144	-0.160	0.331	0.500	0.21	-0.50	-0.38
33.152	-0.162	0.332	0.500	0.21	-0.50	-0.38
33.160	-0.163	0.333	0.500	0.21	-0.50	-0.38
33.168	-0.164	0.334	0.500	0.21	-0.49	-0.38
33.176	-0.165	0.335	0.500	0.21	-0.49	-0.38
33.184	-0.166	0.337	0.500	0.22	-0.49	-0.38
33.192	-0.167	0.338	0.500	0.22	-0.49	-0.38
33.200	-0.168	0.339	0.500	0.22	-0.49	-0.38
33.208	-0.170	0.340	0.500	0.22	-0.49	-0.38
33.216	-0.171	0.341	0.500	0.22	-0.49	-0.38
33.224	-0.172	0.342	0.500	0.22	-0.49	-0.38
33.232	-0.173	0.344	0.500	0.23	-0.49	-0.38
33.240	-0.174	0.345	0.500	0.23	-0.49	-0.38
33.248	-0.175	0.346	0.500	0.23	-0.49	-0.38
33.256	-0.177	0.347	0.500	0.23	-0.49	-0.38
33.264	-0.178	0.348	0.500	0.23	-0.49	-0.38
33.272	-0.179	0.349	0.500	0.23	-0.48	-0.38
33.280	-0.180	0.350	0.500	0.24	-0.48	-0.38
33.288	-0.181	0.352	0.500	0.24	-0.48	-0.38
33.296	-0.182	0.353	0.500	0.24	-0.48	-0.38
33.304	-0.184	0.354	0.500	0.24	-0.48	-0.38
33.312	-0.185	0.355	0.500	0.24	-0.48	-0.38
33.320	-0.186	0.356	0.500	0.24	-0.48	-0.38
33.328	-0.187	0.357	0.500	0.24	-0.48	-0.38
33.336	-0.188	0.358	0.500	0.25	-0.48	-0.38
33.344	-0.190	0.359	0.500	0.25	-0.48	-0.38
33.352	-0.191	0.361	0.500	0.25	-0.48	-0.38
33.360	-0.192	0.362	0.500	0.25	-0.48	-0.38
33.368	-0.193	0.363	0.500	0.25	-0.48	-0.38
33.376	-0.195	0.364	0.500	0.25	-0.47	-0.38
33.384	-0.196	0.365	0.500	0.26	-0.47	-0.38
33.392	-0.197	0.366	0.500	0.26	-0.47	-0.38
33.400	-0.198	0.367	0.500	0.26	-0.47	-0.38
33.408	-0.199	0.368	0.500	0.26	-0.47	-0.38
33.416	-0.201	0.369	0.500	0.26	-0.47	-0.38
33.424	-0.202	0.370	0.500	0.26	-0.47	-0.38
33.432	-0.203	0.371	0.500	0.27	-0.47	-0.38
33.440	-0.204	0.372	0.500	0.27	-0.47	-0.38
33.448	-0.206	0.373	0.500	0.27	-0.47	-0.38
33.456	-0.207	0.374	0.500	0.27	-0.47	-0.38
33.464	-0.208	0.375	0.500	0.27	-0.46	-0.38
33.472	-0.210	0.376	0.500	0.27	-0.46	-0.38
33.480	-0.211	0.377	0.500	0.28	-0.46	-0.38
33.488	-0.212	0.379	0.500	0.28	-0.46	-0.38
33.496	-0.213	0.380	0.500	0.28	-0.46	-0.38
33.504	-0.215	0.381	0.500	0.28	-0.46	-0.38
33.512	-0.216	0.382	0.500	0.28	-0.46	-0.38
33.520	-0.217	0.383	0.500	0.28	-0.46	-0.38
33.528	-0.218	0.384	0.500	0.28	-0.46	-0.38
33.536	-0.220	0.385	0.500	0.29	-0.46	-0.38
33.544	-0.221	0.386	0.500	0.29	-0.46	-0.38
33.552	-0.222	0.387	0.500	0.29	-0.45	-0.38
33.560	-0.224	0.388	0.500	0.29	-0.45	-0.38
33.568	-0.225	0.389	0.500	0.29	-0.45	-0.38
33.576	-0.226	0.390	0.500	0.29	-0.45	-0.38
33.584	-0.228	0.390	0.500	0.29	-0.45	-0.38
33.592	-0.229	0.391	0.500	0.30	-0.45	-0.38
33.600	-0.230	0.392	0.500	0.30	-0.45	-0.38
33.608	-0.232	0.393	0.500	0.30	-0.45	-0.38
33.616	-0.233	0.394	0.500	0.30	-0.45	-0.38
33.624	-0.234	0.395	0.500	0.30	-0.45	-0.38
33.632	-0.236	0.396	0.500	0.30	-0.44	-0.38
33.640	-0.237	0.397	0.500	0.31	-0.44	-0.38
33.648	-0.238	0.398	0.500	0.31	-0.44	-0.38
33.656	-0.240	0.399	0.500	0.31	-0.44	-0.38
33.664	-0.241	0.400	0.500	0.31	-0.44	-0.38
33.672	-0.242	0.401	0.500	0.31	-0.44	-0.38
33.680	-0.244	0.402	0.500	0.31	-0.44	-0.38
33.688	-0.245	0.403	0.500	0.31	-0.44	-0.38
33.696	-0.246	0.404	0.500	0.32	-0.44	-0.38
33.704	-0.248	0.405	0.500	0.32	-0.43	-0.38
33.712	-0.249	0.405	0.500	0.32	-0.43	-0.38
33.720	-0.250	0.406	0.500	0.32	-0.43	-0.38
33.728	-0.252	0.407	0.500	0.32	-0.43	-0.38
33.736	-0.253	0.408	0.500	0.32	-0.43	-0.38
33.744	-0.255	0.409	0.500	0.32	-0.43	-0.38
33.752	-0.256	0.410	0.500	0.33	-0.43	-0.38
33.760	-0.257	0.411	0.500	0.33	-0.43	-0.38
33.768	-0.259	0.412	0.500	0.33	-0.43	-0.38
33.776	-0.260	0.412	0.500	0.33	-0.43	-0.38
33.784	-0.262	0.413	0.500	0.33	-0.42	-0.38
33.792	-0.263	0.414	0.500	0.33	-0.42	-0.38
33.800	-0.264	0.415	0.500	0.33	-0.42	-0.38
33.808	-0.266	0.416	0.500	0.34	-0.42	-0.38
33.816	-0.267	0.417	0.500	0.34	-0.42	-0.38
33.824	-0.269	0.418	0.500	0.34	-0.42	-0.38
33.832	-0.270	0.418	0.500	0.34	-0.42	-0.38
33.840	-0.271	0.419	0.500	0.34	-0.42	-0.38
33.848	-0.273	0.420	0.500	0.34	-0.41	-0.38
33.856	-0.274	0.421	0.500	0.34	-0.41	-0.38
33.864	-0.276	0.422	0.500	0.35	-0.41	-0.38
33.872	-0.277	0.422	0.500	0.35	-0.41	-0.38
33.880	-0.278	0.423	0.500	0.35	-0.41	-0.38
33.888	-0.280	0.424	0.500	0.35	-0.41	-0.38
33.896	-0.281	0.425	0.500	0.35	-0.41	-0.38
33.904	-0.283	0.426	0.500	0.35	-0.41	-0.38
33.912	-0.284	0.426	0.500	0.35	-0.41	-0.38
33.920	-0.286	0.427	0.500	0.36	-0.40	-0.38
33.928	-0.287	0.428	0.500	0.36	-0.40	-0.38
33.936	-0.289	0.429	0.500	0.36	-0.40	-0.38
33.944	-0.290	0.429	0.500	0.36	-0.40	-0.38
33.952	-0.291	0.430	0.500	0.36	-0.40	-0.38
33.960	-0.293	0.431	0.500	0.36	-0.40	-0.38
33.968	-0.294	0.432	0.500	0.36	-0.40	-0.38
33.976	-0.296	0.432	0.500	0.36	-0.40	-0.38
33.984	-0.297	0.433	0.500	0.37	-0.39	-0.38
33.992	-0.299	0.434	0.500	0.37	-0.39	-0.38
34.000	-0.300	0.435	0.500	0.37	-0.39	-0.38
34.008	-0.302	0.435	0.500	0.37	-0.39	-0.38
34.016	-0.303	0.436	0.500	0.37	-0.39	-0.38
34.024	-0.305	0.437	0.500	0.37	-0.39	-0.38
34.032	-0.306	0.438	0.500	0.37	-0.39	-0.38
34.040	-0.308	0.438	0.500	0.38	-0.39	-0.38
34.048	-0.309	0.439	0.500	0.38	-0.38	-0.38
34.056	-0.310	0.440	0.500	0.38	-0.38	-0.38
34.064	-0.312	0.440	0.500	0.38	-0.38	-0.38
34.072	-0.313	0.441	0.500	0.38	-0.38	-0.38
34.080	-0.315	0.442	0.500	0.38	-0.38	-0.38
34.088	-0.316	0.442	0.500	0.38	-0.38	-0.38
34.096	-0.318	0.443	0.500	0.38	-0.38	-0.38
34.104	-0.319	0.444	0.500	0.39	-0.38	-0.38
34.112	-0.321	0.444	0.500	0.39	-0.37	-0.38
34.120	-0.322	0.445	0.500	0.39	-0.37	-0.38
34.128	-0.324	0.446	0.500	0.39	-0.37	-0.38
34.136	-0.325	0.446	0.500	0.39	-0.37	-0.38
34.144	-0.327	0.447	0.500	0.39	-0.37	-0.38
34.152	-0.328	0.448	0.500	0.39	-0.37	-0.38
34.160	-0.330	0.448	0.500	0.39	-0.37	-0.38
34.168	-0.331	0.449	0.500	0.40	-0.37	-0.38
34.176	-0.333	0.449	0.500	0.40	-0.36	-0.38
34.184	-0.334	0.450	0.500	0.40	-0.36	-0.38
34.192	-0.336	0.451	0.500	0.40	-0.36	-0.38
34.200	-0.338	0.451	0.500	0.40	-0.36	-0.38
34.208	-0.339	0.452	0.500	0.40	-0.36	-0.38
34.216	-0.341	0.452	0.500	0.40	-0.36	-0.38
34.224	-0.342	0.453	0.500	0.40	-0.36	-0.38
34.232	-0.344	0.454	0.500	0.41	-0.35	-0.38
34.240	-0.345	0.454	0.500	0.41	-0.35	-0.38
34.248	-0.347	0.455	0.500	0.41	-0.35	-0.38
34.256	-0.348	0.455	0.500	0.41	-0.35	-0.38
34.264	-0.350	0.456	0.500	0.41	-0.35	-0.38
34.272	-0.351	0.456	0.500	0.41	-0.35	-0.38
34.280	-0.353	0.457	0.500	0.41	-0.35	-0.38
34.288	-0.354	0.457	0.500	0.41	-0.34	-0.38
34.296	-0.356	0.458	0.500	0.41	-0.34	-0.38
34.304	-0.357	0.459	0.500	0.42	-0.34	-0.38
34.312	-0.359	0.459	0.500	0.42	-0.34	-0.38
34.320	-0.361	0.460	0.500	0.42	-0.34	-0.38
34.328	-0.362	0.460	0.500	0.42	-0.34	-0.38
34.336	-0.364	0.461	0.500	0.42	-0.34	-0.38
34.344	-0.365	0.461	0.500	0.42	-0.34	-0.38
34.352	-0.367	0.462	0.500	0.42	-0.33	-0.38
34.360	-0.368	0.462	0.500	0.42	-0.33	-0.38
34.368	-0.370	0.463	0.500	0.42	-0.33	-0.38
34.376	-0.371	0.463	0.500	0.43	-0.33	-0.38
34.384	-0.373	0.464	0.500	0.43	-0.33	-0.38
34.392	-0.375	0.464	0.500	0.43	-0.33	-0.38
34.400	-0.376	0.465	0.500	0.43	-0.33	-0.38
34.408	-0.378	0.465	0.500	0.43	-0.32	-0.38
34.416	-0.379	0.465	0.500	0.43	-0.32	-0.38
34.424	-0.381	0.466	0.500	0.43	-0.32	-0.38
34.432	-0.382	0.466	0.500	0.43	-0.32	-0.38
34.440	-0.384	0.467	0.500	0.43	-0.32	-0.38
34.448	-0.386	0.467	0.500	0.44	-0.32	-0.38
34.456	-0.387	0.468	0.500	0.44	-0.32	-0.38
34.464	-0.389	0.468	0.500	0.44	-0.31	-0.38
34.472	-0.390	0.469	0.500	0.44	-0.31	-0.38
34.480	-0.392	0.469	0.500	0.44	-0.31	-0.38
34.488	-0.393	0.469	0.500	0.44	-0.31	-0.38
34.496	-0.395	0.470	0.500	0.44	-0.31	-0.38
34.504	-0.397	0.470	0.500	0.44	-0.31	-0.38
34.512	-0.398	0.471	0.500	0.44	-0.30	-0.38
34.520	-0.400	0.471	0.500	0.44	-0.30	-0.38
34.528	-0.401	0.471	0.500	0.45	-0.30	-0.38
34.536	-0.403	0.472	0.500	0.45	-0.30	-0.38
34.544	-0.405	0.472	0.500	0.45	-0.30	-0.38
34.552	-0.406	0.472	0.500	0.45	-0.30	-0.38
34.560	-0.408	0.473	0.500	0.45	-0.30	-0.38
34.568	-0.409	0.473	0.500	0.45	-0.29	-0.38
34.576	-0.411	0.474	0.500	0.45	-0.29	-0.38
34.584	-0.412	0.474	0.500	0.45	-0.29	-0.38
34.592	-0.414	0.474	0.500	0.45	-0.29	-0.38
34.600	-0.416	0.475	0.500	0.45	-0.29	-0.38
34.608	-0.417	0.475	0.500	0.46	-0.29	-0.38
34.616	-0.419	0.475	0.500	0.46	-0.29	-0.38
34.624	-0.420	0.476	0.500	0.46	-0.28	-0.38
34.632	-0.422	0.476	0.500	0.46	-0.28	-0.38
34.640	-0.424	0.476	0.500	0.46	-0.28	-0.38
34.648	-0.425	0.476	0.500	0.46	-0.28	-0.38
34.656	-0.427	0.477	0.500	0.46	-0.28	-0.38
34.664	-0.429	0.477	0.500	0.46	-0.28	-0.38
34.672	-0.430	0.477	0.500	0.46	-0.27	-0.38
34.680	-0.432	0.478	0.500	0.46	-0.27	-0.38
34.688	-0.433	0.478	0.500	0.47	-0.27	-0.38
34.696	-0.435	0.478	0.500	0.47	-0.27	-0.38
34.704	-0.437	0.478	0.500	0.47	-0.27	-0.38
34.712	-0.438	0.479	0.500	0.47	-0.27	-0.38
34.720	-0.440	0.479	0.500	0.47	-0.26	-0.38
34.728	-0.441	0.479	0.500	0.47	-0.26	-0.38
34.736	-0.443	0.479	0.500	0.47	-0.26	-0.38
34.744	-0.445	0.480	0.500	0.47	-0.26	-0.38
34.752	-0.446	0.480	0.500	0.47	-0.26	-0.38
34.760	-0.448	0.480	0.500	0.47	-0.26	-0.38
34.768	-0.449	0.480	0.500	0.47	-0.26	-0.38
34.776	-0.451	0.481	0.500	0.47	-0.25	-0.38
34.784	-0.453	0.481	0.500	0.48	-0.25	-0.38
34.792	-0.454	0.481	0.500	0.48	-0.25	-0.38
34.800	-0.456	0.481	0.500	0.48	-0.25	-0.38
34.808	-0.458	0.481	0.500	0.48	-0.25	-0.38
34.816	-0.459	0.482	0.500	0.48	-0.25	-0.38
34.824	-0.461	0.482	0.500	0.48	-0.24	-0.38
34.832	-0.462	0.482	0.500	0.48	-0.24	-0.38
34.840	-0.464	0.482	0.500	0.48	-0.24	-0.38
34.848	-0.466	0.482	0.500	0.48	-0.24	-0.38
34.856	-0.467	0.482	0.500	0.48	-0.24	-0.38
34.864	-0.469	0.483	0.500	0.48	-0.24	-0.38
34.872	-0.471	0.483	0.500	0.48	-0.23	-0.38
34.880	-0.472	0.483	0.500	0.49	-0.23	-0.38
34.888	-0.474	0.483	0.500	0.49	-0.23	-0.38
34.896	-0.475	0.483	0.500	0.49	-0.23	-0.38
34.904	-0.477	0.483	0.500	0.49	-0.23	-0.38
34.912	-0.479	0.483	0.500	0.49	-0.23	-0.38
34.920	-0.480	0.484	0.500	0.49	-0.22	-0.38
34.928	-0.482	0.484	0.500	0.49	-0.22	-0.38
34.936	-0.484	0.484	0.500	0.49	-0.22	-0.38
34.944	-0.485	0.484	0.500	0.49	-0.22	-0.38
34.952	-0.487	0.484	0.500	0.49	-0.22	-0.38
34.960	-0.488	0.484	0.500	0.49	-0.22	-0.38
34.968	-0.490	0.484	0.500	0.49	-0.21	-0.38
34.976	-0.492	0.484	0.500	0.49	-0.21	-0.38
34.984	-0.493	0.484	0.500	0.50	-0.21	-0.38
34.992	-0.495	0.484	0.500	0.50	-0.21	-0.38
35.000	-0.497	0.484	0.500	0.50	-0.21	-0.38
35.008	-0.498	0.485	0.500	0.50	-0.21	-0.38
35.016	-0.500	0.485	0.500	0.50	-0.20	-0.38
35.024	-0.502	0.485	0.500	0.50	-0.20	-0.38
35.032	-0.503	0.485	0.500	0.50	-0.20	-0.38
35.040	-0.505	0.485	0.500	0.50	-0.20	-0.38
35.048	-0.506	0.485	0.500	0.50	-0.20	-0.38
35.056	-0.508	0.485	0.500	0.50	-0.20	-0.38
35.064	-0.510	0.485	0.500	0.50	-0.19	-0.38
35.072	-0.511	0.485	0.500	0.50	-0.19	-0.38
35.080	-0.513	0.485	0.500	0.50	-0.19	-0.38
35.088	-0.515	0.485	0.500	0.50	-0.19	-0.38
35.096	-0.516	0.485	0.500	0.50	-0.19	-0.38
35.104	-0.518	0.485	0.500	0.51	-0.19	-0.38
35.112	-0.519	0.485	0.500	0.51	-0.18	-0.38
35.120	-0.521	0.485	0.500	0.51	-0.18	-0.38
35.128	-0.523	0.485	0.500	0.51	-0.18	-0.38
35.136	-0.524	0.485	0.500	0.51	-0.18	-0.38
35.144	-0.526	0.485	0.500	0.51	-0.18	-0.38
35.152	-0.528	0.485	0.500	0.51	-0.18	-0.38
35.160	-0.529	0.485	0.500	0.51	-0.17	-0.38
35.168	-0.531	0.485	0.500	0.51	-0.17	-0.38
35.176	-0.533	0.484	0.500	0.51	-0.17	-0.38
35.184	-0.534	0.484	0.500	0.51	-0.17	-0.38
35.192	-0.536	0.484	0.500	0.51	-0.17	-0.38
35.200	-0.537	0.484	0.500	0.51	-0.17	-0.38
35.208	-0.539	0.484	0.500	0.51	-0.16	-0.38
35.216	-0.541	0.484	0.500	0.51	-0.16	-0.38
35.224	-0.542	0.484	0.500	0.51	-0.16	-0.38
35.232	-0.544	0.484	0.500	0.51	-0.16	-0.38
35.240	-0.546	0.484	0.500	0.52	-0.16	-0.38
35.248	-0.547	0.484	0.500	0.52	-0.16	-0.38
35.256	-0.549	0.484	0.500	0.52	-0.15	-0.38
35.264	-0.550	0.483	0.500	0.52	-0.15	-0.38
35.272	-0.552	0.483	0.500	0.52	-0.15	-0.38
35.280	-0.554	0.483	0.500	0.52	-0.15	-0.38
35.288	-0.555	0.483	0.500	0.52	-0.15	-0.38
35.296	-0.557	0.483	0.500	0.52	-0.15	-0.38
35.304	-0.559	0.483	0.500	0.52	-0.14	-0.38
35.312	-0.560	0.483	0.500	0.52	-0.14	-0.38
35.320	-0.562	0.482	0.500	0.52	-0.14	-0.38
35.328	-0.563	0.482	0.500	0.52	-0.14	-0.38
35.336	-0.565	0.482	0.500	0.52	-0.14	-0.38
35.344	-0.567	0.482	0.500	0.52	-0.13	-0.38
35.352	-0.568	0.482	0.500	0.52	-0.13	-0.38
35.360	-0.570	0.482	0.500	0.52	-0.13	-0.38
35.368	-0.572	0.481	0.500	0.52	-0.13	-0.38
35.376	-0.573	0.481	0.500	0.52	-0.13	-0.38
35.384	-0.575	0.481	0.500	0.52	-0.13	-0.38
35.392	-0.576	0.481	0.500	0.52	-0.12	-0.38
35.400	-0.578	0.481	0.500	0.52	-0.12	-0.38
35.408	-0.580	0.480	0.500	0.52	-0.12	-0.38
35.416	-0.581	0.480	0.500	0.53	-0.12	-0.38
35.424	-0.583	0.480	0.500	0.53	-0.12	-0.38
35.432	-0.585	0.480	0.500	0.53	-0.12	-0.38
35.440	-0.586	0.479	0.500	0.53	-0.11	-0.38
35.448	-0.588	0.479	0.500	0.53	-0.11	-0.38
35.456	-0.589	0.479	0.500	0.53	-0.11	-0.38
35.464	-0.591	0.479	0.500	0.53	-0.11	-0.38
35.472	-0.593	0.478	0.500	0.53	-0.11	-0.38
35.480	-0.594	0.478	0.500	0.53	-0.10	-0.38
35.488	-0.596	0.478	0.500	0.53	-0.10	-0.38
35.496	-0.597	0.478	0.500	0.53	-0.10	-0.38
35.504	-0.599	0.477	0.500	0.53	-0.10	-0.38
35.512	-0.601	0.477	0.500	0.53	-0.10	-0.38
35.520	-0.602	0.477	0.500	0.53	-0.10	-0.38
35.528	-0.604	0.476	0.500	0.53	-0.09	-0.38
35.536	-0.605	0.476	0.500	0.53	-0.09	-0.38
35.544	-0.607	0.476	0.500	0.53	-0.09	-0.38
35.552	-0.609	0.476	0.500	0.53	-0.09	-0.38
35.560	-0.610	0.475	0.500	0.53	-0.09	-0.38
35.568	-0.612	0.475	0.500	0.53	-0.09	-0.38
35.576	-0.613	0.475	0.500	0.53	-0.08	-0.38
35.584	-0.615	0.474	0.500	0.53	-0.08	-0.38
35.592	-0.617	0.474	0.500	0.53	-0.08	-0.38
35.600	-0.618	0.474	0.500	0.53	-0.08	-0.38
35.608	-0.620	0.473	0.500	0.53	-0.08	-0.38
35.616	-0.621	0.473	0.500	0.53	-0.07	-0.38
